<?xml version="1.0" encoding="UTF-8" ?><!DOCTYPE dokumente SYSTEM "http://www.gesetze-im-internet.de/dtd/1.01/gii-norm.dtd">
<dokumente builddate="20140213221007" doknr="BJNR213420908"><norm builddate="20140213221007" doknr="BJNR213420908"><metadaten><jurabk>GemAusfOAbkHaag</jurabk><ausfertigung-datum manuell="ja">2008-12-05</ausfertigung-datum><fundstelle typ="amtlich"><periodikum>BGBl II</periodikum><zitstelle>2008, 1341</zitstelle></fundstelle><langue>Gemeinsame Ausführungsordnung zu den Fassungen des Haager Abkommens von 1999, 1960 und 1934</langue></metadaten><textdaten/></norm>
</dokumente>