<?xml version="1.0" encoding="UTF-8" ?><!DOCTYPE dokumente SYSTEM "http://www.gesetze-im-internet.de/dtd/1.01/gii-norm.dtd">
<dokumente builddate="20170714215509" doknr="BJNR230300017"><norm builddate="20170714215509" doknr="BJNR230300017"><metadaten><jurabk>BfArMWidVertrAnO</jurabk><amtabk>BfArMWidVertrAnO</amtabk><ausfertigung-datum manuell="ja">2017-06-30</ausfertigung-datum><fundstelle typ="amtlich"><periodikum>BGBl I</periodikum><zitstelle>2017, 2303</zitstelle></fundstelle><langue>Anordnung zur Übertragung der Zuständigkeit für den Erlass von Widerspruchsbescheiden und der Vertretung bei Klagen von Beamten des Bundesinstituts für Arzneimittel und Medizinprodukte in Angelegenheiten des Reisekosten-, Umzugskosten- und Trennungsgeldrechts</langue></metadaten><textdaten><fussnoten><Content><P><BR/> <pre xml:space="preserve">(+++ Textnachweis ab: 1.6.2017 +++)<BR/><BR/></pre></P></Content></fussnoten></textdaten></norm>
<norm builddate="20170714215509" doknr="BJNR230300017BJNE000100000"><metadaten><jurabk>BfArMWidVertrAnO</jurabk><enbez>Eingangsformel</enbez></metadaten><textdaten><text format="XML"><Content><P>Nach § 126 Absatz 3 Satz 2 und § 127 Absatz 3 Satz 1 des Bundesbeamtengesetzes vom 5. Februar 2009 (BGBl. I S. 160) ordnet das Bundesministerium für Gesundheit an:</P></Content></text></textdaten></norm>
<norm builddate="20170714215509" doknr="BJNR230300017BJNE000200000"><metadaten><jurabk>BfArMWidVertrAnO</jurabk><enbez>§ 1</enbez><titel format="XML">Erlass von Widerspruchsbescheiden</titel></metadaten><textdaten><text format="XML"><Content><P>Dem Bundesverwaltungsamt wird die Zuständigkeit für den Erlass von Widerspruchsbescheiden übertragen, soweit es sich um Widersprüche von Beamten des Bundesinstituts für Arzneimittel und Medizinprodukte in Angelegenheiten des Reisekosten-, Umzugskosten- und Trennungsgeldrechts handelt und das Bundesverwaltungsamt für die Maßnahme zuständig war.</P></Content></text></textdaten></norm>
<norm builddate="20170714215509" doknr="BJNR230300017BJNE000300000"><metadaten><jurabk>BfArMWidVertrAnO</jurabk><enbez>§ 2</enbez><titel format="XML">Vertretung bei Klagen</titel></metadaten><textdaten><text format="XML"><Content><P>Dem Präsidenten des Bundesverwaltungsamtes wird die Vertretung des Bundesministeriums für Gesundheit bei verwaltungsgerichtlichen Verfahren in Angelegenheiten des Reisekosten-, Umzugskosten- und Trennungsgeldrechts übertragen. Das Bundesministerium für Gesundheit kann im Einzelfall die Vertretung selbst übernehmen.</P></Content></text></textdaten></norm>
<norm builddate="20170714215509" doknr="BJNR230300017BJNE000400000"><metadaten><jurabk>BfArMWidVertrAnO</jurabk><enbez>§ 3</enbez><titel format="XML">Inkrafttreten, Außerkrafttreten</titel></metadaten><textdaten><text format="XML"><Content><P>Diese Anordnung tritt mit Wirkung vom 1. Juni 2017 in Kraft. Gleichzeitig tritt die Anordnung zur Übertragung von Zuständigkeiten für den Erlass von Widerspruchsbescheiden und die Vertretung des Dienstherrn bei Klagen von Beschäftigten des Bundesinstituts für Arzneimittel und Medizinprodukte in Angelegenheiten nach dem Bundesreisekostengesetz und dem Bundesumzugskostengesetz einschließlich der hierzu ergangenen Trennungsgeldverordnung vom 21. April 2006 (BGBl. I S. 1110) außer Kraft.</P></Content></text></textdaten></norm>
</dokumente>