<?xml version="1.0" encoding="UTF-8" ?><!DOCTYPE dokumente SYSTEM "http://www.gesetze-im-internet.de/dtd/1.01/gii-norm.dtd">
<dokumente builddate="20130405132101" doknr="BJNR209300011"><norm builddate="20130405132101" doknr="BJNR209300011"><metadaten><jurabk>RBBek 2012</jurabk><ausfertigung-datum manuell="ja">2011-10-20</ausfertigung-datum><fundstelle typ="amtlich"><periodikum>BGBl I</periodikum><zitstelle>2011, 2093</zitstelle></fundstelle><langue>Bekanntmachung über die Höhe der Regelbedarfe nach § 20 Absatz 5 des Zweiten Buches Sozialgesetzbuch für die Zeit ab 1. Januar 2012</langue></metadaten><textdaten><fussnoten><Content><P><BR/> <pre xml:space="preserve">(+++ Textnachweis ab: 26.10.2011 +++)</pre></P></Content></fussnoten></textdaten></norm>
<norm builddate="20130405132101" doknr="BJNR209300011BJNE000100000"><metadaten><jurabk>RBBek 2012</jurabk><enbez>(XXXX)</enbez></metadaten><textdaten><text format="XML"><Content><P>Nach § 20 Absatz 5 Satz 3 des Zweiten Buches Sozialgesetzbuch – Grundsicherung für Arbeitsuchende – in der Fassung der Bekanntmachung vom 13. Mai 2011 (BGBl. I S. 850) wird hiermit Folgendes bekannt gemacht:</P><P>Als Regelbedarfe nach § 20 Absatz 2 bis 4 sowie nach § 23 Nummer 1 des Zweiten Buches Sozialgesetzbuch (SGB II) werden für die Zeit ab 1. Januar 2012 anerkannt: <DL Type="arabic"><DT>1.</DT><DD Font="normal"><LA>für eine Person, die alleinstehend oder alleinerziehend ist oder deren Partnerin oder Partner minderjährig ist, monatlich 374 Euro (§ 20 Absatz 2 Satz 1 SGB II);</LA></DD><DT>2.</DT><DD Font="normal"><LA>für sonstige erwerbsfähige Angehörige der Bedarfsgemeinschaft, sofern sie das 18. Lebensjahr noch nicht vollendet haben, monatlich 287 Euro (§ 20 Absatz 2 Satz 2 Nummer 1 in Verbindung mit § 77 Absatz 4 Nummer 1 SGB II);</LA></DD><DT>3.</DT><DD Font="normal"><LA>für sonstige erwerbsfähige Angehörige der Bedarfsgemeinschaft, sofern sie das 18. Lebensjahr vollendet haben, sowie für Personen, die das 25. Lebensjahr noch nicht vollendet haben und ohne Zusicherung des zuständigen kommunalen Trägers nach § 22 Absatz 5 umziehen, bis zur Vollendung des 25. Lebensjahres, monatlich 299 Euro (§ 20 Absatz 2 Satz 2 Nummer 2 und § 20 Absatz 3 SGB II);</LA></DD><DT>4.</DT><DD Font="normal"><LA>für zwei Partner der Bedarfsgemeinschaft, die das 18. Lebensjahr vollendet haben, für jede dieser Personen ein Betrag in Höhe von monatlich 337 Euro (§ 20 Absatz 4 SGB II);</LA></DD><DT>5.</DT><DD Font="normal"><LA>für eine Person bis zur Vollendung des sechsten Lebensjahres monatlich 219 Euro (§ 23 Nummer 1 erste Alternative SGB II);</LA></DD><DT>6.</DT><DD Font="normal"><LA>für eine Person vom Beginn des siebten bis zur Vollendung des 14. Lebensjahres monatlich 251 Euro (§ 23 Nummer 1 zweite Alternative in Verbindung mit § 77 Absatz 4 Nummer 3 SGB II);</LA></DD><DT>7.</DT><DD Font="normal"><LA>für Leistungsberechtigte im 15. Lebensjahr monatlich 287 Euro (§ 23 Nummer 1 dritte Alternative in Verbindung mit § 77 Absatz 4 Nummer 4 SGB II).</LA></DD></DL></P></Content></text></textdaten></norm>
<norm builddate="20130405132101" doknr="BJNR209300011BJNE000200000"><metadaten><jurabk>RBBek 2012</jurabk><enbez>Schlussformel</enbez></metadaten><textdaten><text format="XML"><Content><P><SP>Bundesministerium für Arbeit und Soziales</SP></P></Content></text></textdaten></norm>
</dokumente>