<?xml version="1.0" encoding="UTF-8" ?><!DOCTYPE dokumente SYSTEM "http://www.gesetze-im-internet.de/dtd/1.01/gii-norm.dtd">
<dokumente builddate="20220201213021" doknr="BJNR115200006"><norm builddate="20220201213021" doknr="BJNR115200006"><metadaten><jurabk>BuchBMstrV 2006</jurabk><amtabk>BuchBMstrV</amtabk><ausfertigung-datum manuell="ja">2006-05-05</ausfertigung-datum><fundstelle typ="amtlich"><periodikum>BGBl I</periodikum><zitstelle>2006, 1152</zitstelle></fundstelle><kurzue>Buchbindermeisterverordnung</kurzue><langue>Verordnung über das Meisterprüfungsberufsbild und über die 
Prüfungsanforderungen in den Teilen I und II der Meisterprüfung im 
Buchbinder-Handwerk</langue><standangabe checked="ja"><standtyp>Stand</standtyp><standkommentar>Zuletzt geändert durch Art. 2 Abs. 52 V v. 18.1.2022 I 39</standkommentar></standangabe></metadaten><textdaten><text format="XML"><Content><P/></Content></text><fussnoten><Content><P><BR/> <pre xml:space="preserve">(+++ Textnachweis ab: 1.9.2006 +++)<BR/>(+++ Zur Anwendung vgl. § 10 +++)<BR/><BR/></pre></P></Content></fussnoten></textdaten></norm>
<norm builddate="20220201213021" doknr="BJNR115200006BJNE000100000"><metadaten><jurabk>BuchBMstrV 2006</jurabk><jurabk>BuchBMstrV</jurabk><enbez>Eingangsformel</enbez></metadaten><textdaten><text format="XML"><Content><P>Auf Grund des § 51a Abs. 2 in Verbindung mit Abs. 1 der Handwerksordnung in der Fassung der Bekanntmachung vom 24. September 1998 (BGBl. I S. 3074), der durch Artikel 2 Nr. 24 des Gesetzes vom 23. März 2005 (BGBl. I S. 931) geändert worden ist, in Verbindung mit § 1 Abs. 2 des Zuständigkeitsanpassungsgesetzes vom 16. August 2002 (BGBl. I S. 3165) und dem Organisationserlass vom 22. November 2005 (BGBl. I S. 3197) verordnet das Bundesministerium für Wirtschaft und Technologie im Einvernehmen mit dem Bundesministerium für Bildung und Forschung:</P></Content></text></textdaten></norm>
<norm builddate="20220201213021" doknr="BJNR115200006BJNE000200000"><metadaten><jurabk>BuchBMstrV 2006</jurabk><jurabk>BuchBMstrV</jurabk><enbez>§ 1</enbez><titel format="parat">Gliederung und Inhalt der Meisterprüfung</titel></metadaten><textdaten><text format="XML"><Content><P>Die Meisterprüfung im zulassungsfreien Buchbinder-Handwerk umfasst folgende selbständige Prüfungsteile: <DL Font="normal" Type="arabic"><DT>1.</DT><DD Font="normal"><LA Size="normal">die Prüfung der meisterhaften Verrichtung der Tätigkeiten (Teil I),</LA></DD> <DT>2.</DT><DD Font="normal"><LA Size="normal">die Prüfung der besonderen fachtheoretischen Kenntnisse (Teil II),</LA></DD> <DT>3.</DT><DD Font="normal"><LA Size="normal">die Prüfung der besonderen betriebswirtschaftlichen, kaufmännischen und rechtlichen Kenntnisse (Teil III) und</LA></DD> <DT>4.</DT><DD Font="normal"><LA Size="normal">die Prüfung der erforderlichen berufs- und arbeitspädagogischen Kenntnisse (Teil IV).</LA></DD> </DL></P></Content></text></textdaten></norm>
<norm builddate="20220201213021" doknr="BJNR115200006BJNE000300000"><metadaten><jurabk>BuchBMstrV 2006</jurabk><jurabk>BuchBMstrV</jurabk><enbez>§ 2</enbez><titel format="parat">Meisterprüfungsberufsbild</titel></metadaten><textdaten><text format="XML"><Content><P>(1) Durch die Meisterprüfung wird festgestellt, dass der Prüfling befähigt ist, einen Betrieb zu führen, technische, kaufmännische und personalwirtschaftliche Leitungsaufgaben wahrzunehmen, die Ausbildung durchzuführen und seine berufliche Handlungskompetenz eigenverantwortlich umzusetzen und an neue Bedarfslagen in diesen Bereichen anzupassen.</P><P>(2) Im Buchbinder-Handwerk sind zum Zwecke der Meisterprüfung folgende Fertigkeiten und Kenntnisse als ganzheitliche Qualifikationen zu berücksichtigen: <DL Font="normal" Type="arabic"><DT>1.</DT><DD Font="normal"><LA Size="normal">Kundenwünsche ermitteln, Kunden beraten, Serviceleistungen anbieten, Auftragsverhandlungen führen und Auftragsziele festlegen, Leistungen kalkulieren und Angebote erstellen, Verträge schließen,</LA></DD> <DT>2.</DT><DD Font="normal"><LA Size="normal">Aufgaben der technischen, kaufmännischen und personalwirtschaftlichen Betriebsführung wahrnehmen, insbesondere unter Berücksichtigung der Betriebsorganisation, der betrieblichen Aus- und Weiterbildung, des Qualitätsmanagements, der Haftungsvorschriften des Arbeitsschutzrechtes, des Datenschutzes, des Umweltschutzes sowie von Informations- und Kommunikationstechniken,</LA></DD> <DT>3.</DT><DD Font="normal"><LA Size="normal">Auftragsabwicklungsprozesse planen, organisieren, durchführen und überwachen,</LA></DD> <DT>4.</DT><DD Font="normal"><LA Size="normal">Aufträge durchführen, insbesondere unter Berücksichtigung von Fertigungs-, Veredelungs- und Instandsetzungstechniken sowie Gestaltungsaspekten, berufsbezogenen rechtlichen Vorschriften, technischen Normen und der allgemein anerkannten Regeln der Technik, Personal, Material und Geräten sowie Einsatzmöglichkeiten von Auszubildenden,</LA></DD> <DT>5.</DT><DD Font="normal"><LA Size="normal">Unteraufträge vergeben und kontrollieren,</LA></DD> <DT>6.</DT><DD Font="normal"><LA Size="normal">Konzepte für Betriebs- und Lagerausstattung sowie für logistische Prozesse entwickeln und umsetzen,</LA></DD> <DT>7.</DT><DD Font="normal"><LA Size="normal">Arbeitspläne, Skizzen und Zeichnungen unter Berücksichtigung arbeitstechnischer, werkstoffspezifischer, gestalterischer und historischer Gesichtspunkte, auch unter Einsatz von rechnergestützten Systemen, erstellen,</LA></DD> <DT>8.</DT><DD Font="normal"><LA Size="normal">Arten und Eigenschaften zu verarbeitender Werk-, Hilfs- und Betriebsstoffe, insbesondere von Papier, Karton, Pappe, Kunststoffen, Folien, Geweben, Klebstoffen, Leder und Pergament, bei der Planung, Konstruktion, Fertigung und Instandsetzung von Produkten der Buchbinderei berücksichtigen,</LA></DD> <DT>9.</DT><DD Font="normal"><LA Size="normal">Daten für die Produkterstellung ermitteln, aufbereiten und anwenden,</LA></DD> <DT>10.</DT><DD Font="normal"><LA Size="normal">manuelle und maschinelle Be- und Verarbeitungsverfahren, insbesondere unter Berücksichtigung von elektronischen, elektrotechnischen und mechanischen Steuerungs-, Füge- und Trenntechniken, beherrschen,</LA></DD> <DT>11.</DT><DD Font="normal"><LA Size="normal">Maschinen, Geräte und Werkzeuge, insbesondere Schneide-, Falz-, Heft-, Rill-, Ritz- und Stanzmaschinen sowie Pressen einrichten und auftragsbezogen einsetzen,</LA></DD> <DT>12.</DT><DD Font="normal"><LA Size="normal">Bücher, Behältnisse und Bildeinrahmungen unter Berücksichtigung kreativer Aspekte, insbesondere der Farben- und Formenlehre sowie der Stilkunde und historischer Techniken, entwerfen, herstellen und instand setzen; Druckerzeugnisse weiterverarbeiten,</LA></DD> <DT>13.</DT><DD Font="normal"><LA Size="normal">Leistungen abnehmen und dokumentieren sowie Nachkalkulation durchführen.</LA></DD> </DL></P></Content> </text></textdaten></norm>
<norm builddate="20220201213021" doknr="BJNR115200006BJNE000400000"><metadaten><jurabk>BuchBMstrV 2006</jurabk><jurabk>BuchBMstrV</jurabk><enbez>§ 3</enbez><titel format="parat">Gliederung des Teils I</titel></metadaten><textdaten><text format="XML"><Content><P>Der Teil I der Meisterprüfung umfasst folgende Prüfungsbereiche: <DL Font="normal" Type="arabic"><DT>1.</DT><DD Font="normal"><LA Size="normal">ein Meisterprüfungsprojekt und ein darauf bezogenes Fachgespräch,</LA></DD> <DT>2.</DT><DD Font="normal"><LA Size="normal">eine Situationsaufgabe.</LA></DD> </DL></P></Content></text></textdaten></norm>
<norm builddate="20220201213021" doknr="BJNR115200006BJNE000500000"><metadaten><jurabk>BuchBMstrV 2006</jurabk><jurabk>BuchBMstrV</jurabk><enbez>§ 4</enbez><titel format="parat">Meisterprüfungsprojekt</titel></metadaten><textdaten><text format="XML"><Content><P>(1) Der Prüfling hat ein Meisterprüfungsprojekt durchzuführen, das einem Kundenauftrag entspricht. Vorschläge des Prüflings für den Kundenauftrag sollen berücksichtigt werden. Die auftragsbezogenen Kundenanforderungen werden vom Meisterprüfungsausschuss festgelegt. Auf dieser Grundlage erarbeitet der Prüfling ein Umsetzungskonzept, einschließlich einer Zeit- und Materialbedarfsplanung. Dieses hat er vor der Durchführung des Meisterprüfungsprojekts dem Meisterprüfungsausschuss zur Genehmigung vorzulegen. Der Meisterprüfungsausschuss prüft, ob das Umsetzungskonzept den auftragsbezogenen Kundenanforderungen entspricht.</P><P>(2) Das Meisterprüfungsprojekt besteht aus Planungs-, Durchführungs- und Dokumentationsarbeiten.</P><P>(3) Als Meisterprüfungsprojekt ist ein Produkt der Buchbinderei zu entwerfen, zu planen und zu kalkulieren. Auf dieser Grundlage ist eine der folgenden Arbeiten durchzuführen und zu dokumentieren: <DL Font="normal" Type="arabic"><DT>1.</DT><DD Font="normal"><LA Size="normal">eine Einzelanfertigung oder</LA></DD> <DT>2.</DT><DD Font="normal"><LA Size="normal">eine Musterentwicklung oder</LA></DD> <DT>3.</DT><DD Font="normal"><LA Size="normal">eine maschinell gefertigte Buchbindearbeit oder</LA></DD> <DT>4.</DT><DD Font="normal"><LA Size="normal">eine Instandsetzung.</LA></DD> </DL> </P><P>(4) Für die Arbeiten nach Absatz 3 Nr. 1, 2 und 3 werden die Entwurfs-, Planungs- und Kalkulationsunterlagen mit 30 vom Hundert, die durchgeführten Arbeiten mit 60 vom Hundert und die Dokumentationsunterlagen mit 10 vom Hundert gewichtet. Für die Arbeit nach Absatz 3 Nr. 4 werden die Entwurfs-, Planungs- und Kalkulationsunterlagen mit 20 vom Hundert, die durchgeführten Arbeiten mit 50 vom Hundert und die Dokumentationsunterlagen mit 30 vom Hundert gewichtet.</P></Content>  </text></textdaten></norm>
<norm builddate="20220201213021" doknr="BJNR115200006BJNE000600000"><metadaten><jurabk>BuchBMstrV 2006</jurabk><jurabk>BuchBMstrV</jurabk><enbez>§ 5</enbez><titel format="parat">Fachgespräch</titel></metadaten><textdaten><text format="XML"><Content><P>Nach Durchführung des Meisterprüfungsprojekts ist hierüber das Fachgespräch zu führen. Dabei soll der Prüfling nachweisen, dass er die fachlichen Zusammenhänge aufzeigen kann, die dem Meisterprüfungsprojekt zugrunde liegen, den Ablauf des Meisterprüfungsprojekts begründen und mit dem Meisterprüfungsprojekt verbundene berufsbezogene Probleme sowie deren Lösungen darstellen kann und dabei in der Lage ist, neue Entwicklungen zu berücksichtigen.</P></Content></text></textdaten></norm>
<norm builddate="20220201213021" doknr="BJNR115200006BJNE000700000"><metadaten><jurabk>BuchBMstrV 2006</jurabk><jurabk>BuchBMstrV</jurabk><enbez>§ 6</enbez><titel format="parat">Situationsaufgabe</titel></metadaten><textdaten><text format="XML"><Content><P>(1) Die Situationsaufgabe ist auftragsorientiert und vervollständigt den Qualifikationsnachweis für die Meisterprüfung im Buchbinder-Handwerk. Die Aufgabenstellung erfolgt durch den Meisterprüfungsausschuss.</P><P>(2) Als Situationsaufgabe sind für einen vom Meisterprüfungsausschuss vorgegebenen Kundenauftrag drei unterschiedliche Maschinen einzurichten und jeweils ein Probelauf mit Musterfertigung auszuführen. Dafür kommen insbesondere in Betracht: <DL Font="normal" Type="arabic"><DT>1.</DT><DD Font="normal"><LA Size="normal">Planschneidemaschine,</LA></DD> <DT>2.</DT><DD Font="normal"><LA Size="normal">Falzmaschine,</LA></DD> <DT>3.</DT><DD Font="normal"><LA Size="normal">Buchfadenheftmaschine,</LA></DD> <DT>4.</DT><DD Font="normal"><LA Size="normal">Drahtheftmaschine oder Sammelhefter,</LA></DD> <DT>5.</DT><DD Font="normal"><LA Size="normal">Prägepresse,</LA></DD> <DT>6.</DT><DD Font="normal"><LA Size="normal">Rill-, Ritz- oder Stanzmaschine.</LA></DD> </DL> </P><P>(3) Die Gesamtbewertung der Situationsaufgabe wird aus dem arithmetischen Mittel der Einzelbewertungen nach Absatz 2 gebildet.</P></Content> </text></textdaten></norm>
<norm builddate="20220201213021" doknr="BJNR115200006BJNE000800000"><metadaten><jurabk>BuchBMstrV 2006</jurabk><jurabk>BuchBMstrV</jurabk><enbez>§ 7</enbez><titel format="parat">Prüfungsdauer und Bestehen des Teils I</titel></metadaten><textdaten><text format="XML"><Content><P>(1) Die Durchführung des Meisterprüfungsprojekts soll nicht länger als vier Arbeitstage, das Fachgespräch nicht länger als 30 Minuten und die Ausführung der Situationsaufgabe nicht länger als acht Stunden dauern.</P><P>(2) Meisterprüfungsprojekt, Fachgespräch und Situationsaufgabe werden gesondert bewertet. Die Prüfungsleistungen im Meisterprüfungsprojekt und im Fachgespräch werden im Verhältnis 3 : 1 gewichtet. Hieraus wird eine Gesamtbewertung gebildet. Diese Gesamtbewertung wird zum Prüfungsergebnis der Situationsaufgabe im Verhältnis 2 : 1 gewichtet.</P><P>(3) Mindestvoraussetzung für das Bestehen des Teils I der Meisterprüfung ist eine insgesamt ausreichende Prüfungsleistung, wobei die Prüfung weder im Meisterprüfungsprojekt noch im Fachgespräch noch in der Situationsaufgabe mit weniger als 30 Punkten bewertet worden sein darf.</P></Content>  </text></textdaten></norm>
<norm builddate="20220201213021" doknr="BJNR115200006BJNE000901360"><metadaten><jurabk>BuchBMstrV 2006</jurabk><jurabk>BuchBMstrV</jurabk><enbez>§ 8</enbez><titel format="XML">Gliederung, Prüfungsdauer und Bestehen des Teils II</titel></metadaten><textdaten><text format="XML"><Content><P>(1) Durch die Prüfung in Teil II soll der Prüfling in den in Absatz 2 genannten Handlungsfeldern seine Handlungskompetenz dadurch nachweisen, dass er berufsbezogene Probleme analysieren und bewerten sowie Lösungswege aufzeigen und dokumentieren und dabei aktuelle Entwicklungen berücksichtigen kann.</P><P>(2) Handlungsfelder sind: <DL Font="normal" Type="arabic"><DT>1.</DT><DD Font="normal"><LA Size="normal">Buchbindetechnik,</LA></DD><DT>2.</DT><DD Font="normal"><LA Size="normal">Auftragsabwicklung,</LA></DD><DT>3.</DT><DD Font="normal"><LA Size="normal">Betriebsführung und Betriebsorganisation.</LA></DD></DL></P><P>(3) In jedem Handlungsfeld ist mindestens eine Aufgabe zu bearbeiten, die fallorientiert sein muss: <DL Font="normal" Type="arabic"><DT>1.</DT><DD Font="normal"><LA Size="normal">Buchbindetechnik</LA><LA Size="normal">Der Prüfling soll nachweisen, dass er in der Lage ist, buchbindetechnische Aufgaben unter Berücksichtigung wirtschaftlicher, gestalterischer, historischer und ökologischer Aspekte in einem Buchbinderbetrieb zu bearbeiten. Dabei soll er berufsbezogene Sachverhalte analysieren und bewerten. Bei der jeweiligen Aufgabenstellung sollen mehrere der unter Buchstabe a bis h aufgeführten Qualifikationen verknüpft werden:<DL Font="normal" Type="arabic"><DT>a)</DT><DD Font="normal"><LA Size="normal">Arten und Eigenschaften von Werk-, Hilfs- und Betriebsstoffen beurteilen, Verwendungszwecken zuordnen und berechnen,</LA></DD><DT>b)</DT><DD Font="normal"><LA Size="normal">Probleme der Materialbe- und -verarbeitung beschreiben, Lösungen erarbeiten, bewerten und korrigieren,</LA></DD><DT>c)</DT><DD Font="normal"><LA Size="normal">Funktionsweise und Eigenschaften von Maschinen, Geräten und Werkzeugen beschreiben und bewerten,</LA></DD><DT>d)</DT><DD Font="normal"><LA Size="normal">Steuerungs-, Füge- und Trenntechniken beschreiben und bewerten,</LA></DD><DT>e)</DT><DD Font="normal"><LA Size="normal">Möglichkeiten der Ausstattung und Gestaltung, insbesondere Prägen und Handvergolden sowie das Fertigen von Farb- und Metallschnitten, von Reliefs, Lederintarsien und Buntpapieren beschreiben und bewerten,</LA></DD><DT>f)</DT><DD Font="normal"><LA Size="normal">stilistische und historische Entwicklung von Material, Druck- und Bindetechniken darstellen und bewerten,</LA></DD><DT>g)</DT><DD Font="normal"><LA Size="normal">Herstellungstechniken der Einzel- und Serienfertigung beschreiben,</LA></DD><DT>h)</DT><DD Font="normal"><LA Size="normal">Printmediengestaltung und Druckverfahren beschreiben und bewerten;</LA></DD></DL></LA></DD><DT>2.</DT><DD Font="normal"><LA Size="normal">Auftragsabwicklung</LA><LA Size="normal">Der Prüfling soll nachweisen, dass er in der Lage ist, Auftragsabwicklungsprozesse, auch unter Anwendung branchenüblicher Software, erfolgs-, kunden- und qualitätsorientiert zu planen, deren Durchführung zu kontrollieren und sie abzuschließen. Bei der jeweiligen Aufgabenstellung sollen mehrere der unter Buchstabe a bis h aufgeführten Qualifikationen verknüpft werden:<DL Font="normal" Type="arabic"><DT>a)</DT><DD Font="normal"><LA Size="normal">Möglichkeiten der Auftragsbeschaffung darstellen,</LA></DD><DT>b)</DT><DD Font="normal"><LA Size="normal">Angebotsunterlagen erstellen und Angebote auswerten, Angebotskalkulation durchführen,</LA></DD><DT>c)</DT><DD Font="normal"><LA Size="normal">Methoden und Verfahren der Arbeitsplanung und -organisation unter Berücksichtigung von Fertigungs-, Veredelungs- und Instandsetzungstechniken sowie Gestaltungsaspekten, des Einsatzes von Material, Geräten und Personal bewerten, dabei qualitätssichernde Aspekte darstellen sowie Schnittstellen zwischen Arbeitsbereichen berücksichtigen,</LA></DD><DT>d)</DT><DD Font="normal"><LA Size="normal">berufsbezogene rechtliche Vorschriften und technische Normen sowie allgemein anerkannte Regeln der Technik anwenden, insbesondere Haftung bei der Fertigung, Instandsetzung und bei Serviceleistungen beurteilen,</LA></DD><DT>e)</DT><DD Font="normal"><LA Size="normal">Arbeitspläne, Skizzen und Zeichnungen erarbeiten sowie vorgegebene Arbeitspläne, Skizzen und Zeichnungen bewerten und korrigieren,</LA></DD><DT>f)</DT><DD Font="normal"><LA Size="normal">auftragsbezogenen Einsatz von Material, Maschinen und Geräten bestimmen und begründen,</LA></DD><DT>g)</DT><DD Font="normal"><LA Size="normal">Unteraufträge vergeben und kontrollieren,</LA></DD><DT>h)</DT><DD Font="normal"><LA Size="normal">Vor- und Nachkalkulation durchführen;</LA></DD></DL></LA></DD><DT>3.</DT><DD Font="normal"><LA Size="normal">Betriebsführung und Betriebsorganisation</LA><LA Size="normal">Der Prüfling soll nachweisen, dass er in der Lage ist, Aufgaben der Betriebsführung und Betriebsorganisation unter Berücksichtigung der rechtlichen Vorschriften, auch unter Anwendung von Informations- und Kommunikationssystemen, wahrzunehmen. Bei der jeweiligen Aufgabenstellung sollen mehrere der unter Buchstabe a bis h aufgeführten Qualifikationen verknüpft werden:<DL Font="normal" Type="arabic"><DT>a)</DT><DD Font="normal"><LA Size="normal">betriebliche Kosten ermitteln, dabei betriebswirtschaftliche Zusammenhänge berücksichtigen,</LA></DD><DT>b)</DT><DD Font="normal"><LA Size="normal">betriebliche Kostenstrukturen überprüfen; betriebliche Kennzahlen ermitteln,</LA></DD><DT>c)</DT><DD Font="normal"><LA Size="normal">Marketingmaßnahmen zur Kundenpflege und zur Gewinnung neuer Kunden vor dem Hintergrund technischer und wirtschaftlicher Entwicklungen erarbeiten,</LA></DD><DT>d)</DT><DD Font="normal"><LA Size="normal">betriebliches Qualitätsmanagement planen und darstellen,</LA></DD><DT>e)</DT><DD Font="normal"><LA Size="normal">Aufgaben der Personalverwaltung wahrnehmen; den Zusammenhang zwischen Personalverwaltung sowie Personalführung und -entwicklung darstellen,</LA></DD><DT>f)</DT><DD Font="normal"><LA Size="normal">betriebsspezifische Maßnahmen zur Einhaltung der arbeitsschutzrechtlichen Bestimmungen und des Umweltschutzes entwickeln; Gefahrenpotenziale beurteilen und Maßnahmen zur Gefahrenvermeidung und -beseitigung festlegen,</LA></DD><DT>g)</DT><DD Font="normal"><LA Size="normal">Betriebs- und Lagerausstattung sowie logistische Prozesse planen und darstellen,</LA></DD><DT>h)</DT><DD Font="normal"><LA Size="normal">Chancen und Risiken betrieblicher Kooperation darstellen und beurteilen.</LA></DD></DL></LA></DD></DL></P><P>(4) Die Prüfung in Teil II ist schriftlich durchzuführen. Sie soll in jedem Handlungsfeld nicht länger als drei Stunden dauern. Eine Prüfungsdauer von sechs Stunden täglich darf nicht überschritten werden.</P><P>(5) Die Gesamtbewertung des Teils II wird aus dem arithmetischen Mittel der Einzelbewertungen der Handlungsfelder gemäß Absatz 2 gebildet.</P><P>(6) Wurden in höchstens zwei der in Absatz 2 genannten Handlungsfelder jeweils mindestens 30 und weniger als 50 Punkte erreicht, kann in einem dieser Handlungsfelder eine mündliche Ergänzungsprüfung durchgeführt werden, wenn diese das Bestehen des Teils II der Meisterprüfung ermöglicht.</P><P>(7) Mindestvoraussetzung für das Bestehen des Teils II der Meisterprüfung ist eine insgesamt ausreichende Prüfungsleistung. Die Prüfung des Teils II ist nicht bestanden, wenn <DL Type="arabic"><DT>1.</DT><DD Font="normal"><LA>ein Handlungsfeld mit weniger als 30 Punkten bewertet worden ist oder</LA></DD><DT>2.</DT><DD Font="normal"><LA>nach durchgeführter Ergänzungsprüfung zwei Handlungsfelder jeweils mit weniger als 50 Punkten bewertet worden sind.</LA></DD></DL></P></Content></text><fussnoten><Content><P>(+++ § 8 Abs. 6 u. 7: Zur Anwendung vgl. § 10 +++)</P></Content></fussnoten></textdaten></norm>
<norm builddate="20220201213021" doknr="BJNR115200006BJNE001002128"><metadaten><jurabk>BuchBMstrV 2006</jurabk><jurabk>BuchBMstrV</jurabk><enbez>§ 9</enbez><titel format="XML">Allgemeine Prüfungs- und Verfahrensregelungen, weitere Regelungen zur Meisterprüfung</titel></metadaten><textdaten><text format="XML"><Content><P>(1) Die Vorschriften der Meisterprüfungsverfahrensverordnung bleiben unberührt.</P><P>(2) Die Prüfung in den Teilen III und IV der Meisterprüfung bestimmt sich nach der Allgemeinen Meisterprüfungsverordnung vom 26. Oktober 2011 (BGBl. I S. 2149) in der jeweils geltenden Fassung.</P></Content></text><fussnoten/></textdaten></norm>
<norm builddate="20220201213021" doknr="BJNR115200006BJNE001101360"><metadaten><jurabk>BuchBMstrV 2006</jurabk><jurabk>BuchBMstrV</jurabk><enbez>§ 10</enbez><titel format="XML">Übergangsvorschrift</titel></metadaten><textdaten><text format="XML"><Content><P>Die Regelungen des § 8 Absatz 6 und 7 gelten nicht für die bis zum 31. Dezember 2011 begonnenen Prüfungsverfahren. Diese werden nach den bisherigen Vorschriften zu Ende geführt.</P></Content></text><fussnoten/></textdaten></norm>
<norm builddate="20220201213021" doknr="BJNR115200006BJNE001200000"><metadaten><jurabk>BuchBMstrV 2006</jurabk><jurabk>BuchBMstrV</jurabk><enbez>§ 11</enbez><titel format="parat">Inkrafttreten, Außerkrafttreten</titel></metadaten><textdaten><text format="XML"><Content><P>Diese Verordnung tritt am 1. September 2006 in Kraft.</P></Content></text><fussnoten/></textdaten></norm>
</dokumente>