<?xml version="1.0" encoding="UTF-8" ?><!DOCTYPE dokumente SYSTEM "http://www.gesetze-im-internet.de/dtd/1.01/gii-norm.dtd">
<dokumente builddate="20120625151949" doknr="BJNR200150974"><norm builddate="20120625151949" doknr="BJNR200150974"><metadaten><jurabk>FluHfSalzbVtr AUT</jurabk><ausfertigung-datum manuell="ja">1967-12-19</ausfertigung-datum><fundstelle typ="amtlich"><periodikum>BGBl II</periodikum><zitstelle>1974, 15</zitstelle></fundstelle><langue>Vertrag zwischen der Bundesrepublik Deutschland und der Republik
Österreich über Auswirkungen der Anlage und des Betriebes des Flughafens
Salzburg auf das Hoheitsgebiet der Bundesrepublik Deutschland</langue></metadaten><textdaten><text format="decorated"/><fussnoten><Content><P>G v. 9.1.1974 II 13 <BR/>Inkraft gem. Bek. v. 9.5.1974 II 783 mWv 17.5.1974</P></Content></fussnoten></textdaten></norm>
</dokumente>