<?xml version="1.0" encoding="UTF-8" ?><!DOCTYPE dokumente SYSTEM "http://www.gesetze-im-internet.de/dtd/1.01/gii-norm.dtd">
<dokumente builddate="20130405130202" doknr="BJNR025320975"><norm builddate="20130405130202" doknr="BJNR025320975"><metadaten><jurabk>Münz5DMBek 1975-09</jurabk><ausfertigung-datum manuell="ja">1975-09-18</ausfertigung-datum><fundstelle typ="amtlich"><periodikum>BGBl I</periodikum><zitstelle>1975, 2532</zitstelle></fundstelle><langue>Bekanntmachung über die Ausprägung von Bundesmünzen im Nennwert von 5
Deutschen Mark (Gedenkmünze Europäisches Denkmalschutzjahr 1975)</langue></metadaten><textdaten><text format="XML"><Content><P/></Content></text></textdaten></norm>
<norm builddate="20130405130202" doknr="BJNR025320975BJNE000100307"><metadaten><jurabk>Münz5DMBek 1975-09</jurabk><enbez>(XXXX)</enbez></metadaten><textdaten><text format="XML"><Content><P>(1) Auf Grund des Gesetzes über die Ausprägung von Scheidemünzen vom 8. Juli 1950 (Bundesgesetzblatt S. 323) ist aus Anlaß des Europäischen Denkmalschutzjahres 1975 eine Bundesmünze (Gedenkmünze) im Nennwert von 5 Deutschen Mark geprägt worden. Die Ausprägung erfolgte in der Staatlichen Münze Stuttgart, die Auflage beträgt 8 Millionen Stück.</P><P>(2) Die Münzen werden ab 22. Oktober 1975 in den Verkehr gebracht. Der Entwurf der Münze stammt von Frau Ursula Schmidt-Malzahn, Hamburg.</P><P>(3) Die Münze besteht aus einer Legierung von 625 Tausendteilen Feinsilber und 375 Tausendteilen Kupfer. Sie hat einen Durchmesser von 29 Millimetern und ein Gewicht von 11,2 Gramm.</P><P>(4) Das Gepräge auf beiden Seiten ist erhaben und wird von einem schützenden glatten Randstab umgeben.</P><P>(5) Die Bildseite trägt die Aufschrift <BR/>&quot;EUROPÄISCHES DENKMALSCHUTZJAHR 1975&quot; <BR/>eingebettet in Gebäudefassaden und Mauerflächen, die mittels vereinfachter Stilelemente verschiedene Bauepochen vertreten.</P><P>(6) Die Wertseite zeigt im oberen Teil einen Adler, darunter die Aufschrift <DL Font="normal" Type="arabic"><DT/><DD Font="normal"><LA Size="normal">&quot;5 DEUTSCHE MARK</LA><LA Size="normal">BUNDESREPUBLIK</LA><LA Size="normal">DEUTSCHLAND&quot;.</LA></DD></DL>Die Jahreszahl &quot;1975&quot; wird durch den Kopf des Adlers in &quot;19&quot; und &quot;75&quot; getrennt. Das Münzzeichen &quot;F&quot; der Staatlichen Münze Stuttgart befindet sich unterhalb des Buchstabens &quot;C&quot; des Wortes &quot;DEUTSCHLAND&quot;.</P><P>(7) Der glatte Münzrand ist mit der vertieften Inschrift <DL Font="normal" Type="arabic"><DT/><DD Font="normal"><LA Size="normal">&quot;ZUKUNFT FÜR UNSERE VERGANGENHEIT&quot;</LA></DD></DL>versehen. Zwischen Ende und Anfang der Randbeschriftung ist ein liegender Rhombus eingeprägt.</P><P>(8) Dies wird namens der Bundesregierung bekanntgemacht.</P></Content></text></textdaten></norm>
<norm builddate="20130405130202" doknr="BJNR025320975BJNE000200307"><metadaten><jurabk>Münz5DMBek 1975-09</jurabk><enbez>Schlußformel</enbez></metadaten><textdaten><text format="XML"><Content><P><SP>Der Bundesminister der Finanzen</SP></P></Content></text></textdaten></norm>
<norm builddate="20130405130202" doknr="BJNR025320975BJNE000300307"><metadaten><jurabk>Münz5DMBek 1975-09</jurabk><enbez>(XXXX)</enbez><titel format="parat">Abbildung der Münze</titel></metadaten><textdaten><text format="XML"><Content><P><ABWFORMAT typ="E"/>(Inhalt: nicht darstellbare Abbildung) <BR/><kommentar typ="Fundstelle">Fundstelle: BGBl I 1975, 2532</kommentar></P></Content></text></textdaten></norm>
</dokumente>