<?xml version="1.0" encoding="UTF-8" ?><!DOCTYPE dokumente SYSTEM "http://www.gesetze-im-internet.de/dtd/1.01/gii-norm.dtd">
<dokumente builddate="20190826212005" doknr="BJNR066200010"><norm builddate="20190826212005" doknr="BJNR066200010"><metadaten><jurabk>GGArt91cVtrG</jurabk><ausfertigung-datum manuell="ja">2010-05-27</ausfertigung-datum><fundstelle typ="amtlich"><periodikum>BGBl I</periodikum><zitstelle>2010, 662</zitstelle></fundstelle><langue>Gesetz zum Vertrag über die Errichtung des IT-Planungsrats und über die Grundlagen der Zusammenarbeit beim Einsatz der Informationstechnologie in den Verwaltungen von Bund und Ländern – Vertrag zur Ausführung von Artikel 91c GG (siehe: GGArt91cVtr)</langue><standangabe checked="ja"><standtyp>Stand</standtyp><standkommentar>Geändert durch Art. 1 Vertrag v. 21.3.2019 I 1127 iVm Art. 1 G v. 4.8.2019 I 1126</standkommentar></standangabe></metadaten><textdaten><fussnoten><Content><P><BR/> <pre xml:space="preserve">(+++ Textnachweis ab: 3.6.2010 +++)<BR/><BR/></pre></P></Content></fussnoten></textdaten></norm>
<norm builddate="20190826212005" doknr="BJNR066200010BJNE000100000"><metadaten><jurabk>GGArt91cVtrG</jurabk><enbez>Eingangsformel</enbez></metadaten><textdaten><text format="XML"><Content><P>Der Bundestag hat das folgende Gesetz beschlossen:</P></Content></text></textdaten></norm>
<norm builddate="20190826212005" doknr="BJNR066200010BJNE000200000"><metadaten><jurabk>GGArt91cVtrG</jurabk><enbez>Art 1</enbez></metadaten><textdaten><text format="XML"><Content><P>(1) Dem „Vertrag über die Errichtung des IT-Planungsrats und über die Grundlagen der Zusammenarbeit beim Einsatz der Informationstechnologie in den Verwaltungen von Bund und Ländern – Vertrag zur Ausführung von Artikel 91c GG“ (IT-Staatsvertrag) zwischen der Bundesrepublik Deutschland, dem Land Baden-Württemberg, dem Freistaat Bayern, dem Land Berlin, dem Land Brandenburg, der Freien Hansestadt Bremen, der Freien und Hansestadt Hamburg, dem Land Hessen, dem Land Mecklenburg-Vorpommern, dem Land Niedersachsen, dem Land Nordrhein-Westfalen, dem Land Rheinland-Pfalz, dem Saarland, dem Freistaat Sachsen, dem Land Sachsen-Anhalt, dem Land Schleswig-Holstein und dem Freistaat Thüringen wird zugestimmt.</P><P>(2) Der IT-Staatsvertrag wird nachstehend veröffentlicht.</P></Content></text></textdaten></norm>
<norm builddate="20190826212005" doknr="BJNR066200010BJNE000300000"><metadaten><jurabk>GGArt91cVtrG</jurabk><enbez>Art 2</enbez></metadaten><textdaten><text format="XML"><Content><P>(1) Dieses Gesetz tritt am Tag nach der Verkündung in Kraft.</P><P>(2) Das Bundesministerium des Innern gibt den Tag, an dem die Vorschriften des IT-Staatsvertrages nach seinem § 7 Absatz 1 Satz 1 in Kraft treten, im Bundesgesetzblatt bekannt. Für den Fall, dass der IT-Staatsvertrag nach seinem § 7 Absatz 1 Satz 2 gegenstandslos wird oder nach seinem § 7 Absatz 2 außer Kraft tritt, ist dies ebenfalls im Bundesgesetzblatt bekannt zu geben.</P></Content></text></textdaten></norm>
</dokumente>