<?xml version="1.0" encoding="UTF-8" ?><!DOCTYPE dokumente SYSTEM "http://www.gesetze-im-internet.de/dtd/1.01/gii-norm.dtd">
<dokumente builddate="20210615213229" doknr="BJNR161400013"><norm builddate="20210615213229" doknr="BJNR161400013"><metadaten><jurabk>KlempnerAusbV 2013</jurabk><amtabk>KlempnerAusbV</amtabk><ausfertigung-datum manuell="ja">2013-06-21</ausfertigung-datum><fundstelle typ="amtlich"><periodikum>BGBl I</periodikum><zitstelle>2013, 1614</zitstelle></fundstelle><kurzue>Klempner-Ausbildungsverordnung</kurzue><langue>Verordnung über die Berufsausbildung zum Klempner und zur Klempnerin<FnR ID="F781357_01_BJNR161400013"/></langue></metadaten><textdaten><text format="XML"><Footnotes><Footnote FnZ="*" Group="column" ID="F781357_01_BJNR161400013" Pos="normal"><noindex>Diese Rechtsverordnung ist eine Ausbildungsordnung im Sinne des § 25 der Handwerksordnung. Die Ausbildungsordnung und der damit abgestimmte, von der Ständigen Konferenz der Kultusminister der Länder in der Bundesrepublik Deutschland beschlossene Rahmenlehrplan für die Berufsschule werden als Beilage zum Bundesanzeiger veröffentlicht.</noindex></Footnote></Footnotes></text><fussnoten><Content><P><BR/> <pre xml:space="preserve">(+++ Textnachweis ab: 1.8.2013 +++)<BR/><BR/></pre></P></Content></fussnoten></textdaten></norm>
<norm builddate="20210615213229" doknr="BJNR161400013BJNE000100000"><metadaten><jurabk>KlempnerAusbV 2013</jurabk><jurabk>KlempnerAusbV</jurabk><enbez>Eingangsformel</enbez></metadaten><textdaten><text format="XML"><Content><P>Auf Grund des § 25 Absatz 1 Satz 1 der Handwerksordnung, der zuletzt durch Artikel 146 der Verordnung vom 31. Oktober 2006 (BGBl. I S. 2407) geändert worden ist, verordnet das Bundesministerium für Wirtschaft und Technologie im Einvernehmen mit dem Bundesministerium für Bildung und Forschung:</P></Content></text></textdaten></norm>
<norm builddate="20210615213229" doknr="BJNR161400013BJNE000200000"><metadaten><jurabk>KlempnerAusbV 2013</jurabk><jurabk>KlempnerAusbV</jurabk><enbez>§ 1</enbez><titel format="XML">Staatliche Anerkennung des Ausbildungsberufes</titel></metadaten><textdaten><text format="XML"><Content><P>Der Ausbildungsberuf des Klempners und der Klempnerin wird nach § 25 der Handwerksordnung zur Ausbildung für das Gewerbe 23 „Klempner“ der Anlage A der Handwerksordnung staatlich anerkannt.</P></Content></text></textdaten></norm>
<norm builddate="20210615213229" doknr="BJNR161400013BJNE000300000"><metadaten><jurabk>KlempnerAusbV 2013</jurabk><jurabk>KlempnerAusbV</jurabk><enbez>§ 2</enbez><titel format="XML">Dauer der Berufsausbildung</titel></metadaten><textdaten><text format="XML"><Content><P>Die Ausbildung dauert dreieinhalb Jahre.</P></Content></text></textdaten></norm>
<norm builddate="20210615213229" doknr="BJNR161400013BJNE000400000"><metadaten><jurabk>KlempnerAusbV 2013</jurabk><jurabk>KlempnerAusbV</jurabk><enbez>§ 3</enbez><titel format="XML">Ausbildungsrahmenplan, Ausbildungsberufsbild</titel></metadaten><textdaten><text format="XML"><Content><P>(1) Gegenstand der Berufsausbildung sind mindestens die im Ausbildungsrahmenplan (Anlage) aufgeführten Fertigkeiten, Kenntnisse und Fähigkeiten (berufliche Handlungsfähigkeit). Eine von dem Ausbildungsrahmenplan abweichende Organisation der Ausbildung ist insbesondere zulässig, soweit betriebspraktische Besonderheiten die Abweichung erfordern.</P><P>(2) Die Berufsausbildung zum Klempner und zur Klempnerin gliedert sich in <DL Type="arabic"><DT>1.</DT><DD Font="normal"><LA>Berufsprofilgebende Fertigkeiten, Kenntnisse und Fähigkeiten sowie</LA></DD><DT>2.</DT><DD Font="normal"><LA>Integrative Fertigkeiten, Kenntnisse und Fähigkeiten.</LA></DD></DL></P><P>(3) Berufsprofilgebende Fertigkeiten, Kenntnisse und Fähigkeiten sind: <DL Type="arabic"><DT>1.</DT><DD Font="normal"><LA>Manuelles und maschinelles Bearbeiten,</LA></DD><DT>2.</DT><DD Font="normal"><LA>Fügen von Werkstücken und Bauteilen,</LA></DD><DT>3.</DT><DD Font="normal"><LA>Handhaben und Warten von Werkzeugen, Geräten und Maschinen,</LA></DD><DT>4.</DT><DD Font="normal"><LA>Einbauen von elektrischen Komponenten,</LA></DD><DT>5.</DT><DD Font="normal"><LA>Entwerfen und Fertigen von Schablonen und Zuschnitten,</LA></DD><DT>6.</DT><DD Font="normal"><LA>Prüfen, Behandeln und Schützen von Oberflächen,</LA></DD><DT>7.</DT><DD Font="normal"><LA>Befestigen von Bauteilen und Baugruppen in Mauerwerk, Beton und Holz,</LA></DD><DT>8.</DT><DD Font="normal"><LA>Decken und Instandhalten von Dach- und Wandflächen an Bauwerken,</LA></DD><DT>9.</DT><DD Font="normal"><LA>Anfertigen und Montieren von Anlagen zur Ableitung von Niederschlagswasser,</LA></DD><DT>10.</DT><DD Font="normal"><LA>Anfertigen und Montieren von lufttechnischen Anlagen,</LA></DD><DT>11.</DT><DD Font="normal"><LA>Transportieren von Bauteilen und Baugruppen,</LA></DD><DT>12.</DT><DD Font="normal"><LA>Herstellen von Fugenabschlüssen sowie Durchführen von Wärmedämm- und Dichtungsmaßnahmen,</LA></DD><DT>13.</DT><DD Font="normal"><LA>Einbauen von Energiesammlern, Energieumsetzern und nachhaltigen Energienutzungssystemen,</LA></DD><DT>14.</DT><DD Font="normal"><LA>Anbringen von Fangeinrichtungen und von Ableitungen für den äußeren Blitzschutz,</LA></DD><DT>15.</DT><DD Font="normal"><LA>Einrichten von Arbeitsgerüsten und Schutzsystemen.</LA></DD></DL></P><P>(4) Integrative Fertigkeiten, Kenntnisse und Fähigkeiten sind: <DL Type="arabic"><DT>1.</DT><DD Font="normal"><LA>Berufsausbildung, Arbeits- und Tarifrecht, berufsspezifische Rechtsgrundlagen,</LA></DD><DT>2.</DT><DD Font="normal"><LA>Aufbau und Organisation des Ausbildungsbetriebes,</LA></DD><DT>3.</DT><DD Font="normal"><LA>Sicherheit und Gesundheitsschutz bei der Arbeit,</LA></DD><DT>4.</DT><DD Font="normal"><LA>Umweltschutz,</LA></DD><DT>5.</DT><DD Font="normal"><LA>Betriebliche und technische Kommunikation,</LA></DD><DT>6.</DT><DD Font="normal"><LA>Kundenorientierte Kommunikation,</LA></DD><DT>7.</DT><DD Font="normal"><LA>Planen und Vorbereiten von Arbeitsabläufen,</LA></DD><DT>8.</DT><DD Font="normal"><LA>Durchführen von qualitätssichernden Maßnahmen.</LA></DD></DL></P></Content></text></textdaten></norm>
<norm builddate="20210615213229" doknr="BJNR161400013BJNE000500000"><metadaten><jurabk>KlempnerAusbV 2013</jurabk><jurabk>KlempnerAusbV</jurabk><enbez>§ 4</enbez><titel format="XML">Durchführung der Berufsausbildung</titel></metadaten><textdaten><text format="XML"><Content><P>(1) Die in dieser Verordnung genannten Fertigkeiten, Kenntnisse und Fähigkeiten sollen so vermittelt werden, dass die Auszubildenden zur Ausübung einer qualifizierten beruflichen Tätigkeit im Sinne von § 1 Absatz 3 des Berufsbildungsgesetzes befähigt werden, die insbesondere selbstständiges Planen, Durchführen und Kontrollieren einschließt. Diese Befähigung ist auch in den Prüfungen nach den §§ 6 und 7 nachzuweisen.</P><P>(2) Die Ausbildenden haben unter Zugrundelegung des Ausbildungsrahmenplans für die Auszubildenden einen Ausbildungsplan zu erstellen.</P><P>(3) Die Auszubildenden haben einen schriftlichen Ausbildungsnachweis zu führen. Ihnen ist Gelegenheit zu geben, den schriftlichen Ausbildungsnachweis während der Ausbildungszeit zu führen. Die Ausbildenden haben den schriftlichen Ausbildungsnachweis regelmäßig durchzusehen.</P></Content></text></textdaten></norm>
<norm builddate="20210615213229" doknr="BJNR161400013BJNE000600000"><metadaten><jurabk>KlempnerAusbV 2013</jurabk><jurabk>KlempnerAusbV</jurabk><enbez>§ 5</enbez><titel format="XML">Gesellenprüfung</titel></metadaten><textdaten><text format="XML"><Content><P>Die Gesellenprüfung besteht aus den beiden zeitlich auseinanderfallenden Teilen 1 und 2. Dabei sollen Qualifikationen, die bereits Gegenstand von Teil 1 der Gesellenprüfung waren, in Teil 2 der Gesellenprüfung nur insoweit einbezogen werden, als es für die Feststellung der Berufsbefähigung erforderlich ist.</P></Content></text></textdaten></norm>
<norm builddate="20210615213229" doknr="BJNR161400013BJNE000700000"><metadaten><jurabk>KlempnerAusbV 2013</jurabk><jurabk>KlempnerAusbV</jurabk><enbez>§ 6</enbez><titel format="XML">Teil 1 der Gesellenprüfung</titel></metadaten><textdaten><text format="XML"><Content><P>(1) Teil 1 der Gesellenprüfung soll vor dem Ende des zweiten Ausbildungsjahres stattfinden.</P><P>(2) Teil 1 der Gesellenprüfung erstreckt sich auf die in der Anlage für die ersten drei Ausbildungshalbjahre aufgeführten Fertigkeiten, Kenntnisse und Fähigkeiten sowie auf den im Berufsschulunterricht zu vermittelnden Lehrstoff, soweit er für die Berufsausbildung wesentlich ist.</P><P>(3) Teil 1 der Gesellenprüfung besteht aus dem Prüfungsbereich Arbeitsauftrag. Für ihn bestehen folgende Vorgaben: <DL Type="arabic"><DT>1.</DT><DD Font="normal"><LA>Der Prüfling soll nachweisen, dass er in der Lage ist, <DL Type="alpha"><DT>a)</DT><DD Font="normal"><LA>technische Unterlagen zu nutzen, Arbeitsschritte zu planen, Messungen durchzuführen und zu protokollieren, Material und Werkzeuge zu disponieren,</LA></DD><DT>b)</DT><DD Font="normal"><LA>Material manuell und maschinell zu bearbeiten, umzuformen, zu fügen und zu montieren, Schablonen herzustellen, Formteile anzufertigen,</LA></DD><DT>c)</DT><DD Font="normal"><LA>Maßnahmen zur Arbeitsorganisation, zur Sicherheit und zum Gesundheitsschutz bei der Arbeit, zum Umweltschutz und zur Qualitätssicherung durchzuführen,</LA></DD><DT>d)</DT><DD Font="normal"><LA>die für die Prüfungsaufgabe relevanten fachlichen Hintergründe aufzuzeigen sowie die Vorgehensweise zu begründen.</LA></DD></DL></LA></DD><DT>2.</DT><DD Font="normal"><LA>Dem Prüfungsbereich ist das Anfertigen eines Bauteils oder einer Baugruppe zugrunde zu legen.</LA></DD><DT>3.</DT><DD Font="normal"><LA>Der Prüfling soll eine berufstypische Arbeitsaufgabe durchführen, ein darauf bezogenes situatives Fachgespräch führen und Aufgaben schriftlich bearbeiten, die sich inhaltlich auf die Arbeitsaufgabe beziehen.</LA></DD><DT>4.</DT><DD Font="normal"><LA>Die Prüfungszeit beträgt <DL Type="alpha"><DT>a)</DT><DD Font="normal"><LA>für die Arbeitsaufgabe sieben Stunden; innerhalb dieser Zeit soll das situative Fachgespräch in höchstens 15 Minuten durchgeführt werden,</LA></DD><DT>b)</DT><DD Font="normal"><LA>für die Bearbeitung der schriftlichen Aufgabenstellungen 60 Minuten.</LA></DD></DL></LA></DD></DL></P></Content></text></textdaten></norm>
<norm builddate="20210615213229" doknr="BJNR161400013BJNE000800000"><metadaten><jurabk>KlempnerAusbV 2013</jurabk><jurabk>KlempnerAusbV</jurabk><enbez>§ 7</enbez><titel format="XML">Teil 2 der Gesellenprüfung</titel></metadaten><textdaten><text format="XML"><Content><P>(1) Teil 2 der Gesellenprüfung erstreckt sich auf die in der Anlage aufgeführten Fertigkeiten, Kenntnisse und Fähigkeiten sowie auf den im Berufsschulunterricht zu vermittelnden Lehrstoff, soweit er für die Berufsausbildung wesentlich ist.</P><P>(2) Teil 2 der Gesellenprüfung besteht aus den Prüfungsbereichen: <DL Type="arabic"><DT>1.</DT><DD Font="normal"><LA>Kundenauftrag,</LA></DD><DT>2.</DT><DD Font="normal"><LA>Fertigungs-, Montage- und Instandhaltungstechnik und</LA></DD><DT>3.</DT><DD Font="normal"><LA>Wirtschafts- und Sozialkunde.</LA></DD></DL></P><P>(3) Für den Prüfungsbereich Kundenauftrag bestehen folgende Vorgaben: <DL Type="arabic"><DT>1.</DT><DD Font="normal"><LA>Der Prüfling soll nachweisen, dass er in der Lage ist, <DL Type="alpha"><DT>a)</DT><DD Font="normal"><LA>Arbeitsabläufe und Teilaufgaben unter Beachtung wirtschaftlicher, technischer, organisatorischer und zeitlicher Vorgaben selbstständig zu planen,</LA></DD><DT>b)</DT><DD Font="normal"><LA>Bauteile oder Baugruppen abzuwickeln, herzustellen und zu montieren, auf Funktion zu prüfen und anzubringen,</LA></DD><DT>c)</DT><DD Font="normal"><LA>Arbeitsergebnisse auf Passgenauigkeit, sichere Anbringung und optischen Eindruck zu prüfen sowie Korrekturmaßnahmen durchzuführen,</LA></DD><DT>d)</DT><DD Font="normal"><LA>Bauteile oder Baugruppen dem Kunden zu übergeben, Fachauskünfte zu erteilen, Kunden einzuweisen und Abnahmeprotokolle anzufertigen,</LA></DD><DT>e)</DT><DD Font="normal"><LA>die für den Kundenauftrag relevanten fachlichen Hintergründe aufzuzeigen sowie die Vorgehensweise zu begründen.</LA></DD></DL></LA></DD><DT>2.</DT><DD Font="normal"><LA>Für den Nachweis nach Nummer 1 ist aus folgenden Gebieten auszuwählen: <DL Type="alpha"><DT>a)</DT><DD Font="normal"><LA>Dachbekleidungen,</LA></DD><DT>b)</DT><DD Font="normal"><LA>Fassadenbekleidungen,</LA></DD><DT>c)</DT><DD Font="normal"><LA>Ableitungssysteme von Niederschlagswasser oder</LA></DD><DT>d)</DT><DD Font="normal"><LA>Formteile der Lüftungstechnik.</LA></DD></DL></LA></DD><DT>3.</DT><DD Font="normal"><LA>Der Prüfling soll ein Prüfungsstück herstellen, die Herstellung mit praxisüblichen Unterlagen dokumentieren sowie ein auftragsbezogenes Fachgespräch führen.</LA></DD><DT>4.</DT><DD Font="normal"><LA>Die Prüfungszeit beträgt 16 Stunden; innerhalb dieser Zeit soll das auftragsbezogene Fachgespräch in höchstens 20 Minuten durchgeführt werden.</LA></DD></DL></P><P>(4) Für den Prüfungsbereich Fertigungs-, Montage- und Instandhaltungstechnik bestehen folgende Vorgaben: <DL Type="arabic"><DT>1.</DT><DD Font="normal"><LA>Der Prüfling soll nachweisen, dass er in der Lage ist, <DL Type="alpha"><DT>a)</DT><DD Font="normal"><LA>Arbeitspläne für Kundenaufträge und Abwicklungen anzufertigen,</LA></DD><DT>b)</DT><DD Font="normal"><LA>die Vorgehensweise zur Herstellung eines Bauteils oder einer Baugruppe der Klempnertechnik zu beschreiben,</LA></DD><DT>c)</DT><DD Font="normal"><LA>Fehler zu ermitteln, Ursachen zu beschreiben, Folgen abzuschätzen und Maßnahmen zur Beseitigung darzulegen,</LA></DD><DT>d)</DT><DD Font="normal"><LA>fachliche Probleme mit verknüpften informationstechnischen, technologischen und mathematischen Sachverhalten zu bearbeiten,</LA></DD><DT>e)</DT><DD Font="normal"><LA>Maßnahmen zur vorbeugenden Instandsetzung darzulegen,</LA></DD><DT>f)</DT><DD Font="normal"><LA>Sicherheit, Wirtschaftlichkeit und Umweltschutz zu berücksichtigen.</LA></DD></DL></LA></DD><DT>2.</DT><DD Font="normal"><LA>Der Prüfling soll praxisbezogene Aufgaben schriftlich bearbeiten.</LA></DD><DT>3.</DT><DD Font="normal"><LA>Die Prüfungszeit beträgt 240 Minuten.</LA></DD></DL></P><P>(5) Für den Prüfungsbereich Wirtschafts- und Sozialkunde bestehen folgende Vorgaben: <DL Type="arabic"><DT>1.</DT><DD Font="normal"><LA>Der Prüfling soll nachweisen, dass er in der Lage ist, allgemeine, wirtschaftliche und gesellschaftliche Zusammenhänge der Berufs- und Arbeitswelt darzustellen und zu beurteilen,</LA></DD><DT>2.</DT><DD Font="normal"><LA>der Prüfling soll berufsbezogene Aufgaben schriftlich bearbeiten,</LA></DD><DT>3.</DT><DD Font="normal"><LA>die Prüfungszeit beträgt 60 Minuten.</LA></DD></DL></P></Content></text></textdaten></norm>
<norm builddate="20210615213229" doknr="BJNR161400013BJNE000900000"><metadaten><jurabk>KlempnerAusbV 2013</jurabk><jurabk>KlempnerAusbV</jurabk><enbez>§ 8</enbez><titel format="XML">Gewichtungs- und Bestehensregelungen</titel></metadaten><textdaten><text format="XML"><Content><P>(1) Die einzelnen Prüfungsbereiche sind wie folgt zu gewichten: <DL Type="arabic"><DT>1.</DT><DD Font="normal"><LA><!-- SPLIT UMBAU : [Text: Arbeitsauftrag ][Element: <Split/>





][Text: mit 30 Prozent,]--><table colsep="0" frame="none" pgwide="1" rowsep="0"><tgroup cols="2"><colspec align="left" colname="leftSplit"/><colspec align="right" colname="rightSplit"/><tbody Class="Split"><row><entry colname="leftSplit">Arbeitsauftrag</entry><entry colname="rightSplit" valign="bottom">mit 30 Prozent,</entry></row></tbody></tgroup></table></LA></DD><DT>2.</DT><DD Font="normal"><LA><!-- SPLIT UMBAU : [Text: Kundenauftrag ][Element: <Split/>





][Text: mit 40 Prozent,]--><table colsep="0" frame="none" pgwide="1" rowsep="0"><tgroup cols="2"><colspec align="left" colname="leftSplit"/><colspec align="right" colname="rightSplit"/><tbody Class="Split"><row><entry colname="leftSplit">Kundenauftrag</entry><entry colname="rightSplit" valign="bottom">mit 40 Prozent,</entry></row></tbody></tgroup></table></LA></DD><DT>3.</DT><DD Font="normal"><LA><!-- SPLIT UMBAU : [Text: Fertigungs-, Montage- und][Element: <BR/>





][Text:  Instandhaltungstechnik ][Element: 





<Split/>





][Text: mit 20 Prozent,]--><table colsep="0" frame="none" pgwide="1" rowsep="0"><tgroup cols="2"><colspec align="left" colname="leftSplit"/><colspec align="right" colname="rightSplit"/><tbody Class="Split"><row><entry colname="leftSplit">Fertigungs-, Montage- und<BR/> Instandhaltungstechnik</entry><entry colname="rightSplit" valign="bottom">mit 20 Prozent,</entry></row></tbody></tgroup></table></LA></DD><DT>4.</DT><DD Font="normal"><LA><!-- SPLIT UMBAU : [Text: Wirtschafts-][Element: <BR/>





][Text:  und Sozialkunde ][Element: 





<Split/>





][Text: mit 10 Prozent.]--><table colsep="0" frame="none" pgwide="1" rowsep="0"><tgroup cols="2"><colspec align="left" colname="leftSplit"/><colspec align="right" colname="rightSplit"/><tbody Class="Split"><row><entry colname="leftSplit">Wirtschafts-<BR/> und Sozialkunde</entry><entry colname="rightSplit" valign="bottom">mit 10 Prozent.</entry></row></tbody></tgroup></table></LA></DD></DL></P><P>(2) Die Gesellenprüfung ist bestanden, wenn die Leistungen wie folgt bewertet worden sind: <DL Type="arabic"><DT>1.</DT><DD Font="normal"><LA>im Gesamtergebnis von Teil 1 und Teil 2 mit mindestens „ausreichend“,</LA></DD><DT>2.</DT><DD Font="normal"><LA>im Prüfungsbereich Kundenauftrag mit mindestens „ausreichend“,</LA></DD><DT>3.</DT><DD Font="normal"><LA>im Ergebnis von Teil 2 der Gesellenprüfung mit mindestens „ausreichend“,</LA></DD><DT>4.</DT><DD Font="normal"><LA>in mindestens einem weiteren Prüfungsbereich von Teil 2 mit mindestens „ausreichend“ und</LA></DD><DT>5.</DT><DD Font="normal"><LA>in keinem Prüfungsbereich von Teil 2 mit „ungenügend“.</LA></DD></DL></P><P>(3) Auf Antrag des Prüflings ist die Prüfung in einem der in Teil 2 der Gesellenprüfung mit schlechter als „ausreichend“ bewerteten Prüfungsbereiche Fertigungs-, Montage- und Instandhaltungstechnik sowie Wirtschafts- und Sozialkunde durch eine mündliche Prüfung von etwa 15 Minuten zu ergänzen, wenn dies für das Bestehen der Prüfung den Ausschlag geben kann. Bei der Ermittlung des Ergebnisses für diesen Prüfungsbereich sind das bisherige Ergebnis und das Ergebnis der mündlichen Ergänzungsprüfung im Verhältnis von 2:1 zu gewichten.</P></Content></text></textdaten></norm>
<norm builddate="20210615213229" doknr="BJNR161400013BJNE001000000"><metadaten><jurabk>KlempnerAusbV 2013</jurabk><jurabk>KlempnerAusbV</jurabk><enbez>§ 9</enbez><titel format="XML">Bestehende Berufsausbildungsverhältnisse</titel></metadaten><textdaten><text format="XML"><Content><P>Berufsausbildungsverhältnisse, die bei Inkrafttreten dieser Verordnung bestehen, können unter Anrechnung der bisher zurückgelegten Ausbildungszeit nach den Vorschriften dieser Verordnung fortgesetzt werden, wenn die Vertragsparteien dies vereinbaren.</P></Content></text></textdaten></norm>
<norm builddate="20210615213229" doknr="BJNR161400013BJNE001100000"><metadaten><jurabk>KlempnerAusbV 2013</jurabk><jurabk>KlempnerAusbV</jurabk><enbez>§ 10</enbez><titel format="XML">Inkrafttreten, Außerkrafttreten</titel></metadaten><textdaten><text format="XML"><Content><P>Diese Verordnung tritt am 1. August 2013 in Kraft. Gleichzeitig tritt die Klempner-Ausbildungsverordnung vom 10. März 1989 (BGBl. I S. 420) außer Kraft.</P></Content></text></textdaten></norm>
<norm builddate="20210615213229" doknr="BJNR161400013BJNE001200001"><metadaten><jurabk>KlempnerAusbV 2013</jurabk><jurabk>KlempnerAusbV</jurabk><enbez>Anlage</enbez><titel format="XML">(zu § 3 Absatz 3 und 4)<BR/>Ausbildungsrahmenplan für die Berufsausbildung zum Klempner und zur Klempnerin</titel></metadaten><textdaten><text format="XML"><Content><P><noindex><kommentar typ="Fundstelle">(Fundstelle: BGBl. I 2013, 1617 - 1622)</kommentar></noindex></P><BR/><BR/><table frame="all" tabstyle="Ausbildung" tocentry="%yes;"><Title Align="left" Class="S1">Berufsprofilgebende Fertigkeiten, Kenntnisse und Fähigkeiten</Title><tgroup align="left" char="" charoff="50" cols="5" colsep="1" rowsep="1"><colspec colname="col1" colnum="1" colwidth="0.75*"/><colspec colname="col2" colnum="2" colwidth="4.49*"/><colspec colname="col3" colnum="3" colwidth="8.49*"/><colspec colname="col4" colnum="4" colwidth="1.51*"/><colspec colname="col5" colnum="5" colwidth="1.50*"/><thead valign="bottom"><row><entry VJ="1" align="center" colname="col1" morerows="1" valign="middle">Lfd.<BR/> Nr.</entry><entry VJ="1" align="center" colname="col2" morerows="1" valign="middle">Teil des<BR/> Ausbildungsberufsbildes</entry><entry VJ="1" align="center" colname="col3" morerows="1" valign="middle">Zu vermittelnde<BR/> Fertigkeiten, Kenntnisse und Fähigkeiten</entry><entry VJ="1" align="center" nameend="col5" namest="col4" valign="middle">Zeitliche Richtwerte<BR/> in Wochen im</entry></row><row><entry VJ="1" align="center" colname="col4" valign="middle">1. bis 18.<BR/> Monat</entry><entry VJ="1" align="center" colname="col5" valign="middle">19. bis 42.<BR/> Monat</entry></row><row><entry VJ="1" align="center" colname="col1" valign="middle">1</entry><entry VJ="1" align="center" colname="col2" valign="middle">2</entry><entry VJ="1" align="center" colname="col3" valign="middle">3</entry><entry VJ="1" align="center" nameend="col5" namest="col4" valign="middle">4</entry></row></thead><tbody valign="top"><row><entry VJ="1" align="center" colname="col1">1</entry><entry VJ="1" colname="col2">Manuelles und maschinelles Bearbeiten<BR/> (§ 3 Absatz 3 Nummer 1)</entry><entry VJ="1" align="justify" colname="col3"><DL Font="normal" Type="alpha"><DT>a)</DT><DD Font="normal"><LA Size="normal">Werkstoffe und Halbzeuge nach Verwendungszweck unterscheiden und auswählen</LA></DD><DT>b)</DT><DD Font="normal"><LA Size="normal">Teile aus unterschiedlichen Werkstoffen, insbesondere Metall, Holz und Kunststoff, herstellen</LA></DD><DT>c)</DT><DD Font="normal"><LA Size="normal">Teile mit manuell sowie mit handgeführten und stationären Maschinen, insbesondere durch Trennen, Kanten, Biegen und Runden, bearbeiten</LA></DD></DL></entry><entry VJ="1" align="center" colname="col4" valign="middle">12</entry><entry VJ="1" colname="col5"/></row><row><entry VJ="1" align="center" colname="col1" morerows="1">2</entry><entry VJ="1" colname="col2" morerows="1">Fügen von Werkstücken und Bauteilen<BR/> (§ 3 Absatz 3 Nummer 2)</entry><entry VJ="1" align="justify" colname="col3"><DL Font="normal" Type="alpha"><DT>a)</DT><DD Font="normal"><LA Size="normal">Fügewerkzeuge und -verfahren festlegen</LA></DD><DT>b)</DT><DD Font="normal"><LA Size="normal">Bauteile auf Oberflächenbeschaffenheit der Fügeflächen und auf Formtoleranz prüfen sowie in montagegerechter Lage fixieren</LA></DD><DT>c)</DT><DD Font="normal"><LA Size="normal">Bauteile mit unterschiedlichen Befestigungsmaterialien und Sicherungselementen unter Beachtung der Reihenfolge und der Werkstoffeigenschaften verbinden, Verbindungen sichern</LA></DD><DT>d)</DT><DD Font="normal"><LA Size="normal">Steckverbindungen, insbesondere von Rohren und Formstücken, herstellen</LA></DD><DT>e)</DT><DD Font="normal"><LA Size="normal">Bauteile durch Kaltnieten fügen</LA></DD><DT>f)</DT><DD Font="normal"><LA Size="normal">Lötwerkzeuge, Lote und Flussmittel auswählen und einsetzen</LA></DD><DT>g)</DT><DD Font="normal"><LA Size="normal">Werkstücke und Bauteile aus unterschiedlichen Werkstoffen unter Beachtung der Verarbeitungsrichtlinien, insbesondere durch Löten, Schweifen und Bördeln, fügen</LA></DD><DT>h)</DT><DD Font="normal"><LA Size="normal">Nichteisenmetalle, insbesondere Grobbleche ab 3 mm Stärke und Tragkonstruktionen, schutzgasschweißen</LA></DD><DT>i)</DT><DD Font="normal"><LA Size="normal">Bleche durch Falzen manuell und maschinell fügen</LA></DD></DL></entry><entry VJ="1" align="center" colname="col4" valign="middle">16</entry><entry VJ="1" colname="col5"/></row><row><entry VJ="1" align="justify" colname="col3"><DL Font="normal" Type="alpha"><DT>j)</DT><DD Font="normal"><LA Size="normal">Nichteisenmetalle, insbesondere Feinbleche bis 3 mm Stärke, schutzgasschweißen</LA></DD><DT>k)</DT><DD Font="normal"><LA Size="normal">Klebstoffe nach Werkstoffeigenschaften und Verarbeitungsrichtlinien, insbesondere der Herstellervorgaben, auswählen und Bauteile unter Berücksichtigung der Beanspruchungen kleben</LA></DD><DT>l)</DT><DD Font="normal"><LA Size="normal">PVC-haltige und -freie Bedachungsbahnen, insbesondere durch Heißgasschweißen und Quellschweißen, verbinden</LA></DD></DL></entry><entry VJ="1" colname="col4"/><entry VJ="1" align="center" colname="col5" valign="middle">14</entry></row><row><entry VJ="1" align="center" colname="col1">3</entry><entry VJ="1" colname="col2">Handhaben und Warten von Werkzeugen, Geräten und Maschinen<BR/> (§ 3 Absatz 3 Nummer 3)</entry><entry VJ="1" align="justify" colname="col3"><DL Font="normal" Type="alpha"><DT>a)</DT><DD Font="normal"><LA Size="normal">Betriebsmittel warten, reinigen, pflegen und vor Korrosion schützen</LA></DD><DT>b)</DT><DD Font="normal"><LA Size="normal">Betriebsstoffe wechseln und auffüllen</LA></DD><DT>c)</DT><DD Font="normal"><LA Size="normal">Bauteile und Baugruppen mit und ohne Hilfsmittel aus- und einbauen</LA></DD></DL></entry><entry VJ="1" align="center" colname="col4" valign="middle"/><entry VJ="1" colname="col5"/></row><row><entry VJ="1" align="center" colname="col1"/><entry VJ="1" colname="col2"/><entry VJ="1" align="justify" colname="col3"><DL Font="normal" Type="alpha"><DT>d)</DT><DD Font="normal"><LA Size="normal">demontierte Bauteile kennzeichnen, systematisch ablegen und lagern</LA></DD><DT>e)</DT><DD Font="normal"><LA Size="normal">elektrische Verbindungen, insbesondere an Anschlüssen, auf mechanische Beschädigungen sichtprüfen</LA></DD><DT>f)</DT><DD Font="normal"><LA Size="normal">Sicherheitsmaßnahmen für elektrische Maschinen und Geräte ergreifen, Maßnahmen zur Störungsbeseitigung ergreifen</LA></DD></DL></entry><entry VJ="1" align="center" colname="col4"><BR/>6</entry><entry VJ="1" colname="col5"/></row><row><entry VJ="1" align="center" colname="col1" morerows="1">4</entry><entry VJ="1" colname="col2" morerows="1">Einbauen von elektrischen Komponenten<BR/> (§ 3 Absatz 3 Nummer 4)</entry><entry VJ="1" align="justify" colname="col3"><DL Font="normal" Type="alpha"><DT>a)</DT><DD Font="normal"><LA Size="normal">Sicherheitsregeln für Arbeiten an elektrischen Anlagen anwenden, Unfallverhütungsvorschriften beachten</LA></DD><DT>b)</DT><DD Font="normal"><LA Size="normal">elektrische Anschlüsse mittels Steckverbindungen herstellen</LA></DD><DT>c)</DT><DD Font="normal"><LA Size="normal">elektrische Anschlüsse auf mechanische Beschädigungen sichtprüfen</LA></DD><DT>d)</DT><DD Font="normal"><LA Size="normal">Mängel feststellen, Maßnahmen zur Behebung veranlassen</LA></DD></DL></entry><entry VJ="1" align="center" colname="col4" valign="middle">4</entry><entry VJ="1" colname="col5"/></row><row><entry VJ="1" align="justify" colname="col3"><DL Font="normal" Type="alpha"><DT>e)</DT><DD Font="normal"><LA Size="normal">elektrische Einrichtungen und Geräte einbauen und in Betrieb nehmen</LA></DD><DT>f)</DT><DD Font="normal"><LA Size="normal">mechanische Funktionsprüfungen durchführen</LA></DD></DL></entry><entry VJ="1" colname="col4"/><entry VJ="1" align="center" colname="col5" valign="middle">4</entry></row><row><entry VJ="1" align="center" colname="col1" morerows="1">5</entry><entry VJ="1" colname="col2" morerows="1">Entwerfen und Fertigen von Schablonen und Zuschnitten<BR/> (§ 3 Absatz 3 Nummer 5)</entry><entry VJ="1" align="justify" colname="col3"><DL Font="normal" Type="alpha"><DT>a)</DT><DD Font="normal"><LA Size="normal">Schablonen aus metallischen und nicht metallischen Werkstoffen herstellen</LA></DD><DT>b)</DT><DD Font="normal"><LA Size="normal">Materialien und Halbzeuge mit Hilfe von Schablonen und Lehren unter Verwendung von Hilfsmitteln und unter Beachtung von Werkstoffen und deren Eigenschaften, Herstellerrichtlinien und Bearbeitungszugaben, anzeichnen und anreißen</LA></DD></DL></entry><entry VJ="1" align="center" colname="col4" valign="middle">6</entry><entry VJ="1" align="center" colname="col5" valign="middle"/></row><row><entry VJ="1" align="justify" colname="col3"><DL Font="normal" Type="alpha"><DT>c)</DT><DD Font="normal"><LA Size="normal">Abwicklungen, insbesondere von Körpern und Durchdringungen nach dem Mantellinienverfahren, konstruieren</LA></DD></DL></entry><entry VJ="1" align="center" colname="col4" valign="middle"/><entry VJ="1" align="center" colname="col5" valign="middle">4</entry></row><row><entry VJ="1" align="center" colname="col1">6</entry><entry VJ="1" colname="col2">Prüfen, Behandeln und Schützen von Oberflächen<BR/> (§ 3 Absatz 3 Nummer 6)</entry><entry VJ="1" align="justify" colname="col3"><DL Font="normal" Type="alpha"><DT>a)</DT><DD Font="normal"><LA Size="normal">Werkstücke und Halbzeuge auf Materialfehler, Oberflächenschutz und Oberflächengüte sichtprüfen</LA></DD><DT>b)</DT><DD Font="normal"><LA Size="normal">Oberflächen für das Auftragen von Konservierungs- und Korrosionsschutzmitteln vorbereiten</LA></DD><DT>c)</DT><DD Font="normal"><LA Size="normal">Oberflächen verzinnen</LA></DD><DT>d)</DT><DD Font="normal"><LA Size="normal">Konservierungsstoffe und Korrosionsschutzmittel unter Beachtung der Verarbeitungsrichtlinien auftragen</LA></DD><DT>e)</DT><DD Font="normal"><LA Size="normal">korrosionsfördernde Rückstände und Verunreinigungen, insbesondere Lot- und Flussmittelrückstände, entfernen</LA></DD></DL></entry><entry VJ="1" align="center" colname="col4" valign="middle"/><entry VJ="1" align="center" colname="col5" valign="middle">6</entry></row><row><entry VJ="1" align="center" colname="col1" morerows="1" rowsep="0">7</entry><entry VJ="1" colname="col2" morerows="1" rowsep="0">Befestigen von Bauteilen und Baugruppen in Mauerwerk, Beton und Holz<BR/> (§ 3 Absatz 3 Nummer 7)</entry><entry VJ="1" align="justify" colname="col3"><DL Font="normal" Type="alpha"><DT>a)</DT><DD Font="normal"><LA Size="normal">Wandschlitze, Decken- und Wanddurchbrüche herstellen</LA></DD></DL></entry><entry VJ="1" align="center" colname="col4" valign="middle">4</entry><entry VJ="1" align="center" colname="col5" valign="middle"/></row><row><entry VJ="1" align="justify" colname="col3" rowsep="0"><DL Font="normal" Type="alpha"><DT>b)</DT><DD Font="normal"><LA Size="normal">Eignung des Untergrundes für die Befestigung prüfen</LA></DD><DT>c)</DT><DD Font="normal"><LA Size="normal">Werkmörtelmischungen verarbeiten</LA></DD><DT>d)</DT><DD Font="normal"><LA Size="normal">Trage- und Befestigungskonstruktionen anfertigen</LA></DD><DT>e)</DT><DD Font="normal"><LA Size="normal">Wandkonsolen montieren</LA></DD><DT>f)</DT><DD Font="normal"><LA Size="normal">Bauteile in Mauerwerk und Beton, insbesondere mit Mörtelmischungen, einsetzen sowie Durchbrüche und Aussparungen schließen</LA></DD></DL></entry><entry VJ="1" align="center" colname="col4" rowsep="0" valign="middle"/><entry VJ="1" align="center" colname="col5" rowsep="0"><BR/><BR/><BR/><BR/><BR/><BR/>6</entry></row><row><entry VJ="1" align="justify" colname="col3"><DL Font="normal" Type="alpha"><DT>g)</DT><DD Font="normal"><LA Size="normal">Werkstücke unter Berücksichtigung der Längenausdehnung durch Dübeln, Schrauben und Nageln befestigen</LA></DD></DL></entry><entry VJ="1" align="center" colname="col4" valign="middle"/><entry VJ="1" align="center" colname="col5" valign="middle"/></row><row><entry VJ="1" align="center" colname="col1">8</entry><entry VJ="1" colname="col2">Decken und Instandhalten von Dach- und Wandflächen an Bauwerken<BR/> (§ 3 Absatz 3 Nummer 8)</entry><entry VJ="1" align="justify" colname="col3"><DL Font="normal" Type="alpha"><DT>a)</DT><DD Font="normal"><LA Size="normal">Dachdeckungen und Fassadenbekleidungen aus Blechtafeln, -bändern und -profilen unter Berücksichtigung statischer und physikalischer Vorgaben, insbesondere der Windlast, herstellen</LA></DD><DT>b)</DT><DD Font="normal"><LA Size="normal">Dachdeckungen mit Kunststofffolien herstellen</LA></DD><DT>c)</DT><DD Font="normal"><LA Size="normal">Verlegetechniken für Schichtenaufbauten bei Dachbegrünungen unterscheiden und anwenden</LA></DD><DT>d)</DT><DD Font="normal"><LA Size="normal">Dächer mit Formteilen aus Kunststoff eindecken, Anschlüsse und Abschlüsse an Baukörpern sowie Abdeckungen von Mauern und Gesimsen herstellen</LA></DD><DT>e)</DT><DD Font="normal"><LA Size="normal">Durchdringungen an Dächern, insbesondere für Schornsteine, Ausstiegsfenster und Lichtkuppeln, sowie an Wänden und Fassaden, einfassen</LA></DD><DT>f)</DT><DD Font="normal"><LA Size="normal">Wartungsarbeiten sowie Instandhaltungsarbeiten durchführen, insbesondere schadhafte Teile austauschen</LA></DD><DT>g)</DT><DD Font="normal"><LA Size="normal">Dachdeckungen und Fassadenbekleidungen, insbesondere unter Beachtung der gesundheits- und umweltschutzrechtlichen Bestimmungen, demontieren</LA></DD><DT>h)</DT><DD Font="normal"><LA Size="normal">Teilbereiche von Dach- und Wandflächen mit sonstigen Deckwerkstoffen decken, herstellen und instandsetzen</LA></DD><DT>i)</DT><DD Font="normal"><LA Size="normal">elastische Wartungsverfugungen herstellen</LA></DD></DL></entry><entry VJ="1" align="center" colname="col4" valign="middle"/><entry VJ="1" align="center" colname="col5" valign="middle">14</entry></row><row><entry VJ="1" align="center" colname="col1" morerows="1">9</entry><entry VJ="1" colname="col2" morerows="1">Anfertigen und Montieren von Anlagen zur Ableitung von Niederschlagswasser<BR/> (§ 3 Absatz 3 Nummer 9)</entry><entry VJ="1" align="justify" colname="col3"><DL Font="normal" Type="alpha"><DT>a)</DT><DD Font="normal"><LA Size="normal">Anlagen zur Ableitung von Niederschlagswasser unter Berücksichtigung zu erwartender Niederschlagsmengen anfertigen</LA></DD><DT>b)</DT><DD Font="normal"><LA Size="normal">Formteile für Dachrinnen, insbesondere Dehnungsausgleicher, Rinnenkästen und Rinnenwinkel, anfertigen</LA></DD><DT>c)</DT><DD Font="normal"><LA Size="normal">Dachrinnen und Regenfallrohre anfertigen</LA></DD><DT>d)</DT><DD Font="normal"><LA Size="normal">Dachrinnen, Rinnenträger und Regenfallrohre anbringen und befestigen</LA></DD></DL></entry><entry VJ="1" align="center" colname="col4" valign="middle">8</entry><entry VJ="1" align="center" colname="col5" valign="middle"/></row><row><entry VJ="1" align="justify" colname="col3"><DL Font="normal" Type="alpha"><DT>e)</DT><DD Font="normal"><LA Size="normal">Blechkehlen, Traufbleche und Ortgänge anfertigen und unter Berücksichtigung von Dehnungen anbringen</LA></DD><DT>f)</DT><DD Font="normal"><LA Size="normal">Dachgullys einbauen und anschließen</LA></DD><DT>g)</DT><DD Font="normal"><LA Size="normal">Außenentwässerung herstellen</LA></DD><DT>h)</DT><DD Font="normal"><LA Size="normal">Innenentwässerung anschließen</LA></DD></DL></entry><entry VJ="1" align="center" colname="col4" valign="middle"/><entry VJ="1" align="center" colname="col5" valign="middle">10</entry></row><row><entry VJ="1" align="center" colname="col1">10</entry><entry VJ="1" colname="col2">Anfertigen und Montieren von lufttechnischen Anlagen<BR/> (§ 3 Absatz 3 Nummer 10)</entry><entry VJ="1" align="justify" colname="col3"><DL Font="normal" Type="alpha"><DT>a)</DT><DD Font="normal"><LA Size="normal">Formstücke, insbesondere Bögen und Verzweigungen, anfertigen und montieren</LA></DD><DT>b)</DT><DD Font="normal"><LA Size="normal">Verkleidungen für Kanäle, Rohre und Behälter anfertigen und montieren</LA></DD><DT>c)</DT><DD Font="normal"><LA Size="normal">Abgasleitungen unter Berücksichtigung der einschlägigen Vorschriften und Regelwerke anfertigen und einbauen</LA></DD><DT>d)</DT><DD Font="normal"><LA Size="normal">Rohre und Kanäle aus metallischen und nicht metallischen Werkstoffen einbauen und dicht verbinden</LA></DD><DT>e)</DT><DD Font="normal"><LA Size="normal">Halterungen und Befestigungen anfertigen und montieren</LA></DD></DL></entry><entry VJ="1" align="center" colname="col4" valign="middle"/><entry VJ="1" align="center" colname="col5" valign="middle">8</entry></row><row><entry VJ="1" align="center" colname="col1" morerows="1">11</entry><entry VJ="1" colname="col2" morerows="1">Transportieren von Bauteilen und Baugruppen<BR/> (§ 3 Absatz 3 Nummer 11)</entry><entry VJ="1" align="justify" colname="col3"><DL Font="normal" Type="alpha"><DT>a)</DT><DD Font="normal"><LA Size="normal">Lasten zum Transport anschlagen und sichern</LA></DD><DT>b)</DT><DD Font="normal"><LA Size="normal">Hebezeuge, insbesondere Seilzüge und Winden, handhaben</LA></DD><DT>c)</DT><DD Font="normal"><LA Size="normal">Transportwege einrichten und sichern</LA></DD></DL></entry><entry VJ="1" align="center" colname="col4" valign="middle">4</entry><entry VJ="1" align="center" colname="col5" valign="middle"/></row><row><entry VJ="1" align="justify" colname="col3"><DL Font="normal" Type="alpha"><DT>d)</DT><DD Font="normal"><LA Size="normal">Transporte sichern und durchführen</LA></DD><DT>e)</DT><DD Font="normal"><LA Size="normal">Transportgut absetzen und sichern</LA></DD></DL></entry><entry VJ="1" align="center" colname="col4" valign="middle"/><entry VJ="1" align="center" colname="col5" valign="middle">2</entry></row><row><entry VJ="1" align="center" colname="col1">12</entry><entry VJ="1" colname="col2">Herstellen von Fugenabschlüssen sowie Durchführen von Wärmedämm- und Dichtungsmaßnahmen<BR/> (§ 3 Absatz 3 Nummer 12)</entry><entry VJ="1" align="justify" colname="col3"><DL Font="normal" Type="alpha"><DT>a)</DT><DD Font="normal"><LA Size="normal">Maßnahmen zur Schalldämmung an Rohr- und Aggregatbefestigungen durchführen</LA></DD><DT>b)</DT><DD Font="normal"><LA Size="normal">Wärmedämm- und Kälteschutzmaßnahmen, unter Beachtung konstruktiver und bauphysikalischer Bedingungen, für belüftete und nichtbelüftete geneigte Dachkonstruktionen sowie bei Außenwandbekleidungen durchführen</LA></DD><DT>c)</DT><DD Font="normal"><LA Size="normal">bauliche Maßnahmen zum Brandschutz durchführen</LA></DD><DT>d)</DT><DD Font="normal"><LA Size="normal">nachträgliche Dämm- und Dichtungsmaßnahmen, insbesondere an Unterdächern, Unterdeckungen und Unterspannungen, durchführen</LA></DD><DT>e)</DT><DD Font="normal"><LA Size="normal">An- und Abschlüsse herstellen</LA></DD></DL></entry><entry VJ="1" align="center" colname="col4" valign="middle"/><entry VJ="1" align="center" colname="col5" valign="middle">8</entry></row><row><entry VJ="1" align="center" colname="col1">13</entry><entry VJ="1" colname="col2">Einbauen von Energiesammlern, Energieumsetzern und nachhaltigen Energienutzungssystemen<BR/> (§ 3 Absatz 3 Nummer 13)</entry><entry VJ="1" align="justify" colname="col3"><DL Font="normal" Type="alpha"><DT>a)</DT><DD Font="normal"><LA Size="normal">Energiesammler und Energieumsetzer, insbesondere Sonnenkollektoren und photovoltaische Elemente, in Dach- und Wandflächen einbauen</LA></DD><DT>b)</DT><DD Font="normal"><LA Size="normal">Anschlüsse, insbesondere an Dachdeckungen, Dachabdichtungen und Außenwandbekleidungen, herstellen</LA></DD><DT>c)</DT><DD Font="normal"><LA Size="normal">Regenwassernutzungssysteme einbauen</LA></DD></DL></entry><entry VJ="1" align="center" colname="col4" valign="middle"/><entry VJ="1" align="center" colname="col5" valign="middle">4</entry></row><row><entry VJ="1" align="center" colname="col1">14</entry><entry VJ="1" colname="col2">Anbringen von Fangeinrichtungen und von Ableitungen für den äußeren Blitzschutz<BR/> (§ 3 Absatz 3 Nummer 14)</entry><entry VJ="1" align="justify" colname="col3"><DL Font="normal" Type="alpha"><DT>a)</DT><DD Font="normal"><LA Size="normal">Dachzubehör, insbesondere Schneefangsysteme, Vogel- und Insektenabwehrsysteme sowie Sicherheitsvorrichtungen, montieren</LA></DD><DT>b)</DT><DD Font="normal"><LA Size="normal">Fangeinrichtungen und Blitzschutzableitungen montieren, mechanisch prüfen, überwachen und instandsetzen</LA></DD></DL></entry><entry VJ="1" align="center" colname="col4" valign="middle"/><entry VJ="1" align="center" colname="col5" valign="middle">4</entry></row><row><entry VJ="1" align="center" colname="col1">15</entry><entry VJ="1" colname="col2">Einrichten von Arbeitsgerüsten und Schutzsystemen<BR/> (§ 3 Absatz 3 Nummer 15)</entry><entry VJ="1" align="justify" colname="col3"><DL Font="normal" Type="alpha"><DT>a)</DT><DD Font="normal"><LA Size="normal">Vorschriften über Arbeitsgerüste und Schutzsysteme anwenden</LA></DD><DT>b)</DT><DD Font="normal"><LA Size="normal">Baustellen und Montageorte sichern</LA></DD><DT>c)</DT><DD Font="normal"><LA Size="normal">Hilfskonstruktionen, Arbeits- und Schutzgerüste aufbauen, sichern und abbauen</LA></DD><DT>d)</DT><DD Font="normal"><LA Size="normal">Sicherheits- und Absturzschutzsysteme an Dächern und Fassaden montieren und warten</LA></DD></DL></entry><entry VJ="1" align="center" colname="col4" valign="middle"/><entry VJ="1" align="center" colname="col5" valign="middle">6</entry></row></tbody></tgroup></table><table frame="all" tabstyle="Ausbildung" tocentry="%yes;"><Title Align="left" Class="S1"><B>Integrative Fertigkeiten, Kenntnisse und Fähigkeiten</B></Title><tgroup align="left" char="" charoff="50" cols="5" colsep="1" rowsep="1"><colspec colname="col1" colnum="1" colwidth="0.75*"/><colspec colname="col2" colnum="2" colwidth="4.49*"/><colspec colname="col3" colnum="3" colwidth="8.49*"/><colspec colname="col4" colnum="4" colwidth="1.51*"/><colspec colname="col5" colnum="5" colwidth="1.50*"/><thead valign="bottom"><row><entry VJ="1" align="center" colname="col1" morerows="1" valign="middle">Lfd.<BR/> Nr.</entry><entry VJ="1" align="center" colname="col2" morerows="1" valign="middle">Teil des<BR/> Ausbildungsberufsbildes</entry><entry VJ="1" align="center" colname="col3" morerows="1" valign="middle">Zu vermittelnde<BR/> Fertigkeiten, Kenntnisse und Fähigkeiten</entry><entry VJ="1" align="center" nameend="col5" namest="col4" valign="middle">Zeitliche Richtwerte<BR/> in Wochen im</entry></row><row><entry VJ="1" align="center" colname="col4" valign="middle">1. bis 18.<BR/> Monat</entry><entry VJ="1" align="center" colname="col5" valign="middle">19. bis 42.<BR/> Monat</entry></row><row><entry VJ="1" align="center" colname="col1" valign="middle">1</entry><entry VJ="1" align="center" colname="col2" valign="middle">2</entry><entry VJ="1" align="center" colname="col3" valign="middle">3</entry><entry VJ="1" align="center" nameend="col5" namest="col4" valign="middle">4</entry></row></thead><tbody valign="top"><row><entry VJ="1" align="center" colname="col1" rowsep="0">1</entry><entry VJ="1" colname="col2" rowsep="0">Berufsausbildung, Arbeits- und Tarifrecht, berufsspezifische Rechtsgrundlagen<BR/> (§ 3 Absatz 4 Nummer 1)</entry><entry VJ="1" align="justify" colname="col3" rowsep="0"><DL Font="normal" Type="alpha"><DT>a)</DT><DD Font="normal"><LA Size="normal">Bedeutung des Ausbildungsvertrages, insbesondere Abschluss, Dauer und Beendigung, erklären</LA></DD><DT>b)</DT><DD Font="normal"><LA Size="normal">gegenseitige Rechte und Pflichten aus dem Ausbildungsvertrag nennen</LA></DD><DT>c)</DT><DD Font="normal"><LA Size="normal">Möglichkeiten der beruflichen Fortbildung nennen</LA></DD></DL></entry><entry VJ="1" nameend="col5" namest="col4" rowsep="0"/></row><row><entry VJ="1" align="center" colname="col1"/><entry VJ="1" colname="col2"/><entry VJ="1" align="justify" colname="col3"><DL Font="normal" Type="alpha"><DT>d)</DT><DD Font="normal"><LA Size="normal">wesentliche Teile des Arbeitsvertrages nennen</LA></DD><DT>e)</DT><DD Font="normal"><LA Size="normal">wesentliche Bestimmungen der für den ausbildenden Betrieb geltenden Tarifverträge nennen</LA></DD></DL></entry><entry VJ="1" morerows="3" nameend="col5" namest="col4"><BR/><BR/><BR/><BR/><BR/><BR/><BR/><BR/><BR/><BR/><BR/><BR/><BR/><BR/><BR/><BR/><BR/>während<BR/> der gesamten<BR/> Ausbildung<BR/> zu vermitteln</entry></row><row><entry VJ="1" align="center" colname="col1">2</entry><entry VJ="1" colname="col2">Aufbau und Organisation des Ausbildungsbetriebes<BR/> (§ 3 Absatz 4 Nummer 2)</entry><entry VJ="1" align="justify" colname="col3"><DL Font="normal" Type="alpha"><DT>a)</DT><DD Font="normal"><LA Size="normal">Aufbau und Aufgaben des ausbildenden Betriebes erläutern</LA></DD><DT>b)</DT><DD Font="normal"><LA Size="normal">Grundfunktionen des ausbildenden Betriebes wie Beschaffung, Fertigung, Absatz und Verwaltung erklären</LA></DD><DT>c)</DT><DD Font="normal"><LA Size="normal">Beziehungen des ausbildenden Betriebes und seiner Beschäftigten zu Wirtschaftsorganisationen, Berufsvertretungen und Gewerkschaften nennen</LA></DD><DT>d)</DT><DD Font="normal"><LA Size="normal">Grundlagen, Aufgaben und Arbeitsweise der betriebsverfassungs- oder personalvertretungsrechtlichen Organe des ausbildenden Betriebes beschreiben</LA></DD></DL></entry></row><row><entry VJ="1" align="center" colname="col1">3</entry><entry VJ="1" colname="col2">Sicherheit und Gesundheitsschutz bei der Arbeit<BR/> (§ 3 Absatz 4 Nummer 3)</entry><entry VJ="1" align="justify" colname="col3"><DL Font="normal" Type="alpha"><DT>a)</DT><DD Font="normal"><LA Size="normal">Gefährdung von Sicherheit und Gesundheit am Arbeitsplatz feststellen und Maßnahmen zu ihrer Vermeidung ergreifen</LA></DD><DT>b)</DT><DD Font="normal"><LA Size="normal">berufsbezogene Arbeitsschutz- und Unfallverhütungsvorschriften anwenden</LA></DD><DT>c)</DT><DD Font="normal"><LA Size="normal">Verhaltensweisen bei Unfällen beschreiben und erste Maßnahmen einleiten</LA></DD><DT>d)</DT><DD Font="normal"><LA Size="normal">Vorschriften des vorbeugenden Brandschutzes anwenden; Verhaltensweisen bei Bränden beschreiben und Maßnahmen zur Brandbekämpfung ergreifen</LA></DD></DL></entry></row><row><entry VJ="1" align="center" colname="col1">4</entry><entry VJ="1" colname="col2">Umweltschutz<BR/> (§ 3 Absatz 4 Nummer 4)</entry><entry VJ="1" align="justify" colname="col3">Zur Vermeidung betriebsbedingter Umweltbelastungen im beruflichen Einwirkungsbereich beitragen, insbesondere <DL Font="normal" Type="alpha"><DT>a)</DT><DD Font="normal"><LA Size="normal">mögliche Umweltbelastungen durch den Ausbildungsbetrieb und seinen Beitrag zum Umweltschutz an Beispielen erklären</LA></DD><DT>b)</DT><DD Font="normal"><LA Size="normal">für den Ausbildungsbetrieb geltende Regelungen des Umweltschutzes anwenden</LA></DD><DT>c)</DT><DD Font="normal"><LA Size="normal">Möglichkeiten der wirtschaftlichen und umweltschonenden Energie- und Materialverwendung nutzen</LA></DD><DT>d)</DT><DD Font="normal"><LA Size="normal">Abfälle vermeiden; Stoffe und Materialien einer umweltschonenden Entsorgung zuführen</LA></DD></DL></entry></row><row><entry VJ="1" align="center" colname="col1" morerows="1">5</entry><entry VJ="1" colname="col2" morerows="1">Betriebliche und technische Kommunikation<BR/> (§ 3 Absatz 4 Nummer 5)</entry><entry VJ="1" align="justify" colname="col3"><DL Font="normal" Type="alpha"><DT>a)</DT><DD Font="normal"><LA Size="normal">technische Unterlagen, insbesondere Skizzen und Zeichnungen, lesen, erstellen und anwenden</LA></DD><DT>b)</DT><DD Font="normal"><LA Size="normal">Aufmaße anfertigen</LA></DD><DT>c)</DT><DD Font="normal"><LA Size="normal">Verlegepläne anwenden</LA></DD><DT>d)</DT><DD Font="normal"><LA Size="normal">branchenübliche Software sowie betriebsspezifische Kommunikations- und Informationssysteme nutzen</LA></DD><DT>e)</DT><DD Font="normal"><LA Size="normal">Regeln zum Datenschutz und zur Datensicherheit anwenden</LA></DD><DT>f)</DT><DD Font="normal"><LA Size="normal">Arbeiten im Team planen, Kommunikationsregeln und Problemlösungsmethoden anwenden</LA></DD></DL></entry><entry VJ="1" align="center" colname="col4" valign="middle">6</entry><entry VJ="1" align="center" colname="col5" valign="middle"/></row><row><entry VJ="1" align="justify" colname="col3"><DL Font="normal" Type="alpha"><DT>g)</DT><DD Font="normal"><LA Size="normal">Arbeiten im Team durchführen</LA></DD><DT>h)</DT><DD Font="normal"><LA Size="normal">technische Sachverhalte, insbesondere in Form von Protokollen und Berichten, aufzeichnen</LA></DD></DL></entry><entry VJ="1" align="center" colname="col4" valign="middle"/><entry VJ="1" align="center" colname="col5" valign="middle">2</entry></row><row><entry VJ="1" align="center" colname="col1" morerows="1">6</entry><entry VJ="1" colname="col2" morerows="1">Kundenorientierte<BR/> Kommunikation<BR/> (§ 3 Absatz 4 Nummer 6)</entry><entry VJ="1" align="justify" colname="col3"><DL Font="normal" Type="alpha"><DT>a)</DT><DD Font="normal"><LA Size="normal">durch eigenes Verhalten zur Kundenzufriedenheit und zum Betriebserfolg beitragen</LA></DD><DT>b)</DT><DD Font="normal"><LA Size="normal">Kundenwünsche ermitteln, auf Umsetzbarkeit prüfen, mit dem betrieblichen Leistungsangebot vergleichen, Kosten abschätzen</LA></DD></DL></entry><entry VJ="1" align="center" colname="col4" valign="middle">4</entry><entry VJ="1" align="center" colname="col5" valign="middle"/></row><row><entry VJ="1" align="justify" colname="col3"><DL Font="normal" Type="alpha"><DT>c)</DT><DD Font="normal"><LA Size="normal">Anlage übergeben, Abnahmeprotokolle erstellen</LA></DD><DT>d)</DT><DD Font="normal"><LA Size="normal">Kunden über Wartungsintervalle, Möglichkeiten von energiesparenden Maßnahmen sowie über erforderliche Instandhaltungsmaßnahmen informieren und Serviceleistungen anbieten</LA></DD><DT>e)</DT><DD Font="normal"><LA Size="normal">Kundenbeanstandungen entgegennehmen, beurteilen und Maßnahmen zur Bearbeitung ergreifen</LA></DD></DL></entry><entry VJ="1" align="center" colname="col4" valign="middle"/><entry VJ="1" align="center" colname="col5" valign="middle">4</entry></row><row><entry VJ="1" align="center" colname="col1" morerows="1">7</entry><entry VJ="1" colname="col2" morerows="1">Planen und Vorbereiten von Arbeitsabläufen<BR/> (§ 3 Absatz 4 Nummer 7)</entry><entry VJ="1" align="justify" colname="col3"><DL Font="normal" Type="alpha"><DT>a)</DT><DD Font="normal"><LA Size="normal">Aufgaben im Team kundenorientiert planen, dabei den effektiven Einsatz von Werkzeug und Material berücksichtigen</LA></DD><DT>b)</DT><DD Font="normal"><LA Size="normal">Zeitaufwand und personelle Unterstützung zur Durchführung von Arbeitsaufträgen abschätzen</LA></DD></DL></entry><entry VJ="1" align="center" colname="col4" valign="middle">4</entry><entry VJ="1" align="center" colname="col5" valign="middle"/></row><row><entry VJ="1" align="justify" colname="col3"><DL Font="normal" Type="alpha"><DT>c)</DT><DD Font="normal"><LA Size="normal">wirtschaftlichen und umweltschonenden Einsatz von Arbeitsmitteln berücksichtigen</LA></DD><DT>d)</DT><DD Font="normal"><LA Size="normal">Übereinstimmung von Planung und Baustellensituation im Hinblick auf die auszuführenden Arbeiten prüfen</LA></DD><DT>e)</DT><DD Font="normal"><LA Size="normal">andere Gewerke bei der Planung einbeziehen und Vorleistungen, insbesondere bei Lage und Größe von Aussparungen, berücksichtigen</LA></DD><DT>f)</DT><DD Font="normal"><LA Size="normal">Planung kontrollieren und anpassen</LA></DD></DL></entry><entry VJ="1" align="center" colname="col4" valign="middle"/><entry VJ="1" align="center" colname="col5" valign="middle">4</entry></row><row><entry VJ="1" align="center" colname="col1" morerows="1">8</entry><entry VJ="1" colname="col2" morerows="1">Durchführen von qualitätssichernden Maßnahmen<BR/> (§ 3 Absatz 4 Nummer 8)</entry><entry VJ="1" align="justify" colname="col3"><DL Font="normal" Type="alpha"><DT>a)</DT><DD Font="normal"><LA Size="normal">Normen und Richtlinien zur Sicherung der Qualität beachten</LA></DD><DT>b)</DT><DD Font="normal"><LA Size="normal">Prüfmittel auswählen, deren Einsatzfähigkeit prüfen und herstellen, betriebliche Prüfvorschriften anwenden</LA></DD><DT>c)</DT><DD Font="normal"><LA Size="normal">Bauteile auf Maßhaltigkeit, Dichtigkeit und sichere Verbindungen prüfen</LA></DD><DT>d)</DT><DD Font="normal"><LA Size="normal">Fehler und Störungen feststellen, Ursachen ermitteln</LA></DD><DT>e)</DT><DD Font="normal"><LA Size="normal">Maßnahmen zur Fehler- und Störungsbeseitigung ergreifen</LA></DD><DT>f)</DT><DD Font="normal"><LA Size="normal">zur kontinuierlichen Verbesserung von Arbeitsvorgängen im eigenen Arbeitsbereich beitragen</LA></DD></DL></entry><entry VJ="1" align="center" colname="col4" valign="middle">4</entry><entry VJ="1" align="center" colname="col5" valign="middle"/></row><row><entry VJ="1" align="justify" colname="col3"><DL Font="normal" Type="alpha"><DT>g)</DT><DD Font="normal"><LA Size="normal">eigene und von anderen erbrachte Leistungen kontrollieren, beurteilen und dokumentieren</LA></DD><DT>h)</DT><DD Font="normal"><LA Size="normal">Bearbeitung der Kundenaufträge, durchgeführte Qualitätskontrollen und technische Prüfungen dokumentieren</LA></DD><DT>i)</DT><DD Font="normal"><LA Size="normal">Vorgesetzte, Kollegen und Kunden über Störungen im geplanten Auftragsablauf informieren sowie Lösungsvorschläge aufzeigen</LA></DD><DT>j)</DT><DD Font="normal"><LA Size="normal">Zusammenhänge zwischen Qualität, Kundenzufriedenheit und Betriebserfolg berücksichtigen</LA></DD></DL></entry><entry VJ="1" align="center" colname="col4" valign="middle"/><entry VJ="1" align="center" colname="col5" valign="middle">4</entry></row></tbody></tgroup></table></Content></text></textdaten></norm>
</dokumente>