<?xml version="1.0" encoding="UTF-8" ?><!DOCTYPE dokumente SYSTEM "http://www.gesetze-im-internet.de/dtd/1.01/gii-norm.dtd">
<dokumente builddate="20250724215502" doknr="BJNR0AF0A0025"><norm builddate="20250724215502" doknr="BJNR0AF0A0025"><metadaten><jurabk>DBBZStV</jurabk><amtabk>DBBZStV</amtabk><ausfertigung-datum manuell="ja">2025-07-11</ausfertigung-datum><fundstelle typ="amtlich"><periodikum>BGBl. I</periodikum><zitstelle>2025, Nr. 175</zitstelle></fundstelle><kurzue>Digitalfunk-BOS-Bund-Zuständigkeitsverordnung</kurzue><langue>Verordnung zur Bestimmung der Zuständigen Stelle für den Betrieb des Digitalfunk BOS des Bundes</langue></metadaten><textdaten><fussnoten><Content><P><BR/> <pre xml:space="preserve">(+++ Textnachweis ab: 25.7.2025 +++)<BR/><BR/></pre></P></Content></fussnoten></textdaten></norm>
<norm builddate="20250724215502" doknr="BJNR0AF0A0025BJNE000100000"><metadaten><jurabk>DBBZStV</jurabk><enbez>Eingangsformel</enbez></metadaten><textdaten><text format="XML"><Content><P>Das Bundesministerium des Innern verordnet aufgrund des § 15b Absatz 2a des BDBOS-Gesetzes vom 28. August 2006 (BGBl. I S. 2039), das zuletzt durch Artikel 9 des Gesetzes vom 19. Dezember 2022 (BGBl. I S. 2632) geändert worden ist, in Verbindung mit § 1 Absatz 2 des Zuständigkeitsanpassungsgesetzes vom 16. August 2002 (BGBl. I S. 3165), das durch Artikel 7 der Verordnung vom 31. August 2015 (BGBl. I S. 1474) geändert worden ist, sowie dem Organisationserlass vom 8. Dezember 2021 (BGBl. I S. 5176) und dem Organisationserlass vom 6. Mai 2025 (BGBl. 2025 I Nr. 131):</P></Content></text></textdaten></norm>
<norm builddate="20250724215502" doknr="BJNR0AF0A0025BJNE000200000"><metadaten><jurabk>DBBZStV</jurabk><enbez>§ 1</enbez><titel format="XML">Zuständige Stelle Digitalfunk BOS Bund</titel></metadaten><textdaten><text format="XML"><Content><P>Zuständige Stelle des Bundes für den Betrieb des Digitalfunk BOS im Sinne des § 2a Absatz 2 BDBOS-Gesetz ist das Bundespolizeipräsidium.</P></Content></text></textdaten></norm>
<norm builddate="20250724215502" doknr="BJNR0AF0A0025BJNE000300000"><metadaten><jurabk>DBBZStV</jurabk><enbez>§ 2</enbez><titel format="XML">Inkrafttreten</titel></metadaten><textdaten><text format="XML"><Content><P>Diese Verordnung tritt am Tag nach der Verkündung in Kraft.</P></Content></text></textdaten></norm>
</dokumente>