<?xml version="1.0" encoding="UTF-8" ?><!DOCTYPE dokumente SYSTEM "http://www.gesetze-im-internet.de/dtd/1.01/gii-norm.dtd">
<dokumente builddate="20211207213508" doknr="BJNR128800017"><norm builddate="20211207213508" doknr="BJNR128800017"><metadaten><jurabk>LwErzgSchulproTeilnV</jurabk><amtabk>LwErzgSchulproTeilnV</amtabk><ausfertigung-datum manuell="ja">2017-05-26</ausfertigung-datum><fundstelle typ="amtlich"><periodikum>BGBl I</periodikum><zitstelle>2017, 1288</zitstelle></fundstelle><kurzue>Landwirtschaftserzeugnisse-Schulprogramm-Teilnahmeverordnung</kurzue><langue>Verordnung zur Durchführung der Teilnahme der Länder am Schulprogramm für landwirtschaftliche Erzeugnisse</langue><standangabe checked="ja"><standtyp>Stand</standtyp><standkommentar>Geändert durch Art. 1 V v. 20.10.2021 I 4727</standkommentar></standangabe></metadaten><textdaten><fussnoten><Content><P><BR/> <pre xml:space="preserve">(+++ Textnachweis ab: 1.6.2017 +++)<BR/><BR/></pre></P></Content></fussnoten></textdaten></norm>
<norm builddate="20211207213508" doknr="BJNR128800017BJNE000100000"><metadaten><jurabk>LwErzgSchulproTeilnV</jurabk><enbez>Eingangsformel</enbez></metadaten><textdaten><text format="XML"><Content><P>Auf Grund des § 6 Absatz 1 Satz 1 des Landwirtschaftserzeugnisse-Schulprogrammgesetzes vom 13. Dezember 2016 (BGBl. I S. 2858) verordnet das Bundesministerium für Ernährung und Landwirtschaft:</P></Content></text></textdaten></norm>
<norm builddate="20211207213508" doknr="BJNR128800017BJNE000201119"><metadaten><jurabk>LwErzgSchulproTeilnV</jurabk><enbez>§ 1</enbez><titel format="XML">Anzeige- und Übermittlungsfristen</titel></metadaten><textdaten><text format="XML"><Content><P>(1) Die Länder zeigen ihre Teilnahme am Schulprogramm für landwirtschaftliche Erzeugnisse nach § 3 Absatz 1 des Landwirtschaftserzeugnisse-Schulprogrammgesetzes bis zum 31. Oktober des Kalenderjahres, das dem Schuljahr der geplanten Teilnahme vorangeht, dem Bundesministerium für Ernährung und Landwirtschaft (Bundesministerium) an.</P><P>(2) Die Länder übermitteln dem Bundesministerium ihre regionale Strategie nach § 3 Absatz 2 Satz 1 Nummer 1 des Landwirtschaftserzeugnisse-Schulprogrammgesetzes bis zum 31. März des Kalenderjahres, in dem das Schuljahr beginnt, für das die Strategie erstmals angewendet werden soll. Sie übermitteln ihre geänderte regionale Strategie nach § 3 Absatz 2 Satz 1 Nummer 2 des Landwirtschaftserzeugnisse-Schulprogrammgesetzes innerhalb eines Monats nach der Änderung.</P><P>(3) Für die Mitteilungspflichten der Länder nach § 3 Absatz 3 Satz 1 Nummer 1 des Landwirtschaftserzeugnisse-Schulprogrammgesetzes gilt eine Frist bis zum 31. Dezember des Kalenderjahres, in dem das laufende Schuljahr begonnen hat. Für die Mitteilungspflichten der Länder nach § 3 Absatz 3 Satz 1 Nummer 2 des Landwirtschaftserzeugnisse-Schulprogrammgesetzes gilt eine Frist bis zum 31. Dezember des Kalenderjahres, das dem kommenden Schuljahr vorangeht.</P></Content></text><fussnoten/></textdaten></norm>
<norm builddate="20211207213508" doknr="BJNR128800017BJNE000301119"><metadaten><jurabk>LwErzgSchulproTeilnV</jurabk><enbez>§ 2</enbez><titel format="XML">Vorläufige und endgültige Mittelzuweisung</titel></metadaten><textdaten><text format="XML"><Content><P>(1) Das Bundesministerium teilt den Ländern die voraussichtliche Höhe der auf die Länder entfallenden vorläufigen Mittelzuweisung nach § 4 Absatz 2 des Landwirtschaftserzeugnisse-Schulprogrammgesetzes bis zum 15. November des Kalenderjahres mit, das dem Schuljahr der geplanten Teilnahme vorangeht.</P><P>(2) Das Bundesministerium gibt den Ländern die endgültige Höhe der auf die Länder entfallenden endgültigen Mittelzuweisung nach § 4 Absatz 3 des Landwirtschaftserzeugnisse-Schulprogrammgesetzes innerhalb von zwei Wochen nach Veröffentlichung des Durchführungsrechtsaktes der Kommission über die endgültige Mittelzuweisung an die Mitgliedstaaten im Rahmen des EU-Schulprogramms bekannt. Für Änderungen der endgültigen Mittelzuweisung nach § 4 Absatz 4 des Landwirtschaftserzeugnisse-Schulprogrammgesetzes gilt Satz 1 entsprechend.</P></Content></text><fussnoten/></textdaten></norm>
<norm builddate="20211207213508" doknr="BJNR128800017BJNE000401119"><metadaten><jurabk>LwErzgSchulproTeilnV</jurabk><enbez>§ 3</enbez><titel format="XML">(weggefallen)</titel></metadaten><textdaten><text format="XML"><Content/></text><fussnoten/></textdaten></norm>
<norm builddate="20211207213508" doknr="BJNR128800017BJNE000500000"><metadaten><jurabk>LwErzgSchulproTeilnV</jurabk><enbez>§ 4</enbez><titel format="XML">Inkrafttreten</titel></metadaten><textdaten><text format="XML"><Content><P>Diese Verordnung tritt am Tag nach der Verkündung in Kraft.</P></Content></text></textdaten></norm>
<norm builddate="20211207213508" doknr="BJNR128800017BJNE000600000"><metadaten><jurabk>LwErzgSchulproTeilnV</jurabk><enbez>Schlussformel</enbez></metadaten><textdaten><text format="XML"><Content><P>Der Bundesrat hat zugestimmt.</P></Content></text></textdaten></norm>
</dokumente>