<?xml version="1.0" encoding="UTF-8" ?><!DOCTYPE dokumente SYSTEM "http://www.gesetze-im-internet.de/dtd/1.01/gii-norm.dtd">
<dokumente builddate="20180306214003" doknr="BJNR200160927"><norm builddate="20180306214003" doknr="BJNR200160927"><metadaten><jurabk>WZIRNBek</jurabk><ausfertigung-datum manuell="ja">1927-01-18</ausfertigung-datum><fundstelle typ="amtlich"><periodikum>RGBl II</periodikum><zitstelle>1927, 16</zitstelle></fundstelle><langue>Bekanntmachung über den Schutz deutscher Warenbezeichnungen in Persien</langue></metadaten><textdaten><text format="XML"><Content><P/></Content></text><fussnoten><Content><P>(+++ Textnachweis Geltung ab:  1. 1.1964 +++)</P></Content></fussnoten></textdaten></norm>
<norm builddate="20180306214003" doknr="BJNR200160927BJNE000100306"><metadaten><jurabk>WZIRNBek</jurabk><enbez>(XXXX)</enbez></metadaten><textdaten><text format="XML"><Content><P>Unter Bezugnahme auf § 23 des Gesetzes zum Schutz der Warenbezeichnungen (Reichsgesetzbl. 1923 II S. 437) wird hierdurch bekanntgemacht, daß in Persien deutsche Warenbezeichnungen in demselben Umfang wie inländische Warenbezeichnungen zum gesetzlichen Schutze zugelassen werden.<BR/><BR/><SP>Der Reichsminister der Justiz</SP></P></Content></text></textdaten></norm>
</dokumente>