<?xml version="1.0" encoding="UTF-8" ?><!DOCTYPE dokumente SYSTEM "http://www.gesetze-im-internet.de/dtd/1.01/gii-norm.dtd">
<dokumente builddate="20161206221531" doknr="BJNR271700016"><norm builddate="20161206221531" doknr="BJNR271700016"><metadaten><jurabk>ALBeitrBek 2017</jurabk><ausfertigung-datum manuell="ja">2016-11-28</ausfertigung-datum><fundstelle typ="amtlich"><periodikum>BGBl I</periodikum><zitstelle>2016, 2717</zitstelle></fundstelle><langue>Bekanntmachung der Beiträge und der Beitragszuschüsse in der Alterssicherung der Landwirte für das Jahr 2017</langue></metadaten><textdaten><fussnoten><Content><P><BR/> <pre xml:space="preserve">(+++ Textnachweis ab: 2.12.2016 +++)<BR/><BR/></pre></P></Content></fussnoten></textdaten></norm>
<norm builddate="20161206221531" doknr="BJNR271700016BJNE000100000"><metadaten><jurabk>ALBeitrBek 2017</jurabk><enbez>(XXXX)</enbez></metadaten><textdaten><text format="XML"><Content><P>Auf Grund des § 33 Absatz 1 und der §§ 68, 114 und 120 des Gesetzes über die Alterssicherung der Landwirte, von denen § 33 Absatz 1 und § 68 zuletzt durch Artikel 17 Nummer 13 und 23 geändert und die §§ 114 und 120 durch Artikel 17 Nummer 36 und 38 des Gesetzes vom 20. April 2007 (BGBl. I S. 554) neu gefasst worden sind, wird bekannt gemacht:</P><P><DL Font="normal" Type="arabic"><DT>1.</DT><DD Font="normal"><LA Size="normal">Der Beitrag in der Alterssicherung der Landwirte beträgt für das Kalenderjahr 2017 monatlich 241 Euro.</LA></DD><DT>2.</DT><DD Font="normal"><LA Size="normal">Der Beitrag in der Alterssicherung der Landwirte beträgt für das Beitrittsgebiet für das Kalenderjahr 2017 monatlich 216 Euro.</LA></DD><DT>3.</DT><DD Font="normal"><LA Size="normal">Der monatliche Zuschussbetrag für das Kalenderjahr 2017 wird wie folgt festgesetzt: <table frame="top" pgwide="1" tocentry="%yes;"><tgroup align="left" char="" charoff="50" cols="3"><colspec align="right" colname="col1" colwidth="8*"/><colspec align="center" colname="col2" colwidth="35*"/><colspec align="center" colname="col3" colwidth="25*"/><thead valign="bottom"><row rowsep="1"><entry VJ="1" align="center" colsep="1" nameend="col2" namest="col1" valign="middle">Einkommensklasse</entry><entry VJ="1" colname="col3" valign="middle">monatlicher<BR/> Zuschussbetrag</entry></row></thead><tbody valign="top"><row><entry VJ="1" colname="col1" colsep="0" rowsep="0">bis</entry><entry VJ="1" align="center" colname="col2" colsep="0" rowsep="0">8 220 Euro</entry><entry VJ="1" colname="col3" rowsep="0">145 Euro,</entry></row><row><entry VJ="1" colname="col1" colsep="0" rowsep="0"/><entry VJ="1" align="center" colname="col2" colsep="0" rowsep="0"> 8 221 bis  8 740 Euro</entry><entry VJ="1" colname="col3" rowsep="0">135 Euro,</entry></row><row><entry VJ="1" colname="col1" colsep="0" rowsep="0"/><entry VJ="1" align="center" colname="col2" colsep="0" rowsep="0"> 8 741 bis  9 260 Euro</entry><entry VJ="1" colname="col3" rowsep="0">125 Euro,</entry></row><row><entry VJ="1" colname="col1" colsep="0" rowsep="0"/><entry VJ="1" align="center" colname="col2" colsep="0" rowsep="0"> 9 261 bis  9 780 Euro</entry><entry VJ="1" colname="col3" rowsep="0">116 Euro,</entry></row><row><entry VJ="1" colname="col1" colsep="0" rowsep="0"/><entry VJ="1" align="center" colname="col2" colsep="0" rowsep="0"> 9 781 bis 10 300 Euro</entry><entry VJ="1" colname="col3" rowsep="0">106 Euro,</entry></row><row><entry VJ="1" colname="col1" colsep="0" rowsep="0"/><entry VJ="1" align="center" colname="col2" colsep="0" rowsep="0">10 301 bis 10 820 Euro</entry><entry VJ="1" colname="col3" rowsep="0"> 96 Euro,</entry></row><row><entry VJ="1" colname="col1" colsep="0" rowsep="0"/><entry VJ="1" align="center" colname="col2" colsep="0" rowsep="0">10 821 bis 11 340 Euro</entry><entry VJ="1" colname="col3" rowsep="0"> 87 Euro,</entry></row><row><entry VJ="1" colname="col1" colsep="0" rowsep="0"/><entry VJ="1" align="center" colname="col2" colsep="0" rowsep="0">11 341 bis 11 860 Euro</entry><entry VJ="1" colname="col3" rowsep="0"> 77 Euro,</entry></row><row><entry VJ="1" colname="col1" colsep="0" rowsep="0"/><entry VJ="1" align="center" colname="col2" colsep="0" rowsep="0">11 861 bis 12 380 Euro</entry><entry VJ="1" colname="col3" rowsep="0"> 67 Euro,</entry></row><row><entry VJ="1" colname="col1" colsep="0" rowsep="0"/><entry VJ="1" align="center" colname="col2" colsep="0" rowsep="0">12 381 bis 12 900 Euro</entry><entry VJ="1" colname="col3" rowsep="0"> 58 Euro,</entry></row><row><entry VJ="1" colname="col1" colsep="0" rowsep="0"/><entry VJ="1" align="center" colname="col2" colsep="0" rowsep="0">12 901 bis 13 420 Euro</entry><entry VJ="1" colname="col3" rowsep="0"> 48 Euro,</entry></row><row><entry VJ="1" colname="col1" colsep="0" rowsep="0"/><entry VJ="1" align="center" colname="col2" colsep="0" rowsep="0">13 421 bis 13 940 Euro</entry><entry VJ="1" colname="col3" rowsep="0"> 39 Euro,</entry></row><row><entry VJ="1" colname="col1" colsep="0" rowsep="0"/><entry VJ="1" align="center" colname="col2" colsep="0" rowsep="0">13 941 bis 14 460 Euro</entry><entry VJ="1" colname="col3" rowsep="0"> 29 Euro,</entry></row><row><entry VJ="1" colname="col1" colsep="0" rowsep="0"/><entry VJ="1" align="center" colname="col2" colsep="0" rowsep="0">14 461 bis 14 980 Euro</entry><entry VJ="1" colname="col3" rowsep="0"> 19 Euro,</entry></row><row><entry VJ="1" colname="col1" colsep="0"/><entry VJ="1" align="center" colname="col2" colsep="0">14 981 bis 15 500 Euro</entry><entry VJ="1" colname="col3"> 10 Euro.</entry></row></tbody></tgroup></table></LA></DD><DT>4.</DT><DD Font="normal"><LA Size="normal">Der monatliche Zuschussbetrag für das Beitrittsgebiet für das Kalenderjahr 2017 wird wie folgt festgesetzt: <table frame="top" pgwide="1" tocentry="%yes;"><tgroup align="left" char="" charoff="50" cols="3"><colspec align="right" colname="col1" colwidth="8*"/><colspec align="center" colname="col2" colwidth="35*"/><colspec align="center" colname="col3" colwidth="25*"/><thead valign="bottom"><row rowsep="1"><entry VJ="1" align="center" colsep="1" nameend="col2" namest="col1" valign="middle">Einkommensklasse</entry><entry VJ="1" colname="col3" valign="middle">monatlicher<BR/> Zuschussbetrag<BR/> (Ost)</entry></row></thead><tbody valign="top"><row><entry VJ="1" colname="col1" colsep="0" rowsep="0">bis</entry><entry VJ="1" align="center" colname="col2" colsep="0" rowsep="0">8 220 Euro</entry><entry VJ="1" colname="col3" rowsep="0">130 Euro,</entry></row><row><entry VJ="1" colname="col1" colsep="0" rowsep="0"/><entry VJ="1" colname="col2" colsep="0" rowsep="0"> 8 221 bis  8 740 Euro</entry><entry VJ="1" colname="col3" rowsep="0">121 Euro,</entry></row><row><entry VJ="1" colname="col1" colsep="0" rowsep="0"/><entry VJ="1" colname="col2" colsep="0" rowsep="0"> 8 741 bis  9 260 Euro</entry><entry VJ="1" colname="col3" rowsep="0">112 Euro,</entry></row><row><entry VJ="1" colname="col1" colsep="0" rowsep="0"/><entry VJ="1" colname="col2" colsep="0" rowsep="0"> 9 261 bis  9 780 Euro</entry><entry VJ="1" colname="col3" rowsep="0">104 Euro,</entry></row><row><entry VJ="1" colname="col1" colsep="0" rowsep="0"/><entry VJ="1" colname="col2" colsep="0" rowsep="0"> 9 781 bis 10 300 Euro</entry><entry VJ="1" colname="col3" rowsep="0"> 95 Euro,</entry></row><row><entry VJ="1" colname="col1" colsep="0" rowsep="0"/><entry VJ="1" colname="col2" colsep="0" rowsep="0">10 301 bis 10 820 Euro</entry><entry VJ="1" colname="col3" rowsep="0"> 86 Euro,</entry></row><row><entry VJ="1" colname="col1" colsep="0" rowsep="0"/><entry VJ="1" colname="col2" colsep="0" rowsep="0">10 821 bis 11 340 Euro</entry><entry VJ="1" colname="col3" rowsep="0"> 78 Euro,</entry></row><row><entry VJ="1" colname="col1" colsep="0" rowsep="0"/><entry VJ="1" colname="col2" colsep="0" rowsep="0">11 341 bis 11 860 Euro</entry><entry VJ="1" colname="col3" rowsep="0"> 69 Euro,</entry></row><row><entry VJ="1" colname="col1" colsep="0" rowsep="0"/><entry VJ="1" colname="col2" colsep="0" rowsep="0">11 861 bis 12 380 Euro</entry><entry VJ="1" colname="col3" rowsep="0"> 60 Euro,</entry></row><row><entry VJ="1" colname="col1" colsep="0" rowsep="0"/><entry VJ="1" colname="col2" colsep="0" rowsep="0">12 381 bis 12 900 Euro</entry><entry VJ="1" colname="col3" rowsep="0"> 52 Euro,</entry></row><row><entry VJ="1" colname="col1" colsep="0" rowsep="0"/><entry VJ="1" colname="col2" colsep="0" rowsep="0">12 901 bis 13 420 Euro</entry><entry VJ="1" colname="col3" rowsep="0"> 43 Euro,</entry></row><row><entry VJ="1" colname="col1" colsep="0" rowsep="0"/><entry VJ="1" colname="col2" colsep="0" rowsep="0">13 421 bis 13 940 Euro</entry><entry VJ="1" colname="col3" rowsep="0"> 35 Euro,</entry></row><row><entry VJ="1" colname="col1" colsep="0" rowsep="0"/><entry VJ="1" colname="col2" colsep="0" rowsep="0">13 941 bis 14 460 Euro</entry><entry VJ="1" colname="col3" rowsep="0"> 26 Euro,</entry></row><row><entry VJ="1" colname="col1" colsep="0" rowsep="0"/><entry VJ="1" colname="col2" colsep="0" rowsep="0">14 461 bis 14 980 Euro</entry><entry VJ="1" colname="col3" rowsep="0"> 17 Euro,</entry></row><row><entry VJ="1" colname="col1" colsep="0"/><entry VJ="1" colname="col2" colsep="0">14 981 bis 15 500 Euro</entry><entry VJ="1" colname="col3">  9 Euro.</entry></row></tbody></tgroup></table></LA></DD></DL></P></Content></text></textdaten></norm>
<norm builddate="20161206221531" doknr="BJNR271700016BJNE000200000"><metadaten><jurabk>ALBeitrBek 2017</jurabk><enbez>Schlussformel</enbez></metadaten><textdaten><text format="XML"><Content><P><SP>Bundesministerium für Arbeit und Soziales</SP></P></Content></text></textdaten></norm>
</dokumente>