<?xml version="1.0" encoding="UTF-8" ?><!DOCTYPE dokumente SYSTEM "http://www.gesetze-im-internet.de/dtd/1.01/gii-norm.dtd">
<dokumente builddate="20130405125202" doknr="BJNR007610968"><norm builddate="20130405125202" doknr="BJNR007610968"><metadaten><jurabk>BTPräsAmtsbezAnO</jurabk><ausfertigung-datum manuell="ja">1968-06-18</ausfertigung-datum><fundstelle typ="amtlich"><periodikum>BGBl I</periodikum><zitstelle>1968, 761</zitstelle></fundstelle><langue>Anordnung des Präsidenten des Deutschen Bundestages über die Festsetzung
einer Amtsbezeichnung</langue></metadaten><textdaten><text format="XML"><Content><P/></Content></text><fussnoten><Content><P>(+++ Textnachweis ab:  1. 7.1968 +++)</P></Content></fussnoten></textdaten></norm>
<norm builddate="20130405125202" doknr="BJNR007610968BJNE000100303"><metadaten><jurabk>BTPräsAmtsbezAnO</jurabk><enbez>(XXXX)</enbez></metadaten><textdaten><text format="XML"><Content><P>Auf Grund der mir am 29. März 1968 übertragenen Befugnis (Bundesgesetzbl. I S. 252) setze ich für den Leiter der Verwaltung des Deutschen Bundestages folgende Amtsbezeichnung fest: <DL Font="normal" Type="arabic"><DT/><DD Font="normal"><LA Size="normal">Direktor des Deutschen Bundestages.</LA></DD></DL></P></Content></text></textdaten></norm>
</dokumente>