<?xml version="1.0" encoding="UTF-8" ?><!DOCTYPE dokumente SYSTEM "http://www.gesetze-im-internet.de/dtd/1.01/gii-norm.dtd">
<dokumente builddate="20120625155140" doknr="BJNR043400997"><norm builddate="20120625155140" doknr="BJNR043400997"><metadaten><jurabk>ARGEuaÄndG</jurabk><ausfertigung-datum manuell="ja">1997-03-06</ausfertigung-datum><fundstelle typ="amtlich"><periodikum>BGBl I</periodikum><zitstelle>1997, 434</zitstelle></fundstelle><langue>Gesetz zur Regelung der Altschulden
für gesellschaftliche Einrichtungen, zur Änderung
des Erblastentilgungsfonds-Gesetzes und zur
Änderung des Investitionsförderungsgesetzes
Aufbau Ost</langue></metadaten><textdaten><text format="XML"><Content><P/></Content></text><fussnoten><Content><P>(+++ Textnachweis ab: 15. 3.1997 +++)</P><P><BR/> Art. 1: ARG 105-29 <BR/>Art. 2 bis 3: Änderungsvorschriften <BR/>Art. 4: Übergangsvorschrift <BR/>Art. 5: Inkrafttreten</P></Content></fussnoten></textdaten></norm>
<norm builddate="20120625155140" doknr="BJNR043400997BJNE000100305"><metadaten><jurabk>ARGEuaÄndG</jurabk><enbez>Eingangsformel</enbez></metadaten><textdaten><text format="XML"><Content><P>Der Bundestag hat mit Zustimmung des Bundesrates das folgende Gesetz beschlossen:</P></Content></text></textdaten></norm>
<norm builddate="20120625155140" doknr="BJNR043400997BJNE000200305"><metadaten><jurabk>ARGEuaÄndG</jurabk><enbez>Art 1</enbez><titel format="parat">Gesetz zur Regelung der Altschulden für
gesellschaftliche Einrichtungen
(Altschuldenregelungsgesetz - ARG)</titel></metadaten><textdaten><text format="XML"><Content><P>-</P></Content></text><fussnoten/></textdaten></norm>
<norm builddate="20120625155140" doknr="BJNR043400997BJNE000300305"><metadaten><jurabk>ARGEuaÄndG</jurabk><enbez>(XXXX) Art 2 und 3</enbez></metadaten><textdaten><text format="XML"><Content><P>-</P></Content></text><fussnoten/></textdaten></norm>
<norm builddate="20120625155140" doknr="BJNR043400997BJNE000400305"><metadaten><jurabk>ARGEuaÄndG</jurabk><enbez>Art 4</enbez></metadaten><textdaten><text format="XML"><Content><P>Unter Beachtung der Regelung des Artikels 1 § 3 Abs. 1 wird bis zum 31. Dezember 2004 auf der Grundlage einer Rechnungslegung des Bundes über den Erblastentilgungsfonds eine Anschlußregelung der Länder gemäß Artikel 1 des Einigungsvertrages mit der Bundesregierung über die Zuführung der Restzahlungen gegenüber dem Bund abgeschlossen. Kommt eine solche Vereinbarung nicht zustande, erfolgt eine Verrechnung der jährlichen Leistungen der Länder Brandenburg, Mecklenburg-Vorpommern, Sachsen, Sachsen-Anhalt und Thüringen in Höhe von jeweils 52.436.055,61 Deutsche Mark in Monatsbeträgen mit den monatlichen Zahlungen des Bundes auf die Länderanteile an der Einfuhrumsatzsteuer nach § 14 Abs. 2 des Finanzausgleichsgesetzes zwischen Bund und Ländern.</P></Content></text></textdaten></norm>
<norm builddate="20120625155140" doknr="BJNR043400997BJNE000500305"><metadaten><jurabk>ARGEuaÄndG</jurabk><enbez>Art 5</enbez></metadaten><textdaten><text format="XML"><Content><P>Dieses Gesetz tritt am Tage nach der Verkündung in Kraft.</P></Content></text></textdaten></norm>
</dokumente>