<?xml version="1.0" encoding="UTF-8" ?><!DOCTYPE dokumente SYSTEM "http://www.gesetze-im-internet.de/dtd/1.01/gii-norm.dtd">
<dokumente builddate="20230629213508" doknr="BJNR617800023"><norm builddate="20230629213508" doknr="BJNR617800023"><metadaten><jurabk>SchKG§19Abs2/§24Bek 2023</jurabk><ausfertigung-datum manuell="ja">2023-06-01</ausfertigung-datum><fundstelle typ="amtlich"><periodikum>BAnz</periodikum><zitstelle>AT 27.06.2023 B3</zitstelle></fundstelle><langue>Bekanntmachung über die nach § 19 Absatz 2 in Verbindung mit § 24 des Schwangerschaftskonfliktgesetzes ab dem 1. Juli 2023 geltenden Beträge</langue></metadaten><textdaten><fussnoten><Content><P><BR/> <pre xml:space="preserve">(+++ Textnachweis ab: 27.6.2023 +++)<BR/><BR/></pre></P></Content></fussnoten></textdaten></norm>
<norm builddate="20230629213508" doknr="BJNR617800023BJNE000100000"><metadaten><jurabk>SchKG§19Abs2/§24Bek 2023</jurabk><enbez>(XXXX)</enbez></metadaten><textdaten><text format="XML"><Content><P>Aufgrund des § 24 des Schwangerschaftskonfliktgesetzes, der durch Artikel 36 Nummer 4 des Gesetzes vom 8. Dezember 2010 (BGBl. I S. 1864) eingefügt worden ist, macht das Bundesministerium für Familie, Senioren, Frauen und Jugend die ab dem 1. Juli 2023 geltenden Beträge gemäß § 19 Absatz 2 des Schwangerschaftskonfliktgesetzes wie folgt bekannt: <DL Type="arabic"><DT>1.</DT><DD Font="normal"><LA>Die Einkommensgrenze nach § 19 Absatz 2 Satz 1 beträgt <B>1 383</B> Euro.</LA></DD><DT>2.</DT><DD Font="normal"><LA>Der Zuschlag für Kinder nach § 19 Absatz 2 Satz 2 beträgt <B>328</B> Euro.</LA></DD><DT>3.</DT><DD Font="normal"><LA>Bei den Kosten der Unterkunft nach § 19 Absatz 2 Satz 3 wird ein <B>405</B> Euro übersteigender Mehrbetrag bis zur Höhe von <B>405</B> Euro berücksichtigt.</LA></DD></DL></P></Content></text></textdaten></norm>
</dokumente>