<?xml version="1.0" encoding="UTF-8" ?><!DOCTYPE dokumente SYSTEM "http://www.gesetze-im-internet.de/dtd/1.01/gii-norm.dtd">
<dokumente builddate="20120625151255" doknr="BJNR210890976"><norm builddate="20120625151255" doknr="BJNR210890976"><metadaten><jurabk>FMVtr1973G</jurabk><ausfertigung-datum manuell="ja">1976-07-09</ausfertigung-datum><fundstelle typ="amtlich"><periodikum>BGBl II</periodikum><zitstelle>1976, 1089</zitstelle></fundstelle><langue>Gesetz zu dem Internationalen Fernmeldevertrag vom 25. Oktober 1973</langue></metadaten><textdaten><text format="XML"><Content><P/></Content></text><fussnoten><Content><P>(+++ Textnachweis ab: 17. 7.1976 +++) <BR/>G nachgewiesen im Fundstellennachweis B</P></Content></fussnoten></textdaten></norm>
<norm builddate="20120625151255" doknr="BJNR210890976BJNE000100314"><metadaten><jurabk>FMVtr1973G</jurabk><enbez>Art 1</enbez></metadaten><textdaten><text format="XML"><Content><P>Dem in Malaga-Torremolinos am 25. Oktober 1973 von der Bundesrepublik Deutschland unterzeichneten Internationalen Fernmeldevertrag einschließlich seiner Anlagen wird zugestimmt. Der Vertrag sowie das Schlußprotokoll und die Zusatzprotokolle I bis VI vom 25. Oktober 1973 werden nachstehend veröffentlicht.</P></Content></text><fussnoten/></textdaten></norm>
<norm builddate="20120625151255" doknr="BJNR210890976BJNE000200314"><metadaten><jurabk>FMVtr1973G</jurabk><enbez>Art 2</enbez></metadaten><textdaten><text format="XML"><Content><P>Soweit die Vollzugsordnungen zu dem Vertrag durch Rechtsverordnung in Kraft gesetzt werden, braucht der Wortlaut der Vollzugsordnungen nicht verkündet zu werden, sofern in der Rechtsverordnung die Bezugsquelle der Vollzugsordnungen bezeichnet wird.</P></Content></text></textdaten></norm>
<norm builddate="20120625151255" doknr="BJNR210890976BJNE000300314"><metadaten><jurabk>FMVtr1973G</jurabk><enbez>Art 3</enbez></metadaten><textdaten><text format="XML"><Content><P>Dieses Gesetz gilt auch im Land Berlin, sofern das Land Berlin die Anwendung dieses Gesetzes feststellt.</P></Content></text></textdaten></norm>
<norm builddate="20120625151255" doknr="BJNR210890976BJNE000400314"><metadaten><jurabk>FMVtr1973G</jurabk><enbez>Art 4</enbez></metadaten><textdaten><text format="XML"><Content><P>(1) Dieses Gesetz tritt am Tage nach seiner Verkündung in Kraft.</P><P>(2) Der Tag, an dem der Vertrag nach seinem Artikel 45 Nr. 3 sowie die Protokolle für die Bundesrepublik Deutschland in Kraft treten, ist im Bundesgesetzblatt bekanntzugeben.</P></Content> </text></textdaten></norm>
</dokumente>