<?xml version="1.0" encoding="UTF-8" ?><!DOCTYPE dokumente SYSTEM "http://www.gesetze-im-internet.de/dtd/1.01/gii-norm.dtd">
<dokumente builddate="20260105215618" doknr="BJNR1590B0025"><norm builddate="20260105215618" doknr="BJNR1590B0025"><metadaten><jurabk>PostAufgÜberlG</jurabk><amtabk>PostAufgÜberlG</amtabk><ausfertigung-datum manuell="ja">2025-12-22</ausfertigung-datum><fundstelle typ="amtlich"><periodikum>BGBl. I</periodikum><zitstelle>2025, Nr. 345</zitstelle></fundstelle><kurzue>Postaufgabenüberleitungsgesetz</kurzue><langue>Gesetz zur Überleitung öffentlicher Aufgaben bei Umwandlungsmaßnahmen der Deutsche Post AG</langue></metadaten><textdaten><fussnoten><Content><P><BR/> <pre xml:space="preserve">(+++ Nachgewiesener Text noch nicht dokumentarisch bearbeitet +++)<BR/><BR/></pre>Das G wurde als Artikel 1 des G v. 22.12.2025 I Nr. 345 vom Bundestag beschlossen. Es tritt gem. Art. 11 Satz 2 dieses G am 23.12.2025 in Kraft.</P></Content></fussnoten></textdaten></norm>
<norm builddate="20260105215618" doknr="BJNR1590B0025BJNE000100000"><metadaten><jurabk>PostAufgÜberlG</jurabk><enbez>§ 1</enbez><titel format="XML">Verordnungsermächtigung zur Übertragung durch Rechtsvorschriften zugewiesener öffentlicher Aufgaben, Rechte, Pflichten, Befugnisse und Zuständigkeiten</titel></metadaten><textdaten><text format="XML"><Content><P>(1) Die Bundesregierung wird ermächtigt, durch Rechtsverordnung, die nicht der Zustimmung des Bundesrates bedarf, nach Anhörung der vertretungsberechtigten Organe der Deutsche Post AG, die öffentlichen Aufgaben, Rechte, Pflichten, Befugnisse und Zuständigkeiten, die der Deutsche Post AG (Vorgängerunternehmen) durch Gesetz oder Rechtsverordnung des Bundes zugewiesen sind, nach Maßgabe der Absätze 2 und 3 auf eine andere inländische Kapitalgesellschaft, auf welche im Rahmen einer Maßnahme nach dem Umwandlungsgesetz Vermögenswerte der Deutsche Post AG übergehen (Nachfolgeunternehmen), zu übertragen, soweit diese öffentlichen Aufgaben, Rechte, Pflichten, Befugnisse und Zuständigkeiten nicht bereits nach § 38 des Postpersonalrechtsgesetzes vom 14. September 1994 (BGBl. I S. 2325, 2353), das zuletzt durch Artikel 4 des Gesetzes vom 20. Dezember 2023 (BGBl. 2023 I Nr. 389) geändert worden ist, übertragen werden können. Das Bundesministerium der Finanzen wird ferner ermächtigt, durch Rechtsverordnung ohne Zustimmung des Bundesrates in Rechtsverordnungen die Bezeichnung „Deutsche Post AG“ oder „Deutschen Post AG“ anzupassen, sofern und soweit dies zum Zwecke der Rechtsklarheit und Rechtssicherheit erforderlich ist. Dies gilt entsprechend für weitere Anpassungen, wenn die Bezeichnung „Deutsche Post AG“ oder „Deutschen Post AG“ bereits angepasst wurde.</P><P>(2) Für den Fall, dass die Bundesregierung von der Verordnungsermächtigung nach Absatz 1 Gebrauch macht, sind dem Nachfolgeunternehmen die folgenden öffentlichen Aufgaben, Rechte, Pflichten, Befugnisse und Zuständigkeiten zu übertragen (Aufgabenübertragung): <DL Type="arabic"><DT>1.</DT><DD Font="normal"><LA>der Deutsche Post AG durch § 119 und aufgrund von § 120 des Sechsten Buches Sozialgesetzbuch – Gesetzliche Rentenversicherung – in der Fassung der Bekanntmachung vom 19. Februar 2002 (BGBl. I S. 754, 1404, 3384), das zuletzt durch Artikel 11 des Gesetzes vom 18. Dezember 2024 (BGBl. 2024 I Nr. 423) geändert worden ist, zugewiesene Aufgaben, Rechte, Pflichten, Befugnisse und Zuständigkeiten im Rahmen der gesetzlichen Rentenversicherung,</LA></DD><DT>2.</DT><DD Font="normal"><LA>der Deutsche Post AG durch § 99 und aufgrund von § 100 des Siebten Buches Sozialgesetzbuch – Gesetzliche Unfallversicherung – (Artikel 1 des Gesetzes vom 7. August 1996, BGBl. I S. 1254), das zuletzt durch Artikel 66 des Gesetzes vom 23. Oktober 2024 (BGBl. 2024 I Nr. 323) geändert worden ist, zugewiesene Aufgaben, Rechte, Pflichten, Befugnisse und Zuständigkeiten im Rahmen der gesetzlichen Unfallversicherung,</LA></DD><DT>3.</DT><DD Font="normal"><LA>der Deutsche Post AG durch die Renten Service Verordnung vom 28. Juli 1994 (BGBl. I S. 1867), die zuletzt durch Artikel 31 des Gesetzes vom 20. Dezember 2022 (BGBl. I S. 2759) geändert worden ist, zugewiesene Aufgaben, Rechte, Pflichten, Befugnisse und Zuständigkeiten im Rahmen der gesetzlichen Renten- und der gesetzlichen Unfallversicherung,</LA></DD><DT>4.</DT><DD Font="normal"><LA>der Deutsche Post AG zugewiesene Aufgaben, Rechte, Pflichten, Befugnisse und Zuständigkeiten im Rahmen automatisierter Datenabgleichverfahren auf Grundlage von <DL Type="alpha"><DT>a)</DT><DD Font="normal"><LA>§ 2 Absatz 3 in Verbindung mit § 1b Absatz 1 Satz 1 Nummer 1 der Grundsicherungs-Datenabgleichsverordnung vom 27. Juli 2005 (BGBl. I S. 2273), die zuletzt durch Artikel 1 der Verordnung vom 30. November 2017 (BGBl. I S. 3826) geändert worden ist,</LA></DD><DT>b)</DT><DD Font="normal"><LA>§ 33 Absatz 2 Satz 1 Nummer 7 des Wohngeldgesetzes vom 24. September 2008 (BGBl. I S. 1856), das zuletzt durch Artikel 50 des Gesetzes vom 2. Dezember 2024 (BGBl. 2024 I Nr. 387) geändert worden ist, in Verbindung mit den §§ 16 bis 22 der Wohngeldverordnung in der Fassung der Bekanntmachung vom 19. Oktober 2001 (BGBl. I S. 2722), die zuletzt durch Artikel 2 der Verordnung vom 21. Oktober 2024 (BGBl. 2024 I Nr. 314) geändert worden ist, und</LA></DD><DT>c)</DT><DD Font="normal"><LA>§ 6 Absatz 3 in Verbindung mit § 4 Absatz 1 Satz 2 Nummer 3 der Sozialhilfedatenabgleichsverordnung vom 20. Februar 2018 (BGBl. I S. 207),</LA></DD></DL></LA></DD><DT>5.</DT><DD Font="normal"><LA>die der Deutsche Post AG nach § 5 Absatz 2 des Zollverwaltungsgesetzes vom 21. Dezember 1992 (BGBl. I S. 2125; 1993 I S. 2493), das zuletzt durch Artikel 23 des Gesetzes vom 15. Juli 2024 (BGBl. 2024 I Nr. 236) geändert worden ist, zugewiesenen Aufgaben, Rechte, Pflichten, Befugnisse und Zuständigkeiten sowie</LA></DD><DT>6.</DT><DD Font="normal"><LA>alle weiteren der Deutsche Post AG in den in § 3 Absatz 2 genannten Gesetzen oder auf Grundlage von diesen und in Rechtsverordnungen zugewiesenen öffentlichen Aufgaben, Rechte, Pflichten, Befugnisse und Zuständigkeiten.</LA></DD></DL></P><P>(3) Die Übertragung der öffentlichen Aufgaben, Rechte, Pflichten, Befugnisse und Zuständigkeiten auf das Nachfolgeunternehmen nach den Absätzen 1 und 2 darf nur erfolgen, wenn <DL Type="arabic"><DT>1.</DT><DD Font="normal"><LA>das Nachfolgeunternehmen infolge der Übertragung der Vermögenswerte der Deutsche Post AG über ausreichende personelle und sachliche Betriebsmittel verfügen wird, die zu einer vollständigen und ordnungsgemäßen Erfüllung der zu übertragenden Aufgaben und Pflichten, einschließlich derer nach § 4 Absatz 1, sowie der ordnungsgemäßen Ausübung der zu übertragenden Rechte, Befugnisse und Zuständigkeiten erforderlich sind und eine dauerhafte Erfüllung der Aufgaben und Pflichten mit hoher Wahrscheinlichkeit erwarten lassen,</LA></DD><DT>2.</DT><DD Font="normal"><LA>das Nachfolgeunternehmen zugleich nach § 38 Absatz 2 des Postpersonalrechtsgesetzes anstelle des Vorgängerunternehmens als Postnachfolgeunternehmen im Sinne des Postpersonalrechtsgesetzes bestimmt wird.</LA></DD></DL></P><P>(4) Zur Prüfung der Voraussetzungen nach Absatz 3 Nummer 1 steht der Bundesregierung ein Recht auf uneingeschränkte Information durch den Vorstand und den Aufsichtsrat des Vorgängerunternehmens zu.</P></Content></text></textdaten></norm>
<norm builddate="20260105215618" doknr="BJNR1590B0025BJNE000200000"><metadaten><jurabk>PostAufgÜberlG</jurabk><enbez>§ 2</enbez><titel format="XML">Zeitpunkt des Übergangs der öffentlichen Aufgaben, Rechte, Pflichten, Befugnisse und Zuständigkeiten</titel></metadaten><textdaten><text format="XML"><Content><P>Der Verordnungsgeber gewährleistet eine zeitlich lückenlose Zuweisung der übertragenen öffentlichen Aufgaben, Rechte, Pflichten, Befugnisse und Zuständigkeiten. Die Rechtsverordnung nach § 1 Absatz 1 ist vor dem Tag zu erlassen, an dem die Maßnahme nach dem Umwandlungsgesetz wirksam wird. Die Aufgabenübertragung nach § 1 Absatz 1 und 2 soll ab dem Tag des Wirksamwerdens der Maßnahme nach dem Umwandlungsgesetz wirksam werden. Dies gilt auch für die Bestimmung des Nachfolgeunternehmens als Postnachfolgeunternehmen und die Entlassung des Vorgängerunternehmens Deutsche Post AG aus dem Status eines Postnachfolgeunternehmens nach § 1 Absatz 3 Nummer 2. Die Bundesregierung gibt das Wirksamwerden der Aufgabenübertragung, der Bestimmung des Nachfolgeunternehmens zum Postnachfolgeunternehmen und der Entlassung der Deutsche Post AG aus dem Status eines Postnachfolgeunternehmens sowie den Tag des Wirksamwerdens der Maßnahme nach dem Umwandlungsgesetz im Bundesanzeiger bekannt.</P></Content></text></textdaten></norm>
<norm builddate="20260105215618" doknr="BJNR1590B0025BJNE000300000"><metadaten><jurabk>PostAufgÜberlG</jurabk><enbez>§ 3</enbez><titel format="XML">Rechtsfolgen; Verordnungsermächtigung</titel></metadaten><textdaten><text format="XML"><Content><P>(1) Mit dem Wirksamwerden der Aufgabenübertragung nach § 1 Absatz 1 und 2 tritt das Nachfolgeunternehmen in die durch Rechtsverordnung übertragenen öffentlichen Aufgaben, Rechte, Pflichten, Befugnisse und Zuständigkeiten des Vorgängerunternehmens ein, soweit diese Nachfolge nicht schon nach den Vorschriften des Umwandlungsgesetzes eintritt.</P><P>(2) Ab dem in Absatz 1 genannten Zeitpunkt gelten Nennungen der Deutsche Post AG in den im Folgenden genannten Gesetzen und Rechtsverordnungen als Bezugnahmen auf das Nachfolgeunternehmen: <DL Type="arabic"><DT>1.</DT><DD Font="normal"><LA>dem Ersten Buch Sozialgesetzbuch – Allgemeiner Teil – (Artikel I des Gesetzes vom 11. Dezember 1975, BGBl. I S. 3015), das zuletzt durch Artikel 4 des Gesetzes vom 19. Juli 2024 (BGBl. 2024 I Nr. 245) geändert worden ist,</LA></DD><DT>2.</DT><DD Font="normal"><LA>dem BSI-Gesetz vom 14. August 2009 (BGBl. I S. 2821), das zuletzt durch Artikel 12 des Gesetzes vom 23. Juni 2021 (BGBl. I S. 1982) geändert worden ist,</LA></DD><DT>3.</DT><DD Font="normal"><LA>dem Gesetz über die Alterssicherung der Landwirte vom 29. Juli 1994 (BGBl. I S. 1890, 1891), das zuletzt durch Artikel 13 des Gesetzes vom 22. Dezember 2023 (BGBl. 2023 I Nr. 408) geändert worden ist,</LA></DD><DT>4.</DT><DD Font="normal"><LA>der Grundsicherungs-Datenabgleichsverordnung vom 27. Juli 2005 (BGBl. I S. 2273), die zuletzt durch Artikel 1 der Verordnung vom 30. November 2017 (BGBl. I S. 3826) geändert worden ist,</LA></DD><DT>5.</DT><DD Font="normal"><LA>dem Identifikationsnummerngesetz vom 28. März 2021 (BGBl. I S. 591; 2023 I Nr. 230), das zuletzt durch Artikel 8f des Gesetzes vom 19. Juli 2024 (BGBl. 2024 I Nr. 245) geändert worden ist,</LA></DD><DT>6.</DT><DD Font="normal"><LA>der Renten Service Verordnung vom 28. Juli 1994 (BGBl. I S. 1867), die zuletzt durch Artikel 31 des Gesetzes vom 20. Dezember 2022 (BGBl. I S. 2759) geändert worden ist,</LA></DD><DT>7.</DT><DD Font="normal"><LA>dem Sechsten Buch Sozialgesetzbuch – Gesetzliche Rentenversicherung – in der Fassung der Bekanntmachung vom 19. Februar 2002 (BGBl. I S. 754, 1404, 3384), das zuletzt durch Artikel 11 des Gesetzes vom 18. Dezember 2024 (BGBl. 2024 I Nr. 423) geändert worden ist,</LA></DD><DT>8.</DT><DD Font="normal"><LA>dem Siebten Buch Sozialgesetzbuch – Gesetzliche Unfallversicherung – (Artikel 1 des Gesetzes vom 7. August 1996, BGBl. I S. 1254), das zuletzt durch Artikel 66 des Gesetzes vom 23. Oktober 2024 (BGBl. 2024 I Nr. 323) geändert worden ist,</LA></DD><DT>9.</DT><DD Font="normal"><LA>der Sozialhilfedatenabgleichsverordnung vom 20. Februar 2018 (BGBl. I S. 207),</LA></DD><DT>10.</DT><DD Font="normal"><LA>dem Vierten Buch Sozialgesetzbuch – Gemeinsame Vorschriften für die Sozialversicherung – in der Fassung der Bekanntmachung vom 12. November 2009 (BGBl. I S. 3710, 3973; 2011 I S. 363), das zuletzt durch Artikel 6a des Gesetzes vom 25. Februar 2025 (BGBl. 2025 I Nr. 63) geändert worden ist,</LA></DD><DT>11.</DT><DD Font="normal"><LA>dem Wohngeldgesetz vom 24. September 2008 (BGBl. I S. 1856), das zuletzt durch Artikel 50 des Gesetzes vom 2. Dezember 2024 (BGBl. 2024 I Nr. 387) geändert worden ist,</LA></DD><DT>12.</DT><DD Font="normal"><LA>der Wohngeldverordnung in der Fassung der Bekanntmachung vom 19. Oktober 2001 (BGBl. I S. 2722), die zuletzt durch Artikel 2 der Verordnung vom 21. Oktober 2024 (BGBl. 2024 I Nr. 314) geändert worden ist,</LA></DD><DT>13.</DT><DD Font="normal"><LA>dem Zehnten Buch Sozialgesetzbuch – Sozialverwaltungsverfahren und Sozialdatenschutz – in der Fassung der Bekanntmachung vom 18. Januar 2001 (BGBl. I S. 130), das zuletzt durch Artikel 8d des Gesetzes vom 19. Juli 2024 (BGBl. 2024 I Nr. 245) geändert worden ist, und</LA></DD><DT>14.</DT><DD Font="normal"><LA>dem Zollverwaltungsgesetz vom 21. Dezember 1992 (BGBl. I S. 2125; 1993 I S. 2493), das zuletzt durch Artikel 23 des Gesetzes vom 15. Juli 2024 (BGBl. 2024 I Nr. 236) geändert worden ist.</LA></DD></DL></P><P>(3) Auch darüber hinaus sind, soweit nichts anderes bestimmt ist, ab dem in Absatz 1 genannten Zeitpunkt sämtliche sonstigen Rechtsvorschriften zu den öffentlichen Aufgaben, Rechten, Pflichten, Befugnissen und Zuständigkeiten nach § 1 Absatz 2, in denen die Deutsche Post AG erwähnt wird, mit der Maßgabe anzuwenden, dass an ihre Stelle das Nachfolgeunternehmen im Rahmen seiner Zuständigkeit tritt. Ausgenommen sind die in § 39 Absatz 1 Satz 1 Nummer 2 des Postpersonalrechtsgesetzes genannten Gesetze.</P><P>(4) Ab dem in Absatz 1 genannten Zeitpunkt gehen die Rechte, Pflichten, Befugnisse und Zuständigkeiten der Deutsche Post AG, die in den in Satz 3 genannten Vorschriften enthalten sind, auf das Nachfolgeunternehmen über. Nennungen der Deutsche Post AG in diesen Vorschriften gelten ab diesem Zeitpunkt als Bezugnahmen auf das Nachfolgeunternehmen. Dies gilt für die folgenden Vorschriften: <DL Type="arabic"><DT>1.</DT><DD Font="normal"><LA>das Arbeitsplatzschutzgesetz in der Fassung der Bekanntmachung vom 16. Juli 2009 (BGBl. I S. 2055), das zuletzt durch Artikel 2 Absatz 9 des Gesetzes vom 30. März 2021 (BGBl. I S. 402) geändert worden ist,</LA></DD><DT>2.</DT><DD Font="normal"><LA>die Deutsch-Schweizerische Konsultationsvereinbarungsverordnung vom 20. Dezember 2010 (BGBl. I S. 2187), die zuletzt durch Artikel 10 der Verordnung vom 25. Juni 2020 (BGBl. I S. 1495) geändert worden ist,</LA></DD><DT>3.</DT><DD Font="normal"><LA>das Einkommensteuergesetz in der Fassung der Bekanntmachung vom 8. Oktober 2009 (BGBl. I S. 3366, 3862), das zuletzt durch Artikel 2 des Gesetzes vom 23. Dezember 2024 (BGBl. 2024 I Nr. 449) geändert worden ist,</LA></DD><DT>4.</DT><DD Font="normal"><LA>das Gesetz über die Erweiterung des Katastrophenschutzes in der Fassung der Bekanntmachung vom 14. Februar 1990 (BGBl. I S. 229), das zuletzt durch Artikel 2 Absatz 7 des Gesetzes vom 30. März 2021 (BGBl. I S. 402) geändert worden ist,</LA></DD><DT>5.</DT><DD Font="normal"><LA>das THW-Gesetz vom 22. Januar 1990 (BGBl. I S. 118), das zuletzt durch Artikel 2 Absatz 8 des Gesetzes vom 30. März 2021 (BGBl. I S. 402) geändert worden ist, und</LA></DD><DT>6.</DT><DD Font="normal"><LA>das Rentenbeziehende-Energiepreispauschalengesetz vom 7. November 2022 (BGBl. I S. 1985).</LA></DD></DL></P><P>(5) Soweit Rechte, Pflichten, Befugnisse oder Zuständigkeiten der Deutsche Post AG oder Rechtsverhältnisse im Zusammenhang mit der Deutsche Post AG in Rechtsvorschriften geregelt sind, in denen die Deutsche Post AG nicht ausdrücklich, sondern über eine Bezugnahme auf die Deutsche Bundespost, Nachfolgeunternehmen der Deutschen Bundespost, die aus den Teilsondervermögen der Deutschen Bundespost hervorgegangenen Aktiengesellschaften oder verwandte Begrifflichkeiten, mit Ausnahme des Begriffs des Postnachfolgeunternehmens im Sinne von § 38 Absatz 1 des Postpersonalrechtsgesetzes, angesprochen ist, sind diese Rechtsvorschriften ab dem in Absatz 1 genannten Zeitpunkt mit der Maßgabe anzuwenden, dass das Nachfolgeunternehmen an die Stelle der Deutsche Post AG tritt. Dies gilt nicht, soweit etwas anderes bestimmt ist. Satz 1 gilt ebenfalls nicht für das Postumwandlungsgesetz und § 121 Absatz 2 des Siebten Buches Sozialgesetzbuch.</P><P>(6) Verwaltungsakte, die auf Grundlage der in Absatz 2 genannten Gesetze und Rechtsverordnungen im Zusammenhang mit übertragenen öffentlichen Aufgaben, Rechten, Pflichten, Befugnissen oder Zuständigkeiten gegenüber der Deutsche Post AG erlassen wurden und zu dem in Absatz 1 genannten Zeitpunkt nicht gemäß § 43 Absatz 2 des Verwaltungsverfahrensgesetzes zurückgenommen oder erledigt sind, gelten mit der Maßgabe fort, dass sie als gegenüber dem Nachfolgeunternehmen erlassen gelten. Dies gilt nicht, soweit die in Satz 1 genannten Verwaltungsakte aufgrund anderer Vorschriften gegenüber dem Nachfolgeunternehmen gelten oder soweit die Fortgeltung gegenüber dem Nachfolgeunternehmen von der jeweils zuständigen Behörde geregelt wird.</P></Content></text></textdaten></norm>
<norm builddate="20260105215618" doknr="BJNR1590B0025BJNE000400000"><metadaten><jurabk>PostAufgÜberlG</jurabk><enbez>§ 4</enbez><titel format="XML">Postrechtliche Rechte und Pflichten; regulierungsbehördliche Verwaltungsakte</titel></metadaten><textdaten><text format="XML"><Content><P>(1) Für den Fall, dass die Bundesregierung von der Verordnungsermächtigung nach § 1 Absatz 1 Gebrauch macht, gehen die folgenden Rechte und Pflichten nach dem Postgesetz vom 15. Juli 2024 (BGBl. 2024 I Nr. 236) zum Zeitpunkt des Wirksamwerdens der Aufgabenübertragung nach § 1 Absatz 1 und 2 von dem Vorgängerunternehmen auf das Nachfolgeunternehmen über: <DL Type="arabic"><DT>1.</DT><DD Font="normal"><LA>das Recht, Postdienstleistungen zu erbringen nach § 4 Absatz 1 Satz 2 und 3 des Postgesetzes, auch in Verbindung mit § 112 Absatz 1 des Postgesetzes,</LA></DD><DT>2.</DT><DD Font="normal"><LA>die Pflicht zur Erbringung des Universaldienstes nach § 15 Absatz 2 Satz 1 Nummer 1 bis 3 des Postgesetzes und</LA></DD><DT>3.</DT><DD Font="normal"><LA>die Pflicht nach § 61 des Postgesetzes, Schriftstücke unabhängig von ihrem Gewicht nach den Vorschriften der Prozessordnungen und der Gesetze, die die Verwaltungszustellung regeln, förmlich zuzustellen.</LA></DD></DL></P><P>(2) Mit dem Übergang des Rechts nach Absatz 1 Nummer 1 ist das Nachfolgeunternehmen anstelle des Vorgängerunternehmens in das Verzeichnis nach § 4 Absatz 1 des Postgesetzes einzutragen. § 4 Absatz 2 bis 4 und 6 findet in diesem Fall keine Anwendung. § 6 Absatz 1 Satz 2 des Postgesetzes ist entsprechend anzuwenden. Bis zum Vollzug der Eintragung gilt das Nachfolgeunternehmen als eingetragen nach § 4 Absatz 1 des Postgesetzes. Mit dem Übergang der Pflicht nach Absatz 1 Nummer 3 gehen auch die Hoheitsbefugnisse im Sinne des § 61 Satz 2 des Postgesetzes auf das Nachfolgeunternehmen als beliehenem Unternehmer über.</P><P>(3) Verwaltungsakte, die auf Grundlage des Postgesetzes, einer aufgrund des Postgesetzes erlassenen Rechtsverordnung oder aufgrund der Benannte Betreiber-Zulassungsverordnung vom 1. Juli 2019 (BGBl. I S. 904), die durch Artikel 36 des Gesetzes vom 15. Juli 2024 (BGBl. 2024 I Nr. 236, Nr. 331) geändert worden ist, gegenüber dem Vorgängerunternehmen erlassen worden sind oder diesem gegenüber fortgelten und zum Zeitpunkt des Wirksamwerdens der Aufgabenübertragung nach § 1 Absatz 1 und 2 nicht erledigt (§ 43 Absatz 2 des Verwaltungsverfahrensgesetzes) oder aufgehoben worden sind, gelten mit der Maßgabe fort, dass sie auch als gegenüber dem Nachfolgeunternehmen erlassen gelten. Satz 1 gilt für Feststellungen nach § 112 Absatz 6 des Postgesetzes, die gegenüber dem Vorgängerunternehmen fortgelten, entsprechend.</P></Content></text></textdaten></norm>
</dokumente>