<?xml version="1.0" encoding="UTF-8" ?><!DOCTYPE dokumente SYSTEM "http://www.gesetze-im-internet.de/dtd/1.01/gii-norm.dtd">
<dokumente builddate="20220630212651" doknr="BJNR085200022"><norm builddate="20220630212651" doknr="BJNR085200022"><metadaten><jurabk>SchwarmfdPV</jurabk><amtabk>SchwarmfdPV</amtabk><ausfertigung-datum manuell="ja">2022-05-17</ausfertigung-datum><fundstelle typ="amtlich"><periodikum>BGBl I</periodikum><zitstelle>2022, 852</zitstelle></fundstelle><kurzue>Schwarmfinanzierungsdienstleister-Prüfungsverordnung</kurzue><langue>Verordnung zur Ausgestaltung der Prüfungen nach § 32f des Wertpapierhandelsgesetzes bei Schwarmfinanzierungsdienstleistern nach der Verordnung (EU) 2020/1503</langue></metadaten><textdaten><fussnoten><Content><P><BR/> <pre xml:space="preserve">(+++ Textnachweis ab: 1.7.2022 +++)<BR/><BR/></pre></P></Content></fussnoten></textdaten></norm>
<norm builddate="20220630212651" doknr="BJNR085200022BJNE000100000"><metadaten><jurabk>SchwarmfdPV</jurabk><enbez>Eingangsformel</enbez></metadaten><textdaten><text format="XML"><Content><P>Auf Grund des § 32f Absatz 8 des Wertpapierhandelsgesetzes, der durch Artikel 4 Nummer 1 Buchstabe b des Gesetzes vom 3. Juni 2021 (BGBl. I S. 1568) eingefügt worden ist, in Verbindung mit § 1 Nummer 1 der Verordnung zur Übertragung von Befugnissen zum Erlass von Rechtsverordnungen auf die Bundesanstalt für Finanzdienstleistungsaufsicht, der zuletzt durch Artikel 1 der Verordnung vom 22. Dezember 2021 (BGBl. I S. 5256) geändert worden ist, verordnet die Bundesanstalt für Finanzdienstleistungsaufsicht:</P></Content></text></textdaten></norm>
<norm builddate="20220630212651" doknr="BJNR085200022BJNG000100000"><metadaten><jurabk>SchwarmfdPV</jurabk><gliederungseinheit><gliederungskennzahl>010</gliederungskennzahl><gliederungsbez>Abschnitt 1</gliederungsbez><gliederungstitel>Allgemeine Vorschriften</gliederungstitel></gliederungseinheit></metadaten><textdaten/></norm>
<norm builddate="20220630212651" doknr="BJNR085200022BJNE000200000"><metadaten><jurabk>SchwarmfdPV</jurabk><enbez>§ 1</enbez><titel format="XML">Geltungsbereich</titel></metadaten><textdaten><text format="XML"><Content><P>Diese Verordnung gilt für die Prüfung nach § 32f Absatz 2 des Wertpapierhandelsgesetzes.</P></Content></text></textdaten></norm>
<norm builddate="20220630212651" doknr="BJNR085200022BJNE000300000"><metadaten><jurabk>SchwarmfdPV</jurabk><enbez>§ 2</enbez><titel format="XML">Fehler, Mangel, sonstige Erkenntnisse</titel></metadaten><textdaten><text format="XML"><Content><P>(1) Ein Fehler im Sinne dieser Verordnung ist jede einzelne Abweichung von <DL Type="arabic"><DT>1.</DT><DD Font="normal"><LA>Pflichten nach den Artikeln 3 bis 11, Artikel 15 Absatz 3, Artikel 16 Absatz 1 und 3, Artikel 18 Absatz 1 und 4, Artikeln 19 bis 21, Artikel 22 Absatz 2 bis 7, Artikel 23 Absatz 1 bis 4 und 6 bis 9 und 11 bis 16, Artikel 24 Absatz 1 bis 4 und 6 bis 8, Artikeln 25, 26, Artikel 27 Absatz 1 bis 3 und den Anhängen I und II der Verordnung (EU) 2020/1503 des Europäischen Parlaments und des Rates vom 7. Oktober 2020 über Europäische Schwarmfinanzierungsdienstleister für Unternehmen und zur Änderung der Verordnung (EU) 2017/1129 und der Richtlinie (EU) 2019/1937 (ABl. L 347 vom 20.10.2020, S. 1), in der jeweils geltenden Fassung, einschließlich der auf der Grundlage der Verordnung (EU) 2020/1503 erlassenen delegierten Rechtsakte und Durchführungsrechtsakte der Europäischen Kommission, oder</LA></DD><DT>2.</DT><DD Font="normal"><LA>Anordnungen der Bundesanstalt nach § 10 Absatz 4 des Wertpapierhandelsgesetzes.</LA></DD></DL></P><P>(2) Ein Mangel im Sinne dieser Verordnung liegt vor, wenn ein Fehler nach Absatz 1 aufgetreten ist. Hiervon abweichend liegt in Bezug auf die in Artikel 6 Absatz 3, Artikel 16 Absatz 1 und in Artikel 26 der Verordnung (EU) 2020/1503 genannten Pflichten oder Handlungen ein Mangel vor, wenn insgesamt 5 Prozent oder mehr der Geschäftsvorfälle einer hierzu vorgenommenen Stichprobe mindestens einen Fehler aufweisen. Sofern in Bezug auf die in Satz 2 genannten Pflichten eine Stichprobe nicht vorgenommen werden kann, liegt ein Mangel vor, wenn der Prüfer auf andere Weise zu einem gesetzlichen Tatbestand Fehler feststellt, die zu einem solchen Stichprobenergebnis gleichwertig sind.</P><P>(3) Sonstige Erkenntnisse im Sinne dieser Verordnung liegen vor, wenn der Prüfer feststellt, dass die von der Europäischen Wertpapier- und Marktaufsichtsbehörde vorgenommene und veröffentlichte Auslegung unionsrechtlicher Anforderungen nicht oder nicht vollständig berücksichtigt worden ist.</P></Content></text></textdaten></norm>
<norm builddate="20220630212651" doknr="BJNR085200022BJNG000200000"><metadaten><jurabk>SchwarmfdPV</jurabk><gliederungseinheit><gliederungskennzahl>020</gliederungskennzahl><gliederungsbez>Abschnitt 2</gliederungsbez><gliederungstitel>Prüfung</gliederungstitel></gliederungseinheit></metadaten><textdaten/></norm>
<norm builddate="20220630212651" doknr="BJNR085200022BJNE000400000"><metadaten><jurabk>SchwarmfdPV</jurabk><enbez>§ 3</enbez><titel format="XML">Prüfungszeitraum, Prüfungsdauer und Unterbrechung der Prüfung</titel></metadaten><textdaten><text format="XML"><Content><P>(1) Der Prüfungszeitraum beginnt mit dem Tag der ersten und endet mit dem Tag der letzten Prüfungshandlung vor Ort.</P><P>(2) Die Prüfung ist innerhalb eines angemessenen Zeitraums durchzuführen.</P><P>(3) Eine Unterbrechung der Prüfung ist jede länger als zwei Wochen dauernde Abweichung von der Prüfungsplanung.</P><P>(4) Unterbricht der Prüfer die Prüfung, so hat er der Bundesanstalt die Unterbrechung unverzüglich in Textform mitzuteilen. Dabei hat er die Gründe und die voraussichtliche Dauer der Unterbrechung darzulegen.</P><P>(5) Die Unterbrechung ist im Prüfungsbericht zu dokumentieren. Dies gilt auch dann, wenn zwar einzelne Abweichungen von der Prüfungsplanung nicht länger als zwei Wochen gedauert haben, die Prüfung jedoch insgesamt für mehr als vier Wochen unterbrochen wurde.</P></Content></text></textdaten></norm>
<norm builddate="20220630212651" doknr="BJNR085200022BJNE000500000"><metadaten><jurabk>SchwarmfdPV</jurabk><enbez>§ 4</enbez><titel format="XML">Stichtag der Prüfung und Berichtszeitraum</titel></metadaten><textdaten><text format="XML"><Content><P>(1) Der Prüfer legt den Stichtag der Prüfung nach pflichtgemäßem Ermessen fest.</P><P>(2) Berichtszeitraum der ersten Prüfung ist der Zeitraum zwischen dem Beginn der Tätigkeit als Schwarmfinanzierungsdienstleister im Sinne des Artikels 2 Absatz 1 Buchstabe e der Verordnung (EU) 2020/1503 und dem Stichtag der ersten Prüfung.</P><P>(3) Berichtszeitraum der ersten Prüfung nach einem Zeitraum, in dem die Bundesanstalt nach § 32f Absatz 2 Satz 2 des Wertpapierhandelsgesetzes von einer jährlichen Prüfung abgesehen hat, ist der Zeitraum zwischen dem Ende des Befreiungszeitraums und dem Stichtag der darauffolgenden Prüfung.</P><P>(4) Berichtszeitraum der sonstigen Prüfungen ist jeweils der Zeitraum zwischen dem Stichtag der letzten Prüfung und dem Stichtag der folgenden Prüfung.</P></Content></text></textdaten></norm>
<norm builddate="20220630212651" doknr="BJNR085200022BJNE000600000"><metadaten><jurabk>SchwarmfdPV</jurabk><enbez>§ 5</enbez><titel format="XML">Prüfungsbeginn</titel></metadaten><textdaten><text format="XML"><Content><P>(1) Die Prüfung muss spätestens 15 Monate nach dem Beginn des für sie maßgeblichen Berichtszeitraums nach § 4 begonnen worden sein. Die Bundesanstalt kann im Einzelfall und aus wichtigem Grund eine andere Frist bestimmen.</P><P>(2) Der Prüfer bestimmt den Zeitpunkt des Prüfungsbeginns. Der Prüfer teilt den Beginn der Prüfung gemäß § 32f Absatz 5 Satz 5 des Wertpapierhandelsgesetzes sowie die geplante Prüfungsdauer im Sinne des § 3 Absatz 2 der Bundesanstalt mit, wenn nicht der zu prüfende Schwarmfinanzierungsdienstleister diese Mitteilung bereits gemacht hat. Die Bundesanstalt kann innerhalb von vier Wochen nach Zugang der Mitteilung nach § 32f Absatz 5 Satz 5 des Wertpapierhandelsgesetzes einen anderen als den vom Prüfer bestimmten Zeitpunkt als Prüfungsbeginn bestimmen.</P><P>(3) Der Prüfer benachrichtigt die Bundesanstalt falls der zu prüfende Schwarmfinanzierungsdienstleister wiederholt eine Verlegung des Prüfungsbeginns verlangt.</P><P>(4) Der Prüfer unterrichtet die Bundesanstalt unverzüglich, wenn sich der zu prüfende Schwarmfinanzierungsdienstleister weigert, die Prüfung vornehmen zu lassen oder die Durchführung der Prüfung behindert.</P><P>(5) Mitteilungen an die Bundesanstalt haben in Textform an den Sitz der Bundesanstalt in Frankfurt am Main zu erfolgen.</P></Content></text></textdaten></norm>
<norm builddate="20220630212651" doknr="BJNR085200022BJNE000700000"><metadaten><jurabk>SchwarmfdPV</jurabk><enbez>§ 6</enbez><titel format="XML">Allgemeine Anforderungen an die Prüfung; Bildung von Schwerpunkten</titel></metadaten><textdaten><text format="XML"><Content><P>(1) Die Prüfung umfasst die Einhaltung der in § 2 Absatz 1 genannten Anforderungen und Anordnungen. Sie muss den gesamten Berichtszeitraum erfassen und in einem angemessenen Verhältnis zum Umfang der jeweiligen Geschäfte und Aufgaben stehen.</P><P>(2) Die Einhaltung der in § 2 Absatz 1 genannten Anforderungen und Anordnungen ist vom Prüfer nach pflichtgemäßem Ermessen zu prüfen. Bei den im Prüfungsbericht vorgenommenen Beurteilungen sind die aufsichtlichen Vorgaben zu den einzelnen Bereichen zu beachten. Die Beurteilungen sind nachvollziehbar zu begründen.</P><P>(3) Bei der Prüfung kann der Prüfer vorbehaltlich der von der Bundesanstalt getroffenen Bestimmungen über den Inhalt der Prüfung nach § 32f Absatz 5 Satz 1 und 2 des Wertpapierhandelsgesetzes nach pflichtgemäßem Ermessen bei der Prüfung Schwerpunkte bilden.</P><P>(4) In den Teilbereichen, in denen der Prüfer keinen Schwerpunkt bildet, sind zumindest Systemprüfungen mit Funktionstests und nach pflichtgemäßen Ermessen Stichproben durchzuführen. Werden bei einer Systemprüfung Fehler festgestellt, ist die Prüfung auszudehnen, bis der Prüfer Klarheit darüber gewonnen hat, ob Mängel vorliegen. Bestehen Zweifel, ob Mängel vorliegen, ist die Bundesanstalt unverzüglich zu unterrichten.</P><P>(5) Die Möglichkeit der Schwerpunktbildung besteht auch hinsichtlich der Auswahl von Teilbereichen im Rahmen eines mehrjährigen Prüfungsplans.</P><P>(6) Soweit die Prüfung gleichzeitig mit anderen Prüfungen durchgeführt wird, ist ein getrennter Prüfbericht zu erstellen.</P></Content></text></textdaten></norm>
<norm builddate="20220630212651" doknr="BJNR085200022BJNE000800000"><metadaten><jurabk>SchwarmfdPV</jurabk><enbez>§ 7</enbez><titel format="XML">Auslagerung</titel></metadaten><textdaten><text format="XML"><Content><P>(1) Bei Schwarmfinanzierungsdienstleistern, welche bei der Wahrnehmung betrieblicher Aufgaben auf Dritte zugreifen (Auslagerung), erstreckt sich die Prüfung insoweit auch auf die Dritten (Auslagerungsunternehmen).</P><P>(2) Der Prüfer entscheidet nach pflichtgemäßem Ermessen, inwieweit eine Prüfung der Auslagerungsunternehmen vor Ort erforderlich ist.</P><P>(3) Der Prüfer kann bei einzelnen Auslagerungsunternehmen insbesondere dann von einer Prüfung absehen, wenn <DL Type="arabic"><DT>1.</DT><DD Font="normal"><LA>die von ihnen übernommenen Aufgaben für die Erbringung der Schwarmfinanzierungsdienstleistung unbedeutend sind und</LA></DD><DT>2.</DT><DD Font="normal"><LA>der Schwarmfinanzierungsdienstleister ihm nachweist, dass bei allen Auslagerungsunternehmen regelmäßig wirksame interne Kontrollen stattfinden und sich hierbei keine wesentlichen Beanstandungen ergeben haben.</LA></DD></DL></P><P>(4) Die Bundesanstalt kann auch ohne besonderen Anlass verlangen, dass Auslagerungsunternehmen in die nächste Prüfung einbezogen werden.</P><P>(5) Über die Prüfung von Auslagerungsunternehmen ist die Bundesanstalt spätestens vier Wochen vor Prüfungsbeginn zu unterrichten.</P><P>(6) Die Absätze 1 bis 5 gelten entsprechend für rechtlich unselbständige Organisationseinheiten von Schwarmfinanzierungsdienstleistern, auch wenn sie sich nicht an deren Sitz der Hauptverwaltung befinden.</P></Content></text></textdaten></norm>
<norm builddate="20220630212651" doknr="BJNR085200022BJNE000900000"><metadaten><jurabk>SchwarmfdPV</jurabk><enbez>§ 8</enbez><titel format="XML">Prüfungen nach § 32f Absatz 1 des Wertpapierhandelsgesetzes</titel></metadaten><textdaten><text format="XML"><Content><P>(1) Wurde im Berichtszeitraum eine Prüfung nach § 32f Absatz 1 des Wertpapierhandelsgesetzes durchgeführt, hat der Prüfer das Prüfungsergebnis dieser Prüfung nach pflichtgemäßem Ermessen bei seiner Prüfung zu berücksichtigen.</P><P>(2) Bei Sachverhalten, die Gegenstand der Prüfung nach § 32f Absatz 1 des Wertpapierhandelsgesetzes waren, kann sich seine Berichterstattung auf die Veränderungen beschränken, die nach dem Stichtag dieser Prüfung eingetreten sind.</P></Content></text></textdaten></norm>
<norm builddate="20220630212651" doknr="BJNR085200022BJNE001000000"><metadaten><jurabk>SchwarmfdPV</jurabk><enbez>§ 9</enbez><titel format="XML">Aufzeichnungen und Unterlagen</titel></metadaten><textdaten><text format="XML"><Content><P>(1) Der Prüfer ist verpflichtet, über die Prüfung Aufzeichnungen in Papierform oder auf Datenträgern anzufertigen und zur Berichterstattung notwendige Unterlagen an sich zu nehmen. Zu den aufzuzeichnenden Umständen gehören insbesondere <DL Type="arabic"><DT>1.</DT><DD Font="normal"><LA>die Einzelheiten der Prüfungsplanung und die Prüfungsschwerpunkte,</LA></DD><DT>2.</DT><DD Font="normal"><LA>die Kriterien für System-, Funktions- und Einzelfallprüfungen und</LA></DD><DT>3.</DT><DD Font="normal"><LA>die Art und der konkrete Umfang von durchgeführten Stichproben und deren Ergebnis.</LA></DD></DL></P><P>(2) Geschäftsunterlagen des geprüften Schwarmfinanzierungsdienstleisters darf der Prüfer nur mit Zustimmung des Schwarmfinanzierungsdienstleisters an sich nehmen. Auf Anforderung sind ihm Kopien der für die Berichterstattung erforderlichen Unterlagen zur Verfügung zu stellen.</P><P>(3) Der Prüfer hat die Aufzeichnungen sechs Jahre ab der Einreichung des Fragebogens nach § 32f Absatz 3 des Wertpapierhandelsgesetzes aufzubewahren.</P></Content></text></textdaten></norm>
<norm builddate="20220630212651" doknr="BJNR085200022BJNG000300000"><metadaten><jurabk>SchwarmfdPV</jurabk><gliederungseinheit><gliederungskennzahl>030</gliederungskennzahl><gliederungsbez>Abschnitt 3</gliederungsbez><gliederungstitel>Prüfungsbericht und Fragebogen</gliederungstitel></gliederungseinheit></metadaten><textdaten/></norm>
<norm builddate="20220630212651" doknr="BJNR085200022BJNE001100000"><metadaten><jurabk>SchwarmfdPV</jurabk><enbez>§ 10</enbez><titel format="XML">Umfang der Berichterstattung</titel></metadaten><textdaten><text format="XML"><Content><P>(1) Der Prüfungsbericht muss den Berichtszeitraum und den Prüfungszeitraum nennen. Er muss vollständig und so übersichtlich sein, dass aus ihm klar ersichtlich ist, inwieweit der Schwarmfinanzierungsdienstleister den in § 2 Absatz 1 genannten Anforderungen und Anordnungen entsprochen hat. Der Umfang der Berichterstattung hat jeweils der Bedeutung der behandelten Vorgänge zu entsprechen.</P><P>(2) Jeder festgestellte Mangel ist im Prüfungsbericht ausführlich darzustellen. Hierbei unterliegt der Umfang der Berichterstattung, vorbehaltlich der nachfolgenden Bestimmungen, dem pflichtgemäßen Ermessen des Prüfers.</P><P>(3) Vorgänge von besonderer Bedeutung im Zeitraum zwischen dem Stichtag einer Prüfung und dem Ende des Prüfungszeitraums sind im Prüfungsbericht darzustellen.</P></Content></text></textdaten></norm>
<norm builddate="20220630212651" doknr="BJNR085200022BJNE001200000"><metadaten><jurabk>SchwarmfdPV</jurabk><enbez>§ 11</enbez><titel format="XML">Darstellung der Schwarmfinanzierungsdienstleistung und Pflichten</titel></metadaten><textdaten><text format="XML"><Content><P>Im Prüfungsbericht sind die erbrachten Schwarmfinanzierungsdienstleistungen sowie die Einhaltung der in § 2 Absatz 1 genannten Pflichten darzustellen. Dabei sind die gesetzlichen Vorgaben zu benennen und deren Erfüllung quantitativ und qualitativ sowie anhand der internen Struktur und der Ablauforganisation darzulegen.</P></Content></text></textdaten></norm>
<norm builddate="20220630212651" doknr="BJNR085200022BJNE001300000"><metadaten><jurabk>SchwarmfdPV</jurabk><enbez>§ 12</enbez><titel format="XML">Bestimmungen über den Prüfungsinhalt; festgesetzte Prüfungsschwerpunkte</titel></metadaten><textdaten><text format="XML"><Content><P>(1) Soweit die Bundesanstalt im Einzelfall Bestimmungen über den Prüfungsinhalt getroffen oder Prüfungsschwerpunkte festgesetzt hat, sind im Prüfungsbericht die insoweit vorgenommenen Prüfungshandlungen und Feststellungen im Einzelnen darzustellen.</P><P>(2) Im Prüfungsbericht ist darzulegen, in Bezug auf welche Teilbereiche der Prüfer nach eigenem Ermessen schwerpunktmäßige Prüfungen vorgenommen und inwieweit es sich um Systemprüfungen mit Funktionstests und Stichproben oder um Einzelfallprüfungen gehandelt hat. Die Art und Weise der Ermittlung von Stichproben, die Anzahl der Stichproben sowie deren Ergebnis sind anzugeben.</P></Content></text></textdaten></norm>
<norm builddate="20220630212651" doknr="BJNR085200022BJNE001400000"><metadaten><jurabk>SchwarmfdPV</jurabk><enbez>§ 13</enbez><titel format="XML">Verweisungen auf frühere Prüfungsberichte</titel></metadaten><textdaten><text format="XML"><Content><P>(1) Verweisungen auf den Inhalt anderer oder früherer Prüfungsberichte sind grundsätzlich nicht zulässig.</P><P>(2) Zur Vermeidung umfangreicher Wiederholungen sind Verweisungen ausnahmsweise dann zulässig, wenn der Prüfer <DL Type="arabic"><DT>1.</DT><DD Font="normal"><LA>die entsprechenden Auszüge aus den früheren Prüfungsberichten oder aus dem letzten Prüfungsbericht zum Jahresabschluss dem Prüfungsbericht als Anlage beifügt und</LA></DD><DT>2.</DT><DD Font="normal"><LA>deutlich macht, aus welchen Gründen die in Bezug genommenen älteren Feststellungen oder Ausführungen für den gegenwärtigen Bericht noch Bedeutung haben.</LA></DD></DL></P></Content></text></textdaten></norm>
<norm builddate="20220630212651" doknr="BJNR085200022BJNE001500000"><metadaten><jurabk>SchwarmfdPV</jurabk><enbez>§ 14</enbez><titel format="XML">Bei der letzten Prüfung festgestellte Mängel</titel></metadaten><textdaten><text format="XML"><Content><P>Im Prüfungsbericht ist darzulegen, wie die bei der letzten Prüfung festgestellten Mängel beseitigt oder welche Maßnahmen zu ihrer Beseitigung eingeleitet worden sind. Waren die Mängel organisatorisch bedingt, ist darzulegen, welche organisatorischen Maßnahmen der Schwarmfinanzierungsdienstleister getroffen hat, um derartige Mängel in der Zukunft zu vermeiden.</P></Content></text></textdaten></norm>
<norm builddate="20220630212651" doknr="BJNR085200022BJNE001600000"><metadaten><jurabk>SchwarmfdPV</jurabk><enbez>§ 15</enbez><titel format="XML">Schlussbemerkung</titel></metadaten><textdaten><text format="XML"><Content><P>In einer Schlussbemerkung ist zusammenfassend zu beurteilen, ob der Schwarmfinanzierungsdienstleister die in § 2 Absatz 1 genannten Pflichten erfüllt hat. Festgestellte Mängel sind unter Verweisung auf die entsprechenden Fundstellen im Bericht aufzuzählen.</P></Content></text></textdaten></norm>
<norm builddate="20220630212651" doknr="BJNR085200022BJNE001700000"><metadaten><jurabk>SchwarmfdPV</jurabk><enbez>§ 16</enbez><titel format="XML">Prüfer; Unterschrift</titel></metadaten><textdaten><text format="XML"><Content><P>Aus dem Prüfungsbericht muss ersichtlich sein, wer die Prüfung vor Ort geleitet hat. Der Prüfer hat den Prüfungsbericht unter Angabe von Ort und Datum zu unterzeichnen.</P></Content></text></textdaten></norm>
<norm builddate="20220630212651" doknr="BJNR085200022BJNE001800000"><metadaten><jurabk>SchwarmfdPV</jurabk><enbez>§ 17</enbez><titel format="XML">Fragebogen; Beschreibung der identifizierten Mängel und sonstigen Erkenntnisse</titel></metadaten><textdaten><text format="XML"><Content><P>(1) Der nach § 32f Absatz 3 Satz 2 des Wertpapierhandelsgesetzes dem Prüfungsbericht beizufügende Fragebogen ist nach Maßgabe der Anlage zu dieser Verordnung zu erstellen und auszufüllen.</P><P>(2) Dem Fragebogen ist eine kurze Beschreibung der festgestellten Mängel und der sonstigen Erkenntnisse zu der von der Europäischen Wertpapier- und Marktaufsichtsbehörde vorgenommenen und veröffentlichten Auslegung beizufügen.</P><P>(3) In der Beschreibung sind das als Mangel qualifizierte Verhalten und die gesetzlichen Vorschriften, gegen die ein Verstoß vorliegt, zu benennen.</P></Content></text></textdaten></norm>
<norm builddate="20220630212651" doknr="BJNR085200022BJNE001900000"><metadaten><jurabk>SchwarmfdPV</jurabk><enbez>§ 18</enbez><titel format="XML">Übersendung des Prüfungsberichts und des Fragebogens</titel></metadaten><textdaten><text format="XML"><Content><P>(1) Der Fragebogen und der Prüfungsbericht, soweit dieser nach § 32f Absatz 3 Satz 1 des Wertpapierhandelsgesetzes angefordert wurde, sind der Bundesanstalt unverzüglich an den Sitz in Frankfurt am Main in einfacher Ausfertigung und in elektronischer Form zu übersenden. Die Bundesanstalt kann Vorgaben machen, in welchem Dateiformat und auf welchem Einreichungsweg die elektronische Form des Fragebogens und des Prüfungsberichts bei ihr einzureichen ist. Die Bundesanstalt kann auf die Einreichung des Fragebogens in Schriftform bei sich verzichten.</P><P>(2) Fragebögen gelten nicht als unverzüglich eingereicht im Sinne von § 32f Absatz 3 Satz 4 des Wertpapierhandelsgesetzes, wenn sie der Bundesanstalt nicht innerhalb von zwei Monaten nach dem Ende des Prüfungszeitraums zugehen. Die Bundesanstalt kann im Einzelfall und aus wichtigem Grund eine andere Frist bestimmen.</P><P>(3) Wird der Prüfungsbericht nach § 32f Absatz 3 Satz 1 des Wertpapierhandelsgesetzes angefordert, ist er zwei Wochen nach der Anforderung durch die Bundesanstalt einzureichen. Der Prüfungsbericht ist jedoch frühestens zwei Monate nach Ende des Prüfungszeitraums einzureichen.</P></Content></text></textdaten></norm>
<norm builddate="20220630212651" doknr="BJNR085200022BJNE002000000"><metadaten><jurabk>SchwarmfdPV</jurabk><enbez>§ 19</enbez><titel format="XML">Berichtsentwurf</titel></metadaten><textdaten><text format="XML"><Content><P>(1) Falls die Bundesanstalt an der Prüfung nach § 32f Absatz 5 Satz 4 des Wertpapierhandelsgesetzes teilnimmt, hat der Prüfer der Bundesanstalt auf deren Verlangen den Berichtsentwurf vor der Fertigstellung zu übermitteln.</P><P>(2) Kündigt die Bundesanstalt ihre Teilnahme an einer Schlussbesprechung an, so hat der Prüfer der Bundesanstalt auf deren Verlangen den entsprechenden Berichtsentwurf rechtzeitig vor der Besprechung zu übersenden.</P></Content></text></textdaten></norm>
<norm builddate="20220630212651" doknr="BJNR085200022BJNE002100000"><metadaten><jurabk>SchwarmfdPV</jurabk><enbez>§ 20</enbez><titel format="XML">Erläuterung des Prüfungsberichts</titel></metadaten><textdaten><text format="XML"><Content><P>Der Prüfer hat der Bundesanstalt auf deren Verlangen den Prüfungsbericht zu erläutern.</P></Content></text></textdaten></norm>
<norm builddate="20220630212651" doknr="BJNR085200022BJNG000400000"><metadaten><jurabk>SchwarmfdPV</jurabk><gliederungseinheit><gliederungskennzahl>040</gliederungskennzahl><gliederungsbez>Abschnitt 4</gliederungsbez><gliederungstitel>Schlussvorschriften</gliederungstitel></gliederungseinheit></metadaten><textdaten/></norm>
<norm builddate="20220630212651" doknr="BJNR085200022BJNE002200000"><metadaten><jurabk>SchwarmfdPV</jurabk><enbez>§ 21</enbez><titel format="XML">Inkrafttreten</titel></metadaten><textdaten><text format="XML"><Content><P>Diese Verordnung tritt am 1. Juli 2022 in Kraft.</P></Content></text></textdaten></norm>
<norm builddate="20220630212651" doknr="BJNR085200022BJNE002300000"><metadaten><jurabk>SchwarmfdPV</jurabk><enbez>Anlage</enbez><titel format="XML">(zu § 17 Absatz 1)<BR/>Ausfüllhinweise für den Fragebogen gemäß § 17 Absatz 1</titel></metadaten><textdaten><text format="XML"><Content><P><noindex><kommentar typ="Fundstelle">(Fundstelle: BGBl. I 2022, 856 - 857)</kommentar></noindex></P><P>Im nachfolgend aufgeführten Fragebogen sind folgende Abkürzungen für die Prüfungsfeststellungen in der Spalte „Feststellung“ zu verwenden: <DL Font="normal" Indent="5" Type="arabic"><DT>–:</DT><DD Font="normal"><LA Size="normal">Die Vorschrift ist nicht einschlägig.</LA></DD><DT>0:</DT><DD Font="normal"><LA Size="normal">Die rechtlichen Vorgaben wurden im gesamten Berichtszeitraum eingehalten.</LA></DD><DT>1:</DT><DD Font="normal"><LA Size="normal">Bei der Einhaltung der rechtlichen Vorgaben ist ein Mangel aufgetreten, der bis zum Ende des Prüfungszeitraums beseitigt wurde.</LA></DD><DT>2:</DT><DD Font="normal"><LA Size="normal">Bei der Einhaltung der rechtlichen Vorgaben ist ein Mangel aufgetreten, der nicht beseitigt werden kann.</LA></DD><DT>3:</DT><DD Font="normal"><LA Size="normal">Bei der Einhaltung der rechtlichen Vorgaben ist ein behebbarer Mangel aufgetreten, der bis zum Ende des Prüfungszeitraums nicht beseitigt wurde.</LA></DD><DT>4:</DT><DD Font="normal"><LA Size="normal">Bei der Überprüfung der Einhaltung der rechtlichen Vorgaben wurden sonstige Erkenntnisse gewonnen, die sich auf die fehlende oder nicht vollständige Berücksichtigung der durch die Europäische Wertpapier- und Marktaufsichtsbehörde (ESMA) vorgenommenen und veröffentlichten Auslegung beziehen, ohne dass zugleich ein Mangel bei der Einhaltung der rechtlichen Vorgaben aufgetreten ist.</LA></DD></DL></P><P>Tritt ein Mangel auf, der bereits bei der letzten Prüfung vorgelegen hat, ist dieser mit dem Symbol * zu kennzeichnen.</P><P><B>Fragebogen gemäß § 17 Absatz 1 SchwarmfdPV</B></P><P>Schwarmfinanzierungsdienstleister:</P><P>Berichtszeitraum:</P><P>Prüfungszeitraum:</P><P>Prüfungsstichtag:</P><P>Prüfungsfeststellungen: <table colsep="1" frame="all" pgwide="1" rowsep="1" tocentry="%yes;"><tgroup align="left" char="" charoff="50" cols="5"><colspec align="center" colname="col1" colwidth="6"/><colspec colname="col2" colwidth="22*"/><colspec align="justify" colname="col3" colwidth="89"/><colspec align="center" colname="col4" colwidth="24"/><colspec colname="col5" colwidth="24"/><thead valign="bottom"><row><entry VJ="1" align="center" colname="col1" valign="middle">Nr.</entry><entry VJ="1" align="center" colname="col2" valign="middle">Vorschrift</entry><entry VJ="1" align="center" colname="col3" valign="middle">Prüfungsgebiet</entry><entry VJ="1" align="center" colname="col4" valign="middle">Feststellung</entry><entry VJ="1" align="center" colname="col5" valign="middle">Fundstelle<BR/> (Prüfungsbericht)</entry></row></thead><tbody valign="top"><row><entry VJ="1" nameend="col5" namest="col1"><B>Pflichten nach der Verordnung (EU) 2020/1503</B></entry></row><row><entry VJ="1" colname="col1">1</entry><entry VJ="1" colname="col2">Artikel 3<BR/>Abs. 1</entry><entry VJ="1" colname="col3">Niederlassung in Union</entry><entry VJ="1" colname="col4"/><entry VJ="1" colname="col5"/></row><row><entry VJ="1" colname="col1">2</entry><entry VJ="1" colname="col2">Artikel 3<BR/>Abs. 2</entry><entry VJ="1" colname="col3">Ehrliches, redliches und professionelles Erbringen der Schwarmfinanzierungsdienstleistungen im bestmöglichen Kundeninteresse</entry><entry VJ="1" colname="col4"/><entry VJ="1" colname="col5"/></row><row><entry VJ="1" colname="col1">3</entry><entry VJ="1" colname="col2">Artikel 3<BR/>Abs. 3</entry><entry VJ="1" colname="col3">Verbot von Vorteilen für die Weiterleitung von Kundenaufträgen zu bestimmten Schwarmfinanzierungsangeboten</entry><entry VJ="1" colname="col4"/><entry VJ="1" colname="col5"/></row><row><entry VJ="1" colname="col1">4</entry><entry VJ="1" colname="col2">Artikel 3<BR/>Abs. 4 und 5</entry><entry VJ="1" colname="col3">Vorschläge für bestimmte Schwarmfinanzierungsprojekte</entry><entry VJ="1" colname="col4"/><entry VJ="1" colname="col5"/></row><row><entry VJ="1" colname="col1">5</entry><entry VJ="1" colname="col2">Artikel 3<BR/>Abs. 6</entry><entry VJ="1" colname="col3">Einsatz von Zweckgesellschaften</entry><entry VJ="1" colname="col4"/><entry VJ="1" colname="col5"/></row><row><entry VJ="1" colname="col1">6</entry><entry VJ="1" colname="col2">Artikel 4</entry><entry VJ="1" colname="col3">Geschäftsleitung</entry><entry VJ="1" colname="col4"/><entry VJ="1" colname="col5"/></row><row><entry VJ="1" colname="col1">7</entry><entry VJ="1" colname="col2">Artikel 5</entry><entry VJ="1" colname="col3">Sorgfältige Prüfung</entry><entry VJ="1" colname="col4"/><entry VJ="1" colname="col5"/></row><row><entry VJ="1" colname="col1">8</entry><entry VJ="1" colname="col2">Artikel 6</entry><entry VJ="1" colname="col3">Kreditportfolioverwaltung</entry><entry VJ="1" colname="col4"/><entry VJ="1" colname="col5"/></row><row><entry VJ="1" colname="col1">9</entry><entry VJ="1" colname="col2">Artikel 7</entry><entry VJ="1" colname="col3">Beschwerdebearbeitung</entry><entry VJ="1" colname="col4"/><entry VJ="1" colname="col5"/></row><row><entry VJ="1" colname="col1">10</entry><entry VJ="1" colname="col2">Artikel 8</entry><entry VJ="1" colname="col3">Interessenkonflikte</entry><entry VJ="1" colname="col4"/><entry VJ="1" colname="col5"/></row><row><entry VJ="1" colname="col1">11</entry><entry VJ="1" colname="col2">Artikel 9</entry><entry VJ="1" colname="col3">Auslagerung</entry><entry VJ="1" colname="col4"/><entry VJ="1" colname="col5"/></row><row><entry VJ="1" colname="col1">12</entry><entry VJ="1" colname="col2">Artikel 10</entry><entry VJ="1" colname="col3">Erbringung von Dienstleistungen zur Verwahrung des Kundenvermögens und von Zahlungsdiensten</entry><entry VJ="1" colname="col4"/><entry VJ="1" colname="col5"/></row><row><entry VJ="1" colname="col1">13</entry><entry VJ="1" colname="col2">Artikel 11</entry><entry VJ="1" colname="col3">Aufsichtliche Kapitalanforderungen</entry><entry VJ="1" colname="col4"/><entry VJ="1" colname="col5"/></row><row><entry VJ="1" colname="col1">14</entry><entry VJ="1" colname="col2">Artikel 15<BR/>Abs. 3</entry><entry VJ="1" colname="col3">Anzeige wesentlicher Änderungen</entry><entry VJ="1" colname="col4"/><entry VJ="1" colname="col5"/></row><row><entry VJ="1" colname="col1">15</entry><entry VJ="1" colname="col2">Artikel 16<BR/>Abs. 1 und 3</entry><entry VJ="1" colname="col3">Berichterstattung</entry><entry VJ="1" colname="col4"/><entry VJ="1" colname="col5"/></row><row><entry VJ="1" colname="col1">16</entry><entry VJ="1" colname="col2">Artikel 18<BR/>Abs. 1 und 4</entry><entry VJ="1" colname="col3">Grenzüberschreitende Dienstleistungserbringung</entry><entry VJ="1" colname="col4"/><entry VJ="1" colname="col5"/></row><row><entry VJ="1" colname="col1">17</entry><entry VJ="1" colname="col2">Artikel 19</entry><entry VJ="1" colname="col3">Kundeninformationen</entry><entry VJ="1" colname="col4"/><entry VJ="1" colname="col5"/></row><row><entry VJ="1" colname="col1">18</entry><entry VJ="1" colname="col2">Artikel 20</entry><entry VJ="1" colname="col3">Ausfallquoten</entry><entry VJ="1" colname="col4"/><entry VJ="1" colname="col5"/></row><row><entry VJ="1" colname="col1">19</entry><entry VJ="1" colname="col2">Artikel 21</entry><entry VJ="1" colname="col3">Geeignetheit</entry><entry VJ="1" colname="col4"/><entry VJ="1" colname="col5"/></row><row><entry VJ="1" colname="col1">20</entry><entry VJ="1" colname="col2">Artikel 22<BR/>Abs. 2 bis 7</entry><entry VJ="1" colname="col3">Vorvertragliche Bedenkzeit</entry><entry VJ="1" colname="col4"/><entry VJ="1" colname="col5"/></row><row><entry VJ="1" colname="col1">21</entry><entry VJ="1" colname="col2">Artikel 23<BR/>Abs. 1 bis 4,<BR/>6 bis 9 und<BR/>11 bis 16</entry><entry VJ="1" colname="col3">Anlagebasisinformationsblatt</entry><entry VJ="1" colname="col4"/><entry VJ="1" colname="col5"/></row><row><entry VJ="1" colname="col1">22</entry><entry VJ="1" colname="col2">Artikel 24<BR/>Abs. 1 bis 4<BR/>und 6 bis 8</entry><entry VJ="1" colname="col3">Anlagebasisinformationsblatt auf Ebene der Plattform</entry><entry VJ="1" colname="col4"/><entry VJ="1" colname="col5"/></row><row><entry VJ="1" colname="col1">23</entry><entry VJ="1" colname="col2">Artikel 25</entry><entry VJ="1" colname="col3">Forum</entry><entry VJ="1" colname="col4"/><entry VJ="1" colname="col5"/></row><row><entry VJ="1" colname="col1">24</entry><entry VJ="1" colname="col2">Artikel 26</entry><entry VJ="1" colname="col3">Aufzeichnungen</entry><entry VJ="1" colname="col4"/><entry VJ="1" colname="col5"/></row><row><entry VJ="1" colname="col1">25</entry><entry VJ="1" colname="col2">Artikel 27<BR/>Abs. 1 bis 3</entry><entry VJ="1" colname="col3">Marketingmitteilungen</entry><entry VJ="1" colname="col4"/><entry VJ="1" colname="col5"/></row><row><entry VJ="1" colname="col1">26</entry><entry VJ="1" colname="col2">Anhang I</entry><entry VJ="1" colname="col3">Inhalte Anlagebasisinformationsblatt</entry><entry VJ="1" colname="col4"/><entry VJ="1" colname="col5"/></row><row><entry VJ="1" colname="col1">27</entry><entry VJ="1" colname="col2">Anhang II</entry><entry VJ="1" colname="col3">Kundeneinstufung</entry><entry VJ="1" colname="col4"/><entry VJ="1" colname="col5"/></row><row><entry VJ="1" nameend="col5" namest="col1"><B>Grenzüberschreitende Dienstleistung</B></entry></row><row><entry VJ="1" colname="col1">28</entry><entry VJ="1" align="justify" colsep="1" nameend="col3" namest="col2" rowsep="1">Wurden im Berichtszeitraum grenzüberschreitende Schwarmfinanzierungsdienstleistungen erbracht?</entry><entry VJ="1" colname="col4">ja/<BR/>nein:</entry><entry VJ="1" colname="col5"/></row><row><entry VJ="1" nameend="col5" namest="col1"><B>Sonstiges</B></entry></row><row><entry VJ="1" colname="col1">29</entry><entry VJ="1" colname="col2">§ 32f Abs. 5<BR/>WpHG</entry><entry VJ="1" align="justify" colname="col3">Durch die Bundesanstalt festgelegte Prüfungsschwerpunkte</entry><entry VJ="1" colname="col4">ja/<BR/>nein:</entry><entry VJ="1" colname="col5"/></row><row><entry VJ="1" colname="col1"/><entry VJ="1" nameend="col5" namest="col2">Erläuterungen zu Nummer 29:</entry></row><row><entry VJ="1" colname="col1">30</entry><entry VJ="1" align="justify" colsep="1" nameend="col3" namest="col2" rowsep="1">Weitere Feststellungen, die für die Beurteilung der Ordnungsmäßigkeit der erbrachten Schwarmfinanzierungsdienstleistungen von Bedeutung und nicht durch die Nummern 1 bis 29 abgedeckt sind</entry><entry VJ="1" colname="col4">ja/<BR/>nein:</entry><entry VJ="1" colname="col5"/></row><row><entry VJ="1" colname="col1"/><entry VJ="1" nameend="col5" namest="col2">Erläuterungen zu Nummer 30:</entry></row><row><entry VJ="1" colname="col1">31</entry><entry VJ="1" align="justify" nameend="col5" namest="col2" rowsep="1">Kurze Beschreibung der identifizierten Mängel und der Vorschriften, gegen die ein Verstoß vorliegt, insbesondere unter Berücksichtigung der seitens der Bundesanstalt für Finanzdienstleistungsaufsicht und der ESMA vorgenommenen und veröffentlichten Normauslegung:</entry></row></tbody></tgroup></table></P></Content></text></textdaten></norm>
</dokumente>