<?xml version="1.0" encoding="UTF-8" ?><!DOCTYPE dokumente SYSTEM "http://www.gesetze-im-internet.de/dtd/1.01/gii-norm.dtd">
<dokumente builddate="20130801215554" doknr="BJNR092020010"><norm builddate="20130801215554" doknr="BJNR092020010"><metadaten><jurabk>SozSichAbk BRA</jurabk><ausfertigung-datum manuell="ja">2009-12-03</ausfertigung-datum><fundstelle typ="amtlich"><periodikum>BGBl II</periodikum><zitstelle>2010, 918, 920</zitstelle></fundstelle><langue>Abkommen zwischen der Bundesrepublik Deutschland und der Föderativen Republik Brasilien über Soziale Sicherheit</langue></metadaten><textdaten><fussnoten><Content><P>G v. 5.8.2010 II 918 <BR/>Inkraft gem. Bek. v. 21.6.2013 II 1094 mWv 1.5.2013</P></Content></fussnoten></textdaten></norm>
</dokumente>