<?xml version="1.0" encoding="UTF-8" ?><!DOCTYPE dokumente SYSTEM "http://www.gesetze-im-internet.de/dtd/1.01/gii-norm.dtd">
<dokumente builddate="20120625145920" doknr="BJNR086600005"><norm builddate="20120625145920" doknr="BJNR086600005"><metadaten><jurabk>StVOAusnV 12</jurabk><ausfertigung-datum manuell="ja">2005-03-18</ausfertigung-datum><fundstelle typ="amtlich"><periodikum>BGBl I</periodikum><zitstelle>2005, 866</zitstelle></fundstelle><kurzue>12. Ausnahmeverordnung zur StVO</kurzue><langue>Zwölfte Verordnung über Ausnahmen von den Vorschriften der Straßenverkehrs-Ordnung</langue><standangabe checked="ja"><standtyp>Stand</standtyp><standkommentar>Zuletzt geändert durch Art. 1 V v. 26.10.2009 I 3678</standkommentar></standangabe><standangabe checked="ja"><standtyp>Sonst</standtyp><standkommentar>Die V tritt gem. § 3 Satz 2 mit Ablauf des 31. Dezember 2009 außer Kraft. § 3 Satz 2 aufgeh. durch Art. 1 V v. 26.10.2009 I 3678 mWv 5.11.2009; dadurch wurde die Geltung der V über den 31.12.2009 hinaus verlängert</standkommentar></standangabe></metadaten><textdaten><fussnoten><Content><P><BR/> <pre xml:space="preserve">(+++ Textnachweis ab: 30. 3.2005 +++)<BR/><BR/></pre></P></Content></fussnoten></textdaten></norm>
<norm builddate="20120625145920" doknr="BJNR086600005BJNE000101308"><metadaten><jurabk>StVOAusnV 12</jurabk><enbez>Eingangsformel</enbez></metadaten><textdaten><text format="XML"><Content><P>Auf Grund des § 6 Abs. 1 Nr. 3 in Verbindung mit Abs. 3 des Straßenverkehrsgesetzes in der Fassung der Bekanntmachung vom 5. März 2003 (BGBl. I S. 310, 919) verordnet das Bundesministerium für Verkehr, Bau- und Wohnungswesen nach Anhörung der zuständigen obersten Landesbehörden:</P></Content></text><fussnoten/></textdaten></norm>
<norm builddate="20120625145920" doknr="BJNR086600005BJNE000202308"><metadaten><jurabk>StVOAusnV 12</jurabk><enbez>§ 1</enbez></metadaten><textdaten><text format="XML"><Content><P>Abweichend von § 18 Abs. 5 Satz 2 Nr. 1 der Straßenverkehrs-Ordnung beträgt die zulässige Höchstgeschwindigkeit für Kraftfahrzeuge mit einem zulässigen Gesamtgewicht von über 3,5 t bis 7,5 t, die im Fahrzeugschein als Wohnmobil bezeichnet sind, auf Autobahnen (Zeichen 330.1) und Kraftfahrstraßen (Zeichen 331.1) 100 km/h.</P></Content></text><fussnoten/></textdaten></norm>
<norm builddate="20120625145920" doknr="BJNR086600005BJNE000301308"><metadaten><jurabk>StVOAusnV 12</jurabk><enbez>§ 2</enbez></metadaten><textdaten><text format="XML"><Content><P>Aus den Fahrzeugpapieren von im Ausland zugelassenen Wohnmobilen im Sinne des § 1 muss eindeutig zu ersehen sein, dass diese das zulässige Gesamtgewicht von 7,5 Tonnen nicht überschreiten.</P></Content></text><fussnoten/></textdaten></norm>
<norm builddate="20120625145920" doknr="BJNR086600005BJNE000401308"><metadaten><jurabk>StVOAusnV 12</jurabk><enbez>§ 3</enbez></metadaten><textdaten><text format="XML"><Content><P>Diese Verordnung tritt am Tage nach der Verkündung in Kraft.</P></Content></text><fussnoten/></textdaten></norm>
</dokumente>