<?xml version="1.0" encoding="UTF-8" ?><!DOCTYPE dokumente SYSTEM "http://www.gesetze-im-internet.de/dtd/1.01/gii-norm.dtd">
<dokumente builddate="20251114215004" doknr="BJNR10F0A0025"><norm builddate="20251114215004" doknr="BJNR10F0A0025"><metadaten><jurabk>Münz2EuroBek 2025-11-06</jurabk><ausfertigung-datum manuell="ja">2025-11-06</ausfertigung-datum><fundstelle typ="amtlich"><periodikum>BGBl. I</periodikum><zitstelle>2025, Nr. 271</zitstelle></fundstelle><langue>Bekanntmachung über die Ausprägung von deutschen Euro-Gedenkmünzen im Nennwert von 2 Euro (Gedenkmünze „35 Jahre Deutsche Einheit“)</langue></metadaten><textdaten><fussnoten><Content><P><BR/> <pre xml:space="preserve">(+++ Textnachweis ab: 14.11.2026 +++)<BR/><BR/></pre></P></Content></fussnoten></textdaten></norm>
<norm builddate="20251114215004" doknr="BJNR10F0A0025BJNE000100000"><metadaten><jurabk>Münz2EuroBek 2025-11-06</jurabk><enbez>(XXXX)</enbez></metadaten><textdaten><text format="XML"><Content><P>Gemäß den §§ 2, 4 und 5 des Münzgesetzes vom 16. Dezember 1999 (BGBl. I S. 2402) hat die Bundesregierung beschlossen, zum Thema „35 Jahre Deutsche Einheit“ eine deutsche Euro-Gedenkmünze im Nennwert von 2 Euro prägen zu lassen. Die Münze bildet den Auftakt einer mehrjährigen Serie „Einigkeit und Recht und Freiheit“ (2025 bis 2031), die zur Würdigung von Politikerinnen und Politikern erscheinen soll, die die Geschichte der Bundesrepublik Deutschland in besonderer Weise geprägt haben.</P><P>Der Entwurf stammt von dem Künstler Thomas Serres aus Hattingen. Der vorliegende Entwurf zum Thema „35 Jahre Deutsche Einheit“ zeigt eine typografische Komposition: An einer leicht nach links verschobenen Längsachse befindet sich auf der linken Seite rechtsbündig untereinander der Schriftzug „Wir sind ein Volk“. Auf der rechten Seite linksbündig steht untereinander „35 Jahre Deutsche Einheit“. Beide Blöcke sind entlang der Mittelachse leicht verschoben und werden jeweils oben und unten durch eine horizontale Linie gehalten. Die Verbindung wird durch ein leicht vergrößertes D in der Mitte geschaffen. Der Entwurf besticht durch die klare Botschaft: Gleichwertig zum titelgebenden Ergebnis „35 Jahre Deutsche Einheit“ hebt die zweite Botschaft „Wir sind ein Volk“ die herausragende Bedeutung der ostdeutschen Bevölkerung im Prozess der Wiedervereinigung hervor.</P><P>Der innere Teil der Münze zeigt ferner im oberen Bereich die Initialen des Künstlers Thomas Serres (TS) und darunter das Prägezeichen der jeweiligen Münzstätte („A“, „D“, „F“, „G“ oder „J“). Im unteren Bereich sind das Ausgabejahr „2025“ sowie darüber die Länderkennung „D“ für das Ausgabeland Deutschland angeordnet. Der äußere Ring der Münze zeigt die 12 Sterne der Europaflagge.</P><P>Der Münzrand der deutschen 2-Euro-Gedenkmünze enthält in vertiefter Prägung unverändert die Inschrift:</P><P>„EINIGKEIT UND RECHT UND FREIHEIT“</P></Content></text></textdaten></norm>
<norm builddate="20251114215004" doknr="BJNR10F0A0025BJNE000200000"><metadaten><jurabk>Münz2EuroBek 2025-11-06</jurabk><enbez>Schlussformel</enbez></metadaten><textdaten><text format="XML"><Content><P><SP>Der Bundesminister der Finanzen</SP></P></Content></text></textdaten></norm>
<norm builddate="20251114215004" doknr="BJNR10F0A0025BJNE000300000"><metadaten><jurabk>Münz2EuroBek 2025-11-06</jurabk><enbez>Anlage</enbez></metadaten><textdaten><text format="XML"><Content><P><noindex><kommentar typ="Fundstelle">(Fundstelle: BGBl. 2025 I Nr. 271, S. 2)</kommentar></noindex></P><table frame="none" pgwide="1" tocentry="%yes;"><tgroup align="left" char="" charoff="50" cols="2"><colspec colname="col1"/><colspec colname="col2"/><tbody valign="top"><row><entry VJ="1" align="center" colname="col1" colsep="0"><IMG Align="center" Height="882" Pos="inline" SRC="bgbl1_2025_j02710_0010.jpg" Type="jpg" Units="" Width="886" alt="Der Entwurf stammt von dem Künstler Thomas Serres aus Hattingen. Er behandelt das Thema „35 Jahre Deutsche Einheit“ und zeigt eine klare typografische Komposition. Auf der linken Seite, leicht nach links verschoben, befindet sich rechtsbündig untereinander der Schriftzug „Wir sind ein Volk“. Auf der rechten Seite, linksbündig, steht untereinander „35 Jahre Deutsche Einheit“. Beide Textblöcke verlaufen entlang der Mittelachse leicht versetzt und werden oben und unten durch horizontale Linien verbunden. In der Mitte bildet ein leicht vergrößertes D die Verbindung. Der Entwurf betont eindeutig die Botschaft: Gleichwertig zum titelgebenden Ergebnis „35 Jahre Deutsche Einheit“ hebt die zweite Botschaft „Wir sind ein Volk“ die wichtige Rolle der ostdeutschen Bevölkerung im Prozess der Wiedervereinigung hervor."/></entry><entry VJ="1" align="center" colname="col2"><IMG Align="center" Height="887" Pos="inline" SRC="bgbl1_2025_j02710_0020.jpg" Type="jpg" Units="" Width="886" alt="Die Wertseite der Münze und die Randschrift (Schriftzug „EINIGKEIT UND RECHT UND FREIHEIT“ sowie eine stilisierte Darstellung des Bundesadlers) entsprechen der 2-Euro-Umlaufmünze."/></entry></row></tbody></tgroup></table></Content></text></textdaten></norm>
</dokumente>