<?xml version="1.0" encoding="UTF-8" ?><!DOCTYPE dokumente SYSTEM "http://www.gesetze-im-internet.de/dtd/1.01/gii-norm.dtd">
<dokumente builddate="20250218223002" doknr="BJNR031380977"><norm builddate="20250218223002" doknr="BJNR031380977"><metadaten><jurabk>EiMarktV</jurabk><ausfertigung-datum manuell="ja">1977-12-20</ausfertigung-datum><fundstelle typ="amtlich"><periodikum>BGBl I</periodikum><zitstelle>1977, 3138</zitstelle></fundstelle><langue>Verordnung über Vermarktungsnormen für Eier</langue><standangabe checked="ja"><standtyp>Neuf</standtyp><standkommentar>Neugefasst durch Bek. v. 18.1.1995 I 46;</standkommentar></standangabe><standangabe checked="ja"><standtyp>Stand</standtyp><standkommentar>zuletzt geändert durch Art. 5 V v. 30.10.2024 I Nr. 342</standkommentar></standangabe></metadaten><textdaten><fussnoten><Content><P><BR/> <pre xml:space="preserve">(+++ Textnachweis Geltung ab: 26.7.1986 +++)<BR/><BR/></pre></P></Content></fussnoten></textdaten></norm>
<norm builddate="20250218223002" doknr="BJNR031380977BJNE000205119"><metadaten><jurabk>EiMarktV</jurabk><enbez>§ 1</enbez><titel format="XML">Anwendungsbereich</titel></metadaten><textdaten><text format="XML"><Content><P>Die Vorschriften dieser Verordnung gelten für die Durchführung der Rechtsakte der Europäischen Union über Vermarktungsnormen für Eier (Vermarktungsnormen).</P></Content></text><fussnoten/></textdaten></norm>
<norm builddate="20250218223002" doknr="BJNR031380977BJNE001502119"><metadaten><jurabk>EiMarktV</jurabk><enbez>§ 1a</enbez><titel format="XML">Ausnahmen</titel></metadaten><textdaten><text format="XML"><Content><P>(1) Die Bestimmungen des Anhangs VII Teil VI, ausgenommen Abschnitt III Nummer 3, der Verordnung (EU) Nr. 1308/2013 des Europäischen Parlaments und des Rates vom 17. Dezember 2013 über eine gemeinsame Marktorganisation für landwirtschaftliche Erzeugnisse und zur Aufhebung der Verordnungen (EWG) Nr. 922/72, (EWG) Nr. 234/79, (EG) Nr. 1037/2001 und (EG) Nr. 1234/2007 (ABl. L 347 vom 20.12.2013, S. 671) in der jeweils geltenden Fassung müssen nicht eingehalten werden bei Eiern, die der Erzeuger an der Produktionsstätte, auf einem örtlichen öffentlichen Markt im Erzeugungsgebiet oder im Verkauf an der Tür im Erzeugungsgebiet unmittelbar an den Endverbraucher abgibt, sofern die Eier aus der Erzeugung dieses Erzeugers stammen und keine Sortierung nach Güte- und Gewichtsklassen vorgenommen worden ist.</P><P>(2) Erzeugungsgebiet im Sinne des Absatz 1 ist das Gebiet, das im Umkreis von nicht mehr als 100 km vom Ort der Produktionsstätte gelegen ist.</P><P>(3) Abweichend von Anhang VII Teil VI Abschnitt III Nummer 2 der Verordnung (EU) Nr. 1308/2013 können Eier mit dem Erzeugercode gekennzeichnet werden <DL Font="normal" Type="arabic"><DT>1.</DT><DD Font="normal"><LA Size="normal">in der Packstelle der zugehörigen Produktionsstätte für den Fall, dass sich Packstelle und Produktionsstätte auf demselben Betriebsgelände befinden,</LA></DD><DT>2.</DT><DD Font="normal"><LA Size="normal">in der ersten Packstelle, an die die Eier geliefert werden, sofern die Produktionsstätte nicht über eine automatisierte Eiersammlung verfügt oder</LA></DD><DT>3.</DT><DD Font="normal"><LA Size="normal">in der ersten Packstelle, an die die Eier geliefert werden, sofern eine Kennzeichnung aus technischen Gründen vorübergehend nicht möglich ist.</LA></DD></DL>Eine Kennzeichnung nach Satz 1 hat unverzüglich nach der Anlieferung in der Packstelle zu erfolgen. Eine Kennzeichnung nach Satz 1 ist der zuständigen Behörde vorab anzuzeigen, im Fall des Satzes 1 Nummer 1 und 2 jedoch nur vor der erstmaligen Kennzeichnung in der jeweiligen Packstelle.</P></Content></text><fussnoten/></textdaten></norm>
<norm builddate="20250218223002" doknr="BJNR031380977BJNE001604119"><metadaten><jurabk>EiMarktV</jurabk><enbez>§ 1b</enbez><titel format="XML">Verbot des Inverkehrbringens</titel></metadaten><textdaten><text format="XML"><Content><P>(1) Es ist verboten, entgegen Artikel 78 Absatz 1 Buchstabe e und Anhang VII Teil VI Abschnitt I Nummer 1 der Verordnung (EU) Nr. 1308/2013 des Europäischen Parlaments und des Rates vom 17. Dezember 2013 über eine gemeinsame Marktorganisation für landwirtschaftliche Erzeugnisse und zur Aufhebung der Verordnungen (EWG) Nr. 922/72, (EWG) Nr. 234/79, (EG) Nr. 1037/2001 und (EG) Nr. 1234/2007 (ABl. L 347 vom 20.12.2013, S. 671; L 189 vom 27.6.2014, S. 261; L 130 vom 19.5.2016, S. 18; L 34 vom 9.2.2017, S. 41; L 106 vom 6.4.2020, S. 12), die zuletzt durch die Verordnung (EU) 2021/2117 (ABl. L 435 vom 6.12.2021, S. 262) geändert worden ist, in Verbindung mit <DL Font="normal" Type="arabic"><DT>1.</DT><DD Font="normal"><LA Size="normal">Anhang VII Teil VI Abschnitt II Nummer 1 oder Nummer 2 Satz 1 der Verordnung (EU) Nr. 1308/2013 in Verbindung mit Artikel 3 Absatz 1 oder Absatz 2, Artikel 4 Absatz 1, Absatz 2 Satz 1 oder Artikel 5 Absatz 1 der Delegierten Verordnung (EU) 2023/2465 Eier zum Verkauf vorrätig zu halten, anzubieten, feilzuhalten, zu liefern, zu verkaufen oder sonst in den Verkehr zu bringen, die nicht oder nicht richtig nach den vorgeschriebenen Güteklassen eingeteilt oder nicht oder nicht richtig nach Gewichtsklassen sortiert sind,</LA></DD><DT>2.</DT><DD Font="normal"><LA Size="normal">Anhang VII Teil VI Abschnitt II Nummer 3 der Verordnung (EU) Nr. 1308/2013 Eier der Klasse B an andere als die dort genannten Einrichtungen zu liefern,</LA></DD><DT>3.</DT><DD Font="normal"><LA Size="normal">Anhang VII Teil VI Abschnitt III Nummer 1 Unterabsatz 1 oder Unterabsatz 2, Nummer 2 oder Nummer 3 Unterabsatz 1 der Verordnung (EU) Nr. 1308/2013 Eier zum Verkauf vorrätig zu halten, anzubieten, feilzuhalten, zu liefern, zu verkaufen oder sonst in den Verkehr zu bringen, die den dort genannten Anforderungen an Angaben oder Kennzeichnung nicht entsprechen, oder</LA></DD><DT>4.</DT><DD Font="normal"><LA Size="normal">Anhang VII Teil VI Abschnitt III Nummer 2 der Verordnung (EU) Nr. 1308/2013 Eier an einem anderen Ort als der Produktionsstätte zu kennzeichnen, ohne dass die Voraussetzungen des § 1a Absatz 3 erfüllt sind.</LA></DD></DL></P><P>(2) Es ist verboten, <DL Font="normal" Type="arabic"><DT>1.</DT><DD Font="normal"><LA Size="normal">Eier zum Verkauf vorrätig zu halten, anzubieten, feilzuhalten, zu liefern, zu verkaufen oder sonst in den Verkehr zu bringen, die den in Artikel 5 Absatz 2 erster Halbsatz oder Absatz 3, Artikel 6, Artikel 7 Absatz 1 Satz 1, Absatz 2 Unterabsatz 1 Satz 1 oder Absatz 3, Artikel 8 Absatz 1 oder Absatz 5, Artikel 9, Artikel 11 Absatz 1, Absatz 2 oder Absatz 4, Artikel 12, Artikel 13 oder Artikel 14 der Delegierten Verordnung (EU) 2023/2465 oder in Artikel 4 Unterabsatz 1 der Durchführungsverordnung (EU) 2023/2466 der Kommission vom 17. August 2023 mit Durchführungsbestimmungen zur Verordnung (EU) Nr. 1308/2013 des Europäischen Parlaments und des Rates hinsichtlich der Vermarktungsnormen für Eier (ABl. L, 2023/2466, 8.11.2023) genannten Anforderungen an die Kennzeichnung, Etikettierung, Stempelung, Angabe, Erklärung oder einem dort genannten Hinweis nicht entsprechen,</LA></DD><DT>2.</DT><DD Font="normal"><LA Size="normal">Eier zum Verkauf vorrätig zu halten, anzubieten, feilzuhalten, zu liefern, zu verkaufen oder sonst in den Verkehr zu bringen, die nicht in einer nach Artikel 3 Absatz 1 der Durchführungsverordnung (EU) 2023/2466 zugelassenen Packstelle sortiert, verpackt und gekennzeichnet worden sind,</LA></DD><DT>3.</DT><DD Font="normal"><LA Size="normal">Eier zum Verkauf vorrätig zu halten, anzubieten, feilzuhalten, zu liefern, zu verkaufen oder sonst in den Verkehr zu bringen, die nicht in einer Packstelle sortiert, verpackt und gekennzeichnet worden sind, die den in Artikel 3 Absatz 3 Satz 1 der Durchführungsverordnung (EU) 2023/2466 genannten technischen Anforderungen entspricht,</LA></DD><DT>4.</DT><DD Font="normal"><LA Size="normal">Eier zum Verkauf vorrätig zu halten, anzubieten, feilzuhalten, zu liefern, zu verkaufen oder sonst in den Verkehr zu bringen, die den in Artikel 6 der Delegierten Verordnung (EU) 2023/2465 genannten Anforderungen an die Sortierung und Verpackung nicht entsprechen,</LA></DD><DT>5.</DT><DD Font="normal"><LA Size="normal">Eier zum Verkauf vorrätig zu halten, anzubieten, feilzuhalten, zu liefern, zu verkaufen oder sonst in den Verkehr zu bringen, die den in Artikel 15 der Delegierten Verordnung (EU) 2023/2465 genannten Anforderungen an die Verpackungen nicht entsprechen,</LA></DD><DT>6.</DT><DD Font="normal"><LA Size="normal">Eier zum Verkauf vorrätig zu halten, anzubieten, feilzuhalten, zu liefern, zu verkaufen oder sonst in den Verkehr zu bringen, die den in Artikel 16 der Delegierten Verordnung (EU) 2023/2465 enthaltenen Anforderungen an eine Angabe, eine Banderole oder ein Etikett nicht entsprechen,</LA></DD><DT>7.</DT><DD Font="normal"><LA Size="normal">Eier zum Verkauf vorrätig zu halten, anzubieten, feilzuhalten, zu liefern, zu verkaufen oder sonst in den Verkehr zu bringen, die den in Artikel 22 Absatz 3 oder 4 der Delegierten Verordnung (EU) 2023/2465 genannten Anforderungen an Angaben oder Kennzeichnungen nicht entsprechen.</LA></DD></DL></P></Content></text><fussnoten/></textdaten></norm>
<norm builddate="20250218223002" doknr="BJNR031380977BJNE000302119"><metadaten><jurabk>EiMarktV</jurabk><enbez>§ 2</enbez><titel format="XML">Rechnungen, Lieferscheine und sonstige Transportbegleitpapiere</titel></metadaten><textdaten><text format="XML"><Content><P>Wer Eier liefert, verkauft oder sonst in den Verkehr bringt, die nach Güte- oder Gewichtsklassen sortiert sind, hat auf jeder Stufe der Lieferkette mit Ausnahme des Einzelhandels in Rechnungen, Lieferscheinen und sonstigen Transportbegleitpapieren die Güte- oder Gewichtsklassen anzugeben, unter denen die Eier jeweils geliefert, verkauft oder sonst in den Verkehr gebracht worden sind.</P></Content></text><fussnoten/></textdaten></norm>
<norm builddate="20250218223002" doknr="BJNR031380977BJNE000403119"><metadaten><jurabk>EiMarktV</jurabk><enbez>§ 3</enbez><titel format="XML">Antrag auf Zulassung einer Packstelle</titel></metadaten><textdaten><text format="XML"><Content><P>(1) Die Zulassung einer Packstelle nach Artikel 3 Absatz 2 der Durchführungsverordnung (EU) 2023/2466 erfolgt auf Antrag des Betreibers bei der zuständigen Landesbehörde. Der Antrag muss mindestens den Namen, die Anschrift und die Telekommunikationsdaten des Betriebes sowie des Betriebsinhabers enthalten.</P><P>(2) Eine Änderung der Räumlichkeiten der Packstelle oder der technischen Anlagen sind der zuständigen Behörde unverzüglich anzuzeigen.</P></Content></text><fussnoten/></textdaten></norm>
<norm builddate="20250218223002" doknr="BJNR031380977BJNE000602119"><metadaten><jurabk>EiMarktV</jurabk><enbez>§ 4</enbez><titel format="XML">Marktnotierungen</titel></metadaten><textdaten><text format="XML"><Content><P>Börsen, Verwaltungen öffentlicher Märkte und sonstige Stellen, die amtliche oder für gesetzlich vorgesehene Zwecke bestimmte Preisnotierungen oder Preisfeststellungen für Eier vornehmen, sind verpflichtet, ihren Notierungen oder Feststellungen die Güte- und Gewichtsklassen zugrunde zu legen.</P></Content></text><fussnoten/></textdaten></norm>
<norm builddate="20250218223002" doknr="BJNR031380977BJNE000706119"><metadaten><jurabk>EiMarktV</jurabk><enbez>§ 5</enbez><titel format="XML">Verfahren bei Direktlieferung ungekennzeichneter Eier</titel></metadaten><textdaten><text format="XML"><Content><P>(1) Der Antrag des Betreibers einer in Deutschland ansässigen Produktionsstätte nach Artikel 10 der Delegierten Verordnung (EU) 2023/2465 zur Lieferung ungekennzeichneter Eier an einen in Deutschland gelegenen Betrieb der Nahrungsmittelindustrie ist bei der zuständigen Behörde des Landes, in dem die Produktionsstätte ihren Sitz hat, zu stellen. Diese Behörde unterrichtet unverzüglich die zuständige Behörde des Landes, in dem der Betrieb der Nahrungsmittelindustrie ansässig ist, wenn sie dem Antrag stattgibt.</P><P>(2) Der Antrag des Betreibers einer in Deutschland ansässigen Produktionsstätte nach Artikel 10 der Delegierten Verordnung (EU) 2023/2465 zur Lieferung ungekennzeichneter Eier an einen in einem anderen Mitgliedstaat der Europäischen Union oder in einem Drittstaat gelegenen Betrieb der Nahrungsmittelindustrie ist bei der zuständigen Behörde des Landes, in dem die Produktionsstätte ihren Sitz hat, zu stellen.</P><P>(3) Wenn der Betreiber einer in einem Drittland ansässigen Produktionsstätte ungekennzeichnete Eier nach Artikel 10 Absatz 3 der Delegierten Verordnung (EU) 2023/2465 an einen in Deutschland ansässigen Betrieb der Nahrungsmittelindustrie liefern möchte, so hat der Betreiber dies bei der zuständigen Behörde des Landes, in dem der Betrieb der Nahrungsmittelindustrie ansässig ist, zu beantragen.</P><P>(4) Anträge nach den Absätzen 1 bis 3 müssen mindestens folgende Angaben enthalten: <DL Font="normal" Type="arabic"><DT>1.</DT><DD Font="normal"><LA Size="normal">Name, Anschrift und Telekommunikationsdaten des Antragstellers,</LA></DD><DT>2.</DT><DD Font="normal"><LA Size="normal">Name und Anschrift der Produktionsstätte,</LA></DD><DT>3.</DT><DD Font="normal"><LA Size="normal">Anzahl der für die Produktionsstätte registrierten Legehennenplätze,</LA></DD><DT>4.</DT><DD Font="normal"><LA Size="normal">Name, Anschrift und Telekommunikationsdaten des Betreibers der Produktionsstätte, wenn dieser vom Antragsteller abweicht,</LA></DD><DT>5.</DT><DD Font="normal"><LA Size="normal">Anzahl der Eier, die je Woche geliefert werden sollen,</LA></DD><DT>6.</DT><DD Font="normal"><LA Size="normal">Geltungsdauer der Ausnahme von der Pflicht zur Kennzeichnung gemäß Anhang VII Teil VI Abschnitt III Nummer 1 der Verordnung (EU) Nr. 1308/2013,</LA></DD><DT>7.</DT><DD Font="normal"><LA Size="normal">Name und Anschrift des Betriebes der Nahrungsmittelindustrie,</LA></DD><DT>8.</DT><DD Font="normal"><LA Size="normal">Erklärung des Unternehmens der Nahrungsmittelindustrie nach Artikel 10 Absatz 1 Satz 2 der Delegierten Verordnung (EU) 2023/2465.</LA></DD></DL>Die zuständige Landesbehörde kann für Anträge nach den Absätzen 1 bis 3 Muster im Bundesanzeiger bekannt geben; sofern Muster bekannt gegeben sind, sind diese zu verwenden.</P></Content></text><fussnoten/></textdaten></norm>
<norm builddate="20250218223002" doknr="BJNR031380977BJNE000809119"><metadaten><jurabk>EiMarktV</jurabk><enbez>§ 6</enbez><titel format="XML">Überwachung durch die Bundesanstalt für Landwirtschaft und Ernährung, Ein- und Ausfuhr von Eiern</titel></metadaten><textdaten><text format="XML"><Content><P>(1) Die Bundesanstalt für Landwirtschaft und Ernährung (Bundesanstalt) ist zuständig für die Überwachung der Einhaltung der Vorschriften der in § 1 genannten Rechtsakte und dieser Verordnung <DL Font="normal" Type="arabic"><DT>1.</DT><DD Font="normal"><LA Size="normal">bei der Einfuhr von Eiern aus Drittländern und</LA></DD><DT>2.</DT><DD Font="normal"><LA Size="normal">bei der Ausfuhr von Eiern in diese Länder.</LA></DD></DL>Die Zollbehörde darf Anmeldungen zur Überführung in den zollrechtlich freien Verkehr nur annehmen, wenn die Bundesanstalt der Zollbehörde mitgeteilt hat, dass für die betreffenden Partien die Vermarktungsnormen für Eier eingehalten werden, oder die betreffenden Partien aufgrund der Risikobewertung nicht kontrolliert werden müssen.</P><P>(2) Wenn bei der Ausfuhr von Eiern in ein Drittland von der Möglichkeit des Artikels 21 der Delegierten Verordnung (EU) 2023/2465 Gebrauch gemacht werden soll, ist dies der Bundesanstalt spätestens drei Werktage vor Versendung der Eier nach Maßgabe des Satzes 2 schriftlich oder elektronisch anzuzeigen. Die Anzeige muss folgende Angaben enthalten: <DL Font="normal" Type="arabic"><DT>1.</DT><DD Font="normal"><LA Size="normal">Name, Anschrift und Telekommunikationsdaten des Antragstellers,</LA></DD><DT>2.</DT><DD Font="normal"><LA Size="normal">Name und Anschrift des ausführenden Unternehmens,</LA></DD><DT>3.</DT><DD Font="normal"><LA Size="normal">Name, Anschrift und Telekommunikationsdaten des Empfängers,</LA></DD><DT>4.</DT><DD Font="normal"><LA Size="normal">Anzahl der auszuführenden Eier,</LA></DD><DT>5.</DT><DD Font="normal"><LA Size="normal">Benennung der Bestimmungen der in § 1 genannten Vorschriften, von denen abgewichen werden soll,</LA></DD><DT>6.</DT><DD Font="normal"><LA Size="normal">Zeitpunkt und Ort der Verladung der Partie und</LA></DD><DT>7.</DT><DD Font="normal"><LA Size="normal">einen Nachweis über die rechtlichen Anforderungen des Empfängerlandes, die die Abweichung von den Anforderungen des Anhangs VII Teil VI der Verordnung (EU) Nr. 1308/2013 und der Delegierten Verordnung (EU) 2023/2465 erforderlich machen.</LA></DD></DL></P><P>(3) Die Bundesanstalt leitet eine Durchschrift der Anzeige unverzüglich an die zuständigen Behörden der Länder weiter.</P></Content></text><fussnoten/></textdaten></norm>
<norm builddate="20250218223002" doknr="BJNR031380977BJNE001405119"><metadaten><jurabk>EiMarktV</jurabk><enbez>§ 6a</enbez><titel format="XML">Anordnungen der zuständigen Behörden</titel></metadaten><textdaten><text format="XML"><Content><P>(1) Die zuständige Behörde kann im Fall von Verstößen gegen Vermarktungsnormen die notwendigen Anordnungen zu deren Beseitigung und zur Verhütung künftiger Verstöße treffen. Sie kann dabei anordnen, dass die betreffende Partie bis zum Nachweis der Verkehrsfähigkeit nicht vermarktet werden darf.</P><P>(2) Sofern die Verkehrsfähigkeit der betroffenen Partie nicht nachgewiesen wird, ist der Verbleib der Ware nachzuweisen.</P></Content></text><fussnoten/></textdaten></norm>
<norm builddate="20250218223002" doknr="BJNR031380977BJNE001800119"><metadaten><jurabk>EiMarktV</jurabk><enbez>§ 6b</enbez><titel format="XML">Datenverarbeitung und Datenübermittlung</titel></metadaten><textdaten><text format="XML"><Content><P>Zum Zweck der Durchführung von Kontrollen verarbeitet und übermittelt die zuständige Behörde die Daten nach Abschnitt III der Anlage des Marktorganisationsgesetzes.</P></Content></text><fussnoten/></textdaten></norm>
<norm builddate="20250218223002" doknr="BJNR031380977BJNE000909119"><metadaten><jurabk>EiMarktV</jurabk><enbez>§ 7</enbez><titel format="XML">Ordnungswidrigkeiten</titel></metadaten><textdaten><text format="XML"><Content><P>(1) Ordnungswidrig im Sinne des § 36 Absatz 3 Nummer 3 Buchstabe c des Marktorganisationsgesetzes handelt, wer vorsätzlich oder leichtfertig <DL Font="normal" Type="arabic"><DT>1.</DT><DD Font="normal"><LA Size="normal">entgegen § 1b Eier zum Verkauf vorrätig hält, anbietet, feilhält, liefert, verkauft oder sonst in den Verkehr bringt,</LA></DD><DT>2.</DT><DD Font="normal"><LA Size="normal">entgegen § 6 Absatz 2 Satz 1 eine Anzeige nicht, nicht richtig, nicht vollständig oder nicht rechtzeitig macht oder</LA></DD><DT>3.</DT><DD Font="normal"><LA Size="normal">einer vollziehbaren Anordnung nach § 6a Absatz 1 Satz 2 zuwiderhandelt.</LA></DD></DL></P><P>(2) Verwaltungsbehörde im Sinne des § 36 Absatz 1 Nummer 1 des Gesetzes über Ordnungswidrigkeiten und <DL Font="normal" Type="arabic"><DT>1.</DT><DD Font="normal"><LA Size="normal">im Sinne des § 38 Absatz 3 Satz 3 Nummer 2 des Marktorganisationsgesetzes ist in den Fällen des Absatzes 1 Nummer 2 die Bundesanstalt für Landwirtschaft und Ernährung, soweit sie nach § 6 Absatz 1 Satz 1 für die Überwachung zuständig ist,</LA></DD><DT>2.</DT><DD Font="normal"><LA Size="normal">im Sinne des § 38 Absatz 3 Satz 3 Nummer 1 des Marktorganisationsgesetzes ist in den übrigen Fällen des Absatzes 1 die zuständige oberste Landesbehörde.</LA></DD></DL></P></Content></text><fussnoten/></textdaten></norm>
<norm builddate="20250218223002" doknr="BJNR031380977BJNE001700125"><metadaten><jurabk>EiMarktV</jurabk><enbez>§ 7a</enbez><titel format="XML">Überwachung, Duldungs- und Auskunftspflichten</titel></metadaten><textdaten><text format="XML"><Content><P>(1) Soweit es zur Überwachung der Einhaltung der nach dieser Verordnung geltenden Vorschriften erforderlich ist, können die Beauftragten der zuständigen Stellen bei Betrieben, die Eier zum Verkauf vorrätig halten, anbieten, feilhalten, liefern, verkaufen oder sonst in den Verkehr bringen oder in den Geltungsbereich oder aus dem Geltungsbereich dieser Verordnung verbringen, während der Geschäftszeit <DL Font="normal" Type="arabic"><DT>1.</DT><DD Font="normal"><LA Size="normal">Geschäftsräume und Grundstücke, Verkaufseinrichtungen und Transportmittel betreten und dort Besichtigungen vornehmen,</LA></DD><DT>2.</DT><DD Font="normal"><LA Size="normal">Geschäftsunterlagen einsehen und prüfen,</LA></DD><DT>3.</DT><DD Font="normal"><LA Size="normal">Auskunft verlangen.</LA></DD></DL>Diese Befugnisse erstrecken sich auch auf Erzeugnisse, die an öffentlichen Orten, insbesondere auf Märkten, Plätzen, Straßen oder im Umherziehen zum Verkauf vorrätig gehalten, angeboten, feilgehalten, geliefert, verkauft oder sonst in den Verkehr gebracht werden.</P><P>(2) Inhaber oder Leiter der Betriebe sind verpflichtet, das Betreten der Geschäftsräume und Grundstücke, Verkaufseinrichtungen und Transportmittel sowie die dort vorzunehmenden Besichtigungen zu gestatten, die zu besichtigenden Erzeugnisse selbst oder durch andere so darzulegen, dass die Besichtigung ordnungsgemäß vorgenommen werden kann, selbst oder durch andere die erforderliche Hilfe bei der Besichtigung zu leisten, die geschäftlichen Unterlagen vorzulegen, prüfen zu lassen und Auskünfte zu erteilen.</P></Content></text><fussnoten/></textdaten></norm>
<norm builddate="20250218223002" doknr="BJNR031380977BJNE001005119"><metadaten><jurabk>EiMarktV</jurabk><enbez>§ 8</enbez><titel format="XML">(weggefallen)</titel></metadaten><textdaten><text format="XML"><Content><P/></Content></text><fussnoten/></textdaten></norm>
<norm builddate="20250218223002" doknr="BJNR031380977BJNE001102308"><metadaten><jurabk>EiMarktV</jurabk><enbez>§ 9</enbez></metadaten><textdaten><text format="XML"><Content><P>(weggefallen)</P></Content></text></textdaten></norm>
<norm builddate="20250218223002" doknr="BJNR031380977BJNE001201308"><metadaten><jurabk>EiMarktV</jurabk><enbez>§ 10</enbez></metadaten><textdaten><text format="XML"><Content><P>(Inkrafttreten)</P></Content></text></textdaten></norm>
</dokumente>