<?xml version="1.0" encoding="UTF-8" ?><!DOCTYPE dokumente SYSTEM "http://www.gesetze-im-internet.de/dtd/1.01/gii-norm.dtd">
<dokumente builddate="20120625153543" doknr="BJNR084420996"><norm builddate="20120625153543" doknr="BJNR084420996"><metadaten><jurabk>StrZusGubenAbk POL</jurabk><ausfertigung-datum manuell="ja">1995-03-20</ausfertigung-datum><fundstelle typ="amtlich"><periodikum>BGBl II</periodikum><zitstelle>1996, 844</zitstelle></fundstelle><langue>Abkommen zwischen der Bundesrepublik
Deutschland und der Republik Polen über den
Zusammenschluß der deutschen Bundesstraße B 97
und der polnischen Landesstraße 274 sowie
über den Bau einer Grenzbrücke im Raum
Guben und Gubinek</langue></metadaten><textdaten><text format="decorated"/><fussnoten><Content><P>G v. 15.5.1996 II 843</P><P><BR/> In Kraft gem. Bek v. 18.7.1997 II 1591 mWv 1.9.1997</P></Content></fussnoten></textdaten></norm>
</dokumente>