<?xml version="1.0" encoding="UTF-8" ?><!DOCTYPE dokumente SYSTEM "http://www.gesetze-im-internet.de/dtd/1.01/gii-norm.dtd">
<dokumente builddate="20120625152051" doknr="BJNR205180992"><norm builddate="20120625152051" doknr="BJNR205180992"><metadaten><jurabk>WildTArtÜbkInkrÄndV 3</jurabk><ausfertigung-datum manuell="ja">1992-07-18</ausfertigung-datum><fundstelle typ="amtlich"><periodikum>BGBl II</periodikum><zitstelle>1992, 518</zitstelle></fundstelle><langue>Dritte Verordnung über die Inkraftsetzung von Änderungen der Anhänge I
und II des Übereinkommens zur Erhaltung der wandernden wildlebenden Tierarten</langue></metadaten><textdaten><text format="decorated"/></textdaten></norm>
</dokumente>