<?xml version="1.0" encoding="UTF-8" ?><!DOCTYPE dokumente SYSTEM "http://www.gesetze-im-internet.de/dtd/1.01/gii-norm.dtd">
<dokumente builddate="20120625145814" doknr="BJNR011060968"><norm builddate="20120625145814" doknr="BJNR011060968"><metadaten><jurabk>Münz5DMBek 1968-10-31</jurabk><ausfertigung-datum manuell="ja">1968-10-31</ausfertigung-datum><fundstelle typ="amtlich"><periodikum>BGBl I</periodikum><zitstelle>1968, 1106</zitstelle></fundstelle><langue>Bekanntmachung über die Ausprägung von Bundesmünzen im Nennwert von 5
Deutschen Mark (Gutenberg-Gedenkmünze)</langue></metadaten><textdaten><text format="XML"><Content><P/></Content></text></textdaten></norm>
<norm builddate="20120625145814" doknr="BJNR011060968BJNE000100307"><metadaten><jurabk>Münz5DMBek 1968-10-31</jurabk><enbez>(XXXX)</enbez></metadaten><textdaten><text format="XML"><Content><P>(1) Auf Grund des Gesetzes über die Ausprägung von Scheidemünzen vom 8. Juli 1950 (Bundesgesetzbl. S. 323) wird am 11. November 1968 aus Anlaß des 500. Todestages von Johannes Gutenberg, dem Erfinder der beweglichen Letter, eine Bundesmünze (Gedenkmünze) im Nennwert von 5 Deutschen Mark in den Verkehr gebracht. Die Gesamtauflage richtet sich nach dem Bedarf.</P><P>(2) Die Münze besteht aus einer Legierung von 625 Tausendteilen Feinsilber und 375 Tausendteilen Kupfer. Sie hat einen Durchmesser von 29 mm und ein Gewicht von 11,2 Gramm.</P><P>(3) Das Gepräge auf beiden Seiten ist erhaben und wird von einem ebenfalls erhabenen glatten Randstab umrahmt, an den sich innen ein Perlkranz anschließt.</P><P>(4) Die Wertseite zeigt in der Mitte den Bundesadler und beiderseits der Schwanzfedern unterhalb der gespreizten Fänge die geteilte Jahreszahl 1968. Die Umschrift lautet: &quot;. BUNDESREPUBLIK DEUTSCHLAND . DEUTSCHE 5 MARK&quot;. Der Buchstabe G, das Münzzeichen der Staatlichen Münze Karlsruhe, ist in dem Bogen der Wertziffer 5 angebracht.</P><P>(5) Die Bildseite zeigt das Kopfbild Gutenbergs mit der Umschrift: &quot;. JOHANNES GUTENBERG . <ABWFORMAT typ="A"/>gest. 1468&quot;.</P><P>(6) Der glatte Münzrand ist mit der vertieften Inschrift versehen: &quot;. GESEGNET SEI - WER DIE SCHRIFT ERFAND .&quot;.</P><P>(7) Der Entwurf der Münze stammt von Frau Doris Waschke-Balz, Hamburg.</P><P>(8) Dies wird namens der Bundesregierung bekanntgemacht.</P></Content></text></textdaten></norm>
<norm builddate="20120625145814" doknr="BJNR011060968BJNE000200307"><metadaten><jurabk>Münz5DMBek 1968-10-31</jurabk><enbez>Schlußformel</enbez></metadaten><textdaten><text format="XML"><Content><P><SP>Der Bundesminister der Finanzen</SP></P></Content></text></textdaten></norm>
<norm builddate="20120625145814" doknr="BJNR011060968BJNE000300307"><metadaten><jurabk>Münz5DMBek 1968-10-31</jurabk><enbez>(XXXX)</enbez><titel format="parat">Abbildung der Münze</titel></metadaten><textdaten><text format="XML"><Content><P><ABWFORMAT typ="E"/>(Inhalt: nicht darstellbare Abbildung) <BR/><kommentar typ="Fundstelle">Fundstelle: BGBl I 1968, 1106</kommentar></P></Content></text></textdaten></norm>
</dokumente>