<?xml version="1.0" encoding="UTF-8" ?><!DOCTYPE dokumente SYSTEM "http://www.gesetze-im-internet.de/dtd/1.01/gii-norm.dtd">
<dokumente builddate="20201006212513" doknr="BJNR028600015"><norm builddate="20201006212513" doknr="BJNR028600015"><metadaten><jurabk>BVerfGGOBek15</jurabk><ausfertigung-datum manuell="ja">2014-11-19</ausfertigung-datum><fundstelle typ="amtlich"><periodikum>BGBl I</periodikum><zitstelle>2015, 286</zitstelle></fundstelle><langue>Bekanntmachung der Geschäftsordnung des Bundesverfassungsgerichts</langue></metadaten><textdaten><fussnoten><Content><P><BR/> <pre xml:space="preserve">(+++ Textnachweis ab: 13.3.2015 +++)<BR/><BR/></pre></P></Content></fussnoten></textdaten></norm>
<norm builddate="20201006212513" doknr="BJNR028600015BJNE000100000"><metadaten><jurabk>BVerfGGOBek15</jurabk><enbez>(XXXX)</enbez></metadaten><textdaten><text format="XML"><Content><P>Das Plenum des Bundesverfassungsgerichts hat sich durch Beschluss vom 19. November 2014 nachstehende Geschäftsordnung gegeben.</P></Content></text></textdaten></norm>
<norm builddate="20201006212513" doknr="BJNR028600015BJNE000200000"><metadaten><jurabk>BVerfGGOBek15</jurabk><enbez>Schlussformel</enbez></metadaten><textdaten><text format="XML"><Content><P>Der Präsident des Bundesverfassungsgerichts</P></Content></text></textdaten></norm>
</dokumente>