<?xml version="1.0" encoding="UTF-8" ?><!DOCTYPE dokumente SYSTEM "http://www.gesetze-im-internet.de/dtd/1.01/gii-norm.dtd">
<dokumente builddate="20231231214230" doknr="BJNR100400008"><norm builddate="20231231214230" doknr="BJNR100400008"><metadaten><jurabk>VFBAZV</jurabk><amtabk>VFBAZV</amtabk><ausfertigung-datum manuell="ja">2008-06-12</ausfertigung-datum><fundstelle typ="amtlich"><periodikum>BGBl I</periodikum><zitstelle>2008, 1004</zitstelle></fundstelle><langue>Verordnung über die Zuweisungen an das Sondervermögen „Versorgungsfonds der Bundesagentur für Arbeit“</langue><standangabe checked="ja"><standtyp>Stand</standtyp><standkommentar>Zuletzt geändert durch Art. 1 V v. 14.12.2023 I Nr. 371</standkommentar></standangabe></metadaten><textdaten><fussnoten><Content><P><BR/> <pre xml:space="preserve">(+++ Textnachweis ab: 17.6.2008 +++)<BR/><BR/></pre></P></Content></fussnoten></textdaten></norm>
<norm builddate="20231231214230" doknr="BJNR100400008BJNE000100000"><metadaten><jurabk>VFBAZV</jurabk><enbez>Eingangsformel</enbez></metadaten><textdaten><text format="XML"><Content><P>Auf Grund des § 366a Abs. 4 Satz 3 und 5 des Dritten Buches Sozialgesetzbuch – Arbeitsförderung – (Artikel 1 des Gesetzes vom 24. März 1997, BGBl. I S. 594, 595), der durch Artikel 1 Nr. 6 des Gesetzes vom 22. Dezember 2007 (BGBl. I S. 3245) eingefügt worden ist, in Verbindung mit § 1 der Verordnung zur Übertragung der Befugnis zum Erlass von Rechtsverordnungen nach dem Dritten Buch Sozialgesetzbuch auf den Vorstand der Bundesagentur für Arbeit vom 15. Januar 2008 (BGBl. I S. 34) verordnet der Vorstand der Bundesagentur für Arbeit im Einvernehmen mit dem Bundesministerium für Arbeit und Soziales und dem Bundesministerium der Finanzen:</P></Content></text></textdaten></norm>
<norm builddate="20231231214230" doknr="BJNR100400008BJNE000204126"><metadaten><jurabk>VFBAZV</jurabk><enbez>§ 1</enbez><titel format="XML">Höhe des Zuweisungssatzes</titel></metadaten><textdaten><text format="XML"><Content><P>Der für die Höhe der regelmäßigen Zuweisungen nach § 366a Absatz 2 Nummer 1 des Dritten Buches Sozialgesetzbuch an das Sondervermögen „Versorgungsfonds der Bundesagentur für Arbeit“ maßgebende Prozentsatz der ruhegehaltfähigen Dienstbezüge oder Entgeltzahlungen (Zuweisungssatz) beträgt für die Beamtinnen und Beamten der Bundesagentur für Arbeit 147,7 Prozent.</P></Content></text><fussnoten/></textdaten></norm>
<norm builddate="20231231214230" doknr="BJNR100400008BJNE000301360"><metadaten><jurabk>VFBAZV</jurabk><enbez>§ 2</enbez><titel format="XML">Verrechnung</titel></metadaten><textdaten><text format="XML"><Content><P>(1) Die Höhe der regelmäßigen Zuweisungen (Zahlungsbetrag) berechnet sich nach folgender Formel: <table colsep="0" frame="none" pgwide="0" rowsep="0" tocentry="%yes;"><tgroup align="left" char="" charoff="50" cols="1"><colspec colname="col1"/><tbody valign="top"><row><entry VJ="1" align="center" colname="col1">ZB = S<SUB>BE</SUB> x ZS + E<SUB>Bet</SUB> – VA.</entry></row></tbody></tgroup></table>In dieser Formel bedeutet: <DL Font="normal" Indent="8.5"><DT>ZB:</DT><DD><LA>Zahlungsbetrag in Euro,</LA></DD><DT>S<SUB>BE</SUB>:</DT><DD><LA>Summe der im Vorquartal gezahlten ruhegehaltfähigen Dienstbezüge und Entgelte in Euro,</LA></DD><DT>ZS:</DT><DD><LA>zum Zahlungstermin (§ 3 Absatz 1) geltender Zuweisungssatz in Prozent,</LA></DD><DT>E<SUB>Bet</SUB>:</DT><DD><LA>im Vorquartal erzielte Einnahmen aus der Beteiligung anderer Dienstherren an den Versorgungsausgaben der Bundesagentur für Arbeit in Euro,</LA></DD><DT>VA:</DT><DD><LA>Versorgungsausgaben im Vorquartal in Euro.</LA></DD></DL></P><P>(2) Ergibt sich ein negativer Zahlungsbetrag, so ist er durch eine Zahlung aus dem Sondervermögen an die Bundesagentur für Arbeit auszugleichen.</P></Content></text><fussnoten/></textdaten></norm>
<norm builddate="20231231214230" doknr="BJNR100400008BJNE000401308"><metadaten><jurabk>VFBAZV</jurabk><enbez>§ 3</enbez><titel format="XML">Zahlverfahren</titel></metadaten><textdaten><text format="XML"><Content><P>(1) Die Zahlung des nach § 2 ermittelten Betrages erfolgt quartalsweise jeweils am vorletzten Werktag im ersten Monat eines Quartals.</P><P>(2) Die weiteren Einzelheiten des Zahlverfahrens vereinbaren die Bundesagentur für Arbeit und die Deutsche Bundesbank.</P></Content></text><fussnoten/></textdaten></norm>
<norm builddate="20231231214230" doknr="BJNR100400008BJNE000502126"><metadaten><jurabk>VFBAZV</jurabk><enbez>§ 4</enbez><titel format="XML">Revision</titel></metadaten><textdaten><text format="XML"><Content><P>(1) Die Bundesagentur für Arbeit überprüft erstmals bis zum 30. September 2008 und danach alle drei Jahre bis zum 30. Juni des jeweiligen Jahres die Höhe des Fondsguthabens und die Höhe des Zuweisungssatzes auf der Grundlage versicherungsmathematischer Berechnungen unter Berücksichtigung der jeweiligen Änderungen des Besoldungs- und Versorgungsrechts. Das Verfahren wird im Einvernehmen mit dem Bundesministerium für Arbeit und Soziales und dem Bundesministerium der Finanzen festgelegt. Die Revisionsergebnisse werden im Einvernehmen mit dem Bundesministerium für Arbeit und Soziales und dem Bundesministerium der Finanzen festgestellt.</P><P>(2) Ergeben die nach Absatz 1 durchgeführten Revisionen eine Unter- oder eine Überfinanzierung des Fonds in Höhe von mindestens 250 Millionen Euro, ist der Zuweisungssatz im laufenden Haushaltsjahr, spätestens mit Wirkung ab dem folgenden Haushaltsjahr anzupassen.</P></Content></text><fussnoten/></textdaten></norm>
<norm builddate="20231231214230" doknr="BJNR100400008BJNE000600000"><metadaten><jurabk>VFBAZV</jurabk><enbez>§ 5</enbez><titel format="XML">Inkrafttreten</titel></metadaten><textdaten><text format="XML"><Content><P>Diese Verordnung tritt am Tag nach der Verkündung in Kraft.</P></Content></text></textdaten></norm>
</dokumente>