<?xml version="1.0" encoding="UTF-8" ?><!DOCTYPE dokumente SYSTEM "http://www.gesetze-im-internet.de/dtd/1.01/gii-norm.dtd">
<dokumente builddate="20120625154803" doknr="BJNR018600961"><norm builddate="20120625154803" doknr="BJNR018600961"><metadaten><jurabk>BEGDV2ÄndV 4</jurabk><ausfertigung-datum manuell="ja">1961-10-02</ausfertigung-datum><fundstelle typ="amtlich"><periodikum>BGBl I</periodikum><zitstelle>1961, 1860</zitstelle></fundstelle><langue>Vierte Verordnung zur Änderung der Zweiten Verordnung zur Durchführung
des Bundesentschädigungsgesetzes</langue></metadaten><textdaten><text format="XML"><Content><P/></Content></text><fussnoten><Content><P>(+++ Textnachweis Geltung ab:  1. 1.1964 +++)</P></Content></fussnoten></textdaten></norm>
<norm builddate="20120625154803" doknr="BJNR018600961BJNE000100328"><metadaten><jurabk>BEGDV2ÄndV 4</jurabk><enbez>Eingangsformel</enbez></metadaten><textdaten><text format="XML"><Content><P>Auf Grund des § 42 des Bundesentschädigungsgesetzes in der Fassung des Gesetzes vom 29. Juni 1956 (Bundesgesetzbl. I S. 559) verordnet die Bundesregierung mit Zustimmung des Bundesrates:</P></Content></text></textdaten></norm>
<norm builddate="20120625154803" doknr="BJNR018600961BJNE000200328"><metadaten><jurabk>BEGDV2ÄndV 4</jurabk><enbez>Art I</enbez></metadaten><textdaten><text format="XML"><Content><P>-</P></Content></text><fussnoten/></textdaten></norm>
<norm builddate="20120625154803" doknr="BJNR018600961BJNE000300328"><metadaten><jurabk>BEGDV2ÄndV 4</jurabk><enbez>Art II</enbez></metadaten><textdaten><text format="XML"><Content><P>Die Unanfechtbarkeit oder die Rechtskraft einer vor Verkündung dieser Verordnung ergangenen Entscheidung steht einer erneuten Entscheidung auf Grund dieser Verordnung nicht entgegen.</P></Content></text></textdaten></norm>
<norm builddate="20120625154803" doknr="BJNR018600961BJNE000400328"><metadaten><jurabk>BEGDV2ÄndV 4</jurabk><enbez>Art III</enbez></metadaten><textdaten><text format="XML"><Content><P>Diese Verordnung gilt nach § 14 des Dritten Überleitungsgesetzes vom 4. Januar 1952 (Bundesgesetzblatt I S. 1) in Verbindung mit § 240 BEG auch im Land Berlin.</P></Content></text></textdaten></norm>
<norm builddate="20120625154803" doknr="BJNR018600961BJNE000500328"><metadaten><jurabk>BEGDV2ÄndV 4</jurabk><enbez>Art IV</enbez></metadaten><textdaten><text format="XML"><Content><P>Diese Verordnung tritt mit Wirkung vom 1. Januar 1961 in Kraft.</P></Content></text></textdaten></norm>
</dokumente>