<?xml version="1.0" encoding="UTF-8" ?><!DOCTYPE dokumente SYSTEM "http://www.gesetze-im-internet.de/dtd/1.01/gii-norm.dtd">
<dokumente builddate="20130405130417" doknr="BJNR038200004"><norm builddate="20130405130417" doknr="BJNR038200004"><metadaten><jurabk>BUKDiszAnO</jurabk><ausfertigung-datum manuell="ja">2003-12-09</ausfertigung-datum><fundstelle typ="amtlich"><periodikum>BGBl I</periodikum><zitstelle>2004, 382</zitstelle></fundstelle><langue>Anordnung über die Übertragung von Befugnissen auf dem Gebiet des Disziplinarrechts im Bereich der Unfallkasse des Bundes</langue></metadaten><textdaten><text format="XML"><Content><P/></Content></text><fussnoten><Content><P><BR/> <pre xml:space="preserve">(+++ Textnachweis ab:  1. 1.2004 +++)<BR/><BR/></pre></P></Content></fussnoten></textdaten></norm>
<norm builddate="20130405130417" doknr="BJNR038200004BJNE000100000"><metadaten><jurabk>BUKDiszAnO</jurabk><enbez>Eingangsformel</enbez></metadaten><textdaten><text format="XML"><Content><P>Auf Grund des Artikels 9 Nr. 16 des Gesetzes zur Einführung einer kapitalgedeckten Hüttenknappschaftlichen Zusatzversicherung und zur Änderung anderer Gesetze vom 21. Juni 2002 (BGBl. I S. 2167), des § 15 Abs. 1 der Satzung der Unfallkasse des Bundes vom 22. Januar 2003, des § 83 Abs. 1 Satz 1 und 2, des § 33 Abs. 5, des § 34 Abs. 2 Satz 2, des § 42 Abs. 1 Satz 2 und des § 84 Satz 2 des Bundesdisziplinargesetzes vom 9. Juli 2001 (BGBl. I S. 1510) in Verbindung mit § 1 Abs. 2 der Verordnung zur Durchführung des Bundesdisziplinargesetzes bei den bundesunmittelbaren Körperschaften mit Dienstherrnfähigkeit im Geschäftsbereich des Bundesministeriums für Gesundheit und Soziale Sicherung vom 24. Februar 2003 (BGBl. I S. 300) wird folgende Anordnung erlassen:</P></Content></text></textdaten></norm>
<norm builddate="20130405130417" doknr="BJNR038200004BJNE000200000"><metadaten><jurabk>BUKDiszAnO</jurabk><enbez>I.</enbez><titel format="parat">Übertragung von Befugnissen</titel></metadaten><textdaten><text format="XML"><Content><P>Im Rahmen des vom Bundesministerium für Gesundheit und Soziale Sicherung auf den Vorstand der Unfallkasse des Bundes übertragenen Rechts als oberste Dienstbehörde überträgt der Vorstand der Unfallkasse des Bundes auf den Geschäftsführer der Unfallkasse des Bundes die Befugnis, <DL Font="normal" Type="arabic"><DT>1.</DT><DD Font="normal"><LA Size="normal">nach § 33 Abs. 1 in Verbindung mit Abs. 3 Nr. 1 des Bundesdisziplinargesetzes die Kürzung der Dienstbezüge bis zum Höchstmaß für die Beamtinnen und Beamten festzusetzen,</LA></DD> <DT>2.</DT><DD Font="normal"><LA Size="normal">nach § 34 Abs. 1 in Verbindung mit Abs. 2 Satz 1 des Bundesdisziplinargesetzes Disziplinarklage gegen die Beamtinnen und Beamten zu erheben,</LA></DD> <DT>3.</DT><DD Font="normal"><LA Size="normal">nach § 42 Abs. 1 Satz 1 des Bundesdisziplinargesetzes über den Widerspruch von Beamtinnen und Beamten zu entscheiden, auch soweit die Geschäftsführung für die Disziplinarverfügung zuständig ist,</LA></DD> <DT>4.</DT><DD Font="normal"><LA Size="normal">nach § 84 Satz 1 des Bundesdisziplinargesetzes gegenüber Ruhestandsbeamtinnen und Ruhestandsbeamten die Disziplinarbefugnisse auszuüben, soweit die Geschäftsführung entsprechend der Nummer 1 zum Zeitpunkt des Eintritts in den Ruhestand zuständig war.</LA></DD> </DL>Die Befugnisse des Vorstandes nach den §§ 35 und 43 des Bundesdisziplinargesetzes bleiben hiervon unberührt.</P></Content></text></textdaten></norm>
<norm builddate="20130405130417" doknr="BJNR038200004BJNE000300000"><metadaten><jurabk>BUKDiszAnO</jurabk><enbez>II.</enbez><titel format="parat">Vorbehaltsklausel</titel></metadaten><textdaten><text format="XML"><Content><P>Der Vorstand der Unfallkasse des Bundes behält sich vor, die nach Abschnitt I erteilten Befugnisse im Einzelfall und in jedem Stadium des Verfahrens selbst wahrzunehmen.</P></Content></text></textdaten></norm>
<norm builddate="20130405130417" doknr="BJNR038200004BJNE000400000"><metadaten><jurabk>BUKDiszAnO</jurabk><enbez>III.</enbez><titel format="parat">Inkrafttreten</titel></metadaten><textdaten><text format="XML"><Content><P>Die vorstehende Anordnung tritt am 1. Januar 2004 in Kraft.</P></Content></text></textdaten></norm>
<norm builddate="20130405130417" doknr="BJNR038200004BJNE000500000"><metadaten><jurabk>BUKDiszAnO</jurabk><enbez>Schlussformel</enbez></metadaten><textdaten><text format="XML"><Content><P>Vorstand der Unfallkasse des Bundes</P></Content></text></textdaten></norm>
</dokumente>