<?xml version="1.0" encoding="UTF-8" ?><!DOCTYPE dokumente SYSTEM "http://www.gesetze-im-internet.de/dtd/1.01/gii-norm.dtd">
<dokumente builddate="20120625153030" doknr="BJNR003450919"><norm builddate="20120625153030" doknr="BJNR003450919"><metadaten><jurabk>BierStGemWÜG</jurabk><ausfertigung-datum manuell="ja">1919-03-27</ausfertigung-datum><fundstelle typ="amtlich"><periodikum>RGBl</periodikum><zitstelle>1919, 345</zitstelle></fundstelle><langue>Gesetz über den Eintritt des Freistaats Württemberg in die
Biersteuergemeinschaft</langue></metadaten><textdaten><text format="decorated"/><fussnoten><Content><P>Partielles Recht für: Baden-Württemberg (ehemaliges Württemberg) <BR/>Überschrift: Gemäß § 3 Abs. 2 G 114-2 vom 10.7.1958 I 437 nur Überschrift aufgenommen. Nach Auffassung der Länderkommission zur Rechtsbereinigung enthalten die §§ 2 und 6 Bundesrecht</P></Content></fussnoten></textdaten></norm>
</dokumente>