<?xml version="1.0" encoding="UTF-8" ?><!DOCTYPE dokumente SYSTEM "http://www.gesetze-im-internet.de/dtd/1.01/gii-norm.dtd">
<dokumente builddate="20120625154017" doknr="BJNR206790963"><norm builddate="20120625154017" doknr="BJNR206790963"><metadaten><jurabk>SozSichAbk GRC</jurabk><ausfertigung-datum manuell="ja">1961-04-25</ausfertigung-datum><fundstelle typ="amtlich"><periodikum>BGBl II</periodikum><zitstelle>1963, 679</zitstelle></fundstelle><langue>Abkommen zwischen der Bundesrepublik Deutschland und dem Königreich
Griechenland über Soziale Sicherheit</langue></metadaten><textdaten><text format="decorated"/><fussnoten><Content><P>G v. 15.6.1963 II 678 <BR/>Inkraft gem. Bek. v. 28.10.1963 II 1454 mWv 1.11.1963</P></Content></fussnoten></textdaten></norm>
</dokumente>