<?xml version="1.0" encoding="UTF-8" ?><!DOCTYPE dokumente SYSTEM "http://www.gesetze-im-internet.de/dtd/1.01/gii-norm.dtd">
<dokumente builddate="20120625154729" doknr="BJNR083620995"><norm builddate="20120625154729" doknr="BJNR083620995"><metadaten><jurabk>DBAPAKG</jurabk><ausfertigung-datum manuell="ja">1995-09-21</ausfertigung-datum><fundstelle typ="amtlich"><periodikum>BGBl II</periodikum><zitstelle>1995, 836</zitstelle></fundstelle><langue>Gesetz zu dem Abkommen vom 14. Juli 1994 zwischen der Bundesrepublik
Deutschland und der Islamischen Republik Pakistan zur Vermeidung der
Doppelbesteuerung auf dem Gebiet der Steuern vom Einkommen</langue></metadaten><textdaten><text format="XML"><Content><P/></Content></text><fussnoten><Content><P>(+++ Textnachweis ab:  1.10.1995 +++)</P></Content></fussnoten></textdaten></norm>
<norm builddate="20120625154729" doknr="BJNR083620995BJNE000100310"><metadaten><jurabk>DBAPAKG</jurabk><enbez>Eingangsformel</enbez></metadaten><textdaten><text format="XML"><Content><P>Der Bundestag hat mit Zustimmung des Bundesrates das folgende Gesetz beschlossen:</P></Content></text></textdaten></norm>
<norm builddate="20120625154729" doknr="BJNR083620995BJNE000200310"><metadaten><jurabk>DBAPAKG</jurabk><enbez>Art 1</enbez></metadaten><textdaten><text format="XML"><Content><P>Dem in Islamabad am 14. Juli 1994 unterzeichneten Abkommen zwischen der Bundesrepublik Deutschland und der Islamischen Republik Pakistan zur Vermeidung der Doppelbesteuerung auf dem Gebiet der Steuern vom Einkommen sowie dem dazugehörigen Protokoll vom selben Tag wird zugestimmt. Das Abkommen und das Protokoll werden nachstehend veröffentlicht.</P></Content></text></textdaten></norm>
<norm builddate="20120625154729" doknr="BJNR083620995BJNE000300310"><metadaten><jurabk>DBAPAKG</jurabk><enbez>Art 2</enbez></metadaten><textdaten><text format="XML"><Content><P>Soweit das Abkommen auf Grund seines Artikels 28 Abs. 2 für die Zeit vor seinem Inkrafttreten anzuwenden ist, sind bereits ergangene Steuerfestsetzungen zu ändern oder aufzuheben. Steuerfestsetzungen sowie ihre Aufhebung und Änderung sind insoweit auch zulässig, wenn die Festsetzungsfrist abgelaufen ist; dies gilt nur bis zum Ablauf des vierten Kalenderjahrs, das auf das Kalenderjahr folgt, in dem das Abkommen in Kraft getreten ist. Soweit sich bis zum Zeitpunkt des Inkrafttretens des Abkommens unter Berücksichtigung der jeweiligen Besteuerung in der Bundesrepublik Deutschland und in der Islamischen Republik Pakistan insgesamt eine höhere Belastung ergibt, als sie nach den Rechtsvorschriften vor dem Inkrafttreten des Abkommens bestand, wird der Steuermehrbetrag nicht festgesetzt.</P></Content></text></textdaten></norm>
<norm builddate="20120625154729" doknr="BJNR083620995BJNE000400310"><metadaten><jurabk>DBAPAKG</jurabk><enbez>Art 3</enbez></metadaten><textdaten><text format="XML"><Content><P>(1) Dieses Gesetz tritt am Tage nach seiner Verkündung in Kraft.</P><P>(2) Der Tag, an dem das Abkommen nach seinem Artikel 28 Abs. 2 sowie das Protokoll in Kraft treten, ist im Bundesgesetzblatt bekanntzugeben.</P></Content> </text></textdaten></norm>
</dokumente>