<?xml version="1.0" encoding="UTF-8" ?><!DOCTYPE dokumente SYSTEM "http://www.gesetze-im-internet.de/dtd/1.01/gii-norm.dtd">
<dokumente builddate="20251205215522" doknr="BJNR12E0B0025"><norm builddate="20251205215522" doknr="BJNR12E0B0025"><metadaten><jurabk>MaschinenDG</jurabk><amtabk>MaschinenDG</amtabk><ausfertigung-datum manuell="ja">2025-12-02</ausfertigung-datum><fundstelle typ="amtlich"><periodikum>BGBl. I</periodikum><zitstelle>2025, Nr. 302</zitstelle></fundstelle><kurzue>Maschinenverordnung-Durchführungsgesetz</kurzue><langue>Gesetz zur Durchführung der Verordnung (EU) 2023/1230</langue></metadaten><textdaten><fussnoten><Content><P><BR/> <pre xml:space="preserve">(+++ Textnachweis ab: 6.12.2025 +++)<BR/> <BR/>(+++ Zur Anwendung vgl. § 12 +++)<BR/> <BR/>(+++ Amtlicher Hinweis des Normgebers auf EG-Recht:<BR/>     Durchführung der<BR/>       EUV 2023/1230            (CELEX Nr: 32023R1230) +++)<BR/> <BR/>(+++ EU-Vollzitate: vgl. Liste EU-Rechtsakte G v. 2.12.2025 I Nr. 302 +++)<BR/><BR/></pre>Das G wurde als Artikel 1 des G v. 2.12.2025 I Nr. 302 vom Bundestag mit Zustimmung des Bundesrates beschlossen. Es tritt gem. Art. 5 dieses G am 6.12.2025 in Kraft.</P></Content></fussnoten></textdaten></norm>
<norm builddate="20251205215522" doknr="BJNR12E0B0025BJNE000100000"><metadaten><jurabk>MaschinenDG</jurabk><enbez>§ 1</enbez><titel format="XML">Anwendungsbereich</titel></metadaten><textdaten><text format="XML"><Content><P>Dieses Gesetz gilt für Maschinen, dazugehörige Produkte und unvollständige Maschinen nach Artikel 2 der Verordnung (EU) 2023/1230.</P></Content></text><fussnoten><Content><P>(+++ § 1: Zur Anwendung vgl. § 12 +++) <BR/>(+++ EU-Vollzitate: vgl. Liste EU-Rechtsakte G v. 2.12.2025 I Nr. 302 +++)</P></Content></fussnoten></textdaten></norm>
<norm builddate="20251205215522" doknr="BJNR12E0B0025BJNE000200000"><metadaten><jurabk>MaschinenDG</jurabk><enbez>§ 2</enbez><titel format="XML">Sprache der Anleitungen, der Informationen, der EU-Konformitätserklärung und der EU-Einbauerklärung</titel></metadaten><textdaten><text format="XML"><Content><P>(1) Für Maschinen und dazugehörige Produkte sind folgende Unterlagen nach der Verordnung (EU) 2023/1230 in der Fassung vom 9. Oktober 2024 in deutscher Sprache abzufassen: <DL Type="arabic"><DT>1.</DT><DD Font="normal"><LA>die Betriebsanleitung und die Informationen nach Artikel 10 Absatz 7 Unterabsatz 1 Satz 1 in Verbindung mit Anhang III,</LA></DD><DT>2.</DT><DD Font="normal"><LA>die Sicherheitsinformationen nach Artikel 10 Absatz 7 Unterabsatz 4 sowie</LA></DD><DT>3.</DT><DD Font="normal"><LA>die EU-Konformitätserklärung nach Artikel 10 Absatz 8 in Verbindung mit Anhang V Teil A.</LA></DD></DL>Sofern die Betriebsanleitung nach § 2 Absatz 1 Nummer 1 in digitaler Form bereitgestellt wird, ist der Hinweis nach Artikel 10 Absatz 7 Unterabsatz 2 Buchstabe a der Verordnung (EU) 2023/1230 in der Fassung vom 9. Oktober 2024, wie auf die digitale Betriebsanleitung zugegriffen werden kann, ebenfalls in deutscher Sprache abzufassen.</P><P>(2) Für unvollständige Maschinen sind folgende Unterlagen nach der Verordnung (EU) 2023/1230 in der Fassung vom 9. Oktober 2024 in deutscher Sprache abzufassen: <DL Type="arabic"><DT>1.</DT><DD Font="normal"><LA>die Montageanleitung nach Artikel 11 Absatz 7 Unterabsatz 1 in Verbindung mit Anhang XI sowie</LA></DD><DT>2.</DT><DD Font="normal"><LA>die EU-Einbauerklärung nach Artikel 11 Absatz 8 in Verbindung mit Anhang V Teil B.</LA></DD></DL>Sofern die Montageanleitung nach Satz 1 Nummer 1 in digitaler Form bereitgestellt wird, ist der Hinweis nach Artikel 11 Absatz 7 Unterabsatz 3 Buchstabe a der Verordnung (EU) 2023/1230 in der Fassung vom 9. Oktober 2024, wie auf die digitale Montageanleitung zugegriffen werden kann, ebenfalls in deutscher Sprache abzufassen.</P></Content></text><fussnoten><Content><P>(+++ § 2: Zur Anwendung vgl. § 12 +++) <BR/>(+++ EU-Vollzitate: vgl. Liste EU-Rechtsakte G v. 2.12.2025 I Nr. 302 +++)</P></Content></fussnoten></textdaten></norm>
<norm builddate="20251205215522" doknr="BJNR12E0B0025BJNE000300000"><metadaten><jurabk>MaschinenDG</jurabk><enbez>§ 3</enbez><titel format="XML">Notifizierung von Konformitätsbewertungsstellen</titel></metadaten><textdaten><text format="XML"><Content><P>Die Notifizierung von Konformitätsbewertungsstellen nach Kapitel V der Verordnung (EU) 2023/1230 ist von der Befugnis erteilenden Behörde nach § 10 Absatz 1 erster Halbsatz des Produktsicherheitsgesetzes vom 27. Juli 2021 (BGBl. I S. 3146, 3147), das durch Artikel 2 des Gesetzes vom 27. Juli 2021 (BGBl. I S. 3146) geändert worden ist, durchzuführen. Soweit die Verordnung (EU) 2023/1230 keine Regelungen trifft, sind die Abschnitte 3 und 4 des Produktsicherheitsgesetzes anwendbar.</P></Content></text><fussnoten><Content><P>(+++ EU-Vollzitate: vgl. Liste EU-Rechtsakte G v. 2.12.2025 I Nr. 302 +++)</P></Content></fussnoten></textdaten></norm>
<norm builddate="20251205215522" doknr="BJNR12E0B0025BJNE000400000"><metadaten><jurabk>MaschinenDG</jurabk><enbez>§ 4</enbez><titel format="XML">Stichproben bei der Marktüberwachung</titel></metadaten><textdaten><text format="XML"><Content><P>(1) Die Marktüberwachungsbehörden haben anhand angemessener Stichproben auf geeignete Art und Weise und in angemessenem Umfang zu kontrollieren, ob die Maschinen, die dazugehörigen Produkte oder die unvollständigen Maschinen die Anforderungen der Verordnung (EU) 2023/1230 erfüllen.</P><P>(2) Die Stichproben nach Absatz 1 bilden eine Teilmenge des Richtwerts nach § 25 Absatz 2 des Produktsicherheitsgesetzes.</P></Content></text><fussnoten><Content><P>(+++ § 4: Zur Anwendung vgl. § 12 +++) <BR/>(+++ EU-Vollzitate: vgl. Liste EU-Rechtsakte G v. 2.12.2025 I Nr. 302 +++)</P></Content></fussnoten></textdaten></norm>
<norm builddate="20251205215522" doknr="BJNR12E0B0025BJNE000500000"><metadaten><jurabk>MaschinenDG</jurabk><enbez>§ 5</enbez><titel format="XML">Unterrichtung bei Nichtkonformität einer Maschine, eines dazugehörigen Produktes oder einer unvollständigen Maschine</titel></metadaten><textdaten><text format="XML"><Content><P>Die Unterrichtung bei Nichtkonformität nach Artikel 43 Absatz 2 und 4 Satz 2 der Verordnung (EU) 2023/1230 hinsichtlich einer Maschine, eines dazugehörigen Produktes oder einer unvollständigen Maschine hat die Marktüberwachungsbehörde unverzüglich über die Bundesanstalt für Arbeitsschutz und Arbeitsmedizin vorzunehmen.</P></Content></text><fussnoten><Content><P>(+++ EU-Vollzitate: vgl. Liste EU-Rechtsakte G v. 2.12.2025 I Nr. 302 +++)</P></Content></fussnoten></textdaten></norm>
<norm builddate="20251205215522" doknr="BJNR12E0B0025BJNE000600000"><metadaten><jurabk>MaschinenDG</jurabk><enbez>§ 6</enbez><titel format="XML">Maßnahmen bei Nichtkonformität einer Maschine, eines dazugehörigen Produktes oder einer unvollständigen Maschine in einem anderen Mitgliedstaat der Europäischen Union</titel></metadaten><textdaten><text format="XML"><Content><P>(1) Erhält die Marktüberwachungsbehörde nach Artikel 43 Absatz 4 Satz 2 der Verordnung (EU) 2023/1230 Informationen darüber, dass in einem anderen Mitgliedstaat der Europäischen Union eine vorläufige Maßnahme nach Artikel 43 Absatz 4 Satz 1 der Verordnung (EU) 2023/1230 getroffen worden ist, und hält die Marktüberwachungsbehörde diese Maßnahme für gerechtfertigt, so hat die Marktüberwachungsbehörde alle geeigneten vorläufigen Maßnahmen zu treffen. Sie hat die Europäische Kommission und die anderen Mitgliedstaaten der Europäischen Union über die Bundesanstalt für Arbeitsschutz und Arbeitsmedizin unverzüglich zu unterrichten über <DL Type="arabic"><DT>1.</DT><DD Font="normal"><LA>die geeigneten vorläufigen Maßnahmen, die sie getroffen hat, sowie</LA></DD><DT>2.</DT><DD Font="normal"><LA>alle weiteren ihr vorliegenden Informationen hinsichtlich der Nichtkonformität der Maschine, des dazugehörigen Produktes oder der unvollständigen Maschine.</LA></DD></DL></P><P>(2) Sofern die Marktüberwachungsbehörde die von dem anderen Mitgliedstaat der Europäischen Union getroffene vorläufige Maßnahme nicht für gerechtfertigt hält, hat sie die Europäische Kommission und die anderen Mitgliedstaaten der Europäischen Union über die Bundesanstalt für Arbeitsschutz und Arbeitsmedizin darüber innerhalb der in Artikel 43 Absatz 7 der Verordnung (EU) 2023/1230 genannten Frist zu unterrichten und ihre Einwände anzugeben.</P><P>(3) Hält die Europäische Kommission die Einwände der Marktüberwachungsbehörde nach Absatz 2 nicht für gerechtfertigt, so hat die Marktüberwachungsbehörde die erforderlichen Maßnahmen zu treffen und über die Bundesanstalt für Arbeitsschutz und Arbeitsmedizin die Europäische Kommission über die getroffenen Maßnahmen zu unterrichten.</P></Content></text><fussnoten><Content><P>(+++ EU-Vollzitate: vgl. Liste EU-Rechtsakte G v. 2.12.2025 I Nr. 302 +++)</P></Content></fussnoten></textdaten></norm>
<norm builddate="20251205215522" doknr="BJNR12E0B0025BJNE000700000"><metadaten><jurabk>MaschinenDG</jurabk><enbez>§ 7</enbez><titel format="XML">Unterrichtung bei Risiken trotz Konformität einer Maschine, eines dazugehörigen Produktes oder einer unvollständigen Maschine</titel></metadaten><textdaten><text format="XML"><Content><P>Die Unterrichtung bei Risiken trotz Konformität nach Artikel 45 Absatz 3 der Verordnung (EU) 2023/1230 hinsichtlich einer Maschine, eines dazugehörigen Produktes oder einer unvollständigen Maschine hat die Marktüberwachungsbehörde unverzüglich über die Bundesanstalt für Arbeitsschutz und Arbeitsmedizin vorzunehmen.</P></Content></text><fussnoten><Content><P>(+++ EU-Vollzitate: vgl. Liste EU-Rechtsakte G v. 2.12.2025 I Nr. 302 +++)</P></Content></fussnoten></textdaten></norm>
<norm builddate="20251205215522" doknr="BJNR12E0B0025BJNE000800000"><metadaten><jurabk>MaschinenDG</jurabk><enbez>§ 8</enbez><titel format="XML">Notfallverfahren</titel></metadaten><textdaten><text format="XML"><Content><P>(1) Sofern die Marktüberwachungsbehörde das Inverkehrbringen oder die Inbetriebnahme von bestimmten Maschinen oder dazugehörigen Produkten nach Artikel 25c Absatz 1 der Verordnung (EU) 2023/1230 genehmigt, hat sie die Europäische Kommission und die übrigen Mitgliedstaaten der Europäischen Union unverzüglich über die Bundesanstalt für Arbeitsschutz und Arbeitsmedizin zu unterrichten.</P><P>(2) Der nach Artikel 25c Absatz 2 Unterabsatz 2 der Verordnung (EU) 2023/1230 in der Fassung vom 9. Oktober 2024 auf Maschinen oder dazugehörigen Produkten anzubringende Hinweis ist in deutscher Sprache abzufassen.</P><P>(3) Sofern die Marktüberwachungsbehörde eine in einem anderen Mitgliedstaat der Europäischen Union nach Artikel 25c Absatz 1 der Verordnung (EU) 2023/1230 erteilte Genehmigung nach Artikel 25c Absatz 4 der Verordnung (EU) 2023/1230 anerkannt hat, hat sie die Europäische Kommission und die übrigen Mitgliedstaaten der Europäischen Union unverzüglich über die Bundesanstalt für Arbeitsschutz und Arbeitsmedizin zu unterrichten.</P><P>(4) Die Marktüberwachungsbehörde hat die Europäische Kommission und die übrigen Mitgliedstaaten der Europäischen Union unverzüglich über die Bundesanstalt für Arbeitsschutz und Arbeitsmedizin über alle ergriffenen Abhilfemaßnahmen und beschränkenden Maßnahmen in Bezug auf solche Maschinen und dazugehörigen Produkte zu unterrichten, für die eine Genehmigung nach Artikel 25c Absatz 1, 2 und 4 der Verordnung (EU) 2023/1230 gültig ist.</P></Content></text><fussnoten><Content><P>(+++ § 8: Zur Anwendung vgl. § 12 +++) <BR/>(+++ EU-Vollzitate: vgl. Liste EU-Rechtsakte G v. 2.12.2025 I Nr. 302 +++)</P></Content></fussnoten></textdaten></norm>
<norm builddate="20251205215522" doknr="BJNR12E0B0025BJNE000900000"><metadaten><jurabk>MaschinenDG</jurabk><enbez>§ 9</enbez><titel format="XML">Bußgeldvorschriften</titel></metadaten><textdaten><text format="XML"><Content><P>(1) Ordnungswidrig handelt, wer gegen die Verordnung (EU) 2023/1230 in der Fassung vom 9. Oktober 2024 verstößt, indem er vorsätzlich oder fahrlässig <DL Type="arabic"><DT>1.</DT><DD Font="normal"><LA>entgegen Artikel 10 Absatz 3 Satz 1, auch in Verbindung mit Artikel 12 Absatz 2 Satz 2 Buchstabe a, oder entgegen Artikel 13 Absatz 8 Unterabsatz 1 eine technische Unterlage, eine EU-Konformitätserklärung oder ein Exemplar der EU-Konformitätserklärung nicht oder nicht mindestens zehn Jahre aufbewahrt oder nicht oder nicht mindestens zehn Jahre bereithält,</LA></DD><DT>2.</DT><DD Font="normal"><LA>entgegen Artikel 10 Absatz 5 nicht sicherstellt, dass eine Maschine oder ein dazugehöriges Produkt ein dort genanntes Kennzeichen trägt oder dass eine dort genannte Information angegeben ist,</LA></DD><DT>3.</DT><DD Font="normal"><LA>entgegen Artikel 10 Absatz 6 oder entgegen Artikel 13 Absatz 3 eine dort genannte Angabe nicht, nicht richtig, nicht vollständig, nicht in der vorgeschriebenen Weise oder nicht beim Inverkehrbringen macht,</LA></DD><DT>4.</DT><DD Font="normal"><LA>entgegen Artikel 10 Absatz 7 Unterabsatz 1 Satz 1 oder Artikel 13 Absatz 4, jeweils in Verbindung mit § 2 Absatz 1 Satz 1 Nummer 1 dieses Gesetzes, nicht gewährleistet, dass einer Maschine oder einem dazugehörigen Produkt eine Betriebsanleitung nach den Abschnitten 1.7.4, 2.1.2, 2.2.1.1, 2.2.2.2, 2.4.10, 3.6.3 oder 4.4 des Anhangs III oder eine Information nach Abschnitt 1.7.1 Absatz 2, Abschnitt 1.7.1.1 Absatz 1 Satz 1, Abschnitt 1.7.2 oder 1.7.5 des Anhangs III in deutscher Sprache beigefügt ist,</LA></DD><DT>5.</DT><DD Font="normal"><LA>entgegen Artikel 10 Absatz 7 Unterabsatz 4 in Verbindung mit § 2 Absatz 1 Satz 1 Nummer 2 dieses Gesetzes eine Sicherheitsinformation nicht, nicht richtig, nicht vollständig, nicht in der vorgeschriebenen Weise oder nicht beim Inverkehrbringen bereitstellt,</LA></DD><DT>6.</DT><DD Font="normal"><LA>entgegen Artikel 10 Absatz 8 Unterabsatz 1 in Verbindung mit § 2 Absatz 1 Satz 1 Nummer 3 dieses Gesetzes nicht gewährleistet, dass einer Maschine oder einem dazugehörigen Produkt die dort genannte EU-Konformitätserklärung in deutscher Sprache beiliegt, und er eine dort genannte Angabe nicht, nicht richtig, nicht vollständig oder nicht beim Inverkehrbringen macht,</LA></DD><DT>7.</DT><DD Font="normal"><LA>entgegen Artikel 10 Absatz 9 Satz 1, Artikel 11 Absatz 9 Satz 1, Artikel 13 Absatz 7 Satz 1 oder Artikel 14 Absatz 6 Satz 1 eine dort genannte Korrekturmaßnahme nicht, nicht richtig oder nicht rechtzeitig ergreift,</LA></DD><DT>8.</DT><DD Font="normal"><LA>entgegen Artikel 10 Absatz 9 Satz 2 oder Artikel 11 Absatz 9 Satz 2 eine dort genannte Behörde nicht, nicht richtig oder nicht rechtzeitig unterrichtet,</LA></DD><DT>9.</DT><DD Font="normal"><LA>entgegen Artikel 10 Absatz 10 Satz 1, auch in Verbindung mit Artikel 12 Absatz 2 Satz 2 Buchstabe b, entgegen Artikel 13 Absatz 9 Satz 1 oder Artikel 15 Absatz 6 Satz 1 eine Information oder eine Unterlage nicht, nicht richtig, nicht vollständig, nicht in der vorgeschriebenen Weise oder nicht rechtzeitig zur Verfügung stellt,</LA></DD><DT>10.</DT><DD Font="normal"><LA>entgegen Artikel 11 Absatz 3 Satz 1, auch in Verbindung mit Artikel 12 Absatz 2 Satz 2 Buchstabe a, oder entgegen Artikel 14 Absatz 7 eine technische Unterlage, eine EU-Einbauerklärung oder ein Exemplar der EU-Einbauerklärung nicht oder nicht mindestens zehn Jahre aufbewahrt oder nicht oder nicht mindestens zehn Jahre bereithält,</LA></DD><DT>11.</DT><DD Font="normal"><LA>entgegen Artikel 11 Absatz 5 nicht gewährleistet, dass eine unvollständige Maschine ein dort genanntes Kennzeichen trägt oder dass eine dort genannte Information angegeben ist,</LA></DD><DT>12.</DT><DD Font="normal"><LA>entgegen Artikel 11 Absatz 6 oder entgegen Artikel 14 Absatz 3 eine dort genannte Angabe nicht, nicht richtig, nicht vollständig, nicht in der vorgeschriebenen Weise oder nicht beim Inverkehrbringen macht,</LA></DD><DT>13.</DT><DD Font="normal"><LA>entgegen Artikel 11 Absatz 7 Unterabsatz 1 oder Artikel 14 Absatz 4, jeweils in Verbindung mit § 2 Absatz 2 Satz 1 Nummer 1 dieses Gesetzes, nicht gewährleistet, dass einer unvollständigen Maschine eine Montageanleitung in deutscher Sprache beigefügt ist,</LA></DD><DT>14.</DT><DD Font="normal"><LA>entgegen Artikel 11 Absatz 8 Unterabsatz 1 in Verbindung mit § 2 Absatz 2 Satz 1 Nummer 2 dieses Gesetzes nicht gewährleistet, dass einer unvollständigen Maschine die dort genannte EU-Einbauerklärung in deutscher Sprache beiliegt, und er eine dort genannte Angabe nicht, nicht richtig, nicht vollständig oder nicht beim Inverkehrbringen macht,</LA></DD><DT>15.</DT><DD Font="normal"><LA>entgegen Artikel 11 Absatz 10 Satz 1, auch in Verbindung mit Artikel 12 Absatz 2 Satz 2 Buchstabe b, entgegen Artikel 14 Absatz 8 Satz 1 oder Artikel 16 Absatz 6 Satz 1 eine Information oder eine Unterlage nicht, nicht richtig, nicht vollständig, nicht in der vorgeschriebenen Weise oder nicht rechtzeitig zur Verfügung stellt,</LA></DD><DT>16.</DT><DD Font="normal"><LA>entgegen Artikel 13 Absatz 2 Unterabsatz 2 Satz 1 oder Artikel 14 Absatz 2 Unterabsatz 2 Satz 1 eine Maschine, ein dazugehöriges Produkt oder eine unvollständige Maschine in Verkehr bringt,</LA></DD><DT>17.</DT><DD Font="normal"><LA>entgegen Artikel 15 Absatz 3 Satz 1 oder Artikel 16 Absatz 3 Satz 1 eine Maschine, ein dazugehöriges Produkt oder eine unvollständige Maschine auf dem Markt bereitstellt,</LA></DD><DT>18.</DT><DD Font="normal"><LA>entgegen Artikel 15 Absatz 5 Satz 1 oder Artikel 16 Absatz 5 Satz 1 nicht sicherstellt, dass eine dort genannte Korrekturmaßnahme ergriffen wird,</LA></DD><DT>19.</DT><DD Font="normal"><LA>entgegen Artikel 19 Absatz 1 einen Wirtschaftsakteur nicht, nicht richtig oder nicht rechtzeitig benennt,</LA></DD><DT>20.</DT><DD Font="normal"><LA>entgegen Artikel 23 in Verbindung mit Artikel 30 Absatz 5 Satz 1 der Verordnung (EG) Nr. 765/2008 in der Fassung vom 9. Juli 2008 eine Kennzeichnung, ein Zeichen oder eine Aufschrift auf einer Maschine oder einem dazugehörigen Produkt anbringt,</LA></DD><DT>21.</DT><DD Font="normal"><LA>entgegen Artikel 24 Absatz 1 in Verbindung mit Absatz 2, jeweils in Verbindung mit Artikel 10 Absatz 2 Unterabsatz 2, die CE-Kennzeichnung nicht, nicht richtig oder nicht rechtzeitig anbringt,</LA></DD><DT>22.</DT><DD Font="normal"><LA>entgegen Artikel 25c Absatz 2 Unterabsatz 2 Satz 1 in Verbindung mit Satz 3 auf Maschinen oder dazugehörigen Produkten einen Hinweis nicht, nicht richtig, nicht vollständig, nicht in der vorgeschriebenen Weise oder nicht vor dem Inverkehrbringen anbringt,</LA></DD><DT>23.</DT><DD Font="normal"><LA>entgegen Artikel 30 Absatz 11, auch in Verbindung mit Artikel 32 Absatz 1, nicht dafür sorgt, dass ein Mitarbeiter über eine dort genannte Aktivität informiert wird,</LA></DD><DT>24.</DT><DD Font="normal"><LA>entgegen Artikel 40 Absatz 1 Buchstabe d eine Meldung nicht, nicht richtig, nicht vollständig oder nicht rechtzeitig macht,</LA></DD><DT>25.</DT><DD Font="normal"><LA>einer vollziehbaren Anordnung nach Artikel 43 Absatz 4 Satz 1 oder Artikel 46 Absatz 3 zuwiderhandelt oder</LA></DD><DT>26.</DT><DD Font="normal"><LA>entgegen Artikel 45 Absatz 2 nicht gewährleistet, dass eine Korrekturmaßnahme ergriffen wird.</LA></DD></DL></P><P>(2) Die Ordnungswidrigkeit kann in den Fällen des Absatzes 1 Nummer 7, 16 und 17 mit einer Geldbuße bis zu hunderttausend Euro, in den übrigen Fällen mit einer Geldbuße bis zu zehntausend Euro geahndet werden.</P></Content></text><fussnoten><Content><P>(+++ § 9: Zur Anwendung vgl. § 12 +++) <BR/>(+++ EU-Vollzitate: vgl. Liste EU-Rechtsakte G v. 2.12.2025 I Nr. 302 +++)</P></Content></fussnoten></textdaten></norm>
<norm builddate="20251205215522" doknr="BJNR12E0B0025BJNE001000000"><metadaten><jurabk>MaschinenDG</jurabk><enbez>§ 10</enbez><titel format="XML">Strafvorschriften</titel></metadaten><textdaten><text format="XML"><Content><P>Mit Freiheitsstrafe bis zu einem Jahr oder mit Geldstrafe wird bestraft, wer eine in § 9 Absatz 1 Nummer 7, 16 oder 17 bezeichnete vorsätzliche Handlung beharrlich wiederholt oder durch eine solche vorsätzliche Handlung Leben oder Gesundheit eines anderen oder fremde Sachen von bedeutendem Wert gefährdet.</P></Content></text><fussnoten><Content><P>(+++ § 10: Zur Anwendung vgl. § 12 +++)</P></Content></fussnoten></textdaten></norm>
<norm builddate="20251205215522" doknr="BJNR12E0B0025BJNE001100000"><metadaten><jurabk>MaschinenDG</jurabk><enbez>§ 11</enbez><titel format="XML">Übergangsvorschrift</titel></metadaten><textdaten><text format="XML"><Content><P>Maschinen, die die Anforderungen der Maschinenverordnung vom 12. Mai 1993 (BGBl. I S. 704), die zuletzt durch Artikel 23 des Gesetzes vom 27. Juli 2021 (BGBl. I S. 3146) geändert worden ist, erfüllen und vor dem 20. Januar 2027 in Verkehr gebracht werden, dürfen auf dem Markt bereitgestellt werden.</P></Content></text><fussnoten><Content><P>(+++ § 11: Zur Anwendung vgl. § 12 +++)</P></Content></fussnoten></textdaten></norm>
<norm builddate="20251205215522" doknr="BJNR12E0B0025BJNE001200000"><metadaten><jurabk>MaschinenDG</jurabk><enbez>§ 12</enbez><titel format="XML">Anwendungsvorschrift</titel></metadaten><textdaten><text format="XML"><Content><P>Die §§ 1, 2 und 4 sowie 8 bis 11 sind ab dem 20. Januar 2027 anzuwenden.</P></Content></text></textdaten></norm>
</dokumente>