<?xml version="1.0" encoding="UTF-8" ?><!DOCTYPE dokumente SYSTEM "http://www.gesetze-im-internet.de/dtd/1.01/gii-norm.dtd">
<dokumente builddate="20120625153451" doknr="BJNR096820010"><norm builddate="20120625153451" doknr="BJNR096820010"><metadaten><jurabk>DBAG MAN</jurabk><ausfertigung-datum manuell="ja">2010-08-18</ausfertigung-datum><fundstelle typ="amtlich"><periodikum>BGBl II</periodikum><zitstelle>2010, 968</zitstelle></fundstelle><langue>Gesetz zu dem Abkommen vom 2. März 2009 zwischen der Regierung der Bundesrepublik Deutschland und der Regierung der Insel Man zur Vermeidung der Doppelbesteuerung von im internationalen Verkehr tätigen Schifffahrtsunternehmen</langue></metadaten><textdaten><fussnoten><Content><P>(+++ Textnachweis ab: 26.8.2010 +++)</P></Content></fussnoten></textdaten></norm>
<norm builddate="20120625153451" doknr="BJNR096820010BJNE000100000"><metadaten><jurabk>DBAG MAN</jurabk><enbez>Eingangsformel</enbez></metadaten><textdaten><text format="XML"><Content><P>Der Bundestag hat mit Zustimmung des Bundesrates das folgende Gesetz beschlossen:</P></Content></text></textdaten></norm>
<norm builddate="20120625153451" doknr="BJNR096820010BJNE000200000"><metadaten><jurabk>DBAG MAN</jurabk><enbez>Art 1</enbez></metadaten><textdaten><text format="XML"><Content><P>Dem in Berlin am 2. März 2009 unterzeichneten Abkommen zwischen der Regierung der Bundesrepublik Deutschland und der Regierung der Insel Man zur Vermeidung der Doppelbesteuerung von im internationalen Verkehr tätigen Schifffahrtsunternehmen wird zugestimmt. Das Abkommen wird nachstehend veröffentlicht.</P></Content></text></textdaten></norm>
<norm builddate="20120625153451" doknr="BJNR096820010BJNE000300000"><metadaten><jurabk>DBAG MAN</jurabk><enbez>Art 2</enbez></metadaten><textdaten><text format="XML"><Content><P>Soweit das Abkommen auf Grund seines Artikels 5 Absatz 2 für die Zeit vor seinem Inkrafttreten anzuwenden ist, sind bereits ergangene Steuerfestsetzungen zu ändern oder aufzuheben. Steuerfestsetzungen sowie ihre Aufhebung und Änderung sind insoweit auch zulässig, wenn die Festsetzungsfrist abgelaufen ist; dies gilt nur bis zum Ablauf des vierten Kalenderjahrs, das auf das Kalenderjahr folgt, in dem das Abkommen in Kraft getreten ist.</P></Content></text></textdaten></norm>
<norm builddate="20120625153451" doknr="BJNR096820010BJNE000400000"><metadaten><jurabk>DBAG MAN</jurabk><enbez>Art 3</enbez></metadaten><textdaten><text format="XML"><Content><P>(1) Dieses Gesetz tritt am Tage nach seiner Verkündung in Kraft.</P><P>(2) Der Tag, an dem das Abkommen nach seinem Artikel 5 Absatz 1 in Kraft tritt, ist im Bundesgesetzblatt bekannt zu geben.</P></Content></text></textdaten></norm>
</dokumente>