<?xml version="1.0" encoding="UTF-8" ?><!DOCTYPE dokumente SYSTEM "http://www.gesetze-im-internet.de/dtd/1.01/gii-norm.dtd">
<dokumente builddate="20190322212001" doknr="BJNR115200010"><norm builddate="20190322212001" doknr="BJNR115200010"><metadaten><jurabk>SGB2§48aFKV</jurabk><ausfertigung-datum manuell="ja">2010-08-12</ausfertigung-datum><fundstelle typ="amtlich"><periodikum>BGBl I</periodikum><zitstelle>2010, 1152</zitstelle></fundstelle><langue>Verordnung zur Festlegung der Kennzahlen nach § 48a des Zweiten Buches Sozialgesetzbuch</langue><standangabe checked="ja"><standtyp>Stand</standtyp><standkommentar>Zuletzt geändert durch Art. 1 V v. 15.3.2019 I 339</standkommentar></standangabe></metadaten><textdaten><fussnoten><Content><P><BR/> <pre xml:space="preserve">(+++ Textnachweis ab: 23.8.2010 +++)</pre></P></Content></fussnoten></textdaten></norm>
<norm builddate="20190322212001" doknr="BJNR115200010BJNE000100000"><metadaten><jurabk>SGB2§48aFKV</jurabk><enbez>Eingangsformel</enbez></metadaten><textdaten><text format="XML"><Content><P>Auf Grund des § 48a Absatz 2 des Zweiten Buches Sozialgesetzbuch – Grundsicherung für Arbeitsuchende –, der durch Artikel 1 Nummer 14 des Gesetzes vom 3. August 2010 (BGBl. I S. 1112) eingefügt worden ist, verordnet das Bundesministerium für Arbeit und Soziales:</P></Content></text></textdaten></norm>
<norm builddate="20190322212001" doknr="BJNR115200010BJNE000200000"><metadaten><jurabk>SGB2§48aFKV</jurabk><enbez>§ 1</enbez><titel format="XML">Ziele</titel></metadaten><textdaten><text format="XML"><Content><P>Zur Erstellung der Kennzahlenvergleiche nach § 48a Absatz 1 des Zweiten Buches Sozialgesetzbuch werden Kennzahlen und Ergänzungsgrößen für die Ziele nach § 48b Absatz 3 des Zweiten Buches Sozialgesetzbuch festgelegt.</P></Content></text></textdaten></norm>
<norm builddate="20190322212001" doknr="BJNR115200010BJNE000301126"><metadaten><jurabk>SGB2§48aFKV</jurabk><enbez>§ 2</enbez><titel format="XML">Begriffsbestimmungen</titel></metadaten><textdaten><text format="XML"><Content><P>(1) Kennzahlen und Ergänzungsgrößen sind relative Maßzahlen, die als Quotient aus einem Zähler und einem Nenner gebildet werden. Eine Kennzahl dient der Feststellung der Leistungsfähigkeit der Jobcenter. Ergänzungsgrößen dienen der ergänzenden Information und der Interpretation der Kennzahlenergebnisse.</P><P>(2) Zur Bildung der Kennzahlen und Ergänzungsgrößen wird festgelegt: <DL Font="normal" Type="arabic"><DT>1.</DT><DD Font="normal"><LA Size="normal">Maßnahmen der aktiven Arbeitsförderung sind alle Maßnahmen nach den §§ 16, 16d, 16e in der bis 31. Dezember 2018 gültigen Fassung, den §§ 16f und 16i des Zweiten Buches Sozialgesetzbuch sowie nach dem Bundesprogramm „Soziale Teilhabe am Arbeitsmarkt“; jedoch keine Förderungen aus dem Vermittlungsbudget nach § 16 Absatz 1 Satz 2 Nummer 2 des Zweiten Buches Sozialgesetzbuch in Verbindung mit § 44 des Dritten Buches Sozialgesetzbuch und ohne Beschäftigung begleitende Leistungen nach Nummer 2;</LA></DD><DT>2.</DT><DD Font="normal"><LA Size="normal">Beschäftigung begleitende Leistungen sind alle Maßnahmen nach § 16 Absatz 1 Satz 2 Nummer 5 des Zweiten Buches Sozialgesetzbuch in Verbindung mit den §§ 88 bis 90 des Dritten Buches Sozialgesetzbuch, Maßnahmen nach den §§ 16b und 16e des Zweiten Buches Sozialgesetzbuch sowie Förderungen nach dem „ESF-Bundesprogramm zur Eingliederung langzeitarbeitsloser Leistungsberechtigter nach dem Zweiten Buch Sozialgesetzbuch auf dem allgemeinen Arbeitsmarkt“;</LA></DD><DT>3.</DT><DD Font="normal"><LA Size="normal">öffentlich geförderte Beschäftigungen sind Maßnahmen nach den §§ 16d, 16e in der bis zum 31. Dezember 2018 gültigen Fassung und § 16i des Zweiten Buches Sozialgesetzbuch sowie nach dem Bundesprogramm „Soziale Teilhabe am Arbeitsmarkt“.</LA></DD></DL></P><P>(3) In Vergleichstypen werden diejenigen Jobcenter zusammengefasst, die in Bezug auf Rahmenbedingungen, die sich auf ihre Leistungsfähigkeit auswirken, jedoch von ihnen mittelfristig nicht beeinflusst werden können, ähnlich sind.</P></Content></text><fussnoten/></textdaten></norm>
<norm builddate="20190322212001" doknr="BJNR115200010BJNE000400000"><metadaten><jurabk>SGB2§48aFKV</jurabk><enbez>§ 3</enbez><titel format="XML">Umsetzung</titel></metadaten><textdaten><text format="XML"><Content><P>Die Kennzahlen und Ergänzungsgrößen werden monatlich für alle Jobcenter gebildet. Berechnungsgrundlage sind die Daten nach § 51b Absatz 1 Satz 2 des Zweiten Buches Sozialgesetzbuch. Die Kennzahlen und Ergänzungsgrößen sollen geschlechtsspezifisch ausgewiesen werden. Alle Kennzahlen und Ergänzungsgrößen werden in Prozent abgebildet.</P></Content></text></textdaten></norm>
<norm builddate="20190322212001" doknr="BJNR115200010BJNE000501308"><metadaten><jurabk>SGB2§48aFKV</jurabk><enbez>§ 4</enbez><titel format="XML">Verringerung der Hilfebedürftigkeit</titel></metadaten><textdaten><text format="XML"><Content><P>(1) Kennzahl für die Verringerung der Hilfebedürftigkeit ist die „Veränderung der Summe der Leistungen zum Lebensunterhalt (ohne Leistungen für Unterkunft und Heizung)“: <BR/><BR/><table frame="none" tocentry="%yes;"><tgroup align="left" char="" charoff="50" cols="2"><colspec align="center" colname="col1" colwidth="50*"/><colspec align="left" colname="col2" colwidth="2.00*"/><tbody valign="top"><row><entry VJ="1" align="center" colname="col1" colsep="0" rowsep="1">Summe der Leistungen zum Lebensunterhalt im Bezugsmonat</entry><entry VJ="1" colname="col2" morerows="1" valign="middle">;</entry></row><row><entry VJ="1" align="center" colname="col1" colsep="0">Summe der Leistungen zum Lebensunterhalt im Bezugsmonat des Vorjahres</entry></row></tbody></tgroup></table><BR/><BR/>„Leistungen zum Lebensunterhalt“ sind die für die Bedarfe nach den §§ 20, 21, 23 und 24 Absatz 1 erbrachten Leistungen.</P><P>(2) Ergänzungsgrößen sind: <DL Font="normal" Type="arabic"><DT>1.</DT><DD Font="normal"><LA Size="normal">die „Veränderung der Summe der Leistungen für Unterkunft und Heizung“: <BR/><BR/><table frame="none" tocentry="%yes;"><tgroup align="left" char="" charoff="50" cols="2"><colspec align="center" colname="col1" colwidth="50*"/><colspec align="left" colname="col2" colwidth="2.00*"/><tbody valign="top"><row><entry VJ="1" align="center" colname="col1" colsep="0" rowsep="1">Summe der Leistungen für Unterkunft und Heizung im Bezugsmonat</entry><entry VJ="1" colname="col2" morerows="1" valign="middle">;</entry></row><row><entry VJ="1" align="center" colname="col1" colsep="0">Summe der Leistungen für Unterkunft und Heizung im Bezugsmonat des Vorjahres</entry></row></tbody></tgroup></table></LA></DD><DT>2.</DT><DD Font="normal"><LA Size="normal">die „Veränderung der Zahl der erwerbsfähigen Leistungsberechtigten“: <BR/><BR/><table frame="none" tocentry="%yes;"><tgroup align="left" char="" charoff="50" cols="2"><colspec align="center" colname="col1" colwidth="50*"/><colspec align="left" colname="col2" colwidth="2.00*"/><tbody valign="top"><row><entry VJ="1" align="center" colname="col1" colsep="0" rowsep="1">Zahl der erwerbsfähigen Leistungsberechtigten im Bezugsmonat</entry><entry VJ="1" colname="col2" colsep="0" morerows="1" valign="middle">;</entry></row><row><entry VJ="1" align="center" colname="col1" colsep="0">Zahl der erwerbsfähigen Leistungsberechtigten im Bezugsmonat des Vorjahres</entry></row></tbody></tgroup></table></LA></DD><DT>3.</DT><DD Font="normal"><LA Size="normal">die „Durchschnittliche Zugangsrate der erwerbsfähigen Leistungsberechtigten“: <BR/><BR/><table frame="none" tocentry="%yes;"><tgroup align="left" char="" charoff="50" cols="2"><colspec align="center" colname="col1" colwidth="50*"/><colspec align="left" colname="col2" colwidth="2.00*"/><tbody valign="top"><row><entry VJ="1" align="center" colname="col1" colsep="0" rowsep="1">Zahl der zugegangenen erwerbsfähigen Leistungsberechtigten im Bezugsmonat</entry><entry VJ="1" colname="col2" morerows="1" valign="middle">;</entry></row><row><entry VJ="1" colname="col1" colsep="0">Zahl der erwerbsfähigen Leistungsberechtigten im Bezugsmonat</entry></row></tbody></tgroup></table><BR/><BR/></LA><LA Size="normal">es wird ein Durchschnitt der vergangenen zwölf Monate gebildet;</LA></DD><DT>4.</DT><DD Font="normal"><LA Size="normal">die „Durchschnittliche Abgangsrate der erwerbsfähigen Leistungsberechtigten“: <BR/><BR/><table frame="none" tocentry="%yes;"><tgroup align="left" char="" charoff="50" cols="2"><colspec align="center" colname="col1" colwidth="50*"/><colspec align="left" colname="col2" colwidth="2.00*"/><tbody valign="top"><row><entry VJ="1" align="center" colname="col1" colsep="0" rowsep="1">Zahl der abgegangenen erwerbsfähigen Leistungsberechtigten im Bezugsmonat</entry><entry VJ="1" colname="col2" colsep="0" morerows="1" valign="middle">;</entry></row><row><entry VJ="1" colname="col1" colsep="0">Zahl der erwerbsfähigen Leistungsberechtigten im Vormonat</entry></row></tbody></tgroup></table><BR/><BR/></LA><LA Size="normal">es wird ein Durchschnitt der vergangenen zwölf Monate gebildet.</LA></DD></DL></P></Content></text><fussnoten/></textdaten></norm>
<norm builddate="20190322212001" doknr="BJNR115200010BJNE000602126"><metadaten><jurabk>SGB2§48aFKV</jurabk><enbez>§ 5</enbez><titel format="XML">Verbesserung der Integration in Erwerbstätigkeit</titel></metadaten><textdaten><text format="XML"><Content><P>(1) Kennzahl für die Verbesserung der Integration in Erwerbstätigkeit ist die „Integrationsquote“: <BR/><BR/><table frame="none" tocentry="%yes;"><tgroup align="left" char="" charoff="50" cols="2"><colspec align="center" colname="col1" colwidth="100*"/><colspec align="left" colname="col2" colwidth="2.00*"/><tbody valign="top"><row><entry VJ="1" colname="col1" colsep="0" rowsep="1">Summe der Integrationen in den vergangenen zwölf Monaten</entry><entry VJ="1" colname="col2" colsep="0" morerows="1" valign="middle">.</entry></row><row><entry VJ="1" colname="col1" colsep="0">Durchschnittlicher Bestand der erwerbsfähigen Leistungsberechtigten in den vergangenen zwölf Monaten</entry></row></tbody></tgroup></table><BR/><BR/> Als Integration im Sinne dieser Kennzahl gilt, wenn eine erwerbsfähige Leistungsberechtigte oder ein erwerbsfähiger Leistungsberechtigter in einem Monat eine sozialversicherungspflichtige Beschäftigung, eine voll qualifizierende berufliche Ausbildung oder eine selbständige Tätigkeit aufgenommen hat. Als Integrationen gelten auch solche, die mit Beschäftigung begleitenden Leistungen im Sinne des § 2 Absatz 2 Nummer 2 gefördert werden. Die Aufnahme einer öffentlich geförderten Beschäftigung im Sinne des § 2 Absatz 2 Nummer 3 ist keine Integration. Für jeden Bezugsmonat wird für eine erwerbsfähige Leistungsberechtigte oder einen erwerbsfähigen Leistungsberechtigten nur eine Integration gezählt.</P><P>(2) Ergänzungsgrößen sind:<DL Font="normal" Type="arabic"><DT>1.</DT><DD Font="normal"><LA Size="normal">die „Quote der Eintritte in geringfügige Beschäftigung“: <BR/><BR/><table frame="none" tocentry="%yes;"><tgroup align="left" char="" charoff="50" cols="2"><colspec align="center" colname="col1" colwidth="100.00*"/><colspec align="left" colname="col2" colwidth="2.00*"/><tbody valign="top"><row><entry VJ="1" colname="col1" colsep="0" rowsep="1">Summe der Eintritte in geringfügige Beschäftigung in den vergangenen zwölf Monaten</entry><entry VJ="1" colname="col2" colsep="0" morerows="1" valign="middle">;</entry></row><row><entry VJ="1" colname="col1" colsep="0">Durchschnittlicher Bestand der erwerbsfähigen Leistungsberechtigten in den vergangenen zwölf Monaten</entry></row></tbody></tgroup></table></LA></DD><DT>2.</DT><DD Font="normal"><LA Size="normal">die „Quote der Eintritte in öffentlich geförderte Beschäftigung“: <BR/><BR/><table frame="none" tocentry="%yes;"><tgroup align="left" char="" charoff="50" cols="2"><colspec align="center" colname="col1" colwidth="100.00*"/><colspec align="left" colname="col2" colwidth="2.00*"/><tbody valign="top"><row><entry VJ="1" colname="col1" colsep="0" rowsep="1">Summe der Eintritte in öffentlich geförderte Beschäftigung in den vergangenen zwölf Monaten</entry><entry VJ="1" colname="col2" colsep="0" morerows="1" valign="middle">;</entry></row><row><entry VJ="1" colname="col1" colsep="0">Durchschnittlicher Bestand der erwerbsfähigen Leistungsberechtigten in den vergangenen zwölf Monaten</entry></row></tbody></tgroup></table></LA></DD><DT>3.</DT><DD Font="normal"><LA Size="normal">die „Kontinuierliche Beschäftigung nach Integration“: <BR/><BR/><table frame="none" tocentry="%yes;"><tgroup align="left" char="" charoff="50" cols="2"><colspec align="center" colname="col1" colwidth="50.00*"/><colspec align="left" colname="col2" colwidth="2.00*"/><tbody valign="top"><row><entry VJ="1" colname="col1" colsep="0" rowsep="1">Summe der kontinuierlichen Beschäftigungen nach Integration in den vergangenen zwölf Monaten</entry><entry VJ="1" colname="col2" colsep="0" morerows="1" valign="middle">;</entry></row><row><entry VJ="1" colname="col1" colsep="0">Summe der Integrationen in den vergangenen zwölf Monaten</entry></row></tbody></tgroup></table><BR/><BR/></LA><LA Size="normal">Integration im Sinne dieser Ergänzungsgröße ist die Aufnahme einer sozialversicherungspflichtigen Beschäftigung, auch wenn sie mit Beschäftigung begleitenden Leistungen im Sinne des § 2 Absatz 2 Nummer 2 gefördert wird; eine Beschäftigung nach Integration gilt als kontinuierlich, wenn die betreffende Person in jedem der sechs auf die Integration folgenden Monate sozialversicherungspflichtig beschäftigt ist;</LA></DD><DT>4.</DT><DD Font="normal"><LA Size="normal">die „Integrationsquote der Alleinerziehenden“;</LA><LA Size="normal">die Ergänzungsgröße wird mit Bezug auf die Alleinerziehenden entsprechend Absatz 1 gebildet.</LA></DD></DL></P></Content></text><fussnoten/></textdaten></norm>
<norm builddate="20190322212001" doknr="BJNR115200010BJNE000702126"><metadaten><jurabk>SGB2§48aFKV</jurabk><enbez>§ 6</enbez><titel format="XML">Vermeidung von langfristigem Leistungsbezug</titel></metadaten><textdaten><text format="XML"><Content><P>(1) Kennzahl ist die „Veränderung des Bestands an Langzeitleistungsbeziehenden“: <BR/><BR/><table frame="none" tocentry="%yes;"><tgroup align="left" char="" charoff="50" cols="2"><colspec align="center" colname="col1" colwidth="50*"/><colspec align="left" colname="col2" colwidth="2.00*"/><tbody valign="top"><row><entry VJ="1" colname="col1" colsep="0" rowsep="1">Zahl der Langzeitleistungsbeziehenden im Bezugsmonat</entry><entry VJ="1" colname="col2" colsep="0" morerows="1" valign="middle">.</entry></row><row><entry VJ="1" colname="col1" colsep="0">Zahl der Langzeitleistungsbeziehenden im Bezugsmonat des Vorjahres</entry></row></tbody></tgroup></table><BR/><BR/>Langzeitleistungsbeziehende sind erwerbsfähige Leistungsberechtigte, die in den vergangenen 24 Monaten mindestens 21 Monate hilfebedürftig waren.</P><P>(2) Ergänzungsgrößen sind:<DL Font="normal" Type="arabic"><DT>1.</DT><DD Font="normal"><LA Size="normal">die „Integrationsquote der Langzeitleistungsbeziehenden“;</LA><LA Size="normal">die Ergänzungsgröße wird mit Bezug auf die Langzeitleistungsbeziehenden entsprechend § 5 Absatz 1 gebildet;</LA></DD><DT>2.</DT><DD Font="normal"><LA Size="normal">die „Aktivierungsquote der Langzeitleistungsbeziehenden“: <BR/><BR/><table frame="none" tocentry="%yes;"><tgroup align="left" char="" charoff="50" cols="2"><colspec align="center" colname="col1" colwidth="100*"/><colspec align="left" colname="col2" colwidth="2.00*"/><tbody valign="top"><row><entry VJ="1" colname="col1" colsep="0" rowsep="1">Zahl der Langzeitleistungsbeziehenden in einer Maßnahme der aktiven Arbeitsförderung im Bezugsmonat</entry><entry VJ="1" colname="col2" colsep="0" morerows="1" valign="middle">;</entry></row><row><entry VJ="1" colname="col1" colsep="0">Zahl der Langzeitleistungsbeziehenden im Bezugsmonat</entry></row></tbody></tgroup></table></LA></DD><DT>3.</DT><DD Font="normal"><LA Size="normal">die „Durchschnittliche Zugangsrate der Langzeitleistungsbeziehenden“;</LA><LA Size="normal">die Ergänzungsgröße wird mit Bezug auf die Langzeitleistungsbeziehenden entsprechend § 4 Absatz 2 Nummer 3 gebildet;</LA></DD><DT>4.</DT><DD Font="normal"><LA Size="normal">die „Durchschnittliche Abgangsrate der Langzeitleistungsbeziehenden“;</LA><LA Size="normal">die Ergänzungsgröße wird mit Bezug auf die Langzeitleistungsbeziehenden entsprechend § 4 Absatz 2 Nummer 4 gebildet.</LA></DD></DL></P></Content></text><fussnoten/></textdaten></norm>
<norm builddate="20190322212001" doknr="BJNR115200010BJNE000800000"><metadaten><jurabk>SGB2§48aFKV</jurabk><enbez>§ 7</enbez><titel format="XML">Form der Veröffentlichung</titel></metadaten><textdaten><text format="XML"><Content><P>Das Bundesministerium für Arbeit und Soziales veröffentlicht monatlich die Ergebnisse zu den Kennzahlen und Ergänzungsgrößen sowie deren Berechnungsgrundlagen für alle Jobcenter. Die Ergebnisse werden nach verschiedenen Ordnungsmerkmalen dargestellt. Insbesondere sind die Ergebnisse nach Vergleichstypen auszuweisen.</P></Content></text></textdaten></norm>
<norm builddate="20190322212001" doknr="BJNR115200010BJNE000900000"><metadaten><jurabk>SGB2§48aFKV</jurabk><enbez>§ 8</enbez><titel format="XML">Verfahren zur Weiterentwicklung dieser Rechtsverordnung</titel></metadaten><textdaten><text format="XML"><Content><P>Der Bund-Länder-Ausschuss nach § 18c des Zweiten Buches Sozialgesetzbuch begleitet die Umsetzung dieser Rechtsverordnung und macht Vorschläge zu deren Weiterentwicklung. Hierzu kann er eine Arbeitsgruppe einrichten.</P></Content></text></textdaten></norm>
<norm builddate="20190322212001" doknr="BJNR115200010BJNE001000000"><metadaten><jurabk>SGB2§48aFKV</jurabk><enbez>§ 9</enbez><titel format="XML">Inkrafttreten</titel></metadaten><textdaten><text format="XML"><Content><P>Diese Verordnung tritt am 23. August 2010 in Kraft.</P></Content></text></textdaten></norm>
<norm builddate="20190322212001" doknr="BJNR115200010BJNE001100000"><metadaten><jurabk>SGB2§48aFKV</jurabk><enbez>Schlussformel</enbez></metadaten><textdaten><text format="XML"><Content><P>Der Bundesrat hat zugestimmt.</P></Content></text></textdaten></norm>
</dokumente>