<?xml version="1.0" encoding="UTF-8" ?><!DOCTYPE dokumente SYSTEM "http://www.gesetze-im-internet.de/dtd/1.01/gii-norm.dtd">
<dokumente builddate="20130405132046" doknr="BJNR208130990"><norm builddate="20130405132046" doknr="BJNR208130990"><metadaten><jurabk>GDtWahlVDVtrG</jurabk><ausfertigung-datum manuell="ja">1990-08-29</ausfertigung-datum><fundstelle typ="amtlich"><periodikum>BGBl II</periodikum><zitstelle>1990, 813</zitstelle></fundstelle><langue>Gesetz zu dem Vertrag vom 3. August 1990 zur Vorbereitung und
Durchführung der ersten gesamtdeutschen Wahl des Deutschen Bundestages zwischen
der Bundesrepublik Deutschland und der Deutschen Demokratischen Republik sowie
dem Änderungsvertrag vom 20. August 1990</langue></metadaten><textdaten><text format="XML"><Content><P/></Content></text><fussnoten><Content><P>(+++ Textnachweis ab:  2. 9.1990 +++)</P></Content></fussnoten></textdaten></norm>
<norm builddate="20130405132046" doknr="BJNR208130990BJNE000100308"><metadaten><jurabk>GDtWahlVDVtrG</jurabk><enbez>Art 1</enbez><titel format="parat">Zustimmung zu den Verträgen</titel></metadaten><textdaten><text format="XML"><Content><P>Dem in Berlin am 3. August 1990 von der Bundesrepublik Deutschland unterzeichneten Vertrag zur Vorbereitung und Durchführung der ersten gesamtdeutschen Wahl des Deutschen Bundestages zwischen der Bundesrepublik Deutschland und der Deutschen Demokratischen Republik einschließlich der Anlage und des Anhanges sowie dem in Bonn am 20. August 1990 unterzeichneten Änderungsvertrag hierzu wird zugestimmt. Die Verträge einschließlich der Anlage und des Anhanges werden nachstehend veröffentlicht.</P></Content></text></textdaten></norm>
<norm builddate="20130405132046" doknr="BJNR208130990BJNE000200308"><metadaten><jurabk>GDtWahlVDVtrG</jurabk><enbez>Art 2</enbez><titel format="XML">Änderung des Bundeswahlgesetzes</titel></metadaten><textdaten><text format="XML"><Content><P><noindex> Das Bundeswahlgesetz in der Fassung der Bekanntmachung vom 1. September 1975 (BGBl. I S. 2325), zuletzt geändert durch das Gesetz vom 11. Juni 1990 (BGBl. I S. 1015), wird wie folgt geändert: <DL Font="normal" Type="arabic"><DT>1.</DT><DD Font="normal"><LA Size="normal">In § 1 Abs. 1 wird die Zahl &quot;518&quot; durch die Zahl &quot;656&quot; ersetzt; in § 1 Abs. 2 wird die Zahl &quot;259&quot; durch die Zahl &quot;328&quot; ersetzt.</LA></DD><DT>2.</DT><DD Font="normal"><LA Size="normal">§ 53 wird wie folgt gefaßt:<DL Font="normal" Type="arabic"><DT/><DD Font="normal"><LA Size="normal"><DL Font="normal" Type="arabic"><DT/><DD Font="normal"><LA Size="normal"><DL Font="normal" Type="arabic"><DT/><DD Font="normal"><LA Size="normal"><DL Font="normal" Type="arabic"><DT/><DD Font="normal"><LA Size="normal"><DL Font="normal" Type="arabic"><DT/><DD Font="normal"><LA Size="normal"><DL Font="normal" Type="arabic"><DT/><DD Font="normal"><LA Size="normal"><DL Font="normal" Type="arabic"><DT/><DD Font="normal"><LA Size="normal">&quot;§ 53</LA></DD></DL></LA></DD></DL></LA></DD></DL></LA></DD></DL></LA></DD></DL></LA></DD></DL></LA><LA Size="normal">Übergangsregelungen für die Wahl zum 12. Deutschen Bundestag</LA></DD></DL></LA><LA Size="normal">(1) Der Bundeswahlausschuß besteht abweichend von § 9 Abs. 2 Satz 1 aus dem Bundeswahlleiter und acht von ihm berufenen Wahlberechtigten als Beisitzern.</LA><LA Size="normal">(2) Landeslisten verschiedener Parteien, die in keinem Land - ausgenommen Berlin - nebeneinander Listenwahlvorschläge einreichen, können durch Erklärung gegenüber dem Bundeswahlleiter verbunden werden. Die Erklärung ist gemeinsam von den Vertrauenspersonen und den stellvertretenden Vertrauenspersonen aller beteiligten Landeslisten spätestens am zwanzigsten Tag vor der Wahl schriftlich bis 18 Uhr abzugeben. Für das weitere Verfahren gilt § 29 Abs. 2 und 3 entsprechend. § 6 Abs. 6 und § 7 Abs. 2 und 3 gelten für verbundene Landeslisten verschiedener Parteien entsprechend.</LA><LA Size="normal">(3) Die in den nachstehend genannten Bestimmungen dieses Gesetzes festgelegten Fristen werden für die Wahl zum 12. Deutschen Bundestag wie folgt abgekürzt:<DL Font="normal" Type="arabic"><DT>1.</DT><DD Font="normal"><LA Size="normal">In § 18 tritt<DL Font="normal" Type="arabic"><DT>a)</DT><DD Font="normal"><LA Size="normal">in Absatz 2 Satz 1 an Stelle des neunzigsten Tages der siebenundvierzigste Tag,</LA></DD><DT>b)</DT><DD Font="normal"><LA Size="normal">in Absatz 4 an Stelle des zweiundsiebzigsten Tages der siebenunddreißigste Tag.</LA></DD></DL></LA></DD><DT>2.</DT><DD Font="normal"><LA Size="normal">In § 19 tritt an Stelle des sechsundsechzigsten Tages der vierunddreißigste Tag.</LA></DD><DT>3.</DT><DD Font="normal"><LA Size="normal">In § 26 tritt<DL Font="normal" Type="arabic"><DT>a)</DT><DD Font="normal"><LA Size="normal">in Absatz 1 Satz 1 an Stelle des achtundfünfzigsten Tages der dreißigste Tag,</LA></DD><DT>b)</DT><DD Font="normal"><LA Size="normal">in Absatz 2 Satz 5 an Stelle des zweiundfünfzigsten Tages der vierundzwanzigste Tag,</LA></DD><DT>c)</DT><DD Font="normal"><LA Size="normal">in Absatz 3 an Stelle des achtundvierzigsten Tages der zwanzigste Tag.</LA></DD></DL></LA></DD><DT>4.</DT><DD Font="normal"><LA Size="normal">In § 28 tritt<DL Font="normal" Type="arabic"><DT>a)</DT><DD Font="normal"><LA Size="normal">in Absatz 1 Satz 1 an Stelle des achtundfünfzigsten Tages der dreißigste Tag,</LA></DD><DT>b)</DT><DD Font="normal"><LA Size="normal">in Absatz 2 Satz 5 an Stelle des zweiundfünfzigsten Tages der vierundzwanzigste Tag,</LA></DD><DT>c)</DT><DD Font="normal"><LA Size="normal">in Absatz 3 an Stelle des achtundvierzigsten Tages der zwanzigste Tag.</LA></DD></DL></LA></DD><DT>5.</DT><DD Font="normal"><LA Size="normal">In § 29 tritt<DL Font="normal" Type="arabic"><DT>a)</DT><DD Font="normal"><LA Size="normal">in Absatz 1 an Stelle des vierunddreißigsten Tages der zwanzigste Tag,</LA></DD><DT>b)</DT><DD Font="normal"><LA Size="normal">in Absatz 2 Satz 1 an Stelle des dreißigsten Tages der sechzehnte Tag,</LA></DD><DT>c)</DT><DD Font="normal"><LA Size="normal">in Absatz 3 an Stelle des sechsundzwanzigsten Tages der fünfzehnte Tag.</LA></DD></DL></LA></DD></DL></LA><LA Size="normal">(4) § 18 Abs. 2 Satz 1 gilt mit der Maßgabe, daß auch die Vertretung in der Volkskammer zu berücksichtigen ist und die Wörter &quot;mit mindestens fünf Abgeordneten&quot; entfallen.&quot;</LA></DD><DT>3.</DT><DD Font="normal"><LA Size="normal">Die Anlage zu dem Gesetz wird durch die in der Anlage genannten und beschriebenen Wahlkreise 257 bis 328 ergänzt.</LA></DD></DL></noindex></P></Content></text></textdaten></norm>
<norm builddate="20130405132046" doknr="BJNR208130990BJNE000300308"><metadaten><jurabk>GDtWahlVDVtrG</jurabk><enbez>Art 3</enbez><titel format="parat">Besondere Maßgaben für die Anwendung des
Bundeswahlgesetzes</titel></metadaten><textdaten><text format="XML"><Content><P>Für die Anwendung des Bundeswahlgesetzes auf die Vorbereitung und Durchführung der Wahl in den Ländern Mecklenburg-Vorpommern, Brandenburg, Sachsen-Anhalt, Sachsen und Thüringen sowie in Berlin gelten folgende Maßgaben: <DL Font="normal" Type="arabic"><DT>1.</DT><DD Font="normal"><LA Size="normal">Die Zuständigkeiten der Landesregierung nach § 8 Abs. 3 sowie § 9 Abs. 1 und Abs. 2 Satz 2, 2. Halbsatz werden wahrgenommen<DL Font="normal" Type="arabic"><DT>a)</DT><DD Font="normal"><LA Size="normal">in Berlin gemeinsam vom Senat und Magistrat oder der von ihnen bestimmten Stelle,</LA></DD> <DT>b)</DT><DD Font="normal"><LA Size="normal">in den Ländern Mecklenburg-Vorpommern, Brandenburg, Sachsen-Anhalt, Sachsen und Thüringen vom Minister des Innern der Deutschen Demokratischen Republik oder der von ihm bestimmten Stelle.</LA></DD> </DL></LA></DD> <DT>2.</DT><DD Font="normal"><LA Size="normal">Deutsche im Sinne der §§ 12 und 15 sind in den Ländern Mecklenburg-Vorpommern, Brandenburg, Sachsen-Anhalt, Sachsen und Thüringen sowie in Berlin (Ost) Personen, die nach der Rechtsordnung der Deutschen Demokratischen Republik Bürger der Deutschen Demokratischen Republik oder Bürger der Bundesrepublik Deutschland einschließlich Berlin (West) sind.</LA></DD> <DT>3.</DT><DD Font="normal"><LA Size="normal">§ 12 Abs. 2 Satz 1 Nr. 1 gilt für vergleichbare Dienst- und Arbeitsverhältnisse der Deutschen Demokratischen Republik entsprechend. Für die Anwendung der Nummern 2 und 3 ist auch eine frühere Wohnung oder ein früherer Aufenthalt im Gebiet der Länder Mecklenburg-Vorpommern, Brandenburg, Sachsen-Anhalt, Sachsen und Thüringen oder in Berlin (Ost) zu berücksichtigen.</LA></DD> <DT>4.</DT><DD Font="normal"><LA Size="normal">In den Ländern Mecklenburg-Vorpommern, Brandenburg, Sachsen-Anhalt, Sachsen und Thüringen sowie in Berlin (Ost) gilt anstelle von § 13 Nr. 2 und 3 folgendes:</LA><LA Size="normal">&quot;Vom Wahlrecht ausgeschlossen sind Bürger, die wegen einer psychischen Erkrankung oder schwerer Fehlentwicklung der Persönlichkeit von Krankheitswert oder wegen intellektueller Schädigung unter vorläufiger Vormundschaft oder unter Gebrechlichkeitspflegschaft stehen. Entsprechendes gilt bei Bürgern, die aus den gleichen Gründen auf der Grundlage der geltenden Rechtsvorschriften unbefristet in eine Einrichtung für psychisch Kranke eingewiesen sind.&quot;</LA></DD>  <DT>5.</DT><DD Font="normal"><LA Size="normal">Für die Feststellung der Parteieigenschaft durch den Bundeswahlausschuß nach § 18 ist auch für das Gebiet der Länder Mecklenburg-Vorpommern, Brandenburg, Sachsen-Anhalt, Sachsen und Thüringen sowie für Berlin (Ost) § 2 Abs. 1 des Parteiengesetzes der Bundesrepublik Deutschland in der Fassung der Bekanntmachung vom 3. März 1989 (BGBl. I S. 327) maßgeblich.</LA></DD> <DT>6.</DT><DD Font="normal"><LA Size="normal">Anstelle der Versicherung an Eides Statt (§ 21 Abs. 6, § 27 Abs. 5, § 36 Abs. 2) ist im Bereich der Rechtsordnung der Deutschen Demokratischen Republik die Versicherung der Wahrheit im Sinne von § 231 des Strafgesetzbuches der Deutschen Demokratischen Republik abzugeben.</LA></DD> <DT>7.</DT><DD Font="normal"><LA Size="normal">§ 27 Abs. 1 Satz 2 gilt in den Ländern Mecklenburg-Vorpommern, Brandenburg, Sachsen-Anhalt, Sachsen und Thüringen mit der Maßgabe, daß die Zahl der Wahlberechtigten bei der Volkskammerwahl am 18. März 1990 zugrundezulegen ist.</LA><LA Size="normal">In Berlin sind 2.000 Unterschriften beizubringen.</LA></DD>  <DT>8.</DT><DD Font="normal"><LA Size="normal">§ 30 Abs. 3 Satz 1 gilt in den Ländern Mecklenburg-Vorpommern, Brandenburg, Sachsen-Anhalt, Sachsen und Thüringen mit der Maßgabe, daß sich die Reihenfolge der Landeslisten von Parteien, die in der Volkskammer vertreten sind, nach der Anzahl der Stimmen richtet, die sie bei der Wahl zur Volkskammer am 18. März 1990 erreicht haben.</LA><LA Size="normal">In Berlin richtet sich die Reihenfolge der Landeslisten von Parteien, die im Deutschen Bundestag oder in der Volkskammer vertreten sind, nach der Gesamtzahl der Zweitstimmen bei der letzten Wahl zum Abgeordnetenhaus von Berlin und der Stimmen bei der Wahl zur Volkskammer am 18. März 1990.</LA></DD>  <DT>9.</DT><DD Font="normal"><LA Size="normal">§ 36 Abs. 4 gilt für die Deutsche Post entsprechend.</LA></DD> <DT>10.</DT><DD Font="normal"><LA Size="normal">§ 49a wird in den Ländern Mecklenburg-Vorpommern, Brandenburg, Sachsen-Anhalt, Sachsen und Thüringen sowie in Berlin (Ost) mit der Maßgabe angewendet, daß Ordnungsstrafen im Sinne des Gesetzes zur Bekämpfung von Ordnungswidrigkeiten vom 12. Januar 1968 (GBl. I S. 101), zuletzt geändert durch Gesetz vom 29. Juli 1990 (GBl. I S. 526) in Höhe bis zu 100.000 Deutsche Mark verhängt werden können.</LA></DD> </DL></P></Content></text></textdaten></norm>
<norm builddate="20130405132046" doknr="BJNR208130990BJNE000400308"><metadaten><jurabk>GDtWahlVDVtrG</jurabk><enbez>Art 4</enbez><titel format="parat">Neubekanntmachung des Bundeswahlgesetzes</titel></metadaten><textdaten><text format="XML"><Content><P>Der Bundesminister des Innern kann den Wortlaut des Bundeswahlgesetzes in der vom Tage des Inkrafttretens dieses Gesetzes an für die Wahl zum 12. Deutschen Bundestag geltenden Fassung im Bundesgesetzblatt bekanntmachen.</P></Content></text><fussnoten/></textdaten></norm>
<norm builddate="20130405132046" doknr="BJNR208130990BJNE000500308"><metadaten><jurabk>GDtWahlVDVtrG</jurabk><enbez>Art 5</enbez><titel format="parat">Berlin-Klausel</titel></metadaten><textdaten><text format="XML"><Content><P>Dieses Gesetz gilt auch im Land Berlin, sofern das Land Berlin die Anwendung dieses Gesetzes feststellt.</P></Content></text></textdaten></norm>
<norm builddate="20130405132046" doknr="BJNR208130990BJNE000600308"><metadaten><jurabk>GDtWahlVDVtrG</jurabk><enbez>Art 6</enbez><titel format="parat">Inkrafttreten</titel></metadaten><textdaten><text format="XML"><Content><P>(1) Dieses Gesetz tritt am Tage nach seiner Verkündung in Kraft.</P><P>(2) Der Tag, an dem der Vertrag zur Vorbereitung und Durchführung der ersten gesamtdeutschen Wahl des Deutschen Bundestages zwischen der Bundesrepublik Deutschland und der Deutschen Demokratischen Republik einschließlich der in Artikel 1 Satz 1 aufgeführten Anlage und des Anhanges nach Artikel 8 des Vertrages in Kraft tritt, ist im Bundesgesetzblatt bekanntzugeben.</P></Content> </text></textdaten></norm>
<norm builddate="20130405132046" doknr="BJNR208130990BJNE000700308"><metadaten><jurabk>GDtWahlVDVtrG</jurabk><enbez>Anlage</enbez><titel format="parat">(zu Artikel 2 Nr. 3)</titel></metadaten><textdaten><text format="XML"><Content><P><ABWFORMAT typ="A"/><kommentar typ="Fundstelle">Fundstelle des Originaltextes: BGBl. II 1990, 816 - 821</kommentar><BR/><table frame="none"><tgroup cols="3" colsep="0" rowsep="0"><colspec colname="col1" colnum="1" colwidth="50"/><colspec colname="col2" colnum="2" colwidth="150"/><colspec colname="col3" colnum="3" colwidth="200"/><tbody valign="top"><row rowsep="1"><entry align="center" nameend="col3" namest="col1">Ergänzung der Anlage zum Bundeswahlgesetz</entry></row><row><entry nameend="col3" namest="col1">Wahlkreis</entry></row><row rowsep="1"><entry>Nr.</entry><entry>Name</entry><entry>Gebiet des Wahlkreises</entry></row><row><entry>257</entry><entry>Berlin - Mitte - Prenzlauer Berg - Weißensee I</entry><entry>Stadtbezirk Mitte Stadtbezirk Prenzlauer Berg vom Stadtbezirk Weißensee die Wohnbezirke: 3-36</entry></row><row><entry>258</entry><entry>Berlin - Pankow - Hohenschönhausen - Weißensee II</entry><entry>Stadtbezirk Pankow Stadtbezirk Hohenschönhausen vom Stadtbezirk Weißensee die Ortsteile Blankenburg, Karow, Heinersdorf und die Wohnbezirke: 1, 2, 41-48, 73, 74, 80</entry></row><row><entry>259</entry><entry>Berlin - Friedrichshain - Treptow - Lichtenberg I</entry><entry>Stadtbezirk Friedrichshain Stadtbezirk Treptow vom Stadtbezirk Lichtenberg die Wohnbezirke: 10, 13-19, 22, 23</entry></row><row><entry>260</entry><entry>Berlin - Köpenick - Lichtenberg II</entry><entry>Stadtbezirk Köpenick vom Stadtbezirk Lichtenberg die Wohnbezirke: 1, 11, 12, 26-73, 202-210</entry></row><row><entry>261</entry><entry>Berlin - Hellersdorf - Mahrzahn</entry><entry>Stadtbezirk Hellersdorf Stadtbezirk Mahrzahn</entry></row><row><entry nameend="col3" namest="col1"> </entry></row><row><entry nameend="col2" namest="col1"> </entry><entry><B>Mecklenburg-Vorpommern</B></entry></row><row><entry nameend="col3" namest="col1"> </entry></row><row><entry>262</entry><entry>Wismar - Gadebusch - Grevesmühlen - Doberan - Bützow</entry><entry>Stadtkreis Wismar Landkreis Wismar Landkreis Bad Doberan Landkreis Grevesmühlen Landkreis Bützow Landkreis Gadebusch</entry></row><row><entry>263</entry><entry>Schwerin - Hagenow</entry><entry>Stadtkreis Schwerin Landkreis Schwerin Landkreis Hagenow</entry></row><row><entry>264</entry><entry>Güstrow - Sternberg - Lübz - Parchim - Ludwigslust</entry><entry>Landkreis Güstrow Landkreis Ludwigslust Landkreis Parchim Landkreis Lübz Landkreis Sternberg</entry></row><row><entry>265</entry><entry>Rostock</entry><entry>Stadtkreis Rostock</entry></row><row><entry>266</entry><entry>Rostock, Land - Ribnitz-Damgarten - Teterow - Malchin</entry><entry>Landkreis Rostock Landkreis Malchin Landkreis Ribnitz-Damgarten Landkreis Teterow</entry></row><row><entry>267</entry><entry>Stralsund - Rügen - Grimmen</entry><entry>Stadtkreis Stralsund Landkreis Stralsund Landkreis Rügen Landkreis Grimmen</entry></row><row><entry>268</entry><entry>Greifswald - Wolgast - Demmin</entry><entry>Stadtkreis Greifswald Landkreis Greifswald Landkreis Wolgast Landkreis Demmin</entry></row><row><entry>269</entry><entry>Neubrandenburg - Altentreptow -Waren - Röbel</entry><entry>Stadtkreis Neubrandenburg Landkreis Neubrandenburg Landkreis Waren Landkreis Altentreptow Landkreis Röbel</entry></row><row><entry>270</entry><entry>Neustrelitz - Strasburg - Pasewalk - Ueckermünde - Anklam</entry><entry>Landkreis Neustrelitz Landkreis Ueckermünde Landkreis Pasewalk Landkreis Anklam Landkreis Strasburg</entry></row><row><entry nameend="col3" namest="col1"> </entry></row><row><entry nameend="col2" namest="col1"> </entry><entry><B>Brandenburg</B></entry></row><row><entry nameend="col3" namest="col1"> </entry></row><row><entry>271</entry><entry>Neuruppin - Kyritz - Wittstock - Pritzwalk - Perleberg</entry><entry>Landkreis Neuruppin Landkreis Perleberg Landkreis Kyritz Landkreis Pritzwalk Landkreis Wittstock</entry></row><row><entry>272</entry><entry>Prenzlau - Angermünde - Schwedt - Templin - Gransee</entry><entry>Landkreis Prenzlau Landkreis Schwedt Landkreis Gransee Landkreis Templin Landkreis Angermünde</entry></row><row><entry>273</entry><entry>Oranienburg - Nauen</entry><entry>Landkreis Oranienburg Landkreis Nauen</entry></row><row><entry>274</entry><entry>Eberswalde - Bernau - Bad Freienwalde</entry><entry>Landkreis Eberswalde Landkreis Bernau Landkreis Bad Freienwalde</entry></row><row><entry>275</entry><entry>Brandenburg - Rathenow - Belzig</entry><entry>Stadtkreis Brandenburg Landkreis Brandenburg Landkreis Rathenow Landkreis Belzig</entry></row><row><entry>276</entry><entry>Potsdam</entry><entry>Stadtkreis Potsdam Landkreis Potsdam</entry></row><row><entry>277</entry><entry>Fürstenwalde - Strausberg - Seelow</entry><entry>Landkreis Fürstenwalde Landkreis Strausberg Landkreis Seelow</entry></row><row><entry>278</entry><entry>Luckenwalde - Zossen - Jüterbog - Königs Wusterhausen</entry><entry>Landkreis Luckenwalde Landkreis Zossen Landkreis Jüterbog Landkreis Königs Wusterhausen</entry></row><row><entry>279</entry><entry>Frankfurt/Oder - Eisenhüttenstadt - Beeskow</entry><entry>Stadtkreis Frankfurt/Oder Stadtkreis Eisenhüttenstadt Landkreis Eisenhüttenstadt Landkreis Beeskow</entry></row><row><entry>280</entry><entry>Cottbus - Guben - Forst</entry><entry>Stadtkreis Cottbus Landkreis Cottbus Landkreis Guben Landkreis Forst</entry></row><row><entry>281</entry><entry>Senftenberg - Calau - Spremberg</entry><entry>Landkreis Senftenberg Landkreis Calau Landkreis Spremberg</entry></row><row><entry>282</entry><entry>Bad Liebenwerda - Finsterwalde - Herzberg - Lübben - Luckau</entry><entry>Landkreis Bad Liebenwerda Landkreis Finsterwalde Landkreis Herzberg Landkreis Lübben Landkreis Luckau</entry></row><row><entry nameend="col3" namest="col1"> </entry></row><row><entry nameend="col2" namest="col1"> </entry><entry><B>Sachsen-Anhalt</B></entry></row><row><entry nameend="col3" namest="col1"> </entry></row><row><entry>283</entry><entry>Altmark</entry><entry>Landkreis Stendal Landkreis Salzwedel Landkreis Osterburg Landkreis Gardelegen Landkreis Klötze</entry></row><row><entry>284</entry><entry>Elbe-Havel-Gebiet und Haldensleben - Wolmirstedt</entry><entry>Landkreis Burg Landkreis Genthin Landkreis Havelberg Landkreis Haldensleben Landkreis Wolmirstedt</entry></row><row><entry>285</entry><entry>Harz und Vorharzgebiet</entry><entry>Landkreis Wernigerode Landkreis Halberstadt Landkreis Oschersleben</entry></row><row><entry>286</entry><entry>Magdeburg</entry><entry>vom Stadtkreis Magdeburg die Wohngebiete: Neustädter See, Kannstieg, Rothensee, Alte Neustadt, Neue Neustadt, Nordfront, Birkenweiler, Neustädter Feld, Nordwest, Neuolvenstedt, Altolvenstedt, Stadtfeld, Stadtzentrum, Cracau/Werder, Heumarkt, Prester, Ottersleben, Lemsdorf, Diesdorf, Kroatenweg, Lindenweiler</entry></row><row><entry>287</entry><entry>Magdeburg - Schönebeck - Wanzleben - Staßfurt</entry><entry>vom Stadtkreis Magdeburg die Wohngebiete: Buckau, Fermersleben, Salbke, Westerhüsen, Leipziger Straße, Hopfengarten, Reform Landkreis Schönebeck Landkreis Wanzleben Landkreis Staßfurt</entry></row><row><entry>288</entry><entry>Wittenberg - Gräfenhainichen - Jessen - Roßlau - Zerbst</entry><entry>Landkreis Wittenberg Landkreis Gräfenhainichen Landkreis Roßlau Landkreis Jessen Landkreis Zerbst</entry></row><row><entry>289</entry><entry>Dessau - Bitterfeld</entry><entry>Stadtkreis Dessau Landkreis Bitterfeld</entry></row><row><entry>290</entry><entry>Bernburg - Aschersleben - Quedlinburg</entry><entry>Landkreis Bernburg Landkreis Aschersleben Landkreis Quedlinburg</entry></row><row><entry>291</entry><entry>Halle-Altstadt</entry><entry>vom Stadtkreis Halle die Stadtgebiete: Ost, Süd, West</entry></row><row><entry>292</entry><entry>Halle-Neustadt - Saalkreis - Köthen</entry><entry>vom Stadtkreis Halle das Stadtgebiet Halle-Neustadt Landkreis Saalkreis Landkreis Köthen</entry></row><row><entry>293</entry><entry>Merseburg - Querfurt - Weißenfels</entry><entry>Landkreis Merseburg Landkreis Querfurt Landkreis Weißenfels</entry></row><row><entry>294</entry><entry>Zeitz - Hohenmölsen - Naumburg - Nebra</entry><entry>Landkreis Zeitz Landkreis Hohenmölsen Landkreis Naumburg Landkreis Nebra</entry></row><row><entry>295</entry><entry>Eisleben - Sangerhausen - Hettstedt</entry><entry>Landkreis Eisleben Landkreis Hettstedt Landkreis Sangerhausen</entry></row><row><entry nameend="col3" namest="col1"> </entry></row><row><entry nameend="col2" namest="col1"> </entry><entry><B>Thüringen</B></entry></row><row><entry nameend="col3" namest="col1"> </entry></row><row><entry>296</entry><entry>Nordhausen - Worbis - Heiligenstadt</entry><entry>Landkreis Nordhausen Landkreis Worbis Landkreis Heiligenstadt</entry></row><row><entry>297</entry><entry>Eisenach - Mühlhausen</entry><entry>Landkreis Eisenach Landkreis Mühlhausen</entry></row><row><entry>298</entry><entry>Sömmerda - Artern - Sondershausen - Langensalza</entry><entry>Landkreis Sömmerda Landkreis Artern Landkreis Sondershausen Landkreis Langensalza</entry></row><row><entry>299</entry><entry>Gotha - Arnstadt</entry><entry>Landkreis Gotha Landkreis Arnstadt</entry></row><row><entry>300</entry><entry>Erfurt</entry><entry>Stadtkreis Erfurt</entry></row><row><entry>301</entry><entry>Weimar - Apolda - Erfurt, Land</entry><entry>Stadtkreis Weimar Landkreis Weimar Landkreis Apolda Landkreis Erfurt</entry></row><row><entry>302</entry><entry>Jena - Rudolstadt - Stadtroda</entry><entry>Stadtkreis Jena Landkreis Jena Landkreis Rudolstadt Landkreis Stadtroda</entry></row><row><entry>303</entry><entry>Gera, Stadt - Eisenberg - Gera, Land I</entry><entry>Stadtkreis Gera Landkreis Eisenberg vom Landkreis Gera die Gemeinden: Aga, Bocka, Burkersdorf b. Weida, Caaschwitz, Cretzschwitz, Crimla, Falke, Forstwolfersdorf, Frießnitz, Gleina, Groß Ebersdorf, Hain, Hartmannsdorf, Hohenölsen, Hundhaupten, Kauern, Köfeln, Bad Köstritz, Kraftsdorf, Lederhose, Lindenkreuz, Mosen, Münchenbernsdorf, Neundorf, Niederndorf, Niederpöllnitz, Reichardtsdorf, Roben, Röpsen, Rohna, Rüdersdorf, Saara, Schömberg, Schwarzbach, Steinsdorf, Teichwitz, Thränitz, Töppeln, Trebnitz, Weida, Weißig, Wolfsgefährt, Wünschendorf, Zedlitz</entry></row><row><entry>304</entry><entry>Altenburg - Schmölln - Greiz - Gera, Land II</entry><entry>Landkreis Altenburg Landkreis Greiz Landkreis Schmölln vom Landkreis Gera die Gemeinden: Bethenhausen, Brahmenau, Braunichswalde, Endschütz, Gauern, Großenstein, Hermsdorf, Hilbersdorf, Hirschfeld, Korbußen, Linda b. Weida, Pölzig, Reichstädt, Ronneburg, Rückersdorf, Schwaara, Seelingstädt, Söllmnitz, Friedmannsdorf, Paitzdorf</entry></row><row><entry>305</entry><entry>Saalfeld - Pößneck - Schleiz - Lobenstein - Zeulenroda</entry><entry>Landkreis Saalfeld Landkreis Schleiz Landkreis Pößneck Landkreis Lobenstein Landkreis Zeulenroda</entry></row><row><entry>306</entry><entry>Meiningen - Bad Salzungen - Hildburghausen - Sonneberg</entry><entry>Landkreis Meiningen Landkreis Bad Salzungen Landkreis Hildburghausen Landkreis Sonneberg</entry></row><row><entry>307</entry><entry>Suhl - Schmalkalden -Ilmenau - Neuhaus</entry><entry>Stadtkreis Suhl Landkreis Suhl Landkreis Schmalkalden Landkreis Ilmenau Landkreis Neuhaus</entry></row><row><entry nameend="col3" namest="col1"> </entry></row><row><entry nameend="col2" namest="col1"> </entry><entry><B>Sachsen</B></entry></row><row><entry nameend="col3" namest="col1"> </entry></row><row><entry>308</entry><entry>Delitzsch - Eilenburg - Torgau - Wurzen</entry><entry>Landkreis Delitzsch Landkreis Torgau Landkreis Eilenburg Landkreis Wurzen</entry></row><row><entry>309</entry><entry>Leipzig I</entry><entry>vom Stadtkreis Leipzig die Stadtbezirke: Mitte, Nord, Nord-Ost, West mit den Wohnbezirken: 702-729</entry></row><row><entry>310</entry><entry>Leipzig II</entry><entry>vom Stadtkreis Leipzig die Stadtbezirke: Süd-Ost, Süd, Süd-West, West II mit den Wohnbezirken: 730-755</entry></row><row><entry>311</entry><entry>Leipzig, Land - Borna - Geithain</entry><entry>Landkreis Leipzig Landkreis Borna Landkreis Geithain</entry></row><row><entry>312</entry><entry>Döbeln - Grimma - Oschatz</entry><entry>Landkreis Döbeln Landkreis Grimma Landkreis Oschatz</entry></row><row><entry>313</entry><entry>Meißen - Riesa - Großenhain</entry><entry>Landkreis Meißen Landkreis Riesa Landkreis Großenhain</entry></row><row><entry>314</entry><entry>Hoyerswerda - Kamenz - Weißwasser</entry><entry>Landkreis Hoyerswerda Landkreis Kamenz Landkreis Weißwasser</entry></row><row><entry>315</entry><entry>Görlitz - Zittau - Niesky</entry><entry>Stadtkreis Görlitz Landkreis Görlitz Landkreis Zittau Landkreis Niesky</entry></row><row><entry>316</entry><entry>Bautzen - Löbau</entry><entry>Landkreis Bautzen Landkreis Löbau</entry></row><row><entry>317</entry><entry>Pirna - Sebnitz - Bischofswerda</entry><entry>Landkreis Pirna Landkreis Bischofswerda Landkreis Sebnitz</entry></row><row><entry>318</entry><entry>Dresden I</entry><entry>vom Stadtkreis Dresden die Stadtbezirke: Ost und Süd</entry></row><row><entry>319</entry><entry>Dresden II</entry><entry>vom Stadtkreis Dresden die Stadtbezirke: Mitte, Nord und West</entry></row><row><entry>320</entry><entry>Dresden, Land - Freital - Dippoldiswalde</entry><entry>Landkreis Dresden Landkreis Freital Landkreis Dippoldiswalde</entry></row><row><entry>321</entry><entry>Freiberg - Brand-Erbisdorf - Flöha - Marienberg</entry><entry>Landkreis Freiberg Landkreis Marienberg Landkreis Flöha Landkreis Brand-Erbisdorf</entry></row><row><entry>322</entry><entry>Glauchau - Rochlitz - Hohenstein-Ernstthal - Hainichen</entry><entry>Landkreis Glauchau Landkreis Hainichen Landkreis Hohenstein-Ernstthal Landkreis Rochlitz</entry></row><row><entry>323</entry><entry>Chemnitz I</entry><entry>vom Stadtkreis Chemnitz die Stadtbezirke: Mitte-Nord, West, Süd I mit den Stimmbezirken: 270-285, 320-343</entry></row><row><entry>324</entry><entry>Chemnitz II - Chemnitz, Land</entry><entry>vom Stadtkreis Chemnitz der Stadtbezirk Süd II mit den Stimmbezirken: 200-263, 290-314, 600-682 Landkreis Chemnitz</entry></row><row><entry>325</entry><entry>Annaberg - Stollberg - Zschopau</entry><entry>Landkreis Annaberg Landkreis Stollberg Landkreis Zschopau</entry></row><row><entry>326</entry><entry>Aue - Schwarzenberg - Klingenthal</entry><entry>Landkreis Aue Landkreis Schwarzenberg Landkreis Klingenthal</entry></row><row><entry>327</entry><entry>Zwickau - Werdau</entry><entry>Stadtkreis Zwickau Landkreis Zwickau Landkreis Werdau</entry></row><row><entry>328</entry><entry>Reichenbach - Plauen - Auerbach - Oelsnitz</entry><entry>Landkreis Reichenbach Stadtkreis Plauen Landkreis Plauen Landkreis Auerbach Landkreis Oelsnitz</entry></row></tbody></tgroup></table></P></Content></text></textdaten></norm>
</dokumente>