<?xml version="1.0" encoding="UTF-8" ?><!DOCTYPE dokumente SYSTEM "http://www.gesetze-im-internet.de/dtd/1.01/gii-norm.dtd">
<dokumente builddate="20130405125816" doknr="BJNR016500985"><norm builddate="20130405125816" doknr="BJNR016500985"><metadaten><jurabk>HZvV 5</jurabk><ausfertigung-datum manuell="ja">1985-08-02</ausfertigung-datum><fundstelle typ="amtlich"><periodikum>BGBl I</periodikum><zitstelle>1985, 1650</zitstelle></fundstelle><langue>Fünfte Verordnung über die Versicherung von Arbeitnehmern in der
hüttenknappschaftlichen Zusatzversicherung</langue></metadaten><textdaten><text format="XML"><Content><P/></Content></text><fussnoten><Content><P>(+++ Textnachweis ab: 14.12.1981 +++)</P></Content></fussnoten></textdaten></norm>
<norm builddate="20130405125816" doknr="BJNR016500985BJNE000100326"><metadaten><jurabk>HZvV 5</jurabk><enbez>Eingangsformel</enbez></metadaten><textdaten><text format="XML"><Content><P>Auf Grund des § 1 Abs. 4 Satz 1 des Hüttenknappschaftlichen Zusatzversicherungs-Gesetzes vom 22. Dezember 1971 (BGBl. I S. 2104), der durch Artikel 2 § 6 Nr. 1 des Gesetzes vom 7. Mai 1975 (BGBl. I S. 1061) geändert worden ist, wird mit Zustimmung des Bundesrates verordnet:</P></Content></text></textdaten></norm>
<norm builddate="20130405125816" doknr="BJNR016500985BJNE000500326"><metadaten><jurabk>HZvV 5</jurabk><enbez>§ 1</enbez></metadaten><textdaten><text format="XML"><Content><P>In der hüttenknappschaftlichen Zusatzversicherung sind pflichtversichert die in der Rentenversicherung der Arbeiter oder in der Rentenversicherung der Angestellten versicherten Arbeitnehmer einschließlich der zu ihrer Berufsausbildung Beschäftigten <DL Font="normal" Type="arabic"><DT>1.</DT><DD Font="normal"><LA Size="normal">der Firma Dillinger Fabrik gelochter Bleche GmbH, Dillingen,</LA></DD> <DT>2.</DT><DD Font="normal"><LA Size="normal">der Firma Halberg-Luitpoldhütte-Vertriebsgesellschaft mbH, Saarbrücken-Brebach,</LA></DD> <DT>3.</DT><DD Font="normal"><LA Size="normal">der Firma Drahtwerk St. Ingbert GmbH, St. Ingbert,</LA></DD> <DT>4.</DT><DD Font="normal"><LA Size="normal">der Firma Atlas Copco Energas GmbH, Werk Saarbrücken und</LA></DD> <DT>5.</DT><DD Font="normal"><LA Size="normal">der Firma Saar Bandstahl GmbH, Völklingen.</LA></DD> </DL>Dies gilt nicht für Personen, die von der Versicherungspflicht in dieser Versicherung befreit sind.</P></Content></text></textdaten></norm>
<norm builddate="20130405125816" doknr="BJNR016500985BJNE000600326"><metadaten><jurabk>HZvV 5</jurabk><enbez>§ 2</enbez></metadaten><textdaten><text format="XML"><Content><P>Diese Verordnung gilt nach § 14 des Dritten Überleitungsgesetzes in Verbindung mit § 23 des Hüttenknappschaftlichen Zusatzversicherungs-Gesetzes auch im Land Berlin.</P></Content></text></textdaten></norm>
<norm builddate="20130405125816" doknr="BJNR016500985BJNE000700326"><metadaten><jurabk>HZvV 5</jurabk><enbez>§ 3</enbez></metadaten><textdaten><text format="XML"><Content><P>Es treten in Kraft <DL Font="normal" Type="arabic"><DT>1.</DT><DD Font="normal"><LA Size="normal">§ 1 Satz 1 Nr. 5</LA><LA Size="normal">mit Wirkung vom 1. Januar 1985,</LA></DD>  <DT>2.</DT><DD Font="normal"><LA Size="normal">§ 1 Satz 1 Nr. 3 und 4</LA><LA Size="normal">mit Wirkung vom 1. Juni 1984 und</LA></DD>  <DT>3.</DT><DD Font="normal"><LA Size="normal">§ 1 Satz 1 Nr. 2</LA><LA Size="normal">mit Wirkung vom 1. Juli 1983.</LA></DD>  </DL>Im übrigen tritt diese Verordnung mit Wirkung vom 14. Dezember 1981 in Kraft.</P></Content></text></textdaten></norm>
<norm builddate="20130405125816" doknr="BJNR016500985BJNE000800326"><metadaten><jurabk>HZvV 5</jurabk><enbez>Schlußformel</enbez></metadaten><textdaten><text format="XML"><Content><P><SP>Der Bundesminister für Arbeit und Sozialordnung</SP></P></Content></text></textdaten></norm>
</dokumente>