<?xml version="1.0" encoding="UTF-8" ?><!DOCTYPE dokumente SYSTEM "http://www.gesetze-im-internet.de/dtd/1.01/gii-norm.dtd">
<dokumente builddate="20120625152112" doknr="BJNR203820981"><norm builddate="20120625152112" doknr="BJNR203820981"><metadaten><jurabk>SchrZAbkG</jurabk><ausfertigung-datum manuell="ja">1981-07-06</ausfertigung-datum><fundstelle typ="amtlich"><periodikum>BGBl II</periodikum><zitstelle>1981, 382</zitstelle></fundstelle><kurzue>Schriftzeichengesetz</kurzue><langue>Gesetz zum Wiener Abkommen vom 12. Juni 1973 über den Schutz
typographischer Schriftzeichen und ihre internationale Hinterlegung</langue><standangabe checked="ja"><standtyp>Stand</standtyp><standkommentar>Zuletzt geändert durch Art. 2 Abs. 16 G v. 12.3.2004 I 390</standkommentar></standangabe></metadaten><textdaten><fussnoten><Content><P><BR/> <pre xml:space="preserve">(+++ Textnachweis ab: 9.7.1981 +++)<BR/><BR/></pre></P></Content></fussnoten></textdaten></norm>
<norm builddate="20120625152112" doknr="BJNR203820981BJNE000100303"><metadaten><jurabk>SchrZAbkG</jurabk><enbez>Art 1</enbez><titel format="parat">Zustimmung zum Wiener Abkommen</titel></metadaten><textdaten><text format="XML"><Content><P>(1) Dem in Wien am 12. Juni 1973 von der Bundesrepublik Deutschland unterzeichneten Wiener Abkommen über den Schutz typographischer Schriftzeichen und ihre internationale Hinterlegung einschließlich der Ausführungsordnung sowie dem Beitritt zum Protokoll vom 12. Juni 1973 zu diesem Abkommen wird zugestimmt. Das Abkommen sowie die Ausführungsordnung und das Protokoll zu dem Abkommen werden nachstehend veröffentlicht.</P><P>(2) Änderungen der Ausführungsordnung nach Artikel 29 Abs. 3 des Abkommens sind im Bundesgesetzblatt bekanntzumachen.</P></Content> </text><fussnoten/></textdaten></norm>
<norm builddate="20120625152112" doknr="BJNR203820981BJNE000205377"><metadaten><jurabk>SchrZAbkG</jurabk><enbez>Art 2</enbez></metadaten><textdaten><text format="XML"><Content><P>...</P></Content></text><fussnoten/></textdaten></norm>
<norm builddate="20120625152112" doknr="BJNR203820981BJNE000301377"><metadaten><jurabk>SchrZAbkG</jurabk><enbez>Art 3</enbez><titel format="parat">Schlußvorschriften</titel></metadaten><textdaten><text format="XML"><Content><P>(1) Dieses Gesetz tritt am Tage nach seiner Verkündung in Kraft. Jedoch tritt Artikel 2 an dem Tage in Kraft, an dem das in Artikel 1 genannte Abkommen nach seinem Artikel 35 für die Bundesrepublik Deutschland in Kraft tritt.</P><P>(2) Der Tag, an dem das in Artikel 1 genannte Abkommen nach seinem Artikel 35 für die Bundesrepublik Deutschland in Kraft tritt, ist im Bundesgesetzblatt bekanntzugeben.</P></Content> </text><fussnoten/></textdaten></norm>
</dokumente>