<?xml version="1.0" encoding="UTF-8" ?><!DOCTYPE dokumente SYSTEM "http://www.gesetze-im-internet.de/dtd/1.01/gii-norm.dtd">
<dokumente builddate="20120625151350" doknr="BJNR205710986"><norm builddate="20120625151350" doknr="BJNR205710986"><metadaten><jurabk>SozSichAbkDVbg MAR</jurabk><ausfertigung-datum manuell="ja">1984-04-19</ausfertigung-datum><fundstelle typ="amtlich"><periodikum>BGBl II</periodikum><zitstelle>1986, 571</zitstelle></fundstelle><langue>Vereinbarung zur Durchführung des Abkommens vom 25. März 1981 zwischen
der Bundesrepublik Deutschland und dem Königreich Marokko über Soziale
Sicherheit</langue></metadaten><textdaten><text format="decorated"/><fussnoten><Content><P>G v. 10.4.1986 II 550 <BR/>Inkraft gem. Bek. v. 9.9.1986 II 908 mWv 1.9.1986</P></Content></fussnoten></textdaten></norm>
</dokumente>