<?xml version="1.0" encoding="UTF-8" ?><!DOCTYPE dokumente SYSTEM "http://www.gesetze-im-internet.de/dtd/1.01/gii-norm.dtd">
<dokumente builddate="20120625152913" doknr="BJNR136220006"><norm builddate="20120625152913" doknr="BJNR136220006"><metadaten><jurabk>GII061362</jurabk><ausfertigung-datum manuell="ja">2006-12-20</ausfertigung-datum><fundstelle typ="amtlich"><periodikum>BGBl II</periodikum><zitstelle>2006, 1362</zitstelle></fundstelle><langue>Gesetz zu dem Abkommen vom 26. Oktober 2004 zwischen der Europäischen 
Union, der Europäischen Gemeinschaft und der Schweizerischen Eidgenossenschaft 
über die Assoziierung dieses Staates bei der Umsetzung, Anwendung und 
Entwicklung des Schengen-Besitzstands</langue></metadaten><textdaten/></norm>
</dokumente>