<?xml version="1.0" encoding="UTF-8" ?><!DOCTYPE dokumente SYSTEM "http://www.gesetze-im-internet.de/dtd/1.01/gii-norm.dtd">
<dokumente builddate="20130405131326" doknr="BJNR130800009"><norm builddate="20130405131326" doknr="BJNR130800009"><metadaten><jurabk>BMWiTWidAnO 2009</jurabk><ausfertigung-datum manuell="ja">2009-06-09</ausfertigung-datum><fundstelle typ="amtlich"><periodikum>BGBl I</periodikum><zitstelle>2009, 1308</zitstelle></fundstelle><langue>Anordnung zur Übertragung von Zuständigkeiten für den Erlass von Widerspruchsbescheiden und die Vertretung des Dienstherrn bei Klagen aus dem Beamtenverhältnis im Geschäftsbereich des Bundesministeriums für Wirtschaft und Technologie</langue></metadaten><textdaten><fussnoten><Content><P><BR/> <pre xml:space="preserve">(+++ Textnachweis ab: 20.6.2009 +++)<BR/><BR/></pre></P></Content></fussnoten></textdaten></norm>
<norm builddate="20130405131326" doknr="BJNR130800009BJNE000100000"><metadaten><jurabk>BMWiTWidAnO 2009</jurabk><enbez>I.</enbez></metadaten><textdaten><text format="XML"><Content><P>Nach § 126 Abs. 3 des Bundesbeamtengesetzes in der Fassung der Bekanntmachung vom 5. Februar 2009 (BGBl. I S. 160) wird <DL Type="Dash"><DT>–</DT><DD Font="normal"><LA>der Physikalisch-Technischen Bundesanstalt,</LA></DD><DT>–</DT><DD Font="normal"><LA>dem Bundesamt für Wirtschaft und Ausfuhrkontrolle,</LA></DD><DT>–</DT><DD Font="normal"><LA>der Bundesanstalt für Materialforschung und -prüfung,</LA></DD><DT>–</DT><DD Font="normal"><LA>dem Bundeskartellamt,</LA></DD><DT>–</DT><DD Font="normal"><LA>der Bundesanstalt für Geowissenschaften und Rohstoffe,</LA></DD><DT>–</DT><DD Font="normal"><LA>der Bundesnetzagentur für Elektrizität, Gas, Telekommunikation, Post und Eisenbahnen</LA></DD></DL>die Befugnis übertragen, in beamtenrechtlichen Angelegenheiten über Widersprüche gegen die von ihnen getroffenen Maßnahmen zu entscheiden. Entscheidungen über Widersprüche der Behördenleiterinnen oder Behördenleiter bleiben dem Bundesministerium für Wirtschaft und Technologie vorbehalten.</P></Content></text></textdaten></norm>
<norm builddate="20130405131326" doknr="BJNR130800009BJNE000200000"><metadaten><jurabk>BMWiTWidAnO 2009</jurabk><enbez>II.</enbez></metadaten><textdaten><text format="XML"><Content><P>Nach § 127 Abs. 3 des Bundesbeamtengesetzes in der Fassung der Bekanntmachung vom 5. Februar 2009 (BGBl. I S. 160) wird den unter I. genannten Behörden, soweit sie nach dieser Anordnung zur Entscheidung über Widersprüche zuständig sind, die Vertretung des Dienstherrn bei Klagen aus dem Beamtenverhältnis übertragen. In besonderen Fällen, insbesondere bei Angelegenheiten der Behördenleiterinnen oder Behördenleiter, bleibt die Vertretung des Dienstherrn dem Bundesministerium für Wirtschaft und Technologie vorbehalten.</P></Content></text></textdaten></norm>
<norm builddate="20130405131326" doknr="BJNR130800009BJNE000300000"><metadaten><jurabk>BMWiTWidAnO 2009</jurabk><enbez>III.</enbez></metadaten><textdaten><text format="XML"><Content><P>Diese Anordnung ist ab dem Tag nach der Verkündung anzuwenden. Von diesem Zeitpunkt an ist die Anordnung zur Übertragung von Zuständigkeiten für den Erlass von Widerspruchsbescheiden und die Vertretung des Dienstherrn bei Klagen aus dem Beamtenverhältnis im Geschäftsbereich des Bundesministeriums für Wirtschaft und Arbeit vom 7. August 2003 (BGBl. I S. 1686) nicht mehr anzuwenden.</P></Content></text></textdaten></norm>
<norm builddate="20130405131326" doknr="BJNR130800009BJNE000400000"><metadaten><jurabk>BMWiTWidAnO 2009</jurabk><enbez>Schlussformel</enbez></metadaten><textdaten><text format="XML"><Content><P><SP>Bundesministerium für Wirtschaft und Technologie</SP></P></Content></text></textdaten></norm>
</dokumente>