<?xml version="1.0" encoding="UTF-8" ?><!DOCTYPE dokumente SYSTEM "http://www.gesetze-im-internet.de/dtd/1.01/gii-norm.dtd">
<dokumente builddate="20251216215516" doknr="BJNR064700004"><norm builddate="20251216215516" doknr="BJNR064700004"><metadaten><jurabk>MaschFüAusbV</jurabk><ausfertigung-datum manuell="ja">2004-04-27</ausfertigung-datum><fundstelle typ="amtlich"><periodikum>BGBl I</periodikum><zitstelle>2004, 647</zitstelle></fundstelle><langue>Verordnung über die Berufsausbildung zum Maschinen- und
Anlagenführer/zur Maschinen- und Anlagenführerin</langue><standangabe checked="ja"><standtyp>Stand</standtyp><standkommentar>Zuletzt geändert durch Art. 2 V v. 14.6.2023 I Nr. 151</standkommentar></standangabe></metadaten><textdaten><text format="XML"><Content><P><noindex>Diese Rechtsverordnung ist eine Ausbildungsordnung im Sinne des § 25 des Berufsbildungsgesetzes. Die Ausbildungsordnung und der damit abgestimmte, von der Ständigen Konferenz der Kultusminister der Länder in der Bundesrepublik Deutschland beschlossene Rahmenlehrplan für die Berufsschule werden als Beilage zum Bundesanzeiger veröffentlicht.</noindex></P></Content></text><fussnoten><Content><P><BR/> <pre xml:space="preserve">(+++ Textnachweis ab: 1.8.2004 +++)<BR/><BR/></pre></P></Content></fussnoten></textdaten></norm>
<norm builddate="20251216215516" doknr="BJNR064700004BJNE000100000"><metadaten><jurabk>MaschFüAusbV</jurabk><enbez>Eingangsformel</enbez></metadaten><textdaten><text format="XML"><Content><P>Auf Grund des § 25 Abs. 1 in Verbindung mit Abs. 2 Satz 1 des Berufsbildungsgesetzes vom 14. August 1969 (BGBl. I S. 1112), der zuletzt durch Artikel 184 Nr. 1 der Verordnung vom 25. November 2003 (BGBl. I S. 2304) geändert worden ist, verordnet das Bundesministerium für Wirtschaft und Arbeit im Einvernehmen mit dem Bundesministerium für Bildung und Forschung:</P></Content></text></textdaten></norm>
<norm builddate="20251216215516" doknr="BJNR064700004BJNE000200000"><metadaten><jurabk>MaschFüAusbV</jurabk><enbez>§ 1</enbez><titel format="parat">Staatliche Anerkennung des Ausbildungsberufes</titel></metadaten><textdaten><text format="XML"><Content><P>Der Ausbildungsberuf Maschinen- und Anlagenführer/Maschinen- und Anlagenführerin wird staatlich anerkannt.</P></Content></text></textdaten></norm>
<norm builddate="20251216215516" doknr="BJNR064700004BJNE000300000"><metadaten><jurabk>MaschFüAusbV</jurabk><enbez>§ 2</enbez><titel format="parat">Ausbildungsdauer</titel></metadaten><textdaten><text format="XML"><Content><P>Die Ausbildung dauert zwei Jahre.</P></Content></text></textdaten></norm>
<norm builddate="20251216215516" doknr="BJNR064700004BJNE000400000"><metadaten><jurabk>MaschFüAusbV</jurabk><enbez>§ 3</enbez><titel format="parat">Zielsetzung der Berufsausbildung</titel></metadaten><textdaten><text format="XML"><Content><P>Die in dieser Verordnung genannten Fertigkeiten und Kenntnisse sollen bezogen auf Arbeits- und Geschäftsprozesse vermittelt werden. Sie sollen so vermittelt werden, dass die Auszubildenden zur Ausübung einer qualifizierten beruflichen Tätigkeit im Sinne von § 1 Abs. 2 des Berufsbildungsgesetzes befähigt werden, die insbesondere selbständiges Planen, Durchführen und Kontrollieren sowie das Handeln im betrieblichen Gesamtzusammenhang einschließt. Die in Satz 2 beschriebene Befähigung ist auch in den Prüfungen nach den §§ 8 und 9 nachzuweisen.</P></Content></text></textdaten></norm>
<norm builddate="20251216215516" doknr="BJNR064700004BJNE000500000"><metadaten><jurabk>MaschFüAusbV</jurabk><enbez>§ 4</enbez><titel format="parat">Ausbildungsberufsbild</titel></metadaten><textdaten><text format="XML"><Content><P>Gegenstand der Berufsausbildung sind mindestens die folgenden Fertigkeiten und Kenntnisse: <DL Font="normal" Type="arabic"><DT>1.</DT><DD Font="normal"><LA Size="normal">Berufsbildung, Arbeits- und Tarifrecht,</LA></DD> <DT>2.</DT><DD Font="normal"><LA Size="normal">Aufbau und Organisation des Ausbildungsbetriebes,</LA></DD> <DT>3.</DT><DD Font="normal"><LA Size="normal">Sicherheit und Gesundheitsschutz bei der Arbeit,</LA></DD> <DT>4.</DT><DD Font="normal"><LA Size="normal">Umweltschutz,</LA></DD> <DT>5.</DT><DD Font="normal"><LA Size="normal">Zuordnen und Handhaben von Werk-, Betriebs- und Hilfsstoffen,</LA></DD> <DT>6.</DT><DD Font="normal"><LA Size="normal">Betriebliche und technische Kommunikation,</LA></DD> <DT>7.</DT><DD Font="normal"><LA Size="normal">Planen und Vorbereiten von Arbeitsabläufen,</LA></DD> <DT>8.</DT><DD Font="normal"><LA Size="normal">Prüfen,</LA></DD> <DT>9.</DT><DD Font="normal"><LA Size="normal">Branchenspezifische Fertigungstechniken,</LA></DD> <DT>10.</DT><DD Font="normal"><LA Size="normal">Steuerungs- und Regelungstechnik,</LA></DD> <DT>11.</DT><DD Font="normal"><LA Size="normal">Einrichten und Bedienen von Produktionsanlagen,</LA></DD> <DT>12.</DT><DD Font="normal"><LA Size="normal">Steuern des Materialflusses,</LA></DD> <DT>13.</DT><DD Font="normal"><LA Size="normal">Warten und Inspizieren von Maschinen und Anlagen,</LA></DD> <DT>14.</DT><DD Font="normal"><LA Size="normal">Durchführen von qualitätssichernden Maßnahmen.</LA></DD> </DL></P></Content></text></textdaten></norm>
<norm builddate="20251216215516" doknr="BJNR064700004BJNE000600000"><metadaten><jurabk>MaschFüAusbV</jurabk><enbez>§ 5</enbez><titel format="parat">Ausbildungsrahmenplan</titel></metadaten><textdaten><text format="XML"><Content><P>Die in § 4 genannten Fertigkeiten und Kenntnisse sollen unter Berücksichtigung der Schwerpunkte Metall- und Kunststofftechnik, Textiltechnik, Textilveredelung, Lebensmitteltechnik, Druckweiter- und Papierverarbeitung nach der in der Anlage enthaltenen Anleitung zur sachlichen und zeitlichen Gliederung der Berufsausbildung (Ausbildungsrahmenplan) vermittelt werden. Eine von dem Ausbildungsrahmenplan abweichende sachliche und zeitliche Gliederung des Ausbildungsinhaltes ist insbesondere zulässig, soweit betriebspraktische Besonderheiten die Abweichung erfordern.</P></Content></text></textdaten></norm>
<norm builddate="20251216215516" doknr="BJNR064700004BJNE000700000"><metadaten><jurabk>MaschFüAusbV</jurabk><enbez>§ 6</enbez><titel format="parat">Ausbildungsplan</titel></metadaten><textdaten><text format="XML"><Content><P>Die Ausbildenden haben unter Zugrundelegung des Ausbildungsrahmenplans für die Auszubildenden einen Ausbildungsplan zu erstellen.</P></Content></text></textdaten></norm>
<norm builddate="20251216215516" doknr="BJNR064700004BJNE000800000"><metadaten><jurabk>MaschFüAusbV</jurabk><enbez>§ 7</enbez><titel format="parat">Berichtsheft</titel></metadaten><textdaten><text format="XML"><Content><P>Die Auszubildenden haben ein Berichtsheft in Form eines Ausbildungsnachweises zu führen. Ihnen ist Gelegenheit zu geben, das Berichtsheft während der Ausbildungszeit zu führen. Die Ausbildenden haben das Berichtsheft regelmäßig durchzusehen.</P></Content></text></textdaten></norm>
<norm builddate="20251216215516" doknr="BJNR064700004BJNE000901308"><metadaten><jurabk>MaschFüAusbV</jurabk><enbez>§ 8</enbez><titel format="parat">Zwischenprüfung</titel></metadaten><textdaten><text format="XML"><Content><P>(1) Zur Ermittlung des Ausbildungsstandes ist eine Zwischenprüfung durchzuführen. Sie soll zu Beginn des zweiten Ausbildungsjahres stattfinden.</P><P>(2) Die Zwischenprüfung erstreckt sich auf die in der Anlage für das erste Ausbildungsjahr aufgeführten Fertigkeiten und Kenntnisse sowie auf den im Berufsschulunterricht entsprechend dem Rahmenlehrplan zu vermittelnden Lehrstoff, soweit er für die Berufsausbildung wesentlich ist.</P><P>(3) Der Prüfling soll in insgesamt höchstens drei Stunden eine praktische Aufgabe durchführen sowie in insgesamt höchstens 60 Minuten Aufgaben, die im Zusammenhang mit der praktischen Aufgabe stehen, schriftlich bearbeiten. Hierfür kommt schwerpunktorientiert insbesondere in Betracht: <DL Font="normal" Type="arabic"><DT>1.</DT><DD Font="normal"><LA Size="normal">Positionieren von Maschinenelementen,</LA></DD> <DT>2.</DT><DD Font="normal"><LA Size="normal">Vorbereiten von Maschinen und Anlagen für die Produktion oder</LA></DD> <DT>3.</DT><DD Font="normal"><LA Size="normal">Einstellen und Kontrollieren von Maschinen- und Anlagenelementen sowie Zusatzeinrichtungen.</LA></DD> </DL>Dabei soll der Prüfling zeigen, dass er Arbeitsschritte planen, Arbeitsmittel anwenden, technische Unterlagen nutzen sowie den Sicherheits- und Gesundheitsschutz bei der Arbeit und den Umweltschutz berücksichtigen kann.</P></Content>  </text><fussnoten/></textdaten></norm>
<norm builddate="20251216215516" doknr="BJNR064700004BJNE001000000"><metadaten><jurabk>MaschFüAusbV</jurabk><enbez>§ 9</enbez><titel format="parat">Abschlussprüfung</titel></metadaten><textdaten><text format="XML"><Content><P>(1) Die Abschlussprüfung erstreckt sich auf die in der Anlage aufgeführten Fertigkeiten und Kenntnisse sowie auf den im Berufsschulunterricht vermittelten Lehrstoff, soweit er für die Berufsausbildung wesentlich ist.</P><P>(2) Der Prüfling soll im praktischen Teil der Prüfung in höchstens sieben Stunden bis zu zwei praktische Aufgaben durchführen. Hierfür kommen insbesondere in Betracht: <DL Font="normal" Type="arabic"><DT>1.</DT><DD Font="normal"><LA Size="normal">Einrichten, in Betrieb nehmen und Bedienen einer Maschine oder Anlage,</LA></DD><DT>2.</DT><DD Font="normal"><LA Size="normal">Umrüsten, in Betrieb nehmen und Bedienen einer Maschine oder Anlage oder</LA></DD><DT>3.</DT><DD Font="normal"><LA Size="normal">Durchführen einer vorbeugenden Instandsetzung einschließlich der Inbetriebnahme.</LA></DD></DL>Dabei soll der Prüfling zeigen, dass er Arbeitsabläufe planen, Werkzeuge, Betriebs- und Hilfsstoffe festlegen, Messungen durchführen, technische Unterlagen nutzen, Prozesse steuern, Qualitätsprüfungen, Maßnahmen zur Sicherheit und zum Gesundheitsschutz bei der Arbeit sowie zum Umweltschutz durchführen kann. Bei der Aufgabenstellung ist der Ausbildungsschwerpunkt nach § 4 Abs. 1 zu berücksichtigen.</P><P>(3) Der schriftliche Teil der Prüfung umfasst die Prüfungsbereiche: <DL Font="normal" Type="arabic"><DT>1.</DT><DD Font="normal"><LA Size="normal">Produktionstechnik,</LA></DD><DT>2.</DT><DD Font="normal"><LA Size="normal">Produktionsplanung sowie</LA></DD><DT>3.</DT><DD Font="normal"><LA Size="normal">Wirtschafts- und Sozialkunde.</LA></DD></DL>In den Prüfungsbereichen Produktionstechnik und Produktionsplanung kommen Aufgaben, die sich auf praxisbezogene Fälle beziehen sollen, insbesondere aus folgenden Gebieten in Betracht: <DL Font="normal" Type="arabic"><DT>1.</DT><DD Font="normal"><LA Size="normal">Schwerpunkt Metall- und Kunststofftechnik:<DL Font="normal" Type="arabic"><DT>1.1</DT><DD Font="normal"><LA Size="normal">im Prüfungsbereich Produktionstechnik:<DL Font="normal" Type="arabic"><DT>a)</DT><DD Font="normal"><LA Size="normal">technische Unterlagen,</LA></DD><DT>b)</DT><DD Font="normal"><LA Size="normal">Werkstoffe,</LA></DD><DT>c)</DT><DD Font="normal"><LA Size="normal">Werkzeuge,</LA></DD><DT>d)</DT><DD Font="normal"><LA Size="normal">Funktion von Maschinen und Anlagen,</LA></DD><DT>e)</DT><DD Font="normal"><LA Size="normal">Prüfverfahren und Prüfmittel,</LA></DD><DT>f)</DT><DD Font="normal"><LA Size="normal">Fertigungstechniken;</LA></DD></DL></LA></DD><DT>1.2</DT><DD Font="normal"><LA Size="normal">im Prüfungsbereich Produktionsplanung:<DL Font="normal" Type="arabic"><DT>a)</DT><DD Font="normal"><LA Size="normal">Arbeitsschritte,</LA></DD><DT>b)</DT><DD Font="normal"><LA Size="normal">Qualitätssicherung,</LA></DD><DT>c)</DT><DD Font="normal"><LA Size="normal">vorbeugende Instandhaltung,</LA></DD><DT>d)</DT><DD Font="normal"><LA Size="normal">Produktionsanlagen,</LA></DD><DT>e)</DT><DD Font="normal"><LA Size="normal">Übergabeprotokoll;</LA></DD></DL></LA></DD></DL></LA></DD><DT>2.</DT><DD Font="normal"><LA Size="normal">Schwerpunkt Textiltechnik:<DL Font="normal" Type="arabic"><DT>2.1</DT><DD Font="normal"><LA Size="normal">im Prüfungsbereich Produktionstechnik:<DL Font="normal" Type="arabic"><DT>a)</DT><DD Font="normal"><LA Size="normal">Rohstoffe, Zwischen- und Endprodukte,</LA></DD><DT>b)</DT><DD Font="normal"><LA Size="normal">Produktionsverfahren, Prozessabläufe,</LA></DD><DT>c)</DT><DD Font="normal"><LA Size="normal">Funktion von Maschinen und Anlagen,</LA></DD><DT>d)</DT><DD Font="normal"><LA Size="normal">prozess- und leistungsbezogene Berechnungen,</LA></DD><DT>e)</DT><DD Font="normal"><LA Size="normal">Konstruktionstechniken und Produktmerkmale,</LA></DD><DT>f)</DT><DD Font="normal"><LA Size="normal">Fertigungstechniken;</LA></DD></DL></LA></DD><DT>2.2</DT><DD Font="normal"><LA Size="normal">im Prüfungsbereich Produktionsplanung:<DL Font="normal" Type="arabic"><DT>a)</DT><DD Font="normal"><LA Size="normal">Arbeitsschritte,</LA></DD><DT>b)</DT><DD Font="normal"><LA Size="normal">Qualitätssicherung,</LA></DD><DT>c)</DT><DD Font="normal"><LA Size="normal">vorbeugende Instandhaltung,</LA></DD><DT>d)</DT><DD Font="normal"><LA Size="normal">Materialfluss,</LA></DD><DT>e)</DT><DD Font="normal"><LA Size="normal">Anfertigen von Skizzen und Planungsunterlagen;</LA></DD></DL></LA></DD></DL></LA></DD><DT>3.</DT><DD Font="normal"><LA Size="normal">Schwerpunkt Textilveredelung:<DL Font="normal" Type="arabic"><DT>3.1</DT><DD Font="normal"><LA Size="normal">im Prüfungsbereich Produktionstechnik:<DL Font="normal" Type="arabic"><DT>a)</DT><DD Font="normal"><LA Size="normal">Rohstoffe, Zwischen- und Endprodukte,</LA></DD><DT>b)</DT><DD Font="normal"><LA Size="normal">Produktionsverfahren, Prozessabläufe,</LA></DD><DT>c)</DT><DD Font="normal"><LA Size="normal">Funktion von Maschinen und Anlagen,</LA></DD><DT>d)</DT><DD Font="normal"><LA Size="normal">prozess- und leistungsbezogene Berechnungen,</LA></DD><DT>e)</DT><DD Font="normal"><LA Size="normal">Veredelungsmittel und deren Funktionsweise,</LA></DD><DT>f)</DT><DD Font="normal"><LA Size="normal">Umweltschutz und Arbeitssicherheit,</LA></DD><DT>g)</DT><DD Font="normal"><LA Size="normal">Fertigungstechniken;</LA></DD></DL></LA></DD><DT>3.2</DT><DD Font="normal"><LA Size="normal">im Prüfungsbereich Produktionsplanung:<DL Font="normal" Type="arabic"><DT>a)</DT><DD Font="normal"><LA Size="normal">Arbeitsschritte,</LA></DD><DT>b)</DT><DD Font="normal"><LA Size="normal">Qualitätssicherung,</LA></DD><DT>c)</DT><DD Font="normal"><LA Size="normal">vorbeugende Instandhaltung,</LA></DD><DT>d)</DT><DD Font="normal"><LA Size="normal">Materialfluss,</LA></DD><DT>e)</DT><DD Font="normal"><LA Size="normal">Anfertigen von Skizzen und Planungsunterlagen;</LA></DD></DL></LA></DD></DL></LA></DD><DT>4.</DT><DD Font="normal"><LA Size="normal">Schwerpunkt Lebensmitteltechnik:<DL Font="normal" Type="arabic"><DT>4.1</DT><DD Font="normal"><LA Size="normal">im Prüfungsbereich Produktionstechnik:<DL Font="normal" Type="arabic"><DT>a)</DT><DD Font="normal"><LA Size="normal">Roh-, Zusatz- und Hilfsstoffe sowie Halbfabrikate,</LA></DD><DT>b)</DT><DD Font="normal"><LA Size="normal">Funktion von Maschinen und Anlagen,</LA></DD><DT>c)</DT><DD Font="normal"><LA Size="normal">Zerkleinerungs-, Trenn- und Sortierverfahren,</LA></DD><DT>d)</DT><DD Font="normal"><LA Size="normal">Abfüllen, Etikettieren und Verpacken,</LA></DD><DT>e)</DT><DD Font="normal"><LA Size="normal">Kochen, Mischen und Haltbarmachen,</LA></DD><DT>f)</DT><DD Font="normal"><LA Size="normal">lebensmittelrechtliche Bestimmungen und Hygienevorschriften,</LA></DD><DT>g)</DT><DD Font="normal"><LA Size="normal">Fertigungstechniken;</LA></DD></DL></LA></DD><DT>4.2</DT><DD Font="normal"><LA Size="normal">im Prüfungsbereich Produktionsplanung:<DL Font="normal" Type="arabic"><DT>a)</DT><DD Font="normal"><LA Size="normal">Arbeitsschritte,</LA></DD><DT>b)</DT><DD Font="normal"><LA Size="normal">Qualitätssicherung,</LA></DD><DT>c)</DT><DD Font="normal"><LA Size="normal">vorbeugende Instandhaltung,</LA></DD><DT>d)</DT><DD Font="normal"><LA Size="normal">Materialfluss,</LA></DD><DT>e)</DT><DD Font="normal"><LA Size="normal">Maschinenbelegung;</LA></DD></DL></LA></DD></DL></LA></DD><DT>5.</DT><DD Font="normal"><LA Size="normal">Schwerpunkt Druckweiter- und Papierverarbeitung:<DL Font="normal" Type="arabic"><DT>5.1</DT><DD Font="normal"><LA Size="normal">im Prüfungsbereich Produktionstechnik:<DL Font="normal" Type="arabic"><DT>a)</DT><DD Font="normal"><LA Size="normal">Funktion von Maschinen und Anlagen,</LA></DD><DT>b)</DT><DD Font="normal"><LA Size="normal">Werkstoffe,</LA></DD><DT>c)</DT><DD Font="normal"><LA Size="normal">Werkzeuge,</LA></DD><DT>d)</DT><DD Font="normal"><LA Size="normal">Prüfverfahren und Prüfmittel,</LA></DD><DT>e)</DT><DD Font="normal"><LA Size="normal">Fertigungstechniken;</LA></DD></DL></LA></DD><DT>5.2</DT><DD Font="normal"><LA Size="normal">im Prüfungsbereich Produktionsplanung:<DL Font="normal" Type="arabic"><DT>a)</DT><DD Font="normal"><LA Size="normal">Arbeitsschritte,</LA></DD><DT>b)</DT><DD Font="normal"><LA Size="normal">Qualitätssicherung,</LA></DD><DT>c)</DT><DD Font="normal"><LA Size="normal">vorbeugende Instandhaltung,</LA></DD><DT>d)</DT><DD Font="normal"><LA Size="normal">Produktionsanlagen.</LA></DD></DL></LA></DD></DL></LA></DD></DL>Im Prüfungsbereich Wirtschafts- und Sozialkunde kommen Aufgaben, die sich auf praxisbezogene Fälle beziehen sollen, insbesondere aus folgenden Gebieten in Betracht: <BR/>allgemeine wirtschaftliche und gesellschaftliche Zusammenhänge der Berufs- und Arbeitswelt.</P><P>(4) Die schriftliche Prüfung dauert höchstens: <BR/><table frame="none" tocentry="%yes;"><tgroup align="left" char="" charoff="50" cols="3" colsep="0" rowsep="0"><colspec colname="col1" colnum="1" colwidth="5*"/><colspec colname="col2" colnum="2" colwidth="50*"/><colspec colname="col3" colnum="3" colwidth="25*"/><tbody valign="top"><row><entry VJ="1" align="left" colsep="0" valign="top">1.</entry><entry VJ="1" align="left" colsep="0" valign="top">im Prüfungsbereich Produktionstechnik</entry><entry VJ="1" align="right" colsep="0" valign="top">120 Minuten,</entry></row><row><entry VJ="1" align="left" colsep="0" valign="top">2.</entry><entry VJ="1" align="left" colsep="0" valign="top">im Prüfungsbereich Produktionsplanung</entry><entry VJ="1" align="right" colsep="0" valign="top">60 Minuten,</entry></row><row><entry VJ="1" align="left" colsep="0" valign="top">3.</entry><entry VJ="1" align="left" colsep="0" valign="top">im Prüfungsbereich Wirtschafts- und Sozialkunde</entry><entry VJ="1" align="right" colsep="0" valign="top">60 Minuten.</entry></row></tbody></tgroup></table></P><P>(5) Der schriftliche Teil der Prüfung ist auf Antrag des Prüflings oder nach Ermessen des Prüfungsausschusses in einzelnen Prüfungsbereichen durch eine mündliche Prüfung zu ergänzen, wenn diese für das Bestehen der Prüfung den Ausschlag geben kann. Bei der Ermittlung der Ergebnisse für die mündlich geprüften Prüfungsbereiche sind die jeweiligen bisherigen Ergebnisse und die entsprechenden Ergebnisse der mündlichen Ergänzungsprüfung im Verhältnis 2 : 1 zu gewichten.</P><P>(6) Innerhalb des schriftlichen Teils der Prüfung sind die Prüfungsbereiche wie folgt zu gewichten: <BR/><table frame="none" tocentry="%yes;"><tgroup align="left" char="" charoff="50" cols="3" colsep="0" rowsep="0"><colspec colname="col1" colnum="1" colwidth="5*"/><colspec colname="col2" colnum="2" colwidth="45*"/><colspec colname="col3" colnum="3" colwidth="20*"/><tbody valign="top"><row><entry VJ="1" align="left" colsep="0" valign="top">1.</entry><entry VJ="1" align="left" colsep="0" valign="top">Produktionstechnik</entry><entry VJ="1" align="right" colsep="0" valign="top">50 Prozent,</entry></row><row><entry VJ="1" align="left" colsep="0" valign="top">2.</entry><entry VJ="1" align="left" colsep="0" valign="top">Produktionsplanung</entry><entry VJ="1" align="right" colsep="0" valign="top">30 Prozent,</entry></row><row><entry VJ="1" align="left" colsep="0" valign="top">3.</entry><entry VJ="1" align="left" colsep="0" valign="top">Wirtschafts- und Sozialkunde</entry><entry VJ="1" align="right" colsep="0" valign="top">20 Prozent.</entry></row></tbody></tgroup></table></P><P>(7) Die Prüfung ist bestanden, wenn <DL Font="normal" Type="arabic"><DT>1.</DT><DD Font="normal"><LA Size="normal">im praktischen Prüfungsteil und</LA></DD><DT>2.</DT><DD Font="normal"><LA Size="normal">im schriftlichen Prüfungsteil</LA></DD></DL>jeweils mindestens ausreichende Leistungen erbracht wurden. In zwei der Prüfungsbereiche des schriftlichen Teils müssen mindestens ausreichende Leistungen, in dem weiteren Prüfungsbereich dürfen keine ungenügenden Leistungen erbracht worden sein.</P></Content></text></textdaten></norm>
<norm builddate="20251216215516" doknr="BJNR064700004BJNE001104128"><metadaten><jurabk>MaschFüAusbV</jurabk><enbez>§ 10</enbez><titel format="XML">Anrechnungsregelung</titel></metadaten><textdaten><text format="XML"><Content><P>(1) Die erfolgreich abgeschlossene Berufsausbildung zum Maschinen- und Anlagenführer/zur Maschinen- und Anlagenführerin kann nach den Vorschriften des dritten und vierten Ausbildungsjahres im <DL Font="normal" Type="arabic"><DT>1.</DT><DD Font="normal"><LA Size="normal">Schwerpunkt Metalltechnik/Kunststofftechnik in einem der Ausbildungsberufe</LA><LA Size="normal">Kunststoff- und Kautschuktechnologe/Kunststoff- und Kautschuktechnologin,</LA><LA Size="normal">Feinwerkmechaniker/Feinwerkmechanikerin,</LA><LA Size="normal">Fertigungsmechaniker/Fertigungsmechanikerin,</LA><LA Size="normal">Industriemechaniker/Industriemechanikerin,</LA><LA Size="normal">Werkzeugmechaniker/Werkzeugmechanikerin,</LA><LA Size="normal">Zerspanungsmechaniker/Zerspanungsmechanikerin;</LA></DD><DT>2.</DT><DD Font="normal"><LA Size="normal">Schwerpunkt Textiltechnik in dem Ausbildungsberuf</LA><LA Size="normal">Produktionsmechaniker-Textil/Produktionsmechanikerin-Textil;</LA></DD><DT>3.</DT><DD Font="normal"><LA Size="normal">Schwerpunkt Textilveredelung in dem Ausbildungsberuf</LA><LA Size="normal">Produktveredler-Textil/Produktveredlerin-Textil;</LA></DD><DT>4.</DT><DD Font="normal"><LA Size="normal">Schwerpunkt Lebensmitteltechnik in einem der Ausbildungsberufe</LA><LA Size="normal">Fachkraft für Lebensmitteltechnik,</LA><LA Size="normal">Fachkraft für Fruchtsafttechnik,</LA><LA Size="normal">Brauer und Mälzer/Brauerin und Mälzerin;</LA></DD><DT>5.</DT><DD Font="normal"><LA Size="normal">Schwerpunkt Druckweiter- und Papierverarbeitung in einem der Ausbildungsberufe</LA><LA Size="normal">Buchbinder/Buchbinderin, Fachrichtung Buchfertigung (Serie) und Druckweiterverarbeitung (Serie),</LA><LA Size="normal">Verpackungsmittelmechaniker/Verpackungsmittelmechanikerin</LA></DD></DL>fortgesetzt werden.</P><P>(2) Berufsausbildungsverhältnisse im Schwerpunkt Lebensmitteltechnik, die bis zum 8. April 2006 begründet worden sind, können im Ausbildungsberuf Molkereifachmann/Molkereifachfrau nach den Vorschriften des dritten Ausbildungsjahres fortgesetzt werden.</P><P>(3) Die in der Abschlussprüfung im Ausbildungsberuf Maschinen- und Anlagenführer/Maschinen- und Anlagenführerin erzielten Leistungen werden bei der Fortsetzung der Berufsausbildung zum Feinwerkmechaniker/zur Feinwerkmechanikerin, zum Industriemechaniker/zur Industriemechanikerin, zum Werkzeugmechaniker/zur Werkzeugmechanikerin oder zum Zerspanungsmechaniker/zur Zerspanungsmechanikerin als Teil 1 der Abschlussprüfung entsprechend der Verordnung über die Berufsausbildung zum Feinwerkmechaniker/zur Feinwerkmechanikerin vom 2. Juli 2002 (BGBl. I S. 2481) oder der Verordnung über die Berufsausbildung in den industriellen Metallberufen vom 23. Juli 2007 (BGBl. I S. 1599) in das Gesamtergebnis einbezogen.</P></Content></text><fussnoten/></textdaten></norm>
<norm builddate="20251216215516" doknr="BJNR064700004BJNE001200000"><metadaten><jurabk>MaschFüAusbV</jurabk><enbez>§ 11</enbez><titel format="parat">Inkrafttreten</titel></metadaten><textdaten><text format="XML"><Content><P>Diese Verordnung tritt am 1. August 2004 in Kraft.</P></Content></text></textdaten></norm>
<norm builddate="20251216215516" doknr="BJNR064700004BJNE001300000"><metadaten><jurabk>MaschFüAusbV</jurabk><enbez>Anlage</enbez><titel format="XML">(zu § 5)<BR/>Ausbildungsrahmenplan für die Berufsausbildung zum Maschinen- und Anlagenführer/zur Maschinen- und Anlagenführerin</titel></metadaten><textdaten><text format="XML"><Content><P><ABWFORMAT typ="A"/><kommentar typ="Fundstelle">(Fundstelle: BGBl. I 2004, 651 - 660)</kommentar><BR/><table frame="bottom" tocentry="%yes;"><tgroup align="left" char="" charoff="50" cols="5" rowsep="0"><colspec colname="col1" colnum="1" colsep="1" colwidth="5*"/><colspec colname="col2" colnum="2" colsep="1" colwidth="30.00*"/><colspec colname="col3" colnum="3" colsep="0" colwidth="5.00*"/><colspec colname="col4" colnum="4" colsep="1" colwidth="60.00*"/><colspec colname="col5" colnum="5" colsep="0" colwidth="10.00*"/><thead valign="bottom"><row><entry VJ="1" colsep="0" nameend="col5" namest="col1" valign="top"><B>I. Berufliche Grundbildung - 1. Ausbildungsjahr -</B></entry></row><row><entry VJ="1" colsep="0" rowsep="1" valign="top"/><entry VJ="1" colsep="0" rowsep="1" valign="top"/><entry VJ="1" rowsep="1" valign="top"/><entry VJ="1" colsep="0" rowsep="1" valign="top"/><entry VJ="1" colsep="1" rowsep="1" valign="top"/></row><row><entry VJ="1" align="center" rowsep="1" valign="top">Lfd. Nr.</entry><entry VJ="1" align="center" rowsep="1" valign="top">Teil des Ausbildungsberufsbildes</entry><entry VJ="1" align="center" colsep="1" nameend="col4" namest="col3" rowsep="1" valign="top">Zu vermittelnde Fertigkeiten und Kenntnisse</entry><entry VJ="1" align="center" colsep="1" rowsep="1" valign="top">Zeitliche Richtwerte in Wochen im 1. Ausbildungsjahr</entry></row><row><entry VJ="1" align="center" rowsep="1" valign="top">1</entry><entry VJ="1" align="center" rowsep="1" valign="top">2</entry><entry VJ="1" align="center" colsep="1" nameend="col4" namest="col3" rowsep="1" valign="top">3</entry><entry VJ="1" align="center" colsep="1" rowsep="1" valign="top">4</entry></row></thead><tbody valign="top"><row><entry VJ="1" align="right" colsep="1" morerows="4" rowsep="1" valign="top">1</entry><entry VJ="1" align="left" colsep="1" morerows="4" rowsep="1" valign="top">Berufsbildung, Arbeits- und Tarifrecht (§ 4 Nr. 1)</entry><entry VJ="1" align="left" colsep="0" valign="top">a)</entry><entry VJ="1" align="left" colsep="1" valign="top">Bedeutung des Arbeitsvertrages, insbesondere Abschluss, Dauer und Beendigung, erklären</entry><entry VJ="1" align="left" colsep="1" morerows="17" rowsep="1" valign="middle">während der gesamten Ausbildung zu vermitteln</entry></row><row><entry VJ="1" align="left" colsep="0" valign="top">b)</entry><entry VJ="1" align="left" colsep="1" valign="top">gegenseitige Rechte und Pflichten aus dem Ausbildungsvertrag nennen</entry></row><row><entry VJ="1" align="left" colsep="0" valign="top">c)</entry><entry VJ="1" align="left" colsep="1" valign="top">Möglichkeiten der beruflichen Fortbildung nennen</entry></row><row><entry VJ="1" align="left" colsep="0" valign="top">d)</entry><entry VJ="1" align="left" colsep="1" valign="top">wesentliche Teile des Arbeitsvertrages nennen</entry></row><row rowsep="1"><entry VJ="1" align="left" colsep="0" valign="top">e)</entry><entry VJ="1" align="left" colsep="1" valign="top">wesentliche Bestimmungen der für den ausbildenden Betrieb geltenden Tarifverträge nennen</entry></row><row><entry VJ="1" align="right" colsep="1" morerows="3" rowsep="1" valign="top">2</entry><entry VJ="1" align="left" colsep="1" morerows="3" rowsep="1" valign="top">Aufbau und Organisation des Ausbildungs-betriebes (§ 4 Nr. 2)</entry><entry VJ="1" align="left" colsep="0" valign="top">a)</entry><entry VJ="1" align="left" colsep="1" valign="top">Aufbau und Aufgaben des ausbildenden Betriebes erläutern</entry></row><row><entry VJ="1" align="left" colsep="0" valign="top">b)</entry><entry VJ="1" align="left" colsep="1" valign="top">Grundfunktionen des ausbildenden Betriebes wie Beschaffung, Fertigung, Absatz und Verwaltung erklären</entry></row><row><entry VJ="1" align="left" colsep="0" valign="top">c)</entry><entry VJ="1" align="left" colsep="1" valign="top">Beziehungen des ausbildenden Betriebes und seiner Beschäftigten zu Wirtschaftsorganisationen, Berufsvertretungen und Gewerkschaften nennen</entry></row><row rowsep="1"><entry VJ="1" align="left" colsep="0" valign="top">d)</entry><entry VJ="1" align="left" colsep="1" valign="top">Grundlagen, Aufgaben und Arbeitsweise der betriebsverfassungs-oder personalvertretungsrechtlichen Organe des ausbildenden Betriebes beschreiben</entry></row><row><entry VJ="1" align="right" colsep="1" morerows="3" rowsep="1" valign="top">3</entry><entry VJ="1" align="left" colsep="1" morerows="3" rowsep="1" valign="top">Sicherheit und Gesundheitsschutz bei der Arbeit (§ 4 Nr. 3)</entry><entry VJ="1" align="left" colsep="0" valign="top">a)</entry><entry VJ="1" align="left" colsep="1" valign="top">Gefährdung von Sicherheit und Gesundheit am Arbeitsplatz feststellen und Maßnahmen zu ihrer Vermeidung ergreifen</entry></row><row><entry VJ="1" align="left" colsep="0" valign="top">b)</entry><entry VJ="1" align="left" colsep="1" valign="top">berufsbezogene Arbeitsschutz- und Unfallverhütungsvorschriften anwenden</entry></row><row><entry VJ="1" align="left" colsep="0" valign="top">c)</entry><entry VJ="1" align="left" colsep="1" valign="top">Verhaltensweisen bei Unfällen beschreiben sowie erste Maßnahmen einleiten</entry></row><row rowsep="1"><entry VJ="1" align="left" colsep="0" valign="top">d)</entry><entry VJ="1" align="left" colsep="1" valign="top">Vorschriften des vorbeugenden Brandschutzes anwenden; Verhaltensweisen bei Bränden beschreiben und Maßnahmen zur Brandbekämpfung ergreifen</entry></row><row rowsep="1"><entry VJ="1" align="right" colsep="1" morerows="4" valign="top">4</entry><entry VJ="1" align="left" colsep="1" morerows="4" valign="top">Umweltschutz (§ 4 Nr. 4)</entry><entry VJ="1" align="left" colsep="1" nameend="col4" namest="col3" rowsep="0" valign="top">Zur Vermeidung betriebsbedingter Umweltbelastungen im beruflichen Einwirkungsbereich beitragen, insbesondere</entry></row><row><entry VJ="1" align="left" colsep="0" valign="top">a)</entry><entry VJ="1" align="left" colsep="1" valign="top">mögliche Umweltbelastungen durch den Ausbildungsbetrieb und seinen Beitrag zum Umweltschutz an Beispielen erklären</entry></row><row><entry VJ="1" align="left" colsep="0" valign="top">b)</entry><entry VJ="1" align="left" colsep="1" valign="top">für den Ausbildungsbetrieb geltende Regelungen des Umweltschutzes anwenden</entry></row><row><entry VJ="1" align="left" colsep="0" valign="top">c)</entry><entry VJ="1" align="left" colsep="1" valign="top">Möglichkeiten der wirtschaftlichen und umweltschonenden Energie- und Materialverwendung nutzen</entry></row><row rowsep="1"><entry VJ="1" align="left" colsep="0" valign="top">d)</entry><entry VJ="1" align="left" colsep="1" valign="top">Abfälle vermeiden; Stoffe und Materialien einer umweltschonenden Entsorgung zuführen</entry></row><row><entry VJ="1" align="right" colsep="1" morerows="1" rowsep="1" valign="top">5</entry><entry VJ="1" align="left" colsep="1" morerows="1" rowsep="1" valign="top">Zuordnen und Handhaben von Werk-, Betriebs- und Hilfsstoffen (§ 4 Nr. 5)</entry><entry VJ="1" align="left" colsep="0" valign="top">a)</entry><entry VJ="1" align="left" colsep="1" valign="top">Werkstoffe identifizieren und nach Verwendungszweck unterscheiden</entry><entry VJ="1" align="center" colsep="1" morerows="1" rowsep="1" valign="middle">4</entry></row><row rowsep="1"><entry VJ="1" align="left" colsep="0" valign="top">b)</entry><entry VJ="1" align="left" colsep="1" valign="top">Betriebs- und Hilfsstoffe unter Beachtung der Sicherheitsvorschriften auswählen und verwenden</entry></row><row><entry VJ="1" align="right" colsep="1" morerows="6" rowsep="1" valign="top">6</entry><entry VJ="1" align="left" colsep="1" morerows="6" rowsep="1" valign="top">Betriebliche und technische Kommunikation (§ 4 Nr. 6)</entry><entry VJ="1" align="left" colsep="0" valign="top">a)</entry><entry VJ="1" align="left" colsep="1" valign="top">Informationen beschaffen, aufbereiten und bewerten</entry><entry VJ="1" align="center" colsep="1" morerows="6" rowsep="1" valign="middle">8</entry></row><row><entry VJ="1" align="left" colsep="0" valign="top">b)</entry><entry VJ="1" align="left" colsep="1" valign="top">technische Unterlagen und Grundbegriffe der Normung anwenden</entry></row><row><entry VJ="1" align="left" colsep="0" valign="top">c)</entry><entry VJ="1" align="left" colsep="1" valign="top">Skizzen erstellen</entry></row><row><entry VJ="1" align="left" colsep="0" valign="top">d)</entry><entry VJ="1" align="left" colsep="1" valign="top">produktionstechnische Daten nutzen, Arbeitsergebnisse dokumentieren</entry></row><row><entry VJ="1" align="left" colsep="0" valign="top">e)</entry><entry VJ="1" align="left" colsep="1" valign="top">betriebliche Vorschriften beachten</entry></row><row><entry VJ="1" align="left" colsep="0" valign="top">f)</entry><entry VJ="1" align="left" colsep="1" valign="top">Informations- und Kommunikationstechniken anwenden</entry></row><row rowsep="1"><entry VJ="1" align="left" colsep="0" valign="top">g)</entry><entry VJ="1" align="left" colsep="1" valign="top">Daten eingeben, sichern und pflegen, Vorschriften zum Datenschutz beachten</entry></row><row><entry VJ="1" align="right" colsep="1" morerows="2" rowsep="1" valign="top">7</entry><entry VJ="1" align="left" colsep="1" morerows="2" rowsep="1" valign="top">Planen und Vorbereiten von Arbeitsabläufen (§ 4 Nr. 7)</entry><entry VJ="1" align="left" colsep="0" valign="top">a)</entry><entry VJ="1" align="left" colsep="1" valign="top">Auftragsunterlagen prüfen, Auftragsziele im eigenen Arbeitsbereich festlegen</entry><entry VJ="1" align="center" colsep="1" morerows="2" rowsep="1" valign="middle">4</entry></row><row><entry VJ="1" align="left" colsep="0" valign="top">b)</entry><entry VJ="1" align="left" colsep="1" valign="top">Werk-, Betriebs- und Hilfsstoffe sowie Werkzeuge auswählen</entry></row><row rowsep="1"><entry VJ="1" align="left" colsep="0" valign="top">c)</entry><entry VJ="1" align="left" colsep="1" valign="top">Arbeitsplatz nach ergonomischen und sicherheitsrelevanten Gesichtspunkte einrichten</entry></row><row><entry VJ="1" align="right" colsep="1" morerows="3" rowsep="1" valign="top">8</entry><entry VJ="1" align="left" colsep="1" morerows="3" rowsep="1" valign="top">Prüfen (§ 4 Nr. 8)</entry><entry VJ="1" align="left" colsep="0" valign="top">a)</entry><entry VJ="1" align="left" colsep="1" valign="top">Prüfverfahren und -mittel nach Verwendungszweck auswählen</entry><entry VJ="1" align="center" colsep="1" morerows="3" rowsep="1" valign="middle">6</entry></row><row><entry VJ="1" align="left" colsep="0" valign="top">b)</entry><entry VJ="1" align="left" colsep="1" valign="top">Prüfungen unter Berücksichtigung von Vorgaben und Toleranzen durchführen</entry></row><row><entry VJ="1" align="left" colsep="0" valign="top">c)</entry><entry VJ="1" align="left" colsep="1" valign="top">Prüfergebnisse dokumentieren und bewerten</entry></row><row rowsep="1"><entry VJ="1" align="left" colsep="0" valign="top">d)</entry><entry VJ="1" align="left" colsep="1" valign="top">Korrekturmaßnahmen einleiten</entry></row><row><entry VJ="1" align="right" colsep="1" morerows="3" rowsep="1" valign="top">9</entry><entry VJ="1" align="left" colsep="1" morerows="3" rowsep="1" valign="top">Branchenspezifische Fertigungstechniken (§ 4 Nr. 9)</entry><entry VJ="1" align="left" colsep="0" valign="top">a)</entry><entry VJ="1" align="left" colsep="1" valign="top">manuelle und maschinelle Fertigungstechniken unterscheiden und auswählen</entry><entry VJ="1" align="center" colsep="1" morerows="6" rowsep="1" valign="middle">22</entry></row><row><entry VJ="1" align="left" colsep="0" valign="top">b)</entry><entry VJ="1" align="left" colsep="1" valign="top">branchenspezifische Fertigungstechniken anwenden</entry></row><row><entry VJ="1" align="left" colsep="0" valign="top">c)</entry><entry VJ="1" align="left" colsep="1" valign="top">Werkstoffe auswählen und nach technischen Unterlagen bearbeiten</entry></row><row rowsep="1"><entry VJ="1" align="left" colsep="0" valign="top">d)</entry><entry VJ="1" align="left" colsep="1" valign="top">Arbeitsergebnisse prüfen, dokumentieren und bewerten</entry></row><row><entry VJ="1" align="right" colsep="1" morerows="1" rowsep="1" valign="top">10</entry><entry VJ="1" align="left" colsep="1" morerows="1" rowsep="1" valign="top">Steuerungs- und Regelungstechnik (§ 4 Nr. 10)</entry><entry VJ="1" align="left" colsep="0" valign="top">a)</entry><entry VJ="1" align="left" colsep="1" valign="top">Methoden des Steuerns und Regelns unterscheiden</entry></row><row rowsep="1"><entry VJ="1" align="left" colsep="0" valign="top">b)</entry><entry VJ="1" align="left" colsep="1" valign="top">Überwachungseinrichtungen nach Aufbau und Funktion unterscheiden</entry></row><row rowsep="1"><entry VJ="1" align="right" colsep="1" valign="top">11</entry><entry VJ="1" align="left" colsep="1" valign="top">Einrichten und Bedienen von Produktionsanlagen (§ 4 Nr. 11)</entry><entry VJ="1" align="left" colsep="1" nameend="col4" namest="col3" valign="top">Produktionsmaschinen und -anlagen hinsichtlich der Funktion und des Einsatzes unterscheiden</entry></row><row><entry VJ="1" align="right" colsep="1" morerows="1" rowsep="1" valign="top">12</entry><entry VJ="1" align="left" colsep="1" morerows="1" rowsep="1" valign="top">Steuern des Materialflusses (§ 4 Nr. 12)</entry><entry VJ="1" align="left" colsep="0" valign="top">a)</entry><entry VJ="1" align="left" colsep="1" valign="top">Werk-, Betriebs- und Hilfsstoffe sowie Produkte transportieren und lagern</entry><entry VJ="1" align="center" colsep="1" morerows="1" rowsep="1" valign="middle">2</entry></row><row rowsep="1"><entry VJ="1" align="left" colsep="0" valign="top">b)</entry><entry VJ="1" align="left" colsep="1" valign="top">Wert- und Reststoffe sammeln, trennen und lagern</entry></row><row rowsep="1"><entry VJ="1" align="right" colsep="1" valign="top">13</entry><entry VJ="1" align="left" colsep="1" valign="top">Warten und Inspizieren von Maschinen und Anlagen (§ 4 Nr. 13)</entry><entry VJ="1" align="left" colsep="1" nameend="col4" namest="col3" valign="top">Werkzeuge, Maschinen und Anlagen nach Vorgaben kontrollieren und warten</entry><entry VJ="1" align="center" colsep="1" valign="middle">4</entry></row><row rowsep="1"><entry VJ="1" align="right" colsep="1" valign="top">14</entry><entry VJ="1" align="left" colsep="1" valign="top">Durchführen von qualitätssichernden Maßnahmen (§ 4 Nr. 14)</entry><entry VJ="1" align="left" colsep="1" nameend="col4" namest="col3" valign="top">Aufgaben und Ziele von qualitätssichernden Maßnahmen unterscheiden</entry><entry VJ="1" align="center" colsep="1" valign="middle">2</entry></row></tbody></tgroup></table><BR/><BR/><table frame="bottom" tocentry="%yes;"><tgroup align="left" char="" charoff="50" cols="5"><colspec colname="col1" colwidth="5.00*"/><colspec colname="col2" colwidth="30.00*"/><colspec colname="col3" colwidth="5.00*"/><colspec colname="col4" colwidth="60.00*"/><colspec colname="col5" colwidth="10.00*"/><thead valign="bottom"><row><entry VJ="1" nameend="col5" namest="col1" rowsep="0" valign="top"><B>II. Berufliche Fachbildung - 2. Ausbildungsjahr -</B></entry></row></thead><tbody valign="top"><row><entry VJ="1" nameend="col5" namest="col1">A. Schwerpunkt: Metall- und Kunststofftechnik</entry></row><row><entry VJ="1" align="center">Lfd. Nr.</entry><entry VJ="1" align="center">Teil des Ausbildungsberufsbildes</entry><entry VJ="1" align="center" nameend="col4" namest="col3">Zu vermittelnde Fertigkeiten und Kenntnisse</entry><entry VJ="1" align="center">Zeitliche Richtwerte in Wochen im 2. Ausbildungsjahr</entry></row><row><entry VJ="1" align="center">1</entry><entry VJ="1" align="center">2</entry><entry VJ="1" align="center" nameend="col4" namest="col3">3</entry><entry VJ="1" align="center">4</entry></row><row><entry VJ="1" align="right" morerows="1">1</entry><entry VJ="1" morerows="1">Zuordnen und Handhaben von Werk-, Betriebs- und Hilfsstoffen (§ 4 Nr. 5)</entry><entry VJ="1" colsep="0" rowsep="0">a)</entry><entry VJ="1" rowsep="0">Werkstoffeigenschaften und deren Veränderungen beurteilen und Werkstoffe nach ihrem Verwendungszweck auswählen und handhaben</entry><entry VJ="1" align="center" morerows="4" valign="middle">8</entry></row><row><entry VJ="1" colsep="0">b)</entry><entry VJ="1">Hilfsstoffe ihrer Verwendung nach zuordnen, nach Vorschriften einsetzen und fachgerecht entsorgen</entry></row><row><entry VJ="1" align="right" morerows="2">2</entry><entry VJ="1" morerows="2">Planen und Vorbereiten von Arbeitsabläufen (§ 4 Nr. 7)</entry><entry VJ="1" colsep="0" rowsep="0">a)</entry><entry VJ="1" rowsep="0">Arbeitsabläufe und Teilaufgaben unter Beachtung wirtschaftlicher und terminlicher Vorgaben planen</entry></row><row><entry VJ="1" colsep="0" rowsep="0">b)</entry><entry VJ="1" rowsep="0">Arbeitsabläufe mit vor- und nachgelagerten Bereichen abstimmen</entry></row><row><entry VJ="1" colsep="0">c)</entry><entry VJ="1">Werkzeuge und Materialien auswählen</entry></row><row><entry VJ="1" align="right" morerows="4">3</entry><entry VJ="1" morerows="4">Branchenspezifische Fertigungstechniken (§ 4 Nr. 9)</entry><entry VJ="1" colsep="0" rowsep="0">a)</entry><entry VJ="1" rowsep="0">Anforderungen an die zu fertigenden Produkte berücksichtigen</entry><entry VJ="1" align="center" morerows="5" valign="middle">18</entry></row><row><entry VJ="1" colsep="0" rowsep="0">b)</entry><entry VJ="1" rowsep="0">Bauteile, insbesondere durch Fügen, Spanen und Umformen, herstellen</entry></row><row><entry VJ="1" colsep="0" rowsep="0">c)</entry><entry VJ="1" rowsep="0">Baugruppen nach technischen Unterlagen montieren und demontieren</entry></row><row><entry VJ="1" colsep="0" rowsep="0">d)</entry><entry VJ="1" rowsep="0">Maß-, Form- und Lagetoleranzen sowie Oberflächenbeschaffenheit zuordnen</entry></row><row><entry VJ="1" colsep="0">e)</entry><entry VJ="1">Werkzeuge unter Berücksichtigung der Verfahren, der Werkstoffe und der Schneidengeometrie auswählen sowie Technologiedaten ermitteln und einstellen</entry></row><row><entry VJ="1" align="right">4</entry><entry VJ="1">Steuerungs- und Regelungstechnik (§ 4 Nr. 10)</entry><entry VJ="1" nameend="col4" namest="col3">Steuerungs- und Regelungseinrichtungen an Maschinen und Anlagen unter Beachtung der Sicherheitsvorschriften bedienen</entry></row><row><entry VJ="1" align="right" morerows="7">5</entry><entry VJ="1" morerows="7">Einrichten und Bedienen von Produktionsanlagen (§ 4 Nr. 11)</entry><entry VJ="1" colsep="0" rowsep="0">a)</entry><entry VJ="1" rowsep="0">Produktionsmaschinen und -anlagen nach Vorgaben rüsten und umrüsten</entry><entry VJ="1" align="center" morerows="7" valign="middle">18</entry></row><row><entry VJ="1" colsep="0" rowsep="0">b)</entry><entry VJ="1" rowsep="0">Prozessdaten einstellen und optimieren</entry></row><row><entry VJ="1" colsep="0" rowsep="0">c)</entry><entry VJ="1" rowsep="0">Maschinen und Anlagen unter Berücksichtigung der Sicherheitsbestimmungen in Betrieb nehmen</entry></row><row><entry VJ="1" colsep="0" rowsep="0">d)</entry><entry VJ="1" rowsep="0">Produktionsprozesse nach Verfahrensparametern überwachen</entry></row><row><entry VJ="1" colsep="0" rowsep="0">e)</entry><entry VJ="1" rowsep="0">Störungen und Abweichungen sowie deren Ursachen feststellen, beseitigen und Beseitigung veranlassen</entry></row><row><entry VJ="1" colsep="0" rowsep="0">f)</entry><entry VJ="1" rowsep="0">Arbeits- und Bewegungsabläufe im Arbeitsbereich optimieren</entry></row><row><entry VJ="1" colsep="0" rowsep="0">g)</entry><entry VJ="1" rowsep="0">Produktionsabläufe durch Eingriff in die Prozesskette sichern</entry></row><row><entry VJ="1" colsep="0">h)</entry><entry VJ="1">Maschinen und Anlagen übergeben, dabei über Produktionsprozess, Produktionsstand sowie Veränderungen im Produktionsablauf informieren, Übergabe dokumentieren</entry></row><row><entry VJ="1" align="right" morerows="1">6</entry><entry VJ="1" morerows="1">Steuern des Materialflusses (§ 4 Nr. 12)</entry><entry VJ="1" colsep="0" rowsep="0">a)</entry><entry VJ="1" rowsep="0">Materialfluss im eigenen Arbeitsbereich überwachen und sicherstellen</entry><entry VJ="1" align="center" morerows="1" valign="middle">2</entry></row><row><entry VJ="1" colsep="0">b)</entry><entry VJ="1">Störungen im Materialfluss feststellen und beseitigen, Materialfluss optimieren</entry></row><row><entry VJ="1" align="right" morerows="2">7</entry><entry VJ="1" morerows="2">Warten und Inspizieren von Maschinen und Anlagen (§ 4 Nr. 13)</entry><entry VJ="1" colsep="0" rowsep="0">a)</entry><entry VJ="1" rowsep="0">Betriebsbereitschaft durch Warten und Inspizieren sicherstellen</entry><entry VJ="1" align="center" morerows="2" valign="middle">4</entry></row><row><entry VJ="1" colsep="0" rowsep="0">b)</entry><entry VJ="1" rowsep="0">Verschleißteile austauschen und deren Austausch veranlassen</entry></row><row><entry VJ="1" colsep="0">c)</entry><entry VJ="1">instand gesetzte Maschinen und Anlagen auf Betriebsbereitschaft prüfen und in Betrieb nehmen</entry></row><row><entry VJ="1" align="right" morerows="2">8</entry><entry VJ="1" morerows="2">Durchführen von qualitätssichernden Maßnahmen (§ 4 Nr. 14)</entry><entry VJ="1" colsep="0" rowsep="0">a)</entry><entry VJ="1" rowsep="0">Ursachen von Qualitätsabweichungen feststellen, Korrekturmaßnahmen einleiten</entry><entry VJ="1" align="center" morerows="2" valign="middle">2</entry></row><row><entry VJ="1" colsep="0" rowsep="0">b)</entry><entry VJ="1" rowsep="0">zur kontinuierlichen Verbesserung von Arbeitsvorgängen im eigenen Arbeitsbereich beitragen</entry></row><row><entry VJ="1" colsep="0">c)</entry><entry VJ="1">Arbeiten kundenorientiert durchführen</entry></row><row><entry VJ="1" nameend="col5" namest="col1"><BR/><BR/>B. Schwerpunkt: Textiltechnik</entry></row><row><entry VJ="1" align="right" morerows="2">1</entry><entry VJ="1" morerows="2">Zuordnen und Handhaben von Werk-, Betriebs- und Hilfsstoffen (§ 4 Nr. 5)</entry><entry VJ="1" colsep="0" rowsep="0">a)</entry><entry VJ="1" rowsep="0">Mustervorlagen analysieren, Konstruktionstechniken und Produktmerkmale bestimmen</entry><entry VJ="1" align="center" morerows="4" valign="middle">10</entry></row><row><entry VJ="1" colsep="0" rowsep="0">b)</entry><entry VJ="1" rowsep="0">Faden- und Flächenkonstruktionen normgerecht darstellen, insbesondere Bindungen und Bindungselemente</entry></row><row><entry VJ="1" colsep="0">c)</entry><entry VJ="1">Auswirkungen von Fasereigenschaften auf Produktionsprozesse der Faden-und Flächenerzeugung darstellen</entry></row><row><entry VJ="1" align="right" morerows="1">2</entry><entry VJ="1" morerows="1">Planen und Vorbereiten von Arbeitsabläufen (§ 4 Nr. 7)</entry><entry VJ="1" colsep="0" rowsep="0">a)</entry><entry VJ="1" rowsep="0">Arbeitsabläufe und Teilaufgaben unter Beachtung wirtschaftlicher und terminlicher Vorgaben planen</entry></row><row><entry VJ="1" colsep="0">b)</entry><entry VJ="1">Arbeitsabläufe mit vor- und nachgelagerten Bereichen abstimmen</entry></row><row><entry VJ="1" align="right" morerows="2">3</entry><entry VJ="1" morerows="2">Branchenspezifische Fertigungstechniken (§ 4 Nr. 9)</entry><entry VJ="1" colsep="0" rowsep="0">a)</entry><entry VJ="1" rowsep="0">technische Patronen oder Schablonen auf technische Durchführbarkeit prüfen oder Konstruktionstechniken für die Faden- und Flächenerzeugung anwenden</entry><entry VJ="1" align="center" morerows="4" valign="middle">16</entry></row><row><entry VJ="1" colsep="0" rowsep="0">b)</entry><entry VJ="1" rowsep="0">Techniken zum Verändern von Oberflächenstrukturen und von Produkteigenschaften anwenden</entry></row><row><entry VJ="1" colsep="0">c)</entry><entry VJ="1">technische Vorgaben produktionstechnisch umsetzen</entry></row><row><entry VJ="1" align="right" morerows="1">4</entry><entry VJ="1" morerows="1">Steuerungs- und Regelungstechnik (§ 4 Nr. 10)</entry><entry VJ="1" colsep="0" rowsep="0">a)</entry><entry VJ="1" rowsep="0">Steuerungs- und Regelungseinrichtungen an Maschinen und Anlagen unter Beachtung der Sicherheitsvorschriften bedienen</entry></row><row><entry VJ="1" colsep="0">b)</entry><entry VJ="1">Änderungen von Produkteigenschaften an Maschinen und Anlagen steuern</entry></row><row><entry VJ="1" align="right" morerows="8">5</entry><entry VJ="1" morerows="8">Einrichten und Bedienen von Produktionsanlagen (§ 4 Nr. 11)</entry><entry VJ="1" colsep="0" rowsep="0">a)</entry><entry VJ="1" rowsep="0">Produktionsmaschinen und -anlagen nach Vorgaben rüsten und umrüsten</entry><entry VJ="1" align="center" morerows="8" valign="middle">18</entry></row><row><entry VJ="1" colsep="0" rowsep="0">b)</entry><entry VJ="1" rowsep="0">Mehrstellenarbeit rationell organisieren</entry></row><row><entry VJ="1" colsep="0" rowsep="0">c)</entry><entry VJ="1" rowsep="0">Musterungs- oder Verfestigungssysteme prüfen und korrigieren</entry></row><row><entry VJ="1" colsep="0" rowsep="0">d)</entry><entry VJ="1" rowsep="0">Warenausfall prüfen und optimieren</entry></row><row><entry VJ="1" colsep="0" rowsep="0">e)</entry><entry VJ="1" rowsep="0">Prozessdaten einstellen und optimieren</entry></row><row><entry VJ="1" colsep="0" rowsep="0">f)</entry><entry VJ="1" rowsep="0">Maschinen und Anlagen unter Berücksichtigung der Sicherheitsbestimmungen in Betrieb nehmen</entry></row><row><entry VJ="1" colsep="0" rowsep="0">g)</entry><entry VJ="1" rowsep="0">Produktionsprozesse nach Verfahrensparametern überwachen</entry></row><row><entry VJ="1" colsep="0" rowsep="0">h)</entry><entry VJ="1" rowsep="0">Störungen und Abweichungen sowie deren Ursachen feststellen, beseitigen und Beseitigung veranlassen</entry></row><row><entry VJ="1" colsep="0">i)</entry><entry VJ="1">Maschinen und Anlagen übergeben, dabei über Produktionsprozess, Produktionsstand sowie Veränderungen im Produktionsablauf informieren, Übergabe dokumentieren</entry></row><row><entry VJ="1" align="right" morerows="1">6</entry><entry VJ="1" morerows="1">Steuern des Materialflusses (§ 4 Nr. 12)</entry><entry VJ="1" colsep="0" rowsep="0">a)</entry><entry VJ="1" rowsep="0">Materialfluss im eigenen Arbeitsbereich überwachen und sicherstellen</entry><entry VJ="1" align="center" morerows="1" valign="middle">2</entry></row><row><entry VJ="1" colsep="0">b)</entry><entry VJ="1">Störungen im Materialfluss feststellen und beseitigen, Materialfluss optimieren</entry></row><row><entry VJ="1" align="right" morerows="1">7</entry><entry VJ="1" morerows="1">Warten und Inspizieren von Maschinen und Anlagen (§ 4 Nr. 13)</entry><entry VJ="1" colsep="0" rowsep="0">a)</entry><entry VJ="1" rowsep="0">Austausch von Verschleißteilen im Rahmen der vorbeugenden Instandhaltung durchführen und veranlassen</entry><entry VJ="1" align="center" morerows="1" valign="middle">4</entry></row><row><entry VJ="1" colsep="0">b)</entry><entry VJ="1">instand gesetzte Maschinen und Anlagen auf Betriebsbereitschaft prüfen und in Betrieb nehmen</entry></row><row><entry VJ="1" align="right" morerows="3">8</entry><entry VJ="1" morerows="3">Durchführen von qualitätssichernden Maßnahmen (§ 4 Nr. 14)</entry><entry VJ="1" colsep="0" rowsep="0">a)</entry><entry VJ="1" rowsep="0">Ursachen von produktspezifischen Qualitätsabweichungen feststellen, Korrekturmaßnahmen einleiten</entry><entry VJ="1" align="center" morerows="3" valign="middle">2</entry></row><row><entry VJ="1" colsep="0" rowsep="0">b)</entry><entry VJ="1" rowsep="0">zur kontinuierlichen Verbesserung von Arbeitsvorgängen im eigenen Arbeitsbereich beitragen</entry></row><row><entry VJ="1" colsep="0" rowsep="0">c)</entry><entry VJ="1" rowsep="0">Arbeiten kundenorientiert durchführen</entry></row><row><entry VJ="1" colsep="0">d)</entry><entry VJ="1">produktions- und instandsetzungstechnische Daten dokumentieren</entry></row><row><entry VJ="1" nameend="col5" namest="col1"><BR/><BR/>C. Schwerpunkt: Textilveredelung</entry></row><row><entry VJ="1" align="right" morerows="2">1</entry><entry VJ="1" morerows="2">Zuordnen und Handhaben von Werk-, Betriebs- und Hilfsstoffen (§ 4 Nr. 5)</entry><entry VJ="1" colsep="0" rowsep="0">a)</entry><entry VJ="1" rowsep="0">Arbeitsstoffe handhaben, insbesondere Chemikalien, Farb- und Textil-hilfsmittel gemäß den Rezepturvorgaben zusammenstellen</entry><entry VJ="1" align="center" morerows="7" valign="middle">10</entry></row><row><entry VJ="1" colsep="0" rowsep="0">b)</entry><entry VJ="1" rowsep="0">Lösungen ansetzen, Flüssigkeiten prüfen</entry></row><row><entry VJ="1" colsep="0">c)</entry><entry VJ="1">Arbeitsstoffe unter Beachtung von Sicherheitsbestimmungen des Arbeitsund Umweltschutzes einsetzen, kennzeichnen und für die Rückgewinnung, Wiederverwertung und Entsorgung lagern</entry></row><row><entry VJ="1" align="right" morerows="4">2</entry><entry VJ="1" morerows="4">Planen und Vorbereiten von Arbeitsabläufen (§ 4 Nr. 7)</entry><entry VJ="1" colsep="0" rowsep="0">a)</entry><entry VJ="1" rowsep="0">Arbeitsabläufe und Teilaufgaben unter Beachtung wirtschaftlicher und terminlicher Vorgaben planen</entry></row><row><entry VJ="1" colsep="0" rowsep="0">b)</entry><entry VJ="1" rowsep="0">Arbeitsabläufe mit vor- und nachgelagerten Bereichen abstimmen</entry></row><row><entry VJ="1" colsep="0" rowsep="0">c)</entry><entry VJ="1" rowsep="0">Textilveredelungsverfahren und verfahrenstechnische Zusammenhänge der verschiedenen Produktionsbereiche unterscheiden</entry></row><row><entry VJ="1" colsep="0" rowsep="0">d)</entry><entry VJ="1" rowsep="0">Rezeptur- und Ansatzberechnungen durchführen</entry></row><row><entry VJ="1" colsep="0">e)</entry><entry VJ="1">Techniken zum Verändern von Oberflächenstrukturen und von Produkteigenschaften anwenden</entry></row><row><entry VJ="1" align="right" morerows="2">3</entry><entry VJ="1" morerows="2">Branchenspezifische Fertigungstechniken (§ 4 Nr. 9)</entry><entry VJ="1" colsep="0" rowsep="0">a)</entry><entry VJ="1" rowsep="0">Sekundäranlagen unterscheiden und bedienen</entry><entry VJ="1" align="center" morerows="4" valign="middle">16</entry></row><row><entry VJ="1" colsep="0" rowsep="0">b)</entry><entry VJ="1" rowsep="0">Wasser, Wärmeträger und Energiearten prozessbezogen einsetzen</entry></row><row><entry VJ="1" colsep="0">c)</entry><entry VJ="1">Kennzeichnung von Rohrleitungssystemen unterscheiden</entry></row><row><entry VJ="1" align="right" morerows="1">4</entry><entry VJ="1" morerows="1">Steuerungs- und Regelungstechnik (§ 4 Nr. 10)</entry><entry VJ="1" colsep="0" rowsep="0">a)</entry><entry VJ="1" rowsep="0">Steuerungs- und Regelungseinrichtungen an Maschinen und Anlagen unter Beachtung der Sicherheitsvorschriften bedienen</entry></row><row><entry VJ="1" colsep="0">b)</entry><entry VJ="1">Änderungen von Produkteigenschaften an Maschinen und Anlagen steuern</entry></row><row><entry VJ="1" align="right" morerows="7">5</entry><entry VJ="1" morerows="7">Einrichten und Bedienen von Produktionsanlagen (§ 4 Nr. 11)</entry><entry VJ="1" colsep="0" rowsep="0">a)</entry><entry VJ="1" rowsep="0">Produktionsmaschinen und -anlagen nach Vorgaben rüsten und umrüsten</entry><entry VJ="1" align="center" morerows="7" valign="middle">18</entry></row><row><entry VJ="1" colsep="0" rowsep="0">b)</entry><entry VJ="1" rowsep="0">Veredelungsmittel unter Berücksichtigung von Sicherheitsregeln und Umweltschutzauflagen einsetzen</entry></row><row><entry VJ="1" colsep="0" rowsep="0">c)</entry><entry VJ="1" rowsep="0">Veredelungseffekte prüfen und bei Bedarf nachstellen</entry></row><row><entry VJ="1" colsep="0" rowsep="0">d)</entry><entry VJ="1" rowsep="0">Prozessdaten einstellen und optimieren</entry></row><row><entry VJ="1" colsep="0" rowsep="0">e)</entry><entry VJ="1" rowsep="0">Maschinen und Anlagen unter Berücksichtigung der Sicherheitsbestimmungen in Betrieb nehmen</entry></row><row><entry VJ="1" colsep="0" rowsep="0">f)</entry><entry VJ="1" rowsep="0">Produktionsprozesse nach Verfahrensparametern überwachen, Gebrauchs- und Pflegeanforderungen berücksichtigen</entry></row><row><entry VJ="1" colsep="0" rowsep="0">g)</entry><entry VJ="1" rowsep="0">Störungen und Abweichungen sowie deren Ursachen feststellen, beseitigen und Beseitigung veranlassen</entry></row><row><entry VJ="1" colsep="0">h)</entry><entry VJ="1">Maschinen und Anlagen übergeben, dabei über Produktionsprozess, Produktionsstand sowie Veränderungen im Produktionsablauf informieren, Übergabe dokumentieren</entry></row><row><entry VJ="1" align="right" morerows="1">6</entry><entry VJ="1" morerows="1">Steuern des Materialflusses (§ 4 Nr. 12)</entry><entry VJ="1" colsep="0" rowsep="0">a)</entry><entry VJ="1" rowsep="0">Materialfluss im eigenen Arbeitsbereich überwachen und sicherstellen</entry><entry VJ="1" align="center" morerows="1" valign="middle">2</entry></row><row><entry VJ="1" colsep="0">b)</entry><entry VJ="1">Störungen im Materialfluss feststellen und beseitigen, Materialfluss optimieren</entry></row><row><entry VJ="1" align="right" morerows="1">7</entry><entry VJ="1" morerows="1">Warten und Inspizieren von Maschinen und Anlagen (§ 4 Nr. 13)</entry><entry VJ="1" colsep="0" rowsep="0">a)</entry><entry VJ="1" rowsep="0">Austausch von Verschleißteilen im Rahmen der vorbeugenden Instandhaltung durchführen und veranlassen</entry><entry VJ="1" align="center" morerows="1" valign="middle">4</entry></row><row><entry VJ="1" colsep="0">b)</entry><entry VJ="1">instand gesetzte Maschinen und Anlagen auf Betriebsbereitschaft prüfen und in Betrieb nehmen</entry></row><row><entry VJ="1" align="right" morerows="3">8</entry><entry VJ="1" morerows="3">Durchführen von qualitätssichernden Maßnahmen (§ 4 Nr. 14)</entry><entry VJ="1" colsep="0" rowsep="0">a)</entry><entry VJ="1" rowsep="0">Ursachen von veredelungsspezifischen Qualitätsabweichungen feststellen, Korrekturmaßnahmen einleiten</entry><entry VJ="1" align="center" morerows="3" valign="middle">2</entry></row><row><entry VJ="1" colsep="0" rowsep="0">b)</entry><entry VJ="1" rowsep="0">zur kontinuierlichen Verbesserung von Arbeitsvorgängen im eigenen Arbeitsbereich beitragen</entry></row><row><entry VJ="1" colsep="0" rowsep="0">c)</entry><entry VJ="1" rowsep="0">Arbeiten kundenorientiert durchführen</entry></row><row><entry VJ="1" colsep="0">d)</entry><entry VJ="1">produktions- und veredelungstechnische Daten dokumentieren</entry></row><row><entry VJ="1" nameend="col5" namest="col1"><BR/><BR/>D. Schwerpunkt: Lebensmitteltechnik</entry></row><row><entry VJ="1" align="right" morerows="1">1</entry><entry VJ="1" morerows="1">Zuordnen und Handhaben von Werk-, Betriebs- und Hilfsstoffen (§ 4 Nr. 5)</entry><entry VJ="1" colsep="0" rowsep="0">a)</entry><entry VJ="1" rowsep="0">Werkstoffeigenschaften und deren Veränderungen beurteilen und Werkstoffe nach ihrem Verwendungszweck auswählen und handhaben</entry><entry VJ="1" align="center" morerows="3" valign="middle">10</entry></row><row><entry VJ="1" colsep="0">b)</entry><entry VJ="1">Hilfsstoffe ihrer Verwendung nach zuordnen, nach Vorschriften einsetzen und fachgerecht entsorgen</entry></row><row><entry VJ="1" align="right" morerows="1">2</entry><entry VJ="1" morerows="1">Planen und Vorbereiten von Arbeitsabläufen (§ 4 Nr. 7)</entry><entry VJ="1" colsep="0" rowsep="0">a)</entry><entry VJ="1" rowsep="0">Arbeitsabläufe und Teilaufgaben unter Beachtung wirtschaftlicher und terminlicher Vorgaben planen</entry></row><row><entry VJ="1" colsep="0">b)</entry><entry VJ="1">Arbeitsabläufe mit vor- und nachgelagerten Bereichen abstimmen</entry></row><row><entry VJ="1" align="right" morerows="4">3</entry><entry VJ="1" morerows="4">Branchenspezifische Fertigungstechniken (§ 4 Nr. 9)</entry><entry VJ="1" colsep="0" rowsep="0">a)</entry><entry VJ="1" rowsep="0">Rohstoffe und Halbfabrikate bereitstellen</entry><entry VJ="1" align="center" morerows="6" valign="middle">16</entry></row><row><entry VJ="1" colsep="0" rowsep="0">b)</entry><entry VJ="1" rowsep="0">Zerkleinerungs-, Trenn- und Sortierverfahren anwenden</entry></row><row><entry VJ="1" colsep="0" rowsep="0">c)</entry><entry VJ="1" rowsep="0">Rohstoffe dosieren, wiegen und mischen</entry></row><row><entry VJ="1" colsep="0" rowsep="0">d)</entry><entry VJ="1" rowsep="0">Zwischenprodukte thermisch behandeln</entry></row><row><entry VJ="1" colsep="0">e)</entry><entry VJ="1">Produkte abfüllen und verpacken</entry></row><row><entry VJ="1" align="right" morerows="1">4</entry><entry VJ="1" morerows="1">Steuerungs- und Regelungstechnik (§ 4 Nr. 10)</entry><entry VJ="1" colsep="0" rowsep="0">a)</entry><entry VJ="1" rowsep="0">Regelkreise für Temperatur, Druck, Maschinengeschwindigkeit, Produkt-durchsatz und Konzentration überwachen</entry></row><row><entry VJ="1" colsep="0">b)</entry><entry VJ="1">Änderungen von Produkteigenschaften an Maschinen und Anlagen steuern</entry></row><row><entry VJ="1" align="right" morerows="8">5</entry><entry VJ="1" morerows="8">Einrichten und Bedienen von Produktionsanlagen (§ 4 Nr. 11)</entry><entry VJ="1" colsep="0" rowsep="0">a)</entry><entry VJ="1" rowsep="0">Koch- und Mischanlagen, Abfülllinien, Sterilisationsanlagen, Etikettier,-Pack- und Palettieranlagen rüsten und umrüsten</entry><entry VJ="1" align="center" morerows="8" valign="middle">18</entry></row><row><entry VJ="1" colsep="0" rowsep="0">b)</entry><entry VJ="1" rowsep="0">Prozessdaten einstellen und optimieren</entry></row><row><entry VJ="1" colsep="0" rowsep="0">c)</entry><entry VJ="1" rowsep="0">Maschinen und Anlagen unter Berücksichtigung der Sicherheitsbestimmungen in Betrieb nehmen</entry></row><row><entry VJ="1" colsep="0" rowsep="0">d)</entry><entry VJ="1" rowsep="0">Produktionsprozesse nach Verfahrensparametern überwachen</entry></row><row><entry VJ="1" colsep="0" rowsep="0">e)</entry><entry VJ="1" rowsep="0">Störungen und Abweichungen sowie deren Ursachen feststellen, beseitigen und Beseitigung veranlassen</entry></row><row><entry VJ="1" colsep="0" rowsep="0">f)</entry><entry VJ="1" rowsep="0">Geräte, Maschinen und Anlagen reinigen und pflegen</entry></row><row><entry VJ="1" colsep="0" rowsep="0">g)</entry><entry VJ="1" rowsep="0">Mehrwegverpackungen reinigen</entry></row><row><entry VJ="1" colsep="0" rowsep="0">h)</entry><entry VJ="1" rowsep="0">lebensmittelrechtliche Bestimmungen und Hygienevorschriften im Fertigungsprozess beachten und anwenden</entry></row><row><entry VJ="1" colsep="0">i)</entry><entry VJ="1">Maschinen und Anlagen übergeben, dabei über Produktionsprozess, Produktionsstand sowie Veränderungen im Produktionsablauf informieren, Übergabe dokumentieren</entry></row><row><entry VJ="1" align="right" morerows="1">6</entry><entry VJ="1" morerows="1">Steuern des Materialflusses (§ 4 Nr. 12)</entry><entry VJ="1" colsep="0" rowsep="0">a)</entry><entry VJ="1" rowsep="0">Materialfluss im eigenen Arbeitsbereich überwachen und sicherstellen</entry><entry VJ="1" align="center" morerows="1" valign="middle">2</entry></row><row><entry VJ="1" colsep="0">b)</entry><entry VJ="1">Störungen im Materialfluss feststellen und beseitigen, Materialfluss optimieren</entry></row><row><entry VJ="1" align="right" morerows="1">7</entry><entry VJ="1" morerows="1">Warten und Inspizieren von Maschinen und Anlagen (§ 4 Nr. 13)</entry><entry VJ="1" colsep="0" rowsep="0">a)</entry><entry VJ="1" rowsep="0">Austausch von Verschleißteilen im Rahmen der vorbeugenden Instandhaltung durchführen und veranlassen</entry><entry VJ="1" align="center" morerows="1" valign="middle">4</entry></row><row><entry VJ="1" colsep="0">b)</entry><entry VJ="1">instand gesetzte Maschinen und Anlagen auf Betriebsbereitschaft prüfen und in Betrieb nehmen</entry></row><row><entry VJ="1" align="right" morerows="3">8</entry><entry VJ="1" morerows="3">Durchführen von qualitätssichernden Maßnahmen (§ 4 Nr. 14)</entry><entry VJ="1" colsep="0" rowsep="0">a)</entry><entry VJ="1" rowsep="0">Ursachen von produktspezifischen Qualitätsabweichungen feststellen, Korrekturmaßnahmen einleiten</entry><entry VJ="1" align="center" morerows="3" valign="middle">2</entry></row><row><entry VJ="1" colsep="0" rowsep="0">b)</entry><entry VJ="1" rowsep="0">zur kontinuierlichen Verbesserung von Arbeitsvorgängen im eigenen Arbeitsbereich beitragen</entry></row><row><entry VJ="1" colsep="0" rowsep="0">c)</entry><entry VJ="1" rowsep="0">Arbeiten kundenorientiert durchführen</entry></row><row><entry VJ="1" colsep="0">d)</entry><entry VJ="1">produktions- und instandsetzungstechnische Daten dokumentieren</entry></row><row><entry VJ="1" nameend="col5" namest="col1"><BR/><BR/>E. Schwerpunkt: Druckweiter- und Papierverarbeitung</entry></row><row><entry VJ="1" align="right" morerows="1">1</entry><entry VJ="1" morerows="1">Zuordnen und Handhaben von Werk-, Betriebs- und Hilfsstoffen (§ 4 Nr. 5)</entry><entry VJ="1" colsep="0" rowsep="0">a)</entry><entry VJ="1" rowsep="0">Einfluss der Eigenschaften von Werk-, Betriebs- und Hilfsstoffen auf das Produkt berücksichtigen</entry><entry VJ="1" align="center" morerows="5" valign="middle">8</entry></row><row><entry VJ="1" colsep="0">b)</entry><entry VJ="1">Prozesse zur Veränderung von Werkstoffeigenschaften berücksichtigen</entry></row><row><entry VJ="1" align="right" morerows="3">2</entry><entry VJ="1" morerows="3">Planen und Vorbereiten von Arbeitsabläufen (§ 4 Nr. 7)</entry><entry VJ="1" colsep="0" rowsep="0">a)</entry><entry VJ="1" rowsep="0">Arbeitsabläufe und Teilaufgaben unter Beachtung wirtschaftlicher und terminlicher Vorgaben planen</entry></row><row><entry VJ="1" colsep="0" rowsep="0">b)</entry><entry VJ="1" rowsep="0">Arbeitsabläufe mit vor- und nachgelagerten Bereichen abstimmen</entry></row><row><entry VJ="1" colsep="0" rowsep="0">c)</entry><entry VJ="1" rowsep="0">Materialeinsatz planen und dokumentieren</entry></row><row><entry VJ="1" colsep="0">d)</entry><entry VJ="1">Aufgaben im Team planen und bearbeiten, Ergebnisse abstimmen und auswerten</entry></row><row><entry VJ="1" align="right" morerows="3">3</entry><entry VJ="1" morerows="3">Branchenspezifische Fertigungstechniken (§ 4 Nr. 9)</entry><entry VJ="1" colsep="0" rowsep="0">a)</entry><entry VJ="1" rowsep="0">maschinelle Techniken zum Trennen, Umformen und Verbinden von Erzeugnissen der Druckweiter- und Papierverarbeitung anwenden</entry><entry VJ="1" align="center" morerows="5" valign="middle">16</entry></row><row><entry VJ="1" colsep="0" rowsep="0">b)</entry><entry VJ="1" rowsep="0">manuelle Trenn-, Umform- und Verbindungstechniken bei der Erstellung von Verarbeitungs- und Kundenmustern aus Papier, Pappe und Kunststoffen einsetzen</entry></row><row><entry VJ="1" colsep="0" rowsep="0">c)</entry><entry VJ="1" rowsep="0">Werk-, Betriebs- und Hilfsstoffe der Druckweiter- und Papierverarbeitung produktspezifisch bereitstellen</entry></row><row><entry VJ="1" colsep="0">d)</entry><entry VJ="1">produkt- und produktionsspezifische Anforderungen der Papierherstellung und -verarbeitung bei der Auswahl der Produktionsmittel berücksichtigen</entry></row><row><entry VJ="1" align="right" morerows="1">4</entry><entry VJ="1" morerows="1">Steuerungs- und Regelungstechnik (§ 4 Nr. 10)</entry><entry VJ="1" colsep="0" rowsep="0">a)</entry><entry VJ="1" rowsep="0">Steuerungs- und Regelungseinrichtungen an Maschinen und Anlagen unter Beachtung der Sicherheitsvorschriften bedienen</entry></row><row><entry VJ="1" colsep="0">b)</entry><entry VJ="1">Änderungen von Produkteigenschaften an Maschinen und Anlagen steuern</entry></row><row><entry VJ="1" align="right" morerows="11">5</entry><entry VJ="1" morerows="11">Einrichten und Bedienen von Produktionsanlagen (§ 4 Nr. 11)</entry><entry VJ="1" colsep="0" rowsep="0">a)</entry><entry VJ="1" rowsep="0">Papierverarbeitungsmaschinen und -anlagen nach Vorgaben rüsten und umrüsten</entry><entry VJ="1" align="center" morerows="11" valign="middle">20</entry></row><row><entry VJ="1" colsep="0" rowsep="0">b)</entry><entry VJ="1" rowsep="0">Bedruckstoffe auftragsbezogen auswählen, bereitstellen und zuführen, spezifische Maschinenparameter einstellen</entry></row><row><entry VJ="1" colsep="0" rowsep="0">c)</entry><entry VJ="1" rowsep="0">Peripheriegeräte vorbereiten und einsetzen</entry></row><row><entry VJ="1" colsep="0" rowsep="0">d)</entry><entry VJ="1" rowsep="0">Muster nach Vorgaben erstellen, bei Abweichungen Parameter korrigieren</entry></row><row><entry VJ="1" colsep="0" rowsep="0">e)</entry><entry VJ="1" rowsep="0">Werkzeuge unter Berücksichtigung der Verfahren und der Werkstoffe auswählen und einstellen</entry></row><row><entry VJ="1" colsep="0" rowsep="0">f)</entry><entry VJ="1" rowsep="0">Produktion prozessbegleitend kontrollieren und überwachen</entry></row><row><entry VJ="1" colsep="0" rowsep="0">g)</entry><entry VJ="1" rowsep="0">Einhaltung von Qualitätsstandards und wirtschaftlichen Aspekten während des Produktionsprozesses sicherstellen</entry></row><row><entry VJ="1" colsep="0" rowsep="0">h)</entry><entry VJ="1" rowsep="0">Zwischenprodukte zur Weiterverarbeitung vorbereiten</entry></row><row><entry VJ="1" colsep="0" rowsep="0">i)</entry><entry VJ="1" rowsep="0">Weiterverarbeitungsaggregate vorbereiten und einsetzen</entry></row><row><entry VJ="1" colsep="0" rowsep="0">k)</entry><entry VJ="1" rowsep="0">Prozessdaten einstellen und optimieren, Produktionsdaten sichern</entry></row><row><entry VJ="1" colsep="0" rowsep="0">l)</entry><entry VJ="1" rowsep="0">Störungen und Abweichungen sowie deren Ursachen feststellen, beseitigen und Beseitigung veranlassen</entry></row><row><entry VJ="1" colsep="0">m)</entry><entry VJ="1">Maschinen und Anlagen übergeben, dabei über Produktionsprozess, Produktionsstand sowie Veränderungen im Produktionsablauf informieren, Übergabe dokumentieren</entry></row><row><entry VJ="1" align="right" morerows="1">6</entry><entry VJ="1" morerows="1">Steuern des Materialflusses (§ 4 Nr. 12)</entry><entry VJ="1" colsep="0" rowsep="0">a)</entry><entry VJ="1" rowsep="0">Materialfluss im eigenen Arbeitsbereich überwachen und sicherstellen</entry><entry VJ="1" align="center" morerows="1" valign="middle">2</entry></row><row><entry VJ="1" colsep="0">b)</entry><entry VJ="1">Störungen im Materialfluss feststellen und beseitigen, Materialfluss optimieren</entry></row><row><entry VJ="1" align="right" morerows="1">7</entry><entry VJ="1" morerows="1">Warten und Inspizieren von Maschinen und Anlagen (§ 4 Nr. 13)</entry><entry VJ="1" colsep="0" rowsep="0">a)</entry><entry VJ="1" rowsep="0">Austausch von Verschleißteilen im Rahmen der vorbeugenden Instandhaltung durchführen und veranlassen</entry><entry VJ="1" align="center" morerows="1" valign="middle">4</entry></row><row><entry VJ="1" colsep="0">b)</entry><entry VJ="1">Papierverarbeitungsmaschinen und -anlagen auf Betriebsbereitschaft prüfen und in Betrieb nehmen</entry></row><row><entry VJ="1" align="right" morerows="2">8</entry><entry VJ="1" morerows="2">Durchführen von qualitätssichernden Maßnahmen (§ 4 Nr. 14)</entry><entry VJ="1" colsep="0" rowsep="0">a)</entry><entry VJ="1" rowsep="0">Ursachen von Qualitätsabweichungen feststellen, Korrekturmaßnahmen einleiten</entry><entry VJ="1" align="center" morerows="2" valign="middle">2</entry></row><row><entry VJ="1" colsep="0" rowsep="0">b)</entry><entry VJ="1" rowsep="0">zur kontinuierlichen Verbesserung von Arbeitsvorgängen im eigenen Arbeitsbereich beitragen</entry></row><row><entry VJ="1" colsep="0">c)</entry><entry VJ="1">Arbeiten kundenorientiert durchführen</entry></row></tbody></tgroup></table></P></Content></text></textdaten></norm>
</dokumente>