<?xml version="1.0" encoding="UTF-8" ?><!DOCTYPE dokumente SYSTEM "http://www.gesetze-im-internet.de/dtd/1.01/gii-norm.dtd">
<dokumente builddate="20221231214430" doknr="BJNR243000022"><norm builddate="20221231214430" doknr="BJNR243000022"><metadaten><jurabk>InsoGeldFestV 2023</jurabk><amtabk>InsoGeldFestV 2023</amtabk><ausfertigung-datum manuell="ja">2022-12-16</ausfertigung-datum><fundstelle typ="amtlich"><periodikum>BGBl I</periodikum><zitstelle>2022, 2430</zitstelle></fundstelle><kurzue>Insolvenzgeldumlagesatzverordnung 2023</kurzue><langue>Verordnung zur Festsetzung des Umlagesatzes für das Insolvenzgeld für das Kalenderjahr 2023</langue></metadaten><textdaten><fussnoten><Content><P><BR/> <pre xml:space="preserve">(+++ Textnachweis ab: 1.1.2023 +++)<BR/><BR/></pre></P></Content></fussnoten></textdaten></norm>
<norm builddate="20221231214430" doknr="BJNR243000022BJNE000100000"><metadaten><jurabk>InsoGeldFestV 2023</jurabk><enbez>Eingangsformel</enbez></metadaten><textdaten><text format="XML"><Content><P>Auf Grund des § 361 Nummer 1 des Dritten Buches Sozialgesetzbuch <NB>– Arbeitsförderung –,</NB> der zuletzt durch Artikel 448 der Verordnung vom 31. August 2015 (BGBl. I S. 1474) geändert worden ist, in Verbindung mit § 1 Absatz 2 des Zuständigkeitsanpassungsgesetzes vom 16. August 2002 (BGBl. I S. 3165) und dem Organisationserlass vom 8. Dezember 2021 (BGBl. I S. 5176) verordnet das Bundesministerium für Arbeit und Soziales im Einvernehmen mit dem Bundesministerium der Finanzen und dem Bundesministerium für Wirtschaft und Klimaschutz:</P></Content></text></textdaten></norm>
<norm builddate="20221231214430" doknr="BJNR243000022BJNE000200000"><metadaten><jurabk>InsoGeldFestV 2023</jurabk><enbez>§ 1</enbez><titel format="XML">Umlagesatz</titel></metadaten><textdaten><text format="XML"><Content><P>Der für die Finanzierung des Insolvenzgeldes erhobene Umlagesatz nach § 358 Absatz 2 Satz 1 des Dritten Buches Sozialgesetzbuch wird für das Kalenderjahr 2023 auf 0,06 Prozent festgesetzt.</P></Content></text></textdaten></norm>
<norm builddate="20221231214430" doknr="BJNR243000022BJNE000300000"><metadaten><jurabk>InsoGeldFestV 2023</jurabk><enbez>§ 2</enbez><titel format="XML">Inkrafttreten</titel></metadaten><textdaten><text format="XML"><Content><P>Diese Verordnung tritt am 1. Januar 2023 in Kraft.</P></Content></text></textdaten></norm>
<norm builddate="20221231214430" doknr="BJNR243000022BJNE000400000"><metadaten><jurabk>InsoGeldFestV 2023</jurabk><enbez>Schlussformel</enbez></metadaten><textdaten><text format="XML"><Content><P>Der Bundesrat hat zugestimmt.</P></Content></text></textdaten></norm>
</dokumente>