<?xml version="1.0" encoding="UTF-8" ?><!DOCTYPE dokumente SYSTEM "http://www.gesetze-im-internet.de/dtd/1.01/gii-norm.dtd">
<dokumente builddate="20210615213152" doknr="BJNR112300016"><norm builddate="20210615213152" doknr="BJNR112300016"><metadaten><jurabk>RSMAusbV</jurabk><amtabk>RSMAusbV</amtabk><ausfertigung-datum manuell="ja">2016-05-03</ausfertigung-datum><fundstelle typ="amtlich"><periodikum>BGBl I</periodikum><zitstelle>2016, 1123</zitstelle></fundstelle><kurzue>Rollladen- und Sonnenschutzmechatronikerausbildungsverordnung</kurzue><langue>Verordnung über die Berufsausbildung zum Rollladen- und Sonnenschutzmechatroniker und zur Rollladen- und Sonnenschutzmechatronikerin<FnR ID="F794004_01_BJNR112300016"/></langue></metadaten><textdaten><text format="XML"><Footnotes><Footnote FnZ="*" Group="column" ID="F794004_01_BJNR112300016" Pos="normal"><noindex>Diese Rechtsverordnung ist eine Ausbildungsordnung im Sinne des § 25 der Handwerksordnung. Die Ausbildungsordnung und der damit abgestimmte, von der Ständigen Konferenz der Kultusminister der Länder in der Bundesrepublik Deutschland beschlossene Rahmenlehrplan für die Berufsschule werden demnächst im amtlichen Teil des Bundesanzeigers veröffentlicht.</noindex></Footnote></Footnotes></text><fussnoten><Content><P><BR/> <pre xml:space="preserve">(+++ Textnachweis ab: 1.8.2016 +++)<BR/><BR/></pre></P></Content></fussnoten></textdaten></norm>
<norm builddate="20210615213152" doknr="BJNR112300016BJNE000100000"><metadaten><jurabk>RSMAusbV</jurabk><enbez>Eingangsformel</enbez></metadaten><textdaten><text format="XML"><Content><P>Auf Grund des § 25 Absatz 1 Satz 1 der Handwerksordnung, der durch Artikel 283 der Verordnung vom 31. August 2015 (BGBl. I S. 1474) geändert worden ist, verordnet das Bundesministerium für Wirtschaft und Energie im Einvernehmen mit dem Bundesministerium für Bildung und Forschung:</P></Content></text></textdaten></norm>
<norm builddate="20210615213152" doknr="BJNR112300016BJNE000200000"><metadaten><jurabk>RSMAusbV</jurabk><enbez>Inhaltsübersicht</enbez></metadaten><textdaten><text format="XML"><TOC><Ident Class="S0">Abschnitt 1</Ident><Title Align="auto" Class="S0">Gegenstand, Dauer<BR/> und Gliederung der Berufsausbildung</Title><table colsep="0" frame="none" pgwide="1" rowsep="0" tocentry="%yes;"><tgroup align="left" char="" charoff="50" cols="2"><colspec colname="col1" colnum="1" colwidth="10*"/><colspec colname="col2" colnum="2" colwidth="90*"/><tbody valign="top"><row><entry VJ="1" colname="col1">§  1</entry><entry VJ="1" colname="col2">Staatliche Anerkennung des Ausbildungsberufes</entry></row><row><entry VJ="1" colname="col1">§  2</entry><entry VJ="1" colname="col2">Dauer der Berufsausbildung</entry></row><row><entry VJ="1" colname="col1">§  3</entry><entry VJ="1" colname="col2">Gegenstand der Berufsausbildung und Ausbildungsrahmenplan</entry></row><row><entry VJ="1" colname="col1">§  4</entry><entry VJ="1" colname="col2">Struktur der Berufsausbildung, Ausbildungsberufsbild</entry></row><row><entry VJ="1" colname="col1">§  5</entry><entry VJ="1" colname="col2">Ausbildungsplan</entry></row><row><entry VJ="1" colname="col1">§  6</entry><entry VJ="1" colname="col2">Schriftlicher Ausbildungsnachweis</entry></row></tbody></tgroup></table><Ident Class="S0">Abschnitt 2</Ident><Title Align="auto" Class="S0">Gesellenprüfung</Title><table colsep="0" frame="none" pgwide="1" rowsep="0" tocentry="%yes;"><tgroup align="left" char="" charoff="50" cols="2"><colspec colname="col1" colwidth="10*"/><colspec colname="col2" colwidth="90*"/><tbody valign="top"><row><entry VJ="1" colname="col1">§  7</entry><entry VJ="1" colname="col2">Ziel, Aufteilung in zwei Teile und Zeitpunkt</entry></row><row><entry VJ="1" colname="col1">§  8</entry><entry VJ="1" colname="col2">Inhalt von Teil 1</entry></row><row><entry VJ="1" colname="col1">§  9</entry><entry VJ="1" colname="col2">Prüfungsbereich Herstellen eines Werkstückes</entry></row><row><entry VJ="1" colname="col1">§ 10</entry><entry VJ="1" colname="col2">Inhalt von Teil 2</entry></row><row><entry VJ="1" colname="col1">§ 11</entry><entry VJ="1" colname="col2">Prüfungsbereiche von Teil 2</entry></row><row><entry VJ="1" colname="col1">§ 12</entry><entry VJ="1" colname="col2">Prüfungsbereich Kundenauftrag</entry></row><row><entry VJ="1" colname="col1">§ 13</entry><entry VJ="1" colname="col2">Prüfungsbereich Antriebs- und Steuerungstechnik</entry></row><row><entry VJ="1" colname="col1">§ 14</entry><entry VJ="1" colname="col2">Prüfungsbereich Fertigungs-, Montage- und Servicetechnik</entry></row><row><entry VJ="1" colname="col1">§ 15</entry><entry VJ="1" colname="col2">Prüfungsbereich Wirtschafts- und Sozialkunde</entry></row><row><entry VJ="1" colname="col1">§ 16</entry><entry VJ="1" colname="col2">Gewichtung der Prüfungsbereiche und Anforderungen für das Bestehen der Gesellenprüfung</entry></row></tbody></tgroup></table><Ident Class="S0">Abschnitt 3</Ident><Title Align="auto" Class="S0">Schlussvorschriften</Title><table colsep="0" frame="none" pgwide="1" rowsep="0" tocentry="%yes;"><tgroup align="left" char="" charoff="50" cols="2"><colspec colname="col1" colwidth="10*"/><colspec colname="col2" colwidth="90*"/><tbody valign="top"><row><entry VJ="1" colname="col1">§ 17</entry><entry VJ="1" colname="col2">Bestehende Berufsausbildungsverhältnisse</entry></row><row><entry VJ="1" colname="col1">§ 18</entry><entry VJ="1" colname="col2">Inkrafttreten, Außerkrafttreten</entry></row></tbody></tgroup></table><table colsep="0" frame="none" pgwide="1" rowsep="0" tocentry="%yes;"><tgroup align="left" char="" charoff="50" cols="2"><colspec colname="col1" colwidth="15*"/><colspec colname="col2" colwidth="90*"/><tbody valign="top"><row><entry VJ="1" colname="col1">Anlage:</entry><entry VJ="1" colname="col2">Ausbildungsrahmenplan für die Berufsausbildung zum Rollladen- und Sonnenschutzmechatroniker und zur Rollladen- und Sonnenschutzmechatronikerin</entry></row></tbody></tgroup></table></TOC></text></textdaten></norm>
<norm builddate="20210615213152" doknr="BJNR112300016BJNG000100000"><metadaten><jurabk>RSMAusbV</jurabk><gliederungseinheit><gliederungskennzahl>010</gliederungskennzahl><gliederungsbez>Abschnitt 1</gliederungsbez><gliederungstitel>Gegenstand, Dauer und Gliederung der Berufsausbildung</gliederungstitel></gliederungseinheit></metadaten><textdaten/></norm>
<norm builddate="20210615213152" doknr="BJNR112300016BJNE000300000"><metadaten><jurabk>RSMAusbV</jurabk><enbez>§ 1</enbez><titel format="XML">Staatliche Anerkennung des Ausbildungsberufes</titel></metadaten><textdaten><text format="XML"><Content><P>Der Ausbildungsberuf des Rollladen- und Sonnenschutzmechatronikers und der Rollladen- und Sonnenschutzmechatronikerin wird nach § 25 der Handwerksordnung zur Ausbildung für das Gewerbe nach Anlage B Abschnitt 1 Nummer 13 Rollladen- und Sonnenschutztechniker der Handwerksordnung staatlich anerkannt.</P></Content></text></textdaten></norm>
<norm builddate="20210615213152" doknr="BJNR112300016BJNE000400000"><metadaten><jurabk>RSMAusbV</jurabk><enbez>§ 2</enbez><titel format="XML">Dauer der Berufsausbildung</titel></metadaten><textdaten><text format="XML"><Content><P>Die Berufsausbildung dauert drei Jahre.</P></Content></text></textdaten></norm>
<norm builddate="20210615213152" doknr="BJNR112300016BJNE000500000"><metadaten><jurabk>RSMAusbV</jurabk><enbez>§ 3</enbez><titel format="XML">Gegenstand der Berufsausbildung und Ausbildungsrahmenplan</titel></metadaten><textdaten><text format="XML"><Content><P>(1) Gegenstand der Berufsausbildung sind mindestens die im Ausbildungsrahmenplan (Anlage) genannten Fertigkeiten, Kenntnisse und Fähigkeiten. Von der Organisation der Berufsausbildung, wie sie im Ausbildungsrahmenplan vorgegeben ist, darf abgewichen werden, wenn und soweit betriebspraktische Besonderheiten oder Gründe, die in der Person des oder der Auszubildenden liegen, die Abweichung erfordern.</P><P>(2) Die im Ausbildungsrahmenplan genannten Fertigkeiten, Kenntnisse und Fähigkeiten sollen so vermittelt werden, dass die Auszubildenden die berufliche Handlungsfähigkeit nach § 1 Absatz 3 des Berufsbildungsgesetzes erlangen. Die berufliche Handlungsfähigkeit schließt insbesondere selbständiges Planen, Durchführen und Kontrollieren ein.</P></Content></text></textdaten></norm>
<norm builddate="20210615213152" doknr="BJNR112300016BJNE000600000"><metadaten><jurabk>RSMAusbV</jurabk><enbez>§ 4</enbez><titel format="XML">Struktur der Berufsausbildung, Ausbildungsberufsbild</titel></metadaten><textdaten><text format="XML"><Content><P>(1) Die Berufsausbildung gliedert sich in: <DL Type="arabic"><DT>1.</DT><DD Font="normal"><LA>berufsprofilgebende Fertigkeiten, Kenntnisse und Fähigkeiten sowie</LA></DD><DT>2.</DT><DD Font="normal"><LA>integrativ zu vermittelnde Fertigkeiten, Kenntnisse und Fähigkeiten.</LA></DD></DL>Die Fertigkeiten, Kenntnisse und Fähigkeiten werden in Berufsbildpositionen als Teil des Ausbildungsberufsbildes gebündelt.</P><P>(2) Die Berufsbildpositionen der berufsprofilgebenden Fertigkeiten, Kenntnisse und Fähigkeiten sind: <DL Type="arabic"><DT>1.</DT><DD Font="normal"><LA>Arbeitsschritte vorbereiten,</LA></DD><DT>2.</DT><DD Font="normal"><LA>Arbeitsabläufe kundenorientiert gestalten,</LA></DD><DT>3.</DT><DD Font="normal"><LA>qualitätssichernde Maßnahmen durchführen,</LA></DD><DT>4.</DT><DD Font="normal"><LA>Arbeitsplätze einrichten, sichern und räumen,</LA></DD><DT>5.</DT><DD Font="normal"><LA>Bauteile und Baugruppen herstellen,</LA></DD><DT>6.</DT><DD Font="normal"><LA>Rollpanzer und Behänge aus Halbzeugen herstellen,</LA></DD><DT>7.</DT><DD Font="normal"><LA>Rollabschlüsse aus Halbzeugen, Bauteilen und Baugruppen herstellen und montieren,</LA></DD><DT>8.</DT><DD Font="normal"><LA>zusätzliche, nicht rollbare Abschlüsse montieren,</LA></DD><DT>9.</DT><DD Font="normal"><LA>alleinige Abschlüsse montieren,</LA></DD><DT>10.</DT><DD Font="normal"><LA>Rollladen- und Fensterkombinationen herstellen und montieren,</LA></DD><DT>11.</DT><DD Font="normal"><LA>Automatisierungs- und Steuerungskomponenten montieren und programmieren,</LA></DD><DT>12.</DT><DD Font="normal"><LA>Wartungs- und Instandsetzungsarbeiten durchführen sowie</LA></DD><DT>13.</DT><DD Font="normal"><LA>Leistungen übergeben und Kundengespräche führen.</LA></DD></DL></P><P>(3) Die Berufsbildpositionen der integrativ zu vermittelnden Fertigkeiten, Kenntnisse und Fähigkeiten sind: <DL Type="arabic"><DT>1.</DT><DD Font="normal"><LA>Berufsbildung, Arbeits- und Tarifrecht,</LA></DD><DT>2.</DT><DD Font="normal"><LA>Aufbau und Organisation des Ausbildungsbetriebes,</LA></DD><DT>3.</DT><DD Font="normal"><LA>Sicherheit und Gesundheitsschutz bei der Arbeit sowie</LA></DD><DT>4.</DT><DD Font="normal"><LA>Umweltschutz.</LA></DD></DL></P></Content></text></textdaten></norm>
<norm builddate="20210615213152" doknr="BJNR112300016BJNE000700000"><metadaten><jurabk>RSMAusbV</jurabk><enbez>§ 5</enbez><titel format="XML">Ausbildungsplan</titel></metadaten><textdaten><text format="XML"><Content><P>Die Ausbildenden haben spätestens zu Beginn der Ausbildung auf der Grundlage des Ausbildungsrahmenplans für jeden Auszubildenden und für jede Auszubildende einen Ausbildungsplan zu erstellen.</P></Content></text></textdaten></norm>
<norm builddate="20210615213152" doknr="BJNR112300016BJNE000800000"><metadaten><jurabk>RSMAusbV</jurabk><enbez>§ 6</enbez><titel format="XML">Schriftlicher Ausbildungsnachweis</titel></metadaten><textdaten><text format="XML"><Content><P>(1) Die Auszubildenden haben einen schriftlichen Ausbildungsnachweis zu führen. Dazu ist ihnen während der Ausbildungszeit Gelegenheit zu geben.</P><P>(2) Die Ausbildenden haben den Ausbildungsnachweis regelmäßig durchzusehen.</P></Content></text></textdaten></norm>
<norm builddate="20210615213152" doknr="BJNR112300016BJNG000200000"><metadaten><jurabk>RSMAusbV</jurabk><gliederungseinheit><gliederungskennzahl>020</gliederungskennzahl><gliederungsbez>Abschnitt 2</gliederungsbez><gliederungstitel>Gesellenprüfung</gliederungstitel></gliederungseinheit></metadaten><textdaten/></norm>
<norm builddate="20210615213152" doknr="BJNR112300016BJNE000900000"><metadaten><jurabk>RSMAusbV</jurabk><enbez>§ 7</enbez><titel format="XML">Ziel, Aufteilung in zwei Teile und Zeitpunkt</titel></metadaten><textdaten><text format="XML"><Content><P>(1) Durch die Gesellenprüfung ist festzustellen, ob der Prüfling die berufliche Handlungsfähigkeit erworben hat.</P><P>(2) Die Gesellenprüfung besteht aus den Teilen 1 und 2.</P><P>(3) Teil 1 soll am Ende des zweiten Ausbildungsjahres durchgeführt werden, Teil 2 am Ende der Berufsausbildung.</P></Content></text></textdaten></norm>
<norm builddate="20210615213152" doknr="BJNR112300016BJNE001000000"><metadaten><jurabk>RSMAusbV</jurabk><enbez>§ 8</enbez><titel format="XML">Inhalt von Teil 1</titel></metadaten><textdaten><text format="XML"><Content><P>Teil 1 der Gesellenprüfung erstreckt sich auf <DL Type="arabic"><DT>1.</DT><DD Font="normal"><LA>die im Ausbildungsrahmenplan für die ersten drei Ausbildungshalbjahre genannten Fertigkeiten, Kenntnisse und Fähigkeiten sowie</LA></DD><DT>2.</DT><DD Font="normal"><LA>den im Berufsschulunterricht zu vermittelnden Lehrstoff, soweit er den im Ausbildungsrahmenplan genannten Fertigkeiten, Kenntnissen und Fähigkeiten entspricht.</LA></DD></DL></P></Content></text></textdaten></norm>
<norm builddate="20210615213152" doknr="BJNR112300016BJNE001100000"><metadaten><jurabk>RSMAusbV</jurabk><enbez>§ 9</enbez><titel format="XML">Prüfungsbereich Herstellen eines Werkstückes</titel></metadaten><textdaten><text format="XML"><Content><P>(1) Teil 1 der Gesellenprüfung findet im Prüfungsbereich Herstellen eines Werkstückes statt.</P><P>(2) Im Prüfungsbereich Herstellen eines Werkstückes soll der Prüfling nachweisen, dass er in der Lage ist, <DL Type="arabic"><DT>1.</DT><DD Font="normal"><LA>Arbeitsschritte vorzubereiten und Arbeitsmittel festzulegen,</LA></DD><DT>2.</DT><DD Font="normal"><LA>technische Unterlagen zu nutzen,</LA></DD><DT>3.</DT><DD Font="normal"><LA>Messungen durchzuführen,</LA></DD><DT>4.</DT><DD Font="normal"><LA>Arbeitsplätze einzurichten sowie Maschinen unter ergonomischen und sicherheitsrelevanten Aspekten zu bedienen und instand zu halten,</LA></DD><DT>5.</DT><DD Font="normal"><LA>manuelle und maschinelle Be- und Verarbeitungstechniken anzuwenden,</LA></DD><DT>6.</DT><DD Font="normal"><LA>Werkstücke herzustellen und zu Baugruppen zu fügen sowie</LA></DD><DT>7.</DT><DD Font="normal"><LA>Maßnahmen zur Arbeitsorganisation, zur Sicherheit und zum Gesundheitsschutz bei der Arbeit, zum Umweltschutz und zur Qualitätssicherung durchzuführen.</LA></DD></DL></P><P>(3) Für den Nachweis nach Absatz 2 ist als Tätigkeit das Herstellen eines Werkstückes unter Anwendung manueller und maschineller Bearbeitungstechniken zugrunde zu legen.</P><P>(4) Der Prüfling soll eine Arbeitsaufgabe durchführen und die Durchführung mit praxisüblichen Unterlagen dokumentieren. Weiterhin soll er Aufgaben, die sich auf die Arbeitsaufgabe beziehen, schriftlich bearbeiten.</P><P>(5) Die Prüfungszeit beträgt insgesamt sieben Stunden. Davon entfallen auf die Durchführung der Arbeitsaufgabe sechs Stunden und auf die schriftliche Bearbeitung der Aufgaben 60 Minuten.</P></Content></text></textdaten></norm>
<norm builddate="20210615213152" doknr="BJNR112300016BJNE001200000"><metadaten><jurabk>RSMAusbV</jurabk><enbez>§ 10</enbez><titel format="XML">Inhalt von Teil 2</titel></metadaten><textdaten><text format="XML"><Content><P>(1) Teil 2 der Gesellenprüfung erstreckt sich auf <DL Type="arabic"><DT>1.</DT><DD Font="normal"><LA>die im Ausbildungsrahmenplan genannten Fertigkeiten, Kenntnisse und Fähigkeiten sowie</LA></DD><DT>2.</DT><DD Font="normal"><LA>den im Berufsschulunterricht zu vermittelnden Lehrstoff, soweit er den im Ausbildungsrahmenplan genannten Fertigkeiten, Kenntnissen und Fähigkeiten entspricht.</LA></DD></DL></P><P>(2) In Teil 2 der Gesellenprüfung sollen Fertigkeiten, Kenntnisse und Fähigkeiten, die bereits Gegenstand von Teil 1 der Gesellenprüfung waren, nur insoweit einbezogen werden, als es für die Feststellung der beruflichen Handlungsfähigkeit erforderlich ist.</P></Content></text></textdaten></norm>
<norm builddate="20210615213152" doknr="BJNR112300016BJNE001300000"><metadaten><jurabk>RSMAusbV</jurabk><enbez>§ 11</enbez><titel format="XML">Prüfungsbereiche von Teil 2</titel></metadaten><textdaten><text format="XML"><Content><P>Teil 2 der Gesellenprüfung findet in den folgenden Prüfungsbereichen statt: <DL Type="arabic"><DT>1.</DT><DD Font="normal"><LA>Kundenauftrag,</LA></DD><DT>2.</DT><DD Font="normal"><LA>Antriebs- und Steuerungstechnik,</LA></DD><DT>3.</DT><DD Font="normal"><LA>Fertigungs-, Montage- und Servicetechnik sowie</LA></DD><DT>4.</DT><DD Font="normal"><LA>Wirtschafts- und Sozialkunde.</LA></DD></DL></P></Content></text></textdaten></norm>
<norm builddate="20210615213152" doknr="BJNR112300016BJNE001400000"><metadaten><jurabk>RSMAusbV</jurabk><enbez>§ 12</enbez><titel format="XML">Prüfungsbereich Kundenauftrag</titel></metadaten><textdaten><text format="XML"><Content><P>(1) Im Prüfungsbereich Kundenauftrag soll der Prüfling nachweisen, dass er in der Lage ist, <DL Type="arabic"><DT>1.</DT><DD Font="normal"><LA>Art und Umfang von Kundenaufträgen zu erfassen sowie Arbeitsabläufe zu planen und zu dokumentieren,</LA></DD><DT>2.</DT><DD Font="normal"><LA>Material- und Zeitbedarf zu ermitteln,</LA></DD><DT>3.</DT><DD Font="normal"><LA>technische Unterlagen zu erstellen,</LA></DD><DT>4.</DT><DD Font="normal"><LA>Baugruppen herzustellen und zu montieren,</LA></DD><DT>5.</DT><DD Font="normal"><LA>Automatisierungs- und Steuerungskomponenten zu montieren und zu programmieren,</LA></DD><DT>6.</DT><DD Font="normal"><LA>Funktions- und Sicherheitsprüfungen durchzuführen,</LA></DD><DT>7.</DT><DD Font="normal"><LA>Maßnahmen zur Arbeitsorganisation, zur Sicherheit und zum Gesundheitsschutz bei der Arbeit, zum Umweltschutz, zur Kundenorientierung und zur Qualitätssicherung durchzuführen,</LA></DD><DT>8.</DT><DD Font="normal"><LA>Bedienungs-, Pflege- und Wartungsanleitungen zu erläutern sowie</LA></DD><DT>9.</DT><DD Font="normal"><LA>fachliche Hintergründe aufzuzeigen und die Vorgehensweise bei der Durchführung der Arbeitsaufgabe zu begründen.</LA></DD></DL></P><P>(2) Für den Nachweis nach Absatz 1 ist eine der folgenden Tätigkeiten zugrunde zu legen: <DL Type="arabic"><DT>1.</DT><DD Font="normal"><LA>Herstellen und Montieren einer Rollladenanlage einschließlich Antrieb, Steuerung und einbruchhemmender Maßnahmen,</LA></DD><DT>2.</DT><DD Font="normal"><LA>Herstellen und Montieren einer Sonnenschutzanlage einschließlich Antrieb und Steuerung oder</LA></DD><DT>3.</DT><DD Font="normal"><LA>Montieren einer Toranlage oder eines Rollgitters einschließlich Antrieb, Steuerung und Sicherheitseinrichtungen.</LA></DD></DL></P><P>(3) Der Prüfling soll eine Arbeitsaufgabe, die einem Kundenauftrag entsprechen soll, durchführen und die Durchführung mit praxisüblichen Unterlagen dokumentieren. Während der Durchführung wird mit ihm ein situatives Fachgespräch über die Arbeitsaufgabe geführt.</P><P>(4) Die Prüfungszeit beträgt insgesamt 21 Stunden. Das situative Fachgespräch dauert höchstens 20 Minuten.</P></Content></text></textdaten></norm>
<norm builddate="20210615213152" doknr="BJNR112300016BJNE001500000"><metadaten><jurabk>RSMAusbV</jurabk><enbez>§ 13</enbez><titel format="XML">Prüfungsbereich Antriebs- und Steuerungstechnik</titel></metadaten><textdaten><text format="XML"><Content><P>(1) Im Prüfungsbereich Antriebs- und Steuerungstechnik soll der Prüfling nachweisen, dass er in der Lage ist, <DL Type="arabic"><DT>1.</DT><DD Font="normal"><LA>Komponenten und Systeme zu unterscheiden und auszuwählen,</LA></DD><DT>2.</DT><DD Font="normal"><LA>technische Unterlagen anzuwenden,</LA></DD><DT>3.</DT><DD Font="normal"><LA>Regeln und Vorschriften für das Arbeiten an elektrischen Anlagen für Antriebe und Steuerungen von Rollladen- und Sonnenschutzsystemen anzuwenden,</LA></DD><DT>4.</DT><DD Font="normal"><LA>sicherheitstechnische Prüfungen an elektrischen Anlagen für Antriebe und Steuerungen von Rollladen- und Sonnenschutzsystemen durchzuführen,</LA></DD><DT>5.</DT><DD Font="normal"><LA>Antriebe, Steuerungen und Sicherheitskomponenten auszuwählen und zu montieren,</LA></DD><DT>6.</DT><DD Font="normal"><LA>Steuerungskomponenten und Systeme einzustellen und in Betrieb zu nehmen, nach Kundenanforderungen zu programmieren und Ergebnisse zu dokumentieren,</LA></DD><DT>7.</DT><DD Font="normal"><LA>Funktionen von steuerungs- und sicherheitstechnischen Komponenten und Anlagen nach vorgegebenen Richtlinien zu prüfen,</LA></DD><DT>8.</DT><DD Font="normal"><LA>Fehler systematisch einzugrenzen und Maßnahmen zur Behebung zu ergreifen.</LA></DD></DL></P><P>(2) Der Prüfling soll Aufgaben schriftlich bearbeiten.</P><P>(3) Die Prüfungszeit beträgt 60 Minuten.</P></Content></text></textdaten></norm>
<norm builddate="20210615213152" doknr="BJNR112300016BJNE001600000"><metadaten><jurabk>RSMAusbV</jurabk><enbez>§ 14</enbez><titel format="XML">Prüfungsbereich Fertigungs-, Montage- und Servicetechnik</titel></metadaten><textdaten><text format="XML"><Content><P>(1) Im Prüfungsbereich Fertigungs-, Montage- und Servicetechnik soll der Prüfling nachweisen, dass er in der Lage ist, <DL Type="arabic"><DT>1.</DT><DD Font="normal"><LA>Arbeitsabläufe zu planen, Fertigungsunterlagen zu erstellen und Herstellerangaben umzusetzen,</LA></DD><DT>2.</DT><DD Font="normal"><LA>Werkzeuge zu handhaben sowie Maschinen, Geräte und technische Anlagen einzurichten, instand zu halten und zu bedienen,</LA></DD><DT>3.</DT><DD Font="normal"><LA>Regelungen, insbesondere zur Energieeinsparung, anzuwenden und bei der Planung zu berücksichtigen,</LA></DD><DT>4.</DT><DD Font="normal"><LA>Behänge herzustellen,</LA></DD><DT>5.</DT><DD Font="normal"><LA>Arbeitsplätze einzurichten und zu räumen,</LA></DD><DT>6.</DT><DD Font="normal"><LA>rollbare, nicht rollbare und alleinige Abschlüsse zu unterscheiden, herzustellen und zu montieren, Bauwerksanschlüsse herzustellen und Befestigungstechniken anzuwenden,</LA></DD><DT>7.</DT><DD Font="normal"><LA>einbruchshemmende Systeme auszuwählen und zu montieren sowie Befestigungstechniken anzuwenden,</LA></DD><DT>8.</DT><DD Font="normal"><LA>Arbeitsergebnisse zu übergeben sowie</LA></DD><DT>9.</DT><DD Font="normal"><LA>Wartungs- und Instandsetzungsarbeiten durchzuführen.</LA></DD></DL></P><P>(2) Der Prüfling soll Aufgaben schriftlich bearbeiten.</P><P>(3) Die Prüfungszeit beträgt 180 Minuten.</P></Content></text></textdaten></norm>
<norm builddate="20210615213152" doknr="BJNR112300016BJNE001700000"><metadaten><jurabk>RSMAusbV</jurabk><enbez>§ 15</enbez><titel format="XML">Prüfungsbereich Wirtschafts- und Sozialkunde</titel></metadaten><textdaten><text format="XML"><Content><P>(1) Im Prüfungsbereich Wirtschafts- und Sozialkunde soll der Prüfling nachweisen, dass er in der Lage ist, allgemeine wirtschaftliche und gesellschaftliche Zusammenhänge der Berufs- und Arbeitswelt darzustellen und zu beurteilen.</P><P>(2) Die Prüfungsaufgaben müssen praxisbezogen sein. Der Prüfling soll die Aufgaben schriftlich bearbeiten.</P><P>(3) Die Prüfungszeit beträgt 60 Minuten.</P></Content></text></textdaten></norm>
<norm builddate="20210615213152" doknr="BJNR112300016BJNE001800000"><metadaten><jurabk>RSMAusbV</jurabk><enbez>§ 16</enbez><titel format="XML">Gewichtung der Prüfungsbereiche und Anforderungen für das Bestehen der Gesellenprüfung</titel></metadaten><textdaten><text format="XML"><Content><P>(1) Die Bewertungen der einzelnen Prüfungsbereiche sind wie folgt zu gewichten: <DL Type="arabic"><DT>1.</DT><DD Font="normal"><LA><!-- SPLIT UMBAU : [Text: Herstellen eines Werkstückes mit][Element: <Split/>



][Text: 20 Prozent,]--><table colsep="0" frame="none" pgwide="1" rowsep="0"><tgroup cols="2"><colspec align="left" colname="leftSplit"/><colspec align="right" colname="rightSplit"/><tbody Class="Split"><row><entry colname="leftSplit">Herstellen eines Werkstückes mit</entry><entry colname="rightSplit" valign="bottom">20 Prozent,</entry></row></tbody></tgroup></table></LA></DD><DT>2.</DT><DD Font="normal"><LA><!-- SPLIT UMBAU : [Text: Kundenauftrag mit][Element: <Split/>



][Text: 40 Prozent,]--><table colsep="0" frame="none" pgwide="1" rowsep="0"><tgroup cols="2"><colspec align="left" colname="leftSplit"/><colspec align="right" colname="rightSplit"/><tbody Class="Split"><row><entry colname="leftSplit">Kundenauftrag mit</entry><entry colname="rightSplit" valign="bottom">40 Prozent,</entry></row></tbody></tgroup></table></LA></DD><DT>3.</DT><DD Font="normal"><LA><!-- SPLIT UMBAU : [Text: Antriebs- und Steuerungstechnik mit][Element: <Split/>



][Text: 10 Prozent,]--><table colsep="0" frame="none" pgwide="1" rowsep="0"><tgroup cols="2"><colspec align="left" colname="leftSplit"/><colspec align="right" colname="rightSplit"/><tbody Class="Split"><row><entry colname="leftSplit">Antriebs- und Steuerungstechnik mit</entry><entry colname="rightSplit" valign="bottom">10 Prozent,</entry></row></tbody></tgroup></table></LA></DD><DT>4.</DT><DD Font="normal"><LA><!-- SPLIT UMBAU : [Text: Fertigungs-, Montage-][Element: <BR/>



][Text:  und Servicetechnik mit][Element: 



<Split/>



][Text: 20 Prozent,]--><table colsep="0" frame="none" pgwide="1" rowsep="0"><tgroup cols="2"><colspec align="left" colname="leftSplit"/><colspec align="right" colname="rightSplit"/><tbody Class="Split"><row><entry colname="leftSplit">Fertigungs-, Montage-<BR/> und Servicetechnik mit</entry><entry colname="rightSplit" valign="bottom">20 Prozent,</entry></row></tbody></tgroup></table></LA></DD><DT>5.</DT><DD Font="normal"><LA><!-- SPLIT UMBAU : [Text: Wirtschafts- und Sozialkunde mit][Element: <Split/>



][Text: 10 Prozent.]--><table colsep="0" frame="none" pgwide="1" rowsep="0"><tgroup cols="2"><colspec align="left" colname="leftSplit"/><colspec align="right" colname="rightSplit"/><tbody Class="Split"><row><entry colname="leftSplit">Wirtschafts- und Sozialkunde mit</entry><entry colname="rightSplit" valign="bottom">10 Prozent.</entry></row></tbody></tgroup></table></LA></DD></DL></P><P>(2) Die Gesellenprüfung ist bestanden, wenn die Prüfungsleistungen wie folgt bewertet worden sind: <DL Type="arabic"><DT>1.</DT><DD Font="normal"><LA>im Gesamtergebnis von Teil 1 und Teil 2 mit mindestens „ausreichend“,</LA></DD><DT>2.</DT><DD Font="normal"><LA>im Ergebnis von Teil 2 mit mindestens „ausreichend“,</LA></DD><DT>3.</DT><DD Font="normal"><LA>im Prüfungsbereich Kundenauftrag mit mindestens „ausreichend“,</LA></DD><DT>4.</DT><DD Font="normal"><LA>in mindestens zwei der übrigen Prüfungsbereiche von Teil 2 mit mindestens „ausreichend“ und</LA></DD><DT>5.</DT><DD Font="normal"><LA>in keinem Prüfungsbereich von Teil 2 mit „ungenügend“.</LA></DD></DL></P><P>(3) Auf Antrag des Prüflings ist die Prüfung in einem der Prüfungsbereiche „Antriebs- und Steuerungstechnik“, „Fertigungs-, Montage- und Servicetechnik“ oder „Wirtschafts- und Sozialkunde“ durch eine mündliche Prüfung von etwa 15 Minuten zu ergänzen, wenn <DL Type="arabic"><DT>1.</DT><DD Font="normal"><LA>der Prüfungsbereich schlechter als mit „ausreichend“ bewertet worden ist und</LA></DD><DT>2.</DT><DD Font="normal"><LA>die mündliche Ergänzungsprüfung für das Bestehen der Gesellenprüfung den Ausschlag geben kann.</LA></DD></DL>Bei der Ermittlung des Ergebnisses für diesen Prüfungsbereich sind das bisherige Ergebnis und das Ergebnis der mündlichen Ergänzungsprüfung im Verhältnis 2 : 1 zu gewichten.</P></Content></text></textdaten></norm>
<norm builddate="20210615213152" doknr="BJNR112300016BJNG000300000"><metadaten><jurabk>RSMAusbV</jurabk><gliederungseinheit><gliederungskennzahl>030</gliederungskennzahl><gliederungsbez>Abschnitt 3</gliederungsbez><gliederungstitel>Schlussvorschriften</gliederungstitel></gliederungseinheit></metadaten><textdaten/></norm>
<norm builddate="20210615213152" doknr="BJNR112300016BJNE001900000"><metadaten><jurabk>RSMAusbV</jurabk><enbez>§ 17</enbez><titel format="XML">Bestehende Berufsausbildungsverhältnisse</titel></metadaten><textdaten><text format="XML"><Content><P>Berufsausbildungsverhältnisse, die bei Inkrafttreten dieser Verordnung bereits bestehen, können nach den Vorschriften dieser Verordnung unter Anrechnung der bisher absolvierten Ausbildungszeit fortgesetzt werden, wenn die Vertragsparteien dies vereinbaren und der oder die Auszubildende noch nicht die Zwischenprüfung absolviert hat.</P></Content></text></textdaten></norm>
<norm builddate="20210615213152" doknr="BJNR112300016BJNE002000000"><metadaten><jurabk>RSMAusbV</jurabk><enbez>§ 18</enbez><titel format="XML">Inkrafttreten, Außerkrafttreten</titel></metadaten><textdaten><text format="XML"><Content><P>Diese Verordnung tritt am 1. August 2016 in Kraft. Gleichzeitig tritt die Verordnung über die Berufsausbildung zum Rollladen- und Sonnenschutzmechatroniker/zur Rollladen- und Sonnenschutzmechatronikerin vom 23. Juni 2004 (BGBl. I S. 1334) außer Kraft.</P></Content></text></textdaten></norm>
<norm builddate="20210615213152" doknr="BJNR112300016BJNE002100000"><metadaten><jurabk>RSMAusbV</jurabk><enbez>Anlage</enbez><titel format="XML">(zu § 3 Absatz 1)<BR/>Ausbildungsrahmenplan für die Berufsausbildung zum Rollladen- und Sonnenschutzmechatroniker und zur Rollladen- und Sonnenschutzmechatronikerin</titel></metadaten><textdaten><text format="XML"><Content><P><noindex><kommentar typ="Fundstelle">(Fundstelle: BGBl. I 2016, 1127 - 1133)</kommentar></noindex></P><BR/><table frame="all" pgwide="1" tabstyle="Ausbildung" tocentry="%yes;"><Title Align="left" Class="S1">Abschnitt A: berufsprofilgebende Fertigkeiten, Kenntnisse und Fähigkeiten</Title><tgroup align="left" char="" charoff="50" cols="5" colsep="1" rowsep="1"><colspec colname="col1" colnum="1" colwidth=".75*"/><colspec colname="col2" colnum="2" colwidth="4.5*"/><colspec colname="col3" colnum="3" colwidth="8.5*"/><colspec colname="col4" colnum="4" colwidth="1.5*"/><colspec colname="col5" colnum="5" colwidth="1.5*"/><thead valign="bottom"><row><entry VJ="1" align="center" colname="col1" morerows="1" valign="middle">Lfd.<BR/> Nr.</entry><entry VJ="1" align="center" colname="col2" morerows="1" valign="middle">Teil des<BR/> Ausbildungsberufsbildes</entry><entry VJ="1" align="center" colname="col3" morerows="1" valign="middle">Zu vermittelnde<BR/> Fertigkeiten, Kenntnisse und Fähigkeiten</entry><entry VJ="1" align="center" nameend="col5" namest="col4" valign="middle">Zeitliche Richtwerte<BR/> in Wochen im</entry></row><row><entry VJ="1" align="center" colname="col4" valign="middle">1. bis 18.<BR/> Monat</entry><entry VJ="1" align="center" colname="col5" valign="middle">19. bis 36.<BR/> Monat</entry></row><row><entry VJ="1" align="center" colname="col1" valign="middle">1</entry><entry VJ="1" align="center" colname="col2" valign="middle">2</entry><entry VJ="1" align="center" colname="col3" valign="middle">3</entry><entry VJ="1" align="center" nameend="col5" namest="col4" valign="middle">4</entry></row></thead><tbody valign="top"><row><entry VJ="1" align="center" colname="col1">1</entry><entry VJ="1" colname="col2">Arbeitsschritte vorbereiten<BR/> (§ 4 Absatz 2 Nummer 1)</entry><entry VJ="1" align="justify" colname="col3"><DL Font="normal" Type="alpha"><DT>a)</DT><DD Font="normal"><LA Size="normal">Arbeitsaufträge und Kundenanforderungen erfassen und Vorgaben auf Umsetzbarkeit prüfen</LA></DD><DT>b)</DT><DD Font="normal"><LA Size="normal">Arbeitsschritte festlegen sowie Arbeitsmittel auswählen und bereitstellen</LA></DD><DT>c)</DT><DD Font="normal"><LA Size="normal">Skizzen, Pläne und Zeichnungen anfertigen, lesen und anwenden</LA></DD><DT>d)</DT><DD Font="normal"><LA Size="normal">Materialbedarfe ermitteln</LA></DD><DT>e)</DT><DD Font="normal"><LA Size="normal">Messungen durchführen</LA></DD><DT>f)</DT><DD Font="normal"><LA Size="normal">Informationen und technische Unterlagen, insbesondere Merkblätter, Materiallisten, Betriebsanleitungen, Herstellerangaben, Normen, Sicherheitsregeln und Arbeitsanweisungen, beschaffen und auswerten sowie Dokumentationen erstellen</LA></DD></DL></entry><entry VJ="1" align="center" colname="col4" valign="middle">4</entry><entry VJ="1" colname="col5" valign="middle"/></row><row><entry VJ="1" align="center" colname="col1">2</entry><entry VJ="1" colname="col2">Arbeitsabläufe kundenorientiert gestalten<BR/> (§ 4 Absatz 2 Nummer 2)</entry><entry VJ="1" align="justify" colname="col3"><DL Font="normal" Type="alpha"><DT>a)</DT><DD Font="normal"><LA Size="normal">Arbeitsaufgaben mit Hilfe von Informations- und Kommunikationssystemen lösen, dabei branchenspezifische Software anwenden, Vorschriften des Datenschutzes beachten und Daten pflegen und sichern</LA></DD><DT>b)</DT><DD Font="normal"><LA Size="normal">berufsspezifische Richtlinien und gesetzliche Regelungen, insbesondere zur Energieeinsparung, Schalldämmung sowie zur Befestigungs-, Automatisierungs-, Steuerungs- und Sicherheitstechnik, anwenden</LA></DD><DT>c)</DT><DD Font="normal"><LA Size="normal">Liefertermine und -bedingungen beachten</LA></DD><DT>d)</DT><DD Font="normal"><LA Size="normal">Arbeitsabläufe unter Berücksichtigung ergonomischer, ökologischer, wirtschaftlicher und arbeitssicherheitstechnischer Gesichtspunkte gestalten</LA></DD><DT>e)</DT><DD Font="normal"><LA Size="normal">Zeitaufwand und personelle Unterstützung abschätzen</LA></DD><DT>f)</DT><DD Font="normal"><LA Size="normal">Aufgaben im Team planen, abstimmen und umsetzen sowie Ergebnisse der Zusammenarbeit auswerten</LA></DD><DT>g)</DT><DD Font="normal"><LA Size="normal">Abstimmungen mit anderen Gewerken und weiteren Beteiligten treffen</LA></DD><DT>h)</DT><DD Font="normal"><LA Size="normal">technische Entwicklungen feststellen und berücksichtigen</LA></DD><DT>i)</DT><DD Font="normal"><LA Size="normal">Gespräche situationsgerecht führen, Sachverhalte darstellen, fremdsprachige Fachbegriffe anwenden und kulturelle Identitäten beachten</LA></DD><DT>j)</DT><DD Font="normal"><LA Size="normal">Termine mit Kunden abstimmen und anpassen</LA></DD></DL></entry><entry VJ="1" colname="col4" valign="middle"/><entry VJ="1" align="center" colname="col5" valign="middle">4</entry></row><row><entry VJ="1" align="center" colname="col1" morerows="1">3</entry><entry VJ="1" colname="col2" morerows="1">Qualitätssichernde Maßnahmen durchführen<BR/> (§ 4 Absatz 2 Nummer 3)</entry><entry VJ="1" align="justify" colname="col3"><DL Font="normal" Type="alpha"><DT>a)</DT><DD Font="normal"><LA Size="normal">Ziele und Aufgaben von qualitätssichernden Maßnahmen unterscheiden</LA></DD><DT>b)</DT><DD Font="normal"><LA Size="normal">Wareneingänge auf Vollständigkeit und Unversehrtheit kontrollieren und Waren lagern sowie Lagerkriterien beachten</LA></DD><DT>c)</DT><DD Font="normal"><LA Size="normal">Zwischenkontrollen durchführen</LA></DD></DL></entry><entry VJ="1" align="center" colname="col4" valign="middle">4</entry><entry VJ="1" colname="col5" valign="middle"/></row><row><entry VJ="1" align="justify" colname="col3"><DL Font="normal" Type="alpha"><DT>d)</DT><DD Font="normal"><LA Size="normal">Zusammenhänge zwischen Qualität, Kundenzufriedenheit und Betriebserfolg berücksichtigen</LA></DD><DT>e)</DT><DD Font="normal"><LA Size="normal">Endkontrollen durchführen</LA></DD><DT>f)</DT><DD Font="normal"><LA Size="normal">durchgeführte Arbeiten bewerten und dokumentieren</LA></DD><DT>g)</DT><DD Font="normal"><LA Size="normal">Ursachen von Qualitätsabweichungen feststellen und Maßnahmen zur Behebung ergreifen</LA></DD><DT>h)</DT><DD Font="normal"><LA Size="normal">zur kontinuierlichen Verbesserung der Arbeit im eigenen Arbeitsbereich beitragen</LA></DD></DL></entry><entry VJ="1" colname="col4" valign="middle"/><entry VJ="1" align="center" colname="col5" valign="middle">6</entry></row><row><entry VJ="1" align="center" colname="col1">4</entry><entry VJ="1" colname="col2">Arbeitsplätze einrichten,<BR/> sichern und räumen<BR/> (§ 4 Absatz 2 Nummer 4)</entry><entry VJ="1" align="justify" colname="col3"><DL Font="normal" Type="alpha"><DT>a)</DT><DD Font="normal"><LA Size="normal">persönliche Schutzausrüstungen auswählen und verwenden</LA></DD><DT>b)</DT><DD Font="normal"><LA Size="normal">Verkehrs- und Transportwege auf ihre Eignung beurteilen und Maßnahmen zur Nutzung veranlassen</LA></DD><DT>c)</DT><DD Font="normal"><LA Size="normal">Verkehrssicherungsmaßnahmen zur Be- und Entladung veranlassen</LA></DD><DT>d)</DT><DD Font="normal"><LA Size="normal">örtliche Gegebenheiten für den Arbeitsbeginn prüfen, insbesondere Maße und Leitungswege</LA></DD><DT>e)</DT><DD Font="normal"><LA Size="normal">Transportmittel und Transporthilfsmittel nutzen und warten sowie Maßnahmen zur Behebung von Mängeln und Störungen ergreifen</LA></DD><DT>f)</DT><DD Font="normal"><LA Size="normal">Fahrzeuge nach Anfahrfolgen und Transportgut unter Berücksichtigung der Gewichtsverteilung und Höchstladung beladen, ergonomische Gesichtspunkte berücksichtigen und Ladungen sichern</LA></DD><DT>g)</DT><DD Font="normal"><LA Size="normal">Leitern, Gerüste und Hubarbeitsbühnen auswählen, auf Verwendbarkeit und Betriebssicherheit prüfen sowie Arbeitsgerüste auf- und abbauen</LA></DD><DT>h)</DT><DD Font="normal"><LA Size="normal">Energiebereitstellung veranlassen und Sicherheitsmaßnahmen beim Umgang mit elektrischem Strom ergreifen</LA></DD><DT>i)</DT><DD Font="normal"><LA Size="normal">Materialien, Geräte und Maschinen vor Witterungseinflüssen und Beschädigungen schützen sowie gegen Diebstahl sichern und für den Abtransport vorbereiten</LA></DD><DT>j)</DT><DD Font="normal"><LA Size="normal">Abfall- und Reststoffe trennen und lagern und deren Entsorgung veranlassen</LA></DD><DT>k)</DT><DD Font="normal"><LA Size="normal">Sofortmaßnahmen zur Versorgung von verletzten Personen bei Arbeitsunfällen ergreifen und Unfallstellen sichern</LA></DD></DL></entry><entry VJ="1" align="center" colname="col4" valign="middle">10</entry><entry VJ="1" colname="col5" valign="middle"/></row><row><entry VJ="1" align="center" colname="col1">5</entry><entry VJ="1" colname="col2">Bauteile und Baugruppen<BR/> herstellen<BR/> (§ 4 Absatz 2 Nummer 5)</entry><entry VJ="1" align="justify" colname="col3"><DL Font="normal" Type="alpha"><DT>a)</DT><DD Font="normal"><LA Size="normal">Werkstoffe, insbesondere Hölzer, Kunststoffe, Metalle, Glas und Textilien, nach Verwendungszweck auswählen</LA></DD><DT>b)</DT><DD Font="normal"><LA Size="normal">Werk- und Hilfsstoffe sowie Halbzeuge auf Fehler prüfen und für die Be- und Verarbeitung vorbereiten</LA></DD><DT>c)</DT><DD Font="normal"><LA Size="normal">Werkzeuge, Geräte, Maschinen und technische Anlagen auswählen</LA></DD><DT>d)</DT><DD Font="normal"><LA Size="normal">Werkzeuge und Geräte handhaben und instand halten</LA></DD><DT>e)</DT><DD Font="normal"><LA Size="normal">Geräte, Maschinen und technische Anlagen einrichten und unter Verwendung von Schutzeinrichtungen bedienen sowie Werk- und Hilfsstoffe sowie Halbzeuge manuell und maschinell be- und verarbeiten</LA></DD></DL></entry><entry VJ="1" align="center" colname="col4" valign="middle"><BR/><BR/><BR/><BR/><BR/><BR/> 26</entry><entry VJ="1" colname="col5" valign="middle"/></row><row><entry VJ="1" colname="col1"/><entry VJ="1" colname="col2"/><entry VJ="1" align="justify" colname="col3"><DL Font="normal" Type="alpha"><DT>f)</DT><DD Font="normal"><LA Size="normal">Bauteile herstellen und zu Baugruppen fügen</LA></DD><DT>g)</DT><DD Font="normal"><LA Size="normal">Transportgeräte auswählen und bedienen</LA></DD><DT>h)</DT><DD Font="normal"><LA Size="normal">Störungen erkennen und Maßnahmen zur Störungsbeseitigung veranlassen</LA></DD><DT>i)</DT><DD Font="normal"><LA Size="normal">Geräte, Maschinen und technische Anlagen nach Wartungsvorschriften instand halten</LA></DD></DL></entry><entry VJ="1" colname="col4"/><entry VJ="1" colname="col5"/></row><row><entry VJ="1" align="center" colname="col1">6</entry><entry VJ="1" colname="col2">Rollpanzer und Behänge<BR/>aus Halbzeugen herstellen<BR/> (§ 4 Absatz 2 Nummer 6)</entry><entry VJ="1" align="justify" colname="col3"><DL Font="normal" Type="alpha"><DT>a)</DT><DD Font="normal"><LA Size="normal">Rollpanzer und Behänge, insbesondere für Rollläden, Markisen sowie Jalousien, nach Bauarten und Konstruktionen unterscheiden und auswählen</LA></DD><DT>b)</DT><DD Font="normal"><LA Size="normal">Profile und Stäbe nach Arbeitsauftrag auswählen und ablängen</LA></DD><DT>c)</DT><DD Font="normal"><LA Size="normal">Behänge aus unterschiedlichen Materialien unter Berücksichtigung unterschiedlicher Verfahren herstellen</LA></DD><DT>d)</DT><DD Font="normal"><LA Size="normal">Schlussstäbe, Schlussprofile und Fallstangen auswählen, bearbeiten und fügen</LA></DD><DT>e)</DT><DD Font="normal"><LA Size="normal">Aufhängungen auswählen und herstellen</LA></DD><DT>f)</DT><DD Font="normal"><LA Size="normal">Beschläge auswählen und anbringen</LA></DD><DT>g)</DT><DD Font="normal"><LA Size="normal">Maßnahmen zur Oberflächenbehandlung durchführen</LA></DD><DT>h)</DT><DD Font="normal"><LA Size="normal">Rollpanzer zusammenbauen und gegen seitliches Verschieben sichern</LA></DD></DL></entry><entry VJ="1" align="center" colname="col4" valign="middle">14</entry><entry VJ="1" align="center" colname="col5" valign="middle"/></row><row><entry VJ="1" align="center" colname="col1">7</entry><entry VJ="1" colname="col2">Rollabschlüsse aus<BR/>Halbzeugen, Bauteilen<BR/>und Baugruppen herstellen<BR/>und montieren<BR/> (§ 4 Absatz 2 Nummer 7)</entry><entry VJ="1" align="justify" colname="col3"><DL Font="normal" Type="alpha"><DT>a)</DT><DD Font="normal"><LA Size="normal">Rollabschlüsse, insbesondere Rollläden und Markisen, nach Bauarten und Konstruktionen unterscheiden und auswählen</LA></DD><DT>b)</DT><DD Font="normal"><LA Size="normal">Untergründe prüfen sowie Befestigungsmittel auswählen und einsetzen</LA></DD><DT>c)</DT><DD Font="normal"><LA Size="normal">Wellenteile herstellen, zusammenbauen und auf Rundlauf prüfen</LA></DD><DT>d)</DT><DD Font="normal"><LA Size="normal">Tragkonstruktionen herstellen und montieren</LA></DD><DT>e)</DT><DD Font="normal"><LA Size="normal">Antriebe nach Bauart und Verwendungszweck auswählen und einbauen</LA></DD><DT>f)</DT><DD Font="normal"><LA Size="normal">Wellen montieren</LA></DD><DT>g)</DT><DD Font="normal"><LA Size="normal">Führungsschienen anpassen und montieren</LA></DD><DT>h)</DT><DD Font="normal"><LA Size="normal">Rollabschlüsse und Behänge montieren</LA></DD><DT>i)</DT><DD Font="normal"><LA Size="normal">Dämmmaßnahmen durchführen</LA></DD><DT>j)</DT><DD Font="normal"><LA Size="normal">Verkleidungen herstellen und montieren</LA></DD><DT>k)</DT><DD Font="normal"><LA Size="normal">Bauwerksanschlüsse herstellen</LA></DD><DT>l)</DT><DD Font="normal"><LA Size="normal">Maßnahmen zur Sicherheit, insbesondere zur Einbruchhemmung, durchführen</LA></DD><DT>m)</DT><DD Font="normal"><LA Size="normal">Korrosionsschutzmaßnahmen durchführen</LA></DD><DT>n)</DT><DD Font="normal"><LA Size="normal">Art der Funktionsprüfungen von Rollabschlüssen festlegen, Funktionsprüfungen vorbereiten sowie mechanische, elektronische und elektrotechnische Funktionsprüfungen durchführen</LA></DD><DT>o)</DT><DD Font="normal"><LA Size="normal">Ursachen von Funktionsstörungen ermitteln und Maßnahmen zur Behebung ergreifen</LA></DD><DT>p)</DT><DD Font="normal"><LA Size="normal">Sicherheitsprüfungen durchführen</LA></DD><DT>q)</DT><DD Font="normal"><LA Size="normal">Prüfergebnisse dokumentieren und bewerten</LA></DD></DL></entry><entry VJ="1" align="center" colname="col4" valign="middle"/><entry VJ="1" align="center" colname="col5" valign="middle">14</entry></row><row><entry VJ="1" align="center" colname="col1">8</entry><entry VJ="1" colname="col2">Zusätzliche, nicht rollbare<BR/>Abschlüsse montieren<BR/> (§ 4 Absatz 2 Nummer 8)</entry><entry VJ="1" align="justify" colname="col3"><DL Font="normal" Type="alpha"><DT>a)</DT><DD Font="normal"><LA Size="normal">zusätzliche, nicht rollbare Abschlüsse, insbesondere Jalousien, nach Bauarten und Konstruktionen unterscheiden und auswählen</LA></DD><DT>b)</DT><DD Font="normal"><LA Size="normal">Untergründe prüfen sowie Befestigungsmittel auswählen und einsetzen</LA></DD><DT>c)</DT><DD Font="normal"><LA Size="normal">nicht rollbare Abschlüsse für den Einbau vorbereiten</LA></DD><DT>d)</DT><DD Font="normal"><LA Size="normal">Antriebe nach Bauarten und Verwendungszweck auswählen und einbauen</LA></DD><DT>e)</DT><DD Font="normal"><LA Size="normal">nicht rollbare Abschlüsse montieren und Bauwerksanschlüsse herstellen</LA></DD><DT>f)</DT><DD Font="normal"><LA Size="normal">Sicherheitseinrichtungen nach Herstellervorgaben montieren und Maßnahmen zur Einbruchhemmung durchführen</LA></DD><DT>g)</DT><DD Font="normal"><LA Size="normal">Korrosionsschutzmaßnahmen durchführen</LA></DD><DT>h)</DT><DD Font="normal"><LA Size="normal">Art der Funktionsprüfungen von nicht rollbaren Abschlüssen festlegen, Funktionsprüfungen vorbereiten sowie mechanische, elektronische und elektrotechnische Funktionsprüfungen durchführen</LA></DD><DT>i)</DT><DD Font="normal"><LA Size="normal">Ursachen von Funktionsstörungen ermitteln und Maßnahmen zur Behebung ergreifen</LA></DD><DT>j)</DT><DD Font="normal"><LA Size="normal">Sicherheitsprüfungen durchführen</LA></DD><DT>k)</DT><DD Font="normal"><LA Size="normal">Prüfergebnisse dokumentieren und bewerten</LA></DD></DL></entry><entry VJ="1" align="center" colname="col4" valign="middle">10</entry><entry VJ="1" align="center" colname="col5" valign="middle"/></row><row><entry VJ="1" align="center" colname="col1">9</entry><entry VJ="1" colname="col2">Alleinige Abschlüsse<BR/>montieren<BR/> (§ 4 Absatz 2 Nummer 9)</entry><entry VJ="1" align="justify" colname="col3"><DL Font="normal" Type="alpha"><DT>a)</DT><DD Font="normal"><LA Size="normal">alleinige Abschlüsse einer begeh- oder befahrbaren Bauwerksöffnung, insbesondere von Toren, nach Bauarten, Konstruktionen und Antrieben unterscheiden und auswählen</LA></DD><DT>b)</DT><DD Font="normal"><LA Size="normal">Untergründe prüfen und Befestigungsmittel auswählen und einsetzen</LA></DD><DT>c)</DT><DD Font="normal"><LA Size="normal">alleinige Abschlüsse für den Einbau vorbereiten</LA></DD><DT>d)</DT><DD Font="normal"><LA Size="normal">alleinige Abschlüsse nach Montageanleitung montieren, Herstellervorgaben umsetzen und Bauwerksanschlüsse herstellen</LA></DD><DT>e)</DT><DD Font="normal"><LA Size="normal">Sicherheitseinrichtungen nach Herstellervorgaben montieren und Maßnahmen zur Einbruchhemmung durchführen</LA></DD><DT>f)</DT><DD Font="normal"><LA Size="normal">Korrosionsschutzmaßnahmen durchführen</LA></DD><DT>g)</DT><DD Font="normal"><LA Size="normal">Art der Funktionsprüfungen von alleinigen Abschlüssen festlegen, Funktionsprüfungen vorbereiten sowie mechanische, elektronische und elektrotechnische Funktionsprüfungen durchführen</LA></DD><DT>h)</DT><DD Font="normal"><LA Size="normal">Ursachen von Funktionsstörungen ermitteln und Maßnahmen zur Behebung ergreifen</LA></DD><DT>i)</DT><DD Font="normal"><LA Size="normal">Sicherheitsprüfungen nach gesetzlichen Vorschriften und Richtlinien durchführen</LA></DD><DT>j)</DT><DD Font="normal"><LA Size="normal">Prüfergebnisse dokumentieren und bewerten</LA></DD></DL></entry><entry VJ="1" align="center" colname="col4" valign="middle"/><entry VJ="1" align="center" colname="col5" valign="middle">14</entry></row><row><entry VJ="1" align="center" colname="col1" morerows="1">10</entry><entry VJ="1" colname="col2" morerows="1">Rollladen- und Fenster-<BR/>kombinationen herstellen<BR/>und montieren<BR/> (§ 4 Absatz 2 Nummer 10)</entry><entry VJ="1" align="justify" colname="col3"><DL Font="normal" Type="alpha"><DT>a)</DT><DD Font="normal"><LA Size="normal">Rollladen- und Fensterkombinationen nach Bauarten und Konstruktionen unterscheiden und auswählen</LA></DD><DT>b)</DT><DD Font="normal"><LA Size="normal">Teile für Rollladen- und Fensterkombinationen herstellen und zusammenbauen</LA></DD></DL></entry><entry VJ="1" align="center" colname="col4" valign="middle">10</entry><entry VJ="1" align="center" colname="col5" valign="middle"/></row><row><entry VJ="1" align="justify" colname="col3"><DL Font="normal" Type="alpha"><DT>c)</DT><DD Font="normal"><LA Size="normal">Untergründe prüfen sowie Befestigungsmittel auswählen und einsetzen</LA></DD><DT>d)</DT><DD Font="normal"><LA Size="normal">Fertigelemente und Bauteilkombinationen für die Montage vorbereiten und systembezogen einbauen</LA></DD><DT>e)</DT><DD Font="normal"><LA Size="normal">Beschläge und Funktionsteile montieren</LA></DD><DT>f)</DT><DD Font="normal"><LA Size="normal">Bauwerksanschlüsse herstellen</LA></DD><DT>g)</DT><DD Font="normal"><LA Size="normal">Maßnahmen zur Sicherheit, insbesondere zur Einbruchhemmung, durchführen</LA></DD><DT>h)</DT><DD Font="normal"><LA Size="normal">Art der Funktionsprüfungen von Rollladen- und Fensterkombinationen festlegen, Funktionsprüfungen vorbereiten sowie mechanische, elektronische und elektrotechnische Funktionsprüfungen durchführen</LA></DD><DT>i)</DT><DD Font="normal"><LA Size="normal">Ursachen von Funktionsstörungen ermitteln und Maßnahmen zur Behebung ergreifen</LA></DD><DT>j)</DT><DD Font="normal"><LA Size="normal">Sicherheitsprüfungen durchführen</LA></DD><DT>k)</DT><DD Font="normal"><LA Size="normal">Prüfergebnisse dokumentieren und bewerten</LA></DD></DL></entry><entry VJ="1" align="center" colname="col4" valign="middle"/><entry VJ="1" align="center" colname="col5" valign="middle">8</entry></row><row><entry VJ="1" align="center" colname="col1">11</entry><entry VJ="1" colname="col2">Automatisierungs- und<BR/>Steuerungskomponenten<BR/>montieren und programmieren<BR/> (§ 4 Absatz 2 Nummer 11)</entry><entry VJ="1" align="justify" colname="col3"><DL Font="normal" Type="alpha"><DT>a)</DT><DD Font="normal"><LA Size="normal">Komponenten und Systeme zur Ansteuerung von Antrieben und zur Steuerung von automatischen Abläufen nach Bauarten und Funktionen unterscheiden, auswählen und prüfen</LA></DD><DT>b)</DT><DD Font="normal"><LA Size="normal">Regeln für Arbeiten an elektrischen Anlagen für Antriebe und Steuerungen von Rollladen- und Sonnenschutzsystemen anwenden und Unfallverhütungsvorschriften beachten</LA></DD><DT>c)</DT><DD Font="normal"><LA Size="normal">elektrische Anschlüsse auf mechanische Beschädigungen sichtprüfen</LA></DD><DT>d)</DT><DD Font="normal"><LA Size="normal">Steuerungskomponenten, insbesondere elektrische Antriebe, und Systeme für die Montage vorbereiten und nach Herstellerangaben einbauen</LA></DD><DT>e)</DT><DD Font="normal"><LA Size="normal">elektrische Anschlüsse an vorhandene, sicherheitsgeprüfte und freigegebene Einspeisepunkte herstellen sowie Sicherheitsregeln zur Vermeidung von Gefahren durch elektrischen Strom beachten und anwenden</LA></DD><DT>f)</DT><DD Font="normal"><LA Size="normal">Steuerungskomponenten und Systeme einstellen und in Betrieb nehmen</LA></DD><DT>g)</DT><DD Font="normal"><LA Size="normal">Steuerungskomponenten und Systeme nach Anforderungen zur Automatisierung programmieren und Programmierungen dokumentieren</LA></DD><DT>h)</DT><DD Font="normal"><LA Size="normal">Programmierungen mit dem Kunden abstimmen sowie Programmierungen durchführen, dem Kunden erläutern und ihn in die Steuerungen einweisen</LA></DD><DT>i)</DT><DD Font="normal"><LA Size="normal">System- und Funktionsprüfungen durchführen sowie Ergebnisse dokumentieren und bewerten</LA></DD><DT>j)</DT><DD Font="normal"><LA Size="normal">Sicherheitsprüfungen bei alleinigen Abschlüssen durchführen sowie Ergebnisse dokumentieren und bewerten</LA></DD><DT>k)</DT><DD Font="normal"><LA Size="normal">Ursachen von Funktionsstörungen ermitteln und Maßnahmen zur Behebung ergreifen</LA></DD></DL></entry><entry VJ="1" align="center" colname="col4" valign="middle"/><entry VJ="1" align="center" colname="col5" valign="middle">16</entry></row><row><entry VJ="1" align="center" colname="col1">12</entry><entry VJ="1" colname="col2">Wartungs- und Instand-<BR/>setzungsarbeiten durchführen<BR/> (§ 4 Absatz 2 Nummer 12)</entry><entry VJ="1" align="justify" colname="col3"><DL Font="normal" Type="alpha"><DT>a)</DT><DD Font="normal"><LA Size="normal">Wartungsarbeiten entsprechend den Wartungsintervallen vorbereiten, durchführen und protokollieren</LA></DD><DT>b)</DT><DD Font="normal"><LA Size="normal">Schäden und deren Ursachen ermitteln und dokumentieren</LA></DD><DT>c)</DT><DD Font="normal"><LA Size="normal">Instandsetzungsarbeiten vorbereiten, durchführen und dokumentieren</LA></DD><DT>d)</DT><DD Font="normal"><LA Size="normal">Sicherungsmaßnahmen durchführen</LA></DD><DT>e)</DT><DD Font="normal"><LA Size="normal">regelmäßige Sicherheitsüberprüfungen durchführen, gesetzliche Bestimmungen und Richtlinien beachten sowie Ergebnisse dokumentieren und bewerten</LA></DD></DL></entry><entry VJ="1" align="center" colname="col4" valign="middle"/><entry VJ="1" align="center" colname="col5" valign="middle"><BR/><BR/><BR/><BR/> 8</entry></row><row><entry VJ="1" align="center" colname="col1">13</entry><entry VJ="1" colname="col2">Leistungen übergeben und<BR/>Kundengespräche führen<BR/> (§ 4 Absatz 2 Nummer 13)</entry><entry VJ="1" align="justify" colname="col3"><DL Font="normal" Type="alpha"><DT>a)</DT><DD Font="normal"><LA Size="normal">Kundengespräche führen, insbesondere zur Übergabe von fertiggestellten Arbeiten, zur Erläuterung von Pflege- und Bedienungsanleitungen sowie zu Wartungsintervallen</LA></DD><DT>b)</DT><DD Font="normal"><LA Size="normal">Abnahmen durchführen und Abnahmeprotokolle erstellen</LA></DD><DT>c)</DT><DD Font="normal"><LA Size="normal">Reklamationen entgegennehmen, bearbeiten und weiterleiten</LA></DD><DT>d)</DT><DD Font="normal"><LA Size="normal">Tätigkeitsnachweise erstellen sowie Zeitaufwand und Materialverbrauch erfassen und dokumentieren</LA></DD><DT>e)</DT><DD Font="normal"><LA Size="normal">weitere Kundenbedarfe feststellen</LA></DD><DT>f)</DT><DD Font="normal"><LA Size="normal">Kunden über das betriebliche Leistungsspektrum und Dienstleistungen, insbesondere zur Energieeinsparung, informieren, Kundenanforderungen erfassen und Kundenbedarfe auf Umsetzbarkeit prüfen</LA></DD><DT>g)</DT><DD Font="normal"><LA Size="normal">durch das eigene Verhalten zur Kundenzufriedenheit beitragen</LA></DD><DT>h)</DT><DD Font="normal"><LA Size="normal">Aufmaße erstellen und weiterleiten</LA></DD></DL></entry><entry VJ="1" align="center" colname="col4" valign="middle"/><entry VJ="1" align="center" colname="col5" valign="middle">8</entry></row></tbody></tgroup></table><BR/><BR/><table frame="all" pgwide="1" tabstyle="Ausbildung" tocentry="%yes;"><Title Align="left" Class="S1">Abschnitt B: integrativ zu vermittelnde Fertigkeiten, Kenntnisse und Fähigkeiten</Title><tgroup align="left" char="" charoff="50" cols="5" colsep="1" rowsep="1"><colspec colname="col1" colnum="1" colwidth=".75*"/><colspec colname="col2" colnum="2" colwidth="4.5*"/><colspec colname="col3" colnum="3" colwidth="8.5*"/><colspec colname="col4" colnum="4" colwidth="1.5*"/><colspec colname="col5" colnum="5" colwidth="1.5*"/><thead valign="bottom"><row><entry VJ="1" align="center" colname="col1" morerows="1" valign="middle">Lfd.<BR/> Nr.</entry><entry VJ="1" align="center" colname="col2" morerows="1" valign="middle">Teil des<BR/> Ausbildungsberufsbildes</entry><entry VJ="1" align="center" colname="col3" morerows="1" valign="middle">Zu vermittelnde<BR/> Fertigkeiten, Kenntnisse und Fähigkeiten</entry><entry VJ="1" align="center" nameend="col5" namest="col4" valign="middle">Zeitliche Richtwerte<BR/> in Wochen im</entry></row><row><entry VJ="1" align="center" colname="col4" valign="middle">1. bis 18.<BR/> Monat</entry><entry VJ="1" align="center" colname="col5" valign="middle">19. bis 36.<BR/> Monat</entry></row><row><entry VJ="1" align="center" colname="col1" valign="middle">1</entry><entry VJ="1" align="center" colname="col2" valign="middle">2</entry><entry VJ="1" align="center" colname="col3" valign="middle">3</entry><entry VJ="1" align="center" nameend="col5" namest="col4" valign="middle">4</entry></row></thead><tbody valign="top"><row><entry VJ="1" align="center" colname="col1">1</entry><entry VJ="1" colname="col2">Berufsbildung, Arbeits-<BR/>und Tarifrecht<BR/> (§ 4 Absatz 3 Nummer 1)</entry><entry VJ="1" align="justify" colname="col3"><DL Font="normal" Type="alpha"><DT>a)</DT><DD Font="normal"><LA Size="normal">Bedeutung des Ausbildungsvertrages erklären, insbesondere Abschluss, Dauer und Beendigung</LA></DD><DT>b)</DT><DD Font="normal"><LA Size="normal">gegenseitige Rechte und Pflichten aus dem Ausbildungsvertrag nennen</LA></DD><DT>c)</DT><DD Font="normal"><LA Size="normal">Möglichkeiten der beruflichen Fortbildung nennen</LA></DD><DT>d)</DT><DD Font="normal"><LA Size="normal">wesentliche Teile des Arbeitsvertrages nennen</LA></DD><DT>e)</DT><DD Font="normal"><LA Size="normal">wesentliche Bestimmungen der für den Ausbildungsbetrieb geltenden Tarifverträge nennen</LA></DD></DL></entry><entry VJ="1" align="left" morerows="1" nameend="col5" namest="col4" valign="middle"/></row><row><entry VJ="1" align="center" colname="col1">2</entry><entry VJ="1" colname="col2">Aufbau und Organisation des<BR/>Ausbildungsbetriebes<BR/> (§ 4 Absatz 3 Nummer 2)</entry><entry VJ="1" align="justify" colname="col3"><DL Font="normal" Type="alpha"><DT>a)</DT><DD Font="normal"><LA Size="normal">Aufbau und Aufgaben des Ausbildungsbetriebes erläutern</LA></DD><DT>b)</DT><DD Font="normal"><LA Size="normal">Grundfunktionen des Ausbildungsbetriebes wie Beschaffung, Fertigung, Absatz und Verwaltung erklären</LA></DD><DT>c)</DT><DD Font="normal"><LA Size="normal">Beziehungen des Ausbildungsbetriebes und seiner Belegschaft zu Wirtschaftsorganisationen, Berufsvertretungen und Gewerkschaften nennen</LA></DD><DT>d)</DT><DD Font="normal"><LA Size="normal">Grundlagen, Aufgaben und Arbeitsweise der betriebsverfassungs- oder personalvertretungsrechtlichen Organe des Ausbildungsbetriebes beschreiben</LA></DD></DL></entry></row><row><entry VJ="1" align="center" colname="col1">3</entry><entry VJ="1" colname="col2">Sicherheit und<BR/> Gesundheitsschutz<BR/>bei der Arbeit<BR/> (§ 4 Absatz 3 Nummer 3)</entry><entry VJ="1" align="justify" colname="col3"><DL Font="normal" Type="alpha"><DT>a)</DT><DD Font="normal"><LA Size="normal">Gefährdung von Sicherheit und Gesundheit am Arbeitsplatz feststellen und Maßnahmen zur Vermeidung der Gefährdung ergreifen</LA></DD><DT>b)</DT><DD Font="normal"><LA Size="normal">berufsbezogene Arbeitsschutz- und Unfallverhütungsvorschriften anwenden</LA></DD><DT>c)</DT><DD Font="normal"><LA Size="normal">Verhaltensweisen bei Unfällen beschreiben sowie erste Maßnahmen einleiten</LA></DD><DT>d)</DT><DD Font="normal"><LA Size="normal">Vorschriften des vorbeugenden Brandschutzes anwenden sowie Verhaltensweisen bei Bränden beschreiben und Maßnahmen zur Brandbekämpfung ergreifen</LA></DD></DL></entry><entry VJ="1" morerows="1" nameend="col5" namest="col4">während<BR/> der gesamten<BR/> Ausbildung</entry></row><row><entry VJ="1" align="center" colname="col1">4</entry><entry VJ="1" colname="col2">Umweltschutz<BR/> (§ 4 Absatz 3 Nummer 4)</entry><entry VJ="1" align="justify" colname="col3">Zur Vermeidung betriebsbedingter Umweltbelastungen im beruflichen Einwirkungsbereich beitragen, insbesondere <DL Font="normal" Type="alpha"><DT>a)</DT><DD Font="normal"><LA Size="normal">mögliche Umweltbelastungen durch den Ausbildungsbetrieb und seinen Beitrag zum Umweltschutz an Beispielen erklären</LA></DD><DT>b)</DT><DD Font="normal"><LA Size="normal">für den Ausbildungsbetrieb geltende Regelungen des Umweltschutzes anwenden</LA></DD><DT>c)</DT><DD Font="normal"><LA Size="normal">Möglichkeiten der wirtschaftlichen und umweltschonenden Energie- und Materialverwendung nutzen</LA></DD><DT>d)</DT><DD Font="normal"><LA Size="normal">Abfälle vermeiden sowie Stoffe und Materialien einer umweltschonenden Entsorgung zuführen</LA></DD></DL></entry></row></tbody></tgroup></table></Content></text></textdaten></norm>
</dokumente>