<?xml version="1.0" encoding="UTF-8" ?><!DOCTYPE dokumente SYSTEM "http://www.gesetze-im-internet.de/dtd/1.01/gii-norm.dtd">
<dokumente builddate="20120625154243" doknr="BJNR201350929"><norm builddate="20120625154243" doknr="BJNR201350929"><metadaten><jurabk>RVerkAbkGBRAV</jurabk><ausfertigung-datum manuell="ja">1929-03-05</ausfertigung-datum><fundstelle typ="amtlich"><periodikum>RGBl II</periodikum><zitstelle>1929, 135</zitstelle></fundstelle><langue>Verordnung zur Ausführung des deutsch-britischen Abkommens über den
Rechtsverkehr</langue><standangabe checked="ja"><standtyp>Stand</standtyp><standkommentar>Zuletzt geändert durch Art. 16 G v. 27.7.2001 I 1887</standkommentar></standangabe></metadaten><textdaten><fussnoten><Content><P>(+++ Textnachweis Geltung ab: 1.1.1964 +++)</P></Content></fussnoten></textdaten></norm>
<norm builddate="20120625154243" doknr="BJNR201350929BJNE000100306"><metadaten><jurabk>RVerkAbkGBRAV</jurabk><enbez>Eingangsformel</enbez></metadaten><textdaten><text format="XML"><Content><P>Auf Grund des § 2 des Gesetzes wegen des deutsch-britischen Abkommens über den Rechtsverkehr vom 3. Dezember 1928 (Reichsgesetzbl. II S. 623) verordnet die Reichsregierung:</P></Content></text></textdaten></norm>
<norm builddate="20120625154243" doknr="BJNR201350929BJNE000200306"><metadaten><jurabk>RVerkAbkGBRAV</jurabk><enbez>Art 1</enbez></metadaten><textdaten><text format="XML"><Content><P>Für die Erledigung der in den Artikeln 3 und 9 des Abkommens vorgesehenen Angelegenheiten ist das Amtsgericht zuständig, in dessen Bezirk die Amtshandlung vorgenommen werden soll.</P></Content></text><fussnoten/></textdaten></norm>
<norm builddate="20120625154243" doknr="BJNR201350929BJNE000301310"><metadaten><jurabk>RVerkAbkGBRAV</jurabk><enbez>Art 2</enbez></metadaten><textdaten><text format="XML"><Content><P>(1) Für die Erledigung der in Artikel 12 des Abkommens vorgesehenen Angelegenheiten ist das Amtsgericht zuständig, in dessen Bezirk der britische diplomatische oder konsularische Beamte, der die Beweisaufnahme vorzunehmen hat, seinen Sitz hat.</P><P>(2) Wird im Falle des Artikel 12 Buchstabe a Abs. 2 des Abkommens von einem Zeugen oder einer sonst zu vernehmenden Person britischer Staatsangehörigkeit der Aufforderung, vor dem britischen diplomatischen oder konsularischen Beamten zu erscheinen, keine Folge geleistet oder bei der Vernehmung durch diesen die Aussage verweigert, so finden die Vorschriften der §§ 380, 390, 409 der Zivilprozeßordnung entsprechende Anwendung. Maßnahmen auf Grund dieser Vorschriften sind nur unter denselben Voraussetzungen wie in einem vor einem deutschen Gericht anhängigen bürgerlichen Rechtsstreit zulässig.</P><P>(3) Die Entscheidung erfolgt auf Grund der amtlichen Mitteilung des britischen diplomatischen oder konsularischen Beamten von Amts wegen. Vor der Beschlußfassung sind der Zeuge oder die sonst zu vernehmende Person und auf Verlangen auch der Staatsanwalt zu hören.</P><P>(4) Der Beschluss unterliegt der Beschwerde nach den §§ 567 bis 577 der Zivilprozessordnung. Die Beschwerde steht auch dem Staatsanwalt zu.</P></Content>   </text><fussnoten/></textdaten></norm>
<norm builddate="20120625154243" doknr="BJNR201350929BJNE000401311"><metadaten><jurabk>RVerkAbkGBRAV</jurabk><enbez>Art 3</enbez></metadaten><textdaten><text format="XML"><Content><P>(weggefallen)</P></Content></text><fussnoten/></textdaten></norm>
</dokumente>