<?xml version="1.0" encoding="UTF-8" ?><!DOCTYPE dokumente SYSTEM "http://www.gesetze-im-internet.de/dtd/1.01/gii-norm.dtd">
<dokumente builddate="20130405131825" doknr="BJNR183400002"><norm builddate="20130405131825" doknr="BJNR183400002"><metadaten><jurabk>ChemikAusbErprobV</jurabk><ausfertigung-datum manuell="ja">2002-06-12</ausfertigung-datum><fundstelle typ="amtlich"><periodikum>BGBl I</periodikum><zitstelle>2002, 1834</zitstelle></fundstelle><langue>Verordnung über die Erprobung einer neuen Ausbildungsform für die Berufsausbildung zum Chemikanten/zur Chemikantin</langue><standangabe checked="ja"><standtyp>Stand</standtyp><standkommentar>Geändert durch Art. 7 V v. 17.7.2007 I 1402</standkommentar></standangabe><standangabe checked="ja"><standtyp>Aufh</standtyp><standkommentar>Die V tritt gem. § 6 idF d. Art. 7 Nr. 4 V v. 17.7.2007 I 1402 mit Ausnahme des § 5 am 31.7.2009 außer Kraft.</standkommentar></standangabe></metadaten><textdaten><fussnoten><Content><P><BR/> <pre xml:space="preserve">(+++ Textnachweis ab: 1.8.2002 +++)<BR/><BR/></pre></P></Content></fussnoten></textdaten></norm>
<norm builddate="20130405131825" doknr="BJNR183400002BJNE000000000"><metadaten><jurabk>ChemikAusbErprobV</jurabk><enbez>Eingangsformel</enbez></metadaten><textdaten><text format="XML"><Content><P>Auf Grund des § 28 Abs. 3 des Berufsbildungsgesetzes vom 14. August 1969 (BGBl. I S. 1112), der zuletzt durch Artikel 212 Nr. 2 der Verordnung vom 29. Oktober 2001 (BGBl. I S. 2785) geändert worden ist, verordnet das Bundesministerium für Wirtschaft und Technologie im Einvernehmen mit dem Bundesministerium für Bildung und Forschung:</P></Content></text></textdaten></norm>
<norm builddate="20130405131825" doknr="BJNR183400002BJNE000301308"><metadaten><jurabk>ChemikAusbErprobV</jurabk><enbez>§ 3</enbez><titel format="parat">Teil 2 der Abschlussprüfung</titel></metadaten><textdaten><text format="XML"><Content><P>(1) Teil 2 der Abschlussprüfung erstreckt sich auf die in der Anlage zur Verordnung über die Berufsausbildung zum Chemikanten/zur Chemikantin vom 27. Februar 2001 (BGBl. I S. 350) aufgeführten Fertigkeiten und Kenntnisse sowie auf den im Berufsschulunterricht vermittelten Lehrstoff, soweit er für die Berufsausbildung wesentlich ist. Fertigkeiten und Kenntnisse, die bereits Gegenstand von Teil 1 der Abschlussprüfung gewesen sind, sollen nur einbezogen werden, soweit es für die gemäß § 38 des Berufsbildungsgesetzes zu treffende Feststellung der Berufsbefähigung erforderlich ist.</P><P>(2) Der Prüfling soll im praktischen Teil von Teil 2 der Abschlussprüfung in höchstens zehn Stunden eine praktische Aufgabe durchführen. Hierfür kommt insbesondere in Betracht:</P><P>Durchführen eines Produktions- oder Verarbeitungsprozesses unter Berücksichtigung <DL Font="normal" Type="arabic"><DT>1.</DT><DD Font="normal"><LA Size="normal">der Produktionstechnik mit mindestens zwei verfahrenstechnischen Grundoperationen,</LA></DD><DT>2.</DT><DD Font="normal"><LA Size="normal">der Prozessleittechnik mit mindestens einer Mess- sowie einer Regelungs- oder Steuerungsaufgabe und</LA></DD><DT>3.</DT><DD Font="normal"><LA Size="normal">der Anlagentechnik mit mindestens einer Montageaufgabe sowie einer Inspektions- oder Wartungsarbeit.</LA></DD></DL>Bei der praktischen Aufgabe sind gemäß § 3 Abs. 1 Nr. 2 der Verordnung über die Berufsausbildung zum Chemikanten/zur Chemikantin vom 27. Februar 2001 (BGBl. I S. 350) gewählte Wahlqualifikationseinheiten zu berücksichtigen. Der Prüfling soll bei der praktischen Aufgabe zeigen, dass er die Arbeitsabläufe selbständig und wirtschaftlich planen, Arbeitszusammenhänge erkennen, Arbeitsergebnisse kontrollieren und dokumentieren, Maßnahmen zur Sicherheit und zum Gesundheitsschutz bei der Arbeit, zum Umweltschutz und qualitätssichernde Maßnahmen ergreifen sowie die relevanten fachlichen Hintergründe seiner Arbeit aufzeigen und seine Vorgehensweise begründen kann. Bei der Bewertung der praktischen Aufgabe sind die Produktionstechnik mit 60 Prozent, die Prozessleittechnik und die Anlagentechnik mit jeweils 20 Prozent zu gewichten.</P><P>(3) Der Prüfling soll im schriftlichen Teil von Teil 2 der Abschlussprüfung in den Prüfungsbereichen Verfahrens- und Produktionstechnik, Prozessleittechnik, Anlagentechnik sowie Wirtschafts- und Sozialkunde geprüft werden. In den Prüfungsbereichen Verfahrens- und Produktionstechnik, Prozessleittechnik sowie Anlagentechnik soll der Prüfling zeigen, dass er insbesondere durch Verknüpfung von arbeitsorganisatorischen, technologischen und mathematischen Sachverhalten sowie damit zusammenhängenden informationstechnischen Fragestellungen praxisbezogene Fälle lösen kann. Dabei sollen Maßnahmen zur Sicherheit und zum Gesundheitsschutz bei der Arbeit, zum Umweltschutz sowie qualitätssichernde Maßnahmen einbezogen werden. Es kommen Aufgaben insbesondere aus folgenden Gebieten in Betracht: <DL Font="normal" Type="arabic"><DT>1.</DT><DD Font="normal"><LA Size="normal">im Prüfungsbereich Verfahrens- und Produktionstechnik: <DL Font="normal" Type="arabic"><DT>a)</DT><DD Font="normal"><LA Size="normal">thermische und mechanische Verfahrenstechnik,</LA></DD><DT>b)</DT><DD Font="normal"><LA Size="normal">Produktionsverfahren,</LA></DD><DT>c)</DT><DD Font="normal"><LA Size="normal">Optimieren von Produktionsabläufen;</LA></DD></DL></LA></DD><DT>2.</DT><DD Font="normal"><LA Size="normal">im Prüfungsbereich Prozessleittechnik: <DL Font="normal" Type="arabic"><DT>a)</DT><DD Font="normal"><LA Size="normal">installationstechnische Arbeiten,</LA></DD><DT>b)</DT><DD Font="normal"><LA Size="normal">Steuern, Regeln;</LA></DD></DL></LA></DD><DT>3.</DT><DD Font="normal"><LA Size="normal">im Prüfungsbereich Anlagentechnik: <DL Font="normal" Type="arabic"><DT>a)</DT><DD Font="normal"><LA Size="normal">installationstechnische Arbeiten,</LA></DD><DT>b)</DT><DD Font="normal"><LA Size="normal">Instandhaltung von Produktionseinrichtungen;</LA></DD></DL></LA></DD><DT>4.</DT><DD Font="normal"><LA Size="normal">im Prüfungsbereich Wirtschafts- und Sozialkunde:</LA><LA Size="normal">allgemeine wirtschaftliche und gesellschaftliche Zusammenhänge der Arbeits- und Berufswelt.</LA></DD></DL></P><P>(4) Der schriftliche Teil von Teil 2 der Abschlussprüfung dauert höchstens: <BR/><BR/><table frame="none" tocentry="%yes;"><tgroup align="left" char="" charoff="50" cols="3" colsep="0" rowsep="0"><colspec colname="col1" colnum="1" colwidth="20"/><colspec colname="col2" colnum="2" colwidth="300"/><colspec align="right" colname="col3" colnum="3" colwidth="100"/><tbody valign="top"><row><entry VJ="1">1.</entry><entry VJ="1">im Prüfungsbereich<BR/>Verfahrens- und Produktionstechnik</entry><entry VJ="1" valign="bottom">120 Minuten,</entry></row><row><entry VJ="1">2.</entry><entry VJ="1">im Prüfungsbereich<BR/>Prozessleittechnik</entry><entry VJ="1" valign="bottom">60 Minuten,</entry></row><row><entry VJ="1">3.</entry><entry VJ="1">im Prüfungsbereich<BR/>Anlagentechnik</entry><entry VJ="1" valign="bottom">60 Minuten,</entry></row><row><entry VJ="1">4.</entry><entry VJ="1">im Prüfungsbereich<BR/>Wirtschafts- und Sozialkunde</entry><entry VJ="1" valign="bottom">30 Minuten.</entry></row></tbody></tgroup></table></P><P>(5) Der schriftliche Teil von Teil 2 der Abschlussprüfung ist auf Antrag des Prüflings oder nach Ermessen des Prüfungsausschusses in einzelnen Bereichen durch eine mündliche Prüfung zu ergänzen, wenn diese für das Bestehen der Abschlussprüfung insgesamt den Ausschlag geben kann. Bei der Ermittlung des Ergebnisses für die mündlich geprüften Prüfungsbereiche sind das bisherige Ergebnis und das Ergebnis der mündlichen Ergänzungsprüfung im Verhältnis 2:1 zu gewichten.</P><P>(6) Innerhalb des schriftlichen Teils von Teil 2 der Abschlussprüfung sind die Prüfungsbereiche wie folgt zu gewichten: <BR/><BR/><table frame="none" tocentry="%yes;"><tgroup align="left" char="" charoff="50" cols="3" colsep="0" rowsep="0"><colspec colname="col1" colnum="1" colwidth="20"/><colspec colname="col2" colnum="2" colwidth="300"/><colspec align="right" colname="col3" colnum="3" colwidth="100"/><tbody valign="top"><row><entry VJ="1">1.</entry><entry VJ="1">Prüfungsbereich<BR/>Verfahrens- und Produktionstechnik</entry><entry VJ="1" valign="bottom">40 Prozent,</entry></row><row><entry VJ="1">2.</entry><entry VJ="1">Prüfungsbereich<BR/>Prozessleittechnik</entry><entry VJ="1" valign="bottom">20 Prozent,</entry></row><row><entry VJ="1">3.</entry><entry VJ="1">Prüfungsbereich<BR/>Anlagentechnik</entry><entry VJ="1" valign="bottom">20 Prozent,</entry></row><row><entry VJ="1">4.</entry><entry VJ="1">Prüfungsbereich<BR/>Wirtschafts- und Sozialkunde</entry><entry VJ="1" valign="bottom">20 Prozent.</entry></row></tbody></tgroup></table></P><P>(7) Der praktische und der schriftliche Teil von Teil 2 der Abschlussprüfung haben dasselbe Gewicht.</P></Content></text><fussnoten/></textdaten></norm>
<norm builddate="20130405131825" doknr="BJNR183400002BJNE000502308"><metadaten><jurabk>ChemikAusbErprobV</jurabk><enbez>§ 5</enbez><titel format="parat">Übergangsregelung</titel></metadaten><textdaten><text format="XML"><Content><P>Auf Berufsausbildungsverhältnisse, die bis zum 31. Juli 2009 begonnen werden, sind die Vorschriften dieser Verordnung weiter anzuwenden.</P></Content></text><fussnoten/></textdaten></norm>
</dokumente>