<?xml version="1.0" encoding="UTF-8" ?><!DOCTYPE dokumente SYSTEM "http://www.gesetze-im-internet.de/dtd/1.01/gii-norm.dtd">
<dokumente builddate="20240125215002" doknr="BJNR418800021"><norm builddate="20240125215002" doknr="BJNR418800021"><metadaten><jurabk>WSG2020§7Satz2Bek 2021</jurabk><ausfertigung-datum manuell="ja">2021-08-31</ausfertigung-datum><fundstelle typ="amtlich"><periodikum>BGBl I</periodikum><zitstelle>2021, 4188</zitstelle></fundstelle><langue>Bekanntmachung zur Anpassung des Wehrsoldes nach § 7 Satz 2 des Wehrsoldgesetzes</langue></metadaten><textdaten><fussnoten><Content><P><BR/> <pre xml:space="preserve">(+++ Textnachweis ab: 14.9.2021 +++)<BR/><BR/></pre></P></Content></fussnoten></textdaten></norm>
<norm builddate="20240125215002" doknr="BJNR418800021BJNE000100000"><metadaten><jurabk>WSG2020§7Satz2Bek 2021</jurabk><enbez>Eingangsformel</enbez></metadaten><textdaten><text format="XML"><Content><P>Auf Grund des § 7 Satz 2 des Wehrsoldgesetzes vom 4. August 2019 (BGBl. I S. 1147, 1158), das durch Artikel 4 des Gesetzes vom 21. Dezember 2020 (BGBl. I S. 3136) geändert worden ist, werden als Anhang die ab dem 1. April 2021 und ab dem 1. April 2022 geltenden Beträge des Wehrsoldgrundbetrags, des Kinderzuschlags und der Auslandsvergütung nach der Tabelle in der Anlage des Wehrsoldgesetzes bekannt gemacht.</P></Content></text></textdaten></norm>
<norm builddate="20240125215002" doknr="BJNR418800021BJNE000200000"><metadaten><jurabk>WSG2020§7Satz2Bek 2021</jurabk><enbez>Schlussformel</enbez></metadaten><textdaten><text format="XML"><Content><P><SP>Die Bundesministerin der Verteidigung</SP></P></Content></text></textdaten></norm>
<norm builddate="20240125215002" doknr="BJNR418800021BJNE000300000"><metadaten><jurabk>WSG2020§7Satz2Bek 2021</jurabk><enbez>Anhang</enbez></metadaten><textdaten><text format="XML"><Content><P><noindex><kommentar typ="Fundstelle">(Fundstelle: BGBl. I 2021, 4189)</kommentar></noindex></P><Title Align="right">Anlage<BR/>(zu den §§ 4 und 6)<BR/> Gültig ab 1. April 2021</Title><Title Align="auto">Wehrsoldgrundbetrag, Kinderzuschlag, Auslandsvergütung</Title><P/><table colsep="1" frame="all" pgwide="1" rowsep="1" tocentry="%yes;"><tgroup align="left" char="" charoff="50" cols="5"><colspec align="center" colname="col1" colnum="1" colwidth="11"/><colspec align="center" colname="col2" colnum="2" colwidth="41.4"/><colspec align="right" colname="col3" colnum="3" colwidth="19.5"/><colspec align="right" colname="col4" colnum="4" colwidth="19.5"/><colspec align="right" colname="col5" colnum="5" colwidth="19.5"/><thead valign="bottom"><row><entry VJ="1" colname="col1"/><entry VJ="1" colname="col2"/><entry VJ="1" align="center" colname="col3" nameend="col5" namest="col3">Monatsbetrag in Euro</entry></row><row><entry VJ="1" align="center" colname="col1">1</entry><entry VJ="1" align="center" colname="col2">2</entry><entry VJ="1" align="center" colname="col3">3</entry><entry VJ="1" align="center" colname="col4">4</entry><entry VJ="1" align="center" colname="col5">5</entry></row><row><entry VJ="1" align="center" colname="col1" valign="middle">Wehr-<BR/> sold-<BR/> gruppe</entry><entry VJ="1" align="center" colname="col2" valign="middle">Dienstgrad</entry><entry VJ="1" align="center" colname="col3" valign="middle">Wehrsold-<BR/> grundbetrag<BR/> (§ 4 Absatz 1)</entry><entry VJ="1" align="center" colname="col4" valign="middle">Kinder-<BR/> zuschlag<BR/> je Kind<BR/> (§ 4 Absatz 2)</entry><entry VJ="1" align="center" colname="col5" valign="middle">Auslands-<BR/> vergütung<BR/> (§ 6 Absatz 2)</entry></row></thead><tbody valign="top"><row><entry VJ="1" colname="col1">1</entry><entry VJ="1" colname="col2">Jäger, Panzerschütze, Panzergrenadier, Kanonier, Pionier, Panzerpionier, Funker, Schütze, Flieger, Sanitätssoldat, Matrose</entry><entry VJ="1" colname="col3">1 518</entry><entry VJ="1" colname="col4" morerows="3">101</entry><entry VJ="1" colname="col5">309</entry></row><row><entry VJ="1" colname="col1">2</entry><entry VJ="1" colname="col2">Gefreiter</entry><entry VJ="1" colname="col3">1 569</entry><entry VJ="1" colname="col5">309</entry></row><row><entry VJ="1" colname="col1">3</entry><entry VJ="1" colname="col2">Obergefreiter</entry><entry VJ="1" colname="col3">1 670</entry><entry VJ="1" colname="col5">354</entry></row><row><entry VJ="1" colname="col1">4</entry><entry VJ="1" colname="col2">Hauptgefreiter</entry><entry VJ="1" colname="col3">1 923</entry><entry VJ="1" colname="col5">354</entry></row></tbody></tgroup></table><P/><Title Align="right">Anlage<BR/> (zu den §§ 4 und 6)<BR/> Gültig ab 1. April 2022</Title><Title Align="auto">Wehrsoldgrundbetrag, Kinderzuschlag, Auslandsvergütung</Title><P/><table colsep="1" frame="all" pgwide="1" rowsep="1" tocentry="%yes;"><tgroup align="left" char="" charoff="50" cols="5"><colspec align="center" colname="col1" colnum="1" colwidth="11"/><colspec colname="col2" colnum="2" colwidth="41.4"/><colspec align="right" colname="col3" colnum="3" colwidth="19.5"/><colspec align="right" colname="col4" colnum="4" colwidth="19.5"/><colspec align="right" colname="col5" colnum="5" colwidth="19.5"/><thead valign="bottom"><row><entry VJ="1" colname="col1"/><entry VJ="1" colname="col2"/><entry VJ="1" align="center" colname="col3" nameend="col5" namest="col3">Monatsbetrag in Euro</entry></row><row><entry VJ="1" align="center" colname="col1">1</entry><entry VJ="1" align="center" colname="col2">2</entry><entry VJ="1" align="center" colname="col3">3</entry><entry VJ="1" align="center" colname="col4">4</entry><entry VJ="1" align="center" colname="col5">5</entry></row><row><entry VJ="1" align="center" colname="col1" valign="middle">Wehr-<BR/> sold-<BR/> gruppe</entry><entry VJ="1" align="center" colname="col2" valign="middle">Dienstgrad</entry><entry VJ="1" align="center" colname="col3" valign="middle">Wehrsold-<BR/> grundbetrag<BR/> (§ 4 Absatz 1)</entry><entry VJ="1" align="center" colname="col4" valign="middle">Kinder-<BR/> zuschlag<BR/> je Kind<BR/> (§ 4 Absatz 2)</entry><entry VJ="1" align="center" colname="col5" valign="middle">Auslands-<BR/> vergütung<BR/> (§ 6 Absatz 2)</entry></row></thead><tbody valign="top"><row><entry VJ="1" colname="col1">1</entry><entry VJ="1" colname="col2">Jäger, Panzerschütze, Panzergrenadier, Kanonier, Pionier, Panzerpionier, Funker, Schütze, Flieger, Sanitätssoldat, Matrose</entry><entry VJ="1" colname="col3">1 545</entry><entry VJ="1" colname="col4" morerows="3">103</entry><entry VJ="1" colname="col5">315</entry></row><row><entry VJ="1" colname="col1">2</entry><entry VJ="1" colname="col2">Gefreiter</entry><entry VJ="1" colname="col3">1 597</entry><entry VJ="1" colname="col5">315</entry></row><row><entry VJ="1" colname="col1">3</entry><entry VJ="1" colname="col2">Obergefreiter</entry><entry VJ="1" colname="col3">1 700</entry><entry VJ="1" colname="col5">360</entry></row><row><entry VJ="1" colname="col1">4</entry><entry VJ="1" colname="col2">Hauptgefreiter</entry><entry VJ="1" colname="col3">1 958</entry><entry VJ="1" colname="col5">360</entry></row></tbody></tgroup></table></Content></text></textdaten></norm>
</dokumente>