<?xml version="1.0" encoding="UTF-8" ?><!DOCTYPE dokumente SYSTEM "http://www.gesetze-im-internet.de/dtd/1.01/gii-norm.dtd">
<dokumente builddate="20190723212003" doknr="BJNR092700019"><norm builddate="20190723212003" doknr="BJNR092700019"><metadaten><jurabk>GlPrZWeilburgV</jurabk><ausfertigung-datum manuell="ja">2019-07-04</ausfertigung-datum><fundstelle typ="amtlich"><periodikum>BGBl I</periodikum><zitstelle>2019, 927</zitstelle></fundstelle><langue>Verordnung zur Gleichstellung von Prüfungszeugnissen der Staatlichen Fachschule Weilburg-Hadamar Standort: Staatliche Glasfachschule Hadamar mit den Zeugnissen über das Bestehen der Abschluss- und Gesellenprüfung in Ausbildungsberufen</langue><standangabe checked="ja"><standtyp>Aufh</standtyp><standkommentar>Die V tritt gem. § 2 dieser V am 1.10.2026 außer Kraft</standkommentar></standangabe></metadaten><textdaten><fussnoten><Content><P><BR/> <pre xml:space="preserve">(+++ Textnachweis ab: 12.7.2019 +++)<BR/><BR/></pre></P></Content></fussnoten></textdaten></norm>
<norm builddate="20190723212003" doknr="BJNR092700019BJNE000100000"><metadaten><jurabk>GlPrZWeilburgV</jurabk><enbez>Eingangsformel</enbez></metadaten><textdaten><text format="XML"><Content><P>Auf Grund des § 50 Absatz 1 des Berufsbildungsgesetzes, der zuletzt durch Artikel 436 Nummer 3 der Verordnung vom 31. August 2015 (BGBl. I S. 1474) geändert worden ist, und auf Grund des § 40 Absatz 1 der Handwerksordnung in der Fassung der Bekanntmachung vom 24. September 1998 (BGBl. I S. 3074; 2006 I S. 2095), der zuletzt durch Artikel 283 der Verordnung vom 31. August 2015 (BGBl. I S. 1474) geändert worden ist, verordnet das Bundesministerium für Wirtschaft und Energie im Einvernehmen mit dem Bundesministerium für Bildung und Forschung nach Anhörung des Hauptausschusses des Bundesinstituts für Berufsbildung:</P></Content></text></textdaten></norm>
<norm builddate="20190723212003" doknr="BJNR092700019BJNE000200000"><metadaten><jurabk>GlPrZWeilburgV</jurabk><enbez>§ 1</enbez><titel format="XML">Gleichstellung von Prüfungszeugnissen</titel></metadaten><textdaten><text format="XML"><Content><P>Die vom 1. Januar 2017 bis zum Ablauf des 30. September 2026 von der Staatlichen Fachschule Weilburg-Hadamar Standort: Staatliche Glasfachschule Hadamar erteilten Prüfungszeugnisse über erfolgreich abgelegte Abschlussprüfungen werden mit den Zeugnissen über das Bestehen der Abschluss- oder Gesellenprüfung in Ausbildungsberufen nach Maßgabe der nachstehenden Auflistung gleichgestellt:<BR/><BR/><table frame="all" tocentry="%yes;"><tgroup align="left" char="" charoff="50" cols="2"><colspec colname="col1" colnum="1" colsep="1" colwidth="57*"/><colspec colname="col2" colnum="2" colwidth="55*"/><thead valign="bottom"><row rowsep="1"><entry VJ="1" colname="col1">Bezeichnung des Prüfungszeugnisses der Staatlichen Fachschule Weilburg-Hadamar Standort: Staatliche Glasfachschule Hadamar:</entry><entry VJ="1" colname="col2" valign="top">Ausbildungsberuf, für den gleichgestellt wird:</entry></row></thead><tbody valign="top"><row rowsep="1"><entry VJ="1" colname="col1">Abschlussprüfung als Glaser/Glaserin<BR/><BR/> Fachrichtungen:<BR/><BR/> – Verglasung und Glasbau<BR/><BR/> – Fenster- und Glasfassadenbau</entry><entry VJ="1" colname="col2">Glaser und Glaserin im Gewerbe<BR/> Anlage A Nummer 39 „Glaser“<BR/> der Handwerksordnung<BR/><BR/> Fachrichtungen:<BR/><BR/> – Verglasung und Glasbau<BR/><BR/> – Fenster- und Glasfassadenbau</entry></row><row rowsep="1"><entry VJ="1" colname="col1">Abschlussprüfung als Glasapparatebauer/Glasapparatebauerin</entry><entry VJ="1" align="justify" colname="col2">Glasapparatebauer und<BR/> Glasapparatebauerin<BR/> im Gewerbe Anlage A Nummer 40<BR/> „Glasbläser und Glasapparatebauer“<BR/> der Handwerksordnung</entry></row><row><entry VJ="1" colname="col1">Abschlussprüfung als Glasveredler/Glasveredlerin<BR/><BR/> Fachrichtungen:<BR/><BR/> – Kanten- und Flächenveredelung<BR/><BR/> – Glasmalerei und Kunstverglasung</entry><entry VJ="1" colname="col2">Glasveredler und Glasveredlerin<BR/><BR/> Fachrichtungen:<BR/><BR/> – Kanten- und Flächenveredelung<BR/><BR/> – Glasmalerei und Kunstverglasung<BR/><BR/> und<BR/><BR/> Glasveredler und Glasveredlerin<BR/> im Gewerbe Anlage B Abschnitt 1 Nummer 34 „Glasveredler“<BR/> der Handwerksordnung<BR/><BR/> Fachrichtungen:<BR/><BR/> – Kanten- und Flächenveredelung<BR/><BR/> – Glasmalerei und Kunstverglasung</entry></row></tbody></tgroup></table></P></Content></text></textdaten></norm>
<norm builddate="20190723212003" doknr="BJNR092700019BJNE000300000"><metadaten><jurabk>GlPrZWeilburgV</jurabk><enbez>§ 2</enbez><titel format="XML">Inkrafttreten, Außerkrafttreten</titel></metadaten><textdaten><text format="XML"><Content><P>Diese Verordnung tritt am Tag nach der Verkündung in Kraft und am <NB>1. Oktober 2026</NB> außer Kraft.</P></Content></text></textdaten></norm>
<norm builddate="20190723212003" doknr="BJNR092700019BJNE000400000"><metadaten><jurabk>GlPrZWeilburgV</jurabk><enbez>Schlussformel</enbez></metadaten><textdaten><text format="XML"><Content><P>Der Bundesrat hat zugestimmt.</P></Content></text></textdaten></norm>
</dokumente>