<?xml version="1.0" encoding="UTF-8" ?><!DOCTYPE dokumente SYSTEM "http://www.gesetze-im-internet.de/dtd/1.01/gii-norm.dtd">
<dokumente builddate="20120625145820" doknr="BJNR025220006"><norm builddate="20120625145820" doknr="BJNR025220006"><metadaten><jurabk>EuropolÜbkProt</jurabk><ausfertigung-datum manuell="ja">2003-11-27</ausfertigung-datum><fundstelle typ="amtlich"><periodikum>BGBl II</periodikum><zitstelle>2006, 252</zitstelle></fundstelle><langue>Protokoll aufgrund von Artikel 43 Absatz 1 des Übereinkommens über die 
Errichtung eines Europäischen Polizeiamts (Europol-Übereinkommen) zur Änderung 
dieses Übereinkommens</langue></metadaten><textdaten><fussnoten><Content><P>Protokoll in Kraft gem. Bek. v. 7.5.2007 II 827 mWv 18.4.2007.</P></Content></fussnoten></textdaten></norm>
</dokumente>