<?xml version="1.0" encoding="UTF-8" ?><!DOCTYPE dokumente SYSTEM "http://www.gesetze-im-internet.de/dtd/1.01/gii-norm.dtd">
<dokumente builddate="20221020213529" doknr="BJNR117000006"><norm builddate="20221020213529" doknr="BJNR117000006"><metadaten><jurabk>SichLVV</jurabk><ausfertigung-datum manuell="ja">2006-05-11</ausfertigung-datum><fundstelle typ="amtlich"><periodikum>BGBl I</periodikum><zitstelle>2006, 1170</zitstelle></fundstelle><langue>Verordnung über die Übertragung von Aufgaben und Befugnissen eines 
Sicherungsfonds für die Lebensversicherung an die Protektor 
Lebensversicherungs-AG</langue></metadaten><textdaten><text format="XML"><Content><P/></Content></text><fussnoten><Content><P><BR/> <pre xml:space="preserve">(+++ Textnachweis ab: 23.5.2006 +++)<BR/><BR/></pre></P></Content></fussnoten></textdaten></norm>
<norm builddate="20221020213529" doknr="BJNR117000006BJNE000100000"><metadaten><jurabk>SichLVV</jurabk><enbez>Eingangsformel</enbez></metadaten><textdaten><text format="XML"><Content><P>Auf Grund des § 127 Abs. 1 des Versicherungsaufsichtsgesetzes in der Fassung der Bekanntmachung vom 17. Dezember 1992 (BGBl. 1993 I S. 2), der durch Artikel 1 Nr. 27 des Gesetzes vom 15. Dezember 2004 (BGBl. I S. 3416) eingefügt worden ist, in Verbindung mit § 1 Abs. 2 des Zuständigkeitsanpassungsgesetzes vom 16. August 2002 (BGBl. I S. 3165) und dem Organisationserlass vom 22. November 2005 (BGBl. I S. 3197) verordnet das Bundesministerium der Finanzen im Einvernehmen mit dem Bundesministerium für Ernährung, Landwirtschaft und Verbraucherschutz:</P></Content></text></textdaten></norm>
<norm builddate="20221020213529" doknr="BJNR117000006BJNE000200000"><metadaten><jurabk>SichLVV</jurabk><enbez>§ 1</enbez></metadaten><textdaten><text format="XML"><Content><P>Der Protektor Lebensversicherungs-AG werden die Aufgaben und Befugnisse eines Sicherungsfonds für die in § 124 Abs. 1 des Versicherungsaufsichtsgesetzes genannten Lebensversicherungsunternehmen übertragen.</P></Content></text></textdaten></norm>
<norm builddate="20221020213529" doknr="BJNR117000006BJNE000300000"><metadaten><jurabk>SichLVV</jurabk><enbez>§ 2</enbez></metadaten><textdaten><text format="XML"><Content><P>Die Protektor Lebensversicherungs-AG hat dem Bundesministerium der Finanzen Änderungen ihrer Satzung zur Genehmigung vorzulegen. § 13 Abs. 1 des Versicherungsaufsichtsgesetzes bleibt unberührt.</P></Content></text></textdaten></norm>
<norm builddate="20221020213529" doknr="BJNR117000006BJNE000400000"><metadaten><jurabk>SichLVV</jurabk><enbez>§ 3</enbez></metadaten><textdaten><text format="XML"><Content><P>Diese Verordnung tritt am Tage nach der Verkündung in Kraft.</P></Content></text></textdaten></norm>
</dokumente>