<?xml version="1.0" encoding="UTF-8" ?><!DOCTYPE dokumente SYSTEM "http://www.gesetze-im-internet.de/dtd/1.01/gii-norm.dtd">
<dokumente builddate="20230428213012" doknr="BJNR611700023"><norm builddate="20230428213012" doknr="BJNR611700023"><metadaten><jurabk>VKFVÄndBek 2023</jurabk><ausfertigung-datum manuell="ja">2023-04-12</ausfertigung-datum><fundstelle typ="amtlich"><periodikum>BAnz</periodikum><zitstelle>AT 27.04.2023 B2</zitstelle></fundstelle><langue>Bekanntmachung der Änderung des Kostensatzes nach § 20 der Verwaltungskostenfeststellungsverordnung</langue></metadaten><textdaten><fussnoten><Content><P><BR/> <pre xml:space="preserve">(+++ Textnachweis ab: 27.4.2023 +++)<BR/><BR/></pre></P></Content></fussnoten></textdaten></norm>
<norm builddate="20230428213012" doknr="BJNR611700023BJNE000100000"><metadaten><jurabk>VKFVÄndBek 2023</jurabk><enbez>(XXXX)</enbez></metadaten><textdaten><text format="XML"><Content><P>Der Kostensatz nach § 20 Satz 1 der Verwaltungskostenfeststellungsverordnung beträgt mit Wirkung vom 1. Januar 2023 je Mitarbeiterin und Mitarbeiter der gemeinsamen Einrichtungen monatlich 199,50 Euro.</P></Content></text></textdaten></norm>
<norm builddate="20230428213012" doknr="BJNR611700023BJNE000200000"><metadaten><jurabk>VKFVÄndBek 2023</jurabk><enbez>Schlussformel</enbez></metadaten><textdaten><text format="XML"><Content><P>Bundesministerium für Arbeit und Soziales</P></Content></text></textdaten></norm>
</dokumente>