<?xml version="1.0" encoding="UTF-8" ?><!DOCTYPE dokumente SYSTEM "http://www.gesetze-im-internet.de/dtd/1.01/gii-norm.dtd">
<dokumente builddate="20120625153151" doknr="BJNR113890992"><norm builddate="20120625153151" doknr="BJNR113890992"><metadaten><jurabk>KGUG</jurabk><amtabk>KGUG</amtabk><ausfertigung-datum manuell="ja">1992-07-24</ausfertigung-datum><fundstelle typ="amtlich"><periodikum>BGBl I</periodikum><zitstelle>1992, 1389</zitstelle></fundstelle><kurzue>Kontoguthabenumstellungsgesetz</kurzue><langue>Gesetz über die nachträgliche Umstellung von Mark der Deutschen
Demokratischen Republik auf Deutsche Mark für Kontoguthaben natürlicher
Personen</langue></metadaten><textdaten><text format="XML"><Content><P/></Content></text><fussnoten><Content><P><BR/> <pre xml:space="preserve">(+++ Textnachweis ab: 31. 7.1992 +++)<BR/><BR/></pre>Das G wurde als Artikel 1 G 105-13/1 v. 24.7.1992 I 1389 mit Zustimmung des Bundesrates vom Bundestag beschlossen. Es ist gem. Art. 5 dieses G am 31.7.1992 in Kraft getreten.</P></Content></fussnoten></textdaten></norm>
<norm builddate="20120625153151" doknr="BJNR113890992BJNE000100314"><metadaten><jurabk>KGUG</jurabk><enbez>§ 1</enbez></metadaten><textdaten><text format="XML"><Content><P>Ist für ein Guthaben einer natürlichen Person ein Umstellungsantrag nach Artikel 5 Abs. 2 bis 4 der Anlage I des Vertrages vom 18. Mai 1990 (BGBl. 1990 II S. 518, 548) nicht oder nicht fristgerecht gestellt worden, hat das kontoführende Geldinstitut auf Antrag des Berechtigten das am 30. Juni 1990 vorhandene, auf Mark der Deutschen Demokratischen Republik lautende Guthaben in Deutsche Mark umzustellen, wenn das nicht umgestellte Gesamtguthaben des Antragstellers mindestens 500 Mark der Deutschen Demokratischen Republik beträgt. Der Antrag ist bis zum 30. Juni 1993 beim kontoführenden Geldinstitut zu stellen. Die Umstellung erfolgt zu den in Artikel 6 der Anlage I des Vertrages vom 18. Mai 1990 genannten Umstellungssätzen; Artikel 6 Abs. 1 findet keine Anwendung.</P></Content></text></textdaten></norm>
<norm builddate="20120625153151" doknr="BJNR113890992BJNE000200314"><metadaten><jurabk>KGUG</jurabk><enbez>§ 2</enbez></metadaten><textdaten><text format="XML"><Content><P>Die aus der Umstellung gemäß § 1 entstehenden Ausgleichsforderungen werden ab dem ersten Kalendertag des auf die Umstellung folgenden Kalendervierteljahres verzinst. Das kontoführende Geldinstitut hat der Prüfbehörde Währungsumstellung eine Abschrift des Umstellungsbescheides zur Prüfung zu übermitteln, wenn der umzustellende Betrag 50.000 Mark der Deutschen Demokratischen Republik übersteigt; § 4 Abs. 1 Satz 1, 2 und 4, Abs. 2 und 3 sowie § 7 des Gesetzes zur Feststellung von rechtswidrigen Handlungen mit Wirkung auf die Währungsumstellung von Mark der Deutschen Demokratischen Republik in Deutsche Mark vom 29. Juni 1990 (GBl. I Nr. 38 S. 501) sind entsprechend anzuwenden. Das kontoführende Geldinstitut kann für die nachträgliche Umstellung vom Antragsteller eine Gebühr von bis zu 5 Deutsche Mark erheben.</P></Content></text></textdaten></norm>
</dokumente>