<?xml version="1.0" encoding="UTF-8" ?><!DOCTYPE dokumente SYSTEM "http://www.gesetze-im-internet.de/dtd/1.01/gii-norm.dtd">
<dokumente builddate="20210615213113" doknr="BJNR042200011"><norm builddate="20210615213113" doknr="BJNR042200011"><metadaten><jurabk>BuchhdlAusbV 2011</jurabk><ausfertigung-datum manuell="ja">2011-03-15</ausfertigung-datum><fundstelle typ="amtlich"><periodikum>BGBl I</periodikum><zitstelle>2011, 422</zitstelle></fundstelle><langue>Verordnung über die Berufsausbildung zum Buchhändler und zur Buchhändlerin<FnR ID="Fn775122_01_BJNR042200011"/></langue></metadaten><textdaten><text format="XML"><Footnotes><Footnote FnZ="*" Group="column" ID="Fn775122_01_BJNR042200011" Pos="normal" Postfix=")"><noindex>Diese Rechtsverordnung ist eine Ausbildungsordnung im Sinne des § 4 des Berufsbildungsgesetzes. Die Ausbildungsordnung und der damit abgestimmte von der Ständigen Konferenz der Kultusminister der Länder in der Bundesrepublik Deutschland beschlossene Rahmenlehrplan für die Berufsschule werden demnächst als Beilage zum Bundesanzeiger veröffentlicht.</noindex></Footnote></Footnotes></text><fussnoten><Content><P><BR/> <pre xml:space="preserve">(+++ Textnachweis ab: 1.8.2011 +++)<BR/><BR/></pre></P></Content></fussnoten></textdaten></norm>
<norm builddate="20210615213113" doknr="BJNR042200011BJNE000100000"><metadaten><jurabk>BuchhdlAusbV 2011</jurabk><enbez>Eingangsformel</enbez></metadaten><textdaten><text format="XML"><Content><P>Auf Grund des § 4 Absatz 1 in Verbindung mit § 5 des Berufsbildungsgesetzes, von denen § 4 Absatz 1 durch Artikel 232 Nummer 1 der Verordnung vom 31. Oktober 2006 (BGBl. I S. 2407) geändert worden ist, verordnet das Bundesministerium für Wirtschaft und Technologie im Einvernehmen mit dem Bundesministerium für Bildung und Forschung:</P></Content></text></textdaten></norm>
<norm builddate="20210615213113" doknr="BJNR042200011BJNE000200000"><metadaten><jurabk>BuchhdlAusbV 2011</jurabk><enbez>§ 1</enbez><titel format="XML">Staatliche Anerkennung des Ausbildungsberufes</titel></metadaten><textdaten><text format="XML"><Content><P>Der Ausbildungsberuf des Buchhändlers und der Buchhändlerin wird nach § 4 Absatz 1 des Berufsbildungsgesetzes staatlich anerkannt.</P></Content></text></textdaten></norm>
<norm builddate="20210615213113" doknr="BJNR042200011BJNE000300000"><metadaten><jurabk>BuchhdlAusbV 2011</jurabk><enbez>§ 2</enbez><titel format="XML">Dauer der Berufsausbildung</titel></metadaten><textdaten><text format="XML"><Content><P>Die Ausbildung dauert drei Jahre.</P></Content></text></textdaten></norm>
<norm builddate="20210615213113" doknr="BJNR042200011BJNE000400000"><metadaten><jurabk>BuchhdlAusbV 2011</jurabk><enbez>§ 3</enbez><titel format="XML">Struktur der Berufsausbildung</titel></metadaten><textdaten><text format="XML"><Content><P>Die Berufsausbildung gliedert sich in <DL Type="arabic"><DT>1.</DT><DD Font="normal"><LA>Pflichtqualifikationseinheiten nach § 4 Absatz 2 Abschnitt A und integrative Fertigkeiten, Kenntnisse und Fähigkeiten nach § 4 Absatz 2 Abschnitt D,</LA></DD><DT>2.</DT><DD Font="normal"><LA>eine im Ausbildungsvertrag festzulegende sechsmonatige Wahlqualifikationseinheit nach § 4 Absatz 2 Abschnitt B sowie</LA></DD><DT>3.</DT><DD Font="normal"><LA>eine im Ausbildungsvertrag festzulegende dreimonatige Wahlqualifikationseinheit nach § 4 Absatz 2 Abschnitt C.</LA></DD></DL></P></Content></text></textdaten></norm>
<norm builddate="20210615213113" doknr="BJNR042200011BJNE000500000"><metadaten><jurabk>BuchhdlAusbV 2011</jurabk><enbez>§ 4</enbez><titel format="XML">Ausbildungsrahmenplan, Ausbildungsberufsbild</titel></metadaten><textdaten><text format="XML"><Content><P>(1) Gegenstand der Berufsausbildung sind mindestens die im Ausbildungsrahmenplan (Anlage 1, Sachliche Gliederung) aufgeführten Fertigkeiten, Kenntnisse und Fähigkeiten (berufliche Handlungsfähigkeit). Eine von dem Ausbildungsrahmenplan (Anlage 2, Zeitliche Gliederung) abweichende Organisation der Ausbildung ist insbesondere zulässig, soweit betriebspraktische Besonderheiten die Abweichung erfordern.</P><P>(2) Die Berufsausbildung zum Buchhändler und zur Buchhändlerin gliedert sich wie folgt (Ausbildungsberufsbild):<BR/><SP>Abschnitt A</SP><BR/> Berufsprofilgebende Fertigkeiten, Kenntnisse und Fähigkeiten in den Pflichtqualifikationseinheiten: <DL Font="normal"><DT>1.</DT><DD><LA>Buch und Medienwirtschaft:</LA></DD><DT>1.1</DT><DD><LA>Branchenspezifische Systematik,</LA></DD><DT>1.2</DT><DD><LA>Gegenstände und Dienstleistungen des Buchmarktes,</LA></DD><DT>1.3</DT><DD><LA>Herstellung,</LA></DD><DT>1.4</DT><DD><LA>Buchmarktprozesse und -beteiligte,</LA></DD><DT>1.5</DT><DD><LA>Rechtliche Bestimmungen im Buchmarkt;</LA></DD><DT>2.</DT><DD><LA>Bibliografien und Recherche:</LA></DD><DT>2.1</DT><DD><LA>Bibliografien und Nachschlagesysteme,</LA></DD><DT>2.2</DT><DD><LA>Erweiterte buchhändlerische Recherche,</LA></DD><DT>2.3</DT><DD><LA>Buchhändlerische Fachinformation;</LA></DD><DT>3.</DT><DD><LA>Warenwirtschaft und Beschaffung:</LA></DD><DT>3.1</DT><DD><LA>Warenwirtschaft,</LA></DD><DT>3.2</DT><DD><LA>Wareneingang,</LA></DD><DT>3.3</DT><DD><LA>Lagerlogistik,</LA></DD><DT>3.4</DT><DD><LA>Beschaffung;</LA></DD><DT>4.</DT><DD><LA>Einkauf:</LA></DD><DT>4.1</DT><DD><LA>Sortimentsstruktur,</LA></DD><DT>4.2</DT><DD><LA>Einkauf und Bestellung;</LA></DD><DT>5.</DT><DD><LA>Beratung und Verkauf:</LA></DD><DT>5.1</DT><DD><LA>Kundenorientierte Kommunikation,</LA></DD><DT>5.2</DT><DD><LA>Buchhändlerische Beratung und Verkauf,</LA></DD><DT>5.3</DT><DD><LA>Kassenführung,</LA></DD><DT>5.4</DT><DD><LA>Kundenbindung, Kundenservice,</LA></DD><DT>5.5</DT><DD><LA>Vertriebswege,</LA></DD><DT>5.6</DT><DD><LA>Anwenden einer Fremdsprache bei Fachaufgaben;</LA></DD><DT>6.</DT><DD><LA>Marketing:</LA></DD><DT>6.1</DT><DD><LA>Märkte und Zielgruppen,</LA></DD><DT>6.2</DT><DD><LA>Marketingkonzepte,</LA></DD><DT>6.3</DT><DD><LA>Verkaufsförderung,</LA></DD><DT>6.4</DT><DD><LA>Warenpräsentation,</LA></DD><DT>6.5</DT><DD><LA>Werbung,</LA></DD><DT>6.6</DT><DD><LA>Öffentlichkeitsarbeit;</LA></DD><DT>7.</DT><DD><LA>Kaufmännische Steuerung und Kontrolle:</LA></DD><DT>7.1</DT><DD><LA>Rechnerische Abwicklung und Zahlungsverkehr,</LA></DD><DT>7.2</DT><DD><LA>Kosten- und Leistungsrechnung,</LA></DD><DT>7.3</DT><DD><LA>Kaufmännische Steuerung;</LA></DD></DL><SP>Abschnitt B</SP><BR/> Weitere berufsprofilgebende Fertigkeiten, Kenntnisse und Fähigkeiten in einer der sechsmonatigen Wahlqualifikationseinheiten: <DL Font="normal"><DT>1.</DT><DD><LA>Sortiment:</LA></DD><DT>1.1</DT><DD><LA>Planung und Organisation von Veranstaltungen,</LA></DD><DT>1.2</DT><DD><LA>Sortimentspolitik,</LA></DD><DT>1.3</DT><DD><LA>Einkaufsplanung,</LA></DD><DT>1.4</DT><DD><LA>Optimierter Einsatz der Warenwirtschaft,</LA></DD><DT>1.5</DT><DD><LA>Logistik;</LA></DD><DT>2.</DT><DD><LA>Verlag:</LA></DD><DT>2.1</DT><DD><LA>Programmplanung,</LA></DD><DT>2.2</DT><DD><LA>Herstellung und Produktion,</LA></DD><DT>2.3</DT><DD><LA>Marketing und Werbung,</LA></DD><DT>2.4</DT><DD><LA>Verkauf,</LA></DD><DT>2.5</DT><DD><LA>Vertrieb,</LA></DD><DT>2.6</DT><DD><LA>Rechte und Lizenzen;</LA></DD><DT>3.</DT><DD><LA>Antiquariat:</LA></DD><DT>3.1</DT><DD><LA>Einkauf,</LA></DD><DT>3.2</DT><DD><LA>Bearbeitung von Handelsgegenständen,</LA></DD><DT>3.3</DT><DD><LA>Erhaltung und Bestandspflege,</LA></DD><DT>3.4</DT><DD><LA>Beratung und Verkauf;</LA></DD></DL><SP>Abschnitt C</SP><BR/> Weitere berufsprofilgebende Fertigkeiten, Kenntnisse und Fähigkeiten in einer der dreimonatigen Wahlqualifikationseinheiten: <DL Font="normal"><DT>1.</DT><DD><LA>Gestaltung einer spezifischen Warengruppe:</LA></DD><DT>1.1</DT><DD><LA>Planung einer Warengruppe,</LA></DD><DT>1.2</DT><DD><LA>Durchführung und Kontrolle;</LA></DD><DT>2.</DT><DD><LA>Buchhändlerische Projekte:</LA></DD><DT>2.1</DT><DD><LA>Projektvorbereitung,</LA></DD><DT>2.2</DT><DD><LA>Projektdurchführung,</LA></DD><DT>2.3</DT><DD><LA>Projektnachbereitung;</LA></DD><DT>3.</DT><DD><LA>Buchhändlerisches E-Business:</LA></DD><DT>3.1</DT><DD><LA>Anforderungsanalyse,</LA></DD><DT>3.2</DT><DD><LA>Durchführung und Kontrolle;</LA></DD></DL><SP>Abschnitt D</SP><BR/> Integrative Fertigkeiten, Kenntnisse und Fähigkeiten: <DL Font="normal"><DT>1.</DT><DD><LA>Der Ausbildungsbetrieb:</LA></DD><DT>1.1</DT><DD><LA>Stellung des Buchhandels in der Gesamtwirtschaft,</LA></DD><DT>1.2</DT><DD><LA>Betriebliche Organisation,</LA></DD><DT>1.3</DT><DD><LA>Berufsbildung,</LA></DD><DT>1.4</DT><DD><LA>Personalwirtschaft, arbeits- und sozialrechtliche Vorschriften,</LA></DD><DT>1.5</DT><DD><LA>Sicherheit und Gesundheitsschutz bei der Arbeit,</LA></DD><DT>1.6</DT><DD><LA>Umweltschutz;</LA></DD><DT>2.</DT><DD><LA>Arbeitsorganisation, Information und Kommunikation:</LA></DD><DT>2.1</DT><DD><LA>Arbeitsorganisation,</LA></DD><DT>2.2</DT><DD><LA>Teamarbeit und Kooperation,</LA></DD><DT>2.3</DT><DD><LA>Informations- und Kommunikationssysteme, Datenschutz und Datensicherheit,</LA></DD><DT>2.4</DT><DD><LA>Elektronische Geschäftsabwicklung,</LA></DD><DT>2.5</DT><DD><LA>Qualitätssicherung betrieblicher Abläufe.</LA></DD></DL></P></Content></text></textdaten></norm>
<norm builddate="20210615213113" doknr="BJNR042200011BJNE000600000"><metadaten><jurabk>BuchhdlAusbV 2011</jurabk><enbez>§ 5</enbez><titel format="XML">Durchführung der Berufsausbildung</titel></metadaten><textdaten><text format="XML"><Content><P>(1) Die in dieser Verordnung genannten Fertigkeiten, Kenntnisse und Fähigkeiten sollen so vermittelt werden, dass die Auszubildenden zur Ausübung einer qualifizierten beruflichen Tätigkeit im Sinne von § 1 Absatz 3 des Berufsbildungsgesetzes befähigt werden, die insbesondere selbstständiges Planen, Durchführen und Kontrollieren einschließt. Diese Befähigung ist auch in Prüfungen nach den §§ 6 und 7 nachzuweisen.</P><P>(2) Die Ausbildenden haben unter Zugrundelegung des Ausbildungsrahmenplans für die Auszubildenden einen Ausbildungsplan zu erstellen.</P><P>(3) Die Auszubildenden haben einen schriftlichen Ausbildungsnachweis zu führen. Ihnen ist Gelegenheit zu geben, den schriftlichen Ausbildungsnachweis während der Ausbildungszeit zu führen. Die Ausbildenden haben den schriftlichen Ausbildungsnachweis regelmäßig durchzusehen.</P></Content></text></textdaten></norm>
<norm builddate="20210615213113" doknr="BJNR042200011BJNE000700000"><metadaten><jurabk>BuchhdlAusbV 2011</jurabk><enbez>§ 6</enbez><titel format="XML">Zwischenprüfung</titel></metadaten><textdaten><text format="XML"><Content><P>(1) Zur Ermittlung des Ausbildungsstandes ist eine Zwischenprüfung durchzuführen. Sie soll zum Anfang des zweiten Ausbildungsjahres stattfinden.</P><P>(2) Die Zwischenprüfung erstreckt sich auf die in der Anlage 2 für das erste Ausbildungsjahr aufgeführten Fertigkeiten, Kenntnisse und Fähigkeiten sowie auf den im Berufsschulunterricht zu vermittelnden Lehrstoff, soweit er für die Berufsausbildung wesentlich ist.</P><P>(3) Die Zwischenprüfung findet im Prüfungsbereich Verkauf und Marketing statt.</P><P>(4) Für den Prüfungsbereich Verkauf und Marketing bestehen folgende Vorgaben: <DL Type="arabic"><DT>1.</DT><DD Font="normal"><LA>Der Prüfling soll nachweisen, dass er <DL Type="alpha"><DT>a)</DT><DD Font="normal"><LA>die branchenspezifische Systematik anwenden,</LA></DD><DT>b)</DT><DD Font="normal"><LA>die Gestaltung von Sortimentsstrukturen hinsichtlich Markt und Zielgruppen beurteilen sowie die Anordnung begründen,</LA></DD><DT>c)</DT><DD Font="normal"><LA>Kunden beraten und Waren verkaufen,</LA></DD><DT>d)</DT><DD Font="normal"><LA>Kasse führen und Zahlungsvorgänge bearbeiten sowie</LA></DD><DT>e)</DT><DD Font="normal"><LA>wirtschaftliche, betriebliche und soziale Rahmenbedingungen berücksichtigen</LA></DD></DL> kann;</LA></DD><DT>2.</DT><DD Font="normal"><LA>der Prüfling soll berufstypische Aufgaben schriftlich bearbeiten;</LA></DD><DT>3.</DT><DD Font="normal"><LA>die Prüfungszeit beträgt 120 Minuten.</LA></DD></DL></P></Content></text></textdaten></norm>
<norm builddate="20210615213113" doknr="BJNR042200011BJNE000800000"><metadaten><jurabk>BuchhdlAusbV 2011</jurabk><enbez>§ 7</enbez><titel format="XML">Abschlussprüfung</titel></metadaten><textdaten><text format="XML"><Content><P>(1) Durch die Abschlussprüfung ist festzustellen, ob der Prüfling die berufliche Handlungsfähigkeit erworben hat. In der Abschlussprüfung soll der Prüfling nachweisen, dass er die dafür erforderlichen beruflichen Fertigkeiten beherrscht, die notwendigen beruflichen Kenntnisse und Fähigkeiten besitzt und mit dem im Berufsschulunterricht zu vermittelnden, für die Berufsausbildung wesentlichen Lehrstoff vertraut ist. Die Ausbildungsordnung ist zugrunde zu legen.</P><P>(2) Die Abschlussprüfung erstreckt sich auf die in der Anlage 1 aufgeführten Fertigkeiten, Kenntnisse und Fähigkeiten sowie auf den im Berufsschulunterricht zu vermittelnden Lehrstoff, soweit er für die Berufsausbildung wesentlich ist.</P><P>(3) Die Abschlussprüfung besteht aus den Prüfungsbereichen: <DL Font="normal" Type="arabic"><DT>1.</DT><DD Font="normal"><LA Size="normal">Kaufmännische Steuerung und Warenwirtschaft,</LA></DD><DT>2.</DT><DD Font="normal"><LA Size="normal">Geschäftsprozesse des Buchmarktes,</LA></DD><DT>3.</DT><DD Font="normal"><LA Size="normal">Wirtschafts- und Sozialkunde,</LA></DD><DT>4.</DT><DD Font="normal"><LA Size="normal">Absatz- und kundenorientierte Konzepte im Buchhandel.</LA></DD></DL></P><P>(4) Für den Prüfungsbereich Kaufmännische Steuerung und Warenwirtschaft bestehen folgende Vorgaben: <DL Font="normal" Type="arabic"><DT>1.</DT><DD Font="normal"><LA Size="normal">Der Prüfling soll nachweisen, dass er <DL Font="normal" Type="alpha"><DT>a)</DT><DD Font="normal"><LA Size="normal">Steuerung und Kontrolle der Warenbewegung durchführen und hierauf bezogene Rechenvorgänge bearbeiten,</LA></DD><DT>b)</DT><DD Font="normal"><LA Size="normal">betriebliche Kennzahlen ermitteln und für die Disposition nutzen sowie</LA></DD><DT>c)</DT><DD Font="normal"><LA Size="normal">kaufmännische Schlussfolgerungen für den Betriebserfolg aus der Teilkostenrechnung und der Leistungsrechnung ableiten</LA></DD></DL>kann;</LA></DD><DT>2.</DT><DD Font="normal"><LA Size="normal">der Prüfling soll berufstypische Aufgaben schriftlich bearbeiten;</LA></DD><DT>3.</DT><DD Font="normal"><LA Size="normal">die Prüfungszeit beträgt 90 Minuten.</LA></DD></DL></P><P>(5) Für den Prüfungsbereich Geschäftsprozesse des Buchmarktes bestehen folgende Vorgaben: <DL Font="normal" Type="arabic"><DT>1.</DT><DD Font="normal"><LA Size="normal">Der Prüfling soll nachweisen, dass er die Geschäftsprozesse Einkauf und Verkauf sowie Marketing und Lagerlogistik organisieren kann und dabei die folgenden Aspekte: <DL Font="normal" Type="alpha"><DT>a)</DT><DD Font="normal"><LA Size="normal">Kundenorientierung,</LA></DD><DT>b)</DT><DD Font="normal"><LA Size="normal">Produkte und Dienstleistungen,</LA></DD><DT>c)</DT><DD Font="normal"><LA Size="normal">Markt, Zielgruppen und Kosten,</LA></DD><DT>d)</DT><DD Font="normal"><LA Size="normal">Wertschöpfungskette des Buchmarktes,</LA></DD><DT>e)</DT><DD Font="normal"><LA Size="normal">Bedeutung von Autoren, Titeln und Verlagen innerhalb der Literaturgattungen und -geschichte sowie innerhalb der Warengruppensystematik,</LA></DD><DT>f)</DT><DD Font="normal"><LA Size="normal">Recherchetechniken und Informationsquellen</LA></DD></DL>berücksichtigen kann;<BR/><BR/></LA><LA Size="normal">die gewählte Wahlqualifikationseinheit nach § 4 Absatz 2 Abschnitt B ist zu berücksichtigen;</LA></DD><DT>2.</DT><DD Font="normal"><LA Size="normal">der Prüfling soll berufstypische Aufgaben schriftlich bearbeiten;</LA></DD><DT>3.</DT><DD Font="normal"><LA Size="normal">die Prüfungszeit beträgt 150 Minuten.</LA></DD></DL></P><P>(6) Für den Prüfungsbereich Wirtschafts- und Sozialkunde bestehen folgende Vorgaben: <DL Font="normal" Type="arabic"><DT>1.</DT><DD Font="normal"><LA Size="normal">Der Prüfling soll nachweisen, dass er allgemeine wirtschaftliche Zusammenhänge der Berufs- und Arbeitswelt darstellen und beurteilen kann;</LA></DD><DT>2.</DT><DD Font="normal"><LA Size="normal">der Prüfling soll Aufgaben schriftlich bearbeiten;</LA></DD><DT>3.</DT><DD Font="normal"><LA Size="normal">die Prüfungszeit beträgt 60 Minuten.</LA></DD></DL></P><P>(7) Für den Prüfungsbereich Absatz- und kundenorientierte Konzepte im Buchhandel bestehen folgende Vorgaben: <DL Font="normal" Type="arabic"><DT>1.</DT><DD Font="normal"><LA Size="normal">Der Prüfling soll nachweisen, dass er <DL Font="normal" Type="alpha"><DT>a)</DT><DD Font="normal"><LA Size="normal">kunden- und serviceorientiert handeln sowie situationsgerecht kommunizieren,</LA></DD><DT>b)</DT><DD Font="normal"><LA Size="normal">betriebliche Abläufe unter Berücksichtigung von marktbezogenen Rahmenbedingungen analysieren und daraus den Handlungsbedarf und ein Konzept entwickeln,</LA></DD><DT>c)</DT><DD Font="normal"><LA Size="normal">den Beitrag des Konzeptes für Kundenbindung, Erschließung neuer Bedarfe sowie Steigerung des Betriebserfolges erläutern und bewerten,</LA></DD><DT>d)</DT><DD Font="normal"><LA Size="normal">kulturelle Zusammenhänge, Geschichte und Marktbedeutung des Sortiments zugrunde legen sowie</LA></DD><DT>e)</DT><DD Font="normal"><LA Size="normal">die mit einem Konzept verbundenen absatz- und kundenorientierten Zielsetzungen gegenüber Kunden umsetzen</LA></DD></DL>kann;</LA></DD><DT>2.</DT><DD Font="normal"><LA Size="normal">der Prüfling soll auf der Grundlage einer ihm sieben Kalendertage vor dem Termin der Fachgesprächsprüfung bekannt gegebenen Aufgabe ein Konzept erstellen, dieses am Tag der Prüfung vorstellen und darüber ein auftragsbezogenes Fachgespräch führen; die gewählte Wahlqualifikationseinheit nach § 4 Absatz 2 Abschnitt C ist dabei zugrunde zu legen;</LA></DD><DT>3.</DT><DD Font="normal"><LA Size="normal">die Prüfungszeit beträgt insgesamt 24 Stunden; innerhalb dieser Zeit soll die Vorstellung des Konzeptes höchstens zehn Minuten betragen und das Fachgespräch in höchstens 20 Minuten durchgeführt werden.</LA></DD></DL></P><P>(8) Die Prüfungsbereiche sind wie folgt zu gewichten:<BR/><BR/><table frame="none" tocentry="%yes;"><tgroup align="left" char="" charoff="50" cols="3"><colspec colname="col1" colwidth="0.24*"/><colspec colname="col2" colwidth="1.38*"/><colspec colname="col3" colwidth="1.38*"/><tbody valign="top"><row><entry VJ="1" colsep="0" rowsep="0">1.</entry><entry VJ="1" colsep="0" rowsep="0">Kaufmännische Steuerung<BR/> und Warenwirtschaft</entry><entry VJ="1" colsep="0" rowsep="0" valign="bottom">20 Prozent,</entry></row><row><entry VJ="1" colsep="0" rowsep="0">2.</entry><entry VJ="1" colsep="0" rowsep="0">Geschäftsprozesse des Buchmarktes</entry><entry VJ="1" colsep="0" rowsep="0">40 Prozent,</entry></row><row><entry VJ="1" colsep="0" rowsep="0">3.</entry><entry VJ="1" colsep="0" rowsep="0">Wirtschafts- und Sozialkunde</entry><entry VJ="1" colsep="0" rowsep="0">10 Prozent,</entry></row><row><entry VJ="1" colsep="0" rowsep="0">4.</entry><entry VJ="1" colsep="0" rowsep="0">Absatz- und kundenorientierte<BR/> Konzepte im Buchhandel</entry><entry VJ="1" colsep="0" rowsep="0" valign="bottom">30 Prozent.</entry></row></tbody></tgroup></table></P><P>(9) Die Abschlussprüfung ist bestanden, wenn die Leistungen <DL Font="normal" Type="arabic"><DT>1.</DT><DD Font="normal"><LA Size="normal">im Gesamtergebnis mit mindestens „ausreichend“,</LA></DD><DT>2.</DT><DD Font="normal"><LA Size="normal">in mindestens drei der Prüfungsbereiche mit mindestens „ausreichend“ und</LA></DD><DT>3.</DT><DD Font="normal"><LA Size="normal">in keinem Prüfungsbereich mit „ungenügend“</LA></DD></DL>bewertet worden sind.</P><P>(10) Auf Antrag des Prüflings ist die Prüfung in einem der mit schlechter als ausreichend bewerteten Prüfungsbereiche, in denen Prüfungsleistungen mit eigener Anforderung und Gewichtung schriftlich zu erbringen sind, durch eine mündliche Prüfung von etwa 15 Minuten zu ergänzen, wenn dies für das Bestehen der Prüfung den Ausschlag geben kann. Bei der Ermittlung des Ergebnisses für diesen Prüfungsbereich sind das bisherige Ergebnis und das Ergebnis der mündlichen Ergänzungsprüfung im Verhältnis von 2:1 zu gewichten.</P></Content></text></textdaten></norm>
<norm builddate="20210615213113" doknr="BJNR042200011BJNE000900000"><metadaten><jurabk>BuchhdlAusbV 2011</jurabk><enbez>§ 8</enbez><titel format="XML">Zusatzqualifikation</titel></metadaten><textdaten><text format="XML"><Content><P>(1) Im Rahmen der Berufsausbildung nicht gewählte dreimonatige Wahlqualifikationseinheiten nach § 4 Absatz 2 Abschnitt C können als Zusatzqualifikationen vermittelt werden.</P><P>(2) Für die Vermittlung der Zusatzqualifikationen gilt die in der Anlage 1 Abschnitt C enthaltene sachliche Gliederung entsprechend.</P></Content></text></textdaten></norm>
<norm builddate="20210615213113" doknr="BJNR042200011BJNE001000000"><metadaten><jurabk>BuchhdlAusbV 2011</jurabk><enbez>§ 9</enbez><titel format="XML">Prüfung der Zusatzqualifikationen</titel></metadaten><textdaten><text format="XML"><Content><P>(1) Zusatzqualifikationen werden im Rahmen der Abschlussprüfung gesondert geprüft, wenn die Auszubildenden glaubhaft machen, dass die dafür erforderlichen Fertigkeiten, Kenntnisse und Fähigkeiten vermittelt worden sind.</P><P>(2) Für die Prüfung der jeweiligen Zusatzqualifikation gilt § 7 Absatz 7 entsprechend.</P><P>(3) Die Prüfung der jeweiligen Zusatzqualifikation ist bestanden, wenn der Prüfling mindestens ausreichende Leistungen erbracht hat.</P></Content></text></textdaten></norm>
<norm builddate="20210615213113" doknr="BJNR042200011BJNE001100000"><metadaten><jurabk>BuchhdlAusbV 2011</jurabk><enbez>§ 10</enbez><titel format="XML">Bestehende Berufsausbildungsverhältnisse</titel></metadaten><textdaten><text format="XML"><Content><P>Berufsausbildungsverhältnisse, die bei Inkrafttreten dieser Verordnung bestehen, können unter Anrechnung der bisher zurückgelegten Ausbildungszeit nach den Vorschriften dieser Verordnung fortgeführt werden, wenn die Vertragsparteien dies vereinbaren.</P></Content></text></textdaten></norm>
<norm builddate="20210615213113" doknr="BJNR042200011BJNE001200000"><metadaten><jurabk>BuchhdlAusbV 2011</jurabk><enbez>§ 11</enbez><titel format="XML">Inkrafttreten, Außerkrafttreten</titel></metadaten><textdaten><text format="XML"><Content><P>Diese Verordnung tritt am 1. August 2011 in Kraft. Gleichzeitig tritt die Verordnung über die Berufsausbildung zum Buchhändler/zur Buchhändlerin vom 5. März 1998 (BGBl. I S. 462) außer Kraft.</P></Content></text></textdaten></norm>
<norm builddate="20210615213113" doknr="BJNR042200011BJNE001300000"><metadaten><jurabk>BuchhdlAusbV 2011</jurabk><enbez>Anlage 1</enbez><titel format="XML">(zu § 4 Absatz 1 Satz 1)<BR/>Ausbildungsrahmenplan für die Berufsausbildung zum Buchhändler und zur Buchhändlerin</titel></metadaten><textdaten><text format="XML"><Content><P><noindex><kommentar typ="Fundstelle">(Fundstelle: BGBl. I 2011, 426 - 437)</kommentar></noindex></P><BR/><Subtitle Class="S3">– Sachliche Gliederung –</Subtitle><P><B>Abschnitt A: Berufsprofilgebende  Fertigkeiten,  Kenntnisse  und  Fähigkeiten  in  den  Pflichtqualifikationseinheiten</B><table frame="all" pgwide="1" tabstyle="tabelle1" tocentry="%yes;"><tgroup align="left" char="" charoff="50" cols="3" colsep="1" rowsep="1"><colspec align="center" colname="col1" colnum="1" colwidth="0.62*"/><colspec colname="col2" colnum="2" colwidth="4.55*"/><colspec colname="col3" colnum="3" colwidth="8.33*"/><thead valign="bottom"><row><entry VJ="1" align="center" colname="col1" valign="middle">Lfd. Nr.</entry><entry VJ="1" align="center" colname="col2" valign="middle">Teil des Ausbildungsberufsbildes</entry><entry VJ="1" align="center" colname="col3" valign="middle">Zu vermittelnde Fertigkeiten, Kenntnisse und Fähigkeiten</entry></row><row><entry VJ="1" align="center" colname="col1" valign="middle">1</entry><entry VJ="1" align="center" colname="col2" valign="middle">2</entry><entry VJ="1" align="center" colname="col3" valign="middle">3</entry></row></thead><tbody valign="top"><row><entry VJ="1" colname="col1">1</entry><entry VJ="1" colname="col2">Buch und Medienwirtschaft<BR/> (§ 4 Absatz 2 Abschnitt A Nummer 1)</entry><entry VJ="1" colname="col3"/></row><row><entry VJ="1" colname="col1">1.1</entry><entry VJ="1" colname="col2">Branchenspezifische Systematik<BR/> (§ 4 Absatz 2<BR/> Abschnitt A Nummer 1.1)</entry><entry VJ="1" colname="col3"><DL Type="alpha"><DT>a)</DT><DD Font="normal"><LA>Warengruppensystematik des deutschen Buchhandels, insbesondere im Bezug auf Literatur, Kultur, Wissenschaft und Technik, begründen und anwenden</LA></DD><DT>b)</DT><DD Font="normal"><LA>Bedeutung von Autoren, Titeln sowie Verlagen innerhalb von Warengruppen bestimmen</LA></DD><DT>c)</DT><DD Font="normal"><LA>Literaturgattungen und -formen sowie Epochen und Grundbegriffe der Literaturgeschichte unterscheiden und bewerten</LA></DD><DT>d)</DT><DD Font="normal"><LA>Gegenwartsliteratur und ausgewählte internationale Literatur im Kontext der Weltliteratur einordnen</LA></DD></DL></entry></row><row><entry VJ="1" colname="col1">1.2</entry><entry VJ="1" colname="col2">Gegenstände und Dienstleistungen des Buchmarktes<BR/> (§ 4 Absatz 2<BR/> Abschnitt A Nummer 1.2)</entry><entry VJ="1" colname="col3"><DL Type="alpha"><DT>a)</DT><DD Font="normal"><LA>Gegenstände des Buchhandels, insbesondere Bücher, Zeitschriften und andere Printmedien, unterscheiden und ihre Bedeutung für die Branche darstellen</LA></DD><DT>b)</DT><DD Font="normal"><LA>Bücher, Zeitschriften und andere Printmedien von Angeboten in digitaler Form unterscheiden und bewerten</LA></DD><DT>c)</DT><DD Font="normal"><LA>kartografische Produkte unterscheiden</LA></DD><DT>d)</DT><DD Font="normal"><LA>buchaffine Nebenprodukte beschreiben und ihre Bedeutung für den Buchhandel begründen</LA></DD><DT>e)</DT><DD Font="normal"><LA>Dienstleistungen des Buchmarktes und ihre Bedeutung für den Unternehmenserfolg darstellen</LA></DD><DT>f)</DT><DD Font="normal"><LA>Kriterien, insbesondere literarischer, künstlerischer, wissenschaftlicher und technischer Art, für die qualitative Beurteilung des Angebots im Ausbildungsbetrieb anwenden</LA></DD></DL></entry></row><row><entry VJ="1" colname="col1">1.3</entry><entry VJ="1" colname="col2">Herstellung<BR/> (§ 4 Absatz 2<BR/> Abschnitt A Nummer 1.3)</entry><entry VJ="1" colname="col3"><DL Type="alpha"><DT>a)</DT><DD Font="normal"><LA>Aufbau von Büchern beschreiben, ihre Ausstattung bewerten</LA></DD><DT>b)</DT><DD Font="normal"><LA>Schrift-, Papier- und Einbandarten unterscheiden</LA></DD><DT>c)</DT><DD Font="normal"><LA>Satz-, Druck- und Bindetechniken unterscheiden</LA></DD><DT>d)</DT><DD Font="normal"><LA>Formen elektronischen Publizierens unter Berücksichtigung rechtlicher Vorschriften und technischer Erfordernisse unterscheiden</LA></DD></DL></entry></row><row><entry VJ="1" colname="col1">1.4</entry><entry VJ="1" colname="col2">Buchmarktprozesse und -beteiligte<BR/> (§ 4 Absatz 2<BR/> Abschnitt A Nummer 1.4)</entry><entry VJ="1" colname="col3"><DL Type="alpha"><DT>a)</DT><DD Font="normal"><LA>Besonderheiten der Buchbranche und Leistungen des Buchmarktes unter handelsbezogenen und kulturellen Aspekten bewerten</LA></DD><DT>b)</DT><DD Font="normal"><LA>die Wertschöpfungskette im Buchmarkt erläutern und den eigenen Betrieb in diese einordnen</LA></DD><DT>c)</DT><DD Font="normal"><LA>Geschäftsprozesse des Buchmarktes und Geschäftsbeziehungen zwischen den einzelnen Handelspartnern erläutern</LA></DD><DT>d)</DT><DD Font="normal"><LA>Handelslandschaft im Sortimentsbuchhandel beschreiben</LA></DD><DT>e)</DT><DD Font="normal"><LA>die Bedeutung und die unterschiedlichen Strukturen des Verlagswesens im Buchhandel beschreiben</LA></DD><DT>f)</DT><DD Font="normal"><LA>Verlage und ihre Schwerpunkte unterscheiden</LA></DD><DT>g)</DT><DD Font="normal"><LA>die Funktionsbereiche im Verlag beschreiben</LA></DD></DL></entry></row><row><entry VJ="1" colname="col1">1.5</entry><entry VJ="1" colname="col2">Rechtliche Bestimmungen<BR/> im Buchmarkt<BR/> (§ 4 Absatz 2<BR/> Abschnitt A Nummer 1.5)</entry><entry VJ="1" colname="col3"><DL Type="alpha"><DT>a)</DT><DD Font="normal"><LA>branchenspezifische Gesetze berücksichtigen</LA></DD><DT>b)</DT><DD Font="normal"><LA>Rechte und Pflichten, die sich aus dem Preisbindungsgesetz ergeben, anwenden</LA></DD><DT>c)</DT><DD Font="normal"><LA>Bestimmungen des Urheberrechts berücksichtigen</LA></DD><DT>d)</DT><DD Font="normal"><LA>branchenspezifische Rahmenbedingungen, insbesondere Verkehrsordnung für den Buchhandel und Wettbewerbsregeln des Börsenvereins des Deutschen Buchhandels anwenden</LA></DD><DT>e)</DT><DD Font="normal"><LA>handelsrechtliche Bestimmungen, insbesondere zum Wettbewerb, Internethandel und Fernabsatz, anwenden</LA></DD></DL></entry></row><row><entry VJ="1" colname="col1">2</entry><entry VJ="1" colname="col2">Bibliografien und Recherche<BR/> (§ 4 Absatz 2 Abschnitt A Nummer 2)</entry><entry VJ="1" colname="col3"/></row><row><entry VJ="1" colname="col1">2.1</entry><entry VJ="1" colname="col2">Bibliografien und Nachschlagesysteme<BR/> (§ 4 Absatz 2<BR/> Abschnitt A Nummer 2.1)</entry><entry VJ="1" colname="col3"><DL Type="alpha"><DT>a)</DT><DD Font="normal"><LA>Aufbau von Bibliografien kennen und Regeln des Bibliografierens anwenden</LA></DD><DT>b)</DT><DD Font="normal"><LA>das Verzeichnis lieferbarer Bücher und Barsortimentskataloge anwenden und auswerten</LA></DD><DT>c)</DT><DD Font="normal"><LA>wichtige Fach- und Spezialkataloge, sowie Recherchemöglichkeiten im Internet nutzen; Methoden der Beschaffung antiquarischer und vergriffener Werke anwenden</LA></DD></DL></entry></row><row><entry VJ="1" colname="col1">2.2</entry><entry VJ="1" colname="col2">Erweiterte buchhändlerische Recherche<BR/> (§ 4 Absatz 2<BR/> Abschnitt A Nummer 2.2)</entry><entry VJ="1" colname="col3"><DL Type="alpha"><DT>a)</DT><DD Font="normal"><LA>Möglichkeiten der Volltextsuche nutzen</LA></DD><DT>b)</DT><DD Font="normal"><LA>Recherchemöglichkeiten von fremdsprachigen Titeln im Internet nutzen und Besonderheiten berücksichtigen</LA></DD><DT>c)</DT><DD Font="normal"><LA>Angebote buchaffiner Nebenmärkte erschließen und Nutzen prüfen</LA></DD><DT>d)</DT><DD Font="normal"><LA>Verzeichnisse oder Kataloge mit den bibliografischen Angaben erstellen</LA></DD><DT>e)</DT><DD Font="normal"><LA>interaktive Web-Techniken und buchhandelsspezifische Portale nutzen</LA></DD></DL></entry></row><row><entry VJ="1" colname="col1">2.3</entry><entry VJ="1" colname="col2">Buchhändlerische Fachinformation<BR/> (§ 4 Absatz 2<BR/> Abschnitt A Nummer 2.3)</entry><entry VJ="1" colname="col3"><DL Type="alpha"><DT>a)</DT><DD Font="normal"><LA>Fachinformationen, insbesondere das Börsenblatt, auswerten</LA></DD><DT>b)</DT><DD Font="normal"><LA>Buchmessen als Informationsquellen nutzen</LA></DD><DT>c)</DT><DD Font="normal"><LA>Vorschauen, Internetauftritte der Verlage sowie Informationen von Verlagsvertretern für die Beschaffung und das Angebot des Ausbildungsbetriebes nutzen</LA></DD></DL></entry></row><row><entry VJ="1" colname="col1">3</entry><entry VJ="1" colname="col2">Warenwirtschaft und Beschaffung<BR/> (§ 4 Absatz 2 Abschnitt A Nummer 3)</entry><entry VJ="1" colname="col3"/></row><row><entry VJ="1" colname="col1">3.1</entry><entry VJ="1" colname="col2">Warenwirtschaft<BR/> (§ 4 Absatz 2<BR/> Abschnitt A Nummer 3.1)</entry><entry VJ="1" colname="col3"><DL Type="alpha"><DT>a)</DT><DD Font="normal"><LA>Grundsätze, Aufgaben und Ziele der Warenwirtschaft erläutern, das Warenwirtschaftssystem des Ausbildungsbetriebes nutzen</LA></DD><DT>b)</DT><DD Font="normal"><LA>Zyklus eines Bestellvorganges anhand der Warenwirtschaft beschreiben</LA></DD><DT>c)</DT><DD Font="normal"><LA>Warengruppen anhand der Warengruppensystematik als Teil des betrieblichen Warensortimentes unterscheiden</LA></DD><DT>d)</DT><DD Font="normal"><LA>Bestände erfassen und kontrollieren</LA></DD></DL></entry></row><row><entry VJ="1" colname="col1">3.2</entry><entry VJ="1" colname="col2">Wareneingang<BR/> (§ 4 Absatz 2<BR/> Abschnitt A Nummer 3.2)</entry><entry VJ="1" colname="col3"><DL Type="alpha"><DT>a)</DT><DD Font="normal"><LA>Ware annehmen, Lieferungen nach Art, Menge und auf offene Mängel prüfen, bei Beanstandungen Maßnahmen einleiten</LA></DD><DT>b)</DT><DD Font="normal"><LA>Rechnungen und Lieferscheine mit den Bestell- und Wareneingangsdaten vergleichen und auf Richtigkeit prüfen, Abweichungen und Unstimmigkeiten klären</LA></DD><DT>c)</DT><DD Font="normal"><LA>Ware auszeichnen</LA></DD></DL></entry></row><row><entry VJ="1" colname="col1">3.3</entry><entry VJ="1" colname="col2">Lagerlogistik<BR/> (§ 4 Absatz 2<BR/> Abschnitt A Nummer 3.3)</entry><entry VJ="1" colname="col3"><DL Type="alpha"><DT>a)</DT><DD Font="normal"><LA>bei der Lagerverwaltung des Ausbildungsbetriebes mitwirken und die Lagerorganisation des Ausbildungsbetriebes begründen</LA></DD><DT>b)</DT><DD Font="normal"><LA>Methoden der Lagerhaltung, Lagerbereinigung, insbesondere Remissionen, unterscheiden und anwenden</LA></DD><DT>c)</DT><DD Font="normal"><LA>bei der Inventur mitwirken, rechtliche Vorschriften beachten, zur Vermeidung von Inventurdifferenzen beitragen</LA></DD></DL></entry></row><row><entry VJ="1" colname="col1">3.4</entry><entry VJ="1" colname="col2">Beschaffung<BR/> (§ 4 Absatz 2<BR/> Abschnitt A Nummer 3.4)</entry><entry VJ="1" colname="col3"><DL Type="alpha"><DT>a)</DT><DD Font="normal"><LA>Formen der Beschaffung unterscheiden</LA></DD><DT>b)</DT><DD Font="normal"><LA>Warennachbezug anhand der Warenwirtschaftsdaten durchführen</LA></DD><DT>c)</DT><DD Font="normal"><LA>bei der Beschaffung wirtschaftliche Aspekte berücksichtigen</LA></DD><DT>d)</DT><DD Font="normal"><LA>Sonderkonditionen bei der Beschaffung berücksichtigen</LA></DD><DT>e)</DT><DD Font="normal"><LA>Handelsbräuche, insbesondere die Verkehrsordnung, anwenden</LA></DD></DL></entry></row><row><entry VJ="1" colname="col1">4</entry><entry VJ="1" colname="col2">Einkauf<BR/> (§ 4 Absatz 2 Abschnitt A Nummer 4)</entry><entry VJ="1" colname="col3"/></row><row><entry VJ="1" colname="col1">4.1</entry><entry VJ="1" colname="col2">Sortimentsstruktur<BR/> (§ 4 Absatz 2<BR/>Abschnitt A Nummer 4.1)</entry><entry VJ="1" colname="col3"><DL Type="alpha"><DT>a)</DT><DD Font="normal"><LA>die Sortimentsstruktur, insbesondere anhand der Marktausrichtung sowie Breite und Tiefe, beurteilen</LA></DD><DT>b)</DT><DD Font="normal"><LA>Zusammenhänge zwischen Anordnung und inhaltlicher Struktur des Sortiments begründen</LA></DD><DT>c)</DT><DD Font="normal"><LA>Bedeutung der nicht preisgebundenen Produkte für das Sortiment herausstellen</LA></DD></DL></entry></row><row><entry VJ="1" colname="col1">4.2</entry><entry VJ="1" colname="col2">Einkauf und Bestellung<BR/> (§ 4 Absatz 2<BR/> Abschnitt A Nummer 4.2)</entry><entry VJ="1" colname="col3"><DL Type="alpha"><DT>a)</DT><DD Font="normal"><LA>Bedarf an Waren unter Berücksichtigung der Umsatz- und Bestandsentwicklung, der saisonalen Schwankungen sowie der Absatzchancen ermitteln</LA></DD><DT>b)</DT><DD Font="normal"><LA>Umsatzkennzahlen beim Einkauf berücksichtigen</LA></DD><DT>c)</DT><DD Font="normal"><LA>Einkaufsmöglichkeiten bei Verlag, Zwischenbuchhandel und über Einkaufsgemeinschaften sowie Bündelung bei Eigenbestellung beurteilen und beim Einkauf nutzen</LA></DD><DT>d)</DT><DD Font="normal"><LA>Waren bestellen</LA></DD></DL></entry></row><row><entry VJ="1" colname="col1">5</entry><entry VJ="1" colname="col2">Beratung und Verkauf<BR/> (§ 4 Absatz 2 Abschnitt A Nummer 5)</entry><entry VJ="1" colname="col3"/></row><row><entry VJ="1" colname="col1">5.1</entry><entry VJ="1" colname="col2">Kundenorientierte Kommunikation<BR/> (§ 4 Absatz 2<BR/> Abschnitt A Nummer 5.1)</entry><entry VJ="1" colname="col3"><DL Type="alpha"><DT>a)</DT><DD Font="normal"><LA>Waren und Dienstleistungen des Ausbildungsbetriebes kundenorientiert anbieten, Preise begründen</LA></DD><DT>b)</DT><DD Font="normal"><LA>Gesprächsführungstechniken bei Informations-, Beratungs- und Verkaufsgesprächen anwenden</LA></DD><DT>c)</DT><DD Font="normal"><LA>im Kundengespräch sprachliche und nichtsprachliche Kommunikationsformen berücksichtigen</LA></DD><DT>d)</DT><DD Font="normal"><LA>auf Kundeneinwände und Kundenargumente verkaufsfördernd reagieren</LA></DD><DT>e)</DT><DD Font="normal"><LA>Konfliktursachen feststellen, Konfliktlösungen im Beratungsgespräch situationsbezogen anwenden</LA></DD><DT>f)</DT><DD Font="normal"><LA>Kundentypen und Verhaltensmuster im Kundengespräch individuell nutzen</LA></DD><DT>g)</DT><DD Font="normal"><LA>Kaufmotive und Wünsche von Kunden ermitteln und in Verkaufsgesprächen nutzen</LA></DD><DT>h)</DT><DD Font="normal"><LA>kulturelle Besonderheiten im Kundenkontakt berücksichtigen</LA></DD></DL></entry></row><row><entry VJ="1" colname="col1" rowsep="0">5.2</entry><entry VJ="1" colname="col2" rowsep="0">Buchhändlerische Beratung und Verkauf<BR/> (§ 4 Absatz 2<BR/> Abschnitt A Nummer 5.2)</entry><entry VJ="1" colname="col3" rowsep="0"><DL Type="alpha"><DT>a)</DT><DD Font="normal"><LA>Kunden beraten und Verkaufsgespräche führen, Kauf abschließen</LA></DD><DT>b)</DT><DD Font="normal"><LA>Kundenkontakte nutzen und pflegen, dem Kundeninteresse entsprechende Bücher und Produkte aktiv anbieten</LA></DD><DT>c)</DT><DD Font="normal"><LA>über Neuerscheinungen informieren, neue Bücher und Bestsellerservice anbieten</LA></DD><DT>d)</DT><DD Font="normal"><LA>über Titel und Produktformen kundenorientiert beraten</LA></DD></DL></entry></row><row><entry VJ="1" colname="col1"/><entry VJ="1" colname="col2"/><entry VJ="1" colname="col3"><DL Type="alpha"><DT>e)</DT><DD Font="normal"><LA>Trends und innovative Ansätze als Verkaufsargument nutzen</LA></DD><DT>f)</DT><DD Font="normal"><LA>Kundenbestellungen aufnehmen und bearbeiten</LA></DD><DT>g)</DT><DD Font="normal"><LA>Auswirkungen der eigenen Verkaufstätigkeit auf Unternehmenserfolg, Kundenzufriedenheit und Kundenbindung berücksichtigen</LA></DD></DL></entry></row><row><entry VJ="1" colname="col1">5.3</entry><entry VJ="1" colname="col2">Kassenführung<BR/> (§ 4 Absatz 2<BR/> Abschnitt A Nummer 5.3)</entry><entry VJ="1" colname="col3"><DL Type="alpha"><DT>a)</DT><DD Font="normal"><LA>Kasse vorbereiten, kassieren, bare und unbare Zahlungen abwickeln, Kaufbelege erstellen</LA></DD><DT>b)</DT><DD Font="normal"><LA>Kasse abrechnen, Kassenbericht erstellen, Einnahmen und Belege weiterleiten</LA></DD><DT>c)</DT><DD Font="normal"><LA>Kunden beim Kassiervorgang Serviceleistungen anbieten</LA></DD><DT>d)</DT><DD Font="normal"><LA>Kassiervorgang als Mittel zur Kundenbindung nutzen</LA></DD><DT>e)</DT><DD Font="normal"><LA>buchhandelsspezifische Zahlungsmittel erläutern</LA></DD><DT>f)</DT><DD Font="normal"><LA>Besonderheiten beim Kassieren von Rechnungen berücksichtigen und die erfolgreiche Durchführung des unbaren Zahlungsvorgangs sicherstellen</LA></DD></DL></entry></row><row><entry VJ="1" colname="col1">5.4</entry><entry VJ="1" colname="col2">Kundenbindung, Kundenservice<BR/> (§ 4 Absatz 2<BR/> Abschnitt A Nummer 5.4)</entry><entry VJ="1" colname="col3"><DL Type="alpha"><DT>a)</DT><DD Font="normal"><LA>das Spektrum der buchhändlerischen Dienstleistungen des Ausbildungsbetriebes kundenorientiert einsetzen</LA></DD><DT>b)</DT><DD Font="normal"><LA>Einfluss von Kundenbindung und Kundenservice auf den Verkaufserfolg beachten</LA></DD><DT>c)</DT><DD Font="normal"><LA>für nicht lieferbare Bücher und Produkte vergleichbaren Ersatz anbieten und erläutern</LA></DD><DT>d)</DT><DD Font="normal"><LA>beim Einsatz besonderer Formen des Kundenservices im Ausbildungsbetrieb mitwirken</LA></DD><DT>e)</DT><DD Font="normal"><LA>Umtausch, Beschwerden und Reklamationen bearbeiten; rechtliche Bestimmungen und betriebliche Regelungen anwenden</LA></DD><DT>f)</DT><DD Font="normal"><LA>Beschwerdemanagement als Instrument zur Kundenbindung nutzen</LA></DD><DT>g)</DT><DD Font="normal"><LA>durch eigenes Verhalten zur Kundenzufriedenheit und Kundenbindung beitragen</LA></DD><DT>h)</DT><DD Font="normal"><LA>Kundendaten pflegen, Regelungen des Datenschutzes beachten</LA></DD></DL></entry></row><row><entry VJ="1" colname="col1">5.5</entry><entry VJ="1" colname="col2">Vertriebswege<BR/> (§ 4 Absatz 2<BR/> Abschnitt A Nummer 5.5)</entry><entry VJ="1" colname="col3"><DL Type="alpha"><DT>a)</DT><DD Font="normal"><LA>Vertriebswege des Buchhandels nutzen</LA></DD><DT>b)</DT><DD Font="normal"><LA>Informationen zur Erschließung neuer Vertriebswege auswerten und nutzen</LA></DD><DT>c)</DT><DD Font="normal"><LA>Waren unter Berücksichtigung von Kundenwünschen sowie wirtschaftlichen und ökologischen Gesichtspunkten versenden</LA></DD><DT>d)</DT><DD Font="normal"><LA>besondere Anforderungen der Firmenkunden bei der Organisation des Vertriebs berücksichtigen</LA></DD><DT>e)</DT><DD Font="normal"><LA>Besonderheiten des Rechnungsverkaufs und Versands berücksichtigen</LA></DD><DT>f)</DT><DD Font="normal"><LA>Vor- und Nachteile von E-Commerce aus Sicht von Unternehmen und Kunden beurteilen</LA></DD></DL></entry></row><row><entry VJ="1" colname="col1">5.6</entry><entry VJ="1" colname="col2">Anwenden einer Fremdsprache bei Fachaufgaben<BR/> (§ 4 Absatz 2<BR/> Abschnitt A Nummer 5.6)</entry><entry VJ="1" colname="col3"><DL Type="alpha"><DT>a)</DT><DD Font="normal"><LA>fremdsprachige Fachbegriffe anwenden</LA></DD><DT>b)</DT><DD Font="normal"><LA>fremdsprachige Informationsquellen aufgabenbezogen auswerten</LA></DD><DT>c)</DT><DD Font="normal"><LA>Auskünfte erteilen und einholen, auch in einer Fremdsprache</LA></DD></DL></entry></row><row><entry VJ="1" colname="col1">6</entry><entry VJ="1" colname="col2">Marketing<BR/> (§ 4 Absatz 2 Abschnitt A Nummer 6)</entry><entry VJ="1" colname="col3"/></row><row><entry VJ="1" colname="col1" rowsep="0">6.1</entry><entry VJ="1" colname="col2" rowsep="0">Märkte und Zielgruppen<BR/> (§ 4 Absatz 2<BR/> Abschnitt A Nummer 6.1)</entry><entry VJ="1" colname="col3" rowsep="0"><DL Type="alpha"><DT>a)</DT><DD Font="normal"><LA>Strukturen der Buchhandelslandschaft bei Marketingentscheidungen berücksichtigen</LA></DD><DT>b)</DT><DD Font="normal"><LA>Marktdaten erfassen, Marktsituation am Standort unter wirtschaftlichen und regionalen Gesichtspunkten beurteilen und Schlussfolgerungen für das Marketing ziehen</LA></DD></DL></entry></row><row><entry VJ="1" colname="col1"/><entry VJ="1" colname="col2"/><entry VJ="1" colname="col3"><DL Type="alpha"><DT>c)</DT><DD Font="normal"><LA>Informationen über Kauf- und Konsumverhalten von bestehenden und potenziellen Zielgruppen ermitteln und für Marketingmaßnahmen aufbereiten</LA></DD><DT>d)</DT><DD Font="normal"><LA>Kundenwünsche und -bedürfnisse ermitteln, mit betrieblichen Leistungsangeboten vergleichen und daraus bedarfsgerechte Vorgehensweisen ableiten</LA></DD></DL></entry></row><row><entry VJ="1" colname="col1">6.2</entry><entry VJ="1" colname="col2">Marketingkonzepte<BR/> (§ 4 Absatz 2<BR/> Abschnitt A Nummer 6.2)</entry><entry VJ="1" colname="col3"><DL Type="alpha"><DT>a)</DT><DD Font="normal"><LA>Ergebnisse der Marktforschung für die Entwicklung, Planung und Durchführung eines Marketingkonzeptes nutzen</LA></DD><DT>b)</DT><DD Font="normal"><LA>Marketingmaßnahmen auswählen und Marketinginstrumente einsetzen, Budgetvorgaben berücksichtigen</LA></DD><DT>c)</DT><DD Font="normal"><LA>Erfolg der Marketingmaßnahmen beurteilen</LA></DD><DT>d)</DT><DD Font="normal"><LA>Möglichkeiten der freien Preisgestaltung als Instrument der Angebotspolitik nutzen</LA></DD></DL></entry></row><row><entry VJ="1" colname="col1">6.3</entry><entry VJ="1" colname="col2">Verkaufsförderung<BR/> (§ 4 Absatz 2<BR/> Abschnitt A Nummer 6.3)</entry><entry VJ="1" colname="col3"><DL Type="alpha"><DT>a)</DT><DD Font="normal"><LA>visuelle Verkaufsförderung gezielt einsetzen</LA></DD><DT>b)</DT><DD Font="normal"><LA>anlass- und zielgruppenbezogene Informationen für die Verkaufsförderung einsetzen</LA></DD><DT>c)</DT><DD Font="normal"><LA>verkaufsstarke und verkaufsschwache Zonen feststellen und Maßnahmen zur Verkaufsförderung ableiten</LA></DD><DT>d)</DT><DD Font="normal"><LA>verkaufsfördernde Maßnahmen planen, durchführen und auswerten</LA></DD></DL></entry></row><row><entry VJ="1" colname="col1">6.4</entry><entry VJ="1" colname="col2">Warenpräsentation<BR/> (§ 4 Absatz 2<BR/> Abschnitt A Nummer 6.4)</entry><entry VJ="1" colname="col3"><DL Type="alpha"><DT>a)</DT><DD Font="normal"><LA>verkaufspsychologische Erkenntnisse bei der Gestaltung der Warenpräsentation berücksichtigen</LA></DD><DT>b)</DT><DD Font="normal"><LA>Ladengestaltung und Lichtdesign zur Warenpräsentation nutzen</LA></DD><DT>c)</DT><DD Font="normal"><LA>Präsentationsflächen im Rahmen der innerbetrieblichen Werbung gestalten</LA></DD><DT>d)</DT><DD Font="normal"><LA>Schaufensterplan erstellen und Schaufenster dekorieren</LA></DD><DT>e)</DT><DD Font="normal"><LA>eigene Dekorationsmittel und Materialien der Verlage einsetzen</LA></DD></DL></entry></row><row><entry VJ="1" colname="col1">6.5</entry><entry VJ="1" colname="col2">Werbung<BR/> (§ 4 Absatz 2<BR/> Abschnitt A Nummer 6.5)</entry><entry VJ="1" colname="col3"><DL Type="alpha"><DT>a)</DT><DD Font="normal"><LA>Werbeplan erstellen</LA></DD><DT>b)</DT><DD Font="normal"><LA>Werbemittel und Werbeträger unter Berücksichtigung von Kosten und Erfolg einsetzen</LA></DD><DT>c)</DT><DD Font="normal"><LA>Medien zielgruppenorientiert einsetzen</LA></DD><DT>d)</DT><DD Font="normal"><LA>Erfolg der Werbemaßnahmen beurteilen</LA></DD></DL></entry></row><row><entry VJ="1" colname="col1">6.6</entry><entry VJ="1" colname="col2">Öffentlichkeitsarbeit<BR/> (§ 4 Absatz 2<BR/> Abschnitt A Nummer 6.6)</entry><entry VJ="1" colname="col3"><DL Type="alpha"><DT>a)</DT><DD Font="normal"><LA>Maßnahmen der Öffentlichkeitsarbeit planen, durchführen und beurteilen</LA></DD><DT>b)</DT><DD Font="normal"><LA>Maßnahmen der Öffentlichkeitsarbeit und Werbung unterscheiden und koordinieren</LA></DD><DT>c)</DT><DD Font="normal"><LA>mit Medienvertretern zusammenarbeiten und Medienanalysen durchführen</LA></DD><DT>d)</DT><DD Font="normal"><LA>Interessen von Kooperationspartnern und Sponsoren berücksichtigen</LA></DD></DL></entry></row><row><entry VJ="1" colname="col1">7</entry><entry VJ="1" colname="col2">Kaufmännische Steuerung und Kontrolle<BR/> (§ 4 Absatz 2 Abschnitt A Nummer 7)</entry><entry VJ="1" colname="col3"/></row><row><entry VJ="1" colname="col1">7.1</entry><entry VJ="1" colname="col2">Rechnerische<BR/> Abwicklung und Zahlungsverkehr<BR/> (§ 4 Absatz 2<BR/> Abschnitt A Nummer 7.1)</entry><entry VJ="1" colname="col3"><DL Type="alpha"><DT>a)</DT><DD Font="normal"><LA>Rechnungen erstellen und Belege für die Finanzbuchhaltung erfassen</LA></DD><DT>b)</DT><DD Font="normal"><LA>Möglichkeiten der Zusammenarbeit mit Abrechnungs-Gesellschaften prüfen</LA></DD><DT>c)</DT><DD Font="normal"><LA>Zahlungsmethoden unterscheiden, Zahlungsvorgänge rechnerisch bearbeiten und abwickeln</LA></DD><DT>d)</DT><DD Font="normal"><LA>Vorgänge des Mahnwesens bearbeiten</LA></DD></DL></entry></row><row><entry VJ="1" colname="col1">7.2</entry><entry VJ="1" colname="col2">Kosten- und Leistungsrechnung<BR/> (§ 4 Absatz 2<BR/> Abschnitt A Nummer 7.2)</entry><entry VJ="1" colname="col3"><DL Type="alpha"><DT>a)</DT><DD Font="normal"><LA>Kosten- und Leistungsrechnung im Ausbildungsbetrieb als Informations- und Kontrollsystem anwenden</LA></DD><DT>b)</DT><DD Font="normal"><LA>kaufmännische Schlussfolgerungen aus der Kosten- und Leistungsrechnung ableiten und an der Erfolgsrechnung mitwirken</LA></DD></DL></entry></row><row><entry VJ="1" colname="col1">7.3</entry><entry VJ="1" colname="col2">Kaufmännische Steuerung<BR/> (§ 4 Absatz 2<BR/> Abschnitt A Nummer 7.4)</entry><entry VJ="1" colname="col3"><DL Type="alpha"><DT>a)</DT><DD Font="normal"><LA>betriebliche Kennzahlen, insbesondere des Umsatzes, des Lagerumschlags und der Rentabilität sowie Handelsspanne und Rohertrag, ermitteln und für die Disposition nutzen</LA></DD><DT>b)</DT><DD Font="normal"><LA>Statistiken erstellen und zur Vorbereitung von Entscheidungen aufbereiten</LA></DD><DT>c)</DT><DD Font="normal"><LA>Maßnahmen der Steuerung vorbereiten und bei deren Durchführung mitwirken</LA></DD><DT>d)</DT><DD Font="normal"><LA>Controlling als Informations- und Steuerungsinstrument nutzen</LA></DD></DL></entry></row></tbody></tgroup></table></P><P><B>Abschnitt B: Weitere berufsprofilgebende Fertigkeiten, Kenntnisse und Fähigkeiten in einer der sechsmonatigen Wahlqualifikationseinheiten</B><table frame="all" pgwide="1" tabstyle="tabelle1" tocentry="%yes;"><tgroup align="left" char="" charoff="50" cols="3" colsep="1" rowsep="1"><colspec align="center" colname="col1" colnum="1" colwidth="0.60*"/><colspec colname="col2" colnum="2" colwidth="4.49*"/><colspec colname="col3" colnum="3" colwidth="8.40*"/><thead valign="bottom"><row><entry VJ="1" align="center" colname="col1" valign="middle">Lfd. Nr.</entry><entry VJ="1" align="center" colname="col2" valign="middle">Teil des Ausbildungsberufsbildes</entry><entry VJ="1" align="center" colname="col3" valign="middle">Zu vermittelnde Fertigkeiten, Kenntnisse und Fähigkeiten</entry></row><row><entry VJ="1" align="center" colname="col1" valign="middle">1</entry><entry VJ="1" align="center" colname="col2" valign="middle">2</entry><entry VJ="1" align="center" colname="col3" valign="middle">3</entry></row></thead><tbody valign="top"><row><entry VJ="1" colname="col1">1</entry><entry VJ="1" colname="col2">Sortiment<BR/> (§ 4 Absatz 2 Abschnitt B Nummer 1)</entry><entry VJ="1" colname="col3"/></row><row><entry VJ="1" colname="col1">1.1</entry><entry VJ="1" colname="col2">Planung und Organisation<BR/> von Veranstaltungen<BR/> (§ 4 Absatz 2<BR/> Abschnitt B Nummer 1.1)</entry><entry VJ="1" colname="col3"><DL Type="alpha"><DT>a)</DT><DD Font="normal"><LA>Veranstaltungen unter Berücksichtigung betrieblicher Vorgaben planen, organisieren und durchführen</LA></DD><DT>b)</DT><DD Font="normal"><LA>Marketingmaßnahmen durchführen</LA></DD><DT>c)</DT><DD Font="normal"><LA>Veranstaltungen abrechnen und auswerten</LA></DD><DT>d)</DT><DD Font="normal"><LA>Interessen von Kooperationspartnern und Sponsoren berücksichtigen</LA></DD><DT>e)</DT><DD Font="normal"><LA>mit Medienvertretern zusammenarbeiten und Medienanalysen durchführen</LA></DD></DL></entry></row><row><entry VJ="1" colname="col1">1.2</entry><entry VJ="1" colname="col2">Sortimentspolitik<BR/> (§ 4 Absatz 2<BR/> Abschnitt B Nummer 1.2)</entry><entry VJ="1" colname="col3"><DL Type="alpha"><DT>a)</DT><DD Font="normal"><LA>Geschäftskonzepte des Buchhandels, insbesondere Filial- und Lagerkonzepte, Vertriebs- und Sortimentsausrichtung, vergleichen und in Bezug auf den Ausbildungsbetrieb bewerten</LA></DD><DT>b)</DT><DD Font="normal"><LA>das Sortiment unter Berücksichtigung seiner Struktur, der Standortbedingungen, Marktgegebenheiten, Trends und betrieblichen Vorgaben gestalten; Angebotsanpassungen entwickeln</LA></DD><DT>c)</DT><DD Font="normal"><LA>Chancen und Risiken von Nebensortimenten und Vertriebswegen bewerten</LA></DD><DT>d)</DT><DD Font="normal"><LA>Möglichkeiten der Preisgestaltung nicht preisgebundener Waren für die Sortimentspolitik nutzen</LA></DD></DL></entry></row><row><entry VJ="1" colname="col1">1.3</entry><entry VJ="1" colname="col2">Einkaufsplanung<BR/> (§ 4 Absatz 2<BR/> Abschnitt B Nummer 1.3)</entry><entry VJ="1" colname="col3"><DL Type="alpha"><DT>a)</DT><DD Font="normal"><LA>Bezugsformen, Bestellwege und Bestelltechniken unter Berücksichtigung von Bezugs- und Zahlungskonditionen beurteilen und anwenden</LA></DD><DT>b)</DT><DD Font="normal"><LA>Budgetierung als Steuerungsinstrument einzelner Sortimentssegmente nutzen</LA></DD><DT>c)</DT><DD Font="normal"><LA>den Barsortimentsanteil des Ausbildungsbetriebes begründen</LA></DD><DT>d)</DT><DD Font="normal"><LA>Kontakte mit Verlagsvertretern pflegen</LA></DD><DT>e)</DT><DD Font="normal"><LA>Vertreterbesuche vorbereiten und durchführen</LA></DD><DT>f)</DT><DD Font="normal"><LA>Konditionen von Objektarten prüfen</LA></DD></DL></entry></row><row><entry VJ="1" colname="col1" rowsep="0">1.4</entry><entry VJ="1" colname="col2" rowsep="0">Optimierter Einsatz der Warenwirtschaft<BR/> (§ 4 Absatz 2<BR/> Abschnitt B Nummer 1.4)</entry><entry VJ="1" colname="col3" rowsep="0"><DL Type="alpha"><DT>a)</DT><DD Font="normal"><LA>Warenwirtschaftsysteme unterscheiden und im Hinblick auf die Anforderungen des Betriebes bewerten</LA></DD><DT>b)</DT><DD Font="normal"><LA>Warenfluss artikelgenau und zeitnah erfassen</LA></DD></DL></entry></row><row><entry VJ="1" colname="col1"/><entry VJ="1" colname="col2"/><entry VJ="1" colname="col3"><DL Type="alpha"><DT>c)</DT><DD Font="normal"><LA>Statistiken und Kennzahlen aus der Warenwirtschaft erstellen, analysieren sowie betriebswirtschaftlich auswerten</LA></DD><DT>d)</DT><DD Font="normal"><LA>Umsatz- und Umschlagszahlen nach Titeln, Warengruppen und Lieferanten auswerten</LA></DD><DT>e)</DT><DD Font="normal"><LA>Datensicherheit und -integrität der Warenwirtschaft prüfen, Daten pflegen</LA></DD></DL></entry></row><row><entry VJ="1" colname="col1">1.5</entry><entry VJ="1" colname="col2">Logistik<BR/> (§ 4 Absatz 2<BR/> Abschnitt B Nummer 1.5)</entry><entry VJ="1" colname="col3"><DL Type="alpha"><DT>a)</DT><DD Font="normal"><LA>logistische Beziehungen zwischen Sortiment, Verlag, Auslieferung und Zwischenbuchhandel betriebswirtschaftlich beurteilen</LA></DD><DT>b)</DT><DD Font="normal"><LA>Lieferwege, insbesondere Bücherwagendienste, auf Effizienz und Kosten prüfen und Wirtschaftlichkeit bewerten</LA></DD><DT>c)</DT><DD Font="normal"><LA>Warenströme steuern und optimieren</LA></DD></DL></entry></row><row><entry VJ="1" colname="col1">2</entry><entry VJ="1" colname="col2">Verlag<BR/> (§ 4 Absatz 2 Abschnitt B Nummer 2)</entry><entry VJ="1" colname="col3"/></row><row><entry VJ="1" colname="col1">2.1</entry><entry VJ="1" colname="col2">Programmplanung<BR/> (§ 4 Absatz 2<BR/> Abschnitt B Nummer 2.1)</entry><entry VJ="1" colname="col3"><DL Type="alpha"><DT>a)</DT><DD Font="normal"><LA>das Verlagsprogramm, insbesondere anhand der Marktausrichtung sowie Breite und Tiefe, beurteilen</LA></DD><DT>b)</DT><DD Font="normal"><LA>Medienprodukte, insbesondere Digital- und Printprodukte, Insertionsprodukte, Lizenzen und Nebenrechte sowie Dienst- und Serviceleistungen, unterscheiden</LA></DD><DT>c)</DT><DD Font="normal"><LA>bei der Planung und Konzeption von Medienprodukten unter Berücksichtigung von Zielgruppen und Marktausrichtung mitwirken</LA></DD><DT>d)</DT><DD Font="normal"><LA>Medienprodukte unter Berücksichtigung der Kostenrechnung planen</LA></DD><DT>e)</DT><DD Font="normal"><LA>digitale Produkte unterscheiden und unter Produktions-, Absatz- und Kostenaspekten bewerten</LA></DD><DT>f)</DT><DD Font="normal"><LA>Bedeutung von Akquise und Betreuung von Autoren für den Verlag bewerten</LA></DD><DT>g)</DT><DD Font="normal"><LA>Entwürfe für Verträge mit Autoren, Übersetzern und Bildautoren vorbereiten</LA></DD><DT>h)</DT><DD Font="normal"><LA>Möglichkeiten der Bildbeschaffung und des Erwerbs der Bildrechte recherchieren und bewerten</LA></DD></DL></entry></row><row><entry VJ="1" colname="col1">2.2</entry><entry VJ="1" colname="col2">Herstellung und Produktion<BR/> (§ 4 Absatz 2<BR/> Abschnitt B Nummer 2.2)</entry><entry VJ="1" colname="col3"><DL Type="alpha"><DT>a)</DT><DD Font="normal"><LA>Termine planen, festlegen und deren Einhaltung kontrollieren</LA></DD><DT>b)</DT><DD Font="normal"><LA>Herstellungsverfahren für Print-, Digital- und Nebenprodukte unter Berücksichtigung wirtschaftlicher und ökologischer Kriterien sowie betrieblicher Vorgaben auswählen</LA></DD><DT>c)</DT><DD Font="normal"><LA>Angebote einholen, vergleichen und auswählen</LA></DD><DT>d)</DT><DD Font="normal"><LA>Kalkulationen und Deckungskostenbeitragsrechnungen erstellen</LA></DD><DT>e)</DT><DD Font="normal"><LA>Aufträge vergeben</LA></DD><DT>f)</DT><DD Font="normal"><LA>an der Layouterstellung von Print- und digitalen Produkten und dabei an der Umsetzung konzeptioneller Vorgaben aus Marketing und Lektorat mitwirken</LA></DD><DT>g)</DT><DD Font="normal"><LA>Produktionsprozesse koordinieren sowie Kosten überwachen</LA></DD><DT>h)</DT><DD Font="normal"><LA>Verkaufspreise kalkulieren</LA></DD></DL></entry></row><row><entry VJ="1" colname="col1" rowsep="0">2.3</entry><entry VJ="1" colname="col2" rowsep="0">Marketing und Werbung<BR/> (§ 4 Absatz 2<BR/> Abschnitt B Nummer 2.3)</entry><entry VJ="1" colname="col3" rowsep="0"><DL Type="alpha"><DT>a)</DT><DD Font="normal"><LA>Kundenwünsche und -bedürfnisse ermitteln und Verfahren der Preisfindung anwenden</LA></DD><DT>b)</DT><DD Font="normal"><LA>Werbemaßnahmen für Handels- und Endkunden unterscheiden und koordinieren</LA></DD><DT>c)</DT><DD Font="normal"><LA>an der Entwicklung von Werbemitteln und verkaufsfördernden Maßnahmen unter Berücksichtigung von Werbeetats mitwirken</LA></DD></DL></entry></row><row><entry VJ="1" colname="col1"/><entry VJ="1" colname="col2"/><entry VJ="1" colname="col3"><DL Type="alpha"><DT>d)</DT><DD Font="normal"><LA>Rezensionsexemplare versenden</LA></DD><DT>e)</DT><DD Font="normal"><LA>Strukturen des Rezensionswesens verkaufsfördernd nutzen, Rezensionen auswerten</LA></DD><DT>f)</DT><DD Font="normal"><LA>Werbestrategien, insbesondere unter Berücksichtigung von Preis, Ausstattung und Zielgruppe, entwickeln</LA></DD></DL></entry></row><row><entry VJ="1" colname="col1">2.4</entry><entry VJ="1" colname="col2">Verkauf<BR/> (§ 4 Absatz 2<BR/> Abschnitt B Nummer 2.4)</entry><entry VJ="1" colname="col3"><DL Type="alpha"><DT>a)</DT><DD Font="normal"><LA>bei der Entwicklung von Verkaufsstrategien mitwirken</LA></DD><DT>b)</DT><DD Font="normal"><LA>Organisation, Betreuung und Steuerung des Außendienstes unterstützen</LA></DD><DT>c)</DT><DD Font="normal"><LA>Vertreterkonferenzen vorbereiten und organisieren</LA></DD></DL></entry></row><row><entry VJ="1" colname="col1">2.5</entry><entry VJ="1" colname="col2">Vertrieb<BR/> (§ 4 Absatz 2<BR/> Abschnitt B Nummer 2.5)</entry><entry VJ="1" colname="col3"><DL Type="alpha"><DT>a)</DT><DD Font="normal"><LA>Vertriebsdaten ermitteln und auswerten</LA></DD><DT>b)</DT><DD Font="normal"><LA>Bezugs- und Konditionenmodelle entwickeln und anbieten</LA></DD><DT>c)</DT><DD Font="normal"><LA>Vertriebswege auswählen</LA></DD><DT>d)</DT><DD Font="normal"><LA>die Auftragsabwicklung und die Rechnungsstellung steuern, Auslieferungen koordinieren</LA></DD></DL></entry></row><row><entry VJ="1" colname="col1">2.6</entry><entry VJ="1" colname="col2">Rechte und Lizenzen<BR/> (§ 4 Absatz 2<BR/> Abschnitt B Nummer 2.6)</entry><entry VJ="1" colname="col3"><DL Type="alpha"><DT>a)</DT><DD Font="normal"><LA>Auswirkungen von Erwerb, Sicherung und Verkauf von Verwertungs- und Nutzungsrechten bewerten</LA></DD><DT>b)</DT><DD Font="normal"><LA>bei Abschluss von Verlags- und Lizenzverträgen mitwirken</LA></DD></DL></entry></row><row><entry VJ="1" colname="col1">3</entry><entry VJ="1" colname="col2">Antiquariat<BR/> (§ 4 Absatz 2 Abschnitt B Nummer 3)</entry><entry VJ="1" colname="col3"/></row><row><entry VJ="1" colname="col1">3.1</entry><entry VJ="1" colname="col2">Einkauf<BR/> (§ 4 Absatz 2<BR/> Abschnitt B Nummer 3.1)</entry><entry VJ="1" colname="col3"><DL Type="alpha"><DT>a)</DT><DD Font="normal"><LA>Angebote bearbeiten und bewerten; Gegenstände des Antiquariats aus Privathand und aus Doublettenbeständen öffentlicher Bibliotheken ankaufen und kollationieren</LA></DD><DT>b)</DT><DD Font="normal"><LA>Gegenstände des Antiquariats, insbesondere unter Berücksichtigung des Preises und des Zustands, beschaffen</LA></DD><DT>c)</DT><DD Font="normal"><LA>antiquariatsspezifische Internetportale nutzen</LA></DD><DT>d)</DT><DD Font="normal"><LA>Gegenstände des Antiquariats ersteigern</LA></DD><DT>e)</DT><DD Font="normal"><LA>aus Restbeständen von Verlagen und aus Antiquariatskatalogen bestellen; Bezugsquellen erschließen</LA></DD><DT>f)</DT><DD Font="normal"><LA>Gegenstände des Antiquariats, insbesondere historische Buchgattungen, Druck- und Originalgrafiken und Handschriften, bewerten</LA></DD><DT>g)</DT><DD Font="normal"><LA>Einkaufsentscheidungen unter Berücksichtigung der Marktsituation sowie literarischer, künstlerischer, wissenschaftlicher und warenkundlicher Gesichtspunkte treffen</LA></DD><DT>h)</DT><DD Font="normal"><LA>Verkaufspreise unter Berücksichtigung antiquariatsspezifischer Besonderheiten kalkulieren</LA></DD><DT>i)</DT><DD Font="normal"><LA>Finanzplanung und Budgetierung beim Einkauf berücksichtigen</LA></DD></DL></entry></row><row><entry VJ="1" colname="col1">3.2</entry><entry VJ="1" colname="col2">Bearbeitung von Handelsgegenständen<BR/> (§ 4 Absatz 2<BR/> Abschnitt B Nummer 3.2)</entry><entry VJ="1" colname="col3"><DL Type="alpha"><DT>a)</DT><DD Font="normal"><LA>Bücher in Bibliografien auffinden und unterschiedliche Verzeichnungsprinzipien berücksichtigen</LA></DD><DT>b)</DT><DD Font="normal"><LA>Hilfsmittel und Literatur für eine verkaufsfördernde zusätzliche Beschreibung nutzen</LA></DD><DT>c)</DT><DD Font="normal"><LA>das Internet, insbesondere die Online-Kataloge der Bibliotheken, zur Recherche nutzen</LA></DD><DT>d)</DT><DD Font="normal"><LA>Werksverzeichnisse und Kataloge mit Verzeichnung von Original- und Druckgrafik nutzen</LA></DD><DT>e)</DT><DD Font="normal"><LA>Einbände beschreiben</LA></DD><DT>f)</DT><DD Font="normal"><LA>versteckte Bibliografien nutzen</LA></DD><DT>g)</DT><DD Font="normal"><LA>Katalogeintrag mit bibliografischer Aufnahme und Zustandsbeschreibung erstellen und in Datenbank übertragen</LA></DD></DL></entry></row><row><entry VJ="1" colname="col1">3.3</entry><entry VJ="1" colname="col2">Erhaltung und Bestandspflege<BR/> (§ 4 Absatz 2<BR/> Abschnitt B Nummer 3.3)</entry><entry VJ="1" colname="col3"><DL Type="alpha"><DT>a)</DT><DD Font="normal"><LA>Materialien, insbesondere Papier, Leder und Pergament, unterscheiden</LA></DD><DT>b)</DT><DD Font="normal"><LA>Bücher und Grafiken zur Erhaltung reparieren und pflegen</LA></DD><DT>c)</DT><DD Font="normal"><LA>Lagersystematik erstellen und verwalten</LA></DD><DT>d)</DT><DD Font="normal"><LA>Bestände und Datenbanken pflegen</LA></DD></DL></entry></row><row><entry VJ="1" colname="col1" rowsep="0">3.4</entry><entry VJ="1" colname="col2" rowsep="0">Beratung und Verkauf<BR/> (§ 4 Absatz 2<BR/> Abschnitt B Nummer 3.4)</entry><entry VJ="1" colname="col3" rowsep="0"><DL Type="alpha"><DT>a)</DT><DD Font="normal"><LA>Kunden über Gegenstände des Antiquariats informieren</LA></DD><DT>b)</DT><DD Font="normal"><LA>Angebote erstellen</LA></DD><DT>c)</DT><DD Font="normal"><LA>Preise gegenüber den Kunden begründen</LA></DD></DL></entry></row><row><entry VJ="1" colname="col1"/><entry VJ="1" colname="col2"/><entry VJ="1" colname="col3"><DL Type="alpha"><DT>d)</DT><DD Font="normal"><LA>Kundenwünsche, insbesondere von Bibliotheken, Bibliophilen und Sammlern, feststellen und bearbeiten</LA></DD><DT>e)</DT><DD Font="normal"><LA>nicht vorrätige Bücher und Zeitschriften auffinden, insbesondere über Handelspartner und Auktionen</LA></DD><DT>f)</DT><DD Font="normal"><LA>Bücher im Kundenauftrag begutachten</LA></DD><DT>g)</DT><DD Font="normal"><LA>über bibliophile Besonderheiten von Büchern informieren</LA></DD><DT>h)</DT><DD Font="normal"><LA>Antiquariatskataloge sowie Sonderlisten und Spezialangebote planen, erstellen, gestalten und versenden</LA></DD><DT>i)</DT><DD Font="normal"><LA>den Beitrag des Antiquariats für die Erhaltung von Kulturgütern aufzeigen</LA></DD></DL></entry></row></tbody></tgroup></table></P><P><B>Abschnitt C: Weitere berufsprofilgebende Fertigkeiten, Kenntnisse und Fähigkeiten in einer der dreimonatigen Wahlqualifikationseinheiten</B><table frame="all" pgwide="1" tabstyle="tabelle1" tocentry="%yes;"><tgroup align="left" char="" charoff="50" cols="3" colsep="1" rowsep="1"><colspec align="center" colname="col1" colnum="1" colwidth="0.6*"/><colspec colname="col2" colnum="2" colwidth="4.5*"/><colspec colname="col3" colnum="3" colwidth="8.4*"/><thead valign="bottom"><row><entry VJ="1" align="center" colname="col1" valign="middle">Lfd. Nr.</entry><entry VJ="1" align="center" colname="col2" valign="middle">Teil des Ausbildungsberufsbildes</entry><entry VJ="1" align="center" colname="col3" valign="middle">Zu vermittelnde Fertigkeiten, Kenntnisse und Fähigkeiten</entry></row><row><entry VJ="1" align="center" colname="col1" valign="middle">1</entry><entry VJ="1" align="center" colname="col2" valign="middle">2</entry><entry VJ="1" align="center" colname="col3" valign="middle">3</entry></row></thead><tbody valign="top"><row><entry VJ="1" colname="col1">1</entry><entry VJ="1" colname="col2">Gestaltung einer spezifischen Warengruppe<BR/> (§ 4 Absatz 2 Abschnitt C Nummer 4)</entry><entry VJ="1" colname="col3"/></row><row><entry VJ="1" colname="col1">1.1</entry><entry VJ="1" colname="col2">Planung einer Warengruppe<BR/> (§ 4 Absatz 2<BR/> Abschnitt C Nummer 1.1)</entry><entry VJ="1" colname="col3"><DL Type="alpha"><DT>a)</DT><DD Font="normal"><LA>Warengruppensystematik als Mittel der logistischen, betriebswirtschaftlichen und wissenschaftlichen Standardisierung und Strukturierung im Buchhandel nutzen</LA></DD><DT>b)</DT><DD Font="normal"><LA>Rahmenbedingungen, insbesondere kurzfristige und langfristige Marktchancen einer spezifischen Warengruppe, analysieren</LA></DD><DT>c)</DT><DD Font="normal"><LA>Produktangebot der Verlage und Lieferanten einer spezifischen Warengruppe bewerten</LA></DD><DT>d)</DT><DD Font="normal"><LA>Produkte, insbesondere nach Zielgruppen, Editionsformen, Ausstattung, Qualität und Inhalt, bewerten</LA></DD><DT>e)</DT><DD Font="normal"><LA>Chancen und Risiken im Hinblick auf die Gestaltung einer Warengruppe abwägen, Kalkulationen erstellen und dabei insbesondere die Vorgaben der Sortimentspolitik berücksichtigen</LA></DD><DT>f)</DT><DD Font="normal"><LA>spezifische Warengruppe auswählen, unter Berücksichtigung der Sortimentspolitik Ziele formulieren und Budget planen</LA></DD><DT>g)</DT><DD Font="normal"><LA>Marketingmaßnahmen auswählen</LA></DD></DL></entry></row><row><entry VJ="1" colname="col1">1.2</entry><entry VJ="1" colname="col2">Durchführung und Kontrolle<BR/> (§ 4 Absatz 2<BR/> Abschnitt C Nummer 1.2)</entry><entry VJ="1" colname="col3"><DL Type="alpha"><DT>a)</DT><DD Font="normal"><LA>inhaltliche, organisatorische, zeitliche und finanzielle Planung mit Beteiligten abstimmen</LA></DD><DT>b)</DT><DD Font="normal"><LA>Gestaltung der Warengruppe umsetzen, koordinieren und dokumentieren</LA></DD><DT>c)</DT><DD Font="normal"><LA>Kundenresonanz feststellen</LA></DD><DT>d)</DT><DD Font="normal"><LA>wirtschaftlichen Nutzen für den Betrieb ermitteln</LA></DD><DT>e)</DT><DD Font="normal"><LA>Handlungsempfehlungen für den Betrieb ableiten</LA></DD></DL></entry></row><row><entry VJ="1" colname="col1">2</entry><entry VJ="1" colname="col2">Buchhändlerische Projekte<BR/> (§ 4 Absatz 2 Abschnitt C Nummer 2)</entry><entry VJ="1" colname="col3"/></row><row><entry VJ="1" colname="col1" rowsep="0">2.1</entry><entry VJ="1" colname="col2" rowsep="0">Projektvorbereitung<BR/> (§ 4 Absatz 2<BR/> Abschnitt C Nummer 2.1)</entry><entry VJ="1" colname="col3" rowsep="0"><DL Type="alpha"><DT>a)</DT><DD Font="normal"><LA>Projekte auswählen, Zielgruppen festlegen und Ziele formulieren</LA></DD><DT>b)</DT><DD Font="normal"><LA>Projekte planen; kundenorientierte, inhaltliche, organisatorische, zeitliche und finanzielle Aspekte bei der Projektarbeit berücksichtigen</LA></DD></DL></entry></row><row><entry VJ="1" colname="col1"/><entry VJ="1" colname="col2"/><entry VJ="1" colname="col3"><DL Type="alpha"><DT>c)</DT><DD Font="normal"><LA>Projektablaufplan erstellen und mit Beteiligten abstimmen</LA></DD><DT>d)</DT><DD Font="normal"><LA>Informations- und Kommunikationsstrukturen einrichten; Verantwortlichkeiten festlegen</LA></DD></DL></entry></row><row><entry VJ="1" colname="col1">2.2</entry><entry VJ="1" colname="col2">Projektdurchführung<BR/> (§ 4 Absatz 2<BR/> Abschnitt C Nummer 2.2)</entry><entry VJ="1" colname="col3"><DL Type="alpha"><DT>a)</DT><DD Font="normal"><LA>Projektaufgaben sowie die Arbeit interner und externer Beteiligter koordinieren</LA></DD><DT>b)</DT><DD Font="normal"><LA>Projektabläufe und -ergebnisse dokumentieren</LA></DD><DT>c)</DT><DD Font="normal"><LA>Umsetzung des Projektablaufplans koordinieren</LA></DD><DT>d)</DT><DD Font="normal"><LA>Projektfortschritt kontrollieren und bei Abweichungen Maßnahmen ergreifen</LA></DD></DL></entry></row><row><entry VJ="1" colname="col1">2.3</entry><entry VJ="1" colname="col2">Projektnachbereitung<BR/> (§ 4 Absatz 2<BR/> Abschnitt C Nummer 2.3)</entry><entry VJ="1" colname="col3"><DL Type="alpha"><DT>a)</DT><DD Font="normal"><LA>Zielerreichung kontrollieren</LA></DD><DT>b)</DT><DD Font="normal"><LA>Abschlussbericht erstellen, Projektergebnisse für die interne und externe Verwertung aufbereiten</LA></DD><DT>c)</DT><DD Font="normal"><LA>Soll-Ist-Vergleich der Projektabrechnungen durchführen</LA></DD></DL></entry></row><row><entry VJ="1" colname="col1">3</entry><entry VJ="1" colname="col2">Buchhändlerisches E-Business<BR/> (§ 4 Absatz 2 Abschnitt C Nummer 3)</entry><entry VJ="1" colname="col3"/></row><row><entry VJ="1" colname="col1">3.1</entry><entry VJ="1" colname="col2">Anforderungsanalyse<BR/> (§ 4 Absatz 2<BR/> Abschnitt C Nummer 3.1)</entry><entry VJ="1" colname="col3"><DL Type="alpha"><DT>a)</DT><DD Font="normal"><LA>IT-Infrastruktur analysieren, Zielgruppen festlegen, Handlungsbedarf feststellen und mit Beteiligten abstimmen</LA></DD><DT>b)</DT><DD Font="normal"><LA>Dienstleistungsangebote vergleichen, Kooperationen eingehen</LA></DD><DT>c)</DT><DD Font="normal"><LA>kundenorientierte, technische, organisatorische, zeitliche, personelle und finanzielle Anforderungen ermitteln</LA></DD><DT>d)</DT><DD Font="normal"><LA>Ablaufplan erstellen</LA></DD></DL></entry></row><row><entry VJ="1" colname="col1">3.2</entry><entry VJ="1" colname="col2">Durchführung und Kontrolle<BR/> (§ 4 Absatz 2<BR/> Abschnitt C Nummer 3.2)</entry><entry VJ="1" colname="col3"><DL Type="alpha"><DT>a)</DT><DD Font="normal"><LA>Ablaufplan umsetzen und Ergebnisse kontrollieren</LA></DD><DT>b)</DT><DD Font="normal"><LA>Zwischenschritte und Ergebnis testen und dokumentieren</LA></DD><DT>c)</DT><DD Font="normal"><LA>Ergebnis für den Geschäftsablauf freigeben, Funktionalität sicherstellen</LA></DD><DT>d)</DT><DD Font="normal"><LA>Nutzen für den Betrieb und für die Zielgruppen ermitteln</LA></DD><DT>e)</DT><DD Font="normal"><LA>Handlungsempfehlungen für den Betrieb ableiten</LA></DD><DT>f)</DT><DD Font="normal"><LA>Ergebnisse im Betrieb kommunizieren</LA></DD></DL></entry></row></tbody></tgroup></table></P><P><B>Abschnitt D: Integrative Fertigkeiten, Kenntnisse und Fähigkeiten</B><table frame="all" pgwide="1" tabstyle="tabelle1" tocentry="%yes;"><tgroup align="left" char="" charoff="50" cols="3" colsep="1" rowsep="1"><colspec align="center" colname="col1" colnum="1" colwidth="0.60*"/><colspec colname="col2" colnum="2" colwidth="4.51*"/><colspec colname="col3" colnum="3" colwidth="8.39*"/><thead valign="bottom"><row><entry VJ="1" align="center" colname="col1" valign="middle">Lfd. Nr.</entry><entry VJ="1" align="center" colname="col2" valign="middle">Teil des Ausbildungsberufsbildes</entry><entry VJ="1" align="center" colname="col3" valign="middle">Zu vermittelnde Fertigkeiten, Kenntnisse und Fähigkeiten</entry></row><row><entry VJ="1" align="center" colname="col1" valign="middle">1</entry><entry VJ="1" align="center" colname="col2" valign="middle">2</entry><entry VJ="1" align="center" colname="col3" valign="middle">3</entry></row></thead><tbody valign="top"><row><entry VJ="1" colname="col1">1</entry><entry VJ="1" colname="col2">Der Ausbildungsbetrieb<BR/> (§ 4 Absatz 2 Abschnitt D Nummer 1)</entry><entry VJ="1" colname="col3"/></row><row><entry VJ="1" colname="col1">1.1</entry><entry VJ="1" colname="col2">Stellung des Buchhandels<BR/> in der Gesamtwirtschaft<BR/> (§ 4 Absatz 2<BR/> Abschnitt D Nummer 1.1)</entry><entry VJ="1" colname="col3"><DL Type="alpha"><DT>a)</DT><DD Font="normal"><LA>Stellung und Funktion des Buchhandels in Gesellschaft, Wirtschaft und Kultur erläutern</LA></DD><DT>b)</DT><DD Font="normal"><LA>Leistungen des Buchhandels an Beispielen des Ausbildungsbetriebes erläutern</LA></DD><DT>c)</DT><DD Font="normal"><LA>Besonderheiten, die sich aus dem kulturpolitischen Auftrag ergeben, begründen</LA></DD><DT>d)</DT><DD Font="normal"><LA>Aufbau und kulturpolitische Aktivitäten der Branchenorganisation darstellen</LA></DD></DL></entry></row><row><entry VJ="1" colname="col1">1.2</entry><entry VJ="1" colname="col2">Betriebliche Organisation<BR/> (§ 4 Absatz 2<BR/> Abschnitt D Nummer 1.2)</entry><entry VJ="1" colname="col3"><DL Type="alpha"><DT>a)</DT><DD Font="normal"><LA>Rechtsform des Ausbildungsbetriebes darstellen</LA></DD><DT>b)</DT><DD Font="normal"><LA>organisatorischen Aufbau des Ausbildungsbetriebes mit seinen Aufgaben und Zuständigkeiten und dem Zusammenwirken einzelner Funktionsbereiche erklären</LA></DD><DT>c)</DT><DD Font="normal"><LA>Geschäftsfelder, Aufgaben und Arbeitsabläufe im Betrieb darstellen</LA></DD><DT>d)</DT><DD Font="normal"><LA>Zusammenarbeit des Ausbildungsbetriebes mit Kooperationspartnern, Wirtschaftsorganisationen, Behörden und Berufsvertretungen erläutern</LA></DD></DL></entry></row><row><entry VJ="1" colname="col1">1.3</entry><entry VJ="1" colname="col2">Berufsbildung<BR/> (§ 4 Absatz 2<BR/> Abschnitt D Nummer 1.3)</entry><entry VJ="1" colname="col3"><DL Type="alpha"><DT>a)</DT><DD Font="normal"><LA>Rechte und Pflichten aus dem Ausbildungsvertrag feststellen und Aufgaben der Beteiligten im dualen System beschreiben</LA></DD><DT>b)</DT><DD Font="normal"><LA>den betrieblichen Ausbildungsplan mit der Ausbildungsordnung vergleichen</LA></DD><DT>c)</DT><DD Font="normal"><LA>lebensbegleitendes Lernen für die berufliche und persönliche Entwicklung begründen sowie den Nutzen beruflicher Aufstiegs- und Weiterentwicklungsmöglichkeiten darstellen</LA></DD></DL></entry></row><row><entry VJ="1" colname="col1">1.4</entry><entry VJ="1" colname="col2">Personalwirtschaft, arbeits- und<BR/>sozialrechtliche Vorschriften<BR/> (§ 4 Absatz 2<BR/> Abschnitt D Nummer 1.4)</entry><entry VJ="1" colname="col3"><DL Type="alpha"><DT>a)</DT><DD Font="normal"><LA>arbeits-, sozial- und mitbestimmungsrechtliche Vorschriften sowie für den Arbeitsbereich geltende Tarif- und Arbeitszeitregelungen beachten</LA></DD><DT>b)</DT><DD Font="normal"><LA>Ziele und Aufgaben der Personaleinsatzplanung erläutern und zu ihrer Umsetzung beitragen; Personaleinsatzpläne erstellen</LA></DD><DT>c)</DT><DD Font="normal"><LA>Arbeitsverträge unter Berücksichtigung arbeits-, steuer- und sozialversicherungsrechtlicher Auswirkungen unterscheiden</LA></DD><DT>d)</DT><DD Font="normal"><LA>Positionen der eigenen Entgeltabrechnung erklären</LA></DD></DL></entry></row><row><entry VJ="1" colname="col1">1.5</entry><entry VJ="1" colname="col2">Sicherheit und Gesundheitsschutz bei der Arbeit<BR/> (§ 4 Absatz 2<BR/> Abschnitt D Nummer 1.5)</entry><entry VJ="1" colname="col3"><DL Type="alpha"><DT>a)</DT><DD Font="normal"><LA>Gefährdung von Sicherheit und Gesundheit am Arbeitsplatz feststellen und Maßnahmen zu ihrer Vermeidung ergreifen</LA></DD><DT>b)</DT><DD Font="normal"><LA>berufsbezogene Arbeitsschutz- und Unfallverhütungsvorschriften anwenden</LA></DD><DT>c)</DT><DD Font="normal"><LA>Verhaltensweisen bei Unfällen beschreiben sowie erste Maßnahmen einleiten</LA></DD><DT>d)</DT><DD Font="normal"><LA>Vorschriften des vorbeugenden Brandschutzes anwenden</LA></DD><DT>e)</DT><DD Font="normal"><LA>Verhaltensweisen bei Bränden beschreiben und Maßnahmen zur Brandbekämpfung ergreifen</LA></DD></DL></entry></row><row><entry VJ="1" colname="col1">1.6</entry><entry VJ="1" colname="col2">Umweltschutz<BR/> (§ 4 Absatz 2<BR/> Abschnitt D Nummer 1.6)</entry><entry VJ="1" colname="col3">Zur Vermeidung betriebsbedingter Umweltbelastungen im beruflichen Einwirkungsbereich beitragen, insbesondere <DL Type="alpha"><DT>a)</DT><DD Font="normal"><LA>mögliche Umweltbelastungen durch den Ausbildungsbetrieb und seinen Beitrag zum Umweltschutz an Beispielen erklären</LA></DD><DT>b)</DT><DD Font="normal"><LA>für den Ausbildungsbetrieb geltende Regelungen des Umweltschutzes anwenden</LA></DD><DT>c)</DT><DD Font="normal"><LA>Möglichkeiten der wirtschaftlichen und umweltschonenden Energie- und Materialverwendung nutzen</LA></DD><DT>d)</DT><DD Font="normal"><LA>Abfälle vermeiden; Stoffe und Materialien einer umweltschonenden Entsorgung zuführen</LA></DD></DL></entry></row><row><entry VJ="1" colname="col1">2</entry><entry VJ="1" colname="col2">Arbeitsorganisation,<BR/> Information und Kommunikation<BR/> (§ 4 Absatz 2 Abschnitt D Nummer 2)</entry><entry VJ="1" colname="col3"/></row><row><entry VJ="1" colname="col1">2.1</entry><entry VJ="1" colname="col2">Arbeitsorganisation<BR/> (§ 4 Absatz 2<BR/> Abschnitt D Nummer 2.1)</entry><entry VJ="1" colname="col3"><DL Type="alpha"><DT>a)</DT><DD Font="normal"><LA>die eigene Arbeit systematisch planen, durchführen und kontrollieren; dabei inhaltliche, organisatorische, zeitliche und finanzielle Aspekte berücksichtigen</LA></DD><DT>b)</DT><DD Font="normal"><LA>Arbeits- und Organisationsmittel sowie Lern- und Arbeitstechniken einsetzen</LA></DD><DT>c)</DT><DD Font="normal"><LA>Methoden des selbstständigen Lernens anwenden, Fachinformationen nutzen</LA></DD></DL></entry></row><row><entry VJ="1" colname="col1">2.2</entry><entry VJ="1" colname="col2">Teamarbeit und Kooperation<BR/> (§ 4 Absatz 2<BR/> Abschnitt D Nummer 2.2)</entry><entry VJ="1" colname="col3"><DL Type="alpha"><DT>a)</DT><DD Font="normal"><LA>Information, Kommunikation und Kooperation für Betriebsklima, Arbeitsleistung und Geschäftserfolg nutzen</LA></DD><DT>b)</DT><DD Font="normal"><LA>Bedeutung von Wertschätzung, Respekt und Vertrauen als Grundlage erfolgreicher Zusammenarbeit beschreiben</LA></DD><DT>c)</DT><DD Font="normal"><LA>Aufgaben im Team planen und bearbeiten</LA></DD><DT>d)</DT><DD Font="normal"><LA>Konflikte analysieren, Lösungsalternativen entwickeln</LA></DD><DT>e)</DT><DD Font="normal"><LA>zur Vermeidung von Kommunikationsstörungen beitragen</LA></DD><DT>f)</DT><DD Font="normal"><LA>Rückmeldungen geben und entgegennehmen</LA></DD><DT>g)</DT><DD Font="normal"><LA>die eigene Handlungskompetenz als wesentliche Voraussetzung für den Unternehmenserfolg erkennen</LA></DD></DL></entry></row><row><entry VJ="1" colname="col1">2.3</entry><entry VJ="1" colname="col2">Informations- und<BR/> Kommunikationssysteme,<BR/> Datenschutz und Datensicherheit<BR/> (§ 4 Absatz 2<BR/> Abschnitt D Nummer 2.3)</entry><entry VJ="1" colname="col3"><DL Type="alpha"><DT>a)</DT><DD Font="normal"><LA>Möglichkeiten der Datenübertragung und Informationsbeschaffung nutzen, Sicherheitsanforderungen beachten</LA></DD><DT>b)</DT><DD Font="normal"><LA>Informations- und Kommunikationssysteme aufgaben- und kundenorientiert einsetzen</LA></DD><DT>c)</DT><DD Font="normal"><LA>Nachhaltigkeit und Bestand von Datenformen und -trägern bewerten</LA></DD><DT>d)</DT><DD Font="normal"><LA>Daten pflegen und sichern und dabei Regelungen des Datenschutzes beachten</LA></DD><DT>e)</DT><DD Font="normal"><LA>Techniken des Dokumentenmanagements anwenden</LA></DD></DL></entry></row><row><entry VJ="1" colname="col1">2.4</entry><entry VJ="1" colname="col2">Elektronische Geschäftsabwicklung<BR/> (§ 4 Absatz 2<BR/> Abschnitt D Nummer 2.4)</entry><entry VJ="1" colname="col3"><DL Type="alpha"><DT>a)</DT><DD Font="normal"><LA>Hardware-Probleme, insbesondere bei Computern und Peripherie analysieren, Maßnahmen veranlassen</LA></DD><DT>b)</DT><DD Font="normal"><LA>Software-Probleme, insbesondere bei Betriebssystem, Standardsoftware, Warenwirtschaftssystem und Server-Software analysieren, Maßnahmen veranlassen</LA></DD><DT>c)</DT><DD Font="normal"><LA>netzwerk- und internetbasierte Anwendungen und Dienste, insbesondere Sicherheitssoftware, Serverdienste, Web-Service, warten</LA></DD><DT>d)</DT><DD Font="normal"><LA>Webseite aktualisieren und pflegen</LA></DD><DT>e)</DT><DD Font="normal"><LA>die digitale Wertschöpfungskette im Kontext betrieblicher Optimierungen nutzen</LA></DD></DL></entry></row><row><entry VJ="1" colname="col1">2.5</entry><entry VJ="1" colname="col2">Qualitätssicherung betrieblicher Abläufe<BR/> (§ 4 Absatz 2<BR/> Abschnitt D Nummer 2.5)</entry><entry VJ="1" colname="col3"><DL Type="alpha"><DT>a)</DT><DD Font="normal"><LA>betriebliche Abläufe unter Berücksichtigung von Informationsflüssen, Entscheidungswegen und Schnittstellen darstellen</LA></DD><DT>b)</DT><DD Font="normal"><LA>Einflussfaktoren auf die Qualität an der eigenen Prozesskette analysieren und qualitätssichernde Maßnahmen im eigenen Arbeitskontext durchführen</LA></DD><DT>c)</DT><DD Font="normal"><LA>Zusammenhang zwischen Qualität und Kundenzufriedenheit sowie dessen Auswirkungen auf den Unternehmenserfolg darstellen</LA></DD><DT>d)</DT><DD Font="normal"><LA>zur kontinuierlichen Verbesserung von Arbeitsprozessen im Betrieb beitragen</LA></DD></DL></entry></row></tbody></tgroup></table></P></Content></text><fussnoten/></textdaten></norm>
<norm builddate="20210615213113" doknr="BJNR042200011BJNE001400000"><metadaten><jurabk>BuchhdlAusbV 2011</jurabk><enbez>Anlage 2</enbez><titel format="XML">(zu § 4 Absatz 1 Satz 2)<BR/>Ausbildungsrahmenplan für die Berufsausbildung zum Buchhändler und zur Buchhändlerin</titel></metadaten><textdaten><text format="XML"><Content><P><noindex><kommentar typ="Fundstelle">(Fundstelle: BGBl. I 2011, 438 - 439)</kommentar></noindex></P><BR/><Subtitle Align="auto" Class="S3">– Zeitliche Gliederung –</Subtitle><P>Die nachfolgende zeitliche Gliederung nennt die Zeiträume, in denen die jeweiligen Fertigkeiten, Kenntnisse und Fähigkeiten erstmals schwerpunktmäßig vermittelt werden sollen; in der Regel ist eine Fortführung oder Vertiefung zum Erreichen der beruflichen Handlungsfähigkeit erforderlich.</P><BR/><BR/><Title Align="auto" Class="S1">Erstes Ausbildungsjahr</Title><P>(1) In einem Zeitraum von insgesamt zwei bis vier Monaten sind schwerpunktmäßig die Fertigkeiten, Kenntnisse und Fähigkeiten der Berufsbildpositionen aus § 4 Absatz 2</P><P>Abschnitt A Nummer 1.1  Branchenspezifische Systematik,</P><P>Abschnitt A Nummer 1.2  Gegenstände und Dienstleistungen des Buchmarktes,</P><P>Abschnitt A Nummer 1.3  Herstellung,</P><P>Abschnitt A Nummer 1.4  Buchmarktprozesse und -beteiligte,</P><P>Abschnitt A Nummer 1.5  Rechtliche Bestimmungen im Buchmarkt,</P><P>Abschnitt D Nummer 1.1  Stellung des Buchhandels in der Gesamtwirtschaft,</P><P>Abschnitt D Nummer 1.2  Betriebliche Organisation,</P><P>Abschnitt D Nummer 1.3  Berufsbildung,</P><P>Abschnitt D Nummer 1.4  Personalwirtschaft, arbeits- und sozialrechtliche Vorschriften,</P><P>Abschnitt D Nummer 1.5  Sicherheit und Gesundheitsschutz bei der Arbeit,</P><P>Abschnitt D Nummer 1.6  Umweltschutz</P><P>zu vermitteln.</P><P>(2) In einem Zeitraum von insgesamt zwei bis vier Monaten sind schwerpunktmäßig die Fertigkeiten, Kenntnisse und Fähigkeiten der Berufsbildpositionen aus § 4 Absatz 2</P><P>Abschnitt A Nummer 5.1  Kundenorientierte Kommunikation,</P><P>Abschnitt A Nummer 5.2  Buchhändlerische Beratung und Verkauf,</P><P>Abschnitt A Nummer 5.3  Kassenführung,</P><P>Abschnitt A Nummer 7.1  Rechnerische Abwicklung und Zahlungsverkehr,</P><P>Abschnitt D Nummer 2.1  Arbeitsorganisation,</P><P>Abschnitt D Nummer 2.2  Teamarbeit und Kooperation</P><P>zu vermitteln.</P><P>(3) In einem Zeitraum von insgesamt drei bis vier Monaten sind schwerpunktmäßig die Fertigkeiten, Kenntnisse und Fähigkeiten der Berufsbildpositionen aus § 4 Absatz 2</P><P>Abschnitt A Nummer 3.1  Warenwirtschaft,</P><P>Abschnitt A Nummer 4.1  Sortimentsstruktur,</P><P>Abschnitt D Nummer 2.3  Informations- und Kommunikationssysteme, Datenschutz und Datensicherheit</P><P>zu vermitteln.</P><P>(4) In einem Zeitraum von insgesamt zwei bis drei Monaten sind schwerpunktmäßig die Fertigkeiten, Kenntnisse und Fähigkeiten der Berufsbildpositionen aus § 4 Absatz 2</P><P>Abschnitt A Nummer 6.3  Verkaufsförderung,</P><P>Abschnitt A Nummer 6.4  Warenpräsentation,</P><P>Abschnitt A Nummer 6.5  Werbung,</P><P>Abschnitt A Nummer 6.6  Öffentlichkeitsarbeit</P><P>zu vermitteln.</P><BR/><Title Align="auto" Class="S1">Zweites Ausbildungsjahr</Title><P>(1) In einem Zeitraum von insgesamt zwei bis drei Monaten sind schwerpunktmäßig die Fertigkeiten, Kenntnisse und Fähigkeiten der Berufsbildpositionen aus § 4 Absatz 2</P><P>Abschnitt A Nummer 2.1  Bibliografien und Nachschlagesysteme,</P><P>Abschnitt A Nummer 2.2  Erweiterte buchhändlerische Recherche,</P><P>Abschnitt A Nummer 2.3  Buchhändlerische Fachinformation,</P><P>Abschnitt A Nummer 5.4  Kundenbindung, Kundenservice,</P><P>Abschnitt A Nummer 5.5  Vertriebswege,</P><P>Abschnitt A Nummer 5.6  Anwenden einer Fremdsprache bei Fachaufgaben</P><P>zu vermitteln.</P><P>(2) In einem Zeitraum von insgesamt drei bis fünf Monaten sind schwerpunktmäßig die Fertigkeiten, Kenntnisse und Fähigkeiten der Berufsbildpositionen aus § 4 Absatz 2</P><P>Abschnitt A Nummer 3.3  Lagerlogistik,</P><P>Abschnitt A Nummer 3.4  Beschaffung,</P><P>Abschnitt A Nummer 7.2  Kosten- und Leistungsrechnung</P><P>zu vermitteln.</P><P>(3) In einem Zeitraum von insgesamt zwei bis vier Monaten sind schwerpunktmäßig die Fertigkeiten, Kenntnisse und Fähigkeiten der Berufsbildpositionen aus § 4 Absatz 2</P><P>Abschnitt A Nummer 3.2  Wareneingang,</P><P>Abschnitt A Nummer 4.2  Einkauf und Bestellung,</P><P>Abschnitt D Nummer 2.4  Elektronische Geschäftsabwicklung,</P><P>Abschnitt D Nummer 2.5  Qualitätssicherung betrieblicher Abläufe</P><P>zu vermitteln.</P><P>(4) In einem Zeitraum von insgesamt zwei bis drei Monaten sind schwerpunktmäßig die Fertigkeiten, Kenntnisse und Fähigkeiten der Berufsbildpositionen aus § 4 Absatz 2</P><P>Abschnitt A Nummer 6.1  Märkte und Zielgruppen,</P><P>Abschnitt A Nummer 6.2  Marketingkonzepte</P><P>zu vermitteln.</P><BR/><Title Align="auto" Class="S1">Drittes Ausbildungsjahr</Title><P>(1) In einem Zeitraum von insgesamt sechs Monaten sind schwerpunktmäßig die Fertigkeiten, Kenntnisse und Fähigkeiten der Berufsbildpositionen der ausgewählten Wahlqualifikationseinheit aus § 4 Absatz 2</P><P>Abschnitt B Nummer 1  Sortiment,</P><P>Abschnitt B Nummer 2  Verlag oder</P><P>Abschnitt B Nummer 3  Antiquariat</P><P>zu vermitteln.</P><P>(2) In einem Zeitraum von insgesamt drei Monaten sind schwerpunktmäßig die Fertigkeiten, Kenntnisse und Fähigkeiten der Berufsbildpositionen der ausgewählten Wahlqualifikationseinheit aus § 4 Absatz 2</P><P>Abschnitt C Nummer 1  Gestaltung einer spezifischen Warengruppe,</P><P>Abschnitt C Nummer 2  Buchhändlerische Projekte oder</P><P>Abschnitt C Nummer 3  Buchhändlerisches E-Business</P><P>zu vermitteln.</P><P>(3) In einem Zeitraum von insgesamt drei Monaten sind schwerpunktmäßig die Fertigkeiten, Kenntnisse und Fähigkeiten der Berufsbildposition aus § 4 Absatz 2</P><P>Abschnitt A Nummer 7.3  Kaufmännische Steuerung</P><P>zu vermitteln.</P></Content></text></textdaten></norm>
</dokumente>