<?xml version="1.0" encoding="UTF-8" ?><!DOCTYPE dokumente SYSTEM "http://www.gesetze-im-internet.de/dtd/1.01/gii-norm.dtd">
<dokumente builddate="20131008093452" doknr="BJNR006000962"><norm builddate="20131008093452" doknr="BJNR006000962"><metadaten><jurabk>WZG§35HKGBek</jurabk><ausfertigung-datum manuell="ja">1962-08-21</ausfertigung-datum><fundstelle typ="amtlich"><periodikum>BGBl I</periodikum><zitstelle>1962, 600</zitstelle></fundstelle><langue>Bekanntmachung zu § 35 des Warenzeichengesetzes</langue></metadaten><textdaten><text format="XML"><Content><P/></Content></text><fussnoten><Content><P>(+++ Textnachweis Geltung ab:  1. 1.1964 +++)</P></Content></fussnoten></textdaten></norm>
<norm builddate="20131008093452" doknr="BJNR006000962BJNE000100306"><metadaten><jurabk>WZG§35HKGBek</jurabk><enbez>(XXXX)</enbez></metadaten><textdaten><text format="XML"><Content><P>Auf Grund des § 35 Abs. 1 des Warenzeichengesetzes in der Fassung vom 9. Mai 1961 (Bundesgesetzbl. I S. 574) wird gemäß einer Erklärung des Kolonialsekretärs der britischen Kronkolonie Hongkong bekanntgemacht: <BR/>Deutsche Warenbezeichnungen werden in der britischen Kronkolonie Hongkong in demselben Umfang wie inländische zum gesetzlichen Schutz zugelassen.</P></Content></text></textdaten></norm>
<norm builddate="20131008093452" doknr="BJNR006000962BJNE000200306"><metadaten><jurabk>WZG§35HKGBek</jurabk><enbez>Schlussformel</enbez></metadaten><textdaten><text format="XML"><Content><P>Der Bundesminister der Justiz</P></Content></text></textdaten></norm>
</dokumente>