<?xml version="1.0" encoding="UTF-8" ?><!DOCTYPE dokumente SYSTEM "http://www.gesetze-im-internet.de/dtd/1.01/gii-norm.dtd">
<dokumente builddate="20231222213528" doknr="BJNR1810A0023"><norm builddate="20231222213528" doknr="BJNR1810A0023"><metadaten><jurabk>BEBTWahl2021WdhAnOBek</jurabk><ausfertigung-datum manuell="ja">2023-12-19</ausfertigung-datum><fundstelle typ="amtlich"><periodikum>BGBl I</periodikum><zitstelle>2023, Nr. 385</zitstelle></fundstelle><langue>Bekanntmachung über die Anordnung der teilweisen Wiederholung der Bundestagswahl 2021 in Berlin</langue></metadaten><textdaten><fussnoten><Content><P><BR/> <pre xml:space="preserve">(+++ Textnachweis ab: 22.12.2023 +++)<BR/><BR/></pre></P></Content></fussnoten></textdaten></norm>
<norm builddate="20231222213528" doknr="BJNR1810A0023BJNE000100000"><metadaten><jurabk>BEBTWahl2021WdhAnOBek</jurabk><enbez>(XXXX)</enbez></metadaten><textdaten><text format="XML"><Content><P>Auf Grund des Urteils des Bundesverfassungsgerichts vom 19. Dezember 2023, Aktenzeichen 2 BvC 4/23, wird nachstehende Anordnung des Landeswahlleiters für Berlin vom 19. Dezember 2023 auf Grund des § 44 Absatz 3 Satz 3 des Bundeswahlgesetzes in der Fassung der Bekanntmachung vom 23. Juli 1993 (BGBl. I S. 1288, 1594) bekannt gemacht:</P><P>Die teilweise Wiederholung der Wahl zum 20. Deutschen Bundestag im Land Berlin findet am 11. Februar 2024 statt.</P></Content></text></textdaten></norm>
<norm builddate="20231222213528" doknr="BJNR1810A0023BJNE000200000"><metadaten><jurabk>BEBTWahl2021WdhAnOBek</jurabk><enbez>Schlussformel</enbez></metadaten><textdaten><text format="XML"><Content><P><SP>Bundesministerium des Innern und für Heimat</SP></P></Content></text></textdaten></norm>
</dokumente>