<?xml version="1.0" encoding="UTF-8" ?><!DOCTYPE dokumente SYSTEM "http://www.gesetze-im-internet.de/dtd/1.01/gii-norm.dtd">
<dokumente builddate="20120625154636" doknr="BJNR501340968"><norm builddate="20120625154636" doknr="BJNR501340968"><metadaten><jurabk>BPolRZustAnO</jurabk><ausfertigung-datum manuell="ja">1968-07-19</ausfertigung-datum><fundstelle typ="amtlich"><periodikum>BAnz</periodikum><zitstelle>1968, Nr 134</zitstelle></fundstelle><langue>Anordnung über die Übertragung von Zuständigkeiten auf dem Gebiet der
Rechtsverhältnisse der Polizeivollzugsbeamten des Bundes</langue></metadaten><textdaten><text format="XML"><Content><P/></Content></text><fussnoten><Content><P>(+++ Textnachweis ab: 24. 7.1968 +++)</P></Content></fussnoten></textdaten></norm>
<norm builddate="20120625154636" doknr="BJNR501340968BJNE000100303"><metadaten><jurabk>BPolRZustAnO</jurabk><enbez>I.</enbez></metadaten><textdaten><text format="XML"><Content><P>Das Bundesverwaltungsamt wird hiermit zur zuständigen Behörde bestimmt, die nach § 11 Abs. 3 und § 12 Abs. 2 Satz 4 des Bundespolizeibeamtengesetzes in der Fassung vom 10. Juli 1967 (Bundesgesetzbl. I S. 701) über Anträge zur Verlängerung der Dauer der Teilnahme an der allgemeinberuflichen Ausbildung oder der Fachausbildung von Polizeivollzugsbeamten oder früheren Polizeivollzugsbeamten, die nach dem 31. Mai 1967 aus dem Vollzugsdienst des Bundesgrenzschutzes ausgeschieden sind oder ausscheiden, entscheidet.</P></Content></text></textdaten></norm>
<norm builddate="20120625154636" doknr="BJNR501340968BJNE000200303"><metadaten><jurabk>BPolRZustAnO</jurabk><enbez>II.</enbez></metadaten><textdaten><text format="XML"><Content><P>Auf Grund des § 2 des Bundespolizeibeamtengesetzes in der Fassung vom 10. Juli 1967 in Verbindung mit § 172 des Bundesbeamtengesetzes in der Fassung vom 22. Oktober 1965 (Bundesgesetzbl. I S. 1776) und § 126 Abs. 3 Nr. 2 Satz 2 des Beamtenrechtsrahmengesetzes in der Fassung vom 22. Oktober 1965 (Bundesgesetzbl. I S. 1753), beide zuletzt geändert durch Artikel 6 Nr. 4 des Achten Strafrechtsänderungsgesetzes vom 25. Juni 1968 (Bundesgesetzbl. I S. 741), übertrage ich dem Bundesverwaltungsamt die Zuständigkeit zur Entscheidung über Widersprüche gegen den Erlaß oder die Ablehnung eines Verwaltungsaktes oder gegen die Ablehnung eines Anspruches, soweit sie sich auf Entscheidungen beziehen, die das Bundesverwaltungsamt in Angelegenheiten der Berufsförderung nach dem Bundespolizeibeamtengesetz erlassen hat.</P></Content></text></textdaten></norm>
<norm builddate="20120625154636" doknr="BJNR501340968BJNE000300303"><metadaten><jurabk>BPolRZustAnO</jurabk><enbez>III.</enbez></metadaten><textdaten><text format="XML"><Content><P>Die Anordnung tritt am Tage nach ihrer Veröffentlichung in Kraft.</P></Content></text></textdaten></norm>
<norm builddate="20120625154636" doknr="BJNR501340968BJNE000400303"><metadaten><jurabk>BPolRZustAnO</jurabk><enbez>Schlußformel</enbez></metadaten><textdaten><text format="XML"><Content><P>Der Bundesminister des Innern</P></Content></text></textdaten></norm>
</dokumente>