<?xml version="1.0" encoding="UTF-8" ?><!DOCTYPE dokumente SYSTEM "http://www.gesetze-im-internet.de/dtd/1.01/gii-norm.dtd">
<dokumente builddate="20131008093444" doknr="BJNR004600958"><norm builddate="20131008093444" doknr="BJNR004600958"><metadaten><jurabk>AmtsbezSaarAnO</jurabk><ausfertigung-datum manuell="ja">1958-07-12</ausfertigung-datum><fundstelle typ="amtlich"><periodikum>BGBl I</periodikum><zitstelle>1958, 460</zitstelle></fundstelle><langue>Anordnung über die Festsetzung von Amtsbezeichnungen für die Beamten des
Bundes im Saarland</langue></metadaten><textdaten><text format="XML"><Content><P/></Content></text><fussnoten><Content><P>(+++ Textnachweis Geltung ab:  1. 1.1964 +++)</P></Content></fussnoten></textdaten></norm>
<norm builddate="20131008093444" doknr="BJNR004600958BJNE000100303"><metadaten><jurabk>AmtsbezSaarAnO</jurabk><enbez>Eingangsformel</enbez></metadaten><textdaten><text format="XML"><Content><P>Auf Grund des § 37 Abs. 1 des Deutschen Beamtengesetzes in der im Saarland geltenden Fassung in Verbindung mit § 13 Abs. 4 des Gesetzes über die Eingliederung des Saarlandes vom 23. Dezember 1956 (Bundesgesetzbl. I S. 1011) ordne ich an:</P></Content></text><fussnoten/></textdaten></norm>
<norm builddate="20131008093444" doknr="BJNR004600958BJNE000200303"><metadaten><jurabk>AmtsbezSaarAnO</jurabk><enbez>I.</enbez></metadaten><textdaten><text format="XML"><Content><P>Die Bundesregierung wird ermächtigt, als Amtsbezeichnungen der in § 13 Abs. 1 und 5 des Gesetzes über die Eingliederung des Saarlandes bezeichneten Beamten des Bundes die Amtsbezeichnungen nach den Bundesbesoldungsordnungen A und B - Anlage I zum Bundesbesoldungsgesetz vom 27. Juli 1957 (Bundesgesetzbl. I S. 993) - festzusetzen.</P></Content></text><fussnoten/></textdaten></norm>
<norm builddate="20131008093444" doknr="BJNR004600958BJNE000300303"><metadaten><jurabk>AmtsbezSaarAnO</jurabk><enbez>II.</enbez></metadaten><textdaten><text format="XML"><Content><P>Diese Anordnung tritt mit ihrer Verkündung in Kraft.</P></Content></text></textdaten></norm>
<norm builddate="20131008093444" doknr="BJNR004600958BJNE000400303"><metadaten><jurabk>AmtsbezSaarAnO</jurabk><enbez>Schlußformel</enbez></metadaten><textdaten><text format="XML"><Content><P><SP>Der Bundespräsident</SP></P></Content></text></textdaten></norm>
</dokumente>