<?xml version="1.0" encoding="UTF-8" ?><!DOCTYPE dokumente SYSTEM "http://www.gesetze-im-internet.de/dtd/1.01/gii-norm.dtd">
<dokumente builddate="20130405132625" doknr="BJNR279600011"><norm builddate="20130405132625" doknr="BJNR279600011"><metadaten><jurabk>PKHB 2012</jurabk><amtabk>PKHB 2012</amtabk><ausfertigung-datum manuell="ja">2011-12-07</ausfertigung-datum><fundstelle typ="amtlich"><periodikum>BGBl I</periodikum><zitstelle>2011, 2796</zitstelle></fundstelle><kurzue>Prozesskostenhilfebekanntmachung 2012</kurzue><langue>Bekanntmachung zu § 115 der Zivilprozessordnung</langue></metadaten><textdaten><fussnoten><Content><P><BR/> <pre xml:space="preserve">(+++ Textnachweis ab: 21.12.2011 +++)<BR/><BR/></pre></P></Content></fussnoten></textdaten></norm>
<norm builddate="20130405132625" doknr="BJNR279600011BJNE000100000"><metadaten><jurabk>PKHB 2012</jurabk><enbez>(XXXX)</enbez></metadaten><textdaten><text format="XML"><Content><P>Auf Grund des § 115 Absatz 1 Satz 5 der Zivilprozessordnung in der Fassung der Bekanntmachung vom 5. Dezember 2005 (BGBl. I S. 3202; 2006 I S. 431; 2007 I S. 1781) wird bekannt gemacht:</P><P>Die ab dem 1. Januar 2012 maßgebenden Beträge, die nach § 115 Absatz 1 Satz 3 Nummer 1 Buchstabe b und Nummer 2 der Zivilprozessordnung vom Einkommen der Partei abzusetzen sind, betragen <DL Font="normal" Type="arabic"><DT>1.</DT><DD Font="normal"><LA Size="normal">für Parteien, die ein Einkommen aus Erwerbstätigkeit erzielen (§ 115 Absatz 1 Satz 3 Nummer 1 Buchstabe b der Zivilprozessordnung), 187 Euro,</LA></DD><DT>2.</DT><DD Font="normal"><LA Size="normal">für die Partei und ihren Ehegatten oder ihren Lebenspartner (§ 115 Absatz 1 Satz 3 Nummer 2 Buchstabe a der Zivilprozessordnung), 411 Euro,</LA></DD><DT>3.</DT><DD Font="normal"><LA Size="normal">für jede weitere Person, der die Partei auf Grund gesetzlicher Unterhaltspflicht Unterhalt leistet, in Abhängigkeit von ihrem Alter (§ 115 Absatz 1 Satz 3 Nummer 2 Buchstabe b der Zivilprozessordnung): <DL Font="normal" Type="alpha"><DT>a)</DT><DD Font="normal"><LA Size="normal">Erwachsene 329 Euro,</LA></DD><DT>b)</DT><DD Font="normal"><LA Size="normal">Jugendliche vom Beginn des 15. bis zur Vollendung des 18. Lebensjahres 316 Euro,</LA></DD><DT>c)</DT><DD Font="normal"><LA Size="normal">Kinder vom Beginn des siebten bis zur Vollendung des 14. Lebensjahres 276 Euro,</LA></DD><DT>d)</DT><DD Font="normal"><LA Size="normal">Kinder bis zur Vollendung des sechsten Lebensjahres 241 Euro.</LA></DD></DL></LA></DD></DL></P></Content></text></textdaten></norm>
<norm builddate="20130405132625" doknr="BJNR279600011BJNE000200000"><metadaten><jurabk>PKHB 2012</jurabk><enbez>Schlussformel</enbez></metadaten><textdaten><text format="XML"><Content><P><SP>Die Bundesministerin der Justiz</SP></P></Content></text></textdaten></norm>
</dokumente>