<?xml version="1.0" encoding="UTF-8" ?><!DOCTYPE dokumente SYSTEM "http://www.gesetze-im-internet.de/dtd/1.01/gii-norm.dtd">
<dokumente builddate="20221020213518" doknr="BJNR021620996"><norm builddate="20221020213518" doknr="BJNR021620996"><metadaten><jurabk>GrBrückPerlAbk LUX</jurabk><ausfertigung-datum manuell="ja">1994-04-18</ausfertigung-datum><fundstelle typ="amtlich"><periodikum>BGBl II</periodikum><zitstelle>1996, 216</zitstelle></fundstelle><langue>Abkommen zwischen der Bundesrepublik Deutschland und dem Großherzogtum
Luxemburg über den Autobahnzusammenschluß und den Bau einer Grenzbrücke
über die Mosel im Raum Perl und Schengen</langue></metadaten><textdaten><text format="decorated"/><fussnoten><Content><P>G v. 9.2.1996 II 215</P><P><BR/> In Kraft gem. Bek. v. 27.10.1997 II 2139 mWv 1.8.1996</P></Content></fussnoten></textdaten></norm>
</dokumente>