<?xml version="1.0" encoding="UTF-8" ?><!DOCTYPE dokumente SYSTEM "http://www.gesetze-im-internet.de/dtd/1.01/gii-norm.dtd">
<dokumente builddate="20130405133156" doknr="DDNR009550990"><norm builddate="20130405133156" doknr="DDNR009550990"><metadaten><jurabk>LEinfG</jurabk><ausfertigung-datum manuell="ja">1990-07-22</ausfertigung-datum><fundstelle typ="amtlich"><periodikum>GBl DDR I</periodikum><zitstelle>1990, 955</zitstelle></fundstelle><fundstelle typ="amtlich"><periodikum>GBl DDR I</periodikum><zitstelle>1990, Nr 51, 955</zitstelle></fundstelle><kurzue>Ländereinführungsgesetz</kurzue><langue>Verfassungsgesetz zur Bildung von Ländern in der Deutschen Demokratischen
Republik</langue></metadaten><textdaten><text format="XML"><Content><P/></Content></text><fussnoten><Content><P>(+++ Textnachweis ab:  3.10.1990 +++)</P><P><BR/> Im beigetretenen Gebiet in Teilen fortgeltende Rechtsvorschrift der ehem. Deutschen Demokratischen Republik gem. Anlage II Kap. II Sachg. A Abschn. II nach Maßgabe d. Art. 9 EinigVtr v. 31.8.1990 iVm Art. 1 G v. 23.9.1990 II 885, 1150 mWv 3.10.1990.</P></Content></fussnoten></textdaten></norm>
<norm builddate="20130405133156" doknr="DDNR009550990BJNG000100307"><metadaten><jurabk>LEinfG</jurabk><gliederungseinheit><gliederungskennzahl>010</gliederungskennzahl><gliederungsbez>-</gliederungsbez><gliederungstitel>Territoriale Gliederung</gliederungstitel></gliederungseinheit></metadaten><textdaten><text format="XML"><Content><P/></Content></text></textdaten></norm>
<norm builddate="20130405133156" doknr="DDNR009550990BJNE000300307"><metadaten><jurabk>LEinfG</jurabk><enbez>§ 1</enbez></metadaten><textdaten><text format="XML"><Content><P>(1) Mit Wirkung vom 3. Oktober 1990 werden in der DDR folgende Länder gebildet: <DL Font="normal" Type="arabic"><DT>-</DT><DD Font="normal"><LA Size="normal">Mecklenburg-Vorpommern</LA><LA Size="normal">durch Zusammenlegung der Bezirksterritorien Neubrandenburg, Rostock und Schwerin,<DL Font="normal" Type="arabic"><DT>.</DT><DD Font="normal"><LA Size="normal">ohne die Kreise Perleberg, Prenzlau und Templin;</LA></DD> </DL></LA></DD>  <DT>-</DT><DD Font="normal"><LA Size="normal">Brandenburg</LA><LA Size="normal">durch Zusammenlegung der Bezirksterritorien Cottbus, Frankfurt/Oder und Potsdam,<DL Font="normal" Type="arabic"><DT>.</DT><DD Font="normal"><LA Size="normal">ohne die Kreise Hoyerswerda, Jessen und Weißwasser,</LA></DD> <DT>.</DT><DD Font="normal"><LA Size="normal">zuzüglich der Kreise Perleberg, Prenzlau und Templin;</LA></DD> </DL></LA></DD>  <DT>-</DT><DD Font="normal"><LA Size="normal">Sachsen-Anhalt</LA><LA Size="normal">durch Zusammenlegung der Bezirksterritorien Halle und Magdeburg,<DL Font="normal" Type="arabic"><DT>.</DT><DD Font="normal"><LA Size="normal">ohne den Kreis Artern,</LA></DD> <DT>.</DT><DD Font="normal"><LA Size="normal">zuzüglich des Kreises Jessen;</LA></DD> </DL></LA></DD>  <DT>-</DT><DD Font="normal"><LA Size="normal">Sachsen</LA><LA Size="normal">durch Zusammenlegung der Bezirksterritorien Dresden, Karl-Mark-Stadt/Chemnitz und Leipzig,<DL Font="normal" Type="arabic"><DT>.</DT><DD Font="normal"><LA Size="normal">ohne die Kreise Altenburg und Schmölln;</LA></DD> <DT>.</DT><DD Font="normal"><LA Size="normal">zuzüglich der Kreise Hoyerswerda und Weißwasser;</LA></DD> </DL></LA></DD>  <DT>-</DT><DD Font="normal"><LA Size="normal">Thüringen</LA><LA Size="normal">durch Zusammenlegung der Bezirksterritorien Erfurt, Gera und Suhl,<DL Font="normal" Type="arabic"><DT>.</DT><DD Font="normal"><LA Size="normal">zuzüglich der Kreise Altenburg, Artern und Schmölln.</LA></DD> </DL> </LA></DD>  </DL></P><P>(2)</P></Content></text><fussnoten/></textdaten></norm>
<norm builddate="20130405133156" doknr="DDNR009550990BJNE000400307"><metadaten><jurabk>LEinfG</jurabk><enbez>§ 2</enbez></metadaten><textdaten><text format="XML"><Content><P>(1)</P><P>(2) Änderungen von Grenzen der Länder der DDR, die im Ergebnis von Bürgerbefragungen in Gemeinden und Städten begehrt werden und von der Gemeindevertretung bzw. Stadtverordnetenversammlung beschlossen wurden, bedürfen eines Staatsvertrages zwischen den beteiligten Ländern.</P><P>(3) Wollen Gemeinden oder Städte nach der Länderbildung in das Land zurückkehren, dem sie am 23. Juli 1952 angehörten, ist ihrem in Bürgerbefragungen bekundeten und durch die Volksvertretungen bestätigten Willen stattzugeben, sofern dadurch keine Ex- bzw. Enklaven entstehen.</P></Content>  </text><fussnoten/></textdaten></norm>
<norm builddate="20130405133156" doknr="DDNR009550990BJNE000500307"><metadaten><jurabk>LEinfG</jurabk><enbez>(XXXX) §§ 3 bis 21</enbez><titel format="XML">(weggefallen)</titel></metadaten><textdaten><text format="XML"><Content><P/></Content></text><fussnoten/></textdaten></norm>
<norm builddate="20130405133156" doknr="DDNR009550990BJNE000600307"><metadaten><jurabk>LEinfG</jurabk><enbez>§ 22</enbez><titel format="parat">Übergang von Einrichtungen und Personal</titel></metadaten><textdaten><text format="XML"><Content><P>Mit der Bildung von Ländern in der DDR gehen Verwaltungsorgane und sonstige der öffentlichen Verwaltung oder Rechtspflege dienende Einrichtungen der Republik, soweit sie nach diesem Gesetz Aufgaben der Länder wahrnehmen, auf die Länder über. Soweit Aufgaben auf die Länder übergehen, geht das Personal anteilmäßig auf die Länder über.</P></Content></text></textdaten></norm>
<norm builddate="20130405133156" doknr="DDNR009550990BJNG000200307"><metadaten><jurabk>LEinfG</jurabk><gliederungseinheit><gliederungskennzahl>020</gliederungskennzahl><gliederungsbez>-</gliederungsbez><gliederungstitel>Übergangs- und Schlußbestimmungen</gliederungstitel></gliederungseinheit></metadaten><textdaten><text format="XML"><Content><P/></Content></text></textdaten></norm>
<norm builddate="20130405133156" doknr="DDNR009550990BJNE000700307"><metadaten><jurabk>LEinfG</jurabk><enbez>§ 23</enbez></metadaten><textdaten><text format="XML"><Content><P>(1)</P><P>(2) Der erstgewählte Landtag, dem zugleich die Aufgabe einer verfassungsgebenden Landesversammlung obliegt, tritt spätestens am 14. Tag nach der Wahl zusammen. Spätestens am 20. Tag nach seinem Zusammentritt hat er eine vorläufige Landesregierung zu bilden.</P><P>(3) Nach Inkrafttreten der Landesverfassung wird die Landesregierung nach den Bestimmungen dieser Verfassung gebildet.</P></Content>  </text><fussnoten/></textdaten></norm>
<norm builddate="20130405133156" doknr="DDNR009550990BJNE000800307"><metadaten><jurabk>LEinfG</jurabk><enbez>§ 24</enbez></metadaten><textdaten><text format="XML"><Content><P>-</P></Content></text><fussnoten/></textdaten></norm>
<norm builddate="20130405133156" doknr="DDNR009550990BJNE000900307"><metadaten><jurabk>LEinfG</jurabk><enbez>§ 25</enbez><titel format="parat">Inkrafttreten</titel></metadaten><textdaten><text format="XML"><Content><P>(1) Dieses Gesetz tritt am 3. Oktober 1990 in Kraft.</P><P>(2)</P><P>(3)</P></Content>  </text><fussnoten/></textdaten></norm>
<norm builddate="20130405133156" doknr="DDNR009550990BJNE001000307"><metadaten><jurabk>LEinfG</jurabk><enbez>Schlußformel</enbez></metadaten><textdaten><text format="XML"><Content><P><B>Die Präsidentin der Volkskammer der Deutschen Demokratischen Republik</B></P></Content></text></textdaten></norm>
</dokumente>