<?xml version="1.0" encoding="UTF-8" ?><!DOCTYPE dokumente SYSTEM "http://www.gesetze-im-internet.de/dtd/1.01/gii-norm.dtd">
<dokumente builddate="20200305213034" doknr="BJNR292300997"><norm builddate="20200305213034" doknr="BJNR292300997"><metadaten><jurabk>IndMetMeistV 1997</jurabk><ausfertigung-datum manuell="ja">1997-12-12</ausfertigung-datum><fundstelle typ="amtlich"><periodikum>BGBl I</periodikum><zitstelle>1997, 2923</zitstelle></fundstelle><langue>Verordnung über die Prüfung zum anerkannten Abschluß Geprüfter Industriemeister/Geprüfte Industriemeisterin - Fachrichtung Metall</langue><standangabe checked="ja"><standtyp>Stand</standtyp><standkommentar>Zuletzt geändert durch Art. 14 V v. 9.12.2019 I 2153</standkommentar></standangabe></metadaten><textdaten><fussnoten><Content><P><BR/> <pre xml:space="preserve">(+++ Textnachweis ab: 19.12.1997 +++)<BR/><BR/></pre>(+++ Zur Anwendung vgl. §§ 1 u. 3 FortbVenÄndV6AnwV +++)</P></Content></fussnoten></textdaten></norm>
<norm builddate="20200305213034" doknr="BJNR292300997BJNE000400000"><metadaten><jurabk>IndMetMeistV 1997</jurabk><enbez>Eingangsformel</enbez></metadaten><textdaten><text format="XML"><Content><P>Auf Grund des § 46 Abs. 2 des Berufsbildungsgesetzes vom 14. August 1969 (BGBl. I S. 1112), der zuletzt gemäß Artikel 35 der Sechsten Zuständigkeitsanpassungs-Verordnung vom 21. September 1997 (BGBl. I S. 2390) geändert worden ist, verordnet das Bundesministerium für Bildung, Wissenschaft, Forschung und Technologie nach Anhörung des Ständigen Ausschusses des Bundesinstituts für Berufsbildung im Einvernehmen mit dem Bundesministerium für Wirtschaft:</P></Content></text></textdaten></norm>
<norm builddate="20200305213034" doknr="BJNR292300997BJNE000501128"><metadaten><jurabk>IndMetMeistV 1997</jurabk><enbez>§ 1</enbez><titel format="XML">Ziel der Prüfung und Bezeichnung des Abschlusses</titel></metadaten><textdaten><text format="XML"><Content><P>(1) Zum Nachweis von Kenntnissen, Fertigkeiten und Erfahrungen, die durch die berufliche Fortbildung zum Geprüften Industriemeister/zur Geprüften Industriemeisterin - Fachrichtung Metall erworben worden sind, kann die zuständige Stelle Prüfungen nach den §§ 2 bis 9 durchführen.</P><P>(2) Ziel der Prüfung ist der Nachweis der Qualifikation zum Industriemeister und damit die Befähigung: <DL Font="normal" Type="arabic"><DT>1.</DT><DD Font="normal"><LA Size="normal">in Betrieben unterschiedlicher Größe und Branchenzugehörigkeit sowie in verschiedenen Bereichen und Tätigkeitsfeldern eines Betriebes Sach-, Organisations- und Führungsaufgaben wahrzunehmen und</LA></DD><DT>2.</DT><DD Font="normal"><LA Size="normal">sich auf verändernde Methoden und Systeme in der Produktion, auf sich verändernde Strukturen der Arbeitsorganisation und auf neue Methoden der Organisationsentwicklung, der Personalführung und -entwicklung flexibel einzustellen sowie den technisch-organisatorischen Wandel im Betrieb mitzugestalten.</LA></DD></DL></P><P>(3) Durch die Prüfung ist festzustellen, ob die zu prüfende Person die Qualifikation besitzt, um in den betrieblichen Funktionsfeldern Betriebserhaltung, Fertigung und Montage insbesondere folgende in Zusammenhang stehende Aufgaben eines Industriemeisters der Fachrichtung Metall wahrnehmen zu können: <DL Font="normal" Type="arabic"><DT>1.</DT><DD Font="normal"><LA Size="normal">den Produktionsablauf überwachen; über den Einsatz der Betriebs- und Produktionsmittel entscheiden und deren Erhaltung und Betriebsbereitschaft gewährleisten; für die Einhaltung der Qualitäts- und Quantitätsvorgaben sorgen; Maßnahmen zur Vermeidung und Behebung von Betriebsstörungen einleiten und die notwendige Energieversorgung im Betrieb sichern; die Arbeitsplätze nach ergonomischen Gesichtspunkten gestalten und die Arbeitsstätten unter Beachtung entsprechender Vorschriften, Verordnungen und Normen einrichten; technische Weiterentwicklungen im Unternehmen umsetzen und die Neuanläufe organisieren und überwachen; für den Werterhalt von Materialien und Produkten bei Transport und Lagerung zuständig sein und Material, Bau- und Ersatzteile disponieren; bei der Entwicklung von Vorschlägen für neue technische Konzepte mitarbeiten und den ständigen Arbeits- und Produktionsverbesserungsprozeß mitgestalten;</LA></DD><DT>2.</DT><DD Font="normal"><LA Size="normal">die Arbeitsabläufe einschließlich des Einsatzes von Material und Betriebsmitteln planen und sich an der Planung und Umsetzung neuer Arbeitstechniken und Fertigungsprozesse beteiligen; Kostenpläne aufstellen, die Kostenentwicklung überwachen und auf einen wirtschaftlichen Ablauf achten; bei der Auswahl und Beschaffung von Maschinen, Anlagen und Einrichtungen mitwirken; Qualitäts- und Quantitätsvorgaben planen und für die Einhaltung der Termine sorgen; die Instandhaltung in Abstimmung mit den zuständigen Mitarbeitern sowie den beteiligten betrieblichen Bereichen koordinieren und überwachen; in enger Zusammenarbeit mit der für die Sicherheit zuständigen Fachkraft die Einhaltung der Arbeitssicherheits-, Umwelt- und Gesundheitsvorschriften gewährleisten; Mitarbeiter und beteiligte betriebliche Bereiche rechtzeitig und angemessen informieren; in Zusammenarbeit mit seinen Mitarbeitern übergeordnete Planungsgruppen beraten und Werkstattdaten und Produktionsergebnisse in die Planungsprozesse einbringen;</LA></DD><DT>3.</DT><DD Font="normal"><LA Size="normal">die Mitarbeiter im Sinne der Unternehmensziele führen und ihnen Aufgaben unter Berücksichtigung der Vorgaben, nach betriebswirtschaftlichen Gesichtspunkten und unter Abwägung ihrer persönlichen Daten, Qualifikationen und Interessen zuordnen; die Mitarbeiter zu selbständigem, verantwortlichem Handeln anleiten und sie motivieren; sie an Entscheidungsprozessen beteiligen; bei der Planung des Personalbedarfs und bei Stellenbesetzungen mitwirken; Gruppen betreuen und moderieren; die zielorientierte Kooperation und Kommunikation zwischen und mit den Mitarbeitern, mit den Führungskräften sowie mit dem Betriebsrat fördern; Beurteilungen von einzelnen und von Gruppen durchführen und eine Personalentwicklung anstreben, die den Befähigungen der Mitarbeiter angemessen ist; die Innovationsbereitschaft der Mitarbeiter fördern und auf ihre systematische Weiterbildung innerhalb und außerhalb des Betriebes hinwirken; neue Mitarbeiter in ihre Arbeitsbereiche einführen; die Ausbildung der ihm zugeteilten Auszubildenden verantworten; die Qualitätsmanagementziele in seinem Bereich kontinuierlich umsetzen und das Qualitätsbewußtsein der Mitarbeiter fördern; bei der Kunden- und Lieferantenbetreuung mitwirken, die Kunden beraten und die Kundenzufriedenheit fördern.</LA></DD></DL></P><P>(4) Die erfolgreich abgelegte Prüfung führt zum anerkannten Abschluß Geprüfter Industriemeister/Geprüfte Industriemeisterin - Fachrichtung Metall.</P></Content></text><fussnoten><Content><P>(+++ Zur Anwendung vgl. §§ 1 u. 3 FortbVenÄndV6AnwV +++)</P></Content></fussnoten></textdaten></norm>
<norm builddate="20200305213034" doknr="BJNR292300997BJNE000601308"><metadaten><jurabk>IndMetMeistV 1997</jurabk><enbez>§ 2</enbez><titel format="XML">Umfang der Industriemeisterqualifikation und Gliederung der Prüfung</titel></metadaten><textdaten><text format="XML"><Content><P>(1) Die Qualifikation zum Industriemeister umfaßt: <DL Font="normal" Type="arabic"><DT>1.</DT><DD Font="normal"><LA Size="normal">berufs- und arbeitspädagogische Qualifikationen,</LA></DD><DT>2.</DT><DD Font="normal"><LA Size="normal">fachrichtungsübergreifende Basisqualifikationen,</LA></DD><DT>3.</DT><DD Font="normal"><LA Size="normal">handlungsspezifische Qualifikationen.</LA></DD></DL></P><P>(2) Der Erwerb der berufs- und arbeitspädagogischen Eignung ist durch eine erfolgreich abgelegte Prüfung nach § 4 der Ausbilder-Eignungsverordnung oder durch eine andere erfolgreich abgelegte vergleichbare Prüfung vor einer öffentlichen oder staatlich anerkannten Bildungseinrichtung oder vor einem staatlichen Prüfungsausschuss nachzuweisen. Der Prüfungsnachweis ist vor Beginn der letzten Prüfungsleistung zu erbringen.</P><P>(3) Die Prüfung zum Industriemeister gliedert sich in die Prüfungsteile: <DL Font="normal" Type="arabic"><DT>1.</DT><DD Font="normal"><LA Size="normal">fachrichtungsübergreifende Basisqualifikationen,</LA></DD><DT>2.</DT><DD Font="normal"><LA Size="normal">handlungsspezifische Qualifikationen.</LA></DD></DL></P><P>(4) Im Prüfungsteil nach Absatz 3 Nr. 1 ist schriftlich in Form von anwendungsbezogenen Aufgabenstellungen gemäß § 4 zu prüfen, im Prüfungsteil nach Absatz 3 Nr. 2 ist schriftlich in Form von handlungsspezifischen, integrierten Situationsaufgaben und mündlich in Form eines situationsbezogenen Fachgesprächs gemäß § 5 zu prüfen.</P></Content></text><fussnoten/></textdaten></norm>
<norm builddate="20200305213034" doknr="BJNR292300997BJNE000703308"><metadaten><jurabk>IndMetMeistV 1997</jurabk><enbez>§ 3</enbez><titel format="XML">Zulassungsvoraussetzungen</titel></metadaten><textdaten><text format="XML"><Content><P>(1) Zur Prüfung im Prüfungsteil &quot;Fachrichtungsübergreifende Basisqualifikationen&quot; ist zuzulassen, wer folgendes nachweist: <DL Font="normal" Type="arabic"><DT>1.</DT><DD Font="normal"><LA Size="normal">eine mit Erfolg abgelegte Abschlußprüfung in einem anerkannten Ausbildungsberuf, der den Metallberufen zugeordnet werden kann, oder</LA></DD><DT>2.</DT><DD Font="normal"><LA Size="normal">eine mit Erfolg abgelegte Abschlußprüfung in einem sonstigen anerkannten Ausbildungsberuf und danach eine mindestens zweijährige Berufspraxis oder</LA></DD><DT>3.</DT><DD Font="normal"><LA Size="normal">eine mindestens vierjährige Berufspraxis.</LA></DD></DL></P><P>(2) Zur Prüfung im Prüfungsteil &quot;Handlungsspezifische Qualifikationen&quot; ist zuzulassen, wer folgendes nachweist: <DL Font="normal" Type="arabic"><DT>1.</DT><DD Font="normal"><LA Size="normal">das Ablegen der Prüfung des Prüfungsteils &quot;Fachrichtungsübergreifende Basisqualifikationen&quot; und</LA></DD><DT>2.</DT><DD Font="normal"><LA Size="normal">zu den unter Absatz 1 Nummer 1 bis 3 genannten Voraussetzungen ein weiteres Jahr Berufspraxis.</LA></DD></DL></P><P>(3) Die Berufspraxis gemäß den Absätzen 1 und 2 soll wesentliche Bezüge zu den Aufgaben eines Industriemeisters gemäß § 1 Abs. 3 haben.</P><P>(4) Abweichend von den in Absatz 1 und Absatz 2 Nr. 2 genannten Voraussetzungen kann zur Prüfung in den Prüfungsteilen auch zugelassen werden, wer durch Vorlage von Zeugnissen oder auf andere Weise glaubhaft macht, daß er berufspraktische Qualifikationen erworben hat, die die Zulassung zur Prüfung rechtfertigen.</P></Content></text><fussnoten/></textdaten></norm>
<norm builddate="20200305213034" doknr="BJNR292300997BJNE000802128"><metadaten><jurabk>IndMetMeistV 1997</jurabk><enbez>§ 4</enbez><titel format="XML">Fachrichtungsübergreifende Basisqualifikationen</titel></metadaten><textdaten><text format="XML"><Content><P>(1) Im Prüfungsteil &quot;Fachrichtungsübergreifende Basisqualifikationen&quot; ist in folgenden Prüfungsbereichen zu prüfen: <DL Font="normal" Type="arabic"><DT>1.</DT><DD Font="normal"><LA Size="normal">Rechtsbewußtes Handeln,</LA></DD><DT>2.</DT><DD Font="normal"><LA Size="normal">Betriebswirtschaftliches Handeln,</LA></DD><DT>3.</DT><DD Font="normal"><LA Size="normal">Anwendung von Methoden der Information, Kommunikation und Planung,</LA></DD><DT>4.</DT><DD Font="normal"><LA Size="normal">Zusammenarbeit im Betrieb,</LA></DD><DT>5.</DT><DD Font="normal"><LA Size="normal">Berücksichtigung naturwissenschaftlicher und technischer Gesetzmäßigkeiten.</LA></DD></DL></P><P>(2) Im Prüfungsbereich &quot;Rechtsbewußtes Handeln&quot; soll die zu prüfende Person nachweisen, daß sie in der Lage ist, im Rahmen seiner Handlungen einschlägige Rechtsvorschriften zu berücksichtigen. Sie soll die Arbeitsbedingungen seiner Mitarbeiter unter arbeitsrechtlichen Aspekten gestalten. Außerdem soll sie die Arbeitssicherheit, den Gesundheitsschutz und den Umweltschutz nach rechtlichen Grundlagen gewährleisten sowie die Zusammenarbeit mit den entsprechenden Institutionen sicherstellen. In diesem Rahmen können folgende Qualifikationsinhalte geprüft werden: <DL Font="normal" Type="arabic"><DT>1.</DT><DD Font="normal"><LA Size="normal">Berücksichtigen arbeitsrechtlicher Vorschriften und Bestimmungen bei der Gestaltung individueller Arbeitsverhältnisse und bei Fehlverhalten von Mitarbeitern, insbesondere unter Berücksichtigung des Arbeitsvertragsrechts, des Tarifvertragsrechts und betrieblicher Vereinbarungen;</LA></DD><DT>2.</DT><DD Font="normal"><LA Size="normal">Berücksichtigen der Vorschriften des Betriebsverfassungsgesetzes, insbesondere der Beteiligungsrechte betriebsverfassungsrechtlicher Organe;</LA></DD><DT>3.</DT><DD Font="normal"><LA Size="normal">Berücksichtigen rechtlicher Bestimmungen hinsichtlich der Sozialversicherung, der Entgeltfindung sowie der Arbeitsförderung;</LA></DD><DT>4.</DT><DD Font="normal"><LA Size="normal">Berücksichtigen arbeitsschutz- und arbeitssicherheitsrechtlicher Vorschriften und Bestimmungen in Abstimmung mit betrieblichen und außerbetrieblichen Institutionen;</LA></DD><DT>5.</DT><DD Font="normal"><LA Size="normal">Berücksichtigen der Vorschriften des Umweltrechts, insbesondere hinsichtlich des Gewässer- und Bodenschutzes, der Abfallbeseitigung, der Luftreinhaltung und Lärmbekämpfung, des Strahlenschutzes und des Schutzes vor gefährlichen Stoffen;</LA></DD><DT>6.</DT><DD Font="normal"><LA Size="normal">Berücksichtigen einschlägiger wirtschaftsrechtlicher Vorschriften und Bestimmungen, insbesondere hinsichtlich der Produktverantwortung, der Produkthaftung sowie des Datenschutzes.</LA></DD></DL></P><P>(3) Im Prüfungsbereich &quot;Betriebswirtschaftliches Handeln&quot; soll die zu prüfende Person nachweisen, daß sie in der Lage ist, betriebswirtschaftliche Gesichtspunkte in ihren Handlungen zu berücksichtigen und volkswirtschaftliche Zusammenhänge aufzuzeigen. Sie soll Unternehmensformen darstellen können sowie deren Auswirkungen auf seine Aufgabenwahrnehmung analysieren und beurteilen können. Weiterhin soll sie in der Lage sein, betriebliche Abläufe nach wirtschaftlichen Gesichtspunkten zu planen, zu beurteilen und zu beeinflussen. In diesem Rahmen können folgende Qualifikationsinhalte geprüft werden: <DL Font="normal" Type="arabic"><DT>1.</DT><DD Font="normal"><LA Size="normal">Berücksichtigen der ökonomischen Handlungsprinzipien von Unternehmen unter Einbeziehung volkswirtschaftlicher Zusammenhänge und sozialer Wirkungen;</LA></DD><DT>2.</DT><DD Font="normal"><LA Size="normal">Berücksichtigen der Grundsätze betrieblicher Aufbau- und Ablauforganisation;</LA></DD><DT>3.</DT><DD Font="normal"><LA Size="normal">Nutzen und Möglichkeiten der Organisationsentwicklung;</LA></DD><DT>4.</DT><DD Font="normal"><LA Size="normal">Anwenden von Methoden der Entgeltfindung und der kontinuierlichen, betrieblichen Verbesserung;</LA></DD><DT>5.</DT><DD Font="normal"><LA Size="normal">Durchführen von Kostenarten-, Kostenstellen- und Kostenträgerzeitrechnungen sowie von Kalkulationsverfahren.</LA></DD></DL></P><P>(4) Im Prüfungsbereich &quot;Anwendung von Methoden der Information, Kommunikation und Planung&quot; soll die zu prüfende Person nachweisen, daß sie in der Lage ist, Projekte und Prozesse zu analysieren, zu planen und transparent zu machen. Sie soll Daten aufbereiten, technische Unterlagen erstellen sowie entsprechende Planungstechniken einsetzen können. Sie soll in der Lage sein, angemessene Präsentationstechniken anzuwenden. In diesem Rahmen können folgende Qualifikationsinhalte geprüft werden: <DL Font="normal" Type="arabic"><DT>1.</DT><DD Font="normal"><LA Size="normal">Erfassen, Analysieren und Aufbereiten von Prozeß- und Produktionsdaten mittels EDV-Systemen und Bewerten visualisierter Daten;</LA></DD><DT>2.</DT><DD Font="normal"><LA Size="normal">Bewerten von Planungstechniken und Analysemethoden sowie deren Anwendungsmöglichkeiten;</LA></DD><DT>3.</DT><DD Font="normal"><LA Size="normal">Anwenden von Präsentationstechniken;</LA></DD><DT>4.</DT><DD Font="normal"><LA Size="normal">Erstellen von technischen Unterlagen, Entwürfen, Statistiken, Tabellen und Diagrammen;</LA></DD><DT>5.</DT><DD Font="normal"><LA Size="normal">Anwenden von Projektmanagementmethoden;</LA></DD><DT>6.</DT><DD Font="normal"><LA Size="normal">Auswählen und Anwenden von Informations- und Kommunikationsformen einschließlich des Einsatzes entsprechender Informations- und Kommunikationsmittel.</LA></DD></DL></P><P>(5) Im Prüfungsbereich &quot;Zusammenarbeit im Betrieb&quot; soll die zu prüfende Person nachweisen, daß sie in der Lage ist, Zusammenhänge des Sozialverhaltens zu erkennen, ihre Auswirkungen auf die Zusammenarbeit zu beurteilen und durch angemessene Maßnahmen auf eine zielorientierte und effiziente Zusammenarbeit hinzuwirken. Sie soll in der Lage sein, die Leistungsbereitschaft der Mitarbeiter zu fördern, betriebliche Probleme und soziale Konflikte zu lösen. Sie soll Führungsgrundsätze berücksichtigen und angemessene Führungstechniken anwenden. In diesem Rahmen können folgende Qualifikationsinhalte geprüft werden: <DL Font="normal" Type="arabic"><DT>1.</DT><DD Font="normal"><LA Size="normal">Beurteilen und Fördern der beruflichen Entwicklung des einzelnen unter Beachtung des bisherigen Berufsweges und unter Berücksichtigung persönlicher und sozialer Gegebenheiten;</LA></DD><DT>2.</DT><DD Font="normal"><LA Size="normal">Beurteilen und Berücksichtigen des Einflusses von Arbeitsorganisation und Arbeitsplatz auf das Sozialverhalten und das Betriebsklima sowie Ergreifen von Maßnahmen zur Verbesserung;</LA></DD><DT>3.</DT><DD Font="normal"><LA Size="normal">Beurteilen von Einflüssen der Gruppenstruktur auf das Gruppenverhalten und die Zusammenarbeit sowie Entwickeln und Umsetzen von Alternativen;</LA></DD><DT>4.</DT><DD Font="normal"><LA Size="normal">Auseinandersetzen mit eigenem und fremdem Führungsverhalten, Umsetzen von Führungsgrundsätzen;</LA></DD><DT>5.</DT><DD Font="normal"><LA Size="normal">Anwenden von Führungsmethoden und -techniken einschließlich Vereinbarungen entsprechender Handlungsspielräume, um Leistungsbereitschaft und Zusammenarbeit der Mitarbeiter zu fördern;</LA></DD><DT>6.</DT><DD Font="normal"><LA Size="normal">Förderung der Kommunikation und Kooperation durch Anwenden von Methoden zur Lösung betrieblicher Probleme und sozialer Konflikte.</LA></DD></DL></P><P>(6) Im Prüfungsbereich &quot;Berücksichtigung naturwissenschaftlicher und technischer Gesetzmäßigkeiten&quot; soll die zu prüfende Person nachweisen, daß sie in der Lage ist, einschlägige naturwissenschaftliche und technische Gesetzmäßigkeiten zur Lösung technischer Probleme einzubeziehen. Sie soll mathematische, physikalische, chemische und technische Kenntnisse und Fertigkeiten zur Lösung von Aufgaben aus der betrieblichen Praxis anwenden. In diesem Rahmen können folgende Qualifikationsinhalte geprüft werden: <DL Font="normal" Type="arabic"><DT>1.</DT><DD Font="normal"><LA Size="normal">Berücksichtigen der Auswirkungen naturwissenschaftlicher und technischer Gesetzmäßigkeiten auf Materialien, Maschinen und Prozesse sowie auf Mensch und Umwelt, zum Beispiel bei Oxydations- und Reduktionsvorgängen, thermischen Einflüssen, galvanischen Prozessen, mechanischen Bewegungsvorgängen, elektrotechnischen, hydraulischen und pneumatischen Antriebs- und Steuerungsvorgängen;</LA></DD><DT>2.</DT><DD Font="normal"><LA Size="normal">Verwenden unterschiedlicher Energieformen im Betrieb sowie Beachten der damit zusammenhängenden Auswirkungen auf Mensch und Umwelt;</LA></DD><DT>3.</DT><DD Font="normal"><LA Size="normal">Berechnen betriebs- und fertigungstechnischer Größen bei Belastungen und Bewegungen;</LA></DD><DT>4.</DT><DD Font="normal"><LA Size="normal">Anwenden von statistischen Verfahren und Durchführen von einfachen statistischen Berechnungen sowie ihre graphische Darstellung.</LA></DD></DL></P><P>(7) Die Bearbeitungsdauer für die schriftlichen Aufgaben in den in Absatz 1 Nr. 1 bis 5 genannten Prüfungsbereichen soll insgesamt höchstens acht Stunden betragen, pro Prüfungsbereich nach Absatz 1 Nr. 1 bis 4 mindestens 90 Minuten, im Prüfungsbereich nach Absatz 1 Nr. 5 mindestens 60 Minuten.</P><P>(8) Hat die zu prüfende Person in nicht mehr als zwei der in Absatz 1 Nr. 1 bis 5 genannten Prüfungsbereichen mangelhafte Leistungen erbracht, ist ihr darin eine mündliche Ergänzungsprüfung anzubieten. Bei einer oder mehreren ungenügenden schriftlichen Prüfungsleistungen besteht diese Möglichkeit nicht. Die Ergänzungsprüfung soll anwendungsbezogen durchgeführt werden und für jeden Prüfungsbereich und für die zu prüfende Person nicht länger als 20 Minuten dauern. Die Bewertung der schriftlichen Prüfungsleistung und die der mündlichen Ergänzungsprüfung werden zu einer Note zusammengefasst. Dabei wird die Bewertung der schriftlichen Prüfungsleistung doppelt gewichtet.</P></Content></text><fussnoten><Content><P>(+++ Zur Anwendung vgl. §§ 1 u. 3 FortbVenÄndV6AnwV +++)</P></Content></fussnoten></textdaten></norm>
<norm builddate="20200305213034" doknr="BJNR292300997BJNE000902128"><metadaten><jurabk>IndMetMeistV 1997</jurabk><enbez>§ 5</enbez><titel format="XML">Handlungsspezifische Qualifikationen</titel></metadaten><textdaten><text format="XML"><Content><P>(1) Der Prüfungsteil &quot;Handlungsspezifische Qualifikationen&quot; umfaßt die Handlungsbereiche &quot;Technik&quot;, &quot;Organisation&quot; sowie &quot;Führung und Personal&quot;, die den betrieblichen Funktionsfeldern Betriebserhaltung, Fertigung und Montage zuzuordnen sind. Die Handlungsbereiche werden durch die in Absatz 2 Nr. 1 bis 3 genannten Qualifikationsschwerpunkte beschrieben. Es werden drei funktionsfeldbezogene und die Handlungsbereiche integrierende Situationsaufgaben nach den Absätzen 3 bis 5 unter Berücksichtigung der fachrichtungsübergreifenden Basisqualifikationen gestellt. Zwei der Situationsaufgaben sind schriftlich zu lösen, eine Situationsaufgabe ist Gegenstand des situationsbezogenen Fachgespräches nach Absatz 6. Die Situationsaufgaben sind so zu gestalten, daß alle Qualifikationsschwerpunkte der Handlungsbereiche mindestens einmal thematisiert werden. Die Prüfungsdauer der schriftlichen Situationsaufgaben beträgt jeweils mindestens vier Stunden, insgesamt jedoch nicht mehr als zehn Stunden.</P><P>(2) Die Handlungsbereiche enthalten folgende Qualifikationsschwerpunkte: <DL Font="normal" Type="arabic"><DT>1.</DT><DD Font="normal"><LA Size="normal">Handlungsbereich &quot;Technik&quot;:<DL Font="normal" Type="arabic"><DT>a)</DT><DD Font="normal"><LA Size="normal">Betriebstechnik,</LA></DD><DT>b)</DT><DD Font="normal"><LA Size="normal">Fertigungstechnik,</LA></DD><DT>c)</DT><DD Font="normal"><LA Size="normal">Montagetechnik;</LA></DD></DL></LA></DD><DT>2.</DT><DD Font="normal"><LA Size="normal">Handlungsbereich &quot;Organisation&quot;:<DL Font="normal" Type="arabic"><DT>a)</DT><DD Font="normal"><LA Size="normal">Betriebliches Kostenwesen,</LA></DD><DT>b)</DT><DD Font="normal"><LA Size="normal">Planungs-, Steuerungs- und Kommunikationssysteme,</LA></DD><DT>c)</DT><DD Font="normal"><LA Size="normal">Arbeits-, Umwelt- und Gesundheitsschutz;</LA></DD></DL></LA></DD><DT>3.</DT><DD Font="normal"><LA Size="normal">Handlungsbereich &quot;Führung und Personal&quot;:<DL Font="normal" Type="arabic"><DT>a)</DT><DD Font="normal"><LA Size="normal">Personalführung,</LA></DD><DT>b)</DT><DD Font="normal"><LA Size="normal">Personalentwicklung,</LA></DD><DT>c)</DT><DD Font="normal"><LA Size="normal">Qualitätsmanagement.</LA></DD></DL></LA></DD></DL></P><P>(3) In der Situationsaufgabe aus dem Handlungsbereich &quot;Technik&quot; soll einer seiner Schwerpunkte den Kern bilden. Die Qualifikationsinhalte für diese Situationsaufgabe sind etwa zur Hälfte aus diesem Schwerpunkt zu entnehmen. Die Situationsaufgabe soll darüber hinaus Qualifikationsinhalte aus den Schwerpunkten der Handlungsbereiche &quot;Organisation&quot; sowie &quot;Führung und Personal&quot; integrativ mitberücksichtigen. Diese integrativen Qualifikationsinhalte sind in annähernd gleichem Umfang den Absätzen 4 und 5 zu entnehmen; sie sollen sich aus Qualifikationsinhalten von mindestens drei Schwerpunkten zusammensetzen und insgesamt etwa die andere Hälfte aller Qualifikationsinhalte dieser Situationsaufgabe ausmachen. Im einzelnen kann die Situationsaufgabe folgende Qualifikationsinhalte aus dem Handlungsbereich &quot;Technik&quot; mit den Schwerpunkten gemäß den Nummern 1 bis 3 umfassen: <DL Font="normal" Type="arabic"><DT>1.</DT><DD Font="normal"><LA Size="normal">Im Qualifikationsschwerpunkt &quot;Betriebstechnik&quot; soll die zu prüfende Person nachweisen, daß sie in der Lage ist, die technischen Anlagen und Einrichtungen funktionsgerecht einzusetzen und ihre Instandhaltung zu planen, zu organisieren und zu überwachen sowie die Energieversorgung im Betrieb sicherzustellen. Sie soll in der Lage sein, Aufträge zur Installation von Maschinen, Produktionsanlagen, Anlagen der Ver- und Entsorgung sowie von Systemen des Transports und der Lagerung umzusetzen. In diesem Rahmen können folgende Qualifikationsinhalte in den Situationsaufgaben geprüft werden:<DL Font="normal" Type="arabic"><DT>a)</DT><DD Font="normal"><LA Size="normal">Auswahl, Festlegung und Funktionserhalt von Kraft- und Arbeitsmaschinen und der dazugehörenden Aggregate sowie Hebe-, Transport- und Fördermittel,</LA></DD><DT>b)</DT><DD Font="normal"><LA Size="normal">Planen und Einleiten von Instandhaltungsmaßnahmen sowie Überwachen und Gewährleisten der Instandhaltungsqualität und der Termine,</LA></DD><DT>c)</DT><DD Font="normal"><LA Size="normal">Erfassen und Bewerten von Schwachstellen, Schäden und Funktionsstörungen sowie Abschätzen und Begründen von Auswirkungen geplanter Eingriffe,</LA></DD><DT>d)</DT><DD Font="normal"><LA Size="normal">Aufrechterhalten der Energieversorgung im Betrieb,</LA></DD><DT>e)</DT><DD Font="normal"><LA Size="normal">Aufstellen und Inbetriebnehmen von Anlagen und Einrichtungen, insbesondere unter Beachtung sicherheitstechnischer und anlagenspezifischer Vorschriften,</LA></DD><DT>f)</DT><DD Font="normal"><LA Size="normal">Funktionserhalt und Überwachung der Steuer- und Regeleinrichtungen sowie der Diagnosesysteme von Maschinen und Anlagen,</LA></DD><DT>g)</DT><DD Font="normal"><LA Size="normal">Veranlassen von Maßnahmen zur Lagerung von Werk- und Hilfsstoffen sowie von Produkten.</LA></DD></DL></LA></DD><DT>2.</DT><DD Font="normal"><LA Size="normal">Im Qualifikationsschwerpunkt &quot;Fertigungstechnik&quot; soll die zu prüfende Person nachweisen, daß sie in der Lage ist, Fertigungsprozesse zur Herstellung und Veränderung von Produkten zu planen, zu organisieren und zu überwachen. Sie soll in der Lage sein, fertigungstechnische Einzelheiten und Zusammenhänge sowie Optimierungsmöglichkeiten des Fertigungsprozesses zu erkennen und zweckentsprechende Maßnahmen einzuleiten. Beim Einsatz neuer Maschinen, Anlagen und Werkzeuge sowie bei der Be- und Verarbeitung neuer Werkstoffe und Fertigungshilfsstoffe soll sie die Auswirkungen auf den Fertigungsprozeß erkennen und berücksichtigen können. In diesem Rahmen können folgende Qualifikationsinhalte in den Situationsaufgaben geprüft werden:<DL Font="normal" Type="arabic"><DT>a)</DT><DD Font="normal"><LA Size="normal">Planen und Analysieren von Fertigungsaufträgen und Festlegen der anzuwendenden Verfahren, Betriebsmittel und Hilfsstoffe einschließlich der Ermittlung der erforderlichen technischen Daten,</LA></DD><DT>b)</DT><DD Font="normal"><LA Size="normal">Einleiten, Steuern, Überwachen und Optimieren des Fertigungsprozesses,</LA></DD><DT>c)</DT><DD Font="normal"><LA Size="normal">Umsetzen der Instandhaltungsvorgaben und Einhalten qualitativer und quantitativer Anforderungen,</LA></DD><DT>d)</DT><DD Font="normal"><LA Size="normal">Beurteilen von Auswirkungen auf den Fertigungsprozeß beim Einsatz neuer Werkstoffe, Verfahren und Betriebsmittel,</LA></DD><DT>e)</DT><DD Font="normal"><LA Size="normal">Anwenden der numerischen Steuerungstechnik beim Einsatz von Werkzeugmaschinen, bei der Programmierung und Organisation des Fertigungsprozesses unter Nutzung von Informationen aus rechnergestützten Systemen,</LA></DD><DT>f)</DT><DD Font="normal"><LA Size="normal">Einsatz und Überwachung von Automatisierungssystemen einschließlich der Handhabungs-, Förder- und Speichersysteme,</LA></DD><DT>g)</DT><DD Font="normal"><LA Size="normal">Aufstellen und Inbetriebnehmen von Maschinen und Fertigungssystemen,</LA></DD><DT>h)</DT><DD Font="normal"><LA Size="normal">Umsetzen der Informationen aus verknüpften, rechnergestützten Systemen der Konstruktion, Fertigung und Qualitätssicherung.</LA></DD></DL></LA></DD><DT>3.</DT><DD Font="normal"><LA Size="normal">Im Qualifikationsschwerpunkt &quot;Montagetechnik&quot; soll die zu prüfende Person nachweisen, daß sie in der Lage ist, Aufträge zur Montage von Maschinen und Anlagen zu planen, zu organisieren und ihre Durchführung zu überwachen. Sie soll in der Lage sein, Teilvorgänge und Zusammenhänge, die den Montageablauf bestimmen sowie Optimierungsmöglichkeiten des Montageprozesses zu erkennen und entsprechende Maßnahmen zur Umsetzung einzuleiten. Sie soll Montageprinzipien nach vorgegebenen Kriterien auswählen, den Eigen- und Fremdteileanteil mitberücksichtigen und die Auswirkungen auf den Montageprozeß erkennen können. In diesem Rahmen können folgende Qualifikationsinhalte in den Situationsaufgaben geprüft werden:<DL Font="normal" Type="arabic"><DT>a)</DT><DD Font="normal"><LA Size="normal">Planen und Analysieren von Montageaufträgen nach konstruktiven Vorgaben, Disponieren der Eigen- und Fremdteile und der terminlichen Vorgaben sowie Festlegen von Montageplatz, der Betriebs-, Montage- und Prüfmittel, der Montageprinzipien und Veranlassen des Montageprozesses,</LA></DD><DT>b)</DT><DD Font="normal"><LA Size="normal">Planen und Beurteilen des Einsatzes von automatisierten Montagesystemen einschließlich der Anwendung von Handhabungsautomaten,</LA></DD><DT>c)</DT><DD Font="normal"><LA Size="normal">Überprüfen der Funktion von Baugruppen und Bauteilen nach der Methode der Fehler-Möglichkeit-Einfluß-Analyse,</LA></DD><DT>d)</DT><DD Font="normal"><LA Size="normal">Inbetriebnehmen und Abnehmen von montierten Maschinen und Anlagen nach den geltenden technischen Richtlinien.</LA></DD></DL></LA></DD></DL></P><P>(4) In der Situationsaufgabe aus dem Handlungsbereich &quot;Organisation&quot; sollen mindestens zwei seiner Schwerpunkte den Kern bilden. Die Qualifikationsinhalte für diese Situationsaufgabe sind insgesamt etwa zur Hälfte diesen Schwerpunkten zu entnehmen. Die Situationsaufgabe soll darüber hinaus Qualifikationsinhalte aus den Schwerpunkten der Handlungsbereiche &quot;Technik&quot; sowie &quot;Führung und Personal&quot; integrativ mitberücksichtigen. Diese integrativen Qualifikationsinhalte sind in annähernd gleichem Umfang den Absätzen 3 und 5 zu entnehmen; sie sollen sich aus Qualifikationsinhalten von mindestens drei Schwerpunkten zusammensetzen und insgesamt etwa die andere Hälfte aller Qualifikationsinhalte dieser Situationsaufgabe ausmachen. Im einzelnen kann die Situationsaufgabe folgende Qualifikationsinhalte aus dem Handlungsbereich &quot;Organisation&quot; mit den Schwerpunkten gemäß den Nummern 1 bis 3 umfassen: <DL Font="normal" Type="arabic"><DT>1.</DT><DD Font="normal"><LA Size="normal">Im Qualifikationsschwerpunkt &quot;Betriebliches Kostenwesen&quot; soll die zu prüfende Person nachweisen, daß sie in der Lage ist, betriebswirtschaftliche Zusammenhänge und kostenrelevante Einflußfaktoren zu erfassen und zu beurteilen. Sie soll in der Lage sein, Möglichkeiten der Kostenbeeinflussung aufzuzeigen und Maßnahmen zum kostenbewußten Handeln zu planen, zu organisieren, einzuleiten und zu überwachen. Sie soll nachweisen, daß sie Kalkulationsverfahren und Methoden der Zeitwirtschaft anwenden und organisatorische sowie personelle Maßnahmen auch in ihrer Bedeutung als Kostenfaktoren beurteilen und berücksichtigen kann. In diesem Rahmen können folgende Qualifikationsinhalte in den Situationsaufgaben geprüft werden:<DL Font="normal" Type="arabic"><DT>a)</DT><DD Font="normal"><LA Size="normal">Planen, Erfassen, Analysieren und Bewerten der funktionsfeldbezogenen Kosten nach vorgegebenen Plandaten,</LA></DD><DT>b)</DT><DD Font="normal"><LA Size="normal">Überwachen und Einhalten des zugeteilten Budgets,</LA></DD><DT>c)</DT><DD Font="normal"><LA Size="normal">Beeinflussen der Kosten, insbesondere unter Berücksichtigung alternativer Fertigungskonzepte und bedarfsgerechter Lagerwirtschaft,</LA></DD><DT>d)</DT><DD Font="normal"><LA Size="normal">Beeinflussen des Kostenbewußtseins der Mitarbeiter bei unterschiedlichen Formen der Arbeitsorganisation,</LA></DD><DT>e)</DT><DD Font="normal"><LA Size="normal">Erstellen und Auswerten der Betriebsabrechnung durch die Kostenarten-, Kostenstellen- und Kostenträgerzeitrechnung,</LA></DD><DT>f)</DT><DD Font="normal"><LA Size="normal">Anwenden der Kalkulationsverfahren in der Kostenträgerstückrechnung einschließlich der Deckungsbeitragsrechnung,</LA></DD><DT>g)</DT><DD Font="normal"><LA Size="normal">Anwenden von Methoden der Zeitwirtschaft.</LA></DD></DL></LA></DD><DT>2.</DT><DD Font="normal"><LA Size="normal">Im Qualifikationsschwerpunkt &quot;Planungs-, Steuerungs- und Kommunikationssysteme&quot; soll die zu prüfende Person nachweisen, daß sie in der Lage ist, die Bedeutung von Planungs-, Steuerungs- und Kommunikationssystemen zu erkennen und sie anforderungsgerecht auszuwählen. Sie soll nachweisen, daß sie entsprechende Systeme zur Überwachung von Planungszielen und Prozessen anwenden kann. In diesem Rahmen können folgende Qualifikationsinhalte in den Situationsaufgaben geprüft werden:<DL Font="normal" Type="arabic"><DT>a)</DT><DD Font="normal"><LA Size="normal">Optimieren von Aufbau- und Ablaufstrukturen und Aktualisieren der Stammdaten für diese Systeme,</LA></DD><DT>b)</DT><DD Font="normal"><LA Size="normal">Erstellen, Anpassen und Umsetzen von Produktions-, Mengen-, Termin- und Kapazitätsplanungen,</LA></DD><DT>c)</DT><DD Font="normal"><LA Size="normal">Anwenden der Systeme für die Arbeitsablaufplanung, Materialflußgestaltung, Produktionsprogrammplanung und Auftragsdisposition einschließlich der dazugehörenden Zeit- und Datenermittlung,</LA></DD><DT>d)</DT><DD Font="normal"><LA Size="normal">Anwenden von Informations- und Kommunikationssystemen,</LA></DD><DT>e)</DT><DD Font="normal"><LA Size="normal">Anwenden von Logistiksystemen, insbesondere im Rahmen der Produkt- und Materialdisposition.</LA></DD></DL></LA></DD><DT>3.</DT><DD Font="normal"><LA Size="normal">Im Qualifikationsschwerpunkt &quot;Arbeits-, Umwelt- und Gesundheitsschutz&quot; soll die zu prüfende Person nachweisen, daß sie in der Lage ist, einschlägige Gesetze, Vorschriften und Bestimmungen in ihrer Bedeutung zu erkennen und ihre Einhaltung sicherzustellen. Sie soll in der Lage sein, Gefahren vorzubeugen, Störungen zu erkennen und zu analysieren sowie Maßnahmen zu ihrer Vermeidung oder Beseitigung einzuleiten. Sie soll sicherstellen, daß sich die Mitarbeiter arbeits-, umwelt- und gesundheitsschutzbewußt verhalten und entsprechend handeln. In diesem Rahmen können folgende Qualifikationsinhalte in den Situationsaufgaben geprüft werden:<DL Font="normal" Type="arabic"><DT>a)</DT><DD Font="normal"><LA Size="normal">Überprüfen und Gewährleisten der Arbeitssicherheit, des Arbeits-, Gesundheits- und Umweltschutzes im Betrieb,</LA></DD><DT>b)</DT><DD Font="normal"><LA Size="normal">Fördern des Mitarbeiterbewußtseins bezüglich der Arbeitssicherheit und des betrieblichen Arbeits-, Umwelt- und Gesundheitsschutzes,</LA></DD><DT>c)</DT><DD Font="normal"><LA Size="normal">Planen und Durchführen von Unterweisungen in der Arbeitssicherheit, des Arbeits-, Umwelt- und Gesundheitsschutzes,</LA></DD><DT>d)</DT><DD Font="normal"><LA Size="normal">Überwachen der Lagerung von und des Umgangs mit umweltbelastenden und gesundheitsgefährdenden Betriebsmitteln, Einrichtungen, Werk- und Hilfsstoffen,</LA></DD><DT>e)</DT><DD Font="normal"><LA Size="normal">Planen, Vorschlagen, Einleiten und Überprüfen von Maßnahmen zur Verbesserung der Arbeitssicherheit sowie zur Reduzierung und Vermeidung von Unfällen und von Umwelt- und Gesundheitsbelastungen.</LA></DD></DL></LA></DD></DL></P><P>(5) In der Situationsaufgabe aus dem Handlungsbereich &quot;Führung und Personal&quot; sollen mindestens zwei seiner Schwerpunkte den Kern bilden. Die Qualifikationsinhalte für diese Situationsaufgabe sind insgesamt etwa zur Hälfte diesen Schwerpunkten zu entnehmen. Die Situationsaufgabe soll darüber hinaus Qualifikationsinhalte aus den Schwerpunkten der Handlungsbereiche &quot;Technik&quot; und &quot;Organisation&quot; integrativ mitberücksichtigen. Diese integrativen Qualifikationsinhalte sind in annähernd gleichem Umfang den Absätzen 3 und 4 zu entnehmen; sie sollen sich aus Qualifikationsinhalten von mindestens drei Schwerpunkten zusammensetzen und insgesamt etwa die Hälfte aller Qualifikationsinhalte dieser Situationsaufgabe ausmachen. Im einzelnen kann die Situationsaufgabe folgende Qualifikationsinhalte aus dem Handlungsbereich &quot;Führung und Personal&quot; mit den Schwerpunkten gemäß den Nummern 1 bis 3 umfassen: <DL Font="normal" Type="arabic"><DT>1.</DT><DD Font="normal"><LA Size="normal">Im Qualifikationsschwerpunkt &quot;Personalführung&quot; soll die zu prüfende Person nachweisen, daß sie in der Lage ist, den Personalbedarf zu ermitteln und den Personaleinsatz entsprechend den Anforderungen sicherzustellen. Sie soll in der Lage sein, die Mitarbeiter nach zielgerichteten Erfordernissen durch die Anwendung geeigneter Methoden zu verantwortlichem Handeln hinzuführen. In diesem Rahmen können folgende Qualifikationsinhalte in den Situationsaufgaben geprüft werden:<DL Font="normal" Type="arabic"><DT>a)</DT><DD Font="normal"><LA Size="normal">Ermitteln und Bestimmen des qualitativen und quantitativen Personalbedarfs unter Berücksichtigung technischer und organisatorischer Veränderungen,</LA></DD><DT>b)</DT><DD Font="normal"><LA Size="normal">Auswahl und Einsatz der Mitarbeiter unter Berücksichtigung ihrer persönlichen Daten, ihrer Eignung und Interessen sowie der betrieblichen Anforderungen,</LA></DD><DT>c)</DT><DD Font="normal"><LA Size="normal">Erstellen von Anforderungsprofilen, Stellenplanungen und -beschreibungen sowie von Funktionsbeschreibungen,</LA></DD><DT>d)</DT><DD Font="normal"><LA Size="normal">Delegieren von Aufgaben und der damit verbundenen Verantwortung,</LA></DD><DT>e)</DT><DD Font="normal"><LA Size="normal">Fördern der Kommunikations- und Kooperationsbereitschaft,</LA></DD><DT>f)</DT><DD Font="normal"><LA Size="normal">Anwenden von Führungsmethoden und -mitteln zur Bewältigung betrieblicher Aufgaben und zum Lösen von Problemen und Konflikten,</LA></DD><DT>g)</DT><DD Font="normal"><LA Size="normal">Beteiligen der Mitarbeiter am kontinuierlichen Verbesserungsprozeß,</LA></DD><DT>h)</DT><DD Font="normal"><LA Size="normal">Einrichten, Moderieren und Steuern von Arbeits- und Projektgruppen.</LA></DD></DL></LA></DD><DT>2.</DT><DD Font="normal"><LA Size="normal">Im Qualifikationsschwerpunkt &quot;Personalentwicklung&quot; soll die zu prüfende Person nachweisen, daß sie in der Lage ist, auf der Grundlage einer qualitativen und quantitativen Personalplanung eine systematische Personalentwicklung durchzuführen. Sie soll Personalentwicklungspotentiale einschätzen und Personalentwicklungs- und Qualifizierungsziele festlegen können. Sie soll entsprechende Maßnahmen planen, realisieren, ihre Ergebnisse überprüfen und die Umsetzung im Betrieb fördern können. In diesem Rahmen können folgende Qualifikationsinhalte in den Situationsaufgaben geprüft werden:<DL Font="normal" Type="arabic"><DT>a)</DT><DD Font="normal"><LA Size="normal">Ermitteln des quantitativen und qualitativen Personalentwicklungsbedarfs unter Berücksichtigung der gegenwärtigen und zukünftigen Anforderungen,</LA></DD><DT>b)</DT><DD Font="normal"><LA Size="normal">Festlegen der Ziele für eine kontinuierliche und innovationsorientierte Personalentwicklung sowie der Kategorien für den Qualifizierungserfolg,</LA></DD><DT>c)</DT><DD Font="normal"><LA Size="normal">Durchführung von Potentialeinschätzungen nach vorgegebenen Kriterien und unter Anwendung entsprechender Instrumente und Methoden,</LA></DD><DT>d)</DT><DD Font="normal"><LA Size="normal">Planen, Durchführen und Veranlassen von Maßnahmen der Personalentwicklung zur Qualifizierung und zielgerichteten Motivierung unter Berücksichtigung des betrieblichen Bedarfs und der Mitarbeiterinteressen,</LA></DD><DT>e)</DT><DD Font="normal"><LA Size="normal">Überprüfen der Ergebnisse aus Maßnahmen der Personalentwicklung zur Qualifizierung sowie Fördern ihrer betrieblichen Umsetzungsmaßnahmen,</LA></DD><DT>f)</DT><DD Font="normal"><LA Size="normal">Beraten, Fördern und Unterstützen von Mitarbeitern hinsichtlich ihrer beruflichen Entwicklung.</LA></DD></DL></LA></DD><DT>3.</DT><DD Font="normal"><LA Size="normal">Im Qualifikationsschwerpunkt &quot;Qualitätsmanagement&quot; soll die zu prüfende Person nachweisen, daß sie in der Lage ist, die Qualitätsziele durch Anwendung entsprechender Methoden und Beeinflussung des Qualitätsbewußtseins der Mitarbeiter zu sichern. Sie soll bei der Realisierung eines Qualitätsmanagementsystems mitwirken und zu dessen Verbesserung und Weiterentwicklung beitragen können. In diesem Rahmen können folgende Qualifikationsinhalte in den Situationsaufgaben geprüft werden:<DL Font="normal" Type="arabic"><DT>a)</DT><DD Font="normal"><LA Size="normal">Berücksichtigen des Einflusses des Qualitätsmanagementsystems auf das Unternehmen und die Funktionsfelder,</LA></DD><DT>b)</DT><DD Font="normal"><LA Size="normal">Fördern des Qualitätsbewußtseins der Mitarbeiter,</LA></DD><DT>c)</DT><DD Font="normal"><LA Size="normal">Anwenden von Methoden zur Sicherung und Verbesserung der Qualität, insbesondere der Produktqualität und Kundenzufriedenheit,</LA></DD><DT>d)</DT><DD Font="normal"><LA Size="normal">kontinuierliches Umsetzen der Qualitätsmanagementziele durch Planen, Sichern und Lenken von qualitätswirksamen Maßnahmen.</LA></DD></DL></LA></DD></DL></P><P>(6) Im situationsbezogenen Fachgespräch soll die zu prüfende Person nachweisen, daß sie in der Lage ist, betriebliche Aufgabenstellungen zu analysieren, zu strukturieren und einer begründeten Lösung zuzuführen. Sie soll nachweisen, daß sie seinen Lösungsvorschlag möglichst unter Einbeziehung von Präsentationstechniken erläutern und erörtern kann. Das Fachgespräch hat die gleiche Struktur wie eine schriftliche Situationsaufgabe. Es ist dabei der Handlungsbereich in den Mittelpunkt zu stellen, der nicht Kern einer schriftlichen Situationsaufgabe ist, es integriert insbesondere die Qualifikationsschwerpunkte, die nicht schriftlich geprüft werden. Das Fachgespräch soll für die zu prüfenden Person mindestens 45 Minuten und höchstens 60 Minuten dauern.</P><P>(7) Hat die zu prüfende Person in nicht mehr als einer schriftlichen Situationsaufgabe gemäß Absatz 1 mangelhafte Leistungen erbracht, ist ihr darin eine mündliche Ergänzungsprüfung anzubieten. Bei einer ungenügenden schriftlichen Prüfungsleistung besteht diese Möglichkeit nicht. Die Ergänzungsprüfung soll handlungsspezifisch und integriert durchgeführt werden und nicht länger als 20 Minuten dauern. Die Bewertung der schriftlichen Prüfungsleistung und die der mündlichen Ergänzungsprüfung werden zu einer Note zusammengefasst. Dabei wird die Bewertung der schriftlichen Prüfungsleistung doppelt gewichtet.</P></Content></text><fussnoten><Content><P>(+++ Zur Anwendung vgl. §§ 1 u. 3 FortbVenÄndV6AnwV +++)</P></Content></fussnoten></textdaten></norm>
<norm builddate="20200305213034" doknr="BJNR292300997BJNE001002128"><metadaten><jurabk>IndMetMeistV 1997</jurabk><enbez>§ 6</enbez><titel format="XML">Befreiung von einzelnen Prüfungsbestandteilen</titel></metadaten><textdaten><text format="XML"><Content><P>Wird die zu prüfende Person nach § 56 Absatz 2 des Berufsbildungsgesetzes von der Ablegung einzelner Prüfungsbestandteile befreit, bleiben diese Prüfungsbestandteile für die Anwendung der §§ 7 und 8 außer Betracht. Für die übrigen Prüfungsbestandteile erhöhen sich die Anteile nach § 7 Absatz 2 Satz 2 oder Absatz 3 Satz 4 oder § 8 Absatz 4 Satz 2 entsprechend ihrem Verhältnis zueinander. Allein diese Prüfungsbestandteile sind den Entscheidungen des Prüfungsausschusses zugrunde zu legen.</P></Content></text><fussnoten><Content><P>(+++ Zur Anwendung vgl. §§ 1 u. 3 FortbVenÄndV6AnwV +++)</P></Content></fussnoten></textdaten></norm>
<norm builddate="20200305213034" doknr="BJNR292300997BJNE001103128"><metadaten><jurabk>IndMetMeistV 1997</jurabk><enbez>§ 7</enbez><titel format="XML">Bewerten der Prüfungsleistungen</titel></metadaten><textdaten><text format="XML"><Content><P>(1) Jede Prüfungsleistung ist nach Maßgabe der Anlage 1 mit Punkten zu bewerten.</P><P>(2) Im Prüfungsteil „Fachrichtungsübergreifende Basisqualifikationen“ sind die Prüfungsleistungen für jeden Prüfungsbereich einzeln zu bewerten. Aus den einzelnen Bewertungen ist als Bewertung für den Prüfungsteil das arithmetische Mittel zu berechnen.</P><P>(3) Im Prüfungsteil „Handlungsspezifische Qualifikationen“ sind als Prüfungsleistungen zu bewerten: <DL Type="arabic"><DT>1.</DT><DD Font="normal"><LA>die Situationsaufgabe nach § 5 Absatz 3,</LA></DD><DT>2.</DT><DD Font="normal"><LA>die Situationsaufgabe nach § 5 Absatz 4 und</LA></DD><DT>3.</DT><DD Font="normal"><LA>die Situationsaufgabe nach § 5 Absatz 5.</LA></DD></DL>Bei der Bewertung der Prüfungsleistungen in den schriftlichen Situationsaufgaben und in der Situationsaufgabe in Form eines situationsbezogenen Fachgesprächs sind der Kern und die integrierten Qualifikationsinhalte je zur Hälfte in die Leistungsbewertung einzubeziehen. Dabei sind die integrierten Qualifikationsinhalte je Handlungsbereich gleichgewichtig zu bewerten. Aus den einzelnen Bewertungen ist als Bewertung für den Prüfungsteil das arithmetische Mittel zu berechnen.</P></Content></text><fussnoten><Content><P>(+++ Zur Anwendung vgl. §§ 1 u. 3 FortbVenÄndV6AnwV +++)</P></Content></fussnoten></textdaten></norm>
<norm builddate="20200305213034" doknr="BJNR292300997BJNE001700128"><metadaten><jurabk>IndMetMeistV 1997</jurabk><enbez>§ 8</enbez><titel format="XML">Bestehen der Prüfung, Gesamtnote</titel></metadaten><textdaten><text format="XML"><Content><P>(1) Die Prüfung ist bestanden, wenn ohne Rundung in den folgenden Prüfungsleistungen jeweils mindestens 50 Punkte erreicht worden sind: <DL Type="arabic"><DT>1.</DT><DD Font="normal"><LA>in jedem Prüfungsbereich des Prüfungsteils „Fachrichtungsübergreifende Basisqualifikationen“,</LA></DD><DT>2.</DT><DD Font="normal"><LA>im Prüfungsteil „Handlungsspezifische Qualifikationen“ <DL Type="alpha"><DT>a)</DT><DD Font="normal"><LA>in der Situationsaufgabe nach § 5 Absatz 3,</LA></DD><DT>b)</DT><DD Font="normal"><LA>in der Situationsaufgabe nach § 5 Absatz 4 und</LA></DD><DT>c)</DT><DD Font="normal"><LA>in der Situationsaufgabe nach § 5 Absatz 5.</LA></DD></DL></LA></DD></DL>Die bestandene Prüfung im Prüfungsteil „Fachrichtungsübergreifende Basisqualifikationen“ darf dabei nicht länger als fünf Jahre zurückliegen.</P><P>(2) Ist die Prüfung bestanden, sind die folgenden Bewertungen jeweils kaufmännisch auf eine ganze Zahl zu runden: <DL Type="arabic"><DT>1.</DT><DD Font="normal"><LA>die Bewertung für den Prüfungsteil „Fachrichtungsübergreifende Basisqualifikationen“,</LA></DD><DT>2.</DT><DD Font="normal"><LA>die Bewertung für den Prüfungsteil „Handlungsspezifische Qualifikationen“,</LA></DD><DT>3.</DT><DD Font="normal"><LA>die Bewertung der Situationsaufgabe, in der eine mündliche Ergänzungsprüfung durchgeführt wurde.</LA></DD></DL></P><P>(3) Den Bewertungen für den Prüfungsteil „Fachrichtungsübergreifende Basisqualifikationen“ sowie den Bewertungen für die drei Situationsaufgaben ist nach der Anlage 1 die jeweilige Note als Dezimalzahl zuzuordnen.</P><P>(4) Für die Bildung einer Gesamtnote ist als Gesamtpunktzahl das gewichtete arithmetische Mittel zu berechnen. Dabei sind die Bewertungen wie folgt zu gewichten: <DL Type="arabic"><DT>1.</DT><DD Font="normal"><LA>die Bewertung für den Prüfungsteil „Fachrichtungsübergreifende Basisqualifikationen“ mit 25 Prozent,</LA></DD><DT>2.</DT><DD Font="normal"><LA>die Bewertung für den Prüfungsteil „Handlungsspezifische Qualifikationen“ mit 75 Prozent.</LA></DD></DL>Die Gesamtpunktzahl ist kaufmännisch auf eine ganze Zahl zu runden. Der gerundeten Gesamtpunktzahl ist nach Anlage 1 die Note als Dezimalzahl und die Note in Worten zuzuordnen. Die zugeordnete Note ist die Gesamtnote.</P></Content></text><fussnoten><Content><P>(+++ Zur Anwendung vgl. §§ 1 u. 3 FortbVenÄndV6AnwV +++)</P></Content></fussnoten></textdaten></norm>
<norm builddate="20200305213034" doknr="BJNR292300997BJNE001800128"><metadaten><jurabk>IndMetMeistV 1997</jurabk><enbez>§ 9</enbez><titel format="XML">Zeugnisse</titel></metadaten><textdaten><text format="XML"><Content><P>(1) Wer die Prüfung nach § 8 Absatz 1 bestanden hat, erhält von der zuständigen Stelle zwei Zeugnisse nach der Anlage 2 Teil A und B.</P><P>(2) Auf dem Zeugnis mit den Inhalten nach der Anlage 2 Teil B sind die Noten als Dezimalzahlen mit einer Nachkommastelle und die Gesamtnote als Dezimalzahl mit einer Nachkommastelle und in Worten anzugeben. Jede Befreiung nach § 6 ist mit Ort, Datum und Bezeichnung des Prüfungsgremiums der anderen vergleichbaren Prüfung anzugeben.</P><P>(3) Die Zeugnisse können zusätzliche nicht amtliche Bemerkungen zur Information (Bemerkungen) enthalten, insbesondere <DL Type="arabic"><DT>1.</DT><DD Font="normal"><LA>über den erworbenen Abschluss oder</LA></DD><DT>2.</DT><DD Font="normal"><LA>auf Antrag der geprüften Person über während oder anlässlich der Fortbildung erworbene besondere oder zusätzliche Fertigkeiten, Kenntnisse und Fähigkeiten.</LA></DD></DL></P></Content></text><fussnoten><Content><P>(+++ Zur Anwendung vgl. §§ 1 u. 3 FortbVenÄndV6AnwV +++)</P></Content></fussnoten></textdaten></norm>
<norm builddate="20200305213034" doknr="BJNR292300997BJNE001201128"><metadaten><jurabk>IndMetMeistV 1997</jurabk><enbez>§ 10</enbez><titel format="XML">Wiederholung der Prüfung</titel></metadaten><textdaten><text format="XML"><Content><P>(1) Jeder nicht bestandene Prüfungsteil kann zweimal wiederholt werden.</P><P>(2) In der Wiederholungsprüfung ist zu prüfende Person auf Antrag von der Prüfung in einzelnen Prüfungsbereichen, Situationsaufgaben und dem situationsbezogenen Fachgespräch zu befreien, wenn ihre Leistungen darin in einer vorangegangenen Prüfung ausgereicht haben und sie sich innerhalb von zwei Jahren, gerechnet vom Tage der Beendigung des nicht bestandenen Prüfungsteils an, zur Wiederholungsprüfung anmeldet.</P></Content></text><fussnoten><Content><P>(+++ Zur Anwendung vgl. §§ 1 u. 3 FortbVenÄndV6AnwV +++)</P></Content></fussnoten></textdaten></norm>
<norm builddate="20200305213034" doknr="BJNR292300997BJNE001303128"><metadaten><jurabk>IndMetMeistV 1997</jurabk><enbez>§ 11</enbez><titel format="XML">Übergangsvorschrift</titel></metadaten><textdaten><text format="XML"><Content><P>Die bis zum Ablauf des 31. August 2009 begonnenen Prüfungsverfahren können nach den bisherigen Vorschriften zu Ende geführt werden.</P></Content></text><fussnoten><Content><P>(+++ Zur Anwendung vgl. §§ 1 u. 3 FortbVenÄndV6AnwV +++)</P></Content></fussnoten></textdaten></norm>
<norm builddate="20200305213034" doknr="BJNR292300997BJNE001401128"><metadaten><jurabk>IndMetMeistV 1997</jurabk><enbez>§ 12</enbez><titel format="XML">Inkrafttreten/Außerkrafttreten</titel></metadaten><textdaten><text format="XML"><Content><P>Diese Verordnung tritt am Tage nach der Verkündung in Kraft. Gleichzeitig tritt die Verordnung über die Prüfung zum anerkannten Abschluß Geprüfter Industriemeister - Fachrichtung Metall vom 12. Dezember 1977 (BGBl. I S. 2546), geändert durch Artikel 1 der Verordnung vom 6. November 1984 (BGBl. I S. 1330), außer Kraft.</P></Content></text><fussnoten><Content><P>(+++ Zur Anwendung vgl. §§ 1 u. 3 FortbVenÄndV6AnwV +++)</P></Content></fussnoten></textdaten></norm>
<norm builddate="20200305213034" doknr="BJNR292300997BJNE001505128"><metadaten><jurabk>IndMetMeistV 1997</jurabk><enbez>Anlage 1</enbez><titel format="XML">(zu den §§ 7 und 8)<BR/>Bewertungsmaßstab und -schlüssel</titel></metadaten><textdaten><text format="XML"><Content><P><noindex><kommentar typ="Fundstelle">(Fundstelle: BGBl. I 2019, 2203 - 2204)</kommentar></noindex></P><BR/><BR/><table colsep="1" frame="all" pgwide="1" rowsep="1" tabstyle="Bewertung" tocentry="%yes;"><tgroup align="left" char="" charoff="50" cols="4"><colspec align="center" colname="col1" colnum="1" colwidth="26*"/><colspec align="center" colname="col2" colnum="2" colwidth="26*"/><colspec align="center" colname="col3" colnum="3" colwidth="33*"/><colspec align="justify" colname="col4" colnum="4" colwidth="74*"/><thead valign="bottom"><row><entry VJ="1" colname="col1" valign="middle">Punkte</entry><entry VJ="1" colname="col2" valign="middle">Note<BR/>als Dezimalzahl</entry><entry VJ="1" colname="col3" valign="middle">Note<BR/> in Worten</entry><entry VJ="1" align="center" colname="col4" valign="middle">Definition</entry></row></thead><tbody valign="top"><row><entry VJ="1" colname="col1" valign="middle">100</entry><entry VJ="1" colname="col2" valign="middle">1,0</entry><entry VJ="1" colname="col3" morerows="4" valign="middle">sehr gut</entry><entry VJ="1" colname="col4" morerows="4" valign="middle">eine Leistung, die den Anforderungen in besonderem Maß entspricht</entry></row><row><entry VJ="1" colname="col1" valign="middle">98 und 99</entry><entry VJ="1" colname="col2" valign="middle">1,1</entry></row><row><entry VJ="1" colname="col1" valign="middle">96 und 97</entry><entry VJ="1" colname="col2" valign="middle">1,2</entry></row><row><entry VJ="1" colname="col1" valign="middle">94 und 95</entry><entry VJ="1" colname="col2" valign="middle">1,3</entry></row><row><entry VJ="1" colname="col1" valign="middle">92 und 93</entry><entry VJ="1" colname="col2" valign="middle">1,4</entry></row><row><entry VJ="1" colname="col1" valign="middle">91</entry><entry VJ="1" colname="col2" valign="middle">1,5</entry><entry VJ="1" colname="col3" morerows="9" valign="middle">gut</entry><entry VJ="1" colname="col4" morerows="9" valign="middle">eine Leistung, die den Anforderungen voll entspricht</entry></row><row><entry VJ="1" colname="col1" valign="middle">90</entry><entry VJ="1" colname="col2" valign="middle">1,6</entry></row><row><entry VJ="1" colname="col1" valign="middle">89</entry><entry VJ="1" colname="col2" valign="middle">1,7</entry></row><row><entry VJ="1" colname="col1" valign="middle">88</entry><entry VJ="1" colname="col2" valign="middle">1,8</entry></row><row><entry VJ="1" colname="col1" valign="middle">87</entry><entry VJ="1" colname="col2" valign="middle">1,9</entry></row><row><entry VJ="1" colname="col1" valign="middle">85 und 86</entry><entry VJ="1" colname="col2" valign="middle">2,0</entry></row><row><entry VJ="1" colname="col1" valign="middle">84</entry><entry VJ="1" colname="col2" valign="middle">2,1</entry></row><row><entry VJ="1" colname="col1" valign="middle">83</entry><entry VJ="1" colname="col2" valign="middle">2,2</entry></row><row><entry VJ="1" colname="col1" valign="middle">82</entry><entry VJ="1" colname="col2" valign="middle">2,3</entry></row><row><entry VJ="1" colname="col1" valign="middle">81</entry><entry VJ="1" colname="col2" valign="middle">2,4</entry></row><row><entry VJ="1" colname="col1" valign="middle">79 und 80</entry><entry VJ="1" colname="col2" valign="middle">2,5</entry><entry VJ="1" colname="col3" morerows="9" valign="middle">befriedigend</entry><entry VJ="1" colname="col4" morerows="9" valign="middle">eine Leistung, die den Anforderungen im Allgemeinen entspricht</entry></row><row><entry VJ="1" colname="col1" valign="middle">78</entry><entry VJ="1" colname="col2" valign="middle">2,6</entry></row><row><entry VJ="1" colname="col1" valign="middle">77</entry><entry VJ="1" colname="col2" valign="middle">2,7</entry></row><row><entry VJ="1" colname="col1" valign="middle">75 und 76</entry><entry VJ="1" colname="col2" valign="middle">2,8</entry></row><row><entry VJ="1" colname="col1" valign="middle">74</entry><entry VJ="1" colname="col2" valign="middle">2,9</entry></row><row><entry VJ="1" colname="col1" valign="middle">72 und 73</entry><entry VJ="1" colname="col2" valign="middle">3,0</entry></row><row><entry VJ="1" colname="col1" valign="middle">71</entry><entry VJ="1" colname="col2" valign="middle">3,1</entry></row><row><entry VJ="1" colname="col1" valign="middle">70</entry><entry VJ="1" colname="col2" valign="middle">3,2</entry></row><row><entry VJ="1" colname="col1" valign="middle">68 und 69</entry><entry VJ="1" colname="col2" valign="middle">3,3</entry></row><row><entry VJ="1" colname="col1" valign="middle">67</entry><entry VJ="1" colname="col2" valign="middle">3,4</entry></row><row><entry VJ="1" colname="col1" valign="middle">65 und 66</entry><entry VJ="1" colname="col2" valign="middle">3,5</entry><entry VJ="1" colname="col3" morerows="9" valign="middle">ausreichend</entry><entry VJ="1" colname="col4" morerows="9" valign="middle">eine Leistung, die zwar Mängel aufweist, aber im Ganzen den Anforderungen noch entspricht</entry></row><row><entry VJ="1" colname="col1" valign="middle">63 und 64</entry><entry VJ="1" colname="col2" valign="middle">3,6</entry></row><row><entry VJ="1" colname="col1" valign="middle">62</entry><entry VJ="1" colname="col2" valign="middle">3,7</entry></row><row><entry VJ="1" colname="col1" valign="middle">60 und 61</entry><entry VJ="1" colname="col2" valign="middle">3,8</entry></row><row><entry VJ="1" colname="col1" valign="middle">58 und 59</entry><entry VJ="1" colname="col2" valign="middle">3,9</entry></row><row><entry VJ="1" colname="col1" valign="middle">56 und 57</entry><entry VJ="1" colname="col2" valign="middle">4,0</entry></row><row><entry VJ="1" colname="col1" valign="middle">55</entry><entry VJ="1" colname="col2" valign="middle">4,1</entry></row><row><entry VJ="1" colname="col1" valign="middle">53 und 54</entry><entry VJ="1" colname="col2" valign="middle">4,2</entry></row><row><entry VJ="1" colname="col1" valign="middle">51 und 52</entry><entry VJ="1" colname="col2" valign="middle">4,3</entry></row><row><entry VJ="1" colname="col1" valign="middle">50</entry><entry VJ="1" colname="col2" valign="middle">4,4</entry></row><row><entry VJ="1" colname="col1" valign="middle">48 und 49</entry><entry VJ="1" colname="col2" valign="middle">4,5</entry><entry VJ="1" colname="col3" morerows="9" valign="middle">mangelhaft</entry><entry VJ="1" colname="col4" morerows="9" valign="middle">eine Leistung, die den Anforderungen nicht entspricht, jedoch erkennen lässt, dass gewisse Grundkenntnisse noch vorhanden sind</entry></row><row><entry VJ="1" colname="col1" valign="middle">46 und 47</entry><entry VJ="1" colname="col2" valign="middle">4,6</entry></row><row><entry VJ="1" colname="col1" valign="middle">44 und 45</entry><entry VJ="1" colname="col2" valign="middle">4,7</entry></row><row><entry VJ="1" colname="col1" valign="middle">42 und 43</entry><entry VJ="1" colname="col2" valign="middle">4,8</entry></row><row><entry VJ="1" colname="col1" valign="middle">40 und 41</entry><entry VJ="1" colname="col2" valign="middle">4,9</entry></row><row><entry VJ="1" colname="col1" valign="middle">38 und 39</entry><entry VJ="1" colname="col2" valign="middle">5,0</entry></row><row><entry VJ="1" colname="col1" valign="middle">36 und 37</entry><entry VJ="1" colname="col2" valign="middle">5,1</entry></row><row><entry VJ="1" colname="col1" valign="middle">34 und 35</entry><entry VJ="1" colname="col2" valign="middle">5,2</entry></row><row><entry VJ="1" colname="col1" valign="middle">32 und 33</entry><entry VJ="1" colname="col2" valign="middle">5,3</entry></row><row><entry VJ="1" colname="col1" valign="middle">30 und 31</entry><entry VJ="1" colname="col2" valign="middle">5,4</entry></row><row><entry VJ="1" colname="col1" valign="middle">25 bis 29</entry><entry VJ="1" colname="col2" valign="middle">5,5</entry><entry VJ="1" colname="col3" morerows="5" valign="middle">ungenügend</entry><entry VJ="1" colname="col4" morerows="5" valign="middle">eine Leistung, die den Anforderungen nicht entspricht und bei der selbst Grundkenntnisse fehlen</entry></row><row><entry VJ="1" colname="col1" valign="middle">20 bis 24</entry><entry VJ="1" colname="col2" valign="middle">5,6</entry></row><row><entry VJ="1" colname="col1" valign="middle">15 bis 19</entry><entry VJ="1" colname="col2" valign="middle">5,7</entry></row><row><entry VJ="1" colname="col1" valign="middle">10 bis 14</entry><entry VJ="1" colname="col2" valign="middle">5,8</entry></row><row><entry VJ="1" colname="col1" valign="middle">5 bis 9</entry><entry VJ="1" colname="col2" valign="middle">5,9</entry></row><row><entry VJ="1" colname="col1" valign="middle">0 bis 4</entry><entry VJ="1" colname="col2" valign="middle">6,0</entry></row></tbody></tgroup></table></Content></text><fussnoten><Content><P>(+++ Zur Anwendung vgl. §§ 1 u. 3 FortbVenÄndV6AnwV +++)</P></Content></fussnoten></textdaten></norm>
<norm builddate="20200305213034" doknr="BJNR292300997BJNE001605128"><metadaten><jurabk>IndMetMeistV 1997</jurabk><enbez>Anlage 2</enbez><titel format="XML">(zu § 9)<BR/>Zeugnisinhalte</titel></metadaten><textdaten><text format="XML"><Content><P><noindex><kommentar typ="Fundstelle">(Fundstelle: BGBl. I 2019, 2204 - 2205)</kommentar></noindex></P><BR/><BR/><P><SP>Teil A – Zeugnis ohne Prüfungsergebnisse:</SP><DL Font="normal" Type="arabic"><DT>1.</DT><DD Font="normal"><LA Size="normal">Bezeichnung der ausstellenden Behörde,</LA></DD><DT>2.</DT><DD Font="normal"><LA Size="normal">Name und Geburtsdatum der zu prüfenden Person,</LA></DD><DT>3.</DT><DD Font="normal"><LA Size="normal">Datum des Bestehens der Prüfung,</LA></DD><DT>4.</DT><DD Font="normal"><LA Size="normal">Bezeichnung des erworbenen Fortbildungsabschlusses nach § 1 Absatz 4,</LA></DD><DT>5.</DT><DD Font="normal"><LA Size="normal">Bezeichnung und Fundstelle dieser Fortbildungsordnung nach den Angaben im Bundesgesetzblatt unter Berücksichtigung erfolgter Änderungen dieser Verordnung,</LA></DD><DT>6.</DT><DD Font="normal"><LA Size="normal">Datum der Ausstellung des Zeugnisses samt Unterschrift der zuständigen Stelle.</LA></DD></DL></P><P><SP>Teil B – Zeugnis mit Prüfungsergebnissen:</SP></P><P>Alle Angaben des Teils A sowie zusätzlich: <DL Font="normal" Type="arabic"><DT>1.</DT><DD Font="normal"><LA Size="normal">zum Prüfungsteil „Fachrichtungsübergreifende Basisqualifikationen“ <DL Font="normal" Type="alpha"><DT>a)</DT><DD Font="normal"><LA Size="normal">Benennung dieses Prüfungsteils und Bewertung als Note sowie</LA></DD><DT>b)</DT><DD Font="normal"><LA Size="normal">Benennung der fünf Prüfungsbereiche und Bewertung mit Punkten,</LA></DD></DL></LA></DD><DT>2.</DT><DD Font="normal"><LA Size="normal">zum Prüfungsteil „Handlungsspezifische Qualifikationen“ <DL Font="normal" Type="alpha"><DT>a)</DT><DD Font="normal"><LA Size="normal">Benennung dieses Prüfungsteils und Bewertung als Note,</LA></DD><DT>b)</DT><DD Font="normal"><LA Size="normal">Benennung der Situationsaufgabe nach § 5 Absatz 3 und Bewertung als Note,</LA></DD><DT>c)</DT><DD Font="normal"><LA Size="normal">Benennung der Situationsaufgabe nach § 5 Absatz 4 und Bewertung als Note sowie</LA></DD><DT>d)</DT><DD Font="normal"><LA Size="normal">Benennung der Situationsaufgabe nach § 5 Absatz 5 und Bewertung als Note,</LA></DD></DL></LA></DD><DT>3.</DT><DD Font="normal"><LA Size="normal">die errechnete Gesamtpunktzahl für die gesamte Prüfung,</LA></DD><DT>4.</DT><DD Font="normal"><LA Size="normal">die Gesamtnote als Dezimalzahl,</LA></DD><DT>5.</DT><DD Font="normal"><LA Size="normal">die Gesamtnote in Worten,</LA></DD><DT>6.</DT><DD Font="normal"><LA Size="normal">Befreiungen nach § 6,</LA></DD><DT>7.</DT><DD Font="normal"><LA Size="normal">Vorliegen des Nachweises über den Erwerb der berufs- und arbeitspädagogischen Qualifikationen nach § 2 Absatz 2.</LA></DD></DL></P></Content></text><fussnoten><Content><P>(+++ Zur Anwendung vgl. §§ 1 u. 3 FortbVenÄndV6AnwV +++)</P></Content></fussnoten></textdaten></norm>
</dokumente>