<?xml version="1.0" encoding="UTF-8" ?><!DOCTYPE dokumente SYSTEM "http://www.gesetze-im-internet.de/dtd/1.01/gii-norm.dtd">
<dokumente builddate="20220902213502" doknr="BJNR031050977"><norm builddate="20220902213502" doknr="BJNR031050977"><metadaten><jurabk>HaagÜbkAG</jurabk><ausfertigung-datum manuell="ja">1977-12-22</ausfertigung-datum><fundstelle typ="amtlich"><periodikum>BGBl I</periodikum><zitstelle>1977, 3105</zitstelle></fundstelle><langue>Gesetz zur Ausführung des Haager Übereinkommens vom 15. November 1965 über die Zustellung gerichtlicher und außergerichtlicher Schriftstücke im Ausland in Zivil- oder Handelssachen und des Haager Übereinkommens vom 18. März 1970 über die Beweisaufnahme im Ausland in Zivil- oder Handelssachen</langue><standangabe checked="ja"><standtyp>Stand</standtyp><standkommentar>Zuletzt geändert durch Art. 3 G v. 24.6.2022 I 959</standkommentar></standangabe></metadaten><textdaten><text format="XML"><Content><P/></Content></text><fussnoten><Content><P>(+++ Textnachweis ab: 31.12.1977 +++)</P></Content></fussnoten></textdaten></norm>
<norm builddate="20220902213502" doknr="BJNR031050977BJNE000400306"><metadaten><jurabk>HaagÜbkAG</jurabk><enbez>Eingangsformel</enbez></metadaten><textdaten><text format="XML"><Content><P>Der Bundestag hat mit Zustimmung des Bundesrates das folgende Gesetz beschlossen:</P></Content></text></textdaten></norm>
<norm builddate="20220902213502" doknr="BJNR031050977BJNG000100306"><metadaten><jurabk>HaagÜbkAG</jurabk><gliederungseinheit><gliederungskennzahl>010</gliederungskennzahl><gliederungsbez>Erster Teil</gliederungsbez><gliederungstitel>Vorschriften zur Ausführung des
Haager Übereinkommens vom 15. November 1965 über die Zustellung
gerichtlicher und außergerichtlicher Schriftstücke im Ausland
in Zivil- oder Handelssachen</gliederungstitel></gliederungseinheit></metadaten><textdaten><text format="XML"><Content><P/></Content></text></textdaten></norm>
<norm builddate="20220902213502" doknr="BJNR031050977BJNE000502360"><metadaten><jurabk>HaagÜbkAG</jurabk><enbez>§ 1</enbez></metadaten><textdaten><text format="XML"><Content><P>(1) Die Aufgaben der Zentralen Behörde (Artikel 2, 18 Abs. 3 des Übereinkommens) nehmen die von den Landesregierungen bestimmten Stellen wahr. Jedes Land kann nur eine Zentrale Behörde einrichten. Die Landesregierungen können die Befugnis nach Satz 1 auf die Landesjustizverwaltungen übertragen.</P><P>(2) Die Aufgaben der Zentralen Behörde nimmt für den Bund das Bundesamt für Justiz wahr. Es unterstützt bei Bedarf die zuständigen Behörden der Länder.</P></Content></text><fussnoten/></textdaten></norm>
<norm builddate="20220902213502" doknr="BJNR031050977BJNE000600306"><metadaten><jurabk>HaagÜbkAG</jurabk><enbez>§ 2</enbez></metadaten><textdaten><text format="XML"><Content><P>Für die Entgegennahme von Zustellungsanträgen, die von einem ausländischen Konsul innerhalb der Bundesrepublik Deutschland übermittelt werden (Artikel 9 Abs. 1 des Übereinkommens), sind die Zentrale Behörde des Landes, in dem die Zustellung bewirkt werden soll, und die Stellen zuständig, die gemäß § 1 des Gesetzes zur Ausführung des Haager Übereinkommens vom 1. März 1954 über den Zivilprozeß vom 18. Dezember 1958 (BGBl. I S. 939) zur Entgegennahme von Anträgen des Konsuls eines ausländischen Staates zuständig sind.</P></Content></text></textdaten></norm>
<norm builddate="20220902213502" doknr="BJNR031050977BJNE000700306"><metadaten><jurabk>HaagÜbkAG</jurabk><enbez>§ 3</enbez></metadaten><textdaten><text format="XML"><Content><P>Eine förmliche Zustellung (Artikel 5 Abs. 1 des Übereinkommens) ist nur zulässig, wenn das zuzustellende Schriftstück in deutscher Sprache abgefaßt oder in diese Sprache übersetzt ist.</P></Content></text></textdaten></norm>
<norm builddate="20220902213502" doknr="BJNR031050977BJNE000800306"><metadaten><jurabk>HaagÜbkAG</jurabk><enbez>§ 4</enbez></metadaten><textdaten><text format="XML"><Content><P>(1) Die Zentrale Behörde ist befugt, Zustellungsanträge unmittelbar durch die Post erledigen zu lassen, wenn die Voraussetzungen für eine Zustellung gemäß Artikel 5 Abs. 1 Buchstabe a des Übereinkommens erfüllt sind. In diesem Fall händigt die Zentrale Behörde das zu übergebende Schriftstück der Post zur Zustellung aus. Die Vorschriften der Zivilprozeßordnung über die Zustellung von Amts wegen gelten entsprechend.</P><P>(2) Im übrigen ist für die Erledigung von Zustellungsanträgen das Amtsgericht zuständig, in dessen Bezirk die Zustellung vorzunehmen ist. Die Zustellung wird durch die Geschäftsstelle des Amtsgerichts bewirkt.</P></Content> </text></textdaten></norm>
<norm builddate="20220902213502" doknr="BJNR031050977BJNE000900306"><metadaten><jurabk>HaagÜbkAG</jurabk><enbez>§ 5</enbez></metadaten><textdaten><text format="XML"><Content><P>Das Zustellungszeugnis (Artikel 6 Abs. 1, 2 des Übereinkommens) erteilt im Fall des § 4 Abs. 1 die Zentrale Behörde, im übrigen die Geschäftsstelle des Amtsgerichts.</P></Content></text></textdaten></norm>
<norm builddate="20220902213502" doknr="BJNR031050977BJNE001000306"><metadaten><jurabk>HaagÜbkAG</jurabk><enbez>§ 6</enbez></metadaten><textdaten><text format="XML"><Content><P>Eine Zustellung durch diplomatische oder konsularische Vertreter (Artikel 8 des Übereinkommens) ist nur zulässig, wenn das Schriftstück einem Angehörigen des Absendestaates zuzustellen ist. Eine Zustellung nach Artikel 10 des Übereinkommens findet nicht statt.</P></Content></text></textdaten></norm>
<norm builddate="20220902213502" doknr="BJNR031050977BJNG000200306"><metadaten><jurabk>HaagÜbkAG</jurabk><gliederungseinheit><gliederungskennzahl>020</gliederungskennzahl><gliederungsbez>Zweiter Teil</gliederungsbez><gliederungstitel>Vorschriften zur Ausführung des
Haager Übereinkommens vom 18. März 1970 über die
Beweisaufnahme im Ausland in Zivil- oder Handelssachen</gliederungstitel></gliederungseinheit></metadaten><textdaten><text format="XML"><Content><P/></Content></text></textdaten></norm>
<norm builddate="20220902213502" doknr="BJNR031050977BJNE001102360"><metadaten><jurabk>HaagÜbkAG</jurabk><enbez>§ 7</enbez></metadaten><textdaten><text format="XML"><Content><P>(1) Die Aufgaben der Zentralen Behörde (Artikel 2, 24 Abs. 2 des Übereinkommens) nehmen die von den Landesregierungen bestimmten Stellen wahr. Jedes Land kann nur eine Zentrale Behörde einrichten. Die Landesregierungen können die Befugnis nach Satz 1 auf die Landesjustizverwaltungen übertragen.</P><P>(2) Die Aufgaben der Zentralen Behörde nimmt für den Bund das Bundesamt für Justiz wahr. Es unterstützt bei Bedarf die zuständigen Behörden der Länder.</P></Content></text><fussnoten/></textdaten></norm>
<norm builddate="20220902213502" doknr="BJNR031050977BJNE001201311"><metadaten><jurabk>HaagÜbkAG</jurabk><enbez>§ 8</enbez></metadaten><textdaten><text format="XML"><Content><P>Für die Erledigung von Rechtshilfeersuchen ist das Amtsgericht zuständig, in dessen Bezirk die Amtshandlung vorzunehmen ist. Die Landesregierungen werden ermächtigt, diese Zuständigkeit durch Rechtsverordnung einem anderen Amtsgericht des Oberlandesgerichtsbezirks oder, wenn in einem Land mehrere Oberlandesgerichte errichtet sind, einem Amtsgerichtsbezirk für die Bezirke aller oder mehrerer Oberlandesgerichte zuzuweisen. Die Zuweisung kann auch nur für einzelne Arten der Beweisaufnahme erfolgen. Die Landesregierungen können diese Ermächtigung durch Rechtsverordnung auf die Landesjustizverwaltungen übertragen.</P></Content></text><fussnoten/></textdaten></norm>
<norm builddate="20220902213502" doknr="BJNR031050977BJNE001300306"><metadaten><jurabk>HaagÜbkAG</jurabk><enbez>§ 9</enbez></metadaten><textdaten><text format="XML"><Content><P>Rechtshilfeersuchen, die durch das Amtsgericht zu erledigen sind (Kapitel I des Übereinkommens), müssen in deutscher Sprache abgefaßt oder von einer Übersetzung in diese Sprache begleitet sein (Artikel 4 Abs. 1, 5 des Übereinkommens).</P></Content></text></textdaten></norm>
<norm builddate="20220902213502" doknr="BJNR031050977BJNE001400306"><metadaten><jurabk>HaagÜbkAG</jurabk><enbez>§ 10</enbez></metadaten><textdaten><text format="XML"><Content><P>Mitglieder des ersuchenden ausländischen Gerichts können bei der Erledigung eines Rechtshilfeersuchens durch das Amtsgericht anwesend sein, wenn die Zentrale Behörde dies genehmigt hat.</P></Content></text></textdaten></norm>
<norm builddate="20220902213502" doknr="BJNR031050977BJNE001500306"><metadaten><jurabk>HaagÜbkAG</jurabk><enbez>§ 11</enbez></metadaten><textdaten><text format="XML"><Content><P>Eine Beweisaufnahme durch diplomatische oder konsularische Vertreter ist unzulässig, wenn sie deutsche Staatsangehörige betrifft. Betrifft sie Angehörige eines dritten Staates oder Staatenlose, so ist sie nur zulässig, wenn die Zentrale Behörde sie genehmigt hat (Artikel 16 Abs. 1 des Übereinkommens). Eine Genehmigung ist nicht erforderlich, wenn der Angehörige eines dritten Staates zugleich die Staatsangehörigkeit des Staates des ersuchenden Gerichts besitzt.</P></Content></text></textdaten></norm>
<norm builddate="20220902213502" doknr="BJNR031050977BJNE001600306"><metadaten><jurabk>HaagÜbkAG</jurabk><enbez>§ 12</enbez></metadaten><textdaten><text format="XML"><Content><P>(1) Ein Beauftragter des ersuchenden Gerichts (Artikel 17 des Übereinkommens) darf eine Beweisaufnahme nur durchführen, wenn die Zentrale Behörde sie genehmigt hat. Die Genehmigung kann mit Auflagen verbunden werden.</P><P>(2) Das Gericht, das für die Erledigung eines Rechtshilfeersuchens in derselben Angelegenheit nach § 8 zuständig wäre, ist befugt, die Vorbereitung und die Durchführung der Beweisaufnahme zu überwachen. Ein Mitglied dieses Gerichts kann an der Beweisaufnahme teilnehmen (Artikel 19 Satz 2 des Übereinkommens).</P></Content> </text></textdaten></norm>
<norm builddate="20220902213502" doknr="BJNR031050977BJNE001700306"><metadaten><jurabk>HaagÜbkAG</jurabk><enbez>§ 13</enbez></metadaten><textdaten><text format="XML"><Content><P>Für die Erteilung der Genehmigung nach den §§ 10, 11 und 12 (Artikel 19 des Übereinkommens) ist die Zentrale Behörde des Landes zuständig, in dem die Beweisaufnahme durchgeführt werden soll.</P></Content></text></textdaten></norm>
<norm builddate="20220902213503" doknr="BJNR031050977BJNE001802360"><metadaten><jurabk>HaagÜbkAG</jurabk><enbez>§ 14</enbez></metadaten><textdaten><text format="XML"><Content><P>Rechtshilfeersuchen, die ein Verfahren nach Artikel 23 des Übereinkommens zum Gegenstand haben, werden nur erledigt, wenn <DL Type="arabic"><DT>1.</DT><DD Font="normal"><LA>die vorzulegenden Dokumente im Einzelnen genau bezeichnet sind,</LA></DD><DT>2.</DT><DD Font="normal"><LA>die vorzulegenden Dokumente für das jeweilige Verfahren und dessen Ausgang von unmittelbarer und eindeutig zu erkennender Bedeutung sind,</LA></DD><DT>3.</DT><DD Font="normal"><LA>die vorzulegenden Dokumente sich im Besitz einer an dem Verfahren beteiligten Partei befinden,</LA></DD><DT>4.</DT><DD Font="normal"><LA>das Herausgabeverlangen nicht gegen wesentliche Grundsätze des deutschen Rechts verstößt und,</LA></DD><DT>5.</DT><DD Font="normal"><LA>soweit personenbezogene Daten in den vorzulegenden Dokumenten enthalten sind, die Voraussetzungen für die Übermittlung in ein Drittland nach Kapitel V der Verordnung (EU) 2016/679 des Europäischen Parlaments und des Rates vom 27. April 2016 zum Schutz natürlicher Personen bei der Verarbeitung personenbezogener Daten, zum freien Datenverkehr und zur Aufhebung der Richtlinie 95/46/EG (Datenschutz-Grundverordnung) (ABl. L 119 vom 4.5.2016, S. 1; L 314 vom 22.11.2016, S. 72; L 127 vom 23.5.2018, S. 2; L 74 vom 4.3.2021, S. 35) erfüllt sind.</LA></DD></DL></P></Content></text><fussnoten/></textdaten></norm>
<norm builddate="20220902213503" doknr="BJNR031050977BJNG000300306"><metadaten><jurabk>HaagÜbkAG</jurabk><gliederungseinheit><gliederungskennzahl>030</gliederungskennzahl><gliederungsbez>Dritter Teil</gliederungsbez><gliederungstitel>Sonstige Bestimmungen</gliederungstitel></gliederungseinheit></metadaten><textdaten><text format="XML"><Content><P/></Content></text></textdaten></norm>
<norm builddate="20220902213503" doknr="BJNR031050977BJNE001901311"><metadaten><jurabk>HaagÜbkAG</jurabk><enbez>§ 15</enbez></metadaten><textdaten><text format="XML"><Content><P>Der Bundesminister der Justiz und für Verbraucherschutz wird ermächtigt, durch Rechtsverordnung, die der Zustimmung des Bundesrates bedarf, die nach den §§ 1 und 7 dieses Gesetzes errichteten Zentralen Behörden als die Stellen zu bestimmen, die gemäß den §§ 1 und 3 Abs. 2 des Gesetzes vom 5. April 1909 zur Ausführung des Haager Abkommens über den Zivilprozeß vom 17. Juli 1905 (RGBl. 1909 S. 430) und gemäß den §§ 1 und 9 des Gesetzes zur Ausführung des Haager Übereinkommens vom 1. März 1954 über den Zivilprozeß zur Entgegennahme von Anträgen und Ersuchen des Konsuls eines ausländischen Staates zuständig sind.</P></Content></text><fussnoten/></textdaten></norm>
<norm builddate="20220902213503" doknr="BJNR031050977BJNE002000306"><metadaten><jurabk>HaagÜbkAG</jurabk><enbez>§ 16</enbez></metadaten><textdaten><text format="XML"><Content><P>Dieses Gesetz gilt nach Maßgabe des § 13 Abs. 1 des Dritten Überleitungsgesetzes auch im Land Berlin. Rechtsverordnungen, die auf Grund dieses Gesetzes erlassen werden, gelten im Land Berlin nach § 14 des Dritten Überleitungsgesetzes.</P></Content></text></textdaten></norm>
<norm builddate="20220902213503" doknr="BJNR031050977BJNE002100306"><metadaten><jurabk>HaagÜbkAG</jurabk><enbez>§ 17</enbez></metadaten><textdaten><text format="XML"><Content><P>Dieses Gesetz tritt am Tage nach der Verkündung in Kraft.</P></Content></text></textdaten></norm>
</dokumente>