<?xml version="1.0" encoding="UTF-8" ?><!DOCTYPE dokumente SYSTEM "http://www.gesetze-im-internet.de/dtd/1.01/gii-norm.dtd">
<dokumente builddate="20231128213529" doknr="BJNR026260975"><norm builddate="20231128213529" doknr="BJNR026260975"><metadaten><jurabk>Münz5DMBek 1975-10</jurabk><ausfertigung-datum manuell="ja">1975-10-06</ausfertigung-datum><fundstelle typ="amtlich"><periodikum>BGBl I</periodikum><zitstelle>1975, 2626 (2684)</zitstelle></fundstelle><langue>Bekanntmachung über die Ausprägung von Bundesmünzen im Nennwert von 5
Deutschen Mark (Albert-Schweitzer-Gedenkmünze)</langue></metadaten><textdaten><text format="XML"><Content><P/></Content></text></textdaten></norm>
<norm builddate="20231128213529" doknr="BJNR026260975BJNE000100307"><metadaten><jurabk>Münz5DMBek 1975-10</jurabk><enbez>(XXXX)</enbez></metadaten><textdaten><text format="XML"><Content><P>(1) Auf Grund des Gesetzes über die Ausprägung von Scheidemünzen vom 8. Juli 1950 (Bundesgesetzblatt S. 323) ist aus Anlaß der 100. Wiederkehr des Geburtstages von Albert Schweitzer eine Bundesmünze (Gedenkmünze) im Nennwert von 5 Deutschen Mark geprägt worden. Die Ausprägung erfolgte in der Staatlichen Münze Karlsruhe, die Auflage beträgt 8 Millionen Stück.</P><P>(2) Die Münzen werden ab 3. Dezember 1975 in den Verkehr gebracht. Der Entwurf der Münze stammt von Herrn Manfred Spang, Göppingen.</P><P>(3) Die Münze besteht aus einer Legierung von 625 Tausendteilen Feinsilber und 375 Tausendteilen Kupfer. Sie hat einen Durchmesser von 29 Millimetern und ein Gewicht von 11,2 Gramm.</P><P>(4) Das Gepräge auf beiden Seiten ist erhaben und wird von einem schützenden glatten Randstab umgeben.</P><P>(5) Die Bildseite zeigt das Porträt des Arztes und Philosophen mit der Umschrift <DL Font="normal" Type="arabic"><DT/><DD Font="normal"><LA Size="normal">&quot;ALBERT SCHWEITZER 1875-1965&quot;.</LA></DD></DL>Die Signatur &quot;MS&quot; des Künstlers, der die Münze entworfen hat, befindet sich rechts unten im Porträt Albert Schweitzers.</P><P>(6) Auf der Wertseite sind eingeprägt der Adler und die Umschrift <DL Font="normal" Type="arabic"><DT/><DD Font="normal"><LA Size="normal">&quot;BUNDESREPUBLIK DEUTSCHLAND 1975</LA><LA Size="normal">5</LA><LA Size="normal">DEUTSCHE MARK&quot;.</LA></DD></DL>Das Münzzeichen &quot;G&quot; der Staatlichen Münze Karlsruhe befindet sich rechts von der Wertziffer &quot;5&quot;.</P><P>(7) Der glatte Münzrand ist mit der vertieften Inschrift <DL Font="normal" Type="arabic"><DT/><DD Font="normal"><LA Size="normal">&quot;EHRFURCHT VOR DEM LEBEN&quot;</LA></DD></DL>versehen. Zwischen Ende und Anfang der Randbeschriftung ist eine Arabeske eingeprägt.</P><P>(8) Dies wird namens der Bundesregierung bekanntgemacht.</P></Content></text></textdaten></norm>
<norm builddate="20231128213529" doknr="BJNR026260975BJNE000200307"><metadaten><jurabk>Münz5DMBek 1975-10</jurabk><enbez>Schlußformel</enbez></metadaten><textdaten><text format="XML"><Content><P><SP>Der Bundesminister der Finanzen</SP></P></Content></text></textdaten></norm>
<norm builddate="20231128213529" doknr="BJNR026260975BJNE000300307"><metadaten><jurabk>Münz5DMBek 1975-10</jurabk><enbez>(XXXX)</enbez><titel format="parat">Abbildung der Münze</titel></metadaten><textdaten><text format="XML"><Content><P><ABWFORMAT typ="E"/>(Inhalt: nicht darstellbare Abbildung) <BR/><kommentar typ="Fundstelle">Fundstelle: BGBl I 1975, 2626</kommentar></P></Content></text></textdaten></norm>
</dokumente>