<?xml version="1.0" encoding="UTF-8" ?><!DOCTYPE dokumente SYSTEM "http://www.gesetze-im-internet.de/dtd/1.01/gii-norm.dtd">
<dokumente builddate="20120625152743" doknr="BJNR204690954"><norm builddate="20120625152743" doknr="BJNR204690954"><metadaten><jurabk>ÜFischKKonvG</jurabk><ausfertigung-datum manuell="ja">1954-04-28</ausfertigung-datum><fundstelle typ="amtlich"><periodikum>BGBl II</periodikum><zitstelle>1954, 469</zitstelle></fundstelle><langue>Gesetz über den Beitritt der Bundesrepublik Deutschland zur Konvention
vom 5. April 1946 der Internationalen Überfischungskonferenz</langue></metadaten><textdaten><text format="decorated"/><fussnoten><Content><P>Art. 2 Abs. 3 aufgeh. durch Art. 8 Abs. 1 G 793-10 v. 25.8.1971 II 1057; womit die Voraussetzung zur Aufnahme in Bundesgesetzbl. III entfällt</P></Content></fussnoten></textdaten></norm>
</dokumente>