<?xml version="1.0" encoding="UTF-8" ?><!DOCTYPE dokumente SYSTEM "http://www.gesetze-im-internet.de/dtd/1.01/gii-norm.dtd">
<dokumente builddate="20230509213002" doknr="BJNR013360991"><norm builddate="20230509213002" doknr="BJNR013360991"><metadaten><jurabk>HfzHvzVStG</jurabk><ausfertigung-datum manuell="ja">1991-06-24</ausfertigung-datum><fundstelle typ="amtlich"><periodikum>BGBl I</periodikum><zitstelle>1991, 1322, 1336</zitstelle></fundstelle><langue>Gesetz zur Änderung des Hauptfeststellungszeitraums für die
wirtschaftlichen Einheiten des Betriebsvermögens
sowie des Hauptveranlagungszeitraums für die
Vermögensteuer</langue><standangabe checked="ja"><standtyp>Stand</standtyp><standkommentar>Geändert durch Art. 4 G v. 9.11.1992 I 1853</standkommentar></standangabe></metadaten><textdaten><fussnoten><Content><P>Überschrift: Das Gesetz wurde als Artikel 10 G 611-15-1-1 v. 24.6.1991 I 1332 (StÄndG 1991) vom Bundestag mit Zustimmung des Bundesrates beschlossen; es wurde am 27.6.1991 verkündet und ist gem. Art. 25 Abs. 1 am Tage nach der Verkündung in Kraft getreten.</P><P><BR/> Überschrift: idF d. Art. 4 G v. 9.11.1992 I 1853 mWv 13.11.1992</P><P><BR/> (+++ Textnachweis ab: 28.6.1991 +++)</P></Content></fussnoten></textdaten></norm>
<norm builddate="20230509213002" doknr="BJNR013360991BJNE000101301"><metadaten><jurabk>HfzHvzVStG</jurabk><enbez>§ 1</enbez><titel format="parat">Änderung des Hauptfeststellungszeitraums
für die wirtschaftlichen Einheiten des
Betriebsvermögens</titel></metadaten><textdaten><text format="XML"><Content><P>Abweichend von § 21 Abs. 1 des Bewertungsgesetzes findet für die wirtschaftlichen Einheiten des Betriebsvermögens die nächste Hauptfeststellung der Einheitswerte auf den 1. Januar 1993 statt.</P></Content></text><fussnoten/></textdaten></norm>
<norm builddate="20230509213002" doknr="BJNR013360991BJNE000201301"><metadaten><jurabk>HfzHvzVStG</jurabk><enbez>§ 2</enbez><titel format="parat">Verlängerung des Hauptveranlagungszeitraums
für die Vermögensteuer</titel></metadaten><textdaten><text format="XML"><Content><P>(1) Abweichend von § 15 Abs. 1 Satz 1 des Vermögensteuergesetzes findet die nächste Hauptveranlagung der Vermögensteuer auf den 1. Januar 1993 statt.</P><P>(2) Ist ein Bescheid über die Vermögensteuer für das Kalenderjahr 1992 nicht erteilt worden, gilt die Steuer für dieses Kalenderjahr in Höhe der für das Kalenderjahr 1991 festgesetzten Jahressteuer als festgesetzt und ist ohne besondere Aufforderung nach dem IV. Abschnitt des Vermögensteuergesetzes zu entrichten. § 16 sowie §§ 18 und 19 des Vermögensteuergesetzes bleiben unberührt.</P></Content> </text><fussnoten/></textdaten></norm>
</dokumente>