<?xml version="1.0" encoding="UTF-8" ?><!DOCTYPE dokumente SYSTEM "http://www.gesetze-im-internet.de/dtd/1.01/gii-norm.dtd">
<dokumente builddate="20151201215530" doknr="BJNR023890979"><norm builddate="20151201215530" doknr="BJNR023890979"><metadaten><jurabk>LuftVerkSiV</jurabk><ausfertigung-datum manuell="ja">1979-12-28</ausfertigung-datum><fundstelle typ="amtlich"><periodikum>BGBl I</periodikum><zitstelle>1979, 2389</zitstelle></fundstelle><langue>Verordnung zur Sicherstellung des Luftverkehrs</langue><standangabe checked="ja"><standtyp>Stand</standtyp><standkommentar>Zuletzt geändert durch Art. 503 V v. 31.8.2015 I 1474</standkommentar></standangabe></metadaten><textdaten><fussnoten><Content><P><BR/> <pre xml:space="preserve">(+++ Textnachweis ab: 30.12.1979 +++)<BR/><BR/></pre></P></Content></fussnoten></textdaten></norm>
<norm builddate="20151201215530" doknr="BJNR023890979BJNE000100326"><metadaten><jurabk>LuftVerkSiV</jurabk><enbez>Eingangsformel</enbez></metadaten><textdaten><text format="XML"><Content><P>Auf Grund des § 1 Abs. 1 Nr. 1 und Abs. 2 Nr. 3, der §§ 3, 5 Abs. 1, des § 19 Abs. 8 und des § 29 Nr. 2 des Verkehrssicherstellungsgesetzes in der Fassung der Bekanntmachung vom 8. Oktober 1968 (BGBl. I S. 1082) verordnet die Bundesregierung hinsichtlich des § 2 Abs. 2 und des § 3 dieser Verordnung ohne Zustimmung des Bundesrates, im übrigen mit Zustimmung des Bundesrates:</P></Content></text></textdaten></norm>
<norm builddate="20151201215530" doknr="BJNR023890979BJNE000200326"><metadaten><jurabk>LuftVerkSiV</jurabk><enbez>§ 1</enbez></metadaten><textdaten><text format="XML"><Content><P>Zweck dieser Verordnung ist es, sicherzustellen, daß in einem Verteidigungsfall sowie in einer Zeit, in der die Verteidigungsbereitschaft der Bundesrepublik Deutschland im Hinblick auf einen möglichen Verteidigungsfall erhöht werden muß, die erforderlichen lebenswichtigen Verkehrsleistungen, insbesondere zur Versorgung der Zivilbevölkerung und der Streitkräfte, im Luftverkehr erbracht werden können.</P></Content></text></textdaten></norm>
<norm builddate="20151201215530" doknr="BJNR023890979BJNE000304305"><metadaten><jurabk>LuftVerkSiV</jurabk><enbez>§ 2</enbez></metadaten><textdaten><text format="XML"><Content><P>(1) Luftfahrzeuge, die in die Luftfahrzeugrolle (§ 2 Abs. 1 des Luftverkehrsgesetzes) eingetragen sind, dürfen im Luftverkehr nur noch betrieben werden <DL Font="normal" Type="arabic"><DT>1.</DT><DD Font="normal"><LA Size="normal">von Luftfahrtunternehmen (§ 20 Abs. 1 Satz 1 des Luftverkehrsgesetzes),</LA></DD><DT>2.</DT><DD Font="normal"><LA Size="normal">von sonstigen Haltern von Luftfahrzeugen<DL Font="normal" Type="arabic"><DT>a)</DT><DD Font="normal"><LA Size="normal">zur Erfüllung einer auf Gesetz, Rechtsverordnung oder behördlicher Verfügung beruhenden Verpflichtung,</LA></DD><DT>b)</DT><DD Font="normal"><LA Size="normal">zur Rettung von Menschen und zur Hilfe bei Notständen,</LA></DD><DT>c)</DT><DD Font="normal"><LA Size="normal">für lebenswichtige gewerbliche und berufliche Zwecke, wenn die höhere Verwaltungsbehörde des Landes bescheinigt hat, daß ein solcher Zweck vorliegt.</LA></DD></DL></LA></DD></DL></P><P>(2) Das Bundesministerium für Verkehr und digitale Infrastruktur kann durch Rechtsverordnung Ausnahmen von den Beschränkungen nach Absatz 1 zulassen und in den Fällen des Absatzes 1 Nr. 1 und 2 Buchstabe c weitere Beschränkungen vorschreiben.</P><P>(3) Die Absätze 1 und 2 gelten nicht für die von der Bundespolizei, der Polizei, dem Katastrophenschutz sowie von den Behörden des Bundes, der Länder, der Gemeinden und Gemeindeverbände betriebenen Luftfahrzeuge, ferner für die bei Anwendung dieser Verordnung (§ 7 Abs. 2) bereits angetretenen Flüge sowie für Rückflüge aus Gebieten außerhalb des Geltungsbereichs dieser Verordnung in das Bundesgebiet.</P></Content></text><fussnoten/></textdaten></norm>
<norm builddate="20151201215530" doknr="BJNR023890979BJNE000403305"><metadaten><jurabk>LuftVerkSiV</jurabk><enbez>§ 3</enbez></metadaten><textdaten><text format="XML"><Content><P>Das Bundesministerium für Verkehr und digitale Infrastruktur kann durch Rechtsverordnung <DL Font="normal" Type="arabic"><DT>1.</DT><DD Font="normal"><LA Size="normal">die Beförderungspflicht nach § 21 Abs. 2 bis 4 des Luftverkehrsgesetzes vorübergehend ruhen lassen.</LA></DD><DT>2.</DT><DD Font="normal"><LA Size="normal">Luftfahrtunternehmen, soweit sie einer Beförderungspflicht nach § 21 Abs. 2 bis 4 des Luftverkehrsgesetzes unterliegen, verpflichten, bestimmte Beförderungen mit Vorrang vor anderen Beförderungen oder in einer bestimmten Reihenfolge durchzuführen.</LA></DD></DL></P></Content></text><fussnoten/></textdaten></norm>
<norm builddate="20151201215530" doknr="BJNR023890979BJNE000500326"><metadaten><jurabk>LuftVerkSiV</jurabk><enbez>§ 4</enbez></metadaten><textdaten><text format="XML"><Content><P>Die oberste Landesverkehrsbehörde kann einen Flugplatzhalter verpflichten, regelmäßig oder unter bestimmten Voraussetzungen Meldungen über Art und Umfang der auf dem Flugplatz jeweils möglichen Verkehrsleistungen zu erstatten. Dazu gehören insbesondere Angaben über die Zahl und den Betriebszustand der Verkehrsanlagen und -einrichtungen.</P></Content></text></textdaten></norm>
<norm builddate="20151201215530" doknr="BJNR023890979BJNE000603305"><metadaten><jurabk>LuftVerkSiV</jurabk><enbez>§ 5</enbez></metadaten><textdaten><text format="XML"><Content><P>Das Bundesministerium für Verkehr und digitale Infrastruktur kann ein nach § 20 Abs. 1 oder § 21 Abs. 1 des Luftverkehrsgesetzes genehmigtes Luftfahrtunternehmen verpflichten, regelmäßig oder unter bestimmten Voraussetzungen Meldungen über Art und Umfang der Verkehrsleistungen zu erstatten, die das Unternehmen jeweils erbringen kann. Dazu gehören insbesondere Angaben über die Zahl und den Betriebszustand der Luftfahrzeuge.</P></Content></text><fussnoten/></textdaten></norm>
<norm builddate="20151201215530" doknr="BJNR023890979BJNE000700326"><metadaten><jurabk>LuftVerkSiV</jurabk><enbez>§ 6</enbez></metadaten><textdaten><text format="XML"><Content><P>(1) Wer vorsätzlich oder fahrlässig <DL Font="normal" Type="arabic"><DT>1.</DT><DD Font="normal"><LA Size="normal">als Halter oder Führer eines Luftfahrzeugs entgegen § 2 Abs. 1 ein Luftfahrzeug betreibt,</LA></DD> <DT>2.</DT><DD Font="normal"><LA Size="normal">als Luftfahrtunternehmer einer vollziehbaren Verpflichtung nach § 5 über die Meldung von Art und Umfang der Verkehrsleistungen nicht nachkommt oder</LA></DD> <DT>3.</DT><DD Font="normal"><LA Size="normal">als Flugplatzhalter einer vollziehbaren Verpflichtung nach § 4 über die Meldung von Art und Umfang der Verkehrsleistungen nicht nachkommt,</LA></DD> </DL>begeht eine Zuwiderhandlung im Sinne des § 26 Nr. 1 des Verkehrssicherstellungsgesetzes, die nach dem Wirtschaftsstrafgesetz 1954 in der Fassung der Bekanntmachung vom 3. Juni 1975 (BGBl. I S. 1313) geahndet wird.</P><P>(2) Verwaltungsbehörde im Sinne des § 29 Nr. 2 des Verkehrssicherstellungsgesetzes ist bei Ordnungswidrigkeiten nach Absatz 1 Nr. 1 und 2 das Luftfahrt-Bundesamt, bei Ordnungswidrigkeiten nach Absatz 1 Nr. 3 die oberste Landesverkehrsbehörde.</P></Content> </text></textdaten></norm>
<norm builddate="20151201215530" doknr="BJNR023890979BJNE000803305"><metadaten><jurabk>LuftVerkSiV</jurabk><enbez>§ 7</enbez></metadaten><textdaten><text format="XML"><Content><P>(1) Diese Verordnung tritt am Tage nach der Verkündung in Kraft.</P><P>(2) Sie darf gemäß § 2 Abs. 3 des Verkehrssicherstellungsgesetzes nur nach Maßgabe des Artikels 80a des Grundgesetzes und erst dann angewendet werden, wenn dies das Bundesministerium für Verkehr und digitale Infrastruktur durch Rechtsverordnung bestimmt.</P></Content></text><fussnoten/></textdaten></norm>
</dokumente>