<?xml version="1.0" encoding="UTF-8" ?><!DOCTYPE dokumente SYSTEM "http://www.gesetze-im-internet.de/dtd/1.01/gii-norm.dtd">
<dokumente builddate="20221231214203" doknr="BJNR044610012"><norm builddate="20221231214203" doknr="BJNR044610012"><metadaten><jurabk>EBIG</jurabk><amtabk>EBIG</amtabk><ausfertigung-datum manuell="ja">2012-03-07</ausfertigung-datum><fundstelle typ="amtlich"><periodikum>BGBl I</periodikum><zitstelle>2012, 446</zitstelle></fundstelle><langue>Gesetz zur Europäischen Bürgerinitiative</langue><standangabe checked="ja"><standtyp>Stand</standtyp><standkommentar>Geändert durch Art. 1 G v. 9.11.2022 I 2015</standkommentar></standangabe></metadaten><textdaten><fussnoten><Content><P><BR/> <pre xml:space="preserve">(+++ Textnachweis ab: 1.4.2012 +++)<BR/><BR/></pre>Das G wurde als Artikel 1 des G v. 7.3.3012 I 446 vom Bundestag beschlossen. Es  tritt gem. Art. 3 dieses G am 1.4.2012 in Kraft.</P></Content></fussnoten></textdaten></norm>
<norm builddate="20221231214203" doknr="BJNR044610012BJNE000101130"><metadaten><jurabk>EBIG</jurabk><enbez>§ 1</enbez><titel format="XML">Zuständige Behörde</titel></metadaten><textdaten><text format="XML"><Content><P>(1) Das Bundesverwaltungsamt ist zuständige Behörde im Sinne von Artikel 20 Absatz 2 in Verbindung mit Artikel 12 Absatz 4 und 5 der Verordnung (EU) 2019/788 des Europäischen Parlaments und des Rates vom 17. April 2019 über die Europäische Bürgerinitiative (ABl. L 130 vom 17.5.2019, S. 55) für <DL Font="normal" Type="arabic"><DT>1.</DT><DD Font="normal"><LA Size="normal">die Koordinierung der Überprüfung der von deutschen Staatsangehörigen abgegebenen Unterstützungsbekundungen für Europäische Bürgerinitiativen sowie</LA></DD><DT>2.</DT><DD Font="normal"><LA Size="normal">das Ausstellen der Bescheinigung über die Zahl der gültigen Unterstützungsbekundungen.</LA></DD></DL></P><P>(2) Das Bundesverwaltungsamt ist deutsche Kontaktstelle im Sinne von Artikel 4 Absatz 6 der Verordnung (EU) 2019/788.</P><P>(3) Das Bundesverwaltungsamt stellt im Rahmen seiner ihm durch dieses Gesetz zugewiesenen Aufgaben sicher, dass Menschen mit Behinderungen gemäß Artikel 2 Absatz 2 der Verordnung (EU) 2019/788 ihr Recht auf Unterstützung von Initiativen wahrnehmen können und in gleicher Weise wie andere Bürgerinnen und Bürger Zugang zu einschlägigen Quellen von Informationen über Initiativen haben.</P><P>(4) Das Bundesverwaltungsamt erhebt für seine Tätigkeiten nach den Absätzen 1 bis 3 keine Gebühren oder Auslagen.</P></Content></text><fussnoten><Content><P>(+++ § 1 Abs. 2: Zur Anwendung vgl. § 6 +++)</P></Content></fussnoten></textdaten></norm>
<norm builddate="20221231214203" doknr="BJNR044610012BJNE000201130"><metadaten><jurabk>EBIG</jurabk><enbez>§ 2</enbez><titel format="XML">Sammeln von Unterstützungsbekundungen</titel></metadaten><textdaten><text format="XML"><Content><P>(1) Für das Sammeln von Unterstützungsbekundungen sind ausschließlich Formulare nach Artikel 9 Absatz 2 der Verordnung (EU) 2019/788 zu verwenden.</P><P>(2) Das Bundesverwaltungsamt kontrolliert die Einhaltung der Anforderungen nach Artikel 9 Absatz 2 Unterabsatz 5 und Artikel 10 Absatz 4 der Verordnung (EU) 2019/788 in Verbindung mit der Verordnung (EU) Nr. 910/2014 des Europäischen Parlaments und des Rates vom 23. Juli 2014 über elektronische Identifizierung und Vertrauensdienste für elektronische Transaktionen im Binnenmarkt und zur Aufhebung der Richtlinie 1999/93/EG und der Durchführungsverordnung (EU) 2015/1501 der Kommission vom 8. September 2015 über den Interoperabilitätsrahmen gemäß Artikel 12 Absatz 8 der Verordnung (EU) Nr. 910/2014 des Europäischen Parlaments und des Rates über elektronische Identifizierung und Vertrauensdienste für elektronische Transaktionen im Binnenmarkt.</P><P>(3) Deutsche mit Wohnsitz im Ausland können Unterstützungsbekundungen durch Unterzeichnung mit einer elektronischen Signatur im Sinne der Verordnung (EU) Nr. 910/2014 oder in Papierform nur abgeben, wenn sie ihren Wohnsitz bei der örtlich zuständigen Auslandsvertretung registriert haben. Bei der Nutzung eines notifizierten elektronischen Identifizierungsmittels ist eine solche Registrierung nicht erforderlich.</P></Content></text><fussnoten/></textdaten></norm>
<norm builddate="20221231214203" doknr="BJNR044610012BJNE000301130"><metadaten><jurabk>EBIG</jurabk><enbez>§ 3</enbez><titel format="XML">Überprüfung von Unterstützungsbekundungen</titel></metadaten><textdaten><text format="XML"><Content><P>(1) Das Bundesverwaltungsamt überprüft die Gültigkeit der Unterstützungsbekundungen deutscher Staatsangehöriger anhand der in den Formularen angegebenen Daten nach den in § 4 genannten Kriterien.</P><P>(2) Die Überprüfung erfolgt anhand von Stichproben. Die Zahl der Stichproben wird durch das Bundesverwaltungsamt unter Verwendung eines 95-Prozent-Konfidenzintervalls bestimmt. Als Zahl der von deutschen Staatsangehörigen gesammelten gültigen Unterstützungsbekundungen im Sinne von Anhang VI der Verordnung (EU) 2019/788 wird die Zahl gewertet, die der Obergrenze des 95-Prozent-Konfidenzintervalls des Schätzwertes entspricht.</P><P>(3) Zur Überprüfung auf unrichtige Angaben im Sinne von § 4 Nummer 5 kann das Bundesverwaltungsamt bei zentralen Meldedatenbeständen der Länder, sofern solche nicht vorhanden sind, bei sonstigen Stellen, die durch Landesrecht dazu bestimmt sind, oder bei den Meldebehörden sowie bei den Auslandsvertretungen folgende Daten abrufen und mit den Daten der ihm vorliegenden Unterstützungsbekundungen abgleichen: <DL Font="normal" Type="arabic"><DT>1.</DT><DD Font="normal"><LA Size="normal">Familienname,</LA></DD><DT>2.</DT><DD Font="normal"><LA Size="normal">Vornamen,</LA></DD><DT>3.</DT><DD Font="normal"><LA Size="normal">Tag der Geburt,</LA></DD><DT>4.</DT><DD Font="normal"><LA Size="normal">Staatsangehörigkeiten,</LA></DD><DT>5.</DT><DD Font="normal"><LA Size="normal">derzeitige Anschrift.</LA></DD></DL></P></Content></text><fussnoten/></textdaten></norm>
<norm builddate="20221231214203" doknr="BJNR044610012BJNE000401130"><metadaten><jurabk>EBIG</jurabk><enbez>§ 4</enbez><titel format="XML">Ungültigkeit von Unterstützungsbekundungen</titel></metadaten><textdaten><text format="XML"><Content><P>Eine Unterstützungsbekundung ist ungültig, wenn <DL Font="normal" Type="arabic"><DT>1.</DT><DD Font="normal"><LA Size="normal">die unterzeichnende Person nicht die deutsche Staatsangehörigkeit hat,</LA></DD><DT>2.</DT><DD Font="normal"><LA Size="normal">die unterzeichnende Person noch nicht 16 Jahre alt ist,</LA></DD><DT>3.</DT><DD Font="normal"><LA Size="normal">sie <DL Font="normal" Type="alpha"><DT>a)</DT><DD Font="normal"><LA Size="normal">durch Unterzeichnung mit einer elektronischen Signatur im Sinne der Verordnung (EU) Nr. 910/2014 oder in Papierform abgegeben wurde und nicht den in Artikel 9 Absatz 2 in Verbindung mit Anhang III der Verordnung (EU) 2019/788 vorgesehenen Anforderungen entspricht oder</LA></DD><DT>b)</DT><DD Font="normal"><LA Size="normal">per notifiziertem elektronischem Identifizierungsmittel abgegeben wurde und nicht den Anforderungen nach Verordnung (EU) Nr. 910/2014 des Europäischen Parlaments und des Rates vom 23. Juli 2014 über elektronische Identifizierung und Vertrauensdienste für elektronische Transaktionen im Binnenmarkt und zur Aufhebung der Richtlinie 1999/93/EG in Verbindung mit Artikel 10 Absatz 4 der Verordnung (EU) 2019/788 entspricht,</LA></DD></DL></LA></DD><DT>4.</DT><DD Font="normal"><LA Size="normal">sie unleserliche oder unvollständige Angaben in den Pflichtfeldern des Formulars enthält, die die unterzeichnende Person nicht zweifelsfrei erkennen lassen,</LA></DD><DT>5.</DT><DD Font="normal"><LA Size="normal">sie unrichtige Angaben in den Pflichtfeldern des Formulars enthält, die die unterzeichnende Person nicht zweifelsfrei erkennen lassen,</LA></DD><DT>6.</DT><DD Font="normal"><LA Size="normal">sie einen Vorbehalt enthält,</LA></DD><DT>7.</DT><DD Font="normal"><LA Size="normal">sie mehrfach abgegeben wurde,</LA></DD><DT>8.</DT><DD Font="normal"><LA Size="normal">sie nicht innerhalb der Sammlungsfrist gemäß Artikel 8 Absatz 1 Unterabsatz 1 der Verordnung (EU) 2019/788 gesammelt wurde oder der Sammelzeitraum vor der Abgabe durch die Organisatorengruppe bereits beendet wurde oder</LA></DD><DT>9.</DT><DD Font="normal"><LA Size="normal">sie nicht von der Person abgegeben worden ist, deren persönliche Daten für die Unterstützung verwendet wurden.</LA></DD></DL>Für die Gültigkeit einer Unterstützungsbekundung ist der Tag ihrer Abgabe maßgeblich.</P></Content></text><fussnoten/></textdaten></norm>
<norm builddate="20221231214203" doknr="BJNR044610012BJNE000501130"><metadaten><jurabk>EBIG</jurabk><enbez>§ 5</enbez><titel format="XML">Bußgeldvorschriften</titel></metadaten><textdaten><text format="XML"><Content><P>(1) Ordnungswidrig handelt, wer die Anzahl der von deutschen Staatsangehörigen gesammelten Unterstützungsbekundungen einer Europäischen Bürgerinitiative erhöht, indem er eine Unterstützungsbekundung nach Artikel 9 Absatz 6 in Verbindung mit Anhang III der Verordnung (EU) 2019/788 des Europäischen Parlaments und des Rates vom 17. April 2019 über die Europäische Bürgerinitiative (ABl. L 130 vom 17.5.2019, S. 55; L 334 vom 27.12.2019, S. 168; L 424 vom 15.12.2020, S. 60), die durch die Delegierte Verordnung (EU) 2019/1673 (ABl. L 257 vom 8.10.2019, S. 1) geändert worden ist, abgibt und dabei <DL Font="normal" Type="arabic"><DT>1.</DT><DD Font="normal"><LA Size="normal">eigene personenbezogene Daten mehrfach verwendet oder</LA></DD><DT>2.</DT><DD Font="normal"><LA Size="normal">fremde oder fiktive personenbezogene Daten verwendet.</LA></DD></DL></P><P>(2) Ordnungswidrig handelt, wer vorsätzlich oder fahrlässig eine in Anhang V Nummer 1 bis 4 oder 5 oder Anhang VII Nummer 1 bis 6 oder 7 der Verordnung (EU) 2019/788 genannte Angabe nicht richtig macht.</P><P>(3) Die Ordnungswidrigkeit kann in den Fällen des Absatzes 1 Nummer 2 mit einer Geldbuße bis zu hunderttausend Euro, in den übrigen Fällen mit einer Geldbuße bis zu fünfzigtausend Euro geahndet werden.</P><P>(4) Verwaltungsbehörde im Sinne des § 36 Absatz 1 Nummer 1 des Gesetzes über Ordnungswidrigkeiten ist das Bundesverwaltungsamt.</P></Content></text><fussnoten/></textdaten></norm>
<norm builddate="20221231214203" doknr="BJNR044610012BJNE000600130"><metadaten><jurabk>EBIG</jurabk><enbez>§ 6</enbez><titel format="XML">Übergangsregelung</titel></metadaten><textdaten><text format="XML"><Content><P>Für Anträge auf Bescheinigungen über die Übereinstimmung eines individuellen Online-Sammelsystems mit der Verordnung (EU) 2019/788 des Europäischen Parlaments und des Rates vom 17. April 2019 über die Europäische Bürgerinitiative (ABl. L 130 vom 17.5.2019, S. 55; L 334 vom 27.12.2019, S. 168; L 424 vom 15.12.2020, S. 60), die durch die Delegierte Verordnung (EU) 2019/1673 (ABl. L 257 vom 8.10.2019, S. 1) geändert worden ist, die <DL Font="normal" Type="arabic"><DT>1.</DT><DD Font="normal"><LA Size="normal">beim Bundesamt für Sicherheit in der Informationstechnik für Europäische Bürgerinitiativen eingereicht werden und</LA></DD><DT>2.</DT><DD Font="normal"><LA Size="normal">bis einschließlich 31. Dezember 2022 durch die Europäische Kommission registriert worden sind,</LA></DD></DL>ist § 1 Absatz 2 in seiner bis dahin geltenden Fassung in Verbindung mit Artikel 11 der Verordnung (EU) 2019/788 weiter anzuwenden. Das Bundesamt für Sicherheit in der Informationstechnik ist für diese individuellen Online-Sammelsysteme über den 1. Januar 2023 hinaus zuständige Behörde im Sinne von Artikel 20 Absatz 1 in Verbindung mit Artikel 11 Absatz 3 der Verordnung (EU) 2019/788.</P></Content></text><fussnoten/></textdaten></norm>
</dokumente>