<?xml version="1.0" encoding="UTF-8" ?><!DOCTYPE dokumente SYSTEM "http://www.gesetze-im-internet.de/dtd/1.01/gii-norm.dtd">
<dokumente builddate="20130405130857" doknr="BJNR095420996"><norm builddate="20130405130857" doknr="BJNR095420996"><metadaten><jurabk>GrBerichtVtrNLD2G</jurabk><ausfertigung-datum manuell="ja">1996-06-17</ausfertigung-datum><fundstelle typ="amtlich"><periodikum>BGBl II</periodikum><zitstelle>1996, 954</zitstelle></fundstelle><langue>Gesetz zu dem Vertrag vom 20. Oktober 1992
zwischen der Bundesrepublik Deutschland und dem
Königreich der Niederlande über Grenzberichtigungen
(Zweiter Grenzberichtigungsvertrag)</langue></metadaten><textdaten><text format="XML"><Content><P/></Content></text><fussnoten><Content><P>(+++ Textnachweis ab: 21. 6.1996 +++)</P></Content></fussnoten></textdaten></norm>
<norm builddate="20130405130857" doknr="BJNR095420996BJNE000100310"><metadaten><jurabk>GrBerichtVtrNLD2G</jurabk><enbez>Eingangsformel</enbez></metadaten><textdaten><text format="XML"><Content><P>Der Bundestag hat mit Zustimmung des Bundesrates das folgende Gesetz beschlossen:</P></Content></text></textdaten></norm>
<norm builddate="20130405130857" doknr="BJNR095420996BJNE000200310"><metadaten><jurabk>GrBerichtVtrNLD2G</jurabk><enbez>Art 1</enbez></metadaten><textdaten><text format="XML"><Content><P>(1) Dem in Den Haag am 20. Oktober 1992 unterzeichneten Zweiten Vertrag zwischen der Bundesrepublik Deutschland und dem Königreich der Niederlande über Grenzberichtigung (Zweiter Grenzberichtigungsvertrag) und dem Zusatzprotokoll vom gleichen Tag wird zugestimmt.</P><P>(2) Der Vertrag und das Zusatzprotokoll werden nachstehend veröffentlicht. Die in Artikel 1 des Vertrags genannten achtzehn Karten liegen beim Auswärtigen Amt (Politisches Archiv), beim Niedersächsischen Landesverwaltungsamt - Abteilung Landesvermessung - in Hannover, bei der Bezirksregierung Weser-Ems in Oldenburg, beim Landesvermessungsamt Nordrhein-Westfalen in Bonn, bei den Regierungspräsidenten in Düsseldorf, Köln und Münster sowie - in dem die jeweiligen Grenzabschnitte betreffenden Umfang - bei den für diese Grenzabschnitte jeweils zuständigen staatlichen Katasterbehörden zur Einsicht bereit.</P></Content> </text></textdaten></norm>
<norm builddate="20130405130857" doknr="BJNR095420996BJNE000300310"><metadaten><jurabk>GrBerichtVtrNLD2G</jurabk><enbez>Art 2</enbez></metadaten><textdaten><text format="XML"><Content><P>In den Gebietsteilen, die nach den Artikeln 1 und 2 des Vertrags der Bundesrepublik Deutschland zufallen, treten mit dem Zeitpunkt des Inkrafttretens die geltenden Vorschriften des Bundesrechts in Kraft. Gleichzeitig tritt das niederländische Recht in diesen Gebietsteilen außer Kraft.</P></Content></text></textdaten></norm>
<norm builddate="20130405130857" doknr="BJNR095420996BJNE000400310"><metadaten><jurabk>GrBerichtVtrNLD2G</jurabk><enbez>Art 3</enbez></metadaten><textdaten><text format="XML"><Content><P>Die Regierungen der Länder Niedersachsen und Nordrhein-Westfalen werden ermächtigt, für die nach dem Vertrag der Bundesrepublik Deutschland zufallenden Gebietsteile durch Rechtsverordnung <DL Font="normal" Type="arabic"><DT>1.</DT><DD Font="normal"><LA Size="normal">Vorschriften darüber zu treffen, in welcher Weise Rechte, deren Inhalt sich nach niederländischem Recht bestimmt, in das Grundbuch eingetragen und in der Zwangsvollstreckung behandelt werden,</LA></DD> <DT>2.</DT><DD Font="normal"><LA Size="normal">Vorschriften zur Überleitung solcher Rechte an Grundstücken zu treffen, die in vergleichbare Einrichtungen des deutschen Rechts übergeleitet werden können.</LA></DD> </DL>Die Regierungen der Länder Niedersachsen und Nordrhein-Westfalen können die Ermächtigung auf die Landesjustizverwaltung übertragen.</P></Content></text></textdaten></norm>
<norm builddate="20130405130857" doknr="BJNR095420996BJNE000500310"><metadaten><jurabk>GrBerichtVtrNLD2G</jurabk><enbez>Art 4</enbez></metadaten><textdaten><text format="XML"><Content><P>(1) Dieses Gesetz tritt am Tage nach seiner Verkündung in Kraft.</P><P>(2) Der Tag, an dem der Vertrag nach seinem Artikel 6 in Kraft tritt, ist im Bundesgesetzblatt bekanntzugeben.</P></Content> </text></textdaten></norm>
</dokumente>