<?xml version="1.0" encoding="UTF-8" ?><!DOCTYPE dokumente SYSTEM "http://www.gesetze-im-internet.de/dtd/1.01/gii-norm.dtd">
<dokumente builddate="20221020213536" doknr="BJNR157600003"><norm builddate="20221020213536" doknr="BJNR157600003"><metadaten><jurabk>RestMeistPrV</jurabk><ausfertigung-datum manuell="ja">2003-08-05</ausfertigung-datum><fundstelle typ="amtlich"><periodikum>BGBl I</periodikum><zitstelle>2003, 1576</zitstelle></fundstelle><langue>Verordnung über die Prüfung zum anerkannten Abschluss Geprüfter Restaurantmeister/Geprüfte Restaurantmeisterin</langue><standangabe checked="ja"><standtyp>Stand</standtyp><standkommentar>Zuletzt geändert durch Art. 26 V v. 9.12.2019 I 2153</standkommentar></standangabe></metadaten><textdaten><fussnoten><Content><P><BR/> <pre xml:space="preserve">(+++ Textnachweis ab: 1.10.2003 +++)<BR/><BR/></pre>(+++ Zur Anwendung vgl. §§ 1 u. 3 FortbVenÄndV6AnwV +++)</P></Content></fussnoten></textdaten></norm>
<norm builddate="20221020213536" doknr="BJNR157600003BJNE000100000"><metadaten><jurabk>RestMeistPrV</jurabk><enbez>Eingangsformel</enbez></metadaten><textdaten><text format="XML"><Content><P>Auf Grund des § 46 Abs. 2 des Berufsbildungsgesetzes vom 14. August 1969 (BGBl. I S. 1112), der zuletzt durch Artikel 212 Nr. 4 der Verordnung vom 29. Oktober 2001 (BGBl. I S. 2785) geändert worden ist, in Verbindung mit § 1 des Zuständigkeitsanpassungsgesetzes vom 16. August 2002 (BGBl. I S. 3165) und dem Organisationserlass vom 22. Oktober 2002 (BGBl. I S. 4206) verordnet das Bundesministerium für Bildung und Forschung nach Anhören des Ständigen Ausschusses des Bundesinstituts für Berufsbildung im Einvernehmen mit dem Bundesministerium für Wirtschaft und Arbeit:</P></Content></text></textdaten></norm>
<norm builddate="20221020213536" doknr="BJNR157600003BJNE000200000"><metadaten><jurabk>RestMeistPrV</jurabk><enbez>§ 1</enbez><titel format="parat">Ziel der Prüfung und Bezeichnung des Abschlusses</titel></metadaten><textdaten><text format="XML"><Content><P>(1) Zum Nachweis von Fertigkeiten, Kenntnissen und Erfahrungen, die durch die berufliche Fortbildung zum Geprüften Restaurantmeister/zur Geprüften Restaurantmeisterin erworben worden sind, kann die zuständige Stelle Prüfungen nach den §§ 2 bis 11 durchführen.</P><P>(2) Ziel der Prüfung ist der Nachweis der Qualifikation, folgende in Zusammenhang stehende Aufgaben eines Geprüften Restaurantmeisters/einer Geprüften Restaurantmeisterin als Fach- und Führungskraft beim Planen, Herstellen und Vermarkten gastronomischer Produkte und Dienstleistungen gästeorientiert wahrnehmen und sich dabei auf sich verändernde Anforderungen und Systeme unter Beachtung der Nachhaltigkeit einstellen zu können: <DL Font="normal" Type="arabic"><DT>1.</DT><DD Font="normal"><LA Size="normal">Disponieren, Einkaufen, Verwalten und Einsetzen von Produkten; Beachten von Qualitätsanforderungen und einschlägigen Rechtsvorschriften; Veranlassen der sachgerechten Lagerung von Waren, Werkstoffen und Hilfsmitteln; Überprüfen des Bestandes; Veranlassen der Instandhaltung von Einrichtungen, Maschinen, Geräten und Gebrauchsgütern;</LA></DD> <DT>2.</DT><DD Font="normal"><LA Size="normal">Selbstständiges Planen, Ausführen und Kontrollieren von gastorientierten Dienstleistungen; Durchführen von Kostenrechnung und Preiskalkulation; Überwachen der Kostenentwicklung sowie der Arbeitsleistung; Herstellen von gastronomischen Produkten unter Berücksichtigung ernährungsphysiologischer Aspekte;</LA></DD> <DT>3.</DT><DD Font="normal"><LA Size="normal">Erstellen von Marketingkonzepten; Planen und Durchführen von verkaufsfördernden Aktionen; Beraten von Gästen und Führen von Verkaufsgesprächen;</LA></DD> <DT>4.</DT><DD Font="normal"><LA Size="normal">Einsetzen des Personals zur Gewährleistung eines termingerechten und wirtschaftlichen Arbeitens unter Beachtung der Lebensmittel- und Hygienevorschriften; Hinwirken auf eine reibungslose Zusammenarbeit im Betriebsablauf; Zusammenarbeit mit anderen Betriebsbereichen, Betrieben und Institutionen;</LA></DD> <DT>5.</DT><DD Font="normal"><LA Size="normal">Übertragen von Aufgaben unter Berücksichtigung fachspezifischer, wirtschaftlicher und sozialer Aspekte auf die Mitarbeiter entsprechend ihrer Qualifikation, Leistungsfähigkeit und Eignung; Motivieren, Führen und Fördern der Mitarbeiter; Fördern der beruflichen Aus- und Weiterbildung der Mitarbeiter; Zusammenarbeiten mit der Geschäftsführung und dem Betriebsrat;</LA></DD> <DT>6.</DT><DD Font="normal"><LA Size="normal">Durchführen erforderlicher Maßnahmen des Infektionsschutzes, des Arbeitsschutzes, insbesondere der sicherheitstechnischen und arbeitsmedizinischen Betreuung und der Unfallverhütung in Abstimmung mit den mit Arbeitssicherheit befassten Stellen und Personen innerhalb und außerhalb des Betriebes; Erkennen betriebsbedingter Umweltbelastungen und Beachten der Umweltschutzbestimmungen.</LA></DD> </DL> </P><P>(3) Die erfolgreich abgelegte Prüfung führt zum anerkannten Abschluss &quot;Geprüfter Restaurantmeister/Geprüfte Restaurantmeisterin&quot;.</P></Content> </text></textdaten></norm>
<norm builddate="20221020213536" doknr="BJNR157600003BJNE000301308"><metadaten><jurabk>RestMeistPrV</jurabk><enbez>§ 2</enbez><titel format="XML">Zulassungsvoraussetzungen</titel></metadaten><textdaten><text format="XML"><Content><P>(1) Zur Prüfung im Prüfungsteil &quot;Wirtschaftsbezogene Qualifikationen&quot; ist zuzulassen, wer <DL Font="normal" Type="arabic"><DT>1.</DT><DD Font="normal"><LA Size="normal">eine mit Erfolg abgelegte Abschlussprüfung in einem dreijährigen anerkannten Ausbildungsberuf und danach eine mindestens einjährige Berufspraxis</LA><LA Size="normal">oder</LA></DD><DT>2.</DT><DD Font="normal"><LA Size="normal">eine mit Erfolg abgelegte Abschlussprüfung in einem zweijährigen anerkannten Ausbildungsberuf und danach eine mindestens zweijährige Berufspraxis</LA><LA Size="normal">oder</LA></DD><DT>3.</DT><DD Font="normal"><LA Size="normal">eine mindestens vierjährige Berufspraxis</LA></DD></DL>nachweist.</P><P>(2) Zur Prüfung im Prüfungsteil &quot;Handlungsspezifische Qualifikationen&quot; ist zuzulassen, wer <DL Font="normal" Type="arabic"><DT>1.</DT><DD Font="normal"><LA Size="normal">die abgelegte Prüfung im Prüfungsteil &quot;Wirtschaftsbezogene Qualifikationen&quot; und</LA></DD><DT>2.</DT><DD Font="normal"><LA Size="normal">in den in Absatz 1 Nr. 1 und 2 genannten Fällen zu den dort genannten Praxiszeiten mindestens ein weiteres Jahr Berufspraxis oder</LA></DD><DT>3.</DT><DD Font="normal"><LA Size="normal">in dem in Absatz 1 Nr. 3 genannten Fall zu den dort genannten Praxiszeiten mindestens eine weitere zweijährige Berufspraxis</LA></DD></DL>nachweist.</P><P>(3) Zur Prüfung im Prüfungsteil &quot;Praktische Prüfung&quot; ist zuzulassen, wer <DL Font="normal" Type="arabic"><DT>1.</DT><DD Font="normal"><LA Size="normal">den Prüfungsteil &quot;Wirtschaftsbezogene Qualifikationen&quot; und den Prüfungsteil &quot;Handlungsspezifische Qualifikationen&quot; abgelegt hat und</LA></DD><DT>2.</DT><DD Font="normal"><LA Size="normal">in den in Absatz 1 Nr. 1 und 2 genannten Fällen zu den dort genannten Praxiszeiten mindestens zwei weitere Jahre Berufspraxis oder</LA></DD><DT>3.</DT><DD Font="normal"><LA Size="normal">in dem in Absatz 1 Nr. 3 genannten Fall zu den dort genannten Praxiszeiten mindestens vier weitere Jahre Berufspraxis</LA></DD></DL>nachweist.</P><P>(4) Der Prüfungsteil &quot;Berufs- und arbeitspädagogische Qualifikationen&quot; ist durch eine Prüfung gemäß der Ausbilder-Eignungsverordnung nachzuweisen. Die Aneignung der berufs- und arbeitspädagogischen Kenntnisse soll in der Regel vor Zulassung zum Prüfungsteil &quot;Grundlegende Qualifikationen&quot; erfolgen. Der Nachweis ist vor Beginn der letzten Prüfungsleistung zu erbringen.</P><P>(5) Die Berufspraxis gemäß den Absätzen 1 bis 3 sowie die anerkannten Ausbildungsberufe sollen inhaltlich wesentliche Bezüge zu den in § 1 Abs. 2 genannten Aufgaben haben.</P><P>(6) Abweichend von den in Absatz 1 genannten Voraussetzungen kann zur Prüfung auch zugelassen werden, wer durch Vorlage von Zeugnissen oder auf andere Weise glaubhaft macht, Fertigkeiten, Kenntnisse und Erfahrungen erworben zu haben, die die Zulassung zur Prüfung rechtfertigen.</P></Content></text><fussnoten/></textdaten></norm>
<norm builddate="20221020213536" doknr="BJNR157600003BJNE000402308"><metadaten><jurabk>RestMeistPrV</jurabk><enbez>§ 3</enbez><titel format="XML">Gliederung und Durchführung der Prüfung</titel></metadaten><textdaten><text format="XML"><Content><P>(1) Die Prüfung gliedert sich in die Prüfungsteile: <DL Font="normal" Type="arabic"><DT>1.</DT><DD Font="normal"><LA Size="normal">Berufs- und arbeitspädagogische Qualifikationen,</LA></DD><DT>2.</DT><DD Font="normal"><LA Size="normal">Wirtschaftsbezogene Qualifikationen,</LA></DD><DT>3.</DT><DD Font="normal"><LA Size="normal">Handlungsspezifische Qualifikationen,</LA></DD><DT>4.</DT><DD Font="normal"><LA Size="normal">Praktische Prüfung.</LA></DD></DL></P><P>(2) Der Prüfungsteil „Wirtschaftsbezogene Qualifikationen“ gliedert sich in folgende Qualifikationsbereiche: <DL Type="arabic"><DT>1.</DT><DD Font="normal"><LA>Volks- und Betriebswirtschaft,</LA></DD><DT>2.</DT><DD Font="normal"><LA>Rechnungswesen,</LA></DD><DT>3.</DT><DD Font="normal"><LA>Recht und Steuern,</LA></DD><DT>4.</DT><DD Font="normal"><LA>Unternehmensführung.</LA></DD></DL>(3) Der Prüfungsteil &quot;Handlungsspezifische Qualifikationen&quot; gliedert sich in folgende Qualifikationsschwerpunkte: <DL Font="normal" Type="arabic"><DT>1.</DT><DD Font="normal"><LA Size="normal">Gäste betreuen und beraten,</LA></DD><DT>2.</DT><DD Font="normal"><LA Size="normal">Mitarbeiter führen und fördern,</LA></DD><DT>3.</DT><DD Font="normal"><LA Size="normal">Abläufe planen, durchführen und kontrollieren,</LA></DD><DT>4.</DT><DD Font="normal"><LA Size="normal">Produkte beschaffen und pflegen,</LA></DD><DT>5.</DT><DD Font="normal"><LA Size="normal">Gäste bewirten.</LA></DD></DL></P><P>(4) Die „Wirtschaftsbezogenen Qualifikationen“ nach Absatz 2 Nummer 1 bis 4 sowie die „Handlungsspezifischen Qualifikationen“ nach Absatz 3 Nummer 1 bis 5 sind schriftlich in Form von anwendungsbezogenen Aufgabenstellungen nach den §§ 4 und 5 zu prüfen.</P><P>(5) Als weitere Prüfungsleistung wird innerhalb des Prüfungsteils &quot;Handlungsspezifische Qualifikationen&quot; ein situationsbezogenes gastorientiertes Fachgespräch, das nicht länger als 30 Minuten dauern soll, durchgeführt. Es soll sich inhaltlich auf die jeweiligen Qualifikationsschwerpunkte gemäß § 5 Abs. 1 und 2 beziehen.</P><P>(6) Der Prüfungsteil &quot;Praktische Prüfung&quot; besteht aus zwei integrativen Situationsaufgaben nach Maßgabe des § 6 Abs. 1 und 2.</P></Content></text><fussnoten/></textdaten></norm>
<norm builddate="20221020213536" doknr="BJNR157600003BJNE000501308"><metadaten><jurabk>RestMeistPrV</jurabk><enbez>§ 4</enbez><titel format="XML">Wirtschaftsbezogene Qualifikationen</titel></metadaten><textdaten><text format="XML"><Content><P>(1) Im Qualifikationsbereich „Volks- und Betriebswirtschaft“ sollen zum einen grundlegende volkswirtschaftliche Zusammenhänge und ihre Bedeutung für die betriebliche Praxis beurteilt werden können. Zum anderen müssen grundlegende betriebliche Funktionen und Funktionsbereiche und deren Zusammenwirken im Betrieb verstanden werden. Weiterhin soll der Vorgang einer Existenzgründung erfasst und in seiner Gesamtheit strukturiert werden können. In diesem Rahmen können geprüft werden: <DL Font="normal" Type="arabic"><DT>1.</DT><DD Font="normal"><LA Size="normal">Volkswirtschaftliche Grundlagen,</LA></DD><DT>2.</DT><DD Font="normal"><LA Size="normal">Betriebliche Funktionen und deren Zusammenwirken,</LA></DD><DT>3.</DT><DD Font="normal"><LA Size="normal">Existenzgründung und Unternehmensrechtsformen,</LA></DD><DT>4.</DT><DD Font="normal"><LA Size="normal">Unternehmenszusammenschlüsse.</LA></DD></DL></P><P>(2) Im Qualifikationsbereich „Rechnungswesen“ soll die Fähigkeit nachgewiesen werden, die Bedeutung des Rechnungswesens als Dokumentations-, Entscheidungs- und Kontrollinstrument für die Unternehmensführung darstellen und begründen zu können. Dazu gehören insbesondere, die bilanziellen Zusammenhänge sowie die Kostenrechnung in Grundzügen erläutern und anwenden zu können. Außerdem sollen die erarbeiteten Zahlen für eine Aussage über die Unternehmenssituation ausgewertet werden können. In diesem Rahmen können geprüft werden: <DL Font="normal" Type="arabic"><DT>1.</DT><DD Font="normal"><LA Size="normal">Grundlegende Aspekte des Rechnungswesens,</LA></DD><DT>2.</DT><DD Font="normal"><LA Size="normal">Finanzbuchhaltung,</LA></DD><DT>3.</DT><DD Font="normal"><LA Size="normal">Kosten- und Leistungsrechnung,</LA></DD><DT>4.</DT><DD Font="normal"><LA Size="normal">Auswertung der betriebswirtschaftlichen Zahlen,</LA></DD><DT>5.</DT><DD Font="normal"><LA Size="normal">Planungsrechnung.</LA></DD></DL></P><P>(3) Im Qualifikationsbereich „Recht und Steuern“ sollen allgemeine Kenntnisse des Bürgerlichen Rechts und des Handelsrechts sowie Kenntnisse des Arbeitsrechts nachgewiesen werden. Weiterhin sollen an unternehmenstypischen Beispielen und Situationen mögliche Vertragsgestaltungen vorbereitet und deren Auswirkungen bewertet werden können. Es müssen außerdem die Grundzüge des unternehmensrelevanten Steuerrechts verstanden werden. In diesem Rahmen können geprüft werden: <DL Font="normal" Type="arabic"><DT>1.</DT><DD Font="normal"><LA Size="normal">Rechtliche Zusammenhänge,</LA></DD><DT>2.</DT><DD Font="normal"><LA Size="normal">Steuerrechtliche Bestimmungen.</LA></DD></DL></P><P>(4) Im Qualifikationsbereich „Unternehmensführung“ soll die Fähigkeit nachgewiesen werden, die Inhalte der Betriebsorganisation, der Personalführung und -entwicklung sowie der Planungs- und Analysemethoden im betrieblichen Umfeld zu kennen, deren Auswirkungen auf die Unternehmensführung erläutern und in Teilumfängen anwenden zu können. In diesem Rahmen können geprüft werden: <DL Font="normal" Type="arabic"><DT>1.</DT><DD Font="normal"><LA Size="normal">Betriebsorganisation,</LA></DD><DT>2.</DT><DD Font="normal"><LA Size="normal">Personalführung,</LA></DD><DT>3.</DT><DD Font="normal"><LA Size="normal">Personalentwicklung.</LA></DD></DL></P><P>(5) Die schriftliche Prüfung besteht für jeden Qualifikationsbereich aus einer unter Aufsicht anzufertigenden Arbeit, deren Mindestbearbeitungszeiten jeweils betragen: <BR/><BR/><table frame="none" pgwide="1" tocentry="%yes;"><tgroup align="left" char="" charoff="50" cols="3"><colspec colname="col1" colwidth="0.25*"/><colspec colname="col2" colwidth="1.37*"/><colspec colname="col3" colwidth="1.38*"/><tbody valign="top"><row><entry VJ="1" colname="col1" colsep="0" rowsep="0">1.</entry><entry VJ="1" colname="col2" colsep="0" rowsep="0">Volks- und Betriebswirtschaft</entry><entry VJ="1" colname="col3" colsep="0" rowsep="0">60 Minuten,</entry></row><row><entry VJ="1" colname="col1" colsep="0" rowsep="0">2.</entry><entry VJ="1" colname="col2" colsep="0" rowsep="0">Rechnungswesen</entry><entry VJ="1" colname="col3" colsep="0" rowsep="0">90 Minuten,</entry></row><row><entry VJ="1" colname="col1" colsep="0" rowsep="0">3.</entry><entry VJ="1" colname="col2" colsep="0" rowsep="0">Recht und Steuern</entry><entry VJ="1" colname="col3" colsep="0" rowsep="0">60 Minuten,</entry></row><row><entry VJ="1" colname="col1" colsep="0" rowsep="0">4.</entry><entry VJ="1" colname="col2" colsep="0" rowsep="0">Unternehmensführung</entry><entry VJ="1" colname="col3" colsep="0" rowsep="0">90 Minuten.</entry></row></tbody></tgroup></table><BR/><BR/>Die Gesamtdauer der Prüfung soll 330 Minuten nicht überschreiten.</P><P>(6) Wurden in nicht mehr als einem Qualifikationsbereich mangelhafte Prüfungsleistungen erbracht, ist in diesem Qualifikationsbereich eine mündliche Ergänzungsprüfung anzubieten. Bei einer oder mehreren ungenügenden Leistungen besteht diese Möglichkeit nicht. Die Ergänzungsprüfung soll anwendungsbezogen durchgeführt werden und in der Regel nicht länger als 20 Minuten dauern. Die Bewertungen der schriftlichen Prüfungsleistung und der mündlichen Ergänzungsprüfung werden zu einer Note zusammengefasst. Dabei wird die Bewertung der schriftlichen Prüfungsleistung doppelt gewichtet.</P></Content></text><fussnoten/></textdaten></norm>
<norm builddate="20221020213536" doknr="BJNR157600003BJNE000600000"><metadaten><jurabk>RestMeistPrV</jurabk><enbez>§ 5</enbez><titel format="parat">Handlungsspezifische Qualifikationen</titel></metadaten><textdaten><text format="XML"><Content><P>(1) Im Qualifikationsschwerpunkt &quot;Gäste betreuen und beraten&quot; soll die Fähigkeit nachgewiesen werden, die Vermarktung und Präsentation von Speisen, Getränken und Dienstleistungen planen, durchführen und kontrollieren sowie Gäste ziel- und sachgerecht beraten zu können. In diesem Rahmen können folgende Qualifikationsinhalte geprüft werden: <DL Font="normal" Type="arabic"><DT>1.</DT><DD Font="normal"><LA Size="normal">Individuelle Angebote für Speisen, Getränke und gastronomische Dienstleistungen unter Beachtung ernährungswissenschaftlicher Grundsätze erstellen,</LA></DD> <DT>2.</DT><DD Font="normal"><LA Size="normal">Konzepte für Festlichkeiten und Sonderveranstaltungen entwickeln und umsetzen,</LA></DD> <DT>3.</DT><DD Font="normal"><LA Size="normal">Individuelle Bedürfnisse der Gäste erkennen und darauf eingehen,</LA></DD> <DT>4.</DT><DD Font="normal"><LA Size="normal">Methoden der Gesprächsführung und Umgangsformen beherrschen und anwenden,</LA></DD> <DT>5.</DT><DD Font="normal"><LA Size="normal">Speisen, Getränke und Dienstleistungen verkaufsfördernd anbieten.</LA></DD> </DL> </P><P>(2) Im Qualifikationsschwerpunkt &quot;Mitarbeiter führen und fördern&quot; soll die Fähigkeit nachgewiesen werden, den Personalbedarf ermitteln und den Personaleinsatz den Anforderungen entsprechend sicherstellen zu können. Dazu gehört insbesondere, Mitarbeiter durch die Anwendung geeigneter Führungsmethoden zielgerichtet zu eigenverantwortlichem Handeln führen zu können. Weiterhin gehört dazu die Fähigkeit, auf der Basis einer quantitativen und qualitativen Personalplanung eine systematische Personalentwicklung durchführen zu können. In diesem Rahmen können folgende Qualifikationsinhalte geprüft werden: <DL Font="normal" Type="arabic"><DT>1.</DT><DD Font="normal"><LA Size="normal">Quantitativen und qualitativen Personalbedarf bestimmen,</LA></DD> <DT>2.</DT><DD Font="normal"><LA Size="normal">Anforderungsprofile, Stellenplanungen und -beschreibungen erstellen,</LA></DD> <DT>3.</DT><DD Font="normal"><LA Size="normal">Mitarbeiter unter Berücksichtigung ihrer Eignung sowie der betrieblichen Anforderungen auswählen, einsetzen und motivieren,</LA></DD> <DT>4.</DT><DD Font="normal"><LA Size="normal">Mitarbeiter in deren Aufgabenbereich einführen, Arbeitsaufträge und Anweisungen erteilen und deren sachgerechte Ausführung überwachen,</LA></DD> <DT>5.</DT><DD Font="normal"><LA Size="normal">Maßnahmen der Personalentwicklung zur Qualifizierung und zielgerichteten Motivation unter Berücksichtigung des betrieblichen Bedarfs und der Mitarbeiterinteressen planen und veranlassen,</LA></DD> <DT>6.</DT><DD Font="normal"><LA Size="normal">Mitarbeiter bezüglich Leistung und Verhalten beurteilen und qualifizierte Zeugnisse ausstellen.</LA></DD> </DL> </P><P>(3) Im Qualifikationsschwerpunkt &quot;Abläufe planen, durchführen und kontrollieren&quot; soll die Fähigkeit nachgewiesen werden, Speise- und Getränkekarten konzipieren sowie betriebliche Abläufe planen, organisieren, kontrollieren und analysieren zu können. Es soll eine Kalkulation erstellt werden können. In diesem Rahmen können folgende Qualifikationsinhalte geprüft werden: <DL Font="normal" Type="arabic"><DT>1.</DT><DD Font="normal"><LA Size="normal">Konzepte für Speisen-, Getränkeangebote und gastronomische Dienstleistungen entwickeln und darstellen,</LA></DD> <DT>2.</DT><DD Font="normal"><LA Size="normal">Verkaufsfördernde Veranstaltungen und Aktionen planen, kalkulieren, organisieren und durchführen,</LA></DD> <DT>3.</DT><DD Font="normal"><LA Size="normal">Betriebs- und Arbeitsplatzorganisation auch unter Berücksichtigung der Möglichkeiten der Fremdvergabe entwickeln,</LA></DD> <DT>4.</DT><DD Font="normal"><LA Size="normal">Arbeits- und Zeitplanung erstellen,</LA></DD> <DT>5.</DT><DD Font="normal"><LA Size="normal">Kosten erfassen und kalkulieren, Preise bilden, Abrechnungen erstellen,</LA></DD> <DT>6.</DT><DD Font="normal"><LA Size="normal">Arbeitssicherheit sowie Hygiene- und Umweltschutzmaßnahmen gewährleisten.</LA></DD> </DL> </P><P>(4) Im Qualifikationsschwerpunkt &quot;Produkte beschaffen und pflegen&quot; soll die Fähigkeit nachgewiesen werden, Lebensmittel, Arbeitsmittel, Geräte und Dienstleistungen sowie Gebrauchsgüter in erforderlicher Qualität und Quantität kostenbewusst beschaffen zu können. Es soll unter Beachtung einschlägiger Rechtsvorschriften die sachgerechte Versorgung, Pflege, Lagerung und Vorbereitung der Waren und Geräte sichergestellt werden können. In diesem Rahmen können folgende Qualifikationsinhalte geprüft werden: <DL Font="normal" Type="arabic"><DT>1.</DT><DD Font="normal"><LA Size="normal">Bezugsquellen erschließen, vergleichen und nutzen,</LA></DD> <DT>2.</DT><DD Font="normal"><LA Size="normal">Angebote vergleichen und beurteilen,</LA></DD> <DT>3.</DT><DD Font="normal"><LA Size="normal">Waren sachgerecht lagern,</LA></DD> <DT>4.</DT><DD Font="normal"><LA Size="normal">Gebrauchsgüter sachgerecht für den Arbeitseinsatz vorbereiten und pflegen,</LA></DD> <DT>5.</DT><DD Font="normal"><LA Size="normal">Produktpflege gewährleisten, Energie wirtschaftlich einsetzen,</LA></DD> <DT>6.</DT><DD Font="normal"><LA Size="normal">Erforderliche Investitionen begründen.</LA></DD> </DL> </P><P>(5) Im Qualifikationsschwerpunkt &quot;Gäste bewirten&quot; soll die Fähigkeit nachgewiesen werden, auf der Grundlage von Produktkenntnissen in den Gasträumen Speisen und Getränke zubereiten, präsentieren und servieren sowie Vor- und Nachbereitungsarbeiten ausführen zu können. In diesem Rahmen können folgende Qualifikationsinhalte geprüft werden: <DL Font="normal" Type="arabic"><DT>1.</DT><DD Font="normal"><LA Size="normal">Speisen unter Berücksichtigung zeitgemäßer Regeln und Techniken vor- und zubereiten sowie servieren,</LA></DD> <DT>2.</DT><DD Font="normal"><LA Size="normal">Getränke fachgerecht bereitstellen und servieren,</LA></DD> <DT>3.</DT><DD Font="normal"><LA Size="normal">Vorbereiten und herrichten von Restaurant- und Veranstaltungsräumen unter Berücksichtigung des Anlasses sowie der Speisen und Getränke.</LA></DD> </DL> </P><P>(6) Die Qualifikationsschwerpunkte gemäß den Absätzen 1 bis 5 sind jeweils in Form einer anwendungsbezogenen Aufgabe zu prüfen. Die Aufgaben sind so zu gestalten, dass alle Qualifikationsinhalte des jeweiligen Qualifikationsschwerpunkts mindestens einmal thematisiert werden. Die Prüfungsdauer für die Bearbeitung der Aufgaben soll für den Qualifikationsschwerpunkt gemäß Absatz 1 mindestens 60 Minuten, für den Qualifikationsschwerpunkt gemäß Absatz 2 mindestens 60 Minuten, für den Qualifikationsschwerpunkt gemäß Absatz 3 mindestens 90 Minuten, für den Qualifikationsschwerpunkt gemäß Absatz 4 mindestens 90 Minuten und für den Qualifikationsschwerpunkt gemäß Absatz 5 mindestens 60 Minuten betragen. Insgesamt soll die Prüfungsdauer 390 Minuten nicht überschreiten.</P><P>(7) Wurden in nicht mehr als zwei schriftlichen Prüfungsleistungen gemäß den Absätzen 1 bis 5 mangelhafte Leistungen erbracht, ist darin eine mündliche Ergänzungsprüfung anzubieten. Bei einer oder mehreren ungenügenden schriftlichen Prüfungsleistungen besteht diese Möglichkeit nicht. Die Ergänzungsprüfung soll handlungsspezifisch und integriert durchgeführt werden und in der Regel nicht länger als 20 Minuten dauern. Die Bewertung der schriftlichen Prüfungsleistung und die der mündlichen Ergänzungsprüfung werden zu einer Note zusammengefasst. Dabei wird die Bewertung der schriftlichen Prüfungsleistung doppelt gewichtet.</P></Content> </text></textdaten></norm>
<norm builddate="20221020213536" doknr="BJNR157600003BJNE000700000"><metadaten><jurabk>RestMeistPrV</jurabk><enbez>§ 6</enbez><titel format="parat">Praktische Prüfung</titel></metadaten><textdaten><text format="XML"><Content><P>(1) Im Prüfungsteil &quot;Praktische Prüfung&quot; sind zwei Situationsaufgaben zu bearbeiten, die vollständige Handlungen beinhalten, wie sie für die betriebliche Praxis des Restaurantmeisters/der Restaurantmeisterin typisch sind. Es soll die Fähigkeit nachgewiesen werden, Produkte und Dienstleistungen aus dem Servicebereich planen, vermarkten und kontrollieren zu können. Es sollen die erforderlichen Maßnahmen durchgeführt und deren Qualität sichergestellt werden.</P><P>(2) Die erste Situationsaufgabe ist schriftlich und praktisch, die zweite praktisch und mündlich zu bearbeiten. Die erste Situationsaufgabe besteht aus der Erstellung eines Ablaufplans, der Organisation des Service sowie der Gestaltung der Tischdekoration nach Maßgabe des Prüfungsausschusses. Hierbei ist von einer Veranstaltung auszugehen, bei der eine fünfteilige Menüfolge mit korrespondierenden Getränken für zwei mal sechs Personen serviert wird. Eine Servicekraft ist bei der Planung zu berücksichtigen und bei der Durchführung einzusetzen. Bei der zweiten Situationsaufgabe sind drei praktische Arbeiten im Servicebereich mit einem anschließenden gastorientierten Gespräch durchzuführen. Diese sollen die Anwendung von unterschiedlichen Arbeitstechniken sowie die Zubereitung von Speisen und Getränken beinhalten. Die Situationsaufgaben sind so zu gestalten, dass die Qualifikationsinhalte gemäß Absatz 3 insgesamt mindestens einmal jeweils thematisiert werden. Die Prüfungsdauer der ersten Situationsaufgabe beträgt mindestens sieben Stunden, höchstens acht Stunden. Die Prüfungszeit für die zweite Situationsaufgabe beträgt mindestens zwei Stunden, höchstens jedoch drei Stunden, wobei das gastorientierte Gespräch mindestens 20 Minuten, höchstens jedoch 30 Minuten dauern soll.</P><P>(3) Im Rahmen der beiden Situationsaufgaben sind folgende Qualifikationsinhalte zu prüfen: <DL Font="normal" Type="arabic"><DT>1.</DT><DD Font="normal"><LA Size="normal">Erstellen eines Ablaufplans,</LA></DD> <DT>2.</DT><DD Font="normal"><LA Size="normal">Servicekraft einsetzen,</LA></DD> <DT>3.</DT><DD Font="normal"><LA Size="normal">Tische dekorieren,</LA></DD> <DT>4.</DT><DD Font="normal"><LA Size="normal">Service einschließlich aller Vor- und Nacharbeiten,</LA></DD> <DT>5.</DT><DD Font="normal"><LA Size="normal">Zubereiten einer Speise,</LA></DD> <DT>6.</DT><DD Font="normal"><LA Size="normal">Filieren oder Tranchieren oder Flambieren einer Speise,</LA></DD> <DT>7.</DT><DD Font="normal"><LA Size="normal">Zubereiten und Servieren eines Getränks,</LA></DD> <DT>8.</DT><DD Font="normal"><LA Size="normal">Vorbereiten und Durchführen von Gesprächen mit Gästen.</LA></DD> </DL></P></Content>  </text></textdaten></norm>
<norm builddate="20221020213536" doknr="BJNR157600003BJNE000800000"><metadaten><jurabk>RestMeistPrV</jurabk><enbez>§ 7</enbez><titel format="parat">Berufs- und arbeitspädagogische Qualifikationen</titel></metadaten><textdaten><text format="XML"><Content><P>Die &quot;Berufs- und arbeitspädagogischen Qualifikationen&quot; sind durch eine Prüfung gemäß der Ausbilder-Eignungsverordnung nachzuweisen.</P></Content></text></textdaten></norm>
<norm builddate="20221020213536" doknr="BJNR157600003BJNE000902128"><metadaten><jurabk>RestMeistPrV</jurabk><enbez>§ 8</enbez><titel format="XML">Befreiung von einzelnen Prüfungsbestandteilen</titel></metadaten><textdaten><text format="XML"><Content><P>Wird die zu prüfende Person nach § 56 Absatz 2 des Berufsbildungsgesetzes von der Ablegung einzelner Prüfungsbestandteile befreit, bleiben diese Prüfungsbestandteile für die Anwendung der §§ 9 und 10 außer Betracht. Für die übrigen Prüfungsbestandteile erhöhen sich die Anteile nach § 9 Absatz 2 Satz 2 oder Absatz 3 Satz 2 oder Absatz 4 Satz 2 oder § 10 Absatz 4 Satz 1 entsprechend ihrem Verhältnis zueinander. Allein diese Prüfungsbestandteile sind den Entscheidungen des Prüfungsausschusses zugrunde zu legen.</P></Content></text><fussnoten><Content><P>(+++ Zur Anwendung vgl. §§ 1 u. 3 FortbVenÄndV6AnwV +++)</P></Content></fussnoten></textdaten></norm>
<norm builddate="20221020213536" doknr="BJNR157600003BJNE001002128"><metadaten><jurabk>RestMeistPrV</jurabk><enbez>§ 9</enbez><titel format="XML">Bewerten der Prüfungsleistungen</titel></metadaten><textdaten><text format="XML"><Content><P>(1) Jede Prüfungsleistung ist nach Maßgabe der Anlage 1 mit Punkten zu bewerten.</P><P>(2) Im Prüfungsteil „Wirtschaftsbezogene Qualifikationen“ sind die Prüfungsleistungen für jeden Qualifikationsbereich einzeln zu bewerten. Aus den einzelnen Bewertungen wird als Bewertung des Prüfungsteils das arithmetische Mittel berechnet.</P><P>(3) Im Prüfungsteil „Handlungsspezifische Qualifikationen“ sind die Prüfungsleistungen für jeden Qualifikationsschwerpunkt und für das situationsbezogene gastorientierte Fachgespräch einzeln zu bewerten. Aus den einzelnen Bewertungen wird als Bewertung des Prüfungsteils das arithmetische Mittel berechnet.</P><P>(4) Im Prüfungsteil „Praktische Prüfung“ sind als Prüfungsleistungen zu bewerten: <DL Font="normal" Type="arabic"><DT>1.</DT><DD Font="normal"><LA Size="normal">die erste Situationsaufgabe nach § 6 Absatz 2 Satz 2 und</LA></DD><DT>2.</DT><DD Font="normal"><LA Size="normal">die zweite Situationsaufgabe nach § 6 Absatz 2 Satz 5.</LA></DD></DL>Aus den Bewertungen der beiden Situationsaufgaben wird als zusammengefasste Bewertung des Prüfungsteils „Praktische Prüfung“ das gewichtete arithmetische Mittel berechnet. Dabei werden gewichtet: <DL Font="normal" Type="arabic"><DT>1.</DT><DD Font="normal"><LA Size="normal">die Bewertung der ersten Situationsaufgabe mit 75 Prozent und</LA></DD><DT>2.</DT><DD Font="normal"><LA Size="normal">die Bewertung der zweiten Situationsaufgabe mit 25 Prozent.</LA></DD></DL></P></Content></text><fussnoten><Content><P>(+++ Zur Anwendung vgl. §§ 1 u. 3 FortbVenÄndV6AnwV +++)</P></Content></fussnoten></textdaten></norm>
<norm builddate="20221020213536" doknr="BJNR157600003BJNE001600128"><metadaten><jurabk>RestMeistPrV</jurabk><enbez>§ 10</enbez><titel format="XML">Bestehen der Prüfung, Gesamtnote</titel></metadaten><textdaten><text format="XML"><Content><P>(1) Die Prüfung ist bestanden, wenn ohne Rundung in den folgenden Prüfungsleistungen jeweils mindestens 50 Punkte erreicht worden sind: <DL Font="normal" Type="arabic"><DT>1.</DT><DD Font="normal"><LA Size="normal">in jedem Qualifikationsbereich des Prüfungsteils „Wirtschaftsbezogene Qualifikationen“,</LA></DD><DT>2.</DT><DD Font="normal"><LA Size="normal">in jedem Qualifikationsschwerpunkt und im situationsbezogenen gastorientierten Fachgespräch des Prüfungsteils „Handlungsspezifische Qualifikationen“ und</LA></DD><DT>3.</DT><DD Font="normal"><LA Size="normal">in jeder der beiden Situationsaufgaben des Prüfungsteils „Praktische Prüfung“.</LA></DD></DL></P><P>(2) Ist die Prüfung bestanden, werden die Bewertungen für die Prüfungsteile „Wirtschaftsbezogene Qualifikationen“, „Handlungsspezifische Qualifikationen“ und „Praktische Prüfung“ jeweils kaufmännisch auf eine ganze Zahl gerundet.</P><P>(3) Den Bewertungen für die Prüfungsteile „Wirtschaftsbezogene Qualifikationen“, „Handlungsspezifische Qualifikationen“ und „Praktische Prüfung“ ist nach Anlage 1 die jeweilige Note als Dezimalzahl zuzuordnen.</P><P>(4) Für die Bildung einer Gesamtnote ist als Gesamtpunktzahl das arithmetische Mittel der Bewertungen der Prüfungsteile zu berechnen. Die Gesamtpunktzahl ist kaufmännisch auf eine ganze Zahl zu runden. Der gerundeten Gesamtpunktzahl wird nach Anlage 1 die Note als Dezimalzahl und die Note in Worten zugeordnet. Die zugeordnete Note ist die Gesamtnote.</P></Content></text><fussnoten><Content><P>(+++ Zur Anwendung vgl. §§ 1 u. 3 FortbVenÄndV6AnwV +++)</P></Content></fussnoten></textdaten></norm>
<norm builddate="20221020213536" doknr="BJNR157600003BJNE001700128"><metadaten><jurabk>RestMeistPrV</jurabk><enbez>§ 11</enbez><titel format="XML">Zeugnisse</titel></metadaten><textdaten><text format="XML"><Content><P>(1) Wer die Prüfung nach § 10 Absatz 1 bestanden hat, erhält von der zuständigen Stelle zwei Zeugnisse nach Maßgabe der Anlage 2 Teil A und B.</P><P>(2) Auf dem Zeugnis mit den Inhalten nach Anlage 2 Teil B sind die Noten als Dezimalzahlen mit einer Nachkommastelle und die Gesamtnote als Dezimalzahl mit einer Nachkommastelle und in Worten anzugeben. Jede Befreiung nach § 8 ist mit Ort, Datum und der Bezeichnung des Prüfungsgremiums der anderen vergleichbaren Prüfung anzugeben.</P><P>(3) Die Zeugnisse können zusätzliche nicht amtliche Bemerkungen zur Information (Bemerkungen) enthalten, insbesondere <DL Font="normal" Type="arabic"><DT>1.</DT><DD Font="normal"><LA Size="normal">über den erworbenen Abschluss oder</LA></DD><DT>2.</DT><DD Font="normal"><LA Size="normal">auf Antrag der geprüften Person über während oder anlässlich der Fortbildung erworbene besondere oder zusätzliche Fertigkeiten, Kenntnisse und Fähigkeiten.</LA></DD></DL></P></Content></text><fussnoten><Content><P>(+++ Zur Anwendung vgl. §§ 1 u. 3 FortbVenÄndV6AnwV +++)</P></Content></fussnoten></textdaten></norm>
<norm builddate="20221020213536" doknr="BJNR157600003BJNE001101128"><metadaten><jurabk>RestMeistPrV</jurabk><enbez>§ 12</enbez><titel format="XML">Wiederholung der Prüfung</titel></metadaten><textdaten><text format="XML"><Content><P>(1) Jeder nicht bestandene Prüfungsteil kann zweimal wiederholt werden.</P><P>(2) Wer an einer Wiederholungsprüfung teilnimmt und sich innerhalb von zwei Jahren, gerechnet vom Tage der Beendigung des nicht bestandenen Prüfungsteils an, zur Wiederholungsprüfung angemeldet hat, ist auf Antrag von der Prüfung von einzelnen Prüfungsleistungen zu befreien, wenn die in einer vorangegangenen Prüfung erbrachten Leistungen ausgereicht haben. Der Antrag kann sich auch darauf richten, bestandene Prüfungsleistungen zu wiederholen. Wird eine bestandene Prüfungsleistung erneut geprüft, ist das letzte Ergebnis zu berücksichtigen.</P></Content></text><fussnoten><Content><P>(+++ Zur Anwendung vgl. §§ 1 u. 3 FortbVenÄndV6AnwV +++)</P></Content></fussnoten></textdaten></norm>
<norm builddate="20221020213536" doknr="BJNR157600003BJNE001202128"><metadaten><jurabk>RestMeistPrV</jurabk><enbez>§ 13</enbez><titel format="XML">Übergangsvorschrift</titel></metadaten><textdaten><text format="XML"><Content><P>Die bis zum Ablauf des 31. August 2009 begonnenen Prüfungsverfahren können nach den bisherigen Vorschriften bis zum 31. Dezember 2011 zu Ende geführt werden.</P></Content></text><fussnoten><Content><P>(+++ Zur Anwendung vgl. §§ 1 u. 3 FortbVenÄndV6AnwV +++)</P></Content></fussnoten></textdaten></norm>
<norm builddate="20221020213536" doknr="BJNR157600003BJNE001301128"><metadaten><jurabk>RestMeistPrV</jurabk><enbez>§ 14</enbez><titel format="XML">Inkrafttreten</titel></metadaten><textdaten><text format="XML"><Content><P>Diese Verordnung tritt am 1. Oktober 2003 in Kraft.</P></Content></text><fussnoten><Content><P>(+++ Zur Anwendung vgl. §§ 1 u. 3 FortbVenÄndV6AnwV +++)</P></Content></fussnoten></textdaten></norm>
<norm builddate="20221020213536" doknr="BJNR157600003BJNE001404128"><metadaten><jurabk>RestMeistPrV</jurabk><enbez>Anlage 1</enbez><titel format="XML">(zu den §§ 9 und 10)<BR/>Bewertungsmaßstab und -schlüssel</titel></metadaten><textdaten><text format="XML"><Content><P><noindex><kommentar typ="Fundstelle">(Fundstelle: BGBl. I 2019, 2251 – 2252)</kommentar></noindex><BR/><BR/></P><table colsep="1" frame="all" pgwide="1" rowsep="1" tabstyle="Bewertung" tocentry="%yes;"><tgroup align="left" char="" charoff="50" cols="4"><colspec align="center" colname="col1" colnum="1" colwidth="26*"/><colspec align="center" colname="col2" colnum="2" colwidth="26*"/><colspec align="center" colname="col3" colnum="3" colwidth="33*"/><colspec align="justify" colname="col4" colnum="4" colwidth="74*"/><thead valign="bottom"><row><entry VJ="1" colname="col1" valign="middle">Punkte</entry><entry VJ="1" colname="col2" valign="middle">Note<BR/>als Dezimalzahl</entry><entry VJ="1" colname="col3" valign="middle">Note<BR/> in Worten</entry><entry VJ="1" align="center" colname="col4" valign="middle">Definition</entry></row></thead><tbody valign="top"><row><entry VJ="1" colname="col1" valign="middle">100</entry><entry VJ="1" colname="col2" valign="middle">1,0</entry><entry VJ="1" colname="col3" morerows="4" valign="middle">sehr gut</entry><entry VJ="1" colname="col4" morerows="4" valign="middle">eine Leistung, die den Anforderungen in besonderem Maß entspricht</entry></row><row><entry VJ="1" colname="col1" valign="middle">98 und 99</entry><entry VJ="1" colname="col2" valign="middle">1,1</entry></row><row><entry VJ="1" colname="col1" valign="middle">96 und 97</entry><entry VJ="1" colname="col2" valign="middle">1,2</entry></row><row><entry VJ="1" colname="col1" valign="middle">94 und 95</entry><entry VJ="1" colname="col2" valign="middle">1,3</entry></row><row><entry VJ="1" colname="col1" valign="middle">92 und 93</entry><entry VJ="1" colname="col2" valign="middle">1,4</entry></row><row><entry VJ="1" colname="col1" valign="middle">91</entry><entry VJ="1" colname="col2" valign="middle">1,5</entry><entry VJ="1" colname="col3" morerows="9" valign="middle">gut</entry><entry VJ="1" colname="col4" morerows="9" valign="middle">eine Leistung, die den Anforderungen voll entspricht</entry></row><row><entry VJ="1" colname="col1" valign="middle">90</entry><entry VJ="1" colname="col2" valign="middle">1,6</entry></row><row><entry VJ="1" colname="col1" valign="middle">89</entry><entry VJ="1" colname="col2" valign="middle">1,7</entry></row><row><entry VJ="1" colname="col1" valign="middle">88</entry><entry VJ="1" colname="col2" valign="middle">1,8</entry></row><row><entry VJ="1" colname="col1" valign="middle">87</entry><entry VJ="1" colname="col2" valign="middle">1,9</entry></row><row><entry VJ="1" colname="col1" valign="middle">85 und 86</entry><entry VJ="1" colname="col2" valign="middle">2,0</entry></row><row><entry VJ="1" colname="col1" valign="middle">84</entry><entry VJ="1" colname="col2" valign="middle">2,1</entry></row><row><entry VJ="1" colname="col1" valign="middle">83</entry><entry VJ="1" colname="col2" valign="middle">2,2</entry></row><row><entry VJ="1" colname="col1" valign="middle">82</entry><entry VJ="1" colname="col2" valign="middle">2,3</entry></row><row><entry VJ="1" colname="col1" valign="middle">81</entry><entry VJ="1" colname="col2" valign="middle">2,4</entry></row><row><entry VJ="1" colname="col1" valign="middle">79 und 80</entry><entry VJ="1" colname="col2" valign="middle">2,5</entry><entry VJ="1" colname="col3" morerows="9" valign="middle">befriedigend</entry><entry VJ="1" colname="col4" morerows="9" valign="middle">eine Leistung, die den Anforderungen im Allgemeinen entspricht</entry></row><row><entry VJ="1" colname="col1" valign="middle">78</entry><entry VJ="1" colname="col2" valign="middle">2,6</entry></row><row><entry VJ="1" colname="col1" valign="middle">77</entry><entry VJ="1" colname="col2" valign="middle">2,7</entry></row><row><entry VJ="1" colname="col1" valign="middle">75 und 76</entry><entry VJ="1" colname="col2" valign="middle">2,8</entry></row><row><entry VJ="1" colname="col1" valign="middle">74</entry><entry VJ="1" colname="col2" valign="middle">2,9</entry></row><row><entry VJ="1" colname="col1" valign="middle">72 und 73</entry><entry VJ="1" colname="col2" valign="middle">3,0</entry></row><row><entry VJ="1" colname="col1" valign="middle">71</entry><entry VJ="1" colname="col2" valign="middle">3,1</entry></row><row><entry VJ="1" colname="col1" valign="middle">70</entry><entry VJ="1" colname="col2" valign="middle">3,2</entry></row><row><entry VJ="1" colname="col1" valign="middle">68 und 69</entry><entry VJ="1" colname="col2" valign="middle">3,3</entry></row><row><entry VJ="1" colname="col1" valign="middle">67</entry><entry VJ="1" colname="col2" valign="middle">3,4</entry></row><row><entry VJ="1" colname="col1" valign="middle">65 und 66</entry><entry VJ="1" colname="col2" valign="middle">3,5</entry><entry VJ="1" colname="col3" morerows="9" valign="middle">ausreichend</entry><entry VJ="1" colname="col4" morerows="9" valign="middle">eine Leistung, die zwar Mängel aufweist, aber im Ganzen den Anforderungen noch entspricht</entry></row><row><entry VJ="1" colname="col1" valign="middle">63 und 64</entry><entry VJ="1" colname="col2" valign="middle">3,6</entry></row><row><entry VJ="1" colname="col1" valign="middle">62</entry><entry VJ="1" colname="col2" valign="middle">3,7</entry></row><row><entry VJ="1" colname="col1" valign="middle">60 und 61</entry><entry VJ="1" colname="col2" valign="middle">3,8</entry></row><row><entry VJ="1" colname="col1" valign="middle">58 und 59</entry><entry VJ="1" colname="col2" valign="middle">3,9</entry></row><row><entry VJ="1" colname="col1" valign="middle">56 und 57</entry><entry VJ="1" colname="col2" valign="middle">4,0</entry></row><row><entry VJ="1" colname="col1" valign="middle">55</entry><entry VJ="1" colname="col2" valign="middle">4,1</entry></row><row><entry VJ="1" colname="col1" valign="middle">53 und 54</entry><entry VJ="1" colname="col2" valign="middle">4,2</entry></row><row><entry VJ="1" colname="col1" valign="middle">51 und 52</entry><entry VJ="1" colname="col2" valign="middle">4,3</entry></row><row><entry VJ="1" colname="col1" valign="middle">50</entry><entry VJ="1" colname="col2" valign="middle">4,4</entry></row><row><entry VJ="1" colname="col1" valign="middle">48 und 49</entry><entry VJ="1" colname="col2" valign="middle">4,5</entry><entry VJ="1" colname="col3" morerows="9" valign="middle">mangelhaft</entry><entry VJ="1" colname="col4" morerows="9" valign="middle">eine Leistung, die den Anforderungen nicht entspricht, jedoch erkennen lässt, dass gewisse Grundkenntnisse noch vorhanden sind</entry></row><row><entry VJ="1" colname="col1" valign="middle">46 und 47</entry><entry VJ="1" colname="col2" valign="middle">4,6</entry></row><row><entry VJ="1" colname="col1" valign="middle">44 und 45</entry><entry VJ="1" colname="col2" valign="middle">4,7</entry></row><row><entry VJ="1" colname="col1" valign="middle">42 und 43</entry><entry VJ="1" colname="col2" valign="middle">4,8</entry></row><row><entry VJ="1" colname="col1" valign="middle">40 und 41</entry><entry VJ="1" colname="col2" valign="middle">4,9</entry></row><row><entry VJ="1" colname="col1" valign="middle">38 und 39</entry><entry VJ="1" colname="col2" valign="middle">5,0</entry></row><row><entry VJ="1" colname="col1" valign="middle">36 und 37</entry><entry VJ="1" colname="col2" valign="middle">5,1</entry></row><row><entry VJ="1" colname="col1" valign="middle">34 und 35</entry><entry VJ="1" colname="col2" valign="middle">5,2</entry></row><row><entry VJ="1" colname="col1" valign="middle">32 und 33</entry><entry VJ="1" colname="col2" valign="middle">5,3</entry></row><row><entry VJ="1" colname="col1" valign="middle">30 und 31</entry><entry VJ="1" colname="col2" valign="middle">5,4</entry></row><row><entry VJ="1" colname="col1" valign="middle">25 bis 29</entry><entry VJ="1" colname="col2" valign="middle">5,5</entry><entry VJ="1" colname="col3" morerows="5" valign="middle">ungenügend</entry><entry VJ="1" colname="col4" morerows="5" valign="middle">eine Leistung, die den Anforderungen nicht entspricht und bei der selbst Grundkenntnisse fehlen</entry></row><row><entry VJ="1" colname="col1" valign="middle">20 bis 24</entry><entry VJ="1" colname="col2" valign="middle">5,6</entry></row><row><entry VJ="1" colname="col1" valign="middle">15 bis 19</entry><entry VJ="1" colname="col2" valign="middle">5,7</entry></row><row><entry VJ="1" colname="col1" valign="middle">10 bis 14</entry><entry VJ="1" colname="col2" valign="middle">5,8</entry></row><row><entry VJ="1" colname="col1" valign="middle">5 bis 9</entry><entry VJ="1" colname="col2" valign="middle">5,9</entry></row><row><entry VJ="1" colname="col1" valign="middle">0 bis 4</entry><entry VJ="1" colname="col2" valign="middle">6,0</entry></row></tbody></tgroup></table></Content></text><fussnoten><Content><P>(+++ Zur Anwendung vgl. §§ 1 u. 3 FortbVenÄndV6AnwV +++)</P></Content></fussnoten></textdaten></norm>
<norm builddate="20221020213536" doknr="BJNR157600003BJNE001504128"><metadaten><jurabk>RestMeistPrV</jurabk><enbez>Anlage 2</enbez><titel format="XML">(zu § 11)<BR/>Zeugnisinhalte</titel></metadaten><textdaten><text format="XML"><Content><P><noindex><kommentar typ="Fundstelle">(Fundstelle: BGBl. I 2019, 2253)</kommentar></noindex><BR/><BR/></P><P><SP>Teil A – Zeugnis ohne Prüfungsergebnisse:</SP><DL Font="normal" Type="arabic"><DT>1.</DT><DD Font="normal"><LA Size="normal">Bezeichnung der ausstellenden Behörde,</LA></DD><DT>2.</DT><DD Font="normal"><LA Size="normal">Name und Geburtsdatum der geprüften Person,</LA></DD><DT>3.</DT><DD Font="normal"><LA Size="normal">Datum des Bestehens der Prüfung,</LA></DD><DT>4.</DT><DD Font="normal"><LA Size="normal">Bezeichnung des erworbenen Fortbildungsabschlusses nach § 1 Absatz 3,</LA></DD><DT>5.</DT><DD Font="normal"><LA Size="normal">Bezeichnung und Fundstelle dieser Fortbildungsordnung nach den Angaben im Bundesgesetzblatt unter Berücksichtigung erfolgter Änderungen dieser Verordnung,</LA></DD><DT>6.</DT><DD Font="normal"><LA Size="normal">Datum der Ausstellung des Zeugnisses samt Unterschrift der zuständigen Stelle.</LA></DD></DL></P><P><SP>Teil B – Zeugnis mit Prüfungsergebnissen:</SP></P><P>Alle Angaben des Teils A sowie zusätzlich: <DL Font="normal" Type="arabic"><DT>1.</DT><DD Font="normal"><LA Size="normal">zum Prüfungsteil „Wirtschaftsbezogene Qualifikationen“ <DL Font="normal" Type="alpha"><DT>a)</DT><DD Font="normal"><LA Size="normal">Benennung dieses Prüfungsteils mit Note,</LA></DD><DT>b)</DT><DD Font="normal"><LA Size="normal">Benennung und Bewertung der vier Qualifikationsbereiche dieses Prüfungsteils mit Punkten,</LA></DD></DL></LA></DD><DT>2.</DT><DD Font="normal"><LA Size="normal">zum Prüfungsteil „Handlungsspezifische Qualifikationen“ <DL Font="normal" Type="alpha"><DT>a)</DT><DD Font="normal"><LA Size="normal">Benennung dieses Prüfungsteils mit Note,</LA></DD><DT>b)</DT><DD Font="normal"><LA Size="normal">Benennung und Bewertung der fünf Qualifikationsschwerpunkte und des situationsbezogenen gastorientierten Fachgesprächs dieses Prüfungsteils mit Punkten,</LA></DD></DL></LA></DD><DT>3.</DT><DD Font="normal"><LA Size="normal">zum Prüfungsteil „Praktische Prüfung“ <DL Font="normal" Type="alpha"><DT>a)</DT><DD Font="normal"><LA Size="normal">Benennung dieses Prüfungsteils mit Note,</LA></DD><DT>b)</DT><DD Font="normal"><LA Size="normal">Benennung und Bewertung der ersten Situationsaufgabe (schriftlich und praktisch) und der zweiten Situationsaufgabe (praktisch und mündlich) dieses Prüfungsteils mit Punkten,</LA></DD></DL></LA></DD><DT>4.</DT><DD Font="normal"><LA Size="normal">die errechnete Gesamtpunktzahl für die gesamte Prüfung,</LA></DD><DT>5.</DT><DD Font="normal"><LA Size="normal">die Gesamtnote als Dezimalzahl,</LA></DD><DT>6.</DT><DD Font="normal"><LA Size="normal">die Gesamtnote in Worten,</LA></DD><DT>7.</DT><DD Font="normal"><LA Size="normal">Befreiungen nach § 8,</LA></DD><DT>8.</DT><DD Font="normal"><LA Size="normal">Vorliegen des Nachweises über den Erwerb der berufs- und arbeitspädagogischen Qualifikationen nach § 2 Absatz 4.</LA></DD></DL></P></Content></text><fussnoten><Content><P>(+++ Zur Anwendung vgl. §§ 1 u. 3 FortbVenÄndV6AnwV +++)</P></Content></fussnoten></textdaten></norm>
</dokumente>