<?xml version="1.0" encoding="UTF-8" ?><!DOCTYPE dokumente SYSTEM "http://www.gesetze-im-internet.de/dtd/1.01/gii-norm.dtd">
<dokumente builddate="20130405124723" doknr="BJNR003720989"><norm builddate="20130405124723" doknr="BJNR003720989"><metadaten><jurabk>AUG§1Abs2Bek 02-1989</jurabk><ausfertigung-datum manuell="ja">1989-02-24</ausfertigung-datum><fundstelle typ="amtlich"><periodikum>BGBl I</periodikum><zitstelle>1989, 372</zitstelle></fundstelle><langue>Sechste Bekanntmachung über die Feststellung der Gegenseitigkeit gemäß §
1 Abs. 2 des Auslandsunterhaltsgesetzes</langue></metadaten><textdaten><text format="XML"><Content><P/></Content></text><fussnoten><Content><P>(+++ Textnachweis ab: 10. 3.1989 +++)</P></Content></fussnoten></textdaten></norm>
<norm builddate="20130405124723" doknr="BJNR003720989BJNE000100325"><metadaten><jurabk>AUG§1Abs2Bek 02-1989</jurabk><enbez>(XXXX)</enbez></metadaten><textdaten><text format="XML"><Content><P>Auf Grund des § 1 Abs. 2 des Auslandsunterhaltsgesetzes vom 19. Dezember 1986 (BGBl. I S. 2563) wird bekanntgemacht, daß die Gegenseitigkeit im Sinne dieses Gesetzes im Verhältnis zu folgenden Staaten verbürgt ist: <DL Font="normal" Type="arabic"><DT>1.</DT><DD Font="normal"><LA Size="normal">In den Vereinigten Staaten von Amerika:<DL Font="normal" Type="arabic"><DT>a)</DT><DD Font="normal"><LA Size="normal">New Mexico</LA><LA Size="normal">Pennsylvania</LA><LA Size="normal">Vermont</LA></DD><DT>b)</DT><DD Font="normal"><LA Size="normal">beschränkt auf Kindesunterhalt:</LA><LA Size="normal">Wisconsin</LA></DD></DL></LA></DD><DT>2.</DT><DD Font="normal"><LA Size="normal">In Kanada:</LA><LA Size="normal">Britisch Kolumbien</LA><LA Size="normal">Neufundland und Labrador</LA></DD></DL>Diese Bekanntmachung ergeht im Anschluß an die Bekanntmachung vom 27. September 1988 (BGBl. I S. 1784).<BR/><BR/><SP>Der Bundesminister der Justiz</SP></P></Content></text></textdaten></norm>
</dokumente>