<?xml version="1.0" encoding="UTF-8" ?><!DOCTYPE dokumente SYSTEM "http://www.gesetze-im-internet.de/dtd/1.01/gii-norm.dtd">
<dokumente builddate="20130405125733" doknr="BJNR015250986"><norm builddate="20130405125733" doknr="BJNR015250986"><metadaten><jurabk>Münz5DMBek 1986-09</jurabk><ausfertigung-datum manuell="ja">1986-09-17</ausfertigung-datum><fundstelle typ="amtlich"><periodikum>BGBl I</periodikum><zitstelle>1986, 1525</zitstelle></fundstelle><langue>Bekanntmachung über die Ausprägung von Bundesmünzen im Nennwert von 5
Deutschen Mark (Gedenkmünze Friedrich der Große)</langue></metadaten><textdaten><text format="XML"><Content><P/></Content></text><fussnoten><Content><P>(+++ Textnachweis ab: 19.9.1986 +++)</P></Content></fussnoten></textdaten></norm>
<norm builddate="20130405125733" doknr="BJNR015250986BJNE000100307"><metadaten><jurabk>Münz5DMBek 1986-09</jurabk><enbez>(XXXX)</enbez></metadaten><textdaten><text format="XML"><Content><P>(1) Auf Grund des § 6 des Gesetzes über die Ausprägung von Scheidemünzen in der im Bundesgesetzblatt Teil III, Gliederungsnummer 690-1, veröffentlichten bereinigten Fassung hat die Bundesregierung beschlossen, aus Anlaß des 200. Todestages von Friedrich dem Großen im Jahre 1986 eine Bundesmünze (Gedenkmünze) im Nennwert von 5 Deutschen Mark prägen zu lassen. Die Auflage der Münze beträgt 8,35 Millionen Stück. Die Prägung erfolgt in der Staatlichen Münze Stuttgart.</P><P>(2) Die Münze wird ab 22. Oktober 1986 in den Verkehr gebracht.</P><P>(3) Die Münze besteht überwiegend aus einer Kupfer-Nickel-Legierung (75 Prozent Kupfer und 25 Prozent Nickel). Sie enthält einen Reinnickelkern. Der Durchmesser beträgt 29 Millimeter, das Gewicht 10 Gramm.</P><P>(4) Das Gepräge auf beiden Seiten ist erhaben und wird von einem schützenden glatten Randstab umgeben.</P><P>(5) Die Bildseite zeigt ein Brustbild von Friedrich dem Großen im Profil mit Dreispitz und großem Ordensstern.<BR/>Die Umschrift lautet: <BR/><table frame="none" tocentry="%yes;"><tgroup align="left" char="" charoff="50" cols="1"><colspec colname="col1" colnum="1" colwidth="20*"/><tbody valign="top"><row><entry VJ="1" align="left" colsep="0" valign="top">&quot;FRIEDRICH DER GROSSE 1712 1786&quot;.</entry></row></tbody></tgroup></table></P><P>(6) Die Wertseite trägt einen Adler, die Jahreszahl 1986, das Münzzeichen &quot;F&quot; der Staatlichen Münze Stuttgart und die Umschrift: <DL Font="normal" Type="arabic"><DT/><DD Font="normal"><LA Size="normal">&quot;BUNDESREPUBLIK DEUTSCHLAND<DL Font="normal" Type="arabic"><DT/><DD Font="normal"><LA Size="normal">5 DEUTSCHE MARK&quot;.</LA></DD></DL></LA></DD></DL></P><P>(7) Die Jahreszahl 1986 ist Teil der Umschrift und schließt sich dem Wort <SP>&quot;MARK&quot;</SP> an. Links davon im Feld (zwischen Jahreszahl und Adler) befindet sich das Münzzeichen &quot;F&quot;.<DL Font="normal" Type="arabic"><DT/><DD Font="normal"><LA Size="normal">Der glatte Münzrand enthält die vertiefte Inschrift:</LA><LA Size="normal">&quot;ICH BIN DER ERSTE DIENER MEINES STAATES&quot;.</LA></DD></DL></P><P>(8) Zwischen Ende und Anfang der Randschrift ist ein fünfeckiger Stern eingeprägt.</P><P>(9) Der Entwurf der Münze stammt von Carl Vezerfi-Clemm, München.<BR/><BR/><SP>Der Bundesminister der Finanzen</SP></P></Content></text></textdaten></norm>
<norm builddate="20130405125733" doknr="BJNR015250986BJNE000200307"><metadaten><jurabk>Münz5DMBek 1986-09</jurabk><enbez>(XXXX)</enbez><titel format="parat">Abbildung der Münzen</titel></metadaten><textdaten><text format="XML"><Content><P><ABWFORMAT typ="E"/><kommentar typ="Fundstelle">(Inhalt: nicht darstellbare Münzabbildungen, <BR/>Fundstelle: BGBl I 1986, 1525)</kommentar></P></Content></text></textdaten></norm>
</dokumente>