<?xml version="1.0" encoding="UTF-8" ?><!DOCTYPE dokumente SYSTEM "http://www.gesetze-im-internet.de/dtd/1.01/gii-norm.dtd">
<dokumente builddate="20201204213520" doknr="BJNR201200020"><norm builddate="20201204213520" doknr="BJNR201200020"><metadaten><jurabk>Münz5EuroBek 2020-08-20</jurabk><ausfertigung-datum manuell="ja">2020-08-20</ausfertigung-datum><fundstelle typ="amtlich"><periodikum>BGBl I</periodikum><zitstelle>2020, 2012</zitstelle></fundstelle><langue>Bekanntmachung über die Ausprägung von deutschen Euro-Gedenkmünzen im Nennwert von 5 Euro (Gedenkmünze „Subpolare Zone“)</langue></metadaten><textdaten><fussnoten><Content><P><BR/> <pre xml:space="preserve">(+++ Textnachweis ab: 28.9.2020 +++)<BR/><BR/></pre></P></Content></fussnoten></textdaten></norm>
<norm builddate="20201204213520" doknr="BJNR201200020BJNE000100000"><metadaten><jurabk>Münz5EuroBek 2020-08-20</jurabk><enbez>(XXXX)</enbez></metadaten><textdaten><text format="XML"><Content><P>Gemäß den §§ 2, 4 und 5 des Münzgesetzes vom 16. Dezember 1999 (BGBl. I S. 2402) hat die Bundesregierung beschlossen, eine 5-Euro-Sammlermünze „Subpolare Zone“ mit einem türkisfarbenen Kunststoffring prägen zu lassen. Die Münze ist die vierte Ausgabe einer fünfteiligen Serie „Klimazonen der Erde“, in der von 2017 bis 2021 jeweils eine Ausgabe pro Jahr erscheint.</P><P>Die Auflage der Münze beträgt 3,4 Millionen Stück, davon 400 000 Stück in Spiegelglanzqualität. Die Münze wird zu gleichen Teilen in den Münzstätten Berlin, München, Stuttgart, Karlsruhe und Hamburg geprägt. Sie besteht aus drei Komponenten: Einem äußeren Ring und einem inneren Kern (Pille) aus Metall (CuNi25/CuNi19) sowie einem prägbaren, zwischen Ring und Pille eingefügten, Polymerring. Die Münze hat einen Durchmesser von 27,25 Millimetern und eine Masse von 9 Gramm. Das Gepräge auf beiden Seiten ist erhaben und wird von einem schützenden, glatten Randstab umgeben.</P><P>Die Münze wird ab dem 10. September 2020 in den Verkehr gebracht.</P><P>Die Bildseite zeigt die Weite der subpolaren Landschaft. Das ins Zentrum gesetzte Rentier charakterisiert die Klimazone. Durch die stärkere Textur der Landschaftselemente wird die Dreidimensionalität hervorgehoben, ohne die relative Leere subarktischer Landschaft zu überdecken.</P><P>Die Wertseite zeigt einen Adler, den Schriftzug „BUNDESREPUBLIK DEUTSCHLAND“, Wertziffer und Wertbezeichnung, die Jahreszahl 2020, die zwölf Europasterne sowie – je nach Prägestätte – das Münzzeichen „A“ (Berlin), „D“ (München), „F“ (Stuttgart), „G“ (Karlsruhe) oder „J“ (Hamburg).</P><P>Der glatte Münzrand enthält in vertiefter Prägung die Inschrift:</P><P>„KLIMAZONEN DER ERDE <F>•</F>“.</P><P>Der Entwurf der Bildseite stammt von der Künstlerin Natalie Tekampe aus Egenhofen. Die Wertseite, die für alle Münzen der Serie verwendet wird, wurde von der Künstlerin Stefanie Radtke aus Leipzig gestaltet.</P></Content></text></textdaten></norm>
<norm builddate="20201204213520" doknr="BJNR201200020BJNE000200000"><metadaten><jurabk>Münz5EuroBek 2020-08-20</jurabk><enbez>Schlussformel</enbez></metadaten><textdaten><text format="XML"><Content><P><SP>Der Bundesminister der Finanzen</SP></P></Content></text></textdaten></norm>
<norm builddate="20201204213520" doknr="BJNR201200020BJNE000300000"><metadaten><jurabk>Münz5EuroBek 2020-08-20</jurabk><enbez>(XXXX)</enbez></metadaten><textdaten><text format="XML"><Content><P><noindex><kommentar typ="Fundstelle">(Fundstelle: BGBl. I 2020, 2012)</kommentar></noindex></P><P/><table frame="none" pgwide="1" tocentry="%yes;"><tgroup align="left" char="" charoff="50" cols="2"><colspec align="left" colname="col1" colwidth="82.30*"/><colspec align="right" colname="col2" colwidth="82.70*"/><tbody valign="top"><row><entry VJ="1" colname="col1" colsep="0"><IMG Align="center" Height="208" Pos="inline" SRC="bgbl1_2020_j2012-1_0010.jpg" Type="jpg" Units="72" Width="213" alt=""/></entry><entry VJ="1" colname="col2"><IMG Align="center" Height="208" Pos="inline" SRC="bgbl1_2020_j2012-1_0020.jpg" Type="jpg" Units="72" Width="213" alt=""/></entry></row></tbody></tgroup></table></Content></text></textdaten></norm>
</dokumente>