<?xml version="1.0" encoding="UTF-8" ?><!DOCTYPE dokumente SYSTEM "http://www.gesetze-im-internet.de/dtd/1.01/gii-norm.dtd">
<dokumente builddate="20131202132823" doknr="BJNR297300005"><norm builddate="20131202132823" doknr="BJNR297300005"><metadaten><jurabk>Münz10EuroBek 2005-09</jurabk><ausfertigung-datum manuell="ja">2005-09-29</ausfertigung-datum><fundstelle typ="amtlich"><periodikum>BGBl I</periodikum><zitstelle>2005, 2973</zitstelle></fundstelle><langue>Bekanntmachung über die Ausprägung von deutschen Euro-Gedenkmünzen im
Nennwert von 10 Euro (Gedenkmünze &quot;100 Jahre Friedensnobelpreis
- Bertha von Suttner&quot;)</langue></metadaten><textdaten><text format="XML"><Content><P/></Content></text><fussnoten><Content><P><BR/> <pre xml:space="preserve">(+++ Textnachweis ab: 18.10.2005 +++)<BR/><BR/></pre></P></Content></fussnoten></textdaten></norm>
<norm builddate="20131202132823" doknr="BJNR297300005BJNE000100000"><metadaten><jurabk>Münz10EuroBek 2005-09</jurabk><enbez>(XXXX)</enbez></metadaten><textdaten><text format="XML"><Content><P>Gemäß den §§ 2, 4 und 5 des Münzgesetzes vom 16. Dezember 1999 (BGBl. I S. 2402) hat die Bundesregierung beschlossen, zur Würdigung des 100. Jahrestages der Verleihung des Friedensnobelpreises an Bertha von Suttner eine deutsche Euro-Gedenkmünze im Nennwert von 10 Euro prägen zu lassen. <BR/>Die Auflage der Münze beträgt 2.100.000 Stück, darunter 300.000 Stück in Spiegelglanzausführung. Die Prägung erfolgt durch die Staatlichen Münzen Baden-Württemberg, Prägestätte Stuttgart. Die Münze wird ab dem 3. November 2005 in den Verkehr gebracht. Sie besteht aus einer Legierung von 925 Tausendteilen Silber und 75 Tausendteilen Kupfer, hat einen Durchmesser von 32,5 Millimetern und eine Masse von 18 Gramm. Das Gepräge auf beiden Seiten ist erhaben und wird von einem schützenden, glatten Randstab umgeben. <BR/>Die Bildseite zeigt - in künstlerisch überzeugender Form - die junge Bertha von Suttner vor dem Hintergrund eines stilisierten Buches. Zitiert wird der Titel ihres wichtigsten Werkes &quot;Die Waffen nieder!&quot;, das für ihr weiteres friedenspolitisches Wirken bahnbrechend war. Die Darstellung der Opfer des Krieges im unteren Segment unterstreicht die Aktualität dieses Themas in beeindruckender Weise. <BR/>Die Wertseite nimmt mit der Anordnung von Adler, Schrift und Europa-Sternen die gelungene Gestaltung der Bildseite hervorragend auf. Sie zeigt ferner die Wertziffer und Wertbezeichnung, die Jahreszahl 2005 sowie das Prägezeichen &quot;F&quot; der Staatlichen Münzen Baden-Württemberg, Prägestätte Stuttgart. <BR/>Der glatte Münzrand enthält in vertiefter Prägung die Inschrift: <BR/>&quot;EIPHNH PAX FRIEDEN EIPHNH PAX FRIEDEN&quot;. <BR/>Der Entwurf der Münze stammt von Herrn Bodo Broschat, Berlin.</P></Content></text></textdaten></norm>
<norm builddate="20131202132823" doknr="BJNR297300005BJNE000200000"><metadaten><jurabk>Münz10EuroBek 2005-09</jurabk><enbez>Schlussformel</enbez></metadaten><textdaten><text format="XML"><Content><P>Der Bundesminister der Finanzen</P></Content></text></textdaten></norm>
<norm builddate="20131202132823" doknr="BJNR297300005BJNE000300000"><metadaten><jurabk>Münz10EuroBek 2005-09</jurabk><enbez>(XXXX)</enbez></metadaten><textdaten><text format="XML"><Content><P><noindex><kommentar typ="Fundstelle"><BR/>(Fundstelle: BGBl. I 2005, 2973)</kommentar></noindex><BR/><BR/><IMG Align="center" Pos="block" SRC="bgbl1_2005_j2973_0010.jpg" alt=""/><BR/><BR/></P></Content></text></textdaten></norm>
</dokumente>