<?xml version="1.0" encoding="UTF-8" ?><!DOCTYPE dokumente SYSTEM "http://www.gesetze-im-internet.de/dtd/1.01/gii-norm.dtd">
<dokumente builddate="20220802213014" doknr="BJNR118210022"><norm builddate="20220802213014" doknr="BJNR118210022"><metadaten><jurabk>TerrOIBG</jurabk><amtabk>TerrOIBG</amtabk><ausfertigung-datum manuell="ja">2022-07-21</ausfertigung-datum><fundstelle typ="amtlich"><periodikum>BGBl I</periodikum><zitstelle>2022, 1182</zitstelle></fundstelle><kurzue>Terroristische-Online-Inhalte-Bekämpfungs-Gesetz</kurzue><langue>Gesetz zur Durchführung der Verordnung (EU) 2021/784 des Europäischen Parlaments und des Rates vom 29. April 2021 zur Bekämpfung der Verbreitung terroristischer Online-Inhalte</langue></metadaten><textdaten><fussnoten><Content><P><BR/> <pre xml:space="preserve">(+++ Textnachweis ab: 27.7.2022 +++)<BR/>(+++ Amtlicher Hinweis des Normgebers auf EG-Recht:<BR/>     Durchführung der<BR/>       EUV 2021/784            (CELEX Nr: 32021L0784) +++)<BR/><BR/></pre>Das G wurde als Artikel 1 des G v. 21.7.2022 I 1182 vom Bundestag mit Zustimmung des Bundesrates beschlossen. Es ist gem. Art. 7 Abs. 1 dieses G am 27.7.2022 in Kraft getreten.</P></Content></fussnoten></textdaten></norm>
<norm builddate="20220802213014" doknr="BJNR118210022BJNE000100000"><metadaten><jurabk>TerrOIBG</jurabk><enbez>§ 1</enbez><titel format="XML">Zuständigkeiten und Aufgaben</titel></metadaten><textdaten><text format="XML"><Content><P>(1) Das Bundeskriminalamt ist zuständige Behörde nach Artikel 12 Absatz 1 Buchstabe a und b der Verordnung (EU) 2021/784 des Europäischen Parlaments und des Rates vom 29. April 2021 zur Bekämpfung der Verbreitung terroristischer Online-Inhalte (ABl. L 172 vom 17.5.2021, S. 79) für den Erlass und die Überprüfung von Entfernungsanordnungen nach den Artikeln 3 und 4 der Verordnung (EU) 2021/784.</P><P>(2) Die Bundesnetzagentur für Elektrizität, Gas, Telekommunikation, Post und Eisenbahnen (Bundesnetzagentur) ist zuständige Behörde nach Artikel 12 Absatz 1 Buchstabe c und d der Verordnung (EU) 2021/784 für die Überwachung der Durchführung spezifischer Maßnahmen der Hostingdiensteanbieter nach Artikel 5 der Verordnung (EU) 2021/784 und für die Verhängung von Sanktionen nach Artikel 18 der Verordnung (EU) 2021/784.</P><P>(3) Das Bundeskriminalamt richtet nach Artikel 12 Absatz 2 der Verordnung (EU) 2021/784 eine Kontaktstelle ein. Das Bundeskriminalamt veröffentlicht Angaben zur Erreichbarkeit der Kontaktstelle auf seiner Internetseite.</P><P>(4) Das Bundeskriminalamt nimmt die Meldungen nach Artikel 14 Absatz 5 der Verordnung (EU) 2021/784 entgegen und verarbeitet diese im Rahmen seiner gesetzlichen Aufgaben nach dem Bundeskriminalamtgesetz.</P></Content></text></textdaten></norm>
<norm builddate="20220802213014" doknr="BJNR118210022BJNE000200000"><metadaten><jurabk>TerrOIBG</jurabk><enbez>§ 2</enbez><titel format="XML">Zusammenarbeit mit den Landesmedienanstalten</titel></metadaten><textdaten><text format="XML"><Content><P>Das Bundeskriminalamt beteiligt, soweit dies im Einzelfall geboten erscheint, bei dem Erlass und der Überprüfung von Entfernungsanordnungen nach den Artikeln 3 und 4 der Verordnung (EU) 2021/784 im Rahmen der Wahrnehmung seiner Aufgaben nach Artikel 12 Absatz 1 Buchstabe a und b der Verordnung (EU) 2021/784 die Landesmedienanstalten und gibt ihnen Gelegenheit, im Rahmen ihrer gesetzlichen Aufgaben Stellung dazu zu nehmen, ob es sich bei den vom Bundeskriminalamt zu bewertenden Inhalten um terroristische Inhalte im Sinne des Artikels 2 Nummer 7 der Verordnung (EU) 2021/784 handelt. Zu diesem Zweck kann das Bundeskriminalamt den Landesmedienanstalten die zu bewertenden Inhalte einschließlich der darin enthaltenen personenbezogenen Daten übermitteln. Die Einzelheiten der Zusammenarbeit regeln die beteiligten Stellen in einer Verwaltungsvereinbarung.</P></Content></text></textdaten></norm>
<norm builddate="20220802213014" doknr="BJNR118210022BJNE000300000"><metadaten><jurabk>TerrOIBG</jurabk><enbez>§ 3</enbez><titel format="XML">Übermittlungspflichten</titel></metadaten><textdaten><text format="XML"><Content><P>(1) Das Bundeskriminalamt übermittelt der Bundesnetzagentur kalenderjährlich die Informationen nach Artikel 21 Absatz 1 Satz 2 Buchstabe a und e der Verordnung (EU) 2021/784 aus seinem Zuständigkeitsbereich. Die Informationen sind bis zum 1. März des auf das Berichtsjahr folgenden Jahres zu übermitteln.</P><P>(2) Die Hostingdiensteanbieter übermitteln der Bundesnetzagentur kalenderjährlich Informationen nach Artikel 21 Absatz 1 Satz 2 Buchstabe c der Verordnung (EU) 2021/784. Die Informationen sind bis zum 1. März des auf das Berichtsjahr folgenden Jahres zu übermitteln.</P><P>(3) Die Bundesnetzagentur übermittelt die in Artikel 21 Absatz 1 der Verordnung (EU) 2021/784 genannten Informationen bis zum 31. März jeden Jahres an die Europäische Kommission.</P><P>(4) Das Bundeskriminalamt übermittelt der Bundesnetzagentur auf deren Ersuchen Informationen nach den Artikeln 22 und 23 der Verordnung (EU) 2021/784, die es im Rahmen der Wahrnehmung seiner Aufgaben nach diesem Gesetz erlangt hat.</P><P>(5) Die Bundesnetzagentur übermittelt der Europäischen Kommission auf deren Ersuchen Informationen nach den Artikeln 22 und 23 der Verordnung (EU) 2021/784.</P></Content></text></textdaten></norm>
<norm builddate="20220802213014" doknr="BJNR118210022BJNE000400000"><metadaten><jurabk>TerrOIBG</jurabk><enbez>§ 4</enbez><titel format="XML">Transparenzberichte</titel></metadaten><textdaten><text format="XML"><Content><P>Die vom Bundeskriminalamt und von der Bundesnetzagentur nach Artikel 8 der Verordnung (EU) 2021/784 zu erstellenden Transparenzberichte werden auf der jeweiligen Internetseite dieser Behörden veröffentlicht.</P></Content></text></textdaten></norm>
<norm builddate="20220802213014" doknr="BJNR118210022BJNE000500000"><metadaten><jurabk>TerrOIBG</jurabk><enbez>§ 5</enbez><titel format="XML">Zwangsgeld</titel></metadaten><textdaten><text format="XML"><Content><P>Zur Durchsetzung der Anordnungen nach Artikel 3 Absatz 1 und Artikel 5 Absatz 6 der Verordnung (EU) 2021/784 kann nach Maßgabe des Verwaltungsvollstreckungsgesetzes ein Zwangsgeld in Höhe von bis zu fünf Millionen Euro festgesetzt werden.</P></Content></text></textdaten></norm>
<norm builddate="20220802213014" doknr="BJNR118210022BJNE000600000"><metadaten><jurabk>TerrOIBG</jurabk><enbez>§ 6</enbez><titel format="XML">Bußgeldvorschriften</titel></metadaten><textdaten><text format="XML"><Content><P>(1) Ordnungswidrig handelt, wer gegen die Verordnung (EU) 2021/784 des Europäischen Parlaments und des Rates vom 29. April 2021 zur Bekämpfung der Verbreitung terroristischer Online-Inhalte (ABl. L 172 vom 17.5.2021, S. 79) verstößt, indem er vorsätzlich oder fahrlässig <DL Type="arabic"><DT>1.</DT><DD Font="normal"><LA>entgegen Artikel 3 Absatz 3 einen dort genannten Inhalt nicht oder nicht innerhalb einer Stunde nach Erhalt einer vollziehbaren Anordnung entfernt und den Zugang nicht oder nicht innerhalb einer Stunde nach Erhalt einer vollziehbaren Anordnung sperrt,</LA></DD><DT>2.</DT><DD Font="normal"><LA>entgegen <DL Type="alpha"><DT>a)</DT><DD Font="normal"><LA>Artikel 3 Absatz 6, auch in Verbindung mit Artikel 4 Absatz 2, oder</LA></DD><DT>b)</DT><DD Font="normal"><LA>Artikel 14 Absatz 5 Satz 1</LA></DD></DL>die zuständige Behörde nicht, nicht richtig, nicht vollständig oder nicht rechtzeitig unterrichtet,</LA></DD><DT>3.</DT><DD Font="normal"><LA>entgegen Artikel 4 Absatz 2 in Verbindung mit Artikel 3 Absatz 3 einen dort genannten Inhalt nicht oder nicht innerhalb einer Stunde nach Erhalt einer vollziehbaren Anordnung entfernt und den Zugang nicht oder nicht innerhalb einer Stunde nach Erhalt einer vollziehbaren Anordnung sperrt,</LA></DD><DT>4.</DT><DD Font="normal"><LA>entgegen Artikel 4 Absatz 7 einen Inhalt nicht, nicht richtig, nicht vollständig oder nicht rechtzeitig wiederherstellt oder nicht, nicht richtig, nicht vollständig oder nicht rechtzeitig entsperrt,</LA></DD><DT>5.</DT><DD Font="normal"><LA>entgegen Artikel 5 Absatz 2 Unterabsatz 1 eine dort genannte Maßnahme nicht oder nicht innerhalb von zwölf Monaten nach Feststellung der Betroffenheit im Sinne des Artikels 5 Absatz 4 durch die zuständige Behörde ergreift,</LA></DD><DT>6.</DT><DD Font="normal"><LA>entgegen Artikel 5 Absatz 5 Satz 1 oder 2 einen dort genannten Bericht nicht, nicht richtig, nicht vollständig oder nicht rechtzeitig erstattet,</LA></DD><DT>7.</DT><DD Font="normal"><LA>einer vollziehbaren Anordnung nach Artikel 5 Absatz 6 Satz 1 oder Artikel 6 Absatz 2 Satz 2 zuwiderhandelt,</LA></DD><DT>8.</DT><DD Font="normal"><LA>entgegen Artikel 6 Absatz 1 in Verbindung mit Artikel 6 Absatz 2 Satz 1 einen terroristischen Inhalt oder zugehörige Daten nicht, nicht richtig, nicht vollständig oder nicht für die vorgeschriebene Dauer speichert,</LA></DD><DT>9.</DT><DD Font="normal"><LA>entgegen Artikel 7 Absatz 2 in Verbindung mit Absatz 3 einen dort genannten Bericht nicht, nicht richtig, nicht vollständig oder nicht rechtzeitig öffentlich zugänglich macht,</LA></DD><DT>10.</DT><DD Font="normal"><LA>entgegen Artikel 10 Absatz 1 einen dort genannten Mechanismus nicht, nicht richtig oder nicht zeitgleich mit dem Ergreifen einer Maßnahme nach Artikel 5 Absatz 2 Unterabsatz 1 einrichtet,</LA></DD><DT>11.</DT><DD Font="normal"><LA>entgegen Artikel 10 Absatz 2 Unterabsatz 1 Satz 1 einen dort genannten Inhalt nicht, nicht richtig, nicht vollständig oder nicht rechtzeitig wiederherstellt oder nicht, nicht richtig, nicht vollständig oder nicht rechtzeitig entsperrt,</LA></DD><DT>12.</DT><DD Font="normal"><LA>entgegen Artikel 10 Absatz 2 Unterabsatz 1 Satz 2 den Beschwerdeführer nicht oder nicht rechtzeitig in Kenntnis setzt,</LA></DD><DT>13.</DT><DD Font="normal"><LA>entgegen Artikel 11 Absatz 1 eine dort genannte Information nicht, nicht richtig, nicht vollständig oder nicht unverzüglich nach der Entfernung oder Sperrung des terroristischen Inhalts zur Verfügung stellt,</LA></DD><DT>14.</DT><DD Font="normal"><LA>entgegen Artikel 11 Absatz 2 eine Mitteilung nicht, nicht richtig, nicht vollständig oder nicht rechtzeitig macht und eine dort genannte Kopie nicht, nicht richtig, nicht vollständig oder nicht rechtzeitig übermittelt,</LA></DD><DT>15.</DT><DD Font="normal"><LA>entgegen Artikel 11 Absatz 3 Unterabsatz 1 Satz 2, auch in Verbindung mit Unterabsatz 2, eine Information weitergibt,</LA></DD><DT>16.</DT><DD Font="normal"><LA>entgegen Artikel 14 Absatz 5 Satz 2 die Kontaktstelle nicht, nicht richtig oder nicht unverzüglich nach Kenntnisnahme benachrichtigt oder eine Information nicht, nicht richtig oder nicht unverzüglich nach Kenntnisnahme übermittelt,</LA></DD><DT>17.</DT><DD Font="normal"><LA>entgegen Artikel 15 Absatz 1 Satz 1 eine Kontaktstelle nicht oder nicht bis zum Ablauf von drei Monaten nach Inkrafttreten dieses Gesetzes und nicht bei Aufnahme der Tätigkeit als Hostingdiensteanbieter benennt und nicht oder nicht bis zu diesen Zeitpunkten einrichtet,</LA></DD><DT>18.</DT><DD Font="normal"><LA>entgegen Artikel 15 Absatz 1 Satz 2 nicht dafür sorgt, dass eine dort genannte Information zugänglich gemacht wird,</LA></DD><DT>19.</DT><DD Font="normal"><LA>entgegen Artikel 17 Absatz 1 einen gesetzlichen Vertreter nicht oder nicht bis zum Ablauf von drei Monaten nach Inkrafttreten dieses Gesetzes und nicht bei Aufnahme der Tätigkeit als Hostingdiensteanbieter benennt oder</LA></DD><DT>20.</DT><DD Font="normal"><LA>entgegen Artikel 17 Absatz 4 Unterabsatz 1 die zuständige Behörde nicht oder nicht bis zum Ablauf von drei Monaten nach Inkrafttreten dieses Gesetzes und nicht bei Aufnahme der Tätigkeit als Hostingdiensteanbieter in Kenntnis setzt.</LA></DD></DL></P><P>(2) Ordnungswidrig handelt, wer vorsätzlich oder fahrlässig <DL Type="arabic"><DT>1.</DT><DD Font="normal"><LA>beim Einsatz eines technischen Mittels im Sinne des Artikels 5 Absatz 3 Satz 2 der Verordnung (EU) 2021/784 nicht dafür sorgt, dass Materialien, bei denen es sich nicht um terroristische Inhalte handelt, nicht entfernt werden oder</LA></DD><DT>2.</DT><DD Font="normal"><LA>trotz Betroffenheit im Sinne des Artikels 5 Absatz 4 der Verordnung (EU) 2021/784 seine Nutzungsbedingungen nicht oder nicht spätestens zwölf Monate nach Feststellung der Betroffenheit durch die zuständige Behörde um diejenigen Maßnahmen ergänzt, die er nach Artikel 5 Absatz 2 Unterabsatz 1 ergreift, um zu verhindern, dass seine Dienste für die öffentliche Verbreitung terroristischer Inhalte missbraucht werden.</LA></DD></DL></P><P>(3) Die Ordnungswidrigkeit kann in den Fällen des Absatzes 1 Nummer 1, 2 Buchstabe b, Nummer 3, 4, 11, 15 und 16 mit einer Geldbuße bis zu fünf Millionen Euro, in den Fällen des Absatzes 1 Nummer 2 Buchstabe a, Nummer 5 bis 10, 13, 14, 17 bis 19 mit einer Geldbuße bis zu fünfhunderttausend Euro und in den übrigen Fällen mit einer Geldbuße bis zu fünfzigtausend Euro geahndet werden.</P><P>(4) Bei einer juristischen Person oder Personenvereinigung mit einem jährlichen Gesamtumsatz von mehr als 125 Millionen Euro kann abweichend von Absatz 3 eine vorsätzlich begangene Ordnungswidrigkeit nach Absatz 1 Nummer 1 mit einer Geldbuße bis zu 4 Prozent des im vorangegangenen Geschäftsjahr erwirtschafteten weltweiten Jahresumsatzes geahndet werden.</P><P>(5) Verwaltungsbehörde im Sinne des § 36 Absatz 1 Nummer 1 des Gesetzes über Ordnungswidrigkeiten ist die Bundesnetzagentur.</P></Content></text></textdaten></norm>
<norm builddate="20220802213014" doknr="BJNR118210022BJNE000700000"><metadaten><jurabk>TerrOIBG</jurabk><enbez>§ 7</enbez><titel format="XML">Geltung des Bundeskriminalamtgesetzes</titel></metadaten><textdaten><text format="XML"><Content><P>Das Bundeskriminalamtgesetz findet entsprechende Anwendung, soweit in der Verordnung (EU) 2021/784 und in diesem Gesetz keine spezielleren Regelungen enthalten sind.</P></Content></text></textdaten></norm>
</dokumente>