<?xml version="1.0" encoding="UTF-8" ?><!DOCTYPE dokumente SYSTEM "http://www.gesetze-im-internet.de/dtd/1.01/gii-norm.dtd">
<dokumente builddate="20120625145838" doknr="BJNR207330980"><norm builddate="20120625145838" doknr="BJNR207330980"><metadaten><jurabk>CMRProt</jurabk><ausfertigung-datum manuell="ja">1978-07-05</ausfertigung-datum><fundstelle typ="amtlich"><periodikum>BGBl II</periodikum><zitstelle>1980, 733</zitstelle></fundstelle><langue>Protokoll zum Übereinkommen über den Beförderungsvertrag im
internationalen Straßengüterverkehr</langue></metadaten><textdaten><text format="decorated"/><fussnoten><Content><P>G v. 9.6.1980 II 721 <BR/>Inkraft gem. Bek. v. 13.11.1980 II 1443 mWv 28.12.1980</P></Content></fussnoten></textdaten></norm>
</dokumente>