<?xml version="1.0" encoding="UTF-8" ?><!DOCTYPE dokumente SYSTEM "http://www.gesetze-im-internet.de/dtd/1.01/gii-norm.dtd">
<dokumente builddate="20120625150737" doknr="BJNR202730965"><norm builddate="20120625150737" doknr="BJNR202730965"><metadaten><jurabk>KOVVtrESPG</jurabk><ausfertigung-datum manuell="ja">1965-03-31</ausfertigung-datum><fundstelle typ="amtlich"><periodikum>BGBl II</periodikum><zitstelle>1965, 273</zitstelle></fundstelle><langue>Gesetz zu dem Vertrag vom 29. Mai 1962 zwischen der Bundesrepublik
Deutschland und dem Spanischen Staat über Kriegsopferversorgung und zu dem
Notenwechsel vom 16. Mai 1963</langue></metadaten><textdaten><text format="decorated"/></textdaten></norm>
</dokumente>