<?xml version="1.0" encoding="UTF-8" ?><!DOCTYPE dokumente SYSTEM "http://www.gesetze-im-internet.de/dtd/1.01/gii-norm.dtd">
<dokumente builddate="20120808043319" doknr="BJNR002820996"><norm builddate="20120808043319" doknr="BJNR002820996"><metadaten><jurabk>KatHiLAbk LIT</jurabk><ausfertigung-datum manuell="ja">1994-03-15</ausfertigung-datum><fundstelle typ="amtlich"><periodikum>BGBl II</periodikum><zitstelle>1996, 28</zitstelle></fundstelle><langue>Abkommen zwischen der Bundesrepublik Deutschland und der Republik Litauen
über die gegenseitige Hilfeleistung bei Katastrophen oder schweren
Unglücksfällen</langue></metadaten><textdaten><text format="decorated"/><fussnoten><Content><P>G v. 12.1.1996 II 27 <BR/>In Kraft gem. Bek v. 29.7.1996 II 1476 mWv 1.9.1996</P></Content></fussnoten></textdaten></norm>
</dokumente>