<?xml version="1.0" encoding="UTF-8" ?><!DOCTYPE dokumente SYSTEM "http://www.gesetze-im-internet.de/dtd/1.01/gii-norm.dtd">
<dokumente builddate="20221020213508" doknr="BJNR006470975"><norm builddate="20221020213508" doknr="BJNR006470975"><metadaten><jurabk>FRG§15VÄndV 3</jurabk><ausfertigung-datum manuell="ja">1975-03-05</ausfertigung-datum><fundstelle typ="amtlich"><periodikum>BGBl I</periodikum><zitstelle>1975, 647</zitstelle></fundstelle><langue>Dritte Verordnung zur Änderung der Verordnung über die Anerkennung von
Systemen und Einrichtungen der sozialen Sicherheit als gesetzliche
Rentenversicherungen</langue></metadaten><textdaten><text format="XML"><Content><P/></Content></text><fussnoten><Content><P>(+++ Textnachweis ab:  1. 1.1975 +++)</P></Content></fussnoten></textdaten></norm>
<norm builddate="20221020213508" doknr="BJNR006470975BJNE000100312"><metadaten><jurabk>FRG§15VÄndV 3</jurabk><enbez>Eingangsformel</enbez></metadaten><textdaten><text format="XML"><Content><P>Auf Grund des § 15 Abs. 3 des Fremdenrentengesetzes in der Fassung des Fremdrenten- und Auslandsrenten-Neuregelungsgesetzes vom 25. Februar 1960 (Bundesgesetzbl. I S. 93), zuletzt geändert durch das Gesetz zur Änderung und Ergänzung der Vorschriften über die Wiedergutmachung nationalsozialistischen Unrechts in der Sozialversicherung vom 22. Dezember 1970 (Bundesgesetzbl. I S. 1846), verordnet die Bundesregierung mit Zustimmung des Bundesrates:</P></Content></text></textdaten></norm>
<norm builddate="20221020213508" doknr="BJNR006470975BJNE000200312"><metadaten><jurabk>FRG§15VÄndV 3</jurabk><enbez>§ 1</enbez></metadaten><textdaten><text format="XML"><Content><P><I>In § 1 der Verordnung über die Anerkennung von Systemen und Einrichtungen der sozialen Sicherheit als gesetzliche Rentenversicherungen vom 11. November 1960 (Bundesgesetzbl. I S. 849), zuletzt geändert durch die Zweite Verordnung zur Änderung der Verordnung über die Anerkennung von Systemen und Einrichtungen der sozialen Sicherheit als gesetzliche Rentenversicherungen vom 27. April 1973 (Bundesgesetzbl. I S. 362), werden der Punkt am Ende der Nummer 6 durch ein Komma ersetzt und folgende Nummern 7 und 8 angefügt:</I> <DL Font="normal" Type="arabic"><DT><I>7.</I></DT><DD Font="normal"><LA Size="normal"><I>das System der rumänischen Versicherung für bildende Künstler nach dem Gesetz Nummer 343 über den Aufbau und die Tätigkeit des Bildnerischen Fonds der Maler und Bildhauer der rumänischen Volksrepublik vom 20. August 1949 (Rumänisches Amtsblatt 1949 Nummer 54) und dem Gesetz Nummer 294 über den Aufbau und die Tätigkeit des Bildnerischen Fonds der rumänischen Volksrepublik vom 9. August 1954 (Rumänisches Amtsblatt 1954 Nummer 30),</I></LA></DD> <DT><I>8.</I></DT><DD Font="normal"><LA Size="normal"><I>das System der rumänischen Versicherung für Schriftsteller nach der durch den Ministerratsbeschluß Nr. 198 vom 15. März 1951 genehmigten Satzung des Literaturfonds.&quot;</I></LA></DD> </DL></P></Content></text><fussnoten><Content><P>§ 1 Kursivdruck: Änderungsvorschrift</P></Content></fussnoten></textdaten></norm>
<norm builddate="20221020213508" doknr="BJNR006470975BJNE000300312"><metadaten><jurabk>FRG§15VÄndV 3</jurabk><enbez>§ 2</enbez></metadaten><textdaten><text format="XML"><Content><P>(1) Die Anerkennung der Systeme der rumänischen Versicherung für bildende Künstler und für Schriftsteller nach § 1 gilt auch in vor Inkrafttreten dieser Verordnung eingetretenen Versicherungsfällen für alle in diesen Einrichtungen zurückgelegten Versicherungszeiten.</P><P>(2) Leistungen sind frühestens für Zeiten vom Inkrafttreten der Verordnung an zu gewähren.</P></Content> </text></textdaten></norm>
<norm builddate="20221020213508" doknr="BJNR006470975BJNE000400312"><metadaten><jurabk>FRG§15VÄndV 3</jurabk><enbez>§ 3</enbez></metadaten><textdaten><text format="XML"><Content><P>Die Verordnung gilt nach § 14 des Dritten Überleitungsgesetzes vom 4. Januar 1952 (Bundesgesetzbl. I S. 1) in Verbindung mit Artikel 7 § 1 des Fremdrenten- und Auslandsrenten-Neuregelungsgesetzes auch im Land Berlin.</P></Content></text></textdaten></norm>
<norm builddate="20221020213508" doknr="BJNR006470975BJNE000500312"><metadaten><jurabk>FRG§15VÄndV 3</jurabk><enbez>§ 4</enbez></metadaten><textdaten><text format="XML"><Content><P>Diese Verordnung tritt mit Wirkung vom 1. Januar 1975 in Kraft.</P></Content></text></textdaten></norm>
<norm builddate="20221020213508" doknr="BJNR006470975BJNE000600312"><metadaten><jurabk>FRG§15VÄndV 3</jurabk><enbez>Schlußformel</enbez></metadaten><textdaten><text format="XML"><Content><P><SP>Der Bundesminister für Arbeit und Sozialordnung</SP></P></Content></text></textdaten></norm>
</dokumente>