<?xml version="1.0" encoding="UTF-8" ?><!DOCTYPE dokumente SYSTEM "http://www.gesetze-im-internet.de/dtd/1.01/gii-norm.dtd">
<dokumente builddate="20231220213519" doknr="BJNR1710A0023"><norm builddate="20231220213519" doknr="BJNR1710A0023"><metadaten><jurabk>GAPStatV</jurabk><amtabk>GAPStatV</amtabk><ausfertigung-datum manuell="ja">2023-12-14</ausfertigung-datum><fundstelle typ="amtlich"><periodikum>BGBl I</periodikum><zitstelle>2023, Nr. 369</zitstelle></fundstelle><kurzue>Gesundheitsausgaben- und -personalstatistikverordnung</kurzue><langue>Verordnung zur Durchführung der Erhebungen nach dem Gesundheitsausgaben- und -personalstatistikgesetz</langue></metadaten><textdaten><fussnoten><Content><P><BR/> <pre xml:space="preserve">(+++ Textnachweis ab: 20.12.2023 +++)<BR/><BR/></pre></P></Content></fussnoten></textdaten></norm>
<norm builddate="20231220213519" doknr="BJNR1710A0023BJNE000100000"><metadaten><jurabk>GAPStatV</jurabk><enbez>Eingangsformel</enbez></metadaten><textdaten><text format="XML"><Content><P>Auf Grund des § 8 des Gesundheitsausgaben- und -personalstatistikgesetzes vom 11. Juli 2021 (BGBl. I S. 2754, 2799) verordnet das Bundesministerium für Gesundheit:</P></Content></text></textdaten></norm>
<norm builddate="20231220213519" doknr="BJNR1710A0023BJNE000200000"><metadaten><jurabk>GAPStatV</jurabk><enbez>§ 1</enbez><titel format="XML">Übermittlungspflichten der Bundesagentur für Arbeit</titel></metadaten><textdaten><text format="XML"><Content><P>(1) Die Bundesagentur für Arbeit übermittelt dem Statistischen Bundesamt für Zwecke der Gesundheitsausgabenstatistik jährlich, spätestens bis zum 31. Dezember des dem Berichtsjahr folgenden Kalenderjahres, Daten zu der Höhe der Ausgaben für ausgewählte Leistungen im Rahmen des § 3 des Dritten Buches Sozialgesetzbuch.</P><P>(2) Die Bundesagentur für Arbeit übermittelt dem Statistischen Bundesamt für Zwecke der Gesundheitspersonalstatistik und des regionalen Gesundheitspersonalmonitorings jährlich, spätestens bis zum 30. September des dem Berichtsjahr folgenden Kalenderjahres, die Daten der sozialversicherungspflichtig und geringfügig Beschäftigten, jeweils gegliedert nach Berufen, Wirtschaftszweigen, Geschlecht, Alter und Beschäftigungsart zum Stichtag 31. Dezember. Die Daten sind jeweils für den Arbeitsort der Beschäftigten pro Kreis oder kreisfreier Stadt und für den Bund zu übermitteln.</P></Content></text></textdaten></norm>
<norm builddate="20231220213519" doknr="BJNR1710A0023BJNE000300000"><metadaten><jurabk>GAPStatV</jurabk><enbez>§ 2</enbez><titel format="XML">Übermittlungspflicht des Bundesministeriums für Arbeit und Soziales</titel></metadaten><textdaten><text format="XML"><Content><P>Das Bundesministerium für Arbeit und Soziales übermittelt dem Statistischen Bundesamt für Zwecke der Gesundheitsausgabenstatistik jährlich, spätestens bis zum 30. September des dem Berichtsjahr folgenden Kalenderjahres, die Ausgaben aus dem Sozialbudget, untergliedert nach Funktionen, Institutionen und Beitragspositionen.</P></Content></text></textdaten></norm>
<norm builddate="20231220213519" doknr="BJNR1710A0023BJNE000400000"><metadaten><jurabk>GAPStatV</jurabk><enbez>§ 3</enbez><titel format="XML">Übermittlungspflichten der Kassenzahnärztlichen Bundesvereinigung</titel></metadaten><textdaten><text format="XML"><Content><P>Die Kassenzahnärztliche Bundesvereinigung übermittelt dem Statistischen Bundesamt für Zwecke der Gesundheitsausgabenstatistik jährlich, spätestens bis zum 31. Dezember des dem Berichtsjahr folgenden Kalenderjahres, folgende Angaben aus ihrer Frequenzstatistik: <DL Type="arabic"><DT>1.</DT><DD Font="normal"><LA>die Gesamtkosten und der Anteil der für in der gesetzlichen Krankenversicherung Versicherte entstandenen Kosten an den Gesamtkosten im Bereich Zahnersatz unter Einbeziehung der Direktabrechnungsfälle,</LA></DD><DT>2.</DT><DD Font="normal"><LA>die Angabe, wie sich die Gesamtkosten im Bereich Zahnersatz auf die Positionen Honorar sowie Material- und Laborkosten aufteilen und</LA></DD><DT>3.</DT><DD Font="normal"><LA>die Ausgaben im Bereich Kieferorthopädie für Honorar sowie Material- und Laborkosten, gegliedert nach Versichertenanteil und Zuschuss der Krankenkassen.</LA></DD></DL></P></Content></text></textdaten></norm>
<norm builddate="20231220213519" doknr="BJNR1710A0023BJNE000500000"><metadaten><jurabk>GAPStatV</jurabk><enbez>§ 4</enbez><titel format="XML">Übermittlungspflicht der Postbeamtenkrankenkasse</titel></metadaten><textdaten><text format="XML"><Content><P>Die Postbeamtenkrankenkasse übermittelt dem Statistischen Bundesamt für Zwecke der Gesundheitsausgabenstatistik jährlich, spätestens bis zum 31. Dezember des dem Berichtsjahr folgenden Kalenderjahres, die Gesundheitsausgaben aufgeteilt in Grund- und Zusatzversicherungen, jeweils gegliedert nach Ausgaben für ärztliche Leistungen, zahnärztliche Leistungen, Arzneimittel, Krankenhausleistungen und sonstige Leistungen.</P></Content></text></textdaten></norm>
<norm builddate="20231220213519" doknr="BJNR1710A0023BJNE000600000"><metadaten><jurabk>GAPStatV</jurabk><enbez>§ 5</enbez><titel format="XML">Übermittlungspflichten des Verbands der Privaten Krankenversicherung</titel></metadaten><textdaten><text format="XML"><Content><P>(1) Der Verband der Privaten Krankenversicherung übermittelt dem Statistischen Bundesamt für Zwecke der Gesundheitsausgabenstatistik jährlich, spätestens bis zum 31. Dezember des dem Berichtsjahr folgenden Kalenderjahres, <DL Type="arabic"><DT>1.</DT><DD Font="normal"><LA>die anteiligen Gesundheitsausgaben aufgeteilt in Voll- und Zusatzversicherungen, jeweils gegliedert nach ambulanten, stationären und zahnärztlichen Leistungen, und</LA></DD><DT>2.</DT><DD Font="normal"><LA>die von den Versicherten selbstfinanzierten anteiligen Leistungsbeträge, gegliedert nach ambulanten, stationären und zahnärztlichen Leistungen.</LA></DD></DL></P><P>(2) Der Verband der Privaten Krankenversicherung übermittelt dem Statistischen Bundesamt für Zwecke der Gesundheitsausgabenstatistik jährlich, spätestens bis zum 31. Januar des zweiten dem Berichtsjahr folgenden Kalenderjahres, aus den Abrechnungsdaten die Honoraranteile aufgeteilt in Abrechnungsziffern nach der Gebührenordnung für Ärzte und Abrechnungsziffern nach der Gebührenordnung für Zahnärzte, jeweils gegliedert nach Honoraren für ärztliche und zahnärztliche Behandlungsleistungen des ambulanten, stationären und zahnärztlichen Bereichs.</P></Content></text></textdaten></norm>
<norm builddate="20231220213519" doknr="BJNR1710A0023BJNE000700000"><metadaten><jurabk>GAPStatV</jurabk><enbez>§ 6</enbez><titel format="XML">Übermittlungspflicht des Arbeitgeberverbands der Versicherungsunternehmen in Deutschland e.V.</titel></metadaten><textdaten><text format="XML"><Content><P>Der Arbeitgeberverband der Versicherungsunternehmen in Deutschland e.V. übermittelt dem Statistischen Bundesamt für Zwecke der Gesundheitspersonalstatistik jährlich, spätestens bis zum 30. September des dem Berichtsjahr folgenden Kalenderjahres, die Anzahl der Mitarbeiterinnen und Mitarbeiter der Privaten Krankenversicherung.</P></Content></text></textdaten></norm>
<norm builddate="20231220213519" doknr="BJNR1710A0023BJNE000800000"><metadaten><jurabk>GAPStatV</jurabk><enbez>§ 7</enbez><titel format="XML">Übermittlungspflichten des Instituts des Bewertungsausschusses</titel></metadaten><textdaten><text format="XML"><Content><P>Das Institut nach § 87 Absatz 3b Satz 1 des Fünften Buches Sozialgesetzbuch übermittelt dem Statistischen Bundesamt für Zwecke der Gesundheitsausgabenstatistik jährlich, spätestens bis zum 31. Januar des zweiten dem Berichtsjahr folgenden Kalenderjahres, auf Basis der Abrechnungsstatistik die Honorare der an der vertragsärztlichen Versorgung teilnehmenden Ärzte und Psychologischen Psychotherapeuten, gegliedert nach Rechnungskonten der Rechnungsergebnisse der gesetzlichen Krankenversicherung, Teilnahmestatus der Praxen, Art der Leistungserbringer und Leistungsarten.</P></Content></text></textdaten></norm>
<norm builddate="20231220213519" doknr="BJNR1710A0023BJNE000900000"><metadaten><jurabk>GAPStatV</jurabk><enbez>§ 8</enbez><titel format="XML">Übermittlungspflichten des AOK-Bundesverbands</titel></metadaten><textdaten><text format="XML"><Content><P>Der AOK-Bundesverband übermittelt dem Statistischen Bundesamt für Zwecke der Krankheitskostenstatistik jährlich, spätestens bis zum 31. März des zweiten dem Berichtsjahr folgenden Kalenderjahres, <DL Type="arabic"><DT>1.</DT><DD Font="normal"><LA>die anteiligen Heilmittelumsätze, gegliedert nach Diagnosecodes nach der Internationalen statistischen Klassifikation der Krankheiten und verwandter Gesundheitsprobleme (ICD), Leistungsbereichen, Alter und Geschlecht, sowie</LA></DD><DT>2.</DT><DD Font="normal"><LA>die anteiligen Arzneimittelkosten, gegliedert nach ICD-Diagnosecodes, Alter und Geschlecht.</LA></DD></DL></P></Content></text></textdaten></norm>
<norm builddate="20231220213519" doknr="BJNR1710A0023BJNE001000000"><metadaten><jurabk>GAPStatV</jurabk><enbez>§ 9</enbez><titel format="XML">Übermittlungspflicht des Zentralinstituts für die kassenärztliche Versorgung</titel></metadaten><textdaten><text format="XML"><Content><P>Das Zentralinstitut für die kassenärztliche Versorgung übermittelt dem Statistischen Bundesamt für Zwecke der Krankheitskostenstatistik jährlich, spätestens bis zum 31. März des zweiten dem Berichtsjahr folgenden Kalenderjahres, die auf Basis der Abrechnungsdaten aller vertragsärztlichen Praxen der Ärzte und Psychotherapeuten in Deutschland ermittelten Kostenanteile von ICD-Diagnosecodes, gegliedert nach Alter und Geschlecht.</P></Content></text></textdaten></norm>
<norm builddate="20231220213519" doknr="BJNR1710A0023BJNE001100000"><metadaten><jurabk>GAPStatV</jurabk><enbez>§ 10</enbez><titel format="XML">Übermittlungspflicht des Instituts der Deutschen Zahnärzte</titel></metadaten><textdaten><text format="XML"><Content><P>Das Institut der Deutschen Zahnärzte übermittelt dem Statistischen Bundesamt für Zwecke der Krankheitskostenstatistik jährlich, spätestens bis zum 31. März des zweiten dem Berichtsjahr folgenden Kalenderjahres, die Krankheitskosten im zahnärztlichen Bereich, gegliedert nach ICD-Diagnosecodes, Alter und Geschlecht.</P></Content></text></textdaten></norm>
<norm builddate="20231220213519" doknr="BJNR1710A0023BJNE001200000"><metadaten><jurabk>GAPStatV</jurabk><enbez>§ 11</enbez><titel format="XML">Übermittlungspflichten des Medizinischen Dienstes Bund</titel></metadaten><textdaten><text format="XML"><Content><P>(1) Der Medizinische Dienst Bund übermittelt dem Statistischen Bundesamt für Zwecke der Krankheitskostenstatistik jährlich, spätestens bis zum 31. August des dem Berichtsjahr folgenden Kalenderjahres, die Anzahl der Begutachtungen zur Feststellung der Pflegebedürftigkeit, gegliedert nach Begutachtungsanlass, Gutachtenart, Pflegegrad, Haupt- und Nebendiagnose nach ICD-Diagnosecodes, Alter und Geschlecht.</P><P>(2) Der Medizinische Dienst Bund übermittelt dem Statistischen Bundesamt für Zwecke der Gesundheitspersonalstatistik jährlich, spätestens bis zum 30. September des dem Berichtsjahr folgenden Kalenderjahres, die Anzahl der Stellen bei den Medizinischen Diensten und die Anzahl der dort beschäftigten Personen, gegliedert nach Berufsbereichen und Ländern, sowie die Gesamtzahl des Personals, gegliedert nach Geschlecht, jeweils zum Stichtag 31. Dezember.</P></Content></text></textdaten></norm>
<norm builddate="20231220213519" doknr="BJNR1710A0023BJNE001300000"><metadaten><jurabk>GAPStatV</jurabk><enbez>§ 12</enbez><titel format="XML">Übermittlungspflicht der Berufsgenossenschaft für Gesundheitsdienst und Wohlfahrtspflege</titel></metadaten><textdaten><text format="XML"><Content><P>Die Berufsgenossenschaft für Gesundheitsdienst und Wohlfahrtspflege übermittelt dem Statistischen Bundesamt für Zwecke der Gesundheitspersonalstatistik jährlich, spätestens bis zum 30. September des dem Berichtsjahr folgenden Kalenderjahres, die Gesamtanzahl sowie die nach Ländern aufgeschlüsselte Anzahl der Arbeitnehmer, der ehrenamtlich Tätigen, der Unfallversicherungen für Selbstständige und der Unternehmen, jeweils gegliedert nach Gewerbezweig.</P></Content></text></textdaten></norm>
<norm builddate="20231220213519" doknr="BJNR1710A0023BJNE001400000"><metadaten><jurabk>GAPStatV</jurabk><enbez>§ 13</enbez><titel format="XML">Übermittlungspflicht der Bundeszahnärztekammer</titel></metadaten><textdaten><text format="XML"><Content><P>Die Bundeszahnärztekammer übermittelt dem Statistischen Bundesamt für Zwecke der Gesundheitspersonalstatistik jährlich, spätestens bis zum 30. September des dem Berichtsjahr folgenden Kalenderjahres, <NB>die Anzahl</NB> der Mitglieder der Zahnärztekammern, gegliedert nach Alter, Geschlecht, Tätigkeitsbereich und Kammerbezirk.</P></Content></text></textdaten></norm>
<norm builddate="20231220213519" doknr="BJNR1710A0023BJNE001500000"><metadaten><jurabk>GAPStatV</jurabk><enbez>§ 14</enbez><titel format="XML">Übermittlungspflicht des Verbands Deutscher Zahntechniker-Innungen</titel></metadaten><textdaten><text format="XML"><Content><P>Der Verband Deutscher Zahntechniker-Innungen übermittelt dem Statistischen Bundesamt für Zwecke der Gesundheitspersonalstatistik jährlich, spätestens bis zum 30. September des dem Berichtsjahr folgenden Kalenderjahres, die Anzahl der zahntechnischen Labore sowie die Anzahl der Inhaber und der mithelfenden Familienangehörigen je zahntechnischem Labor.</P></Content></text></textdaten></norm>
<norm builddate="20231220213519" doknr="BJNR1710A0023BJNE001600000"><metadaten><jurabk>GAPStatV</jurabk><enbez>§ 15</enbez><titel format="XML">Übermittlungspflichten der Einrichtungen des Öffentlichen Gesundheitsdienstes</titel></metadaten><textdaten><text format="XML"><Content><P>Die Stellen, die nach Landesrecht für die Wahrnehmung der Aufgaben des Öffentlichen Gesundheitsdienstes zuständig sind, sowie die Stellen des Bundes, die Aufgaben des Öffentlichen Gesundheitsdienstes wahrnehmen, übermitteln dem Statistischen Bundesamt für Zwecke des regionalen Gesundheitspersonalmonitoring jährlich, spätestens bis zum 31. März des dem Berichtsjahr folgenden Kalenderjahres, <DL Type="arabic"><DT>1.</DT><DD Font="normal"><LA>Einzelangaben zu den bei ihnen im Öffentlichen Gesundheitsdienst tätigen Personen, gegliedert nach <DL Type="alpha"><DT>a)</DT><DD Font="normal"><LA>Beschäftigungsart,</LA></DD><DT>b)</DT><DD Font="normal"><LA>ausgeübtem Beruf,</LA></DD><DT>c)</DT><DD Font="normal"><LA>Tätigkeits- oder Funktionsbereich,</LA></DD><DT>d)</DT><DD Font="normal"><LA>Berufs- oder Hochschulabschluss,</LA></DD><DT>e)</DT><DD Font="normal"><LA>Geschlecht,</LA></DD><DT>f)</DT><DD Font="normal"><LA>Geburtsjahr,</LA></DD><DT>g)</DT><DD Font="normal"><LA>vertraglich vereinbarten Wochenarbeitsstunden, sowie</LA></DD></DL></LA></DD><DT>2.</DT><DD Font="normal"><LA>die in den auskunftspflichtigen Behörden tariflich und besoldungsrechtlich vereinbarten Wochenarbeitsstunden bei einer Vollzeitstelle.</LA></DD></DL>Stichtag für die Angaben nach Satz 1 Nummer 1 und 2 ist jeweils der 31. Dezember.</P></Content></text></textdaten></norm>
<norm builddate="20231220213519" doknr="BJNR1710A0023BJNE001700000"><metadaten><jurabk>GAPStatV</jurabk><enbez>§ 16</enbez><titel format="XML">Keine Beschaffungspflicht</titel></metadaten><textdaten><text format="XML"><Content><P>Die in dieser Verordnung geregelten Übermittlungspflichten umfassen nicht die Pflicht für die jeweilige Einrichtung, sich die zu übermittelnden Daten zu beschaffen.</P></Content></text></textdaten></norm>
<norm builddate="20231220213519" doknr="BJNR1710A0023BJNE001800000"><metadaten><jurabk>GAPStatV</jurabk><enbez>§ 17</enbez><titel format="XML">Auskunftspflicht</titel></metadaten><textdaten><text format="XML"><Content><P>Für die Statistik zum Personal im Öffentlichen Gesundheitsdienst sind die Leitungen der jeweils personalaktenführenden Stellen der in § 15 genannten Institutionen auskunftspflichtig.</P></Content></text></textdaten></norm>
<norm builddate="20231220213519" doknr="BJNR1710A0023BJNE001900000"><metadaten><jurabk>GAPStatV</jurabk><enbez>§ 18</enbez><titel format="XML">Inkrafttreten</titel></metadaten><textdaten><text format="XML"><Content><P>Diese Verordnung tritt am Tag nach der Verkündung in Kraft.</P></Content></text></textdaten></norm>
</dokumente>