<?xml version="1.0" encoding="UTF-8" ?><!DOCTYPE dokumente SYSTEM "http://www.gesetze-im-internet.de/dtd/1.01/gii-norm.dtd">
<dokumente builddate="20120625152018" doknr="BJNR011240992"><norm builddate="20120625152018" doknr="BJNR011240992"><metadaten><jurabk>StVOAusnV 4</jurabk><ausfertigung-datum manuell="ja">1992-06-23</ausfertigung-datum><fundstelle typ="amtlich"><periodikum>BGBl I</periodikum><zitstelle>1992, 1124</zitstelle></fundstelle><kurzue>4. Ausnahmeverordnung zur StVO</kurzue><langue>Vierte Verordnung über Ausnahmen von den Vorschriften der
Straßenverkehrs-Ordnung</langue></metadaten><textdaten><text format="XML"><Content><P/></Content></text><fussnoten><Content><P>(+++ Textnachweis ab: 27. 6.1992 +++)</P></Content></fussnoten></textdaten></norm>
<norm builddate="20120625152018" doknr="BJNR011240992BJNE000100314"><metadaten><jurabk>StVOAusnV 4</jurabk><enbez>Eingangsformel</enbez></metadaten><textdaten><text format="XML"><Content><P>Auf Grund des § 6 Abs. 1 Nr. 3 und Abs. 3 des Straßenverkehrsgesetzes in der im Bundesgesetzblatt Teil III, Gliederungsnummer 9231-1, veröffentlichten bereinigten Fassung, Absatz 1 Nr. 3 zuletzt geändert durch das Gesetz vom 6. April 1980 (BGBl. I S. 413), Absatz 3 eingefügt durch § 70 Abs. 1 Nr. 3 des Gesetzes vom 15. März 1974 (BGBl. I S. 721) und geändert gemäß Artikel 22 Nr. 3 der Verordnung vom 26. November 1986 (BGBl. I S. 2089), verordnet der Bundesminister für Verkehr nach Anhörung der zuständigen obersten Landesbehörden:</P></Content></text></textdaten></norm>
<norm builddate="20120625152018" doknr="BJNR011240992BJNE000200314"><metadaten><jurabk>StVOAusnV 4</jurabk><enbez>§ 1</enbez></metadaten><textdaten><text format="XML"><Content><P>Abweichend von § 53 Abs. 9 Satz 2 der Straßenverkehrs-Ordnung vom 16. November 1970 (BGBl. I S. 1565, 1971 I S. 38), die zuletzt durch die Verordnung vom 19. März 1992 (BGBl. I S. 678) geändert worden ist, können Verkehrszeichen und Verkehrseinrichtungen, die vor dem 1. Juli 1992 in der Gestaltung nach der bis zu diesem Zeitpunkt geltenden Fassung der Straßenverkehrs-Ordnung hergestellt worden sind, bis zum 1. Juli 1994 anstelle von Verkehrszeichen und Verkehrseinrichtungen mit den neuen Symbolen angeordnet und aufgestellt werden.</P></Content></text></textdaten></norm>
<norm builddate="20120625152018" doknr="BJNR011240992BJNE000300314"><metadaten><jurabk>StVOAusnV 4</jurabk><enbez>§ 2</enbez></metadaten><textdaten><text format="XML"><Content><P>Diese Verordnung tritt am Tage nach der Verkündung in Kraft.</P></Content></text></textdaten></norm>
</dokumente>