<?xml version="1.0" encoding="UTF-8" ?><!DOCTYPE dokumente SYSTEM "http://www.gesetze-im-internet.de/dtd/1.01/gii-norm.dtd">
<dokumente builddate="20240331214107" doknr="BJNR282610016"><norm builddate="20240331214107" doknr="BJNR282610016"><metadaten><jurabk>MZG</jurabk><amtabk>MZG</amtabk><ausfertigung-datum manuell="ja">2016-12-07</ausfertigung-datum><fundstelle typ="amtlich"><periodikum>BGBl I</periodikum><zitstelle>2016, 2826</zitstelle></fundstelle><kurzue>Mikrozensusgesetz</kurzue><langue>Gesetz zur Durchführung einer Repräsentativstatistik über die Bevölkerung und die Arbeitsmarktbeteiligung sowie die Wohnsituation der Haushalte</langue><standangabe checked="ja"><standtyp>Stand</standtyp><standkommentar>Zuletzt geändert durch Art. 14 G v. 17.7.2023 I Nr. 191</standkommentar></standangabe></metadaten><textdaten><fussnoten><Content><P><BR/> <pre xml:space="preserve">(+++ Textnachweis ab: 1.1.2017 +++)<BR/><BR/></pre>Das G wurde als Artikel 1 des G v. 7.12.2016 I 2826 vom Bundestag beschlossen. Es ist gem. Art. 5 Abs. 1 dieses G am 1.1.2017 in Kraft getreten.</P></Content></fussnoten></textdaten></norm>
<norm builddate="20240331214107" doknr="BJNR282610016BJNE000100000"><metadaten><jurabk>MZG</jurabk><enbez>§ 1</enbez><titel format="XML">Art und Gegenstand der Erhebung</titel></metadaten><textdaten><text format="XML"><Content><P>(1) Ab dem Jahr 2017 wird eine Erhebung auf repräsentativer Grundlage über die Bevölkerungsstruktur sowie über die wirtschaftliche und soziale Lage der Bevölkerung (Mikrozensus) als Bundesstatistik durchgeführt.</P><P>(2) Der Mikrozensus besteht aus <DL Type="arabic"><DT>1.</DT><DD Font="normal"><LA>dem Kernprogramm nach § 6,</LA></DD><DT>2.</DT><DD Font="normal"><LA>dem Erhebungsteil in Bezug auf die Arbeitsmarktbeteiligung nach § 7,</LA></DD><DT>3.</DT><DD Font="normal"><LA>dem Erhebungsteil in Bezug auf Einkommen und Lebensbedingungen nach § 8 sowie</LA></DD><DT>4.</DT><DD Font="normal"><LA>dem Erhebungsteil in Bezug auf Informations- und Kommunikationstechnologien nach § 9.</LA></DD></DL></P></Content></text></textdaten></norm>
<norm builddate="20240331214107" doknr="BJNR282610016BJNE000200000"><metadaten><jurabk>MZG</jurabk><enbez>§ 2</enbez><titel format="XML">Zweck der Erhebung</titel></metadaten><textdaten><text format="XML"><Content><P>(1) Der Zweck des Mikrozensus ist es, statistische Angaben in regionaler und tiefer fachlicher Gliederung bereitstellen zu können.</P><P>(2) Der Mikrozensus dient auch zur Erfüllung der Datenlieferverpflichtungen, die sich ergeben aus <DL Type="arabic"><DT>1.</DT><DD Font="normal"><LA>der Verordnung (EG) Nr. 577/98 des Rates vom 9. März 1998 zur Durchführung einer Stichprobenerhebung über Arbeitskräfte in der Gemeinschaft (ABl. L 77 vom 14.3.1998, S. 3), die zuletzt durch Artikel 1 der Verordnung (EU) Nr. 545/2014 (ABl. L 163 vom 29.5.2014, S. 10) geändert worden ist, in der jeweils geltenden Fassung sowie aus den auf dieser Verordnung basierenden Rechtsakten,</LA></DD><DT>2.</DT><DD Font="normal"><LA>der Verordnung (EG) Nr. 1177/2003 des Europäischen Parlaments und des Rates vom 16. Juni 2003 für die Gemeinschaftsstatistik über Einkommen und Lebensbedingungen (EU-SILC) (ABl. L 165 vom 3.7.2003, S. 1), die zuletzt durch Artikel 1 der Verordnung (EU) Nr. 517/2013 (ABl. L 158 vom 10.6.2013, S. 1) geändert worden ist, in der jeweils geltenden Fassung sowie aus den auf dieser Verordnung basierenden Rechtsakten,</LA></DD><DT>3.</DT><DD Font="normal"><LA>der Verordnung (EG) Nr. 808/2004 des Europäischen Parlaments und des Rates vom 21. April 2004 <NB>über Gemeinschaftsstatistiken</NB> zur Informationsgesellschaft (ABl. L 143 vom 30.4.2004, S. 49), die zuletzt durch Artikel 1 der Verordnung (EG) Nr. 1006/2009 (ABl. L 286 vom 31.10.2009, S. 31) geändert worden ist, in der jeweils geltenden Fassung sowie aus den auf dieser Verordnung basierenden Rechtsakten, jeweils soweit Einzelpersonen und Haushalte betroffen sind.</LA></DD></DL></P></Content></text></textdaten></norm>
<norm builddate="20240331214107" doknr="BJNR282610016BJNE000300000"><metadaten><jurabk>MZG</jurabk><enbez>§ 3</enbez><titel format="XML">Erhebungseinheiten</titel></metadaten><textdaten><text format="XML"><Content><P>(1) Erhebungseinheiten sind meldepflichtige Personen sowie Haushalte und Wohnungen.</P><P>(2) Einen Haushalt bilden alle Personen, die gemeinsam wohnen und wirtschaften. Wer allein wohnt oder allein wirtschaftet, bildet einen eigenen Haushalt. Personen mit mehreren Wohnungen werden in jeder ausgewählten Wohnung einem Haushalt zugeordnet.</P></Content></text></textdaten></norm>
<norm builddate="20240331214107" doknr="BJNR282610016BJNE000400000"><metadaten><jurabk>MZG</jurabk><enbez>§ 4</enbez><titel format="XML">Auswahl der Stichprobe, Grundstichprobe</titel></metadaten><textdaten><text format="XML"><Content><P>(1) Die Erhebungseinheiten werden auf der Grundlage von Flächen oder vergleichbaren Bezugsgrößen (Auswahlbezirke) ausgewählt. Die Erhebungseinheiten werden durch mathematisch-statistische Verfahren bestimmt.</P><P>(2) Der Auswahlsatz beträgt 1 Prozent der Bevölkerung (Grundstichprobe). Die Grundstichprobe umfasst sowohl Haushalte nach § 3 Absatz 2 als auch Gemeinschaftsunterkünfte nach § 10 Absatz 2.</P></Content></text></textdaten></norm>
<norm builddate="20240331214107" doknr="BJNR282610016BJNE000500000"><metadaten><jurabk>MZG</jurabk><enbez>§ 5</enbez><titel format="XML">Periodizität, Berichtswoche</titel></metadaten><textdaten><text format="XML"><Content><P>(1) In jedem Auswahlbezirk werden die Angaben zu den Erhebungsmerkmalen innerhalb von fünf aufeinanderfolgenden Kalenderjahren bis zu viermal erhoben; hierzu werden eine Erstbefragung und Folgebefragungen durchgeführt.</P><P>(2) Der Mikrozensus wird gleichmäßig über die Kalenderwochen verteilt durchgeführt. Die folgenden Angaben werden nur zu ausgewählten Kalenderwochen erhoben: <DL Type="arabic"><DT>1.</DT><DD Font="normal"><LA>die Angaben zu Einkommen und Lebensbedingungen nach § 8 gemeinsam mit den Angaben zum Kernprogramm nach § 6 sowie</LA></DD><DT>2.</DT><DD Font="normal"><LA>die Angaben zu Informations- und Kommunikationstechnologien nach § 9 gemeinsam mit den Angaben zum Kernprogramm nach § 6.</LA></DD></DL></P><P>(3) Für die Erhebung ab dem Jahr 2020 gilt zusätzlich Folgendes: <DL Type="arabic"><DT>1.</DT><DD Font="normal"><LA>die zu Befragenden werden zu einer bestimmten Kalenderwoche befragt, soweit in diesem Gesetz nichts anderes geregelt ist,</LA></DD><DT>2.</DT><DD Font="normal"><LA>die Angaben zum Arbeitsmarkt nach § 7 Absatz 1 Nummer 1 Buchstabe a Doppelbuchstabe aa bis ff, Nummer 2 Buchstabe a bis d, Nummer 3 Buchstabe a sowie Nummer 4 werden gemeinsam mit den Angaben zum Kernprogramm nach § 6 Absatz 1 zu bis zu zwei Berichtswochen pro Kalenderjahr, insgesamt jedoch höchstens viermal erhoben.</LA></DD></DL></P></Content></text></textdaten></norm>
<norm builddate="20240331214107" doknr="BJNR282610016BJNE000600000"><metadaten><jurabk>MZG</jurabk><enbez>§ 6</enbez><titel format="XML">Kernprogramm der Erhebungsmerkmale</titel></metadaten><textdaten><text format="XML"><Content><P>(1) In Haushalten werden jährlich Angaben zu folgenden Erhebungsmerkmalen erhoben: <DL Type="arabic"><DT>1.</DT><DD Font="normal"><LA>Wohnung: <DL Type="alpha"><DT>a)</DT><DD Font="normal"><LA>Gemeinde und Gemeindeteil,</LA></DD><DT>b)</DT><DD Font="normal"><LA>Nutzung der Wohnung als alleinige Wohnung,</LA></DD><DT>c)</DT><DD Font="normal"><LA>Nutzung der Wohnung als Haupt- oder Nebenwohnung,</LA></DD><DT>d)</DT><DD Font="normal"><LA>Bestehen einer Wohnung im Ausland,</LA></DD></DL></LA></DD><DT>2.</DT><DD Font="normal"><LA>Haushalts- und Familienzusammenhang: <DL Type="alpha"><DT>a)</DT><DD Font="normal"><LA>Zahl der Haushalte in der Wohnung und Zahl der Personen im Haushalt,</LA></DD><DT>b)</DT><DD Font="normal"><LA>Wohnungs- und Haushaltszugehörigkeit der Personen sowie Familienzusammenhang,</LA></DD><DT>c)</DT><DD Font="normal"><LA>Wohn- und Lebensgemeinschaft,</LA></DD><DT>d)</DT><DD Font="normal"><LA>bei Folgebefragungen: Veränderungen der Haushaltsgröße und -zusammensetzung seit der letzten Befragung,</LA></DD></DL></LA></DD><DT>3.</DT><DD Font="normal"><LA>demografische Angaben: <DL Type="alpha"><DT>a)</DT><DD Font="normal"><LA>Geschlecht,</LA></DD><DT>b)</DT><DD Font="normal"><LA>Kalendermonat und Kalenderjahr der Geburt,</LA></DD><DT>c)</DT><DD Font="normal"><LA>Familienstand,</LA></DD></DL></LA></DD><DT>4.</DT><DD Font="normal"><LA>Staatsangehörigkeit und Migrationshintergrund: <DL Type="alpha"><DT>a)</DT><DD Font="normal"><LA>für alle Personen: <DL Type="a-alpha"><DT>aa)</DT><DD Font="normal"><LA>Staat der Geburt,</LA></DD><DT>bb)</DT><DD Font="normal"><LA>Staat der Geburt der Eltern,</LA></DD><DT>cc)</DT><DD Font="normal"><LA>Kalenderjahr des Zuzugs nach Deutschland,</LA></DD><DT>dd)</DT><DD Font="normal"><LA>Grund des Zuzugs,</LA></DD><DT>ee)</DT><DD Font="normal"><LA>bei Abwesenheit von mehr als zwölf Monaten: Kalenderjahr des erneuten Zuzugs nach Deutschland,</LA></DD><DT>ff)</DT><DD Font="normal"><LA>Staatsangehörigkeiten,</LA></DD><DT>gg)</DT><DD Font="normal"><LA>Art des Erwerbs der deutschen Staatsangehörigkeit,</LA></DD><DT>hh)</DT><DD Font="normal"><LA>im Haushalt vorwiegend gesprochene Sprache,</LA></DD></DL></LA></DD><DT>b)</DT><DD Font="normal"><LA>für in Deutschland eingebürgerte Personen: <DL Type="a-alpha"><DT>aa)</DT><DD Font="normal"><LA>ehemalige Staatsangehörigkeit vor der Einbürgerung,</LA></DD><DT>bb)</DT><DD Font="normal"><LA>Kalenderjahr der Einbürgerung,</LA></DD></DL></LA></DD><DT>c)</DT><DD Font="normal"><LA>für als Deutsche geborene Personen, deren Eltern nicht im selben Haushalt leben, zu den Eltern: <DL Type="a-alpha"><DT>aa)</DT><DD Font="normal"><LA>Kalenderjahr des Erstzuzugs nach Deutschland,</LA></DD><DT>bb)</DT><DD Font="normal"><LA>Ausländereigenschaft,</LA></DD><DT>cc)</DT><DD Font="normal"><LA>Art des Erwerbs der deutschen Staatsangehörigkeit,</LA></DD></DL></LA></DD></DL></LA></DD><DT>5.</DT><DD Font="normal"><LA>Lebensunterhalt und Einkommen: <DL Type="alpha"><DT>a)</DT><DD Font="normal"><LA>Art des überwiegenden Lebensunterhalts,</LA></DD><DT>b)</DT><DD Font="normal"><LA>Höhe des Nettoeinkommens und des Haushaltsnettoeinkommens in dem Kalendermonat vor der Berichtswoche,</LA></DD><DT>c)</DT><DD Font="normal"><LA>für die Jahre 2017 bis 2019: <DL Type="a-alpha"><DT>aa)</DT><DD Font="normal"><LA>Art der öffentlichen Renten oder Pensionen untergliedert nach <DL Type="a3-alpha"><DT>aaa)</DT><DD Font="normal"><LA>eigener Rente oder Pension,</LA></DD><DT>bbb)</DT><DD Font="normal"><LA>Witwenrente oder Witwerrente oder Witwenpension oder Witwerpension,</LA></DD><DT>ccc)</DT><DD Font="normal"><LA>Waisenrente oder Waisenpension,</LA></DD></DL></LA></DD><DT>bb)</DT><DD Font="normal"><LA>Art der sonstigen öffentlichen und privaten Einkommen,</LA></DD><DT>cc)</DT><DD Font="normal"><LA>Höhe des Haushaltsnettoeinkommens in dem Kalendermonat vor der Berichtswoche,</LA></DD></DL></LA></DD></DL></LA></DD><DT>6.</DT><DD Font="normal"><LA>Rentenversicherung: Art des Rentenversicherungsverhältnisses,</LA></DD><DT>7.</DT><DD Font="normal"><LA>Besuch von Kindertagesbetreuung, Schule und Hochschule; berufliche Ausbildung: <DL Type="alpha"><DT>a)</DT><DD Font="normal"><LA>Besuch von Kindertagesbetreuung, Schule oder Hochschule in den letzten vier Wochen und im letzten Jahr vor der Berichtswoche,</LA></DD><DT>b)</DT><DD Font="normal"><LA>berufliche Ausbildung in den letzten vier Wochen und im letzten Jahr vor der Berichtswoche,</LA></DD><DT>c)</DT><DD Font="normal"><LA>Art der besuchten Kindertagesbetreuung, Schule oder Hochschule,</LA></DD><DT>d)</DT><DD Font="normal"><LA>Fachrichtung der Meisterausbildung an Fachschulen,</LA></DD><DT>e)</DT><DD Font="normal"><LA>Teilnahme an Lehrveranstaltungen in den letzten vier Wochen vor der Berichtswoche,</LA></DD></DL></LA></DD><DT>8.</DT><DD Font="normal"><LA>Bildungsabschlüsse: <DL Type="alpha"><DT>a)</DT><DD Font="normal"><LA>höchster allgemeinbildender Schulabschluss,</LA></DD><DT>b)</DT><DD Font="normal"><LA>bei im Ausland erworbenen Schulabschlüssen die Dauer des Schulbesuchs an allgemeinbildenden Schulen in Jahren,</LA></DD><DT>c)</DT><DD Font="normal"><LA>Kalenderjahr des höchsten allgemeinbildenden Schulabschlusses, falls kein beruflicher Abschluss oder Hochschulabschluss vorhanden ist,</LA></DD><DT>d)</DT><DD Font="normal"><LA>höchster beruflicher Ausbildungs- und Hochschulabschluss,</LA></DD><DT>e)</DT><DD Font="normal"><LA>Fachrichtung und Jahr des höchsten beruflichen Ausbildungs- oder Hochschulabschlusses,</LA></DD><DT>f)</DT><DD Font="normal"><LA>Abschluss im In- oder Ausland erworben,</LA></DD></DL></LA></DD><DT>9.</DT><DD Font="normal"><LA>Arbeitsmarktbeteiligung: <DL Type="alpha"><DT>a)</DT><DD Font="normal"><LA>für alle Personen: <DL Type="a-alpha"><DT>aa)</DT><DD Font="normal"><LA>Hauptstatus,</LA></DD><DT>bb)</DT><DD Font="normal"><LA>Erwerbsstatus,</LA></DD><DT>cc)</DT><DD Font="normal"><LA>regelmäßige oder gelegentliche Tätigkeit,</LA></DD><DT>dd)</DT><DD Font="normal"><LA>geringfügige Beschäftigung in der Haupt- und Nebentätigkeit,</LA></DD><DT>ee)</DT><DD Font="normal"><LA>Arbeitssuche in den vier Kalenderwochen, die mit der Berichtswoche enden,</LA></DD><DT>ff)</DT><DD Font="normal"><LA>Bestehen einer zweiten Erwerbstätigkeit,</LA></DD></DL></LA></DD><DT>b)</DT><DD Font="normal"><LA>für Erwerbstätige zur Haupttätigkeit: <DL Type="a-alpha"><DT>aa)</DT><DD Font="normal"><LA>Wirtschaftszweig des Betriebes,</LA></DD><DT>bb)</DT><DD Font="normal"><LA>Größe des Betriebes,</LA></DD><DT>cc)</DT><DD Font="normal"><LA>ausgeübter Beruf sowie Stellung im Beruf,</LA></DD><DT>dd)</DT><DD Font="normal"><LA>Berufs- oder Arbeitsplatzwechsel im letzten Jahr vor der Berichtswoche,</LA></DD><DT>ee)</DT><DD Font="normal"><LA>normalerweise geleistete wöchentliche Arbeitszeit und tatsächlich geleistete Arbeitszeit,</LA></DD><DT>ff)</DT><DD Font="normal"><LA>Vollzeit- oder Teilzeittätigkeit,</LA></DD><DT>gg)</DT><DD Font="normal"><LA>Ursachen für Teilzeittätigkeit, einschließlich der arbeitsmarktbezogenen Gründe,</LA></DD><DT>hh)</DT><DD Font="normal"><LA>befristeter oder unbefristeter Arbeitsvertrag,</LA></DD><DT>ii)</DT><DD Font="normal"><LA>Vertrag mit einer Zeitarbeitsvermittlung,</LA></DD><DT>jj)</DT><DD Font="normal"><LA>Wunsch nach Mehrarbeit oder nach weniger Arbeit und Verfügbarkeit für Mehrarbeit in den beiden auf die Berichtswoche folgenden Kalenderwochen in Haupt- und Nebentätigkeit,</LA></DD><DT>kk)</DT><DD Font="normal"><LA>gewünschte Arbeitszeit in Haupt- und Nebentätigkeiten,</LA></DD></DL></LA></DD><DT>c)</DT><DD Font="normal"><LA>für Personen mit zweiter Erwerbstätigkeit: <DL Type="a-alpha"><DT>aa)</DT><DD Font="normal"><LA>regelmäßige oder gelegentliche Tätigkeit,</LA></DD><DT>bb)</DT><DD Font="normal"><LA>Wirtschaftszweig des Betriebes,</LA></DD><DT>cc)</DT><DD Font="normal"><LA>ausgeübter Beruf sowie Stellung im Beruf,</LA></DD><DT>dd)</DT><DD Font="normal"><LA>normalerweise geleistete wöchentliche Arbeitszeit und tatsächlich geleistete Arbeitszeit,</LA></DD></DL></LA></DD><DT>d)</DT><DD Font="normal"><LA>für Arbeitslose und Arbeitsuchende: <DL Type="a-alpha"><DT>aa)</DT><DD Font="normal"><LA>Art der Arbeitssuche in den vier Kalenderwochen, die mit der Berichtswoche enden, und Dauer der Arbeitssuche,</LA></DD><DT>bb)</DT><DD Font="normal"><LA>Verfügbarkeit für eine neue Arbeitsstelle in den beiden auf die Berichtswoche folgenden Kalenderwochen,</LA></DD></DL></LA></DD><DT>e)</DT><DD Font="normal"><LA>für Nichterwerbstätige: <DL Type="a-alpha"><DT>aa)</DT><DD Font="normal"><LA>frühere Erwerbstätigkeit,</LA></DD><DT>bb)</DT><DD Font="normal"><LA>Zeitpunkt der Beendigung sowie Gründe für die Beendigung der letzten Tätigkeit,</LA></DD><DT>cc)</DT><DD Font="normal"><LA>Wirtschaftszweig der letzten Tätigkeit,</LA></DD><DT>dd)</DT><DD Font="normal"><LA>ausgeübter Beruf und Stellung im Beruf der letzten Tätigkeit,</LA></DD><DT>ee)</DT><DD Font="normal"><LA>Arbeitssuche in den vier Kalenderwochen, die mit der Berichtswoche enden,</LA></DD><DT>ff)</DT><DD Font="normal"><LA>arbeitsmarktbezogene und andere Gründe für die Nichtarbeitssuche,</LA></DD></DL></LA></DD><DT>f)</DT><DD Font="normal"><LA>für Nichterwerbspersonen: <DL Type="a-alpha"><DT>aa)</DT><DD Font="normal"><LA>Wunsch nach einer Erwerbstätigkeit,</LA></DD><DT>bb)</DT><DD Font="normal"><LA>Verfügbarkeit für die Aufnahme einer Erwerbstätigkeit in den beiden auf die Berichtswoche folgenden Kalenderwochen,</LA></DD><DT>cc)</DT><DD Font="normal"><LA>Gründe für die Nichtverfügbarkeit,</LA></DD></DL></LA></DD></DL></LA></DD><DT>10.</DT><DD Font="normal"><LA>ab dem Jahr 2018 Internetzugang und Internetnutzung: <DL Type="alpha"><DT>a)</DT><DD Font="normal"><LA>für alle Personen: <DL Type="a-alpha"><DT>aa)</DT><DD Font="normal"><LA>Internetzugang,</LA></DD><DT>bb)</DT><DD Font="normal"><LA>Internetnutzung in den letzten drei Monaten vor der Berichtswoche,</LA></DD></DL></LA></DD><DT>b)</DT><DD Font="normal"><LA>an der Anschrift verfügbare maximale Datenübertragungsrate.</LA></DD></DL></LA></DD></DL>Die Angaben zu Satz 1 Nummer 10 Buchstabe b werden über das Hilfsmerkmal Wohnanschrift und über die im Breitbandatlas für die Wohnanschrift vorliegenden Information zur Breitbandverfügbarkeit ermittelt; diese Information erhalten die statistischen Ämter der Länder und des Bundes kostenfrei von der für den Breitbandatlas des Bundes zuständigen Stelle.</P><P>(2) Ab dem Jahr 2018 werden im Abstand von vier Jahren zusätzlich zu den Angaben nach Absatz 1 die Angaben zu folgenden Erhebungsmerkmalen erhoben: <DL Type="arabic"><DT>1.</DT><DD Font="normal"><LA>Wohnsituation: <DL Type="alpha"><DT>a)</DT><DD Font="normal"><LA>Art, Typ und Größe des Gebäudes mit Wohnraum,</LA></DD><DT>b)</DT><DD Font="normal"><LA>leerstehende Wohnung,</LA></DD><DT>c)</DT><DD Font="normal"><LA>Baualtersgruppe des Gebäudes,</LA></DD><DT>d)</DT><DD Font="normal"><LA>Fläche der gesamten Wohnung,</LA></DD><DT>e)</DT><DD Font="normal"><LA>Besitzverhältnis,</LA></DD><DT>f)</DT><DD Font="normal"><LA>Nutzung der Wohnung als Eigentümer oder Eigentümerin, Hauptmieter oder Hauptmieterin oder Untermieter oder Untermieterin,</LA></DD><DT>g)</DT><DD Font="normal"><LA>Kalenderjahr des Einzugs des Haushalts in die Wohnung,</LA></DD><DT>h)</DT><DD Font="normal"><LA>Ausstattung der Wohnung mit Heiz- und Warmwasserbereitungsanlagen nach einzelnen Energieträgersystemen,</LA></DD><DT>i)</DT><DD Font="normal"><LA>Barrieren beim Zugang zur Wohnung,</LA></DD><DT>j)</DT><DD Font="normal"><LA>Barrieren innerhalb der Wohnung,</LA></DD><DT>k)</DT><DD Font="normal"><LA>Höhe der monatlichen Miete und der anteiligen Betriebs- und Nebenkosten für Mietwohnungen,</LA></DD><DT>l)</DT><DD Font="normal"><LA>Kredite für selbstgenutztes Wohneigentum,</LA></DD><DT>m)</DT><DD Font="normal"><LA>Art der öffentlichen Leistungen für die Wohnkosten,</LA></DD></DL></LA></DD><DT>2.</DT><DD Font="normal"><LA>vertraglich vereinbarte maximale Datenübertragungsrate,</LA></DD><DT>3.</DT><DD Font="normal"><LA>für Frauen im Alter von 15 bis 75 Jahren: Zahl der lebend geborenen Kinder.</LA></DD></DL></P></Content></text></textdaten></norm>
<norm builddate="20240331214107" doknr="BJNR282610016BJNE000701126"><metadaten><jurabk>MZG</jurabk><enbez>§ 7</enbez><titel format="XML">Erhebungsmerkmale in Bezug auf die Arbeitsmarktbeteiligung</titel></metadaten><textdaten><text format="XML"><Content><P>(1) Gemeinsam mit den Angaben zu § 6 werden, soweit in § 5 Absatz 3 Nummer 2 nichts anderes bestimmt ist, jährlich die Angaben zu folgenden Erhebungsmerkmalen erhoben: <DL Type="arabic"><DT>1.</DT><DD Font="normal"><LA>für Erwerbstätige: <DL Type="alpha"><DT>a)</DT><DD Font="normal"><LA>zur Haupttätigkeit: <DL Type="a-alpha"><DT>aa)</DT><DD Font="normal"><LA>Lage der Arbeitsstätte,</LA></DD><DT>bb)</DT><DD Font="normal"><LA>Ursachen eines befristeten Arbeitsvertrags,</LA></DD><DT>cc)</DT><DD Font="normal"><LA>Gesamtdauer der befristeten Tätigkeit,</LA></DD><DT>dd)</DT><DD Font="normal"><LA>Anzahl bezahlter und unbezahlter Überstunden,</LA></DD><DT>ee)</DT><DD Font="normal"><LA>Kalendermonat und Kalenderjahr des Beginns der Tätigkeit beim derzeitigen Arbeitgeber oder als Selbständiger oder Selbständige,</LA></DD><DT>ff)</DT><DD Font="normal"><LA>arbeitsmarktbezogene und andere Gründe für den Unterschied zwischen normalerweise geleisteter wöchentlicher Arbeitszeit und tatsächlich geleisteter Arbeitszeit,</LA></DD><DT>gg)</DT><DD Font="normal"><LA>Ausübung von Leitungsfunktionen,</LA></DD><DT>hh)</DT><DD Font="normal"><LA>monatlicher Nettoverdienst,</LA></DD><DT>ii)</DT><DD Font="normal"><LA>Arbeitszeit und Arbeitsort in den vier Kalenderwochen, die mit der Berichtswoche enden: <DL Type="a3-alpha"><DT>aaa)</DT><DD Font="normal"><LA>Samstags-, Sonntags- und Feiertagsarbeit,</LA></DD><DT>bbb)</DT><DD Font="normal"><LA>Nachtarbeit,</LA></DD><DT>ccc)</DT><DD Font="normal"><LA>Schichtarbeit,</LA></DD><DT>ddd)</DT><DD Font="normal"><LA>Abendarbeit,</LA></DD><DT>eee)</DT><DD Font="normal"><LA>Erwerbstätigkeit von zu Hause,</LA></DD></DL></LA></DD></DL></LA></DD><DT>b)</DT><DD Font="normal"><LA>weitere Erhebungsmerkmale für Erwerbstätige: <DL Type="a-alpha"><DT>aa)</DT><DD Font="normal"><LA>Gründe für Nichtverfügbarkeit zur Aufnahme einer zusätzlichen Tätigkeit oder einer höheren Arbeitszeit,</LA></DD><DT>bb)</DT><DD Font="normal"><LA>Art der gewünschten Mehrarbeit,</LA></DD><DT>cc)</DT><DD Font="normal"><LA>Arbeitssuche und Anlass der Arbeitssuche,</LA></DD><DT>dd)</DT><DD Font="normal"><LA>Fehlen von Betreuungsmöglichkeiten,</LA></DD><DT>ee)</DT><DD Font="normal"><LA>Beteiligung der öffentlichen Arbeitsvermittlung an der Suche nach der derzeitigen Haupttätigkeit,</LA></DD></DL></LA></DD></DL></LA></DD><DT>2.</DT><DD Font="normal"><LA>für Arbeitslose und Arbeitsuchende: <DL Type="alpha"><DT>a)</DT><DD Font="normal"><LA>Bezug von Arbeitslosengeld und Bürgergeld,</LA></DD><DT>b)</DT><DD Font="normal"><LA>Anlass der Arbeitssuche,</LA></DD><DT>c)</DT><DD Font="normal"><LA>Art und Umfang der gesuchten Tätigkeit,</LA></DD><DT>d)</DT><DD Font="normal"><LA>Meldung bei einer öffentlichen Arbeitsvermittlung,</LA></DD><DT>e)</DT><DD Font="normal"><LA>Gründe für Nichtverfügbarkeit innerhalb der beiden auf die Berichtswoche folgenden Kalenderwochen,</LA></DD><DT>f)</DT><DD Font="normal"><LA>Erwerbs- oder sonstige Tätigkeit vor der Arbeitssuche,</LA></DD></DL></LA></DD><DT>3.</DT><DD Font="normal"><LA>Weiterbildung: <DL Type="alpha"><DT>a)</DT><DD Font="normal"><LA>Teilnahme an Lehrveranstaltungen in den letzten vier Wochen vor dem Tag der Berichtswoche: <DL Type="a-alpha"><DT>aa)</DT><DD Font="normal"><LA>Gesamtdauer der Lehrveranstaltungen nach Stunden,</LA></DD><DT>bb)</DT><DD Font="normal"><LA>überwiegender Zweck der Teilnahme an den Lehrveranstaltungen,</LA></DD><DT>cc)</DT><DD Font="normal"><LA>Fachrichtung der zuletzt besuchten Lehrveranstaltung,</LA></DD></DL></LA></DD><DT>b)</DT><DD Font="normal"><LA>Teilnahme an Lehrveranstaltungen im letzten Jahr vor dem Tag der Berichtswoche: <DL Type="a-alpha"><DT>aa)</DT><DD Font="normal"><LA>Gesamtdauer der Lehrveranstaltungen nach Stunden, Tagen oder Wochen,</LA></DD><DT>bb)</DT><DD Font="normal"><LA>überwiegender Zweck der Teilnahme an den Lehrveranstaltungen,</LA></DD><DT>cc)</DT><DD Font="normal"><LA>Fachrichtung der zuletzt besuchten Lehrveranstaltung,</LA></DD></DL></LA></DD></DL></LA></DD><DT>4.</DT><DD Font="normal"><LA>Situation ein Jahr vor der Berichtswoche: <DL Type="alpha"><DT>a)</DT><DD Font="normal"><LA>Wohnsitz,</LA></DD><DT>b)</DT><DD Font="normal"><LA>Hauptstatus,</LA></DD><DT>c)</DT><DD Font="normal"><LA>Erwerbstätigkeit oder Nichterwerbstätigkeit,</LA></DD><DT>d)</DT><DD Font="normal"><LA>bei Erwerbstätigkeit: <DL Type="a-alpha"><DT>aa)</DT><DD Font="normal"><LA>Stellung im Beruf,</LA></DD><DT>bb)</DT><DD Font="normal"><LA>Wirtschaftszweig des Betriebes,</LA></DD></DL></LA></DD></DL></LA></DD><DT>5.</DT><DD Font="normal"><LA>Behinderung: <DL Type="alpha"><DT>a)</DT><DD Font="normal"><LA>amtlich festgestellte Behinderteneigenschaft,</LA></DD><DT>b)</DT><DD Font="normal"><LA>Grad der Behinderung.</LA></DD></DL></LA></DD></DL></P><P>(2) Ab dem Jahr 2017 werden im Abstand von vier Jahren zusätzlich zu den Angaben nach Absatz 1 die Angaben zu folgenden Erhebungsmerkmalen erhoben: <DL Type="arabic"><DT>1.</DT><DD Font="normal"><LA>Schichtarbeit: <DL Type="alpha"><DT>a)</DT><DD Font="normal"><LA>Art der geleisteten Schichtarbeit in den vier Kalenderwochen, die mit der Berichtswoche enden,</LA></DD><DT>b)</DT><DD Font="normal"><LA>durchschnittlich je Nacht geleistete Arbeitsstunden,</LA></DD></DL></LA></DD><DT>2.</DT><DD Font="normal"><LA>Gesundheitszustand: <DL Type="alpha"><DT>a)</DT><DD Font="normal"><LA>Dauer einer Krankheit oder Unfallverletzung in den vier Wochen vor der Berichtswoche,</LA></DD><DT>b)</DT><DD Font="normal"><LA>Art des Unfalls,</LA></DD><DT>c)</DT><DD Font="normal"><LA>Art der Behandlung,</LA></DD><DT>d)</DT><DD Font="normal"><LA>Krankheitsrisiken,</LA></DD><DT>e)</DT><DD Font="normal"><LA>Körpergröße und Gewicht.</LA></DD></DL></LA></DD></DL></P><P>(3) Ab dem Jahr 2019 werden im Abstand von vier Jahren zusätzlich zu den Angaben zu Absatz 1 die Angaben zu folgenden Erhebungsmerkmalen erhoben: <DL Type="arabic"><DT>1.</DT><DD Font="normal"><LA>Krankenversicherungsschutz: <DL Type="alpha"><DT>a)</DT><DD Font="normal"><LA>Zugehörigkeit zur gesetzlichen Krankenversicherung nach Kassenarten,</LA></DD><DT>b)</DT><DD Font="normal"><LA>Zugehörigkeit zur privaten Krankenversicherung,</LA></DD><DT>c)</DT><DD Font="normal"><LA>sonstiger Anspruch auf Krankenversorgung,</LA></DD><DT>d)</DT><DD Font="normal"><LA>Art des Krankenversicherungsverhältnisses,</LA></DD><DT>e)</DT><DD Font="normal"><LA>zusätzlicher privater Krankenversicherungsschutz,</LA></DD></DL></LA></DD><DT>2.</DT><DD Font="normal"><LA>weitere Eigenschaften der Haupttätigkeit für Erwerbstätige: <DL Type="alpha"><DT>a)</DT><DD Font="normal"><LA>überwiegend ausgeübte Tätigkeit,</LA></DD><DT>b)</DT><DD Font="normal"><LA>Stellung im Betrieb.</LA></DD></DL></LA></DD></DL></P><P>(4) Ab dem Jahr 2020 werden im Abstand von vier Jahren zusätzlich zu den Angaben nach Absatz 1 die folgenden Angaben zu den Pendlereigenschaften von Schülern und Schülerinnen, Studenten und Studentinnen sowie Erwerbstätigen erhoben: <DL Type="arabic"><DT>1.</DT><DD Font="normal"><LA>Gemeinde, von der aus der Weg zur Arbeits- oder Ausbildungsstätte vorwiegend angetreten wird,</LA></DD><DT>2.</DT><DD Font="normal"><LA>Lage der Arbeits- oder Ausbildungsstätte,</LA></DD><DT>3.</DT><DD Font="normal"><LA>hauptsächlich und weiteres benutztes Verkehrsmittel,</LA></DD><DT>4.</DT><DD Font="normal"><LA>Entfernung und Zeitaufwand für den Weg zur Arbeits- oder Ausbildungsstätte.</LA></DD></DL></P><P>(5) Ab dem Jahr 2017 werden zusätzlich gemeinsam mit den Angaben zu Absatz 1 die Angaben zu den Merkmalen nach der Verordnung (EG) Nr. 577/98 sowie nach den auf dieser Verordnung basierenden Rechtsakten erhoben, soweit diese Angaben nicht bereits nach Absatz 1 oder nach § 6 erhoben werden.</P><P>(6) Ab dem Jahr 2020 beträgt der Auswahlsatz höchstens 45 Prozent der nach § 6 zu Befragenden.</P></Content></text><fussnoten/></textdaten></norm>
<norm builddate="20240331214107" doknr="BJNR282610016BJNE000803126"><metadaten><jurabk>MZG</jurabk><enbez>§ 8</enbez><titel format="XML">Erhebungsmerkmale in Bezug auf Einkommen und Lebensbedingungen</titel></metadaten><textdaten><text format="XML"><Content><P>(1) Ab dem Jahr 2020 werden jährlich gemeinsam mit den Angaben zum Kernprogramm nach § 6 bei Personen, die im Auswahlbezirk ihren Hauptwohnsitz haben, mit einem Auswahlsatz von höchstens 12 Prozent der nach § 6 zu Befragenden die Angaben zu folgenden Erhebungsmerkmalen erhoben: <DL Font="normal" Type="arabic"><DT>1.</DT><DD Font="normal"><LA Size="normal">Haushaltsveränderungen und Lebenssituation: <DL Font="normal" Type="alpha"><DT>a)</DT><DD Font="normal"><LA Size="normal">bei der Erstbefragung: Kalendermonat und Kalenderjahr der Haushaltsveränderungen im laufenden Kalenderjahr sowie im Kalenderjahr vor der Berichtswoche,</LA></DD><DT>b)</DT><DD Font="normal"><LA Size="normal">bei Folgebefragungen: Kalendermonat und Kalenderjahr der Haushaltsveränderungen seit der letzten Berichtswoche,</LA></DD><DT>c)</DT><DD Font="normal"><LA Size="normal">Lebenssituation im Kalenderjahr vor der Berichtswoche,</LA></DD><DT>d)</DT><DD Font="normal"><LA Size="normal">Lebenssituation bei Einzug in den Haushalt,</LA></DD><DT>e)</DT><DD Font="normal"><LA Size="normal">derzeitige Anwesenheit der Haushaltsmitglieder,</LA></DD></DL></LA></DD><DT>2.</DT><DD Font="normal"><LA Size="normal">Arbeitsmarktbeteiligung und Kinderbetreuung: <DL Font="normal" Type="alpha"><DT>a)</DT><DD Font="normal"><LA Size="normal">für alle Personen: <DL Font="normal" Type="a-alpha"><DT>aa)</DT><DD Font="normal"><LA Size="normal">Dauer der Erwerbstätigkeit in Jahren,</LA></DD><DT>bb)</DT><DD Font="normal"><LA Size="normal">Alter, in dem die erste regelmäßige Erwerbstätigkeit aufgenommen wurde,</LA></DD><DT>cc)</DT><DD Font="normal"><LA Size="normal">Arten von Lebenssituationen sowie Anzahl der Monate im Kalenderjahr vor der Berichtswoche, in denen diese Lebenssituationen bestanden,</LA></DD><DT>dd)</DT><DD Font="normal"><LA Size="normal">Haupttätigkeit in den Kalendermonaten im Kalenderjahr vor der Berichtswoche,</LA></DD><DT>ee)</DT><DD Font="normal"><LA Size="normal">Arbeitsplatzwechsel oder Aufgabe der Erwerbstätigkeit in den letzten zwölf Monaten vor der Berichtswoche, einschließlich der Gründe,</LA></DD></DL></LA></DD><DT>b)</DT><DD Font="normal"><LA Size="normal">für Nichterwerbstätige: befristeter oder unbefristeter Arbeitsvertrag in der letzten Erwerbstätigkeit,</LA></DD><DT>c)</DT><DD Font="normal"><LA Size="normal">für alle Haushalte: Wochenstunden der Kinderbetreuung in einer üblichen Woche,</LA></DD></DL></LA></DD><DT>3.</DT><DD Font="normal"><LA Size="normal">Einkommen und erhaltene Zahlungen im Kalenderjahr vor der Berichtswoche: <DL Font="normal" Type="alpha"><DT>a)</DT><DD Font="normal"><LA Size="normal">Einkommensarten: <DL Font="normal" Type="a-alpha"><DT>aa)</DT><DD Font="normal"><LA Size="normal">Art der öffentlichen Renten oder Pensionen untergliedert nach <DL Font="normal" Type="a3-alpha"><DT>aaa)</DT><DD Font="normal"><LA Size="normal">eigener Rente oder Pension,</LA></DD><DT>bbb)</DT><DD Font="normal"><LA Size="normal">Witwenrente oder Witwerrente oder Witwenpension oder Witwerpension,</LA></DD><DT>ccc)</DT><DD Font="normal"><LA Size="normal">Waisenrente oder Waisenpension,</LA></DD></DL></LA></DD><DT>bb)</DT><DD Font="normal"><LA Size="normal">Art der sonstigen öffentlichen und privaten Einkommen sowie Dauer des Bezugs,</LA></DD></DL></LA></DD><DT>b)</DT><DD Font="normal"><LA Size="normal">Krankenversicherungsschutz: <DL Font="normal" Type="a-alpha"><DT>aa)</DT><DD Font="normal"><LA Size="normal">Zugehörigkeit zur gesetzlichen Krankenversicherung,</LA></DD><DT>bb)</DT><DD Font="normal"><LA Size="normal">Zugehörigkeit zur privaten Krankenversicherung,</LA></DD><DT>cc)</DT><DD Font="normal"><LA Size="normal">Art des Krankenversicherungsverhältnisses,</LA></DD><DT>dd)</DT><DD Font="normal"><LA Size="normal">sonstiger Anspruch auf Krankenversorgung,</LA></DD><DT>ee)</DT><DD Font="normal"><LA Size="normal">Dauer der Versicherungs- und Anspruchsverhältnisse im Kalenderjahr vor der Berichtswoche,</LA></DD></DL></LA></DD><DT>c)</DT><DD Font="normal"><LA Size="normal">Höhe des Einkommens aus Erwerbstätigkeit und Vermögen: <DL Font="normal" Type="a-alpha"><DT>aa)</DT><DD Font="normal"><LA Size="normal">Höhe des Einkommens aus unselbständiger Tätigkeit,</LA></DD><DT>bb)</DT><DD Font="normal"><LA Size="normal">Höhe des Gewinns oder Verlusts aus selbständiger Tätigkeit,</LA></DD><DT>cc)</DT><DD Font="normal"><LA Size="normal">Höhe des Einkommens aus Wert- oder Sparanlagen,</LA></DD><DT>dd)</DT><DD Font="normal"><LA Size="normal">Höhe des Einkommens aus Vermietung oder Verpachtung,</LA></DD></DL></LA></DD><DT>d)</DT><DD Font="normal"><LA Size="normal">Höhe der Renten und Pensionen: <DL Font="normal" Type="a-alpha"><DT>aa)</DT><DD Font="normal"><LA Size="normal">Höhe der gesetzlichen Alters-, Pensions- und Hinterbliebenenleistungen,</LA></DD><DT>bb)</DT><DD Font="normal"><LA Size="normal">Höhe der Werks- oder Betriebsrenten sowie der Leistungen der Zusatzversorgungskassen des öffentlichen Dienstes,</LA></DD><DT>cc)</DT><DD Font="normal"><LA Size="normal">Höhe der gesetzlichen Leistungen bei Erwerbsminderung, Berufs- oder Dienstunfähigkeit,</LA></DD></DL></LA></DD><DT>e)</DT><DD Font="normal"><LA Size="normal">Höhe der erhaltenen öffentlichen Zahlungen und Unterhaltszahlungen: <DL Font="normal" Type="a-alpha"><DT>aa)</DT><DD Font="normal"><LA Size="normal">Höhen der gesetzlichen Leistungen bei Arbeitslosigkeit, bei Aus- und Weiterbildungsförderungen der Bundesagentur für Arbeit, insbesondere Höhen des Qualifizierungsgeldes, und Höhen der Grundsicherung für Arbeitsuchende, insbesondere Höhen des Bürgergeldes, des Bürgergeldbonus und der Weiterbildungsleistungen,</LA></DD><DT>bb)</DT><DD Font="normal"><LA Size="normal">Höhe der laufenden Hilfe zum Lebensunterhalt,</LA></DD><DT>cc)</DT><DD Font="normal"><LA Size="normal">Höhe der Grundsicherung im Alter und bei Erwerbsminderung,</LA></DD><DT>dd)</DT><DD Font="normal"><LA Size="normal">Höhe des Elterngeldes,</LA></DD><DT>ee)</DT><DD Font="normal"><LA Size="normal">Höhe des Wohngeldes,</LA></DD><DT>ff)</DT><DD Font="normal"><LA Size="normal">Höhe der Ausbildungsförderung,</LA></DD><DT>gg)</DT><DD Font="normal"><LA Size="normal">Höhe der erhaltenen Unterhaltszahlungen oder sonstiger regelmäßiger Zahlungen von Personen, die im Kalenderjahr vor der Berichtswoche nicht im Haushalt lebten,</LA></DD><DT>hh)</DT><DD Font="normal"><LA Size="normal">Höhen der Leistungen aus der gesetzlichen Pflegeversicherung,</LA></DD></DL></LA></DD></DL></LA></DD><DT>4.</DT><DD Font="normal"><LA Size="normal">geleistete Zahlungen im Kalenderjahr vor der Berichtswoche: <DL Font="normal" Type="alpha"><DT>a)</DT><DD Font="normal"><LA Size="normal">geleistete Beiträge für die private Vorsorge,</LA></DD><DT>b)</DT><DD Font="normal"><LA Size="normal">geleistete Zahlungen für Grundbesitzabgaben,</LA></DD><DT>c)</DT><DD Font="normal"><LA Size="normal">geleistete Unterhaltszahlungen oder sonstige regelmäßige Zahlungen an Personen, die im Kalenderjahr vor der Berichtswoche nicht im Haushalt lebten sowie Dauer der Zahlungen,</LA></DD></DL></LA></DD><DT>5.</DT><DD Font="normal"><LA Size="normal">materielle Deprivation: <DL Font="normal" Type="alpha"><DT>a)</DT><DD Font="normal"><LA Size="normal">Besitz eines Autos,</LA></DD><DT>b)</DT><DD Font="normal"><LA Size="normal">finanzielle Kapazität, sich jährlich eine einwöchige Ferienreise zu leisten,</LA></DD><DT>c)</DT><DD Font="normal"><LA Size="normal">finanzielle Kapazität, sich jeden zweiten Tag eine hochwertige Mahlzeit zu leisten,</LA></DD><DT>d)</DT><DD Font="normal"><LA Size="normal">finanzielle Kapazität, unerwartet anfallende Ausgaben zu bestreiten,</LA></DD><DT>e)</DT><DD Font="normal"><LA Size="normal">finanzielle Kapazität, die Wohnung angemessen zu heizen,</LA></DD><DT>f)</DT><DD Font="normal"><LA Size="normal">Ersetzen abgewohnter Möbel,</LA></DD><DT>g)</DT><DD Font="normal"><LA Size="normal">Ersetzen einiger abgetragener Kleidungsstücke durch neue,</LA></DD><DT>h)</DT><DD Font="normal"><LA Size="normal">Besitz von zwei Paar passenden Schuhen,</LA></DD><DT>i)</DT><DD Font="normal"><LA Size="normal">mindestens einmal im Monat mit Freunden oder Freundinnen oder Familienmitgliedern zum Essen oder Trinken treffen,</LA></DD><DT>j)</DT><DD Font="normal"><LA Size="normal">regelmäßig einer Freizeitbeschäftigung nachgehen,</LA></DD><DT>k)</DT><DD Font="normal"><LA Size="normal">wöchentlich einen kleinen Betrag für sich selbst zur Verfügung haben,</LA></DD><DT>l)</DT><DD Font="normal"><LA Size="normal">Internetzugang für private Nutzung in der Wohnung,</LA></DD><DT>m)</DT><DD Font="normal"><LA Size="normal">Besitz eines Computers im Haushalt,</LA></DD><DT>n)</DT><DD Font="normal"><LA Size="normal">rechtzeitiges Bezahlen von Mieten, Hypotheken, Versorgungsrechnungen oder Konsumentenkrediten in den letzten zwölf Monaten vor der Berichtswoche,</LA></DD></DL></LA></DD><DT>6.</DT><DD Font="normal"><LA Size="normal">Wohnsituation: <DL Font="normal" Type="alpha"><DT>a)</DT><DD Font="normal"><LA Size="normal">Wohnungstyp,</LA></DD><DT>b)</DT><DD Font="normal"><LA Size="normal">Besitzverhältnis,</LA></DD><DT>c)</DT><DD Font="normal"><LA Size="normal">bis zu zwei Personen im Haushalt, die Eigentümer oder Eigentümerin oder Mieter oder Mieterin sind,</LA></DD><DT>d)</DT><DD Font="normal"><LA Size="normal">Baualtersgruppe des Gebäudes,</LA></DD><DT>e)</DT><DD Font="normal"><LA Size="normal">Fläche der gesamten Wohnung,</LA></DD><DT>f)</DT><DD Font="normal"><LA Size="normal">Anzahl der Zimmer,</LA></DD><DT>g)</DT><DD Font="normal"><LA Size="normal">Höhe der monatlichen Wohnkosten,</LA></DD><DT>h)</DT><DD Font="normal"><LA Size="normal">Höhe der monatlichen Miete,</LA></DD><DT>i)</DT><DD Font="normal"><LA Size="normal">Höhe der anteiligen Betriebs- und Nebenkosten,</LA></DD><DT>j)</DT><DD Font="normal"><LA Size="normal">Kalenderjahr des Einzugs des Haushalts,</LA></DD></DL></LA></DD><DT>7.</DT><DD Font="normal"><LA Size="normal">für Personen in Ausbildung: angestrebter Bildungsabschluss,</LA></DD><DT>8.</DT><DD Font="normal"><LA Size="normal">Hilfe durch andere.</LA></DD></DL></P><P>(2) Zusätzlich werden gemeinsam mit den Angaben zu Absatz 1 die Angaben zu den Merkmalen nach der Verordnung (EG) Nr. 1177/2003 sowie nach den auf dieser Verordnung basierenden Rechtsakten in der jeweils geltenden Fassung erhoben, soweit diese Angaben nicht bereits nach Absatz 1 oder nach § 6 erhoben werden.</P><P>(3) Über den in Absatz 1 genannten Auswahlsatz hinaus sind die folgenden Personen und Haushalte Erhebungseinheiten für die Erhebung der Angaben zu den §§ 6 und 8 entsprechend den Regelungen zur Weiterbefragung nach der Verordnung (EG) Nr. 1982/2003 der Kommission vom 21. Oktober 2003 zur Durchführung der Verordnung (EG) Nr. 1177/2003 des Europäischen Parlaments und des Rates für die Gemeinschaftsstatistik über Einkommen und Lebensbedingungen (EU-SILC) im Hinblick auf die Regeln für die Stichprobenauswahl und die Weiterbefragung (ABl. L 298 vom 17.11.2003, S. 29) in der jeweils geltenden Fassung: <DL Font="normal" Type="arabic"><DT>1.</DT><DD Font="normal"><LA Size="normal">Personen oder Haushalte, die bei der Erstbefragung in einem Auswahlbezirk für die Erhebung der Angaben zu § 8 ausgewählt sind und aus dem Auswahlbezirk ziehen, nachdem die Erstbefragung stattgefunden hat, sowie</LA></DD><DT>2.</DT><DD Font="normal"><LA Size="normal">die neuen Haushaltsmitglieder der in Nummer 1 genannten Personen und Haushalte.</LA></DD></DL></P></Content></text><fussnoten/></textdaten></norm>
<norm builddate="20240331214107" doknr="BJNR282610016BJNE000900000"><metadaten><jurabk>MZG</jurabk><enbez>§ 9</enbez><titel format="XML">Erhebungsmerkmale in Bezug auf Informations- und Kommunikationstechnologie</titel></metadaten><textdaten><text format="XML"><Content><P>Ab dem Jahr 2021 werden jährlich gemeinsam mit den Angaben zum Kernprogramm nach § 6 bei Personen, die im Auswahlbezirk ihren Hauptwohnsitz haben, die Angaben zu den Merkmalen nach der Verordnung (EG) Nr. 808/2004 sowie nach den auf dieser Verordnung basierenden Rechtsakten, soweit Personen und Haushalte betroffen sind, erhoben, soweit diese Angaben nicht bereits nach § 6 erhoben werden. Der Befragung liegt ein Auswahlsatz von höchstens 3,5 Prozent der nach § 6 zu Befragenden zugrunde.</P></Content></text></textdaten></norm>
<norm builddate="20240331214107" doknr="BJNR282610016BJNE001000000"><metadaten><jurabk>MZG</jurabk><enbez>§ 10</enbez><titel format="XML">Erhebungsmerkmale in Gemeinschaftsunterkünften</titel></metadaten><textdaten><text format="XML"><Content><P>(1) In Gemeinschaftsunterkünften werden abweichend von § 6 Angaben zu folgenden Erhebungsmerkmalen erhoben: <DL Type="arabic"><DT>1.</DT><DD Font="normal"><LA>Gemeinde und Gemeindeteil,</LA></DD><DT>2.</DT><DD Font="normal"><LA>Art der Gemeinschaftsunterkunft,</LA></DD><DT>3.</DT><DD Font="normal"><LA>Kalendermonat und Kalenderjahr der Geburt,</LA></DD><DT>4.</DT><DD Font="normal"><LA>Geschlecht,</LA></DD><DT>5.</DT><DD Font="normal"><LA>Familienstand,</LA></DD><DT>6.</DT><DD Font="normal"><LA>Staatsangehörigkeiten,</LA></DD><DT>7.</DT><DD Font="normal"><LA>Nutzung als Haupt- oder Nebenwohnung,</LA></DD><DT>8.</DT><DD Font="normal"><LA>Bestehen einer Wohnung im Ausland,</LA></DD><DT>9.</DT><DD Font="normal"><LA>Hauptstatus.</LA></DD></DL></P><P>(2) Gemeinschaftsunterkünfte nach Absatz 1 sind Einrichtungen, die regelmäßig der längerfristigen Unterbringung und Versorgung von Personen dienen, soweit diese keinen eigenen Haushalt führen.</P></Content></text></textdaten></norm>
<norm builddate="20240331214107" doknr="BJNR282610016BJNE001100000"><metadaten><jurabk>MZG</jurabk><enbez>§ 11</enbez><titel format="XML">Hilfsmerkmale</titel></metadaten><textdaten><text format="XML"><Content><P>(1) Hilfsmerkmale sind: <DL Type="arabic"><DT>1.</DT><DD Font="normal"><LA>Vor- und Familiennamen der Haushaltsmitglieder,</LA></DD><DT>2.</DT><DD Font="normal"><LA>Kontaktdaten der Haushaltsmitglieder,</LA></DD><DT>3.</DT><DD Font="normal"><LA>Wohnanschrift,</LA></DD><DT>4.</DT><DD Font="normal"><LA>Lage der Wohnung im Gebäude,</LA></DD><DT>5.</DT><DD Font="normal"><LA>Vor- und Familienname des Wohnungsinhabers oder der Wohnungsinhaberin,</LA></DD><DT>6.</DT><DD Font="normal"><LA>Name und Anschrift der Arbeitsstätten der Haushaltsmitglieder,</LA></DD><DT>7.</DT><DD Font="normal"><LA>Baualtersgruppe des Gebäudes.</LA></DD></DL></P><P>(2) Hilfsmerkmale bei der Erhebung nach § 10 sind: <DL Type="arabic"><DT>1.</DT><DD Font="normal"><LA>Name der Gemeinschaftsunterkunft,</LA></DD><DT>2.</DT><DD Font="normal"><LA>Vor- und Familienname der Leitung der Gemeinschaftsunterkunft,</LA></DD><DT>3.</DT><DD Font="normal"><LA>Kontaktdaten der Leitung der Gemeinschaftsunterkunft,</LA></DD><DT>4.</DT><DD Font="normal"><LA>Vor- und Familienname einer von der Leitung der Gemeinschaftsunterkunft benannten Ansprechperson,</LA></DD><DT>5.</DT><DD Font="normal"><LA>Kontaktdaten der Ansprechperson,</LA></DD><DT>6.</DT><DD Font="normal"><LA>Vor- und Familiennamen der Personen, über die die Auskunft erteilt wird,</LA></DD><DT>7.</DT><DD Font="normal"><LA>Anschrift des Gebäudes,</LA></DD><DT>8.</DT><DD Font="normal"><LA>Baualtersgruppe des Gebäudes.</LA></DD></DL></P><P>(3) Die Angaben nach Absatz 1 Nummer 6 dürfen nur zur Überprüfung der Zuordnung der Erwerbstätigen zu Wirtschaftszweigen verwendet werden.</P></Content></text></textdaten></norm>
<norm builddate="20240331214107" doknr="BJNR282610016BJNE001200000"><metadaten><jurabk>MZG</jurabk><enbez>§ 12</enbez><titel format="XML">Erhebungsbeauftragte</titel></metadaten><textdaten><text format="XML"><Content><P>(1) Werden Erhebungsbeauftragte nach § 14 des Bundesstatistikgesetzes eingesetzt, dürfen sie die Angaben nach § 13 Absatz 6 Satz 1 selbst in die Erhebungsunterlagen eintragen oder elektronisch erfassen. Das gilt auch für weitere Eintragungen in die Erhebungsunterlagen, soweit die Auskunftspflichtigen einverstanden sind.</P><P>(2) Werden Erhebungsbeauftragte ehrenamtlich eingesetzt, erhalten sie für ihre Tätigkeit eine steuerfreie Aufwandsentschädigung im Sinne des § 3 Nummer 12 Satz 2 des Einkommensteuergesetzes.</P></Content></text></textdaten></norm>
<norm builddate="20240331214107" doknr="BJNR282610016BJNE001300000"><metadaten><jurabk>MZG</jurabk><enbez>§ 13</enbez><titel format="XML">Auskunftspflicht</titel></metadaten><textdaten><text format="XML"><Content><P>(1) Für den Mikrozensus besteht Auskunftspflicht, soweit in Absatz 7 nichts anderes bestimmt ist. Die Auskunftspflicht über Dritte erstreckt sich nur auf die Angaben, die der auskunftspflichtigen Person bekannt sind.</P><P>(2) Auskunftspflichtig sind für die Angaben zu den Erhebungsmerkmalen nach § 6 Absatz 1, § 7 Absatz 1 und 3 sowie § 8 Absatz 1 sowie für die Angaben zu den Hilfsmerkmalen nach § 11 Absatz 1 Nummer 1, 3, 4, 6 und 7 alle volljährigen Haushaltsmitglieder und alle einen eigenen Haushalt führenden Minderjährigen, jeweils auch für minderjährige Haushaltsmitglieder.</P><P>(3) Für volljährige Haushaltsmitglieder, die insbesondere wegen einer Krankheit oder Behinderung nicht selbst Auskunft geben können, ist jedes andere auskunftspflichtige Haushaltsmitglied auskunftspflichtig. Gibt es kein anderes auskunftspflichtiges Haushaltsmitglied und ist für die nicht auskunftsfähige Person ein Betreuer oder eine Betreuerin bestellt, so ist dieser oder diese auskunftspflichtig, soweit die Auskunft in seinen oder ihren Aufgabenkreis fällt. Benennt eine nicht auskunftsfähige Person eine Vertrauensperson, die für sie die erforderliche Auskunft erteilt, erlischt die Auskunftspflicht nach den Sätzen 1 und 2.</P><P>(4) In Gemeinschaftsunterkünften ist die Leitung der Einrichtung auskunftspflichtig. Diejenigen Personen, über die Auskunft zu erteilen ist, sind von der Leitung über die Auskunftserteilung zu informieren.</P><P>(5) Für die Angaben zu den Erhebungsmerkmalen nach § 6 Absatz 2 Nummer 1 sowie für die Angaben zu den Hilfsmerkmalen nach § 11 Absatz 1 Nummer 5 sind die Wohnungsinhaber oder Wohnungsinhaberinnen auskunftspflichtig, ersatzweise die nach den Absätzen 2 und 3 Auskunftspflichtigen.</P><P>(6) Werden Erhebungsbeauftragte eingesetzt, sind ihnen von den angetroffenen Auskunftspflichtigen auf Verlangen die folgenden Angaben mündlich mitzuteilen: <DL Type="arabic"><DT>1.</DT><DD Font="normal"><LA>Angaben zu den Erhebungsmerkmalen nach § 6 Absatz 1 Nummer 2 Buchstabe a und</LA></DD><DT>2.</DT><DD Font="normal"><LA>Angaben zu den Hilfsmerkmalen nach § 11 Absatz 1 Nummer 1, 3, 4 und 5.</LA></DD></DL>Diese Angaben sind den Erhebungsbeauftragten von den angetroffenen Auskunftspflichtigen auch für andere in derselben Wohnung wohnende Personen auf Aufforderung mündlich mitzuteilen.</P><P>(7) Die Angaben zu § 6 Absatz 2 Nummer 3, § 7 Absatz 1 Nummer 5, Absatz 2 und 5, § 8 Absatz 2 sowie § 9 und zu den Hilfsmerkmalen nach § 11 Absatz 1 Nummer 2 und Absatz 2 Nummer 4 und 5 sind freiwillig. Die Erhebungseinheiten nach § 8 Absatz 3 sind nicht auskunftspflichtig.</P><P>(8) Soweit Anhaltspunkte dem nicht entgegenstehen, wird vermutet, dass alle auskunftspflichtigen Personen eines Haushalts befugt sind, Auskünfte auch für die jeweils anderen Personen des Haushalts zu erteilen. Dies gilt entsprechend für die Bestätigung der im Vorjahr erhobenen Angaben nach § 14 Absatz 2.</P></Content></text></textdaten></norm>
<norm builddate="20240331214107" doknr="BJNR282610016BJNE001400000"><metadaten><jurabk>MZG</jurabk><enbez>§ 14</enbez><titel format="XML">Trennung und Löschung von Angaben</titel></metadaten><textdaten><text format="XML"><Content><P>(1) Die Angaben zu den Hilfsmerkmalen nach § 11 sind von den Angaben zu den Erhebungsmerkmalen, unverzüglich nachdem die Überprüfung der Erhebungs- und der Hilfsmerkmale auf ihre Schlüssigkeit und Vollständigkeit abgeschlossen ist, zu trennen. Die Angaben zu den Hilfsmerkmalen nach § 11 sind gesondert aufzubewahren.</P><P>(2) Mit Einwilligung der Betroffenen dürfen für die Durchführung der Folgebefragungen nach § 5 Absatz 1 Angaben zu den Erhebungsmerkmalen aus den vorangegangenen Befragungen verwendet werden. Zu diesem Zweck dürfen Angaben zu den Erhebungsmerkmalen aus den vorangegangenen Befragungen mit den Angaben zu den Hilfsmerkmalen vorübergehend zusammengeführt werden.</P><P>(3) Die Erhebungsunterlagen einschließlich der Hilfsmerkmale sind spätestens nach Abschluss der Aufbereitung der letzten Folgeerhebung nach § 5 Absatz 1 zu vernichten oder zu löschen.</P><P>(4) Die zur Kennzeichnung statistischer Zusammenhänge verwendeten Ordnungsnummern dürfen in den Datensätzen mit den Angaben zu den Erhebungsmerkmalen gespeichert werden. Die Zusammenhänge zwischen Personen und Haushalt, Haushalten und Wohnung sowie Wohnungen, Gebäude und Auswahlbezirk dürfen durch neue Ordnungsnummern festgehalten werden. Diese Ordnungsnummern dürfen keine über diese Zusammenhänge hinausgehenden Angaben über persönliche oder sachliche Verhältnisse enthalten. Die Ordnungsnummern sind mit Ausnahme der Ordnungsnummern nach Satz 2 nach Abschluss der Aufbereitung der letzten Folgeerhebung nach § 5 Absatz 1 zu löschen.</P><P>(5) Vor- und Familienname sowie Gemeinde, Straße, Hausnummer und Kontaktdaten der befragten Personen dürfen auch im Haushaltszusammenhang für die Durchführung von Folgebefragungen nach § 5 Absatz 1 verwendet werden. Die Angaben zu den Merkmalen nach Satz 1 dürfen auch als Grundlage für die Gewinnung geeigneter Personen und Haushalte zur Durchführung der Statistik der Wirtschaftsrechnungen privater Haushalte und anderer Erhebungen auf freiwilliger Basis verwendet werden.</P></Content></text></textdaten></norm>
<norm builddate="20240331214107" doknr="BJNR282610016BJNE001500000"><metadaten><jurabk>MZG</jurabk><enbez>§ 15</enbez><titel format="XML">Datenübermittlung</titel></metadaten><textdaten><text format="XML"><Content><P>(1) Die nach Landesrecht für die Übermittlung von Meldedaten zuständigen Stellen übermitteln den statistischen Ämtern der Länder auf Ersuchen für die Durchführung des Mikrozensus einschließlich seiner methodischen Auswertung folgende Daten der Einwohner und Einwohnerinnen, die in den Auswahlbezirken nach § 4 Absatz 1 wohnen: <DL Type="arabic"><DT>1.</DT><DD Font="normal"><LA>Vor- und Familienname,</LA></DD><DT>2.</DT><DD Font="normal"><LA>Kalendermonat und Kalenderjahr der Geburt,</LA></DD><DT>3.</DT><DD Font="normal"><LA>Geschlecht,</LA></DD><DT>4.</DT><DD Font="normal"><LA>derzeitige Staatsangehörigkeiten,</LA></DD><DT>5.</DT><DD Font="normal"><LA>Familienstand,</LA></DD><DT>6.</DT><DD Font="normal"><LA>bei mehreren Wohnungen zusätzlich: Nutzung als Hauptwohnung oder Nebenwohnung,</LA></DD><DT>7.</DT><DD Font="normal"><LA>zu den Erhebungseinheiten nach § 8 Absatz 3 zusätzlich zu den Daten nach den Nummern 1 bis 6 die derzeitige Anschrift der Hauptwohnung.</LA></DD></DL></P><P>(2) Ziehen für die Erhebung nach § 8 ausgewählte Personen in den Zuständigkeitsbereich eines anderen statistischen Amtes, werden die Angaben zu den Erhebungs- und Hilfsmerkmalen einschließlich der Ordnungsnummern von dem bisher zuständigen statistischen Amt dem nunmehr zuständigen statistischen Amt übermittelt.</P></Content></text></textdaten></norm>
<norm builddate="20240331214107" doknr="BJNR282610016BJNE001600000"><metadaten><jurabk>MZG</jurabk><enbez>§ 16</enbez><titel format="XML">Zusatzaufbereitungen zur Erwerbsbeteiligung</titel></metadaten><textdaten><text format="XML"><Content><P>Für Zusatzaufbereitungen zur Erwerbsbeteiligung übermitteln die statistischen Ämter der Länder jeweils monatlich die für den Vormonat verfügbaren Angaben zu den Erhebungsmerkmalen nach den §§ 6 und 7 an das Statistische Bundesamt. Das Statistische Bundesamt stellt die Angaben unverzüglich zusammen und veröffentlicht die Ergebnisse.</P></Content></text></textdaten></norm>
<norm builddate="20240331214107" doknr="BJNR282610016BJNE001700000"><metadaten><jurabk>MZG</jurabk><enbez>§ 17</enbez><titel format="XML">Weitere Stichprobenerhebungen</titel></metadaten><textdaten><text format="XML"><Content><P>Die Angaben zu den §§ 6 bis 10 dürfen zur Auswahl von Erhebungseinheiten für Bundesstatistiken nach § 7 des Bundesstatistikgesetzes verwendet werden. Die Auswahl erfolgt nach mathematisch-statistischen Verfahren.</P></Content></text></textdaten></norm>
<norm builddate="20240331214107" doknr="BJNR282610016BJNE001800000"><metadaten><jurabk>MZG</jurabk><enbez>§ 18</enbez><titel format="XML">Experimentierklausel</titel></metadaten><textdaten><text format="XML"><Content><P>(1) Zur Erprobung neuer Erhebungsverfahren ist es zulässig, bei bis zu 2,5 Prozent der Grundstichprobe die Verfahren der ab 2020 geltenden Regelungen zu testen. Die nach Satz 1 erhobenen Angaben dürfen in die Auswertung der Erhebung nach den §§ 6 bis 9 einbezogen werden.</P><P>(2) Die Länder teilen dem Statistischen Bundesamt mit, ob ihre jeweiligen statistischen Ämter an der Erprobung nach Absatz 1 teilnehmen.</P></Content></text></textdaten></norm>
<norm builddate="20240331214107" doknr="BJNR282610016BJNE001901311"><metadaten><jurabk>MZG</jurabk><enbez>§ 19</enbez><titel format="XML">Verordnungsermächtigung</titel></metadaten><textdaten><text format="XML"><Content><P>Das Bundesministerium des Innern, für Bau und Heimat wird ermächtigt, durch Rechtsverordnung mit Zustimmung des Bundesrates <DL Font="normal" Type="arabic"><DT>1.</DT><DD Font="normal"><LA Size="normal">die Erhebung einzelner Erhebungsmerkmale auszusetzen, die Periodizität zu verlängern, Erhebungszeitpunkte zu verschieben sowie den Kreis der zu Befragenden einzuschränken, wenn die Ergebnisse nicht mehr oder nicht mehr in der ursprünglich vorgesehenen Ausführlichkeit oder Häufigkeit oder zu anderen Zeitpunkten benötigt werden,</LA></DD><DT>2.</DT><DD Font="normal"><LA Size="normal">den Beginn der unterjährigen Folgebefragung nach § 5 Absatz 3 Nummer 2 gemeinsam mit der Verringerung des Auswahlsatzes nach § 7 Absatz 6 auf einen späteren Zeitpunkt zu verschieben.</LA></DD></DL></P></Content></text><fussnoten/></textdaten></norm>
<norm builddate="20240331214107" doknr="BJNR282610016BJNE002000126"><metadaten><jurabk>MZG</jurabk><enbez>§ 20</enbez><titel format="XML">Übergangsregelung</titel></metadaten><textdaten><text format="XML"><Content><P>Die Erhebungen für die im Jahr 2022 liegenden Berichtswochen werden nach dem Mikrozensusgesetz vom 7. Dezember 2016 (BGBl. I S. 2826), das durch Artikel 178 der Verordnung vom 19. Juni 2020 (BGBl. I S. 1328) geändert worden ist, durchgeführt.</P></Content></text><fussnoten/></textdaten></norm>
</dokumente>