<?xml version="1.0" encoding="UTF-8" ?><!DOCTYPE dokumente SYSTEM "http://www.gesetze-im-internet.de/dtd/1.01/gii-norm.dtd">
<dokumente builddate="20220412212503" doknr="BJNR171000021"><norm builddate="20220412212503" doknr="BJNR171000021"><metadaten><jurabk>Vorsorg/RehaSiVbgVerlV</jurabk><ausfertigung-datum manuell="ja">2021-06-07</ausfertigung-datum><fundstelle typ="amtlich"><periodikum>BGBl I</periodikum><zitstelle>2021, 1710</zitstelle></fundstelle><langue>Verordnung zur Verlängerung des Zeitraums für Vereinbarungen zur wirtschaftlichen Sicherung der Vorsorge- und Rehabilitationseinrichtungen</langue><standangabe checked="ja"><standtyp>Stand</standtyp><standkommentar>Zuletzt geändert durch Art. 1 V v. 8.4.2022 BAnz AT 11.04.2022 V1</standkommentar></standangabe></metadaten><textdaten><fussnoten><Content><P><BR/> <pre xml:space="preserve">(+++ Textnachweis ab: 15.6.2021 +++)<BR/><BR/></pre></P></Content></fussnoten></textdaten></norm>
<norm builddate="20220412212503" doknr="BJNR171000021BJNE000100000"><metadaten><jurabk>Vorsorg/RehaSiVbgVerlV</jurabk><enbez>Eingangsformel</enbez></metadaten><textdaten><text format="XML"><Content><P>Das Bundesministerium für Gesundheit verordnet auf Grund des § 111 Absatz 5 Satz 6 des Fünften Buches Sozialgesetzbuch und des § 111c Absatz 3 Satz 6 des Fünften Buches Sozialgesetzbuch, von denen § 111 Absatz 5 Satz 6 durch Artikel 1 Nummer 2b Buchstabe b des Gesetzes vom 22. Dezember 2020 (BGBl. I S. 3299) eingefügt und § 111c Absatz 3 Satz 6 durch Artikel 1 Nummer 2c Buchstabe b des Gesetzes vom 22. Dezember 2020 (BGBl. I S. 3299) eingefügt worden ist:</P></Content></text></textdaten></norm>
<norm builddate="20220412212503" doknr="BJNR171000021BJNE000202126"><metadaten><jurabk>Vorsorg/RehaSiVbgVerlV</jurabk><enbez>§ 1</enbez><titel format="XML">Verlängerung der in § 111 Absatz 5 Satz 5 des Fünften Buches Sozialgesetzbuch genannten Frist</titel></metadaten><textdaten><text format="XML"><Content><P>Die in § 111 Absatz 5 Satz 5 genannte Frist wird bis zum Ablauf des 30. Juni 2022 verlängert.</P></Content></text><fussnoten/></textdaten></norm>
<norm builddate="20220412212503" doknr="BJNR171000021BJNE000302126"><metadaten><jurabk>Vorsorg/RehaSiVbgVerlV</jurabk><enbez>§ 2</enbez><titel format="XML">Verlängerung der in § 111c Absatz 3 Satz 5 des Fünften Buches Sozialgesetzbuch genannten Frist</titel></metadaten><textdaten><text format="XML"><Content><P>Die in § 111c Absatz 3 Satz 5 des Fünften Buches Sozialgesetzbuch genannte Frist wird bis zum Ablauf des 30. Juni 2022 verlängert.</P></Content></text><fussnoten/></textdaten></norm>
<norm builddate="20220412212503" doknr="BJNR171000021BJNE000400000"><metadaten><jurabk>Vorsorg/RehaSiVbgVerlV</jurabk><enbez>§ 3</enbez><titel format="XML">Inkrafttreten</titel></metadaten><textdaten><text format="XML"><Content><P>Diese Verordnung tritt am Tag nach der Verkündung in Kraft.</P></Content></text></textdaten></norm>
<norm builddate="20220412212503" doknr="BJNR171000021BJNE000500000"><metadaten><jurabk>Vorsorg/RehaSiVbgVerlV</jurabk><enbez>Schlussformel</enbez></metadaten><textdaten><text format="XML"><Content><P>Der Bundesrat hat zugestimmt.</P></Content></text></textdaten></norm>
</dokumente>