<?xml version="1.0" encoding="UTF-8" ?><!DOCTYPE dokumente SYSTEM "http://www.gesetze-im-internet.de/dtd/1.01/gii-norm.dtd">
<dokumente builddate="20120625150342" doknr="BJNR163110996"><norm builddate="20120625150342" doknr="BJNR163110996"><metadaten><jurabk>BeitrEntlKrG</jurabk><ausfertigung-datum manuell="ja">1996-11-01</ausfertigung-datum><fundstelle typ="amtlich"><periodikum>BGBl I</periodikum><zitstelle>1996, 1631</zitstelle></fundstelle><langue>Gesetz zur Beitragsentlastung der
gesetzlichen Krankenversicherung</langue></metadaten><textdaten><text format="XML"><Content><P/></Content></text><fussnoten><Content><P>(+++ Textnachweis ab:  1. 1.1997 +++)</P><P><BR/> Das G wurde als Artikel 1 G v. 1.11.1996 I 1631 (BeitrEntlG 860-5-15/1) vom Bundestag beschlossen und ist gem. Art. 5 dieses G mWv 1.1.1997 in Kraft getreten. § 1 ist mWv 10.5.1996 in Kraft getreten.</P></Content></fussnoten></textdaten></norm>
<norm builddate="20120625150342" doknr="BJNR163110996BJNE000100310"><metadaten><jurabk>BeitrEntlKrG</jurabk><enbez>§ 1</enbez><titel format="parat">Beitragsfestschreibung</titel></metadaten><textdaten><text format="XML"><Content><P>(1) Bis zum 31. Dezember 1996 sind Beitragssatzanhebungen der Krankenkassen (§ 4 des Fünften Buches Sozialgesetzbuch) nur zulässig, wenn die dafür erforderlichen Satzungsänderungen vor dem 10. Mai 1996 genehmigt worden sind. Eine hiervon abweichende Satzungsänderung ist unwirksam. § 220 Abs. 2 sowie die §§ 221, 222 des Fünften Buches Sozialgesetzbuch sind in dem in Satz 1 genannten Zeitraum nicht anzuwenden.</P><P>(2) Absatz 1 gilt für Beiträge, die in Beitragsklassen festgesetzt werden, entsprechend.</P><P>(3) Die Absätze 1 und 2 gelten nicht, soweit allein durch Veränderungen der Verpflichtungen oder Ansprüche im Risikostrukturausgleich Beitragssatzanhebungen zwingend erforderlich sind.</P></Content>  </text></textdaten></norm>
<norm builddate="20120625150342" doknr="BJNR163110996BJNE000200310"><metadaten><jurabk>BeitrEntlKrG</jurabk><enbez>§ 2</enbez><titel format="parat">Beitragsverminderung</titel></metadaten><textdaten><text format="XML"><Content><P>(1) Die Beitragssätze nach den §§ 241 bis 243 des Fünften Buches Sozialgesetzbuch vermindern sich zum 1. Januar 1997 um 0,4 Beitragssatzpunkte.</P><P>(2) Absatz 1 gilt für Beiträge, die in Beitragsklassen festgesetzt werden, entsprechend.</P></Content> </text></textdaten></norm>
</dokumente>