<?xml version="1.0" encoding="UTF-8" ?><!DOCTYPE dokumente SYSTEM "http://www.gesetze-im-internet.de/dtd/1.01/gii-norm.dtd">
<dokumente builddate="20120625152323" doknr="BJNR262200007"><norm builddate="20120625152323" doknr="BJNR262200007"><metadaten><jurabk>FideiAuflAufhG</jurabk><ausfertigung-datum manuell="ja">2007-11-23</ausfertigung-datum><fundstelle typ="amtlich"><periodikum>BGBl I</periodikum><zitstelle>2007, 2614, 2622</zitstelle></fundstelle><langue>Gesetz zur Aufhebung von Fideikommiss-Auflösungsrecht</langue></metadaten><textdaten><fussnoten><Content><P><BR/> <pre xml:space="preserve">(+++ Textnachweis ab: 30.11.2007 +++)<BR/><BR/></pre>Das G wurde als Artikel 64 des G v. 23.11.2007 I 2614 vom Bundestag erlassen. Es ist gem. Art. 80 Abs. 1 dieses G am 30.11.2007 in Kraft getreten. § 1 Nr. 12 tritt gem. Art. 80 Abs. 2 am 1.12.2010 in Kraft.</P></Content></fussnoten></textdaten></norm>
<norm builddate="20120625152323" doknr="BJNR262200007BJNE000100000"><metadaten><jurabk>FideiAuflAufhG</jurabk><enbez>§ 1</enbez><titel format="XML">Aufhebung von Fideikommiss-Auflösungsrecht</titel></metadaten><textdaten><text format="XML"><Content><P>-</P></Content></text><fussnoten/></textdaten></norm>
<norm builddate="20120625152323" doknr="BJNR262200007BJNE000200000"><metadaten><jurabk>FideiAuflAufhG</jurabk><enbez>§ 2</enbez><titel format="XML">Folgen der Aufhebung</titel></metadaten><textdaten><text format="XML"><Content><P>(1) Die Rechtsvorschriften im Sinn des § 1 bleiben bis zum Erlass landesrechtlicher Regelungen auch für die Zukunft auf Tatbestände und Rechtsverhältnisse anwendbar, die während der Geltung der Rechtsvorschriften erfüllt waren oder entstanden sind. Insbesondere bleiben die auf Grund des Fideikommissrechts begründeten Rechte und Pflichten von der Aufhebung unberührt. Durch die Aufhebung werden weder frühere Rechtszustände wiederhergestellt noch Wiederaufnahme-, Rücknahme- oder Widerrufstatbestände begründet. Die Aufhebung von Fideikomissauflösungsrecht lässt Verweisungen hierauf unberührt.</P><P>(2) Die bei Inkrafttreten dieses Gesetzes anhängigen Verfahren werden bis zum Erlass landesrechtlicher Regelungen nach den bisher geltenden Vorschriften weitergeführt. Für Verfahren über bestehende Rechte und Pflichten ist bis zum Erlass landesrechtlicher Regelungen das bisher geltende Recht anzuwenden.</P></Content></text></textdaten></norm>
</dokumente>