<?xml version="1.0" encoding="UTF-8" ?><!DOCTYPE dokumente SYSTEM "http://www.gesetze-im-internet.de/dtd/1.01/gii-norm.dtd">
<dokumente builddate="20120625145701" doknr="BJNR116800996"><norm builddate="20120625145701" doknr="BJNR116800996"><metadaten><jurabk>StBDVÄndV 2</jurabk><ausfertigung-datum manuell="ja">1996-07-25</ausfertigung-datum><fundstelle typ="amtlich"><periodikum>BGBl I</periodikum><zitstelle>1996, 1168</zitstelle></fundstelle><langue>Zweite Verordnung zur Änderung der Verordnung
zur Durchführung der Vorschriften über Steuerberater,
Steuerbevollmächtigte und Steuerberatungsgesellschaften</langue></metadaten><textdaten><text format="XML"><Content><P/></Content></text><fussnoten><Content><P>(+++ Textnachweis ab:  1. 8.1996 +++)</P></Content></fussnoten></textdaten></norm>
<norm builddate="20120625145701" doknr="BJNR116800996BJNE000100310"><metadaten><jurabk>StBDVÄndV 2</jurabk><enbez>Eingangsformel</enbez></metadaten><textdaten><text format="XML"><Content><P>Auf Grund des § 158 des Steuerberatungsgesetzes in der Fassung der Bekanntmachung vom 4. November 1975 (BGBl. I S. 2735), der zuletzt durch Gesetz vom 24. Juni 1994 (BGBl. I S. 1387) geändert worden ist, verordnet die Bundesregierung nach Anhörung der Bundessteuerberaterkammer:</P></Content></text></textdaten></norm>
<norm builddate="20120625145701" doknr="BJNR116800996BJNE000200310"><metadaten><jurabk>StBDVÄndV 2</jurabk><enbez>Art 1</enbez></metadaten><textdaten><text format="XML"><Content><P>-</P></Content></text><fussnoten/></textdaten></norm>
<norm builddate="20120625145701" doknr="BJNR116800996BJNE000300310"><metadaten><jurabk>StBDVÄndV 2</jurabk><enbez>Art 2</enbez></metadaten><textdaten><text format="XML"><Content><P>(1) Auf Bewerber, die die Zulassung zur Prüfung vor Inkrafttreten dieser Verordnung beantragt haben, sind die bisherigen Vorschriften über die Zulassung weiter anzuwenden.</P><P>(2) Auf Prüfungen, die vor Inkrafttreten dieser Verordnung begonnen haben, sind die bisherigen Vorschriften über die Prüfung weiter anzuwenden.</P><P>(3) Bei Inkrafttreten dieser Verordnung bestellte selbständige Steuerberater und Steuerbevollmächtigte und anerkannte Steuerberatungsgesellschaften haben bis zum 31. August 1997 der zuständigen Steuerberaterkammer das Bestehen einer dieser Verordnung entsprechenden Berufshaftpflichtversicherung nachzuweisen.</P></Content>  </text></textdaten></norm>
<norm builddate="20120625145701" doknr="BJNR116800996BJNE000400310"><metadaten><jurabk>StBDVÄndV 2</jurabk><enbez>Art 3</enbez></metadaten><textdaten><text format="XML"><Content><P>Diese Verordnung tritt am Tage nach der Verkündung in Kraft.</P></Content></text></textdaten></norm>
<norm builddate="20120625145701" doknr="BJNR116800996BJNE000500310"><metadaten><jurabk>StBDVÄndV 2</jurabk><enbez>Schlußformel</enbez></metadaten><textdaten><text format="XML"><Content><P>Der Bundesrat hat zugestimmt.</P></Content></text></textdaten></norm>
</dokumente>