<?xml version="1.0" encoding="UTF-8" ?><!DOCTYPE dokumente SYSTEM "http://www.gesetze-im-internet.de/dtd/1.01/gii-norm.dtd">
<dokumente builddate="20131202132617" doknr="BJNR100700011"><norm builddate="20131202132617" doknr="BJNR100700011"><metadaten><jurabk>Münz10EuroBek 2011-05-23/2</jurabk><ausfertigung-datum manuell="ja">2011-05-23</ausfertigung-datum><fundstelle typ="amtlich"><periodikum>BGBl I</periodikum><zitstelle>2011, 1007 (2012 I 1362)</zitstelle></fundstelle><langue>Bekanntmachung über die Ausprägung von deutschen Euro-Gedenkmünzen im Nennwert von 10 Euro (Gedenkmünze „FRAUENFUSSBALL-WM in DEUTSCHLAND“)</langue></metadaten><textdaten><fussnoten><Content><P><BR/> <pre xml:space="preserve">(+++ Textnachweis ab: 7.6.2011 +++)<BR/><BR/></pre></P></Content></fussnoten></textdaten></norm>
<norm builddate="20131202132617" doknr="BJNR100700011BJNE000100000"><metadaten><jurabk>Münz10EuroBek 2011-05-23/2</jurabk><enbez>(XXXX)</enbez></metadaten><textdaten><text format="XML"><Content><P>Gemäß den §§ 2, 4 und 5 des Münzgesetzes vom 16. Dezember 1999 (BGBl. I S. 2402) hat die Bundesregierung beschlossen, zum Thema „FRAUENFUSSBALL-WM in DEUTSCHLAND“ eine deutsche Euro-Gedenkmünze im Nennwert von 10 Euro prägen zu lassen.</P><P>Die Auflage der Münze beträgt 2 224 000 Stück, davon ca. 200 000 Stück in der Spiegelglanzqualität. Die Prägung erfolgt durch die fünf staatlichen deutschen Münzstätten in Berlin, München, Stuttgart, Karlsruhe und Hamburg.</P><P>Die Münze wird ab dem 9. Juni 2011 in den Verkehr gebracht. Die 10-Euro-Gedenkmünze in der Stempelglanzqualität besteht aus einer Kupfer-Nickel-Legierung (CuNi25), hat einen Durchmesser von 32,5 Millimetern und ein Gewicht von 14 Gramm. Die Spiegelglanzmünze besteht aus einer Legierung von 625 Tausendteilen Silber und 375 Tausendteilen Kupfer, hat einen Durchmesser von 32,5 Millimetern und ein Gewicht von 16 Gramm. Die Spiegelglanzmünze ist durch Prägeaufdruck „Silber 625“ gekennzeichnet. Das Gepräge auf beiden Seiten ist erhaben und wird von einem schützenden, glatten Randstab umgeben.</P><P>Im Zentrum der Bildseite steht eine Fußballspielerin in einer Spielsituation, die sowohl spielerische Eleganz, als auch Dynamik ausstrahlt. Die gut herausgearbeitete Bewegung der Spielerin überzeugt auch in der Detaillierung der Sportbekleidung. Die dezente Weltkugel im Hintergrund ist eindeutiger Hinweis auf die Weltmeisterschaft und ihre weltweite Bedeutung. Die Wertseite entspricht in ihren Proportionen und der klaren grafischen Gestaltung gut der Bildseite. Der Adler nimmt in seiner Form und der Gestaltung der Schwingen das Motiv der Weltkugel wieder auf.</P><P>Die Wertseite zeigt einen Adler, die Umschrift „BUNDESREPUBLIK DEUTSCHLAND 2011“ mit den zwölf Europasternen und der Wertbezeichnung „10 Euro“ sowie die Prägebuchstaben „A D F G J“ der deutschen Prägestätten und den Prägeaufdruck „Silber 625“ auf der Wertseite der Münze in der Spiegelglanzqualität.</P><P>Der glatte Münzrand enthält in vertiefter Prägung die Inschrift:</P><P>„DIE ZUKUNFT DES FUSSBALLS IST WEIBLICH“.</P><P>Der Entwurf stammt von der Künstlerin Alina Hoyer, Berlin.</P></Content></text></textdaten></norm>
<norm builddate="20131202132617" doknr="BJNR100700011BJNE000200000"><metadaten><jurabk>Münz10EuroBek 2011-05-23/2</jurabk><enbez>Schlussformel</enbez></metadaten><textdaten><text format="XML"><Content><P><SP>Der Bundesminister der Finanzen</SP></P></Content></text></textdaten></norm>
<norm builddate="20131202132617" doknr="BJNR100700011BJNE000300000"><metadaten><jurabk>Münz10EuroBek 2011-05-23/2</jurabk><enbez>(XXXX)</enbez></metadaten><textdaten><text format="XML"><Content><P><noindex><kommentar typ="Fundstelle">(Fundstelle: BGBl. I 2011, 1007)</kommentar></noindex></P><BR/><table frame="none" tocentry="%yes;"><tgroup align="center" char="" charoff="50" cols="2"><colspec colname="col1"/><colspec colname="col2"/><tbody valign="top"><row><entry VJ="1" align="center" colname="col1" colsep="0" rowsep="0"><IMG Align="center" Height="650" Pos="inline" SRC="bgbl1_2011_j1007-1_0010.jpg" Type="TIF" Units="300" alt=""/></entry><entry VJ="1" align="center" colname="col2" colsep="0" rowsep="0"><IMG Align="center" Height="694" Pos="inline" SRC="bgbl1_2011_j1007-1_0020.jpg" Type="TIF" Units="326.967010498047" alt=""/></entry></row><row><entry VJ="1" align="center" colname="col1" colsep="0" rowsep="0"><IMG Align="center" Height="650" Pos="inline" SRC="bgbl1_2011_j1007-1_0030.jpg" Type="TIF" Units="300" alt=""/></entry><entry VJ="1" align="center" colname="col2" colsep="0" rowsep="0"><IMG Align="center" Height="650" Pos="inline" SRC="bgbl1_2011_j1007-1_0040.jpg" Type="TIF" Units="300" alt=""/></entry></row></tbody></tgroup></table></Content></text></textdaten></norm>
</dokumente>