<?xml version="1.0" encoding="UTF-8" ?><!DOCTYPE dokumente SYSTEM "http://www.gesetze-im-internet.de/dtd/1.01/gii-norm.dtd">
<dokumente builddate="20240423214512" doknr="BJNR202960985"><norm builddate="20240423214512" doknr="BJNR202960985"><metadaten><jurabk>RID 1980</jurabk><amtabk>RID</amtabk><ausfertigung-datum manuell="ja">1980-05-09</ausfertigung-datum><fundstelle typ="amtlich"><periodikum>BGBl II</periodikum><zitstelle>1985, 296</zitstelle></fundstelle><langue>Ordnung für die internationale Eisenbahnbeförderung gefährlicher Güter
(Anlage C zum Übereinkommen über den internationalen
Eisenbahnverkehr (COTIF))</langue></metadaten><textdaten><text format="decorated"/><fussnoten><Content><P>G v. 23.1.1985 II 130 <BR/>Inkraft gem. Bek. v. 24.7.1985 II 1001 mWv 1.5.1985 <BR/>Neufassung gem. Art. 1 Prot. v. 3.6.1999; 2002 II 2142 <BR/>Bek. Neufassung v. 1.8.1991 II 891 idF Geltung ab 9.6.1990 <BR/>Bek. Neufassung v. 16.11.1993 II 2044 idF Geltung ab 1.1.1993 <BR/>Bek. Neufassung v. 16.5.2008 II 475 idF Geltung ab 1.1.2007 <BR/>Bek. Neufassung v. 22.4.2022 II 279 idF Geltung ab 1.1.2021 <BR/>Bek. Neufassung v. 28.3.2024 II Nr. 145 idF Geltung ab 1.1.2023</P></Content></fussnoten></textdaten></norm>
</dokumente>