<?xml version="1.0" encoding="UTF-8" ?><!DOCTYPE dokumente SYSTEM "http://www.gesetze-im-internet.de/dtd/1.01/gii-norm.dtd">
<dokumente builddate="20231019213529" doknr="BJNR1010A0023"><norm builddate="20231019213529" doknr="BJNR1010A0023"><metadaten><jurabk>AWFachwBAProFV</jurabk><amtabk>AWFachwBAProFV</amtabk><ausfertigung-datum manuell="ja">2023-09-21</ausfertigung-datum><fundstelle typ="amtlich"><periodikum>BGBl I</periodikum><zitstelle>2023, Nr. 257</zitstelle></fundstelle><kurzue>Außenwirtschaftsfachwirt-Bachelor-Professional-Fortbildungsverordnung</kurzue><langue>Verordnung über die Prüfung zum anerkannten Fortbildungsabschluss mit der Bezeichnung Geprüfter Fachwirt für Außenwirtschaft oder Geprüfte Fachwirtin für Außenwirtschaft – Bachelor Professional in Foreign Trade</langue><standangabe checked="ja"><standtyp>Sonst</standtyp><standkommentar>Ersetzt V 806-22-6-57 v. 5.6.2017 I 1574 (AWPrV)</standkommentar></standangabe></metadaten><textdaten><fussnoten><Content><P><BR/> <pre xml:space="preserve">(+++ Textnachweis ab: 28.9.2023 +++)<BR/><BR/></pre></P></Content></fussnoten></textdaten></norm>
<norm builddate="20231019213529" doknr="BJNR1010A0023BJNE000100000"><metadaten><jurabk>AWFachwBAProFV</jurabk><enbez>Eingangsformel</enbez></metadaten><textdaten><text format="XML"><Content><P>Das Bundesministerium für Bildung und Forschung verordnet jeweils nach Anhörung des Hauptausschusses des Bundesinstituts für Berufsbildung auf Grund <DL Type="Dash"><DT>–</DT><DD Font="normal"><LA>des § 53 Absatz 1 in Verbindung mit Absatz 2, mit § 53a Absatz 1 Nummer 2 und mit § 53c des Berufsbildungsgesetzes in der Fassung der Bekanntmachung vom 4. Mai 2020 (BGBl. I S. 920) sowie in Verbindung mit § 1 Absatz 2 des Zuständigkeitsanpassungsgesetzes vom 16. August 2002 (BGBl. I S. 3165) und dem Organisationserlass vom 8. Dezember 2021 (BGBl. I S. 5176) im Einvernehmen mit dem Bundesministerium für Wirtschaft und Klimaschutz und</LA></DD><DT>–</DT><DD Font="normal"><LA>des § 30 Absatz 5 des Berufsbildungsgesetzes in der Fassung der Bekanntmachung vom 4. Mai 2020 (BGBl. I S. 920):</LA></DD></DL></P></Content></text></textdaten></norm>
<norm builddate="20231019213529" doknr="BJNR1010A0023BJNE000200000"><metadaten><jurabk>AWFachwBAProFV</jurabk><enbez>§ 1</enbez><titel format="XML">Ziel der Prüfung und Bezeichnung des Fortbildungsabschlusses</titel></metadaten><textdaten><text format="XML"><Content><P>(1) Mit der erfolgreich abgelegten Prüfung nach dieser Verordnung wird die auf einen beruflichen Aufstieg abzielende Erweiterung der beruflichen Handlungsfähigkeit auf der zweiten beruflichen Fortbildungsstufe der höherqualifizierenden Berufsbildung nachgewiesen.</P><P>(2) Die Prüfung wird von der nach dem Berufsbildungsgesetz zuständigen Stelle durchgeführt.</P><P>(3) Durch die Prüfung ist festzustellen, ob die zu prüfende Person in der Lage ist, nach § 53c Absatz 2 Satz 1 des Berufsbildungsgesetzes Fach- und Führungsfunktionen zu übernehmen, in denen zu verantwortende Leitungsprozesse von Organisationen eigenständig gesteuert werden, eigenständig ausgeführt werden und dafür Mitarbeiter und Mitarbeiterinnen geführt werden. Insbesondere ist festzustellen, ob die zu prüfende Person in der Lage ist, insbesondere in Handels-, Industrie- und Dienstleistungsunternehmen alle Fach- und Führungsaufgaben zur Planung, Anbahnung und Abwicklung von Auslandsgeschäften unter Berücksichtigung der ökonomischen, ökologischen und ethischen Handlungsfelder eines nachhaltigen Wirtschaftens eigenständig und verantwortlich wahrzunehmen. Im Einzelnen umfasst dies insbesondere folgende Tätigkeiten: <DL Type="arabic"><DT>1.</DT><DD Font="normal"><LA>Unterstützen der Entwicklung von internationalen Markteintritts- und Wertschöpfungsstrategien,</LA></DD><DT>2.</DT><DD Font="normal"><LA>Erarbeiten, Umsetzen und Auswerten von länderspezifischen Marketingkonzepten sowie Anwenden des erforderlichen Projektmanagements,</LA></DD><DT>3.</DT><DD Font="normal"><LA>Berücksichtigen von Aspekten des interkulturellen Managements,</LA></DD><DT>4.</DT><DD Font="normal"><LA>Berücksichtigen der Leitlinien der Geschäftsethik, der Governance und der Nachhaltigkeit,</LA></DD><DT>5.</DT><DD Font="normal"><LA>Anwenden von Risk Management und Change Management im internationalen Geschäft,</LA></DD><DT>6.</DT><DD Font="normal"><LA>Kalkulieren und Abwickeln von internationalen Geschäften unter Berücksichtigung von rechtlichen und steuerlichen Vorschriften sowie von bilateralen, supranationalen und internationalen Abkommen,</LA></DD><DT>7.</DT><DD Font="normal"><LA>Auswählen und Anwenden von internationalen Finanzierungs- und Absicherungsmöglichkeiten für Außenwirtschaftsgeschäfte,</LA></DD><DT>8.</DT><DD Font="normal"><LA>Prüfen von vertraglichen und länderspezifischen Rahmenbedingungen von Außenwirtschaftsgeschäften,</LA></DD><DT>9.</DT><DD Font="normal"><LA>Führen von Mitarbeitern und Mitarbeiterinnen und Fördern ihrer beruflichen Entwicklung,</LA></DD><DT>10.</DT><DD Font="normal"><LA>Kooperieren mit Geschäftspartnern und internen Unternehmensbereichen, kunden- und dienstleistungsorientierte Gestaltung der Kommunikation,</LA></DD><DT>11.</DT><DD Font="normal"><LA>Durchführen und Organisieren der Berufsausbildung.</LA></DD></DL></P><P>(4) Für den Erwerb der in Absatz 3 bezeichneten Fertigkeiten, Kenntnisse und Fähigkeiten bedarf es in der Regel eines Lernumfangs von insgesamt mindestens 1 200 Stunden. Der Lerninhalt bestimmt sich nach den Anforderungen der in § 3 in Verbindung mit den §§ 4 bis 7 genannten Prüfungsbereiche.</P><P>(5) Die erfolgreich abgelegte Prüfung führt zum anerkannten Fortbildungsabschluss mit der Bezeichnung „Bachelor Professional in Foreign Trade“. Der Abschlussbezeichnung wird die weitere Abschlussbezeichnung „Geprüfter Fachwirt für Außenwirtschaft“ oder „Geprüfte Fachwirtin für Außenwirtschaft“ vorangestellt.</P></Content></text></textdaten></norm>
<norm builddate="20231019213529" doknr="BJNR1010A0023BJNE000300000"><metadaten><jurabk>AWFachwBAProFV</jurabk><enbez>§ 2</enbez><titel format="XML">Zulassungsvoraussetzungen</titel></metadaten><textdaten><text format="XML"><Content><P>(1) Zur Prüfung ist zuzulassen, wer die Anforderungen des § 53c des Berufsbildungsgesetzes erfüllt und Folgendes nachweist: <DL Type="arabic"><DT>1.</DT><DD Font="normal"><LA>eine erfolgreich abgelegte Abschlussprüfung <DL Type="alpha"><DT>a)</DT><DD Font="normal"><LA>in dem anerkannten Ausbildungsberuf des Kaufmanns für Groß- und Außenhandelsmanagement und der Kauffrau für Groß- und Außenhandelsmanagement,</LA></DD><DT>b)</DT><DD Font="normal"><LA>in dem anerkannten Ausbildungsberuf des Kaufmanns im Einzelhandel und der Kauffrau im Einzelhandel,</LA></DD><DT>c)</DT><DD Font="normal"><LA>in dem anerkannten Ausbildungsberuf des Industriekaufmanns oder der Industriekauffrau oder</LA></DD><DT>d)</DT><DD Font="normal"><LA>in dem anerkannten Ausbildungsberuf des Kaufmanns für Spedition und Logistikdienstleistung oder der Kauffrau für Spedition und Logistikdienstleistung,</LA></DD></DL></LA></DD><DT>2.</DT><DD Font="normal"><LA>eine erfolgreich abgelegte Abschlussprüfung in einem anderen anerkannten kaufmännischen oder verwaltenden Ausbildungsberuf mit einer Berufsausbildungsdauer von drei Jahren und eine auf die Berufsausbildung folgende, mindestens einjährige Berufspraxis,</LA></DD><DT>3.</DT><DD Font="normal"><LA>eine erfolgreich abgelegte Abschlussprüfung in einem anderen anerkannten kaufmännischen oder verwaltenden Ausbildungsberuf mit einer Berufsausbildungsdauer von zwei Jahren und eine auf die Berufsausbildung folgende, mindestens zweijährige Berufspraxis,</LA></DD><DT>4.</DT><DD Font="normal"><LA>den Erwerb von mindestens 90 Leistungspunkten nach dem Europäischen System zur Übertragung und Akkumulierung von Studienleistungen in einem betriebswirtschaftlichen Studium und eine mindestens zweijährige Berufspraxis oder</LA></DD><DT>5.</DT><DD Font="normal"><LA>eine mindestens fünfjährige Berufspraxis.</LA></DD></DL></P><P>(2) Die Berufspraxis nach Absatz 1 Nummer 2 bis 5 muss wesentliche inhaltliche Bezüge zu den in § 1 Absatz 3 genannten Tätigkeiten aufweisen. Die Dauer und der Inhalt der Berufspraxis sind in geeigneter Weise nachzuweisen.</P><P>(3) Abweichend von Absatz 1 ist zur Prüfung auch zuzulassen, wer durch Vorlage von Zeugnissen oder auf andere Weise glaubhaft macht, eine berufliche Handlungsfähigkeit erworben zu haben, die mit den Zulassungsvoraussetzungen nach Absatz 1 vergleichbar ist.</P></Content></text></textdaten></norm>
<norm builddate="20231019213529" doknr="BJNR1010A0023BJNE000400000"><metadaten><jurabk>AWFachwBAProFV</jurabk><enbez>§ 3</enbez><titel format="XML">Inhalt und Gliederung der Prüfung</titel></metadaten><textdaten><text format="XML"><Content><P>Die Prüfung umfasst folgende Prüfungsbereiche: <DL Type="arabic"><DT>1.</DT><DD Font="normal"><LA>„International Business Management umsetzen“ nach § 4,</LA></DD><DT>2.</DT><DD Font="normal"><LA>„Risk Management und Change Management sicherstellen“ nach § 5,</LA></DD><DT>3.</DT><DD Font="normal"><LA>„Außenhandelsgeschäfte durchführen“ nach § 6,</LA></DD><DT>4.</DT><DD Font="normal"><LA>„Kommunikation, Führung und Zusammenarbeit sicherstellen“ nach § 7.</LA></DD></DL></P></Content></text></textdaten></norm>
<norm builddate="20231019213529" doknr="BJNR1010A0023BJNE000500000"><metadaten><jurabk>AWFachwBAProFV</jurabk><enbez>§ 4</enbez><titel format="XML">Prüfungsbereich „International Business Management umsetzen“</titel></metadaten><textdaten><text format="XML"><Content><P>Im Prüfungsbereich „International Business Management umsetzen“ hat die zu prüfende Person nachzuweisen, dass sie in der Lage ist, zu prüfen, ob das Unternehmen geeignet ist, internationale Geschäfte zu tätigen, und eine Unternehmensstrategie zu entwickeln. Dabei sollen die Fähigkeiten nachgewiesen werden, globalwirtschaftliche Zusammenhänge zu erkennen, Marktentwicklungen zu identifizieren, sich auf verändernde Markterfordernisse einzustellen, Auswirkungen wirtschaftspolitischer Maßnahmen auf das Unternehmen zu beurteilen und den Wandel im Unternehmen mitzugestalten und zu fördern. Dies umfasst die Fähigkeit, Unternehmensziele und -strategien unter Beachtung wirtschaftlicher und rechtlicher Rahmenbedingungen sowie unter Beachtung der Aspekte der Qualitätsoptimierung und der Nachhaltigkeit umzusetzen, zu evaluieren und zu kommunizieren. Des Weiteren soll die Fähigkeit nachgewiesen werden, Strategien zur Stärkung der globalen Marktposition des Unternehmens zu entwickeln und unter Anwendung des Projektmanagements die Umsetzung der Strategien vorzubereiten. Hierfür sollen unternehmerische Entscheidungen vorbereitet werden. In diesem Rahmen wird aus folgenden Qualifikationsinhalten geprüft: <DL Type="arabic"><DT>1.</DT><DD Font="normal"><LA>Unterstützen der Entwicklung von internationalen Markteintritts- und Wertschöpfungsstrategien vor dem Hintergrund einer globalen Wirtschaft,</LA></DD><DT>2.</DT><DD Font="normal"><LA>Analysieren des eigenen betriebswirtschaftlichen Aufgabenbereichs und Entwickeln von Vorschlägen zur Umsetzung unternehmerischer Entscheidungen,</LA></DD><DT>3.</DT><DD Font="normal"><LA>Umsetzen betrieblicher Ziele und Strategien sowie Entwickeln von daraus resultierenden Markt- und Wachstumschancen,</LA></DD><DT>4.</DT><DD Font="normal"><LA>Erarbeiten, Umsetzen und Auswerten von länderspezifischen Marketingkonzepten,</LA></DD><DT>5.</DT><DD Font="normal"><LA>Berücksichtigen von Aspekten des interkulturellen Managements,</LA></DD><DT>6.</DT><DD Font="normal"><LA>Berücksichtigen der Leitlinien der Geschäftsethik, der Governance und der Nachhaltigkeit.</LA></DD></DL></P></Content></text></textdaten></norm>
<norm builddate="20231019213529" doknr="BJNR1010A0023BJNE000600000"><metadaten><jurabk>AWFachwBAProFV</jurabk><enbez>§ 5</enbez><titel format="XML">Prüfungsbereich „Risk Management und Change Management sicherstellen“</titel></metadaten><textdaten><text format="XML"><Content><P>Im Prüfungsbereich „Risk Management und Change Management sicherstellen“ hat die zu prüfende Person nachzuweisen, dass sie in der Lage ist, außenwirtschaftliche Geschäftsprozesse mithilfe des Qualitätsmanagements zu analysieren und mitzugestalten sowie Teilprozesse zu steuern. Dies umfasst die Fähigkeiten, die strategischen und betrieblichen Interessen des Unternehmens sowie die volkswirtschaftlichen und rechtlichen Rahmenbedingungen zu berücksichtigen. Des Weiteren sollen die Fähigkeiten nachgewiesen werden, die globalen wirtschaftlichen, politischen und ethischen Risiken zu erkennen und Gegenmaßnahmen zu entwickeln sowie Veränderungen und Trends bei Außenwirtschaftsgeschäften rechtzeitig zu erkennen und notwendige Maßnahmen einzuleiten. In diesem Rahmen wird aus folgenden Qualifikationsinhalten geprüft: <DL Type="arabic"><DT>1.</DT><DD Font="normal"><LA>Beurteilen von Chancen und Risiken von Außenwirtschaftsgeschäften sowie Vorbereiten von erforderlichen Maßnahmen im internationalen Geschäft,</LA></DD><DT>2.</DT><DD Font="normal"><LA>Erkennen von veränderten Rahmenbedingungen sowie Entwickeln und Vorschlagen erforderlicher Umsetzungsstrategien als unternehmerische Reaktion,</LA></DD><DT>3.</DT><DD Font="normal"><LA>Gestalten und Optimieren der Arbeitsprozesse und -abläufe unter Beachtung betriebswirtschaftlicher Gesichtspunkte,</LA></DD><DT>4.</DT><DD Font="normal"><LA>Erstellen einer Wirtschaftlichkeitsrechnung und Prüfen der Machbarkeit unternehmerischer Vorhaben,</LA></DD><DT>5.</DT><DD Font="normal"><LA>Entwickeln von Konzepten zur Vorbereitung von Finanzierungs- und Investitionsentscheidungen auf der Basis von Kennzahlen,</LA></DD><DT>6.</DT><DD Font="normal"><LA>Auswählen und Anwenden von Maßnahmen zur Risikominimierung,</LA></DD><DT>7.</DT><DD Font="normal"><LA>Aufstellen, Überwachen und Anpassen von Budgets.</LA></DD></DL></P></Content></text></textdaten></norm>
<norm builddate="20231019213529" doknr="BJNR1010A0023BJNE000700000"><metadaten><jurabk>AWFachwBAProFV</jurabk><enbez>§ 6</enbez><titel format="XML">Prüfungsbereich „Außenhandelsgeschäfte durchführen“</titel></metadaten><textdaten><text format="XML"><Content><P>Im Prüfungsbereich „Außenhandelsgeschäfte durchführen“ hat die zu prüfende Person nachzuweisen, dass sie in der Lage ist, Außenhandelsgeschäfte eigenständig anzubahnen und abzuwickeln sowie die bestehenden Rahmenbedingungen zu berücksichtigen und regelmäßig zu überprüfen. Dies umfasst die Fähigkeit, unternehmensspezifische Entscheidungen für ein außenwirtschaftliches Handeln vorzubereiten und die daraus resultierenden Maßnahmen umzusetzen. Des Weiteren soll die Fähigkeit nachgewiesen werden, die Rentabilität, die Finanzierungsmöglichkeiten und die Zahlungsbedingungen sowie die außenwirtschaftsrechtliche und logistische Durchführbarkeit zu prüfen sowie frühzeitig Störfaktoren zu ermitteln und die notwendigen Gegenmaßnahmen unter Berücksichtigung der Unternehmensstrategie einzuleiten. In diesem Rahmen wird aus folgenden Qualifikationsinhalten geprüft: <DL Type="arabic"><DT>1.</DT><DD Font="normal"><LA>Vergleichen und Beurteilen von verschiedenen Varianten zur Durchführung von Außenhandelsgeschäften,</LA></DD><DT>2.</DT><DD Font="normal"><LA>Überprüfen von rechtlichen Regulierungen in der Außenwirtschaft,</LA></DD><DT>3.</DT><DD Font="normal"><LA>Durchführen einer Außenhandelskalkulation,</LA></DD><DT>4.</DT><DD Font="normal"><LA>Bewerten der unterschiedlichen Transportmöglichkeiten unter ökonomischen, logistischen und ökologischen Gesichtspunkten,</LA></DD><DT>5.</DT><DD Font="normal"><LA>Erstellen von Entscheidungsvorlagen zur Durchführung von Außenhandelsgeschäften.</LA></DD></DL></P></Content></text></textdaten></norm>
<norm builddate="20231019213529" doknr="BJNR1010A0023BJNE000800000"><metadaten><jurabk>AWFachwBAProFV</jurabk><enbez>§ 7</enbez><titel format="XML">Prüfungsbereich „Kommunikation, Führung und Zusammenarbeit sicherstellen“</titel></metadaten><textdaten><text format="XML"><Content><P>Im Prüfungsbereich „Kommunikation, Führung und Zusammenarbeit sicherstellen“ hat die zu prüfende Person nachzuweisen, dass sie in der Lage ist, zielorientiert mit Mitarbeitern und Mitarbeiterinnen, Auszubildenden und Geschäftspartnern zu kommunizieren und zu kooperieren, Methoden der Kommunikation und des Konfliktmanagements situationsgerecht einzusetzen sowie ethische Grundsätze zu berücksichtigen. Des Weiteren soll die Fähigkeit nachgewiesen werden, Mitarbeiter und Mitarbeiterinnen, Auszubildende und Projektgruppen unter Beachtung der rechtlichen und betrieblichen Rahmenbedingungen und der Unternehmensziele zu führen und zu motivieren. In diesem Rahmen wird aus folgenden Qualifikationsinhalten geprüft: <DL Type="arabic"><DT>1.</DT><DD Font="normal"><LA>situationsgerechtes Kommunizieren mit internen und externen Partnern und Partnerinnen sowie zielgerichtetes Einsetzen von Präsentationstechniken,</LA></DD><DT>2.</DT><DD Font="normal"><LA>Festlegen und Begründen von Kriterien für die Personalauswahl sowie Mitwirken bei der Personalrekrutierung,</LA></DD><DT>3.</DT><DD Font="normal"><LA>Planen und Steuern des Personaleinsatzes,</LA></DD><DT>4.</DT><DD Font="normal"><LA>situationsgerechtes Anwenden von Führungsmethoden,</LA></DD><DT>5.</DT><DD Font="normal"><LA>Planen und Durchführen der Berufsausbildung,</LA></DD><DT>6.</DT><DD Font="normal"><LA>Fördern der beruflichen Entwicklung und Weiterbildung von Mitarbeitern und Mitarbeiterinnen,</LA></DD><DT>7.</DT><DD Font="normal"><LA>Gestalten des Arbeits- und Gesundheitsschutzes.</LA></DD></DL></P></Content></text></textdaten></norm>
<norm builddate="20231019213529" doknr="BJNR1010A0023BJNE000900000"><metadaten><jurabk>AWFachwBAProFV</jurabk><enbez>§ 8</enbez><titel format="XML">Form und Ablauf der Prüfung</titel></metadaten><textdaten><text format="XML"><Content><P>(1) Die Prüfung gliedert sich in <DL Type="arabic"><DT>1.</DT><DD Font="normal"><LA>eine schriftliche Prüfung nach § 9 und</LA></DD><DT>2.</DT><DD Font="normal"><LA>eine mündliche Prüfung nach § 10.</LA></DD></DL></P><P>(2) Die mündliche Prüfung kann erst abgelegt werden, nachdem die schriftliche Prüfung abgelegt worden ist. Das Prüfungsverfahren ist innerhalb von zwei Jahren, beginnend mit dem Tag der ersten Prüfungsleistung, abzuschließen. Bei Überschreiten der Frist gelten die erbrachten Prüfungsleistungen als mit null Punkten bewertet.</P><P>(3) Absatz 2 Satz 3 ist nicht anzuwenden, wenn die Nichteinhaltung der Frist durch die nach dem Berufsbildungsgesetz zuständige Stelle zu vertreten ist.</P></Content></text></textdaten></norm>
<norm builddate="20231019213529" doknr="BJNR1010A0023BJNE001000000"><metadaten><jurabk>AWFachwBAProFV</jurabk><enbez>§ 9</enbez><titel format="XML">Schriftliche Prüfung</titel></metadaten><textdaten><text format="XML"><Content><P>(1) Die schriftliche Prüfung wird auf der Grundlage der Beschreibung einer betrieblichen Situation, aus der die Aufgabenstellungen abzuleiten sind, durchgeführt. Die Aufgabenstellungen müssen der zu prüfenden Person eigenständig entwickelte Lösungen ermöglichen. Die Aufgabenstellungen sind aufeinander abzustimmen und so zu gestalten, dass jeder Prüfungsbereich nach § 3 insgesamt mindestens einmal thematisiert wird.</P><P>(2) Die schriftliche Prüfung besteht aus zwei Prüfungsleistungen in Form von zwei schriftlich unter Aufsicht zu bearbeitenden Aufgabenstellungen.</P><P>(3) Die Bearbeitungszeit beträgt für jede der beiden Aufgabenstellungen 300 Minuten.</P><P>(4) Ein Teil der Aufgabenstellungen muss in englischer Sprache formuliert sein. Diese Aufgabenstellungen sind in englischer Sprache zu bearbeiten.</P></Content></text></textdaten></norm>
<norm builddate="20231019213529" doknr="BJNR1010A0023BJNE001100000"><metadaten><jurabk>AWFachwBAProFV</jurabk><enbez>§ 10</enbez><titel format="XML">Mündliche Prüfung</titel></metadaten><textdaten><text format="XML"><Content><P>(1) Die mündliche Prüfung besteht aus zwei Prüfungsleistungen in Form einer Präsentation und eines sich unmittelbar anschließenden Fachgesprächs.</P><P>(2) In der Präsentation hat die zu prüfende Person nachzuweisen, dass sie in der Lage ist, ein komplexes Problem der betrieblichen Praxis zu erfassen, darzustellen, zu beurteilen und zu lösen. Die zu prüfende Person wählt selbständig ein Thema für die Präsentation aus und reicht dieses zum Termin der zweiten schriftlichen Prüfungsleistung mit einer Kurzbeschreibung des Problems und einer inhaltlichen Gliederung der Präsentation bei der nach dem Berufsbildungsgesetz zuständigen Stelle ein. Das Thema muss aus dem Prüfungsbereich nach § 3 Nummer 3 stammen. Die Präsentation soll höchstens zehn Minuten dauern.</P><P>(3) Im Fachgespräch hat die zu prüfende Person, ausgehend von der Präsentation, nachzuweisen, dass sie in der Lage ist, Probleme der betrieblichen Praxis zu analysieren und Lösungsmöglichkeiten unter Beachtung der maßgebenden Einflussfaktoren zu bewerten. Das Fachgespräch soll höchstens 20 Minuten dauern.</P></Content></text></textdaten></norm>
<norm builddate="20231019213529" doknr="BJNR1010A0023BJNE001200000"><metadaten><jurabk>AWFachwBAProFV</jurabk><enbez>§ 11</enbez><titel format="XML">Bewertung der Prüfungsleistungen</titel></metadaten><textdaten><text format="XML"><Content><P>(1) Jede Prüfungsleistung ist nach Maßgabe der Anlage 1 mit Punkten zu bewerten.</P><P>(2) In der schriftlichen Prüfung sind die beiden Prüfungsleistungen nach § 9 Absatz 2 jeweils einzeln zu bewerten. Aus den Bewertungen der beiden Prüfungsleistungen wird als Bewertung der schriftlichen Prüfung das arithmetische Mittel berechnet.</P><P>(3) In der mündlichen Prüfung sind als Prüfungsleistungen jeweils einzeln zu bewerten: <DL Type="arabic"><DT>1.</DT><DD Font="normal"><LA>die Präsentation nach § 10 Absatz 2,</LA></DD><DT>2.</DT><DD Font="normal"><LA>das Fachgespräch nach § 10 Absatz 3.</LA></DD></DL>Aus den Bewertungen der Präsentation und des Fachgesprächs wird als Bewertung der mündlichen Prüfung das gewichtete arithmetische Mittel berechnet. Dabei sind die Bewertungen wie folgt zu gewichten: <DL Type="arabic"><DT>1.</DT><DD Font="normal"><LA>die Bewertung der Präsentation mit einem Drittel und</LA></DD><DT>2.</DT><DD Font="normal"><LA>die Bewertung des Fachgesprächs mit zwei Dritteln.</LA></DD></DL></P></Content></text></textdaten></norm>
<norm builddate="20231019213529" doknr="BJNR1010A0023BJNE001300000"><metadaten><jurabk>AWFachwBAProFV</jurabk><enbez>§ 12</enbez><titel format="XML">Bestehen der Prüfung, Gesamtnote</titel></metadaten><textdaten><text format="XML"><Content><P>(1) Die Prüfung ist bestanden, wenn ohne Rundung jeweils mindestens 50 Punkte erreicht worden sind in <DL Type="arabic"><DT>1.</DT><DD Font="normal"><LA>der schriftlichen Prüfung nach § 9 und</LA></DD><DT>2.</DT><DD Font="normal"><LA>der mündlichen Prüfung nach § 10.</LA></DD></DL></P><P>(2) Ist die Prüfung bestanden, sind die folgenden Punktebewertungen jeweils kaufmännisch auf eine ganze Zahl zu runden: <DL Type="arabic"><DT>1.</DT><DD Font="normal"><LA>die Bewertung der schriftlichen Prüfung nach § 11 Absatz 2,</LA></DD><DT>2.</DT><DD Font="normal"><LA>die Bewertung der mündlichen Prüfung nach § 11 Absatz 3.</LA></DD></DL></P><P>(3) Für die Bildung der Gesamtnote ist als Gesamtpunktzahl das arithmetische Mittel der Bewertungen nach Absatz 2 zu berechnen. Die Gesamtpunktzahl ist kaufmännisch auf eine ganze Zahl zu runden. Der gerundeten Gesamtpunktzahl ist nach Anlage 1 die Note als Dezimalzahl und die Note in Worten zuzuordnen. Die zugeordnete Note ist die Gesamtnote.</P></Content></text></textdaten></norm>
<norm builddate="20231019213529" doknr="BJNR1010A0023BJNE001400000"><metadaten><jurabk>AWFachwBAProFV</jurabk><enbez>§ 13</enbez><titel format="XML">Befreiung von einzelnen Prüfungsbestandteilen</titel></metadaten><textdaten><text format="XML"><Content><P>Wird die zu prüfende Person nach § 56 Absatz 2 des Berufsbildungsgesetzes von der Ablegung einzelner Prüfungsbestandteile befreit, bleiben diese Prüfungsbestandteile für die Anwendung der §§ 11 und 12 außer Betracht. Für die übrigen Prüfungsbestandteile erhöhen sich die Anteile nach § 11 Absatz 2 oder Absatz 3 oder § 12 Absatz 3 entsprechend ihrem Verhältnis zueinander. Allein diese Prüfungsbestandteile sind den Entscheidungen des Prüfungsausschusses zugrunde zu legen.</P></Content></text></textdaten></norm>
<norm builddate="20231019213529" doknr="BJNR1010A0023BJNE001500000"><metadaten><jurabk>AWFachwBAProFV</jurabk><enbez>§ 14</enbez><titel format="XML">Zeugnisse</titel></metadaten><textdaten><text format="XML"><Content><P>(1) Wer die Prüfung nach § 12 Absatz 1 bestanden hat, erhält von der nach dem Berufsbildungsgesetz zuständigen Stelle zwei Zeugnisse nach Maßgabe der Anlage 2 Teil A und B.</P><P>(2) Auf dem Zeugnis mit den Inhalten nach Anlage 2 Teil B sind die Noten als Dezimalzahlen mit einer Nachkommastelle und ist die Gesamtnote als Dezimalzahl mit einer Nachkommastelle und in Worten anzugeben. Jede Befreiung nach § 13 ist mit Ort, Datum und der Bezeichnung des Prüfungsgremiums der vergleichbaren Prüfung anzugeben.</P><P>(3) Die Zeugnisse können zusätzliche nicht amtliche Bemerkungen zur Information (Bemerkungen) enthalten, insbesondere <DL Type="arabic"><DT>1.</DT><DD Font="normal"><LA>über den erworbenen Abschluss oder</LA></DD><DT>2.</DT><DD Font="normal"><LA>auf Antrag der geprüften Person über während oder anlässlich der Fortbildung erworbene besondere oder zusätzliche Fertigkeiten, Kenntnisse und Fähigkeiten.</LA></DD></DL></P></Content></text></textdaten></norm>
<norm builddate="20231019213529" doknr="BJNR1010A0023BJNE001600000"><metadaten><jurabk>AWFachwBAProFV</jurabk><enbez>§ 15</enbez><titel format="XML">Wiederholung der Prüfung</titel></metadaten><textdaten><text format="XML"><Content><P>(1) Sind in der schriftlichen oder in der mündlichen Prüfung nicht jeweils mindestens 50 Punkte erreicht worden, können sie jeweils zweimal wiederholt werden. Bei Nichtbestehen der zweiten Wiederholungsprüfung gilt die gesamte Prüfung als nicht bestanden.</P><P>(2) Wer sich innerhalb von zwei Jahren, gerechnet vom Tag des Zugangs des Bescheids über die nicht bestandene Prüfung, zur Wiederholung der Prüfung anmeldet, ist von der schriftlichen Prüfung oder der mündlichen Prüfung zu befreien, wenn diese in einer vorangegangenen Prüfung mit mindestens 50 Punkten bewertet worden ist.</P></Content></text></textdaten></norm>
<norm builddate="20231019213529" doknr="BJNR1010A0023BJNE001700000"><metadaten><jurabk>AWFachwBAProFV</jurabk><enbez>§ 16</enbez><titel format="XML">Befreiung vom schriftlichen Teil der Ausbildereignungsprüfung</titel></metadaten><textdaten><text format="XML"><Content><P>Wer die Prüfung nach dieser Verordnung bestanden hat, ist vom schriftlichen Teil der Prüfung nach der Ausbilder-Eignungsverordnung befreit.</P></Content></text></textdaten></norm>
<norm builddate="20231019213529" doknr="BJNR1010A0023BJNE001800000"><metadaten><jurabk>AWFachwBAProFV</jurabk><enbez>§ 17</enbez><titel format="XML">Übergangsvorschriften</titel></metadaten><textdaten><text format="XML"><Content><P>(1) Prüfungsverfahren, die nach der Außenwirtschaftsfachwirtprüfungsverordnung vom 5. Juni 2017 (BGBl. I S. 1574), die durch Artikel 80 der Verordnung vom 9. Dezember 2019 (BGBl. I S. 2153) geändert worden ist, begonnen worden sind, sind nach den Vorschriften der vorstehend bezeichneten Verordnung bis zum 28. September 2026 zu Ende zu führen.</P><P>(2) Bei einer Anmeldung zur Prüfung zwischen dem 1. Januar 2020 und dem 28. September 2023 hat die nach dem Berufsbildungsgesetz zuständige Stelle auf Antrag der zu prüfenden Person die Prüfung nach dieser Verordnung durchzuführen. Prüfungsleistungen, die nach der in Absatz 1 bezeichneten Verordnung erfolgreich abgelegt wurden, sind auf die nach dieser Verordnung erforderlichen Prüfungsleistungen anzurechnen.</P><P>(3) Auf Antrag der zu prüfenden Person ist die Wiederholungsprüfung nach dieser Verordnung durchzuführen.</P></Content></text></textdaten></norm>
<norm builddate="20231019213529" doknr="BJNR1010A0023BJNE001900000"><metadaten><jurabk>AWFachwBAProFV</jurabk><enbez>§ 18</enbez><titel format="XML">Inkrafttreten, Außerkrafttreten</titel></metadaten><textdaten><text format="XML"><Content><P>Diese Verordnung tritt am Tag nach der Verkündung in Kraft. Gleichzeitig tritt die Außenwirtschaftsfachwirtprüfungsverordnung vom 5. Juni 2017 (BGBl. I S. 1574), die durch Artikel 80 der Verordnung vom 9. Dezember 2019 (BGBl. I S. 2153) geändert worden ist, außer Kraft.</P></Content></text></textdaten></norm>
<norm builddate="20231019213529" doknr="BJNR1010A0023BJNE002000000"><metadaten><jurabk>AWFachwBAProFV</jurabk><enbez>Anlage 1</enbez><titel format="XML">(zu den §§ 11 und 12)<BR/>Bewertungsmaßstab und -schlüssel</titel></metadaten><textdaten><text format="XML"><Content><P><noindex><kommentar typ="Fundstelle">(Fundstelle: BGBl. 2023 I Nr. 257, S. 8 - 9)</kommentar></noindex></P><P><table colsep="1" frame="all" pgwide="1" rowsep="1" tocentry="%yes;"><tgroup align="left" char="" charoff="50" cols="4"><colspec align="center" colname="col1" colwidth="23*"/><colspec align="center" colname="col2" colwidth="31*"/><colspec align="center" colname="col3" colwidth="23*"/><colspec align="justify" colname="col4" colwidth="88*"/><thead valign="bottom"><row><entry VJ="1" align="center" colname="col1" valign="middle">Punkte</entry><entry VJ="1" align="center" colname="col2" valign="middle">Note als Dezimalzahl</entry><entry VJ="1" align="center" colname="col3" valign="middle">Note in Worten</entry><entry VJ="1" align="center" colname="col4" valign="middle">Definition</entry></row></thead><tbody valign="top"><row><entry VJ="1" colname="col1">100</entry><entry VJ="1" colname="col2">1,0</entry><entry VJ="1" colname="col3" morerows="4" valign="middle">sehr gut</entry><entry VJ="1" colname="col4" morerows="4" valign="middle">eine Leistung, die den Anforderungen in besonderem Maß entspricht</entry></row><row><entry VJ="1" colname="col1">98 und 99</entry><entry VJ="1" colname="col2">1,1</entry></row><row><entry VJ="1" colname="col1">96 und 97</entry><entry VJ="1" colname="col2">1,2</entry></row><row><entry VJ="1" colname="col1">94 und 95</entry><entry VJ="1" colname="col2">1,3</entry></row><row><entry VJ="1" colname="col1">92 und 93</entry><entry VJ="1" colname="col2">1,4</entry></row><row><entry VJ="1" colname="col1">91</entry><entry VJ="1" colname="col2">1,5</entry><entry VJ="1" colname="col3" morerows="9" valign="middle">gut</entry><entry VJ="1" colname="col4" morerows="9" valign="middle">eine Leistung, die den Anforderungen voll entspricht</entry></row><row><entry VJ="1" colname="col1">90</entry><entry VJ="1" colname="col2">1,6</entry></row><row><entry VJ="1" colname="col1">89</entry><entry VJ="1" colname="col2">1,7</entry></row><row><entry VJ="1" colname="col1">88</entry><entry VJ="1" colname="col2">1,8</entry></row><row><entry VJ="1" colname="col1">87</entry><entry VJ="1" colname="col2">1,9</entry></row><row><entry VJ="1" colname="col1">85 und 86</entry><entry VJ="1" colname="col2">2,0</entry></row><row><entry VJ="1" colname="col1">84</entry><entry VJ="1" colname="col2">2,1</entry></row><row><entry VJ="1" colname="col1">83</entry><entry VJ="1" colname="col2">2,2</entry></row><row><entry VJ="1" colname="col1">82</entry><entry VJ="1" colname="col2">2,3</entry></row><row><entry VJ="1" colname="col1">81</entry><entry VJ="1" colname="col2">2,4</entry></row><row><entry VJ="1" colname="col1">79 und 80</entry><entry VJ="1" colname="col2">2,5</entry><entry VJ="1" colname="col3" morerows="9" valign="middle">befriedigend</entry><entry VJ="1" colname="col4" morerows="9" valign="middle">eine Leistung, die den Anforderungen im Allgemeinen entspricht</entry></row><row><entry VJ="1" colname="col1">78</entry><entry VJ="1" colname="col2">2,6</entry></row><row><entry VJ="1" colname="col1">77</entry><entry VJ="1" colname="col2">2,7</entry></row><row><entry VJ="1" colname="col1">75 und 76</entry><entry VJ="1" colname="col2">2,8</entry></row><row><entry VJ="1" colname="col1">74</entry><entry VJ="1" colname="col2">2,9</entry></row><row><entry VJ="1" colname="col1">72 und 73</entry><entry VJ="1" colname="col2">3,0</entry></row><row><entry VJ="1" colname="col1">71</entry><entry VJ="1" colname="col2">3,1</entry></row><row><entry VJ="1" colname="col1">70</entry><entry VJ="1" colname="col2">3,2</entry></row><row><entry VJ="1" colname="col1">68 und 69</entry><entry VJ="1" colname="col2">3,3</entry></row><row><entry VJ="1" colname="col1">67</entry><entry VJ="1" colname="col2">3,4</entry></row><row><entry VJ="1" colname="col1">65 und 66</entry><entry VJ="1" colname="col2">3,5</entry><entry VJ="1" colname="col3" morerows="9" valign="middle">ausreichend</entry><entry VJ="1" colname="col4" morerows="9" valign="middle">eine Leistung, die zwar Mängel aufweist, aber im Ganzen den Anforderungen noch entspricht</entry></row><row><entry VJ="1" colname="col1">63 und 64</entry><entry VJ="1" colname="col2">3,6</entry></row><row><entry VJ="1" colname="col1">62</entry><entry VJ="1" colname="col2">3,7</entry></row><row><entry VJ="1" colname="col1">60 und 61</entry><entry VJ="1" colname="col2">3,8</entry></row><row><entry VJ="1" colname="col1">58 und 59</entry><entry VJ="1" colname="col2">3,9</entry></row><row><entry VJ="1" colname="col1">56 und 57</entry><entry VJ="1" colname="col2">4,0</entry></row><row><entry VJ="1" colname="col1">55</entry><entry VJ="1" colname="col2">4,1</entry></row><row><entry VJ="1" colname="col1">53 und 54</entry><entry VJ="1" colname="col2">4,2</entry></row><row><entry VJ="1" colname="col1">51 und 52</entry><entry VJ="1" colname="col2">4,3</entry></row><row><entry VJ="1" colname="col1">50</entry><entry VJ="1" colname="col2">4,4</entry></row><row><entry VJ="1" colname="col1">48 und 49</entry><entry VJ="1" colname="col2">4,5</entry><entry VJ="1" colname="col3" morerows="9" valign="middle">mangelhaft</entry><entry VJ="1" colname="col4" morerows="9" valign="middle">eine Leistung, die den Anforderungen nicht entspricht, jedoch erkennen lässt, dass gewisse Grundkenntnisse noch vorhanden sind</entry></row><row><entry VJ="1" colname="col1">46 und 47</entry><entry VJ="1" colname="col2">4,6</entry></row><row><entry VJ="1" colname="col1">44 und 45</entry><entry VJ="1" colname="col2">4,7</entry></row><row><entry VJ="1" colname="col1">42 und 43</entry><entry VJ="1" colname="col2">4,8</entry></row><row><entry VJ="1" colname="col1">40 und 41</entry><entry VJ="1" colname="col2">4,9</entry></row><row><entry VJ="1" colname="col1">38 und 39</entry><entry VJ="1" colname="col2">5,0</entry></row><row><entry VJ="1" colname="col1">36 und 37</entry><entry VJ="1" colname="col2">5,1</entry></row><row><entry VJ="1" colname="col1">34 und 35</entry><entry VJ="1" colname="col2">5,2</entry></row><row><entry VJ="1" colname="col1">32 und 33</entry><entry VJ="1" colname="col2">5,3</entry></row><row><entry VJ="1" colname="col1">30 und 31</entry><entry VJ="1" colname="col2">5,4</entry></row><row><entry VJ="1" colname="col1">25 bis 29</entry><entry VJ="1" colname="col2">5,5</entry><entry VJ="1" colname="col3" morerows="5" valign="middle">ungenügend</entry><entry VJ="1" colname="col4" morerows="5" valign="middle">eine Leistung, die den Anforderungen nicht entspricht und bei der selbst Grundkenntnisse fehlen</entry></row><row><entry VJ="1" colname="col1">20 bis 24</entry><entry VJ="1" colname="col2">5,6</entry></row><row><entry VJ="1" colname="col1">15 bis 19</entry><entry VJ="1" colname="col2">5,7</entry></row><row><entry VJ="1" colname="col1">10 bis 14</entry><entry VJ="1" colname="col2">5,8</entry></row><row><entry VJ="1" colname="col1">5 bis 9</entry><entry VJ="1" colname="col2">5,9</entry></row><row><entry VJ="1" colname="col1">0 bis 4</entry><entry VJ="1" colname="col2">6,0</entry></row></tbody></tgroup></table></P></Content></text></textdaten></norm>
<norm builddate="20231019213529" doknr="BJNR1010A0023BJNE002100000"><metadaten><jurabk>AWFachwBAProFV</jurabk><enbez>Anlage 2</enbez><titel format="XML">(zu § 14)<BR/>Zeugnisinhalte</titel></metadaten><textdaten><text format="XML"><Content><P><noindex><kommentar typ="Fundstelle">(Fundstelle: BGBl. 2023 I Nr. 257, S. 10)</kommentar></noindex></P><P/><Title Align="left" Class="S1">Teil A – Zeugnis ohne Prüfungsergebnisse</Title><P><DL Font="normal" Indent="6" Type="arabic"><DT>1.</DT><DD Font="normal"><LA Size="normal">Bezeichnung der ausstellenden Behörde,</LA></DD><DT>2.</DT><DD Font="normal"><LA Size="normal">Name und Geburtsdatum der geprüften Person,</LA></DD><DT>3.</DT><DD Font="normal"><LA Size="normal">Datum des Bestehens der Prüfung,</LA></DD><DT>4.</DT><DD Font="normal"><LA Size="normal">Bezeichnung des erworbenen Fortbildungsabschlusses nach § 1 Absatz 5,</LA></DD><DT>5.</DT><DD Font="normal"><LA Size="normal">Bezeichnung und Fundstelle dieser Fortbildungsordnung nach den Angaben im Bundesgesetzblatt unter Berücksichtigung erfolgter Änderungen dieser Verordnung,</LA></DD><DT>6.</DT><DD Font="normal"><LA Size="normal">Datum der Ausstellung des Zeugnisses samt Faksimile oder Unterschrift einer zeichnungsberechtigten Person der nach dem Berufsbildungsgesetz zuständigen Stelle.</LA></DD></DL></P><Title Align="left" Class="S1">Teil B – Zeugnis mit Prüfungsergebnissen</Title><P>Alle Angaben des Teils A sowie zusätzlich <DL Font="normal" Indent="6" Type="arabic"><DT>7.</DT><DD Font="normal"><LA Size="normal">Benennung der Prüfungsbereiche der Prüfung,</LA></DD><DT>8.</DT><DD Font="normal"><LA Size="normal">Bewertung der schriftlichen und der mündlichen Prüfung,</LA></DD><DT>9.</DT><DD Font="normal"><LA Size="normal">die errechnete Gesamtpunktzahl für die gesamte Prüfung,</LA></DD><DT>10.</DT><DD Font="normal"><LA Size="normal">die Gesamtnote als Dezimalzahl,</LA></DD><DT>11.</DT><DD Font="normal"><LA Size="normal">die Gesamtnote in Worten,</LA></DD><DT>12.</DT><DD Font="normal"><LA Size="normal">Befreiungen nach § 13,</LA></DD><DT>13.</DT><DD Font="normal"><LA Size="normal">Bescheinigung der Befreiung vom schriftlichen Teil der Prüfung nach der Ausbilder-Eignungsverordnung nach § 16.</LA></DD></DL></P></Content></text></textdaten></norm>
</dokumente>