<?xml version="1.0" encoding="UTF-8" ?><!DOCTYPE dokumente SYSTEM "http://www.gesetze-im-internet.de/dtd/1.01/gii-norm.dtd">
<dokumente builddate="20120625145828" doknr="BJNR071230991"><norm builddate="20120625145828" doknr="BJNR071230991"><metadaten><jurabk>PrfZAbk AUT</jurabk><ausfertigung-datum manuell="ja">1989-11-27</ausfertigung-datum><fundstelle typ="amtlich"><periodikum>BGBl II</periodikum><zitstelle>1991, 712</zitstelle></fundstelle><langue>Abkommen zwischen der Regierung der Bundesrepublik
Deutschland und der Regierung der Republik Österreich über die
Zusammenarbeit in der beruflichen Bildung und über die gegenseitige
Anerkennung der Gleichwertigkeit von beruflichen Prüfungszeugnissen</langue></metadaten><textdaten><text format="decorated"/><fussnoten><Content><P>Bek v. 20.3.1991 II 712</P></Content></fussnoten></textdaten></norm>
</dokumente>