<?xml version="1.0" encoding="UTF-8" ?><!DOCTYPE dokumente SYSTEM "http://www.gesetze-im-internet.de/dtd/1.01/gii-norm.dtd">
<dokumente builddate="20200305213016" doknr="BJNR032800001"><norm builddate="20200305213016" doknr="BJNR032800001"><metadaten><jurabk>KraftwPrV</jurabk><ausfertigung-datum manuell="ja">2001-02-19</ausfertigung-datum><fundstelle typ="amtlich"><periodikum>BGBl I</periodikum><zitstelle>2001, 328</zitstelle></fundstelle><langue>Verordnung über die Prüfung zum anerkannten Abschluss
Geprüfter Kraftwerker/Geprüfte Kraftwerkerin</langue><standangabe checked="ja"><standtyp>Stand</standtyp><standkommentar>Zuletzt geändert durch Art. 18 V v. 9.12.2019 I 2153</standkommentar></standangabe></metadaten><textdaten><text format="XML"><Content><P/></Content></text><fussnoten><Content><P><BR/> <pre xml:space="preserve">(+++ Textnachweis ab: 9.3.2000 +++)<BR/><BR/></pre>(+++ Zur Anwendung vgl. §§ 1 u. 3 FortbVenÄndV6AnwV +++)</P></Content></fussnoten></textdaten></norm>
<norm builddate="20200305213016" doknr="BJNR032800001BJNE000100305"><metadaten><jurabk>KraftwPrV</jurabk><enbez>Eingangsformel</enbez></metadaten><textdaten><text format="XML"><Content><P>Auf Grund des § 46 Abs. 2 des Berufsbildungsgesetzes vom 14. August 1969 (BGBl. I S. 1112), der zuletzt durch Artikel 35 der Verordnung vom 21. September 1997 (BGBl. I S. 2390) geändert worden ist, in Verbindung mit Artikel 56 des Zuständigkeitsanpassungs-Gesetzes vom 18. März 1975 (BGBl. I S. 705) und dem Organisationserlass vom 27. Oktober 1998 (BGBl. I S. 3288) verordnet das Bundesministerium für Bildung und Forschung nach Anhörung des Ständigen Ausschusses des Bundesinstituts für Berufsbildung im Einvernehmen mit dem Bundesministerium für Wirtschaft und Technologie:</P></Content></text></textdaten></norm>
<norm builddate="20200305213016" doknr="BJNR032800001BJNE000201128"><metadaten><jurabk>KraftwPrV</jurabk><enbez>§ 1</enbez><titel format="XML">Ziel der Prüfung und Bezeichnung des Abschlusses</titel></metadaten><textdaten><text format="XML"><Content><P>(1) Zum Nachweis von Kenntnissen, Fertigkeiten und Erfahrungen, die durch die berufliche Fortbildung zum Geprüften Kraftwerker/zur Geprüften Kraftwerkerin erworben worden sind, kann die zuständige Stelle Prüfungen nach den §§ 2 bis 5 durchführen.</P><P>(2) Ziel der Prüfung ist der Nachweis der Qualifikation zum Kraftwerker und damit die Befähigung, <DL Font="normal" Type="arabic"><DT>1.</DT><DD Font="normal"><LA Size="normal">betriebliche Aufgaben und Problemfälle in den Kraftwerksbereichen Dampferzeuger, Turbosatz, Kraftwerkshilfs- und Nebenanlagen einschließlich Wasseraufbereitung, elektrotechnische Anlagen und Leittechnik zu erfassen, zu analysieren und zu lösen;</LA></DD><DT>2.</DT><DD Font="normal"><LA Size="normal">sich auf neue Arbeitsstrukturen, Elektrizitätserzeugungsmethoden und -technologien flexibel einzustellen.</LA></DD></DL></P><P>(3) Durch die Prüfung ist festzustellen, ob die zu prüfende Person die Qualifikationen besitzt, die folgenden Aufgaben eines Kraftwerkers wahrnehmen zu können: <DL Font="normal" Type="arabic"><DT>1.</DT><DD Font="normal"><LA Size="normal">ein Kraftwerk auf der Grundlage der einschlägigen Vorschriften nach ökonomischen und ökologischen Gesichtspunkten anlagenschonend fahren;</LA></DD><DT>2.</DT><DD Font="normal"><LA Size="normal">Haupt-, Hilfs- und Nebenanlagen eines Kraftwerks an- und abfahren sowie bedienen und überwachen;</LA></DD><DT>3.</DT><DD Font="normal"><LA Size="normal">die Betriebszustände dieser Anlagen beurteilen und auf Betriebsstörungen folgerichtig reagieren;</LA></DD><DT>4.</DT><DD Font="normal"><LA Size="normal">Fehlersuche, Analyse und Fehlerbehebung bei Störungen während des laufenden Betriebes im Rahmen seines Verantwortungsbereiches vornehmen.</LA></DD></DL></P><P>(4) Die erfolgreich abgelegte Prüfung führt zum anerkannten Abschluss Geprüfter Kraftwerker/Geprüfte Kraftwerkerin.</P></Content></text><fussnoten><Content><P>(+++ Zur Anwendung vgl. §§ 1 u. 3 FortbVenÄndV6AnwV +++)</P></Content></fussnoten></textdaten></norm>
<norm builddate="20200305213016" doknr="BJNR032800001BJNE000301128"><metadaten><jurabk>KraftwPrV</jurabk><enbez>§ 2</enbez><titel format="XML">Gliederung der Prüfung</titel></metadaten><textdaten><text format="XML"><Content><P>(1) Die Prüfung zum Kraftwerker gliedert sich in die Prüfungsteile: <DL Font="normal" Type="arabic"><DT>1.</DT><DD Font="normal"><LA Size="normal">Kraftwerkstechnologie,</LA></DD><DT>2.</DT><DD Font="normal"><LA Size="normal">Kraftwerksbetrieb.</LA></DD></DL></P><P>(2) Die Prüfung im Prüfungsteil &quot;Kraftwerkstechnologie&quot; ist schriftlich gemäß § 4 durchzuführen.</P><P>(3) Die Prüfung im Prüfungsteil &quot;Kraftwerksbetrieb&quot; ist in Form eines situationsbezogenen Fachgespräches gemäß § 5 durchzuführen. Sie soll sich auf das Kraftwerk beziehen, in dem die zu prüfende Person ihre berufspraktischen Zeiten gemäß § 3 Abs. 3 abgeleistet hat. Sie kann in der realen Anlage, an Schemata, Modellen oder am Kraftwerkssimulator durchgeführt werden.</P></Content></text><fussnoten><Content><P>(+++ Zur Anwendung vgl. §§ 1 u. 3 FortbVenÄndV6AnwV +++)</P></Content></fussnoten></textdaten></norm>
<norm builddate="20200305213016" doknr="BJNR032800001BJNE000402128"><metadaten><jurabk>KraftwPrV</jurabk><enbez>§ 3</enbez><titel format="XML">Zulassungsvoraussetzungen</titel></metadaten><textdaten><text format="XML"><Content><P>(1) Zur Prüfung im Prüfungsteil „Kraftwerkstechnologie“ ist zuzulassen, wer Folgendes nachweist: <DL Type="arabic"><DT>1.</DT><DD Font="normal"><LA>eine mit Erfolg abgelegte Abschlussprüfung in einem anerkannten Ausbildungsberuf, der den Metall- oder Elektroberufen oder den Produktionsberufen der Chemie zugeordnet werden kann oder</LA></DD><DT>2.</DT><DD Font="normal"><LA>eine mindestens vierjährige Berufspraxis im Fahrbetrieb und in der Instandhaltung eines Kraftwerks.</LA></DD></DL></P><P>(2) Zur Prüfung im Prüfungsteil &quot;Kraftwerksbetrieb&quot; ist zuzulassen, wer <DL Font="normal" Type="arabic"><DT>1.</DT><DD Font="normal"><LA Size="normal">den erfolgreichen Abschluss des Prüfungsteils &quot;Kraftwerkstechnologie&quot; nachweist, der nicht länger als zwei Jahre zurückliegt,</LA></DD><DT>2.</DT><DD Font="normal"><LA Size="normal">zu den in Absatz 1 Nummer 1 und 2 genannten Praxiszeiten mindestens ein weiteres Jahr Berufspraxis im Fahrbetrieb nachweist und</LA></DD><DT>3.</DT><DD Font="normal"><LA Size="normal">eine Dokumentation nach Absatz 4 vorlegt.</LA></DD></DL></P><P>(3) Bestandteil der Berufspraxis nach Absatz 2 Nummer 2 ist eine mindestens 12-monatige strukturierte praktische Fortbildung, in der die zu prüfende Person die Befähigung zur Erfassung, Analyse und Lösung betrieblicher Aufgaben und Problemfälle in den folgenden Kraftwerksbereichen erworben hat: <DL Type="arabic"><DT>1.</DT><DD Font="normal"><LA>Dampferzeuger,</LA></DD><DT>2.</DT><DD Font="normal"><LA>Turbosatz,</LA></DD><DT>3.</DT><DD Font="normal"><LA>Kraftwerkshilfs- und Nebenanlagen einschließlich Wasseraufbereitung,</LA></DD><DT>4.</DT><DD Font="normal"><LA>elektrotechnische Anlagen und Leittechnik.</LA></DD></DL>Dabei sind unterschiedliche betriebliche Situationen, insbesondere Anfahren, Geradeausbetrieb, Last- und Brennstoffwechsel, Abfahren, Stillstand, Störungen und Vorbereitung von Wartungs- und Instandsetzungsarbeiten, zu berücksichtigen. Es sollen insbesondere folgende Befähigungen erworben werden: <DL Font="normal" Type="arabic"><DT>1.</DT><DD Font="normal"><LA Size="normal">räumliche Anordnung der Anlagenteile kennen und Anlagenteile den technischen Unterlagen zuordnen;</LA></DD><DT>2.</DT><DD Font="normal"><LA Size="normal">Betriebszustand der Anlagen beurteilen, Messungen durchführen und Fehler erkennen;</LA></DD><DT>3.</DT><DD Font="normal"><LA Size="normal">Anlagenteile vor Ort bedienen, Wartungsarbeiten durchführen und an Instandsetzungsarbeiten mitwirken;</LA></DD><DT>4.</DT><DD Font="normal"><LA Size="normal">Anlagen und Anlagenteile mit Voll- und Halbautomatik sowie manuell bedienen und Reserveaggregate in Betrieb nehmen;</LA></DD><DT>5.</DT><DD Font="normal"><LA Size="normal">Messungen und Meldungen auswerten, auf Betriebszustände und Störungen sowie deren Ursachen schließen und entsprechende Maßnahmen ergreifen und veranlassen;</LA></DD><DT>6.</DT><DD Font="normal"><LA Size="normal">Maßnahmen zur Betriebs- und Arbeitssicherheit, zum Umweltschutz sowie zur Einhaltung von Bestimmungen und Auflagen der Aufsichtsbehörde ergreifen;</LA></DD><DT>7.</DT><DD Font="normal"><LA Size="normal">Maßnahmen nach dem Ansprechen von Schutzvorrichtungen und Verriegelungen ergreifen;</LA></DD><DT>8.</DT><DD Font="normal"><LA Size="normal">auf Fehler in den elektrotechnischen Anlagen, der Energieversorgung und der Leittechnik innerhalb des Kraftwerks schließen;</LA></DD><DT>9.</DT><DD Font="normal"><LA Size="normal">Arbeitsabläufe beim Freischalten von Anlagenteilen planen und mit Mitarbeitern, Vorgesetzten und anderen Organisationseinheiten abstimmen;</LA></DD><DT>10.</DT><DD Font="normal"><LA Size="normal">Maßnahmen bei Unfällen und Bränden ergreifen.</LA></DD></DL>Die Praxiszeit gemäß Absatz 2 Nr. 2 und die Zeit der gelenkten praktischen Fortbildung gemäß Absatz 3 können jeweils um bis zu zwölf Monate gekürzt werden, wenn entsprechende Inhalte während einer Berufsausbildung in einem Kraftwerk vermittelt wurden.</P><P>(4) Die Dokumentation soll sich auf das Kraftwerk beziehen, in dem die zu prüfende Person ihre strukturierte praktische Fortbildung nach Absatz 3 abgeleistet hat. Die Dokumentation soll folgende Teile umfassen: <DL Font="normal" Type="arabic"><DT>1.</DT><DD Font="normal"><LA Size="normal">Tätigkeitsnachweis über die strukturierte praktische Fortbildung;</LA></DD><DT>2.</DT><DD Font="normal"><LA Size="normal">Unterlagen über den Aufbau des Kraftwerks, insbesondere Schemata;</LA></DD><DT>3.</DT><DD Font="normal"><LA Size="normal">Protokolle der zu prüfenden Person über das An- und Abfahren von Haupt-, Hilfs- und Nebenanlagen des Kraftwerks, über das Fahren eines Kraftwerks auf der Grundlage der einschlägigen Vorschriften bei unterschiedlichen Betriebsweisen unter ökonomischen und ökologischen Gesichtspunkten;</LA></DD><DT>4.</DT><DD Font="normal"><LA Size="normal">mindestens sechs Fachberichte, aus denen hervorgeht, dass kraftwerksspezifische Probleme bearbeitet wurden.</LA></DD></DL>Die Protokolle nach Nummer 3 können auch beim Arbeiten an einem Kraftwerkssimulator angefertigt werden.</P><P>(5) Abweichend von den Absätzen 1 und 2 kann zur Prüfung auch zugelassen werden, wer durch Vorlage von Zeugnissen oder auf andere Weise glaubhaft macht, dass er Kenntnisse, Fertigkeiten und Erfahrungen erworben hat, die die Zulassung zur Prüfung rechtfertigen.</P></Content></text><fussnoten><Content><P>(+++ Zur Anwendung vgl. §§ 1 u. 3 FortbVenÄndV6AnwV +++)</P></Content></fussnoten></textdaten></norm>
<norm builddate="20200305213016" doknr="BJNR032800001BJNE000501128"><metadaten><jurabk>KraftwPrV</jurabk><enbez>§ 4</enbez><titel format="XML">Kraftwerkstechnologie</titel></metadaten><textdaten><text format="XML"><Content><P>(1) Im Prüfungsteil &quot;Kraftwerkstechnologie&quot; ist in folgenden Prüfungsbereichen zu prüfen: <DL Font="normal" Type="arabic"><DT>1.</DT><DD Font="normal"><LA Size="normal">Dampferzeugung,</LA></DD><DT>2.</DT><DD Font="normal"><LA Size="normal">Turbinen, Kraftwerkshilfs- und Nebenanlagen,</LA></DD><DT>3.</DT><DD Font="normal"><LA Size="normal">Elektrische Anlagen und Leittechnik,</LA></DD><DT>4.</DT><DD Font="normal"><LA Size="normal">Aufbau und Betrieb von Kraftwerken.</LA></DD></DL></P><P>(2) In allen Bereichen soll die zu prüfende Person kraftwerkstechnische und naturwissenschaftliche Grundkenntnisse nachweisen. Insbesondere soll sie in der Lage sein, naturwissenschaftliche und technische Kenntnisse zur Lösung kraftwerkstechnischer Aufgabenstellungen anzuwenden. Hierbei soll sie deutlich machen, dass er Zusammenhänge von abhängigen Größen richtig einschätzen kann.</P><P>(3) Im Prüfungsbereich &quot;Dampferzeugung&quot; soll die zu prüfende Person nachweisen, dass sie Kenntnisse über Brennstoffe, deren Verbrennung und Feuerungsarten, erworben hat. Darüber hinaus soll sie nachweisen, dass sie mit der Funktionsweise unterschiedlicher Dampferzeuger vertraut ist sowie Kenntnisse der Dampferzeugung und Rauchgasreinigung besitzt. In diesem Rahmen können folgende Kenntnisse geprüft werden: <DL Font="normal" Type="arabic"><DT>a)</DT><DD Font="normal"><LA Size="normal">Brennstoffe, Verbrennung,</LA></DD><DT>b)</DT><DD Font="normal"><LA Size="normal">Feuerungen,</LA></DD><DT>c)</DT><DD Font="normal"><LA Size="normal">Bauarten von Dampferzeugern,</LA></DD><DT>d)</DT><DD Font="normal"><LA Size="normal">Heizflächen,</LA></DD><DT>e)</DT><DD Font="normal"><LA Size="normal">Schutzeinrichtungen,</LA></DD><DT>f)</DT><DD Font="normal"><LA Size="normal">Luftvorwärmung,</LA></DD><DT>g)</DT><DD Font="normal"><LA Size="normal">Betrieb von Dampferzeugern,</LA></DD><DT>h)</DT><DD Font="normal"><LA Size="normal">Rauchgasreinigungsanlagen.</LA></DD></DL></P><P>(4) Im Prüfungsbereich &quot;Turbinen, Kraftwerkshilfs- und Nebenanlagen&quot; soll die zu prüfende Person nachweisen, dass sie Arbeitsverfahren und Bauarten von Dampf- und Gasturbinen, deren Hilfssysteme und -aggregate kennt. Darüber hinaus soll sie nachweisen, dass sie Kenntnisse über Aufbau und Funktion der Kraftwerkshilfs- und Nebenanlagen sowie deren Zusammenwirken besitzt. In diesem Rahmen können geprüft werden: <DL Font="normal" Type="arabic"><DT>1.</DT><DD Font="normal"><LA Size="normal">Turbinen:<DL Font="normal" Type="arabic"><DT>a)</DT><DD Font="normal"><LA Size="normal">Aufbau und Wirkungsweise von Dampf- und Gasturbinen,</LA></DD><DT>b)</DT><DD Font="normal"><LA Size="normal">Ölversorgung,</LA></DD><DT>c)</DT><DD Font="normal"><LA Size="normal">Kondensationsanlagen,</LA></DD><DT>d)</DT><DD Font="normal"><LA Size="normal">Regelung von Turbinen,</LA></DD><DT>e)</DT><DD Font="normal"><LA Size="normal">Überwachungs-, Begrenzungs- und Schutzeinrichtungen,</LA></DD><DT>f)</DT><DD Font="normal"><LA Size="normal">Betrieb von Turbinen;</LA></DD></DL></LA></DD><DT>2.</DT><DD Font="normal"><LA Size="normal">Kraftwerkshilfs- und Nebenanlagen:<DL Font="normal" Type="arabic"><DT>a)</DT><DD Font="normal"><LA Size="normal">Rohrleitungen, Armaturen,</LA></DD><DT>b)</DT><DD Font="normal"><LA Size="normal">Pumpen, Strahler,</LA></DD><DT>c)</DT><DD Font="normal"><LA Size="normal">Ventilatoren, Gebläse und Verdichter,</LA></DD><DT>d)</DT><DD Font="normal"><LA Size="normal">Kupplungen, Getriebe,</LA></DD><DT>e)</DT><DD Font="normal"><LA Size="normal">Vorwärmer,</LA></DD><DT>f)</DT><DD Font="normal"><LA Size="normal">Kühltürme,</LA></DD><DT>g)</DT><DD Font="normal"><LA Size="normal">Wasseraufbereitung und Abwasserbehandlung,</LA></DD><DT>h)</DT><DD Font="normal"><LA Size="normal">Schutzeinrichtungen.</LA></DD></DL></LA></DD></DL></P><P>(5) Im Prüfungsbereich &quot;Elektrische Anlagen und Leittechnik&quot; soll die zu prüfende Person nachweisen, dass sie die elektrischen Systeme eines Kraftwerks kennt und die Funktion und den Aufbau der elektrischen Anlagen beschreiben kann. Darüber hinaus soll sie nachweisen, dass sie unterschiedliche leittechnische Strukturen kennt und Funktionspläne lesen kann. In diesem Rahmen können geprüft werden: <DL Font="normal" Type="arabic"><DT>1.</DT><DD Font="normal"><LA Size="normal">Elektrische Anlagen:<DL Font="normal" Type="arabic"><DT>a)</DT><DD Font="normal"><LA Size="normal">Eigenbedarfsanlagen,</LA></DD><DT>b)</DT><DD Font="normal"><LA Size="normal">Transformatoren,</LA></DD><DT>c)</DT><DD Font="normal"><LA Size="normal">Synchrongeneratoren,</LA></DD><DT>d)</DT><DD Font="normal"><LA Size="normal">Netzbetrieb,</LA></DD><DT>e)</DT><DD Font="normal"><LA Size="normal">Motoren,</LA></DD><DT>f)</DT><DD Font="normal"><LA Size="normal">Schaltanlagen,</LA></DD><DT>g)</DT><DD Font="normal"><LA Size="normal">elektrotechnische Vorschriften und Schutzmaßnahmen,</LA></DD><DT>h)</DT><DD Font="normal"><LA Size="normal">Schutzeinrichtungen;</LA></DD></DL></LA></DD><DT>2.</DT><DD Font="normal"><LA Size="normal">Leittechnik:<DL Font="normal" Type="arabic"><DT>a)</DT><DD Font="normal"><LA Size="normal">Messen elektrischer und nichtelektrischer Größen im Kraftwerk,</LA></DD><DT>b)</DT><DD Font="normal"><LA Size="normal">Messwerterfassung, -übertragung, -verarbeitung und -ausgabe,</LA></DD><DT>c)</DT><DD Font="normal"><LA Size="normal">Steuerungstechnik, Funktionspläne,</LA></DD><DT>d)</DT><DD Font="normal"><LA Size="normal">Regelstrecken, Regelglieder, Regelkreise,</LA></DD><DT>e)</DT><DD Font="normal"><LA Size="normal">Leittechnikebenen.</LA></DD></DL></LA></DD></DL></P><P>(6) Im Prüfungsbereich &quot;Aufbau und Betrieb von Kraftwerken&quot; soll die zu prüfende Person nachweisen, dass sie die technischen Zusammenhänge eines Kraftwerks bei unterschiedlichen Betriebsweisen und Einsatzmöglichkeiten kennt, auch unter ökonomischen und ökologischen Gesichtspunkten. Ferner soll sie nachweisen, dass sie die Grundzüge einschlägiger Arbeitssicherheits- und Umweltschutzbestimmungen kennt. In diesem Rahmen können geprüft werden: <DL Font="normal" Type="arabic"><DT>a)</DT><DD Font="normal"><LA Size="normal">Kraftwerksarten und marktgerechter Einsatz von Kraftwerken,</LA></DD><DT>b)</DT><DD Font="normal"><LA Size="normal">Aufbau und Schaltungen,</LA></DD><DT>c)</DT><DD Font="normal"><LA Size="normal">Betriebsarten,</LA></DD><DT>d)</DT><DD Font="normal"><LA Size="normal">Regelung und Fahrweisen,</LA></DD><DT>e)</DT><DD Font="normal"><LA Size="normal">Kühlwasserversorgung.</LA></DD></DL></P><P>(7) Die schriftliche Prüfung soll in den Prüfungsbereichen gemäß Absatz 1 Nr. 1 und 2 mindestens 90 Minuten und in den Prüfungsbereichen gemäß Absatz 1 Nr. 3 und 4 mindestens 60 Minuten dauern. Insgesamt sollen sechs Stunden nicht überschritten werden.</P><P>(8) Die schriftliche Prüfung in den einzelnen Prüfungsbereichen kann auf Antrag der zu prüfende Person durch eine mündliche Prüfung ergänzt werden, wenn sie für das Bestehen der Prüfung von wesentlicher Bedeutung ist. Die Ergänzungsprüfung soll je Prüfungsbereich nicht länger als 15 Minuten dauern.</P></Content></text><fussnoten><Content><P>(+++ Zur Anwendung vgl. §§ 1 u. 3 FortbVenÄndV6AnwV +++)</P></Content></fussnoten></textdaten></norm>
<norm builddate="20200305213016" doknr="BJNR032800001BJNE000601128"><metadaten><jurabk>KraftwPrV</jurabk><enbez>§ 5</enbez><titel format="XML">Kraftwerksbetrieb</titel></metadaten><textdaten><text format="XML"><Content><P>(1) Im Prüfungsteil &quot;Kraftwerksbetrieb&quot; ist in Form eines situationsbezogenen Fachgespräches zu prüfen. Dabei sind der zu prüfenden Person eine oder mehrere betriebliche Situationen, insbesondere Anfahren, Geradeausbetrieb, Last- und Brennstoffwechsel, Abfahren, Stillstand, Störungen und Vorbereitung von Wartungs- und Instandsetzungsarbeiten, vorzugeben. Das situationsbezogene Fachgespräch soll sich auf das Kraftwerk, in dem die zu prüfende Person ihre berufspraktischen Zeiten gemäß § 3 Abs. 3 abgeleistet hat sowie auf die Dokumentation gemäß § 3 Abs. 2 Nr. 3 beziehen. In das situationsbezogene Fachgespräch können zusätzlich die reale Anlage, Modelle oder Kraftwerkssimulatoren einbezogen werden. Das situationsbezogene Fachgespräch soll die folgenden Kraftwerksbereiche berücksichtigen: <DL Font="normal" Type="arabic"><DT>1.</DT><DD Font="normal"><LA Size="normal">Dampferzeuger,</LA></DD><DT>2.</DT><DD Font="normal"><LA Size="normal">Turbosatz,</LA></DD><DT>3.</DT><DD Font="normal"><LA Size="normal">Hilfs- und Nebenanlagen, einschließlich Wasseraufbereitung,</LA></DD><DT>4.</DT><DD Font="normal"><LA Size="normal">Elektrische Anlagen und Leittechnik.</LA></DD></DL></P><P>(2) Im Rahmen des Absatzes 1 soll geprüft werden, ob die zu prüfende Person <DL Font="normal" Type="arabic"><DT>1.</DT><DD Font="normal"><LA Size="normal">die Bedienung und Überwachung der Anlagen vor Ort und in der Leitwarte beschreiben kann;</LA></DD><DT>2.</DT><DD Font="normal"><LA Size="normal">das Fahren eines Kraftwerks auf der Grundlage der einschlägigen Vorschriften bei unterschiedlichen Betriebsweisen unter ökonomischen und ökologischen Gesichtspunkten beschreiben kann;</LA></DD><DT>3.</DT><DD Font="normal"><LA Size="normal">Messungen und Meldungen auswerten, den Betriebszustand der Anlage beurteilen, auf Störungen sowie deren Ursachen schließen und entsprechende Maßnahmen vorschlagen kann;</LA></DD><DT>4.</DT><DD Font="normal"><LA Size="normal">Arbeitsabläufe beim Freischalten von Anlagenteilen planen sowie die notwendigen Abstimmungen mit Mitarbeitern, Vorgesetzten und anderen Organisationseinheiten beschreiben kann;</LA></DD><DT>5.</DT><DD Font="normal"><LA Size="normal">Maßnahmen bei Unfällen und Bränden beschreiben kann.</LA></DD></DL></P><P>(3) Das Fachgespräch soll mindestens 60 Minuten und höchstens 90 Minuten dauern.</P></Content></text><fussnoten><Content><P>(+++ Zur Anwendung vgl. §§ 1 u. 3 FortbVenÄndV6AnwV +++)</P></Content></fussnoten></textdaten></norm>
<norm builddate="20200305213016" doknr="BJNR032800001BJNE000701128"><metadaten><jurabk>KraftwPrV</jurabk><enbez>§ 6</enbez><titel format="XML">Befreiung von einzelnen Prüfungsbestandteilen</titel></metadaten><textdaten><text format="XML"><Content><P>Wird die zu prüfende Person im Prüfungsteil „Kraftwerkstechnologie“ nach § 56 Absatz 2 des Berufsbildungsgesetzes von der Ablegung einzelner Prüfungsbereiche befreit, bleiben diese Prüfungsbereiche für die Anwendung der §§ 7 und 8 außer Betracht. Für die übrigen Prüfungsbereiche erhöhen sich die Anteile nach § 7 Absatz 3 oder § 8 Absatz 3 Satz 2 entsprechend ihrem Verhältnis zueinander. Allein diese Prüfungsbereiche sind den Entscheidungen des Prüfungsausschusses zugrunde zu legen. Eine Befreiung von der Prüfung im Prüfungsteil „Kraftwerksbetrieb“ ist nicht zulässig.</P></Content></text><fussnoten><Content><P>(+++ Zur Anwendung vgl. §§ 1 u. 3 FortbVenÄndV6AnwV +++)</P></Content></fussnoten></textdaten></norm>
<norm builddate="20200305213016" doknr="BJNR032800001BJNE000802128"><metadaten><jurabk>KraftwPrV</jurabk><enbez>§ 7</enbez><titel format="XML">Bewerten der Prüfungsleistungen</titel></metadaten><textdaten><text format="XML"><Content><P>(1) Jede Prüfungsleistung ist nach Maßgabe der Anlage 1 mit Punkten zu bewerten.</P><P>(2) Die Prüfungsleistungen nach § 4 und dem Prüfungsteil „Kraftwerksbetrieb“ sind einzeln zu bewerten.</P><P>(3) Für den Prüfungsteil „Kraftwerkstechnologie“ ist eine Bewertung aus dem arithmetischen Mittel der Bewertungen der Leistungen in den einzelnen Prüfungsbereichen zu bilden.</P></Content></text><fussnoten><Content><P>(+++ Zur Anwendung vgl. §§ 1 u. 3 FortbVenÄndV6AnwV +++)</P></Content></fussnoten></textdaten></norm>
<norm builddate="20200305213016" doknr="BJNR032800001BJNE001400128"><metadaten><jurabk>KraftwPrV</jurabk><enbez>§ 8</enbez><titel format="XML">Bestehen der Prüfung, Gesamtnote</titel></metadaten><textdaten><text format="XML"><Content><P>(1) Die Prüfung ist bestanden, wenn ohne Rundung in den folgenden Prüfungsleistungen jeweils mindestens 50 Punkte erreicht worden sind: <DL Type="arabic"><DT>1.</DT><DD Font="normal"><LA>in allen Prüfungsbereichen des Prüfungsteils „Kraftwerktechnologie“ und</LA></DD><DT>2.</DT><DD Font="normal"><LA>im Prüfungsteil „Kraftwerksbetrieb“.</LA></DD></DL></P><P>(2) Ist die Prüfung bestanden, ist die Bewertung für den Prüfungsteil „Kraftwerkstechnologie“ kaufmännisch auf eine ganze Zahl zu runden.</P><P>(3) Den Bewertungen für die Prüfungsteile ist nach Anlage 1 die jeweilige Note als Dezimalzahl zuzuordnen. Für die Bildung einer Gesamtnote ist als Gesamtpunktzahl das arithmetische Mittel aus den Bewertungen der Prüfungsteile zu berechnen.</P><P>(4) Die Gesamtpunktzahl ist kaufmännisch auf eine ganze Zahl zu runden. Der gerundeten Gesamtpunktzahl wird nach Anlage 1 die Note als Dezimalzahl und die Note in Worten zugeordnet. Die zugeordnete Note ist die Gesamtnote.</P></Content></text><fussnoten><Content><P>(+++ Zur Anwendung vgl. §§ 1 u. 3 FortbVenÄndV6AnwV +++)</P></Content></fussnoten></textdaten></norm>
<norm builddate="20200305213016" doknr="BJNR032800001BJNE001500128"><metadaten><jurabk>KraftwPrV</jurabk><enbez>§ 9</enbez><titel format="XML">Zeugnisse</titel></metadaten><textdaten><text format="XML"><Content><P>(1) Wer die Prüfung nach § 8 Absatz 1 bestanden hat, erhält von der zuständigen Stelle zwei Zeugnisse nach Maßgabe der Anlage 2 Teil A und B.</P><P>(2) Auf dem Zeugnis mit den Inhalten nach Anlage 2 Teil B sind die Noten als Dezimalzahlen mit einer Nachkommastelle und die Gesamtnote als Dezimalzahl mit einer Nachkommastelle und in Worten anzugeben. Jede Befreiung nach § 6 ist mit Ort, Datum und der Bezeichnung des Prüfungsgremiums der anderen vergleichbaren Prüfung anzugeben.</P><P>(3) Die Zeugnisse können zusätzliche nicht amtliche Bemerkungen zur Information (Bemerkungen) enthalten, insbesondere <DL Type="arabic"><DT>1.</DT><DD Font="normal"><LA>über den erworbenen Abschluss oder</LA></DD><DT>2.</DT><DD Font="normal"><LA>auf Antrag der geprüften Person über während oder anlässlich der Fortbildung erworbene besondere oder zusätzliche Fertigkeiten, Kenntnisse und Fähigkeiten.</LA></DD></DL></P></Content></text><fussnoten><Content><P>(+++ Zur Anwendung vgl. §§ 1 u. 3 FortbVenÄndV6AnwV +++)</P></Content></fussnoten></textdaten></norm>
<norm builddate="20200305213016" doknr="BJNR032800001BJNE000901128"><metadaten><jurabk>KraftwPrV</jurabk><enbez>§ 10</enbez><titel format="XML">Wiederholung der Prüfung</titel></metadaten><textdaten><text format="XML"><Content><P>(1) Jeder nicht bestandene Prüfungsteil kann zweimal wiederholt werden. Der Antrag auf Wiederholung der Prüfung ist innerhalb von zwei Jahren, gerechnet vom Tage der Beendigung der nicht bestandenen Prüfung an, zu stellen.</P><P>(2) Mit dem Antrag auf Wiederholung der Prüfung im Prüfungsteil &quot;Kraftwerkstechnologie&quot; wird die zu prüfende Person von einzelnen Prüfungsbereichen befreit, wenn sie darin in einer vorangegangenen Prüfung mindestens ausreichende Leistungen erbracht hat. Die zu prüfende Person kann beantragen, auch bestandene Prüfungsleistungen zu wiederholen. In diesem Fall ist das letzte Ergebnis für das Bestehen zu berücksichtigen.</P></Content></text><fussnoten><Content><P>(+++ Zur Anwendung vgl. §§ 1 u. 3 FortbVenÄndV6AnwV +++)</P></Content></fussnoten></textdaten></norm>
<norm builddate="20200305213016" doknr="BJNR032800001BJNE001001128"><metadaten><jurabk>KraftwPrV</jurabk><enbez>§ 11</enbez><titel format="XML">Übergangsvorschriften</titel></metadaten><textdaten><text format="XML"><Content><P>(1) Begonnene Prüfungsverfahren können einschließlich einer Wiederholungsprüfung nach den bisherigen Vorschriften zu Ende geführt werden.</P><P>(2) Nach Inkrafttreten dieser Verordnung können Prüfungen nach den bisherigen Vorschriften noch bis zum 9. März 2002 beantragt werden.</P></Content></text><fussnoten><Content><P>(+++ Zur Anwendung vgl. §§ 1 u. 3 FortbVenÄndV6AnwV +++)</P></Content></fussnoten></textdaten></norm>
<norm builddate="20200305213016" doknr="BJNR032800001BJNE001101128"><metadaten><jurabk>KraftwPrV</jurabk><enbez>§ 12</enbez><titel format="XML">Inkrafttreten</titel></metadaten><textdaten><text format="XML"><Content><P>Diese Verordnung tritt am Tage nach der Verkündung in Kraft.</P></Content></text><fussnoten><Content><P>(+++ Zur Anwendung vgl. §§ 1 u. 3 FortbVenÄndV6AnwV +++)</P></Content></fussnoten></textdaten></norm>
<norm builddate="20200305213016" doknr="BJNR032800001BJNE001600128"><metadaten><jurabk>KraftwPrV</jurabk><enbez>Anlage 1</enbez><titel format="XML">(zu den §§ 7 und 8)<BR/>Bewertungsmaßstab und -schlüssel</titel></metadaten><textdaten><text format="XML"><Content><P><noindex><kommentar typ="Fundstelle">(Fundstelle: BGBl. I 2019, 2218 - 2219)</kommentar></noindex></P><BR/><BR/><table colsep="1" frame="all" pgwide="1" rowsep="1" tabstyle="Bewertung" tocentry="%yes;"><tgroup align="left" char="" charoff="50" cols="4"><colspec align="center" colname="col1" colnum="1" colwidth="26*"/><colspec align="center" colname="col2" colnum="2" colwidth="26*"/><colspec align="center" colname="col3" colnum="3" colwidth="33*"/><colspec align="justify" colname="col4" colnum="4" colwidth="74*"/><thead valign="bottom"><row><entry VJ="1" colname="col1" valign="middle">Punkte</entry><entry VJ="1" colname="col2" valign="middle">Note<BR/>als Dezimalzahl</entry><entry VJ="1" colname="col3" valign="middle">Note<BR/> in Worten</entry><entry VJ="1" align="center" colname="col4" valign="middle">Definition</entry></row></thead><tbody valign="top"><row><entry VJ="1" colname="col1" valign="middle">100</entry><entry VJ="1" colname="col2" valign="middle">1,0</entry><entry VJ="1" colname="col3" morerows="4" valign="middle">sehr gut</entry><entry VJ="1" colname="col4" morerows="4" valign="middle">eine Leistung, die den Anforderungen in besonderem Maß entspricht</entry></row><row><entry VJ="1" colname="col1" valign="middle">98 und 99</entry><entry VJ="1" colname="col2" valign="middle">1,1</entry></row><row><entry VJ="1" colname="col1" valign="middle">96 und 97</entry><entry VJ="1" colname="col2" valign="middle">1,2</entry></row><row><entry VJ="1" colname="col1" valign="middle">94 und 95</entry><entry VJ="1" colname="col2" valign="middle">1,3</entry></row><row><entry VJ="1" colname="col1" valign="middle">92 und 93</entry><entry VJ="1" colname="col2" valign="middle">1,4</entry></row><row><entry VJ="1" colname="col1" valign="middle">91</entry><entry VJ="1" colname="col2" valign="middle">1,5</entry><entry VJ="1" colname="col3" morerows="9" valign="middle">gut</entry><entry VJ="1" colname="col4" morerows="9" valign="middle">eine Leistung, die den Anforderungen voll entspricht</entry></row><row><entry VJ="1" colname="col1" valign="middle">90</entry><entry VJ="1" colname="col2" valign="middle">1,6</entry></row><row><entry VJ="1" colname="col1" valign="middle">89</entry><entry VJ="1" colname="col2" valign="middle">1,7</entry></row><row><entry VJ="1" colname="col1" valign="middle">88</entry><entry VJ="1" colname="col2" valign="middle">1,8</entry></row><row><entry VJ="1" colname="col1" valign="middle">87</entry><entry VJ="1" colname="col2" valign="middle">1,9</entry></row><row><entry VJ="1" colname="col1" valign="middle">85 und 86</entry><entry VJ="1" colname="col2" valign="middle">2,0</entry></row><row><entry VJ="1" colname="col1" valign="middle">84</entry><entry VJ="1" colname="col2" valign="middle">2,1</entry></row><row><entry VJ="1" colname="col1" valign="middle">83</entry><entry VJ="1" colname="col2" valign="middle">2,2</entry></row><row><entry VJ="1" colname="col1" valign="middle">82</entry><entry VJ="1" colname="col2" valign="middle">2,3</entry></row><row><entry VJ="1" colname="col1" valign="middle">81</entry><entry VJ="1" colname="col2" valign="middle">2,4</entry></row><row><entry VJ="1" colname="col1" valign="middle">79 und 80</entry><entry VJ="1" colname="col2" valign="middle">2,5</entry><entry VJ="1" colname="col3" morerows="9" valign="middle">befriedigend</entry><entry VJ="1" colname="col4" morerows="9" valign="middle">eine Leistung, die den Anforderungen im Allgemeinen entspricht</entry></row><row><entry VJ="1" colname="col1" valign="middle">78</entry><entry VJ="1" colname="col2" valign="middle">2,6</entry></row><row><entry VJ="1" colname="col1" valign="middle">77</entry><entry VJ="1" colname="col2" valign="middle">2,7</entry></row><row><entry VJ="1" colname="col1" valign="middle">75 und 76</entry><entry VJ="1" colname="col2" valign="middle">2,8</entry></row><row><entry VJ="1" colname="col1" valign="middle">74</entry><entry VJ="1" colname="col2" valign="middle">2,9</entry></row><row><entry VJ="1" colname="col1" valign="middle">72 und 73</entry><entry VJ="1" colname="col2" valign="middle">3,0</entry></row><row><entry VJ="1" colname="col1" valign="middle">71</entry><entry VJ="1" colname="col2" valign="middle">3,1</entry></row><row><entry VJ="1" colname="col1" valign="middle">70</entry><entry VJ="1" colname="col2" valign="middle">3,2</entry></row><row><entry VJ="1" colname="col1" valign="middle">68 und 69</entry><entry VJ="1" colname="col2" valign="middle">3,3</entry></row><row><entry VJ="1" colname="col1" valign="middle">67</entry><entry VJ="1" colname="col2" valign="middle">3,4</entry></row><row><entry VJ="1" colname="col1" valign="middle">65 und 66</entry><entry VJ="1" colname="col2" valign="middle">3,5</entry><entry VJ="1" colname="col3" morerows="9" valign="middle">ausreichend</entry><entry VJ="1" colname="col4" morerows="9" valign="middle">eine Leistung, die zwar Mängel aufweist, aber im Ganzen den Anforderungen noch entspricht</entry></row><row><entry VJ="1" colname="col1" valign="middle">63 und 64</entry><entry VJ="1" colname="col2" valign="middle">3,6</entry></row><row><entry VJ="1" colname="col1" valign="middle">62</entry><entry VJ="1" colname="col2" valign="middle">3,7</entry></row><row><entry VJ="1" colname="col1" valign="middle">60 und 61</entry><entry VJ="1" colname="col2" valign="middle">3,8</entry></row><row><entry VJ="1" colname="col1" valign="middle">58 und 59</entry><entry VJ="1" colname="col2" valign="middle">3,9</entry></row><row><entry VJ="1" colname="col1" valign="middle">56 und 57</entry><entry VJ="1" colname="col2" valign="middle">4,0</entry></row><row><entry VJ="1" colname="col1" valign="middle">55</entry><entry VJ="1" colname="col2" valign="middle">4,1</entry></row><row><entry VJ="1" colname="col1" valign="middle">53 und 54</entry><entry VJ="1" colname="col2" valign="middle">4,2</entry></row><row><entry VJ="1" colname="col1" valign="middle">51 und 52</entry><entry VJ="1" colname="col2" valign="middle">4,3</entry></row><row><entry VJ="1" colname="col1" valign="middle">50</entry><entry VJ="1" colname="col2" valign="middle">4,4</entry></row><row><entry VJ="1" colname="col1" valign="middle">48 und 49</entry><entry VJ="1" colname="col2" valign="middle">4,5</entry><entry VJ="1" colname="col3" morerows="9" valign="middle">mangelhaft</entry><entry VJ="1" colname="col4" morerows="9" valign="middle">eine Leistung, die den Anforderungen nicht entspricht, jedoch erkennen lässt, dass gewisse Grundkenntnisse noch vorhanden sind</entry></row><row><entry VJ="1" colname="col1" valign="middle">46 und 47</entry><entry VJ="1" colname="col2" valign="middle">4,6</entry></row><row><entry VJ="1" colname="col1" valign="middle">44 und 45</entry><entry VJ="1" colname="col2" valign="middle">4,7</entry></row><row><entry VJ="1" colname="col1" valign="middle">42 und 43</entry><entry VJ="1" colname="col2" valign="middle">4,8</entry></row><row><entry VJ="1" colname="col1" valign="middle">40 und 41</entry><entry VJ="1" colname="col2" valign="middle">4,9</entry></row><row><entry VJ="1" colname="col1" valign="middle">38 und 39</entry><entry VJ="1" colname="col2" valign="middle">5,0</entry></row><row><entry VJ="1" colname="col1" valign="middle">36 und 37</entry><entry VJ="1" colname="col2" valign="middle">5,1</entry></row><row><entry VJ="1" colname="col1" valign="middle">34 und 35</entry><entry VJ="1" colname="col2" valign="middle">5,2</entry></row><row><entry VJ="1" colname="col1" valign="middle">32 und 33</entry><entry VJ="1" colname="col2" valign="middle">5,3</entry></row><row><entry VJ="1" colname="col1" valign="middle">30 und 31</entry><entry VJ="1" colname="col2" valign="middle">5,4</entry></row><row><entry VJ="1" colname="col1" valign="middle">25 bis 29</entry><entry VJ="1" colname="col2" valign="middle">5,5</entry><entry VJ="1" colname="col3" morerows="5" valign="middle">ungenügend</entry><entry VJ="1" colname="col4" morerows="5" valign="middle">eine Leistung, die den Anforderungen nicht entspricht und bei der selbst Grundkenntnisse fehlen</entry></row><row><entry VJ="1" colname="col1" valign="middle">20 bis 24</entry><entry VJ="1" colname="col2" valign="middle">5,6</entry></row><row><entry VJ="1" colname="col1" valign="middle">15 bis 19</entry><entry VJ="1" colname="col2" valign="middle">5,7</entry></row><row><entry VJ="1" colname="col1" valign="middle">10 bis 14</entry><entry VJ="1" colname="col2" valign="middle">5,8</entry></row><row><entry VJ="1" colname="col1" valign="middle">5 bis 9</entry><entry VJ="1" colname="col2" valign="middle">5,9</entry></row><row><entry VJ="1" colname="col1" valign="middle">0 bis 4</entry><entry VJ="1" colname="col2" valign="middle">6,0</entry></row></tbody></tgroup></table></Content></text><fussnoten><Content><P>(+++ Zur Anwendung vgl. §§ 1 u. 3 FortbVenÄndV6AnwV +++)</P></Content></fussnoten></textdaten></norm>
<norm builddate="20200305213016" doknr="BJNR032800001BJNE001700128"><metadaten><jurabk>KraftwPrV</jurabk><enbez>Anlage 2</enbez><titel format="XML">(zu § 9)<BR/>Zeugnisinhalte</titel></metadaten><textdaten><text format="XML"><Content><P><noindex><kommentar typ="Fundstelle">(Fundstelle: BGBl. I 2019, 2219)</kommentar></noindex></P><P><SP>Teil A – Zeugnis ohne Prüfungsergebnisse:</SP><DL Font="normal" Type="arabic"><DT>1.</DT><DD Font="normal"><LA Size="normal">Bezeichnung der ausstellenden Behörde,</LA></DD><DT>2.</DT><DD Font="normal"><LA Size="normal">Name und Geburtsdatum der geprüften Person,</LA></DD><DT>3.</DT><DD Font="normal"><LA Size="normal">Datum des Bestehens der Prüfung,</LA></DD><DT>4.</DT><DD Font="normal"><LA Size="normal">Bezeichnung des erworbenen Fortbildungsabschlusses nach § 1 Absatz 4,</LA></DD><DT>5.</DT><DD Font="normal"><LA Size="normal">Bezeichnung und Fundstelle dieser Fortbildungsordnung nach den Angaben im Bundesgesetzblatt unter Berücksichtigung erfolgter Änderungen dieser Verordnung,</LA></DD><DT>6.</DT><DD Font="normal"><LA Size="normal">Datum der Ausstellung des Zeugnisses samt Unterschrift der zuständigen Stelle.</LA></DD></DL></P><P><SP>Teil B – Zeugnis mit Prüfungsergebnissen:</SP></P><P>Alle Angaben des Teils A sowie zusätzlich: <DL Font="normal" Type="arabic"><DT>1.</DT><DD Font="normal"><LA Size="normal">Benennung und die Note des Prüfungsteils „Kraftwerkstechnologie“ sowie die Benennung und die jeweilige Bewertung für die vier Prüfungsbereiche dieses Prüfungsteils,</LA></DD><DT>2.</DT><DD Font="normal"><LA Size="normal">Benennung und die Note des Prüfungsteils „Kraftwerksbetrieb“ und die Bewertung für das situationsbezogene Fachgespräch,</LA></DD><DT>3.</DT><DD Font="normal"><LA Size="normal">die errechnete Gesamtpunktzahl für die gesamte Prüfung,</LA></DD><DT>4.</DT><DD Font="normal"><LA Size="normal">die Gesamtnote als Dezimalzahl,</LA></DD><DT>5.</DT><DD Font="normal"><LA Size="normal">die Gesamtnote in Worten,</LA></DD><DT>6.</DT><DD Font="normal"><LA Size="normal">Befreiungen nach § 6.</LA></DD></DL></P></Content></text><fussnoten><Content><P>(+++ Zur Anwendung vgl. §§ 1 u. 3 FortbVenÄndV6AnwV +++)</P></Content></fussnoten></textdaten></norm>
</dokumente>