<?xml version="1.0" encoding="UTF-8" ?><!DOCTYPE dokumente SYSTEM "http://www.gesetze-im-internet.de/dtd/1.01/gii-norm.dtd">
<dokumente builddate="20211216213011" doknr="BJNR518200021"><norm builddate="20211216213011" doknr="BJNR518200021"><metadaten><jurabk>ZertVerwV</jurabk><amtabk>ZertVerwV</amtabk><ausfertigung-datum manuell="ja">2021-12-02</ausfertigung-datum><fundstelle typ="amtlich"><periodikum>BGBl I</periodikum><zitstelle>2021, 5182</zitstelle></fundstelle><kurzue>Zertifizierter-Verwalter-Prüfungsverordnung</kurzue><langue>Verordnung über die Prüfung zum zertifizierten Verwalter nach dem Wohnungseigentumsgesetz</langue></metadaten><textdaten><fussnoten><Content><P><BR/> <pre xml:space="preserve">(+++ Textnachweis ab: 17.12.2021 +++)<BR/><BR/></pre></P></Content></fussnoten></textdaten></norm>
<norm builddate="20211216213011" doknr="BJNR518200021BJNE000100000"><metadaten><jurabk>ZertVerwV</jurabk><enbez>Eingangsformel</enbez></metadaten><textdaten><text format="XML"><Content><P>Auf Grund des § 26a Absatz 2 des Wohnungseigentumsgesetzes in der Fassung der Bekanntmachung vom 12. Januar 2021 (BGBl. I S. 34) verordnet das Bundesministerium der Justiz und für Verbraucherschutz:</P></Content></text></textdaten></norm>
<norm builddate="20211216213011" doknr="BJNR518200021BJNE000200000"><metadaten><jurabk>ZertVerwV</jurabk><enbez>§ 1</enbez><titel format="XML">Gegenstand der Prüfung</titel></metadaten><textdaten><text format="XML"><Content><P>Gegenstand der Prüfung zum zertifizierten Verwalter nach § 26a Absatz 1 des Wohnungseigentumsgesetzes sind die in Anlage 1 aufgeführten Sachgebiete. Hinsichtlich der Sachgebiete aus den Themenbereichen rechtliche Grundlagen (Nummer 2), kaufmännische Grundlagen (Nummer 3) und technische Grundlagen (Nummer 4) sind vertiefte Kenntnisse, hinsichtlich derjenigen aus dem Themenbereich Grundlagen der Immobilienwirtschaft (Nummer 1) lediglich Grundkenntnisse erforderlich.</P></Content></text></textdaten></norm>
<norm builddate="20211216213011" doknr="BJNR518200021BJNE000300000"><metadaten><jurabk>ZertVerwV</jurabk><enbez>§ 2</enbez><titel format="XML">Zuständige Stelle und Prüfungsausschuss</titel></metadaten><textdaten><text format="XML"><Content><P>(1) Die Prüfung kann vor jeder Industrie- und Handelskammer abgelegt werden, die sie anbietet.</P><P>(2) Die Industrie- und Handelskammer richtet mindestens einen Prüfungsausschuss ein, der die Prüfung abnimmt. Mehrere Industrie- und Handelskammern können einen gemeinsamen Prüfungsausschuss einrichten.</P><P>(3) Die Mitglieder des Prüfungsausschusses müssen auf den Prüfungsgebieten sachkundig sein, für die sie zuständig sind. Sie müssen für die Mitwirkung im Prüfungsverfahren geeignet sein.</P></Content></text></textdaten></norm>
<norm builddate="20211216213011" doknr="BJNR518200021BJNE000400000"><metadaten><jurabk>ZertVerwV</jurabk><enbez>§ 3</enbez><titel format="XML">Durchführung der Prüfung</titel></metadaten><textdaten><text format="XML"><Content><P>(1) Die Prüfung setzt sich aus einem schriftlichen und einem mündlichen Teil zusammen. Die Teilnahme am mündlichen Teil der Prüfung setzt das Bestehen des schriftlichen Teils voraus.</P><P>(2) Der schriftliche Teil der Prüfung umfasst die in § 1 aufgeführten Themenbereiche. Sie sind anhand praxisbezogener Aufgaben und in einem ausgewogenen Verhältnis zueinander zu prüfen. Der schriftliche Teil dauert mindestens 90 Minuten. Er kann mit Hilfe unterschiedlicher Medien durchgeführt werden.</P><P>(3) Im mündlichen Teil der Prüfung können bis zu fünf Prüflinge gleichzeitig geprüft werden. Dabei müssen auf jeden Prüfling mindestens 15 Minuten Prüfungszeit entfallen. Der mündliche Teil der Prüfung soll sich zumindest auf Nummer 2.1 der Anlage 1 beziehen.</P></Content></text></textdaten></norm>
<norm builddate="20211216213011" doknr="BJNR518200021BJNE000500000"><metadaten><jurabk>ZertVerwV</jurabk><enbez>§ 4</enbez><titel format="XML">Nichtöffentlichkeit der Prüfung</titel></metadaten><textdaten><text format="XML"><Content><P>(1) Die Prüfung ist nicht öffentlich.</P><P>(2) Bei der Prüfung dürfen die folgenden Personen anwesend sein: <DL Type="arabic"><DT>1.</DT><DD Font="normal"><LA>Mitglieder eines anderen Prüfungsausschusses der Industrie- und Handelskammer,</LA></DD><DT>2.</DT><DD Font="normal"><LA>Vertreter der Industrie- und Handelskammern,</LA></DD><DT>3.</DT><DD Font="normal"><LA>Personen, die beauftragt sind, die Qualität der Prüfungen zu kontrollieren, oder</LA></DD><DT>4.</DT><DD Font="normal"><LA>Personen, die von einer Industrie- und Handelskammer dafür vorgesehen sind, in einen Prüfungsausschuss berufen zu werden.</LA></DD></DL>Die genannten Personen dürfen nicht in die laufende Prüfung eingreifen.</P></Content></text></textdaten></norm>
<norm builddate="20211216213011" doknr="BJNR518200021BJNE000600000"><metadaten><jurabk>ZertVerwV</jurabk><enbez>§ 5</enbez><titel format="XML">Bewertung der Prüfung</titel></metadaten><textdaten><text format="XML"><Content><P>(1) Nach der Prüfung berät der Prüfungsausschuss über das Prüfungsergebnis. Die Personen nach § 4 Absatz 2 dürfen nicht in die Beratung einbezogen werden.</P><P>(2) Die Leistung des Prüflings ist von dem Prüfungsausschuss mit „bestanden“ oder „nicht bestanden“ zu bewerten. Die Prüfung ist mit „bestanden“ zu bewerten, wenn sowohl der schriftliche als auch der mündliche Teil der Prüfung jeweils mit „bestanden“ bewertet worden sind. Der schriftliche Teil der Prüfung ist mit „bestanden“ zu bewerten, wenn der Prüfling in allen Themenbereichen, auf die sich die Prüfung erstreckt, jeweils mindestens 50 Prozent der erreichbaren Punkte erzielt. Der mündliche Teil der Prüfung ist mit <NB>„bestanden“</NB> zu bewerten, wenn der Prüfling mindestens 50 Prozent der erreichbaren Punkte erzielt.</P></Content></text></textdaten></norm>
<norm builddate="20211216213011" doknr="BJNR518200021BJNE000700000"><metadaten><jurabk>ZertVerwV</jurabk><enbez>§ 6</enbez><titel format="XML">Wiederholung der Prüfung und Prüfungsbescheinigung, weitere Einzelheiten des Prüfungsverfahrens</titel></metadaten><textdaten><text format="XML"><Content><P>(1) Die Prüfung darf beliebig oft wiederholt werden.</P><P>(2) Die Industrie- und Handelskammer stellt bei bestandener Prüfung eine Bescheinigung nach Anlage 2 aus. Wurde die Prüfung nicht bestanden, erhält der Prüfling darüber einen Bescheid, in dem er auf die Möglichkeit einer Wiederholung der Prüfung hinzuweisen ist.</P><P>(3) Die Einzelheiten des Prüfungsverfahrens regeln die Industrie- und Handelskammern durch Satzung.<NB>§ 32 Absatz 1</NB> Satz 2 der Gewerbeordnung gilt entsprechend.</P></Content></text></textdaten></norm>
<norm builddate="20211216213011" doknr="BJNR518200021BJNE000800000"><metadaten><jurabk>ZertVerwV</jurabk><enbez>§ 7</enbez><titel format="XML">Befreiung von der Prüfungspflicht</titel></metadaten><textdaten><text format="XML"><Content><P>Einem zertifizierten Verwalter gleichgestellt ist, wer <DL Type="arabic"><DT>1.</DT><DD Font="normal"><LA>die Befähigung zum Richteramt,</LA></DD><DT>2.</DT><DD Font="normal"><LA>eine abgeschlossene Berufsausbildung zur Immobilienkauffrau oder zum Immobilienkaufmann, zur Kauffrau oder zum Kaufmann in der Grundstücks- und Wohnungswirtschaft,</LA></DD><DT>3.</DT><DD Font="normal"><LA>einen anerkannten Abschluss Geprüfter Immobilienfachwirt/Geprüfte Immobilienfachwirtin oder</LA></DD><DT>4.</DT><DD Font="normal"><LA>einen Hochschulabschluss mit immobilienwirtschaftlichem Schwerpunkt</LA></DD></DL>besitzt. Die in Satz 1 genannten Personen dürfen sich als zertifizierte Verwalter bezeichnen.</P></Content></text></textdaten></norm>
<norm builddate="20211216213011" doknr="BJNR518200021BJNE000900000"><metadaten><jurabk>ZertVerwV</jurabk><enbez>§ 8</enbez><titel format="XML">Juristische Personen und Personengesellschaften als zertifizierte Verwalter</titel></metadaten><textdaten><text format="XML"><Content><P>Juristische Personen und Personengesellschaften dürfen sich als zertifizierte Verwalter bezeichnen, wenn die bei ihnen Beschäftigten, die unmittelbar mit Aufgaben der Wohnungseigentumsverwaltung betraut sind, die Prüfung zum zertifizierten Verwalter bestanden haben oder nach § 7 einem zertifizierten Verwalter gleichgestellt sind.</P></Content></text></textdaten></norm>
<norm builddate="20211216213012" doknr="BJNR518200021BJNE001000000"><metadaten><jurabk>ZertVerwV</jurabk><enbez>§ 9</enbez><titel format="XML">Inkrafttreten</titel></metadaten><textdaten><text format="XML"><Content><P>Diese Verordnung tritt am Tag nach der Verkündung in Kraft.</P></Content></text></textdaten></norm>
<norm builddate="20211216213012" doknr="BJNR518200021BJNE001100000"><metadaten><jurabk>ZertVerwV</jurabk><enbez>Schlussformel</enbez></metadaten><textdaten><text format="XML"><Content><P>Der Bundesrat hat zugestimmt.</P></Content></text></textdaten></norm>
<norm builddate="20211216213012" doknr="BJNR518200021BJNE001200000"><metadaten><jurabk>ZertVerwV</jurabk><enbez>Anlage 1</enbez><titel format="XML">(zu § 1 Satz 1)<BR/>Prüfungsgegenstände</titel></metadaten><textdaten><text format="XML"><Content><P><noindex><kommentar typ="Fundstelle">(Fundstelle: BGBl. I 2021, 5184 - 5185)</kommentar></noindex></P><P/><P><DL Font="normal" Indent="11" Type="arabic"><DT>1.</DT><DD Font="normal"><LA Size="normal">Grundlagen der Immobilienwirtschaft</LA></DD><DT>1.1</DT><DD Font="normal"><LA Size="normal">Gebäudepläne, Bauzeichnungen und Baubeschreibungen</LA></DD><DT>1.2</DT><DD Font="normal"><LA Size="normal">Relevante Versicherungsarten im Immobilienbereich</LA></DD><DT>1.3</DT><DD Font="normal"><LA Size="normal">Umwelt- und Energiethemen im Immobilienbereich</LA></DD><DT>2.</DT><DD Font="normal"><LA Size="normal">Rechtliche Grundlagen</LA></DD><DT>2.1</DT><DD Font="normal"><LA Size="normal">Wohnungseigentumsgesetz</LA></DD><DT>2.1.1</DT><DD Font="normal"><LA Size="normal">Begründung von Wohnungs- und Teileigentum</LA></DD><DT>2.1.2</DT><DD Font="normal"><LA Size="normal">Teilungserklärung, Aufteilungsplan und Gemeinschaftsordnung</LA></DD><DT>2.1.3</DT><DD Font="normal"><LA Size="normal">Rechtsfähige Gemeinschaft der Wohnungseigentümer</LA></DD><DT>2.1.4</DT><DD Font="normal"><LA Size="normal">Rechtsverhältnis der Wohnungseigentümer untereinander und zur Gemeinschaft der Wohnungseigentümer</LA></DD><DT>2.1.5</DT><DD Font="normal"><LA Size="normal">Rechte und Pflichten der Wohnungseigentümer</LA></DD><DT>2.1.6</DT><DD Font="normal"><LA Size="normal">Wohnungseigentümerversammlung</LA></DD><DT>2.1.7</DT><DD Font="normal"><LA Size="normal">Bestellung und Abberufung des WEG-Verwalters, Verwaltervertrag</LA></DD><DT>2.1.8</DT><DD Font="normal"><LA Size="normal">Rechte und Pflichten des WEG-Verwalters</LA></DD><DT>2.1.9</DT><DD Font="normal"><LA Size="normal">Rechte des Verwaltungsbeirats</LA></DD><DT>2.2</DT><DD Font="normal"><LA Size="normal">Bürgerliches Gesetzbuch</LA></DD><DT>2.2.1</DT><DD Font="normal"><LA Size="normal">Allgemeines Vertragsrecht</LA></DD><DT>2.2.2</DT><DD Font="normal"><LA Size="normal">Mietrecht</LA></DD><DT>2.2.3</DT><DD Font="normal"><LA Size="normal">Werkvertragsrecht</LA></DD><DT>2.2.4</DT><DD Font="normal"><LA Size="normal">Grundstücksrecht</LA></DD><DT>2.3</DT><DD Font="normal"><LA Size="normal">Grundbuchrecht</LA></DD><DT>2.4</DT><DD Font="normal"><LA Size="normal">Zivilprozess- und Zwangsvollstreckungsrecht</LA></DD><DT>2.5</DT><DD Font="normal"><LA Size="normal">Berufsrecht der Verwalter</LA></DD><DT>2.5.1</DT><DD Font="normal"><LA Size="normal">Gewerbeordnung</LA></DD><DT>2.5.2</DT><DD Font="normal"><LA Size="normal">Makler- und Bauträgerverordnung</LA></DD><DT>2.5.3</DT><DD Font="normal"><LA Size="normal">Rechtsdienstleistungsgesetz</LA></DD><DT>2.6</DT><DD Font="normal"><LA Size="normal">Sonstige Rechtsgrundlagen</LA></DD><DT>2.6.1</DT><DD Font="normal"><LA Size="normal">Heizkostenverordnung</LA></DD><DT>2.6.2</DT><DD Font="normal"><LA Size="normal">Trinkwasserverordnung</LA></DD><DT>2.6.3</DT><DD Font="normal"><LA Size="normal">Energierecht</LA></DD><DT>3.</DT><DD Font="normal"><LA Size="normal">Kaufmännische Grundlagen</LA></DD><DT>3.1</DT><DD Font="normal"><LA Size="normal">Allgemeine kaufmännische Grundlagen</LA></DD><DT>3.1.1</DT><DD Font="normal"><LA Size="normal">Grundzüge ordnungsgemäßer Buchführung</LA></DD><DT>3.1.2</DT><DD Font="normal"><LA Size="normal">Externes und internes Rechnungswesen</LA></DD><DT>3.2</DT><DD Font="normal"><LA Size="normal">Spezielle kaufmännische Grundlagen des WEG-Verwalters</LA></DD><DT>3.2.1</DT><DD Font="normal"><LA Size="normal">Sonderumlagen/Erhaltungsrücklage</LA></DD><DT>3.2.2</DT><DD Font="normal"><LA Size="normal">Erstellung der Jahresabrechnung und des Wirtschaftsplans</LA></DD><DT>3.2.3</DT><DD Font="normal"><LA Size="normal">Hausgeld, Mahnwesen</LA></DD><DT>4.</DT><DD Font="normal"><LA Size="normal">Technische Grundlagen</LA></DD><DT>4.1</DT><DD Font="normal"><LA Size="normal">Baustoffe und Baustofftechnologie</LA></DD><DT>4.2</DT><DD Font="normal"><LA Size="normal">Haustechnik</LA></DD><DT>4.3</DT><DD Font="normal"><LA Size="normal">Erkennen von Mängeln</LA></DD><DT>4.4</DT><DD Font="normal"><LA Size="normal">Verkehrssicherungspflichten</LA></DD><DT>4.5</DT><DD Font="normal"><LA Size="normal">Erhaltungsplanung</LA></DD><DT>4.6</DT><DD Font="normal"><LA Size="normal">Energetische Gebäudesanierung und Modernisierung</LA></DD><DT>4.7</DT><DD Font="normal"><LA Size="normal">Altersgerechte und barrierefreie Umbauten</LA></DD><DT>4.8</DT><DD Font="normal"><LA Size="normal">Fördermitteleinsatz; Beantragung von Fördermitteln</LA></DD><DT>4.9</DT><DD Font="normal"><LA Size="normal">Dokumentation</LA></DD></DL></P></Content></text></textdaten></norm>
<norm builddate="20211216213012" doknr="BJNR518200021BJNE001300000"><metadaten><jurabk>ZertVerwV</jurabk><enbez>Anlage 2</enbez><titel format="XML">(zu § 6 Absatz 2 Satz 1)<BR/>Zertifikat über die erfolgreiche Ablegung einer Prüfung nach § 26a des Wohnungseigentumsgesetzes</titel></metadaten><textdaten><text format="XML"><Content><P><noindex><kommentar typ="Fundstelle">(Fundstelle: BGBl. I 2021, 5186)</kommentar></noindex></P><P/><table MarginT="1" colsep="1" frame="none" rowsep="1" tocentry="%yes;"><tgroup align="left" char="" charoff="50" cols="3"><colspec colname="col1" colsep="0" colwidth="487.82pt"/><colspec align="center" colname="col2" colsep="0" colwidth="214.88pt"/><colspec colname="col3" colwidth="178.74pt"/><thead valign="bottom"><row rowsep="0"><entry VJ="1" align="justify" colname="col1" valign="top"/><entry VJ="1" align="center" colname="col2" valign="middle">(Name, Vorname)</entry><entry VJ="1" align="center" colname="col3" valign="middle"/></row></thead><tbody valign="top"><row rowsep="0"><entry VJ="1" colname="col1">geboren am</entry><entry VJ="1" align="left" colname="col2">in</entry><entry VJ="1" colname="col3"/></row><row rowsep="0"><entry VJ="1" colname="col1">wohnhaft in</entry><entry VJ="1" colname="col2"/><entry VJ="1" colname="col3"/></row><row><entry VJ="1" colname="col1" rowsep="0">hat am</entry><entry VJ="1" colname="col2" rowsep="0"/><entry VJ="1" colname="col3" rowsep="0"/></row><row><entry VJ="1" rowsep="0">vor der Industrie- und Handelskammer …</entry><entry VJ="1" rowsep="0"/><entry VJ="1" rowsep="0"/></row><row><entry VJ="1" rowsep="0">die Prüfung zum zertifizierten Verwalter erfolgreich abgelegt.</entry><entry VJ="1" rowsep="0"/><entry VJ="1" rowsep="0"/></row><row><entry VJ="1" rowsep="0"/><entry VJ="1" rowsep="0"/><entry VJ="1" rowsep="0"/></row><row><entry VJ="1" rowsep="0"/><entry VJ="1" rowsep="0">(Stempel/Siegel)</entry><entry VJ="1" rowsep="0"/></row><row><entry VJ="1" align="right">(Ort und Datum)</entry><entry VJ="1"/><entry VJ="1">(Unterschrift)</entry></row></tbody></tgroup></table></Content></text></textdaten></norm>
</dokumente>