<?xml version="1.0" encoding="UTF-8" ?><!DOCTYPE dokumente SYSTEM "http://www.gesetze-im-internet.de/dtd/1.01/gii-norm.dtd">
<dokumente builddate="20171108221555" doknr="BJNR187800017"><norm builddate="20171108221555" doknr="BJNR187800017"><metadaten><jurabk>Münz20EuroBek 2017-06-15</jurabk><ausfertigung-datum manuell="ja">2017-06-15</ausfertigung-datum><fundstelle typ="amtlich"><periodikum>BGBl I</periodikum><zitstelle>2017, 1878</zitstelle></fundstelle><langue>Bekanntmachung über die Ausprägung von deutschen Euro-Gedenkmünzen im Nennwert von 20 Euro (Gedenkmünze „Laufmaschine von Karl Drais 1817“)</langue></metadaten><textdaten><fussnoten><Content><P><BR/> <pre xml:space="preserve">(+++ Textnachweis ab: 24.6.2017 +++)<BR/><BR/></pre></P></Content></fussnoten></textdaten></norm>
<norm builddate="20171108221555" doknr="BJNR187800017BJNE000100000"><metadaten><jurabk>Münz20EuroBek 2017-06-15</jurabk><enbez>(XXXX)</enbez></metadaten><textdaten><text format="XML"><Content><P>Gemäß den §§ 2, 4 und 5 des Münzgesetzes vom 16. Dezember 1999 (BGBl. I S. 2402) hat die Bundesregierung beschlossen, eine 20-Euro-Gedenkmünze „Laufmaschine von Karl Drais 1817“ prägen zu lassen. Mit der Laufmaschine (oder Draisine) wurde zum ersten Mal das Zweiradprinzip, die Bewegung eines Fahrzeugs mit zwei Rädern auf einer Spur, verwirklicht.</P><P>Die Auflage der Münze beträgt ca. 1,2 Millionen Stück, davon ca. 0,2 Millionen Stück in Spiegelglanzqualität. Die Prägung erfolgt durch die Staatlichen Münzen Baden-Württemberg, Prägestätte Karlsruhe (Prägezeichen G).</P><P>Die Münze wird ab dem 13. Juli 2017 in den Verkehr gebracht. Sie besteht aus einer Legierung von 925 Tausendteilen Silber und 75 Tausendteilen Kupfer, hat einen Durchmesser von 32,5 Millimetern und eine Masse von 18 Gramm. Das Gepräge auf beiden Seiten ist erhaben und wird von einem schützenden, glatten Randstab umgeben.</P><P>Die Bildseite zeigt die Laufmaschine von Karl Drais in ihrer Anwendung durch einen Draisinenreiter.</P><P>Die Wertseite zeigt einen Adler, den Schriftzug „BUNDESREPUBLIK DEUTSCHLAND“, Wertziffer und Wertbezeichnung, das Prägezeichen „G“ der Staatlichen Münzen Baden-Württemberg, Prägestätte Karlsruhe, die Jahreszahl 2017 sowie die zwölf Europasterne. Zusätzlich ist die Angabe „SILBER 925“ aufgeprägt.</P><P>Der glatte Münzrand enthält in vertiefter Prägung die Inschrift: <table colsep="0" frame="none" pgwide="0" rowsep="0" tocentry="%yes;"><tgroup align="left" char="" charoff="50" cols="1"><colspec colname="col1"/><tbody valign="top"><row><entry VJ="1" align="center" colname="col1">„200 JAHRE ZWEIRADPRINZIP“.</entry></row></tbody></tgroup></table></P><P>Der Entwurf der Münze stammt von dem Künstler Friedrich Brenner aus Diedorf.</P></Content></text></textdaten></norm>
<norm builddate="20171108221555" doknr="BJNR187800017BJNE000200000"><metadaten><jurabk>Münz20EuroBek 2017-06-15</jurabk><enbez>Schlussformel</enbez></metadaten><textdaten><text format="XML"><Content><P><SP>Der Bundesminister der Finanzen</SP></P></Content></text></textdaten></norm>
<norm builddate="20171108221555" doknr="BJNR187800017BJNE000300000"><metadaten><jurabk>Münz20EuroBek 2017-06-15</jurabk><enbez>(XXXX)</enbez></metadaten><textdaten><text format="XML"><Content><P><noindex><kommentar typ="Fundstelle">(Fundstelle: BGBl. I 2017, 1878)</kommentar></noindex></P><BR/><table colsep="0" frame="none" pgwide="1" rowsep="0" tocentry="%yes;"><tgroup align="left" char="" charoff="50" cols="2"><colspec align="left" colname="col1" colwidth="82*"/><colspec align="right" colname="col2" colwidth="82*"/><tbody valign="top"><row><entry VJ="1" colname="col1"><IMG Align="center" Height="204" Pos="inline" SRC="bgbl1_2017_j1878-1_0010.jpg" Type="jpg" Units="72" Width="210" alt=""/></entry><entry VJ="1" colname="col2"><IMG Align="center" Height="204" Pos="inline" SRC="bgbl1_2017_j1878-1_0020.jpg" Type="jpg" Units="72" Width="210" alt=""/></entry></row></tbody></tgroup></table></Content></text></textdaten></norm>
</dokumente>