<?xml version="1.0" encoding="UTF-8" ?><!DOCTYPE dokumente SYSTEM "http://www.gesetze-im-internet.de/dtd/1.01/gii-norm.dtd">
<dokumente builddate="20221020213505" doknr="BJNR004700978"><norm builddate="20221020213505" doknr="BJNR004700978"><metadaten><jurabk>FRG§15VÄndV 4</jurabk><ausfertigung-datum manuell="ja">1978-04-10</ausfertigung-datum><fundstelle typ="amtlich"><periodikum>BGBl I</periodikum><zitstelle>1978, 470</zitstelle></fundstelle><langue>Vierte Verordnung zur Änderung der Verordnung über die Anerkennung von
Systemen und Einrichtungen der sozialen Sicherheit als gesetzliche
Rentenversicherungen</langue></metadaten><textdaten><text format="XML"><Content><P/></Content></text><fussnoten><Content><P>(+++ Textnachweis ab:  1. 4.1978 +++)</P></Content></fussnoten></textdaten></norm>
<norm builddate="20221020213505" doknr="BJNR004700978BJNE000100312"><metadaten><jurabk>FRG§15VÄndV 4</jurabk><enbez>Eingangsformel</enbez></metadaten><textdaten><text format="XML"><Content><P>Auf Grund des § 15 Abs. 3 des Fremdrentengesetzes in der im Bundesgesetzblatt Teil III, Gliederungsnummer 824-2, veröffentlichten bereinigten Fassung, verordnet die Bundesregierung mit Zustimmung des Bundesrates:</P></Content></text></textdaten></norm>
<norm builddate="20221020213505" doknr="BJNR004700978BJNE000200312"><metadaten><jurabk>FRG§15VÄndV 4</jurabk><enbez>§ 1</enbez></metadaten><textdaten><text format="XML"><Content><P>-</P></Content></text><fussnoten/></textdaten></norm>
<norm builddate="20221020213505" doknr="BJNR004700978BJNE000300312"><metadaten><jurabk>FRG§15VÄndV 4</jurabk><enbez>§ 2</enbez></metadaten><textdaten><text format="XML"><Content><P>(1) Die Anerkennung des Systems der jugoslawischen Rechtsanwaltsversicherung nach § 1 Nr. 4 der Verordnung über die Anerkennung von Systemen und Einrichtungen der sozialen Sicherheit als gesetzliche Rentenversicherungen gilt, soweit Träger der Versicherung der Pensionsfonds der Rechtsanwaltkammer Belgrad oder Zagreb war, auch in vor Inkrafttreten dieser Verordnung eingetretenen Versicherungsfällen für alle in diesen Einrichtungen zurückgelegten Versicherungszeiten.</P><P>(2) Leistungen sind frühestens für Zeiten vom Inkrafttreten der Verordnung an zu gewähren.</P></Content> </text></textdaten></norm>
<norm builddate="20221020213505" doknr="BJNR004700978BJNE000400312"><metadaten><jurabk>FRG§15VÄndV 4</jurabk><enbez>§ 3</enbez></metadaten><textdaten><text format="XML"><Content><P>Diese Verordnung gilt nach § 14 des Dritten Überleitungsgesetzes in Verbindung mit Artikel 7 § 1 des Fremdrenten- und Auslandsrenten-Neuregelungsgesetzes auch im Land Berlin.</P></Content></text></textdaten></norm>
<norm builddate="20221020213505" doknr="BJNR004700978BJNE000500312"><metadaten><jurabk>FRG§15VÄndV 4</jurabk><enbez>§ 4</enbez></metadaten><textdaten><text format="XML"><Content><P>Diese Verordnung tritt mit Wirkung vom 1. April 1978 in Kraft.</P></Content></text></textdaten></norm>
<norm builddate="20221020213505" doknr="BJNR004700978BJNE000600312"><metadaten><jurabk>FRG§15VÄndV 4</jurabk><enbez>Schlußformel</enbez></metadaten><textdaten><text format="XML"><Content><P><SP>Der Bundesminister für Arbeit und Sozialordnung</SP></P></Content></text></textdaten></norm>
</dokumente>