<?xml version="1.0" encoding="UTF-8" ?><!DOCTYPE dokumente SYSTEM "http://www.gesetze-im-internet.de/dtd/1.01/gii-norm.dtd">
<dokumente builddate="20150702224530" doknr="BJNR091400015"><norm builddate="20150702224530" doknr="BJNR091400015"><metadaten><jurabk>BBiG2005§73AnO 2015-06</jurabk><ausfertigung-datum manuell="ja">2015-06-03</ausfertigung-datum><fundstelle typ="amtlich"><periodikum>BGBl I</periodikum><zitstelle>2015, 914</zitstelle></fundstelle><langue>Anordnung über die Bestimmung der zuständigen Stelle nach § 73 des Berufsbildungsgesetzes</langue></metadaten><textdaten><fussnoten><Content><P><BR/> <pre xml:space="preserve">(+++ Textnachweis ab: 12.6.2015 +++)<BR/><BR/></pre></P></Content></fussnoten></textdaten></norm>
<norm builddate="20150702224530" doknr="BJNR091400015BJNE000100000"><metadaten><jurabk>BBiG2005§73AnO 2015-06</jurabk><enbez>Eingangsformel</enbez></metadaten><textdaten><text format="XML"><Content><P>Nach § 73 Absatz 1 Nummer 2 des Berufsbildungsgesetzes vom 23. März 2005 (BGBl. I S. 931) in Verbindung mit § 57 Absatz 1 des Pflanzenschutzgesetzes vom 6. Februar 2012 (BGBl. I S. 148, 1281) bestimmt das Bundesministerium für Ernährung und Landwirtschaft:</P></Content></text></textdaten></norm>
<norm builddate="20150702224530" doknr="BJNR091400015BJNE000200000"><metadaten><jurabk>BBiG2005§73AnO 2015-06</jurabk><enbez>§ 1</enbez></metadaten><textdaten><text format="XML"><Content><P>Zuständige Stelle für die Berufsausbildungsverhältnisse beim Julius Kühn-Institut in dem anerkannten Ausbildungsberuf „Kaufmann für Büromanagement und Kauffrau für Büromanagement“ ist die Industrie- und Handelskammer.</P></Content></text></textdaten></norm>
<norm builddate="20150702224530" doknr="BJNR091400015BJNE000300000"><metadaten><jurabk>BBiG2005§73AnO 2015-06</jurabk><enbez>§ 2</enbez></metadaten><textdaten><text format="XML"><Content><P>Diese Anordnung tritt am Tag nach der Bekanntmachung in Kraft.</P></Content></text></textdaten></norm>
</dokumente>