<?xml version="1.0" encoding="UTF-8" ?><!DOCTYPE dokumente SYSTEM "http://www.gesetze-im-internet.de/dtd/1.01/gii-norm.dtd">
<dokumente builddate="20220331213022" doknr="BJNR013000015"><norm builddate="20220331213022" doknr="BJNR013000015"><metadaten><jurabk>AGebV</jurabk><amtabk>AGebV</amtabk><ausfertigung-datum manuell="ja">2015-02-11</ausfertigung-datum><fundstelle typ="amtlich"><periodikum>BGBl I</periodikum><zitstelle>2015, 130</zitstelle></fundstelle><langue>Allgemeine Gebührenverordnung</langue><standangabe checked="ja"><standtyp>Stand</standtyp><standkommentar>Zuletzt geändert durch Art. 1 V v. 11.2.2021 I 204</standkommentar></standangabe></metadaten><textdaten><fussnoten><Content><P><BR/> <pre xml:space="preserve">(+++ Textnachweis ab: 20.2.2015 +++)<BR/> <BR/>(+++ Anlage 1 Teil A Abschn. 1 Nr. 1: Zur Anwendung vgl. § 1 Abs. 3 HkNGebV +++)</pre></P></Content></fussnoten></textdaten></norm>
<norm builddate="20220331213022" doknr="BJNR013000015BJNE000100000"><metadaten><jurabk>AGebV</jurabk><enbez>Eingangsformel</enbez></metadaten><textdaten><text format="XML"><Content><P>Auf Grund des § 22 Absatz 3 des Bundesgebührengesetzes vom 7. August 2013 (BGBl. I S. 3154) verordnet die Bundesregierung:</P></Content></text></textdaten></norm>
<norm builddate="20220331213022" doknr="BJNR013000015BJNG000100000"><metadaten><jurabk>AGebV</jurabk><gliederungseinheit><gliederungskennzahl>010</gliederungskennzahl><gliederungsbez>Abschnitt 1</gliederungsbez><gliederungstitel>Allgemeines</gliederungstitel></gliederungseinheit></metadaten><textdaten/></norm>
<norm builddate="20220331213022" doknr="BJNR013000015BJNE000200000"><metadaten><jurabk>AGebV</jurabk><enbez>§ 1</enbez><titel format="XML">Regelungsgegenstand</titel></metadaten><textdaten><text format="XML"><Content><P>Gegenstand dieser Verordnung sind für individuell zurechenbare öffentliche Leistungen (gebührenfähige Leistungen) im Anwendungsbereich des Bundesgebührengesetzes: <DL Type="arabic"><DT>1.</DT><DD Font="normal"><LA>Vorgaben zur Ermittlung der kostendeckenden Gebühr nach § 9 Absatz 1 des Bundesgebührengesetzes einschließlich der Bemessung von Zeitgebühren,</LA></DD><DT>2.</DT><DD Font="normal"><LA>die Festlegung von Gebühren für Beglaubigungen.</LA></DD></DL></P></Content></text></textdaten></norm>
<norm builddate="20220331213022" doknr="BJNR013000015BJNG000200000"><metadaten><jurabk>AGebV</jurabk><gliederungseinheit><gliederungskennzahl>020</gliederungskennzahl><gliederungsbez>Abschnitt 2</gliederungsbez><gliederungstitel>Ermittlung der kostendeckenden Gebühr</gliederungstitel></gliederungseinheit></metadaten><textdaten/></norm>
<norm builddate="20220331213022" doknr="BJNR013000015BJNE000300000"><metadaten><jurabk>AGebV</jurabk><enbez>§ 2</enbez><titel format="XML">Grundsätze</titel></metadaten><textdaten><text format="XML"><Content><P>(1) Die kostendeckende Gebühr muss diejenigen durchschnittlichen Kosten aller an der Leistungserbringung beteiligten öffentlichen Stellen decken, die <DL Type="arabic"><DT>1.</DT><DD Font="normal"><LA>mit der gebührenfähigen Leistung verbunden sind und</LA></DD><DT>2.</DT><DD Font="normal"><LA>nach betriebswirtschaftlichen Grundsätzen ansatzfähig sind.</LA></DD></DL></P><P>(2) Die Gebührenberechnung soll dem Handbuch zur Kosten- und Leistungsrechnung in der Bundesverwaltung (GMBl 2013 S. 1235) entsprechen. Die Regelungen der §§ 3 bis 8 gehen vor.</P><P>(3) Die Regelungen zur Ermittlung der kostendeckenden Gebühr bilden die Grundlage für die Regelungen in den Besonderen Gebührenverordnungen nach § 22 Absatz 4 Satz 1 des Bundesgebührengesetzes.</P></Content></text></textdaten></norm>
<norm builddate="20220331213022" doknr="BJNR013000015BJNE000400000"><metadaten><jurabk>AGebV</jurabk><enbez>§ 3</enbez><titel format="XML">Kosten der gebührenfähigen Leistung</titel></metadaten><textdaten><text format="XML"><Content><P>(1) Mit der gebührenfähigen Leistung verbunden sind die Kosten für Tätigkeiten und Prozesse, die für die Leistungserbringung notwendig sind und <DL Type="arabic"><DT>1.</DT><DD Font="normal"><LA>durch die Leistungserbringung selbst verursacht werden oder</LA></DD><DT>2.</DT><DD Font="normal"><LA>durch Neben- und Zusatzleistungen verursacht werden, die mit der eigentlichen Leistungserbringung in einem ausreichend engen Sachzusammenhang stehen.</LA></DD></DL></P><P>(2) Insbesondere folgende Kosten nach Absatz 1 Nummer 2 werden als Gemeinkosten anteilig erfasst: <DL Type="arabic"><DT>1.</DT><DD Font="normal"><LA>Kosten für die Leitung,</LA></DD><DT>2.</DT><DD Font="normal"><LA>Kosten für die Bereitstellung und Bereithaltung der allgemeinen Verwaltungsbereiche,</LA></DD><DT>3.</DT><DD Font="normal"><LA>Kosten für die Rechts- und Fachaufsicht sowie</LA></DD><DT>4.</DT><DD Font="normal"><LA>Kosten für sonstige Bereiche, die die Leistungserbringung vorbereiten, nachbereiten oder sonst unterstützen.</LA></DD></DL></P></Content></text></textdaten></norm>
<norm builddate="20220331213022" doknr="BJNR013000015BJNE000500000"><metadaten><jurabk>AGebV</jurabk><enbez>§ 4</enbez><titel format="XML">Pauschalierung und Typisierung</titel></metadaten><textdaten><text format="XML"><Content><P>Lassen sich die Kosten nach § 3 nicht oder nur mit einem unverhältnismäßig großen Aufwand ermitteln, können sie unter Anwendung pauschalierender und typisierender Maßstäbe näherungsweise ermittelt werden.</P></Content></text></textdaten></norm>
<norm builddate="20220331213022" doknr="BJNR013000015BJNE000600000"><metadaten><jurabk>AGebV</jurabk><enbez>§ 5</enbez><titel format="XML">Berücksichtigung der Auslagen</titel></metadaten><textdaten><text format="XML"><Content><P>(1) Soweit Auslagen in die Ermittlung der Gebühren einzubeziehen sind, können sie eingerechnet werden in: <DL Type="arabic"><DT>1.</DT><DD Font="normal"><LA>die allgemeinen pauschalen Stundensätze nach Anlage 1,</LA></DD><DT>2.</DT><DD Font="normal"><LA>die besonderen pauschalen Stundensätze nach Anlage 2 oder</LA></DD><DT>3.</DT><DD Font="normal"><LA>die Kosten, die durch eine Kosten-und-Leistungs-Rechnung ermittelt worden sind.</LA></DD></DL></P><P>(2) Haben die einzubeziehenden Auslagen keinen ausreichenden Bezug zur Anzahl der geleisteten Stunden oder fallen sie für die gebührenfähige Leistung nur einmal an, so sind sie zu dem Bestandteil der kostendeckenden Gebühr, der sich aus den Stundensätzen ergibt, hinzuzurechnen.</P><P>(3) Soweit Auslagen gesondert abzurechnen sind, dürfen sie nicht in die kostendeckende Gebühr einbezogen werden.</P></Content></text></textdaten></norm>
<norm builddate="20220331213022" doknr="BJNR013000015BJNE000700000"><metadaten><jurabk>AGebV</jurabk><enbez>§ 6</enbez><titel format="XML">Gegenstand der Kostenermittlung</titel></metadaten><textdaten><text format="XML"><Content><P>(1) Gegenstand der Ermittlung der durchschnittlichen Kosten ist ausschließlich die unter den Gebührentatbestand fallende gebührenfähige Leistung. Mehrere sachlich zusammenhängende gebührenfähige Leistungen können zu einem einheitlichen Gebührentatbestand zusammengefasst werden.</P><P>(2) Folgende Kosten dürfen bei der Gebührenkalkulation nicht berücksichtigt werden: <DL Type="arabic"><DT>1.</DT><DD Font="normal"><LA>Kosten, die bereits in Kostenpositionen der zu berechnenden oder einer anderen gebührenfähigen Leistung enthalten sind,</LA></DD><DT>2.</DT><DD Font="normal"><LA>Kosten für eine andere nicht gebührenfähige Leistung,</LA></DD><DT>3.</DT><DD Font="normal"><LA>Kosten in Form von Mindereinnahmen, die durch eine Gebührenbefreiung oder -ermäßigung entstehen,</LA></DD><DT>4.</DT><DD Font="normal"><LA>Kosten in Form von Mindereinnahmen, die durch eine nicht fristgerechte oder nicht erfolgte Zahlung, insbesondere durch eine Stundung oder einen Erlass, entstehen.</LA></DD></DL></P></Content></text></textdaten></norm>
<norm builddate="20220331213022" doknr="BJNR013000015BJNE000802116"><metadaten><jurabk>AGebV</jurabk><enbez>§ 7</enbez><titel format="XML">Kalkulatorische Kosten</titel></metadaten><textdaten><text format="XML"><Content><P>(1) Als kalkulatorische Kosten sind ausschließlich die folgenden Kosten ansatzfähig: <DL Font="normal" Type="arabic"><DT>1.</DT><DD Font="normal"><LA Size="normal">kalkulatorische Versorgungszuschläge,</LA></DD><DT>2.</DT><DD Font="normal"><LA Size="normal">kalkulatorische Abschreibungen,</LA></DD><DT>3.</DT><DD Font="normal"><LA Size="normal">kalkulatorische Zinsen,</LA></DD><DT>4.</DT><DD Font="normal"><LA Size="normal">kalkulatorische Mieten,</LA></DD><DT>5.</DT><DD Font="normal"><LA Size="normal">kalkulatorische Wagnisse.</LA></DD></DL></P><P>(2) Die Versorgungskosten für Beamtinnen und Beamte sind ausschließlich als kalkulatorischer Versorgungszuschlag anzusetzen. Der Zuschlag ist auf die Durchschnittsbezüge der Beamtinnen und Beamten anzusetzen, und zwar in folgender Höhe: <DL Font="normal" Type="arabic"><DT>1.</DT><DD Font="normal"><LA Size="normal">27,9 Prozent für den einfachen und den mittleren Dienst,</LA></DD><DT>2.</DT><DD Font="normal"><LA Size="normal">29,3 Prozent für den gehobenen Dienst,</LA></DD><DT>3.</DT><DD Font="normal"><LA Size="normal">36,9 Prozent für den höheren Dienst.</LA></DD></DL>Abweichend von Satz 2 ist der Zuschlag auf die Durchschnittsbezüge der Polizeivollzugsbeamtinnen und Polizeivollzugsbeamten in Höhe von 32,6 Prozent anzusetzen.</P><P>(3) Der Berechnung der kalkulatorischen Abschreibungen sind die Anschaffungs- und Herstellungskosten oder die Wiederbeschaffungszeitwerte zugrunde zu legen.</P><P>(4) Der kalkulatorische Zinssatz für die Verzinsung des gebundenen Kapitals wird vom Bundesministerium der Finanzen festgesetzt. Er wird vom Bundesministerium des Innern, für Bau und Heimat im Bundesanzeiger bekannt gemacht.</P><P>(5) Bei Ansatz einer kalkulatorischen Miete dürfen bezüglich desselben Sachverhalts keine kalkulatorischen Abschreibungen, keine kalkulatorischen Zinsen und keine kalkulatorischen Wagnisse berücksichtigt werden. Auch darf die kalkulatorische Miete keinen Unternehmergewinn enthalten.</P><P>(6) Nicht als kalkulatorisches Wagnis ansatzfähig ist der Ausfall von Gebührenforderungen.</P></Content></text><fussnoten/></textdaten></norm>
<norm builddate="20220331213022" doknr="BJNR013000015BJNE000900000"><metadaten><jurabk>AGebV</jurabk><enbez>§ 8</enbez><titel format="XML">Verteilung der Gemeinkosten</titel></metadaten><textdaten><text format="XML"><Content><P>(1) Für die Verteilung der Gemeinkosten sind sachgerechte Maßstäbe anzuwenden, die an den für die gebührenfähige Leistung erforderlichen Zeit-, Personal- oder Sachaufwand anknüpfen sollen.</P><P>(2) Ist eine Verteilung der Gemeinkosten nicht oder nur mit einem unverhältnismäßig großen Aufwand möglich, so werden sie mit einem angemessenen prozentualen Zuschlag auf die Einzelkosten angesetzt.</P></Content></text></textdaten></norm>
<norm builddate="20220331213022" doknr="BJNR013000015BJNE001000000"><metadaten><jurabk>AGebV</jurabk><enbez>§ 9</enbez><titel format="XML">Festgebühr</titel></metadaten><textdaten><text format="XML"><Content><P>(1) Die Festgebühr ist wie folgt zu berechnen: <DL Type="arabic"><DT>1.</DT><DD Font="normal"><LA>nach dem Zeitaufwand, der für die Erbringung der gebührenfähigen Leistung durchschnittlich erforderlich ist, auf der Grundlage <DL Type="alpha"><DT>a)</DT><DD Font="normal"><LA>der allgemeinen pauschalen Stundensätze nach Anlage 1 oder</LA></DD><DT>b)</DT><DD Font="normal"><LA>der besonderen pauschalen Stundensätze nach Anlage 2 oder</LA></DD></DL></LA></DD><DT>2.</DT><DD Font="normal"><LA>auf der Grundlage der Kosten, die durch eine Kosten-und-Leistungs-Rechnung ermittelt worden sind.</LA></DD></DL></P><P>(2) Die Berechnungsmethoden können miteinander kombiniert werden.</P></Content></text></textdaten></norm>
<norm builddate="20220331213022" doknr="BJNR013000015BJNE001101116"><metadaten><jurabk>AGebV</jurabk><enbez>§ 10</enbez><titel format="XML">Zeitgebühr</titel></metadaten><textdaten><text format="XML"><Content><P>(1) Die Zeitgebühr ist nach dem Zeitaufwand, der für die Erbringung der gebührenfähigen Leistung im Einzelfall erforderlich ist, zu bestimmen.</P><P>(2) Der Berechnung der Zeitgebühr sind folgende Stundensätze zugrunde zu legen: <DL Font="normal" Type="arabic"><DT>1.</DT><DD Font="normal"><LA Size="normal">die allgemeinen pauschalen Stundensätze nach Anlage 1,</LA></DD><DT>2.</DT><DD Font="normal"><LA Size="normal">die besonderen pauschalen Stundensätze nach Anlage 2 oder</LA></DD><DT>3.</DT><DD Font="normal"><LA Size="normal">die Stundensätze, die durch eine Kosten-und-Leistungs-Rechnung ermittelt worden sind.</LA></DD></DL></P><P>(3) Die Berechnungsmethoden können miteinander kombiniert werden.</P><P>(4) Bei der Festsetzung einer Zeitgebühr ist für jede angefangene Viertelstunde ein Viertel des jeweiligen Stundensatzes anzusetzen.</P></Content></text><fussnoten/></textdaten></norm>
<norm builddate="20220331213022" doknr="BJNR013000015BJNE001200000"><metadaten><jurabk>AGebV</jurabk><enbez>§ 11</enbez><titel format="XML">Rahmengebühr</titel></metadaten><textdaten><text format="XML"><Content><P>Die Unter- und die Obergrenze der Rahmengebühr ergeben sich <DL Type="arabic"><DT>1.</DT><DD Font="normal"><LA>durch Multiplikation des für die gebührenfähige Leistung ermittelten <DL Type="alpha"><DT>a)</DT><DD Font="normal"><LA>niedrigsten Stundensatzes mit dem niedrigsten Zeitaufwand, der für die Erbringung der gebührenfähigen Leistung durchschnittlich erforderlich ist, und</LA></DD><DT>b)</DT><DD Font="normal"><LA>höchsten Stundensatzes mit dem höchsten Zeitaufwand, der für die Erbringung der gebührenfähigen Leistung durchschnittlich erforderlich ist, oder</LA></DD></DL></LA></DD><DT>2.</DT><DD Font="normal"><LA>aus den durch eine Kosten-und-Leistungs-Rechnung ermittelten niedrigsten und höchsten Kosten.</LA></DD></DL>Für die Ermittlung der Stundensätze nach Satz 1 Nummer 1 gilt § 9 entsprechend.</P></Content></text></textdaten></norm>
<norm builddate="20220331213022" doknr="BJNR013000015BJNG000300000"><metadaten><jurabk>AGebV</jurabk><gliederungseinheit><gliederungskennzahl>030</gliederungskennzahl><gliederungsbez>Abschnitt 3</gliederungsbez><gliederungstitel>Einheitliche Gebühren</gliederungstitel></gliederungseinheit></metadaten><textdaten/></norm>
<norm builddate="20220331213022" doknr="BJNR013000015BJNE001304116"><metadaten><jurabk>AGebV</jurabk><enbez>§ 12</enbez><titel format="XML">Gebühren für Beglaubigungen</titel></metadaten><textdaten><text format="XML"><Content><P>(1) Die Gebühr beträgt 11,20 Euro je Beglaubigungsvermerk für die Beglaubigung von <DL Font="normal" Type="arabic"><DT>1.</DT><DD Font="normal"><LA Size="normal">durch die beglaubigende Behörde selbst hergestellten <DL Font="normal" Type="alpha"><DT>a)</DT><DD Font="normal"><LA Size="normal">elektronischen oder nichtelektronischen Kopien,</LA></DD><DT>b)</DT><DD Font="normal"><LA Size="normal">Ausdrucken elektronischer Dokumente,</LA></DD></DL></LA></DD><DT>2.</DT><DD Font="normal"><LA Size="normal">elektronischen Dokumenten, die die beglaubigende Behörde zur Abbildung eines Schriftstücks selbst hergestellt hat,</LA></DD><DT>3.</DT><DD Font="normal"><LA Size="normal">Unterschriften und Handzeichen.</LA></DD></DL></P><P>(2) Absatz 1 gilt nicht für die Vertretungen des Bundes im Ausland.</P></Content></text><fussnoten/></textdaten></norm>
<norm builddate="20220331213022" doknr="BJNR013000015BJNG000400000"><metadaten><jurabk>AGebV</jurabk><gliederungseinheit><gliederungskennzahl>040</gliederungskennzahl><gliederungsbez>Abschnitt 4</gliederungsbez><gliederungstitel>Inkrafttreten</gliederungstitel></gliederungseinheit></metadaten><textdaten/></norm>
<norm builddate="20220331213022" doknr="BJNR013000015BJNE001400000"><metadaten><jurabk>AGebV</jurabk><enbez>§ 13</enbez><titel format="XML">Inkrafttreten</titel></metadaten><textdaten><text format="XML"><Content><P>Diese Verordnung tritt am Tag nach der Verkündung in Kraft.</P></Content></text></textdaten></norm>
<norm builddate="20220331213022" doknr="BJNR013000015BJNE001504116"><metadaten><jurabk>AGebV</jurabk><enbez>Anlage 1</enbez><titel format="XML">(zu § 5 Absatz 1 Nummer 1, § 9 Absatz 1 Nummer 1 Buchstabe a und § 10 Absatz 2 Nummer 1)</titel></metadaten><textdaten><text format="XML"><Content><P><noindex><kommentar typ="Fundstelle">(Fundstelle: BGBl. I 2021, 204 – 210)</kommentar></noindex></P><BR/><BR/><Title Align="auto">Teil A<BR/> Allgemeine pauschale Stundensätze<BR/> (Pauschalsätze der Kosten eines Standardarbeitsplatzes in der Bundesverwaltung)</Title><BR/><BR/><P><table colsep="1" frame="all" pgwide="1" rowsep="1" tocentry="%yes;"><tgroup align="left" char="" charoff="50" cols="3"><colspec align="justify" colname="col1" colwidth="93*"/><colspec colname="col2" colwidth="31*"/><colspec align="char" colname="col3" colwidth="31*"/><thead valign="bottom"><row><entry VJ="1" align="center" colname="col1" valign="middle">Kostenblock</entry><entry VJ="1" colname="col2"/><entry VJ="1" align="center" colname="col3" valign="middle">Stundensatz<BR/> in Euro</entry></row></thead><tbody valign="top"><row><entry VJ="1" nameend="col3" namest="col1"><B><SP>Abschnitt 1<BR/> Personaleinzel- und Sacheinzelkosten</SP></B></entry></row><row><entry VJ="1" nameend="col3" namest="col1"><B>1. mit Gemeinkostenzuschlag</B></entry></row><row><entry VJ="1" colname="col1" morerows="4">Wenn Dienstreisen als Auslage abzurechnen sind, muss der Stundensatz um 0,90 Euro gekürzt werden.<BR/> Wenn Sachverständige als Auslage abzurechnen sind, muss der Stundensatz um 0,09 Euro gekürzt werden.</entry><entry VJ="1" nameend="col3" namest="col2"><B>Verwaltungsbeschäftigte</B></entry></row><row><entry VJ="1" colname="col2">einfacher Dienst/Gruppe E 2 bis E 4</entry><entry VJ="1" colname="col3">50,73</entry></row><row><entry VJ="1" colname="col2">mittlerer Dienst/Gruppe E 5 bis E 9a</entry><entry VJ="1" colname="col3">59,42</entry></row><row><entry VJ="1" colname="col2">gehobener Dienst/Gruppe E 9b<BR/> bis E 12</entry><entry VJ="1" colname="col3">74,41</entry></row><row><entry VJ="1" colname="col2">höherer Dienst/Gruppe E 13<BR/> bis E 15 Ü</entry><entry VJ="1" colname="col3">93,61</entry></row><row><entry VJ="1" colname="col1" morerows="3">Wenn Dienstreisen als Auslage abzurechnen sind, muss der Stundensatz um 0,87 Euro gekürzt werden.<BR/> Wenn Sachverständige als Auslage abzurechnen sind, muss der Stundensatz um 0,08 Euro gekürzt werden.<BR/> Wenn Hubschrauber als Auslage abzurechnen sind, muss der Stundensatz um 0,11 Euro gekürzt werden.<BR/> Wenn Boote oder Schiffe als Auslage abzurechnen sind, muss der Stundensatz um 0,05 Euro gekürzt werden.<BR/> Wenn Wasserwerfer als Auslage abzurechnen sind, muss der Stundensatz um 0,02 Euro gekürzt werden.</entry><entry VJ="1" nameend="col3" namest="col2"><B>Polizeivollzugsbeamtinnen und -beamte</B></entry></row><row><entry VJ="1" colname="col2">mittlerer Dienst</entry><entry VJ="1" colname="col3">62,00</entry></row><row><entry VJ="1" colname="col2">gehobener Dienst</entry><entry VJ="1" colname="col3">75,19</entry></row><row><entry VJ="1" colname="col2">höherer Dienst</entry><entry VJ="1" colname="col3">96,59</entry></row><row><entry VJ="1" nameend="col3" namest="col1"><B>2. ohne Gemeinkostenzuschlag</B></entry></row><row><entry VJ="1" colname="col1" morerows="4">Wenn Dienstreisen als Auslage abzurechnen sind, muss der Stundensatz um 0,70 Euro gekürzt werden.<BR/> Wenn Sachverständige als Auslage abzurechnen sind, muss der Stundensatz um 0,07 Euro gekürzt werden.</entry><entry VJ="1" nameend="col3" namest="col2"><B>Verwaltungsbeschäftigte</B></entry></row><row><entry VJ="1" colname="col2">einfacher Dienst/Gruppe E 2 bis E 4</entry><entry VJ="1" colname="col3">39,60</entry></row><row><entry VJ="1" colname="col2">mittlerer Dienst/Gruppe E 5 bis E 9a</entry><entry VJ="1" colname="col3">46,38</entry></row><row><entry VJ="1" colname="col2">gehobener Dienst/Gruppe E 9b<BR/> bis E 12</entry><entry VJ="1" colname="col3">58,09</entry></row><row><entry VJ="1" colname="col2">höherer Dienst/Gruppe E 13<BR/> bis E 15 Ü</entry><entry VJ="1" colname="col3">73,08</entry></row><row><entry VJ="1" colname="col1" morerows="3">Wenn Dienstreisen als Auslage abzurechnen sind, muss der Stundensatz um 0,68 Euro gekürzt werden.<BR/> Wenn Sachverständige als Auslage abzurechnen sind, muss der Stundensatz um 0,06 Euro gekürzt werden.<BR/> Wenn Hubschrauber als Auslage abzurechnen sind, muss der Stundensatz um 0,09 Euro gekürzt werden.<BR/> Wenn Boote oder Schiffe als Auslage abzurechnen sind, muss der Stundensatz um 0,04 Euro gekürzt werden.<BR/> Wenn Wasserwerfer als Auslage abzurechnen sind, muss der Stundensatz um 0,01 Euro gekürzt werden.</entry><entry VJ="1" nameend="col3" namest="col2"><B>Polizeivollzugsbeamtinnen und -beamte</B></entry></row><row><entry VJ="1" colname="col2">mittlerer Dienst</entry><entry VJ="1" colname="col3">48,40</entry></row><row><entry VJ="1" colname="col2">gehobener Dienst</entry><entry VJ="1" colname="col3">58,70</entry></row><row><entry VJ="1" colname="col2">höherer Dienst</entry><entry VJ="1" colname="col3">75,40</entry></row><row><entry VJ="1" nameend="col3" namest="col1"><B><SP>Abschnitt 2<BR/> Personaleinzelkosten</SP></B></entry></row><row><entry VJ="1" nameend="col3" namest="col1"><B>1. mit Gemeinkostenzuschlag</B></entry></row><row><entry VJ="1" colname="col1" morerows="4">Wenn Dienstreisen als Auslage abzurechnen sind, muss der Stundensatz um 0,31 Euro gekürzt werden.</entry><entry VJ="1" nameend="col3" namest="col2"><B>Verwaltungsbeschäftigte</B></entry></row><row><entry VJ="1" colname="col2">einfacher Dienst/Gruppe E 2 bis E 4</entry><entry VJ="1" colname="col3">37,39</entry></row><row><entry VJ="1" colname="col2">mittlerer Dienst/Gruppe E 5 bis E 9a</entry><entry VJ="1" colname="col3">46,09</entry></row><row><entry VJ="1" colname="col2">gehobener Dienst/Gruppe E 9b<BR/> bis E 12</entry><entry VJ="1" colname="col3">61,08</entry></row><row><entry VJ="1" colname="col2">höherer Dienst/Gruppe E 13<BR/> bis E 15 Ü</entry><entry VJ="1" colname="col3">80,28</entry></row><row><entry VJ="1" colname="col1" morerows="3">Wenn Dienstreisen als Auslage abzurechnen sind, muss der Stundensatz um 0,30 Euro gekürzt werden.</entry><entry VJ="1" nameend="col3" namest="col2"><B>Polizeivollzugsbeamtinnen und -beamte</B></entry></row><row><entry VJ="1" colname="col2">mittlerer Dienst</entry><entry VJ="1" colname="col3">49,01</entry></row><row><entry VJ="1" colname="col2">gehobener Dienst</entry><entry VJ="1" colname="col3">62,19</entry></row><row><entry VJ="1" colname="col2">höherer Dienst</entry><entry VJ="1" colname="col3">83,59</entry></row><row><entry VJ="1" nameend="col3" namest="col1"><B>2. ohne Gemeinkostenzuschlag</B></entry></row><row><entry VJ="1" colname="col1" morerows="4">Wenn Dienstreisen als Auslage abzurechnen sind, muss der Stundensatz um 0,24 Euro gekürzt werden.</entry><entry VJ="1" nameend="col3" namest="col2"><B>Verwaltungsbeschäftigte</B></entry></row><row><entry VJ="1" colname="col2">einfacher Dienst/Gruppe E 2 bis E 4</entry><entry VJ="1" colname="col3">29,19</entry></row><row><entry VJ="1" colname="col2">mittlerer Dienst/Gruppe E 5 bis E 9a</entry><entry VJ="1" colname="col3">35,98</entry></row><row><entry VJ="1" colname="col2">gehobener Dienst/Gruppe E 9b<BR/> bis E 12</entry><entry VJ="1" colname="col3">47,68</entry></row><row><entry VJ="1" colname="col2">höherer Dienst/Gruppe E 13<BR/> bis E 15 Ü</entry><entry VJ="1" colname="col3">62,67</entry></row><row><entry VJ="1" colname="col1" morerows="3">Wenn Dienstreisen als Auslage abzurechnen sind, muss der Stundensatz um 0,23 Euro gekürzt werden.</entry><entry VJ="1" nameend="col3" namest="col2"><B>Polizeivollzugsbeamtinnen und -beamte</B></entry></row><row><entry VJ="1" colname="col2">mittlerer Dienst</entry><entry VJ="1" colname="col3">38,26</entry></row><row><entry VJ="1" colname="col2">gehobener Dienst</entry><entry VJ="1" colname="col3">48,55</entry></row><row><entry VJ="1" colname="col2">höherer Dienst</entry><entry VJ="1" colname="col3">65,25</entry></row><row><entry VJ="1" nameend="col3" namest="col1"><B><SP>Abschnitt 3<BR/> Sacheinzelkosten</SP></B></entry></row><row><entry VJ="1" nameend="col3" namest="col1"><B>1. mit Gemeinkostenzuschlag</B></entry></row><row><entry VJ="1" colname="col1" morerows="1">Wenn Dienstreisen als Auslage abzurechnen sind, muss der Stundensatz um 0,59 Euro gekürzt werden.<BR/> Wenn Sachverständige als Auslage abzurechnen sind, muss der Stundensatz um 0,09 Euro gekürzt werden.</entry><entry VJ="1" nameend="col3" namest="col2"><B>Verwaltungsbeschäftigte</B></entry></row><row><entry VJ="1" colname="col2"/><entry VJ="1" colname="col3">13,33</entry></row><row><entry VJ="1" colname="col1" morerows="1">Wenn Dienstreisen als Auslage abzurechnen sind, muss der Stundensatz um 0,57 Euro gekürzt werden.<BR/> Wenn Sachverständige als Auslage abzurechnen sind, muss der Stundensatz um 0,08 Euro gekürzt werden.<BR/> Wenn Hubschrauber als Auslage abzurechnen sind, muss der Stundensatz um 0,11 Euro gekürzt werden.<BR/> Wenn Boote oder Schiffe als Auslage abzurechnen sind, muss der Stundensatz um 0,05 Euro gekürzt werden.<BR/> Wenn Wasserwerfer als Auslage abzurechnen sind, muss der Stundensatz um 0,02 Euro gekürzt werden.</entry><entry VJ="1" nameend="col3" namest="col2"><B>Polizeivollzugsbeamtinnen und -beamte</B></entry></row><row><entry VJ="1" colname="col2"/><entry VJ="1" colname="col3">13,00</entry></row><row><entry VJ="1" nameend="col3" namest="col1"><B>2. ohne Gemeinkostenzuschlag</B></entry></row><row><entry VJ="1" colname="col1" morerows="1">Wenn Dienstreisen als Auslage abzurechnen sind, muss der Stundensatz um 0,46 Euro gekürzt werden.<BR/> Wenn Sachverständige als Auslage abzurechnen sind, muss der Stundensatz um 0,07 Euro gekürzt werden.</entry><entry VJ="1" nameend="col3" namest="col2"><B>Verwaltungsbeschäftigte</B></entry></row><row><entry VJ="1" colname="col2"/><entry VJ="1" colname="col3">10,41</entry></row><row><entry VJ="1" colname="col1" morerows="1">Wenn Dienstreisen als Auslage abzurechnen sind, muss der Stundensatz um 0,45 Euro gekürzt werden.<BR/> Wenn Sachverständige als Auslage abzurechnen sind, muss der Stundensatz um 0,06 Euro gekürzt werden.<BR/> Wenn Hubschrauber als Auslage abzurechnen sind, muss der Stundensatz um 0,09 Euro gekürzt werden.<BR/> Wenn Boote oder Schiffe als Auslage abzurechnen sind, muss der Stundensatz um 0,04 Euro gekürzt werden.<BR/> Wenn Wasserwerfer als Auslage abzurechnen sind, muss der Stundensatz um 0,01 Euro gekürzt werden.</entry><entry VJ="1" nameend="col3" namest="col2"><B>Polizeivollzugsbeamtinnen und -beamte</B></entry></row><row><entry VJ="1" colname="col2"/><entry VJ="1" colname="col3">10,15</entry></row></tbody></tgroup></table></P><BR/><BR/><Title Align="auto">Teil B<BR/> Herleitung der allgemeinen pauschalen Stundensätze</Title><BR/><BR/><table colsep="1" frame="all" pgwide="1" rowsep="1" tocentry="%yes;"><tgroup align="left" char="" charoff="50" cols="3"><colspec colname="col1" colwidth="46*"/><colspec align="left" colname="col2" colwidth="78*"/><colspec colname="col3" colwidth="31*"/><thead valign="bottom"><row><entry VJ="1" align="center" colname="col1" valign="middle">Kostenblock</entry><entry VJ="1" align="center" colname="col2" valign="middle">Besoldungs- oder Entgeltgruppe/Zweckbestimmung</entry><entry VJ="1" align="center" colname="col3">Durchschnittskosten<BR/> für den Bund<BR/> pro Jahr in Euro</entry></row></thead><tbody valign="top"><row><entry VJ="1" align="justify" colsep="1" nameend="col3" namest="col1" rowsep="1"><B><SP>1. Personaleinzelkosten</SP></B></entry></row><row><entry VJ="1" align="justify" colsep="1" nameend="col3" namest="col1" rowsep="1"><B>1.1 Beamtinnen und Beamte</B></entry></row><row><entry VJ="1" colname="col1" morerows="13" rowsep="0">1.1.1 steuerpflichtiges Brutto</entry><entry VJ="1" align="justify" colname="col2" colsep="1" rowsep="1">A 3</entry><entry VJ="1" align="center" colname="col3" colsep="1" rowsep="1">29 209</entry></row><row><entry VJ="1" align="justify" colname="col2" colsep="1" rowsep="1">A 4</entry><entry VJ="1" align="center" colname="col3" colsep="1" rowsep="1">34 875</entry></row><row><entry VJ="1" align="justify" colname="col2" colsep="1" rowsep="1">A 5</entry><entry VJ="1" align="center" colname="col3" colsep="1" rowsep="1">36 285</entry></row><row><entry VJ="1" align="justify" colname="col2" colsep="1" rowsep="1">A 6</entry><entry VJ="1" align="center" colname="col3" colsep="1" rowsep="1">37 245</entry></row><row><entry VJ="1" align="justify" colname="col2" colsep="1" rowsep="1"><B>einfacher Dienst A 2 bis A 6</B></entry><entry VJ="1" align="center" colname="col3" colsep="1" rowsep="1"><B>36 427</B></entry></row><row><entry VJ="1" align="justify" colname="col2" colsep="1" rowsep="1">A 6</entry><entry VJ="1" align="center" colname="col3" colsep="1" rowsep="1">33 056</entry></row><row><entry VJ="1" align="justify" colname="col2" colsep="1" rowsep="1">A 7</entry><entry VJ="1" align="center" colname="col3" colsep="1" rowsep="1">36 673</entry></row><row><entry VJ="1" align="justify" colname="col2" colsep="1" rowsep="1">A 8</entry><entry VJ="1" align="center" colname="col3" colsep="1" rowsep="1">43 251</entry></row><row><entry VJ="1" align="justify" colname="col2" colsep="1" rowsep="1">A 9</entry><entry VJ="1" align="center" colname="col3" colsep="1" rowsep="1">47 887</entry></row><row><entry VJ="1" align="justify" colname="col2" colsep="1" rowsep="1">A 9 + Zulage</entry><entry VJ="1" align="center" colname="col3" colsep="1" rowsep="1">52 040</entry></row><row><entry VJ="1" align="justify" colname="col2" colsep="1" rowsep="1"><B>mittlerer Dienst A 6 bis A 9 + Zulage</B></entry><entry VJ="1" align="center" colname="col3" colsep="1" rowsep="1"><B>44 860</B></entry></row><row><entry VJ="1" align="justify" colname="col2" colsep="1" rowsep="1">A 9</entry><entry VJ="1" align="center" colname="col3" colsep="1" rowsep="1">40 738</entry></row><row><entry VJ="1" align="justify" colname="col2" colsep="1" rowsep="1">A 10</entry><entry VJ="1" align="center" colname="col3" colsep="1" rowsep="1">50 215</entry></row><row rowsep="0"><entry VJ="1" align="justify" colname="col2" colsep="1" rowsep="1">A 11</entry><entry VJ="1" align="center" colname="col3" colsep="1" rowsep="1">57 815</entry></row><row><entry VJ="1" colname="col1" morerows="7" rowsep="0"/><entry VJ="1" align="justify" colname="col2" colsep="1" rowsep="1">A 12</entry><entry VJ="1" align="center" colname="col3" colsep="1" rowsep="1">63 344</entry></row><row><entry VJ="1" align="justify" colname="col2" colsep="1" rowsep="1">A 13</entry><entry VJ="1" align="center" colname="col3" colsep="1" rowsep="1">70 639</entry></row><row><entry VJ="1" align="justify" colname="col2" colsep="1" rowsep="1">A 13 + Zulage</entry><entry VJ="1" align="center" colname="col3" colsep="1" rowsep="1">74 822</entry></row><row><entry VJ="1" align="justify" colname="col2" colsep="1" rowsep="1"><B>gehobener Dienst A 9 bis A 13 + Zulage</B></entry><entry VJ="1" align="center" colname="col3" colsep="1" rowsep="1"><B>57 529</B></entry></row><row><entry VJ="1" align="justify" colname="col2" colsep="1" rowsep="1">A 13</entry><entry VJ="1" align="center" colname="col3" colsep="1" rowsep="1">65 194</entry></row><row><entry VJ="1" align="justify" colname="col2" colsep="1" rowsep="1">A 14</entry><entry VJ="1" align="center" colname="col3" colsep="1" rowsep="1">73 858</entry></row><row><entry VJ="1" align="justify" colname="col2" colsep="1" rowsep="1">A 15</entry><entry VJ="1" align="center" colname="col3" colsep="1" rowsep="1">85 319</entry></row><row><entry VJ="1" align="justify" colname="col2" colsep="1" rowsep="1">A 16</entry><entry VJ="1" align="center" colname="col3" colsep="1" rowsep="1">95 292</entry></row><row><entry VJ="1" colname="col1"/><entry VJ="1" align="justify" colname="col2" colsep="1" rowsep="1"><B>höherer Dienst A 13 bis A 16</B></entry><entry VJ="1" align="center" colname="col3" colsep="1" rowsep="1"><B>78 088</B></entry></row><row><entry VJ="1" align="justify" colname="col1" morerows="8">1.1.2 Versorgung<BR/> % von 1.1.1</entry><entry VJ="1" align="left" colsep="1" nameend="col3" namest="col2" rowsep="1"><B>Verwaltungsbeamtinnen und -beamte</B></entry></row><row><entry VJ="1" align="justify" colname="col2" colsep="1" rowsep="1"><!-- SPLIT UMBAU : [Text: einfacher Dienst][Element: <Split/>

][Text: 27,9  ]--><table colsep="0" frame="none" pgwide="1" rowsep="0" tocentry="%yes;"><tgroup align="left" char="" charoff="50" cols="2"><colspec align="left" colname="leftSplit"/><colspec align="right" colname="rightSplit"/><tbody Class="Split" valign="top"><row><entry VJ="1" colname="leftSplit">einfacher Dienst</entry><entry VJ="1" colname="rightSplit" valign="bottom">27,9  </entry></row></tbody></tgroup></table></entry><entry VJ="1" align="center" colname="col3" colsep="1" rowsep="1">10 163</entry></row><row><entry VJ="1" align="justify" colname="col2" colsep="1" rowsep="1"><!-- SPLIT UMBAU : [Text: mittlerer Dienst][Element: <Split/>

][Text: 27,9  ]--><table colsep="0" frame="none" pgwide="1" rowsep="0" tocentry="%yes;"><tgroup align="left" char="" charoff="50" cols="2"><colspec align="left" colname="leftSplit"/><colspec align="right" colname="rightSplit"/><tbody Class="Split" valign="top"><row><entry VJ="1" colname="leftSplit">mittlerer Dienst</entry><entry VJ="1" colname="rightSplit" valign="bottom">27,9  </entry></row></tbody></tgroup></table></entry><entry VJ="1" align="center" colname="col3" colsep="1" rowsep="1">12 516</entry></row><row><entry VJ="1" align="justify" colname="col2" colsep="1" rowsep="1"><!-- SPLIT UMBAU : [Text: gehobener Dienst][Element: <Split/>

][Text: 29,3  ]--><table colsep="0" frame="none" pgwide="1" rowsep="0" tocentry="%yes;"><tgroup align="left" char="" charoff="50" cols="2"><colspec align="left" colname="leftSplit"/><colspec align="right" colname="rightSplit"/><tbody Class="Split" valign="top"><row><entry VJ="1" colname="leftSplit">gehobener Dienst</entry><entry VJ="1" colname="rightSplit" valign="bottom">29,3  </entry></row></tbody></tgroup></table></entry><entry VJ="1" align="center" colname="col3" colsep="1" rowsep="1">16 856</entry></row><row><entry VJ="1" align="justify" colname="col2" colsep="1" rowsep="1"><!-- SPLIT UMBAU : [Text: höherer Dienst][Element: <Split/>

][Text: 36,9  ]--><table colsep="0" frame="none" pgwide="1" rowsep="0" tocentry="%yes;"><tgroup align="left" char="" charoff="50" cols="2"><colspec align="left" colname="leftSplit"/><colspec align="right" colname="rightSplit"/><tbody Class="Split" valign="top"><row><entry VJ="1" colname="leftSplit">höherer Dienst</entry><entry VJ="1" colname="rightSplit" valign="bottom">36,9  </entry></row></tbody></tgroup></table></entry><entry VJ="1" align="center" colname="col3" colsep="1" rowsep="1">28 814</entry></row><row><entry VJ="1" align="left" colsep="1" nameend="col3" namest="col2" rowsep="1"><B>Polizeivollzugsbeamtinnen und -beamte</B></entry></row><row><entry VJ="1" align="justify" colname="col2" colsep="1" rowsep="1"><!-- SPLIT UMBAU : [Text: mittlerer Dienst][Element: <Split/>

][Text: 32,6  ]--><table colsep="0" frame="none" pgwide="1" rowsep="0" tocentry="%yes;"><tgroup align="left" char="" charoff="50" cols="2"><colspec align="left" colname="leftSplit"/><colspec align="right" colname="rightSplit"/><tbody Class="Split" valign="top"><row><entry VJ="1" colname="leftSplit">mittlerer Dienst</entry><entry VJ="1" colname="rightSplit" valign="bottom">32,6  </entry></row></tbody></tgroup></table></entry><entry VJ="1" align="center" colname="col3" colsep="1" rowsep="1">14 624</entry></row><row><entry VJ="1" align="justify" colname="col2" colsep="1" rowsep="1"><!-- SPLIT UMBAU : [Text: gehobener Dienst][Element: <Split/>

][Text: 32,6  ]--><table colsep="0" frame="none" pgwide="1" rowsep="0" tocentry="%yes;"><tgroup align="left" char="" charoff="50" cols="2"><colspec align="left" colname="leftSplit"/><colspec align="right" colname="rightSplit"/><tbody Class="Split" valign="top"><row><entry VJ="1" colname="leftSplit">gehobener Dienst</entry><entry VJ="1" colname="rightSplit" valign="bottom">32,6  </entry></row></tbody></tgroup></table></entry><entry VJ="1" align="center" colname="col3" colsep="1" rowsep="1">18 754</entry></row><row><entry VJ="1" align="justify" colname="col2" colsep="1" rowsep="1"><!-- SPLIT UMBAU : [Text: höherer Dienst][Element: <Split/>

][Text: 32,6  ]--><table colsep="0" frame="none" pgwide="1" rowsep="0" tocentry="%yes;"><tgroup align="left" char="" charoff="50" cols="2"><colspec align="left" colname="leftSplit"/><colspec align="right" colname="rightSplit"/><tbody Class="Split" valign="top"><row><entry VJ="1" colname="leftSplit">höherer Dienst</entry><entry VJ="1" colname="rightSplit" valign="bottom">32,6  </entry></row></tbody></tgroup></table></entry><entry VJ="1" align="center" colname="col3" colsep="1" rowsep="1">25 457</entry></row><row><entry VJ="1" align="justify" colsep="1" nameend="col3" namest="col1" rowsep="1">1.1.3 sonstige Personalnebenkosten</entry></row><row><entry VJ="1" align="justify" colname="col1" colsep="1" morerows="2" rowsep="1"/><entry VJ="1" align="justify" colname="col2" colsep="1" rowsep="1">Beihilfen aufgrund der Beihilfevorschriften sowie Heilfürsorge der Polizeivollzugsbeamtinnen und -beamten</entry><entry VJ="1" align="center" colname="col3" colsep="1" rowsep="1"> 2 450</entry></row><row><entry VJ="1" align="justify" colname="col2" colsep="1" rowsep="1">Fürsorgeleistungen und Unterstützungen einschließlich Inanspruchnahme von besonderen Fachdiensten/-kräften</entry><entry VJ="1" align="center" colname="col3" colsep="1" rowsep="1">   100</entry></row><row><entry VJ="1" align="justify" colname="col2" colsep="1" rowsep="1">Trennungsgeld, Fahrtkostenzuschüsse sowie Umzugskostenvergütungen</entry><entry VJ="1" align="center" colname="col3" colsep="1" rowsep="1">   400</entry></row><row><entry VJ="1" align="justify" colsep="1" nameend="col3" namest="col1" rowsep="1"><B>1.2 Arbeitnehmerinnen und Arbeitnehmer</B></entry></row><row><entry VJ="1" align="justify" colname="col1" morerows="10" rowsep="0">1.2.1 steuerpflichtiges Brutto</entry><entry VJ="1" align="justify" colname="col2" colsep="1" rowsep="1">E 2</entry><entry VJ="1" align="center" colname="col3" colsep="1" rowsep="1">32 523</entry></row><row><entry VJ="1" colname="col2" colsep="1" rowsep="1">E 2 Ü</entry><entry VJ="1" align="center" colname="col3">29 897</entry></row><row><entry VJ="1" colname="col2" colsep="1" rowsep="1">E 3</entry><entry VJ="1" align="center" colname="col3">34 831</entry></row><row><entry VJ="1" colname="col2" colsep="1" rowsep="1">E 4</entry><entry VJ="1" align="center" colname="col3">35 699</entry></row><row><entry VJ="1" colname="col2" colsep="1" rowsep="1"><B>Gruppe E 2 bis E 4</B></entry><entry VJ="1" align="center" colname="col3"><B>34 830</B></entry></row><row><entry VJ="1" colname="col2" colsep="1" rowsep="1">E 5</entry><entry VJ="1" align="center" colname="col3">38 483</entry></row><row><entry VJ="1" colname="col2" colsep="1" rowsep="1">E 6</entry><entry VJ="1" align="center" colname="col3">39 805</entry></row><row><entry VJ="1" colname="col2" colsep="1" rowsep="1">E 7</entry><entry VJ="1" align="center" colname="col3">43 533</entry></row><row><entry VJ="1" colname="col2" colsep="1" rowsep="1">E 8</entry><entry VJ="1" align="center" colname="col3">45 403</entry></row><row><entry VJ="1" colname="col2" colsep="1" rowsep="1">E 9a</entry><entry VJ="1" align="center" colname="col3"> 47 884</entry></row><row><entry VJ="1" colname="col2" colsep="1" rowsep="1"><B>Gruppe E 5 bis E 9a</B></entry><entry VJ="1" align="center" colname="col3"><B> 42 261</B></entry></row><row><entry VJ="1" colname="col1" morerows="10"/><entry VJ="1" colname="col2" colsep="1" rowsep="1">E 9b</entry><entry VJ="1" align="center" colname="col3"> 52 951</entry></row><row><entry VJ="1" colname="col2">E 9c</entry><entry VJ="1" align="center" colname="col3"> 52 503</entry></row><row><entry VJ="1" colname="col2" colsep="1" rowsep="1">E 10</entry><entry VJ="1" align="center" colname="col3"> 55 546</entry></row><row><entry VJ="1" colname="col2" colsep="1" rowsep="1">E 11</entry><entry VJ="1" align="center" colname="col3"> 60 576</entry></row><row><entry VJ="1" colname="col2" colsep="1" rowsep="1">E 12</entry><entry VJ="1" align="center" colname="col3"> 66 265</entry></row><row><entry VJ="1" colname="col2" colsep="1" rowsep="1"><B>Gruppe E 9b bis E 12</B></entry><entry VJ="1" align="center" colname="col3"><B> 58 811</B></entry></row><row><entry VJ="1" colname="col2" colsep="1" rowsep="1">E 13</entry><entry VJ="1" align="center" colname="col3"> 61 817</entry></row><row><entry VJ="1" colname="col2" colsep="1" rowsep="1">E 14</entry><entry VJ="1" align="center" colname="col3"> 74 679</entry></row><row><entry VJ="1" colname="col2" colsep="1" rowsep="1">E 15</entry><entry VJ="1" align="center" colname="col3"> 86 568</entry></row><row><entry VJ="1" colname="col2" colsep="1" rowsep="1">E 15 Ü</entry><entry VJ="1" align="center" colname="col3">103 564</entry></row><row><entry VJ="1" colname="col2" colsep="1" rowsep="1"><B>Gruppe E 13 bis E 15 Ü</B></entry><entry VJ="1" align="center" colname="col3"><B> 68 841</B></entry></row><row><entry VJ="1" colname="col1" morerows="21">1.2.2 Personalnebenkosten Bezüge</entry><entry VJ="1" align="justify" colname="col2" colsep="1" rowsep="1">E 2</entry><entry VJ="1" align="center" colname="col3" colsep="1" rowsep="1">  8 738</entry></row><row><entry VJ="1" colname="col2" colsep="1" rowsep="1">E 2 Ü</entry><entry VJ="1" align="center" colname="col3">  8 475</entry></row><row><entry VJ="1" colname="col2" colsep="1" rowsep="1">E 3</entry><entry VJ="1" align="center" colname="col3">  9 078</entry></row><row><entry VJ="1" colname="col2" colsep="1" rowsep="1">E 4</entry><entry VJ="1" align="center" colname="col3">  9 470</entry></row><row><entry VJ="1" colname="col2" colsep="1" rowsep="1"><B>Gruppe E 2 bis E 4</B></entry><entry VJ="1" align="center" colname="col3"><B>  9 149</B></entry></row><row><entry VJ="1" colname="col2" colsep="1" rowsep="1">E 5</entry><entry VJ="1" align="center" colname="col3"> 10 190</entry></row><row><entry VJ="1" colname="col2" colsep="1" rowsep="1">E 6</entry><entry VJ="1" align="center" colname="col3"> 10 623</entry></row><row><entry VJ="1" colname="col2" colsep="1" rowsep="1">E 7</entry><entry VJ="1" align="center" colname="col3"> 11 864</entry></row><row><entry VJ="1" colname="col2" colsep="1" rowsep="1">E 8</entry><entry VJ="1" align="center" colname="col3"> 12 315</entry></row><row><entry VJ="1" colname="col2" colsep="1" rowsep="1">E 9a</entry><entry VJ="1" align="center" colname="col3"> 12 793</entry></row><row><entry VJ="1" colname="col2" colsep="1" rowsep="1"><B>Gruppe E 5 bis E 9a</B></entry><entry VJ="1" align="center" colname="col3"><B> 11 319</B></entry></row><row><entry VJ="1" colname="col2" colsep="1" rowsep="1">E 9b</entry><entry VJ="1" align="center" colname="col3"> 13 914</entry></row><row><entry VJ="1" colname="col2">E 9c</entry><entry VJ="1" align="center" colname="col3"> 13 464</entry></row><row><entry VJ="1" colname="col2" colsep="1" rowsep="1">E 10</entry><entry VJ="1" align="center" colname="col3"> 14 472</entry></row><row><entry VJ="1" colname="col2" colsep="1" rowsep="1">E 11</entry><entry VJ="1" align="center" colname="col3"> 15 551</entry></row><row><entry VJ="1" colname="col2" colsep="1" rowsep="1">E 12</entry><entry VJ="1" align="center" colname="col3"> 16 632</entry></row><row><entry VJ="1" colname="col2" colsep="1" rowsep="1"><B>Gruppe E 9b bis E 12</B></entry><entry VJ="1" align="center" colname="col3"><B> 15 088</B></entry></row><row><entry VJ="1" colname="col2" colsep="1" rowsep="1">E 13</entry><entry VJ="1" align="center" colname="col3"> 15 590</entry></row><row><entry VJ="1" colname="col2" colsep="1" rowsep="1">E 14</entry><entry VJ="1" align="center" colname="col3"> 18 109</entry></row><row><entry VJ="1" colname="col2" colsep="1" rowsep="1">E 15</entry><entry VJ="1" align="center" colname="col3"> 19 537</entry></row><row><entry VJ="1" colname="col2" colsep="1" rowsep="1">E 15 Ü</entry><entry VJ="1" align="center" colname="col3"> 19 652</entry></row><row><entry VJ="1" colname="col2" colsep="1" rowsep="1"><B>Gruppe E 13 bis E 15 Ü</B></entry><entry VJ="1" align="center" colname="col3"><B> 16 901</B></entry></row><row><entry VJ="1" align="justify" colsep="1" nameend="col3" namest="col1" rowsep="1">1.2.3 sonstige Personalnebenkosten</entry></row><row><entry VJ="1" align="justify" colname="col1" morerows="2" rowsep="0"/><entry VJ="1" align="justify" colname="col2" colsep="1" rowsep="1">Fürsorgeleistungen und Unterstützungen einschließlich Inanspruchnahme von besonderen Fachdiensten/-kräften</entry><entry VJ="1" align="center" colname="col3">   100</entry></row><row><entry VJ="1" align="justify" colname="col2" colsep="1" rowsep="1">Unfallversicherung Bund und Bahn</entry><entry VJ="1" align="center" colname="col3">   250</entry></row><row><entry VJ="1" align="justify" colname="col2" colsep="1" rowsep="1">Trennungsgeld, Fahrtkostenzuschüsse sowie Umzugskostenvergütungen</entry><entry VJ="1" align="center" colname="col3">   400</entry></row><row><entry VJ="1" align="justify" colsep="1" nameend="col3" namest="col1" rowsep="1"><B><SP>2. Sacheinzelkosten</SP></B></entry></row><row><entry VJ="1" align="justify" colsep="1" nameend="col2" namest="col1" rowsep="1"><B>2.1 sächliche Verwaltungsausgaben</B></entry><entry VJ="1" align="center" colname="col3"> 5 490</entry></row><row><entry VJ="1" align="justify" colname="col1" colsep="1" morerows="5" rowsep="1"/><entry VJ="1" align="justify" colname="col2" colsep="1" rowsep="1">Geschäftsbedarf und Kommunikation sowie Geräte, Ausstattungs- und Ausrüstungsgegenstände, sonstige Gebrauchsgegenstände, Software, Wartung</entry><entry VJ="1" align="center" colname="col3" morerows="5"/></row><row><entry VJ="1" align="justify" colname="col2" colsep="1" rowsep="1">Verbrauchsmittel, Haltung von Fahrzeugen und dergleichen</entry></row><row><entry VJ="1" align="justify" colname="col2" colsep="1" rowsep="1">Mieten und Pachten</entry></row><row><entry VJ="1" align="justify" colname="col2" colsep="1" rowsep="1">Aus- und Fortbildung</entry></row><row><entry VJ="1" align="justify" colname="col2" colsep="1" rowsep="1">Dienstreisen</entry></row><row><entry VJ="1" align="justify" colname="col2" colsep="1" rowsep="1">Sachverständige</entry></row><row><entry VJ="1" align="justify" colsep="1" nameend="col2" namest="col1" rowsep="1"><B>2.2 Investitionen</B></entry><entry VJ="1" align="center" colname="col3"> 3 660</entry></row><row><entry VJ="1" align="justify" colname="col1" colsep="1" morerows="4" rowsep="1"/><entry VJ="1" align="justify" colname="col2" colsep="1" rowsep="1">kleine Neu-, Um- und Erweiterungsbauten</entry><entry VJ="1" align="center" colname="col3" morerows="4"/></row><row><entry VJ="1" align="justify" colname="col2" colsep="1" rowsep="1">Erwerb von Fahrzeugen</entry></row><row><entry VJ="1" align="justify" colname="col2" colsep="1" rowsep="1">Erlöse aus der Veräußerung von beweglichen Sachen</entry></row><row><entry VJ="1" align="justify" colname="col2" colsep="1" rowsep="1">Erwerb von Geräten, Ausstattungs- und Ausrüstungsgegenständen für Verwaltungszwecke (ohne IT)</entry></row><row><entry VJ="1" align="justify" colname="col2" colsep="1" rowsep="1">Erwerb von Anlagen, Geräten, Ausstattungs- und Ausrüstungsgegenständen sowie Software im Bereich Informationstechnik</entry></row><row><entry VJ="1" align="justify" colsep="1" nameend="col2" namest="col1" rowsep="1"><B>2.3 Büroräume</B></entry><entry VJ="1" align="center" colname="col3"> 8 100</entry></row><row><entry VJ="1" align="justify" colname="col1" colsep="1" morerows="2" rowsep="1"/><entry VJ="1" align="justify" colname="col2" colsep="1" rowsep="1">Bewirtschaftung der Grundstücke, Gebäude und Räume</entry><entry VJ="1" align="center" colname="col3" morerows="2"/></row><row><entry VJ="1" align="justify" colname="col2" colsep="1" rowsep="1">Mieten und Pachten im Zusammenhang mit dem einheitlichen Liegenschaftsmanagement</entry></row><row><entry VJ="1" align="justify" colname="col2" colsep="1" rowsep="1">Unterhaltung der Grundstücke und baulichen Anlagen</entry></row><row><entry VJ="1" align="justify" colsep="1" nameend="col2" namest="col1" rowsep="1"><B>2.4 pauschaler Abschlag von 2.1 bis 2.3</B></entry><entry VJ="1" align="center" colname="col3">– 4 %</entry></row></tbody></tgroup></table><table colsep="1" frame="all" pgwide="1" rowsep="1" tocentry="%yes;"><tgroup align="left" char="" charoff="50" cols="3"><colspec colname="col1" colwidth="46*"/><colspec align="left" colname="col2" colwidth="78*"/><colspec colname="col3" colwidth="31*"/><tbody valign="top"><row><entry VJ="1" align="left" colsep="1" nameend="col3" namest="col1" rowsep="1"><B><SP>3. Gemeinkosten</SP></B></entry></row><row><entry VJ="1" align="justify" colsep="1" nameend="col2" namest="col1" rowsep="1">Zuschlagssatz auf Personaleinzel- und Sacheinzelkosten</entry><entry VJ="1" align="center" colname="col3">28,1 %</entry></row></tbody></tgroup></table><table colsep="1" frame="all" pgwide="1" rowsep="1" tocentry="%yes;"><tgroup align="left" char="" charoff="50" cols="3"><colspec colname="col1" colwidth="46*"/><colspec align="left" colname="col2" colwidth="78*"/><colspec colname="col3" colwidth="31*"/><tbody valign="top"><row><entry VJ="1" align="left" colsep="1" nameend="col3" namest="col1" rowsep="1"><B><SP>4. Personalstruktur Bundesbedienstete</SP></B></entry></row><row><entry VJ="1" align="justify" colname="col1" colsep="1" rowsep="1"><B>4.1 Anzahl</B></entry><entry VJ="1" align="justify" colname="col2" colsep="1" rowsep="1"/><entry VJ="1" align="center" colname="col3" colsep="1" rowsep="1"/></row><row><entry VJ="1" align="justify" colname="col1" morerows="4"/><entry VJ="1" align="justify" colname="col2" colsep="1" rowsep="1"><B>Verwaltungsbeamtinnen und -beamte</B></entry><entry VJ="1" align="center" colname="col3"><B>78 121</B></entry></row><row><entry VJ="1" align="justify" colname="col2">einfacher Dienst</entry><entry VJ="1" align="center" colname="col3"> 1 225</entry></row><row><entry VJ="1" align="justify" colname="col2">mittlerer Dienst</entry><entry VJ="1" align="center" colname="col3">34 001</entry></row><row><entry VJ="1" align="justify" colname="col2">gehobener Dienst</entry><entry VJ="1" align="center" colname="col3">29 546</entry></row><row><entry VJ="1" align="justify" colname="col2">höherer Dienst</entry><entry VJ="1" align="center" colname="col3">13 349</entry></row><row><entry VJ="1" align="justify" colname="col1" morerows="2" rowsep="0"/><entry VJ="1" align="justify" colname="col2" colsep="1" rowsep="1"><B>Arbeitnehmerinnen und Arbeitnehmer</B></entry><entry VJ="1" align="center" colname="col3"><B>70 337</B></entry></row><row><entry VJ="1" align="justify" colname="col2">Gruppe E 2 bis E 4</entry><entry VJ="1" align="center" colname="col3"> 5 313</entry></row><row><entry VJ="1" align="justify" colname="col2">Gruppe E 5 bis E 9a</entry><entry VJ="1" align="center" colname="col3">39 376</entry></row><row><entry VJ="1" align="justify" colname="col1" morerows="1"/><entry VJ="1" align="justify" colname="col2">Gruppe E 9b bis E 12</entry><entry VJ="1" align="center" colname="col3">16 244</entry></row><row><entry VJ="1" align="justify" colname="col2">Gruppe E 13 bis E 15 Ü</entry><entry VJ="1" align="center" colname="col3"> 9 404</entry></row><row><entry VJ="1" align="justify" colname="col1" colsep="1" rowsep="1"><B>4.2 Vollzeitäquivalente</B></entry><entry VJ="1" align="justify" colname="col2" colsep="1" rowsep="1"/><entry VJ="1" align="center" colname="col3" colsep="1" rowsep="1"/></row><row><entry VJ="1" align="justify" colname="col1" morerows="4"/><entry VJ="1" align="justify" colname="col2" colsep="1"><B>Verwaltungsbeamtinnen und -beamte</B></entry><entry VJ="1" align="center" colname="col3"><B>74 211</B></entry></row><row><entry VJ="1" align="justify" colname="col2">einfacher Dienst</entry><entry VJ="1" align="center" colname="col3"> 1 196</entry></row><row><entry VJ="1" align="justify" colname="col2">mittlerer Dienst</entry><entry VJ="1" align="center" colname="col3">32 673</entry></row><row><entry VJ="1" align="justify" colname="col2">gehobener Dienst</entry><entry VJ="1" align="center" colname="col3">27 875</entry></row><row><entry VJ="1" align="justify" colname="col2">höherer Dienst</entry><entry VJ="1" align="center" colname="col3">12 467</entry></row><row><entry VJ="1" align="justify" colname="col1" morerows="4"/><entry VJ="1" align="justify" colname="col2" colsep="1"><B>Arbeitnehmerinnen und Arbeitnehmer</B></entry><entry VJ="1" align="center" colname="col3"><B>65 126</B></entry></row><row><entry VJ="1" align="justify" colname="col2">Gruppe E 2 bis E 4</entry><entry VJ="1" align="center" colname="col3"> 4 690</entry></row><row><entry VJ="1" align="justify" colname="col2">Gruppe E 5 bis E 9a</entry><entry VJ="1" align="center" colname="col3">36 740</entry></row><row><entry VJ="1" align="justify" colname="col2">Gruppe E 9b bis E 12</entry><entry VJ="1" align="center" colname="col3">15 177</entry></row><row><entry VJ="1" align="justify" colname="col2">Gruppe E 13 bis E 15 Ü</entry><entry VJ="1" align="center" colname="col3"> 8 159</entry></row></tbody></tgroup></table><table colsep="1" frame="all" pgwide="1" rowsep="1" tocentry="%yes;"><tgroup align="left" char="" charoff="50" cols="3"><colspec colname="col1" colwidth="46*"/><colspec align="left" colname="col2" colwidth="78*"/><colspec colname="col3" colwidth="31*"/><tbody valign="top"><row><entry VJ="1" align="left" colsep="1" nameend="col3" namest="col1" rowsep="1"><B><SP>5. Arbeitsleistung</SP></B></entry></row><row><entry VJ="1" align="justify" colname="col1" colsep="1" rowsep="1">Arbeitsstunden</entry><entry VJ="1" align="justify" colname="col2" colsep="1" rowsep="1"/><entry VJ="1" align="center" colname="col3" colsep="1" rowsep="1">pro Monat</entry></row><row><entry VJ="1" align="justify" colname="col1" morerows="1" rowsep="1"/><entry VJ="1" align="justify" colname="col2" colsep="1" rowsep="1">Beamtinnen und Beamte</entry><entry VJ="1" align="center" colname="col3">   136</entry></row><row><entry VJ="1" align="justify" colname="col2" colsep="1" rowsep="1">Arbeitnehmerinnen und Arbeitnehmer</entry><entry VJ="1" align="center" colname="col3" rowsep="1">   129</entry></row></tbody></tgroup></table></Content></text><fussnoten><Content><P>(+++ Anlage 1 Teil A Abschn. 1 Nr. 1: Zur Anwendung vgl. § 1 Abs. 3 HkNGebV +++)</P></Content></fussnoten></textdaten></norm>
<norm builddate="20220331213022" doknr="BJNR013000015BJNE001603116"><metadaten><jurabk>AGebV</jurabk><enbez>Anlage 2</enbez><titel format="XML">(zu § 5 Absatz 1 Nummer 2, § 9 Absatz 1 Nummer 1 Buchstabe b und § 10 Absatz 2 Nummer 2)</titel></metadaten><textdaten><text format="XML"><Content><P><noindex><kommentar typ="Fundstelle">(Fundstelle: BGBl. I 2021, 210 – 215)</kommentar></noindex></P><BR/><BR/><Title Align="auto">Besondere pauschale Stundensätze<BR/> (Berechnungsschema für behördenspezifische Pauschalsätze)</Title><P><table colsep="1" frame="all" pgwide="1" rowsep="1" tocentry="%yes;"><tgroup align="left" char="" charoff="50" cols="3"><colspec colname="col1" colwidth="44*"/><colspec align="justify" colname="col2" colwidth="80*"/><colspec colname="col3" colwidth="34*"/><thead valign="bottom"><row><entry VJ="1" align="center" colname="col1" valign="middle">Kostenblock</entry><entry VJ="1" align="center" colname="col2" valign="middle">Besoldungs- oder Entgeltgruppe/Zweckbestimmung</entry><entry VJ="1" align="center" colname="col3">Festtitel gemäß Haushaltssystematik des Bundes</entry></row></thead><tbody valign="top"><row><entry VJ="1" nameend="col3" namest="col1"><B><SP>1. Personaleinzelkosten</SP></B></entry></row><row><entry VJ="1" nameend="col3" namest="col1"><B>1.1 Beamtinnen und Beamte</B></entry></row><row><entry VJ="1" colname="col1" morerows="16" rowsep="0">1.1.1 steuerpflichtes Brutto</entry><entry VJ="1" colname="col2">A 3</entry><entry VJ="1" colname="col3"/></row><row><entry VJ="1" colname="col2">A 4</entry><entry VJ="1" colname="col3"/></row><row><entry VJ="1" colname="col2">A 5</entry><entry VJ="1" colname="col3"/></row><row><entry VJ="1" colname="col2">A 6</entry><entry VJ="1" colname="col3"/></row><row><entry VJ="1" colname="col2"><B>einfacher Dienst A 2 bis A 6</B></entry><entry VJ="1" colname="col3"/></row><row><entry VJ="1" colname="col2">A 6</entry><entry VJ="1" colname="col3"/></row><row><entry VJ="1" colname="col2">A 7</entry><entry VJ="1" colname="col3"/></row><row><entry VJ="1" colname="col2">A 8</entry><entry VJ="1" colname="col3"/></row><row><entry VJ="1" colname="col2">A 9</entry><entry VJ="1" colname="col3"/></row><row><entry VJ="1" colname="col2">A 9 + Zulage</entry><entry VJ="1" colname="col3"/></row><row><entry VJ="1" colname="col2"><B>mittlerer Dienst A 6 bis A 9 + Zulage</B></entry><entry VJ="1" colname="col3"/></row><row><entry VJ="1" colname="col2">A 9</entry><entry VJ="1" colname="col3"/></row><row><entry VJ="1" colname="col2">A 10</entry><entry VJ="1" colname="col3"/></row><row><entry VJ="1" colname="col2">A 11</entry><entry VJ="1" colname="col3"/></row><row><entry VJ="1" colname="col2">A 12</entry><entry VJ="1" colname="col3"/></row><row><entry VJ="1" colname="col2">A 13</entry><entry VJ="1" colname="col3"/></row><row><entry VJ="1" colname="col2">A 13 + Zulage</entry><entry VJ="1" colname="col3"/></row><row><entry VJ="1" colname="col1" morerows="5"/><entry VJ="1" colname="col2"><B>gehobener Dienst A 9 bis A 13 + Zulage</B></entry><entry VJ="1" colname="col3"/></row><row><entry VJ="1" colname="col2">A 13</entry><entry VJ="1" colname="col3"/></row><row><entry VJ="1" colname="col2">A 14</entry><entry VJ="1" colname="col3"/></row><row><entry VJ="1" colname="col2">A 15</entry><entry VJ="1" colname="col3"/></row><row><entry VJ="1" colname="col2">A 16</entry><entry VJ="1" colname="col3"/></row><row><entry VJ="1" colname="col2"><B>höherer Dienst A 13 bis A 16</B></entry><entry VJ="1" colname="col3"/></row><row><entry VJ="1" colname="col1" morerows="8">1.1.2 Versorgung<BR/> % von 1.1.1</entry><entry VJ="1" colname="col2"><B>Verwaltungsbeamtinnen und -beamte</B></entry><entry VJ="1" colname="col3"/></row><row><entry VJ="1" colname="col2"><!-- SPLIT UMBAU : [Text: einfacher Dienst][Element: <Split/>

][Text: 27,9  ]--><table colsep="0" frame="none" pgwide="1" rowsep="0" tocentry="%yes;"><tgroup align="left" char="" charoff="50" cols="2"><colspec align="left" colname="leftSplit"/><colspec align="right" colname="rightSplit"/><tbody Class="Split" valign="top"><row><entry VJ="1" colname="leftSplit">einfacher Dienst</entry><entry VJ="1" colname="rightSplit" valign="bottom">27,9  </entry></row></tbody></tgroup></table></entry><entry VJ="1" colname="col3"/></row><row><entry VJ="1" colname="col2"><!-- SPLIT UMBAU : [Text: mittlerer Dienst][Element: <Split/>

][Text: 27,9  ]--><table colsep="0" frame="none" pgwide="1" rowsep="0" tocentry="%yes;"><tgroup align="left" char="" charoff="50" cols="2"><colspec align="left" colname="leftSplit"/><colspec align="right" colname="rightSplit"/><tbody Class="Split" valign="top"><row><entry VJ="1" colname="leftSplit">mittlerer Dienst</entry><entry VJ="1" colname="rightSplit" valign="bottom">27,9  </entry></row></tbody></tgroup></table></entry><entry VJ="1" colname="col3"/></row><row><entry VJ="1" colname="col2"><!-- SPLIT UMBAU : [Text: gehobener Dienst][Element: <Split/>

][Text: 29,3  ]--><table colsep="0" frame="none" pgwide="1" rowsep="0" tocentry="%yes;"><tgroup align="left" char="" charoff="50" cols="2"><colspec align="left" colname="leftSplit"/><colspec align="right" colname="rightSplit"/><tbody Class="Split" valign="top"><row><entry VJ="1" colname="leftSplit">gehobener Dienst</entry><entry VJ="1" colname="rightSplit" valign="bottom">29,3  </entry></row></tbody></tgroup></table></entry><entry VJ="1" colname="col3"/></row><row><entry VJ="1" colname="col2"><!-- SPLIT UMBAU : [Text: höherer Dienst][Element: <Split/>

][Text: 36,9  ]--><table colsep="0" frame="none" pgwide="1" rowsep="0" tocentry="%yes;"><tgroup align="left" char="" charoff="50" cols="2"><colspec align="left" colname="leftSplit"/><colspec align="right" colname="rightSplit"/><tbody Class="Split" valign="top"><row><entry VJ="1" colname="leftSplit">höherer Dienst</entry><entry VJ="1" colname="rightSplit" valign="bottom">36,9  </entry></row></tbody></tgroup></table></entry><entry VJ="1" colname="col3"/></row><row><entry VJ="1" colname="col2"><B>Polizeivollzugsbeamtinnen und -beamte</B></entry><entry VJ="1" colname="col3"/></row><row><entry VJ="1" colname="col2"><!-- SPLIT UMBAU : [Text: mittlerer Dienst][Element: <Split/>

][Text: 32,6  ]--><table colsep="0" frame="none" pgwide="1" rowsep="0" tocentry="%yes;"><tgroup align="left" char="" charoff="50" cols="2"><colspec align="left" colname="leftSplit"/><colspec align="right" colname="rightSplit"/><tbody Class="Split" valign="top"><row><entry VJ="1" colname="leftSplit">mittlerer Dienst</entry><entry VJ="1" colname="rightSplit" valign="bottom">32,6  </entry></row></tbody></tgroup></table></entry><entry VJ="1" colname="col3"/></row><row><entry VJ="1" colname="col2"><!-- SPLIT UMBAU : [Text: gehobener Dienst][Element: <Split/>

][Text: 32,6  ]--><table colsep="0" frame="none" pgwide="1" rowsep="0" tocentry="%yes;"><tgroup align="left" char="" charoff="50" cols="2"><colspec align="left" colname="leftSplit"/><colspec align="right" colname="rightSplit"/><tbody Class="Split" valign="top"><row><entry VJ="1" colname="leftSplit">gehobener Dienst</entry><entry VJ="1" colname="rightSplit" valign="bottom">32,6  </entry></row></tbody></tgroup></table></entry><entry VJ="1" colname="col3"/></row><row><entry VJ="1" colname="col2"><!-- SPLIT UMBAU : [Text: höherer Dienst][Element: <Split/>

][Text: 32,6  ]--><table colsep="0" frame="none" pgwide="1" rowsep="0" tocentry="%yes;"><tgroup align="left" char="" charoff="50" cols="2"><colspec align="left" colname="leftSplit"/><colspec align="right" colname="rightSplit"/><tbody Class="Split" valign="top"><row><entry VJ="1" colname="leftSplit">höherer Dienst</entry><entry VJ="1" colname="rightSplit" valign="bottom">32,6  </entry></row></tbody></tgroup></table></entry><entry VJ="1" colname="col3"/></row><row><entry VJ="1" nameend="col3" namest="col1">1.1.3 sonstige Personalnebenkosten</entry></row><row><entry VJ="1" colname="col1" morerows="4"/><entry VJ="1" colname="col2">Beihilfen aufgrund der Beihilfevorschriften sowie Heilfürsorge der Polizeivollzugsbeamtinnen und -beamten</entry><entry VJ="1" colname="col3">Z 441 .1 sowie 443 .3</entry></row><row><entry VJ="1" colname="col2">Fürsorgeleistungen und Unterstützungen einschließlich Inanspruchnahme von besonderen Fachdiensten/‑kräften</entry><entry VJ="1" colname="col3">Z 443 .1</entry></row><row><entry VJ="1" colname="col2" morerows="1">Trennungsgeld, Fahrtkostenzuschüsse sowie Umzugskostenvergütungen</entry><entry VJ="1" colname="col3">453 .1</entry></row><row><entry VJ="1" colname="col3">wenn bei Dienstreisen Trennungsgeld als Auslage abgerechnet wird:<BR/> 5% dieses Titels</entry></row><row><entry VJ="1" colname="col2">vermischte Personalausgaben – soweit die Kosten mit der gebührenfähigen Leistung verbunden sind (§ 3)</entry><entry VJ="1" colname="col3">459 .9</entry></row><row><entry VJ="1" nameend="col3" namest="col1"><B>1.2 Arbeitnehmerinnen und Arbeitnehmer</B></entry></row><row><entry VJ="1" colname="col1" morerows="12" rowsep="0">1.2.1 steuerpflichtiges Brutto</entry><entry VJ="1" colname="col2">E 2</entry><entry VJ="1" colname="col3"/></row><row><entry VJ="1" colname="col2">E 2 Ü</entry><entry VJ="1" colname="col3"/></row><row><entry VJ="1" colname="col2">E 3</entry><entry VJ="1" colname="col3"/></row><row><entry VJ="1" colname="col2">E 4</entry><entry VJ="1" colname="col3"/></row><row><entry VJ="1" colname="col2"><B>Gruppe E 2 bis E 4</B></entry><entry VJ="1" colname="col3"/></row><row><entry VJ="1" colname="col2">E 5</entry><entry VJ="1" colname="col3"/></row><row><entry VJ="1" colname="col2">E 6</entry><entry VJ="1" colname="col3"/></row><row><entry VJ="1" colname="col2">E 7</entry><entry VJ="1" colname="col3"/></row><row><entry VJ="1" colname="col2">E 8</entry><entry VJ="1" colname="col3"/></row><row><entry VJ="1" colname="col2">E 9a</entry><entry VJ="1" colname="col3"/></row><row><entry VJ="1" colname="col2"><B>Gruppe E 5 bis E 9a</B></entry><entry VJ="1" colname="col3"/></row><row><entry VJ="1" colname="col2">E 9b</entry><entry VJ="1" colname="col3"/></row><row><entry VJ="1" colname="col2">E 9c</entry><entry VJ="1" colname="col3"/></row><row><entry VJ="1" colname="col1" morerows="8" rowsep="1"/><entry VJ="1" colname="col2">E 10</entry><entry VJ="1" colname="col3"/></row><row><entry VJ="1" colname="col2">E 11</entry><entry VJ="1" colname="col3"/></row><row><entry VJ="1" colname="col2">E 12</entry><entry VJ="1" colname="col3"/></row><row><entry VJ="1" colname="col2"><B>Gruppe E 9b bis E 12</B></entry><entry VJ="1" colname="col3"/></row><row><entry VJ="1" colname="col2">E 13</entry><entry VJ="1" colname="col3"/></row><row><entry VJ="1" colname="col2">E 14</entry><entry VJ="1" colname="col3"/></row><row><entry VJ="1" colname="col2">E 15</entry><entry VJ="1" colname="col3"/></row><row><entry VJ="1" colname="col2">E 15 Ü</entry><entry VJ="1" colname="col3"/></row><row><entry VJ="1" colname="col2"><B>Gruppe E 13 bis E 15 Ü</B></entry><entry VJ="1" colname="col3"/></row><row><entry VJ="1" colname="col1" morerows="6" rowsep="0">1.2.2 Personalnebenkosten Bezüge</entry><entry VJ="1" colname="col2">E 2</entry><entry VJ="1" colname="col3"/></row><row><entry VJ="1" colname="col2">E 2 Ü</entry><entry VJ="1" colname="col3"/></row><row><entry VJ="1" colname="col2">E 3</entry><entry VJ="1" colname="col3"/></row><row><entry VJ="1" colname="col2">E 4</entry><entry VJ="1" colname="col3"/></row><row><entry VJ="1" colname="col2"><B>Gruppe E 2 bis E 4</B></entry><entry VJ="1" colname="col3"/></row><row><entry VJ="1" colname="col2">E 5</entry><entry VJ="1" colname="col3"/></row><row><entry VJ="1" colname="col2">E 6</entry><entry VJ="1" colname="col3"/></row><row><entry VJ="1" colname="col1" morerows="14" rowsep="1"/><entry VJ="1" colname="col2">E 7</entry><entry VJ="1" colname="col3"/></row><row><entry VJ="1" colname="col2">E 8</entry><entry VJ="1" colname="col3"/></row><row><entry VJ="1" colname="col2">E 9a</entry><entry VJ="1" colname="col3"/></row><row><entry VJ="1" colname="col2"><B>Gruppe E 5 bis E 9a</B></entry><entry VJ="1" colname="col3"/></row><row><entry VJ="1" colname="col2">E 9b</entry><entry VJ="1" colname="col3"/></row><row><entry VJ="1" colname="col2">E 9c</entry><entry VJ="1" colname="col3"/></row><row><entry VJ="1" colname="col2">E 10</entry><entry VJ="1" colname="col3"/></row><row><entry VJ="1" colname="col2">E 11</entry><entry VJ="1" colname="col3"/></row><row><entry VJ="1" colname="col2">E 12</entry><entry VJ="1" colname="col3"/></row><row><entry VJ="1" colname="col2"><B>Gruppe E 9b bis E 12</B></entry><entry VJ="1" colname="col3"/></row><row><entry VJ="1" colname="col2">E 13</entry><entry VJ="1" colname="col3"/></row><row><entry VJ="1" colname="col2">E 14</entry><entry VJ="1" colname="col3"/></row><row><entry VJ="1" colname="col2">E 15</entry><entry VJ="1" colname="col3"/></row><row><entry VJ="1" colname="col2">E 15 Ü</entry><entry VJ="1" colname="col3"/></row><row><entry VJ="1" colname="col2"><B>Gruppe E 13 bis E 15 Ü</B></entry><entry VJ="1" colname="col3"/></row><row><entry VJ="1" nameend="col3" namest="col1">1.2.3 sonstige Personalnebenkosten</entry></row><row><entry VJ="1" colname="col1" morerows="4" rowsep="0"/><entry VJ="1" colname="col2">Fürsorgeleistungen und Unterstützungen einschließlich Inanspruchnahme von besonderen Fachdiensten/-kräften</entry><entry VJ="1" colname="col3">Z 443 .1</entry></row><row><entry VJ="1" colname="col2">Unfallversicherung Bund und Bahn</entry><entry VJ="1" colname="col3">Z 452 02</entry></row><row><entry VJ="1" colname="col2" morerows="1">Trennungsgeld, Fahrtkostenzuschüsse sowie Umzugskostenvergütungen</entry><entry VJ="1" colname="col3">453 .1</entry></row><row><entry VJ="1" colname="col3">wenn bei Dienstreisen Trennungsgeld als Auslage abgerechnet wird:<BR/> 5 % dieses Titels</entry></row><row><entry VJ="1" colname="col2">vermischte Personalausgaben – soweit die Kosten mit der gebührenfähigen Leistung verbunden sind (§ 3)</entry><entry VJ="1" colname="col3">459 .9</entry></row><row><entry VJ="1" nameend="col3" namest="col1"><B><SP>2. Sacheinzelkosten</SP></B></entry></row><row><entry VJ="1" nameend="col3" namest="col1"><B>2.1 sächliche Verwaltungsausgaben</B></entry></row><row><entry VJ="1" colname="col1" morerows="5" rowsep="0"/><entry VJ="1" colname="col2">Geschäftsbedarf und Kommunikation sowie Geräte, Ausstattungs- und Ausrüstungsgegenstände, sonstige Gebrauchsgegenstände, Software, Wartung</entry><entry VJ="1" colname="col3">511 .1</entry></row><row><entry VJ="1" colname="col2" morerows="2">Verbrauchsmittel, Haltung von Fahrzeugen und dergleichen</entry><entry VJ="1" colname="col3">514 .1</entry></row><row><entry VJ="1" colname="col3">wenn Hubschrauber als Auslage abgerechnet werden:<BR/> 79 % dieses Titels</entry></row><row><entry VJ="1" colname="col3">wenn Boote oder Schiffe als Auslage abgerechnet werden:<BR/> 91 % dieses Titels</entry></row><row><entry VJ="1" colname="col2">Mieten und Pachten</entry><entry VJ="1" colname="col3">518 .1</entry></row><row><entry VJ="1" colname="col2">Aus- und Fortbildung</entry><entry VJ="1" colname="col3">525 .1</entry></row><row><entry VJ="1" colname="col1" morerows="11" rowsep="0"/><entry VJ="1" colname="col2" morerows="1">Dienstreisen</entry><entry VJ="1" colname="col3">527 .1</entry></row><row><entry VJ="1" colname="col3">wenn Dienstreisen als Auslage abgerechnet werden:<BR/> 0 % dieses Titels</entry></row><row><entry VJ="1" colname="col2" morerows="1">Sachverständige, Ausgaben für Mitglieder von Fachbeiräten und ähnlichen Ausschüssen – soweit die Kosten mit der gebührenfähigen Leistung verbunden sind (§ 3)</entry><entry VJ="1" colname="col3">Z 526 .2</entry></row><row><entry VJ="1" colname="col3">wenn Sachverständige als Auslage abgerechnet werden:<BR/> 60 % dieses Titels</entry></row><row><entry VJ="1" colname="col2">außergewöhnlicher Aufwand aus dienstlicher Veranlassung in besonderen Fällen – soweit die Kosten mit der gebührenfähigen Leistung verbunden sind (§ 3)</entry><entry VJ="1" colname="col3">Z 529 .1</entry></row><row><entry VJ="1" colname="col2">Aufträge und Dienstleistungen im Bereich Informationstechnik – soweit die Kosten mit der gebührenfähigen Leistung verbunden sind (§ 3)</entry><entry VJ="1" colname="col3">532 .1</entry></row><row><entry VJ="1" colname="col2">behördenspezifische fachbezogene Verwaltungsausgaben (ohne IT) – soweit die Kosten mit der gebührenfähigen Leistung verbunden sind (§ 3)</entry><entry VJ="1" colname="col3">532 .2</entry></row><row><entry VJ="1" colname="col2" morerows="1">sonstige Dienstleistungsaufträge an Dritte – soweit die Kosten mit der gebührenfähigen Leistung verbunden sind (§ 3)</entry><entry VJ="1" colname="col3">532 .3</entry></row><row><entry VJ="1" colname="col3">wenn sonstige Dienstleistungsaufträge an Dritte als Auslage abgerechnet werden:<BR/> 0 % dieses Titels</entry></row><row><entry VJ="1" colname="col2">vermischte Verwaltungsausgaben – soweit die Kosten mit der gebührenfähigen Leistung verbunden sind (§ 3)</entry><entry VJ="1" colname="col3">539 .9</entry></row><row><entry VJ="1" colname="col2">Öffentlichkeitsarbeit – soweit die Kosten mit der gebührenfähigen Leistung verbunden sind (§ 3)</entry><entry VJ="1" colname="col3">Z 542 .1</entry></row><row><entry VJ="1" colname="col2">Veröffentlichungen und Fachinformationen – soweit die Kosten mit der gebührenfähigen Leistung verbunden sind (§ 3)</entry><entry VJ="1" colname="col3">Z 543 .1</entry></row><row><entry VJ="1" colname="col1" rowsep="0"/><entry VJ="1" colname="col2">Forschung, Untersuchungen und Ähnliches – soweit die Kosten mit der gebührenfähigen Leistung verbunden sind (§ 3)</entry><entry VJ="1" colname="col3">544 .1</entry></row><row><entry VJ="1" colname="col1" rowsep="0"/><entry VJ="1" colname="col2">Konferenzen, Tagungen, Messen und Ausstellungen – soweit die Kosten mit der gebührenfähigen Leistung verbunden sind (§ 3)</entry><entry VJ="1" colname="col3">Z 545 .1</entry></row><row><entry VJ="1"/><entry VJ="1" colname="col2">nicht aufteilbare sächliche Verwaltungsausgaben – soweit die Kosten mit der gebührenfähigen Leistung verbunden sind (§ 3)</entry><entry VJ="1" colname="col3">547 .1</entry></row><row><entry VJ="1" nameend="col3" namest="col1"><B>2.2 Investitionen</B></entry></row><row><entry VJ="1" colname="col1" rowsep="0"/><entry VJ="1" colname="col2">Kleine Neu-, Um- und Erweiterungsbauten</entry><entry VJ="1" colname="col3">711 .1</entry></row><row><entry VJ="1" colname="col1" morerows="5"/><entry VJ="1" colname="col2" morerows="1">Erwerb von Fahrzeugen</entry><entry VJ="1" colname="col3">811 .1</entry></row><row><entry VJ="1" colname="col3">wenn Wasserwerfer als Auslage abgerechnet werden:<BR/> 96 % dieses Titels</entry></row><row><entry VJ="1" colname="col2">Erlöse aus der Veräußerung von beweglichen Sachen</entry><entry VJ="1" colname="col3">132 .1</entry></row><row><entry VJ="1" colname="col2">Erwerb von Geräten, Ausstattungs- und Ausrüstungsgegenständen für Verwaltungszwecke (ohne IT)</entry><entry VJ="1" colname="col3">812 .1</entry></row><row><entry VJ="1" colname="col2">Erwerb von Anlagen, Geräten, Ausstattungs- und Ausrüstungsgegenständen sowie Software im Bereich Informationstechnik</entry><entry VJ="1" colname="col3">812 .2</entry></row><row><entry VJ="1" colname="col2">Baumaßnahmen von mehr als 6 Mio. Euro im Einzelfall – soweit die Kosten mit der gebührenfähigen Leistung verbunden sind (§ 3)</entry><entry VJ="1" colname="col3">712 .1</entry></row><row><entry VJ="1" nameend="col3" namest="col1"><B>2.3 Büroräume</B></entry></row><row><entry VJ="1" colname="col1" morerows="2"/><entry VJ="1" colname="col2">Bewirtschaftung der Grundstücke, Gebäude und Räume</entry><entry VJ="1" colname="col3">517 .1</entry></row><row><entry VJ="1" colname="col2">Mieten und Pachten im Zusammenhang mit dem einheitlichen Liegenschaftsmanagement</entry><entry VJ="1" colname="col3">518 .2</entry></row><row><entry VJ="1" colname="col2">Unterhaltung der Grundstücke und baulichen Anlagen</entry><entry VJ="1" colname="col3">519 .1</entry></row><row><entry VJ="1" nameend="col2" namest="col1"><B>2.4 pauschaler Abschlag von 2.1 bis 2.3</B></entry><entry VJ="1" colname="col3">– 4 %</entry></row></tbody></tgroup></table><table colsep="1" frame="all" pgwide="1" rowsep="1" tocentry="%yes;"><tgroup align="left" char="" charoff="50" cols="3"><colspec colname="col1" colwidth="44*"/><colspec align="justify" colname="col2" colwidth="80*"/><colspec colname="col3" colwidth="34*"/><tbody valign="top"><row><entry VJ="1" nameend="col3" namest="col1"><B><SP>3. Gemeinkosten</SP></B></entry></row><row><entry VJ="1" nameend="col2" namest="col1">Zuschlagssatz auf Personaleinzel- und Sacheinzelkosten in Prozent</entry><entry VJ="1" colname="col3"/></row><row><entry VJ="1" nameend="col3" namest="col1"><B>3.1 relevante Organisationseinheiten, die interne Leistungen erbringen</B></entry></row><row><entry VJ="1" nameend="col3" namest="col1">Leitung</entry></row><row><entry VJ="1" nameend="col3" namest="col1">Stabstellen</entry></row><row><entry VJ="1" nameend="col3" namest="col1">interne Beauftragte (z. B. Datenschutzbeauftragte)</entry></row><row><entry VJ="1" nameend="col3" namest="col1">Controlling</entry></row><row><entry VJ="1" nameend="col3" namest="col1">interne Revision</entry></row><row><entry VJ="1" nameend="col3" namest="col1">Bereich Organisation/Personal/Haushalt (einschließlich Fortbildungsreferate, Gleichstellungsbeauftragte)</entry></row><row><entry VJ="1" nameend="col3" namest="col1">Liegenschaftsverwaltung</entry></row><row><entry VJ="1" nameend="col3" namest="col1">Informationstechnik</entry></row><row><entry VJ="1" nameend="col3" namest="col1">Arbeitsschutz</entry></row><row><entry VJ="1" nameend="col3" namest="col1">Justiziariat (ohne Gerichts- und Widerspruchsverfahren)</entry></row><row><entry VJ="1" nameend="col3" namest="col1">Innerer Dienst</entry></row><row><entry VJ="1" nameend="col3" namest="col1">Sprachendienst</entry></row><row><entry VJ="1" nameend="col3" namest="col1">Bibliothek</entry></row><row><entry VJ="1" nameend="col3" namest="col1">Druckerei</entry></row><row><entry VJ="1" nameend="col3" namest="col1">Beihilfestelle (nur für aktive Beamtinnen und Beamte)</entry></row><row><entry VJ="1" nameend="col3" namest="col1">Stelle für Reisekosten, Umzugskosten, Trennungsgeld</entry></row><row><entry VJ="1" nameend="col3" namest="col1">Bezügestelle</entry></row><row><entry VJ="1" nameend="col3" namest="col1">Personalvertretung</entry></row><row><entry VJ="1" nameend="col3" namest="col1"><B>3.2 Rechts- und Fachaufsicht</B></entry></row></tbody></tgroup></table><table colsep="1" frame="all" pgwide="1" rowsep="1" tocentry="%yes;"><tgroup align="left" char="" charoff="50" cols="3"><colspec colname="col1" colwidth="44*"/><colspec align="justify" colname="col2" colwidth="80*"/><colspec colname="col3" colwidth="34*"/><tbody valign="top"><row><entry VJ="1" nameend="col3" namest="col1"><B><SP>4. Personalstruktur</SP></B></entry></row><row><entry VJ="1" nameend="col3" namest="col1"><B>4.1 Anzahl</B></entry></row><row><entry VJ="1" colname="col1" morerows="9"/><entry VJ="1" colname="col2" morerows="4"><B>Beamtinnen und Beamte</B><BR/> (gegebenenfalls Differenzierung in Verwaltungsbeamtinnen und -beamte sowie Polizeivollzugsbeamtinnen und -beamte)</entry><entry VJ="1" colname="col3"><B>Gesamtzahl</B></entry></row><row><entry VJ="1" colname="col3">einfacher Dienst</entry></row><row><entry VJ="1" colname="col3">mittlerer Dienst</entry></row><row><entry VJ="1" colname="col3">gehobener Dienst</entry></row><row><entry VJ="1" colname="col3">höherer Dienst</entry></row><row><entry VJ="1" colname="col2" morerows="4"><B>Arbeitnehmerinnen und Arbeitnehmer</B></entry><entry VJ="1" colname="col3"><B>Gesamtzahl</B></entry></row><row><entry VJ="1" colname="col3">Gruppe E 2 bis E 4</entry></row><row><entry VJ="1" colname="col3">Gruppe E 5 bis E 9a</entry></row><row><entry VJ="1" colname="col3">Gruppe E 9b bis E 12</entry></row><row><entry VJ="1" colname="col3">Gruppe E 13<BR/> bis E 15 Ü</entry></row><row><entry VJ="1" nameend="col3" namest="col1"><B>4.2 Vollzeitäquivalente</B></entry></row><row><entry VJ="1" colname="col1" morerows="9"/><entry VJ="1" colname="col2" morerows="4"><B>Beamtinnen und Beamte</B><BR/> (gegebenenfalls Differenzierung in Verwaltungsbeamtinnen und -beamte sowie Polizeivollzugsbeamtinnen und -beamte)</entry><entry VJ="1" colname="col3"><B>Gesamtzahl</B></entry></row><row><entry VJ="1" colname="col3">einfacher Dienst</entry></row><row><entry VJ="1" colname="col3">mittlerer Dienst</entry></row><row><entry VJ="1" colname="col3">gehobener Dienst</entry></row><row><entry VJ="1" colname="col3">höherer Dienst</entry></row><row><entry VJ="1" colname="col2" morerows="4"><B>Arbeitnehmerinnen und Arbeitnehmer</B></entry><entry VJ="1" colname="col3"><B>Gesamtzahl</B></entry></row><row><entry VJ="1" colname="col3">Gruppe E 2 bis E 4</entry></row><row><entry VJ="1" colname="col3">Gruppe E 5 bis E 9a</entry></row><row><entry VJ="1" colname="col3">Gruppe E 9b bis E 12</entry></row><row><entry VJ="1" colname="col3">Gruppe E 13<BR/> bis E 15 Ü</entry></row></tbody></tgroup></table><table colsep="1" frame="all" pgwide="1" rowsep="1" tocentry="%yes;"><tgroup align="left" char="" charoff="50" cols="3"><colspec colname="col1" colwidth="44*"/><colspec align="justify" colname="col2" colwidth="80*"/><colspec colname="col3" colwidth="34*"/><tbody valign="top"><row><entry VJ="1" nameend="col3" namest="col1"><B><SP>5. Arbeitsleistung</SP></B></entry></row><row><entry VJ="1" colname="col1">Arbeitsstunden</entry><entry VJ="1" colname="col2"/><entry VJ="1" colname="col3">pro Monat</entry></row><row><entry VJ="1" colname="col1" morerows="1"/><entry VJ="1" colname="col2">Beamtinnen und Beamte</entry><entry VJ="1" colname="col3"/></row><row><entry VJ="1" colname="col2">Arbeitnehmerinnen und Arbeitnehmer</entry><entry VJ="1" colname="col3"/></row></tbody></tgroup></table></P></Content></text><fussnoten/></textdaten></norm>
</dokumente>