<?xml version="1.0" encoding="UTF-8" ?><!DOCTYPE dokumente SYSTEM "http://www.gesetze-im-internet.de/dtd/1.01/gii-norm.dtd">
<dokumente builddate="20120625151942" doknr="BJNR218500010"><norm builddate="20120625151942" doknr="BJNR218500010"><metadaten><jurabk>KonsVerAUTV</jurabk><amtabk>KonsVerAUTV</amtabk><ausfertigung-datum manuell="ja">2010-12-20</ausfertigung-datum><fundstelle typ="amtlich"><periodikum>BGBl I</periodikum><zitstelle>2010, 2185</zitstelle></fundstelle><kurzue>Deutsch-Österreichische Konsultationsvereinbarungsverordnung</kurzue><langue>Verordnung zur Umsetzung von Konsultationsvereinbarungen zwischen der Bundesrepublik Deutschland und der Republik Österreich</langue></metadaten><textdaten><fussnoten><Content><P><BR/> <pre xml:space="preserve">(+++ Textnachweis ab: 23.12.2010 +++)<BR/>(+++ Zur Anwendung vgl. § 7 +++)<BR/><BR/></pre></P></Content></fussnoten></textdaten></norm>
<norm builddate="20120625151942" doknr="BJNR218500010BJNE000100000"><metadaten><jurabk>KonsVerAUTV</jurabk><enbez>Eingangsformel</enbez></metadaten><textdaten><text format="XML"><Content><P>Auf Grund des § 2 Absatz 2 Satz 1 der Abgabenordnung, der durch Artikel 9 Nummer 2 Buchstabe b des Gesetzes vom 8. Dezember 2010 (BGBl. I S. 1768) angefügt worden ist, und des Artikels 97 § 1 Absatz 9 Satz 1 des Einführungsgesetzes zur Abgabenordnung, der durch Artikel 16 Nummer 1 des Gesetzes vom 8. Dezember 2010 (BGBl. I S. 1768) angefügt worden ist, verordnet das Bundesministerium der Finanzen:</P></Content></text></textdaten></norm>
<norm builddate="20120625151942" doknr="BJNR218500010BJNG000100000"><metadaten><jurabk>KonsVerAUTV</jurabk><gliederungseinheit><gliederungskennzahl>010</gliederungskennzahl><gliederungsbez>Abschnitt 1</gliederungsbez><gliederungstitel>Allgemeines</gliederungstitel></gliederungseinheit></metadaten><textdaten/></norm>
<norm builddate="20120625151942" doknr="BJNR218500010BJNE000200000"><metadaten><jurabk>KonsVerAUTV</jurabk><enbez>§ 1</enbez><titel format="XML">Abkommen</titel></metadaten><textdaten><text format="XML"><Content><P>Als Abkommen im Sinn dieser Verordnung gilt das Abkommen zwischen der Bundesrepublik Deutschland und der Republik Österreich zur Vermeidung der Doppelbesteuerung auf dem Gebiet der Steuern vom Einkommen und vom Vermögen vom 24. August 2000 (BGBl. 2002 II S. 734, 735) in der jeweils geltenden Fassung.</P></Content></text></textdaten></norm>
<norm builddate="20120625151942" doknr="BJNR218500010BJNE000300000"><metadaten><jurabk>KonsVerAUTV</jurabk><enbez>§ 2</enbez><titel format="XML">Anwendungsbereich</titel></metadaten><textdaten><text format="XML"><Content><P>Die einheitliche Anwendung und Auslegung des Abkommens in Bezug auf die Umsetzung entsprechender Konsultationsvereinbarungen im Sinn des § 2 Absatz 2 Satz 2 der Abgabenordnung, die von den zuständigen Behörden im Sinn des Artikels 3 Absatz 1 Buchstabe i des Abkommens getroffen worden sind, richtet sich nach dieser Verordnung.</P></Content></text></textdaten></norm>
<norm builddate="20120625151942" doknr="BJNR218500010BJNG000200000"><metadaten><jurabk>KonsVerAUTV</jurabk><gliederungseinheit><gliederungskennzahl>020</gliederungskennzahl><gliederungsbez>Abschnitt 2</gliederungsbez><gliederungstitel>Besteuerung von Abfindungszahlungen</gliederungstitel></gliederungseinheit></metadaten><textdaten/></norm>
<norm builddate="20120625151942" doknr="BJNR218500010BJNE000400000"><metadaten><jurabk>KonsVerAUTV</jurabk><enbez>§ 3</enbez><titel format="XML">Kausalitätsprinzip bei Arbeitnehmern</titel></metadaten><textdaten><text format="XML"><Content><P>Für die Anwendung des Artikels 15 Absatz 1 des Abkommens ist darauf abzustellen, ob die betreffenden Zahlungen als Entgelt für die im Arbeitsausübungsstaat erbrachten Arbeitsleistungen anzusehen sind. Hierbei ist es unerheblich, ob der Empfänger dieser Einkünfte im Zahlungszeitpunkt noch im Arbeitsausübungsstaat ansässig ist oder nicht und ob er zu diesem Zeitpunkt noch als Arbeitnehmer berufstätig ist oder nicht.</P></Content></text></textdaten></norm>
<norm builddate="20120625151942" doknr="BJNR218500010BJNE000500000"><metadaten><jurabk>KonsVerAUTV</jurabk><enbez>§ 4</enbez><titel format="XML">Gehaltsfortzahlung nach vorzeitiger Beendigung des Dienstverhältnisses durch einen Arbeitgeber</titel></metadaten><textdaten><text format="XML"><Content><P>Verlegt ein in einem Vertragsstaat ansässiger Arbeitnehmer aus Anlass der vorzeitigen Beendigung seines Dienstverhältnisses seinen Wohnsitz in den anderen Vertragsstaat und werden ihm die Gehälter bis zum vertraglich vorgesehenen Ablauf des Dienstverhältnisses weitergezahlt, so steht das Besteuerungsrecht an den Gehaltsfortzahlungen dem Staat zu, der auch für die Bezüge aus der aktiven Tätigkeit besteuerungsberechtigt war.</P></Content></text></textdaten></norm>
<norm builddate="20120625151942" doknr="BJNR218500010BJNE000600000"><metadaten><jurabk>KonsVerAUTV</jurabk><enbez>§ 5</enbez><titel format="XML">Zahlungen für ein Konkurrenz- und Wettbewerbsverbot</titel></metadaten><textdaten><text format="XML"><Content><P>Zahlungen für ein Konkurrenz- und Wettbewerbsverbot nach Beendigung des Dienstverhältnisses unterliegen in dem Staat der Besteuerung, der auch für die Bezüge aus der aktiven Tätigkeit besteuerungsberechtigt war.</P></Content></text></textdaten></norm>
<norm builddate="20120625151942" doknr="BJNR218500010BJNE000700000"><metadaten><jurabk>KonsVerAUTV</jurabk><enbez>§ 6</enbez><titel format="XML">Abfindung, Urlaubsentschädigung und Qualifikationskonflikte</titel></metadaten><textdaten><text format="XML"><Content><P>(1) Eine gesetzliche oder freiwillige Abfindung aus Anlass der Beendigung des Arbeitsverhältnisses sowie eine Urlaubsentschädigung unterliegen in jenem Staat der Besteuerung, der auch für die Bezüge aus der aktiven Tätigkeit besteuerungsberechtigt war.</P><P>(2) Können Gehaltsfortzahlungen, Zahlungen für ein Konkurrenz- und Wettbewerbsverbot, Abfindungen und Urlaubsentschädigungen aus Anlass der Auflösung des Dienstverhältnisses, welche eine in einem Vertragsstaat ansässige Person nach Wegzug aus dem Tätigkeitsstaat von ihrem ehemaligen, im jeweils anderen Vertragsstaat ansässigen Arbeitgeber erhält, aufgrund der durch das maßgebliche innerstaatliche Recht dieses Staates gebotenen Anwendung des Abkommens nicht im ehemaligen Tätigkeitsstaat besteuert werden, liegt ein negativer Qualifikationskonflikt vor und diese Abfindungszahlungen werden gemäß Artikel 28 Absatz 1 Buchstabe a des Abkommens im jeweiligen Ansässigkeitsstaat dieser Person besteuert.</P><P>(3) Im Falle eines positiven Qualifikationskonflikts wird der Eintritt einer Doppelbesteuerung durch Steuerfreistellung im Ansässigkeitsstaat vermieden.</P></Content></text></textdaten></norm>
<norm builddate="20120625151942" doknr="BJNR218500010BJNG000300000"><metadaten><jurabk>KonsVerAUTV</jurabk><gliederungseinheit><gliederungskennzahl>030</gliederungskennzahl><gliederungsbez>Abschnitt 3</gliederungsbez><gliederungstitel>Schlussbestimmungen</gliederungstitel></gliederungseinheit></metadaten><textdaten/></norm>
<norm builddate="20120625151942" doknr="BJNR218500010BJNE000800000"><metadaten><jurabk>KonsVerAUTV</jurabk><enbez>§ 7</enbez><titel format="XML">Anwendungsregelung</titel></metadaten><textdaten><text format="XML"><Content><P>Diese Verordnung ist erstmals auf Besteuerungssachverhalte seit dem 1. Januar 2010 anzuwenden.</P></Content></text></textdaten></norm>
<norm builddate="20120625151942" doknr="BJNR218500010BJNE000900000"><metadaten><jurabk>KonsVerAUTV</jurabk><enbez>§ 8</enbez><titel format="XML">Inkrafttreten</titel></metadaten><textdaten><text format="XML"><Content><P>Diese Verordnung tritt am Tag nach der Verkündung in Kraft.</P></Content></text></textdaten></norm>
<norm builddate="20120625151942" doknr="BJNR218500010BJNE001000000"><metadaten><jurabk>KonsVerAUTV</jurabk><enbez>Schlussformel</enbez></metadaten><textdaten><text format="XML"><Content><P>Der Bundesrat hat zugestimmt.</P></Content></text></textdaten></norm>
</dokumente>