<?xml version="1.0" encoding="UTF-8" ?><!DOCTYPE dokumente SYSTEM "http://www.gesetze-im-internet.de/dtd/1.01/gii-norm.dtd">
<dokumente builddate="20131008093909" doknr="BJNR254800994"><norm builddate="20131008093909" doknr="BJNR254800994"><metadaten><jurabk>ErholNutzG</jurabk><amtabk>ErholNutzG</amtabk><ausfertigung-datum manuell="ja">1994-09-21</ausfertigung-datum><fundstelle typ="amtlich"><periodikum>BGBl I</periodikum><zitstelle>1994, 2538, 2548</zitstelle></fundstelle><kurzue>Erholungsnutzungsrechtsgesetz</kurzue><langue>Gesetz zur Bereinigung der im Beitrittsgebiet zu Erholungszwecken verliehenen Nutzungsrechte</langue></metadaten><textdaten><text format="XML"><Content><P/></Content></text><fussnoten><Content><P><BR/> <pre xml:space="preserve">(+++ Textnachweis ab: 1.1.1995 +++)<BR/><BR/></pre>Das G wurde als Artikel 2 G v. 21.9.1994 I 2538 (SchuldRÄndG) mit Zustimmung des Bundesrates beschlossen. Es ist gem. Art. 6 diese G am 1.1.1995 in Kraft getreten.</P></Content></fussnoten></textdaten></norm>
<norm builddate="20131008093909" doknr="BJNR254800994BJNE000100000"><metadaten><jurabk>ErholNutzG</jurabk><enbez>§ 1</enbez><titel format="parat">Anwendungsbereich</titel></metadaten><textdaten><text format="XML"><Content><P>Ist für die Errichtung eines Wochenendhauses oder eines anderen persönlichen Zwecken, jedoch nicht Wohn- oder betrieblichen Zwecken dienenden Gebäudes ein Nutzungsrecht an einem Grundstück verliehen worden (§ 287 des Zivilgesetzbuchs der Deutschen Demokratischen Republik) und kommt ein Anspruch nach dem Sachenrechtsbereinigungsgesetz wegen § 2 Abs. 1 Satz 1 Nr. 1 des Sachenrechtsbereinigungsgesetzes nicht in Betracht, können Grundstückseigentümer und Nutzer Ansprüche auf Bestellung eines Erbbaurechts nach Maßgabe dieses Gesetzes geltend machen.</P></Content></text></textdaten></norm>
<norm builddate="20131008093909" doknr="BJNR254800994BJNE000200000"><metadaten><jurabk>ErholNutzG</jurabk><enbez>§ 2</enbez><titel format="parat">Anspruch auf Bestellung eines Erbbaurechts</titel></metadaten><textdaten><text format="XML"><Content><P>Grundstückseigentümer und Nutzer können von dem jeweils anderen Teil die Annahme eines Angebots auf Bestellung eines Erbbaurechts verlangen, wenn der Inhalt des Angebots den Bestimmungen der §§ 3 bis 8 entspricht.</P></Content></text></textdaten></norm>
<norm builddate="20131008093909" doknr="BJNR254800994BJNE000300000"><metadaten><jurabk>ErholNutzG</jurabk><enbez>§ 3</enbez><titel format="parat">Erbbauzins</titel></metadaten><textdaten><text format="XML"><Content><P>(1) Der Zinssatz beträgt jährlich vier vom Hundert des ungeteilten Bodenwerts eines entsprechenden unbebauten Grundstücks. Jeder Beteiligte kann verlangen, daß der Erbbauzins nach einem anderen Zinssatz berechnet wird, wenn der für die Nutzung übliche Zinssatz mehr oder weniger als vier vom Hundert jährlich beträgt. Der Bodenwert des Grundstücks ist nach § 19 des Sachenrechtsbereinigungsgesetzes zu ermitteln.</P><P>(2) Der Erbbauzins ist vierteljährlich nachträglich am 31. März, 30. Juni, 30. September und 31. Dezember eines Jahres zu zahlen. Die Zahlungspflicht beginnt mit <DL Font="normal" Type="arabic"><DT>1.</DT><DD Font="normal"><LA Size="normal">der Ladung des Nutzers zum Termin im notariellen Vermittlungsverfahren, wenn der Grundstückseigentümer dessen Durchführung beantragt hat oder sich auf eine Verhandlung über den Inhalt des Erbbaurechts einläßt, oder</LA></DD> <DT>2.</DT><DD Font="normal"><LA Size="normal">einem § 2 entsprechenden Verlangen des Grundstückseigentümers oder mit der Annahme eines entsprechenden Angebots des Nutzers.</LA></DD> </DL>§ 44 Abs. 2 Satz 2 und 3 des Sachenrechtsbereinigungsgesetzes ist entsprechend anzuwenden.</P></Content> </text></textdaten></norm>
<norm builddate="20131008093909" doknr="BJNR254800994BJNE000400000"><metadaten><jurabk>ErholNutzG</jurabk><enbez>§ 4</enbez><titel format="parat">Zinsanpassungen</titel></metadaten><textdaten><text format="XML"><Content><P>Nutzer und Grundstückseigentümer sind verpflichtet, in den Erbbaurechtsvertrag eine Bestimmung aufzunehmen, die eine Anpassung des Erbbauzinses an veränderte Verhältnisse vorsieht. § 46 des Sachenrechtsbereinigungsgesetzes ist entsprechend anzuwenden.</P></Content></text></textdaten></norm>
<norm builddate="20131008093909" doknr="BJNR254800994BJNE000500000"><metadaten><jurabk>ErholNutzG</jurabk><enbez>§ 5</enbez><titel format="parat">Ermäßigung des Erbbauzinses</titel></metadaten><textdaten><text format="XML"><Content><P>Der vom Nutzer zu entrichtende Erbbauzins ermäßigt sich <DL Font="normal" Type="arabic"><DT>1.</DT><DD Font="normal"><LA Size="normal">in den ersten zwei Jahren auf ein Viertel,</LA></DD> <DT>2.</DT><DD Font="normal"><LA Size="normal">in den folgenden zwei Jahren auf die Hälfte und</LA></DD> <DT>3.</DT><DD Font="normal"><LA Size="normal">in den darauf folgenden zwei Jahren auf drei Viertel</LA></DD> </DL>des sich aus § 3 Abs. 1 ergebenden Erbbauzinses (Eingangsphase). Die Eingangsphase beginnt mit dem Eintritt der Zahlungspflicht nach diesem Gesetz, spätestens am 1. Juli 1995.</P></Content></text></textdaten></norm>
<norm builddate="20131008093909" doknr="BJNR254800994BJNE000600000"><metadaten><jurabk>ErholNutzG</jurabk><enbez>§ 6</enbez><titel format="parat">Dauer des Erbbaurechts</titel></metadaten><textdaten><text format="XML"><Content><P>Die Dauer des Erbbaurechts beträgt vom Vertragsabschluß an 30 Jahre.</P></Content></text></textdaten></norm>
<norm builddate="20131008093909" doknr="BJNR254800994BJNE000700000"><metadaten><jurabk>ErholNutzG</jurabk><enbez>§ 7</enbez><titel format="parat">Zulässige Nutzung, Heimfallanspruch</titel></metadaten><textdaten><text format="XML"><Content><P>(1) Der Grundstückseigentümer kann eine Vereinbarung im Erbbaurechtsvertrag verlangen, nach der der Nutzer das Gebäude nur zu persönlichen Zwecken im Sinne des § 1 Abs. 1 Nr. 1 des Schuldrechtsanpassungsgesetzes nutzen darf. Dies gilt nicht, wenn das aufstehende Gebäude bereits am 20. Juli 1993 dauernd zu Wohnzwecken genutzt worden ist.</P><P>(2) Der Grundstückseigentümer ist berechtigt, vom Nutzer zu verlangen, daß sich dieser ihm gegenüber verpflichtet, das Erbbaurecht auf ihn zu übertragen, wenn der Erbbauberechtigte die vertraglich zulässige Nutzung ändert und sie trotz einer mit Fristsetzung verbundenen Abmahnung fortsetzt.</P></Content> </text></textdaten></norm>
<norm builddate="20131008093909" doknr="BJNR254800994BJNE000800000"><metadaten><jurabk>ErholNutzG</jurabk><enbez>§ 8</enbez><titel format="parat">Anwendbarkeit des Sachenrechtsbereinigungsgesetzes</titel></metadaten><textdaten><text format="XML"><Content><P>Auf die nach diesem Gesetz zu bestellenden Erbbaurechte finden im übrigen die für den Eigenheimbau geltenden Bestimmungen des Sachenrechtsbereinigungsgesetzes entsprechende Anwendung; § 57 des Sachenrechtsbereinigungsgesetzes ist nicht anzuwenden.</P></Content></text></textdaten></norm>
</dokumente>