<?xml version="1.0" encoding="UTF-8" ?><!DOCTYPE dokumente SYSTEM "http://www.gesetze-im-internet.de/dtd/1.01/gii-norm.dtd">
<dokumente builddate="20120625151346" doknr="BJNR106040958"><norm builddate="20120625151346" doknr="BJNR106040958"><metadaten><jurabk>WZG§35IDNBek</jurabk><ausfertigung-datum manuell="ja">1958-08-12</ausfertigung-datum><fundstelle typ="amtlich"><periodikum>BGBl I</periodikum><zitstelle>1958, 604</zitstelle></fundstelle><langue>Bekanntmachung zu § 35 des Warenzeichengesetzes</langue></metadaten><textdaten><text format="XML"><Content><P/></Content></text><fussnoten><Content><P>(+++ Textnachweis Geltung ab:  1. 1.1964 +++)</P></Content></fussnoten></textdaten></norm>
<norm builddate="20120625151346" doknr="BJNR106040958BJNE000100306"><metadaten><jurabk>WZG§35IDNBek</jurabk><enbez>(XXXX)</enbez></metadaten><textdaten><text format="XML"><Content><P>Auf Grund des § 35 Abs. 3 Satz 2 des Warenzeichengesetzes in der Fassung vom 18. Juli 1953 (Bundesgesetzbl. I S. 645) wird gemäß einer Erklärung des Präsidenten des Patentamts der Republik Indonesien bekanntgemacht: <BR/>Deutsche Staatsangehörige, die ein Warenzeichen in der Republik Indonesien anmelden, brauchen nicht den Nachweis zu erbringen, daß sie für das Zeichen in dem Staat, in dem sich ihre Niederlassung befindet, den Markenschutz nachgesucht und erhalten haben.</P></Content></text></textdaten></norm>
<norm builddate="20120625151346" doknr="BJNR106040958BJNE000200306"><metadaten><jurabk>WZG§35IDNBek</jurabk><enbez>Schlussformel</enbez></metadaten><textdaten><text format="XML"><Content><P>Der Bundesminister der Justiz</P></Content></text></textdaten></norm>
</dokumente>