<?xml version="1.0" encoding="UTF-8" ?><!DOCTYPE dokumente SYSTEM "http://www.gesetze-im-internet.de/dtd/1.01/gii-norm.dtd">
<dokumente builddate="20220201213020" doknr="BJNR099400994"><norm builddate="20220201213020" doknr="BJNR099400994"><metadaten><jurabk>GlasVMstrV</jurabk><amtabk>GlasVMstrV</amtabk><ausfertigung-datum manuell="ja">1994-05-02</ausfertigung-datum><fundstelle typ="amtlich"><periodikum>BGBl I</periodikum><zitstelle>1994, 994</zitstelle></fundstelle><kurzue>Glasveredlermeisterverordnung</kurzue><langue>Verordnung über das Berufsbild und über die Prüfungsanforderungen im
praktischen und im fachtheoretischen Teil der Meisterprüfung für das
Glasveredler-Handwerk</langue><standangabe checked="ja"><standtyp>Stand</standtyp><standkommentar>Zuletzt geändert durch Art. 2 Abs. 15 V v. 18.1.2022 I 39</standkommentar></standangabe></metadaten><textdaten><text format="XML"><Content><P/></Content></text><fussnoten><Content><P>(+++ Textnachweis ab:  1. 7.1994 +++)</P></Content></fussnoten></textdaten></norm>
<norm builddate="20220201213020" doknr="BJNR099400994BJNE000400308"><metadaten><jurabk>GlasVMstrV</jurabk><enbez>Eingangsformel</enbez></metadaten><textdaten><text format="XML"><Content><P>Auf Grund des § 45 der Handwerksordnung in der Fassung der Bekanntmachung vom 28. Dezember 1965 (BGBl. 1966 I S. 1), der zuletzt durch Artikel 24 Nr. 1 des Gesetzes vom 18. März 1975 (BGBl. I S. 705) geändert worden ist, verordnet das Bundesministerium für Wirtschaft im Einvernehmen mit dem Bundesministerium für Bildung und Wissenschaft:</P></Content></text></textdaten></norm>
<norm builddate="20220201213020" doknr="BJNR099400994BJNG000100308"><metadaten><jurabk>GlasVMstrV</jurabk><gliederungseinheit><gliederungskennzahl>010</gliederungskennzahl><gliederungsbez>1. Abschnitt</gliederungsbez><gliederungstitel>Berufsbild</gliederungstitel></gliederungseinheit></metadaten><textdaten><text format="XML"><Content><P/></Content></text></textdaten></norm>
<norm builddate="20220201213020" doknr="BJNR099400994BJNE000500308"><metadaten><jurabk>GlasVMstrV</jurabk><enbez>§ 1</enbez><titel format="parat">Berufsbild</titel></metadaten><textdaten><text format="XML"><Content><P>(1) Dem Glasveredler-Handwerk sind folgende Tätigkeiten zuzurechnen: <DL Font="normal" Type="arabic"><DT>1.</DT><DD Font="normal"><LA Size="normal">Veredlung und Gestaltung von Flachglas, Hohlglas und glasähnlichen Stoffen durch Bearbeiten der Kanten, Ränder, Flächen und Formen,</LA></DD> <DT>2.</DT><DD Font="normal"><LA Size="normal">Herstellung, Einbau, Instandsetzung von Verglasungen, Ganzglaskonstruktionen und Glasintarsien,</LA></DD> <DT>3.</DT><DD Font="normal"><LA Size="normal">Herstellung und Montage von Spiegeln,</LA></DD> <DT>4.</DT><DD Font="normal"><LA Size="normal">Rüsten, Betreiben, Überwachen und Warten von Fertigungsanlagen der Glasveredlung, der Verbundsicherheits- und Isolierglasherstellung.</LA></DD> </DL> </P><P>(2) Dem Glasveredler-Handwerk sind folgende Kenntnisse und Fertigkeiten zuzurechnen: <DL Font="normal" Type="arabic"><DT>1.</DT><DD Font="normal"><LA Size="normal">Kenntnisse der technischen Richtlinien und berufsbezogenen Normen des Glasveredler-Handwerks,</LA></DD> <DT>2.</DT><DD Font="normal"><LA Size="normal">Kenntnisse über Stilkunde und über Gestaltung,</LA></DD> <DT>3.</DT><DD Font="normal"><LA Size="normal">Kenntnisse der Glasarten und Glaserzeugnisse, der Werk- und Hilfsstoffe, der Halb- und Fertigfabrikate sowie der glasähnlichen Stoffe,</LA></DD> <DT>4.</DT><DD Font="normal"><LA Size="normal">Kenntnisse der berufsbezogenen Vorschriften der Arbeitssicherheit und des Arbeitsschutzes, der Entsorgung sowie der rationellen Energieverwendung,</LA></DD> <DT>5.</DT><DD Font="normal"><LA Size="normal">Kenntnisse der Veredlungs- und Fertigungstechniken,</LA></DD> <DT>6.</DT><DD Font="normal"><LA Size="normal">Anfertigen und Lesen von Fertigungszeichnungen,</LA></DD> <DT>7.</DT><DD Font="normal"><LA Size="normal">Zuschneiden, Trennen und Bohren von Glaserzeugnissen,</LA></DD> <DT>8.</DT><DD Font="normal"><LA Size="normal">Übertragen von Vorlagen sowie Markieren, Einteilen und Anzeichnen von Glas,</LA></DD> <DT>9.</DT><DD Font="normal"><LA Size="normal">Spannen, Profilieren und Abziehen von Schleifkörpern,</LA></DD> <DT>10.</DT><DD Font="normal"><LA Size="normal">Vorreißen, Schlichten, Feinmachen, Polieren, Mattieren und Schattieren von Glas,</LA></DD> <DT>11.</DT><DD Font="normal"><LA Size="normal">Einschleifen von Keilen, Kugeln, Oliven, Rillen, Walzen, Ecken, Flächen sowie Facettieren und Polieren,</LA></DD> <DT>12.</DT><DD Font="normal"><LA Size="normal">Formveränderungs- oder Ausbruchschleifen,</LA></DD> <DT>13.</DT><DD Font="normal"><LA Size="normal">Gravieren, insbesondere Schneiden, Rutschen und Tiefgravieren sowie Ausführen von Hochschnittarbeiten,</LA></DD> <DT>14.</DT><DD Font="normal"><LA Size="normal">Bedrucken, Abdecken und Ausschneiden von Werkstücken,</LA></DD> <DT>15.</DT><DD Font="normal"><LA Size="normal">Strahlmattieren in Stufen und Strukturen sowie Eisblumieren,</LA></DD> <DT>16.</DT><DD Font="normal"><LA Size="normal">Ansetzen von Matt- und Säurebädern, Ätzen in Tönen, Stufen und Strukturen,</LA></DD> <DT>17.</DT><DD Font="normal"><LA Size="normal">Malen, Drucken, Spritzen von Farben sowie Härten und Einbrennen,</LA></DD> <DT>18.</DT><DD Font="normal"><LA Size="normal">Belegen von Spiegeln, Visitieren, Vorwaschen, Beschichten und Schützen der Beläge,</LA></DD> <DT>19.</DT><DD Font="normal"><LA Size="normal">Einsetzen, Befestigen und Abdichten von Glas und glasähnlichen Stoffen,</LA></DD> <DT>20.</DT><DD Font="normal"><LA Size="normal">Verbinden von Teilen aus Glas oder glasähnlichen Stoffen durch Sprossen, Beschläge oder Glasverbindungsmittel auf chemischer Basis,</LA></DD> <DT>21.</DT><DD Font="normal"><LA Size="normal">Verbinden von Glas zu Isolier- und Verbundglas-Einheiten sowie Vorspannen von Glas,</LA></DD> <DT>22.</DT><DD Font="normal"><LA Size="normal">Verformen, Biegen und Schmelzen von Glas und glasähnlichen Stoffen,</LA></DD> <DT>23.</DT><DD Font="normal"><LA Size="normal">Montieren, Befestigen, Kleben, Einbauen und Instandsetzen von Glaserzeugnissen und Fertigteilen,</LA></DD> <DT>24.</DT><DD Font="normal"><LA Size="normal">Lagern, Verpacken und Transportieren,</LA></DD> <DT>25.</DT><DD Font="normal"><LA Size="normal">Warten und Instandhalten der berufsbezogenen Werkzeuge, Geräte, Maschinen und Einrichtungen,</LA></DD> <DT>26.</DT><DD Font="normal"><LA Size="normal">Rüsten, Betreiben, Überwachen und Warten von Fertigungsanlagen und Automaten.</LA></DD> </DL></P></Content></text></textdaten></norm>
<norm builddate="20220201213020" doknr="BJNR099400994BJNG000200308"><metadaten><jurabk>GlasVMstrV</jurabk><gliederungseinheit><gliederungskennzahl>020</gliederungskennzahl><gliederungsbez>2. Abschnitt</gliederungsbez><gliederungstitel>Prüfungsanforderungen in den
Teilen I und II der Meisterprüfung</gliederungstitel></gliederungseinheit></metadaten><textdaten><text format="XML"><Content><P/></Content></text></textdaten></norm>
<norm builddate="20220201213020" doknr="BJNR099400994BJNE000600308"><metadaten><jurabk>GlasVMstrV</jurabk><enbez>§ 2</enbez><titel format="parat">Gliederung, Dauer und Bestehen der praktischen
Prüfung (Teil I)</titel></metadaten><textdaten><text format="XML"><Content><P>(1) In Teil I sind eine Meisterprüfungsarbeit anzufertigen und eine Arbeitsprobe auszuführen. Bei der Bestimmung der Meisterprüfungsarbeit sollen die Vorschläge des Prüflings nach Möglichkeit berücksichtigt werden.</P><P>(2) Die Anfertigung der Meisterprüfungsarbeit soll nicht länger als fünf Arbeitstage, die Ausführung der Arbeitsprobe nicht länger als acht Stunden dauern.</P><P>(3) Mindestvoraussetzung für das Bestehen des Teils I sind jeweils ausreichende Leistungen in der Meisterprüfungsarbeit und in der Arbeitsprobe.</P></Content>  </text></textdaten></norm>
<norm builddate="20220201213020" doknr="BJNR099400994BJNE000700308"><metadaten><jurabk>GlasVMstrV</jurabk><enbez>§ 3</enbez><titel format="parat">Meisterprüfungsarbeit</titel></metadaten><textdaten><text format="XML"><Content><P>(1) Als Meisterprüfungsarbeit ist eine der nachstehend genannten Arbeiten anzufertigen: <DL Font="normal" Type="arabic"><DT>1.</DT><DD Font="normal"><LA Size="normal">eine Formveränderung von Massiv- oder Hohlglasrohlingen durch unterschiedliche Veredlungstechniken,</LA></DD> <DT>2.</DT><DD Font="normal"><LA Size="normal">eine Dekor-, Flächen- und Formgestaltung von Hohl- und Flachglas durch unterschiedliche Schlifftechniken,</LA></DD> <DT>3.</DT><DD Font="normal"><LA Size="normal">ein Zierspiegel in freier und geometrischer Einteilung mit unterschiedlichen Kanten- und Flächenschliffen, Innen- und Außenbogen sowie eingesetzten Ecken,</LA></DD> <DT>4.</DT><DD Font="normal"><LA Size="normal">eine figurale, florale oder freie Gravur auf Hohl- oder Flachglas mit gestrahlten, geätzten oder geschliffenen Teilen in unterschiedlichen Techniken,</LA></DD> <DT>5.</DT><DD Font="normal"><LA Size="normal">eine Ganzglaskonstruktion in unterschiedlichen Formen, insbesondere Vitrinen, Glasmöbel, Gebilde mit besonderer Schliff-Ausbildung der Verbindungen, Teilmattierungen, feststehenden und bewegbaren Teilen,</LA></DD> <DT>6.</DT><DD Font="normal"><LA Size="normal">eine durch Veredlung gestaltete Glasfläche in verschiedenen Techniken, insbesondere Ätzen in mindestens fünf Tönen, Tiefen oder Strukturen sowie Strahlmattieren in mindestens drei Tiefen und Strukturen.</LA></DD> </DL> </P><P>(2) Der Prüfling hat vor Anfertigung der Meisterprüfungsarbeit dem Meisterprüfungsausschuß die Werkzeichnung, Detaildarstellungen, die Materialliste und eine Vorkalkulation zur Genehmigung vorzulegen.</P><P>(3) Das Angebotsschreiben, die Arbeitsbeschreibung und die Nachkalkulation sind bei der Bewertung der Meisterprüfungsarbeit zu berücksichtigen.</P></Content> </text></textdaten></norm>
<norm builddate="20220201213020" doknr="BJNR099400994BJNE000800308"><metadaten><jurabk>GlasVMstrV</jurabk><enbez>§ 4</enbez><titel format="parat">Arbeitsprobe</titel></metadaten><textdaten><text format="XML"><Content><P>(1) Als Arbeitsprobe sind vier der nachstehend genannten Arbeiten auszuführen: <DL Font="normal" Type="arabic"><DT>1.</DT><DD Font="normal"><LA Size="normal">Schneiden von Innen- und Außenbögen, Rand-, Eck- und Kreisausschnitten, Bohren sowie Schleifen der Kanten,</LA></DD> <DT>2.</DT><DD Font="normal"><LA Size="normal">Schleifen einer Modellfacette von mindestens 25 mm Breite mit eingesetzter Ecke,</LA></DD> <DT>3.</DT><DD Font="normal"><LA Size="normal">Schleifen von Dekoren mit Keilschliff, versetzten Ecken, Kugeln und Oliven,</LA></DD> <DT>4.</DT><DD Font="normal"><LA Size="normal">Gravurdekore in verschiedenen floralen und figuralen Mustern,</LA></DD> <DT>5.</DT><DD Font="normal"><LA Size="normal">Schriftgravuren in Schnittechnik,</LA></DD> <DT>6.</DT><DD Font="normal"><LA Size="normal">Gestalten einer Fläche durch Ätzen oder Strahlen in unterschiedlichen Tiefen, Tönen und Strukturen,</LA></DD> <DT>7.</DT><DD Font="normal"><LA Size="normal">Anfertigen eines vieleckigen Teils für eine Vitrine durch Verbinden auf Gehrung und Stoß,</LA></DD> <DT>8.</DT><DD Font="normal"><LA Size="normal">Montage von Glaserzeugnissen,</LA></DD> <DT>9.</DT><DD Font="normal"><LA Size="normal">Einsetzen, Klotzen, Befestigen, Abdichten und Versiegeln von Glaserzeugnissen.</LA></DD> </DL> </P><P>(2) In der Arbeitsprobe sind die wichtigsten Fertigkeiten und Kenntnisse zu prüfen, die in der Meisterprüfungsarbeit nicht oder nur unzureichend nachgewiesen werden konnten.</P></Content></text></textdaten></norm>
<norm builddate="20220201213020" doknr="BJNR099400994BJNE000900308"><metadaten><jurabk>GlasVMstrV</jurabk><enbez>§ 5</enbez><titel format="parat">Prüfung der fachtheoretischen Kenntnisse (Teil II)</titel></metadaten><textdaten><text format="XML"><Content><P>(1) In Teil II sind Kenntnisse in den folgenden fünf Prüfungsfächern nachzuweisen: <DL Font="normal" Type="arabic"><DT>1.</DT><DD Font="normal"><LA Size="normal">Technische Mathematik und Technisches Zeichnen:<DL Font="normal" Type="arabic"><DT>a)</DT><DD Font="normal"><LA Size="normal">Flächen-, Längen-, Massen-, Volumen-, Winkel- und Körperberechnungen,</LA></DD> <DT>b)</DT><DD Font="normal"><LA Size="normal">Mengen- und Massenermittlungen von Materialien,</LA></DD> <DT>c)</DT><DD Font="normal"><LA Size="normal">Entwurfs- und Werkzeichnungen, Körperdarstellungen,</LA></DD> <DT>d)</DT><DD Font="normal"><LA Size="normal">Darstellen von floralen, figuralen und ornamentalen Dekoren sowie Schriften und Wappen;</LA></DD> </DL></LA></DD> <DT>2.</DT><DD Font="normal"><LA Size="normal">Fachtechnologie:<DL Font="normal" Type="arabic"><DT>a)</DT><DD Font="normal"><LA Size="normal">Veredlungstechniken, Geräte, Werkzeuge, Maschinen und Einrichtungen,</LA></DD> <DT>b)</DT><DD Font="normal"><LA Size="normal">Fertigungs- und Automatisierungstechnik, Materialfluß, Zeitwerte, Qualitätssicherung und Informationsverarbeitung,</LA></DD> <DT>c)</DT><DD Font="normal"><LA Size="normal">Verglasungs- und Montagetechniken,</LA></DD> <DT>d)</DT><DD Font="normal"><LA Size="normal">technische Richtlinien und berufsbezogene Normen,</LA></DD> <DT>e)</DT><DD Font="normal"><LA Size="normal">berufsbezogene Vorschriften der Arbeitssicherheit und des Arbeitsschutzes, der Entsorgung sowie der rationellen Energieverwendung;</LA></DD> </DL></LA></DD> <DT>3.</DT><DD Font="normal"><LA Size="normal">Stilkunde und Gestaltung:<DL Font="normal" Type="arabic"><DT>a)</DT><DD Font="normal"><LA Size="normal">Entwicklungsgeschichte der Architektur, der Malerei und des Glases,</LA></DD> <DT>b)</DT><DD Font="normal"><LA Size="normal">Heraldik,</LA></DD> <DT>c)</DT><DD Font="normal"><LA Size="normal">Schriftarten und Schriftgestaltung,</LA></DD> <DT>d)</DT><DD Font="normal"><LA Size="normal">Gestalten von Flächen und Körpern;</LA></DD> </DL></LA></DD> <DT>4.</DT><DD Font="normal"><LA Size="normal">Werkstoffkunde:<DL Font="normal" Type="arabic"><DT>a)</DT><DD Font="normal"><LA Size="normal">Zusammensetzung, Aufbau, Herstellung, Eigenschaften, Anwendung und Veredlungsmöglichkeiten der Glasarten und Glaserzeugnisse,</LA></DD> <DT>b)</DT><DD Font="normal"><LA Size="normal">Arten, Eigenschaften und Anwendung der glasähnlichen Stoffe,</LA></DD> <DT>c)</DT><DD Font="normal"><LA Size="normal">Sorten, Vorkommen, Herstellung, Eigenschaften und Einsatz von Schleif-, Strahl- und Poliermitteln, Säuren, Lösungen, Farben und Klebern sowie Dicht-, Hilfs- und Kunststoffen, Halb- und Fertigfabrikaten;</LA></DD> </DL></LA></DD> <DT>5.</DT><DD Font="normal"><LA Size="normal">Kalkulation:</LA><LA Size="normal">Kostenermittlung unter Einbeziehung aller für die Preisbildung wesentlichen Faktoren.</LA></DD>  </DL> </P><P>(2) Die Prüfung ist schriftlich und mündlich durchzuführen.</P><P>(3) Die schriftliche Prüfung soll insgesamt nicht länger als zehn Stunden, die mündliche je Prüfling nicht länger als eine halbe Stunde dauern. In der schriftlichen Prüfung soll an einem Tag nicht länger als sechs Stunden geprüft werden.</P><P>(4) Der Prüfling ist von der mündlichen Prüfung auf Antrag zu befreien, wenn er im Durchschnitt mindestens gute schriftliche Leistungen erbracht hat.</P><P>(5) Mindestvoraussetzung für das Bestehen des Teils II sind ausreichende Leistungen in dem Prüfungsfach nach Absatz 1 Nr. 2.</P></Content>   </text></textdaten></norm>
<norm builddate="20220201213020" doknr="BJNR099400994BJNG000300308"><metadaten><jurabk>GlasVMstrV</jurabk><gliederungseinheit><gliederungskennzahl>030</gliederungskennzahl><gliederungsbez>3. Abschnitt</gliederungsbez><gliederungstitel>Übergangs- und Schlußvorschriften</gliederungstitel></gliederungseinheit></metadaten><textdaten><text format="XML"><Content><P/></Content></text></textdaten></norm>
<norm builddate="20220201213020" doknr="BJNR099400994BJNE001001116"><metadaten><jurabk>GlasVMstrV</jurabk><enbez>§ 6</enbez><titel format="XML">Übergangsvorschrift</titel></metadaten><textdaten><text format="XML"><Content><P>Ein Prüfungsverfahren, das vor Ablauf des 13. Februar 2020 begonnen worden ist, ist nach den bis zum Ablauf dieses Tages geltenden Vorschriften durch den nach § 47 der Handwerksordnung errichteten Meisterprüfungsausschuss fortzuführen.</P></Content></text><fussnoten/></textdaten></norm>
<norm builddate="20220201213020" doknr="BJNR099400994BJNE001102128"><metadaten><jurabk>GlasVMstrV</jurabk><enbez>§ 7</enbez><titel format="XML">Weitere Regelungen zur Meisterprüfung</titel></metadaten><textdaten><text format="XML"><Content><P>(1) Die Prüfung in den Teilen III und IV der Meisterprüfung bestimmt sich nach der Allgemeinen Meisterprüfungsverordnung vom 26. Oktober 2011 (BGBl. I S. 2149) in der jeweils geltenden Fassung.</P><P>(2) Die Vorschriften der Meisterprüfungsverfahrensverordnung bleiben unberührt.</P></Content></text><fussnoten/></textdaten></norm>
<norm builddate="20220201213020" doknr="BJNR099400994BJNE001200308"><metadaten><jurabk>GlasVMstrV</jurabk><enbez>§ 8</enbez><titel format="parat">Inkrafttreten</titel></metadaten><textdaten><text format="XML"><Content><P>(1) Diese Verordnung tritt am 1. Juli 1994 in Kraft.</P><P>(2) Die auf Grund des § 122 der Handwerksordnung weiter anzuwendenden Vorschriften sind, soweit sie Gegenstände dieser Verordnung regeln, nicht mehr anzuwenden.</P></Content> </text></textdaten></norm>
</dokumente>