<?xml version="1.0" encoding="UTF-8" ?><!DOCTYPE dokumente SYSTEM "http://www.gesetze-im-internet.de/dtd/1.01/gii-norm.dtd">
<dokumente builddate="20130405132014" doknr="BJNR203820990"><norm builddate="20130405132014" doknr="BJNR203820990"><metadaten><jurabk>SozSichRheinSchiffÜbkVwVbgG</jurabk><ausfertigung-datum manuell="ja">1990-04-30</ausfertigung-datum><fundstelle typ="amtlich"><periodikum>BGBl II</periodikum><zitstelle>1990, 382</zitstelle></fundstelle><langue>Gesetz zu der Verwaltungsvereinbarung vom 26. November 1987 zur
Durchführung des Übereinkommens vom 30. November 1979 über die Soziale
Sicherheit der Rheinschiffer</langue><standangabe checked="ja"><standtyp>Stand</standtyp><standkommentar>Zuletzt geändert durch Art. 241 V v. 31.10.2006 I 2407</standkommentar></standangabe></metadaten><textdaten><fussnoten><Content><P>(+++ Textnachweis ab: 11.5.1990 +++)</P></Content></fussnoten></textdaten></norm>
<norm builddate="20130405132014" doknr="BJNR203820990BJNE000100308"><metadaten><jurabk>SozSichRheinSchiffÜbkVwVbgG</jurabk><enbez>Eingangsformel</enbez></metadaten><textdaten><text format="XML"><Content><P>Der Bundestag hat mit Zustimmung des Bundesrates das folgende Gesetz beschlossen:</P></Content></text></textdaten></norm>
<norm builddate="20130405132014" doknr="BJNR203820990BJNE000200308"><metadaten><jurabk>SozSichRheinSchiffÜbkVwVbgG</jurabk><enbez>Art 1</enbez></metadaten><textdaten><text format="XML"><Content><P>Der in Straßburg am 26. November 1987 von der Bundesrepublik Deutschland unterzeichneten Verwaltungsvereinbarung zur Durchführung des Übereinkommens vom 30. November 1979 über die Soziale Sicherheit der Rheinschiffer wird zugestimmt. Die Verwaltungsvereinbarung wird nachstehend veröffentlicht.</P></Content></text></textdaten></norm>
<norm builddate="20130405132014" doknr="BJNR203820990BJNE000302308"><metadaten><jurabk>SozSichRheinSchiffÜbkVwVbgG</jurabk><enbez>Art 2</enbez></metadaten><textdaten><text format="XML"><Content><P>Das Bundesministerium für Arbeit und Soziales wird ermächtigt, durch Rechtsverordnung mit Zustimmung des Bundesrates zur Durchführung von Artikel 90 der Verwaltungsvereinbarung Vorschriften zu erlassen und in Kraft zu setzen über die <DL Font="normal" Type="arabic"><DT>1.</DT><DD Font="normal"><LA Size="normal">Änderung der Zuständigkeit und Benennung der in den Anhängen 2, 3, 4 und 6 der Verwaltungsvereinbarung bezeichneten Versicherungsträger und anderen Stellen;</LA></DD> <DT>2.</DT><DD Font="normal"><LA Size="normal">Weitergeltung und Ergänzung der im Anhang 5 Teil I der Verwaltungsvereinbarung aufzuführenden, für die Bundesrepublik Deutschland verbindlichen zwischen- und überstaatlichen Bestimmungen;</LA></DD> <DT>3.</DT><DD Font="normal"><LA Size="normal">Änderung und Ergänzung der im Anhang 5 Teil II der Verwaltungsvereinbarung aufgeführten Zahlungsvorschriften;</LA></DD> <DT>4.</DT><DD Font="normal"><LA Size="normal">Änderung des Anhangs 7 der Verwaltungsvereinbarung über die Bezugszeiträume der Familienbeihilfen im Falle eines Wohnortwechsels der Berechtigten.</LA></DD> </DL></P></Content></text><fussnoten/></textdaten></norm>
<norm builddate="20130405132014" doknr="BJNR203820990BJNE000400308"><metadaten><jurabk>SozSichRheinSchiffÜbkVwVbgG</jurabk><enbez>Art 3</enbez></metadaten><textdaten><text format="XML"><Content><P>Dieses Gesetz gilt auch im Land Berlin, sofern das Land Berlin die Anwendung dieses Gesetzes feststellt. Rechtsverordnungen, die auf Grund dieses Gesetzes erlassen werden, gelten im Land Berlin nach § 14 des Dritten Überleitungsgesetzes.</P></Content></text></textdaten></norm>
<norm builddate="20130405132014" doknr="BJNR203820990BJNE000500308"><metadaten><jurabk>SozSichRheinSchiffÜbkVwVbgG</jurabk><enbez>Art 4</enbez></metadaten><textdaten><text format="XML"><Content><P>(1) Dieses Gesetz tritt am Tage nach seiner Verkündung in Kraft.</P><P>(2) Der Tag, an dem die Verwaltungsvereinbarung nach ihrem Artikel 91 Abs. 1 für die Bundesrepublik Deutschland in Kraft tritt, ist im Bundesgesetzblatt bekanntzugeben.</P></Content> </text></textdaten></norm>
</dokumente>