<?xml version="1.0" encoding="UTF-8" ?><!DOCTYPE dokumente SYSTEM "http://www.gesetze-im-internet.de/dtd/1.01/gii-norm.dtd">
<dokumente builddate="20160122215515" doknr="BJNR209670915"><norm builddate="20160122215515" doknr="BJNR209670915"><metadaten><jurabk>GegAmtshSteuerSÜbk</jurabk><ausfertigung-datum manuell="ja">1988-01-25</ausfertigung-datum><fundstelle typ="amtlich"><periodikum>BGBl II</periodikum><zitstelle>2015, 967</zitstelle></fundstelle><langue>Übereinkommen über die gegenseitige Amtshilfe in Steuersachen</langue></metadaten><textdaten/></norm>
</dokumente>