<?xml version="1.0" encoding="UTF-8" ?><!DOCTYPE dokumente SYSTEM "http://www.gesetze-im-internet.de/dtd/1.01/gii-norm.dtd">
<dokumente builddate="20250107222001" doknr="BJNR003670962"><norm builddate="20250107222001" doknr="BJNR003670962"><metadaten><jurabk>SVG§63V</jurabk><amtabk>SUEV</amtabk><ausfertigung-datum manuell="ja">1962-05-15</ausfertigung-datum><fundstelle typ="amtlich"><periodikum>BGBl I</periodikum><zitstelle>1962, 367</zitstelle></fundstelle><kurzue>Soldaten-Unfallentschädigungsverordnung</kurzue><langue>Verordnung über die einmalige Unfallentschädigung nach § 84 des Soldatenversorgungsgesetzes</langue><standangabe checked="ja"><standtyp>Neuf</standtyp><standkommentar>Neugefasst durch Bek. v. 29.6.1977 I 1178;</standkommentar></standangabe><standangabe checked="ja"><standtyp>Stand</standtyp><standkommentar>zuletzt geändert durch Art. 14 G v. 20.8.2021 I 3932</standkommentar></standangabe></metadaten><textdaten><fussnoten><Content><P><BR/> <pre xml:space="preserve">(+++ Textnachweis Geltung ab: 1.1.1977 +++)<BR/><BR/></pre>Überschrift: IdF d. Art. 14 Nr. 1 G v. 20.8.2021 I 3932 mWv 1.1.2025</P></Content></fussnoten></textdaten></norm>
<norm builddate="20250107222001" doknr="BJNR003670962BJNE000101377"><metadaten><jurabk>SVG§63V</jurabk><jurabk>SUEV</jurabk><enbez>§ 1</enbez><titel format="XML">Flugdienst</titel></metadaten><textdaten><text format="XML"><Content><P>(1) Flugdienst im Sinne des § 84 Absatz 1 Nummer 1 und 2 des Soldatenversorgungsgesetzes ist jeder Aufenthalt, der an Bord eines Luftfahrzeugs zur Durchführung eines Flugauftrags oder eines sonstigen Befehls vom Beginn des Starts bis zur Beendigung der Landung erforderlich ist.</P><P>(2) Der Start beginnt nach der Freigabe zum Start oder aus eigenem Entschluß des verantwortlichen Luftfahrzeugführers mit der Bewegung des Luftfahrzeugs zum Zwecke des Abhebens und endet mit Erreichen der Reiseflughöhe oder der durch Flugauftrag vorgeschriebenen Mindestflughöhe. Die Landung beginnt mit der Freigabe zur Landung oder aus eigenem Entschluß des verantwortlichen Luftfahrzeugführers und endet bei Starrflüglern mit dem Verlassen der Start- und Landebahn, bei Drehflüglern mit dem Aufsetzen oder dem Ausrollen.</P><P>(3) Zum Flugdienst gehören auch <DL Font="normal" Type="arabic"><DT>1.</DT><DD Font="normal"><LA Size="normal">bei Luftfahrzeugen mit Strahl- oder Turbinenantrieb<DL Font="normal" Type="arabic"><DT>a)</DT><DD Font="normal"><LA Size="normal">das Rollen, Schweben oder Anschwimmen von der Park- zur Startposition und das Rollen, Schweben oder Abschwimmen nach dem Verlassen der Start- und Landebahn oder des Landepunkts zur Parkposition,</LA></DD><DT>b)</DT><DD Font="normal"><LA Size="normal">der Betrieb im Stand vom Anlassen des Triebwerks bis zum Stillstand des Triebwerks sowie die Bewegung bei laufendem Triebwerk zum Zwecke von Funktionsprüfungen oder Positionswechsel,</LA></DD></DL></LA></DD><DT>2.</DT><DD Font="normal"><LA Size="normal">bei Starrflüglern mit Kolbentriebwerk das Rollen auf nicht ordnungsgemäß ausgebauter und befestigter Oberfläche, die nicht durch Angehörige des Flugbetriebspersonals oder durch einen Luftfahrzeugführer vorher erkundet ist,</LA></DD><DT>3.</DT><DD Font="normal"><LA Size="normal">im Luftnotfall der Absprung mit dem Fallschirm,</LA></DD><DT>4.</DT><DD Font="normal"><LA Size="normal">im Luftrettungsdienst oder in der Ausbildung zum Luftrettungsdienst Dienstverrichtungen im Gefahrenbereich der Rotoren eines Drehflüglers oder beim Ab- oder Aufseilen an einem Drehflügler.</LA></DD></DL></P></Content></text><fussnoten/></textdaten></norm>
<norm builddate="20250107222001" doknr="BJNR003670962BJNE000201307"><metadaten><jurabk>SVG§63V</jurabk><jurabk>SUEV</jurabk><enbez>§ 2</enbez><titel format="parat">Fliegendes Personal</titel></metadaten><textdaten><text format="XML"><Content><P>(1) Soldaten, die zur Besatzung eines einsitzigen oder zweisitzigen strahlgetriebenen Kampfflugzeugs gehören oder in der Ausbildung zum Angehörigen der Besatzung eines solchen Luftfahrzeugs stehen, sind Angehörige des fliegenden Personals von einsitzigen und zweisitzigen strahlgetriebenen Kampfflugzeugen.</P><P>(2) Soldaten, die <DL Font="normal" Type="arabic"><DT>1.</DT><DD Font="normal"><LA Size="normal">zur Besatzung eines mehr als zweisitzigen strahlgetriebenen Kampfflugzeugs oder eines sonstigen Starrflüglers im Strahl- oder Turbinenantrieb gehören,</LA></DD> <DT>2.</DT><DD Font="normal"><LA Size="normal">in der Ausbildung zum Angehörigen der Besatzung eines Luftfahrzeugs, zum Fluglehrer oder zum Testpiloten stehen oder auf einen anderen Luftfahrzeugtyp umgeschult werden,</LA></DD> <DT>3.</DT><DD Font="normal"><LA Size="normal">zum Lehrpersonal für die fliegerische Ausbildung oder zum Prüfpersonal für die Abnahme fliegerischer Prüfungen gehören,</LA></DD> <DT>4.</DT><DD Font="normal"><LA Size="normal">Dienstverrichtungen nach § 1 Abs. 3 vornehmen,</LA></DD> <DT>5.</DT><DD Font="normal"><LA Size="normal">einen besonders gefährlichen Auftrag (§ 3 Abs. 1) durchführen,</LA></DD> <DT>6.</DT><DD Font="normal"><LA Size="normal">zur Besatzung eines Luftfahrzeugs gehören, das sich in einem besonders gefährlichen Flug- oder Betriebszustand (§ 3 Abs. 3) befindet,</LA></DD> </DL>sind Angehörige des besonders gefährdeten sonstigen fliegenden Personals.</P><P>(3) Für Soldaten, die auf Grund eines Befehls in einem Luftfahrzeug des Bundes, eines Landes oder der verbündeten Streitkräfte mitfliegen, gelten die Absätze 1 und 2 sinngemäß.</P></Content>  </text><fussnoten/></textdaten></norm>
<norm builddate="20250107222001" doknr="BJNR003670962BJNE000300319"><metadaten><jurabk>SVG§63V</jurabk><jurabk>SUEV</jurabk><enbez>§ 3</enbez><titel format="parat">Besonders gefährlicher Auftrag, Flug- oder Betriebszustand</titel></metadaten><textdaten><text format="XML"><Content><P>(1) Ein besonders gefährlicher Auftrag (§ 2 Abs. 2 Nr. 5) liegt vor bei vorgeschriebenen Flügen <DL Font="normal" Type="arabic"><DT>1.</DT><DD Font="normal"><LA Size="normal">in einer Flughöhe von weniger als 500 Meter über Grund,</LA></DD> <DT>2.</DT><DD Font="normal"><LA Size="normal">mit Verlastung oder Abwurf von Gegenständen,</LA></DD> <DT>3.</DT><DD Font="normal"><LA Size="normal">als Luftzielschleppflugzeug während des Beschusses,</LA></DD> <DT>4.</DT><DD Font="normal"><LA Size="normal">im Luftrettungseinsatz, dessen Durchführung mit einer besonderen Lebensgefahr verbunden ist,</LA></DD> <DT>5.</DT><DD Font="normal"><LA Size="normal">im Langsamflug, Kunstflug oder Verbandsflug,</LA></DD> <DT>6.</DT><DD Font="normal"><LA Size="normal">zur Durchführung von Messungen im Rahmen der Flugsicherung oder Wettererkundung (Meßflug),</LA></DD> <DT>7.</DT><DD Font="normal"><LA Size="normal">im Gebirge bei einem seitlichen Abstand von weniger als 20 Meter zu einer Steilwand,</LA></DD> <DT>8.</DT><DD Font="normal"><LA Size="normal">zur Erprobung oder zum Nachfliegen von neuen Luftfahrzeugtypen oder Luftfahrzeugen im Rahmen einer beabsichtigten Änderung des bisherigen Verwendungszwecks,</LA></DD> <DT>9.</DT><DD Font="normal"><LA Size="normal">zur Abnahme von neuen Luftfahrzeugen,</LA></DD> <DT>10.</DT><DD Font="normal"><LA Size="normal">zur Überprüfung von überholten Luftfahrzeugen oder neuen oder erneuerten wesentlichen Luftfahrzeugteilen,</LA></DD> <DT>11.</DT><DD Font="normal"><LA Size="normal">zur Durchführung von Triebwerks- und Geräteerprobungen.</LA></DD> </DL> </P><P>(2) Einem besonders gefährlichen Auftrag im Sinne des Absatzes 1 Nr. 1, 4, 5 und 7 stehen die Fälle gleich, in denen sich abweichend von dem erteilten Flugauftrag die Notwendigkeit der dort bezeichneten Flugarten erst nach dem Start auf Grund der die Flugbedingungen beeinflussenden Umstände ergibt.</P><P>(3) Ein besonders gefährlicher Flug- oder Betriebszustand (§ 2 Abs. 2 Nr. 6) liegt vor <DL Font="normal" Type="arabic"><DT>1.</DT><DD Font="normal"><LA Size="normal">für die Dauer des Start- und Landevorgangs (§ 1 Abs. 2),</LA></DD> <DT>2.</DT><DD Font="normal"><LA Size="normal">für die Dauer eines zur Durchführung des Flugauftrags notwendigen Durchfliegens von Schlechtwettergebieten, wenn das Luftfahrzeug nach Instrumentenflugregeln fliegen muß,</LA></DD> <DT>3.</DT><DD Font="normal"><LA Size="normal">wenn das Luftfahrzeug steuerungsunfähig ist.</LA></DD> </DL></P></Content> </text></textdaten></norm>
<norm builddate="20250107222001" doknr="BJNR003670962BJNE000400319"><metadaten><jurabk>SVG§63V</jurabk><jurabk>SUEV</jurabk><enbez>§ 4</enbez><titel format="parat">Springendes Personal der Luftlandetruppen</titel></metadaten><textdaten><text format="XML"><Content><P>Soldaten, die <DL Font="normal" Type="arabic"><DT>1.</DT><DD Font="normal"><LA Size="normal">einer springenden Einheit der Bundeswehr angehören,</LA></DD> <DT>2.</DT><DD Font="normal"><LA Size="normal">im Fallschirmsprung ausgebildet werden,</LA></DD> <DT>3.</DT><DD Font="normal"><LA Size="normal">zum Lehr- oder Ausbildungspersonal für die Sprungausbildung gehören,</LA></DD> <DT>4.</DT><DD Font="normal"><LA Size="normal">mit der Erprobung oder Abnahme von Fallschirmen betraut sind,</LA></DD> </DL>sind für die Dauer des Sprungdiensts (§ 5) springendes Personal der Luftlandetruppen.</P></Content></text></textdaten></norm>
<norm builddate="20250107222001" doknr="BJNR003670962BJNE000500319"><metadaten><jurabk>SVG§63V</jurabk><jurabk>SUEV</jurabk><enbez>§ 5</enbez><titel format="parat">Sprungdienst</titel></metadaten><textdaten><text format="XML"><Content><P>Sprungdienst ist <DL Font="normal" Type="arabic"><DT>1.</DT><DD Font="normal"><LA Size="normal">die Übung an der Landefallgrube, an der Pendelvorrichtung oder am Sprungturm,</LA></DD> <DT>2.</DT><DD Font="normal"><LA Size="normal">der Fallschirmabsprung vom Zeitpunkt des Absprungs aus dem Luftfahrzeug bis zur Beendigung des Gesamtabsetzvorgangs.</LA></DD> </DL></P></Content></text></textdaten></norm>
<norm builddate="20250107222001" doknr="BJNR003670962BJNE000600319"><metadaten><jurabk>SVG§63V</jurabk><jurabk>SUEV</jurabk><enbez>§ 6</enbez><titel format="parat">Soldaten im Bergrettungsdienst</titel></metadaten><textdaten><text format="XML"><Content><P>(1) Soldaten, die <DL Font="normal" Type="arabic"><DT>1.</DT><DD Font="normal"><LA Size="normal">Heeresbergführer oder Angehörige der Heeresbergführerlehrgänge,</LA></DD> <DT>2.</DT><DD Font="normal"><LA Size="normal">Angehörige der Hochgebirgszüge der Gebirgstruppe,</LA></DD> <DT>3.</DT><DD Font="normal"><LA Size="normal">auf Befehl zur Bergnothilfe eingesetzt,</LA></DD> <DT>4.</DT><DD Font="normal"><LA Size="normal">in der Ausbildung für die Bergnothilfe oder</LA></DD> <DT>5.</DT><DD Font="normal"><LA Size="normal">Ausbildungspersonal für die Fels- und Eisausbildung sind,</LA></DD> </DL>sind während der Dienstverrichtung nach Absatz 2 Soldaten im Bergrettungsdienst.</P><P>(2) Bergrettungsdienst ist jede Dienstverrichtung, die beim Einsatz oder bei der Ausbildung zur Bergnothilfe ausgeübt wird, und zwar im Felsklettern ab Schwierigkeitsgrad III, im Eisgehen ab Schwierigkeitsgrad II oder unter sonstigen Bedingungen, mit denen eine besondere Lebensgefahr verbunden ist. Ausbildung sind auch alle Dienstverrichtungen im Sinne des Satzes 1, die notwendig sind, um den Soldaten für die Bergnothilfe in Übung zu halten.</P></Content> </text></textdaten></norm>
<norm builddate="20250107222001" doknr="BJNR003670962BJNE000700319"><metadaten><jurabk>SVG§63V</jurabk><jurabk>SUEV</jurabk><enbez>§ 7</enbez><titel format="parat">Kampfschwimmer und Minentaucher</titel></metadaten><textdaten><text format="XML"><Content><P>(1) Soldaten, die als Einzelkämpfer für besondere Aufgaben gegen Schiffe, Unterwasserhindernisse sowie sonstige Anlagen im Wasser ausgebildet, in Übung gehalten und eingesetzt werden, sind Kampfschwimmer.</P><P>(2) Soldaten, die unter Wasser Minen suchen, finden und bezeichnen, hierfür ausgebildet, in Übung gehalten und eingesetzt werden, sind Minentaucher.</P><P>(3) Der Kampfschwimmerdienst umfaßt <DL Font="normal" Type="arabic"><DT>1.</DT><DD Font="normal"><LA Size="normal">Langstreckenschwimmen im offenen Meer, Langstreckentauchen, Anschwimmen von Objekten und sonstigen Einzelkämpfereinsatz im Wasser, soweit diese Dienstverrichtungen unter Fortfall der sonst im Taucherdienst der Marine üblichen Sicherheitsvorkehrungen ausgeübt werden,</LA></DD> <DT>2.</DT><DD Font="normal"><LA Size="normal">Orientierungsschwimmen unter Wasser,</LA></DD> <DT>3.</DT><DD Font="normal"><LA Size="normal">Sprengtätigkeit im Rahmen von Einsatzaufgaben im Wasser sowie</LA></DD> <DT>4.</DT><DD Font="normal"><LA Size="normal">Absetzen und Wiederaufnehmen durch Schiffe, Luftfahrzeuge oder sonstige Transportmittel.</LA></DD> </DL> </P><P>(4) Der Minentaucherdienst der Marine umfaßt das Tauchen nach den verschiedenen Minentauchverfahren in stehenden und strömenden Gewässern unter Fortfall der sonst im Taucherdienst der Marine üblichen Sicherheitsvorkehrungen.</P></Content>  </text></textdaten></norm>
<norm builddate="20250107222001" doknr="BJNR003670962BJNE000800319"><metadaten><jurabk>SVG§63V</jurabk><jurabk>SUEV</jurabk><enbez>§ 8</enbez><titel format="parat">Minendemonteure</titel></metadaten><textdaten><text format="XML"><Content><P>(1) Minentaucher, die zu Dienstverrichtungen nach Absatz 2 ausgebildet, in Übung gehalten und eingesetzt werden, sind Minendemonteure.</P><P>(2) Der dienstliche Einsatz an Minen unter Wasser umfaßt das Klassifizieren, Identifizieren und Beseitigen von Minen.</P></Content> </text></textdaten></norm>
<norm builddate="20250107222001" doknr="BJNR003670962BJNE000900319"><metadaten><jurabk>SVG§63V</jurabk><jurabk>SUEV</jurabk><enbez>§ 9</enbez><titel format="parat">Versuchspersonal für die Erprobung von Minen und ähnlichen
Kampfmitteln</titel></metadaten><textdaten><text format="XML"><Content><P>(1) Soldaten, die zur Erprobung von Minen und ähnlichen Kampfmitteln planmäßig oder auf dem Kommandoweg vorübergehend eingesetzt sind, sind Angehörige des Versuchspersonals für die dienstliche Erprobung von Minen und ähnlichen Kampfmitteln. Dies gilt auch für Soldaten, die zur dienstlichen Erprobung von Abwehrmitteln an Minen und ähnlichen Kampfmitteln planmäßig oder auf dem Kommandoweg vorübergehend eingesetzt sind, wenn eine Mine oder ein ähnliches Kampfmittel den Unfall verursacht hat.</P><P>(2) Minen sind Behälter mit Sprengstoffen oder Formkörper aus Sprengstoffen, die auf dem Land oder im Wasser verlegt und unter Verwendung von Explosivstoffen auf mechanischem, chemischem oder elektrischem Wege durch Berührung, Annäherung oder nach Ablauf einer vorher bestimmten Zeit gezündet werden. Ähnliche Kampfmittel sind sonstige Kampfmittel, die Explosivstoffe oder andere gefährliche Stoffe enthalten oder aus solchen Stoffen bestehen.</P><P>(3) Zur dienstlichen Erprobung gehören auch das Befördern, Verlegen, Wiederaufnehmen und sonstige dienstliche Verrichtungen, soweit die Tätigkeiten mit der Erprobung im Zusammenhang stehen.</P></Content>  </text></textdaten></norm>
<norm builddate="20250107222001" doknr="BJNR003670962BJNE001000319"><metadaten><jurabk>SVG§63V</jurabk><jurabk>SUEV</jurabk><enbez>§ 10</enbez><titel format="parat">Munitionsuntersuchungspersonal</titel></metadaten><textdaten><text format="XML"><Content><P>(1) Soldaten, die zur Untersuchung von Munition eingesetzt, und Soldaten, die dabei als Hilfskräfte tätig sind, gehören während des dienstlichen Umgangs mit Munition (Absatz 3) zum besonders gefährdeten Munitionsuntersuchungspersonal.</P><P>(2) Munition sind alle Gegenstände, die Explosivstoffe enthalten oder aus Explosivstoffen bestehen. Zur Erzeugung von Feuer, Rauch, künstlichem Nebel oder einer anderen Wirkung können die Gegenstände auch andere Stoffe enthalten.</P><P>(3) Dienstlicher Umgang mit Munition ist das befohlene Untersuchen (Prüfen und Feststellen des Zustands) von Munition, deren Zustand zweifelhaft oder deren Herkunft unbekannt ist. Dazu gehören alle Dienstverrichtungen, die mit der Untersuchung im Zusammenhang stehen, insbesondere das Suchen, Markieren, Freilegen, Befördern, Zerlegen und Vernichten sowie das Entfernen, Auswechseln und Hinzufügen von Teilen.</P></Content>  </text></textdaten></norm>
<norm builddate="20250107222001" doknr="BJNR003670962BJNE001100319"><metadaten><jurabk>SVG§63V</jurabk><jurabk>SUEV</jurabk><enbez>§ 11</enbez><titel format="parat">Besonders gefährlicher Einsatz mit tauchfähigen
Landfahrzeugen oder schwimmfähigen gepanzerten Landfahrzeugen</titel></metadaten><textdaten><text format="XML"><Content><P>(1) Soldaten, die zur Besatzung eines tauchfähigen Landfahrzeugs gehören, befinden sich in besonders gefährlichem Einsatz, wenn sie mit ihrem Fahrzeug zum Tauchen oder Waten eingesetzt sind und die für ihren Ausstieg aus dem Fahrzeug bestimmte Luke unter Wasser gerät.</P><P>(2) Soldaten, die zur Besatzung eines schwimmfähigen gepanzerten Landfahrzeugs gehören, befinden sich in besonders gefährlichem Einsatz, wenn sie mit ihrem Fahrzeug zum Schwimmen eingesetzt sind. Der Schwimmvorgang beginnt mit der Einfahrt in das Wasser und endet mit der Ausfahrt aus dem Wasser.</P><P>(3) Die Absätze 1 und 2 gelten entsprechend für Soldaten, die auf Grund eines Befehls oder aus sonstigen dienstlichen Gründen in einem tauchfähigen Landfahrzeug oder einem schwimmfähigen gepanzerten Landfahrzeug mitfahren.</P></Content>  </text></textdaten></norm>
<norm builddate="20250107222001" doknr="BJNR003670962BJNE001200319"><metadaten><jurabk>SVG§63V</jurabk><jurabk>SUEV</jurabk><enbez>§ 12</enbez><titel format="parat">U-Boot-Besatzungen</titel></metadaten><textdaten><text format="XML"><Content><P>(1) Soldaten, die sich auf Grund eines Befehls oder aus sonstigen dienstlichen Gründen an Bord eines U-Bootes befinden, sind Besatzungsmitglieder. Als Besatzungsmitglieder gelten auch die Soldaten, die für eine Verwendung auf einem U-Boot ausgebildet werden.</P><P>(2) Als besonders gefährlicher Dienst gilt der dienstliche Aufenthalt auf einem U-Boot während Über- oder Unterwasserfahrten, und zwar vom Ablegen bis zum Anlegen des Bootes. Das gleiche gilt für den dienstlichen Aufenthalt auf dem U-Boot im Hafen während des Ladens der Batterien sowie für die Dienstverrichtungen, die ein Soldat wegen seiner Verwendung auf einem U-Boot im Tauchtopf ausübt, um an einem Rettungsmittel ausgebildet oder in Übung gehalten zu werden.</P><P>(3) U-Boote im Sinne der Absätze 1 und 2 sind auch die U-Boote der verbündeten Streitkräfte.</P></Content>  </text></textdaten></norm>
<norm builddate="20250107222001" doknr="BJNR003670962BJNE001300319"><metadaten><jurabk>SVG§63V</jurabk><jurabk>SUEV</jurabk><enbez>§ 13</enbez><titel format="parat">Helm- und Schwimmtaucher</titel></metadaten><textdaten><text format="XML"><Content><P>(1) Soldaten, die zu Unterwasserarbeiten mit einem Helmtauchgerät ausgebildet, in Übung gehalten oder eingesetzt werden, sind Helmtaucher. Soldaten, die zu Unterwasserarbeiten mit einem Leichttauchgerät ausgebildet, in Übung gehalten oder eingesetzt werden, sind Schwimmtaucher.</P><P>(2) Besonders gefährlicher Tauchdienst ist jede Dienstverrichtung <DL Font="normal" Type="arabic"><DT>a)</DT><DD Font="normal"><LA Size="normal">des Helmtauchers vom Schließen bis zum Öffnen des Helmfensters;</LA></DD> <DT>b)</DT><DD Font="normal"><LA Size="normal">des Schwimmtauchers vom Auf- bis zum Absetzen der Schwimmaske.</LA></DD> </DL></P></Content> </text></textdaten></norm>
<norm builddate="20250107222001" doknr="BJNR003670962BJNE001600307"><metadaten><jurabk>SVG§63V</jurabk><jurabk>SUEV</jurabk><enbez>§ 14</enbez><titel format="parat">Einsatz beim Ein- oder Aushängen von Außenlasten bei einem
Drehflügelflugzeug</titel></metadaten><textdaten><text format="XML"><Content><P>(1) Soldaten, die unterhalb eines Drehflügelflugzeuges im Schwebeflug Außenlasten ein- oder aushängen, befinden sich im Einsatz beim Ein- oder Aushängen von Außenlasten. Der Einsatz umfaßt auch die Ausbildung und Erprobung.</P><P>(2) Das Ein- oder Aushängen von Außenlasten ist eine Dienstverrichtung, bei der die Einhängeöse eines Außenlastgerätes in den oder aus dem Lasthaken ein- oder ausgehängt wird.</P></Content> </text><fussnoten/></textdaten></norm>
<norm builddate="20250107222001" doknr="BJNR003670962BJNE001700320"><metadaten><jurabk>SVG§63V</jurabk><jurabk>SUEV</jurabk><enbez>§ 15</enbez><titel format="parat">Angehörige des Kommandos Spezialkräfte</titel></metadaten><textdaten><text format="XML"><Content><P>(1) Soldaten, die im Rahmen des Kommandos Spezialkräfte in besonderen militärischen Einsätzen verwendet oder hierfür ausgebildet werden, sind Angehörige des Kommandos Spezialkräfte. Entsprechendes gilt für andere Soldaten, die gemeinsam mit den in Satz 1 genannten Soldaten in besonderen Fällen eingesetzt oder ausgebildet werden.</P><P>(2) Besonders gefährlich ist eine Diensthandlung, die bei einem besonderen militärischen Einsatz oder in der Ausbildung dazu vorgenommen wird und die nach der Art des Einsatzes oder der Ausbildung über die im Militärdienst übliche Gefährdung hinausgeht.</P></Content> </text><fussnoten/></textdaten></norm>
<norm builddate="20250107222001" doknr="BJNR003670962BJNE001402320"><metadaten><jurabk>SVG§63V</jurabk><jurabk>SUEV</jurabk><enbez>§ 16</enbez><titel format="parat">Andere Angehörige des öffentlichen Dienstes im Bereich
der Bundeswehr</titel></metadaten><textdaten><text format="XML"><Content><P>Für Beamte, Angestellte und Arbeiter, die ihre Dienstobliegenheiten im Bereich der Bundeswehr verrichten, gelten die §§ 1 bis 15 entsprechend.</P></Content></text><fussnoten/></textdaten></norm>
<norm builddate="20250107222001" doknr="BJNR003670962BJNE001502320"><metadaten><jurabk>SVG§63V</jurabk><jurabk>SUEV</jurabk><enbez>§ 17</enbez><titel format="parat">Inkrafttreten</titel></metadaten><textdaten><text format="XML"><Content><P>-</P></Content></text><fussnoten/></textdaten></norm>
</dokumente>