<?xml version="1.0" encoding="UTF-8" ?><!DOCTYPE dokumente SYSTEM "http://www.gesetze-im-internet.de/dtd/1.01/gii-norm.dtd">
<dokumente builddate="20131202132626" doknr="BJNR107200995"><norm builddate="20131202132626" doknr="BJNR107200995"><metadaten><jurabk>Münz10DMBek 1995-07</jurabk><ausfertigung-datum manuell="ja">1995-07-06</ausfertigung-datum><fundstelle typ="amtlich"><periodikum>BGBl I</periodikum><zitstelle>1995, 1072</zitstelle></fundstelle><langue>Bekanntmachung über die Ausprägung von Bundesmünzen im Nennwert von 10
Deutschen Mark (Gedenkmünze 150. Geburtstag von Wilhelm Conrad Röntgen und 100.
Jahrestag der Entdeckung der Röntgenstrahlen)</langue></metadaten><textdaten><text format="XML"><Content><P/></Content></text><fussnoten><Content><P>(+++ Textnachweis ab: 25. 8.1995 +++)</P></Content></fussnoten></textdaten></norm>
<norm builddate="20131202132626" doknr="BJNR107200995BJNE000100320"><metadaten><jurabk>Münz10DMBek 1995-07</jurabk><enbez>(XXXX)</enbez></metadaten><textdaten><text format="XML"><Content><P>Auf Grund des § 6 des Gesetzes über die Ausprägung von Scheidemünzen in der im Bundesgesetzblatt Teil III, Gliederungsnummer 690-1, veröffentlichten bereinigten Fassung hat die Bundesregierung beschlossen, zum 150. Geburtstag von Wilhelm Conrad Röntgen und zugleich zum 100. Jahrestag der Entdeckung der Röntgenstrahlen eine Bundesmünze (Gedenkmünze) im Nennwert von 10 Deutschen Mark prägen zu lassen. Die Auflage der Münze beträgt 6,9 Millionen Stück. Die Prägung erfolgt im Bayerischen Hauptmünzamt, München.<BR/>Die Münze wird ab 13. September 1995 in den Verkehr gebracht.<BR/>Die Münze besteht aus einer Legierung von 625 Tausendteilen Silber und 375 Tausendteilen Kupfer. Sie hat einen Durchmesser von 32,5 Millimetern und ein Gewicht von 15,5 Gramm.<BR/>Das Gepräge auf beiden Seiten ist erhaben und wird von einem schützenden glatten Randstab umgeben.<BR/>Die Bildseite zeigt die Abbildung der Hand als Aufsicht und als schematische Röntgenaufnahme. Die Aufschrift lautet: <BR/>&quot;WILHELM CONRAD RÖNTGEN 1845 - 1923 <BR/>ENTDECKUNG DER RÖNTGENSTRAHLEN 8.11.1895&quot;.<BR/>Die Wertseite trägt einen Adler, die Jahreszahl 1995, das Münzzeichen &quot;D&quot; des Bayerischen Hauptmünzamtes und die Aufschrift: <BR/>&quot;10 DEUTSCHE MARK <BR/>BUNDESREPUBLIK DEUTSCHLAND&quot;.<BR/>Das Münzzeichen &quot;D&quot; befindet sich im Feld neben dem linken Adlerfang.<BR/>Der glatte Münzrand enthält in vertiefter Prägung die Inschrift: <BR/>&quot;ERSTER NOBELPREIS FUER PHYSIK 1901&quot;.<BR/>Zwischen Ende und Anfang der Randschrift befindet sich eine liegende Raute.<BR/>Der Entwurf der Münze stammt von Claus und Ursula Homfeld, Bremen.</P><P>Der Bundesminister der Finanzen</P></Content></text></textdaten></norm>
<norm builddate="20131202132626" doknr="BJNR107200995BJNE000200320"><metadaten><jurabk>Münz10DMBek 1995-07</jurabk><enbez>(XXXX)</enbez><titel format="parat">Abbildung der Münze</titel></metadaten><textdaten><text format="XML"><Content><P><noindex><kommentar typ="Fundstelle"><BR/>(Fundstelle: BGBl. I 1995, 1072)</kommentar></noindex><BR/><BR/><IMG Align="center" Pos="block" SRC="bgbl1_1995_j1072_0010.jpg" alt=""/><BR/><BR/></P></Content></text></textdaten></norm>
</dokumente>