<?xml version="1.0" encoding="UTF-8" ?><!DOCTYPE dokumente SYSTEM "http://www.gesetze-im-internet.de/dtd/1.01/gii-norm.dtd">
<dokumente builddate="20130405131732" doknr="BJNR172400996"><norm builddate="20130405131732" doknr="BJNR172400996"><metadaten><jurabk>MNrVAL</jurabk><amtabk>MNrVAL</amtabk><ausfertigung-datum manuell="ja">1996-11-11</ausfertigung-datum><fundstelle typ="amtlich"><periodikum>BGBl I</periodikum><zitstelle>1996, 1724</zitstelle></fundstelle><kurzue>Mitgliedsnummerverordnung-Landwirtschaft</kurzue><langue>Verordnung über Vergabe und Zusammensetzung der Mitgliedsnummer in der Alterssicherung der Landwirte</langue><standangabe checked="ja"><standtyp>Stand</standtyp><standkommentar>Zuletzt geändert durch Art. 11 G v. 12.4.2012 I 579</standkommentar></standangabe></metadaten><textdaten><text format="XML"><Content><P/></Content></text><fussnoten><Content><P>(+++ Textnachweis ab:  1. 1.1999 +++)</P><P><BR/> Die V tritt am 1.1.1999 in Kraft</P></Content></fussnoten></textdaten></norm>
<norm builddate="20130405131732" doknr="BJNR172400996BJNE000100310"><metadaten><jurabk>MNrVAL</jurabk><enbez>Eingangsformel</enbez></metadaten><textdaten><text format="XML"><Content><P>Auf Grund des § 65 des Gesetzes über die Alterssicherung der Landwirte vom 29. Juli 1994 (BGBl. I S. 1890, 1891) verordnet das Bundesministerium für Arbeit und Sozialordnung im Einvernehmen mit dem Bundesministerium für Ernährung, Landwirtschaft und Forsten:</P></Content></text></textdaten></norm>
<norm builddate="20130405131732" doknr="BJNR172400996BJNE000201308"><metadaten><jurabk>MNrVAL</jurabk><enbez>§ 1</enbez><titel format="XML">Vergabe der Mitgliedsnummer</titel></metadaten><textdaten><text format="XML"><Content><P>(1) Die landwirtschaftliche Alterskasse vergibt an Versicherte, die bei ihr im Zeitpunkt der Vergabe versichert sind oder dort erstmalig versichert werden, eine Mitgliedsnummer, es sei denn, von einem anderen landwirtschaftlichen Sozialversicherungsträger ist bereits eine Mitgliedsnummer vergeben worden, die sich entsprechend § 2 zusammensetzt. Die landwirtschaftliche Alterskasse kann die Mitgliedsnummer für andere Personen vergeben, soweit dies zur Erfüllung der ihr durch Gesetz oder auf Grund eines Gesetzes zugewiesenen Aufgaben erforderlich ist. Ist bereits eine Mitgliedsnummer der Zusatzversorgungskasse für Arbeitnehmer in der Land- und Forstwirtschaft vergeben worden und ist diese Mitgliedsnummer entsprechend § 2 zusammengesetzt, hat die landwirtschaftliche Alterskasse diese zu übernehmen.</P><P>(2) Eine Mitgliedsnummer wird nur einmal vergeben und nicht berichtigt. Ist die Mitgliedsnummer oder sind Bestandteile derselben unrichtig, erhält der Versicherte eine neue Mitgliedsnummer; die unrichtige Mitgliedsnummer ist nicht mehr zu verwenden. Eine Mitgliedsnummer ist auch dann nicht mehr zu verwenden, wenn sie an mehrere Versicherte vergeben worden ist. Ist an eine Person mehr als eine Mitgliedsnummer vergeben worden, sind alle bis auf eine als nicht mehr verwendbar zu kennzeichnen, wobei eine Verbindung zwischen den Mitgliedsnummern herzustellen ist.</P></Content></text><fussnoten/></textdaten></norm>
<norm builddate="20130405131732" doknr="BJNR172400996BJNE000301308"><metadaten><jurabk>MNrVAL</jurabk><enbez>§ 2</enbez><titel format="XML">Zusammensetzung der Mitgliedsnummer</titel></metadaten><textdaten><text format="XML"><Content><P>(1) Die Mitgliedsnummer setzt sich zusammen aus <DL Font="normal" Type="arabic"><DT>1.</DT><DD Font="normal"><LA Size="normal">der Bereichsnummer,</LA></DD><DT>2.</DT><DD Font="normal"><LA Size="normal">der Seriennummer,</LA></DD><DT>3.</DT><DD Font="normal"><LA Size="normal">der Prüfziffer.</LA></DD></DL></P><P>(2) Die ersten beiden Stellen der Mitgliedsnummer enthalten die Bereichsnummer. Die Bereichsnummern ergeben sich aus der Anlage 1.</P><P>(3) Die Stellen drei bis zehn der Mitgliedsnummer enthalten die achtstellige Seriennummer. Sie bezeichnet in aufsteigender Reihenfolge die Versicherten.</P><P>(4) Die elfte Stelle der Mitgliedsnummer enthält die Prüfziffer. Sie wird gemäß der Anlage 2 berechnet.</P></Content></text><fussnoten/></textdaten></norm>
<norm builddate="20130405131732" doknr="BJNR172400996BJNE000400310"><metadaten><jurabk>MNrVAL</jurabk><enbez>§ 3</enbez><titel format="parat">Inkrafttreten</titel></metadaten><textdaten><text format="XML"><Content><P>Diese Verordnung tritt am 1. Januar 1999 in Kraft.</P></Content></text></textdaten></norm>
<norm builddate="20130405131732" doknr="BJNR172400996BJNE000500310"><metadaten><jurabk>MNrVAL</jurabk><enbez>Schlußformel</enbez></metadaten><textdaten><text format="XML"><Content><P>Der Bundesrat hat zugestimmt.</P></Content></text></textdaten></norm>
<norm builddate="20130405131732" doknr="BJNR172400996BJNE000602308"><metadaten><jurabk>MNrVAL</jurabk><enbez>Anlage 1</enbez><titel format="XML">Bereichsnummern</titel></metadaten><textdaten><text format="XML"><Content><P><noindex><kommentar typ="Fundstelle">(Fundstelle: BGBl. I 2012, 598)</kommentar></noindex></P><P>Bereichsnummern für das Gebiet<DL Font="normal" Type="Dash"><DT>–</DT><DD Font="normal"><LA Size="normal"><!-- SPLIT UMBAU : [Text: Schleswig-Holstein und Hamburg][Element: <Split/>



][Text: 01]--><table colsep="0" frame="none" pgwide="1" rowsep="0" tocentry="%yes;"><tgroup align="left" char="" charoff="50" cols="2"><colspec align="left" colname="leftSplit"/><colspec align="right" colname="rightSplit"/><tbody Class="Split" valign="top"><row><entry VJ="1" colname="leftSplit">Schleswig-Holstein und Hamburg</entry><entry VJ="1" colname="rightSplit" valign="bottom">01</entry></row></tbody></tgroup></table></LA></DD><DT>–</DT><DD Font="normal"><LA Size="normal"><!-- SPLIT UMBAU : [Text: Niedersachsen und Bremen][Element: <Split/>



][Text: 03]--><table colsep="0" frame="none" pgwide="1" rowsep="0" tocentry="%yes;"><tgroup align="left" char="" charoff="50" cols="2"><colspec align="left" colname="leftSplit"/><colspec align="right" colname="rightSplit"/><tbody Class="Split" valign="top"><row><entry VJ="1" colname="leftSplit">Niedersachsen und Bremen</entry><entry VJ="1" colname="rightSplit" valign="bottom">03</entry></row></tbody></tgroup></table></LA></DD><DT>–</DT><DD Font="normal"><LA Size="normal"><!-- SPLIT UMBAU : [Text: Nordrhein-Westfalen][Element: <Split/>



][Text: 07]--><table colsep="0" frame="none" pgwide="1" rowsep="0" tocentry="%yes;"><tgroup align="left" char="" charoff="50" cols="2"><colspec align="left" colname="leftSplit"/><colspec align="right" colname="rightSplit"/><tbody Class="Split" valign="top"><row><entry VJ="1" colname="leftSplit">Nordrhein-Westfalen</entry><entry VJ="1" colname="rightSplit" valign="bottom">07</entry></row></tbody></tgroup></table></LA></DD><DT>–</DT><DD Font="normal"><LA Size="normal"><!-- SPLIT UMBAU : [Text: Hessen, Rheinland-Pfalz und Saarland][Element: <Split/>



][Text: 08]--><table colsep="0" frame="none" pgwide="1" rowsep="0" tocentry="%yes;"><tgroup align="left" char="" charoff="50" cols="2"><colspec align="left" colname="leftSplit"/><colspec align="right" colname="rightSplit"/><tbody Class="Split" valign="top"><row><entry VJ="1" colname="leftSplit">Hessen, Rheinland-Pfalz und Saarland</entry><entry VJ="1" colname="rightSplit" valign="bottom">08</entry></row></tbody></tgroup></table></LA></DD><DT>–</DT><DD Font="normal"><LA Size="normal"><!-- SPLIT UMBAU : [Text: Franken und Oberbayern][Element: <Split/>



][Text: 12]--><table colsep="0" frame="none" pgwide="1" rowsep="0" tocentry="%yes;"><tgroup align="left" char="" charoff="50" cols="2"><colspec align="left" colname="leftSplit"/><colspec align="right" colname="rightSplit"/><tbody Class="Split" valign="top"><row><entry VJ="1" colname="leftSplit">Franken und Oberbayern</entry><entry VJ="1" colname="rightSplit" valign="bottom">12</entry></row></tbody></tgroup></table></LA></DD><DT>–</DT><DD Font="normal"><LA Size="normal"><!-- SPLIT UMBAU : [Text: Niederbayern/Oberpfalz und Schwaben][Element: <Split/>



][Text: 13]--><table colsep="0" frame="none" pgwide="1" rowsep="0" tocentry="%yes;"><tgroup align="left" char="" charoff="50" cols="2"><colspec align="left" colname="leftSplit"/><colspec align="right" colname="rightSplit"/><tbody Class="Split" valign="top"><row><entry VJ="1" colname="leftSplit">Niederbayern/Oberpfalz und Schwaben</entry><entry VJ="1" colname="rightSplit" valign="bottom">13</entry></row></tbody></tgroup></table></LA></DD><DT>–</DT><DD Font="normal"><LA Size="normal"><!-- SPLIT UMBAU : [Text: Baden-Württemberg][Element: <Split/>



][Text: 17]--><table colsep="0" frame="none" pgwide="1" rowsep="0" tocentry="%yes;"><tgroup align="left" char="" charoff="50" cols="2"><colspec align="left" colname="leftSplit"/><colspec align="right" colname="rightSplit"/><tbody Class="Split" valign="top"><row><entry VJ="1" colname="leftSplit">Baden-Württemberg</entry><entry VJ="1" colname="rightSplit" valign="bottom">17</entry></row></tbody></tgroup></table></LA></DD><DT>–</DT><DD Font="normal"><LA Size="normal"><!-- SPLIT UMBAU : [Text: Berlin, Brandenburg, Mecklenburg-Vorpom-][Element: <BR/>



][Text: mern, Sachsen-Anhalt, Sachsen und Thüringen][Element: 




<Split/>



][Text: 20]--><table colsep="0" frame="none" pgwide="1" rowsep="0" tocentry="%yes;"><tgroup align="left" char="" charoff="50" cols="2"><colspec align="left" colname="leftSplit"/><colspec align="right" colname="rightSplit"/><tbody Class="Split" valign="top"><row><entry VJ="1" colname="leftSplit">Berlin, Brandenburg, Mecklenburg-Vorpommern, Sachsen-Anhalt, Sachsen und Thüringen</entry><entry VJ="1" colname="rightSplit" valign="bottom">20</entry></row></tbody></tgroup></table></LA></DD></DL></P><P><!-- SPLIT UMBAU : [Text: Bereichsnummer für den Bereich Gartenbau][Element: <Split/>



][Text: 19]--><table colsep="0" frame="none" pgwide="1" rowsep="0" tocentry="%yes;"><tgroup align="left" char="" charoff="50" cols="2"><colspec align="left" colname="leftSplit"/><colspec align="right" colname="rightSplit"/><tbody Class="Split" valign="top"><row><entry VJ="1" colname="leftSplit">Bereichsnummer für den Bereich Gartenbau</entry><entry VJ="1" colname="rightSplit" valign="bottom">19</entry></row></tbody></tgroup></table></P><P><!-- SPLIT UMBAU : [Text: Bereichsnummer für die Zusatzversorgungs-][Element: <BR/>



][Text: kasse für Arbeitnehmer in der Land- und Forst-][Element: <BR/>][Text: 
wirtschaft (bei Vorliegen der Voraussetzungen][Element: <BR/>][Text: des § 1 
Absatz 1 Satz 3)][Element: 




<Split/>



][Text: 22]--><table colsep="0" frame="none" pgwide="1" rowsep="0" tocentry="%yes;"><tgroup align="left" char="" charoff="50" cols="2"><colspec align="left" colname="leftSplit"/><colspec align="right" colname="rightSplit"/><tbody Class="Split" valign="top"><row><entry VJ="1" colname="leftSplit">Bereichsnummer für die Zusatzversorgungskasse für Arbeitnehmer in der Land- und Forstwirtschaft (bei Vorliegen der Voraussetzungen<BR/>des § 1 Absatz 1 Satz 3)</entry><entry VJ="1" colname="rightSplit" valign="bottom">22</entry></row></tbody></tgroup></table></P></Content></text><fussnoten/></textdaten></norm>
<norm builddate="20130405131732" doknr="BJNR172400996BJNE000700310"><metadaten><jurabk>MNrVAL</jurabk><enbez>Anlage 2</enbez><titel format="parat">Prüfziffer</titel></metadaten><textdaten><text format="XML"><Content><P><ABWFORMAT typ="A"/><kommentar typ="Fundstelle">(Fundstelle: BGBl. I 1996, 1725)</kommentar></P><P><table frame="none" tocentry="%yes;"><tgroup align="left" char="" charoff="50" cols="2" colsep="0" rowsep="0"><colspec colname="col1" colnum="1" colwidth="5*"/><colspec colname="col2" colnum="2" colwidth="80*"/><tbody valign="top"><row><entry VJ="1" align="left" colsep="0" nameend="col2" namest="col1" valign="top">Die Prüfziffer wird wie folgt berechnet:</entry></row><row><entry VJ="1"><BR/></entry><entry VJ="1"><BR/></entry></row><row><entry VJ="1" align="left" colsep="0" valign="top">1.</entry><entry VJ="1" align="left" colsep="0" valign="top">Die Ziffern der ersten zehn Stellen der Mitgliedsnummer werden - an der ersten Stelle beginnend - mit den Faktoren 2, 7, 6, 5, 4, 3, 2, 7, 6 und 5 multipliziert.</entry></row><row><entry VJ="1" align="left" colsep="0" valign="top">2.</entry><entry VJ="1" align="left" colsep="0" valign="top">Die Produkte werden zu einer Gesamtsumme addiert.</entry></row><row><entry VJ="1" align="left" colsep="0" valign="top">3.</entry><entry VJ="1" align="left" colsep="0" valign="top">Die Gesamtsumme wird so oft um den Wert &quot;11&quot; vermindert, bis der verbleibende Rest kleiner als 11 ist.</entry></row><row><entry VJ="1" align="left" colsep="0" valign="top">4.</entry><entry VJ="1" align="left" colsep="0" valign="top">Ist der verbleibende Rest 0 oder 1, ist die Prüfziffer = 0.</entry></row><row><entry VJ="1" align="left" colsep="0" valign="top">5.</entry><entry VJ="1" align="left" colsep="0" valign="top">Ist der verbleibende Rest größer als 1, besteht die Prüfziffer aus der Differenz zwischen dem Wert &quot;11&quot; und dem verbleibenden Rest.</entry></row></tbody></tgroup></table></P></Content></text></textdaten></norm>
</dokumente>