<?xml version="1.0" encoding="UTF-8" ?><!DOCTYPE dokumente SYSTEM "http://www.gesetze-im-internet.de/dtd/1.01/gii-norm.dtd">
<dokumente builddate="20250218223003" doknr="BJNR218610008"><norm builddate="20250218223003" doknr="BJNR218610008"><metadaten><jurabk>FlGDV 1</jurabk><amtabk>1. FlGDV</amtabk><ausfertigung-datum manuell="ja">2008-11-12</ausfertigung-datum><fundstelle typ="amtlich"><periodikum>BGBl I</periodikum><zitstelle>2008, 2186</zitstelle></fundstelle><kurzue>1. Fleischgesetz-Durchführungsverordnung</kurzue><langue>Verordnung über die Preismeldung bei Schlachtkörpern und deren Kennzeichnung</langue><standangabe checked="ja"><standtyp>Stand</standtyp><standkommentar>Zuletzt geändert durch Art. 1 V v. 30.10.2024 I Nr. 342</standkommentar></standangabe></metadaten><textdaten><fussnoten><Content><P><BR/> <pre xml:space="preserve">(+++ Textnachweis ab: 19.11.2008 +++)<BR/> <BR/>(+++ Amtlicher Hinweis des Normgebers auf EG-Recht: <BR/>     Umsetzung der <BR/>       EUV 2022/2379     (CELEX Nr: 32022R2379) vgl. V v. 30.10.2024 I Nr. 342 <BR/>+++)<BR/><BR/></pre>Die V wurde als Artikel 1 der V v. 12.11.2008 I 2186 vom Bundesministerium für Ernährung, Landwirtschaft und Verbraucherschutz erlassen. Sie ist gem. Art. 8 Satz 1 dieser V am 19.11.2008 in Kraft getreten.</P></Content></fussnoten></textdaten></norm>
<norm builddate="20250218223003" doknr="BJNR218610008BJNG000100000"><metadaten><jurabk>FlGDV 1</jurabk><jurabk>1. FlGDV</jurabk><gliederungseinheit><gliederungskennzahl>010</gliederungskennzahl><gliederungsbez>Abschnitt 1</gliederungsbez><gliederungstitel>Allgemeine Bestimmungen</gliederungstitel></gliederungseinheit></metadaten><textdaten/></norm>
<norm builddate="20250218223003" doknr="BJNR218610008BJNE000101377"><metadaten><jurabk>FlGDV 1</jurabk><jurabk>1. FlGDV</jurabk><enbez>§ 1</enbez><titel format="XML">Schlachtnummer</titel></metadaten><textdaten><text format="XML"><Content><P>(1) Schlachtbetriebe sind verpflichtet, die Schlachtkörper von Rindern, Schweinen und Schafen unmittelbar nach der Schlachtung des jeweiligen Tieres spätestens zum Zeitpunkt der Verwiegung und Klassifizierung mit einer wöchentlich fortlaufenden Schlachtnummer so zu kennzeichnen, dass der Lieferant der Schlachttiere jederzeit festgestellt werden kann.</P><P>(2) Die Kennzeichnung ist deutlich lesbar auf beiden Körperhälften anzubringen und bis zur Zerlegung zu belassen. Abweichend von Satz 1 ist die Kennzeichnung bei Rindern auf jedem Viertel anzubringen.</P></Content></text><fussnoten/></textdaten></norm>
<norm builddate="20250218223003" doknr="BJNR218610008BJNE000203125"><metadaten><jurabk>FlGDV 1</jurabk><jurabk>1. FlGDV</jurabk><enbez>§ 2</enbez><titel format="XML">Verwiegung, Schnittführung</titel></metadaten><textdaten><text format="XML"><Content><P>(1) Schlachtbetriebe, die unter Berücksichtigung des Schlachtgewichts abrechnen, sind verpflichtet, das Schlachtgewicht von ganzen, halben und viertel Schlachtkörpern von Rindern, Schweinen und Schafen unmittelbar nach der Schlachtung im Anschluss an die Fleischuntersuchung vor Beginn des Kühlprozesses nach Maßgabe der Absätze 2 und 3 feststellen zu lassen. Bei Schweinen muss die Verwiegung spätestens 45 Minuten, bei den übrigen Tierarten spätestens eine Stunde nach dem Stechen erfolgen.</P><P>(2) Schlachtgewicht ist das Warmgewicht des geschlachteten ausgeweideten Tieres <DL Font="normal" Type="arabic"><DT>1.</DT><DD Font="normal"><LA Size="normal">bei Rinder, die bei der Schlachtung mindestens acht Monate alt waren, ausschließlich der Haut, des zwischen Hinterhauptbein und erstem Halswirbel abgetrennten Kopfes, der im Karpal- und Tarsalgelenk abgetrennten Gliedmaßen, der Organe in der Brust- und Bauchhöhle, der Nieren, des Nierenfettgewebes sowie des Beckenfettgewebes, der Geschlechtsorgane und der dazugehörigen Muskeln, des Saumfleisches, der Nierenzapfen, des zwischen dem letzten Kreuzbein und dem ersten Schwanzwirbel rechtwinklig zum Wirbel abgetrennten Schwanzes, des Rückenmarks, des Sackfettes, des Euters, des Euterfettes, des Oberschalenkranzfettes sowie der Halsvene und des daran anhaftenden Fettgewebes,</LA></DD><DT>2.</DT><DD Font="normal"><LA Size="normal">bei Rinder, die bei der Schlachtung jünger als acht Monate waren, ausschließlich der Haut, des zwischen Hinterhauptbein und erstem Halswirbel abgetrennten Kopfes, der im Karpal- und Tarsalgelenk abgetrennten Gliedmaßen, der Organe in der Brust- und Bauchhöhle, der Nieren, des Nierenfettgewebes sowie des Beckenfettgewebes, der Geschlechtsorgane und der dazugehörigen Muskeln, des Saumfleisches, der Nierenzapfen und des Euterfettes,</LA></DD><DT>3.</DT><DD Font="normal"><LA Size="normal">bei Schweinen ausschließlich der Zunge, der Geschlechtsorgane, des Rückenmarks, der Organe in der Brust- und Bauchhöhle, der Flomen, der Nieren, des Zwerchfells, des Zwerchfellpfeilers, des Gehirns; bei Sauen, die mindestens einmal geferkelt haben, zur Zucht benutzten Ebern und Altschneidern zusätzlich ohne die im Karpal- und Tarsalgelenk abgetrennten Spitzbeine sowie bei Sauen, die mindestens einmal geferkelt haben, ohne die Gesäugeleiste und</LA></DD><DT>4.</DT><DD Font="normal"><LA Size="normal">bei Schafen ausschließlich der Haut, des zwischen Hinterhauptbein und erstem Halswirbel abgetrennten Kopfes, der im Karpal- und Tarsalgelenk abgetrennten Gliedmaßen, des zwischen dem sechsten und siebten Schwanzwirbel abgetrennten Schwanzes sowie der Organe in der Brust- und Bauchhöhle, jedoch einschließlich der Nieren und des Nierenfettgewebes.</LA></DD></DL></P><P>(3) Andere als die nach Absatz 2 Nr. 1 bis 4 bei der Feststellung des Schlachtgewichts nicht zu berücksichtigenden Teile dürfen vor der Feststellung des Schlachtgewichts nicht vom Schlachtkörper abgetrennt werden. Die nach Landesrecht zuständige Behörde kann eine Abweichung von der Schnittführung nach Absatz 2 Nr. 1 bis 4 genehmigen oder anordnen, soweit technische Erfordernisse dies rechtfertigen. In die Genehmigung oder Anordnung ist der Korrekturfaktor aufzunehmen, der bei der Feststellung des Schlachtgewichts zu berücksichtigen ist. Bei Schlachtkörpern von mindestens 8 Monate alten Rindern ist eine Genehmigung oder Anordnung nach Satz 2 nur für die Schlachtkörperteile zulässig, die im Anhang der Durchführungsverordnung (EU) 2017/1184 der Kommission vom 20. April 2017 mit Durchführungsbestimmungen zur Verordnung (EU) Nr. 1308/2013 des Europäischen Parlaments und des Rates in Bezug auf die Handelsklassenschemata der Union für Schlachtkörper von Rindern, Schweinen und Schafen und auf die Meldung der Marktpreise für bestimmte Kategorien von Schlachtkörpern und lebenden Tieren (ABl. L 171 vom 4.7.2017, S. 103) enthalten sind. Dabei sind die dort genannten Korrekturfaktoren zu verwenden. Die Bestimmungen des Lebensmittelhygienerechts und des Tierseuchenrechts bleiben unberührt.</P><P>(4) In Schlachtbetrieben, in denen Schlachtkörper nach den Bestimmungen des Handelsklassenrechts zu klassifizieren sind oder freiwillig klassifiziert werden, ist die Verwiegung durch als Klassifizierer zugelassene Mitarbeiter eines nach § 3 des Fleischgesetzes zugelassenen Klassifizierungsunternehmens vorzunehmen. In anderen Schlachtbetrieben darf auch der Schlachtbetrieb die Verwiegung vornehmen.</P><P>(5) Die Landesregierungen können durch Rechtsverordnung bestimmen, dass die Verwiegung auch in Schlachtbetrieben, in denen Schlachtkörper weder zu klassifizieren sind noch freiwillig klassifiziert werden, nur von als Klassifizierer zugelassenen Mitarbeitern eines nach § 3 des Fleischgesetzes zugelassenen Klassifizierungsunternehmens vorgenommen werden darf.</P></Content></text><fussnoten/></textdaten></norm>
<norm builddate="20250218223003" doknr="BJNR218610008BJNE000301377"><metadaten><jurabk>FlGDV 1</jurabk><jurabk>1. FlGDV</jurabk><enbez>§ 3</enbez><titel format="XML">Protokoll</titel></metadaten><textdaten><text format="XML"><Content><P>(1) Das Klassifizierungsunternehmen hat unverzüglich nach der Feststellung des Schlachtgewichts ein schriftliches und ein elektronisches Protokoll zu erstellen. Das Protokoll hat neben dem Schlachtgewicht mindestens Name und Anschrift oder Kennzeichen der Lieferanten sowie der Herkunftsbetriebe der Tiere, die Schlachtnummer, das Datum des Schlachttages und bei einer Klassifizierung der Schlachtkörper auch die Handelsklasse und den Namen oder das Kennzeichen des Klassifizierers zu enthalten. Im Falle einer Klassifizierung von Schlachtkörpern von Rindern und Schafen hat das Protokoll zusätzlich die Ohrmarkennummer und die Kategorie zu enthalten. Im Falle einer genehmigten oder angeordneten Abweichung von der Schnittführung nach § 2 Absatz 3 Satz 2 ist im Protokoll auf diese Abweichung und den erforderlichen Korrekturfaktor hinzuweisen. Das schriftliche Protokoll ist vom Klassifizierer zu unterschreiben. Das Protokoll ist mindestens ein Jahr lang geordnet aufzubewahren. Die Frist beginnt mit Ablauf des Jahres, in dem das jeweilige Tier geschlachtet worden ist.</P><P>(2) Im Falle einer Verwiegung durch den Schlachtbetrieb nach § 2 Abs. 4 Satz 2 ist das Protokoll vom Schlachtbetrieb zu erstellen und aufzubewahren.</P></Content></text><fussnoten/></textdaten></norm>
<norm builddate="20250218223003" doknr="BJNR218610008BJNE001400119"><metadaten><jurabk>FlGDV 1</jurabk><jurabk>1. FlGDV</jurabk><enbez>§ 3a</enbez><titel format="XML">Datenverarbeitung und Datenübermittlung</titel></metadaten><textdaten><text format="XML"><Content><P>Zum Zweck der Durchführung von Kontrollen verarbeitet und übermittelt die zuständige Behörde die Daten nach Abschnitt III der Anlage des Marktorganisationsgesetzes.</P></Content></text><fussnoten/></textdaten></norm>
<norm builddate="20250218223003" doknr="BJNR218610008BJNG000200000"><metadaten><jurabk>FlGDV 1</jurabk><jurabk>1. FlGDV</jurabk><gliederungseinheit><gliederungskennzahl>020</gliederungskennzahl><gliederungsbez>Abschnitt 2</gliederungsbez><gliederungstitel>Preismeldungen</gliederungstitel></gliederungseinheit></metadaten><textdaten/></norm>
<norm builddate="20250218223003" doknr="BJNR218610008BJNE000404119"><metadaten><jurabk>FlGDV 1</jurabk><jurabk>1. FlGDV</jurabk><enbez>§ 4</enbez><titel format="XML">Preismeldepflicht</titel></metadaten><textdaten><text format="XML"><Content><P>(1) Schlachtbetriebe haben für Schlachtkörper von Rindern, Schweinen und Schafen nach Maßgabe der folgenden Vorschriften Meldungen zu erstatten.</P><P>(2) Schlachtkörper, die nach den lebensmittelrechtlichen Vorschriften als ganz oder teilweise untauglich für den menschlichen Genuss befunden worden sind, sowie Schlachtkörper im Sinne des Anhanges III Abschnitt 1 Kapitel IV Nummer 2 Buchstabe c oder Kapitel VI der Verordnung (EG) Nr. 853/2004 des Europäischen Parlaments und des Rates vom 29. April 2004 mit spezifischen Hygienevorschriften für Lebensmittel tierischen Ursprungs (ABl. L 139 vom 30.4.2004, S. 55), die zuletzt durch die Delegierte Verordnung (EU) 2020/2192 (ABl. L 434 vom 23.12.2020, S. 10) geändert worden ist, von notgeschlachteten Tieren dürfen nicht in die Preismeldung einbezogen werden, wenn bei ihnen ein niedrigerer Preis als bei vollständig für den menschlichen Genuss tauglichen Schlachtkörpern gleicher Handelsklasse ausbezahlt wird.</P></Content></text><fussnoten/></textdaten></norm>
<norm builddate="20250218223003" doknr="BJNR218610008BJNE000502125"><metadaten><jurabk>FlGDV 1</jurabk><jurabk>1. FlGDV</jurabk><enbez>§ 5</enbez><titel format="XML">Ausnahmen</titel></metadaten><textdaten><text format="XML"><Content><P>(1) Von der Meldepflicht nach § 4 Absatz 1 sind Betriebe ausgenommen, die pro Woche durchschnittlich höchstens 500 Schweine oder höchstens 150 Rinder oder höchstens 75 Schafe schlachten. Die durchschnittliche wöchentliche Schlachtzahl wird auf der Grundlage der im Jahresdurchschnitt des vorangegangenen Kalenderjahres geschlachteten Menge errechnet.</P><P>(2) Die Landesregierungen können durch Rechtsverordnung die Meldegrenze nach Absatz 1 auf bis zu 1 000 Schweine oder 200 Rinder pro Woche erhöhen. Dabei muss sichergestellt sein, dass mindestens 60 Prozent der in diesem Land gewerblich geschlachteten Tiere der betreffenden Tierart erfasst werden.</P></Content></text><fussnoten/></textdaten></norm>
<norm builddate="20250218223003" doknr="BJNR218610008BJNE000603119"><metadaten><jurabk>FlGDV 1</jurabk><jurabk>1. FlGDV</jurabk><enbez>§ 6</enbez><titel format="XML">Inhalt der Preismeldung</titel></metadaten><textdaten><text format="XML"><Content><P>(1) Die Meldungen haben für den jeweiligen Berichtszeitraum folgende Angaben zu enthalten: <DL Font="normal" Type="arabic"><DT>1.</DT><DD Font="normal"><LA Size="normal">für die Schlachtkörper von konventionell erzeugten Rindern sowie allen Schweinen und Schafen: <DL Font="normal" Type="alpha"><DT>a)</DT><DD Font="normal"><LA Size="normal">die geschlachtete Gesamtmenge nach Stückzahl und nach Schlachtgewicht und</LA></DD><DT>b)</DT><DD Font="normal"><LA Size="normal">die mit den Schlachtgewichten gewogenen Durchschnitte der Auszahlungspreise pro 100 Kilogramm,</LA></DD></DL></LA></DD><DT>2.</DT><DD Font="normal"><LA Size="normal">für die Schlachtkörper von Schweinen und Schafen, bei deren Aufzucht und Haltung die Produktionsvorschriften der Verordnung (EU) 2018/848 des europäischen Parlaments und des Rates vom 30. Mai 2018 über die ökologische/biologische Produktion und die Kennzeichnung von ökologischen/biologischen Erzeugnissen sowie zur Aufhebung der Verordnung (EG) Nr. 834/2007 des Rates (ABl. L 150 vom 14.6.2018, S. 1; L 270 vom 29.10.2018, S. 37; L 305 vom 26.11.2019, S. 59; L 37 vom 10.2.2020, S. 26; L 324 vom 6.10.2020, S. 65; L 7 vom 11.1.2021, S. 53; L 204 vom 10.6.2021, S. 47; L 318 vom 9.9.2021, S. 5) in der jeweils geltenden Fassung eingehalten worden sind, zusätzlich und in separater Form die geschlachtete Gesamtmenge nach Stückzahl und nach Schlachtgewicht,</LA></DD><DT>3.</DT><DD Font="normal"><LA Size="normal">für die Schlachtkörper der Rinder, bei deren Aufzucht und Haltung die Produktionsvorschriften nach der Verordnung (EU) 2018/848 eingehalten worden sind, zusätzlich und in separater Form: <DL Font="normal" Type="alpha"><DT>a)</DT><DD Font="normal"><LA Size="normal">die geschlachtete Gesamtmenge nach Stückzahl und nach Schlachtgewicht sowie</LA></DD><DT>b)</DT><DD Font="normal"><LA Size="normal">die repräsentativen Verkaufspreise nach Anhang II Nummer 9 der Durchführungsverordnung (EU) 2019/1746 der Kommission vom 1. Oktober 2019 zur Änderung der Durchführungsverordnung (EU) 2017/1185 mit Durchführungsbestimmungen zu den Verordnungen (EU) Nr. 1307/2013 und (EU) Nr. 1308/2013 des Europäischen Parlaments und des Rates in Bezug auf die Übermittlung von Informationen und Dokumenten an die Kommission (ABl. L 268 vom 22.10.2019, S. 6), wobei die repräsentativen Verkaufspreise die mit den Schlachtgewichten gewogenen Durchschnitte der Auszahlungspreise an die Lieferanten sind.</LA></DD></DL></LA></DD></DL>Die Preismeldungen sind wie folgt zu unterteilen: <DL Font="normal" Type="arabic"><DT>1.</DT><DD Font="normal"><LA Size="normal">bei Rindern <DL Font="normal" Type="alpha"><DT>a)</DT><DD Font="normal"><LA Size="normal">nach den gesetzlichen Kategorien für Rinderschlachtkörper und</LA></DD><DT>b)</DT><DD Font="normal"><LA Size="normal">nach den gesetzlichen Handelsklassen für Rinderschlachtkörper,</LA></DD></DL></LA></DD><DT>2.</DT><DD Font="normal"><LA Size="normal">bei Schweinen nach den gesetzlichen Handelsklassen für Schweineschlachtkörper und</LA></DD><DT>3.</DT><DD Font="normal"><LA Size="normal">bei Schafen nach den gesetzlichen Kategorien für Schafschlachtkörper.</LA></DD></DL></P><P>(2) Schweine mit einem Zweihälftengewicht von weniger als 80 Kilogramm und mehr als 110 Kilogramm sind bei den Meldungen nach Absatz 1 Satz 1 Nr. 2 nicht zu berücksichtigen. Satz 1 gilt nicht für die Handelsklassen M und V. Auf Verlangen der nach Landesrecht zuständigen Behörden ist der Muskelfleischanteil jedes Schweineschlachtkörpers zu übermitteln.</P><P>(3) Die nach Landesrecht zuständigen Behörden können bestimmen, dass bei Meldungen über Preise von Schweinen zusätzlich die für Schlachtkörper mit bestimmten Muskelfleischanteilen zu zahlenden Auszahlungspreise pro Kilogramm gemäß Absatz 4 anzugeben sind.</P><P>(4) Der Auszahlungspreis ist der an den Lieferanten frei Eingang Schlachtstätte zu zahlende Preis ohne Umsatzsteuer. Dieser Preis ist ausgedrückt je 100 Kilogramm Schlachtgewicht des nach § 2 Abs. 2 zugeschnittenen Schlachtkörpers.</P><P>(5) Wird der Kaufpreis im Wege der pauschalen Abrechnung für mehrere geschlachtete Rinder, Schweine oder Schafe einheitlich für die gesamte Anlieferungsmenge festgelegt und auf das Schlachtgewicht bezogen, so ist die Gesamtstückzahl der im Berichtszeitraum gelieferten Tiere, bei Rindern und Schafen für jede Kategorie, zu melden. Bei Rindern und Schafen ist zusätzlich das Gesamtschlachtgewicht der Tiere und der dafür zu zahlende gewogene Auszahlungspreis pro Kilogramm ohne Umsatzsteuer in Euro/Kilogramm Schlachtgewicht für jede Kategorie zu melden. Wird bei Schafen der Kaufpreis auf das Lebendgewicht bezogen, gelten die Sätze 1 und 2 entsprechend. Der zur Berechnung des gewogenen Auszahlungspreises pro Kilogramm herangezogene Gesamtauszahlungsbetrag ist die Summe der an die Lieferanten zu zahlenden Auszahlungspreise frei Eingang Schlachtstätte ohne Umsatzsteuer.</P><P>(6) Der Inhaber des Schlachtbetriebs ist verpflichtet, die Unterlagen über die Preismeldungen zwei Jahre lang aufzubewahren. Die Frist beginnt mit Ablauf des Jahres, in dem das jeweilige Tier geschlachtet worden ist.</P></Content></text><fussnoten/></textdaten></norm>
<norm builddate="20250218223003" doknr="BJNR218610008BJNE000702119"><metadaten><jurabk>FlGDV 1</jurabk><jurabk>1. FlGDV</jurabk><enbez>§ 7</enbez><titel format="XML">Verfahren der Preismeldung</titel></metadaten><textdaten><text format="XML"><Content><P>(1) Die Meldungen sind nach vorgeschriebenem Muster schriftlich oder elektronisch an die nach Landesrecht zuständige Behörde (Meldebehörde) zu erstatten. Sie sind im Fall des § 6 Absatz 1 Nummer 2 jährlich für die Zeit vom 1. Januar bis zum 31. Dezember und im Übrigen wöchentlich für die Zeit von Montag bis einschließlich Sonntag zu erstatten. Die Meldebehörde kann bestimmen, dass zusätzlich zu der nach den Sätzen 1 und 2 zu erstattenden Wochenmeldung bis zu zwei Zwischenmeldungen über jeweils einen Tag oder mehrere Tage abgegeben werden müssen, soweit dies aus Gründen der Marktbeobachtung erforderlich ist. Die Verpflichtung zur Abgabe der Zwischenmeldung kann auf bestimmte Tierarten, Kategorien und Handelsklassen beschränkt werden. Von ihr können Betriebe ausgenommen werden, deren Meldungen unter Berücksichtigung der umgesetzten Mengen keine Bedeutung haben. Die Meldebehörde kann festlegen, dass die Zwischenmeldung nur die Preise zu enthalten hat.</P><P>(2) Die Meldebehörde legt den Zeitpunkt fest, bis zu dem die Meldungen eingegangen sein müssen. Sie kann bestimmen, dass die Meldung ausschließlich schriftlich oder ausschließlich elektronisch zu erfolgen hat.</P><P>(3) Die Meldungen sind vorab fernmündlich oder fernschriftlich zu erstatten, wenn der Eingang der schriftlichen oder elektronischen Meldungen nach vorgeschriebenem Muster zu dem nach Absatz 2 bestimmten Zeitpunkt nicht gewährleistet ist.</P><P>(4) Erhält ein Schlachtbetrieb nach Abgabe der Preismeldung Kenntnis von einer Unrichtigkeit oder Unvollständigkeit einer gemeldeten Angabe, hat er die Änderung der gemeldeten Angaben unverzüglich der Meldebehörde zu melden. Für die Korrekturmeldung ist das Muster nach § 10 Absatz 1 zu verwenden.</P></Content></text><fussnoten/></textdaten></norm>
<norm builddate="20250218223003" doknr="BJNR218610008BJNE000801377"><metadaten><jurabk>FlGDV 1</jurabk><jurabk>1. FlGDV</jurabk><enbez>§ 8</enbez><titel format="XML">Preisfeststellung</titel></metadaten><textdaten><text format="XML"><Content><P>(1) Die Meldebehörde trifft auf der Grundlage der eingegangenen Meldungen Feststellungen über die in jeder Handelsklasse gezahlten Preise, die Zahl der Betriebe, deren Meldungen ausgewertet werden, und die Gesamtzahl der Tiere oder Schlachtkörper, über die Preismeldungen erstattet wurden. Sie kann ferner Feststellungen über die Preise, die nach § 6 Abs. 5 einheitlich je Anlieferungsmenge gezahlt worden sind, treffen. Es können die Preise von jeweils bis zu 10 Prozent an der Obergrenze und an der Untergrenze unberücksichtigt bleiben. Der Prozentsatz, der unberücksichtigt gelassen wird, muss auf die Anzahl der Tiere bezogen an der Obergrenze und an der Untergrenze jeweils gleich sein. Die Feststellungen werden als amtliche Preisfeststellung bekannt gegeben, soweit datenschutzrechtliche Bestimmungen nicht entgegenstehen. Die Bekanntgabe als amtliche Preisfeststellung kann auch für mehrere Länder gemeinsam erfolgen, soweit die nach Landesrecht dafür zuständigen Behörden hierüber jeweils Einvernehmen erzielen.</P><P>(2) Die Meldebehörde erstellt auf der Grundlage der bei ihr eingegangenen Meldungen den „Wochenbericht über die Preisfeststellung von Schlachtkörpern“ nach vorgeschriebenem Muster und übersendet ihn der Bundesanstalt für Landwirtschaft und Ernährung (Bundesanstalt). Die Bundesanstalt kann bestimmen, dass die Meldung ausschließlich schriftlich oder ausschließlich elektronisch zu erfolgen hat. Im Falle der Erhebung von Zwischenmeldungen nach § 7 Abs. 1 Satz 3 sind der Bundesanstalt unverzüglich Zwischenberichte zu erstatten.</P><P>(3) Die Bundesanstalt fasst die eingegangenen Meldungen der Meldebehörden zusammen und gibt das Ergebnis unverzüglich als bundesweite amtliche Preisfeststellung bekannt.</P><P>(4) Die Bekanntgabe der in einzelnen Handelsklassen oder für einzelne Tier- oder Fleischkategorien gezahlten Preise nach den Absätzen 1 und 3 kann ganz oder teilweise unterbleiben, wenn sie in Anbetracht der Umsatzmenge ohne Aussagekraft sind.</P></Content></text><fussnoten/></textdaten></norm>
<norm builddate="20250218223003" doknr="BJNR218610008BJNE000900000"><metadaten><jurabk>FlGDV 1</jurabk><jurabk>1. FlGDV</jurabk><enbez>§ 9</enbez><titel format="XML">Festlegung der Meldegebiete</titel></metadaten><textdaten><text format="XML"><Content><P>Meldegebiet ist das jeweilige Land. Die Bekanntgabe der in den einzelnen Ländern ermittelten Preise durch die Bundesanstalt kann im Benehmen mit den nach Landesrecht zuständigen Behörden für mehrere Länder gemeinsam erfolgen.</P></Content></text></textdaten></norm>
<norm builddate="20250218223003" doknr="BJNR218610008BJNE001002119"><metadaten><jurabk>FlGDV 1</jurabk><jurabk>1. FlGDV</jurabk><enbez>§ 10</enbez><titel format="XML">Muster</titel></metadaten><textdaten><text format="XML"><Content><P>(1) Soweit in dieser Verordnung vorgesehen ist, dass Meldungen oder sonstige Mitteilungen nach vorgeschriebenem Muster zu erstatten oder zu erstellen sind, werden die Muster von der Bundesanstalt festgelegt. Die festgelegten Muster werden von der Bundesanstalt im Bundesanzeiger bekannt gegeben.</P><P>(2) Die zuständige Meldebehörde kann im Einvernehmen mit der Bundesanstalt die vorgeschriebenen Muster ändern. Die geänderten Muster werden von der Bundesanstalt im Bundesanzeiger bekannt gegeben.</P></Content></text><fussnoten/></textdaten></norm>
<norm builddate="20250218223003" doknr="BJNR218610008BJNG000300000"><metadaten><jurabk>FlGDV 1</jurabk><jurabk>1. FlGDV</jurabk><gliederungseinheit><gliederungskennzahl>030</gliederungskennzahl><gliederungsbez>Abschnitt 3</gliederungsbez><gliederungstitel>Auskunftspflichten</gliederungstitel></gliederungseinheit></metadaten><textdaten/></norm>
<norm builddate="20250218223003" doknr="BJNR218610008BJNE001101377"><metadaten><jurabk>FlGDV 1</jurabk><jurabk>1. FlGDV</jurabk><enbez>§ 11</enbez><titel format="XML">Auskunftspflichten</titel></metadaten><textdaten><text format="XML"><Content><P>(1) Schlachtbetriebe sind verpflichtet, die Informationen nach § 10 Abs. 2 Nr. 1 des Fleischgesetzes den Klassifizierungsunternehmen unmittelbar nach Erfassung der Schlachttiere elektronisch zur Verfügung zu stellen. Auf Verlangen des Klassifizierungsunternehmens sind die Informationen auch schriftlich zur Verfügung zu stellen.</P><P>(2) Schlachtbetriebe sind verpflichtet, ihren Lieferanten die Informationen nach § 10 Abs. 2 Nr. 2 des Fleischgesetzes innerhalb von 15 Tagen nach der Schlachtung elektronisch zur Verfügung zu stellen. Auf Verlangen des Lieferanten sind die Informationen auch oder nur schriftlich zur Verfügung zu stellen. Die Informationen sind vom Schlachtbetrieb mindestens ein Jahr lang geordnet aufzubewahren. Die Frist nach Satz 3 beginnt mit Ablauf des Jahres, in dem das jeweilige Tier geschlachtet worden ist. Die Informationen sind der zuständigen Behörde auf Verlangen zur Verfügung zu stellen, soweit dies für die Überwachung erforderlich ist.</P><P>(3) Die Auskunft nach § 10 Abs. 1 des Fleischgesetzes ist spätestens innerhalb von 15 Tagen nach Bekundung des Verlangens zu erteilen. Soweit das Verlangen schon vor Schlachtung der Tiere bekundet worden ist, ist die Auskunft innerhalb von 15 Tagen nach der Schlachtung zu erteilen.</P></Content></text><fussnoten/></textdaten></norm>
<norm builddate="20250218223003" doknr="BJNR218610008BJNG000400000"><metadaten><jurabk>FlGDV 1</jurabk><jurabk>1. FlGDV</jurabk><gliederungseinheit><gliederungskennzahl>040</gliederungskennzahl><gliederungsbez>Abschnitt 4</gliederungsbez><gliederungstitel>Ordnungswidrigkeiten</gliederungstitel></gliederungseinheit></metadaten><textdaten/></norm>
<norm builddate="20250218223003" doknr="BJNR218610008BJNE001201119"><metadaten><jurabk>FlGDV 1</jurabk><jurabk>1. FlGDV</jurabk><enbez>§ 12</enbez><titel format="XML">Ordnungswidrigkeiten</titel></metadaten><textdaten><text format="XML"><Content><P>Ordnungswidrig im Sinne des § 16 Abs. 1 Nr. 3 des Fleischgesetzes handelt, wer vorsätzlich oder fahrlässig <DL Font="normal" Type="arabic"><DT>1.</DT><DD Font="normal"><LA Size="normal">entgegen § 1 Schlachtkörper von Rindern, Schweinen oder Schafen nicht, nicht richtig oder nicht rechtzeitig kennzeichnet,</LA></DD><DT>2.</DT><DD Font="normal"><LA Size="normal">entgegen § 2 Abs. 1 das Schlachtgewicht nicht, nicht richtig oder nicht rechtzeitig feststellt,</LA></DD><DT>3.</DT><DD Font="normal"><LA Size="normal">entgegen § 2 Abs. 3 Satz 1 vor der Feststellung des Schlachtgewichts andere als die in Satz 1 genannten Teile abtrennt,</LA></DD><DT>4.</DT><DD Font="normal"><LA Size="normal">entgegen § 3 oder § 6 Abs. 6 Unterlagen nicht oder nicht in der vorgeschriebenen Weise erstellt oder nicht für die vorgeschriebene Dauer aufbewahrt,</LA></DD><DT>5.</DT><DD Font="normal"><LA Size="normal">entgegen § 4 Abs. 1, § 6 Abs. 1, 4 Satz 1 oder Abs. 5 Satz 1 oder 2 oder § 7 Abs. 1 Satz 1 und 2 und Abs. 2 Meldungen nicht, nicht richtig, nicht vollständig oder nicht rechtzeitig erstattet oder</LA></DD><DT>6.</DT><DD Font="normal"><LA Size="normal">entgegen § 7 Absatz 4 Satz 1 eine Meldung nicht, nicht richtig, nicht vollständig oder nicht rechtzeitig macht.</LA></DD></DL></P></Content></text><fussnoten/></textdaten></norm>
<norm builddate="20250218223003" doknr="BJNR218610008BJNE001300125"><metadaten><jurabk>FlGDV 1</jurabk><jurabk>1. FlGDV</jurabk><enbez>§ 13</enbez><titel format="XML">Überwachung, Duldungs- und Auskunftspflichten</titel></metadaten><textdaten><text format="XML"><Content><P>(1) Soweit es zur Überwachung der Einhaltung der nach dieser Verordnung geltenden Vorschriften über Kennzeichnung, Verwiegung und Schnittführung von Schlachtkörpern von Rindern, Schweinen oder Schafen erforderlich ist, können die Beauftragten der zuständigen Stellen bei Betrieben, die Rinder, Schweine oder Schafe schlachten oder schlachten lassen, oder die Rind-, Schweine- oder Schaffleisch zum Verkauf vorrätig halten, anbieten, feilhalten, liefern, verkaufen oder sonst in den Verkehr bringen oder in den Geltungsbereich oder aus dem Geltungsbereich dieser Verordnung verbringen, während der Geschäftszeit <DL Font="normal" Type="arabic"><DT>1.</DT><DD Font="normal"><LA Size="normal">Geschäftsräume und Grundstücke, Verkaufseinrichtungen und Transportmittel betreten und dort Besichtigungen vornehmen,</LA></DD><DT>2.</DT><DD Font="normal"><LA Size="normal">Geschäftsunterlagen einsehen und prüfen,</LA></DD><DT>3.</DT><DD Font="normal"><LA Size="normal">Auskunft verlangen.</LA></DD></DL></P><P>(2) Inhaber oder Leiter von Betrieben sowie Klassifizierungsunternehmen sind verpflichtet, das Betreten der Geschäftsräume und Grundstücke, Verkaufseinrichtungen und Transportmittel sowie die dort vorzunehmenden Besichtigungen zu gestatten, das zu besichtigende Rind-, Schweine- oder Schaffleisch selbst oder durch andere so darzulegen, dass die Besichtigung ordnungsgemäß vorgenommen werden kann, selbst oder durch andere die erforderliche Hilfe bei der Besichtigung zu leisten, die geschäftlichen Unterlagen vorzulegen, prüfen zu lassen und Auskünfte zu erteilen.</P></Content></text><fussnoten/></textdaten></norm>
</dokumente>