<?xml version="1.0" encoding="UTF-8" ?><!DOCTYPE dokumente SYSTEM "http://www.gesetze-im-internet.de/dtd/1.01/gii-norm.dtd">
<dokumente builddate="20210615213253" doknr="BJNR223500008"><norm builddate="20210615213253" doknr="BJNR223500008"><metadaten><jurabk>EF-VO 2008</jurabk><amtabk>EF-VO</amtabk><ausfertigung-datum manuell="ja">2008-11-24</ausfertigung-datum><fundstelle typ="amtlich"><periodikum>BGBl I</periodikum><zitstelle>2008, 2235 (2009 I 403)</zitstelle></fundstelle><kurzue>Einreise-Freimengen-Verordnung</kurzue><langue>Verordnung über die Einfuhrabgabenfreiheit von Waren im persönlichen Gepäck von Reisenden <FnR ID="F1.771609_01_BJNR223500008"/></langue></metadaten><textdaten><text format="XML"><Footnotes><Footnote FnZ="*" Group="column" ID="F1.771609_01_BJNR223500008" Pos="normal" Postfix=")"><noindex>Diese Verordnung dient der Umsetzung der Richtlinie 2007/74/EG des Rates vom 20. Dezember 2007 über die Befreiung der von aus Drittländern kommenden Reisenden eingeführten Waren von der Mehrwertsteuer und den Verbrauchsteuern (ABl. EU Nr. L 346 S. 6).</noindex></Footnote></Footnotes></text><fussnoten><Content><P><BR/> <pre xml:space="preserve">(+++ Textnachweis ab: 1.12.2008 +++)<BR/>(+++ Amtlicher Hinweis des Normgebers auf EG-Recht:<BR/>     Umsetzung der<BR/>       EGRL 74/2007  (CELEX Nr: 32007L0074) +++)<BR/><BR/></pre></P></Content></fussnoten></textdaten></norm>
<norm builddate="20210615213253" doknr="BJNR223500008BJNE000100000"><metadaten><jurabk>EF-VO 2008</jurabk><jurabk>EF-VO</jurabk><enbez>Eingangsformel</enbez></metadaten><textdaten><text format="XML"><Content><P>Auf Grund <DL Type="Dash"><DT>–</DT><DD Font="normal"><LA>des § 29 Abs. 1 Nr. 1 Buchstabe d des Zollverwaltungsgesetzes vom 21. Dezember 1992 (BGBl. I S. 2125, 1993 I S. 2493), der durch Artikel 1 Nr. 10 Buchstabe b des Gesetzes vom 20. Dezember 1996 (BGBl. I S. 2030) neu gefasst worden ist,</LA></DD><DT>–</DT><DD Font="normal"><LA>des § 5 Abs. 2 Nr. 8 des Umsatzsteuergesetzes in der Fassung der Bekanntmachung vom 21. Februar 2005 (BGBl. I S. 386),</LA></DD><DT>–</DT><DD Font="normal"><LA>des § 31 Nr. 15 Buchstabe d des Tabaksteuergesetzes vom 21. Dezember 1992 (BGBl. I S. 2150), der zuletzt durch Artikel 1 Nr. 9 Buchstabe b des Gesetzes vom 16. August 2001 (BGBl. I S. 2081) neu gefasst worden ist,</LA></DD><DT>–</DT><DD Font="normal"><LA>des § 21 Nr. 4 des Biersteuergesetzes 1993, der durch Artikel 2 Nr. 9 des Gesetzes vom 21. Dezember 1992 (BGBl. I S. 2081) neu gefasst worden ist,</LA></DD><DT>–</DT><DD Font="normal"><LA>des § 20 Nr. 1 Buchstabe d des Gesetzes zur Besteuerung von Schaumwein und Zwischenerzeugnissen vom 21. Dezember 1992 (BGBl. I S. 2150, 2176), der zuletzt durch Artikel 4 Nr. 6 Buchstabe a des Gesetzes vom 16. August 2001 (BGBl. I S. 2081) neu gefasst worden ist,</LA></DD><DT>–</DT><DD Font="normal"><LA>des § 19 Nr. 10 Buchstabe d des Kaffeesteuergesetzes vom 21. Dezember 1992 (BGBl. I S. 2150, 2199), der durch Artikel 6 Nr. 12 Buchstabe c des Gesetzes vom 16. August 2001 (BGBl. I S. 2081) neu gefasst worden ist,</LA></DD><DT>–</DT><DD Font="normal"><LA>des § 150 Nr. 1 Buchstabe d und des § 178 Satz 1 des Gesetzes über das Branntweinmonopol in der im Bundesgesetzblatt Teil III, Gliederungsnummer <NB>612-7,</NB> veröffentlichten bereinigten Fassung in Verbindung mit Artikel 129 des Grundgesetzes, von denen § 150 Nr. 1 zuletzt durch Artikel 3 Nr. 15 Buchstabe a des Gesetzes vom 16. August 2001 (BGBl. I S. 2081) neu gefasst worden ist, und</LA></DD><DT>–</DT><DD Font="normal"><LA>des § 66 Abs. 1 Nr. 19 des Energiesteuergesetzes vom 15. Juli 2006 (BGBl. I S. 1534)</LA></DD></DL>verordnet das Bundesministerium der Finanzen:</P></Content></text></textdaten></norm>
<norm builddate="20210615213253" doknr="BJNR223500008BJNE000200000"><metadaten><jurabk>EF-VO 2008</jurabk><jurabk>EF-VO</jurabk><enbez>§ 1</enbez><titel format="XML">Gegenstand, Begriffsbestimmungen</titel></metadaten><textdaten><text format="XML"><Content><P>(1) Waren im persönlichen Gepäck von Reisenden, die aus einem Drittland oder aus einem Drittlandsgebiet eingeführt werden, sind nach Maßgabe dieser Verordnung von Einfuhrabgaben im Sinne des § 1 Abs. 1 Satz 3 des Zollverwaltungsgesetzes befreit.</P><P>(2) Im Sinne dieser Verordnung ist oder sind: <DL Font="normal" Type="arabic"><DT>1.</DT><DD Font="normal"><LA Size="normal">Drittland:</LA><LA Size="normal">ein Land, das nicht Mitgliedstaat der Europäischen Union ist; das Fürstentum Monaco gilt nicht als Drittland; die Republik San Marino gilt nicht als Drittland in Bezug auf die Verbrauchsteuern;</LA></DD><DT>2.</DT><DD Font="normal"><LA Size="normal">Drittlandsgebiet:</LA><LA Size="normal">ein Gebiet, in dem die Richtlinie 2006/112/EG des Rates vom 28. November 2006 über das gemeinsame Mehrwertsteuersystem (ABl. EU Nr. L 347 S. 1, 2007 Nr. L 335 S. 6), zuletzt geändert durch die Richtlinie 2008/8/EG des Rates vom 12. Februar 2008 (ABl. EU Nr. L 44 S. 11), oder die Richtlinie 92/12/EWG des Rates vom 25. Februar 1992 über das allgemeine System, den Besitz, die Beförderung und die Kontrolle verbrauchsteuerpflichtiger Waren (ABl. EG Nr. L 76 S. 1, 1995 Nr. L 17 S. 20, 1996 Nr. L 135 S. 36), zuletzt geändert durch die Richtlinie 2004/106/EG des Rates vom 16. November 2004 (ABl. EU Nr. L 359 S. 30), nicht gilt;</LA></DD><DT>3.</DT><DD Font="normal"><LA Size="normal">Flug- oder Seereisende:</LA><LA Size="normal">Passagiere, die im Luftverkehr oder im Seeverkehr reisen; ausgenommen sind die Binnenschifffahrt sowie die private nichtgewerbliche Luftfahrt und die private nichtgewerbliche Seefahrt;</LA></DD><DT>4.</DT><DD Font="normal"><LA Size="normal">private nichtgewerbliche Luftfahrt oder private nichtgewerbliche Seefahrt:</LA><LA Size="normal">die Nutzung eines Luftfahrzeugs oder eines Wasserfahrzeugs für den Seeverkehr durch Eigentümer oder Mieter; nicht dazu gehören Fahrzeuge, die für gewerbliche Zwecke, insbesondere für die entgeltliche Beförderung von Passagieren oder Waren oder für die entgeltliche Erbringung von Dienstleistungen oder für behördliche Zwecke genutzt werden;</LA></DD><DT>5.</DT><DD Font="normal"><LA Size="normal">persönliches Gepäck:</LA><LA Size="normal">sämtliche Gepäckstücke, die Reisende der Zollstelle bei Ankunft, sowie die Gepäckstücke, die derselben Zollstelle später gestellt werden, wobei nachzuweisen ist, dass sie bei Abreise bei der Gesellschaft, die den Reisenden befördert hat, als Reisegepäck aufgegeben wurden; anderer Kraftstoff als der Kraftstoff im Sinne des § 2 Abs. 1 Nr. 4 gilt nicht als persönliches Reisegepäck;</LA></DD><DT>6.</DT><DD Font="normal"><LA Size="normal">Reisemitbringsel:</LA><LA Size="normal">Waren, die Reisende gelegentlich und ausschließlich zum persönlichen Ge- oder Verbrauch, für ihre Familienangehörigen oder als Geschenk in ihrem persönlichen Gepäck einführen;</LA></DD><DT>7.</DT><DD Font="normal"><LA Size="normal">Zigarillos:</LA><LA Size="normal">Zigarren mit einem Stückgewicht von höchstens drei Gramm;</LA></DD><DT>8.</DT><DD Font="normal"><LA Size="normal">Grenzgebiet:</LA><LA Size="normal">Gemeinden an der deutsch-schweizerischen Grenze, die in der deutschen Zollgrenzzone im Sinne des Artikels 1 Abs. 1 und 2 des deutsch-schweizerischen Abkommens vom 5. Februar 1958 über den Grenz- und Durchgangsverkehr (BGBl. 1960 II S. 2161, 2283) gelegen sind;</LA></DD><DT>9.</DT><DD Font="normal"><LA Size="normal">Grenzarbeitnehmer und Grenzarbeitnehmerinnen:</LA><LA Size="normal">Personen, die zur Ausübung ihrer gewöhnlichen beruflichen Tätigkeit an den Tagen, an denen sie arbeiten, die Grenze überschreiten.</LA></DD></DL></P></Content></text></textdaten></norm>
<norm builddate="20210615213253" doknr="BJNR223500008BJNE000300000"><metadaten><jurabk>EF-VO 2008</jurabk><jurabk>EF-VO</jurabk><enbez>§ 2</enbez><titel format="XML">Höchstmengen und Wertgrenzen</titel></metadaten><textdaten><text format="XML"><Content><P>(1) Je Reisenden sind Reisemitbringsel (§ 1 Nr. 6) im Rahmen der folgenden Mengen- und Wertgrenzen von den Einfuhrabgaben befreit: <DL Type="arabic"><DT>1.</DT><DD Font="normal"><LA>Tabakwaren: <DL Type="alpha"><DT>a)</DT><DD Font="normal"><LA>200 Zigaretten oder</LA></DD><DT>b)</DT><DD Font="normal"><LA>100 Zigarillos oder</LA></DD><DT>c)</DT><DD Font="normal"><LA>50 Zigarren oder</LA></DD><DT>d)</DT><DD Font="normal"><LA>250 Gramm Rauchtabak oder</LA></DD><DT>e)</DT><DD Font="normal"><LA>eine anteilige Zusammenstellung dieser Waren;</LA></DD></DL></LA></DD><DT>2.</DT><DD Font="normal"><LA>Alkohol und alkoholhaltige Getränke: <DL Type="alpha"><DT>a)</DT><DD Font="normal"><LA>ein Liter Alkohol und alkoholische Getränke mit einem Alkoholgehalt von mehr als 22 Volumenprozent oder unvergällter Ethylalkohol mit einem Alkoholgehalt von 80 Volumenprozent oder mehr oder zwei Liter Alkohol und alkoholische Getränke mit einem Alkoholgehalt von höchstens 22 Volumenprozent oder eine anteilige Zusammenstellung dieser Waren,</LA></DD><DT>b)</DT><DD Font="normal"><LA>vier Liter nicht schäumende Weine und</LA></DD><DT>c)</DT><DD Font="normal"><LA>16 Liter Bier;</LA></DD></DL></LA></DD><DT>3.</DT><DD Font="normal"><LA>Arzneimittel:</LA><LA>die dem persönlichen Bedarf des Reisenden entsprechende Menge;</LA></DD><DT>4.</DT><DD Font="normal"><LA>Kraftstoffe:</LA><LA>für jedes Motorfahrzeug <DL Type="alpha"><DT>a)</DT><DD Font="normal"><LA>die im Hauptbehälter befindliche Menge und</LA></DD><DT>b)</DT><DD Font="normal"><LA>bis zu zehn Liter in einem tragbaren Reservebehälter;</LA></DD></DL></LA></DD><DT>5.</DT><DD Font="normal"><LA>andere Waren: <DL Type="alpha"><DT>a)</DT><DD Font="normal"><LA>bis zu einem Warenwert von insgesamt 300 Euro,</LA></DD><DT>b)</DT><DD Font="normal"><LA>für Flug- bzw. Seereisende bis zu einem Warenwert von insgesamt 430 Euro,</LA></DD><DT>c)</DT><DD Font="normal"><LA>für Reisende unter 15 Jahren bis zu einem Warenwert von insgesamt 175 Euro.</LA></DD></DL></LA></DD></DL></P><P>(2) Der Wert einer Ware darf bei der Anwendung der Wertgrenzen nach Absatz 1 Nr. 5 nicht aufgeteilt werden.</P><P>(3) Der Wert des persönlichen Gepäcks von Reisenden, das vorübergehend eingeführt wird oder nach vorübergehender Ausfuhr wieder eingeführt wird, und der Wert der Arzneimittel nach Absatz 1 Nr. 3 bleiben bei der Anwendung der Warenwerte nach Absatz 1 Nr. 5 unberücksichtigt.</P><P>(4) Die Abgabenbefreiung im Seeverkehr hängt davon ab, ob das Wasserfahrzeug zuletzt aus einem Hafen ausgelaufen ist, der sich in einem Drittland oder Drittlandsgebiet befindet.</P><P>(5) Die Abgabenbefreiung nach Absatz 1 ist ausgeschlossen für <DL Type="arabic"><DT>1.</DT><DD Font="normal"><LA>Waren, die durch ihre Art oder Menge darauf schließen lassen, dass eine Einfuhr aus gewerblichen Gründen erfolgt,</LA></DD><DT>2.</DT><DD Font="normal"><LA>Tabakwaren sowie Alkohol und alkoholhaltige Getränke, die von Reisenden unter 17 Jahren eingeführt werden,</LA></DD><DT>3.</DT><DD Font="normal"><LA>Kraftstoffe, die nicht unter Absatz 1 Nr. 4 fallen.</LA></DD></DL></P></Content></text></textdaten></norm>
<norm builddate="20210615213253" doknr="BJNR223500008BJNE000400000"><metadaten><jurabk>EF-VO 2008</jurabk><jurabk>EF-VO</jurabk><enbez>§ 3</enbez><titel format="XML">Sonderfälle</titel></metadaten><textdaten><text format="XML"><Content><P>(1) Bei Einfuhren durch <DL Type="arabic"><DT>1.</DT><DD Font="normal"><LA>Personen mit Wohnsitz im Grenzgebiet, die an einem Ort einreisen, der weniger als 15 Kilometer Luftlinie von der Grenze ihrer Gemeinde entfernt ist, und deren Reise im Drittland oder Drittlandsgebiet nicht nachweislich über einen Umkreis von 15 Kilometern Luftlinie um den Ort der Einreise hinausgeführt hat,</LA></DD><DT>2.</DT><DD Font="normal"><LA>Grenzarbeitnehmer und Grenzarbeitnehmerinnen,</LA></DD><DT>3.</DT><DD Font="normal"><LA>Personen, die beruflich oder dienstlich auf gewerblich eingesetzten Beförderungsmitteln oder auf Land-, Luft- oder Wasserfahrzeugen von Behörden tätig sind oder Reisegesellschaften oder dergleichen begleiten und in dieser Eigenschaft üblicherweise mehr als einmal im Kalendermonat einreisen,</LA></DD></DL>ist die Abgabenbefreiung nach § 2 Abs. 1 Nr. 1 auf <DL Type="alpha"><DT>a)</DT><DD Font="normal"><LA>40 Zigaretten oder</LA></DD><DT>b)</DT><DD Font="normal"><LA>20 Zigarillos oder</LA></DD><DT>c)</DT><DD Font="normal"><LA>10 Zigarren oder</LA></DD><DT>d)</DT><DD Font="normal"><LA>50 Gramm Rauchtabak oder</LA></DD><DT>e)</DT><DD Font="normal"><LA>eine anteilige Zusammenstellung dieser Waren</LA></DD></DL>beschränkt und für Alkohol und alkoholhaltige Getränke ausgeschlossen. Die Abgabenbefreiung nach § 2 Abs. 1 Nr. 5 ist unabhängig von der Verkehrsart auf Waren bis zu einem Warenwert von insgesamt 90 Euro beschränkt; davon dürfen nicht mehr als 30 Euro auf Lebensmittel des täglichen Bedarfs entfallen. Die Abgabenbefreiung darf nur einmal am Tag in Anspruch genommen werden.</P><P>(2) Die Abgabenbefreiung ist ausgeschlossen für Waren, die Personen bei der Rückkehr aus einer Freizone des Kontrolltyps I (§ 1 Abs. 1 Satz 1 des Zollverwaltungsgesetzes) oder die Personen, die in einer Freizone des Kontrolltyps I wohnen, bei der Einreise aus der Freizone des Kontrolltyps I mit sich führen.</P><P>(3) Reist eine Person mit einem privaten nichtgewerblichen Wasserfahrzeug ein, so hängt die Abgabenbefreiung für Tabakwaren, Alkohol und alkoholhaltige Getränke davon ab, dass die Waren nachweislich nicht als Schiffsbedarf nach § 27 der Zollverordnung vom 23. Dezember 1993 (BGBl. I S. 2449, 1994 I S. 162), die zuletzt durch die Verordnung vom 17. Dezember 2007 (BGBl. I S. 3002) geändert worden ist, in der jeweils geltenden Fassung bezogen worden sind.</P><P>(4) In den Fällen, in denen Tabakwaren, Alkohol und alkoholhaltige Getränke als Mundvorrat nach § 14 der Zollverordnung abgabenfrei bleiben oder die Abgabenbefreiung für Mundvorrat nach Absatz 4 dieser Vorschrift ausgeschlossen ist, hängt die Abgabenbefreiung davon ab, ob Reisende das Schiff endgültig oder für mehr als drei Tage verlassen.</P><P>(5) Reisende, die aus der Schweiz über den Bodensee einreisen, gelten nicht als Seereisende.</P></Content></text></textdaten></norm>
<norm builddate="20210615213253" doknr="BJNR223500008BJNE000500000"><metadaten><jurabk>EF-VO 2008</jurabk><jurabk>EF-VO</jurabk><enbez>§ 4</enbez><titel format="XML">Inkrafttreten, Außerkrafttreten</titel></metadaten><textdaten><text format="XML"><Content><P>Diese Verordnung tritt am 1. Dezember 2008 in Kraft.</P></Content></text><fussnoten/></textdaten></norm>
<norm builddate="20210615213253" doknr="BJNR223500008BJNE000600000"><metadaten><jurabk>EF-VO 2008</jurabk><jurabk>EF-VO</jurabk><enbez>Schlussformel</enbez></metadaten><textdaten><text format="XML"><Content><P>Der Bundesrat hat zugestimmt.</P></Content></text></textdaten></norm>
</dokumente>