<?xml version="1.0" encoding="UTF-8" ?><!DOCTYPE dokumente SYSTEM "http://www.gesetze-im-internet.de/dtd/1.01/gii-norm.dtd">
<dokumente builddate="20200130213026" doknr="BJNR145300019"><norm builddate="20200130213026" doknr="BJNR145300019"><metadaten><jurabk>SeeUnterkunftsV 2019</jurabk><amtabk>SeeUnterkunftsV</amtabk><ausfertigung-datum manuell="ja">2019-10-17</ausfertigung-datum><fundstelle typ="amtlich"><periodikum>BGBl I</periodikum><zitstelle>2019, 1453</zitstelle></fundstelle><kurzue>See-Unterkunftsverordnung</kurzue><langue>Verordnung über die Unterkünfte und Freizeiteinrichtungen der Besatzungsmitglieder an Bord von Kauffahrteischiffen</langue><standangabe checked="ja"><standtyp>Sonst</standtyp><standkommentar>Ersetzt V 9513-38-3 v. 25.7.2013 BAnz AT 30.07.2013 V1 (SeeUnterkunftsV)</standkommentar></standangabe></metadaten><textdaten><fussnoten><Content><P><BR/> <pre xml:space="preserve">(+++ Textnachweis ab: 1.11.2019 +++)<BR/>(+++ Zur Anwendung vgl. § 15 Abs. 2 Satz 2 +++)<BR/><BR/></pre></P></Content></fussnoten></textdaten></norm>
<norm builddate="20200130213026" doknr="BJNR145300019BJNE000100000"><metadaten><jurabk>SeeUnterkunftsV 2019</jurabk><jurabk>SeeUnterkunftsV</jurabk><enbez>Eingangsformel</enbez></metadaten><textdaten><text format="XML"><Content><P>Das Bundesministerium für Arbeit und Soziales verordnet auf Grund des § 96 des Seearbeitsgesetzes, der durch Artikel 8 Nummer 8 des Gesetzes vom 25. November 2015 (BGBl. I S. 2095) geändert worden ist, im Einvernehmen mit dem Bundesministerium für Verkehr und digitale Infrastruktur, dem Bundesministerium für Gesundheit und dem Bundesministerium für Ernährung und Landwirtschaft:</P></Content></text></textdaten></norm>
<norm builddate="20200130213026" doknr="BJNR145300019BJNE000200000"><metadaten><jurabk>SeeUnterkunftsV 2019</jurabk><jurabk>SeeUnterkunftsV</jurabk><enbez>Inhaltsübersicht</enbez></metadaten><textdaten><text format="XML"><Content><TOC><P/><Ident Class="S2">Abschnitt 1</Ident><Title Align="auto" Class="S2">Allgemeine Vorschriften</Title><P/><table colsep="0" frame="none" pgwide="1" rowsep="0" tocentry="%yes;"><tgroup align="left" char="" charoff="50" cols="2"><colspec colname="col1" colnum="1" colwidth="10*"/><colspec colname="col2" colnum="2" colwidth="70*"/><tbody valign="top"><row><entry VJ="1" colname="col1">§  1</entry><entry VJ="1" colname="col2">Geltungsbereich</entry></row><row><entry VJ="1" colname="col1">§  2</entry><entry VJ="1" colname="col2">Begriffsbestimmungen</entry></row><row><entry VJ="1" colname="col1">§  3</entry><entry VJ="1" colname="col2">Allgemeine Anforderungen an Unterkünfte und Freizeiteinrichtungen</entry></row><row><entry VJ="1" colname="col1">§  4</entry><entry VJ="1" colname="col2">Bekanntmachung</entry></row></tbody></tgroup></table><P/><Ident Class="S2">Abschnitt 2</Ident><Title Align="auto" Class="S2">Genehmigungen, Ausnahmen</Title><P/><table colsep="0" frame="none" pgwide="1" rowsep="0" tocentry="%yes;"><tgroup align="left" char="" charoff="50" cols="2"><colspec colname="col1" colnum="1" colwidth="10*"/><colspec colname="col2" colnum="2" colwidth="70*"/><tbody valign="top"><row><entry VJ="1" colname="col1">§  5</entry><entry VJ="1" colname="col2">Genehmigung vor Bau, wesentlicher Änderung oder Flaggenwechsel eines Schiffs</entry></row><row><entry VJ="1" colname="col1">§  6</entry><entry VJ="1" colname="col2">Ausnahmen</entry></row></tbody></tgroup></table><P/><Ident Class="S2">Abschnitt 3</Ident><Title Align="auto" Class="S2">Anforderungen an Bau,<BR/> Ausrüstung und Instandhaltung<BR/> der Unterkunftsräume und Freizeiteinrichtungen</Title><P/><Ident Class="S0">Unterabschnitt 1</Ident><Title Align="auto" Class="S0">Wände, Decken, Fußböden, Isolierung, Schutzvorrichtungen</Title><P/><table colsep="0" frame="none" pgwide="1" rowsep="0" tocentry="%yes;"><tgroup align="left" char="" charoff="50" cols="2"><colspec colname="col1" colnum="1" colwidth="10*"/><colspec colname="col2" colnum="2" colwidth="70*"/><tbody valign="top"><row><entry VJ="1" colname="col1">§  7</entry><entry VJ="1" colname="col2">Wände, Decken, Fußböden</entry></row><row><entry VJ="1" colname="col1">§  8</entry><entry VJ="1" colname="col2">Isolierung</entry></row><row><entry VJ="1" colname="col1">§  9</entry><entry VJ="1" colname="col2">Schutzvorrichtungen gegen Ungeziefer</entry></row></tbody></tgroup></table><P/><Ident Class="S0">Unterabschnitt 2</Ident><Title Align="auto" Class="S0">Beleuchtung, Lüftung, Klimatisierung, Heizung, Leitungen</Title><P/><table colsep="0" frame="none" pgwide="1" rowsep="0" tocentry="%yes;"><tgroup align="left" char="" charoff="50" cols="2"><colspec colname="col1" colnum="1" colwidth="10*"/><colspec colname="col2" colnum="2" colwidth="70*"/><tbody valign="top"><row><entry VJ="1" colname="col1">§ 10</entry><entry VJ="1" colname="col2">Beleuchtung</entry></row><row><entry VJ="1" colname="col1">§ 11</entry><entry VJ="1" colname="col2">Luftreinhaltung, raumlufttechnische Anlagen</entry></row><row><entry VJ="1" colname="col1">§ 12</entry><entry VJ="1" colname="col2">Heizungsanlage</entry></row><row><entry VJ="1" colname="col1">§ 13</entry><entry VJ="1" colname="col2">Leitungen</entry></row></tbody></tgroup></table><P/><Ident Class="S0">Unterabschnitt 3</Ident><Title Align="auto" Class="S0">Lärm und Vibrationen</Title><P/><table colsep="0" frame="none" pgwide="1" rowsep="0" tocentry="%yes;"><tgroup align="left" char="" charoff="50" cols="2"><colspec colname="col1" colnum="1" colwidth="10*"/><colspec colname="col2" colnum="2" colwidth="70*"/><tbody valign="top"><row><entry VJ="1" colname="col1">§ 14</entry><entry VJ="1" colname="col2">Verhütung von Lärm und Vibrationen</entry></row></tbody></tgroup></table><P/><Ident Class="S0">Unterabschnitt 4</Ident><Title Align="auto" Class="S0">Schlafräume, Bodenflächen, Kojen, Ausstattung</Title><P/><table colsep="0" frame="none" pgwide="1" rowsep="0" tocentry="%yes;"><tgroup align="left" char="" charoff="50" cols="2"><colspec colname="col1" colnum="1" colwidth="10*"/><colspec colname="col2" colnum="2" colwidth="70*"/><tbody valign="top"><row><entry VJ="1" colname="col1">§ 15</entry><entry VJ="1" colname="col2">Schlafräume</entry></row><row><entry VJ="1" colname="col1">§ 16</entry><entry VJ="1" colname="col2">Bodenflächen</entry></row><row><entry VJ="1" colname="col1">§ 17</entry><entry VJ="1" colname="col2">Kojen und sonstige Schlafraumausstattungen</entry></row></tbody></tgroup></table><P/><Ident Class="S0">Unterabschnitt 5</Ident><Title Align="auto" Class="S0">Küchen, Vorratsräume, Kühlräume und Messen</Title><P/><table colsep="0" frame="none" pgwide="1" rowsep="0" tocentry="%yes;"><tgroup align="left" char="" charoff="50" cols="2"><colspec colname="col1" colnum="1" colwidth="10*"/><colspec colname="col2" colnum="2" colwidth="70*"/><tbody valign="top"><row><entry VJ="1" colname="col1">§ 18</entry><entry VJ="1" colname="col2">Küchen, Vorratsräume und Kühlräume</entry></row><row><entry VJ="1" colname="col1">§ 19</entry><entry VJ="1" colname="col2">Messen, Pantries und Ausstattungen</entry></row></tbody></tgroup></table><P/><Ident Class="S0">Unterabschnitt 6</Ident><Title Align="auto" Class="S0">Sanitäre Einrichtungen</Title><P/><table colsep="0" frame="none" pgwide="1" rowsep="0" tocentry="%yes;"><tgroup align="left" char="" charoff="50" cols="2"><colspec colname="col1" colnum="1" colwidth="10*"/><colspec colname="col2" colnum="2" colwidth="70*"/><tbody valign="top"><row><entry VJ="1" colname="col1">§ 20</entry><entry VJ="1" colname="col2">Anzahl und Anordnung der sanitären Einrichtungen</entry></row><row><entry VJ="1" colname="col1">§ 21</entry><entry VJ="1" colname="col2">Ausstattung und Gestaltung der sanitären Einrichtungen</entry></row></tbody></tgroup></table><P/><Ident Class="S0">Unterabschnitt 7</Ident><Title Align="auto" Class="S0">Medizinische Räumlichkeiten</Title><P/><table colsep="0" frame="none" pgwide="1" rowsep="0" tocentry="%yes;"><tgroup align="left" char="" charoff="50" cols="2"><colspec colname="col1" colnum="1" colwidth="10*"/><colspec colname="col2" colnum="2" colwidth="70*"/><tbody valign="top"><row><entry VJ="1" colname="col1">§ 22</entry><entry VJ="1" colname="col2">Behandlungsraum</entry></row><row><entry VJ="1" colname="col1">§ 23</entry><entry VJ="1" colname="col2">Krankenraum</entry></row><row><entry VJ="1" colname="col1">§ 24</entry><entry VJ="1" colname="col2">Eingriffsraum</entry></row></tbody></tgroup></table><P/><Ident Class="S0">Unterabschnitt 8</Ident><Title Align="auto" Class="S0">Büroräume</Title><P/><table colsep="0" frame="none" pgwide="1" rowsep="0" tocentry="%yes;"><tgroup align="left" char="" charoff="50" cols="2"><colspec colname="col1" colnum="1" colwidth="10*"/><colspec colname="col2" colnum="2" colwidth="70*"/><tbody valign="top"><row><entry VJ="1" colname="col1">§ 25</entry><entry VJ="1" colname="col2">Büroräume</entry></row></tbody></tgroup></table><P/><Ident Class="S0">Unterabschnitt 9</Ident><Title Align="auto" Class="S0">Sonstige Einrichtungen und Freizeitbereiche</Title><P/><table colsep="0" frame="none" pgwide="1" rowsep="0" tocentry="%yes;"><tgroup align="left" char="" charoff="50" cols="2"><colspec colname="col1" colnum="1" colwidth="10*"/><colspec colname="col2" colnum="2" colwidth="70*"/><tbody valign="top"><row><entry VJ="1" colname="col1">§ 26</entry><entry VJ="1" colname="col2">Einrichtungen zur Wäschepflege</entry></row><row><entry VJ="1" colname="col1">§ 27</entry><entry VJ="1" colname="col2">Einrichtungen zur Aufbewahrung von Kleidung und persönlichen Gegenständen, Umkleideeinrichtungen</entry></row><row><entry VJ="1" colname="col1">§ 28</entry><entry VJ="1" colname="col2">Freizeitbereiche und Freizeiträume</entry></row></tbody></tgroup></table><P/><Ident Class="S2">Abschnitt 4</Ident><Title Align="auto" Class="S2">Ordnungswidrigkeiten</Title><P/><table colsep="0" frame="none" pgwide="1" rowsep="0" tocentry="%yes;"><tgroup align="left" char="" charoff="50" cols="2"><colspec colname="col1" colnum="1" colwidth="10*"/><colspec colname="col2" colnum="2" colwidth="70*"/><tbody valign="top"><row><entry VJ="1" colname="col1">§ 29</entry><entry VJ="1" colname="col2">Ordnungswidrigkeiten</entry></row></tbody></tgroup></table><P/><Ident Class="S2">Abschnitt 5</Ident><Title Align="auto" Class="S2">Übergangs- und Schlussvorschriften</Title><P/><table colsep="0" frame="none" pgwide="1" rowsep="0" tocentry="%yes;"><tgroup align="left" char="" charoff="50" cols="2"><colspec colname="col1" colnum="1" colwidth="10*"/><colspec colname="col2" colnum="2" colwidth="70*"/><tbody valign="top"><row><entry VJ="1" colname="col1">§ 30</entry><entry VJ="1" colname="col2">Übergangsvorschriften</entry></row><row><entry VJ="1" colname="col1">§ 31</entry><entry VJ="1" colname="col2">Inkrafttreten, Außerkrafttreten</entry></row></tbody></tgroup></table><P/><table colsep="0" frame="none" pgwide="1" rowsep="0" tocentry="%yes;"><tgroup align="left" char="" charoff="50" cols="2"><colspec colname="col1" colnum="1" colwidth="17*"/><colspec colname="col2" colnum="2" colwidth="63*"/><tbody valign="top"><row><entry VJ="1" colname="col1">Anlage 1<BR/> (zu § 22 Absatz 3)</entry><entry VJ="1" colname="col2">Apothekenschrank für die Aufbewahrung der medizinischen Ausstattung an Bord</entry></row></tbody></tgroup></table></TOC></Content></text></textdaten></norm>
<norm builddate="20200130213026" doknr="BJNR145300019BJNG000100000"><metadaten><jurabk>SeeUnterkunftsV 2019</jurabk><jurabk>SeeUnterkunftsV</jurabk><gliederungseinheit><gliederungskennzahl>010</gliederungskennzahl><gliederungsbez>Abschnitt 1</gliederungsbez><gliederungstitel>Allgemeine Vorschriften</gliederungstitel></gliederungseinheit></metadaten><textdaten/></norm>
<norm builddate="20200130213026" doknr="BJNR145300019BJNE000300000"><metadaten><jurabk>SeeUnterkunftsV 2019</jurabk><jurabk>SeeUnterkunftsV</jurabk><enbez>§ 1</enbez><titel format="XML">Geltungsbereich</titel></metadaten><textdaten><text format="XML"><Content><P>Diese Verordnung gilt für die Unterkünfte, die Freizeiteinrichtungen und die medizinischen Räumlichkeiten für Besatzungsmitglieder auf Kauffahrteischiffen, die <DL Type="arabic"><DT>1.</DT><DD Font="normal"><LA>die Bundesflagge führen und</LA></DD><DT>2.</DT><DD Font="normal"><LA>nach dem 1. November 2019 auf Kiel gelegt worden sind.</LA></DD></DL></P></Content></text></textdaten></norm>
<norm builddate="20200130213026" doknr="BJNR145300019BJNE000400000"><metadaten><jurabk>SeeUnterkunftsV 2019</jurabk><jurabk>SeeUnterkunftsV</jurabk><enbez>§ 2</enbez><titel format="XML">Begriffsbestimmungen</titel></metadaten><textdaten><text format="XML"><Content><P>(1) Zu den Unterkünften und Freizeiteinrichtungen im Sinne dieser Verordnung gehören <DL Type="arabic"><DT>1.</DT><DD Font="normal"><LA>die folgenden Unterkunftsräume: <DL Type="alpha"><DT>a)</DT><DD Font="normal"><LA>Schlaf- und Wohnräume,</LA></DD><DT>b)</DT><DD Font="normal"><LA>Messen, Pantries und sonstige Aufenthaltsräume,</LA></DD><DT>c)</DT><DD Font="normal"><LA>Freizeiträume,</LA></DD><DT>d)</DT><DD Font="normal"><LA>Büroräume,</LA></DD><DT>e)</DT><DD Font="normal"><LA>Küchen,</LA></DD><DT>f)</DT><DD Font="normal"><LA>Umkleideräume,</LA></DD><DT>g)</DT><DD Font="normal"><LA>Toiletten und Waschräume einschließlich der Räume und Einrichtungen zum Waschen, Trocknen und Bügeln der Wäsche (sanitäre Einrichtungen),</LA></DD><DT>h)</DT><DD Font="normal"><LA>medizinische Räumlichkeiten,</LA></DD><DT>i)</DT><DD Font="normal"><LA>Gänge in den Bereichen des Schiffs, die der Unterbringung der Besatzungsmitglieder dienen (Verkehrsgänge),</LA></DD></DL></LA></DD><DT>2.</DT><DD Font="normal"><LA>Freizeitbereiche an Deck,</LA></DD><DT>3.</DT><DD Font="normal"><LA>Vorratsräume und Kühlräume,</LA></DD><DT>4.</DT><DD Font="normal"><LA>Einrichtungen zur Trinkwasserversorgung.</LA></DD></DL></P><P>(2) Ein Fahrgastschiff ist ein Schiff, das für die Beförderung von mehr als zwölf Fahrgästen zugelassen ist.</P><P>(3) Spezialschiffe sind Schiffe im Sinne des IMO-Codes über die Sicherheit von Spezialschiffen (VkBl. 2009 S. 84), die für die Beförderung von mehr als zwölf Personen Spezialpersonal vorgesehen sind.</P><P>(4) Fischereifahrzeuge sind Schiffe, die zur gewerblichen Fischerei verwendet werden oder verwendet werden sollen und mit einem durchgehenden wasserdichten Wetterdeck, das bei allen Beladungszuständen oberhalb der Wasserlinie liegt, ausgestattet sind.</P><P>(5) Berufsgenossenschaft im Sinne dieser Verordnung ist die Berufsgenossenschaft Verkehrswirtschaft Post-Logistik Telekommunikation.</P><P>(6) „Länge“ eines Schiffs ist der größere der beiden folgenden Werte: <DL Type="arabic"><DT>1.</DT><DD Font="normal"><LA>96 Prozent der Gesamtlänge, gemessen in einer Wasserlinie in Höhe von 85 Prozent der geringsten Seitenhöhe oberhalb der Oberkante des Kiels, oder</LA></DD><DT>2.</DT><DD Font="normal"><LA>die Länge von der Vorkante des Vorstevens bis zur Drehachse des Ruderschafts in dieser Wasserlinie.</LA></DD></DL>Bei Schiffen mit Kielfall hat die Wasserlinie, in der diese Länge gemessen wird, parallel zur Konstruktionswasserlinie zu verlaufen.</P></Content></text></textdaten></norm>
<norm builddate="20200130213026" doknr="BJNR145300019BJNE000500000"><metadaten><jurabk>SeeUnterkunftsV 2019</jurabk><jurabk>SeeUnterkunftsV</jurabk><enbez>§ 3</enbez><titel format="XML">Allgemeine Anforderungen an Unterkünfte und Freizeiteinrichtungen</titel></metadaten><textdaten><text format="XML"><Content><P>Der Reeder hat dafür zu sorgen, dass die Unterkünfte und Freizeiteinrichtungen <DL Type="arabic"><DT>1.</DT><DD Font="normal"><LA>an Bord vorhanden sind und instand gehalten werden,</LA></DD><DT>2.</DT><DD Font="normal"><LA>frei von Gegenständen sind, die nicht persönliches Eigentum der Besatzungsmitglieder sind und nicht der Unterbringung, Freizeitgestaltung, Sicherheit oder Rettung der Besatzungsmitglieder dienen,</LA></DD><DT>3.</DT><DD Font="normal"><LA>dem zum jeweiligen Zeitpunkt der Kiellegung eines Schiffs geltenden Stand der Technik entsprechen, und</LA></DD><DT>4.</DT><DD Font="normal"><LA>für eine menschenwürdige und gesundheitsgerechte Unterbringung oder Verpflegung der Besatzungsmitglieder, soweit dafür vorgesehen, geeignet sind.</LA></DD></DL></P></Content></text></textdaten></norm>
<norm builddate="20200130213026" doknr="BJNR145300019BJNE000600000"><metadaten><jurabk>SeeUnterkunftsV 2019</jurabk><jurabk>SeeUnterkunftsV</jurabk><enbez>§ 4</enbez><titel format="XML">Bekanntmachung</titel></metadaten><textdaten><text format="XML"><Content><P>Auf jedem Schiff ist den Besatzungsmitgliedern der Wortlaut dieser Verordnung in der im Borddienst gebräuchlichen Sprache zugänglich zu machen.</P></Content></text></textdaten></norm>
<norm builddate="20200130213026" doknr="BJNR145300019BJNG000200000"><metadaten><jurabk>SeeUnterkunftsV 2019</jurabk><jurabk>SeeUnterkunftsV</jurabk><gliederungseinheit><gliederungskennzahl>020</gliederungskennzahl><gliederungsbez>Abschnitt 2</gliederungsbez><gliederungstitel>Genehmigungen, Ausnahmen</gliederungstitel></gliederungseinheit></metadaten><textdaten/></norm>
<norm builddate="20200130213026" doknr="BJNR145300019BJNE000700000"><metadaten><jurabk>SeeUnterkunftsV 2019</jurabk><jurabk>SeeUnterkunftsV</jurabk><enbez>§ 5</enbez><titel format="XML">Genehmigung vor Bau, wesentlicher Änderung oder Flaggenwechsel eines Schiffs</titel></metadaten><textdaten><text format="XML"><Content><P>(1) Wer den Bau eines Schiffs in Auftrag gibt, hat vor Beginn des Baus der Berufsgenossenschaft alle erforderlichen Pläne und Unterlagen der Unterkünfte und Freizeiteinrichtungen vorzulegen und die Zustimmung der Berufsgenossenschaft hierzu einzuholen. Aus den Plänen und Unterlagen müssen erkennbar sein <DL Type="arabic"><DT>1.</DT><DD Font="normal"><LA>die vorgesehene Zahl der Besatzungsmitglieder,</LA></DD><DT>2.</DT><DD Font="normal"><LA>das voraussichtliche Fahrtgebiet,</LA></DD><DT>3.</DT><DD Font="normal"><LA>die Lage der Unterkünfte und Freizeiteinrichtungen an Bord,</LA></DD><DT>4.</DT><DD Font="normal"><LA>die vorgesehene Verwendung jeden Raumes an Bord,</LA></DD><DT>5.</DT><DD Font="normal"><LA>die Anordnung der Einrichtungsgegenstände in Wohn- und Schlafräumen,</LA></DD><DT>6.</DT><DD Font="normal"><LA>die Art und Anordnung der Versorgungsanlagen für Belüftung, Beleuchtung, Heizung, Klima und Trinkwasser.</LA></DD></DL>Die Sätze 1 und 2 gelten entsprechend, wenn die Unterkünfte und Freizeiteinrichtungen eines Schiffs wesentlich geändert werden sollen oder wenn ein Schiff von einer ausländischen Flagge zur Bundesflagge wechselt.</P><P>(2) Bei der Bauausführung darf von den vorgelegten Plänen nur dann abgewichen werden, wenn die Berufsgenossenschaft der Abweichung zugestimmt hat.</P></Content></text></textdaten></norm>
<norm builddate="20200130213026" doknr="BJNR145300019BJNE000800000"><metadaten><jurabk>SeeUnterkunftsV 2019</jurabk><jurabk>SeeUnterkunftsV</jurabk><enbez>§ 6</enbez><titel format="XML">Ausnahmen</titel></metadaten><textdaten><text format="XML"><Content><P>(1) Die Berufsgenossenschaft kann für Schiffe, auf denen die Interessen von Besatzungsmitgliedern mit unterschiedlichen religiösen und sozialen Gebräuchen zu berücksichtigen sind, zur Vermeidung von Diskriminierung Ausnahmen von den Vorschriften dieser Verordnung zulassen, soweit die dadurch entstehenden Verhältnisse im Ganzen nicht ungünstiger sind als die Verhältnisse, die sich aus der Anwendung dieser Verordnung ergeben würden.</P><P>(2) Auf Schiffe mit einer Bruttoraumzahl von weniger als 200, die keine Fischereifahrzeuge sind, sind die Anforderungen an die folgenden Ausstattungsmerkmale nicht anzuwenden: <DL Type="arabic"><DT>1.</DT><DD Font="normal"><LA>Klimaanlage (§ 11 Absatz 3),</LA></DD><DT>2.</DT><DD Font="normal"><LA>Bodenflächen (§ 16 Absatz 1, 3, 4 und 5),</LA></DD><DT>3.</DT><DD Font="normal"><LA>eigenes Waschbecken (§ 20 Absatz 2),</LA></DD><DT>4.</DT><DD Font="normal"><LA>Einrichtungen zur Wäschepflege (§ 26).</LA></DD></DL></P><P>(3) Auf Fischereifahrzeuge mit einer Länge von weniger als 24 Metern sind die Anforderungen an die folgenden Ausstattungsmerkmale nicht anzuwenden: <DL Type="arabic"><DT>1.</DT><DD Font="normal"><LA>Klimaanlage (§ 11 Absatz 3),</LA></DD><DT>2.</DT><DD Font="normal"><LA>Zugang zu den Schlafräumen (§ 15 Absatz 5),</LA></DD><DT>3.</DT><DD Font="normal"><LA>Bodenflächen (§ 16 Absatz 1, 5 und 8),</LA></DD><DT>4.</DT><DD Font="normal"><LA>Ausstattung von Messen (§ 19 Absatz 5 Nummer 1 und 2),</LA></DD><DT>5.</DT><DD Font="normal"><LA>Anzahl und Anordnung der sanitären Einrichtungen (§ 20 Absatz 1, 2 und 4),</LA></DD><DT>6.</DT><DD Font="normal"><LA>Büroräume (§ 25),</LA></DD><DT>7.</DT><DD Font="normal"><LA>Vorrichtungen zum Bügeln (§ 26 Absatz 1 Nummer 3),</LA></DD><DT>8.</DT><DD Font="normal"><LA>Aufbewahrung von Koffern und sperrigen Gegenständen (§ 27 Absatz 2),</LA></DD><DT>9.</DT><DD Font="normal"><LA>Freizeitbereiche und Freizeiträume (§ 28).</LA></DD></DL></P></Content></text></textdaten></norm>
<norm builddate="20200130213026" doknr="BJNR145300019BJNG000300000"><metadaten><jurabk>SeeUnterkunftsV 2019</jurabk><jurabk>SeeUnterkunftsV</jurabk><gliederungseinheit><gliederungskennzahl>030</gliederungskennzahl><gliederungsbez>Abschnitt 3</gliederungsbez><gliederungstitel>Anforderungen an Bau, Ausrüstung und Instandhaltung der Unterkunftsräume und Freizeiteinrichtungen</gliederungstitel></gliederungseinheit></metadaten><textdaten/></norm>
<norm builddate="20200130213026" doknr="BJNR145300019BJNG000400000"><metadaten><jurabk>SeeUnterkunftsV 2019</jurabk><jurabk>SeeUnterkunftsV</jurabk><gliederungseinheit><gliederungskennzahl>030010</gliederungskennzahl><gliederungsbez>Unterabschnitt 1</gliederungsbez><gliederungstitel>Wände, Decken, Fußböden, Isolierung, Schutzvorrichtungen</gliederungstitel></gliederungseinheit></metadaten><textdaten/></norm>
<norm builddate="20200130213026" doknr="BJNR145300019BJNE000900000"><metadaten><jurabk>SeeUnterkunftsV 2019</jurabk><jurabk>SeeUnterkunftsV</jurabk><enbez>§ 7</enbez><titel format="XML">Wände, Decken, Fußböden</titel></metadaten><textdaten><text format="XML"><Content><P>(1) In allen Unterkunftsräumen ist eine angemessene Deckenhöhe einzuhalten. Die lichte Höhe muss in allen Unterkunftsräumen, in denen volle Bewegungsfreiheit erforderlich ist, mindestens 203 Zentimeter betragen. Die Berufsgenossenschaft kann eine geringere Mindestdeckenhöhe zulassen, wenn dadurch die Gesundheit und das Wohlbefinden der Besatzungsmitglieder nicht beeinträchtigt werden.</P><P>(2) Außenwände und Wände der folgenden Räume müssen aus Stahl oder einem gleichwertigen Werkstoff hergestellt sein und wasser- und gasdicht sein: <DL Type="arabic"><DT>1.</DT><DD Font="normal"><LA>Laderäume,</LA></DD><DT>2.</DT><DD Font="normal"><LA>Maschinenräume,</LA></DD><DT>3.</DT><DD Font="normal"><LA>Vorratsräume,</LA></DD><DT>4.</DT><DD Font="normal"><LA>Kühlräume,</LA></DD><DT>5.</DT><DD Font="normal"><LA>Räume zum Trocknen von Wäsche,</LA></DD><DT>6.</DT><DD Font="normal"><LA>Küchen und</LA></DD><DT>7.</DT><DD Font="normal"><LA>gemeinschaftlich genutzte Toiletten und Waschräume in Richtung der Schlafräume.</LA></DD></DL>Die Innenwände und Decken der Unterkunftsräume, mit Ausnahme der Küchen und Toiletten, müssen verkleidet sein.</P><P>(3) Offene Decks über den Unterkunftsräumen sind mit einem Belag aus Holz oder einem gleichwertigen Stoff und, soweit die Unterkunftsräume zum dauernden Aufenthalt von Besatzungsmitgliedern bestimmt sind, auch mit einer Trittschallisolierung zu versehen.</P><P>(4) Fußböden, Wände und Decken der Unterkunftsräume dürfen keine scharfen Kanten haben. Sie müssen so beschaffen sein, dass sie leicht gereinigt werden können. Die Fußböden müssen rutschfest und feuchtigkeitsundurchlässig sein. Wasser muss abfließen können. Die Oberfläche der Wände und Decken muss hell und wasserfest beschaffen sein.</P><P>(5) Die Übergänge zwischen Fußbodenbelägen aus Verbundwerkstoffen und Wänden müssen so mit Profilen versehen sein, dass Fugen möglichst vermieden werden.</P></Content></text></textdaten></norm>
<norm builddate="20200130213026" doknr="BJNR145300019BJNE001000000"><metadaten><jurabk>SeeUnterkunftsV 2019</jurabk><jurabk>SeeUnterkunftsV</jurabk><enbez>§ 8</enbez><titel format="XML">Isolierung</titel></metadaten><textdaten><text format="XML"><Content><P>(1) Die Unterkunftsräume müssen gegen Kälte und Hitze, die von außen oder aus Nachbarräumen einwirken, wirksam isoliert sein. Die Isolierung muss zweckmäßig sein und gewährleisten, dass Kondenswasser abfließen kann.</P><P>(2) Technische Einrichtungen, die die Temperatur in den Unterkunftsräumen beeinflussen können, müssen isoliert sein.</P></Content></text></textdaten></norm>
<norm builddate="20200130213026" doknr="BJNR145300019BJNE001100000"><metadaten><jurabk>SeeUnterkunftsV 2019</jurabk><jurabk>SeeUnterkunftsV</jurabk><enbez>§ 9</enbez><titel format="XML">Schutzvorrichtungen gegen Ungeziefer</titel></metadaten><textdaten><text format="XML"><Content><P>(1) Unterkunftsräume, Vorratsräume und Kühlräume sind gegen das Eindringen und das Einnisten von Ungeziefer zu schützen.</P><P>(2) Auf Schiffen, die in Fahrtgebieten eingesetzt sind oder Häfen anlaufen, in denen Insekten Tropenkrankheiten übertragen können, <DL Type="arabic"><DT>1.</DT><DD Font="normal"><LA>ist vor Fenstern, Lüftungsöffnungen und Außentüren ein geeigneter Insektenschutz anzubringen und</LA></DD><DT>2.</DT><DD Font="normal"><LA>sind vor den Luftansaugöffnungen von raumlufttechnischen Anlagen widerstandsfähige Insektenfilter anzubringen.</LA></DD></DL>Bei Klimaanlagen kann auf zusätzlichen Insektenschutz verzichtet werden, wenn sie mit einem Reservemotor ausgestattet sind.</P></Content></text></textdaten></norm>
<norm builddate="20200130213026" doknr="BJNR145300019BJNG000500000"><metadaten><jurabk>SeeUnterkunftsV 2019</jurabk><jurabk>SeeUnterkunftsV</jurabk><gliederungseinheit><gliederungskennzahl>030020</gliederungskennzahl><gliederungsbez>Unterabschnitt 2</gliederungsbez><gliederungstitel>Beleuchtung, Lüftung, Klimatisierung, Heizung, Leitungen</gliederungstitel></gliederungseinheit></metadaten><textdaten/></norm>
<norm builddate="20200130213026" doknr="BJNR145300019BJNE001200000"><metadaten><jurabk>SeeUnterkunftsV 2019</jurabk><jurabk>SeeUnterkunftsV</jurabk><enbez>§ 10</enbez><titel format="XML">Beleuchtung</titel></metadaten><textdaten><text format="XML"><Content><P>(1) Schlafräume, Wohnräume, Messen und sonstige Aufenthaltsräume müssen durch Tageslicht angemessen erhellt sein; dies gilt nicht auf <DL Type="arabic"><DT>1.</DT><DD Font="normal"><LA>Fahrgastschiffen,</LA></DD><DT>2.</DT><DD Font="normal"><LA>Spezialschiffen, sowie</LA></DD><DT>3.</DT><DD Font="normal"><LA>Fischereifahrzeugen mit einer Länge von weniger als 24 Metern,</LA></DD></DL>wenn diese Räume ausnahmsweise unter der Ladelinie untergebracht werden dürfen.</P><P>(2) In den Unterkunftsräumen, Vorratsräumen und Kühlräumen müssen elektrische Anlagen vorhanden sein, mit denen die Räume ausreichend beleuchtet werden. In den Unterkunftsräumen müssen Tische und Schreibpulte zum Lesen und Schreiben ausreichend beleuchtet werden können. Jede Koje muss am Kopfende mit einer Lampe versehen sein, die ein zum Lesen ausreichendes Licht abgibt.</P><P>(3) Die Unterkunftsräume müssen, wenn nicht zwei voneinander unabhängige Stromquellen vorhanden sind, mit einer elektrischen Notbeleuchtungsanlage versehen sein.</P><P>(4) Wenn auf einem Fischereifahrzeug in den Messen, Gängen oder sonstigen Räumen, die als Notausgang verwendet werden, keine Notbeleuchtung vorhanden ist, ist in solchen Räumen eine ständige Nachtbeleuchtung vorzusehen.</P></Content></text></textdaten></norm>
<norm builddate="20200130213026" doknr="BJNR145300019BJNE001300000"><metadaten><jurabk>SeeUnterkunftsV 2019</jurabk><jurabk>SeeUnterkunftsV</jurabk><enbez>§ 11</enbez><titel format="XML">Luftreinhaltung, raumlufttechnische Anlagen</titel></metadaten><textdaten><text format="XML"><Content><P>(1) Unterkunftsräume sind so anzuordnen und auszustatten, dass sie gegen Luftverunreinigung aus anderen Schiffsteilen, insbesondere gegen Maschinenabgase, sowie gegen Abluft aus Tanks, Küchen, medizinischen Räumlichkeiten und sanitären Einrichtungen, geschützt sind.</P><P>(2) Unterkunftsräume sind mit raumlufttechnischen Anlagen, insbesondere Klimaanlagen oder mechanischen Lüftungsanlagen, auszustatten. Die raumlufttechnischen Anlagen sind jederzeit betriebsbereit zu halten und bei Aufenthalt von Besatzungsmitgliedern an Bord zu betreiben.</P><P>(3) Auf allen Schiffen, mit Ausnahme derer, die Gebiete befahren, in denen dies auf Grund des gemäßigten Klimas nicht erforderlich ist, sind die Unterkunftsräume, die Brücke sowie der Raum, in dem sich der zentrale Maschinenleitstand befindet, mit Klimaanlagen auszurüsten.</P><P>(4) Raumlufttechnische Anlagen müssen so beschaffen sein, dass <DL Type="arabic"><DT>1.</DT><DD Font="normal"><LA>sie eine im Vergleich zu den Außenluftbedingungen der Gesundheit zuträglichere Luftbeschaffenheit sowie eine ausreichende Lufterneuerung in den Unterkunftsräumen gewährleistet,</LA></DD><DT>2.</DT><DD Font="normal"><LA>sie den Besonderheiten des Schiffsbetriebes auf See Rechnung tragen und keine übermäßigen Geräusche, Vibrationen oder Zugluft verursachen und</LA></DD><DT>3.</DT><DD Font="normal"><LA>sie leicht gesäubert und desinfiziert werden können, um Beeinträchtigungen der Gesundheit und des Wohlbefindens der Besatzungsmitglieder zu verhindern.</LA></DD></DL></P><P>(5) Bei einem Ausfall der raumlufttechnischen Anlage müssen die Unterkunftsräume zusätzlich auf andere Weise belüftet werden können.</P><P>(6) Durch Reinigung und Wartung der raumlufttechnischen Anlagen hat der Reeder sicherzustellen, dass gesundheitliche Beeinträchtigungen der Besatzungsmitglieder durch diese Anlagen vermieden werden.</P></Content></text></textdaten></norm>
<norm builddate="20200130213026" doknr="BJNR145300019BJNE001400000"><metadaten><jurabk>SeeUnterkunftsV 2019</jurabk><jurabk>SeeUnterkunftsV</jurabk><enbez>§ 12</enbez><titel format="XML">Heizungsanlage</titel></metadaten><textdaten><text format="XML"><Content><P>(1) Die Unterkunftsräume müssen mit einer Heizungsanlage ausgestattet sein, die eine der Gesundheit zuträgliche Temperatur unter den Wetter- und Klimabedingungen, denen das Schiff auf der Fahrt ausgesetzt sein wird, gewährleistet; davon ausgenommen sind Schiffe, die ausschließlich in den Tropen verkehren. Die Heizungsanlage ist in Betrieb zu halten, wenn sich Besatzungsmitglieder an Bord aufhalten und die Witterung es erfordert.</P><P>(2) Die Wärmeversorgung innerhalb der Unterkunftsräume darf nur mit Warmwasser, Warmluft oder Elektrizität erfolgen.</P><P>(3) Heizkörper und sonstige Heizgeräte müssen so aufgestellt und abgeschirmt sein, dass die Gefahr eines Brandes oder eine Gefährdung oder Belästigung der Besatzungsmitglieder vermieden werden.</P></Content></text></textdaten></norm>
<norm builddate="20200130213026" doknr="BJNR145300019BJNE001500000"><metadaten><jurabk>SeeUnterkunftsV 2019</jurabk><jurabk>SeeUnterkunftsV</jurabk><enbez>§ 13</enbez><titel format="XML">Leitungen</titel></metadaten><textdaten><text format="XML"><Content><P>Leitungen mit gesundheitsgefährlichen Gasen oder Flüssigkeiten oder Leitungen, die unter einem so hohen inneren Überdruck stehen, dass sie bei einem Undichtwerden Leben oder Gesundheit der Besatzungsmitglieder gefährden können, dürfen nicht in Unterkunftsräumen, ausgenommen in Küchen, verlegt sein.</P></Content></text></textdaten></norm>
<norm builddate="20200130213026" doknr="BJNR145300019BJNG000600000"><metadaten><jurabk>SeeUnterkunftsV 2019</jurabk><jurabk>SeeUnterkunftsV</jurabk><gliederungseinheit><gliederungskennzahl>030030</gliederungskennzahl><gliederungsbez>Unterabschnitt 3</gliederungsbez><gliederungstitel>Lärm und Vibrationen</gliederungstitel></gliederungseinheit></metadaten><textdaten/></norm>
<norm builddate="20200130213026" doknr="BJNR145300019BJNE001600000"><metadaten><jurabk>SeeUnterkunftsV 2019</jurabk><jurabk>SeeUnterkunftsV</jurabk><enbez>§ 14</enbez><titel format="XML">Verhütung von Lärm und Vibrationen</titel></metadaten><textdaten><text format="XML"><Content><P>(1) Unterkunftsräume und Freizeitbereiche an Deck dürfen keinen Lärmbelastungen oder Vibrationen ausgesetzt sein, die der Gesundheit oder dem Wohlbefinden der Besatzungsmitglieder nicht zuträglich sind.</P><P>(2) Unterkunftsräume und Freizeitbereiche an Deck sind in möglichst großer Entfernung von dem Maschinenraum, dem Rudermaschinenraum, den Ladewinden, den Heizungsanlagen, den raumlufttechnischen Anlagen und anderen lärmerzeugenden Maschinen und Anlagen anzuordnen.</P><P>(3) Bei Bau und Verkleidung der Wände, Decken und Fußböden in den Lärmquellen aufweisenden Räumen sowie von selbstschließenden schalldichten Türen in Maschinenräumen sind Schallabdichtungen und andere geeignete schallschluckende Materialien zu verwenden.</P></Content></text></textdaten></norm>
<norm builddate="20200130213026" doknr="BJNR145300019BJNG000700000"><metadaten><jurabk>SeeUnterkunftsV 2019</jurabk><jurabk>SeeUnterkunftsV</jurabk><gliederungseinheit><gliederungskennzahl>030040</gliederungskennzahl><gliederungsbez>Unterabschnitt 4</gliederungsbez><gliederungstitel>Schlafräume, Bodenflächen, Kojen, Ausstattung</gliederungstitel></gliederungseinheit></metadaten><textdaten/></norm>
<norm builddate="20200130213026" doknr="BJNR145300019BJNE001700000"><metadaten><jurabk>SeeUnterkunftsV 2019</jurabk><jurabk>SeeUnterkunftsV</jurabk><enbez>§ 15</enbez><titel format="XML">Schlafräume</titel></metadaten><textdaten><text format="XML"><Content><P>(1) Für die Besatzungsmitglieder sind Schlafräume vorzusehen, wenn die Betriebsumstände eine Übernachtung an Bord erforderlich machen.</P><P>(2) Für jedes Besatzungsmitglied ist ein eigener Schlafraum vorzusehen. Abweichend von Satz 1 dürfen Schlafräume, getrennt nach Männern und Frauen, <DL Type="arabic"><DT>1.</DT><DD Font="normal"><LA>auf Schiffen mit einer Bruttoraumzahl von weniger als 3 000 und auf Spezialschiffen mit bis zu zwei Besatzungsmitgliedern belegt werden,</LA></DD><DT>2.</DT><DD Font="normal"><LA>auf Fahrgastschiffen mit bis zu vier Besatzungsmitgliedern belegt werden, jedoch nicht mit mehr als zwei Offizieren,</LA></DD><DT>3.</DT><DD Font="normal"><LA>auf Fischereifahrzeugen mit einer Länge von weniger als 24 Metern mit bis zu sechs Besatzungsmitgliedern belegt werden, jedoch, soweit möglich, nicht mit mehr als einem Offizier,</LA></DD><DT>4.</DT><DD Font="normal"><LA>auf Fischereifahrzeugen mit einer Länge von 24 Metern oder mehr mit bis zu vier Besatzungsmitgliedern belegt werden, jedoch nicht mit mehr als einem Offizier,</LA></DD><DT>5.</DT><DD Font="normal"><LA>mit zwei Auszubildenden belegt werden, wenn Auszubildende an Bord ausgebildet werden und die Schlafräume mit einem eigenen Bad und einer eigenen Toilette ausgestattet sind.</LA></DD></DL>Die Regelungen zu den Mindestbodenflächen in § 16 Absatz 4 Nummer 1 gelten entsprechend. Die Berufsgenossenschaft kann im Einzelfall Ausnahmen von den Anforderungen nach Nummer 4 zulassen, wenn auf Grund der Größe, der Art oder des beabsichtigten Einsatzzwecks des Fischereifahrzeuges die Belegung mit nicht mehr als einem Offizier nicht umsetzbar ist. Auf Fischereifahrzeugen ist in jedem Schlafraum die Höchstzahl der Besatzungsmitglieder, die darin untergebracht werden dürfen, an leicht sichtbarer Stelle dauerhaft und leserlich anzugeben.</P><P>(3) Schlafräume sind nach Möglichkeit mit eigenem Bad und eigener Toilette auszustatten. § 20 Absatz 5 und 6 bleibt unberührt.</P><P>(4) Die Schlafräume sind über der Ladelinie mittschiffs oder achtern anzuordnen. Ist in Einzelfällen eine Anordnung nach Satz 1 auf Grund der Größe, des Schiffstyps oder der beabsichtigten Einsatzart des Schiffs nicht möglich, so können Schlafräume auch im Vorschiff, jedoch keinesfalls vor dem Kollisionsschott angeordnet werden. Die Berufsgenossenschaft kann für Fahrgastschiffe, für Spezialschiffe und für Fischereifahrzeuge mit einer Länge von weniger als 24 Metern zulassen, dass die Schlafräume unterhalb der Ladelinie angeordnet werden, wenn Vorkehrungen für ausreichende Beleuchtung und Lüftung getroffen sind und mindestens ein durch Tageslicht erhellter Aufenthaltsraum vorhanden ist. Im Falle des Satzes 3 dürfen Räume nicht unmittelbar unterhalb der für Arbeiten genutzten Gänge angeordnet sein.</P><P>(5) Die Schlafräume müssen von Verkehrsgängen aus betreten werden können, die innerhalb der Wohnbereiche liegen. Zwischen den Schlafräumen und den anderen Räumen müssen allgemeine Verkehrsgänge oder Schleusen liegen. Von Satz 2 darf abgewichen werden, um Bäder und Toiletten einzurichten, die jeweils von zwei Schlafräumen aus gemeinsam genutzt werden können.</P><P>(6) Soweit möglich, sind die Besatzungsmitglieder so auf die Schlafräume zu verteilen, dass die Wachen getrennt sind und die im Tagesdienst tätigen Besatzungsmitglieder ihren Schlafraum nicht mit Wachgängern teilen müssen.</P><P>(7) Soweit möglich, ist bei der Gestaltung von Schlafräumen die Mitnahme von Partnern der Besatzungsmitglieder zu berücksichtigen.</P></Content></text></textdaten></norm>
<norm builddate="20200130213026" doknr="BJNR145300019BJNE001800000"><metadaten><jurabk>SeeUnterkunftsV 2019</jurabk><jurabk>SeeUnterkunftsV</jurabk><enbez>§ 16</enbez><titel format="XML">Bodenflächen</titel></metadaten><textdaten><text format="XML"><Content><P>(1) In Schlafräumen mit Einzelkojen darf die Bodenfläche nicht geringer sein als <DL Type="arabic"><DT>1.</DT><DD Font="normal"><LA>4,5 Quadratmeter auf Schiffen mit einer Bruttoraumzahl von weniger als 3 000,</LA></DD><DT>2.</DT><DD Font="normal"><LA>5,5 Quadratmeter auf Schiffen mit einer Bruttoraumzahl von 3 000 oder mehr, aber mit einer Bruttoraumzahl von weniger als 10 000,</LA></DD><DT>3.</DT><DD Font="normal"><LA>7 Quadratmeter auf Schiffen mit einer Bruttoraumzahl von 10 000 oder mehr.</LA></DD></DL>Abweichend von Satz 1 darf auf Fischereifahrzeugen die Bodenfläche je Besatzungsmitglied in Schlafräumen, ausschließlich der von Kojen, Spinden, Kommoden und Sitzgelegenheiten eingenommenen Fläche, nicht geringer sein als 2,5 Quadratmeter.</P><P>(2) Abweichend von Absatz 1 kann die Berufsgenossenschaft im Einzelfall für Schiffe mit einer Bruttoraumzahl von weniger als 3 000, für Fahrgastschiffe und für Spezialschiffe eine geringere Mindestgröße der Bodenflächen zulassen, um jedem Besatzungsmitglied einen eigenen Schlafraum zu ermöglichen, wenn dadurch die Gesundheit und das Wohlbefinden der Besatzungsmitglieder nicht beeinträchtigt werden.</P><P>(3) Auf Schiffen mit einer Bruttoraumzahl von weniger als 3 000, die keine Fahrgastschiffe oder Spezialschiffe sind, darf die Bodenfläche von Schlafräumen, die nach § 15 Absatz 2 Satz 2 Nummer 1 mit zwei Besatzungsmitgliedern belegt sind, nicht geringer als 7 Quadratmeter sein.</P><P>(4) Auf Fahrgastschiffen und Spezialschiffen darf die Bodenfläche in Schlafräumen für Besatzungsmitglieder, die nicht die Aufgaben von Offizieren ausführen, nicht geringer sein als <DL Type="arabic"><DT>1.</DT><DD Font="normal"><LA>7,5 Quadratmeter in Räumen mit zwei Besatzungsmitgliedern,</LA></DD><DT>2.</DT><DD Font="normal"><LA>11,5 Quadratmeter in Räumen mit drei Besatzungsmitgliedern und</LA></DD><DT>3.</DT><DD Font="normal"><LA>14,5 Quadratmeter in Räumen mit vier Besatzungsmitgliedern.</LA></DD></DL></P><P>(5) Die Bodenfläche der Schlafräume von Besatzungsmitgliedern, die die Aufgaben von Offizieren ausführen und denen neben dem Schlafraum kein gesonderter Wohnraum oder anderer Raum zur Verfügung steht, darf nicht geringer sein als <DL Type="arabic"><DT>1.</DT><DD Font="normal"><LA>7,5 Quadratmeter auf Schiffen mit einer Bruttoraumzahl von weniger als 3 000,</LA></DD><DT>2.</DT><DD Font="normal"><LA>8,5 Quadratmeter auf Schiffen mit einer Bruttoraumzahl von 3 000 oder mehr, aber weniger als 10 000 und</LA></DD><DT>3.</DT><DD Font="normal"><LA>10 Quadratmeter auf Schiffen mit einer Bruttoraumzahl von 10 000 oder mehr.</LA></DD></DL>Abweichend von Satz 1 darf auf Fischereifahrzeugen die Bodenfläche der Schlafräume von Besatzungsmitgliedern, die die Aufgaben von Offizieren ausführen und denen neben dem Schlafraum kein gesonderter Wohnraum oder anderer Raum zur Verfügung steht, nicht geringer sein als 6,5 Quadratmeter.</P><P>(6) Auf Fahrgastschiffen und Spezialschiffen darf die Bodenfläche der Schlafräume <DL Type="arabic"><DT>1.</DT><DD Font="normal"><LA>von Besatzungsmitgliedern, die die Aufgaben von Offizieren auf Betriebsebene ausführen, nicht geringer als 7,5 Quadratmeter sein,</LA></DD><DT>2.</DT><DD Font="normal"><LA>von Besatzungsmitgliedern, die die Aufgaben von Offizieren auf Führungsebene ausführen, nicht geringer als 8,5 Quadratmeter sein,</LA></DD></DL>wenn diesen Besatzungsmitgliedern neben dem Schlafraum kein gesonderter Wohnraum oder anderer Raum zur Verfügung steht.</P><P>(7) Die von den Kojen, Spinden, Kommoden und Sitzgelegenheiten eingenommene Fläche ist in die Berechnung der Bodenfläche einzubeziehen. Auszunehmen sind jedoch kleine oder unregelmäßige Flächen, die den Bewegungsraum nicht wirksam vergrößern und die nicht als Stellraum verwendet werden können.</P><P>(8) Dem Kapitän, dem Leiter der Maschinenanlage und dem Ersten Offizier muss zusätzlich zu ihrem jeweiligen Schlafraum ein mit diesem Schlafraum unmittelbar in Verbindung stehender Wohnraum, Tagesraum oder ein gleichwertiger zusätzlicher Raum zur Verfügung stehen. Die Berufsgenossenschaft kann im Einzelfall für Schiffe mit einer Bruttoraumzahl von weniger als 3 000 Ausnahmen von Satz 1 zulassen.</P></Content></text><fussnoten/></textdaten></norm>
<norm builddate="20200130213026" doknr="BJNR145300019BJNE001900000"><metadaten><jurabk>SeeUnterkunftsV 2019</jurabk><jurabk>SeeUnterkunftsV</jurabk><enbez>§ 17</enbez><titel format="XML">Kojen und sonstige Schlafraumausstattungen</titel></metadaten><textdaten><text format="XML"><Content><P>(1) Im Schlafraum ist jedem Besatzungsmitglied eine Einzelkoje zur Verfügung zu stellen, die seiner Körpergröße entspricht. Die Innenmaße einer Koje müssen mindestens 200 Zentimeter mal 80 Zentimeter betragen. Auf Fischereifahrzeugen müssen die Innenmaße abweichend von Satz 2 mindestens 198 Zentimeter mal 80 Zentimeter betragen.</P><P>(2) Kojen müssen so gesichert sein, dass die Besatzungsmitglieder bei Seegang nicht herausfallen können. Kojen dürfen nicht so nebeneinander aufgestellt sein, dass eine Koje überstiegen werden muss, um zur Nachbarkoje zu gelangen. Ausnahmen von Satz 2 sind zulässig, wenn ein Besatzungsmitglied von seinem Partner oder seiner Partnerin auf der Reise begleitet wird.</P><P>(3) Jede Koje ist mit einem Lattenrost, einer Matratze aus geeignetem Material, einer Decke und einem Kissen auszustatten.</P><P>(4) Übereinander dürfen nicht mehr als zwei Kojen aufgestellt sein. Wo sich über einer Koje ein Fenster befindet, dürfen Kojen der Schiffswand entlang nicht übereinander aufgestellt werden. Die untere von zwei übereinanderliegenden Kojen ist mindestens 30 Zentimeter über dem Boden und die obere ist etwa in der Mitte zwischen dem Boden der unteren Koje und der Unterseite der Decke anzubringen. Bei übereinander aufgestellten Kojen ist unter der Matratze der oberen Koje eine staubdichte Abdeckung anzubringen.</P><P>(5) Den Besatzungsmitgliedern sind 14täglich frische Bettwäsche von angemessener Qualität sowie wöchentlich mindestens zwei frische Handtücher zur Verfügung zu stellen. Bei einem Wechsel des Benutzers der Koje ist diese einschließlich der Matratze, der Decke und des Kissens gründlich zu reinigen.</P><P>(6) Jeder Schlafraum ist für jedes Besatzungsmitglied auszustatten mit <DL Type="arabic"><DT>1.</DT><DD Font="normal"><LA>einem Kleiderspind von ausreichender Größe, mindestens 475 Liter Rauminhalt, und</LA></DD><DT>2.</DT><DD Font="normal"><LA>einer Kommode oder einem entsprechenden Behältnis von mindestens 56 Liter Rauminhalt.</LA></DD></DL>Ist die Kommode in den Kleiderspind integriert, so muss das gemeinsame Mindestvolumen des Kleiderspinds 500 Liter Rauminhalt betragen. Der Spind ist mit einem Fach und einer Verschlussvorrichtung zu versehen, um die Privatsphäre zu gewährleisten. Für Schiffe mit einer Bruttoraumzahl von weniger als 200 und für Fischereifahrzeuge kann die Berufsgenossenschaft im Einzelfall Ausnahmen von den Anforderungen der Sätze 1 bis 3 zulassen, wenn diese Anforderungen baulich nicht umsetzbar sind und das Besatzungsmitglied auf andere Art und Weise die Möglichkeit hat, für die Dauer der Reise seine persönlichen Gegenstände und Kleidungsstücke angemessen zu verstauen.</P><P>(7) Jeder Schlafraum ist auszustatten mit <DL Type="arabic"><DT>1.</DT><DD Font="normal"><LA>einem kleinen Schrank für den Toilettenartikelbedarf der Besatzungsmitglieder,</LA></DD><DT>2.</DT><DD Font="normal"><LA>einem fest angebrachten, aufklappbaren oder ausziehbaren Tisch oder Pult,</LA></DD><DT>3.</DT><DD Font="normal"><LA>einem Spiegel,</LA></DD><DT>4.</DT><DD Font="normal"><LA>einer Steckdose,</LA></DD><DT>5.</DT><DD Font="normal"><LA>einem Anschluss an eine Gemeinschaftsantenne,</LA></DD><DT>6.</DT><DD Font="normal"><LA>einem Bücherbrett,</LA></DD><DT>7.</DT><DD Font="normal"><LA>Kleiderhaken und</LA></DD><DT>8.</DT><DD Font="normal"><LA>den erforderlichen Sitzgelegenheiten.</LA></DD></DL>Die Fenster der Schlafräume sind mit Vorhängen auszustatten.</P><P>(8) Die Einrichtungsgegenstände dürfen keine scharfen Kanten haben. Sie müssen, mit Ausnahme der gepolsterten Teile, aus einem festen, glatten und gegen Korrosion geschützten Werkstoff bestehen.</P></Content></text></textdaten></norm>
<norm builddate="20200130213026" doknr="BJNR145300019BJNG000800000"><metadaten><jurabk>SeeUnterkunftsV 2019</jurabk><jurabk>SeeUnterkunftsV</jurabk><gliederungseinheit><gliederungskennzahl>030050</gliederungskennzahl><gliederungsbez>Unterabschnitt 5</gliederungsbez><gliederungstitel>Küchen, Vorratsräume, Kühlräume und Messen</gliederungstitel></gliederungseinheit></metadaten><textdaten/></norm>
<norm builddate="20200130213026" doknr="BJNR145300019BJNE002000000"><metadaten><jurabk>SeeUnterkunftsV 2019</jurabk><jurabk>SeeUnterkunftsV</jurabk><enbez>§ 18</enbez><titel format="XML">Küchen, Vorratsräume und Kühlräume</titel></metadaten><textdaten><text format="XML"><Content><P>(1) Es sind Küchen vorzusehen, wenn die Betriebsumstände eine Zubereitung von Speisen an Bord erforderlich machen. Die Küchen müssen insbesondere ausgestattet sein mit <DL Type="arabic"><DT>1.</DT><DD Font="normal"><LA>Kochgeräten,</LA></DD><DT>2.</DT><DD Font="normal"><LA>einem Doppelspülbecken, einem Handwaschbecken und einer Einrichtung mit Einmalhandtüchern,</LA></DD><DT>3.</DT><DD Font="normal"><LA>einem Anschluss für kaltes und warmes Trinkwasser,</LA></DD><DT>4.</DT><DD Font="normal"><LA>den für die Unterbringung der beweglichen Kochgeräte und des Essgeschirrs erforderlichen Schränken, Regalen und Geschirrgestellen aus einem geeigneten, nicht rostenden Werkstoff,</LA></DD><DT>5.</DT><DD Font="normal"><LA>einer Abluftanlage und</LA></DD><DT>6.</DT><DD Font="normal"><LA>zwei Fußbodenabflüssen einschließlich einer Vorrichtung zur Verhinderung des Rückflusses.</LA></DD></DL></P><P>(2) Es müssen zum Lagern der Lebensmittel Vorratsräume sowie Kühlräume vorhanden sein. Abweichend von Satz 1 können auf kleineren Schiffen, auf denen Kühlräume nur mit unangemessenem Aufwand eingerichtet werden können, anstelle der Kühlräume Kühlschränke aufgestellt werden. Die Vorratsräume müssen trocken gehalten und gut belüftet sein. In den Vorratsräumen und Kühlräumen sowie in Kühlschränken muss die für das Lagergut erforderliche Temperatur herrschen. Die Vorräte sind nach den unterschiedlichen Temperaturerfordernissen gesondert zu lagern. Kühlräume müssen von innen zu öffnen sein, auch wenn sie von außen verschlossen sind, und mit einer Alarmvorrichtung ausgestattet sein.</P><P>(3) Abweichend von Absatz 1 kann die Berufsgenossenschaft auf den folgenden Schiffen im Einzelfall anstelle einer Küche eine Kochgelegenheit zulassen, wenn die Anforderungen nach Absatz 1 baulich nicht umsetzbar sind und die Besatzungsmitglieder auf andere Art und Weise die Möglichkeit haben, für die Dauer der Reise unter Einhaltung der lebensmittelrechtlichen Vorschriften Speisen und Getränke zuzubereiten: <DL Type="arabic"><DT>1.</DT><DD Font="normal"><LA>auf Schiffen mit einer Bruttoraumzahl von bis zu 200, die keine Fischereifahrzeuge sind, und</LA></DD><DT>2.</DT><DD Font="normal"><LA>auf Fischereifahrzeugen mit einer Länge von weniger als 24 Metern.</LA></DD></DL></P></Content></text></textdaten></norm>
<norm builddate="20200130213026" doknr="BJNR145300019BJNE002100000"><metadaten><jurabk>SeeUnterkunftsV 2019</jurabk><jurabk>SeeUnterkunftsV</jurabk><enbez>§ 19</enbez><titel format="XML">Messen, Pantries und Ausstattungen</titel></metadaten><textdaten><text format="XML"><Content><P>(1) Es sind Messen vorzusehen, wenn die Betriebsumstände Aufenthaltsräume erforderlich machen, in denen die Besatzungsmitglieder ihre Mahlzeiten einnehmen können. Soweit es die Größe des Schiffs zulässt, sind getrennte Messen für den Kapitän und die Offiziere einerseits sowie für die übrigen Besatzungsmitglieder andererseits einzurichten. Dabei sind die besonderen kulturellen, religiösen und sozialen Bedürfnisse der Besatzungsmitglieder zu berücksichtigen.</P><P>(2) Messen sind getrennt von den Schlafräumen und möglichst in der Nähe zur Küche anzuordnen. Messen dürfen keinesfalls vor dem Kollisionsschott angeordnet werden. Die Berufsgenossenschaft kann im Einzelfall für Schiffe mit einer Bruttoraumzahl von weniger als 3 000 Ausnahmen von Satz 1 zulassen.</P><P>(3) Die Bodenfläche einer Messe muss mindestens 1,5 Quadratmeter für jeden vorgesehenen Sitzplatz betragen. Eine Messe muss für die Anzahl von Besatzungsmitgliedern ausreichen, die sie üblicherweise gleichzeitig benutzen. Auf Fischereifahrzeugen muss die Bodenfläche einer Messe abweichend von Satz 1 eine Mindestfläche von 1,0 Quadratmeter für jeden vorgesehenen Sitzplatz betragen.</P><P>(4) Messen müssen so eingerichtet sein, dass die Besatzungsmitglieder darin ihre Mahlzeiten bequem einnehmen können. Insbesondere müssen Sitzgelegenheiten mit Rückenlehnen und Tische in einer Anzahl vorhanden sein, die der Zahl der Besatzungsmitglieder entspricht, die üblicherweise gleichzeitig die Messe benutzen. Die Oberflächen der Tische und Sitzgelegenheiten müssen aus feuchtigkeitsfesten Werkstoffen hergestellt sein.</P><P>(5) Folgende Einrichtungen müssen in einer Messe oder von einer Messe aus erreichbar vorgesehen sein: <DL Type="arabic"><DT>1.</DT><DD Font="normal"><LA>ein Doppelspülbecken mit einem Anschluss für kaltes und warmes Trinkwasser,</LA></DD><DT>2.</DT><DD Font="normal"><LA>ein Spender für Einmalhandtücher,</LA></DD><DT>3.</DT><DD Font="normal"><LA>ein Kühlschrank, der leicht zugänglich ist und dessen Fassungsvermögen für die Bedürfnisse der Besatzungsmitglieder, die die Messen besuchen, ausreicht,</LA></DD><DT>4.</DT><DD Font="normal"><LA>Einrichtungen zur Zubereitung kalter und heißer Getränke,</LA></DD><DT>5.</DT><DD Font="normal"><LA>Einrichtungen zum Aufbewahren des Geschirrs.</LA></DD></DL>Diese Einrichtungen müssen jederzeit zugänglich sein. Sie sollen nach Möglichkeit in einer Pantry zusammengefasst sein.</P><P>(6) Den Besatzungsmitgliedern ist geeignetes Essgeschirr und Besteck zur Verfügung zu stellen. Teller, Gläser und andere Messeutensilien müssen aus leicht zu säuberndem Material bestehen.</P></Content></text></textdaten></norm>
<norm builddate="20200130213026" doknr="BJNR145300019BJNG000900000"><metadaten><jurabk>SeeUnterkunftsV 2019</jurabk><jurabk>SeeUnterkunftsV</jurabk><gliederungseinheit><gliederungskennzahl>030060</gliederungskennzahl><gliederungsbez>Unterabschnitt 6</gliederungsbez><gliederungstitel>Sanitäre Einrichtungen</gliederungstitel></gliederungseinheit></metadaten><textdaten/></norm>
<norm builddate="20200130213026" doknr="BJNR145300019BJNE002200000"><metadaten><jurabk>SeeUnterkunftsV 2019</jurabk><jurabk>SeeUnterkunftsV</jurabk><enbez>§ 20</enbez><titel format="XML">Anzahl und Anordnung der sanitären Einrichtungen</titel></metadaten><textdaten><text format="XML"><Content><P>(1) Für die Besatzungsmitglieder sind sanitäre Einrichtungen, getrennt nach Männern und Frauen vorzusehen.</P><P>(2) Ausgenommen auf Fahrgastschiffen muss jeder Schlafraum mit einem eigenen Waschbecken ausgestattet sein. Dies gilt nicht für Schlafräume mit einem eigenen Bad, in dem ein Waschbecken vorhanden ist.</P><P>(3) Steht Besatzungsmitgliedern kein eigenes Bad zur Verfügung, kann jeweils für höchstens vier männliche oder vier weibliche Besatzungsmitglieder ein Waschbecken und eine Dusche zur gemeinsamen Nutzung vorgesehen werden. Satz 1 gilt entsprechend für die gemeinsame Nutzung einer Toilette. Die Toiletten müssen in der Nähe von Schlaf- und Waschräumen angeordnet sein. Sie dürfen nur über allgemeine Verkehrsgänge oder von den Waschräumen aus zugänglich sein. Satz 3 gilt nicht für eine Toilette, die zwischen zwei Schlafräumen mit einer Gesamtbelegschaft von höchstens vier Besatzungsmitgliedern angeordnet ist.</P><P>(4) Zusätzlich zu den Toiletten nach Absatz 3 ist jeweils mindestens eine Toilette vorzusehen <DL Type="arabic"><DT>1.</DT><DD Font="normal"><LA>nahe der Brücke, dem Maschinenraum oder dem Maschinenleitstand sowie</LA></DD><DT>2.</DT><DD Font="normal"><LA>für das Bedienungs- und Verpflegungspersonal in der Nähe seiner Arbeitsplätze.</LA></DD></DL>Die Berufsgenossenschaft kann im Einzelfall für Schiffe mit einer Bruttoraumzahl von weniger als 3 000 Ausnahmen von Satz 1 zulassen.</P><P>(5) Auf Schiffen mit einer Bruttoraumzahl von 5 000 oder mehr ist für jeden Offizier ein an seinen Schlafraum angrenzender Raum mit einer Dusche, einem Waschbecken und einer Toilette vorzusehen. Das Waschbecken kann auch im Schlafraum eingebaut sein.</P><P>(6) Auf Schiffen mit einer Bruttoraumzahl von 10 000 oder mehr, ausgenommen auf Fahrgastschiffen, ist für je zwei Besatzungsmitglieder, ausgenommen Offiziere, neben ihren Schlafräumen ein benachbarter Raum mit einer Dusche, einem Waschbecken und einer Toilette vorzusehen.</P><P>(7) Für Fahrgastschiffe, die normalerweise zu Reisen mit einer Fahrtdauer von höchstens vier Stunden eingesetzt werden, kann die Berufsgenossenschaft Sonderregelungen oder eine Herabsetzung der sich aus den Absätzen 1 bis 5 ergebenden Anzahl der sanitären Einrichtungen genehmigen.</P></Content></text></textdaten></norm>
<norm builddate="20200130213026" doknr="BJNR145300019BJNE002300000"><metadaten><jurabk>SeeUnterkunftsV 2019</jurabk><jurabk>SeeUnterkunftsV</jurabk><enbez>§ 21</enbez><titel format="XML">Ausstattung und Gestaltung der sanitären Einrichtungen</titel></metadaten><textdaten><text format="XML"><Content><P>(1) An allen Waschstellen muss fließendes warmes und kaltes Trinkwasser vorhanden sein.</P><P>(2) Waschbecken, Duschen und Badewannen müssen aus leicht zu reinigenden und dauerhaften Werkstoffen hergestellt sein.</P><P>(3) Räume mit sanitären Einrichtungen, mit Ausnahme der Schlafräume mit Waschbecken, haben folgenden Anforderungen zu entsprechen: <DL Type="arabic"><DT>1.</DT><DD Font="normal"><LA>die Räume müssen über eine Ablufteinrichtung ins Freie verfügen,</LA></DD><DT>2.</DT><DD Font="normal"><LA>die Fußböden müssen aus einem dauerhaften Werkstoff hergestellt und leicht zu reinigen sein, feuchtigkeitsfest sein und mit einem angemessenen Abfluss versehen sein,</LA></DD><DT>3.</DT><DD Font="normal"><LA>in Toiletten müssen vorhanden sein: <DL Type="alpha"><DT>a)</DT><DD Font="normal"><LA>ein Handwaschbecken sowie</LA></DD><DT>b)</DT><DD Font="normal"><LA>eine hygienisch einwandfreie Vorrichtung zum Händetrocknen;</LA></DD></DL>jede Toilette muss mit einer starken und jederzeit verwendungsbereiten Wasserspülung oder einer anderen Spülung wie einer Luftspülung versehen und einzeln bedienbar sein; die Toilettensitze müssen aus einem nicht saugfähigen Werkstoff hergestellt und leicht zu reinigen sein; Handtücher, Seife und Toilettenpapier hat der Reeder allen Besatzungsmitgliedern zur Verfügung zu stellen,</LA></DD><DT>4.</DT><DD Font="normal"><LA>befinden sich im gleichen Raum mehrere Toiletten, so müssen sie zum Schutz der Privatsphäre der Nutzer durch Wände ausreichend voneinander abgeschirmt sein,</LA></DD><DT>5.</DT><DD Font="normal"><LA>die Abflussrohre müssen so eingerichtet sein, dass sie nicht leicht verstopfen, dass sie leicht gereinigt werden können und dass auch bei tiefen Außentemperaturen ein ungehindertes Abfließen der Abwässer sichergestellt ist; die Abflussrohre dürfen nicht entlang der Decke von Messen, Schlaf- und Vorratsräumen sowie Küchen und Pantries verlaufen; sie dürfen nicht in der Nähe von Ansaugöffnungen der Trinkwasseraufbereitungsanlage ins Freie münden.</LA></DD></DL></P></Content></text></textdaten></norm>
<norm builddate="20200130213026" doknr="BJNR145300019BJNG001000000"><metadaten><jurabk>SeeUnterkunftsV 2019</jurabk><jurabk>SeeUnterkunftsV</jurabk><gliederungseinheit><gliederungskennzahl>030070</gliederungskennzahl><gliederungsbez>Unterabschnitt 7</gliederungsbez><gliederungstitel>Medizinische Räumlichkeiten</gliederungstitel></gliederungseinheit></metadaten><textdaten/></norm>
<norm builddate="20200130213026" doknr="BJNR145300019BJNE002400000"><metadaten><jurabk>SeeUnterkunftsV 2019</jurabk><jurabk>SeeUnterkunftsV</jurabk><enbez>§ 22</enbez><titel format="XML">Behandlungsraum</titel></metadaten><textdaten><text format="XML"><Content><P>(1) Über einen von anderen Unterkunftsräumen getrennten Raum für die medizinische Behandlung von Personen an Bord (Behandlungsraum) müssen verfügen: <DL Type="arabic"><DT>1.</DT><DD Font="normal"><LA>Schiffe in der weltweiten Fahrt,</LA></DD><DT>2.</DT><DD Font="normal"><LA>Schiffe mit 15 oder mehr Personen an Bord mit einer Reisedauer von mehr als drei Tagen,</LA></DD><DT>3.</DT><DD Font="normal"><LA>Fahrgastschiffe in der weltweiten Fahrt sowie in dem in § 46 Absatz 1 des Seearbeitsgesetzes bezeichneten Gebiet (Europäische Fahrt),</LA></DD><DT>4.</DT><DD Font="normal"><LA>Fischereifahrzeuge in der Großen Hochseefischerei.</LA></DD></DL></P><P>(2) Der Behandlungsraum darf nur für die Zwecke der medizinischen Betreuung der Personen an Bord verwendet werden, muss leicht zugänglich sein und dem Stand der Technik für Behandlungsräume entsprechen. Der Behandlungsraum muss mit Kommunikationseinrichtungen versehen sein, die eine direkte funk- oder satellitenfunkärztliche Beratung während der medizinischen Betreuung ermöglichen. Neben der Eingangstür ist ein Reserveschlüssel für die Eingangstür in einem verglasten Kasten aufzubewahren.</P><P>(3) Auf Schiffen in der weltweiten Fahrt und in der Europäischen Fahrt sowie auf Fischereifahrzeugen in der Großen Hochseefischerei und in der Kleinen Hochseefischerei ist ein Apothekenschrank für die Unterbringung der medizinischen Ausstattung nach Maßgabe der Anlage fest zu installieren. Soweit auf den in Satz 1 bezeichneten Schiffen nach Absatz 1 ein Behandlungsraum vorgeschrieben ist, ist der Apothekenschrank in diesem Raum aufzustellen.</P><P>(4) Wird nach § 23 Absatz 6 auf einen Krankenraum verzichtet, so muss der Behandlungsraum zur kurzzeitigen Unterbringung und Pflege einer erkrankten oder verletzten Person geeignet sein. Insbesondere muss die Untersuchungsliege dreiseitig mit mindestens 1 Meter freiem Bewegungsraum zugänglich und mit einer Sicherheitsvorrichtung gegen Herausfallen versehen sein. Eine Toilette für den ausschließlichen Gebrauch durch erkrankte oder verletzte Personen ist im Behandlungsraum oder in unmittelbarer Nähe vorzusehen.</P><P>(5) Auf Fischereifahrzeugen, die über keinen Behandlungsraum verfügen, ist einem erkrankten oder verletzten Besatzungsmitglied ein Schlafraum oder ein gleichwertiger Unterkunftsraum zur Verfügung zu stellen.</P></Content></text></textdaten></norm>
<norm builddate="20200130213026" doknr="BJNR145300019BJNE002500000"><metadaten><jurabk>SeeUnterkunftsV 2019</jurabk><jurabk>SeeUnterkunftsV</jurabk><enbez>§ 23</enbez><titel format="XML">Krankenraum</titel></metadaten><textdaten><text format="XML"><Content><P>(1) Die in § 22 Absatz 1 bezeichneten Schiffe müssen zusätzlich zu dem Behandlungsraum über mindestens einen von anderen Unterkunftsräumen getrennten Raum zur Pflege erkrankter oder verletzter Personen an Bord verfügen (Krankenraum). Abweichend von Satz 1 müssen Fahrgastschiffe in der Europäischen Fahrt nur bei Reisen, die länger als zwölf Stunden dauern, einen Krankenraum haben.</P><P>(2) Als Krankenraum darf kein Innenraum verwendet werden. Der Raum muss leicht zugänglich sein und bei Bedarf sofort zur Verfügung stehen. Der Zugang muss so breit sein, dass eine erkrankte oder verletzte Person auf einer Krankentrage hineingetragen werden kann. Neben der Eingangstür ist ein Reserveschlüssel für die Eingangstür in einem verglasten Kasten aufzubewahren.</P><P>(3) Der Krankenraum muss mit einer für die erkrankte oder verletzte Person leicht erreichbaren Rufanlage oder einem Telefon mit Verbindung zur Brücke und zum Betriebsgang außerhalb des Krankenraumes ausgestattet sein.</P><P>(4) Der Krankenraum muss leicht zu reinigen und zu desinfizieren sein. Er ist mit einer Ablufteinrichtung, einer Dusche oder einer Badewanne, einem Handwaschbecken sowie einem separaten Toilettenraum mit Desinfektionsmittelwandspender auszustatten. Die Wasserarmaturen dürfen nicht selbstschließend sein. Der Toilettenraum muss unmittelbar vom Krankenraum aus zugänglich sein und über eine Rufanlage oder ein Telefon nach Absatz 3 verfügen.</P><P>(5) Der Krankenraum muss auf Schiffen mit bis zu 30 Personen mit mindestens einem Bett, auf Schiffen mit mehr als 30 Personen mit mindestens zwei Betten ausgestattet sein. Die Betten sollen in ihrer Ausstattung Krankenhausbetten entsprechen. Sie müssen mit einer Sicherheitsvorrichtung gegen Herausfallen versehen sein. Mindestens ein Bett je Raum muss dreiseitig mit mindestens 1 Meter freiem Bewegungsraum zugänglich sein.</P><P>(6) Auf einen Krankenraum kann verzichtet werden, wenn für jede Person ein eigener Schlafraum mit einer abgeteilten Sanitärzelle mit Waschbecken, Dusche oder Badewanne und Toilette sowie mit einer Rufanlage oder einem Telefon nach Absatz 3 vorhanden ist.</P></Content></text></textdaten></norm>
<norm builddate="20200130213026" doknr="BJNR145300019BJNE002600000"><metadaten><jurabk>SeeUnterkunftsV 2019</jurabk><jurabk>SeeUnterkunftsV</jurabk><enbez>§ 24</enbez><titel format="XML">Eingriffsraum</titel></metadaten><textdaten><text format="XML"><Content><P>Schiffe, die nach Maßgabe der Schiffsbesetzungsverordnung mit einem Schiffsarzt zu besetzen sind, müssen neben dem Behandlungsraum und dem Krankenraum über einen besonderen Eingriffsraum von mindestens 10 Quadratmetern Bodenfläche verfügen. Der Eingriffsraum muss bestimmungsgemäß ausgestattet sein und dem Stand der Technik entsprechen.</P></Content></text></textdaten></norm>
<norm builddate="20200130213026" doknr="BJNR145300019BJNG001100000"><metadaten><jurabk>SeeUnterkunftsV 2019</jurabk><jurabk>SeeUnterkunftsV</jurabk><gliederungseinheit><gliederungskennzahl>030080</gliederungskennzahl><gliederungsbez>Unterabschnitt 8</gliederungsbez><gliederungstitel>Büroräume</gliederungstitel></gliederungseinheit></metadaten><textdaten/></norm>
<norm builddate="20200130213026" doknr="BJNR145300019BJNE002700000"><metadaten><jurabk>SeeUnterkunftsV 2019</jurabk><jurabk>SeeUnterkunftsV</jurabk><enbez>§ 25</enbez><titel format="XML">Büroräume</titel></metadaten><textdaten><text format="XML"><Content><P>Auf Schiffen müssen von anderen Unterkunftsräumen getrennte Büroräume oder ein gemeinsames Schiffsbüro für den Decksdienst und den Maschinendienst vorhanden sein. Die Berufsgenossenschaft kann im Einzelfall für Schiffe mit einer Bruttoraumzahl von weniger als 3 000 Ausnahmen von Satz 1 zulassen.</P></Content></text></textdaten></norm>
<norm builddate="20200130213026" doknr="BJNR145300019BJNG001200000"><metadaten><jurabk>SeeUnterkunftsV 2019</jurabk><jurabk>SeeUnterkunftsV</jurabk><gliederungseinheit><gliederungskennzahl>030090</gliederungskennzahl><gliederungsbez>Unterabschnitt 9</gliederungsbez><gliederungstitel>Sonstige Einrichtungen und Freizeitbereiche</gliederungstitel></gliederungseinheit></metadaten><textdaten/></norm>
<norm builddate="20200130213026" doknr="BJNR145300019BJNE002800000"><metadaten><jurabk>SeeUnterkunftsV 2019</jurabk><jurabk>SeeUnterkunftsV</jurabk><enbez>§ 26</enbez><titel format="XML">Einrichtungen zur Wäschepflege</titel></metadaten><textdaten><text format="XML"><Content><P>(1) Folgende Einrichtungen zur Wäschepflege müssen für Besatzungsmitglieder vorhanden sein, soweit die Betriebsumstände dies erfordern: <DL Type="arabic"><DT>1.</DT><DD Font="normal"><LA>Waschmaschinen,</LA></DD><DT>2.</DT><DD Font="normal"><LA>Wäschetrockner oder ein gesonderter Raum zum Trocknen von Wäsche mit angemessener Lüftung und Heizung sowie angemessenen Aufhängevorrichtungen sowie</LA></DD><DT>3.</DT><DD Font="normal"><LA>Bügeleisen und Bügelbretter oder gleichwertige Vorrichtungen.</LA></DD></DL></P><P>(2) Auf Fischereifahrzeugen mit einer Länge von 45 Metern oder mehr sind die Einrichtungen für die Wäschepflege in einem gesonderten Raum mit angemessener Lüftung und Heizung vorzusehen.</P></Content></text></textdaten></norm>
<norm builddate="20200130213026" doknr="BJNR145300019BJNE002900000"><metadaten><jurabk>SeeUnterkunftsV 2019</jurabk><jurabk>SeeUnterkunftsV</jurabk><enbez>§ 27</enbez><titel format="XML">Einrichtungen zur Aufbewahrung von Kleidung und persönlichen Gegenständen, Umkleideeinrichtungen</titel></metadaten><textdaten><text format="XML"><Content><P>(1) Außerhalb der Schlafräume muss ein gut belüfteter Raum mit verschließbaren Einrichtungen für das Aufbewahren von persönlicher Schutzausrüstung vorhanden sein.</P><P>(2) Es muss ein Raum zur Aufbewahrung von Koffern und ähnlichen sperrigen Gegenständen der Besatzungsmitglieder vorhanden sein.</P><P>(3) Auf Schiffen mit einer Bruttoraumzahl von 3 000 oder mehr müssen für die Besatzungsmitglieder zusätzlich zu den Schlafräumen und den sanitären Einrichtungen leicht zugängliche Umkleideeinrichtungen vorhanden sein, die mit Einzelspinden sowie mit Waschbecken und Duschen ausgestattet sind.</P></Content></text></textdaten></norm>
<norm builddate="20200130213026" doknr="BJNR145300019BJNE003000000"><metadaten><jurabk>SeeUnterkunftsV 2019</jurabk><jurabk>SeeUnterkunftsV</jurabk><enbez>§ 28</enbez><titel format="XML">Freizeitbereiche und Freizeiträume</titel></metadaten><textdaten><text format="XML"><Content><P>(1) Für Besatzungsmitglieder sind ein oder mehrere Freizeitbereiche an Deck vorzusehen. Die Freizeitbereiche müssen so gelegen oder abgeschirmt sein, dass die erholungssuchenden Besatzungsmitglieder möglichst gegen Wind, Spritzwasser, Abgase und Abluft von Absauganlagen geschützt sind.</P><P>(2) Für Besatzungsmitglieder sind Freizeiträume sowie Möglichkeiten zur Freizeitgestaltung kostenlos zur Verfügung zu stellen. Soweit möglich, sind folgende Einrichtungen und Leistungen an Bord bereitzustellen: <DL Type="arabic"><DT>1.</DT><DD Font="normal"><LA>Raucherraum,</LA></DD><DT>2.</DT><DD Font="normal"><LA>Empfang von Fernseh- und Rundfunkprogrammen,</LA></DD><DT>3.</DT><DD Font="normal"><LA>Vorführung von Filmen; der Bestand an Filmen sollte für die Dauer der Reise ausreichend sein und regelmäßig ausgetauscht werden,</LA></DD><DT>4.</DT><DD Font="normal"><LA>Sportgeräte einschließlich Fitnessgeräten, Tischspielen und Decksspielen,</LA></DD><DT>5.</DT><DD Font="normal"><LA>Bibliothek mit berufsbildenden und anderen Büchern; der Bestand an Büchern sollte für die Dauer der Reise ausreichend sein und in angemessenen Zeitabständen ausgetauscht werden,</LA></DD><DT>6.</DT><DD Font="normal"><LA>Gelegenheit für handwerkliche Betätigung zur Entspannung während der Freizeit,</LA></DD><DT>7.</DT><DD Font="normal"><LA>elektronische Geräte, insbesondere Radio, Fernseher, Videorecorder, DVD oder CD-Spieler, Personalcomputer und Software sowie Kassettenrekorder oder -spieler,</LA></DD><DT>8.</DT><DD Font="normal"><LA>Schiffsbar oder Kiosk, soweit dies nicht mit nationalen, religiösen oder sozialen Gebräuchen im Widerspruch steht.</LA></DD></DL></P><P>(3) Auf Schiffen mit einer Bruttoraumzahl von 10 000 oder mehr ist ein Schwimmbecken, eine Sauna oder ein Hobbyraum vorzusehen.</P><P>(4) Auf Schiffen, die regelmäßig in den Tropen oder in Gebieten mit ähnlichen klimatischen Verhältnissen fahren, sind für UV-Strahlen undurchlässige Sonnenschutzeinrichtungen über den Freizeitbereichen an Deck, insbesondere Sonnensegel oder Sonnendächer, vorzusehen.</P><P>(5) Messen dürfen auch als Freizeiträume genutzt werden, wenn sie entsprechend ausgestattet sind.</P></Content></text></textdaten></norm>
<norm builddate="20200130213026" doknr="BJNR145300019BJNG001300000"><metadaten><jurabk>SeeUnterkunftsV 2019</jurabk><jurabk>SeeUnterkunftsV</jurabk><gliederungseinheit><gliederungskennzahl>040</gliederungskennzahl><gliederungsbez>Abschnitt 4</gliederungsbez><gliederungstitel>Ordnungswidrigkeiten</gliederungstitel></gliederungseinheit></metadaten><textdaten/></norm>
<norm builddate="20200130213026" doknr="BJNR145300019BJNE003100000"><metadaten><jurabk>SeeUnterkunftsV 2019</jurabk><jurabk>SeeUnterkunftsV</jurabk><enbez>§ 29</enbez><titel format="XML">Ordnungswidrigkeiten</titel></metadaten><textdaten><text format="XML"><Content><P>Ordnungswidrig im Sinne des § 145 Absatz 1 Nummer 18 des Seearbeitsgesetzes handelt, wer vorsätzlich oder fahrlässig <DL Type="arabic"><DT>1.</DT><DD Font="normal"><LA>entgegen § 5 Absatz 1 Satz 1 eine Zustimmung nicht, nicht richtig oder nicht rechtzeitig einholt oder</LA></DD><DT>2.</DT><DD Font="normal"><LA>entgegen § 5 Absatz 2 bei der Bauausführung von den Plänen abweicht.</LA></DD></DL></P></Content></text></textdaten></norm>
<norm builddate="20200130213026" doknr="BJNR145300019BJNG001400000"><metadaten><jurabk>SeeUnterkunftsV 2019</jurabk><jurabk>SeeUnterkunftsV</jurabk><gliederungseinheit><gliederungskennzahl>050</gliederungskennzahl><gliederungsbez>Abschnitt 5</gliederungsbez><gliederungstitel>Übergangs- und Schlussvorschriften</gliederungstitel></gliederungseinheit></metadaten><textdaten/></norm>
<norm builddate="20200130213026" doknr="BJNR145300019BJNE003200000"><metadaten><jurabk>SeeUnterkunftsV 2019</jurabk><jurabk>SeeUnterkunftsV</jurabk><enbez>§ 30</enbez><titel format="XML">Übergangsvorschriften</titel></metadaten><textdaten><text format="XML"><Content><P>(1) Abweichend von § 1 sind auf Schiffe, die vor dem 1. August 2013 auf Kiel gelegt worden sind, die folgenden Rechtsvorschriften anzuwenden: <DL Type="arabic"><DT>1.</DT><DD Font="normal"><LA>§ 3 mit der Maßgabe, dass an die Stelle des Standes der Technik die allgemein anerkannten Regeln der Technik treten, sowie §§ 5, 17 Absatz 4 und § 28 Absatz 2,</LA></DD><DT>2.</DT><DD Font="normal"><LA>die zum jeweiligen Zeitpunkt der Kiellegung geltenden Rechtsvorschriften zu Unterkünften, Freizeiteinrichtungen und medizinischen Räumlichkeiten.</LA></DD></DL></P><P>(2) Auf Schiffen, die zwischen dem 1. August 2013 und dem 1. November 2019 auf Kiel gelegt worden und keine Fischereifahrzeuge mit einer Länge von weniger als 24 Metern sind, sind die Regelungen der Seeunterkunftsverordnung vom 25. Juli 2013 (BAnz AT 30.07.2013 V1) anzuwenden.</P><P>(3) Ein Schiff, das von einer ausländischen Flagge zur Bundesflagge wechselt, muss, <DL Type="arabic"><DT>1.</DT><DD Font="normal"><LA>wenn es vor dem 1. August 2013 auf Kiel gelegt worden ist und kein Fischereifahrzeug ist, den folgenden Anforderungen entsprechen: <DL Type="alpha"><DT>a)</DT><DD Font="normal"><LA>den Anforderungen des Übereinkommens Nummer 92 der Internationalen Arbeitsorganisation über die Quartierräume der Besatzung an Bord von Schiffen (Neufassung vom Jahre 1949) vom 18. Juni 1949 (BGBl. 1974 II S. 841, 842),</LA></DD><DT>b)</DT><DD Font="normal"><LA>den Anforderungen des Übereinkommens Nummer 133 der Internationalen Arbeitsorganisation über die Quartierräume der Besatzung an Bord von Schiffen (zusätzliche Bestimmungen) vom 30. Oktober 1970 (BGBl. 1974 II S. 862, 863) und</LA></DD><DT>c)</DT><DD Font="normal"><LA>den Anforderungen der §§ 22 bis 24,</LA></DD></DL></LA></DD><DT>2.</DT><DD Font="normal"><LA>wenn es vor dem 1. August 2013 auf Kiel gelegt worden ist und ein Fischereifahrzeug ist, den folgenden Anforderungen entsprechen: <DL Type="alpha"><DT>a)</DT><DD Font="normal"><LA>den Anforderungen des Übereinkommens Nummer 126 der Internationalen Arbeitsorganisation über die Quartierräume auf Fischereifahrzeugen vom 21. Juni 1966 (BGBl. 1974 II S. 881, 882) und</LA></DD><DT>b)</DT><DD Font="normal"><LA>den Anforderungen der §§ 22 bis 24,</LA></DD></DL></LA></DD><DT>3.</DT><DD Font="normal"><LA>wenn es nach dem 31. Juli 2013 auf Kiel gelegt wird, den Anforderungen dieser Verordnung entsprechen.</LA></DD></DL></P></Content></text></textdaten></norm>
<norm builddate="20200130213026" doknr="BJNR145300019BJNE003300000"><metadaten><jurabk>SeeUnterkunftsV 2019</jurabk><jurabk>SeeUnterkunftsV</jurabk><enbez>§ 31</enbez><titel format="XML">Inkrafttreten, Außerkrafttreten</titel></metadaten><textdaten><text format="XML"><Content><P>Diese Verordnung tritt am 1. November 2019 in Kraft. Gleichzeitig tritt die See-Unterkunftsverordnung vom 25. Juli 2013 (BAnz AT 30.07.2013 V1) außer Kraft.</P></Content></text></textdaten></norm>
<norm builddate="20200130213026" doknr="BJNR145300019BJNE003400000"><metadaten><jurabk>SeeUnterkunftsV 2019</jurabk><jurabk>SeeUnterkunftsV</jurabk><enbez>Anlage 1</enbez><titel format="XML">(zu § 22 Absatz 3)<BR/>Apothekenschrank für die Aufbewahrung der medizinischen Ausstattung an Bord</titel></metadaten><textdaten><text format="XML"><Content><P><noindex><kommentar typ="Fundstelle">(Fundstelle: BGBl. I 2019, 1463)</kommentar></noindex></P><P><IMG Align="center" Height="567" Pos="block" SRC="bgbl1_2019_j1453-1_0010.jpg" Type="jpg" Units="72" Width="787" alt=""/></P><P/><P><B>Erläuterungen:</B></P><P>Aufbau des Apothekenschrankes</P><P>Der Schrank muss aus einem Oberteil und einem Unterteil von jeweils 1 000 mm Höhe bestehen. Differenzen zur jeweils vorhandenen Deckenhöhe sind durch Füllstücke auszugleichen.</P><P>Das Oberteil muss 250 mm tief sein und fünf Medikamentenborde enthalten. Es muss durch zwei Türen, Falttüren oder Rolltüren abschließbar sein. Die Medikamentenborde sollen den in Landapotheken-Einrichtungen bewährten, in der Aufteilung variablen Medikamenten-Borden entsprechen.</P><P>Das Unterteil muss 600 mm tief sein. Es muss 14 Schubfächer enthalten, die einzeln abschließbar sind, ansonsten muss eine verschließbare Tür wie im Oberteil vorhanden sein.</P><P>Das Unterteil muss eine ausziehbare Arbeitsplatte enthalten, auf der gegebenenfalls die Aufstellung über die geordnete Unterbringung der Ausstattung in den Schubfächern angebracht ist. Hier ist ebenfalls eine Information über die Erreichbarkeit des Funkärztlichen Beratungsdienstes Cuxhaven anzubringen (Telefon/Telefax/E-Mail). Diese Informationen können alternativ auch auf der Innenseite der Schranktüren angebracht sein.</P></Content></text></textdaten></norm>
</dokumente>