<?xml version="1.0" encoding="UTF-8" ?><!DOCTYPE dokumente SYSTEM "http://www.gesetze-im-internet.de/dtd/1.01/gii-norm.dtd">
<dokumente builddate="20141121220503" doknr="BJNR323300013"><norm builddate="20141121220503" doknr="BJNR323300013"><metadaten><jurabk>AufbhV</jurabk><amtabk>AufbhV</amtabk><ausfertigung-datum manuell="ja">2013-08-16</ausfertigung-datum><fundstelle typ="amtlich"><periodikum>BGBl I</periodikum><zitstelle>2013, 3233</zitstelle></fundstelle><kurzue>Aufbauhilfeverordnung</kurzue><langue>Verordnung über die Verteilung und Verwendung der Mittel des Fonds „Aufbauhilfe“</langue><standangabe checked="ja"><standtyp>Stand</standtyp><standkommentar>Geändert durch Art. 2 G v. 15.11.2014 I 1716</standkommentar></standangabe></metadaten><textdaten><fussnoten><Content><P><BR/> <pre xml:space="preserve">(+++ Textnachweis ab: 18.8.2013 +++)<BR/><BR/></pre></P></Content></fussnoten></textdaten></norm>
<norm builddate="20141121220503" doknr="BJNR323300013BJNE000100000"><metadaten><jurabk>AufbhV</jurabk><enbez>Eingangsformel</enbez></metadaten><textdaten><text format="XML"><Content><P>Auf Grund des § 2 Absatz 4 des Aufbauhilfefonds-Errichtungsgesetzes vom 15. Juli 2013 (BGBl. I S. 2401) verordnet die Bundesregierung:</P></Content></text></textdaten></norm>
<norm builddate="20141121220503" doknr="BJNR323300013BJNE000200000"><metadaten><jurabk>AufbhV</jurabk><enbez>§ 1</enbez><titel format="XML">Mittelverteilung</titel></metadaten><textdaten><text format="XML"><Content><P>(1) Die dem Fonds nach § 4 Absatz 1 des Aufbauhilfefonds-Errichtungsgesetzes vom 15. Juli 2013 (BGBl. I S. 2401) zugewiesenen Mittel verteilen sich nach folgenden Maßgaben: <DL Font="normal" Type="arabic"><DT>1.</DT><DD Font="normal"><LA Size="normal">Dem Bund stehen für Maßnahmen zur Wiederherstellung seiner Infrastruktur 1,5 Milliarden Euro zur Verfügung. Dem Bund wird sein Anteil an den Kosten der Soforthilfen nach § 2 Absatz 2 Satz 2 des Aufbauhilfefonds-Errichtungsgesetzes aus dem Fonds erstattet. Die übrigen Mittel werden für Maßnahmen nach § 2 Absatz 2 Satz 1 des Aufbauhilfefonds-Errichtungsgesetzes auf die vom Hochwasser betroffenen Länder nach den Schlüsseln in den Nummern 2 bis 4 verteilt.</LA></DD><DT>2.</DT><DD Font="normal"><LA Size="normal">50 Prozent der Mittel nach Nummer 1 Satz 3 verteilen sich nach folgendem Schlüssel:</LA><LA Size="normal"><table colsep="0" frame="none" pgwide="1" rowsep="0" tocentry="%yes;"><tgroup align="left" char="" charoff="50" cols="2"><colspec align="left" colname="leftSplit"/><colspec align="right" colname="rightSplit"/><tbody Class="Split" valign="top"><row><entry VJ="1" colname="leftSplit">Sachsen-Anhalt</entry><entry VJ="1" colname="rightSplit" valign="bottom">40,4  Prozent,</entry></row></tbody></tgroup></table></LA><LA Size="normal"><table colsep="0" frame="none" pgwide="1" rowsep="0" tocentry="%yes;"><tgroup align="left" char="" charoff="50" cols="2"><colspec align="left" colname="leftSplit"/><colspec align="right" colname="rightSplit"/><tbody Class="Split" valign="top"><row><entry VJ="1" colname="leftSplit">Sachsen</entry><entry VJ="1" colname="rightSplit" valign="bottom">28,78 Prozent,</entry></row></tbody></tgroup></table></LA><LA Size="normal"><table colsep="0" frame="none" pgwide="1" rowsep="0" tocentry="%yes;"><tgroup align="left" char="" charoff="50" cols="2"><colspec align="left" colname="leftSplit"/><colspec align="right" colname="rightSplit"/><tbody Class="Split" valign="top"><row><entry VJ="1" colname="leftSplit">Bayern</entry><entry VJ="1" colname="rightSplit" valign="bottom">19,57 Prozent,</entry></row></tbody></tgroup></table></LA><LA Size="normal"><table colsep="0" frame="none" pgwide="1" rowsep="0" tocentry="%yes;"><tgroup align="left" char="" charoff="50" cols="2"><colspec align="left" colname="leftSplit"/><colspec align="right" colname="rightSplit"/><tbody Class="Split" valign="top"><row><entry VJ="1" colname="leftSplit">Thüringen</entry><entry VJ="1" colname="rightSplit" valign="bottom">6,76 Prozent,</entry></row></tbody></tgroup></table></LA><LA Size="normal"><table colsep="0" frame="none" pgwide="1" rowsep="0" tocentry="%yes;"><tgroup align="left" char="" charoff="50" cols="2"><colspec align="left" colname="leftSplit"/><colspec align="right" colname="rightSplit"/><tbody Class="Split" valign="top"><row><entry VJ="1" colname="leftSplit">Brandenburg</entry><entry VJ="1" colname="rightSplit" valign="bottom">1,38 Prozent,</entry></row></tbody></tgroup></table></LA><LA Size="normal"><table colsep="0" frame="none" pgwide="1" rowsep="0" tocentry="%yes;"><tgroup align="left" char="" charoff="50" cols="2"><colspec align="left" colname="leftSplit"/><colspec align="right" colname="rightSplit"/><tbody Class="Split" valign="top"><row><entry VJ="1" colname="leftSplit">Niedersachsen</entry><entry VJ="1" colname="rightSplit" valign="bottom">1,14 Prozent,</entry></row></tbody></tgroup></table></LA><LA Size="normal"><table colsep="0" frame="none" pgwide="1" rowsep="0" tocentry="%yes;"><tgroup align="left" char="" charoff="50" cols="2"><colspec align="left" colname="leftSplit"/><colspec align="right" colname="rightSplit"/><tbody Class="Split" valign="top"><row><entry VJ="1" colname="leftSplit">Baden-Württemberg</entry><entry VJ="1" colname="rightSplit" valign="bottom">1,1  Prozent,</entry></row></tbody></tgroup></table></LA><LA Size="normal"><table colsep="0" frame="none" pgwide="1" rowsep="0" tocentry="%yes;"><tgroup align="left" char="" charoff="50" cols="2"><colspec align="left" colname="leftSplit"/><colspec align="right" colname="rightSplit"/><tbody Class="Split" valign="top"><row><entry VJ="1" colname="leftSplit">Schleswig-Holstein</entry><entry VJ="1" colname="rightSplit" valign="bottom">0,37 Prozent,</entry></row></tbody></tgroup></table></LA><LA Size="normal"><table colsep="0" frame="none" pgwide="1" rowsep="0" tocentry="%yes;"><tgroup align="left" char="" charoff="50" cols="2"><colspec align="left" colname="leftSplit"/><colspec align="right" colname="rightSplit"/><tbody Class="Split" valign="top"><row><entry VJ="1" colname="leftSplit">Hessen</entry><entry VJ="1" colname="rightSplit" valign="bottom">0,31 Prozent,</entry></row></tbody></tgroup></table></LA><LA Size="normal"><table colsep="0" frame="none" pgwide="1" rowsep="0" tocentry="%yes;"><tgroup align="left" char="" charoff="50" cols="2"><colspec align="left" colname="leftSplit"/><colspec align="right" colname="rightSplit"/><tbody Class="Split" valign="top"><row><entry VJ="1" colname="leftSplit">Mecklenburg-Vorpommern</entry><entry VJ="1" colname="rightSplit" valign="bottom">0,12 Prozent,</entry></row></tbody></tgroup></table></LA><LA Size="normal"><table colsep="0" frame="none" pgwide="1" rowsep="0" tocentry="%yes;"><tgroup align="left" char="" charoff="50" cols="2"><colspec align="left" colname="leftSplit"/><colspec align="right" colname="rightSplit"/><tbody Class="Split" valign="top"><row><entry VJ="1" colname="leftSplit">Rheinland-Pfalz</entry><entry VJ="1" colname="rightSplit" valign="bottom">0,07 Prozent.</entry></row></tbody></tgroup></table></LA><LA Size="normal">In diesen Mitteln sind die Anteile der Länder an den Mitteln für die Erstattung von Soforthilfen nach § 2 Absatz 2 Satz 2 des Aufbauhilfefonds-Errichtungsgesetzes enthalten.</LA></DD><DT>3.</DT><DD Font="normal"><LA Size="normal">Bis zu weitere 30 Prozent der nach Nummer 1 Satz 3 auf die vom Hochwasser betroffenen Länder entfallenden Mittel können nach Herstellung des gegenseitigen Einvernehmens zwischen den vorgenannten Ländern und dem Bund auch nach einem anderen als dem in Nummer 2 festgelegten Schlüssel an die dort genannten Länder verteilt werden, wenn hierdurch der Verteilung der Gesamtschäden nach dem Stand der auf Grundlage von § 2 erfolgten Schadensermittlung Rechnung getragen wird.</LA></DD><DT>4.</DT><DD Font="normal"><LA Size="normal">Die Verteilung des nach Durchführung des Verfahrens zu Nummer 2 und 3 verbliebenen Restbetrages der nach Nummer 1 Satz 3 auf die vom Hochwasser betroffenen Länder entfallenden Mittel wird entsprechend der prozentualen Verteilung der nach § 2 ermittelten Gesamtschäden auf die vom Hochwasser betroffenen Länder spätestens bis zum 1. März 2016 in einer Bund-Länder-Vereinbarung festgelegt.</LA></DD></DL></P><P>(2) Die Verteilung der auf den Bund und die Länder entfallenden Mittel des Fonds auf die einzelnen Maßnahmen nach § 2 Absatz 2 Satz 1 des Aufbauhilfefonds-Errichtungsgesetzes erfolgt nach Maßgabe des gemäß § 5 des Aufbauhilfefonds-Errichtungsgesetzes aufzustellenden Wirtschaftsplans. Der Wirtschaftsplan wird für das Jahr 2013 als Anlage zu dieser Rechtsverordnung festgestellt.</P></Content></text></textdaten></norm>
<norm builddate="20141121220503" doknr="BJNR323300013BJNE000300000"><metadaten><jurabk>AufbhV</jurabk><enbez>§ 2</enbez><titel format="XML">Ermittlung der Schadenshöhe</titel></metadaten><textdaten><text format="XML"><Content><P>(1) Die Ermittlungen der Gesamtschäden in den vom Hochwasser betroffenen Ländern erfolgt nach Maßgabe der in den nachfolgenden Absätzen geregelten einheitlichen Maßstäbe.</P><P>(2) Berücksichtigt werden nur Schäden im Einzugsgebiet der Flussgebiete von Elbe und Donau einschließlich ihrer Nebenflüsse. Darüber hinaus sind Schäden in den Gebieten berücksichtigungsfähig, in denen Soforthilfen nach § 2 Absatz 2 Satz 2 des Aufbauhilfefonds-Errichtungsgesetzes geleistet wurden.</P><P>(3) Berücksichtigt werden nur hochwasserbedingte Schäden, die durch das Hochwasser im Zeitraum vom 18. Mai 2013 bis zum 4. Juli 2013 entstanden sind. Darunter fallen Schäden durch Hochwasser sowie Schäden durch wild abfließendes Wasser, Sturzflut, aufsteigendes Grundwasser, überlaufende Regenwasser- und Mischkanalisation und die Folgen von Hangrutsch, soweit sie jeweils unmittelbar durch das Hochwasser verursacht sind. Berücksichtigt werden auch unmittelbare Schäden durch Einsatzkräfte und Einsatzfahrzeuge. Nicht berücksichtigt werden Schäden, die wegen des Verstoßes gegen Vorschriften zum Schutz vor Hochwassergefahren in festgesetzten oder vorläufig gesicherten Überschwemmungsgebieten eingetreten sind.</P><P>(4) Bei der Ermittlung des Schadens wird auf die Wiederherstellungskosten oder die Ersatzbeschaffung unter Einhaltung von baulichen und technischen Normen abgestellt. Im Rahmen von Verwaltungsvereinbarungen können konkretere Regelungen getroffen werden.</P><P>(5) Schäden in folgenden Bereichen werden bei der Schadensermittlung berücksichtigt: <DL Type="arabic"><DT>1.</DT><DD Font="normal"><LA>Privathaushalte,</LA></DD><DT>2.</DT><DD Font="normal"><LA>gewerbliche und freiberufliche Wirtschaft,</LA></DD><DT>3.</DT><DD Font="normal"><LA>Land- und Forstwirtschaft,</LA></DD><DT>4.</DT><DD Font="normal"><LA>andere Einrichtungen nach § 2 Absatz 2 Satz 1 Nummer 1 des Aufbauhilfefonds-Errichtungsgesetzes, wie Vereine und Stiftungen,</LA></DD><DT>5.</DT><DD Font="normal"><LA>kulturelle und wissenschaftliche Einrichtungen, unabhängig von ihrer Trägerschaft,</LA></DD><DT>6.</DT><DD Font="normal"><LA>Infrastruktur in Gemeinden und Infrastruktur weiterer Körperschaften des öffentlichen Rechts, soweit es sich nicht um Infrastruktur eines Landes nach Nummer 7 oder des Bundes handelt,</LA></DD><DT>7.</DT><DD Font="normal"><LA>Infrastruktur der Länder,</LA></DD><DT>8.</DT><DD Font="normal"><LA>Religionsgemeinschaften, die als Körperschaften des öffentlichen Rechts anerkannt sind.</LA></DD></DL></P><P>(6) Bei der Schadensermittlung werden Kosten für Maßnahmen berücksichtigt, die unmittelbar vor oder während des Zeitraums nach Absatz 3 Satz 1 getroffen wurden, soweit sie unmittelbar der Abwehr von hochwasserbedingten Gefahren und der Begrenzung hochwasserbedingter Schäden gedient haben. Kosten der Beseitigung der Maßnahmen nach Satz 1 sind ebenfalls berücksichtigungsfähig.</P></Content></text></textdaten></norm>
<norm builddate="20141121220503" doknr="BJNR323300013BJNE000400000"><metadaten><jurabk>AufbhV</jurabk><enbez>§ 3</enbez><titel format="XML">Mittelverwendung</titel></metadaten><textdaten><text format="XML"><Content><P>(1) Nach der Verteilung der Mittel des Fonds im Rahmen seines Wirtschaftsplans obliegt die Entscheidung über die Verwendung der auf die vom Hochwasser betroffenen Länder entfallenden Mittel den Ländern und den beauftragten Stellen (bewilligende Stellen). Der Bund entscheidet über die Verwendung der Mittel zur Wiederherstellung der Infrastruktur des Bundes.</P><P>(2) Die Förderfähigkeit der einzelnen Maßnahmen nach § 2 Absatz 2 Satz 1 des Aufbauhilfefonds-Errichtungsgesetzes, mit Ausnahme der Maßnahmen zur Wiederherstellung der Infrastruktur des Bundes, setzt grundsätzlich den Abschluss einer entsprechenden Verwaltungsvereinbarung zwischen dem Bund und den in § 1 genannten Ländern voraus. Förderfähig sind bis zur Höhe des tatsächlich entstandenen Schadens auch Maßnahmen zur Wiederherstellung von baulichen Anlagen, betrieblichen Einrichtungen oder Infrastruktureinrichtungen, die im Hinblick auf ihre Art, ihre Lage oder ihren Umfang von der vom Hochwasser zerstörten oder beschädigten baulichen Anlage oder Infrastruktureinrichtung abweichen, aber der Wiederherstellung der Funktion einer solchen Anlage oder Einrichtung dienen, wenn die Maßnahmen zur Erfüllung der Anforderungen des vorsorgenden Hochwasserschutzes und zur Vermeidung möglicher künftiger Schäden besser geeignet sind als die zerstörten Anlagen oder Einrichtungen. Näheres kann im Rahmen der Verwaltungsvereinbarung nach Satz 1 geregelt werden. Ausnahmen von Satz 1 bedürfen der Zustimmung des Bundesministeriums der Finanzen. Die Voraussetzungen der Soforthilfen nach § 2 Absatz 2 Satz 2 des Aufbauhilfefonds-Errichtungsgesetzes sind abschließend in den dazu abgeschlossenen Verwaltungsvereinbarungen zwischen dem Bund und den Ländern geregelt.</P><P>(3) Die Einleitung von Schadensbeseitigungsmaßnahmen vor der Bewilligung von Mitteln schließt die Förderfähigkeit dieser Maßnahmen nicht aus. Maßnahmen zur unmittelbaren Gefahrenabwehr oder Schadensbegrenzung unmittelbar vor dem in § 2 Absatz 3 Satz 1 genannten Zeitraum sind förderfähig.</P><P>(4) Die Mittel sind nach Maßgabe folgender Grundsätze zu gewähren: <DL Type="arabic"><DT>1.</DT><DD Font="normal"><LA>Aus den Mitteln des Fonds können für individuelle Schäden von Privathaushalten, Unternehmen, anderen Einrichtungen sowie der als Körperschaften des öffentlichen Rechts anerkannten Religionsgemeinschaften Leistungen bis zur Höhe von 80 Prozent des entstandenen Schadens unter Beachtung des § 2 Absatz 3 des Aufbauhilfefonds-Errichtungsgesetzes gewährt werden. Für denselben Schaden gewährte Soforthilfen sind anzurechnen. Die Auszahlung ist unter Rückforderungsvorbehalt insbesondere für den Fall zu stellen, dass Leistungen durch Dritte erbracht werden und hierdurch eine Überkompensation des Schadens bewirkt wird. Zur Vermeidung von Härtefällen können in begründeten Einzelfällen andere Regelungen getroffen werden.</LA></DD><DT>2.</DT><DD Font="normal"><LA>Mittel für Maßnahmen zur Wiederherstellung der Infrastruktur werden nach Maßgabe des Wirtschaftsplans und der auf seiner Basis durchzuführenden Bundes- oder Landesprogramme gewährt. Abweichende Regelungen können in Verwaltungsvereinbarungen zwischen Bund und Ländern getroffen werden.</LA></DD><DT>3.</DT><DD Font="normal"><LA>Schadenausgleichsansprüche gegenüber Dritten, insbesondere Versicherungen, können bei der Berechnung und Gewährung der Mittel des Fonds für Maßnahmen nach § 2 Absatz 2 Satz 1 Nummer 1 des Aufbauhilfefonds-Errichtungsgesetzes sowie zur Wiederherstellung von Gebäuden und Einrichtungen der als Körperschaften des öffentlichen Rechts anerkannten Religionsgemeinschaften vorerst außer Acht gelassen werden, soweit die Ansprüche trotz Erfolgsaussicht nach Einschätzung der bewilligenden Stelle nicht kurzfristig von den Geschädigten realisiert werden können. In diesen Fällen sind die Ansprüche nach Einschätzung der bewilligenden Stelle jedoch bis zur Höhe der bewilligten Mittel an diese abzutreten. Im weiteren Verfahren ist bei Konkretisierung der Sachlage über eine dann gegebenenfalls erforderliche Rückabtretung zu entscheiden.</LA></DD><DT>4.</DT><DD Font="normal"><LA>Der jeweilige Nachweis der Angaben der Geschädigten kann durch die Glaubhaftmachung mittels geeigneter Nachweise und Versicherung der Richtigkeit der Angaben erbracht werden. Nachträgliche Überprüfungen und Anforderungen von Nachweisen insbesondere bei Schäden von großem Umfang sind dadurch nicht ausgeschlossen.</LA></DD></DL></P></Content></text></textdaten></norm>
<norm builddate="20141121220503" doknr="BJNR323300013BJNE000500000"><metadaten><jurabk>AufbhV</jurabk><enbez>§ 4</enbez><titel format="XML">Zweckentsprechende Mittelverwendung, Rückforderung</titel></metadaten><textdaten><text format="XML"><Content><P>(1) Die Länder sind für die bestimmungsgemäße Verwendung der Mittel des Fonds verantwortlich, soweit nicht der Bund für seine eigenen aus dem Fonds finanzierten Programme und Maßnahmen die Verantwortung trägt.</P><P>(2) Die jeweils zuständigen obersten Landesbehörden unterrichten die jeweils für die Maßnahmen und Programme zuständigen Bundesministerien oder die von diesen beauftragten Stellen über die zweckentsprechende Inanspruchnahme und Verwendung der Mittel (Verwendungsbericht). Der Verwendungsbericht wird allen Ländern zur Verfügung gestellt. Er enthält Angaben zu den jährlichen Gesamtausgaben und ihrer Verteilung auf die jeweiligen Programme und Einzelmaßnahmen. Weitere Details, einschließlich der Verpflichtung zur Vorlage von Zwischenberichten, können auch in den Verwaltungsvereinbarungen nach § 3 Absatz 2 geregelt werden. Einschlägige Prüfungsmitteilungen der Rechnungsprüfungsbehörden der Länder sind den zuständigen Bundesministerien mitzuteilen.</P><P>(3) Die zuständigen Bundesministerien können das Auskunftsbedürfnis präzisieren und weitergehende Nachweise verlangen.</P><P>(4) Die Länder unterrichten nach Abschluss ihrer verwaltungsmäßigen Prüfung der ordnungsgemäßen Verwendung der Mittel und nach Erstattung der Verwendungsberichte nach Absatz 2 die jeweils zuständigen Bundesministerien oder die von diesen beauftragten Stellen bis zum 31. Juli des Folgejahres in Form eines zusammenfassenden Berichts. Der Bericht soll eine kurz gefasste Darstellung über die Anzahl und Durchführung der Programme und den ihnen zuzuordnenden Maßnahmen, deren Ergebnisse sowie die Höhe der für Programme und Maßnahmen zugewiesenen und verausgabten Mittel des Fonds enthalten. Soweit einschlägige Prüfungsmitteilungen der jeweiligen obersten Rechnungsprüfungsbehörden vorliegen, sind diese ebenfalls mitzuteilen. Der Bericht wird allen Ländern zur Verfügung gestellt.</P><P>(5) Die zuständigen Bundesministerien, der Bundesrechnungshof oder deren Beauftragte können bei den Dienststellen der Länder, die mit der Bewirtschaftung der Mittel des Fonds befasst sind, sowie bei allen sonstigen Stellen, die die Länder bei der Weitergabe der Mittel eingeschaltet haben, die ordnungsgemäße Verwendung der Mittel prüfen. Eine Prüfung durch den Bundesrechnungshof oder dessen Beauftragte soll gemeinsam mit dem zuständigen Landesrechnungshof im Sinne des § 93 der Bundeshaushaltsordnung erfolgen. Dieses Prüfungsrecht besteht auch gegenüber dem Zuwendungsempfänger und ist im Zuwendungsbescheid aufzunehmen.</P><P>(6) Die bewilligenden Stellen haben im Rahmen der Verwaltungsverfahrensvorschriften die Bewilligung aufzuheben und bewilligte Mittel zugunsten des Fonds zurückzufordern, wenn festgestellt wird, dass sie zweckwidrig verwendet wurden oder dass sie zum Ausgleich des Schadens nicht erforderlich waren. Entsprechendes gilt für die Hilfen, die der Bund oder ein Land im Vorgriff auf das Aufbauhilfefonds-Errichtungsgesetz geleistet hat. Wenn von dritter Seite Leistungen zum Ausgleich des Schadens erbracht worden sind und die Summe aus diesen Leistungen und den bewilligten Fondsmitteln den finanziellen Gesamtaufwand zur Beseitigung des entstandenen Hochwasserschadens übersteigt, sind diese in Höhe der Überkompensation ebenfalls zurückzufordern.</P></Content></text></textdaten></norm>
<norm builddate="20141121220503" doknr="BJNR323300013BJNE000600000"><metadaten><jurabk>AufbhV</jurabk><enbez>§ 5</enbez><titel format="XML">Inanspruchnahme und Rückzahlung von Mitteln</titel></metadaten><textdaten><text format="XML"><Content><P>(1) Die Länder nehmen die ihnen zugeteilten Mittel für sich und ihre beauftragten Stellen im Rahmen der Ansätze des Wirtschaftsplans des Fonds und nach Maßgabe des Verteilungsschlüssels nach § 1 Absatz 1 bedarfsgerecht entsprechend der Abwicklung der Maßnahmen nach § 2 Absatz 2 Satz 1 des Aufbauhilfefonds-Errichtungsgesetzes in Anspruch.</P><P>(2) Überzahlte oder nicht bedarfsgerecht in Anspruch genommene Mittel sind unverzüglich an den Fonds zurückzuzahlen. Erfolgt dies nicht, sind die Beträge vom Zeitpunkt der Überzahlung oder Inanspruchnahme bis zur Rückzahlung mit dem Zinssatz zu verzinsen, der sich nach dem Zinssatz für Kredite des Bundes zur Deckung von Ausgaben bemisst. Der Zinssatz wird vom Bundesministerium der Finanzen jeweils durch Rundschreiben an die obersten Bundesbehörden bekannt gegeben. Rückzahlungen fließen den jeweiligen Ausgabetiteln des Wirtschaftsplans des Fonds zu.</P></Content></text></textdaten></norm>
<norm builddate="20141121220503" doknr="BJNR323300013BJNE000700000"><metadaten><jurabk>AufbhV</jurabk><enbez>§ 6</enbez><titel format="XML">Liquidität des Fonds</titel></metadaten><textdaten><text format="XML"><Content><P>Die Liquidität des Fonds ist durch den Bund auf seine Kosten sicherzustellen.</P></Content></text></textdaten></norm>
<norm builddate="20141121220503" doknr="BJNR323300013BJNE000800000"><metadaten><jurabk>AufbhV</jurabk><enbez>§ 7</enbez><titel format="XML">Fondsverwaltung</titel></metadaten><textdaten><text format="XML"><Content><P>Die Verwaltung des Fonds obliegt dem Bundesministerium der Finanzen.</P></Content></text></textdaten></norm>
<norm builddate="20141121220503" doknr="BJNR323300013BJNE000900000"><metadaten><jurabk>AufbhV</jurabk><enbez>§ 8</enbez><titel format="XML">EU-beihilferechtliche Genehmigung</titel></metadaten><textdaten><text format="XML"><Content><P>Soweit im Einzelfall eine beihilferechtliche Genehmigung erforderlich ist, wird diese unverzüglich durch den jeweiligen Beihilfegeber eingeholt.</P></Content></text></textdaten></norm>
<norm builddate="20141121220503" doknr="BJNR323300013BJNE001000000"><metadaten><jurabk>AufbhV</jurabk><enbez>§ 9</enbez><titel format="XML">Inkrafttreten</titel></metadaten><textdaten><text format="XML"><Content><P>Diese Verordnung tritt am Tag nach der Verkündung in Kraft.</P></Content></text></textdaten></norm>
<norm builddate="20141121220503" doknr="BJNR323300013BJNE001100000"><metadaten><jurabk>AufbhV</jurabk><enbez>Schlussformel</enbez></metadaten><textdaten><text format="XML"><Content><P>Der Bundesrat hat zugestimmt.</P></Content></text></textdaten></norm>
<norm builddate="20141121220503" doknr="BJNR323300013BJNE001201377"><metadaten><jurabk>AufbhV</jurabk><enbez>Anlage</enbez><titel format="XML">(zu § 1 Absatz 2 Satz 2)<BR/>Wirtschaftsplan des Sondervermögens „Aufbauhilfe“</titel></metadaten><textdaten><text format="XML"><Content><P><noindex><kommentar typ="Fundstelle">(Fundstelle: BGBl. I 2014, 1717 – 1723)</kommentar></noindex></P><BR/><BR/><P><B>Vorbemerkung</B></P><P>In Ausführung des Gesetzes zur Errichtung eines Sondervermögens „Aufbauhilfe“ (Aufbauhilfefonds-Errichtungsgesetz – AufbhG) vom 15. Juli 2013 (BGBl. I S. 2401) wird ein nationaler Fonds „Aufbauhilfe“ als Sondervermögen des Bundes errichtet.</P><P>Der Fonds dient der Leistung von Hilfen in den im Sommer 2013 vom Hochwasser betroffenen Ländern. Mit den Fondsmitteln werden Maßnahmen zur Beseitigung der Hochwasserschäden und zum Wiederaufbau der zerstörten Infrastruktur finanziert. Sein Volumen beträgt 8 Mrd. Euro. Die Länder beteiligen sich an der Finanzierung durch die Übernahme von Zinsen und Tilgungen. Dies erfolgt in den Jahren 2014 bis 2019 durch eine Änderung der Umsatzsteuerverteilung zwischen Bund und Ländern und in den Jahren 2020 bis 2033 durch direkte Zahlungen der Länder an den Bund. Weitere Mittel kommen aus dem EU-Solidaritätsfonds.</P><P>Gemäß § 1 Abs. 2 Satz 2 AufbhG werden die von Bund und Ländern geleisteten Soforthilfen, über die im Jahr 2013 Verwaltungsvereinbarungen zwischen dem Bund und den Ländern geschlossen wurden, aus den Mitteln des Fonds erstattet.</P><BR/><BR/><P><table frame="top" pgwide="1" tocentry="%yes;"><tgroup align="left" char="" charoff="50" cols="6" colsep="0" rowsep="0"><colspec align="justify" colname="col1" colnum="1" colwidth="57*"/><colspec align="right" colname="col2" colnum="2" colwidth="16*"/><colspec align="right" colname="col3" colnum="3" colwidth="16*"/><colspec align="right" colname="col4" colnum="4" colwidth="16*"/><colspec align="right" colname="col5" colnum="5" colwidth="16*"/><colspec align="right" colname="col6" colnum="6" colwidth="16*"/><thead valign="bottom"><row><entry VJ="1" align="center" colname="col1" colsep="1" rowsep="1" valign="middle"><SP>Überblick</SP></entry><entry VJ="1" align="center" colname="col2" colsep="1" rowsep="1" valign="middle">Soll<BR/> 2014<BR/> 1 000 €</entry><entry VJ="1" align="center" colname="col3" colsep="1" rowsep="1" valign="middle">Soll<BR/> 2013<BR/> 1 000 €</entry><entry VJ="1" align="center" colname="col4" colsep="1" rowsep="1" valign="middle">Veränderung<BR/> gegenüber<BR/> 2013<BR/> 1 000 €</entry><entry VJ="1" align="center" colname="col5" colsep="1" rowsep="1" valign="middle">Ausgabe-<BR/>reste<BR/> 2013<BR/> 1 000 €</entry><entry VJ="1" align="center" colname="col6" rowsep="1" valign="middle">Ist<BR/> 2013<BR/> 1 000 €</entry></row></thead><tbody valign="top"><row><entry VJ="1" align="justify" colname="col1"><B>Einnahmen</B></entry><entry VJ="1" align="justify" colname="col2"/><entry VJ="1" align="justify" colname="col3"/><entry VJ="1" align="justify" colname="col4"/><entry VJ="1" align="justify" colname="col5"/><entry VJ="1" align="justify" colname="col6"/></row><row><entry VJ="1" align="justify" colname="col1">Übrige Einnahmen<Split Leader="1"/></entry><entry VJ="1" colname="col2" rowsep="1">–</entry><entry VJ="1" rowsep="1">8 000 000</entry><entry VJ="1" rowsep="1">– 8 000 000</entry><entry VJ="1" align="right" colname="col5" rowsep="1"/><entry VJ="1" align="right" colname="col6" rowsep="1">–</entry></row><row><entry VJ="1" align="justify" colname="col1">Gesamteinnahmen<Split Leader="1"/></entry><entry VJ="1" align="right" colname="col2">–</entry><entry VJ="1" align="right" colname="col3">8 000 000</entry><entry VJ="1" align="right" colname="col4">– 8 000 000</entry><entry VJ="1" align="right" colname="col5"/><entry VJ="1" align="right" colname="col6">–</entry></row><row><entry VJ="1" align="justify" colname="col1"><B>Ausgaben</B></entry><entry VJ="1" align="right" colname="col2"/><entry VJ="1" align="right" colname="col3"/><entry VJ="1" align="right" colname="col4"/><entry VJ="1" align="right" colname="col5"/><entry VJ="1" align="right" colname="col6"/></row><row><entry VJ="1" align="justify" colname="col1">Zuweisungen und Zuschüsse (ohne Investitionen) . . .</entry><entry VJ="1" align="right" colname="col2">–</entry><entry VJ="1" align="right" colname="col3">2 411 169</entry><entry VJ="1" align="right" colname="col4">– 2 411 169</entry><entry VJ="1" align="right" colname="col5"/><entry VJ="1" align="right" colname="col6">–</entry></row><row><entry VJ="1" colname="col1">Ausgaben für Investitionen<Split Leader="1"/></entry><entry VJ="1" colname="col2">–</entry><entry VJ="1" colname="col3">5 588 831</entry><entry VJ="1" colname="col4">– 5 588 831</entry><entry VJ="1" align="right" colname="col5"/><entry VJ="1" align="right" colname="col6">–</entry></row><row><entry VJ="1" align="justify" colname="col1">Besondere Finanzierungsausgaben<Split Leader="1"/></entry><entry VJ="1" align="right" colname="col2" rowsep="1">–</entry><entry VJ="1" align="right" colname="col3" rowsep="1">–</entry><entry VJ="1" align="right" colname="col4" rowsep="1">–</entry><entry VJ="1" align="right" colname="col5" rowsep="1"/><entry VJ="1" align="right" colname="col6" rowsep="1">–</entry></row><row><entry VJ="1" align="justify" colname="col1">Gesamtausgaben<Split Leader="1"/></entry><entry VJ="1" align="right" colname="col2">–</entry><entry VJ="1" align="right" colname="col3">8 000 000</entry><entry VJ="1" align="right" colname="col4">– 8 000 000</entry><entry VJ="1" align="right" colname="col5"/><entry VJ="1" align="right" colname="col6">–</entry></row><row><entry VJ="1" align="justify" colname="col1">davon nicht flexibilisiert<Split Leader="1"/></entry><entry VJ="1" align="right" colname="col2">–</entry><entry VJ="1" align="right" colname="col3">8 000 000</entry><entry VJ="1" align="right" colname="col4">– 8 000 000</entry><entry VJ="1" align="right" colname="col5"/><entry VJ="1" align="right" colname="col6">–</entry></row></tbody></tgroup></table><BR/><BR/><table frame="top" pgwide="1" tabstyle="vorbemerkung" tocentry="%yes;"><tgroup align="left" char="" charoff="50" cols="9" colsep="0" rowsep="0"><colspec align="center" colname="col1" colnum="1" colwidth="4.5*"/><colspec align="justify" colname="col2" colnum="2" colwidth="1.5*"/><colspec align="justify" colname="col3" colnum="3" colwidth=".5*"/><colspec align="justify" colname="col4" colnum="4" colwidth="19*"/><colspec align="justify" colname="col5" colnum="5" colwidth="1*"/><colspec align="justify" colname="col6" colnum="6" colwidth="2*"/><colspec align="right" colname="col7" colnum="7" colwidth="6*"/><colspec align="right" colname="col8" colnum="8" colwidth="6*"/><colspec align="right" colname="col9" colnum="9" colwidth="6*"/><thead valign="bottom"><row><entry VJ="1" align="center" colname="col1" colsep="1" rowsep="1" valign="middle">Titel<BR/> Funktion</entry><entry VJ="1" align="center" colsep="1" nameend="col6" namest="col2" rowsep="1" valign="middle"><SP>Zweckbestimmung</SP></entry><entry VJ="1" align="center" colname="col7" colsep="1" rowsep="1" valign="middle">Soll<BR/> 2014<BR/> 1 000 €</entry><entry VJ="1" align="center" colname="col8" colsep="1" rowsep="1" valign="middle">Soll<BR/> 2013<BR/> 1 000 €</entry><entry VJ="1" align="center" colname="col9" rowsep="1" valign="middle">Ist<BR/> 2012<BR/> 1 000 €</entry></row></thead><tbody valign="top"><row><entry VJ="1" colname="col1"/><entry VJ="1" align="justify" nameend="col6" namest="col2"><B>Einnahmen</B></entry><entry VJ="1" align="justify" colname="col7"/><entry VJ="1" align="justify" colname="col8"/><entry VJ="1" align="justify" colname="col9"/></row><row><entry VJ="1" colname="col1"/><entry VJ="1" align="justify" nameend="col6" namest="col2"><B>Übrige Einnahmen</B></entry><entry VJ="1" align="justify" colname="col7"/><entry VJ="1" align="justify" colname="col8"/><entry VJ="1" align="justify" colname="col9"/></row><row><entry VJ="1" colname="col1">231 01<BR/> -813</entry><entry VJ="1" align="justify" nameend="col6" namest="col2">Zuführungen des Bundes</entry><entry VJ="1" align="right" colname="col7">–</entry><entry VJ="1" align="right" colname="col8">8 000 000</entry><entry VJ="1" align="right" colname="col9"/></row><row><entry VJ="1" colname="col1">272 01<BR/> -813</entry><entry VJ="1" align="justify" nameend="col6" namest="col2">Zuschüsse von der Europäischen Union</entry><entry VJ="1" align="right" colname="col7">–</entry><entry VJ="1" align="right" colname="col8">–</entry><entry VJ="1" align="right" colname="col9"/></row><row><entry VJ="1" colname="col1"/><entry VJ="1" align="justify" nameend="col6" namest="col2">Haushaltsvermerk</entry><entry VJ="1" align="right" colname="col7"/><entry VJ="1" align="right" colname="col8"/><entry VJ="1" align="right" colname="col9"/></row><row><entry VJ="1" colname="col1"/><entry VJ="1" align="justify" nameend="col6" namest="col2">Mehreinnahmen sind wegen bindender Vorgaben der EU zweckgebunden. Sie dienen nur zur Leistung der Mehrausgaben bei folgenden Titeln: Anlage 4 zu Kap. 6002.</entry><entry VJ="1" align="right" colname="col7"/><entry VJ="1" align="right" colname="col8"/><entry VJ="1" align="right" colname="col9"/></row><row><entry VJ="1" colname="col1"/><entry VJ="1" nameend="col6" namest="col2"><B>Titelgruppe 01</B></entry><entry VJ="1" colname="col7"/><entry VJ="1" colname="col8"/><entry VJ="1" colname="col9"/></row><row><entry VJ="1" colname="col1">Tgr. 01</entry><entry VJ="1" align="justify" nameend="col6" namest="col2">Infrastruktur des Bundes</entry><entry VJ="1" align="right" colname="col7">(–)</entry><entry VJ="1" align="right" colname="col8">(–)</entry><entry VJ="1" align="right" colname="col9"/></row><row><entry VJ="1" colname="col1">359 11<BR/> -850</entry><entry VJ="1" align="justify" nameend="col6" namest="col2">Entnahme aus Rücklage</entry><entry VJ="1" align="right" colname="col7">–</entry><entry VJ="1" align="right" colname="col8">–</entry><entry VJ="1" align="right" colname="col9"/></row><row><entry VJ="1" colname="col1"/><entry VJ="1" nameend="col6" namest="col2">Haushaltsvermerk</entry><entry VJ="1" colname="col7"/><entry VJ="1" colname="col8"/><entry VJ="1" colname="col9"/></row><row><entry VJ="1" colname="col1"/><entry VJ="1" nameend="col6" namest="col2">Mehreinnahmen sind gemäß Aufbauhilfefonds-Errichtungsgesetz zweckgebunden. Sie dienen nur zur Leistung der Mehrausgaben bei folgenden Titeln: Tgr. 01 Kap. 6095.</entry><entry VJ="1" colname="col7"/><entry VJ="1" colname="col8"/><entry VJ="1" colname="col9"/></row><row><entry VJ="1" colname="col1"/><entry VJ="1" nameend="col6" namest="col2"><B>Titelgruppe 02</B></entry><entry VJ="1" colname="col7"/><entry VJ="1" colname="col8"/><entry VJ="1" colname="col9"/></row><row><entry VJ="1" colname="col1">Tgr. 02</entry><entry VJ="1" nameend="col6" namest="col2">Beseitigung der Hochwasserschäden in den Ländern</entry><entry VJ="1" colname="col7">(–)</entry><entry VJ="1" colname="col8">(–)</entry><entry VJ="1" colname="col9"/></row><row><entry VJ="1" colname="col1">359 21<BR/> -850</entry><entry VJ="1" nameend="col6" namest="col2">Entnahme aus Rücklage</entry><entry VJ="1" colname="col7">–</entry><entry VJ="1" colname="col8">–</entry><entry VJ="1" colname="col9"/></row><row><entry VJ="1" colname="col1"/><entry VJ="1" nameend="col6" namest="col2">Haushaltsvermerk</entry><entry VJ="1" colname="col7"/><entry VJ="1" colname="col8"/><entry VJ="1" colname="col9"/></row><row><entry VJ="1" colname="col1"/><entry VJ="1" nameend="col6" namest="col2">Mehreinnahmen sind gemäß Aufbauhilfefonds-Errichtungsgesetz zweckgebunden. Sie dienen nur zur Leistung der Mehrausgaben bei folgenden Titeln: Tgr. 02 Kap. 6095.</entry><entry VJ="1" colname="col7"/><entry VJ="1" colname="col8"/><entry VJ="1" colname="col9"/></row></tbody></tgroup></table><BR/><BR/><table frame="top" pgwide="1" tabstyle="vorbemerkung" tocentry="%yes;"><tgroup align="left" char="" charoff="50" cols="9"><colspec colname="col1" colwidth="4.50*"/><colspec colname="col2" colwidth="1.50*"/><colspec colname="col3" colwidth="0.50*"/><colspec colname="col4" colwidth="19.00*"/><colspec colname="col5"/><colspec colname="col6" colwidth="2.00*"/><colspec colname="col7" colwidth="6.00*"/><colspec colname="col8" colwidth="6.00*"/><colspec colname="col9" colwidth="6.00*"/><thead valign="bottom"><row><entry VJ="1" align="center" colname="col1" colsep="1" rowsep="1" valign="middle">Titel<BR/> Funktion</entry><entry VJ="1" align="center" colsep="1" nameend="col6" namest="col2" rowsep="1" valign="middle"><SP>Zweckbestimmung</SP></entry><entry VJ="1" align="center" colname="col7" colsep="1" rowsep="1" valign="middle">Soll<BR/> 2014<BR/> 1 000 €</entry><entry VJ="1" align="center" colname="col8" colsep="1" rowsep="1" valign="middle">Soll<BR/> 2013<BR/> 1 000 €</entry><entry VJ="1" align="center" colname="col9" rowsep="1" valign="middle">Ist<BR/> 2012<BR/> 1 000 €</entry></row></thead><tbody valign="top"><row><entry VJ="1" align="center" colname="col1" colsep="0" rowsep="0"/><entry VJ="1" align="justify" colsep="0" nameend="col6" namest="col2" rowsep="0"><B>Ausgaben</B></entry><entry VJ="1" align="right" colname="col7" colsep="0" rowsep="0"/><entry VJ="1" align="right" colname="col8" colsep="0" rowsep="0"/><entry VJ="1" align="right" colname="col9" rowsep="0"/></row><row><entry VJ="1" align="center" colname="col1" colsep="0" rowsep="0"/><entry VJ="1" align="justify" colsep="0" nameend="col6" namest="col2" rowsep="0">Haushaltsvermerk:</entry><entry VJ="1" align="right" colname="col7" colsep="0" rowsep="0"/><entry VJ="1" align="right" colname="col8" colsep="0" rowsep="0"/><entry VJ="1" align="right" colname="col9" rowsep="0"/></row><row><entry VJ="1" align="center" colname="col1" colsep="0" rowsep="0"/><entry VJ="1" align="justify" colname="col2" colsep="0" rowsep="0">1.</entry><entry VJ="1" align="justify" colsep="0" nameend="col6" namest="col3" rowsep="0">Mehrausgaben zu Nr. 2 und 3 der Erläuterungen dürfen bis zur Höhe der zweckgebundenen Mehreinnahmen bei folgenden Titeln geleistet werden: 272 01, 359 11 und 359 21.</entry><entry VJ="1" align="right" colname="col7" colsep="0" rowsep="0"/><entry VJ="1" align="right" colname="col8" colsep="0" rowsep="0"/><entry VJ="1" align="right" colname="col9" rowsep="0"/></row><row><entry VJ="1" align="center" colname="col1" colsep="0" rowsep="0"/><entry VJ="1" align="justify" colname="col2" colsep="0" rowsep="0">2.</entry><entry VJ="1" align="justify" colsep="0" nameend="col6" namest="col3" rowsep="0">Erstattungen und Rückzahlungen fließen den Ausgaben zu.</entry><entry VJ="1" align="right" colname="col7" colsep="0" rowsep="0"/><entry VJ="1" align="right" colname="col8" colsep="0" rowsep="0"/><entry VJ="1" align="right" colname="col9" rowsep="0"/></row><row><entry VJ="1" align="center" colname="col1" colsep="0"/><entry VJ="1" align="justify" colsep="0" nameend="col6" namest="col2">Erläuterungen:</entry><entry VJ="1" align="right" colname="col7" colsep="0"/><entry VJ="1" align="right" colname="col8" colsep="0"/><entry VJ="1" align="right" colname="col9"/></row></tbody></tgroup></table><table frame="top" pgwide="1" tabstyle="Bezeichnung" tocentry="%yes;"><tgroup align="left" char="" charoff="50" cols="3" colsep="0" rowsep="0"><colspec colname="col1" colnum="1" colwidth="0.35*"/><colspec colname="col2" colnum="2" colwidth="5*"/><colspec colname="col3" colnum="3" colwidth="1.2*"/><thead valign="bottom"><row rowsep="1"><entry VJ="1" align="center" colsep="1" nameend="col2" namest="col1" valign="middle"><B>Bezeichnung</B></entry><entry VJ="1" align="center" colname="col3" valign="middle">1 000 €</entry></row></thead><tbody valign="top"><row><entry VJ="1" colname="col1">1.</entry><entry VJ="1" colname="col2">Zuführung des Bundes<Split Leader="1"/></entry><entry VJ="1" align="right" colname="col3">–</entry></row><row><entry VJ="1" colname="col1">2.</entry><entry VJ="1" colname="col2">Zuschüsse der Europäischen Union<Split Leader="1"/></entry><entry VJ="1" align="right" colname="col3">–</entry></row><row><entry VJ="1" colname="col1">3.</entry><entry VJ="1" colname="col2">Entnahmen aus Rücklagen<Split Leader="1"/></entry><entry VJ="1" align="right" colname="col3" rowsep="1">–</entry></row><row><entry VJ="1" colname="col1" nameend="col2" namest="col1">Zusammen<Split Leader="1"/></entry><entry VJ="1" align="right" colname="col3">–</entry></row></tbody></tgroup></table><table frame="none" pgwide="1" tabstyle="vorbemerkung" tocentry="%yes;"><tgroup align="left" char="" charoff="50" cols="9" colsep="0" rowsep="0"><colspec align="center" colname="col1" colnum="1" colwidth="4.42*"/><colspec align="justify" colname="col2" colnum="2" colwidth="1.5*"/><colspec align="justify" colname="col3" colnum="3" colwidth=".5*"/><colspec align="justify" colname="col4" colnum="4" colwidth="19.04*"/><colspec align="justify" colname="col5" colnum="5"/><colspec align="justify" colname="col6" colnum="6" colwidth="2*"/><colspec align="right" colname="col7" colnum="7" colwidth="6.00*"/><colspec align="right" colname="col8" colnum="8" colwidth="6.04*"/><colspec align="right" colname="col9" colnum="9" colwidth="6.00*"/><tbody valign="top"><row><entry VJ="1" colname="col1"/><entry VJ="1" align="justify" nameend="col6" namest="col2"><B>Titelgruppe 01</B></entry><entry VJ="1" align="right" colname="col7"/><entry VJ="1" align="right" colname="col8"/><entry VJ="1" align="right" colname="col9"/></row><row><entry VJ="1" colname="col1">Tgr. 01</entry><entry VJ="1" nameend="col6" namest="col2">Infrastruktur des Bundes</entry><entry VJ="1" colname="col7">(–)</entry><entry VJ="1" colname="col8">(1 320 000)</entry><entry VJ="1" colname="col9"/></row><row><entry VJ="1" colname="col1"/><entry VJ="1" nameend="col6" namest="col2">Haushaltsvermerk:</entry><entry VJ="1" colname="col7"/><entry VJ="1" colname="col8"/><entry VJ="1" colname="col9"/></row><row><entry VJ="1" colname="col1"/><entry VJ="1" nameend="col6" namest="col2">Die Ausgaben der Tgr. 01 sind gegenseitig deckungsfähig.</entry><entry VJ="1" colname="col7"/><entry VJ="1" colname="col8"/><entry VJ="1" colname="col9"/></row><row><entry VJ="1" colname="col1">611 01<BR/> -813</entry><entry VJ="1" align="justify" nameend="col6" namest="col2">Zuführung an den Bund</entry><entry VJ="1" align="right" colname="col7">–</entry><entry VJ="1" align="right" colname="col8">–</entry><entry VJ="1" align="right" colname="col9">–</entry></row><row><entry VJ="1" colname="col1">741 11<BR/> -721</entry><entry VJ="1" align="justify" nameend="col6" namest="col2">Aufwendungen für Bundesautobahnen</entry><entry VJ="1" align="right" colname="col7">–</entry><entry VJ="1" align="right" colname="col8">100 000</entry><entry VJ="1" align="right" colname="col9">–</entry></row><row><entry VJ="1" colname="col1">741 12<BR/> -722</entry><entry VJ="1" align="justify" nameend="col6" namest="col2">Aufwendungen für Bundesstraßen</entry><entry VJ="1" align="right" colname="col7">–</entry><entry VJ="1" align="right" colname="col8">305 000</entry><entry VJ="1" align="right" colname="col9">–</entry></row><row><entry VJ="1" colname="col1">741 13<BR/> -731</entry><entry VJ="1" align="justify" nameend="col6" namest="col2">Aufwendungen für Bundeswasserstraßen</entry><entry VJ="1" align="right" colname="col7">–</entry><entry VJ="1" align="right" colname="col8">90 000</entry><entry VJ="1" align="right" colname="col9">–</entry></row><row><entry VJ="1" colname="col1">741 14<BR/> -813</entry><entry VJ="1" align="justify" nameend="col6" namest="col2">Aufwendungen für Liegenschaften der Ressorts und sonstiges Vermögen des Bundes</entry><entry VJ="1" align="right" colname="col7">–</entry><entry VJ="1" align="right" colname="col8">100 000</entry><entry VJ="1" align="right" colname="col9">–</entry></row><row><entry VJ="1" colname="col1">891 11<BR/> -742</entry><entry VJ="1" align="justify" nameend="col6" namest="col2">Aufwendungen für Eisenbahnen des Bundes zur Beseitigung von Schäden am Bundesschienenwegenetz und für das Bundeseisenbahnvermögen</entry><entry VJ="1" align="right" colname="col7">–</entry><entry VJ="1" align="right" colname="col8">725 000</entry><entry VJ="1" align="right" colname="col9">–</entry></row><row><entry VJ="1" colname="col1">919 11<BR/> -850</entry><entry VJ="1" align="justify" nameend="col6" namest="col2">Zuführung an Rücklage</entry><entry VJ="1" align="right" colname="col7">–</entry><entry VJ="1" align="right" colname="col8">–</entry><entry VJ="1" align="right" colname="col9">–</entry></row><row><entry VJ="1" colname="col1"/><entry VJ="1" align="justify" nameend="col6" namest="col2"><B>Titelgruppe 02</B></entry><entry VJ="1" align="right" colname="col7"/><entry VJ="1" align="right" colname="col8"/><entry VJ="1" align="right" colname="col9"/></row><row><entry VJ="1" colname="col1">Tgr. 02</entry><entry VJ="1" nameend="col6" namest="col2">Beseitigung der Hochwasserschäden in den Ländern</entry><entry VJ="1" colname="col7">(–)</entry><entry VJ="1" colname="col8">(6 680 000)</entry><entry VJ="1" colname="col9"/></row><row><entry VJ="1" colname="col1"/><entry VJ="1" nameend="col6" namest="col2">Haushaltsvermerk:</entry><entry VJ="1" colname="col7"/><entry VJ="1" colname="col8"/><entry VJ="1" colname="col9"/></row><row><entry VJ="1" colname="col1"/><entry VJ="1" nameend="col6" namest="col2">Die Ausgaben der Tgr. 02 sind gegenseitig deckungsfähig.</entry><entry VJ="1" colname="col7"/><entry VJ="1" colname="col8"/><entry VJ="1" colname="col9"/></row><row><entry VJ="1" colname="col1">611 21<BR/> -820</entry><entry VJ="1" align="justify" nameend="col6" namest="col2">Erstattung an den Bund</entry><entry VJ="1" align="right" colname="col7">–</entry><entry VJ="1" align="right" colname="col8">459 850</entry><entry VJ="1" align="right" colname="col9">–</entry></row></tbody></tgroup></table><BR/><BR/><table frame="top" pgwide="1" tabstyle="vorbemerkung" tocentry="%yes;"><tgroup align="left" char="" charoff="50" cols="9" colsep="0" rowsep="0"><colspec align="center" colname="col1" colnum="1" colwidth="4.5*"/><colspec align="justify" colname="col2" colnum="2" colwidth="1.5*"/><colspec align="justify" colname="col3" colnum="3" colwidth=".5*"/><colspec align="justify" colname="col4" colnum="4" colwidth="19*"/><colspec align="justify" colname="col5" colnum="5" colwidth="1*"/><colspec align="justify" colname="col6" colnum="6" colwidth="2*"/><colspec align="right" colname="col7" colnum="7" colwidth="6*"/><colspec align="right" colname="col8" colnum="8" colwidth="6*"/><colspec align="right" colname="col9" colnum="9" colwidth="6*"/><thead valign="bottom"><row><entry VJ="1" align="center" colname="col1" colsep="1" rowsep="1" valign="middle">Titel<BR/> Funktion</entry><entry VJ="1" align="center" colsep="1" nameend="col6" namest="col2" rowsep="1" valign="middle"><SP>Zweckbestimmung</SP></entry><entry VJ="1" align="center" colname="col7" colsep="1" rowsep="1" valign="middle">Soll<BR/> 2014<BR/> 1 000 €</entry><entry VJ="1" align="center" colname="col8" colsep="1" rowsep="1" valign="middle">Soll<BR/> 2013<BR/> 1 000 €</entry><entry VJ="1" align="center" colname="col9" rowsep="1" valign="middle">Ist<BR/> 2012<BR/> 1 000 €</entry></row></thead><tbody valign="top"><row><entry VJ="1" align="center" colname="col1" colsep="0" rowsep="0">612 21<BR/> -820</entry><entry VJ="1" align="justify" colsep="0" nameend="col6" namest="col2" rowsep="0">Soforthilfen der Länder</entry><entry VJ="1" align="right" colname="col7" colsep="0" rowsep="0">–</entry><entry VJ="1" align="right" colname="col8" colsep="0" rowsep="0">369 742</entry><entry VJ="1" align="right" colname="col9" rowsep="0">–</entry></row><row><entry VJ="1" align="center" colname="col1" colsep="0"/><entry VJ="1" align="justify" colsep="0" nameend="col6" namest="col2">Erläuterungen:</entry><entry VJ="1" align="right" colname="col7" colsep="0"/><entry VJ="1" align="right" colname="col8" colsep="0"/><entry VJ="1" align="right" colname="col9"/></row></tbody></tgroup></table><table frame="top" pgwide="1" tabstyle="Bezeichnung" tocentry="%yes;"><tgroup align="left" char="" charoff="50" cols="3" colsep="0" rowsep="0"><colspec colname="col1" colnum="1" colwidth="0.35*"/><colspec colname="col2" colnum="2" colwidth="5*"/><colspec colname="col3" colnum="3" colwidth="1.2*"/><thead valign="bottom"><row rowsep="1"><entry VJ="1" align="center" colsep="1" nameend="col2" namest="col1" valign="middle"><B>Bezeichnung</B></entry><entry VJ="1" align="center" colname="col3" valign="middle">1 000 €</entry></row></thead><tbody valign="top"><row><entry VJ="1" nameend="col2" namest="col1">Sachsen-Anhalt<Split Leader="1"/></entry><entry VJ="1" align="right" colname="col3">–</entry></row><row><entry VJ="1" nameend="col2" namest="col1">Sachsen<Split Leader="1"/></entry><entry VJ="1" align="right" colname="col3">–</entry></row><row><entry VJ="1" nameend="col2" namest="col1">Bayern<Split Leader="1"/></entry><entry VJ="1" align="right" colname="col3">–</entry></row><row><entry VJ="1" nameend="col2" namest="col1">Thüringen<Split Leader="1"/></entry><entry VJ="1" align="right" colname="col3">–</entry></row><row><entry VJ="1" nameend="col2" namest="col1">Brandenburg<Split Leader="1"/></entry><entry VJ="1" align="right" colname="col3">–</entry></row><row><entry VJ="1" nameend="col2" namest="col1">Niedersachsen<Split Leader="1"/></entry><entry VJ="1" align="right" colname="col3">–</entry></row><row><entry VJ="1" nameend="col2" namest="col1">Baden-Württemberg<Split Leader="1"/></entry><entry VJ="1" align="right" colname="col3">–</entry></row><row><entry VJ="1" nameend="col2" namest="col1">Schleswig-Holstein<Split Leader="1"/></entry><entry VJ="1" align="right" colname="col3">–</entry></row><row><entry VJ="1" nameend="col2" namest="col1">Hessen<Split Leader="1"/></entry><entry VJ="1" align="right" colname="col3">–</entry></row><row><entry VJ="1" nameend="col2" namest="col1">Mecklenburg-Vorpommern<Split Leader="1"/></entry><entry VJ="1" align="right" colname="col3">–</entry></row><row><entry VJ="1" nameend="col2" namest="col1">Rheinland-Pfalz<Split Leader="1"/></entry><entry VJ="1" align="right" colname="col3" rowsep="1">–</entry></row><row><entry VJ="1" colname="col1" nameend="col2" namest="col1">Zusammen<Split Leader="1"/></entry><entry VJ="1" align="right" colname="col3">–</entry></row></tbody></tgroup></table><table frame="none" pgwide="1" tabstyle="vorbemerkung" tocentry="%yes;"><tgroup align="left" char="" charoff="50" cols="9" colsep="0" rowsep="0"><colspec align="center" colname="col1" colnum="1" colwidth="4.5*"/><colspec align="justify" colname="col2" colnum="2" colwidth="1.5*"/><colspec align="justify" colname="col3" colnum="3" colwidth=".5*"/><colspec align="justify" colname="col4" colnum="4" colwidth="19*"/><colspec align="justify" colname="col5" colnum="5" colwidth="1*"/><colspec align="justify" colname="col6" colnum="6" colwidth="2*"/><colspec align="right" colname="col7" colnum="7" colwidth="6*"/><colspec align="right" colname="col8" colnum="8" colwidth="6*"/><colspec align="right" colname="col9" colnum="9" colwidth="6*"/><tbody valign="top"><row><entry VJ="1" colname="col1">697 21<BR/> -813</entry><entry VJ="1" align="justify" nameend="col6" namest="col2">Programm zur Unterstützung hochwasserbetroffener Unternehmen der gewerblichen Wirtschaft und Angehöriger Freier Berufe sowie wirtschaftsnaher Infrastruktur</entry><entry VJ="1" align="right" colname="col7">–</entry><entry VJ="1" align="right" colname="col8">527 468</entry><entry VJ="1" align="right" colname="col9">–</entry></row><row><entry VJ="1" colname="col1"/><entry VJ="1" nameend="col6" namest="col2">Erläuterungen:</entry><entry VJ="1" colname="col7"/><entry VJ="1" colname="col8"/><entry VJ="1" colname="col9"/></row></tbody></tgroup></table><table frame="top" pgwide="1" tabstyle="Bezeichnung" tocentry="%yes;"><tgroup align="left" char="" charoff="50" cols="3" colsep="0" rowsep="0"><colspec colname="col1" colnum="1" colwidth="0.35*"/><colspec colname="col2" colnum="2" colwidth="5*"/><colspec colname="col3" colnum="3" colwidth="1.2*"/><thead valign="bottom"><row rowsep="1"><entry VJ="1" align="center" colsep="1" nameend="col2" namest="col1" valign="middle"><B>Bezeichnung</B></entry><entry VJ="1" align="center" colname="col3" valign="middle">1 000 €</entry></row></thead><tbody valign="top"><row><entry VJ="1" nameend="col2" namest="col1">Sachsen-Anhalt<Split Leader="1"/></entry><entry VJ="1" align="right" colname="col3">–</entry></row><row><entry VJ="1" nameend="col2" namest="col1">Sachsen<Split Leader="1"/></entry><entry VJ="1" align="right" colname="col3">–</entry></row><row><entry VJ="1" nameend="col2" namest="col1">Bayern<Split Leader="1"/></entry><entry VJ="1" align="right" colname="col3">–</entry></row><row><entry VJ="1" nameend="col2" namest="col1">Thüringen<Split Leader="1"/></entry><entry VJ="1" align="right" colname="col3">–</entry></row><row><entry VJ="1" nameend="col2" namest="col1">Brandenburg<Split Leader="1"/></entry><entry VJ="1" align="right" colname="col3">–</entry></row><row><entry VJ="1" nameend="col2" namest="col1">Niedersachsen<Split Leader="1"/></entry><entry VJ="1" align="right" colname="col3">–</entry></row><row><entry VJ="1" nameend="col2" namest="col1">Baden-Württemberg<Split Leader="1"/></entry><entry VJ="1" align="right" colname="col3">–</entry></row><row><entry VJ="1" nameend="col2" namest="col1">Schleswig-Holstein<Split Leader="1"/></entry><entry VJ="1" align="right" colname="col3">–</entry></row><row><entry VJ="1" nameend="col2" namest="col1">Hessen<Split Leader="1"/></entry><entry VJ="1" align="right" colname="col3">–</entry></row><row><entry VJ="1" nameend="col2" namest="col1">Mecklenburg-Vorpommern<Split Leader="1"/></entry><entry VJ="1" align="right" colname="col3">–</entry></row><row><entry VJ="1" nameend="col2" namest="col1">Rheinland-Pfalz<Split Leader="1"/></entry><entry VJ="1" align="right" colname="col3" rowsep="1">–</entry></row><row><entry VJ="1" colname="col1" nameend="col2" namest="col1">Zusammen<Split Leader="1"/></entry><entry VJ="1" align="right" colname="col3">–</entry></row></tbody></tgroup></table></P><table frame="none" pgwide="1" tabstyle="vorbemerkung" tocentry="%yes;"><tgroup align="left" char="" charoff="50" cols="9" colsep="0" rowsep="0"><colspec align="center" colname="col1" colnum="1" colwidth="4.5*"/><colspec align="justify" colname="col2" colnum="2" colwidth="1.5*"/><colspec align="justify" colname="col3" colnum="3" colwidth=".5*"/><colspec align="justify" colname="col4" colnum="4" colwidth="19*"/><colspec align="justify" colname="col5" colnum="5" colwidth="1*"/><colspec align="justify" colname="col6" colnum="6" colwidth="2*"/><colspec align="right" colname="col7" colnum="7" colwidth="6*"/><colspec align="right" colname="col8" colnum="8" colwidth="6*"/><colspec align="right" colname="col9" colnum="9" colwidth="6*"/><tbody valign="top"><row><entry VJ="1" colname="col1">697 22<BR/> -813</entry><entry VJ="1" align="justify" nameend="col6" namest="col2">Programm zur Unterstützung der vom Hochwasser betroffenen Land- und Forstwirtschaft sowie zum Schadensausgleich in der ländlichen Infrastruktur im Außenbereich von Gemeinden</entry><entry VJ="1" align="right" colname="col7">–</entry><entry VJ="1" align="right" colname="col8">401 604</entry><entry VJ="1" align="right" colname="col9">–</entry></row><row><entry VJ="1" colname="col1"/><entry VJ="1" nameend="col6" namest="col2">Erläuterungen:</entry><entry VJ="1" colname="col7"/><entry VJ="1" colname="col8"/><entry VJ="1" colname="col9"/></row></tbody></tgroup></table><table frame="top" pgwide="1" tabstyle="Bezeichnung" tocentry="%yes;"><tgroup align="left" char="" charoff="50" cols="3" colsep="0" rowsep="0"><colspec colname="col1" colnum="1" colwidth="0.35*"/><colspec colname="col2" colnum="2" colwidth="5*"/><colspec colname="col3" colnum="3" colwidth="1.2*"/><thead valign="bottom"><row rowsep="1"><entry VJ="1" align="center" colsep="1" nameend="col2" namest="col1" valign="middle"><B>Bezeichnung</B></entry><entry VJ="1" align="center" colname="col3" valign="middle">1 000 €</entry></row></thead><tbody valign="top"><row><entry VJ="1" nameend="col2" namest="col1">Sachsen-Anhalt<Split Leader="1"/></entry><entry VJ="1" align="right" colname="col3">–</entry></row><row><entry VJ="1" nameend="col2" namest="col1">Sachsen<Split Leader="1"/></entry><entry VJ="1" align="right" colname="col3">–</entry></row><row><entry VJ="1" nameend="col2" namest="col1">Bayern<Split Leader="1"/></entry><entry VJ="1" align="right" colname="col3">–</entry></row><row><entry VJ="1" nameend="col2" namest="col1">Thüringen<Split Leader="1"/></entry><entry VJ="1" align="right" colname="col3">–</entry></row><row><entry VJ="1" nameend="col2" namest="col1">Brandenburg<Split Leader="1"/></entry><entry VJ="1" align="right" colname="col3">–</entry></row></tbody></tgroup></table><table frame="top" pgwide="1" tabstyle="vorbemerkung" tocentry="%yes;"><tgroup align="left" char="" charoff="50" cols="9" colsep="0" rowsep="0"><colspec align="center" colname="col1" colnum="1" colwidth="4.5*"/><colspec align="justify" colname="col2" colnum="2" colwidth="1.5*"/><colspec align="justify" colname="col3" colnum="3" colwidth=".5*"/><colspec align="justify" colname="col4" colnum="4" colwidth="19*"/><colspec align="justify" colname="col5" colnum="5" colwidth="1*"/><colspec align="justify" colname="col6" colnum="6" colwidth="2*"/><colspec align="right" colname="col7" colnum="7" colwidth="6*"/><colspec align="right" colname="col8" colnum="8" colwidth="6*"/><colspec align="right" colname="col9" colnum="9" colwidth="6*"/><thead valign="bottom"><row><entry VJ="1" align="center" colname="col1" colsep="1" rowsep="1" valign="middle">Titel<BR/> Funktion</entry><entry VJ="1" align="center" colsep="1" nameend="col6" namest="col2" rowsep="1" valign="middle"><SP>Zweckbestimmung</SP></entry><entry VJ="1" align="center" colname="col7" colsep="1" rowsep="1" valign="middle">Soll<BR/> 2014<BR/> 1 000 €</entry><entry VJ="1" align="center" colname="col8" colsep="1" rowsep="1" valign="middle">Soll<BR/> 2013<BR/> 1 000 €</entry><entry VJ="1" align="center" colname="col9" rowsep="1" valign="middle">Ist<BR/> 2012<BR/> 1 000 €</entry></row></thead><tbody valign="top"><row><entry VJ="1" align="left" nameend="col6" namest="col1" rowsep="0">Noch zu Titel 697 22</entry><entry VJ="1" align="right" colname="col7" colsep="0" rowsep="0"/><entry VJ="1" align="right" colname="col8" colsep="0" rowsep="0"/><entry VJ="1" align="right" colname="col9" rowsep="0"/></row></tbody></tgroup></table><table frame="none" pgwide="1" tabstyle="Bezeichnung" tocentry="%yes;"><tgroup align="left" char="" charoff="50" cols="3" colsep="0" rowsep="0"><colspec colname="col1" colnum="1" colwidth="0.35*"/><colspec colname="col2" colnum="2" colwidth="5*"/><colspec colname="col3" colnum="3" colwidth="1.2*"/><tbody valign="top"><row><entry VJ="1" nameend="col2" namest="col1">Niedersachsen<Split Leader="1"/></entry><entry VJ="1" align="right" colname="col3">–</entry></row><row><entry VJ="1" nameend="col2" namest="col1">Baden-Württemberg<Split Leader="1"/></entry><entry VJ="1" align="right" colname="col3">–</entry></row><row><entry VJ="1" nameend="col2" namest="col1">Schleswig-Holstein<Split Leader="1"/></entry><entry VJ="1" align="right" colname="col3">–</entry></row><row><entry VJ="1" nameend="col2" namest="col1">Hessen<Split Leader="1"/></entry><entry VJ="1" align="right" colname="col3">–</entry></row><row><entry VJ="1" nameend="col2" namest="col1">Mecklenburg-Vorpommern<Split Leader="1"/></entry><entry VJ="1" align="right" colname="col3">–</entry></row><row><entry VJ="1" nameend="col2" namest="col1">Rheinland-Pfalz<Split Leader="1"/></entry><entry VJ="1" align="right" colname="col3" rowsep="1">–</entry></row><row><entry VJ="1" colname="col1" nameend="col2" namest="col1">Zusammen<Split Leader="1"/></entry><entry VJ="1" align="right" colname="col3">–</entry></row></tbody></tgroup></table><table frame="none" pgwide="1" tabstyle="vorbemerkung" tocentry="%yes;"><tgroup align="left" char="" charoff="50" cols="9" colsep="0" rowsep="0"><colspec align="center" colname="col1" colnum="1" colwidth="4.5*"/><colspec align="justify" colname="col2" colnum="2" colwidth="1.5*"/><colspec align="justify" colname="col3" colnum="3" colwidth=".5*"/><colspec align="justify" colname="col4" colnum="4" colwidth="19*"/><colspec align="justify" colname="col5" colnum="5" colwidth="1*"/><colspec align="justify" colname="col6" colnum="6" colwidth="2*"/><colspec align="right" colname="col7" colnum="7" colwidth="6*"/><colspec align="right" colname="col8" colnum="8" colwidth="6*"/><colspec align="right" colname="col9" colnum="9" colwidth="6*"/><tbody valign="top"><row><entry VJ="1" colname="col1">698 21<BR/> -813</entry><entry VJ="1" align="justify" nameend="col6" namest="col2">Programm zur Unterstützung vom Hochwasser betroffener privater Haushalte und Wohnungsunternehmen</entry><entry VJ="1" align="right" colname="col7">–</entry><entry VJ="1" align="right" colname="col8">587 494</entry><entry VJ="1" align="right" colname="col9">–</entry></row><row><entry VJ="1" colname="col1"/><entry VJ="1" nameend="col6" namest="col2">Erläuterungen:</entry><entry VJ="1" colname="col7"/><entry VJ="1" colname="col8"/><entry VJ="1" colname="col9"/></row></tbody></tgroup></table><table frame="top" pgwide="1" tabstyle="Bezeichnung" tocentry="%yes;"><tgroup align="left" char="" charoff="50" cols="3" colsep="0" rowsep="0"><colspec colname="col1" colnum="1" colwidth="0.35*"/><colspec colname="col2" colnum="2" colwidth="5*"/><colspec colname="col3" colnum="3" colwidth="1.2*"/><thead valign="bottom"><row rowsep="1"><entry VJ="1" align="center" colsep="1" nameend="col2" namest="col1" valign="middle"><B>Bezeichnung</B></entry><entry VJ="1" align="center" colname="col3" valign="middle">1 000 €</entry></row></thead><tbody valign="top"><row><entry VJ="1" nameend="col2" namest="col1">Sachsen-Anhalt<Split Leader="1"/></entry><entry VJ="1" align="right" colname="col3">–</entry></row><row><entry VJ="1" nameend="col2" namest="col1">Sachsen<Split Leader="1"/></entry><entry VJ="1" align="right" colname="col3">–</entry></row><row><entry VJ="1" nameend="col2" namest="col1">Bayern<Split Leader="1"/></entry><entry VJ="1" align="right" colname="col3">–</entry></row><row><entry VJ="1" nameend="col2" namest="col1">Thüringen<Split Leader="1"/></entry><entry VJ="1" align="right" colname="col3">–</entry></row><row><entry VJ="1" nameend="col2" namest="col1">Brandenburg<Split Leader="1"/></entry><entry VJ="1" align="right" colname="col3">–</entry></row><row><entry VJ="1" nameend="col2" namest="col1">Niedersachsen<Split Leader="1"/></entry><entry VJ="1" align="right" colname="col3">–</entry></row><row><entry VJ="1" nameend="col2" namest="col1">Baden-Württemberg<Split Leader="1"/></entry><entry VJ="1" align="right" colname="col3">–</entry></row><row><entry VJ="1" nameend="col2" namest="col1">Schleswig-Holstein<Split Leader="1"/></entry><entry VJ="1" align="right" colname="col3">–</entry></row><row><entry VJ="1" nameend="col2" namest="col1">Hessen<Split Leader="1"/></entry><entry VJ="1" align="right" colname="col3">–</entry></row><row><entry VJ="1" nameend="col2" namest="col1">Mecklenburg-Vorpommern<Split Leader="1"/></entry><entry VJ="1" align="right" colname="col3">–</entry></row><row><entry VJ="1" nameend="col2" namest="col1">Rheinland-Pfalz<Split Leader="1"/></entry><entry VJ="1" align="right" colname="col3" rowsep="1">–</entry></row><row><entry VJ="1" colname="col1" nameend="col2" namest="col1">Zusammen<Split Leader="1"/></entry><entry VJ="1" align="right" colname="col3">–</entry></row></tbody></tgroup></table><table frame="none" pgwide="1" tabstyle="vorbemerkung" tocentry="%yes;"><tgroup align="left" char="" charoff="50" cols="9" colsep="0" rowsep="0"><colspec align="center" colname="col1" colnum="1" colwidth="4.5*"/><colspec align="justify" colname="col2" colnum="2" colwidth="1.5*"/><colspec align="justify" colname="col3" colnum="3" colwidth=".5*"/><colspec align="justify" colname="col4" colnum="4" colwidth="19*"/><colspec align="justify" colname="col5" colnum="5" colwidth="1*"/><colspec align="justify" colname="col6" colnum="6" colwidth="2*"/><colspec align="right" colname="col7" colnum="7" colwidth="6*"/><colspec align="right" colname="col8" colnum="8" colwidth="6*"/><colspec align="right" colname="col9" colnum="9" colwidth="6*"/><tbody valign="top"><row><entry VJ="1" colname="col1">698 22<BR/> -813</entry><entry VJ="1" align="justify" nameend="col6" namest="col2">Programm zur Schadensbeseitigung bei kulturellen Einrichtungen und Kulturdenkmälern unabhängig von der Trägerschaft</entry><entry VJ="1" align="right" colname="col7">–</entry><entry VJ="1" align="right" colname="col8">62 761</entry><entry VJ="1" align="right" colname="col9">–</entry></row><row><entry VJ="1" colname="col1"/><entry VJ="1" nameend="col6" namest="col2">Erläuterungen:</entry><entry VJ="1" colname="col7"/><entry VJ="1" colname="col8"/><entry VJ="1" colname="col9"/></row></tbody></tgroup></table><table frame="top" pgwide="1" tabstyle="Bezeichnung" tocentry="%yes;"><tgroup align="left" char="" charoff="50" cols="3" colsep="0" rowsep="0"><colspec colname="col1" colnum="1" colwidth="0.35*"/><colspec colname="col2" colnum="2" colwidth="5*"/><colspec colname="col3" colnum="3" colwidth="1.2*"/><thead valign="bottom"><row rowsep="1"><entry VJ="1" align="center" colsep="1" nameend="col2" namest="col1" valign="middle"><B>Bezeichnung</B></entry><entry VJ="1" align="center" colname="col3" valign="middle">1 000 €</entry></row></thead><tbody valign="top"><row><entry VJ="1" nameend="col2" namest="col1">Sachsen-Anhalt<Split Leader="1"/></entry><entry VJ="1" align="right" colname="col3">–</entry></row><row><entry VJ="1" nameend="col2" namest="col1">Sachsen<Split Leader="1"/></entry><entry VJ="1" align="right" colname="col3">–</entry></row><row><entry VJ="1" nameend="col2" namest="col1">Bayern<Split Leader="1"/></entry><entry VJ="1" align="right" colname="col3">–</entry></row><row><entry VJ="1" nameend="col2" namest="col1">Thüringen<Split Leader="1"/></entry><entry VJ="1" align="right" colname="col3">–</entry></row><row><entry VJ="1" nameend="col2" namest="col1">Brandenburg<Split Leader="1"/></entry><entry VJ="1" align="right" colname="col3">–</entry></row><row><entry VJ="1" nameend="col2" namest="col1">Niedersachsen<Split Leader="1"/></entry><entry VJ="1" align="right" colname="col3">–</entry></row><row><entry VJ="1" nameend="col2" namest="col1">Baden-Württemberg<Split Leader="1"/></entry><entry VJ="1" align="right" colname="col3">–</entry></row><row><entry VJ="1" nameend="col2" namest="col1">Schleswig-Holstein<Split Leader="1"/></entry><entry VJ="1" align="right" colname="col3">–</entry></row><row><entry VJ="1" nameend="col2" namest="col1">Hessen<Split Leader="1"/></entry><entry VJ="1" align="right" colname="col3">–</entry></row><row><entry VJ="1" nameend="col2" namest="col1">Mecklenburg-Vorpommern<Split Leader="1"/></entry><entry VJ="1" align="right" colname="col3">–</entry></row><row><entry VJ="1" nameend="col2" namest="col1">Rheinland-Pfalz<Split Leader="1"/></entry><entry VJ="1" align="right" colname="col3" rowsep="1">–</entry></row><row><entry VJ="1" colname="col1" nameend="col2" namest="col1">Zusammen<Split Leader="1"/></entry><entry VJ="1" align="right" colname="col3">–</entry></row></tbody></tgroup></table><table frame="top" pgwide="1" tabstyle="vorbemerkung" tocentry="%yes;"><tgroup align="left" char="" charoff="50" cols="9" colsep="0" rowsep="0"><colspec align="center" colname="col1" colnum="1" colwidth="4.5*"/><colspec align="justify" colname="col2" colnum="2" colwidth="1.5*"/><colspec align="justify" colname="col3" colnum="3" colwidth=".5*"/><colspec align="justify" colname="col4" colnum="4" colwidth="19*"/><colspec align="justify" colname="col5" colnum="5" colwidth="1*"/><colspec align="justify" colname="col6" colnum="6" colwidth="2*"/><colspec align="right" colname="col7" colnum="7" colwidth="6*"/><colspec align="right" colname="col8" colnum="8" colwidth="6*"/><colspec align="right" colname="col9" colnum="9" colwidth="6*"/><thead valign="bottom"><row><entry VJ="1" align="center" colname="col1" colsep="1" rowsep="1" valign="middle">Titel<BR/> Funktion</entry><entry VJ="1" align="center" colsep="1" nameend="col6" namest="col2" rowsep="1" valign="middle"><SP>Zweckbestimmung</SP></entry><entry VJ="1" align="center" colname="col7" colsep="1" rowsep="1" valign="middle">Soll<BR/> 2014<BR/> 1 000 €</entry><entry VJ="1" align="center" colname="col8" colsep="1" rowsep="1" valign="middle">Soll<BR/> 2013<BR/> 1 000 €</entry><entry VJ="1" align="center" colname="col9" rowsep="1" valign="middle">Ist<BR/> 2012<BR/> 1 000 €</entry></row></thead><tbody valign="top"><row><entry VJ="1" colname="col1">698 23<BR/> -813</entry><entry VJ="1" align="justify" nameend="col6" namest="col2">Programm zur Schadensbeseitigung bei Forschungseinrichtungen unabhängig von der Trägerschaft</entry><entry VJ="1" align="right" colname="col7">–</entry><entry VJ="1" align="right" colname="col8">2 250</entry><entry VJ="1" align="right" colname="col9">–</entry></row><row><entry VJ="1" colname="col1"/><entry VJ="1" nameend="col6" namest="col2">Erläuterungen:</entry><entry VJ="1" colname="col7"/><entry VJ="1" colname="col8"/><entry VJ="1" colname="col9"/></row></tbody></tgroup></table><table frame="top" pgwide="1" tabstyle="Bezeichnung" tocentry="%yes;"><tgroup align="left" char="" charoff="50" cols="3" colsep="0" rowsep="0"><colspec colname="col1" colnum="1" colwidth="0.35*"/><colspec colname="col2" colnum="2" colwidth="5*"/><colspec colname="col3" colnum="3" colwidth="1.2*"/><thead valign="bottom"><row rowsep="1"><entry VJ="1" align="center" colsep="1" nameend="col2" namest="col1" valign="middle"><B>Bezeichnung</B></entry><entry VJ="1" align="center" colname="col3" valign="middle">1 000 €</entry></row></thead><tbody valign="top"><row><entry VJ="1" nameend="col2" namest="col1">Sachsen-Anhalt<Split Leader="1"/></entry><entry VJ="1" align="right" colname="col3">–</entry></row><row><entry VJ="1" nameend="col2" namest="col1">Sachsen<Split Leader="1"/></entry><entry VJ="1" align="right" colname="col3">–</entry></row><row><entry VJ="1" nameend="col2" namest="col1">Bayern<Split Leader="1"/></entry><entry VJ="1" align="right" colname="col3">–</entry></row><row><entry VJ="1" nameend="col2" namest="col1">Thüringen<Split Leader="1"/></entry><entry VJ="1" align="right" colname="col3">–</entry></row><row><entry VJ="1" nameend="col2" namest="col1">Brandenburg<Split Leader="1"/></entry><entry VJ="1" align="right" colname="col3">–</entry></row><row><entry VJ="1" nameend="col2" namest="col1">Niedersachsen<Split Leader="1"/></entry><entry VJ="1" align="right" colname="col3">–</entry></row><row><entry VJ="1" nameend="col2" namest="col1">Baden-Württemberg<Split Leader="1"/></entry><entry VJ="1" align="right" colname="col3">–</entry></row><row><entry VJ="1" nameend="col2" namest="col1">Schleswig-Holstein<Split Leader="1"/></entry><entry VJ="1" align="right" colname="col3">–</entry></row><row><entry VJ="1" nameend="col2" namest="col1">Hessen<Split Leader="1"/></entry><entry VJ="1" align="right" colname="col3">–</entry></row><row><entry VJ="1" nameend="col2" namest="col1">Mecklenburg-Vorpommern<Split Leader="1"/></entry><entry VJ="1" align="right" colname="col3">–</entry></row><row><entry VJ="1" nameend="col2" namest="col1">Rheinland-Pfalz<Split Leader="1"/></entry><entry VJ="1" align="right" colname="col3" rowsep="1">–</entry></row><row><entry VJ="1" colname="col1" nameend="col2" namest="col1">Zusammen<Split Leader="1"/></entry><entry VJ="1" align="right" colname="col3">–</entry></row></tbody></tgroup></table><table frame="none" pgwide="1" tabstyle="vorbemerkung" tocentry="%yes;"><tgroup align="left" char="" charoff="50" cols="9" colsep="0" rowsep="0"><colspec align="center" colname="col1" colnum="1" colwidth="4.5*"/><colspec align="justify" colname="col2" colnum="2" colwidth="1.5*"/><colspec align="justify" colname="col3" colnum="3" colwidth=".5*"/><colspec align="justify" colname="col4" colnum="4" colwidth="19*"/><colspec align="justify" colname="col5" colnum="5" colwidth="1*"/><colspec align="justify" colname="col6" colnum="6" colwidth="2*"/><colspec align="right" colname="col7" colnum="7" colwidth="6*"/><colspec align="right" colname="col8" colnum="8" colwidth="6*"/><colspec align="right" colname="col9" colnum="9" colwidth="6*"/><tbody valign="top"><row><entry VJ="1" colname="col1">882 21<BR/> -813</entry><entry VJ="1" align="justify" nameend="col6" namest="col2">Programm zur Wiederherstellung der Infrastruktur in den Gemeinden</entry><entry VJ="1" align="right" colname="col7">–</entry><entry VJ="1" align="right" colname="col8">785 252</entry><entry VJ="1" align="right" colname="col9">–</entry></row><row><entry VJ="1" colname="col1"/><entry VJ="1" nameend="col6" namest="col2">Erläuterungen:</entry><entry VJ="1" colname="col7"/><entry VJ="1" colname="col8"/><entry VJ="1" colname="col9"/></row></tbody></tgroup></table><table frame="top" pgwide="1" tabstyle="Bezeichnung" tocentry="%yes;"><tgroup align="left" char="" charoff="50" cols="3" colsep="0" rowsep="0"><colspec colname="col1" colnum="1" colwidth="0.35*"/><colspec colname="col2" colnum="2" colwidth="5*"/><colspec colname="col3" colnum="3" colwidth="1.2*"/><thead valign="bottom"><row rowsep="1"><entry VJ="1" align="center" colsep="1" nameend="col2" namest="col1" valign="middle"><B>Bezeichnung</B></entry><entry VJ="1" align="center" colname="col3" valign="middle">1 000 €</entry></row></thead><tbody valign="top"><row><entry VJ="1" nameend="col2" namest="col1">Sachsen-Anhalt<Split Leader="1"/></entry><entry VJ="1" align="right" colname="col3">–</entry></row><row><entry VJ="1" nameend="col2" namest="col1">Sachsen<Split Leader="1"/></entry><entry VJ="1" align="right" colname="col3">–</entry></row><row><entry VJ="1" nameend="col2" namest="col1">Bayern<Split Leader="1"/></entry><entry VJ="1" align="right" colname="col3">–</entry></row><row><entry VJ="1" nameend="col2" namest="col1">Thüringen<Split Leader="1"/></entry><entry VJ="1" align="right" colname="col3">–</entry></row><row><entry VJ="1" nameend="col2" namest="col1">Brandenburg<Split Leader="1"/></entry><entry VJ="1" align="right" colname="col3">–</entry></row><row><entry VJ="1" nameend="col2" namest="col1">Niedersachsen<Split Leader="1"/></entry><entry VJ="1" align="right" colname="col3">–</entry></row><row><entry VJ="1" nameend="col2" namest="col1">Baden-Württemberg<Split Leader="1"/></entry><entry VJ="1" align="right" colname="col3">–</entry></row><row><entry VJ="1" nameend="col2" namest="col1">Schleswig-Holstein<Split Leader="1"/></entry><entry VJ="1" align="right" colname="col3">–</entry></row><row><entry VJ="1" nameend="col2" namest="col1">Hessen<Split Leader="1"/></entry><entry VJ="1" align="right" colname="col3">–</entry></row><row><entry VJ="1" nameend="col2" namest="col1">Mecklenburg-Vorpommern<Split Leader="1"/></entry><entry VJ="1" align="right" colname="col3">–</entry></row><row><entry VJ="1" nameend="col2" namest="col1">Rheinland-Pfalz<Split Leader="1"/></entry><entry VJ="1" align="right" colname="col3" rowsep="1">–</entry></row><row><entry VJ="1" colname="col1" nameend="col2" namest="col1">Zusammen<Split Leader="1"/></entry><entry VJ="1" align="right" colname="col3">–</entry></row></tbody></tgroup></table><table frame="none" pgwide="1" tabstyle="vorbemerkung" tocentry="%yes;"><tgroup align="left" char="" charoff="50" cols="9" colsep="0" rowsep="0"><colspec align="center" colname="col1" colnum="1" colwidth="4.5*"/><colspec align="justify" colname="col2" colnum="2" colwidth="1.5*"/><colspec align="justify" colname="col3" colnum="3" colwidth=".5*"/><colspec align="justify" colname="col4" colnum="4" colwidth="19*"/><colspec align="justify" colname="col5" colnum="5" colwidth="1*"/><colspec align="justify" colname="col6" colnum="6" colwidth="2*"/><colspec align="right" colname="col7" colnum="7" colwidth="6*"/><colspec align="right" colname="col8" colnum="8" colwidth="6*"/><colspec align="right" colname="col9" colnum="9" colwidth="6*"/><tbody valign="top"><row><entry VJ="1" colname="col1">882 22<BR/> -813</entry><entry VJ="1" align="justify" nameend="col6" namest="col2">Programm zur Wiederherstellung der Infrastruktur der Länder</entry><entry VJ="1" align="right" colname="col7">–</entry><entry VJ="1" align="right" colname="col8">373 504</entry><entry VJ="1" align="right" colname="col9">–</entry></row><row><entry VJ="1" colname="col1"/><entry VJ="1" nameend="col6" namest="col2">Erläuterungen:</entry><entry VJ="1" colname="col7"/><entry VJ="1" colname="col8"/><entry VJ="1" colname="col9"/></row></tbody></tgroup></table><table frame="top" pgwide="1" tabstyle="Bezeichnung" tocentry="%yes;"><tgroup align="left" char="" charoff="50" cols="3" colsep="0" rowsep="0"><colspec colname="col1" colnum="1" colwidth="0.35*"/><colspec colname="col2" colnum="2" colwidth="5*"/><colspec colname="col3" colnum="3" colwidth="1.2*"/><thead valign="bottom"><row rowsep="1"><entry VJ="1" align="center" colsep="1" nameend="col2" namest="col1" valign="middle"><B>Bezeichnung</B></entry><entry VJ="1" align="center" colname="col3" valign="middle">1 000 €</entry></row></thead><tbody valign="top"><row><entry VJ="1" nameend="col2" namest="col1">Sachsen-Anhalt<Split Leader="1"/></entry><entry VJ="1" align="right" colname="col3">–</entry></row><row><entry VJ="1" nameend="col2" namest="col1">Sachsen<Split Leader="1"/></entry><entry VJ="1" align="right" colname="col3">–</entry></row><row><entry VJ="1" nameend="col2" namest="col1">Bayern<Split Leader="1"/></entry><entry VJ="1" align="right" colname="col3">–</entry></row><row><entry VJ="1" nameend="col2" namest="col1">Thüringen<Split Leader="1"/></entry><entry VJ="1" align="right" colname="col3">–</entry></row><row><entry VJ="1" nameend="col2" namest="col1">Brandenburg<Split Leader="1"/></entry><entry VJ="1" align="right" colname="col3">–</entry></row><row><entry VJ="1" nameend="col2" namest="col1">Niedersachsen<Split Leader="1"/></entry><entry VJ="1" align="right" colname="col3">–</entry></row><row><entry VJ="1" nameend="col2" namest="col1">Baden-Württemberg<Split Leader="1"/></entry><entry VJ="1" align="right" colname="col3">–</entry></row></tbody></tgroup></table><BR/><BR/><table frame="top" pgwide="1" tabstyle="vorbemerkung" tocentry="%yes;"><tgroup align="left" char="" charoff="50" cols="9" colsep="0" rowsep="0"><colspec align="center" colname="col1" colnum="1" colwidth="4.5*"/><colspec align="justify" colname="col2" colnum="2" colwidth="1.5*"/><colspec align="justify" colname="col3" colnum="3" colwidth=".5*"/><colspec align="justify" colname="col4" colnum="4" colwidth="19*"/><colspec align="justify" colname="col5" colnum="5" colwidth="1*"/><colspec align="justify" colname="col6" colnum="6" colwidth="2*"/><colspec align="right" colname="col7" colnum="7" colwidth="6*"/><colspec align="right" colname="col8" colnum="8" colwidth="6*"/><colspec align="right" colname="col9" colnum="9" colwidth="6*"/><thead valign="bottom"><row><entry VJ="1" align="center" colname="col1" colsep="1" rowsep="1" valign="middle">Titel<BR/> Funktion</entry><entry VJ="1" align="center" colsep="1" nameend="col6" namest="col2" rowsep="1" valign="middle"><SP>Zweckbestimmung</SP></entry><entry VJ="1" align="center" colname="col7" colsep="1" rowsep="1" valign="middle">Soll<BR/> 2014<BR/> 1 000 €</entry><entry VJ="1" align="center" colname="col8" colsep="1" rowsep="1" valign="middle">Soll<BR/> 2013<BR/> 1 000 €</entry><entry VJ="1" align="center" colname="col9" rowsep="1" valign="middle">Ist<BR/> 2012<BR/> 1 000 €</entry></row></thead><tbody valign="top"><row><entry VJ="1" align="left" nameend="col6" namest="col1" rowsep="0">Noch zu Titel 882 22</entry><entry VJ="1" align="right" colname="col7" colsep="0" rowsep="0"/><entry VJ="1" align="right" colname="col8" colsep="0" rowsep="0"/><entry VJ="1" align="right" colname="col9" rowsep="0"/></row></tbody></tgroup></table><table frame="none" pgwide="1" tabstyle="Bezeichnung" tocentry="%yes;"><tgroup align="left" char="" charoff="50" cols="3" colsep="0" rowsep="0"><colspec colname="col1" colnum="1" colwidth="0.35*"/><colspec colname="col2" colnum="2" colwidth="5*"/><colspec colname="col3" colnum="3" colwidth="1.2*"/><tbody valign="top"><row><entry VJ="1" nameend="col2" namest="col1">Schleswig-Holstein<Split Leader="1"/></entry><entry VJ="1" align="right" colname="col3">–</entry></row><row><entry VJ="1" nameend="col2" namest="col1">Hessen<Split Leader="1"/></entry><entry VJ="1" align="right" colname="col3">–</entry></row><row><entry VJ="1" nameend="col2" namest="col1">Mecklenburg-Vorpommern<Split Leader="1"/></entry><entry VJ="1" align="right" colname="col3">–</entry></row><row><entry VJ="1" nameend="col2" namest="col1">Rheinland-Pfalz<Split Leader="1"/></entry><entry VJ="1" align="right" colname="col3" rowsep="1">–</entry></row><row><entry VJ="1" colname="col1" nameend="col2" namest="col1">Zusammen<Split Leader="1"/></entry><entry VJ="1" align="right" colname="col3">–</entry></row></tbody></tgroup></table><table frame="none" pgwide="1" tabstyle="vorbemerkung" tocentry="%yes;"><tgroup align="left" char="" charoff="50" cols="9" colsep="0" rowsep="0"><colspec align="center" colname="col1" colnum="1" colwidth="4.5*"/><colspec align="justify" colname="col2" colnum="2" colwidth="1.5*"/><colspec align="justify" colname="col3" colnum="3" colwidth=".5*"/><colspec align="justify" colname="col4" colnum="4" colwidth="19*"/><colspec align="justify" colname="col5" colnum="5" colwidth="1*"/><colspec align="justify" colname="col6" colnum="6" colwidth="2*"/><colspec align="right" colname="col7" colnum="7" colwidth="6*"/><colspec align="right" colname="col8" colnum="8" colwidth="6*"/><colspec align="right" colname="col9" colnum="9" colwidth="6*"/><tbody valign="top"><row><entry VJ="1" colname="col1">893 21<BR/> -813</entry><entry VJ="1" align="justify" nameend="col6" namest="col2">Reserve zur Aufteilung nach weiterer Schadensbewertung</entry><entry VJ="1" align="right" colname="col7">–</entry><entry VJ="1" align="right" colname="col8">3 110 075</entry><entry VJ="1" align="right" colname="col9">–</entry></row><row><entry VJ="1" colname="col1">919 21<BR/> -850</entry><entry VJ="1" align="justify" nameend="col6" namest="col2">Zuführung an Rücklage</entry><entry VJ="1" align="right" colname="col7">–</entry><entry VJ="1" align="right" colname="col8">–</entry><entry VJ="1" align="right" colname="col9">–</entry></row></tbody></tgroup></table></Content></text><fussnoten/></textdaten></norm>
</dokumente>