<?xml version="1.0" encoding="UTF-8" ?><!DOCTYPE dokumente SYSTEM "http://www.gesetze-im-internet.de/dtd/1.01/gii-norm.dtd">
<dokumente builddate="20250306223002" doknr="BJNR000300003"><norm builddate="20250306223002" doknr="BJNR000300003"><metadaten><jurabk>BAFinBefugV</jurabk><ausfertigung-datum manuell="ja">2002-12-13</ausfertigung-datum><fundstelle typ="amtlich"><periodikum>BGBl I</periodikum><zitstelle>2003, 3</zitstelle></fundstelle><langue>Verordnung zur Übertragung von Befugnissen zum Erlass von Rechtsverordnungen auf die Bundesanstalt für Finanzdienstleistungsaufsicht</langue><standangabe checked="ja"><standtyp>Stand</standtyp><standkommentar>Zuletzt geändert durch Art. 2 V v. 27.2.2025 I Nr. 73</standkommentar></standangabe></metadaten><textdaten><fussnoten><Content><P><BR/> <pre xml:space="preserve">(+++ Textnachweis ab: 15.1.2003 +++)<BR/> <BR/>(+++ Amtlicher Hinweis des Normgebers auf EG-Recht<BR/>     Umsetzung der<BR/>        EURL 36/2013 (CELEX Nr: 32013L0036) vgl. V v. 19.12.2014 I 2336<BR/>     Anpassung der<BR/>        EUV 575/2013 (CELEX Nr: 32006L0048) vgl. V v. 19.12.2014 I 2336 +++)<BR/><BR/></pre></P></Content></fussnoten></textdaten></norm>
<norm builddate="20250306223002" doknr="BJNR000300003BJNE000100000"><metadaten><jurabk>BAFinBefugV</jurabk><enbez>Eingangsformel</enbez></metadaten><textdaten><text format="XML"><Content><P>Auf Grund folgender Bestimmungen des Wertpapierhandelsgesetzes in der Fassung der Bekanntmachung vom 9. September 1998 (BGBl. I S. 2708): <DL Font="normal" Type="arabic"><DT>-</DT><DD Font="normal"><LA Size="normal">§ 9 Abs. 4 in Verbindung mit Abs. 3, geändert durch Artikel 4 Nr. 9 Buchstabe b und c des Gesetzes vom 22. April 2002 (BGBl. I S. 1310),</LA></DD> <DT>-</DT><DD Font="normal"><LA Size="normal">§ 34 Abs. 2 Satz 2 in Verbindung mit Satz 1, geändert durch Artikel 4 Nr. 24 des Gesetzes vom 22. April 2002 (BGBl. I S. 1310),</LA></DD> <DT>-</DT><DD Font="normal"><LA Size="normal">§ 34a Abs. 3 Satz 2 in Verbindung mit Satz 1, der Satz 2 geändert durch Artikel 4 Nr. 25 des Gesetzes vom 22. April 2002 (BGBl. I S. 1310),</LA></DD> <DT>-</DT><DD Font="normal"><LA Size="normal">§ 36 Abs. 5 Satz 2 in Verbindung mit Satz 1, geändert durch Artikel 4 Nr. 27 Buchstabe f Doppelbuchstabe aa und bb des Gesetzes vom 22. April 2002 (BGBl. I S. 1310),</LA></DD> <DT>-</DT><DD Font="normal"><LA Size="normal">§ 37 Abs. 4 Satz 2 in Verbindung mit Satz 1, eingefügt durch Artikel 2 Nr. 23 des Gesetzes vom 21. Juni 2002 (BGBl. I S. 2010),</LA></DD> <DT>-</DT><DD Font="normal"><LA Size="normal">§ 37i Abs. 1 Satz 4 in Verbindung mit Satz 3, eingefügt durch Artikel 2 Nr. 24 des Gesetzes vom 21. Juni 2002 (BGBl. I S. 2010), und</LA></DD> <DT>-</DT><DD Font="normal"><LA Size="normal">§ 37m Satz 4 in Verbindung mit Satz 3, eingefügt durch Artikel 2 Nr. 24 des Gesetzes vom 21. Juni 2002 (BGBl. I S. 2010),</LA></DD> </DL>auf Grund folgender Bestimmungen des Wertpapiererwerbs- und Übernahmegesetzes vom 20. Dezember 2001 (BGBl. I S. 3822): <DL Font="normal" Type="arabic"><DT>-</DT><DD Font="normal"><LA Size="normal">§ 5 Abs. 2 Satz 2 in Verbindung mit Satz 1, der Satz 2 geändert durch Artikel 1 Nr. 4 Buchstabe b der Verordnung vom 29. April 2002 (BGBl. I S. 1495),</LA></DD> <DT>-</DT><DD Font="normal"><LA Size="normal">§ 6 Abs. 4 Satz 2 in Verbindung mit Satz 1, der Satz 2 geändert durch Artikel 1 Nr. 5 Buchstabe c der Verordnung vom 29. April 2002 (BGBl. I S. 1495), und</LA></DD> <DT>-</DT><DD Font="normal"><LA Size="normal">§ 47 Satz 3 in Verbindung mit Satz 2, der Satz 3 geändert durch Artikel 1 Nr. 31 Buchstabe b der Verordnung vom 29. April 2002 (BGBl. I S. 1495),</LA></DD> </DL>auf Grund folgender Bestimmungen des Gesetzes über Kapitalanlagegesellschaften in der Fassung der Bekanntmachung vom 9. September 1998 (BGBl. I S. 2726): <DL Font="normal" Type="arabic"><DT>-</DT><DD Font="normal"><LA Size="normal">§ 8c Abs. 3 Satz 4 in Verbindung mit Satz 2 und 3,</LA></DD> <DT>-</DT><DD Font="normal"><LA Size="normal">§ 12 Abs. 1b Satz 2 in Verbindung mit Satz 1,</LA></DD> <DT>-</DT><DD Font="normal"><LA Size="normal">§ 18 Abs. 2 Satz 6 in Verbindung mit Satz 5, eingefügt durch Artikel 3 Nr. 14 Buchstabe a des Gesetzes vom 21. Juni 2002 (BGBl. I S. 2010), und</LA></DD> <DT>-</DT><DD Font="normal"><LA Size="normal">§ 24a Abs. 5 Satz 2 in Verbindung mit Satz 1,</LA></DD> </DL>auf Grund des § 2 Abs. 6 Satz 2 in Verbindung mit Satz 1 des Gesetzes über die Pfandbriefe und verwandten Schuldverschreibungen öffentlich-rechtlicher Kreditanstalten in der Fassung der Bekanntmachung vom 9. September 1998 (BGBl. I S. 2772, 2000 I S. 440), der durch Artikel 11a Nr. 1 Buchstabe c des Gesetzes vom 21. Juni 2002 (BGBl. I S. 2010) eingefügt worden ist, <BR/>auf Grund folgender Bestimmungen des Kreditwesengesetzes in der Fassung der Bekanntmachung vom 9. September 1998 (BGBl. I S. 2776) unter Berücksichtigung des Artikels 6 Nr. 1 des Gesetzes vom 21. Juni 2002 (BGBl. I S. 2010): <DL Font="normal" Type="arabic"><DT>-</DT><DD Font="normal"><LA Size="normal">§ 1 Abs. 12 Satz 3 Halbsatz 2 in Verbindung mit Halbsatz 1, neu gefasst durch Artikel 6 Nr. 3 Buchstabe g des Gesetzes vom 21. Juni 2002 (BGBl. I S. 2010),</LA></DD> <DT>-</DT><DD Font="normal"><LA Size="normal">§ 2 Abs. 5 Satz 4 in Verbindung mit Satz 3, der Satz 4 geändert durch Artikel 2 Nr. 3 Buchstabe b Doppelbuchstabe bb des Gesetzes vom 22. April 2002 (BGBl. I S. 1310),</LA></DD> <DT>-</DT><DD Font="normal"><LA Size="normal">§ 10 Abs. 1 Satz 3 in Verbindung mit Satz 2 sowie 4 und 5, neu gefasst durch Artikel 6 Nr. 9 Buchstabe a des Gesetzes vom 21. Juni 2002 (BGBl. I S. 2010),</LA></DD> <DT>-</DT><DD Font="normal"><LA Size="normal">§ 10 Abs. 9 Satz 5 in Verbindung mit § 24 Abs. 4 Satz 2, von denen § 10 Abs. 9 Satz 5 durch Artikel 6 Nr. 9 Buchstabe f des Gesetzes vom 21. Juni 2002 (BGBl. I S. 2010) eingefügt und § 24 Abs. 4 Satz 2 durch Artikel 2 Nr. 25 Buchstabe c Doppelbuchstabe bb des Gesetzes vom 22. April 2002 (BGBl. I S. 1310) geändert worden ist,</LA></DD> <DT>-</DT><DD Font="normal"><LA Size="normal">§ 11 Abs. 1 Satz 4 in Verbindung mit Satz 2 sowie 3 und 5, neu gefasst durch Artikel 6 Nr. 11 des Gesetzes vom 21. Juni 2002 (BGBl. I S. 2010),</LA></DD> <DT>-</DT><DD Font="normal"><LA Size="normal">§ 22 Satz 5 in Verbindung mit Satz 1 bis 4 und 6, der Satz 5 geändert durch Artikel 2 Nr. 22 des Gesetzes vom 22. April 2002 (BGBl. I S. 1310), die Sätze 1 und 2 geändert durch Artikel 6 Nr. 19 Buchstabe a und b des Gesetzes vom 21. Juni 2002 (BGBl. I S. 2010) und die Sätze 3 und 4 eingefügt durch Artikel 6 Nr. 19 Buchstabe c des Gesetzes vom 21. Juni 2002 (BGBl. I S. 2010),</LA></DD> <DT>-</DT><DD Font="normal"><LA Size="normal">§ 24 Abs. 4 Satz 2 in Verbindung mit Satz 1, der Satz 2 geändert durch Artikel 2 Nr. 25 Buchstabe c Doppelbuchstabe bb des Gesetzes vom 22. April 2002 (BGBl. I S. 1310) und der Satz 1 neu gefasst durch Artikel 6 Nr. 21 Buchstabe b des Gesetzes vom 21. Juni 2002 (BGBl. I S. 2010),</LA></DD> <DT>-</DT><DD Font="normal"><LA Size="normal">§ 25 Abs. 3 Satz 3 in Verbindung mit Satz 1 und 2, der Satz 3 geändert durch Artikel 2 Nr. 28 Buchstabe b Doppelbuchstabe bb des Gesetzes vom 22. April 2002 (BGBl. I S. 1310) und der Satz 1 zuletzt geändert durch Artikel 6 Nr. 24 Buchstabe b des Gesetzes vom 21. Juni 2002 (BGBl. I S. 2010),</LA></DD> <DT>-</DT><DD Font="normal"><LA Size="normal">§ 29 Abs. 4 Satz 2 in Verbindung mit Satz 1, geändert durch Artikel 2 Nr. 32 Buchstabe b Doppelbuchstabe aa und bb des Gesetzes vom 22. April 2002 (BGBl. I S. 1310), und</LA></DD> <DT>-</DT><DD Font="normal"><LA Size="normal">§ 31 Abs. 1 Satz 2 in Verbindung mit Satz 1, der Satz 2 geändert durch Artikel 2 Nr. 33 Buchstabe a des Gesetzes vom 22. April 2002 (BGBl. I S. 1310), sowie</LA></DD> </DL>auf Grund des § 6 Abs. 7 Satz 2 in Verbindung mit Satz 1 des Hypothekenbankgesetzes in der Fassung der Bekanntmachung vom 9. September 1998 (BGBl. I S. 2674), der durch Artikel 11 Nr. 2 Buchstabe c des Gesetzes vom 21. Juni 2002 (BGBl. I S. 2010) eingefügt worden ist, <BR/>verordnet das Bundesministerium der Finanzen:</P></Content></text></textdaten></norm>
<norm builddate="20250306223002" doknr="BJNR000300003BJNE000905128"><metadaten><jurabk>BAFinBefugV</jurabk><enbez>§ 1</enbez></metadaten><textdaten><text format="XML"><Content><P>Die Bundesanstalt für Finanzdienstleistungsaufsicht wird ermächtigt, <DL Font="normal" Type="arabic"><DT>1.</DT><DD Font="normal"><LA Size="normal">Rechtsverordnungen nach Maßgabe des § 3 Absatz 4 Satz 1, des § 24a Absatz 2, des § 31 Satz 1, des § 32 Absatz 6 Satz 1, des § 32f Absatz 8 Satz 1, des § 33 Absatz 5 Satz 1 in Verbindung mit Satz 2, des § 38 Absatz 5 Satz 1 in Verbindung mit Satz 2, des § 39 Absatz 2 Satz 1 in Verbindung mit Satz 2, des § 53 Absatz 4 Satz 1, des § 57 Absatz 6 Satz 1, des § 60 Absatz 2 Satz 1, des § 76 Absatz 4 Satz 1, des § 83 Absatz 10 Satz 1, des § 84 Absatz 10 Satz 1, des § 87 Absatz 9 Satz 1, des § 89 Absatz 6 Satz 1, des § 93 Absatz 5 und des § 102 Absatz 1 Satz 3 des Wertpapierhandelsgesetzes,</LA></DD><DT>2.</DT><DD Font="normal"><LA Size="normal">Rechtsverordnungen nach Maßgabe des § 1 Absatz 5 Satz 3, des § 5 Absatz 2 Satz 1 und des § 6 Absatz 4 Satz 1 des Wertpapiererwerbs- und Übernahmegesetzes,</LA></DD><DT>3.</DT><DD Font="normal"><LA Size="normal">Rechtsverordnungen nach Maßgabe des § 2a Absatz 7 Satz 1, des § 9 Absatz 5 Satz 1, des § 9a Absatz 2 Satz 1, des § 20 Absatz 4 Satz 1 und 2, des § 28 Absatz 3 Satz 3, des § 34 Absatz 3 Satz 1 und 2, des § 36 Absatz 5 Satz 1 und 2, des § 41 Absatz 3 Satz 1 und 2, des § 44 Absatz 7 Satz 1 und 2, des § 51 Absatz 3 Satz 1 und 2, des § 119 Satz 1 und 2 sowie des § 128 Absatz 6 Satz 1 des Investmentgesetzes, Rechtsverordnungen nach Maßgabe des § 19f Absatz 3 Satz 1, des § 40c Absatz 3 Satz 1, des § 110 Absatz 7 Satz 1 und des § 110a Absatz 5 Satz 1 des Investmentgesetzes jeweils im Einvernehmen mit dem Bundesministerium der Justiz und für Verbraucherschutz sowie Rechtsverordnungen nach Maßgabe des § 143c Absatz 5 Satz 1 bis 3 und Absatz 6 Satz 1 jeweils im Einvernehmen mit dem Bundesministerium der Justiz und für Verbraucherschutz,</LA></DD><DT>3a.</DT><DD Font="normal"><LA Size="normal">Rechtsverordnungen nach Maßgabe des § 19 Absatz 6 Satz 1, des § 26 Absatz 8 Satz 1, des § 27 Absatz 6 Satz 1, des § 28 Absatz 4 Satz 1, des § 29 Absatz 6 Satz 1, des § 30 Absatz 5 Satz 1, des § 36 Absatz 11 Satz 1 bis 3, des § 37 Absatz 3 Satz 1 bis 3, des § 68 Absatz 8 Satz 1, des § 78 Absatz 3 Satz 3, des § 89 Absatz 3 Satz 3, des § 96 Absatz 4 Satz 1, des § 117 Absatz 9 Satz 1, des § 132 Absatz 8 Satz 1, des § 166 Absatz 5 Satz 5, des § 168 Absatz 8 Satz 1, des § 197 Absatz 3 Satz 1, des § 204 Absatz 3 Satz 1, des § 312 Absatz 8 Satz 1 und des § 331 Absatz 2 Satz 2 des Kapitalanlagegesetzbuchs sowie Rechtsverordnungen nach Maßgabe des § 38 Absatz 5 Satz 1, des § 45a Absatz 6 Satz 1, des § 47 Absatz 5 Satz 1, des § 106 Satz 1, des § 120 Absatz 8 Satz 1, des § 121 Absatz 4 Satz 1, des § 135 Absatz 11 Satz 1, des § 136 Absatz 4 Satz 1 und des § 185 Absatz 3 Satz 1 des Kapitalanlagegesetzbuchs jeweils im Einvernehmen mit dem Bundesministerium der Justiz und für Verbraucherschutz,</LA></DD><DT>4.</DT><DD Font="normal"><LA Size="normal">Rechtsverordnungen nach Maßgabe des § 4 Absatz 6 Satz 1 und 3, des § 5 Absatz 3 Satz 1 bis 3, dieser auch in Verbindung mit Absatz 2 Satz 3, des § 16 Absatz 4 Satz 1 bis 3, des § 24 Absatz 5 Satz 1 und 2 sowie des § 26d Absatz 3 Satz 1 und 2 des Pfandbriefgesetzes jeweils im Einvernehmen mit dem Bundesministerium der Justiz und für Verbraucherschutz und Rechtsverordnungen nach Maßgabe des § 27a Absatz 2 Satz 1 und 2 des Pfandbriefgesetzes nach Anhörung der Spitzenverbände der Kreditwirtschaft,</LA></DD><DT>5.</DT><DD Font="normal"><LA Size="normal">Rechtsverordnungen nach Maßgabe des § 5 Absatz 2 Satz 2, des § 10 Absatz 1 Satz 1 und 3, des § 10a Absatz 7 Satz 1 und 3, des § 11 Absatz 1 Satz 2, 3 und 5, des § 13 Absatz 1 Satz 1 und 3, des § 13c Absatz 1 Satz 2 und 4, des § 22 Satz 1 und 3, dieser auch in Verbindung mit § 14 Absatz 1 Satz 1, des § 24 Absatz 4 Satz 1, 2 und 4, dieser auch in Verbindung mit § 2 Absatz 10 Satz 4 und 6, mit § 2c Absatz 1 Satz 2 und 3, mit § 25e Satz 3 sowie mit § 32 Absatz 1 Satz 2 und 3, des § 25a Absatz 6 Satz 1 bis 3 und 5, des § 25f Absatz 4 Satz 1 und 3 sowie des § 53j Absatz 3 Satz 1 und 2 des Kreditwesengesetzes jeweils im Einvernehmen mit der Deutschen Bundesbank und nach Anhörung der Spitzenverbände der Institute, Rechtsverordnungen nach Maßgabe des § 51a Absatz 1 Satz 2 und 4 sowie des § 51b Absatz 2 Satz 1 und 3 des Kreditwesengesetzes jeweils im Einvernehmen mit der Deutschen Bundesbank und nach Anhörung des Spitzenverbands der Wohnungsunternehmen mit Spareinrichtung, Rechtsverordnungen nach Maßgabe des § 18a Absatz 11 Satz 1, des § 22d Absatz 1 Satz 2 und des § 24c Absatz 7 Satz 1 des Kreditwesengesetzes, Rechtsverordnungen nach Maßgabe des § 25 Absatz 3 Satz 1 und 2 des Kreditwesengesetzes im Einvernehmen mit der Deutschen Bundesbank, Rechtsverordnungen nach Maßgabe des § 29 Absatz 4 Satz 1 und 2 des Kreditwesengesetzes im Einvernehmen mit dem Bundesministerium der Justiz und für Verbraucherschutz und nach Anhörung der Deutschen Bundesbank und Rechtsverordnungen nach Maßgabe des § 31 Absatz 1 Satz 1 des Kreditwesengesetzes im Benehmen mit der Deutschen Bundesbank,</LA></DD><DT>6.</DT><DD Font="normal"><LA Size="normal">Rechtsverordnungen nach Maßgabe des § 16 Satz 2 des Verkaufsprospektgesetzes,</LA></DD><DT>7.</DT><DD Font="normal"><LA Size="normal">Rechtsverordnungen nach Maßgabe des § 4 Absatz 3 Satz 1 und des § 20 Absatz 3 Satz 1 und 2 des Wertpapierprospektgesetzes im Einvernehmen mit dem Bundesministerium der Justiz und für Verbraucherschutz,</LA></DD><DT>8.</DT><DD Font="normal"><LA Size="normal">Rechtsverordnungen nach Maßgabe des § 10 Satz 1 des Gesetzes über Bausparkassen nach Anhörung der Deutschen Bundesbank und der Spitzenverbände der Bausparkassen,</LA></DD><DT>9.</DT><DD Font="normal"><LA Size="normal">Rechtsverordnungen nach Maßgabe des § 12 Absatz 2b Satz 1 des Restrukturierungsfondsgesetzes sowie</LA></DD><DT>10.</DT><DD Font="normal"><LA Size="normal">Rechtsverordnungen nach Maßgabe des § 16m Absatz 5 des Finanzdienstleistungsaufsichtsgesetzes</LA></DD></DL>zu erlassen.</P></Content></text><fussnoten/></textdaten></norm>
<norm builddate="20250306223002" doknr="BJNR000300003BJNE000408128"><metadaten><jurabk>BAFinBefugV</jurabk><enbez>§ 1a</enbez></metadaten><textdaten><text format="XML"><Content><P>Die Bundesanstalt für Finanzdienstleistungsaufsicht wird ermächtigt, Rechtsverordnungen auf der Grundlage des Versicherungsaufsichtsgesetzes zu erlassen <DL Font="normal" Type="arabic"><DT>1.</DT><DD Font="normal"><LA Size="normal">nach Maßgabe des § 22 Satz 1 und 2, auch in Verbindung mit § 293 Absatz 1 und 4 sowie in Verbindung mit § 237 Absatz 1 Satz 1, nach Maßgabe des § 34 Absatz 2 Satz 1 bis 4 und Absatz 3 Satz 1, jeweils auch in Verbindung mit § 237 Absatz 1 Satz 1, nach Maßgabe des § 131 Absatz 1, des § 160 Satz 1 Nummer 6, des § 170 Satz 1, des § 217 Satz 1 Nummer 1 bis 5, des § 220 Satz 1, des § 235 Absatz 1 Nummer 1 bis 8, 10, 12 und 13, des § 240 Satz 1 Nummer 1 bis 3 und 5 bis 9, § 310a,</LA></DD><DT>2.</DT><DD Font="normal"><LA Size="normal">nach Anhörung des Versicherungsbeirats nach Maßgabe des § 39 Absatz 1 Satz 1 Nummer 2 und 5 bis 7 in Verbindung mit Satz 2,</LA></DD><DT>3.</DT><DD Font="normal"><LA Size="normal">im Benehmen mit den Versicherungsaufsichtsbehörden der Länder nach Maßgabe des § 236 Absatz 6 Satz 1 in Verbindung mit Satz 3,</LA></DD><DT>4.</DT><DD Font="normal"><LA Size="normal">nach Anhörung des Versicherungsbeirats und im Einvernehmen mit dem Bundesministerium der Justiz und für Verbraucherschutz nach Maßgabe des § 39 Absatz 1 Satz 1 Nummer 1, 3, 3a und 4 in Verbindung mit den Sätzen 2 und 5 sowie</LA></DD><DT>5.</DT><DD Font="normal"><LA Size="normal">im Einvernehmen mit dem Bundesministerium der Justiz und für Verbraucherschutz nach Maßgabe des § 160 Satz 1 Nummer 1 bis 5 und 7 in Verbindung mit Satz 3, des § 235 Absatz 1 Nummer 9 und 11 in Verbindung mit Absatz 2 Satz 3, des § 240 Satz 1 Nummer 4 und 10 bis 12 in Verbindung mit Satz 4.</LA></DD></DL></P></Content></text><fussnoten/></textdaten></norm>
<norm builddate="20250306223002" doknr="BJNR000300003BJNE000500360"><metadaten><jurabk>BAFinBefugV</jurabk><enbez>§ 1b</enbez></metadaten><textdaten><text format="XML"><Content><P>Die Bundesanstalt für Finanzdienstleistungsaufsicht wird ermächtigt, Rechtsverordnungen nach Maßgabe des § 22 Absatz 1 des Finanzkonglomerate-Aufsichtsgesetzes im Einvernehmen mit der Deutschen Bundesbank und nach Anhörung der Spitzenverbände der Institute im Sinne des § 1 Absatz 1b des Kreditwesengesetzes und des Versicherungsbeirats nach § 92 des Versicherungsaufsichtsgesetzes zu erlassen.</P></Content></text><fussnoten/></textdaten></norm>
<norm builddate="20250306223002" doknr="BJNR000300003BJNE000802130"><metadaten><jurabk>BAFinBefugV</jurabk><enbez>§ 1c</enbez></metadaten><textdaten><text format="XML"><Content><P>Die Bundesanstalt für Finanzdienstleistungsaufsicht wird ermächtigt, Rechtsverordnungen auf der Grundlage des Sanierungs- und Abwicklungsgesetzes zu erlassen <DL Font="normal" Type="arabic"><DT>1.</DT><DD Font="normal"><LA Size="normal">im Einvernehmen mit der Deutschen Bundesbank nach Maßgabe des § 19 Absatz 4 Satz 1 und 2,</LA></DD><DT>2.</DT><DD Font="normal"><LA Size="normal">im Einvernehmen mit der Deutschen Bundesbank und nach Anhörung der Abwicklungsbehörde nach Maßgabe des § 21a Absatz 1 Satz 1 und 3,</LA></DD><DT>3.</DT><DD Font="normal"><LA Size="normal">im Einvernehmen mit der Deutschen Bundesbank und im Benehmen mit der Abwicklungsbehörde nach Maßgabe des § 21a Absatz 2 Satz 1 und</LA></DD><DT>4.</DT><DD Font="normal"><LA Size="normal">nach Maßgabe des § 152i Absatz 1.</LA></DD></DL></P></Content></text><fussnoten/></textdaten></norm>
<norm builddate="20250306223002" doknr="BJNR000300003BJNE001000119"><metadaten><jurabk>BAFinBefugV</jurabk><enbez>§ 1d</enbez></metadaten><textdaten><text format="XML"><Content><P>Die Bundesanstalt für Finanzdienstleistungsaufsicht wird ermächtigt, Rechtsverordnungen auf der Grundlage des Wertpapierinstitutsgesetzes zu erlassen <DL Font="normal" Type="arabic"><DT>1.</DT><DD Font="normal"><LA Size="normal">im Einvernehmen mit dem Bundesministerium der Justiz und für Verbraucherschutz und nach Anhörung der Deutschen Bundesbank nach Maßgabe des § 78 Absatz 6 Satz 1, 2 und 3,</LA></DD><DT>2.</DT><DD Font="normal"><LA Size="normal">im Einvernehmen mit der Deutschen Bundesbank und nach Anhörung der Spitzenverbände der Wertpapierinstitute nach Maßgabe des § 14 Absatz 3 Satz 1, 2 und 4, des § 40 Absatz 4 Satz 1 und 3, des § 46 Absatz 3 Satz 1, 2 und 4 sowie des § 68 Absatz 2 Satz 1 und 3,</LA></DD><DT>3.</DT><DD Font="normal"><LA Size="normal">im Benehmen mit der Deutschen Bundesbank und nach Anhörung der Spitzenverbände der Wertpapierinstitute nach Maßgabe des § 14 Absatz 2 Satz 1 und 3 sowie des § 72 Absatz 3 Satz 1 und 3,</LA></DD><DT>4.</DT><DD Font="normal"><LA Size="normal">nach Anhörung der Spitzenverbände der Wertpapierinstitute nach Maßgabe des § 28 Absatz 4 Satz 1 und 3 sowie</LA></DD><DT>5.</DT><DD Font="normal"><LA Size="normal">nach Maßgabe des § 16 Absatz 5 Satz 3.</LA></DD></DL></P></Content></text><fussnoten/></textdaten></norm>
<norm builddate="20250306223002" doknr="BJNR000300003BJNE001101128"><metadaten><jurabk>BAFinBefugV</jurabk><enbez>§ 1e</enbez></metadaten><textdaten><text format="XML"><Content><P>Die Bundesanstalt für Finanzdienstleistungsaufsicht wird ermächtigt, Rechtsverordnungen nach Maßgabe des § 4a Absatz 2 Satz 1 des Zahlungsdiensteaufsichtsgesetzes und des § 28 Absatz 4 Satz 1 und 2 des Zahlungsdiensteaufsichtsgesetzes zu erlassen im Einvernehmen mit der Deutschen Bundesbank und nach Anhörung der Spitzenverbände der Institute.</P></Content></text><fussnoten/></textdaten></norm>
<norm builddate="20250306223002" doknr="BJNR000300003BJNE001200119"><metadaten><jurabk>BAFinBefugV</jurabk><enbez>§ 1f</enbez></metadaten><textdaten><text format="XML"><Content><P>Die Bundesanstalt für Finanzdienstleistungsaufsicht wird nach § 19 Absatz 5 des Zahlungskontengesetzes ermächtigt, eine Rechtsverordnung nach Maßgabe des § 19 Absatz 1 und 3 des Zahlungskontengesetzes im Einvernehmen mit dem Bundesministerium der Finanzen, dem Bundesministerium der Justiz und dem Bundesministerium für Umwelt, Naturschutz, nukleare Sicherheit und Verbraucherschutz zu erlassen.</P></Content></text><fussnoten/></textdaten></norm>
<norm builddate="20250306223002" doknr="BJNR000300003BJNE001201128"><metadaten><jurabk>BAFinBefugV</jurabk><enbez>§ 1g</enbez></metadaten><textdaten><text format="XML"><Content><P>Die Bundesanstalt für Finanzdienstleistungsaufsicht wird ermächtigt, Rechtsverordnungen auf Grundlage des Kryptomärkteaufsichtsgesetzes zu erlassen: <DL Font="normal" Type="arabic"><DT>1.</DT><DD Font="normal"><LA Size="normal">im Einvernehmen mit der Deutschen Bundesbank nach Maßgabe des § 21 Absatz 7 Satz 1,</LA></DD><DT>2.</DT><DD Font="normal"><LA Size="normal">im Einvernehmen mit der Deutschen Bundesbank nach Maßgabe des § 36 Absatz 2 Satz 1,</LA></DD><DT>3.</DT><DD Font="normal"><LA Size="normal">im Einvernehmen mit dem Bundesministerium der Justiz und der Deutschen Bundesbank nach Maßgabe des § 37 Absatz 6 Satz 1 und</LA></DD><DT>4.</DT><DD Font="normal"><LA Size="normal">im Einvernehmen mit dem Bundesministerium der Justiz und der Deutschen Bundesbank nach Maßgabe des § 40 Absatz 4 Satz 1, 2 und 3.</LA></DD></DL></P></Content></text><fussnoten/></textdaten></norm>
<norm builddate="20250306223002" doknr="BJNR000300003BJNE000300000"><metadaten><jurabk>BAFinBefugV</jurabk><enbez>§ 2</enbez></metadaten><textdaten><text format="XML"><Content><P>Diese Verordnung tritt am Tage nach der Verkündung in Kraft.</P></Content></text><fussnoten/></textdaten></norm>
</dokumente>