<?xml version="1.0" encoding="UTF-8" ?><!DOCTYPE dokumente SYSTEM "http://www.gesetze-im-internet.de/dtd/1.01/gii-norm.dtd">
<dokumente builddate="20130405125304" doknr="BJNR008680968"><norm builddate="20130405125304" doknr="BJNR008680968"><metadaten><jurabk>BPräsAmtsbezAnO 1968</jurabk><ausfertigung-datum manuell="ja">1968-07-15</ausfertigung-datum><fundstelle typ="amtlich"><periodikum>BGBl I</periodikum><zitstelle>1968, 868</zitstelle></fundstelle><langue>Anordnung des Bundespräsidenten über die Festsetzung von
Amtsbezeichnungen</langue></metadaten><textdaten><text format="XML"><Content><P/></Content></text><fussnoten><Content><P>(+++ Textnachweis ab:  3. 7.1968 +++)</P></Content></fussnoten></textdaten></norm>
<norm builddate="20130405125304" doknr="BJNR008680968BJNE000100303"><metadaten><jurabk>BPräsAmtsbezAnO 1968</jurabk><enbez>(XXXX)</enbez></metadaten><textdaten><text format="XML"><Content><P>Gemäß § 81 Abs. 1 des Bundesbeamtengesetzes setze ich folgende Amtsbezeichnungen fest: <DL Font="normal" Type="arabic"><DT>1.</DT><DD Font="normal"><LA Size="normal">Präsident des Deutschen Institutes für medizinische Dokumentation und Information</LA></DD><DT>2.</DT><DD Font="normal"><LA Size="normal">Direktor beim Bundesbeauftragten für den Steinkohlenbergbau und die Steinkohlenbergbaugebiete.</LA></DD></DL></P></Content></text></textdaten></norm>
</dokumente>