<?xml version="1.0" encoding="UTF-8" ?><!DOCTYPE dokumente SYSTEM "http://www.gesetze-im-internet.de/dtd/1.01/gii-norm.dtd">
<dokumente builddate="20120625152112" doknr="BJNR202620958"><norm builddate="20120625152112" doknr="BJNR202620958"><metadaten><jurabk>GrenzVtr BEL</jurabk><ausfertigung-datum manuell="ja">1956-09-24</ausfertigung-datum><fundstelle typ="amtlich"><periodikum>BGBl II</periodikum><zitstelle>1958, 263</zitstelle></fundstelle><langue>Vertrag zwischen der Bundesrepublik Deutschland und dem KÖnigreich
Belgien über eine Berichtigung der deutsch-belgischen Grenze und andere die
Beziehungen zwischen beiden Ländern betreffende Fragen</langue></metadaten><textdaten><text format="decorated"/><fussnoten><Content><P>G v. 6.8.1958 II 262 <BR/>Inkraft gem. Bek. v. 11.9.1958 II 353 mWv 28.8.1958</P></Content></fussnoten></textdaten></norm>
</dokumente>