<?xml version="1.0" encoding="UTF-8" ?><!DOCTYPE dokumente SYSTEM "http://www.gesetze-im-internet.de/dtd/1.01/gii-norm.dtd">
<dokumente builddate="20231011213503" doknr="BJNR1060A0023"><norm builddate="20231011213503" doknr="BJNR1060A0023"><metadaten><jurabk>EnergieStG§28Abs2Bek</jurabk><ausfertigung-datum manuell="ja">2023-09-06</ausfertigung-datum><fundstelle typ="amtlich"><periodikum>BGBl I</periodikum><zitstelle>2023, Nr. 262</zitstelle></fundstelle><langue>Bekanntmachung nach § 28 Absatz 2 des Energiesteuergesetzes</langue></metadaten><textdaten><fussnoten><Content><P><BR/> <pre xml:space="preserve">(+++ Textnachweis ab: 29.9.2023 +++)<BR/><BR/></pre></P></Content></fussnoten></textdaten></norm>
<norm builddate="20231011213503" doknr="BJNR1060A0023BJNE000100000"><metadaten><jurabk>EnergieStG§28Abs2Bek</jurabk><enbez>(XXXX)</enbez></metadaten><textdaten><text format="XML"><Content><P>Nach § 28 Absatz 2 des Energiesteuergesetzes vom 15. Juli 2006 (BGBl. I S. 1534; 2008 I S. 660, 1007), das zuletzt durch Artikel 1 des Gesetzes vom 19. Dezember 2022 (BGBl. I S. 2483) geändert worden ist, wird bekannt gemacht, dass die beihilferechtliche Genehmigung der Europäischen Kommission für die Gewährung der Steuerbefreiungen nach § 28 Absatz 1 Satz 1 Nummer 1 und 2 des Energiesteuergesetzes mit Ablauf des 30. September 2023 ausläuft.</P></Content></text></textdaten></norm>
<norm builddate="20231011213503" doknr="BJNR1060A0023BJNE000200000"><metadaten><jurabk>EnergieStG§28Abs2Bek</jurabk><enbez>Schlussformel</enbez></metadaten><textdaten><text format="XML"><Content><P><SP>Bundesministerium der Finanzen</SP></P></Content></text></textdaten></norm>
</dokumente>