<?xml version="1.0" encoding="UTF-8" ?><!DOCTYPE dokumente SYSTEM "http://www.gesetze-im-internet.de/dtd/1.01/gii-norm.dtd">
<dokumente builddate="20220801213005" doknr="BJNR119100022"><norm builddate="20220801213005" doknr="BJNR119100022"><metadaten><jurabk>NotViKoV</jurabk><amtabk>NotViKoV</amtabk><ausfertigung-datum manuell="ja">2022-07-22</ausfertigung-datum><fundstelle typ="amtlich"><periodikum>BGBl I</periodikum><zitstelle>2022, 1191</zitstelle></fundstelle><langue>Verordnung über den Betrieb eines Videokommunikationssystems für notarielle Urkundstätigkeiten<FnR ID="F822554_01_BJNR119100022"/></langue></metadaten><textdaten><text format="XML"><Footnotes><Footnote FnZ="1" Group="column" ID="F822554_01_BJNR119100022" Pos="exp"><noindex>Diese Verordnung dient der Umsetzung der Richtlinie (EU) 2019/1151 des Europäischen Parlaments und des Rates vom 20. Juni 2019 zur Änderung der Richtlinie (EU) 2017/1132 im Hinblick auf den Einsatz digitaler Werkzeuge und Verfahren im Gesellschaftsrecht (ABl. L 186 vom 11.7.2019, S. 80).</noindex></Footnote></Footnotes></text><fussnoten><Content><P><BR/> <pre xml:space="preserve">(+++ Textnachweis ab: 1.8.2022 +++)<BR/>(+++ Amtlicher Hinweis des Normgebers auf EG-Recht:<BR/>     Umsetzung der<BR/>       EURL 2019/1151            (CELEX Nr: 32019L1151) +++)<BR/><BR/></pre></P></Content></fussnoten></textdaten></norm>
<norm builddate="20220801213005" doknr="BJNR119100022BJNE000100000"><metadaten><jurabk>NotViKoV</jurabk><enbez>Eingangsformel</enbez></metadaten><textdaten><text format="XML"><Content><P>Auf Grund des § 78p Absatz 3 der Bundesnotarordnung, der zuletzt durch Artikel 2 Nummer 3 Buchstabe b des Gesetzes vom 15. Juli 2022 (BGBl. I S. 1146) neu gefasst worden ist, verordnet das Bundesministerium der Justiz im Einvernehmen mit dem Bundesministerium des Innern und für Heimat:</P></Content></text></textdaten></norm>
<norm builddate="20220801213005" doknr="BJNR119100022BJNE000200000"><metadaten><jurabk>NotViKoV</jurabk><enbez>§ 1</enbez><titel format="XML">Begriffsbestimmungen</titel></metadaten><textdaten><text format="XML"><Content><P>Im Sinne dieser Verordnung bezeichnet: <DL Type="arabic"><DT>1.</DT><DD Font="normal"><LA>„Vorgang“ einen in dem Videokommunikationssystem gespeicherten Datensatz zu einer Urkundstätigkeit;</LA></DD><DT>2.</DT><DD Font="normal"><LA>„Amtsperson“ einen Notar, einen Notariatsverwalter oder eine Notarvertretung;</LA></DD><DT>3.</DT><DD Font="normal"><LA>„Beteiligter“ <DL Type="alpha"><DT>a)</DT><DD Font="normal"><LA>im Fall der Beurkundung von Willenserklärungen mittels Videokommunikation (§§ 16a bis 16e des Beurkundungsgesetzes) einen Erschienenen im Sinne des § 6 Absatz 2 des Beurkundungsgesetzes und</LA></DD><DT>b)</DT><DD Font="normal"><LA>im Fall der Beglaubigung einer qualifizierten elektronischen Signatur mittels Videokommunikation (§ 40a des Beurkundungsgesetzes) eine Person, welche die qualifizierte elektronische Signatur anerkennt;</LA></DD></DL></LA></DD><DT>4.</DT><DD Font="normal"><LA>„hinzugezogene Person“ eine Person, deren Zuziehung zu einer Urkundstätigkeit nach dem Beurkundungsgesetz vorgesehen ist;</LA></DD><DT>5.</DT><DD Font="normal"><LA>„Dritter“ eine Person, die eine Urkundstätigkeit auf Veranlassung eines Beteiligten begleitet, ohne selbst Beteiligter oder hinzugezogene Person zu sein;</LA></DD><DT>6.</DT><DD Font="normal"><LA>„Nutzer“ eine Person, die das Videokommunikationssystem als Beteiligter, hinzugezogene Person oder Dritter nutzt;</LA></DD><DT>7.</DT><DD Font="normal"><LA>„Nutzerdaten“ folgende Daten zu einem Nutzer: <DL Indent="5" Type="alpha"><DT>a)</DT><DD Font="normal"><LA>Familienname,</LA></DD><DT>b)</DT><DD Font="normal"><LA>Geburtsname,</LA></DD><DT>c)</DT><DD Font="normal"><LA>Vornamen,</LA></DD><DT>d)</DT><DD Font="normal"><LA>Anrede,</LA></DD><DT>e)</DT><DD Font="normal"><LA>akademische Grade und Ehrengrade sowie die Bezeichnung als Professor,</LA></DD><DT>f)</DT><DD Font="normal"><LA>Tag der Geburt,</LA></DD><DT>g)</DT><DD Font="normal"><LA>Ort der Geburt,</LA></DD><DT>h)</DT><DD Font="normal"><LA>Anschriften,</LA></DD><DT>i)</DT><DD Font="normal"><LA>Staatsangehörigkeit,</LA></DD><DT>j)</DT><DD Font="normal"><LA>Familienstand,</LA></DD><DT>k)</DT><DD Font="normal"><LA>den Nutzer betreffende Eintragungen in einem öffentlichen Register,</LA></DD><DT>l)</DT><DD Font="normal"><LA>Nutzername,</LA></DD><DT>m)</DT><DD Font="normal"><LA>De-Mail-Adressen oder vergleichbare Adressen eines Zustelldienstes eines anderen Mitgliedstaates der Europäischen Union oder eines anderen Vertragsstaates des Abkommens über den Europäischen Wirtschaftsraum nach der Verordnung (EU) Nr. 910/2014 des Europäischen Parlaments und des Rates vom 23. Juli 2014 über elektronische Identifizierung und Vertrauensdienste für elektronische Transaktionen im Binnenmarkt und zur Aufhebung der Richtlinie 1999/93/EG (ABl. L 257 vom 28.8.2014, S. 73; L 23 vom 29.1.2015, S. 19; L 155 vom 14.6.2016, S. 44),</LA></DD><DT>n)</DT><DD Font="normal"><LA>E-Mail-Adressen,</LA></DD><DT>o)</DT><DD Font="normal"><LA>Telefon- und Mobilfunknummern,</LA></DD><DT>p)</DT><DD Font="normal"><LA>Telefaxnummern und</LA></DD><DT>q)</DT><DD Font="normal"><LA>bezüglich eines vom Nutzer verwendeten elektronischen Identitätsnachweises oder Identifizierungsmittels nach § 16c Satz 1 des Beurkundungsgesetzes <DL Type="a-alpha"><DT>aa)</DT><DD Font="normal"><LA>die Dokumentenart,</LA></DD><DT>bb)</DT><DD Font="normal"><LA>der letzte Tag der Gültigkeitsdauer sowie</LA></DD><DT>cc)</DT><DD Font="normal"><LA>das dienste- und kartenspezifische Kennzeichen oder eine andere eindeutige Kennung;</LA></DD></DL></LA></DD></DL></LA></DD><DT>8.</DT><DD Font="normal"><LA>„Sachverhaltsdaten“ Daten zu den Einzelheiten einer Urkundstätigkeit einschließlich der dafür relevanten oder zu prüfenden personenbezogenen Daten und Verfahrensinformationen.</LA></DD></DL></P></Content></text></textdaten></norm>
<norm builddate="20220801213005" doknr="BJNR119100022BJNE000300000"><metadaten><jurabk>NotViKoV</jurabk><enbez>§ 2</enbez><titel format="XML">Technische Zugangsberechtigung zum Videokommunikationssystem</titel></metadaten><textdaten><text format="XML"><Content><P>(1) Eine technische Zugangsberechtigung zum Videokommunikationssystem ist einzuräumen: <DL Type="arabic"><DT>1.</DT><DD Font="normal"><LA>dem Notar,</LA></DD><DT>2.</DT><DD Font="normal"><LA>dem Notariatsverwalter,</LA></DD><DT>3.</DT><DD Font="normal"><LA>der Notarvertretung sowie</LA></DD><DT>4.</DT><DD Font="normal"><LA>Personen, die beabsichtigen, das Videokommunikationssystem als Beteiligter, hinzugezogene Person oder Dritter zu nutzen.</LA></DD></DL></P><P>(2) Personen, die bei einer Amtsperson beschäftigt sind, kann eine technische Zugangsberechtigung eingeräumt werden. Technische Zugangsberechtigungen nach Satz 1 können in ihrem Umfang eingeschränkt werden.</P><P>(3) Für körperliche Zugangsmittel und Wissensdaten, die die in den Absätzen 1 und 2 genannten Personen für den Zugang zum Videokommunikationssystem verwenden, gilt § 5 Absatz 3 bis 5 der Verordnung über die Führung notarieller Akten und Verzeichnisse entsprechend.</P></Content></text></textdaten></norm>
<norm builddate="20220801213005" doknr="BJNR119100022BJNE000400000"><metadaten><jurabk>NotViKoV</jurabk><enbez>§ 3</enbez><titel format="XML">Einräumung der technischen Zugangsberechtigung</titel></metadaten><textdaten><text format="XML"><Content><P>(1) Die technische Zugangsberechtigung nach § 2 Absatz 1 Nummer 1 und 2 ist durch die Notarkammer einzuräumen.</P><P>(2) Die technische Zugangsberechtigung nach § 2 Absatz 1 Nummer 3 soll durch die zu vertretende Amtsperson eingeräumt werden. Wird die technische Zugangsberechtigung nicht durch die zu vertretende Amtsperson eingeräumt, so ist sie durch die Notarkammer einzuräumen.</P><P>(3) Die technische Zugangsberechtigung nach § 2 Absatz 1 Nummer 4 ist durch die Bundesnotarkammer einzuräumen. Bei Beteiligten und hinzugezogenen Personen setzt die Einräumung der technischen Zugangsberechtigung eine Registrierung unter Nachweis der Identität mittels eines elektronischen Identitätsnachweises oder Identifizierungsmittels nach § 16c Satz 1 des Beurkundungsgesetzes voraus. Bei Verwendung eines elektronischen Identitätsnachweises nach § 16c Satz 1 Nummer 1 des Beurkundungsgesetzes sind folgende Daten auszulesen und als Nutzerdaten zu speichern: <DL Type="arabic"><DT>1.</DT><DD Font="normal"><LA>Familienname,</LA></DD><DT>2.</DT><DD Font="normal"><LA>Geburtsname,</LA></DD><DT>3.</DT><DD Font="normal"><LA>Vornamen,</LA></DD><DT>4.</DT><DD Font="normal"><LA>Doktorgrad,</LA></DD><DT>5.</DT><DD Font="normal"><LA>Tag der Geburt,</LA></DD><DT>6.</DT><DD Font="normal"><LA>Ort der Geburt,</LA></DD><DT>7.</DT><DD Font="normal"><LA>Anschrift,</LA></DD><DT>8.</DT><DD Font="normal"><LA>Staatsangehörigkeit,</LA></DD><DT>9.</DT><DD Font="normal"><LA>Dokumentenart,</LA></DD><DT>10.</DT><DD Font="normal"><LA>letzter Tag der Gültigkeitsdauer und</LA></DD><DT>11.</DT><DD Font="normal"><LA>dienste- und kartenspezifische Kennzeichen.</LA></DD></DL>Bei Verwendung eines elektronischen Identifizierungsmittels nach § 16c Satz 1 Nummer 2 des Beurkundungsgesetzes sind die in Satz 3 Nummer 1 bis 10 genannten Daten sowie die eindeutige Kennung auszulesen und als Nutzerdaten zu speichern, soweit sie in dem Datensatz des elektronischen Identifizierungsmittels enthalten sind.</P><P>(4) Die technische Zugangsberechtigung nach § 2 Absatz 2 Satz 1 ist von der Amtsperson einzuräumen, bei der die Person beschäftigt ist. Diese Amtsperson kann den bei ihr beschäftigten Personen auch die Befugnis einräumen, weitere technische Zugangsberechtigungen nach § 2 Absatz 2 Satz 1 zu erteilen. Befugnisse nach Satz 2 können in ihrem Umfang eingeschränkt werden. Der beschäftigenden Amtsperson im Sinne dieses Absatzes steht deren Notarvertretung gleich.</P></Content></text></textdaten></norm>
<norm builddate="20220801213005" doknr="BJNR119100022BJNE000500000"><metadaten><jurabk>NotViKoV</jurabk><enbez>§ 4</enbez><titel format="XML">Wegfall und Entziehung der technischen Zugangsberechtigung</titel></metadaten><textdaten><text format="XML"><Content><P>(1) Die Bundesnotarkammer hat im Zusammenwirken mit den Notarkammern sicherzustellen, dass eine technische Zugangsberechtigung endet, wenn <DL Type="arabic"><DT>1.</DT><DD Font="normal"><LA>im Fall des § 2 Absatz 1 Nummer 1 und 2 das Amt erlischt oder der Amtssitz in einen anderen Amtsgerichtsbezirk verlegt wird,</LA></DD><DT>2.</DT><DD Font="normal"><LA>im Fall des § 2 Absatz 1 Nummer 3 die Vertretung endet und</LA></DD><DT>3.</DT><DD Font="normal"><LA>im Fall des § 2 Absatz 2 das Amt der beschäftigenden Amtsperson erlischt oder deren Amtssitz in einen anderen Amtsbereich verlegt wird.</LA></DD></DL></P><P>(2) Die Bundesnotarkammer hat sicherzustellen, dass eine technische Zugangsberechtigung im Fall des § 2 Absatz 1 Nummer 4 endet, sobald die zu dem Nutzer gespeicherten Nutzerdaten nach § 14 Absatz 2 Satz 5 zu löschen sind.</P><P>(3) Im Fall einer ständigen Vertretung soll die technische Zugangsberechtigung nach § 2 Absatz 1 Nummer 3 durch die nach § 2 Absatz 1 Nummer 1 oder 2 zugangsberechtigten Person vorübergehend entzogen werden, solange keine Amtsbefugnis nach § 44 Absatz 1 Satz 1 der Bundesnotarordnung besteht.</P><P>(4) Eine technische Zugangsberechtigung nach § 2 Absatz 2 kann jederzeit durch die beschäftigende Amtsperson oder eine von dieser dazu ermächtigte Person entzogen werden. § 3 Absatz 4 Satz 4 gilt entsprechend.</P><P>(5) Wird der Notar vorläufig seines Amtes enthoben, so hat ihm die Notarkammer die technische Zugangsberechtigung zu entziehen. Weitere technische Zugangsberechtigungen und Befugnisse im Sinne des § 2 Absatz 2 und des § 3 Absatz 4 Satz 2 bleiben hiervon unberührt. Sie können von dem Notar nicht mehr geändert oder widerrufen werden.</P><P>(6) Die Bundesnotarkammer kann einer Amtsperson, einer bei dieser beschäftigten Person oder einem Nutzer die technische Zugangsberechtigung vorübergehend entziehen, wenn die Gefahr einer missbräuchlichen Verwendung besteht. Wenn die technische Zugangsberechtigung einer in § 2 Absatz 1 Nummer 1 bis 3 oder Absatz 2 Satz 1 genannten Person eingeräumt wurde, kann die vorübergehende Entziehung der technischen Zugangsberechtigung nach Satz 1 auch durch die Notarkammer erfolgen. Die vorübergehende Entziehung in den Fällen der Sätze 1 und 2 ist unverzüglich zu beenden, wenn die Gefahr einer missbräuchlichen Verwendung nicht mehr besteht.</P></Content></text></textdaten></norm>
<norm builddate="20220801213005" doknr="BJNR119100022BJNE000600000"><metadaten><jurabk>NotViKoV</jurabk><enbez>§ 5</enbez><titel format="XML">Vorgang</titel></metadaten><textdaten><text format="XML"><Content><P>(1) In einem Vorgang dürfen zu einer Urkundstätigkeit folgende Daten zusammengefasst werden: <DL Type="arabic"><DT>1.</DT><DD Font="normal"><LA>Nutzerdaten solcher Nutzer, die Zugriff auf den Vorgang haben oder hatten,</LA></DD><DT>2.</DT><DD Font="normal"><LA>Sachverhaltsdaten und</LA></DD><DT>3.</DT><DD Font="normal"><LA>elektronische Dokumente.</LA></DD></DL></P><P>(2) Die Bundesnotarkammer hat sicherzustellen, dass ausschließlich folgende Personen Zugriff auf einen Vorgang haben: <DL Type="arabic"><DT>1.</DT><DD Font="normal"><LA>die Amtsperson, die den Vorgang erstellt hat oder auf Veranlassung eines Nutzers mit dem Vorgang befasst ist (befasste Amtsperson),</LA></DD><DT>2.</DT><DD Font="normal"><LA>bei der befassten Amtsperson beschäftigte Personen, soweit ihnen eine technische Zugangsberechtigung eingeräumt worden ist, sowie</LA></DD><DT>3.</DT><DD Font="normal"><LA>folgende Nutzer: <DL Type="alpha"><DT>a)</DT><DD Font="normal"><LA>der Nutzer, der den Vorgang selbst erstellt hat,</LA></DD><DT>b)</DT><DD Font="normal"><LA>der Nutzer, der die Erstellung durch eine Amtsperson veranlasst hat, und</LA></DD><DT>c)</DT><DD Font="normal"><LA>die Nutzer, denen der Zugriff eingeräumt worden ist.</LA></DD></DL></LA></DD></DL>Die Befugnis, Nutzern den Zugriff auf einen Vorgang einzuräumen (Satz 1 Nummer 3 Buchstabe c), haben die nach Satz 1 Nummer 1 bis 3 Buchstabe b zugriffsberechtigten Personen.</P><P>(3) Geht die Zuständigkeit der befassten Amtsperson für die Verwahrung ihrer Akten und Verzeichnisse auf eine andere Amtsperson über, so soll die befasste Amtsperson den Zugriff auf die Vorgänge, die sie erstellt hat oder mit denen sie auf Veranlassung eines Nutzers befasst ist, auf die andere Amtsperson überleiten. Wird der anderen Amtsperson der Zugriff auf die Vorgänge nach Satz 1 nicht durch die befasste Amtsperson übergeleitet, so ist er durch die Notarkammer einzuräumen. Die Einräumung erfolgt aufgrund eines Beschlusses des Vorstands der Notarkammer. Kann ein Beschluss des Vorstands nicht rechtzeitig herbeigeführt werden, so entscheidet der Präsident der Notarkammer. In diesem Fall ist die Entscheidung des Vorstands unverzüglich nachzuholen. Sobald der anderen Amtsperson der Zugriff auf die Vorgänge nach Satz 1 gewährt worden ist, gilt sie als die mit diesen Vorgängen befasste Amtsperson.</P><P>(4) Für die Dauer des Bestehens der technischen Zugangsberechtigung nach § 2 Absatz 1 Nummer 3 soll die zu vertretende Amtsperson der Notarvertretung den Zugriff auf die Vorgänge einräumen, die die zu vertretende Amtsperson erstellt hat oder mit denen sie auf Veranlassung eines Nutzers befasst ist. Wird der Notarvertretung der Zugriff auf die Vorgänge nach Satz 1 nicht durch die zu vertretende Amtsperson eingeräumt, so ist er durch die Notarkammer einzuräumen. Solange der Notarvertretung der Zugriff auf die Vorgänge nach Satz 1 eingeräumt ist, gilt sie als mit diesen Vorgängen befasste Amtsperson.</P><P>(5) Die Bundesnotarkammer hat es der befassten Amtsperson zu ermöglichen, <DL Type="arabic"><DT>1.</DT><DD Font="normal"><LA>die Befugnis von Nutzern zur Zugriffseinräumung nach Absatz 2 Satz 2 einzuschränken,</LA></DD><DT>2.</DT><DD Font="normal"><LA>Nutzern den Zugriff auf den Vorgang zu entziehen und</LA></DD><DT>3.</DT><DD Font="normal"><LA>bei ihr beschäftigten Personen die Befugnisse nach den Nummern 1 und 2 einzuräumen.</LA></DD></DL></P><P>(6) Die Bundesnotarkammer hat sicherzustellen, dass Nutzerdaten innerhalb eines Vorgangs nur für folgende Personen einsehbar sind: <DL Type="arabic"><DT>1.</DT><DD Font="normal"><LA>die befasste Amtsperson,</LA></DD><DT>2.</DT><DD Font="normal"><LA>bei der befassten Amtsperson beschäftigte Personen, denen eine technische Zugangsberechtigung eingeräumt worden ist, sowie</LA></DD><DT>3.</DT><DD Font="normal"><LA>den betroffenen Nutzer.</LA></DD></DL>Satz 1 gilt nicht für Nutzerdaten nach § 1 Nummer 7 Buchstabe a bis e sowie für in Sachverhaltsdaten oder in elektronischen Dokumenten enthaltene personenbezogene Daten.</P></Content></text></textdaten></norm>
<norm builddate="20220801213005" doknr="BJNR119100022BJNE000700000"><metadaten><jurabk>NotViKoV</jurabk><enbez>§ 6</enbez><titel format="XML">Sicherungsmaßnahmen gegen Missbrauch</titel></metadaten><textdaten><text format="XML"><Content><P>Die Bundesnotarkammer hat geeignete technische und organisatorische Maßnahmen nach dem Stand der Technik zur Verhinderung der missbräuchlichen Einräumung, Überleitung, Entziehung oder Ausübung von technischen Zugangsberechtigungen sowie von Zugriffsmöglichkeiten auf Vorgänge zu treffen.</P></Content></text></textdaten></norm>
<norm builddate="20220801213005" doknr="BJNR119100022BJNE000800000"><metadaten><jurabk>NotViKoV</jurabk><enbez>§ 7</enbez><titel format="XML">Sichere informationstechnische Netze</titel></metadaten><textdaten><text format="XML"><Content><P>Das Videokommunikationssystem ist für Amtspersonen und die bei diesen beschäftigten Personen nur über solche informationstechnischen Netze zugänglich, die durch eine staatliche Stelle oder im Auftrag einer staatlichen Stelle oder einer juristischen Person des öffentlichen Rechts betrieben werden und die mit dem Videokommunikationssystem gesichert verbunden sind.</P></Content></text></textdaten></norm>
<norm builddate="20220801213005" doknr="BJNR119100022BJNE000900000"><metadaten><jurabk>NotViKoV</jurabk><enbez>§ 8</enbez><titel format="XML">Funktionen des Videokommunikationssystems</titel></metadaten><textdaten><text format="XML"><Content><P>(1) Das Videokommunikationssystem hat folgende Funktionen zu ermöglichen: <DL Type="arabic"><DT>1.</DT><DD Font="normal"><LA>die technische Abwicklung der Videokommunikation (§ 9),</LA></DD><DT>2.</DT><DD Font="normal"><LA>die technische Abwicklung der Identitätsfeststellung (§ 10),</LA></DD><DT>3.</DT><DD Font="normal"><LA>die Übermittlung von elektronischen Dokumenten zur Durchsicht (§ 11) und</LA></DD><DT>4.</DT><DD Font="normal"><LA>das Erstellen von qualifizierten elektronischen Signaturen (§ 12).</LA></DD></DL></P><P>(2) Die Bundesnotarkammer kann über die Funktionen des Videokommunikationssystems nach Absatz 1 hinaus weitere Funktionen anbieten, die der Anbahnung, der Vorbereitung, der Durchführung oder dem Vollzug einer Urkundstätigkeit dienen, insbesondere <DL Type="arabic"><DT>1.</DT><DD Font="normal"><LA>eine Funktion zur Suche nach solchen Notaren und Notariatsverwaltern, in deren Amtsbereich sich einer der in § 10a Absatz 3 Satz 1 der Bundesnotarordnung genannten Orte befindet,</LA></DD><DT>2.</DT><DD Font="normal"><LA>eine Funktion für den Austausch elektronischer Dokumente,</LA></DD><DT>3.</DT><DD Font="normal"><LA>eine Funktion für das Senden und Empfangen elektronischer Nachrichten sowie</LA></DD><DT>4.</DT><DD Font="normal"><LA>eine Funktion für das gemeinsame Betrachten von in einem Videokommunikationsvorgang angezeigten elektronischen Dokumenten.</LA></DD></DL></P><P>(3) Die Gestaltung des Videokommunikationssystems einschließlich des Zugangs zu diesem soll die Anforderungen der Barrierefreiheit im Sinne der Barrierefreie-Informationstechnik-Verordnung berücksichtigen.</P></Content></text></textdaten></norm>
<norm builddate="20220801213005" doknr="BJNR119100022BJNE001000000"><metadaten><jurabk>NotViKoV</jurabk><enbez>§ 9</enbez><titel format="XML">Technische Abwicklung der Videokommunikation</titel></metadaten><textdaten><text format="XML"><Content><P>(1) Das Videokommunikationssystem hat die technische Abwicklung der Videokommunikation im Wege der Bild- und Tonübertragung zu ermöglichen. Die Übertragung wird nicht aufgezeichnet.</P><P>(2) Das Videokommunikationssystem hat der Amtsperson die technische Leitung des Videokommunikationsvorgangs zu ermöglichen. Dazu gehört insbesondere die Möglichkeit, Nutzer von dem Videokommunikationsvorgang auszuschließen und den Videokommunikationsvorgang insgesamt zu beenden.</P></Content></text></textdaten></norm>
<norm builddate="20220801213005" doknr="BJNR119100022BJNE001100000"><metadaten><jurabk>NotViKoV</jurabk><enbez>§ 10</enbez><titel format="XML">Technische Abwicklung der Identitätsfeststellung</titel></metadaten><textdaten><text format="XML"><Content><P>(1) Das Videokommunikationssystem hat die technische Abwicklung der Identitätsfeststellung der Beteiligten und hinzugezogener Personen durch die Amtsperson nach Maßgabe der folgenden Absätze zu ermöglichen.</P><P>(2) Das Videokommunikationssystem hat die Durchführung einer elektronischen Identifizierung anhand der in § 16c Satz 1 des Beurkundungsgesetzes genannten elektronischen Identitätsnachweise und Identifizierungsmittel zu ermöglichen. Zu diesem Zweck sind folgende Daten auszulesen und zum Zweck der Identitätsfeststellung sowie zu deren Dokumentation an die Amtsperson zu übermitteln: <DL Type="arabic"><DT>1.</DT><DD Font="normal"><LA>bei Verwendung eines elektronischen Identitätsnachweises nach § 16c Satz 1 Nummer 1 des Beurkundungsgesetzes die in § 3 Absatz 3 Satz 3 Nummer 1 bis 8 genannten Daten und</LA></DD><DT>2.</DT><DD Font="normal"><LA>bei Verwendung eines elektronischen Identifizierungsmittels nach § 16c Satz 1 Nummer 2 des Beurkundungsgesetzes die in § 3 Absatz 3 Satz 3 Nummer 1 bis 8 genannten Daten, soweit sie in dem Datensatz des elektronischen Identifizierungsmittels enthalten sind.</LA></DD></DL></P><P>(3) Das Videokommunikationssystem hat einen Lichtbildabgleich durch die Amtsperson zu ermöglichen. Hierzu ist mit Zustimmung des Inhabers das elektronische Speicher- und Verarbeitungsmedium eines in <NB>§ 16c</NB> Satz 2 des Beurkundungsgesetzes genannten amtlichen Ausweises, Passes oder elektronischen Aufenthaltstitels nach dem Stand der Technik auszulesen. Die Echtheit und Gültigkeit des Ausweises, Passes oder elektronischen Aufenthaltstitels sowie die Manipulationsfreiheit der ausgelesenen Daten sind nach dem Stand der Technik zu prüfen. Von den ausgelesenen Daten sind an die Amtsperson zu übermitteln: <DL Type="arabic"><DT>1.</DT><DD Font="normal"><LA>das Lichtbild,</LA></DD><DT>2.</DT><DD Font="normal"><LA>die Vornamen,</LA></DD><DT>3.</DT><DD Font="normal"><LA>der Familienname,</LA></DD><DT>4.</DT><DD Font="normal"><LA>der Tag der Geburt,</LA></DD><DT>5.</DT><DD Font="normal"><LA>der ausstellende Staat und</LA></DD><DT>6.</DT><DD Font="normal"><LA>die Dokumentenart.</LA></DD></DL>Ausgelesene Daten, die nicht an die Amtsperson zu übermitteln sind, sind unverzüglich zu löschen.</P></Content></text></textdaten></norm>
<norm builddate="20220801213005" doknr="BJNR119100022BJNE001200000"><metadaten><jurabk>NotViKoV</jurabk><enbez>§ 11</enbez><titel format="XML">Übermittlung elektronischer Dokumente zur Durchsicht</titel></metadaten><textdaten><text format="XML"><Content><P>(1) Das Videokommunikationssystem hat die Übermittlung elektronischer Dokumente durch die Amtsperson an die Nutzer zur Durchsicht zu ermöglichen.</P><P>(2) Die Übermittlung zur Durchsicht gilt unabhängig vom Ort der technischen Speicherung des elektronischen Dokuments als erfolgt, sobald der Nutzer den vollständigen Inhalt des elektronischen Dokuments durchsehen kann. Diese Anforderung ist insbesondere erfüllt, wenn es dem Nutzer möglich ist, das elektronische Dokument zu speichern.</P></Content></text></textdaten></norm>
<norm builddate="20220801213005" doknr="BJNR119100022BJNE001300000"><metadaten><jurabk>NotViKoV</jurabk><enbez>§ 12</enbez><titel format="XML">Erstellen qualifizierter elektronischer Signaturen</titel></metadaten><textdaten><text format="XML"><Content><P>(1) Das Videokommunikationssystem hat nach Maßgabe der folgenden Absätze durch Einbindung einer qualifizierten Signaturerstellungseinheit folgenden Personen das Erstellen von qualifizierten elektronischen Signaturen und das Versehen elektronischer Dokumente mit diesen zu ermöglichen: <DL Type="arabic"><DT>1.</DT><DD Font="normal"><LA>der Amtsperson,</LA></DD><DT>2.</DT><DD Font="normal"><LA>den Beteiligten und</LA></DD><DT>3.</DT><DD Font="normal"><LA>hinzugezogenen Personen.</LA></DD></DL></P><P>(2) Die von einer Amtsperson mittels des Videokommunikationssystems erstellte qualifizierte elektronische Signatur muss den Vorgaben des § 33 der Bundesnotarordnung entsprechen.</P><P>(3) Die von einem Beteiligten oder einer hinzugezogenen Person mittels des Videokommunikationssystems erstellte qualifizierte elektronische Signatur muss auf einem von der Bundesnotarkammer ausgestellten qualifizierten Zertifikat für elektronische Signaturen beruhen. Dieses qualifizierte Zertifikat muss auf Dauer prüfbar sein und auf der Grundlage eines der in § 16c Satz 1 des Beurkundungsgesetzes genannten elektronischen Identitätsnachweise oder Identifizierungsmittel ausgestellt werden. Die Erstellung der qualifizierten elektronischen Signaturen im Fernsignaturverfahren ist zu gewährleisten. Zur Ausstellung von qualifizierten Zertifikaten und zur Erstellung von qualifizierten elektronischen Signaturen dürfen folgende Daten ausgelesen werden: <DL Type="arabic"><DT>1.</DT><DD Font="normal"><LA>bei Verwendung eines elektronischen Identitätsnachweises nach § 16c Satz 1 Nummer 1 des Beurkundungsgesetzes die Daten nach § 3 Absatz 3 Satz 3;</LA></DD><DT>2.</DT><DD Font="normal"><LA>bei Verwendung eines elektronischen Identifizierungsmittels nach § 16c Satz 1 Nummer 2 des Beurkundungsgesetzes die Daten nach § 3 Absatz 3 Satz 4.</LA></DD></DL></P></Content></text></textdaten></norm>
<norm builddate="20220801213005" doknr="BJNR119100022BJNE001400000"><metadaten><jurabk>NotViKoV</jurabk><enbez>§ 13</enbez><titel format="XML">Rechtsgrundlagen der Datenverarbeitung</titel></metadaten><textdaten><text format="XML"><Content><P>(1) Soweit dies zur Registrierung eines Nutzers unter Nachweis seiner Identität nach § 3 Absatz 3 erforderlich ist, dürfen die nach § 3 Absatz 3 Satz 3 und 4 ausgelesenen Daten verarbeitet werden.</P><P>(2) Soweit dies zur Verwaltung von Nutzerdaten, zur Information von Nutzern oder zur Kommunikation mit Nutzern erforderlich ist, dürfen Nutzerdaten verarbeitet werden.</P><P>(3) Soweit dies zur Durchführung der Suche nach Notaren und Notariatsverwaltern nach § 8 Absatz 2 Nummer 1 erforderlich ist, dürfen folgende Daten verarbeitet werden: <DL Type="arabic"><DT>1.</DT><DD Font="normal"><LA>die in das Notarverzeichnis eingetragenen Daten zu einem Notar oder Notariatsverwalter, die nach § 9 der Notarverzeichnis- und -postfachverordnung einsehbar sind, sowie</LA></DD><DT>2.</DT><DD Font="normal"><LA>Angaben zu den in § 10a Absatz 3 Satz 1 der Bundesnotarordnung genannten Orten.</LA></DD></DL></P><P>(4) Soweit dies zur Durchführung der Identitätsfeststellung durch eine Amtsperson nach § 10 einschließlich der Echtheits- und Gültigkeitsprüfung und der Prüfung der Manipulationsfreiheit erforderlich ist, dürfen folgende Daten verarbeitet werden: <DL Type="arabic"><DT>1.</DT><DD Font="normal"><LA>zur Durchführung einer elektronischen Identifizierung die nach § 10 Absatz 2 Satz 2 ausgelesenen Daten;</LA></DD><DT>2.</DT><DD Font="normal"><LA>zur Durchführung eines Lichtbildabgleichs durch die Amtsperson die nach § 10 Absatz 3 Satz 2 ausgelesenen Daten.</LA></DD></DL></P><P>(5) Soweit dies zur Übermittlung elektronischer Dokumente durch die Amtsperson an Nutzer zur Durchsicht nach § 11 erforderlich ist, dürfen elektronische Dokumente verarbeitet werden.</P><P>(6) Soweit dies zur Ausstellung qualifizierter Zertifikate für elektronische Signaturen für Nutzer und zur Ermöglichung der Erstellung qualifizierter elektronischer Signaturen durch Nutzer erforderlich ist, dürfen die nach § 12 Absatz 3 Satz 4 ausgelesenen Daten verarbeitet werden.</P><P>(7) Soweit dies zur Anbahnung, zur Vorbereitung, zur Durchführung oder zum Vollzug einer Urkundstätigkeit durch eine Amtsperson erforderlich ist, dürfen die in einem Vorgang zusammengefassten Daten verarbeitet werden.</P></Content></text></textdaten></norm>
<norm builddate="20220801213005" doknr="BJNR119100022BJNE001500000"><metadaten><jurabk>NotViKoV</jurabk><enbez>§ 14</enbez><titel format="XML">Speicherung und Löschung von Daten</titel></metadaten><textdaten><text format="XML"><Content><P>(1) In einem Vorgang zusammengefasste Daten dürfen für einen Zeitraum von zwei Jahren gespeichert werden, um sie den zugriffsberechtigten Personen nach Maßgabe des § 5 zu Informationszwecken zugänglich zu machen. Diese Frist beginnt mit dem Ablauf des Kalenderjahres, in dem der Vorgang abgeschlossen worden ist. Ein Vorgang gilt in dem Zeitpunkt als abgeschlossen, in dem zuletzt Änderungen in Bezug auf den Vorgang vorgenommen worden sind. Sobald die Speicherfrist abgelaufen ist oder sämtliche Nutzer, die nach § 5 Absatz 2 Satz 1 Nummer 3 Zugriff auf den Vorgang haben, die Löschung verlangen, ist die Zusammenfassung der Daten in dem Vorgang aufzuheben und sind die Sachverhaltsdaten und die elektronischen Dokumente des betreffenden Vorgangs unverzüglich zu löschen.</P><P>(2) Nutzerdaten dürfen für einen Zeitraum von zwei Jahren gespeichert werden, um sie dem Nutzer zum Zwecke der Nutzung des Videokommunikationssystems zugänglich zu machen. Diese Frist beginnt mit dem Ablauf des Kalenderjahres, in dem dem Nutzer die technische Zugangsberechtigung eingeräumt wurde. Die Frist beginnt erneut mit Ablauf des Kalenderjahres, in dem die Nutzerdaten zuletzt in einem Vorgang zusammengefasst waren. Die Frist kann mit Zustimmung des Nutzers um jeweils zwei Jahre verlängert werden. Sobald die Speicherfrist abgelaufen ist oder der Nutzer die Löschung verlangt, sind die Nutzerdaten unverzüglich zu löschen.</P></Content></text></textdaten></norm>
<norm builddate="20220801213005" doknr="BJNR119100022BJNE001600000"><metadaten><jurabk>NotViKoV</jurabk><enbez>§ 15</enbez><titel format="XML">Datenschutz, Daten- und Informationssicherheit und Vertraulichkeit, Funktions- und Sicherheitskonzept</titel></metadaten><textdaten><text format="XML"><Content><P>(1) Zum Schutz und zur Gewährleistung der Sicherheit und Vertraulichkeit der mittels des Videokommunikationssystems erfolgenden Kommunikation, der damit verbundenen Datenübermittlung sowie der gespeicherten und zu speichernden Daten hat die Bundesnotarkammer insbesondere sicherzustellen, dass <DL Type="arabic"><DT>1.</DT><DD Font="normal"><LA>die Anmeldung zum Videokommunikationssystem durch die Amtsperson und durch die bei dieser beschäftigten Personen mit mindestens zwei voneinander unabhängigen Sicherungsmitteln erfolgt,</LA></DD><DT>2.</DT><DD Font="normal"><LA>die Datenübermittlung mittels des Videokommunikationssystems nach dem Stand der Technik verschlüsselt erfolgt und</LA></DD><DT>3.</DT><DD Font="normal"><LA>die Zuverlässigkeit der mit dem technischen Betrieb des Videokommunikationssystems befassten Personen insbesondere gewährleistet ist, wenn für diese die Möglichkeit zur Kenntnisnahme der mittels des Videokommunikationssystems übermittelten oder in dem System gespeicherten Daten besteht.</LA></DD></DL></P><P>(2) Die Bundesnotarkammer hat ein Funktions- und Sicherheitskonzept zu erstellen und umzusetzen. In diesem sind die einzelnen technischen und organisatorischen Maßnahmen festzulegen, die nach dem Stand der Technik Folgendes gewährleisten: <DL Type="arabic"><DT>1.</DT><DD Font="normal"><LA>den Datenschutz,</LA></DD><DT>2.</DT><DD Font="normal"><LA>die Daten- und Informationssicherheit sowie</LA></DD><DT>3.</DT><DD Font="normal"><LA>die Umsetzung der Vorgaben dieser Verordnung.</LA></DD></DL>In dem Funktions- und Sicherheitskonzept sind zudem die Mindestanforderungen an die zur Nutzung des Videokommunikationssystems erforderliche technische Ausstattung festzulegen. Das Funktions- und Sicherheitskonzept und dessen Umsetzung sind durch die Bundesnotarkammer regelmäßig zu überprüfen.</P><P>(3) Die Bundesnotarkammer hat in dem Funktions- und Sicherheitskonzept geeignete technische und organisatorische Maßnahmen festzulegen, um die Betriebsbereitschaft des Videokommunikationssystems zur Vornahme von Urkundstätigkeiten mittels Videokommunikation zu gewährleisten. Bei der Festlegung der folgenden Merkmale hat die Bundesnotarkammer insbesondere zu berücksichtigen, welche Auswirkungen diese auf die Datenübermittlung und die Funktionsfähigkeit des Videokommunikationssystems sowie auf seine Eignung zur Erfüllung der im Rahmen von Urkundstätigkeiten bestehenden notariellen Amtspflichten haben können: <DL Type="arabic"><DT>1.</DT><DD Font="normal"><LA>Struktur,</LA></DD><DT>2.</DT><DD Font="normal"><LA>technische Architektur,</LA></DD><DT>3.</DT><DD Font="normal"><LA>Datenformate,</LA></DD><DT>4.</DT><DD Font="normal"><LA>maximale Dateigrößen,</LA></DD><DT>5.</DT><DD Font="normal"><LA>maximaler Datenumfang pro Vorgang,</LA></DD><DT>6.</DT><DD Font="normal"><LA>maximale Vorgangszahlen pro Zeiteinheit,</LA></DD><DT>7.</DT><DD Font="normal"><LA>maximale Teilnehmerzahl,</LA></DD><DT>8.</DT><DD Font="normal"><LA>Schnittstellen und</LA></DD><DT>9.</DT><DD Font="normal"><LA>Speichermedien.</LA></DD></DL></P><P>(4) Datenschutzrechtlich verantwortlich ist <DL Type="arabic"><DT>1.</DT><DD Font="normal"><LA>die Bundesnotarkammer <DL Type="alpha"><DT>a)</DT><DD Font="normal"><LA>für die technischen und organisatorischen Maßnahmen der Datensicherheit und</LA></DD><DT>b)</DT><DD Font="normal"><LA>für die mittels des Videokommunikationssystems verarbeiteten Daten, soweit nicht nach Nummer 2 eine Amtsperson verantwortlich ist, sowie</LA></DD></DL></LA></DD><DT>2.</DT><DD Font="normal"><LA>die mit einem Vorgang befasste Amtsperson für die in dem Vorgang zusammengefassten Daten.</LA></DD></DL></P><P>(5) Personen nach Absatz 1 Nummer 3 sind befugt, auf die mittels des Videokommunikationssystems übermittelten oder in dem System gespeicherten Daten zuzugreifen, wenn dies zur Durchführung von Wartungsarbeiten oder zur Beseitigung von Störungen des technischen Systems erforderlich ist.</P></Content></text></textdaten></norm>
<norm builddate="20220801213005" doknr="BJNR119100022BJNE001700000"><metadaten><jurabk>NotViKoV</jurabk><enbez>§ 16</enbez><titel format="XML">Inkrafttreten</titel></metadaten><textdaten><text format="XML"><Content><P>Diese Verordnung tritt am 1. August 2022 in Kraft.</P></Content></text></textdaten></norm>
</dokumente>