<?xml version="1.0" encoding="UTF-8" ?><!DOCTYPE dokumente SYSTEM "http://www.gesetze-im-internet.de/dtd/1.01/gii-norm.dtd">
<dokumente builddate="20120625154140" doknr="BJNR215890956"><norm builddate="20120625154140" doknr="BJNR215890956"><metadaten><jurabk>SaarVtr</jurabk><ausfertigung-datum manuell="ja">1956-10-27</ausfertigung-datum><fundstelle typ="amtlich"><periodikum>BGBl II</periodikum><zitstelle>1956, 1589</zitstelle></fundstelle><langue>Vertrag zwischen der Bundesrepublik Deutschland und der Französischen
Republik zur Regelung der Saarfrage</langue></metadaten><textdaten><text format="decorated"/><fussnoten><Content><P>G v. 22.12.1956 II 1587 <BR/>Inkraft gem. Bek. v. 3.1.1957 II 1 mWv 1.1.1957</P></Content></fussnoten></textdaten></norm>
</dokumente>