<?xml version="1.0" encoding="UTF-8" ?><!DOCTYPE dokumente SYSTEM "http://www.gesetze-im-internet.de/dtd/1.01/gii-norm.dtd">
<dokumente builddate="20240925215011" doknr="BJNR076900995"><norm builddate="20240925215011" doknr="BJNR076900995"><metadaten><jurabk>WasMotRV</jurabk><ausfertigung-datum manuell="ja">1995-05-31</ausfertigung-datum><fundstelle typ="amtlich"><periodikum>BGBl I</periodikum><zitstelle>1995, 769</zitstelle></fundstelle><kurzue>Wassermotorräder-Verordnung</kurzue><langue>Verordnung über das Fahren mit Wassermotorrädern auf den
Binnenschiffahrtsstraßen</langue><standangabe checked="ja"><standtyp>Stand</standtyp><standkommentar>Zuletzt geändert Art. 6 V v. 23.7.2024 I Nr. 253</standkommentar></standangabe></metadaten><textdaten><fussnoten><Content><P><BR/> <pre xml:space="preserve">(+++ Textnachweis ab: 15.6.1995 +++)<BR/> <BR/>(+++ Zur Nichtanwendung d. § 6 Abs. 1 Satz 1 vgl. § 3 Abs. 1 +++)<BR/><BR/></pre></P></Content></fussnoten></textdaten></norm>
<norm builddate="20240925215011" doknr="BJNR076900995BJNE000100000"><metadaten><jurabk>WasMotRV</jurabk><enbez>Eingangsformel</enbez></metadaten><textdaten><text format="XML"><Content><P>Auf Grund <DL Font="normal" Type="arabic"><DT>-</DT><DD Font="normal"><LA Size="normal">des § 3 Abs. 1 Nr. 1 bis 3, Abs. 2 Nr. 2 und Abs. 3 des Binnenschiffahrtsaufgabengesetzes in der Fassung der Bekanntmachung vom 4. August 1986 (BGBl. I S. 1270) und des § 3e Abs. 1 Satz 1 des Binnenschifffahrtsaufgabengesetzes, der durch Artikel 5 Nr. 3 des Gesetzes vom 13. August 1993 (BGBl. I S. 1489) geändert worden ist, verordnet das Bundesministerium für Verkehr,</LA></DD> <DT>-</DT><DD Font="normal"><LA Size="normal">des § 3 Abs. 5 Satz 1 und des § 3e Abs. 1 Satz 2 Nr. 1 des Binnenschiffahrtsaufgabengesetzes in Verbindung mit Artikel 56 des Zuständigkeitsanpassungsgesetzes vom 18. März 1975 (BGBl. I S. 705) und dem Organisationserlaß des Bundeskanzlers vom 5. Juni 1986 (BGBl. I S. 864) verordnet das Bundesministerium für Verkehr gemeinsam mit dem Bundesministerium für Umwelt, Naturschutz und Reaktorsicherheit,</LA></DD> <DT>-</DT><DD Font="normal"><LA Size="normal">des § 3 Abs. 5 Satz 2 des Binnenschiffahrtsaufgabengesetzes verordnet das Bundesministerium für Verkehr im Einvernehmen mit dem Bundesministerium für Arbeit und Sozialordnung:</LA></DD> </DL></P></Content></text></textdaten></norm>
<norm builddate="20240925215011" doknr="BJNR076900995BJNE000203119"><metadaten><jurabk>WasMotRV</jurabk><enbez>§ 1</enbez><titel format="XML">Begriffsbestimmungen</titel></metadaten><textdaten><text format="XML"><Content><P>Im Sinne dieser Verordnung sind <DL Font="normal" Type="arabic"><DT>1.</DT><DD Font="normal"><LA Size="normal">Binnenschiffahrtsstraßen:</LA><LA Size="normal">die Bundeswasserstraßen Rhein, Mosel und Donau sowie diejenigen Bundeswasserstraßen, auf denen die Binnenschiffahrtsstraßen-Ordnung gilt,</LA></DD><DT>2.</DT><DD Font="normal"><LA Size="normal">Verkehrsordnungen: <DL Font="normal" Type="alpha"><DT>a)</DT><DD Font="normal"><LA Size="normal">Binnenschifffahrtsstraßen-Ordnung</LA><LA Size="normal">Binnenschifffahrtsstraßen-Ordnung (Anlage zu § 1 Absatz 1 der Verordnung zur Einführung der Binnenschifffahrtsstraßen-Ordnung vom 16. Dezember 2011 (BGBl. 2012 I S. 2)) in der jeweils geltenden und anzuwendenden Fassung,</LA></DD><DT>b)</DT><DD Font="normal"><LA Size="normal">Rheinschifffahrtspolizeiverordnung</LA><LA Size="normal">Rheinschifffahrtspolizeiverordnung (Anlage zu Artikel 1 Absatz 1 der Verordnung zur Einführung der Rheinschifffahrtspolizeiverordnung vom 19. Dezember 1994 (BGBl. 1994 II S. 3816)), die zuletzt durch Beschluss vom 27. Mai 2011 (BGBl. 2011 II S. 1300) geändert worden ist, in der jeweils geltenden und anzuwenden Fassung,</LA></DD><DT>c)</DT><DD Font="normal"><LA Size="normal">Moselschifffahrtspolizeiverordnung</LA><LA Size="normal">Moselschifffahrtspolizeiverordnung (Anlage zu Artikel 1 Absatz 1 der Verordnung zur Einführung der Moselschifffahrtspolizeiverordnung vom 3. September 1997 (BGBl. 1997 II S. 1670)), die zuletzt durch Beschluss vom 3. Dezember 2010 (BGBl. 2011 II S. 1318) geändert worden ist, in der jeweils geltenden und anzuwendenden Fassung.</LA></DD></DL></LA><LA Size="normal">in ihrer jeweils geltenden Fassung,</LA></DD><DT>3.</DT><DD Font="normal"><LA Size="normal">Wassermotorräder:</LA><LA Size="normal">Kleinfahrzeuge, die als Personal Water Craft wie &quot;Wasserbob&quot;, &quot;Wasserscooter&quot;, &quot;Jetbike&quot; oder &quot;Jetski&quot; bezeichnet werden, und sonstige gleichartige Fahrzeuge,</LA></DD><DT>4.</DT><DD Font="normal"><LA Size="normal">Wanderfahrt:<BR/>eine Fahrt mit einem festen Ausgangspunkt und einem festen Zielpunkt, bei der die einzelnen Wegpunkte des Streckenverlaufs nicht mehr als zweimal passiert werden.</LA></DD></DL></P></Content></text><fussnoten/></textdaten></norm>
<norm builddate="20240925215011" doknr="BJNR076900995BJNE000302124"><metadaten><jurabk>WasMotRV</jurabk><enbez>§ 2</enbez><titel format="XML">Sonstige anwendbare Vorschriften</titel></metadaten><textdaten><text format="XML"><Content><P>Sofern in dieser Verordnung nichts Abweichendes bestimmt ist, gelten für das Fahren mit Wassermotorrädern <DL Font="normal" Type="arabic"><DT>1.</DT><DD Font="normal"><LA Size="normal">die Verkehrsordnungen (§ 1 Nr. 2),</LA></DD><DT>2.</DT><DD Font="normal"><LA Size="normal">die Sportbootführerscheinverordnung vom 3. Mai 2017 (BGBl. I S. 1016) in der jeweils geltenden Fassung,</LA></DD><DT>3.</DT><DD Font="normal"><LA Size="normal">die Verordnung über die Kennzeichnung von auf Binnenschiffahrtsstraßen verkehrenden Kleinfahrzeugen vom 21. Februar 1995 (BGBl. I S. 226), geändert durch § 9 dieser Verordnung,</LA></DD><DT>4.</DT><DD Font="normal"><LA Size="normal">die Wasserskiverordnung vom 17. Januar 1990 (BGBl. I S. 107), zuletzt geändert durch Artikel 10 der Verordnung vom 18. Dezember 2002 (BGBl. I S. 4580),</LA></DD></DL>in ihrer jeweils geltenden Fassung.</P></Content></text><fussnoten/></textdaten></norm>
<norm builddate="20240925215011" doknr="BJNR076900995BJNE000403126"><metadaten><jurabk>WasMotRV</jurabk><enbez>§ 3</enbez><titel format="XML">Wassermotorradfahren</titel></metadaten><textdaten><text format="XML"><Content><P>(1) Auf den Binnenschiffahrtsstraßen (§ 1 Nr. 1) ist das Fahren mit Wassermotorrädern außerhalb der durch das Tafelzeichen E.22 der Anlage 7 der Anlage zu Artikel 1 der Verordnung zur Einführung der Rheinschiffahrtspolizeiverordnung vom 19. Dezember 1994 (BGBl. II S. 3816) freigegebenen Wasserflächen verboten. Satz 1 gilt nicht für <DL Font="normal" Type="arabic"><DT>1.</DT><DD Font="normal"><LA Size="normal">Fahrten zum Erreichen einer freigegebenen Wasserfläche auf kürzestem Weg von der nächstgelegenen Einsetzstelle aus und für Wanderfahrten,</LA></DD><DT>2.</DT><DD Font="normal"><LA Size="normal">den Einsatz als ziehendes Fahrzeug im Sinne des § 3 Abs. 3 Satz 2 der Wasserskiverordnung auf den durch das Tafelzeichen E.17 (§ 1 Abs. 1 Satz 1 Nr. 1 der Wasserskiverordnung) freigegebenen Strecken und Wasserflächen,</LA></DD><DT>3.</DT><DD Font="normal"><LA Size="normal">Einsätze mit Dienstfahrzeugen der als gemeinnützig anerkannten Körperschaften und Diensteinsätze mit Dienstfahrzeugen des öffentlichen Dienstes.</LA></DD></DL>Satz 2 Nummer 1 gilt nur, wenn <DL Font="normal" Type="alpha"><DT>a)</DT><DD Font="normal"><LA Size="normal">ein klar erkennbarer Geradeauskurs eingehalten wird,</LA></DD><DT>b)</DT><DD Font="normal"><LA Size="normal">eine Wanderfahrt mit demselben oder weit überwiegenden Streckenverlauf der vorangegangenen Wanderfahrt mehr als eine Stunde nach Beendigung der vorangegangenen Wanderfahrt durchgeführt wird.</LA></DD></DL>Bei Einsätzen im Sinne des Satzes 2 Nummer 3 ist § 6 Absatz 1 Satz 1 nicht anzuwenden.</P><P>(2) In den Fällen des Absatzes 1 Satz 2 und 3 darf durch die Fahrweise des Wassermotorrads kein anderer gefährdet oder mehr als nach den Umständen unvermeidbar behindert oder belästigt werden.</P></Content></text><fussnoten/></textdaten></norm>
<norm builddate="20240925215011" doknr="BJNR076900995BJNE000503305"><metadaten><jurabk>WasMotRV</jurabk><enbez>§ 4</enbez><titel format="XML">Wassermotorradflächen</titel></metadaten><textdaten><text format="XML"><Content><P>(1) Auf den durch das Tafelzeichen E.22 freigegebenen Wasserflächen darf mit Wassermotorrädern gefahren werden. Dabei dürfen die Fahrzeugführer durch ihre Fahrweise keinen anderen gefährden, die übrige Schiffahrt nicht behindern und andere Fahrzeuge, Ufer- oder Regelungsbauwerke, schwimmende oder feste Anlagen, Schiffahrtszeichen und Ufervegetation nicht beschädigen. Die Fahrzeugführer haben dazu die Geschwindigkeit ihrer Fahrzeuge rechtzeitig im erforderlichen Maße zu verringern und bei der Vorbeifahrt einen ausreichenden Abstand, der 10 Meter nicht unterschreiten darf, einzuhalten.</P><P>(2) Zusätzliche dreieckige Tafeln und rechteckige Schilder zu dem Tafelzeichen nach Absatz 1 zeigen die Längen-, und soweit erforderlich, die Breitenbegrenzung der freigegebenen Wasserflächen an.</P><P>(3) Eine Übersicht über die für das Fahren mit Wassermotorrädern freigegebenen Wasserflächen wird vom Bundesministerium für Verkehr und digitale Infrastruktur im Verkehrsblatt veröffentlicht.</P></Content></text><fussnoten/></textdaten></norm>
<norm builddate="20240925215011" doknr="BJNR076900995BJNE000600000"><metadaten><jurabk>WasMotRV</jurabk><enbez>§ 5</enbez><titel format="parat">Zuwasserlassen, Herausnehmen aus dem Wasser</titel></metadaten><textdaten><text format="XML"><Content><P>Wassermotorräder dürfen nur auf befestigten Zugängen, wie Slipanlagen oder Rampen, oder mittels geeigneter Kranvorrichtungen zu Wasser gelassen oder aus dem Wasser herausgenommen werden.</P></Content></text></textdaten></norm>
<norm builddate="20240925215011" doknr="BJNR076900995BJNE000702305"><metadaten><jurabk>WasMotRV</jurabk><enbez>§ 6</enbez><titel format="XML">Beschränkungen</titel></metadaten><textdaten><text format="XML"><Content><P>(1) Das Führen von Wassermotorrädern ist auf den freigegebenen Wasserflächen nur in der Zeit von 7.00 Uhr bis 20.00 Uhr, jedoch nicht vor Sonnenaufgang und nach Sonnenuntergang, und nur bei Wetter mit einer Sicht von mehr als 1.000 Metern erlaubt. Darüber hinaus ist das Führen von Wassermotorrädern nur erlaubt, <DL Font="normal" Type="arabic"><DT>1.</DT><DD Font="normal"><LA Size="normal">wenn durch entsprechende technische Einrichtungen sichergestellt ist, dass sich im Fall des Überbordgehens des Fahrzeugführers der Motor automatisch abschaltet oder automatisch auf kleinste Fahrstufe zurückschaltet und dann das Wassermotorrad eine Kreisbahn einschlägt;</LA></DD><DT>2.</DT><DD Font="normal"><LA Size="normal">wenn Fahrzeugführer und Begleitpersonen Schwimmhilfen tragen, die mindestens den Anforderungen nach DIN EN 393/A1, Ausgabe Juni 1998, oder DIN EN ISO 12402-5, Ausgabe Dezember 2006, entsprechen oder in anderer Weise einen Auftrieb von mindestens 50 Newton gewährleisten.</LA></DD></DL>Die in Satz 2 Nummer 2 genannten DIN-Normen sind beim Deutschen Patent- und Markenamt in München archivmäßig gesichert niedergelegt und durch das Deutsche Institut für Normung, Burggrafenstraße 6, 10787 Berlin, zu beziehen.</P><P>(2) Der Eigentümer eines Wassermotorrades darf weder anordnen noch zulassen, daß das Wassermotorrad unter Verletzung der in Absatz 1 genannten Verpflichtungen geführt wird.</P></Content></text><fussnoten><Content><P>(+++ § 6 Abs. 1 Satz 1: Zur Nichtanwendung vgl. § 3 Abs. 1 +++)</P></Content></fussnoten></textdaten></norm>
<norm builddate="20240925215011" doknr="BJNR076900995BJNE000801305"><metadaten><jurabk>WasMotRV</jurabk><enbez>§ 7</enbez><titel format="XML">Übertragung von Befugnissen</titel></metadaten><textdaten><text format="XML"><Content><P>Die Generaldirektion Wasserstraßen und Schifffahrt wird ermächtigt, durch Rechtsverordnung für einzelne zum Verkehr mit Wassermotorrädern freigegebene Wasserflächen von dieser Verordnung abweichende Regelungen zu treffen, insbesondere <DL Font="normal" Type="arabic"><DT>1.</DT><DD Font="normal"><LA Size="normal">abweichende zeitliche Befahrensverbote für Wassermotorräder festzulegen, soweit dies die örtlichen Verhältnisse gebieten oder zulassen, und</LA></DD><DT>2.</DT><DD Font="normal"><LA Size="normal">abweichende Höchstgeschwindigkeiten für Wassermotorräder zuzulassen, wenn dadurch der Zustand der Wasserstraße, einschließlich der Ufervegetation, und der übrige Schiffsverkehr nicht über Gebühr beeinträchtigt sowie schädliche Umwelteinwirkungen im Sinne des § 3 Abs. 1 des Bundes-Immissionsschutzgesetzes in der Fassung der Bekanntmachung vom 14. Mai 1990 (BGBl. I S. 880), zuletzt geändert durch Artikel 2 Abs. 5 des Gesetzes vom 23. November 1994 (BGBl. I S. 3486), nicht hervorgerufen werden.</LA></DD></DL></P></Content></text><fussnoten/></textdaten></norm>
<norm builddate="20240925215011" doknr="BJNR076900995BJNE000900000"><metadaten><jurabk>WasMotRV</jurabk><enbez>§ 8</enbez><titel format="parat">Ordnungswidrigkeiten</titel></metadaten><textdaten><text format="XML"><Content><P>Ordnungswidrig im Sinne des § 7 Abs. 1 des Binnenschiffahrtsaufgabengesetzes handelt, wer vorsätzlich oder fahrlässig <DL Font="normal" Type="arabic"><DT>1.</DT><DD Font="normal"><LA Size="normal">als Führer eines Wassermotorrades<DL Font="normal" Type="arabic"><DT>a)</DT><DD Font="normal"><LA Size="normal">entgegen § 3 Abs. 1 Satz 1 außerhalb der freigegebenen Wasserflächen fährt,</LA></DD> <DT>b)</DT><DD Font="normal"><LA Size="normal">entgegen § 3 Abs. 2 andere gefährdet oder mehr als nach den Umständen unvermeidbar behindert oder belästigt,</LA></DD> <DT>c)</DT><DD Font="normal"><LA Size="normal">entgegen § 4 Abs. 1 Satz 2 andere gefährdet oder die übrige Schiffahrt behindert oder andere Fahrzeuge, Ufer- oder Regelungsbauwerke, schwimmende oder feste Anlagen, Schiffahrtszeichen oder Ufervegetation beschädigt oder</LA></DD> <DT>d)</DT><DD Font="normal"><LA Size="normal">entgegen § 5 oder § 6 Abs. 1 ein Wassermotorrad zu Wasser läßt, aus dem Wasser herausnimmt oder führt oder</LA></DD> </DL></LA></DD> <DT>2.</DT><DD Font="normal"><LA Size="normal">als Eigentümer eines Wassermotorrades entgegen § 6 Abs. 2 anordnet oder zuläßt, daß der Fahrzeugführer ein Wassermotorrad führt.</LA></DD> </DL></P></Content></text></textdaten></norm>
<norm builddate="20240925215011" doknr="BJNR076900995BJNE001003308"><metadaten><jurabk>WasMotRV</jurabk><enbez>§ 9</enbez></metadaten><textdaten><text format="XML"><Content><P>(weggefallen)</P></Content></text><fussnoten/></textdaten></norm>
<norm builddate="20240925215011" doknr="BJNR076900995BJNE001100000"><metadaten><jurabk>WasMotRV</jurabk><enbez>§ 10</enbez><titel format="parat">Inkrafttreten</titel></metadaten><textdaten><text format="XML"><Content><P>Diese Verordnung tritt am 15. Juni 1995 in Kraft.</P></Content></text></textdaten></norm>
</dokumente>