<?xml version="1.0" encoding="UTF-8" ?><!DOCTYPE dokumente SYSTEM "http://www.gesetze-im-internet.de/dtd/1.01/gii-norm.dtd">
<dokumente builddate="20131008093947" doknr="BJNR908400967"><norm builddate="20131008093947" doknr="BJNR908400967"><metadaten><jurabk>WZG§35CHNBek</jurabk><ausfertigung-datum manuell="ja">1967-07-21</ausfertigung-datum><fundstelle typ="amtlich"><periodikum>BGBl I</periodikum><zitstelle>1967, 840</zitstelle></fundstelle><langue>Bekanntmachung zu § 35 des Warenzeichengesetzes</langue></metadaten><textdaten><text format="XML"><Content><P/></Content></text><fussnoten><Content><P>(+++ Textnachweis ab:  5. 8.1967 +++)</P></Content></fussnoten></textdaten></norm>
<norm builddate="20131008093947" doknr="BJNR908400967BJNE000100304"><metadaten><jurabk>WZG§35CHNBek</jurabk><enbez>(XXXX)</enbez></metadaten><textdaten><text format="XML"><Content><P>Auf Grund des § 35 Abs. 1 und Abs. 3 Satz 2 des Warenzeichengesetzes in der Fassung vom 9. Mai 1961 (Bundesgesetzbl. I S. 549, 574), geändert durch Gesetz vom 21. Juli 1965 (Bundesgesetzbl. I S. 625), wird gemäß einer Erklärung des Ministeriums für wirtschaftliche Angelegenheiten der Republik China bekanntgemacht: <BR/>Deutsche Warenbezeichnungen werden in der Republik China in demselben Umfang wie inländische zum gesetzlichen Schutz zugelassen.<BR/>Deutsche Staatsangehörige, die ein Warenzeichen in der Republik China anmelden, brauchen nicht den Nachweis zu erbringen, daß sie für das Zeichen in dem Staat, in dem sich ihre Niederlassung befindet, den Markenschutz nachgesucht und erhalten haben.</P></Content></text></textdaten></norm>
<norm builddate="20131008093947" doknr="BJNR908400967BJNE000200304"><metadaten><jurabk>WZG§35CHNBek</jurabk><enbez>Schlussformel</enbez></metadaten><textdaten><text format="XML"><Content><P>Der Bundesminister der Justiz</P></Content></text></textdaten></norm>
</dokumente>