<?xml version="1.0" encoding="UTF-8" ?><!DOCTYPE dokumente SYSTEM "http://www.gesetze-im-internet.de/dtd/1.01/gii-norm.dtd">
<dokumente builddate="20250505223002" doknr="BJNR0790A0025"><norm builddate="20250505223002" doknr="BJNR0790A0025"><metadaten><jurabk>Münz20EuroBek 2025-04-22</jurabk><ausfertigung-datum manuell="ja">2025-04-22</ausfertigung-datum><fundstelle typ="amtlich"><periodikum>BGBl. I</periodikum><zitstelle>2025, Nr. 121</zitstelle></fundstelle><langue>Bekanntmachung über die Ausprägung von deutschen Euro-Gedenkmünzen im Nennwert von 20 Euro (Gedenkmünze „75. Berlinale“)</langue></metadaten><textdaten><fussnoten><Content><P><BR/> <pre xml:space="preserve">(+++ Textnachweis ab: 29.4.2025 +++)<BR/><BR/></pre></P></Content></fussnoten></textdaten></norm>
<norm builddate="20250505223002" doknr="BJNR0790A0025BJNE000100000"><metadaten><jurabk>Münz20EuroBek 2025-04-22</jurabk><enbez>(XXXX)</enbez></metadaten><textdaten><text format="XML"><Content><P>Gemäß den §§ 2, 4 und 5 des Münzgesetzes vom 16. Dezember 1999 (BGBl. I S. 2402) hat die Bundesregierung beschlossen, zum Thema „75. Berlinale“ eine deutsche Euro-Gedenkmünze im Nennwert von 20 Euro prägen zu lassen. Die Münze würdigt die Internationalen Filmfestspiele Berlin, kurz Berlinale, eines der größten Publikumsfilmfestivals der Welt, das im Jahr 2025 zum 75. Mal stattfindet.</P><P>Die Prägung erfolgt durch die Staatliche Münze Berlin (Prägezeichen A).</P><P>Der Entwurf stammt von der Künstlerin Anna Steinmann aus Berlin.</P><P>Die Bildseite bietet einen Blick aus der Perspektive des Publikums in Richtung Leinwand. In einem vollbesetzten Kinosaal ist der Spot auf das rot kolorierte Berlinale Logo gerichtet. Der Bär und die Zahl 75 erstrahlen im Zentrum des Scheinwerferlichts. Der Schriftzug „Berlinale“ durchbricht den Lichtkegel. Der linear gearbeitete Entwurf besticht durch Tiefenwirkung und Eleganz.</P><P>Die Wertseite zeigt einen Adler, den Schriftzug „BUNDESREPUBLIK DEUTSCHLAND“, Wertziffer und Wertbezeichnung, das Prägezeichen „A“ der Staatlichen Münze Berlin, die Jahreszahl 2025 sowie die zwölf Europasterne. Zusätzlich ist die Angabe „SILBER 925“ aufgeprägt.</P><P>Der glatte Münzrand enthält in vertiefter Prägung die Inschrift:</P><P>„FESTIVAL IN BEWEGUNG <F>•</F> FESTIVAL IN BEWEGUNG <F>•</F>“</P><P>Die Münze besteht aus einer Legierung von 925 Tausendteilen Silber und 75 Tausendteilen Kupfer, hat einen Durchmesser von 32,5 Millimetern und eine Masse von 18 Gramm. Das Gepräge auf beiden Seiten ist erhaben und wird von einem schützenden, glatten Randstab umgeben.</P></Content></text></textdaten></norm>
<norm builddate="20250505223002" doknr="BJNR0790A0025BJNE000200000"><metadaten><jurabk>Münz20EuroBek 2025-04-22</jurabk><enbez>Schlussformel</enbez></metadaten><textdaten><text format="XML"><Content><P><SP>Der Bundesminister der Finanzen</SP></P></Content></text></textdaten></norm>
<norm builddate="20250505223002" doknr="BJNR0790A0025BJNE000300000"><metadaten><jurabk>Münz20EuroBek 2025-04-22</jurabk><enbez>Anlage</enbez></metadaten><textdaten><text format="XML"><Content><P><noindex><kommentar typ="Fundstelle">(Fundstelle: BGBl. 2025 I Nr. 121, S. 2)</kommentar></noindex></P><P><table frame="none" pgwide="1" tocentry="%yes;"><tgroup align="left" char="" charoff="50" cols="2"><colspec colname="col1"/><colspec colname="col2"/><tbody valign="top"><row><entry VJ="1" align="center" colname="col1" colsep="0" rowsep="0"><IMG Align="center" Height="861" Pos="inline" SRC="bgbl1_2025_j01210_0010.jpg" Type="jpg" Units="" Width="886" alt="Die Bildseite bietet einen Blick aus der Perspektive des Publikums in Richtung Leinwand. In einem vollbesetzten Kinosaal ist der Spot auf das rot kolorierte Berlinale Logo gerichtet. Der Bär und die Zahl 75 erstrahlen im Zentrum des Scheinwerferlichts. Der Schriftzug „Berlinale“ durchbricht den Lichtkegel. Der linear gearbeitete Entwurf besticht durch Tiefenwirkung und Eleganz."/></entry><entry VJ="1" align="center" colname="col2" rowsep="0"><IMG Align="center" Height="861" Pos="inline" SRC="bgbl1_2025_j01210_0020.jpg" Type="jpg" Units="" Width="886" alt="Der zentral platzierte Adler ergänzt auf würdige Weise das Motiv. Neben dem Adler sind der Schriftzug „BUNDESREPUBLIK DEUTSCHLAND“, die Wertziffer und Wertbezeichnung, das Prägezeichen „A“ der Staatlichen Münze Berlin, die Jahreszahl 2025 sowie die zwölf Europasterne zu sehen. Zusätzlich ist die Angabe „SILBER 925“ aufgeprägt."/></entry></row></tbody></tgroup></table></P></Content></text></textdaten></norm>
</dokumente>