<?xml version="1.0" encoding="UTF-8" ?><!DOCTYPE dokumente SYSTEM "http://www.gesetze-im-internet.de/dtd/1.01/gii-norm.dtd">
<dokumente builddate="20160623215505" doknr="BJNR018000979"><norm builddate="20160623215505" doknr="BJNR018000979"><metadaten><jurabk>WZG§4EuRatBek</jurabk><ausfertigung-datum manuell="ja">1979-10-29</ausfertigung-datum><fundstelle typ="amtlich"><periodikum>BGBl I</periodikum><zitstelle>1979, 1800</zitstelle></fundstelle><langue>Bekanntmachung zu § 4 des Warenzeichengesetzes</langue></metadaten><textdaten><text format="XML"><Content><P/></Content></text><fussnoten><Content><P>(+++ Textnachweis ab:  9.11.1979 +++)</P></Content></fussnoten></textdaten></norm>
<norm builddate="20160623215505" doknr="BJNR018000979BJNE000100303"><metadaten><jurabk>WZG§4EuRatBek</jurabk><enbez>(XXXX)</enbez></metadaten><textdaten><text format="XML"><Content><P>(1) Auf Grund des § 4 Abs. 2 Nr. 3a des Warenzeichengesetzes in der Fassung der Bekanntmachung vom 2. Januar 1968 (BGBl. I S. 1, 29) wird bekanntgemacht, daß die Bezeichnung und das Kennzeichen des Europarates (Anlage) von der Eintragung als Warenzeichen ausgeschlossen sind.</P><P>(2) Diese Bekanntmachung ergeht im Anschluß an die Bekanntmachung vom 26. März 1979 (BGBl. I S. 422).</P></Content></text></textdaten></norm>
<norm builddate="20160623215505" doknr="BJNR018000979BJNE000900303"><metadaten><jurabk>WZG§4EuRatBek</jurabk><enbez>Schlussformel</enbez></metadaten><textdaten><text format="XML"><Content><P>Der Bundesminister der Justiz</P></Content></text></textdaten></norm>
<norm builddate="20160623215505" doknr="BJNR018000979BJNE000200303"><metadaten><jurabk>WZG§4EuRatBek</jurabk><enbez>Anlage</enbez></metadaten><textdaten><text format="XML"><Content><P><noindex><kommentar typ="Fundstelle">Fundstelle: BGBl. I 1979, 1801)</kommentar></noindex><IMG Align="center" Pos="block" SRC="bgbl1_1979_j1801_0010.jpg"/></P></Content></text></textdaten></norm>
</dokumente>