<?xml version="1.0" encoding="UTF-8" ?><!DOCTYPE dokumente SYSTEM "http://www.gesetze-im-internet.de/dtd/1.01/gii-norm.dtd">
<dokumente builddate="20251231215559" doknr="BJNR092500021"><norm builddate="20251231215559" doknr="BJNR092500021"><metadaten><jurabk>VBVG 2023</jurabk><amtabk>VBVG</amtabk><ausfertigung-datum manuell="ja">2021-05-04</ausfertigung-datum><fundstelle typ="amtlich"><periodikum>BGBl I</periodikum><zitstelle>2021, 882, 925</zitstelle></fundstelle><kurzue>Vormünder- und Betreuervergütungsgesetz</kurzue><langue>Gesetz über die Vergütung von Vormündern und Betreuern</langue><standangabe checked="ja"><standtyp>Sonst</standtyp><standkommentar>Ersetzt G 400-16 v. 21.4.2005 I 1073, 1076 (VBVG)</standkommentar></standangabe><standangabe checked="ja"><standtyp>Stand</standtyp><standkommentar>Zuletzt geändert durch Art. 1 G v. 7.4.2025 I Nr. 109</standkommentar></standangabe></metadaten><textdaten><fussnoten><Content><P><BR/> <pre xml:space="preserve">(+++ Textnachweis ab: 1.1.2023 +++)<BR/>(+++ Zur Anwendung vgl. § 5 Abs. 1 Satz 3 +++)<BR/><BR/></pre>Das G wurde als Artikel 10 des G v. 4.5.2021 I 882 vom Bundestag mit Zustimmung  des Bundesrates beschlossen. Es tritt gem. Art. 16 Abs. 1 dieses G idF d. Art 15 Nr. 2 Buchst. a G v. 24.6.2022 I 959 am 1.1.2023 in Kraft. Gem. Art. 16 Abs. 2 Nr. 3 dieses G idF d. Art 15 Nr. 2 Buchst. b G v. 24.6.2022 I 959 tritt § 8 Abs. 4 am 1.7.2022  in Kraft.</P></Content></fussnoten></textdaten></norm>
<norm builddate="20251231215559" doknr="BJNR092500021BJNG000100000"><metadaten><jurabk>VBVG 2023</jurabk><jurabk>VBVG</jurabk><gliederungseinheit><gliederungskennzahl>010</gliederungskennzahl><gliederungsbez>Abschnitt 1</gliederungsbez><gliederungstitel>Vergütung und Aufwendungsersatz des Vormunds</gliederungstitel></gliederungseinheit></metadaten><textdaten/></norm>
<norm builddate="20251231215559" doknr="BJNR092500021BJNE000100000"><metadaten><jurabk>VBVG 2023</jurabk><jurabk>VBVG</jurabk><enbez>§ 1</enbez><titel format="XML">Berufsmäßigkeit; Vergütung und Aufwendungsersatz</titel></metadaten><textdaten><text format="XML"><Content><P>(1) Das Familiengericht stellt die Berufsmäßigkeit im Sinne von § 1808 Absatz 3 des Bürgerlichen Gesetzbuchs fest, wenn dem Vormund in einem solchen Umfang Vormundschaften übertragen sind, dass er sie nur im Rahmen seiner Berufsausübung führen kann, oder wenn zu erwarten ist, dass ihm in absehbarer Zeit in einem solchen Umfang Vormundschaften übertragen sein werden. Berufsmäßigkeit liegt im Regelfall vor, wenn der Vormund mehr als zehn Vormundschaften führt oder für die Führung der Vormundschaft voraussichtlich mindestens 20 Wochenstunden erforderlich sind.</P><P>(2) Unabhängig von den Voraussetzungen nach Absatz 1 liegt Berufsmäßigkeit vor, wenn ein Vereinsvormund oder das Jugendamt als Vormund oder ein Vormundschaftsverein oder das Jugendamt als vorläufiger Vormund bestellt wird.</P><P>(3) Stellt das Familiengericht die Berufsmäßigkeit nach Absatz 1 Satz 1 fest oder liegt Berufsmäßigkeit gemäß Absatz 2 vor, kann der Vormund vom Mündel Vergütung und Aufwendungsersatz nach Maßgabe der nachstehenden Bestimmungen verlangen. Das Gericht hat die Zahlung zu bewilligen.</P></Content></text></textdaten></norm>
<norm builddate="20251231215559" doknr="BJNR092500021BJNE000200000"><metadaten><jurabk>VBVG 2023</jurabk><jurabk>VBVG</jurabk><enbez>§ 2</enbez><titel format="XML">Zahlung aus der Staatskasse und Rückgriff, Erlöschen und Geltendmachung der Ansprüche</titel></metadaten><textdaten><text format="XML"><Content><P>(1) Ist der Mündel mittellos im Sinne von § 1880 des Bürgerlichen Gesetzbuchs, so kann der Vormund Vergütung sowie Vorschuss oder Ersatz der Aufwendungen aus der Staatskasse verlangen.</P><P>(2) Die Ansprüche auf Vergütung und Aufwendungsersatz erlöschen, wenn sie nicht binnen 15 Monaten nach ihrer Entstehung gerichtlich geltend gemacht werden. § 1877 Absatz 4 Satz 2 und 3 sowie Absatz 5 des Bürgerlichen Gesetzbuchs gilt entsprechend.</P></Content></text></textdaten></norm>
<norm builddate="20251231215559" doknr="BJNR092500021BJNE000301360"><metadaten><jurabk>VBVG 2023</jurabk><jurabk>VBVG</jurabk><enbez>§ 3</enbez><titel format="XML">Stundensatz des Vormunds</titel></metadaten><textdaten><text format="XML"><Content><P>(1) Die dem Vormund nach § 1 Absatz 3 zu bewilligende Vergütung beträgt für jede Stunde der für die Führung der Vormundschaft aufgewandten und erforderlichen Zeit 26 Euro. Verfügt der Vormund über besondere Kenntnisse, die für die Führung der Vormundschaft nutzbar sind, so erhöht sich der Stundensatz<DL Font="normal" Type="arabic"><DT>1.</DT><DD Font="normal"><LA Size="normal">auf 33 Euro, wenn diese Kenntnisse durch eine abgeschlossene Lehre oder eine vergleichbare abgeschlossene Ausbildung erworben sind;</LA></DD><DT>2.</DT><DD Font="normal"><LA Size="normal">auf 44 Euro, wenn diese Kenntnisse durch eine abgeschlossene Ausbildung an einer Hochschule oder durch eine vergleichbare abgeschlossene Ausbildung erworben sind.</LA></DD></DL>Eine auf die Vergütung anfallende Umsatzsteuer wird, soweit sie nicht nach § 19 Absatz 1 des Umsatzsteuergesetzes unerhoben bleibt, zusätzlich ersetzt.</P><P>(2) Bestellt das Familiengericht einen Vormund, der über besondere Kenntnisse verfügt, die für die Führung der Vormundschaft allgemein nutzbar und durch eine Ausbildung im Sinne des Absatzes 1 Satz 2 erworben sind, so wird vermutet, dass diese Kenntnisse auch für die Führung der dem Vormund übertragenen Vormundschaft nutzbar sind. Dies gilt nicht, wenn das Familiengericht aus besonderen Gründen bei der Bestellung des Vormunds etwas anderes bestimmt.</P><P>(3) Soweit die besondere Schwierigkeit der vormundschaftlichen Angelegenheiten dies ausnahmsweise rechtfertigt, kann das Familiengericht einen höheren als den in Absatz 1 vorgesehenen Stundensatz der Vergütung bewilligen. Dies gilt nicht, wenn der Mündel mittellos ist.</P><P>(4) Der Vormund kann Abschlagszahlungen verlangen.</P></Content></text><fussnoten/></textdaten></norm>
<norm builddate="20251231215559" doknr="BJNR092500021BJNE000400000"><metadaten><jurabk>VBVG 2023</jurabk><jurabk>VBVG</jurabk><enbez>§ 4</enbez><titel format="XML">Aufwendungsersatz des Vormunds</titel></metadaten><textdaten><text format="XML"><Content><P>(1) Für seine anlässlich der Führung der Vormundschaft erforderlichen Aufwendungen kann der Berufsvormund Vorschuss oder Ersatz in entsprechender Anwendung des § 1877 Absatz 1 des Bürgerlichen Gesetzbuchs verlangen.</P><P>(2) Für solche Dienste, die zu seinem Gewerbe oder seinem Beruf gehören, kann der Berufsvormund anstelle der Vergütung nach § 1 Absatz 3 als Aufwendung Ersatz in entsprechender Anwendung des § 1877 Absatz 3 des Bürgerlichen Gesetzbuchs verlangen.</P></Content></text><fussnoten><Content><P>(+++ § 4 Abs. 2: Zur Nichtanwendung vgl. § 5 Abs. 1 Satz 3 +++)</P></Content></fussnoten></textdaten></norm>
<norm builddate="20251231215559" doknr="BJNR092500021BJNE000500000"><metadaten><jurabk>VBVG 2023</jurabk><jurabk>VBVG</jurabk><enbez>§ 5</enbez><titel format="XML">Vergütung und Aufwendungsersatz für Vormundschaftsvereine</titel></metadaten><textdaten><text format="XML"><Content><P>(1) Ist ein Vereinsvormund bestellt oder führt der Verein eine Beistandschaft, so ist dem Verein eine Vergütung in entsprechender Anwendung von § 3 zu bewilligen. Ist der Verein als vorläufiger Vormund bestellt, ist ihm eine Vergütung nach § 3 Absatz 1 Nummer 2 zu bewilligen. Zusätzlich zu der Vergütung nach Satz 1 oder Satz 2 kann der Verein Vorschuss oder Ersatz der Aufwendungen in entsprechender Anwendung von § 1877 Absatz 1 des Bürgerlichen Gesetzbuchs verlangen; § 4 Absatz 2 ist nicht anwendbar. Allgemeine Verwaltungskosten werden nicht ersetzt.</P><P>(2) Der Vereinsvormund selbst kann keine Vergütung und keinen Aufwendungsersatz geltend machen.</P></Content></text></textdaten></norm>
<norm builddate="20251231215559" doknr="BJNR092500021BJNE000600000"><metadaten><jurabk>VBVG 2023</jurabk><jurabk>VBVG</jurabk><enbez>§ 6</enbez><titel format="XML">Vergütung und Aufwendungsersatz für das Jugendamt</titel></metadaten><textdaten><text format="XML"><Content><P>(1) Dem Jugendamt als Vormund steht keine Vergütung zu.</P><P>(2) Für seine Aufwendungen kann das Jugendamt keinen Vorschuss verlangen. Es kann in entsprechender Anwendung von § 1877 Absatz 1 des Bürgerlichen Gesetzbuchs Ersatz nur insoweit verlangen, als der Mündel nicht mittellos im Sinne von § 1880 des Bürgerlichen Gesetzbuchs ist. Allgemeine Verwaltungskosten werden nicht ersetzt.</P></Content></text></textdaten></norm>
<norm builddate="20251231215559" doknr="BJNR092500021BJNG000200000"><metadaten><jurabk>VBVG 2023</jurabk><jurabk>VBVG</jurabk><gliederungseinheit><gliederungskennzahl>020</gliederungskennzahl><gliederungsbez>Abschnitt 2</gliederungsbez><gliederungstitel>Vergütung und Aufwendungsersatz des Betreuers</gliederungstitel></gliederungseinheit></metadaten><textdaten/></norm>
<norm builddate="20251231215559" doknr="BJNR092500021BJNE000702360"><metadaten><jurabk>VBVG 2023</jurabk><jurabk>VBVG</jurabk><enbez>§ 7</enbez><titel format="XML">Vergütung und Aufwendungsersatz des beruflichen Betreuers</titel></metadaten><textdaten><text format="XML"><Content><P>(1) Ein beruflicher Betreuer nach § 19 Absatz 2 des Betreuungsorganisationsgesetzes, der selbständig rechtliche Betreuungen führt, kann vom Betreuten Vergütung und Aufwendungsersatz nach Maßgabe der §§ 8 bis 11, 14 und 15 verlangen.</P><P>(2) Ist ein beruflicher Betreuer nach § 19 Absatz 2 des Betreuungsorganisationsgesetzes, der als Mitarbeiter eines anerkannten Betreuungsvereins rechtliche Betreuungen führt, als Vereinsbetreuer bestellt, kann der Betreuungsverein vom Betreuten Vergütung und Aufwendungsersatz nach Maßgabe der §§ 8 bis 11, 14 und 15 verlangen. Der Vereinsbetreuer selbst kann keine Vergütung und keinen Aufwendungsersatz geltend machen.</P><P>(3) Die Bewilligung der Zahlung erfolgt durch das Betreuungsgericht nach § 292 des Gesetzes über das Verfahren in Familiensachen und in den Angelegenheiten der freiwilligen Gerichtsbarkeit.</P></Content></text><fussnoten/></textdaten></norm>
<norm builddate="20251231215559" doknr="BJNR092500021BJNE000802360"><metadaten><jurabk>VBVG 2023</jurabk><jurabk>VBVG</jurabk><enbez>§ 8</enbez><titel format="XML">Höhe der Vergütung; Verordnungsermächtigung</titel></metadaten><textdaten><text format="XML"><Content><P>(1) Die dem beruflichen Betreuer nach § 7 zu bewilligende Vergütung bestimmt sich nach monatlichen Fallpauschalen, die in den Vergütungsstufen 1 und 2 der Anlage festgelegt sind.</P><P>(2) Die Vergütung des beruflichen Betreuers richtet sich nach den Fallpauschalen <DL Font="normal" Type="arabic"><DT>1.</DT><DD Font="normal"><LA Size="normal">der Stufe 2, wenn der Betreuer über eine abgeschlossene Ausbildung an einer Hochschule oder eine vergleichbare abgeschlossene Ausbildung verfügt;</LA></DD><DT>2.</DT><DD Font="normal"><LA Size="normal">der Stufe 1 im Übrigen.</LA></DD></DL></P><P>(3) Der Vorstand des am Sitz oder hilfsweise am Wohnsitz des beruflichen Betreuers zuständigen Amtsgerichts stellt auf Antrag des Betreuers nach dessen Registrierung fest, nach welcher Vergütungsstufe sich die von diesem zu beanspruchenden Vergütungen richten. Die Feststellung nach Satz 1 gilt für das gerichtliche Verfahren zur Festsetzung der Vergütung bundesweit. Sie kann auf Antrag des beruflichen Betreuers geändert werden, wenn dieser eine Änderung der Voraussetzungen nach Absatz 2 nachweist. Die Feststellung oder Änderung wirkt auf den Zeitpunkt der Antragstellung zurück.</P><P>(4) Die Landesregierungen werden ermächtigt, zur sachdienlichen Erledigung der Verfahren nach Absatz 3 durch Rechtsverordnung die Zuständigkeit anderer Gerichte abweichend von Absatz 3 Satz 1 festzulegen. Die Landesregierungen können die Ermächtigung nach Satz 1 auf die Landesjustizverwaltungen übertragen.</P></Content></text><fussnoten/></textdaten></norm>
<norm builddate="20251231215559" doknr="BJNR092500021BJNE000903360"><metadaten><jurabk>VBVG 2023</jurabk><jurabk>VBVG</jurabk><enbez>§ 9</enbez><titel format="XML">Fallpauschalen</titel></metadaten><textdaten><text format="XML"><Content><P>(1) Die Höhe der Fallpauschalen nach § 8 Absatz 1 richtet sich nach <DL Font="normal" Type="arabic"><DT>1.</DT><DD Font="normal"><LA Size="normal">der Dauer der Betreuung,</LA></DD><DT>2.</DT><DD Font="normal"><LA Size="normal">dem gewöhnlichen Aufenthaltsort des Betreuten und</LA></DD><DT>3.</DT><DD Font="normal"><LA Size="normal">dem Vermögensstatus des Betreuten.</LA></DD></DL></P><P>(2) Hinsichtlich der Dauer der Betreuung wird bei der Berechnung der Fallpauschalen zwischen den Zeiträumen in den ersten zwölf Monaten der Betreuung und ab dem 13. Monat unterschieden. Für die Berechnung der Monate gelten § 187 Absatz 1 und § 188 Absatz 2 des Bürgerlichen Gesetzbuchs entsprechend.</P><P>(3) Hinsichtlich des gewöhnlichen Aufenthaltsortes des Betreuten ist zwischen stationären Einrichtungen und anderen Wohnformen zu unterscheiden. Stationäre Einrichtungen im Sinne dieses Gesetzes sind Einrichtungen, die dem Zweck dienen, Volljährige aufzunehmen, ihnen Wohnraum zu überlassen sowie mit der Wohnraumüberlassung verpflichtend Pflege- oder sonstige Unterstützungsleistungen mit umfassendem Versorgungscharakter zur Verfügung zu stellen oder vorzuhalten, und die in ihrem Bestand von Wechsel sowie Zahl der Bewohner unabhängig sind und entgeltlich betrieben werden.</P><P>(4) Hinsichtlich der Bestimmung des Vermögensstatus des Betreuten ist entscheidend, ob am Ende des Abrechnungsmonats Mittellosigkeit nach § 1880 des Bürgerlichen Gesetzbuchs vorliegt. Hinsichtlich der Bestimmung des gewöhnlichen Aufenthaltes nach Absatz 3 ist entscheidend, wo der gewöhnliche Aufenthalt am Ende des Abrechnungsmonats liegt. Bei sonstigen Änderungen von Umständen, die sich auf die Vergütung auswirken und die vor Ablauf eines vollen Monats eintreten, ist die Vergütung zeitanteilig nach Tagen zu berechnen; § 187 Absatz 1, § 188 Absatz 1 und § 191 des Bürgerlichen Gesetzbuchs gelten entsprechend.</P></Content></text><fussnoten/></textdaten></norm>
<norm builddate="20251231215559" doknr="BJNR092500021BJNE001101360"><metadaten><jurabk>VBVG 2023</jurabk><jurabk>VBVG</jurabk><enbez>§ 10</enbez><titel format="XML">Aufwendungsersatz</titel></metadaten><textdaten><text format="XML"><Content><P>Die Fallpauschalen nach § 9 gelten auch Ansprüche auf Ersatz anlässlich der Betreuung entstandener Aufwendungen ab. Die gesonderte Geltendmachung von Aufwendungen im Sinne des § 1877 Absatz 3 des Bürgerlichen Gesetzbuchs durch Betreuer nach § 7 Absatz 1 bleibt unberührt.</P></Content></text><fussnoten/></textdaten></norm>
<norm builddate="20251231215559" doknr="BJNR092500021BJNE001201360"><metadaten><jurabk>VBVG 2023</jurabk><jurabk>VBVG</jurabk><enbez>§ 11</enbez><titel format="XML">Sonderfälle der Betreuung</titel></metadaten><textdaten><text format="XML"><Content><P>(1) Dem Sterilisationsbetreuer nach § 1817 Absatz 2 des Bürgerlichen Gesetzbuchs und dem Ergänzungsbetreuer nach § 1817 Absatz 5 des Bürgerlichen Gesetzbuchs ist eine Vergütung nach § 3 zu bewilligen. Vorschuss oder Ersatz der Aufwendungen kann er in entsprechender Anwendung von § 1877 Absatz 1 des Bürgerlichen Gesetzbuchs verlangen; § 4 Absatz 2 gilt entsprechend. Allgemeine Verwaltungskosten werden nicht ersetzt.</P><P>(2) Dem Verhinderungsbetreuer nach § 1817 Absatz 4 des Bürgerlichen Gesetzbuchs ist die Vergütung nach § 8 in Verbindung mit § 9 zu bewilligen und im Fall des § 9 nach Tagen zu teilen; § 187 Absatz 1 und § 188 Absatz 1 des Bürgerlichen Gesetzbuchs gelten entsprechend.</P></Content></text><fussnoten/></textdaten></norm>
<norm builddate="20251231215559" doknr="BJNR092500021BJNE001301360"><metadaten><jurabk>VBVG 2023</jurabk><jurabk>VBVG</jurabk><enbez>§ 12</enbez><titel format="XML">Vergütung und Aufwendungsersatz für Betreuungsvereine</titel></metadaten><textdaten><text format="XML"><Content><P>(1) Ist der Betreuungsverein nach § 1818 Absatz 1 des Bürgerlichen Gesetzbuchs als Betreuer bestellt, ist ihm eine Vergütung nach den §§ 8 und 9 zu bewilligen, wenn der Mitarbeiter, dem die Führung der Betreuung gemäß § 1818 Absatz 2 Satz 1 des Bürgerlichen Gesetzbuchs übertragen worden ist, als beruflicher Betreuer registriert ist. Die Höhe der Vergütung richtet sich nach der aufgrund der Feststellung nach § 8 Absatz 3 für den Mitarbeiter anzuwendenden Vergütungsstufe. Eine Vergütung ist auch dann zu bewilligen, wenn der Mitarbeiter spätestens sechs Monate nach Beginn seiner Tätigkeit für den Betreuungsverein registriert ist.</P><P>(2) In den Fällen des § 1817 Absatz 4 und 5 des Bürgerlichen Gesetzbuchs sind dem Betreuungsverein nach Maßgabe des Absatzes 1 Vergütung und Aufwendungsersatz nach § 11 zu bewilligen. Aufwendungen im Sinne von § 1877 Absatz 3 des Bürgerlichen Gesetzbuchs kann der Verein nicht geltend machen. Allgemeine Verwaltungskosten werden nicht ersetzt.</P></Content></text><fussnoten/></textdaten></norm>
<norm builddate="20251231215559" doknr="BJNR092500021BJNE001401360"><metadaten><jurabk>VBVG 2023</jurabk><jurabk>VBVG</jurabk><enbez>§ 13</enbez><titel format="XML">Vergütung und Aufwendungsersatz für Behördenbetreuer und Betreuungsbehörde</titel></metadaten><textdaten><text format="XML"><Content><P>(1) Ist ein Behördenbetreuer bestellt, so kann der zuständigen Behörde nur unter den in § 1876 Satz 2 des Bürgerlichen Gesetzbuchs bestimmten Voraussetzungen eine Vergütung bewilligt werden. Für ihre Aufwendungen kann die Betreuungsbehörde keinen Vorschuss und in entsprechender Anwendung von § 1877 Absatz 1 des Bürgerlichen Gesetzbuchs Ersatz nur insoweit verlangen, als der Betreute nicht mittellos im Sinne des § 1880 des Bürgerlichen Gesetzbuchs ist. Allgemeine Verwaltungskosten werden nicht ersetzt.</P><P>(2) Der Behördenbetreuer selbst kann keine Vergütung, keinen Vorschuss und keinen Aufwendungsersatz geltend machen.</P><P>(3) Ist die Betreuungsbehörde nach § 1818 Absatz 4 des Bürgerlichen Gesetzbuchs als Betreuer bestellt, steht ihr keine Vergütung zu. Für die Aufwendungen der Betreuungsbehörde gilt Absatz 1 Satz 2 und 3 entsprechend.</P><P>(4) § 1877 Absatz 4 des Bürgerlichen Gesetzbuchs ist auf Ansprüche der Betreuungsbehörde nicht anzuwenden.</P></Content></text><fussnoten/></textdaten></norm>
<norm builddate="20251231215559" doknr="BJNR092500021BJNE001501360"><metadaten><jurabk>VBVG 2023</jurabk><jurabk>VBVG</jurabk><enbez>§ 14</enbez><titel format="XML">Abrechnungszeitraum für die Betreuungsvergütung</titel></metadaten><textdaten><text format="XML"><Content><P>(1) Die Vergütung kann nach Ablauf von jeweils drei Monaten für diesen Zeitraum geltend gemacht werden. Dies gilt nicht für die Geltendmachung von Vergütung und Aufwendungsersatz in den Fällen der §§ 11 und 12 Absatz 2.</P><P>(2) Für die Dauer der Festsetzung nach § 292 Absatz 2 des Gesetzes über das Verfahren in Familiensachen und in den Angelegenheiten der freiwilligen Gerichtsbarkeit gelten die Vergütungsansprüche als geltend gemacht nach § 15 Absatz 3.</P></Content></text><fussnoten/></textdaten></norm>
<norm builddate="20251231215559" doknr="BJNR092500021BJNE001601360"><metadaten><jurabk>VBVG 2023</jurabk><jurabk>VBVG</jurabk><enbez>§ 15</enbez><titel format="XML">Zahlung aus der Staatskasse, Erlöschen und Geltendmachung der Ansprüche</titel></metadaten><textdaten><text format="XML"><Content><P>(1) Ist der Betreute mittellos im Sinne des § 1880 des Bürgerlichen Gesetzbuchs, so kann der Betreuer die Vergütung sowie Vorschuss oder Ersatz der Aufwendungen aus der Staatskasse verlangen.</P><P>(2) Soweit die Staatskasse den Betreuer befriedigt, gehen die Ansprüche des Betreuers nach Maßgabe des § 1881 des Bürgerlichen Gesetzbuchs auf die Staatskasse über.</P><P>(3) Die Ansprüche auf Vergütung und Aufwendungsersatz erlöschen, wenn sie nicht binnen 15 Monaten nach ihrer Entstehung gerichtlich geltend gemacht werden. § 1877 Absatz 4 Satz 2 und 3 sowie Absatz 5 des Bürgerlichen Gesetzbuchs gilt entsprechend.</P></Content></text><fussnoten/></textdaten></norm>
<norm builddate="20251231215559" doknr="BJNR092500021BJNG000500360"><metadaten><jurabk>VBVG 2023</jurabk><jurabk>VBVG</jurabk><gliederungseinheit><gliederungskennzahl>030</gliederungskennzahl><gliederungsbez>Abschnitt 3</gliederungsbez><gliederungstitel>Sondervorschriften</gliederungstitel></gliederungseinheit></metadaten><textdaten><fussnoten/></textdaten></norm>
<norm builddate="20251231215559" doknr="BJNR092500021BJNE002100360"><metadaten><jurabk>VBVG 2023</jurabk><jurabk>VBVG</jurabk><enbez>§ 16</enbez><titel format="XML">Sondervergütung für Verfahrens- und Umgangspfleger für Tätigkeiten außerhalb der Geschäftszeiten</titel></metadaten><textdaten><text format="XML"><Content><P>Stellt das Gericht fest, dass eine Angelegenheit des Verfahrens- oder Umgangspflegers werktäglich zwischen 18 und 6 Uhr, an Samstagen oder an Sonn- oder Feiertagen wahrzunehmen ist, so erhöht sich der nach § 3 Absatz 1 oder Absatz 3 zu bewilligende Stundensatz der Vergütung um 25 Prozent.</P></Content></text><fussnoten/></textdaten></norm>
<norm builddate="20251231215559" doknr="BJNR092500021BJNE002200360"><metadaten><jurabk>VBVG 2023</jurabk><jurabk>VBVG</jurabk><enbez>§ 17</enbez><titel format="XML">Ausfallentschädigung des Umgangspflegers</titel></metadaten><textdaten><text format="XML"><Content><P>Der Umgangspfleger erhält bei Ausfall eines Umgangstermins eine Ausfallentschädigung, wenn <DL Font="normal" Type="arabic"><DT>1.</DT><DD Font="normal"><LA Size="normal">der Ausfall nicht durch einen in seiner Person liegenden Grund veranlasst war,</LA></DD><DT>2.</DT><DD Font="normal"><LA Size="normal">ihm der Ausfall nicht spätestens 24 Stunden vor dem Umgangstermin mitgeteilt worden ist und</LA></DD><DT>3.</DT><DD Font="normal"><LA Size="normal">er versichert, in welcher Höhe er durch den Terminausfall einen Einkommensverlust erlitten hat.</LA></DD></DL>Die Ausfallentschädigung beträgt 50 Prozent des durch den Terminausfall erlittenen Einkommensverlustes.</P></Content></text><fussnoten/></textdaten></norm>
<norm builddate="20251231215559" doknr="BJNR092500021BJNG000303360"><metadaten><jurabk>VBVG 2023</jurabk><jurabk>VBVG</jurabk><gliederungseinheit><gliederungskennzahl>040</gliederungskennzahl><gliederungsbez>Abschnitt 4</gliederungsbez><gliederungstitel>Schlussvorschriften</gliederungstitel></gliederungseinheit></metadaten><textdaten><fussnoten/></textdaten></norm>
<norm builddate="20251231215559" doknr="BJNR092500021BJNE001702360"><metadaten><jurabk>VBVG 2023</jurabk><jurabk>VBVG</jurabk><enbez>§ 18</enbez><titel format="XML">Umschulung und Fortbildung von Berufsvormündern und beruflichen Betreuern</titel></metadaten><textdaten><text format="XML"><Content><P>(1) Durch Landesrecht kann bestimmt werden, dass es einer abgeschlossenen Lehre im Sinne des § 3 Absatz 1 Satz 2 Nummer 1 und § 4 Absatz 3 Nummer 1 des Vormünder- und Betreuervergütungsgesetzes vom 21. April 2005 (BGBl. I S. 1073, 1076), das zuletzt durch Artikel 1 des Gesetzes vom 22. Juni 2019 (BGBl. I S. 866) geändert worden ist, in der bis einschließlich 31. Dezember 2022 geltenden Fassung gleichsteht, wenn der Vormund oder Betreuer besondere Kenntnisse im Sinne dieser Vorschrift durch eine dem Abschluss einer Lehre vergleichbare Prüfung vor einer staatlichen oder staatlich anerkannten Stelle nachgewiesen hat. Zu einer solchen Prüfung darf nur zugelassen werden, wer <DL Type="arabic"><DT>1.</DT><DD Font="normal"><LA>mindestens drei Jahre lang Vormundschaften oder Betreuungen berufsmäßig geführt und</LA></DD><DT>2.</DT><DD Font="normal"><LA>an einer Umschulung oder Fortbildung teilgenommen hat, die besondere Kenntnisse im Sinne des § 3 Absatz 1 Satz 2 und § 4 Absatz 3 des Vormünder- und Betreuervergütungsgesetzes vom 21. April 2005 (BGBl. I S. 1073, 1076), das zuletzt durch Artikel 1 des Gesetzes vom 22. Juni 2019 (BGBl. I S. 866) geändert worden ist, in der bis zum <NB>31. Dezember</NB> 2022 geltenden Fassung vermittelt, welche nach Art und Umfang den durch eine abgeschlossene Lehre vermittelten vergleichbar sind.</LA></DD></DL></P><P>(2) Durch Landesrecht kann bestimmt werden, dass es einer abgeschlossenen Ausbildung an einer Hochschule im Sinne des § 3 Absatz 1 Satz 2 Nummer 2 und § 4 Absatz 3 Nummer 2 des Vormünder- und Betreuervergütungsgesetzes vom 21. April 2005 (BGBl. I S. 1073, 1076), das zuletzt durch Artikel 1 des Gesetzes vom 22. Juni 2019 (BGBl. I S. 866) geändert worden ist, in der bis einschließlich 31. Dezember 2022 geltenden Fassung gleichsteht, wenn der Vormund oder Betreuer Kenntnisse im Sinne dieser Vorschrift durch eine Prüfung vor einer staatlichen oder staatlich anerkannten Stelle nachgewiesen hat. Zu einer solchen Prüfung darf nur zugelassen werden, wer <DL Type="arabic"><DT>1.</DT><DD Font="normal"><LA>mindestens fünf Jahre lang Vormundschaften oder Betreuungen berufsmäßig geführt und</LA></DD><DT>2.</DT><DD Font="normal"><LA>an einer Umschulung oder Fortbildung teilgenommen hat, die besondere Kenntnisse im Sinne des § 3 Absatz 1 Satz 2 und § 4 Absatz 3 des Vormünder- und Betreuervergütungsgesetzes vom 21. April 2005 (BGBl. I S. 1073, 1076), das zuletzt durch Artikel 1 des Gesetzes vom 22. Juni 2019 (BGBl. I S. 866) geändert worden ist, in der bis einschließlich 31. Dezember 2022 geltenden Fassung vermittelt, welche nach Art und Umfang den durch eine abgeschlossene Ausbildung an einer Hochschule vermittelten vergleichbar sind.</LA></DD></DL></P><P>(3) Das Landesrecht kann weitergehende Zulassungsvoraussetzungen aufstellen. Es regelt das Nähere über die an eine Umschulung oder Fortbildung im Sinne des Absatzes 1 Satz 2 Nummer 2 und des Absatzes 2 Satz 2 Nummer 2 zu stellenden Anforderungen, über Art und Umfang der zu erbringenden Prüfungsleistungen, über das Prüfungsverfahren und über die Zuständigkeiten. Das Landesrecht kann auch bestimmen, dass eine in einem anderen Land abgelegte Prüfung im Sinne dieser Vorschrift anerkannt wird.</P></Content></text><fussnoten/></textdaten></norm>
<norm builddate="20251231215559" doknr="BJNR092500021BJNG000403360"><metadaten><jurabk>VBVG 2023</jurabk><jurabk>VBVG</jurabk><gliederungseinheit><gliederungskennzahl>050</gliederungskennzahl><gliederungsbez>Abschnitt 5</gliederungsbez><gliederungstitel>Übergangsregelungen</gliederungstitel></gliederungseinheit></metadaten><textdaten><fussnoten/></textdaten></norm>
<norm builddate="20251231215559" doknr="BJNR092500021BJNE001802360"><metadaten><jurabk>VBVG 2023</jurabk><jurabk>VBVG</jurabk><enbez>§ 19</enbez><titel format="XML">Übergangsregelung</titel></metadaten><textdaten><text format="XML"><Content><P>Auf Vergütungs- und Aufwendungsersatzansprüche von Betreuern, Vormündern, Pflegern, Verfahrens- und Umgangspflegern und auf Ansprüche von Betreuern nach dem Betreuer-Inflationsausgleichs-Sonderzahlungsgesetz für Leistungen, die vor dem 1. Januar 2026 erbracht wurden, ist das Vormünder- und Betreuervergütungsgesetz vom 4. Mai 2021 (BGBl. I S. 882, 925), das durch Artikel 8 des Gesetzes vom 24. Juni 2022 (BGBl. I S. 959) geändert worden ist, bis zum Ende des angefangenen Abrechnungsmonats in seiner bis einschließlich 31. Dezember 2025 geltenden Fassung anzuwenden.</P></Content></text><fussnoten/></textdaten></norm>
<norm builddate="20251231215559" doknr="BJNR092500021BJNE001901360"><metadaten><jurabk>VBVG 2023</jurabk><jurabk>VBVG</jurabk><enbez>§ 20</enbez><titel format="XML">Ansprüche von Betreuern, die vor Inkrafttreten des Betreuungsorganisationsgesetzes bereits berufsmäßig Betreuungen geführt haben</titel></metadaten><textdaten><text format="XML"><Content><P>(1) Für berufliche Betreuer, die bis einschließlich 1. Januar 2023 seit weniger als drei Jahren berufliche Betreuungen führen, gilt § 4 Absatz 2 bis 4 des Vormünder- und Betreuervergütungsgesetzes vom 21. April 2005 (BGBl. I S. 1073, 1076), das zuletzt durch Artikel 1 des Gesetzes vom 22. Juni 2019 (BGBl. I S. 866) geändert worden ist, in der bis einschließlich 31. Dezember 2022 geltenden Fassung, bis sie ihre Sachkunde nach § 32 Absatz 2 Satz 2 des Betreuungsorganisationsgesetzes gegenüber der Stammbehörde nachgewiesen haben.</P><P>(2) Soweit durch Landesrecht auf der Grundlage von § 11 des Vormünder- und Betreuervergütungsgesetzes vom 21. April 2005 (BGBl. I S. 1073, 1076), das zuletzt durch Artikel 1 des Gesetzes vom 22. Juni 2019 (BGBl. I S. 866) geändert worden ist, in der bis einschließlich 1. Januar 2023 geltenden Fassung oder von § 2 des Berufsvormündervergütungsgesetzes vom 25. Juni 1998 (BGBl. I S. 1580, 1586), das zuletzt durch Artikel 29 des Gesetzes vom 13. Dezember 2001 (BGBl. I S. 3574) geändert worden ist, in der bis einschließlich 30. Juni 2005 geltenden Fassung Prüfungsleistungen mit Abschlüssen gleichgestellt sind, sind die Prüfungsleistungen bei der Feststellung, nach welcher Vergütungsstufe sich die Vergütung richtet, im Verfahren nach § 8 Absatz 2 und 3 entsprechend zu Grunde zu legen.</P></Content></text><fussnoten/></textdaten></norm>
<norm builddate="20251231215559" doknr="BJNR092500021BJNE002003360"><metadaten><jurabk>VBVG 2023</jurabk><jurabk>VBVG</jurabk><enbez>Anlage</enbez><titel format="XML">(zu § 8 Absatz 1)</titel></metadaten><textdaten><text format="XML"><Content><P><noindex><kommentar typ="Fundstelle">(Fundstelle: BGBl. 2025 I Nr. 109, S. 3 – 4)</kommentar></noindex></P><Title Align="auto" Class="S5">Stufe 1</Title><BR/><BR/><table colsep="1" frame="all" pgwide="1" rowsep="1" tocentry="%yes;"><tgroup align="left" char="" charoff="50" cols="5"><colspec colname="col1" colwidth="43*"/><colspec colname="col2" colwidth="43*"/><colspec colname="col3" colwidth="15*"/><colspec colname="col4" colwidth="32*"/><colspec align="center" colname="col5" colwidth="22*"/><thead valign="bottom"><row valign="middle"><entry VJ="1" align="center" colname="col1">Vermögensstatus<BR/> des Betreuten</entry><entry VJ="1" align="center" colname="col2">Gewöhnlicher Aufenthaltsort<BR/> des Betreuten</entry><entry VJ="1" align="center" colname="col3">Nr.</entry><entry VJ="1" align="center" colname="col4">Dauer der Betreuung</entry><entry VJ="1" align="center" colname="col5">Monatliche<BR/> Pauschale</entry></row></thead><tbody valign="top"><row><entry VJ="1" colname="col1" morerows="3">Nicht mittellos</entry><entry VJ="1" colname="col2" morerows="1">Stationäre Einrichtung</entry><entry VJ="1" colname="col3">1.1.1.1</entry><entry VJ="1" colname="col4">In den ersten zwölf Monaten</entry><entry VJ="1" colname="col5">233,00 €</entry></row><row><entry VJ="1" colname="col3">1.1.1.2</entry><entry VJ="1" colname="col4">Ab dem 13. Monat</entry><entry VJ="1" colname="col5">115,00 €</entry></row><row><entry VJ="1" colname="col2" morerows="1">Andere Wohnform</entry><entry VJ="1" colname="col3">1.1.2.1</entry><entry VJ="1" colname="col4">In den ersten zwölf Monaten</entry><entry VJ="1" colname="col5">325,00 €</entry></row><row><entry VJ="1" colname="col3">1.1.2.2</entry><entry VJ="1" colname="col4">Ab dem 13. Monat</entry><entry VJ="1" colname="col5">192,00 €</entry></row><row><entry VJ="1" colname="col1" morerows="3">Mittellos</entry><entry VJ="1" colname="col2" morerows="1">Stationäre Einrichtung</entry><entry VJ="1" colname="col3">1.2.1.1</entry><entry VJ="1" colname="col4">In den ersten zwölf Monaten</entry><entry VJ="1" colname="col5">208,00 €</entry></row><row><entry VJ="1" colname="col3">1.2.1.2</entry><entry VJ="1" colname="col4">Ab dem 13. Monat</entry><entry VJ="1" colname="col5"> 98,00 €</entry></row><row><entry VJ="1" colname="col2" morerows="1">Andere Wohnform</entry><entry VJ="1" colname="col3">1.2.2.1</entry><entry VJ="1" colname="col4">In den ersten zwölf Monaten</entry><entry VJ="1" colname="col5">247,00 €</entry></row><row><entry VJ="1" colname="col3">1.2.2.2</entry><entry VJ="1" colname="col4">Ab dem 13. Monat</entry><entry VJ="1" colname="col5">144,00 €</entry></row></tbody></tgroup></table><BR/><BR/><Title Align="auto" Class="S5">Stufe 2</Title><BR/><BR/><table colsep="1" frame="all" pgwide="1" rowsep="1" tocentry="%yes;"><tgroup align="left" char="" charoff="50" cols="5"><colspec colname="col1" colwidth="43*"/><colspec colname="col2" colwidth="43*"/><colspec colname="col3" colwidth="15*"/><colspec colname="col4" colwidth="32*"/><colspec align="center" colname="col5" colwidth="22*"/><thead valign="bottom"><row valign="middle"><entry VJ="1" align="center" colname="col1">Vermögensstatus<BR/>des Betreuten</entry><entry VJ="1" align="center" colname="col2">Gewöhnlicher Aufenthaltsort<BR/>des Betreuten</entry><entry VJ="1" align="center" colname="col3">Nr.</entry><entry VJ="1" align="center" colname="col4">Dauer der Betreuung</entry><entry VJ="1" align="center" colname="col5">Monatliche Pauschale</entry></row></thead><tbody valign="top"><row><entry VJ="1" colname="col1" morerows="3">Nicht mittellos</entry><entry VJ="1" colname="col2" morerows="1">Stationäre Einrichtung</entry><entry VJ="1" colname="col3">2.1.1.1</entry><entry VJ="1" colname="col4">In den ersten zwölf Monaten</entry><entry VJ="1" colname="col5">305,00 €</entry></row><row><entry VJ="1" colname="col3">2.1.1.2</entry><entry VJ="1" colname="col4">Ab dem 13. Monat</entry><entry VJ="1" colname="col5">155,00 €</entry></row><row><entry VJ="1" colname="col2" morerows="1">Andere Wohnform</entry><entry VJ="1" colname="col3">2.1.2.1</entry><entry VJ="1" colname="col4">In den ersten zwölf Monaten</entry><entry VJ="1" colname="col5">427,00 €</entry></row><row><entry VJ="1" colname="col3">2.1.2.2</entry><entry VJ="1" colname="col4">Ab dem 13. Monat</entry><entry VJ="1" colname="col5">250,00 €</entry></row><row><entry VJ="1" colname="col1" morerows="3">Mittellos</entry><entry VJ="1" colname="col2" morerows="1">Stationäre Einrichtung</entry><entry VJ="1" colname="col3">2.2.1.1</entry><entry VJ="1" colname="col4">In den ersten zwölf Monaten</entry><entry VJ="1" colname="col5">275,00 €</entry></row><row><entry VJ="1" colname="col3">2.2.1.2</entry><entry VJ="1" colname="col4">Ab dem 13. Monat</entry><entry VJ="1" colname="col5">130,00 €</entry></row><row><entry VJ="1" colname="col2" morerows="1">Andere Wohnform</entry><entry VJ="1" colname="col3">2.2.2.1</entry><entry VJ="1" colname="col4">In den ersten zwölf Monaten</entry><entry VJ="1" colname="col5">324,00 €</entry></row><row><entry VJ="1" colname="col3">2.2.2.2</entry><entry VJ="1" colname="col4">Ab dem 13. Monat</entry><entry VJ="1" colname="col5">190,00 €</entry></row></tbody></tgroup></table></Content></text><fussnoten/></textdaten></norm>
</dokumente>