<?xml version="1.0" encoding="UTF-8" ?><!DOCTYPE dokumente SYSTEM "http://www.gesetze-im-internet.de/dtd/1.01/gii-norm.dtd">
<dokumente builddate="20120625153229" doknr="BJNR021040990"><norm builddate="20120625153229" doknr="BJNR021040990"><metadaten><jurabk>SortSchBek 1990</jurabk><ausfertigung-datum manuell="ja">1990-09-18</ausfertigung-datum><fundstelle typ="amtlich"><periodikum>BGBl I</periodikum><zitstelle>1990, 2104</zitstelle></fundstelle><langue>Bekanntmachung über die Gewährung eines dem Sortenschutz entsprechenden
Schutzes außerhalb des Geltungsbereichs des Sortenschutzgesetzes</langue></metadaten><textdaten><text format="XML"><Content><P/></Content></text><fussnoten><Content><P>(+++ Textnachweis ab: 28. 9.1990 +++)</P></Content></fussnoten></textdaten></norm>
<norm builddate="20120625153229" doknr="BJNR021040990BJNE000100308"><metadaten><jurabk>SortSchBek 1990</jurabk><enbez>(XXXX)</enbez></metadaten><textdaten><text format="XML"><Content><P>Auf Grund des § 15 Abs. 1 Nr. 4 des Sortenschutzgesetzes vom 4. Dezember 1985 (BGBl. I S. 2170) gibt der Bundesminister für Ernährung, Landwirtschaft und Forsten bekannt: <BR/>Ein dem Sortenschutz nach dem Sortenschutzgesetz entsprechender Schutz wird in der Deutschen Demokratischen Republik auch Personen mit Wohnsitz oder Sitz im Geltungsbereich des Sortenschutzgesetzes gewährt.<BR/><BR/><SP>Der Bundesminister für Ernährung, Landwirtschaft und Forsten</SP></P></Content></text></textdaten></norm>
</dokumente>