<?xml version="1.0" encoding="UTF-8" ?><!DOCTYPE dokumente SYSTEM "http://www.gesetze-im-internet.de/dtd/1.01/gii-norm.dtd">
<dokumente builddate="20120625153835" doknr="BJNR208100985"><norm builddate="20120625153835" doknr="BJNR208100985"><metadaten><jurabk>DBAÄndProtG IND</jurabk><ausfertigung-datum manuell="ja">1985-06-27</ausfertigung-datum><fundstelle typ="amtlich"><periodikum>BGBl II</periodikum><zitstelle>1985, 810</zitstelle></fundstelle><langue>Gesetz zu dem Protokoll vom 28. Juni 1984 zur Änderung des am 18. März
1959 in Neu-Delhi unterzeichneten Abkommens zwischen der Regierung der
Bundesrepublik Deutschland und der Regierung der Republik Indien zur Vermeidung
der Doppelbesteuerung des Einkommens</langue></metadaten><textdaten><text format="decorated"/></textdaten></norm>
</dokumente>