<?xml version="1.0" encoding="UTF-8" ?><!DOCTYPE dokumente SYSTEM "http://www.gesetze-im-internet.de/dtd/1.01/gii-norm.dtd">
<dokumente builddate="20131202132528" doknr="BJNR020720988"><norm builddate="20131202132528" doknr="BJNR020720988"><metadaten><jurabk>Münz10DMBek 1988-10</jurabk><ausfertigung-datum manuell="ja">1988-10-10</ausfertigung-datum><fundstelle typ="amtlich"><periodikum>BGBl I</periodikum><zitstelle>1988, 2072</zitstelle></fundstelle><langue>Bekanntmachung über die Ausprägung von Bundesmünzen im Nennwert von 10
Deutschen Mark (Gedenkmünze Carl Zeiss)</langue></metadaten><textdaten><text format="XML"><Content><P/></Content></text><fussnoten><Content><P>(+++ Textnachweis ab: 25.10.1988 +++)</P></Content></fussnoten></textdaten></norm>
<norm builddate="20131202132528" doknr="BJNR020720988BJNE000100328"><metadaten><jurabk>Münz10DMBek 1988-10</jurabk><enbez>(XXXX)</enbez></metadaten><textdaten><text format="XML"><Content><P>(1) Auf Grund des § 6 des Gesetzes über die Ausprägung von Scheidemünzen in der im Bundesgesetzblatt Teil III, Gliederungsnummer 690-1, veröffentlichten bereinigten Fassung hat die Bundesregierung beschlossen, zum 100. Todestag von Carl Zeiss im Jahre 1988 eine Bundesmünze (Gedenkmünze) im Nennwert von 10 Deutschen Mark prägen zu lassen. Die Auflage der Münze beträgt 8,35 Millionen Stück. Die Prägung erfolgt in der Staatlichen Münze Stuttgart.</P><P>(2) Die Münze wird ab 23. November 1988 in den Verkehr gebracht.</P><P>(3) Die Münze besteht aus einer Legierung von 625 Tausendteilen Silber und 375 Tausendteilen Kupfer. Sie hat einen Durchmesser von 32,5 Millimetern und ein Gewicht von 15,5 Gramm.</P><P>(4) Das Gepräge auf beiden Seiten ist erhaben und wird von einem schützenden glatten Randstab umgeben.</P><P>(5) Die Bildseite zeigt das Porträt von Carl Zeiss und - als Hinweis auf dessen Bedeutung für die Entwicklung der Optik - ein Mikroskop sowie die Umschrift: <DL Font="normal" Type="arabic"><DT/><DD Font="normal"><LA Size="normal"><DL Font="normal" Type="arabic"><DT/><DD Font="normal"><LA Size="normal">&quot;CARL ZEISS</LA><LA Size="normal">1816 - 1888&quot;.</LA></DD></DL></LA></DD></DL></P><P>(6) Die Wertseite trägt einen Adler, die Jahreszahl 1988, das Münzzeichen &quot;F&quot; der Staatlichen Münze Stuttgart und die Umschrift: <DL Font="normal" Type="arabic"><DT/><DD Font="normal"><LA Size="normal">&quot;BUNDESREPUBLIK DEUTSCHLAND<DL Font="normal" Type="arabic"><DT/><DD Font="normal"><LA Size="normal">10 DEUTSCHE MARK&quot;.</LA></DD></DL></LA></DD></DL></P><P>(7) Die Jahreszahl 1988 befindet sich in der Umschrift rechts neben dem Wort &quot;DEUTSCHLAND&quot;. Das Münzzeichen &quot;F&quot; steht unter dem linken Fang des Adlers.</P><P>(8) Der glatte Münzrand enthält in vertiefter Prägung die Inschrift: <DL Font="normal" Type="arabic"><DT/><DD Font="normal"><LA Size="normal">&quot;OPTIK FÜR WISSENSCHAFT UND TECHNIK&quot;.</LA></DD></DL></P><P>(9) Zwischen Ende und Anfang der Randschrift ist ein fünfeckiger Stern eingeprägt.</P><P>(10) Der Entwurf der Münze stammt von Carl Vezerfi-Clemm, München.<BR/><BR/><SP>Der Bundesminister der Finanzen</SP></P></Content></text></textdaten></norm>
<norm builddate="20131202132528" doknr="BJNR020720988BJNE000200328"><metadaten><jurabk>Münz10DMBek 1988-10</jurabk><enbez>(XXXX)</enbez><titel format="XML">Abbildung der Münze</titel></metadaten><textdaten><text format="XML"><Content><P><noindex><kommentar typ="Fundstelle"><BR/>(Fundstelle: BGBl. I 1988, 2072)</kommentar></noindex><BR/><BR/><IMG Align="center" Pos="block" SRC="bgbl1_1988_j2072_0010.jpg" alt=""/><BR/><BR/></P></Content></text></textdaten></norm>
</dokumente>