<?xml version="1.0" encoding="UTF-8" ?><!DOCTYPE dokumente SYSTEM "http://www.gesetze-im-internet.de/dtd/1.01/gii-norm.dtd">
<dokumente builddate="20151006215012" doknr="BJNR008570971"><norm builddate="20151006215012" doknr="BJNR008570971"><metadaten><jurabk>KrGlasKennzG</jurabk><ausfertigung-datum manuell="ja">1971-06-25</ausfertigung-datum><fundstelle typ="amtlich"><periodikum>BGBl I</periodikum><zitstelle>1971, 857</zitstelle></fundstelle><kurzue>Kristallglaskennzeichnungsgesetz</kurzue><langue>Gesetz zur Kennzeichnung von Bleikristall und Kristallglas</langue><standangabe checked="ja"><standtyp>Stand</standtyp><standkommentar>Zuletzt geändert durch Art. 355 V v. 31.8.2015 I 1474</standkommentar></standangabe></metadaten><textdaten><fussnoten><Content><P><BR/> <pre xml:space="preserve">(+++ Textnachweis Geltung ab:  4.9.1975 +++)<BR/> <BR/>(+++ Maßgaben aufgrund EinigVtr vgl. KrGlasKennzG Anhang EV;<BR/>     Maßgaben nicht mehr anzuwenden gem. Art. 1 Nr. 4 Buchst. e <BR/>     G v. 21.1.2013 I 91 +++)<BR/><BR/></pre></P></Content></fussnoten></textdaten></norm>
<norm builddate="20151006215012" doknr="BJNR008570971BJNE000100328"><metadaten><jurabk>KrGlasKennzG</jurabk><enbez>§ 1</enbez><titel format="parat">Anwendungsbereich</titel></metadaten><textdaten><text format="XML"><Content><P>Die Vorschriften dieses Gesetzes sind anzuwenden auf Glaswaren zur Verwendung bei Tisch, in der Küche, bei der Toilette, im Büro, zum Ausschmücken von Wohnungen und zu ähnlichen Zwecken; ausgenommen sind Würfel, Steinchen, Plättchen für Mosaike und zu ähnlichen Zierzwecken, Phantasiewaren aus lampengeblasenem Glas, Kunstverglasungen, Spiegelglas, Spiegel, Glaswaren für Beleuchtung und Gehäuse für Uhren.</P></Content></text></textdaten></norm>
<norm builddate="20151006215012" doknr="BJNR008570971BJNE000204118"><metadaten><jurabk>KrGlasKennzG</jurabk><enbez>§ 2</enbez><titel format="XML">Begriffsbestimmungen</titel></metadaten><textdaten><text format="XML"><Content><P>(1) Im Sinne dieses Gesetzes ist <DL Font="normal" Type="arabic"><DT>1.</DT><DD Font="normal"><LA Size="normal">Hochbleikristall ein Glas, das mindestens 30 vom Hundert Bleioxyd (PbO) enthält, eine Dichte von mindestens 3,00 hat und dessen auf den Natrium-D-Strahl bezogene Brechungszahl mindestens 1,545 beträgt;</LA></DD><DT>2.</DT><DD Font="normal"><LA Size="normal">Bleikristall ein Glas, das mindestens 24 vom Hundert Bleioxyd (PbO) enthält, eine Dichte von mindestens 2,90 hat und dessen auf den Natrium-D-Strahl bezogene Brechungszahl mindestens 1,545 beträgt;</LA></DD><DT>3.</DT><DD Font="normal"><LA Size="normal">Preßbleikristall (Bleikristall gepreßt) ein gepreßtes Glas, das mindestens 18 vom Hundert Bleioxyd (PbO) enthält, eine Dichte von mindestens 2,70 hat und dessen auf den Natrium-D-Strahl bezogene Brechungszahl mindestens 1,520 beträgt;</LA></DD><DT>4.</DT><DD Font="normal"><LA Size="normal">Kristallglas ein Glas, das entweder<DL Font="normal" Type="arabic"><DT>a)</DT><DD Font="normal"><LA Size="normal">Bleioxyd (PbO), Bariumoxyd (BaO), Kaliumoxyd <ABWFORMAT typ="A"/>(K2O) oder Zinkoxyd (ZnO) allein oder zusammen in Höhe von mindestens 10 vom Hundert enthält, eine Dichte von mindestens 2,45 hat und dessen auf den Natrium-D-Strahl bezogene Brechungszahl mindestens 1,520 beträgt</LA><LA Size="normal">oder</LA></DD><DT>b)</DT><DD Font="normal"><LA Size="normal">Bleioxyd (PbO), Bariumoxyd (BaO) oder Kaliumoxyd <ABWFORMAT typ="A"/>(K2O) allein oder zusammen in Höhe von mindestens 10 vom Hundert enthält, eine Dichte von mindestens 2,40 und eine Oberflächenhärte nach Vickers von 550 <ABWFORMAT typ="A"/>+- 20 hat.</LA></DD></DL></LA></DD></DL></P><P>(2) Die in Absatz 1 genannten chemischen und physikalischen Eigenschaften sind nach den in der Anlage zu diesem Gesetz aufgeführten Methoden zu bestimmen.</P><P>(3) Das Bundesministerium für Wirtschaft und Energie wird ermächtigt, durch Rechtsverordnung die in der Anlage aufgeführten Bestimmungsmethoden der wissenschaftlichen und technischen Entwicklung anzupassen, sofern dies zur Erfüllung von Richtlinien der Europäischen Wirtschaftsgemeinschaft erforderlich ist und der Vereinfachung oder der sonstigen Verbesserung der Messung dient.</P></Content></text><fussnoten/></textdaten></norm>
<norm builddate="20151006215012" doknr="BJNR008570971BJNE000300328"><metadaten><jurabk>KrGlasKennzG</jurabk><enbez>§ 3</enbez><titel format="parat">Kennzeichnung</titel></metadaten><textdaten><text format="XML"><Content><P>(1) Wer Erzeugnisse der in § 2 Abs. 1 genannten Art gewerbsmäßig in den Verkehr bringt, einführt (§ 4 Abs. 2 Nr. 4 des Außenwirtschaftsgesetzes) oder sonst in den Geltungsbereich dieses Gesetzes verbringt oder für diese wirbt, hat bei einer Kennzeichnung der Glasart die Bezeichnungen <BR/><table frame="none" tocentry="%yes;">
	<tgroup align="left" char="" charoff="50" cols="2" rowsep="0">
		<colspec colname="col1" colnum="1" colsep="1" colwidth="50*"/>
		<colspec colname="col2" colnum="2" colwidth="40*"/>
		<tbody valign="top">
			<row>
				<entry VJ="1" align="left" colsep="0" valign="top">&quot;Hochbleikristall 30 v.H.&quot;</entry>
				<entry VJ="1" align="left" colsep="0" morerows="5" valign="middle">für Erzeugnisse nach § 2 Abs. 1 Nr. 1,</entry>
			</row>
			<row>
				<entry VJ="1" align="left" colsep="0" valign="top">&quot;Full lead crystal 30 v.H.&quot;</entry>
			</row>
			<row>
				<entry VJ="1" align="left" colsep="0" valign="top">&quot;Cristal Superieur 30 v.H.&quot;</entry>
			</row>
			<row>
				<entry VJ="1" align="left" colsep="0" valign="top">&quot;Cristallo Superiore 30 v.H.&quot;</entry>
			</row>
			<row>
				<entry VJ="1" align="left" colsep="0" valign="top">&quot;Volloodkristal 30 v.H.&quot;</entry>
			</row>
			<row>
				<entry VJ="1" align="left" colsep="0" valign="top">&quot;Krystal 30 v.H.&quot;</entry>
			</row>
			<row>
				<entry VJ="1" align="left" colsep="0" nameend="col2" namest="col1" valign="top"> </entry>
			</row>
			<row>
				<entry VJ="1" align="left" colsep="0" valign="top">&quot;Bleikristall 24 v.H.&quot;</entry>
				<entry VJ="1" align="left" colsep="0" morerows="5" valign="middle">für Erzeugnisse nach § 2 Abs. 1 Nr. 2,</entry>
			</row>
			<row>
				<entry VJ="1" align="left" colsep="0" valign="top">&quot;Lead crystal 24 v.H.&quot;</entry>
			</row>
			<row>
				<entry VJ="1" align="left" colsep="0" valign="top">&quot;Cristal au Plomb 24 v.H.&quot;</entry>
			</row>
			<row>
				<entry VJ="1" align="left" colsep="0" valign="top">&quot;Cristallo al Piombo 24 v.H.&quot;</entry>
			</row>
			<row>
				<entry VJ="1" align="left" colsep="0" valign="top">&quot;Loodkristal 24 v.H.&quot;</entry>
			</row>
			<row>
				<entry VJ="1" align="left" colsep="0" valign="top">&quot;Krystal 24 v.H.&quot;</entry>
			</row>
			<row>
				<entry VJ="1" align="left" colsep="0" nameend="col2" namest="col1" valign="top"> </entry>
			</row>
			<row>
				<entry VJ="1" align="left" colsep="0" valign="top">&quot;Preßbleikristall&quot;</entry>
				<entry VJ="1" align="left" colsep="0" morerows="2" valign="middle">für Erzeugnisse nach § 2 Abs. 1 Nr. 3,</entry>
			</row>
			<row>
				<entry VJ="1" align="left" colsep="0" valign="top">&quot;Bleikristall gepreßt&quot;</entry>
			</row>
			<row>
				<entry VJ="1" align="left" colsep="0" valign="top">(wobei beide Wörter in gleichem Schriftbild erscheinen müssen)</entry>
			</row>
			<row>
				<entry VJ="1" align="left" colsep="0" nameend="col2" namest="col1" valign="top"> </entry>
			</row>
			<row>
				<entry VJ="1" align="left" colsep="0" valign="top">&quot;Kristallglas&quot;</entry>
				<entry VJ="1" align="left" colsep="0" valign="middle">für Erzeugnisse nach § 2 Abs. 1 Nr. 4</entry>
			</row>
		</tbody>
	</tgroup>
</table> <BR/>zu verwenden. Zusätzlich zu einer dieser Bezeichnungen darf die Kennzeichnung der Glasart in einer anderen Sprache erfolgen.</P><P>(2) Für Erzeugnisse, die die in § 2 Abs. 1 aufgeführten Merkmale nicht aufweisen, dürfen die Bezeichnungen des Absatzes 1 oder mit diesen verwechselbare Bezeichnungen nicht verwendet werden.</P><P>(3) Die Absätze 1 und 2 sind auf Genossenschaften auch dann anzuwenden, wenn sich ihr Geschäftsbetrieb auf den Kreis der Mitglieder beschränkt.</P></Content>  </text><fussnoten/></textdaten></norm>
<norm builddate="20151006215012" doknr="BJNR008570971BJNE000400328"><metadaten><jurabk>KrGlasKennzG</jurabk><enbez>§ 4</enbez><titel format="parat">Verwendung von zusätzlichen Symbolen</titel></metadaten><textdaten><text format="XML"><Content><P>(1) Werden für Erzeugnisse der in § 2 Abs. 1 genannten Art die Bezeichnungen nach § 3 Abs. 1 verwendet, so dürfen zusätzlich die folgenden Symbole verwendet werden: <BR/>für Hochbleikristall und Bleikristall (§ 2 Abs. 1 Nr. 1 und 2) ein rundes goldfarbenes Etikett mit einem Durchmesser von mindestens 1 cm; <BR/>für Kristallglas (§ 2 Abs. 1 Nr. 4 Buchstabe a) ein quadratisches silberfarbenes Etikett mit einer Seitenlänge von mindestens 1 cm; <BR/>für Kristallglas (§ 2 Abs. 1 Nr. 4 Buchstabe b) ein gleichseitiges silberfarbenes Dreieck mit einer Seitenlänge von mindestens 1 cm.</P><P>(2) Die Symbole und die Bezeichnungen nach § 3 Abs. 1 dürfen auf demselben Etikett angebracht werden.</P><P>(3) Für Erzeugnisse, die die in § 2 Abs. 1 aufgeführten Merkmale nicht aufweisen oder für die nicht die Bezeichnungen nach § 3 Abs. 1 verwendet werden, dürfen die Symbole des Absatzes 1 nicht verwendet werden.</P></Content>  </text></textdaten></norm>
<norm builddate="20151006215012" doknr="BJNR008570971BJNE000501308"><metadaten><jurabk>KrGlasKennzG</jurabk><enbez>§ 5</enbez><titel format="parat">Anbringen anderer Aufschriften</titel></metadaten><textdaten><text format="XML"><Content><P>Wird eine Marke, eine Firmenbezeichnung oder eine andere Aufschrift verwendet, die die Bezeichnungen nach § 3 Abs. 1 oder mit ihnen verwechselbare Bezeichnungen im ganzen, als Wortstamm oder als Eigenschaftswort enthalten und <DL Font="normal" Type="arabic"><DT>1.</DT><DD Font="normal"><LA Size="normal">weist das Erzeugnis die in § 2 Abs. 1 festgelegten Merkmale auf, so sind unmittelbar neben der Aufschrift die Bezeichnungen nach § 3 Abs. 1 deutlich lesbar anzubringen,</LA></DD> <DT>2.</DT><DD Font="normal"><LA Size="normal">weist das Erzeugnis die in § 2 Abs. 1 festgelegten Merkmale nicht auf, so ist die stoffliche Beschaffenheit des Erzeugnisses genau anzugeben und diese Angabe unmittelbar neben der Aufschrift deutlich lesbar anzubringen.</LA></DD> </DL></P></Content></text><fussnoten/></textdaten></norm>
<norm builddate="20151006215012" doknr="BJNR008570971BJNE000601360"><metadaten><jurabk>KrGlasKennzG</jurabk><enbez>§ 6</enbez><titel format="XML">Ausnahmen</titel></metadaten><textdaten><text format="XML"><Content><P>Dieses Gesetz ist nicht anzuwenden auf Erzeugnisse, die <DL Font="normal" Type="arabic"><DT>1.</DT><DD Font="normal"><LA Size="normal">ausgeführt (§ 2 Absatz 3 des Außenwirtschaftsgesetzes) oder sonst aus dem Geltungsbereich dieses Gesetzes verbracht werden oder hierfür bestimmt sind,</LA></DD><DT>2.</DT><DD Font="normal"><LA Size="normal">unter zollamtlicher Überwachung durchgeführt (§ 2 Absatz 9 des Außenwirtschaftsgesetzes) oder sonst durch den Geltungsbereich dieses Gesetzes befördert werden,</LA></DD><DT>3.</DT><DD Font="normal"><LA Size="normal">zur Lagerung in Freihäfen oder in Zollgutlagern eingeführt oder sonst in den Geltungsbereich dieses Gesetzes verbracht und im Anschluß daran wieder ausgeführt oder sonst aus dem Geltungsbereich dieses Gesetzes verbracht werden,</LA></DD><DT>4.</DT><DD Font="normal"><LA Size="normal">zur Veredelung unter zollamtlicher Überwachung eingeführt und danach wieder ausgeführt werden.</LA></DD></DL></P></Content></text><fussnoten/></textdaten></norm>
<norm builddate="20151006215012" doknr="BJNR008570971BJNE000701377"><metadaten><jurabk>KrGlasKennzG</jurabk><enbez>§ 7</enbez><titel format="parat">Ordnungswidrigkeiten</titel></metadaten><textdaten><text format="XML"><Content><P>(1) Ordnungswidrig handelt, wer vorsätzlich oder fahrlässig <DL Font="normal" Type="arabic"><DT>1.</DT><DD Font="normal"><LA Size="normal">Erzeugnisse der in § 2 Abs. 1 genannten Art gewerbsmäßig in den Verkehr bringt, einführt oder sonst in den Geltungsbereich dieses Gesetzes verbringt oder für sie wirbt und dabei im Falle einer Kennzeichnung der Glasart nicht die Bezeichnungen nach § 3 Abs. 1 oder andere als in § 4 Abs. 1 beschriebene Symbole verwendet,</LA></DD> <DT>2.</DT><DD Font="normal"><LA Size="normal">entgegen § 3 Abs. 2 für Erzeugnisse, die die in § 2 Abs. 1 aufgeführten Merkmale nicht aufweisen, eine der Bezeichnungen nach § 3 Abs. 1 oder mit diesen verwechselbare Bezeichnungen verwendet,</LA></DD> <DT>3.</DT><DD Font="normal"><LA Size="normal">entgegen § 4 Abs. 3 für Erzeugnisse, die nicht die in § 2 Abs. 1 aufgeführten Merkmale aufweisen oder für die nicht die Bezeichnungen nach § 3 Abs. 1 verwendet werden, eines der in § 4 Abs. 1 beschriebenen Symbole verwendet,</LA></DD> <DT>4.</DT><DD Font="normal"><LA Size="normal">entgegen § 5 Nr. 1 es unterläßt, die Bezeichnungen nach § 3 Abs. 1 unmittelbar neben der Aufschrift deutlich lesbar anzubringen,</LA></DD> <DT>5.</DT><DD Font="normal"><LA Size="normal">entgegen § 5 Nr. 2 es unterläßt, die stoffliche Beschaffenheit des Erzeugnisses genau anzugeben oder diese Angabe unmittelbar neben der Aufschrift deutlich lesbar anzubringen.</LA></DD> </DL> </P><P>(2) Die Ordnungswidrigkeit kann mit einer Geldbuße bis zu zehntausend Euro geahndet werden.</P></Content></text><fussnoten/></textdaten></norm>
<norm builddate="20151006215012" doknr="BJNR008570971BJNE000800328"><metadaten><jurabk>KrGlasKennzG</jurabk><enbez>§ 8</enbez><titel format="parat">Abfertigung durch Zolldienststellen</titel></metadaten><textdaten><text format="XML"><Content><P>Die Nichtbeachtung des § 3 Abs. 1 Satz 1 steht der Abfertigung durch die Zolldienststellen nicht entgegen. Die Zolldienststellen sind befugt, Verstöße gegen die Vorschriften dieses Gesetzes, die sie bei der Abfertigung feststellen, den zuständigen Verwaltungsbehörden mitzuteilen.</P></Content></text></textdaten></norm>
<norm builddate="20151006215012" doknr="BJNR008570971BJNE000900328"><metadaten><jurabk>KrGlasKennzG</jurabk><enbez>§ 9</enbez><titel format="parat">Berlin-Klausel</titel></metadaten><textdaten><text format="XML"><Content><P>Dieses Gesetz gilt nach Maßgabe des § 13 Abs. 1 des Dritten Überleitungsgesetzes vom 4. Januar 1952 (Bundesgesetzbl. I S. 1) auch im Land Berlin. Rechtsverordnungen, die auf Grund dieses Gesetzes erlassen werden, gelten im Land Berlin nach Maßgabe des § 14 des Dritten Überleitungsgesetzes.</P></Content></text></textdaten></norm>
<norm builddate="20151006215012" doknr="BJNR008570971BJNE001000328"><metadaten><jurabk>KrGlasKennzG</jurabk><enbez>§ 10</enbez><titel format="parat">Inkrafttreten</titel></metadaten><textdaten><text format="XML"><Content><P>Dieses Gesetz tritt sechs Monate nach seiner Verkündung in Kraft.</P></Content></text></textdaten></norm>
<norm builddate="20151006215012" doknr="BJNR008570971BJNE001100328"><metadaten><jurabk>KrGlasKennzG</jurabk><enbez>Anlage</enbez><titel format="parat">Methoden zur Bestimmung der chemischen und physikalischen
Eigenschaften der Kristallglasgruppen</titel></metadaten><textdaten><text format="XML"><Content><P><ABWFORMAT typ="A"/><kommentar typ="Fundstelle"> Fundstelle des Originaltextes: BGBl. I 1971, 860 u. 861;<BR/>bezgl. der Änderungen vgl. Fußnote </kommentar> <BR/> <DL Font="normal" Type="arabic"><DT/><DD Font="normal"><LA Size="normal"><DL Font="normal" Type="arabic"><DT><B>1.</B></DT><DD Font="normal"><LA Size="normal"><B>Chemische Analysen</B></LA></DD> <DT>1.1</DT><DD Font="normal"><LA Size="normal">Bariumoxyd (BaO) und Blei(II)-oxyd (PbO)</LA></DD> <DT>1.1.1.</DT><DD Font="normal"><LA Size="normal">Bestimmung des Gesamtgehaltes: Bariumoxyd und Blei(II)-oxyd</LA><LA Size="normal">ca. 0,5 g fein zerkleinertes Glas (Glaspulver) auf 0,0001 g genau in eine Platinschale einwiegen. Mit Wasser befeuchten und 10 ml 15%ige Schwefelsäure und 10 ml Flußsäure zufügen. Auf dem Sandbad bis zum kräftigen Rauchen der Schwefelsäure erwärmen. Abkühlen lassen und nochmals 10 ml Flußsäure zufügen. Wiederum bis zum kräftigen Rauchen der Schwefelsäure erwärmen. Abkühlen lassen und die Wandung der Schale mit Wasser abspülen. Nochmals bis zum kräftigen Rauchen der Schwefelsäure erwärmen. Abkühlen lassen, vorsichtig 10 ml Wasser zufügen und dann in einen 400-ml-Becher überführen. Die Schale mehrfach mit 10%iger Schwefelsäure ausspülen und mit dieser auf 100 ml ergänzen. Zum Sieden erhitzen und 2 bis 3 Minuten sieden lassen. Von der Heizquelle nehmen und über Nacht stehenlassen. Durch einen Glasfiltertiegel G 4 filtrieren, zunächst mit 10%iger Schwefelsäure und anschließend zwei- bis dreimal mit Äthanol auswaschen. Eine Stunde im Trockenschrank bei <ABWFORMAT typ="A"/>150 Grad C trocknen. Auswiegen. Auswaage: Summe Bariumsulfat <ABWFORMAT typ="A"/>(BaSO(tief)4) und Bleisulfat <ABWFORMAT typ="A"/>(PbSO(tief)4).</LA></DD>  <DT>1.1.2.</DT><DD Font="normal"><LA Size="normal">Bestimmung von Bariumoxyd</LA><LA Size="normal">ca. 0,5 g fein zerkleinertes Glas (Glaspulver) auf 0,0001 g genau in eine Platinschale einwiegen. Mit Wasser befeuchten und 10 ml Flußsäure und 5 ml Perchlorsäure zufügen. Auf dem Sandbad bis zum kräftigen Rauchen der Perchlorsäure erwärmen. Abkühlen lassen und nochmals 10 ml Flußsäure zufügen. Wiederum bis zum kräftigen Rauchen der Perchlorsäure erwärmen. Abkühlen lassen und die Wandung der Schale mit Wasser abspülen. Bis nahezu zur Trockene abrauchen. Mit 50 ml 10%iger Salzsäure aufnehmen und leicht erwärmen, damit der Abrauchrückstand sich auflöst. In einen 400-ml-Becher überführen; anschließend mit Wasser auf 200 ml verdünnen. Zum Sieden erhitzen und so lange Schwefelwasserstoff einleiten, bis die Fällung von Bleisulfid sich am Boden des Bechers abgesetzt hat. Durch ein dichtes Papierfilter filtrieren und mit kaltem, mit Schwefelwasserstoff gesättigtem Wasser auswaschen.</LA><LA Size="normal">Das Filtrat erforderlichenfalls auf 300 ml eindampfen. Zum Sieden erhitzen und 10 ml 10%ige Schwefelsäure zufügen. Von der Heizquelle nehmen und mindestens 4 Stunden stehenlassen. Durch ein dichtes Papierfilter filtrieren und mit kaltem Wasser auswaschen. Veraschen, bei <ABWFORMAT typ="A"/>1050 Grad C glühen und auswiegen.</LA><LA Size="normal">Auswaage: Bariumsulfat</LA></DD>    <DT>1.2.</DT><DD Font="normal"><LA Size="normal">Bestimmung von Zinkoxyd (ZnO)</LA><LA Size="normal">Das Filtrat der Bariumsulfatfällung auf 200 ml eindampfen. Mit Ammoniak gegen Methylrot neutralisieren und 20 ml 0,1n Schwefelsäure zufügen. Am pH-Meter: Mit 0,1n Schwefelsäure oder 0,1n Natronlauge pH = 2 einstellen und in die kalte Lösung Schwefelwasserstoff einleiten. Die Fällung von Zinksulfid 4 Stunden stehenlassen, dann durch ein dichtes Papierfilter filtrieren. Mit kaltem, mit Schwefelwasserstoff gesättigtem Wasser auswaschen. Den Niederschlag auf dem Filter durch Behandlung mit 25 ml heißer 10%iger Salzsäure auflösen. Das Filter so lange mit siedendem Wasser auswaschen, bis das Volumen ca. 150 ml beträgt. Mit Ammoniak gegen Lackmus-Papier neutralisieren und pH ca. 5 durch Zugabe von 1 bis 2 g festem Hexamethylentetramin einstellen. Einige Tropfen frisch hergestellter wäßriger 0,5%iger Xylenolorange-Lösung zufügen und mit 0,1n Lösung des Dinatriumsalzes der Äthylendiamintetraessigsäure titrieren. Indikatorumschlag: Von rosa nach zitronengelb.</LA></DD>  <DT>1.3.</DT><DD Font="normal"><LA Size="normal">Bestimmung von Kaliumoxyd <ABWFORMAT typ="A"/>(K2O)</LA><LA Size="normal">Durch Fällung und Auswaage als Kalium-Tetraphenylborid. Aufschluß: 2 g fein zerkleinertes Glas (Glaspulver) in eine Platinschale einwiegen. Auf dem Wasserbad, später auf dem Sandbad aufschließen durch Behandlung mit 2 ml konzentrierter Salpetersäure, 15 ml Perchlorsäure und 25 ml Flußsäure. Zur Trockene abrauchen und auflösen in 20 ml heißem Wasser und 2 bis 3 ml konzentrierter Salzsäure.</LA><LA Size="normal">In einen 200-ml-Meßkolben umspülen und mit Wasser auffüllen.</LA><LA Size="normal">Reagenzien:</LA><LA Size="normal">Natrium-Tetraphenylborat 6%ig: 1,5 g Reagenz in 250 ml Wasser lösen. Die leichte Trübung folgendermaßen entfernen: 1 g Aluminiumoxydhydrat zufügen, 5 Minuten kräftig schütteln und filtrieren, wobei die ersten 20 ml des Filtrates nochmals zurückgegossen werden.</LA><LA Size="normal">Waschlösung, gesättigt an Kalium-Tetraphenylborid: 0,1 g Kaliumchlorid in 50 ml 0,1n Salzsäure lösen. Unter Rühren solange Natrium-Tetraphenylborat-Lösung zufügen, bis nichts mehr ausfällt. Über eine Fritte filtrieren und mit Wasser auswaschen. Im Exsikkator bei Zimmertemperatur trocknen. Sodann 20 bis 30 mg des getrockneten Salzes in 250 ml Wasser eintragen. Von Zeit zu Zeit umschütteln. Nach 30 Minuten 0,5 bis 1 g Aluminiumoxydhydrat zufügen. Einige Minuten schütteln. Filtrieren.</LA><LA Size="normal">Durchführung:</LA><LA Size="normal">Aus der salzsauren Aufschlußlösung einen aliquoten Anteil entnehmen, welcher ca. 10 mg Kaliumoxyd enthält (250-ml-Becher). Auf ca. 100 ml verdünnen. Langsam unter leichtem Rühren das Fällungsreagenz zufügen, z.B. bei 5 mg vermutetem Kaliumoxyd 10 ml Reagenz erforderlich. Höchstens 15 Minuten stehenlassen und durch einen Glasfiltertiegel G 3 oder G 4 filtrieren. Mit der Waschlösung auswaschen. 30 Minuten bei <ABWFORMAT typ="A"/>120 Grad C trocknen.</LA><LA Size="normal">Umrechnungsfaktor für Kaliumoxyd: 0,13143</LA></DD>         <DT>1.4.</DT><DD Font="normal"><LA Size="normal">Fehlertoleranzen</LA><LA Size="normal"><ABWFORMAT typ="A"/>+- 0,1% (absolut) für jede Bestimmung.</LA><LA Size="normal">Ergibt eine Analyse innerhalb des Analysenspielraums einen Wert unter den festgelegten Grenzwerten (30, 24 oder 10%), so ist das Mittel aus mindestens drei Analysen zu nehmen. Ist die Analyse höher oder gleich bzw. erreicht sie 29,95, 23,95 oder 9,95%, so ist das Glas anzunehmen in den entsprechenden Gruppen von 30, 24 bzw. 10%.</LA></DD>   <DT><B>2.</B></DT><DD Font="normal"><LA Size="normal"><B>Physikalische Bestimmungen</B></LA></DD> <DT>2.1.</DT><DD Font="normal"><LA Size="normal">Dichte</LA><LA Size="normal">Bestimmung mit der hydrostatischen Waage mit einer Genauigkeit von <ABWFORMAT typ="A"/>+- 0,01. Eine Probe von mindestens 20 g wird in Luft und unter destilliertem Wasser von <ABWFORMAT typ="A"/>20 Grad C gewogen.</LA></DD>  <DT>2.2.</DT><DD Font="normal"><LA Size="normal">Brechungszahl</LA><LA Size="normal">Der Brechungsindex wird am Refraktometer mit einer Genauigkeit von <ABWFORMAT typ="A"/>+- 0,001 ermittelt.</LA></DD>  <DT>2.3.</DT><DD Font="normal"><LA Size="normal">Mikrohärte</LA><LA Size="normal">Die Vickers-Härte ist gemäß der im Bundesanzeiger Nr. 116 vom 30. Juni 1971 bekanntgemachten Methode zu messen, aber unter Annahme einer Last von 50 g und der Ermittlung des Durchschnitts aus 15 Bestimmungen.</LA></DD>  </DL></LA></DD></DL></P></Content></text><fussnoten/></textdaten></norm>
</dokumente>