<?xml version="1.0" encoding="UTF-8" ?><!DOCTYPE dokumente SYSTEM "http://www.gesetze-im-internet.de/dtd/1.01/gii-norm.dtd">
<dokumente builddate="20200305213005" doknr="BJNR001770985"><norm builddate="20200305213005" doknr="BJNR001770985"><metadaten><jurabk>BauMaschMeistPrV</jurabk><ausfertigung-datum manuell="ja">1985-01-23</ausfertigung-datum><fundstelle typ="amtlich"><periodikum>BGBl I</periodikum><zitstelle>1985, 177</zitstelle></fundstelle><langue>Verordnung über die Prüfung zum anerkannten Abschluß Geprüfter Baumaschinenmeister</langue><standangabe checked="ja"><standtyp>Stand</standtyp><standkommentar>Zuletzt geändert durch Art. 9 V v. 9.12.2019 I 2153</standkommentar></standangabe></metadaten><textdaten><fussnoten><Content><P><BR/> <pre xml:space="preserve">(+++ Textnachweis ab: 1.8.1985 +++)<BR/>(+++ Maßgaben aufgrund EinigVtr vgl. BauMaschMeistPrV Anhang EV +++)<BR/><BR/></pre>(+++ Zur Anwendung vgl. §§ 1 u. 3 FortbVenÄndV6AnwV +++)</P></Content></fussnoten></textdaten></norm>
<norm builddate="20200305213005" doknr="BJNR001770985BJNE000100314"><metadaten><jurabk>BauMaschMeistPrV</jurabk><enbez>Eingangsformel</enbez></metadaten><textdaten><text format="XML"><Content><P>Auf Grund des § 46 Abs. 2 Satz 1 des Berufsbildungsgesetzes vom 14. August 1969 (BGBl. I S. 1112), der zuletzt durch § 24 Nr. 2 des Gesetzes vom 24. August 1976 (BGBl. I S. 2525) geändert worden ist, und auf Grund des § 42 Abs. 2 Satz 1 der Handwerksordnung in der Fassung der Bekanntmachung vom 28. Dezember 1965 (BGBl. 1966 I S. 1), der zuletzt durch § 25 Nr. 2 des Gesetzes vom 24. August 1976 (BGBl. I S. 2525) geändert worden ist, wird nach Anhörung des Hauptausschusses des Bundesinstituts für Berufsbildung gemäß § 19 Nr. 1 des Berufsbildungsförderungsgesetzes vom 23. Dezember 1981 (BGBl. I S. 1692) im Einvernehmen mit dem Bundesminister für Wirtschaft verordnet:</P></Content></text></textdaten></norm>
<norm builddate="20200305213005" doknr="BJNR001770985BJNE000201128"><metadaten><jurabk>BauMaschMeistPrV</jurabk><enbez>§ 1</enbez><titel format="XML">Ziel der Prüfung und Bezeichnung des Abschlusses</titel></metadaten><textdaten><text format="XML"><Content><P>(1) Zum Nachweis von Kenntnissen, Fertigkeiten und Erfahrungen, die durch die berufliche Fortbildung zum Baumaschinenmeister erworben worden sind, kann die zuständige Stelle Prüfungen nach den §§ 2 bis 9 durchführen.</P><P>(2) Durch die Prüfung ist festzustellen, ob die zu prüfende Person die notwendigen Kenntnisse, Fertigkeiten und Erfahrungen hat, folgende Aufgaben eines Baumaschinenmeisters in der Bauwirtschaft als Führungskraft zwischen Planung und Ausführung in dem ihr übertragenen Aufgabenbereich wahrzunehmen: <DL Font="normal" Type="arabic"><DT>1.</DT><DD Font="normal"><LA Size="normal">Mitwirken bei der Planung maschinentechnischer Einrichtungen;</LA></DD><DT>2.</DT><DD Font="normal"><LA Size="normal">Einrichten des maschinentechnischen Bereichs, insbesondere Einsetzen, Überwachen sowie Instandhalten einschließlich Instandsetzen der Geräte und Anlagen; Vorhalten der erforderlichen Betriebsmittel; Erstellen von Maschinen-, Werkstatt- und Baustellenberichten;</LA></DD><DT>3.</DT><DD Font="normal"><LA Size="normal">Übertragen der Aufgaben unter Berücksichtigung technischer, wirtschaftlicher und sozialer Aspekte auf die Mitarbeiter entsprechend ihrer Leistungsfähigkeit, Qualifikation und Eignung; Einarbeitung und Anleitung der Mitarbeiter; Anstreben eines partnerschaftlichen Verhältnisses zu den Mitarbeitern; Weiterleiten der Anregungen und Anliegen der Mitarbeiter mit einer eigenen Beurteilung; Bemühen um enge Zusammenarbeit mit der Geschäftsführung und dem Betriebsrat; berufliche Bildung der Mitarbeiter;</LA></DD><DT>4.</DT><DD Font="normal"><LA Size="normal">Überwachen der Kostenentwicklung sowie der Arbeitsleistung; Beschaffen von Ersatzteilen und Materialien sowie Sicherstellen der Qualitäts- und Quantitätskontrollen; Beeinflussen der Instandhaltung einschließlich Instandsetzung der Geräte und Anlagen zur Gewährleistung eines störungsfreien und termingerechten Arbeitens; Hinwirken auf eine reibungslose Zusammenarbeit im Betriebsablauf; Zusammenarbeit mit anderen Betriebseinheiten, Auftraggebern, Drittfirmen und Behörden;</LA></DD><DT>5.</DT><DD Font="normal"><LA Size="normal">Sicherstellen der erforderlichen Maßnahmen des Arbeitsschutzes und der Unfallverhütung in Abstimmung mit den im Betrieb mit der Arbeitssicherheit befaßten Personen und Stellen; Beachten der Umweltschutzbestimmungen.</LA></DD></DL></P><P>(3) Die erfolgreich abgelegte Prüfung führt zum anerkannten Abschluß Geprüfter Baumaschinenmeister.</P></Content></text><fussnoten><Content><P>(+++ Zur Anwendung vgl. §§ 1 u. 3 FortbVenÄndV6AnwV +++)</P></Content></fussnoten></textdaten></norm>
<norm builddate="20200305213005" doknr="BJNR001770985BJNE000301308"><metadaten><jurabk>BauMaschMeistPrV</jurabk><enbez>§ 2</enbez><titel format="parat">Zulassungsvoraussetzungen</titel></metadaten><textdaten><text format="XML"><Content><P>(1) Zur Prüfung ist zuzulassen, wer <DL Font="normal" Type="arabic"><DT>1.</DT><DD Font="normal"><LA Size="normal">eine mit Erfolg abgelegte Abschlußprüfung in einem einschlägigen anerkannten Ausbildungsberuf und danach eine Berufspraxis, die unter Anrechnung der in der Ausbildungsordnung für den Ausbildungsberuf vorgeschriebenen Ausbildungsdauer mindestens 5 Jahre beträgt, oder</LA></DD> <DT>2.</DT><DD Font="normal"><LA Size="normal">eine mit Erfolg abgelegte Abschlußprüfung in einem anderen anerkannten gewerblich-technischen oder handwerklichen Ausbildungsberuf und danach eine mindestens dreijährige Berufspraxis oder</LA></DD> <DT>3.</DT><DD Font="normal"><LA Size="normal">eine mindestens sechsjährige Berufspraxis</LA></DD> </DL>nachweist. Die Berufspraxis im Sinne des Satzes 1 muß in Tätigkeiten auf Baustellen oder in Reparaturwerkstätten abgeleistet sein, die der beruflichen Fortbildung zum Baumaschinenmeister dienlich sind.</P><P>(2) Abweichend von Absatz 1 kann zur Prüfung auch zugelassen werden, wer durch Vorlage von Zeugnissen oder auf andere Weise glaubhaft macht, daß er Kenntnisse, Fertigkeiten und Erfahrungen erworben hat, die die Zulassung zur Prüfung rechtfertigen.</P></Content> </text><fussnoten/></textdaten></norm>
<norm builddate="20200305213005" doknr="BJNR001770985BJNE000402308"><metadaten><jurabk>BauMaschMeistPrV</jurabk><enbez>§ 3</enbez><titel format="XML">Gliederung und Inhalt der Prüfung</titel></metadaten><textdaten><text format="XML"><Content><P>(1) Die Qualifikation zum Geprüften Baumaschinenmeister umfasst: <DL Type="arabic"><DT>1.</DT><DD Font="normal"><LA>den wirtschafts-, rechts- und sozialkundlichen Teil nach § 4,</LA></DD><DT>2.</DT><DD Font="normal"><LA>den baumaschinentechnischen Teil nach § 5,</LA></DD><DT>3.</DT><DD Font="normal"><LA>den berufs- und arbeitspädagogischen Teil.</LA></DD></DL></P><P>(2) Die Prüfung besteht aus den Prüfungsteilen nach Absatz 1 Nummer 1 und 2. Diese können in beliebiger Reihenfolge an verschiedenen Prüfungsterminen geprüft werden; dabei ist mit dem letzten Prüfungsteil spätestens zwei Jahre nach dem ersten Prüfungstag des ersten Prüfungsteils zu beginnen.</P><P>(3) Der Erwerb der berufs- und arbeitspädagogischen Eignung ist durch eine erfolgreich abgelegte Prüfung nach § 4 der Ausbilder-Eignungsverordnung oder durch eine andere erfolgreich abgelegte vergleichbare Prüfung vor einer öffentlichen oder staatlich anerkannten Bildungseinrichtung oder vor einem staatlichen Prüfungsausschuss nachzuweisen. Der Prüfungsnachweis ist vor Beginn der letzten Prüfungsleistung zu erbringen.</P></Content></text><fussnoten/></textdaten></norm>
<norm builddate="20200305213005" doknr="BJNR001770985BJNE000502128"><metadaten><jurabk>BauMaschMeistPrV</jurabk><enbez>§ 4</enbez><titel format="XML">Wirtschafts-, rechts- und sozialkundlicher Teil</titel></metadaten><textdaten><text format="XML"><Content><P>(1) Im wirtschafts-, rechts- und sozialkundlichen Teil ist in folgenden Fächern zu prüfen: <DL Font="normal" Type="arabic"><DT>1.</DT><DD Font="normal"><LA Size="normal">Grundlagen für kostenbewußtes Handeln,</LA></DD><DT>2.</DT><DD Font="normal"><LA Size="normal">Grundlagen für rechtsbewußtes Handeln,</LA></DD><DT>3.</DT><DD Font="normal"><LA Size="normal">Grundlagen für die Zusammenarbeit auf der Arbeitsstätte.</LA></DD></DL></P><P>(2) Im Prüfungsfach &quot;Grundlagen für kostenbewußtes Handeln&quot; soll die zu prüfende Person nachweisen, daß sie wirtschaftliche Grundkenntnisse besitzt sowie wirtschaftliche Zusammenhänge erkennen und beurteilen kann. Darüber hinaus soll sie insbesondere nachweisen, daß sie Organisationsprobleme der Arbeitsstätte auch in ihrer Bedeutung als Kostenfaktoren beurteilen und notwendige Organisationstechniken an Hand von Beispielen aus der Praxis anwenden kann. In diesem Rahmen können geprüft werden: <DL Font="normal" Type="arabic"><DT>1.</DT><DD Font="normal"><LA Size="normal">Aus der Volkswirtschaftslehre:<DL Font="normal" Type="arabic"><DT>a)</DT><DD Font="normal"><LA Size="normal">Produktionsformen,</LA></DD><DT>b)</DT><DD Font="normal"><LA Size="normal">Wirtschaftssysteme,</LA></DD><DT>c)</DT><DD Font="normal"><LA Size="normal">nationale und internationale Unternehmens- und Organisationsformen und ihre Zusammenschlüsse,</LA></DD><DT>d)</DT><DD Font="normal"><LA Size="normal">nationale und internationale Organisationen und Verbände der Wirtschaft;</LA></DD></DL></LA></DD><DT>2.</DT><DD Font="normal"><LA Size="normal">aus der Betriebswirtschaftslehre:<DL Font="normal" Type="arabic"><DT>a)</DT><DD Font="normal"><LA Size="normal">Betriebsorganisation und Baubetriebslehre:<DL Font="normal" Type="arabic"><DT>aa)</DT><DD Font="normal"><LA Size="normal">Aufbauorganisation,</LA></DD><DT>bb)</DT><DD Font="normal"><LA Size="normal">Arbeitsplanung,</LA></DD><DT>cc)</DT><DD Font="normal"><LA Size="normal">Arbeitssteuerung,</LA></DD><DT>dd)</DT><DD Font="normal"><LA Size="normal">Arbeitskontrolle,</LA></DD><DT>ee)</DT><DD Font="normal"><LA Size="normal">Kostenrechnung,</LA></DD></DL></LA></DD><DT>b)</DT><DD Font="normal"><LA Size="normal">Organisations- und Informationstechniken.</LA></DD></DL></LA></DD></DL></P><P>(3) Im Prüfungsfach &quot;Grundlagen für rechtsbewußtes Handeln&quot; soll die zu prüfende Person rechtliche Grundkenntnisse nachweisen. Sie soll insbesondere an Hand von betriebsbezogenen und praxisnahen Fällen nachweisen, daß sie die Bedeutung der Rechtsvorschriften für seinen Funktionsbereich erkennen und beurteilen kann. In diesem Rahmen können geprüft werden: <DL Font="normal" Type="arabic"><DT>1.</DT><DD Font="normal"><LA Size="normal">Aus dem Grundgesetz:<DL Font="normal" Type="arabic"><DT>a)</DT><DD Font="normal"><LA Size="normal">Grundrechte,</LA></DD><DT>b)</DT><DD Font="normal"><LA Size="normal">Gesetzgebung,</LA></DD><DT>c)</DT><DD Font="normal"><LA Size="normal">Rechtsprechung;</LA></DD></DL></LA></DD><DT>2.</DT><DD Font="normal"><LA Size="normal">aus dem Arbeits- und Sozialrecht:<DL Font="normal" Type="arabic"><DT>a)</DT><DD Font="normal"><LA Size="normal">Arbeitsvertragsrecht,</LA></DD><DT>b)</DT><DD Font="normal"><LA Size="normal">Arbeitsschutzrecht einschließlich Arbeitssicherheitsrecht,</LA></DD><DT>c)</DT><DD Font="normal"><LA Size="normal">Betriebsverfassungsrecht, Mitbestimmungsrecht,</LA></DD><DT>d)</DT><DD Font="normal"><LA Size="normal">Tarifvertragsrecht,</LA></DD><DT>e)</DT><DD Font="normal"><LA Size="normal">Sozialversicherungsrecht;</LA></DD></DL></LA></DD><DT>3.</DT><DD Font="normal"><LA Size="normal">öffentliches und privates Baurecht sowie Umweltschutzrecht.</LA></DD></DL></P><P>(4) Im Prüfungsfach &quot;Grundlagen für die Zusammenarbeit auf der Arbeitsstätte&quot; soll die zu prüfende Person nachweisen, daß sie über soziologische Grundkenntnisse verfügt und soziologische Zusammenhänge auf der Arbeitsstätte erkennen und beurteilen kann. In diesem Rahmen können geprüft werden: <DL Font="normal" Type="arabic"><DT>1.</DT><DD Font="normal"><LA Size="normal">Grundlagen des Sozialverhaltens der Menschen:<DL Font="normal" Type="arabic"><DT>a)</DT><DD Font="normal"><LA Size="normal">Entwicklungsprozeß des einzelnen,</LA></DD><DT>b)</DT><DD Font="normal"><LA Size="normal">Gruppenverhalten;</LA></DD></DL></LA></DD><DT>2.</DT><DD Font="normal"><LA Size="normal">Einflüsse des Betriebes und der Baustelle auf das Sozialverhalten:<DL Font="normal" Type="arabic"><DT>a)</DT><DD Font="normal"><LA Size="normal">Arbeitsorganisation und soziale Maßnahmen,</LA></DD><DT>b)</DT><DD Font="normal"><LA Size="normal">Gestaltung des Arbeitsplatzes und der Baustelleneinrichtungen,</LA></DD><DT>c)</DT><DD Font="normal"><LA Size="normal">Führungsgrundsätze;</LA></DD></DL></LA></DD><DT>3.</DT><DD Font="normal"><LA Size="normal">Einflüsse des Baumaschinenmeisters auf die Zusammenarbeit im Betrieb und auf der Baustelle:<DL Font="normal" Type="arabic"><DT>a)</DT><DD Font="normal"><LA Size="normal">Rolle des Baumaschinenmeisters,</LA></DD><DT>b)</DT><DD Font="normal"><LA Size="normal">Kooperation und Kommunikation,</LA></DD><DT>c)</DT><DD Font="normal"><LA Size="normal">Führungstechniken und Führungsverhalten.</LA></DD></DL></LA></DD></DL></P><P>(5) Die Prüfung in den in Absatz 1 genannten Prüfungsfächern ist schriftlich und in dem in Absatz 1 Nr. 3 genannten Prüfungsfach auch mündlich durchzuführen.</P><P>(6) Die schriftliche Prüfung soll nicht länger als 7 Stunden dauern. Sie besteht je Prüfungsfach aus einer unter Aufsicht anzufertigenden Arbeit von mindestens 1,5 Stunden Dauer.</P><P>(7) In der mündlichen Prüfung in dem in Absatz 1 Nr. 3 genannten Prüfungsfach soll die zu prüfende Person nachweisen, daß sie in der Lage ist, bestimmte berufstypische Situationen zu erkennen, ihre Ursachen zu klären und sachgerechte Lösungsvorschläge zu machen. Es ist von einer praxisbezogenen, betrieblichen Situationsaufgabe auszugehen. Die Prüfung soll für die zu prüfende Person nicht länger als 30 Minuten dauern.</P><P>(8) Wurde in nicht mehr als einem der in Absatz 1 Nummer 1 und 2 genannten Fächer eine mangelhafte Prüfungsleistung erbracht, ist in diesem eine mündliche Ergänzungsprüfung anzubieten. Bei einer ungenügenden Prüfungsleistung besteht diese Möglichkeit nicht. Die Ergänzungsprüfung soll in der Regel nicht länger als 20 Minuten dauern. Die Bewertung der schriftlichen Prüfungsleistung und die der mündlichen Ergänzungsprüfung werden zu einer Note zusammengefasst. Dabei wird die Bewertung der schriftlichen Prüfungsleistung doppelt gewichtet.</P></Content></text><fussnoten><Content><P>(+++ Zur Anwendung vgl. §§ 1 u. 3 FortbVenÄndV6AnwV +++)</P></Content></fussnoten></textdaten></norm>
<norm builddate="20200305213005" doknr="BJNR001770985BJNE000602128"><metadaten><jurabk>BauMaschMeistPrV</jurabk><enbez>§ 5</enbez><titel format="XML">Baumaschinentechnischer Teil</titel></metadaten><textdaten><text format="XML"><Content><P>(1) Im baumaschinentechnischen Teil ist in folgenden Fächern zu prüfen: <DL Font="normal" Type="arabic"><DT>1.</DT><DD Font="normal"><LA Size="normal">Maschinentechnische Grundlagen,</LA></DD><DT>2.</DT><DD Font="normal"><LA Size="normal">Baumaschinen und Baugeräte,</LA></DD><DT>3.</DT><DD Font="normal"><LA Size="normal">Instandhaltungs- und Instandsetzungstechnik,</LA></DD><DT>4.</DT><DD Font="normal"><LA Size="normal">Baubetriebstechnik.</LA></DD></DL></P><P>(2) Im Prüfungsfach &quot;Maschinentechnische Grundlagen&quot; soll die zu prüfende Person nachweisen, daß sie mathematische und naturwissenschaftliche Kenntnisse zur Lösung technischer Aufgabenstellungen auch mit Hilfe von Rechengeräten und Tabellenbüchern anwenden kann. Darüber hinaus soll sie nachweisen, daß sie technische Zeichnungen und Skizzen als Grundlagen für Arbeitsanweisungen benutzen sowie die im Baumaschinenbereich üblichen Werkstoffe hinsichtlich der technologischen Eigenschaften und Verwendungsmöglichkeiten beschreiben kann. In diesem Rahmen können geprüft werden: <DL Font="normal" Type="arabic"><DT>1.</DT><DD Font="normal"><LA Size="normal">Rechnen mit Größengleichungen, Zahlenwertgleichungen und Einheitengleichungen;</LA></DD><DT>2.</DT><DD Font="normal"><LA Size="normal">Berechnen technischer Größen, insbesondere:<DL Font="normal" Type="arabic"><DT>a)</DT><DD Font="normal"><LA Size="normal">Kräfte und Momente,</LA></DD><DT>b)</DT><DD Font="normal"><LA Size="normal">Arbeit, Leistung und Wirkungsgrad,</LA></DD><DT>c)</DT><DD Font="normal"><LA Size="normal">gleichförmige und gleichmäßig beschleunigte Bewegung,</LA></DD><DT>d)</DT><DD Font="normal"><LA Size="normal">einfache Festigkeitsberechnungen,</LA></DD><DT>e)</DT><DD Font="normal"><LA Size="normal">Strom, Spannung und Widerstand;</LA></DD></DL></LA></DD><DT>3.</DT><DD Font="normal"><LA Size="normal">Anfertigen von fertigungstechnischen Skizzen unter Beachtung der Zeichnungsnormen;</LA></DD><DT>4.</DT><DD Font="normal"><LA Size="normal">Eigenschaften und Verwendung metallischer Werkstoffe sowie Änderung von Werkstoffeigenschaften durch Wärmebehandlung;</LA></DD><DT>5.</DT><DD Font="normal"><LA Size="normal">Eigenschaften und Anforderungen an Kunststoffe bei Verwendung in Baumaschinen;</LA></DD><DT>6.</DT><DD Font="normal"><LA Size="normal">Eigenschaften und Anforderungen an Otto- und Dieselkraftstoffe sowie ihre Lagerung;</LA></DD><DT>7.</DT><DD Font="normal"><LA Size="normal">Eigenschaften und Anwendungsbereiche von Schmierstoffen.</LA></DD></DL></P><P>(3) Im Prüfungsfach &quot;Baumaschinen und Baugeräte&quot; soll die zu prüfende Person nachweisen, daß sie Aufbau, Funktion und Einsatzbedingungen der in den verschiedenen Baubereichen einzusetzenden Maschinen und Geräte kennt und aus ihren Kenngrößen Zuordnungen der Maschinen und Geräte zueinander ableiten kann. Darüber hinaus soll sie nachweisen, daß sie die Grundlagen der Steuerungs- und Regelungstechnik kennt und ihre Bedeutung bei Baumaschinen und Baugeräten erläutern kann. In diesem Rahmen können geprüft werden: <DL Font="normal" Type="arabic"><DT>1.</DT><DD Font="normal"><LA Size="normal">Maschinen und Geräte zur Betonherstellung und -verarbeitung, insbesondere Betonmischer, Betonmischanlagen, Dosier- und Zuteilanlagen, Waagensysteme für Bindemittel und Zuschläge, Betonpumpen und Zusatzgeräte, Betonförderleitungen mit Rohrbögen und Schläuchen, Betoninnen- und -außenrüttler;</LA></DD><DT>2.</DT><DD Font="normal"><LA Size="normal">Transport- und Fördereinrichtungen, insbesondere Bauaufzüge, Serien- und Kleinhebezeuge, Turmkrane, Mobil- und Autokrane, Lastaufnahmeeinrichtungen, Personenaufnahmemittel;</LA></DD><DT>3.</DT><DD Font="normal"><LA Size="normal">Erdbaumaschinen, insbesondere Seil- und Hydraulikbagger, Planier- und Ladegeräte auf Rädern und Ketten, Ramm- und Ziehgeräte, Stampfer, Vibrationsplatten und Walzen;</LA></DD><DT>4.</DT><DD Font="normal"><LA Size="normal">Maschinen und Geräte für Grundwasserabsenkung und Wasserversorgung, insbesondere Wasserpumpen auf Baustellen, Wasserförderung mit Pumpen, Pumpen und ihr Zubehör für offene und geschlossene Grundwasserabsenkung;</LA></DD><DT>5.</DT><DD Font="normal"><LA Size="normal">Maschinen und Geräte für den Grundbau, insbesondere Bohrverfahren beim Dreh- und Drehschlagbohren, Ein- und Mehrseilgreifer, Bohrgreifer, Schlitzwandgreifer;</LA></DD><DT>6.</DT><DD Font="normal"><LA Size="normal">Maschinen und Geräte für den Straßenbau, insbesondere Deckenfertiger auf Raupen und Rädern, Einbaubohle und deren Bauteile, Beheizungsmöglichkeiten der Einbaubohle, manuelle und automatische Nivelliereinrichtungen, Maschinen zur Bodenstabilisierung;</LA></DD><DT>7.</DT><DD Font="normal"><LA Size="normal">Druckluft- und Tunnelbaugeräte, insbesondere druckluftbetriebene Handwerkzeuge und Maschinen, Bewetterungsanlagen und deren Leitungssysteme, Drucklufterzeuger.</LA></DD></DL></P><P>(4) Im Prüfungsfach &quot;Instandhaltungs- und Instandsetzungstechnik&quot; soll die zu prüfende Person nachweisen, daß sie durch Messen und Prüfen auf den Zustand und den Verschleiß der Maschinen und Geräte schließen, Störungen feststellen und bei der Instandsetzung die zur Schadensbeseitigung notwendigen Auswechselteile bestimmen sowie die erforderlichen Bearbeitungs- und Verbindungstechniken beurteilen und auswählen kann. Sie soll ferner nachweisen, daß sie den Aufbau und die Funktion von Verbrennungsmotoren kennt und geeignete Maßnahmen zu ihrer Wartung und Instandsetzung in Baumaschinen beurteilen und auswählen kann. Außerdem soll sie nachweisen, daß sie die Wirkungen und Gefahren des elektrischen Stroms kennt und bei der Feststellung von Mängeln deren Beseitigung veranlassen kann. In diesem Rahmen können geprüft werden: <DL Font="normal" Type="arabic"><DT>1.</DT><DD Font="normal"><LA Size="normal">Verfahren zum Messen und Bearbeiten, insbesondere Meßzeuge und Meßverfahren, Toleranzen nach DIN, Verfahren der spanlosen und spangebenden Fertigung einschließlich der zugehörigen Bearbeitungsmaschinen und Werkzeuge;</LA></DD><DT>2.</DT><DD Font="normal"><LA Size="normal">Verbindungstechniken, insbesondere Schrauben, Stiften, Splinten, Keilen, Pressen, Schweißen und Löten;</LA></DD><DT>3.</DT><DD Font="normal"><LA Size="normal">Maschinenelemente und Baugruppen, insbesondere Achsen, Wellen, Zapfen, Lager, Zahnräder, Dichtungen, Ketten und Seile, Kupplungen, Getriebe und Bremsen;</LA></DD><DT>4.</DT><DD Font="normal"><LA Size="normal">Grundlagen der Hydraulik und Pneumatik, insbesondere Grundelemente für Hydraulik- und Pneumatik-Systeme sowie Schaltbildzeichen, Anwendungsbereiche von Hydraulik- und Pneumatik-Systemen, Eigenschaften und Einsatzbedingungen für Hydraulik-Flüssigkeiten, Beseitigung von Störungen in Hydraulik- und Pneumatik-Kreisläufen;</LA></DD><DT>5.</DT><DD Font="normal"><LA Size="normal">Grundlagen der Elektrotechnik, insbesondere Baumaschinen- und Kfz-Elektrik, elektrische Antriebs-, Versorgungs-, Schutz- und Sicherungssysteme, Vorschriften und Anweisungen beim Eingriff in elektrische Anlagen, elektronische Grundbegriffe;</LA></DD><DT>6.</DT><DD Font="normal"><LA Size="normal">Energieumsetzung und wirtschaftlicher Energieeinsatz bei Verbrennungskraftmaschinen;</LA></DD><DT>7.</DT><DD Font="normal"><LA Size="normal">Wartungs- und Einstellungsarbeiten an Verbrennungskraftmaschinen.</LA></DD></DL></P><P>(5) Im Prüfungsfach &quot;Baubetriebstechnik&quot; soll die zu prüfende Person nachweisen, daß sie an Hand von Situationsbeschreibungen und zeichnerischen Darstellungen mit Hilfe einschlägiger Unterlagen eine baubetriebstechnische Aufgabe lösen und die Lösungsschritte begründen kann. In dieser baubetriebstechnischen Aufgabe soll das Einrichten, Führen und Auflösen einer Arbeitsstätte in baumaschinentechnischer Hinsicht einschließlich technischer und personeller Ausstattung unter Berücksichtigung der Arbeitsvorbereitung, der Zeitplanung sowie der Arbeitssicherheits- und Umweltschutzbestimmungen erarbeitet und dargestellt werden. In diesem Rahmen können geprüft werden: <DL Font="normal" Type="arabic"><DT>1.</DT><DD Font="normal"><LA Size="normal">Einrichten einer Arbeitsstätte:<DL Font="normal" Type="arabic"><DT>a)</DT><DD Font="normal"><LA Size="normal">Geräte und Maschinen,</LA></DD><DT>b)</DT><DD Font="normal"><LA Size="normal">Energie- und Wasserversorgung,</LA></DD><DT>c)</DT><DD Font="normal"><LA Size="normal">Personaleinsatz,</LA></DD><DT>d)</DT><DD Font="normal"><LA Size="normal">Betriebsstoffe und Ersatzteile;</LA></DD></DL></LA></DD><DT>2.</DT><DD Font="normal"><LA Size="normal">Führen einer Arbeitsstätte:<DL Font="normal" Type="arabic"><DT>a)</DT><DD Font="normal"><LA Size="normal">Überwachen und Kontrollieren des Gerätezustandes,</LA></DD><DT>b)</DT><DD Font="normal"><LA Size="normal">Erkennen von Betriebsstörungen,</LA></DD><DT>c)</DT><DD Font="normal"><LA Size="normal">Instandhalten von Baugeräten und Bauanlagen;</LA></DD></DL></LA></DD><DT>3.</DT><DD Font="normal"><LA Size="normal">Auflösen einer Arbeitsstätte:<DL Font="normal" Type="arabic"><DT>a)</DT><DD Font="normal"><LA Size="normal">Auflösen und Abtransportieren der maschinentechnischen Einrichtungen sowie Wiederherstellen des ursprünglichen Zustandes der Versorgungseinrichtungen,</LA></DD><DT>b)</DT><DD Font="normal"><LA Size="normal">Erstellen von Gerätezustandsberichten,</LA></DD><DT>c)</DT><DD Font="normal"><LA Size="normal">Erfassen von Betriebsstoffen und Ersatzteilen.</LA></DD></DL></LA></DD></DL></P><P>(6) Die schriftliche Prüfung besteht je Prüfungsfach aus einer unter Aufsicht anzufertigenden Arbeit und soll insgesamt nicht länger als 12 Stunden dauern. Die Mindestzeiten betragen im Prüfungsfach: <BR/><table frame="none" tocentry="%yes;"><tgroup align="left" char="" charoff="50" cols="3" colsep="0" rowsep="0"><colspec colname="col1" colnum="1" colwidth="5*"/><colspec colname="col2" colnum="2" colwidth="40*"/><colspec colname="col3" colnum="3" colwidth="20*"/><tbody valign="top"><row><entry VJ="1" align="left" colsep="0" valign="top">1.</entry><entry VJ="1" align="left" colsep="0" valign="top">Maschinentechnische Grundlagen:</entry><entry VJ="1" align="right" colsep="0" valign="bottom">2 Stunden,</entry></row><row><entry VJ="1" align="left" colsep="0" valign="top">2.</entry><entry VJ="1" align="left" colsep="0" valign="top">Baumaschinen und Baugeräte:</entry><entry VJ="1" align="right" colsep="0" valign="bottom">2 Stunden,</entry></row><row><entry VJ="1" align="left" colsep="0" valign="top">3.</entry><entry VJ="1" align="left" colsep="0" valign="top">Instandhaltungs- und Instandsetzungstechnik:</entry><entry VJ="1" align="right" colsep="0" valign="bottom">3 Stunden,</entry></row><row><entry VJ="1" align="left" colsep="0" valign="top">4.</entry><entry VJ="1" align="left" colsep="0" valign="top">Baubetriebstechnik:</entry><entry VJ="1" align="right" colsep="0" valign="bottom">3 Stunden.</entry></row></tbody></tgroup></table></P><P>(7) Wurde in nicht mehr als einem der in Absatz 1 genannten Fächer eine mangelhafte Prüfungsleistung erbracht, ist in diesem eine mündliche Ergänzungsprüfung anzubieten. Bei einer ungenügenden Prüfungsleistung besteht diese Möglichkeit nicht. Die Ergänzungsprüfung soll in der Regel nicht länger als 20 Minuten dauern. Die Bewertung der schriftlichen Prüfungsleistung und die der mündlichen Ergänzungsprüfung werden zu einer Note zusammengefasst. Dabei wird die Bewertung der schriftlichen Prüfungsleistung doppelt gewichtet.</P></Content></text><fussnoten><Content><P>(+++ Zur Anwendung vgl. §§ 1 u. 3 FortbVenÄndV6AnwV +++)</P></Content></fussnoten></textdaten></norm>
<norm builddate="20200305213005" doknr="BJNR001770985BJNE000803128"><metadaten><jurabk>BauMaschMeistPrV</jurabk><enbez>§ 6</enbez><titel format="XML">Befreiung von einzelnen Prüfungsbestandteilen</titel></metadaten><textdaten><text format="XML"><Content><P>Wird die zu prüfende Person nach § 56 Absatz 2 des Berufsbildungsgesetzes oder nach § 42c Absatz 2 der Handwerksordnung von der Ablegung einzelner Prüfungsbestandteile befreit, bleiben diese Prüfungsbestandteile für die Anwendung der §§ 7 und 8 außer Betracht. Für die übrigen Prüfungsbestandteile erhöhen sich die Anteile nach § 7 Absatz 2 Satz 2 und 4, Absatz 3 Satz 2 oder § 8 Absatz 4 Satz 2 entsprechend ihrem Verhältnis zueinander. Allein diese Prüfungsbestandteile sind den Entscheidungen des Prüfungsausschusses zugrunde zu legen.</P></Content></text><fussnoten><Content><P>(+++ Zur Anwendung vgl. §§ 1 u. 3 FortbVenÄndV6AnwV +++)</P></Content></fussnoten></textdaten></norm>
<norm builddate="20200305213005" doknr="BJNR001770985BJNE000903128"><metadaten><jurabk>BauMaschMeistPrV</jurabk><enbez>§ 7</enbez><titel format="XML">Bewertung von Prüfungsleistungen</titel></metadaten><textdaten><text format="XML"><Content><P>(1) Jede Prüfungsleistung ist nach Maßgabe der Anlage 1 mit Punkten zu bewerten.</P><P>(2) Im wirtschafts-, rechts- und sozialkundlichen Teil sind jeweils einzeln zu bewerten: <DL Type="arabic"><DT>1.</DT><DD Font="normal"><LA>die schriftlichen Prüfungsleistungen in den Prüfungsfächern „Grundlagen für kostenbewusstes Handeln“ und „Grundlagen für rechtsbewusstes Handeln“,</LA></DD><DT>2.</DT><DD Font="normal"><LA>die Prüfungsleistungen im Prüfungsfach „Grundlagen für die Zusammenarbeit auf der Arbeitsstätte“ in der schriftlichen und in der mündlichen Prüfung.</LA></DD></DL>Aus den Bewertungen für die schriftliche und die mündliche Prüfungsleistung im Prüfungsfach „Grundlagen für die Zusammenarbeit auf der Arbeitsstätte“ wird als zusammengefasste Bewertung des Prüfungsfachs das gewichtete arithmetische Mittel berechnet. Dabei sind die Bewertungen wie folgt zu gewichten: <DL Type="arabic"><DT>1.</DT><DD Font="normal"><LA>die schriftliche Prüfungsleistung mit einem Drittel und</LA></DD><DT>2.</DT><DD Font="normal"><LA>die mündliche Prüfungsleistung mit zwei Dritteln.</LA></DD></DL>Aus den einzelnen Bewertungen der Prüfungsfächer wird als Bewertung des Prüfungsteils das arithmetische Mittel berechnet.</P><P>(3) Im baumaschinentechnischen Teil sind die Prüfungsleistungen in jedem Prüfungsfach einzeln zu bewerten. Aus den einzelnen Bewertungen wird als Bewertung des Prüfungsteils das arithmetische Mittel berechnet.</P></Content></text><fussnoten><Content><P>(+++ Zur Anwendung vgl. §§ 1 u. 3 FortbVenÄndV6AnwV +++)</P></Content></fussnoten></textdaten></norm>
<norm builddate="20200305213005" doknr="BJNR001770985BJNE001500128"><metadaten><jurabk>BauMaschMeistPrV</jurabk><enbez>§ 8</enbez><titel format="XML">Bestehen der Prüfung, Gesamtnote</titel></metadaten><textdaten><text format="XML"><Content><P>(1) Die Prüfung ist bestanden, wenn ohne Rundung in den folgenden Prüfungsleistungen jeweils mindestens 50 Punkte erreicht worden sind: <DL Type="arabic"><DT>1.</DT><DD Font="normal"><LA>Im wirtschafts-, rechts- und sozialkundlichen Teil und</LA></DD><DT>2.</DT><DD Font="normal"><LA>in jedem Prüfungsfach des baumaschinentechnischen Teils.</LA></DD></DL></P><P>(2) Ist die Prüfung bestanden, so werden die folgenden Bewertungen jeweils kaufmännisch auf eine ganze Zahl gerundet: <DL Type="arabic"><DT>1.</DT><DD Font="normal"><LA>die Bewertung für den wirtschafts-, rechts- und sozialkundlichen Teil,</LA></DD><DT>2.</DT><DD Font="normal"><LA>die Bewertung für den baumaschinentechnischen Teil.</LA></DD></DL></P><P>(3) Den Bewertungen für den wirtschafts-, rechts- und sozialkundlichen Teil, den drei Prüfungsfächern des wirtschafts-, rechts- und sozialkundlichen Teils sowie für den baumaschinentechnischen Teil und den vier Prüfungsfächern des baumaschinentechnischen Teils ist nach Anlage 1 die jeweilige Note als Dezimalzahl zuzuordnen.</P><P>(4) Für die Bildung einer Gesamtnote ist als Gesamtpunktzahl das gewichtete arithmetische Mittel zu berechnen. Dabei werden die Punktebewertungen wie folgt gewichtet: <DL Type="arabic"><DT>1.</DT><DD Font="normal"><LA>für den wirtschafts-, rechts- und sozialkundlichen Teil mit 25 Prozent,</LA></DD><DT>2.</DT><DD Font="normal"><LA>für den baumaschinentechnischen Teil mit 75 Prozent.</LA></DD></DL><BR/> Die Gesamtpunktzahl ist kaufmännisch auf eine ganze Zahl zu runden. Der gerundeten Gesamtpunktzahl wird nach Anlage 1 eine Note als Dezimalzahl und die Note in Worten zugeordnet. Die zugeordnete Note ist die Gesamtnote.</P></Content></text><fussnoten><Content><P>(+++ Zur Anwendung vgl. §§ 1 u. 3 FortbVenÄndV6AnwV +++)</P></Content></fussnoten></textdaten></norm>
<norm builddate="20200305213005" doknr="BJNR001770985BJNE001600128"><metadaten><jurabk>BauMaschMeistPrV</jurabk><enbez>§ 9</enbez><titel format="XML">Zeugnisse</titel></metadaten><textdaten><text format="XML"><Content><P>(1) Wer die Prüfung nach § 8 Absatz 1 bestanden hat, erhält von der zuständigen Stelle zwei Zeugnisse nach der Anlage 2 Teil A und B.</P><P>(2) Auf dem Zeugnis mit den Inhalten nach der Anlage 2 Teil B sind die Noten als Dezimalzahlen mit einer Nachkommastelle und die Gesamtnote als Dezimalzahl mit einer Nachkommastelle und in Worten anzugeben. Jede Befreiung nach § 6 ist mit Ort, Datum und Bezeichnung des Prüfungsgremiums der anderen vergleichbaren Prüfung anzugeben.</P><P>(3) Die Zeugnisse können zusätzliche nicht amtliche Bemerkungen zur Information (Bemerkungen) enthalten, insbesondere <DL Type="arabic"><DT>1.</DT><DD Font="normal"><LA>über den erworbenen Abschluss oder</LA></DD><DT>2.</DT><DD Font="normal"><LA>auf Antrag der geprüften Person über während oder anlässlich der Fortbildung erworbene besondere oder zusätzliche Fertigkeiten, Kenntnisse und Fähigkeiten.</LA></DD></DL></P></Content></text><fussnoten><Content><P>(+++ Zur Anwendung vgl. §§ 1 u. 3 FortbVenÄndV6AnwV +++)</P></Content></fussnoten></textdaten></norm>
<norm builddate="20200305213005" doknr="BJNR001770985BJNE001003128"><metadaten><jurabk>BauMaschMeistPrV</jurabk><enbez>§ 10</enbez><titel format="XML">Wiederholung der Prüfung</titel></metadaten><textdaten><text format="XML"><Content><P>(1) Ist die Prüfung nicht bestanden, kann sie zweimal wiederholt werden.</P><P>(2) Mit dem Antrag auf Wiederholung der Prüfung wird zu prüfende Person von einzelnen Prüfungsteilen und Prüfungsfächern befreit, wenn sie darin in einer vorangegangenen Prüfung mindestens ausreichende Leistungen erbracht hat und sie sich innerhalb von zwei Jahren, gerechnet vom Tage der Beendigung der nicht bestandenen Prüfung an, zur Wiederholungsprüfung angemeldet hat. Die zu prüfende Person kann beantragen, auch bestandene Prüfungsleistungen zu wiederholen. In diesem Fall wird das letzte Ergebnis berücksichtigt.</P></Content></text><fussnoten><Content><P>(+++ Zur Anwendung vgl. §§ 1 u. 3 FortbVenÄndV6AnwV +++)</P></Content></fussnoten></textdaten></norm>
<norm builddate="20200305213005" doknr="BJNR001770985BJNE001103128"><metadaten><jurabk>BauMaschMeistPrV</jurabk><enbez>§ 11</enbez><titel format="XML">Übergangsvorschrift</titel></metadaten><textdaten><text format="XML"><Content><P>Die bis zum Ablauf des 31. August 2009 begonnenen Prüfungsverfahren können nach den bisherigen Vorschriften zu Ende geführt werden.</P></Content></text><fussnoten><Content><P>(+++ Zur Anwendung vgl. §§ 1 u. 3 FortbVenÄndV6AnwV +++)</P></Content></fussnoten></textdaten></norm>
<norm builddate="20200305213005" doknr="BJNR001770985BJNE001201128"><metadaten><jurabk>BauMaschMeistPrV</jurabk><enbez>§ 12</enbez><titel format="XML">Inkrafttreten</titel></metadaten><textdaten><text format="XML"><Content><P>Diese Verordnung tritt am 1. August 1985 in Kraft.</P></Content></text><fussnoten><Content><P>(+++ Zur Anwendung vgl. §§ 1 u. 3 FortbVenÄndV6AnwV +++)</P></Content></fussnoten></textdaten></norm>
<norm builddate="20200305213005" doknr="BJNR001770985BJNE001301128"><metadaten><jurabk>BauMaschMeistPrV</jurabk><enbez>Schlußformel</enbez></metadaten><textdaten><text format="XML"><Content><P><SP>Der Bundesminister für Bildung und Wissenschaft</SP></P></Content></text><fussnoten/></textdaten></norm>
<norm builddate="20200305213005" doknr="BJNR001770985BJNE001404128"><metadaten><jurabk>BauMaschMeistPrV</jurabk><enbez>Anlage 1</enbez><titel format="XML">(zu den §§ 7 und 8)<BR/>Bewertungsmaßstab und -schlüssel</titel></metadaten><textdaten><text format="XML"><Content><P><noindex><kommentar typ="Fundstelle">(Fundstelle: BGBl. I 2019, 2183 - 2184)</kommentar></noindex></P><BR/><BR/><table colsep="1" frame="all" pgwide="1" rowsep="1" tabstyle="Bewertung" tocentry="%yes;"><tgroup align="left" char="" charoff="50" cols="4"><colspec align="center" colname="col1" colnum="1" colwidth="26*"/><colspec align="center" colname="col2" colnum="2" colwidth="26*"/><colspec align="center" colname="col3" colnum="3" colwidth="33*"/><colspec align="justify" colname="col4" colnum="4" colwidth="74*"/><thead valign="bottom"><row><entry VJ="1" colname="col1" valign="middle">Punkte</entry><entry VJ="1" colname="col2" valign="middle">Note<BR/>als Dezimalzahl</entry><entry VJ="1" colname="col3" valign="middle">Note<BR/> in Worten</entry><entry VJ="1" align="center" colname="col4" valign="middle">Definition</entry></row></thead><tbody valign="top"><row><entry VJ="1" colname="col1" valign="middle">100</entry><entry VJ="1" colname="col2" valign="middle">1,0</entry><entry VJ="1" colname="col3" morerows="4" valign="middle">sehr gut</entry><entry VJ="1" colname="col4" morerows="4" valign="middle">eine Leistung, die den Anforderungen in besonderem Maß entspricht</entry></row><row><entry VJ="1" colname="col1" valign="middle">98 und 99</entry><entry VJ="1" colname="col2" valign="middle">1,1</entry></row><row><entry VJ="1" colname="col1" valign="middle">96 und 97</entry><entry VJ="1" colname="col2" valign="middle">1,2</entry></row><row><entry VJ="1" colname="col1" valign="middle">94 und 95</entry><entry VJ="1" colname="col2" valign="middle">1,3</entry></row><row><entry VJ="1" colname="col1" valign="middle">92 und 93</entry><entry VJ="1" colname="col2" valign="middle">1,4</entry></row><row><entry VJ="1" colname="col1" valign="middle">91</entry><entry VJ="1" colname="col2" valign="middle">1,5</entry><entry VJ="1" colname="col3" morerows="9" valign="middle">gut</entry><entry VJ="1" colname="col4" morerows="9" valign="middle">eine Leistung, die den Anforderungen voll entspricht</entry></row><row><entry VJ="1" colname="col1" valign="middle">90</entry><entry VJ="1" colname="col2" valign="middle">1,6</entry></row><row><entry VJ="1" colname="col1" valign="middle">89</entry><entry VJ="1" colname="col2" valign="middle">1,7</entry></row><row><entry VJ="1" colname="col1" valign="middle">88</entry><entry VJ="1" colname="col2" valign="middle">1,8</entry></row><row><entry VJ="1" colname="col1" valign="middle">87</entry><entry VJ="1" colname="col2" valign="middle">1,9</entry></row><row><entry VJ="1" colname="col1" valign="middle">85 und 86</entry><entry VJ="1" colname="col2" valign="middle">2,0</entry></row><row><entry VJ="1" colname="col1" valign="middle">84</entry><entry VJ="1" colname="col2" valign="middle">2,1</entry></row><row><entry VJ="1" colname="col1" valign="middle">83</entry><entry VJ="1" colname="col2" valign="middle">2,2</entry></row><row><entry VJ="1" colname="col1" valign="middle">82</entry><entry VJ="1" colname="col2" valign="middle">2,3</entry></row><row><entry VJ="1" colname="col1" valign="middle">81</entry><entry VJ="1" colname="col2" valign="middle">2,4</entry></row><row><entry VJ="1" colname="col1" valign="middle">79 und 80</entry><entry VJ="1" colname="col2" valign="middle">2,5</entry><entry VJ="1" colname="col3" morerows="9" valign="middle">befriedigend</entry><entry VJ="1" colname="col4" morerows="9" valign="middle">eine Leistung, die den Anforderungen im Allgemeinen entspricht</entry></row><row><entry VJ="1" colname="col1" valign="middle">78</entry><entry VJ="1" colname="col2" valign="middle">2,6</entry></row><row><entry VJ="1" colname="col1" valign="middle">77</entry><entry VJ="1" colname="col2" valign="middle">2,7</entry></row><row><entry VJ="1" colname="col1" valign="middle">75 und 76</entry><entry VJ="1" colname="col2" valign="middle">2,8</entry></row><row><entry VJ="1" colname="col1" valign="middle">74</entry><entry VJ="1" colname="col2" valign="middle">2,9</entry></row><row><entry VJ="1" colname="col1" valign="middle">72 und 73</entry><entry VJ="1" colname="col2" valign="middle">3,0</entry></row><row><entry VJ="1" colname="col1" valign="middle">71</entry><entry VJ="1" colname="col2" valign="middle">3,1</entry></row><row><entry VJ="1" colname="col1" valign="middle">70</entry><entry VJ="1" colname="col2" valign="middle">3,2</entry></row><row><entry VJ="1" colname="col1" valign="middle">68 und 69</entry><entry VJ="1" colname="col2" valign="middle">3,3</entry></row><row><entry VJ="1" colname="col1" valign="middle">67</entry><entry VJ="1" colname="col2" valign="middle">3,4</entry></row><row><entry VJ="1" colname="col1" valign="middle">65 und 66</entry><entry VJ="1" colname="col2" valign="middle">3,5</entry><entry VJ="1" colname="col3" morerows="9" valign="middle">ausreichend</entry><entry VJ="1" colname="col4" morerows="9" valign="middle">eine Leistung, die zwar Mängel aufweist, aber im Ganzen den Anforderungen noch entspricht</entry></row><row><entry VJ="1" colname="col1" valign="middle">63 und 64</entry><entry VJ="1" colname="col2" valign="middle">3,6</entry></row><row><entry VJ="1" colname="col1" valign="middle">62</entry><entry VJ="1" colname="col2" valign="middle">3,7</entry></row><row><entry VJ="1" colname="col1" valign="middle">60 und 61</entry><entry VJ="1" colname="col2" valign="middle">3,8</entry></row><row><entry VJ="1" colname="col1" valign="middle">58 und 59</entry><entry VJ="1" colname="col2" valign="middle">3,9</entry></row><row><entry VJ="1" colname="col1" valign="middle">56 und 57</entry><entry VJ="1" colname="col2" valign="middle">4,0</entry></row><row><entry VJ="1" colname="col1" valign="middle">55</entry><entry VJ="1" colname="col2" valign="middle">4,1</entry></row><row><entry VJ="1" colname="col1" valign="middle">53 und 54</entry><entry VJ="1" colname="col2" valign="middle">4,2</entry></row><row><entry VJ="1" colname="col1" valign="middle">51 und 52</entry><entry VJ="1" colname="col2" valign="middle">4,3</entry></row><row><entry VJ="1" colname="col1" valign="middle">50</entry><entry VJ="1" colname="col2" valign="middle">4,4</entry></row><row><entry VJ="1" colname="col1" valign="middle">48 und 49</entry><entry VJ="1" colname="col2" valign="middle">4,5</entry><entry VJ="1" colname="col3" morerows="9" valign="middle">mangelhaft</entry><entry VJ="1" colname="col4" morerows="9" valign="middle">eine Leistung, die den Anforderungen nicht entspricht, jedoch erkennen lässt, dass gewisse Grundkenntnisse noch vorhanden sind</entry></row><row><entry VJ="1" colname="col1" valign="middle">46 und 47</entry><entry VJ="1" colname="col2" valign="middle">4,6</entry></row><row><entry VJ="1" colname="col1" valign="middle">44 und 45</entry><entry VJ="1" colname="col2" valign="middle">4,7</entry></row><row><entry VJ="1" colname="col1" valign="middle">42 und 43</entry><entry VJ="1" colname="col2" valign="middle">4,8</entry></row><row><entry VJ="1" colname="col1" valign="middle">40 und 41</entry><entry VJ="1" colname="col2" valign="middle">4,9</entry></row><row><entry VJ="1" colname="col1" valign="middle">38 und 39</entry><entry VJ="1" colname="col2" valign="middle">5,0</entry></row><row><entry VJ="1" colname="col1" valign="middle">36 und 37</entry><entry VJ="1" colname="col2" valign="middle">5,1</entry></row><row><entry VJ="1" colname="col1" valign="middle">34 und 35</entry><entry VJ="1" colname="col2" valign="middle">5,2</entry></row><row><entry VJ="1" colname="col1" valign="middle">32 und 33</entry><entry VJ="1" colname="col2" valign="middle">5,3</entry></row><row><entry VJ="1" colname="col1" valign="middle">30 und 31</entry><entry VJ="1" colname="col2" valign="middle">5,4</entry></row><row><entry VJ="1" colname="col1" valign="middle">25 bis 29</entry><entry VJ="1" colname="col2" valign="middle">5,5</entry><entry VJ="1" colname="col3" morerows="5" valign="middle">ungenügend</entry><entry VJ="1" colname="col4" morerows="5" valign="middle">eine Leistung, die den Anforderungen nicht entspricht und bei der selbst Grundkenntnisse fehlen</entry></row><row><entry VJ="1" colname="col1" valign="middle">20 bis 24</entry><entry VJ="1" colname="col2" valign="middle">5,6</entry></row><row><entry VJ="1" colname="col1" valign="middle">15 bis 19</entry><entry VJ="1" colname="col2" valign="middle">5,7</entry></row><row><entry VJ="1" colname="col1" valign="middle">10 bis 14</entry><entry VJ="1" colname="col2" valign="middle">5,8</entry></row><row><entry VJ="1" colname="col1" valign="middle">5 bis 9</entry><entry VJ="1" colname="col2" valign="middle">5,9</entry></row><row><entry VJ="1" colname="col1" valign="middle">0 bis 4</entry><entry VJ="1" colname="col2" valign="middle">6,0</entry></row></tbody></tgroup></table></Content></text><fussnoten><Content><P>(+++ Zur Anwendung vgl. §§ 1 u. 3 FortbVenÄndV6AnwV +++)</P></Content></fussnoten></textdaten></norm>
<norm builddate="20200305213005" doknr="BJNR001770985BJNE001700128"><metadaten><jurabk>BauMaschMeistPrV</jurabk><enbez>Anlage 2</enbez><titel format="XML">(zu § 9)<BR/>Zeugnisinhalte</titel></metadaten><textdaten><text format="XML"><Content><P><noindex><kommentar typ="Fundstelle">(Fundstelle: BGBl. I 2019, 2184 - 2185)</kommentar></noindex></P><P><SP>Teil A – Zeugnis ohne Prüfungsergebnisse:</SP><DL Font="normal" Type="arabic"><DT>1.</DT><DD Font="normal"><LA Size="normal">Bezeichnung der ausstellenden Behörde,</LA></DD><DT>2.</DT><DD Font="normal"><LA Size="normal">Name und Geburtsdatum der geprüften Person,</LA></DD><DT>3.</DT><DD Font="normal"><LA Size="normal">Datum des Bestehens der Prüfung,</LA></DD><DT>4.</DT><DD Font="normal"><LA Size="normal">Bezeichnung des erworbenen Fortbildungsabschlusses nach § 1 Absatz 3,</LA></DD><DT>5.</DT><DD Font="normal"><LA Size="normal">Bezeichnung und Fundstelle dieser Fortbildungsordnung nach den Angaben im Bundesgesetzblatt unter Berücksichtigung erfolgter Änderungen dieser Verordnung,</LA></DD><DT>6.</DT><DD Font="normal"><LA Size="normal">Datum der Ausstellung des Zeugnisses samt Unterschrift der zuständigen Stelle.</LA></DD></DL></P><P><SP>Teil B – Zeugnis mit Prüfungsergebnissen:</SP></P><P>Alle Angaben des Teils A sowie zusätzlich: <DL Font="normal" Type="arabic"><DT>1.</DT><DD Font="normal"><LA Size="normal">zum wirtschafts-, rechts- und sozialkundlichen Teil <DL Font="normal" Type="alpha"><DT>a)</DT><DD Font="normal"><LA Size="normal">Benennung dieses Prüfungsteils und Bewertung mit Note sowie</LA></DD><DT>b)</DT><DD Font="normal"><LA Size="normal">Benennung der drei Prüfungsfächer und Bewertung mit Note,</LA></DD></DL></LA></DD><DT>2.</DT><DD Font="normal"><LA Size="normal">zum baumaschinentechnischen Teil <DL Font="normal" Type="alpha"><DT>a)</DT><DD Font="normal"><LA Size="normal">Benennung dieses Prüfungsteils und Bewertung mit Note sowie</LA></DD><DT>b)</DT><DD Font="normal"><LA Size="normal">Benennung der vier Prüfungsfächer und Bewertung mit Note,</LA></DD></DL></LA></DD><DT>3.</DT><DD Font="normal"><LA Size="normal">die errechnete Gesamtpunktzahl für die gesamte Prüfung,</LA></DD><DT>4.</DT><DD Font="normal"><LA Size="normal">die Gesamtnote als Dezimalzahl,</LA></DD><DT>5.</DT><DD Font="normal"><LA Size="normal">die Gesamtnote in Worten,</LA></DD><DT>6.</DT><DD Font="normal"><LA Size="normal">Befreiungen nach § 6,</LA></DD><DT>7.</DT><DD Font="normal"><LA Size="normal">Vorliegen des Nachweises über den Erwerb der berufs- und arbeitspädagogischen Qualifikationen nach § 3 Absatz 3.</LA></DD></DL></P></Content></text><fussnoten><Content><P>(+++ Zur Anwendung vgl. §§ 1 u. 3 FortbVenÄndV6AnwV +++)</P></Content></fussnoten></textdaten></norm>
<norm builddate="20200305213005" doknr="BJNR001770985BJNE888800308"><metadaten><jurabk>BauMaschMeistPrV</jurabk><enbez>Anhang EV</enbez><titel format="XML">Auszug aus EinigVtr Anlage I Kapitel XVI Sachgebiet C Abschnitt III
<BR/>
(BGBl. II 1990, 889, 1135)</titel></metadaten><textdaten><text format="XML"><Content><P><noindex> Bundesrecht tritt in dem in Artikel 3 des Vertrages genannten Gebiet mit folgenden Maßgaben in Kraft: <DL Font="normal" Type="arabic"><DT>1.</DT><DD Font="normal"><LA Size="normal">Berufsbildungsgesetz vom 14. August 1969 (BGBl. I S. 1112), zuletzt geändert durch § 19 des Gesetzes vom 23. Dezember 1981 (BGBl. I S. 1692), und auf Grund § 21 Abs. 1 und 2, §§ 25, 29 Abs. 1, § 43 Abs. 1 und 2, § 46 Abs. 2, § 47 Abs. 3, § 76 Abs. 2, § 77 Abs. 5, § 80 Abs. 2, § 81 Abs. 4, § 82 Abs. 2, §§ 93, 95 Abs. 4, § 96 Abs. 2 erlassene Rechtsverordnungen</LA><LA Size="normal">mit folgenden Maßgaben:<DL Font="normal" Type="arabic"><DT>a)</DT><DD Font="normal"><LA Size="normal">Rechtsverordnungen nach § 21 Abs. 1 des Gesetzes bedürfen der gesonderten Inkraftsetzung durch den Bundesminister für Bildung und Wissenschaft durch Rechtsverordnung, die nicht der Zustimmung des Bundesrates bedarf. Rechtsverordnungen nach § 29 Abs. 1 und § 43 des Gesetzes bedürfen der gesonderten Inkraftsetzung durch den Bundesminister für Wirtschaft oder den sonst zuständigen Fachminister im Einvernehmen mit dem Bundesminister für Bildung und Wissenschaft durch Rechtsverordnung, die nicht der Zustimmung des Bundesrates bedarf.</LA></DD> <DT>b)</DT><DD Font="normal"><LA Size="normal">Die zuständige Stelle kann bis zum 31. Dezember 1995 Ausnahmen von den Ausbildungsverordnungen nach § 25 des Gesetzes zulassen, wenn die durch technische Regeln gesetzten Anforderungen noch nicht erfüllt werden können. Die Ausnahmen sind zu befristen. Der Bundesminister für Wirtschaft oder der sonst zuständige Fachminister kann im Einvernehmen mit dem Bundesminister für Bildung und Wissenschaft durch Rechtsverordnung, die nicht der Zustimmung des Bundesrates bedarf, die Befugnis nach Satz 1 einschränken oder aufheben.</LA></DD> <DT>c)</DT><DD Font="normal"><LA Size="normal">Die Regelungen in Ausbildungsverordnungen nach § 25 des Gesetzes über die Ausbildung in überbetrieblichen Ausbildungsstätten (§ 27 des Gesetzes) werden nicht angewendet, wenn die zuständige Stelle feststellt, daß eine solche Ausbildung nicht möglich ist.</LA></DD> <DT>d)</DT><DD Font="normal"><LA Size="normal">Bei Inkrafttreten des Gesetzes über die Inkraftsetzung des Berufsbildungsgesetzes der Bundesrepublik Deutschland in der Deutschen Demokratischen Republik - IGBBiG - vom 19. Juli 1990 (GBl. I Nr. 50 S. 907) bestehende Ausbildungsverhältnisse werden nach den neuen Vorschriften zu Ende geführt, es sei denn, daß eine Ausbildung nach den neuen Vorschriften nicht möglich ist oder der Lehrling eine Fortsetzung nach den bisherigen Vorschriften ausdrücklich wünscht. Sofern die Beendigung des Lehrverhältnisses nach den neuen Ausbildungsverordnungen im bisherigen Betrieb nicht möglich ist, sind das zuständige Arbeitsamt und die zuständige Stelle verpflichtet, den Lehrling zu unterstützen, einen neuen Ausbildungsbetrieb zu finden, der die Ausbildung nach den neuen Ausbildungsverordnungen fortsetzt.</LA></DD> <DT>e)</DT><DD Font="normal"><LA Size="normal">Die Ausbildungszeit soll nach § 29 Abs. 3 des Gesetzes verlängert werden, soweit eine Berufsausbildung mit Abitur durchgeführt wird.</LA></DD> <DT>f)</DT><DD Font="normal"><LA Size="normal">Die Anwendung der §§ 76, 77, 80 bis 82, 86, 88, 90, 92 bis 96 des Gesetzes und der auf Grund dieser Bestimmungen erlassenen Verordnungen bestimmt der Bundesminister für Wirtschaft oder der sonst zuständige Fachminister im Einvernehmen mit dem Bundesminister für Bildung und Wissenschaft durch Rechtsverordnung, die nicht der Zustimmung des Bundesrates bedarf.</LA></DD> <DT>g)</DT><DD Font="normal"><LA Size="normal">Die Betriebe sind verpflichtet, die praktische Berufsausbildung zweckentsprechend aufrecht zu erhalten, soweit dies zur Erfüllung von Lehrverträgen erforderlich ist, die vor Inkrafttreten des Gesetzes über die Inkraftsetzung des Berufsbildungsgesetzes der Bundesrepublik Deutschland in der Deutschen Demokratischen Republik - JGBBiG - vom 19. Juli 1990 (GBl. I Nr. 50 S. 907) abgeschlossen worden sind. Für Betriebsakademien und andere der beruflichen Bildung dienende Einrichtungen ist dies mindestens bis zum 31. Dezember 1990 zu gewährleisten. Auf Antrag der Handwerkskammern und der Industrie- und Handelskammern ist durch die Betriebe zu prüfen, inwieweit vorhandene Kapazitäten der praktischen Berufsausbildung (insbesondere Lehrwerkstätten) als überbetriebliche Ausbildungsstätten genutzt werden oder als Treuhandvermögen an die vorgenannten Kammern zur Nutzung übertragen werden können.</LA></DD> <DT>h)</DT><DD Font="normal"><LA Size="normal">Solange die in §§ 79, 87, 89 und 91 des Gesetzes genannten zuständigen Stellen nicht bestehen, bestimmt das Land die zuständige Stelle.</LA></DD> <DT>i)</DT><DD Font="normal"><LA Size="normal">Lehrlinge, die gemäß der Systematik der Facharbeiterberufe ausgebildet werden, werden nach den bisherigen Rechtsvorschriften geprüft, soweit nicht der Bundesminister für Wirtschaft oder der sonst zuständige Fachminister im Einvernehmen mit dem Bundesminister für Bildung und Wissenschaft durch Rechtsverordnung, die nicht der Zustimmung des Bundesrates bedarf, Übergangsvorschriften für Verfahren und Zuständigkeiten erläßt.</LA></DD> <DT>k)</DT><DD Font="normal"><LA Size="normal">Die am Tage des Wirksamwerdens des Beitritts laufenden Prüfungsverfahren in der beruflichen Fortbildung und beruflichen Umschulung werden nach den bisherigen Vorschriften zu Ende geführt.</LA></DD> </DL></LA></DD>  </DL>... </noindex></P></Content></text></textdaten></norm>
</dokumente>