<?xml version="1.0" encoding="UTF-8" ?><!DOCTYPE dokumente SYSTEM "http://www.gesetze-im-internet.de/dtd/1.01/gii-norm.dtd">
<dokumente builddate="20190429212001" doknr="BJNR000599951"><norm builddate="20190429212001" doknr="BJNR000599951"><metadaten><jurabk>VerschÄndG</jurabk><ausfertigung-datum manuell="ja">1951-01-15</ausfertigung-datum><fundstelle typ="amtlich"><periodikum>BGBl I</periodikum><zitstelle>1951, 59</zitstelle></fundstelle><langue>Gesetz zur Änderung von Vorschriften des Verschollenheitsrechts</langue><standangabe checked="ja"><standtyp>Stand</standtyp><standkommentar>Zuletzt geändert durch Art. 3 Abs. 3 G v. 4.12.2018 I 2257; 2019 I 496</standkommentar></standangabe></metadaten><textdaten><fussnoten><Content><P><BR/> <pre xml:space="preserve">(+++ Textnachweis Geltung ab: 1.1.1964 +++)<BR/>(+++ Maßgaben aufgrund EinigVtr vgl. VerschÄndG Anhang EV, teilweise nicht<BR/>     mehr anzuwenden +++)<BR/><BR/></pre>Für Berlin vgl. G v. 14.6.1951 GVBl. S. 418</P></Content></fussnoten></textdaten></norm>
<norm builddate="20190429212001" doknr="BJNR000599951BJNG000100303"><metadaten><jurabk>VerschÄndG</jurabk><gliederungseinheit><gliederungskennzahl>010</gliederungskennzahl><gliederungsbez>Art 1</gliederungsbez><gliederungstitel/></gliederungseinheit></metadaten><textdaten><text format="XML"><Content><P/></Content></text><fussnoten/></textdaten></norm>
<norm builddate="20190429212001" doknr="BJNR000599951BJNG000200303"><metadaten><jurabk>VerschÄndG</jurabk><gliederungseinheit><gliederungskennzahl>020</gliederungskennzahl><gliederungsbez>Art 2</gliederungsbez><gliederungstitel>Sondervorschriften für Verschollenheitsfälle
aus Anlaß des Krieges 1939 bis 1945</gliederungstitel></gliederungseinheit></metadaten><textdaten><text format="XML"><Content><P/></Content></text></textdaten></norm>
<norm builddate="20190429212001" doknr="BJNR000599951BJNE000501307"><metadaten><jurabk>VerschÄndG</jurabk><gliederungseinheit><gliederungskennzahl>020</gliederungskennzahl><gliederungsbez>Art 2</gliederungsbez><gliederungstitel/></gliederungseinheit><enbez>§ 1</enbez></metadaten><textdaten><text format="XML"><Content><P>(1) Wer vor dem 1. Juli 1948 im Zusammenhang mit Ereignissen oder Zuständen des letzten Krieges vermißt worden und seitdem unter Umständen, die ernstliche Zweifel an seinem Fortleben begründen, verschollen ist, kann für tot erklärt werden.</P><P>(2) Wer in dem letzten Zeitpunkt, in dem er nach den vorhandenen Nachrichten noch gelebt hat, infolge Gefangennahme oder infolge einer gegen ihn gerichteten Zwangsmaßnahme seinen Aufenthalt nicht frei bestimmen konnte und seit diesem Zeitpunkt unter Umständen, die ernstliche Zweifel an seinem Fortleben begründen, verschollen ist, kann jedoch erst für tot erklärt werden, wenn nach dem Ende des Jahres, in dem er noch gelebt hat, fünf Jahre verstrichen sind. War der Verschollene in dem bezeichneten Zeitpunkt in Lebensgefahr, so tritt an die Stelle der Frist von fünf Jahren eine solche von einem Jahr.</P><P>(3) §§ 4 bis 8 des Verschollenheitsgesetzes sind nicht anzuwenden.</P><P>(4) Die Absätze 1 bis 3 gelten auch für einen Verschollenen, der in dem letzten Zeitpunkt, in dem er nach den vorhandenen Nachrichten noch gelebt hat, Angehöriger eines fremden Staates oder staatenlos war, <DL Font="normal" Type="arabic"><DT/><DD Font="normal"><LA Size="normal"><DL Font="normal" Type="arabic"><DT>a)</DT><DD Font="normal"><LA Size="normal">wenn er in diesem Zeitpunkt seinen Wohnsitz oder seinen Aufenthalt im Geltungsbereich dieses Gesetzes hatte oder als Angehöriger der ehemaligen deutschen Wehrmacht am letzten Kriege teilgenommen hat, oder</LA></DD><DT>b)</DT><DD Font="normal"><LA Size="normal">wenn der Ehegatte, ein Abkömmling oder ein anderer nach § 16 des Verschollenheitsgesetzes antragsberechtigter Verwandter des Verschollenen seinen Wohnsitz oder seinen gewöhnlichen Aufenthalt im Geltungsbereich dieses Gesetzes hat und die Todeserklärung beantragt.</LA></DD></DL></LA></DD></DL>§ 12 Abs. 2 und 3 des Verschollenheitsgesetzes bleiben unberührt.</P></Content></text><fussnoten/></textdaten></norm>
<norm builddate="20190429212001" doknr="BJNR000599951BJNE000600303"><metadaten><jurabk>VerschÄndG</jurabk><gliederungseinheit><gliederungskennzahl>020</gliederungskennzahl><gliederungsbez>Art 2</gliederungsbez></gliederungseinheit><enbez>§ 2</enbez></metadaten><textdaten><text format="XML"><Content><P>(1) In den Fällen des § 1 sind Ermittlungen über den Zeitpunkt des Todes nur auf Antrag anzustellen. Den Antrag kann jede Person stellen, die das Aufgebotsverfahren beantragen kann. Das Gericht soll den Antragsteller des Aufgebotsverfahrens sowie einen Antragsberechtigten, der neben dem Antragsteller oder an dessen Stelle in das Verfahren eintritt, befragen, ob er diesen Antrag stellen will.</P><P>(2) Wird der Antrag gestellt, so ist als Zeitpunkt des Todes der Zeitpunkt festzustellen, der nach dem Ergebnis der Ermittlungen der wahrscheinlichste ist.</P><P>(3) Läßt sich ein solcher Zeitpunkt nicht angeben oder wird der Antrag nach Absatz 1 nicht gestellt, so ist als Zeitpunkt des Todes das Ende des Jahres 1945 festzustellen. Hat der Verschollene diesen Zeitpunkt überlebt, so ist als Zeitpunkt des Todes das Ende des dritten Jahres, in den Fällen des § 1 Abs. 2 Satz 2 des ersten Jahres nach dem letzten Jahre festzustellen, in dem er nach den vorhandenen Nachrichten noch gelebt hat.</P></Content>  </text></textdaten></norm>
<norm builddate="20190429212001" doknr="BJNR000599951BJNE000700303"><metadaten><jurabk>VerschÄndG</jurabk><gliederungseinheit><gliederungskennzahl>020</gliederungskennzahl><gliederungsbez>Art 2</gliederungsbez></gliederungseinheit><enbez>§ 3</enbez></metadaten><textdaten><text format="XML"><Content><P>(1) Ist in den Fällen des § 1 als Zeitpunkt des Todes des Verschollenen das Ende des Jahres 1945 rechtskräftig festgestellt worden, ohne daß Ermittlungen über die Todeszeit angestellt worden waren, so kann jeder, der ein rechtliches Interesse an der Feststellung einer anderen Todeszeit hat, beantragen, diese Ermittlungen nunmehr anzustellen und die Feststellung zu ändern.</P><P>(2) Läßt sich nach dem Ergebnis der Ermittlungen als Zeitpunkt des Todes ein Zeitpunkt angeben, der der wahrscheinlichste ist, so ist der Beschluß, durch den der Verschollene für tot erklärt worden ist, entsprechend zu ändern. Läßt sich ein solcher Zeitpunkt nicht angeben, so ist die Änderung abzulehnen. Im übrigen ist § 33a Abs. 2 Satz 3, Abs. 3 des Verschollenheitsgesetzes entsprechend anzuwenden.</P><P>(3) Ist vor dem Inkrafttreten dieses Gesetzes auf Grund des bisherigen § 7a Abs. 3 des Verschollenheitsgesetzes in der Fassung der für die britische Zone erlassenen Verordnung vom 16. Dezember 1946 (Verordnungsblatt für die Britische Zone 1947 S. 10) als Zeitpunkt des Todes eines Verschollenen der 8. Mai 1945 festgestellt worden, so gelten die Absätze 1 und 2 entsprechend.</P></Content>  </text><fussnoten/></textdaten></norm>
<norm builddate="20190429212001" doknr="BJNR000599951BJNE000800303"><metadaten><jurabk>VerschÄndG</jurabk><gliederungseinheit><gliederungskennzahl>020</gliederungskennzahl><gliederungsbez>Art 2</gliederungsbez></gliederungseinheit><enbez>§ 4</enbez></metadaten><textdaten><text format="XML"><Content><P>Die §§ 2, 3 sind im Verfahren bei Feststellung der Todeszeit entsprechend anzuwenden.</P></Content></text></textdaten></norm>
<norm builddate="20190429212001" doknr="BJNR000599951BJNE000903360"><metadaten><jurabk>VerschÄndG</jurabk><gliederungseinheit><gliederungskennzahl>020</gliederungskennzahl><gliederungsbez>Art 2</gliederungsbez><gliederungstitel/></gliederungseinheit><enbez>§ 5</enbez></metadaten><textdaten><text format="XML"><Content><P>(1) Die öffentlichen Bekanntmachungen sind in den Fällen der §§ 1 bis 4 statt durch eine Tageszeitung durch ein von dem Bundesministerium der Justiz und für Verbraucherschutz zu diesem besonderen Zweck herausgegebenes Veröffentlichungsblatt (Verschollenheitsliste) zu veröffentlichen. Das Gericht kann anordnen, daß die Bekanntmachung auch in einer Tageszeitung oder in anderer Weise veröffentlicht werde. Das Gericht übermittelt dem Bundesarchiv die Entscheidung, durch die das Verfahren rechtskräftig abgeschlossen ist.</P><P>(2) Die Aufgebotsfrist des § 21 und die Frist des § 43 des Verschollenheitsgesetzes beginnt mit dem Ablauf des Tages der Ausgabe derjenigen Verschollenheitsliste, welche die Bekanntmachung enthält.</P><P>(3) Die Zustellung des Beschlusses, durch den der Verschollene für tot erklärt oder durch den der Tod und die Todeszeit einer Person festgestellt wird, gilt als am Ende des Tages der Ausgabe derjenigen Verschollenheitsliste bewirkt, welche die Bekanntmachung des Beschlusses enthält.</P></Content></text><fussnoten/></textdaten></norm>
<norm builddate="20190429212001" doknr="BJNR000599951BJNE001000303"><metadaten><jurabk>VerschÄndG</jurabk><gliederungseinheit><gliederungskennzahl>020</gliederungskennzahl><gliederungsbez>Art 2</gliederungsbez></gliederungseinheit><enbez>§ 6</enbez></metadaten><textdaten><text format="XML"><Content><P>In den Fällen der §§ 1, 2 und den entsprechenden Fällen des § 4 werden für das Verfahren vor dem Amtsgericht Gerichtskosten nicht erhoben.</P></Content></text></textdaten></norm>
<norm builddate="20190429212001" doknr="BJNR000599951BJNE001100303"><metadaten><jurabk>VerschÄndG</jurabk><gliederungseinheit><gliederungskennzahl>020</gliederungskennzahl><gliederungsbez>Art 2</gliederungsbez></gliederungseinheit><enbez>§ 7</enbez></metadaten><textdaten><text format="XML"><Content><P>Lebte der Verschollene außerhalb des Geltungsbereichs dieses Gesetzes an seinem letzten inländischen Wohnsitz mit Familienangehörigen in Hausgemeinschaft und haben diese Angehörigen zur Zeit der Antragstellung ihren Wohnsitz oder in Ermangelung eines Wohnsitzes ihren gewöhnlichen Aufenthalt im Geltungsbereich dieses Gesetzes, so ist § 15 Abs. 1 des Verschollenheitsgesetzes nicht anzuwenden.</P></Content></text></textdaten></norm>
<norm builddate="20190429212001" doknr="BJNR000599951BJNE001200303"><metadaten><jurabk>VerschÄndG</jurabk><gliederungseinheit><gliederungskennzahl>020</gliederungskennzahl><gliederungsbez>Art 2</gliederungsbez></gliederungseinheit><enbez>§ 8</enbez></metadaten><textdaten><text format="XML"><Content><P>In den Fällen des § 1 sind die Vorschriften des Verschollenheitsgesetzes anzuwenden, soweit in diesem Artikel nicht besondere Bestimmungen getroffen sind.</P></Content></text></textdaten></norm>
<norm builddate="20190429212001" doknr="BJNR000599951BJNG000300303"><metadaten><jurabk>VerschÄndG</jurabk><gliederungseinheit><gliederungskennzahl>030</gliederungskennzahl><gliederungsbez>Art 3</gliederungsbez><gliederungstitel>Ergänzungen zu den Vorschriften des
Eherechts über die Wiederverheiratung im Falle der Todeserklärung</gliederungstitel></gliederungseinheit></metadaten><textdaten><text format="XML"><Content><P/></Content></text></textdaten></norm>
<norm builddate="20190429212001" doknr="BJNR000599951BJNE001301377"><metadaten><jurabk>VerschÄndG</jurabk><gliederungseinheit><gliederungskennzahl>030</gliederungskennzahl><gliederungsbez>Art 3</gliederungsbez><gliederungstitel/></gliederungseinheit><enbez>§ 1</enbez></metadaten><textdaten><text format="XML"><Content><P>(1) Geht ein Ehegatte, nachdem der Tod des anderen Ehegatten nach den Vorschriften des Verschollenheitsgesetzes gerichtlich festgestellt worden ist, eine neue Ehe ein, lebt aber der für tot gehaltene Ehegatte noch, so gelten die Bestimmungen über die Wiederverheiratung im Falle der Todeserklärung entsprechend.</P><P>(2) (weggefallen)</P></Content> </text><fussnoten/></textdaten></norm>
<norm builddate="20190429212001" doknr="BJNR000599951BJNE001401377"><metadaten><jurabk>VerschÄndG</jurabk><gliederungseinheit><gliederungskennzahl>030</gliederungskennzahl><gliederungsbez>Art 3</gliederungsbez><gliederungstitel/></gliederungseinheit><enbez>§ 2</enbez></metadaten><textdaten><text format="XML"><Content><P>(weggefallen)</P></Content></text><fussnoten/></textdaten></norm>
<norm builddate="20190429212001" doknr="BJNR000599951BJNE001500303"><metadaten><jurabk>VerschÄndG</jurabk><gliederungseinheit><gliederungskennzahl>040</gliederungskennzahl><gliederungsbez>Art 4</gliederungsbez><gliederungstitel/></gliederungseinheit><enbez>(XXXX) §§ 1 und 2</enbez></metadaten><textdaten><text format="XML"><Content><P/></Content></text><fussnoten/></textdaten></norm>
<norm builddate="20190429212001" doknr="BJNR000599951BJNG000400303"><metadaten><jurabk>VerschÄndG</jurabk><gliederungseinheit><gliederungskennzahl>040</gliederungskennzahl><gliederungsbez>Art 4</gliederungsbez><gliederungstitel>Übergangs- und Schlußvorschriften</gliederungstitel></gliederungseinheit></metadaten><textdaten><text format="XML"><Content><P/></Content></text></textdaten></norm>
<norm builddate="20190429212001" doknr="BJNR000599951BJNE001600303"><metadaten><jurabk>VerschÄndG</jurabk><gliederungseinheit><gliederungskennzahl>040</gliederungskennzahl><gliederungsbez>Art 4</gliederungsbez></gliederungseinheit><enbez>§ 3</enbez></metadaten><textdaten><text format="XML"><Content><P>Wird ein Anspruch aus einem Lebensversicherungsvertrag erhoben, nachdem die Person, auf welche die Lebensversicherung genommen worden war, außerhalb des Geltungsbereichs dieses Gesetzes für tot erklärt worden ist, so kann der Versicherer die Leistung insoweit verweigern, als der Anspruch den Betrag übersteigt, der sich ergeben würde, wenn der Zeitpunkt des Todes des Verschollenen nach den Vorschriften dieses Gesetzes festgestellt worden wäre.</P></Content></text></textdaten></norm>
<norm builddate="20190429212001" doknr="BJNR000599951BJNE001700303"><metadaten><jurabk>VerschÄndG</jurabk><gliederungseinheit><gliederungskennzahl>040</gliederungskennzahl><gliederungsbez>Art 4</gliederungsbez></gliederungseinheit><enbez>§ 4</enbez></metadaten><textdaten><text format="XML"><Content><P>Soweit eine Vorschrift dieses Gesetzes auf seinen Geltungsbereich Bezug nimmt, gilt jedes Gebiet, in dem eine solche Vorschrift eingeführt wird, als Geltungsbereich dieses Gesetzes.</P></Content></text></textdaten></norm>
<norm builddate="20190429212001" doknr="BJNR000599951BJNE001801301"><metadaten><jurabk>VerschÄndG</jurabk><gliederungseinheit><gliederungskennzahl>040</gliederungskennzahl><gliederungsbez>Art 4</gliederungsbez><gliederungstitel/></gliederungseinheit><enbez>§ 5</enbez></metadaten><textdaten><text format="XML"><Content><P>(1)</P><P>(2) Das Bundesministerium der Justiz und für Verbraucherschutz wird ermächtigt, Verwaltungsvorschriften über die Verschollenheitsliste zu erlassen.</P></Content></text><fussnoten/></textdaten></norm>
<norm builddate="20190429212001" doknr="BJNR000599951BJNE001900303"><metadaten><jurabk>VerschÄndG</jurabk><gliederungseinheit><gliederungskennzahl>040</gliederungskennzahl><gliederungsbez>Art 4</gliederungsbez><gliederungstitel/></gliederungseinheit><enbez>§ 6</enbez></metadaten><textdaten><text format="XML"><Content><P>-</P></Content></text><fussnoten/></textdaten></norm>
<norm builddate="20190429212001" doknr="BJNR000599951BJNE888800301"><metadaten><jurabk>VerschÄndG</jurabk><gliederungseinheit><gliederungskennzahl>050</gliederungskennzahl><gliederungsbez>-</gliederungsbez><gliederungstitel/></gliederungseinheit><enbez>Anhang EV</enbez><titel format="XML">Auszug aus EinigVtr Anlage I Kapitel III Sachgebiet B Abschnitt III
<BR/>
(BGBl. II 1990, 889, 953)</titel></metadaten><textdaten><text format="XML"><Content><P><noindex> Abschnitt III <BR/>Bundesrecht tritt in dem in Artikel 3 des Vertrages genannten Gebiet mit folgenden Maßgaben in Kraft: <BR/>... <DL Font="normal" Type="arabic"><DT>9.</DT><DD Font="normal"><LA Size="normal">... Gesetz zur Änderung von Vorschriften des Verschollenheitsrechts in der im Bundesgesetzblatt Teil III, Gliederungsnummer 401-7, veröffentlichten Fassung</LA><LA Size="normal">... mit folgenden Maßgaben:<DL Font="normal" Type="arabic"><DT>a)</DT><DD Font="normal"><LA Size="normal">Die Vorschriften dieser Gesetze sind auf Verfahren, die vor dem Wirksamwerden des Beitritts in dem in Artikel 3 des Vertrags genannten Gebiet bereits eingeleitet sind, nicht anzuwenden. Solche Verfahren sind auf der Grundlage des bislang in dem in Artikel 3 des Vertrages genannten Gebiet geltenden Rechts abzuschließen.</LA></DD> <DT>b)</DT><DD Font="normal"><LA Size="normal">Die Wirkung einer vor dem Wirksamwerden des Beitritts erfolgten Todeserklärung bestimmt sich nach dem bislang in dem in Artikel 3 des Vertrages genannten Gebiet geltenden Recht.</LA></DD> </DL></LA></DD>  </DL></noindex></P></Content></text></textdaten></norm>
</dokumente>