<?xml version="1.0" encoding="UTF-8" ?><!DOCTYPE dokumente SYSTEM "http://www.gesetze-im-internet.de/dtd/1.01/gii-norm.dtd">
<dokumente builddate="20120625153455" doknr="BJNR214060975"><norm builddate="20120625153455" doknr="BJNR214060975"><metadaten><jurabk>BodSeeSchÜbk</jurabk><ausfertigung-datum manuell="ja">1973-06-01</ausfertigung-datum><fundstelle typ="amtlich"><periodikum>BGBl II</periodikum><zitstelle>1975, 1406</zitstelle></fundstelle><langue>Übereinkommen über die Schiffahrt auf dem Bodensee</langue></metadaten><textdaten><text format="decorated"/><fussnoten><Content><P>G v. 1.10.1975 II 1405 <BR/>Inkraft gem. Bek. v. 15.12.1975 II 2275 mWv 1.1.1976</P></Content></fussnoten></textdaten></norm>
</dokumente>