<?xml version="1.0" encoding="UTF-8" ?><!DOCTYPE dokumente SYSTEM "http://www.gesetze-im-internet.de/dtd/1.01/gii-norm.dtd">
<dokumente builddate="20120625150343" doknr="BJNR200750987"><norm builddate="20120625150343" doknr="BJNR200750987"><metadaten><jurabk>KatHiLAbk CHE</jurabk><ausfertigung-datum manuell="ja">1984-11-28</ausfertigung-datum><fundstelle typ="amtlich"><periodikum>BGBl II</periodikum><zitstelle>1987, 75</zitstelle></fundstelle><langue>Abkommen zwischen der Bundesrepublik Deutschland und der Schweizerischen
Eidgenossenschaft über die gegenseitige Hilfeleistung bei Katastrophen oder
schweren Unglücksfällen</langue></metadaten><textdaten><text format="decorated"/><fussnoten><Content><P>G v. 22.1.1987 II 74 <BR/>Inkraft gem. Bek. v. 10.10.1988 II 967 mWv 1.12.1988</P></Content></fussnoten></textdaten></norm>
</dokumente>