<?xml version="1.0" encoding="UTF-8" ?><!DOCTYPE dokumente SYSTEM "http://www.gesetze-im-internet.de/dtd/1.01/gii-norm.dtd">
<dokumente builddate="20120625154004" doknr="BJNR259200002"><norm builddate="20120625154004" doknr="BJNR259200002"><metadaten><jurabk>JurAusbRefG</jurabk><ausfertigung-datum manuell="ja">2002-07-11</ausfertigung-datum><fundstelle typ="amtlich"><periodikum>BGBl I</periodikum><zitstelle>2002, 2592</zitstelle></fundstelle><langue>Gesetz zur Reform der Juristenausbildung</langue></metadaten><textdaten><text format="XML"><Content><P/></Content></text><fussnoten><Content><P><BR/> <pre xml:space="preserve">(+++ Textnachweis ab:  1. 7.2003 +++)<BR/><BR/></pre></P></Content></fussnoten></textdaten></norm>
<norm builddate="20120625154004" doknr="BJNR259200002BJNE000100000"><metadaten><jurabk>JurAusbRefG</jurabk><enbez>Eingangsformel</enbez></metadaten><textdaten><text format="XML"><Content><P>Der Bundestag hat mit Zustimmung des Bundesrates das folgende Gesetz beschlossen:</P></Content></text></textdaten></norm>
<norm builddate="20120625154004" doknr="BJNR259200002BJNE000200000"><metadaten><jurabk>JurAusbRefG</jurabk><enbez>(XXXX) Art 1 und 2</enbez></metadaten><textdaten><text format="XML"><Content><P>-</P></Content></text><fussnoten/></textdaten></norm>
<norm builddate="20120625154004" doknr="BJNR259200002BJNE000300000"><metadaten><jurabk>JurAusbRefG</jurabk><enbez>Art 3</enbez><titel format="parat">Übergangsvorschriften</titel></metadaten><textdaten><text format="XML"><Content><P>(1) Für Studierende, die vor Inkrafttreten dieses Gesetzes das Studium aufgenommen haben und sich bis zum 1. Juli 2006 zur ersten Staatsprüfung gemeldet haben, finden die bis zum Inkrafttreten dieses Gesetzes geltenden Vorschriften des Deutschen Richtergesetzes zum Studium und zur ersten Staatsprüfung Anwendung. Das Landesrecht kann den Studierenden freistellen, sich nach neuem Recht prüfen zu lassen.</P><P>(2) Für Referendare, die bis zum 1. Juli 2005 den Vorbereitungsdienst aufgenommen haben, findet § 5b des Deutschen Richtergesetzes in der bisher geltenden Fassung Anwendung. Abweichend von Satz 1 kann das Landesrecht bestimmen, dass die dem Artikel 1 dieses Gesetzes entsprechenden landesrechtlichen Vorschriften für Referendare gelten, die nach dem Inkrafttreten dieses Gesetzes den Vorbereitungsdienst aufnehmen. Wer den Vorbereitungsdienst nach § 5b des Deutschen Richtergesetzes in der bisher geltenden Fassung aufgenommen hat, kann ihn bis zu einem durch das Landesrecht zu bestimmenden Zeitpunkt nach dem bisherigen Recht beenden.</P><P>(3) § 6 Abs. 2 des Deutschen Richtergesetzes gilt entsprechend.</P></Content>  </text></textdaten></norm>
<norm builddate="20120625154004" doknr="BJNR259200002BJNE000400000"><metadaten><jurabk>JurAusbRefG</jurabk><enbez>Art 4</enbez><titel format="parat">Inkrafttreten</titel></metadaten><textdaten><text format="XML"><Content><P>Dieses Gesetz tritt am 1. Juli 2003 in Kraft.</P></Content></text></textdaten></norm>
</dokumente>