<?xml version="1.0" encoding="UTF-8" ?><!DOCTYPE dokumente SYSTEM "http://www.gesetze-im-internet.de/dtd/1.01/gii-norm.dtd">
<dokumente builddate="20130405125002" doknr="BJNR005600964"><norm builddate="20130405125002" doknr="BJNR005600964"><metadaten><jurabk>GesWZustG</jurabk><ausfertigung-datum manuell="ja">1964-07-29</ausfertigung-datum><fundstelle typ="amtlich"><periodikum>BGBl I</periodikum><zitstelle>1964, 560</zitstelle></fundstelle><langue>Gesetz über den Übergang von Zuständigkeiten auf dem Gebiete des Rechts
des Gesundheitswesens</langue><standangabe checked="ja"><standtyp>Stand</standtyp><standkommentar>Geändert durch Art. 27 V v. 29.10.2001 I 2785</standkommentar></standangabe></metadaten><textdaten><fussnoten><Content><P><BR/> <pre xml:space="preserve">(+++ Textnachweis Geltung ab: 1.1.1964 +++)<BR/><BR/></pre></P></Content></fussnoten></textdaten></norm>
<norm builddate="20130405125002" doknr="BJNR005600964BJNE000100314"><metadaten><jurabk>GesWZustG</jurabk><enbez>§ 1</enbez></metadaten><textdaten><text format="XML"><Content><P>Die in Gesetzen und Rechtsverordnungen begründeten Zuständigkeiten des Bundesministers des Innern auf dem Gebiete des Rechts des Gesundheitswesens gehen auf den Bundesminister für <I>Gesundheitswesen</I> über. Dies gilt insbesondere für alle durch folgende Gesetze und Rechtsverordnungen begründeten Zuständigkeiten: <DL Font="normal" Type="arabic"><DT>1.</DT><DD Font="normal"><LA Size="normal"><I>Weingesetz vom 25. Juli 1930 (Reichsgesetzblatt I S. 356), zuletzt geändert durch das Gesetz zur Änderung des Weingesetzes vom 4. Juni 1957 (Bundesgesetzbl. I S. 595),</I></LA></DD> <DT>2.</DT><DD Font="normal"><LA Size="normal"><DL Font="normal" Type="arabic"><DT>a)</DT><DD Font="normal"><LA Size="normal"><I>Lebensmittelgesetz in der Fassung der Bekanntmachung vom 17. Januar 1936 (Reichsgesetzbl. I S. 17), zuletzt geändert durch Artikel 1 des Gesetzes zur Änderung und Ergänzung des Lebensmittelgesetzes vom 21. Dezember 1958 (Bundesgesetzbl. I S. 950),</I></LA></DD> <DT><I>b)</I></DT><DD Font="normal"><LA Size="normal"><I>Gesetz zur Änderung und Ergänzung des Lebensmittelgesetzes vom 21. Dezember 1958 (Bundesgesetzbl. I S. 950),</I></LA></DD> </DL></LA></DD> <DT>3.</DT><DD Font="normal"><LA Size="normal">Getreidegesetz vom 4. November 1950 (Bundesgesetzbl. I S. 721), zuletzt geändert durch <I>das Sechste Gesetz zur Änderung des Getreidegesetzes vom 2. August 1961 (Bundesgesetzbl. I S. 1168),</I></LA></DD> <DT>4.</DT><DD Font="normal"><LA Size="normal"><I>Gesetz über den Beitritt der Bundesrepublik Deutschland zu den Internationalen Gesundheitsvorschriften vom 25. Mai 1951 (Vorschriften Nr. 2 der Weltgesundheitsorganisation) vom 21. Dezember 1955 (Bundesgesetzbl. II S. 1060),</I></LA></DD> <DT>5.</DT><DD Font="normal"><LA Size="normal"><I>Käseverordnung vom 2. Juni 1951 (Bundesanzeiger Nr. 110 vom 12. Juni 1951), zuletzt geändert durch die Verordnung zur Änderung der Käseverordnung vom 4. November 1961 (Bundesanzeiger Nr. 220 vom 15. November 1961),</I></LA></DD> <DT>6.</DT><DD Font="normal"><LA Size="normal"><I>Gesetz über gesetzliche Handelsklassen für Erzeugnisse der Landwirtschaft und Fischerei vom 17. Dezember 1951 (Bundesgesetzbl. I S. 970), geändert durch das Gesetz zur Änderung des Gesetzes über gesetzliche Handelsklassen für Erzeugnisse der Landwirtschaft und Fischerei vom 8. Juni 1955 (Bundesgesetzblatt I S. 266),</I></LA></DD> <DT>7.</DT><DD Font="normal"><LA Size="normal">Gesetz über die Errichtung eines Bundesgesundheitsamtes vom 27. Februar 1952 (Bundesgesetzbl. I S. 121), geändert durch <I>das Gesetz zur Änderung des Gesetzes über die Errichtung eines Bundesgesundheitsamtes vom 8. Mai 1963 (Bundesgesetzbl. I S. 314),</I></LA></DD> <DT>8.</DT><DD Font="normal"><LA Size="normal">Gesetz über die Ausübung der Zahnheilkunde vom 31. März 1952 (Bundesgesetzbl. I S. 221),</LA></DD> <DT>9.</DT><DD Font="normal"><LA Size="normal">Milch- und Fettgesetz in der Fassung der Bekanntmachung vom 10. Dezember 1952 (Bundesgesetzbl. I S. 811), zuletzt geändert durch <I>das Vierte Gesetz zur Änderung des Milch- und Fettgesetzes vom 22. Juni 1963 (Bundesgesetzbl. I S. 411),</I></LA></DD> <DT>10.</DT><DD Font="normal"><LA Size="normal">Gesetz zur Bekämpfung der Geschlechtskrankheiten vom 23. Juli 1953 (Bundesgesetzbl. I S. 700),</LA></DD> <DT>11.</DT><DD Font="normal"><LA Size="normal"><I>Fischgesetz vom 31. August 1955 (Bundesgesetzbl. I S. 567),</I></LA></DD> <DT>12.</DT><DD Font="normal"><LA Size="normal"><I>Krankenpflegegesetz vom 15. Juli 1957 (Bundesgesetzbl. I S. 716),</I></LA></DD> <DT>13.</DT><DD Font="normal"><LA Size="normal"><I>Gesetz über die Ausübung des Berufs der medizinisch-technischen Assistentin vom 21. Dezember 1958 (Bundesgesetzbl. I S. 981), geändert durch das Gesetz zur Änderung des Gesetzes über die Ausübung des Berufs der medizinisch-technischen Assistentin vom 18. Juli 1961 (Bundesgesetzbl. I S. 1011),</I></LA></DD> <DT>14.</DT><DD Font="normal"><LA Size="normal">Gesetz über die Ausübung der Berufe des Masseurs, des Masseurs und medizinischen Bademeisters und des Krankengymnasten vom 21. Dezember 1958 (Bundesgesetzbl. I S. 985),</LA></DD> <DT>15.</DT><DD Font="normal"><LA Size="normal">Gesetz über das Apothekenwesen vom 20. August 1960 (Bundesgesetzbl. I S. 697),</LA></DD> <DT>16.</DT><DD Font="normal"><LA Size="normal"><I>Arzneimittelgesetz vom 16. Mai 1961 (Bundesgesetzbl. I S. 533), geändert durch das Gesetz zur Änderung des Arzneimittelgesetzes vom 25. Juli 1961 (Bundesgesetzbl. I S. 1076),</I></LA></DD> <DT>17.</DT><DD Font="normal"><LA Size="normal">Bundes-Seuchengesetz vom 18. Juli 1961 (Bundesgesetzbl. I S. 1012), geändert durch <I>das Gesetz zur Änderung des Bundes-Seuchengesetzes vom 23. Januar 1963 (Bundesgesetzblatt I S. 57),</I></LA></DD> <DT>18.</DT><DD Font="normal"><LA Size="normal">Bundesärzteordnung vom 2. Oktober 1961 (Bundesgesetzbl. I S. 1857).</LA></DD> </DL></P></Content></text><fussnoten><Content><P>§ 1 Satz 1 Kursivdruck: Jetzt Bundesminister für Gesundheit</P></Content></fussnoten></textdaten></norm>
<norm builddate="20130405125002" doknr="BJNR005600964BJNE000201320"><metadaten><jurabk>GesWZustG</jurabk><enbez>§ 2</enbez></metadaten><textdaten><text format="XML"><Content><P>(weggefallen)</P></Content></text><fussnoten/></textdaten></norm>
<norm builddate="20130405125002" doknr="BJNR005600964BJNE000300314"><metadaten><jurabk>GesWZustG</jurabk><enbez>§ 3</enbez></metadaten><textdaten><text format="XML"><Content><P>-</P></Content></text><fussnoten/></textdaten></norm>
<norm builddate="20130405125003" doknr="BJNR005600964BJNE000400314"><metadaten><jurabk>GesWZustG</jurabk><enbez>§ 4</enbez></metadaten><textdaten><text format="XML"><Content><P>Dieses Gesetz gilt nach Maßgabe des § 13 Abs. 1 des Dritten Überleitungsgesetzes vom 4. Januar 1952 (Bundesgesetzbl. I S. 1) auch im Land Berlin.</P></Content></text></textdaten></norm>
<norm builddate="20130405125003" doknr="BJNR005600964BJNE000500314"><metadaten><jurabk>GesWZustG</jurabk><enbez>§ 5</enbez></metadaten><textdaten><text format="XML"><Content><P>(1) Dieses Gesetz tritt mit Ausnahme des § 3 mit Wirkung vom 14. November 1961 in Kraft; Maßnahmen, die bis zum Tag nach seiner Verkündung auf Grund der bisherigen Zuständigkeitsregelung getroffen worden sind, sind wirksam.</P><P>(2)</P></Content> </text><fussnoten/></textdaten></norm>
</dokumente>