<?xml version="1.0" encoding="UTF-8" ?><!DOCTYPE dokumente SYSTEM "http://www.gesetze-im-internet.de/dtd/1.01/gii-norm.dtd">
<dokumente builddate="20130405125105" doknr="BJNR006500977"><norm builddate="20130405125105" doknr="BJNR006500977"><metadaten><jurabk>BPräsAmtsbezAnO 1977-04</jurabk><ausfertigung-datum manuell="ja">1977-04-15</ausfertigung-datum><fundstelle typ="amtlich"><periodikum>BGBl I</periodikum><zitstelle>1977, 650</zitstelle></fundstelle><langue>Anordnung des Bundespräsidenten über die Festsetzung einer
Amtsbezeichnung</langue></metadaten><textdaten><text format="XML"><Content><P/></Content></text><fussnoten><Content><P>(+++ Textnachweis ab: 28. 4.1977 +++)</P></Content></fussnoten></textdaten></norm>
<norm builddate="20130405125105" doknr="BJNR006500977BJNE000100303"><metadaten><jurabk>BPräsAmtsbezAnO 1977-04</jurabk><enbez>(XXXX)</enbez></metadaten><textdaten><text format="XML"><Content><P>Gemäß § 81 Abs. 1 des Bundesbeamtengesetzes setze ich folgende Amtsbezeichnung fest: <DL Font="normal" Type="arabic"><DT/><DD Font="normal"><LA Size="normal">Direktor beim Bundesbeauftragten für den Datenschutz</LA><LA Size="normal">- als der leitende Beamte -.</LA></DD></DL></P></Content></text></textdaten></norm>
</dokumente>