<?xml version="1.0" encoding="UTF-8" ?><!DOCTYPE dokumente SYSTEM "http://www.gesetze-im-internet.de/dtd/1.01/gii-norm.dtd">
<dokumente builddate="20120625152539" doknr="BJNR207660959"><norm builddate="20120625152539" doknr="BJNR207660959"><metadaten><jurabk>VollstrAbk BEL</jurabk><ausfertigung-datum manuell="ja">1958-06-30</ausfertigung-datum><fundstelle typ="amtlich"><periodikum>BGBl II</periodikum><zitstelle>1959, 766</zitstelle></fundstelle><langue>Abkommen zwischen der Bundesrepublik Deutschland und dem Königreich
Belgien über die gegenseitige Anerkennung und Vollstreckung von gerichtlichen
Entscheidungen, Schiedssprüchen und öffentlichen Urkunden in Zivil- und
Handelssachen</langue></metadaten><textdaten><text format="decorated"/><fussnoten><Content><P>G v. 26.6.1959 II 765 <BR/>In Kraft gem. Bek. v. 23.11.1960 II 2408 mWv 27.1.1961 <BR/>Teilweise ersetzt durch Übereinkommen v. 27.9.1968 über die gerichtliche Zuständigkeit und die Vollstreckung gerichtlicher Entscheidungen in Zivil- und Handelssachen II 1972, 773</P></Content></fussnoten></textdaten></norm>
</dokumente>