<?xml version="1.0" encoding="UTF-8" ?><!DOCTYPE dokumente SYSTEM "http://www.gesetze-im-internet.de/dtd/1.01/gii-norm.dtd">
<dokumente builddate="20120625154551" doknr="BJNR207210973"><norm builddate="20120625154551" doknr="BJNR207210973"><metadaten><jurabk>TierSchTÜbkG</jurabk><ausfertigung-datum manuell="ja">1973-07-12</ausfertigung-datum><fundstelle typ="amtlich"><periodikum>BGBl II</periodikum><zitstelle>1973, 721</zitstelle></fundstelle><langue>Gesetz zu dem Europäischen Übereinkommen vom 13. Dezember 1968 über den
Schutz von Tieren beim internationalen Transport</langue></metadaten><textdaten><text format="decorated"/></textdaten></norm>
</dokumente>