<?xml version="1.0" encoding="UTF-8" ?><!DOCTYPE dokumente SYSTEM "http://www.gesetze-im-internet.de/dtd/1.01/gii-norm.dtd">
<dokumente builddate="20260121215509" doknr="BJNR037810999"><norm builddate="20260121215509" doknr="BJNR037810999"><metadaten><jurabk>StromStG</jurabk><amtabk>StromStG</amtabk><ausfertigung-datum manuell="ja">1999-03-24</ausfertigung-datum><fundstelle typ="amtlich"><periodikum>BGBl I</periodikum><zitstelle>1999, 378 (2000 I 147)</zitstelle></fundstelle><langue>Stromsteuergesetz</langue><standangabe checked="ja"><standtyp>Stand</standtyp><standkommentar>Zuletzt geändert durch Art. 1 G v. 22.12.2025 I Nr. 340</standkommentar></standangabe></metadaten><textdaten><fussnoten><Content><P><BR/> <pre xml:space="preserve">(+++ Textnachweis ab: 1.4.1999 +++)<BR/>(+++ Zur Anwendung vgl. § 14 +++)<BR/>(+++ EU-Vollzitate: vgl. Liste EU-Rechtsakte G v. 22.12.2025 I Nr. 340 +++)<BR/><BR/></pre>Das G wurde als Art. 1 d. G v. 24.3.1999 I 378 (StRökG) vom Bundestag beschlossen. Es ist gem. Art. 3 Satz 2 dieses G mWv 1.4.1999 in Kraft getreten, § 11 mWv 30.3.1999.</P></Content></fussnoten></textdaten></norm>
<norm builddate="20260121215509" doknr="BJNR037810999BJNE000102123"><metadaten><jurabk>StromStG</jurabk><enbez>§ 1</enbez><titel format="XML">Steuergegenstand, Steuergebiet</titel></metadaten><textdaten><text format="XML"><Content><P>(1) Elektrischer Strom (Strom) der Position 2716 der Kombinierten Nomenklatur unterliegt im Steuergebiet der Stromsteuer. Steuergebiet ist das Gebiet der Bundesrepublik Deutschland ohne das Gebiet von Büsingen und ohne die Insel Helgoland. Die Stromsteuer ist eine Verbrauchsteuer im Sinne der Abgabenordnung.</P><P>(2) Kombinierte Nomenklatur im Sinn dieses Gesetzes ist die Warennomenklatur nach Artikel 1 der Verordnung (EWG) Nr. 2658/87 des Rates vom 23. Juli 1987 über die zolltarifliche und statistische Nomenklatur sowie den Gemeinsamen Zolltarif (ABl. L 256 vom 7.9.1987, S. 1; L 341 vom 3.12.1987, S. 38; L 378 vom 31.12.1987, S. 120; L 130 vom 26.5.1988, S. 42; L 151 vom 8.6.2016, S. 22) in der durch die Durchführungsverordnung (EU) 2017/1925 (ABl. L 282 vom 31.10.2017, S. 1) geänderten, am 1. Januar 2018 geltenden Fassung.</P></Content></text><fussnoten/></textdaten></norm>
<norm builddate="20260121215509" doknr="BJNR037810999BJNE000210123"><metadaten><jurabk>StromStG</jurabk><enbez>§ 2</enbez><titel format="XML">Begriffsbestimmungen</titel></metadaten><textdaten><text format="XML"><Content><P>Im Sinne dieses Gesetzes ist oder sind <DL Font="normal" Type="arabic"><DT>1.</DT><DD Font="normal"><LA Size="normal">Versorger: Derjenige, der Strom leistet;</LA></DD><DT>2.</DT><DD Font="normal"><LA Size="normal">Eigenerzeuger: derjenige, der Strom zum Selbstverbrauch erzeugt;</LA></DD><DT>2a.</DT><DD Font="normal"><LA Size="normal">Klassifikation der Wirtschaftszweige: die vom Statistischen Bundesamt in 65189 Wiesbaden, Gustav-Stresemann-Ring 11, herausgegebene Klassifikation der Wirtschaftszweige, Ausgabe 2003 (WZ 2003), auch zu beziehen über www.destatis.de;</LA></DD><DT>3.</DT><DD Font="normal"><LA Size="normal">Unternehmen des Produzierenden Gewerbes: Unternehmen, die dem Abschnitt C (Bergbau und Gewinnung von Steine und Erden), D (Verarbeitendes Gewerbe), E (Energie- und Wasserversorgung) oder F (Baugewerbe) der Klassifikation der Wirtschaftszweige zuzuordnen sind, sowie die anerkannten Werkstätten für behinderte Menschen im Sinne des § 219 des Neunten Buches Sozialgesetzbuch, wenn sie überwiegend eine wirtschaftliche Tätigkeit ausüben, die den vorgenannten Abschnitten der Klassifikation der Wirtschaftszweige zuzuordnen ist;</LA></DD><DT>4.</DT><DD Font="normal"><LA Size="normal">Unternehmen im Sinne der Nummer 3: Kleinste rechtlich selbständige Einheit sowie kommunale Eigenbetriebe, die auf Grundlage der Eigenbetriebsgesetze oder Eigenbetriebsverordnungen der Länder geführt werden;</LA></DD><DT>5.</DT><DD Font="normal"><LA Size="normal">Unternehmen der Land- und Forstwirtschaft: Unternehmen, die dem Abschnitt A (Land- und Forstwirtschaft) oder der Klasse 05.02 (Teichwirtschaft und Fischzucht) der Klassifikation der Wirtschaftszweige zuzuordnen sind, sowie die anerkannten Werkstätten für behinderte Menschen im Sinne des § 219 des Neunten Buches Sozialgesetzbuch, wenn sie überwiegend eine wirtschaftliche Tätigkeit ausüben, die dem Abschnitt A oder der Klasse 05.02 der Klassifikation der Wirtschaftszweige zuzuordnen ist;</LA></DD><DT>6.</DT><DD Font="normal"><LA Size="normal">Unternehmen im Sinne der Nummer 5: Wirtschaftliche, finanzielle und rechtliche Einheit, die unter einheitlicher und selbständiger Führung steht;</LA></DD><DT>7.</DT><DD Font="normal"><LA Size="normal">(weggefallen)</LA></DD><DT>8.</DT><DD Font="normal"><LA Size="normal">Elektromobilität: das Nutzen elektrisch betriebener Fahrzeuge, ausgenommen schienen- oder leitungsgebundener Fahrzeuge;</LA></DD><DT>8a.</DT><DD Font="normal"><LA Size="normal">Ladepunkt: eine Einrichtung, an der gleichzeitig nur ein elektrisch betriebenes Fahrzeug aufgeladen oder entladen werden kann und die geeignet und bestimmt ist zum Aufladen oder zum Auf- und Entladen von elektrisch betriebenen Fahrzeugen;</LA></DD><DT>8b.</DT><DD Font="normal"><LA Size="normal">Betreiber des Ladepunkts: wer unter Berücksichtigung der rechtlichen, wirtschaftlichen und tatsächlichen Umstände bestimmenden Einfluss auf den Betrieb eines Ladepunkts ausübt;</LA></DD><DT>8c.</DT><DD Font="normal"><LA Size="normal">bidirektionales Laden: ein Ladevorgang, bei dem die Richtung des Stromflusses umgekehrt werden kann, sodass Strom vom aufladbaren elektrischen Energiespeicher eines Elektrofahrzeugs zu dem Ladepunkt fließen kann, an den er angeschlossen ist;</LA></DD><DT>9.</DT><DD Font="normal"><LA Size="normal">Stromspeicher: andere Anlagen als Anlagen zur Stromerzeugung, die am Ort ihres Betriebs ausschließlich dem Zweck der Zwischenspeicherung von Strom für eine spätere Verwendung dienen, während des Betriebs ausschließlich an ihrem geografischen Standort verbleiben und nicht Teil eines Fahrzeugs sind; der geografische Standort ist ein durch Koordinaten bestimmter Punkt;</LA></DD><DT>9a.</DT><DD Font="normal"><LA Size="normal">Zwischenspeicherung von Strom: die Umwandlung von Strom in eine andere Energieform, die Speicherung der umgewandelten Energie und ihre anschließende Rückumwandlung in Strom;</LA></DD><DT>10.</DT><DD Font="normal"><LA Size="normal">hocheffiziente KWK-Anlagen: ortsfeste Anlagen zur gekoppelten Erzeugung von Kraft und Wärme, in denen Strom erzeugt wird und die die Kriterien des Anhangs III zu der Richtlinie (EU) 2023/1791 mit der Maßgabe erfüllen, dass unabhängig vom Datum der Inbetriebnahme der Anlagen die direkten CO<SUB>2</SUB>-Emissionen aus der kombinierten Erzeugung mit fossilen Brennstoffen je Kilowattstunde Energieertrag, einschließlich Wärme, Kälte, Strom und mechanischer Energie, je Stromerzeugungseinheit weniger als 270 Gramm betragen;</LA></DD><DT>11.</DT><DD Font="normal"><LA Size="normal">Netz der allgemeinen Versorgung mit Strom: ein Netz, das der Verteilung von Strom an Dritte dient und von seiner Dimensionierung nicht von vornherein nur auf die Versorgung bestimmter, schon bei der Netzerrichtung feststehender oder bestimmbarer Personen ausgelegt ist, sondern grundsätzlich jedermann für die Versorgung offensteht.</LA></DD></DL></P></Content></text><fussnoten><Content><P>(+++ EU-Vollzitate: vgl. Liste EU-Rechtsakte G v. 22.12.2025 I Nr. 340 +++)</P></Content></fussnoten></textdaten></norm>
<norm builddate="20260121215509" doknr="BJNR037810999BJNE001904123"><metadaten><jurabk>StromStG</jurabk><enbez>§ 2a</enbez><titel format="XML">Staatliche Beihilfen</titel></metadaten><textdaten><text format="XML"><Content><P>(1) Die Inanspruchnahme oder die Gewährung einer Steuerbefreiung, Steuerermäßigung oder Steuerentlastung, die nach Absatz 3 als staatliche Beihilfe anzusehen ist, ist nicht zulässig, solange derjenige, der den Strom entnimmt, zu einer Rückzahlung von Beihilfen auf Grund eines früheren Beschlusses der Europäischen Kommission zur Feststellung der Unzulässigkeit einer Beihilfe und ihrer Unvereinbarkeit mit dem Binnenmarkt verpflichtet worden und dieser Rückforderungsanordnung nicht nachgekommen ist. Im Falle einer Steuerbefreiung oder der Inanspruchnahme einer Steuerermäßigung hat der Verwender dem zuständigen Hauptzollamt unverzüglich mitzuteilen, wenn er einer Rückforderungsanordnung im Sinn des Satzes 1 nicht nachkommt. Im Falle eines Antrages auf Steuerentlastung ist bei Antragstellung zu versichern, dass keine offenen Ansprüche nach Satz 1 bestehen.</P><P>(2) Die Inanspruchnahme oder Gewährung einer Steuerbefreiung, Steuerermäßigung oder Steuerentlastung, die nach Absatz 3 als staatliche Beihilfe anzusehen ist, ist nicht zulässig für Unternehmen in Schwierigkeiten <DL Font="normal" Type="arabic"><DT>1.</DT><DD Font="normal"><LA Size="normal">im Sinn des Artikels 1 Absatz 4 Buchstabe c, des Artikels 2 Nummer 18 der Verordnung (EU) Nr. 651/2014, soweit diese Anwendung findet, oder</LA></DD><DT>2.</DT><DD Font="normal"><LA Size="normal">im Sinn der Leitlinien für staatliche Beihilfen zur Rettung und Umstrukturierung nichtfinanzieller Unternehmen in Schwierigkeiten (2014/C 249/01) (ABl. C 249 vom 31.7.2014, S. 1 ff.) in der jeweils geltenden Fassung, soweit die Allgemeine Gruppenfreistellungsverordnung keine Anwendung findet.</LA></DD></DL>Im Falle einer Steuerbefreiung oder Inanspruchnahme einer Steuerermäßigung hat das betreffende Unternehmen dem zuständigen Hauptzollamt unverzüglich mitzuteilen, wenn es sich im Sinn des Satzes 1 in wirtschaftlichen Schwierigkeiten befindet. Im Falle eines Antrages auf Steuerentlastung ist bei Antragstellung zu versichern, dass kein Fall von Satz 1 vorliegt.</P><P>(3) Staatliche Beihilfen im Sinn des Artikels 107 des Vertrags über die Arbeitsweise der Europäischen Union, die der Kommission anzuzeigen oder von ihr zu genehmigen sind, sind in diesem Gesetz § 9 Absatz 1 Nummer 1 und 3, Absatz 2 und 3 sowie die §§ 9b und 9c.</P></Content></text><fussnoten><Content><P>(+++ EU-Vollzitate: vgl. Liste EU-Rechtsakte G v. 22.12.2025 I Nr. 340 +++)</P></Content></fussnoten></textdaten></norm>
<norm builddate="20260121215509" doknr="BJNR037810999BJNE000302301"><metadaten><jurabk>StromStG</jurabk><enbez>§ 3</enbez><titel format="parat">Steuertarif</titel></metadaten><textdaten><text format="XML"><Content><P>Die Steuer beträgt 20,50 Euro für eine Megawattstunde.</P></Content></text><fussnoten/></textdaten></norm>
<norm builddate="20260121215509" doknr="BJNR037810999BJNE000404123"><metadaten><jurabk>StromStG</jurabk><enbez>§ 4</enbez><titel format="XML">Erlaubnis</titel></metadaten><textdaten><text format="XML"><Content><P>(1) Wer als Versorger mit Sitz im Steuergebiet Strom leisten oder als Eigenerzeuger Strom zum Selbstverbrauch entnehmen oder als Letztverbraucher Strom aus einem Gebiet außerhalb des Steuergebiets beziehen will, bedarf der Erlaubnis. Einer Erlaubnis als Eigenerzeuger bedarf es nicht, wenn der Eigenerzeuger Inhaber einer Erlaubnis als Versorger ist oder soweit der Eigenerzeuger Strom zum Selbstverbrauch entnimmt, der nach § 9 Absatz 1 Nummer 3 Buchstabe a, Nummer 4, 5 oder Nummer 6 von der Steuer befreit ist.</P><P>(2) Die Erlaubnis wird auf Antrag unter Widerrufsvorbehalt Personen erteilt, gegen deren steuerliche Zuverlässigkeit keine Bedenken bestehen und die, soweit nach dem Handelsgesetzbuch oder der Abgabenordnung dazu verpflichtet, ordnungsmäßig kaufmännische Bücher führen und rechtzeitig Jahresabschlüsse aufstellen.</P><P>(3) Sind Anzeichen für eine Gefährdung der Steuer erkennbar, ist die Erlaubnis von einer Sicherheit bis zur Höhe des Steuerwerts der voraussichtlich im Jahresdurchschnitt während zweier Monate entstehenden Steuer abhängig.</P><P>(4) Die Erlaubnis ist zu widerrufen, wenn eine der Voraussetzungen nach Absatz 2 nicht mehr erfüllt ist oder eine angeforderte Sicherheit nicht geleistet wird.</P><P>(5) (weggefallen)</P></Content></text><fussnoten/></textdaten></norm>
<norm builddate="20260121215509" doknr="BJNR037810999BJNE000505123"><metadaten><jurabk>StromStG</jurabk><enbez>§ 5</enbez><titel format="XML">Entstehung der Steuer, Steuerschuldner</titel></metadaten><textdaten><text format="XML"><Content><P>(1) Die Steuer entsteht dadurch, daß vom im Steuergebiet ansässigen Versorger geleisteter Strom durch Letztverbraucher im Steuergebiet aus dem Versorgungsnetz entnommen wird, oder dadurch, daß der Versorger dem Versorgungsnetz Strom zum Selbstverbrauch entnimmt. Bei Eigenerzeugern entsteht die Steuer vorbehaltlich Satz 1 mit der Entnahme von Strom zum Selbstverbrauch im Steuergebiet.</P><P>(1a) Die Steuer entsteht nicht, wenn Strom nach diesem Gesetz von der Steuer befreit ist.</P><P>(2) Steuerschuldner ist in den Fällen des Absatzes 1 Satz 1 der Versorger und im Falle des Absatzes 1 Satz 2 der Eigenerzeuger.</P><P>(3) Strom gilt mit der Leistung an einen Versorger, der nicht Inhaber einer nach § 4 Abs. 1 erforderlichen Erlaubnis als Versorger ist, als durch einen Letztverbraucher im Steuergebiet aus dem Versorgungsnetz entnommen, wenn die Leistung des Stroms in der Annahme erfolgt, dass eine Steuer nach Absatz 1 Satz 1 entstanden sei. Eine Steuerentstehung durch die tatsächliche Entnahme des Stroms aus dem Versorgungsnetz bleibt dadurch unberührt. Dem Versorger ohne Erlaubnis wird die durch den an ihn leistenden Versorger entrichtete Steuer auf Antrag vergütet, soweit er nachweist, dass die durch die tatsächliche Entnahme des Stroms entstandene Steuer entrichtet worden ist, für den Strom keine Steuer entstanden ist oder der Strom steuerfrei entnommen worden ist.</P><P>(4) Stromspeicher, in denen Strom durch Versorger zwischengespeichert und aus denen dieser Strom durch Versorger in ein Versorgungsnetz eingespeist wird, gelten insoweit als Teile dieses Versorgungsnetzes, wenn sie im Marktstammdatenregister nach Maßgabe der Marktstammdatenregisterverordnung vom 10. April 2017 (BGBl. I S. 842), die zuletzt durch Artikel 1 der Verordnung vom 11. Dezember 2024 (BGBl. 2024 I Nr. 402) geändert worden ist, in der jeweils geltenden Fassung, registriert sind. Soweit nach § 9 Absatz 1 Nummer 1, 3, 4 oder 6 Buchstabe b Strom ohne Zwischenspeicherung steuerfrei wäre, bleibt dieser nach Rückumwandlung in dem Verhältnis zu der insgesamt im Veranlagungsjahr zur Zwischenspeicherung entnommenen Strommenge steuerfrei. Soweit Stromspeicher nicht als Teile des Versorgungsnetzes gelten und soweit Strom, der am Ort des Betriebs zur Zwischenspeicherung entnommen wird, nach § 3 zu versteuern ist, unterliegt dieser nach Rückumwandlung und Entnahme an diesem Ort in dem Verhältnis zu der insgesamt im Veranlagungsjahr zur Zwischenspeicherung entnommenen Strommenge nicht erneut der Versteuerung. Erfolgt die Rückumwandlung der im Stromspeicher zwischengespeicherten Energie in Strom unter Nutzung einer Anlage zur Stromerzeugung, findet für die Stromerzeugung § 9 Absatz 1 Nummer 2 Anwendung.</P></Content></text><fussnoten/></textdaten></norm>
<norm builddate="20260121215509" doknr="BJNR037810999BJNE002500123"><metadaten><jurabk>StromStG</jurabk><enbez>§ 5a</enbez><titel format="XML">Steuerliche Behandlung von Ladepunkten</titel></metadaten><textdaten><text format="XML"><Content><P>(1) Wird Strom an einem Ladepunkt entnommen, so gilt dies als eine Entnahme nach § 5 Absatz 1 durch den Betreiber des Ladepunkts. Dies gilt entsprechend, wenn Stromspeicher mit einem Ladepunkt unmittelbar und nicht nur vorübergehend verbunden sind. Das Leisten von Strom an den Ladepunkt oder an mit dem Ladepunkt unmittelbar und nicht nur vorübergehend verbundene Stromspeicher gilt als ein Leisten an den Betreiber des Ladepunkts. Steuerschuldner ist der oder sind die Versorger des Betreibers des Ladepunkts oder der Betreiber des Ladepunkts, wenn dieser selbst Versorger ist. Ist der Betreiber des Ladepunkts Eigenerzeuger, ist er für den eigenerzeugten und am Ladepunkt entnommenen Strom Steuerschuldner. Der Betreiber des Ladepunkts wird nicht zum Versorger, sofern er Strom nur am Ladepunkt leistet.</P><P>(2) Die Entnahme nach Absatz 1 Satz 1 gilt im Sinne des § 9 Absatz 1 Nummer 1 und 3 Buchstabe a als Selbstverbrauch des Betreibers des Ladepunkts. Im Fall des § 9 Absatz 1 Nummer 3 Buchstabe b gilt die Entnahme nach Absatz 1 Satz 1 als Entnahme durch einen Letztverbraucher.</P><P>(3) Wer Strom im Rahmen des bidirektionalen Ladens aus einem aufladbaren elektrischen Energiespeicher von Elektrofahrzeugen an einen Ladepunkt leistet, gilt insoweit nicht als Versorger. Wird nach Satz 1 geleisteter Strom unmittelbar am Ort des Ladepunkts, ohne Nutzung des Netzes der allgemeinen Versorgung mit Strom, zum Verbrauch entnommen, entsteht keine Steuer.</P></Content></text><fussnoten/></textdaten></norm>
<norm builddate="20260121215509" doknr="BJNR037810999BJNE000600307"><metadaten><jurabk>StromStG</jurabk><enbez>§ 6</enbez><titel format="parat">Widerrechtliche Entnahme von Strom</titel></metadaten><textdaten><text format="XML"><Content><P>Die Steuer entsteht auch dadurch, daß widerrechtlich Strom aus dem Versorgungsnetz entnommen wird. Steuerschuldner ist, wer widerrechtlich Strom entnimmt.</P></Content></text></textdaten></norm>
<norm builddate="20260121215509" doknr="BJNR037810999BJNE000700307"><metadaten><jurabk>StromStG</jurabk><enbez>§ 7</enbez><titel format="parat">Leistung von Strom in das Steuergebiet</titel></metadaten><textdaten><text format="XML"><Content><P>Bezieht ein Letztverbraucher Strom aus einem Gebiet außerhalb des Steuergebiets, entsteht die Steuer dadurch, daß der Strom durch den Letztverbraucher im Steuergebiet aus dem Versorgungsnetz entnommen wird. Steuerschuldner ist der Letztverbraucher.</P></Content></text></textdaten></norm>
<norm builddate="20260121215509" doknr="BJNR037810999BJNE000806123"><metadaten><jurabk>StromStG</jurabk><enbez>§ 8</enbez><titel format="XML">Steueranmeldung, Fälligkeit der Steuer</titel></metadaten><textdaten><text format="XML"><Content><P>(1) Der Steuerschuldner hat für Strom, für den die Steuer nach § 5 Abs. 1 oder § 7 entstanden ist, vorbehaltlich des Absatzes 9 eine Steuererklärung abzugeben und darin die Steuer selbst zu berechnen (Steueranmeldung).</P><P>(2) Der Steuerschuldner kann zwischen monatlicher und jährlicher Steueranmeldung wählen. Das Wahlrecht kann nur für jeweils ein Kalenderjahr ausgeübt werden. Es ist durch eine Erklärung auszuüben, die spätestens am 31. Dezember des Vorjahres beim Hauptzollamt eingegangen sein muß. Wird die Erklärung nicht rechtzeitig abgegeben, ist die Steuer jährlich anzumelden und zu entrichten.</P><P>(3) Bei monatlicher Anmeldung ist die Steuer für jeden Kalendermonat (Veranlagungsmonat) bis zum 15. Kalendertag des folgenden Kalendermonats anzumelden und bis zum 25. Kalendertag dieses Kalendermonats an das Hauptzollamt zu entrichten.</P><P>(4) Bei jährlicher Anmeldung ist die Steuer für jedes Kalenderjahr (Veranlagungsjahr) bis zum 31. Mai des folgenden Kalenderjahres anzumelden und unter Anrechnung der geleisteten monatlichen Vorauszahlungen nach Absatz 7 bis zum 25. Juni dieses Kalenderjahres an das Hauptzollamt zu entrichten.</P><P>(4a) Wird die Leistung von Strom oder die Entnahme von Strom zum Selbstverbrauch nach Ablesezeiträumen abgerechnet oder ermittelt, die mehrere Veranlagungsmonate oder mehrere Veranlagungsjahre betreffen, ist insoweit eine sachgerechte, von einem Dritten nachvollziehbare Schätzung zur Aufteilung der im gesamten Ablesezeitraum entnommenen Menge auf die betroffenen Veranlagungszeiträume zulässig. Sofern Ablesezeiträume später enden als der jeweilige Veranlagungszeitraum, ist für diese Ablesezeiträume die voraussichtlich im Veranlagungszeitraum entnommene Menge zur Versteuerung anzumelden. Nachdem ein solcher Ablesezeitraum beendet ist, hat der Steuerschuldner die nach Satz 2 angemeldete Menge und die darauf entfallende Steuer entsprechend Satz 1 zu berichtigen. Die Berichtigung ist für den Veranlagungszeitraum vorzunehmen, in dem der Ablesezeitraum endet. Die Steuer oder der Erstattungsanspruch für die Differenzmenge zwischen der angemeldeten und der berichtigten Menge gilt insoweit in dem Zeitpunkt als entstanden, in dem der Ablesezeitraum endet. Die Sätze 1 bis 5 gelten für Steuerschuldner nach § 7 Satz 2 sinngemäß.</P><P>(4b) Ablesezeiträume nach Absatz 4a enden auch dann später als der jeweilige Veranlagungszeitraum, wenn die für den Veranlagungszeitraum abgerechnete oder ermittelte Menge auf einer Schätzung beruht oder sich im Nachhinein als unzutreffend herausstellt und auf Grund einer Ablesung oder der Berichtigung eines abgelesenen Wertes eine Änderung der Abrechnung oder eine Änderung der ermittelten Menge erfolgt.</P><P>(4c) Ablesezeiträume nach Absatz 4a betreffen auch dann mehrere Veranlagungsjahre, wenn Geschäftsvorfälle der Abrechnung oder Ermittlung der Menge nicht mehr in dem Jahresabschluss zu berücksichtigen sind, der das Veranlagungsjahr umfasst.</P><P>(5) Scheidet ein Steuerschuldner während des Veranlagungsjahres aus der Steuerpflicht aus, ist die Höhe der zu entrichtenden Steuer bis zum Ablauf des fünften Kalendermonats, der dem Ende der Steuerpflicht folgt, anzumelden. Ein sich unter Anrechnung der geleisteten monatlichen Vorauszahlungen nach Absatz 7 ergebender Restbetrag ist bis zum 25. Kalendertag des Folgemonats an das Hauptzollamt zu zahlen.</P><P>(6) Bei jährlicher Anmeldung sind auf die Steuerschuld monatliche Vorauszahlungen zu leisten. Die Höhe der monatlichen Vorauszahlungen wird durch das Hauptzollamt festgesetzt und beträgt ein Zwölftel der voraussichtlich im Veranlagungsjahr zu erwartenden Steuerschuld (voraussichtliche Jahressteuerschuld). Das Hauptzollamt kann die monatlichen Vorauszahlungen auf Antrag abweichend festsetzen, wenn die Summe der vom Steuerschuldner zu leistenden Vorauszahlungen erheblich von der voraussichtlichen Jahressteuerschuld abweichen würde. Der Steuerschuldner hat dem Hauptzollamt bis zum 15. Januar des Veranlagungsjahres, für das Vorauszahlungen zu leisten sind, eine sachgerechte, von einem Dritten nachvollziehbare Schätzung der voraussichtlichen Jahressteuerschuld mitzuteilen. Beträgt die voraussichtliche Jahressteuerschuld nach der Schätzung des Steuerschuldners weniger als 2 400 Euro, ist die Schätzung nur auf Verlangen des Hauptzollamts mitzuteilen. Der Steuerschuldner hat zum 30. Juni für das Veranlagungsjahr eine weitere Schätzung der voraussichtlichen Jahressteuerschuld vorzunehmen und diese auf Verlangen des Hauptzollamts mitzuteilen. Übersteigt diese Schätzung 100 000 Euro und die vom Hauptzollamt bei der Festsetzung der vom Steuerschuldner für das Veranlagungsjahr zu leistenden Vorauszahlungen zugrunde gelegte voraussichtliche Jahressteuerschuld um mehr als 20 Prozent, hat der Steuerschuldner dem Hauptzollamt die Schätzung bis zum 15. August des Veranlagungsjahres mitzuteilen. Das Hauptzollamt hat die monatlichen Vorauszahlungen abweichend festzusetzen.</P><P>(7) Die Vorauszahlungen für den einzelnen Kalendermonat sind jeweils bis zum 25. Kalendertag des folgenden Kalendermonats an das Hauptzollamt zu entrichten.</P><P>(8) (weggefallen)</P><P>(9) Wird Strom <DL Type="arabic"><DT>1.</DT><DD Font="normal"><LA>ohne Erlaubnis nach § 4 Absatz 1 oder steuerbegünstigt an einen Nichtberechtigten nach § 9 Absatz 8 geleistet,</LA></DD><DT>2.</DT><DD Font="normal"><LA>ohne Erlaubnis nach § 4 Absatz 1 zum Selbstverbrauch entnommen,</LA></DD><DT>3.</DT><DD Font="normal"><LA>widerrechtlich nach § 6 entnommen oder</LA></DD><DT>4.</DT><DD Font="normal"><LA>zweckwidrig nach § 9 Absatz 6 entnommen,</LA></DD></DL>hat der Steuerschuldner unverzüglich eine Steueranmeldung abzugeben. Die Steuer ist sofort zu entrichten. Die Sätze 1 und 2 gelten im Falle des § 9 Absatz 8 nur für den Nichtberechtigten.</P><P>(10) Für die nach § 5 oder § 7 entstehende Steuer kann das Hauptzollamt im Voraus Sicherheit verlangen, wenn Anzeichen für eine Gefährdung der Steuer erkennbar sind.</P></Content></text><fussnoten/></textdaten></norm>
<norm builddate="20260121215509" doknr="BJNR037810999BJNE000913123"><metadaten><jurabk>StromStG</jurabk><enbez>§ 9</enbez><titel format="XML">Steuerbefreiungen, Steuerermäßigungen</titel></metadaten><textdaten><text format="XML"><Content><P>(1) Von der Steuer ist befreit: <DL Font="normal" Type="arabic"><DT>1.</DT><DD Font="normal"><LA Size="normal">Strom, der in Anlagen mit einer elektrischen Nennleistung von mehr als 2 Megawatt ausschließlich aus Windkraft, Sonnenenergie, Erdwärme oder Wasserkraft in Wasserkraftwerken mit einer installierten Generatorleistung von bis zu 10 Megawatt erzeugt und vom Betreiber der Anlage am Ort der Erzeugung zum Selbstverbrauch entnommen wird;</LA></DD><DT>2.</DT><DD Font="normal"><LA Size="normal">Strom, der zur Stromerzeugung oder zur Aufrechterhaltung der Fähigkeit, elektrischen Strom zu erzeugen, entnommen wird;</LA></DD><DT>3.</DT><DD Font="normal"><LA Size="normal">Strom, der in Anlagen mit einer elektrischen Nennleistung von bis zu 2 Megawatt ausschließlich aus Windkraft, Sonnenenergie, Erdwärme oder Wasserkraft oder in hocheffizienten KWK-Anlagen mit einer elektrischen Nennleistung von bis zu 2 Megawatt erzeugt wird und der <DL Font="normal" Type="alpha"><DT>a)</DT><DD Font="normal"><LA Size="normal">vom Betreiber der Anlage als Eigenerzeuger im räumlichen Zusammenhang zu der Anlage zum Selbstverbrauch entnommen wird oder</LA></DD><DT>b)</DT><DD Font="normal"><LA Size="normal">von demjenigen, der die Anlage betreibt oder betreiben lässt, an Letztverbraucher geleistet wird, die den Strom im räumlichen Zusammenhang zu der Anlage entnehmen;</LA></DD></DL></LA></DD><DT>4.</DT><DD Font="normal"><LA Size="normal">Strom, der in Anlagen erzeugt wird, soweit diese der vorübergehenden Stromversorgung im Falle des Ausfalls oder der Störung der sonst üblichen Stromversorgung dienen (Notstromanlagen);</LA></DD><DT>5.</DT><DD Font="normal"><LA Size="normal">Strom, der auf Wasserfahrzeugen oder in Luftfahrzeugen erzeugt und eben dort entnommen wird, sowie Strom, der in Schienenfahrzeugen im Schienenbahnverkehr erzeugt und zu begünstigten Zwecken nach Absatz 2 entnommen wird;</LA></DD><DT>6.</DT><DD Font="normal"><LA Size="normal">Strom, zu dessen Erzeugung nachweislich versteuerte Energieerzeugnisse eingesetzt werden und der in Anlagen mit einer elektrischen Nennleistung von bis zu 2 Megawatt erzeugt und <DL Font="normal" Type="alpha"><DT>a)</DT><DD Font="normal"><LA Size="normal">am Ort der Erzeugung entnommen wird, sofern die Anlagen weder mittel- noch unmittelbar an das Netz der allgemeinen Versorgung mit Strom angeschlossen sind, oder</LA></DD><DT>b)</DT><DD Font="normal"><LA Size="normal">am Ort der Erzeugung entnommen wird, ohne durch ein Netz der allgemeinen Versorgung mit Strom durchgeleitet zu werden;</LA></DD></DL></LA></DD><DT>7.</DT><DD Font="normal"><LA Size="normal">Strom, für den bei der Entnahme die Voraussetzungen vorliegen nach <DL Font="normal" Type="alpha"><DT>a)</DT><DD Font="normal"><LA Size="normal">Artikel XI des Abkommens vom 19. Juni 1951 zwischen den Parteien des Nordatlantikvertrags über die Rechtsstellung ihrer Truppen (BGBl. 1961 II S. 1183, 1190) in der jeweils geltenden Fassung und den Artikeln 65 bis 67 des Zusatzabkommens vom 3. August 1959 zu dem Abkommen vom 19. Juni 1951 zwischen den Parteien des Nordatlantikvertrages über die Rechtsstellung ihrer Truppen hinsichtlich der in der Bundesrepublik Deutschland stationierten ausländischen Truppen (BGBl. 1961 II S. 1183, 1218) in der jeweils geltenden Fassung,</LA></DD><DT>b)</DT><DD Font="normal"><LA Size="normal">Artikel 15 des Abkommens vom 13. März 1967 zwischen der Bundesrepublik Deutschland und dem Obersten Hauptquartier der Alliierten Mächte, Europa, über die besonderen Bedingungen für die Einrichtung und den Betrieb internationaler militärischer Hauptquartiere in der Bundesrepublik Deutschland (BGBl. 1969 II S. 1997, 2009) in der jeweils geltenden Fassung und</LA></DD><DT>c)</DT><DD Font="normal"><LA Size="normal">den Artikeln III bis V des Abkommens zwischen der Bundesrepublik Deutschland und den Vereinigten Staaten von Amerika vom 15. Oktober 1954 über die von der Bundesrepublik Deutschland zu gewährenden Abgabenvergünstigungen für die von den Vereinigten Staaten im Interesse der gemeinsamen Verteidigung geleisteten Ausgaben (BGBl. 1955 II S. 821, 823) in der jeweils geltenden Fassung;</LA></DD></DL></LA></DD><DT>8.</DT><DD Font="normal"><LA Size="normal">Strom, der von in internationalen Übereinkommen vorgesehenen internationalen Einrichtungen entnommen wird.</LA></DD></DL></P><P>(1a) Strom ist nicht nach Absatz 1 Nummer 1 von der Steuer befreit, wenn er in ein Netz der allgemeinen Versorgung mit Strom eingespeist wird. Ein Einspeisen liegt auch dann vor, wenn Strom lediglich kaufmännisch-bilanziell weitergegeben und infolge dessen als eingespeist behandelt wird.</P><P>(1b) Auf die Steuerbefreiungen nach Absatz 1 Nummer 1 bis 3 und 6 Buchstabe b kann unwiderruflich verzichtet werden, indem die entnommene Menge durch den Steuerschuldner nachweislich nach § 3 versteuert wird.</P><P>(2) Strom unterliegt einem ermäßigten Steuersatz von 11,42 Euro für eine Megawattstunde, wenn er im Verkehr mit Oberleitungsomnibussen oder für den Fahrbetrieb im Schienenbahnverkehr, mit Ausnahme der betriebsinternen Werkverkehre und Bergbahnen, entnommen wird und nicht gemäß Absatz 1 von der Steuer befreit ist.</P><P>(2a) (weggefallen)</P><P>(3) Strom unterliegt einem ermäßigten Steuersatz von 0,50 Euro für eine Megawattstunde, wenn er im Fall einer landseitigen Stromversorgung von Wasserfahrzeugen für die Schifffahrt, mit Ausnahme der privaten nichtgewerblichen Schifffahrt, entnommen wird. Satz 1 gilt nicht für die landseitige Stromversorgung von Wasserfahrzeugen während ihres Aufenthaltes in einer Werft.</P><P>(4) Der Erlaubnis bedarf, wer <DL Font="normal" Type="arabic"><DT>1.</DT><DD Font="normal"><LA Size="normal">nach Absatz 1 Nummer 1 bis 3 Buchstabe a von der Steuer befreiten Strom entnehmen will,</LA></DD><DT>2.</DT><DD Font="normal"><LA Size="normal">nach Absatz 2 oder Absatz 3 begünstigten Strom entnehmen will oder</LA></DD><DT>3.</DT><DD Font="normal"><LA Size="normal">von der Steuer befreiten Strom nach Absatz 1 Nummer 3 Buchstabe b an Letztverbraucher leisten will.</LA></DD></DL>Die Erlaubnis wird auf Antrag unter Widerrufsvorbehalt Personen erteilt, gegen deren steuerliche Zuverlässigkeit keine Bedenken bestehen. Sie ist zu widerrufen, wenn die Voraussetzung nach Satz 2 nicht mehr erfüllt ist.</P><P>(5) (weggefallen)</P><P>(6) Der Erlaubnisinhaber darf den steuerbegünstigt bezogenen Strom nur zu dem in der Erlaubnis genannten Zweck entnehmen. Die Steuer entsteht für Strom, der zu anderen als in der Erlaubnis genannten Zwecken entnommen wird, nach dem Steuersatz des § 3. Besteht die Steuerbegünstigung in einer Steuerermäßigung, gilt Satz 2 nur für den ermäßigten Teil der Steuer. Steuerschuldner ist der Erlaubnisinhaber.</P><P>(7) (weggefallen)</P><P>(8) Wird Strom steuerbegünstigt an einen Nichtberechtigten geleistet, entsteht die Steuer auch in der Person des Nichtberechtigten. Mehrere Steuerschuldner sind Gesamtschuldner.</P><P>(9) Die Steuerbefreiungen nach Absatz 1 Nummer 1 und 3 und die Steuerermäßigungen nach den Absätzen 2 und 3 werden gewährt nach Maßgabe und bis zum Auslaufen der hierfür erforderlichen Freistellungsanzeigen bei der Europäischen Kommission nach der Verordnung (EU) Nr. 651/2014. Das Auslaufen der Freistellungsanzeigen ist vom Bundesministerium der Finanzen im Bundesgesetzblatt gesondert bekannt zu geben.</P></Content></text><fussnoten><Content><P>(+++ EU-Vollzitate: vgl. Liste EU-Rechtsakte G v. 22.12.2025 I Nr. 340 +++)</P></Content></fussnoten></textdaten></norm>
<norm builddate="20260121215509" doknr="BJNR037810999BJNE001404123"><metadaten><jurabk>StromStG</jurabk><enbez>§ 9a</enbez><titel format="XML">Steuerentlastung für bestimmte Prozesse und Verfahren</titel></metadaten><textdaten><text format="XML"><Content><P>(1) Eine Steuerentlastung wird auf Antrag gewährt für nachweislich nach § 3 versteuerten Strom, den ein Unternehmen des Produzierenden Gewerbes <DL Font="normal" Type="arabic"><DT>1.</DT><DD Font="normal"><LA Size="normal">für die Elektrolyse,</LA></DD><DT>2.</DT><DD Font="normal"><LA Size="normal">für die Herstellung von Glas und Glaswaren, keramischen Erzeugnissen, keramischen Wand- und Bodenfliesen und -platten, Ziegeln und sonstiger Baukeramik, Zement, Kalk und gebranntem Gips, Erzeugnissen aus Beton, Zement und Gips, keramisch gebundenen Schleifkörpern, mineralischen Isoliermaterialien und Erzeugnissen daraus, Katalysatorenträgern aus mineralischen Stoffen, Waren aus Asphalt und bituminösen Erzeugnissen, Waren aus Graphit oder anderen Kohlenstoffen, Erzeugnissen aus Porenbetonerzeugnissen zum Trocknen, Kalzinieren, Brennen, Schmelzen, Erwärmen, Warmhalten, Entspannen, Tempern oder Sintern der vorgenannten Erzeugnisse oder der zu ihrer Herstellung verwendeten Vorprodukte,</LA></DD><DT>3.</DT><DD Font="normal"><LA Size="normal">für die Metallerzeugung und -bearbeitung sowie im Rahmen der Herstellung von Metallerzeugnissen für die Herstellung von Schmiede-, Press-, Zieh- und Stanzteilen, gewalzten Ringen und pulvermetallurgischen Erzeugnissen und zur Oberflächenveredlung und Wärmebehandlung jeweils zum Schmelzen, Erwärmen, Warmhalten, Entspannen oder sonstigen Wärmebehandlung oder</LA></DD><DT>4.</DT><DD Font="normal"><LA Size="normal">für chemische Reduktionsverfahren</LA></DD></DL>entnommen hat.</P><P>(2) Entlastungsberechtigt ist derjenige, der den Strom entnommen hat.</P></Content></text><fussnoten/></textdaten></norm>
<norm builddate="20260121215509" doknr="BJNR037810999BJNE001503123"><metadaten><jurabk>StromStG</jurabk><enbez>§ 9b</enbez><titel format="XML">Steuerentlastung für Unternehmen</titel></metadaten><textdaten><text format="XML"><Content><P>(1) Eine Steuerentlastung wird auf Antrag gewährt für nachweislich nach § 3 versteuerten Strom, den ein Unternehmen des Produzierenden Gewerbes oder ein Unternehmen der Land- und Forstwirtschaft für betriebliche Zwecke entnommen hat. Die Steuerentlastung wird jedoch für die Entnahme von Strom zur Erzeugung von Licht, Wärme, Kälte, Druckluft und mechanischer Energie nur gewährt, soweit die vorgenannten Erzeugnisse nachweislich durch ein Unternehmen des Produzierenden Gewerbes oder ein Unternehmen der Land- und Forstwirtschaft genutzt worden sind. Abweichend von Satz 2 wird die Steuerentlastung auch für Strom zur Erzeugung von Druckluft gewährt, soweit diese in Druckflaschen oder anderen Behältern abgegeben wird. Die Steuerentlastung wird nicht für Strom gewährt, der für Elektromobilität entnommen wird.</P><P>(1a) Die Entnahme von Strom zur Zwischenspeicherung in Stromspeichern stellt keine Entnahme zu betrieblichen Zwecken im Sinne von Absatz 1 dar, soweit der rückumgewandelte Strom anschließend an Dritte geleistet oder zu anderen als betrieblichen Zwecken entnommen wird. Der Anspruch nach Absatz 1 entsteht in den Fällen des Satzes 1 mit der Entnahme des rückumgewandelten Stroms zu betrieblichen Zwecken.</P><P>(1b) Absatz 1 gilt für Umwandlungs- oder Verteilverluste nur, soweit die Nutzenergie durch Unternehmen des Produzierenden Gewerbes oder Unternehmen der Land- und Forstwirtschaft genutzt worden ist.</P><P>(2) Die Steuerentlastung beträgt 20 Euro für eine Megawattstunde. Eine Steuerentlastung wird nur gewährt, soweit der Entlastungsbetrag nach Satz 1 im Kalenderjahr den Betrag von 250 Euro übersteigt.</P><P>(2a) (weggefallen)</P><P>(3) Entlastungsberechtigt ist derjenige, der den Strom entnommen hat.</P><P>(4) Die Steuerentlastung wird gewährt nach Maßgabe und bis zum Auslaufen der hierfür erforderlichen Freistellungsanzeige bei der Europäischen Kommission nach der Verordnung (EU) Nr. 651/2014. Das Auslaufen der Freistellungsanzeige ist vom Bundesministerium der Finanzen im Bundesgesetzblatt gesondert bekannt zu geben.</P></Content></text><fussnoten/></textdaten></norm>
<norm builddate="20260121215509" doknr="BJNR037810999BJNE002101123"><metadaten><jurabk>StromStG</jurabk><enbez>§ 9c</enbez><titel format="XML">Steuerentlastung für den Öffentlichen Personennahverkehr</titel></metadaten><textdaten><text format="XML"><Content><P>(1) Eine Steuerentlastung wird auf Antrag gewährt für Strom, der nachweislich nach § 3 versteuert worden ist und der <DL Font="normal" Type="arabic"><DT>1.</DT><DD Font="normal"><LA Size="normal">in Kraftfahrzeugen im genehmigten Linienverkehr nach den §§ 42 und 43 des Personenbeförderungsgesetzes in der Fassung der Bekanntmachung vom 8. August 1990 (BGBl. I S. 1690), das zuletzt durch Artikel 5 des Gesetzes vom 29. August 2016 (BGBl. I S. 2082) geändert worden ist, in der jeweils geltenden Fassung, oder</LA></DD><DT>2.</DT><DD Font="normal"><LA Size="normal">in Kraftfahrzeugen in Verkehren nach § 1 Nummer 4 Buchstabe d, g und i der Freistellungs-Verordnung vom 30. August 1962 (BGBl. I S. 601), die zuletzt durch Artikel 1 der Verordnung vom 4. Mai 2012 (BGBl. I S. 1037) geändert worden ist, in der jeweils geltenden Fassung,</LA></DD></DL>zum Antrieb des Kraftfahrzeuges entnommen worden ist, wenn in der Mehrzahl der Beförderungsfälle eines Verkehrsmittels die gesamte Reiseweite 50 Kilometer oder die gesamte Reisezeit eine Stunde nicht übersteigt. Die Steuerentlastung nach Satz 1 wird nur für den Anteil an Strom gewährt, der im Steuergebiet nach § 1 Absatz 1 Satz 2 entnommen worden ist. Die Steuerentlastung wird nicht gewährt, sofern der Strom bereits anderweitig von der Stromsteuer befreit oder für betriebsinterne Werkverkehre entnommen worden ist.</P><P>(2) Die Steuerentlastung beträgt 9,08 Euro für eine Megawattstunde.</P><P>(3) Eine Steuerentlastung wird nur gewährt, wenn der Entlastungsbetrag nach Absatz 2 mindestens <NB>50 Euro</NB> im Kalenderjahr beträgt.</P><P>(4) Entlastungsberechtigt ist derjenige, der den Strom entnommen hat.</P><P>(5) Die Steuerentlastung wird gewährt nach Maßgabe und bis zum Auslaufen der hierfür erforderlichen Freistellungsanzeige bei der Europäischen Kommission nach der Verordnung (EU) Nr. 651/2014. Das Auslaufen der Freistellungsanzeige ist vom Bundesministerium der Finanzen im Bundesgesetzblatt gesondert bekannt zu geben.</P></Content></text><fussnoten/></textdaten></norm>
<norm builddate="20260121215509" doknr="BJNR037810999BJNE002300123"><metadaten><jurabk>StromStG</jurabk><enbez>§ 9d</enbez><titel format="XML">Steuerentlastung für ausländische Streitkräfte und Hauptquartiere (NATO)</titel></metadaten><textdaten><text format="XML"><Content><P>(1) Eine Steuerentlastung wird auf Antrag gewährt für nachweislich nach § 3 versteuerten Strom, der durch die ausländischen Streitkräfte oder Hauptquartiere entnommen worden ist und der nicht von der Steuer befreit ist. Artikel 67 Absatz 3 Buchstabe a Ziffer i des Zusatzabkommens vom 3. August 1959, Artikel 15 des Abkommens vom 13. März 1967 und Artikel III des Abkommens vom 15. Oktober 1954 gelten auch für diese Steuerentlastung.</P><P>(2) Entlastungsberechtigt ist derjenige, der den Strom unmittelbar zu dem begünstigten Zweck geleistet hat.</P><P>(3) Der Leistung von Strom steht die Entnahme von Strom zur Erzeugung von Wärme zur Lieferung an den begünstigten Personenkreis nach Absatz 1 gleich. Entlastungsberechtigt ist der Lieferer, der den Strom zur Erzeugung von Wärme unmittelbar entnommen hat.</P><P>(4) Ausländische Streitkräfte, Hauptquartiere und Mitglieder der ausländischen Streitkräfte oder der Hauptquartiere sind solche im Sinn des Truppenzollgesetzes vom 19. Mai 2009 (BGBl. I S. 1090), das durch Artikel 8 des Gesetzes vom 15. Juli 2009 (BGBl. I S. 1870) geändert worden ist, in der jeweils geltenden Fassung.</P></Content></text><fussnoten/></textdaten></norm>
<norm builddate="20260121215509" doknr="BJNR037810999BJNE002400123"><metadaten><jurabk>StromStG</jurabk><enbez>§ 9e</enbez><titel format="XML">Steuerentlastung im Zusammenhang mit der Gemeinsamen Sicherheits- und Verteidigungspolitik (GSVP)</titel></metadaten><textdaten><text format="XML"><Content><P>(1) Eine Steuerentlastung wird auf Antrag gewährt für nachweislich nach § 3 versteuerten Strom, der <DL Type="arabic"><DT>1.</DT><DD Font="normal"><LA>durch ausländische Streitkräfte eines anderen Mitgliedstaats der Europäischen Union oder ihr ziviles Begleitpersonal entnommen worden ist oder</LA></DD><DT>2.</DT><DD Font="normal"><LA>für die Versorgung ihrer Kasinos oder Kantinen entnommen worden ist,</LA></DD></DL>wenn diese Streitkräfte im Steuergebiet an einer Verteidigungsanstrengung teilnehmen, die zur Durchführung einer Tätigkeit der Europäischen Union im Zusammenhang mit der Gemeinsamen Sicherheits- und Verteidigungspolitik unternommen wird.</P><P>(2) Entlastungsberechtigt ist derjenige, der den Strom unmittelbar zu dem begünstigten Zweck geleistet hat.</P></Content></text><fussnoten/></textdaten></norm>
<norm builddate="20260121215509" doknr="BJNR037810999BJNE001014123"><metadaten><jurabk>StromStG</jurabk><enbez>§ 10</enbez><titel format="XML">(weggefallen)</titel></metadaten><textdaten><text format="XML"><Content/></text><fussnoten/></textdaten></norm>
<norm builddate="20260121215509" doknr="BJNR037810999BJNE002201123"><metadaten><jurabk>StromStG</jurabk><enbez>§ 10a</enbez><titel format="XML">Datenübermittlung</titel></metadaten><textdaten><text format="XML"><Content><P>(1) Die Generalzolldirektion sowie die Hauptzollämter dürfen Informationen, einschließlich personenbezogener Daten sowie Betriebs- und Geschäftsgeheimnisse, die ihnen in einem Steuerverfahren bekannt geworden sind, an folgende Stellen übermitteln, soweit dies für die Erfüllung der jeweiligen gesetzlichen Aufgaben erforderlich ist: <DL Type="arabic"><DT>1.</DT><DD Font="normal"><LA>an die Übertragungsnetzbetreiber zur Erfüllung ihrer Aufgaben im Zusammenhang mit <DL Type="alpha"><DT>a)</DT><DD Font="normal"><LA>dem Betrieb der Energieversorgungsnetze und der Systemverantwortung für die Energieversorgungsnetze nach dem Energiewirtschaftsgesetz und den dazu erlassenen Rechtsverordnungen,</LA></DD><DT>b)</DT><DD Font="normal"><LA>der Erhebung der nach Teil 4 Abschnitt 4 des Energiefinanzierungsgesetzes begrenzten Umlagen oder</LA></DD><DT>c)</DT><DD Font="normal"><LA>den Vermarktungspflichten nach dem Erneuerbare-Energien-Gesetz und den dazu erlassenen Rechtsverordnungen,</LA></DD></DL></LA></DD><DT>2.</DT><DD Font="normal"><LA>an die Bundesnetzagentur zur Erfüllung ihrer Aufgaben nach dem Energiewirtschaftsgesetz, dem Erneuerbare-Energien-Gesetz, dem Energiefinanzierungsgesetz, dem Kraft-Wärme-Kopplungsgesetz oder den zu diesen Gesetzen erlassenen Rechtsverordnungen,</LA></DD><DT>3.</DT><DD Font="normal"><LA>an das Umweltbundesamt zur Erfüllung seiner Aufgaben im Zusammenhang mit der Stromkennzeichnung nach dem Energiewirtschaftsgesetz oder dem Erneuerbare-Energien-Gesetz oder den auf Grund dieser Gesetze erlassenen Rechtsverordnungen und</LA></DD><DT>4.</DT><DD Font="normal"><LA>an das Bundesamt für Wirtschaft und Ausfuhrkontrolle zur Erfüllung seiner Aufgaben im Zusammenhang mit der Begrenzung der Umlagen nach Teil 4 Abschnitt 4 des Energiefinanzierungsgesetzes oder nach dem Kraft-Wärme-Kopplungsgesetz oder den dazu erlassenen Rechtsverordnungen.</LA></DD></DL></P><P>(2) Die Übertragungsnetzbetreiber, die Bundesnetzagentur, das Umweltbundesamt sowie das Bundesamt für Wirtschaft und Ausfuhrkontrolle dürfen Informationen, einschließlich personenbezogener Daten sowie Betriebs- und Geschäftsgeheimnisse, an die Generalzolldirektion und die Hauptzollämter übermitteln, soweit dies zur Durchführung eines Steuerverfahrens nach der Abgabenordnung, diesem Gesetz und der Stromsteuer-Durchführungsverordnung erforderlich ist.</P><P>(3) Die Datenübermittlungen nach den Absätzen 1 und 2 dürfen auf Initiative der zur Übermittlung befugten Stellen und auf Ersuchen der Datenempfänger erfolgen.</P></Content></text><fussnoten/></textdaten></norm>
<norm builddate="20260121215509" doknr="BJNR037810999BJNE001111123"><metadaten><jurabk>StromStG</jurabk><enbez>§ 11</enbez><titel format="XML">Ermächtigungen</titel></metadaten><textdaten><text format="XML"><Content><P>Das Bundesministerium der Finanzen wird ermächtigt, zur Durchführung dieses Gesetzes durch Rechtsverordnung <DL Font="normal" Type="arabic"><DT>1.</DT><DD Font="normal"><LA Size="normal">die nach § 1 Abs. 2 anzuwendende Fassung der Kombinierten Nomenklatur neu zu bestimmen und den Wortlaut dieses Gesetzes sowie der Durchführungsverordnungen an die geänderte Nomenklatur anzupassen, soweit sich hieraus steuerliche Änderungen nicht ergeben;</LA></DD><DT>2.</DT><DD Font="normal"><LA Size="normal">zur Sicherung des Steueraufkommens und der Gleichmäßigkeit der Besteuerung, zur Verfahrenserleichterung und zur Vermeidung unangemessener wirtschaftlicher Belastungen Bestimmungen zu den §§ 1 bis 2a zu erlassen und dabei insbesondere <DL Font="normal" Type="alpha"><DT>a)</DT><DD Font="normal"><LA Size="normal">die Begriffe des Versorgers, des Letztverbrauchers und des Eigenerzeugers abweichend von § 2 Nummer 1 und 2 zu bestimmen,</LA></DD><DT>b)</DT><DD Font="normal"><LA Size="normal">die Begriffe des § 2a näher zu bestimmen und für die Mitteilungspflichten die Form, den Inhalt, den Umfang und die Art und Weise der Übermittlung festzulegen sowie besondere Vorgaben, einschließlich der Fristen, innerhalb derer die Angaben zu machen sind, zu erlassen,</LA></DD><DT>c)</DT><DD Font="normal"><LA Size="normal">den Begriff der Anlage zur Stromerzeugung näher zu bestimmen, dabei kann es nach eingesetzten Energieträgern unterscheiden;</LA></DD></DL></LA></DD><DT>3.</DT><DD Font="normal"><LA Size="normal">zur Sicherung des Steueraufkommens und der Gleichmäßigkeit der Besteuerung, zur Verfahrenserleichterung und zur Vermeidung unangemessener wirtschaftlicher Belastungen Bestimmungen für die Elektromobilität (§ 2 Nummer 8) und für Ladepunkte und bidirektionales Laden (§ 2 Nummer 8a bis 8c, § 5a) zu erlassen und dabei insbesondere <DL Font="normal" Type="alpha"><DT>a)</DT><DD Font="normal"><LA Size="normal">die Begriffe der elektrisch betriebenen Fahrzeuge sowie der Ladepunkte näher zu bestimmen und den Kreis der elektrisch betriebenen Fahrzeuge einzugrenzen,</LA></DD><DT>b)</DT><DD Font="normal"><LA Size="normal">im Zusammenhang mit der Leistung von Strom an elektrisch betriebene Fahrzeuge Ausnahmen vom Status als Versorger vorzusehen und eine Meldepflicht für geleisteten oder entnommenen Strom für die Abgebenden oder die Letztverbraucher einzuführen,</LA></DD><DT>c)</DT><DD Font="normal"><LA Size="normal">das Erteilen und das Erlöschen einer Erlaubnis sowie das zugehörige Erlaubnisverfahren im Übrigen zu regeln oder eine Anzeigepflicht im Zusammenhang mit der Leistung von Strom an elektrisch betriebene Fahrzeuge oder für die Entnahme von Strom durch elektrisch betriebene Fahrzeuge einzuführen,</LA></DD><DT>d)</DT><DD Font="normal"><LA Size="normal">für die Speicherung von Strom in den Batterien oder sonstigen Speichern der elektrisch betriebenen Fahrzeuge das Erteilen und das Erlöschen einer Erlaubnis sowie das zugehörige Erlaubnisverfahren im Übrigen zu regeln, die Verfahren für die Steuerentstehung oder die Steuerentlastung zu regeln und Vorschriften über Angaben und Nachweise zu erlassen, die für die Steuerentlastungen erforderlich sind; dabei kann es anordnen, dass der Anspruch auf Erlass, Erstattung oder Vergütung der Steuer innerhalb bestimmter Fristen geltend zu machen ist,</LA></DD><DT>e)</DT><DD Font="normal"><LA Size="normal">Regelungen zur Steueranmeldung, zur Erfassung, Abgrenzung und Mitteilung von Strommengen, zur Berechnung und Entrichtung der Steuer sowie zur Festsetzung von monatlichen Vorauszahlungen vorzusehen,</LA></DD><DT>f)</DT><DD Font="normal"><LA Size="normal">Regelungen zur Zwischenspeicherung von Strom in unmittelbar und dauerhaft mit Ladepunkten verbundenen Stromspeichern und zu bidirektionalen Ladevorgängen an Ladepunkten und Ausnahmen vom Versorgerstatus vorzusehen;</LA></DD></DL></LA></DD><DT>4.</DT><DD Font="normal"><LA Size="normal">die Zuordnung von Unternehmen zu einem Abschnitt oder einer Klasse der Klassifikation der Wirtschaftszweige (§ 2 Nummer 3 und 5) auch abweichend von den Zuordnungsregelungen der Klassifikation der Wirtschaftszweige zu regeln;</LA></DD><DT>5.</DT><DD Font="normal"><LA Size="normal">zur Sicherung des Steueraufkommens und der Gleichmäßigkeit der Besteuerung das Erteilen und das Erlöschen einer Erlaubnis nach § 4, das zugehörige Erlaubnisverfahren im Übrigen und das Verfahren der Sicherheitsleistung näher zu regeln;</LA></DD><DT>6.</DT><DD Font="normal"><LA Size="normal">zur Verfahrensvereinfachung vorzusehen, wann Versorger nicht als Versorger gelten oder wann Versorger als Letztverbraucher im Sinne des § 5 Absatz 1 Satz 1 gelten, und die dafür erforderlichen Bestimmungen zu erlassen;</LA></DD><DT>6a.</DT><DD Font="normal"><LA Size="normal">zur Sicherung des Steueraufkommens und zur Gleichmäßigkeit der Besteuerung Verfahrensvorschriften und Bestimmungen zu Stromspeichern (§ 2 Nummer 9, 9a und § 5 Absatz 4) zu erlassen und dabei insbesondere Regelungen zur Erfassung, Abgrenzung und Mitteilung von Strommengen, zur Art und Weise der Zwischenspeicherung, zum Ort des Betriebs des Speichers und zur Weitergabe von aus Stromspeichern erzeugten Strommengen zu erlassen;</LA></DD><DT>7.</DT><DD Font="normal"><LA Size="normal">Verfahrensvorschriften zu § 8 zu erlassen, insbesondere zur Steueranmeldung, zur Berechnung und Entrichtung der Steuer sowie zur Berechnung und Festsetzung der monatlichen Vorauszahlungen;</LA></DD><DT>7a.</DT><DD Font="normal"><LA Size="normal">vorzusehen, dass die Steuer auf der Rechnung gesondert auszuweisen ist und die hierfür notwendigen Vorgaben zu machen;</LA></DD><DT>8.</DT><DD Font="normal"><LA Size="normal">zur Sicherung der Gleichmäßigkeit der Besteuerung, zur Verfahrensvereinfachung und zur Vermeidung unangemessener wirtschaftlicher Belastungen Bestimmungen zu § 9 zu erlassen und dabei insbesondere<DL Font="normal" Type="arabic"><DT>a)</DT><DD Font="normal"><LA Size="normal">die Voraussetzungen für die steuerbegünstigte Entnahme von Strom einschließlich der Begriffe näher zu bestimmen, das Erteilen und das Erlöschen einer Erlaubnis und das zugehörige Erlaubnisverfahren im Übrigen zu regeln sowie die Erlaubnis allgemein zu erteilen; dabei kann es anordnen, dass die Steuer in Person des Erlaubnisinhabers entsteht, wenn die Voraussetzungen der Steuerbegünstigung nicht oder nicht mehr vorliegen, und das erforderliche Verfahren regeln;</LA></DD><DT>b)</DT><DD Font="normal"><LA Size="normal">statt der Steuerbegünstigung eine Steuerentlastung anzuordnen und das dafür erforderliche Verfahren zu regeln sowie Vorschriften über die zum Zwecke der Steuerentlastung erforderlichen Angaben und Nachweise einschließlich ihrer Aufbewahrung zu erlassen; dabei kann es anordnen, dass der Anspruch auf Steuerentlastung innerhalb bestimmter Fristen geltend zu machen ist;</LA></DD><DT>c)</DT><DD Font="normal"><LA Size="normal">vorzusehen, dass Inhaber von Erlaubnissen zur steuerbegünstigten Entnahme von Strom, die Strom auch zu anderen Zwecken entnehmen oder Strom sowohl entnehmen als auch an Dritte leisten, auf Antrag den zu anderen Zwecken entnommenen oder den an Dritte geleisteten Strom mit dem Unterschiedsbetrag zwischen den jeweiligen Steuersätzen versteuern können; dabei kann es die dafür erforderlichen Bestimmungen erlassen;</LA></DD><DT>d)</DT><DD Font="normal"><LA Size="normal">vorzuschreiben, in welchen Fällen die Steuer oder die Steuerbegünstigungen auf der Rechnung gesondert auszuweisen sind und die hierfür notwendigen Vorgaben zu machen;</LA></DD><DT>e)</DT><DD Font="normal"><LA Size="normal">Vorgaben zur Abgrenzung des Kraft-Wärme-Kopplungsprozesses zu erlassen sowie den Betreibern von Anlagen nach § 9 Vorgaben und Pflichten zum Nachweis der dort genannten Voraussetzungen aufzuerlegen;</LA></DD><DT>f)</DT><DD Font="normal"><LA Size="normal">(weggefallen)</LA></DD></DL></LA></DD><DT>8a.</DT><DD Font="normal"><LA Size="normal">zur Sicherung der Gleichmäßigkeit der Besteuerung, zur Verfahrensvereinfachung und zur Vermeidung unangemessener wirtschaftlicher Belastungen festzulegen, dass die Steuerbegünstigung nach § 9 Absatz 1 Nummer 2 wahlweise auch in Form festgesetzter pauschaler Werte in Anspruch genommen werden kann, die sich an der Bruttostromerzeugung der jeweiligen Anlage orientieren; dabei kann es nach eingesetzten Energieträgern und der Art und Größe der Stromerzeugungsanlage unterscheiden;</LA></DD><DT>9.</DT><DD Font="normal"><LA Size="normal">zur Sicherung der Gleichmäßigkeit der Besteuerung auf das Erfordernis der Ausschließlichkeit in § 2 Nr. 7 bei aus Deponie-, Klärgas oder Biomasse erzeugtem Strom zu verzichten, wenn die Zuführung anderer Energieträger technisch zwingend erforderlich ist. Dabei kann es bestimmen, dass der aus den zugeführten anderen Energieträgern erzeugte Strom nicht steuerfrei nach § 9 Abs. 1 Nr. 1 entnommen werden kann und Regelungen zur Ermittlung und zum Verfahren des Nachweises des aus den anderen Energieträgern erzeugten Stroms erlassen;</LA></DD><DT>10.</DT><DD Font="normal"><LA Size="normal">zur Sicherung des Steueraufkommens und der Gleichmäßigkeit der Besteuerung die Voraussetzungen für die Steuerentlastungen nach den §§ 9a bis 9e einschließlich der Begriffe näher zu bestimmen und das Verfahren der Steuerentlastung zu regeln sowie Vorschriften über Angaben und Nachweise zu erlassen, die zum Zwecke der Steuerentlastung erforderlich sind. Dabei kann es zur Verwaltungsvereinfachung anordnen, dass der Anspruch auf Erlass, Erstattung oder Vergütung der Steuer innerhalb bestimmter Fristen geltend zu machen ist;</LA></DD><DT>11.</DT><DD Font="normal"><LA Size="normal">zur Sicherung des Steueraufkommens und der Gleichmäßigkeit der Besteuerung Regelungen zur Ermittlung, Abgrenzung und des Nachweises der steuerrelevanten Strommengen zu erlassen und hierfür notwendige Begriffe näher zu bestimmen, und dabei insbesondere Vorgaben zur Zeitgleichheit von Erzeugung, Stromleistung und Entnahme von Strommengen vorzusehen oder aus Vereinfachungsgründen Mengenschätzungen durch den Steuerpflichtigen zuzulassen, soweit eine genaue Ermittlung nur mit unvertretbarem Aufwand möglich ist;</LA></DD><DT>12.</DT><DD Font="normal"><LA Size="normal">(weggefallen)</LA></DD><DT>13.</DT><DD Font="normal"><LA Size="normal">zur Umsetzung der sich aus Durchführungsverordnungen des Rates auf Grund von Artikel 109 des Vertrags über die Arbeitsweise der Europäischen Union, Verordnungen der Kommission auf Grund von Artikel 108 Absatz 4 des Vertrags über die Arbeitsweise der Europäischen Union sowie Beschlüssen, Rahmen, Leitlinien oder Mitteilungen der Kommission zu den Artikeln 107 bis 109 des Vertrags über die Arbeitsweise der Europäischen Union ergebenden unionsrechtlichen Veröffentlichungs-, Informations- und Transparenzverpflichtungen für die Gewährung staatlicher Beihilfen ergänzende Bestimmungen zu erlassen und dabei Folgendes zu regeln: <DL Font="normal" Type="alpha"><DT>a)</DT><DD Font="normal"><LA Size="normal">die Meldepflichten einschließlich des Verfahrens zur Erhebung der erforderlichen Informationen bei den Begünstigten zu bestimmen,</LA></DD><DT>b)</DT><DD Font="normal"><LA Size="normal">den Begünstigten Pflichten zum Nachweis der beihilferechtlichen Voraussetzungen aufzuerlegen,</LA></DD><DT>c)</DT><DD Font="normal"><LA Size="normal">die Art und Weise der Übermittlung der nach den Buchstaben a und b zu übermittelnden Daten zu regeln,</LA></DD><DT>d)</DT><DD Font="normal"><LA Size="normal">das Nähere über Form, Inhalt, Umfang, Verarbeitung, Nutzung und Sicherung der nach den Buchstaben a und b zu übermittelnden Daten zu bestimmen,</LA></DD><DT>e)</DT><DD Font="normal"><LA Size="normal">die Weitergabe und Veröffentlichung der nach den Buchstaben a und b zu übermittelnden Daten vorzusehen,</LA></DD><DT>f)</DT><DD Font="normal"><LA Size="normal">die Zuständigkeit für die Entgegennahme, Verarbeitung, Nutzung und Weitergabe der nach den Buchstaben a und b zu übermittelnden Daten zu regeln,</LA></DD><DT>g)</DT><DD Font="normal"><LA Size="normal">die Einhaltung der in den ergänzenden Bestimmungen normierten Verpflichtungen im Wege der Steueraufsicht sicherzustellen und zu regeln.</LA></DD></DL></LA></DD><DT>14.</DT><DD Font="normal"><LA Size="normal">zur Sicherung des Steueraufkommens und der Gleichmäßigkeit der Besteuerung, zur Verfahrenserleichterung und zur Vermeidung unangemessener wirtschaftlicher Belastungen Bestimmungen in Bezug auf die steuerliche Begünstigung der in § 9 Absatz 1 Nummer 8 genannten internationalen Einrichtungen und von deren Mitgliedern zu erlassen und dabei insbesondere <DL Font="normal" Type="alpha"><DT>a)</DT><DD Font="normal"><LA Size="normal">die Voraussetzungen für die Gewährung einer Steuerbefreiung einschließlich der Begriffe näher zu bestimmen, das Verfahren der Steuerbefreiung zu regeln und Pflichten für die Abgabe, den Bezug und die Verwendung des Stroms vorzusehen,</LA></DD><DT>b)</DT><DD Font="normal"><LA Size="normal">die Voraussetzungen für die Gewährung einer Steuerentlastung einschließlich der Begriffe näher zu bestimmen und das Verfahren der Steuerentlastung zu regeln sowie Vorschriften zu erlassen über die für die Steuerentlastung erforderlichen Angaben und Nachweise einschließlich ihrer Aufbewahrung und zu bestimmen, dass der Anspruch auf Steuerentlastung innerhalb bestimmter Fristen geltend zu machen ist,</LA></DD><DT>c)</DT><DD Font="normal"><LA Size="normal">vorzusehen, dass bei Abgabe des Stroms an Nichtbegünstigte die Steuer entsteht, und das dafür erforderliche Verfahren einschließlich des Verfahrens der Steuererhebung zu regeln und zu bestimmen, dass die Steueranmeldung innerhalb bestimmter Fristen abzugeben ist;</LA></DD></DL></LA></DD><DT>15.</DT><DD Font="normal"><LA Size="normal">im Benehmen mit dem Bundesministerium des Innern, für Bau und Heimat alternativ zur qualifizierten elektronischen Signatur ein anderes sicheres Verfahren zuzulassen, das den Datenübermittler authentifiziert und die Vertraulichkeit und Integrität des elektronisch übermittelten Datensatzes gewährleistet. § 87a Absatz 6 Satz 2 der Abgabenordnung gilt entsprechend. In der Rechtsverordnung können auch Ausnahmen von der Pflicht zur Verwendung des nach Satz 1 zugelassenen Verfahrens vorgesehen werden. Die Datenübermittlung kann in der Rechtsverordnung auch durch Verweis auf Veröffentlichungen sachverständiger Stellen geregelt werden;</LA></DD><DT>16.</DT><DD Font="normal"><LA Size="normal">zur Verfahrensvereinfachung zu bestimmen, dass in diesem Gesetz oder einer auf Grund dieses Gesetzes erlassenen Verordnung vorgesehene Steuererklärungen oder sonstige Erklärungen, Steueranmeldungen, Anträge, Anzeigen, Mitteilungen, Nachweise oder sonstige für das Verfahren erforderliche Daten oder zur Erfüllung unionsrechtlicher Veröffentlichungs-, Informations- und Transparenzvorschriften nach Nummer 13 erforderliche Daten ganz oder teilweise durch Datenfernübertragung zu übermitteln sind oder übermittelt werden können, und dabei insbesondere Folgendes zu regeln: <DL Font="normal" Type="alpha"><DT>a)</DT><DD Font="normal"><LA Size="normal">die Voraussetzungen für die Anwendung des Verfahrens der Datenfernübertragung,</LA></DD><DT>b)</DT><DD Font="normal"><LA Size="normal">das Nähere über Form, Verarbeitung und Sicherung der zu übermittelnden Daten,</LA></DD><DT>c)</DT><DD Font="normal"><LA Size="normal">die Art und Weise der Übermittlung der Daten,</LA></DD><DT>d)</DT><DD Font="normal"><LA Size="normal">die Zuständigkeit für die Entgegennahme der zu übermittelnden Daten,</LA></DD><DT>e)</DT><DD Font="normal"><LA Size="normal">die Mitwirkungspflichten Dritter und deren Haftung, wenn auf Grund unrichtiger Erhebung, Verarbeitung oder Übermittlung der Daten Steuern verkürzt oder Steuervorteile erlangt werden,</LA></DD><DT>f)</DT><DD Font="normal"><LA Size="normal">die Haftung des Datenübermittlers für verkürzte Steuern oder für zu Unrecht erlangte Steuervorteile, wenn der Datenübermittler sich keine Gewissheit über die Identität des Auftraggebers verschafft hat,</LA></DD><DT>g)</DT><DD Font="normal"><LA Size="normal">den Umfang und die Form der für dieses Verfahren erforderlichen besonderen Erklärungspflichten des Steuerpflichtigen oder Antragstellers.</LA></DD></DL>Bei der Datenübermittlung ist ein sicheres Verfahren zu verwenden, das den Datenübermittler authentifiziert und die Vertraulichkeit und Integrität des elektronisch übermittelten Datensatzes gewährleistet. Die Datenübermittlung kann in der Rechtsverordnung auch durch Verweis auf Veröffentlichungen sachverständiger Stellen geregelt werden.</LA></DD></DL></P></Content></text><fussnoten/></textdaten></norm>
<norm builddate="20260121215509" doknr="BJNR037810999BJNE001704123"><metadaten><jurabk>StromStG</jurabk><enbez>§ 12</enbez><titel format="XML">(weggefallen)</titel></metadaten><textdaten><text format="XML"><Content/></text><fussnoten/></textdaten></norm>
<norm builddate="20260121215509" doknr="BJNR037810999BJNE001204123"><metadaten><jurabk>StromStG</jurabk><enbez>§ 13</enbez><titel format="XML">Erlass von Rechtsverordnungen</titel></metadaten><textdaten><text format="XML"><Content><P>Rechtsverordnungen, die auf Grund der in diesem Gesetz enthaltenen Ermächtigungen erlassen werden, bedürfen nicht der Zustimmung des Bundesrates.</P></Content></text><fussnoten/></textdaten></norm>
<norm builddate="20260121215509" doknr="BJNR037810999BJNE002001123"><metadaten><jurabk>StromStG</jurabk><enbez>§ 14</enbez><titel format="XML">Bußgeldvorschriften</titel></metadaten><textdaten><text format="XML"><Content><P>(1) Ordnungswidrig handelt, wer vorsätzlich oder leichtfertig <DL Type="arabic"><DT>1.</DT><DD Font="normal"><LA>entgegen § 8 Absatz 6 Satz 4 bis 7 eine Mitteilung nicht, nicht richtig oder nicht rechtzeitig macht oder</LA></DD><DT>2.</DT><DD Font="normal"><LA>einer Rechtsverordnung nach § 11 Nummer 13 Buchstabe a bis c oder d oder einer vollziehbaren Anordnung auf Grund einer solchen Rechtsverordnung zuwiderhandelt, soweit die Rechtsverordnung für einen bestimmten Tatbestand auf diese Bußgeldvorschrift verweist.</LA></DD></DL></P><P>(2) Die Ordnungswidrigkeit kann mit einer Geldbuße bis zu fünftausend Euro geahndet werden.</P><P>(3) Verwaltungsbehörde im Sinn des § 36 Absatz 1 Nummer 1 des Gesetzes über Ordnungswidrigkeiten ist das Hauptzollamt.</P></Content></text><fussnoten/></textdaten></norm>
<norm builddate="20260121215509" doknr="BJNR037810999BJNE001305123"><metadaten><jurabk>StromStG</jurabk><enbez>§ 15</enbez><titel format="XML">Anwendungsvorschriften</titel></metadaten><textdaten><text format="XML"><Content><P>(1) Nach § 9 Absatz 4 in Verbindung mit § 9 Absatz 3 dieses Gesetzes in der am 31. Dezember 2010 geltenden Fassung erteilte Erlaubnisse und den Inhabern dieser Erlaubnisse erteilte Zulassungen nach § 16 Absatz 1 der Stromsteuer-Durchführungsverordnung in der am 31. Dezember 2010 geltenden Fassung erlöschen mit Ablauf des 31. Dezember 2010.</P><P>(2) (weggefallen)</P><P>(3) Erlaubnisse, die nach § 9 Absatz 1 Nummer 1 und 3 in der am 1. Juli 2019 geltenden Fassung erforderlich werden, gelten bei Vorliegen der Voraussetzungen nach § 9 Absatz 1 Nummer 1 und 3 und vorbehaltlich des Satzes 2 ab dem 1. Juli 2019 auch ohne Antrag als widerruflich erteilt. Satz 1 gilt nur, wenn bis zum 31. Dezember 2019 der Antrag auf Erlaubnis nach § 9 Absatz 4 nachgereicht wird.</P></Content></text><fussnoten/></textdaten></norm>
<norm builddate="20260121215509" doknr="BJNR037810999BJNE001801123"><metadaten><jurabk>StromStG</jurabk><enbez>Anlage</enbez><titel format="XML">(weggefallen)</titel></metadaten><textdaten><text format="XML"><Content/></text><fussnoten/></textdaten></norm>
</dokumente>