<?xml version="1.0" encoding="UTF-8" ?><!DOCTYPE dokumente SYSTEM "http://www.gesetze-im-internet.de/dtd/1.01/gii-norm.dtd">
<dokumente builddate="20120625145726" doknr="BJNR036780974"><norm builddate="20120625145726" doknr="BJNR036780974"><metadaten><jurabk>InvZulBerG</jurabk><ausfertigung-datum manuell="ja">1974-12-23</ausfertigung-datum><fundstelle typ="amtlich"><periodikum>BGBl I</periodikum><zitstelle>1974, 3676, 3678</zitstelle></fundstelle><langue>Gesetz über die berechnungsrechtliche Behandlung von Investitionszulagen im preisgebundenen Wohnungsbau</langue></metadaten><textdaten><text format="XML"><Content><P/></Content></text><fussnoten><Content><P>(+++ Textnachweis ab: 25.12.1974 +++)</P><P><BR/> Das G wurde als Artikel 4 des G v. 23.12.1974 I 3676 vom Bundestag mit Zustimmung des Bundesrates beschlossen. Es ist gem. Art. 10 dieses G am 25.12.1974 in Kraft getreten.</P></Content></fussnoten></textdaten></norm>
<norm builddate="20120625145726" doknr="BJNR036780974BJNE000100317"><metadaten><jurabk>InvZulBerG</jurabk><enbez>§ 1</enbez><titel format="parat">Nichtberücksichtigung der Investitionszulage</titel></metadaten><textdaten><text format="XML"><Content><P>Bei der Herstellung von Gebäuden und Gebäudeteilen mit preisgebundenen Wohnraum ist eine nach § 4a des Investitionszulagengesetzes in der Fassung des Gesetzes zur Förderung von Investitionen und Beschäftigung vom 23. Dezember 1974 (Bundesgesetzbl. I S. 3676) gewährte Investitionszulage in der Wirtschaftlichkeitsberechnung zur Ermittlung der zulässigen Miete nicht zu berücksichtigen.</P></Content></text></textdaten></norm>
<norm builddate="20120625145726" doknr="BJNR036780974BJNE000200317"><metadaten><jurabk>InvZulBerG</jurabk><enbez>§ 2</enbez><titel format="parat">Berlin-Klausel</titel></metadaten><textdaten><text format="XML"><Content><P>Dieses Gesetz gilt nach § 13 Abs. 1 des Dritten Überleitungsgesetzes vom 4. Januar 1952 (Bundesgesetzbl. I S. 1) auch im Land Berlin.</P></Content></text></textdaten></norm>
<norm builddate="20120625145726" doknr="BJNR036780974BJNE000300317"><metadaten><jurabk>InvZulBerG</jurabk><enbez>§ 3</enbez><titel format="parat">Inkrafttreten</titel></metadaten><textdaten><text format="XML"><Content><P>Dieses Gesetz tritt am Tage nach der Verkündung in Kraft.</P></Content></text></textdaten></norm>
</dokumente>