<?xml version="1.0" encoding="UTF-8" ?><!DOCTYPE dokumente SYSTEM "http://www.gesetze-im-internet.de/dtd/1.01/gii-norm.dtd">
<dokumente builddate="20260106215558" doknr="BJNR218300010"><norm builddate="20260106215558" doknr="BJNR218300010"><metadaten><jurabk>KonsVerNLDV</jurabk><amtabk>KonsVerNLDV</amtabk><ausfertigung-datum manuell="ja">2010-12-20</ausfertigung-datum><fundstelle typ="amtlich"><periodikum>BGBl I</periodikum><zitstelle>2010, 2183</zitstelle></fundstelle><kurzue>Deutsch-Niederländische Konsultationsvereinbarungsverordnung</kurzue><langue>Verordnung zur Umsetzung von Konsultationsvereinbarungen zwischen der Bundesrepublik Deutschland und dem Königreich der Niederlande</langue><standangabe checked="ja"><standtyp>Hinweis</standtyp><standkommentar>Änderung durch Art. 14 V v. 19.12.2025 I Nr. 372 textlich nachgewiesen, dokumentarisch noch nicht abschließend bearbeitet</standkommentar></standangabe></metadaten><textdaten><fussnoten><Content><P><BR/> <pre xml:space="preserve">(+++ Textnachweis ab: 23.12.2010 +++)<BR/>(+++ Zur Anwendung vgl. § 8 +++)<BR/><BR/></pre></P></Content></fussnoten></textdaten></norm>
<norm builddate="20260106215558" doknr="BJNR218300010BJNE000100000"><metadaten><jurabk>KonsVerNLDV</jurabk><enbez>Eingangsformel</enbez></metadaten><textdaten><text format="XML"><Content><P>Auf Grund des § 2 Absatz 2 Satz 1 der Abgabenordnung, der durch Artikel 9 Nummer 2 Buchstabe b des Gesetzes vom 8. Dezember 2010 (BGBl. I S. 1768) angefügt worden ist, und des Artikels 97 § 1 Absatz 9 Satz 1 des Einführungsgesetzes zur Abgabenordnung, der durch Artikel 16 Nummer 1 des Gesetzes vom 8. Dezember 2010 (BGBl. I S. 1768) angefügt worden ist, verordnet das Bundesministerium der Finanzen:</P></Content></text></textdaten></norm>
<norm builddate="20260106215558" doknr="BJNR218300010BJNE000200000"><metadaten><jurabk>KonsVerNLDV</jurabk><enbez>§ 1</enbez><titel format="XML">Abkommen</titel></metadaten><textdaten><text format="XML"><Content><P>Als Abkommen im Sinn dieser Verordnung gilt das Abkommen zwischen der Bundesrepublik Deutschland und dem Königreich der Niederlande zur Vermeidung der Doppelbesteuerung auf dem Gebiete der Steuern vom Einkommen und vom Vermögen sowie verschiedener sonstiger Steuern und zur Regelung anderer Fragen auf steuerlichem Gebiete vom 16. Juni 1959 (BGBl. 1960 II S. 1781, 1782), das zuletzt durch das Protokoll vom 4. Juni 2004 (BGBl. 2004 II S. 1653, 1655) geändert worden ist, in der jeweils geltenden Fassung.</P></Content></text></textdaten></norm>
<norm builddate="20260106215558" doknr="BJNR218300010BJNE000300000"><metadaten><jurabk>KonsVerNLDV</jurabk><enbez>§ 2</enbez><titel format="XML">Anwendungsbereich</titel></metadaten><textdaten><text format="XML"><Content><P>Die einheitliche Anwendung und Auslegung des Abkommens in Bezug auf die Umsetzung entsprechender Konsultationsvereinbarungen im Sinn des § 2 Absatz 2 Satz 2 der Abgabenordnung, die von den obersten Finanzbehörden im Sinn des Artikels 2 Absatz 1 Nummer 3 des Abkommens getroffen worden sind, richtet sich nach dieser Verordnung.</P></Content></text></textdaten></norm>
<norm builddate="20260106215558" doknr="BJNR218300010BJNE000400000"><metadaten><jurabk>KonsVerNLDV</jurabk><enbez>§ 3</enbez><titel format="XML">Territorialer Geltungsbereich des Abkommens</titel></metadaten><textdaten><text format="XML"><Content><P>Für die Zwecke des Abkommens umfassen die Begriffe „Königreich der Niederlande“ und „nur für den in Europa belegenen Teil des Königreichs“ in Artikel 27 des Abkommens sowie der Begriff „Bundesrepublik Deutschland“ auch den außerhalb der Hoheitsgewässer unter der Nordsee gelegenen Teil des Meeresgrundes und des Meeresuntergrundes, soweit die beiden Staaten auf Grund internationalen Rechts über Hoheitsrechte in Bezug auf die Erforschung und Ausbeutung der Naturschätze in diesem Gebiet verfügen.</P></Content></text></textdaten></norm>
<norm builddate="20260106215558" doknr="BJNR218300010BJNE000500000"><metadaten><jurabk>KonsVerNLDV</jurabk><enbez>§ 4</enbez><titel format="XML">Anwendung des Artikels 10 des Abkommens</titel></metadaten><textdaten><text format="XML"><Content><P>(1) Dem Begriff „vorübergehend“ in Artikel 10 Absatz 2 des Abkommens kommt keine, über das 183-Tage-Kriterium hinausgehende eigene Bedeutung zu.</P><P>(2) Der Begriff „sich aufhalten“ in Artikel 10 Absatz 2 des Abkommens ist als „physisch anwesend sein“ zu verstehen. Dabei ist es unerheblich, ob im Arbeitsstaat übernachtet wird.</P><P>(3) Auf die Besteuerung der Einkünfte eines Geschäftsführers aus Tätigkeiten für Gesellschaften in dem jeweils anderen Staat ist Artikel 10 des Abkommens anzuwenden. Wird die Tätigkeit in einem Drittstaat ausgeübt, können die Vergütungen im Wohnsitzstaat besteuert werden, es sei denn, das Besteuerungsrecht wird auf Grund eines mit dem Drittstaat bestehenden Abkommens diesem zugewiesen.</P></Content></text></textdaten></norm>
<norm builddate="20260106215558" doknr="BJNR218300010BJNE000600000"><metadaten><jurabk>KonsVerNLDV</jurabk><enbez>§ 5</enbez><titel format="XML">Aufteilung der Gewinne land- und forstwirtschaftlicher Betriebe mit Grundstücken im jeweils anderen Staat</titel></metadaten><textdaten><text format="XML"><Content><P>(1) Für Grundstücke, die einem grenznahen land- und forstwirtschaftlichen Betrieb dienen, sowie für sogenannte „Traktatländereien“ gilt Artikel 4 des Abkommens entsprechend.</P><P>(2) Die Besteuerung der Teilgewinne aus Land- und Forstwirtschaft im Belegenheitsstaat erfolgt nach den Beträgen, die die Steuerbehörden des Ansässigkeitsstaats auf der Grundlage des gesamten Betriebsergebnisses festgestellt und nach Artikel 20 in Verbindung mit Artikel 4 des Abkommens den Grundstücken im Belegenheitsstaat zugeordnet haben. Artikel 20 des Abkommens gilt entsprechend.</P><P>(3) Die deutschen Steuerbehörden ermitteln die den Niederlanden als dem Belegenheitsstaat zur Besteuerung zustehenden Gewinnanteile in der Regel <DL Type="arabic"><DT>1.</DT><DD Font="normal"><LA>bei Gewinnermittlung nach Durchschnittssätzen in der Weise, dass der sich für den Gesamtbetrieb ergebende Gewinn nach dem Verhältnis der deutschen und niederländischen Flächen aufgeteilt wird,</LA></DD><DT>2.</DT><DD Font="normal"><LA>bei Gewinnermittlung durch Buchführung oder Überschussrechnung in der Weise, dass ein Teil des festgestellten Gesamtgewinns vorab dem deutschen Hof zugerechnet und der Rest nach dem Verhältnis der deutschen und niederländischen Flächen aufgeteilt wird; hierbei kann dem deutschen Hof vorab ein Anteil bis zur Hälfte des Gesamtgewinns zugerechnet werden.</LA></DD></DL>Sollten diese Berechnungen nachweislich zu Unbilligkeiten führen, kann hiervon abgewichen werden.</P></Content></text></textdaten></norm>
<norm builddate="20260106215558" doknr="BJNR218300010BJNE000700000"><metadaten><jurabk>KonsVerNLDV</jurabk><enbez>§ 6</enbez><titel format="XML">Besteuerung der Gewinne von in den Niederlanden ansässigen Blumenhändlern mit Umsätzen in Deutschland</titel></metadaten><textdaten><text format="XML"><Content><P>(1) Der Arbeitnehmer (Fahrer) eines in den Niederlanden ansässigen Blumenhändlers, der während der Fahrt in Deutschland Blumen an vorher nicht feststehende deutsche Kunden verkauft, begründet für den Blumenhändler als ständiger Vertreter gemäß Artikel 2 Absatz 1 Nummer 2 Buchstabe c des Abkommens in Deutschland eine Betriebstätte. Der der Betriebstätte zuzurechnende Gewinn wird in der Weise festgestellt, dass der nach niederländischem Steuerrecht ermittelte Gesamtgewinn des Unternehmens nach dem Verhältnis der von den Niederlanden aus und der von dem ständigen Vertreter in Deutschland erzielten Umsätze aufgeteilt wird. Der Teil des Gewinns, der auf die von dem ständigen Vertreter erzielten Umsätze entfällt, wird zur Hälfte der deutschen Betriebstätte zugerechnet.</P><P>(2) Wird eine Betriebstätte gemäß Artikel 2 Absatz 1 Nummer 2 Buchstabe a und b des Abkommens in Deutschland begründet und findet der Verkauf von dort aus statt, werden 75 Prozent des auf diese Umsätze entfallenden und nach Absatz 1 ermittelten Gewinns der deutschen Betriebstätte zugerechnet.</P><P>(3) Begründet der niederländische Blumenhändler für seine in Deutschland ausgeübten Geschäftsaktivitäten eine Betriebstätte im Sinn des Absatzes 1 oder des Absatzes 2, so ist ungeachtet der vorgenannten Regelungen die Gewinnzuordnung auf das niederländische Stammhaus und die deutsche Betriebstätte für diejenigen Jahre auf der Grundlage einer gesonderten Betriebstättenbuchführung vorzunehmen, für die eine solche vorliegt.</P></Content></text></textdaten></norm>
<norm builddate="20260106215558" doknr="BJNR218300010BJNE000800000"><metadaten><jurabk>KonsVerNLDV</jurabk><enbez>§ 7</enbez><titel format="XML">Abfindungen an Arbeitnehmer</titel></metadaten><textdaten><text format="XML"><Content><P>(1) Für Abfindungen, die hauptsächlich für das vorzeitige Ausscheiden aus einem Dienstverhältnis gewährt werden, gilt Artikel 10 des Abkommens entsprechend. War der Arbeitnehmer in der Zeit vor dem Ausscheiden aus dem Dienst auch in dem Vertragsstaat, in dem er seinen Wohnsitz hat, oder in einem Drittstaat tätig, ist die Abfindung zeitanteilig entsprechend der Besteuerungszuordnung der Vergütungen der früheren Tätigkeit auf die beiden Vertragsstaaten aufzuteilen. Hierbei wird die gesamte Dauer des maßgeblichen Arbeitsverhältnisses berücksichtigt. War der Arbeitnehmer auch in einem Drittstaat tätig, ist die Abfindung insoweit im Verhältnis der beiden Vertragsstaaten zeitanteilig dem Wohnsitzstaat zuzuordnen.</P><P>(2) Ist einer Abfindung Versorgungscharakter beizumessen, ist auf sie Artikel 12 Absatz 1 des Abkommens anzuwenden.</P><P>(3) Bei Abfindungszahlungen, die weder Absatz 1 noch Absatz 2 zuzuordnen sind, steht das Besteuerungsrecht grundsätzlich dem Wohnsitzstaat des Arbeitnehmers zu. Dies gilt auch für Abfindungen oder Teile von Abfindungen, die infolge der Zuordnung auf Grund der Bestimmungen unter Absatz 1 oder Absatz 2 völlig unbesteuert blieben.</P><P>(4) Die Absätze 1 bis 3 sind in Fällen, in denen vorrangig die Erlangung von Vorteilen aus ihren Bestimmungen bezweckt wird, nach gehöriger Konsultation der zuständigen Behörde des anderen Staates, nicht anzuwenden.</P></Content></text></textdaten></norm>
<norm builddate="20260106215558" doknr="BJNR218300010BJNE000900000"><metadaten><jurabk>KonsVerNLDV</jurabk><enbez>§ 8</enbez><titel format="XML">Anwendungsregelung</titel></metadaten><textdaten><text format="XML"><Content><P>Diese Verordnung ist erstmals auf Besteuerungssachverhalte seit dem 1. Januar 2010 anzuwenden.</P></Content></text></textdaten></norm>
<norm builddate="20260106215558" doknr="BJNR218300010BJNE001001123"><metadaten><jurabk>KonsVerNLDV</jurabk><enbez>§ 9</enbez><titel format="XML">Außerkrafttreten</titel></metadaten><textdaten><text format="XML"><Content><P>Diese Verordnung tritt am 30. Dezember 2025 außer Kraft.</P></Content></text></textdaten></norm>
<norm builddate="20260106215558" doknr="BJNR218300010BJNE001100000"><metadaten><jurabk>KonsVerNLDV</jurabk><enbez>Schlussformel</enbez></metadaten><textdaten><text format="XML"><Content><P>Der Bundesrat hat zugestimmt.</P></Content></text></textdaten></norm>
</dokumente>