<?xml version="1.0" encoding="UTF-8" ?><!DOCTYPE dokumente SYSTEM "http://www.gesetze-im-internet.de/dtd/1.01/gii-norm.dtd">
<dokumente builddate="20130405133201" doknr="DDNR114730990"><norm builddate="20130405133201" doknr="DDNR114730990"><metadaten><jurabk>DJStiftAnO</jurabk><ausfertigung-datum manuell="ja">1990-07-20</ausfertigung-datum><fundstelle typ="amtlich"><periodikum>GBl DDR I</periodikum><zitstelle>1990, 1473</zitstelle></fundstelle><fundstelle typ="amtlich"><periodikum>GBl DDR I</periodikum><zitstelle>1990, Nr 60, 1473</zitstelle></fundstelle><langue>Anordnung über die Errichtung der &quot;Stiftung Demokratische Jugend&quot;</langue></metadaten><textdaten><text format="XML"><Content><P/></Content></text><fussnoten><Content><P>Im beigetretenen Gebiet fortgeltendes Recht der ehem. Deutschen Demokratischen Republik gem. Anlage II Kap. X Sachg. B Abschn. I Nr. 1 - geändert durch Art. 5 Nr. 8 EinigVtrVbg v. 18.9.1990 II 1245 - nach Maßgabe d. Art. 9 EinigVtr v. 31.8.1990 iVm Art. 1 G v. 23.9.1990 II 885, 1219 mWv 3.10.1990. <BR/>(+++ Textnachweis Geltung ab:  3.10.1990 +++)</P></Content></fussnoten></textdaten></norm>
<norm builddate="20130405133201" doknr="DDNR114730990BJNE000100307"><metadaten><jurabk>DJStiftAnO</jurabk><enbez>§ 1</enbez></metadaten><textdaten><text format="XML"><Content><P>Der Minister für Jugend und Sport errichtet aus Mitteln des ehemaligen zentralen &quot;Kontos Junger Sozialisten&quot; in Höhe von 20 Millionen DM die <DL Font="normal" Type="arabic"><DT/><DD Font="normal"><LA Size="normal"><DL Font="normal" Type="arabic"><DT/><DD Font="normal"><LA Size="normal"><DL Font="normal" Type="arabic"><DT/><DD Font="normal"><LA Size="normal">&quot;Stiftung Demokratische Jugend&quot;.</LA></DD> </DL></LA></DD></DL></LA></DD></DL></P></Content></text></textdaten></norm>
<norm builddate="20130405133201" doknr="DDNR114730990BJNE000200307"><metadaten><jurabk>DJStiftAnO</jurabk><enbez>§ 2</enbez></metadaten><textdaten><text format="XML"><Content><P>Die Stiftung erhält die im Anhang befindliche Satzung.</P></Content></text></textdaten></norm>
<norm builddate="20130405133201" doknr="DDNR114730990BJNE000300307"><metadaten><jurabk>DJStiftAnO</jurabk><enbez>§ 3</enbez></metadaten><textdaten><text format="XML"><Content><P>Diese Anordnung tritt mit ihrer Veröffentlichung in Kraft.</P></Content></text></textdaten></norm>
<norm builddate="20130405133201" doknr="DDNR114730990BJNE000400307"><metadaten><jurabk>DJStiftAnO</jurabk><enbez>Schlußformel</enbez></metadaten><textdaten><text format="XML"><Content><P><B>Der Minister für Jugend und Sport</B></P></Content></text></textdaten></norm>
<norm builddate="20130405133201" doknr="DDNR114730990BJNE000500307"><metadaten><jurabk>DJStiftAnO</jurabk><enbez>Anlage</enbez><titel format="parat">Satzung der &quot;Stiftung Demokratische Jugend&quot;</titel></metadaten><textdaten><text format="XML"><Content><P>(Text siehe: DJStiftSa)</P></Content></text></textdaten></norm>
</dokumente>