<?xml version="1.0" encoding="UTF-8" ?><!DOCTYPE dokumente SYSTEM "http://www.gesetze-im-internet.de/dtd/1.01/gii-norm.dtd">
<dokumente builddate="20120625151105" doknr="BJNR299620998"><norm builddate="20120625151105" doknr="BJNR299620998"><metadaten><jurabk>EZBAbk</jurabk><ausfertigung-datum manuell="ja">1998-09-18</ausfertigung-datum><fundstelle typ="amtlich"><periodikum>BGBl II</periodikum><zitstelle>1998, 2996</zitstelle></fundstelle><langue>Abkommen zwischen der Regierung der
Bundesrepublik Deutschland und der Europäischen
Zentralbank über den Sitz der Europäischen
Zentralbank</langue></metadaten><textdaten><text format="decorated"/><fussnoten><Content><P>G v. 19.12.1998 II 2995</P><P><BR/> In Kraft gem. Bek. v. 18.3.1999 II 367 mWv 4.3.1999</P></Content></fussnoten></textdaten></norm>
</dokumente>