<?xml version="1.0" encoding="UTF-8" ?><!DOCTYPE dokumente SYSTEM "http://www.gesetze-im-internet.de/dtd/1.01/gii-norm.dtd">
<dokumente builddate="20120625151842" doknr="BJNR208110934"><norm builddate="20120625151842" doknr="BJNR208110934"><metadaten><jurabk>BahnVorschrAnwG</jurabk><ausfertigung-datum manuell="ja">1934-09-26</ausfertigung-datum><fundstelle typ="amtlich"><periodikum>RGBl II</periodikum><zitstelle>1934, 811</zitstelle></fundstelle><langue>Gesetz betreffend die Anwendung landesgesetzlicher Vorschriften über
Bahneinheiten</langue></metadaten><textdaten><text format="XML"><Content><P/></Content></text><fussnoten><Content><P>(+++ Textnachweis Geltung ab:  1. 1.1964 +++)</P></Content></fussnoten></textdaten></norm>
<norm builddate="20120625151842" doknr="BJNR208110934BJNE000100326"><metadaten><jurabk>BahnVorschrAnwG</jurabk><enbez>Eingangsformel</enbez></metadaten><textdaten><text format="XML"><Content><P>Die Reichsregierung hat das folgende Gesetz beschlossen, das hiermit verkündet wird.</P></Content></text></textdaten></norm>
<norm builddate="20120625151842" doknr="BJNR208110934BJNE000200326"><metadaten><jurabk>BahnVorschrAnwG</jurabk><enbez>Einziger Paragraph</enbez></metadaten><textdaten><text format="XML"><Content><P>(1) Erstreckt sich ein Bahnunternehmen des öffentlichen Verkehrs über das Gebiet mehrerer Länder und unterliegt es in mindestens einem dieser Länder Vorschriften über die Behandlung der einem Bahnunternehmen gewidmeten Grundstücke und sonstiger Vermögensgegenstände als Einheit (Bahneinheit), so können die beteiligten Landesregierungen im gegenseitigen Einvernehmen durch Rechtsverordnung bestimmen, daß die Vorschriften eines Landes für das ganze Unternehmen gelten.</P><P>(2) Ist ein solches Unternehmen nicht in allen berührten Ländern Vorschriften über Bahneinheiten unterworfen, so können die beteiligten Landesregierungen im gegenseitigen Einvernehmen durch Rechtsverordnung auch bestimmen, daß das ganze Unternehmen Vorschriften über Bahneinheiten nicht untersteht.</P><P>(3) Die Ermächtigungen der Absätze 1 und 2 erstrecken sich auf alle zu ihrer Durchführung notwendigen Maßnahmen.</P></Content>  </text><fussnoten><Content><P>Abs. 1 u. 2: IdF d. § 9 Abs. 5 G v. 29.3.1951 I 225; gelten in Berlin in der hier nicht wiedergegebenen ursprünglichen Fassung (§ 3 Abs. 2 G v. 10.7.1958 114-2)</P></Content></fussnoten></textdaten></norm>
</dokumente>