<?xml version="1.0" encoding="UTF-8" ?><!DOCTYPE dokumente SYSTEM "http://www.gesetze-im-internet.de/dtd/1.01/gii-norm.dtd">
<dokumente builddate="20240925215010" doknr="BJNR058009002"><norm builddate="20240925215010" doknr="BJNR058009002"><metadaten><jurabk>BDGMinIAnO</jurabk><ausfertigung-datum manuell="ja">2002-01-31</ausfertigung-datum><fundstelle typ="amtlich"><periodikum>BGBl I</periodikum><zitstelle>2002, 580</zitstelle></fundstelle><langue>Anordnung zur Durchführung des Bundesdisziplinargesetzes für den Geschäftsbereich des Bundesministeriums des Innern</langue><standangabe checked="ja"><standtyp>Stand</standtyp><standkommentar>Geändert durch AnO v. 16.10.2008 I 2015</standkommentar></standangabe></metadaten><textdaten><text format="XML"><Content><P/></Content></text><fussnoten><Content><P><BR/> <pre xml:space="preserve">(+++ Textnachweis ab:  6. 2.2002 +++)<BR/>(+++ AnO nur noch anzuwenden auf vor dem 1. April 2024 eingeleitete  <BR/>Disziplinarverfahren gem. Abschn. III Satz 2 AnO 2031-4-42 v. 26.4.2024 I Nr. <BR/>147 +++)<BR/><BR/></pre></P></Content></fussnoten></textdaten></norm>
<norm builddate="20240925215010" doknr="BJNR058009002BJNE000300305"><metadaten><jurabk>BDGMinIAnO</jurabk><gliederungseinheit><gliederungskennzahl>000</gliederungskennzahl><gliederungsbez>-</gliederungsbez></gliederungseinheit><enbez>Eingangsformel</enbez></metadaten><textdaten><text format="XML"><Content><P>Auf Grund des § 33 Abs. 5, des § 34 Abs. 2 Satz 2, des § 42 Abs. 1 Satz 2 und des § 84 Satz 2 des Bundesdisziplinargesetzes vom 9. Juli 2001 (BGBl. I S. 1510) ordne ich an:</P></Content></text></textdaten></norm>
<norm builddate="20240925215010" doknr="BJNR058009002BJNG000101310"><metadaten><jurabk>BDGMinIAnO</jurabk><gliederungseinheit><gliederungskennzahl>010</gliederungskennzahl><gliederungsbez>I.</gliederungsbez><gliederungstitel>Geschäftsbereich des Bundesministeriums des Innern ohne Bundespolizei</gliederungstitel></gliederungseinheit></metadaten><textdaten><text format="XML"><Content><P/></Content></text><fussnoten/></textdaten></norm>
<norm builddate="20240925215010" doknr="BJNR058009002BJNE000401310"><metadaten><jurabk>BDGMinIAnO</jurabk><gliederungseinheit><gliederungskennzahl>010</gliederungskennzahl><gliederungsbez>I.</gliederungsbez><gliederungstitel/></gliederungseinheit><enbez>1.</enbez></metadaten><textdaten><text format="XML"><Content><P>Den Leiterinnen und Leitern der Behörden des Geschäftsbereichs werden für die ihnen nachgeordneten Beamtinnen und Beamten folgende Befugnisse übertragen: <DL Font="normal" Type="arabic"><DT>a)</DT><DD Font="normal"><LA Size="normal">Festsetzung der Kürzung der Dienstbezüge gemäß § 33 Abs. 3 Nr. 1,</LA></DD><DT>b)</DT><DD Font="normal"><LA Size="normal">Erhebung der Disziplinarklage bei Beamtinnen und Beamten des einfachen, mittleren, gehobenen und höheren Dienstes gemäß § 34 Abs. 2 Satz 1,</LA></DD><DT>c)</DT><DD Font="normal"><LA Size="normal">Ausübung der Disziplinarbefugnisse bei Ruhestandsbeamtinnen und Ruhestandsbeamten gemäß § 84.</LA></DD></DL></P></Content></text><fussnoten/></textdaten></norm>
<norm builddate="20240925215010" doknr="BJNR058009002BJNE000500305"><metadaten><jurabk>BDGMinIAnO</jurabk><gliederungseinheit><gliederungskennzahl>010</gliederungskennzahl><gliederungsbez>I.</gliederungsbez></gliederungseinheit><enbez>2.</enbez></metadaten><textdaten><text format="XML"><Content><P>Die Zuständigkeit zum Erlass von Widerspruchsbescheiden gemäß § 42 Abs. 1 wird für die von ihnen erlassenen Verwaltungsakte auf die Behörden des Geschäftsbereichs übertragen.</P></Content></text></textdaten></norm>
<norm builddate="20240925215010" doknr="BJNR058009002BJNG000201310"><metadaten><jurabk>BDGMinIAnO</jurabk><gliederungseinheit><gliederungskennzahl>020</gliederungskennzahl><gliederungsbez>II.</gliederungsbez><gliederungstitel>Bundespolizei</gliederungstitel></gliederungseinheit></metadaten><textdaten><text format="XML"><Content><P/></Content></text><fussnoten/></textdaten></norm>
<norm builddate="20240925215010" doknr="BJNR058009002BJNE000601310"><metadaten><jurabk>BDGMinIAnO</jurabk><gliederungseinheit><gliederungskennzahl>020</gliederungskennzahl><gliederungsbez>II.</gliederungsbez><gliederungstitel/></gliederungseinheit><enbez>1.</enbez></metadaten><textdaten><text format="XML"><Content><P>Die in § 1 Abs. 1 Nr. 2 und 3 der Verordnung zu § 82 des Bundesdisziplinargesetzes genannten Dienstvorgesetzten können im Rahmen ihrer Zuständigkeit gemäß der Anordnung über die Ernennung und Entlassung von Beamtinnen und Beamten im Geschäftsbereich des Bundesministeriums des Innern vom 29. Februar 2008 eine Kürzung der Dienstbezüge bis zum Höchstmaß festsetzen.</P></Content></text><fussnoten/></textdaten></norm>
<norm builddate="20240925215010" doknr="BJNR058009002BJNE000701310"><metadaten><jurabk>BDGMinIAnO</jurabk><gliederungseinheit><gliederungskennzahl>020</gliederungskennzahl><gliederungsbez>II.</gliederungsbez><gliederungstitel/></gliederungseinheit><enbez>2.</enbez></metadaten><textdaten><text format="XML"><Content><P>Die Zuständigkeit zur Erhebung der Disziplinarklage gegen Polizeivollzugsbeamtinnen und Polizeivollzugsbeamte wird auf die in § 1 Abs. 1 Nr. 2 und 3 der Verordnung zu § 82 des Bundesdisziplinargesetzes genannten Vorgesetzen im Rahmen ihrer Zuständigkeit gemäß der Anordnung über die Ernennung und Entlassung von Beamtinnen und Beamten im Geschäftsbereich des Bundesministeriums des Innern vom 29. Februar 2008 übertragen.</P></Content></text><fussnoten/></textdaten></norm>
<norm builddate="20240925215010" doknr="BJNR058009002BJNE000801310"><metadaten><jurabk>BDGMinIAnO</jurabk><gliederungseinheit><gliederungskennzahl>020</gliederungskennzahl><gliederungsbez>II.</gliederungsbez><gliederungstitel/></gliederungseinheit><enbez>3.</enbez></metadaten><textdaten><text format="XML"><Content><P>Die Zuständigkeit zum Erlass von Widerspruchsbescheiden wird auf die in § 1 Abs. 1 Nr. 2 und 3 der Verordnung zu § 82 des Bundesdisziplinargesetzes genannten Vorgesetzten übertragen, soweit diese oder die in § 1 Abs. 1 Nr. 4 und 5 der Verordnung zu § 82 des Bundesdisziplinargesetzes genannten Vorgesetzten den mit dem Widerspruch angefochtenen Verwaltungsakt erlassen haben.</P></Content></text><fussnoten/></textdaten></norm>
<norm builddate="20240925215010" doknr="BJNR058009002BJNE000900305"><metadaten><jurabk>BDGMinIAnO</jurabk><gliederungseinheit><gliederungskennzahl>020</gliederungskennzahl><gliederungsbez>II.</gliederungsbez></gliederungseinheit><enbez>4.</enbez></metadaten><textdaten><text format="XML"><Content><P>Die Disziplinarbefugnisse der obersten Dienstbehörde in Verfahren gegen Ruhestandsbeamtinnen und Ruhestandsbeamte werden den vor Beginn des Ruhestandes zuständigen Einleitungsbehörden übertragen.</P></Content></text></textdaten></norm>
<norm builddate="20240925215010" doknr="BJNR058009002BJNE001100310"><metadaten><jurabk>BDGMinIAnO</jurabk><gliederungseinheit><gliederungskennzahl>020</gliederungskennzahl><gliederungsbez>II.</gliederungsbez><gliederungstitel/></gliederungseinheit><enbez>5.</enbez></metadaten><textdaten><text format="XML"><Content><P>Die vorstehenden Regelungen gelten für Verwaltungsbeamtinnen und Verwaltungsbeamte entsprechend.</P></Content></text><fussnoten/></textdaten></norm>
<norm builddate="20240925215010" doknr="BJNR058009002BJNE001000305"><metadaten><jurabk>BDGMinIAnO</jurabk><gliederungseinheit><gliederungskennzahl>030</gliederungskennzahl><gliederungsbez>-</gliederungsbez></gliederungseinheit><enbez>Schlussformel</enbez></metadaten><textdaten><text format="XML"><Content><P><SP>Der Bundesminister des Innern</SP></P></Content></text></textdaten></norm>
</dokumente>