<?xml version="1.0" encoding="UTF-8" ?><!DOCTYPE dokumente SYSTEM "http://www.gesetze-im-internet.de/dtd/1.01/gii-norm.dtd">
<dokumente builddate="20231229213635" doknr="BJNR219700005"><norm builddate="20231229213635" doknr="BJNR219700005"><metadaten><jurabk>GasNEV</jurabk><amtabk>GasNEV</amtabk><ausfertigung-datum manuell="ja">2005-07-25</ausfertigung-datum><fundstelle typ="amtlich"><periodikum>BGBl I</periodikum><zitstelle>2005, 2197</zitstelle></fundstelle><kurzue>Gasnetzentgeltverordnung</kurzue><langue>Verordnung über die Entgelte für den Zugang zu Gasversorgungsnetzen</langue><standangabe checked="ja"><standtyp>Aufh</standtyp><standkommentar>Die V tritt gem. Art. 15 Abs. 2 G v. 22.12.2023 I Nr. 405 mit Ablauf des 31.12.2027 außer Kraft</standkommentar></standangabe><standangabe checked="ja"><standtyp>Stand</standtyp><standkommentar>Zuletzt geändert durch Art. 3 V v. 27.7.2021 I 3229</standkommentar></standangabe></metadaten><textdaten><fussnoten><Content><P><BR/> <pre xml:space="preserve">(+++ Textnachweis ab: 28.7.2005 +++)<BR/>(+++ Zur Anwendung d. § 15 vgl. § 7 MessbG +++)<BR/><BR/></pre></P></Content></fussnoten></textdaten></norm>
<norm builddate="20231229213635" doknr="BJNR219700005BJNE000100000"><metadaten><jurabk>GasNEV</jurabk><enbez>Eingangsformel</enbez></metadaten><textdaten><text format="XML"><Content><P>Auf Grund des § 24 Satz 1 Nr. 1, 2 und 4  in Verbindung mit Satz 2 Nr. 1, 2, 4, 5, 6 und 7 sowie Satz 3 und 5 und des § 29 Abs. 3 des Energiewirtschaftsgesetzes vom 7. Juli 2005 (BGBl. I S. 1970) verordnet die Bundesregierung:</P></Content></text></textdaten></norm>
<norm builddate="20231229213635" doknr="BJNR219700005BJNE000203377"><metadaten><jurabk>GasNEV</jurabk><enbez>Inhaltsübersicht</enbez></metadaten><textdaten><text format="XML"><Content><P><table frame="none" pgwide="1" tocentry="%yes;"><tgroup align="left" char="" charoff="50" cols="5" colsep="0" rowsep="0"><colspec colname="col1" colnum="1" colwidth="5*"/><colspec colname="col2" colnum="2" colwidth="5*"/><colspec colname="col3" colnum="3" colwidth="5*"/><colspec colname="col4" colnum="4" colwidth="10*"/><colspec colname="col5" colnum="5" colwidth="75*"/><tbody valign="top"><row><entry VJ="1" align="left" colsep="0" nameend="col5" namest="col1" valign="top"><B>Teil 1</B></entry></row><row><entry VJ="1" align="left" colsep="0" valign="top"> </entry><entry VJ="1" align="left" colsep="0" nameend="col5" namest="col2" valign="top"><B>Allgemeine Bestimmungen</B></entry></row><row><entry VJ="1" align="left" colsep="0" nameend="col4" namest="col1" valign="top">§ 1</entry><entry VJ="1" align="left" colsep="0" valign="top">Anwendungsbereich</entry></row><row><entry VJ="1" align="left" colsep="0" nameend="col4" namest="col1" valign="top">§ 2</entry><entry VJ="1" align="left" colsep="0" valign="top">Begriffsbestimmungen</entry></row><row><entry VJ="1" align="left" colsep="0" nameend="col4" namest="col1" valign="top">§ 3</entry><entry VJ="1" align="left" colsep="0" valign="top">Grundsätze der Entgeltbestimmung</entry></row><row><entry VJ="1" align="left" colsep="0" nameend="col5" namest="col1" valign="top"><B>Teil 2</B></entry></row><row><entry VJ="1" align="left" colsep="0" valign="top"> </entry><entry VJ="1" align="left" colsep="0" nameend="col5" namest="col2" valign="top"><B>Methode zur Ermittlung der Netzentgelte</B></entry></row><row><entry VJ="1" align="left" colsep="0" valign="top"> </entry><entry VJ="1" align="left" colsep="0" valign="top"> </entry><entry VJ="1" align="left" colsep="0" nameend="col5" namest="col3" valign="top">Abschnitt 1</entry></row><row><entry VJ="1" align="left" colsep="0" valign="top"> </entry><entry VJ="1" align="left" colsep="0" valign="top"> </entry><entry VJ="1" align="left" colsep="0" valign="top"> </entry><entry VJ="1" align="left" colsep="0" nameend="col5" namest="col4" valign="top">Kostenartenrechnung</entry></row><row><entry VJ="1" align="left" colsep="0" nameend="col4" namest="col1" valign="top">§ 4</entry><entry VJ="1" align="left" colsep="0" valign="top">Grundsätze der Netzkostenermittlung</entry></row><row><entry VJ="1" align="left" colsep="0" nameend="col4" namest="col1" valign="top">§ 5</entry><entry VJ="1" align="left" colsep="0" valign="top">Aufwandsgleiche Kostenpositionen</entry></row><row><entry VJ="1" align="left" colsep="0" nameend="col4" namest="col1" valign="top">§ 6</entry><entry VJ="1" align="left" colsep="0" valign="top">Kalkulatorische Abschreibungen</entry></row><row><entry VJ="1" nameend="col4" namest="col1">§ 6a</entry><entry VJ="1">Preisindizes zur Ermittlung der Tagesneuwerte</entry></row><row><entry VJ="1" align="left" colsep="0" nameend="col4" namest="col1" valign="top">§ 7</entry><entry VJ="1" align="left" colsep="0" valign="top">Kalkulatorische Eigenkapitalverzinsung</entry></row><row><entry VJ="1" align="left" colsep="0" nameend="col4" namest="col1" valign="top">§ 8</entry><entry VJ="1" align="left" colsep="0" valign="top">Kalkulatorische Steuern</entry></row><row><entry VJ="1" align="left" colsep="0" nameend="col4" namest="col1" valign="top">§ 9</entry><entry VJ="1" align="left" colsep="0" valign="top">Kostenmindernde Erlöse und Erträge</entry></row><row><entry VJ="1" align="left" colsep="0" nameend="col4" namest="col1" valign="top">§ 10</entry><entry VJ="1" align="left" colsep="0" valign="top">Periodenübergreifende Saldierung</entry></row><row><entry VJ="1" align="left" colsep="0" valign="top"> </entry><entry VJ="1" align="left" colsep="0" valign="top"> </entry><entry VJ="1" align="left" colsep="0" nameend="col5" namest="col3" valign="top">Abschnitt 2</entry></row><row><entry VJ="1" align="left" colsep="0" valign="top"> </entry><entry VJ="1" align="left" colsep="0" valign="top"> </entry><entry VJ="1" align="left" colsep="0" valign="top"> </entry><entry VJ="1" align="left" colsep="0" nameend="col5" namest="col4" valign="top">Kostenstellenrechnung</entry></row><row><entry VJ="1" align="left" colsep="0" nameend="col4" namest="col1" valign="top">§ 11</entry><entry VJ="1" align="left" colsep="0" valign="top">Grundsätze der Kostenverteilung</entry></row><row><entry VJ="1" align="left" colsep="0" nameend="col4" namest="col1" valign="top">§ 12</entry><entry VJ="1" align="left" colsep="0" valign="top">Kostenstellen</entry></row><row><entry VJ="1" align="left" colsep="0" valign="top"> </entry><entry VJ="1" align="left" colsep="0" valign="top"> </entry><entry VJ="1" align="left" colsep="0" nameend="col5" namest="col3" valign="top">Abschnitt 3</entry></row><row><entry VJ="1" align="left" colsep="0" valign="top"> </entry><entry VJ="1" align="left" colsep="0" valign="top"> </entry><entry VJ="1" align="left" colsep="0" valign="top"> </entry><entry VJ="1" align="left" colsep="0" nameend="col5" namest="col4" valign="top">Kostenträgerrechnung</entry></row><row><entry VJ="1" align="left" colsep="0" nameend="col4" namest="col1" valign="top">§ 13</entry><entry VJ="1" align="left" colsep="0" valign="top">Grundsätze der Entgeltermittlung</entry></row><row><entry VJ="1" align="left" colsep="0" nameend="col4" namest="col1" valign="top">§ 14</entry><entry VJ="1" align="left" colsep="0" valign="top">Teilnetze</entry></row><row><entry VJ="1" align="left" colsep="0" nameend="col4" namest="col1" valign="top">§ 15</entry><entry VJ="1" align="left" colsep="0" valign="top">Ermittlung der Netzentgelte</entry></row><row><entry VJ="1" align="left" colsep="0" nameend="col4" namest="col1" valign="top">§ 16</entry><entry VJ="1" align="left" colsep="0" valign="top">Verprobung</entry></row><row><entry VJ="1" align="left" colsep="0" nameend="col4" namest="col1" valign="top">§ 17</entry><entry VJ="1" align="left" colsep="0" valign="top">(weggefallen)</entry></row><row><entry VJ="1" align="left" colsep="0" nameend="col4" namest="col1" valign="top">§ 18</entry><entry VJ="1" align="left" colsep="0" valign="top">Besondere Regeln für örtliche Verteilernetze</entry></row><row><entry VJ="1" align="left" colsep="0" nameend="col4" namest="col1" valign="top">§ 19</entry><entry VJ="1" align="left" colsep="0" valign="top">Besondere Regeln für Fernleitungsnetze</entry></row><row><entry VJ="1" align="left" colsep="0" nameend="col4" namest="col1" valign="top">§ 20</entry><entry VJ="1" align="left" colsep="0" valign="top">Sonderformen der Netznutzung</entry></row><row><entry VJ="1" nameend="col4" namest="col1">§ 20a</entry><entry VJ="1"/></row><row><entry VJ="1" nameend="col4" namest="col1">§ 20b</entry><entry VJ="1"/></row><row><entry VJ="1" nameend="col4" namest="col1">§ 21</entry><entry VJ="1">Netzentgeltbildung bei Anreizregulierung</entry></row><row><entry VJ="1" align="left" colsep="0" nameend="col5" namest="col1" valign="top"><B>Teil 3</B></entry></row><row><entry VJ="1" align="left" colsep="0" valign="top"> </entry><entry VJ="1" align="left" colsep="0" nameend="col5" namest="col2" valign="top"><B>(weggefallen)</B></entry><entry VJ="1" align="left" colsep="0" nameend="col5" namest="col4" valign="top"/></row><row><entry VJ="1" align="left" colsep="0" nameend="col4" namest="col1" valign="top">§§ 22 bis 26</entry><entry VJ="1" align="left" colsep="0" valign="top">(weggefallen)</entry></row><row><entry VJ="1" align="left" colsep="0" nameend="col5" namest="col1" valign="top"><B>Teil 4</B></entry></row><row><entry VJ="1" align="left" colsep="0" valign="top"> </entry><entry VJ="1" align="left" colsep="0" nameend="col5" namest="col2" valign="top"><B>Pflichten der Netzbetreiber</B></entry></row><row><entry VJ="1" align="left" colsep="0" nameend="col4" namest="col1" valign="top">§ 27</entry><entry VJ="1" align="left" colsep="0" valign="top">(weggefallen)</entry></row><row><entry VJ="1" align="left" colsep="0" nameend="col4" namest="col1" valign="top">§ 28</entry><entry VJ="1" align="left" colsep="0" valign="top">Dokumentation</entry></row><row><entry VJ="1" align="left" colsep="0" nameend="col4" namest="col1" valign="top">§ 29</entry><entry VJ="1" align="left" colsep="0" valign="top">Mitteilungen gegenüber der Regulierungsbehörde</entry></row><row><entry VJ="1" align="left" colsep="0" nameend="col5" namest="col1" valign="top"><B>Teil 5</B></entry></row><row><entry VJ="1" align="left" colsep="0" valign="top"> </entry><entry VJ="1" align="left" colsep="0" nameend="col5" namest="col2" valign="top"><B>Sonstige Bestimmungen</B></entry></row><row><entry VJ="1" align="left" colsep="0" nameend="col4" namest="col1" valign="top">§ 30</entry><entry VJ="1" align="left" colsep="0" valign="top">Festlegungen der Regulierungsbehörde</entry></row><row><entry VJ="1" align="left" colsep="0" nameend="col4" namest="col1" valign="top">§ 31</entry><entry VJ="1" align="left" colsep="0" valign="top">Ordnungswidrigkeiten</entry></row><row><entry VJ="1" align="left" colsep="0" nameend="col4" namest="col1" valign="top">§ 32</entry><entry VJ="1" align="left" colsep="0" valign="top">Übergangsregelungen</entry></row><row><entry VJ="1" align="left" colsep="0" nameend="col4" namest="col1" valign="top">§ 33</entry><entry VJ="1" align="left" colsep="0" valign="top">Inkrafttreten</entry></row></tbody></tgroup></table></P></Content></text><fussnoten/></textdaten></norm>
<norm builddate="20231229213635" doknr="BJNR219700005BJNG000100000"><metadaten><jurabk>GasNEV</jurabk><gliederungseinheit><gliederungskennzahl>010</gliederungskennzahl><gliederungsbez>Teil 1</gliederungsbez><gliederungstitel>Allgemeine Bestimmungen</gliederungstitel></gliederungseinheit></metadaten><textdaten><text format="XML"><Content><P/></Content></text></textdaten></norm>
<norm builddate="20231229213635" doknr="BJNR219700005BJNE000301377"><metadaten><jurabk>GasNEV</jurabk><enbez>§ 1</enbez><titel format="XML">Anwendungsbereich</titel></metadaten><textdaten><text format="XML"><Content><P>Diese Verordnung regelt die Festlegung der Methode zur Bestimmung der Entgelte für den Zugang zu den Gasversorgungsnetzen (Netzentgelte).</P></Content></text><fussnoten/></textdaten></norm>
<norm builddate="20231229213635" doknr="BJNR219700005BJNE000400000"><metadaten><jurabk>GasNEV</jurabk><enbez>§ 2</enbez><titel format="parat">Begriffsbestimmungen</titel></metadaten><textdaten><text format="XML"><Content><P>Im Sinne dieser Verordnung bedeutet <DL Font="normal" Type="arabic"><DT>1.</DT><DD Font="normal"><LA Size="normal">Gaswirtschaftsjahr</LA><LA Size="normal">der Zeitraum vom 1. Oktober, 6.00 Uhr, eines Kalenderjahres bis zum 1. Oktober, 6.00 Uhr, des folgenden Kalenderjahres;</LA></DD>  <DT>2.</DT><DD Font="normal"><LA Size="normal">Kalkulationsperiode</LA><LA Size="normal">das Geschäftsjahr des Betreibers eines Gasfernleitungs- oder Gasverteilernetzes;</LA></DD>  <DT>3.</DT><DD Font="normal"><LA Size="normal">Überregionales Gasfernleitungsnetz</LA><LA Size="normal">ein Fernleitungsnetz, in das Gas an der Grenze zur Bundesrepublik Deutschland oder an einem Übergabepunkt aus einer inländischen Produktionsleitung eingespeist wird und das<DL Font="normal" Type="arabic"><DT>a)</DT><DD Font="normal"><LA Size="normal">dem Transport des Gases zu einem Ausspeisepunkt an der Grenze der Bundesrepublik Deutschland dient oder</LA></DD> <DT>b)</DT><DD Font="normal"><LA Size="normal">ausschließlich oder überwiegend dem Import von Erdgas oder dem Transport von im Inland produzierten Erdgas dient und aus dem im Inland ganz oder überwiegend Gas in nachgelagerte Gasverteilernetze eingespeist wird.</LA></DD> </DL></LA></DD>  </DL>Im Übrigen finden die Begriffsbestimmungen der Gasnetzzugangsverordnung entsprechende Anwendung.</P></Content></text></textdaten></norm>
<norm builddate="20231229213635" doknr="BJNR219700005BJNE000503377"><metadaten><jurabk>GasNEV</jurabk><enbez>§ 3</enbez><titel format="XML">Grundsätze der Entgeltbestimmung</titel></metadaten><textdaten><text format="XML"><Content><P>(1) Für die Ermittlung der Netzentgelte sind die Netzkosten nach den §§ 4 bis 10 zusammenzustellen. Die ermittelten Netzkosten sind anschließend nach § 12 vollständig den dort aufgeführten Hauptkostenstellen zuzuordnen. Die Netzentgelte für die Gasfernleitung und Gasverteilung sind nach Maßgabe der §§ 13 bis 18 und 20 zu bestimmen. Die Ermittlung der Kosten und der Netzentgelte erfolgt auf der Basis der Daten des abgelaufenen Geschäftsjahres; gesicherte Erkenntnisse über das Planjahr können dabei berücksichtigt werden. Soweit hinsichtlich der Kostenermittlung keine besonderen Regelungen getroffen werden, sind die Leitsätze für die Preisermittlung auf Grund von Selbstkosten nach der Anlage zur Verordnung PR Nr. 30/53 über die Preise bei öffentlichen Aufträgen vom 21. November 1953 (BAnz Nr. 244), die zuletzt durch Artikel 70 des Gesetzes vom 8. Dezember 2010 (BGBl. I S. 1864) geändert worden ist, heranzuziehen.</P><P>(2) Betreiber von überregionalen Gasfernleitungsnetzen können die Entgelte für die Nutzung der Fernleitungsnetze abweichend von den §§ 4 bis 18 nach Maßgabe des § 19 bilden, wenn das Fernleitungsnetz zu einem überwiegenden Teil wirksamem bestehenden oder potenziellen Leitungswettbewerb ausgesetzt ist. Voraussetzung für die Feststellung von wirksamem bestehenden oder potenziellen Wettbewerb ist zumindest, dass <DL Font="normal" Type="arabic"><DT>1.</DT><DD Font="normal"><LA Size="normal">die überwiegende Zahl der Ausspeisepunkte dieses Netzes in Gebieten liegt, die auch über überregionale Gasfernleitungsnetze Dritter erreicht werden oder unter kaufmännisch sinnvollen Bedingungen erreicht werden können, oder</LA></DD><DT>2.</DT><DD Font="normal"><LA Size="normal">die überwiegende Menge des transportierten Erdgases in Gebieten ausgespeist wird, die auch über überregionale Gasfernleitungsnetze Dritter erreicht werden oder unter kaufmännisch sinnvollen Bedingungen erreicht werden können.</LA></DD></DL></P><P>(3) Betreiber von Fernleitungsnetzen, die die Entgelte nach Absatz 2 bilden, haben dies unverzüglich der Regulierungsbehörde schriftlich oder elektronisch anzuzeigen sowie das Vorliegen der in Absatz 2 genannten Voraussetzungen nachzuweisen. Weitere Anzeigen nach Satz 1 sind jeweils zwei Jahre vor Beginn einer Regulierungsperiode nach § 3 der Anreizregulierungsverordnung, erstmals vor Beginn der zweiten Regulierungsperiode bei der Regulierungsbehörde einzureichen. Die Regulierungsbehörde hat zu prüfen, ob die Voraussetzungen nach Absatz 2 Satz 1 und 2 vorliegen. Stellt sie fest, dass dies nicht der Fall ist, hat sie von ihren Befugnissen nach § 65 des Energiewirtschaftsgesetzes Gebrauch zu machen. Bis zu einer Entscheidung nach Satz 4 können Entgelte in jedem Fall nach Absatz 2 Satz 1 gebildet werden.</P></Content></text><fussnoten/></textdaten></norm>
<norm builddate="20231229213635" doknr="BJNR219700005BJNG000200000"><metadaten><jurabk>GasNEV</jurabk><gliederungseinheit><gliederungskennzahl>020</gliederungskennzahl><gliederungsbez>Teil 2</gliederungsbez><gliederungstitel>Methode zur Ermittlung der Netzentgelte</gliederungstitel></gliederungseinheit></metadaten><textdaten><text format="XML"><Content><P/></Content></text></textdaten></norm>
<norm builddate="20231229213635" doknr="BJNR219700005BJNG000300000"><metadaten><jurabk>GasNEV</jurabk><gliederungseinheit><gliederungskennzahl>020010</gliederungskennzahl><gliederungsbez>Abschnitt 1</gliederungsbez><gliederungstitel>Kostenartenrechnung</gliederungstitel></gliederungseinheit></metadaten><textdaten><text format="XML"><Content><P/></Content></text></textdaten></norm>
<norm builddate="20231229213635" doknr="BJNR219700005BJNE000603377"><metadaten><jurabk>GasNEV</jurabk><enbez>§ 4</enbez><titel format="XML">Grundsätze der Netzkostenermittlung</titel></metadaten><textdaten><text format="XML"><Content><P>(1) Bilanzielle und kalkulatorische Kosten des Netzbetriebs sind nur insoweit anzusetzen, als sie den Kosten eines effizienten und strukturell vergleichbaren Netzbetreibers entsprechen.</P><P>(2) Ausgehend von den Gewinn- und Verlustrechnungen für die Gasversorgung des letzten abgeschlossenen Geschäftsjahres nach § 6b Absatz 3 des Energiewirtschaftsgesetzes ist zur Bestimmung der Netzkosten eine kalkulatorische Rechnung zu erstellen. Die Netzkosten setzen sich unter Beachtung von Absatz 1 aus den aufwandsgleichen Kosten nach § 5, den kalkulatorischen Abschreibungen nach § 6, der kalkulatorischen Eigenkapitalverzinsung nach § 7 sowie den kalkulatorischen Steuern nach § 8 unter Abzug der kostenmindernden Erlöse und Erträge nach § 9 zusammen.</P><P>(3) Bis zur erstmaligen Erstellung der jeweiligen Gewinn- und Verlustrechnung nach § 6b Absatz 3 des Energiewirtschaftsgesetzes ist abweichend von Absatz 2 der Bestimmung der Netzkosten jeweils eine auf den Tätigkeitsbereich Gasfernleitung und Gasverteilung beschränkte und nach handelsrechtlichen Grundsätzen ermittelte Gewinn- und Verlustrechnung des letzten abgeschlossenen Geschäftsjahres zu Grunde zu legen. Soweit Betreiber von Gasfernleitungs- oder Gasverteilernetzen nicht unter die Verpflichtungen nach § 6b Absatz 3 des Energiewirtschaftsgesetzes fallen, haben diese jeweils eine auf die Tätigkeitsbereiche Gasfernleitung und Gasverteilung beschränkte und nach handelsrechtlichen Grundsätzen ermittelte Gewinn- und Verlustrechnung des letzten abgeschlossenen Geschäftsjahres zu erstellen und zu Grunde zu legen.</P><P>(4) Einzelkosten des Netzes sind dem Netz direkt zuzuordnen. Kosten des Netzes, die sich nicht oder nur mit unvertretbar hohem Aufwand als Einzelkosten direkt zurechnen lassen, sind als Gemeinkosten über eine verursachungsgerechte Schlüsselung dem Gasversorgungsnetz zuzuordnen. Die zu Grunde gelegten Schlüssel müssen sachgerecht sein und den Grundsatz der Stetigkeit beachten. Betreiber eines Gasfernleitungs- oder Gasverteilernetzes haben diese Schlüssel für sachkundige Dritte nachvollziehbar und vollständig zu dokumentieren. Änderungen eines Schlüssels sind nur zulässig, sofern diese sachlich geboten sind. Die hierfür maßgeblichen Gründe sind von Betreibern eines Gasfernleitungs- oder Gasverteilernetzes für sachkundige Dritte nachvollziehbar und vollständig zu dokumentieren.</P><P>(5) Betreiber von Gasversorgungsnetzen können Kosten oder Kostenbestandteile, die anfallen auf Grund einer Überlassung betriebsnotwendiger Anlagegüter durch Dritte, nur in der Höhe ansetzen, wie sie anfielen, wenn der Betreiber Eigentümer der Anlagen wäre. Der Betreiber des Gasversorgungsnetzes hat die erforderlichen Nachweise zu führen.</P><P>(5a) Erbringen Unternehmen gegenüber einem Betreiber eines Gasversorgungsnetzes Dienstleistungen, so sind die diesbezüglichen Kosten oder Kostenbestandteile nach Maßgabe dieses Absatzes bei der Netzkostenermittlung zu berücksichtigen. Gehören das die Dienstleistung erbringende Unternehmen und der Betreiber des Gasversorgungsnetzes oder ein Gesellschafter des Betreibers des Gasversorgungsnetzes zu einer Gruppe miteinander verbundener Gasunternehmen, so darf der Betreiber des Gasversorgungsnetzes die aus der Erbringung der Dienstleistung entstehenden Kosten oder Kostenbestandteile maximal in der Höhe ansetzen, wie sie bei dem die Dienstleistung erbringenden Unternehmen unter Anwendung der Grundsätze der Entgeltbestimmung im Sinne dieser Verordnung und gegebenenfalls unter Anwendung des § 6 Absatz 2 der Anreizregulierungsverordnung tatsächlich angefallen sind. Beinhalten die nach Satz 2 für die Erbringung von Dienstleistungen angefallenen Kosten oder Kostenbestandteile Vorleistungen von Unternehmen, die ebenfalls zu der Gruppe miteinander verbundener Gasunternehmen gehören, der das die Dienstleistung erbringende Unternehmen und der Betreiber des Gasversorgungsnetzes oder dessen Gesellschafter angehören, können diese nur maximal in der Höhe einbezogen werden, wie sie jeweils bei dem die Vorleistung erbringenden Unternehmen unter Anwendung der Grundsätze der Entgeltbestimmung im Sinne dieser Verordnung und gegebenenfalls unter Anwendung des § 6 Absatz 2 der Anreizregulierungsverordnung tatsächlich angefallen sind. Gehören das die Dienstleistung erbringende Unternehmen und der Betreiber des Gasversorgungsnetzes oder dessen Gesellschafter nicht zu einer Gruppe miteinander verbundener Gasunternehmen, so darf der Betreiber des Gasversorgungsnetzes die aus der Erbringung der Dienstleistung entstehenden Kosten oder Kostenbestandteile maximal in der Höhe ansetzen, wie sie anfallen würden, wenn der Betreiber des Gasversorgungsnetzes die jeweiligen Leistungen selbst erbringen würde. Der Betreiber des Gasversorgungsnetzes hat die erforderlichen Nachweise zu führen.</P><P>(6) Sofern Leistungen nach § 9 Absatz 3 Satz 2 Nummer 1 der Gasnetzzugangsverordnung beschafft werden, können Betreiber von Gasversorgungsnetzen die hierdurch verursachten Kosten nach Maßgabe des § 4 Abs. 1 bei der Ermittlung der Netzkosten in Ansatz bringen.</P><P>(7) Soweit außerordentliche Aufwendungen und Erträge die Netzkosten einer Kalkulationsperiode beeinflussen, sind diese der Regulierungsbehörde unverzüglich anzuzeigen.</P></Content></text><fussnoten/></textdaten></norm>
<norm builddate="20231229213635" doknr="BJNR219700005BJNE000701377"><metadaten><jurabk>GasNEV</jurabk><enbez>§ 5</enbez><titel format="XML">Aufwandsgleiche Kostenpositionen</titel></metadaten><textdaten><text format="XML"><Content><P>(1) Aufwandsgleiche Kostenpositionen sind den nach § 6b Absatz 3 des Energiewirtschaftsgesetzes erstellten Gewinn- und Verlustrechnungen für die Gasfernleitung und Gasverteilung zu entnehmen und nach Maßgabe des § 4 Abs. 1 bei der Bestimmung der Netzkosten zu berücksichtigen.</P><P>(2) Fremdkapitalzinsen sind in ihrer tatsächlichen Höhe einzustellen, höchstens jedoch in der Höhe kapitalmarktüblicher Zinsen für vergleichbare Kreditaufnahmen.</P></Content></text><fussnoten/></textdaten></norm>
<norm builddate="20231229213635" doknr="BJNR219700005BJNE000802301"><metadaten><jurabk>GasNEV</jurabk><enbez>§ 6</enbez><titel format="XML">Kalkulatorische Abschreibungen</titel></metadaten><textdaten><text format="XML"><Content><P>(1) Zur Gewährleistung eines langfristig angelegten leistungsfähigen und zuverlässigen Netzbetriebs ist die Wertminderung der betriebsnotwendigen Anlagegüter nach den Absätzen 2 bis 7 als Kostenposition bei der Ermittlung der Netzkosten in Ansatz zu bringen (kalkulatorische Abschreibungen). Die kalkulatorischen Abschreibungen treten insoweit in der kalkulatorischen Kosten- und Erlösrechnung an die Stelle der entsprechenden bilanziellen Abschreibungen der Gewinn- und Verlustrechnung. Bei der Ermittlung der kalkulatorischen Abschreibungen ist jeweils zu unterscheiden nach Anlagegütern, die vor dem 1. Januar 2006 aktiviert wurden (Altanlage), und Anlagegütern, die ab dem 1. Januar 2006 aktiviert werden (Neuanlage).</P><P>(2) Die kalkulatorischen Abschreibungen der Altanlagen sind unter Berücksichtigung der Eigenkapitalquote nach der linearen Abschreibungsmethode zu ermitteln. Für die Ermittlung der kalkulatorischen Abschreibungen <DL Font="normal" Type="arabic"><DT>1.</DT><DD Font="normal"><LA Size="normal">des eigenfinanzierten Anteils der Altanlagen ist die Summe aller anlagenspezifisch und ausgehend von dem jeweiligen Tagesneuwert nach Absatz 3 Satz 1 und 2 ermittelten Abschreibungsbeträge aller Altanlagen zu bilden und anschließend mit der Eigenkapitalquote zu multiplizieren;</LA></DD><DT>2.</DT><DD Font="normal"><LA Size="normal">des fremdfinanzierten Anteils der Altanlagen ist die Summe aller anlagenspezifisch und ausgehend von den jeweiligen, im Zeitpunkt ihrer Errichtung erstmalig aktivierten Anschaffungs- und Herstellungskosten (historische Anschaffungs- und Herstellungskosten) ermittelten Abschreibungsbeträge aller Altanlagen zu bilden und anschließend mit der Fremdkapitalquote zu multiplizieren.</LA></DD></DL>Die Eigenkapitalquote ergibt sich rechnerisch als Quotient aus dem betriebsnotwendigen Eigenkapital und den kalkulatorisch ermittelten Restwerten des betriebsnotwendigen Vermögens zu historischen Anschaffungs- und Herstellungskosten. Die anzusetzende Eigenkapitalquote wird kalkulatorisch für die Berechnung der Netzentgelte auf höchstens 40 Prozent begrenzt. Die Fremdkapitalquote ist die Differenz zwischen 100 Prozent und der Eigenkapitalquote.</P><P>(3) Der Tagesneuwert ist der unter Berücksichtigung der technischen Entwicklung maßgebliche Anschaffungswert zum jeweiligen Bewertungszeitpunkt. Die Umrechnung der historischen Anschaffungs- und Herstellungskosten der betriebsnotwendigen Anlagegüter auf Tagesneuwerte zum jeweiligen Stichtag erfolgt unter Verwendung von Indexreihen des Statistischen Bundesamtes nach Maßgabe des § 6a. Im Falle der Gasversorgungsnetze in Berlin, Brandenburg, Mecklenburg-Vorpommern, Sachsen, Sachsen-Anhalt und Thüringen können für jene Anlagegüter, deren Errichtung zeitlich vor ihrer erstmaligen Bewertung in Deutscher Mark liegt, die Anschaffungs- und Herstellungskosten unter Verwendung zeitnaher üblicher Anschaffungs- und Herstellungskosten und einer Rückrechnung mittels der anwendbaren Preisindizes ermittelt werden.</P><P>(4) Die kalkulatorischen Abschreibungen der Neuanlagen sind ausgehend von den jeweiligen historischen Anschaffungs- und Herstellungskosten nach der linearen Abschreibungsmethode zu ermitteln.</P><P>(5) Die kalkulatorischen Abschreibungen sind für jede Anlage jährlich auf Grundlage der jeweiligen betriebsgewöhnlichen Nutzungsdauern nach Anlage 1 vorzunehmen. Die jeweils für eine Anlage in Anwendung gebrachte betriebsgewöhnliche Nutzungsdauer ist für die Restdauer ihrer kalkulatorischen Abschreibung unverändert zu lassen. Die kalkulatorischen Abschreibungen sind jahresbezogen zu ermitteln. Dabei ist jeweils ein Zugang des Anlagegutes zum 1. Januar des Anschaffungsjahres zugrunde zu legen.</P><P>(6) Der kalkulatorische Restwert eines Anlageguts beträgt nach Ablauf des ursprünglich angesetzten Abschreibungszeitraums Null. Ein Wiederaufleben kalkulatorischer Restwerte ist unzulässig. Bei Veränderung der ursprünglichen Abschreibungsdauer während der Nutzung ist sicherzustellen, dass keine Erhöhung der Kalkulationsgrundlage erfolgt. In einem solchen Fall bildet der jeweilige Restwert des Wirtschaftsguts zum Zeitpunkt der Abschreibungsdauerumstellung die Grundlage der weiteren Abschreibung. Der neue Abschreibungsbetrag ergibt sich aus der Division des Restwertes durch die Restabschreibungsdauer. Es erfolgt keine Abschreibung unter Null.</P><P>(7) Das Verbot von Abschreibungen unter Null gilt ungeachtet der Änderung von Eigentumsverhältnissen oder der Begründung von Schuldverhältnissen.</P></Content></text><fussnoten/></textdaten></norm>
<norm builddate="20231229213635" doknr="BJNR219700005BJNE004100301"><metadaten><jurabk>GasNEV</jurabk><enbez>§ 6a</enbez><titel format="XML">Preisindizes zur Ermittlung der Tagesneuwerte</titel></metadaten><textdaten><text format="XML"><Content><P>(1) Bei der Ermittlung der Tagesneuwerte nach § 6 Absatz 3 Satz 2 sind folgende Indexreihen des Statistischen Bundesamtes<FnR ID="F782159_02_BJNR219700005BJNE004100301"/> heranzuziehen: <DL Font="normal" Type="arabic"><DT>1.</DT><DD Font="normal"><LA Size="normal">für die Anlagengruppen I.2 Grundstücksanlagen, I.3 Betriebsgebäude, I.4 Verwaltungsgebäude, III.8 Gebäude, Verkehrswege und V.9 Gebäude (Mess-, Regel- und Zähleranlagen) der Anlage 1 die Indexreihe Gewerbliche Betriebsgebäude, Bauleistungen am Bauwerk ohne Umsatzsteuer (Statistisches Bundesamt, Fachserie 17, Preisindizes für die Bauwirtschaft);</LA></DD><DT>2.</DT><DD Font="normal"><LA Size="normal">für die Anlagengruppen Rohrleitungen und Hausanschlussleitungen IV.1.1 Stahlleitungen PE ummantelt, IV.1.2 Stahlleitungen kathodisch geschützt, IV.1.3 Stahlleitungen bitumiert, IV.2 Grauguss (&gt; DN 150), IV.3 Duktiler Guss, IV.4 Polyethylen (PE-HD) und IV.5 Polyvenylchlorid (PVC) der Anlage 1 die Indexreihe Ortskanäle, Bauleistungen am Bauwerk (Tiefbau), ohne Umsatzsteuer (Statistisches Bundesamt, Fachserie 17, Preisindizes für die Bauwirtschaft);</LA></DD><DT>3.</DT><DD Font="normal"><LA Size="normal">für die Anlagengruppen IV.1.1 Stahlleitungen PE ummantelt, IV.1.2 Stahlleitungen kathodisch geschützt und IV.1.3 Stahlleitungen bitumiert, der Anlage 1, die für den Gastransport mit einem Druck größer als 16 bar ausgelegt sind, <DL Font="normal" Type="alpha"><DT>a)</DT><DD Font="normal"><LA Size="normal">die Indexreihe Stahlrohre, Rohrform-, Rohrverschluss- und Rohrverbindungsstücke aus Eisen und Stahl (Statistisches Bundesamt, Fachserie 17, Index der Erzeugerpreise gewerblicher Produkte) mit einem Anteil von 40 Prozent und</LA></DD><DT>b)</DT><DD Font="normal"><LA Size="normal">die Indexreihe Ortskanäle, Bauleistungen am Bauwerk (Tiefbau), ohne Umsatzsteuer (Statistisches Bundesamt, Fachserie 17, Preisindizes für die Bauwirtschaft) mit einem Anteil von 60 Prozent;</LA></DD></DL></LA></DD><DT>4.</DT><DD Font="normal"><LA Size="normal">für alle übrigen Anlagengruppen, mit Ausnahme der Anlagengruppe I.1 Grundstücke der Anlage 1, der Index der Erzeugerpreise gewerblicher Produkte gesamt (ohne Mineralölerzeugnisse) (Statistisches Bundesamt, Fachserie 17, Index der Erzeugerpreise gewerblicher Produkte).</LA></DD></DL></P><P>(2) Sofern die in Absatz 1 genannten Indexreihen des Statistischen Bundesamtes nicht für den notwendigen Zeitraum der Vergangenheit verfügbar sind, sind der Ermittlung der Tagesneuwerte Ersatzindexreihen zu Grunde zu legen, die mit den in Absatz 1 genannten Indexreihen zu verketten sind. Die Verkettungsfaktoren ergeben sich jeweils aus der Division des am weitesten in der Vergangenheit liegenden Indexwertes der Indexreihe gemäß Absatz 1 durch den Indexwert der Ersatzindexreihe für dasselbe Beobachtungsjahr. Es sind folgende Ersatzindexreihen heranzuziehen: <DL Font="normal" Type="arabic"><DT>1.</DT><DD Font="normal"><LA Size="normal">für die Indexreihe Gewerbliche Betriebsgebäude, Bauleistungen am Bauwerk, ohne Umsatzsteuer <DL Font="normal" Type="alpha"><DT>a)</DT><DD Font="normal"><LA Size="normal">für den Zeitraum von 1958 bis 1968 die Indexreihe Gewerbliche Betriebsgebäude, Bauleistungen am Bauwerk, mit Umsatzsteuer (Statistisches Bundesamt, Fachserie 17, Preisindizes für die Bauwirtschaft) und</LA></DD><DT>b)</DT><DD Font="normal"><LA Size="normal">für den Zeitraum vor 1958 die Indexreihe Wiederherstellungswerte für 1913/1914 erstellte Wohngebäude (Statistisches Bundesamt, Fachserie 17, Preisindizes für die Bauwirtschaft);</LA></DD></DL></LA></DD><DT>2.</DT><DD Font="normal"><LA Size="normal">für die Indexreihe Ortskanäle, Bauleistungen am Bauwerk (Tiefbau), ohne Umsatzsteuer <DL Font="normal" Type="alpha"><DT>a)</DT><DD Font="normal"><LA Size="normal">für den Zeitraum von 1958 bis 1968 die Indexreihe Ortskanäle, Bauleistungen am Bauwerk (Tiefbau), mit Umsatzsteuer (Statistisches Bundesamt, Fachserie 17, Preisindizes für die Bauwirtschaft) und</LA></DD><DT>b)</DT><DD Font="normal"><LA Size="normal">für den Zeitraum vor 1958 die Indexreihe Wiederherstellungswerte für 1913/1914 erstellte Wohngebäude (Statistisches Bundesamt, Fachserie 17, Preisindizes für die Bauwirtschaft);</LA></DD></DL></LA></DD><DT>3.</DT><DD Font="normal"><LA Size="normal">für die Indexreihe Stahlrohre, Rohrform-, Rohrverschluss- und Rohrverbindungsstücke aus Eisen und Stahl <DL Font="normal" Type="alpha"><DT>a)</DT><DD Font="normal"><LA Size="normal">für den Zeitraum von 2000 bis 2004 die Indexreihe Rohre aus Eisen oder Stahl (Statistisches Bundesamt, Fachserie 17, Index Erzeugerpreise gewerblicher Produkte),</LA></DD><DT>b)</DT><DD Font="normal"><LA Size="normal">für den Zeitraum von 1968 bis 1999 die Indexreihe Präzisionsstahlrohre, nahtlos und geschweißt (Statistisches Bundesamt, Fachserie 17, Index der Erzeugerpreise gewerblicher Produkte) und</LA></DD><DT>c)</DT><DD Font="normal"><LA Size="normal">für den Zeitraum vor 1968 die Indexreihe Eisen und Stahl (Statistisches Bundesamt, Fachserie 17, Index der Erzeugerpreise gewerblicher Produkte);</LA></DD></DL></LA></DD><DT>4.</DT><DD Font="normal"><LA Size="normal">für die Indexreihe der Erzeugerpreise gewerblicher Produkte gesamt (ohne Mineralölerzeugnisse) für den Zeitraum vor 1976 die Indexreihe der Erzeugerpreise gewerblicher Produkte gesamt (Statistisches Bundesamt, Fachserie 17, Index der Erzeugerpreise gewerblicher Produkte).</LA></DD></DL></P><P>(3) Der Tagesneuwert im Basisjahr eines im Jahr t angeschafften Anlagegutes ergibt sich durch die Multiplikation des Indexfaktors des Jahres t mit den historischen Anschaffungs- oder Herstellungskosten. Der Indexfaktor des Jahres t ergibt sich aus dem Quotienten des Indexwertes des Basisjahres und dem Indexwert des Jahres t und ist auf vier Nachkommastellen zu runden.</P></Content><Footnotes><Footnote FnZ="*" Group="column" ID="F782159_02_BJNR219700005BJNE004100301" Pos="normal">Amtlicher Hinweis: Zu beziehen beim Statistischen Bundesamt, Gustav-Stresemann-Ring 11, 65189 Wiesbaden; auch zu beziehen über www.destatis.de.</Footnote></Footnotes></text><fussnoten/></textdaten></norm>
<norm builddate="20231229213635" doknr="BJNR219700005BJNE000903377"><metadaten><jurabk>GasNEV</jurabk><enbez>§ 7</enbez><titel format="XML">Kalkulatorische Eigenkapitalverzinsung</titel></metadaten><textdaten><text format="XML"><Content><P>(1) Die Verzinsung des von Betreibern von Gasversorgungsnetzen eingesetzten Eigenkapitals erfolgt im Wege einer kalkulatorischen Eigenkapitalverzinsung auf Grundlage des betriebsnotwendigen Eigenkapitals. Das betriebsnotwendige Eigenkapital ergibt sich aus der Summe der <DL Font="normal" Type="arabic"><DT>1.</DT><DD Font="normal"><LA Size="normal">kalkulatorischen Restwerte des Sachanlagevermögens der betriebsnotwendigen Altanlagen bewertet zu historischen Anschaffungs- und Herstellungskosten und multipliziert mit der Fremdkapitalquote nach § 6 Abs. 2,</LA></DD><DT>2.</DT><DD Font="normal"><LA Size="normal">kalkulatorischen Restwerte des Sachanlagevermögens der betriebsnotwendigen Altanlagen bewertet zu Tagesneuwerten und multipliziert mit der Eigenkapitalquote nach § 6 Abs. 2,</LA></DD><DT>3.</DT><DD Font="normal"><LA Size="normal">kalkulatorischen Restwerte des Sachanlagevermögens der betriebsnotwendigen Neuanlagen bewertet zu historischen Anschaffungs- und Herstellungskosten und</LA></DD><DT>4.</DT><DD Font="normal"><LA Size="normal">Bilanzwerte der betriebsnotwendigen Finanzanlagen und Bilanzwerte des betriebsnotwendigen Umlaufvermögens unter Abzug des Steueranteils der Sonderposten mit Rücklageanteil</LA></DD></DL>und unter Abzug des Abzugskapitals und des verzinslichen Fremdkapitals. Grundstücke sind zu Anschaffungskosten anzusetzen. Es ist jeweils der Mittelwert aus Jahresanfangs- und Jahresendbestand anzusetzen. Soweit das nach Satz 2 ermittelte betriebsnotwendige Eigenkapital einen Anteil von 40 Prozent des sich aus der Summe der Werte nach Satz 2 Nr. 1 bis 4 ergebenden betriebsnotwendigen Vermögens übersteigt, ist der übersteigende Anteil dieses Eigenkapitals gemäß Absatz 7 zu verzinsen.</P><P>(2) Als Abzugskapital ist das zinslos zur Verfügung stehende Kapital zu behandeln. Es ist jeweils der Mittelwert aus Jahresanfangs- und Jahresendbestand der folgenden Positionen anzusetzen: <DL Font="normal" Type="arabic"><DT>1.</DT><DD Font="normal"><LA Size="normal">Rückstellungen;</LA></DD><DT>2.</DT><DD Font="normal"><LA Size="normal">erhaltene Vorauszahlungen und Anzahlungen von Kunden;</LA></DD><DT>3.</DT><DD Font="normal"><LA Size="normal">unverzinsliche Verbindlichkeiten aus Lieferungen und Leistungen;</LA></DD><DT>4.</DT><DD Font="normal"><LA Size="normal">erhaltene Baukostenzuschüsse einschließlich passivierter Leistungen der Anschlussnehmer zur Erstattung von Netzanschlusskosten;</LA></DD><DT>5.</DT><DD Font="normal"><LA Size="normal">sonstige Verbindlichkeiten, soweit die Mittel dem Betreiber von Gasversorgungsnetzen zinslos zur Verfügung stehen.</LA></DD></DL></P><P>(3) Zur Festlegung der Basis für die Eigenkapitalverzinsung ist das betriebsnotwendige Eigenkapital auf Neu- und Altanlagen aufzuteilen. Der auf die Neuanlagen entfallende Anteil bestimmt sich nach dem Anteil, den der Restwert der Neuanlagen nach Absatz 1 Satz 2 Nr. 3 an der Summe der Restwerte des Sachanlagevermögens nach Absatz 1 Satz 2 Nr. 1 bis 3 hat. Der auf die Altanlagen entfallende Anteil bestimmt sich nach dem Anteil, den die Summe der Restwerte der Altanlagen nach Absatz 1 Satz 2 Nr. 1 und 2 an der Summe der Restwerte des Sachanlagevermögens nach Absatz 1 Satz 2 Nr. 1 bis 3 hat.</P><P>(4) Der auf das betriebsnotwendige Eigenkapital, das auf Neuanlagen entfällt, anzuwendende Eigenkapitalzinssatz darf den auf die letzten zehn abgeschlossenen Kalenderjahre bezogenen Durchschnitt der von der Deutschen Bundesbank veröffentlichten Umlaufsrenditen festverzinslicher Wertpapiere inländischer Emittenten zuzüglich eines angemessenen Zuschlags zur Abdeckung netzbetriebsspezifischer unternehmerischer Wagnisse nach Absatz 5 nicht überschreiten. Der auf das betriebsnotwendige Eigenkapital, das auf Altanlagen entfällt, anzuwendende Eigenkapitalzinssatz ist zusätzlich um den auf die letzten zehn abgeschlossenen Kalenderjahre bezogenen Durchschnitt der Preisänderungsrate gemäß dem vom Statistischen Bundesamt veröffentlichten Verbraucherpreisgesamtindex zu ermäßigen.</P><P>(5) Die Höhe des Zuschlags zur Abdeckung netzbetriebsspezifischer unternehmerischer Wagnisse ist insbesondere unter Berücksichtigung folgender Umstände zu ermitteln: <DL Font="normal" Type="arabic"><DT>1.</DT><DD Font="normal"><LA Size="normal">Verhältnisse auf den nationalen und internationalen Kapitalmärkten und die Bewertung von Betreibern von Gasversorgungsnetzen auf diesen Märkten;</LA></DD><DT>2.</DT><DD Font="normal"><LA Size="normal">durchschnittliche Verzinsung des Eigenkapitals von Betreibern von Gasversorgungsnetzen auf ausländischen Märkten;</LA></DD><DT>3.</DT><DD Font="normal"><LA Size="normal">beobachtete und quantifizierbare unternehmerische Wagnisse.</LA></DD></DL></P><P>(6) Über die Eigenkapitalzinssätze nach § 21 Abs. 2 des Energiewirtschaftsgesetzes entscheidet die Regulierungsbehörde in Anwendung der Absätze 4 und 5 vor Beginn einer Regulierungsperiode nach § 3 der Anreizregulierungsverordnung, erstmals zum 1. Januar 2009, durch Festlegung nach § 29 Abs. 1 des Energiewirtschaftsgesetzes. Die Festlegung nach Satz 1 erfolgt jeweils für die Dauer einer Regulierungsperiode nach § 3 der Anreizregulierungsverordnung. Bis zur erstmaligen Festlegung durch die Regulierungsbehörde beträgt der Eigenkapitalzinssatz bei Neuanlagen 9,21 Prozent vor Steuern und bei Altanlagen 7,8 Prozent vor Steuern.</P><P>(7) Der Zinssatz für den die Eigenkapitalquote übersteigenden Anteil des Eigenkapitals nach Absatz 1 Satz 5 bestimmt sich als gewichteter Durchschnitt des auf die letzten zehn abgeschlossenen Kalenderjahre bezogenen Durchschnitts der folgenden von der Deutschen Bundesbank veröffentlichten Umlaufsrenditen: <DL Font="normal" Type="arabic"><DT>1.</DT><DD Font="normal"><LA Size="normal">Umlaufsrenditen inländischer Inhaberschuldverschreibungen – Anleihen der öffentlichen Hand und</LA></DD><DT>2.</DT><DD Font="normal"><LA Size="normal">Umlaufsrenditen inländischer Inhaberschuldverschreibungen – Anleihen von Unternehmen (Nicht-MFIs).</LA></DD></DL>Bei der Bestimmung des gewichteten Durchschnitts wird der Durchschnitt der Umlaufsrenditen nach Satz 1 Nummer 1 einfach gewichtet und der Durchschnitt der Umlaufsrenditen nach Satz 1 Nummer 2 zweifach gewichtet. Weitere Zuschläge sind unzulässig.</P></Content></text><fussnoten/></textdaten></norm>
<norm builddate="20231229213635" doknr="BJNR219700005BJNE001001301"><metadaten><jurabk>GasNEV</jurabk><enbez>§ 8</enbez><titel format="XML">Kalkulatorische Steuern</titel></metadaten><textdaten><text format="XML"><Content><P>Im Rahmen der Ermittlung der Netzkosten kann die dem Netzbereich sachgerecht zuzuordnende Gewerbesteuer als kalkulatorische Kostenposition in Ansatz gebracht werden.</P></Content></text><fussnoten/></textdaten></norm>
<norm builddate="20231229213635" doknr="BJNR219700005BJNE001102311"><metadaten><jurabk>GasNEV</jurabk><enbez>§ 9</enbez><titel format="XML">Kostenmindernde Erlöse und Erträge</titel></metadaten><textdaten><text format="XML"><Content><P>(1) Sonstige Erlöse und Erträge sind, soweit sie sachlich dem Netzbetrieb zuzurechnen und insbesondere den Positionen <DL Font="normal" Type="arabic"><DT>1.</DT><DD Font="normal"><LA Size="normal">aktivierte Eigenleistungen,</LA></DD><DT>2.</DT><DD Font="normal"><LA Size="normal">Zins- und Beteiligungserträge,</LA></DD><DT>3.</DT><DD Font="normal"><LA Size="normal">Netzanschlusskosten,</LA></DD><DT>4.</DT><DD Font="normal"><LA Size="normal">Baukostenzuschüsse oder</LA></DD><DT>5.</DT><DD Font="normal"><LA Size="normal">sonstige Erträge und Erlöse</LA></DD></DL>der netzbezogenen Gewinn- und Verlustrechnung zu entnehmen sind, von den Netzkosten in Abzug zu bringen. Einnahmen nach § 140 des Telekommunikationsgesetzes sind sachlich nicht dem Netzbetrieb zuzurechnen. Die von gasverbrauchenden Anschlussnehmern entrichteten Baukostenzuschüsse sind über eine Dauer von 20 Jahren linear aufzulösen und jährlich netzkostenmindernd anzusetzen.</P><P>(2) Baukostenzuschüsse, die im Zusammenhang mit der Errichtung eines Anschlusses für die Einspeisung von Gas entrichtet wurden, sind anschlussindividuell über die Dauer von 20 Jahren linear aufzulösen.</P></Content></text><fussnoten/></textdaten></norm>
<norm builddate="20231229213635" doknr="BJNR219700005BJNE001201377"><metadaten><jurabk>GasNEV</jurabk><enbez>§ 10</enbez><titel format="XML">Periodenübergreifende Saldierung</titel></metadaten><textdaten><text format="XML"><Content><P>Soweit die Netzentgelte nicht im Wege der Anreizregulierung nach § 21a des Energiewirtschaftsgesetzes bestimmt werden, sind die Betreiber von Gasversorgungsnetzen verpflichtet, nach Abschluss einer Kalkulationsperiode die Differenz zwischen <DL Font="normal" Type="arabic"><DT>1.</DT><DD Font="normal"><LA Size="normal">den in dieser Kalkulationsperiode aus Netzentgelten erzielten Erlösen und</LA></DD><DT>2.</DT><DD Font="normal"><LA Size="normal">den für diese Kalkulationsperiode nach Abschnitt 1 des Teils 2 zu Grunde gelegten Netzkosten</LA></DD></DL>zu ermitteln. Liegen die Erlöse nach Satz 1 Nr. 1 über den Kosten nach Satz 1 Nr. 2, ist der Differenzbetrag zuzüglich einer Verzinsung des durchschnittlich gebundenen Betrages mit einem angemessenen Zinssatz kostenmindernd in Ansatz zu bringen. Liegen die Erlöse nach Satz 1 Nr. 1 unter den Kosten nach Satz 1 Nr. 2, kann der Differenzbetrag zuzüglich einer Verzinsung des durchschnittlichen Differenzbetrages mit einem angemessenen Zinssatz kostenerhöhend in Ansatz gebracht werden. Eine Saldierung erfolgt jeweils über die drei folgenden Kalkulationsperioden. Der durchschnittlich gebundene Betrag ist der Mittelwert der Differenz aus den erzielten Erlösen und den zu deckenden Kosten. Der durchschnittliche Differenzbetrag ist der Mittelwert der Differenz aus den zu deckenden Kosten und den erzielten Erlösen.</P></Content></text><fussnoten/></textdaten></norm>
<norm builddate="20231229213635" doknr="BJNR219700005BJNG000400000"><metadaten><jurabk>GasNEV</jurabk><gliederungseinheit><gliederungskennzahl>020020</gliederungskennzahl><gliederungsbez>Abschnitt 2</gliederungsbez><gliederungstitel>Kostenstellenrechnung</gliederungstitel></gliederungseinheit></metadaten><textdaten><text format="XML"><Content><P/></Content></text></textdaten></norm>
<norm builddate="20231229213635" doknr="BJNR219700005BJNE001300000"><metadaten><jurabk>GasNEV</jurabk><enbez>§ 11</enbez><titel format="parat">Grundsätze der Kostenverteilung</titel></metadaten><textdaten><text format="XML"><Content><P>Die nach § 4 ermittelten Netzkosten sind soweit möglich direkt den Hauptkostenstellen nach § 12 zuzuordnen. Soweit eine direkte Zuordnung von Kosten nicht oder nur mit unvertretbar hohem Aufwand möglich ist, sind diese zunächst geeigneten Hilfskostenstellen zuzuordnen. Die Aufteilung dieser Netzkosten auf die Hauptkostenstellen hat verursachungsgerecht über eine angemessene Schlüsselung zu erfolgen. Die gewählten Schlüssel müssen sachgerecht sein und sind von Betreibern eines Gasfernleitungs- oder Gasverteilernetzes für sachkundige Dritte nachvollziehbar und vollständig schriftlich zu dokumentieren. Insbesondere sind die Schlüssel stetig anzuwenden. Änderungen eines Schlüssels sind nur zulässig, sofern diese sachlich geboten sind. Die sachlichen Gründe für diese Änderungen sind von Betreibern eines Gasfernleitungs- oder Gasverteilernetzes in einer für sachkundige Dritte nachvollziehbaren Weise und vollständig schriftlich zu dokumentieren. Diese Dokumentationen sind der Regulierungsbehörde auf Verlangen zu übermitteln.</P></Content></text></textdaten></norm>
<norm builddate="20231229213635" doknr="BJNR219700005BJNE001400000"><metadaten><jurabk>GasNEV</jurabk><enbez>§ 12</enbez><titel format="parat">Kostenstellen</titel></metadaten><textdaten><text format="XML"><Content><P>Für die Ermittlung der Netzentgelte haben Betreiber von Gasversorgungsnetzen als Maßgrößen der Kostenverursachung Haupt- und Nebenkostenstellen nach Anlage 2 zu bilden. Betreiber von örtlichen Verteilernetzen sind verpflichtet, jede Haupt- und Nebenkostenstelle zusätzlich nach Ortstransportleitungen und Ortsverteilernetz zu unterteilen. Die Netzkosten nach § 4 sind vollständig auf die Kostenstellen nach Anlage 2 zu verteilen. Die Bildung von Hilfskostenstellen ist zulässig.</P></Content></text></textdaten></norm>
<norm builddate="20231229213635" doknr="BJNR219700005BJNG000500000"><metadaten><jurabk>GasNEV</jurabk><gliederungseinheit><gliederungskennzahl>020030</gliederungskennzahl><gliederungsbez>Abschnitt 3</gliederungsbez><gliederungstitel>Kostenträgerrechnung</gliederungstitel></gliederungseinheit></metadaten><textdaten><text format="XML"><Content><P/></Content></text></textdaten></norm>
<norm builddate="20231229213635" doknr="BJNR219700005BJNE001503310"><metadaten><jurabk>GasNEV</jurabk><enbez>§ 13</enbez><titel format="XML">Grundsätze der Entgeltermittlung</titel></metadaten><textdaten><text format="XML"><Content><P>(1) Grundlage des Systems der Entgeltbildung für den Netzzugang ist das Netzzugangsmodell nach § 20 Abs. 1b des Energiewirtschaftsgesetzes.</P><P>(2) Die Ein- und Ausspeiseentgelte sind als Kapazitätsentgelte in Euro pro Kubikmeter pro Stunde pro Zeiteinheit oder in Kilowatt pro Zeiteinheit auszuweisen. Die Entgelte beziehen sich dabei in der Regel auf zwölf aufeinanderfolgende Monate. Darüber hinaus haben die Betreiber von Gasversorgungsnetzen Entgelte für monatliche, wöchentliche und tägliche Verträge sowie Jahresverträge mit abweichendem Laufzeitbeginn auf ihrer Internetseite zu veröffentlichen. Für die Umrechnung der Jahresleistungspreise in Leistungspreise für unterjährige Kapazitätsrechte (Monats-, Wochen- und Tagesleistungspreise) gilt § 50 Absatz 1 Nummer 4 der Gasnetzzugangsverordnung entsprechend.</P><P>(3) Die Unternehmen weisen Entgelte für feste und unterbrechbare Kapazitäten aus. Die Entgelte für unterbrechbare Kapazitäten müssen bei der Buchung die Wahrscheinlichkeit einer Unterbrechung angemessen widerspiegeln. Die Entgelte für sämtliche erforderliche Systemdienstleistungen sind in den Entgelten nach Absatz 1 enthalten. Entgelte für den Messstellenbetrieb, die Messung und die Abrechnung werden separat erhoben. Betreiber von Gasversorgungsnetzen sind verpflichtet, auf den Kundenrechnungen für die Netznutzung jenen Anteil in Prozent auszuweisen, den die Gesamtkosten für Systemdienstleistungen nach Satz 3 an den Netzkosten nach § 4 ausmachen.</P><P>(4) Die Netzbetreiber haben die Vorgehensweise bei der Bildung der Ein- und Ausspeiseentgelte zu dokumentieren; diese Dokumentation ist auf Verlangen der Regulierungsbehörde vorzulegen.</P></Content></text><fussnoten/></textdaten></norm>
<norm builddate="20231229213635" doknr="BJNR219700005BJNE001600000"><metadaten><jurabk>GasNEV</jurabk><enbez>§ 14</enbez><titel format="parat">Teilnetze</titel></metadaten><textdaten><text format="XML"><Content><P>(1) Soweit ein Betreiber von Gasversorgungsnetzen nach § 6 Abs. 5 der Gasnetzzugangsverordnung Teilnetze gebildet hat, hat er die nach § 4 ermittelten Netzkosten zunächst den einzelnen Teilnetzen zuzuordnen. Die Zuordnung kann durch eine sachgerechte Schlüsselung erfolgen und ist zu dokumentieren.</P><P>(2) Die Ermittlung der Netzentgelte nach § 15 erfolgt getrennt für die einzelnen Teilnetze auf Basis der diesen Teilnetzen zugewiesenen Kosten. Nur einmal erbrachte Systemdienstleistungen nach § 5 Abs. 2 der Gasnetzzugangsverordnung dürfen bei der Nutzung mehrerer Teilnetze eines Netzbetreibers nicht mehrfach berechnet werden.</P></Content> </text></textdaten></norm>
<norm builddate="20231229213635" doknr="BJNR219700005BJNE001701308"><metadaten><jurabk>GasNEV</jurabk><enbez>§ 15</enbez><titel format="XML">Ermittlung der Netzentgelte</titel></metadaten><textdaten><text format="XML"><Content><P>(1) Die Netzkosten sind möglichst verursachungsgerecht zunächst in die Beträge aufzuteilen, die durch Einspeiseentgelte einerseits und Ausspeiseentgelte andererseits zu decken sind. Es ist eine angemessene Aufteilung der Gesamtkosten zwischen den Ein- und Ausspeisepunkten zu gewährleisten. Die Aufteilung der Kosten und Änderung der Aufteilung haben Betreiber von Gasversorgungsnetzen der Regulierungsbehörde jeweils unverzüglich anzuzeigen und ihr in einer für sachkundige Dritte nachvollziehbaren Weise zu begründen.</P><P>(2) Die Bildung der Einspeiseentgelte erfolgt durch den Netzbetreiber möglichst verursachungsgerecht nach anerkannten betriebswirtschaftlichen Verfahren, soweit die Regulierungsbehörde nach § 30 Abs. 2 Nr. 7 nicht ein oder mehrere derartige Verfahren vorgibt. Dabei sind folgende Anforderungen zu erfüllen: <DL Font="normal" Type="arabic"><DT>1.</DT><DD Font="normal"><LA Size="normal">Gewährleistung der Versorgungssicherheit und des sicheren Betriebs der Netze,</LA></DD><DT>2.</DT><DD Font="normal"><LA Size="normal">Beachtung der Diskriminierungsfreiheit,</LA></DD><DT>3.</DT><DD Font="normal"><LA Size="normal">Setzen von Anreizen für eine effiziente Nutzung der vorhandenen Kapazitäten im Leitungsnetz.</LA></DD></DL>Zur Ermittlung von Anreizmöglichkeiten im Sinne des Satzes 2 Nr. 3 hat der Netzbetreiber in Vorbereitung der Entgeltbildung für die Einspeisepunkte eine Lastflusssimulation nach dem Stand der Technik durchzuführen, bei der insbesondere die unterschiedliche Belastung der Kapazitäten im Leitungsnetz durch die Nutzung alternativer Einspeisepunkte simuliert wird. Die Ergebnisse dieser Simulation sind vom Netzbetreiber zu dokumentieren; die Dokumentation ist der Regulierungsbehörde auf Verlangen vorzulegen.</P><P>(3) Die Bildung der Ausspeiseentgelte erfolgt möglichst verursachungsgerecht durch den Netzbetreiber auf Grundlage der nach Absatz 1 auf die Ausspeisepunkte umzulegenden Netzkosten nach anerkannten betriebswirtschaftlichen Verfahren. Dabei können auch die Lage der Ausspeisepunkte, deren Entfernung zu den Einspeisepunkten und die Druckstufe im Ausspeisepunkt Berücksichtigung finden. Im Übrigen gelten die Anforderungen nach Absatz 2 Satz 2 Nr. 1 bis 3 entsprechend.</P><P>(4) Die Entgelte für die einzelnen Ein- und Ausspeisepunkte werden grundsätzlich unabhängig voneinander gebildet. Die Entgelte an den einzelnen Ausspeisepunkten sollen in angemessenem Verhältnis zueinander stehen. Unbeschadet dieser Regelung sind für Gruppen von Ein- oder Ausspeisepunkten einheitliche Entgelte zu bilden, soweit die Kapazitätsnutzung an unterschiedlichen Punkten innerhalb dieser Gruppe nicht zu erheblichen Unterschieden in der Belastung des Leitungsnetzes führt.</P><P>(5) Die Kalkulation der Netzentgelte ist so durchzuführen, dass nach dem Ende einer bevorstehenden Kalkulationsperiode die Differenz zwischen den aus den Netzentgelten tatsächlich erzielten Erlösen und den nach § 4 ermittelten und in der bevorstehenden Kalkulationsperiode zu deckenden Netzkosten möglichst gering ist. Dabei ist das Buchungsverhalten der Netznutzer, insbesondere hinsichtlich unterbrechbarer und unterjähriger Kapazitätsprodukte, zu berücksichtigen.</P><P>(6) Abweichend von den Absätzen 3 und 4 kann der Netzbetreiber auf Grundlage der nach Absatz 1 auf die Ausspeisepunkte umzulegenden Netzkosten einheitliche Ausspeiseentgelte bilden. Es kann dabei nach der Druckstufe oder dem Leitungsdurchmesser differenziert werden.</P><P>(7) Für leistungsgemessene Ausspeisepunkte sind jeweils getrennt nach Hoch-, Mittel- und Niederdruck ein Entgelt für den Messstellenbetrieb, ein Entgelt jeweils für die Messung und ein Entgelt für die Abrechnung festzulegen. Für Ausspeisepunkte ohne Leistungsmessung ist ebenfalls ein Entgelt für den Messstellenbetrieb ein Entgelt für die Messung und ein Entgelt für die Abrechnung festzulegen. Die Entgelte sind jeweils für jeden Ausspeisepunkt zu erheben. Die Mess- und Abrechnungsentgelte richten sich nach den Kosten, die den jeweiligen Kostenstellen zugeordnet sind und der Anzahl der entsprechenden Ausspeisepunkte.</P><P>(8) Andere als in dieser Verordnung genannte Entgelte sind nicht zulässig.</P></Content></text><fussnoten><Content><P>(+++ § 15 Abs. 7: Zur Anwendung vgl. § 7 Abs. 1 MessbG +++)</P></Content></fussnoten></textdaten></norm>
<norm builddate="20231229213635" doknr="BJNR219700005BJNE001800000"><metadaten><jurabk>GasNEV</jurabk><enbez>§ 16</enbez><titel format="parat">Verprobung</titel></metadaten><textdaten><text format="XML"><Content><P>(1) Netzbetreiber haben im Rahmen der Ermittlung der Netzentgelte sicherzustellen, dass ein zur Veröffentlichung stehendes Entgeltsystem geeignet ist, die nach § 4 ermittelten Kosten zu decken. Im Einzelnen ist sicherzustellen, dass die Anwendung des Entgeltsystems einen prognostizierten Erlös ergibt, welcher der Höhe nach den zu deckenden Kosten nach Satz 1 entspricht.</P><P>(2) Die Verprobungen nach Absatz 1 sind vom Netzbetreiber in einer für sachkundige Dritte nachvollziehbaren Weise schriftlich zu dokumentieren und in den Bericht nach § 28 aufzunehmen.</P></Content> </text></textdaten></norm>
<norm builddate="20231229213635" doknr="BJNR219700005BJNE001901377"><metadaten><jurabk>GasNEV</jurabk><enbez>§ 17</enbez><titel format="XML">(weggefallen)</titel></metadaten><textdaten><text format="XML"><Content><P/></Content></text><fussnoten/></textdaten></norm>
<norm builddate="20231229213635" doknr="BJNR219700005BJNE002001377"><metadaten><jurabk>GasNEV</jurabk><enbez>§ 18</enbez><titel format="XML">Besondere Regeln für örtliche Verteilernetze</titel></metadaten><textdaten><text format="XML"><Content><P>(1) Grundlage des Systems der Entgeltbildung für den Netzzugang zu örtlichen Verteilernetzen ist abweichend von den §§ 14 bis 16 ein transaktionsunabhängiges Punktmodell. Die für das jeweilige Verteilernetz nach § 4 ermittelten Netzkosten werden über ein jährliches Netzentgelt gedeckt. Für die Einspeisung von Gas in das örtliche Verteilernetz sind keine Netzentgelte zu entrichten.</P><P>(2) Die von den Netznutzern zu entrichtenden Netzentgelte sind ihrer Höhe nach unabhängig von der Druckstufe und von der räumlichen Entfernung zwischen dem Ort der Einspeisung des Gases und dem Ort der Entnahme. Sie sind verursachungsgerecht zu bilden.</P><P>(3) Das Netzentgelt pro Ausspeisepunkt besteht aus einem Jahresleistungspreis in Euro pro Kilowatt und einem Arbeitspreis in Cent pro Kilowattstunde. Das Jahresleistungsentgelt ist das Produkt aus dem jeweiligen Jahresleistungspreis und der Jahreshöchstleistung in Kilowatt der jeweiligen Entnahme im Abrechnungsjahr. Das Arbeitsentgelt ist das Produkt aus dem jeweiligen Arbeitspreis und der im Abrechnungsjahr jeweils entnommenen gaswirtschaftlichen Arbeit in Kilowattstunden.</P><P>(4) Für Entnahmen ohne Leistungsmessung ist anstelle des Leistungs- und Arbeitspreises ein Arbeitspreis in Cent pro Kilowattstunde festzulegen. Soweit zusätzlich ein monatlicher Grundpreis in Euro pro Monat festgelegt wird, haben Grundpreis und Arbeitspreis in angemessenem Verhältnis zueinander zu stehen. Das sich aus dem Grundpreis und dem Arbeitspreis ergebende Entgelt hat in einem angemessenen Verhältnis zu jenem Entgelt zu stehen, das bei einer leistungsgemessenen Entnahme auf Grundlage der Arbeits- und Leistungswerte nach dem Standardlastprofil des Netznutzers entstehen würde.</P><P>(5) Die Bildung der Netzentgelte erfolgt auf Grundlage der ermittelten Netzkosten verursachungsgerecht jeweils durch jeden Betreiber eines Gasverteilernetzes. Dabei sind die Kosten in einem angemessenen Verhältnis auf Leistung und Arbeit aufzuteilen. Die Leistungspreise können von der Jahreshöchstleistung und die Arbeitspreise von der Jahresarbeit abhängen.</P><P>(6) Die Kalkulation der Netzentgelte ist so durchzuführen, dass nach dem Ende einer bevorstehenden Kalkulationsperiode die Differenz zwischen den aus den Netzentgelten tatsächlich erzielten Erlösen und den nach § 4 ermittelten und in der bevorstehenden Kalkulationsperiode zu deckenden Netzkosten möglichst gering ist.</P><P>(7) Die Netzbetreiber haben die Vorgehensweise bei der Bildung der Netzentgelte vollständig und in für sachkundige Dritte nachvollziehbarer Weise zu dokumentieren und die Dokumentation auf Verlangen der Regulierungsbehörde vorzulegen.</P></Content></text><fussnoten/></textdaten></norm>
<norm builddate="20231229213635" doknr="BJNR219700005BJNE002101310"><metadaten><jurabk>GasNEV</jurabk><enbez>§ 19</enbez><titel format="XML">Besondere Regeln für Fernleitungsnetze</titel></metadaten><textdaten><text format="XML"><Content><P>(1) Bei Fernleitungsnetzen im Sinne des § 2 Nr. 3 erfolgt die Bildung der Ein- und Ausspeiseentgelte auf der Grundlage eines von der Regulierungsbehörde durchzuführenden Vergleichsverfahrens nach Maßgabe des § 26. Bis zur erstmaligen Bildung der Netzentgelte nach Satz 1 haben die Netzbetreiber die bis zum Inkrafttreten dieser Verordnung von ihnen angewandten Entgelte zu Grunde zu legen. Für die Einspeisung von Biogas ins Fernleitungsnetz sind keine Einspeiseentgelte zu entrichten.</P><P>(2) Bei der Bildung der Ein- und Ausspeiseentgelte sind die Anforderungen des § 15 Abs. 2 Satz 2 Nr. 1 bis 3 zu beachten. Die §§ 13 und 15 Abs. 4 finden entsprechende Anwendung.</P><P>(3) Ergibt der von der Regulierungsbehörde nach § 26 durchgeführte Vergleich, dass die Netzentgelte die Entgelte anderer strukturell vergleichbarer Netze oder Teilnetze in der Europäischen Union überschreiten, ohne dass dieses sachlich gerechtfertigt ist, ist der Netzbetreiber verpflichtet, seine Entgelte unverzüglich entsprechend anzupassen.</P></Content></text><fussnoten/></textdaten></norm>
<norm builddate="20231229213635" doknr="BJNR219700005BJNE002201377"><metadaten><jurabk>GasNEV</jurabk><enbez>§ 20</enbez><titel format="XML">Sonderformen der Netznutzung</titel></metadaten><textdaten><text format="XML"><Content><P>(1) Netzbetreiber können für bestimmte Ein- und Ausspeisepunkte neben den Ein- und Ausspeiseentgelten separate Kurzstreckenentgelte ausweisen, wenn hierdurch eine bessere Auslastung des Leitungsnetzes erreicht oder gesichert werden kann.</P><P>(2) Abweichend von § 18 kann der Betreiber eines Verteilernetzes in Einzelfällen zur Vermeidung eines Direktleitungsbaus ein gesondertes Netzentgelt auf Grundlage der konkret erbrachten gaswirtschaftlichen Leistung berechnen. Das gesonderte Netzentgelt nach Satz 1 ist der Regulierungsbehörde unverzüglich mitzuteilen.</P><P>(3) Die Vorgehensweise nach den Absätzen 1 und 2 ist vom Netzbetreiber in für sachkundige Dritte nachvollziehbarer Weise zu dokumentieren; die Dokumentation ist der Regulierungsbehörde auf Verlangen vorzulegen.</P><P>(4) Werden individuelle Netzentgelte nach den Absätzen 1 und 2 gebildet, sind diese in die Veröffentlichung der Netzentgelte aufzunehmen und der Regulierungsbehörde unverzüglich anzuzeigen.</P></Content></text><fussnoten/></textdaten></norm>
<norm builddate="20231229213635" doknr="BJNR219700005BJNE003902118"><metadaten><jurabk>GasNEV</jurabk><enbez>§ 20a</enbez></metadaten><textdaten><text format="XML"><Content><P>Transportkunden von Biogas erhalten vom Netzbetreiber, in dessen Netz sie unmittelbar Biogas einspeisen, ein pauschales Entgelt in Höhe von 0,007 Euro je Kilowattstunde eingespeisten Biogases für vermiedene Netzkosten für zehn Jahre ab Inbetriebnahme des jeweiligen Netzanschlusses für die Einspeisung von Biogas. Dies gilt unabhängig von der Netzebene, in die eingespeist wird. Die Höhe des pauschalierten Entgelts wird im Zuge des Monitorings nach § 35 Absatz 1 Nummer 7 des Energiewirtschaftsgesetzes überprüft.</P></Content></text><fussnoten/></textdaten></norm>
<norm builddate="20231229213635" doknr="BJNR219700005BJNE004002301"><metadaten><jurabk>GasNEV</jurabk><enbez>§ 20b</enbez></metadaten><textdaten><text format="XML"><Content><P>Die Kosten <DL Type="Dash"><DT>–</DT><DD Font="normal"><LA>für den effizienten Netzanschluss sowie für die Wartung und den Betrieb gemäß § 33 Absatz 2, die Maßnahmen gemäß § 33 Absatz 10 sowie die Maßnahmen gemäß § 34 Absatz 2 der Gasnetzzugangsverordnung,</LA></DD><DT>–</DT><DD Font="normal"><LA>für den erweiterten Bilanzausgleich gemäß § 35 der Gasnetzzugangsverordnung abzüglich der vom Bilanzkreisverantwortlichen gemäß § 35 Absatz 8 der Gasnetzzugangsverordnung zu zahlenden Pauschale,</LA></DD><DT>–</DT><DD Font="normal"><LA>gemäß § 36 Absatz 3 und 4 der Gasnetzzugangsverordnung,</LA></DD><DT>–</DT><DD Font="normal"><LA>für die vom Netzbetreiber gemäß § 20a an den Transportkunden von Biogas zu zahlenden Entgelte für vermiedene Netzkosten</LA></DD></DL>werden bundesweit umgelegt.</P></Content></text><fussnoten/></textdaten></norm>
<norm builddate="20231229213635" doknr="BJNR219700005BJNE002302377"><metadaten><jurabk>GasNEV</jurabk><enbez>§ 21</enbez><titel format="XML">Netzentgeltbildung bei Anreizregulierung</titel></metadaten><textdaten><text format="XML"><Content><P>(1) Soweit die Kosten einer Regulierung nach der Anreizregulierungsverordnung unterliegen, werden die Entgelte für den Zugang zu den Energieversorgungsnetzen aus den nach § 32 Absatz 1 Nummer 1 der Anreizregulierungsverordnung festgelegten Erlösobergrenzen ermittelt. Dies erfolgt entsprechend den Vorschriften der §§ 11 bis 16 und 18 bis 20b.</P><P>(2) Der Netzbetreiber ist verpflichtet, bei einer Anpassung der Erlösobergrenze nach § 4 Absatz 3 und 5 der Anreizregulierungsverordnung die Netzentgelte anzupassen, soweit sich daraus nach Absatz 1 eine Absenkung der Netzentgelte ergibt. Im Übrigen ist er bei einer Anpassung der Erlösobergrenze nach § 4 Absatz 3 bis 5 der Anreizregulierungsverordnung zur Anpassung der Netzentgelte berechtigt.</P><P>(3) Die Anpassung der Netzentgelte nach Absatz 2 erfolgt zum 1. Januar eines Kalenderjahres. Vorgelagerte Netzbetreiber haben die Höhe der geplanten Anpassung der Netzentgelte den nachgelagerten Netzbetreibern rechtzeitig vor dem Zeitpunkt nach Satz 1 mitzuteilen.</P></Content></text><fussnoten/></textdaten></norm>
<norm builddate="20231229213635" doknr="BJNR219700005BJNG000601377"><metadaten><jurabk>GasNEV</jurabk><gliederungseinheit><gliederungskennzahl>030</gliederungskennzahl><gliederungsbez>Teil 3</gliederungsbez><gliederungstitel>(weggefallen)</gliederungstitel></gliederungseinheit></metadaten><textdaten><text format="XML"><Content><P/></Content></text><fussnoten/></textdaten></norm>
<norm builddate="20231229213635" doknr="BJNR219700005BJNE002401377"><metadaten><jurabk>GasNEV</jurabk><enbez>(XXXX) §§ 22 bis 26</enbez><titel format="XML">(weggefallen)</titel></metadaten><textdaten><text format="XML"><Content><P/></Content></text><fussnoten/></textdaten></norm>
<norm builddate="20231229213635" doknr="BJNR219700005BJNG000900000"><metadaten><jurabk>GasNEV</jurabk><gliederungseinheit><gliederungskennzahl>040</gliederungskennzahl><gliederungsbez>Teil 4</gliederungsbez><gliederungstitel>Pflichten der Netzbetreiber</gliederungstitel></gliederungseinheit></metadaten><textdaten><text format="XML"><Content><P/></Content></text></textdaten></norm>
<norm builddate="20231229213635" doknr="BJNR219700005BJNE002902377"><metadaten><jurabk>GasNEV</jurabk><enbez>§ 27</enbez><titel format="XML">(weggefallen)</titel></metadaten><textdaten><text format="XML"><Content><P/></Content></text><fussnoten/></textdaten></norm>
<norm builddate="20231229213635" doknr="BJNR219700005BJNE003001310"><metadaten><jurabk>GasNEV</jurabk><enbez>§ 28</enbez><titel format="XML">Dokumentation</titel></metadaten><textdaten><text format="XML"><Content><P>(1) Betreiber von Gasversorgungsnetzen haben unverzüglich einen Bericht über die Ermittlung der Netzentgelte nach den Sätzen 2 und 3 zu erstellen. Der Bericht muss enthalten: <DL Font="normal" Type="arabic"><DT>1.</DT><DD Font="normal"><LA Size="normal">eine Darlegung der Kosten- und Erlöslage der abgeschlossenen Kalkulationsperiode,</LA></DD><DT>2.</DT><DD Font="normal"><LA Size="normal">eine vollständige Darstellung der Grundlagen und des Ablaufs der Ermittlung der Netzentgelte nach § 3 sowie sonstiger Aspekte, die aus Sicht des Betreibers von Gasversorgungsnetzen für die Netzentgelte von Relevanz sind,</LA></DD><DT>3.</DT><DD Font="normal"><LA Size="normal">die Höhe der von Betreibern von Gasversorgungsnetzen entrichteten Konzessionsabgaben jeweils pro Gemeinde und in Summe,</LA></DD><DT>4.</DT><DD Font="normal"><LA Size="normal">einen Anhang und</LA></DD><DT>5.</DT><DD Font="normal"><LA Size="normal">den vollständigen Prüfungsbericht des Wirtschaftsprüfers zum Jahresabschluss nebst allen Ergänzungsbänden.</LA></DD></DL>Die Angaben nach Satz 2 Nr. 1 und 2 müssen einen sachkundigen Dritten in die Lage versetzen, ohne weitere Informationen die Ermittlung der Netzentgelte vollständig nachzuvollziehen. Der Bericht ist zehn Jahre aufzubewahren.</P><P>(2) Der zu dem Bericht nach Absatz 1 Satz 2 Nr. 4 zu erstellende Anhang muss enthalten: <DL Font="normal" Type="arabic"><DT>1.</DT><DD Font="normal"><LA Size="normal">die für die Abrechnung der Netzentgelte relevante Absatzstruktur des Netzgebietes,</LA></DD><DT>2.</DT><DD Font="normal"><LA Size="normal">den Betriebsabrechnungsbogen des Netzbetriebs,</LA></DD><DT>3.</DT><DD Font="normal"><LA Size="normal">die nach § 4 Abs. 4 dokumentierten Schlüssel sowie deren Änderung,</LA></DD><DT>4.</DT><DD Font="normal"><LA Size="normal">die nach § 10 errechneten Differenzbeträge und</LA></DD><DT>5.</DT><DD Font="normal"><LA Size="normal">die nach § 11 dokumentierten Schlüssel sowie deren Änderung.</LA></DD></DL></P><P>(3) Für Betreiber von Fernleitungsnetzen, die ihre Entgelte nach § 19 bilden, gelten abweichend von den Absätzen 1 und 2 nur Absatz 1 Satz 2 Nr. 1 im Hinblick auf die Erlöslage der abgeschlossenen Kalkulationsperiode und Nummer 2.</P></Content></text><fussnoten/></textdaten></norm>
<norm builddate="20231229213635" doknr="BJNR219700005BJNE003100000"><metadaten><jurabk>GasNEV</jurabk><enbez>§ 29</enbez><titel format="parat">Mitteilungen gegenüber der Regulierungsbehörde</titel></metadaten><textdaten><text format="XML"><Content><P>Die Regulierungsbehörde kann zur Vereinfachung des Verfahrens durch Festlegung nach § 29 Abs. 1 des Energiewirtschaftsgesetzes Entscheidungen treffen zu Umfang, Zeitpunkt und Form der ihr zu übermittelnden Informationen, insbesondere zu den zulässigen Datenträgern und Übertragungswegen.</P></Content></text></textdaten></norm>
<norm builddate="20231229213635" doknr="BJNR219700005BJNG001000000"><metadaten><jurabk>GasNEV</jurabk><gliederungseinheit><gliederungskennzahl>050</gliederungskennzahl><gliederungsbez>Teil 5</gliederungsbez><gliederungstitel>Sonstige Bestimmungen</gliederungstitel></gliederungseinheit></metadaten><textdaten><text format="XML"><Content><P/></Content></text></textdaten></norm>
<norm builddate="20231229213635" doknr="BJNR219700005BJNE003203377"><metadaten><jurabk>GasNEV</jurabk><enbez>§ 30</enbez><titel format="XML">Festlegungen der Regulierungsbehörde</titel></metadaten><textdaten><text format="XML"><Content><P>(1) Zur Verwirklichung eines effizienten Netzzugangs und der in § 1 Abs. 1 des Energiewirtschaftsgesetzes genannten Zwecke kann die Regulierungsbehörde unter Beachtung der Anforderungen eines sicheren Netzbetriebs Entscheidungen durch Festlegung nach § 29 Abs. 1 des Energiewirtschaftsgesetzes treffen über <DL Font="normal" Type="arabic"><DT>1.</DT><DD Font="normal"><LA Size="normal">die Schlüsselung der Gemeinkosten nach § 4 Abs. 4 sowie die Schlüsselung bei der Bildung von Teilnetzen nach § 14 Abs. 1,</LA></DD><DT>2.</DT><DD Font="normal"><LA Size="normal">die Aufschlüsselung der Positionen der Gewinn- und Verlustrechnungen nach § 5 und</LA></DD><DT>3.</DT><DD Font="normal"><LA Size="normal">zusätzliche Anforderungen an die Struktur und Inhalt des Berichts nach § 28 und dessen Anhang.</LA></DD></DL></P><P>(2) Die Regulierungsbehörde kann ferner Festlegungen treffen zur Gewährleistung <DL Font="normal" Type="arabic"><DT>1.</DT><DD Font="normal"><LA Size="normal">der Zulässigkeit außerordentlicher Aufwendungen und Erträge sowie einer sachgerechten Verteilung dieser außerordentlichen Aufwendungen und Erträge auf mehrere Kalkulationsperioden nach § 4 Abs. 7, falls diese Aufwendungen und Erträge die Kosten der nächsten Kalkulationsperiode spürbar beeinflussen würden,</LA></DD><DT>2.</DT><DD Font="normal"><LA Size="normal">einer sachgerechten Gewichtung der bei der Ermittlung der Tagesneuwerte anzuwendenden Indexreihen, soweit § 6a Mischindizes vorsieht, insbesondere, um Produktivitätsfortschritte in den relevanten Wirtschaftsbereichen zu berücksichtigen,</LA></DD><DT>3.</DT><DD Font="normal"><LA Size="normal">einer sachgerechten Ermittlung der kalkulatorischen Steuern nach § 8,</LA></DD><DT>4.</DT><DD Font="normal"><LA Size="normal">der Angemessenheit des Zinssatzes nach § 10,</LA></DD><DT>5.</DT><DD Font="normal"><LA Size="normal">sachgerechter Kostenstellen nach § 12 in Abweichung von Anlage 2,</LA></DD><DT>6.</DT><DD Font="normal"><LA Size="normal">einer sachgerechten Aufteilung der Kosten auf Ein- und Ausspeiseentgelte nach § 15 Abs. 1,</LA></DD><DT>7.</DT><DD Font="normal"><LA Size="normal">einer sachgerechten Ermittlung der Netzentgelte nach § 15 Abs. 2 bis 7, einschließlich anzuwendender betriebswirtschaftlicher Verfahren, nach § 18 Abs. 2 bis 5 und nach § 20 Abs. 1 und 2,</LA></DD><DT>8.</DT><DD Font="normal"><LA Size="normal">sachgerechter Entgelte in Abweichung von § 15 Abs. 8,</LA></DD><DT>9.</DT><DD Font="normal"><LA Size="normal">sachgerechter Anlagengruppen und Abschreibungszeiträume in Abweichung von Anlage 1 und</LA></DD><DT>10.</DT><DD Font="normal"><LA Size="normal">einer sachgerechten Durchführung der Kosten- oder Entgeltwälzung.</LA></DD></DL></P><P>(3) (weggefallen)</P></Content></text><fussnoten/></textdaten></norm>
<norm builddate="20231229213635" doknr="BJNR219700005BJNE003302377"><metadaten><jurabk>GasNEV</jurabk><enbez>§ 31</enbez><titel format="XML">Ordnungswidrigkeiten</titel></metadaten><textdaten><text format="XML"><Content><P>Ordnungswidrig im Sinne des § 95 Abs. 1 Nr. 5 Buchstabe a des Energiewirtschaftsgesetzes handelt, wer vorsätzlich oder fahrlässig <DL Font="normal" Type="arabic"><DT>1.</DT><DD Font="normal"><LA Size="normal">entgegen § 4 Abs. 4 Satz 4 oder 6, § 11 Satz 4 oder 7 oder § 16 Abs. 2 eine Dokumentation nicht, nicht richtig, nicht vollständig oder nicht in der vorgeschriebenen Weise vornimmt oder</LA></DD><DT>2.</DT><DD Font="normal"><LA Size="normal">(weggefallen)</LA></DD><DT>3.</DT><DD Font="normal"><LA Size="normal">entgegen § 28 Abs. 1 Satz 1 einen Bericht nicht, nicht richtig, nicht vollständig oder nicht rechtzeitig erstellt.</LA></DD></DL></P></Content></text><fussnoten/></textdaten></norm>
<norm builddate="20231229213635" doknr="BJNR219700005BJNE003404377"><metadaten><jurabk>GasNEV</jurabk><enbez>§ 32</enbez><titel format="XML">Übergangsregelungen</titel></metadaten><textdaten><text format="XML"><Content><P>(1) Zur erstmaligen Ermittlung der Netzentgelte nach Absatz 2 sind die kalkulatorischen Restwerte des Sachanlagevermögens für den eigenfinanzierten Anteil auf Tagesneuwertbasis nach § 6 Abs. 3, für den fremdfinanzierten Anteil anschaffungsorientiert zu bestimmen und anlagenscharf zu dokumentieren. Dabei sind die seit Inbetriebnahme der Sachanlagegüter der kalkulatorischen Abschreibung tatsächlich zu Grunde gelegten Nutzungsdauern heranzuziehen. Soweit vor dem Inkrafttreten dieser Verordnung keine kostenbasierten Preise gefordert worden sind, wird vermutet, dass der kalkulatorischen Abschreibung des Sachanlagevermögens die unteren Werte der in Anlage 1 genannten Spannen von Nutzungsdauern zu Grunde gelegt worden sind, es sei denn, der Betreiber des Gasversorgungsnetzes weist etwas anderes nach.</P><P>(2) § 3 Abs. 3 ist erst ab dem 1. Januar 2006 anzuwenden.</P><P>(3) Die Regulierungsbehörde kann beim Genehmigungsantrag für das letzte der Anreizregulierung vorangehende Kalenderjahr auf zusätzliche oder neue Unterlagen gegenüber dem letzten geprüften Antrag verzichten, wenn Netzbetreiber, die am vereinfachten Verfahren nach § 24 der Anreizregulierungsverordnung teilnehmen können, den hierzu erforderlichen Antrag rechtzeitig gestellt haben und für das letzte der Anreizregulierung vorangehende Kalenderjahr keine Erhöhung der Netzentgelte begehren.</P><P>(4) Die Ermittlung der Tagesneuwerte nach § 6 Absatz 3 Satz 2 erfolgt ab dem 1. Januar 2013 unter Anwendung der Indexreihen des Statistischen Bundesamtes gemäß § 6a.</P><P>(5) Die Verzinsung des die Eigenkapitalquote im Sinne des § 7 Absatz 1 Satz 5 übersteigenden Anteils des Eigenkapitals erfolgt ab dem 1. Januar 2013 nach § 7 Absatz 7.</P><P>(6) Der Zinssatz für den die Eigenkapitalquote übersteigenden Anteil des Eigenkapitals nach § 7 Absatz 1 Satz 5 bestimmt sich bis zum Ende der dritten Regulierungsperiode nach § 7 Absatz 7 in der bis zum 31. Juli 2021 geltenden Fassung.</P></Content></text><fussnoten/></textdaten></norm>
<norm builddate="20231229213635" doknr="BJNR219700005BJNE003500000"><metadaten><jurabk>GasNEV</jurabk><enbez>§ 33</enbez><titel format="parat">Inkrafttreten</titel></metadaten><textdaten><text format="XML"><Content><P>Die Verordnung tritt am Tage nach der Verkündung in Kraft.</P></Content></text></textdaten></norm>
<norm builddate="20231229213635" doknr="BJNR219700005BJNE003600000"><metadaten><jurabk>GasNEV</jurabk><enbez>Schlussformel</enbez></metadaten><textdaten><text format="XML"><Content><P>Der Bundesrat hat zugestimmt.</P></Content></text></textdaten></norm>
<norm builddate="20231229213635" doknr="BJNR219700005BJNE003700000"><metadaten><jurabk>GasNEV</jurabk><enbez>Anlage 1</enbez><titel format="XML">(zu § 6 Abs. 5 Satz 1)
<BR/>
Betriebsgewöhnliche Nutzungsdauern von Anlagegütern in der Gasversorgung</titel></metadaten><textdaten><text format="XML"><Content><P><ABWFORMAT typ="A"/><kommentar typ="Fundstelle">(Fundstelle des Originaltextes: BGBl. I 2005, 2207 - 2208)</kommentar><BR/><table frame="top"><tgroup cols="4" colsep="0" rowsep="0"><colspec colname="col1" colnum="1" colwidth="50"/><colspec colname="col2" colnum="2" colwidth="20"/><colspec colname="col3" colnum="3" colwidth="400"/><colspec align="right" colname="col4" colnum="4" colwidth="100"/><tbody valign="top"><row rowsep="1"><entry align="center" nameend="col3" namest="col1">Anlagengruppen</entry><entry>Jahre</entry></row><row><entry morerows="14"><B>I.</B></entry><entry nameend="col4" namest="col2"><B>Allgemeine Anlagen</B></entry></row><row><entry>1.</entry><entry>Grundstücke</entry><entry>-</entry></row><row><entry>2.</entry><entry>Grundstücksanlagen, Bauten für Transportwesen</entry><entry>25-35</entry></row><row><entry>3.</entry><entry>Betriebsgebäude</entry><entry>50-60</entry></row><row><entry>4.</entry><entry>Verwaltungsgebäude</entry><entry>60-70</entry></row><row><entry>5.</entry><entry>Gleisanlagen, Eisenbahnwagen</entry><entry>23-27</entry></row><row><entry>6.</entry><entry>Geschäftsausstattung (ohne EDV, Werkzeuge/Geräte); Vermittlungseinrichtungen</entry><entry>8-10</entry></row><row><entry>7.</entry><entry>Werkzeuge/Geräte</entry><entry>14-18</entry></row><row><entry>8.</entry><entry>Lagereinrichtung</entry><entry>14-25</entry></row><row><entry morerows="2">9.</entry><entry>EDV-Anlagen</entry><entry> </entry></row><row><entry>9.1 Hardware</entry><entry>4-8</entry></row><row><entry>9.2 Software</entry><entry>3-5</entry></row><row><entry morerows="2">10.</entry><entry>Fahrzeuge</entry><entry> </entry></row><row><entry>10.1 Leichtfahrzeuge</entry><entry>5</entry></row><row><entry>10.2 Schwerfahrzeuge</entry><entry>8</entry></row><row><entry> </entry><entry> </entry><entry> </entry><entry> </entry></row><row><entry><B>II.</B></entry><entry nameend="col3" namest="col2"><B>Gasbehälter</B></entry><entry>45-55</entry></row><row><entry> </entry><entry> </entry><entry> </entry><entry> </entry></row><row><entry morerows="8"><B>III.</B></entry><entry nameend="col4" namest="col2"><B>Erdgasverdichteranlagen</B></entry></row><row><entry>1.</entry><entry>Erdgasverdichtung</entry><entry>25</entry></row><row><entry>2.</entry><entry>Gasreinigungsanlage</entry><entry>25</entry></row><row><entry>3.</entry><entry>Piping und Armaturen</entry><entry>25</entry></row><row><entry>4.</entry><entry>Gasmessanlage</entry><entry>25</entry></row><row><entry>5.</entry><entry>Sicherheitseinrichtungen</entry><entry>25</entry></row><row><entry>6.</entry><entry>Leit- und Energietechnik</entry><entry>20</entry></row><row><entry>7.</entry><entry>Nebenanlagen</entry><entry>25</entry></row><row><entry>8.</entry><entry>Gebäude, Verkehrswege</entry><entry>siehe I.2 und I.3</entry></row><row><entry> </entry><entry> </entry><entry> </entry><entry> </entry></row><row><entry morerows="11"><B>IV.</B></entry><entry nameend="col4" namest="col2"><B>Rohrleitungen/Hausanschlussleitungen</B></entry></row><row><entry morerows="3">1.</entry><entry nameend="col4" namest="col3">Stahlleitungen</entry></row><row><entry>1.1 PE ummantelt</entry><entry>45-55</entry></row><row><entry>1.2 kathodisch geschützt</entry><entry>55-65</entry></row><row><entry>1.3 bituminiert</entry><entry>45-55</entry></row><row><entry>2.</entry><entry>Grauguss (&gt; DN 150)</entry><entry>45-55</entry></row><row><entry>3.</entry><entry>Duktiler Guss</entry><entry>45-55</entry></row><row><entry>4.</entry><entry>Polyethylen (PE-HD)</entry><entry>45-55</entry></row><row><entry>5.</entry><entry>Polyvenylchlorid (PVC)</entry><entry>30-40</entry></row><row><entry>6.</entry><entry>Armaturen/Armaturenstationen</entry><entry>45</entry></row><row><entry>7.</entry><entry>Molchschleusen</entry><entry>45</entry></row><row><entry>8.</entry><entry>Sicherheitseinrichtungen</entry><entry>45</entry></row><row><entry> </entry><entry> </entry><entry> </entry><entry> </entry></row><row><entry morerows="9"><B>V.</B></entry><entry nameend="col4" namest="col2"><B>Mess-, Regel- und Zähleranlagen</B></entry></row><row><entry>1.</entry><entry>Gaszähler der Verteilung</entry><entry>8-16</entry></row><row><entry>2.</entry><entry>Hausdruckregler/Zählerregler</entry><entry>15-25</entry></row><row><entry>3.</entry><entry>Messeinrichtung</entry><entry>45</entry></row><row><entry>4.</entry><entry>Regeleinrichtung</entry><entry>45</entry></row><row><entry>5.</entry><entry>Sicherheitseinrichtungen</entry><entry>20-30</entry></row><row><entry>6.</entry><entry>Leit- und Energietechnik</entry><entry>10-30</entry></row><row><entry>7.</entry><entry>Verdichter in Gasmischanlagen je nach Einsatzdauer</entry><entry>15-30</entry></row><row><entry>8.</entry><entry>Nebenanlagen</entry><entry>15-30</entry></row><row><entry>9.</entry><entry>Gebäude</entry><entry>60</entry></row><row><entry> </entry><entry> </entry><entry> </entry><entry> </entry></row><row><entry><B>VI.</B></entry><entry nameend="col3" namest="col2"><B>Fernwirkanlagen</B></entry><entry>15-20</entry></row></tbody></tgroup></table></P></Content></text></textdaten></norm>
<norm builddate="20231229213635" doknr="BJNR219700005BJNE003801308"><metadaten><jurabk>GasNEV</jurabk><enbez>Anlage 2</enbez><titel format="XML">(zu § 12 Satz 1)<BR/>Haupt- und Nebenkostenstellen</titel></metadaten><textdaten><text format="XML"><Content><P><ABWFORMAT typ="A"/><kommentar typ="Fundstelle">Fundstelle des Originaltextes: BGBl. I 2005, 2209</kommentar><DL Font="normal" Type="arabic"><DT>1.</DT><DD Font="normal"><LA Size="normal">Hauptkostenstelle &quot;Systemdienstleistungen&quot;</LA></DD><DT>2.</DT><DD Font="normal"><LA Size="normal">Hauptkostenstelle &quot;Hochdrucknetz&quot;<DL Font="normal" Type="arabic"><DT>2.1</DT><DD Font="normal"><LA Size="normal">Nebenkostenstelle &quot;Hochdruckleitungsnetz&quot;: Kosten der Hochdruckleitungen;</LA></DD><DT>2.2</DT><DD Font="normal"><LA Size="normal">Nebenkostenstelle &quot;Hochdruckanlagen&quot;: Kosten der Hochdruck-Übernahmestationen und -Regleranlagen, der Reduzier- und Verteilerstationen; anteilige Berücksichtigung der zu diesen Anlagen zugehörigen Sekundärtechnik, Gebäude und Grundstücke;</LA></DD><DT>2.3</DT><DD Font="normal"><LA Size="normal">Nebenkostenstelle &quot;Verdichteranlagen&quot;: Kosten der Verdichteranlagen; anteilige Berücksichtigung der zu diesen Anlagen zugehörigen Sekundärtechnik, Gebäude und Grundstücke.</LA></DD></DL></LA></DD><DT>3.</DT><DD Font="normal"><LA Size="normal">Hauptkostenstelle &quot;Mitteldrucknetz&quot;<DL Font="normal" Type="arabic"><DT>3.1</DT><DD Font="normal"><LA Size="normal">Nebenkostenstelle &quot;Mitteldruckleitungsnetz&quot;: Kosten der Mitteldruckleitungen;</LA></DD><DT>3.2</DT><DD Font="normal"><LA Size="normal">Nebenkostenstelle &quot;Mitteldruckanlagen&quot;: Kosten der Mitteldruck-Übernahmestationen und -Regleranlagen, der Reduzier- und Verteilerstationen; anteilige Berücksichtigung der zu diesen Anlagen zugehörigen Sekundärtechnik, Gebäude und Grundstücke;</LA></DD><DT>3.3</DT><DD Font="normal"><LA Size="normal">Nebenkostenstelle &quot;Verdichteranlagen&quot;: Kosten der Verdichteranlagen; anteilige Berücksichtigung der zu diesen Anlagen zugehörigen Sekundärtechnik, Gebäude und Grundstücke.</LA></DD></DL></LA></DD><DT>4.</DT><DD Font="normal"><LA Size="normal">Hauptkostenstelle &quot;Niederdrucknetz&quot;<DL Font="normal" Type="arabic"><DT>4.1</DT><DD Font="normal"><LA Size="normal">Nebenkostenstelle &quot;Niederdruckleitungsnetz&quot;: Kosten der Niederdruckleitungen;</LA></DD><DT>4.2</DT><DD Font="normal"><LA Size="normal">Nebenkostenstelle &quot;Niederdruckanlagen&quot;: Kosten der Niederdruck-Übernahmestationen und -Regleranlagen, der Reduzier- und Verteilerstationen; anteilige Berücksichtigung der zu diesen Anlagen zugehörigen Sekundärtechnik, Gebäude und Grundstücke;</LA></DD><DT>4.3</DT><DD Font="normal"><LA Size="normal">Nebenkostenstelle &quot;Anlagen der Öffentlichen Beleuchtung&quot;: Kosten der Anlagen der öffentlichen Beleuchtung;</LA></DD><DT>4.4</DT><DD Font="normal"><LA Size="normal">Nebenkostenstelle &quot;Hausanschlussleitungen und Hausanschlüsse&quot;: Kosten der Erstellung von Hausanschlüssen und Hausanschlussleitungen.</LA></DD></DL></LA></DD><DT>5.</DT><DD Font="normal"><LA Size="normal">Hauptkostenstelle &quot;Messung&quot;:<DL Font="normal" Type="arabic"><DT>5.1</DT><DD Font="normal"><LA Size="normal">Nebenkostenstelle &quot;Messung Hochdruckleitungsnetz&quot;;</LA></DD><DT>5.2</DT><DD Font="normal"><LA Size="normal">Nebenkostenstelle &quot;Messung Mitteldruckleitungsnetz&quot;;</LA></DD><DT>5.3</DT><DD Font="normal"><LA Size="normal">Nebenkostenstelle &quot;Messung Niederdruckleitungsnetz&quot;.</LA></DD></DL></LA></DD><DT>5a.</DT><DD Font="normal"><LA Size="normal">Hauptkostenstelle „Messstellenbetrieb“ <DL Font="normal" Type="arabic"><DT>5a.1</DT><DD Font="normal"><LA Size="normal">Nebenkostenstelle „Messstellenbetrieb Hochdruckleitungsnetz“;</LA></DD><DT>5a.2</DT><DD Font="normal"><LA Size="normal">Nebenkostenstelle „Messstellenbetrieb Mitteldruckleitungsnetz“;</LA></DD><DT>5a.3</DT><DD Font="normal"><LA Size="normal">Nebenkostenstelle „Messstellenbetrieb Niederdruckleitungsnetz“.</LA></DD></DL></LA></DD><DT>6.</DT><DD Font="normal"><LA Size="normal">Hauptkostenstelle &quot;Abrechnung&quot;: Kosten der kaufmännischen Bearbeitung der Zählerdaten; Kosten der Beibringung fälliger Entgelte für die Netznutzung und Abrechnung;<DL Font="normal" Type="arabic"><DT>6.1</DT><DD Font="normal"><LA Size="normal">Nebenkostenstelle &quot;Abrechnung Hochdruckleitungsnetz&quot;;</LA></DD><DT>6.2</DT><DD Font="normal"><LA Size="normal">Nebenkostenstelle &quot;Abrechnung Mitteldruckleitungsnetz&quot;;</LA></DD><DT>6.3</DT><DD Font="normal"><LA Size="normal">Nebenkostenstelle &quot;Abrechnung Niederdruckleitungsnetz&quot;.</LA></DD></DL></LA></DD></DL></P></Content></text><fussnoten/></textdaten></norm>
</dokumente>