<?xml version="1.0" encoding="UTF-8" ?><!DOCTYPE dokumente SYSTEM "http://www.gesetze-im-internet.de/dtd/1.01/gii-norm.dtd">
<dokumente builddate="20180116214008" doknr="BJNR009120898"><norm builddate="20180116214008" doknr="BJNR009120898"><metadaten><jurabk>BGBABest 1898</jurabk><ausfertigung-datum manuell="ja">1898-06-16</ausfertigung-datum><fundstelle typ="amtlich"><periodikum>RGBl</periodikum><zitstelle>1898, 912</zitstelle></fundstelle><langue>Bekanntmachung betreffend Ausführungsbestimmungen zu den §§ 980, 981,
983 des Bürgerlichen Gesetzbuchs</langue></metadaten><textdaten><text format="XML"><Content><P/></Content></text><fussnoten><Content><P>(+++ Textnachweis Geltung ab: 1.1.1964 +++)</P></Content></fussnoten></textdaten></norm>
<norm builddate="20180116214008" doknr="BJNR009120898BJNE000100313"><metadaten><jurabk>BGBABest 1898</jurabk><enbez>Eingangsformel</enbez></metadaten><textdaten><text format="XML"><Content><P>Auf Grund der §§ 982, 983 des Bürgerlichen Gesetzbuchs hat der Bundesrat folgende <DL Font="normal" Type="arabic"><DT/><DD Font="normal"><LA Size="normal">Vorschriften über die in Fundsachen usw. von <I>Reichsbehörden</I> und <I>Reichsanstalten</I> zu erlassenden Bekanntmachungen</LA></DD> </DL>beschlossen:</P></Content></text></textdaten></norm>
<norm builddate="20180116214008" doknr="BJNR009120898BJNE000200313"><metadaten><jurabk>BGBABest 1898</jurabk><enbez>§ 1</enbez></metadaten><textdaten><text format="XML"><Content><P>(1) Die nach den §§ 980, 981, 983 des Bürgerlichen Gesetzbuchs von <I>Reichsbehörden</I> und <I>Reichsanstalten</I> zu erlassenden Bekanntmachungen erfolgen durch Aushang an der Amtsstelle oder, wenn für Bekanntmachungen der bezeichneten Art eine andere Stelle bestimmt ist, durch Aushang an dieser Stelle. Zwischen dem Tage, an welchem der Aushang bewirkt, und dem Tage, an welchem das ausgehängte Schriftstück wieder abgenommen wird, soll ein Zeitraum von mindestens sechs Wochen liegen; auf die Gültigkeit der Bekanntmachung hat es keinen Einfluß, wenn das Schriftstück von dem Orte des Aushangs zu früh entfernt wird.</P><P>(2) Die Behörde oder die Anstalt kann weitere Bekanntmachungen, insbesondere durch Einrückung in öffentliche Blätter, veranlassen.</P></Content></text></textdaten></norm>
<norm builddate="20180116214008" doknr="BJNR009120898BJNE000300313"><metadaten><jurabk>BGBABest 1898</jurabk><enbez>§ 2</enbez></metadaten><textdaten><text format="XML"><Content><P>Die in der Bekanntmachung zu bestimmende Frist zur Anmeldung von Rechten muß mindestens sechs Wochen betragen. Die Frist beginnt mit dem Aushange, falls aber die Bekanntmachung auch durch Einrückung in öffentliche Blätter erfolgt, mit der letzten Einrückung.</P></Content></text></textdaten></norm>
</dokumente>