<?xml version="1.0" encoding="UTF-8" ?><!DOCTYPE dokumente SYSTEM "http://www.gesetze-im-internet.de/dtd/1.01/gii-norm.dtd">
<dokumente builddate="20120625145916" doknr="BJNR206650966"><norm builddate="20120625145916" doknr="BJNR206650966"><metadaten><jurabk>ERPWiPlanG 1966</jurabk><ausfertigung-datum manuell="ja">1966-08-11</ausfertigung-datum><fundstelle typ="amtlich"><periodikum>BGBl II</periodikum><zitstelle>1966, 665</zitstelle></fundstelle><kurzue>ERP-Wirtschaftsplangesetz 1966</kurzue><langue>Gesetz über die Feststellung des Wirtschaftsplans des ERP-Sondervermögens
für das Rechnungsjahr 1966</langue></metadaten><textdaten><text format="decorated"/></textdaten></norm>
</dokumente>