<?xml version="1.0" encoding="UTF-8" ?><!DOCTYPE dokumente SYSTEM "http://www.gesetze-im-internet.de/dtd/1.01/gii-norm.dtd">
<dokumente builddate="20240424214519" doknr="BJNR506020986"><norm builddate="20240424214519" doknr="BJNR506020986"><metadaten><jurabk>LuftVODV 96</jurabk><ausfertigung-datum manuell="ja">1986-03-12</ausfertigung-datum><fundstelle typ="amtlich"><periodikum>BAnz</periodikum><zitstelle>1986, Nr 60, 3814</zitstelle></fundstelle><fundstelle typ="amtlich"><periodikum>BAnz</periodikum><zitstelle>1986, 3814</zitstelle></fundstelle><langue>Sechsundneunzigste Durchführungsverordnung zur Luftverkehrs-Ordnung (Festlegung von Flugverfahren für Flüge nach Sichtflugregeln am Verkehrsflughafen Paderborn-Lippstadt)</langue></metadaten><textdaten><text format="decorated"/><fussnoten><Content><P>Wegen nicht darstellbarer Zeichen nur mit der Überschrift aufgenommen <BR/>Rückwirkend in Kraft durch Art. 3 Nr. 2 G v. 23.7.1992 I 1370 mWv 8.5.1986</P></Content></fussnoten></textdaten></norm>
</dokumente>