<?xml version="1.0" encoding="UTF-8" ?><!DOCTYPE dokumente SYSTEM "http://www.gesetze-im-internet.de/dtd/1.01/gii-norm.dtd">
<dokumente builddate="20120625150840" doknr="BJNR214580973"><norm builddate="20120625150840" doknr="BJNR214580973"><metadaten><jurabk>DtFrJWAbkÄndAbk</jurabk><ausfertigung-datum manuell="ja">1973-06-22</ausfertigung-datum><fundstelle typ="amtlich"><periodikum>BGBl II</periodikum><zitstelle>1973, 1458</zitstelle></fundstelle><langue>Abkommen zur Änderung des Abkommens vom 5. Juli 1963 zwischen der
Regierung der Bundesrepublik Deutschland und der Regierung der Französischen
Republik über die Errichtung des deutsch-französischen Jugendwerks</langue></metadaten><textdaten><text format="decorated"/><fussnoten><Content><P>Artikel 11 und 14 d. Abkommens gem. Bek. v. 16.8.1973 II 1458 in Kraft mWv 22.6.1973; <BR/>die übrigen Bestimmungen gem. Bek. v. 2.1.1974 II 73 mWv 1.1.1974 <BR/>Neufassung v. 25.11.1983 gem. Bek. v. 1.12.1983 II 1984, 121 mWv 1.1.1984</P></Content></fussnoten></textdaten></norm>
</dokumente>