<?xml version="1.0" encoding="UTF-8" ?><!DOCTYPE dokumente SYSTEM "http://www.gesetze-im-internet.de/dtd/1.01/gii-norm.dtd">
<dokumente builddate="20131025220025" doknr="BJNR164500013"><norm builddate="20131025220025" doknr="BJNR164500013"><metadaten><jurabk>BTGO1980Anl1ABestBek 2013</jurabk><ausfertigung-datum manuell="ja">2013-06-18</ausfertigung-datum><fundstelle typ="amtlich"><periodikum>BGBl I</periodikum><zitstelle>2013, 1645</zitstelle></fundstelle><langue>Bekanntmachung der Ausführungsbestimmungen zu den Verhaltensregeln für Mitglieder des Deutschen Bundestages</langue><standangabe checked="ja"><standtyp>Sonst</standtyp><standkommentar>Diese Ausführungsbestimmungen treten gem. Nr. 13 Satz 1 dieser Bek. mWv 22.10.2013 in Kraft (Tag der ersten Sitzung des 18. Deutschen Bundestages)</standkommentar></standangabe></metadaten><textdaten><fussnoten><Content><P><BR/> <pre xml:space="preserve">(+++ Textnachweis ab: 22.10.2013 +++)<BR/><BR/></pre></P></Content></fussnoten></textdaten></norm>
<norm builddate="20131025220025" doknr="BJNR164500013BJNE000100000"><metadaten><jurabk>BTGO1980Anl1ABestBek 2013</jurabk><enbez>(XXXX)</enbez></metadaten><textdaten><text format="XML"><Content><P><DL Font="normal" Type="arabic"><DT>1.</DT><DD Font="normal"><LA Size="normal">Form und Frist von Anzeigen<BR/><BR/></LA><LA Size="normal">(1) Anzeigen gemäß Verhaltensregeln sind innerhalb einer Frist von drei Monaten nach Erwerb der Mitgliedschaft im Deutschen Bundestag dem Präsidenten einzureichen (§ 1 Absatz 6 der Verhaltensregeln). Dabei sollen die entsprechenden Formblätter verwendet werden.<BR/><BR/></LA><LA Size="normal">(2) Alle Änderungen und Ergänzungen während der Wahlperiode sind innerhalb von drei Monaten nach ihrem Eintritt schriftlich mitzuteilen (§ 1 Absatz 6 der Verhaltensregeln).<BR/><BR/></LA><LA Size="normal">(3) Für die Mitteilung anzeigepflichtiger Einkünfte ist der späteste Zeitpunkt für den Beginn dieser Frist der Tag des Zuflusses der Einkünfte.<BR/><BR/></LA></DD><DT>2.</DT><DD Font="normal"><LA Size="normal">Vor der Mitgliedschaft im Bundestag ausgeübte Tätigkeiten<BR/><BR/></LA><LA Size="normal">(1) Tätigkeiten gemäß § 1 Absatz 1 der Verhaltensregeln, die bei Erwerb der Mitgliedschaft im Deutschen Bundestag seit mindestens zwei Jahren nicht mehr ausgeübt werden, bleiben bei der Anzeigepflicht unberücksichtigt.<BR/><BR/></LA><LA Size="normal">(2) Bei der Anzeige der vor der Mitgliedschaft ausgeübten Berufstätigkeit gemäß § 1 Absatz 1 Nummer 1 der Verhaltensregeln sind bei unselbständigen Tätigkeiten Angaben über den Arbeitgeber (Name und Sitz) sowie über die Art der Tätigkeit zu machen, bei selbständigen Tätigkeiten als Gewerbetreibender sind die Art des Gewerbes sowie Name und Sitz der Firma, bei freien Berufen und sonstigen selbständigen Berufen die genaue Bezeichnung des Berufs sowie Ort oder Sitz der Berufsausübung mitzuteilen.<BR/></LA></DD><DT>3.</DT><DD Font="normal"><LA Size="normal">Angaben zu Vertragspartnern, Unternehmen, Organisationen und Veranstaltern<BR/><BR/></LA><LA Size="normal">(1) Bei einer Anzeige vor der Mitgliedschaft ausgeübter Tätigkeiten gemäß § 1 Absatz 1 Nummer 2 und 3 sowie während der Mitgliedschaft ausgeübter Tätigkeiten gemäß § 1 Absatz 2 Nummer 1 bis 4 der Verhaltensregeln sind die Art der Tätigkeit sowie Name und Sitz des Vertragspartners, des Unternehmens oder der Organisation mitzuteilen. Bei Vortragstätigkeiten gemäß § 1 Absatz 2 Nummer 1 der Verhaltensregeln ist außerdem die Veranstaltung, auf der der Vortrag gehalten wurde, anzugeben, ferner Name und Sitz des Veranstalters, soweit er nicht mit dem Vertragspartner identisch ist.<BR/><BR/></LA><LA Size="normal">(2) Vertragspartner von Freiberuflern und Selbständigen sind nur anzuzeigen, soweit die Brutto-Einkünfte aus einer oder mehreren Vertragsbeziehungen mit diesem Vertragspartner die in § 1 Absatz 3 Satz 1 der Verhaltensregeln genannten Beträge übersteigen.<BR/><BR/></LA><LA Size="normal">(3) Als Brutto-Einkünfte im Sinne von § 1 Absatz 3 Satz 2 der Verhaltensregeln gelten die Zuflüsse an Geld- und Sachleistungen.</LA></DD><DT>4.</DT><DD Font="normal"><LA Size="normal">Tätigkeit als Gesellschafter, Verwaltung eigenen Vermögens<BR/><BR/></LA><LA Size="normal">(1) Übt ein Mitglied des Bundestages als Gesellschafter eine entgeltliche Tätigkeit gemäß § 1 Absatz 2 Nummer 1 der Verhaltensregeln auf Grund eines von der Gesellschaft mit einem Dritten geschlossenen Vertrages aus, so sind die Art der Tätigkeit, der Name und Sitz der Gesellschaft und der Vertragspartner mit Namen und Sitz anzuzeigen, wenn im Einzelfall das Mitglied des Bundestages bei der Vertragserfüllung persönlich mitwirkt. Als Einkünfte im Sinne des § 1 Absatz 3 der Verhaltensregeln sind die ausgekehrten Anteile am Gesellschaftsgewinn anzuzeigen. Nummer 3 Absatz 2 dieser Ausführungsbestimmungen gilt entsprechend.<BR/><BR/></LA><LA Size="normal">(2) Die Verwaltung eigenen Vermögens ist keine Berufstätigkeit oder entgeltliche Tätigkeit im Sinne der Verhaltensregeln.</LA></DD><DT>5.</DT><DD Font="normal"><LA Size="normal">Parlamentarische und Parteifunktionen<BR/><BR/></LA><LA Size="normal">(1) Parlamentarische Funktionen sind nicht anzeigepflichtig.<BR/><BR/></LA><LA Size="normal">(2) Funktionen in Parteien sind nur anzeigepflichtig, wenn sie entgeltlich ausgeübt werden.</LA></DD><DT>6.</DT><DD Font="normal"><LA Size="normal">Vereinbarungen über künftige Tätigkeiten und Vermögensvorteile<BR/><BR/></LA><LA Size="normal">Bei der Anzeige von Vereinbarungen über die Übertragung einer bestimmten Tätigkeit beziehungsweise über die Zuwendung eines Vermögensvorteils gemäß § 1 Absatz 2 Nummer 5 der Verhaltensregeln ist der wesentliche Inhalt der Vereinbarungen mitzuteilen.</LA></DD><DT>7.</DT><DD Font="normal"><LA Size="normal">Unternehmensbeteiligungen<BR/><BR/></LA><LA Size="normal">(1) Anzeigepflichtig gemäß § 1 Absatz 2 Nummer 6 der Verhaltensregeln ist nur die Beteiligung an einer Gesellschaft, deren Zweck darauf gerichtet ist, ein Unternehmen zu betreiben. Ein Unternehmen in diesem Sinne ist eine auf Dauer angelegte organisatorische Einheit, in der mit Gewinnerzielungsabsicht Güter oder Dienstleistungen erstellt werden.<BR/><BR/></LA><LA Size="normal">(2) Eine Beteiligung an einer solchen Kapital- oder Personengesellschaft ist anzeigepflichtig, wenn dem Mitglied des Bundestages mehr als 25 Prozent der Stimmrechte zustehen.</LA></DD><DT>8.</DT><DD Font="normal"><LA Size="normal">Zeugnisverweigerungsrechte und Verschwiegenheitspflichten<BR/><BR/></LA><LA Size="normal">Die Anzeige eines Mitgliedes des Bundestages, das ein gesetzliches Zeugnisverweigerungsrecht beziehungsweise eine gesetzliche oder vertragliche Verschwiegenheitspflicht geltend machen kann, muss nicht die gemäß den Nummern 3 und 4 Absatz 1 Satz 1 dieser Ausführungsbestimmungen erforderlichen Angaben über den Vertragspartner beziehungsweise Auftraggeber enthalten. Es genügen insoweit Angaben über die Art der Tätigkeit in dem einzelnen Vertrags- oder Mandatsverhältnis.</LA></DD><DT>9.</DT><DD Font="normal"><LA Size="normal">Anzeigepflicht für Rechtsanwälte gemäß § 2 der Verhaltensregeln<BR/><BR/></LA><LA Size="normal">Die Anzeigepflicht für Rechtsanwälte gemäß § 2 der Verhaltensregeln entfällt, wenn die Vertretung nicht persönlich übernommen wird oder das Honorar den Betrag von 1 000 Euro nicht übersteigt.</LA></DD><DT>10.</DT><DD Font="normal"><LA Size="normal">Spenden<BR/><BR/></LA><LA Size="normal">(1) Mehrere Spenden desselben Spenders sind anzeigepflichtig, wenn sie im Jahr den Betrag von <NB>5 000</NB> Euro übersteigen.<BR/><BR/></LA><LA Size="normal">(2) Eine Spende, die ein Mitglied des Bundestages als Parteispende entgegennimmt und gegen eine entsprechende Quittung an seine Partei weiterleitet, ist nicht anzeigepflichtig. Die Rechenschaftspflicht der Partei bleibt in diesem Fall unberührt.</LA></DD><DT>11.</DT><DD Font="normal"><LA Size="normal">Gastgeschenke<BR/><BR/></LA><LA Size="normal">(1) Einer Anzeige bei Gastgeschenken bedarf es nicht, wenn der materielle Wert des Gastgeschenkes 200 Euro nicht übersteigt.<BR/><BR/></LA><LA Size="normal">(2) Liegt der Antrag eines Mitgliedes des Bundestages vor, ein ausgehändigtes Gastgeschenk gegen Bezahlung des Wertes behalten zu wollen, stellt der Präsident den Wert fest; maßgeblich ist im Regelfall der Verkehrswert. An die Bundeskasse zu entrichten ist der so ermittelte Gegenwert unter Abzug des Betrages von 200 Euro.</LA></DD><DT>12.</DT><DD Font="normal"><LA Size="normal">Vernichtung der eingereichten Unterlagen<BR/><BR/></LA><LA Size="normal">Die Unterlagen über Anzeigen gemäß den Verhaltensregeln, die ein Mitglied des Bundestages eingereicht hat, werden nach Ablauf von fünf Jahren nach dem Ausscheiden aus dem Bundestag vernichtet, es sei denn, das ehemalige Mitglied hat um Überlassung der Unterlagen gebeten.</LA></DD><DT>13.</DT><DD Font="normal"><LA Size="normal">Inkrafttreten, Außerkrafttreten<BR/><BR/></LA><LA Size="normal">Diese Ausführungsbestimmungen treten am Tag der ersten Sitzung des 18. Deutschen Bundestages in Kraft. Gleichzeitig treten die Ausführungsbestimmungen in der Fassung der Bekanntmachung vom 30. Dezember 2005 (BGBl. 2006 I S. 10), zuletzt geändert laut Bekanntmachung vom 12. November 2010 (BGBl. I S. 1614), außer Kraft.</LA></DD></DL></P></Content></text></textdaten></norm>
<norm builddate="20131025220025" doknr="BJNR164500013BJNE000200000"><metadaten><jurabk>BTGO1980Anl1ABestBek 2013</jurabk><enbez>Schlussformel</enbez></metadaten><textdaten><text format="XML"><Content><P><SP>Der Präsident des Deutschen Bundestages</SP></P></Content></text></textdaten></norm>
</dokumente>