<?xml version="1.0" encoding="UTF-8" ?><!DOCTYPE dokumente SYSTEM "http://www.gesetze-im-internet.de/dtd/1.01/gii-norm.dtd">
<dokumente builddate="20120625151313" doknr="BJNR004220982"><norm builddate="20120625151313" doknr="BJNR004220982"><metadaten><jurabk>WZG§35Bek 1982-03-29</jurabk><ausfertigung-datum manuell="ja">1982-03-29</ausfertigung-datum><fundstelle typ="amtlich"><periodikum>BGBl I</periodikum><zitstelle>1982, 422</zitstelle></fundstelle><langue>Bekanntmachung zu § 35 des Warenzeichengesetzes</langue></metadaten><textdaten><text format="XML"><Content><P/></Content></text><fussnoten><Content><P>(+++ Textnachweis ab:  8. 4.1982 +++)</P></Content></fussnoten></textdaten></norm>
<norm builddate="20120625151313" doknr="BJNR004220982BJNE000100306"><metadaten><jurabk>WZG§35Bek 1982-03-29</jurabk><enbez>(XXXX)</enbez></metadaten><textdaten><text format="XML"><Content><P>Auf Grund des § 35 Abs. 1 und Abs. 3 Satz 2 des Warenzeichengesetzes in der Fassung der Bekanntmachung vom 2. Januar 1968 (BGBl. I S. 1, 29) wird gemäß einer Erklärung des Chief Minister's Office der Britischen Jungferninseln bekanntgemacht: <BR/>Deutsche Warenbezeichnungen werden auf den Britischen Jungferninseln in demselben Umfang wie inländische zum gesetzlichen Schutz zugelassen.<BR/>Deutsche Staatsangehörige, die ein Warenzeichen auf den Britischen Jungferninseln anmelden, brauchen nicht den Nachweis zu erbringen, daß sie für das Zeichen in dem Staat, in dem sich ihre Niederlassung befindet, den Markenschutz nachgesucht und erhalten haben.</P></Content></text></textdaten></norm>
<norm builddate="20120625151313" doknr="BJNR004220982BJNE000200306"><metadaten><jurabk>WZG§35Bek 1982-03-29</jurabk><enbez>Schlussformel</enbez></metadaten><textdaten><text format="XML"><Content><P>Der Bundesminister der Justiz</P></Content></text></textdaten></norm>
</dokumente>