<?xml version="1.0" encoding="UTF-8" ?><!DOCTYPE dokumente SYSTEM "http://www.gesetze-im-internet.de/dtd/1.01/gii-norm.dtd">
<dokumente builddate="20120807043540" doknr="BJNR004920980"><norm builddate="20120807043540" doknr="BJNR004920980"><metadaten><jurabk>WZG§35PERBek</jurabk><ausfertigung-datum manuell="ja">1980-04-29</ausfertigung-datum><fundstelle typ="amtlich"><periodikum>BGBl I</periodikum><zitstelle>1980, 492</zitstelle></fundstelle><langue>Bekanntmachung zu § 35 des Warenzeichengesetzes</langue></metadaten><textdaten><text format="XML"><Content><P/></Content></text><fussnoten><Content><P>(+++ Textnachweis ab:  7. 5.1980 +++)</P></Content></fussnoten></textdaten></norm>
<norm builddate="20120807043540" doknr="BJNR004920980BJNE000100304"><metadaten><jurabk>WZG§35PERBek</jurabk><enbez>(XXXX)</enbez></metadaten><textdaten><text format="XML"><Content><P>Auf Grund des § 35 Abs. 1 und Abs. 3 Satz 2 des Warenzeichengesetzes in der Fassung der Bekanntmachung vom 2. Januar 1968 (BGBl. I S. 1, 29) wird gemäß einer Erklärung des peruanischen Außenministeriums bekanntgemacht: <BR/>Deutsche Warenbezeichnungen werden in der Republik Peru in demselben Umfang wie inländische zum gesetzlichen Schutz zugelassen.<BR/>Deutsche Staatsangehörige, die ein Warenzeichen in der Republik Peru anmelden, brauchen nicht den Nachweis zu erbringen, daß sie für das Zeichen in dem Staat, in dem sich ihre Niederlassung befindet, den Markenschutz nachgesucht und erhalten haben.</P></Content></text></textdaten></norm>
<norm builddate="20120807043540" doknr="BJNR004920980BJNE000200304"><metadaten><jurabk>WZG§35PERBek</jurabk><enbez>Schlussformel</enbez></metadaten><textdaten><text format="XML"><Content><P>Der Bundesminister der Justiz</P></Content></text></textdaten></norm>
</dokumente>