<?xml version="1.0" encoding="UTF-8" ?><!DOCTYPE dokumente SYSTEM "http://www.gesetze-im-internet.de/dtd/1.01/gii-norm.dtd">
<dokumente builddate="20120625150955" doknr="BJNR006070957"><norm builddate="20120625150955" doknr="BJNR006070957"><metadaten><jurabk>BeamtHaftGRCBek</jurabk><ausfertigung-datum manuell="ja">1957-05-31</ausfertigung-datum><fundstelle typ="amtlich"><periodikum>BGBl I</periodikum><zitstelle>1957, 607</zitstelle></fundstelle><langue>Bekanntmachung über die Haftung der Bundesrepublik Deutschland für ihre
Beamten gegenüber den Angehörigen des Königreichs Griechenland</langue></metadaten><textdaten><text format="XML"><Content><P/></Content></text><fussnoten><Content><P>(+++ Textnachweis Geltung ab:  1. 1.1964 +++)</P></Content></fussnoten></textdaten></norm>
<norm builddate="20120625150955" doknr="BJNR006070957BJNE000100303"><metadaten><jurabk>BeamtHaftGRCBek</jurabk><enbez>(XXXX)</enbez></metadaten><textdaten><text format="XML"><Content><P>Auf Grund des § 7 des Gesetzes über die Haftung des Reichs für seine Beamten vom 22. Mai 1910 (Reichsgesetzbl. S. 798) wird bekanntgemacht, daß durch das am 23. Februar 1946 in Kraft getretene Zivilgesetzbuch von Griechenland und das Einführungsgesetz zum Zivilgesetzbuch die Gegenseitigkeit verbürgt ist.<BR/><BR/><SP>Der Bundesminister der Justiz</SP></P></Content></text><fussnoten/></textdaten></norm>
</dokumente>