<?xml version="1.0" encoding="UTF-8" ?><!DOCTYPE dokumente SYSTEM "http://www.gesetze-im-internet.de/dtd/1.01/gii-norm.dtd">
<dokumente builddate="20250711215502" doknr="BJNR040000096"><norm builddate="20250711215502" doknr="BJNR040000096"><metadaten><jurabk>HaftEntschBefStoffeSeeÜbk</jurabk><ausfertigung-datum manuell="ja">1996-05-03</ausfertigung-datum><fundstelle typ="amtlich"><periodikum>BGBl II</periodikum><zitstelle>2021, 685</zitstelle></fundstelle><kurzue>HNS-Übereinkommen von 2010</kurzue><langue>Internationales Übereinkommen von 2010 über die Haftung und Entschädigung für Schäden bei der Beförderung schädlicher und gefährlicher Stoffe auf See</langue></metadaten><textdaten/></norm>
</dokumente>