<?xml version="1.0" encoding="UTF-8" ?><!DOCTYPE dokumente SYSTEM "http://www.gesetze-im-internet.de/dtd/1.01/gii-norm.dtd">
<dokumente builddate="20130405130754" doknr="BJNR081600010"><norm builddate="20130405130754" doknr="BJNR081600010"><metadaten><jurabk>RWBestV 2010</jurabk><amtabk>RWBestV 2010</amtabk><ausfertigung-datum manuell="ja">2010-06-22</ausfertigung-datum><fundstelle typ="amtlich"><periodikum>BGBl I</periodikum><zitstelle>2010, 816</zitstelle></fundstelle><kurzue>Rentenwertbestimmungsverordnung 2010</kurzue><langue>Verordnung zur Bestimmung der Rentenwerte in der gesetzlichen Rentenversicherung und in der Alterssicherung der Landwirte zum 1. Juli 2010</langue></metadaten><textdaten><fussnoten><Content><P><BR/> <pre xml:space="preserve">(+++ Textnachweis ab: 1.7.2010 +++)<BR/><BR/></pre></P></Content></fussnoten></textdaten></norm>
<norm builddate="20130405130754" doknr="BJNR081600010BJNE000100000"><metadaten><jurabk>RWBestV 2010</jurabk><enbez>Eingangsformel</enbez></metadaten><textdaten><text format="XML"><Content><P>Auf Grund <DL Type="Dash"><DT>–</DT><DD Font="normal"><LA>des § 69 Absatz 1 in Verbindung mit den §§ 68 und 68a sowie den §§ 228b, 255e und 255g Absatz 2 des Sechsten Buches Sozialgesetzbuch – Gesetzliche Rentenversicherung –, von denen § 68a durch Artikel 4 Nummer 3 des Gesetzes vom 15. Juli 2009 (BGBl. I S. 1939), § 228b durch Artikel 5 Nummer 8 des Gesetzes vom 2. Dezember 2006 (BGBl. I S. 2742), § 68 zuletzt durch Artikel 1 Nummer 2 des Gesetzes vom 26. Juni 2008 (BGBl. I S. 1076) und § 255e zuletzt durch Artikel 4 Nummer 12 des Gesetzes vom 15. Juli 2009 (BGBl. I S. 1939) geändert worden sind, und § 255g Absatz 2 durch Artikel 1 Nummer 70 Buchstabe c des Gesetzes vom 20. April 2007 (BGBl. I S. 554) eingefügt sowie § 69 Absatz 1 durch Artikel 1 Nummer 21 des Gesetzes vom 20. April 2007 (BGBl. I S. 554) geändert worden sind, auch in Verbindung mit § 44 Absatz 6 sowie mit § 95 Absatz 1 Satz 2 des Siebten Buches Sozialgesetzbuch – Gesetzliche Unfallversicherung –, § 44 Absatz 6 eingefügt durch Artikel 1 Nummer 2 Buchstabe b des Gesetzes vom 17. Juli 2001 (BGBl. I S. 1600) und § 95 Absatz 1 Satz 2 zuletzt geändert durch Artikel 4 Nummer 3 Buchstabe b des Gesetzes vom 21. Juli 2004 (BGBl. I S. 1791),</LA></DD><DT>–</DT><DD Font="normal"><LA>des § 255b Absatz 1 in Verbindung mit § 255a des Sechsten Buches Sozialgesetzbuch – Gesetzliche Rentenversicherung –, von denen § 255a zuletzt und § 255b Absatz 1 durch Artikel 1 Nummer 66 und 67 des Gesetzes vom 20. April 2007 (BGBl. I S. 554) geändert worden sind, auch in Verbindung mit § 95 Absatz 1 Satz 2 des Siebten Buches Sozialgesetzbuch in der vorstehend genannten Fassung sowie mit § 1153 Satz 3 der Reichsversicherungsordnung in der durch § 215 Absatz 5 Satz 1 des Siebten Buches Sozialgesetzbuch bestimmten Fassung, diese jeweils in Verbindung mit § 215 Absatz 5 des Siebten Buches Sozialgesetzbuch, der zuletzt durch Artikel 5 Nummer 6 des Gesetzes vom 21. März 2001 (BGBl. I S. 403) geändert worden ist, sowie</LA></DD><DT>–</DT><DD Font="normal"><LA>des § 26 in Verbindung mit § 23 Absatz 4 und des § 105 in Verbindung mit § 102 Absatz 4 des Gesetzes über die Alterssicherung der Landwirte vom 29. Juli 1994 (BGBl. I S. 1890, 1891)</LA></DD></DL>verordnet die Bundesregierung:</P></Content></text></textdaten></norm>
<norm builddate="20130405130754" doknr="BJNR081600010BJNE000200000"><metadaten><jurabk>RWBestV 2010</jurabk><enbez>§ 1</enbez><titel format="XML">Festsetzung des aktuellen Rentenwerts und des aktuellen Rentenwerts (Ost)</titel></metadaten><textdaten><text format="XML"><Content><P>(1) Der aktuelle Rentenwert beträgt ab dem 1. Juli 2010 27,20 Euro.</P><P>(2) Der aktuelle Rentenwert (Ost) beträgt ab dem 1. Juli 2010 24,13 Euro.</P></Content></text></textdaten></norm>
<norm builddate="20130405130754" doknr="BJNR081600010BJNE000300000"><metadaten><jurabk>RWBestV 2010</jurabk><enbez>§ 2</enbez><titel format="XML">Festsetzung des allgemeinen Rentenwerts und des allgemeinen Rentenwerts (Ost) in der Alterssicherung der Landwirte</titel></metadaten><textdaten><text format="XML"><Content><P>(1) Der allgemeine Rentenwert in der Alterssicherung der Landwirte beträgt ab dem 1. Juli 2010 12,56 Euro.</P><P>(2) Der allgemeine Rentenwert (Ost) in der Alterssicherung der Landwirte beträgt ab dem 1. Juli 2010 11,14 Euro.</P></Content></text></textdaten></norm>
<norm builddate="20130405130754" doknr="BJNR081600010BJNE000400000"><metadaten><jurabk>RWBestV 2010</jurabk><enbez>§ 3</enbez><titel format="XML">Ausgleichsbedarf und Ausgleichsbedarf (Ost)</titel></metadaten><textdaten><text format="XML"><Content><P>(1) Der Ausgleichsbedarf beträgt ab dem 1. Juli 2010 0,9619.</P><P>(2) Der Ausgleichsbedarf (Ost) beträgt ab dem 1. Juli 2010 0,9817.</P></Content></text></textdaten></norm>
<norm builddate="20130405130754" doknr="BJNR081600010BJNE000500000"><metadaten><jurabk>RWBestV 2010</jurabk><enbez>§ 4</enbez><titel format="XML">Anpassungsfaktor in der Unfallversicherung</titel></metadaten><textdaten><text format="XML"><Content><P>(1) Der Anpassungsfaktor für die zum 1. Juli 2010 anzupassenden Geldleistungen der gesetzlichen Unfallversicherung im Sinne des § 44 Absatz 4 und des § 95 des Siebten Buches Sozialgesetzbuch beträgt 1,0000.</P><P>(2) Die vom Jahresarbeitsverdienst abhängigen Geldleistungen und das Pflegegeld der gesetzlichen Unfallversicherung im Sinne des § 215 Absatz 5 des Siebten Buches Sozialgesetzbuch für Versicherungsfälle, die vor dem 1. Juli 2010 eingetreten sind, werden zum 1. Juli 2010 angepasst. Der Anpassungsfaktor beträgt 1,0000.</P></Content></text></textdaten></norm>
<norm builddate="20130405130754" doknr="BJNR081600010BJNE000600000"><metadaten><jurabk>RWBestV 2010</jurabk><enbez>§ 5</enbez><titel format="XML">Pflegegeld in der Unfallversicherung</titel></metadaten><textdaten><text format="XML"><Content><P>Das Pflegegeld der gesetzlichen Unfallversicherung beträgt vom 1. Juli 2010 an <DL Type="arabic"><DT>1.</DT><DD Font="normal"><LA>für Versicherungsfälle, auf die § 44 Absatz 2 des Siebten Buches Sozialgesetzbuch anzuwenden ist, zwischen 307 Euro und 1 228 Euro monatlich,</LA></DD><DT>2.</DT><DD Font="normal"><LA>für Versicherungsfälle, auf die § 215 Absatz 5 des Siebten Buches Sozialgesetzbuch anzuwenden ist, zwischen 269 Euro und 1 075 Euro.</LA></DD></DL></P></Content></text></textdaten></norm>
<norm builddate="20130405130754" doknr="BJNR081600010BJNE000700000"><metadaten><jurabk>RWBestV 2010</jurabk><enbez>§ 6</enbez><titel format="XML">Inkrafttreten</titel></metadaten><textdaten><text format="XML"><Content><P>Diese Verordnung tritt am 1. Juli 2010 in Kraft.</P></Content></text></textdaten></norm>
<norm builddate="20130405130754" doknr="BJNR081600010BJNE000800000"><metadaten><jurabk>RWBestV 2010</jurabk><enbez>Schlussformel</enbez></metadaten><textdaten><text format="XML"><Content><P>Der Bundesrat hat zugestimmt.</P></Content></text></textdaten></norm>
</dokumente>