<?xml version="1.0" encoding="UTF-8" ?><!DOCTYPE dokumente SYSTEM "http://www.gesetze-im-internet.de/dtd/1.01/gii-norm.dtd">
<dokumente builddate="20120625151630" doknr="BJNR203030988"><norm builddate="20120625151630" doknr="BJNR203030988"><metadaten><jurabk>IntKakaoÜbk 1986</jurabk><ausfertigung-datum manuell="ja">1986-07-25</ausfertigung-datum><fundstelle typ="amtlich"><periodikum>BGBl II</periodikum><zitstelle>1988, 303</zitstelle></fundstelle><langue>Internationales Kakao-Übereinkommen von 1986</langue></metadaten><textdaten><text format="decorated"/><fussnoten><Content><P>G v. 21.3.1988 II 302 <BR/>Vorläufig in Kraft gem. Beschluß v. 16.1.1987, ABl EG 1987, ABl EG 1987, Nr. L 69, 24; 1988, Nr. L 99, 65 mWv 20.1.1987 <BR/>Geltung verlängert bis zum 30.9.1993 gem. V v. 6.8.1992 II 567 mWv 1.10.1992</P></Content></fussnoten></textdaten></norm>
</dokumente>