<?xml version="1.0" encoding="UTF-8" ?><!DOCTYPE dokumente SYSTEM "http://www.gesetze-im-internet.de/dtd/1.01/gii-norm.dtd">
<dokumente builddate="20120625152406" doknr="BJNR206300972"><norm builddate="20120625152406" doknr="BJNR206300972"><metadaten><jurabk>EuKrSchwAusbÜbk</jurabk><ausfertigung-datum manuell="ja">1967-10-25</ausfertigung-datum><fundstelle typ="amtlich"><periodikum>BGBl II</periodikum><zitstelle>1972, 630</zitstelle></fundstelle><langue>Europäisches Übereinkommen über die theoretische und praktische
Ausbildung von Krankenschwestern und Krankenpflegern</langue></metadaten><textdaten><text format="decorated"/><fussnoten><Content><P>G v. 13.6.1972 II 629 <BR/>Inkraft gem. Bek. v. 27.6.1974 II 1061 mWv 9.5.1973</P></Content></fussnoten></textdaten></norm>
</dokumente>