<?xml version="1.0" encoding="UTF-8" ?><!DOCTYPE dokumente SYSTEM "http://www.gesetze-im-internet.de/dtd/1.01/gii-norm.dtd">
<dokumente builddate="20260105215618" doknr="BJNR15C0B0025"><norm builddate="20260105215618" doknr="BJNR15C0B0025"><metadaten><jurabk>GeoBG</jurabk><amtabk>GeoBG</amtabk><ausfertigung-datum manuell="ja">2025-12-22</ausfertigung-datum><fundstelle typ="amtlich"><periodikum>BGBl. I</periodikum><zitstelle>2025, Nr. 348, 2</zitstelle></fundstelle><kurzue>Geothermie-Beschleunigungsgesetz</kurzue><langue>Gesetz zur Beschleunigung des Ausbaus von Geothermieanlagen, Wärmepumpen, Wärmeleitungen und Wärmespeichern<FnR ID="F835154_01_BJNR15C0B0025"/></langue></metadaten><textdaten><text format="XML"><Footnotes><Footnote FnZ="*" Group="column" ID="F835154_01_BJNR15C0B0025" Pos="normal"><noindex>Dieses Gesetz dient der Umsetzung von Artikel 1 der Richtlinie (EU) 2023/2413 des Europäischen Parlaments und des Rates vom 18. Oktober 2023 zur Änderung der Richtlinie (EU) 2018/2001, der Verordnung (EU) 2018/1999 und der Richtlinie 98/70/EG im Hinblick auf die Förderung von Energie aus erneuerbaren Quellen und zur Aufhebung der Richtlinie (EU) 2015/652 des Rates (ABl. L, 2023/2413, 31.10.2023).</noindex></Footnote></Footnotes></text><fussnoten><Content><P><BR/> <pre xml:space="preserve">(+++ Nachgewiesener Text noch nicht dokumentarisch bearbeitet +++)<BR/>(+++ Amtlicher Hinweis des Normgebers auf EG-Recht:<BR/>     Umsetzung der<BR/>       EURL 2023/2413            (CELEX Nr: 32023L2413) +++)<BR/><BR/></pre>Das G wurde als Artikel 1 des G v. 22.12.2025 I Nr. 348 vom Bundestag beschlossen. Es tritt gem. Art. 10 Abs. 1 dieses G mit Ausnahme des § 6 am 23.12.2025 in Kraft. § 6 tritt gem. Art. 10 Abs. 2 am 22.6.2026 in Kraft.</P></Content></fussnoten></textdaten></norm>
<norm builddate="20260105215618" doknr="BJNR15C0B0025BJNE000100000"><metadaten><jurabk>GeoBG</jurabk><enbez>§ 1</enbez><titel format="XML">Zweck und Ziel des Gesetzes</titel></metadaten><textdaten><text format="XML"><Content><P>Zweck dieses Gesetzes ist die Schaffung rechtlicher Rahmenbedingungen für den vereinfachten und beschleunigten Ausbau einer Infrastruktur für die Aufsuchung, die Gewinnung sowie die Nutzung von Geothermie sowie für den Ausbau von Wärmepumpen sowie von Wärmespeichern. Dieses Gesetz soll einen Beitrag zur Erreichung der nationalen Klimaschutzziele, zur Versorgungssicherheit und zur Ausschöpfung des vorhandenen geothermischen Potenzials leisten, um die sichere und umweltverträgliche Aufsuchung, Gewinnung und Nutzung treibhausgasneutraler Wärme und Kälte sicherzustellen.</P></Content></text></textdaten></norm>
<norm builddate="20260105215618" doknr="BJNR15C0B0025BJNE000200000"><metadaten><jurabk>GeoBG</jurabk><enbez>§ 2</enbez><titel format="XML">Anwendungsbereich</titel></metadaten><textdaten><text format="XML"><Content><P>Dieses Gesetz ist anzuwenden auf die Zulassung der Errichtung, des Betriebs oder der Änderung folgender Anlagen und Leitungen, einschließlich der jeweils dazugehörigen Nebenanlagen, seismischen Explorationen und Bohrungen: <DL Type="arabic"><DT>1.</DT><DD Font="normal"><LA>einer Anlage zur Aufsuchung oder Gewinnung von Tiefengeothermie,</LA></DD><DT>2.</DT><DD Font="normal"><LA>einer Anlage zur Aufsuchung oder Gewinnung von oberflächennaher Geothermie,</LA></DD><DT>3.</DT><DD Font="normal"><LA>einer Wärmepumpe,</LA></DD><DT>4.</DT><DD Font="normal"><LA>eines Wärmespeichers,</LA></DD><DT>5.</DT><DD Font="normal"><LA>einer Wärmeleitung.</LA></DD></DL></P></Content></text></textdaten></norm>
<norm builddate="20260105215618" doknr="BJNR15C0B0025BJNE000300000"><metadaten><jurabk>GeoBG</jurabk><enbez>§ 3</enbez><titel format="XML">Begriffsbestimmungen</titel></metadaten><textdaten><text format="XML"><Content><P>Im Sinne dieses Gesetzes ist: <DL Type="arabic"><DT>1.</DT><DD Font="normal"><LA>„Anlage zur Aufsuchung oder Gewinnung von Tiefengeothermie“ eine Anlage zur Aufsuchung oder Gewinnung von Erdwärme aus einer oder mehreren Bohrungen ab einer Teufe von über 400 Metern,</LA></DD><DT>2.</DT><DD Font="normal"><LA>„Anlage zur Aufsuchung oder Gewinnung von oberflächennaher Geothermie“ eine Anlage zur Aufsuchung oder Gewinnung von Erdwärme mit oder ohne Bohrungen, sofern diese eine Teufe von bis zu 400 Metern nicht übersteigt,</LA></DD><DT>3.</DT><DD Font="normal"><LA>„Erdwärme“ Energie, die in Form von Wärme unter der festen Erdoberfläche gespeichert ist,</LA></DD><DT>4.</DT><DD Font="normal"><LA>„Wärmespeicher“ ein Wärmespeicher im Sinne des § 3 Absatz 1 Nummer 21 des Wärmeplanungsgesetzes vom 20. Dezember 2023 (BGBl. 2023 I Nr. 394) in der jeweils geltenden Fassung,</LA></DD><DT>5.</DT><DD Font="normal"><LA>„Wärmeleitung“ eine Rohrleitungsanlage zur Beförderung von Dampf, Wasser oder Wassergemischen zur Wärmeversorgung.</LA></DD></DL></P></Content></text></textdaten></norm>
<norm builddate="20260105215618" doknr="BJNR15C0B0025BJNE000400000"><metadaten><jurabk>GeoBG</jurabk><enbez>§ 4</enbez><titel format="XML">Überragendes öffentliches Interesse</titel></metadaten><textdaten><text format="XML"><Content><P>Die Errichtung oder der Betrieb einer Anlage nach § 2 liegen bis zum Erreichen der Netto-Treibhausgasneutralität im Jahr 2045 im überragenden öffentlichen Interesse und dienen der öffentlichen Gesundheit und Sicherheit. Sie sollen als vorrangiger Belang in die jeweils durchzuführenden Schutzgüterabwägungen eingebracht werden. Satz 1 ist in den jeweils durchzuführenden Schutzgüterabwägungen gegenüber den Belangen der Landes- und Bündnisverteidigung nicht anzuwenden.</P></Content></text></textdaten></norm>
<norm builddate="20260105215618" doknr="BJNR15C0B0025BJNE000500000"><metadaten><jurabk>GeoBG</jurabk><enbez>§ 5</enbez><titel format="XML">Vorzeitiger Beginn</titel></metadaten><textdaten><text format="XML"><Content><P>Für eine Anlage nach § 2 besteht ein öffentliches Interesse am vorzeitigen Beginn nach § 17 Absatz 1 Nummer 2 des Wasserhaushaltsgesetzes vom 31. Juli 2009 (BGBl. I S. 2585), das zuletzt durch Artikel 2 des Gesetzes vom 12. August 2025 (BGBl. 2025 I Nr. 189) geändert worden ist, in der jeweils geltenden Fassung sowie nach § 57b Absatz 1 Nummer 3 des Bundesberggesetzes vom 13. August 1980 (BGBl. I S. 1310), das zuletzt durch Artikel 10 des Gesetzes vom 10. Dezember 2025 (BGBl. 2025 I Nr. 320) geändert worden ist, in der jeweils geltenden Fassung.</P></Content></text></textdaten></norm>
<norm builddate="20260105215618" doknr="BJNR15C0B0025BJNE000600000"><metadaten><jurabk>GeoBG</jurabk><enbez>§ 6</enbez><titel format="XML">(zukünftig in Kraft)</titel></metadaten><textdaten><text format="XML"><Content/></text><fussnoten><Content><P>(+++ § 6: Tritt gem. Art. 10 Abs. 2 G v. 22.12.2025 I  Nr. 348 am 22.06.2026 in Kraft +++)</P></Content></fussnoten></textdaten></norm>
<norm builddate="20260105215618" doknr="BJNR15C0B0025BJNE000700000"><metadaten><jurabk>GeoBG</jurabk><enbez>§ 7</enbez><titel format="XML">Duldungspflichten</titel></metadaten><textdaten><text format="XML"><Content><P>(1) Eigentümer und sonstige Nutzungsberechtigte eines Grundstücks haben für eine seismische Exploration durch Vibrotrucks zur Ermittlung des Geothermiepotentials die messungsbedingten Immissionen, die vorübergehende Anbringung von Messeinrichtungen und Markierungszeichen auf dem Grundstück sowie den Einsatz von Messfahrzeugen auf privaten Wegen und Straßen zu dulden. Der Träger des Vorhabens und von ihm Beauftragte sind berechtigt, das Grundstück zu diesen Zwecken zu betreten und zu befahren. Die Duldungspflicht besteht nicht, wenn Belange der Landes- und Bündnisverteidigung entgegenstehen.</P><P>(2) Der Träger des Vorhabens hat nach Abschluss der seismischen Exploration einen dem ursprünglichen Zustand des Grundstücks im Wesentlichen gleichartigen Zustand herzustellen. Er hat die Pflicht, den dem Eigentümer oder dem sonstigen Nutzungsberechtigten durch die seismische Exploration entstehenden Schaden so gering wie möglich zu halten. Entstehen durch eine Maßnahme nach Absatz 1 einem Eigentümer und sonstigen Nutzungsberechtigten unmittelbare Vermögensnachteile, so hat der Träger des Vorhabens eine angemessene Entschädigung in Geld zu leisten, sofern diese Vermögensnachteile nicht bereits durch die Wiederherstellung des ursprünglichen Zustandes ausgeglichen sind. § 39 Absatz 4 des Bundesberggesetzes findet keine Anwendung.</P></Content></text></textdaten></norm>
<norm builddate="20260105215618" doknr="BJNR15C0B0025BJNE000800000"><metadaten><jurabk>GeoBG</jurabk><enbez>§ 8</enbez><titel format="XML">Planfeststellung, Plangenehmigung, Enteignungsverfahren für Wärmeleitungen</titel></metadaten><textdaten><text format="XML"><Content><P>(1) Die Errichtung, der Betrieb sowie die Änderung solcher Wärmeleitungen, die der Anlage 1 Nummer 19.7 oder Nummer 19.8 des Gesetzes über die Umweltverträglichkeitsprüfung in der Fassung der Bekanntmachung vom 18. März 2021 (BGBl. I S. 540), das zuletzt durch Artikel 2 Absatz 1 des Gesetzes vom 25. November 2025 (BGBl. 2025 I Nr. 282) geändert worden ist, in der jeweils geltenden Fassung, unterfallen, bedürfen der Planfeststellung durch die nach Landesrecht für Verfahren nach § 43 Absatz 1 Satz 1 Nummer 5 des Energiewirtschaftsgesetzes vom 7. Juli 2005 (BGBl. I S. 1970, 3621), das zuletzt durch Artikel 1 des Gesetzes vom 18. Dezember 2025 (BGBl. 2025 I Nr. 347) geändert worden ist, in der jeweils geltenden Fassung, zuständigen Behörde, sofern nach den §§ 7 bis 14 des Gesetzes über die Umweltverträglichkeitsprüfung eine Verpflichtung zur Durchführung einer Umweltverträglichkeitsprüfung besteht. Besteht eine solche Verpflichtung nicht, so bedarf das Vorhaben der Plangenehmigung durch diese Behörde. § 65 Absatz 2 Satz 2 bis 4 des Gesetzes über die Umweltverträglichkeitsprüfung ist anzuwenden. Auf Antrag des Trägers des Vorhabens kann die zuständige Behörde die Errichtung, den Betrieb sowie die Änderung von Wärmeleitungen durch Planfeststellung zulassen.</P><P>(2) Für das Planfeststellungsverfahren sowie für das Plangenehmigungsverfahren nach Absatz 1 gelten die Vorschriften des Teils V Abschnitt 2 des Verwaltungsverfahrensgesetzes. Dabei sind entsprechend anzuwenden: <DL Type="arabic"><DT>1.</DT><DD Font="normal"><LA>die Maßgaben des § 43a des Energiewirtschaftsgesetzes für das Anhörungsverfahren,</LA></DD><DT>2.</DT><DD Font="normal"><LA>die Maßgaben des § 43b Absatz 5 des Energiewirtschaftsgesetzes für die Zustellung und Bekanntmachung des Planfeststellungsbeschlusses,</LA></DD><DT>3.</DT><DD Font="normal"><LA>die Maßgaben des § 43c des Energiewirtschaftsgesetzes für die Rechtswirkungen der Planfeststellung und Plangenehmigung,</LA></DD><DT>4.</DT><DD Font="normal"><LA>die Maßgaben des § 43d des Energiewirtschaftsgesetzes für die Planergänzung und das ergänzende Verfahren im Sinne des § 75 Absatz 1a Satz 2 des Verwaltungsverfahrensgesetzes und für die Planänderung vor Fertigstellung des Vorhabens,</LA></DD><DT>5.</DT><DD Font="normal"><LA>§ 43f Absatz 1 Satz 1, Satz 2 Nummer 1 erste Alternative, Nummer 2 und 3 und Absatz 4 des Energiewirtschaftsgesetzes über Änderungen oder Erweiterungen im Anzeigeverfahren,</LA></DD><DT>6.</DT><DD Font="normal"><LA>§ 43g des Energiewirtschaftsgesetzes für die Beauftragung des Projektmanagers,</LA></DD><DT>7.</DT><DD Font="normal"><LA>§ 43i des Energiewirtschaftsgesetzes für die Überwachung eines Vorhabens,</LA></DD><DT>8.</DT><DD Font="normal"><LA>§ 43k des Energiewirtschaftsgesetzes für die Zurverfügungstellung von Geodaten,</LA></DD><DT>9.</DT><DD Font="normal"><LA>§ 44 des Energiewirtschaftsgesetzes für Vorarbeiten,</LA></DD><DT>10.</DT><DD Font="normal"><LA>§ 44a Absatz 1, 2 Satz 1 bis 3 und Absatz 3 des Energiewirtschaftsgesetzes für Veränderungssperre und Vorkaufsrecht,</LA></DD><DT>11.</DT><DD Font="normal"><LA>§ 44b Absatz 1 Satz 1 bis 3 des Energiewirtschaftsgesetzes für den Bau, die Inbetriebnahme und den Betrieb sowie die Betriebsänderung von Wärmeleitungen sowie § 44b Absatz 1a bis 8 des Energiewirtschaftsgesetzes für die vorzeitige Besitzeinweisung und</LA></DD><DT>12.</DT><DD Font="normal"><LA>§ 48a des Energiewirtschaftsgesetzes für den Transport von Bestandteilen von Wärmeleitungen nach Absatz 1 oder von Hilfsmitteln zur Errichtung, Instandhaltung oder zum Betrieb von Wärmeleitungen nach Absatz 1.</LA></DD></DL></P><P>(3) In einem Planfeststellungs- oder Plangenehmigungsverfahren soll die für die Feststellung des Plans oder für die Erteilung der Plangenehmigung zuständige Behörde vorläufig zulassen, dass bereits vor Feststellung des Plans oder der Erteilung der Plangenehmigung in Teilen mit der Errichtung oder Änderung eines Vorhabens nach § 2 Nummer 5 einschließlich der Vorarbeiten begonnen wird, wenn die in § 44c Absatz 1 Satz 1 Nummer 1 bis 4 des Energiewirtschaftsgesetzes genannten Voraussetzungen bei entsprechender Anwendung vorliegen. § 44c Absatz 1 Satz 3 bis 6 und Absatz 2 bis 4 des Energiewirtschaftsgesetzes ist entsprechend anzuwenden.</P><P>(4) Die Entziehung oder die Beschränkung von Grundeigentum oder von Rechten am Grundeigentum im Wege der Enteignung ist bei Planfeststellungs- oder Plangenehmigungsverfahren nach Absatz 1 zulässig, soweit dies zur Durchführung eines Vorhabens erforderlich ist, für das der Plan festgestellt oder genehmigt ist. § 45 Absatz 1, 2 und 3 des Energiewirtschaftsgesetzes über das Enteignungsverfahren sowie die §§ 45a und 45b des Energiewirtschaftsgesetzes über das Entschädigungsverfahren und über die Parallelführung von Planfeststellungs- und Enteignungsverfahren sind auf Verfahren nach Absatz 1 entsprechend mit der Maßgabe anzuwenden, dass es einer weiteren Feststellung der Zulässigkeit der Enteignung nicht bedarf. Der festgestellte oder genehmigte Plan nach den aktuell gültigen technischen Regeln ist dem Enteignungsverfahren zugrunde zu legen und für die Enteignungsbehörde bindend. Hat sich ein Beteiligter mit der Übertragung oder Beschränkung des Eigentums oder eines anderen Rechts schriftlich einverstanden erklärt, kann das Entschädigungsverfahren unmittelbar durchgeführt werden.</P></Content></text></textdaten></norm>
<norm builddate="20260105215618" doknr="BJNR15C0B0025BJNE000900000"><metadaten><jurabk>GeoBG</jurabk><enbez>§ 9</enbez><titel format="XML">Rechtsbehelfe</titel></metadaten><textdaten><text format="XML"><Content><P>(1) Widerspruch und Anfechtungsklage gegen eine Zulassungsentscheidung für eine Anlage oder Leitung nach § 2 sowie gegen die Entscheidung über den vorzeitigen Beginn einer Maßnahme haben keine aufschiebende Wirkung.</P><P>(2) Der Antrag auf Anordnung der aufschiebenden Wirkung des Widerspruchs oder der Anfechtungsklage nach § 80 Absatz 5 Satz 1 der Verwaltungsgerichtsordnung gegen eine Zulassungsentscheidung kann nur innerhalb eines Monats nach der Bekanntgabe der Zulassungsentscheidung gestellt und begründet werden. Darauf ist in der Rechtsbehelfsbelehrung hinzuweisen. § 58 der Verwaltungsgerichtsordnung ist entsprechend anzuwenden. Treten später Tatsachen ein, die die Anordnung der aufschiebenden Wirkung rechtfertigen, so kann der durch die Zulassungsentscheidung Beschwerte einen hierauf gestützten Antrag nach § 80 Absatz 5 Satz 1 der Verwaltungsgerichtsordnung innerhalb einer Frist von einem Monat stellen und begründen. Die Frist beginnt mit dem Zeitpunkt, in dem der Beschwerte von den Tatsachen Kenntnis erlangt.</P></Content></text></textdaten></norm>
<norm builddate="20260105215618" doknr="BJNR15C0B0025BJNE001000000"><metadaten><jurabk>GeoBG</jurabk><enbez>§ 10</enbez><titel format="XML">Sachliche Zuständigkeit der Oberverwaltungsgerichte</titel></metadaten><textdaten><text format="XML"><Content><P>(1) Das Oberverwaltungsgericht entscheidet im ersten Rechtszug über sämtliche Streitigkeiten über die Errichtung, den Betrieb und die Änderung <DL Type="arabic"><DT>1.</DT><DD Font="normal"><LA>einer Anlage nach § 2 Nummer 1,</LA></DD><DT>2.</DT><DD Font="normal"><LA>einer Anlage nach § 2 Nummer 3 mit einer thermischen Leistung von mindestens 500 Kilowatt sowie</LA></DD><DT>3.</DT><DD Font="normal"><LA>einer Leitung nach § 2 Nummer 5.</LA></DD></DL></P><P>(2) Absatz 1 ist auch anzuwenden auf Streitigkeiten über die Zulassung des vorzeitigen Beginns, die sich auf die Anlagen nach Absatz 1 beziehen sowie auf Streitigkeiten über den Anschluss dieser Anlagen an ein Wärmenetz.</P></Content></text></textdaten></norm>
<norm builddate="20260105215618" doknr="BJNR15C0B0025BJNE001100000"><metadaten><jurabk>GeoBG</jurabk><enbez>§ 11</enbez><titel format="XML">Übergangsregelungen</titel></metadaten><textdaten><text format="XML"><Content><P>(1) Mit Ausnahme des § 6 sind die Regelungen dieses Gesetzes auch auf solche Verwaltungsverfahren über die Zulassung einer Anlage oder Leitung nach § 2 anzuwenden, die vor dem 23. Dezember 2025 begonnen, aber nicht abgeschlossen wurden. Ein Verfahrensschritt des Verwaltungsverfahrens, der vor dem 23. Dezember 2025 begonnen, aber nicht abgeschlossen wurde, ist neu zu beginnen, wenn er nach den Vorschriften dieses Gesetzes durchgeführt wird. Ein Verfahrensschritt nach Satz 2 muss nicht abgeschlossen werden, wenn er nach diesem Gesetz entfallen kann.</P><P>(2) § 6 ist auf solche Verwaltungsverfahren über die Zulassung einer Anlage oder Leitung nach § 2 Nummer 1 bis 4 anzuwenden, die vor dem 22. Juni 2026 begonnen, aber noch nicht abgeschlossen wurden. Ein Verfahrensschritt, der vor dem 22. Juni 2026 begonnen, aber noch nicht abgeschlossen wurde, ist neu zu beginnen, wenn er nach den Vorschriften dieses Gesetzes durchgeführt wird. Absatz 1 Satz 3 ist entsprechend anzuwenden.</P><P>(3) Abweichend von Absatz 1 soll ein Verfahrensschritt, der vor dem 23. Dezember 2025 begonnen, aber nicht abgeschlossen wurde, nach den Vorschriften, die zum Zeitpunkt des Beginns des Zulassungsverfahrens anzuwenden waren, abgeschlossen werden, wenn der Verfahrensschritt hiernach schneller abgeschlossen werden kann.</P><P>(4) Fallen Verfahrensschritte nach diesem Gesetz weg, sind auch die entsprechenden Fehlerfolgenregelungen insoweit nicht anzuwenden.</P><P>(5) § 9 Absatz 2 ist nur auf solche Zulassungsentscheidungen anzuwenden, die ab dem 23. Dezember 2025 bekanntgegeben werden.</P><P>(6) § 48 Absatz 1 Satz 1 Nummer 3c der Verwaltungsgerichtsordnung in der ab dem 23. Dezember 2025 geltenden Fassung sowie § 10 sind nur auf solche Klageverfahren gegen einen auf die Anlage bezogenen Verwaltungsakt anzuwenden, bei denen der Widerspruchsbescheid ab dem 23. Dezember 2025 zugestellt wird. Ist nach § 68 Absatz 1 Satz 2 der Verwaltungsgerichtsordnung ein Vorverfahren gegen einen auf die Anlage bezogenen Verwaltungsakt nicht erforderlich, so ist § 48 Absatz 1 Satz 1 Nummer 3c der Verwaltungsgerichtsordnung in der ab dem 23. Dezember 2025 geltenden Fassung sowie § 10 nur auf Klageverfahren anzuwenden, bei denen der Verwaltungsakt ab dem 23. Dezember 2025 bekanntgegeben wird.</P></Content></text></textdaten></norm>
</dokumente>