<?xml version="1.0" encoding="UTF-8" ?><!DOCTYPE dokumente SYSTEM "http://www.gesetze-im-internet.de/dtd/1.01/gii-norm.dtd">
<dokumente builddate="20120625152447" doknr="BJNR013830919"><norm builddate="20120625152447" doknr="BJNR013830919"><metadaten><jurabk>WRV</jurabk><ausfertigung-datum manuell="ja">1919-08-11</ausfertigung-datum><fundstelle typ="amtlich"><periodikum>RGBl</periodikum><zitstelle>1919, 1383</zitstelle></fundstelle><langue>Die Verfassung des Deutschen Reichs</langue></metadaten><textdaten><text format="XML"><Content><P/></Content></text><fussnoten><Content><P><BR/> <pre xml:space="preserve">(+++ Textnachweis Geltung ab: 1.1.1964 +++)<BR/><BR/></pre>Gem. Art. 181 in Kraft getreten mit der Verkündung</P><P><BR/> Art. 136, 137, 138, 139 u. 141 der Verfassung des Deutschen Reichs sind gem. Art 140 GG Bestandteil d. GG</P></Content></fussnoten></textdaten></norm>
<norm builddate="20120625152447" doknr="BJNR013830919BJNE000100306"><metadaten><jurabk>WRV</jurabk><enbez>Art 109</enbez></metadaten><textdaten><text format="XML"><Content><P>(1) u. (2)</P><P>(3) ... Adelsbezeichnungen gelten nur als Teil des Namens und dürfen nicht mehr verliehen werden.</P><P>(4) bis (6)</P></Content>  </text><fussnoten/></textdaten></norm>
<norm builddate="20120625152447" doknr="BJNR013830919BJNE000100314"><metadaten><jurabk>WRV</jurabk><enbez>Art 136</enbez></metadaten><textdaten><text format="XML"><Content><P>(1) Die bürgerlichen und staatsbürgerlichen Rechte und Pflichten werden durch die Ausübung der Religionsfreiheit weder bedingt noch beschränkt.</P><P>(2) Der Genuß bürgerlicher und staatsbürgerlicher Rechte sowie die Zulassung zu öffentlichen Ämtern sind unabhängig von dem religiösen Bekenntnis.</P><P>(3) Niemand ist verpflichtet, seine religiöse Überzeugung zu offenbaren. Die Behörden haben nur soweit das Recht, nach der Zugehörigkeit zu einer Religionsgesellschaft zu fragen, als davon Rechte und Pflichten abhängen oder eine gesetzlich angeordnete statistische Erhebung dies erfordert.</P><P>(4) Niemand darf zu einer kirchlichen Handlung oder Feierlichkeit oder zur Teilnahme an religiösen Übungen oder zur Benutzung einer religiösen Eidesform gezwungen werden.</P></Content>   </text></textdaten></norm>
<norm builddate="20120625152447" doknr="BJNR013830919BJNE000200314"><metadaten><jurabk>WRV</jurabk><enbez>Art 137</enbez></metadaten><textdaten><text format="XML"><Content><P>(1) Es besteht keine Staatskirche.</P><P>(2) Die Freiheit der Vereinigung zu Religionsgesellschaften wird gewährleistet. Der Zusammenschluß von Religionsgesellschaften innerhalb des Reichsgebiets unterliegt keinen Beschränkungen.</P><P>(3) Jede Religionsgesellschaft ordnet und verwaltet ihre Angelegenheiten selbständig innerhalb der Schranken des für alle geltenden Gesetzes. Sie verleiht ihre Ämter ohne Mitwirkung des Staates oder der bürgerlichen Gemeinde.</P><P>(4) Religionsgesellschaften erwerben die Rechtsfähigkeit nach den allgemeinen Vorschriften des bürgerlichen Rechtes.</P><P>(5) Die Religionsgesellschaften bleiben Körperschaften des öffentlichen Rechtes, soweit sie solche bisher waren. Anderen Religionsgesellschaften sind auf ihren Antrag gleiche Rechte zu gewähren, wenn sie durch ihre Verfassung und die Zahl ihrer Mitglieder die Gewähr der Dauer bieten. Schließen sich mehrere derartige öffentlich-rechtliche Religionsgesellschaften zu einem Verbande zusammen, so ist auch dieser Verband eine öffentlich-rechtliche Körperschaft.</P><P>(6) Die Religionsgesellschaften, welche Körperschaften des öffentlichen Rechtes sind, sind berechtigt, auf Grund der bürgerlichen Steuerlisten nach Maßgabe der landesrechtlichen Bestimmungen Steuern zu erheben.</P><P>(7) Den Religionsgesellschaften werden die Vereinigungen gleichgestellt, die sich die gemeinschaftliche Pflege einer Weltanschauung zur Aufgabe machen.</P><P>(8) Soweit die Durchführung dieser Bestimmungen eine weitere Regelung erfordert, liegt diese der Landesgesetzgebung ob.</P></Content>       </text></textdaten></norm>
<norm builddate="20120625152447" doknr="BJNR013830919BJNE000300314"><metadaten><jurabk>WRV</jurabk><enbez>Art 138</enbez></metadaten><textdaten><text format="XML"><Content><P>(1) Die auf Gesetz, Vertrag oder besonderen Rechtstiteln beruhenden Staatsleistungen an die Religionsgesellschaften werden durch die Landesgesetzgebung abgelöst. Die Grundsätze hierfür stellt das Reich auf.</P><P>(2) Das Eigentum und andere Rechte der Religionsgesellschaften und religiösen Vereine an ihren für Kultus-, Unterrichts- und Wohltätigkeitszwecke bestimmten Anstalten, Stiftungen und sonstigen Vermögen werden gewährleistet.</P></Content> </text></textdaten></norm>
<norm builddate="20120625152447" doknr="BJNR013830919BJNE000400314"><metadaten><jurabk>WRV</jurabk><enbez>Art 139</enbez></metadaten><textdaten><text format="XML"><Content><P>Der Sonntag und die staatlich anerkannten Feiertage bleiben als Tage der Arbeitsruhe und der seelischen Erhebung gesetzlich geschützt.</P></Content></text></textdaten></norm>
<norm builddate="20120625152447" doknr="BJNR013830919BJNE000500314"><metadaten><jurabk>WRV</jurabk><enbez>Art 141</enbez></metadaten><textdaten><text format="XML"><Content><P>Soweit das Bedürfnis nach Gottesdienst und Seelsorge im Heer, in Krankenhäusern, Strafanstalten oder sonstigen öffentlichen Anstalten besteht, sind die Religionsgesellschaften zur Vornahme religiöser Handlungen zuzulassen, wobei jeder Zwang fernzuhalten ist.</P></Content></text></textdaten></norm>
</dokumente>