<?xml version="1.0" encoding="UTF-8" ?><!DOCTYPE dokumente SYSTEM "http://www.gesetze-im-internet.de/dtd/1.01/gii-norm.dtd">
<dokumente builddate="20120625153141" doknr="BJNR000090950"><norm builddate="20120625153141" doknr="BJNR000090950"><metadaten><jurabk>MarshallplAbkG</jurabk><ausfertigung-datum manuell="ja">1950-01-31</ausfertigung-datum><fundstelle typ="amtlich"><periodikum>BGBl</periodikum><zitstelle>1950, 9</zitstelle></fundstelle><langue>Gesetz betreffend das Abkommen über Wirtschaftliche Zusammenarbeit
zwischen den Vereinigten Staaten von Amerika und der Bundesrepublik Deutschland
vom 15. Dezember 1949</langue><standangabe checked="ja"><standtyp>Stand</standtyp><standkommentar>zuletzt geändert durch Art. 72 G v. 8.12.2010 I 1864</standkommentar></standangabe></metadaten><textdaten><text format="XML"><Content><P/></Content></text><fussnoten><Content><P>(+++ Textnachweis Geltung ab:  1. 1.1964 +++) <BR/>Für Berlin vgl. GVBl. 1953 S. 199</P></Content></fussnoten></textdaten></norm>
<norm builddate="20120625153141" doknr="BJNR000090950BJNE000100326"><metadaten><jurabk>MarshallplAbkG</jurabk><enbez>Art I</enbez></metadaten><textdaten><text format="XML"><Content><P>Dem am 15. Dezember 1949 in Bonn unterzeichneten Abkommen über Wirtschaftliche Zusammenarbeit zwischen den Vereinigten Staaten von Amerika und der Bundesrepublik Deutschland wird zugestimmt.</P></Content></text><fussnoten/></textdaten></norm>
<norm builddate="20120625153141" doknr="BJNR000090950BJNE000200326"><metadaten><jurabk>MarshallplAbkG</jurabk><enbez>Art II</enbez></metadaten><textdaten><text format="XML"><Content><P>(1) Das Abkommen wird nachstehend mit Gesetzeskraft veröffentlicht.</P><P>(2)</P></Content> </text><fussnoten/></textdaten></norm>
<norm builddate="20120625153141" doknr="BJNR000090950BJNE000301360"><metadaten><jurabk>MarshallplAbkG</jurabk><enbez>Art III</enbez></metadaten><textdaten><text format="XML"><Content><P>Die im Zusammenhang mit dem Abkommen der Bundesrepublik Deutschland entstandenen und noch entstehenden Vermögenswerte bilden ein Sondervermögen des Bundes, auf das die Vorschriften der Bundeshaushaltsordnung Anwendung finden. Die Rechnungsprüfung erfolgt durch den Bundesrechnungshof.</P></Content></text><fussnoten/></textdaten></norm>
<norm builddate="20120625153141" doknr="BJNR000090950BJNE000400326"><metadaten><jurabk>MarshallplAbkG</jurabk><enbez>Art IV</enbez></metadaten><textdaten><text format="XML"><Content><P>Die Bundesregierung wird ermächtigt, im Wege der Rechtsverordnung gemäß Artikel II Abs. 1 des Abkommens Ausführungsbestimmungen über die Kontrolle der Lieferung und Verwendung der mit Marshallplan-Mitteln finanzierten Einfuhrwaren (Marshallplanwaren) dahin zu erlassen, daß die Einführer oder späteren Besitzer von Marshallplanwaren verpflichtet werden, Auskünfte zu erteilen, Bescheinigungen anerkannter Kontrolleure oder öffentlich bestellter und vereidigter Sachverständiger vorzulegen und Rechte aus unvollständiger oder mangelhafter Lieferung geltend zu machen, ferner Prüfungen der Handelsbücher, der Geschäftspapiere und der Lagerbestände vornehmen zu lassen. Diese Ermächtigung umfaßt das Recht der Bundesregierung, sich bei der Ausübung der bezeichneten Befugnisse der Hilfe einer Warenrevisionsstelle zu bedienen, mit deren Geschäftsführung eine öffentlich bestellte Wirtschaftsprüfungsgesellschaft beauftragt werden kann.</P></Content></text><fussnoten/></textdaten></norm>
<norm builddate="20120625153141" doknr="BJNR000090950BJNE000500326"><metadaten><jurabk>MarshallplAbkG</jurabk><enbez>Art V</enbez></metadaten><textdaten><text format="XML"><Content><P>Dieses Gesetz tritt mit dem Tag nach der Verkündung in Kraft.</P></Content></text></textdaten></norm>
</dokumente>