<?xml version="1.0" encoding="UTF-8" ?><!DOCTYPE dokumente SYSTEM "http://www.gesetze-im-internet.de/dtd/1.01/gii-norm.dtd">
<dokumente builddate="20210615213119" doknr="BJNR049400012"><norm builddate="20210615213119" doknr="BJNR049400012"><metadaten><jurabk>SchLichtReklAusbV</jurabk><amtabk>SchLichtReklAusbV</amtabk><ausfertigung-datum manuell="ja">2012-03-26</ausfertigung-datum><fundstelle typ="amtlich"><periodikum>BGBl I</periodikum><zitstelle>2012, 494</zitstelle></fundstelle><kurzue>Schilder- und Lichtreklame-Ausbildungsverordnung</kurzue><langue>Verordnung über die Berufsausbildung zum Schilder- und Lichtreklamehersteller und zur Schilder- und Lichtreklameherstellerin<FnR ID="f776346_01_BJNR049400012"/></langue></metadaten><textdaten><text format="XML"><Footnotes><Footnote FnZ="*" Group="column" ID="f776346_01_BJNR049400012" Pos="normal" Postfix=")"><noindex>Diese Rechtsverordnung ist eine Ausbildungsordnung im Sinne des § 25 der Handwerksordnung. Die Ausbildungsordnung und der damit abgestimmte von der Ständigen Konferenz der Kultusminister der Länder in der Bundesrepublik Deutschland beschlossene Rahmenlehrplan für die Berufsschule werden demnächst als Beilage zum Bundesanzeiger veröffentlicht.</noindex></Footnote></Footnotes></text><fussnoten><Content><P><BR/> <pre xml:space="preserve">(+++ Textnachweis ab: 1.8.2012 +++)<BR/><BR/></pre></P></Content></fussnoten></textdaten></norm>
<norm builddate="20210615213119" doknr="BJNR049400012BJNE000100000"><metadaten><jurabk>SchLichtReklAusbV</jurabk><enbez>Eingangsformel</enbez></metadaten><textdaten><text format="XML"><Content><P>Auf Grund des § 25 Absatz 1 Satz 1 der Handwerksordnung, der zuletzt durch Artikel 146 der Verordnung vom 31. Oktober 2006 (BGBl. I S. 2407) geändert worden ist, verordnet das Bundesministerium für Wirtschaft und Technologie im Einvernehmen mit dem Bundesministerium für Bildung und Forschung:</P></Content></text></textdaten></norm>
<norm builddate="20210615213119" doknr="BJNR049400012BJNE000200000"><metadaten><jurabk>SchLichtReklAusbV</jurabk><enbez>§ 1</enbez><titel format="XML">Staatliche Anerkennung des Ausbildungsberufes</titel></metadaten><textdaten><text format="XML"><Content><P>Der Ausbildungsberuf des Schilder- und Lichtreklameherstellers und der Schilder- und Lichtreklameherstellerin wird nach § 25 der Handwerksordnung zur Ausbildung für das Gewerbe Nummer 53, Schilder- und Lichtreklamehersteller, der Anlage B Abschnitt 1 der Handwerksordnung staatlich anerkannt.</P></Content></text></textdaten></norm>
<norm builddate="20210615213119" doknr="BJNR049400012BJNE000300000"><metadaten><jurabk>SchLichtReklAusbV</jurabk><enbez>§ 2</enbez><titel format="XML">Dauer der Berufsausbildung</titel></metadaten><textdaten><text format="XML"><Content><P>Die Ausbildung dauert drei Jahre.</P></Content></text></textdaten></norm>
<norm builddate="20210615213119" doknr="BJNR049400012BJNE000400000"><metadaten><jurabk>SchLichtReklAusbV</jurabk><enbez>§ 3</enbez><titel format="XML">Struktur der Berufsausbildung</titel></metadaten><textdaten><text format="XML"><Content><P>Die Berufsausbildung gliedert sich in gemeinsame Ausbildungsinhalte und die Ausbildung in einem der beiden Schwerpunkte <DL Type="arabic"><DT>1.</DT><DD Font="normal"><LA>Technik, Montage, Werbeelektrik/-elektronik oder</LA></DD><DT>2.</DT><DD Font="normal"><LA>Grafik, Druck, Applikation.</LA></DD></DL></P></Content></text></textdaten></norm>
<norm builddate="20210615213119" doknr="BJNR049400012BJNE000500000"><metadaten><jurabk>SchLichtReklAusbV</jurabk><enbez>§ 4</enbez><titel format="XML">Ausbildungsrahmenplan, Ausbildungsberufsbild</titel></metadaten><textdaten><text format="XML"><Content><P>(1) Gegenstand der Berufsausbildung sind mindestens die im Ausbildungsrahmenplan (Anlage) aufgeführten Fertigkeiten, Kenntnisse und Fähigkeiten (berufliche Handlungsfähigkeit). Eine von dem Ausbildungsrahmenplan abweichende Organisation der Ausbildung ist insbesondere zulässig, soweit betriebspraktische Besonderheiten die Abweichung erfordern.</P><P>(2) Die Berufsausbildung zum Schilder- und Lichtreklamehersteller sowie zur Schilder- und Lichtreklameherstellerin gliedert sich wie folgt (Ausbildungsberufsbild):<BR/><BR/><SP>Abschnitt A</SP><BR/><BR/>Berufsprofilgebende Fertigkeiten, Kenntnisse und Fähigkeiten: <DL Font="normal" Type="arabic"><DT>1.</DT><DD Font="normal"><LA Size="normal">Applizieren mit und auf unterschiedlichen Werkstoffen,</LA></DD><DT>2.</DT><DD Font="normal"><LA Size="normal">Herstellen von Beschriftungen und bildlichen Darstellungen,</LA></DD><DT>3.</DT><DD Font="normal"><LA Size="normal">Be- und Verarbeiten von Werk- und Hilfsstoffen,</LA></DD><DT>4.</DT><DD Font="normal"><LA Size="normal">Bedienen von Arbeitsmitteln und -geräten,</LA></DD><DT>5.</DT><DD Font="normal"><LA Size="normal">Anwenden von Drucktechniken,</LA></DD><DT>6.</DT><DD Font="normal"><LA Size="normal">Installieren von Werbeelektrik und Werbeelektronik,</LA></DD><DT>7.</DT><DD Font="normal"><LA Size="normal">Herstellen von Kommunikations- und Werbeanlagen, Leitsystemen, Messe- und Ausstellungsständen,</LA></DD><DT>8.</DT><DD Font="normal"><LA Size="normal">Befestigen und Verbinden von Kommunikations- und Werbeanlagen,</LA></DD><DT>9.</DT><DD Font="normal"><LA Size="normal">Warten, Demontieren und Reparieren von Kommunikations- und Werbeanlagen,</LA></DD><DT>10.</DT><DD Font="normal"><LA Size="normal">Entwerfen, Gestalten und Präsentieren von Kommunikations- und Werbekonzepten,</LA></DD><DT>11.</DT><DD Font="normal"><LA Size="normal">Beraten von Kunden,</LA></DD><DT>12.</DT><DD Font="normal"><LA Size="normal">Einrichten und Räumen von Arbeitsstätten;</LA></DD></DL><SP>Abschnitt B</SP><BR/><BR/>Weitere berufsprofilgebende Fertigkeiten, Kenntnisse und Fähigkeiten in den Schwerpunkten: <DL Font="normal" Type="arabic"><DT>1.</DT><DD Font="normal"><LA Size="normal">Technik, Montage, Werbeelektrik/-elektronik,</LA></DD><DT>2.</DT><DD Font="normal"><LA Size="normal">Grafik, Druck, Applikation;</LA></DD></DL><SP>Abschnitt C</SP><BR/><BR/>Integrative Fertigkeiten, Kenntnisse und Fähigkeiten: <DL Font="normal" Type="arabic"><DT>1.</DT><DD Font="normal"><LA Size="normal">Berufsbildung, Arbeits- und Tarifrecht,</LA></DD><DT>2.</DT><DD Font="normal"><LA Size="normal">Aufbau und Organisation des Ausbildungsbetriebes,</LA></DD><DT>3.</DT><DD Font="normal"><LA Size="normal">Sicherheit und Gesundheitsschutz bei der Arbeit,</LA></DD><DT>4.</DT><DD Font="normal"><LA Size="normal">Umweltschutz,</LA></DD><DT>5.</DT><DD Font="normal"><LA Size="normal">Planen und Vorbereiten von Arbeitsabläufen, Arbeiten im Team,</LA></DD><DT>6.</DT><DD Font="normal"><LA Size="normal">Betriebliche und technische Kommunikation,</LA></DD><DT>7.</DT><DD Font="normal"><LA Size="normal">Manuelles und rechnergestütztes Erstellen technischer Unterlagen,</LA></DD><DT>8.</DT><DD Font="normal"><LA Size="normal">Durchführen von qualitätssichernden Maßnahmen.</LA></DD></DL></P></Content></text></textdaten></norm>
<norm builddate="20210615213119" doknr="BJNR049400012BJNE000600000"><metadaten><jurabk>SchLichtReklAusbV</jurabk><enbez>§ 5</enbez><titel format="XML">Durchführung der Berufsausbildung</titel></metadaten><textdaten><text format="XML"><Content><P>(1) Die in dieser Verordnung genannten Fertigkeiten, Kenntnisse und Fähigkeiten sollen so vermittelt werden, dass die Auszubildenden zur Ausübung einer qualifizierten beruflichen Tätigkeit im Sinne von § 1 Absatz 3 des Berufsbildungsgesetzes befähigt werden, die insbesondere selbstständiges Planen, Durchführen und Kontrollieren einschließt. Diese Befähigung ist auch in den Prüfungen nach den §§ 7 und 8 nachzuweisen.</P><P>(2) Die Ausbildenden haben unter Zugrundelegung des Ausbildungsrahmenplans für die Auszubildenden einen Ausbildungsplan zu erstellen.</P><P>(3) Die Auszubildenden haben einen schriftlichen Ausbildungsnachweis zu führen. Ihnen ist Gelegenheit zu geben, den schriftlichen Ausbildungsnachweis während der Ausbildungszeit zu führen. Die Ausbildenden haben den schriftlichen Ausbildungsnachweis regelmäßig durchzusehen.</P></Content></text></textdaten></norm>
<norm builddate="20210615213119" doknr="BJNR049400012BJNE000700000"><metadaten><jurabk>SchLichtReklAusbV</jurabk><enbez>§ 6</enbez><titel format="XML">Gesellenprüfung</titel></metadaten><textdaten><text format="XML"><Content><P>(1) Die Gesellenprüfung besteht aus den beiden zeitlich auseinanderfallenden Teilen 1 und 2. Durch die Gesellenprüfung ist festzustellen, ob der Prüfling die berufliche Handlungsfähigkeit erworben hat. In der Gesellenprüfung soll der Prüfling nachweisen, dass er die dafür erforderlichen beruflichen Fertigkeiten beherrscht, die notwendigen beruflichen Kenntnisse und Fähigkeiten besitzt und mit dem im Berufsschulunterricht zu vermittelnden, für die Berufsausbildung wesentlichen Lehrstoff vertraut ist. Die Ausbildungsordnung ist zugrunde zu legen. Dabei sollen Qualifikationen, die bereits Gegenstand von Teil 1 der Gesellenprüfung waren, in Teil 2 der Gesellenprüfung nur insoweit einbezogen werden, als es für die Feststellung der Berufsbefähigung erforderlich ist.</P><P>(2) Bei der Ermittlung des Gesamtergebnisses wird Teil 1 der Gesellenprüfung mit 20 Prozent und Teil 2 der Gesellenprüfung mit 80 Prozent gewichtet.</P></Content></text></textdaten></norm>
<norm builddate="20210615213119" doknr="BJNR049400012BJNE000800000"><metadaten><jurabk>SchLichtReklAusbV</jurabk><enbez>§ 7</enbez><titel format="XML">Teil 1 der Gesellenprüfung</titel></metadaten><textdaten><text format="XML"><Content><P>(1) Teil 1 der Gesellenprüfung soll vor dem Ende des zweiten Ausbildungsjahres stattfinden.</P><P>(2) Teil 1 der Gesellenprüfung erstreckt sich auf die in der Anlage für die ersten drei Ausbildungshalbjahre aufgeführten Fertigkeiten, Kenntnisse und Fähigkeiten sowie auf den im Berufsschulunterricht zu vermittelnden Lehrstoff, soweit er für die Berufsausbildung wesentlich ist.</P><P>(3) Teil 1 der Gesellenprüfung besteht aus dem Prüfungsbereich Vektorisierung, Schriftbild und Folienbeschriftung.</P><P>(4) Für den Prüfungsbereich Vektorisierung, Schriftbild und Folienbeschriftung bestehen folgende Vorgaben: <DL Font="normal" Type="arabic"><DT>1.</DT><DD Font="normal"><LA Size="normal">Der Prüfling soll nachweisen, dass er in der Lage ist, <DL Font="normal" Type="alpha"><DT>a)</DT><DD Font="normal"><LA Size="normal">zu vektorisieren,</LA></DD><DT>b)</DT><DD Font="normal"><LA Size="normal">Schriften zu spationieren,</LA></DD><DT>c)</DT><DD Font="normal"><LA Size="normal">Beschriftungen und bildliche Darstellungen manuell herzustellen,</LA></DD><DT>d)</DT><DD Font="normal"><LA Size="normal">die fachlichen Hintergründe dieser Tätigkeiten darzustellen;</LA></DD></DL></LA></DD><DT>2.</DT><DD Font="normal"><LA Size="normal">der Prüfling soll drei Arbeitsproben durchführen und Aufgabenstellungen, die sich auf die Arbeitsproben beziehen, schriftlich bearbeiten;</LA></DD><DT>3.</DT><DD Font="normal"><LA Size="normal">die Prüfungszeit beträgt insgesamt fünf Stunden; innerhalb dieser Zeit soll die Bearbeitung der schriftlichen Aufgabenstellungen in 60 Minuten durchgeführt werden.</LA></DD></DL></P></Content></text></textdaten></norm>
<norm builddate="20210615213119" doknr="BJNR049400012BJNE000900000"><metadaten><jurabk>SchLichtReklAusbV</jurabk><enbez>§ 8</enbez><titel format="XML">Teil 2 der Gesellenprüfung</titel></metadaten><textdaten><text format="XML"><Content><P>(1) Teil 2 der Gesellenprüfung erstreckt sich auf die in der Anlage aufgeführten Fertigkeiten, Kenntnisse und Fähigkeiten sowie auf den im Berufsschulunterricht zu vermittelnden Lehrstoff, soweit er für die Berufsausbildung wesentlich ist.</P><P>(2) Teil 2 der Gesellenprüfung besteht aus den Prüfungsbereichen: <DL Type="arabic"><DT>1.</DT><DD Font="normal"><LA>Herstellen einer Werbeanlage,</LA></DD><DT>2.</DT><DD Font="normal"><LA>Planung und Fertigung,</LA></DD><DT>3.</DT><DD Font="normal"><LA>Konzeption und Gestaltung,</LA></DD><DT>4.</DT><DD Font="normal"><LA>Wirtschafts- und Sozialkunde.</LA></DD></DL></P><P>(3) Für den Prüfungsbereich Herstellen einer Werbeanlage bestehen folgende Vorgaben: <DL Type="arabic"><DT>1.</DT><DD Font="normal"><LA>Der Prüfling soll nachweisen, dass er in der Lage ist, <DL Type="alpha"><DT>a)</DT><DD Font="normal"><LA>Arbeitsabläufe zu planen,</LA></DD><DT>b)</DT><DD Font="normal"><LA>Gestaltungskonzepte zu erarbeiten und darzustellen,</LA></DD><DT>c)</DT><DD Font="normal"><LA>Werkzeuge und Geräte auszuwählen und einzusetzen,</LA></DD><DT>d)</DT><DD Font="normal"><LA>Werkstoffe zu bearbeiten, Hilfsstoffe auszuwählen und einzusetzen,</LA></DD><DT>e)</DT><DD Font="normal"><LA>Untergründe zu beschichten,</LA></DD><DT>f)</DT><DD Font="normal"><LA>Beschriftungen und bildliche Darstellungen rechnergestützt herzustellen,</LA></DD><DT>g)</DT><DD Font="normal"><LA>Folien zu verkleben,</LA></DD><DT>h)</DT><DD Font="normal"><LA>Fertigungsverfahren einzusetzen,</LA></DD><DT>i)</DT><DD Font="normal"><LA>Werbeelektrik und Werbeelektronik zu installieren,</LA></DD><DT>j)</DT><DD Font="normal"><LA>Bauteile und Baugruppen zusammenzubauen,</LA></DD><DT>k)</DT><DD Font="normal"><LA>durchgeführte Arbeiten zu kontrollieren und Funktionen zu prüfen,</LA></DD><DT>l)</DT><DD Font="normal"><LA>Maßnahmen zur Sicherheit und zum Gesundheitsschutz bei der Arbeit, zum Umweltschutz, zur Kundenorientierung und zur Wirtschaftlichkeit zu berücksichtigen,</LA></DD><DT>m)</DT><DD Font="normal"><LA>die Vorgehensweise bei der Herstellung zu begründen und fachliche Hintergründe aufzuzeigen sowie</LA></DD><DT>n)</DT><DD Font="normal"><LA>im Schwerpunkt Technik, Montage, Werbeelektrik/-elektronik Steuerungs- und Regelungstechniken zu konfigurieren oder</LA></DD><DT>o)</DT><DD Font="normal"><LA>im Schwerpunkt Grafik, Druck, Applikation eine Blattmetall- oder Folienveredelungstechnik anzuwenden;</LA></DD></DL></LA></DD><DT>2.</DT><DD Font="normal"><LA>dem Prüfungsbereich ist das Entwerfen und Herstellen einer beleuchteten dreidimensionalen Werbeanlage zugrunde zu legen;</LA></DD><DT>3.</DT><DD Font="normal"><LA>der Prüfling soll ein Prüfungsstück anfertigen, mit praxisüblichen Unterlagen dokumentieren sowie hierüber ein auftragsbezogenes Fachgespräch führen;</LA></DD><DT>4.</DT><DD Font="normal"><LA>die Prüfungszeit beträgt insgesamt 28 Stunden; innerhalb dieser Zeit soll das auftragsbezogene Fachgespräch in höchstens 20 Minuten durchgeführt werden.</LA></DD></DL></P><P>(4) Für den Prüfungsbereich Planung und Fertigung bestehen folgende Vorgaben: <DL Type="arabic"><DT>1.</DT><DD Font="normal"><LA>Der Prüfling soll nachweisen, dass er in der Lage ist, <DL Type="alpha"><DT>a)</DT><DD Font="normal"><LA>Material-, Arbeits- und Zeitvorgaben zu kalkulieren,</LA></DD><DT>b)</DT><DD Font="normal"><LA>Eigenschaften, Be- und Verarbeitung von Werk- und Hilfsstoffen sowie technologische Zusammenhänge darzustellen,</LA></DD><DT>c)</DT><DD Font="normal"><LA>Wirkungen elektrischer Größen und der Elektronik zu berücksichtigen,</LA></DD><DT>d)</DT><DD Font="normal"><LA>qualitätssichernde Maßnahmen durchzuführen,</LA></DD><DT>e)</DT><DD Font="normal"><LA>Maßnahmen zur Sicherheit und zum Gesundheitsschutz bei der Arbeit sowie des Umweltschutzes zu ergreifen;</LA></DD></DL></LA></DD><DT>2.</DT><DD Font="normal"><LA>der Prüfling soll praxisbezogene Aufgaben schriftlich bearbeiten;</LA></DD><DT>3.</DT><DD Font="normal"><LA>die Prüfungszeit beträgt 120 Minuten.</LA></DD></DL></P><P>(5) Für den Prüfungsbereich Konzeption und Gestaltung bestehen folgende Vorgaben: <DL Type="arabic"><DT>1.</DT><DD Font="normal"><LA>Der Prüfling soll nachweisen, dass er in der Lage ist, <DL Type="alpha"><DT>a)</DT><DD Font="normal"><LA>konzeptionelle und gestalterische Zusammenhänge zu analysieren,</LA></DD><DT>b)</DT><DD Font="normal"><LA>Zusammenhänge der Kommunikation sowie der Informationstechnik darzustellen;</LA></DD></DL></LA></DD><DT>2.</DT><DD Font="normal"><LA>der Prüfling soll praxisbezogene Aufgaben schriftlich bearbeiten;</LA></DD><DT>3.</DT><DD Font="normal"><LA>die Prüfungszeit beträgt 60 Minuten.</LA></DD></DL></P><P>(6) Für den Prüfungsbereich Wirtschafts- und Sozialkunde bestehen folgende Vorgaben: <DL Type="arabic"><DT>1.</DT><DD Font="normal"><LA>Der Prüfling soll nachweisen, dass er allgemeine wirtschaftliche und gesellschaftliche Zusammenhänge der Berufs- und Arbeitswelt darstellen und beurteilen kann;</LA></DD><DT>2.</DT><DD Font="normal"><LA>der Prüfling soll praxisbezogene Aufgaben schriftlich lösen;</LA></DD><DT>3.</DT><DD Font="normal"><LA>die Prüfungszeit beträgt 60 Minuten.</LA></DD></DL></P></Content></text></textdaten></norm>
<norm builddate="20210615213119" doknr="BJNR049400012BJNE001000000"><metadaten><jurabk>SchLichtReklAusbV</jurabk><enbez>§ 9</enbez><titel format="XML">Gewichtungs- und Bestehensregelung</titel></metadaten><textdaten><text format="XML"><Content><P>(1) Die Prüfungsbereiche sind wie folgt zu gewichten: <DL Font="normal" Type="arabic"><DT>1.</DT><DD Font="normal"><LA Size="normal"><!-- SPLIT UMBAU : [Text: Vektorisierung, Schriftbild und][Element: <BR/>][Text: Folienbeschriftung][Element: 
<Split/>][Text: 20 Prozent,]--><table colsep="0" frame="none" pgwide="1" rowsep="0" tocentry="%yes;"><tgroup align="left" char="" charoff="50" cols="2"><colspec align="left" colname="leftSplit"/><colspec align="right" colname="rightSplit"/><tbody Class="Split" valign="top"><row><entry VJ="1" colname="leftSplit">Vektorisierung, Schriftbild und Folienbeschriftung</entry><entry VJ="1" colname="rightSplit" valign="bottom">20 Prozent,</entry></row></tbody></tgroup></table></LA></DD><DT>2.</DT><DD Font="normal"><LA Size="normal"><!-- SPLIT UMBAU : [Text: Herstellen einer Werbeanlage ][Element: <Split/>][Text: 45 Prozent,]--><table colsep="0" frame="none" pgwide="1" rowsep="0" tocentry="%yes;"><tgroup align="left" char="" charoff="50" cols="2"><colspec align="left" colname="leftSplit"/><colspec align="right" colname="rightSplit"/><tbody Class="Split" valign="top"><row><entry VJ="1" colname="leftSplit">Herstellen einer Werbeanlage</entry><entry VJ="1" colname="rightSplit" valign="bottom">45 Prozent,</entry></row></tbody></tgroup></table></LA></DD><DT>3.</DT><DD Font="normal"><LA Size="normal"><!-- SPLIT UMBAU : [Text: Planung und Fertigung ][Element: <Split/>][Text: 15 Prozent,]--><table colsep="0" frame="none" pgwide="1" rowsep="0" tocentry="%yes;"><tgroup align="left" char="" charoff="50" cols="2"><colspec align="left" colname="leftSplit"/><colspec align="right" colname="rightSplit"/><tbody Class="Split" valign="top"><row><entry VJ="1" colname="leftSplit">Planung und Fertigung</entry><entry VJ="1" colname="rightSplit" valign="bottom">15 Prozent,</entry></row></tbody></tgroup></table></LA></DD><DT>4.</DT><DD Font="normal"><LA Size="normal"><!-- SPLIT UMBAU : [Text: Konzeption und Gestaltung ][Element: <Split/>][Text: 10 Prozent,]--><table colsep="0" frame="none" pgwide="1" rowsep="0" tocentry="%yes;"><tgroup align="left" char="" charoff="50" cols="2"><colspec align="left" colname="leftSplit"/><colspec align="right" colname="rightSplit"/><tbody Class="Split" valign="top"><row><entry VJ="1" colname="leftSplit">Konzeption und Gestaltung</entry><entry VJ="1" colname="rightSplit" valign="bottom">10 Prozent,</entry></row></tbody></tgroup></table></LA></DD><DT>5.</DT><DD Font="normal"><LA Size="normal"><!-- SPLIT UMBAU : [Text: Wirtschafts- und Sozialkunde ][Element: <Split/>][Text: 10 Prozent.]--><table colsep="0" frame="none" pgwide="1" rowsep="0" tocentry="%yes;"><tgroup align="left" char="" charoff="50" cols="2"><colspec align="left" colname="leftSplit"/><colspec align="right" colname="rightSplit"/><tbody Class="Split" valign="top"><row><entry VJ="1" colname="leftSplit">Wirtschafts- und Sozialkunde</entry><entry VJ="1" colname="rightSplit" valign="bottom">10 Prozent.</entry></row></tbody></tgroup></table></LA></DD></DL></P><P>(2) Die Gesellenprüfung ist bestanden, wenn die Leistungen wie folgt bewertet worden sind: <DL Font="normal" Type="arabic"><DT>1.</DT><DD Font="normal"><LA Size="normal">im Gesamtergebnis von Teil 1 und Teil 2 mit mindestens „ausreichend“,</LA></DD><DT>2.</DT><DD Font="normal"><LA Size="normal">im Prüfungsbereich Planung und Fertigung mit mindestens „ausreichend“,</LA></DD><DT>3.</DT><DD Font="normal"><LA Size="normal">im Ergebnis von Teil 2 der Gesellenprüfung mit mindestens „ausreichend“,</LA></DD><DT>4.</DT><DD Font="normal"><LA Size="normal">in mindestens zwei der übrigen Prüfungsbereiche von Teil 2 mit mindestens „ausreichend“ und</LA></DD><DT>5.</DT><DD Font="normal"><LA Size="normal">in keinem Prüfungsbereich von Teil 2 mit „ungenügend“.</LA></DD></DL></P><P>(3) Auf Antrag des Prüflings ist die Prüfung in einem der in Teil 2 der Gesellenprüfung mit schlechter als „ausreichend“ bewerteten Prüfungsbereiche, Planung und Fertigung, Konzeption und Gestaltung oder Wirtschafts- und Sozialkunde durch eine mündliche Prüfung von etwa 15 Minuten zu ergänzen, wenn dies für das Bestehen der Prüfung den Ausschlag geben kann. Bei der Ermittlung des Ergebnisses für diesen Prüfungsbereich sind das bisherige Ergebnis und das Ergebnis der mündlichen Ergänzungsprüfung im Verhältnis von 2:1 zu gewichten.</P></Content></text></textdaten></norm>
<norm builddate="20210615213119" doknr="BJNR049400012BJNE001100000"><metadaten><jurabk>SchLichtReklAusbV</jurabk><enbez>§ 10</enbez><titel format="XML">Inkrafttreten, Außerkrafttreten</titel></metadaten><textdaten><text format="XML"><Content><P>Diese Verordnung tritt am 1. August 2012 in Kraft. Gleichzeitig tritt die Verordnung über die Berufsausbildung zum Schilder- und Lichtreklamehersteller/zur Schilder- und Lichtreklameherstellerin vom 19. Mai 1999 (BGBl. I S. 1066) außer Kraft.</P></Content></text></textdaten></norm>
<norm builddate="20210615213119" doknr="BJNR049400012BJNE001200000"><metadaten><jurabk>SchLichtReklAusbV</jurabk><enbez>Anlage</enbez><titel format="XML">(zu § 4 Absatz 1 Satz 1)<BR/>Ausbildungsrahmenplan für die Berufsausbildung zum Schilder- und Lichtreklamehersteller und zur Schilder- und Lichtreklameherstellerin</titel></metadaten><textdaten><text format="XML"><Content><P><noindex><kommentar typ="Fundstelle">(Fundstelle: BGBl. I 2012, 497 - 502)</kommentar></noindex></P><P><SP><B>Abschnitt A: Berufsprofilgebende Fertigkeiten, Kenntnisse und Fähigkeiten</B></SP><table frame="all" tabstyle="Ausbildung" tocentry="%yes;"><tgroup align="left" char="" charoff="50" cols="5" colsep="1" rowsep="1"><colspec align="center" colname="col1" colnum="1" colwidth=".75*"/><colspec colname="col2" colnum="2" colwidth="4.5*"/><colspec colname="col3" colnum="3" colwidth="8.5*"/><colspec align="center" colname="col4" colnum="4" colwidth="1.5*"/><colspec align="center" colname="col5" colnum="5" colwidth="1.5*"/><thead valign="bottom"><row><entry VJ="1" align="center" colname="col1" morerows="1" valign="middle">Lfd. Nr.</entry><entry VJ="1" align="center" colname="col2" morerows="1" valign="middle">Teil des<BR/>Ausbildungsberufsbildes</entry><entry VJ="1" align="center" colname="col3" morerows="1" valign="middle">Zu vermittelnde<BR/>Fertigkeiten, Kenntnisse und Fähigkeiten</entry><entry VJ="1" align="center" nameend="col5" namest="col4" valign="middle">Zeitliche Richtwerte<BR/>in Wochen im</entry></row><row><entry VJ="1" align="center" colname="col4" valign="middle">1. bis 18.<BR/>Monat</entry><entry VJ="1" align="center" colname="col5" valign="middle">19. bis 36.<BR/>Monat</entry></row><row><entry VJ="1" align="center" colname="col1" valign="middle">1</entry><entry VJ="1" align="center" colname="col2" valign="middle">2</entry><entry VJ="1" align="center" colname="col3" valign="middle">3</entry><entry VJ="1" align="center" nameend="col5" namest="col4" valign="middle">4</entry></row></thead><tbody valign="top"><row><entry VJ="1" colname="col1">1</entry><entry VJ="1" colname="col2">Applizieren mit und auf unterschiedlichen Werkstoffen<BR/>(§ 4 Absatz 2 Abschnitt A Nummer 1)</entry><entry VJ="1" colname="col3"><DL Font="normal" Type="alpha"><DT>a)</DT><DD Font="normal"><LA Size="normal">Untergründe prüfen und vorbehandeln</LA></DD><DT>b)</DT><DD Font="normal"><LA Size="normal">Applikationsverfahren auswählen</LA></DD><DT>c)</DT><DD Font="normal"><LA Size="normal">Beschichtungsaufbau festlegen</LA></DD><DT>d)</DT><DD Font="normal"><LA Size="normal">Untergründe durch Malen, Drucken und Lackieren beschichten</LA></DD><DT>e)</DT><DD Font="normal"><LA Size="normal">Folien zweidimensional verkleben</LA></DD><DT>f)</DT><DD Font="normal"><LA Size="normal">Folienapplikationen entfernen</LA></DD></DL></entry><entry VJ="1" colname="col4" valign="middle">9</entry><entry VJ="1" colname="col5"/></row><row><entry VJ="1" colname="col1">2</entry><entry VJ="1" colname="col2">Herstellen von Beschriftungen und bildlichen Darstellungen<BR/>(§ 4 Absatz 2 Abschnitt A Nummer 2)</entry><entry VJ="1" colname="col3"><DL Font="normal" Type="alpha"><DT>a)</DT><DD Font="normal"><LA Size="normal">Beschriftungen und bildliche Darstellungen, insbesondere durch Malen, Schreiben und Schneiden, manuell und rechnergestützt herstellen</LA></DD><DT>b)</DT><DD Font="normal"><LA Size="normal">Beschriftungen und bildliche Darstellungen, insbesondere durch Fräsen, Spritzen und Sägen, manuell und rechnergestützt herstellen</LA></DD></DL></entry><entry VJ="1" colname="col4" valign="middle">8</entry><entry VJ="1" colname="col5"/></row><row><entry VJ="1" colname="col1">3</entry><entry VJ="1" colname="col2">Be- und Verarbeiten von Werk- und Hilfsstoffen<BR/>(§ 4 Absatz 2 Abschnitt A Nummer 3)</entry><entry VJ="1" colname="col3"><DL Font="normal" Type="alpha"><DT>a)</DT><DD Font="normal"><LA Size="normal">Werkstoffe, insbesondere Metalle, Verbundstoffe, Kunststoffe, Glas, Papier, Holz und Gewebe, nach Art und Struktur bestimmen</LA></DD><DT>b)</DT><DD Font="normal"><LA Size="normal">Werkstoffe, insbesondere durch Biegen und Abkanten, umformen</LA></DD><DT>c)</DT><DD Font="normal"><LA Size="normal">Werkstoffe, insbesondere durch Schneiden, Sägen, Fräsen, Feilen, Bohren und Schleifen, trennen</LA></DD><DT>d)</DT><DD Font="normal"><LA Size="normal">Werkstoffe, insbesondere durch Kleben, Schrauben und Nieten, kaltfügen</LA></DD><DT>e)</DT><DD Font="normal"><LA Size="normal">Hilfsstoffe, insbesondere Löse- und Verdünnungsmittel, verarbeiten</LA></DD><DT>f)</DT><DD Font="normal"><LA Size="normal">Beschichtungsstoffe mischen und verarbeiten</LA></DD><DT>g)</DT><DD Font="normal"><LA Size="normal">Oberflächen polieren und schützen</LA></DD></DL></entry><entry VJ="1" colname="col4" valign="middle">11</entry><entry VJ="1" colname="col5"/></row><row><entry VJ="1" colname="col1">4</entry><entry VJ="1" colname="col2">Bedienen von Arbeitsmitteln und -geräten<BR/>(§ 4 Absatz 2 Abschnitt A Nummer 4)</entry><entry VJ="1" colname="col3"><DL Font="normal" Type="alpha"><DT>a)</DT><DD Font="normal"><LA Size="normal">Maschinen einrichten, Prozessdaten einstellen, Funktionen prüfen</LA></DD><DT>b)</DT><DD Font="normal"><LA Size="normal">Produktionsprozesse überwachen</LA></DD><DT>c)</DT><DD Font="normal"><LA Size="normal">Werkzeuge, Geräte, Maschinen und Vorrichtungen pflegen, warten und instand halten</LA></DD><DT>d)</DT><DD Font="normal"><LA Size="normal">Störungen feststellen und dokumentieren, Maßnahmen zur Beseitigung ergreifen</LA></DD></DL></entry><entry VJ="1" colname="col4" valign="middle">3</entry><entry VJ="1" colname="col5"/></row><row><entry VJ="1" colname="col1">5</entry><entry VJ="1" colname="col2">Anwenden von Drucktechniken<BR/>(§ 4 Absatz 2 Abschnitt A Nummer 5)</entry><entry VJ="1" colname="col3"><DL Font="normal" Type="alpha"><DT>a)</DT><DD Font="normal"><LA Size="normal">Digitaldruckverfahren anwenden</LA></DD><DT>b)</DT><DD Font="normal"><LA Size="normal">Druckvorlagen und -daten manuell und rechnergestützt erstellen</LA></DD><DT>c)</DT><DD Font="normal"><LA Size="normal">Software der Druckvorstufe anwenden</LA></DD><DT>d)</DT><DD Font="normal"><LA Size="normal">Farben andrucken und Farbwerte prüfen</LA></DD></DL></entry><entry VJ="1" colname="col4" valign="middle"/><entry VJ="1" colname="col5" valign="middle">5</entry></row><row><entry VJ="1" colname="col1">6</entry><entry VJ="1" colname="col2">Installieren von Werbeelektrik und Werbeelektronik<BR/>(§ 4 Absatz 2 Abschnitt A Nummer 6)</entry><entry VJ="1" colname="col3"><DL Font="normal" Type="alpha"><DT>a)</DT><DD Font="normal"><LA Size="normal">Gefahren im Umgang mit elektrischem Strom erkennen und beachten</LA></DD><DT>b)</DT><DD Font="normal"><LA Size="normal">Teil-, Montagezeichnungen, elektrische Schaltpläne und Stromlaufpläne lesen und anwenden</LA></DD><DT>c)</DT><DD Font="normal"><LA Size="normal">Leitungswege im Niederspannungsbereich in Kommunikations- und Werbeanlagen festlegen, Leitungen auswählen, verlegen und verbinden, Normen und Vorschriften beachten</LA></DD><DT>d)</DT><DD Font="normal"><LA Size="normal">Komponenten und Baugruppen unter Beachtung der Energieeffizienz auswählen und unter Berücksichtigung der Konformität einbauen</LA></DD><DT>e)</DT><DD Font="normal"><LA Size="normal">Schaltgeräte und Bauteile kennzeichnen und nach Schaltplänen verdrahten</LA></DD><DT>f)</DT><DD Font="normal"><LA Size="normal">Prüf- und Messverfahren sowie Prüf- und Messgeräte unterscheiden</LA></DD></DL></entry><entry VJ="1" colname="col4" valign="middle">9</entry><entry VJ="1" colname="col5" valign="middle"/></row><row><entry VJ="1" colname="col1" morerows="1">7</entry><entry VJ="1" colname="col2" morerows="1">Herstellen von Kommunikations- und Werbeanlagen, Leitsystemen, Messe- und Ausstellungsständen<BR/>(§ 4 Absatz 2 Abschnitt A Nummer 7)</entry><entry VJ="1" colname="col3"><DL Font="normal" Type="alpha"><DT>a)</DT><DD Font="normal"><LA Size="normal">be- und unbeleuchtete zweidimensionale Anlagen, insbesondere Schilder, Schriftzüge, Grafiken und Fassadenbeschriftungen, fertigen</LA></DD></DL></entry><entry VJ="1" colname="col4" valign="middle">6</entry><entry VJ="1" colname="col5" valign="middle"/></row><row><entry VJ="1" colname="col3"><DL Font="normal" Type="alpha"><DT>b)</DT><DD Font="normal"><LA Size="normal">Bauteile und Baugruppen zu dreidimensionalen be- und unbeleuchteten Anlagen unter Berücksichtigung von Profilkennzahlen und Bauformen zusammenbauen</LA></DD><DT>c)</DT><DD Font="normal"><LA Size="normal">Trag- und Rahmenkonstruktionen unter Umsetzung von statischen Berechnungen und Plänen erstellen</LA></DD><DT>d)</DT><DD Font="normal"><LA Size="normal">be- und unbeleuchtete Leitsysteme herstellen</LA></DD><DT>e)</DT><DD Font="normal"><LA Size="normal">Messe- und Ausstellungsstände herstellen</LA></DD><DT>f)</DT><DD Font="normal"><LA Size="normal">mobile Werbeträger herstellen</LA></DD></DL></entry><entry VJ="1" colname="col4" valign="middle"/><entry VJ="1" colname="col5" valign="middle">19</entry></row><row><entry VJ="1" colname="col1" morerows="1">8</entry><entry VJ="1" colname="col2" morerows="1">Befestigen und Verbinden von Kommunikations- und Werbeanlagen<BR/>(§ 4 Absatz 2 Abschnitt A Nummer 8)</entry><entry VJ="1" colname="col3"><DL Font="normal" Type="alpha"><DT>a)</DT><DD Font="normal"><LA Size="normal">Befestigungsuntergründe beurteilen, Tragfähigkeit der Befestigungsflächen prüfen</LA></DD><DT>b)</DT><DD Font="normal"><LA Size="normal">zweidimensionale Anlagen, insbesondere durch Kleben, Schrauben, Nieten, Dübeln, befestigen und verbinden</LA></DD></DL></entry><entry VJ="1" colname="col4" valign="middle">4</entry><entry VJ="1" colname="col5" valign="middle"/></row><row><entry VJ="1" colname="col3"><DL Font="normal" Type="alpha"><DT>c)</DT><DD Font="normal"><LA Size="normal">Befestigungspunkte festlegen, Befestigungs- und Verbindungsmittel auswählen</LA></DD><DT>d)</DT><DD Font="normal"><LA Size="normal">mobile Anlagen unter Berücksichtigung örtlicher Gegebenheiten und rechtlicher Vorgaben positionieren und sichern</LA></DD><DT>e)</DT><DD Font="normal"><LA Size="normal">dreidimensionale Anlagen, insbesondere durch Kleben, Schrauben, Nieten sowie Dübeln, befestigen und verbinden</LA></DD></DL></entry><entry VJ="1" colname="col4" valign="middle"/><entry VJ="1" colname="col5" valign="middle">7</entry></row><row><entry VJ="1" colname="col1">9</entry><entry VJ="1" colname="col2">Warten, Demontieren und Reparieren von Kommunikations- und Werbeanlagen<BR/>(§ 4 Absatz 2 Abschnitt A Nummer 9)</entry><entry VJ="1" colname="col3"><DL Font="normal" Type="alpha"><DT>a)</DT><DD Font="normal"><LA Size="normal">Anlagen auf Funktion und Sicherheit prüfen, Ergebnisse dokumentieren</LA></DD><DT>b)</DT><DD Font="normal"><LA Size="normal">Verschleißteile austauschen, Fehlerquellen beseitigen, Maßnahmen dokumentieren</LA></DD><DT>c)</DT><DD Font="normal"><LA Size="normal">Anlagen demontieren, Verwertung und Entsorgung sicherstellen</LA></DD></DL></entry><entry VJ="1" colname="col4" valign="middle">9</entry><entry VJ="1" colname="col5" valign="middle"/></row><row rowsep="0"><entry VJ="1" colname="col1">10</entry><entry VJ="1" colname="col2">Entwerfen, Gestalten und Präsentieren von Kommunikations- und Werbekonzepten<BR/>(§ 4 Absatz 2 Abschnitt A Nummer 10)</entry><entry VJ="1" colname="col3"><DL Font="normal" Type="alpha"><DT>a)</DT><DD Font="normal"><LA Size="normal">Schriften, Zeichen und bildliche Darstellungen, insbesondere durch Scribbles, Skizzen und Zeichnungen, manuell und rechnergestützt darstellen</LA></DD><DT>b)</DT><DD Font="normal"><LA Size="normal">Vektorisierungen durchführen</LA></DD></DL></entry><entry VJ="1" colname="col4" valign="middle"/><entry VJ="1" colname="col5" valign="middle"/></row><row><entry VJ="1" colname="col1" morerows="1"/><entry VJ="1" colname="col2" morerows="1"/><entry VJ="1" colname="col3"><DL Font="normal" Type="alpha"><DT>c)</DT><DD Font="normal"><LA Size="normal">Bildbearbeitungs-, Mal- und Vektorgrafikprogramme anwenden</LA></DD><DT>d)</DT><DD Font="normal"><LA Size="normal">Kreativtechniken einsetzen</LA></DD><DT>e)</DT><DD Font="normal"><LA Size="normal">Gestaltungsgrundlagen und -prinzipien, insbesondere Typografie und Farbe, anwenden</LA></DD></DL></entry><entry VJ="1" colname="col4" valign="top">7</entry><entry VJ="1" colname="col5" valign="middle"/></row><row><entry VJ="1" colname="col3"><DL Font="normal" Type="alpha"><DT>f)</DT><DD Font="normal"><LA Size="normal">Urheber-, Nutzungs- und Persönlichkeitsrechte sowie Regelungen zum Datenschutz sowie Medien- und Lizenzrecht beachten</LA></DD></DL></entry><entry VJ="1" colname="col4" valign="middle"/><entry VJ="1" colname="col5" valign="middle">2</entry></row><row><entry VJ="1" colname="col1">11</entry><entry VJ="1" colname="col2">Beraten von Kunden<BR/>(§ 4 Absatz 2 Abschnitt A Nummer 11)</entry><entry VJ="1" colname="col3"><DL Font="normal" Type="alpha"><DT>a)</DT><DD Font="normal"><LA Size="normal">kundenorientierte Bedarfsanalysen erstellen</LA></DD><DT>b)</DT><DD Font="normal"><LA Size="normal">Kunden gestalterisch und technisch beraten, Gestaltungskonzepte präsentieren und mit Kunden abstimmen</LA></DD><DT>c)</DT><DD Font="normal"><LA Size="normal">Genehmigungs- und Prüfverfahren mit Kunden abstimmen und mit zuständigen Stellen abwickeln</LA></DD></DL></entry><entry VJ="1" colname="col4" valign="middle"/><entry VJ="1" colname="col5" valign="middle">5</entry></row><row><entry VJ="1" colname="col1">12</entry><entry VJ="1" colname="col2">Einrichten und Räumen von Arbeitsstätten<BR/>(§ 4 Absatz 2 Abschnitt A Nummer 12)</entry><entry VJ="1" colname="col3"><DL Font="normal" Type="alpha"><DT>a)</DT><DD Font="normal"><LA Size="normal">Arbeitsstätten vorbereiten, einrichten, sichern, unterhalten und räumen</LA></DD><DT>b)</DT><DD Font="normal"><LA Size="normal">persönliche Schutzausrüstungen auswählen und einsetzen</LA></DD></DL></entry><entry VJ="1" colname="col4" valign="middle">2</entry><entry VJ="1" colname="col5" valign="middle"/></row></tbody></tgroup></table></P><P><SP><B>Abschnitt B: Weitere berufsprofilgebende Fertigkeiten, Kenntnisse und Fähigkeiten in den Schwerpunkten</B></SP></P><P><B>1. Schwerpunkt Technik, Montage, Werbeelektrik/-elektronik</B><table frame="all" tabstyle="Ausbildung" tocentry="%yes;"><tgroup align="left" char="" charoff="50" cols="5" colsep="1" rowsep="1"><colspec align="center" colname="col1" colnum="1" colwidth=".75*"/><colspec colname="col2" colnum="2" colwidth="4.5*"/><colspec colname="col3" colnum="3" colwidth="8.5*"/><colspec align="center" colname="col4" colnum="4" colwidth="1.5*"/><colspec align="center" colname="col5" colnum="5" colwidth="1.5*"/><thead valign="bottom"><row><entry VJ="1" align="center" colname="col1" morerows="1" valign="middle">Lfd. Nr.</entry><entry VJ="1" align="center" colname="col2" morerows="1" valign="middle">Teil des<BR/>Ausbildungsberufsbildes</entry><entry VJ="1" align="center" colname="col3" morerows="1" valign="middle">Zu vermittelnde<BR/>Fertigkeiten, Kenntnisse und Fähigkeiten</entry><entry VJ="1" align="center" nameend="col5" namest="col4" valign="middle">Zeitliche Richtwerte<BR/>in Wochen im</entry></row><row><entry VJ="1" align="center" colname="col4" valign="middle">1. bis 18.<BR/>Monat</entry><entry VJ="1" align="center" colname="col5" valign="middle">19. bis 36.<BR/>Monat</entry></row><row><entry VJ="1" align="center" colname="col1" valign="middle">1</entry><entry VJ="1" align="center" colname="col2" valign="middle">2</entry><entry VJ="1" align="center" colname="col3" valign="middle">3</entry><entry VJ="1" align="center" nameend="col5" namest="col4" valign="middle">4</entry></row></thead><tbody valign="top"><row><entry VJ="1" colname="col1">1</entry><entry VJ="1" colname="col2">Installieren von Werbeelektrik und Werbeelektronik<BR/>(§ 4 Absatz 2 Abschnitt A Nummer 6)</entry><entry VJ="1" colname="col3"><DL Font="normal" Type="alpha"><DT>a)</DT><DD Font="normal"><LA Size="normal">Prüf- und Messverfahren anwenden, Prüf- und Messgeräte handhaben</LA></DD><DT>b)</DT><DD Font="normal"><LA Size="normal">Betriebsmittel zum Steuern, Regeln und zur Datenübertragung einbauen, verdrahten und kennzeichnen</LA></DD><DT>c)</DT><DD Font="normal"><LA Size="normal">Steuerungs-, Regelungs- und Überwachungsprogramme prüfen, Regelungsparameter einstellen</LA></DD><DT>d)</DT><DD Font="normal"><LA Size="normal">Funktion und Sicherheit, insbesondere Leuchtmittel, elektrische und elektronische Betriebsgeräte, Sicherungen, Schalter, Sicherheits- und Schutzeinrichtungen, Isolationswiderstände und Durchgängigkeit der Leiter, prüfen sowie Ergebnisse dokumentieren</LA></DD><DT>e)</DT><DD Font="normal"><LA Size="normal">Fehler und Störungen erkennen und beseitigen, Änderungen dokumentieren</LA></DD><DT>f)</DT><DD Font="normal"><LA Size="normal">leitende Verbindungen in Kommunikations- und Werbeanlagen im Hoch- und Niederspannungsbereich herstellen, Normen und Vorschriften beachten</LA></DD><DT>g)</DT><DD Font="normal"><LA Size="normal">Kommunikations- und Werbeanlagen an einen vorgegebenen elektrischen Einspeisepunkt anschließen, Normen und Vorschriften beachten</LA></DD></DL></entry><entry VJ="1" colname="col4" valign="middle"/><entry VJ="1" colname="col5" valign="middle">14</entry></row><row rowsep="0"><entry VJ="1" colname="col1">2</entry><entry VJ="1" colname="col2">Befestigen und Verbinden von Kommunikations- und Werbeanlagen<BR/>(§ 4 Absatz 2 Abschnitt A Nummer 8)</entry><entry VJ="1" colname="col3"><DL Font="normal" Type="alpha"><DT>a)</DT><DD Font="normal"><LA Size="normal">Fundamente und Verankerungen vorbereiten, Tragkonstruktionen befestigen</LA></DD><DT>b)</DT><DD Font="normal"><LA Size="normal">Anlagen aufstellen</LA></DD><DT>c)</DT><DD Font="normal"><LA Size="normal">Anlagen an Tragkonstruktionen befestigen</LA></DD></DL></entry><entry VJ="1" colname="col4" valign="middle"/><entry VJ="1" colname="col5" valign="bottom">8</entry></row><row><entry VJ="1" colname="col1"/><entry VJ="1" colname="col2"/><entry VJ="1" colname="col3"><DL Font="normal" Type="alpha"><DT>d)</DT><DD Font="normal"><LA Size="normal">Schutzeinrichtungen, Verkleidungen und Isolierungen anbringen</LA></DD><DT>e)</DT><DD Font="normal"><LA Size="normal">Anlagen in Betrieb nehmen</LA></DD></DL></entry><entry VJ="1" colname="col4" valign="middle"/><entry VJ="1" colname="col5" valign="middle"/></row><row><entry VJ="1" colname="col1">3</entry><entry VJ="1" colname="col2">Warten, Demontieren und Reparieren von Kommunikations- und Werbeanlagen<BR/>(§ 4 Absatz 2 Abschnitt A Nummer 9)</entry><entry VJ="1" colname="col3"><DL Font="normal" Type="alpha"><DT>a)</DT><DD Font="normal"><LA Size="normal">Anlagenteile und Baugruppen prüfen</LA></DD><DT>b)</DT><DD Font="normal"><LA Size="normal">Funktions- und Sicherheitsprüfungen, insbesondere durch Sichtkontrollen und Messen, durchführen</LA></DD><DT>c)</DT><DD Font="normal"><LA Size="normal">Fehler erkennen und Ursachen systematisch eingrenzen, beheben und dokumentieren</LA></DD><DT>d)</DT><DD Font="normal"><LA Size="normal">Anlagenteile zur Aufrechterhaltung der Betriebsfähigkeit nach Serviceunterlagen und Anweisungen warten</LA></DD><DT>e)</DT><DD Font="normal"><LA Size="normal">Reparaturlisten erstellen</LA></DD></DL></entry><entry VJ="1" colname="col4" valign="middle"/><entry VJ="1" colname="col5" valign="middle">9</entry></row><row><entry VJ="1" colname="col1">4</entry><entry VJ="1" colname="col2">Einrichten und Räumen von Arbeitsstätten<BR/>(§ 4 Absatz 2 Abschnitt A Nummer 12)</entry><entry VJ="1" colname="col3"><DL Font="normal" Type="alpha"><DT>a)</DT><DD Font="normal"><LA Size="normal">Leitern, Gerüste und Montagebühnen unter Arbeits- und Sicherheitsaspekten beurteilen, auswählen, auf- und abbauen</LA></DD><DT>b)</DT><DD Font="normal"><LA Size="normal">Hebezeuge, Anschlag- und Transportmittel auswählen, Transportwege festlegen</LA></DD><DT>c)</DT><DD Font="normal"><LA Size="normal">Bauteile, Baugruppen und Anlagen zum Transport vorbereiten, sichern und transportieren</LA></DD></DL></entry><entry VJ="1" colname="col4" valign="middle"/><entry VJ="1" colname="col5" valign="middle">4</entry></row></tbody></tgroup></table></P><P><B>2. Schwerpunkt Grafik, Druck, Applikation</B><table frame="all" tabstyle="Ausbildung" tocentry="%yes;"><tgroup align="left" char="" charoff="50" cols="5" colsep="1" rowsep="1"><colspec align="center" colname="col1" colnum="1" colwidth=".75*"/><colspec colname="col2" colnum="2" colwidth="4.5*"/><colspec colname="col3" colnum="3" colwidth="8.5*"/><colspec align="center" colname="col4" colnum="4" colwidth="1.5*"/><colspec align="center" colname="col5" colnum="5" colwidth="1.5*"/><thead valign="bottom"><row><entry VJ="1" align="center" colname="col1" morerows="1" valign="middle">Lfd. Nr.</entry><entry VJ="1" align="center" colname="col2" morerows="1" valign="middle">Teil des<BR/>Ausbildungsberufsbildes</entry><entry VJ="1" align="center" colname="col3" morerows="1" valign="middle">Zu vermittelnde<BR/>Fertigkeiten, Kenntnisse und Fähigkeiten</entry><entry VJ="1" align="center" nameend="col5" namest="col4" valign="middle">Zeitliche Richtwerte<BR/>in Wochen im</entry></row><row><entry VJ="1" align="center" colname="col4" valign="middle">1. bis 18.<BR/>Monat</entry><entry VJ="1" align="center" colname="col5" valign="middle">19. bis 36.<BR/>Monat</entry></row><row><entry VJ="1" align="center" colname="col1" valign="middle">1</entry><entry VJ="1" align="center" colname="col2" valign="middle">2</entry><entry VJ="1" align="center" colname="col3" valign="middle">3</entry><entry VJ="1" align="center" nameend="col5" namest="col4" valign="middle">4</entry></row></thead><tbody valign="top"><row><entry VJ="1" colname="col1">1</entry><entry VJ="1" colname="col2">Applizieren mit und auf unterschiedlichen Werkstoffen<BR/>(§ 4 Absatz 2 Abschnitt A Nummer 1)</entry><entry VJ="1" colname="col3"><DL Font="normal" Type="alpha"><DT>a)</DT><DD Font="normal"><LA Size="normal">Folien dreidimensional verkleben</LA></DD><DT>b)</DT><DD Font="normal"><LA Size="normal">Spezialfolien, insbesondere Sonnen-, Sicherheits- und Oberflächenschutzfolien, verkleben</LA></DD><DT>c)</DT><DD Font="normal"><LA Size="normal">Textilien nach Eigenschaften bestimmen</LA></DD><DT>d)</DT><DD Font="normal"><LA Size="normal">Textilveredlungsverfahren unterscheiden und anwenden</LA></DD><DT>e)</DT><DD Font="normal"><LA Size="normal">Transfers herstellen und übertragen</LA></DD></DL></entry><entry VJ="1" colname="col4"/><entry VJ="1" colname="col5" valign="middle">10</entry></row><row><entry VJ="1" colname="col1">2</entry><entry VJ="1" colname="col2">Herstellen von Beschriftungen und bildlichen Darstellungen<BR/>(§ 4 Absatz 2 Abschnitt A Nummer 2)</entry><entry VJ="1" colname="col3"><DL Font="normal" Type="alpha"><DT>a)</DT><DD Font="normal"><LA Size="normal">Beschriftungen und bildliche Darstellungen, insbesondere durch Schreiben mit Pinsel und Feder, manuell herstellen</LA></DD><DT>b)</DT><DD Font="normal"><LA Size="normal">Blattmetallverarbeitungstechniken im Matt- und Glanzverfahren anwenden</LA></DD></DL></entry><entry VJ="1" colname="col4"/><entry VJ="1" colname="col5" valign="middle">9</entry></row><row><entry VJ="1" colname="col1">3</entry><entry VJ="1" colname="col2">Anwenden von Drucktechniken<BR/>(§ 4 Absatz 2 Abschnitt A Nummer 5)</entry><entry VJ="1" colname="col3"><DL Font="normal" Type="alpha"><DT>a)</DT><DD Font="normal"><LA Size="normal">Farbräume bestimmen und Farbmanagementsysteme anwenden</LA></DD><DT>b)</DT><DD Font="normal"><LA Size="normal">Druckprodukte konfektionieren, schützen und veredeln</LA></DD></DL></entry><entry VJ="1" colname="col4"/><entry VJ="1" colname="col5" valign="middle">6</entry></row><row><entry VJ="1" colname="col1">4</entry><entry VJ="1" colname="col2">Entwerfen, Gestalten und Präsentieren von Kommunikations- und Werbekonzepten<BR/>(§ 4 Absatz 2 Abschnitt A Nummer 10)</entry><entry VJ="1" colname="col3"><DL Font="normal" Type="alpha"><DT>a)</DT><DD Font="normal"><LA Size="normal">Präsentationsmodelle und Muster herstellen</LA></DD><DT>b)</DT><DD Font="normal"><LA Size="normal">räumliche Darstellungen von Kommunikations- und Werbeanlagen rechnergestützt entwerfen</LA></DD><DT>c)</DT><DD Font="normal"><LA Size="normal">Corporate Design entwerfen, Gestaltungsvorgaben umsetzen</LA></DD><DT>d)</DT><DD Font="normal"><LA Size="normal">Schriften klassifizieren und gestalterisch einsetzen</LA></DD><DT>e)</DT><DD Font="normal"><LA Size="normal">Stilepochen und -elemente berücksichtigen</LA></DD></DL></entry><entry VJ="1" colname="col4"/><entry VJ="1" colname="col5" valign="middle">10</entry></row></tbody></tgroup></table></P><P><SP><B>Abschnitt C: Integrative Fertigkeiten, Kenntnisse und Fähigkeiten</B></SP><table frame="all" tabstyle="Ausbildung" tocentry="%yes;"><tgroup align="left" char="" charoff="50" cols="5" colsep="1" rowsep="1"><colspec align="center" colname="col1" colnum="1" colwidth=".75*"/><colspec colname="col2" colnum="2" colwidth="4.5*"/><colspec colname="col3" colnum="3" colwidth="8.5*"/><colspec align="center" colname="col4" colnum="4" colwidth="1.5*"/><colspec align="center" colname="col5" colnum="5" colwidth="1.5*"/><thead valign="bottom"><row><entry VJ="1" align="center" colname="col1" morerows="1" valign="middle">Lfd. Nr.</entry><entry VJ="1" align="center" colname="col2" morerows="1" valign="middle">Teil des<BR/>Ausbildungsberufsbildes</entry><entry VJ="1" align="center" colname="col3" morerows="1" valign="middle">Zu vermittelnde<BR/>Fertigkeiten, Kenntnisse und Fähigkeiten</entry><entry VJ="1" align="center" nameend="col5" namest="col4" valign="middle">Zeitliche Richtwerte<BR/>in Wochen im</entry></row><row><entry VJ="1" align="center" colname="col4" valign="middle">1. bis 18.<BR/>Monat</entry><entry VJ="1" align="center" colname="col5" valign="middle">19. bis 36.<BR/>Monat</entry></row><row><entry VJ="1" align="center" colname="col1" valign="middle">1</entry><entry VJ="1" align="center" colname="col2" valign="middle">2</entry><entry VJ="1" align="center" colname="col3" valign="middle">3</entry><entry VJ="1" align="center" nameend="col5" namest="col4" valign="middle">4</entry></row></thead><tbody valign="top"><row><entry VJ="1" colname="col1">1</entry><entry VJ="1" colname="col2">Berufsbildung, Arbeits-und Tarifrecht<BR/>(§ 4 Absatz 2 Abschnitt C Nummer 1)</entry><entry VJ="1" colname="col3"><DL Font="normal" Type="alpha"><DT>a)</DT><DD Font="normal"><LA Size="normal">Bedeutung des Ausbildungsvertrages, insbesondere Abschluss, Dauer und Beendigung, erklären</LA></DD><DT>b)</DT><DD Font="normal"><LA Size="normal">gegenseitige Rechte und Pflichten aus dem Ausbildungsvertrag nennen</LA></DD><DT>c)</DT><DD Font="normal"><LA Size="normal">Möglichkeiten der beruflichen Fortbildung<BR/>nennen</LA></DD><DT>d)</DT><DD Font="normal"><LA Size="normal">wesentliche Teile des Arbeitsvertrages nennen</LA></DD><DT>e)</DT><DD Font="normal"><LA Size="normal">wesentliche Bestimmungen der für den ausbildenden Betrieb geltenden Tarifverträge nennen</LA></DD></DL></entry><entry VJ="1" align="left" colname="col4" morerows="3" nameend="col5" namest="col4" valign="middle">während<BR/>der gesamten<BR/>Ausbildung<BR/>zu vermitteln</entry></row><row><entry VJ="1" colname="col1">2</entry><entry VJ="1" colname="col2">Aufbau und Organisation des Ausbildungsbetriebes<BR/>(§ 4 Absatz 2 Abschnitt C Nummer 2)</entry><entry VJ="1" colname="col3"><DL Font="normal" Type="alpha"><DT>a)</DT><DD Font="normal"><LA Size="normal">Aufbau und Aufgaben des ausbildenden Betriebes<BR/>erläutern</LA></DD><DT>b)</DT><DD Font="normal"><LA Size="normal">Grundfunktionen des ausbildenden Betriebes, wie Angebot, Beschaffung, Fertigung, Absatz und Verwaltung, erklären</LA></DD><DT>c)</DT><DD Font="normal"><LA Size="normal">Beziehungen des ausbildenden Betriebes und seiner Beschäftigten zu Wirtschaftsorganisationen, Berufsvertretungen und Gewerkschaften nennen</LA></DD><DT>d)</DT><DD Font="normal"><LA Size="normal">Grundlagen, Aufgaben und Arbeitsweise der betriebsverfassungs- oder personalvertretungsrechtlichen Organe des ausbildenden Betriebes beschreiben</LA></DD></DL></entry></row><row><entry VJ="1" colname="col1">3</entry><entry VJ="1" colname="col2">Sicherheit und Gesundheitsschutz bei der Arbeit<BR/>(§ 4 Absatz 2 Abschnitt C Nummer 3)</entry><entry VJ="1" colname="col3"><DL Font="normal" Type="alpha"><DT>a)</DT><DD Font="normal"><LA Size="normal">Gefährdung von Sicherheit und Gesundheit am Arbeitsplatz feststellen und Maßnahmen zu ihrer Vermeidung ergreifen</LA></DD><DT>b)</DT><DD Font="normal"><LA Size="normal">berufsbezogene Arbeitsschutz- und Unfallverhütungsvorschriften anwenden</LA></DD><DT>c)</DT><DD Font="normal"><LA Size="normal">Verhaltensweisen bei Unfällen beschreiben sowie erste Maßnahmen einleiten</LA></DD><DT>d)</DT><DD Font="normal"><LA Size="normal">Vorschriften des vorbeugenden Brandschutzes anwenden; Verhaltensweisen bei Bränden beschreiben und Maßnahmen zur Brandbekämpfung ergreifen</LA></DD></DL></entry></row><row><entry VJ="1" colname="col1">4</entry><entry VJ="1" colname="col2">Umweltschutz<BR/>(§ 4 Absatz 2 Abschnitt C Nummer 4)</entry><entry VJ="1" colname="col3">Zur Vermeidung betriebsbedingter Umweltbelastungen im beruflichen Einwirkungsbereich beitragen, insbesondere <DL Font="normal" Type="alpha"><DT>a)</DT><DD Font="normal"><LA Size="normal">mögliche Umweltbelastungen durch den Ausbildungsbetrieb und seinen Beitrag zum Umweltschutz an Beispielen erklären</LA></DD><DT>b)</DT><DD Font="normal"><LA Size="normal">für den Ausbildungsbetrieb geltende Regelungen des Umweltschutzes anwenden</LA></DD><DT>c)</DT><DD Font="normal"><LA Size="normal">Möglichkeiten der wirtschaftlichen und umweltschonenden Energie- und Materialverwendung nutzen</LA></DD><DT>d)</DT><DD Font="normal"><LA Size="normal">Abfälle vermeiden; Stoffe und Materialien einer umweltschonenden Entsorgung zuführen</LA></DD></DL></entry></row><row><entry VJ="1" colname="col1" rowsep="0">5</entry><entry VJ="1" colname="col2" rowsep="0">Planen und Vorbereiten von Arbeitsabläufen, Arbeiten im Team<BR/>(§ 4 Absatz 2 Abschnitt C Nummer 5)</entry><entry VJ="1" colname="col3"><DL Font="normal" Type="alpha"><DT>a)</DT><DD Font="normal"><LA Size="normal">Arbeitsauftrag erfassen und Vorgaben auf Umsetzbarkeit prüfen</LA></DD><DT>b)</DT><DD Font="normal"><LA Size="normal">Arbeitsplatz nach ergonomischen und sicherheitsrelevanten Gesichtspunkten einrichten und sichern</LA></DD><DT>c)</DT><DD Font="normal"><LA Size="normal">Materialbedarf ermitteln, Materiallisten erstellen</LA></DD><DT>d)</DT><DD Font="normal"><LA Size="normal">Materialien und Hilfsstoffe, Arbeitsmittel und -geräte auswählen, bereitstellen und lagern</LA></DD></DL></entry><entry VJ="1" colname="col4" valign="middle">3</entry><entry VJ="1" colname="col5"/></row><row><entry VJ="1" colname="col1"/><entry VJ="1" colname="col2"/><entry VJ="1" colname="col3"><DL Font="normal" Type="alpha"><DT>e)</DT><DD Font="normal"><LA Size="normal">Zeitbedarf ermitteln, Kosten abschätzen</LA></DD><DT>f)</DT><DD Font="normal"><LA Size="normal">Arbeitsschritte selbstständig und im Team nach wirtschaftlichen und terminlichen Vorgaben planen und dokumentieren</LA></DD></DL></entry><entry VJ="1" colname="col4"/><entry VJ="1" colname="col5" valign="middle">3</entry></row><row><entry VJ="1" colname="col1" morerows="1">6</entry><entry VJ="1" colname="col2" morerows="1">Betriebliche und technische Kommunikation<BR/>(§ 4 Absatz 2 Abschnitt C Nummer 6)</entry><entry VJ="1" colname="col3"><DL Font="normal" Type="alpha"><DT>a)</DT><DD Font="normal"><LA Size="normal">Informationen beschaffen, aufbereiten und bewerten</LA></DD><DT>b)</DT><DD Font="normal"><LA Size="normal">Daten erfassen, bearbeiten und sichern, Datenschutzvorschriften anwenden</LA></DD><DT>c)</DT><DD Font="normal"><LA Size="normal">Gespräche mit Vorgesetzten und im Team situationsgerecht führen, Sachverhalte darstellen, fremdsprachliche Fachausdrücke anwenden</LA></DD><DT>d)</DT><DD Font="normal"><LA Size="normal">digitale und analoge Mess- und Prüfdaten ermitteln und auswerten</LA></DD></DL></entry><entry VJ="1" colname="col4" valign="middle">3</entry><entry VJ="1" colname="col5"/></row><row><entry VJ="1" colname="col3"><DL Font="normal" Type="alpha"><DT>e)</DT><DD Font="normal"><LA Size="normal">Kommunikation mit vorausgehenden und nachfolgenden Funktionsbereichen sicherstellen</LA></DD></DL></entry><entry VJ="1" colname="col4"/><entry VJ="1" colname="col5" valign="middle">2</entry></row><row><entry VJ="1" colname="col1">7</entry><entry VJ="1" colname="col2">Manuelles und rechnergestütztes Erstellen technischer Unterlagen<BR/>(§ 4 Absatz 2 Abschnitt C Nummer 7)</entry><entry VJ="1" colname="col3"><DL Font="normal" Type="alpha"><DT>a)</DT><DD Font="normal"><LA Size="normal">Richtlinien, Normen und Merkblätter beachten, Betriebs- und Arbeitsanweisungen handhaben</LA></DD><DT>b)</DT><DD Font="normal"><LA Size="normal">Skizzen und technische Zeichnungen erstellen</LA></DD><DT>c)</DT><DD Font="normal"><LA Size="normal">Fertigungsunterlagen erstellen, Berechnungen durchführen</LA></DD></DL></entry><entry VJ="1" colname="col4" valign="middle">2</entry><entry VJ="1" colname="col5"/></row><row><entry VJ="1" colname="col1">8</entry><entry VJ="1" colname="col2">Durchführen von qualitätssichernden Maßnahmen<BR/>(§ 4 Absatz 2 Abschnitt C Nummer 8)</entry><entry VJ="1" colname="col3"><DL Font="normal" Type="alpha"><DT>a)</DT><DD Font="normal"><LA Size="normal">Arbeitsabläufe kontrollieren und auf Einhaltung der Qualitätsstandards prüfen</LA></DD><DT>b)</DT><DD Font="normal"><LA Size="normal">Qualitätsabweichungen und ihre Ursachen durch Zwischen- und Endkontrollen feststellen sowie Maßnahmen zur Behebung ergreifen und dokumentieren</LA></DD><DT>c)</DT><DD Font="normal"><LA Size="normal">zur kontinuierlichen Verbesserung von Arbeitsvorgängen im eigenen Arbeitsbereich beitragen</LA></DD></DL></entry><entry VJ="1" colname="col4" valign="middle">2</entry><entry VJ="1" colname="col5"/></row></tbody></tgroup></table></P></Content></text></textdaten></norm>
</dokumente>