<?xml version="1.0" encoding="UTF-8" ?><!DOCTYPE dokumente SYSTEM "http://www.gesetze-im-internet.de/dtd/1.01/gii-norm.dtd">
<dokumente builddate="20231219213509" doknr="BJNR092900019"><norm builddate="20231219213509" doknr="BJNR092900019"><metadaten><jurabk>GlPrZHanauV 2019</jurabk><ausfertigung-datum manuell="ja">2019-07-04</ausfertigung-datum><fundstelle typ="amtlich"><periodikum>BGBl I</periodikum><zitstelle>2019, 929</zitstelle></fundstelle><langue>Verordnung zur Gleichstellung von Prüfungszeugnissen der Staatlichen Zeichenakademie Hanau mit den Zeugnissen über das Bestehen der Abschluss- und Gesellenprüfung in Ausbildungsberufen</langue><standangabe checked="ja"><standtyp>Aufh</standtyp><standkommentar>Die V tritt gem. § 2 V am 1.8.2023 außer Kraft; die Geltung dieser V ist gem. § 2 idF d. Art. 1 Nr. 2 V v. 26.6.2023 I Nr. 170 über den 1.8.2023 hinaus bis zum 1.8.2026 verlängert worden</standkommentar></standangabe></metadaten><textdaten><fussnoten><Content><P><BR/> <pre xml:space="preserve">(+++ Textnachweis ab: 12.7.2019 +++)<BR/><BR/></pre></P></Content></fussnoten></textdaten></norm>
<norm builddate="20231219213509" doknr="BJNR092900019BJNE000101123"><metadaten><jurabk>GlPrZHanauV 2019</jurabk><enbez>Eingangsformel</enbez></metadaten><textdaten><text format="XML"><Content><P>Auf Grund des § 50 Absatz 1 des Berufsbildungsgesetzes, der zuletzt durch Artikel 436 Nummer 3 der Verordnung vom 31. August 2015 (BGBl. I S. 1474) geändert worden ist, und auf Grund des § 40 Absatz 1 der Handwerksordnung in der Fassung der Bekanntmachung vom 24. September 1998 (BGBl. I S. 3074; 2006 I S. 2095), der zuletzt durch Artikel 283 der Verordnung vom 31. August 2015 (BGBl. I S. 1474) geändert worden ist, verordnet das Bundesministerium für Wirtschaft und Energie im Einvernehmen mit dem Bundesministerium für Bildung und Forschung nach Anhörung des Hauptausschusses des Bundesinstituts für Berufsbildung:</P></Content></text><fussnoten/></textdaten></norm>
<norm builddate="20231219213509" doknr="BJNR092900019BJNE000201123"><metadaten><jurabk>GlPrZHanauV 2019</jurabk><enbez>§ 1</enbez><titel format="XML">Gleichstellung von Prüfungszeugnissen</titel></metadaten><textdaten><text format="XML"><Content><P>Die vom 1. Januar 2018 bis zum Ablauf des 31. Juli 2026 von der Staatlichen Zeichenakademie Hanau erteilten Prüfungszeugnisse über erfolgreich abgelegte Abschlussprüfungen werden mit den Zeugnissen über das Bestehen der Abschluss- oder Gesellenprüfung in Ausbildungsberufen nach Maßgabe der nachstehenden Auflistung gleichgestellt:<BR/><BR/><table colsep="1" frame="all" rowsep="1" tocentry="%yes;"><tgroup align="left" char="" charoff="50" cols="2"><colspec colname="col1" colnum="1" colwidth="46.96*"/><colspec colname="col2" colnum="2" colwidth="73.04*"/><thead valign="bottom"><row><entry VJ="1" colname="col1">Bezeichnung des Prüfungszeugnisses<BR/>der Zeichenakademie Hanau:</entry><entry VJ="1" colname="col2" valign="top">Ausbildungsberuf, für den gleichgestellt wird:</entry></row></thead><tbody valign="top"><row><entry VJ="1" colname="col1">Abschlussprüfung als Goldschmied/Goldschmiedin<BR/><BR/> Fachrichtung:<BR/><BR/> – Schmuck</entry><entry VJ="1" colname="col2">Goldschmied und Goldschmiedin im Gewerbe der Anlage B Abschnitt 1 Nummer 11 „Gold- und Silberschmiede“ der Handwerksordnung<BR/><BR/> Fachrichtung:<BR/><BR/> – Schmuck</entry></row><row><entry VJ="1" colname="col1">Abschlussprüfung als Silberschmied/Silberschmiedin<BR/><BR/> Schwerpunkt:<BR/><BR/> – Metall</entry><entry VJ="1" colname="col2">Silberschmied und Silberschmiedin im Gewerbe der Anlage B Abschnitt 1 Nummer 11 „Gold- und Silberschmiede“ der Handwerksordnung<BR/><BR/> Schwerpunkt:<BR/><BR/> – Metall</entry></row><row><entry VJ="1" colname="col1">Abschlussprüfung als Edelsteinfasser/Edelsteinfasserin</entry><entry VJ="1" colname="col2">Edelsteinfasser/Edelsteinfasserin</entry></row></tbody></tgroup></table></P></Content></text><fussnoten/></textdaten></norm>
<norm builddate="20231219213509" doknr="BJNR092900019BJNE000301123"><metadaten><jurabk>GlPrZHanauV 2019</jurabk><enbez>§ 2</enbez><titel format="XML">Inkrafttreten, Außerkrafttreten</titel></metadaten><textdaten><text format="XML"><Content><P>Diese Verordnung tritt am Tag nach der Verkündung in Kraft und am 1. August 2026 außer Kraft.</P></Content></text><fussnoten/></textdaten></norm>
<norm builddate="20231219213509" doknr="BJNR092900019BJNE000401123"><metadaten><jurabk>GlPrZHanauV 2019</jurabk><enbez>Schlussformel</enbez></metadaten><textdaten><text format="XML"><Content><P>Der Bundesrat hat zugestimmt.</P></Content></text><fussnoten/></textdaten></norm>
</dokumente>