<?xml version="1.0" encoding="UTF-8" ?><!DOCTYPE dokumente SYSTEM "http://www.gesetze-im-internet.de/dtd/1.01/gii-norm.dtd">
<dokumente builddate="20251031215022" doknr="BJNR0ED0A0025"><norm builddate="20251031215022" doknr="BJNR0ED0A0025"><metadaten><jurabk>BinSchStrO2012AbwV 8</jurabk><amtabk>8. BinSchStrOAbweichV</amtabk><ausfertigung-datum manuell="ja">2025-10-09</ausfertigung-datum><fundstelle typ="amtlich"><periodikum>BGBl. I</periodikum><zitstelle>2025, Nr. 237</zitstelle></fundstelle><langue>Achte Verordnung zur vorübergehenden Abweichung von der Binnenschifffahrtsstraßen-Ordnung</langue><standangabe checked="ja"><standtyp>Aufh</standtyp><standkommentar>V aufgeh. durch § 4 dieser V mit Ablauf d. 31.10.2028</standkommentar></standangabe></metadaten><textdaten><fussnoten><Content><P><BR/> <pre xml:space="preserve">(+++ Textnachweis ab: 1.11.2025 +++)<BR/><BR/></pre></P></Content></fussnoten></textdaten></norm>
<norm builddate="20251031215022" doknr="BJNR0ED0A0025BJNE000100000"><metadaten><jurabk>BinSchStrO2012AbwV 8</jurabk><jurabk>8. BinSchStrOAbweichV</jurabk><enbez>Eingangsformel</enbez></metadaten><textdaten><text format="XML"><Content><P>Die Generaldirektion Wasserstraßen und Schifffahrt verordnet aufgrund des § 3 Nummer 2 der Verordnung zur Einführung der Binnenschifffahrtsstraßen-Ordnung vom 16. Dezember 2011 (BGBl. 2012 I S. 2, 1717), die zuletzt durch Artikel 1 der Verordnung vom 23. Juli 2024 (BGBl. 2024 I Nr. 253; 2024 I Nr. 336) geändert worden ist:</P></Content></text></textdaten></norm>
<norm builddate="20251031215022" doknr="BJNR0ED0A0025BJNE000200000"><metadaten><jurabk>BinSchStrO2012AbwV 8</jurabk><jurabk>8. BinSchStrOAbweichV</jurabk><enbez>§ 1</enbez><titel format="XML">Abweichende Regelung zur Binnenschifffahrtsstraßen-Ordnung</titel></metadaten><textdaten><text format="XML"><Content><P>Die Binnenschifffahrtsstraßen-Ordnung ist mit den Maßgaben anzuwenden, die sich aus dem im Anhang aufgeführten vorübergehenden Regelungen ergeben.</P></Content></text></textdaten></norm>
<norm builddate="20251031215022" doknr="BJNR0ED0A0025BJNE000300000"><metadaten><jurabk>BinSchStrO2012AbwV 8</jurabk><jurabk>8. BinSchStrOAbweichV</jurabk><enbez>§ 2</enbez><titel format="XML">Verhaltenspflichten</titel></metadaten><textdaten><text format="XML"><Content><P>Der Schiffsführer oder die Schiffsführerin darf einen automatischen Spurführungsassistenten (TGAIN) nur einsetzen, wenn er oder sie dafür sorgt, dass <DL Type="arabic"><DT>1.</DT><DD Font="normal"><LA>der TGAIN ordnungsgemäß funktioniert,</LA></DD><DT>2.</DT><DD Font="normal"><LA>die in den TGAIN eingegebenen Daten zu jedem Zeitpunkt den tatsächlichen Daten des Fahrzeugs oder des Verbands entsprechen,</LA></DD><DT>3.</DT><DD Font="normal"><LA>der TGAIN nur von einer Person benutzt wird, die in dessen Funktionsweise eingewiesen worden ist,</LA></DD><DT>4.</DT><DD Font="normal"><LA>während des Betriebs des TGAIN <DL Type="alpha"><DT>a)</DT><DD Font="normal"><LA>das Steuerhaus zu keinem Zeitpunkt unbesetzt ist,</LA></DD><DT>b)</DT><DD Font="normal"><LA>dessen Aufmerksamkeitsüberwachungsgerät zu keinem Zeitpunkt ausgeschaltet ist,</LA></DD><DT>c)</DT><DD Font="normal"><LA>dessen Alarmsignal jederzeit wahrgenommen werden kann,</LA></DD><DT>d)</DT><DD Font="normal"><LA>alle fünf Minuten die Anwesenheit einer Person im Steuerhaus durch Betätigung des Anwesenheitsüberwachungsgerätes bestätigt wird und</LA></DD><DT>e)</DT><DD Font="normal"><LA>in regelmäßigen Abständen und nach jeder manuellen Veränderung der Fahrspur die ordnungsgemäße Funktion des TGAIN überprüft wird,</LA></DD></DL></LA></DD><DT>5.</DT><DD Font="normal"><LA>bei der Annäherung an Schleusen oder Schiffshebewerke der TGAIN mindestens fünf Minuten vor Einfahrt ausgeschaltet wird und</LA></DD><DT>6.</DT><DD Font="normal"><LA>der TGAIN nur dann benutzt wird, wenn dieser selbst oder ein externes Gerät die Betriebsdaten aufzeichnet.</LA></DD></DL> Wer vorübergehend selbstständig den Kurs und die Geschwindigkeit eines Fahrzeugs bestimmt, ist für die Einhaltung der Pflichten nach Nummer 4 und 6 verantwortlich.</P></Content></text></textdaten></norm>
<norm builddate="20251031215022" doknr="BJNR0ED0A0025BJNE000400000"><metadaten><jurabk>BinSchStrO2012AbwV 8</jurabk><jurabk>8. BinSchStrOAbweichV</jurabk><enbez>§ 3</enbez><titel format="XML">Ordnungswidrigkeiten</titel></metadaten><textdaten><text format="XML"><Content><P>Ordnungswidrig im Sinne des § 7 Absatz 1 des Binnenschifffahrtsaufgabengesetzes handelt, wer vorsätzlich oder fahrlässig entgegen § 2 Satz 1 <DL Type="arabic"><DT>1.</DT><DD Font="normal"><LA>Nummer 1 bis 3 oder 5 oder</LA></DD><DT>2.</DT><DD Font="normal"><LA>Nummer 4 oder 6, jeweils auch in Verbindung mit § 2 Satz 2,</LA></DD></DL>einen automatischen Spurführungsassistenten einsetzt.</P></Content></text></textdaten></norm>
<norm builddate="20251031215022" doknr="BJNR0ED0A0025BJNE000500000"><metadaten><jurabk>BinSchStrO2012AbwV 8</jurabk><jurabk>8. BinSchStrOAbweichV</jurabk><enbez>§ 4</enbez><titel format="XML">Außerkrafttreten</titel></metadaten><textdaten><text format="XML"><Content><P>Diese Verordnung tritt mit Ablauf des 31. Oktober 2028 außer Kraft.</P></Content></text></textdaten></norm>
<norm builddate="20251031215022" doknr="BJNR0ED0A0025BJNE000600000"><metadaten><jurabk>BinSchStrO2012AbwV 8</jurabk><jurabk>8. BinSchStrOAbweichV</jurabk><enbez>§ 5</enbez><titel format="XML">Inkrafttreten</titel></metadaten><textdaten><text format="XML"><Content><P>Diese Verordnung tritt am 1. November 2025 in Kraft.</P></Content></text></textdaten></norm>
<norm builddate="20251031215022" doknr="BJNR0ED0A0025BJNE000700000"><metadaten><jurabk>BinSchStrO2012AbwV 8</jurabk><jurabk>8. BinSchStrOAbweichV</jurabk><enbez>Anhang</enbez><titel format="XML">(zu § 1)<BR/>Abweichungen zur Binnenschifffahrtsstraßen-Ordnung (BinSchStrO)</titel></metadaten><textdaten><text format="XML"><Content><P><noindex><kommentar typ="Fundstelle">(Fundstelle: BGBl. 2025 I Nr. 237, S. 3)</kommentar></noindex></P><P><DL Font="normal" Indent="4.5" Type="Roman"><DT>I.</DT><DD Font="bold"><LA Size="normal">Inhaltsübersicht <DL Font="normal" Type="Bullet"><DT>•</DT><DD Font="bold"><LA Size="normal">Inhaltsverzeichnis (Angabe zu § 4.08 – neu)</LA></DD><DT>•</DT><DD Font="bold"><LA Size="normal">Abweichungen von dieser Verordnung für automatische Spurführungsassistenten (TGAIN) (§ 4.08 – neu)</LA></DD></DL></LA></DD><DT>II.</DT><DD Font="bold"><LA Size="normal">Vorübergehende Regelungen <DL Font="normal" Type="arabic"><DT>1.</DT><DD Font="normal"><LA Size="normal">Das Inhaltsverzeichnis der Binnenschifffahrtsstraßen-Ordnung ist in der um die nachstehende Angabe zu § 4.08 ergänzten Fassung anzuwenden:</LA><LA Size="normal"><DL Font="normal" Indent="9.5" Type="arabic"><DT>&quot;4.08</DT><DD Font="normal"><LA Size="normal">Automatischer Spurführungsassistent (TGAIN)&quot;.</LA></DD></DL></LA></DD><DT>2.</DT><DD Font="normal"><LA Size="normal">Das Kapitel 4 der Binnenschifffahrtsstraßen-Ordnung ist in der um nachstehenden § 4.08 ergänzten Fassung anzuwenden:</LA><LA Size="normal"><table frame="none" pgwide="1" tocentry="%yes;"><tgroup align="center" char="" charoff="50" cols="1"><colspec colname="col1"/><tbody valign="top"><row><entry VJ="1">&quot;§ 4.08<BR/>Automatischer Spurführungsassistent (TGAIN)</entry></row></tbody></tgroup></table><DL Font="normal" Type="arabic"><DT>1.</DT><DD Font="normal"><LA Size="normal">Ist in ein Fahrzeug ein System zur selbsttätigen Schiffssteuerung entlang einer zu verfolgenden Fahrspur (automatischer Spurführungsassistent für die Binnenschifffahrt, TGAIN) eingebaut, darf dieses System nur dann eingesetzt werden, wenn es ordnungsgemäß funktioniert. Die in den TGAIN eingegebenen Daten müssen zu jedem Zeitpunkt den tatsächlichen Daten des Fahrzeugs oder des Verbands entsprechen.</LA></DD><DT>2.</DT><DD Font="normal"><LA Size="normal">Die im TGAIN hinterlegte Fahrspur gewährt keinen Anspruch auf die Nutzung dieser Fahrspur gegenüber den anderen Verkehrsteilnehmern.</LA></DD><DT>3.</DT><DD Font="normal"><LA Size="normal">Der Schiffsführer hat dafür zu sorgen, dass der TGAIN nur von einer Person benutzt wird, die in dessen Funktionsweise eingewiesen worden ist.</LA></DD><DT>4.</DT><DD Font="normal"><LA Size="normal">Der Schiffsführer oder die Person, die vorübergehend selbstständig Kurs und Geschwindigkeit des Fahrzeugs bestimmt, hat dafür zu sorgen, dass während des Betriebs des TGAIN <DL Font="normal" Type="alpha"><DT>a)</DT><DD Font="normal"><LA Size="normal">das Steuerhaus zu keinem Zeitpunkt unbesetzt ist,</LA></DD><DT>b)</DT><DD Font="normal"><LA Size="normal">dessen Aufmerksamkeitsüberwachungsgerät zu keinem Zeitpunkt ausgeschaltet ist,</LA></DD><DT>c)</DT><DD Font="normal"><LA Size="normal">das Alarmsignal des Aufmerksamkeitsüberwachungsgeräts jederzeit wahrgenommen werden kann,</LA></DD><DT>d)</DT><DD Font="normal"><LA Size="normal">die Anwesenheit der Person im Steuerhaus alle fünf Minuten durch Betätigung des Aufmerksamkeitsüberwachungsgeräts bestätigt wird und</LA></DD><DT>e)</DT><DD Font="normal"><LA Size="normal">in regelmäßigen Abständen und nach jeder manuellen Veränderung der Fahrspur die ordnungsgemäße Funktion des TGAIN überprüft wird.</LA></DD></DL></LA></DD><DT>5.</DT><DD Font="normal"><LA Size="normal">Bei der Annäherung an Schleusen oder Schiffshebewerke ist der TGAIN mindestens fünf Minuten vor Einfahrt in den jeweiligen Schleusenbereich auszuschalten. Nach einer Schleusung darf der TGAIN erst wieder aktiviert werden, wenn das Fahrzeug den Schleusenbereich verlassen hat.</LA></DD><DT>6.</DT><DD Font="normal"><LA Size="normal">Der Schiffsführer oder die Person, die vorübergehend selbstständig Kurs und Geschwindigkeit des Fahrzeugs bestimmt, darf einen TGAIN nur benutzen, wenn dieser selbst oder ein externes Gerät die Betriebsdaten zur Durchführung von Unfalluntersuchungen aufzeichnet. Zu den Betriebsdaten nach Satz 1 zählt neben den dynamischen Reiseinformationen des Fahrzeuges (Kurs, Geschwindigkeit und Position mit den entsprechenden Zeitangaben) insbesondere die Information, wann der TGAIN ein- oder ausgeschaltet wurde, wann und in welchem Umfang manuell Einfluss auf die Fahrspur genommen wurde sowie wann und in welchem Umfang der TGAIN Steuerbefehle an die Antriebseinrichtungen des Fahrzeugs gesendet hat. Die aufgezeichneten Daten müssen vier Tage lang gespeichert werden und sind der zuständigen Behörde auf Verlangen zur Verfügung zu stellen.&quot;</LA></DD></DL></LA></DD></DL></LA></DD></DL></P></Content></text></textdaten></norm>
</dokumente>