<?xml version="1.0" encoding="UTF-8" ?><!DOCTYPE dokumente SYSTEM "http://www.gesetze-im-internet.de/dtd/1.01/gii-norm.dtd">
<dokumente builddate="20140410221636" doknr="BJNR373200994"><norm builddate="20140410221636" doknr="BJNR373200994"><metadaten><jurabk>UIGGebV</jurabk><amtabk>UIGGebV</amtabk><ausfertigung-datum manuell="ja">1994-12-07</ausfertigung-datum><fundstelle typ="amtlich"><periodikum>BGBl I</periodikum><zitstelle>1994, 3732</zitstelle></fundstelle><kurzue>Umweltinformationsgebührenverordnung</kurzue><langue>Verordnung über Gebühren und Auslagen für individuell zurechenbare öffentliche Leistungen der informationspflichtigen Stellen beim Vollzug des Umweltinformationsgesetzes</langue><standangabe checked="ja"><standtyp>Neuf</standtyp><standkommentar>Neugefasst durch Bek. v. 23.8.2001 I 2247;</standkommentar></standangabe><standangabe checked="ja"><standtyp>Stand</standtyp><standkommentar>Zuletzt geändert durch Art. 2 Abs. 40 G v. 7.8.2013 I 3154</standkommentar></standangabe></metadaten><textdaten><fussnoten><Content><P><BR/> <pre xml:space="preserve">(+++ Textnachweis ab: 14.12.1994 +++)<BR/><BR/></pre>Überschrift: IdF d. Art. 2 Abs. 40 Nr. 1 G v. 7.8.2013 I 3154 mWv 15.8.2013</P></Content></fussnoten></textdaten></norm>
<norm builddate="20140410221636" doknr="BJNR373200994BJNE000204116"><metadaten><jurabk>UIGGebV</jurabk><enbez>§ 1</enbez><titel format="XML">Gebühren und Auslagen</titel></metadaten><textdaten><text format="XML"><Content><P>(1) Für individuell zurechenbare öffentliche Leistungen der informationspflichtigen Stellen auf Grund des Umweltinformationsgesetzes werden Gebühren und Auslagen erhoben; die gebühren- und auslagenpflichtigen Tatbestände und die Höhe der Gebühren und Auslagen ergeben sich aus dem anliegenden Gebühren- und Auslagenverzeichnis.</P><P>(2) Soweit im Falle einer individuell zurechenbaren öffentlichen Leistung mehrere gebührenpflichtige Tatbestände des Gebühren- und Auslagenverzeichnisses entstanden sind, dürfen die Gebühren insgesamt 500 Euro nicht übersteigen.</P><P>(3) Auslagen werden zusätzlich zu den Gebühren und auch dann erhoben, wenn die individuell zurechenbare öffentliche Leistung gebührenfrei erfolgt. Dies gilt nicht in Fällen eines Tatbestandes nach den Nummern 1.1, 3 bis 5 des Gebühren- und Auslagenverzeichnisses. Erreichen die Auslagen nicht die Höhe von 5 Euro, werden sie nicht erhoben.</P></Content></text><fussnoten/></textdaten></norm>
<norm builddate="20140410221636" doknr="BJNR373200994BJNE000303116"><metadaten><jurabk>UIGGebV</jurabk><enbez>§ 2</enbez><titel format="XML">Befreiung und Ermäßigung</titel></metadaten><textdaten><text format="XML"><Content><P>Von der Erhebung von Gebühren und Auslagen kann ganz oder teilweise abgesehen werden, wenn dies im Einzelfall aus Gründen des öffentlichen Interesses oder der Billigkeit geboten ist.</P></Content></text><fussnoten/></textdaten></norm>
<norm builddate="20140410221636" doknr="BJNR373200994BJNE000404116"><metadaten><jurabk>UIGGebV</jurabk><enbez>§ 3</enbez><titel format="XML">Rücknahme von Anträgen</titel></metadaten><textdaten><text format="XML"><Content><P>Wird ein Antrag auf Erbringung einer individuell zurechenbaren öffentlichen Leistung zurückgenommen oder wird ein Antrag abgelehnt oder wird ein Verwaltungsakt zurückgenommen oder widerrufen, werden keine Gebühren und Auslagen erhoben.</P></Content></text><fussnoten/></textdaten></norm>
<norm builddate="20140410221636" doknr="BJNR373200994BJNE000502377"><metadaten><jurabk>UIGGebV</jurabk><jurabk>UIGKostV</jurabk><enbez>§ 4</enbez><titel format="parat">(Inkrafttreten)</titel></metadaten><textdaten><text format="XML"><Content><P>-</P></Content></text><fussnoten/></textdaten></norm>
<norm builddate="20140410221636" doknr="BJNR373200994BJNE000604116"><metadaten><jurabk>UIGGebV</jurabk><enbez>Anlage</enbez><titel format="XML">(zu § 1 Abs. 1)<BR/>Gebühren- und Auslagenverzeichnis</titel></metadaten><textdaten><text format="XML"><Content><P><ABWFORMAT typ="A"/><kommentar typ="Fundstelle">(Fundstelle des Originaltextes: BGBl. I 2004, 3709)</kommentar><BR/><table frame="all"><tgroup cols="3" colsep="1" rowsep="0"><colspec colname="col1" colnum="1" colwidth="0.142555*"/><colspec colname="col2" colnum="2" colwidth="2.268210*"/><colspec colname="col3" colnum="3" colwidth="0.589228*"/><tbody valign="top"><row><entry nameend="col3" namest="col1" valign="top"> </entry></row><row rowsep="1"><entry nameend="col3" namest="col1" valign="top">A. Gebühren</entry></row><row rowsep="1"><entry valign="top">Nr.</entry><entry align="center" valign="top">Gebührentatbestand</entry><entry valign="top">Gebührenbetrag in Euro</entry></row><row><entry valign="top">1.</entry><entry valign="top">Auskünfte</entry><entry valign="top"> </entry></row><row><entry valign="top">1.1</entry><entry valign="top">- mündliche und einfache schriftliche Auskünfte auch bei Herausgabe von wenigen Duplikaten</entry><entry valign="top">gebührenfrei</entry></row><row><entry valign="top">1.2</entry><entry valign="top">- Erteilung einer umfassenden schriftlichen Auskunft auch bei Herausgabe von Duplikaten</entry><entry valign="top">bis 250</entry></row><row><entry morerows="1" valign="top">1.3</entry><entry valign="top">- Erteilung einer schriftlichen Auskunft bei Herausgabe von Duplikaten, wenn im Einzelfall bei außergewöhnlich aufwendigen Maßnahmen zur Zusammenstellung von Unterlagen, insbesondere zum Schutz öffentlicher oder privater Belange, in zahlreichen Fällen Daten ausgesondert werden müssen</entry><entry valign="top">bis 500</entry></row><row><entry valign="top">Auslagen werden mit Ausnahme der Nr. 1.1 zusätzlich erhoben.</entry><entry valign="top"> </entry></row><row><entry valign="top">2.</entry><entry valign="top">Herausgabe</entry><entry valign="top"> </entry></row><row><entry valign="top">2.1</entry><entry valign="top">- Herausgabe von Duplikaten</entry><entry valign="top">bis 125</entry></row><row><entry valign="top">2.2</entry><entry valign="top">- Herausgabe von Duplikaten im Einzelfall bei außergewöhnlich aufwändigen Maßnahmen zur Zusammenstellung von Unterlagen, insbesondere wenn zum Schutz öffentlicher oder privater Belange in zahlreichen Fällen Daten ausgesondert werden müssen</entry><entry valign="top">bis 500</entry></row><row><entry valign="top"> </entry><entry valign="top">Auslagen werden zusätzlich erhoben.</entry><entry valign="top"> </entry></row><row><entry valign="top">3.</entry><entry valign="top">Einsichtnahme vor Ort einschließlich der erforderlichen Vorbereitungsmaßnahmen auch bei Herausgabe von wenigen Duplikaten</entry><entry valign="top">gebührenfrei</entry></row><row><entry valign="top">4.</entry><entry valign="top">Vorkehrungen nach § 7 Abs. 2 des Umweltinformationsgesetzes</entry><entry valign="top">gebührenfrei</entry></row><row rowsep="1"><entry valign="top">5.</entry><entry valign="top">Unterrichtung der Öffentlichkeit nach nach den §§ 10 und 11 des Umweltinformationsgesetzes</entry><entry valign="top">gebührenfrei</entry></row><row><entry nameend="col3" namest="col1" valign="top"> </entry></row><row rowsep="1"><entry nameend="col3" namest="col1" valign="top">B. Auslagen</entry></row><row rowsep="1"><entry valign="top">Nr.</entry><entry align="center" valign="top">Auslagentatbestand</entry><entry valign="top">Auslagenbetrag in Euro</entry></row><row><entry valign="top">1.</entry><entry valign="top">Herstellung von Duplikaten</entry><entry valign="top"> </entry></row><row><entry valign="top">1.1</entry><entry valign="top">- je DIN A4-Kopie von Papiervorlagen</entry><entry valign="top">0,10</entry></row><row><entry valign="top">1.2</entry><entry valign="top">- je DIN A3-Kopie von Papiervorlagen</entry><entry valign="top">0,15</entry></row><row><entry valign="top">1.3</entry><entry valign="top">- Reproduktion von verfilmten Akten<BR/>je Seite</entry><entry valign="top">0,25</entry></row><row><entry valign="top">2.</entry><entry valign="top">Herstellung von Kopien auf sonstigen<BR/>Datenträgern oder Filmkopien</entry><entry valign="top">in voller<BR/>Höhe</entry></row><row><entry valign="top">3.</entry><entry valign="top">Aufwand für besondere Verpackung und<BR/>besondere Beförderung</entry><entry valign="top">in voller<BR/>Höhe</entry></row></tbody></tgroup></table></P></Content></text><fussnoten/></textdaten></norm>
</dokumente>