<?xml version="1.0" encoding="UTF-8" ?><!DOCTYPE dokumente SYSTEM "http://www.gesetze-im-internet.de/dtd/1.01/gii-norm.dtd">
<dokumente builddate="20120625154650" doknr="BJNR292600005"><norm builddate="20120625154650" doknr="BJNR292600005"><metadaten><jurabk>AbrStV</jurabk><amtabk>AbrStV</amtabk><ausfertigung-datum manuell="ja">2005-10-05</ausfertigung-datum><fundstelle typ="amtlich"><periodikum>BGBl I</periodikum><zitstelle>2005, 2926</zitstelle></fundstelle><kurzue>Abrechnungsstellenverordnung</kurzue><langue>Verordnung über Abrechnungsstellen im Scheckverkehr</langue></metadaten><textdaten><text format="XML"><Content><P/></Content></text><fussnoten><Content><P><BR/> <pre xml:space="preserve">(+++ Textnachweis ab: 13.10.2005 +++)<BR/><BR/></pre></P></Content></fussnoten></textdaten></norm>
<norm builddate="20120625154650" doknr="BJNR292600005BJNE000100000"><metadaten><jurabk>AbrStV</jurabk><enbez>Eingangsformel</enbez></metadaten><textdaten><text format="XML"><Content><P>Auf Grund des Artikels 31 Abs. 2 des Scheckgesetzes in der im Bundesgesetzblatt Teil III, Gliederungsnummer 4132-1, veröffentlichten bereinigten Fassung in Verbindung mit Artikel 129 Abs. 1 des Grundgesetzes für die Bundesrepublik Deutschland verordnet das Bundesministerium der Justiz:</P></Content></text></textdaten></norm>
<norm builddate="20120625154650" doknr="BJNR292600005BJNE000200000"><metadaten><jurabk>AbrStV</jurabk><enbez>§ 1</enbez></metadaten><textdaten><text format="XML"><Content><P>Die Deutsche Bundesbank ist Abrechnungsstelle im Sinne des Artikels 31 Abs. 1 des Scheckgesetzes.</P></Content></text></textdaten></norm>
<norm builddate="20120625154650" doknr="BJNR292600005BJNE000300000"><metadaten><jurabk>AbrStV</jurabk><enbez>§ 2</enbez></metadaten><textdaten><text format="XML"><Content><P>(1) Schecks können in die Abrechnungsstelle eingeliefert werden, wenn der Einlieferer sowie der Bezogene oder der Dritte, bei dem der Scheck zahlbar gestellt worden ist, am Abrechnungsverkehr der Abrechnungsstelle teilnehmen oder durch einen Teilnehmer vertreten werden.</P><P>(2) Die Einlieferung von Schecks im Wege der elektronischen Datenfernübertragung setzt voraus, dass der Abrechnungsstelle nach ihren Vorgaben ein elektronisches Bild des Schecks, das die Urkunde vollständig abbildet, übermittelt wird.</P></Content> </text></textdaten></norm>
<norm builddate="20120625154650" doknr="BJNR292600005BJNE000400000"><metadaten><jurabk>AbrStV</jurabk><enbez>§ 3</enbez></metadaten><textdaten><text format="XML"><Content><P>Diese Verordnung tritt am Tage nach der Verkündung in Kraft. Gleichzeitig tritt die Verordnung über Abrechnungsstellen im Wechsel- und Scheckverkehr in der im Bundesgesetzblatt Teil III, Gliederungsnummer 4132-4, veröffentlichten bereinigten Fassung außer Kraft.</P></Content></text></textdaten></norm>
</dokumente>