<?xml version="1.0" encoding="UTF-8" ?><!DOCTYPE dokumente SYSTEM "http://www.gesetze-im-internet.de/dtd/1.01/gii-norm.dtd">
<dokumente builddate="20220201213025" doknr="BJNR141800995"><norm builddate="20220201213025" doknr="BJNR141800995"><metadaten><jurabk>WeinkMstrV</jurabk><amtabk>WeinkMstrV</amtabk><ausfertigung-datum manuell="ja">1995-10-16</ausfertigung-datum><fundstelle typ="amtlich"><periodikum>BGBl I</periodikum><zitstelle>1995, 1418</zitstelle></fundstelle><kurzue>Weinküfermeisterverordnung</kurzue><langue>Verordnung über das Berufsbild und über die Prüfungsanforderungen
im praktischen und im fachtheoretischen Teil der Meisterprüfung
für das Weinküfer-Handwerk</langue><standangabe checked="ja"><standtyp>Stand</standtyp><standkommentar>Geändert durch Art. 2 Abs. 21 V v. 18.1.2022 I 39</standkommentar></standangabe></metadaten><textdaten><text format="XML"><Content><P/></Content></text><fussnoten><Content><P>(+++ Textnachweis ab:  1. 1.1996 +++)</P></Content></fussnoten></textdaten></norm>
<norm builddate="20220201213025" doknr="BJNR141800995BJNE000400310"><metadaten><jurabk>WeinkMstrV</jurabk><enbez>Eingangsformel</enbez></metadaten><textdaten><text format="XML"><Content><P>Auf Grund des § 45 der Handwerksordnung in der Fassung der Bekanntmachung vom 28. Dezember 1965 (BGBl. 1966 I S. 1), der zuletzt durch Artikel 1 Nr. 63 des Gesetzes vom 20. Dezember 1993 (BGBl. I S. 2256) geändert worden ist, in Verbindung mit Artikel 56 Abs. 1 des Zuständigkeitsanpassungs-Gesetzes vom 18. März 1975 (BGBl. I S. 705) und dem Organisationserlaß vom 17. November 1994 (BGBl. I S. 3667) verordnet das Bundesministerium für Wirtschaft im Einvernehmen mit dem Bundesministerium für Bildung, Wissenschaft, Forschung und Technologie:</P></Content></text></textdaten></norm>
<norm builddate="20220201213025" doknr="BJNR141800995BJNG000100310"><metadaten><jurabk>WeinkMstrV</jurabk><gliederungseinheit><gliederungskennzahl>010</gliederungskennzahl><gliederungsbez>1. Abschnitt</gliederungsbez><gliederungstitel>Berufsbild</gliederungstitel></gliederungseinheit></metadaten><textdaten><text format="XML"><Content><P/></Content></text></textdaten></norm>
<norm builddate="20220201213025" doknr="BJNR141800995BJNE000500310"><metadaten><jurabk>WeinkMstrV</jurabk><enbez>§ 1</enbez><titel format="parat">Berufsbild</titel></metadaten><textdaten><text format="XML"><Content><P>(1) Dem Weinküfer-Handwerk sind folgende Tätigkeiten zuzurechnen: <DL Font="normal" Type="arabic"><DT>1.</DT><DD Font="normal"><LA Size="normal">Herstellung von Wein und Sekt,</LA></DD> <DT>2.</DT><DD Font="normal"><LA Size="normal">Herstellung von Obstwein, Obstmost, Süßmost, Fruchtsaft, Nektar und artverwandten Getränken,</LA></DD> <DT>3.</DT><DD Font="normal"><LA Size="normal">Brennen von Getränken, Maischen und Trester.</LA></DD> </DL>(2) Dem Weinküfer-Handwerk sind folgende Kenntnisse und Fertigkeiten zuzurechnen: <DL Font="normal" Type="arabic"><DT>1.</DT><DD Font="normal"><LA Size="normal">Kenntnisse über Obst- und Weinbau,</LA></DD> <DT>2.</DT><DD Font="normal"><LA Size="normal">Kenntnisse der Herstellung von Wein, Sekt, Obstwein, Bränden, Obstmost, Süßmost, Säften, Nektar und artverwandten Getränken,</LA></DD> <DT>3.</DT><DD Font="normal"><LA Size="normal">Kenntnisse der biologischen und chemischen Zusammensetzung sowie der biologischen Veränderungen der Weine, Sekte, Obstweine, Brände, Obstmoste, Süßmoste, Säfte, Nektare und artverwandter Getränke,</LA></DD> <DT>4.</DT><DD Font="normal"><LA Size="normal">Kenntnisse der Kellereimaschinen und Geräte,</LA></DD> <DT>5.</DT><DD Font="normal"><LA Size="normal">Kenntnisse der berufsbezogenen Roh- und Hilfsstoffe sowie ihrer Lagerung,</LA></DD> <DT>6.</DT><DD Font="normal"><LA Size="normal">Kenntnisse der Flaschen, Fässer und anderer Behälter,</LA></DD> <DT>7.</DT><DD Font="normal"><LA Size="normal">Kenntnisse der berufsbezogenen Berechnungen,</LA></DD> <DT>8.</DT><DD Font="normal"><LA Size="normal">Kenntnisse der berufsbezogenen Vorschriften der Arbeitssicherheit und des Arbeitsschutzes,</LA></DD> <DT>9.</DT><DD Font="normal"><LA Size="normal">Kenntnisse der berufsbezogenen Vorschriften des Lebensmittelrechts, insbesondere des Wein- und des Lebensmittelgesetzes,</LA></DD> <DT>10.</DT><DD Font="normal"><LA Size="normal">Kenntnisse der berufsbezogenen Hygienevorschriften,</LA></DD> <DT>11.</DT><DD Font="normal"><LA Size="normal">Kenntnisse der berufsbezogenen Vorschriften des Umweltschutzes,</LA></DD> <DT>12.</DT><DD Font="normal"><LA Size="normal">Kenntnisse der Kellerbuchführung,</LA></DD> <DT>13.</DT><DD Font="normal"><LA Size="normal">Kenntnisse der Etikettierung, Ausstattung und Vermarktung,</LA></DD> <DT>14.</DT><DD Font="normal"><LA Size="normal">Bereiten und Keltern von Maische für Most und Wein,</LA></DD> <DT>15.</DT><DD Font="normal"><LA Size="normal">biologische und chemische Untersuchungen,</LA></DD> <DT>16.</DT><DD Font="normal"><LA Size="normal">Einlagern und Verbessern der Moste,</LA></DD> <DT>17.</DT><DD Font="normal"><LA Size="normal">Ansetzen und Zusetzen von Reinzuchthefen,</LA></DD> <DT>18.</DT><DD Font="normal"><LA Size="normal">Leiten und Überwachen des Gärvorganges,</LA></DD> <DT>19.</DT><DD Font="normal"><LA Size="normal">Probieren von Wein,</LA></DD> <DT>20.</DT><DD Font="normal"><LA Size="normal">Ablassen von Wein,</LA></DD> <DT>21.</DT><DD Font="normal"><LA Size="normal">Schwefeln der Moste und Weine,</LA></DD> <DT>22.</DT><DD Font="normal"><LA Size="normal">Durchführen von Schönungen,</LA></DD> <DT>23.</DT><DD Font="normal"><LA Size="normal">Entsäuern von Most und Wein,</LA></DD> <DT>24.</DT><DD Font="normal"><LA Size="normal">Klären von Weinen,</LA></DD> <DT>25.</DT><DD Font="normal"><LA Size="normal">Behandeln von kranken und fehlerhaften Weinen,</LA></DD> <DT>26.</DT><DD Font="normal"><LA Size="normal">Brennen von Getränken, Maischen und Trestern,</LA></DD> <DT>27.</DT><DD Font="normal"><LA Size="normal">Abfüllen, insbesondere Sterilabfüllen,</LA></DD> <DT>28.</DT><DD Font="normal"><LA Size="normal">Verkosten, Bewerten und Vorstellen von Wein und Sekt,</LA></DD> <DT>29.</DT><DD Font="normal"><LA Size="normal">Lagern der Weine und artverwandter Getränke,</LA></DD> <DT>30.</DT><DD Font="normal"><LA Size="normal">Pflegen und Warten von Lager- und Transportbehältern der Kellereiwirtschaft,</LA></DD> <DT>31.</DT><DD Font="normal"><LA Size="normal">Pflegen und Warten der Kellereimaschinen.</LA></DD> </DL></P></Content></text></textdaten></norm>
<norm builddate="20220201213025" doknr="BJNR141800995BJNG000200310"><metadaten><jurabk>WeinkMstrV</jurabk><gliederungseinheit><gliederungskennzahl>020</gliederungskennzahl><gliederungsbez>2. Abschnitt</gliederungsbez><gliederungstitel>Prüfungsanforderungen in den Teilen I und II
der Meisterprüfung</gliederungstitel></gliederungseinheit></metadaten><textdaten><text format="XML"><Content><P/></Content></text></textdaten></norm>
<norm builddate="20220201213025" doknr="BJNR141800995BJNE000600310"><metadaten><jurabk>WeinkMstrV</jurabk><enbez>§ 2</enbez><titel format="parat">Gliederung, Dauer und Bestehen der praktischen Prüfung (Teil I)</titel></metadaten><textdaten><text format="XML"><Content><P>(1) In Teil I sind eine Meisterprüfungsarbeit anzufertigen und eine Arbeitsprobe auszuführen. Bei der Bestimmung der Meisterprüfungsarbeit sollen die Vorschläge des Prüflings nach Möglichkeit berücksichtigt werden.</P><P>(2) Die Anfertigung der Meisterprüfungsarbeit soll nicht länger als 20 Arbeitstage, die Ausführung der Arbeitsprobe nicht länger als acht Stunden dauern.</P><P>(3) Mindestvoraussetzung für das Bestehen des Teils I sind jeweils ausreichende Leistungen in der Meisterprüfungsarbeit und in der Arbeitsprobe.</P></Content>  </text></textdaten></norm>
<norm builddate="20220201213025" doknr="BJNR141800995BJNE000700310"><metadaten><jurabk>WeinkMstrV</jurabk><enbez>§ 3</enbez><titel format="parat">Meisterprüfungsarbeit</titel></metadaten><textdaten><text format="XML"><Content><P>(1) Als Meisterprüfungsarbeit ist eine der nachstehend genannten Arbeiten anzufertigen: <DL Font="normal" Type="arabic"><DT>1.</DT><DD Font="normal"><LA Size="normal">Ausbauen eines Weines,</LA></DD> <DT>2.</DT><DD Font="normal"><LA Size="normal">Versekten eines Grundweines;</LA></DD> </DL>dabei sollte das Volumen jeweils zwischen 200 und 5.000 Liter liegen.</P><P>(2) Bei jeder Arbeit ist ein Bericht über die Auswahl, die Herkunft, die Ausbauanalyse, die Kelterung, den Verlauf der Gärung, den Zuckerabbau, die Alkoholentwicklung, die Behandlungsmaßnahmen, die Klärung, die Abstiche und die Abfüllung zu erstellen. Der Bericht umfaßt ferner die Abschlußanalyse, die Zusammenstellung der Ausbaukosten und die Eintragungen im Kellerbuch.</P><P>(3) Der Bericht nach Absatz 2 ist bei der Bewertung der Meisterprüfungsarbeit zu berücksichtigen.</P></Content>  </text></textdaten></norm>
<norm builddate="20220201213025" doknr="BJNR141800995BJNE000800310"><metadaten><jurabk>WeinkMstrV</jurabk><enbez>§ 4</enbez><titel format="parat">Arbeitsprobe</titel></metadaten><textdaten><text format="XML"><Content><P>(1) Als Arbeitsprobe sind vier der nachstehend genannten Arbeiten auszuführen: <DL Font="normal" Type="arabic"><DT>1.</DT><DD Font="normal"><LA Size="normal">Durchführen und Bewerten von Weinanalysen,</LA></DD> <DT>2.</DT><DD Font="normal"><LA Size="normal">Einsetzen von Hilfsstoffen,</LA></DD> <DT>3.</DT><DD Font="normal"><LA Size="normal">Ermitteln einer Verschnittmenge von Weinen verschiedener Sorten anhand eines Vorversuchs,</LA></DD> <DT>4.</DT><DD Font="normal"><LA Size="normal">Ermitteln einer Süßreservemenge anhand eines Vorversuchs,</LA></DD> <DT>5.</DT><DD Font="normal"><LA Size="normal">Ermitteln einer Schönung anhand eines Vorversuchs,</LA></DD> <DT>6.</DT><DD Font="normal"><LA Size="normal">Einsetzen von Kellereimaschinen und Geräten,</LA></DD> <DT>7.</DT><DD Font="normal"><LA Size="normal">Vorstellen und Bewerten von Wein und Sekt,</LA></DD> <DT>8.</DT><DD Font="normal"><LA Size="normal">Prüfen eines Grundweins auf Versektungsmöglichkeit,</LA></DD> <DT>9.</DT><DD Font="normal"><LA Size="normal">Fertigstellen eines Saftes oder Nektars,</LA></DD> <DT>10.</DT><DD Font="normal"><LA Size="normal">Fertigstellen eines Destillats.</LA></DD> </DL> </P><P>(2) In der Arbeitsprobe sind die wichtigsten Fertigkeiten und Kenntnisse zu prüfen, die in der Meisterprüfungsarbeit nicht oder nur unzureichend nachgewiesen werden konnten.</P></Content></text></textdaten></norm>
<norm builddate="20220201213025" doknr="BJNR141800995BJNE000900310"><metadaten><jurabk>WeinkMstrV</jurabk><enbez>§ 5</enbez><titel format="parat">Prüfung der fachtheoretischen Kenntnisse (Teil II)</titel></metadaten><textdaten><text format="XML"><Content><P>(1) In Teil II sind Kenntnisse in den folgenden fünf Prüfungsfächern nachzuweisen: <DL Font="normal" Type="arabic"><DT>1.</DT><DD Font="normal"><LA Size="normal">Fachrechnen:<DL Font="normal" Type="arabic"><DT>a)</DT><DD Font="normal"><LA Size="normal">Flächen-, Volumen- und Gewichtsberechnungen,</LA></DD> <DT>b)</DT><DD Font="normal"><LA Size="normal">Mischungs-, Anreicherungs- und Entsäuerungsberechnungen;</LA></DD> </DL></LA></DD> <DT>2.</DT><DD Font="normal"><LA Size="normal">Wein- und Lebensmittelrecht:</LA><LA Size="normal">berufsbezogene Vorschriften des Lebensmittelrechts, insbesondere Wein- und Lebensmittelgesetz;</LA></DD>  <DT>3.</DT><DD Font="normal"><LA Size="normal">Fachtechnologie:<DL Font="normal" Type="arabic"><DT>a)</DT><DD Font="normal"><LA Size="normal">Obst- und Weinbau,</LA></DD> <DT>b)</DT><DD Font="normal"><LA Size="normal">Most- und Weinbehandlung,</LA></DD> <DT>c)</DT><DD Font="normal"><LA Size="normal">Gärung,</LA></DD> <DT>d)</DT><DD Font="normal"><LA Size="normal">Weinausbau,</LA></DD> <DT>e)</DT><DD Font="normal"><LA Size="normal">Fehler und Krankheiten des Weins,</LA></DD> <DT>f)</DT><DD Font="normal"><LA Size="normal">Inhaltsstoffe des Mostes und des Weins,</LA></DD> <DT>g)</DT><DD Font="normal"><LA Size="normal">Verwertung und Entsorgung von Verarbeitungsrückständen,</LA></DD> <DT>h)</DT><DD Font="normal"><LA Size="normal">Kellereimaschinen und Geräte,</LA></DD> <DT>i)</DT><DD Font="normal"><LA Size="normal">Herstellung und Behandlung von Wein, Sekt, Bränden, Saft, Obst- und Fruchtweinen und artverwandten Getränken,</LA></DD> <DT>k)</DT><DD Font="normal"><LA Size="normal">Abfüllung,</LA></DD> <DT>l)</DT><DD Font="normal"><LA Size="normal">Etikettierung, Ausstattung und Vermarktung;</LA></DD> </DL></LA></DD> <DT>4.</DT><DD Font="normal"><LA Size="normal">Roh- und Hilfsstoffe:</LA><LA Size="normal">Arten, Eigenschaften, Verwendung, Verarbeitung und Lagerung der berufsbezogenen Roh- und Hilfsstoffe;</LA></DD>  <DT>5.</DT><DD Font="normal"><LA Size="normal">Kalkulation:</LA><LA Size="normal">Kostenermittlung unter Einbeziehung aller für die Preisbildung wesentlichen Faktoren.</LA></DD>  </DL> </P><P>(2) Die Prüfung ist schriftlich und mündlich durchzuführen.</P><P>(3) Die schriftliche Prüfung soll insgesamt nicht länger als zwölf Stunden, die mündliche je Prüfling nicht länger als eine halbe Stunde dauern. In der schriftlichen Prüfung soll an einem Tag nicht länger als sechs Stunden geprüft werden.</P><P>(4) Der Prüfling ist von der mündlichen Prüfung auf Antrag zu befreien, wenn er im Durchschnitt mindestens gute schriftliche Leistungen erbracht hat.</P><P>(5) Mindestvoraussetzung für das Bestehen des Teils II sind ausreichende Leistungen in dem Prüfungsfach nach Absatz 1 Nr. 2.</P></Content>   </text></textdaten></norm>
<norm builddate="20220201213025" doknr="BJNR141800995BJNG000300310"><metadaten><jurabk>WeinkMstrV</jurabk><gliederungseinheit><gliederungskennzahl>030</gliederungskennzahl><gliederungsbez>3. Abschnitt</gliederungsbez><gliederungstitel>Übergangs- und Schlußvorschriften</gliederungstitel></gliederungseinheit></metadaten><textdaten><text format="XML"><Content><P/></Content></text></textdaten></norm>
<norm builddate="20220201213025" doknr="BJNR141800995BJNE001000310"><metadaten><jurabk>WeinkMstrV</jurabk><enbez>§ 6</enbez><titel format="parat">Übergangsvorschrift</titel></metadaten><textdaten><text format="XML"><Content><P>Die bei Inkrafttreten dieser Verordnung laufenden Prüfungsverfahren werden nach den bisherigen Vorschriften zu Ende geführt.</P></Content></text></textdaten></norm>
<norm builddate="20220201213025" doknr="BJNR141800995BJNE001101128"><metadaten><jurabk>WeinkMstrV</jurabk><enbez>§ 7</enbez><titel format="XML">Weitere Anforderungen</titel></metadaten><textdaten><text format="XML"><Content><P>(1) Die Vorschriften der Meisterprüfungsverfahrensverordnung bleiben unberührt.</P><P>(2) Die Prüfung in den Teilen III und IV der Meisterprüfung bestimmt sich nach der Allgemeinen Meisterprüfungsverordnung.</P></Content></text><fussnoten/></textdaten></norm>
<norm builddate="20220201213025" doknr="BJNR141800995BJNE001200310"><metadaten><jurabk>WeinkMstrV</jurabk><enbez>§ 8</enbez><titel format="parat">Inkrafttreten</titel></metadaten><textdaten><text format="XML"><Content><P>(1) Diese Verordnung tritt am 1. Januar 1996 in Kraft.</P><P>(2) Die auf Grund des § 122 der Handwerksordnung weiter anzuwendenden Vorschriften sind, soweit sie Gegenstände dieser Verordnung regeln, nicht mehr anzuwenden.</P></Content> </text></textdaten></norm>
</dokumente>