<?xml version="1.0" encoding="UTF-8" ?><!DOCTYPE dokumente SYSTEM "http://www.gesetze-im-internet.de/dtd/1.01/gii-norm.dtd">
<dokumente builddate="20171129221518" doknr="BJNR380700017"><norm builddate="20171129221518" doknr="BJNR380700017"><metadaten><jurabk>PatInfoZBek 2017</jurabk><ausfertigung-datum manuell="ja">2017-11-14</ausfertigung-datum><fundstelle typ="amtlich"><periodikum>BGBl I</periodikum><zitstelle>2017, 3807</zitstelle></fundstelle><langue>Bekanntmachung der Änderung der zur Entgegennahme von Patent-, Gebrauchsmuster-, Marken- und Designanmeldungen befugten Patentinformationszentren</langue></metadaten><textdaten><fussnoten><Content><P><BR/> <pre xml:space="preserve">(+++ Textnachweis ab: 29.11.2017 +++)<BR/><BR/></pre></P></Content></fussnoten></textdaten></norm>
<norm builddate="20171129221518" doknr="BJNR380700017BJNE000100000"><metadaten><jurabk>PatInfoZBek 2017</jurabk><enbez>(XXXX)</enbez></metadaten><textdaten><text format="XML"><Content><P>Nach <DL Type="Dash"><DT>–</DT><DD Font="normal"><LA>§ 34 Absatz 2 Satz 1 und § 35 Absatz 1 Nummer 2 des Patentgesetzes, die durch Artikel 204 der Verordnung vom 31. August 2015 (BGBl. I S. 1474) geändert worden sind,</LA></DD><DT>–</DT><DD Font="normal"><LA>§ 4 Absatz 2 Satz 1 und § 4a Absatz 1 Nummer 2 des Gebrauchsmustergesetzes, die durch Artikel 205 der Verordnung vom 31. August 2015 (BGBl. I S. 1474) geändert worden sind,</LA></DD><DT>–</DT><DD Font="normal"><LA>§ 32 Absatz 1 Satz 2 und § 33 Absatz 1 Nummer 2 des Markengesetzes, die durch Artikel 206 Nummer 1 der Verordnung vom 31. August 2015 (BGBl. I S. 1474) geändert worden sind, und</LA></DD><DT>–</DT><DD Font="normal"><LA>§ 11 Absatz 1 Satz 2 und § 13 Absatz 1 Nummer 2 des Designgesetzes in der Fassung der Bekanntmachung vom 24. Februar 2014 (BGBl. I S. 122)</LA></DD></DL>wird hiermit bekannt gemacht, dass das <table colsep="0" frame="none" rowsep="0" tocentry="%yes;"><tgroup align="left" char="" charoff="50" cols="1"><colspec colname="col1"/><tbody valign="top"><row><entry VJ="1" align="center" colname="col1">Patentinformationszentrum Nürnberg<BR/> TÜV Rheinland Consulting GmbH<BR/> Patente und Normen<BR/> vormals<BR/> LGA TrainConsult GmbH<BR/> Patente und Normen<BR/> Tillystraße 2<BR/> 90431 Nürnberg</entry></row></tbody></tgroup></table>ab dem 1. Januar 2018 nicht mehr als Patentinformationszentrum im Sinne von <DL Type="Dash"><DT>–</DT><DD Font="normal"><LA>§ 34 Absatz 2 Satz 1 und § 35 Absatz 1 Nummer 2 des Patentgesetzes,</LA></DD><DT>–</DT><DD Font="normal"><LA>§ 4 Absatz 2 Satz 1 und § 4a Absatz 1 Nummer 2 des Gebrauchsmustergesetzes,</LA></DD><DT>–</DT><DD Font="normal"><LA>§ 32 Absatz 1 Satz 2 und § 33 Absatz 1 Nummer 2 des Markengesetzes,</LA></DD><DT>–</DT><DD Font="normal"><LA>§ 11 Absatz 1 Satz 2 und § 13 Absatz 1 Nummer 2 des Designgesetzes,</LA></DD><DT>–</DT><DD Font="normal"><LA>Artikel II § 4 Absatz 1 Satz 1 des Gesetzes über internationale Patentübereinkommen vom 21. Juni 1976 (BGBl. 1976 II S. 649), das zuletzt durch Artikel 3 des Gesetzes vom 17. Juli 2017 (BGBl. I S. 2541) geändert worden ist, und</LA></DD><DT>–</DT><DD Font="normal"><LA>Artikel III § 1 Absatz 2 Satz 1 des Gesetzes über internationale Patentübereinkommen</LA></DD></DL>zur Entgegennahme von Patent-, Gebrauchsmuster-, Marken- und Designanmeldungen bestimmt ist.</P><P>Die Bekanntmachung vom 5. Oktober 2004 (BGBl. I S. 2599) wird insoweit aufgehoben.</P></Content></text></textdaten></norm>
<norm builddate="20171129221518" doknr="BJNR380700017BJNE000200000"><metadaten><jurabk>PatInfoZBek 2017</jurabk><enbez>Schlussformel</enbez></metadaten><textdaten><text format="XML"><Content><P><SP>Bundesministerium der Justiz und für Verbraucherschutz</SP></P></Content></text></textdaten></norm>
</dokumente>