<?xml version="1.0" encoding="UTF-8" ?><!DOCTYPE dokumente SYSTEM "http://www.gesetze-im-internet.de/dtd/1.01/gii-norm.dtd">
<dokumente builddate="20210731213109" doknr="BJNR069900021"><norm builddate="20210731213109" doknr="BJNR069900021"><metadaten><jurabk>ElekAusbV 2021</jurabk><amtabk>ElekAusbV</amtabk><ausfertigung-datum manuell="ja">2021-03-30</ausfertigung-datum><fundstelle typ="amtlich"><periodikum>BGBl I</periodikum><zitstelle>2021, 662, 699</zitstelle></fundstelle><kurzue>Elektronikerausbildungsverordnung</kurzue><langue>Verordnung über die Berufsausbildung zum Elektroniker und zur Elektronikerin<FnR ID="F815787_04_BJNR069900021"/></langue><standangabe checked="ja"><standtyp>Sonst</standtyp><standkommentar>Ersetzt V 7110-6-98 v. 25.7.2008 I 1413 (ElektronAusbV 2008)</standkommentar></standangabe></metadaten><textdaten><text format="XML"><Footnotes><Footnote FnZ="*" Group="column" ID="F815787_04_BJNR069900021" Pos="normal"><noindex>Diese Rechtsverordnung ist eine Ausbildungsordnung im Sinne des § 25 der Handwerksordnung. Die Ausbildungsordnung und der damit abgestimmte, von der Ständigen Konferenz der Kultusminister der Länder in der Bundesrepublik Deutschland beschlossene Rahmenlehrplan für die Berufsschule werden demnächst im amtlichen Teil des Bundesanzeigers veröffentlicht.</noindex></Footnote></Footnotes></text><fussnoten><Content><P><BR/> <pre xml:space="preserve">(+++ Textnachweis: 1.8.2021 +++)<BR/> <BR/><BR/> <BR/>Die V wurde als Artikel 4 der V v. 30.3.2021 I 662 vom Bundesministerium für <BR/>Wirtschaft und Energie im Einvernehmen mit dem Bundesministerium für Bildung <BR/>und Forschung nach Anhörung des Hauptausschusses des Bundesinstituts für <BR/>Berufsbildung beschlossen. Sie ist gem. Art. 7 Satz 1 dieser V am 1.8.2021 in <BR/>Kraft getreten.<BR/><BR/></pre></P></Content></fussnoten></textdaten></norm>
<norm builddate="20210731213109" doknr="BJNR069900021BJNE000100000"><metadaten><jurabk>ElekAusbV 2021</jurabk><jurabk>ElekAusbV</jurabk><enbez>Inhaltsübersicht</enbez></metadaten><textdaten><text format="XML"><Content><TOC><Ident Class="S0">Abschnitt 1</Ident><P/><Title Align="auto" Class="S0">Gegenstand, Dauer<BR/> und Gliederung der Berufsausbildung</Title><P/><table colsep="0" frame="none" pgwide="1" rowsep="0" tocentry="%yes;"><tgroup align="left" char="" charoff="50" cols="2"><colspec colname="col1" colnum="1" colwidth="10*"/><colspec colname="col2" colnum="2" colwidth="70*"/><tbody valign="top"><row><entry VJ="1" colname="col1">§  1</entry><entry VJ="1" colname="col2">Staatliche Anerkennung des Ausbildungsberufes</entry></row><row><entry VJ="1" colname="col1">§  2</entry><entry VJ="1" colname="col2">Dauer der Berufsausbildung</entry></row><row><entry VJ="1" colname="col1">§  3</entry><entry VJ="1" colname="col2">Gegenstand der Berufsausbildung und Ausbildungsrahmenplan</entry></row><row><entry VJ="1" colname="col1">§  4</entry><entry VJ="1" colname="col2">Struktur der Berufsausbildung, Ausbildungsberufsbild</entry></row><row><entry VJ="1" colname="col1">§  5</entry><entry VJ="1" colname="col2">Ausbildungsplan</entry></row></tbody></tgroup></table><P/><Ident Class="S0">Abschnitt 2</Ident><P/><Title Align="auto" Class="S0">Gesellenprüfung</Title><P/><table colsep="0" frame="none" pgwide="1" rowsep="0" tocentry="%yes;"><tgroup align="left" char="" charoff="50" cols="2"><colspec colname="col1" colnum="1" colwidth="10*"/><colspec colname="col2" colnum="2" colwidth="70*"/><tbody valign="top"><row><entry VJ="1" colname="col1">§  6</entry><entry VJ="1" colname="col2">Aufteilung in zwei Teile und Zeitpunkt</entry></row><row><entry VJ="1" colname="col1">§  7</entry><entry VJ="1" colname="col2">Inhalt von Teil 1</entry></row><row><entry VJ="1" colname="col1">§  8</entry><entry VJ="1" colname="col2">Prüfungsbereich von Teil 1</entry></row><row><entry VJ="1" colname="col1">§  9</entry><entry VJ="1" colname="col2">Inhalt von Teil 2</entry></row><row><entry VJ="1" colname="col1">§ 10</entry><entry VJ="1" colname="col2">Prüfungsbereiche von Teil 2</entry></row><row><entry VJ="1" colname="col1">§ 11</entry><entry VJ="1" colname="col2">Prüfungsbereich Kundenauftrag</entry></row><row><entry VJ="1" colname="col1">§ 12</entry><entry VJ="1" colname="col2">Prüfungsbereich Systementwurf</entry></row><row><entry VJ="1" colname="col1">§ 13</entry><entry VJ="1" colname="col2">Prüfungsbereich Funktions- und Systemanalyse</entry></row><row><entry VJ="1" colname="col1">§ 14</entry><entry VJ="1" colname="col2">Prüfungsbereich Wirtschafts- und Sozialkunde</entry></row><row><entry VJ="1" colname="col1">§ 15</entry><entry VJ="1" colname="col2">Gewichtung der Prüfungsbereiche und Anforderungen für das Bestehen der Gesellenprüfung</entry></row><row><entry VJ="1" colname="col1">§ 16</entry><entry VJ="1" colname="col2">Mündliche Ergänzungsprüfung</entry></row></tbody></tgroup></table><P/><table colsep="0" frame="none" pgwide="1" rowsep="0" tocentry="%yes;"><tgroup align="left" char="" charoff="50" cols="2"><colspec colname="col1" colnum="1" colwidth="10*"/><colspec colname="col2" colnum="2" colwidth="70*"/><tbody valign="top"><row><entry VJ="1" colname="col1">Anlage<BR/> (zu § 3 Absatz 1<BR/> Satz 1)</entry><entry VJ="1" colname="col2">Ausbildungsrahmenplan für die Berufsausbildung zum Elektroniker und zur Elektronikerin</entry></row></tbody></tgroup></table></TOC></Content></text></textdaten></norm>
<norm builddate="20210731213109" doknr="BJNR069900021BJNG000100000"><metadaten><jurabk>ElekAusbV 2021</jurabk><jurabk>ElekAusbV</jurabk><gliederungseinheit><gliederungskennzahl>010</gliederungskennzahl><gliederungsbez>Abschnitt 1</gliederungsbez><gliederungstitel>Gegenstand, Dauer und Gliederung der Berufsausbildung</gliederungstitel></gliederungseinheit></metadaten><textdaten/></norm>
<norm builddate="20210731213109" doknr="BJNR069900021BJNE000200000"><metadaten><jurabk>ElekAusbV 2021</jurabk><jurabk>ElekAusbV</jurabk><enbez>§ 1</enbez><titel format="XML">Staatliche Anerkennung des Ausbildungsberufes</titel></metadaten><textdaten><text format="XML"><Content><P>Der Ausbildungsberuf des Elektronikers und der Elektronikerin wird nach § 25 der Handwerksordnung zur Ausbildung für das Gewerbe nach Anlage A Nummer 25, Elektrotechniker, der Handwerksordnung staatlich anerkannt.</P></Content></text></textdaten></norm>
<norm builddate="20210731213109" doknr="BJNR069900021BJNE000300000"><metadaten><jurabk>ElekAusbV 2021</jurabk><jurabk>ElekAusbV</jurabk><enbez>§ 2</enbez><titel format="XML">Dauer der Berufsausbildung</titel></metadaten><textdaten><text format="XML"><Content><P>Die Berufsausbildung dauert dreieinhalb Jahre.</P></Content></text></textdaten></norm>
<norm builddate="20210731213109" doknr="BJNR069900021BJNE000400000"><metadaten><jurabk>ElekAusbV 2021</jurabk><jurabk>ElekAusbV</jurabk><enbez>§ 3</enbez><titel format="XML">Gegenstand der Berufsausbildung und Ausbildungsrahmenplan</titel></metadaten><textdaten><text format="XML"><Content><P>(1) Gegenstand der Berufsausbildung sind mindestens die im Ausbildungsrahmenplan (Anlage) genannten Fertigkeiten, Kenntnisse und Fähigkeiten. Von der Organisation der Berufsausbildung, wie sie im Ausbildungsrahmenplan vorgegeben ist, darf von den Ausbildenden oder von den Ausbildern und Ausbilderinnen abgewichen werden, wenn und soweit betriebspraktische Besonderheiten oder Gründe, die in der Person des oder der Auszubildenden liegen, die Abweichung erfordern.</P><P>(2) Die im Ausbildungsrahmenplan genannten Fertigkeiten, Kenntnisse und Fähigkeiten sind von den Ausbildenden oder von den Ausbildern und Ausbilderinnen so zu vermitteln, dass die Auszubildenden die berufliche Handlungsfähigkeit nach § 1 Absatz 3 des Berufsbildungsgesetzes erlangen. Die berufliche Handlungsfähigkeit schließt insbesondere selbständiges Planen, Durchführen und Kontrollieren im eigenen Arbeitsbereich ein.</P></Content></text></textdaten></norm>
<norm builddate="20210731213109" doknr="BJNR069900021BJNE000500000"><metadaten><jurabk>ElekAusbV 2021</jurabk><jurabk>ElekAusbV</jurabk><enbez>§ 4</enbez><titel format="XML">Struktur der Berufsausbildung, Ausbildungsberufsbild</titel></metadaten><textdaten><text format="XML"><Content><P>(1) Die Berufsausbildung gliedert sich in: <DL Type="arabic"><DT>1.</DT><DD Font="normal"><LA>fachrichtungsübergreifende, berufsprofilgebende Fertigkeiten, Kenntnisse und Fähigkeiten,</LA></DD><DT>2.</DT><DD Font="normal"><LA>berufsprofilgebende Fertigkeiten, Kenntnisse und Fähigkeiten in einer der Fachrichtungen <DL Type="alpha"><DT>a)</DT><DD Font="normal"><LA>Energie- und Gebäudetechnik oder</LA></DD><DT>b)</DT><DD Font="normal"><LA>Automatisierungs- und Systemtechnik sowie</LA></DD></DL></LA></DD><DT>3.</DT><DD Font="normal"><LA>fachrichtungsübergreifende, integrativ zu vermittelnde Fertigkeiten, Kenntnisse und Fähigkeiten.</LA></DD></DL>Die Fertigkeiten, Kenntnisse und Fähigkeiten sind in Berufsbildpositionen als Teil des Ausbildungsberufsbildes gebündelt.</P><P>(2) Die Berufsbildpositionen der fachrichtungsübergreifenden, berufsprofilgebenden Fertigkeiten, Kenntnisse und Fähigkeiten sind: <DL Type="arabic"><DT>1.</DT><DD Font="normal"><LA>Durchführen von betrieblicher und technischer Kommunikation sowie Informationsverarbeitung,</LA></DD><DT>2.</DT><DD Font="normal"><LA>Planen und Organisieren der Arbeit,</LA></DD><DT>3.</DT><DD Font="normal"><LA>Durchführen von qualitätssichernden Maßnahmen,</LA></DD><DT>4.</DT><DD Font="normal"><LA>Beraten und Betreuen von Kunden und Kundinnen,</LA></DD><DT>5.</DT><DD Font="normal"><LA>Prüfen und Einhalten von Datenschutz- und Informationssicherheitskonzepten,</LA></DD><DT>6.</DT><DD Font="normal"><LA>Prüfen und Beurteilen von Schutzmaßnahmen an elektrischen Anlagen und Geräten,</LA></DD><DT>7.</DT><DD Font="normal"><LA>Analysieren technischer Systeme,</LA></DD><DT>8.</DT><DD Font="normal"><LA>Messen und Analysieren physikalischer Kennwerte an elektrischen Anlagen und Geräten,</LA></DD><DT>9.</DT><DD Font="normal"><LA>Analysieren und Beheben von Fehlern sowie Instandhalten von Geräten und Systemen,</LA></DD><DT>10.</DT><DD Font="normal"><LA>Montieren und Installieren von Bauteilen, Baugruppen und Geräten,</LA></DD><DT>11.</DT><DD Font="normal"><LA>Montieren und Installieren von Netzwerken sowie</LA></DD><DT>12.</DT><DD Font="normal"><LA>Aufbauen und Prüfen von Steuerungen und Regelungen.</LA></DD></DL></P><P>(3) Die Berufsbildpositionen der berufsprofilgebenden Fertigkeiten, Kenntnisse und Fähigkeiten in der Fachrichtung Energie- und Gebäudetechnik sind: <DL Type="arabic"><DT>1.</DT><DD Font="normal"><LA>Konzipieren von Systemen der Energie- und Gebäudetechnik,</LA></DD><DT>2.</DT><DD Font="normal"><LA>Installieren und Inbetriebnehmen von Energiewandlungssystemen und ihren Leiteinrichtungen,</LA></DD><DT>3.</DT><DD Font="normal"><LA>Aufstellen und Inbetriebnehmen von elektrischen und elektronischen Geräten,</LA></DD><DT>4.</DT><DD Font="normal"><LA>Installieren und Konfigurieren von Gebäudesystemtechnik,</LA></DD><DT>5.</DT><DD Font="normal"><LA>Installieren und Prüfen von Antennen- und Breitbandkommunikationsanlagen und</LA></DD><DT>6.</DT><DD Font="normal"><LA>Durchführen von Wiederholungsprüfungen entsprechend geltender Normen und Instandhalten von gebäudetechnischen Systemen.</LA></DD></DL></P><P>(4) Die Berufsbildpositionen der berufsprofilgebenden Fertigkeiten, Kenntnisse und Fähigkeiten in der Fachrichtung Automatisierungs- und Systemtechnik sind: <DL Type="arabic"><DT>1.</DT><DD Font="normal"><LA>Konzipieren von Systemen der Automatisierungstechnik,</LA></DD><DT>2.</DT><DD Font="normal"><LA>Programmieren, Installieren und Konfigurieren von Automatisierungssystemen,</LA></DD><DT>3.</DT><DD Font="normal"><LA>Parametrieren und Inbetriebnehmen von Automatisierungssystemen und</LA></DD><DT>4.</DT><DD Font="normal"><LA>Prüfen, Instandhalten und Optimieren von Automatisierungssystemen.</LA></DD></DL></P><P>(5) Die Berufsbildpositionen der fachrichtungsübergreifenden, integrativ zu vermittelnden Fertigkeiten, Kenntnisse und Fähigkeiten sind: <DL Type="arabic"><DT>1.</DT><DD Font="normal"><LA>Organisation des Ausbildungsbetriebes, Berufsbildung sowie Arbeits- und Tarifrecht,</LA></DD><DT>2.</DT><DD Font="normal"><LA>Sicherheit und Gesundheit bei der Arbeit,</LA></DD><DT>3.</DT><DD Font="normal"><LA>Umweltschutz und Nachhaltigkeit sowie</LA></DD><DT>4.</DT><DD Font="normal"><LA>digitalisierte Arbeitswelt.</LA></DD></DL></P></Content></text></textdaten></norm>
<norm builddate="20210731213109" doknr="BJNR069900021BJNE000600000"><metadaten><jurabk>ElekAusbV 2021</jurabk><jurabk>ElekAusbV</jurabk><enbez>§ 5</enbez><titel format="XML">Ausbildungsplan</titel></metadaten><textdaten><text format="XML"><Content><P>Die Ausbildenden haben spätestens zu Beginn der Ausbildung auf der Grundlage des Ausbildungsrahmenplans für jeden Auszubildenden und für jede Auszubildende einen Ausbildungsplan zu erstellen.</P></Content></text></textdaten></norm>
<norm builddate="20210731213109" doknr="BJNR069900021BJNG000200000"><metadaten><jurabk>ElekAusbV 2021</jurabk><jurabk>ElekAusbV</jurabk><gliederungseinheit><gliederungskennzahl>020</gliederungskennzahl><gliederungsbez>Abschnitt 2</gliederungsbez><gliederungstitel>Gesellenprüfung</gliederungstitel></gliederungseinheit></metadaten><textdaten/></norm>
<norm builddate="20210731213109" doknr="BJNR069900021BJNE000700000"><metadaten><jurabk>ElekAusbV 2021</jurabk><jurabk>ElekAusbV</jurabk><enbez>§ 6</enbez><titel format="XML">Aufteilung in zwei Teile und Zeitpunkt</titel></metadaten><textdaten><text format="XML"><Content><P>(1) Die Gesellenprüfung besteht aus den Teilen 1 und 2.</P><P>(2) Teil 1 findet im vierten Ausbildungshalbjahr statt, Teil 2 am Ende der Berufsausbildung. Den jeweiligen Zeitpunkt legt die zuständige Stelle fest.</P></Content></text></textdaten></norm>
<norm builddate="20210731213109" doknr="BJNR069900021BJNE000800000"><metadaten><jurabk>ElekAusbV 2021</jurabk><jurabk>ElekAusbV</jurabk><enbez>§ 7</enbez><titel format="XML">Inhalt von Teil 1</titel></metadaten><textdaten><text format="XML"><Content><P>Teil 1 der Gesellenprüfung erstreckt sich auf <DL Type="arabic"><DT>1.</DT><DD Font="normal"><LA>die im Ausbildungsrahmenplan für die ersten 18 Monate genannten Fertigkeiten, Kenntnisse und Fähigkeiten sowie</LA></DD><DT>2.</DT><DD Font="normal"><LA>den im Berufsschulunterricht zu vermittelnden Lehrstoff, soweit er den im Ausbildungsrahmenplan genannten Fertigkeiten, Kenntnissen und Fähigkeiten entspricht.</LA></DD></DL></P></Content></text></textdaten></norm>
<norm builddate="20210731213109" doknr="BJNR069900021BJNE000900000"><metadaten><jurabk>ElekAusbV 2021</jurabk><jurabk>ElekAusbV</jurabk><enbez>§ 8</enbez><titel format="XML">Prüfungsbereich von Teil 1</titel></metadaten><textdaten><text format="XML"><Content><P>(1) Teil 1 der Gesellenprüfung findet im Prüfungsbereich Elektrotechnische Anlagen und Betriebsmittel statt.</P><P>(2) Im Prüfungsbereich Elektrotechnische Anlagen und Betriebsmittel hat der Prüfling nachzuweisen, dass er in der Lage ist, <DL Type="arabic"><DT>1.</DT><DD Font="normal"><LA>technische Unterlagen auszuwerten, technische Parameter zu bestimmen, Arbeitsabläufe zu planen und abzustimmen und Material und Werkzeug zu disponieren,</LA></DD><DT>2.</DT><DD Font="normal"><LA>Anlagenteile zu montieren, zu verdrahten, zu verbinden und einzustellen und Sicherheitsregeln, Unfallverhütungsvorschriften und Umweltschutzbestimmungen einzuhalten,</LA></DD><DT>3.</DT><DD Font="normal"><LA>die Sicherheit von elektrischen Anlagen und Betriebsmitteln zu beurteilen und elektrische Schutzmaßnahmen zu prüfen,</LA></DD><DT>4.</DT><DD Font="normal"><LA>elektrische Systeme zu analysieren und Funktionen zu prüfen und Fehler zu suchen und zu beseitigen und</LA></DD><DT>5.</DT><DD Font="normal"><LA>Produkte in Betrieb zu nehmen, zu übergeben und zu erläutern, die Auftragsdurchführung zu dokumentieren und technische Unterlagen einschließlich der Prüfprotokolle zu erstellen.</LA></DD></DL></P><P>(3) Der Prüfling hat eine Arbeitsaufgabe durchzuführen. Während der Durchführung wird mit ihm ein situatives Fachgespräch geführt. Darüber hinaus hat er Aufgaben, die sich auf die Arbeitsaufgabe beziehen, schriftlich zu bearbeiten.</P><P>(4) Die Prüfungszeit beträgt insgesamt 10 Stunden. Davon entfallen 8 Stunden auf die Durchführung der Arbeitsaufgabe. Innerhalb dieser Zeit dauert das situative Fachgespräch höchstens 10 Minuten. Auf die schriftliche Bearbeitung der Aufgaben entfallen 120 Minuten.</P></Content></text></textdaten></norm>
<norm builddate="20210731213109" doknr="BJNR069900021BJNE001000000"><metadaten><jurabk>ElekAusbV 2021</jurabk><jurabk>ElekAusbV</jurabk><enbez>§ 9</enbez><titel format="XML">Inhalt von Teil 2</titel></metadaten><textdaten><text format="XML"><Content><P>(1) Teil 2 der Gesellenprüfung erstreckt sich auf <DL Type="arabic"><DT>1.</DT><DD Font="normal"><LA>die im Ausbildungsrahmenplan genannten Fertigkeiten, Kenntnisse und Fähigkeiten sowie</LA></DD><DT>2.</DT><DD Font="normal"><LA>den im Berufsschulunterricht zu vermittelnden Lehrstoff, soweit er den im Ausbildungsrahmenplan genannten Fertigkeiten, Kenntnissen und Fähigkeiten entspricht.</LA></DD></DL></P><P>(2) In Teil 2 der Gesellenprüfung sollen Fertigkeiten, Kenntnisse und Fähigkeiten, die bereits Gegenstand von Teil 1 der Gesellenprüfung waren, nur insoweit einbezogen werden, als es für die Feststellung der beruflichen Handlungsfähigkeit erforderlich ist.</P></Content></text></textdaten></norm>
<norm builddate="20210731213109" doknr="BJNR069900021BJNE001100000"><metadaten><jurabk>ElekAusbV 2021</jurabk><jurabk>ElekAusbV</jurabk><enbez>§ 10</enbez><titel format="XML">Prüfungsbereiche von Teil 2</titel></metadaten><textdaten><text format="XML"><Content><P>Teil 2 der Gesellenprüfung findet in den folgenden Prüfungsbereichen statt: <DL Type="arabic"><DT>1.</DT><DD Font="normal"><LA>Kundenauftrag,</LA></DD><DT>2.</DT><DD Font="normal"><LA>Systementwurf,</LA></DD><DT>3.</DT><DD Font="normal"><LA>Funktions- und Systemanalyse sowie</LA></DD><DT>4.</DT><DD Font="normal"><LA>Wirtschafts- und Sozialkunde.</LA></DD></DL></P></Content></text></textdaten></norm>
<norm builddate="20210731213109" doknr="BJNR069900021BJNE001200000"><metadaten><jurabk>ElekAusbV 2021</jurabk><jurabk>ElekAusbV</jurabk><enbez>§ 11</enbez><titel format="XML">Prüfungsbereich Kundenauftrag</titel></metadaten><textdaten><text format="XML"><Content><P>(1) Im Prüfungsbereich Kundenauftrag hat der Prüfling nachzuweisen, dass er in der Lage ist, <DL Type="arabic"><DT>1.</DT><DD Font="normal"><LA>Kundenaufträge zu analysieren, Informationen zu beschaffen, technische und organisatorische Schnittstellen zu klären und Lösungsvarianten unter technischen, betriebswirtschaftlichen und ökologischen Gesichtspunkten zu bewerten und auszuwählen, fachbezogene Probleme und deren Lösungen kundenbezogen darzustellen sowie seine Vorgehensweise zu begründen,</LA></DD><DT>2.</DT><DD Font="normal"><LA>Teilaufgaben festzulegen, Auftragsabläufe zu planen und abzustimmen, Planungsunterlagen zu erstellen sowie Arbeitsabläufe und Zuständigkeiten am Einsatzort zu berücksichtigen,</LA></DD><DT>3.</DT><DD Font="normal"><LA>Kundenaufträge durchzuführen, Funktion und Sicherheit elektrischer und elektronischer Anlagen zu prüfen und zu dokumentieren, Normen und Spezifikationen zur Qualität und Sicherheit der Anlagen zu beachten sowie Ursachen von Fehlern und Mängeln systematisch zu suchen,</LA></DD><DT>4.</DT><DD Font="normal"><LA>Systeme oder Systemkomponenten freizugeben und an Kunden und Kundinnen zu übergeben, sie in die Bedienung einzuführen, ihnen Fachauskünfte auch unter Verwendung englischer Fachbegriffe zu erteilen, Abnahmeprotokolle anzufertigen, Arbeitsergebnisse und Leistungen zu dokumentieren und zu bewerten, Geräte- oder Systemdaten und -unterlagen zu dokumentieren und</LA></DD><DT>5.</DT><DD Font="normal"><LA>die Sicherheit und den Gesundheitsschutz bei der Arbeit, die Digitalisierung der Arbeitswelt, die betriebliche und technische Kommunikation, das Planen und Organisieren der Arbeit, das Bewerten der Arbeitsergebnisse und deren Qualität zu berücksichtigen sowie die Sicherheit von elektrischen Anlagen und Betriebsmitteln zu beurteilen.</LA></DD></DL></P><P>(2) Für den Nachweis nach Absatz 1 sind zugrunde zu legen: <DL Type="arabic"><DT>1.</DT><DD Font="normal"><LA>in der Fachrichtung Energie- und Gebäudetechnik das Errichten, Ändern oder Instandhalten einer gebäudetechnischen Anlage und</LA></DD><DT>2.</DT><DD Font="normal"><LA>in der Fachrichtung Automatisierungs- und Systemtechnik das Errichten, Ändern oder Instandhalten einer Automatisierungsanlage.</LA></DD></DL>Der Prüfungsausschuss legt fest, welche Tätigkeiten und technischen Anlagen zugrunde zu legen sind.</P><P>(3) Der Prüfling hat eine Arbeitsaufgabe, die einem Kundenauftrag entspricht, durchzuführen. Während der Durchführung wird mit ihm ein situatives Fachgespräch über die Arbeitsaufgabe geführt.</P><P>(4) Die Prüfungszeit beträgt insgesamt 16 Stunden, davon entfallen auf das situative Fachgespräch höchstens 20 Minuten.</P></Content></text></textdaten></norm>
<norm builddate="20210731213109" doknr="BJNR069900021BJNE001300000"><metadaten><jurabk>ElekAusbV 2021</jurabk><jurabk>ElekAusbV</jurabk><enbez>§ 12</enbez><titel format="XML">Prüfungsbereich Systementwurf</titel></metadaten><textdaten><text format="XML"><Content><P>(1) Im Prüfungsbereich Systementwurf hat der Prüfling nachzuweisen, dass er in der Lage ist, <DL Type="arabic"><DT>1.</DT><DD Font="normal"><LA>eine technische Problemanalyse durchzuführen und unter der Einhaltung von Vorschriften und der Berücksichtigung von technischen Regelwerken, Wirtschaftlichkeit und Betriebsabläufen Lösungskonzepte zu entwickeln,</LA></DD><DT>2.</DT><DD Font="normal"><LA>Anlagenspezifikationen festzulegen, elektrotechnische Komponenten und Software auszuwählen, Schaltungsunterlagen anzupassen sowie Standardsoftware anzuwenden und</LA></DD><DT>3.</DT><DD Font="normal"><LA>Datenschutz und Informationssicherheit zu berücksichtigen.</LA></DD></DL></P><P>(2) Für den Nachweis nach Absatz 1 sind <DL Type="arabic"><DT>1.</DT><DD Font="normal"><LA>in der Fachrichtung Energie- und Gebäudetechnik der Entwurf einer Änderung einer gebäudetechnischen Anlage und</LA></DD><DT>2.</DT><DD Font="normal"><LA>in der Fachrichtung Automatisierungs- und Systemtechnik der Entwurf einer Änderung einer Automatisierungsanlage zugrunde zu legen.</LA></DD></DL></P><P>(3) Der Prüfling hat Aufgaben schriftlich zu bearbeiten.</P><P>(4) Die Prüfungszeit beträgt 120 Minuten.</P></Content></text></textdaten></norm>
<norm builddate="20210731213109" doknr="BJNR069900021BJNE001400000"><metadaten><jurabk>ElekAusbV 2021</jurabk><jurabk>ElekAusbV</jurabk><enbez>§ 13</enbez><titel format="XML">Prüfungsbereich Funktions- und Systemanalyse</titel></metadaten><textdaten><text format="XML"><Content><P>(1) Im Prüfungsbereich Funktions- und Systemanalyse hat der Prüfling nachzuweisen, dass er in der Lage ist, <DL Type="arabic"><DT>1.</DT><DD Font="normal"><LA>Schaltungsunterlagen und Anlagendokumentationen auszuwerten, Mess- und Prüfverfahren sowie Diagnosesysteme auszuwählen,</LA></DD><DT>2.</DT><DD Font="normal"><LA>funktionelle Zusammenhänge in Anlagen zu analysieren, Programme zu analysieren und zu ändern, Diagnosesysteme anzuwenden und Signale an Schnittstellen funktionell zuzuordnen und</LA></DD><DT>3.</DT><DD Font="normal"><LA>Diagnosen nach Nummer 2 auszuwerten und anhand der Diagnosen Fehlerursachen zu beseitigen sowie elektrische Schutzmaßnahmen zu bewerten.</LA></DD></DL></P><P>(2) Für den Nachweis nach Absatz 1 ist zugrunde zu legen: <DL Type="arabic"><DT>1.</DT><DD Font="normal"><LA>in der Fachrichtung Energie- und Gebäudetechnik die Analyse einer gebäudetechnischen Anlage und</LA></DD><DT>2.</DT><DD Font="normal"><LA>in der Fachrichtung Automatisierungs- und Systemtechnik die Analyse einer Automatisierungsanlage.</LA></DD></DL></P><P>(3) Der Prüfling hat Aufgaben schriftlich zu bearbeiten.</P><P>(4) Die Prüfungszeit beträgt 120 Minuten.</P></Content></text></textdaten></norm>
<norm builddate="20210731213109" doknr="BJNR069900021BJNE001500000"><metadaten><jurabk>ElekAusbV 2021</jurabk><jurabk>ElekAusbV</jurabk><enbez>§ 14</enbez><titel format="XML">Prüfungsbereich Wirtschafts- und Sozialkunde</titel></metadaten><textdaten><text format="XML"><Content><P>(1) Im Prüfungsbereich Wirtschafts- und Sozialkunde hat der Prüfling nachzuweisen, dass er in der Lage ist, allgemeine wirtschaftliche und gesellschaftliche Zusammenhänge der Berufs- und Arbeitswelt darzustellen und zu beurteilen.</P><P>(2) Die Prüfungsaufgaben müssen praxisbezogen sein. Der Prüfling hat die Aufgaben schriftlich zu bearbeiten.</P><P>(3) Die Prüfungszeit beträgt 60 Minuten.</P></Content></text></textdaten></norm>
<norm builddate="20210731213109" doknr="BJNR069900021BJNE001600000"><metadaten><jurabk>ElekAusbV 2021</jurabk><jurabk>ElekAusbV</jurabk><enbez>§ 15</enbez><titel format="XML">Gewichtung der Prüfungsbereiche und Anforderungen für das Bestehen der Gesellenprüfung</titel></metadaten><textdaten><text format="XML"><Content><P>(1) Die Bewertungen der einzelnen Prüfungsbereiche sind wie folgt zu gewichten: <DL Type="arabic"><DT>1.</DT><DD Font="normal"><LA><!-- SPLIT UMBAU : [Text: Elektrotechnische Anlagen][Element: <BR/>




][Text:  und Betriebsmittel ][Element: 




<Split/>




][Text: mit 30 Prozent,]--><table colsep="0" frame="none" pgwide="1" rowsep="0"><tgroup cols="2"><colspec align="left" colname="leftSplit"/><colspec align="right" colname="rightSplit"/><tbody Class="Split"><row><entry colname="leftSplit">Elektrotechnische Anlagen<BR/> und Betriebsmittel</entry><entry colname="rightSplit" valign="bottom">mit 30 Prozent,</entry></row></tbody></tgroup></table></LA></DD><DT>2.</DT><DD Font="normal"><LA><!-- SPLIT UMBAU : [Text: Kundenauftrag ][Element: <Split/>




][Text: mit 36 Prozent,]--><table colsep="0" frame="none" pgwide="1" rowsep="0"><tgroup cols="2"><colspec align="left" colname="leftSplit"/><colspec align="right" colname="rightSplit"/><tbody Class="Split"><row><entry colname="leftSplit">Kundenauftrag</entry><entry colname="rightSplit" valign="bottom">mit 36 Prozent,</entry></row></tbody></tgroup></table></LA></DD><DT>3.</DT><DD Font="normal"><LA><!-- SPLIT UMBAU : [Text: Systementwurf ][Element: <Split/>




][Text: mit 12 Prozent,]--><table colsep="0" frame="none" pgwide="1" rowsep="0"><tgroup cols="2"><colspec align="left" colname="leftSplit"/><colspec align="right" colname="rightSplit"/><tbody Class="Split"><row><entry colname="leftSplit">Systementwurf</entry><entry colname="rightSplit" valign="bottom">mit 12 Prozent,</entry></row></tbody></tgroup></table></LA></DD><DT>4.</DT><DD Font="normal"><LA><!-- SPLIT UMBAU : [Text: Funktions- und System-][Element: <BR/>




][Text:  analyse ][Element: 




<Split/>




][Text: mit 12 Prozent sowie]--><table colsep="0" frame="none" pgwide="1" rowsep="0"><tgroup cols="2"><colspec align="left" colname="leftSplit"/><colspec align="right" colname="rightSplit"/><tbody Class="Split"><row><entry colname="leftSplit">Funktions- und Systemanalyse</entry><entry colname="rightSplit" valign="bottom">mit 12 Prozent sowie</entry></row></tbody></tgroup></table></LA></DD><DT>5.</DT><DD Font="normal"><LA><!-- SPLIT UMBAU : [Text: Wirtschafts- und Sozialkunde ][Element: <Split/>




][Text: mit 10 Prozent.]--><table colsep="0" frame="none" pgwide="1" rowsep="0"><tgroup cols="2"><colspec align="left" colname="leftSplit"/><colspec align="right" colname="rightSplit"/><tbody Class="Split"><row><entry colname="leftSplit">Wirtschafts- und Sozialkunde</entry><entry colname="rightSplit" valign="bottom">mit 10 Prozent.</entry></row></tbody></tgroup></table></LA></DD></DL></P><P>(2) Die Gesellenprüfung ist bestanden, wenn die Prüfungsleistungen – auch unter Berücksichtigung einer mündlichen Ergänzungsprüfung nach § 16 – wie folgt bewertet worden sind: <DL Type="arabic"><DT>1.</DT><DD Font="normal"><LA>im Gesamtergebnis von Teil 1 und Teil 2 mit mindestens „ausreichend“,</LA></DD><DT>2.</DT><DD Font="normal"><LA>im Ergebnis von Teil 2 mit mindestens „ausreichend“,</LA></DD><DT>3.</DT><DD Font="normal"><LA>im Prüfungsbereich Kundenauftrag mit mindestens „ausreichend“,</LA></DD><DT>4.</DT><DD Font="normal"><LA>in mindestens zwei weiteren Prüfungsbereichen von Teil 2 mit mindestens „ausreichend“ und</LA></DD><DT>5.</DT><DD Font="normal"><LA>in keinem Prüfungsbereich von Teil 2 mit „ungenügend“.</LA></DD></DL>Über das Bestehen nach Satz 1 ist ein Beschluss nach § 35a Absatz 1 Nummer 3 der Handwerksordnung zu fassen.</P></Content></text></textdaten></norm>
<norm builddate="20210731213109" doknr="BJNR069900021BJNE001700000"><metadaten><jurabk>ElekAusbV 2021</jurabk><jurabk>ElekAusbV</jurabk><enbez>§ 16</enbez><titel format="XML">Mündliche Ergänzungsprüfung</titel></metadaten><textdaten><text format="XML"><Content><P>(1) Der Prüfling kann in einem Prüfungsbereich eine mündliche Ergänzungsprüfung beantragen.</P><P>(2) Dem Antrag ist stattzugeben, <DL Type="arabic"><DT>1.</DT><DD Font="normal"><LA>wenn er für einen der folgenden Prüfungsbereiche gestellt worden ist: <DL Type="alpha"><DT>a)</DT><DD Font="normal"><LA>Systementwurf,</LA></DD><DT>b)</DT><DD Font="normal"><LA>Funktions- und Systemanalyse oder</LA></DD><DT>c)</DT><DD Font="normal"><LA>Wirtschafts- und Sozialkunde,</LA></DD></DL></LA></DD><DT>2.</DT><DD Font="normal"><LA>wenn der Prüfungsbereich nach Nummer 1 Buchstabe a, b oder c schlechter als mit „ausreichend“ bewertet worden ist und</LA></DD><DT>3.</DT><DD Font="normal"><LA>wenn die mündliche Ergänzungsprüfung für das Bestehen der Gesellenprüfung den Ausschlag geben kann.</LA></DD></DL>Die mündliche Ergänzungsprüfung darf nur in einem der Prüfungsbereiche nach Satz 1 Nummer 1 Buchstabe a, b oder c durchgeführt werden.</P><P>(3) Die mündliche Ergänzungsprüfung soll mindestens 15 Minuten dauern.</P><P>(4) Bei der Ermittlung des Ergebnisses für den Prüfungsbereich sind das bisherige Ergebnis und das Ergebnis der mündlichen Ergänzungsprüfung im Verhältnis 2:1 zu gewichten.</P></Content></text></textdaten></norm>
<norm builddate="20210731213109" doknr="BJNR069900021BJNE001800000"><metadaten><jurabk>ElekAusbV 2021</jurabk><jurabk>ElekAusbV</jurabk><enbez>Anlage</enbez><titel format="XML">(zu § 3 Absatz 1 Satz 1)<BR/>Ausbildungsrahmenplan für die Berufsausbildung zum Elektroniker und zur Elektronikerin</titel></metadaten><textdaten><text format="XML"><Content><P><noindex><kommentar typ="Fundstelle">(Fundstelle: BGBl. I 2021, 703 - 713)</kommentar></noindex></P><table frame="all" pgwide="1" tabstyle="Ausbildung" tocentry="%yes;"><Title Align="left" Class="S1"><B>Abschnitt A: fachrichtungsübergreifende berufsprofilgebende Fertigkeiten, Kenntnisse und Fähigkeiten</B></Title><tgroup align="left" char="" charoff="50" cols="5" colsep="1" rowsep="1"><colspec align="center" colname="col1" colnum="1" colwidth=".75*"/><colspec colname="col2" colnum="2" colwidth="4.5*"/><colspec colname="col3" colnum="3" colwidth="8.5*"/><colspec align="center" colname="col4" colnum="4" colwidth="1.5*"/><colspec align="center" colname="col5" colnum="5" colwidth="1.5*"/><thead valign="bottom"><row><entry VJ="1" align="center" colname="col1" morerows="1" valign="middle">Lfd.<BR/> Nr.</entry><entry VJ="1" align="center" colname="col2" morerows="1" valign="middle">Teil des<BR/> Ausbildungsberufsbildes</entry><entry VJ="1" align="center" colname="col3" morerows="1" valign="middle">Zu vermittelnde<BR/> Fertigkeiten, Kenntnisse und Fähigkeiten</entry><entry VJ="1" align="center" colname="col4" nameend="col5" namest="col4" valign="middle">Zeitliche Richtwerte<BR/> in Wochen im</entry></row><row><entry VJ="1" align="center" colname="col4" valign="middle">1. bis 18.<BR/> Monat</entry><entry VJ="1" align="center" colname="col5" valign="middle">19. bis 42.<BR/> Monat</entry></row><row><entry VJ="1" align="center" colname="col1" valign="middle">1</entry><entry VJ="1" align="center" colname="col2" valign="middle">2</entry><entry VJ="1" align="center" colname="col3" valign="middle">3</entry><entry VJ="1" align="center" colname="col4" nameend="col5" namest="col4" valign="middle">4</entry></row></thead><tbody valign="top"><row><entry VJ="1" colname="col1"> 1</entry><entry VJ="1" colname="col2">Durchführen von<BR/> betrieblicher und technischer Kommunikation sowie<BR/> Informationsverarbeitung<BR/> (§ 4 Absatz 2 Nummer 1)</entry><entry VJ="1" colname="col3"><DL Font="normal" Indent="5.5" Type="alpha"><DT>a)</DT><DD Font="normal"><LA Size="normal">jeweils Fachliteratur, Herstellerunterlagen, Betriebsanleitungen oder Gebrauchsanleitungen in deutscher oder englischer Sprache anwenden</LA></DD><DT>b)</DT><DD Font="normal"><LA Size="normal">Einzelteilzeichnungen, Zusammenstellungszeichnungen, Explosionszeichnungen und Stücklisten anwenden</LA></DD><DT>c)</DT><DD Font="normal"><LA Size="normal">Übersichtsschaltpläne, Stromlaufpläne, Verdrahtungs- und Anschlusspläne lesen, zeichnen und anwenden</LA></DD><DT>d)</DT><DD Font="normal"><LA Size="normal">Anordnungs- und Installationspläne anwenden und anfertigen</LA></DD><DT>e)</DT><DD Font="normal"><LA Size="normal">berufsbezogene nationale und internationale Vorschriften einhalten, technische Regelwerke und Normen sowie sonstige technische Informationen anwenden</LA></DD><DT>f)</DT><DD Font="normal"><LA Size="normal">Informationen beschaffen, aufgabengerecht bewerten, auswählen und wiedergeben und bei der Wiedergabe deutsche und englische Fachbegriffe anwenden</LA></DD><DT>g)</DT><DD Font="normal"><LA Size="normal">Gespräche situationsgerecht führen, verschiedene kulturelle Identitäten bei der Kommunikation beachten</LA></DD><DT>h)</DT><DD Font="normal"><LA Size="normal">Sachverhalte schriftlich und mündlich darstellen, Gesprächsergebnisse schriftlich fixieren und Protokolle anfertigen</LA></DD><DT>i)</DT><DD Font="normal"><LA Size="normal">Standardsoftware anwenden, insbesondere Kommunikations-, Textverarbeitungs-, Tabellenkalkulationssoftware sowie Zeichenprogramme und Planungssoftware</LA></DD><DT>j)</DT><DD Font="normal"><LA Size="normal">Daten sichern, pflegen und archivieren</LA></DD><DT>k)</DT><DD Font="normal"><LA Size="normal">Vorschriften des Datenschutzes und des Urheberrechtes einhalten</LA></DD><DT>l)</DT><DD Font="normal"><LA Size="normal">Kommunikationsgeräte zur Übertragung von Daten und Sprache einsetzen</LA></DD></DL></entry><entry VJ="1" colname="col4" valign="middle">4</entry><entry VJ="1" colname="col5"/></row><row rowsep="0"><entry VJ="1" colname="col1"> 2</entry><entry VJ="1" colname="col2">Planen und Organisieren der Arbeit<BR/> (§ 4 Absatz 2 Nummer 2)</entry><entry VJ="1" colname="col3"><DL Font="normal" Indent="5.5" Type="alpha"><DT>a)</DT><DD Font="normal"><LA Size="normal">Sachverhalte und Informationen zur Abwicklung von Aufträgen aufnehmen, wiedergeben und auswerten</LA></DD><DT>b)</DT><DD Font="normal"><LA Size="normal">Montage- und Bauteile, Materialien und Betriebsmittel für den Arbeitsablauf feststellen und auswählen, termingerecht anfordern, transportieren, lagern und montagegerecht bereitstellen</LA></DD><DT>c)</DT><DD Font="normal"><LA Size="normal">persönliche Schutzausrüstungen, Werkzeuge, Messgeräte, Bearbeitungsmaschinen und technische Einrichtungen auswählen, disponieren, beschaffen und bereitstellen</LA></DD></DL></entry><entry VJ="1" colname="col4" valign="middle"><BR/><BR/><BR/><BR/><BR/><BR/><BR/><BR/> 4</entry><entry VJ="1" colname="col5"/></row><row><entry VJ="1" colname="col1" morerows="1"/><entry VJ="1" colname="col2" morerows="1"/><entry VJ="1" colname="col3"><DL Font="normal" Indent="5.5" Type="alpha"><DT>d)</DT><DD Font="normal"><LA Size="normal">Arbeitsschritte festlegen und erforderliche Abwicklungszeiten einschätzen, Arbeitsabläufe und Teilaufgaben unter Beachtung wirtschaftlicher und terminlicher Vorgaben planen, bei Abweichungen von der Planung Prioritäten setzen</LA></DD><DT>e)</DT><DD Font="normal"><LA Size="normal">Aufgaben im Team planen</LA></DD></DL></entry><entry VJ="1" colname="col4"/><entry VJ="1" colname="col5"/></row><row><entry VJ="1" colname="col3"><DL Font="normal" Indent="5.5" Type="alpha"><DT>f)</DT><DD Font="normal"><LA Size="normal">Einhaltung von Terminen verfolgen, bei Störungen der Leistungserbringung Kunden und Kundinnen informieren und Lösungsvarianten aufzeigen</LA></DD><DT>g)</DT><DD Font="normal"><LA Size="normal">verarbeitetes Material und Ersatzteile sowie Arbeitszeit und Projektablauf dokumentieren, Nachkalkulationen durchführen</LA></DD><DT>h)</DT><DD Font="normal"><LA Size="normal">Planung und Auftragsabwicklung mit Kunden und Kundinnen und mit anderen Gewerken abstimmen</LA></DD><DT>i)</DT><DD Font="normal"><LA Size="normal">an der Projektplanung mitwirken, insbesondere für Teilaufgaben eine Personalplanung, Sachmittelplanung, Terminplanung und Kostenplanung durchführen</LA></DD><DT>j)</DT><DD Font="normal"><LA Size="normal">Arbeitsergebnisse zusammenführen, kontrollieren und bewerten und Kosten von erbrachten Leistungen errechnen</LA></DD></DL></entry><entry VJ="1" colname="col4"/><entry VJ="1" colname="col5" valign="middle">2</entry></row><row><entry VJ="1" colname="col1" morerows="1"> 3</entry><entry VJ="1" colname="col2" morerows="1">Durchführen von qualitätssichernden Maßnahmen (§ 4 Absatz 2 Nummer 3)</entry><entry VJ="1" colname="col3"><DL Font="normal" Indent="5.5" Type="alpha"><DT>a)</DT><DD Font="normal"><LA Size="normal">betriebliche Qualitätssicherungssysteme im eigenen Arbeitsbereich anwenden und Qualitätssicherungsmaßnahmen projektbegleitend durchführen und dokumentieren</LA></DD><DT>b)</DT><DD Font="normal"><LA Size="normal">Ursachen von Qualitätsmängeln systematisch feststellen, beseitigen und dokumentieren</LA></DD></DL></entry><entry VJ="1" colname="col4" valign="middle">4</entry><entry VJ="1" colname="col5"/></row><row><entry VJ="1" colname="col3"><DL Font="normal" Indent="5.5" Type="alpha"><DT>c)</DT><DD Font="normal"><LA Size="normal">im Rahmen eines Verbesserungsprozesses die Zielerreichung kontrollieren, insbesondere einen Soll-Ist-Vergleich durchführen</LA></DD><DT>d)</DT><DD Font="normal"><LA Size="normal">Vorschläge zur Verbesserung von Arbeitsabläufen machen</LA></DD></DL></entry><entry VJ="1" colname="col4"/><entry VJ="1" colname="col5" valign="middle">2</entry></row><row><entry VJ="1" colname="col1" morerows="1" rowsep="0"> 4</entry><entry VJ="1" colname="col2" morerows="1" rowsep="0">Beraten und Betreuen von Kunden und Kundinnen (§ 4 Absatz 2 Nummer 4)</entry><entry VJ="1" colname="col3"><DL Font="normal" Indent="5.5" Type="alpha"><DT>a)</DT><DD Font="normal"><LA Size="normal">Kunden und Kundinnen hinsichtlich Dienstleistungen, Produkten und Materialien beraten</LA></DD><DT>b)</DT><DD Font="normal"><LA Size="normal">Kunden und Kundinnen auf Wartungsarbeiten und auf Instandhaltungsvereinbarungen hinweisen</LA></DD><DT>c)</DT><DD Font="normal"><LA Size="normal">Kunden und Kundinnen auf Gefahren an elektrischen Anlagen hinweisen und über notwendige Änderungen zur Gefahrenbeseitigung beraten</LA></DD><DT>d)</DT><DD Font="normal"><LA Size="normal">Kunden und Kundinnen auf Sicherheitsregeln und Vorschriften hinweisen</LA></DD></DL></entry><entry VJ="1" colname="col4" valign="middle">2</entry><entry VJ="1" colname="col5"/></row><row rowsep="0"><entry VJ="1" colname="col3"><DL Font="normal" Indent="5.5" Type="alpha"><DT>e)</DT><DD Font="normal"><LA Size="normal">Kunden und Kundinnen über den Auftrag hinausgehende Leistungen anbieten</LA></DD><DT>f)</DT><DD Font="normal"><LA Size="normal">Erwartungen und Bedarf von Kunden und Kundinnen ermitteln</LA></DD><DT>g)</DT><DD Font="normal"><LA Size="normal">Kunden und Kundinnen hinsichtlich organisatorischer Maßnahmen zum Datenschutz und zur Datensicherung beraten</LA></DD><DT>h)</DT><DD Font="normal"><LA Size="normal">Kunden und Kundinnen hinsichtlich technischer Neuerungen, rationeller Energieverwendung, Wirtschaftlichkeit und Energieeffizienz beraten</LA></DD></DL></entry><entry VJ="1" colname="col4"/><entry VJ="1" colname="col5" valign="middle"/></row><row><entry VJ="1" colname="col1"/><entry VJ="1" colname="col2"/><entry VJ="1" colname="col3"><DL Font="normal" Indent="5.5" Type="alpha"><DT>i)</DT><DD Font="normal"><LA Size="normal">Kunden und Kundinnen die Produkte und Dienstleistungen des Betriebes erläutern, Produkte demonstrieren sowie bei der Produktauswahl beraten</LA></DD><DT>j)</DT><DD Font="normal"><LA Size="normal">Kundenwünsche mit den betrieblichen, wirtschaftlichen und rechtlichen Möglichkeiten abstimmen und Aufträge entgegennehmen</LA></DD><DT>k)</DT><DD Font="normal"><LA Size="normal">bei der Erstellung von Angeboten und Kostenvoranschlägen mitwirken</LA></DD><DT>l)</DT><DD Font="normal"><LA Size="normal">Lösungsvarianten präsentieren und begründen</LA></DD><DT>m)</DT><DD Font="normal"><LA Size="normal">Kunden und Kundinnen hinsichtlich technischer und wirtschaftlicher Durchführbarkeit von Instandsetzungen beraten</LA></DD><DT>n)</DT><DD Font="normal"><LA Size="normal">Anlage an Kunden und Kundinnen übergeben, ihnen die Leistungsmerkmale erläutern und sie in die Nutzung einweisen und Abnahmeprotokoll erstellen</LA></DD><DT>o)</DT><DD Font="normal"><LA Size="normal">Kunden und Kundinnen auf Gewährleistungsansprüche hinweisen</LA></DD><DT>p)</DT><DD Font="normal"><LA Size="normal">Reklamationen prüfen und bearbeiten</LA></DD><DT>q)</DT><DD Font="normal"><LA Size="normal">Schulungsmaßnahmen mit Kunden und Kundinnen abstimmen und organisatorisch vorbereiten</LA></DD><DT>r)</DT><DD Font="normal"><LA Size="normal">bei der Durchführung von Schulungen und bei der Erfolgskontrolle dieser Schulungen mitwirken</LA></DD></DL></entry><entry VJ="1" colname="col4"/><entry VJ="1" colname="col5" valign="middle">2</entry></row><row><entry VJ="1" colname="col1" morerows="1"> 5</entry><entry VJ="1" colname="col2" morerows="1">Prüfen und Einhalten von Datenschutz- und<BR/> Informationssicherheitskonzepten<BR/> (§ 4 Absatz 2 Nummer 5)</entry><entry VJ="1" colname="col3"><DL Font="normal" Indent="5.5" Type="alpha"><DT>a)</DT><DD Font="normal"><LA Size="normal">Kunden und Kundinnen über Datenschutz- und Datensicherheitskonzepte beraten, auf Sicherheitsrisiken, rechtliche Regelungen und Vorgaben hinweisen und Beratungsergebnis dokumentieren</LA></DD><DT>b)</DT><DD Font="normal"><LA Size="normal">Urheberrechte berücksichtigen und einhalten</LA></DD><DT>c)</DT><DD Font="normal"><LA Size="normal">technische Maßnahmen zum Datenschutz und zur Datensicherheit in Systeme integrieren</LA></DD></DL></entry><entry VJ="1" colname="col4" valign="middle">4</entry><entry VJ="1" colname="col5"/></row><row><entry VJ="1" colname="col3"><DL Font="normal" Indent="5.5" Type="alpha"><DT>d)</DT><DD Font="normal"><LA Size="normal">Wirksamkeit und Effizienz der umgesetzten Sicherheitsmaßnahmen prüfen</LA></DD><DT>e)</DT><DD Font="normal"><LA Size="normal">Protokolldateien, insbesondere zu Zugriffen, Aktionen und Fehlern, kontrollieren und auswerten</LA></DD></DL></entry><entry VJ="1" colname="col4"/><entry VJ="1" colname="col5" valign="middle">2</entry></row><row rowsep="0"><entry VJ="1" colname="col1"> 6</entry><entry VJ="1" colname="col2">Prüfen und Beurteilen von Schutzmaßnahmen<BR/> an elektrischen Anlagen und Geräten<BR/> (§ 4 Absatz 2 Nummer 6)</entry><entry VJ="1" colname="col3"><DL Font="normal" Indent="5.5" Type="alpha"><DT>a)</DT><DD Font="normal"><LA Size="normal">Bestimmungen und Sicherheitsregeln beim Arbeiten an und in der Nähe von elektrischen Anlagen und elektrischen Betriebsmitteln beachten, insbesondere Unfallverhütungsvorschriften und Bestimmungen des Verbands der Elektrotechnik, Elektronik und Informationstechnik e. V.</LA></DD><DT>b)</DT><DD Font="normal"><LA Size="normal">Räume hinsichtlich ihrer Umgebungsbedingungen und der Zusatzfestlegungen für Räume besonderer Art nach bauordnungsrechtlichen Vorschriften beurteilen</LA></DD><DT>c)</DT><DD Font="normal"><LA Size="normal">Netzform und Art der Erdungsanlage ermitteln und Schutzmaßnahmen festlegen</LA></DD><DT>d)</DT><DD Font="normal"><LA Size="normal">Schutz gegen direktes Berühren durch Sichtkontrolle beurteilen (Basisschutz)</LA></DD><DT>e)</DT><DD Font="normal"><LA Size="normal">Niederohmigkeit von Leitern ermitteln und die Ergebnisse beurteilen</LA></DD><DT>f)</DT><DD Font="normal"><LA Size="normal">Hauptpotentialausgleich, Schutz- und Funktionspotentialausgleich prüfen und beurteilen</LA></DD></DL></entry><entry VJ="1" colname="col4" valign="middle"><BR/><BR/><BR/><BR/><BR/><BR/><BR/><BR/><BR/><BR/><BR/> 20</entry><entry VJ="1" colname="col5"/></row><row><entry VJ="1" colname="col1"/><entry VJ="1" colname="col2"/><entry VJ="1" colname="col3"><DL Font="normal" Indent="5.5" Type="alpha"><DT>g)</DT><DD Font="normal"><LA Size="normal">Isolationswiderstände ermitteln und die Ergebnisse beurteilen</LA></DD><DT>h)</DT><DD Font="normal"><LA Size="normal">Schleifen- und Netzinnenwiderstände ermitteln und die Ergebnisse beurteilen</LA></DD><DT>i)</DT><DD Font="normal"><LA Size="normal">Wirksamkeit von Schutzmaßnahmen bei indirektem Berühren (Fehlerschutz) prüfen und beurteilen, insbesondere durch Abschaltung mit Überstrom-Schutzeinrichtungen und Fehlerstrom-Schutzeinrichtungen (zusätzlicher Schutz)</LA></DD><DT>j)</DT><DD Font="normal"><LA Size="normal">Prüfungen und Ergebnisse dokumentieren</LA></DD><DT>k)</DT><DD Font="normal"><LA Size="normal">Funktion mechanischer und elektronischer Schutzeinrichtungen von bewegten Teilen durch Sichtkontrolle prüfen und erproben</LA></DD><DT>l)</DT><DD Font="normal"><LA Size="normal">Bestimmungen zum vorbeugenden Brandschutz einhalten</LA></DD></DL></entry><entry VJ="1" colname="col4"/><entry VJ="1" colname="col5"/></row><row><entry VJ="1" colname="col1"> 7</entry><entry VJ="1" colname="col2">Analysieren technischer Systeme<BR/> (§ 4 Absatz 2 Nummer 7)</entry><entry VJ="1" colname="col3"><DL Font="normal" Indent="5.5" Type="alpha"><DT>a)</DT><DD Font="normal"><LA Size="normal">Systeme mit ihren Systemgrenzen und Systemkomponenten sowie Wechselwirkungen zwischen den Systemkomponenten erfassen</LA></DD><DT>b)</DT><DD Font="normal"><LA Size="normal">Haupt- und Teilfunktionen von Systemen und deren Systemkomponenten erfassen</LA></DD><DT>c)</DT><DD Font="normal"><LA Size="normal">Kraft- und Energiefluss sowie Informationsfluss in technischen Systemen analysieren</LA></DD><DT>d)</DT><DD Font="normal"><LA Size="normal">Prozesse, deren Ein- und Ausgangsgrößen identifizieren, insbesondere die entsprechenden Prozessschritte und technischen Systeme</LA></DD><DT>e)</DT><DD Font="normal"><LA Size="normal">Prozesse analysieren</LA></DD><DT>f)</DT><DD Font="normal"><LA Size="normal">Architekturen, Protokolle und Schnittstellen von Netzwerken und Betriebssystemen beurteilen</LA></DD></DL></entry><entry VJ="1" colname="col4" valign="middle">4</entry><entry VJ="1" colname="col5"/></row><row><entry VJ="1" colname="col1" morerows="1"> 8</entry><entry VJ="1" colname="col2" morerows="1">Messen und Analysieren physikalischer Kennwerte an elektrischen Anlagen und Geräten<BR/> (§ 4 Absatz 2 Nummer 8)</entry><entry VJ="1" colname="col3"><DL Font="normal" Indent="5.5" Type="alpha"><DT>a)</DT><DD Font="normal"><LA Size="normal">Messverfahren und Messgeräte auswählen</LA></DD><DT>b)</DT><DD Font="normal"><LA Size="normal">elektrische Größen berechnen, messen und bewerten</LA></DD><DT>c)</DT><DD Font="normal"><LA Size="normal">Diagnosegeräte und -software handhaben und Daten analysieren, sichern, archivieren und dokumentieren</LA></DD><DT>d)</DT><DD Font="normal"><LA Size="normal">Kenndaten und Funktion von Bauteilen, Baugruppen und Geräten prüfen und thermische Einflüsse beachten</LA></DD><DT>e)</DT><DD Font="normal"><LA Size="normal">Schaltungen mit logischen Grundfunktionen analysieren und bewerten</LA></DD><DT>f)</DT><DD Font="normal"><LA Size="normal">Signale an Schnittstellen prüfen</LA></DD></DL></entry><entry VJ="1" colname="col4" valign="middle">8</entry><entry VJ="1" colname="col5"/></row><row><entry VJ="1" colname="col3"><DL Font="normal" Indent="5.5" Type="alpha"><DT>g)</DT><DD Font="normal"><LA Size="normal">Sensorik und Aktorik, insbesondere für Temperatur, Licht und Bewegungsabläufe, prüfen und einstellen</LA></DD><DT>h)</DT><DD Font="normal"><LA Size="normal">Steuerungen und Regelungen hinsichtlich ihrer Funktion prüfen und bewerten</LA></DD></DL></entry><entry VJ="1" colname="col4"/><entry VJ="1" colname="col5" valign="middle">4</entry></row><row><entry VJ="1" colname="col1"> 9</entry><entry VJ="1" colname="col2">Analysieren und Beheben von Fehlern sowie<BR/> Instandhalten von Geräten und Systemen<BR/> (§ 4 Absatz 2 Nummer 9)</entry><entry VJ="1" colname="col3"><DL Font="normal" Indent="5.5" Type="alpha"><DT>a)</DT><DD Font="normal"><LA Size="normal">Systematik der Fehlersuche anwenden</LA></DD><DT>b)</DT><DD Font="normal"><LA Size="normal">Geräte instand setzen und dabei die Vorschriften zur elektrotechnischen Sicherheit und zur elektromagnetischen Verträglichkeit beachten</LA></DD><DT>c)</DT><DD Font="normal"><LA Size="normal">technische Prüfungen durchführen und protokollieren</LA></DD></DL></entry><entry VJ="1" colname="col4" valign="middle">5</entry><entry VJ="1" colname="col5"/></row><row><entry VJ="1" colname="col1" morerows="1">10</entry><entry VJ="1" colname="col2" morerows="1">Montieren und Installieren von Bauteilen, Baugruppen und Geräten<BR/> (§ 4 Absatz 2 Nummer 10)</entry><entry VJ="1" colname="col3"><DL Font="normal" Indent="5.5" Type="alpha"><DT>a)</DT><DD Font="normal"><LA Size="normal">Auftragsunterlagen prüfen und mit den örtlichen Gegebenheiten vergleichen und Abgrenzung zu bauseitigen Leistungen festlegen</LA></DD><DT>b)</DT><DD Font="normal"><LA Size="normal">vorhandene elektrische Anlagen und Betriebsmittel beurteilen und Änderungen planen</LA></DD><DT>c)</DT><DD Font="normal"><LA Size="normal">Stromkreise und Schutzmaßnahmen festlegen</LA></DD><DT>d)</DT><DD Font="normal"><LA Size="normal">Leitungswege und Gerätemontageorte festlegen und dabei die örtlichen Gegebenheiten und die elektromagnetische Verträglichkeit beachten</LA></DD><DT>e)</DT><DD Font="normal"><LA Size="normal">Gefährdungen durch Lärm, Stäube und Fasern, insbesondere durch Asbest, erkennen und emissionsarme Verfahren anwenden</LA></DD><DT>f)</DT><DD Font="normal"><LA Size="normal">Eignung des Untergrundes für die Befestigung prüfen, Verankerungen vorbereiten sowie Tragkonstruktionen und Konsolen zurichten und befestigen</LA></DD><DT>g)</DT><DD Font="normal"><LA Size="normal">Materialien insbesondere durch Sägen, Bohren, Senken und Gewindeschneiden bearbeiten sowie Verbindungstechniken anwenden</LA></DD><DT>h)</DT><DD Font="normal"><LA Size="normal">Geräte und elektrische Betriebsmittel auf Untergrund und Tragkonstruktion aufstellen, ausrichten, befestigen und sichern</LA></DD><DT>i)</DT><DD Font="normal"><LA Size="normal">Einschübe, Gehäuse und Schaltgerätekombinationen zusammenbauen</LA></DD><DT>j)</DT><DD Font="normal"><LA Size="normal">Baugruppen zerlegen und montieren und defekte Teile austauschen</LA></DD><DT>k)</DT><DD Font="normal"><LA Size="normal">Verteiler, Schalter, Steckvorrichtungen und Leitungsverlegesysteme auswählen und montieren</LA></DD><DT>l)</DT><DD Font="normal"><LA Size="normal">Energie-, Kommunikations-, Breitband- und Hochfrequenzleitungen und -kabel auswählen, zurichten und mit unterschiedlichen Anschlusstechniken verarbeiten</LA></DD><DT>m)</DT><DD Font="normal"><LA Size="normal">Baugruppen und Geräte verdrahten und in Betrieb nehmen</LA></DD><DT>n)</DT><DD Font="normal"><LA Size="normal">Schutzeinrichtungen, Verkleidungen und Isolierungen anbringen</LA></DD><DT>o)</DT><DD Font="normal"><LA Size="normal">Fehler korrigieren und Änderungen dokumentieren</LA></DD></DL></entry><entry VJ="1" colname="col4" valign="middle">18</entry><entry VJ="1" colname="col5"/></row><row><entry VJ="1" colname="col3"><DL Font="normal" Indent="5.5" Type="alpha"><DT>p)</DT><DD Font="normal"><LA Size="normal">Erder einbringen, Erdungs- und Potenzialausgleichsleitungen verlegen und anschließen und Blitzschutz und Erdungsverhältnisse beurteilen</LA></DD><DT>q)</DT><DD Font="normal"><LA Size="normal">Komponenten des inneren Blitz- und Überspannungsschutzes, Schaltgeräte und Überstrom-Schutzeinrichtungen einbauen, verdrahten und kennzeichnen</LA></DD><DT>r)</DT><DD Font="normal"><LA Size="normal">geleistete Arbeiten mit anderen Gewerken und der Planung abstimmen, Bauwerksdatenmodellierung (Building Information Modeling – BIM) anpassen</LA></DD></DL></entry><entry VJ="1" colname="col4"/><entry VJ="1" colname="col5" valign="middle">4</entry></row><row><entry VJ="1" colname="col1" rowsep="0">11</entry><entry VJ="1" colname="col2" rowsep="0">Montieren und Installieren von Netzwerken<BR/> (§ 4 Absatz 2 Nummer 11)</entry><entry VJ="1" colname="col3"><DL Font="normal" Indent="5.5" Type="alpha"><DT>a)</DT><DD Font="normal"><LA Size="normal">Leitungen konfektionieren sowie Komponenten verbinden</LA></DD><DT>b)</DT><DD Font="normal"><LA Size="normal">Standardsoftware und Anwendungssoftware nach Einsatzbereichen auswählen, konfigurieren und anpassen sowie Kompatibilität zu Hardware- und Systemvoraussetzungen beurteilen und installieren</LA></DD><DT>c)</DT><DD Font="normal"><LA Size="normal">Informationsübertragungssysteme installieren, in Betrieb nehmen und prüfen</LA></DD></DL></entry><entry VJ="1" colname="col4" valign="middle">3</entry><entry VJ="1" colname="col5"/></row><row><entry VJ="1" colname="col1"/><entry VJ="1" colname="col2"/><entry VJ="1" colname="col3"><DL Font="normal" Indent="5.5" Type="alpha"><DT>d)</DT><DD Font="normal"><LA Size="normal">Baugruppen hard- und softwaremäßig einstellen, anpassen und in Betrieb nehmen</LA></DD><DT>e)</DT><DD Font="normal"><LA Size="normal">Architekturen, Protokolle und Schnittstellen von Netzwerken beurteilen</LA></DD><DT>f)</DT><DD Font="normal"><LA Size="normal">Kompatibilität von Hardwarekomponenten und Peripheriegeräten beurteilen</LA></DD><DT>g)</DT><DD Font="normal"><LA Size="normal">Hardwarekonfigurationen kundenspezifisch modifizieren</LA></DD></DL></entry><entry VJ="1" colname="col4"/><entry VJ="1" colname="col5" valign="middle">2</entry></row><row><entry VJ="1" colname="col1" morerows="1">12</entry><entry VJ="1" colname="col2" morerows="1">Aufbauen und Prüfen von Steuerungen und<BR/> Regelungen<BR/> (§ 4 Absatz 2 Nummer 12)</entry><entry VJ="1" colname="col3"><DL Font="normal" Indent="5.5" Type="alpha"><DT>a)</DT><DD Font="normal"><LA Size="normal">Sensoren und Aktoren prüfen, parametrieren und einstellen</LA></DD></DL></entry><entry VJ="1" colname="col4" valign="middle">2</entry><entry VJ="1" colname="col5"/></row><row><entry VJ="1" colname="col3"><DL Font="normal" Indent="5.5" Type="alpha"><DT>b)</DT><DD Font="normal"><LA Size="normal">Betriebsmittel zum Steuern, Regeln, Messen und Überwachen einbauen, verdrahten und kennzeichnen</LA></DD><DT>c)</DT><DD Font="normal"><LA Size="normal">Steuerungen und Regelungen programmieren, installieren und in Betrieb nehmen</LA></DD></DL></entry><entry VJ="1" colname="col4"/><entry VJ="1" colname="col5" valign="middle">8</entry></row></tbody></tgroup></table><P/><table frame="all" pgwide="1" tabstyle="Ausbildung" tocentry="%yes;"><Title Align="left" Class="S1"><B>Abschnitt B: berufsprofilgebende Fertigkeiten, Kenntnisse und Fähigkeiten in der Fachrichtung Energie- und Gebäudetechnik</B></Title><tgroup align="left" char="" charoff="50" cols="5" colsep="1" rowsep="1"><colspec align="center" colname="col1" colnum="1" colwidth=".75*"/><colspec colname="col2" colnum="2" colwidth="4.5*"/><colspec colname="col3" colnum="3" colwidth="8.5*"/><colspec align="center" colname="col4" colnum="4" colwidth="1.5*"/><colspec align="center" colname="col5" colnum="5" colwidth="1.5*"/><thead valign="bottom"><row><entry VJ="1" align="center" colname="col1" morerows="1" valign="middle">Lfd.<BR/> Nr.</entry><entry VJ="1" align="center" colname="col2" morerows="1" valign="middle">Teil des<BR/> Ausbildungsberufsbildes</entry><entry VJ="1" align="center" colname="col3" morerows="1" valign="middle">Zu vermittelnde<BR/> Fertigkeiten, Kenntnisse und Fähigkeiten</entry><entry VJ="1" align="center" colname="col4" nameend="col5" namest="col4" valign="middle">Zeitliche Richtwerte<BR/> in Wochen im</entry></row><row><entry VJ="1" align="center" colname="col4" valign="middle">1. bis 18.<BR/> Monat</entry><entry VJ="1" align="center" colname="col5" valign="middle">19. bis 42.<BR/> Monat</entry></row><row><entry VJ="1" align="center" colname="col1" valign="middle">1</entry><entry VJ="1" align="center" colname="col2" valign="middle">2</entry><entry VJ="1" align="center" colname="col3" valign="middle">3</entry><entry VJ="1" align="center" colname="col4" nameend="col5" namest="col4" valign="middle">4</entry></row></thead><tbody valign="top"><row><entry VJ="1" colname="col1">1</entry><entry VJ="1" colname="col2">Konzipieren von<BR/> Systemen der Energie- und Gebäudetechnik<BR/> (§ 4 Absatz 3 Nummer 1)</entry><entry VJ="1" colname="col3"><DL Font="normal" Indent="5.5" Type="alpha"><DT>a)</DT><DD Font="normal"><LA Size="normal">Bestand der energie- und gebäudetechnischen Anlagen sowie deren technischen Schnittstellen und Standards ermitteln</LA></DD><DT>b)</DT><DD Font="normal"><LA Size="normal">energie- und gebäudetechnische Anlagen von Kunden und Kundinnen hinsichtlich Funktionalität und Zukunftssicherheit, gesetzlicher Vorgaben, rationeller Energieverwendung sowie Wirtschaftlichkeit bewerten</LA></DD><DT>c)</DT><DD Font="normal"><LA Size="normal">Kundenanforderungen an energie- und gebäudetechnischen Systemen feststellen, Erweiterungen vorhandener Systeme planen und Lösungsvarianten entwickeln und beurteilen</LA></DD><DT>d)</DT><DD Font="normal"><LA Size="normal">energie- und gebäudetechnische Systeme und deren Automatisierungseinrichtungen planen und Systemkomponenten auswählen</LA></DD><DT>e)</DT><DD Font="normal"><LA Size="normal">Blitz- und Überspannungsschutzanlagen planen</LA></DD><DT>f)</DT><DD Font="normal"><LA Size="normal">Energieversorgungs-, Energiewandlungs- und Energiespeichersysteme, auch zur Nutzung regenerativer Energiequellen, planen und Systemkomponenten auswählen</LA></DD><DT>g)</DT><DD Font="normal"><LA Size="normal">Ersatzstromversorgungsanlagen und ihre Leitungsverlegung planen</LA></DD><DT>h)</DT><DD Font="normal"><LA Size="normal">geplante Leistung dokumentieren</LA></DD></DL></entry><entry VJ="1" colname="col4"/><entry VJ="1" colname="col5" valign="middle">18</entry></row><row rowsep="0"><entry VJ="1" colname="col1">2</entry><entry VJ="1" colname="col2">Installieren und Inbetriebnehmen von Energiewandlungssystemen und ihren Leiteinrichtungen<BR/> (§ 4 Absatz 3 Nummer 2)</entry><entry VJ="1" colname="col3"><DL Font="normal" Indent="5.5" Type="alpha"><DT>a)</DT><DD Font="normal"><LA Size="normal">Beleuchtungssysteme installieren</LA></DD><DT>b)</DT><DD Font="normal"><LA Size="normal">Ladeinfrastruktur für Elektromobilität installieren</LA></DD><DT>c)</DT><DD Font="normal"><LA Size="normal">Blindleistungsregelungsanlagen und Filtertechniken installieren</LA></DD></DL></entry><entry VJ="1" colname="col4"/><entry VJ="1" colname="col5" valign="middle"/></row><row><entry VJ="1" colname="col1"/><entry VJ="1" colname="col2"/><entry VJ="1" colname="col3"><DL Font="normal" Indent="5.5" Type="alpha"><DT>d)</DT><DD Font="normal"><LA Size="normal">Antriebssysteme installieren, insbesondere elektrische Maschinen aufstellen, mechanisch und elektrisch anschließen und in Betrieb nehmen, und Schutz gegen Wiederanlauf und Motorschutz prüfen</LA></DD><DT>e)</DT><DD Font="normal"><LA Size="normal">elektrische Wärmeerzeuger, Warmwassergeräte und dazugehörige Komponenten installieren</LA></DD><DT>f)</DT><DD Font="normal"><LA Size="normal">Energieversorgungs-, Energiewandlungs- und Energiespeichersysteme, auch zur Nutzung regenerativer Energiequellen, installieren und in Betrieb nehmen</LA></DD><DT>g)</DT><DD Font="normal"><LA Size="normal">Einrichtungen zum Schutz gegen statische Aufladungen und zum Schutz gegen Überspannung anwenden und installieren</LA></DD><DT>h)</DT><DD Font="normal"><LA Size="normal">Ersatzstromversorgungsanlagen installieren</LA></DD><DT>i)</DT><DD Font="normal"><LA Size="normal">erbrachte Leistungen dokumentieren</LA></DD></DL></entry><entry VJ="1" colname="col4" valign="middle"/><entry VJ="1" colname="col5" valign="middle">18</entry></row><row><entry VJ="1" colname="col1">3</entry><entry VJ="1" colname="col2">Aufstellen und Inbetriebnehmen von elektrischen und elektronischen Geräten<BR/> (§ 4 Absatz 3 Nummer 3)</entry><entry VJ="1" colname="col3"><DL Font="normal" Indent="5.5" Type="alpha"><DT>a)</DT><DD Font="normal"><LA Size="normal">Kommunikationsendgeräte und Kommunikationsanlagen an Breitbandnetze anschließen</LA></DD><DT>b)</DT><DD Font="normal"><LA Size="normal">Funktions- und Leistungsmerkmale einstellen und dokumentieren</LA></DD><DT>c)</DT><DD Font="normal"><LA Size="normal">elektrische Verbrauchsgeräte für Haushalt und Gewerbe aufstellen und in Betrieb nehmen</LA></DD></DL></entry><entry VJ="1" colname="col4"/><entry VJ="1" colname="col5" valign="middle">8</entry></row><row><entry VJ="1" colname="col1">4</entry><entry VJ="1" colname="col2">Installieren und Konfigurieren von Gebäudesystemtechnik<BR/> (§ 4 Absatz 3 Nummer 4)</entry><entry VJ="1" colname="col3"><DL Font="normal" Indent="5.5" Type="alpha"><DT>a)</DT><DD Font="normal"><LA Size="normal">Gebäudeautomatisierungssysteme installieren, konfigurieren und parametrieren</LA></DD><DT>b)</DT><DD Font="normal"><LA Size="normal">Kleinsteuerungen installieren und programmieren</LA></DD><DT>c)</DT><DD Font="normal"><LA Size="normal">Rauchwarnmelder und Gefahrenmeldeanlagen ohne externe Aufschaltung installieren</LA></DD><DT>d)</DT><DD Font="normal"><LA Size="normal">Gebäudeautomatisierungssysteme testen, ihren Betrieb überwachen sowie Fehler feststellen und beseitigen</LA></DD></DL></entry><entry VJ="1" colname="col4"/><entry VJ="1" colname="col5" valign="middle">12</entry></row><row><entry VJ="1" colname="col1">5</entry><entry VJ="1" colname="col2">Installieren und Prüfen von Antennen- und<BR/> Breitbandkommunikationsanlagen<BR/> (§ 4 Absatz 3 Nummer 5)</entry><entry VJ="1" colname="col3"><DL Font="normal" Indent="5.5" Type="alpha"><DT>a)</DT><DD Font="normal"><LA Size="normal">Konzepte für Sende- und Empfangsanlagen bewerten</LA></DD><DT>b)</DT><DD Font="normal"><LA Size="normal">Antennenträger, Antennen und andere Betriebsmittel auswählen</LA></DD><DT>c)</DT><DD Font="normal"><LA Size="normal">Antennen entsprechend den Empfangsverhältnissen und baulichen Gegebenheiten installieren und erden und Empfangsanlagen installieren</LA></DD><DT>d)</DT><DD Font="normal"><LA Size="normal">Breitbandkommunikationsanlagen installieren</LA></DD><DT>e)</DT><DD Font="normal"><LA Size="normal">Antennen- und Breitbandkommunikationsanlagen prüfen und Fehler ermitteln und beseitigen</LA></DD><DT>f)</DT><DD Font="normal"><LA Size="normal">Prüfprotokolle erstellen</LA></DD></DL></entry><entry VJ="1" colname="col4"/><entry VJ="1" colname="col5" valign="middle">8</entry></row><row rowsep="0"><entry VJ="1" colname="col1">6</entry><entry VJ="1" colname="col2">Durchführen von Wiederholungsprüfungen entsprechend geltender Normen und<BR/> Instandhalten von gebäudetechnischen Systemen<BR/> (§ 4 Absatz 3 Nummer 6)</entry><entry VJ="1" colname="col3"><DL Font="normal" Indent="5.5" Type="alpha"><DT>a)</DT><DD Font="normal"><LA Size="normal">durch Kundengespräch Fehler eingrenzen</LA></DD><DT>b)</DT><DD Font="normal"><LA Size="normal">Leistungsfähigkeit von Systemen prüfen und beurteilen</LA></DD><DT>c)</DT><DD Font="normal"><LA Size="normal">Diagnosesysteme auswählen und anwenden</LA></DD><DT>d)</DT><DD Font="normal"><LA Size="normal">elektromagnetische Verträglichkeit beachten</LA></DD><DT>e)</DT><DD Font="normal"><LA Size="normal">Netze prüfen und netzwerkspezifische Messungen durchführen</LA></DD><DT>f)</DT><DD Font="normal"><LA Size="normal">elektrische Anlagen instand setzen</LA></DD><DT>g)</DT><DD Font="normal"><LA Size="normal">Mess-, Steuer- und Regelungseinrichtungen von Heizungs-, Klima-,Kälte- und Lüftungssystemen prüfen, konfigurieren und instand setzen</LA></DD></DL></entry><entry VJ="1" colname="col4"/><entry VJ="1" colname="col5" valign="middle"><BR/><BR/><BR/><BR/><BR/> 14</entry></row><row><entry VJ="1" colname="col1"/><entry VJ="1" colname="col2"/><entry VJ="1" colname="col3"><DL Font="normal" Indent="5.5" Type="alpha"><DT>h)</DT><DD Font="normal"><LA Size="normal">Baugruppen und Geräte prüfen und instand halten</LA></DD><DT>i)</DT><DD Font="normal"><LA Size="normal">Wiederholungsprüfungen, insbesondere von elektrischen Schutzmaßnahmen und Sicherheitsbeleuchtungen, durchführen</LA></DD><DT>j)</DT><DD Font="normal"><LA Size="normal">Rauchwarnmelder und Gefahrenmeldeanlagen ohne externe Aufschaltung prüfen und instand setzen</LA></DD><DT>k)</DT><DD Font="normal"><LA Size="normal">Sichtprüfungen von Brandschottungen durchführen und Leitungsdurchführungen überprüfen</LA></DD><DT>l)</DT><DD Font="normal"><LA Size="normal">Wartungsarbeiten durchführen</LA></DD><DT>m)</DT><DD Font="normal"><LA Size="normal">schadstoffhaltige Komponenten und Geräte identifizieren und der Entsorgung zuführen</LA></DD></DL></entry><entry VJ="1" colname="col4"/><entry VJ="1" colname="col5"/></row></tbody></tgroup></table><P/><table frame="all" pgwide="1" tabstyle="Ausbildung" tocentry="%yes;"><Title Align="left" Class="S1"><B>Abschnitt C: berufsprofilgebende Fertigkeiten, Kenntnisse und Fähigkeiten in der Fachrichtung Automatisierungs- und Systemtechnik</B></Title><tgroup align="left" char="" charoff="50" cols="5" colsep="1" rowsep="1"><colspec align="center" colname="col1" colnum="1" colwidth=".75*"/><colspec colname="col2" colnum="2" colwidth="4.5*"/><colspec colname="col3" colnum="3" colwidth="8.5*"/><colspec align="center" colname="col4" colnum="4" colwidth="1.5*"/><colspec align="center" colname="col5" colnum="5" colwidth="1.5*"/><thead valign="bottom"><row><entry VJ="1" align="center" colname="col1" morerows="1" valign="middle">Lfd.<BR/> Nr.</entry><entry VJ="1" align="center" colname="col2" morerows="1" valign="middle">Teil des<BR/> Ausbildungsberufsbildes</entry><entry VJ="1" align="center" colname="col3" morerows="1" valign="middle">Zu vermittelnde<BR/> Fertigkeiten, Kenntnisse und Fähigkeiten</entry><entry VJ="1" align="center" colname="col4" nameend="col5" namest="col4" valign="middle">Zeitliche Richtwerte<BR/> in Wochen im</entry></row><row><entry VJ="1" align="center" colname="col4" valign="middle">1. bis 18.<BR/> Monat</entry><entry VJ="1" align="center" colname="col5" valign="middle">19. bis 42.<BR/> Monat</entry></row><row><entry VJ="1" align="center" colname="col1" valign="middle">1</entry><entry VJ="1" align="center" colname="col2" valign="middle">2</entry><entry VJ="1" align="center" colname="col3" valign="middle">3</entry><entry VJ="1" align="center" colname="col4" nameend="col5" namest="col4" valign="middle">4</entry></row></thead><tbody valign="top"><row><entry VJ="1" colname="col1">1</entry><entry VJ="1" colname="col2">Konzipieren von Systemen der Automatisierungstechnik<BR/> (§ 4 Absatz 4 Nummer 1)</entry><entry VJ="1" colname="col3"><DL Font="normal" Type="alpha"><DT>a)</DT><DD Font="normal"><LA Size="normal">Struktur und Leistungsmerkmale sowie Schnittstellen von automatisierungstechnischen Systemen unterscheiden</LA></DD><DT>b)</DT><DD Font="normal"><LA Size="normal">technologische Zusammenhänge der Prozess- und Verfahrenstechnik bewerten</LA></DD><DT>c)</DT><DD Font="normal"><LA Size="normal">automatisierungstechnische Anlagen des Kunden oder der Kundin hinsichtlich Funktionalität und Sicherheit bewerten</LA></DD><DT>d)</DT><DD Font="normal"><LA Size="normal">Energieeffizienz und mögliche Energieeinsparungen sowie Wirtschaftlichkeit bewerten</LA></DD><DT>e)</DT><DD Font="normal"><LA Size="normal">Anforderungen an das automatisierungstechnische System feststellen und Lösungsvarianten entwickeln und beurteilen</LA></DD><DT>f)</DT><DD Font="normal"><LA Size="normal">Hard- und Softwarekomponenten auswählen und Kommunikationssysteme planen</LA></DD><DT>g)</DT><DD Font="normal"><LA Size="normal">Bedienoberflächen und anwenderspezifische Softwarelösungen konzipieren</LA></DD><DT>h)</DT><DD Font="normal"><LA Size="normal">die konzipierte Leistung dokumentieren und präsentieren</LA></DD></DL></entry><entry VJ="1" colname="col4"/><entry VJ="1" colname="col5" valign="middle">20</entry></row><row><entry VJ="1" colname="col1">2</entry><entry VJ="1" colname="col2">Programmieren, Installieren und Konfigurieren von Automatisierungssystemen<BR/> (§ 4 Absatz 4 Nummer 2)</entry><entry VJ="1" colname="col3"><DL Font="normal" Type="alpha"><DT>a)</DT><DD Font="normal"><LA Size="normal">Steuerprogramme erstellen, parametrieren und ändern</LA></DD><DT>b)</DT><DD Font="normal"><LA Size="normal">Datennetze und ihre aktiven Komponenten installieren</LA></DD><DT>c)</DT><DD Font="normal"><LA Size="normal">Sensorik, Prozessorik, Aktorik, Wandler und Leiteinrichtungen installieren</LA></DD><DT>d)</DT><DD Font="normal"><LA Size="normal">Maschinen- und Prozesssteuerungen installieren</LA></DD><DT>e)</DT><DD Font="normal"><LA Size="normal">Antriebssysteme montieren sowie ihre Steuerungen und Regelungen installieren</LA></DD><DT>f)</DT><DD Font="normal"><LA Size="normal">Visualisierungen erstellen und installieren</LA></DD><DT>g)</DT><DD Font="normal"><LA Size="normal">Melde- und Überwachungstechnik installieren</LA></DD></DL></entry><entry VJ="1" colname="col4"/><entry VJ="1" colname="col5" valign="middle">24</entry></row><row><entry VJ="1" colname="col1">3</entry><entry VJ="1" colname="col2">Parametrieren und Inbetriebnehmen von<BR/> Automatisierungssystemen<BR/> (§ 4 Absatz 4 Nummer 3)</entry><entry VJ="1" colname="col3"><DL Font="normal" Type="alpha"><DT>a)</DT><DD Font="normal"><LA Size="normal">Datenübertragung analysieren und bewerten sowie Schnittstellen prüfen und anpassen</LA></DD><DT>b)</DT><DD Font="normal"><LA Size="normal">Teilsysteme einpassen und in Betrieb nehmen</LA></DD><DT>c)</DT><DD Font="normal"><LA Size="normal">Testlauf der Anlage beobachten, analysieren und bewerten</LA></DD><DT>d)</DT><DD Font="normal"><LA Size="normal">Anlage optimieren</LA></DD><DT>e)</DT><DD Font="normal"><LA Size="normal">Abnahmeprotokolle erstellen</LA></DD></DL></entry><entry VJ="1" colname="col4"/><entry VJ="1" colname="col5" valign="middle">10</entry></row><row><entry VJ="1" colname="col1">4</entry><entry VJ="1" colname="col2">Prüfen, Instandhalten und Optimieren von<BR/> Automatisierungssystemen<BR/> (§ 4 Absatz 4 Nummer 4)</entry><entry VJ="1" colname="col3"><DL Font="normal" Type="alpha"><DT>a)</DT><DD Font="normal"><LA Size="normal">Signale an Schnittstellen prüfen, netzwerkspezifische Prüfungen durchführen und Fehler beheben und dokumentieren</LA></DD><DT>b)</DT><DD Font="normal"><LA Size="normal">elektrische sowie elektropneumatische oder elektrohydraulische Komponenten und Antriebe prüfen und instand halten</LA></DD><DT>c)</DT><DD Font="normal"><LA Size="normal">Versionswechsel der Firm- und Software durchführen</LA></DD><DT>d)</DT><DD Font="normal"><LA Size="normal">durch Kundengespräch Fehler eingrenzen</LA></DD><DT>e)</DT><DD Font="normal"><LA Size="normal">systematische Fehlersuche an automatisierten Anlagen durchführen</LA></DD><DT>f)</DT><DD Font="normal"><LA Size="normal">Baugruppen und Geräte lokalisieren, analysieren und austauschen</LA></DD><DT>g)</DT><DD Font="normal"><LA Size="normal">Wiederholungsprüfungen durchführen</LA></DD><DT>h)</DT><DD Font="normal"><LA Size="normal">Wartungs- und Instandsetzungsarbeiten durchführen</LA></DD></DL></entry><entry VJ="1" colname="col4"/><entry VJ="1" colname="col5" valign="middle">24</entry></row></tbody></tgroup></table><P/><table frame="all" pgwide="1" tabstyle="Ausbildung" tocentry="%yes;"><Title Align="left" Class="S1"><B>Abschnitt D: integrativ zu vermittelnde Fertigkeiten, Kenntnisse und Fähigkeiten</B></Title><tgroup align="left" char="" charoff="50" cols="5" colsep="1" rowsep="1"><colspec align="center" colname="col1" colnum="1" colwidth=".75*"/><colspec colname="col2" colnum="2" colwidth="4.5*"/><colspec colname="col3" colnum="3" colwidth="8.5*"/><colspec colname="col4" colnum="4" colwidth="1.5*"/><colspec colname="col5" colnum="5" colwidth="1.5*"/><thead valign="bottom"><row><entry VJ="1" align="center" colname="col1" valign="middle">Lfd.<BR/> Nr.</entry><entry VJ="1" align="center" colname="col2" valign="middle">Teil des<BR/> Ausbildungsberufsbildes</entry><entry VJ="1" align="center" colname="col3" valign="middle">Fertigkeiten, Kenntnisse und Fähigkeiten</entry><entry VJ="1" align="center" colname="col4" nameend="col5" namest="col4" valign="middle">Zeitliche Zuordnung</entry></row><row><entry VJ="1" align="center" colname="col1" valign="middle">1</entry><entry VJ="1" align="center" colname="col2" valign="middle">2</entry><entry VJ="1" align="center" colname="col3" valign="middle">3</entry><entry VJ="1" align="center" colname="col4" nameend="col5" namest="col4" valign="middle">4</entry></row></thead><tbody valign="top"><row><entry VJ="1" colname="col1">1</entry><entry VJ="1" colname="col2">Organisation des<BR/> Ausbildungsbetriebes,<BR/> Berufsbildung sowie<BR/> Arbeits- und Tarifrecht<BR/> (§ 4 Absatz 5 Nummer 1)</entry><entry VJ="1" colname="col3"><DL Font="normal" Type="alpha"><DT>a)</DT><DD Font="normal"><LA Size="normal">den Aufbau und die grundlegenden Arbeits- und Geschäftsprozesse des Ausbildungsbetriebes erläutern</LA></DD><DT>b)</DT><DD Font="normal"><LA Size="normal">Rechte und Pflichten aus dem Ausbildungsvertrag sowie Dauer und Beendigung des Ausbildungsverhältnisses erläutern und Aufgaben der im System der dualen Berufsausbildung Beteiligten beschreiben</LA></DD><DT>c)</DT><DD Font="normal"><LA Size="normal">die Bedeutung, die Funktion und die Inhalte der Ausbildungsordnung und des betrieblichen Ausbildungsplans erläutern sowie zu deren Umsetzung beitragen</LA></DD><DT>d)</DT><DD Font="normal"><LA Size="normal">die für den Ausbildungsbetrieb geltenden arbeits-, sozial-, tarif- und mitbestimmungsrechtlichen Vorschriften erläutern</LA></DD><DT>e)</DT><DD Font="normal"><LA Size="normal">Grundlagen, Aufgaben und Arbeitsweise der betriebsverfassungs- oder personalvertretungsrechtlichen Organe des Ausbildungsbetriebes erläutern</LA></DD><DT>f)</DT><DD Font="normal"><LA Size="normal">Beziehungen des Ausbildungsbetriebes und seiner Beschäftigten zu Wirtschaftsorganisationen und Gewerkschaften erläutern</LA></DD><DT>g)</DT><DD Font="normal"><LA Size="normal">Positionen der eigenen Entgeltabrechnung erläutern</LA></DD><DT>h)</DT><DD Font="normal"><LA Size="normal">wesentliche Inhalte von Arbeitsverträgen erläutern</LA></DD><DT>i)</DT><DD Font="normal"><LA Size="normal">Möglichkeiten des beruflichen Aufstiegs und der beruflichen Weiterentwicklung erläutern</LA></DD></DL></entry><entry VJ="1" colname="col4" nameend="col5" namest="col4" valign="middle">während<BR/> der gesamten<BR/> Ausbildung</entry></row><row><entry VJ="1" colname="col1">2</entry><entry VJ="1" colname="col2">Sicherheit und Gesundheit bei der Arbeit<BR/> (§ 4 Absatz 5 Nummer 2)</entry><entry VJ="1" colname="col3"><DL Font="normal" Type="alpha"><DT>a)</DT><DD Font="normal"><LA Size="normal">Rechte und Pflichten aus den berufsbezogenen Arbeitsschutz- und Unfallverhütungsvorschriften kennen und diese Vorschriften anwenden</LA></DD><DT>b)</DT><DD Font="normal"><LA Size="normal">Gefährdungen von Sicherheit und Gesundheit am Arbeitsplatz und auf dem Arbeitsweg prüfen und beurteilen</LA></DD><DT>c)</DT><DD Font="normal"><LA Size="normal">sicheres und gesundheitsgerechtes Arbeiten erläutern</LA></DD><DT>d)</DT><DD Font="normal"><LA Size="normal">technische und organisatorische Maßnahmen zur Vermeidung von Gefährdungen sowie von psychischen und physischen Belastungen für sich und andere, auch präventiv, ergreifen</LA></DD><DT>e)</DT><DD Font="normal"><LA Size="normal">ergonomische Arbeitsweisen beachten und anwenden</LA></DD><DT>f)</DT><DD Font="normal"><LA Size="normal">Verhaltensweisen bei Unfällen beschreiben und erste Maßnahmen bei Unfällen einleiten</LA></DD><DT>g)</DT><DD Font="normal"><LA Size="normal">betriebsbezogene Vorschriften des vorbeugenden Brandschutzes anwenden, Verhaltensweisen bei Bränden beschreiben und erste Maßnahmen zur Brandbekämpfung ergreifen</LA></DD></DL></entry><entry VJ="1" colname="col4" nameend="col5" namest="col4" valign="middle">während<BR/> der gesamten<BR/> Ausbildung</entry></row><row><entry VJ="1" colname="col1">3</entry><entry VJ="1" colname="col2">Umweltschutz und<BR/> Nachhaltigkeit<BR/> (§ 4 Absatz 5 Nummer 3)</entry><entry VJ="1" colname="col3"><DL Font="normal" Type="alpha"><DT>a)</DT><DD Font="normal"><LA Size="normal">Möglichkeiten zur Vermeidung betriebsbedingter Belastungen für Umwelt und Gesellschaft im eigenen Aufgabenbereich erkennen und zu deren Weiterentwicklung beitragen</LA></DD><DT>b)</DT><DD Font="normal"><LA Size="normal">bei Arbeitsprozessen und im Hinblick auf Produkte, Waren oder Dienstleistungen, Materialien und Energie unter wirtschaftlichen, umweltverträglichen und sozialen Gesichtspunkten der Nachhaltigkeit nutzen</LA></DD><DT>c)</DT><DD Font="normal"><LA Size="normal">für den Ausbildungsbetrieb geltende Regelungen des Umweltschutzes einhalten</LA></DD><DT>d)</DT><DD Font="normal"><LA Size="normal">Abfälle vermeiden sowie Stoffe und Materialien einer umweltschonenden Wiederverwertung oder Entsorgung zuführen</LA></DD><DT>e)</DT><DD Font="normal"><LA Size="normal">Vorschläge für nachhaltiges Handeln für den eigenen Arbeitsbereich entwickeln</LA></DD><DT>f)</DT><DD Font="normal"><LA Size="normal">unter Einhaltung betrieblicher Regelungen im Sinne einer ökonomischen, ökologischen und sozial nachhaltigen Entwicklung zusammenarbeiten und adressatengerecht kommunizieren</LA></DD></DL></entry><entry VJ="1" colname="col4" nameend="col5" namest="col4" valign="middle">während<BR/> der gesamten<BR/> Ausbildung</entry></row><row rowsep="0"><entry VJ="1" colname="col1">4</entry><entry VJ="1" colname="col2">Digitalisierte Arbeitswelt<BR/> (§ 4 Absatz 5 Nummer 4)</entry><entry VJ="1" colname="col3"><DL Font="normal" Type="alpha"><DT>a)</DT><DD Font="normal"><LA Size="normal">mit eigenen und betriebsbezogenen Daten sowie mit Daten Dritter umgehen und dabei die Vorschriften zum Datenschutz und zur Datensicherheit einhalten</LA></DD><DT>b)</DT><DD Font="normal"><LA Size="normal">Risiken bei der Nutzung von digitalen Medien und informationstechnischen Systemen einschätzen und bei deren Nutzung betriebliche Regelungen einhalten</LA></DD><DT>c)</DT><DD Font="normal"><LA Size="normal">ressourcenschonend, adressatengerecht und effizient kommunizieren sowie Kommunikationsergebnisse dokumentieren</LA></DD><DT>d)</DT><DD Font="normal"><LA Size="normal">Störungen in Kommunikationsprozessen erkennen und zu ihrer Lösung beitragen</LA></DD><DT>e)</DT><DD Font="normal"><LA Size="normal">Informationen in digitalen Netzen recherchieren und aus digitalen Netzen beschaffen sowie Informationen, auch fremde, prüfen, bewerten und auswählen</LA></DD></DL></entry><entry VJ="1" colname="col4" nameend="col5" namest="col4" valign="middle"><BR/><BR/><BR/><BR/> während<BR/> der gesamten<BR/> Ausbildung</entry></row><row><entry VJ="1" colname="col1"/><entry VJ="1" colname="col2"/><entry VJ="1" colname="col3"><DL Font="normal" Type="alpha"><DT>f)</DT><DD Font="normal"><LA Size="normal">Lern- und Arbeitstechniken sowie Methoden des selbstgesteuerten Lernens anwenden, digitale Lernmedien nutzen und Erfordernisse des lebensbegleitenden Lernens erkennen und ableiten</LA></DD><DT>g)</DT><DD Font="normal"><LA Size="normal">Aufgaben zusammen mit Beteiligten, einschließlich der Beteiligten anderer Arbeits- und Geschäftsbereiche, auch unter Nutzung digitaler Medien, planen, bearbeiten und gestalten</LA></DD><DT>h)</DT><DD Font="normal"><LA Size="normal">Wertschätzung anderer unter Berücksichtigung gesellschaftlicher Vielfalt praktizieren</LA></DD></DL></entry><entry VJ="1" nameend="col5" namest="col4"/></row></tbody></tgroup></table></Content></text></textdaten></norm>
</dokumente>