<?xml version="1.0" encoding="UTF-8" ?><!DOCTYPE dokumente SYSTEM "http://www.gesetze-im-internet.de/dtd/1.01/gii-norm.dtd">
<dokumente builddate="20131008093709" doknr="BJNR104480975"><norm builddate="20131008093709" doknr="BJNR104480975"><metadaten><jurabk>BeamtHaftESPBek</jurabk><ausfertigung-datum manuell="ja">1975-01-31</ausfertigung-datum><fundstelle typ="amtlich"><periodikum>BGBl I</periodikum><zitstelle>1975, 448</zitstelle></fundstelle><langue>Bekanntmachung über die Haftung der Bundesrepublik Deutschland für ihre
Beamten gegenüber den Angehörigen des Spanischen Staates</langue></metadaten><textdaten><text format="XML"><Content><P/></Content></text><fussnoten><Content><P>(+++ Textnachweis ab: 13. 2.1975 +++)</P></Content></fussnoten></textdaten></norm>
<norm builddate="20131008093709" doknr="BJNR104480975BJNE000100303"><metadaten><jurabk>BeamtHaftESPBek</jurabk><enbez>(XXXX)</enbez></metadaten><textdaten><text format="XML"><Content><P>Auf Grund des § 7 des Gesetzes über die Haftung des Reichs für seine Beamten vom 22. Mai 1910 (Reichsgesetzbl. S. 798) wird bekanntgemacht, daß durch die Gesetzgebung des Spanischen Staates die Gegenseitigkeit verbürgt ist.<BR/><BR/><SP>Der Bundesminister der Justiz</SP></P></Content></text></textdaten></norm>
</dokumente>