<?xml version="1.0" encoding="UTF-8" ?><!DOCTYPE dokumente SYSTEM "http://www.gesetze-im-internet.de/dtd/1.01/gii-norm.dtd">
<dokumente builddate="20140523222002" doknr="BJNR006050973"><norm builddate="20140523222002" doknr="BJNR006050973"><metadaten><jurabk>TierSeuchSchNOKanV</jurabk><ausfertigung-datum manuell="ja">1973-06-08</ausfertigung-datum><fundstelle typ="amtlich"><periodikum>BGBl I</periodikum><zitstelle>1973, 605, 732</zitstelle></fundstelle><kurzue>Nord-Ostsee-Kanal-Tierseuchenschutzverordnung</kurzue><langue>Verordnung über die Beförderung von Tieren, Teilen, Erzeugnissen und
Rohstoffen von Tieren sowie von sonstigen Gegenständen, die Träger von
Ansteckungsstoff sein können, durch den Nord-Ostsee-Kanal</langue><standangabe checked="ja"><standtyp>Neuf</standtyp><standkommentar>Neugefasst durch Bek. v. 19.7.1983 I 1015;</standkommentar></standangabe><standangabe checked="ja"><standtyp>Stand</standtyp><standkommentar>zuletzt geändert durch Art. 15 V v. 17.4.2014 I 388</standkommentar></standangabe></metadaten><textdaten><fussnoten><Content><P>(+++ Textnachweis Geltung ab: 18.12.1988 +++)</P><P><BR/> Die Verordnung wurde auf Grund des § 7 Abs. 1 des Viehseuchengesetzes idF d. Bek. v. 27.2.1969 BGBl. I S. 158 vom Bundesminister für Ernährung, Landwirtschaft u. Forsten mit Zustimmung des Bundesrates erlassen</P></Content></fussnoten></textdaten></norm>
<norm builddate="20140523222002" doknr="BJNR006050973BJNE000101301"><metadaten><jurabk>TierSeuchSchNOKanV</jurabk><enbez>§ 1</enbez></metadaten><textdaten><text format="XML"><Content><P>(1) Diese Verordnung gilt für die Durchfahrt von Seeschiffen mit <DL Font="normal" Type="arabic"><DT>1.</DT><DD Font="normal"><LA Size="normal">lebenden und toten Tieren,</LA></DD><DT>2.</DT><DD Font="normal"><LA Size="normal">Teilen, Erzeugnissen und Rohstoffen von Tieren und</LA></DD><DT>3.</DT><DD Font="normal"><LA Size="normal">Rauhfutter und Stroh sowie sonstigen Gegenständen, die Träger von Ansteckungsstoff sein können,</LA></DD></DL>durch den Nord-Ostsee-Kanal (Kanal). Andere auf § 14 Absatz 1, § 38 Absatz 2 und 4 des Tiergesundheitsgesetzes gestützte Vorschriften finden auf die in Satz 1 bezeichnete Durchfahrt keine Anwendung.</P><P>(2) Der Bereich des Kanals im Sinne dieser Verordnung erstreckt sich von der Verbindungslinie zwischen den Molenköpfen in Brunsbüttel bis zu der Verbindungslinie zwischen den Einfahrtsfeuern in Kiel-Holtenau unter Einschluß des Gieselaukanals, Schirnauer Sees, Borgstedter Sees, Audorfer Sees, Obereidersees mit Enge, Achterwehrer Schiffahrtskanals und Flemhuder Sees.</P></Content></text><fussnoten/></textdaten></norm>
<norm builddate="20140523222002" doknr="BJNR006050973BJNE000200326"><metadaten><jurabk>TierSeuchSchNOKanV</jurabk><enbez>§ 2</enbez></metadaten><textdaten><text format="XML"><Content><P>(1) Lebende Klauentiere, Einhufer, Hasen, Kaninchen, Hunde, Hauskatzen, Affen, Halbaffen, lebendes Geflügel, lebende Papageien und Sittiche sowie verendete Tiere, tierische Abgänge, Einstreu, Futter oder Abwasser aus den mit Tieren besetzten Laderäumen oder Behältnissen dürfen während der Durchfahrt durch den Kanal nicht von Bord des Schiffes verbracht oder abgelassen werden. Die Laderäume und Behältnisse, in denen in Satz 1 genannte Tiere untergebracht sind, müssen so beschaffen sein, daß die Tiere und deren Abgänge sowie Einstreu, Futter oder Abwasser aus den mit lebenden Tieren besetzten Laderäumen oder Behältnissen während der Durchfahrt durch den Kanal nicht von Bord gelangen können.</P><P>(2) Der Schiffsführer hat die Durchfahrt durch den Kanal mit lebenden, in Absatz 1 Satz 1 genannten Tieren der zuständigen Behörde mindestens sechs Stunden vor dem Einlaufen des Schiffes in die Eingangsschleuse anzuzeigen. Die zuständige Behörde kann vor der Durchfahrt durch den Kanal prüfen, ob die Voraussetzungen nach Absatz 1 Satz 2 erfüllt sind.</P><P>(3) Absatz 1 Satz 2 und Absatz 2 gelten nicht, wenn nur einzelne Hunde, Hauskatzen, Affen, Halbaffen, Papageien oder Sittiche oder wenn Kaninchen oder Hausgeflügel, die von der Schiffsbesatzung oder von Reisenden gehalten werden, an Bord des Schiffes mitgeführt werden.</P></Content>  </text></textdaten></norm>
<norm builddate="20140523222002" doknr="BJNR006050973BJNE000300326"><metadaten><jurabk>TierSeuchSchNOKanV</jurabk><enbez>§ 3</enbez></metadaten><textdaten><text format="XML"><Content><P>(1) Von den in § 2 Abs. 1 Satz 1 genannten Tieren stammende Teile, Erzeugnisse und Rohstoffe, Rauhfutter, Stroh sowie Gegenstände jeder Art, von denen nach den Umständen des Falles anzunehmen ist, daß sie Träger von Ansteckungsstoff sein können, müssen während der Durchfahrt durch den Kanal in den Laderäumen verstaut oder - sofern sie auf Deck gelagert sind - in Behältnissen oder Umhüllungen fest verpackt sein. Sie dürfen während der Durchfahrt durch den Kanal nicht von Bord verbracht werden.</P><P>(2) Absatz 1 gilt nicht für <DL Font="normal" Type="arabic"><DT>1.</DT><DD Font="normal"><LA Size="normal">Teile, Erzeugnisse und Rohstoffe, die so behandelt worden sind, daß die Abtötung von Tierseuchenerregern gewährleistet ist, und</LA></DD> <DT>2.</DT><DD Font="normal"><LA Size="normal">Lebensmittel tierischer Herkunft, die zur Verpflegung der Schiffsbesatzung oder von Reisenden mitgeführt werden.</LA></DD> </DL></P></Content> </text></textdaten></norm>
<norm builddate="20140523222002" doknr="BJNR006050973BJNE000401308"><metadaten><jurabk>TierSeuchSchNOKanV</jurabk><enbez>§ 3a</enbez></metadaten><textdaten><text format="XML"><Content><P>(1) Die mit Wartung von Tieren betrauten Personen müssen vor dem Verlassen des Schiffes Arbeitskleidung und -schuhe wechseln. Alle Personen haben beim Verlassen des Schiffes das Schuhwerk zu reinigen und mit einem Mittel, mit dem Tierseuchenerreger abgetötet werden, zu desinfizieren.</P><P>(2) Absatz 1 gilt nicht, wenn die Voraussetzungen des § 2 Abs. 3 gegeben sind.</P><P>(3) Der Schiffsführer hat Desinfektionsmittel im Sinne des Absatzes 1 Satz 2 bereitzustellen.</P></Content>  </text><fussnoten/></textdaten></norm>
<norm builddate="20140523222002" doknr="BJNR006050973BJNE000500326"><metadaten><jurabk>TierSeuchSchNOKanV</jurabk><enbez>§ 4</enbez></metadaten><textdaten><text format="XML"><Content><P>Die zuständige oberste Landesbehörde kann Ausnahmen von den Vorschriften dieser Verordnung zulassen, wenn auf andere Weise sichergestellt ist, daß keine Tierseuchen eingeschleppt oder weiterverbreitet werden.</P></Content></text><fussnoten/></textdaten></norm>
<norm builddate="20140523222002" doknr="BJNR006050973BJNE000602301"><metadaten><jurabk>TierSeuchSchNOKanV</jurabk><enbez>§ 5</enbez></metadaten><textdaten><text format="XML"><Content><P>(1) Ordnungswidrig im Sinne des § 32 Absatz 2 Nummer 4 Buchstabe a des Tiergesundheitsgesetzes handelt, wer vorsätzlich oder fahrlässig <DL Type="arabic"><DT>1.</DT><DD Font="normal"><LA>entgegen § 3a Absatz 1 Satz 1 Arbeitskleidung oder Arbeitsschuhe nicht oder nicht rechtzeitig wechselt,</LA></DD><DT>2.</DT><DD Font="normal"><LA>entgegen § 3a Absatz 1 Satz 2 Schuhwerk nicht oder nicht rechtzeitig reinigt oder nicht, nicht richtig oder nicht rechtzeitig desinfiziert oder</LA></DD><DT>3.</DT><DD Font="normal"><LA>einer mit einer Zulassung nach § 4 in Verbindung mit § 3a Absatz 1 verbundenen vollziehbaren Auflage zuwiderhandelt.</LA></DD></DL></P><P>(2) Ordnungswidrig im Sinne des § 32 Absatz 2 Nummer 4 Buchstabe d des Tiergesundheitsgesetzes handelt, wer vorsätzlich oder fahrlässig <DL Type="arabic"><DT>1.</DT><DD Font="normal"><LA>entgegen § 2 Absatz 1 Satz 1 ein dort genanntes Tier, einen dort genannten Gegenstand oder Abwasser von Bord verbringt oder ablässt,</LA></DD><DT>2.</DT><DD Font="normal"><LA>entgegen § 2 Absatz 2 Satz 1 eine Anzeige nicht, nicht richtig, nicht vollständig oder nicht rechtzeitig erstattet,</LA></DD><DT>3.</DT><DD Font="normal"><LA>entgegen § 3 Absatz 1 Satz 2 einen dort genannten Gegenstand von Bord verbringt oder</LA></DD><DT>4.</DT><DD Font="normal"><LA>einer mit einer Zulassung nach § 4 in Verbindung mit § 2 Absatz 1 Satz 1 oder Absatz 2 Satz 1 oder § 3 Absatz 1 Satz 2 verbundenen vollziehbaren Auflage zuwiderhandelt.</LA></DD></DL></P></Content></text><fussnoten/></textdaten></norm>
<norm builddate="20140523222002" doknr="BJNR006050973BJNE000701308"><metadaten><jurabk>TierSeuchSchNOKanV</jurabk><enbez>§ 6</enbez></metadaten><textdaten><text format="XML"><Content><P>Diese Verordnung tritt drei Monate nach der Verkündung in Kraft.</P></Content></text><fussnoten/></textdaten></norm>
</dokumente>