<?xml version="1.0" encoding="UTF-8" ?><!DOCTYPE dokumente SYSTEM "http://www.gesetze-im-internet.de/dtd/1.01/gii-norm.dtd">
<dokumente builddate="20140102220008" doknr="BJNR431000013"><norm builddate="20140102220008" doknr="BJNR431000013"><metadaten><jurabk>BKOrgErl 2013</jurabk><ausfertigung-datum manuell="ja">2013-12-17</ausfertigung-datum><fundstelle typ="amtlich"><periodikum>BGBl I</periodikum><zitstelle>2013, 4310</zitstelle></fundstelle><langue>Organisationserlass der Bundeskanzlerin</langue></metadaten><textdaten><fussnoten><Content><P><BR/> <pre xml:space="preserve">(+++ Textnachweis ab: 17.12.2013 +++) <BR/><BR/></pre></P></Content></fussnoten></textdaten></norm>
<norm builddate="20140102220009" doknr="BJNR431000013BJNE000100000"><metadaten><jurabk>BKOrgErl 2013</jurabk><enbez>Eingangsformel</enbez></metadaten><textdaten><text format="XML"><Content><P>Gemäß § 9 der Geschäftsordnung der Bundesregierung ordne ich mit sofortiger Wirkung an:</P></Content></text></textdaten></norm>
<norm builddate="20140102220009" doknr="BJNR431000013BJNE000200000"><metadaten><jurabk>BKOrgErl 2013</jurabk><enbez>I.</enbez></metadaten><textdaten><text format="XML"><Content><P>Es erhalten <DL Type="arabic"><DT>1.</DT><DD Font="normal"><LA>das Bundesministerium für Wirtschaft und Technologie die Bezeichnung Bundesministerium für Wirtschaft und Energie;</LA></DD><DT>2.</DT><DD Font="normal"><LA>das Bundesministerium der Justiz die Bezeichnung Bundesministerium der Justiz und für Verbraucherschutz;</LA></DD><DT>3.</DT><DD Font="normal"><LA>das Bundesministerium für Ernährung, Landwirtschaft und Verbraucherschutz die Bezeichnung Bundesministerium für Ernährung und Landwirtschaft;</LA></DD><DT>4.</DT><DD Font="normal"><LA>das Bundesministerium für Verkehr, Bau und Stadtentwicklung die Bezeichnung Bundesministerium für Verkehr und digitale Infrastruktur;</LA></DD><DT>5.</DT><DD Font="normal"><LA>das Bundesministerium für Umwelt, Naturschutz und Reaktorsicherheit die Bezeichnung Bundesministerium für Umwelt, Naturschutz, Bau und Reaktorsicherheit.</LA></DD></DL></P></Content></text></textdaten></norm>
<norm builddate="20140102220009" doknr="BJNR431000013BJNE000300000"><metadaten><jurabk>BKOrgErl 2013</jurabk><enbez>II.</enbez></metadaten><textdaten><text format="XML"><Content><P>Dem Bundesministerium für Wirtschaft und Energie werden übertragen <DL Type="arabic"><DT>1.</DT><DD Font="normal"><LA>aus dem Geschäftsbereich des Bundesministeriums des Innern die Zuständigkeit des Beauftragten der Bundesregierung für die neuen Bundesländer;</LA></DD><DT>2.</DT><DD Font="normal"><LA>aus dem Geschäftsbereich des Bundesministeriums für Verkehr und digitale Infrastruktur die Zuständigkeiten für Energieeinsparung;</LA></DD><DT>3.</DT><DD Font="normal"><LA>aus dem Geschäftsbereich des Bundesministeriums für Umwelt, Naturschutz, Bau und Reaktorsicherheit die Zuständigkeiten für die Energiewende einschließlich der mit der Energiewende verbundenen Aspekte des Klimaschutzes.</LA></DD></DL></P><P>Die Zuständigkeitsübertragungen schließen deren europäische und internationale Bezüge sowie die Grundsatz- und Planungsangelegenheiten ein.</P></Content></text></textdaten></norm>
<norm builddate="20140102220009" doknr="BJNR431000013BJNE000400000"><metadaten><jurabk>BKOrgErl 2013</jurabk><enbez>III.</enbez></metadaten><textdaten><text format="XML"><Content><P>Dem Bundesministerium der Justiz und für Verbraucherschutz wird aus dem Geschäftsbereich des Bundesministeriums für Ernährung und Landwirtschaft die Zuständigkeit für Verbraucherpolitik übertragen. Der Verbraucherschutz im Bereich Ernährung und Lebensmittel verbleibt im Bundesministerium für Ernährung und Landwirtschaft.</P><P>Die Zuständigkeitsübertragung schließt deren europäische und internationale Bezüge sowie die Grundsatz- und Planungsangelegenheiten ein.</P></Content></text></textdaten></norm>
<norm builddate="20140102220009" doknr="BJNR431000013BJNE000500000"><metadaten><jurabk>BKOrgErl 2013</jurabk><enbez>IV.</enbez></metadaten><textdaten><text format="XML"><Content><P>Dem Bundesministerium für Verkehr und digitale Infrastruktur werden aus dem Geschäftsbereich des Bundesministeriums für Wirtschaft und Energie die Zuständigkeiten übertragen für <DL Type="arabic"><DT>1.</DT><DD Font="normal"><LA>TK-Wirtschaft, Breitbandstrategie,</LA></DD><DT>2.</DT><DD Font="normal"><LA>Telekommunikationsrecht</LA></DD></DL>einschließlich der diesbezüglichen Fachaufsicht über die Bundesnetzagentur. Die Aufsicht über die Bundesnetzagentur im Übrigen verbleibt beim Bundesministerium für Wirtschaft und Energie.</P><P>Die Zuständigkeitsübertragung schließt deren europäische und internationale Bezüge sowie die Grundsatz- und Planungsangelegenheiten ein.</P></Content></text></textdaten></norm>
<norm builddate="20140102220009" doknr="BJNR431000013BJNE000600000"><metadaten><jurabk>BKOrgErl 2013</jurabk><enbez>V.</enbez></metadaten><textdaten><text format="XML"><Content><P>Dem Bundesministerium für Umwelt, Naturschutz, Bau und Reaktorsicherheit werden aus dem Geschäftsbereich des Bundesministeriums für Verkehr und digitale Infrastruktur die Zuständigkeiten für <DL Type="arabic"><DT>1.</DT><DD Font="normal"><LA>Bauwesen, Bauwirtschaft und Bundesbauten;</LA></DD><DT>2.</DT><DD Font="normal"><LA>Stadtentwicklung, Wohnen, Ländliche Infrastruktur und öffentliches Baurecht übertragen.</LA></DD></DL></P><P>Die Zuständigkeitsübertragung schließt deren europäische und internationale Bezüge sowie die Grundsatz- und Planungsangelegenheiten ein.</P></Content></text></textdaten></norm>
<norm builddate="20140102220009" doknr="BJNR431000013BJNE000700000"><metadaten><jurabk>BKOrgErl 2013</jurabk><enbez>VI.</enbez></metadaten><textdaten><text format="XML"><Content><P>Die Einzelheiten des Übergangs werden zwischen den beteiligten Mitgliedern der Bundesregierung geregelt und dem Chef des Bundeskanzleramtes mitgeteilt.</P></Content></text></textdaten></norm>
<norm builddate="20140102220009" doknr="BJNR431000013BJNE000800000"><metadaten><jurabk>BKOrgErl 2013</jurabk><enbez>Schlussformel</enbez></metadaten><textdaten><text format="XML"><Content><P><SP>Die Bundeskanzlerin</SP></P></Content></text></textdaten></norm>
</dokumente>