<?xml version="1.0" encoding="UTF-8" ?><!DOCTYPE dokumente SYSTEM "http://www.gesetze-im-internet.de/dtd/1.01/gii-norm.dtd">
<dokumente builddate="20200319212515" doknr="BJNR106490961"><norm builddate="20200319212515" doknr="BJNR106490961"><metadaten><jurabk>KrWaffKontrGDV 2</jurabk><ausfertigung-datum manuell="ja">1961-06-01</ausfertigung-datum><fundstelle typ="amtlich"><periodikum>BGBl I</periodikum><zitstelle>1961, 649</zitstelle></fundstelle><langue>Zweite Verordnung zur Durchführung des Gesetzes über die Kontrolle von
Kriegswaffen</langue><standangabe checked="ja"><standtyp>Stand</standtyp><standkommentar>Zuletzt geändert Art. 1 V v. 13.3.2020 I 521</standkommentar></standangabe></metadaten><textdaten><fussnoten><Content><P><BR/> <pre xml:space="preserve">(+++ Textnachweis Geltung ab: 6.7.1978 +++)<BR/><BR/></pre></P></Content></fussnoten></textdaten></norm>
<norm builddate="20200319212515" doknr="BJNR106490961BJNE000100311"><metadaten><jurabk>KrWaffKontrGDV 2</jurabk><enbez>Eingangsformel</enbez></metadaten><textdaten><text format="XML"><Content><P>Auf Grund des § 11 Abs. 4, § 12 Abs. 7 und § 14 Abs. 7 des Gesetzes über die Kontrolle von Kriegswaffen vom 20. April 1961 (Bundesgesetzbl. I S. 444) verordnet die Bundesregierung mit Zustimmung des Bundesrates:</P></Content></text></textdaten></norm>
<norm builddate="20200319212515" doknr="BJNR106490961BJNE000200311"><metadaten><jurabk>KrWaffKontrGDV 2</jurabk><enbez>§ 1</enbez><titel format="parat">Antrag auf Erteilung einer Herstellungsgenehmigung</titel></metadaten><textdaten><text format="XML"><Content><P>(1) Der Antrag auf Erteilung einer Genehmigung zur Herstellung von Kriegswaffen muß folgende Angaben enthalten: <DL Font="normal" Type="arabic"><DT>1.</DT><DD Font="normal"><LA Size="normal">Name und Anschrift des Antragstellers</LA></DD> <DT>2.</DT><DD Font="normal"><LA Size="normal">Name und Anschrift des Erwerbers</LA></DD> <DT>3.</DT><DD Font="normal"><LA Size="normal">Name und Anschrift des Auftraggebers</LA></DD> <DT>4.</DT><DD Font="normal"><LA Size="normal">Bezeichnung der Kriegswaffen</LA></DD> <DT>5.</DT><DD Font="normal"><LA Size="normal">Nummer der Kriegswaffenliste</LA></DD> <DT>6.</DT><DD Font="normal"><LA Size="normal">Stückzahl oder Gewicht</LA></DD> <DT>7.</DT><DD Font="normal"><LA Size="normal">Zweck der Herstellung</LA></DD> <DT>8.</DT><DD Font="normal"><LA Size="normal">Endverbleib der Kriegswaffen.</LA></DD> </DL> </P><P>(2) Mit dem Antrag ist ferner anzugeben und auf Verlangen nachzuweisen, <DL Font="normal" Type="arabic"><DT>1.</DT><DD Font="normal"><LA Size="normal">ob die in § 6 Abs. 2 Nr. 2 des Gesetzes genannten Personen Deutsche im Sinne des Artikels 116 des Grundgesetzes sind und den Wohnsitz oder gewöhnlichen Aufenthalt im Bundesgebiet haben,</LA></DD> <DT>2.</DT><DD Font="normal"><LA Size="normal">ob die im Zusammenhang mit der genehmigungsbedürftigen Handlung nach anderen Vorschriften erforderlichen Genehmigungen vorliegen,</LA></DD> <DT>3.</DT><DD Font="normal"><LA Size="normal">welche Sicherheits- und Geheimschutzmaßnahmen im Sinne des § 12 Abs. 1 des Gesetzes getroffen oder beabsichtigt sind.</LA></DD> </DL></P></Content></text></textdaten></norm>
<norm builddate="20200319212515" doknr="BJNR106490961BJNE000300311"><metadaten><jurabk>KrWaffKontrGDV 2</jurabk><enbez>§ 2</enbez><titel format="parat">Antrag auf Erteilung einer Überlassungsgenehmigung</titel></metadaten><textdaten><text format="XML"><Content><P>(1) Der Antrag auf Erteilung einer Genehmigung zur Überlassung der tatsächlichen Gewalt über Kriegswaffen an einen anderen muß folgende Angaben enthalten: <DL Font="normal" Type="arabic"><DT>1.</DT><DD Font="normal"><LA Size="normal">Name und Anschrift des Antragstellers</LA></DD> <DT>2.</DT><DD Font="normal"><LA Size="normal">Name und Anschrift desjenigen, dem der Antragsteller die tatsächliche Gewalt überlassen will (Erwerber)</LA></DD> <DT>3.</DT><DD Font="normal"><LA Size="normal">Name und Anschrift des Herstellers</LA></DD> <DT>4.</DT><DD Font="normal"><LA Size="normal">Bezeichnung der Kriegswaffen</LA></DD> <DT>5.</DT><DD Font="normal"><LA Size="normal">Nummer der Kriegswaffenliste</LA></DD> <DT>6.</DT><DD Font="normal"><LA Size="normal">Stückzahl oder Gewicht</LA></DD> <DT>7.</DT><DD Font="normal"><LA Size="normal">Zweck der Überlassung.</LA></DD> </DL> </P><P>(2) § 1 Abs. 2 gilt entsprechend.</P></Content></text></textdaten></norm>
<norm builddate="20200319212515" doknr="BJNR106490961BJNE000400311"><metadaten><jurabk>KrWaffKontrGDV 2</jurabk><enbez>§ 3</enbez><titel format="parat">Antrag auf Erteilung einer Erwerbsgenehmigung</titel></metadaten><textdaten><text format="XML"><Content><P>(1) Der Antrag auf Erteilung einer Genehmigung zum Erwerb der tatsächlichen Gewalt über Kriegswaffen von einem anderen muß folgende Angaben enthalten: <DL Font="normal" Type="arabic"><DT>1.</DT><DD Font="normal"><LA Size="normal">Name und Anschrift des Antragstellers</LA></DD> <DT>2.</DT><DD Font="normal"><LA Size="normal">Name und Anschrift desjenigen, von dem der Antragsteller die tatsächliche Gewalt erwerben will</LA></DD> <DT>3.</DT><DD Font="normal"><LA Size="normal">Name und Anschrift des Auftraggebers</LA></DD> <DT>4.</DT><DD Font="normal"><LA Size="normal">Name und Anschrift des Herstellers</LA></DD> <DT>5.</DT><DD Font="normal"><LA Size="normal">Bezeichnung der Kriegswaffen</LA></DD> <DT>6.</DT><DD Font="normal"><LA Size="normal">Nummer der Kriegswaffenliste</LA></DD> <DT>7.</DT><DD Font="normal"><LA Size="normal">Stückzahl oder Gewicht</LA></DD> <DT>8.</DT><DD Font="normal"><LA Size="normal">Zweck des Erwerbs</LA></DD> <DT>9.</DT><DD Font="normal"><LA Size="normal">Endverbleib der Kriegswaffen.</LA></DD> </DL> </P><P>(2) § 1 Abs. 2 gilt entsprechend.</P></Content></text></textdaten></norm>
<norm builddate="20200319212515" doknr="BJNR106490961BJNE000500311"><metadaten><jurabk>KrWaffKontrGDV 2</jurabk><enbez>§ 4</enbez><titel format="parat">Antrag auf Erteilung einer Genehmigung zur Beförderung
innerhalb des Bundesgebietes</titel></metadaten><textdaten><text format="XML"><Content><P>(1) Der Antrag auf Erteilung einer Genehmigung zur Beförderung von Kriegswaffen innerhalb des Bundesgebietes (§ 3 Abs. 1 und 2 des Gesetzes) muß folgende Angaben enthalten: <DL Font="normal" Type="arabic"><DT>1.</DT><DD Font="normal"><LA Size="normal">Name und Anschrift des Antragstellers</LA></DD> <DT>2.</DT><DD Font="normal"><LA Size="normal">Name und Anschrift des Absenders</LA></DD> <DT>3.</DT><DD Font="normal"><LA Size="normal">Name und Anschrift des Empfängers</LA></DD> <DT>4.</DT><DD Font="normal"><LA Size="normal">Bezeichnung der Kriegswaffen</LA></DD> <DT>5.</DT><DD Font="normal"><LA Size="normal">Nummer der Kriegswaffenliste</LA></DD> <DT>6.</DT><DD Font="normal"><LA Size="normal">Stückzahl oder Gewicht</LA></DD> <DT>7.</DT><DD Font="normal"><LA Size="normal">Name und Anschrift des Beförderers</LA></DD> <DT>8.</DT><DD Font="normal"><LA Size="normal">Zweck der Beförderung</LA></DD> <DT>9.</DT><DD Font="normal"><LA Size="normal">Beförderungsmittel</LA></DD> <DT>10.</DT><DD Font="normal"><LA Size="normal">Versand- und Zielort</LA></DD> <DT>11.</DT><DD Font="normal"><LA Size="normal">Zeitraum der Beförderung.</LA></DD> </DL> </P><P>(2) In den Fällen der Beförderung von Kriegswaffen zum Zwecke der Ausfuhr oder der Durchfuhr (§ 3 Abs. 3 des Gesetzes) muß der Antrag außerdem Angaben über den Endverbleib der Kriegswaffen enthalten. Die Angaben sind glaubhaft zu machen.</P><P>(3) § 1 Abs. 2 gilt entsprechend.</P></Content> </text></textdaten></norm>
<norm builddate="20200319212515" doknr="BJNR106490961BJNE000600311"><metadaten><jurabk>KrWaffKontrGDV 2</jurabk><enbez>§ 5</enbez><titel format="parat">Antrag auf Erteilung einer Genehmigung zur Beförderung
außerhalb des Bundesgebietes</titel></metadaten><textdaten><text format="XML"><Content><P>(1) Der Antrag auf Erteilung einer Genehmigung zur Beförderung von Kriegswaffen außerhalb des Bundesgebietes muß folgende Angaben enthalten: <DL Font="normal" Type="arabic"><DT>1.</DT><DD Font="normal"><LA Size="normal">Name und Anschrift des Antragstellers</LA></DD> <DT>2.</DT><DD Font="normal"><LA Size="normal">Bezeichnung der Kriegswaffen</LA></DD> <DT>3.</DT><DD Font="normal"><LA Size="normal">Nummer der Kriegswaffenliste</LA></DD> <DT>4.</DT><DD Font="normal"><LA Size="normal">Stückzahl oder Gewicht</LA></DD> <DT>5.</DT><DD Font="normal"><LA Size="normal">Endverbleib der Kriegswaffen oder Name und Anschrift des Empfängers</LA></DD> <DT>6.</DT><DD Font="normal"><LA Size="normal">Beförderungsmittel</LA></DD> <DT>7.</DT><DD Font="normal"><LA Size="normal">Versand- und Zielort</LA></DD> <DT>8.</DT><DD Font="normal"><LA Size="normal">Fahrt- oder Flugstrecke</LA></DD> <DT>9.</DT><DD Font="normal"><LA Size="normal">Zeitraum der Beförderung.</LA></DD> </DL> </P><P>(2) § 1 Abs. 2 gilt entsprechend.</P></Content></text></textdaten></norm>
<norm builddate="20200319212515" doknr="BJNR106490961BJNE000700311"><metadaten><jurabk>KrWaffKontrGDV 2</jurabk><enbez>§ 5a</enbez><titel format="parat">Antrag auf Erteilung einer Genehmigung für Auslandsgeschäfte</titel></metadaten><textdaten><text format="XML"><Content><P>(1) Der Antrag auf Erteilung einer Genehmigung für Auslandsgeschäfte muß folgende Angaben enthalten: <DL Font="normal" Type="arabic"><DT>1.</DT><DD Font="normal"><LA Size="normal">Name und Anschrift des Antragstellers,</LA></DD> <DT>2.</DT><DD Font="normal"><LA Size="normal">Name und Anschrift derjenigen, zwischen denen der Vertrag über den Erwerb oder das Überlassen von Kriegswaffen geschlossen werden soll,</LA></DD> <DT>3.</DT><DD Font="normal"><LA Size="normal">Bezeichnung der Kriegswaffen,</LA></DD> <DT>4.</DT><DD Font="normal"><LA Size="normal">Nummer der Kriegswaffenliste,</LA></DD> <DT>5.</DT><DD Font="normal"><LA Size="normal">Stückzahl oder Gewicht,</LA></DD> <DT>6.</DT><DD Font="normal"><LA Size="normal">Bezeichnung des Landes, in dem sich die Kriegswaffen befinden.</LA></DD> </DL> </P><P>(2) Wird eine Genehmigung nach § 4a Abs. 2 des Gesetzes beantragt, ist anstelle der in Absatz 1 Nr. 2 genannten Angaben Name und Anschrift desjenigen anzugeben, dem die Kriegswaffen überlassen werden sollen.</P><P>(3) Die Genehmigungsbehörde kann weitere Angaben verlangen, die für die Beurteilung des Antrags erforderlich sind. Dazu gehören insbesondere Angaben über <DL Font="normal" Type="arabic"><DT>1.</DT><DD Font="normal"><LA Size="normal">den voraussichtlichen Verwendungszweck,</LA></DD> <DT>2.</DT><DD Font="normal"><LA Size="normal">das voraussichtliche Bestimmungsland,</LA></DD> <DT>3.</DT><DD Font="normal"><LA Size="normal">den voraussichtlichen Endverbleib.</LA></DD> </DL>Unterlagen, die sich auf diese Angaben beziehen, hat der Antragsteller auf Verlangen vorzulegen.</P><P>(4) § 1 Abs. 2 gilt entsprechend.</P></Content>  </text><fussnoten/></textdaten></norm>
<norm builddate="20200319212515" doknr="BJNR106490961BJNE000802377"><metadaten><jurabk>KrWaffKontrGDV 2</jurabk><enbez>§ 6</enbez><titel format="XML">Antragsform</titel></metadaten><textdaten><text format="XML"><Content><P>(1) Der Antrag auf Erteilung einer Genehmigung ist in Textform zu stellen.</P><P>(2) Ist mit der Durchführung eines Beschaffungs- oder Instandsetzungsauftrages, den ein in § 11 Abs. 2 Nr. 1, 2 und 3 des Gesetzes genanntes Bundesministerium oder eine ihm nachgeordnete Behörde vergibt, eine genehmigungsbedürftige Handlung verbunden, so gilt das schriftliche Angebot des Auftragnehmers als Antrag auf Erteilung der erforderlichen Genehmigung. Liegt kein schriftliches Angebot vor, so findet Satz 1 entsprechende Anwendung, wenn der Auftragnehmer den Auftrag schriftlich annimmt.</P></Content></text><fussnoten/></textdaten></norm>
<norm builddate="20200319212515" doknr="BJNR106490961BJNE000900311"><metadaten><jurabk>KrWaffKontrGDV 2</jurabk><enbez>§ 7</enbez><titel format="parat">Gleichzeitige Antragstellung</titel></metadaten><textdaten><text format="XML"><Content><P>(1) Liegen die Voraussetzungen für den Wegfall der Überlassungs- und Erwerbsgenehmigung nicht vor, so sollen <DL Font="normal" Type="arabic"><DT>a)</DT><DD Font="normal"><LA Size="normal">in den Fällen der Beförderung von Kriegswaffen innerhalb des Bundesgebietes der Antrag des Absenders nach § 2 und der Antrag des Empfängers nach § 3,</LA></DD> <DT>b)</DT><DD Font="normal"><LA Size="normal">in den Fällen der Beförderung von Kriegswaffen zum Zwecke der Einfuhr der Antrag des Empfängers nach § 3,</LA></DD> <DT>c)</DT><DD Font="normal"><LA Size="normal">in den Fällen der Beförderung von Kriegswaffen zum Zwecke der Ausfuhr der Antrag des Absenders nach § 2</LA></DD> </DL>spätestens mit dem Antrag auf Genehmigung der Beförderung nach § 4 gestellt werden.</P><P>(2) In den Fällen der Überlassung und des Erwerbs der tatsächlichen Gewalt über Kriegswaffen sollen der Antrag desjenigen, der die tatsächliche Gewalt überlassen will, und der Antrag desjenigen, der die tatsächliche Gewalt erwerben will, gleichzeitig gestellt werden.</P></Content> </text></textdaten></norm>
<norm builddate="20200319212515" doknr="BJNR106490961BJNE001000311"><metadaten><jurabk>KrWaffKontrGDV 2</jurabk><enbez>§ 8</enbez><titel format="parat">Dauergenehmigung</titel></metadaten><textdaten><text format="XML"><Content><P>(1) Die Genehmigung kann einem Antragsteller ohne Beschränkung auf die Vornahme einer einzelnen Handlung für eine bestimmte Zeitdauer erteilt werden (Dauergenehmigung), wenn es wegen der mehrfachen Wiederholung von Handlungen der gleichen Art zweckmäßig ist und öffentliche Interessen nicht gefährdet werden.</P><P>(2) Die Dauergenehmigung zur Herstellung der in Teil B der Kriegswaffenliste genannten Kriegswaffen kann ohne Beschränkung auf eine bestimmte Menge, die Dauergenehmigung zur Beförderung von Kriegswaffen kann ohne Beschränkung auf eine bestimmte Art und Menge erteilt werden. Andere Dauergenehmigungen können nur für eine bestimmte Art und Menge erteilt werden.</P></Content> </text></textdaten></norm>
<norm builddate="20200319212515" doknr="BJNR106490961BJNE001103377"><metadaten><jurabk>KrWaffKontrGDV 2</jurabk><enbez>§ 9</enbez><titel format="XML">Führung und Inhalt des Kriegswaffenbuches</titel></metadaten><textdaten><text format="XML"><Content><P>(1) Wer zur Führung eines Kriegswaffenbuches verpflichtet ist, hat den Kriegswaffenbestand zu den nach § 10 Absatz 1 vorgeschriebenen Meldestichtagen, jede Bestandsveränderung und jede Beförderung ohne Bestandsveränderung in das Kriegswaffenbuch einzutragen. Die Eintragungen sind unverzüglich nach einem meldepflichtigen Ereignis vorzunehmen und müssen in nachvollziehbarer Weise erfolgen. Jede Berichtigung eines Eintrags muss als solche erkennbar sein und den ursprünglichen Eintrag unverändert lassen. Das Kriegswaffenbuch kann in Papierform oder elektronisch geführt werden.</P><P>(2) Für jeden Waffentyp ist ein besonderes Blatt oder im Fall des elektronisch geführten Kriegswaffenbuches ein gesonderter Datensatz mit der Nummer der Kriegswaffenliste anzulegen.</P><P>(3) Bei der Eintragung einer Bestandsveränderung oder einer Beförderung ohne Bestandsveränderung sind folgende Angaben zu machen: <DL Type="arabic"><DT>1.</DT><DD Font="normal"><LA>Laufende Nummer und Tag der Eintragung</LA></DD><DT>2.</DT><DD Font="normal"><LA>Stückzahl</LA></DD><DT>3.</DT><DD Font="normal"><LA>Waffennummer</LA></DD><DT>4.</DT><DD Font="normal"><LA>Nummer der Genehmigungsurkunde einschließlich Angabe der Genehmigungsbehörde</LA></DD><DT>5.</DT><DD Font="normal"><LA>Gründe für Zugang oder Abgang der Kriegswaffe</LA></DD><DT>6.</DT><DD Font="normal"><LA>Name und Anschrift des Herstellers</LA></DD><DT>7.</DT><DD Font="normal"><LA>Name und Anschrift desjenigen, der die tatsächliche Gewalt überlassen oder erworben hat</LA></DD><DT>8.</DT><DD Font="normal"><LA>Beförderungsmittel</LA></DD><DT>9.</DT><DD Font="normal"><LA>Tag des Zugangs oder Abgangs oder Tag der Beförderung</LA></DD><DT>10.</DT><DD Font="normal"><LA>Name und Anschrift des Beförderers oder der Beförderer.</LA></DD></DL></P><P>(4) Bei der Eintragung des Bestandes an den Meldestichtagen sind folgende Angaben zu machen: <DL Font="normal" Type="arabic"><DT>1.</DT><DD Font="normal"><LA Size="normal">Laufende Nummer und Tag der Eintragung</LA></DD><DT>2.</DT><DD Font="normal"><LA Size="normal">Stückzahl</LA></DD><DT>3.</DT><DD Font="normal"><LA>Meldestichtag.</LA></DD></DL></P><P>(5) Das Bundesamt für Wirtschaft und Ausfuhrkontrolle kann die anzugebenden Gründe des Zugangs und des Abgangs von Kriegswaffen nach Absatz 3 Nummer 5 durch Allgemeinverfügung, die im Bundesanzeiger bekannt zu machen ist, festlegen.</P><P>(6) Werden zum Zwecke des Erwerbs der tatsächlichen Gewalt über Kriegswaffen an Stelle von Genehmigungen nach § 2 Abs. 2 des Gesetzes über die Kontrolle von Kriegswaffen auf Grund zwischenstaatlicher Verträge Erlaubnisse oder Anmeldebescheinigungen der Behörden der Stationierungsstreitkräfte vorgelegt, so sind die Zweitschriften der Erlaubnisse oder der Anmeldebescheinigungen als Anlage zum Kriegswaffenbuch zu nehmen oder in diesem zu speichern.</P><P>(7) Wer Kriegswaffen innerhalb des Bundesgebietes für einen anderen befördert oder Kriegswaffen außerhalb des Bundesgebietes mit deutschen Seeschiffen oder Luftfahrzeugen befördert oder im Geltungsbereich des Gesetzes keinen Wohnsitz und keine gewerbliche Niederlassung hat, ist nicht verpflichtet, ein Kriegswaffenbuch zu führen.</P></Content></text><fussnoten/></textdaten></norm>
<norm builddate="20200319212515" doknr="BJNR106490961BJNE001204377"><metadaten><jurabk>KrWaffKontrGDV 2</jurabk><enbez>§ 10</enbez><titel format="XML">Meldung der Kriegswaffenbestände</titel></metadaten><textdaten><text format="XML"><Content><P>(1) Jede Bestandsveränderung und die am 31. März und 30. September eines jeden Jahres (Meldestichtage) vorhandenen Kriegswaffenbestände (Bestandseinträge) sind dem Bundesamt für Wirtschaft und Ausfuhrkontrolle nach Waffentypen getrennt und mit den in § 9 Absatz 3 und 4 vorgeschriebenen Angaben binnen zwei Wochen nach den Meldestichtagen elektronisch zu melden. Dies gilt auch für den Fall, dass seit dem letzten Meldestichtag keine Bestandsveränderung eingetreten ist. Der Bestandseintrag ist auch dann anzugeben, wenn der Bestand im Meldezeitraum auf Null gesunken ist (Nullmeldung). Bleibt der Bestand im hierauf folgenden Meldezeitraum ohne Bestandsveränderung bei Null, so bedarf es keiner erneuten Nullmeldung. Die Meldepflicht nach Satz 1 gilt entsprechend für Beförderungen ohne Bestandsveränderungen.</P><P>(2) § 9 Absatz 7 gilt entsprechend.</P><P>(3) Die Meldungen nach Absatz 1 sind beginnend mit dem Meldezeitraum ab 1. April 2020 elektronisch zu übermitteln. Hierbei ist auch der Anfangsbestand zu melden (Übertragungsinformation). Dabei kann einmalig gewählt werden, inwiefern die Nummerierung der Bestandseinträge des Kriegswaffenbuches fortgeführt oder anlässlich des neuen Meldeverfahrens neu begonnen wird. Das Bundesamt für Wirtschaft und Ausfuhrkontrolle kann durch Allgemeinverfügung, die im Bundesanzeiger bekannt zu machen ist, festlegen, wie die Übertragungsinformationen im Einzelnen ausgestaltet sein müssen.</P><P>(4) Wer zur Führung eines Kriegswaffenbuches verpflichtet ist, hat dem Bundesamt für Wirtschaft und Ausfuhrkontrolle unverzüglich elektronisch zu melden, wenn eine bereits gemeldete Eintragung im Kriegswaffenbuch berichtigt oder eine versäumte Eintragung oder Meldung nachgeholt wurde. Das Bundesamt für Wirtschaft und Ausfuhrkontrolle kann durch Allgemeinverfügung, die im Bundesanzeiger bekannt zu machen ist, festlegen, wie die Meldung im Falle einer anzeigepflichtigen Korrektur des Kriegswaffenbuches auszugestalten ist. Die Verlustmeldung nach § 12 Absatz 6 Satz 1 Nummer 3 des Gesetzes über die Kontrolle von Kriegswaffen ist elektronisch vorzunehmen.</P><P>(5) Das Bundesamt für Wirtschaft und Ausfuhrkontrolle kann auf Antrag die Übermittlung der meldepflichtigen Daten in Papierform genehmigen, wenn die elektronische Übertragung für den Antragsteller eine besondere, nicht zumutbare Belastung darstellen würde. Der Antrag ist innerhalb eines Monats nach dem ersten meldepflichtigen Ereignis unter Angabe von Gründen zu stellen.</P><P>(6) Wer zur Führung eines Kriegswaffenbuches verpflichtet ist, hat die Richtigkeit und Vollständigkeit der Meldungen zu prüfen, das Ergebnis der Prüfung zu vermerken und mit einer Unterschrift zu versehen. Das Dokument ist elektronisch dem Bundesamt für Wirtschaft und Ausfuhrkontrolle binnen der in Absatz 1 genannten Zeiträume zu übermitteln.</P></Content></text><fussnoten/></textdaten></norm>
<norm builddate="20200319212515" doknr="BJNR106490961BJNE001301377"><metadaten><jurabk>KrWaffKontrGDV 2</jurabk><enbez>§ 11</enbez><titel format="XML">Aufbewahrungsfristen</titel></metadaten><textdaten><text format="XML"><Content><P>(1) Der zur Führung eines Kriegswaffenbuches Verpflichtete hat das Kriegswaffenbuch so lange aufzubewahren, wie er die tatsächliche Gewalt über Kriegswaffen innehat, mindestens jedoch zehn Jahre vom Tag der zuletzt vorgenommenen Eintragung an gerechnet.</P><P>(2) Der Inhaber einer Genehmigung hat die Genehmigungsurkunde so lange aufzubewahren, wie er die tatsächliche Gewalt über die in der Urkunde genannten Kriegswaffen innehat, mindestens jedoch zehn Jahre vom Tag der Ausstellung an gerechnet. Ebenfalls aufzubewahren sind Unterlagen, die als Beleg für die Erfüllung von Nebenbestimmungen oder Auflagen zu der Genehmigung dienen.</P></Content></text><fussnoten/></textdaten></norm>
<norm builddate="20200319212515" doknr="BJNR106490961BJNE001402311"><metadaten><jurabk>KrWaffKontrGDV 2</jurabk><enbez>§ 12</enbez><titel format="parat">Nicht ausgenutzte Genehmigungen</titel></metadaten><textdaten><text format="XML"><Content><P>(1) Wird die genehmigte Handlung nicht oder nur teilweise ausgeführt, so hat der Inhaber der Genehmigung dies dem Bundesamt für Wirtschaft und Ausfuhrkontrolle (BAFA) spätestens zwei Wochen nach Ablauf einer in der Genehmigungsurkunde für die Ausführung der Handlung festgesetzten Frist mitzuteilen.</P><P>(2) Absatz 1 gilt nicht in den Fällen der Beförderung von Kriegswaffen außerhalb des Bundesgebietes mit deutschen Seeschiffen oder Luftfahrzeugen.</P></Content> </text><fussnoten/></textdaten></norm>
<norm builddate="20200319212515" doknr="BJNR106490961BJNE001501309"><metadaten><jurabk>KrWaffKontrGDV 2</jurabk><enbez>§ 13</enbez><titel format="parat">Kennzeichnungspflicht</titel></metadaten><textdaten><text format="XML"><Content><P>(1) Kriegswaffen, die im Bundesgebiet hergestellt, in das Bundesgebiet eingeführt oder sonst in das Bundesgebiet verbracht werden, müssen ein Zeichen des Herstellers oder des Einführers tragen. Das Zeichen ist an sichtbarer Stelle anzubringen und muß dauerhaft sein.</P><P>(2) Kriegswaffen, die im Bundesgebiet hergestellt, in das Bundesgebiet eingeführt oder sonst in das Bundesgebiet verbracht werden, ausgenommen Waffen der Nummern 9, 14, 15, 31, 40 bis 43 und 46 bis 50 der Kriegswaffenliste, sollen außerdem eine fortlaufende Herstellungsnummer tragen.</P></Content> </text><fussnoten/></textdaten></norm>
<norm builddate="20200319212515" doknr="BJNR106490961BJNE001602311"><metadaten><jurabk>KrWaffKontrGDV 2</jurabk><enbez>§ 14</enbez><titel format="parat">Gestellungs-, Anmelde- und Vorführungspflicht</titel></metadaten><textdaten><text format="XML"><Content><P>(1) Kriegswaffen sind, soweit sie nicht schon nach den Zollvorschriften zu gestellen sind, bei der Einfuhr, Ausfuhr und Durchfuhr den vom Bundesministerium der Finanzen bestimmen Zollstellen zu gestellen.</P><P>(2) Beim sonstigen Verbringen von Kriegswaffen in das Bundesgebiet oder aus dem Bundesgebiet sind die Kriegswaffen den für die Überwachung dieses Verkehrs zuständigen Zolldienststellen vorzuführen.</P></Content> </text><fussnoten/></textdaten></norm>
<norm builddate="20200319212515" doknr="BJNR106490961BJNE001700311"><metadaten><jurabk>KrWaffKontrGDV 2</jurabk><enbez>§ 15</enbez><titel format="parat">Inkrafttreten</titel></metadaten><textdaten><text format="XML"><Content><P>Diese Verordnung tritt am Tage nach ihrer Verkündung in Kraft.</P></Content></text></textdaten></norm>
</dokumente>