<?xml version="1.0" encoding="UTF-8" ?><!DOCTYPE dokumente SYSTEM "http://www.gesetze-im-internet.de/dtd/1.01/gii-norm.dtd">
<dokumente builddate="20120625152624" doknr="BJNR266020994"><norm builddate="20120625152624" doknr="BJNR266020994"><metadaten><jurabk>VollstrZustÜbk 1988</jurabk><ausfertigung-datum manuell="ja">1988-09-16</ausfertigung-datum><fundstelle typ="amtlich"><periodikum>BGBl II</periodikum><zitstelle>1994, 2660</zitstelle></fundstelle><langue>Übereinkommen über die gerichtliche Zuständigkeit und die Vollstreckung gerichtlicher Entscheidungen in Zivil- und Handelssachen geschlossen in Lugano am 16. September 1988</langue></metadaten><textdaten><text format="decorated"/><fussnoten><Content><P>G v. 30.9.1994 II 2658 <BR/>Inkraft gem. Bek. v. 8.2.1995 II 221 mWv 1.3.1995</P></Content></fussnoten></textdaten></norm>
</dokumente>