<?xml version="1.0" encoding="UTF-8" ?><!DOCTYPE dokumente SYSTEM "http://www.gesetze-im-internet.de/dtd/1.01/gii-norm.dtd">
<dokumente builddate="20130405130759" doknr="BJNR082800006"><norm builddate="20130405130759" doknr="BJNR082800006"><metadaten><jurabk>MarktFoFAngAusbV</jurabk><ausfertigung-datum manuell="ja">2006-04-06</ausfertigung-datum><fundstelle typ="amtlich"><periodikum>BGBl I</periodikum><zitstelle>2006, 828</zitstelle></fundstelle><langue>Verordnung über die Berufsausbildung zum Fachangestellten für
Markt- und Sozialforschung/zur Fachangestellten für Markt- und Sozialforschung</langue></metadaten><textdaten><text format="XML"><Content><P><noindex> Diese Rechtsverordnung ist eine Ausbildungsordnung im Sinne des § 4 des Berufsbildungsgesetzes. Die Ausbildungsordnung und der damit abgestimmte, von der Ständigen Konferenz der Kultusminister der Länder in der Bundesrepublik Deutschland beschlossene Rahmenlehrplan für die Berufsschule werden demnächst als Beilage zum Bundesanzeiger veröffentlicht. </noindex></P></Content></text><fussnoten><Content><P><BR/> <pre xml:space="preserve">(+++ Textnachweis ab: 1.8.2006 +++)<BR/><BR/></pre></P></Content></fussnoten></textdaten></norm>
<norm builddate="20130405130759" doknr="BJNR082800006BJNE000100000"><metadaten><jurabk>MarktFoFAngAusbV</jurabk><enbez>Eingangsformel</enbez></metadaten><textdaten><text format="XML"><Content><P>Auf Grund des § 4 Abs. 1 in Verbindung mit § 5 des Berufsbildungsgesetzes vom 23. März 2005 (BGBl. I S. 931) und mit § 1 des Zuständigkeitsanpassungsgesetzes vom 16. August 2002 (BGBl. I S. 3165) sowie dem Organisationserlass vom 22. November 2005 (BGBl. I S. 3197) verordnet das Bundesministerium für Wirtschaft und Technologie im Einvernehmen mit dem Bundesministerium für Bildung und Forschung:</P></Content></text></textdaten></norm>
<norm builddate="20130405130759" doknr="BJNR082800006BJNE000200000"><metadaten><jurabk>MarktFoFAngAusbV</jurabk><enbez>§ 1</enbez><titel format="parat">Staatliche Anerkennung des Ausbildungsberufes</titel></metadaten><textdaten><text format="XML"><Content><P>Der Ausbildungsberuf Fachangestellter für Markt- und Sozialforschung/Fachangestellte für Markt- und Sozialforschung wird staatlich anerkannt.</P></Content></text></textdaten></norm>
<norm builddate="20130405130759" doknr="BJNR082800006BJNE000300000"><metadaten><jurabk>MarktFoFAngAusbV</jurabk><enbez>§ 2</enbez><titel format="parat">Ausbildungsdauer</titel></metadaten><textdaten><text format="XML"><Content><P>Die Ausbildung dauert drei Jahre.</P></Content></text></textdaten></norm>
<norm builddate="20130405130759" doknr="BJNR082800006BJNE000400000"><metadaten><jurabk>MarktFoFAngAusbV</jurabk><enbez>§ 3</enbez><titel format="parat">Zielsetzung der Berufsausbildung</titel></metadaten><textdaten><text format="XML"><Content><P>Die in dieser Verordnung genannten Fertigkeiten, Kenntnisse und Fähigkeiten sollen so vermittelt werden, dass die Auszubildenden zur Ausübung einer qualifizierten beruflichen Tätigkeit im Sinne des § 1 Abs. 3 des Berufsbildungsgesetzes befähigt werden, die insbesondere selbstständiges Planen, Durchführen und Kontrollieren einschließt. Diese Befähigung ist auch in den Prüfungen nach den §§ 8 und 9 nachzuweisen.</P></Content></text></textdaten></norm>
<norm builddate="20130405130759" doknr="BJNR082800006BJNE000500000"><metadaten><jurabk>MarktFoFAngAusbV</jurabk><enbez>§ 4</enbez><titel format="parat">Ausbildungsberufsbild</titel></metadaten><textdaten><text format="XML"><Content><P>Gegenstand der Berufsausbildung sind mindestens die folgenden Fertigkeiten, Kenntnisse und Fähigkeiten: <DL Font="normal" Type="arabic"><DT>1.</DT><DD Font="normal"><LA Size="normal">Der Ausbildungsbetrieb:</LA></DD> <DT>1.1</DT><DD Font="normal"><LA Size="normal">Stellung, Rechtsform und Struktur des Ausbildungsbetriebes,</LA></DD> <DT>1.2</DT><DD Font="normal"><LA Size="normal">Berufsbildung, arbeits-, sozial- und tarifrechtliche Grundlagen,</LA></DD> <DT>1.3</DT><DD Font="normal"><LA Size="normal">Sicherheit und Gesundheitsschutz bei der Arbeit,</LA></DD> <DT>1.4</DT><DD Font="normal"><LA Size="normal">Umweltschutz;</LA></DD> <DT>2.</DT><DD Font="normal"><LA Size="normal">Arbeitsorganisation, Informations- und Kommunikationssysteme:</LA></DD> <DT>2.1</DT><DD Font="normal"><LA Size="normal">Arbeitsorganisation,</LA></DD> <DT>2.2</DT><DD Font="normal"><LA Size="normal">Informations- und Kommunikationssysteme,</LA></DD> <DT>2.3</DT><DD Font="normal"><LA Size="normal">Datenschutz und Datensicherheit,</LA></DD> <DT>2.4</DT><DD Font="normal"><LA Size="normal">Berufsbezogene Rechtsanwendung;</LA></DD> <DT>3.</DT><DD Font="normal"><LA Size="normal">Kommunikation und Kooperation:</LA></DD> <DT>3.1</DT><DD Font="normal"><LA Size="normal">Kundenorientierte Kommunikation, Teamarbeit und Kooperation,</LA></DD> <DT>3.2</DT><DD Font="normal"><LA Size="normal">Anwenden einer Fremdsprache bei Fachaufgaben;</LA></DD> <DT>4.</DT><DD Font="normal"><LA Size="normal">Aufgaben, Funktionen und Anwendungen der Markt- und Sozialforschung;</LA></DD> <DT>5.</DT><DD Font="normal"><LA Size="normal">Projektvorbereitung:</LA></DD> <DT>5.1</DT><DD Font="normal"><LA Size="normal">Informationsbeschaffung und -aufbereitung,</LA></DD> <DT>5.2</DT><DD Font="normal"><LA Size="normal">Planung und Organisation;</LA></DD> <DT>6.</DT><DD Font="normal"><LA Size="normal">Projektdurchführung:</LA></DD> <DT>6.1</DT><DD Font="normal"><LA Size="normal">Prozessbegleitung,</LA></DD> <DT>6.2</DT><DD Font="normal"><LA Size="normal">Datenerfassung, Codierung,</LA></DD> <DT>6.3</DT><DD Font="normal"><LA Size="normal">Datenprüfung, Gewichtung,</LA></DD> <DT>6.4</DT><DD Font="normal"><LA Size="normal">Datenauswertung,</LA></DD> <DT>6.5</DT><DD Font="normal"><LA Size="normal">Aufbereitung, Präsentation, Ergebnisbericht;</LA></DD> <DT>7.</DT><DD Font="normal"><LA Size="normal">Projektnachbereitung:</LA></DD> <DT>7.1</DT><DD Font="normal"><LA Size="normal">Dokumentation,</LA></DD> <DT>7.2</DT><DD Font="normal"><LA Size="normal">Projektabrechnung.</LA></DD> </DL></P></Content></text></textdaten></norm>
<norm builddate="20130405130759" doknr="BJNR082800006BJNE000600000"><metadaten><jurabk>MarktFoFAngAusbV</jurabk><enbez>§ 5</enbez><titel format="XML">Ausbildungsrahmenplan</titel></metadaten><textdaten><text format="XML"><Content><P>Die in § 4 genannten Fertigkeiten, Kenntnisse und Fähigkeiten (Ausbildungsberufsbild) sollen nach den in den Anlagen 1 und 2 enthaltenen Anleitungen zur sachlichen und zeitlichen Gliederung der Berufsausbildung (Ausbildungsrahmenplan) vermittelt werden. Eine von dem Ausbildungsrahmenplan abweichende sachliche und zeitliche Gliederung des Ausbildungsinhaltes ist insbesondere zulässig, soweit betriebspraktische Besonderheiten die Abweichung erfordern.</P></Content></text></textdaten></norm>
<norm builddate="20130405130759" doknr="BJNR082800006BJNE000700000"><metadaten><jurabk>MarktFoFAngAusbV</jurabk><enbez>§ 6</enbez><titel format="XML">Ausbildungsplan</titel></metadaten><textdaten><text format="XML"><Content><P>Die Ausbildenden haben unter Zugrundelegung des Ausbildungsrahmenplans für die Auszubildenden einen Ausbildungsplan zu erstellen.</P></Content></text></textdaten></norm>
<norm builddate="20130405130759" doknr="BJNR082800006BJNE000800000"><metadaten><jurabk>MarktFoFAngAusbV</jurabk><enbez>§ 7</enbez><titel format="parat">Schriftlicher Ausbildungsnachweis</titel></metadaten><textdaten><text format="XML"><Content><P>Die Auszubildenden haben einen schriftlichen Ausbildungsnachweis zu führen. Ihnen ist Gelegenheit zu geben, den schriftlichen Ausbildungsnachweis während der Ausbildungszeit zu führen. Die Ausbildenden haben den schriftlichen Ausbildungsnachweis regelmäßig durchzusehen.</P></Content></text></textdaten></norm>
<norm builddate="20130405130759" doknr="BJNR082800006BJNE000900000"><metadaten><jurabk>MarktFoFAngAusbV</jurabk><enbez>§ 8</enbez><titel format="parat">Zwischenprüfung</titel></metadaten><textdaten><text format="XML"><Content><P>(1) Zur Ermittlung des Ausbildungsstandes ist eine Zwischenprüfung durchzuführen. Sie soll in der Mitte des zweiten Ausbildungsjahres stattfinden.</P><P>(2) Die Zwischenprüfung erstreckt sich auf die in den Anlagen 1 und 2 für das erste Ausbildungsjahr aufgeführten Fertigkeiten, Kenntnisse und Fähigkeiten sowie auf den im Berufsschulunterricht zu vermittelnden Lehrstoff, soweit er für die Berufsausbildung wesentlich ist.</P><P>(3) Die Zwischenprüfung ist schriftlich in höchstens 120 Minuten durchzuführen. Der Prüfling soll dabei praxisbezogene Aufgaben oder Fälle aus folgenden Gebieten bearbeiten: <DL Font="normal" Type="arabic"><DT>1.</DT><DD Font="normal"><LA Size="normal">Anwendungsbereiche der Markt- und Sozialforschung,</LA></DD> <DT>2.</DT><DD Font="normal"><LA Size="normal">Organisation, datenschutzrechtliche Rahmenbedingungen,</LA></DD> <DT>3.</DT><DD Font="normal"><LA Size="normal">Sekundärstatistiken und Sekundärquellen,</LA></DD> <DT>4.</DT><DD Font="normal"><LA Size="normal">Wirtschafts- und Sozialkunde.</LA></DD> </DL></P></Content>  </text></textdaten></norm>
<norm builddate="20130405130759" doknr="BJNR082800006BJNE001000000"><metadaten><jurabk>MarktFoFAngAusbV</jurabk><enbez>§ 9</enbez><titel format="parat">Abschlussprüfung</titel></metadaten><textdaten><text format="XML"><Content><P>(1) Die Abschlussprüfung erstreckt sich auf die in der Anlage 1 aufgeführten Fertigkeiten, Kenntnisse und Fähigkeiten sowie auf den im Berufsschulunterricht zu vermittelnden Lehrstoff, soweit er für die Berufsausbildung wesentlich ist.</P><P>(2) Die Abschlussprüfung besteht aus vier Prüfungsbereichen: <DL Font="normal" Type="arabic"><DT>1.</DT><DD Font="normal"><LA Size="normal">Aufgaben, Funktionen und Methoden der Markt- und Sozialforschung,</LA></DD> <DT>2.</DT><DD Font="normal"><LA Size="normal">Markt- und Sozialforschungsprojekte,</LA></DD> <DT>3.</DT><DD Font="normal"><LA Size="normal">Wirtschafts- und Sozialkunde,</LA></DD> <DT>4.</DT><DD Font="normal"><LA Size="normal">Fallbezogenes Fachgespräch.</LA></DD> </DL>Die Prüfung ist in den Prüfungsbereichen nach den Nummern 1 bis 3 schriftlich und im Prüfungsbereich nach Nummer 4 mündlich durchzuführen.</P><P>(3) Die Anforderungen in den Prüfungsbereichen sind: <DL Font="normal" Type="arabic"><DT>1.</DT><DD Font="normal"><LA Size="normal">im Prüfungsbereich Aufgaben, Funktionen und Methoden der Markt- und Sozialforschung:</LA><LA Size="normal">In höchstens 120 Minuten soll der Prüfling praxisbezogene Aufgaben oder Fälle insbesondere aus den Gebieten<DL Font="normal" Type="arabic"><DT>a)</DT><DD Font="normal"><LA Size="normal">Markt- und Sozialforschung in der Gesellschaft,</LA></DD> <DT>b)</DT><DD Font="normal"><LA Size="normal">Methodische Grundlagen der Markt- und Sozialforschung,</LA></DD> <DT>c)</DT><DD Font="normal"><LA Size="normal">Rechtliche Rahmenbedingungen</LA></DD> </DL></LA><LA Size="normal">bearbeiten und dabei zeigen, dass er die Markt- und Sozialforschung in den gesamtgesellschaftlichen Zusammenhang einordnen, Anwendungsbereiche, Methoden, Erhebungstechniken und Untersuchungstypen unterscheiden, ihren Einsatz begründen sowie rechtliche und branchenspezifische Regelungen berücksichtigen kann;</LA></DD>   <DT>2.</DT><DD Font="normal"><LA Size="normal">im Prüfungsbereich Markt- und Sozialforschungsprojekte:</LA><LA Size="normal">In höchstens 150 Minuten soll der Prüfling praxisbezogene Aufgaben oder Fälle insbesondere aus den Gebieten<DL Font="normal" Type="arabic"><DT>a)</DT><DD Font="normal"><LA Size="normal">Projektorganisation,</LA></DD> <DT>b)</DT><DD Font="normal"><LA Size="normal">Projektabwicklung</LA></DD> </DL></LA><LA Size="normal">bearbeiten und dabei zeigen, dass er Arbeitsaufträge analysieren, Informationen aus Sekundärquellen auswählen, Projektabläufe organisieren, koordinieren und kontrollieren, Projektvorgaben umsetzen, Daten verarbeiten, auswerten und aufbereiten sowie Aufgaben der Steuerung und Dokumentation eines Projektes durchführen kann;</LA></DD>   <DT>3.</DT><DD Font="normal"><LA Size="normal">im Prüfungsbereich Wirtschafts- und Sozialkunde:</LA><LA Size="normal">In höchstens 60 Minuten soll der Prüfling praxisbezogene Aufgaben oder Fälle schriftlich bearbeiten und dabei zeigen, dass er allgemeine wirtschaftliche und gesellschaftliche Zusammenhänge der Berufs- und Arbeitswelt darstellen und beurteilen kann;</LA></DD>  <DT>4.</DT><DD Font="normal"><LA Size="normal">im Prüfungsbereich Fallbezogenes Fachgespräch:</LA><LA Size="normal">Im Rahmen eines Fachgespräches soll der Prüfling anhand einer von zwei ihm zur Wahl gestellten praxisbezogenen Aufgaben der Projektbegleitung nachweisen, dass er auftragsbezogene Zielstellungen erkennen, seine Aufgabenstellungen im Gesamtablauf eines Projektes darstellen und begründen sowie sachgerecht und situationsbezogen kommunizieren kann. Bei der Aufgabenstellung ist ein Forschungsschwerpunkt des Ausbildungsbetriebes zu berücksichtigen. Dem Prüfling ist für die von ihm gewählte Aufgabe eine Vorbereitungszeit von höchstens 15 Minuten zu gewähren. Das Fachgespräch soll die Dauer von 20 Minuten nicht überschreiten.</LA></DD>  </DL> </P><P>(4) Sind die Prüfungsleistungen in bis zu zwei schriftlichen Prüfungsbereichen mit &quot;mangelhaft&quot; und in den weiteren schriftlichen Prüfungsbereichen mit mindestens &quot;ausreichend&quot; bewertet worden, so ist auf Antrag des Prüflings oder nach Ermessen des Prüfungsausschusses in einem der mit &quot;mangelhaft&quot; bewerteten Prüfungsbereiche die schriftliche Prüfung durch eine mündliche Prüfung von etwa 15 Minuten zu ergänzen, wenn dies für das Bestehen der Prüfung den Ausschlag geben kann. Der Prüfungsbereich ist vom Prüfling zu bestimmen. Bei der Ermittlung des Ergebnisses für diesen Prüfungsbereich sind die Ergebnisse der schriftlichen Arbeit und das Ergebnis der mündlichen Ergänzungsprüfung im Verhältnis 2 : 1 zu gewichten.</P><P>(5) Bei der Ermittlung des Gesamtergebnisses hat der Prüfungsbereich Markt- und Sozialforschungsprojekte gegenüber jedem anderen Prüfungsbereich das doppelte Gewicht.</P><P>(6) Zum Bestehen der Abschlussprüfung müssen im Gesamtergebnis, im Prüfungsbereich Markt- und Sozialforschungsprojekte und in mindestens zwei weiteren der in Absatz 2 Nr. 1 bis 4 genannten Prüfungsbereiche mindestens ausreichende Prüfungsleistungen erbracht werden. Werden die Prüfungsleistungen in einem Prüfungsbereich mit &quot;ungenügend&quot; bewertet, ist die Prüfung nicht bestanden.</P></Content>    </text></textdaten></norm>
<norm builddate="20130405130759" doknr="BJNR082800006BJNE001100000"><metadaten><jurabk>MarktFoFAngAusbV</jurabk><enbez>§ 10</enbez><titel format="parat">Inkrafttreten</titel></metadaten><textdaten><text format="XML"><Content><P>Diese Verordnung tritt am 1. August 2006 in Kraft.</P></Content></text></textdaten></norm>
<norm builddate="20130405130759" doknr="BJNR082800006BJNE001200000"><metadaten><jurabk>MarktFoFAngAusbV</jurabk><enbez>Anlage 1</enbez><titel format="XML">(zu § 5)<BR/>Ausbildungsrahmenplan für die Berufsausbildung zum Fachangestellten für Markt- und Sozialforschung/zur Fachangestellten für Markt- und Sozialforschung<BR/>- Sachliche Gliederung -</titel></metadaten><textdaten><text format="XML"><Content><P><ABWFORMAT typ="A"/><kommentar typ="Fundstelle">(Fundstelle: BGBl. I 2006, 831 - 834)</kommentar><BR/><table frame="all"><tgroup cols="3" colsep="1" rowsep="1"><colspec align="center" colname="col1" colnum="1" colwidth="50"/><colspec colname="col2" colnum="2" colwidth="150"/><colspec colname="col3" colnum="3" colwidth="350"/><tbody valign="top"><row><entry align="left">Lfd. Nr.</entry><entry>Teil des Ausbildungsberufsbildes</entry><entry>Zu vermittelnde Fertigkeiten, Kenntnisse und Fähigkeiten</entry></row><row><entry>1</entry><entry align="center">2</entry><entry align="center">3</entry></row><row><entry>1</entry><entry>Der Ausbildungsbetrieb<BR/>(§ 4 Nr. 1)</entry><entry> </entry></row><row><entry>1.1</entry><entry>Stellung, Rechtsform und Struktur des Ausbildungsbetriebes<BR/>(§ 4 Nr. 1.1)</entry><entry><DL><DT>a)</DT><DD><LA>Geschäftsfelder des Ausbildungsbetriebes und seine Stellung am Markt beschreiben</LA></DD><DT>b)</DT><DD><LA>Aufbau- und Ablauforganisation sowie Zuständigkeiten im Ausbildungsbetrieb erläutern</LA></DD><DT>c)</DT><DD><LA>Rechtsform des Ausbildungsbetriebes erläutern</LA></DD><DT>d)</DT><DD><LA>Zusammenarbeit des Ausbildungsbetriebes mit Wirtschaftsorganisationen, Behörden, Verbänden und Gewerkschaften beschreiben</LA></DD></DL></entry></row><row><entry>1.2</entry><entry>Berufsbildung, arbeits-, sozial- und tarifrechtliche Grundlagen<BR/>(§ 4 Nr. 1.2)</entry><entry><DL><DT>a)</DT><DD><LA>Rechte und Pflichten aus dem Ausbildungsvertrag feststellen und die Aufgaben der Beteiligten im dualen System beschreiben</LA></DD><DT>b)</DT><DD><LA>den betrieblichen Ausbildungsplan mit der Ausbildungsordnung vergleichen und zu seiner Umsetzung beitragen</LA></DD><DT>c)</DT><DD><LA>Positionen der eigenen Entgeltabrechnung erklären</LA></DD><DT>d)</DT><DD><LA>arbeits-, sozial- und mitbestimmungsrechtliche Vorschriften sowie die für den Ausbildungsbetrieb geltenden tariflichen Regelungen beachten</LA></DD><DT>e)</DT><DD><LA>wesentliche Inhalte und Bestandteile eines Arbeitsvertrages darstellen</LA></DD><DT>f)</DT><DD><LA>den Nutzen der betrieblichen und außerbetrieblichen Fort- und Weiterbildungsmöglichkeiten für die berufliche und persönliche Entwicklung sowie für den Betrieb aufzeigen</LA></DD></DL></entry></row><row><entry>1.3</entry><entry>Sicherheit und Gesundheitsschutz bei der Arbeit<BR/>(§ 4 Nr. 1.3)</entry><entry><DL><DT>a)</DT><DD><LA>Gefährdung von Sicherheit und Gesundheit am Arbeitsplatz feststellen und Maßnahmen zu Ihrer Vermeidung ergreifen</LA></DD><DT>b)</DT><DD><LA>berufsbezogene Arbeitsschutz- und Unfallverhütungsvorschriften anwenden</LA></DD><DT>c)</DT><DD><LA>Verhaltensweisen bei Unfällen beschreiben sowie erste Maßnahmen einleiten</LA></DD><DT>d)</DT><DD><LA>Vorschriften des vorbeugenden Brandschutzes anwenden, Verhaltensweisen bei Bränden beschreiben und Maßnahmen zur Brandbekämpfung ergreifen</LA></DD></DL></entry></row><row><entry>1.4</entry><entry>Umweltschutz<BR/>(§ 4 Nr. 1.4)</entry><entry>Zur Vermeidung betriebsbedingter Umweltbelastungen im beruflichen Einwirkungsbereich beitragen, insbesondere<DL><DT>a)</DT><DD><LA>mögliche Umweltbelastungen durch den Ausbildungsbetrieb und seinen Beitrag zum Umweltschutz an Beispielen erklären</LA></DD><DT>b)</DT><DD><LA>für den Ausbildungsbetrieb geltende Regelungen des Umweltschutzes anwenden</LA></DD><DT>c)</DT><DD><LA>Möglichkeiten der wirtschaftlichen und umweltschonenden Energie- und Materialverwendung nutzen</LA></DD><DT>d)</DT><DD><LA>Abfälle vermeiden; Stoffe und Materialien einer umweltschonenden Entsorgung zuführen</LA></DD></DL></entry></row><row><entry>2</entry><entry>Arbeitsorganisation, Informations- und Kommunikationssysteme<BR/>(§ 4 Nr. 2)</entry><entry> </entry></row><row><entry>2.1</entry><entry>Arbeitsorganisation<BR/>(§ 4 Nr. 2.1)</entry><entry><DL><DT>a)</DT><DD><LA>die eigene Arbeit inhaltlich und zeitlich strukturieren, Arbeitstechniken aufgabenorientiert einsetzen</LA></DD><DT>b)</DT><DD><LA>Arbeitsaufträge erfassen, Arbeitsschritte mit den Beteiligten abstimmen, Termine koordinieren</LA></DD><DT>c)</DT><DD><LA>betriebliche Arbeits- und Organisationsmittel aufgabenorientiert einsetzen, Informationsquellen nutzen</LA></DD><DT>d)</DT><DD><LA>Informationsflüsse und Entscheidungsprozesse bei der Leistungserstellung berücksichtigen</LA></DD><DT>e)</DT><DD><LA>zur Verbesserung der Arbeitsorganisation und der Arbeitsplatzgestaltung beitragen</LA></DD><DT>f)</DT><DD><LA>qualitätssichernde Maßnahmen im eigenen Arbeitsbereich durchführen</LA></DD></DL></entry></row><row><entry>2.2</entry><entry>Informations- und Kommunikationssysteme<BR/>(§ 4 Nr. 2.2)</entry><entry><DL><DT>a)</DT><DD><LA>Betriebssysteme und Standardsoftware anwenden</LA></DD><DT>b)</DT><DD><LA>branchenbezogene Standardsoftware und betriebsspezifische Software anwenden</LA></DD><DT>c)</DT><DD><LA>Daten erfassen, sichern, pflegen und aufbereiten</LA></DD><DT>d)</DT><DD><LA>Auswirkungen des Einsatzes von Informations- und Kommunikationssystemen auf Arbeitsanforderungen und Arbeitsabläufe beachten</LA></DD></DL></entry></row><row><entry>2.3</entry><entry>Datenschutz und Datensicherheit<BR/>(§ 4 Nr. 2.3)</entry><entry><DL><DT>a)</DT><DD><LA>rechtliche und betriebliche Regelungen sowie Standesregeln zum Datenschutz anwenden</LA></DD><DT>b)</DT><DD><LA>Vorgaben zur Datensicherheit, Datensicherung und Archivierung beim Umgang mit Daten beachten</LA></DD></DL></entry></row><row><entry>2.4</entry><entry>Berufsbezogene Rechtsanwendung<BR/>(§ 4 Nr. 2.4)</entry><entry><DL><DT>a)</DT><DD><LA>wettbewerbsrechtliche und im Betrieb relevante medienrechtliche Regelungen anwenden</LA></DD><DT>b)</DT><DD><LA>forschungsfeldbezogene Selbstverpflichtungen, Codizes und berufsbezogene Standesregeln berücksichtigen</LA></DD><DT>c)</DT><DD><LA>rechtliche Grenzen der Leistungserbringung in der Markt- und Sozialforschung darstellen</LA></DD></DL></entry></row><row><entry>3</entry><entry>Kommunikation und Kooperation<BR/>(§ 4 Nr. 3)</entry><entry> </entry></row><row><entry>3.1</entry><entry>Kundenorientierte Kommunikation, Teamarbeit und Kooperation<BR/>(§ 4 Nr. 3.1)</entry><entry><DL><DT>a)</DT><DD><LA>die eigene Rolle als Dienstleister berücksichtigen</LA></DD><DT>b)</DT><DD><LA>kundenorientiert handeln und kommunizieren</LA></DD><DT>c)</DT><DD><LA>Gespräche situationsgerecht und personenorientiert planen, durchführen und nachbereiten</LA></DD><DT>d)</DT><DD><LA>verbale und nichtverbale Kommunikationsformen anwenden</LA></DD><DT>e)</DT><DD><LA>zur Vermeidung von Kommunikationsstörungen beitragen und Möglichkeiten der Konfliktlösung anwenden</LA></DD><DT>f)</DT><DD><LA>Zusammenarbeit aktiv gestalten und Aufgaben teamorientiert durchführen</LA></DD></DL></entry></row><row><entry>3.2</entry><entry>Anwenden einer Fremdsprache bei Fachaufgaben<BR/>(§ 4 Nr. 3.2)</entry><entry><DL><DT>a)</DT><DD><LA>fremdsprachige Fachbegriffe anwenden</LA></DD><DT>b)</DT><DD><LA>fremdsprachige Informationsquellen nutzen</LA></DD><DT>c)</DT><DD><LA>Auskünfte in einer Fremdsprache erteilen und einholen</LA></DD></DL></entry></row><row><entry>4</entry><entry>Aufgaben, Funktionen und Anwendungen der Markt- und Sozialforschung<BR/>(§ 4 Nr. 4)</entry><entry><DL><DT>a)</DT><DD><LA>Markt- und Sozialforschung in betriebliche Prozesse und gesamtgesellschaftliche Zusammenhänge einordnen sowie Anwendungsgebiete definieren</LA></DD><DT>b)</DT><DD><LA>Markt- und Sozialforschung von forschungsfremden Tätigkeiten im Rahmen von Werbung, Direktmarketing, Verkaufsförderung und Öffentlichkeitsarbeit abgrenzen und bei der Aufgabenerledigung berücksichtigen</LA></DD><DT>c)</DT><DD><LA>Methoden, Erhebungstechniken und Untersuchungstypen der qualitativen und quantitativen Primärforschung sowie der Sekundärforschung unterscheiden und ihren Einsatz begründen</LA></DD></DL></entry></row><row><entry>5</entry><entry>Projektvorbereitung<BR/>(§ 4 Nr. 5)</entry><entry> </entry></row><row><entry>5.1</entry><entry>Informationsbeschaffung und -aufbereitung<BR/>(§ 4 Nr. 5.1)</entry><entry><DL><DT>a)</DT><DD><LA>Daten sekundärer Informationsquellen ziel- und sachgerecht auswählen, auswerten und Ergebnisse aufbereiten</LA></DD><DT>b)</DT><DD><LA>vorhandene Untersuchungen, Untersuchungsfragen, Fragebögen und Leitfäden zum Untersuchungsgegenstand beschaffen und auf Verwertbarkeit prüfen</LA></DD><DT>c)</DT><DD><LA>Quellen für Stichprobenziehungen festlegen</LA></DD></DL></entry></row><row><entry>5.2</entry><entry>Planung und Organisation<BR/>(§ 4 Nr. 5.2)</entry><entry><DL><DT>a)</DT><DD><LA>Methoden, Erhebungstechniken und Untersuchungstypen auf Eignung prüfen</LA></DD><DT>b)</DT><DD><LA>Auswahl, Schulung und Einsatz von Interviewern oder Moderatoren vorbereiten</LA></DD><DT>c)</DT><DD><LA>Fragebögen und Gesprächsleitfäden auf Mängel prüfen</LA></DD><DT>d)</DT><DD><LA>Fragebögen und Gesprächsleitfäden gestalten</LA></DD><DT>e)</DT><DD><LA>Kapazitäten, Zeitbedarf und Termine planen, Projektablaufplan erstellen und abstimmen</LA></DD><DT>f)</DT><DD><LA>Informationen für die Kalkulation von Projekten einholen</LA></DD><DT>g)</DT><DD><LA>Verfahren der Stichprobenziehung unterscheiden, insbesondere unter Berücksichtigung von Stichprobengröße, Proportionalität sowie Ziehungs- und Auswahlverfahren</LA></DD><DT>h)</DT><DD><LA>Stichprobenziehungen gemäß festgelegter Parameter veranlassen und kontrollieren</LA></DD><DT>i)</DT><DD><LA>Einsatz externer Dienstleister auf vertraglicher Grundlage koordinieren</LA></DD><DT>j)</DT><DD><LA>Probeinterviews vorbereiten, durchführen und Schlussfolgerungen für die Erhebung ziehen</LA></DD><DT>k)</DT><DD><LA>Erhebungsunterlagen erstellen und auf Richtigkeit und Vollständigkeit prüfen</LA></DD></DL></entry></row><row><entry>6</entry><entry>Projektdurchführung<BR/>(§ 4 Nr. 6)</entry><entry> </entry></row><row><entry>6.1</entry><entry>Prozessbegleitung<BR/>(§ 4 Nr. 6.1)</entry><entry><DL><DT>a)</DT><DD><LA>Umsetzung des Projektablaufplans koordinieren</LA></DD><DT>b)</DT><DD><LA>Prozessschritte eines Projektes unter Berücksichtigung vor- und nachgelagerter Projektphasen durchführen</LA></DD><DT>c)</DT><DD><LA>Projektfortschritt kontrollieren und bei Abweichungen Maßnahmen ergreifen</LA></DD></DL></entry></row><row><entry>6.2</entry><entry>Datenerfassung, Codierung<BR/>(§ 4 Nr. 6.2)</entry><entry><DL><DT>a)</DT><DD><LA>Codeplan erstellen</LA></DD><DT>b)</DT><DD><LA>offene und teiloffene Fragen codieren</LA></DD><DT>c)</DT><DD><LA>wörtliche Nennungen transkribieren, klassifizieren und auswerten</LA></DD><DT>d)</DT><DD><LA>Projektdaten für die Erfassung vorbereiten, Projektdaten bearbeiten</LA></DD></DL></entry></row><row><entry>6.3</entry><entry>Datenprüfung, Gewichtung<BR/>(§ 4 Nr. 6.3)</entry><entry><DL><DT>a)</DT><DD><LA>Plausibilitätsprüfungen durchführen</LA></DD><DT>b)</DT><DD><LA>Implausibilitäten listen und bearbeiten</LA></DD><DT>c)</DT><DD><LA>Informationen zur Festlegung von Gewichtungsmerkmalen und Gewichtungsmatrix beschaffen</LA></DD></DL></entry></row><row><entry>6.4</entry><entry>Datenauswertung<BR/>(§ 4 Nr. 6.4)</entry><entry><DL><DT>a)</DT><DD><LA>Datensätze nach vorgegebenen Spezifikationen und Formaten erstellen</LA></DD><DT>b)</DT><DD><LA>Tabelleninhalt und -layout festlegen, Tabellen erstellen</LA></DD><DT>c)</DT><DD><LA>Tabellen kontrollieren und Korrekturen veranlassen</LA></DD><DT>d)</DT><DD><LA>Verfahren der beschreibenden Statistik anwenden</LA></DD><DT>e)</DT><DD><LA>Einsatzfelder der Verfahren der schließenden Statistik unterscheiden</LA></DD><DT>f)</DT><DD><LA>betriebliche Analyseverfahren von Gruppendiskussionen und Einzelexplorationen anwenden</LA></DD></DL></entry></row><row><entry>6.5</entry><entry>Aufbereitung, Präsentation, Ergebnisbericht<BR/>(§ 4 Nr. 6.5)</entry><entry><DL><DT>a)</DT><DD><LA>Analyseergebnisse aufbereiten und in Form von Tabellen, Grafiken sowie in Textform darstellen</LA></DD><DT>b)</DT><DD><LA>Präsentationsunterlagen zielgruppengerecht auswählen, prüfen und zusammenstellen</LA></DD><DT>c)</DT><DD><LA>ausgewählte Ergebnisse zur Vorbereitung von Präsentationen und Ergebnisberichten grafisch darstellen</LA></DD><DT>d)</DT><DD><LA>Präsentationstermine abstimmen, Präsentationen organisatorisch vorbereiten und die Durchführung unterstützen</LA></DD></DL></entry></row><row><entry>7</entry><entry>Projektnachbereitung<BR/>(§ 4 Nr. 7)</entry><entry> </entry></row><row><entry>7.1</entry><entry>Dokumentation<BR/>(§ 4 Nr. 7.1)</entry><entry><DL><DT>a)</DT><DD><LA>Projektdetails in Projektdatenbanken dokumentieren</LA></DD><DT>b)</DT><DD><LA>Projektunterlagen nach betrieblichen Archivierungsrichtlinien sowie gesetzlich vorgeschriebenen Aufbewahrungsfristen archivieren</LA></DD><DT>c)</DT><DD><LA>Projektergebnisse für die interne und externe Verwertung aufbereiten</LA></DD></DL></entry></row><row><entry>7.2</entry><entry>Projektabrechnung<BR/>(§ 4 Nr. 7.2)</entry><entry><DL><DT>a)</DT><DD><LA>Aufbau und Struktur der betrieblichen Kosten- und Leistungsrechnung erläutern</LA></DD><DT>b)</DT><DD><LA>Rechnungen externer Dienstleister prüfen</LA></DD><DT>c)</DT><DD><LA>Soll-Ist-Vergleich der Projektabrechnungen durchführen</LA></DD></DL></entry></row></tbody></tgroup></table></P></Content></text></textdaten></norm>
<norm builddate="20130405130759" doknr="BJNR082800006BJNE001300000"><metadaten><jurabk>MarktFoFAngAusbV</jurabk><enbez>Anlage 2</enbez><titel format="XML">(zu § 5)<BR/>Ausbildungsrahmenplan für die Berufsausbildung zum Fachangestellten für Markt- und Sozialforschung/zur Fachangestellten für Markt- und Sozialforschung<BR/>- Zeitliche Gliederung -</titel></metadaten><textdaten><text format="XML"><Content><P><ABWFORMAT typ="A"/><kommentar typ="Fundstelle">Fundstelle des Originaltextes: BGBl. I 2006, 835 - 836</kommentar></P><P><B>Erstes Ausbildungsjahr</B><BR/>(1) In einem Zeitraum von insgesamt ein bis drei Monaten sind schwerpunktmäßig die Fertigkeiten, Kenntnisse und Fähigkeiten der Berufsbildpositionen <DL Font="normal" Type="arabic"><DT>1.1</DT><DD Font="normal"><LA Size="normal">Stellung, Rechtsform und Struktur des Ausbildungsbetriebes, Lernziele a und b,</LA></DD><DT>1.2</DT><DD Font="normal"><LA Size="normal">Berufsbildung, arbeits-, sozial- und tarifrechtliche Grundlagen, Lernziele a bis d,</LA></DD><DT>1.3</DT><DD Font="normal"><LA Size="normal">Sicherheit und Gesundheitsschutz bei der Arbeit,</LA></DD><DT>1.4</DT><DD Font="normal"><LA Size="normal">Umweltschutz,</LA></DD><DT>2.2</DT><DD Font="normal"><LA Size="normal">Informations- und Kommunikationssysteme, Lernziel a,</LA></DD></DL>zu vermitteln.</P><P>(2) In einem Zeitraum von insgesamt vier bis fünf Monaten sind schwerpunktmäßig die Fertigkeiten, Kenntnisse und Fähigkeiten der Berufsbildpositionen <DL Font="normal" Type="arabic"><DT>1.1</DT><DD Font="normal"><LA Size="normal">Stellung, Rechtsform und Struktur des Ausbildungsbetriebes, Lernziele c und d,</LA></DD><DT>2.2</DT><DD Font="normal"><LA Size="normal">Informations- und Kommunikationssysteme, Lernziel c,</LA></DD><DT>2.3</DT><DD Font="normal"><LA Size="normal">Datenschutz und Datensicherheit,</LA></DD><DT>2.4</DT><DD Font="normal"><LA Size="normal">Berufsbezogene Rechtsanwendung, Lernziel b,</LA></DD><DT>4.</DT><DD Font="normal"><LA Size="normal">Aufgaben, Funktionen und Anwendungen der Markt- und Sozialforschung, Lernziel a,</LA></DD><DT>5.1</DT><DD Font="normal"><LA Size="normal">Informationsbeschaffung und -aufbereitung, Lernziele a und b,</LA></DD><DT>6.4</DT><DD Font="normal"><LA Size="normal">Datenauswertung, Lernziel c,</LA></DD><DT>6.5</DT><DD Font="normal"><LA Size="normal">Aufbereitung, Präsentation, Ergebnisbericht, Lernziel d,</LA></DD></DL>zu vermitteln.</P><P>(3) In einem Zeitraum von insgesamt fünf bis sechs Monaten sind schwerpunktmäßig die Fertigkeiten, Kenntnisse und Fähigkeiten der Berufsbildpositionen <DL Font="normal" Type="arabic"><DT>2.1</DT><DD Font="normal"><LA Size="normal">Arbeitsorganisation, Lernziele a bis d,</LA></DD><DT>3.1</DT><DD Font="normal"><LA Size="normal">Kundenorientierte Kommunikation, Teamarbeit und Kooperation, Lernziele a, c und d,</LA></DD><DT>3.2</DT><DD Font="normal"><LA Size="normal">Anwenden einer Fremdsprache bei Fachaufgaben, Lernziel a,</LA></DD><DT>4.</DT><DD Font="normal"><LA Size="normal">Aufgaben, Funktionen und Anwendungen der Markt- und Sozialforschung, Lernziele b und c,</LA></DD><DT>7.1</DT><DD Font="normal"><LA Size="normal">Dokumentation, Lernziele a und b,</LA></DD></DL>zu vermitteln.</P><P><B>Zweites Ausbildungsjahr</B><BR/>(1) In einem Zeitraum von insgesamt drei bis fünf Monaten sind schwerpunktmäßig die Fertigkeiten, Kenntnisse und Fähigkeiten der Berufsbildpositionen <DL Font="normal" Type="arabic"><DT>6.1</DT><DD Font="normal"><LA Size="normal">Prozessbegleitung, Lernziele b und c,</LA></DD><DT>6.2</DT><DD Font="normal"><LA Size="normal">Datenerfassung, Codierung,</LA></DD><DT>6.4</DT><DD Font="normal"><LA Size="normal">Datenauswertung, Lernziel f,</LA></DD><DT>7.1</DT><DD Font="normal"><LA Size="normal">Dokumentation, Lernziel c,</LA></DD><DT>7.2</DT><DD Font="normal"><LA Size="normal">Projektabrechnung, Lernziel a,</LA></DD></DL>zu vermitteln.</P><P>(2) In einem Zeitraum von insgesamt zwei bis vier Monaten sind schwerpunktmäßig die Fertigkeiten, Kenntnisse und Fähigkeiten der Berufsbildpositionen <DL Font="normal" Type="arabic"><DT>2.1</DT><DD Font="normal"><LA Size="normal">Arbeitsorganisation, Lernziel f,</LA></DD><DT>3.1</DT><DD Font="normal"><LA Size="normal">Kundenorientierte Kommunikation, Teamarbeit und Kooperation, Lernziele b und f,</LA></DD><DT>5.2</DT><DD Font="normal"><LA Size="normal">Planung und Organisation, Lernziele a, b, j und k,</LA></DD><DT>6.4</DT><DD Font="normal"><LA Size="normal">Datenauswertung, Lernziel a,</LA></DD></DL>zu vermitteln.</P><P>(3) In einem Zeitraum von insgesamt vier bis sechs Monaten sind schwerpunktmäßig die Fertigkeiten, Kenntnisse und Fähigkeiten der Berufsbildpositionen <DL Font="normal" Type="arabic"><DT>2.2</DT><DD Font="normal"><LA Size="normal">Informations- und Kommunikationssysteme, Lernziel d,</LA></DD><DT>3.2</DT><DD Font="normal"><LA Size="normal">Anwenden einer Fremdsprache bei Fachaufgaben, Lernziel b,</LA></DD><DT>5.1</DT><DD Font="normal"><LA Size="normal">Informationsbeschaffung und -aufbereitung, Lernziel c,</LA></DD><DT>5.2</DT><DD Font="normal"><LA Size="normal">Planung und Organisation, Lernziele c und d,</LA></DD><DT>6.3</DT><DD Font="normal"><LA Size="normal">Datenprüfung, Gewichtung, Lernziele a und b,</LA></DD><DT>6.4</DT><DD Font="normal"><LA Size="normal">Datenauswertung, Lernziele b und d,</LA></DD></DL>zu vermitteln.</P><P><B>Drittes Ausbildungsjahr</B><BR/>(1) In einem Zeitraum von insgesamt drei bis fünf Monaten sind schwerpunktmäßig die Fertigkeiten, Kenntnisse und Fähigkeiten der Berufsbildpositionen <DL Font="normal" Type="arabic"><DT>1.2</DT><DD Font="normal"><LA Size="normal">Berufsbildung, arbeits-, sozial- und tarifrechtliche Grundlagen, Lernziele e und f,</LA></DD><DT>2.4</DT><DD Font="normal"><LA Size="normal">Berufsbezogene Rechtsanwendung, Lernziele a und c,</LA></DD><DT>5.2</DT><DD Font="normal"><LA Size="normal">Planung und Organisation, Lernziele e, g und h,</LA></DD><DT>6.1</DT><DD Font="normal"><LA Size="normal">Prozessbegleitung, Lernziel a,</LA></DD><DT>6.5</DT><DD Font="normal"><LA Size="normal">Aufbereitung, Präsentation, Ergebnisbericht, Lernziele a bis c,</LA></DD></DL>zu vermitteln.</P><P>(2) In einem Zeitraum von insgesamt zwei bis vier Monaten sind schwerpunktmäßig die Fertigkeiten, Kenntnisse und Fähigkeiten der Berufsbildpositionen <DL Font="normal" Type="arabic"><DT>2.1</DT><DD Font="normal"><LA Size="normal">Arbeitsorganisation, Lernziel e,</LA></DD><DT>3.1</DT><DD Font="normal"><LA Size="normal">Kundenorientierte Kommunikation, Teamarbeit und Kooperation, Lernziel e,</LA></DD><DT>3.2</DT><DD Font="normal"><LA Size="normal">Anwenden einer Fremdsprache bei Fachaufgaben, Lernziel c,</LA></DD><DT>5.2</DT><DD Font="normal"><LA Size="normal">Planung und Organisation, Lernziele f und i,</LA></DD></DL>zu vermitteln.</P><P>(3) In einem Zeitraum von insgesamt vier bis sechs Monaten sind schwerpunktmäßig die Fertigkeiten, Kenntnisse und Fähigkeiten der Berufsbildpositionen <DL Font="normal" Type="arabic"><DT>2.2</DT><DD Font="normal"><LA Size="normal">Informations- und Kommunikationssysteme, Lernziel b,</LA></DD><DT>6.3</DT><DD Font="normal"><LA Size="normal">Datenprüfung, Gewichtung, Lernziel c,</LA></DD><DT>6.4</DT><DD Font="normal"><LA Size="normal">Datenauswertung, Lernziel e,</LA></DD><DT>7.2</DT><DD Font="normal"><LA Size="normal">Projektabrechnung, Lernziele b und c,</LA></DD></DL>zu vermitteln.</P></Content></text></textdaten></norm>
</dokumente>