<?xml version="1.0" encoding="UTF-8" ?><!DOCTYPE dokumente SYSTEM "http://www.gesetze-im-internet.de/dtd/1.01/gii-norm.dtd">
<dokumente builddate="20200130213029" doknr="BJNR162400019"><norm builddate="20200130213029" doknr="BJNR162400019"><metadaten><jurabk>BMFWidVertrAnO 2019</jurabk><amtabk>BMFWidVertrAnO</amtabk><ausfertigung-datum manuell="ja">2019-11-08</ausfertigung-datum><fundstelle typ="amtlich"><periodikum>BGBl I</periodikum><zitstelle>2019, 1624</zitstelle></fundstelle><langue>Anordnung zur Übertragung von Zuständigkeiten im Widerspruchsverfahren und die Vertretung der Bundesrepublik Deutschland bei Klagen aus dem Beamtenverhältnis von Beamten im Geschäftsbereich des Bundesministeriums der Finanzen</langue><standangabe checked="ja"><standtyp>Sonst</standtyp><standkommentar>Ersetzt V 2030-14-216 v. 12.6.2017 I 1879 (BMFWidVertrAnO 2017)</standkommentar></standangabe></metadaten><textdaten><fussnoten><Content><P><BR/> <pre xml:space="preserve">(+++ Textnachweis ab: 23.11.2019 +++)<BR/><BR/></pre></P></Content></fussnoten></textdaten></norm>
<norm builddate="20200130213029" doknr="BJNR162400019BJNE000100000"><metadaten><jurabk>BMFWidVertrAnO 2019</jurabk><jurabk>BMFWidVertrAnO</jurabk><enbez>Eingangsformel</enbez></metadaten><textdaten><text format="XML"><Content><P>Nach § 126 Absatz 3 Satz 2 und § 127 Absatz 3 Satz 1 des Bundesbeamtengesetzes vom 5. Februar 2009 (BGBl. I S. 160) ordnet das Bundesministerium der Finanzen im Einvernehmen mit dem Bundesministerium des Innern, für Bau und Heimat an:</P></Content></text></textdaten></norm>
<norm builddate="20200130213029" doknr="BJNR162400019BJNE000200000"><metadaten><jurabk>BMFWidVertrAnO 2019</jurabk><jurabk>BMFWidVertrAnO</jurabk><enbez>§ 1</enbez><titel format="XML">Erlass von Widerspruchsbescheiden</titel></metadaten><textdaten><text format="XML"><Content><P>(1) Die Zuständigkeit für den Erlass von Widerspruchsbescheiden auf den Gebieten des Besoldungs-, Dienstunfall-, Reisekosten-, Umzugskosten-, Trennungsgeld- und Beihilferechts wird folgenden Behörden übertragen, soweit diese oder ihnen nachgeordnete Behörden die Maßnahme getroffen oder abgelehnt haben: <DL Type="arabic"><DT>1.</DT><DD Font="normal"><LA>der Generalzolldirektion,</LA></DD><DT>2.</DT><DD Font="normal"><LA>dem Bundeszentralamt für Steuern,</LA></DD><DT>3.</DT><DD Font="normal"><LA>dem Informationstechnikzentrum Bund und</LA></DD><DT>4.</DT><DD Font="normal"><LA>dem Bundesverwaltungsamt.</LA></DD></DL></P><P>(2) In allen anderen beamtenrechtlichen Angelegenheiten wird die Zuständigkeit für den Erlass von Widerspruchsbescheiden folgenden Behörden übertragen, soweit diese oder ihnen nachgeordnete Behörden die Maßnahme getroffen oder abgelehnt haben: <DL Type="arabic"><DT>1.</DT><DD Font="normal"><LA>der Generalzolldirektion für die Besoldungsgruppen A 2 bis A 16, W 2 und W 3,</LA></DD><DT>2.</DT><DD Font="normal"><LA>den in Absatz 1 Nummer 2 und 3 bezeichneten Stellen für die Besoldungsgruppen A 2 bis A 13 (gehobener Dienst).</LA></DD></DL></P><P>(3) Das Bundesministerium der Finanzen kann im Einzelfall die Zuständigkeit abweichend regeln oder selbst entscheiden.</P></Content></text></textdaten></norm>
<norm builddate="20200130213029" doknr="BJNR162400019BJNE000300000"><metadaten><jurabk>BMFWidVertrAnO 2019</jurabk><jurabk>BMFWidVertrAnO</jurabk><enbez>§ 2</enbez><titel format="XML">Vertretung bei Klagen</titel></metadaten><textdaten><text format="XML"><Content><P>(1) Die Vertretung der Bundesrepublik Deutschland bei Klagen aus dem Beamtenverhältnis wird den Leitern der in § 1 genannten Behörden übertragen, soweit diese nach § 1 für den Erlass von Widerspruchsbescheiden zuständig sind.</P><P>(2) Das Bundesministerium der Finanzen kann im Einzelfall die Vertretung abweichend regeln oder selbst übernehmen.</P></Content></text></textdaten></norm>
<norm builddate="20200130213029" doknr="BJNR162400019BJNE000400000"><metadaten><jurabk>BMFWidVertrAnO 2019</jurabk><jurabk>BMFWidVertrAnO</jurabk><enbez>§ 3</enbez><titel format="XML">Inkrafttreten, Außerkrafttreten</titel></metadaten><textdaten><text format="XML"><Content><P>Diese Anordnung tritt am Tag nach der Veröffentlichung im Bundesgesetzblatt in Kraft. Gleichzeitig tritt die Anordnung über die Übertragung von Zuständigkeiten im Widerspruchsverfahren und die Vertretung der Bundesrepublik Deutschland bei Klagen aus dem Beamtenverhältnis von Beamten im Geschäftsbereich des Bundesministeriums der Finanzen vom 12. Juni 2017 (BGBl. I S. 1879) außer Kraft.</P></Content></text></textdaten></norm>
</dokumente>