<?xml version="1.0" encoding="UTF-8" ?><!DOCTYPE dokumente SYSTEM "http://www.gesetze-im-internet.de/dtd/1.01/gii-norm.dtd">
<dokumente builddate="20120625153919" doknr="BJNR001660933"><norm builddate="20120625153919" doknr="BJNR001660933"><metadaten><jurabk>SparkGiroVerbG</jurabk><ausfertigung-datum manuell="ja">1933-04-06</ausfertigung-datum><fundstelle typ="amtlich"><periodikum>RGBl I</periodikum><zitstelle>1933, 166</zitstelle></fundstelle><langue>Gesetz über den Deutschen Sparkassen- und Giroverband</langue></metadaten><textdaten><text format="XML"><Content><P/></Content></text><fussnoten><Content><P>(+++ Textnachweis Geltung ab:  1. 1.1964 +++)</P></Content></fussnoten></textdaten></norm>
<norm builddate="20120625153919" doknr="BJNR001660933BJNE000100328"><metadaten><jurabk>SparkGiroVerbG</jurabk><enbez>Eingangsformel</enbez></metadaten><textdaten><text format="XML"><Content><P>Die Reichsregierung hat das folgende Gesetz beschlossen, das hiermit verkündet wird:</P></Content></text></textdaten></norm>
<norm builddate="20120625153919" doknr="BJNR001660933BJNE000200328"><metadaten><jurabk>SparkGiroVerbG</jurabk><enbez>§ 1</enbez></metadaten><textdaten><text format="XML"><Content><P>Der Deutsche Sparkassen- und Giroverband in Berlin (Verband) wird zu dem in § 2 Satz 2 angegebenen Zeitpunkt eine öffentliche Körperschaft des <I>Reichs.</I></P></Content></text></textdaten></norm>
<norm builddate="20120625153919" doknr="BJNR001660933BJNE000300328"><metadaten><jurabk>SparkGiroVerbG</jurabk><enbez>§ 2</enbez></metadaten><textdaten><text format="XML"><Content><P>Der Verband hat binnen drei Monaten nach dem Inkrafttreten dieser <I>Verordnung</I> seine Satzung der <I>Reichsregierung</I> zur Genehmigung vorzulegen. Mit der Genehmigung der Satzung tritt die in § 1 bezeichnete Rechtswirkung ein.</P></Content></text><fussnoten><Content><P>§§ 2, 4 u. 5 Kursivdruck &quot;Verordnung&quot;: Vgl. Überschrift</P></Content></fussnoten></textdaten></norm>
<norm builddate="20120625153919" doknr="BJNR001660933BJNE000400328"><metadaten><jurabk>SparkGiroVerbG</jurabk><enbez>§ 3</enbez></metadaten><textdaten><text format="XML"><Content><P>(1) Der Verband steht unter Aufsicht der <I>Reichsregierung.</I></P><P>(2) Die näheren Bestimmungen über die Organisation und Verwaltung des Verbandes trifft die Satzung. Änderungen der Satzung bedürfen der Genehmigung der <I>Reichsregierung.</I></P></Content> </text></textdaten></norm>
<norm builddate="20120625153919" doknr="BJNR001660933BJNE000500328"><metadaten><jurabk>SparkGiroVerbG</jurabk><enbez>§ 4</enbez></metadaten><textdaten><text format="XML"><Content><P>Die <I>Reichsregierung</I> erläßt die zur Durchführung der <I>Verordnung</I> erforderlichen Rechts- und allgemeinen Verwaltungsvorschriften.</P></Content></text><fussnoten><Content><P><ABWFORMAT typ="D"/>§§ 2, 4 u. 5 Kursivdruck &quot;Verordnung&quot;: Vgl. Überschrift</P></Content></fussnoten></textdaten></norm>
<norm builddate="20120625153919" doknr="BJNR001660933BJNE000600328"><metadaten><jurabk>SparkGiroVerbG</jurabk><enbez>§ 5</enbez></metadaten><textdaten><text format="XML"><Content><P>Die <I>Verordnung</I> tritt mit ihrer Verkündung in Kraft.</P></Content></text><fussnoten><Content><P><ABWFORMAT typ="D"/>§§ 2, 4 u. 5 Kursivdruck &quot;Verordnung&quot;: Vgl. Überschrift</P></Content></fussnoten></textdaten></norm>
</dokumente>