<?xml version="1.0" encoding="UTF-8" ?><!DOCTYPE dokumente SYSTEM "http://www.gesetze-im-internet.de/dtd/1.01/gii-norm.dtd">
<dokumente builddate="20200103213425" doknr="BJNR201690977"><norm builddate="20200103213425" doknr="BJNR201690977"><metadaten><jurabk>MeerEinbrSchAbk</jurabk><ausfertigung-datum manuell="ja">1972-02-15</ausfertigung-datum><fundstelle typ="amtlich"><periodikum>BGBl II</periodikum><zitstelle>1977, 169</zitstelle></fundstelle><langue>Übereinkommen zur Verhütung der Meeresverschmutzung durch das Einbringen durch Schiffe und Luftfahrzeuge</langue></metadaten><textdaten><text format="decorated"/><fussnoten><Content><P>G v. 11.2.1977 II 165 <BR/>Inkraft gem. Bek. v. 21.12.1977 II 1492 mWv 23.12.1977</P></Content></fussnoten></textdaten></norm>
</dokumente>