<?xml version="1.0" encoding="UTF-8" ?><!DOCTYPE dokumente SYSTEM "http://www.gesetze-im-internet.de/dtd/1.01/gii-norm.dtd">
<dokumente builddate="20120625152521" doknr="BJNR210050972"><norm builddate="20120625152521" doknr="BJNR210050972"><metadaten><jurabk>BinSchÜbkG</jurabk><ausfertigung-datum manuell="ja">1972-08-30</ausfertigung-datum><fundstelle typ="amtlich"><periodikum>BGBl II</periodikum><zitstelle>1972, 1005</zitstelle></fundstelle><langue>Gesetz zu dem Übereinkommen vom 15. März 1960 zur Vereinheitlichung
einzelner Regeln über den Zusammenstoß von Binnenschiffen sowie zur Änderung
des Binnenschiffahrtsgesetzes und des Flößereigesetzes</langue></metadaten><textdaten><text format="decorated"/></textdaten></norm>
</dokumente>