<?xml version="1.0" encoding="UTF-8" ?><!DOCTYPE dokumente SYSTEM "http://www.gesetze-im-internet.de/dtd/1.01/gii-norm.dtd">
<dokumente builddate="20130405130110" doknr="BJNR023179991"><norm builddate="20130405130110" doknr="BJNR023179991"><metadaten><jurabk>HkGAufhuaÄndG</jurabk><ausfertigung-datum manuell="ja">1991-12-20</ausfertigung-datum><fundstelle typ="amtlich"><periodikum>BGBl I</periodikum><zitstelle>1991, 2317</zitstelle></fundstelle><langue>Gesetz zur Aufhebung des Heimkehrergesetzes und zur Änderung anderer
Vorschriften</langue></metadaten><textdaten><text format="XML"><Content><P/></Content></text><fussnoten><Content><P>(+++ Textnachweis ab: 29.12.1991 +++) <BR/>(+++ Änderungsanweisung zu Art. 2 Nr. 8 (betr. GewRSchÜblG 5) nicht ausführbar +++)</P></Content></fussnoten></textdaten></norm>
<norm builddate="20130405130110" doknr="BJNR023179991BJNG000100307"><metadaten><jurabk>HkGAufhuaÄndG</jurabk><gliederungseinheit><gliederungskennzahl>010</gliederungskennzahl><gliederungsbez>Art 1</gliederungsbez><gliederungstitel>Aufhebung des Heimkehrergesetzes (84-1)</gliederungstitel></gliederungseinheit></metadaten><textdaten><text format="XML"><Content><P/></Content></text></textdaten></norm>
<norm builddate="20130405130110" doknr="BJNR023179991BJNE000500307"><metadaten><jurabk>HkGAufhuaÄndG</jurabk><gliederungseinheit><gliederungskennzahl>010</gliederungskennzahl><gliederungsbez>Art 1</gliederungsbez></gliederungseinheit><enbez>§ 1</enbez></metadaten><textdaten><text format="XML"><Content><P>Es treten außer Kraft: <DL Font="normal" Type="arabic"><DT>1.</DT><DD Font="normal"><LA Size="normal">das Heimkehrergesetz in der im Bundesgesetzblatt Teil III, Gliederungsnummer 84-1, veröffentlichten bereinigten Fassung, zuletzt geändert durch Anlage I Kapitel VIII Sachgebiet E Abschnitt II Nr. 5 des Einigungsvertrages vom 31. August 1990 in Verbindung mit Artikel 1 des Gesetzes vom 23. September 1990 (BGBl. 1990 II S. 885, 1038),</LA></DD> <DT>2.</DT><DD Font="normal"><LA Size="normal">die Verordnung zur Durchführung des Gesetzes über Hilfsmaßnahmen für Heimkehrer in der im Bundesgesetzblatt Teil III Gliederungsnummer 84-1-1, veröffentlichten bereinigten Fassung, zuletzt geändert durch die Verordnung vom 13. Februar 1975 (BGBl. I S. 498).</LA></DD> </DL></P></Content></text></textdaten></norm>
<norm builddate="20130405130110" doknr="BJNR023179991BJNE000600307"><metadaten><jurabk>HkGAufhuaÄndG</jurabk><gliederungseinheit><gliederungskennzahl>010</gliederungskennzahl><gliederungsbez>Art 1</gliederungsbez></gliederungseinheit><enbez>§ 2</enbez></metadaten><textdaten><text format="XML"><Content><P>§ 7 Abs. 3 des Heimkehrergesetzes ist in der bis zum 28. Dezember 1991 geltenden Fassung weiter anzuwenden auf Arbeitsverhältnisse, in denen vor dem 29. Dezember 1991 nach diesen Vorschriften Zeiten der Kriegsgefangenschaft und Internierung als Zeiten der Berufs- oder Betriebszugehörigkeit angerechnet worden sind.</P></Content></text></textdaten></norm>
<norm builddate="20130405130110" doknr="BJNR023179991BJNE000700307"><metadaten><jurabk>HkGAufhuaÄndG</jurabk><gliederungseinheit><gliederungskennzahl>010</gliederungskennzahl><gliederungsbez>Art 1</gliederungsbez></gliederungseinheit><enbez>§ 3</enbez></metadaten><textdaten><text format="XML"><Content><P>§ 10 des Heimkehrergesetzes und der Zweite Abschnitt der Verordnung zur Durchführung des Gesetzes über Hilfsmaßnahmen für Heimkehrer sind in der bis zum 28. Dezember 1991 geltenden Fassung bis zum Ende der förderungsfähigen Bildungsmaßnahme weiter anzuwenden, wenn ein Berechtigter vor dem 29. Dezember 1991 in die Bildungsmaßnahme eingetreten ist und erstmals Leistungen beantragt hat.</P></Content></text></textdaten></norm>
<norm builddate="20130405130110" doknr="BJNR023179991BJNG000200307"><metadaten><jurabk>HkGAufhuaÄndG</jurabk><gliederungseinheit><gliederungskennzahl>020</gliederungskennzahl><gliederungsbez>Art 2</gliederungsbez></gliederungseinheit></metadaten><textdaten><text format="XML"><Content><P/></Content></text><fussnoten/></textdaten></norm>
<norm builddate="20130405130110" doknr="BJNR023179991BJNG000300307"><metadaten><jurabk>HkGAufhuaÄndG</jurabk><gliederungseinheit><gliederungskennzahl>030</gliederungskennzahl><gliederungsbez>Art 3</gliederungsbez><gliederungstitel>Rückkehr zum einheitlichen Verordnungsrang</gliederungstitel></gliederungseinheit></metadaten><textdaten><text format="XML"><Content><P>Die auf Artikel 2 Nr. 1, 4 und 17 beruhenden Teile der dort geänderten Rechtsverordnungen können auf Grund der jeweils einschlägigen Ermächtigung durch Rechtsverordnungen geändert werden.</P></Content></text></textdaten></norm>
<norm builddate="20130405130110" doknr="BJNR023179991BJNG000400307"><metadaten><jurabk>HkGAufhuaÄndG</jurabk><gliederungseinheit><gliederungskennzahl>040</gliederungskennzahl><gliederungsbez>Art 4</gliederungsbez><gliederungstitel>Inkrafttreten</gliederungstitel></gliederungseinheit></metadaten><textdaten><text format="XML"><Content><P>Artikel 1 tritt am 1. Januar 1992 in Kraft, soweit er § 1 des in Artikel 1 Nr. 1 genannten Gesetzes betrifft. Im übrigen tritt das Gesetz am Tage nach der Verkündung in Kraft.</P></Content></text></textdaten></norm>
</dokumente>