<?xml version="1.0" encoding="UTF-8" ?><!DOCTYPE dokumente SYSTEM "http://www.gesetze-im-internet.de/dtd/1.01/gii-norm.dtd">
<dokumente builddate="20120625152322" doknr="BJNR095200004"><norm builddate="20120625152322" doknr="BJNR095200004"><metadaten><jurabk>LMG1974§25AnwG</jurabk><ausfertigung-datum manuell="ja">2004-05-13</ausfertigung-datum><fundstelle typ="amtlich"><periodikum>BGBl I</periodikum><zitstelle>2004, 934, 952</zitstelle></fundstelle><langue>Gesetz über die weitere Anwendbarkeit des § 25 des Lebensmittel- und
Bedarfsgegenständegesetzes</langue></metadaten><textdaten><text format="XML"><Content><P/></Content></text><fussnoten><Content><P><BR/> <pre xml:space="preserve">(+++ Textnachweis ab: 20.5.2004 +++)<BR/><BR/></pre>Das G wurde als Art. 8 des G v. 13.5.2004 I 934 (FlBGuaÄndG) vom Bundestag mit Zustimmung des Bundesrates beschlossen. Es ist gem. Art. 14 Satz 1 dieses G am 20.5.2004 in Kraft getreten.</P></Content></fussnoten></textdaten></norm>
<norm builddate="20120625152322" doknr="BJNR095200004BJNE000100000"><metadaten><jurabk>LMG1974§25AnwG</jurabk><enbez>Art 8</enbez><titel format="parat">Gesetz über die weitere Anwendbarkeit des § 25 des Lebensmittel- und
Bedarfsgegenständegesetzes</titel></metadaten><textdaten><text format="XML"><Content><P>§ 25 des Lebensmittel- und Bedarfsgegenständegesetzes in der Fassung der Bekanntmachung vom 9. September 1997 (BGBl. I S. 2296), das zuletzt durch Artikel 5 des Gesetzes vom 13. Mai 2004 (BGBl. I S. 934) geändert worden ist, ist in der am 19. Mai 2004 geltenden Fassung hinsichtlich der Aufhebung von Regelungen, die auf seiner Grundlage erlassen worden sind, weiter anzuwenden.</P></Content></text></textdaten></norm>
</dokumente>