<?xml version="1.0" encoding="UTF-8" ?><!DOCTYPE dokumente SYSTEM "http://www.gesetze-im-internet.de/dtd/1.01/gii-norm.dtd">
<dokumente builddate="20131202132827" doknr="BJNR367100009"><norm builddate="20131202132827" doknr="BJNR367100009"><metadaten><jurabk>MarkenG§8Bek 2009</jurabk><ausfertigung-datum manuell="ja">2009-10-14</ausfertigung-datum><fundstelle typ="amtlich"><periodikum>BGBl I</periodikum><zitstelle>2009, 3671</zitstelle></fundstelle><langue>Bekanntmachung zu § 8 des Markengesetzes</langue></metadaten><textdaten><fussnoten><Content><P><BR/> <pre xml:space="preserve">(+++ Textnachweis ab: 27.10.2009 +++)<BR/><BR/></pre></P></Content></fussnoten></textdaten></norm>
<norm builddate="20131202132827" doknr="BJNR367100009BJNE000100000"><metadaten><jurabk>MarkenG§8Bek 2009</jurabk><enbez>(XXXX)</enbez></metadaten><textdaten><text format="XML"><Content><P>Auf Grund des § 8 Absatz 2 Nummer 8 des Markengesetzes vom 25. Oktober 1994 (BGBl. I S. 3082; 1995 I S. 156) wird bekannt gemacht, dass</P><P>Name und Emblem<BR/>des „Übereinkommens zum<BR/>Schutz des Kultur- und Naturerbes der Welt“</P><P>von der Eintragung als Marke ausgeschlossen sind.</P><P>Diese Bekanntmachung ergeht im Anschluss an die Bekanntmachung vom 12. September 2002 (BGBl. I S. 3754).</P></Content></text></textdaten></norm>
<norm builddate="20131202132827" doknr="BJNR367100009BJNE000200000"><metadaten><jurabk>MarkenG§8Bek 2009</jurabk><enbez>Schlussformel</enbez></metadaten><textdaten><text format="XML"><Content><P><SP>Bundesministerium der Justiz</SP></P></Content></text></textdaten></norm>
<norm builddate="20131202132827" doknr="BJNR367100009BJNE000300000"><metadaten><jurabk>MarkenG§8Bek 2009</jurabk><enbez>Anlage</enbez></metadaten><textdaten><text format="XML"><Content><P><noindex><kommentar typ="Fundstelle">(Fundstelle: BGBl. I 2009, 3671)</kommentar></noindex></P><BR/><P>Name:  Übereinkommen zum Schutz des Kultur- und Naturerbes der Welt</P><P>Emblem:<BR/><BR/><IMG Align="center" Height="437" Pos="block" SRC="bgbl1_2009_j3671-1_0010.jpg" Type="TIF" Units="300" alt=""/></P></Content></text></textdaten></norm>
</dokumente>