<?xml version="1.0" encoding="UTF-8" ?><!DOCTYPE dokumente SYSTEM "http://www.gesetze-im-internet.de/dtd/1.01/gii-norm.dtd">
<dokumente builddate="20240205215504" doknr="BJNR01E0A0024"><norm builddate="20240205215504" doknr="BJNR01E0A0024"><metadaten><jurabk>RentÜAV</jurabk><amtabk>RentÜAV</amtabk><ausfertigung-datum manuell="ja">2024-01-31</ausfertigung-datum><fundstelle typ="amtlich"><periodikum>BGBl I</periodikum><zitstelle>2024, Nr. 30</zitstelle></fundstelle><kurzue>Rentenübersichtsanbindungsverordnung</kurzue><langue>Verordnung zur Regelung des Stichtags zur verpflichtenden Anbindung der Vorsorgeeinrichtungen und des Anbindungsverfahrens an die Zentrale Stelle für die Digitale Rentenübersicht</langue></metadaten><textdaten><fussnoten><Content><P><BR/> <pre xml:space="preserve">(+++ Textnachweis ab: 6.2.2024 +++)<BR/><BR/></pre></P></Content></fussnoten></textdaten></norm>
<norm builddate="20240205215504" doknr="BJNR01E0A0024BJNE000100000"><metadaten><jurabk>RentÜAV</jurabk><enbez>Eingangsformel</enbez></metadaten><textdaten><text format="XML"><Content><P>Auf Grund des § 13 Absatz 2 Nummer 1 und Absatz 3 des Rentenübersichtsgesetzes vom 11. Februar 2021 (BGBl. I S. 154) verordnet die Bundesregierung:</P></Content></text></textdaten></norm>
<norm builddate="20240205215504" doknr="BJNR01E0A0024BJNE000200000"><metadaten><jurabk>RentÜAV</jurabk><enbez>§ 1</enbez><titel format="XML">Geltungsbereich</titel></metadaten><textdaten><text format="XML"><Content><P>Die Verordnung gilt für solche Vorsorgeeinrichtungen, die nach § 7 Absatz 1 Satz 3 des Rentenübersichtsgesetzes verpflichtet sind, sich an die Zentrale Stelle für die Digitale Rentenübersicht anzubinden und gegen die mehr als 1 000 Altersvorsorgeansprüche bestehen, die sich noch nicht in der Auszahlungsphase befinden.</P></Content></text></textdaten></norm>
<norm builddate="20240205215504" doknr="BJNR01E0A0024BJNE000300000"><metadaten><jurabk>RentÜAV</jurabk><enbez>§ 2</enbez><titel format="XML">Anbindungsverfahren</titel></metadaten><textdaten><text format="XML"><Content><P>(1) Die Vorsorgeeinrichtungen melden sich bis zum 31. März 2024 unter Angabe der Zahl der Altersvorsorgeansprüche aus Altersvorsorgeprodukten bei der Zentralen Stelle für die Digitale Rentenübersicht an.</P><P>(2) Bis zum 30. September 2024 schaffen die Vorsorgeeinrichtungen eine zum Austausch von Daten bereite Schnittstelle (produktive Schnittstelle) zur Zentralen Stelle für die Digitale Rentenübersicht. Die Vorsorgeeinrichtungen sollen der Zentralen Stelle für die Digitale Rentenübersicht anzeigen, wenn ihre Schnittstelle bereits vor dem 30. September 2024 produktiv ist.</P><P>(3) Die produktiven Schnittstellen werden zwischen der Zentralen Stelle für die Digitale Rentenübersicht und den Vorsorgeeinrichtungen getestet. Die Zentrale Stelle für die Digitale Rentenübersicht vergibt Termine für die Schnittstellentests mit den Vorsorgeeinrichtungen. Die Terminvergabe soll sich nach der Zahl der Altersvorsorgeansprüche aus Altersvorsorgeprodukten nach § 2 Nummer 1 des Rentenübersichtsgesetzes in absteigender Reihenfolge richten. Die Tests der produktiven Schnittstellen sollen bis zum 31. Dezember 2024 abgeschlossen sein.</P><P>(4) Sofern Vorsorgeeinrichtungen nach dem 31. März 2024 die Schwelle von 1 000 Altersvorsorgeansprüchen aus Altersvorsorgeprodukten nach § 1 überschreiten, melden sie sich unverzüglich bei der Zentralen Stelle für die Digitale Rentenübersicht an. Diese Vorsorgeeinrichtungen richten innerhalb von sechs Monaten ab dem Zeitpunkt der Anmeldung eine produktive Schnittstelle ein. Absatz 3 Sätze 1 und 2 gelten entsprechend.</P></Content></text></textdaten></norm>
<norm builddate="20240205215504" doknr="BJNR01E0A0024BJNE000400000"><metadaten><jurabk>RentÜAV</jurabk><enbez>§ 3</enbez><titel format="XML">Stichtag für die verpflichtende Anbindung</titel></metadaten><textdaten><text format="XML"><Content><P>(1) Der Stichtag für die verpflichtende Anbindung der Vorsorgeeinrichtungen an die Zentrale Stelle für die Digitale Rentenübersicht ist der 31. Dezember 2024.</P><P>(2) Ab dem Stichtag müssen die Vorsorgeeinrichtungen in der Lage sein, auf Anfrage der Zentralen Stelle für die Digitale Rentenübersicht nach § 4 Absatz 2 Satz 1 des Rentenübersichtsgesetzes Informationen nach § 5 Absatz 1 und 2 des Rentenübersichtsgesetzes an die Zentrale Stelle für die Digitale Rentenübersicht zu übermitteln.</P><P>(3) Vorsorgeeinrichtungen, die sich nach § 2 Absatz 4 später anmelden, müssen innerhalb von neun Monaten ab dem Zeitpunkt der Anmeldung zur Übermittlung nach Absatz 2 in der Lage sein.</P></Content></text></textdaten></norm>
<norm builddate="20240205215504" doknr="BJNR01E0A0024BJNE000500000"><metadaten><jurabk>RentÜAV</jurabk><enbez>§ 4</enbez><titel format="XML">Inkrafttreten</titel></metadaten><textdaten><text format="XML"><Content><P>Diese Verordnung tritt am Tag nach der Verkündung in Kraft.</P></Content></text></textdaten></norm>
</dokumente>