<?xml version="1.0" encoding="UTF-8" ?><!DOCTYPE dokumente SYSTEM "http://www.gesetze-im-internet.de/dtd/1.01/gii-norm.dtd">
<dokumente builddate="20120625154720" doknr="BJNR209480965"><norm builddate="20120625154720" doknr="BJNR209480965"><metadaten><jurabk>ATAÜbkG</jurabk><ausfertigung-datum manuell="ja">1965-07-11</ausfertigung-datum><fundstelle typ="amtlich"><periodikum>BGBl II</periodikum><zitstelle>1965, 948</zitstelle></fundstelle><langue>Gesetz zu dem Zollübereinkommen von Brüssel vom 6. Dezember 1961 über das
Carnet A.T.A. für die vorübergehende Einfuhr von Waren</langue></metadaten><textdaten><text format="decorated"/></textdaten></norm>
</dokumente>