<?xml version="1.0" encoding="UTF-8" ?><!DOCTYPE dokumente SYSTEM "http://www.gesetze-im-internet.de/dtd/1.01/gii-norm.dtd">
<dokumente builddate="20131008093913" doknr="BJNR273200011"><norm builddate="20131008093913" doknr="BJNR273200011"><metadaten><jurabk>LuftVStAbsenkV 2012</jurabk><amtabk>LuftVStAbsenkV 2012</amtabk><ausfertigung-datum manuell="ja">2011-12-16</ausfertigung-datum><fundstelle typ="amtlich"><periodikum>BGBl I</periodikum><zitstelle>2011, 2732</zitstelle></fundstelle><kurzue>Luftverkehrsteuer-Absenkungsverordnung 2012</kurzue><langue>Verordnung zur Absenkung der Steuersätze nach § 11 Absatz 2 des Luftverkehrsteuergesetzes im Jahr 2012</langue></metadaten><textdaten><fussnoten><Content><P><BR/> <pre xml:space="preserve">(+++ Textnachweis ab: 1.1.2012 +++)<BR/><BR/></pre></P></Content></fussnoten></textdaten></norm>
<norm builddate="20131008093913" doknr="BJNR273200011BJNE000100000"><metadaten><jurabk>LuftVStAbsenkV 2012</jurabk><enbez>Eingangsformel</enbez></metadaten><textdaten><text format="XML"><Content><P>Auf Grund des § 11 Absatz 2 des Luftverkehrsteuergesetzes vom 9. Dezember 2010 (BGBl. I S. 1885) verordnet das Bundesministerium der Finanzen im Einvernehmen mit dem Bundesministerium für Umwelt, Naturschutz und Reaktorsicherheit, dem Bundesministerium für Verkehr, Bau und Stadtentwicklung und dem Bundesministerium für Wirtschaft und Technologie:</P></Content></text></textdaten></norm>
<norm builddate="20131008093913" doknr="BJNR273200011BJNE000200000"><metadaten><jurabk>LuftVStAbsenkV 2012</jurabk><enbez>§ 1</enbez><titel format="XML">Steuersätze 2012</titel></metadaten><textdaten><text format="XML"><Content><P>Als Folge der Einbeziehung des Luftverkehrs in den Handel mit Treibhausgasemissionszertifikaten werden die Steuersätze des § 11 Absatz 1 Nummer 1 bis 3 des Gesetzes für das Jahr 2012 abgesenkt. Die Steuer beträgt je Fluggast für Flüge mit einem Zielort <BR/><BR/><DL Font="normal" Type="arabic"><DT>1.</DT><DD Font="normal"><LA Size="normal"><table frame="none" pgwide="1" tocentry="%yes;"><tgroup align="left" char="" charoff="50" cols="2"><colspec colname="col1" colsep="0"/><colspec align="right" colname="col2"/><tbody valign="top"><row><entry VJ="1">in einem Land der Anlage 1 zu diesem Gesetz</entry><entry VJ="1">7,50 Euro,</entry></row></tbody></tgroup></table></LA></DD><DT>2.</DT><DD Font="normal"><LA Size="normal"><table frame="none" pgwide="1" tocentry="%yes;"><tgroup align="left" char="" charoff="50" cols="2"><colspec colname="col1" colsep="0"/><colspec align="right" colname="col2"/><tbody valign="top"><row><entry VJ="1">in einem Land der Anlage 2 zu diesem Gesetz</entry><entry VJ="1">23,43 Euro,</entry></row></tbody></tgroup></table></LA></DD><DT>3.</DT><DD Font="normal"><LA Size="normal"><table frame="none" pgwide="1" tocentry="%yes;"><tgroup align="left" char="" charoff="50" cols="2"><colspec colname="col1" colsep="0"/><colspec align="right" colname="col2"/><tbody valign="top"><row><entry VJ="1">in anderen Ländern</entry><entry VJ="1">42,18 Euro.</entry></row></tbody></tgroup></table></LA></DD></DL></P></Content></text></textdaten></norm>
<norm builddate="20131008093913" doknr="BJNR273200011BJNE000300000"><metadaten><jurabk>LuftVStAbsenkV 2012</jurabk><enbez>§ 2</enbez><titel format="XML">Inkrafttreten</titel></metadaten><textdaten><text format="XML"><Content><P>Diese Verordnung tritt am 1. Januar 2012 in Kraft.</P></Content></text></textdaten></norm>
</dokumente>