<?xml version="1.0" encoding="UTF-8" ?><!DOCTYPE dokumente SYSTEM "http://www.gesetze-im-internet.de/dtd/1.01/gii-norm.dtd">
<dokumente builddate="20120625153006" doknr="BYNR001800946"><norm builddate="20120625153006" doknr="BYNR001800946"><metadaten><jurabk>G21 BY</jurabk><ausfertigung-datum manuell="ja">1946-05-28</ausfertigung-datum><fundstelle typ="amtlich"><periodikum>GVBl BY</periodikum><zitstelle>1946, 180</zitstelle></fundstelle><fundstelle typ="amtlich"><periodikum>BayBS III</periodikum><zitstelle>150</zitstelle></fundstelle><langue>Gesetz Nr. 21 zur Wiedergutmachung nationalsozialistischen Unrechts in
der Strafrechtspflege</langue></metadaten><textdaten><text format="decorated"/><fussnoten><Content><P>Partielles Recht für Bayern:</P></Content></fussnoten></textdaten></norm>
</dokumente>