<?xml version="1.0" encoding="UTF-8" ?><!DOCTYPE dokumente SYSTEM "http://www.gesetze-im-internet.de/dtd/1.01/gii-norm.dtd">
<dokumente builddate="20120625155411" doknr="BJNR008310951"><norm builddate="20120625155411" doknr="BJNR008310951"><metadaten><jurabk>VerdOrdenErl</jurabk><ausfertigung-datum manuell="ja">1951-09-07</ausfertigung-datum><fundstelle typ="amtlich"><periodikum>BGBl I</periodikum><zitstelle>1951, 831</zitstelle></fundstelle><langue>Erlaß über die Stiftung des &quot;Verdienstordens der Bundesrepublik
Deutschland&quot;</langue></metadaten><textdaten><text format="XML"><Content><P/></Content></text><fussnoten><Content><P>(+++ Textnachweis Geltung ab:  1. 1.1964 +++)</P><P><BR/> Erlass im Saarland in Kraft gesetzt mWv 1.1.1957 durch Nr. 4 Anordnung v. 23.1.1957 I 1</P></Content></fussnoten></textdaten></norm>
<norm builddate="20120625155411" doknr="BJNR008310951BJNE000100304"><metadaten><jurabk>VerdOrdenErl</jurabk><enbez>(XXXX)</enbez></metadaten><textdaten><text format="XML"><Content><P>(1) In dem Wunsche, verdienten Männern und Frauen des deutschen Volkes und des Auslandes Anerkennung und Dank sichtbar zum Ausdruck zu bringen, stifte ich am 2. Jahrestag der Bundesrepublik Deutschland den <BR/>&quot;Verdienstorden der Bundesrepublik Deutschland&quot;.</P><P>(2) Er wird verliehen für Leistungen, die im Bereich der politischen, der wirtschaftlich-sozialen und der geistigen Arbeit dem Wiederaufbau des Vaterlandes dienten und soll eine Auszeichnung all derer bedeuten, deren Wirken zum friedlichen Aufstieg der Bundesrepublik Deutschland beiträgt.</P><P>(3) Die Einzelheiten der Gestaltung, der Einteilung und der Verleihung des Verdienstordens werden in einem Statut festgelegt.</P></Content></text></textdaten></norm>
<norm builddate="20120625155411" doknr="BJNR008310951BJNE000200304"><metadaten><jurabk>VerdOrdenErl</jurabk><enbez>Schlußformel</enbez></metadaten><textdaten><text format="XML"><Content><P><SP>Der Bundespräsident</SP> <BR/><SP>Der Bundeskanzler</SP> <BR/><SP>Der Bundesminister des Innern</SP></P></Content></text></textdaten></norm>
</dokumente>