<?xml version="1.0" encoding="UTF-8" ?><!DOCTYPE dokumente SYSTEM "http://www.gesetze-im-internet.de/dtd/1.01/gii-norm.dtd">
<dokumente builddate="20120625153529" doknr="BJNR213050965"><norm builddate="20120625153529" doknr="BJNR213050965"><metadaten><jurabk>VermRglVtrISR/AUSG</jurabk><ausfertigung-datum manuell="ja">1965-09-17</ausfertigung-datum><fundstelle typ="amtlich"><periodikum>BGBl II</periodikum><zitstelle>1965, 1305</zitstelle></fundstelle><langue>Gesetz zum Vertrag vom 21. April 1965 zwischen der Bundesrepublik
Deutschland und dem Australischen Bund über die Aufteilung der von der
Regierung des Staates Israel für das deutsche weltliche Vermögen in Israel
gezahlten Entschädigung auf Deutschland und Australien</langue></metadaten><textdaten><text format="decorated"/></textdaten></norm>
</dokumente>