<?xml version="1.0" encoding="UTF-8" ?><!DOCTYPE dokumente SYSTEM "http://www.gesetze-im-internet.de/dtd/1.01/gii-norm.dtd">
<dokumente builddate="20220831214002" doknr="BJNR077210022"><norm builddate="20220831214002" doknr="BJNR077210022"><metadaten><jurabk>NOK-GefAbwV</jurabk><amtabk>NOK-GefAbwV</amtabk><ausfertigung-datum manuell="ja">2022-04-29</ausfertigung-datum><fundstelle typ="amtlich"><periodikum>BGBl I</periodikum><zitstelle>2022, 772</zitstelle></fundstelle><kurzue>Nord-Ostsee-Kanal-Gefahrenabwehrverordnung</kurzue><langue>Verordnung über die Gefahrenabwehr in den bundeseigenen Schleusenanlagen im Nord-Ostsee-Kanal</langue></metadaten><textdaten><text format="XML"><Content><P><noindex>Diese Verordnung dient der Umsetzung der Richtlinie 2005/65/EG des Europäischen Parlaments und des Rates vom 26. Oktober 2005 zur Erhöhung der Gefahrenabwehr in Häfen (ABl. L 310 vom 25.11.2005, S. 28) und der Regelung der behördlichen Zuständigkeit beim Vollzug der Verordnung (EG) Nr. 725/2004 des Europäischen Parlaments und des Rates vom 31. März 2004 zur Erhöhung der Gefahrenabwehr auf Schiffen und in Hafenanlagen (ABl. L 129 vom 29.4.2004, S. 6).</noindex></P></Content></text><fussnoten><Content><P><BR/> <pre xml:space="preserve">(+++ Textnachweis ab: 28.5.2022 +++)<BR/>(+++ Amtlicher Hinweis des Normgebers auf EG-Recht:<BR/>     Umsetzung der<BR/>       EGRL 65/2005            (CELEX Nr: 32005L0065) <BR/>     Durchführung der<BR/>       EGV 725/2004            (CELEX Nr: 32004R0725) +++)<BR/><BR/></pre>Die V wurde als Artikel 1 der V v. 29.4.2022 I 772 vom Bundesministerium für Digitales und Verkehr beschlossen. Sie ist gem. Art. 3 dieser V am 28.5.2022 in Kraft getreten.</P></Content></fussnoten></textdaten></norm>
<norm builddate="20220831214002" doknr="BJNR077210022BJNE000100000"><metadaten><jurabk>NOK-GefAbwV</jurabk><enbez>§ 1</enbez><titel format="XML">Zielsetzung und Geltungsbereich, bundeseigene Schleusenanlagen</titel></metadaten><textdaten><text format="XML"><Content><P>(1) Diese Verordnung dient dem Schutz vor Angriffen auf die Sicherheit der bundeseigenen Schleusenanlagen im Nord-Ostsee-Kanal, insbesondere vor terroristischen Anschlägen.</P><P>(2) Die bundeseigenen Schleusenanlagen im Nord-Ostsee-Kanal mit ihren Wasser- und Landanteilen sind Hafenanlagen im Sinne des Artikels 2 Nummer 11 der Verordnung (EG) Nr. 725/2004 des Europäischen Parlaments und des Rates vom 31. März 2004 zur Erhöhung der Gefahrenabwehr auf Schiffen und in Hafenanlagen (ABl. L 129 vom 29.4.2004, S. 6) und Häfen im Sinne des Artikels 3 Absatz 1 der Richtlinie <NB>2005/65/EG</NB> des Europäischen Parlaments und des Rates vom 26. Oktober 2005 zur Erhöhung der Gefahrenabwehr in Häfen (ABl. L 310 vom 25.11.2005, S. 28).</P></Content></text></textdaten></norm>
<norm builddate="20220831214002" doknr="BJNR077210022BJNE000200000"><metadaten><jurabk>NOK-GefAbwV</jurabk><enbez>§ 2</enbez><titel format="XML">Zuständige Behörde</titel></metadaten><textdaten><text format="XML"><Content><P>Zuständige Behörde im Sinne dieser Verordnung ist die Generaldirektion Wasserstraßen und Schifffahrt, soweit in den nachstehenden Vorschriften nichts anderes bestimmt ist. Ihr obliegt der Vollzug der Rechtsvorschriften dieser Verordnung und der Verordnung (EG) Nr. 725/2004.</P></Content></text></textdaten></norm>
<norm builddate="20220831214002" doknr="BJNR077210022BJNE000300000"><metadaten><jurabk>NOK-GefAbwV</jurabk><enbez>§ 3</enbez><titel format="XML">Beauftragte oder Beauftragter für die Gefahrenabwehr</titel></metadaten><textdaten><text format="XML"><Content><P>(1) Als Beauftragte oder Beauftragter für die Gefahrenabwehr im Sinne des Artikels 3 Absatz 1 der Verordnung (EG) Nr. 725/2004 in Verbindung mit Abschnitt A/17.1 der Anlage zu Kapitel XI-2 der Anlage zum Internationalen Übereinkommen von 1974 zum Schutz des menschlichen Lebens auf See (International Ship and Port Facility Security Code – ISPS-Code) (BGBl. 2003 II S. 2018, 2043) sowie des Artikels 9 der Richtlinie 2005/65/EG (Gefahrenabwehrbeauftragter) ist eine oder ein durch das Wasserstraßen- und Schifffahrtsamt Nord-Ostsee-Kanal zu benennende Beschäftigte oder zu benennender Beschäftigter dieses Wasserstraßen- und Schifffahrtsamts einzusetzen.</P><P>(2) Die Benennung der oder des Beschäftigten gilt als Zulassung der oder des Beauftragten für die Gefahrenabwehr nach Artikel 9 Absatz 1 Satz 1 der Richtlinie 2005/65/EG. Das Wasserstraßen- und Schifffahrtsamt hat sicherzustellen, dass die oder der Gefahrenabwehrbeauftragte vor Aufnahme ihrer oder seiner Tätigkeit im Sinne des Artikels 16 Absatz 2 der Richtlinie 2005/65/EG überprüft ist; zum Zweck der Überprüfung hat die personalführende Stelle sich ein Führungszeugnis im Sinne des § 30 Absatz 1 Satz 1 des Bundeszentralregistergesetzes und eine Selbstauskunft über die wirtschaftlichen Verhältnisse der oder des Beschäftigten vorlegen zu lassen. Kommt die oder der Gefahrenabwehrbeauftragte ihren oder seinen Dienstpflichten oder Arbeitspflichten beim Vollzug dieser Verordnung nicht nach, hat das Wasser- und Schifffahrtsamt die disziplinarrechtlichen oder arbeitsrechtlichen Vorschriften anzuwenden.</P><P>(3) Die oder der Gefahrenabwehrbeauftragte muss über Fachkenntnisse nach Abschnitt B/18.1 des ISPS-Codes verfügen. Die Fachkenntnisse müssen durch eine Teilnahme an Schulungen im Maritimen Kompetenzzentrum in der Freien und Hansestadt Hamburg oder an einer vergleichbaren, nach DIN EN ISO 9001 (Stand November 2015, zu beziehen über die Beuth Verlag GmbH) zertifizierten Einrichtung sichergestellt werden.</P><P>(4) Die oder der Gefahrenabwehrbeauftragte stellt sicher, dass jährlich eine Übung nach Anhang III der Richtlinie 2005/65/EG durchgeführt wird. Diese deckt auch die Übung nach Abschnitt A/18.1 in Verbindung mit Abschnitt B/18.6 des ISPS-Codes ab. Die oder der Gefahrenabwehrbeauftragte hat dafür zu sorgen, dass die Beschäftigten des Wasserstraßen- und Schifffahrtsamtes Nord-Ostsee-Kanal auf den Betriebsstellen, insbesondere die Beschäftigten der Sicherheitszentralen, Verkehrszentralen und Schleusenmeister, vierteljährlich nach Artikel 3 Absatz 5 Anstrich 20 der Verordnung (EG) Nr. 725/2004 in Verbindung mit Abschnitt B/18.5 des ISPS-Codes geschult werden.</P></Content></text></textdaten></norm>
<norm builddate="20220831214002" doknr="BJNR077210022BJNE000400000"><metadaten><jurabk>NOK-GefAbwV</jurabk><enbez>§ 4</enbez><titel format="XML">Maßnahmen nach der Verordnung (EG) Nr. 725/2004</titel></metadaten><textdaten><text format="XML"><Content><P>(1) Die zuständige Behörde hat die Risikobewertung nach Maßgabe des Artikels 3 Absatz 1 der Verordnung (EG) Nr. 725/2004 in Verbindung mit den Abschnitten A/15.2 und A/15.5 des ISPS-Codes sowie nach Maßgabe des Artikels 3 Absatz 5 Anstrich 18 der Verordnung (EG) Nr. 725/2004 in Verbindung mit den Abschnitten B/15.3 und B/15.4 des ISPS-Codes für die bundeseigenen Hafenanlagen Kiel-Holtenau und Brunsbüttel im Nord-Ostsee-Kanal durchzuführen und die Risikobewertung nach Artikel 3 Absatz 6 der Verordnung (EG) Nr. 725/2004 regelmäßig, spätestens fünf Jahre nach erstmaliger Bewertung oder der jeweils letzten Überprüfung, zu überprüfen. Die Risikobewertung muss innerhalb der zuständigen Behörde durch eine weitere Person als den Ersteller geprüft und gezeichnet werden. Die Zeichnung der weiteren Person gilt als Genehmigung im Sinne des Artikels 3 Absatz 5 Anstrich 2 der Verordnung (EG) Nr. 725/2004 in Verbindung mit Abschnitt B/1.16 des ISPS-Codes.</P><P>(2) Auf der Grundlage der Risikobewertung hat die oder der Gefahrenabwehrbeauftragte nach Maßgabe des Artikels 3 Absatz 1 der Verordnung (EG) Nr. <NB>725/2004</NB> in Verbindung mit den Abschnitten A/16.1 und A/16.3 sowie nach Maßgabe des Artikels 3 Absatz 5 Anstrich 19 der Verordnung (EG) Nr. 725/2004 in Verbindung mit den Abschnitten B/16.3 und B/16.8 des ISPS-Codes einen auf die Schnittstellen zwischen Schiff und Anlage passenden Plan zur Gefahrenabwehr festzulegen und den Plan fortzuschreiben. Der Plan zur Gefahrenabwehr und wesentliche Änderungen bedürfen nach Artikel 3 Absatz 1 der Verordnung (EG) Nr. 725/2004 in Verbindung mit Abschnitt A/16.2 des ISPS-Codes der Genehmigung durch die zuständige Behörde.</P><P>(3) Wenn Tatsachen dafür sprechen, dass die für ein Schiff geltenden Anforderungen des ISPS-Codes nicht erfüllt werden oder ein triftiger Grund für die Annahme besteht, dass ein Schiff eine unmittelbare Bedrohung für die Sicherheit von Personen oder anderen Schiffen, Anlagen oder sonstigen materiellen Gütern darstellt, kann die oder der Gefahrenabwehrbeauftragte die Nutzung der Anlagen untersagen oder beschränken. Sie oder er kann von der Kapitänin oder dem Kapitän des Schiffes die Abgabe einer Sicherheitserklärung nach Abschnitt A/5.1 des ISPS-Codes verlangen, wenn ein Schiff, mit dem ein Zusammenwirken mit der Anlage stattfindet, nicht den Bedingungen des Kapitels XI-2 der Anlage zum Übereinkommen von 1974 zum Schutz des menschlichen Lebens auf See (SOLAS) (BGBl. 1979 II S. 141, 143), das zuletzt durch die Entschließung MSC.436(99) vom 24. Mai 2018 (BGBl. 2019 II S. 911, 963) geändert worden ist, unterliegt. Alle Kriterien, derentwegen eine Sicherheitserklärung verlangt wird, müssen sich aus dem Plan zur Gefahrenabwehr ergeben. Sicherheitserklärungen sind für die Dauer eines Jahres ab dem Tag ihrer Ausstellung von dem oder der Gefahrenabwehrbeauftragten aufzubewahren und anschließend unverzüglich zu vernichten, bei elektronischer Aufbewahrung automatisiert zu löschen.</P><P>(4) Die zuständige Behörde hat nach Artikel 3 Absatz 1 der Verordnung (EG) Nr. 725/2004 in Verbindung mit Regel 3.2 SOLAS XI-2 und Abschnitt A/4.1 des ISPS-Codes festzulegen, welche der in den Abschnitten <NB>A/2.1.9</NB> bis A/2.1.11 des ISPS-Codes genannten Gefahrenstufen für die Hafenanlage jeweils gilt und teilt diese der oder dem Gefahrenabwehrbeauftragten mit. Dies gilt auch für Änderungen der Gefahrenstufe.</P><P>(5) Erlangt die oder der Gefahrenabwehrbeauftragte davon Kenntnis, dass für ein Schiff eine Gefahrenstufe gilt, die höher ist als die für die Hafenanlage geltende, so ist dies der zuständigen Behörde zu melden und mit der oder dem Beauftragten für die Gefahrenabwehr auf dem Schiff Kontakt aufzunehmen. Die oder der Gefahrenabwehrbeauftragte für die Hafenanlage hat die geeigneten Maßnahmen zu koordinieren.</P></Content></text></textdaten></norm>
<norm builddate="20220831214002" doknr="BJNR077210022BJNE000500000"><metadaten><jurabk>NOK-GefAbwV</jurabk><enbez>§ 5</enbez><titel format="XML">Maßnahmen zur Umsetzung der Richtlinie 2005/65/EG</titel></metadaten><textdaten><text format="XML"><Content><P>(1) Die zuständige Behörde führt eine Risikobewertung zum Zweck der Gefahrenabwehr durch, die die nach § 4 Absatz 1 durchgeführten Risikobewertungen sowie andere bereits bestehende Maßnahmen zur Gefahrenabwehr berücksichtigt und die nach Anhang I der Richtlinie 2005/65/EG erforderlichen Angaben enthält. Die Risikobewertung muss innerhalb der zuständigen Behörde durch eine weitere Person als den Ersteller geprüft und gezeichnet werden. Die Zeichnung der weiteren Person gilt als Genehmigung im Sinne des Artikels 6 Absatz 4 der Richtlinie 2005/65/EG. Die zuständige Behörde legt die Hafengrenzen gemäß Artikel 2 Absatz 3 der Richtlinie 2005/65/EG unter Berücksichtigung der Ergebnisse der Risikobewertung fest.</P><P>(2) Auf der Grundlage der Risikobewertung nach Absatz 1 Satz 1 hat die oder der Gefahrenabwehrbeauftragte einen Plan zur Gefahrenabwehr zu erstellen, der die nach Anhang II der Richtlinie 2005/65/EG erforderlichen Angaben enthält. Der Plan zur Gefahrenabwehr und wesentliche Änderungen bedürfen der Genehmigung durch die zuständige Behörde. Die zuständige Behörde hat die Risikobewertung nach Artikel 10 Absatz 1 der Richtlinie 2005/65/EG bei Bedarf, mindestens einmal alle fünf Jahre beginnend mit der erstmaligen Erstellung des Planes, zu überprüfen. Die zuständige Behörde hat sicherzustellen, dass der Plan zur Gefahrenabwehr im Hafen nach Artikel 10 Absatz 1 und Artikel 13 Absatz 1 der Richtlinie angemessen und regelmäßig, mindestens einmal alle fünf Jahre, beginnend mit der erstmaligen Erstellung des Planes, überprüft und von der oder dem Gefahrenabwehrbeauftragten durchgeführt wird.</P><P>(3) Die zuständige Behörde hat nach Artikel 8 Absatz 2 und 3 der Richtlinie 2005/65/EG die Gefahrenstufe für den Hafen oder Teil des Hafens jeweils festzulegen und diese der oder dem Gefahrenabwehrbeauftragten mitzuteilen. Dies gilt auch für Änderungen der Gefahrenstufe.</P></Content></text></textdaten></norm>
<norm builddate="20220831214002" doknr="BJNR077210022BJNE000600000"><metadaten><jurabk>NOK-GefAbwV</jurabk><enbez>§ 6</enbez><titel format="XML">Weitere Maßnahmen der zuständigen Behörde</titel></metadaten><textdaten><text format="XML"><Content><P>Mit dem Vollzug dieser Verordnung beauftragte Beschäftigte der zuständigen Behörde, insbesondere der oder die Beauftragte für Gefahrenabwehr, können die notwendigen Maßnahmen und Anordnungen zur Abwehr von Gefahren im Sinne dieser Verordnung treffen. Sie sind zur Erfüllung ihrer Aufgaben berechtigt, in den bundeseigenen Schleusenanlagen im Nord-Ostsee-Kanal <DL Type="arabic"><DT>1.</DT><DD Font="normal"><LA>Grundstücke, Betriebsräume und schwimmende Anlagen sowie Wasserfahrzeuge und deren Betriebsräume während der üblichen Geschäfts- oder Betriebszeiten zu betreten und</LA></DD><DT>2.</DT><DD Font="normal"><LA>Einsicht in Unterlagen zu nehmen, die zur Erfüllung der Aufgaben nach Satz 1 erforderlich sind.</LA></DD></DL></P></Content></text></textdaten></norm>
<norm builddate="20220831214002" doknr="BJNR077210022BJNE000700000"><metadaten><jurabk>NOK-GefAbwV</jurabk><enbez>§ 7</enbez><titel format="XML">Ordnungswidrigkeiten</titel></metadaten><textdaten><text format="XML"><Content><P>Ordnungswidrig im Sinne des § 50 Absatz 1 Nummer 2 des Bundeswasserstraßengesetzes handelt, wer vorsätzlich oder fahrlässig einer vollziehbaren Anordnung nach § 4 Absatz 3 Satz 1 zuwiderhandelt.</P></Content></text></textdaten></norm>
</dokumente>