<?xml version="1.0" encoding="UTF-8" ?><!DOCTYPE dokumente SYSTEM "http://www.gesetze-im-internet.de/dtd/1.01/gii-norm.dtd">
<dokumente builddate="20160617215503" doknr="BJNR003900966"><norm builddate="20160617215503" doknr="BJNR003900966"><metadaten><jurabk>WZG§4NATOBek</jurabk><ausfertigung-datum manuell="ja">1966-06-16</ausfertigung-datum><fundstelle typ="amtlich"><periodikum>BGBl I</periodikum><zitstelle>1966, 390</zitstelle></fundstelle><langue>Bekanntmachung zu § 4 des Warenzeichengesetzes</langue></metadaten><textdaten><text format="XML"><Content><P/></Content></text><fussnoten><Content><P>(+++ Textnachweis ab: 1.7.1966 +++)</P></Content></fussnoten></textdaten></norm>
<norm builddate="20160617215503" doknr="BJNR003900966BJNE000100303"><metadaten><jurabk>WZG§4NATOBek</jurabk><enbez>(XXXX)</enbez></metadaten><textdaten><text format="XML"><Content><P>(1) Auf Grund des § 4 Abs. 2 Nr. 3a des Warenzeichengesetzes in der Fassung der Bekanntmachung vom 9. Mai 1961 (Bundesgesetzbl. I S. 549, 574) wird bekanntgemacht, daß die in der Anlage 1 wiedergegebenen Bezeichnungen <DL Font="normal" Type="arabic"><DT/><DD Font="normal"><LA Size="normal"><DL Font="normal" Type="arabic"><DT>der</DT><DD Font="normal"><LA Size="normal">Nordatlantikvertrags-Organisation,</LA></DD><DT>der</DT><DD Font="normal"><LA Size="normal">Europäischen Organisation für die Entwicklung und den Bau von Raumfahrzeugträgern (ELDO),</LA></DD><DT>der</DT><DD Font="normal"><LA Size="normal">Bank für Internationalen Zahlungsausgleich und</LA></DD><DT>des</DT><DD Font="normal"><LA Size="normal">Afrikanisch-Madagassischen Amts für gewerbliches Eigentum</LA></DD></DL></LA></DD></DL>von der Eintragung als Warenzeichen ausgeschlossen sind.</P><P>(2) Diese Bekanntmachung ergeht im Anschluß an die <DL Font="normal" Type="arabic"><DT>Bekanntmachung vom 30. Juni 1962</DT><DD Font="normal"><LA Size="normal">(Bundesgesetzbl. I S. 478),</LA></DD><DT>Bekanntmachung vom 12. September 1963</DT><DD Font="normal"><LA Size="normal">(Bundesgesetzbl. I S. 781),</LA></DD><DT>Bekanntmachung vom 1. April 1964</DT><DD Font="normal"><LA Size="normal">(Bundesgesetzbl. I S. 288) und die</LA></DD><DT>Bekanntmachung vom 25. Juni 1964</DT><DD Font="normal"><LA Size="normal">(Bundesgesetzbl. I S. 485).</LA></DD></DL></P></Content></text><fussnoten/></textdaten></norm>
<norm builddate="20160617215503" doknr="BJNR003900966BJNE000900303"><metadaten><jurabk>WZG§4NATOBek</jurabk><enbez>Schlussformel</enbez></metadaten><textdaten><text format="XML"><Content><P>Der Bundesminister der Justiz</P></Content></text></textdaten></norm>
<norm builddate="20160617215503" doknr="BJNR003900966BJNE000200303"><metadaten><jurabk>WZG§4NATOBek</jurabk><enbez>Anlage 1</enbez></metadaten><textdaten><text format="XML"><Content><P><noindex><kommentar typ="Fundstelle">(Fundstelle: BGBl. I 1966, 391 - 392)</kommentar></noindex><IMG Align="center" Pos="block" SRC="bgbl1_1966_j0391_0010.jpg"/><BR/><BR/><IMG Align="center" Pos="block" SRC="bgbl1_1966_j0392_0010.jpg"/></P></Content></text></textdaten></norm>
<norm builddate="20160617215503" doknr="BJNR003900966BJNE000300303"><metadaten><jurabk>WZG§4NATOBek</jurabk><enbez>Anlage 2</enbez></metadaten><textdaten><text format="XML"><Content><P>-</P></Content></text><fussnoten/></textdaten></norm>
</dokumente>