<?xml version="1.0" encoding="UTF-8" ?><!DOCTYPE dokumente SYSTEM "http://www.gesetze-im-internet.de/dtd/1.01/gii-norm.dtd">
<dokumente builddate="20120625153829" doknr="BJNR203009985"><norm builddate="20120625153829" doknr="BJNR203009985"><metadaten><jurabk>RICo 1980</jurabk><amtabk>RICo</amtabk><ausfertigung-datum manuell="ja">1980-05-09</ausfertigung-datum><fundstelle typ="amtlich"><periodikum>BGBl II</periodikum><zitstelle>1985, 300</zitstelle></fundstelle><langue>Ordnung für die internationale Eisenbahnbeförderung von Containern
(Anlage III zum Anhang B zum Übereinkommen über den internationalen
Eisenbahnverkehr (COTIF)</langue></metadaten><textdaten><text format="decorated"/><fussnoten><Content><P>G v. 23.1.1985 II 130 <BR/>Inkraft gem. Bek. v. 24.7.1985 II 1001 mWv 1.5.1985</P></Content></fussnoten></textdaten></norm>
</dokumente>