<?xml version="1.0" encoding="UTF-8" ?><!DOCTYPE dokumente SYSTEM "http://www.gesetze-im-internet.de/dtd/1.01/gii-norm.dtd">
<dokumente builddate="20120625151255" doknr="BJNR213280991"><norm builddate="20120625151255" doknr="BJNR213280991"><metadaten><jurabk>GrenzVtrPOLG</jurabk><ausfertigung-datum manuell="ja">1991-12-16</ausfertigung-datum><fundstelle typ="amtlich"><periodikum>BGBl II</periodikum><zitstelle>1991, 1328</zitstelle></fundstelle><langue>Gesetz zu dem Vertrag vom 14. November 1990 zwischen der Bundesrepublik
Deutschland und der Republik Polen über die Bestätigung der zwischen ihnen
bestehenden Grenze</langue></metadaten><textdaten><text format="decorated"/></textdaten></norm>
</dokumente>