<?xml version="1.0" encoding="UTF-8" ?><!DOCTYPE dokumente SYSTEM "http://www.gesetze-im-internet.de/dtd/1.01/gii-norm.dtd">
<dokumente builddate="20221123213001" doknr="BJNR020700022"><norm builddate="20221123213001" doknr="BJNR020700022"><metadaten><jurabk>HörAkMstrV</jurabk><amtabk>HörAkMstrV</amtabk><ausfertigung-datum manuell="ja">2022-02-17</ausfertigung-datum><fundstelle typ="amtlich"><periodikum>BGBl I</periodikum><zitstelle>2022, 207</zitstelle></fundstelle><kurzue>Hörakustikermeisterverordnung</kurzue><langue>Verordnung über die Meisterprüfung in den Teilen I und II im Hörakustiker-Handwerk</langue><standangabe checked="ja"><standtyp>Stand</standtyp><standkommentar>Geändert durch Art. 1 V v. 22.6.2022 I 984</standkommentar></standangabe><standangabe checked="ja"><standtyp>Sonst</standtyp><standkommentar>Ersetzt V 7110-3-110 v. 26.4.1994 I 895 (HörgAkMstrV)</standkommentar></standangabe></metadaten><textdaten><fussnoten><Content><P><BR/> <pre xml:space="preserve">(+++ Textnachweis ab: 1.8.2022 +++)<BR/><BR/></pre></P></Content></fussnoten></textdaten></norm>
<norm builddate="20221123213001" doknr="BJNR020700022BJNE000100000"><metadaten><jurabk>HörAkMstrV</jurabk><enbez>Eingangsformel</enbez></metadaten><textdaten><text format="XML"><Content><P>Auf Grund des § 45 Absatz 1 der Handwerksordnung in der Fassung der Bekanntmachung vom 24. September 1998 (BGBl. I S. 3074; 2006 I S. 2095), der zuletzt durch Artikel 283 der Verordnung vom 31. August 2015 (BGBl. I S. 1474) geändert worden ist, in Verbindung mit § 1 Absatz 2 des Zuständigkeitsanpassungsgesetzes vom 16. August 2002 (BGBl. I S. 3165) und dem Organisationserlass vom 8. Dezember 2021 (BGBl. I S. 5176), verordnet das Bundesministerium für Wirtschaft und Klimaschutz im Einvernehmen mit dem Bundesministerium für Bildung und Forschung:</P></Content></text></textdaten></norm>
<norm builddate="20221123213001" doknr="BJNR020700022BJNE000200000"><metadaten><jurabk>HörAkMstrV</jurabk><enbez>§ 1</enbez><titel format="XML">Gegenstand</titel></metadaten><textdaten><text format="XML"><Content><P>Diese Verordnung regelt das Meisterprüfungsberufsbild, die in der Prüfung in den Teilen I und II der Meisterprüfung zu stellenden Anforderungen sowie die besonderen Anforderungen an das Verfahren im Hörakustiker-Handwerk.</P></Content></text></textdaten></norm>
<norm builddate="20221123213001" doknr="BJNR020700022BJNE000301128"><metadaten><jurabk>HörAkMstrV</jurabk><enbez>§ 2</enbez><titel format="XML">Meisterprüfungsberufsbild</titel></metadaten><textdaten><text format="XML"><Content><P>In den Teilen I und II der Meisterprüfung im Hörakustiker-Handwerk hat der Prüfling die beruflichen Handlungskompetenzen nachzuweisen, die sich auf wesentliche Tätigkeiten seines Gewerbes und die erforderlichen fachtheoretischen Kenntnisse beziehen. Grundlage dafür sind folgende berufsbezogene Fertigkeiten und Kenntnisse: <DL Type="arabic"><DT>1.</DT><DD Font="normal"><LA>einen Betrieb im Hörakustiker-Handwerk führen und organisieren und dabei technische, kaufmännische und personalwirtschaftliche Entscheidungen treffen und begründen, insbesondere unter Berücksichtigung <DL Type="alpha"><DT>a)</DT><DD Font="normal"><LA>der Kostenstrukturen,</LA></DD><DT>b)</DT><DD Font="normal"><LA>der Wettbewerbssituation,</LA></DD><DT>c)</DT><DD Font="normal"><LA>der für den Betrieb wesentlichen Aus-, Fort- und Weiterbildung des Personals,</LA></DD><DT>d)</DT><DD Font="normal"><LA>der Betriebsorganisation,</LA></DD><DT>e)</DT><DD Font="normal"><LA>des Qualitätsmanagements,</LA></DD><DT>f)</DT><DD Font="normal"><LA>des Arbeitsschutzrechtes,</LA></DD><DT>g)</DT><DD Font="normal"><LA>des Handwerksrechts,</LA></DD><DT>h)</DT><DD Font="normal"><LA>des Sozial- und Medizinprodukterechts,</LA></DD><DT>i)</DT><DD Font="normal"><LA>des Datenschutzes, der Datensicherheit und der Datenverarbeitung,</LA></DD><DT>j)</DT><DD Font="normal"><LA>der ökologischen, ökonomischen und sozialen Nachhaltigkeit sowie</LA></DD><DT>k)</DT><DD Font="normal"><LA>technologischer sowie gesellschaftlicher Entwicklungen, insbesondere digitaler Technologien,</LA></DD></DL></LA></DD><DT>2.</DT><DD Font="normal"><LA>Konzepte für Betriebs- und Lagerausstattung sowie für logistische Geschäfts- und Arbeitsprozesse entwickeln und umsetzen,</LA></DD><DT>3.</DT><DD Font="normal"><LA>Kundenwünsche und jeweilige Rahmenbedingungen ermitteln, Anforderungen ableiten, Kunden beraten, Serviceleistungen anbieten, für die Versorgung relevante gesundheitliche Gefahren erkennen, Lösungen entwickeln, Verhandlungen führen und Ziele festlegen, schriftliche Verordnungen ausstellen, Leistungen kalkulieren und Angebote erstellen sowie Verträge schließen,</LA></DD><DT>4.</DT><DD Font="normal"><LA>Geschäfts- und Arbeitsprozesse zur Leistungserstellung planen, organisieren und überwachen,</LA></DD><DT>5.</DT><DD Font="normal"><LA>Leistungen im Hörakustiker-Handwerk erbringen, insbesondere die Versorgung von Kindern, Jugendlichen und Erwachsenen mit Hörgeräten, Teil- und Vollimplantaten, Sonderhörversorgungen einschließlich Tinnitusversorgungen, Hörassistenzsystemen und anderen Systemen zur Verbesserung des Hörvermögens (Hörsysteme), mit Gehörschutz oder mit Zubehör, auch im Wege der Teleaudiologie und dabei <DL Type="alpha"><DT>a)</DT><DD Font="normal"><LA>otoskopische Befunde erheben und bewerten sowie über das weitere Vorgehen entscheiden und ohrreinigende Maßnahmen einleiten,</LA></DD><DT>b)</DT><DD Font="normal"><LA>audiometrische und hördiagnostische Kenndaten ermitteln und beurteilen, Hörprofile bestimmen sowie auf dieser Grundlage Hörsysteme auswählen und anpassen,</LA></DD><DT>c)</DT><DD Font="normal"><LA>Indikationen und Kontraindikationen für die Versorgung mit Hörsystemen feststellen und beurteilen,</LA></DD><DT>d)</DT><DD Font="normal"><LA>Beratung und Versorgung von Kunden mit differenzierten sowie postoperativen Versorgungsanforderungen,</LA></DD><DT>e)</DT><DD Font="normal"><LA>Anamnese aufnehmen, Hörprofil erstellen, Mess-, Anpass-, Fertigungs- und Montagetechniken anwenden, Rehabilitationsmaßnahmen, Hörtraining und Audiotherapie durchführen, Herstellungsverfahren anwenden, Gestaltungsgesichtspunkte berücksichtigen,</LA></DD><DT>f)</DT><DD Font="normal"><LA>dreidimensionale Abbilder des äußeren Ohres erstellen und auf dieser Basis individuelle Ohrpassstücke (Otoplastiken), Sonderotoplastiken und Gehörschutz herstellen,</LA></DD><DT>g)</DT><DD Font="normal"><LA>spezifische Anforderungen im pädakustischen Bereich beachten, pädaudiometrische Messungen durchführen und interpretieren sowie pädakustische Gesichtspunkte in der Anpassung von Hörsystemen anwenden und beurteilen,</LA></DD><DT>h)</DT><DD Font="normal"><LA>die gesetzlich Vertretungsberechtigten des zu versorgenden Kindes oder Jugendlichen beraten und auf weiterführende Rehabilitationsmaßnahmen hinweisen,</LA></DD><DT>i)</DT><DD Font="normal"><LA>Hörsysteme, insbesondere Teil- und Vollimplantate, auch in Kombination miteinander, anpassen, einstellen und programmieren sowie Maßnahmen zur Nachsorge und Reparatur durchführen,</LA></DD></DL></LA></DD><DT>6.</DT><DD Font="normal"><LA>technische, organisatorische und rechtliche Gesichtspunkte bei der Leistungserstellung berücksichtigen, insbesondere <DL Type="alpha"><DT>a)</DT><DD Font="normal"><LA>die berufsbezogenen Rechtsvorschriften, insbesondere des Sozial- und Medizinprodukterechts sowie des Handwerksrechts, und technischen Normen,</LA></DD><DT>b)</DT><DD Font="normal"><LA>Vorgaben zur Hygiene und Kundensicherheit,</LA></DD><DT>c)</DT><DD Font="normal"><LA>die allgemein anerkannten Regeln der Technik,</LA></DD><DT>d)</DT><DD Font="normal"><LA>das benötigte Fachpersonal sowie die Materialien, fachspezifische Arbeits- und Betriebsmittel sowie räumliche Voraussetzungen und</LA></DD><DT>e)</DT><DD Font="normal"><LA>die Möglichkeiten zum Einsatz von Auszubildenden,</LA></DD></DL></LA></DD><DT>7.</DT><DD Font="normal"><LA>Arten und Eigenschaften von zu bearbeitenden und zu verarbeitenden Materialien berücksichtigen,</LA></DD><DT>8.</DT><DD Font="normal"><LA>Service- und Instandhaltungsmaßnahmen an Hörsystemen, Gehörschutz und Zubehör durchführen, Nachsorge erbringen,</LA></DD><DT>9.</DT><DD Font="normal"><LA>Lärmmessungen und Lärmanalysen durchführen und daraus Maßnahmen ableiten,</LA></DD><DT>10.</DT><DD Font="normal"><LA>Unteraufträge kriteriengeleitet, insbesondere unter Berücksichtigung von Qualität der Leistungen und Rechtsvorschriften, vergeben und deren Ausführung kontrollieren,</LA></DD><DT>11.</DT><DD Font="normal"><LA>fortlaufende Qualitätskontrollen durchführen, Störungen analysieren und beseitigen, Ergebnisse daraus bewerten und dokumentieren,</LA></DD><DT>12.</DT><DD Font="normal"><LA>erstellte Leistungen unter Berücksichtigung der rechtlichen Rahmenbedingungen kontrollieren, Mängel beseitigen, Leistungen dokumentieren und übergeben, auswerten und abrechnen, Nachkalkulationen sowie den erforderlichen Schriftverkehr durchführen.</LA></DD></DL></P></Content></text><fussnoten/></textdaten></norm>
<norm builddate="20221123213001" doknr="BJNR020700022BJNE000400000"><metadaten><jurabk>HörAkMstrV</jurabk><enbez>§ 3</enbez><titel format="XML">Ziel und Gliederung der Prüfung in Teil I</titel></metadaten><textdaten><text format="XML"><Content><P>(1) In der Prüfung in Teil I hat der Prüfling umfängliche und zusammenhängende berufliche Aufgaben zu lösen und dabei nachzuweisen, dass er wesentliche Tätigkeiten des Hörakustiker-Handwerks meisterhaft verrichtet.</P><P>(2) Die Prüfung in Teil I gliedert sich in folgende Prüfungsbereiche: <DL Type="arabic"><DT>1.</DT><DD Font="normal"><LA>ein Meisterprüfungsprojekt nach § 4 und ein darauf bezogenes Fachgespräch nach § 5 sowie</LA></DD><DT>2.</DT><DD Font="normal"><LA>eine Situationsaufgabe nach § 6.</LA></DD></DL></P></Content></text></textdaten></norm>
<norm builddate="20221123213001" doknr="BJNR020700022BJNE000500000"><metadaten><jurabk>HörAkMstrV</jurabk><enbez>§ 4</enbez><titel format="XML">Meisterprüfungsprojekt</titel></metadaten><textdaten><text format="XML"><Content><P>(1) Der Prüfling hat ein Meisterprüfungsprojekt durchzuführen, das einem Kundenauftrag entspricht. Das Meisterprüfungsprojekt besteht aus Planungs-, Durchführungs-, Kontroll- und Dokumentationsarbeiten.</P><P>(2) Als Meisterprüfungsprojekt ist eine Versorgung mit Hörsystemen nach § 2 Satz 2 Nummer 5 unter Berücksichtigung von differenzierten Kundenanforderung und -wünschen durchzuführen, bestehend aus <DL Type="arabic"><DT>1.</DT><DD Font="normal"><LA>Planung, Messung und Beratung des Kunden,</LA></DD><DT>2.</DT><DD Font="normal"><LA>Fertigungs- und Anpasstätigkeiten,</LA></DD><DT>3.</DT><DD Font="normal"><LA>Kontroll- und Dokumentationsarbeiten zur Qualitätsbeurteilung anhand der Versorgungsunterlagen zur Sicherstellung des Versorgungszieles sowie der sozialrechtlichen Anforderungen.</LA></DD></DL></P><P>(3) Die Anforderungen an das jeweilige Meisterprüfungsprojekt werden nach Maßgabe der Vorschriften der Meisterprüfungsverfahrensverordnung festgelegt.</P><P>(4) Anhand der Anforderungen erarbeitet der Prüfling ein Umsetzungskonzept für den Kundenauftrag einschließlich einer Schätzung hinsichtlich des Zeit- und Materialbedarfs. Das Umsetzungskonzept hat er vor der Durchführung des Meisterprüfungsprojekts dem Meisterprüfungsausschuss zur Freigabe vorzulegen. Der Meisterprüfungsausschuss prüft, ob das Umsetzungskonzept den Anforderungen entspricht.</P><P>(5) Für die Bearbeitung des Meisterprüfungsprojekts stehen dem Prüfling 6 Stunden zur Verfügung.</P><P>(6) Für die Bewertung des Meisterprüfungsprojekts werden die einzelnen Bestandteile wie folgt gewichtet: <DL Type="arabic"><DT>1.</DT><DD Font="normal"><LA>die Planungs-, Messungs- und Beratungsarbeiten anhand der Planungsunterlagen mit 30 Prozent,</LA></DD><DT>2.</DT><DD Font="normal"><LA>die Fertigungs- und Anpasstätigkeiten mit 60 Prozent und</LA></DD><DT>3.</DT><DD Font="normal"><LA>die Kontroll- und die Dokumentationsarbeiten anhand der Versorgungsunterlagen mit 10 Prozent.</LA></DD></DL></P></Content></text></textdaten></norm>
<norm builddate="20221123213001" doknr="BJNR020700022BJNE000600000"><metadaten><jurabk>HörAkMstrV</jurabk><enbez>§ 5</enbez><titel format="XML">Fachgespräch</titel></metadaten><textdaten><text format="XML"><Content><P>(1) Im Fachgespräch hat der Prüfling nachzuweisen, dass er in der Lage ist, <DL Type="arabic"><DT>1.</DT><DD Font="normal"><LA>die fachlichen Zusammenhänge aufzuzeigen, die dem Meisterprüfungsprojekt zugrunde liegen,</LA></DD><DT>2.</DT><DD Font="normal"><LA>den Kunden zu beraten und dabei den jeweiligen Kundenwunsch sowie wirtschaftliche, rechtliche und technische Gesichtspunkte in das Beratungsgespräch einzubeziehen,</LA></DD><DT>3.</DT><DD Font="normal"><LA>sein Vorgehen bei der Planung und Durchführung des Meisterprüfungsprojekts zu begründen sowie</LA></DD><DT>4.</DT><DD Font="normal"><LA>mit dem Meisterprüfungsprojekt verbundene berufsbezogene Probleme sowie deren Lösungen darzustellen und dabei aktuelle Entwicklungen im Hörakustiker-Handwerk zu berücksichtigen.</LA></DD></DL></P><P>(2) Das Fachgespräch soll höchstens 30 Minuten dauern.</P></Content></text></textdaten></norm>
<norm builddate="20221123213001" doknr="BJNR020700022BJNE000700000"><metadaten><jurabk>HörAkMstrV</jurabk><enbez>§ 6</enbez><titel format="XML">Situationsaufgabe</titel></metadaten><textdaten><text format="XML"><Content><P>(1) Die Situationsaufgabe orientiert sich an einem Kundenauftrag und vervollständigt für die Meisterprüfung den Nachweis der beruflichen Handlungskompetenz.</P><P>(2) Die Situationsaufgabe wird nach Maßgabe der Vorschriften der Meisterprüfungsverfahrensverordnung festgelegt. Im Rahmen der Situationsaufgabe hat der Prüfling <DL Type="arabic"><DT>1.</DT><DD Font="normal"><LA>Kenndaten eines Hörsystems zur Qualitätssicherung zu ermitteln und</LA></DD><DT>2.</DT><DD Font="normal"><LA>ein individuelles Hörprofil zu erstellen sowie audiologische Kenndaten zu ermitteln.</LA></DD></DL>Daneben sind durch den Meisterprüfungsausschuss zwei weitere Aufgaben aus den folgenden Arbeiten auszuwählen:<DL Type="arabic"><DT>1.</DT><DD Font="normal"><LA>Hörsysteme programmieren und verifizieren,</LA></DD><DT>2.</DT><DD Font="normal"><LA>Tinnitus bestimmen und versorgen,</LA></DD><DT>3.</DT><DD Font="normal"><LA>Hörassistenzsysteme anpassen und überprüfen,</LA></DD><DT>4.</DT><DD Font="normal"><LA>Lärmmessung zur Bestimmung der Lärmdosis in einer vorgegebenen Umgebung und Gehörschutzversorgung durchführen,</LA></DD><DT>5.</DT><DD Font="normal"><LA>Hörsystemtechnik in individuell gefertigte Ohrpassstücke einbauen,</LA></DD><DT>6.</DT><DD Font="normal"><LA>BiCROS oder CROS-Messungen durchführen,</LA></DD><DT>7.</DT><DD Font="normal"><LA>Fehlfunktionen an Hörsystemen erkennen, Fehlerdiagnosen durchführen und Fehlfunktionen beheben,</LA></DD><DT>8.</DT><DD Font="normal"><LA>Überwachung der Messmittel entsprechend der gesetzlichen Vorschriften sicherstellen und überwachen,</LA></DD><DT>9.</DT><DD Font="normal"><LA>psychoakustische Messverfahren anwenden, auswerten und zielorientiert einsetzen,</LA></DD><DT>10.</DT><DD Font="normal"><LA>Teil- und Vollimplantate programmieren und in deren Gebrauch einweisen,</LA></DD><DT>11.</DT><DD Font="normal"><LA>objektive Messverfahren anwenden, auswerten und zielorientiert einsetzen,</LA></DD><DT>12.</DT><DD Font="normal"><LA>Insitu-Messungen durchführen und bewerten,</LA></DD><DT>13.</DT><DD Font="normal"><LA>auf Basis eines vorgegebenen Audiogrammes dreidimensionale Abbilder des äußeren Ohres erstellen oder</LA></DD><DT>14.</DT><DD Font="normal"><LA>Otoplastiken, auch als Sonderformen anfertigen.</LA></DD></DL></P><P>(3) Für die Bearbeitung der Situationsaufgabe stehen dem Prüfling 3 Stunden zur Verfügung.</P><P>(4) Jede Arbeit nach Absatz 2 Satz 2 Nummer 1 und 2 sowie Satz 3 Nummer 1 bis 14 wird als Teilleistung gesondert bewertet. Die Gesamtbewertung der Situationsaufgabe entspricht dem arithmetischen Mittel der Bewertungen der ausgeführten Arbeiten nach Absatz 2 Satz 2 Nummer 1 und 2 sowie Satz 3 Nummer 1 bis 14.</P></Content></text></textdaten></norm>
<norm builddate="20221123213001" doknr="BJNR020700022BJNE000800000"><metadaten><jurabk>HörAkMstrV</jurabk><enbez>§ 7</enbez><titel format="XML">Gewichtung; Bestehen der Prüfung in Teil I</titel></metadaten><textdaten><text format="XML"><Content><P>(1) Das Meisterprüfungsprojekt, das Fachgespräch und die Situationsaufgabe werden gesondert bewertet. Für das Gesamtergebnis der Prüfung in Teil I der Meisterprüfung werden zunächst die Bewertung des Meisterprüfungsprojekts und die Bewertung des Fachgesprächs im Verhältnis 3:1 gewichtet. Anschließend wird das hieraus folgende Ergebnis mit der Bewertung der Situationsaufgabe im Verhältnis 2:1 gewichtet.</P><P>(2) Der Prüfling hat den Teil I der Meisterprüfung bestanden, wenn <DL Type="arabic"><DT>1.</DT><DD Font="normal"><LA>das Meisterprüfungsprojekt, die Situationsaufgabe und das Fachgespräch jeweils mit mindestens 30 Punkten bewertet worden ist und</LA></DD><DT>2.</DT><DD Font="normal"><LA>das Gesamtergebnis der Prüfung mindestens „ausreichend“ ist.</LA></DD></DL></P></Content></text></textdaten></norm>
<norm builddate="20221123213001" doknr="BJNR020700022BJNE000900000"><metadaten><jurabk>HörAkMstrV</jurabk><enbez>§ 8</enbez><titel format="XML">Ziel und Gliederung der Prüfung in Teil II</titel></metadaten><textdaten><text format="XML"><Content><P>(1) In Teil II der Meisterprüfung hat der Prüfling umfängliche und zusammenhängende berufliche Aufgaben zu lösen und dabei nachzuweisen, dass er die erforderlichen fachtheoretischen Kenntnisse im Hörakustiker-Handwerk anwenden kann. Grundlage für den Nachweis bilden die Qualifikationen in den folgenden Handlungsfeldern: <DL Type="arabic"><DT>1.</DT><DD Font="normal"><LA>nach Maßgabe des § 9 „Anforderungen von Kunden eines Betriebs im Hörakustiker-Handwerk analysieren, Lösungen erarbeiten und anbieten“,</LA></DD><DT>2.</DT><DD Font="normal"><LA>nach Maßgabe des § 10 „Leistungen eines Betriebs im Hörakustiker-Handwerk erbringen, kontrollieren und übergeben“ und</LA></DD><DT>3.</DT><DD Font="normal"><LA>nach Maßgabe des § 11 „Einen Betrieb im Hörakustiker-Handwerk führen und organisieren“.</LA></DD></DL></P><P>(2) Der Prüfling hat in jedem der drei Handlungsfelder mindestens eine fallbezogene Aufgabe zu bearbeiten, die den Anforderungen des Absatzes 1 entspricht. Bei jeder Aufgabenstellung können die Qualifikationen der drei Handlungsfelder handlungsfeldübergreifend verknüpft werden.</P><P>(3) Die Aufgaben sind schriftlich zu bearbeiten.</P><P>(4) Für die Bearbeitung der Aufgaben stehen dem Prüfling in jedem Handlungsfeld 3 Stunden zur Verfügung. Eine Prüfungsdauer von 6 Stunden an einem Tag darf nicht überschritten werden.</P></Content></text></textdaten></norm>
<norm builddate="20221123213001" doknr="BJNR020700022BJNE001000000"><metadaten><jurabk>HörAkMstrV</jurabk><enbez>§ 9</enbez><titel format="XML">Handlungsfeld „Anforderungen von Kunden eines Betriebs im Hörakustiker-Handwerk analysieren, Lösungen erarbeiten und anbieten“</titel></metadaten><textdaten><text format="XML"><Content><P>(1) Im Handlungsfeld „Anforderungen von Kunden eines Betriebs im Hörakustiker-Handwerk analysieren, Lösungen erarbeiten und anbieten“ hat der Prüfling nachzuweisen, dass er in der Lage ist, in einem Betrieb im Hörakustiker-Handwerk Anforderungen erfolgs-, kunden- und qualitätsorientiert, auch unter Anwendung von Informations- und Kommunikationstechnologien, zu analysieren, Lösungen zu planen und anzubieten. Dabei hat er sowohl versorgungsspezifische, kulturelle, technische, ökologische, ökonomische als auch soziale Gesichtspunkte sowie die allgemein anerkannten Regeln der Technik zu berücksichtigen. Die jeweilige Aufgabenstellung soll mehrere der in Absatz 2 Nummer 1 und 2 genannten Qualifikationen verknüpfen.</P><P>(2) Das Handlungsfeld „Anforderungen von Kunden eines Betriebs im Hörakustiker-Handwerk analysieren, Lösungen erarbeiten und anbieten“ besteht aus folgenden Qualifikationen: <DL Font="normal" Type="arabic"><DT>1.</DT><DD Font="normal"><LA Size="normal">Kundenwünsche und die Rahmenbedingungen zu deren Erfüllung analysieren, dokumentieren sowie bewerten und daraus Anforderungen ableiten, hierzu zählen insbesondere: <DL Font="normal" Type="alpha"><DT>a)</DT><DD Font="normal"><LA Size="normal">Vorgehensweise zur strukturierten Ermittlung der Kundenwünsche und der jeweiligen Rahmenbedingungen erläutern und bewerten, insbesondere unter Anwendung psychologischer, psychosozialer Kompetenzen,</LA></DD><DT>b)</DT><DD Font="normal"><LA Size="normal">spezielle Wünsche und Bedürfnisse bei der Versorgung von Kindern und Jugendlichen analysieren,</LA></DD><DT>c)</DT><DD Font="normal"><LA Size="normal">Kundenwünsche und -bedürfnisse bei der Versorgung von hörbeeinträchtigten Menschen mit differenzierten und postoperativen Versorgungsanforderungen analysieren,</LA></DD><DT>d)</DT><DD Font="normal"><LA Size="normal">Plausibilitätsprüfung durchführen, hierbei insbesondere Unstimmigkeiten, wie fehlerhafte Vormessungen und Angaben der Kunden erkennen,</LA></DD><DT>e)</DT><DD Font="normal"><LA Size="normal">Beurteilung des gesundheitlichen Gefährdungspotentials beim Kunden und Folgen aus dem Ergebnis ableiten,</LA></DD><DT>f)</DT><DD Font="normal"><LA Size="normal"><I>spezifische</I> Anforderungen im pädakustischen Bereich beachten, pädaudiometrische Messungen durchführen und interpretieren sowie pädakustische Gesichtspunkte in der Anpassung von Hörsystemen anwenden und beurteilen,</LA></DD><DT>g)</DT><DD Font="normal"><LA Size="normal">die gesetzlich Vertretungsberechtigten des zu versorgenden Kindes oder Jugendlichen beraten und auf weiterführende Rehabilitationsmaßnahmen hinweisen,</LA></DD><DT>h)</DT><DD Font="normal"><LA Size="normal">medizinische und rechtliche Sonderfälle erkennen, entsprechende Maßnahmen ableiten,</LA></DD><DT>i)</DT><DD Font="normal"><LA Size="normal">Voraussetzungen für die Anpassung, Nachsorge und Reparatur von Voll- und Teilimplantaten berücksichtigen,</LA></DD><DT>j)</DT><DD Font="normal"><LA Size="normal">Kostenträger sowie vertragliche und rechtliche Rahmenbedingungen berücksichtigen,</LA></DD><DT>k)</DT><DD Font="normal"><LA Size="normal">Ergebnisse dokumentieren und bewerten, daraus Anforderungen für die Umsetzung ableiten sowie</LA></DD></DL></LA></DD><DT>2.</DT><DD Font="normal"><LA Size="normal">Lösungsmöglichkeiten entwickeln, erläutern und begründen sowie Leistungen vereinbaren, auch unter Berücksichtigung der berufsbezogenen Rechtsvorschriften und technischen Normen sowie allgemein anerkannten Regeln der Technik, hierzu zählen insbesondere: <DL Font="normal" Type="alpha"><DT>a)</DT><DD Font="normal"><LA Size="normal">Möglichkeiten und Notwendigkeiten des Einsatzes von Materialien, Rohstoffen, Bauteilen, Werkzeugen, Geräten und Personal, auch unter Berücksichtigung einzusetzender Verfahren darstellen, erläutern und begründen,</LA></DD><DT>b)</DT><DD Font="normal"><LA Size="normal">altersgerechte Lösungsmöglichkeiten unter Anwendung von audiologischen, anatomischen, physikalischen, chemischen, signalverarbeitungstheoretischen, pathologischen, akustischen, physio- und psychoakustischen, psychologischen, otoskopischen und medizinischen Kompetenzen entwickeln,</LA></DD><DT>c)</DT><DD Font="normal"><LA Size="normal">objektive und erweiterte subjektive Messverfahren beurteilen, entsprechende Fertigungs- und Anpassverfahren auswählen, erläutern und bewerten,</LA></DD><DT>d)</DT><DD Font="normal"><LA Size="normal">Sicherheits-, Gesundheits- und Haftungsrisiken bewerten und Konsequenzen ableiten,</LA></DD><DT>e)</DT><DD Font="normal"><LA Size="normal">Vor- und Nachteile verschiedener Lösungsmöglichkeiten im Hinblick auf Anforderungen, Kostengesichtspunkte sowie rechtliche und technische Gesichtspunkte erläutern und abwägen, Lösung auswählen sowie Auswahl begründen,</LA></DD><DT>f)</DT><DD Font="normal"><LA Size="normal">auf der Grundlage entwickelter Lösungsmöglichkeiten Angebote und Kostenvoranschläge für die Hörsystemversorgung, den Gehörschutz sowie das Zubehör nach vorheriger Kostenermittlung erstellen und dabei unterschiedliche Leistungen der Kostenträger berücksichtigen sowie</LA></DD><DT>g)</DT><DD Font="normal"><LA Size="normal">Abrechnungsbegründungen für Spezialanpassungen und Zusatzgeräte erstellen.</LA></DD></DL></LA></DD></DL></P></Content></text><fussnoten><Content><P>§ 9 Abs. 2 Nr 1 Buchstabe f Kursivdruck: Auf Grund offensichtlicher Unrichtigkeit wurde das Wort &quot;spezifischen&quot; durch das Wort &quot;spezifische&quot;  ersetzt</P></Content></fussnoten></textdaten></norm>
<norm builddate="20221123213001" doknr="BJNR020700022BJNE001100000"><metadaten><jurabk>HörAkMstrV</jurabk><enbez>§ 10</enbez><titel format="XML">Handlungsfeld „Leistungen eines Betriebs im Hörakustiker-Handwerk erbringen, kontrollieren und übergeben“</titel></metadaten><textdaten><text format="XML"><Content><P>(1) Im Handlungsfeld „Leistungen eines Betriebs im Hörakustiker-Handwerk erbringen, kontrollieren und übergeben“ hat der Prüfling nachzuweisen, dass er in der Lage ist, Leistungen eines Betriebs im Hörakustiker-Handwerk erfolgs-, kunden- und qualitätsorientiert, auch unter Anwendung von Informations- und Kommunikationstechnologien, zu erstellen, zu kontrollieren und zu übergeben. Dabei hat er sowohl audiologische, anatomische, physiologische, rechtliche, technische, ökologische, ökonomische als auch soziale Gesichtspunkte, Komfort und Ästhetik sowie die allgemein anerkannten Regeln der Technik zu berücksichtigen. Die jeweilige Aufgabenstellung soll mehrere der in Absatz 2 genannten Qualifikationen verknüpfen.</P><P>(2) Das Handlungsfeld „Leistungen eines Betriebs im Hörakustiker-Handwerk erbringen, kontrollieren und übergeben“ besteht aus folgenden Qualifikationen: <DL Type="arabic"><DT>1.</DT><DD Font="normal"><LA>die Erstellung der Leistungen vorbereiten, hierzu zählen insbesondere: <DL Type="alpha"><DT>a)</DT><DD Font="normal"><LA>Methoden der Arbeitsplanung und -organisation erläutern, auswählen und Auswahl begründen sowie dabei unter Berücksichtigung einzusetzender Fertigungs-, Herstellungs- und Instandsetzungsverfahren den Einsatz von Personal, Material und Technik planen,</LA></DD><DT>b)</DT><DD Font="normal"><LA>mögliche Störungen bei der Leistungserbringung, auch in der interdisziplinären Zusammenarbeit bei der Versorgung der Kunden vorhersehen und Auswirkungen bewerten sowie Lösungen zu deren Vermeidung oder Behebung entwickeln,</LA></DD><DT>c)</DT><DD Font="normal"><LA>Handhabungshinweise und Produktinformationen für Material und Technik leistungsbezogen auswerten und erläutern,</LA></DD></DL></LA></DD><DT>2.</DT><DD Font="normal"><LA>die Leistungen erbringen, hierzu zählen insbesondere: <DL Indent="5" Type="alpha"><DT>a)</DT><DD Font="normal"><LA>otoskopische Befunde bewerten,</LA></DD><DT>b)</DT><DD Font="normal"><LA>audiometrische und hördiagnostische Kenndaten und Hörprofile beurteilen sowie auf dieser Grundlage Hörsysteme beschreiben, auswählen und bewerten,</LA></DD><DT>c)</DT><DD Font="normal"><LA>Anamnese des Kunden aufnehmen und auswerten, Mess-, Anpass-, Fertigungs- und Montagetechniken, Rehabilitationsmaßnahmen sowie Herstellungsverfahren beschreiben und auswählen, Ergebnisse bewerten,</LA></DD><DT>d)</DT><DD Font="normal"><LA>Verfahren der bimodalen und elektroakustischen Stimulation sowie weitere Sonderversorgungsformen erläutern und bewerten,</LA></DD><DT>e)</DT><DD Font="normal"><LA>Tinnitustherapie, Hyperakusistherapie, Hörtraining und Audiotherapie beschreiben, auswählen und konkrete Maßnahmen einleiten,</LA></DD><DT>f)</DT><DD Font="normal"><LA>Art und Ausführung von Otoplastiken und Sonderotoplastiken beschreiben, auswählen und bewerten,</LA></DD><DT>g)</DT><DD Font="normal"><LA>Arten und Eigenschaften von zu bearbeitenden und zu verarbeitenden Materialien berücksichtigen,</LA></DD><DT>h)</DT><DD Font="normal"><LA>fortlaufende Qualitätskontrollen durchführen, Störungen analysieren und beseitigen, Ergebnisse daraus ableiten,</LA></DD><DT>i)</DT><DD Font="normal"><LA>Service-, Nachsorge- und Instandhaltungsmaßnahmen an Hörsystemen, Gehörschutz und Zubehör empfehlen und beschreiben,</LA></DD><DT>j)</DT><DD Font="normal"><LA>Lärmmessungen und Lärmanalysen beschreiben, auswählen und bewerten,</LA></DD><DT>k)</DT><DD Font="normal"><LA>Auswahl und Anpassung von individuellen Gehörschutzsystemen, auch als Teil der persönlichen Schutzausrüstung beschreiben,</LA></DD><DT>l)</DT><DD Font="normal"><LA>berufsbezogene Rechtsvorschriften, insbesondere des Medizinprodukterechts, und technische Normen sowie allgemein anerkannte Regeln der Technik beurteilen,</LA></DD><DT>m)</DT><DD Font="normal"><LA>Maßnahmen zur Gefahrenvermeidung und -beseitigung erläutern und umsetzen,</LA></DD><DT>n)</DT><DD Font="normal"><LA>Fehler und Mängel bei der Erstellung der Leistungen erläutern sowie Maßnahmen zur Beseitigung ableiten und</LA></DD><DT>o)</DT><DD Font="normal"><LA>audiologische, anatomische, pathologische, akustische, physio- und psychoakustische, psychologische, otoskopische und medizinische Befunde sowie physikalische, chemische, signalverarbeitungstheoretische Eigenschaften berücksichtigen und</LA></DD></DL></LA></DD><DT>3.</DT><DD Font="normal"><LA>die Leistungen kontrollieren, dokumentieren, übergeben und abrechnen, hierzu zählen insbesondere: <DL Type="alpha"><DT>a)</DT><DD Font="normal"><LA>Kriterien zur Erfassung und Validierung der erbrachten Leistungen erläutern,</LA></DD><DT>b)</DT><DD Font="normal"><LA>Leistungen dokumentieren und Ergebnisse beurteilen,</LA></DD><DT>c)</DT><DD Font="normal"><LA>Vorgehensweise zur Übergabe der Leistungen erläutern und den Kunden über Handhabung, Pflege, Wartung und Nachsorge informieren, den weiteren Versorgungsablauf und Serviceleistungen erläutern,</LA></DD><DT>d)</DT><DD Font="normal"><LA>Leistungen gegenüber dem Kunden oder dem Kostenträger abrechnen,</LA></DD><DT>e)</DT><DD Font="normal"><LA>auftragsbezogene Nachkalkulationen durchführen und Konsequenzen ableiten,</LA></DD><DT>f)</DT><DD Font="normal"><LA>Möglichkeiten des Aufbaus und Erhalts von Kundenzufriedenheit sowie der Kundenbindung erläutern und beurteilen sowie</LA></DD><DT>g)</DT><DD Font="normal"><LA>Lösungen für Reklamationen und Kundeneinwände unter Berücksichtigung rechtlicher Gesichtspunkte erarbeiten und erläutern.</LA></DD></DL></LA></DD></DL></P></Content></text></textdaten></norm>
<norm builddate="20221123213001" doknr="BJNR020700022BJNE001200000"><metadaten><jurabk>HörAkMstrV</jurabk><enbez>§ 11</enbez><titel format="XML">Handlungsfeld „Einen Betrieb im Hörakustiker-Handwerk führen und organisieren“</titel></metadaten><textdaten><text format="XML"><Content><P>(1) Im Handlungsfeld „Einen Betrieb im Hörakustiker-Handwerk führen und organisieren“ hat der Prüfling nachzuweisen, dass er in der Lage ist, Aufgaben der Betriebsführung und der Betriebsorganisation in einem Betrieb im Hörakustiker-Handwerk unter Berücksichtigung der Rechtsvorschriften, auch unter Anwendung von Informations- und Kommunikationstechnologien, wahrzunehmen. Dabei hat er den Nutzen zwischenbetrieblicher Kooperationen zu prüfen und zu bewerten. Die jeweilige Aufgabenstellung soll mehrere der in Absatz 2 genannten Qualifikationen verknüpfen.</P><P>(2) Das Handlungsfeld „Einen Betrieb im Hörakustiker-Handwerk führen und organisieren“ besteht aus folgenden Qualifikationen: <DL Type="arabic"><DT>1.</DT><DD Font="normal"><LA>betriebliche Kosten analysieren und für die Preisgestaltung und Effizienzsteigerung nutzen, hierzu zählen insbesondere: <DL Type="alpha"><DT>a)</DT><DD Font="normal"><LA>betriebliche Kosten ermitteln, dabei betriebswirtschaftliche Zusammenhänge berücksichtigen,</LA></DD><DT>b)</DT><DD Font="normal"><LA>Nachkalkulation durchführen und Konsequenzen daraus ableiten,</LA></DD><DT>c)</DT><DD Font="normal"><LA>betriebliche Kostenstrukturen überprüfen,</LA></DD><DT>d)</DT><DD Font="normal"><LA>betriebliche Kennzahlen ermitteln und vergleichen,</LA></DD><DT>e)</DT><DD Font="normal"><LA>Maßnahmen zur Effizienzsteigerung aus der Kostenanalyse ableiten,</LA></DD><DT>f)</DT><DD Font="normal"><LA>Personal-, Material- und Gerätekosten für standardisierte Leistungen kalkulieren,</LA></DD><DT>g)</DT><DD Font="normal"><LA>Preise für standardisierte Leistungen ermitteln und anpassen und</LA></DD><DT>h)</DT><DD Font="normal"><LA>Preise und Stundenverrechnungssätze für individuelle und dienstleistungsintensive Leistungen ermitteln, überprüfen und wenn notwendig anpassen,</LA></DD></DL></LA></DD><DT>2.</DT><DD Font="normal"><LA>Marketingmaßnahmen zur Kundengewinnung und -pflege erarbeiten, hierzu zählen insbesondere: <DL Type="alpha"><DT>a)</DT><DD Font="normal"><LA>Auswirkungen technologischer, wirtschaftlicher, rechtlicher und gesellschaftlicher Entwicklungen sowie veränderter Kundenanforderungen auf das Leistungsangebot darstellen und begründen,</LA></DD><DT>b)</DT><DD Font="normal"><LA>Möglichkeiten der Auftragsbeschaffung darstellen und Marketingmaßnahmen unter Berücksichtigung wettbewerbsrechtlicher Vorschriften zur Kundengewinnung und -pflege entwickeln,</LA></DD><DT>c)</DT><DD Font="normal"><LA>ein Konzept entwickeln, insbesondere unter Berücksichtigung von Gesichtspunkten der Kundenberatung,</LA></DD><DT>d)</DT><DD Font="normal"><LA>Informationen über Produkte und das Leistungsspektrum des Betriebs erstellen sowie</LA></DD><DT>e)</DT><DD Font="normal"><LA>Vertriebswege, auch informations- und kommunikationsgestützt, ermitteln und unter Berücksichtigung der rechtlichen Rahmenbedingungen bewerten,</LA></DD></DL></LA></DD><DT>3.</DT><DD Font="normal"><LA>betriebliches Qualitätsmanagement entwickeln, hierzu zählen insbesondere: <DL Type="alpha"><DT>a)</DT><DD Font="normal"><LA>Bedeutung des betrieblichen Qualitätsmanagements darstellen und beurteilen,</LA></DD><DT>b)</DT><DD Font="normal"><LA>Qualitätsmanagementsysteme unterscheiden und beurteilen,</LA></DD><DT>c)</DT><DD Font="normal"><LA>Maßnahmen zur Kontrolle und Dokumentation der Leistungen erläutern, begründen und bewerten, insbesondere unter Berücksichtigung von Qualitätsstandards, Rechtsvorschriften und technischen Normen,</LA></DD><DT>d)</DT><DD Font="normal"><LA>Maßnahmen zur kontinuierlichen Verbesserung von Arbeits- und Geschäftsprozessen festlegen und bewerten,</LA></DD><DT>e)</DT><DD Font="normal"><LA>Verfahren zur Überwachung von Messmitteln beschreiben und</LA></DD><DT>f)</DT><DD Font="normal"><LA>Maßnahmen zur Rückverfolgbarkeit von abgegebenen Medizinprodukten erläutern,</LA></DD></DL></LA></DD><DT>4.</DT><DD Font="normal"><LA>Personal unter Berücksichtigung gewerbespezifischer Bedingungen planen und anleiten, Personalentwicklung planen, hierzu zählen insbesondere: <DL Type="alpha"><DT>a)</DT><DD Font="normal"><LA>Einsatz von Personal disponieren und dabei die Vorschriften des Arbeits-, Handwerks- und Sozialrechts berücksichtigen,</LA></DD><DT>b)</DT><DD Font="normal"><LA>Einsatz von Auszubildenden auf Grundlage des betrieblichen Ausbildungsplans disponieren,</LA></DD><DT>c)</DT><DD Font="normal"><LA>Methoden zur Anleitung von Personal erläutern,</LA></DD><DT>d)</DT><DD Font="normal"><LA>Qualifikationsbedarfe ermitteln,</LA></DD><DT>e)</DT><DD Font="normal"><LA>Maßnahmen zur fortlaufenden Qualifizierung planen und</LA></DD><DT>f)</DT><DD Font="normal"><LA>Maßnahmen zur Mitarbeiterbindung beschreiben und</LA></DD></DL></LA></DD><DT>5.</DT><DD Font="normal"><LA>Betriebs- und Lagerausstattung sowie Abläufe planen, hierzu zählen insbesondere: <DL Type="alpha"><DT>a)</DT><DD Font="normal"><LA>Durchführung der rechtlich vorgeschriebenen Gefährdungsbeurteilung erläutern, Folgen aus dem Ergebnis ableiten,</LA></DD><DT>b)</DT><DD Font="normal"><LA>Ausstattung des Betriebs, insbesondere unter Berücksichtigung der Vorschriften der betrieblichen Bedarfe des Gewerbes, des Arbeitsschutzes, sowie unter sowohl ökologischer, ökonomischer, sozialer als auch logistischer Gesichtspunkte planen und begründen,</LA></DD><DT>c)</DT><DD Font="normal"><LA>Maßnahmen zur Unfallverhütung und zum Arbeitsschutz, insbesondere unter Berücksichtigung sowohl ökologischer, ökonomischer als auch sozialer Gesichtspunkte, planen und begründen,</LA></DD><DT>d)</DT><DD Font="normal"><LA>Instandhaltung und Überwachung von Werkzeugen, Geräten, Materialien und Prüfmitteln planen,</LA></DD><DT>e)</DT><DD Font="normal"><LA>Betriebsabläufe planen und verbessern, unter Berücksichtigung der Nachfrage, der betrieblichen Auslastung, des Einsatzes von Personal, Material und Technik und</LA></DD><DT>f)</DT><DD Font="normal"><LA>Verfahren zur regelmäßigen Prüfung von Betriebsabläufen auf Konformität mit rechtlichen Rahmenbedingungen und allgemeinen technischen Regeln beschreiben.</LA></DD></DL></LA></DD></DL></P></Content></text></textdaten></norm>
<norm builddate="20221123213001" doknr="BJNR020700022BJNE001300000"><metadaten><jurabk>HörAkMstrV</jurabk><enbez>§ 12</enbez><titel format="XML">Gewichtung, Bestehen der Prüfung in Teil II</titel></metadaten><textdaten><text format="XML"><Content><P>(1) Für das Gesamtergebnis der Prüfung in Teil II der Meisterprüfung ist das arithmetische Mittel der Bewertungen der Handlungsfelder nach den §§ 9 bis 11 zu bilden.</P><P>(2) Wurden in höchstens zwei der drei Handlungsfelder jeweils mindestens 30 und weniger als 50 Punkte erreicht, so kann in einem dieser Handlungsfelder eine mündliche Ergänzungsprüfung durchgeführt werden, wenn diese für das Bestehen der Prüfung in Teil II der Meisterprüfung ausschlaggebend ist.</P><P>(3) Der Prüfling hat den Teil II der Meisterprüfung bestanden, wenn <DL Type="arabic"><DT>1.</DT><DD Font="normal"><LA>jedes der drei Handlungsfelder mit mindestens 30 Punkten bewertet worden ist,</LA></DD><DT>2.</DT><DD Font="normal"><LA>nach durchgeführter Ergänzungsprüfung nach Absatz 2 höchstens ein Handlungsfeld mit weniger als 50 Punkten bewertet worden ist und</LA></DD><DT>3.</DT><DD Font="normal"><LA>das Gesamtergebnis der Prüfung mindestens „ausreichend“ ist.</LA></DD></DL></P></Content></text></textdaten></norm>
<norm builddate="20221123213001" doknr="BJNR020700022BJNE001400000"><metadaten><jurabk>HörAkMstrV</jurabk><enbez>§ 13</enbez><titel format="XML">Allgemeine Prüfungs- und Verfahrensregelungen, weitere Regelungen zur Meisterprüfung</titel></metadaten><textdaten><text format="XML"><Content><P>(1) Die Vorschriften der Meisterprüfungsverfahrensverordnung bleiben unberührt.</P><P>(2) Die Prüfung in den Teilen III und IV der Meisterprüfung bestimmt sich nach der Allgemeinen Meisterprüfungsverordnung.</P></Content></text></textdaten></norm>
<norm builddate="20221123213001" doknr="BJNR020700022BJNE001500000"><metadaten><jurabk>HörAkMstrV</jurabk><enbez>§ 14</enbez><titel format="XML">Übergangsvorschrift</titel></metadaten><textdaten><text format="XML"><Content><P>(1) Die bis zum Ablauf des 30. Juni 2022 begonnenen Prüfungsverfahren werden nach den Vorschriften für die Hörgeräteakustikermeisterverordnung vom 26. April 1994 (BGBl. I S. 895), die zuletzt durch Artikel 2 Absatz 13 der Verordnung vom 18. Januar 2022 (BGBl. I S. 39) geändert worden ist, zu Ende geführt. Erfolgt die Anmeldung zur Prüfung bis zum Ablauf des 31. Dezember 2022, so sind auf Verlangen des Prüflings die bis zum Ablauf des 30. Juni 2022 geltenden Vorschriften weiter anzuwenden.</P><P>(2) Prüflinge, die die Prüfung nach den bis zum Ablauf des 30. Juni 2022 geltenden Vorschriften nicht bestanden haben und sich bis zum Ablauf des 30. Juni 2024 zu einer Wiederholungsprüfung anmelden, können auf Verlangen die Wiederholungsprüfung nach den bis zum Ablauf des 30. Juni 2022 geltenden Vorschriften ablegen.</P></Content></text></textdaten></norm>
<norm builddate="20221123213001" doknr="BJNR020700022BJNE001600000"><metadaten><jurabk>HörAkMstrV</jurabk><enbez>§ 15</enbez><titel format="XML">Inkrafttreten, Außerkrafttreten</titel></metadaten><textdaten><text format="XML"><Content><P>Diese Verordnung tritt am 1. Juli 2022 in Kraft. Gleichzeitig tritt die Hörgeräteakustikermeisterverordnung vom 26. April 1994 (BGBl. I S. 895), die zuletzt durch Artikel 2 Absatz 13 der Verordnung vom 18. Januar 2022 (BGBl. I S. 39) geändert worden ist, außer Kraft.</P></Content></text></textdaten></norm>
</dokumente>