<?xml version="1.0" encoding="UTF-8" ?><!DOCTYPE dokumente SYSTEM "http://www.gesetze-im-internet.de/dtd/1.01/gii-norm.dtd">
<dokumente builddate="20230602213015" doknr="BJNR421400021"><norm builddate="20230602213015" doknr="BJNR421400021"><metadaten><jurabk>AufbhV 2021</jurabk><amtabk>AufbhV 2021</amtabk><ausfertigung-datum manuell="ja">2021-09-15</ausfertigung-datum><fundstelle typ="amtlich"><periodikum>BGBl I</periodikum><zitstelle>2021, 4214</zitstelle></fundstelle><kurzue>Aufbauhilfeverordnung 2021</kurzue><langue>Verordnung über die Verteilung und Verwendung der Mittel des Fonds „Aufbauhilfe 2021“</langue><standangabe checked="ja"><standtyp>Stand</standtyp><standkommentar>Geändert durch Art. 1 V v. 31.5.2023 I Nr. 141</standkommentar></standangabe></metadaten><textdaten><fussnoten><Content><P><BR/> <pre xml:space="preserve">(+++ Textnachweis ab: 16.9.2021 +++)<BR/><BR/></pre></P></Content></fussnoten></textdaten></norm>
<norm builddate="20230602213015" doknr="BJNR421400021BJNE000100000"><metadaten><jurabk>AufbhV 2021</jurabk><enbez>Eingangsformel</enbez></metadaten><textdaten><text format="XML"><Content><P>Auf Grund des § 2 Absatz 4 des Aufbauhilfefonds-Errichtungsgesetzes 2021 vom 10. September 2021 (BGBl. I S. 4147) verordnet die Bundesregierung:</P></Content></text></textdaten></norm>
<norm builddate="20230602213015" doknr="BJNR421400021BJNE000201123"><metadaten><jurabk>AufbhV 2021</jurabk><enbez>§ 1</enbez><titel format="XML">Mittel und Mittelverteilung</titel></metadaten><textdaten><text format="XML"><Content><P>(1) Dem Fonds „Aufbauhilfe 2021“ werden Mittel in Höhe von bis zu 30 Milliarden Euro zur Verfügung gestellt.</P><P>(2) Dem Bund stehen aus dem Fonds für Maßnahmen zur Wiederherstellung seiner Infrastruktur 2 Milliarden Euro zur Verfügung.</P><P>(3) Die übrigen Mittel werden für Maßnahmen nach § 2 Absatz 2 des Aufbauhilfefonds-Errichtungsgesetzes 2021 auf die vom Starkregen und Hochwasser betroffenen Länder verteilt.</P><P>(4) Die Verteilung der Mittel nach Absatz 3 zwischen den betroffenen Ländern erfolgt nach dem Schlüssel: <table colsep="0" frame="none" pgwide="0" rowsep="0" tabstyle="Laender" tocentry="%yes;"><tgroup align="left" char="" charoff="50" cols="2"><colspec colname="col1" colwidth="70*"/><colspec align="right" colname="col2" colwidth="30*"/><tbody valign="top"><row><entry VJ="1" colname="col1">Rheinland-Pfalz</entry><entry VJ="1" colname="col2">54,53 Prozent,</entry></row><row><entry VJ="1" colname="col1">Nordrhein-Westfalen</entry><entry VJ="1" colname="col2">43,99 Prozent,</entry></row><row><entry VJ="1" colname="col1">Bayern</entry><entry VJ="1" colname="col2">1,00 Prozent,</entry></row><row><entry VJ="1" colname="col1">Sachsen</entry><entry VJ="1" colname="col2">0,48 Prozent.</entry></row></tbody></tgroup></table>Der Schlüssel nach Satz 1 ist im gegenseitigen Einvernehmen zwischen den betroffenen Ländern und dem Bund auf die prozentuale Verteilung der nach § 2 ermittelten Gesamtschäden anzupassen. Dazu wird spätestens am 30. Juni 2031 in einer Bund-Länder-Vereinbarung ein angepasster Verteilungsschlüssel festgelegt.</P><P>(5) Die Verteilung der auf den Bund und die Länder entfallenden Mittel des Fonds auf die einzelnen Maßnahmen nach § 2 Absatz 2 des Aufbauhilfefonds-Errichtungsgesetzes 2021 erfolgt für die Mittel, welche 2021 zugeführt werden, nach Maßgabe des gemäß § 6 des Aufbauhilfefonds-Errichtungsgesetzes 2021 aufzustellenden Wirtschaftsplans. Der Wirtschaftsplan wird für das Jahr 2021 als Anlage zu dieser Rechtsverordnung festgestellt. Ab dem Haushaltsjahr 2022 wird er zusammen mit dem Haushaltsgesetz festgestellt und als Anlage zum Bundeshaushaltsplan veröffentlicht.</P></Content></text><fussnoten/></textdaten></norm>
<norm builddate="20230602213015" doknr="BJNR421400021BJNE000300000"><metadaten><jurabk>AufbhV 2021</jurabk><enbez>§ 2</enbez><titel format="XML">Ermittlung der Gesamtschäden</titel></metadaten><textdaten><text format="XML"><Content><P>(1) Die Ermittlungen der Gesamtschäden in den vom Starkregen und Hochwasser betroffenen Ländern erfolgt nach Maßgabe der in den nachfolgenden Absätzen geregelten einheitlichen Grundsätze.</P><P>(2) Es werden bei der Ermittlung der Gesamtschäden nur Schäden berücksichtigt, die durch den Starkregen und das Hochwasser im Juli 2021 in den folgenden Regionen der betroffenen Länder entstanden sind und insbesondere dort, wo Soforthilfen geleistet wurden: <DL Type="arabic"><DT>1.</DT><DD Font="normal"><LA>Bayern: die Landkreise Ansbach, Berchtesgadener Land, Erlangen-Höchstadt, Forchheim, Fürth, Haßberge, Hof, Kitzingen, Miesbach, Neustadt an der Aisch-Bad Windsheim, Oberallgäu, Rosenheim, Roth, Schweinfurt, Traunstein und Würzburg sowie die kreisfreien Städte Ansbach und Hof,</LA></DD><DT>2.</DT><DD Font="normal"><LA>Nordrhein-Westfalen: die Regierungsbezirke Arnsberg, Düsseldorf, Köln und Münster,</LA></DD><DT>3.</DT><DD Font="normal"><LA>Rheinland-Pfalz: die Landkreise Ahrweiler, Bernkastel-Wittlich, Cochem-Zell, Eifelkreis Bitburg-Prüm, Mayen-Koblenz, Trier-Saarburg und Vulkaneifel sowie die kreisfreie Stadt Trier,</LA></DD><DT>4.</DT><DD Font="normal"><LA>Sachsen: die Landkreise Bautzen, Erzgebirgskreis, Görlitz, Mittelsachsen, Sächsische Schweiz Osterzgebirge und Vogtlandkreis.</LA></DD></DL></P><P>(3) Bei der Schadensermittlung werden Schäden durch Hochwasser und Starkregen sowie Schäden durch wild abfließendes Wasser, Sturzflut, aufsteigendes Grundwasser, überlaufende oder beschädigte Abwasseranlagen, Regenrückhaltebecken und Einrichtungen zur Wasserversorgung einschließlich Talsperren und Schäden durch Hangrutsch, soweit sie jeweils unmittelbar in Folge der Hochwasser- bzw. der Starkregenereignisse verursacht worden sind, berücksichtigt. Berücksichtigt werden auch unmittelbare Schäden durch Einsatzkräfte und Einsatzfahrzeuge sowie privat Helfende. Nicht berücksichtigt werden Schäden, die wegen des Verstoßes gegen Vorschriften zum Schutz vor Hochwassergefahren in festgesetzten oder vorläufig gesicherten Überschwemmungsgebieten eingetreten sind.</P><P>(4) Schäden in folgenden Bereichen werden bei der Schadensermittlung berücksichtigt: <DL Type="arabic"><DT>1.</DT><DD Font="normal"><LA>Privathaushalte,</LA></DD><DT>2.</DT><DD Font="normal"><LA>gewerbliche und freiberufliche Wirtschaft,</LA></DD><DT>3.</DT><DD Font="normal"><LA>Land- und Forstwirtschaft sowie Aquakultur und Binnenfischerei,</LA></DD><DT>4.</DT><DD Font="normal"><LA>kulturelle und wissenschaftliche Einrichtungen unabhängig von ihrer Trägerschaft,</LA></DD><DT>5.</DT><DD Font="normal"><LA>andere Einrichtungen nach § 2 Absatz 2 Nummer 1 des Aufbauhilfefonds-Errichtungsgesetzes 2021, wie Vereine und Stiftungen,</LA></DD><DT>6.</DT><DD Font="normal"><LA>Infrastruktur der Gemeinden und Infrastruktur weiterer Körperschaften des öffentlichen Rechts,</LA></DD><DT>7.</DT><DD Font="normal"><LA>Infrastruktur der Länder,</LA></DD><DT>8.</DT><DD Font="normal"><LA>Religionsgemeinschaften, die als Körperschaften des öffentlichen Rechts anerkannt sind.</LA></DD></DL></P><P>(5) Bei der Schadensermittlung wird auf die Beseitigungskosten nebst den Kosten für die Wiederherstellung oder Ersatzbeschaffung unter Einhaltung von baulichen und technischen Normen abgestellt. Die Ermittlung der Schäden bei Unternehmen im beihilferechtlichen Sinn richtet sich nach den Maßgaben von Artikel 50 der Verordnung (EU) Nr. 651/2014 der Kommission vom 17. Juni 2014. In Abweichung zu Absatz 3 werden danach bei Unternehmen nur Schäden durch Erdrutsche und Überschwemmungen, soweit sie jeweils unmittelbar in Folge der Hochwasser- bzw. der Starkregenereignisse verursacht worden sind, berücksichtigt. Als Schäden von Unternehmen im beihilferechtlichen Sinn können auch Einkommenseinbußen im Sinne von Artikel 50 der Verordnung (EU) <NB>Nr. 651/2014</NB> der Kommission vom 17. Juni 2014 anerkannt werden. Die Schadensermittlung im Agrarsektor richtet sich im beihilferechtlichen Sinn nach Artikel 30 der Verordnung (EU) Nr. 702/2014 der Kommission vom 25. Juni 2014. Die Schadensermittlung in der Aquakultur und Binnenfischerei richtet sich im beihilferechtlichen Sinn nach Artikel 44 der Verordnung (EU) Nr. 1388/2014 der Kommission vom 16. Dezember 2014. Die Sätze 3 und 4 gelten für die in den Sätzen 5 und 6 beschriebenen Bereiche des Absatzes 4 Nummer 3 entsprechend der jeweiligen Verordnungen.</P><P>(6) Bei der Schadensermittlung werden Kosten für Maßnahmen berücksichtigt, die unmittelbar vor oder während des Zeitraums nach Absatz 2 getroffen wurden, soweit sie unmittelbar der Abwehr von hochwasserbedingten Gefahren und der Begrenzung hochwasserbedingter Schäden gedient haben. Kosten der Beseitigung der Maßnahmen nach Satz 1 sind ebenfalls berücksichtigungsfähig.</P><P>(7) Im Rahmen von Verwaltungsvereinbarungen zwischen dem Bund und den in § 2 Absatz 1 des Aufbauhilfefonds-Errichtungsgesetzes 2021 genannten Ländern können konkretere Regelungen getroffen werden.</P></Content></text></textdaten></norm>
<norm builddate="20230602213015" doknr="BJNR421400021BJNE000400000"><metadaten><jurabk>AufbhV 2021</jurabk><enbez>§ 3</enbez><titel format="XML">Mittelverwendung und Fördergrundsätze</titel></metadaten><textdaten><text format="XML"><Content><P>(1) Nach der Verteilung der Mittel des Fonds entsprechend dem jeweils geltenden Wirtschaftsplan obliegt die Entscheidung über die Verwendung der auf die vom Hochwasser und Starkregen betroffenen Länder entfallenden Mittel den Ländern und den durch sie beauftragten Stellen (bewilligende Stellen). Der Bund entscheidet über die Verwendung der Mittel zur Wiederherstellung der Infrastruktur des Bundes.</P><P>(2) Die Förderfähigkeit der einzelnen Maßnahmen nach § 2 Absatz 2 des Aufbauhilfefonds-Errichtungsgesetzes 2021, mit Ausnahme der Maßnahmen zur Wiederherstellung der Infrastruktur des Bundes, setzt grundsätzlich den Abschluss einer entsprechenden Verwaltungsvereinbarung zwischen dem Bund und den in § 1 genannten Ländern voraus. Förderfähig sind bis zur Höhe des tatsächlich entstandenen Schadens auch Maßnahmen zur Wiederherstellung von baulichen Anlagen, betrieblichen Einrichtungen oder Infrastruktureinrichtungen, wenn sie im Hinblick auf ihre Art, ihre Lage oder ihren Umfang in einer dem jeweiligen Hochwasser- und Überschwemmungsrisiko angepassten Weise nach den allgemein anerkannten Regeln der Technik zur Vermeidung künftiger Schäden wiedererrichtet werden. Die Länder können für Maßnahmen der Wiederherstellung eine dem jeweiligen Hochwasser- und Überschwemmungsrisiko angepasste Weise der Wiederherstellung zur Bedingung machen, soweit dies zur Vermeidung künftiger Schäden erforderlich ist. In zwingenden Fällen können die Kosten für dringend erforderliche temporäre Maßnahmen erstattet werden. Näheres zur Förderfähigkeit kann im Rahmen der Verwaltungsvereinbarung nach Satz 1 geregelt werden.</P><P>(3) Die Einleitung von Schadensbeseitigungsmaßnahmen vor der Bewilligung von Mitteln schließt die Förderfähigkeit dieser Maßnahmen nicht aus. Maßnahmen zur unmittelbaren Gefahrenabwehr oder Schadensbegrenzung unmittelbar vor dem in § 2 Absatz 2 genannten Zeitraum sind förderfähig.</P><P>(4) Die Mittel sind nach Maßgabe folgender Grundsätze zu gewähren: <DL Type="arabic"><DT>1.</DT><DD Font="normal"><LA>Aus den Mitteln des Fonds können für individuelle Schäden von Privathaushalten, Unternehmen, anderen Einrichtungen sowie der als Körperschaften des öffentlichen Rechts anerkannten Religionsgemeinschaften Leistungen bis zur Höhe von 80 Prozent des entstandenen Schadens unter Beachtung des § 2 Absatz 3 des Aufbauhilfefonds-Errichtungsgesetzes 2021 gewährt werden. Mittel für Maßnahmen zur Sicherung und Restaurierung von Archiven privater Vereine, Stiftungen und gemeinnütziger Einrichtungen sowie für die Heimatgeschichte bedeutsamen privaten Unterlagen werden nach Maßgabe des Wirtschaftsplans und der auf seiner Basis durchzuführenden Programme gewährt. Für denselben Schaden gewährte Soforthilfen sind anzurechnen. Die Auszahlung ist unter Rückforderungsvorbehalt insbesondere für den Fall zu stellen, dass Leistungen durch Dritte erbracht werden und hierdurch eine Überkompensation des Schadens bewirkt wird. Zur Vermeidung von Härtefällen können in begründeten Einzelfällen andere Regelungen getroffen werden.</LA></DD><DT>2.</DT><DD Font="normal"><LA>Mittel für Maßnahmen zur Wiederherstellung der Infrastruktur gemäß § 2 Absatz 2 Nummer 2 des Aufbauhilfefonds-Errichtungsgesetzes 2021, von privaten Infrastrukturbetreibern im Bereich der Energie- und Wasserwirtschaft, von privaten Betreibern von Telekommunikationsnetzen nach dem Telekommunikationsgesetz, von privaten Betreibern von Krankenhäusern und Pflegeeinrichtungen sowie von gemeinnützigen Trägern sozialer Infrastruktur werden nach Maßgabe des Wirtschaftsplans und der auf seiner Basis durchzuführenden Bundes- oder Landesprogramme unter Beachtung des § 2 Absatz 3 des Aufbauhilfefonds-Errichtungsgesetzes 2021 in Höhe von bis zu 100 Prozent gewährt.</LA></DD><DT>3.</DT><DD Font="normal"><LA>Schadensausgleichsansprüche gegenüber Dritten, insbesondere Versicherungen, können bei der Berechnung und Gewährung der Mittel des Fonds für Maßnahmen nach § 2 Absatz 2 Nummer 1 des Aufbauhilfefonds-Errichtungsgesetzes 2021 sowie zur Wiederherstellung von Gebäuden und Einrichtungen der als Körperschaften des öffentlichen Rechts anerkannten Religionsgemeinschaften vorerst außer Acht gelassen werden, soweit die Ansprüche trotz Erfolgsaussicht nach Einschätzung der bewilligenden Stelle nicht kurzfristig von den Geschädigten realisiert werden können. In diesen Fällen sind die Ansprüche nach pflichtgemäßem Ermessen der bewilligenden Stelle jedoch bis zur Höhe der bewilligten Mittel an diese abzutreten. Im weiteren Verfahren ist bei Konkretisierung der Sachlage über eine dann gegebenenfalls erforderliche Rückabtretung zu entscheiden.</LA></DD><DT>4.</DT><DD Font="normal"><LA>Der jeweilige Nachweis der Schadensangaben der Geschädigten kann durch die Glaubhaftmachung mittels geeigneter Belege und Versicherung der Richtigkeit der Angaben erbracht werden. Nachträgliche Überprüfungen und Anforderungen von Nachweisen, insbesondere bei Schäden von großem Umfang, sind dadurch nicht ausgeschlossen.</LA></DD></DL></P></Content></text></textdaten></norm>
<norm builddate="20230602213015" doknr="BJNR421400021BJNE000500000"><metadaten><jurabk>AufbhV 2021</jurabk><enbez>§ 4</enbez><titel format="XML">Zweckentsprechende Mittelverwendung, Prüfungen, Rückforderung</titel></metadaten><textdaten><text format="XML"><Content><P>(1) Die Länder sind für die zweckentsprechende Verwendung der Mittel des Fonds verantwortlich, soweit nicht der Bund für seine eigenen aus dem Fonds finanzierten Programme und Maßnahmen die Verantwortung trägt.</P><P>(2) Die Leistungen werden als Billigkeitsleistungen gewährt. Es besteht kein Rechtsanspruch. Die zuständige bewilligende Behörde entscheidet über die Art und Höhe der Hilfe nach pflichtgemäßem Ermessen im Rahmen der verfügbaren Mittel.</P><P>(3) Die Länder führen in eigener Zuständigkeit nachgelagerte Kontrollen vor Ort über die zweckentsprechende Verwendung der Mittel des Fonds in angemessenem Umfang durch. Es sollen mindestens 5 Prozent der bewilligten Anträge nachgelagert geprüft werden. Der Prüfumfang ist risikobezogen zu erhöhen.</P><P>(4) Die jeweils zuständigen obersten Landesbehörden unterrichten die jeweils für die Maßnahmen und Programme zuständigen Bundesministerien oder die von diesen beauftragten Stellen über die zweckentsprechende Inanspruchnahme und Verwendung der Mittel (Verwendungsbericht). Der Verwendungsbericht wird allen Ländern zur Verfügung gestellt. Er enthält Angaben zu den jährlichen Gesamtausgaben und ihrer Verteilung auf die jeweiligen Programme und Einzelmaßnahmen sowie den nachgelagerten Kontrollen vor Ort. Weitere Details, einschließlich der Verpflichtung zur Vorlage von Zwischenberichten und weiterer Prüfungen und Berichte, können auch in den Verwaltungsvereinbarungen geregelt werden.</P><P>(5) Einschlägige Prüfungsmitteilungen der Rechnungsprüfungsbehörden der Länder sind den zuständigen Bundesministerien mitzuteilen. Die zuständigen Bundesministerien können das Auskunftsbedürfnis präzisieren und weitergehende Nachweise verlangen.</P><P>(6) Die Länder unterrichten nach Abschluss ihrer verwaltungsmäßigen Prüfung der ordnungsgemäßen Verwendung der Mittel und nach Erstattung der Verwendungsberichte nach Absatz 4 die jeweils zuständigen Bundesministerien oder die von diesen beauftragten Stellen bis zum 31. Juli des Folgejahres in Form eines zusammenfassenden Berichts. Der Bericht soll eine kurz gefasste Darstellung über die Anzahl und Durchführung der Programme und den ihnen zuzuordnenden Maßnahmen, deren Ergebnisse sowie die Höhe der für Programme und Maßnahmen zugewiesenen und verausgabten Mittel des Fonds enthalten. Soweit einschlägige Prüfungsmitteilungen der jeweiligen obersten Rechnungsprüfungsbehörden vorliegen, sind diese ebenfalls mitzuteilen. Der Bericht wird allen Ländern zur Verfügung gestellt.</P><P>(7) Die zuständigen Bundesministerien, der Bundesrechnungshof oder deren Beauftragte können bei den Dienststellen der Länder, die mit der Bewirtschaftung der Mittel des Fonds befasst sind, sowie bei allen sonstigen Stellen, die die Länder bei der Weitergabe der Mittel eingeschaltet haben, die ordnungsgemäße Verwendung der Mittel prüfen. Eine Prüfung durch den Bundesrechnungshof oder dessen Beauftragte soll gemeinsam mit dem zuständigen Landesrechnungshof im Sinne des § 93 der Bundeshaushaltsordnung erfolgen. Dieses Prüfungsrecht besteht auch gegenüber den Geschädigten und ist im Bescheid aufzunehmen.</P><P>(8) Die bewilligenden Stellen haben im Rahmen der geltenden Verwaltungsverfahrensvorschriften die Bewilligung aufzuheben und bewilligte Mittel zugunsten des Fonds zurückzufordern, wenn festgestellt wird, dass sie zweckwidrig verwendet wurden oder dass sie zum Ausgleich des Schadens nicht oder nicht in dem gewährten Umfang erforderlich waren. Entsprechendes gilt für die Hilfen, die der Bund oder ein Land im Vorgriff auf das Aufbauhilfefonds-Errichtungsgesetz 2021 geleistet hat. Wenn von dritter Seite Leistungen zum Ausgleich des Schadens erbracht worden sind und die Summe aus diesen Leistungen und den bewilligten Fondsmitteln den finanziellen Gesamtaufwand zur Beseitigung des entstandenen Hochwasserschadens übersteigt, sind diese in Höhe der Überkompensation ebenfalls zurückzufordern.</P></Content></text></textdaten></norm>
<norm builddate="20230602213015" doknr="BJNR421400021BJNE000600000"><metadaten><jurabk>AufbhV 2021</jurabk><enbez>§ 5</enbez><titel format="XML">Inanspruchnahme und Rückzahlung von Mitteln</titel></metadaten><textdaten><text format="XML"><Content><P>(1) Die Länder nehmen die ihnen zugeteilten Mittel für sich und ihre beauftragten Stellen im Rahmen der Ansätze des Wirtschaftsplans des Fonds und nach Maßgabe des Verteilungsschlüssels nach § 1 Absatz 4 bedarfsgerecht entsprechend der Abwicklung der Maßnahmen nach § 2 Absatz 2 des Aufbauhilfefonds-Errichtungsgesetzes 2021 in Anspruch.</P><P>(2) Überzahlte oder nicht bedarfsgerecht in Anspruch genommene Mittel sind unverzüglich an den Fonds zurückzuzahlen. Erfolgt dies nicht, sind die Beträge vom Zeitpunkt der Überzahlung oder Inanspruchnahme bis zur Rückzahlung mit dem Zinssatz zu verzinsen, mindestens aber in Höhe von 1 vom Hundert, der sich nach dem Zinssatz für Kredite des Bundes zur Deckung von Ausgaben bemisst. Der Zinssatz wird vom Bundesministerium der Finanzen jeweils durch Rundschreiben an die obersten Bundesbehörden bekannt gegeben. Rückzahlungen fließen den jeweiligen Ausgabetiteln des Wirtschaftsplans des Fonds zu.</P></Content></text></textdaten></norm>
<norm builddate="20230602213015" doknr="BJNR421400021BJNE000700000"><metadaten><jurabk>AufbhV 2021</jurabk><enbez>§ 6</enbez><titel format="XML">Liquidität des Fonds</titel></metadaten><textdaten><text format="XML"><Content><P>Die Liquidität des Fonds ist durch den Bund auf seine Kosten sicherzustellen.</P></Content></text></textdaten></norm>
<norm builddate="20230602213015" doknr="BJNR421400021BJNE000800000"><metadaten><jurabk>AufbhV 2021</jurabk><enbez>§ 7</enbez><titel format="XML">Fondsverwaltung</titel></metadaten><textdaten><text format="XML"><Content><P>Die Verwaltung des Fonds obliegt dem Bundesministerium der Finanzen.</P></Content></text></textdaten></norm>
<norm builddate="20230602213015" doknr="BJNR421400021BJNE000900000"><metadaten><jurabk>AufbhV 2021</jurabk><enbez>§ 8</enbez><titel format="XML">Staatliche Beihilfen</titel></metadaten><textdaten><text format="XML"><Content><P>Soweit einzelne Hilfsmaßnahmen, die nach den Regelungen des Aufbauhilfefonds-Errichtungsgesetzes 2021 und dieser Rechtsverordnung aus dem Aufbauhilfefonds 2021 finanziert werden, staatliche Beihilfen im Sinn des Artikels 107 des Vertrags über die Arbeitsweise der Europäischen Union darstellen, sind die einschlägigen unionsrechtlichen Vorgaben des Beihilferechts zu berücksichtigen. Insbesondere sind Hilfsmaßnahmen nach Satz 1, die auf Grundlage der in § 2 Absatz 5 genannten Freistellungsverordnungen gewährt werden, bei der Europäischen Kommission durch den jeweiligen Beihilfegeber anzuzeigen. Für Hilfsmaßnahmen nach Satz 1, die nicht unter Satz 2 fallen, ist vor der Durchführung eine beihilferechtliche Genehmigung der Europäischen Kommission durch den jeweiligen Beihilfegeber einzuholen.</P></Content></text></textdaten></norm>
<norm builddate="20230602213015" doknr="BJNR421400021BJNE001000000"><metadaten><jurabk>AufbhV 2021</jurabk><enbez>§ 9</enbez><titel format="XML">Inkrafttreten</titel></metadaten><textdaten><text format="XML"><Content><P>Diese Verordnung tritt am Tag nach der Verkündung in Kraft.</P></Content></text></textdaten></norm>
<norm builddate="20230602213015" doknr="BJNR421400021BJNE001100000"><metadaten><jurabk>AufbhV 2021</jurabk><enbez>Schlussformel</enbez></metadaten><textdaten><text format="XML"><Content><P>Der Bundesrat hat zugestimmt.</P></Content></text></textdaten></norm>
<norm builddate="20230602213015" doknr="BJNR421400021BJNE001200000"><metadaten><jurabk>AufbhV 2021</jurabk><enbez>Anlage</enbez><titel format="XML">(zu § 1 Absatz 5 Satz 2)<BR/>Wirtschaftsplan des Sondervermögens „Aufbauhilfe 2021“</titel></metadaten><textdaten><text format="XML"><Content><P><noindex><kommentar typ="Fundstelle">(Fundstelle: BGBl. I 2021, 4218 - 4221)</kommentar></noindex></P><P/><table frame="top" pgwide="1" tabstyle="Zweckbestimmung" tocentry="%yes;"><tgroup align="left" char="" charoff="50" cols="6"><colspec align="left" colname="col1" colnum="1" colwidth="1*"/><colspec align="justify" colname="col2" colnum="2" colwidth="6*"/><colspec align="right" colname="col3" colnum="3" colwidth="1.6*"/><colspec align="right" colname="col4" colnum="4" colwidth="1.3*"/><colspec align="right" colname="col5" colnum="5" colwidth="1.3*"/><colspec align="right" colname="col6" colnum="6" colwidth="1.3*"/><thead valign="bottom"><row><entry VJ="1" align="center" colname="col1" colsep="1" rowsep="1" valign="middle">Titel<BR/> Funktion</entry><entry VJ="1" align="center" colsep="1" nameend="col3" namest="col2" rowsep="1" valign="middle"><SP>Zweckbestimmung</SP></entry><entry VJ="1" align="center" colname="col4" colsep="1" rowsep="1" valign="middle">Soll<BR/> 2021<BR/> 1 000 €</entry><entry VJ="1" align="center" colname="col5" colsep="1" rowsep="1" valign="middle">Soll<BR/> 2020<BR/> 1 000 €</entry><entry VJ="1" align="center" colname="col6" rowsep="1" valign="middle">Ist<BR/> 2019<BR/> 1 000 €</entry></row></thead><tbody valign="top"><row><entry VJ="1" colname="col1"/><entry VJ="1" nameend="col3" namest="col2"><B>Vorbemerkung</B></entry><entry VJ="1" colname="col4"/><entry VJ="1" align="right" colname="col5"/><entry VJ="1" align="right" colname="col6"/></row><row><entry VJ="1" colname="col1"/><entry VJ="1" nameend="col3" namest="col2">In Ausführung des Gesetzes zur Errichtung eines Sondervermögens „Aufbauhilfe 2021“ (Aufbauhilfefonds-Errichtungsgesetz 2021 – AufbhEG 2021) vom 10. September 2021 (BGBl. I S. 4147) wird ein nationaler Fonds „Aufbauhilfe 2021“ als Sondervermögen des Bundes errichtet.</entry><entry VJ="1" colname="col4"/><entry VJ="1" align="right" colname="col5"/><entry VJ="1" align="right" colname="col6"/></row><row><entry VJ="1" colname="col1"/><entry VJ="1" nameend="col3" namest="col2">Der Fonds dient der Leistung von Hilfen in den im Juli 2021 von Starkregenfällen und Hochwasser betroffenen Ländern. Mit den Fondsmitteln werden Maßnahmen zur Beseitigung der Hochwasserschäden und zum Wiederaufbau der zerstörten Infrastruktur finanziert. Die Verteilung der Mittel der Tgr. 02 auf die Länder erfolgt nach Maßgabe § 1 Absatz 4 der Verordnung über die Verteilung und Verwendung der Mittel des Fonds „Aufbauhilfe 2021“. Die Länder beteiligen sich an der Finanzierung in den Jahren 2021 bis 2050 durch die im Finanzausgleichsgesetz genannten Festbeträge.</entry><entry VJ="1" colname="col4"/><entry VJ="1" align="right" colname="col5"/><entry VJ="1" align="right" colname="col6"/></row><row><entry VJ="1" colname="col1"/><entry VJ="1" nameend="col3" namest="col2"><B>Einnahmen</B></entry><entry VJ="1" colname="col4"/><entry VJ="1" align="right" colname="col5"/><entry VJ="1" align="right" colname="col6"/></row><row><entry VJ="1" colname="col1"/><entry VJ="1" nameend="col3" namest="col2"><B>Übrige Einnahmen</B></entry><entry VJ="1" colname="col4"/><entry VJ="1" align="right" colname="col5"/><entry VJ="1" align="right" colname="col6"/></row><row><entry VJ="1" colname="col1">231 01<BR/> -813</entry><entry VJ="1" nameend="col3" namest="col2">Zuführungen des Bundes</entry><entry VJ="1" colname="col4">16 000 000</entry><entry VJ="1" align="right" colname="col5"/><entry VJ="1" align="right" colname="col6"/></row><row><entry VJ="1" colname="col1"/><entry VJ="1" nameend="col3" namest="col2">Haushaltsvermerk:</entry><entry VJ="1" colname="col4"/><entry VJ="1" align="right" colname="col5"/><entry VJ="1" align="right" colname="col6"/></row><row><entry VJ="1" colname="col1"/><entry VJ="1" nameend="col3" namest="col2">Mehreinnahmen sind gemäß Aufbauhilfefonds-Errichtungsgesetz 2021 zweckgebunden. Sie dienen nur zur Leistung der Mehrausgaben bei folgenden Titeln: Tgr. 02 Kap. 6098.</entry><entry VJ="1" colname="col4"/><entry VJ="1" align="right" colname="col5"/><entry VJ="1" align="right" colname="col6"/></row><row><entry VJ="1" colname="col1"/><entry VJ="1" nameend="col3" namest="col2"><B>Titelgruppe 01</B></entry><entry VJ="1" colname="col4"/><entry VJ="1" align="right" colname="col5"/><entry VJ="1" align="right" colname="col6"/></row><row><entry VJ="1" colname="col1">Tgr. 01</entry><entry VJ="1" nameend="col3" namest="col2">Infrastruktur des Bundes</entry><entry VJ="1" colname="col4">(–)</entry><entry VJ="1" align="right" colname="col5"/><entry VJ="1" align="right" colname="col6"/></row><row><entry VJ="1" colname="col1">359 11<BR/> -850</entry><entry VJ="1" nameend="col3" namest="col2">Entnahme aus Rücklage</entry><entry VJ="1" colname="col4">–</entry><entry VJ="1" align="right" colname="col5"/><entry VJ="1" align="right" colname="col6"/></row><row><entry VJ="1" colname="col1"/><entry VJ="1" nameend="col3" namest="col2">Haushaltsvermerk:</entry><entry VJ="1" colname="col4"/><entry VJ="1" align="right" colname="col5"/><entry VJ="1" align="right" colname="col6"/></row><row><entry VJ="1" colname="col1"/><entry VJ="1" nameend="col3" namest="col2">Mehreinnahmen sind gemäß Aufbauhilfefonds-Errichtungsgesetz 2021 zweckgebunden. Sie dienen nur zur Leistung der Mehrausgaben bei folgenden Titeln: Tgr. 01 Kap. 6098.</entry><entry VJ="1" colname="col4"/><entry VJ="1" align="right" colname="col5"/><entry VJ="1" align="right" colname="col6"/></row><row><entry VJ="1" colname="col1"/><entry VJ="1" nameend="col3" namest="col2"><B>Titelgruppe 02</B></entry><entry VJ="1" colname="col4"/><entry VJ="1" align="right" colname="col5"/><entry VJ="1" align="right" colname="col6"/></row><row><entry VJ="1" colname="col1">Tgr. 02</entry><entry VJ="1" nameend="col3" namest="col2">Beseitigung der Hochwasser- und Starkregenschäden in den Ländern</entry><entry VJ="1" colname="col4">(–)</entry><entry VJ="1" align="right" colname="col5"/><entry VJ="1" align="right" colname="col6"/></row><row><entry VJ="1" colname="col1">359 21<BR/> -850</entry><entry VJ="1" nameend="col3" namest="col2">Entnahme aus Rücklage</entry><entry VJ="1" colname="col4">–</entry><entry VJ="1" align="right" colname="col5"/><entry VJ="1" align="right" colname="col6"/></row><row><entry VJ="1" colname="col1"/><entry VJ="1" nameend="col3" namest="col2">Haushaltsvermerk:</entry><entry VJ="1" colname="col4"/><entry VJ="1" align="right" colname="col5"/><entry VJ="1" align="right" colname="col6"/></row><row><entry VJ="1" colname="col1"/><entry VJ="1" nameend="col3" namest="col2">Mehreinnahmen sind gemäß Aufbauhilfefonds-Errichtungsgesetz 2021 zweckgebunden. Sie dienen nur zur Leistung der Mehrausgaben bei folgenden Titeln: Tgr. 02 Kap. 6098.</entry><entry VJ="1" colname="col4"/><entry VJ="1" align="right" colname="col5"/><entry VJ="1" align="right" colname="col6"/></row><row><entry VJ="1" colname="col1"/><entry VJ="1" nameend="col3" namest="col2"><B>Ausgaben</B></entry><entry VJ="1" colname="col4"/><entry VJ="1" align="right" colname="col5"/><entry VJ="1" align="right" colname="col6"/></row><row><entry VJ="1" colname="col1"/><entry VJ="1" nameend="col3" namest="col2">Haushaltsvermerk:</entry><entry VJ="1" colname="col4"/><entry VJ="1" align="right" colname="col5"/><entry VJ="1" align="right" colname="col6"/></row><row><entry VJ="1" colname="col1"/><entry VJ="1" nameend="col3" namest="col2">Erstattungen und Rückzahlungen fließen den Ausgaben zu.</entry><entry VJ="1" colname="col4"/><entry VJ="1" align="right" colname="col5"/><entry VJ="1" align="right" colname="col6"/></row><row><entry VJ="1" colname="col1"/><entry VJ="1" nameend="col3" namest="col2"><B>Titelgruppe 01</B></entry><entry VJ="1" colname="col4"/><entry VJ="1" align="right" colname="col5"/><entry VJ="1" align="right" colname="col6"/></row><row><entry VJ="1" colname="col1">Tgr. 01</entry><entry VJ="1" nameend="col3" namest="col2">Infrastruktur des Bundes</entry><entry VJ="1" colname="col4">(2 000 000)</entry><entry VJ="1" align="right" colname="col5"/><entry VJ="1" align="right" colname="col6"/></row><row><entry VJ="1" colname="col1"/><entry VJ="1" nameend="col3" namest="col2">Haushaltsvermerk:</entry><entry VJ="1" colname="col4"/><entry VJ="1" align="right" colname="col5"/><entry VJ="1" align="right" colname="col6"/></row><row><entry VJ="1" colname="col1"/><entry VJ="1" nameend="col3" namest="col2">1. Die Ausgaben sind gegenseitig deckungsfähig.</entry><entry VJ="1" colname="col4"/><entry VJ="1" colname="col5"/><entry VJ="1" colname="col6"/></row><row><entry VJ="1" colname="col1"/><entry VJ="1" nameend="col3" namest="col2">2. Die Verpflichtungsermächtigungen sind gegenseitig deckungsfähig.</entry><entry VJ="1" colname="col4"/><entry VJ="1" colname="col5"/><entry VJ="1" colname="col6"/></row><row><entry VJ="1" colname="col1"/><entry VJ="1" nameend="col3" namest="col2">3. Mehrausgaben dürfen bis zur Höhe der zweckgebundenen Mehreinnahmen bei folgenden Titeln geleistet werden: 359 11.</entry><entry VJ="1" colname="col4"/><entry VJ="1" colname="col5"/><entry VJ="1" colname="col6"/></row><row><entry VJ="1" colname="col1">741 11<BR/> -721</entry><entry VJ="1" nameend="col3" namest="col2">Aufwendungen für Bundesautobahnen</entry><entry VJ="1" colname="col4">25 000</entry><entry VJ="1" align="right" colname="col5"/><entry VJ="1" align="right" colname="col6"/></row><row><entry VJ="1" colname="col1"/><entry VJ="1" colname="col2">Verpflichtungsermächtigungen<Split Leader="1"/></entry><entry VJ="1" colname="col3">60 000 T€</entry><entry VJ="1" colname="col4"/><entry VJ="1" align="right" colname="col5"/><entry VJ="1" align="right" colname="col6"/></row><row><entry VJ="1" colname="col1"/><entry VJ="1" nameend="col3" namest="col2">davon fällig:</entry><entry VJ="1" colname="col4"/><entry VJ="1" align="right" colname="col5"/><entry VJ="1" align="right" colname="col6"/></row><row><entry VJ="1" colname="col1"/><entry VJ="1" colname="col2">im Haushaltsjahr 2022 bis zu<Split Leader="1"/></entry><entry VJ="1" colname="col3">30 000 T€</entry><entry VJ="1" colname="col4"/><entry VJ="1" align="right" colname="col5"/><entry VJ="1" align="right" colname="col6"/></row><row><entry VJ="1" colname="col1"/><entry VJ="1" colname="col2">im Haushaltsjahr 2023 bis zu<Split Leader="1"/></entry><entry VJ="1" colname="col3">30 000 T€</entry><entry VJ="1" colname="col4"/><entry VJ="1" align="right" colname="col5"/><entry VJ="1" align="right" colname="col6"/></row><row><entry VJ="1" colname="col1">741 12<BR/> -722</entry><entry VJ="1" nameend="col3" namest="col2">Aufwendungen für Bundesstraßen</entry><entry VJ="1" colname="col4">25 000</entry><entry VJ="1" align="right" colname="col5"/><entry VJ="1" align="right" colname="col6"/></row><row><entry VJ="1" colname="col1"/><entry VJ="1" colname="col2">Verpflichtungsermächtigungen<Split Leader="1"/></entry><entry VJ="1" colname="col3">210 000 T€</entry><entry VJ="1" colname="col4"/><entry VJ="1" align="right" colname="col5"/><entry VJ="1" align="right" colname="col6"/></row><row><entry VJ="1" colname="col1"/><entry VJ="1" colname="col2">davon fällig:</entry><entry VJ="1" colname="col3"/><entry VJ="1" colname="col4"/><entry VJ="1" align="right" colname="col5"/><entry VJ="1" align="right" colname="col6"/></row><row><entry VJ="1" colname="col1"/><entry VJ="1" colname="col2">im Haushaltsjahr 2022 bis zu<Split Leader="1"/></entry><entry VJ="1" colname="col3">70 000 T€</entry><entry VJ="1" colname="col4"/><entry VJ="1" align="right" colname="col5"/><entry VJ="1" align="right" colname="col6"/></row><row><entry VJ="1" colname="col1"/><entry VJ="1" colname="col2">im Haushaltsjahr 2023 bis zu<Split Leader="1"/></entry><entry VJ="1" colname="col3">70 000 T€</entry><entry VJ="1" colname="col4"/><entry VJ="1" align="right" colname="col5"/><entry VJ="1" align="right" colname="col6"/></row><row><entry VJ="1" colname="col1"/><entry VJ="1" colname="col2">im Haushaltsjahr 2024 bis zu<Split Leader="1"/></entry><entry VJ="1" colname="col3">70 000 T€</entry><entry VJ="1" colname="col4"/><entry VJ="1" align="right" colname="col5"/><entry VJ="1" align="right" colname="col6"/></row><row><entry VJ="1" colname="col1">741 13<BR/> -731</entry><entry VJ="1" nameend="col3" namest="col2">Aufwendungen für Bundeswasserstraßen</entry><entry VJ="1" colname="col4">40 000</entry><entry VJ="1" align="right" colname="col5"/><entry VJ="1" align="right" colname="col6"/></row><row><entry VJ="1" colname="col1">741 14<BR/> -813</entry><entry VJ="1" nameend="col3" namest="col2">Aufwendungen für Liegenschaften der Ressorts, der Bundesanstalt für Immobilienaufgaben und sonstiges Vermögen des Bundes</entry><entry VJ="1" colname="col4">31 500</entry><entry VJ="1" align="right" colname="col5"/><entry VJ="1" align="right" colname="col6"/></row><row><entry VJ="1" colname="col1">891 11<BR/> -742</entry><entry VJ="1" nameend="col3" namest="col2">Aufwendungen für Eisenbahnen des Bundes zur Beseitigung von Schäden am Bundesschienenwegenetz und für das Bundeseisenbahnvermögen</entry><entry VJ="1" colname="col4">150 000</entry><entry VJ="1" align="right" colname="col5"/><entry VJ="1" align="right" colname="col6"/></row><row><entry VJ="1" colname="col1"/><entry VJ="1" colname="col2">Verpflichtungsermächtigungen<Split Leader="1"/></entry><entry VJ="1" colname="col3">620 000 T€</entry><entry VJ="1" colname="col4"/><entry VJ="1" align="right" colname="col5"/><entry VJ="1" align="right" colname="col6"/></row><row><entry VJ="1" colname="col1"/><entry VJ="1" colname="col2">davon fällig:</entry><entry VJ="1" colname="col3"/><entry VJ="1" colname="col4"/><entry VJ="1" colname="col5"/><entry VJ="1" colname="col6"/></row><row><entry VJ="1" colname="col1"/><entry VJ="1" colname="col2">im Haushaltsjahr 2022 bis zu<Split Leader="1"/></entry><entry VJ="1" colname="col3">120 000 T€</entry><entry VJ="1" colname="col4"/><entry VJ="1" colname="col5"/><entry VJ="1" colname="col6"/></row><row><entry VJ="1" colname="col1"/><entry VJ="1" colname="col2">im Haushaltsjahr 2023 bis zu<Split Leader="1"/></entry><entry VJ="1" colname="col3">150 000 T€</entry><entry VJ="1" colname="col4"/><entry VJ="1" align="right" colname="col5"/><entry VJ="1" align="right" colname="col6"/></row><row><entry VJ="1" colname="col1"/><entry VJ="1" colname="col2">im Haushaltsjahr 2024 bis zu<Split Leader="1"/></entry><entry VJ="1" colname="col3">150 000 T€</entry><entry VJ="1" colname="col4"/><entry VJ="1" align="right" colname="col5"/><entry VJ="1" align="right" colname="col6"/></row><row><entry VJ="1" colname="col1"/><entry VJ="1" colname="col2">im Haushaltsjahr 2025 bis zu<Split Leader="1"/></entry><entry VJ="1" colname="col3">100 000 T€</entry><entry VJ="1" colname="col4"/><entry VJ="1" align="right" colname="col5"/><entry VJ="1" align="right" colname="col6"/></row><row><entry VJ="1" colname="col1"/><entry VJ="1" colname="col2">im Haushaltsjahr 2026 bis zu<Split Leader="1"/></entry><entry VJ="1" colname="col3">100 000 T€</entry><entry VJ="1" colname="col4"/><entry VJ="1" align="right" colname="col5"/><entry VJ="1" align="right" colname="col6"/></row><row><entry VJ="1" colname="col1"/><entry VJ="1" nameend="col3" namest="col2">Haushaltsvermerk:</entry><entry VJ="1" colname="col4"/><entry VJ="1" align="right" colname="col5"/><entry VJ="1" align="right" colname="col6"/></row><row><entry VJ="1" colname="col1"/><entry VJ="1" nameend="col3" namest="col2">Für Maßnahmen zur Wiederherstellung der beschädigten Infrastruktur der Eisenbahninfrastrukturunternehmen des Bundes wird kein Eigenbeitrag erhoben.</entry><entry VJ="1" colname="col4"/><entry VJ="1" align="right" colname="col5"/><entry VJ="1" align="right" colname="col6"/></row><row><entry VJ="1" colname="col1">881 11<BR/> -813</entry><entry VJ="1" nameend="col3" namest="col2">Infrastrukturmittel des Bundes zur Aufteilung</entry><entry VJ="1" colname="col4">1 728 500</entry><entry VJ="1" align="right" colname="col5"/><entry VJ="1" align="right" colname="col6"/></row><row><entry VJ="1" colname="col1">919 11<BR/> -850</entry><entry VJ="1" nameend="col3" namest="col2">Zuführung an Rücklage</entry><entry VJ="1" colname="col4">–</entry><entry VJ="1" align="right" colname="col5"/><entry VJ="1" align="right" colname="col6"/></row><row><entry VJ="1" colname="col1"/><entry VJ="1" nameend="col3" namest="col2"><B>Titelgruppe 02</B></entry><entry VJ="1" colname="col4"/><entry VJ="1" align="right" colname="col5"/><entry VJ="1" align="right" colname="col6"/></row><row><entry VJ="1" colname="col1">Tgr. 02</entry><entry VJ="1" nameend="col3" namest="col2">Beseitigung der Hochwasser- und Starkregenschäden in den Ländern</entry><entry VJ="1" colname="col4">(14 000 000)</entry><entry VJ="1" align="right" colname="col5"/><entry VJ="1" align="right" colname="col6"/></row><row><entry VJ="1" colname="col1"/><entry VJ="1" nameend="col3" namest="col2">Haushaltsvermerk:</entry><entry VJ="1" colname="col4"/><entry VJ="1" align="right" colname="col5"/><entry VJ="1" align="right" colname="col6"/></row><row><entry VJ="1" colname="col1"/><entry VJ="1" nameend="col3" namest="col2">1. Die Ausgaben sind gegenseitig deckungsfähig.</entry><entry VJ="1" colname="col4"/><entry VJ="1" colname="col5"/><entry VJ="1" colname="col6"/></row><row><entry VJ="1" colname="col1"/><entry VJ="1" nameend="col3" namest="col2">2. Mehrausgaben dürfen bis zur Höhe der zweckgebundenen Mehreinnahmen bei folgenden Titeln geleistet werden: 231 01 und 359 21.</entry><entry VJ="1" colname="col4"/><entry VJ="1" colname="col5"/><entry VJ="1" colname="col6"/></row><row><entry VJ="1" colname="col1">697 21<BR/> -813</entry><entry VJ="1" nameend="col3" namest="col2">Programm zur Unterstützung von Hochwasser und Überschwemmungen betroffener Selbständiger, Unternehmen der gewerblichen Wirtschaft und Angehörige Freier Berufe sowie wirtschaftsnaher Infrastruktur</entry><entry VJ="1" colname="col4">510 000</entry><entry VJ="1" align="right" colname="col5"/><entry VJ="1" align="right" colname="col6"/></row><row><entry VJ="1" colname="col1"/><entry VJ="1" nameend="col3" namest="col2">Erläuterungen:</entry><entry VJ="1" colname="col4"/><entry VJ="1" align="right" colname="col5"/><entry VJ="1" align="right" colname="col6"/></row><row><entry VJ="1" colname="col1"/><entry VJ="1" nameend="col3" namest="col2" rowsep="1">Die Mittel werden wie folgt auf die Länder aufgeteilt:</entry><entry VJ="1" colname="col4"/><entry VJ="1" colname="col5"/><entry VJ="1" colname="col6"/></row><row><entry VJ="1" colname="col1"/><entry VJ="1" align="center" colname="col2" colsep="1" rowsep="1" valign="middle"><B>Bezeichnung</B></entry><entry VJ="1" align="center" colname="col3" rowsep="1" valign="middle">1 000 €</entry><entry VJ="1" colname="col4"/><entry VJ="1" colname="col5"/><entry VJ="1" colname="col6"/></row><row><entry VJ="1" colname="col1"/><entry VJ="1" colname="col2">Rheinland-Pfalz<Split Leader="1"/></entry><entry VJ="1" colname="col3">–</entry><entry VJ="1" colname="col4"/><entry VJ="1" colname="col5"/><entry VJ="1" colname="col6"/></row><row><entry VJ="1" colname="col1"/><entry VJ="1" colname="col2">Nordrhein-Westfalen<Split Leader="1"/></entry><entry VJ="1" colname="col3">–</entry><entry VJ="1" colname="col4"/><entry VJ="1" colname="col5"/><entry VJ="1" colname="col6"/></row><row><entry VJ="1" colname="col1"/><entry VJ="1" colname="col2">Bayern<Split Leader="1"/></entry><entry VJ="1" colname="col3">–</entry><entry VJ="1" colname="col4"/><entry VJ="1" colname="col5"/><entry VJ="1" colname="col6"/></row><row><entry VJ="1" colname="col1"/><entry VJ="1" colname="col2">Sachsen<Split Leader="1"/></entry><entry VJ="1" colname="col3" rowsep="1">–</entry><entry VJ="1" colname="col4"/><entry VJ="1" colname="col5"/><entry VJ="1" colname="col6"/></row><row><entry VJ="1" colname="col1"/><entry VJ="1" colname="col2">Zusammen<Split Leader="1"/></entry><entry VJ="1" colname="col3">–</entry><entry VJ="1" colname="col4"/><entry VJ="1" colname="col5"/><entry VJ="1" colname="col6"/></row><row><entry VJ="1" colname="col1">697 22<BR/> -813</entry><entry VJ="1" nameend="col3" namest="col2">Programm zur Unterstützung der betroffenen Land- und Forstwirtschaft und der Aquakultur und Binnenfischerei sowie zum Schadensausgleich in der ländlichen Infrastruktur im Außenbereich von Gemeinden</entry><entry VJ="1" colname="col4">530 000</entry><entry VJ="1" align="right" colname="col5"/><entry VJ="1" align="right" colname="col6"/></row><row><entry VJ="1" colname="col1"/><entry VJ="1" colname="col2">Erläuterungen:</entry><entry VJ="1" colname="col3"/><entry VJ="1" colname="col4"/><entry VJ="1" colname="col5"/><entry VJ="1" colname="col6"/></row><row><entry VJ="1" colname="col1"/><entry VJ="1" colname="col2" rowsep="1">Die Mittel werden wie folgt auf die Länder aufgeteilt:</entry><entry VJ="1" colname="col3" rowsep="1"/><entry VJ="1" colname="col4"/><entry VJ="1" colname="col5"/><entry VJ="1" colname="col6"/></row><row><entry VJ="1" colname="col1"/><entry VJ="1" align="center" colname="col2" colsep="1" rowsep="1" valign="middle"><B>Bezeichnung</B></entry><entry VJ="1" align="center" colname="col3" rowsep="1" valign="middle">1 000 €</entry><entry VJ="1" colname="col4"/><entry VJ="1" colname="col5"/><entry VJ="1" colname="col6"/></row><row><entry VJ="1" colname="col1"/><entry VJ="1" colname="col2">Rheinland-Pfalz<Split Leader="1"/></entry><entry VJ="1" colname="col3">–</entry><entry VJ="1" colname="col4"/><entry VJ="1" colname="col5"/><entry VJ="1" colname="col6"/></row><row><entry VJ="1" colname="col1"/><entry VJ="1" colname="col2">Nordrhein-Westfalen<Split Leader="1"/></entry><entry VJ="1" colname="col3">–</entry><entry VJ="1" colname="col4"/><entry VJ="1" colname="col5"/><entry VJ="1" colname="col6"/></row><row><entry VJ="1" colname="col1"/><entry VJ="1" colname="col2">Bayern<Split Leader="1"/></entry><entry VJ="1" colname="col3">–</entry><entry VJ="1" colname="col4"/><entry VJ="1" colname="col5"/><entry VJ="1" colname="col6"/></row><row><entry VJ="1" colname="col1"/><entry VJ="1" colname="col2">Sachsen<Split Leader="1"/></entry><entry VJ="1" colname="col3" rowsep="1">–</entry><entry VJ="1" colname="col4"/><entry VJ="1" colname="col5"/><entry VJ="1" colname="col6"/></row><row><entry VJ="1" colname="col1"/><entry VJ="1" colname="col2">Zusammen<Split Leader="1"/></entry><entry VJ="1" colname="col3">–</entry><entry VJ="1" colname="col4"/><entry VJ="1" colname="col5"/><entry VJ="1" colname="col6"/></row><row><entry VJ="1" colname="col1">698 21<BR/> -813</entry><entry VJ="1" nameend="col3" namest="col2">Programm zur Unterstützung vom Hochwasser und Starkregen betroffener Privathaushalte und Wohnungsunternehmen</entry><entry VJ="1" colname="col4">575 000</entry><entry VJ="1" colname="col5"/><entry VJ="1" colname="col6"/></row><row><entry VJ="1" colname="col1"/><entry VJ="1" colname="col2">Erläuterungen:</entry><entry VJ="1" colname="col3"/><entry VJ="1" colname="col4"/><entry VJ="1" colname="col5"/><entry VJ="1" colname="col6"/></row><row><entry VJ="1" colname="col1"/><entry VJ="1" colname="col2" rowsep="1">Die Mittel werden wie folgt auf die Länder aufgeteilt:</entry><entry VJ="1" colname="col3" rowsep="1"/><entry VJ="1" colname="col4"/><entry VJ="1" colname="col5"/><entry VJ="1" colname="col6"/></row><row><entry VJ="1" colname="col1"/><entry VJ="1" align="center" colname="col2" colsep="1" rowsep="1" valign="middle"><B>Bezeichnung</B></entry><entry VJ="1" align="center" colname="col3" rowsep="1" valign="middle">1 000 €</entry><entry VJ="1" colname="col4"/><entry VJ="1" colname="col5"/><entry VJ="1" colname="col6"/></row><row><entry VJ="1" colname="col1"/><entry VJ="1" colname="col2">Rheinland-Pfalz<Split Leader="1"/></entry><entry VJ="1" colname="col3">–</entry><entry VJ="1" colname="col4"/><entry VJ="1" colname="col5"/><entry VJ="1" colname="col6"/></row><row><entry VJ="1" colname="col1"/><entry VJ="1" colname="col2">Nordrhein-Westfalen<Split Leader="1"/></entry><entry VJ="1" colname="col3">–</entry><entry VJ="1" colname="col4"/><entry VJ="1" colname="col5"/><entry VJ="1" colname="col6"/></row><row><entry VJ="1" colname="col1"/><entry VJ="1" colname="col2">Bayern<Split Leader="1"/></entry><entry VJ="1" colname="col3">–</entry><entry VJ="1" colname="col4"/><entry VJ="1" colname="col5"/><entry VJ="1" colname="col6"/></row><row><entry VJ="1" colname="col1"/><entry VJ="1" colname="col2">Sachsen<Split Leader="1"/></entry><entry VJ="1" colname="col3" rowsep="1">–</entry><entry VJ="1" colname="col4"/><entry VJ="1" colname="col5"/><entry VJ="1" colname="col6"/></row><row><entry VJ="1" colname="col1"/><entry VJ="1" colname="col2">Zusammen<Split Leader="1"/></entry><entry VJ="1" colname="col3">–</entry><entry VJ="1" colname="col4"/><entry VJ="1" colname="col5"/><entry VJ="1" colname="col6"/></row><row><entry VJ="1" colname="col1">698 22<BR/> -813</entry><entry VJ="1" nameend="col3" namest="col2">Programm zur Schadensbeseitigung bei kulturellen Einrichtungen und Kulturdenkmälern, zur Rettung von Archiven sowie für die Heimatgeschichte bedeutsamer privater Unterlagen</entry><entry VJ="1" colname="col4">30 000</entry><entry VJ="1" colname="col5"/><entry VJ="1" colname="col6"/></row><row><entry VJ="1" colname="col1"/><entry VJ="1" colname="col2">Erläuterungen:</entry><entry VJ="1" colname="col3"/><entry VJ="1" colname="col4"/><entry VJ="1" colname="col5"/><entry VJ="1" colname="col6"/></row><row><entry VJ="1" colname="col1"/><entry VJ="1" colname="col2" rowsep="1">Die Mittel werden wie folgt auf die Länder aufgeteilt:</entry><entry VJ="1" colname="col3" rowsep="1"/><entry VJ="1" colname="col4"/><entry VJ="1" colname="col5"/><entry VJ="1" colname="col6"/></row><row><entry VJ="1" colname="col1"/><entry VJ="1" align="center" colname="col2" colsep="1" rowsep="1" valign="middle"><B>Bezeichnung</B></entry><entry VJ="1" align="center" colname="col3" rowsep="1" valign="middle">1 000 €</entry><entry VJ="1" colname="col4"/><entry VJ="1" colname="col5"/><entry VJ="1" colname="col6"/></row><row><entry VJ="1" colname="col1"/><entry VJ="1" colname="col2">Rheinland-Pfalz<Split Leader="1"/></entry><entry VJ="1" colname="col3">–</entry><entry VJ="1" colname="col4"/><entry VJ="1" colname="col5"/><entry VJ="1" colname="col6"/></row><row><entry VJ="1" colname="col1"/><entry VJ="1" colname="col2">Nordrhein-Westfalen<Split Leader="1"/></entry><entry VJ="1" colname="col3">–</entry><entry VJ="1" colname="col4"/><entry VJ="1" colname="col5"/><entry VJ="1" colname="col6"/></row><row><entry VJ="1" colname="col1"/><entry VJ="1" colname="col2">Bayern<Split Leader="1"/></entry><entry VJ="1" colname="col3">–</entry><entry VJ="1" colname="col4"/><entry VJ="1" colname="col5"/><entry VJ="1" colname="col6"/></row><row><entry VJ="1" colname="col1"/><entry VJ="1" colname="col2">Sachsen<Split Leader="1"/></entry><entry VJ="1" colname="col3" rowsep="1">–</entry><entry VJ="1" colname="col4"/><entry VJ="1" colname="col5"/><entry VJ="1" colname="col6"/></row><row><entry VJ="1" colname="col1"/><entry VJ="1" colname="col2">Zusammen<Split Leader="1"/></entry><entry VJ="1" colname="col3">–</entry><entry VJ="1" colname="col4"/><entry VJ="1" colname="col5"/><entry VJ="1" colname="col6"/></row><row><entry VJ="1" colname="col1">698 23<BR/> -813</entry><entry VJ="1" nameend="col3" namest="col2">Programm zur Schadensbeseitigung bei Forschungseinrichtungen unabhängig von der Trägerschaft</entry><entry VJ="1" colname="col4">5 000</entry><entry VJ="1" colname="col5"/><entry VJ="1" colname="col6"/></row><row><entry VJ="1" colname="col1"/><entry VJ="1" colname="col2">Erläuterungen:</entry><entry VJ="1" colname="col3"/><entry VJ="1" colname="col4"/><entry VJ="1" colname="col5"/><entry VJ="1" colname="col6"/></row><row><entry VJ="1" colname="col1"/><entry VJ="1" colname="col2" rowsep="1">Die Mittel werden wie folgt auf die Länder aufgeteilt:</entry><entry VJ="1" colname="col3" rowsep="1"/><entry VJ="1" colname="col4"/><entry VJ="1" colname="col5"/><entry VJ="1" colname="col6"/></row><row><entry VJ="1" colname="col1"/><entry VJ="1" align="center" colname="col2" colsep="1" rowsep="1" valign="middle"><B>Bezeichnung</B></entry><entry VJ="1" align="center" colname="col3" rowsep="1" valign="middle">1 000 €</entry><entry VJ="1" colname="col4"/><entry VJ="1" colname="col5"/><entry VJ="1" colname="col6"/></row><row><entry VJ="1" colname="col1"/><entry VJ="1" colname="col2">Rheinland-Pfalz<Split Leader="1"/></entry><entry VJ="1" colname="col3">–</entry><entry VJ="1" colname="col4"/><entry VJ="1" colname="col5"/><entry VJ="1" colname="col6"/></row><row><entry VJ="1" colname="col1"/><entry VJ="1" colname="col2">Nordrhein-Westfalen<Split Leader="1"/></entry><entry VJ="1" colname="col3">–</entry><entry VJ="1" colname="col4"/><entry VJ="1" colname="col5"/><entry VJ="1" colname="col6"/></row><row><entry VJ="1" colname="col1"/><entry VJ="1" colname="col2">Bayern<Split Leader="1"/></entry><entry VJ="1" colname="col3">–</entry><entry VJ="1" colname="col4"/><entry VJ="1" colname="col5"/><entry VJ="1" colname="col6"/></row><row><entry VJ="1" colname="col1"/><entry VJ="1" colname="col2">Sachsen<Split Leader="1"/></entry><entry VJ="1" colname="col3" rowsep="1">–</entry><entry VJ="1" colname="col4"/><entry VJ="1" colname="col5"/><entry VJ="1" colname="col6"/></row><row><entry VJ="1" colname="col1"/><entry VJ="1" colname="col2">Zusammen<Split Leader="1"/></entry><entry VJ="1" colname="col3">–</entry><entry VJ="1" colname="col4"/><entry VJ="1" colname="col5"/><entry VJ="1" colname="col6"/></row><row><entry VJ="1" colname="col1">882 21<BR/> -813</entry><entry VJ="1" nameend="col3" namest="col2">Programm zur Wiederherstellung der Infrastruktur in den Gemeinden</entry><entry VJ="1" colname="col4">400 000</entry><entry VJ="1" colname="col5"/><entry VJ="1" colname="col6"/></row><row><entry VJ="1" colname="col1"/><entry VJ="1" colname="col2">Erläuterungen:</entry><entry VJ="1" colname="col3"/><entry VJ="1" colname="col4"/><entry VJ="1" colname="col5"/><entry VJ="1" colname="col6"/></row><row><entry VJ="1" colname="col1"/><entry VJ="1" colname="col2" rowsep="1">Die Mittel werden wie folgt auf die Länder aufgeteilt:</entry><entry VJ="1" colname="col3" rowsep="1"/><entry VJ="1" colname="col4"/><entry VJ="1" colname="col5"/><entry VJ="1" colname="col6"/></row><row><entry VJ="1" colname="col1"/><entry VJ="1" align="center" colname="col2" colsep="1" rowsep="1" valign="middle"><B>Bezeichnung</B></entry><entry VJ="1" align="center" colname="col3" rowsep="1" valign="middle">1 000 €</entry><entry VJ="1" colname="col4"/><entry VJ="1" colname="col5"/><entry VJ="1" colname="col6"/></row><row><entry VJ="1" colname="col1"/><entry VJ="1" colname="col2">Rheinland-Pfalz<Split Leader="1"/></entry><entry VJ="1" colname="col3">–</entry><entry VJ="1" colname="col4"/><entry VJ="1" colname="col5"/><entry VJ="1" colname="col6"/></row><row><entry VJ="1" colname="col1"/><entry VJ="1" colname="col2">Nordrhein-Westfalen<Split Leader="1"/></entry><entry VJ="1" colname="col3">–</entry><entry VJ="1" colname="col4"/><entry VJ="1" colname="col5"/><entry VJ="1" colname="col6"/></row><row><entry VJ="1" colname="col1"/><entry VJ="1" colname="col2">Bayern<Split Leader="1"/></entry><entry VJ="1" colname="col3">–</entry><entry VJ="1" colname="col4"/><entry VJ="1" colname="col5"/><entry VJ="1" colname="col6"/></row><row><entry VJ="1" colname="col1"/><entry VJ="1" colname="col2">Sachsen<Split Leader="1"/></entry><entry VJ="1" colname="col3" rowsep="1">–</entry><entry VJ="1" colname="col4"/><entry VJ="1" colname="col5"/><entry VJ="1" colname="col6"/></row><row><entry VJ="1" colname="col1"/><entry VJ="1" colname="col2">Zusammen<Split Leader="1"/></entry><entry VJ="1" colname="col3">–</entry><entry VJ="1" colname="col4"/><entry VJ="1" colname="col5"/><entry VJ="1" colname="col6"/></row><row><entry VJ="1" colname="col1">882 22<BR/> -813</entry><entry VJ="1" nameend="col3" namest="col2">Programm zur Wiederherstellung der Infrastruktur der Länder</entry><entry VJ="1" colname="col4">200 000</entry><entry VJ="1" colname="col5"/><entry VJ="1" colname="col6"/></row><row><entry VJ="1" colname="col1"/><entry VJ="1" colname="col2">Erläuterungen:</entry><entry VJ="1" colname="col3"/><entry VJ="1" colname="col4"/><entry VJ="1" colname="col5"/><entry VJ="1" colname="col6"/></row><row><entry VJ="1" colname="col1"/><entry VJ="1" colname="col2" rowsep="1">Die Mittel werden wie folgt auf die Länder aufgeteilt:</entry><entry VJ="1" colname="col3" rowsep="1"/><entry VJ="1" colname="col4"/><entry VJ="1" colname="col5"/><entry VJ="1" colname="col6"/></row><row><entry VJ="1" colname="col1"/><entry VJ="1" align="center" colname="col2" colsep="1" rowsep="1" valign="middle"><B>Bezeichnung</B></entry><entry VJ="1" align="center" colname="col3" rowsep="1" valign="middle">1 000 €</entry><entry VJ="1" colname="col4"/><entry VJ="1" colname="col5"/><entry VJ="1" colname="col6"/></row><row><entry VJ="1" colname="col1"/><entry VJ="1" colname="col2">Rheinland-Pfalz<Split Leader="1"/></entry><entry VJ="1" colname="col3">–</entry><entry VJ="1" colname="col4"/><entry VJ="1" colname="col5"/><entry VJ="1" colname="col6"/></row><row><entry VJ="1" colname="col1"/><entry VJ="1" colname="col2">Nordrhein-Westfalen<Split Leader="1"/></entry><entry VJ="1" colname="col3">–</entry><entry VJ="1" colname="col4"/><entry VJ="1" colname="col5"/><entry VJ="1" colname="col6"/></row><row><entry VJ="1" colname="col1"/><entry VJ="1" colname="col2">Bayern<Split Leader="1"/></entry><entry VJ="1" colname="col3">–</entry><entry VJ="1" colname="col4"/><entry VJ="1" colname="col5"/><entry VJ="1" colname="col6"/></row><row><entry VJ="1" colname="col1"/><entry VJ="1" colname="col2">Sachsen<Split Leader="1"/></entry><entry VJ="1" colname="col3" rowsep="1">–</entry><entry VJ="1" colname="col4"/><entry VJ="1" colname="col5"/><entry VJ="1" colname="col6"/></row><row><entry VJ="1" colname="col1"/><entry VJ="1" colname="col2">Zusammen<Split Leader="1"/></entry><entry VJ="1" colname="col3">–</entry><entry VJ="1" colname="col4"/><entry VJ="1" colname="col5"/><entry VJ="1" colname="col6"/></row><row><entry VJ="1" colname="col1">882 23<BR/> -813</entry><entry VJ="1" nameend="col3" namest="col2">Maßnahmen zur Beseitigung von Hochwasserschäden in den Ländern</entry><entry VJ="1" colname="col4">11 750 000</entry><entry VJ="1" colname="col5"/><entry VJ="1" colname="col6"/></row><row><entry VJ="1" colname="col1">919 21<BR/> -850</entry><entry VJ="1" nameend="col3" namest="col2">Zuführung an Rücklage</entry><entry VJ="1" colname="col4">–</entry><entry VJ="1" colname="col5"/><entry VJ="1" colname="col6"/></row></tbody></tgroup></table></Content></text></textdaten></norm>
</dokumente>