<?xml version="1.0" encoding="UTF-8" ?><!DOCTYPE dokumente SYSTEM "http://www.gesetze-im-internet.de/dtd/1.01/gii-norm.dtd">
<dokumente builddate="20130405132453" doknr="BJNR252900999"><norm builddate="20130405132453" doknr="BJNR252900999"><metadaten><jurabk>Münz10DMBek 1999-11-24</jurabk><ausfertigung-datum manuell="ja">1999-11-24</ausfertigung-datum><fundstelle typ="amtlich"><periodikum>BGBl I</periodikum><zitstelle>1999, 2529</zitstelle></fundstelle><langue>Bekanntmachung über die Ausprägung von Bundesmünzen im Nennwert
von 10 Deutschen Mark (Gedenkmünze &quot;Kaiser Karl der Große - Dom zu
Aachen - 1200 Jahre&quot;)</langue></metadaten><textdaten><text format="XML"><Content><P/></Content></text><fussnoten><Content><P>(+++ Textnachweis ab: 27.12.1999 +++)</P></Content></fussnoten></textdaten></norm>
<norm builddate="20130405132453" doknr="BJNR252900999BJNE000100310"><metadaten><jurabk>Münz10DMBek 1999-11-24</jurabk><enbez>(XXXX)</enbez></metadaten><textdaten><text format="XML"><Content><P>Auf Grund des § 6 des Gesetzes über die Ausprägung von Scheidemünzen in der im Bundesgesetzblatt Teil III, Gliederungsnummer 690-1, veröffentlichten bereinigten Fassung hat die Bundesregierung beschlossen, anlässlich des Jubiläums &quot;Kaiser Karl der Große - Dom zu Aachen - 1 200 Jahre&quot; eine Bundesmünze (Gedenkmünze) im Nennwert von 10 Deutschen Mark prägen zu lassen.<BR/>Die Auflage der Münze beträgt 3,8 Millionen Stück, darunter 0,8 Millionen Stück in Spiegelglanz. Die Prägung in Normalausführung (Stempelglanz) erfolgt in den Staatlichen Münzen Baden-Württemberg, Prägestätte Karlsruhe. Die Herstellung in Spiegelglanz wird von allen fünf deutschen Münzämtern zu gleichen Teilen realisiert.<BR/>Die Münze wird ab 13. Januar 2000 in den Verkehr gebracht. Sie besteht aus einer Legierung von 925 Tausendteilen Silber und 75 Tausendteilen Kupfer, hat einen Durchmesser von 32,5 Millimetern und eine Masse (Gewicht) von 15,5 Gramm. Das Gepräge auf beiden Seiten ist erhaben und wird von einem schützenden glatten Randstab umgeben.<BR/>Die Bildseite stellt die Widmung der Pfalzkapelle durch Kaiser Karl den Großen an ihre beiden Patrone Jesus Christus und seine Mutter Maria in Form eines Motivs des Karlsschreins aus dem Jahre 1215 dar. Die Wiedergabe des Kirchenbaus zeigt eine der frühesten Darstellungen der Marienkirche Karls des Großen. Die Umschrift lautet: <BR/>&quot;KAISER KARL DER GROSSE - DOM ZU AACHEN - <DL Font="normal" Type="arabic"><DT/><DD Font="normal"><LA Size="normal"><DL Font="normal" Type="arabic"><DT/><DD Font="normal"><LA Size="normal">1200 JAHRE &quot;.</LA></DD></DL></LA></DD></DL>Die Wertseite trägt einen Adler, die Jahreszahl 2000, das Münzzeichen &quot;G&quot; der Staatlichen Münzen Baden-Württemberg, Prägestätte Karlsruhe, und die Umschrift: <DL Font="normal" Type="arabic"><DT/><DD Font="normal"><LA Size="normal"><DL Font="normal" Type="arabic"><DT>&quot;BUNDESREPUBLIK DEUTSCHLAND</DT><DD Font="normal"><LA Size="normal">10 DEUTSCHE MARK&quot;.</LA></DD></DL></LA></DD></DL>Bei den Münzen in der Qualität Spiegelglanz erscheinen die Münzzeichen <DL Font="normal" Type="arabic"><DT/><DD Font="normal"><LA Size="normal"><DL Font="normal" Type="arabic"><DT/><DD Font="normal"><LA Size="normal">&quot;A&quot;, &quot;D&quot;, &quot;F&quot;, &quot;G&quot; und &quot;J&quot;.</LA></DD></DL></LA></DD></DL>Der glatte Münzrand enthält in vertiefter Prägung die Inschrift: <DL Font="normal" Type="arabic"><DT/><DD Font="normal"><LA Size="normal"><DL Font="normal" Type="arabic"><DT/><DD Font="normal"><LA Size="normal">&quot;URBS AQUENSIS - URBS REGALIS&quot;.</LA><LA Size="normal">(&quot;Die Stadt Aachen - die königliche Stadt&quot;, eine Textstelle aus der &quot;Karls-Hymne&quot;).</LA></DD></DL></LA></DD></DL>Der Entwurf der Münze stammt von Herrn Erich Ott, München.</P><P>Der Bundesminister der Finanzen</P><P><ABWFORMAT typ="E"/><kommentar typ="Fundstelle">(Inhalt: nicht darstellbare Abbildung der Münze, <BR/>Fundstelle: BGBl. I 1999, 2529)</kommentar></P></Content></text></textdaten></norm>
</dokumente>