<?xml version="1.0" encoding="UTF-8" ?><!DOCTYPE dokumente SYSTEM "http://www.gesetze-im-internet.de/dtd/1.01/gii-norm.dtd">
<dokumente builddate="20220201213002" doknr="BJNR002830990"><norm builddate="20220201213002" doknr="BJNR002830990"><metadaten><jurabk>VergMstrV</jurabk><amtabk>VergMstrV</amtabk><ausfertigung-datum manuell="ja">1990-02-12</ausfertigung-datum><fundstelle typ="amtlich"><periodikum>BGBl I</periodikum><zitstelle>1990, 283</zitstelle></fundstelle><kurzue>Vergoldermeisterverordnung</kurzue><langue>Verordnung über das Berufsbild und über die Prüfungsanforderungen im
praktischen und im fachtheoretischen Teil der Meisterprüfung für das
Vergolder-Handwerk</langue><standangabe checked="ja"><standtyp>Stand</standtyp><standkommentar>Geändert durch Art. 2 Abs. 9 V v. 18.1.2022 I 39</standkommentar></standangabe></metadaten><textdaten><text format="XML"><Content><P/></Content></text><fussnoten><Content><P>(+++ Textnachweis ab:  1. 6.1990 +++)</P></Content></fussnoten></textdaten></norm>
<norm builddate="20220201213002" doknr="BJNR002830990BJNE000400308"><metadaten><jurabk>VergMstrV</jurabk><enbez>Eingangsformel</enbez></metadaten><textdaten><text format="XML"><Content><P>Auf Grund des § 45 der Handwerksordnung in der Fassung der Bekanntmachung vom 28. Dezember 1965 (BGBl. 1966 I S. 1), der zuletzt durch Artikel 24 Nr. 1 des Gesetzes vom 18. März 1975 (BGBl. I S. 705) geändert worden ist, verordnet der Bundesminister für Wirtschaft im Einvernehmen mit dem Bundesminister für Bildung und Wissenschaft:</P></Content></text></textdaten></norm>
<norm builddate="20220201213002" doknr="BJNR002830990BJNG000100308"><metadaten><jurabk>VergMstrV</jurabk><gliederungseinheit><gliederungskennzahl>010</gliederungskennzahl><gliederungsbez>1. Abschnitt</gliederungsbez><gliederungstitel>Berufsbild</gliederungstitel></gliederungseinheit></metadaten><textdaten><text format="XML"><Content><P/></Content></text></textdaten></norm>
<norm builddate="20220201213002" doknr="BJNR002830990BJNE000500308"><metadaten><jurabk>VergMstrV</jurabk><enbez>§ 1</enbez><titel format="parat">Berufsbild</titel></metadaten><textdaten><text format="XML"><Content><P>(1) Dem Vergolder-Handwerk sind folgende Tätigkeiten zuzurechnen: <DL Font="normal" Type="arabic"><DT>1.</DT><DD Font="normal"><LA Size="normal">Vergoldung, Versilberung, Farb- und Weißfassung von Figuren, Altären, Rahmen, Möbeln, Inneneinrichtungen, architekturbezogenen Objekten und Bauteilen,</LA></DD> <DT>2.</DT><DD Font="normal"><LA Size="normal">Restaurierung von Vergoldungen, Versilberungen sowie von Farb- und Weißfassungen,</LA></DD> <DT>3.</DT><DD Font="normal"><LA Size="normal">Gestaltung und Herstellung von Bilderrahmen und Einrahmungen.</LA></DD> </DL> </P><P>(2) Dem Vergolder-Handwerk sind folgende Kenntnisse und Fertigkeiten zuzurechnen: <DL Font="normal" Type="arabic"><DT>1.</DT><DD Font="normal"><LA Size="normal">Kenntnisse der berufsbezogenen Handwerks- und Kunstgeschichte, insbesondere über Stilarten,</LA></DD> <DT>2.</DT><DD Font="normal"><LA Size="normal">Kenntnisse der berufsbezogenen Restaurierungstechniken,</LA></DD> <DT>3.</DT><DD Font="normal"><LA Size="normal">Kenntnisse über Farben- und Formenlehre,</LA></DD> <DT>4.</DT><DD Font="normal"><LA Size="normal">Kenntnisse der Vergolder- und Faßmalertechniken,</LA></DD> <DT>5.</DT><DD Font="normal"><LA Size="normal">Kenntnisse der Arten, Eigenschaften, der Herstellung, Lagerung, Verwendung und Verarbeitung der Werk- und Hilfsstoffe,</LA></DD> <DT>6.</DT><DD Font="normal"><LA Size="normal">Kenntnisse des Aufbaus, der Arten und Eigenschaften der Untergründe,</LA></DD> <DT>7.</DT><DD Font="normal"><LA Size="normal">Kenntnisse der berufsbezogenen Werkzeuge, Maschinen und Geräte,</LA></DD> <DT>8.</DT><DD Font="normal"><LA Size="normal">Kenntnisse der berufsbezogenen Vorschriften der Arbeitssicherheit und des Arbeitsschutzes,</LA></DD> <DT>9.</DT><DD Font="normal"><LA Size="normal">Kenntnisse der Verdingungsordnung für Bauleistungen, der berufsbezogenen Normen, des Brandschutzes sowie der berufsbezogenen Vorschriften des Umwelt-, insbesondere des Immissionsschutzes und der Abfallbeseitigung,</LA></DD> <DT>10.</DT><DD Font="normal"><LA Size="normal">Entwerfen, Zeichnen, Skizzieren,</LA></DD> <DT>11.</DT><DD Font="normal"><LA Size="normal">Erstellen von Befunden und Dokumentationen,</LA></DD> <DT>12.</DT><DD Font="normal"><LA Size="normal">Freilegen und Retuschieren,</LA></DD> <DT>13.</DT><DD Font="normal"><LA Size="normal">Anfertigen von Rahmen,</LA></DD> <DT>14.</DT><DD Font="normal"><LA Size="normal">Ausführen von Holzschutzarbeiten,</LA></DD> <DT>15.</DT><DD Font="normal"><LA Size="normal">Ausführen von Grundierungen für Vergoldung, Versilberung sowie Farb- und Weißfassungen,</LA></DD> <DT>16.</DT><DD Font="normal"><LA Size="normal">Isolieren und Absperren,</LA></DD> <DT>17.</DT><DD Font="normal"><LA Size="normal">Herstellen von Verzierformen, Verzieren und Kitten,</LA></DD> <DT>18.</DT><DD Font="normal"><LA Size="normal">Spachteln und Schleifen,</LA></DD> <DT>19.</DT><DD Font="normal"><LA Size="normal">Vergolden und Versilbern in Poliment-, Puder-, Mordent-, Leim- und Ölvergoldungstechnik mit Blattmetallen und Metallpulvern,</LA></DD> <DT>20.</DT><DD Font="normal"><LA Size="normal">Ausführen von Lüstertechniken,</LA></DD> <DT>21.</DT><DD Font="normal"><LA Size="normal">Ausführen von Farb- und Weißfassungen,</LA></DD> <DT>22.</DT><DD Font="normal"><LA Size="normal">Marmorieren,</LA></DD> <DT>23.</DT><DD Font="normal"><LA Size="normal">Ausführen von Brokat- und Graumalerei,</LA></DD> <DT>24.</DT><DD Font="normal"><LA Size="normal">Ausführen von Stuckfassungen,</LA></DD> <DT>25.</DT><DD Font="normal"><LA Size="normal">Gravieren und Punzieren,</LA></DD> <DT>26.</DT><DD Font="normal"><LA Size="normal">Zeichnen und Schneiden von Schablonen sowie Schablonieren,</LA></DD> <DT>27.</DT><DD Font="normal"><LA Size="normal">Auftragen von Ornamenten mit Kreidegrund,</LA></DD> <DT>28.</DT><DD Font="normal"><LA Size="normal">Radieren auf Gold und Silber,</LA></DD> <DT>29.</DT><DD Font="normal"><LA Size="normal">Ausführen von Pinselschriften,</LA></DD> <DT>30.</DT><DD Font="normal"><LA Size="normal">Lasieren, Maserieren und Malen von Intarsien,</LA></DD> <DT>31.</DT><DD Font="normal"><LA Size="normal">Patinieren und Tönen von Silber und Gold,</LA></DD> <DT>32.</DT><DD Font="normal"><LA Size="normal">Mattieren, Lackieren, Beizen und Polieren,</LA></DD> <DT>33.</DT><DD Font="normal"><LA Size="normal">Aufspannen und Einrahmen von Bildern sowie Aufziehen auf Pappe, Holz und Kunststoff,</LA></DD> <DT>34.</DT><DD Font="normal"><LA Size="normal">Kaschieren von Pappe, Holz und Kunststoffen,</LA></DD> <DT>35.</DT><DD Font="normal"><LA Size="normal">Anfertigen von Passepartouts und Linienpassepartouts,</LA></DD> <DT>36.</DT><DD Font="normal"><LA Size="normal">Zuschneiden von Glas für Bilder,</LA></DD> <DT>37.</DT><DD Font="normal"><LA Size="normal">Pflegen und Instandhalten der berufsbezogenen Werkzeuge.</LA></DD> </DL></P></Content></text></textdaten></norm>
<norm builddate="20220201213002" doknr="BJNR002830990BJNG000200308"><metadaten><jurabk>VergMstrV</jurabk><gliederungseinheit><gliederungskennzahl>020</gliederungskennzahl><gliederungsbez>2. Abschnitt</gliederungsbez><gliederungstitel>Prüfungsanforderungen in den
Teilen I und II der Meisterprüfung</gliederungstitel></gliederungseinheit></metadaten><textdaten><text format="XML"><Content><P/></Content></text></textdaten></norm>
<norm builddate="20220201213002" doknr="BJNR002830990BJNE000600308"><metadaten><jurabk>VergMstrV</jurabk><enbez>§ 2</enbez><titel format="parat">Gliederung, Dauer und Bestehen der praktischen
Prüfung (Teil I)</titel></metadaten><textdaten><text format="XML"><Content><P>(1) In Teil I sind eine Meisterprüfungsarbeit anzufertigen und eine Arbeitsprobe auszuführen. Bei der Bestimmung der Meisterprüfungsarbeit sollen die Vorschläge des Prüflings nach Möglichkeit berücksichtigt werden.</P><P>(2) Die Anfertigung der Meisterprüfungsarbeit soll nicht länger als 20 Arbeitstage, die Ausführung der Arbeitsprobe nicht länger als 28 Stunden dauern. Die jeweilige Trocknungszeit wird nicht auf die Prüfungsdauer angerechnet.</P><P>(3) Mindestvoraussetzung für das Bestehen des Teils I sind jeweils ausreichende Leistungen in der Meisterprüfungsarbeit und in der Arbeitsprobe.</P></Content>  </text></textdaten></norm>
<norm builddate="20220201213002" doknr="BJNR002830990BJNE000700308"><metadaten><jurabk>VergMstrV</jurabk><enbez>§ 3</enbez><titel format="parat">Meisterprüfungsarbeit</titel></metadaten><textdaten><text format="XML"><Content><P>(1) Als Meisterprüfungsarbeit ist eine der nachstehend genannten Arbeiten anzufertigen: <DL Font="normal" Type="arabic"><DT>1.</DT><DD Font="normal"><LA Size="normal">Fassen einer Figur mit einer Höhe von 60 bis 80 cm, Grundierung mit Kreidegrund, Teilvergoldung oder -versilberung in Glanz und Matt, farbige Fassung,</LA></DD> <DT>2.</DT><DD Font="normal"><LA Size="normal">Anfertigen eines Stilrahmens, mit einer Rahmenseite von mindestens 40 cm Innenmaß, Druck- oder Gußmasseverzierung, Glanz- und Mattgold,</LA></DD> <DT>3.</DT><DD Font="normal"><LA Size="normal">Fassen eines Möbels, Bearbeitung mit Kreidegrund, Teilvergoldung oder -versilberung in Glanz und Matt, Fassung oder Bemalung.</LA></DD> </DL>An der Meisterprüfungsarbeit sind zwei Schmucktechniken nachzuweisen. <BR/>Farbe, Form und Technik müssen der dargestellten Stilrichtung entsprechen. Für die Meisterprüfungsarbeit ist eine Teilzeichnung nach Angabe anzufertigen.</P><P>(2) Der Prüfling hat vor Anfertigung der Meisterprüfungsarbeit dem Meisterprüfungsausschuß das Objekt oder ein Foto des Objekts sowie die Maßaufstellung, die Vorkalkulation und die technische Beschreibung mit Farbauszügen zur Genehmigung vorzulegen.</P><P>(3) Die Zeichnung und die Vor- und Nachkalkulation sind bei der Bewertung der Meisterprüfungsarbeit zu berücksichtigen.</P></Content>  </text></textdaten></norm>
<norm builddate="20220201213002" doknr="BJNR002830990BJNE000800308"><metadaten><jurabk>VergMstrV</jurabk><enbez>§ 4</enbez><titel format="parat">Arbeitsprobe</titel></metadaten><textdaten><text format="XML"><Content><P>(1) Als Arbeitsprobe sind vier der nachstehend genannten Arbeiten auszuführen: <DL Font="normal" Type="arabic"><DT>1.</DT><DD Font="normal"><LA Size="normal">Gravieren nach vorgegebener Zeichnung,</LA></DD> <DT>2.</DT><DD Font="normal"><LA Size="normal">Auftragen von Ornamenten,</LA></DD> <DT>3.</DT><DD Font="normal"><LA Size="normal">Punzieren nach vorgegebener Zeichnung,</LA></DD> <DT>4.</DT><DD Font="normal"><LA Size="normal">Radieren auf Gold und Silber,</LA></DD> <DT>5.</DT><DD Font="normal"><LA Size="normal">Lasieren,</LA></DD> <DT>6.</DT><DD Font="normal"><LA Size="normal">Ausführen einer Brokatmalerei,</LA></DD> <DT>7.</DT><DD Font="normal"><LA Size="normal">Marmorieren,</LA></DD> <DT>8.</DT><DD Font="normal"><LA Size="normal">Ausführen von Pinselschriften,</LA></DD> <DT>9.</DT><DD Font="normal"><LA Size="normal">Ölvergolden,</LA></DD> <DT>10.</DT><DD Font="normal"><LA Size="normal">Ausführen einer Goldgrundmalerei.</LA></DD> </DL> </P><P>(2) In der Arbeitsprobe sind die wichtigsten Fertigkeiten und Kenntnisse zu prüfen, die in der Meisterprüfungsarbeit nicht oder nur unzureichend nachgewiesen werden konnten.</P></Content></text></textdaten></norm>
<norm builddate="20220201213002" doknr="BJNR002830990BJNE000900308"><metadaten><jurabk>VergMstrV</jurabk><enbez>§ 5</enbez><titel format="parat">Prüfung der fachtheoretischen Kenntnisse (Teil II)</titel></metadaten><textdaten><text format="XML"><Content><P>(1) In Teil II sind Kenntnisse in den folgenden fünf Prüfungsfächern nachzuweisen: <DL Font="normal" Type="arabic"><DT>1.</DT><DD Font="normal"><LA Size="normal">Fachzeichnen:</LA><LA Size="normal">Anfertigen von Stilzeichnungen;</LA></DD>  <DT>2.</DT><DD Font="normal"><LA Size="normal">Werkstoffkunde:</LA><LA Size="normal">Eigenschaften, Verwendung und Verarbeitung von Werk- und Hilfsstoffen;</LA></DD>  <DT>3.</DT><DD Font="normal"><LA Size="normal">Fachtechnologie:<DL Font="normal" Type="arabic"><DT>a)</DT><DD Font="normal"><LA Size="normal">berufsbezogene Werkzeuge, Geräte und Maschinen,</LA></DD> <DT>b)</DT><DD Font="normal"><LA Size="normal">Vergolder- und Faßmalertechniken,</LA></DD> <DT>c)</DT><DD Font="normal"><LA Size="normal">Aufbau, Arten und Eigenschaften der Untergründe,</LA></DD> <DT>d)</DT><DD Font="normal"><LA Size="normal">berufsbezogene Restaurierungstechniken,</LA></DD> <DT>e)</DT><DD Font="normal"><LA Size="normal">Rahmenanfertigung,</LA></DD> <DT>f)</DT><DD Font="normal"><LA Size="normal">berufsbezogene Vorschriften der Arbeitssicherheit und des Arbeitsschutzes,</LA></DD> <DT>g)</DT><DD Font="normal"><LA Size="normal">Verdingungsordnung für Bauleistungen, berufsbezogene Normen, Brandschutz sowie berufsbezogene Vorschriften des Umwelt-, insbesondere des Immissionsschutzes und der Abfallbeseitigung;</LA></DD> </DL></LA></DD> <DT>4.</DT><DD Font="normal"><LA Size="normal">Stilkunde:<DL Font="normal" Type="arabic"><DT>a)</DT><DD Font="normal"><LA Size="normal">Stilepochen der Architektur, der Skulptur und der Malerei,</LA></DD> <DT>b)</DT><DD Font="normal"><LA Size="normal">charakteristische Merkmale der verschiedenen Stilarten,</LA></DD> <DT>c)</DT><DD Font="normal"><LA Size="normal">berufsbezogene Handwerks- und Kunstgeschichte,</LA></DD> <DT>d)</DT><DD Font="normal"><LA Size="normal">Farben- und Formenlehre;</LA></DD> </DL></LA></DD> <DT>5.</DT><DD Font="normal"><LA Size="normal">Kalkulation:</LA><LA Size="normal">Kostenermittlung unter Einbeziehung aller für die Preisbildung wesentlichen Faktoren.</LA></DD>  </DL> </P><P>(2) Die Prüfung ist schriftlich und mündlich durchzuführen.</P><P>(3) Die schriftliche Prüfung soll insgesamt nicht länger als zwölf Stunden, die mündliche je Prüfling nicht länger als eine halbe Stunde dauern. In der schriftlichen Prüfung soll an einem Tag nicht länger als sechs Stunden geprüft werden.</P><P>(4) Der Prüfling ist von der mündlichen Prüfung auf Antrag zu befreien, wenn er im Durchschnitt mindestens gute schriftliche Leistungen erbracht hat.</P><P>(5) Mindestvoraussetzung für das Bestehen des Teils II sind ausreichende Leistungen in dem Prüfungsfach nach Absatz 1 Nr. 3.</P></Content>   </text></textdaten></norm>
<norm builddate="20220201213002" doknr="BJNR002830990BJNG000300308"><metadaten><jurabk>VergMstrV</jurabk><gliederungseinheit><gliederungskennzahl>030</gliederungskennzahl><gliederungsbez>3. Abschnitt</gliederungsbez><gliederungstitel>Übergangs- und
Schlußvorschriften</gliederungstitel></gliederungseinheit></metadaten><textdaten><text format="XML"><Content><P/></Content></text></textdaten></norm>
<norm builddate="20220201213002" doknr="BJNR002830990BJNE001000308"><metadaten><jurabk>VergMstrV</jurabk><enbez>§ 6</enbez><titel format="parat">Übergangsvorschrift</titel></metadaten><textdaten><text format="XML"><Content><P>Die bei Inkrafttreten dieser Verordnung laufenden Prüfungsverfahren werden nach den bisherigen Vorschriften zu Ende geführt.</P></Content></text></textdaten></norm>
<norm builddate="20220201213002" doknr="BJNR002830990BJNE001101128"><metadaten><jurabk>VergMstrV</jurabk><enbez>§ 7</enbez><titel format="XML">Weitere Anforderungen</titel></metadaten><textdaten><text format="XML"><Content><P>(1) Die Vorschriften der Meisterprüfungsverfahrensverordnung bleiben unberührt.</P><P>(2) Die Prüfung in den Teilen III und IV der Meisterprüfung bestimmt sich nach der Allgemeinen Meisterprüfungsverordnung.</P></Content></text><fussnoten/></textdaten></norm>
<norm builddate="20220201213002" doknr="BJNR002830990BJNE001201128"><metadaten><jurabk>VergMstrV</jurabk><enbez>§ 8</enbez><titel format="XML">(weggefallen)</titel></metadaten><textdaten><text format="XML"><Content><P/></Content></text><fussnoten/></textdaten></norm>
<norm builddate="20220201213002" doknr="BJNR002830990BJNE001300308"><metadaten><jurabk>VergMstrV</jurabk><enbez>§ 9</enbez><titel format="parat">Inkrafttreten</titel></metadaten><textdaten><text format="XML"><Content><P>(1) Diese Verordnung tritt am 1. Juni 1990 in Kraft.</P><P>(2) Die auf Grund des § 122 der Handwerksordnung weiter anzuwendenden Vorschriften sind, soweit sie Gegenstände dieser Verordnung regeln, nicht mehr anzuwenden.</P></Content> </text></textdaten></norm>
</dokumente>