<?xml version="1.0" encoding="UTF-8" ?><!DOCTYPE dokumente SYSTEM "http://www.gesetze-im-internet.de/dtd/1.01/gii-norm.dtd">
<dokumente builddate="20250630215530" doknr="BJNR1870A0024"><norm builddate="20250630215530" doknr="BJNR1870A0024"><metadaten><jurabk>FeinwerkMechMstrV 2025</jurabk><amtabk>FeinwerkMechMstrV</amtabk><ausfertigung-datum manuell="ja">2024-12-02</ausfertigung-datum><fundstelle typ="amtlich"><periodikum>BGBl. I</periodikum><zitstelle>2024, Nr. 391</zitstelle></fundstelle><kurzue>Feinwerkmechanikermeisterverordnung</kurzue><langue>Verordnung über die Meisterprüfung in den Teilen I und II im Feinwerkmechaniker-Handwerk</langue><standangabe checked="ja"><standtyp>Sonst</standtyp><standkommentar>Ersetzt V 7110-3-142 v. 5.4.2001 I 487 (FeinwerkMechMstrV)</standkommentar></standangabe></metadaten><textdaten><fussnoten><Content><P><BR/> <pre xml:space="preserve">(+++ Textnachweis ab: 1.7.2025 +++)<BR/><BR/></pre></P></Content></fussnoten></textdaten></norm>
<norm builddate="20250630215530" doknr="BJNR1870A0024BJNE000100000"><metadaten><jurabk>FeinwerkMechMstrV 2025</jurabk><jurabk>FeinwerkMechMstrV</jurabk><enbez>Eingangsformel</enbez></metadaten><textdaten><text format="XML"><Content><P>Auf Grund des § 45 Absatz 1 der Handwerksordnung in der Fassung der Bekanntmachung vom 24. September 1998 (BGBl. I S. 3074; 2006 I S. 2095), der zuletzt durch Artikel 2 Nummer 1 des Gesetzes vom 9. November 2022 (BGBl. I S. 2009) geändert worden ist, verordnet das Bundesministerium für Wirtschaft und Klimaschutz im Einvernehmen mit dem Bundesministerium für Bildung und Forschung:</P></Content></text></textdaten></norm>
<norm builddate="20250630215530" doknr="BJNR1870A0024BJNE000200000"><metadaten><jurabk>FeinwerkMechMstrV 2025</jurabk><jurabk>FeinwerkMechMstrV</jurabk><enbez>§ 1</enbez><titel format="XML">Gegenstand</titel></metadaten><textdaten><text format="XML"><Content><P>Diese Verordnung regelt das Meisterprüfungsberufsbild, die in der Prüfung in den Teilen I und II der Meisterprüfung zu stellenden Anforderungen sowie die Bestimmungen zur Durchführung der Meisterprüfung im Feinwerkmechaniker-Handwerk in folgenden Schwerpunkten: <DL Type="arabic"><DT>1.</DT><DD Font="normal"><LA>Maschinenbau, dieser umfasst die Planung, die Erstellung sowie die Instandhaltung von Maschinen oder Vorrichtungen und deren Komponenten sowie deren Steuerungstechnik,</LA></DD><DT>2.</DT><DD Font="normal"><LA>Werkzeugbau, dieser umfasst die Planung, die Erstellung sowie die Instandhaltung von Werkzeugen oder Vorrichtungen und deren Komponenten sowie deren Steuerungstechnik,</LA></DD><DT>3.</DT><DD Font="normal"><LA>Feinmechanik, diese umfasst die Planung, die Erstellung sowie die Instandhaltung von feinmechanischen Produkten oder Vorrichtungen und deren Komponenten sowie deren Steuerungstechnik,</LA></DD><DT>4.</DT><DD Font="normal"><LA>Zerspanungstechnik, diese umfasst die Planung sowie die Erstellung von geometrischen Bauteilen oder Vorrichtungen und deren Komponenten.</LA></DD></DL></P></Content></text></textdaten></norm>
<norm builddate="20250630215530" doknr="BJNR1870A0024BJNE000300000"><metadaten><jurabk>FeinwerkMechMstrV 2025</jurabk><jurabk>FeinwerkMechMstrV</jurabk><enbez>§ 2</enbez><titel format="XML">Meisterprüfungsberufsbild</titel></metadaten><textdaten><text format="XML"><Content><P>In den Teilen I und II der Meisterprüfung im Feinwerkmechaniker-Handwerk hat der Prüfling die beruflichen Handlungskompetenzen nachzuweisen, die sich auf wesentliche Tätigkeiten seines Gewerbes und die erforderlichen fachtheoretischen Kenntnisse beziehen. Grundlage dafür sind folgende Fertigkeiten und Kenntnisse: <DL Type="arabic"><DT>1.</DT><DD Font="normal"><LA>einen Betrieb im Feinwerkmechaniker-Handwerk führen und organisieren und dabei rechnergestützt technische, kaufmännische und personalwirtschaftliche Entscheidungen treffen und begründen, insbesondere unter Berücksichtigung <DL Type="alpha"><DT>a)</DT><DD Font="normal"><LA>der Kostenstrukturen,</LA></DD><DT>b)</DT><DD Font="normal"><LA>der Wettbewerbssituation,</LA></DD><DT>c)</DT><DD Font="normal"><LA>der für den Betrieb wesentlichen Ausbildung, Fort- und Weiterbildung des Personals,</LA></DD><DT>d)</DT><DD Font="normal"><LA>der Betriebsorganisation,</LA></DD><DT>e)</DT><DD Font="normal"><LA>des Qualitätsmanagements,</LA></DD><DT>f)</DT><DD Font="normal"><LA>des Arbeitsschutzrechtes,</LA></DD><DT>g)</DT><DD Font="normal"><LA>des Datenschutzes, der Datensicherheit und der Datenverarbeitung,</LA></DD><DT>h)</DT><DD Font="normal"><LA>der ökologischen Nachhaltigkeit, der ökonomischen Nachhaltigkeit sowie der sozialen Nachhaltigkeit sowie</LA></DD><DT>i)</DT><DD Font="normal"><LA>technologischer Entwicklungen sowie gesellschaftlicher Entwicklungen, insbesondere digitaler Technologien,</LA></DD></DL></LA></DD><DT>2.</DT><DD Font="normal"><LA>Konzepte für Betriebs- und Lagerausstattung sowie für logistische Geschäfts- und Arbeitsprozesse entwickeln und umsetzen,</LA></DD><DT>3.</DT><DD Font="normal"><LA>Kundenwünsche und jeweilige Rahmenbedingungen ermitteln, Anforderungen ableiten, Kundinnen und Kunden beraten, Serviceleistungen anbieten, Lösungen entwickeln, Verhandlungen führen und Ziele festlegen, Leistungen kalkulieren und Angebote erstellen sowie Verträge schließen,</LA></DD><DT>4.</DT><DD Font="normal"><LA>Geschäfts- und Arbeitsprozesse zur Leistungserbringung planen, organisieren und überwachen,</LA></DD><DT>5.</DT><DD Font="normal"><LA>Leistungen im Feinwerkmechaniker-Handwerk unter Berücksichtigung des gewählten Schwerpunkts erbringen, insbesondere <DL Type="alpha"><DT>a)</DT><DD Font="normal"><LA>Werkstücke unter Berücksichtigung von Festigkeit, von Statik sowie von Dynamik herstellen,</LA></DD><DT>b)</DT><DD Font="normal"><LA>Werkstoffe entsprechend ihrer Arten und Eigenschaften verarbeiten,</LA></DD><DT>c)</DT><DD Font="normal"><LA>Verfahren zur Oberflächenbehandlung sowie zur Stoffeigenschaftsänderung bei der Planung, Konstruktion und Fertigung berücksichtigen,</LA></DD><DT>d)</DT><DD Font="normal"><LA>Beurteilen und Anwenden von <DL Type="a-alpha"><DT>aa)</DT><DD Font="normal"><LA>manuellen Bearbeitungsverfahren sowie manuellen Verarbeitungsverfahren,</LA></DD><DT>bb)</DT><DD Font="normal"><LA>maschinellen Bearbeitungsverfahren sowie maschinellen Verarbeitungsverfahren sowie</LA></DD><DT>cc)</DT><DD Font="normal"><LA>programmgesteuerten Bearbeitungsverfahren sowie programmgesteuerten Verarbeitungsverfahren,</LA></DD></DL></LA></DD><DT>e)</DT><DD Font="normal"><LA>Einsatz von neuartigen Fertigungsverfahren, insbesondere additiven Fertigungsverfahren, beurteilen und anwenden,</LA></DD><DT>f)</DT><DD Font="normal"><LA>auftragsbezogene Unterlagen und Bestimmungen auswerten und bei der Auftragsplanung, Auftragsdurchführung und Auftragskontrolle berücksichtigen, auch unter Berücksichtigung von Umweltvorschriften,</LA></DD><DT>g)</DT><DD Font="normal"><LA>Konzepte, technische Zeichnungen, Arbeitspläne und technische Dokumentationen unter Einsatz von Informations- und Kommunikationstechnologien, erarbeiten, bewerten und anpassen,</LA></DD><DT>h)</DT><DD Font="normal"><LA>Konstruktionen softwaregestützt erstellen, Fertigungsprozesse simulieren und Möglichkeiten der teilautomatisierten Produktion und der automatisierten Produktion prüfen sowie</LA></DD><DT>i)</DT><DD Font="normal"><LA>unterschiedliche Fertigungsprozesse in deren Wirtschaftlichkeit bewerten und Vorteile und Nachteile an Kundinnen und Kunden kommunizieren,</LA></DD></DL></LA></DD><DT>6.</DT><DD Font="normal"><LA>technische Gesichtspunkte, organisatorische Gesichtspunkte sowie rechtliche Gesichtspunkte bei der Leistungserbringung berücksichtigen, insbesondere <DL Type="alpha"><DT>a)</DT><DD Font="normal"><LA>die datenschutzrechtlichen Vorschriften und damit verbundene Anforderungen,</LA></DD><DT>b)</DT><DD Font="normal"><LA>die Datensicherheit und die Datensicherung,</LA></DD><DT>c)</DT><DD Font="normal"><LA>die Sicherheitsrisiken, die Gesundheitsrisiken, die Umweltrisiken und die Haftungsrisiken sowie damit verbundene Hinweispflichten,</LA></DD><DT>d)</DT><DD Font="normal"><LA>der effiziente Einsatz von Energie sowie von Ressourcen unter Berücksichtigung von Wirtschaftlichkeit und Umweltschutz,</LA></DD><DT>e)</DT><DD Font="normal"><LA>die berufsbezogenen Rechtsvorschriften und technischen Normen,</LA></DD><DT>f)</DT><DD Font="normal"><LA>die allgemein anerkannten Regeln der Technik,</LA></DD><DT>g)</DT><DD Font="normal"><LA>das einzusetzende Personal sowie die Materialien, Arbeits- und Betriebsmittel sowie</LA></DD><DT>h)</DT><DD Font="normal"><LA>die Möglichkeiten zum Einsatz von Auszubildenden,</LA></DD></DL></LA></DD><DT>7.</DT><DD Font="normal"><LA>Arten und Eigenschaften von zu verwendenden Materialien berücksichtigen,</LA></DD><DT>8.</DT><DD Font="normal"><LA>Unteraufträge kriterienorientiert, insbesondere unter Berücksichtigung von Qualität der Leistungen und Rechtsvorschriften, vergeben und deren Ausführung kontrollieren,</LA></DD><DT>9.</DT><DD Font="normal"><LA>Prüf- und Messtechniken unter Berücksichtigung von Prüf- und Messplänen sowie Qualitätssicherung anwenden und Ergebnisse dokumentieren,</LA></DD><DT>10.</DT><DD Font="normal"><LA>Vorgaben Dritter, insbesondere Zertifizierungen und Werksnormen, beurteilen und anwenden,</LA></DD><DT>11.</DT><DD Font="normal"><LA>Betriebsabläufe unter Verwendung von Systemen zur Planung von unternehmerischen Ressourcen (Enterprise-Resource-Planning-Systeme) planen und steuern,</LA></DD><DT>12.</DT><DD Font="normal"><LA>fortlaufende Qualitätskontrollen durchführen, Störungen analysieren und beseitigen, Ergebnisse daraus bewerten und dokumentieren sowie</LA></DD><DT>13.</DT><DD Font="normal"><LA>erbrachte Leistungen kontrollieren, Mängel beseitigen, Leistungen dokumentieren und übergeben, Abnahmeprotokolle, Prüfprotokolle sowie Messprotokolle erstellen sowie Nachkalkulationen durchführen, Auftragsabwicklung auswerten und gegebenenfalls optimieren.</LA></DD></DL>Neben den in Satz 2 Nummer 5 genannten Fertigkeiten und Kenntnissen sind bei der Leistungserbringung in den folgenden Schwerpunkten folgende Fertigkeiten und Kenntnisse zugrunde zu legen: <DL Type="arabic"><DT>1.</DT><DD Font="normal"><LA>im Schwerpunkt Maschinenbau: <DL Type="alpha"><DT>a)</DT><DD Font="normal"><LA>Maschinen oder Vorrichtungen sowie deren Komponenten und Steuerungstechnik herstellen, montieren, in Betrieb nehmen, warten und instand halten,</LA></DD><DT>b)</DT><DD Font="normal"><LA>Prozessautomatisierungstechniken, insbesondere Montage- und Handhabungstechniken, planen, auswählen und anwenden,</LA></DD><DT>c)</DT><DD Font="normal"><LA>Transport- und Fördertechniken dem jeweiligen Verwendungszweck zuordnen und anwenden,</LA></DD><DT>d)</DT><DD Font="normal"><LA>geeignete Fügetechniken, insbesondere thermische Fügetechniken sowie mechanische Fügetechniken, beurteilen sowie</LA></DD><DT>e)</DT><DD Font="normal"><LA>steuerungstechnische Lösungen erarbeiten, insbesondere <DL Type="a-alpha"><DT>aa)</DT><DD Font="normal"><LA>elektronische Lösungen,</LA></DD><DT>bb)</DT><DD Font="normal"><LA>elektrotechnische Lösungen,</LA></DD><DT>cc)</DT><DD Font="normal"><LA>hydraulische Lösungen sowie</LA></DD><DT>dd)</DT><DD Font="normal"><LA>pneumatische Lösungen,</LA></DD></DL></LA></DD></DL></LA></DD><DT>2.</DT><DD Font="normal"><LA>im Schwerpunkt Werkzeugbau: <DL Type="alpha"><DT>a)</DT><DD Font="normal"><LA>Schnittwerkzeuge, Stanzwerkzeuge und Umformwerkzeuge sowie Formwerkzeuge oder Vorrichtungen sowie deren Komponenten und Steuerungstechnik planen, entwerfen, herstellen, montieren, in Betrieb nehmen, warten und instand halten,</LA></DD><DT>b)</DT><DD Font="normal"><LA>Eigenschaften und Verhalten der zu verarbeitenden Werkstoffe berücksichtigen,</LA></DD><DT>c)</DT><DD Font="normal"><LA>geeignete Fügetechniken, insbesondere thermische Fügetechniken sowie mechanische Fügetechniken, beurteilen sowie</LA></DD><DT>d)</DT><DD Font="normal"><LA>Erarbeiten von steuerungstechnischen Lösungen, insbesondere <DL Type="a-alpha"><DT>aa)</DT><DD Font="normal"><LA>elektronische Lösungen,</LA></DD><DT>bb)</DT><DD Font="normal"><LA>elektrotechnische Lösungen,</LA></DD><DT>cc)</DT><DD Font="normal"><LA>hydraulische Lösungen sowie</LA></DD><DT>dd)</DT><DD Font="normal"><LA>pneumatische Lösungen,</LA></DD></DL></LA></DD></DL></LA></DD><DT>3.</DT><DD Font="normal"><LA>im Schwerpunkt Feinmechanik: <DL Type="alpha"><DT>a)</DT><DD Font="normal"><LA>Planen, Entwerfen, Herstellen, Montieren, Inbetriebnehmen sowie Instandhalten von <DL Type="a-alpha"><DT>aa)</DT><DD Font="normal"><LA>optischen Geräten sowie feinmechanischen Geräten sowie deren Komponenten und Steuerungstechnik sowie</LA></DD><DT>bb)</DT><DD Font="normal"><LA>optischen Systemen sowie feinmechanischen Systemen sowie deren Komponenten und Steuerungstechnik,</LA></DD></DL></LA></DD><DT>b)</DT><DD Font="normal"><LA>Modelle sowie Versuchseinrichtungen planen, entwerfen, herstellen, montieren, in Betrieb nehmen sowie instand halten,</LA></DD><DT>c)</DT><DD Font="normal"><LA>Messgeräte und Messsysteme herstellen, justieren, kalibrieren sowie instand halten,</LA></DD><DT>d)</DT><DD Font="normal"><LA>Maschinen sowie Bearbeitungswerkzeuge den jeweiligen Anforderungen und Verwendungszwecken zuordnen,</LA></DD><DT>e)</DT><DD Font="normal"><LA>geeignete Fügetechniken beurteilen, insbesondere thermische Fügetechniken sowie mechanische Fügetechniken sowie</LA></DD><DT>f)</DT><DD Font="normal"><LA>Erarbeiten von steuerungstechnischen Lösungen, insbesondere <DL Type="a-alpha"><DT>aa)</DT><DD Font="normal"><LA>elektronische Lösungen,</LA></DD><DT>bb)</DT><DD Font="normal"><LA>elektrotechnische Lösungen,</LA></DD><DT>cc)</DT><DD Font="normal"><LA>hydraulische Lösungen sowie</LA></DD><DT>dd)</DT><DD Font="normal"><LA>pneumatische Lösungen,</LA></DD></DL></LA></DD></DL></LA></DD><DT>4.</DT><DD Font="normal"><LA>im Schwerpunkt Zerspanungstechnik: <DL Type="alpha"><DT>a)</DT><DD Font="normal"><LA>geometrische Bauteile oder Vorrichtungen und deren Komponenten planen und erstellen,</LA></DD><DT>b)</DT><DD Font="normal"><LA>Anlagen für die Herstellung der in Buchstabe a genannten Elemente instand halten,</LA></DD><DT>c)</DT><DD Font="normal"><LA>Eigenschaften und Verhalten der zu verarbeitenden Werkstoffe berücksichtigen,</LA></DD><DT>d)</DT><DD Font="normal"><LA>geeignete Verfahren der Feinbearbeitung beurteilen sowie</LA></DD><DT>e)</DT><DD Font="normal"><LA>Produktionsplanung und -steuerung überwachen.</LA></DD></DL></LA></DD></DL></P></Content></text></textdaten></norm>
<norm builddate="20250630215530" doknr="BJNR1870A0024BJNE000400000"><metadaten><jurabk>FeinwerkMechMstrV 2025</jurabk><jurabk>FeinwerkMechMstrV</jurabk><enbez>§ 3</enbez><titel format="XML">Ziel und Gliederung der Prüfung in Teil I</titel></metadaten><textdaten><text format="XML"><Content><P>(1) In der Prüfung in Teil I hat der Prüfling umfängliche und zusammenhängende berufliche Aufgaben zu lösen und dabei nachzuweisen, dass er wesentliche Tätigkeiten des Feinwerkmechaniker-Handwerks meisterhaft verrichtet.</P><P>(2) Die Prüfung in Teil I gliedert sich in ein Meisterprüfungsprojekt nach § 4 und ein darauf bezogenes Fachgespräch nach § 5. Das Meisterprüfungsprojekt und das Fachgespräch bilden einen Prüfungsbereich.</P></Content></text></textdaten></norm>
<norm builddate="20250630215530" doknr="BJNR1870A0024BJNE000500000"><metadaten><jurabk>FeinwerkMechMstrV 2025</jurabk><jurabk>FeinwerkMechMstrV</jurabk><enbez>§ 4</enbez><titel format="XML">Meisterprüfungsprojekt</titel></metadaten><textdaten><text format="XML"><Content><P>(1) Der Prüfling hat ein Meisterprüfungsprojekt durchzuführen, das einem Kundenauftrag entspricht. Das Meisterprüfungsprojekt besteht aus Planungsarbeiten, Durchführungsarbeiten, Kontrollarbeiten und Dokumentationsarbeiten.</P><P>(2) Als Meisterprüfungsprojekt sind folgende Arbeiten durchzuführen: <DL Type="arabic"><DT>1.</DT><DD Font="normal"><LA>im Rahmen der Planungsarbeiten Werkstattzeichnungen und dazugehörigen Stücklisten, eine Kalkulation sowie einen Arbeitsplan unter Verwendung von Konstruktionssoftware CAD und Enterprise-Resource-Planning-Systemen erstellen,</LA></DD><DT>2.</DT><DD Font="normal"><LA>auf Grundlage der Tätigkeiten nach Nummer 1 folgende Durchführungsarbeiten erbringen: <DL Type="alpha"><DT>a)</DT><DD Font="normal"><LA>im Schwerpunkt Maschinenbau mindestens eine Maschine, Vorrichtung oder deren Komponenten anfertigen,</LA></DD><DT>b)</DT><DD Font="normal"><LA>im Schwerpunkt Werkzeugbau mindestens ein Schnittwerkzeug, Stanzwerkzeug oder Umformwerkzeug, eine Form, Vorrichtung oder deren Komponenten anfertigen,</LA></DD><DT>c)</DT><DD Font="normal"><LA>im Schwerpunkt Feinmechanik mindestens ein Instrument, ein Feingerät oder Komponenten davon, einschließlich steuerungstechnischer Elemente, anfertigen oder</LA></DD><DT>d)</DT><DD Font="normal"><LA>im Schwerpunkt Zerspanungstechnik mindestens ein geometrisches Bauteil, eine Vorrichtung oder deren Komponenten anfertigen sowie</LA></DD></DL></LA></DD><DT>3.</DT><DD Font="normal"><LA>Kontrollarbeiten und Dokumentationsarbeiten zu erbringen, bestehend aus Messprotokollen erstellen, ausfüllen und auswerten.</LA></DD></DL></P><P>(3) Die Anforderungen an das jeweilige Meisterprüfungsprojekt werden nach Maßgabe der Vorschriften der Meisterprüfungsverfahrensverordnung festgelegt.</P><P>(4) Die Auswahl der Durchführungsarbeiten nach Absatz 2 Nummer 2 Buchstabe a bis d erfolgt durch den Meisterprüfungsausschuss unter Berücksichtigung des vom Prüfling gewählten Schwerpunktes nach Absatz 2 Nummer 1 bis 3.</P><P>(5) Für die Bearbeitung des Meisterprüfungsprojekts stehen dem Prüfling acht Arbeitstage zur Verfügung.</P><P>(6) Für die Bewertung des Meisterprüfungsprojekts werden die einzelnen Bestandteile wie folgt gewichtet: <DL Type="arabic"><DT>1.</DT><DD Font="normal"><LA>die Planungsarbeiten anhand der Planungsunterlagen, bestehend aus Werkstattzeichnungen und dazugehörigen Stücklisten, einer Kalkulation sowie einem Arbeitsplan, mit 40 Prozent,</LA></DD><DT>2.</DT><DD Font="normal"><LA>die Durchführungsarbeiten mit 40 Prozent und</LA></DD><DT>3.</DT><DD Font="normal"><LA>die Kontrollarbeiten und die Dokumentationsarbeiten anhand der Dokumentationsunterlagen mit 20 Prozent.</LA></DD></DL></P></Content></text></textdaten></norm>
<norm builddate="20250630215530" doknr="BJNR1870A0024BJNE000600000"><metadaten><jurabk>FeinwerkMechMstrV 2025</jurabk><jurabk>FeinwerkMechMstrV</jurabk><enbez>§ 5</enbez><titel format="XML">Fachgespräch</titel></metadaten><textdaten><text format="XML"><Content><P>(1) Im Fachgespräch hat der Prüfling nachzuweisen, dass er in der Lage ist, <DL Type="arabic"><DT>1.</DT><DD Font="normal"><LA>die fachlichen Zusammenhänge aufzuzeigen, die dem Meisterprüfungsprojekt zugrunde liegen,</LA></DD><DT>2.</DT><DD Font="normal"><LA>Kundinnen und Kunden zu beraten und dabei den jeweiligen Kundenwunsch sowie wirtschaftliche, rechtliche und technische Gesichtspunkte in das Beratungsgespräch einzubeziehen,</LA></DD><DT>3.</DT><DD Font="normal"><LA>sein Vorgehen bei der Planung und Durchführung des Meisterprüfungsprojekts zu begründen sowie</LA></DD><DT>4.</DT><DD Font="normal"><LA>mit dem Meisterprüfungsprojekt verbundene berufsbezogene Probleme sowie deren Lösungen darzustellen und dabei aktuelle Entwicklungen im Feinwerkmechaniker-Handwerk zu berücksichtigen.</LA></DD></DL></P><P>(2) Das Fachgespräch soll höchstens 30 Minuten dauern.</P></Content></text></textdaten></norm>
<norm builddate="20250630215530" doknr="BJNR1870A0024BJNE000700000"><metadaten><jurabk>FeinwerkMechMstrV 2025</jurabk><jurabk>FeinwerkMechMstrV</jurabk><enbez>§ 6</enbez><titel format="XML">Gewichtung, Bestehen der Prüfung in Teil I</titel></metadaten><textdaten><text format="XML"><Content><P>(1) Das Meisterprüfungsprojekt und das Fachgespräch werden gesondert bewertet. Für das Gesamtergebnis der Prüfung in Teil I der Meisterprüfung ist die Bewertung des Meisterprüfungsprojekts und die Bewertung des Fachgesprächs im Verhältnis 3:1 zu gewichten.</P><P>(2) Der Prüfling hat den Teil I der Meisterprüfung bestanden, wenn <DL Type="arabic"><DT>1.</DT><DD Font="normal"><LA>das Meisterprüfungsprojekt und das Fachgespräch jeweils mit mindestens 30 Punkten bewertet worden ist und</LA></DD><DT>2.</DT><DD Font="normal"><LA>das Gesamtergebnis der Prüfung mindestens „ausreichend“ ist.</LA></DD></DL></P></Content></text></textdaten></norm>
<norm builddate="20250630215530" doknr="BJNR1870A0024BJNE000800000"><metadaten><jurabk>FeinwerkMechMstrV 2025</jurabk><jurabk>FeinwerkMechMstrV</jurabk><enbez>§ 7</enbez><titel format="XML">Ziel und Gliederung der Prüfung in Teil II</titel></metadaten><textdaten><text format="XML"><Content><P>(1) In Teil II der Meisterprüfung hat der Prüfling umfängliche und zusammenhängende berufliche Aufgaben in seinem gewählten Schwerpunkt zu lösen und dabei nachzuweisen, dass er die erforderlichen fachtheoretischen Kenntnisse im Feinwerkmechaniker-Handwerk anwenden kann. Grundlage für den Nachweis bilden die Qualifikationen in den folgenden Handlungsfeldern: <DL Type="arabic"><DT>1.</DT><DD Font="normal"><LA>nach Maßgabe des § 8 „Anforderungen von Kundinnen und Kunden eines Betriebs im Feinwerkmechaniker-Handwerk analysieren, Lösungen erarbeiten und anbieten“,</LA></DD><DT>2.</DT><DD Font="normal"><LA>nach Maßgabe des § 9 „Leistungen eines Betriebs im Feinwerkmechaniker-Handwerk erbringen, kontrollieren und übergeben“ und</LA></DD><DT>3.</DT><DD Font="normal"><LA>nach Maßgabe des § 10 „Einen Betrieb im Feinwerkmechaniker-Handwerk führen und organisieren“.</LA></DD></DL></P><P>(2) Der Prüfling hat in jedem der drei Handlungsfelder eine fallbezogene Aufgabe zu bearbeiten, die den Anforderungen des Absatzes 1 entspricht. Bei jeder Aufgabenstellung können die Qualifikationen der drei Handlungsfelder handlungsfeldübergreifend verknüpft werden.</P><P>(3) Die Aufgaben sind schriftlich zu bearbeiten.</P><P>(4) Für die Bearbeitung der Aufgaben stehen dem Prüfling in jedem Handlungsfeld drei Stunden zur Verfügung. Eine Prüfungsdauer von sechs Stunden an einem Tag darf nicht überschritten werden.</P></Content></text></textdaten></norm>
<norm builddate="20250630215530" doknr="BJNR1870A0024BJNE000900000"><metadaten><jurabk>FeinwerkMechMstrV 2025</jurabk><jurabk>FeinwerkMechMstrV</jurabk><enbez>§ 8</enbez><titel format="XML">Handlungsfeld „Anforderungen von Kundinnen und Kunden eines Betriebs im Feinwerkmechaniker-Handwerk analysieren, Lösungen erarbeiten und anbieten“</titel></metadaten><textdaten><text format="XML"><Content><P>(1) Im Handlungsfeld „Anforderungen von Kundinnen und Kunden eines Betriebs im Feinwerkmechaniker-Handwerk analysieren, Lösungen erarbeiten und anbieten“ hat der Prüfling nachzuweisen, dass er in der Lage ist, in einem Betrieb im Feinwerkmechaniker-Handwerk Anforderungen erfolgsorientiert, kundenorientiert sowie qualitätsorientiert, auch unter Anwendung von Informations- und Kommunikationstechnologien, zu analysieren, Lösungen zu planen und anzubieten. Dabei hat er datenschutzrechtliche Gesichtspunkte, ökologische Gesichtspunkte, ökonomische Gesichtspunkte und soziale Gesichtspunkte sowie die allgemein anerkannten Regeln der Technik zu berücksichtigen. Die jeweilige Aufgabenstellung soll mehrere der in Absatz 2 genannten Qualifikationen verknüpfen.</P><P>(2) Das Handlungsfeld „Anforderungen von Kundinnen und Kunden eines Betriebs im Feinwerkmechaniker-Handwerk analysieren, Lösungen erarbeiten und anbieten“ besteht aus folgenden Qualifikationen: <DL Type="arabic"><DT>1.</DT><DD Font="normal"><LA>Kundenwünsche und die Rahmenbedingungen zu deren Erfüllung analysieren, dokumentieren sowie bewerten und daraus Anforderungen ableiten, hierzu zählen insbesondere: <DL Type="alpha"><DT>a)</DT><DD Font="normal"><LA>Vorgehensweise zur strukturierten Ermittlung der Kundenwünsche und der jeweiligen Rahmenbedingungen erläutern und bewerten,</LA></DD><DT>b)</DT><DD Font="normal"><LA>Ausschreibungen und Angebotsanfragen öffentlicher Auftraggeber, gewerblicher Auftraggeber oder privater Auftraggeber analysieren und bewerten,</LA></DD><DT>c)</DT><DD Font="normal"><LA>Anforderungen der auftragsbezogenen Datensicherheit bewerten und berücksichtigen sowie</LA></DD><DT>d)</DT><DD Font="normal"><LA>Ergebnisse der vorstehenden Handlungsschritte dokumentieren und bewerten, daraus Anforderungen für die Umsetzung ableiten,</LA></DD></DL></LA></DD><DT>2.</DT><DD Font="normal"><LA>Lösungsmöglichkeiten entwickeln, erläutern und begründen, auch unter Berücksichtigung der berufsbezogenen Rechtsvorschriften und technischen Normen sowie der allgemein anerkannten Regeln der Technik, hierzu zählen insbesondere: <DL Type="alpha"><DT>a)</DT><DD Font="normal"><LA>Möglichkeiten und Notwendigkeiten des Einsatzes von Materialien, Bauteilen, Maschinen, Werkzeugen, Geräten und Personal, auch unter Berücksichtigung einzusetzender Verfahren, darstellen, erläutern und begründen,</LA></DD><DT>b)</DT><DD Font="normal"><LA>Sicherheitsrisiken, Gesundheitsrisiken, Umweltrisiken sowie Haftungsrisiken bewerten und Konsequenzen ableiten,</LA></DD><DT>c)</DT><DD Font="normal"><LA>Maschinen, deren Baugruppen sowie deren Bauteile, Geräte, Werkzeuge, technische Modelle sowie Versuchseinrichtungen entwerfen und berechnen,</LA></DD><DT>d)</DT><DD Font="normal"><LA>Konstruktionsentwürfe bewerten und korrigieren,</LA></DD><DT>e)</DT><DD Font="normal"><LA>Elemente der Prozessautomatisierung und -mechanisierung sowie der Transport- und Fördertechnik unterscheiden und beurteilen,</LA></DD><DT>f)</DT><DD Font="normal"><LA>Eigenschaften und Verhalten zu verarbeitender Werkstoffe beurteilen und Verwendungszwecken zuordnen,</LA></DD><DT>g)</DT><DD Font="normal"><LA>Probleme bei der Materialbearbeitung, bei der Materialverarbeitung, beim thermischen Fügen sowie beim mechanischen Fügen beschreiben, Lösungen erarbeiten, bewerten und umsetzen,</LA></DD><DT>h)</DT><DD Font="normal"><LA>Lösungen für Probleme im Bereich der Steuerungstechnik erarbeiten, bewerten und umsetzen,</LA></DD><DT>i)</DT><DD Font="normal"><LA>Prüf- und Messtechniken sowie Verfahren der Funktionsprüfungen sowie der Fehlersuche dem jeweiligen Verwendungszweck zuordnen,</LA></DD><DT>j)</DT><DD Font="normal"><LA>Verfahren zur Oberflächenbehandlung und zur Stoffeigenschaftsänderung dem jeweiligen Verwendungszweck zuordnen,</LA></DD><DT>k)</DT><DD Font="normal"><LA>Kriterien für die Vergabe von Unteraufträgen festlegen, insbesondere unter Berücksichtigung von Qualität und Rechtsvorschriften, darauf aufbauend Ausschreibungen oder Angebotsanfragen erstellen und hierauf eingehende Angebote bewerten sowie</LA></DD><DT>l)</DT><DD Font="normal"><LA>Vor- und Nachteile verschiedener Lösungsmöglichkeiten im Hinblick auf Anforderungen, Kostengesichtspunkte, rechtliche Gesichtspunkte sowie sicherheitstechnische Gesichtspunkte erläutern und abwägen sowie daraus eine Lösung auswählen und diese Auswahl begründen sowie</LA></DD></DL></LA></DD><DT>3.</DT><DD Font="normal"><LA>Angebote kalkulieren, erstellen und erläutern sowie Leistungen vereinbaren, hierzu zählen insbesondere: <DL Type="alpha"><DT>a)</DT><DD Font="normal"><LA>Personalkosten, Materialkosten sowie Gerätekosten auf der Grundlage der Planungen kalkulieren,</LA></DD><DT>b)</DT><DD Font="normal"><LA>auf der Grundlage entwickelter Lösungsmöglichkeiten Angebotspositionen bestimmen und zu Angebotspaketen zusammenfassen sowie Preise kalkulieren,</LA></DD><DT>c)</DT><DD Font="normal"><LA>Vertragsbedingungen unter Berücksichtigung von Haftungsbestimmungen formulieren und beurteilen,</LA></DD><DT>d)</DT><DD Font="normal"><LA>Angebotsunterlagen unter Verwendung von Enterprise-Resource-Planning-Systemen vorbereiten und Angebote erstellen,</LA></DD><DT>e)</DT><DD Font="normal"><LA>Angebotspositionen und Vertragsbedingungen gegenüber Kundinnen und Kunden erläutern und begründen sowie Leistungen vereinbaren.</LA></DD></DL></LA></DD></DL></P></Content></text></textdaten></norm>
<norm builddate="20250630215530" doknr="BJNR1870A0024BJNE001000000"><metadaten><jurabk>FeinwerkMechMstrV 2025</jurabk><jurabk>FeinwerkMechMstrV</jurabk><enbez>§ 9</enbez><titel format="XML">Handlungsfeld „Leistungen eines Betriebs im Feinwerkmechaniker-Handwerk erbringen, kontrollieren und übergeben“</titel></metadaten><textdaten><text format="XML"><Content><P>(1) Im Handlungsfeld „Leistungen eines Betriebs im Feinwerkmechaniker-Handwerk erbringen, kontrollieren und übergeben“ hat der Prüfling nachzuweisen, dass er in der Lage ist, Leistungen eines Betriebs im Feinwerkmechaniker-Handwerk erfolgsorientiert, kundenorientiert sowie qualitätsorientiert, auch unter Anwendung von Informations- und Kommunikationstechnologien, zu erbringen, zu kontrollieren und zu übergeben. Dabei hat er datenschutzrechtliche Gesichtspunkte, ökologische Gesichtspunkte, ökonomische Gesichtspunkte und soziale Gesichtspunkte sowie die allgemein anerkannten Regeln der Technik zu berücksichtigen. Die jeweilige Aufgabenstellung soll mehrere der in Absatz 2 genannten Qualifikationen verknüpfen.</P><P>(2) Das Handlungsfeld „Leistungen eines Betriebs im Feinwerkmechaniker-Handwerk erbringen, kontrollieren und übergeben“ besteht aus folgenden Qualifikationen: <DL Type="arabic"><DT>1.</DT><DD Font="normal"><LA>die Erbringung der Leistungen vorbereiten, hierzu zählen insbesondere: <DL Type="alpha"><DT>a)</DT><DD Font="normal"><LA>Methoden der Arbeitsplanung und Arbeitsorganisation sowie des Projektmanagements erläutern, auswählen und die Auswahl begründen sowie unter Berücksichtigung einzusetzender Herstellungsverfahren sowie einzusetzender Instandhaltungsverfahren den Einsatz von Personal, Material, Geräten, Maschinen sowie Werkzeugen planen,</LA></DD><DT>b)</DT><DD Font="normal"><LA>mögliche Störungen und Risiken bei der Leistungserbringung, auch in der Zusammenarbeit mit anderen an der Leistungserbringung Beteiligten, vorhersehen und Auswirkungen bewerten sowie Lösungen zu deren Vermeidung oder Behebung entwickeln,</LA></DD><DT>c)</DT><DD Font="normal"><LA>Auftragsabwicklungsprozesse unter Verwendung von Enterprise-Resource-Planning-Systemen planen,</LA></DD><DT>d)</DT><DD Font="normal"><LA>technische Arbeitspläne, insbesondere unter Anwendung von Enterprise-Resource-Planning-Systemen erarbeiten, bewerten und korrigieren,</LA></DD><DT>e)</DT><DD Font="normal"><LA>Entsorgung der nicht-recyclebaren Materialien und der nicht-recyclebaren Hilfsstoffe planen und dokumentieren, recyclebare Materialien und recyclebare Hilfsstoffe der Wiederverwertung zuführen sowie</LA></DD><DT>f)</DT><DD Font="normal"><LA>Planen von steuerungstechnischen Lösungen mit <DL Type="a-alpha"><DT>aa)</DT><DD Font="normal"><LA>elektrischen Systemen,</LA></DD><DT>bb)</DT><DD Font="normal"><LA>elektronischen Systemen,</LA></DD><DT>cc)</DT><DD Font="normal"><LA>hydraulischen Systemen,</LA></DD><DT>dd)</DT><DD Font="normal"><LA>pneumatischen Systemen sowie</LA></DD><DT>ee)</DT><DD Font="normal"><LA>mechanischen Systemen,</LA></DD></DL></LA></DD></DL></LA></DD><DT>2.</DT><DD Font="normal"><LA>die Leistungen erbringen, hierzu zählen insbesondere: <DL Type="alpha"><DT>a)</DT><DD Font="normal"><LA>berufsbezogene Rechtsvorschriften und technische Normen sowie die allgemein anerkannten Regeln der Technik anwenden,</LA></DD><DT>b)</DT><DD Font="normal"><LA>Maßnahmen zur Gefahrenvermeidung sowie zur Gefahrenbeseitigung erläutern sowie Konsequenzen ableiten,</LA></DD><DT>c)</DT><DD Font="normal"><LA>Fehler und Mängel bei der Erbringung der Leistungen erläutern sowie Maßnahmen zu deren Beseitigung ableiten sowie</LA></DD><DT>d)</DT><DD Font="normal"><LA>Vorgehensweise zur Erbringung von Leistungen unter Berücksichtigung von Herstellungsverfahren, von Instandhaltungsverfahren sowie von datenschutzrechtlichen Vorschriften erläutern und begründen sowie</LA></DD></DL></LA></DD><DT>3.</DT><DD Font="normal"><LA>die Leistungen unter Anwendung von Informations- und Kommunikationstechnologien kontrollieren, dokumentieren, übergeben sowie abrechnen, hierzu zählen insbesondere: <DL Type="alpha"><DT>a)</DT><DD Font="normal"><LA>Kriterien zur Feststellung der Qualität der erbrachten Leistungen erläutern,</LA></DD><DT>b)</DT><DD Font="normal"><LA>Prüfergebnisse, insbesondere Messungen nach Normen und rechtlichen Vorgaben, dokumentieren, bewerten und erläutern,</LA></DD><DT>c)</DT><DD Font="normal"><LA>Vorgehensweise bei Übergabe der Leistungen und Information der Kundinnen und Kunden über Handhabung und Wartung erläutern, dabei Überprüfungs- und Wartungspflichten und Wartungsnotwendigkeiten darstellen,</LA></DD><DT>d)</DT><DD Font="normal"><LA>auftragsbezogene Nachkalkulationen durchführen und Konsequenzen ableiten sowie</LA></DD><DT>e)</DT><DD Font="normal"><LA>Möglichkeiten der Herstellung von Kundenzufriedenheit und der Kundenbindung erläutern und beurteilen.</LA></DD></DL></LA></DD></DL></P></Content></text></textdaten></norm>
<norm builddate="20250630215530" doknr="BJNR1870A0024BJNE001100000"><metadaten><jurabk>FeinwerkMechMstrV 2025</jurabk><jurabk>FeinwerkMechMstrV</jurabk><enbez>§ 10</enbez><titel format="XML">Handlungsfeld „Einen Betrieb im Feinwerkmechaniker-Handwerk führen und organisieren“</titel></metadaten><textdaten><text format="XML"><Content><P>(1) Im Handlungsfeld „Einen Betrieb im Feinwerkmechaniker-Handwerk führen und organisieren“ hat der Prüfling nachzuweisen, dass er in der Lage ist, Aufgaben der Betriebsführung und der Betriebsorganisation in einem Betrieb im Feinwerkmechaniker-Handwerk unter Berücksichtigung der Rechtsvorschriften, auch unter Anwendung von Informations- und Kommunikationstechnologien, wahrzunehmen. Dabei hat er den Nutzen zwischenbetrieblicher Kooperationen, insbesondere den Nutzen gewerbeübergreifender Zusammenarbeit, zu prüfen und zu bewerten. Die jeweilige Aufgabenstellung soll mehrere der in Absatz 2 genannten Qualifikationen verknüpfen.</P><P>(2) Das Handlungsfeld „Einen Betrieb im Feinwerkmechaniker-Handwerk führen und organisieren“ besteht aus folgenden Qualifikationen: <DL Type="arabic"><DT>1.</DT><DD Font="normal"><LA>betriebliche Kosten analysieren und für die Preisgestaltung und Effizienzsteigerung nutzen, hierzu zählen insbesondere: <DL Type="alpha"><DT>a)</DT><DD Font="normal"><LA>betriebliche Kosten ermitteln, dabei betriebswirtschaftliche Zusammenhänge berücksichtigen,</LA></DD><DT>b)</DT><DD Font="normal"><LA>betriebliche Kostenstrukturen überprüfen,</LA></DD><DT>c)</DT><DD Font="normal"><LA>betriebliche Kennzahlen ermitteln und vergleichen,</LA></DD><DT>d)</DT><DD Font="normal"><LA>Maßnahmen zur Effizienzsteigerung ableiten sowie</LA></DD><DT>e)</DT><DD Font="normal"><LA>betriebliche Kalkulationsmethoden anhand vorgegebener Kostenstrukturen auswählen und anwenden,</LA></DD></DL></LA></DD><DT>2.</DT><DD Font="normal"><LA>Marketingmaßnahmen zur Kundengewinnung sowie zur Kundenpflege erarbeiten, hierzu zählen insbesondere: <DL Type="alpha"><DT>a)</DT><DD Font="normal"><LA>Auswirkungen technologischer Entwicklungen, wirtschaftlicher Entwicklungen, rechtlicher Entwicklungen, ökologischer Entwicklungen sowie gesellschaftlicher Entwicklungen und veränderter Kundenanforderungen auf das Leistungsangebot darstellen und begründen,</LA></DD><DT>b)</DT><DD Font="normal"><LA>Möglichkeiten der Auftragsbeschaffung darstellen und Marketingmaßnahmen zur Kundengewinnung sowie Kundenpflege entwickeln,</LA></DD><DT>c)</DT><DD Font="normal"><LA>Informationen über Produkte und über das Leistungsspektrum des Betriebs erstellen sowie</LA></DD><DT>d)</DT><DD Font="normal"><LA>Vertriebswege ermitteln und bewerten,</LA></DD></DL></LA></DD><DT>3.</DT><DD Font="normal"><LA>betriebliches Qualitätsmanagement entwickeln, hierzu zählen insbesondere: <DL Type="alpha"><DT>a)</DT><DD Font="normal"><LA>Bedeutung des betrieblichen Qualitätsmanagements darstellen und beurteilen,</LA></DD><DT>b)</DT><DD Font="normal"><LA>Qualitätsmanagementsysteme unterscheiden und beurteilen,</LA></DD><DT>c)</DT><DD Font="normal"><LA>Maßnahmen zur Kontrolle und Dokumentation der Leistungen erläutern, begründen und bewerten, insbesondere unter Berücksichtigung von Qualitätsstandards, Rechtsvorschriften und technischen Normen,</LA></DD><DT>d)</DT><DD Font="normal"><LA>Maßnahmen zur kontinuierlichen Verbesserung von Geschäfts- und Arbeitsprozessen festlegen und bewerten sowie</LA></DD><DT>e)</DT><DD Font="normal"><LA>Maßnahmen zur Rückverfolgbarkeit der verwendeten Produkte und Materialien aus Gewährleistungsgründen sowie Haftungsgründen, zur Sicherstellung der Ersatzteilverfügbarkeit sowie für den Nachweis ökologischer und sozialer Nachhaltigkeit erläutern,</LA></DD></DL></LA></DD><DT>4.</DT><DD Font="normal"><LA>Personal unter Berücksichtigung gewerbespezifischer Bedingungen planen und anleiten, Personalentwicklung planen, hierzu zählen insbesondere: <DL Type="alpha"><DT>a)</DT><DD Font="normal"><LA>Einsatz von Personal disponieren,</LA></DD><DT>b)</DT><DD Font="normal"><LA>Einsatz von Auszubildenden auf Grundlage des betrieblichen Ausbildungsplans disponieren,</LA></DD><DT>c)</DT><DD Font="normal"><LA>Methoden zur Anleitung von Personal erläutern,</LA></DD><DT>d)</DT><DD Font="normal"><LA>Qualifikationsbedarfe ermitteln,</LA></DD><DT>e)</DT><DD Font="normal"><LA>Maßnahmen zur fortlaufenden Qualifizierung, insbesondere unter Berücksichtigung des Berufslaufbahnkonzepts im Feinwerkmechaniker-Handwerk, planen,</LA></DD><DT>f)</DT><DD Font="normal"><LA>Maßnahmen der Personalgewinnung und -bindung entwickeln sowie</LA></DD><DT>g)</DT><DD Font="normal"><LA>betriebliche und außerbetriebliche Förder- und Qualifizierungsmöglichkeiten von Menschen mit erhöhtem Förderbedarf erläutern und bewerten sowie</LA></DD></DL></LA></DD><DT>5.</DT><DD Font="normal"><LA>Betriebs- und Lagerausstattung sowie Abläufe planen, hierzu zählen insbesondere: <DL Type="alpha"><DT>a)</DT><DD Font="normal"><LA>Durchführung der rechtlich vorgeschriebenen Gefährdungsbeurteilung erläutern, Konsequenzen aus dem Ergebnis ableiten,</LA></DD><DT>b)</DT><DD Font="normal"><LA>Ausstattung des Betriebes, insbesondere unter Berücksichtigung der betrieblichen Bedarfe des Gewerbes, des Arbeitsschutzes, der Gefahrguthandhabung sowie ökologischen Gesichtspunkten, ökonomischen Gesichtspunkten, sozialen Gesichtspunkten und logistischen Gesichtspunkten, planen und begründen,</LA></DD><DT>c)</DT><DD Font="normal"><LA>Maßnahmen zur Unfallverhütung, zum Arbeitsschutz, zur Gefahrgutlagerung, insbesondere unter Berücksichtigung ökologischer Gesichtspunkte, ökonomischer Gesichtspunkte und sozialer Gesichtspunkte, planen und begründen,</LA></DD><DT>d)</DT><DD Font="normal"><LA>Instandhaltung von Werkzeugen, Geräten, Maschinen sowie Fahrzeugen planen,</LA></DD><DT>e)</DT><DD Font="normal"><LA>Betriebsabläufe unter Berücksichtigung der Nachfrage, der betrieblichen Auslastung, des Einsatzes von Personal, Material, Werkzeugen, Geräten, Maschinen sowie Fahrzeugen planen und verbessern,</LA></DD><DT>f)</DT><DD Font="normal"><LA>Prozesse und Strukturen zur Wahrung der Datensicherheit und des Datenschutzes, insbesondere für Daten Dritter, entwickeln sowie umsetzen sowie</LA></DD><DT>g)</DT><DD Font="normal"><LA>Möglichkeiten zur Erzeugung, Gewinnung, Nutzung oder Einsparung von elektrischer Energie darstellen.</LA></DD></DL></LA></DD></DL></P></Content></text></textdaten></norm>
<norm builddate="20250630215530" doknr="BJNR1870A0024BJNE001200000"><metadaten><jurabk>FeinwerkMechMstrV 2025</jurabk><jurabk>FeinwerkMechMstrV</jurabk><enbez>§ 11</enbez><titel format="XML">Gewichtung, Bestehen der Prüfung in Teil II</titel></metadaten><textdaten><text format="XML"><Content><P>(1) Bei der Berechnung des Gesamtergebnisses der Prüfung in Teil II der Meisterprüfung nach Maßgabe der Vorschriften der Meisterprüfungsverfahrensverordnung werden die Bewertungen der Handlungsfelder nach den §§ 11 bis 13 gleich gewichtet.</P><P>(2) Wurden in höchstens zwei der drei Handlungsfelder jeweils mindestens 30 und weniger als 50 Punkte erreicht, so kann in einem dieser Handlungsfelder eine mündliche Ergänzungsprüfung durchgeführt werden, wenn diese für das Bestehen der Prüfung in Teil II der Meisterprüfung ausschlaggebend ist.</P><P>(3) Der Prüfling hat den Teil II der Meisterprüfung bestanden, wenn <DL Type="arabic"><DT>1.</DT><DD Font="normal"><LA>jedes der drei Handlungsfelder mit mindestens 30 Punkten bewertet worden ist,</LA></DD><DT>2.</DT><DD Font="normal"><LA>nach durchgeführter Ergänzungsprüfung nach Absatz 2 höchstens ein Handlungsfeld mit weniger als 50 Punkten bewertet worden ist und</LA></DD><DT>3.</DT><DD Font="normal"><LA>das Gesamtergebnis der Prüfung mindestens „ausreichend“ ist.</LA></DD></DL></P></Content></text></textdaten></norm>
<norm builddate="20250630215530" doknr="BJNR1870A0024BJNE001300000"><metadaten><jurabk>FeinwerkMechMstrV 2025</jurabk><jurabk>FeinwerkMechMstrV</jurabk><enbez>§ 12</enbez><titel format="XML">Allgemeine Prüfungs- und Verfahrensregelungen, weitere Regelungen zur Meisterprüfung</titel></metadaten><textdaten><text format="XML"><Content><P>(1) Die Vorschriften der Meisterprüfungsverfahrensverordnung bleiben unberührt.</P><P>(2) Die Prüfung in den Teilen III und IV der Meisterprüfung bestimmt sich nach der Allgemeinen Meisterprüfungsverordnung.</P></Content></text></textdaten></norm>
<norm builddate="20250630215530" doknr="BJNR1870A0024BJNE001400000"><metadaten><jurabk>FeinwerkMechMstrV 2025</jurabk><jurabk>FeinwerkMechMstrV</jurabk><enbez>§ 13</enbez><titel format="XML">Übergangsvorschrift</titel></metadaten><textdaten><text format="XML"><Content><P>(1) Die bis zum Ablauf des 30. Juni 2025 begonnenen Prüfungsverfahren werden nach den Vorschriften für die Feinwerkmechanikermeisterverordnung vom 5. April 2001 (BGBl. I S. 487), die zuletzt durch Artikel 2 Absatz 32 der Verordnung vom 18. Januar 2022 (BGBl. I S. 39) geändert worden ist, zu Ende geführt. Erfolgt die Anmeldung zur Prüfung bis zum Ablauf des 31. Dezember 2025, so sind auf Verlangen des Prüflings die bis zum Ablauf des 30. Juni 2025 geltenden Vorschriften weiter anzuwenden.</P><P>(2) Prüflinge, die die Prüfung nach den bis zum Ablauf des 30. Juni 2025 geltenden Vorschriften nicht bestanden haben und sich bis zum Ablauf des 30. Juni 2027 zu einer Wiederholungsprüfung anmelden, können auf Verlangen die Wiederholungsprüfung nach den bis zum Ablauf des 30. Juni 2025 geltenden Vorschriften ablegen.</P></Content></text></textdaten></norm>
<norm builddate="20250630215530" doknr="BJNR1870A0024BJNE001500000"><metadaten><jurabk>FeinwerkMechMstrV 2025</jurabk><jurabk>FeinwerkMechMstrV</jurabk><enbez>§ 14</enbez><titel format="XML">Inkrafttreten, Außerkrafttreten</titel></metadaten><textdaten><text format="XML"><Content><P>Diese Verordnung tritt am 1. Juli 2025 in Kraft. Gleichzeitig tritt die Feinwerkmechanikermeisterverordnung vom 5. April 2001 (BGBl. I S. 487), die zuletzt durch Artikel 2 Absatz 32 der Verordnung vom 18. Januar 2022 (BGBl. I S. 39) geändert worden ist, außer Kraft.</P></Content></text></textdaten></norm>
</dokumente>