<?xml version="1.0" encoding="UTF-8" ?><!DOCTYPE dokumente SYSTEM "http://www.gesetze-im-internet.de/dtd/1.01/gii-norm.dtd">
<dokumente builddate="20120625153831" doknr="BJNR208920989"><norm builddate="20120625153831" doknr="BJNR208920989"><metadaten><jurabk>SozSichAbkZAbk CHE 2</jurabk><ausfertigung-datum manuell="ja">1989-03-02</ausfertigung-datum><fundstelle typ="amtlich"><periodikum>BGBl II</periodikum><zitstelle>1989, 892</zitstelle></fundstelle><langue>Zweites Zusatzabkommen zum Abkommen vom 25. Februar 1964 zwischen der
Bundesrepublik Deutschland und der Schweizerischen Eidgenossenschaft über
Soziale Sicherheit</langue></metadaten><textdaten><text format="decorated"/><fussnoten><Content><P>G v. 21.11.1989 II 890 <BR/>Inkraft gem. Bek. v. 13.3.1990 II 199 mWv 1.4.1990</P></Content></fussnoten></textdaten></norm>
</dokumente>