<?xml version="1.0" encoding="UTF-8" ?><!DOCTYPE dokumente SYSTEM "http://www.gesetze-im-internet.de/dtd/1.01/gii-norm.dtd">
<dokumente builddate="20130405131035" doknr="BJNR107800999"><norm builddate="20130405131035" doknr="BJNR107800999"><metadaten><jurabk>RAV 1999</jurabk><amtabk>RAV 1999</amtabk><ausfertigung-datum manuell="ja">1999-05-27</ausfertigung-datum><fundstelle typ="amtlich"><periodikum>BGBl I</periodikum><zitstelle>1999, 1078</zitstelle></fundstelle><kurzue>Rentenanpassungsverordnung 1999</kurzue><langue>Verordnung zur Anpassung der Renten im Jahre 1999</langue></metadaten><textdaten><text format="XML"><Content><P/></Content></text><fussnoten><Content><P>(+++ Textnachweis ab:  1. 7.1999 +++)</P></Content></fussnoten></textdaten></norm>
<norm builddate="20130405131035" doknr="BJNR107800999BJNE000100320"><metadaten><jurabk>RAV 1999</jurabk><enbez>Eingangsformel</enbez></metadaten><textdaten><text format="XML"><Content><P>Auf Grund <DL Font="normal" Type="arabic"><DT>-</DT><DD Font="normal"><LA Size="normal">des § 69 Abs. 1 des Sechsten Buches Sozialgesetzbuch - Gesetzliche Rentenversicherung - (Artikel 1 des Gesetzes vom 18. Dezember 1989, BGBl. I S. 2261),</LA></DD> <DT>-</DT><DD Font="normal"><LA Size="normal">des § 255b Abs. 1 des Sechsten Buches Sozialgesetzbuch, zuletzt geändert durch Artikel 1 Nr. 6 des Gesetzes vom 2. Mai 1996 (BGBl. I S. 659),</LA></DD> <DT>-</DT><DD Font="normal"><LA Size="normal">des § 44 Abs. 2 Satz 2 und Abs. 4, des § 95 Abs. 1 sowie des § 215 Abs. 5 des Siebten Buches Sozialgesetzbuch - Gesetzliche Unfallversicherung - (Artikel 1 des Gesetzes vom 7. August 1996, BGBl. I S. 1254) in Verbindung mit § 1151 Abs. 1 und § 1153 der Reichsversicherungsordnung, die durch Artikel 8 Nr. 14 des Gesetzes vom 25. Juli 1991 (BGBl. I S. 1606) eingefügt worden sind,</LA></DD> <DT>-</DT><DD Font="normal"><LA Size="normal">der §§ 26 und 105 in Verbindung mit § 102 Abs. 4 des Gesetzes über die Alterssicherung der Landwirte vom 29. Juli 1994 (BGBl. I S. 1890, 1891)</LA></DD> </DL>verordnet die Bundesregierung und auf Grund <DL Font="normal" Type="arabic"><DT>-</DT><DD Font="normal"><LA Size="normal">des § 281b Abs. 1 Satz 1 Nr. 2 des Sechsten Buches Sozialgesetzbuch, der zuletzt durch Artikel 1 Nr. 56 Buchstabe a des Gesetzes vom 15. Dezember 1995 (BGBl. I S. 1824) geändert worden ist, in Verbindung mit § 3 Abs. 2 Nr. 1 Buchstabe a des Gesetzes vom 25. Juli 1991 (BGBl. I S. 1606)</LA></DD> </DL>verordnet das Bundesministerium für Arbeit und Sozialordnung:</P></Content></text></textdaten></norm>
<norm builddate="20130405131035" doknr="BJNR107800999BJNE000200320"><metadaten><jurabk>RAV 1999</jurabk><enbez>§ 1</enbez><titel format="parat">Anpassung des aktuellen Rentenwerts und des aktuellen Rentenwerts (Ost)</titel></metadaten><textdaten><text format="XML"><Content><P>(1) Der aktuelle Rentenwert beträgt vom 1. Juli 1999 an 48,29 Deutsche Mark.</P><P>(2) Der aktuelle Rentenwert (Ost) beträgt vom 1. Juli 1999 an 42,01 Deutsche Mark.</P></Content> </text></textdaten></norm>
<norm builddate="20130405131035" doknr="BJNR107800999BJNE000300320"><metadaten><jurabk>RAV 1999</jurabk><enbez>§ 2</enbez><titel format="parat">Anpassungsfaktor in der Unfallversicherung</titel></metadaten><textdaten><text format="XML"><Content><P>(1) Der Anpassungsfaktor für die zum 1. Juli 1999 anzupassenden Geldleistungen der gesetzlichen Unfallversicherung im Sinne des § 44 Abs. 4 und des § 95 des Siebten Buches Sozialgesetzbuch beträgt 1,0130.</P><P>(2) Die vom Jahresarbeitsverdienst abhängigen Geldleistungen und das Pflegegeld der gesetzlichen Unfallversicherung im Sinne des § 215 Abs. 5 des Siebten Buches Sozialgesetzbuch für Versicherungsfälle, die vor dem 1. Juli 1999 eingetreten sind, werden zum 1. Juli 1999 angepaßt. Der Anpassungsfaktor beträgt 1,0258.</P></Content> </text></textdaten></norm>
<norm builddate="20130405131035" doknr="BJNR107800999BJNE000400320"><metadaten><jurabk>RAV 1999</jurabk><enbez>§ 3</enbez><titel format="parat">Pflegegeld in der Unfallversicherung</titel></metadaten><textdaten><text format="XML"><Content><P>Das Pflegegeld der gesetzlichen Unfallversicherung beträgt vom 1. Juli 1999 an <DL Font="normal" Type="arabic"><DT>1.</DT><DD Font="normal"><LA Size="normal">für Versicherungsfälle, für die § 44 Abs. 2 des Siebten Buches Sozialgesetzbuch anzuwenden ist, zwischen 545 Deutsche Mark und 2.180 Deutsche Mark monatlich,</LA></DD> <DT>2.</DT><DD Font="normal"><LA Size="normal">für Versicherungsfälle, für die § 215 Abs. 5 des Siebten Buches Sozialgesetzbuch anzuwenden ist, zwischen 468 Deutsche Mark und 1.871 Deutsche Mark monatlich.</LA></DD> </DL></P></Content></text></textdaten></norm>
<norm builddate="20130405131035" doknr="BJNR107800999BJNE000500320"><metadaten><jurabk>RAV 1999</jurabk><enbez>§ 4</enbez><titel format="parat">Anpassung des allgemeinen Rentenwerts und des allgemeinen
Rentenwerts (Ost) in der Alterssicherung der Landwirte</titel></metadaten><textdaten><text format="XML"><Content><P>(1) Der allgemeine Rentenwert in der Alterssicherung der Landwirte beträgt vom 1. Juli 1999 an 22,30 Deutsche Mark.</P><P>(2) Der allgemeine Rentenwert (Ost) in der Alterssicherung der Landwirte beträgt vom 1. Juli 1999 an 19,40 Deutsche Mark.</P></Content> </text></textdaten></norm>
<norm builddate="20130405131035" doknr="BJNR107800999BJNE000600320"><metadaten><jurabk>RAV 1999</jurabk><enbez>§ 5</enbez><titel format="parat">Angleichungsfaktoren für den Versorgungsausgleich
in der Rentenversicherung</titel></metadaten><textdaten><text format="XML"><Content><P>Bei Entscheidungen über den Versorgungsausgleich, die in der Zeit nach dem 30. Juni 1999 ergehen, sind die Angleichungsfaktoren zur Ermittlung des Wertes von angleichungsdynamischen Anrechten nach § 3 Abs. 2 Nr. 1 Buchstabe a des Versorgungsausgleichs-Überleitungsgesetzes der nachstehenden Tabelle zu entnehmen: <BR/><table frame="all" tocentry="%yes;">
		<tgroup align="left" char="" charoff="50" cols="2" colsep="1" rowsep="1">
			<colspec colname="col1" colnum="1" colwidth="50*"/>
			<colspec colname="col2" colnum="2" colwidth="60*"/>
			<thead valign="bottom">
				<row>
					<entry VJ="1" align="center" colsep="0" valign="top">Der Angleichungsfaktor beträgt</entry>
					<entry VJ="1" align="center" colsep="0" valign="top">bei einem Ehezeitende in der Zeit</entry>
				</row>
			</thead>
			<tbody valign="top">
				
				<row>
					<entry VJ="1" align="center" colsep="0" valign="top">2,1587909</entry>
					<entry VJ="1" align="left" colsep="0" valign="top">vom 1. Juli 1990 bis 31. Dezember 1990</entry>
				</row>
				<row>
					<entry VJ="1" align="center" colsep="0" valign="top">1,8764422</entry>
					<entry VJ="1" align="left" colsep="0" valign="top">vom 1. Januar 1991 bis 30. Juni 1991</entry>
				</row>
				<row>
					<entry VJ="1" align="center" colsep="0" valign="top">1,7077606</entry>
					<entry VJ="1" align="left" colsep="0" valign="top">vom 1. Juli 1991 bis 31. Dezember 1991</entry>
				</row>
				<row>
					<entry VJ="1" align="center" colsep="0" valign="top">1,5295217</entry>
					<entry VJ="1" align="left" colsep="0" valign="top">vom 1. Januar 1992 bis 30. Juni 1992</entry>
				</row>
				<row>
					<entry VJ="1" align="center" colsep="0" valign="top">1,3957873</entry>
					<entry VJ="1" align="left" colsep="0" valign="top">vom 1. Juli 1992 bis 31. Dezember 1992</entry>
				</row>
				<row>
					<entry VJ="1" align="center" colsep="0" valign="top">1,3155754</entry>
					<entry VJ="1" align="left" colsep="0" valign="top">vom 1. Januar 1993 bis 30. Juni 1993</entry>
				</row>
				<row>
					<entry VJ="1" align="center" colsep="0" valign="top">1,2031141</entry>
					<entry VJ="1" align="left" colsep="0" valign="top">vom 1. Juli 1993 bis 31. Dezember 1993</entry>
				</row>
				<row>
					<entry VJ="1" align="center" colsep="0" valign="top">1,1608933</entry>
					<entry VJ="1" align="left" colsep="0" valign="top">vom 1. Januar 1994 bis 30. Juni 1994</entry>
				</row>
				<row>
					<entry VJ="1" align="center" colsep="0" valign="top">1,1602728</entry>
					<entry VJ="1" align="left" colsep="0" valign="top">vom 1. Juli 1994 bis 31. Dezember 1994</entry>
				</row>
				<row>
					<entry VJ="1" align="center" colsep="0" valign="top">1,1288522</entry>
					<entry VJ="1" align="left" colsep="0" valign="top">vom 1. Januar 1995 bis 30. Juni 1995</entry>
				</row>
				<row>
					<entry VJ="1" align="center" colsep="0" valign="top">1,1070162</entry>
					<entry VJ="1" align="left" colsep="0" valign="top">vom 1. Juli 1995 bis 31. Dezember 1995</entry>
				</row>
				<row>
					<entry VJ="1" align="center" colsep="0" valign="top">1,0605986</entry>
					<entry VJ="1" align="left" colsep="0" valign="top">vom 1. Januar 1996 bis 30. Juni 1996</entry>
				</row>
				<row>
					<entry VJ="1" align="center" colsep="0" valign="top">1,0578603</entry>
					<entry VJ="1" align="left" colsep="0" valign="top">vom 1. Juli 1996 bis 30. Juni 1997</entry>
				</row>
				<row>
					<entry VJ="1" align="center" colsep="0" valign="top">1,0187741</entry>
					<entry VJ="1" align="left" colsep="0" valign="top">vom 1. Juli 1997 bis 30. Juni 1998</entry>
				</row>
				<row>
					<entry VJ="1" align="center" colsep="0" valign="top">1,0142704</entry>
					<entry VJ="1" align="left" colsep="0" valign="top">vom 1. Juli 1998 bis 30. Juni 1999</entry>
				</row>
			</tbody>
		</tgroup>
	</table> </P></Content></text></textdaten></norm>
<norm builddate="20130405131035" doknr="BJNR107800999BJNE000700320"><metadaten><jurabk>RAV 1999</jurabk><enbez>§ 6</enbez><titel format="parat">Inkrafttreten</titel></metadaten><textdaten><text format="XML"><Content><P>Diese Verordnung tritt am 1. Juli 1999 in Kraft.</P></Content></text></textdaten></norm>
<norm builddate="20130405131035" doknr="BJNR107800999BJNE000800320"><metadaten><jurabk>RAV 1999</jurabk><enbez>Schlußformel</enbez></metadaten><textdaten><text format="XML"><Content><P>Der Bundesrat hat zugestimmt.</P></Content></text></textdaten></norm>
</dokumente>