<?xml version="1.0" encoding="UTF-8" ?><!DOCTYPE dokumente SYSTEM "http://www.gesetze-im-internet.de/dtd/1.01/gii-norm.dtd">
<dokumente builddate="20230915213004" doknr="BJNR0F80A0023"><norm builddate="20230915213004" doknr="BJNR0F80A0023"><metadaten><jurabk>BMWKBGebKAIV</jurabk><amtabk>BMWKBGebKAIV</amtabk><ausfertigung-datum manuell="ja">2023-09-07</ausfertigung-datum><fundstelle typ="amtlich"><periodikum>BGBl I</periodikum><zitstelle>2023, Nr. 248</zitstelle></fundstelle><kurzue>Besondere Gebührenverordnung BMWK und BAFA für Kriegswaffenkontrolle, Ausfuhrkontrolle und Investitionsprüfung</kurzue><langue>Besondere Gebührenverordnung des Bundesministeriums für Wirtschaft und Klimaschutz für individuell zurechenbare öffentliche Leistungen in seinem sowie dem Zuständigkeitsbereich des Bundesamts für Wirtschaft und Ausfuhrkontrolle für die Kriegswaffenkontrolle, Ausfuhrkontrolle und Investitionsprüfung</langue></metadaten><textdaten><fussnoten><Content><P><BR/> <pre xml:space="preserve">(+++ Textnachweis ab: 16.9.2023 +++)<BR/><BR/></pre></P></Content></fussnoten></textdaten></norm>
<norm builddate="20230915213004" doknr="BJNR0F80A0023BJNE000100000"><metadaten><jurabk>BMWKBGebKAIV</jurabk><enbez>Eingangsformel</enbez></metadaten><textdaten><text format="XML"><Content><P>Auf Grund <DL Type="Dash"><DT>–</DT><DD Font="normal"><LA>des § 22 Absatz 4 Satz 1 in Verbindung mit Absatz 1 Satz 2 bis 4 des Bundesgebührengesetzes vom 7. August 2013 (BGBl. I S. 3154) sowie,</LA></DD><DT>–</DT><DD Font="normal"><LA>jeweils in Verbindung mit § 1 Absatz 2 des Zuständigkeitsanpassungsgesetzes vom 16. August 2002 (BGBl. I S. 3165) und dem Organisationserlass vom 8. Dezember 2021 (BGBl. I S. 5176),</LA></DD><DT>–</DT><DD Font="normal"><LA>des § 28 des Ausführungsgesetzes zu Artikel 26 Absatz 2 des Grundgesetzes (Gesetz über die Kontrolle von Kriegswaffen) in der Fassung der Bekanntmachung vom 22. November 1990 (BGBl. I S. 2506) und</LA></DD><DT>–</DT><DD Font="normal"><LA>des § 28 Absatz 3 des Außenwirtschaftsgesetzes vom 6. Juni 2013 (BGBl. I S. 1482),</LA></DD></DL>von denen § 28 des Ausführungsgesetzes zu Artikel 26 Absatz 2 des Grundgesetzes (Gesetz über die Kontrolle von Kriegswaffen) durch Artikel 2 des Gesetzes vom 2. Juni 2021 (BGBl. I S. 1275) neu gefasst und § 28 Absatz 3 des Außenwirtschaftsgesetzes durch Artikel 1 Nummer 8 des Gesetzes vom 2. Juni 2021 (BGBl. I S. 1275) angefügt worden ist, verordnet das Bundesministerium für Wirtschaft und Klimaschutz:</P></Content></text></textdaten></norm>
<norm builddate="20230915213004" doknr="BJNR0F80A0023BJNE000200000"><metadaten><jurabk>BMWKBGebKAIV</jurabk><enbez>§ 1</enbez><titel format="XML">Erhebung von Gebühren</titel></metadaten><textdaten><text format="XML"><Content><P>(1) Das Bundesministerium für Wirtschaft und Klimaschutz und das Bundesamt für Wirtschaft und Ausfuhrkontrolle erheben in ihrem jeweiligen Zuständigkeitsbereich Gebühren für individuell zurechenbare öffentliche Leistungen (gebührenfähige Leistungen), die aufgrund der folgenden Rechtsvorschriften erbracht werden: <DL Type="arabic"><DT>1.</DT><DD Font="normal"><LA>Ausführungsgesetz zu Artikel 26 Absatz 2 des Grundgesetzes (Gesetz über die Kontrolle von Kriegswaffen),</LA></DD><DT>2.</DT><DD Font="normal"><LA>Kriegswaffenunbrauchbarmachungs- und -umgangsverordnung,</LA></DD><DT>3.</DT><DD Font="normal"><LA>Außenwirtschaftsgesetz,</LA></DD><DT>4.</DT><DD Font="normal"><LA>Außenwirtschaftsverordnung,</LA></DD><DT>5.</DT><DD Font="normal"><LA>Verordnung (EU) 2021/821 des Europäischen Parlaments und des Rates vom 20. Mai 2021 über eine Unionsregelung für die Kontrolle der Ausfuhr, der Vermittlung, der technischen Unterstützung der Durchfuhr und der Verbringung betreffend Güter mit doppeltem Verwendungszweck (ABl. L 206 vom 11.6.2021, S. 1), die zuletzt durch die Delegierte Verordnung (EU) 2022/699 (ABl. L 130I vom 4.5.2022, S. 1) geändert worden ist, in der jeweils geltenden Fassung,</LA></DD><DT>6.</DT><DD Font="normal"><LA>Verordnung (EU) 2019/125 des Europäischen Parlaments und des Rates vom 16. Januar 2019 über den Handel mit bestimmten Gütern, die zur Vollstreckung der Todesstrafe, zu Folter oder zu anderer grausamer, unmenschlicher oder erniedrigender Behandlung oder Strafe verwendet werden könnten, zuletzt geändert durch die Delegierte Verordnung (EU) 2021/139 der Kommission vom 4. Dezember 2020 (ABl. L 43 vom 8.2.2021, S. 5), in der jeweils geltenden Fassung.</LA></DD></DL></P><P>(2) Diese Verordnung gilt nicht für gebührenfähige Leistungen, die ausländischen staatlichen Stellen individuell zurechenbar sind.</P><P>(3) Die Erhebung von Gebühren für gebührenfähige Leistungen, die vom Bundesministerium für Wirtschaft und Klimaschutz und vom Bundesamt für Wirtschaft und Ausfuhrkontrolle aufgrund anderer als der in Absatz 1 genannten Rechtsvorschriften erbracht werden, wird durch diese Verordnung nicht berührt.</P></Content></text></textdaten></norm>
<norm builddate="20230915213004" doknr="BJNR0F80A0023BJNE000300000"><metadaten><jurabk>BMWKBGebKAIV</jurabk><enbez>§ 2</enbez><titel format="XML">Höhe der Gebühren; Befreiung von Gebühren</titel></metadaten><textdaten><text format="XML"><Content><P>(1) Die Höhe der Gebühren richtet sich nach dem Gebührenverzeichnis in der Anlage. Das Gebührenverzeichnis regelt ferner Tatbestände für eine Gebührenbefreiung.</P><P>(2) Die zu erhebenden Gebühren umfassen jeweils auch die Kosten für die Festsetzung der Gebühren.</P><P>(3) Wert eines Gutes im Sinne dieser Verordnung ist das dem Empfänger in Rechnung gestellte Entgelt oder, in Ermangelung eines Empfängers oder eines feststellbaren Entgelts, der statistische Wert im Sinne der Vorschriften über die Statistik des grenzüberschreitenden Warenverkehrs. Stellt sich ein Rechtsgeschäft oder eine Handlung als Teil eines einheitlichen wirtschaftlichen Gesamtvorgangs dar, so ist bei der Anwendung der Wertgrenzen dieser Verordnung der Wert des Gesamtvorgangs zugrunde zu legen.</P><P>(4) Die Gebühren nach dem Gebührenverzeichnis werden auf zwei Prozent des Wertes nach Absatz 3 begrenzt. Dies gilt nicht, sofern sich die gebührenfähige Leistung auf Rechtsgeschäfte und Handlungen zu Technologie und Software, deren Wert sich nicht objektiv bestimmen lässt, bezieht und die gebührenfähige Leistung sich nicht zugleich auf Rechtsgeschäfte und Handlungen zu Waren bezieht, für die diese Technologie und Software bestimmt ist. In den Fällen des Satzes 2 wird die jeweilige Gebühr nach dem Gebührenverzeichnis erhoben.</P><P>(5) Für gebührenfähige Leistungen in Bezug auf Rechtsgeschäfte und Handlungen, deren Wert nach Absatz 3 100 000 000 Euro überschreitet, wird die Gebühr nach dem Gebührenverzeichnis um 10 000 Euro erhöht. Bei mehreren gebührenfähigen Leistungen, die Teile eines wirtschaftlich einheitlichen Vorgangs betreffen, fällt die Erhöhung nach Satz 1 nur einmal an.</P><P>(6) Wird ein zeitlich, sachlich und wirtschaftlich unmittelbar zusammenhängender Vorgang mit mehreren gebührenfähigen Leistungen nach Abschnitt 1 des Gebührenverzeichnisses bearbeitet, kann die Gebührenerhebung auf eine der nach dem Gebührenverzeichnis vorgesehenen Gebühren beschränkt werden. Sind verschiedene Gebührentatbestände einschlägig, ist der sachgerechte Gebührentatbestand nach pflichtgemäßem Ermessen zu bestimmen. Absatz 5 bleibt unberührt.</P><P>(7) Zur einheitlichen Anwendung des § 9 Absatz 5 des Bundesgebührengesetzes im Geltungsbereich dieser Verordnung kann das Bundesministerium für Wirtschaft und Klimaschutz Verwaltungsvorschriften erlassen.</P></Content></text><fussnoten><Content><P>(+++ § 2 Abs. 4: Zur Geltung vgl. § 3 Abs. 1 +++)</P></Content></fussnoten></textdaten></norm>
<norm builddate="20230915213004" doknr="BJNR0F80A0023BJNE000400000"><metadaten><jurabk>BMWKBGebKAIV</jurabk><enbez>§ 3</enbez><titel format="XML">Freigrenze</titel></metadaten><textdaten><text format="XML"><Content><P>(1) Für gebührenfähige Leistungen in Bezug auf Rechtsgeschäfte und Handlungen, deren Wert nach § 2 Absatz 3 5 000 Euro nicht überschreitet, sollen keine Gebühren erhoben werden. In Bezug auf Technologie und Software, deren Wert sich nicht objektiv bestimmen lässt, gilt § 2 Absatz 4 Satz 2 bis 3 entsprechend.</P><P>(2) Absatz 1 gilt nicht für die Gebührentatbestände nach Abschnitt 1 Nummer 1.4, 4 und 5 sowie Abschnitt 2 Nummer 1 des Gebührenverzeichnisses.</P></Content></text></textdaten></norm>
<norm builddate="20230915213004" doknr="BJNR0F80A0023BJNE000500000"><metadaten><jurabk>BMWKBGebKAIV</jurabk><enbez>§ 4</enbez><titel format="XML">Aufgabenübertragung</titel></metadaten><textdaten><text format="XML"><Content><P>Das Bundesministerium für Wirtschaft und Klimaschutz kann den Erlass von Gebührenbescheiden und die Einziehung von Gebühren in seinem Zuständigkeitsbereich auf das Bundesamt für Wirtschaft und Ausfuhrkontrolle übertragen.</P></Content></text></textdaten></norm>
<norm builddate="20230915213004" doknr="BJNR0F80A0023BJNE000600000"><metadaten><jurabk>BMWKBGebKAIV</jurabk><enbez>§ 5</enbez><titel format="XML">Übergangsvorschrift</titel></metadaten><textdaten><text format="XML"><Content><P>Diese Verordnung gilt nicht für gebührenfähige Leistungen, die vor dem 1. Januar 2024 beantragt werden.</P></Content></text></textdaten></norm>
<norm builddate="20230915213004" doknr="BJNR0F80A0023BJNE000700000"><metadaten><jurabk>BMWKBGebKAIV</jurabk><enbez>§ 6</enbez><titel format="XML">Inkrafttreten</titel></metadaten><textdaten><text format="XML"><Content><P>Diese Verordnung tritt am Tag nach der Verkündung in Kraft.</P></Content></text></textdaten></norm>
<norm builddate="20230915213004" doknr="BJNR0F80A0023BJNE000800000"><metadaten><jurabk>BMWKBGebKAIV</jurabk><enbez>Anlage</enbez><titel format="XML">(zu § 2 Absatz 1)<BR/>Gebührenverzeichnis</titel></metadaten><textdaten><text format="XML"><Content><P><noindex><kommentar typ="Fundstelle">(Fundstelle: BGBl. 2023 I Nr. 248, S. 4 - 10)</kommentar></noindex></P><Title Align="auto"><B>Abschnitt 1 – Ausführungsgesetz zu Artikel 26 Absatz 2 des Grundgesetzes<BR/> (Gesetz über die Kontrolle von Kriegswaffen – KrWaffKontrG)</B></Title><P/><table colsep="1" frame="all" pgwide="1" rowsep="1" tocentry="%yes;"><tgroup align="left" char="" charoff="50" cols="3"><colspec colname="col1" colwidth="15*"/><colspec colname="col2" colwidth="120*"/><colspec align="center" colname="col3" colwidth="30*"/><thead valign="bottom"><row valign="middle"><entry VJ="1" align="center" colname="col1">Nummer</entry><entry VJ="1" align="center" colname="col2">Gebührentatbestand</entry><entry VJ="1" align="center" colname="col3">Gebühren in Euro</entry></row></thead><tbody valign="top"><row><entry VJ="1" colname="col1">1</entry><entry VJ="1" colname="col2">Genehmigungen</entry><entry VJ="1" colname="col3"/></row><row><entry VJ="1" colname="col1">1.1</entry><entry VJ="1" colname="col2">Genehmigungen nach §§ 2, 3 KrWaffKontrG für Inlandssachverhalte sowie nach §§ 2, 3, 4a KrWaffKontrG für Auslandssachverhalte in Bezug auf NATO- und/oder EU-Länder oder NATO-gleichgestellte Länder i.S.d. politischen Grundsätze der Bundesregierung für den Export von Kriegswaffen und sonstigen Rüstungsgütern, mit Ausnahme der Sachverhalte, die unter Nummer 1.3 sowie 1.5 und 1.6 fallen</entry><entry VJ="1" colname="col3">256</entry></row><row><entry VJ="1" colname="col1">1.2</entry><entry VJ="1" colname="col2">Genehmigungen nach §§ 2, 3, 4a KrWaffKontrG für Auslandssachverhalte in Bezug auf alle Länder, die nicht unter Nummer 1.1. fallen (Drittländer), mit Ausnahme der Sachverhalte, die unter Nummer 1.3 und 1.5 fallen</entry><entry VJ="1" colname="col3">1 015</entry></row><row><entry VJ="1" colname="col1">1.3</entry><entry VJ="1" colname="col2">Genehmigungen nach §§ 2, 3, 4a KrWaffKontrG im Zusammenhang mit Vorführungen (Messen, Ausstellungen, Präsentationen bei Streitkräften)</entry><entry VJ="1" colname="col3">228</entry></row><row><entry VJ="1" colname="col1">1.4</entry><entry VJ="1" colname="col2">Zuschlag für Genehmigungen nach Nummer 1.1 bis 1.3 bei Erstantragstellung oder Wiederholung der Zuverlässigkeitsprüfung, soweit der Antragsteller Anlass dazu gegeben hat</entry><entry VJ="1" colname="col3">726</entry></row><row><entry VJ="1" colname="col1">1.5</entry><entry VJ="1" colname="col2">Genehmigungen nach § 3 Absatz 3 KrWaffKontrG für Beförderungen zum Zwecke der Durchfuhr</entry><entry VJ="1" colname="col3">173</entry></row><row><entry VJ="1" colname="col1">1.6</entry><entry VJ="1" colname="col2">Erwerbsgenehmigung nach § 2 Absatz 2 KrWaffKontrG, die der Sicherung von Kriegswaffen dient</entry><entry VJ="1" colname="col3">37</entry></row><row><entry VJ="1" colname="col1">1.7</entry><entry VJ="1" colname="col2">Genehmigungen im Zusammenhang mit regierungsseitigen Gemeinschaftsprojekten (d. h. Gemeinschaftsprogramme, regierungsamtliche Kooperationen, LOI-Projekte oder Projekte nach Artikel 2 des Übereinkommens über Ausfuhrkontrollen im Rüstungsbereich)</entry><entry VJ="1" colname="col3">gebührenfrei</entry></row><row><entry VJ="1" colname="col1">1.8</entry><entry VJ="1" colname="col2">Genehmigungen für Vorhaben im Auftrag deutscher Behörden</entry><entry VJ="1" colname="col3">gebührenfrei</entry></row><row><entry VJ="1" colname="col1">2</entry><entry VJ="1" colname="col2">Verlängerung von Genehmigungen nach Nummer 1.1 bis 1.3 sowie 1.5 und 1.6 nach Ablauf der regulären Laufzeit</entry><entry VJ="1" colname="col3">50 Prozent der Gebühr nach Nummer 1.1 bis 1.3 sowie 1.5 und 1.6</entry></row><row><entry VJ="1" colname="col1">2.1</entry><entry VJ="1" colname="col2">Verlängerungen von Genehmigungen nach Nummer 1.1 bis 1.3 sowie 1.5 und 1.6 nach Ablauf der regulären Laufzeit mit einer Dauer von bis zu 6 Monaten</entry><entry VJ="1" colname="col3">25 Prozent der Gebühr nach Nummer 1.1 bis 1.3 sowie 1.5 und 1.6</entry></row><row><entry VJ="1" colname="col1">3</entry><entry VJ="1" colname="col2">Änderungen</entry><entry VJ="1" colname="col3">gebührenfrei</entry></row><row><entry VJ="1" colname="col1">4</entry><entry VJ="1" colname="col2">Erweiterung einer Genehmigung hinsichtlich der Transportunternehmen aus Gründen in der Sphäre des Antragstellers</entry><entry VJ="1" colname="col3">19</entry></row><row><entry VJ="1" colname="col1">5</entry><entry VJ="1" colname="col2">Anfragen zur Kriegswaffeneigenschaft</entry><entry VJ="1" colname="col3">68</entry></row><row><entry VJ="1" colname="col1">6</entry><entry VJ="1" colname="col2">Ausnahmegenehmigung nach § 12 Absatz 6 Satz 3 KrWaffKontrG</entry><entry VJ="1" colname="col3">gebührenfrei</entry></row><row><entry VJ="1" colname="col1">7</entry><entry VJ="1" colname="col2">Sicherstellung nach § 13 Absatz 1 KrWaffKontrG</entry><entry VJ="1" colname="col3">gebührenfrei</entry></row><row><entry VJ="1" colname="col1">8</entry><entry VJ="1" colname="col2">Einziehung nach § 13 Absatz 2 KrWaffKontrG</entry><entry VJ="1" colname="col3">gebührenfrei</entry></row><row><entry VJ="1" colname="col1">9</entry><entry VJ="1" colname="col2">Prüfung nach § 14 Absatz 3 KrWaffKontrG</entry><entry VJ="1" colname="col3">gebührenfrei</entry></row></tbody></tgroup></table><P/><Title Align="auto"><B>Abschnitt 2 – Kriegswaffenunbrauchbarmachungs- und -umgangsverordnung (KrWaffUnbrUmgV)</B></Title><P/><table colsep="1" frame="all" pgwide="1" rowsep="1" tocentry="%yes;"><tgroup align="left" char="" charoff="50" cols="3"><colspec colname="col1" colwidth="15*"/><colspec colname="col2" colwidth="120*"/><colspec align="center" colname="col3" colwidth="30*"/><thead valign="bottom"><row valign="middle"><entry VJ="1" align="center" colname="col1">Nummer</entry><entry VJ="1" align="center" colname="col2">Gebührentatbestand</entry><entry VJ="1" align="center" colname="col3">Gebühren in Euro</entry></row></thead><tbody valign="top"><row><entry VJ="1" colname="col1">1</entry><entry VJ="1" colname="col2">Demilitarisierungsbescheinigungen nach § 3 Absatz 1 KrWaffUnbrUmgV</entry><entry VJ="1" colname="col3">68</entry></row><row><entry VJ="1" colname="col1">2</entry><entry VJ="1" colname="col2">Ausnahmegenehmigungen oder Erlaubnisse nach § 4 Absatz 4, § 5 Absatz 1 oder § 7 Absatz 2 KrWaffUnbrUmgV</entry><entry VJ="1" colname="col3">304</entry></row><row><entry VJ="1" colname="col1">3</entry><entry VJ="1" colname="col2">Änderungen von Ausnahmegenehmigungen oder Erlaubnissen nach Nummer 2</entry><entry VJ="1" colname="col3">121</entry></row></tbody></tgroup></table><P/><Title Align="auto"><B>Abschnitt 3 – Außenwirtschaftsgesetz (AWG)</B></Title><P/><table colsep="1" frame="all" pgwide="1" rowsep="1" tocentry="%yes;"><tgroup align="left" char="" charoff="50" cols="3"><colspec colname="col1" colwidth="15*"/><colspec colname="col2" colwidth="120*"/><colspec align="center" colname="col3" colwidth="30*"/><thead valign="bottom"><row valign="middle"><entry VJ="1" align="center" colname="col1">Nummer</entry><entry VJ="1" align="center" colname="col2">Gebührentatbestand</entry><entry VJ="1" align="center" colname="col3">Gebühren in Euro</entry></row></thead><tbody valign="top"><row><entry VJ="1" colname="col1">1</entry><entry VJ="1" colname="col2">Einzeleingriff nach § 6 Absatz 1 AWG</entry><entry VJ="1" colname="col3">gebührenfrei</entry></row></tbody></tgroup></table><P/><Title Align="auto"><B>Abschnitt 4 – Außenwirtschaftsverordnung (AWV)</B></Title><P/><table colsep="1" frame="all" pgwide="1" rowsep="1" tocentry="%yes;"><tgroup align="left" char="" charoff="50" cols="3"><colspec colname="col1" colwidth="15*"/><colspec colname="col2" colwidth="120*"/><colspec align="center" colname="col3" colwidth="30*"/><thead valign="bottom"><row valign="middle"><entry VJ="1" align="center" colname="col1">Nummer</entry><entry VJ="1" align="center" colname="col2">Gebührentatbestand</entry><entry VJ="1" align="center" colname="col3">Gebühren in Euro</entry></row></thead><tbody valign="top"><row><entry VJ="1" colname="col1">1</entry><entry VJ="1" colname="col2">Genehmigungen nach § 8 Absatz 1 Nummer 2, § 9 Absatz 1, § 11 Absatz 2 und 3, § 78 AWV</entry><entry VJ="1" colname="col3"/></row><row><entry VJ="1" colname="col1">1.1</entry><entry VJ="1" colname="col2">Ohne Befassung oberster Bundesbehörden (ohne Ressortbeteiligung)</entry><entry VJ="1" colname="col3">159</entry></row><row><entry VJ="1" colname="col1">1.2</entry><entry VJ="1" colname="col2">Mit Befassung oberster Bundesbehörden (mit Ressortbeteiligung)</entry><entry VJ="1" colname="col3">315</entry></row><row><entry VJ="1" colname="col1">1.3</entry><entry VJ="1" colname="col2">Vorübergehende Ausfuhren oder Verbringungen</entry><entry VJ="1" colname="col3">Ermäßigung der Gebühr nach Nummer 1.1 bis 1.2 um 25 Prozent</entry></row><row><entry VJ="1" colname="col1">1.4</entry><entry VJ="1" colname="col2">Wiederausfuhren/-verbringungen</entry><entry VJ="1" colname="col3">gebührenfrei</entry></row><row><entry VJ="1" colname="col1">1.5</entry><entry VJ="1" colname="col2">Verlängerung einer Genehmigung nach Nummer 1</entry><entry VJ="1" colname="col3"/></row><row><entry VJ="1" colname="col1">1.5.1</entry><entry VJ="1" colname="col2">Ohne Ressortbeteiligung</entry><entry VJ="1" colname="col3">40</entry></row><row><entry VJ="1" colname="col1">1.5.2</entry><entry VJ="1" colname="col2">Mit Ressortbeteiligung</entry><entry VJ="1" colname="col3">252</entry></row><row><entry VJ="1" colname="col1">1.5.3</entry><entry VJ="1" colname="col2">Vorübergehende Ausfuhren oder Verbringungen</entry><entry VJ="1" colname="col3">Ermäßigung der Gebühr nach Nummer 1.5.1 bzw. 1.5.2 um 25 Prozent</entry></row><row><entry VJ="1" colname="col1">1.5.4</entry><entry VJ="1" colname="col2">Wiederausfuhren/-verbringungen</entry><entry VJ="1" colname="col3">gebührenfrei</entry></row><row><entry VJ="1" colname="col1">1.6</entry><entry VJ="1" colname="col2">Änderung einer Genehmigung nach Nummer 1</entry><entry VJ="1" colname="col3">gebührenfrei</entry></row><row><entry VJ="1" colname="col1">2</entry><entry VJ="1" colname="col2">Genehmigungen nach § 8 Absatz 1 Nummer 1, § 11 Absatz 1 Satz 1 AWV</entry><entry VJ="1" colname="col3"/></row><row><entry VJ="1" colname="col1">2.1</entry><entry VJ="1" colname="col2">Ohne Ressortbeteiligung</entry><entry VJ="1" colname="col3">99</entry></row><row><entry VJ="1" colname="col1">2.2</entry><entry VJ="1" colname="col2">Mit Ressortbeteiligung</entry><entry VJ="1" colname="col3">206</entry></row><row><entry VJ="1" colname="col1">2.3</entry><entry VJ="1" colname="col2">Vorübergehende Ausfuhren oder Verbringungen</entry><entry VJ="1" colname="col3">Ermäßigung der Gebühr nach Nummer 2.1 bzw. 2.2 um 25 Prozent</entry></row><row><entry VJ="1" colname="col1">2.4</entry><entry VJ="1" colname="col2">Wiederausfuhren/-verbringungen</entry><entry VJ="1" colname="col3">gebührenfrei</entry></row><row><entry VJ="1" colname="col1">2.5</entry><entry VJ="1" colname="col2">Genehmigungen im Zusammenhang mit regierungsseitigen Gemeinschaftsprojekten</entry><entry VJ="1" colname="col3">gebührenfrei</entry></row><row><entry VJ="1" colname="col1">2.6</entry><entry VJ="1" colname="col2">Genehmigungen für Vorhaben im Auftrag deutscher Behörden</entry><entry VJ="1" colname="col3">gebührenfrei</entry></row><row><entry VJ="1" colname="col1">2.7</entry><entry VJ="1" colname="col2">Genehmigung nach Nummer 2, die auf Grundlage der Genehmigung einer Beförderung identischer Güter zur Ausfuhr nach Abschnitt 1 ergeht</entry><entry VJ="1" colname="col3">gebührenfrei</entry></row><row><entry VJ="1" colname="col1">2.8</entry><entry VJ="1" colname="col2">Verlängerung einer Genehmigung nach Nummer 2</entry><entry VJ="1" colname="col3"/></row><row><entry VJ="1" colname="col1">2.8.1</entry><entry VJ="1" colname="col2">Ohne Ressortbeteiligung</entry><entry VJ="1" colname="col3">25</entry></row><row><entry VJ="1" colname="col1">2.8.2</entry><entry VJ="1" colname="col2">Mit Ressortbeteiligung</entry><entry VJ="1" colname="col3">165</entry></row><row><entry VJ="1" colname="col1">2.8.3</entry><entry VJ="1" colname="col2">Vorübergehende Ausfuhren oder Verbringungen</entry><entry VJ="1" colname="col3">Ermäßigung der Gebühr nach Nummer 2.8.1 bzw. 2.8.2 um 25 Prozent</entry></row><row><entry VJ="1" colname="col1">2.8.4</entry><entry VJ="1" colname="col2">Wiederausfuhren/-verbringungen</entry><entry VJ="1" colname="col3">gebührenfrei</entry></row><row><entry VJ="1" colname="col1">2.8.5</entry><entry VJ="1" colname="col2">Verlängerung einer Genehmigung nach Nummer 2.5 bis 2.7</entry><entry VJ="1" colname="col3">gebührenfrei</entry></row><row><entry VJ="1" colname="col1">2.9</entry><entry VJ="1" colname="col2">Änderung einer Genehmigung nach Nummer 2</entry><entry VJ="1" colname="col3">gebührenfrei</entry></row><row><entry VJ="1" colname="col1">3</entry><entry VJ="1" colname="col2">Genehmigungen nach Nummer 1 und/oder 2 sowie Abschnitt 5 Nummer 1 (Mischgenehmigungen)</entry><entry VJ="1" colname="col3"/></row><row><entry VJ="1" colname="col1">3.1</entry><entry VJ="1" colname="col2">Ohne Ressortbeteiligung</entry><entry VJ="1" colname="col3">139</entry></row><row><entry VJ="1" colname="col1">3.2</entry><entry VJ="1" colname="col2">Mit Ressortbeteiligung</entry><entry VJ="1" colname="col3">285</entry></row><row><entry VJ="1" colname="col1">3.3</entry><entry VJ="1" colname="col2">Vorübergehende Ausfuhren oder Verbringungen</entry><entry VJ="1" colname="col3">Ermäßigung der Gebühr nach Nummer 3.1 bzw. 3.2 um 25 Prozent</entry></row><row><entry VJ="1" colname="col1">3.4</entry><entry VJ="1" colname="col2">Wiederausfuhren/-verbringungen</entry><entry VJ="1" colname="col3">gebührenfrei</entry></row><row><entry VJ="1" colname="col1">3.5</entry><entry VJ="1" colname="col2">Genehmigungen im Zusammenhang mit regierungsseitigen Gemeinschaftsprojekten</entry><entry VJ="1" colname="col3">gebührenfrei</entry></row><row><entry VJ="1" colname="col1">3.6</entry><entry VJ="1" colname="col2">Genehmigungen für Vorhaben im Auftrag deutscher Behörden</entry><entry VJ="1" colname="col3">gebührenfrei</entry></row><row><entry VJ="1" colname="col1">3.7</entry><entry VJ="1" colname="col2">Verlängerung einer Genehmigung nach Nummer 3</entry><entry VJ="1" colname="col3"/></row><row><entry VJ="1" colname="col1">3.7.1</entry><entry VJ="1" colname="col2">Ohne Ressortbeteiligung</entry><entry VJ="1" colname="col3">35</entry></row><row><entry VJ="1" colname="col1">3.7.2</entry><entry VJ="1" colname="col2">Mit Ressortbeteiligung</entry><entry VJ="1" colname="col3">228</entry></row><row><entry VJ="1" colname="col1">3.7.3</entry><entry VJ="1" colname="col2">Vorübergehende Ausfuhren oder Verbringungen</entry><entry VJ="1" colname="col3">Ermäßigung der Gebühr nach Nummer 3.7.1 bzw. 3.7.2 um 25 Prozent</entry></row><row><entry VJ="1" colname="col1">3.7.4</entry><entry VJ="1" colname="col2">Wiederausfuhren/-verbringungen</entry><entry VJ="1" colname="col3">gebührenfrei</entry></row><row><entry VJ="1" colname="col1">3.7.5</entry><entry VJ="1" colname="col2">Verlängerung einer Genehmigung nach Nummer 3.5 und 3.6</entry><entry VJ="1" colname="col3">gebührenfrei</entry></row><row><entry VJ="1" colname="col1">3.8</entry><entry VJ="1" colname="col2">Änderung einer Genehmigung nach Nummer 3</entry><entry VJ="1" colname="col3">gebührenfrei</entry></row><row><entry VJ="1" colname="col1">4</entry><entry VJ="1" colname="col2">Sammelgenehmigungen nach § 4 i. V. m. 8 Absatz 1 Nummer 1, § 11 Absatz 1 Satz 1 AWV (bis zu 50 Käufer/Empfänger/Endverwender)</entry><entry VJ="1" colname="col3"/></row><row><entry VJ="1" colname="col1">4.1</entry><entry VJ="1" colname="col2">Genehmigungserteilung</entry><entry VJ="1" colname="col3"/></row><row><entry VJ="1" colname="col1">4.1.1</entry><entry VJ="1" colname="col2">Grundgebühr ohne Ressortbeteiligung</entry><entry VJ="1" colname="col3">112</entry></row><row><entry VJ="1" colname="col1">4.1.2</entry><entry VJ="1" colname="col2">Grundgebühr mit Ressortbeteiligung</entry><entry VJ="1" colname="col3">155</entry></row><row><entry VJ="1" colname="col1">4.1.3</entry><entry VJ="1" colname="col2">Zusatzgebühr für die Prüfung jedes weiteren Käufers, Empfängers oder Endverwenders</entry><entry VJ="1" colname="col3">20</entry></row><row><entry VJ="1" colname="col1">4.2</entry><entry VJ="1" colname="col2">Verlängerung einer Genehmigung nach Nummer 4</entry><entry VJ="1" colname="col3"/></row><row><entry VJ="1" colname="col1">4.2.1</entry><entry VJ="1" colname="col2">Grundgebühr ohne Ressortbeteiligung</entry><entry VJ="1" colname="col3">84</entry></row><row><entry VJ="1" colname="col1">4.2.2</entry><entry VJ="1" colname="col2">Grundgebühr mit Ressortbeteiligung</entry><entry VJ="1" colname="col3">116</entry></row><row><entry VJ="1" colname="col1">4.2.3</entry><entry VJ="1" colname="col2">Zusatzgebühr für die Prüfung jedes weiteren Empfängers oder Endverwenders</entry><entry VJ="1" colname="col3">15</entry></row><row><entry VJ="1" colname="col1">4.3</entry><entry VJ="1" colname="col2">Nachträgliche Aufnahme eines neuen Empfängers oder Endverwenders</entry><entry VJ="1" colname="col3"/></row><row><entry VJ="1" colname="col1">4.3.1</entry><entry VJ="1" colname="col2">Ohne Ressortbeteiligung</entry><entry VJ="1" colname="col3">34</entry></row><row><entry VJ="1" colname="col1">4.3.2</entry><entry VJ="1" colname="col2">Mit Ressortbeteiligung</entry><entry VJ="1" colname="col3">116</entry></row><row><entry VJ="1" colname="col1">4.4</entry><entry VJ="1" colname="col2">Nachträgliche Werterhöhung</entry><entry VJ="1" colname="col3"/></row><row><entry VJ="1" colname="col1">4.4.1</entry><entry VJ="1" colname="col2">Ohne Ressortbeteiligung</entry><entry VJ="1" colname="col3">84</entry></row><row><entry VJ="1" colname="col1">4.4.2</entry><entry VJ="1" colname="col2">Mit Ressortbeteiligung</entry><entry VJ="1" colname="col3">116</entry></row><row><entry VJ="1" colname="col1">4.5</entry><entry VJ="1" colname="col2">Sammelgenehmigungen und alle diesbezüglichen Leistungen im Zusammenhang mit regierungsseitigen Gemeinschaftsprojekten</entry><entry VJ="1" colname="col3">gebührenfrei</entry></row><row><entry VJ="1" colname="col1">4.6</entry><entry VJ="1" colname="col2">Genehmigungen für Vorhaben im Auftrag deutscher Behörden sowie zur Förderung der Zusammenarbeit mit Partnerstaaten</entry><entry VJ="1" colname="col3">gebührenfrei</entry></row><row><entry VJ="1" colname="col1">4.7</entry><entry VJ="1" colname="col2">Änderungen der Nebenbestimmungen sowie der referenzierten KrWaffKontrG-Genehmigungsnummern soweit sie vom Genehmigungsinhaber veranlasst wurden</entry><entry VJ="1" colname="col3"/></row><row><entry VJ="1" colname="col1">4.7.1</entry><entry VJ="1" colname="col2">Ohne Ressortbeteiligung</entry><entry VJ="1" colname="col3">56</entry></row><row><entry VJ="1" colname="col1">4.7.2</entry><entry VJ="1" colname="col2">Mit Ressortbeteiligung</entry><entry VJ="1" colname="col3">116</entry></row><row><entry VJ="1" colname="col1">5</entry><entry VJ="1" colname="col2">Genehmigung nach § 46 Absatz 1, § 47 Absatz 1 AWV</entry><entry VJ="1" colname="col3"/></row><row><entry VJ="1" colname="col1">5.1</entry><entry VJ="1" colname="col2">Ohne Ressortbeteiligung</entry><entry VJ="1" colname="col3">99</entry></row><row><entry VJ="1" colname="col1">5.2</entry><entry VJ="1" colname="col2">Mit Ressortbeteiligung</entry><entry VJ="1" colname="col3">206</entry></row><row><entry VJ="1" colname="col1">5.3</entry><entry VJ="1" colname="col2">Verlängerung einer Genehmigung nach Nummer 5</entry><entry VJ="1" colname="col3"/></row><row><entry VJ="1" colname="col1">5.3.1</entry><entry VJ="1" colname="col2">Ohne Ressortbeteiligung</entry><entry VJ="1" colname="col3">25</entry></row><row><entry VJ="1" colname="col1">5.3.2</entry><entry VJ="1" colname="col2">Mit Ressortbeteiligung</entry><entry VJ="1" colname="col3">165</entry></row><row><entry VJ="1" colname="col1">5.4</entry><entry VJ="1" colname="col2">Änderung einer Genehmigung nach Nummer 5</entry><entry VJ="1" colname="col3">gebührenfrei</entry></row><row><entry VJ="1" colname="col1">6</entry><entry VJ="1" colname="col2">Konstituierung einer Genehmigungspflicht und Genehmigung nach § 47 Absatz 2, Absatz 3 AWV</entry><entry VJ="1" colname="col3"/></row><row><entry VJ="1" colname="col1">6.1</entry><entry VJ="1" colname="col2">Ohne Ressortbeteiligung</entry><entry VJ="1" colname="col3">159</entry></row><row><entry VJ="1" colname="col1">6.2</entry><entry VJ="1" colname="col2">Mit Ressortbeteiligung</entry><entry VJ="1" colname="col3">315</entry></row><row><entry VJ="1" colname="col1">7</entry><entry VJ="1" colname="col2">Konstituierung einer Genehmigungspflicht und Genehmigung nach § 49 Absatz 1, § 50 Absatz 1, § 51 Absatz 1 oder 2, § 52 Absatz 1, § 52a Absatz 1, § 52b Absatz 1 AWV</entry><entry VJ="1" colname="col3"/></row><row><entry VJ="1" colname="col1">7.1</entry><entry VJ="1" colname="col2">Ohne Ressortbeteiligung</entry><entry VJ="1" colname="col3">159</entry></row><row><entry VJ="1" colname="col1">7.2</entry><entry VJ="1" colname="col2">Mit Ressortbeteiligung</entry><entry VJ="1" colname="col3">315</entry></row><row><entry VJ="1" colname="col1">8</entry><entry VJ="1" colname="col2">Genehmigung nach § 76 Absatz 1, § 76a Nummer 2 AWV</entry><entry VJ="1" colname="col3">gebührenfrei</entry></row><row><entry VJ="1" colname="col1">9</entry><entry VJ="1" colname="col2">Genehmigung nach § 77 Absatz 4 Satz 2 AWV</entry><entry VJ="1" colname="col3">gebührenfrei</entry></row><row><entry VJ="1" colname="col1">10</entry><entry VJ="1" colname="col2">Ausstellung von Zertifikaten nach § 2 AWV</entry><entry VJ="1" colname="col3">gebührenfrei</entry></row><row><entry VJ="1" colname="col1">11</entry><entry VJ="1" colname="col2">Ausstellung internationaler Einfuhrbescheinigungen und Wareneingangsbescheinigungen nach § 30 AWV</entry><entry VJ="1" colname="col3">gebührenfrei</entry></row><row><entry VJ="1" colname="col1">12</entry><entry VJ="1" colname="col2">Ausstellung behördlicher Endverbleibszusagen zur Vorlage bei ausländischen Exportkontrollbehörden</entry><entry VJ="1" colname="col3">gebührenfrei</entry></row><row><entry VJ="1" colname="col1">13</entry><entry VJ="1" colname="col2">Ausstellung von Einfuhrdokumenten nach § 48 AWV</entry><entry VJ="1" colname="col3">gebührenfrei</entry></row><row><entry VJ="1" colname="col1">14</entry><entry VJ="1" colname="col2">Bestätigung, dass keine außenwirtschaftsrechtliche Genehmigungspflicht nach der AWV vorliegt (sog. Nullbescheide)</entry><entry VJ="1" colname="col3">gebührenfrei</entry></row><row><entry VJ="1" colname="col1">15</entry><entry VJ="1" colname="col2">Voranfragen zur voraussichtlichen Genehmigungsfähigkeit bestimmter nach der AWV genehmigungspflichtiger Rechtsgeschäfte und Handlungen bei unveränderter Sach- und Rechtslage</entry><entry VJ="1" colname="col3">gebührenfrei</entry></row><row><entry VJ="1" colname="col1">16</entry><entry VJ="1" colname="col2">Beendigung eines anhängigen Investitionsprüfverfahrens nach Meldepflicht und Antrag auf Freigabe oder Antrag auf Unbedenklichkeitsbescheinigung in Prüfphase I (Vorprüfung) mittels Verwaltungsaktes oder Fiktion durch Fristablauf, §§ 55, 55a, 58, 58a, 60, 61 AWV</entry><entry VJ="1" colname="col3">800</entry></row><row><entry VJ="1" colname="col1">17</entry><entry VJ="1" colname="col2">Beendigung eines anhängigen Investitionsprüfverfahrens nach Kenntnis und Prüfung von Amts wegen in Prüfphase I (Vorprüfung) mittels Fiktion durch Fristablauf und Ausstellung einer Fiktionsbescheinigung, §§ 55, 55a, 58, 58a, 60, 61 AWV</entry><entry VJ="1" colname="col3">800</entry></row><row><entry VJ="1" colname="col1">18</entry><entry VJ="1" colname="col2">Beendigung eines eröffneten Investitionsprüfverfahrens nach Prüfphase II mittels Verwaltungsaktes oder Fiktion durch Fristablauf, §§ 55, 55a, 58, 58a, 59, 60, 61, 62 AWV</entry><entry VJ="1" colname="col3">2 500</entry></row><row><entry VJ="1" colname="col1">19</entry><entry VJ="1" colname="col2">Beendigung eines eröffneten Investitionsprüfverfahrens nach Verlängerung der Prüfphase II um bis zu drei Monate bei besonderen Schwierigkeiten tatsächlicher oder rechtlicher Art, §§ 55, 55a, 58a, 59, 60, 61, 62 AWV</entry><entry VJ="1" colname="col3">5 000</entry></row><row><entry VJ="1" colname="col1">20</entry><entry VJ="1" colname="col2">Beendigung eines eröffneten Investitionsprüfverfahrens nach Verlängerung der Prüfphase II nach Nummer 19 und nochmaliger Verlängerung um einen weiteren Monat bei kumulativem Vorliegen von besonderen Schwierigkeiten tatsächlicher oder rechtlicher Art und besonderer Berührung von Verteidigungsinteressen, §§ 55, 55a, 58a, 59, 60, 61, 62 AWV</entry><entry VJ="1" colname="col3">6 000</entry></row><row><entry VJ="1" colname="col1">21</entry><entry VJ="1" colname="col2">Einmalige Erhöhung der Festgebühr nach Beendigung eines anhängigen Investitionsprüfverfahrens in Prüfphase II aufgrund zu ergreifender besonderer Schutzmaßnahmen im Prüfverfahren und/oder im Verwaltungsakt, gestuft nach tatsächlichem Aufwand und Schwierigkeitsgrad §§ 55, 55a, 58, 59, 60, 61, 62 AWV</entry><entry VJ="1" colname="col3"/></row><row><entry VJ="1" colname="col1">21.1</entry><entry VJ="1" colname="col2">Bei einfachem Aufwand und Schwierigkeitsgrad</entry><entry VJ="1" colname="col3">10 000</entry></row><row><entry VJ="1" colname="col1">21.2</entry><entry VJ="1" colname="col2">Bei erhöhtem Aufwand und Schwierigkeitsgrad</entry><entry VJ="1" colname="col3">20 000</entry></row><row><entry VJ="1" colname="col1">21.3</entry><entry VJ="1" colname="col2">Bei hohem Aufwand und Schwierigkeitsgrad</entry><entry VJ="1" colname="col3">30 000</entry></row></tbody></tgroup></table><P/><Title Align="auto"><B>Abschnitt 5 – Verordnung (EU) 2021/821 des Europäischen Parlaments und des Rates<BR/>vom 20. Mai 2021 über eine Unionsregelung für die Kontrolle der Ausfuhr, der Vermittlung,<BR/>der technischen Unterstützung der Durchfuhr und der Verbringung betreffend Güter mit<BR/>doppeltem Verwendungszweck (EU-Dual-Use-Verordnung)</B></Title><P/><table colsep="1" frame="all" pgwide="1" rowsep="1" tocentry="%yes;"><tgroup align="left" char="" charoff="50" cols="3"><colspec colname="col1" colwidth="15*"/><colspec colname="col2" colwidth="120*"/><colspec align="center" colname="col3" colwidth="30*"/><thead valign="bottom"><row valign="middle"><entry VJ="1" align="center" colname="col1">Nummer</entry><entry VJ="1" align="center" colname="col2">Gebührentatbestand</entry><entry VJ="1" align="center" colname="col3">Gebühren in Euro</entry></row></thead><tbody valign="top"><row><entry VJ="1" colname="col1">1</entry><entry VJ="1" colname="col2">Konstituierung einer Genehmigungspflicht und/oder Genehmigung nach Artikel 3 Absatz 1, 4 Absatz 1 Buchstabe a bis c, Artikel 5 Absatz 1, Artikel 10 Absatz 1, Artikel 11 Absatz 1 EU-Dual-Use-Verordnung</entry><entry VJ="1" colname="col3"/></row><row><entry VJ="1" colname="col1">1.1</entry><entry VJ="1" colname="col2">Ohne Ressortbeteiligung</entry><entry VJ="1" colname="col3">159</entry></row><row><entry VJ="1" colname="col1">1.2</entry><entry VJ="1" colname="col2">Mit Ressortbeteiligung</entry><entry VJ="1" colname="col3">315</entry></row><row><entry VJ="1" colname="col1">1.3</entry><entry VJ="1" colname="col2">Vorübergehende Ausfuhren oder Verbringungen</entry><entry VJ="1" colname="col3">Ermäßigung der Gebühr nach Nummer 1.1 bzw. 1.2 um 25 Prozent</entry></row><row><entry VJ="1" colname="col1">1.4</entry><entry VJ="1" colname="col2">Wiederausfuhren/-verbringungen</entry><entry VJ="1" colname="col3">gebührenfrei</entry></row><row><entry VJ="1" colname="col1">1.5</entry><entry VJ="1" colname="col2">Verlängerung einer Genehmigung nach Nummer 1</entry><entry VJ="1" colname="col3"/></row><row><entry VJ="1" colname="col1">1.5.1</entry><entry VJ="1" colname="col2">Ohne Ressortbeteiligung</entry><entry VJ="1" colname="col3">40</entry></row><row><entry VJ="1" colname="col1">1.5.2</entry><entry VJ="1" colname="col2">Mit Ressortbeteiligung</entry><entry VJ="1" colname="col3">252</entry></row><row><entry VJ="1" colname="col1">1.5.3</entry><entry VJ="1" colname="col2">Vorübergehende Ausfuhren oder Verbringungen</entry><entry VJ="1" colname="col3">Ermäßigung der Gebühr nach Nummer 1.5.1 bzw. 1.5.2 um 25 Prozent</entry></row><row><entry VJ="1" colname="col1">1.5.4</entry><entry VJ="1" colname="col2">Wiederausfuhren/-verbringungen</entry><entry VJ="1" colname="col3">gebührenfrei</entry></row><row><entry VJ="1" colname="col1">1.6</entry><entry VJ="1" colname="col2">Änderung einer Genehmigung nach Nummer 1</entry><entry VJ="1" colname="col3">gebührenfrei</entry></row><row><entry VJ="1" colname="col1">2</entry><entry VJ="1" colname="col2">Sammelgenehmigungen nach Artikel 12 Absatz 1 Satz 1 Buchstabe b i. V. m. Artikel 3 Absatz 1, Artikel 11 Absatz 1 EU-Dual-Use-Verordnung bis zu 25 Käufer/Empfänger/Endverwender</entry><entry VJ="1" colname="col3"/></row><row><entry VJ="1" colname="col1">2.1</entry><entry VJ="1" colname="col2">Genehmigungserteilung</entry><entry VJ="1" colname="col3"/></row><row><entry VJ="1" colname="col1">2.1.1</entry><entry VJ="1" colname="col2">Grundgebühr ohne Ressortbeteiligung</entry><entry VJ="1" colname="col3">811</entry></row><row><entry VJ="1" colname="col1">2.1.2</entry><entry VJ="1" colname="col2">Grundgebühr mit Ressortbeteiligung</entry><entry VJ="1" colname="col3">1 029</entry></row><row><entry VJ="1" colname="col1">2.1.3</entry><entry VJ="1" colname="col2">Zusatzgebühr für die Prüfung jedes weiteren Käufers, Empfängers oder Endverwenders</entry><entry VJ="1" colname="col3">68</entry></row><row><entry VJ="1" colname="col1">2.2</entry><entry VJ="1" colname="col2">Verlängerung einer Genehmigung nach Nummer 2</entry><entry VJ="1" colname="col3"/></row><row><entry VJ="1" colname="col1">2.2.1</entry><entry VJ="1" colname="col2">Grundgebühr ohne Ressortbeteiligung</entry><entry VJ="1" colname="col3">101</entry></row><row><entry VJ="1" colname="col1">2.2.2</entry><entry VJ="1" colname="col2">Grundgebühr mit Ressortbeteiligung</entry><entry VJ="1" colname="col3">304</entry></row><row><entry VJ="1" colname="col1">2.2.3</entry><entry VJ="1" colname="col2">Zusatzgebühr für die Prüfung jedes weiteren Käufers, Empfängers oder Endverwenders</entry><entry VJ="1" colname="col3">51</entry></row><row><entry VJ="1" colname="col1">2.3</entry><entry VJ="1" colname="col2">Nachträgliche Aufnahme eines neuen Käufers, Empfängers oder Endverwenders</entry><entry VJ="1" colname="col3"/></row><row><entry VJ="1" colname="col1">2.3.1</entry><entry VJ="1" colname="col2">Ohne Ressortbeteiligung</entry><entry VJ="1" colname="col3">113</entry></row><row><entry VJ="1" colname="col1">2.3.2</entry><entry VJ="1" colname="col2">Mit Ressortbeteiligung</entry><entry VJ="1" colname="col3">241</entry></row><row><entry VJ="1" colname="col1">2.4</entry><entry VJ="1" colname="col2">Nachträgliche Wert- oder Mengenerhöhung</entry><entry VJ="1" colname="col3">69</entry></row><row><entry VJ="1" colname="col1">2.5</entry><entry VJ="1" colname="col2">Nachträgliche Güteränderung</entry><entry VJ="1" colname="col3">120</entry></row><row><entry VJ="1" colname="col1">2.6</entry><entry VJ="1" colname="col2">Genehmigungen für Vorhaben im Auftrag deutscher Behörden</entry><entry VJ="1" colname="col3">gebührenfrei</entry></row><row><entry VJ="1" colname="col1">2.7</entry><entry VJ="1" colname="col2">Änderungen der Nebenbestimmungen oder der Endverwendung soweit sie vom Genehmigungsinhaber veranlasst wurden</entry><entry VJ="1" colname="col3"/></row><row><entry VJ="1" colname="col1">2.7.1</entry><entry VJ="1" colname="col2">Ohne Ressortbeteiligung</entry><entry VJ="1" colname="col3">56</entry></row><row><entry VJ="1" colname="col1">2.7.2</entry><entry VJ="1" colname="col2">Mit Ressortbeteiligung</entry><entry VJ="1" colname="col3">172</entry></row><row><entry VJ="1" colname="col1">3</entry><entry VJ="1" colname="col2">Konstituierung einer Genehmigungspflicht und Genehmigung einer Vermittlungstätigkeit nach Artikel 6 Absatz 1 EU-Dual-Use-Verordnung</entry><entry VJ="1" colname="col3"/></row><row><entry VJ="1" colname="col1">3.1</entry><entry VJ="1" colname="col2">Ohne Ressortbeteiligung</entry><entry VJ="1" colname="col3">159</entry></row><row><entry VJ="1" colname="col1">3.2</entry><entry VJ="1" colname="col2">Mit Ressortbeteiligung</entry><entry VJ="1" colname="col3">315</entry></row><row><entry VJ="1" colname="col1">4</entry><entry VJ="1" colname="col2">Verbot einer Durchfuhr nach Artikel 7 Absatz 1 EU-Dual-Use-Verordnung</entry><entry VJ="1" colname="col3"/></row><row><entry VJ="1" colname="col1">4.1</entry><entry VJ="1" colname="col2">Ohne Ressortbeteiligung</entry><entry VJ="1" colname="col3">159</entry></row><row><entry VJ="1" colname="col1">4.2</entry><entry VJ="1" colname="col2">Mit Ressortbeteiligung</entry><entry VJ="1" colname="col3">315</entry></row><row><entry VJ="1" colname="col1">5</entry><entry VJ="1" colname="col2">Konstituierung einer Genehmigungspflicht und Genehmigung einer Durchfuhr nach Artikel 7 Absatz 2 EU-Dual-Use-Verordnung</entry><entry VJ="1" colname="col3"/></row><row><entry VJ="1" colname="col1">5.1</entry><entry VJ="1" colname="col2">Ohne Ressortbeteiligung</entry><entry VJ="1" colname="col3">159</entry></row><row><entry VJ="1" colname="col1">5.2</entry><entry VJ="1" colname="col2">Mit Ressortbeteiligung</entry><entry VJ="1" colname="col3">315</entry></row><row><entry VJ="1" colname="col1">6</entry><entry VJ="1" colname="col2">Konstituierung einer Genehmigungspflicht und Genehmigung einer technischen Unterstützung nach Artikel 8 Absatz 1 EU-Dual-Use-Verordnung</entry><entry VJ="1" colname="col3"/></row><row><entry VJ="1" colname="col1">6.1</entry><entry VJ="1" colname="col2">Ohne Ressortbeteiligung</entry><entry VJ="1" colname="col3">159</entry></row><row><entry VJ="1" colname="col1">6.2</entry><entry VJ="1" colname="col2">Mit Ressortbeteiligung</entry><entry VJ="1" colname="col3">315</entry></row><row><entry VJ="1" colname="col1">7</entry><entry VJ="1" colname="col2">Bestätigung, dass keine außenwirtschaftsrechtliche Genehmigungspflicht nach der EU-Dual-Use-Verordnung vorliegt (sog. Nullbescheide)</entry><entry VJ="1" colname="col3">gebührenfrei</entry></row></tbody></tgroup></table><P/><Title Align="auto"><B>Abschnitt 6 – Verordnung (EU) 2019/125 des Europäischen Parlaments und des Rates<BR/>vom 16. Januar 2019 über den Handel mit bestimmten Gütern, die zur Vollstreckung der Todesstrafe,<BR/>zu Folter oder zu anderer grausamer, unmenschlicher oder erniedrigender Behandlung oder Strafe verwendet werden könnten (EU-Anti-Folter-Verordnung)</B></Title><P/><table colsep="1" frame="all" pgwide="1" rowsep="1" tocentry="%yes;"><tgroup align="left" char="" charoff="50" cols="3"><colspec colname="col1" colwidth="15*"/><colspec colname="col2" colwidth="120*"/><colspec align="center" colname="col3" colwidth="30*"/><thead valign="bottom"><row valign="middle"><entry VJ="1" align="center" colname="col1">Nummer</entry><entry VJ="1" align="center" colname="col2">Gebührentatbestand</entry><entry VJ="1" align="center" colname="col3">Gebühren in Euro</entry></row></thead><tbody valign="top"><row><entry VJ="1" colname="col1">1</entry><entry VJ="1" colname="col2">Genehmigungen nach Artikel 11 Absatz 1 Satz 1, Artikel 16 Absatz 1 Satz 1 EU-Anti-Folter-Verordnung</entry><entry VJ="1" colname="col3"/></row><row><entry VJ="1" colname="col1">1.1</entry><entry VJ="1" colname="col2">Ohne Ressortbeteiligung</entry><entry VJ="1" colname="col3">159</entry></row><row><entry VJ="1" colname="col1">1.2</entry><entry VJ="1" colname="col2">Mit Ressortbeteiligung</entry><entry VJ="1" colname="col3">315</entry></row><row><entry VJ="1" colname="col1">1.3</entry><entry VJ="1" colname="col2">Vorübergehende Ausfuhren</entry><entry VJ="1" colname="col3">Ermäßigung der Gebühr nach Nummer 1.1 bzw. 1.2 um 25 Prozent</entry></row><row><entry VJ="1" colname="col1">1.4</entry><entry VJ="1" colname="col2">Wiederausfuhren</entry><entry VJ="1" colname="col3">gebührenfrei</entry></row><row><entry VJ="1" colname="col1">1.5</entry><entry VJ="1" colname="col2">Verlängerung einer Genehmigung nach Nummer 1</entry><entry VJ="1" colname="col3"/></row><row><entry VJ="1" colname="col1">1.5.1</entry><entry VJ="1" colname="col2">Ohne Ressortbeteiligung</entry><entry VJ="1" colname="col3">40</entry></row><row><entry VJ="1" colname="col1">1.5.2</entry><entry VJ="1" colname="col2">Mit Ressortbeteiligung</entry><entry VJ="1" colname="col3">252</entry></row><row><entry VJ="1" colname="col1">1.5.3</entry><entry VJ="1" colname="col2">Vorübergehende Ausfuhren</entry><entry VJ="1" colname="col3">Ermäßigung der Gebühr nach Nummer 1.5.1 bzw. 1.5.2 um 25 Prozent</entry></row><row><entry VJ="1" colname="col1">1.5.4</entry><entry VJ="1" colname="col2">Wiederausfuhren</entry><entry VJ="1" colname="col3">gebührenfrei</entry></row><row><entry VJ="1" colname="col1">1.6</entry><entry VJ="1" colname="col2">Änderung einer Genehmigung nach Nummer 1</entry><entry VJ="1" colname="col3">gebührenfrei</entry></row><row><entry VJ="1" colname="col1">2</entry><entry VJ="1" colname="col2">Ausnahmegenehmigungen nach Artikel 3 Absatz 2, Artikel 4 Absatz 2 und Artikel 5 Absatz 2 <NB>EU-Anti-</NB>Folter-Verordnung</entry><entry VJ="1" colname="col3">gebührenfrei</entry></row><row><entry VJ="1" colname="col1">3</entry><entry VJ="1" colname="col2">Genehmigungen nach Artikel 15 Absatz 1 Buchstabe b oder Artikel 19 Absatz 1 Buchstabe b EU-Anti-Folter-Verordnung</entry><entry VJ="1" colname="col3"/></row><row><entry VJ="1" colname="col1">3.1</entry><entry VJ="1" colname="col2">Ohne Ressortbeteiligung</entry><entry VJ="1" colname="col3">159</entry></row><row><entry VJ="1" colname="col1">3.2</entry><entry VJ="1" colname="col2">Mit Ressortbeteiligung</entry><entry VJ="1" colname="col3">315</entry></row><row><entry VJ="1" colname="col1">3.3</entry><entry VJ="1" colname="col2">Verlängerung einer Genehmigung nach Nummer 3</entry><entry VJ="1" colname="col3"/></row><row><entry VJ="1" colname="col1">3.3.1</entry><entry VJ="1" colname="col2">Ohne Ressortbeteiligung</entry><entry VJ="1" colname="col3">40</entry></row><row><entry VJ="1" colname="col1">3.3.2</entry><entry VJ="1" colname="col2">Mit Ressortbeteiligung</entry><entry VJ="1" colname="col3">252</entry></row><row><entry VJ="1" colname="col1">3.4</entry><entry VJ="1" colname="col2">Änderung einer Genehmigung nach Nummer 3</entry><entry VJ="1" colname="col3">gebührenfrei</entry></row><row><entry VJ="1" colname="col1">4</entry><entry VJ="1" colname="col2">Genehmigung einer technischen Unterstützung nach Artikel 15 Absatz 1 Buchstabe a, 19 Absatz 1 Buchstabe a EU-Anti-Folter-Verordnung</entry><entry VJ="1" colname="col3"/></row><row><entry VJ="1" colname="col1">4.1</entry><entry VJ="1" colname="col2">Ohne Ressortbeteiligung</entry><entry VJ="1" colname="col3">159</entry></row><row><entry VJ="1" colname="col1">4.2</entry><entry VJ="1" colname="col2">Mit Ressortbeteiligung</entry><entry VJ="1" colname="col3">315</entry></row><row><entry VJ="1" colname="col1">4.3</entry><entry VJ="1" colname="col2">Verlängerung einer Genehmigung nach Nummer 4</entry><entry VJ="1" colname="col3"/></row><row><entry VJ="1" colname="col1">4.3.1</entry><entry VJ="1" colname="col2">Ohne Ressortbeteiligung</entry><entry VJ="1" colname="col3">40</entry></row><row><entry VJ="1" colname="col1">4.3.2</entry><entry VJ="1" colname="col2">Mit Ressortbeteiligung</entry><entry VJ="1" colname="col3">252</entry></row><row><entry VJ="1" colname="col1">4.4</entry><entry VJ="1" colname="col2">Änderung einer Genehmigung nach Nummer 4</entry><entry VJ="1" colname="col3">gebührenfrei</entry></row><row><entry VJ="1" colname="col1">5</entry><entry VJ="1" colname="col2">Bestätigung, dass keine außenwirtschaftsrechtliche Genehmigungspflicht nach der Anti-Folter-Verordnung vorliegt (sog. Nullbescheide)</entry><entry VJ="1" colname="col3">gebührenfrei</entry></row></tbody></tgroup></table></Content></text></textdaten></norm>
</dokumente>