<?xml version="1.0" encoding="UTF-8" ?><!DOCTYPE dokumente SYSTEM "http://www.gesetze-im-internet.de/dtd/1.01/gii-norm.dtd">
<dokumente builddate="20251021215502" doknr="BJNR022600995"><norm builddate="20251021215502" doknr="BJNR022600995"><metadaten><jurabk>KlFzKV-BinSch</jurabk><amtabk>KlFzKV-BinSch</amtabk><ausfertigung-datum manuell="ja">1995-02-21</ausfertigung-datum><fundstelle typ="amtlich"><periodikum>BGBl I</periodikum><zitstelle>1995, 226</zitstelle></fundstelle><kurzue>Binnenschifffahrt-Kennzeichnungsverordnung</kurzue><langue>Verordnung über die Kennzeichnung von auf Binnenschiffahrtsstraßen
verkehrenden Kleinfahrzeugen</langue><standangabe checked="ja"><standtyp>Stand</standtyp><standkommentar>Zuletzt geändert durch Art. 7 V v. 14.10.2025 I Nr. 242</standkommentar></standangabe></metadaten><textdaten><fussnoten><Content><P><BR/> <pre xml:space="preserve">(+++ Textnachweis ab: 1.3.1995 +++)<BR/> <BR/>Die V ist gem. § 14 Abs. 1 Satz 1 vorbehaltlich des Satzes 2 am 1.3.1995 in <BR/>Kraft getreten. <BR/><BR/></pre>Überschrift: Kurzbezeichnung eingef. durch Art. 7 Nr. 1 V v. 18.12.2002 I 4580 mWv 1.1.2003</P></Content></fussnoten></textdaten></norm>
<norm builddate="20251021215502" doknr="BJNR022600995BJNE000100000"><metadaten><jurabk>KlFzKV-BinSch</jurabk><enbez>Eingangsformel</enbez></metadaten><textdaten><text format="XML"><Content><P>Auf Grund des § 3 Abs. 1 Nr. 3, Abs. 4 und 6 des Binnenschiffahrtsaufgabengesetzes in der Fassung der Bekanntmachung vom 4. August 1986 (BGBl. I S. 1270) verordnet das Bundesministerium für Verkehr, und auf Grund des § 4 Abs. 2 Satz 1 und 3 des Binnenschiffahrtsaufgabengesetzes und des 2. Abschnitts des Verwaltungskostengesetzes vom 23. Juni 1970 (BGBl. I S. 821) verordnet das Bundesministerium für Verkehr im Einvernehmen mit dem Bundesministerium der Finanzen:</P></Content></text></textdaten></norm>
<norm builddate="20251021215502" doknr="BJNR022600995BJNG000200000"><metadaten><jurabk>KlFzKV-BinSch</jurabk><gliederungseinheit><gliederungskennzahl>010</gliederungskennzahl><gliederungsbez>I.</gliederungsbez><gliederungstitel>Allgemeine Vorschriften</gliederungstitel></gliederungseinheit></metadaten><textdaten><text format="XML"><Content><P/></Content></text></textdaten></norm>
<norm builddate="20251021215502" doknr="BJNR022600995BJNE000301124"><metadaten><jurabk>KlFzKV-BinSch</jurabk><enbez>§ 1</enbez><titel format="XML">Begriffsbestimmungen</titel></metadaten><textdaten><text format="XML"><Content><P>Im Sinne dieser Verordnung sind: <DL Font="normal" Type="arabic"><DT>1.</DT><DD Font="normal"><LA Size="normal">Binnenschiffahrtsstraßen:</LA><LA Size="normal">die Bundeswasserstraßen Rhein, Mosel und Donau sowie diejenigen sonstigen Bundeswasserstraßen, auf denen die Binnenschiffahrtsstraßen-Ordnung gilt,</LA></DD><DT>2.</DT><DD Font="normal"><LA Size="normal">Kleinfahrzeuge:</LA><LA Size="normal">Wasserfahrzeuge, deren Schiffskörper, ohne Ruder und Bugspriet, eine Höchstlänge von weniger als 20 m aufweisen, ausgenommen<DL Font="normal" Type="arabic"><DT>a)</DT><DD Font="normal"><LA Size="normal">Wasserfahrzeuge, die nach den Bestimmungen der Binnenschiffahrtsstraßen-Ordnung nicht als Kleinfahrzeuge gelten:<DL Font="normal" Type="arabic"><DT>aa)</DT><DD Font="normal"><LA Size="normal">Wasserfahrzeuge, die gebaut oder eingerichtet sind, um andere Fahrzeuge als Kleinfahrzeuge zu schleppen, zu schieben oder längsseits gekuppelt mitzuführen;</LA></DD><DT>bb)</DT><DD Font="normal"><LA Size="normal">Fahrgastschiffe, die zur Beförderung von mehr als 12 Personen zugelassen sind;</LA></DD><DT>cc)</DT><DD Font="normal"><LA Size="normal">Fähren;</LA></DD><DT>dd)</DT><DD Font="normal"><LA Size="normal">schwimmende Geräte;</LA></DD></DL></LA></DD><DT>b)</DT><DD Font="normal"><LA Size="normal">Fahrgastboote im Sinne des § 2 Absatz 3 Nummer 11 der Binnenschiffsuntersuchungsordnung;</LA></DD><DT>c)</DT><DD Font="normal"><LA Size="normal">Barkassen im Sinne des § 2 Absatz 3 Nummer 12 der Binnenschiffsuntersuchungsordnung;</LA></DD><DT>d)</DT><DD Font="normal"><LA Size="normal">Wasserfahrzeuge, die nur mit Muskelkraft fortbewegt werden können;</LA></DD><DT>e)</DT><DD Font="normal"><LA Size="normal">Wasserfahrzeuge bis zu 5,50 m Länge, die nur unter Segel fortbewegt werden können;</LA></DD><DT>f)</DT><DD Font="normal"><LA Size="normal">Wasserfahrzeuge mit Antriebsmaschine, deren effektive Nutzleistung nicht mehr als 2,21 kW beträgt;</LA></DD><DT>g)</DT><DD Font="normal"><LA Size="normal">Beiboote.</LA></DD></DL></LA></DD></DL></P></Content></text><fussnoten/></textdaten></norm>
<norm builddate="20251021215502" doknr="BJNR022600995BJNE000405124"><metadaten><jurabk>KlFzKV-BinSch</jurabk><enbez>§ 2</enbez><titel format="XML">Kennzeichnungspflicht</titel></metadaten><textdaten><text format="XML"><Content><P>(1) Der Schiffsführer darf ein deutsches Kleinfahrzeug auf den Binnenschiffahrtsstraßen nur führen, wenn es mit einem gültigen amtlichen oder amtlich anerkannten (§ 5) Kennzeichen nach Absatz 3 Satz 1 versehen ist. Er darf als Nationalitätenkennzeichen, unbeschadet des § 3 Nr. 3 Buchstabe a, nur ein &quot;D&quot; verwenden. Die Verwendung international üblicher Nationalitätenkennzeichen im Segel bleibt unberührt. Der Schiffsführer hat dafür zu sorgen, daß das Kennzeichen jederzeit deutlich sicht- und lesbar ist.</P><P>(2) Deutsche Fahrzeuge nach § 1 Nr. 2 Buchstabe d bis g dürfen ein Kennzeichen führen.</P><P>(3) Der Eigentümer eines deutschen Kleinfahrzeugs muß das Kennzeichen in mindestens 10 cm hohen lateinischen Buchstaben und arabischen Ziffern dauerhaft in heller Farbe auf dunklem Grund oder dunkler Farbe auf hellem Grund außen an beiden Bug- oder Heckseiten oder am Spiegelheck des Kleinfahrzeugs anbringen. Er darf nur ein Nationalitätenkennzeichen nach Absatz 1 Satz 2 verwenden. Er darf weder anordnen noch zulassen, daß der Schiffsführer ein deutsches Kleinfahrzeug ohne oder ohne gültiges Kennzeichen oder mit einem anderen als dem in Absatz 1 Satz 2 genannten Nationalitätenkennzeichen führt. Er darf als deutsches Kennzeichen nicht mehr als ein Kennzeichen nach § 3 Nr. 4, § 4 oder § 5 anbringen.</P><P>(4) Ausländische Kleinfahrzeuge unterliegen der Kennzeichnungspflicht nach Maßgabe des § 3 Nr. 3.</P><P>(5) Abweichend von Absatz 1 Satz 1 darf ein Wassermotorrad nach § 1 Nr. 3 der Wassermotorräder-Verordnung vom 31. Mai 1995 (BGBl. I S. 769) auf den Binnenschiffahrtsstraßen nur geführt werden, wenn es mit einem amtlichen Kennzeichen versehen ist.</P><P>(6) Das Wasserstraßen- und Schifffahrtsamt kann auf Antrag des Eigentümers ein Kleinfahrzeug nach § 1 Nr. 2 Buchstabe d bis f, das nur für eine Überführungsfahrt vorübergehend mit einer Antriebsmaschine mit einer effektiven Nutzleistung von mehr als 2,21 kW ausgerüstet wird, von der Führung eines Kennzeichens befreien. Zuständig ist das Wasserstraßen- und Schifffahrtsamt, in dessen Amtsbezirk die Fahrt beginnt. Berührt die Fahrt die Amtsbezirke mehrerer Wasserstraßen- und Schifffahrtsämter, darf die Entscheidung nur einvernehmlich getroffen werden.</P></Content></text><fussnoten/></textdaten></norm>
<norm builddate="20251021215502" doknr="BJNR022600995BJNE000503123"><metadaten><jurabk>KlFzKV-BinSch</jurabk><enbez>§ 3</enbez><titel format="XML">Ausnahmen</titel></metadaten><textdaten><text format="XML"><Content><P>Von der Kennzeichnungspflicht sind ausgenommen: <BR/>Kleinfahrzeuge, die <DL Font="normal" Type="arabic"><DT>1.</DT><DD Font="normal"><LA Size="normal">durch Führen der Dienstflagge oder durch Aufschriften als Behördenfahrzeuge gekennzeichnet sind;</LA></DD><DT>2.</DT><DD Font="normal"><LA Size="normal">durch Führen einer Flagge oder durch Aufschriften als Wasserrettungsfahrzeuge einer als gemeinnützig anerkannten Körperschaft gekennzeichnet sind;</LA></DD><DT>3.</DT><DD Font="normal"><LA Size="normal">ihren Heimathafen oder -ort und deren Eigentümer ihren Wohnsitz außerhalb des Geltungsbereichs dieser Verordnung haben, bis zu einem Jahr nach Einreise in den Geltungsbereich dieser Verordnung, wenn sie<DL Font="normal" Type="arabic"><DT>a)</DT><DD Font="normal"><LA Size="normal">das nach dem Recht ihres Heimatstaates vorgeschriebene Kennzeichen, verbunden mit dem Nationalitätenkennzeichen, führen oder</LA></DD><DT>b)</DT><DD Font="normal"><LA Size="normal">ihren Namen und Heimathafen oder -ort außen in mindestens 10 cm hohen lateinischen Buchstaben sowie den Namen und Anschrift des Eigentümers an einer innen gut sichtbaren Stelle fest angebracht führen, soweit ein Kennzeichen nicht vorgeschrieben ist;</LA></DD></DL></LA><LA Size="normal">dies gilt nur, soweit Gegenseitigkeit gewährleistet ist;</LA></DD><DT>4.</DT><DD Font="normal"><LA Size="normal">ein nach landesrechtlichen Vorschriften zugeteiltes amtliches Kennzeichen führen, soweit es vom Bundesministerium für Digitales und Verkehr anerkannt worden ist; diese amtlichen Kennzeichen werden im Verkehrsblatt bekanntgemacht.</LA></DD></DL></P></Content></text><fussnoten/></textdaten></norm>
<norm builddate="20251021215502" doknr="BJNR022600995BJNE000603123"><metadaten><jurabk>KlFzKV-BinSch</jurabk><enbez>§ 4</enbez><titel format="XML">Amtliche Kennzeichen</titel></metadaten><textdaten><text format="XML"><Content><P>(1) Das in § 2 genannte Kennzeichen besteht aus einer Kombination von <DL Font="normal" Type="arabic"><DT>1.</DT><DD Font="normal"><LA Size="normal">einem oder mehreren Buchstaben, die das Wasserstraßen- und Schifffahrtsamt erkennen läßt, das das Kennzeichen zugeteilt hat, und</LA></DD><DT>2.</DT><DD Font="normal"><LA Size="normal">Buchstaben und Ziffern, die mit Bindestrich angeschlossen werden.</LA></DD></DL>Die Kennzeichen nach Nummer 1 ergeben sich aus dem fahrzeugzulassungsrechtlichen Unterscheidungszeichen des Verwaltungsbezirkes in dem der zuteilende Dienstort des Wasserstraßen- und Schifffahrtsamtes seinen Sitz hat; Unterscheidungszeichen, die als Wunschkennzeichen gelten, sind nicht zu berücksichtigen. Die Kennzeichen, die auf der Grundlage der am 30. April 2024 geltenden Fassung dieser Verordnung erteilt worden sind, gelten weiter.</P><P>(2) Als amtliche Kennzeichen im Sinne dieser Verordnung gelten auch unverwechselbare Unterscheidungszeichen nach anderen Rechtsvorschriften des Bundes, insbesondere: <DL Font="normal" Type="arabic"><DT>1.</DT><DD Font="normal"><LA Size="normal">bei einem im Binnenschiffsregister eingetragenen Kleinfahrzeug seine im Schiffsbrief ausgewiesene Schiffsregisternummer, gefolgt von dem Kennbuchstaben B, wenn es seinen Namen und Heimat- oder Registerort in der Form des § 2 Abs. 3 führt;</LA></DD><DT>2.</DT><DD Font="normal"><LA Size="normal">bei einem im Seeschiffsregister eingetragenen Kleinfahrzeug seine, soweit erteilt, in § 11 Abs. 1 Nr. 5 der Schiffsregisterordnung in der Fassung der Bekanntmachung vom 26. Mai 1994 (BGBl. I S. 1133) genannte IMO-Nummer oder sein Funkrufzeichen;</LA></DD><DT>3.</DT><DD Font="normal"><LA Size="normal">die Nummer des Flaggenzertifikats (§ 3 Buchstabe d des Flaggenrechtsgesetzes in der Fassung der Bekanntmachung vom 26. Oktober 1994, BGBl. I S. 3140), gefolgt von dem Kennbuchstaben F;</LA></DD><DT>4.</DT><DD Font="normal"><LA Size="normal">die Kennzeichen, die nach Maßgabe des § 1 Nummer 6 der Schiffahrtspolizeilichen Verordnung zur vorübergehenden Abweichung von der Binnenschiffahrtsstraßen-Ordnung vom 11. Juni 1992 (Verkehrsblatt S. 323) zugeteilt worden sind,</LA></DD><DT>5.</DT><DD Font="normal"><LA Size="normal">das Vermietungskennzeichen nach § 7 der Sportbootvermietungsverordnung-Binnen 2000 vom 18. April 2000 (BGBl. I S. 572).</LA></DD></DL></P></Content></text><fussnoten/></textdaten></norm>
<norm builddate="20251021215502" doknr="BJNR022600995BJNE000700000"><metadaten><jurabk>KlFzKV-BinSch</jurabk><enbez>§ 5</enbez><titel format="parat">Amtlich anerkannte Kennzeichen</titel></metadaten><textdaten><text format="XML"><Content><P>Ein Kennzeichen gilt als amtlich anerkannt, wenn es aus der Nummer des Internationalen Bootsscheines für Wassersportfahrzeuge (Resolution Nr. 13 rev. ECE, Verkehrsblatt 1989 S. 120), gefolgt von dem Kennbuchstaben der zuteilenden Organisation besteht. Dabei erhalten der Deutsche Motoryachtverband e. V. den Kennbuchstaben M, der Deutsche Segler-Verband e. V. den Kennbuchstaben S und der Allgemeine Deutsche Automobilclub e. V. den Kennbuchstaben A.</P></Content></text></textdaten></norm>
<norm builddate="20251021215502" doknr="BJNR022600995BJNE000801301"><metadaten><jurabk>KlFzKV-BinSch</jurabk><enbez>§ 6</enbez><titel format="parat">Urkunden</titel></metadaten><textdaten><text format="XML"><Content><P>Zum Nachweis über das zugeteilte Kennzeichen ist an Bord mitzuführen: <DL Font="normal" Type="arabic"><DT>1.</DT><DD Font="normal"><LA Size="normal">in den Fällen des § 4 Abs. 1 der dem Eigentümer des Kleinfahrzeugs ausgestellte Ausweis über das zugeteilte Kennzeichen oder eine amtlich beglaubigte Kopie dieses Ausweises;</LA></DD> <DT>2.</DT><DD Font="normal"><LA Size="normal">in den Fällen des § 4 Abs. 2<DL Font="normal" Type="arabic"><DT>a)</DT><DD Font="normal"><LA Size="normal">der Schiffsbrief oder amtlich beglaubigter Auszug aus dem Schiffsbrief;</LA></DD> <DT>b)</DT><DD Font="normal"><LA Size="normal">das Schiffszertifikat, der amtlich beglaubigte Auszug aus dem Schiffszertifikat oder das Sicherheitszeugnis;</LA></DD> <DT>c)</DT><DD Font="normal"><LA Size="normal">das Flaggenzertifikat;</LA></DD> </DL></LA></DD> <DT>3.</DT><DD Font="normal"><LA Size="normal">in den Fällen des § 5 der Internationale Bootsschein.</LA></DD> </DL>Die in Satz 1 genannten Urkunden sind den zur Kontrolle befugten Personen auf Verlangen zur Prüfung auszuhändigen.</P></Content></text><fussnoten/></textdaten></norm>
<norm builddate="20251021215502" doknr="BJNR022600995BJNG000900000"><metadaten><jurabk>KlFzKV-BinSch</jurabk><gliederungseinheit><gliederungskennzahl>020</gliederungskennzahl><gliederungsbez>II.</gliederungsbez><gliederungstitel>Verfahren</gliederungstitel></gliederungseinheit></metadaten><textdaten><text format="XML"><Content><P/></Content></text></textdaten></norm>
<norm builddate="20251021215502" doknr="BJNR022600995BJNE001007123"><metadaten><jurabk>KlFzKV-BinSch</jurabk><enbez>§ 7</enbez><titel format="XML">Antrag</titel></metadaten><textdaten><text format="XML"><Content><P>(1) Der Eigentümer des Kleinfahrzeugs hat ein amtliches Kennzeichen bei einem Wasserstraßen- und Schifffahrtsamt oder ein amtlich anerkanntes Kennzeichen bei einer der in § 5 genannten Organisationen zu beantragen.</P><P>(2) Der Antrag muss enthalten: <DL Font="normal" Type="arabic"><DT>1.</DT><DD Font="normal"><LA Size="normal">Angaben über den Eigentümer:<DL Font="normal" Type="arabic"><DT>a)</DT><DD Font="normal"><LA Size="normal">bei natürlichen Personen:</LA><LA Size="normal">Familiennamen, Geburtsnamen, Vornamen, Tage und Orte der Geburt, Anschriften,</LA></DD><DT>b)</DT><DD Font="normal"><LA Size="normal">bei juristischen Personen und Behörden:</LA><LA Size="normal">Namen oder Bezeichnungen und Anschriften des Sitzes sowie einen benannten Vertreter mit Familiennamen, Geburtsnamen, Vornamen, Tag und Ort der Geburt und</LA></DD><DT>c)</DT><DD Font="normal"><LA Size="normal">bei Vereinigungen:</LA><LA Size="normal">ein benannter Vertreter mit den Angaben nach Buchstabe a und Name der Vereinigung;</LA></DD></DL></LA></DD><DT>2.</DT><DD Font="normal"><LA Size="normal">die den Erwerb des Eigentums begründenden Tatsachen;</LA></DD><DT>3.</DT><DD Font="normal"><LA Size="normal">Angaben über das Fahrzeug:<DL Font="normal" Type="arabic"><DT>a)</DT><DD Font="normal"><LA Size="normal">die Fahrzeugart und den Hauptbaustoff;</LA></DD><DT>b)</DT><DD Font="normal"><LA Size="normal">das Baujahr;</LA></DD><DT>c)</DT><DD Font="normal"><LA Size="normal">die Breite und Länge des Schiffskörpers ohne Ruder und Bugspriet;</LA></DD><DT>d)</DT><DD Font="normal"><LA Size="normal">den Hersteller, das Fabrikat und die Baunummer oder die internationale Bootsidentifizierungsnummer, soweit diese am Schiffskörper fest angebracht ist;</LA></DD><DT>e)</DT><DD Font="normal"><LA Size="normal">die Motornummer (Seriennummer), den Hersteller, das Fabrikat und die Motorleistung in kW, bei Innenbordmotoren mit Z-Antrieb - soweit vorhanden - auch die Seriennummer des Antriebs;</LA></DD><DT>f)</DT><DD Font="normal"><LA Size="normal">bei Eigentumsänderung das bisherige Kennzeichen;</LA></DD><DT>g)</DT><DD Font="normal"><LA Size="normal">sonstige für die Identität wesentliche Merkmale, zum Beispiel die Wasserverdrängung oder die Antriebsart.</LA></DD></DL></LA></DD></DL>Im Falle eines Eigenbaues ist von diesem mindestens ein Foto vorzulegen. Die Vorlage weiterer Unterlagen, insbesondere zusätzliche Fotos oder Konstruktionszeichnungen, kann verlangt werden. Die Angaben nach Satz 1 Nr. 1 sind, soweit natürliche Personen betroffen sind, durch Vorlage des Personalausweises oder des Reisepasses nachzuweisen; im Übrigen sind die Angaben glaubhaft zu machen. Der Vorlage des Personalausweises oder Reisepasses steht bei schriftlicher oder elektronischer Antragstellung die Beifügung einer Kopie gleich.</P></Content></text><fussnoten/></textdaten></norm>
<norm builddate="20251021215502" doknr="BJNR022600995BJNE001103123"><metadaten><jurabk>KlFzKV-BinSch</jurabk><enbez>§ 8</enbez><titel format="XML">Zuteilung des Kennzeichens, Ausstellung des Ausweises</titel></metadaten><textdaten><text format="XML"><Content><P>(1) Das Wasserstraßen- und Schifffahrtsamt teilt das amtliche Kennzeichen zu. Kennzeichen können auf Antrag auch befristet oder als Wechselkennzeichen für Probe-, Vorführ- oder Überführungsfahrten mit der Auflage zugeteilt werden, ein Fahrtenbuch zu führen.</P><P>(2) Das Wasserstraßen- und Schifffahrtsamt stellt dem Eigentümer einen Ausweis über das zugeteilte Kennzeichen nach dem Muster der Anlage aus.</P><P>(3) Die in § 5 Satz 2 genannten Organisationen teilen das amtlich anerkannte Kennzeichen zu. Der Internationale Bootsschein gilt als Ausweis im Sinne des Absatzes 2.</P><P>(4) Ist ein Ausweis unbrauchbar geworden, verlorengegangen oder sonst abhanden gekommen, stellt die ausstellende Stelle auf Antrag eine Ersatzausfertigung aus, die als solche zu kennzeichnen ist. Ein unbrauchbar gewordener oder wieder aufgefundener Ausweis ist der ausstellenden Stelle unverzüglich zurückzugeben oder ihr zur Entwertung vorzulegen. Wird die Unbrauchbarkeit eines Ausweises elektronisch mitgeteilt, ist diese glaubhaft zu machen. Hierzu ist die Übermittlung eines aussagekräftigen Bildes zusammen mit der elektronischen Mitteilung ausreichend.</P></Content></text><fussnoten/></textdaten></norm>
<norm builddate="20251021215502" doknr="BJNR022600995BJNE001205123"><metadaten><jurabk>KlFzKV-BinSch</jurabk><enbez>§ 9</enbez><titel format="XML">Änderungen</titel></metadaten><textdaten><text format="XML"><Content><P>(1) Der Eigentümer hat den ausstellenden Stellen unverzüglich mitzuteilen, wenn sich <DL Font="normal" Type="arabic"><DT>1.</DT><DD Font="normal"><LA Size="normal">sein Name oder seine Anschrift,</LA></DD><DT>2.</DT><DD Font="normal"><LA Size="normal">die im Antrag zu § 7 Absatz 2 Satz 1 Nummer 3 Buchstabe c, e und g gemachten Angaben oder</LA></DD><DT>3.</DT><DD Font="normal"><LA Size="normal">die Eigentumsverhältnisse</LA></DD></DL>geändert haben. In diesen Fällen ist der Ausweis zur Berichtigung vorzulegen. Wird eine Änderung nach Satz 1 elektronisch mitgeteilt, ist der bisherige Ausweis unbrauchbar zu machen. Die Unbrauchbarkeit ist glaubhaft zu machen. Hierzu ist die Übermittlung eines aussagekräftigen Bildes zusammen mit der elektronischen Mitteilung ausreichend. Die Sätze 2 bis 5 gelten auch, wenn das Kleinfahrzeug zerstört wird, für den Verkehr auf Binnenschifffahrtsstraßen nicht mehr geeignet ist oder abgemeldet werden soll.</P><P>(2) Im Falle einer Wohnsitz- oder Eigentumsänderung kann das Wasserstraßen- und Schifffahrtsamt die Beibehaltung des bisherigen Kennzeichens zulassen.</P><P>(3) Der Eigentümer hat ein ungültiges oder ungültig gewordenes Kennzeichen unverzüglich zu entfernen oder unkenntlich zu machen. Dies gilt auch, wenn er das Kleinfahrzeug abgemeldet hat.</P></Content></text><fussnoten/></textdaten></norm>
<norm builddate="20251021215502" doknr="BJNR022600995BJNG001300000"><metadaten><jurabk>KlFzKV-BinSch</jurabk><gliederungseinheit><gliederungskennzahl>030</gliederungskennzahl><gliederungsbez>III.</gliederungsbez><gliederungstitel>Schlußvorschriften</gliederungstitel></gliederungseinheit></metadaten><textdaten><text format="XML"><Content><P/></Content></text></textdaten></norm>
<norm builddate="20251021215502" doknr="BJNR022600995BJNE001401308"><metadaten><jurabk>KlFzKV-BinSch</jurabk><enbez>§ 10</enbez><titel format="parat">(weggefallen)</titel></metadaten><textdaten><text format="XML"><Content><P>-</P></Content></text><fussnoten/></textdaten></norm>
<norm builddate="20251021215502" doknr="BJNR022600995BJNE001503123"><metadaten><jurabk>KlFzKV-BinSch</jurabk><enbez>§ 11</enbez><titel format="XML">Ordnungswidrigkeiten</titel></metadaten><textdaten><text format="XML"><Content><P>Ordnungswidrig im Sinne des § 7 Abs. 1 des Binnenschiffahrtsaufgabengesetzes handelt, wer vorsätzlich oder fahrlässig <DL Font="normal" Type="arabic"><DT>1.</DT><DD Font="normal"><LA Size="normal">als Schiffsführer<DL Font="normal" Type="arabic"><DT>a)</DT><DD Font="normal"><LA Size="normal">entgegen § 2 Abs. 1 Satz 1 oder Abs. 5 ein Kleinfahrzeug führt,</LA></DD><DT>b)</DT><DD Font="normal"><LA Size="normal">entgegen § 2 Abs. 1 Satz 2 ein anderes als das dort genannte Nationalitätenkennzeichen verwendet,</LA></DD><DT>c)</DT><DD Font="normal"><LA Size="normal">entgegen § 2 Abs. 1 Satz 4 nicht dafür sorgt, daß das Kennzeichen jederzeit deutlich sichtbar oder lesbar ist,</LA></DD><DT>d)</DT><DD Font="normal"><LA Size="normal">entgegen § 6 Satz 1 eine dort genannte Urkunde an Bord nicht mitführt oder</LA></DD><DT>e)</DT><DD Font="normal"><LA Size="normal">entgegen § 6 Satz 2 eine dort genannte Urkunde nicht, nicht richtig, nicht vollständig oder nicht rechtzeitig zur Prüfung aushändigt.</LA></DD></DL></LA></DD><DT>2.</DT><DD Font="normal"><LA Size="normal">als Eigentümer eines Kleinfahrzeugs<DL Font="normal" Type="arabic"><DT>a)</DT><DD Font="normal"><LA Size="normal">entgegen § 2 Abs. 3 Satz 1 ein Kennzeichen nicht oder nicht in der vorgeschriebenen Weise anbringt,</LA></DD><DT>b)</DT><DD Font="normal"><LA Size="normal">entgegen § 2 Abs. 3 Satz 2 ein anderes als das dort genannte Nationalitätenkennzeichen verwendet,</LA></DD><DT>c)</DT><DD Font="normal"><LA Size="normal">entgegen § 2 Abs. 3 Satz 3 anordnet oder zuläßt, daß der Schiffsführer ein Kleinfahrzeug führt,</LA></DD><DT>d)</DT><DD Font="normal"><LA Size="normal">entgegen § 2 Abs. 3 Satz 4 mehr als ein Kennzeichen anbringt,</LA></DD><DT>e)</DT><DD Font="normal"><LA Size="normal">einer vollziehbaren Auflage nach § 8 Abs. 1 Satz 2 zuwiderhandelt,</LA></DD><DT>f)</DT><DD Font="normal"><LA Size="normal">entgegen § 9 Abs. 1 Satz 1 eine Mitteilung nicht oder nicht rechtzeitig macht,</LA></DD><DT>g)</DT><DD Font="normal"><LA Size="normal">entgegen § 9 Abs. 1 Satz 2 oder 3 den Ausweis nicht vorlegt oder</LA></DD><DT>h)</DT><DD Font="normal"><LA Size="normal">entgegen § 9 Abs. 3 Satz 1 ein Kennzeichen nicht oder nicht rechtzeitig entfernt und nicht oder nicht rechtzeitig unkenntlich macht.</LA></DD></DL></LA></DD></DL></P></Content></text><fussnoten/></textdaten></norm>
<norm builddate="20251021215502" doknr="BJNR022600995BJNE001600000"><metadaten><jurabk>KlFzKV-BinSch</jurabk><enbez>§ 12</enbez></metadaten><textdaten><text format="XML"><Content><P>-</P></Content></text><fussnoten/></textdaten></norm>
<norm builddate="20251021215502" doknr="BJNR022600995BJNE001700000"><metadaten><jurabk>KlFzKV-BinSch</jurabk><enbez>§ 13</enbez></metadaten><textdaten><text format="XML"><Content><P>-</P></Content></text><fussnoten/></textdaten></norm>
<norm builddate="20251021215502" doknr="BJNR022600995BJNE001800000"><metadaten><jurabk>KlFzKV-BinSch</jurabk><enbez>§ 14</enbez><titel format="parat">Inkrafttreten, Außerkrafttreten</titel></metadaten><textdaten><text format="XML"><Content><P>(1) Diese Verordnung tritt vorbehaltlich des Satzes 2 am 1. März 1995 in Kraft. Abweichend von Satz 1 treten in Kraft: <DL Font="normal" Type="arabic"><DT>1.</DT><DD Font="normal"><LA Size="normal">§ 2 Abs. 1 und § 11 Nr. 1 Buchstabe a, b, Nr. 2 Buchstabe a am 1. Mai 1995 für Kleinfahrzeuge mit einer Antriebsmaschine, deren effektive Nutzleistung mehr als 3,68 kW beträgt;</LA></DD> <DT>2.</DT><DD Font="normal"><LA Size="normal">§ 2 Abs. 1 und § 11 Nr. 1 Buchstabe a, b, Nr. 2 Buchstabe a am 1. Mai 1996 für die übrigen Kleinfahrzeuge mit Antriebsmaschine;</LA></DD> <DT>3.</DT><DD Font="normal"><LA Size="normal">§ 2 Abs. 1 und § 11 Nr. 1 Buchstabe a, b, Nr. 2 Buchstabe a am 1. Mai 1997 für Kleinfahrzeuge unter Segel.</LA></DD> </DL>(2) Mit Ablauf des 28. Februar 1995 treten außer Kraft: <BR/>1. <BR/>2. <DL Font="normal" Type="arabic"><DT>3.</DT><DD Font="normal"><LA Size="normal">die Verordnung über die Kennzeichnung von Kleinfahrzeugen, die mit Motorkraft angetrieben werden, auf den Bundeswasserstraßen im Bereich der Wasser- und Schiffahrtsdirektion Hannover vom 26. Juli 1961 (Verkehrsblatt S. 391), geändert durch die Verordnung vom 8. August 1969 (Verkehrsblatt S. 535), mit Ausnahme des § 2 für Kleinfahrzeuge mit Antriebsmaschine;</LA></DD> <DT>4.</DT><DD Font="normal"><LA Size="normal">die Schiffahrtspolizeiliche Verordnung über die Kennzeichnung der Sportfahrzeuge auf den Westdeutschen Kanälen im Bereich der Wasser- und Schiffahrtsdirektionen Münster, Aurich und Bremen vom 1., 7. und 9. Juli 1970 (Verkehrsblatt S. 490) mit Ausnahme des § 1 für Kleinfahrzeuge mit Antriebsmaschine oder unter Segel;</LA></DD> <DT>5.</DT><DD Font="normal"><LA Size="normal">die Schiffahrtspolizeiliche Anordnung über die Kennzeichnung der Kleinfahrzeuge auf den Bundeswasserstraßen Main, Regnitz und Main-Donau-Kanal im Bereich der Wasser- und Schiffahrtsdirektion Würzburg vom 6. März 1968 (Verkehrsblatt S. 127), geändert durch Verordnung vom 5. März 1992 (Verkehrsblatt S. 87), mit Ausnahme des § 2;</LA></DD> <DT>6.</DT><DD Font="normal"><LA Size="normal">die Verordnung über die Kennzeichnung der Kleinfahrzeuge auf der Bundeswasserstraße Donau vom 24. Juni 1968 (Verkehrsblatt S. 613) mit Ausnahme des § 2;</LA></DD> <DT>7.</DT><DD Font="normal"><LA Size="normal">§ 1 Nr. 6 der Schiffahrtspolizeilichen Verordnung zur vorübergehenden Abweichung von der Binnenschiffahrtsstraßen-Ordnung vom 11. Juni 1992 (Verkehrsblatt S. 323) mit Ausnahme des Buchstabens a.</LA></DD> </DL> </P><P>(3) Die in Absatz 2 Nr. 3 bis 7 ausgenommenen Vorschriften der dort genannten Verordnungen treten außer Kraft: <DL Font="normal" Type="arabic"><DT>1.</DT><DD Font="normal"><LA Size="normal">am 1. Mai 1995 für Kleinfahrzeuge mit einer Antriebsmaschine, deren größte Nutzleistung mehr als 3,68 kW beträgt,</LA></DD> <DT>2.</DT><DD Font="normal"><LA Size="normal">am 1. Mai 1996 für die übrigen Kleinfahrzeuge mit Antriebsmaschine,</LA></DD> <DT>3.</DT><DD Font="normal"><LA Size="normal">im übrigen am 1. Mai 1997.</LA></DD> </DL></P></Content></text><fussnoten/></textdaten></norm>
<norm builddate="20251021215502" doknr="BJNR022600995BJNE002003119"><metadaten><jurabk>KlFzKV-BinSch</jurabk><enbez>Anlage</enbez><titel format="XML">(zu § 8 Abs. 2)</titel></metadaten><textdaten><text format="XML"><Content><P><noindex><kommentar typ="Fundstelle">(Fundstelle: BGBl. 2025 I Nr. 242, S. 56)</kommentar></noindex></P><P>Vorderseiten</P><P><IMG Align="center" Height="1056" Pos="inline" SRC="bgbl1_2025_j02420_0480.jpg" Type="jpg" Units="" Width="2301" alt="Die Abbildung zeigt das Muster für die Vorderseite des Ausweises über das Kleinfahrzeugkennzeichen."/></P><P>Rückseiten</P><P><IMG Align="center" Height="828" Pos="inline" SRC="bgbl1_2025_j02420_0490.jpg" Type="jpg" Units="" Width="1812" alt="Die Abbildung zeigt das Muster für die Rückseite des Ausweises über das Kleinfahrzeugkennzeichen."/></P></Content></text><fussnoten/></textdaten></norm>
</dokumente>