<?xml version="1.0" encoding="UTF-8" ?><!DOCTYPE dokumente SYSTEM "http://www.gesetze-im-internet.de/dtd/1.01/gii-norm.dtd">
<dokumente builddate="20140731220700" doknr="BJNR207410002"><norm builddate="20140731220700" doknr="BJNR207410002"><metadaten><jurabk>ZRBG</jurabk><ausfertigung-datum manuell="ja">2002-06-20</ausfertigung-datum><fundstelle typ="amtlich"><periodikum>BGBl I</periodikum><zitstelle>2002, 2074</zitstelle></fundstelle><langue>Gesetz zur Zahlbarmachung von Renten aus Beschäftigungen in einem Ghetto</langue><standangabe checked="ja"><standtyp>Stand</standtyp><standkommentar>Geändert durch Art. 1 G v. 15.7.2014 I 952</standkommentar></standangabe></metadaten><textdaten><text format="XML"><Content><P/></Content></text><fussnoten><Content><P><BR/> <pre xml:space="preserve">(+++ Textnachweis ab: 1.7.1997 +++)<BR/><BR/></pre>Das G wurde als Artikel 1 d. G v. 20.6.2002 I 2074 vom Bundestag erlassen. Es ist gem. Art. 3 Abs. 2 dieses G am 1.7.1997 in Kraft getreten.</P></Content></fussnoten></textdaten></norm>
<norm builddate="20140731220700" doknr="BJNR207410002BJNE000101377"><metadaten><jurabk>ZRBG</jurabk><enbez>§ 1</enbez><titel format="XML">Anwendungsbereich</titel></metadaten><textdaten><text format="XML"><Content><P>(1) Dieses Gesetz gilt für Zeiten der Beschäftigung von Verfolgten in einem Ghetto, die sich dort zwangsweise aufgehalten haben, wenn <DL Font="normal" Type="arabic"><DT>1.</DT><DD Font="normal"><LA Size="normal">die Beschäftigung<DL Font="normal" Type="arabic"><DT>a)</DT><DD Font="normal"><LA Size="normal">aus eigenem Willensentschluss zustande gekommen ist,</LA></DD><DT>b)</DT><DD Font="normal"><LA Size="normal">gegen Entgelt ausgeübt wurde und</LA></DD></DL></LA></DD><DT>2.</DT><DD Font="normal"><LA Size="normal">das Ghetto in einem Gebiet des nationalsozialistischen Einflussbereichs lag,</LA></DD></DL>soweit für diese Zeiten nicht bereits eine Leistung aus einem System der sozialen Sicherheit erbracht wird. Als System der sozialen Sicherheit ist jedes System anzusehen, in das in abhängiger Beschäftigung stehende Personen durch öffentlich-rechtlichen Zwang einbezogen wurden, um sie und ihre Hinterbliebenen für den Fall der Minderung der Erwerbsfähigkeit, des Alters und des Todes oder für einen oder mehrere dieser Fälle durch regelmäßig wiederkehrende Geldleistungen zu sichern.</P><P>(2) Dieses Gesetz ergänzt die rentenrechtlichen Vorschriften des Gesetzes zur Regelung der Wiedergutmachung nationalsozialistischen Unrechts in der Sozialversicherung.</P><P>(3) Ein Anspruch auf eine Rente besteht auch, wenn die zur Leistungspflicht nach zwischen- oder überstaatlichem Recht erforderliche Mindestanzahl an rentenrechtlichen Zeiten für die Berechnung der Rente nicht vorliegt.</P><P>(4) Die auf Grund dieses Gesetzes gezahlten Renten gelten nicht als Leistungen der sozialen Sicherheit.</P></Content></text><fussnoten/></textdaten></norm>
<norm builddate="20140731220700" doknr="BJNR207410002BJNE000200000"><metadaten><jurabk>ZRBG</jurabk><enbez>§ 2</enbez><titel format="parat">Fiktion der Beitragszahlung</titel></metadaten><textdaten><text format="XML"><Content><P>(1) Für Zeiten der Beschäftigung von Verfolgten in einem Ghetto gelten Beiträge als gezahlt, und zwar <DL Font="normal" Type="arabic"><DT>1.</DT><DD Font="normal"><LA Size="normal">für die Berechnung der Rente als Beiträge nach den Reichsversicherungsgesetzen für eine Beschäftigung außerhalb des Bundesgebiets sowie</LA></DD> <DT>2.</DT><DD Font="normal"><LA Size="normal">für die Erbringung von Leistungen ins Ausland als Beiträge für eine Beschäftigung im Bundesgebiet</LA></DD> </DL>(Ghetto-Beitragszeiten).</P><P>(2) Zusätzliche Entgeltpunkte für Beitragszeiten außerhalb des Bundesgebiets sind auf Grund von Ghetto-Beitragszeiten nicht zu ermitteln.</P></Content> </text></textdaten></norm>
<norm builddate="20140731220700" doknr="BJNR207410002BJNE000301377"><metadaten><jurabk>ZRBG</jurabk><enbez>§ 3</enbez><titel format="XML">Besonderheiten beim Rentenbeginn und Neufeststellung</titel></metadaten><textdaten><text format="XML"><Content><P>(1) Ein Antrag auf Rente aus der gesetzlichen Rentenversicherung gilt als am 18. Juni 1997 gestellt. Bei Hinterbliebenenrenten gilt der Rentenantrag frühestens mit dem Todestag als gestellt, wenn der Verfolgte nach dem 17. Juni 1997 verstorben ist.</P><P>(2) Für die Ermittlung des Zugangsfaktors gilt die Wartezeit als mit Vollendung des 65. Lebensjahres erfüllt und die Rente wegen Alters bis zum Rentenbeginn als nicht in Anspruch genommen.</P><P>(3) Auf Renten mit Zeiten nach diesem Gesetz ist § 44 Absatz 4 des Zehnten Buches Sozialgesetzbuch nicht anzuwenden.</P><P>(4) Wurde eine Rente nach diesem Gesetz in der Fassung bis zum 31. Juli 2014 unter Anwendung des § 44 Absatz 4 des Zehnten Buches Sozialgesetzbuch bewilligt, so wird die Rente auf Antrag vom frühestmöglichen Rentenbeginn an neu festgestellt.</P><P>(5) Wurde eine Rente nach diesem Gesetz in der Fassung bis zum 31. Juli 2014 wegen verspäteter Antragstellung nicht vom frühestmöglichen Rentenbeginn an bewilligt, so wird die Rente auf Antrag vom frühestmöglichen Rentenbeginn an neu festgestellt.</P><P>(6) Wird die Rente nach Absatz 4 oder 5 neu festgestellt, ist damit der bisherige Rentenbescheid aufgehoben. Die Überzahlung, die sich aus der verminderten Rentenhöhe ergibt, ist mit der Nachzahlung aufzurechnen.</P><P>(7) Der zuständige Rentenversicherungsträger hat die Berechtigten über die Möglichkeit der Neufeststellung auf Antrag und die sich aus einer Neufeststellung ergebenden individuellen Auswirkungen auf den Rentenanspruch zu informieren.</P></Content></text><fussnoten/></textdaten></norm>
<norm builddate="20140731220700" doknr="BJNR207410002BJNE000400377"><metadaten><jurabk>ZRBG</jurabk><enbez>§ 4</enbez><titel format="XML">Auszahlung</titel></metadaten><textdaten><text format="XML"><Content><P>Renten mit Zeiten nach diesem Gesetz sollen nur unmittelbar an die Berechtigten gezahlt werden.</P></Content></text><fussnoten/></textdaten></norm>
<norm builddate="20140731220700" doknr="BJNR207410002BJNE000500377"><metadaten><jurabk>ZRBG</jurabk><enbez>§ 5</enbez><titel format="XML">Verzinsung</titel></metadaten><textdaten><text format="XML"><Content><P>(1) Fälligkeitszeitpunkt im Sinne von § 44 Absatz 1 des Ersten Buches Sozialgesetzbuch ist bei Renten mit Zeiten nach diesem Gesetz frühestens der 27. Juni 2002.</P><P>(2) In den Fällen des § 3 Absatz 4 und 5 beginnt die Verzinsung frühestens nach Ablauf von sechs Kalendermonaten nach Eingang des ersten vollständigen Leistungsantrags beim zuständigen Leistungsträger; § 44 Absatz 2 des Ersten Buches Sozialgesetzbuch gilt nicht.</P></Content></text><fussnoten/></textdaten></norm>
</dokumente>