<?xml version="1.0" encoding="UTF-8" ?><!DOCTYPE dokumente SYSTEM "http://www.gesetze-im-internet.de/dtd/1.01/gii-norm.dtd">
<dokumente builddate="20210615213156" doknr="BJNR117900015"><norm builddate="20210615213156" doknr="BJNR117900015"><metadaten><jurabk>BetonFBAusbV</jurabk><amtabk>BetonFBAusbV</amtabk><ausfertigung-datum manuell="ja">2015-07-13</ausfertigung-datum><fundstelle typ="amtlich"><periodikum>BGBl I</periodikum><zitstelle>2015, 1179</zitstelle></fundstelle><kurzue>Betonfertigteilbauerausbildungsverordnung</kurzue><langue>Verordnung über die Berufsausbildung zum Betonfertigteilbauer und zur Betonfertigteilbauerin<FnR ID="F1_790397_BJNR117900015"/></langue><standangabe checked="ja"><standtyp>Stand</standtyp><standkommentar>Geändert durch Art. 1 V v. 26.11.2015 I 2109</standkommentar></standangabe></metadaten><textdaten><text format="XML"><Footnotes><Footnote FnZ="*" Group="column" ID="F1_790397_BJNR117900015" Pos="normal"><noindex>Diese Rechtsverordnung ist eine Ausbildungsordnung im Sinne des § 4 des Berufsbildungsgesetzes. Die Ausbildungsordnung und der damit abgestimmte, von der Ständigen Konferenz der Kultusminister der Länder in der Bundesrepublik Deutschland beschlossene Rahmenlehrplan für die Berufsschule werden demnächst im amtlichen Teil des Bundesanzeigers veröffentlicht.</noindex></Footnote></Footnotes></text><fussnoten><Content><P><BR/> <pre xml:space="preserve">(+++ Textnachweis ab: 1.8.2015 +++)<BR/><BR/></pre></P></Content></fussnoten></textdaten></norm>
<norm builddate="20210615213156" doknr="BJNR117900015BJNE000100000"><metadaten><jurabk>BetonFBAusbV</jurabk><enbez>Eingangsformel</enbez></metadaten><textdaten><text format="XML"><Content><P>Auf Grund des § 4 Absatz 1 des Berufsbildungsgesetzes, der durch Artikel 232 Nummer 1 der Verordnung vom 31. Oktober 2006 (BGBl. I S. 2407) geändert worden ist, in Verbindung mit § 1 Absatz 2 des Zuständigkeitsanpassungsgesetzes vom 16. August 2002 (BGBl. I S. 3165) und dem Organisationserlass vom 17. Dezember 2013 (BGBl. I S. 4310) verordnet das Bundesministerium für Wirtschaft und Energie im Einvernehmen mit dem Bundesministerium für Bildung und Forschung:</P></Content></text></textdaten></norm>
<norm builddate="20210615213156" doknr="BJNR117900015BJNE000200000"><metadaten><jurabk>BetonFBAusbV</jurabk><enbez>Inhaltsübersicht</enbez></metadaten><textdaten><text format="XML"><TOC><Ident Class="S0">Abschnitt 1</Ident><Title Align="auto" Class="S0">Gegenstand, Dauer<BR/> und Gliederung der Berufsausbildung</Title><P/><table colsep="0" frame="none" pgwide="1" rowsep="0" tocentry="%yes;"><tgroup align="left" char="" charoff="50" cols="2"><colspec colname="col1" colwidth="10*"/><colspec colname="col2" colwidth="100*"/><tbody valign="top"><row><entry VJ="1" colname="col1">§  1</entry><entry VJ="1" colname="col2">Staatliche Anerkennung des Ausbildungsberufes</entry></row><row><entry VJ="1" colname="col1">§  2</entry><entry VJ="1" colname="col2">Dauer der Berufsausbildung</entry></row><row><entry VJ="1" colname="col1">§  3</entry><entry VJ="1" colname="col2">Gegenstand der Berufsausbildung und Ausbildungsrahmenplan</entry></row><row><entry VJ="1" colname="col1">§  4</entry><entry VJ="1" colname="col2">Struktur der Berufsausbildung, Ausbildungsberufsbild</entry></row><row><entry VJ="1" colname="col1">§  5</entry><entry VJ="1" colname="col2">Ausbildungsplan</entry></row><row><entry VJ="1" colname="col1">§  6</entry><entry VJ="1" colname="col2">Schriftlicher Ausbildungsnachweis</entry></row></tbody></tgroup></table><P/><Ident Class="S0">Abschnitt 2</Ident><Title Align="auto" Class="S0">Zwischenprüfung</Title><P/><table colsep="0" frame="none" pgwide="1" rowsep="0" tocentry="%yes;"><tgroup align="left" char="" charoff="50" cols="2"><colspec colname="col1" colwidth="10*"/><colspec colname="col2" colwidth="100*"/><tbody valign="top"><row><entry VJ="1" colname="col1">§  7</entry><entry VJ="1" colname="col2">Ziel und Zeitpunkt</entry></row><row><entry VJ="1" colname="col1">§  8</entry><entry VJ="1" colname="col2">Inhalt</entry></row><row><entry VJ="1" colname="col1">§  9</entry><entry VJ="1" colname="col2">Prüfungsbereiche</entry></row><row><entry VJ="1" colname="col1">§ 10</entry><entry VJ="1" colname="col2">Prüfungsbereich Herstellen von Schalungen und Bewehrungen</entry></row><row><entry VJ="1" colname="col1">§ 11</entry><entry VJ="1" colname="col2">Prüfungsbereich Herstellen und Prüfen von Beton</entry></row></tbody></tgroup></table><P/><Ident Class="S0">Abschnitt 3</Ident><Title Align="auto" Class="S0">Abschlussprüfung</Title><P/><table colsep="0" frame="none" pgwide="1" rowsep="0" tocentry="%yes;"><tgroup align="left" char="" charoff="50" cols="2"><colspec colname="col1" colwidth="10*"/><colspec colname="col2" colwidth="100*"/><tbody valign="top"><row><entry VJ="1" colname="col1">§ 12</entry><entry VJ="1" colname="col2">Ziel und Zeitpunkt</entry></row><row><entry VJ="1" colname="col1">§ 13</entry><entry VJ="1" colname="col2">Inhalt</entry></row><row><entry VJ="1" colname="col1">§ 14</entry><entry VJ="1" colname="col2">Prüfungsbereiche</entry></row><row><entry VJ="1" colname="col1">§ 15</entry><entry VJ="1" colname="col2">Prüfungsbereich Betonfertigteilherstellung</entry></row><row><entry VJ="1" colname="col1">§ 16</entry><entry VJ="1" colname="col2">Prüfungsbereich Betontechnologie und Oberflächengestaltung</entry></row><row><entry VJ="1" colname="col1">§ 17</entry><entry VJ="1" colname="col2">Prüfungsbereich Betonfertigteile</entry></row><row><entry VJ="1" colname="col1">§ 18</entry><entry VJ="1" colname="col2">Prüfungsbereich Wirtschafts- und Sozialkunde</entry></row><row><entry VJ="1" colname="col1">§ 19</entry><entry VJ="1" colname="col2">Gewichtung der Prüfungsbereiche und Anforderungen für das Bestehen der Abschlussprüfung</entry></row></tbody></tgroup></table><P/><Ident Class="S0">Abschnitt 4</Ident><Title Align="auto" Class="S0">Schlussvorschriften</Title><P/><table colsep="0" frame="none" pgwide="1" rowsep="0" tocentry="%yes;"><tgroup align="left" char="" charoff="50" cols="2"><colspec colname="col1" colwidth="10*"/><colspec colname="col2" colwidth="100*"/><tbody valign="top"><row><entry VJ="1" colname="col1">§ 20</entry><entry VJ="1" colname="col2">Bestehende Berufsausbildungsverhältnisse</entry></row><row><entry VJ="1" colname="col1">§ 21</entry><entry VJ="1" colname="col2">Inkrafttreten</entry></row></tbody></tgroup></table><P/><table colsep="0" frame="none" pgwide="1" rowsep="0" tocentry="%yes;"><tgroup align="left" char="" charoff="50" cols="2"><colspec colname="col1" colwidth="15*"/><colspec colname="col2" colwidth="100*"/><tbody valign="top"><row><entry VJ="1" colname="col1">Anlage:</entry><entry VJ="1" colname="col2">Ausbildungsrahmenplan für die Berufsausbildung zum Betonfertigteilbauer und zur Betonfertigteilbauerin</entry></row></tbody></tgroup></table></TOC></text></textdaten></norm>
<norm builddate="20210615213156" doknr="BJNR117900015BJNG000100000"><metadaten><jurabk>BetonFBAusbV</jurabk><gliederungseinheit><gliederungskennzahl>010</gliederungskennzahl><gliederungsbez>Abschnitt 1</gliederungsbez><gliederungstitel>Gegenstand, Dauer und Gliederung der Berufsausbildung</gliederungstitel></gliederungseinheit></metadaten><textdaten/></norm>
<norm builddate="20210615213156" doknr="BJNR117900015BJNE000300000"><metadaten><jurabk>BetonFBAusbV</jurabk><enbez>§ 1</enbez><titel format="XML">Staatliche Anerkennung des Ausbildungsberufes</titel></metadaten><textdaten><text format="XML"><Content><P>Der Ausbildungsberuf des Betonfertigteilbauers und der Betonfertigteilbauerin wird nach § 4 Absatz 1 des Berufsbildungsgesetzes staatlich anerkannt.</P></Content></text></textdaten></norm>
<norm builddate="20210615213156" doknr="BJNR117900015BJNE000400000"><metadaten><jurabk>BetonFBAusbV</jurabk><enbez>§ 2</enbez><titel format="XML">Dauer der Berufsausbildung</titel></metadaten><textdaten><text format="XML"><Content><P>Die Berufsausbildung dauert drei Jahre.</P></Content></text></textdaten></norm>
<norm builddate="20210615213156" doknr="BJNR117900015BJNE000500000"><metadaten><jurabk>BetonFBAusbV</jurabk><enbez>§ 3</enbez><titel format="XML">Gegenstand der Berufsausbildung und Ausbildungsrahmenplan</titel></metadaten><textdaten><text format="XML"><Content><P>(1) Gegenstand der Berufsausbildung sind mindestens die im Ausbildungsrahmenplan (Anlage) genannten Fertigkeiten, Kenntnisse und Fähigkeiten. Von der Organisation der Berufsausbildung, wie sie im Ausbildungsrahmenplan vorgegeben ist, darf abgewichen werden, wenn und soweit betriebspraktische Besonderheiten oder Gründe, die in der Person des oder der Auszubildenden liegen, die Abweichung erfordern.</P><P>(2) Die im Ausbildungsrahmenplan genannten Fertigkeiten, Kenntnisse und Fähigkeiten sollen so vermittelt werden, dass die Auszubildenden die berufliche Handlungsfähigkeit nach § 1 Absatz 3 des Berufsbildungsgesetzes erlangen. Die berufliche Handlungsfähigkeit schließt insbesondere selbständiges Planen, Durchführen und Kontrollieren ein.</P></Content></text></textdaten></norm>
<norm builddate="20210615213156" doknr="BJNR117900015BJNE000600000"><metadaten><jurabk>BetonFBAusbV</jurabk><enbez>§ 4</enbez><titel format="XML">Struktur der Berufsausbildung, Ausbildungsberufsbild</titel></metadaten><textdaten><text format="XML"><Content><P>(1) Die Berufsausbildung gliedert sich in: <DL Type="arabic"><DT>1.</DT><DD Font="normal"><LA>berufsprofilgebende Fertigkeiten, Kenntnisse und Fähigkeiten sowie</LA></DD><DT>2.</DT><DD Font="normal"><LA>integrativ zu vermittelnde Fertigkeiten, Kenntnisse und Fähigkeiten.</LA></DD></DL>Die Fertigkeiten, Kenntnisse und Fähigkeiten werden in Berufsbildpositionen als Teil des Ausbildungsberufsbildes gebündelt.</P><P>(2) Die Berufsbildpositionen der berufsprofilgebenden Fertigkeiten, Kenntnisse und Fähigkeiten sind: <DL Type="arabic"><DT>1.</DT><DD Font="normal"><LA>Anfertigen und Anwenden technischer Unterlagen,</LA></DD><DT>2.</DT><DD Font="normal"><LA>Herstellen und Einsetzen von Schalungen und Formen,</LA></DD><DT>3.</DT><DD Font="normal"><LA>Herstellen und Einbauen von Bewehrungen und Verstärkungen,</LA></DD><DT>4.</DT><DD Font="normal"><LA>Herstellen und Prüfen von Betonen, Vorsatzbetonen und Mörtel,</LA></DD><DT>5.</DT><DD Font="normal"><LA>Herstellen von Betonfertigteilen und Betonwaren,</LA></DD><DT>6.</DT><DD Font="normal"><LA>Entschalen, Behandeln, Transportieren und Lagern von Betonfertigteilen und Betonwaren,</LA></DD><DT>7.</DT><DD Font="normal"><LA>Ausbessern von Betonfertigteilen und Betonwaren,</LA></DD><DT>8.</DT><DD Font="normal"><LA>Gestalten und Behandeln von Oberflächen,</LA></DD><DT>9.</DT><DD Font="normal"><LA>Einbauen von Betonfertigteilen und Betonwaren sowie</LA></DD><DT>10.</DT><DD Font="normal"><LA>Herstellen von Spannbetonfertigteilen.</LA></DD></DL></P><P>(3) Die Berufsbildpositionen der integrativ zu vermittelnden Fertigkeiten, Kenntnisse und Fähigkeiten sind: <DL Type="arabic"><DT>1.</DT><DD Font="normal"><LA>Berufsbildung, Arbeits- und Tarifrecht,</LA></DD><DT>2.</DT><DD Font="normal"><LA>Aufbau und Organisation des Ausbildungsbetriebes,</LA></DD><DT>3.</DT><DD Font="normal"><LA>Sicherheit und Gesundheitsschutz bei der Arbeit,</LA></DD><DT>4.</DT><DD Font="normal"><LA>Umweltschutz,</LA></DD><DT>5.</DT><DD Font="normal"><LA>Umgehen mit Gefahrstoffen,</LA></DD><DT>6.</DT><DD Font="normal"><LA>Anwenden von Informations- und Kommunikationstechniken,</LA></DD><DT>7.</DT><DD Font="normal"><LA>Planen und Vorbereiten von Arbeitsabläufen,</LA></DD><DT>8.</DT><DD Font="normal"><LA>Bedienen, Reinigen, Pflegen und Warten von Werkzeugen, Geräten, Maschinen und technischen Einrichtungen sowie</LA></DD><DT>9.</DT><DD Font="normal"><LA>Durchführen von qualitätssichernden Maßnahmen, Dokumentation und Kundenorientierung.</LA></DD></DL></P></Content></text></textdaten></norm>
<norm builddate="20210615213156" doknr="BJNR117900015BJNE000700000"><metadaten><jurabk>BetonFBAusbV</jurabk><enbez>§ 5</enbez><titel format="XML">Ausbildungsplan</titel></metadaten><textdaten><text format="XML"><Content><P>Die Ausbildenden haben spätestens zu Beginn der Ausbildung auf der Grundlage des Ausbildungsrahmenplans für jeden Auszubildenden und für jede Auszubildende einen Ausbildungsplan zu erstellen.</P></Content></text></textdaten></norm>
<norm builddate="20210615213156" doknr="BJNR117900015BJNE000800000"><metadaten><jurabk>BetonFBAusbV</jurabk><enbez>§ 6</enbez><titel format="XML">Schriftlicher Ausbildungsnachweis</titel></metadaten><textdaten><text format="XML"><Content><P>(1) Die Auszubildenden haben einen schriftlichen Ausbildungsnachweis zu führen. Dazu ist ihnen während der Ausbildungszeit Gelegenheit zu geben.</P><P>(2) Die Ausbildenden haben den schriftlichen Ausbildungsnachweis regelmäßig durchzusehen.</P></Content></text></textdaten></norm>
<norm builddate="20210615213156" doknr="BJNR117900015BJNG000200000"><metadaten><jurabk>BetonFBAusbV</jurabk><gliederungseinheit><gliederungskennzahl>020</gliederungskennzahl><gliederungsbez>Abschnitt 2</gliederungsbez><gliederungstitel>Zwischenprüfung</gliederungstitel></gliederungseinheit></metadaten><textdaten/></norm>
<norm builddate="20210615213156" doknr="BJNR117900015BJNE000900000"><metadaten><jurabk>BetonFBAusbV</jurabk><enbez>§ 7</enbez><titel format="XML">Ziel und Zeitpunkt</titel></metadaten><textdaten><text format="XML"><Content><P>(1) Zur Ermittlung des Ausbildungsstandes ist eine Zwischenprüfung durchzuführen.</P><P>(2) Die Zwischenprüfung soll am Ende des zweiten Ausbildungsjahres stattfinden.</P></Content></text></textdaten></norm>
<norm builddate="20210615213156" doknr="BJNR117900015BJNE001000000"><metadaten><jurabk>BetonFBAusbV</jurabk><enbez>§ 8</enbez><titel format="XML">Inhalt</titel></metadaten><textdaten><text format="XML"><Content><P>Die Zwischenprüfung erstreckt sich auf <DL Type="arabic"><DT>1.</DT><DD Font="normal"><LA>die im Ausbildungsrahmenplan für die ersten drei Ausbildungshalbjahre genannten Fertigkeiten, Kenntnisse und Fähigkeiten sowie</LA></DD><DT>2.</DT><DD Font="normal"><LA>den im Berufsschulunterricht zu vermittelnden Lehrstoff, soweit er den im Ausbildungsrahmenplan genannten Fertigkeiten, Kenntnissen und Fähigkeiten entspricht.</LA></DD></DL></P></Content></text></textdaten></norm>
<norm builddate="20210615213156" doknr="BJNR117900015BJNE001100000"><metadaten><jurabk>BetonFBAusbV</jurabk><enbez>§ 9</enbez><titel format="XML">Prüfungsbereiche</titel></metadaten><textdaten><text format="XML"><Content><P>Die Zwischenprüfung findet in den folgenden Prüfungsbereichen statt: <DL Type="arabic"><DT>1.</DT><DD Font="normal"><LA>Herstellen von Schalungen und Bewehrungen sowie</LA></DD><DT>2.</DT><DD Font="normal"><LA>Herstellen und Prüfen von Beton.</LA></DD></DL></P></Content></text></textdaten></norm>
<norm builddate="20210615213156" doknr="BJNR117900015BJNE001200000"><metadaten><jurabk>BetonFBAusbV</jurabk><enbez>§ 10</enbez><titel format="XML">Prüfungsbereich Herstellen von Schalungen und Bewehrungen</titel></metadaten><textdaten><text format="XML"><Content><P>(1) Im Prüfungsbereich Herstellen von Schalungen und Bewehrungen soll der Prüfling nachweisen, dass er in der Lage ist, <DL Type="arabic"><DT>1.</DT><DD Font="normal"><LA>technische Unterlagen anzuwenden,</LA></DD><DT>2.</DT><DD Font="normal"><LA>Arbeitsabläufe zu planen,</LA></DD><DT>3.</DT><DD Font="normal"><LA>Schalungsmaterialien auszuwählen und Schalungen herzustellen,</LA></DD><DT>4.</DT><DD Font="normal"><LA>Bewehrungselemente aus Betonstahl herzustellen,</LA></DD><DT>5.</DT><DD Font="normal"><LA>Maßnahmen zur Sicherheit und zum Gesundheitsschutz bei der Arbeit, zum Umweltschutz und zur Qualitätssicherung zu ergreifen und</LA></DD><DT>6.</DT><DD Font="normal"><LA>fachliche Hintergründe aufzuzeigen sowie die Vorgehensweise bei der Durchführung der Arbeitsaufgabe zu begründen.</LA></DD></DL></P><P>(2) Der Prüfling soll eine Arbeitsaufgabe durchführen. Während der Durchführung wird mit ihm ein situatives Fachgespräch über die Arbeitsaufgabe geführt.</P><P>(3) Die Prüfungszeit beträgt insgesamt fünf Stunden. Das situative Fachgespräch dauert höchstens 15 Minuten.</P></Content></text></textdaten></norm>
<norm builddate="20210615213156" doknr="BJNR117900015BJNE001300000"><metadaten><jurabk>BetonFBAusbV</jurabk><enbez>§ 11</enbez><titel format="XML">Prüfungsbereich Herstellen und Prüfen von Beton</titel></metadaten><textdaten><text format="XML"><Content><P>(1) Im Prüfungsbereich Herstellen und Prüfen von Beton soll der Prüfling nachweisen, dass er in der Lage ist, <DL Type="arabic"><DT>1.</DT><DD Font="normal"><LA>technische Unterlagen anzuwenden,</LA></DD><DT>2.</DT><DD Font="normal"><LA>Arbeitsabläufe zu planen,</LA></DD><DT>3.</DT><DD Font="normal"><LA>Mengen- und Mischungsberechnungen durchzuführen,</LA></DD><DT>4.</DT><DD Font="normal"><LA>Gesteinskörnungen, Zementarten, Zusatzmittel und Zusatzstoffe zu erläutern und</LA></DD><DT>5.</DT><DD Font="normal"><LA>Betonprüfungen zu beschreiben.</LA></DD></DL></P><P>(2) Der Prüfling soll Aufgaben schriftlich bearbeiten.</P><P>(3) Die Prüfungszeit beträgt 120 Minuten.</P></Content></text></textdaten></norm>
<norm builddate="20210615213156" doknr="BJNR117900015BJNG000300000"><metadaten><jurabk>BetonFBAusbV</jurabk><gliederungseinheit><gliederungskennzahl>030</gliederungskennzahl><gliederungsbez>Abschnitt 3</gliederungsbez><gliederungstitel>Abschlussprüfung</gliederungstitel></gliederungseinheit></metadaten><textdaten/></norm>
<norm builddate="20210615213156" doknr="BJNR117900015BJNE001400000"><metadaten><jurabk>BetonFBAusbV</jurabk><enbez>§ 12</enbez><titel format="XML">Ziel und Zeitpunkt</titel></metadaten><textdaten><text format="XML"><Content><P>(1) Durch die Abschlussprüfung ist festzustellen, ob der Prüfling die berufliche Handlungsfähigkeit erworben hat.</P><P>(2) Die Abschlussprüfung soll am Ende der Berufsausbildung durchgeführt werden.</P></Content></text></textdaten></norm>
<norm builddate="20210615213156" doknr="BJNR117900015BJNE001500000"><metadaten><jurabk>BetonFBAusbV</jurabk><enbez>§ 13</enbez><titel format="XML">Inhalt</titel></metadaten><textdaten><text format="XML"><Content><P>Die Abschlussprüfung erstreckt sich auf <DL Type="arabic"><DT>1.</DT><DD Font="normal"><LA>die im Ausbildungsrahmenplan genannten Fertigkeiten, Kenntnisse und Fähigkeiten sowie</LA></DD><DT>2.</DT><DD Font="normal"><LA>den im Berufsschulunterricht zu vermittelnden Lehrstoff, soweit er den im Ausbildungsrahmenplan genannten Fertigkeiten, Kenntnissen und Fähigkeiten entspricht.</LA></DD></DL></P></Content></text></textdaten></norm>
<norm builddate="20210615213156" doknr="BJNR117900015BJNE001600000"><metadaten><jurabk>BetonFBAusbV</jurabk><enbez>§ 14</enbez><titel format="XML">Prüfungsbereiche</titel></metadaten><textdaten><text format="XML"><Content><P>Die Abschlussprüfung findet in den folgenden Prüfungsbereichen statt: <DL Type="arabic"><DT>1.</DT><DD Font="normal"><LA>Betonfertigteilherstellung,</LA></DD><DT>2.</DT><DD Font="normal"><LA>Betontechnologie und Oberflächengestaltung,</LA></DD><DT>3.</DT><DD Font="normal"><LA>Betonfertigteile sowie</LA></DD><DT>4.</DT><DD Font="normal"><LA>Wirtschafts- und Sozialkunde.</LA></DD></DL></P></Content></text></textdaten></norm>
<norm builddate="20210615213156" doknr="BJNR117900015BJNE001700000"><metadaten><jurabk>BetonFBAusbV</jurabk><enbez>§ 15</enbez><titel format="XML">Prüfungsbereich Betonfertigteilherstellung</titel></metadaten><textdaten><text format="XML"><Content><P>(1) Im Prüfungsbereich Betonfertigteilherstellung soll der Prüfling nachweisen, dass er in der Lage ist, <DL Type="arabic"><DT>1.</DT><DD Font="normal"><LA>technische Unterlagen anzuwenden,</LA></DD><DT>2.</DT><DD Font="normal"><LA>Arbeitsabläufe zu planen,</LA></DD><DT>3.</DT><DD Font="normal"><LA>Werkzeuge und Geräte einzusetzen,</LA></DD><DT>4.</DT><DD Font="normal"><LA>Schalungsmaterialien auszuwählen und Schalungen herzustellen,</LA></DD><DT>5.</DT><DD Font="normal"><LA>Bewehrungen herzustellen und einzubauen,</LA></DD><DT>6.</DT><DD Font="normal"><LA>Einbauteile einzubauen,</LA></DD><DT>7.</DT><DD Font="normal"><LA>Betone einzubringen und zu verdichten,</LA></DD><DT>8.</DT><DD Font="normal"><LA>Oberflächen zu bearbeiten,</LA></DD><DT>9.</DT><DD Font="normal"><LA>Betonfertigteile zu entschalen,</LA></DD><DT>10.</DT><DD Font="normal"><LA>Betonfertigteile nachzubehandeln,</LA></DD><DT>11.</DT><DD Font="normal"><LA>Maßnahmen zur Sicherheit und zum Gesundheitsschutz bei der Arbeit, zum Umweltschutz und zur Qualitätssicherung zu ergreifen und</LA></DD><DT>12.</DT><DD Font="normal"><LA>fachliche Hintergründe aufzuzeigen sowie die Vorgehensweise bei der Durchführung der Arbeitsaufgabe zu begründen.</LA></DD></DL></P><P>(2) Der Prüfling soll eine Arbeitsaufgabe durchführen. Während der Durchführung wird mit ihm ein situatives Fachgespräch über die Arbeitsaufgabe geführt.</P><P>(3) Die Prüfungszeit beträgt insgesamt acht Stunden. Das situative Fachgespräch dauert höchstens 20 Minuten.</P></Content></text></textdaten></norm>
<norm builddate="20210615213156" doknr="BJNR117900015BJNE001800000"><metadaten><jurabk>BetonFBAusbV</jurabk><enbez>§ 16</enbez><titel format="XML">Prüfungsbereich Betontechnologie und Oberflächengestaltung</titel></metadaten><textdaten><text format="XML"><Content><P>(1) Im Prüfungsbereich Betontechnologie und Oberflächengestaltung soll der Prüfling nachweisen, dass er in der Lage ist, <DL Type="arabic"><DT>1.</DT><DD Font="normal"><LA>Mengen- und Mischungsberechnungen durchzuführen,</LA></DD><DT>2.</DT><DD Font="normal"><LA>Gesteinskörnungen, Zementarten, Zusatzmittel und Zusatzstoffe zu erläutern,</LA></DD><DT>3.</DT><DD Font="normal"><LA>Betone mit besonderen Eigenschaften und Sonderbetone zu erläutern,</LA></DD><DT>4.</DT><DD Font="normal"><LA>Betonprüfungen zu beschreiben und</LA></DD><DT>5.</DT><DD Font="normal"><LA>Oberflächenbearbeitung und -gestaltung zu beschreiben.</LA></DD></DL></P><P>(2) Der Prüfling soll Aufgaben schriftlich bearbeiten.</P><P>(3) Die Prüfungszeit beträgt 120 Minuten.</P></Content></text></textdaten></norm>
<norm builddate="20210615213156" doknr="BJNR117900015BJNE001900000"><metadaten><jurabk>BetonFBAusbV</jurabk><enbez>§ 17</enbez><titel format="XML">Prüfungsbereich Betonfertigteile</titel></metadaten><textdaten><text format="XML"><Content><P>(1) Im Prüfungsbereich Betonfertigteile soll der Prüfling nachweisen, dass er in der Lage ist, <DL Type="arabic"><DT>1.</DT><DD Font="normal"><LA>Betonfertigteile zu zeichnen,</LA></DD><DT>2.</DT><DD Font="normal"><LA>Treppenkonstruktionen zu entwerfen,</LA></DD><DT>3.</DT><DD Font="normal"><LA>die Herstellung von Spannbeton zu beschreiben,</LA></DD><DT>4.</DT><DD Font="normal"><LA>Mängel zu beschreiben und mögliche Ursachen zu erkennen,</LA></DD><DT>5.</DT><DD Font="normal"><LA>Betonfertigteile auszubessern und</LA></DD><DT>6.</DT><DD Font="normal"><LA>Besonderheiten bei der Herstellung von Betonfertigteilen und Betonwaren zu erläutern.</LA></DD></DL></P><P>(2) Der Prüfling soll Aufgaben schriftlich bearbeiten.</P><P>(3) Die Prüfungszeit beträgt 120 Minuten.</P></Content></text></textdaten></norm>
<norm builddate="20210615213156" doknr="BJNR117900015BJNE002000000"><metadaten><jurabk>BetonFBAusbV</jurabk><enbez>§ 18</enbez><titel format="XML">Prüfungsbereich Wirtschafts- und Sozialkunde</titel></metadaten><textdaten><text format="XML"><Content><P>(1) Im Prüfungsbereich Wirtschafts- und Sozialkunde soll der Prüfling nachweisen, dass er in der Lage ist, allgemeine wirtschaftliche und gesellschaftliche Zusammenhänge der Berufs- und Arbeitswelt darzustellen und zu beurteilen.</P><P>(2) Die Prüfungsaufgaben müssen praxisbezogen sein. Der Prüfling soll die Aufgaben schriftlich bearbeiten.</P><P>(3) Die Prüfungszeit beträgt insgesamt 60 Minuten.</P></Content></text></textdaten></norm>
<norm builddate="20210615213156" doknr="BJNR117900015BJNE002101119"><metadaten><jurabk>BetonFBAusbV</jurabk><enbez>§ 19</enbez><titel format="XML">Gewichtung der Prüfungsbereiche und Anforderungen für das Bestehen der Abschlussprüfung</titel></metadaten><textdaten><text format="XML"><Content><P>(1) Die Bewertungen der einzelnen Prüfungsbereiche sind wie folgt zu gewichten: <DL Font="normal" Type="arabic"><DT>1.</DT><DD Font="normal"><LA Size="normal"><table colsep="0" frame="none" pgwide="1" rowsep="0" tocentry="%yes;"><tgroup align="left" char="" charoff="50" cols="2"><colspec align="left" colname="leftSplit"/><colspec align="right" colname="rightSplit"/><tbody Class="Split" valign="top"><row><entry VJ="1" colname="leftSplit">Betonfertigteilherstellung</entry><entry VJ="1" colname="rightSplit" valign="bottom">mit 50 Prozent,</entry></row></tbody></tgroup></table></LA></DD><DT>2.</DT><DD Font="normal"><LA Size="normal"><table colsep="0" frame="none" pgwide="1" rowsep="0" tocentry="%yes;"><tgroup align="left" char="" charoff="50" cols="2"><colspec align="left" colname="leftSplit"/><colspec align="right" colname="rightSplit"/><tbody Class="Split" valign="top"><row><entry VJ="1" colname="leftSplit">Betontechnologie und<BR/>Oberflächengestaltung</entry><entry VJ="1" colname="rightSplit" valign="bottom">mit 20 Prozent,</entry></row></tbody></tgroup></table></LA></DD><DT>3.</DT><DD Font="normal"><LA Size="normal"><table colsep="0" frame="none" pgwide="1" rowsep="0" tocentry="%yes;"><tgroup align="left" char="" charoff="50" cols="2"><colspec align="left" colname="leftSplit"/><colspec align="right" colname="rightSplit"/><tbody Class="Split" valign="top"><row><entry VJ="1" colname="leftSplit">Betonfertigteile</entry><entry VJ="1" colname="rightSplit" valign="bottom">mit 20 Prozent,</entry></row></tbody></tgroup></table></LA></DD><DT>4.</DT><DD Font="normal"><LA Size="normal"><table colsep="0" frame="none" pgwide="1" rowsep="0" tocentry="%yes;"><tgroup align="left" char="" charoff="50" cols="2"><colspec align="left" colname="leftSplit"/><colspec align="right" colname="rightSplit"/><tbody Class="Split" valign="top"><row><entry VJ="1" colname="leftSplit">Wirtschafts- und Sozialkunde</entry><entry VJ="1" colname="rightSplit" valign="bottom">mit 10 Prozent.</entry></row></tbody></tgroup></table></LA></DD></DL></P><P>(2) Die Abschlussprüfung ist bestanden, wenn die Prüfungsleistungen wie folgt bewertet worden sind: <DL Font="normal" Type="arabic"><DT>1.</DT><DD Font="normal"><LA Size="normal">im Gesamtergebnis mit mindestens „ausreichend“,</LA></DD><DT>2.</DT><DD Font="normal"><LA Size="normal">in mindestens drei Prüfungsbereichen mit mindestens „ausreichend“ und</LA></DD><DT>3.</DT><DD Font="normal"><LA Size="normal">in keinem Prüfungsbereich mit „ungenügend“.</LA></DD></DL></P><P>(3) Auf Antrag des Prüflings ist die Prüfung in einem der Prüfungsbereiche „Betontechnologie und Oberflächengestaltung“, „Betonfertigteile“ oder „Wirtschafts- und Sozialkunde“ durch eine mündliche Prüfung von etwa 15 Minuten zu ergänzen, wenn <DL Font="normal" Type="arabic"><DT>1.</DT><DD Font="normal"><LA Size="normal">der Prüfungsbereich schlechter als mit „ausreichend“ bewertet worden ist und</LA></DD><DT>2.</DT><DD Font="normal"><LA Size="normal">die mündliche Ergänzungsprüfung für das Bestehen der Abschlussprüfung den Ausschlag geben kann.</LA></DD></DL>Bei der Ermittlung des Ergebnisses für diesen Prüfungsbereich sind das bisherige Ergebnis und das Ergebnis der mündlichen Ergänzungsprüfung im Verhältnis 2:1 zu gewichten.</P></Content></text><fussnoten/></textdaten></norm>
<norm builddate="20210615213156" doknr="BJNR117900015BJNG000400000"><metadaten><jurabk>BetonFBAusbV</jurabk><gliederungseinheit><gliederungskennzahl>040</gliederungskennzahl><gliederungsbez>Abschnitt 4</gliederungsbez><gliederungstitel>Schlussvorschriften</gliederungstitel></gliederungseinheit></metadaten><textdaten/></norm>
<norm builddate="20210615213156" doknr="BJNR117900015BJNE002200000"><metadaten><jurabk>BetonFBAusbV</jurabk><enbez>§ 20</enbez><titel format="XML">Bestehende Berufsausbildungsverhältnisse</titel></metadaten><textdaten><text format="XML"><Content><P>Berufsausbildungsverhältnisse, die bei Inkrafttreten dieser Verordnung bereits bestehen, können nach den Vorschriften dieser Verordnung unter Anrechnung der bisher absolvierten Ausbildungszeit fortgesetzt werden, wenn die Vertragsparteien dies vereinbaren.</P></Content></text></textdaten></norm>
<norm builddate="20210615213156" doknr="BJNR117900015BJNE002300000"><metadaten><jurabk>BetonFBAusbV</jurabk><enbez>§ 21</enbez><titel format="XML">Inkrafttreten</titel></metadaten><textdaten><text format="XML"><Content><P>Diese Verordnung tritt am 1. August 2015 in Kraft.</P></Content></text></textdaten></norm>
<norm builddate="20210615213156" doknr="BJNR117900015BJNE002400000"><metadaten><jurabk>BetonFBAusbV</jurabk><enbez>Anlage</enbez><titel format="XML">(zu § 3 Absatz 1)<BR/>Ausbildungsrahmenplan für die Berufsausbildung zum Betonfertigteilbauer und zur Betonfertigteilbauerin</titel></metadaten><textdaten><text format="XML"><Content><P><noindex><kommentar typ="Fundstelle">(Fundstelle: BGBl. I 2015, 1183 - 1186)</kommentar></noindex></P><BR/><table frame="all" pgwide="1" tabstyle="Ausbildung" tocentry="%yes;"><Title Align="left" Class="S1">Abschnitt A: berufsprofilgebende Fertigkeiten, Kenntnisse und Fähigkeiten</Title><tgroup align="left" char="" charoff="50" cols="5" colsep="1" rowsep="1"><colspec colname="col1" colnum="1" colwidth=".75*"/><colspec colname="col2" colnum="2" colwidth="4.5*"/><colspec colname="col3" colnum="3" colwidth="8.5*"/><colspec colname="col4" colnum="4" colwidth="1.5*"/><colspec colname="col5" colnum="5" colwidth="1.5*"/><thead valign="bottom"><row><entry VJ="1" align="center" colname="col1" morerows="1" valign="middle">Lfd.<BR/> Nr.</entry><entry VJ="1" align="center" colname="col2" morerows="1" valign="middle">Teil des<BR/> Ausbildungsberufsbildes</entry><entry VJ="1" align="center" colname="col3" morerows="1" valign="middle">Zu vermittelnde<BR/> Fertigkeiten, Kenntnisse und Fähigkeiten</entry><entry VJ="1" align="center" nameend="col5" namest="col4" valign="middle">Zeitliche Richtwerte<BR/> in Wochen im</entry></row><row><entry VJ="1" align="center" colname="col4" valign="middle">1. bis 18.<BR/> Monat</entry><entry VJ="1" align="center" colname="col5" valign="middle">19. bis 36.<BR/> Monat</entry></row><row><entry VJ="1" align="center" colname="col1" valign="middle">1</entry><entry VJ="1" align="center" colname="col2" valign="middle">2</entry><entry VJ="1" align="center" colname="col3" valign="middle">3</entry><entry VJ="1" align="center" nameend="col5" namest="col4" valign="middle">4</entry></row></thead><tbody valign="top"><row><entry VJ="1" align="center" colname="col1" morerows="1">1</entry><entry VJ="1" colname="col2" morerows="1">Anfertigen und Anwenden technischer Unterlagen<BR/> (§ 4 Absatz 2 Nummer 1)</entry><entry VJ="1" align="justify" colname="col3"><DL Font="normal" Type="alpha"><DT>a)</DT><DD Font="normal"><LA Size="normal">technische Unterlagen, insbesondere Zeichnungen, Stücklisten und Skizzen, anfertigen, auswerten und anwenden</LA></DD></DL></entry><entry VJ="1" align="char" colname="col4" valign="middle">2</entry><entry VJ="1" colname="col5"/></row><row><entry VJ="1" align="justify" colname="col3"><DL Font="normal" Type="alpha"><DT>b)</DT><DD Font="normal"><LA Size="normal">produkt- und prozessrelevante Angaben, insbesondere zu Oberflächen und Materialien, berücksichtigen und dokumentieren</LA></DD><DT>c)</DT><DD Font="normal"><LA Size="normal">technische Tabellen, Handbücher, Richtlinien und Merkblätter anwenden</LA></DD><DT>d)</DT><DD Font="normal"><LA Size="normal">Bemaßungen durchführen</LA></DD></DL></entry><entry VJ="1" colname="col4"/><entry VJ="1" align="center" colname="col5" valign="middle">2</entry></row><row><entry VJ="1" align="center" colname="col1" morerows="1">2</entry><entry VJ="1" colname="col2" morerows="1">Herstellen und Einsetzen von Schalungen und Formen<BR/> (§ 4 Absatz 2 Nummer 2)</entry><entry VJ="1" align="justify" colname="col3"><DL Font="normal" Type="alpha"><DT>a)</DT><DD Font="normal"><LA Size="normal">Formen- und Schalungsmaterialien sowie Zubehör unter Beachtung von Eigenschaften, Herstellungsprozessen und Endprodukten auswählen</LA></DD><DT>b)</DT><DD Font="normal"><LA Size="normal">Be- und Verarbeitungsverfahren auswählen</LA></DD><DT>c)</DT><DD Font="normal"><LA Size="normal">Schalungen und Formen aus Holz und Kunststoff herstellen, insbesondere nach Plan</LA></DD><DT>d)</DT><DD Font="normal"><LA Size="normal">Schalungen und Formen, insbesondere aus Holz, Kunststoff und Metall, einsetzen, reinigen und pflegen</LA></DD></DL></entry><entry VJ="1" align="center" colname="col4" valign="middle">8</entry><entry VJ="1" colname="col5"/></row><row><entry VJ="1" align="justify" colname="col3"><DL Font="normal" Type="alpha"><DT>e)</DT><DD Font="normal"><LA Size="normal">Systemschalungen einsetzen</LA></DD><DT>f)</DT><DD Font="normal"><LA Size="normal">Abgüsse für Betonbauteile herstellen</LA></DD></DL></entry><entry VJ="1" colname="col4"/><entry VJ="1" align="center" colname="col5" valign="middle">4</entry></row><row><entry VJ="1" align="center" colname="col1" morerows="1">3</entry><entry VJ="1" colname="col2" morerows="1">Herstellen und Einbauen von Bewehrungen und Verstärkungen<BR/> (§ 4 Absatz 2 Nummer 3)</entry><entry VJ="1" align="justify" colname="col3"><DL Font="normal" Type="alpha"><DT>a)</DT><DD Font="normal"><LA Size="normal">Bewehrungselemente aus Betonstahl herstellen und einbauen</LA></DD></DL></entry><entry VJ="1" align="center" colname="col4" valign="middle">8</entry><entry VJ="1" colname="col5"/></row><row><entry VJ="1" align="justify" colname="col3"><DL Font="normal" Type="alpha"><DT>b)</DT><DD Font="normal"><LA Size="normal">Matten- und Textilbewehrungen einbauen</LA></DD><DT>c)</DT><DD Font="normal"><LA Size="normal">Bewehrungen einsetzen, insbesondere aus Edelstahl, Kunststoffen und Fasern</LA></DD></DL></entry><entry VJ="1" colname="col4"/><entry VJ="1" align="center" colname="col5" valign="middle">8</entry></row><row><entry VJ="1" align="center" colname="col1" morerows="1">4</entry><entry VJ="1" colname="col2" morerows="1">Herstellen und Prüfen von Betonen, Vorsatzbetonen und Mörtel<BR/> (§ 4 Absatz 2 Nummer 4)</entry><entry VJ="1" align="justify" colname="col3"><DL Font="normal" Type="alpha"><DT>a)</DT><DD Font="normal"><LA Size="normal">Gesteinskörnungen auswählen, insbesondere nach Eigenschaften und Sieblinien</LA></DD><DT>b)</DT><DD Font="normal"><LA Size="normal">Zementarten auswählen</LA></DD><DT>c)</DT><DD Font="normal"><LA Size="normal">Zusatzmittel und Zusatzstoffe verwenden</LA></DD><DT>d)</DT><DD Font="normal"><LA Size="normal">Betonmischungen herstellen, prüfen und verarbeiten</LA></DD><DT>e)</DT><DD Font="normal"><LA Size="normal">Betonprüfungen durchführen, insbesondere Prüfkörper herstellen</LA></DD></DL></entry><entry VJ="1" align="center" colname="col4" valign="middle">18</entry><entry VJ="1" colname="col5"/></row><row><entry VJ="1" align="justify" colname="col3"><DL Font="normal" Type="alpha"><DT>f)</DT><DD Font="normal"><LA Size="normal">Betone mit besonderen Eigenschaften und Sonderbetone einsetzen</LA></DD><DT>g)</DT><DD Font="normal"><LA Size="normal">Mörtel herstellen und verarbeiten</LA></DD></DL></entry><entry VJ="1" align="center" colname="col4" valign="middle"/><entry VJ="1" align="center" colname="col5" valign="middle">10</entry></row><row><entry VJ="1" align="center" colname="col1" morerows="1">5</entry><entry VJ="1" colname="col2" morerows="1">Herstellen von Betonfertigteilen und Betonwaren<BR/> (§ 4 Absatz 2 Nummer 5)</entry><entry VJ="1" align="justify" colname="col3"><DL Font="normal" Type="alpha"><DT>a)</DT><DD Font="normal"><LA Size="normal">Einbauteile, Verankerungen und Verbindungsteile sowie Schall- und Wärmedämmstoffe einbauen</LA></DD><DT>b)</DT><DD Font="normal"><LA Size="normal">Betonbauteile unter Berücksichtigung der Sichtbetonklassen durch Einbringen und Verdichten von Betonen in Formen und Schalungen herstellen</LA></DD></DL></entry><entry VJ="1" align="center" colname="col4" valign="middle">24</entry><entry VJ="1" align="center" colname="col5" valign="middle"/></row><row><entry VJ="1" align="justify" colname="col3"><DL Font="normal" Type="alpha"><DT>c)</DT><DD Font="normal"><LA Size="normal">Oberflächen von Betonbauteilen im Frischbetonzustand bearbeiten</LA></DD><DT>d)</DT><DD Font="normal"><LA Size="normal">Oberflächenvergütungen von Betonbauteilen im Frischbetonzustand durchführen</LA></DD></DL></entry><entry VJ="1" align="center" colname="col4" valign="middle"/><entry VJ="1" align="center" colname="col5" valign="middle">12</entry></row><row><entry VJ="1" align="center" colname="col1" morerows="1">6</entry><entry VJ="1" colname="col2" morerows="1">Entschalen, Behandeln, Transportieren und Lagern von<BR/> Betonfertigteilen und Betonwaren<BR/> (§ 4 Absatz 2 Nummer 6)</entry><entry VJ="1" align="justify" colname="col3"><DL Font="normal" Type="alpha"><DT>a)</DT><DD Font="normal"><LA Size="normal">Betonbauteile entschalen</LA></DD><DT>b)</DT><DD Font="normal"><LA Size="normal">Betonbauteile nachbehandeln, prüfen und kennzeichnen</LA></DD></DL></entry><entry VJ="1" align="center" colname="col4" valign="middle">4</entry><entry VJ="1" align="center" colname="col5" valign="middle"/></row><row><entry VJ="1" align="justify" colname="col3"><DL Font="normal" Type="alpha"><DT>c)</DT><DD Font="normal"><LA Size="normal">Betonbauteile transportieren und lagern</LA></DD><DT>d)</DT><DD Font="normal"><LA Size="normal">Betonbauteile verladen</LA></DD></DL></entry><entry VJ="1" align="center" colname="col4" valign="middle"/><entry VJ="1" align="center" colname="col5" valign="middle">4</entry></row><row><entry VJ="1" align="center" colname="col1">7</entry><entry VJ="1" colname="col2">Ausbessern von Betonfertigteilen und Betonwaren<BR/> (§ 4 Absatz 2 Nummer 7)</entry><entry VJ="1" align="justify" colname="col3"><DL Font="normal" Type="alpha"><DT>a)</DT><DD Font="normal"><LA Size="normal">Mängel und Schäden feststellen und beurteilen</LA></DD><DT>b)</DT><DD Font="normal"><LA Size="normal">Materialien zur Ausbesserung auswählen</LA></DD><DT>c)</DT><DD Font="normal"><LA Size="normal">Teile und Flächen vorbereiten, ausbessern und bearbeiten</LA></DD></DL></entry><entry VJ="1" align="center" colname="col4" valign="middle"/><entry VJ="1" align="center" colname="col5" valign="middle">4</entry></row><row><entry VJ="1" align="center" colname="col1">8</entry><entry VJ="1" colname="col2">Gestalten und Behandeln von Oberflächen<BR/> (§ 4 Absatz 2 Nummer 8)</entry><entry VJ="1" align="justify" colname="col3"><DL Font="normal" Type="alpha"><DT>a)</DT><DD Font="normal"><LA Size="normal">Oberflächen von Betonbauteilen gestalten, insbesondere schleifen, strahlen und waschen</LA></DD><DT>b)</DT><DD Font="normal"><LA Size="normal">Oberflächen behandeln, insbesondere hydrophobieren, imprägnieren und versiegeln</LA></DD></DL></entry><entry VJ="1" align="center" colname="col4" valign="middle"/><entry VJ="1" align="center" colname="col5" valign="middle">10</entry></row><row><entry VJ="1" align="center" colname="col1">9</entry><entry VJ="1" colname="col2">Einbauen von Betonfertigteilen und Betonwaren<BR/> (§ 4 Absatz 2 Nummer 9)</entry><entry VJ="1" align="justify" colname="col3"><DL Font="normal" Type="alpha"><DT>a)</DT><DD Font="normal"><LA Size="normal">Befestigungsmittel nach Art, Wirkungsweise und Verwendungszweck auswählen</LA></DD><DT>b)</DT><DD Font="normal"><LA Size="normal">Betonbauteile versetzen und montieren</LA></DD><DT>c)</DT><DD Font="normal"><LA Size="normal">kraftschlüssige Verbindungen von Betonbauteilen herstellen</LA></DD></DL></entry><entry VJ="1" align="center" colname="col4" valign="middle"/><entry VJ="1" align="center" colname="col5" valign="middle">8</entry></row><row><entry VJ="1" align="center" colname="col1">10</entry><entry VJ="1" colname="col2">Herstellen von Spannbetonfertigteilen<BR/> (§ 4 Absatz 2 Nummer 10)</entry><entry VJ="1" align="justify" colname="col3"><DL Font="normal" Type="alpha"><DT>a)</DT><DD Font="normal"><LA Size="normal">Spannbetonbauweisen unterscheiden</LA></DD><DT>b)</DT><DD Font="normal"><LA Size="normal">Spannstahl einbauen, vor- und hochspannen</LA></DD><DT>c)</DT><DD Font="normal"><LA Size="normal">Spannbetonfertigteile betonieren</LA></DD><DT>d)</DT><DD Font="normal"><LA Size="normal">Spannbetonfertigteile entspannen, entschalen und lagern</LA></DD></DL></entry><entry VJ="1" align="center" colname="col4" valign="middle"/><entry VJ="1" align="center" colname="col5" valign="middle">8</entry></row></tbody></tgroup></table><P/><table frame="all" pgwide="1" tabstyle="Ausbildung" tocentry="%yes;"><Title Align="left" Class="S1">Abschnitt B: integrativ zu vermittelnde Fertigkeiten, Kenntnisse und Fähigkeiten</Title><tgroup align="left" char="" charoff="50" cols="5" colsep="1" rowsep="1"><colspec colname="col1" colnum="1" colwidth=".75*"/><colspec colname="col2" colnum="2" colwidth="4.5*"/><colspec colname="col3" colnum="3" colwidth="8.5*"/><colspec colname="col4" colnum="4" colwidth="1.5*"/><colspec colname="col5" colnum="5" colwidth="1.5*"/><thead valign="bottom"><row><entry VJ="1" align="center" colname="col1" morerows="1" valign="middle">Lfd.<BR/> Nr.</entry><entry VJ="1" align="center" colname="col2" morerows="1" valign="middle">Teil des<BR/> Ausbildungsberufsbildes</entry><entry VJ="1" align="center" colname="col3" morerows="1" valign="middle">Zu vermittelnde<BR/> Fertigkeiten, Kenntnisse und Fähigkeiten</entry><entry VJ="1" align="center" nameend="col5" namest="col4" valign="middle">Zeitliche Richtwerte<BR/> in Wochen im</entry></row><row><entry VJ="1" align="center" colname="col4" valign="middle">1. bis 18.<BR/> Monat</entry><entry VJ="1" align="center" colname="col5" valign="middle">19. bis 36.<BR/> Monat</entry></row><row><entry VJ="1" align="center" colname="col1" valign="middle">1</entry><entry VJ="1" align="center" colname="col2" valign="middle">2</entry><entry VJ="1" align="center" colname="col3" valign="middle">3</entry><entry VJ="1" align="center" nameend="col5" namest="col4" valign="middle">4</entry></row></thead><tbody valign="top"><row><entry VJ="1" align="center" colname="col1">1</entry><entry VJ="1" colname="col2">Berufsbildung, Arbeits- und Tarifrecht<BR/> (§ 4 Absatz 3 Nummer 1)</entry><entry VJ="1" align="justify" colname="col3"><DL Font="normal" Type="alpha"><DT>a)</DT><DD Font="normal"><LA Size="normal">Bedeutung des Ausbildungsvertrages erklären, insbesondere Abschluss, Dauer und Beendigung</LA></DD><DT>b)</DT><DD Font="normal"><LA Size="normal">gegenseitige Rechte und Pflichten aus dem Ausbildungsvertrag nennen</LA></DD><DT>c)</DT><DD Font="normal"><LA Size="normal">Möglichkeiten der beruflichen Fortbildung nennen</LA></DD><DT>d)</DT><DD Font="normal"><LA Size="normal">wesentliche Teile des Arbeitsvertrages nennen</LA></DD><DT>e)</DT><DD Font="normal"><LA Size="normal">wesentliche Bestimmungen der für den ausbildenden Betrieb geltenden Tarifverträge nennen</LA></DD></DL></entry><entry VJ="1" align="left" morerows="1" nameend="col5" namest="col4" valign="middle"/></row><row><entry VJ="1" align="center" colname="col1" morerows="1">2</entry><entry VJ="1" colname="col2" morerows="1">Aufbau und Organisation des Ausbildungsbetriebes<BR/> (§ 4 Absatz 3 Nummer 2)</entry><entry VJ="1" align="justify" colname="col3"><DL Font="normal" Type="alpha"><DT>a)</DT><DD Font="normal"><LA Size="normal">Aufbau und Aufgaben des Ausbildungsbetriebes erläutern</LA></DD><DT>b)</DT><DD Font="normal"><LA Size="normal">Grundfunktionen des Ausbildungsbetriebes wie Beschaffung, Fertigung, Absatz und Verwaltung erklären</LA></DD></DL></entry></row><row><entry VJ="1" align="justify" colname="col3"><DL Font="normal" Type="alpha"><DT>c)</DT><DD Font="normal"><LA Size="normal">Beziehungen des Ausbildungsbetriebes und seiner Belegschaft zu Wirtschaftsorganisationen, Berufsvertretungen und Gewerkschaften nennen</LA></DD><DT>d)</DT><DD Font="normal"><LA Size="normal">Grundlagen, Aufgaben und Arbeitsweise der betriebsverfassungs- oder personalvertretungsrechtlichen Organe des Ausbildungsbetriebes beschreiben</LA></DD></DL></entry><entry VJ="1" morerows="2" nameend="col5" namest="col4"><BR/><BR/><BR/><BR/><BR/><BR/><BR/>während<BR/> der gesamten<BR/> Ausbildung</entry></row><row><entry VJ="1" align="center" colname="col1">3</entry><entry VJ="1" colname="col2">Sicherheit und Gesundheitsschutz bei der Arbeit<BR/> (§ 4 Absatz 3 Nummer 3)</entry><entry VJ="1" align="justify" colname="col3"><DL Font="normal" Type="alpha"><DT>a)</DT><DD Font="normal"><LA Size="normal">Gefährdung von Sicherheit und Gesundheit am Arbeitsplatz feststellen und Maßnahmen zur Vermeidung der Gefährdung ergreifen</LA></DD><DT>b)</DT><DD Font="normal"><LA Size="normal">berufsbezogene Arbeitsschutz- und Unfallverhütungsvorschriften anwenden</LA></DD><DT>c)</DT><DD Font="normal"><LA Size="normal">Verhaltensweisen bei Unfällen beschreiben sowie erste Maßnahmen einleiten</LA></DD><DT>d)</DT><DD Font="normal"><LA Size="normal">Vorschriften des vorbeugenden Brandschutzes anwenden und Verhaltensweisen bei Bränden beschreiben und Maßnahmen zur Brandbekämpfung ergreifen</LA></DD></DL></entry></row><row><entry VJ="1" align="center" colname="col1">4</entry><entry VJ="1" colname="col2">Umweltschutz<BR/> (§ 4 Absatz 3 Nummer 4)</entry><entry VJ="1" align="justify" colname="col3">Zur Vermeidung betriebsbedingter Umweltbelastungen im beruflichen Einwirkungsbereich beitragen, insbesondere <DL Font="normal" Type="alpha"><DT>a)</DT><DD Font="normal"><LA Size="normal">mögliche Umweltbelastungen durch den Ausbildungsbetrieb und seinen Beitrag zum Umweltschutz an Beispielen erklären</LA></DD><DT>b)</DT><DD Font="normal"><LA Size="normal">für den Ausbildungsbetrieb geltende Regelungen des Umweltschutzes anwenden</LA></DD><DT>c)</DT><DD Font="normal"><LA Size="normal">Möglichkeiten der wirtschaftlichen und umweltschonenden Energie- und Materialverwendung nutzen</LA></DD><DT>d)</DT><DD Font="normal"><LA Size="normal">Abfälle vermeiden und Stoffe und Materialien einer umweltschonenden Entsorgung zuführen</LA></DD></DL></entry></row><row><entry VJ="1" align="center" colname="col1">5</entry><entry VJ="1" colname="col2">Umgehen mit Gefahrstoffen<BR/> (§ 4 Absatz 3 Nummer 5)</entry><entry VJ="1" align="justify" colname="col3"><DL Font="normal" Type="alpha"><DT>a)</DT><DD Font="normal"><LA Size="normal">Gefahrstoffe erkennen und unterscheiden</LA></DD><DT>b)</DT><DD Font="normal"><LA Size="normal">berufsspezifische Arbeitsanweisungen beim Umgang mit Gefahrstoffen anwenden</LA></DD><DT>c)</DT><DD Font="normal"><LA Size="normal">Gefahrstoffe handhaben, lagern und entsorgen</LA></DD></DL></entry><entry VJ="1" align="center" colname="col4" valign="middle">2</entry><entry VJ="1" align="center" colname="col5" valign="middle"/></row><row><entry VJ="1" align="center" colname="col1" morerows="1">6</entry><entry VJ="1" colname="col2" morerows="1">Anwenden von Informations- und Kommunikationstechniken<BR/> (§ 4 Absatz 3 Nummer 6)</entry><entry VJ="1" align="justify" colname="col3"><DL Font="normal" Type="alpha"><DT>a)</DT><DD Font="normal"><LA Size="normal">Informationsquellen auswählen und Informationen beschaffen und auswerten</LA></DD><DT>b)</DT><DD Font="normal"><LA Size="normal">Normen, Vorschriften und Richtlinien anwenden</LA></DD><DT>c)</DT><DD Font="normal"><LA Size="normal">Betriebsdaten-Informationssysteme handhaben</LA></DD><DT>d)</DT><DD Font="normal"><LA Size="normal">Daten und Dokumente unter Berücksichtigung des Datenschutzes pflegen, sichern und archivieren</LA></DD></DL></entry><entry VJ="1" align="center" colname="col4" valign="middle">2</entry><entry VJ="1" align="center" colname="col5" valign="middle"/></row><row><entry VJ="1" align="justify" colname="col3"><DL Font="normal" Type="alpha"><DT>e)</DT><DD Font="normal"><LA Size="normal">Sachverhalte gegenüber Kunden, Vorgesetzten und im Team situationsgerecht und zielorientiert darstellen</LA></DD><DT>f)</DT><DD Font="normal"><LA Size="normal">Protokolle und Zeichnungen anfertigen</LA></DD><DT>g)</DT><DD Font="normal"><LA Size="normal">Konflikte erkennen und zur Konfliktlösung beitragen</LA></DD><DT>h)</DT><DD Font="normal"><LA Size="normal">eigene Qualifikationsdefizite feststellen und Qualifizierungsmöglichkeiten nutzen</LA></DD></DL></entry><entry VJ="1" align="center" colname="col4" valign="middle"/><entry VJ="1" align="center" colname="col5" valign="middle">2</entry></row><row><entry VJ="1" align="center" colname="col1">7</entry><entry VJ="1" colname="col2">Planen und Vorbereiten von Arbeitsabläufen<BR/> (§ 4 Absatz 3 Nummer 7)</entry><entry VJ="1" align="justify" colname="col3"><DL Font="normal" Type="alpha"><DT>a)</DT><DD Font="normal"><LA Size="normal">Arbeitsabläufe, auch im Team, unter Beachtung technologischer, wirtschaftlicher, betrieblicher und terminlicher Vorgaben planen und kulturelle Identitäten berücksichtigen</LA></DD><DT>b)</DT><DD Font="normal"><LA Size="normal">Arbeitsplatz einrichten</LA></DD></DL></entry></row><row><entry VJ="1" align="justify" colname="col3"><DL Font="normal" Type="alpha"><DT>c)</DT><DD Font="normal"><LA Size="normal">Werkzeuge, Geräte, Maschinen und technische Einrichtungen prüfen und einrichten und Prozessdaten einstellen</LA></DD><DT>d)</DT><DD Font="normal"><LA Size="normal">Materialbedarf ermitteln und Materiallisten erstellen</LA></DD><DT>e)</DT><DD Font="normal"><LA Size="normal">Materialien anfordern, prüfen, transportieren und bereitstellen</LA></DD></DL></entry><entry VJ="1" align="center" colname="col4">4</entry><entry VJ="1" align="center" colname="col5" valign="middle"/></row><row><entry VJ="1" align="center" colname="col1" morerows="1">8</entry><entry VJ="1" colname="col2" morerows="1">Bedienen, Reinigen, Pflegen und Warten von Werkzeugen, Geräten, Maschinen und<BR/> technischen Einrichtungen<BR/> (§ 4 Absatz 3 Nummer 8)</entry><entry VJ="1" align="justify" colname="col3"><DL Font="normal" Type="alpha"><DT>a)</DT><DD Font="normal"><LA Size="normal">Sicherheitseinrichtungen auf Funktionsfähigkeit prüfen</LA></DD><DT>b)</DT><DD Font="normal"><LA Size="normal">Werkzeuge, Geräte, Maschinen und technische Einrichtungen bedienen, reinigen und pflegen</LA></DD><DT>c)</DT><DD Font="normal"><LA Size="normal">Störungen feststellen und Maßnahmen zur Mängelbeseitigung ergreifen</LA></DD></DL></entry><entry VJ="1" align="center" colname="col4" valign="middle">4</entry><entry VJ="1" align="center" colname="col5" valign="middle"/></row><row><entry VJ="1" align="justify" colname="col3"><DL Font="normal" Type="alpha"><DT>d)</DT><DD Font="normal"><LA Size="normal">Maschinendaten in betriebliche Datensysteme einpflegen und auswerten</LA></DD><DT>e)</DT><DD Font="normal"><LA Size="normal">Produktionsprozesse überwachen</LA></DD><DT>f)</DT><DD Font="normal"><LA Size="normal">Werkzeuge, Geräte, Maschinen und technische Einrichtungen auf Verschleiß und Beschädigung sichtprüfen und Wartungsintervalle einhalten</LA></DD></DL></entry><entry VJ="1" align="center" colname="col4" valign="middle"/><entry VJ="1" align="center" colname="col5" valign="middle">4</entry></row><row><entry VJ="1" align="center" colname="col1" morerows="1">9</entry><entry VJ="1" colname="col2" morerows="1">Durchführen von qualitätssichernden Maßnahmen, <BR/>Dokumentation und Kundenorientierung<BR/> (§ 4 Absatz 3 Nummer 9)</entry><entry VJ="1" align="justify" colname="col3"><DL Font="normal" Type="alpha"><DT>a)</DT><DD Font="normal"><LA Size="normal">betriebliche Qualitätssicherungssysteme anwenden</LA></DD><DT>b)</DT><DD Font="normal"><LA Size="normal">Arbeitsergebnisse kontrollieren, beurteilen und dokumentieren</LA></DD><DT>c)</DT><DD Font="normal"><LA Size="normal">Einsatzstoffe und -materialien sowie Bauteile auf Verwendbarkeit prüfen</LA></DD></DL></entry><entry VJ="1" align="center" colname="col4" valign="middle">2</entry><entry VJ="1" align="center" colname="col5" valign="middle"/></row><row><entry VJ="1" align="justify" colname="col3"><DL Font="normal" Type="alpha"><DT>d)</DT><DD Font="normal"><LA Size="normal">Einsatzfähigkeit von Prüfmitteln feststellen und Prüfverfahren und Prüfmittel auswählen und anwenden</LA></DD><DT>e)</DT><DD Font="normal"><LA Size="normal">Qualitätsabweichungen feststellen und dokumentieren und Korrekturmaßnahmen einleiten</LA></DD><DT>f)</DT><DD Font="normal"><LA Size="normal">zur kontinuierlichen Verbesserung von Arbeitsvorgängen im eigenen Arbeitsbereich beitragen</LA></DD><DT>g)</DT><DD Font="normal"><LA Size="normal">Kundenwünsche entgegennehmen und prüfen, Aufwand abschätzen und Kunden über Lösungsmöglichkeiten informieren</LA></DD><DT>h)</DT><DD Font="normal"><LA Size="normal">Kundenbeanstandungen entgegennehmen, beurteilen und Maßnahmen zur Bearbeitung ergreifen</LA></DD></DL></entry><entry VJ="1" align="center" colname="col4" valign="middle"/><entry VJ="1" align="center" colname="col5" valign="middle">2</entry></row></tbody></tgroup></table></Content></text></textdaten></norm>
</dokumente>