<?xml version="1.0" encoding="UTF-8" ?><!DOCTYPE dokumente SYSTEM "http://www.gesetze-im-internet.de/dtd/1.01/gii-norm.dtd">
<dokumente builddate="20201214213101" doknr="BJNR276400020"><norm builddate="20201214213101" doknr="BJNR276400020"><metadaten><jurabk>RVBeitrSBek 2021</jurabk><ausfertigung-datum manuell="ja">2020-12-09</ausfertigung-datum><fundstelle typ="amtlich"><periodikum>BGBl I</periodikum><zitstelle>2020, 2764</zitstelle></fundstelle><langue>Bekanntmachung der Beitragssätze in der allgemeinen Rentenversicherung und der knappschaftlichen Rentenversicherung für das Jahr 2021</langue></metadaten><textdaten><fussnoten><Content><P><BR/> <pre xml:space="preserve">(+++ Textnachweis ab: 11.12.2020 +++)<BR/><BR/></pre></P></Content></fussnoten></textdaten></norm>
<norm builddate="20201214213101" doknr="BJNR276400020BJNE000100000"><metadaten><jurabk>RVBeitrSBek 2021</jurabk><enbez>(XXXX)</enbez></metadaten><textdaten><text format="XML"><Content><P>Auf Grund des § 158 Absatz 4 des Sechsten Buches Sozialgesetzbuch – Gesetzliche Rentenversicherung –, der zuletzt durch Artikel 259 Nummer 1 der Verordnung vom 31. Oktober 2006 (BGBl. I S. 2407) geändert worden ist, wird bekannt gemacht:</P><P>Der Beitragssatz für das Jahr 2021 beträgt weiterhin in der allgemeinen <NB>Rentenversicherung</NB> 18,6 Prozent und in der knappschaftlichen Rentenversicherung 24,7 Prozent.</P></Content></text></textdaten></norm>
<norm builddate="20201214213101" doknr="BJNR276400020BJNE000200000"><metadaten><jurabk>RVBeitrSBek 2021</jurabk><enbez>Schlussformel</enbez></metadaten><textdaten><text format="XML"><Content><P><SP>Bundesministerium für Arbeit und Soziales</SP></P></Content></text></textdaten></norm>
</dokumente>