<?xml version="1.0" encoding="UTF-8" ?><!DOCTYPE dokumente SYSTEM "http://www.gesetze-im-internet.de/dtd/1.01/gii-norm.dtd">
<dokumente builddate="20120625150610" doknr="BJNR136020010"><norm builddate="20120625150610" doknr="BJNR136020010"><metadaten><jurabk>DBAAbk SYR</jurabk><ausfertigung-datum manuell="ja">2010-02-17</ausfertigung-datum><fundstelle typ="amtlich"><periodikum>BGBl II</periodikum><zitstelle>2010, 1361</zitstelle></fundstelle><langue>Abkommen zwischen der Bundesrepublik Deutschland und der Arabischen Republik Syrien zur Vermeidung der Doppelbesteuerung und Verhinderung der Steuerverkürzung auf dem Gebiet der Steuern vom Einkommen</langue></metadaten><textdaten><fussnoten><Content><P>G v. 18.11.2010 II 1359 <BR/>In Kraft gem. Bek. v. 30.3.2011 II 463 mWv 30.12.2010</P></Content></fussnoten></textdaten></norm>
</dokumente>