<?xml version="1.0" encoding="UTF-8" ?><!DOCTYPE dokumente SYSTEM "http://www.gesetze-im-internet.de/dtd/1.01/gii-norm.dtd">
<dokumente builddate="20220324213003" doknr="BJNR123400001"><norm builddate="20220324213003" doknr="BJNR123400001"><metadaten><jurabk>BiomasseV</jurabk><amtabk>BiomasseV</amtabk><ausfertigung-datum manuell="ja">2001-06-21</ausfertigung-datum><fundstelle typ="amtlich"><periodikum>BGBl I</periodikum><zitstelle>2001, 1234</zitstelle></fundstelle><kurzue>Biomasseverordnung</kurzue><langue>Verordnung über die Erzeugung von Strom aus Biomasse</langue><standangabe checked="ja"><standtyp>Stand</standtyp><standkommentar>Zuletzt geändert durch Art. 8 G v. 13.10.2016 I 2258</standkommentar></standangabe></metadaten><textdaten><fussnoten><Content><P><BR/> <pre xml:space="preserve">(+++ Textnachweis ab: 28.6.2001 +++)<BR/> <BR/>(+++ Zur Anwendung in der am 31.12.2011 geltenden Fassung vgl. § 101 Satz 1 EEG<BR/> 2014 +++)<BR/> <BR/>(+++ Zur Weiteranwendung vgl. § 104 Abs. 3 Satz 1 EEG 2014 +++)<BR/><BR/></pre></P></Content></fussnoten></textdaten></norm>
<norm builddate="20220324213003" doknr="BJNR123400001BJNE000100305"><metadaten><jurabk>BiomasseV</jurabk><enbez>Eingangsformel</enbez></metadaten><textdaten><text format="XML"><Content><P>Auf Grund des § 2 Abs. 1 Satz 2 des Erneuerbare-Energien-Gesetzes vom 29. März 2000 (BGBl. I S. 305) in Verbindung mit Artikel 56 Abs. 1 des Zuständigkeitsanpassungs-Gesetzes vom 18. März 1975 (BGBl. I S. 705) und dem Organisationserlass des Bundeskanzlers vom 22. Januar 2001 (BGBl. I S. 127) verordnet das Bundesministerium für Umwelt, Naturschutz und Reaktorsicherheit im Einvernehmen mit den Bundesministerien für Verbraucherschutz, Ernährung und Landwirtschaft und für Wirtschaft und Technologie unter Wahrung der Rechte des Bundestages:</P></Content></text></textdaten></norm>
<norm builddate="20220324213003" doknr="BJNR123400001BJNE000202116"><metadaten><jurabk>BiomasseV</jurabk><enbez>§ 1</enbez><titel format="XML">Aufgabenbereich</titel></metadaten><textdaten><text format="XML"><Content><P>Diese Verordnung regelt für den Anwendungsbereich des Erneuerbare-Energien-Gesetzes, welche Stoffe als Biomasse gelten, welche technischen Verfahren zur Stromerzeugung aus Biomasse in den Anwendungsbereich des Gesetzes fallen und welche Umweltanforderungen bei der Erzeugung von Strom aus Biomasse einzuhalten sind.</P></Content></text><fussnoten/></textdaten></norm>
<norm builddate="20220324213003" doknr="BJNR123400001BJNE000302116"><metadaten><jurabk>BiomasseV</jurabk><enbez>§ 2</enbez><titel format="XML">Anerkannte Biomasse</titel></metadaten><textdaten><text format="XML"><Content><P>(1) Biomasse im Sinne dieser Verordnung sind Energieträger aus Phyto- und Zoomasse. Hierzu gehören auch aus Phyto- und Zoomasse resultierende Folge- und Nebenprodukte, Rückstände und Abfälle, deren Energiegehalt aus Phyto- und Zoomasse stammt.</P><P>(2) Biomasse im Sinne des Absatzes 1 sind insbesondere: <DL Font="normal" Type="arabic"><DT>1.</DT><DD Font="normal"><LA Size="normal">Pflanzen und Pflanzenbestandteile,</LA></DD><DT>2.</DT><DD Font="normal"><LA Size="normal">aus Pflanzen oder Pflanzenbestandteilen hergestellte Energieträger, deren sämtliche Bestandteile und Zwischenprodukte aus Biomasse im Sinne des Absatzes 1 erzeugt wurden,</LA></DD><DT>3.</DT><DD Font="normal"><LA Size="normal">Abfälle und Nebenprodukte pflanzlicher und tierischer Herkunft aus der Land-, Forst- und Fischwirtschaft,</LA></DD><DT>4.</DT><DD Font="normal"><LA Size="normal">Bioabfälle im Sinne von § 2 Nr. 1 der Bioabfallverordnung,</LA></DD><DT>5.</DT><DD Font="normal"><LA Size="normal">aus Biomasse im Sinne des Absatzes 1 durch Vergasung oder Pyrolyse erzeugtes Gas und daraus resultierende Folge- und Nebenprodukte,</LA></DD><DT>6.</DT><DD Font="normal"><LA Size="normal">aus Biomasse im Sinne des Absatzes 1 erzeugte Alkohole, deren Bestandteile, Zwischen-, Folge- und Nebenprodukte aus Biomasse erzeugt wurden.</LA></DD></DL></P><P>(3) Unbeschadet von Absatz 1 gelten als Biomasse im Sinne dieser Verordnung: <DL Font="normal" Type="arabic"><DT>1.</DT><DD Font="normal"><LA Size="normal">Treibsel aus Gewässerpflege, Uferpflege und -reinhaltung,</LA></DD><DT>2.</DT><DD Font="normal"><LA Size="normal">durch anaerobe Vergärung erzeugtes Biogas, sofern zur Vergärung nicht Stoffe nach § 3 Nummer 3, 7 oder 9 oder mehr als 10 Gewichtsprozent Klärschlamm eingesetzt werden.</LA></DD></DL></P><P>(4) Stoffe, aus denen in Altanlagen im Sinne von § 2 Abs. 3 Satz 4 des Erneuerbare-Energien-Gesetzes vom 29. März 2000 (BGBl. I S. 305) in der am 31. Juli 2004 geltenden Fassung Strom erzeugt und vor dem 1. April 2000 bereits als Strom aus Biomasse vergütet worden ist, gelten in diesen Anlagen weiterhin als Biomasse. Dies gilt nicht für Stoffe nach § 3 Nr. 4.</P></Content></text><fussnoten/></textdaten></norm>
<norm builddate="20220324213003" doknr="BJNR123400001BJNE000901116"><metadaten><jurabk>BiomasseV</jurabk><enbez>§ 2a</enbez><titel format="XML">(weggefallen)</titel></metadaten><textdaten><text format="XML"><Content><P/></Content></text><fussnoten/></textdaten></norm>
<norm builddate="20220324213003" doknr="BJNR123400001BJNE000404123"><metadaten><jurabk>BiomasseV</jurabk><enbez>§ 3</enbez><titel format="XML">Nicht als Biomasse anerkannte Stoffe</titel></metadaten><textdaten><text format="XML"><Content><P>Nicht als Biomasse im Sinne dieser Verordnung gelten: <DL Font="normal" Type="arabic"><DT>1.</DT><DD Font="normal"><LA Size="normal">fossile Brennstoffe sowie daraus hergestellte Neben- und Folgeprodukte,</LA></DD><DT>2.</DT><DD Font="normal"><LA Size="normal">Torf,</LA></DD><DT>3.</DT><DD Font="normal"><LA Size="normal">gemischte Siedlungsabfälle aus privaten Haushaltungen sowie ähnliche Abfälle aus anderen Herkunftsbereichen einschließlich aus gemischten Siedlungsabfällen herausgelöste Biomassefraktionen,</LA></DD><DT>4.</DT><DD Font="normal"><LA Size="normal">Altholz mit Ausnahme von Industrierestholz</LA></DD><DT>5.</DT><DD Font="normal"><LA Size="normal">Papier, Pappe, Karton,</LA></DD><DT>6.</DT><DD Font="normal"><LA Size="normal">Klärschlämme im Sinne der Klärschlammverordnung,</LA></DD><DT>7.</DT><DD Font="normal"><LA Size="normal">Hafenschlick und sonstige Gewässerschlämme und -sedimente,</LA></DD><DT>8.</DT><DD Font="normal"><LA Size="normal">Textilien,</LA></DD><DT>9.</DT><DD Font="normal"><LA Size="normal">tierische Nebenprodukte im Sinne von Artikel 3 Nummer 1 der Verordnung (EG) Nr. 1069/2009 des Europäischen Parlaments und des Rates vom 21. Oktober 2009 mit Hygienevorschriften für nicht für den menschlichen Verzehr bestimmte tierische Nebenprodukte und zur Aufhebung der Verordnung (EG) Nr. 1774/2002 (ABl. L 300 vom 14.11.2009, S. 1), die durch die Richtlinie 2010/63/EU (ABl. L 276 vom 20.10.2010, S. 33) geändert worden ist, soweit es sich <DL Font="normal" Type="alpha"><DT>a)</DT><DD Font="normal"><LA Size="normal">um Material der Kategorie 1 gemäß Artikel 8 der Verordnung (EG) Nr. 1069/2009 handelt,</LA></DD><DT>b)</DT><DD Font="normal"><LA Size="normal">um Material der Kategorie 2 gemäß Artikel 9 der Verordnung (EG) Nr. 1069/2009 mit Ausnahme von Gülle, von Magen und Darm getrenntem Magen- und Darminhalt und Kolostrum im Sinne der genannten Verordnung handelt,</LA></DD><DT>c)</DT><DD Font="normal"><LA Size="normal">um Material der Kategorie 3 gemäß Artikel 10 der Verordnung (EG) Nr. 1069/2009 mit Ausnahme von Häuten, Fellen, Hufen, Federn, Wolle, Hörnern, Haaren und Pelzen nach Artikel 10 Buchstaben b Unterbuchstaben iii bis v, h und n handelt, und dieses Material durch Verbrennen direkt als Abfall beseitigt wird, oder</LA></DD><DT>d)</DT><DD Font="normal"><LA Size="normal">um Material der Kategorie 3 gemäß Artikel 10 der Verordnung (EG) Nr. 1069/2009 handelt, das in Verarbeitungsbetrieben für Material der Kategorie 1 oder 2 verarbeitet wird, sowie Stoffe, die durch deren dortige Verarbeitung hergestellt worden oder sonst entstanden sind,</LA></DD></DL></LA></DD><DT>10.</DT><DD Font="normal"><LA Size="normal">Deponiegas,</LA></DD><DT>11.</DT><DD Font="normal"><LA Size="normal">Klärgas,</LA></DD><DT>12.</DT><DD Font="normal"><LA>Ablaugen der Zellstoffherstellung.</LA></DD></DL></P></Content></text><fussnoten/></textdaten></norm>
<norm builddate="20220324213003" doknr="BJNR123400001BJNE000500305"><metadaten><jurabk>BiomasseV</jurabk><enbez>§ 4</enbez><titel format="parat">Technische Verfahren</titel></metadaten><textdaten><text format="XML"><Content><P>(1) Als technische Verfahren zur Erzeugung von Strom aus Biomasse im Sinne dieser Verordnung gelten einstufige und mehrstufige Verfahren der Stromerzeugung durch folgende Arten von Anlagen: <DL Font="normal" Type="arabic"><DT>1.</DT><DD Font="normal"><LA Size="normal">Feuerungsanlagen in Kombination mit Dampfturbinen-, Dampfmotor-, Stirlingmotor- und Gasturbinenprozessen, einschließlich Organic-Rankine-Cycle-(ORC)-Prozessen,</LA></DD> <DT>2.</DT><DD Font="normal"><LA Size="normal">Verbrennungsmotoranlagen,</LA></DD> <DT>3.</DT><DD Font="normal"><LA Size="normal">Gasturbinenanlagen,</LA></DD> <DT>4.</DT><DD Font="normal"><LA Size="normal">Brennstoffzellenanlagen,</LA></DD> <DT>5.</DT><DD Font="normal"><LA Size="normal">andere Anlagen, die wie die in Nummern 1 bis 4 genannten technischen Verfahren im Hinblick auf das Ziel des Klima- und Umweltschutzes betrieben werden.</LA></DD> </DL> </P><P>(2) Soweit eine Stromerzeugung aus Biomasse im Sinne dieser Verordnung mit einem Verfahren nach Absatz 1 nur durch eine Zünd- oder Stützfeuerung mit anderen Stoffen als Biomasse möglich ist, können auch solche Stoffe eingesetzt werden.</P><P>(3) In Anlagen nach Absatz 1 und 2 darf bis zu einem Anteil von 10 vom Hundert des Energiegehalts auch Klärgas oder durch thermische Prozesse unter Sauerstoffmangel erzeugtes Gas (Synthesegas) eingesetzt werden, wenn das Gas (Synthesegas) aus Klärschlamm im Sinne der Klärschlammverordnung erzeugt worden ist.</P></Content> </text></textdaten></norm>
<norm builddate="20220324213003" doknr="BJNR123400001BJNE000601310"><metadaten><jurabk>BiomasseV</jurabk><enbez>§ 5</enbez><titel format="XML">Umweltanforderungen</titel></metadaten><textdaten><text format="XML"><Content><P>Zur Vermeidung und Verminderung von Umweltverschmutzungen, zum Schutz und zur Vorsorge vor schädlichen Umwelteinwirkungen und zur Gefahrenabwehr sowie zur Schonung der Ressourcen und zur Sicherung des umweltverträglichen Umgangs mit Abfällen sind die für die jeweiligen technischen Verfahren sowie den Einsatz der betreffenden Stoffe geltenden Vorschriften des öffentlichen Rechts einzuhalten.</P></Content></text><fussnoten/></textdaten></norm>
<norm builddate="20220324213003" doknr="BJNR123400001BJNE000700305"><metadaten><jurabk>BiomasseV</jurabk><enbez>§ 6</enbez><titel format="parat">Inkrafttreten</titel></metadaten><textdaten><text format="XML"><Content><P>Diese Verordnung tritt am Tage nach der Verkündung ist Kraft.</P></Content></text></textdaten></norm>
<norm builddate="20220324213003" doknr="BJNR123400001BJNE000800305"><metadaten><jurabk>BiomasseV</jurabk><enbez>Schlussformel</enbez></metadaten><textdaten><text format="XML"><Content><P>Der Bundesrat hat zugestimmt.</P></Content></text></textdaten></norm>
<norm builddate="20220324213003" doknr="BJNR123400001BJNE001001116"><metadaten><jurabk>BiomasseV</jurabk><enbez>(XXXX) Anlage 1 bis 3</enbez><titel format="XML">(weggefallen)</titel></metadaten><textdaten><text format="XML"><Content><P/></Content></text><fussnoten/></textdaten></norm>
</dokumente>