<?xml version="1.0" encoding="UTF-8" ?><!DOCTYPE dokumente SYSTEM "http://www.gesetze-im-internet.de/dtd/1.01/gii-norm.dtd">
<dokumente builddate="20160701221038" doknr="BJNR010240992"><norm builddate="20160701221038" doknr="BJNR010240992"><metadaten><jurabk>WZG§4EUREKA/EFTABek</jurabk><ausfertigung-datum manuell="ja">1992-05-22</ausfertigung-datum><fundstelle typ="amtlich"><periodikum>BGBl I</periodikum><zitstelle>1992, 1024</zitstelle></fundstelle><langue>Bekanntmachung zu § 4 des Warenzeichengesetzes</langue></metadaten><textdaten><text format="XML"><Content><P/></Content></text><fussnoten><Content><P>(+++ Textnachweis ab: 17. 6.1992 +++)</P></Content></fussnoten></textdaten></norm>
<norm builddate="20160701221038" doknr="BJNR010240992BJNE000100314"><metadaten><jurabk>WZG§4EUREKA/EFTABek</jurabk><enbez>I.</enbez></metadaten><textdaten><text format="XML"><Content><P>Auf Grund des § 4 Abs. 2 Nr. 3a des Warenzeichengesetzes in der Fassung der Bekanntmachung vom 2. Januar 1968 (BGBl. I S. 1, 29) wird bekanntgemacht, daß die Namen und Kennzeichen <DL Font="normal" Type="arabic"><DT>-</DT><DD Font="normal"><LA Size="normal">der zwischenstaatlichen Organisation EUREKA (Anlage 1),</LA></DD> <DT>-</DT><DD Font="normal"><LA Size="normal">der Europäischen Freihandelsassoziation EFTA (Anlage 2) und</LA></DD> <DT>-</DT><DD Font="normal"><LA Size="normal">der Weltorganisation für geistiges Eigentum in chinesischer Schreibweise (Anlage 3)</LA></DD> </DL>von der Eintragung als Warenzeichen ausgeschlossen sind. <BR/>Das in Anlage 2 wiedergegebene Kennzeichen tritt an die Stelle des in der Anlage zu der Bekanntmachung vom 13. März 1986 (BGBl. I S. 370) wiedergegebenen Kennzeichens.</P></Content></text></textdaten></norm>
<norm builddate="20160701221038" doknr="BJNR010240992BJNE000200314"><metadaten><jurabk>WZG§4EUREKA/EFTABek</jurabk><enbez>II.</enbez></metadaten><textdaten><text format="XML"><Content><P>Auf Grund des § 4 Abs. 2 Nr. 3 desselben Gesetzes werden nationale Kennzeichen bekanntgemacht, die <DL Font="normal" Type="arabic"><DT>-</DT><DD Font="normal"><LA Size="normal">in Tunesien für die Konformität mit tunesischen Standards</LA></DD> </DL>eingeführt sind (Anlage 4).</P></Content></text></textdaten></norm>
<norm builddate="20160701221038" doknr="BJNR010240992BJNE000300314"><metadaten><jurabk>WZG§4EUREKA/EFTABek</jurabk><enbez>III.</enbez></metadaten><textdaten><text format="XML"><Content><P>Diese Bekanntmachung ergeht im Anschluß an die Bekanntmachung vom 14. Januar 1992 (BGBl. I S. 224).</P></Content></text></textdaten></norm>
<norm builddate="20160701221038" doknr="BJNR010240992BJNE000400314"><metadaten><jurabk>WZG§4EUREKA/EFTABek</jurabk><enbez>Schlußformel</enbez></metadaten><textdaten><text format="XML"><Content><P><SP>Der Bundesminister der Justiz</SP></P></Content></text></textdaten></norm>
<norm builddate="20160701221038" doknr="BJNR010240992BJNE000500314"><metadaten><jurabk>WZG§4EUREKA/EFTABek</jurabk><enbez>Anlage 1</enbez></metadaten><textdaten><text format="XML"><Content><P><BR/><noindex><kommentar typ="Fundstelle">Fundstelle: BGBl. I 1992, 1025)</kommentar></noindex><BR/><BR/><IMG Align="center" Pos="block" SRC="bgbl1_1992_j1025_0010.jpg"/></P></Content></text></textdaten></norm>
<norm builddate="20160701221038" doknr="BJNR010240992BJNE000600314"><metadaten><jurabk>WZG§4EUREKA/EFTABek</jurabk><enbez>Anlage 2</enbez></metadaten><textdaten><text format="XML"><Content><P><BR/><noindex><kommentar typ="Fundstelle">Fundstelle: BGBl. I 1992, 1025)</kommentar></noindex><BR/><IMG Align="center" Pos="block" SRC="bgbl1_1992_j1025_0020.jpg"/><BR/></P></Content></text></textdaten></norm>
<norm builddate="20160701221038" doknr="BJNR010240992BJNE000700314"><metadaten><jurabk>WZG§4EUREKA/EFTABek</jurabk><enbez>Anlage 3</enbez></metadaten><textdaten><text format="XML"><Content><P><BR/><noindex><kommentar typ="Fundstelle">Fundstelle: BGBl. I 1992, 1026)</kommentar></noindex><BR/><IMG Align="center" Pos="block" SRC="bgbl1_1992_j1026_0010.jpg"/></P></Content></text></textdaten></norm>
<norm builddate="20160701221038" doknr="BJNR010240992BJNE000800314"><metadaten><jurabk>WZG§4EUREKA/EFTABek</jurabk><enbez>Anlage 4</enbez></metadaten><textdaten><text format="XML"><Content><P><BR/><noindex><kommentar typ="Fundstelle">Fundstelle: BGBl. I 1992, 1026)</kommentar></noindex><BR/><IMG Align="center" Pos="block" SRC="bgbl1_1992_j1026_0020.jpg"/></P></Content></text></textdaten></norm>
</dokumente>