<?xml version="1.0" encoding="UTF-8" ?><!DOCTYPE dokumente SYSTEM "http://www.gesetze-im-internet.de/dtd/1.01/gii-norm.dtd">
<dokumente builddate="20171215221029" doknr="BJNR375400002"><norm builddate="20171215221029" doknr="BJNR375400002"><metadaten><jurabk>MarkenG§8Bek 02</jurabk><ausfertigung-datum manuell="ja">2002-09-12</ausfertigung-datum><fundstelle typ="amtlich"><periodikum>BGBl I</periodikum><zitstelle>2002, 3754</zitstelle></fundstelle><langue>Bekanntmachung zu § 8 des Markengesetzes</langue></metadaten><textdaten><text format="XML"><Content><P/></Content></text><fussnoten><Content><P><BR/> <pre xml:space="preserve">(+++ Textnachweis ab: 30. 9.2002 +++)<BR/><BR/></pre></P></Content></fussnoten></textdaten></norm>
<norm builddate="20171215221029" doknr="BJNR375400002BJNE000100308"><metadaten><jurabk>MarkenG§8Bek 02</jurabk><enbez>(XXXX)</enbez></metadaten><textdaten><text format="XML"><Content><P>Auf Grund des § 8 Abs. 2 Nr. 8 des Markengesetzes vom 25. Oktober 1994 (BGBl. I S. 3082, 1995 I S. 156) wird bekannt gemacht, dass <DL Font="normal" Type="arabic"><DT>1.</DT><DD Font="normal"><LA Size="normal">das Emblem der &quot;Europäischen Investitionsbank&quot; (Anlage 1),</LA></DD><DT>2.</DT><DD Font="normal"><LA Size="normal">Name, Abkürzung und Emblem des &quot;Welternährungsprogramms&quot; (Anlage 2),</LA></DD><DT>3.</DT><DD Font="normal"><LA Size="normal">Name, Abkürzung und Emblem der &quot;Nordischen Investitionsbank&quot; (Anlage 3),</LA></DD><DT>4.</DT><DD Font="normal"><LA Size="normal">Name, Abkürzung und Emblem des &quot;Rahmenübereinkommens der Vereinten Nationen über Klimaänderungen&quot; (Anlage 4)</LA></DD></DL>von der Eintragung als Marke ausgeschlossen sind.<BR/>Diese Bekanntmachung ergeht im Anschluss an die Bekanntmachung vom 28. April 2000 (BGBl. I S. 737).</P></Content></text></textdaten></norm>
<norm builddate="20171215221029" doknr="BJNR375400002BJNE000200308"><metadaten><jurabk>MarkenG§8Bek 02</jurabk><enbez>Schlussformel</enbez></metadaten><textdaten><text format="XML"><Content><P>Bundesministerium der Justiz</P></Content></text></textdaten></norm>
<norm builddate="20171215221029" doknr="BJNR375400002BJNE000300308"><metadaten><jurabk>MarkenG§8Bek 02</jurabk><enbez>Anlage 1</enbez><titel format="parat">Emblem der Europäischen Investitionsbank</titel></metadaten><textdaten><text format="XML"><Content><P><noindex><kommentar typ="Fundstelle">Fundstelle: BGBl. I 2002, 3755)</kommentar></noindex></P><table frame="none" pgwide="1" tocentry="%yes;"><tgroup align="left" char="" charoff="50" cols="2"><colspec colname="col1" colsep="0" colwidth="0.33*"/><colspec colname="col2" colwidth="1.67*"/><tbody valign="top"><row><entry VJ="1">Emblem of the EIB<BR/>Emblème de la BEI</entry><entry VJ="1"><IMG Align="center" Pos="block" SRC="bgbl1_2002_j3755_0010.jpg"/></entry></row></tbody></tgroup></table></Content></text></textdaten></norm>
<norm builddate="20171215221029" doknr="BJNR375400002BJNE000400308"><metadaten><jurabk>MarkenG§8Bek 02</jurabk><enbez>Anlage 2</enbez><titel format="parat">Namen, Abkürzungen und Emblem des Welternährungsprogramms</titel></metadaten><textdaten><text format="XML"><Content><P><noindex><kommentar typ="Fundstelle">(Fundstelle: BGBl. I 2002, 3756)</kommentar></noindex></P><P><DL Font="normal" Type="arabic"><DT>1.</DT><DD Font="normal"><LA Size="normal">Names in English, French, Spanish and Arabic:</LA><LA Size="normal"><ABWFORMAT typ="A"/>Denominations en anglais, francais, espagnol et arabe:</LA><LA Size="normal">World Food Programme</LA><LA Size="normal">Programme alimentaire mondial</LA><LA Size="normal">Programa Mundial de Alimentos</LA><LA Size="normal"><noindex><kommentar typ="Hinweis">... (nicht darstellbare arabische Schriftzeichen)</kommentar></noindex></LA></DD><DT>2.</DT><DD Font="normal"><LA Size="normal">Abbreviations in Englisch, French and Spanish:</LA><LA Size="normal">Sigles en anglais, <ABWFORMAT typ="A"/>francais et espagnol:</LA><LA Size="normal">WFP</LA><LA Size="normal">PAM</LA><LA Size="normal">PMA</LA></DD><DT>3.</DT><DD Font="normal"><LA Size="normal">Emblem:</LA><LA Size="normal"><ABWFORMAT typ="A"/>Embleme:</LA><LA Size="normal"><noindex><kommentar typ="Hinweis">... (nicht darstellbares Emblem)</kommentar></noindex></LA></DD></DL></P></Content></text></textdaten></norm>
<norm builddate="20171215221029" doknr="BJNR375400002BJNE000500308"><metadaten><jurabk>MarkenG§8Bek 02</jurabk><enbez>Anlage 3</enbez><titel format="parat">Name, Abkürzung und Emblem der Nordischen Investitionsbank</titel></metadaten><textdaten><text format="XML"><Content><P><noindex><kommentar typ="Fundstelle">(Fundstelle: BGBl. I 2002, 3757)</kommentar></noindex><BR/><table frame="none" tocentry="%yes;"><tgroup align="left" char="" charoff="50" cols="2" colsep="0" rowsep="0"><colspec colname="col1" colnum="1" colwidth="55*"/><colspec colname="col2" colnum="2" colwidth="55*"/><tbody valign="top"><row><entry VJ="1" align="left" colsep="0" valign="top">Name in English/Nom en anglais:</entry><entry VJ="1" align="left" colsep="0" valign="top">Nordic Investment Bank</entry></row><row><entry VJ="1" align="left" colsep="0" valign="top">Name in Swedish/Nom en suedois:</entry><entry VJ="1" align="left" colsep="0" valign="top">Nordiska Investeringsbanken</entry></row><row><entry VJ="1" align="left" colsep="0" valign="top">Name in Finnish/Nom en finnois:</entry><entry VJ="1" align="left" colsep="0" valign="top">Pohjoismaiden Investointipankki</entry></row><row><entry VJ="1" align="left" colsep="0" valign="top">Name in Norvegian/Nom en norvegien:</entry><entry VJ="1" align="left" colsep="0" valign="top">Den nordiske Investeringsbank</entry></row><row><entry VJ="1" align="left" colsep="0" valign="top">Name in Danish/Nom en danois:</entry><entry VJ="1" align="left" colsep="0" valign="top">Den Nordiske Investeringsbank</entry></row><row><entry VJ="1" align="left" colsep="0" valign="top">Name in Icelandic/Nom en islandais:</entry><entry VJ="1" align="left" colsep="0" valign="top">Norraeni fjarfestingarbankinn</entry></row><row><entry VJ="1" align="left" colsep="0" valign="top">Abbreviation/Sigle:</entry><entry VJ="1" align="left" colsep="0" valign="top">NIB</entry></row><row><entry VJ="1" align="left" colsep="0" nameend="col2" namest="col1" valign="top"><noindex><kommentar typ="Hinweis">... (nicht darstellbares Emblem)</kommentar></noindex></entry></row></tbody></tgroup></table></P></Content></text></textdaten></norm>
<norm builddate="20171215221029" doknr="BJNR375400002BJNE000600308"><metadaten><jurabk>MarkenG§8Bek 02</jurabk><enbez>Anlage 4</enbez><titel format="parat">Name, Abkürzung und Emblem des Rahmenübereinkommens der
Vereinten Nationen über Klimaänderungen</titel></metadaten><textdaten><text format="XML"><Content><P><noindex><kommentar typ="Fundstelle">(Fundstelle: BGBl. I 2002, 3758)</kommentar></noindex><BR/><table frame="none" tocentry="%yes;"><tgroup align="left" char="" charoff="50" cols="2" colsep="0" rowsep="0"><colspec colname="col1" colnum="1" colwidth="30*"/><colspec colname="col2" colnum="2" colwidth="80*"/><tbody valign="top"><row><entry VJ="1" align="left" colsep="0" valign="top">Name:</entry><entry VJ="1" align="left" colsep="0" valign="top">United Nations Framework Convention on Climate Change (New York, 1992)</entry></row><row><entry VJ="1" align="left" colsep="0" valign="top">Nom:</entry><entry VJ="1" align="left" colsep="0" valign="top">Convention-Cadre des Nations Unies sur les Changements Climatiques (New York, 1992)</entry></row><row><entry VJ="1" align="left" colsep="0" valign="top">Nombre:</entry><entry VJ="1" align="left" colsep="0" valign="top">Convencion Marco de las Naciones Unidas sobre el Cambio Climatico (New York, 1992)</entry></row><row><entry VJ="1" align="left" colsep="0" nameend="col2" namest="col1" valign="top"><noindex><kommentar typ="Hinweis">... (nicht darstellbare kyrillische, japanische und arabische Schriftzeichen)</kommentar></noindex></entry></row><row><entry VJ="1" align="left" colsep="0" nameend="col2" namest="col1" valign="top"><noindex><kommentar typ="Hinweis">... (nicht darstellbares Emblem)</kommentar></noindex></entry></row></tbody></tgroup></table></P></Content></text></textdaten></norm>
</dokumente>