<?xml version="1.0" encoding="UTF-8" ?><!DOCTYPE dokumente SYSTEM "http://www.gesetze-im-internet.de/dtd/1.01/gii-norm.dtd">
<dokumente builddate="20130405131341" doknr="BJNR133300997"><norm builddate="20130405131341" doknr="BJNR133300997"><metadaten><jurabk>SpielzHerstAusbV</jurabk><ausfertigung-datum manuell="ja">1997-06-10</ausfertigung-datum><fundstelle typ="amtlich"><periodikum>BGBl I</periodikum><zitstelle>1997, 1333</zitstelle></fundstelle><langue>Verordnung über die Berufsausbildung zum
Spielzeughersteller/zur Spielzeugherstellerin</langue></metadaten><textdaten><text format="XML"><Content><P/></Content></text><fussnoten><Content><P>(+++ Textnachweis ab:  1. 8.1997 +++)</P><P><BR/> Diese Rechtsverordnung ist eine Ausbildungsordnung im Sinne des § 25 des Berufsbildungsgestzes. Die Ausbildungsordnung und der damit abgestimmte, von der Ständigen Konferenz der Kultusminister der Länder in der Bundesrepublik Deutschland beschlossene Rahmenlehrplan für die Berufsschule werden demnächst als Beilage zum Bundesanzeiger veröffentlicht.</P></Content></fussnoten></textdaten></norm>
<norm builddate="20130405131341" doknr="BJNR133300997BJNE000100305"><metadaten><jurabk>SpielzHerstAusbV</jurabk><enbez>Eingangsformel</enbez></metadaten><textdaten><text format="XML"><Content><P>Auf Grund des § 25 des Berufsbildungsgesetzes vom 14. August 1969 (BGBl. I S. 1112), der zuletzt durch § 24 Nr. 1 des Gesetzes vom 24. August 1976 (BGBl. I S. 2525) geändert worden ist, in Verbindung mit Artikel 56 des Zuständigkeitsanpassungs-Gesetzes vom 18. März 1975 (BGBl. I S. 705) und dem Organisationserlaß vom 17. November 1994 (BGBl. I S. 3667) verordnet das Bundesministerium für Wirtschaft im Einvernehmen mit dem Bundesministerium für Bildung, Wissenschaft, Forschung und Technologie:</P></Content></text></textdaten></norm>
<norm builddate="20130405131341" doknr="BJNR133300997BJNE000200305"><metadaten><jurabk>SpielzHerstAusbV</jurabk><enbez>§ 1</enbez><titel format="parat">Staatliche Anerkennung des Ausbildungsberufes</titel></metadaten><textdaten><text format="XML"><Content><P>Der Ausbildungsberuf Spielzeughersteller/Spielzeugherstellerin wird staatlich anerkannt.</P></Content></text></textdaten></norm>
<norm builddate="20130405131341" doknr="BJNR133300997BJNE000300305"><metadaten><jurabk>SpielzHerstAusbV</jurabk><enbez>§ 2</enbez><titel format="parat">Ausbildungsdauer</titel></metadaten><textdaten><text format="XML"><Content><P>Die Ausbildung dauert drei Jahre.</P></Content></text></textdaten></norm>
<norm builddate="20130405131341" doknr="BJNR133300997BJNE000400305"><metadaten><jurabk>SpielzHerstAusbV</jurabk><enbez>§ 3</enbez><titel format="parat">Ausbildungsberufsbild</titel></metadaten><textdaten><text format="XML"><Content><P>Gegenstand der Berufsausbildung sind mindestens die folgenden Fertigkeiten und Kenntnisse: <DL Font="normal" Type="arabic"><DT>1.</DT><DD Font="normal"><LA Size="normal">Berufsbildung, Arbeits- und Tarifrecht,</LA></DD> <DT>2.</DT><DD Font="normal"><LA Size="normal">Aufbau und Organisation des Ausbildungsbetriebes,</LA></DD> <DT>3.</DT><DD Font="normal"><LA Size="normal">Sicherheit und Gesundheitsschutz bei der Arbeit,</LA></DD> <DT>4.</DT><DD Font="normal"><LA Size="normal">Umweltschutz,</LA></DD> <DT>5.</DT><DD Font="normal"><LA Size="normal">Planen und Vorbereiten von Arbeitsabläufen,</LA></DD> <DT>6.</DT><DD Font="normal"><LA Size="normal">Auswählen von Werk- und Hilfsstoffen,</LA></DD> <DT>7.</DT><DD Font="normal"><LA Size="normal">Be- und Verarbeiten von Werk- und Hilfsstoffen,</LA></DD> <DT>8.</DT><DD Font="normal"><LA Size="normal">Einrichten und Bedienen von Maschinen, Anlagen und Zusatzeinrichtungen,</LA></DD> <DT>9.</DT><DD Font="normal"><LA Size="normal">Instandhalten von Werkzeugen und Maschinen,</LA></DD> <DT>10.</DT><DD Font="normal"><LA Size="normal">Herstellen von Rohteilen,</LA></DD> <DT>11.</DT><DD Font="normal"><LA Size="normal">Veredeln von Oberflächen,</LA></DD> <DT>12.</DT><DD Font="normal"><LA Size="normal">Zusammenfügen und Montieren,</LA></DD> <DT>13.</DT><DD Font="normal"><LA Size="normal">Dekorieren,</LA></DD> <DT>14.</DT><DD Font="normal"><LA Size="normal">Qualitätssicherung.</LA></DD> </DL></P></Content></text></textdaten></norm>
<norm builddate="20130405131341" doknr="BJNR133300997BJNE000500305"><metadaten><jurabk>SpielzHerstAusbV</jurabk><enbez>§ 4</enbez><titel format="parat">Ausbildungsrahmenplan</titel></metadaten><textdaten><text format="XML"><Content><P>(1) Die Fertigkeiten und Kenntnisse nach § 3 sollen nach der in der Anlage enthaltenen Anleitung zur sachlichen und zeitlichen Gliederung der Berufsausbildung (Ausbildungsrahmenplan) vermittelt werden. Eine von dem Ausbildungsrahmenplan abweichende sachliche und zeitliche Gliederung der Ausbildungsinhalte ist insbesondere zulässig, soweit betriebspraktische Besonderheiten die Abweichung erfordern.</P><P>(2) Die in dieser Verordnung genannten Fertigkeiten und Kenntnisse sollen so vermittelt werden, daß der Auszubildende zur Ausübung einer qualifizierten beruflichen Tätigkeit im Sinne des § 1 Abs. 2 des Berufsbildungsgesetzes befähigt wird, die insbesondere selbständiges Planen, Durchführen und Kontrollieren einschließt. Diese Befähigung ist auch in den Prüfungen nach den §§ 7 und 8 nachzuweisen.</P></Content> </text></textdaten></norm>
<norm builddate="20130405131341" doknr="BJNR133300997BJNE000600305"><metadaten><jurabk>SpielzHerstAusbV</jurabk><enbez>§ 5</enbez><titel format="parat">Ausbildungsplan</titel></metadaten><textdaten><text format="XML"><Content><P>Der Ausbildende hat unter Zugrundelegung des Ausbildungsrahmenplanes für den Auszubildenden einen Ausbildungsplan zu erstellen.</P></Content></text></textdaten></norm>
<norm builddate="20130405131341" doknr="BJNR133300997BJNE000700305"><metadaten><jurabk>SpielzHerstAusbV</jurabk><enbez>§ 6</enbez><titel format="parat">Berichtsheft</titel></metadaten><textdaten><text format="XML"><Content><P>Der Auszubildende hat ein Berichtsheft in Form eines Ausbildungsnachweises zu führen. Ihm ist Gelegenheit zu geben, das Berichtsheft während der Ausbildungszeit zu führen. Der Ausbildende hat das Berichtsheft regelmäßig durchzusehen.</P></Content></text></textdaten></norm>
<norm builddate="20130405131341" doknr="BJNR133300997BJNE000800305"><metadaten><jurabk>SpielzHerstAusbV</jurabk><enbez>§ 7</enbez><titel format="parat">Zwischenprüfung</titel></metadaten><textdaten><text format="XML"><Content><P>(1) Zur Ermittlung des Ausbildungsstandes ist eine Zwischenprüfung durchzuführen. Sie soll vor dem Ende des zweiten Ausbildungsjahres stattfinden.</P><P>(2) Die Zwischenprüfung erstreckt sich auf die in der Anlage für das erste Ausbildungsjahr und das dritte Ausbildungshalbjahr aufgeführten Fertigkeiten und Kenntnisse sowie auf den im Berufsschulunterricht entsprechend den Rahmenlehrplänen zu vermittelnden Lehrstoff, soweit er für die Berufsausbildung wesentlich ist.</P><P>(3) Der Prüfling soll in der praktischen Prüfung in insgesamt höchstens sieben Stunden drei Arbeitsproben einschließlich Arbeitsablaufplan durchführen. Hierfür kommen insbesondere in Betracht: <DL Font="normal" Type="arabic"><DT>1.</DT><DD Font="normal"><LA Size="normal">Aufzeichnen, Zuschneiden und Zusammennähen von textilen Flächengebilden,</LA></DD> <DT>2.</DT><DD Font="normal"><LA Size="normal">Aufzeichnen, Zuschneiden und Zusammennähen von Plüsch,</LA></DD> <DT>3.</DT><DD Font="normal"><LA Size="normal">Anfertigen von flächenhaften Holzteilen unter Einbeziehung von Handmaschinen und Montieren zu Baugruppen.</LA></DD> </DL> </P><P>(4) Der Prüfling soll in der schriftlichen Prüfung in insgesamt höchstens 180 Minuten Aufgaben, die sich auf praxisbezogene Fälle beziehen sollen, aus folgenden Gebieten lösen: <DL Font="normal" Type="arabic"><DT>1.</DT><DD Font="normal"><LA Size="normal">Sicherheit und Gesundheitsschutz bei der Arbeit, Umweltschutz,</LA></DD> <DT>2.</DT><DD Font="normal"><LA Size="normal">Herkunft, Aufbau und Eigenschaften der Werk- und Hilfsstoffe,</LA></DD> <DT>3.</DT><DD Font="normal"><LA Size="normal">Arten der Oberflächenveredlung,</LA></DD> <DT>4.</DT><DD Font="normal"><LA Size="normal">Techniken der Rohteilherstellung,</LA></DD> <DT>5.</DT><DD Font="normal"><LA Size="normal">fachbezogene Berechnungen,</LA></DD> <DT>6.</DT><DD Font="normal"><LA Size="normal">Qualitätssicherung.</LA></DD> </DL> </P><P>(5) Die in Absatz 4 genannte Prüfungsdauer kann insbesondere unterschritten werden, soweit die schriftliche Prüfung in programmierter Form durchgeführt wird.</P></Content>  </text></textdaten></norm>
<norm builddate="20130405131341" doknr="BJNR133300997BJNE000900305"><metadaten><jurabk>SpielzHerstAusbV</jurabk><enbez>§ 8</enbez><titel format="parat">Abschlußprüfung</titel></metadaten><textdaten><text format="XML"><Content><P>(1) Die Abschlußprüfung erstreckt sich auf die in der Anlage aufgeführten Fertigkeiten und Kenntnisse sowie auf den im Berufsschulunterricht vermittelten Lehrstoff, soweit er für die Berufsausbildung wesentlich ist.</P><P>(2) Der Prüfling soll in der praktischen Prüfung in insgesamt höchstens 14 Stunden eine Arbeitsprobe durchführen und ein Prüfungsstück in einem der folgenden Produktionsbereiche nach seiner Wahl anfertigen: figürliches Spielzeug, textiles Spielzeug oder Holzspielzeug. Wird das Prüfungsstück in dem Bereich figürliches Spielzeug oder textiles Spielzeug angefertigt, soll die Arbeitsprobe in dem Bereich Holzspielzeug durchgeführt werden. Wird das Prüfungsstück in dem Bereich Holzspielzeug angefertigt, soll die Arbeitsprobe in den Bereichen figürliches oder textiles Spielzeug durchgeführt werden. Es kommen insbesondere in Betracht: <DL Font="normal" Type="arabic"><DT>1.</DT><DD Font="normal"><LA Size="normal">als Arbeitsprobe:<DL Font="normal" Type="arabic"><DT>a)</DT><DD Font="normal"><LA Size="normal">Fertigen einer Puppenbekleidung oder einer Plüschhülle aus vorgefertigten Teilen oder</LA></DD> <DT>b)</DT><DD Font="normal"><LA Size="normal">Herstellen einer Holzverbindung an einer stationären Holzbearbeitungsmaschine mit Einrichten und Rüsten;</LA></DD> </DL></LA></DD> <DT>2.</DT><DD Font="normal"><LA Size="normal">als Prüfungsstück:<DL Font="normal" Type="arabic"><DT>a)</DT><DD Font="normal"><LA Size="normal">Anfertigen einer Puppe aus vorgefertigten Teilen einschließlich Komplettieren und Ausstatten,</LA></DD> <DT>b)</DT><DD Font="normal"><LA Size="normal">Anfertigen eines Plüschtieres aus vorgefertigten Teilen einschließlich Komplettieren und Ausstatten oder</LA></DD> <DT>c)</DT><DD Font="normal"><LA Size="normal">Anfertigen eines Spielzeuges aus Holz aus vorgefertigten Teilen einschließlich Oberflächenbehandlung und Komplettieren.</LA></DD> </DL></LA></DD> </DL>Dabei soll die Arbeitsprobe mit 30 vom Hundert und das Prüfungsstück mit 70 vom Hundert gewichtet werden.</P><P>(3) Der Prüfling soll in der schriftlichen Prüfung in den Prüfungsfächern Technologie, Technische Mathematik, Technisches Zeichnen sowie Wirtschafts- und Sozialkunde geprüft werden. Es kommen Aufgaben, die sich auf praxisbezogene Fälle beziehen sollen, insbesondere aus folgenden Gebieten in Betracht: <DL Font="normal" Type="arabic"><DT>1.</DT><DD Font="normal"><LA Size="normal">im Prüfungsfach Technologie:<DL Font="normal" Type="arabic"><DT>a)</DT><DD Font="normal"><LA Size="normal">Sicherheit und Gesundheitsschutz bei der Arbeit, Umweltschutz,</LA></DD> <DT>b)</DT><DD Font="normal"><LA Size="normal">Aufbau, Funktion und Einsatz von Maschinen und Anlagen zur Spielzeugherstellung,</LA></DD> <DT>c)</DT><DD Font="normal"><LA Size="normal">Techniken der Kunststoffteileherstellung,</LA></DD> <DT>d)</DT><DD Font="normal"><LA Size="normal">Montage- und Dekorationsarbeiten,</LA></DD> <DT>e)</DT><DD Font="normal"><LA Size="normal">Arbeitsablauf und Arbeitsorganisation,</LA></DD> <DT>f)</DT><DD Font="normal"><LA Size="normal">Zusammenhang zwischen Materialien, Verarbeitungstechnik und Verwendungszweck,</LA></DD> <DT>g)</DT><DD Font="normal"><LA Size="normal">Qualitätsmerkmale, Qualitätssicherung und Zertifizierung;</LA></DD> </DL></LA></DD> <DT>2.</DT><DD Font="normal"><LA Size="normal">im Prüfungsfach Technische Mathematik:<DL Font="normal" Type="arabic"><DT>a)</DT><DD Font="normal"><LA Size="normal">Rechnen mit fachspezifischen Kenndaten,</LA></DD> <DT>b)</DT><DD Font="normal"><LA Size="normal">produkt- und leistungsbezogene Berechnungen;</LA></DD> </DL></LA></DD> <DT>3.</DT><DD Font="normal"><LA Size="normal">im Prüfungsfach Technisches Zeichnen:<DL Font="normal" Type="arabic"><DT>a)</DT><DD Font="normal"><LA Size="normal">norm- und maßstabsgerechte Darstellung von Flächen und Körpern,</LA></DD> <DT>b)</DT><DD Font="normal"><LA Size="normal">Interpretieren technischer Zeichnungen,</LA></DD> <DT>c)</DT><DD Font="normal"><LA Size="normal">Gestaltung,</LA></DD> <DT>d)</DT><DD Font="normal"><LA Size="normal">Farbenlehre;</LA></DD> </DL></LA></DD> <DT>4.</DT><DD Font="normal"><LA Size="normal">im Prüfungsfach Wirtschafts- und Sozialkunde:</LA><LA Size="normal">allgemeine wirtschaftliche und gesellschaftliche Zusammenhänge der Berufs- und Arbeitswelt.</LA></DD>  </DL> </P><P>(4) Für die schriftliche Prüfung ist von folgenden zeitlichen Höchstwerten auszugehen: <BR/><table frame="none" tocentry="%yes;">
	<tgroup align="left" char="" charoff="50" cols="3" colsep="0" rowsep="0">
		<colspec colname="col1" colnum="1" colwidth="5*"/>
		<colspec colname="col2" colnum="2" colwidth="50*"/>
		<colspec colname="col3" colnum="3" colwidth="20*"/>
		<tbody valign="top">
			<row>
				<entry VJ="1" align="left" colsep="0" valign="top">1.</entry>
				<entry VJ="1" align="left" colsep="0" valign="top">im Prüfungsfach Technologie</entry>
				<entry VJ="1" align="right" colsep="0" valign="bottom">120 Minuten,</entry>
			</row>
			<row>
				<entry VJ="1" align="left" colsep="0" valign="top">2.</entry>
				<entry VJ="1" align="left" colsep="0" valign="top">im Prüfungsfach Technische Mathematik</entry>
				<entry VJ="1" align="right" colsep="0" valign="bottom">90 Minuten,</entry>
			</row>
			<row>
				<entry VJ="1" align="left" colsep="0" valign="top">3.</entry>
				<entry VJ="1" align="left" colsep="0" valign="top">im Prüfungsfach Technisches Zeichnen</entry>
				<entry VJ="1" align="right" colsep="0" valign="bottom">90 Minuten,</entry>
			</row>
			<row>
				<entry VJ="1" align="left" colsep="0" valign="top">4.</entry>
				<entry VJ="1" align="left" colsep="0" valign="top">im Prüfungsfach Wirtschafts- und Sozialkunde</entry>
				<entry VJ="1" align="right" colsep="0" valign="bottom">60 Minuten.</entry>
			</row>
		</tbody>
	</tgroup>
</table> </P><P>(5) Die in Absatz 4 genannte Prüfungsdauer kann insbesondere unterschritten werden, soweit die schriftliche Prüfung in programmierter Form durchgeführt wird.</P><P>(6) Die schriftliche Prüfung ist auf Antrag des Prüflings oder nach Ermessen des Prüfungsausschusses in einzelnen Fächern durch eine mündliche Prüfung zu ergänzen, wenn diese für das Bestehen der Prüfung den Ausschlag geben kann. Die schriftliche Prüfung hat gegenüber der mündlichen das doppelte Gewicht.</P><P>(7) Innerhalb der schriftlichen Prüfung hat das Prüfungsfach Technologie gegenüber jedem der übrigen Prüfungsfächer das doppelte Gewicht.</P><P>(8) Die Prüfung ist bestanden, wenn jeweils in der praktischen und in der schriftlichen Prüfung sowie innerhalb der schriftlichen Prüfung im Prüfungsfach Technologie mindestens ausreichende Leistungen erbracht sind.</P></Content>      </text></textdaten></norm>
<norm builddate="20130405131341" doknr="BJNR133300997BJNE001000305"><metadaten><jurabk>SpielzHerstAusbV</jurabk><enbez>§ 9</enbez><titel format="parat">Inkrafttreten</titel></metadaten><textdaten><text format="XML"><Content><P>Diese Verordnung tritt am 1. August 1997 in Kraft.</P></Content></text></textdaten></norm>
<norm builddate="20130405131341" doknr="BJNR133300997BJNE001100305"><metadaten><jurabk>SpielzHerstAusbV</jurabk><enbez>Anlage</enbez><titel format="XML">(zu § 4)<BR/>Ausbildungsrahmenplan für die Berufsausbildung zum Spielzeughersteller/zur Spielzeugherstellerin</titel></metadaten><textdaten><text format="XML"><Content><P><ABWFORMAT typ="A"/><kommentar typ="Fundstelle">(Fundstelle: BGBl. I 1997, 1336 - 1339)</kommentar><BR/><table frame="all"><tgroup cols="7" colsep="1" rowsep="1"><colspec align="center" colname="col1" colnum="1" colwidth="50"/><colspec colname="col2" colnum="2" colwidth="150"/><colspec colname="col3" colnum="3" colwidth="300"/><colspec align="center" colname="col4" colnum="4" colwidth="50"/><colspec align="center" colname="col5" colnum="5" colwidth="50"/><colspec align="center" colname="col6" colnum="6" colwidth="50"/><colspec align="center" colname="col7" colnum="7" colwidth="50"/><tbody><row><entry align="left" morerows="1" valign="top">Lfd. Nr.</entry><entry morerows="1" valign="top">Teil des Ausbildungsberufsbildes</entry><entry align="center" morerows="1">Zu vermittelnde Fertigkeiten und Kenntnisse</entry><entry align="left" nameend="col7" namest="col4">Zeitliche Richtwerte in Wochen im Ausbildungsjahr</entry></row><row><entry>1</entry><entry nameend="col6" namest="col5">2</entry><entry>3</entry></row><row><entry>1</entry><entry align="center">2</entry><entry align="center">3</entry><entry nameend="col7" namest="col4">4</entry></row><row><entry valign="top">1</entry><entry valign="top">Berufsbildung, Arbeits- und Tarifrecht<BR/>(§ 3 Nr. 1)</entry><entry><DL><DT>a)</DT><DD><LA>Bedeutung des Ausbildungsvertrages, insbesondere Abschluß, Dauer und Beendigung, erklären</LA></DD><DT>b)</DT><DD><LA>gegenseitige Rechte und Pflichten aus dem Ausbildungsvertrag nennen</LA></DD><DT>c)</DT><DD><LA>Möglichkeiten der beruflichen Fortbildung nennen</LA></DD><DT>d)</DT><DD><LA>wesentliche Teile des Arbeitsvertrages nennen</LA></DD><DT>e)</DT><DD><LA>wesentliche Bestimmungen der für den ausbildenden Betrieb geltenden Tarifverträge nennen</LA></DD></DL></entry><entry align="left" morerows="3" nameend="col7" namest="col4">während der gesamten Ausbildung zu vermitteln</entry></row><row><entry align="center" valign="top">2</entry><entry valign="top">Aufbau und Organisation des Ausbildungsbetriebes<BR/>(§ 3 Nr. 2)</entry><entry><DL><DT>a)</DT><DD><LA>Aufbau und Aufgaben des ausbildenden Betriebes erläutern</LA></DD><DT>b)</DT><DD><LA>Grundfunktionen des ausbildenden Betriebes, wie Beschaffung, Fertigung, Absatz und Verwaltung, erklären</LA></DD><DT>c)</DT><DD><LA>Beziehungen des ausbildenden Betriebes und seiner Beschäftigten zu Wirtschaftsorganisationen, Berufsvertretungen und Gewerkschaften nennen</LA></DD><DT>d)</DT><DD><LA>Grundlagen, Aufgaben und Arbeitsweise der betriebsverfassungs- oder personalvertretungsrechtlichen Organe des ausbildenden Betriebes beschreiben</LA></DD></DL></entry></row><row><entry align="center" valign="top">3</entry><entry valign="top">Sicherheit und Gesundheitsschutz bei der Arbeit<BR/>(§ 3 Nr. 3)</entry><entry><DL><DT>a)</DT><DD><LA>Gefährdung von Sicherheit und Gesundheit am Arbeitsplatz feststellen und Maßnahmen zu ihrer Vermeidung ergreifen</LA></DD><DT>b)</DT><DD><LA>berufsbezogene Arbeitsschutz- und Unfallverhütungsvorschriften anwenden</LA></DD><DT>c)</DT><DD><LA>Verhaltensweisen bei Unfällen beschreiben sowie erste Maßnahmen einleiten</LA></DD><DT>d)</DT><DD><LA>Vorschriften des vorbeugenden Brandschutzes anwenden; Verhaltensweisen bei Bränden beschreiben und Maßnahmen zur Brandbekämpfung ergreifen</LA></DD></DL></entry></row><row><entry align="center" valign="top">4</entry><entry valign="top">Umweltschutz<BR/>(§ 3 Nr. 4)</entry><entry>Zur Vermeidung betriebsbedingter Umweltbelastungen im beruflichen Einwirkungsbereich beitragen, insbesondere<DL><DT>a)</DT><DD><LA>mögliche Umweltbelastungen durch den Ausbildungsbetrieb und seinen Beitrag zum Umweltschutz an Beispielen erklären</LA></DD><DT>b)</DT><DD><LA>für den Ausbildungsbetrieb geltende Regelungen des Umweltschutzes anwenden</LA></DD><DT>c)</DT><DD><LA>Möglichkeiten der wirtschaftlichen und umweltschonenden Energie- und Materialverwendung nutzen</LA></DD><DT>d)</DT><DD><LA>Abfälle vermeiden; Stoffe und Materialien einer umweltschonenden Entsorgung zuführen</LA></DD></DL></entry></row><row><entry align="center" morerows="1" valign="top">5</entry><entry morerows="1" valign="top">Planen und Vorbereiten von Arbeitsabläufen<BR/>(§ 3 Nr. 5)</entry><entry><DL><DT>a)</DT><DD><LA>technische Unterlagen anwenden, insbesondere Betriebsanleitungen, Pläne, Zeichnungen, Materiallisten, Tabellen, Richtlinien und Merkblätter</LA></DD><DT>b)</DT><DD><LA>Skizzen anfertigen und Fachzeichnungen anwenden</LA></DD><DT>c)</DT><DD><LA>Arbeitsplatz vorbereiten sowie Arbeitsmittel unter Berücksichtigung des Fertigungsauftrages auswählen und bereitstellen</LA></DD><DT>d)</DT><DD><LA>Verfahrensweg und Arbeitsschritte unter Beachtung mündlicher und schriftlicher Vorgaben planen und festlegen</LA></DD></DL></entry><entry>8</entry><entry> </entry><entry> </entry><entry> </entry></row><row><entry><DL><DT>e)</DT><DD><LA>Fertigungsverfahren im Hinblick auf die Wirtschaftlichkeit des Arbeitsprozesses, die Produktqualität sowie den Arbeits- und Gesundheitsschutz auswählen</LA></DD></DL></entry><entry> </entry><entry> </entry><entry> </entry><entry>3</entry></row><row><entry align="center" morerows="1" valign="top">6</entry><entry morerows="1" valign="top">Auswählen von Werk- und Hilfsstoffen<BR/>(§ 3 Nr. 6)</entry><entry><DL><DT>a)</DT><DD><LA>Faserstoffe, Garne, Zwirne, textile Flächengebilde, Plüsche, Leder und Kunstleder nach Eigenschaften und Verwendungszweck unterscheiden</LA></DD><DT>b)</DT><DD><LA>Holz- und Holzwerkstoffe, Metalle und Kunststoffe nach Eigenschaften und Verwendungszweck zuordnen</LA></DD><DT>c)</DT><DD><LA>Herkunft und Herstellungsverfahren bestimmen, Eigenschaften bei der Verarbeitung berücksichtigen</LA></DD><DT>d)</DT><DD><LA>Arten von Veredlungs- und Zurichtungsmaßnahmen unterscheiden und Auswirkungen berücksichtigen</LA></DD><DT>e)</DT><DD><LA>Werk- und Hilfsstoffe und Zubehör nach Sortimenten einordnen und lagern</LA></DD></DL></entry><entry>10</entry><entry> </entry><entry> </entry><entry> </entry></row><row><entry><DL><DT>f)</DT><DD><LA>Werk- und Hilfsstoffe nach ihren technischen und gesundheitlichen Anforderungen und nach ihrer Wirtschaftlichkeit auswählen sowie im Hinblick auf ihren Verwendungszweck und die äußere Gestaltung des Spielzeugs einsetzen</LA></DD></DL></entry><entry> </entry><entry> </entry><entry> </entry><entry>3</entry></row><row><entry align="center" morerows="1" valign="top">7</entry><entry morerows="1" valign="top">Be- und Verarbeiten von Werk- und Hilfsstoffen<BR/>(§ 3 Nr. 7)</entry><entry><DL><DT>a)</DT><DD><LA>textile Flächengebilde, Plüsche, Leder und Kunstleder vorbereiten, insbesondere messen, anzeichnen, schneiden, spannen und verbinden</LA></DD><DT>b)</DT><DD><LA>natürliche und synthetische Füllstoffe behandeln und vorrichten</LA></DD><DT>c)</DT><DD><LA>Kunststoffe be- und verarbeiten, insbesondere schneiden, bohren, fräsen, kleben und schweißen</LA></DD></DL></entry><entry>10</entry><entry> </entry><entry> </entry><entry> </entry></row><row><entry><DL><DT>d)</DT><DD><LA>Holz- und Holzwerkstoffe be- und verarbeiten, insbesondere anreißen, zuschneiden, bohren, schleifen und hobeln</LA></DD><DT>e)</DT><DD><LA>Holzverbindungen herstellen, insbesondere mit Nut, Zapfen und Dübeln sowie durch Kleben</LA></DD><DT>f)</DT><DD><LA>Metallteile be- und verarbeiten, insbesondere sägen, feilen, bohren und abkanten</LA></DD><DT>g)</DT><DD><LA>Metallteile verbinden, insbesondere mit Schrauben, Stiften, Klammern und Nieten</LA></DD><DT>h)</DT><DD><LA>Klebstoffe nach Verwendungszweck und Verarbeitungsvorschriften anwenden</LA></DD></DL></entry><entry>10</entry><entry> </entry><entry> </entry><entry> </entry></row><row><entry align="center" morerows="1" valign="top">8</entry><entry morerows="1" valign="top">Einrichten und Bedienen von Maschinen, Anlagen und Zusatzeinrichtungen<BR/>(§ 3 Nr. 8)</entry><entry><DL><DT>a)</DT><DD><LA>Maschinen, Anlagen und Zusatzeinrichtungen nach Verwendungszweck auswählen</LA></DD><DT>b)</DT><DD><LA>Handmaschinen einsetzen</LA></DD><DT>c)</DT><DD><LA>Maschinen, Anlagen und Zusatzeinrichtungen unter Beachtung der Unfallverhütungs-, Gesundheits- und Umweltschutzvorschriften bedienen und überwachen</LA></DD></DL></entry><entry> </entry><entry> </entry><entry>10</entry><entry> </entry></row><row><entry><DL><DT>d)</DT><DD><LA>mechanische, pneumatische, hydraulische, elektrische und elektronische Steuer- und Regelsysteme anwenden</LA></DD><DT>e)</DT><DD><LA>Maschinen, Anlagen und Zusatzeinrichtungen einrichten</LA></DD></DL></entry><entry> </entry><entry> </entry><entry> </entry><entry>8</entry></row><row><entry align="center" morerows="1" valign="top">9</entry><entry morerows="1" valign="top">Instandhalten von Werkzeugen und Maschinen<BR/>(§ 3 Nr. 9)</entry><entry><DL><DT>a)</DT><DD><LA>Arbeitsmittel und Werkzeuge ordnen und lagern</LA></DD></DL></entry><entry>2</entry><entry> </entry><entry> </entry><entry> </entry></row><row><entry><DL><DT>b)</DT><DD><LA>Geräte und Hilfsmittel zur Maschinenpflege nach Wartungsplan einsetzen</LA></DD><DT>c)</DT><DD><LA>Werkzeuge und Maschinen reinigen und pflegen</LA></DD><DT>d)</DT><DD><LA>Maschinenstörungen feststellen und Fehlerbeseitigung einleiten, Vorbeugemaßnahmen ergreifen</LA></DD><DT>e)</DT><DD><LA>vorbeugende Instandhaltung durchführen, insbesondere Verschleißteile kontrollieren, austauschen oder Austausch veranlassen</LA></DD></DL></entry><entry> </entry><entry> </entry><entry>6</entry><entry> </entry></row><row><entry align="center" morerows="1" valign="top">10</entry><entry morerows="1" valign="top">Herstellen von Rohteilen<BR/>(§ 3 Nr. 10)</entry><entry><DL><DT>a)</DT><DD><LA>textile Flächengebilde, Plüsche, Leder und Kunstleder schnittmustergerecht zuschneiden und ausstanzen sowie Schnitteile für die Weiterverarbeitung markieren</LA></DD><DT>b)</DT><DD><LA>Zuschnittschablonen anfertigen und unter Beachtung rationeller Einteilung sowie von Qualität und Musterverlauf einsetzen</LA></DD><DT>c)</DT><DD><LA>Vorrichtungen und Schablonen zur Holzbearbeitung herstellen</LA></DD><DT>d)</DT><DD><LA>prismatische, rotationssymmetrische und flächenhafte Holzteile anfertigen</LA></DD></DL></entry><entry> </entry><entry>14</entry><entry> </entry><entry> </entry></row><row><entry><DL><DT>e)</DT><DD><LA>Kunststoffteile nach unterschiedlichen Verfahrenstechniken unter Einhaltung von Rezepturen und technologischen Parametern anfertigen</LA></DD><DT>f)</DT><DD><LA>Materialbedarf ermitteln</LA></DD></DL></entry><entry> </entry><entry> </entry><entry> </entry><entry>10</entry></row><row><entry align="center" morerows="1" valign="top">11</entry><entry morerows="1" valign="top">Veredeln von Oberflächen<BR/>(§ 3 Nr. 11)</entry><entry><DL><DT>a)</DT><DD><LA>Werkstoff und Oberflächenart bestimmen</LA></DD><DT>b)</DT><DD><LA>unterschiedliche Verfahrenstechniken zur Oberflächenbehandlung anwenden, insbesondere Schleifen, Beizen, Mattieren, Lackieren und Auswischen</LA></DD></DL></entry><entry>6</entry><entry> </entry><entry> </entry><entry> </entry></row><row><entry><DL><DT>c)</DT><DD><LA>mit Farbe gestalten, insbesondere durch Bemalen, Bedrucken, Farbspritzen und Prägen</LA></DD><DT>d)</DT><DD><LA>Reststoffe nach Sorten trennen, lagern und umweltgerecht entsorgen</LA></DD></DL></entry><entry> </entry><entry> </entry><entry>6</entry><entry> </entry></row><row><entry align="center" morerows="1" valign="top">12</entry><entry morerows="1" valign="top">Zusammenfügen und Montieren<BR/>(§ 3 Nr. 12)</entry><entry><DL><DT>a)</DT><DD><LA>Kleb-, Schweiß- und Lötarbeiten ausführen</LA></DD><DT>b)</DT><DD><LA>Hand- und Maschinennäharbeiten ausführen, Sticharten anwenden und Nährvorgang überwachen</LA></DD><DT>c)</DT><DD><LA>geeignete Grifftechniken anwenden, richtige Körperhaltung beachten</LA></DD><DT>d)</DT><DD><LA>Baugruppen montieren, insbesondere kleben, schrauben und nageln</LA></DD></DL></entry><entry> </entry><entry>12</entry><entry> </entry><entry> </entry></row><row><entry><DL><DT>e)</DT><DD><LA>Körper- und Zubehörteile montieren</LA></DD><DT>f)</DT><DD><LA>Effekt- und Bewegungsmechanismen einbauen</LA></DD><DT>g)</DT><DD><LA>Hohlkörper wenden, füllen, stopfen und ausformen</LA></DD><DT>h)</DT><DD><LA>Augen einsetzen</LA></DD><DT>i)</DT><DD><LA>Haare befestigen</LA></DD></DL></entry><entry> </entry><entry> </entry><entry> </entry><entry>8</entry></row><row><entry align="center" valign="top">13</entry><entry valign="top">Dekorieren<BR/>(§ 3 Nr. 13)</entry><entry><DL><DT>a)</DT><DD><LA>Zubehör zum Komplettieren und Ausstatten zuordnen</LA></DD><DT>b)</DT><DD><LA>ankleiden und Frisuren gestalten</LA></DD><DT>c)</DT><DD><LA>Plüschnähte auskratzen, Körper ausformen und garnieren</LA></DD><DT>d)</DT><DD><LA>Bau- und Körperteile gestalten, insbesondere durch Bemalen, Spritzen und Aufsticken</LA></DD></DL></entry><entry> </entry><entry> </entry><entry> </entry><entry>8</entry></row><row><entry align="center" morerows="1" valign="top">14</entry><entry morerows="1" valign="top">Qualitätssicherung<BR/>(§ 3 Nr. 14)</entry><entry><DL><DT>a)</DT><DD><LA>Ziele, Aufgaben und betrieblichen Aufbau der Qualitätssicherung sowie produktspezifische Vorschriften beachten</LA></DD><DT>b)</DT><DD><LA>Qualitätsabweichungen feststellen, Fehlerursachen erkennen, Fehlerbeseitigung einleiten</LA></DD></DL></entry><entry>6</entry><entry> </entry><entry> </entry><entry> </entry></row><row><entry><DL><DT>c)</DT><DD><LA>Qualität überprüfen, insbesondere auf Funktionstüchtigkeit und Verarbeitung</LA></DD><DT>d)</DT><DD><LA>Prüftechniken anwenden und Prüfergebnisse bewerten</LA></DD><DT>e)</DT><DD><LA>Datenerfassungs- und -auswertungssysteme handhaben</LA></DD><DT>f)</DT><DD><LA>Retouren und Reklamationen bearbeiten</LA></DD><DT>g)</DT><DD><LA>Erzeugnisse gemäß den betrieblichen Richtlinien verpacken sowie lager- und versandfertig machen</LA></DD></DL></entry><entry> </entry><entry> </entry><entry> </entry><entry>4</entry></row><row><entry align="center" valign="top">15</entry><entry> </entry><entry>Zur Fortsetzung der Berufsausbildung sollen Ausbildungsinhalte aus der laufenden Nummer 8, aus der laufenden Nummer 12 oder der laufenden Nummer 13 des Ausbildungsrahmenplanes unter Berücksichtigung betriebsbedingter Schwerpunkte vertieft vermittelt werden.</entry><entry> </entry><entry> </entry><entry>4</entry><entry>8</entry></row></tbody></tgroup></table></P></Content></text></textdaten></norm>
</dokumente>