<?xml version="1.0" encoding="UTF-8" ?><!DOCTYPE dokumente SYSTEM "http://www.gesetze-im-internet.de/dtd/1.01/gii-norm.dtd">
<dokumente builddate="20200714212501" doknr="BJNR001520962"><norm builddate="20200714212501" doknr="BJNR001520962"><metadaten><jurabk>SpielUBeschV</jurabk><amtabk>UnbBeschErtV</amtabk><ausfertigung-datum manuell="ja">1962-02-06</ausfertigung-datum><fundstelle typ="amtlich"><periodikum>BGBl I</periodikum><zitstelle>1962, 152</zitstelle></fundstelle><kurzue>Verordnung zur Erteilung von Unbedenklichkeitsbescheinigungen</kurzue><langue>Verordnung über das Verfahren bei der Erteilung von Unbedenklichkeitsbescheinigungen für andere Spiele im Sinne des § 33d Abs. 1 der Gewerbeordnung</langue><standangabe checked="ja"><standtyp>Neuf</standtyp><standkommentar>Neugefasst durch Bek. v. 10.4.1995 I 510;</standkommentar></standangabe><standangabe checked="ja"><standtyp>Stand</standtyp><standkommentar>zuletzt geändert durch Art. 225 V v. 19.6.2020 I 1328</standkommentar></standangabe></metadaten><textdaten><fussnoten><Content><P><BR/> <pre xml:space="preserve">(+++ Textnachweis ab: 17.9.1980 +++)<BR/><BR/></pre>Überschrift: IdF d. Art. 1 Nr. 1 V v. 10.4.1995 I 508 mWv 21.4.1995</P><P><BR/> Diese Verordnung wurde aufgrund des § 33f Abs. 2 Nr. 2 u. des § 60a Abs. 2 Satz 4 der Gewerbeordnung idF des Vierten Bundesgesetzes zur Änderung der Gewerbeordnung vom 5.2.1960 I 61 vom Bundesminister des Innern erlassen</P></Content></fussnoten></textdaten></norm>
<norm builddate="20200714212501" doknr="BJNR001520962BJNE000103128"><metadaten><jurabk>SpielUBeschV</jurabk><enbez>§ 1</enbez></metadaten><textdaten><text format="XML"><Content><P>Über den Antrag auf Erteilung einer Unbedenklichkeitsbescheinigung für ein anderes Spiel im Sinne des § 33d Abs. 1 der Gewerbeordnung entscheidet das Bundeskriminalamt im Benehmen mit der Physikalisch-Technischen Bundesanstalt und einem Ausschuß von vier auf dem Gebiete des Spielwesens erfahrenen Kriminalbeamten der Länder. Die Mitglieder des Ausschusses beruft das Bundesministerium des Innern, für Bau und Heimat auf Vorschlag der zuständigen obersten Landesbehörden jeweils für die Dauer von 3 Jahren. Das Bundeskriminalamt kann in den Fällen des § 3 Abs. 1 Nr. 1 mit der Durchführung von Teilen der Prüfung ein Fachinstitut beauftragen.</P></Content></text><fussnoten/></textdaten></norm>
<norm builddate="20200714212501" doknr="BJNR001520962BJNE000201308"><metadaten><jurabk>SpielUBeschV</jurabk><enbez>§ 2</enbez></metadaten><textdaten><text format="XML"><Content><P>Der Antragsteller hat dem Antrag eine Spielbeschreibung, die Spielregeln und, soweit nach Art des Spieles erforderlich, eine Berechnung der Auszahlungs- und Treffererwartung beizufügen. Auf Verlangen des Bundeskriminalamtes hat er weitere Unterlagen und, wenn es sich um eine Spieleinrichtung handelt, eine betriebsfertige Einrichtung einzureichen. Der Antragsteller ist verpflichtet, dem Bundeskriminalamt auf Verlangen ein Muster der Spieleinrichtung oder einzelner Teile zu überlassen.</P></Content></text></textdaten></norm>
<norm builddate="20200714212501" doknr="BJNR001520962BJNE000302308"><metadaten><jurabk>SpielUBeschV</jurabk><enbez>§ 3</enbez></metadaten><textdaten><text format="XML"><Content><P>(1) Die Unbedenklichkeitsbescheinigung wird erteilt <DL Font="normal" Type="arabic"><DT>1.</DT><DD Font="normal"><LA Size="normal">dem Hersteller, wenn es sich um eine Spieleinrichtung handelt, die serienmäßig gefertigt werden soll und wenn die Übereinstimmung der Nachbauten mit dem geprüften Muster sichergestellt ist,</LA></DD> <DT>2.</DT><DD Font="normal"><LA Size="normal">in allen übrigen Fällen dem Veranstalter.</LA></DD></DL> </P><P>(2) Für jeden Nachbau einer Spieleinrichtung nach Absatz 1 Nr. 1 erhält der Hersteller einen Abdruck der Unbedenklichkeitsbescheinigung.</P></Content></text></textdaten></norm>
<norm builddate="20200714212501" doknr="BJNR001520962BJNE000402308"><metadaten><jurabk>SpielUBeschV</jurabk><enbez>§ 4</enbez></metadaten><textdaten><text format="XML"><Content><P>Die Unbedenklichkeitsbescheinigung enthält <DL Font="normal" Type="arabic"><DT>1.</DT><DD Font="normal"><LA Size="normal">Bezeichnung des Spieles,</LA></DD> <DT>2.</DT><DD Font="normal"><LA Size="normal"><DL Font="normal" Type="arabic"><DT>a)</DT><DD Font="normal"><LA Size="normal">im Falle des § 3 Abs. 1 Nr. 1 Firmenbezeichnung und Sitz des Herstellers, b)</LA><LA Size="normal">im Falle des § 3 Abs. 1 Nr. 2 Namen, Geburtsdatum und -ort sowie Wohnort des Veranstalters,</LA></DD>  </DL></LA></DD> <DT>3.</DT><DD Font="normal"><LA Size="normal">Beschreibung des Spieles, des Spielablaufs und, soweit erforderlich, Abbildungen oder Übersichtszeichnungen,</LA></DD> <DT>4.</DT><DD Font="normal"><LA Size="normal">Spielregeln und Gewinnplan,</LA></DD> <DT>5.</DT><DD Font="normal"><LA Size="normal">Bezeichnung der Plätze, an denen das Spiel veranstaltet werden darf,</LA></DD> <DT>6.</DT><DD Font="normal"><LA Size="normal">Angabe der Geltungsdauer,</LA></DD> <DT>7.</DT><DD Font="normal"><LA Size="normal">etwaige Nebenbestimmungen.</LA></DD> </DL></P></Content></text></textdaten></norm>
<norm builddate="20200714212501" doknr="BJNR001520962BJNE000502308"><metadaten><jurabk>SpielUBeschV</jurabk><enbez>§ 5</enbez></metadaten><textdaten><text format="XML"><Content><P>Spiele, für die das Bundeskriminalamt eine Unbedenklichkeitsbescheinigung erteilt hat, werden im Gemeinsamen Ministerialblatt bekanntgemacht. Das gleiche gilt, wenn eine Unbedenklichkeitsbescheinigung zurückgenommen oder widerrufen worden oder abgelaufen ist und nicht mehr erteilt wird.</P></Content></text></textdaten></norm>
<norm builddate="20200714212501" doknr="BJNR001520962BJNE000607301"><metadaten><jurabk>SpielUBeschV</jurabk><enbez>§ 6</enbez><titel format="XML">(weggefallen)</titel></metadaten><textdaten><text format="XML"><Content><P/></Content></text><fussnoten/></textdaten></norm>
<norm builddate="20200714212501" doknr="BJNR001520962BJNE000702308"><metadaten><jurabk>SpielUBeschV</jurabk><enbez>§ 7</enbez></metadaten><textdaten><text format="XML"><Content><P>(weggefallen)</P></Content></text></textdaten></norm>
<norm builddate="20200714212501" doknr="BJNR001520962BJNE000801308"><metadaten><jurabk>SpielUBeschV</jurabk><enbez>§ 8</enbez></metadaten><textdaten><text format="XML"><Content><P>(Inkrafttreten)</P></Content></text></textdaten></norm>
</dokumente>