<?xml version="1.0" encoding="UTF-8" ?><!DOCTYPE dokumente SYSTEM "http://www.gesetze-im-internet.de/dtd/1.01/gii-norm.dtd">
<dokumente builddate="20130405124616" doknr="BJNR002170970"><norm builddate="20130405124616" doknr="BJNR002170970"><metadaten><jurabk>HöBetrV</jurabk><ausfertigung-datum manuell="ja">1970-02-25</ausfertigung-datum><fundstelle typ="amtlich"><periodikum>BGBl I</periodikum><zitstelle>1970, 217</zitstelle></fundstelle><kurzue>Schutzbau-Höchstbetragsverordnung</kurzue><langue>Verordnung über die Höchstbeträge der steuerlich begünstigten
Herstellungskosten von Schutzräumen im Sinne der §§ 7 und 12 Abs. 3 des
Schutzbaugesetzes</langue><standangabe checked="ja"><standtyp>Stand</standtyp><standkommentar>Zuletzt geändert durch Art. 1 V v. 8.11.1989 I 1957</standkommentar></standangabe></metadaten><textdaten><fussnoten><Content><P>(+++ Textnachweis Geltung ab: 7.3.1982 +++)</P><P><BR/> Überschrift (Kurzbezeichnung): IdF d. Art. 1 Nr. 1 V v. 5.2.1981 I 161 mWv 19.2.1981</P></Content></fussnoten></textdaten></norm>
<norm builddate="20130405124616" doknr="BJNR002170970BJNE000100311"><metadaten><jurabk>HöBetrV</jurabk><enbez>Eingangsformel</enbez></metadaten><textdaten><text format="XML"><Content><P>Auf Grund des § 7 Abs. 1 Satz 2 und 3 und des § 12 Abs. 3 Satz 1 des Schutzbaugesetzes vom 9. September 1965 (Bundesgesetzbl. I S. 1232), zuletzt geändert durch das Einführungsgesetz zum Gesetz über Ordnungswidrigkeiten vom 24. Mai 1968 (Bundesgesetzbl. I S. 503), verordnet die Bundesregierung mit Zustimmung des Bundesrates:</P></Content></text></textdaten></norm>
<norm builddate="20130405124616" doknr="BJNR002170970BJNE000201307"><metadaten><jurabk>HöBetrV</jurabk><enbez>§ 1</enbez></metadaten><textdaten><text format="XML"><Content><P>Als Höchstbeträge, bis zu denen die Herstellungskosten von Schutzräumen bei Bemessung der erhöhten Absetzungen nach § 7 oder § 12 Abs. 3 des Schutzbaugesetzes berücksichtigt werden können, werden festgesetzt: <DL Font="normal" Type="arabic"><DT>1.</DT><DD Font="normal"><LA Size="normal">bei Hausschutzräumen in neuerrichteten Gebäuden (Innenbauten)</LA><LA Size="normal">die sich aus der Anlage 1 zu dieser Verordnung ergebenden Beträge;</LA></DD>  <DT>2.</DT><DD Font="normal"><LA Size="normal">bei Hausschutzräumen in bestehenden Gebäuden (nachträgliche Innenbauten)</LA><LA Size="normal">die sich aus der Anlage 2 zu dieser Verordnung ergebenden Beträge;</LA></DD>  <DT>3.</DT><DD Font="normal"><LA Size="normal">bei Hausschutzräumen in Form selbständiger Bauten (Außenbauten)</LA><LA Size="normal">die sich aus der Anlage 3 zu dieser Verordnung ergebenden Beträge.</LA></DD>  </DL></P></Content></text><fussnoten/></textdaten></norm>
<norm builddate="20130405124616" doknr="BJNR002170970BJNE000301307"><metadaten><jurabk>HöBetrV</jurabk><enbez>§ 2</enbez></metadaten><textdaten><text format="XML"><Content><P>Die in den Anlagen 1 bis 3 zu dieser Verordnung genannten Höchstbeträge gelten erstmals für Hausschutzräume, die nach dem 31. Dezember 1986 fertiggestellt worden sind. Für Schutzräume, die vor dem 1. Januar 1987 fertiggestellt worden sind, gelten die Höchstbeträge nach den bisherigen Fassungen der Schutzbau-Höchstbetragsverordnung vom 25. Februar 1970 (BGBl. I S. 217).</P></Content></text><fussnoten/></textdaten></norm>
<norm builddate="20130405124616" doknr="BJNR002170970BJNE000400311"><metadaten><jurabk>HöBetrV</jurabk><enbez>§ 3</enbez></metadaten><textdaten><text format="XML"><Content><P>Diese Verordnung tritt am Tage nach ihrer Verkündung in Kraft.</P></Content></text><fussnoten/></textdaten></norm>
<norm builddate="20130405124616" doknr="BJNR002170970BJNE000501307"><metadaten><jurabk>HöBetrV</jurabk><enbez>Anlage 1</enbez></metadaten><textdaten><text format="XML"><Content><P><ABWFORMAT typ="A"/><kommentar typ="Fundstelle">(Fundstelle des Originaltextes: BGBl. I 1989, 1957 - 1958;<BR/>bzgl. der einzelnen Änderungen vgl. Fußnote)</kommentar><BR/><table frame="none"><tgroup align="center" cols="3" colsep="0" rowsep="0"><colspec colname="col1" colnum="1" colwidth="235.000000pt"/><colspec colname="col2" colnum="2" colwidth="285.000000pt"/><colspec colname="col3" colnum="3" colwidth="262.000000pt"/><tbody><row rowsep="1"><entry align="left" nameend="col3" namest="col1">Errichtung von Hausschutzräumen im Zusammenhang mit Neubauten im Inneren von Gebäuden (Innenbauten)</entry></row><row rowsep="1"><entry>Zahl der Schutzplätze</entry><entry nameend="col3" namest="col2">Höchstbetrag der Herstellungskosten im Sinne des § 7 des Schutzbaugesetzes<BR/>- DM -</entry></row><row><entry>7</entry><entry nameend="col3" namest="col2">36.200</entry></row><row><entry>8</entry><entry nameend="col3" namest="col2">36.550</entry></row><row><entry>9</entry><entry nameend="col3" namest="col2">36.900</entry></row><row><entry>10</entry><entry nameend="col3" namest="col2">37.250</entry></row><row><entry>11</entry><entry nameend="col3" namest="col2">37.650</entry></row><row><entry>12</entry><entry nameend="col3" namest="col2">38.000</entry></row><row><entry>13</entry><entry nameend="col3" namest="col2">38.350</entry></row><row><entry>14</entry><entry nameend="col3" namest="col2">38.700</entry></row><row><entry>15</entry><entry nameend="col3" namest="col2">39.050</entry></row><row><entry>16</entry><entry nameend="col3" namest="col2">39.400</entry></row><row><entry>17</entry><entry nameend="col3" namest="col2">39.750</entry></row><row><entry>18</entry><entry nameend="col3" namest="col2">40.100</entry></row><row><entry>19</entry><entry nameend="col3" namest="col2">40.500</entry></row><row><entry>20</entry><entry nameend="col3" namest="col2">40.850</entry></row><row><entry>21</entry><entry nameend="col3" namest="col2">41.200</entry></row><row><entry>22</entry><entry nameend="col3" namest="col2">41.550</entry></row><row><entry>23</entry><entry nameend="col3" namest="col2">41.900</entry></row><row><entry>24</entry><entry nameend="col3" namest="col2">42.300</entry></row><row><entry>25</entry><entry nameend="col3" namest="col2">42.650</entry></row><row><entry>26</entry><entry nameend="col3" namest="col2">43.250</entry></row><row><entry>27</entry><entry nameend="col3" namest="col2">43.800</entry></row><row><entry>28</entry><entry nameend="col3" namest="col2">44.400</entry></row><row><entry>29</entry><entry nameend="col3" namest="col2">44.950</entry></row><row><entry>30</entry><entry nameend="col3" namest="col2">45.550</entry></row><row><entry>31</entry><entry nameend="col3" namest="col2">46.150</entry></row><row><entry>32</entry><entry nameend="col3" namest="col2">46.700</entry></row><row><entry>33</entry><entry nameend="col3" namest="col2">47.300</entry></row><row><entry>34</entry><entry nameend="col3" namest="col2">47.850</entry></row><row><entry>35</entry><entry nameend="col3" namest="col2">48.450</entry></row><row><entry>36</entry><entry nameend="col3" namest="col2">49.050</entry></row><row><entry>37</entry><entry nameend="col3" namest="col2">49.600</entry></row><row><entry>38</entry><entry nameend="col3" namest="col2">50.200</entry></row><row><entry>39</entry><entry nameend="col3" namest="col2">50.750</entry></row><row><entry>40</entry><entry nameend="col3" namest="col2">51.350</entry></row><row><entry>41</entry><entry nameend="col3" namest="col2">51.950</entry></row><row><entry>42</entry><entry nameend="col3" namest="col2">52.500</entry></row><row><entry>43</entry><entry nameend="col3" namest="col2">53.100</entry></row><row><entry>44</entry><entry nameend="col3" namest="col2">53.650</entry></row><row><entry>45</entry><entry nameend="col3" namest="col2">54.250</entry></row><row><entry>46</entry><entry nameend="col3" namest="col2">54.800</entry></row><row><entry>47</entry><entry nameend="col3" namest="col2">55.400</entry></row><row><entry>48</entry><entry nameend="col3" namest="col2">56.000</entry></row><row><entry>49</entry><entry nameend="col3" namest="col2">56.550</entry></row><row rowsep="1"><entry>50</entry><entry nameend="col3" namest="col2">57.150</entry></row><row rowsep="1"><entry>Zahl der Schutzplätze</entry><entry nameend="col3" namest="col2">Höchstbetrag der Herstellungskosten im Sinne des § 7 des Schutzbaugesetzes 1)<BR/>- DM -</entry></row><row><entry>51</entry><entry nameend="col3" namest="col2">80.070</entry></row><row><entry>60</entry><entry nameend="col3" namest="col2">88.800</entry></row><row><entry>70</entry><entry nameend="col3" namest="col2">98.700</entry></row><row><entry>80</entry><entry nameend="col3" namest="col2">107.600</entry></row><row><entry>90</entry><entry nameend="col3" namest="col2">116.100</entry></row><row><entry>100</entry><entry nameend="col3" namest="col2">124.500</entry></row><row><entry>110</entry><entry nameend="col3" namest="col2">132.550</entry></row><row><entry>120</entry><entry nameend="col3" namest="col2">140.400</entry></row><row><entry>130</entry><entry nameend="col3" namest="col2">148.200</entry></row><row><entry>140</entry><entry nameend="col3" namest="col2">155.400</entry></row><row rowsep="0"><entry rowsep="0">150</entry><entry nameend="col3" namest="col2" rowsep="1">162.750</entry></row><row rowsep="0"><entry rowsep="0"> </entry><entry rowsep="1">ohne Sandvorfilter 2)</entry><entry rowsep="1">mit Sandvorfilter 2)</entry></row><row><entry>151</entry><entry>180.445</entry><entry>203.850</entry></row><row><entry>160</entry><entry>188.000</entry><entry>212.000</entry></row><row><entry>170</entry><entry>196.350</entry><entry>220.150</entry></row><row><entry>180</entry><entry>204.300</entry><entry>228.600</entry></row><row><entry>190</entry><entry>211.850</entry><entry>236.550</entry></row><row><entry>200</entry><entry>220.000</entry><entry>244.000</entry></row><row><entry>210</entry><entry>227.850</entry><entry>252.000</entry></row><row><entry>220</entry><entry>235.400</entry><entry>259.600</entry></row><row><entry>230</entry><entry>242.650</entry><entry>266.800</entry></row><row><entry>240</entry><entry>249.600</entry><entry>274.800</entry></row><row><entry>250</entry><entry>256.250</entry><entry>282.500</entry></row><row><entry>260</entry><entry>263.900</entry><entry>289.900</entry></row><row><entry>270</entry><entry>271.350</entry><entry>297.000</entry></row><row><entry>280</entry><entry>278.600</entry><entry>303.800</entry></row><row><entry>290</entry><entry>285.650</entry><entry>310.300</entry></row><row><entry>299</entry><entry>291.525</entry><entry>316.940</entry></row><row><entry align="left" nameend="col3" namest="col1"> </entry></row><row><entry align="left" nameend="col3" namest="col1">----------<small><DL><DT>1)</DT><DD><LA>Zwischenwerte sind gradlinig zu interpolieren.</LA></DD></DL></small></entry></row><row><entry align="left" nameend="col3" namest="col1"><small><DL><DT>2)</DT><DD><LA>Bei Ausführung des Schutzraumes als Tiefgarage erhöht sich der Höchstbetrag um 25.000 DM.</LA></DD></DL></small></entry></row><row rowsep="1"><entry align="center" nameend="col3" namest="col1"> </entry></row><row rowsep="1"><entry align="center" rowsep="1">Zahl der Schutzplätze</entry><entry nameend="col3" namest="col2">Höchstbetrag der Herstellungskosten im Sinne des § 7 des Schutzbaugesetzes 1)<BR/>- DM -</entry></row><row rowsep="1"><entry align="center" morerows="1" rowsep="0"> </entry><entry align="center" nameend="col3" namest="col2" rowsep="1"> </entry></row><row rowsep="0"><entry rowsep="1">ohne Sandvorfilter 3)</entry><entry rowsep="1">mit Sandvorfilter 3)</entry></row><row><entry>300</entry><entry>366.000</entry><entry>430.500</entry></row><row><entry>600</entry><entry>708.000</entry><entry>837.000</entry></row><row><entry>900</entry><entry>1.030.500</entry><entry>1.224.000</entry></row><row><entry>1.200</entry><entry>1.344.000</entry><entry>1.596.000</entry></row><row><entry>1.500</entry><entry>1.650.000</entry><entry>1.957.500</entry></row><row><entry>1.800</entry><entry>1.953.000</entry><entry>2.304.000</entry></row><row><entry>2.100</entry><entry>2.247.000</entry><entry>2.646.000</entry></row><row><entry>2.400</entry><entry>2.532.000</entry><entry>2.976.000</entry></row><row><entry>2.700</entry><entry>2.808.000</entry><entry>3.307.500</entry></row><row><entry>3.000</entry><entry>3.075.000</entry><entry>3.630.000</entry></row><row><entry>3.330</entry><entry>3.333.000</entry><entry>3.943.500</entry></row><row><entry>3.600</entry><entry>3.582.000</entry><entry>4.248.000</entry></row><row><entry>3.900</entry><entry>3.822.000</entry><entry>4.563.000</entry></row><row><entry>4.200</entry><entry>4.074.000</entry><entry>4.872.000</entry></row><row><entry>4.500</entry><entry>4.320.000</entry><entry>5.175.000</entry></row><row><entry align="left" nameend="col3" namest="col1"> </entry></row><row><entry align="left" nameend="col3" namest="col1">----------<small><DL><DT>1)</DT><DD><LA>Zwischenwerte sind gradlinig zu interpolieren.</LA></DD></DL></small></entry></row><row><entry align="left" nameend="col3" namest="col1"><small><DL><DT>3)</DT><DD><LA>Bei Ausführung des Schutzraumes nicht als Tiefgarage mindert sich der Höchstbetrag um 25.000 DM.</LA></DD></DL></small></entry></row></tbody></tgroup></table></P></Content></text><fussnoten/></textdaten></norm>
<norm builddate="20130405124616" doknr="BJNR002170970BJNE000601307"><metadaten><jurabk>HöBetrV</jurabk><enbez>Anlage 2</enbez></metadaten><textdaten><text format="XML"><Content><P><ABWFORMAT typ="A"/><kommentar typ="Fundstelle"> Fundstelle des Originaltextes: BGBl. I 1989, 1958;<BR/>bezgl. der einzelnen Änderungen vgl. Fußnote </kommentar> <BR/><table frame="none" tocentry="%yes;">
<Title Align="auto">Errichtung von Hausschutzräumen im Inneren von bestehenden Gebäuden (nachträglicher Ausbau)</Title>
	<tgroup align="left" char="" charoff="50" cols="2" colsep="0" rowsep="0">
		<colspec colname="col1" colnum="1" colwidth="25*"/>
		<colspec colname="col2" colnum="2" colwidth="30*"/>
		<thead valign="bottom">
			<row rowsep="1">
				<entry VJ="1" align="center" colsep="0" valign="middle">Zahl der Schutzplätze</entry>
				<entry VJ="1" align="center" colsep="0" valign="middle">Höchstbetrag der Herstellungskosten im Sinne des § 12 Abs. 3 des Schutzbaugesetzes - DM -</entry>
			</row>
		</thead>
		<tbody valign="top">
			
			
			<row>
				<entry VJ="1" align="center" colsep="0" valign="top">7</entry>
				<entry VJ="1" align="center" colsep="0" valign="top">66.900</entry>
			</row>
			<row>
				<entry VJ="1" align="center" colsep="0" valign="top">8</entry>
				<entry VJ="1" align="center" colsep="0" valign="top">68.600</entry>
			</row>
			<row>
				<entry VJ="1" align="center" colsep="0" valign="top">9</entry>
				<entry VJ="1" align="center" colsep="0" valign="top">70.300</entry>
			</row>
			<row>
				<entry VJ="1" align="center" colsep="0" valign="top">10</entry>
				<entry VJ="1" align="center" colsep="0" valign="top">72.000</entry>
			</row>
			<row>
				<entry VJ="1" align="center" colsep="0" valign="top">11</entry>
				<entry VJ="1" align="center" colsep="0" valign="top">73.700</entry>
			</row>
			<row>
				<entry VJ="1" align="center" colsep="0" valign="top">12</entry>
				<entry VJ="1" align="center" colsep="0" valign="top">75.400</entry>
			</row>
			<row>
				<entry VJ="1" align="center" colsep="0" valign="top">13</entry>
				<entry VJ="1" align="center" colsep="0" valign="top">77.100</entry>
			</row>
			<row>
				<entry VJ="1" align="center" colsep="0" valign="top">14</entry>
				<entry VJ="1" align="center" colsep="0" valign="top">78.800</entry>
			</row>
			<row>
				<entry VJ="1" align="center" colsep="0" valign="top">15</entry>
				<entry VJ="1" align="center" colsep="0" valign="top">80.500</entry>
			</row>
			<row>
				<entry VJ="1" align="center" colsep="0" valign="top">16</entry>
				<entry VJ="1" align="center" colsep="0" valign="top">82.200</entry>
			</row>
			<row>
				<entry VJ="1" align="center" colsep="0" valign="top">17</entry>
				<entry VJ="1" align="center" colsep="0" valign="top">83.900</entry>
			</row>
			<row>
				<entry VJ="1" align="center" colsep="0" valign="top">18</entry>
				<entry VJ="1" align="center" colsep="0" valign="top">85.600</entry>
			</row>
			<row>
				<entry VJ="1" align="center" colsep="0" valign="top">19</entry>
				<entry VJ="1" align="center" colsep="0" valign="top">87.300</entry>
			</row>
			<row>
				<entry VJ="1" align="center" colsep="0" valign="top">20</entry>
				<entry VJ="1" align="center" colsep="0" valign="top">89.000</entry>
			</row>
			<row>
				<entry VJ="1" align="center" colsep="0" valign="top">21</entry>
				<entry VJ="1" align="center" colsep="0" valign="top">90.650</entry>
			</row>
			<row>
				<entry VJ="1" align="center" colsep="0" valign="top">22</entry>
				<entry VJ="1" align="center" colsep="0" valign="top">92.350</entry>
			</row>
			<row>
				<entry VJ="1" align="center" colsep="0" valign="top">23</entry>
				<entry VJ="1" align="center" colsep="0" valign="top">94.050</entry>
			</row>
			<row>
				<entry VJ="1" align="center" colsep="0" valign="top">24</entry>
				<entry VJ="1" align="center" colsep="0" valign="top">95.750</entry>
			</row>
			<row>
				<entry VJ="1" align="center" colsep="0" valign="top">25</entry>
				<entry VJ="1" align="center" colsep="0" valign="top">97.450</entry>
			</row>
			<row>
				<entry VJ="1" align="center" colsep="0" valign="top">26</entry>
				<entry VJ="1" align="center" colsep="0" valign="top">99.200</entry>
			</row>
			<row>
				<entry VJ="1" align="center" colsep="0" valign="top">27</entry>
				<entry VJ="1" align="center" colsep="0" valign="top">100.950</entry>
			</row>
			<row>
				<entry VJ="1" align="center" colsep="0" valign="top">28</entry>
				<entry VJ="1" align="center" colsep="0" valign="top">102.700</entry>
			</row>
			<row>
				<entry VJ="1" align="center" colsep="0" valign="top">29</entry>
				<entry VJ="1" align="center" colsep="0" valign="top">104.450</entry>
			</row>
			<row>
				<entry VJ="1" align="center" colsep="0" valign="top">30</entry>
				<entry VJ="1" align="center" colsep="0" valign="top">106.200</entry>
			</row>
			<row>
				<entry VJ="1" align="center" colsep="0" valign="top">31</entry>
				<entry VJ="1" align="center" colsep="0" valign="top">107.950</entry>
			</row>
			<row>
				<entry VJ="1" align="center" colsep="0" valign="top">32</entry>
				<entry VJ="1" align="center" colsep="0" valign="top">109.700</entry>
			</row>
			<row>
				<entry VJ="1" align="center" colsep="0" valign="top">33</entry>
				<entry VJ="1" align="center" colsep="0" valign="top">111.450</entry>
			</row>
			<row>
				<entry VJ="1" align="center" colsep="0" valign="top">34</entry>
				<entry VJ="1" align="center" colsep="0" valign="top">113.200</entry>
			</row>
			<row>
				<entry VJ="1" align="center" colsep="0" valign="top">35</entry>
				<entry VJ="1" align="center" colsep="0" valign="top">114.950</entry>
			</row>
			<row>
				<entry VJ="1" align="center" colsep="0" valign="top">36</entry>
				<entry VJ="1" align="center" colsep="0" valign="top">116.700</entry>
			</row>
			<row>
				<entry VJ="1" align="center" colsep="0" valign="top">37</entry>
				<entry VJ="1" align="center" colsep="0" valign="top">118.450</entry>
			</row>
			<row>
				<entry VJ="1" align="center" colsep="0" valign="top">38</entry>
				<entry VJ="1" align="center" colsep="0" valign="top">120.250</entry>
			</row>
			<row>
				<entry VJ="1" align="center" colsep="0" valign="top">39</entry>
				<entry VJ="1" align="center" colsep="0" valign="top">122.000</entry>
			</row>
			<row>
				<entry VJ="1" align="center" colsep="0" valign="top">40</entry>
				<entry VJ="1" align="center" colsep="0" valign="top">123.750</entry>
			</row>
			<row>
				<entry VJ="1" align="center" colsep="0" valign="top">41</entry>
				<entry VJ="1" align="center" colsep="0" valign="top">125.500</entry>
			</row>
			<row>
				<entry VJ="1" align="center" colsep="0" valign="top">42</entry>
				<entry VJ="1" align="center" colsep="0" valign="top">127.250</entry>
			</row>
			<row>
				<entry VJ="1" align="center" colsep="0" valign="top">43</entry>
				<entry VJ="1" align="center" colsep="0" valign="top">129.000</entry>
			</row>
			<row>
				<entry VJ="1" align="center" colsep="0" valign="top">44</entry>
				<entry VJ="1" align="center" colsep="0" valign="top">130.750</entry>
			</row>
			<row>
				<entry VJ="1" align="center" colsep="0" valign="top">45</entry>
				<entry VJ="1" align="center" colsep="0" valign="top">132.500</entry>
			</row>
			<row>
				<entry VJ="1" align="center" colsep="0" valign="top">46</entry>
				<entry VJ="1" align="center" colsep="0" valign="top">134.250</entry>
			</row>
			<row>
				<entry VJ="1" align="center" colsep="0" valign="top">47</entry>
				<entry VJ="1" align="center" colsep="0" valign="top">136.000</entry>
			</row>
			<row>
				<entry VJ="1" align="center" colsep="0" valign="top">48</entry>
				<entry VJ="1" align="center" colsep="0" valign="top">137.750</entry>
			</row>
			<row>
				<entry VJ="1" align="center" colsep="0" valign="top">49</entry>
				<entry VJ="1" align="center" colsep="0" valign="top">139.500</entry>
			</row>
			<row>
				<entry VJ="1" align="center" colsep="0" valign="top">50</entry>
				<entry VJ="1" align="center" colsep="0" valign="top">141.250</entry>
			</row>
			<row>
				<entry VJ="1" align="center" colsep="0" valign="top">mehr als 50</entry>
				<entry VJ="1" align="left" colsep="0" valign="top">250 v.H. des Höchstbetrages, der für Hausschutzräume gilt, die im Zusammenhang mit Neubauten im Inneren von Gebäuden errichtet werden (Anlage 1)</entry>
			</row>
		</tbody>
	</tgroup>
</table> </P></Content></text><fussnoten/></textdaten></norm>
<norm builddate="20130405124616" doknr="BJNR002170970BJNE000701307"><metadaten><jurabk>HöBetrV</jurabk><enbez>Anlage 3</enbez></metadaten><textdaten><text format="XML"><Content><P><ABWFORMAT typ="A"/><kommentar typ="Fundstelle"> Fundstelle des Originaltextes: BGBl. I 1989, 1958 - 1959;<BR/>bezgl. der einzelnen Änderungen vgl. Fußnote </kommentar> <BR/><table frame="none" tocentry="%yes;">
<Title Align="auto">Errichtung von Hausschutzräumen außerhalb von Gebäuden (Außenbauten)</Title>
	<tgroup align="left" char="" charoff="50" cols="2" colsep="0" rowsep="0">
		<colspec colname="col1" colnum="1" colwidth="25*"/>
		<colspec colname="col2" colnum="2" colwidth="30*"/>
		<thead valign="bottom">
			<row rowsep="1">
				<entry VJ="1" align="center" colsep="0" valign="middle">Zahl der Schutzplätze</entry>
				<entry VJ="1" align="center" colsep="0" valign="middle">Höchstbetrag der Herstellungskosten im Sinne des § 7 des Schutzbaugesetzes - DM -</entry>
			</row>
		</thead>
		<tbody valign="top">
			
			
			<row>
				<entry VJ="1" align="center" colsep="0" valign="top">7</entry>
				<entry VJ="1" align="center" colsep="0" valign="top">70.100</entry>
			</row>
			<row>
				<entry VJ="1" align="center" colsep="0" valign="top">8</entry>
				<entry VJ="1" align="center" colsep="0" valign="top">70.600</entry>
			</row>
			<row>
				<entry VJ="1" align="center" colsep="0" valign="top">9</entry>
				<entry VJ="1" align="center" colsep="0" valign="top">71.050</entry>
			</row>
			<row>
				<entry VJ="1" align="center" colsep="0" valign="top">10</entry>
				<entry VJ="1" align="center" colsep="0" valign="top">71.550</entry>
			</row>
			<row>
				<entry VJ="1" align="center" colsep="0" valign="top">11</entry>
				<entry VJ="1" align="center" colsep="0" valign="top">72.000</entry>
			</row>
			<row>
				<entry VJ="1" align="center" colsep="0" valign="top">12</entry>
				<entry VJ="1" align="center" colsep="0" valign="top">72.500</entry>
			</row>
			<row>
				<entry VJ="1" align="center" colsep="0" valign="top">13</entry>
				<entry VJ="1" align="center" colsep="0" valign="top">73.000</entry>
			</row>
			<row>
				<entry VJ="1" align="center" colsep="0" valign="top">14</entry>
				<entry VJ="1" align="center" colsep="0" valign="top">73.450</entry>
			</row>
			<row>
				<entry VJ="1" align="center" colsep="0" valign="top">15</entry>
				<entry VJ="1" align="center" colsep="0" valign="top">73.950</entry>
			</row>
			<row>
				<entry VJ="1" align="center" colsep="0" valign="top">16</entry>
				<entry VJ="1" align="center" colsep="0" valign="top">74.400</entry>
			</row>
			<row>
				<entry VJ="1" align="center" colsep="0" valign="top">17</entry>
				<entry VJ="1" align="center" colsep="0" valign="top">74.900</entry>
			</row>
			<row>
				<entry VJ="1" align="center" colsep="0" valign="top">18</entry>
				<entry VJ="1" align="center" colsep="0" valign="top">75.400</entry>
			</row>
			<row>
				<entry VJ="1" align="center" colsep="0" valign="top">19</entry>
				<entry VJ="1" align="center" colsep="0" valign="top">75.850</entry>
			</row>
			<row>
				<entry VJ="1" align="center" colsep="0" valign="top">20</entry>
				<entry VJ="1" align="center" colsep="0" valign="top">76.350</entry>
			</row>
			<row>
				<entry VJ="1" align="center" colsep="0" valign="top">21</entry>
				<entry VJ="1" align="center" colsep="0" valign="top">76.800</entry>
			</row>
			<row>
				<entry VJ="1" align="center" colsep="0" valign="top">22</entry>
				<entry VJ="1" align="center" colsep="0" valign="top">77.300</entry>
			</row>
			<row>
				<entry VJ="1" align="center" colsep="0" valign="top">23</entry>
				<entry VJ="1" align="center" colsep="0" valign="top">77.800</entry>
			</row>
			<row>
				<entry VJ="1" align="center" colsep="0" valign="top">24</entry>
				<entry VJ="1" align="center" colsep="0" valign="top">78.250</entry>
			</row>
			<row>
				<entry VJ="1" align="center" colsep="0" valign="top">25</entry>
				<entry VJ="1" align="center" colsep="0" valign="top">78.750</entry>
			</row>
			<row>
				<entry VJ="1" align="center" colsep="0" valign="top">26</entry>
				<entry VJ="1" align="center" colsep="0" valign="top">79.750</entry>
			</row>
			<row>
				<entry VJ="1" align="center" colsep="0" valign="top">27</entry>
				<entry VJ="1" align="center" colsep="0" valign="top">80.750</entry>
			</row>
			<row>
				<entry VJ="1" align="center" colsep="0" valign="top">28</entry>
				<entry VJ="1" align="center" colsep="0" valign="top">81.700</entry>
			</row>
			<row>
				<entry VJ="1" align="center" colsep="0" valign="top">29</entry>
				<entry VJ="1" align="center" colsep="0" valign="top">82.700</entry>
			</row>
			<row>
				<entry VJ="1" align="center" colsep="0" valign="top">30</entry>
				<entry VJ="1" align="center" colsep="0" valign="top">83.700</entry>
			</row>
			<row>
				<entry VJ="1" align="center" colsep="0" valign="top">31</entry>
				<entry VJ="1" align="center" colsep="0" valign="top">84.700</entry>
			</row>
			<row>
				<entry VJ="1" align="center" colsep="0" valign="top">32</entry>
				<entry VJ="1" align="center" colsep="0" valign="top">85.700</entry>
			</row>
			<row>
				<entry VJ="1" align="center" colsep="0" valign="top">33</entry>
				<entry VJ="1" align="center" colsep="0" valign="top">86.650</entry>
			</row>
			<row>
				<entry VJ="1" align="center" colsep="0" valign="top">34</entry>
				<entry VJ="1" align="center" colsep="0" valign="top">87.650</entry>
			</row>
			<row>
				<entry VJ="1" align="center" colsep="0" valign="top">35</entry>
				<entry VJ="1" align="center" colsep="0" valign="top">88.650</entry>
			</row>
			<row>
				<entry VJ="1" align="center" colsep="0" valign="top">36</entry>
				<entry VJ="1" align="center" colsep="0" valign="top">89.650</entry>
			</row>
			<row>
				<entry VJ="1" align="center" colsep="0" valign="top">37</entry>
				<entry VJ="1" align="center" colsep="0" valign="top">90.650</entry>
			</row>
			<row>
				<entry VJ="1" align="center" colsep="0" valign="top">38</entry>
				<entry VJ="1" align="center" colsep="0" valign="top">91.600</entry>
			</row>
			<row>
				<entry VJ="1" align="center" colsep="0" valign="top">39</entry>
				<entry VJ="1" align="center" colsep="0" valign="top">92.600</entry>
			</row>
			<row>
				<entry VJ="1" align="center" colsep="0" valign="top">40</entry>
				<entry VJ="1" align="center" colsep="0" valign="top">93.600</entry>
			</row>
			<row>
				<entry VJ="1" align="center" colsep="0" valign="top">41</entry>
				<entry VJ="1" align="center" colsep="0" valign="top">94.600</entry>
			</row>
			<row>
				<entry VJ="1" align="center" colsep="0" valign="top">42</entry>
				<entry VJ="1" align="center" colsep="0" valign="top">95.600</entry>
			</row>
			<row>
				<entry VJ="1" align="center" colsep="0" valign="top">43</entry>
				<entry VJ="1" align="center" colsep="0" valign="top">96.550</entry>
			</row>
			<row>
				<entry VJ="1" align="center" colsep="0" valign="top">44</entry>
				<entry VJ="1" align="center" colsep="0" valign="top">97.550</entry>
			</row>
			<row>
				<entry VJ="1" align="center" colsep="0" valign="top">45</entry>
				<entry VJ="1" align="center" colsep="0" valign="top">98.550</entry>
			</row>
			<row>
				<entry VJ="1" align="center" colsep="0" valign="top">46</entry>
				<entry VJ="1" align="center" colsep="0" valign="top">99.550</entry>
			</row>
			<row>
				<entry VJ="1" align="center" colsep="0" valign="top">47</entry>
				<entry VJ="1" align="center" colsep="0" valign="top">100.550</entry>
			</row>
			<row>
				<entry VJ="1" align="center" colsep="0" valign="top">48</entry>
				<entry VJ="1" align="center" colsep="0" valign="top">101.500</entry>
			</row>
			<row>
				<entry VJ="1" align="center" colsep="0" valign="top">49</entry>
				<entry VJ="1" align="center" colsep="0" valign="top">102.500</entry>
			</row>
			<row>
				<entry VJ="1" align="center" colsep="0" valign="top">50</entry>
				<entry VJ="1" align="center" colsep="0" valign="top">103.500</entry>
			</row>
			<row>
				<entry VJ="1" align="center" colsep="0" valign="top">mehr als 50</entry>
				<entry VJ="1" align="left" colsep="0" valign="top">180 v.H. des Höchstbetrages, der für Hausschutzräume gilt, die im Zusammenhang mit Neubauten im Inneren von Gebäuden errichtet werden (Anlage 1)</entry>
			</row>
		</tbody>
	</tgroup>
</table> </P></Content></text><fussnoten/></textdaten></norm>
<norm builddate="20130405124616" doknr="BJNR002170970BJNE000801307"><metadaten><jurabk>HöBetrV</jurabk><enbez>Anlage 4</enbez></metadaten><textdaten><text format="XML"><Content><P>-</P></Content></text><fussnoten/></textdaten></norm>
</dokumente>