<?xml version="1.0" encoding="UTF-8" ?><!DOCTYPE dokumente SYSTEM "http://www.gesetze-im-internet.de/dtd/1.01/gii-norm.dtd">
<dokumente builddate="20171231215228" doknr="BJNR098100001"><norm builddate="20171231215228" doknr="BJNR098100001"><metadaten><jurabk>AbschlagsV</jurabk><ausfertigung-datum manuell="ja">2001-05-23</ausfertigung-datum><fundstelle typ="amtlich"><periodikum>BGBl I</periodikum><zitstelle>2001, 981</zitstelle></fundstelle><langue>Verordnung über Abschlagszahlungen bei Bauträgerverträgen</langue><standangabe checked="ja"><standtyp>Stand</standtyp><standkommentar>Zuletzt geändert durch Art. 4 G v. 28.4.2017 I 969</standkommentar></standangabe></metadaten><textdaten><text format="XML"><Content><P/></Content></text><fussnoten><Content><P>(+++ Textnachweis ab: 29.5.2001 +++)</P></Content></fussnoten></textdaten></norm>
<norm builddate="20171231215228" doknr="BJNR098100001BJNE000100310"><metadaten><jurabk>AbschlagsV</jurabk><enbez>Eingangsformel</enbez></metadaten><textdaten><text format="XML"><Content><P>Auf Grund des § 27a des AGB-Gesetzes in der Fassung der Bekanntmachung vom 29. Juni 2000 (BGBl. I S. 946) verordnet das Bundesministerium der Justiz im Einvernehmen mit dem Bundesministerium für Wirtschaft und Technologie:</P></Content></text></textdaten></norm>
<norm builddate="20171231215228" doknr="BJNR098100001BJNE000202123"><metadaten><jurabk>AbschlagsV</jurabk><enbez>§ 1</enbez><titel format="XML">Zulässige Abschlagszahlungsvereinbarungen</titel></metadaten><textdaten><text format="XML"><Content><P>In Werkverträgen, die die Errichtung oder den Umbau eines Hauses oder eines vergleichbaren Bauwerks auf einem Grundstück zum Gegenstand haben und zugleich die Verpflichtung des Unternehmers enthalten, dem Besteller das Eigentum an dem Grundstück zu übertragen oder ein Erbbaurecht zu bestellen oder zu übertragen, kann der Besteller zur Leistung von Abschlagszahlungen entsprechend § 3 Abs. 2 der Makler- und Bauträgerverordnung unter den Voraussetzungen ihres § 3 Abs. 1 verpflichtet werden. Unter den Voraussetzungen des § 7 der Makler- und Bauträgerverordnung kann der Besteller auch abweichend von ihrem § 3 Abs. 1 und 2 zur Leistung von Abschlagszahlungen verpflichtet werden. § 650m Absatz 2 und 3 des Bürgerlichen Gesetzbuchs findet Anwendung.</P></Content></text><fussnoten/></textdaten></norm>
<norm builddate="20171231215228" doknr="BJNR098100001BJNE000300310"><metadaten><jurabk>AbschlagsV</jurabk><enbez>§ 2</enbez><titel format="parat">Betroffene Verträge</titel></metadaten><textdaten><text format="XML"><Content><P>Diese Verordnung ist auch auf zwischen dem 1. Mai 2000 und dem 29. Mai 2001 abgeschlossene Verträge anzuwenden. Dies gilt nicht, soweit zwischen den Vertragsparteien ein rechtskräftiges Urteil ergangen oder ein verbindlich gewordener Vergleich abgeschlossen worden ist.</P></Content></text></textdaten></norm>
<norm builddate="20171231215228" doknr="BJNR098100001BJNE000500140"><metadaten><jurabk>AbschlagsV</jurabk><enbez>§ 2a</enbez><titel format="XML">Übergangsregelung</titel></metadaten><textdaten><text format="XML"><Content><P>Die Verordnung ist in ihrer vom 1. Januar 2009 an geltenden Fassung nur auf Schuldverhältnisse anzuwenden, die seit diesem Tag entstanden sind.</P></Content></text><fussnoten/></textdaten></norm>
<norm builddate="20171231215228" doknr="BJNR098100001BJNE000400310"><metadaten><jurabk>AbschlagsV</jurabk><enbez>§ 3</enbez><titel format="parat">Inkrafttreten</titel></metadaten><textdaten><text format="XML"><Content><P>Diese Verordnung tritt am Tage nach der Verkündung in Kraft.</P></Content></text></textdaten></norm>
</dokumente>