<?xml version="1.0" encoding="UTF-8" ?><!DOCTYPE dokumente SYSTEM "http://www.gesetze-im-internet.de/dtd/1.01/gii-norm.dtd">
<dokumente builddate="20150721215514" doknr="BJNR103800015"><norm builddate="20150721215514" doknr="BJNR103800015"><metadaten><jurabk>Münz10EuroBek 2015-06-23/4</jurabk><ausfertigung-datum manuell="ja">2015-06-23</ausfertigung-datum><fundstelle typ="amtlich"><periodikum>BGBl I</periodikum><zitstelle>2015, 1038</zitstelle></fundstelle><langue>Bekanntmachung über die Ausprägung von deutschen Euro-Gedenkmünzen im Nennwert von 10 Euro (Gedenkmünze „150 Jahre Gesellschaft zur Rettung Schiffbrüchiger“)</langue></metadaten><textdaten><fussnoten><Content><P><BR/> <pre xml:space="preserve">(+++ Textnachweis ab: 2.7.2015 +++)<BR/><BR/></pre></P></Content></fussnoten></textdaten></norm>
<norm builddate="20150721215514" doknr="BJNR103800015BJNE000100000"><metadaten><jurabk>Münz10EuroBek 2015-06-23/4</jurabk><enbez>(XXXX)</enbez></metadaten><textdaten><text format="XML"><Content><P>Gemäß den §§ 2, 4 und 5 des Münzgesetzes vom 16. Dezember 1999 (BGBl. I S. 2402) hat die Bundesregierung beschlossen, zum Thema „150 Jahre Gesellschaft zur Rettung Schiffbrüchiger“ eine deutsche Euro-Gedenkmünze im Nennwert von 10 Euro prägen zu lassen.</P><P>Die Auflage der Münze beträgt ca. 1,3 Mio. Stück, davon ca. 0,2 Mio. Stück in Spiegelglanzqualität. Die Prägung erfolgt durch die Hamburgische Münze (Prägezeichen J).</P><P>Die Münze wird ab dem 7. Mai 2015 in den Verkehr gebracht. Die 10-Euro-Gedenkmünze in der Stempelglanzqualität besteht aus einer Kupfer-Nickel-Legierung (CuNi25), hat einen Durchmesser von 32,5 Millimetern und eine Masse von 14 Gramm. Die Spiegelglanzmünze besteht aus einer Legierung von 625 Tausendteilen Silber und 375 Tausendteilen Kupfer, hat einen Durchmesser von 32,5 Millimetern und ein Gewicht von 16 Gramm. Das Gepräge auf beiden Seiten ist erhaben und wird von einem schützenden, glatten Randstab umgeben.</P><P>Auf der Bildseite verschmelzen Hansekreuz und Rettungsboot zu einer Einheit, die zu einer strengen, fast abstrakten Gestalt wird. Dennoch bleiben die Kernsymbole der Rettung – Schiff und Hansekreuz – klar erkennbar. Durch die Positionierung und den Anschnitt des Symbols sowie die seitlich versetzte Umschrift wird auf subtile Weise ein Hinweis auf das Element Meer gegeben.</P><P>Die Wertseite zeigt einen Adler, den Schriftzug „BUNDESREPUBLIK DEUTSCHLAND“, Wertziffer und Wertbezeichnung, das Prägezeichen „J“ der Hamburgischen Münze, die Jahreszahl 2015 sowie die zwölf Europasterne. Auf der Wertseite der Münze in Spiegelglanzqualität ist zusätzlich die Angabe „SILBER 625“ aufgeprägt.</P><P>Der glatte Münzrand enthält in vertiefter Prägung die Inschrift:</P><P>„FREIWILLIG • UNABHÄNGIG •<BR/>SPENDENFINANZIERT •“.</P><P>Der Entwurf stammt von dem Künstler Joachim Dimanski aus Halle.</P></Content></text></textdaten></norm>
<norm builddate="20150721215514" doknr="BJNR103800015BJNE000200000"><metadaten><jurabk>Münz10EuroBek 2015-06-23/4</jurabk><enbez>Schlussformel</enbez></metadaten><textdaten><text format="XML"><Content><P><SP>Der Bundesminister der Finanzen</SP></P></Content></text></textdaten></norm>
<norm builddate="20150721215515" doknr="BJNR103800015BJNE000300000"><metadaten><jurabk>Münz10EuroBek 2015-06-23/4</jurabk><enbez>(XXXX)</enbez></metadaten><textdaten><text format="XML"><Content><P><noindex><kommentar typ="Fundstelle">(Fundstelle: BGBl. I 2015, 1038)</kommentar></noindex></P><BR/><table frame="none" tocentry="%yes;"><tgroup align="left" char="" charoff="50" cols="2"><colspec colname="col1" colwidth="50*"/><colspec colname="col2" colwidth="50*"/><tbody valign="top"><row><entry VJ="1" align="center" colname="col1" colsep="0" rowsep="0"><IMG Align="center" Height="637" Pos="inline" SRC="bgbl1_2015_j1038-1_0010.jpg" Type="TIF" Units="300" Width="650" alt=""/></entry><entry VJ="1" align="center" colname="col2" rowsep="0"><IMG Align="center" Height="637" Pos="inline" SRC="bgbl1_2015_j1038-1_0020.jpg" Type="TIF" Units="300" Width="650" alt=""/></entry></row><row><entry VJ="1" align="center" colname="col1" colsep="0"><IMG Align="center" Height="637" Pos="inline" SRC="bgbl1_2015_j1038-1_0030.jpg" Type="TIF" Units="300" Width="650" alt=""/></entry><entry VJ="1" align="center" colname="col2"><IMG Align="center" Height="633" Pos="inline" SRC="bgbl1_2015_j1038-1_0040.jpg" Type="TIF" Units="300" Width="642" alt=""/></entry></row></tbody></tgroup></table></Content></text></textdaten></norm>
</dokumente>