<?xml version="1.0" encoding="UTF-8" ?><!DOCTYPE dokumente SYSTEM "http://www.gesetze-im-internet.de/dtd/1.01/gii-norm.dtd">
<dokumente builddate="20120625151623" doknr="BJNR010130960"><norm builddate="20120625151623" doknr="BJNR010130960"><metadaten><jurabk>RAG 3</jurabk><amtabk>3. RAG</amtabk><ausfertigung-datum manuell="ja">1960-12-19</ausfertigung-datum><fundstelle typ="amtlich"><periodikum>BGBl I</periodikum><zitstelle>1960, 1013</zitstelle></fundstelle><kurzue>Drittes Rentenanpassungsgesetz</kurzue><langue>Drittes Gesetz über die Anpassung der Renten aus den gesetzlichen
Rentenversicherungen aus Anlaß der Veränderung der allgemeinen
Bemessungsgrundlage für das Jahr 1960</langue></metadaten><textdaten><text format="XML"><Content><P/></Content></text><fussnoten><Content><P>Die Vorschrift gilt nicht in dem in Art. 3 des Einigungsvertrages genannten Gebiet gem. Anl. I Kap. VIII Sachg. H Abschn. I Nr. 15 EinigVtr v. 31.8.1990 iVm Art. 1 G v. 23.9.1990 II 885, 1057 <BR/>(+++ Textnachweis Geltung ab:  1. 1.1964 +++)</P></Content></fussnoten></textdaten></norm>
<norm builddate="20120625151623" doknr="BJNR010130960BJNE000100314"><metadaten><jurabk>RAG 3</jurabk><enbez>§ 1</enbez></metadaten><textdaten><text format="XML"><Content><P>(1) In den gesetzlichen Rentenversicherungen werden aus Anlaß der Veränderung der allgemeinen Bemessungsgrundlage für das Jahr 1960 die Versicherten- und Hinterbliebenenrenten aus Versicherungsfällen, die im Jahr 1959 oder früher eingetreten sind, für Bezugszeiten vom 1. Januar 1961 an in der Weise angepaßt, daß der nach § 2 zu ermittelnde Anpassungsbetrag mit 1,054 vervielfältigt wird; dem sich dadurch ergebenden Betrag sind die der Anpassung nicht unterliegenden Rententeile wieder hinzuzufügen.</P><P>(2) Zu den Renten im Sinne des Absatzes 1 gehören auch die nach Artikel 2 § 38 Abs. 3 Satz 1 des Arbeiterrentenversicherungs-Neuregelungsgesetzes und Artikel 2 § 37 Abs. 3 Satz 1 des Angestelltenversicherungs-Neuregelungsgesetzes erhöhten Versichertenrenten von Berechtigten, die das 65. Lebensjahr im Jahre 1960 vollendet haben.</P><P>(3) Absatz 1 findet auf den Knappschaftssold keine Anwendung.</P></Content>  </text></textdaten></norm>
<norm builddate="20120625151623" doknr="BJNR010130960BJNE000200314"><metadaten><jurabk>RAG 3</jurabk><enbez>§ 2</enbez></metadaten><textdaten><text format="XML"><Content><P>(1) Anpassungsbetrag ist der Rentenzahlbetrag für Januar 1961 einschließlich des Kinderzuschusses für jedes Kind, vermindert um den Sonderzuschuß und die Steigerungsbeträge aus Beiträgen der Höherversicherung. In der knappschaftlichen Rentenversicherung vermindert sich der Rentenzahlbetrag außerdem um den Leistungszuschlag und den nach § 75 Abs. 1 Satz 2 des Reichsknappschaftsgesetzes zu belassenden Betrag.</P><P>(2) Bei Renten, auf die § 4 des Zweiten Rentenanpassungsgesetzes anzuwenden war, ist Anpassungsbetrag der Betrag, der sich nach Anwendung des § 1 Abs. 1 erster Halbsatz des Zweiten Rentenanpassungsgesetzes ergibt. An die Stelle des Rentenzahlbetrages für Januar 1960 tritt der Rentenzahlbetrag für Januar 1961. Bei Renten aus Versicherungsfällen des Jahres 1959, die nach § 1253ff. der Reichsversicherungsordnung oder § 30ff. des Angestelltenversicherungsgesetzes berechnet sind und bei denen die für den Versicherten maßgebende Rentenbemessungsgrundlage begrenzt ist, ist Anpassungsbetrag der nach Maßgabe des Absatzes 1 Satz 1 zu bestimmende und mit 1,0594 zu vervielfältigende Rentenzahlbetrag.</P><P>(3) In den Fällen, in denen für Januar 1961 keine Rente gezahlt worden ist oder sich der Zahlbetrag der Rente nach dem 31. Dezember 1960 erhöht, tritt an die Stelle des Rentenzahlbetrags im Sinne des Absatzes 1 der Betrag, der für Januar 1961 zu zahlen gewesen wäre, wenn die Voraussetzungen für die Erfüllung des Anspruchs damals bestanden hätten.</P><P>(4) Bei Renten, die nach Artikel 2 § 42 des Arbeiterrentenversicherungs-Neuregelungsgesetzes, Artikel 2 § 41 des Angestelltenversicherungs-Neuregelungsgesetzes und Artikel 2 § 11 des Knappschaftsrentenversicherungs-Neuregelungsgesetzes berechnet sind, gelten als Sonderzuschuß die Beträge von 21 Deutsche Mark bei Versichertenrenten und 14 Deutsche Mark bei Hinterbliebenenrenten. Ist in den Fällen des Satzes 1 bei der Berechnung einer Versicherten- und einer Hinterbliebenenrente desselben Berechtigten ein Sonderzuschuß zu berücksichtigen gewesen, so gilt als Sonderzuschuß der Betrag von 21 Deutsche Mark.</P></Content>   </text></textdaten></norm>
<norm builddate="20120625151623" doknr="BJNR010130960BJNE000300314"><metadaten><jurabk>RAG 3</jurabk><enbez>§ 3</enbez></metadaten><textdaten><text format="XML"><Content><P>(1) Bei Renten aus der Rentenversicherung der Arbeiter und der Rentenversicherung der Angestellten, die auf Versicherungsfällen der Jahre 1957, 1958 und 1959 beruhen und nach <I>§ 1253ff. der Reichsversicherungsordnung oder § 30ff. des Angestelltenversicherungsgesetzes</I> berechnet worden sind, sowie bei Renten aus der knappschaftlichen Rentenversicherung und Renten aus der Rentenversicherung der Arbeiter und der Rentenversicherung der Angestellten mit einem Leistungsteil aus der knappschaftlichen Rentenversicherung darf der nach § 1 Abs. 1 erster Halbsatz errechnete Betrag den Betrag nicht überschreiten, der sich ergeben würde, wenn die Rente ohne Änderung der übrigen Berechnungsfaktoren unter Zugrundelegung der allgemeinen Bemessungsgrundlage für das Jahr 1960 und der Beitragsbemessungsgrenze für dieses Jahr berechnet werden würde. Auf die übrigen Renten aus der Rentenversicherung der Arbeiter und der Rentenversicherung der Angestellten findet <I>Artikel 2 § 34 des Arbeiterrentenversicherungs-Neuregelungsgesetzes oder Artikel 2 § 33 des Angestelltenversicherungs-Neuregelungsgesetzes</I> Anwendung. Die in diesen Vorschriften angegebenen Werte werden durch folgende Werte ersetzt: <BR/><table frame="top" tocentry="%yes;">
	<tgroup align="left" char="" charoff="50" cols="3" colsep="1" rowsep="0">
		<colspec colname="col1" colnum="1" colwidth="30*"/>
		<colspec colname="col2" colnum="2" colwidth="30*"/>
		<colspec colname="col3" colnum="3" colwidth="20*"/>
		<thead valign="bottom">
			<row rowsep="1">
				<entry VJ="1" align="center" colsep="0" valign="middle">&quot;Bei einer Versicherungsdauer von ... Jahren</entry>
				<entry VJ="1" align="center" colsep="0" valign="middle">Versichertenrente DM/Monat</entry>
				<entry VJ="1" align="center" colsep="0" valign="middle">Witwen- und Witwer-Rente DM/Monat  </entry>
			</row>
		</thead>
		<tbody valign="top">
			<row>
				<entry VJ="1" align="center" colsep="0" valign="top">50</entry>
				<entry VJ="1" align="center" colsep="0" valign="top">637,50</entry>
				<entry VJ="1" align="center" colsep="0" valign="top">382,50</entry>
			</row>
			<row>
				<entry VJ="1" align="center" colsep="0" valign="top">49</entry>
				<entry VJ="1" align="center" colsep="0" valign="top">624,80</entry>
				<entry VJ="1" align="center" colsep="0" valign="top">374,90</entry>
			</row>
			<row>
				<entry VJ="1" align="center" colsep="0" valign="top">48</entry>
				<entry VJ="1" align="center" colsep="0" valign="top">612,00</entry>
				<entry VJ="1" align="center" colsep="0" valign="top">367,20</entry>
			</row>
			<row>
				<entry VJ="1" align="center" colsep="0" valign="top">47</entry>
				<entry VJ="1" align="center" colsep="0" valign="top">599,30</entry>
				<entry VJ="1" align="center" colsep="0" valign="top">359,60</entry>
			</row>
			<row>
				<entry VJ="1" align="center" colsep="0" valign="top">46</entry>
				<entry VJ="1" align="center" colsep="0" valign="top">586,50</entry>
				<entry VJ="1" align="center" colsep="0" valign="top">351,90</entry>
			</row>
			<row>
				<entry VJ="1" align="center" colsep="0" valign="top">45</entry>
				<entry VJ="1" align="center" colsep="0" valign="top">573,80</entry>
				<entry VJ="1" align="center" colsep="0" valign="top">344,30</entry>
			</row>
			<row>
				<entry VJ="1" align="center" colsep="0" valign="top">44</entry>
				<entry VJ="1" align="center" colsep="0" valign="top">561,00</entry>
				<entry VJ="1" align="center" colsep="0" valign="top">336,60</entry>
			</row>
			<row>
				<entry VJ="1" align="center" colsep="0" valign="top">43</entry>
				<entry VJ="1" align="center" colsep="0" valign="top">548,30</entry>
				<entry VJ="1" align="center" colsep="0" valign="top">329,00</entry>
			</row>
			<row>
				<entry VJ="1" align="center" colsep="0" valign="top">42</entry>
				<entry VJ="1" align="center" colsep="0" valign="top">535,50</entry>
				<entry VJ="1" align="center" colsep="0" valign="top">321,30</entry>
			</row>
			<row>
				<entry VJ="1" align="center" colsep="0" valign="top">41</entry>
				<entry VJ="1" align="center" colsep="0" valign="top">522,80</entry>
				<entry VJ="1" align="center" colsep="0" valign="top">313,70</entry>
			</row>
			<row>
				<entry VJ="1" align="center" colsep="0" valign="top">40 u. weniger</entry>
				<entry VJ="1" align="center" colsep="0" valign="top">510,00</entry>
				<entry VJ="1" align="center" colsep="0" valign="top">306,00&quot;.</entry>
			</row>
		</tbody>
	</tgroup>
</table> </P><P>(2) <I>§ 1282 Abs. 2 der Reichsversicherungsordnung und § 59 Abs. 2 des Angestelltenversicherungsgesetzes gelten; im übrigen gilt in den Fällen, in denen § 1282 Abs. 2 der Reichsversicherungsordnung und § 59 Abs. 2 des Angestelltenversicherungsgesetzes anzuwenden sind, Absatz 1 sinngemäß.</I></P><P>(3) Absatz 1 Satz 1 gilt nicht für Renten aus der knappschaftlichen Rentenversicherung, die nach <I>Artikel 2 § 11 oder Artikel 2 § 25 des Knappschaftsrentenversicherungs-Neuregelungsgesetzes</I> berechnet worden sind.</P></Content>  </text><fussnoten><Content><P>§ 3 Kursivdruck: §§ 1253 bis 1256 RVO aufgeh. durch Art. 6 Nr. 24 G v. 18.12.1989 I 2261 mWv 1.1.1992 <BR/>§ 3 Kursivdruck: § 1282 Abs. 2 RVO, § 59 Abs. 2 AVG aufgeh. durch Art. 2 Nr. 27 u. Art. 3 Nr. 3 G v. 1.12.1981 I 1205 mWv 5.12.1981</P></Content></fussnoten></textdaten></norm>
<norm builddate="20120625151623" doknr="BJNR010130960BJNE000400314"><metadaten><jurabk>RAG 3</jurabk><enbez>§ 4</enbez></metadaten><textdaten><text format="XML"><Content><P>Ergibt die Anpassung keinen höheren als den bisherigen Zahlbetrag, so ist dieser weiterzuzahlen.</P></Content></text></textdaten></norm>
<norm builddate="20120625151623" doknr="BJNR010130960BJNE000500314"><metadaten><jurabk>RAG 3</jurabk><enbez>§ 5</enbez></metadaten><textdaten><text format="XML"><Content><P>Soweit bei den Versorgungsbezügen nach dem Bundesversorgungsgesetz und den Gesetzen, die das Bundesversorgungsgesetz für anwendbar erklären, den Unterhaltshilfen nach dem Lastenausgleichsgesetz, den Leistungen nach dem Bundesentschädigungsgesetz und den Bundesbeihilfen zum Ausgleich von Härten im Rahmen der betrieblichen Altersfürsorge nach den Richtlinien vom 17. Oktober 1951 (Bundesanzeiger Nr. 204 vom 20. Oktober 1951) die Gewährung oder die Höhe der Leistung von anderem Einkommen abhängig ist, bleiben die Erhöhungsbeträge, die für die Monate Januar bis einschließlich Mai 1961 auf Grund der Vorschriften dieses Gesetzes zu leisten sind, für den genannten Zeitraum bei der Ermittlung des Einkommens unberücksichtigt. Das gleiche gilt bei der Prüfung der fürsorgerechtlichen Hilfsbedürftigkeit. Die Erhöhungsbeträge für den in Satz 1 genannten Zeitraum sind ferner bei der Gewährung von Leistungen aus der Arbeitslosenversicherung und der Arbeitslosenhilfe nicht zu berücksichtigen.</P></Content></text></textdaten></norm>
<norm builddate="20120625151623" doknr="BJNR010130960BJNE000600314"><metadaten><jurabk>RAG 3</jurabk><enbez>§ 6</enbez></metadaten><textdaten><text format="XML"><Content><P>(1) Dem Berechtigten ist über die Anpassung eine schriftliche Mitteilung zu geben. Ergibt eine spätere Überprüfung, daß die Anpassung fehlerhaft ist, so ist sie zu berichtigen. Die Rente ist in ihrer bisherigen Höhe bis zum Ablauf des Monats zu gewähren, in dem der Berichtigungsbescheid zugestellt wird. Eine Rückforderung überzahlter Beträge findet nicht statt. Die Berichtigung ist nur bis zum 31. Dezember 1961 zulässig.</P><P>(2) <I>§ 1300 der Reichsversicherungsordnung, § 79 des Angestelltenversicherungsgesetzes und § 93 Abs. 1 des Reichsknappschaftsgesetzes bleiben unberührt.</I></P></Content> </text><fussnoten><Content><P>§ 6 Abs. 2 Kursivdruck: § 1300 RVO aufgeh. durch Art. II § 4 Nr. 1, § 79 AVG aufgeh. durch Art. II § 6 Nr. 1 u. § 93 RKG aufgeh. durch Art. II § 8 Nr. 1 G v. 18.8.1980 I 1469 mWv 1.1.1981</P></Content></fussnoten></textdaten></norm>
<norm builddate="20120625151623" doknr="BJNR010130960BJNE000700314"><metadaten><jurabk>RAG 3</jurabk><enbez>§ 7</enbez></metadaten><textdaten><text format="XML"><Content><P>(1) Die Vorschriften dieses Gesetzes gelten im Saarland unter Berücksichtigung der Fassung, in der die in den §§ 1 bis 3 aufgeführten Vorschriften im Saarland anzuwenden sind, und zwar auch für Renten, die nach Artikel 2 § 15 des Gesetzes Nr. 591 zur Einführung des Arbeiterrentenversicherungs-Neuregelungsgesetzes im Saarland vom 13. Juli 1957 (Amtsblatt des Saarlands S. 779), Artikel 2 § 17 des Gesetzes Nr. 590 zur Einführung des Angestelltenversicherungs-Neuregelungsgesetzes im Saarland vom 13. Juli 1957 (Amtsblatt des Saarlands S. 789) und Artikel 4 § 9 des Gesetzes Nr. 635 zur Einführung des Reichsknappschaftsgesetzes und des Knappschaftsrentenversicherungs-Neuregelungsgesetzes im Saarland vom 18. Juni 1958 (Amtsblatt des Saarlands S. 1099) gewährt werden.</P><P>(2) § 5 gilt im Saarland mit der Maßgabe, daß an Stelle des Bundesversorgungsgesetzes das entsprechende saarländische Gesetz tritt und das Bundesentschädigungsgesetz sowie das Lastenausgleichsgesetz unter Berücksichtigung ihrer im Saarland geltenden Fassung anzuwenden sind.</P></Content> </text></textdaten></norm>
<norm builddate="20120625151623" doknr="BJNR010130960BJNE000800314"><metadaten><jurabk>RAG 3</jurabk><enbez>§ 8</enbez></metadaten><textdaten><text format="XML"><Content><P>Dieses Gesetz gilt nach Maßgabe des § 13 Abs. 1 des Dritten Überleitungsgesetzes vom 4. Januar 1952 (Bundesgesetzbl. I S. 1) auch im Land Berlin.</P></Content></text></textdaten></norm>
<norm builddate="20120625151623" doknr="BJNR010130960BJNE000900314"><metadaten><jurabk>RAG 3</jurabk><enbez>§ 9</enbez></metadaten><textdaten><text format="XML"><Content><P>Dieses Gesetz tritt am Tag nach der Verkündung in Kraft.</P></Content></text></textdaten></norm>
</dokumente>