<?xml version="1.0" encoding="UTF-8" ?><!DOCTYPE dokumente SYSTEM "http://www.gesetze-im-internet.de/dtd/1.01/gii-norm.dtd">
<dokumente builddate="20250806220001" doknr="BJNR099100008"><norm builddate="20250806220001" doknr="BJNR099100008"><metadaten><jurabk>Münz10EuroBek 2008-05-28</jurabk><ausfertigung-datum manuell="ja">2008-05-28</ausfertigung-datum><fundstelle typ="amtlich"><periodikum>BGBl I</periodikum><zitstelle>2008, 991</zitstelle></fundstelle><langue>Bekanntmachung über die Ausprägung von deutschen Euro-Gedenkmünzen im Nennwert von 10 Euro (Gedenkmünze „50 Jahre Gorch Fock“)</langue></metadaten><textdaten><fussnoten><Content><P><BR/> <pre xml:space="preserve">(+++ Textnachweis ab: 9.6.2008 +++)<BR/><BR/></pre></P></Content></fussnoten></textdaten></norm>
<norm builddate="20250806220001" doknr="BJNR099100008BJNE000100000"><metadaten><jurabk>Münz10EuroBek 2008-05-28</jurabk><enbez>(XXXX)</enbez></metadaten><textdaten><text format="XML"><Content><P>Gemäß den §§ 2, 4 und 5 des Münzgesetzes vom 16. Dezember 1999 (BGBl. I S. 2402) hat die Bundesregierung beschlossen, aus Anlass des 50. Jahrestages der Inbetriebnahme des Segelschulschiffes „Gorch Fock“ eine deutsche Euro-Gedenkmünze im Nennwert von 10 Euro prägen zu lassen. Die Auflage der Münze beträgt 1.760.000 Stück, darunter maximal 260 000 Stück in Spiegelglanzausführung. Die Prägung erfolgt durch die Hamburgische Münze.</P><P>Die Münze wird ab dem 7. August 2008 in den Verkehr gebracht. Sie besteht aus einer Legierung von 925 Tausendteilen Silber und 75 Tausendteilen Kupfer, hat einen Durchmesser von 32,5 Millimetern und eine Masse von 18 Gramm. Das Gepräge auf beiden Seiten ist erhaben und wird von einem schützenden, glatten Randstab umgeben.</P><P>Die Bildseite zeigt die spezifischen Merkmale des Segelschulschiffes Gorch Fock. Das Bildmotiv wird von der Umschrift „50 Jahre Gorch Fock“ eingefasst. Die Konturen des Schiffes spiegeln sich auf originelle Weise in der unteren Münzhälfte. Aus einigem Abstand betrachtet wirkt das Schriftfeld wie ein Schatten. Bei näherem Hinsehen entdeckt der Betrachter technische Angaben und das Datum des Stapellaufs.</P><P>Die Wertseite zeigt einen Adler, den Schriftzug „BUNDESREPUBLIK DEUTSCHLAND“, die zwölf Europa-Sterne, die Wertziffer mit der Euro-Bezeichnung sowie die Jahreszahl 2008 und das Münzzeichen „J“ der Hamburgischen Münze.</P><P>Der glatte Münzrand enthält in vertiefter Prägung die Inschrift:</P><P>„SEEFAHRT IST NOT <F>~</F>“.</P><P>Hierbei handelt es sich um den Titel des Hauptwerkes des Schriftstellers Johann Kinau, dessen Pseudonym Gorch Fock der Name des Segelschulschiffes ist.</P><P>Der Entwurf der Münze stammt von Herrn Frantisek Chochola, Hamburg.</P></Content></text></textdaten></norm>
<norm builddate="20250806220001" doknr="BJNR099100008BJNE000200000"><metadaten><jurabk>Münz10EuroBek 2008-05-28</jurabk><enbez>Schlussformel</enbez></metadaten><textdaten><text format="XML"><Content><P><SP>Der Bundesminister der Finanzen</SP></P></Content></text></textdaten></norm>
<norm builddate="20250806220001" doknr="BJNR099100008BJNE000300000"><metadaten><jurabk>Münz10EuroBek 2008-05-28</jurabk><enbez>Anlage</enbez></metadaten><textdaten><text format="XML"><Content><kommentar typ="Fundstelle">( Fundstelle: BGBl. I 2008, 991 )</kommentar><BR/><table frame="none" tocentry="%yes;"><tgroup align="left" char="" charoff="50" cols="2"><colspec colname="col1" colnum="1"/><colspec colname="col2" colnum="2"/><tbody valign="top"><row><entry VJ="1" align="left" colname="col1" colsep="0" valign="top"><IMG Height="630" Pos="inline" SRC="bgbl1_2008_j0991-1_0010.jpg" Type="TIF" Units="200" alt=""/></entry><entry VJ="1" align="right" colname="col2" colsep="0" valign="top"><IMG Height="630" Pos="inline" SRC="bgbl1_2008_j0991-1_0020.jpg" Type="TIF" Units="200" alt=""/></entry></row></tbody></tgroup></table></Content></text></textdaten></norm>
</dokumente>