<?xml version="1.0" encoding="UTF-8" ?><!DOCTYPE dokumente SYSTEM "http://www.gesetze-im-internet.de/dtd/1.01/gii-norm.dtd">
<dokumente builddate="20120625151408" doknr="BJNR700010934"><norm builddate="20120625151408" doknr="BJNR700010934"><metadaten><jurabk>RAuslDRBest</jurabk><ausfertigung-datum manuell="ja">1933-12-22</ausfertigung-datum><fundstelle typ="amtlich"><periodikum>RBesBl</periodikum><zitstelle>1934, 1</zitstelle></fundstelle><langue>Sonderbestimmungen für Auslandsdienstreisen der Reichsbeamten</langue></metadaten><textdaten><text format="decorated"/><fussnoten><Content><P>Hinweis: Für die Abgrenzung der Zuständigkeit zwischen BMI und BMF vgl. Zuständigkeitsgesetz v. 20.8.1960 I 705, in Kraft getreten mit Wirkung v. 31.10.1957</P></Content></fussnoten></textdaten></norm>
</dokumente>