<?xml version="1.0" encoding="UTF-8" ?><!DOCTYPE dokumente SYSTEM "http://www.gesetze-im-internet.de/dtd/1.01/gii-norm.dtd">
<dokumente builddate="20120625155102" doknr="BJNR050420009"><norm builddate="20120625155102" doknr="BJNR050420009"><metadaten><jurabk>StreumunitionÜbk</jurabk><ausfertigung-datum manuell="ja">2008-05-30</ausfertigung-datum><fundstelle typ="amtlich"><periodikum>BGBl II</periodikum><zitstelle>2009, 504</zitstelle></fundstelle><langue>Übereinkommen über Streumunition</langue></metadaten><textdaten><fussnoten><Content><P>G v. 6.6.2009 II 502 <BR/>In Kraft gem. Bek. v. 4.2.2011 II 809 mWv 1.8.2010</P></Content></fussnoten></textdaten></norm>
</dokumente>