<?xml version="1.0" encoding="UTF-8" ?><!DOCTYPE dokumente SYSTEM "http://www.gesetze-im-internet.de/dtd/1.01/gii-norm.dtd">
<dokumente builddate="20120625155103" doknr="BJNR001190979"><norm builddate="20120625155103" doknr="BJNR001190979"><metadaten><jurabk>WZG§35CHNBek 1979</jurabk><ausfertigung-datum manuell="ja">1979-01-19</ausfertigung-datum><fundstelle typ="amtlich"><periodikum>BGBl I</periodikum><zitstelle>1979, 119</zitstelle></fundstelle><langue>Bekanntmachung gemäß § 35 des Warenzeichengesetzes</langue></metadaten><textdaten><text format="XML"><Content><P/></Content></text><fussnoten><Content><P>(+++ Textnachweis ab:  1. 2.1979 +++)</P></Content></fussnoten></textdaten></norm>
<norm builddate="20120625155103" doknr="BJNR001190979BJNE000100304"><metadaten><jurabk>WZG§35CHNBek 1979</jurabk><enbez>(XXXX)</enbez></metadaten><textdaten><text format="XML"><Content><P>Auf Grund des § 35 Abs. 3 Satz 2 des Warenzeichengesetzes in der Fassung der Bekanntmachung vom 2. Januar 1968 (BGBl. I S. 1, 29) wird gemäß einer Erklärung des chinesischen Rates zur Förderung des Internationalen Handels bekanntgemacht: <BR/>Deutsche Staatsangehörige, die ein Warenzeichen in der Volksrepublik China anmelden, brauchen nicht den Nachweis zu erbringen, daß sie für das Zeichen in dem Staat, in dem sich ihre Niederlassung befindet, den Markenschutz beantragt und erhalten haben.</P></Content></text></textdaten></norm>
<norm builddate="20120625155103" doknr="BJNR001190979BJNE000200304"><metadaten><jurabk>WZG§35CHNBek 1979</jurabk><enbez>Schlussformel</enbez></metadaten><textdaten><text format="XML"><Content><P>Der Bundesminister der Justiz</P></Content></text></textdaten></norm>
</dokumente>