<?xml version="1.0" encoding="UTF-8" ?><!DOCTYPE dokumente SYSTEM "http://www.gesetze-im-internet.de/dtd/1.01/gii-norm.dtd">
<dokumente builddate="20160615215558" doknr="BJNR122900016"><norm builddate="20160615215558" doknr="BJNR122900016"><metadaten><jurabk>FinAusglG2014DV 2</jurabk><ausfertigung-datum manuell="ja">2016-05-13</ausfertigung-datum><fundstelle typ="amtlich"><periodikum>BGBl I</periodikum><zitstelle>2016, 1229</zitstelle></fundstelle><langue>Zweite Verordnung zur Durchführung des Finanzausgleichsgesetzes im Ausgleichsjahr 2014</langue></metadaten><textdaten><fussnoten><Content><P><BR/> <pre xml:space="preserve">(+++ Textnachweis ab: 7.6.2016 +++)<BR/><BR/></pre></P></Content></fussnoten></textdaten></norm>
<norm builddate="20160615215558" doknr="BJNR122900016BJNE000100000"><metadaten><jurabk>FinAusglG2014DV 2</jurabk><enbez>Eingangsformel</enbez></metadaten><textdaten><text format="XML"><Content><P>Auf Grund des § 12 des Finanzausgleichsgesetzes vom 20. Dezember 2001 (BGBl. I S. 3955, 3956) verordnet das Bundesministerium der Finanzen:</P></Content></text></textdaten></norm>
<norm builddate="20160615215558" doknr="BJNR122900016BJNE000200000"><metadaten><jurabk>FinAusglG2014DV 2</jurabk><enbez>§ 1</enbez><titel format="XML">Feststellung der Länderanteile an der Umsatzsteuer im Ausgleichsjahr 2014</titel></metadaten><textdaten><text format="XML"><Content><P>Für das Ausgleichsjahr 2014 werden als Länderanteile an der Umsatzsteuer festgestellt: <table frame="none" pgwide="1" tocentry="%yes;"><tgroup align="left" char="" charoff="50" cols="2"><colspec colname="col1" colnum="1" colwidth="5.2*"/><colspec align="right" colname="col2" colnum="2" colwidth="4*"/><tbody valign="top"><row><entry VJ="1" colname="col1" colsep="0" rowsep="0">für Baden-Württemberg</entry><entry VJ="1" colname="col2" rowsep="0">10 242 733 099,76 Euro</entry></row><row><entry VJ="1" colname="col1" colsep="0" rowsep="0">für Bayern</entry><entry VJ="1" colname="col2" rowsep="0">12 127 175 958,18 Euro</entry></row><row><entry VJ="1" colname="col1" colsep="0" rowsep="0">für Berlin</entry><entry VJ="1" colname="col2" rowsep="0">3 637 254 084,76 Euro</entry></row><row><entry VJ="1" colname="col1" colsep="0" rowsep="0">für Brandenburg</entry><entry VJ="1" colname="col2" rowsep="0">3 712 576 879,94 Euro</entry></row><row><entry VJ="1" colname="col1" colsep="0" rowsep="0">für Bremen</entry><entry VJ="1" colname="col2" rowsep="0">731 734 127,98 Euro</entry></row><row><entry VJ="1" colname="col1" colsep="0" rowsep="0">für Hamburg</entry><entry VJ="1" colname="col2" rowsep="0">1 678 489 226,81 Euro</entry></row><row><entry VJ="1" colname="col1" colsep="0" rowsep="0">für Hessen</entry><entry VJ="1" colname="col2" rowsep="0">5 820 384 279,66 Euro</entry></row><row><entry VJ="1" colname="col1" colsep="0" rowsep="0">für Mecklenburg-Vorpommern</entry><entry VJ="1" colname="col2" rowsep="0">2 687 414 118,40 Euro</entry></row><row><entry VJ="1" colname="col1" colsep="0" rowsep="0">für Niedersachsen</entry><entry VJ="1" colname="col2" rowsep="0">9 282 363 276,84 Euro</entry></row><row><entry VJ="1" colname="col1" colsep="0" rowsep="0">für Nordrhein-Westfalen</entry><entry VJ="1" colname="col2" rowsep="0">17 394 329 039,42 Euro</entry></row><row><entry VJ="1" colname="col1" colsep="0" rowsep="0">für Rheinland-Pfalz</entry><entry VJ="1" colname="col2" rowsep="0">4 040 706 982,34 Euro</entry></row><row><entry VJ="1" colname="col1" colsep="0" rowsep="0">für das Saarland</entry><entry VJ="1" colname="col2" rowsep="0">1 303 351 527,73 Euro</entry></row><row><entry VJ="1" colname="col1" colsep="0" rowsep="0">für Sachsen</entry><entry VJ="1" colname="col2" rowsep="0">6 896 869 905,70 Euro</entry></row><row><entry VJ="1" colname="col1" colsep="0" rowsep="0">für Sachsen-Anhalt</entry><entry VJ="1" colname="col2" rowsep="0">3 891 974 190,71 Euro</entry></row><row><entry VJ="1" colname="col1" colsep="0" rowsep="0">für Schleswig-Holstein</entry><entry VJ="1" colname="col2" rowsep="0">3 283 922 610,21 Euro</entry></row><row><entry VJ="1" colname="col1" colsep="0">für Thüringen</entry><entry VJ="1" colname="col2">3 728 843 709,55 Euro.</entry></row></tbody></tgroup></table></P></Content></text></textdaten></norm>
<norm builddate="20160615215558" doknr="BJNR122900016BJNE000300000"><metadaten><jurabk>FinAusglG2014DV 2</jurabk><enbez>§ 2</enbez><titel format="XML">Abrechnung des Finanzausgleichs unter den Ländern im Ausgleichsjahr 2014</titel></metadaten><textdaten><text format="XML"><Content><P>Für das Ausgleichsjahr 2014 wird der Finanzausgleich unter den Ländern wie folgt festgestellt: <DL Font="normal" Type="arabic"><DT>1.</DT><DD Font="normal"><LA Size="normal">endgültige Ausgleichsbeiträge <table frame="none" pgwide="1" tocentry="%yes;"><tgroup align="left" char="" charoff="50" cols="2"><colspec colname="col1" colnum="1" colwidth="5*"/><colspec align="right" colname="col2" colnum="2" colwidth="4*"/><tbody valign="top"><row><entry VJ="1" colname="col1" colsep="0" rowsep="0">von Baden-Württemberg</entry><entry VJ="1" colname="col2" rowsep="0">2 356 923 632,31 Euro</entry></row><row><entry VJ="1" colname="col1" colsep="0" rowsep="0">von Bayern</entry><entry VJ="1" colname="col2" rowsep="0">4 855 730 480,53 Euro</entry></row><row><entry VJ="1" colname="col1" colsep="0" rowsep="0">von Hamburg</entry><entry VJ="1" colname="col2" rowsep="0">55 998 272,84 Euro</entry></row><row><entry VJ="1" colname="col1" colsep="0">von Hessen</entry><entry VJ="1" colname="col2">1 755 960 607,96 Euro,</entry></row></tbody></tgroup></table></LA></DD><DT>2.</DT><DD Font="normal"><LA Size="normal">endgültige Ausgleichszuweisungen <table frame="none" pgwide="1" tocentry="%yes;"><tgroup align="left" char="" charoff="50" cols="2"><colspec colname="col1" colnum="1" colwidth="5.2*"/><colspec align="right" colname="col2" colnum="2" colwidth="4*"/><tbody valign="top"><row><entry VJ="1" colsep="0" rowsep="0">an Berlin</entry><entry VJ="1" rowsep="0">3 491 235 344,66 Euro</entry></row><row><entry VJ="1" colname="col1" colsep="0" rowsep="0">an Brandenburg</entry><entry VJ="1" colname="col2" rowsep="0">509 741 096,84 Euro</entry></row><row><entry VJ="1" colname="col1" colsep="0" rowsep="0">an Bremen</entry><entry VJ="1" colname="col2" rowsep="0">604 252 662,80 Euro</entry></row><row><entry VJ="1" colname="col1" colsep="0" rowsep="0">an Mecklenburg-Vorpommern</entry><entry VJ="1" colname="col2" rowsep="0">463 159 467,23 Euro</entry></row><row><entry VJ="1" colname="col1" colsep="0" rowsep="0">an Niedersachsen</entry><entry VJ="1" colname="col2" rowsep="0">277 515 767,55 Euro</entry></row><row><entry VJ="1" colname="col1" colsep="0" rowsep="0">an Nordrhein-Westfalen</entry><entry VJ="1" colname="col2" rowsep="0">899 320 851,94 Euro</entry></row><row><entry VJ="1" colname="col1" colsep="0" rowsep="0">an Rheinland-Pfalz</entry><entry VJ="1" colname="col2" rowsep="0">288 576 046,25 Euro</entry></row><row><entry VJ="1" colname="col1" colsep="0" rowsep="0">an das Saarland</entry><entry VJ="1" colname="col2" rowsep="0">144 343 575,15 Euro</entry></row><row><entry VJ="1" colname="col1" colsep="0" rowsep="0">an Sachsen</entry><entry VJ="1" colname="col2" rowsep="0">1 034 811 514,24 Euro</entry></row><row><entry VJ="1" colname="col1" colsep="0" rowsep="0">an Sachsen-Anhalt</entry><entry VJ="1" colname="col2" rowsep="0">585 743 902,45 Euro</entry></row><row><entry VJ="1" colname="col1" colsep="0" rowsep="0">an Schleswig-Holstein</entry><entry VJ="1" colname="col2" rowsep="0">173 112 639,88 Euro</entry></row><row><entry VJ="1" colname="col1" colsep="0">an Thüringen</entry><entry VJ="1" colname="col2">552 800 124,65 Euro.</entry></row></tbody></tgroup></table></LA></DD></DL></P></Content></text></textdaten></norm>
<norm builddate="20160615215558" doknr="BJNR122900016BJNE000400000"><metadaten><jurabk>FinAusglG2014DV 2</jurabk><enbez>§ 3</enbez><titel format="XML">Abschlusszahlungen für 2014</titel></metadaten><textdaten><text format="XML"><Content><P>Zum Ausgleich der Unterschiede zwischen den vorläufig gezahlten und den endgültig festgestellten Länderanteilen an der Umsatzsteuer nach § 1, den vorläufig gezahlten und den endgültig festgestellten Ausgleichsbeiträgen und Ausgleichszuweisungen nach § 2 werden nach § 15 des Finanzausgleichsgesetzes mit dem Inkrafttreten dieser Verordnung fällig: <DL Font="normal" Type="arabic"><DT>1.</DT><DD Font="normal"><LA Size="normal">Überweisungen von zahlungspflichtigen Ländern: <table frame="none" pgwide="1" tocentry="%yes;"><tgroup align="left" char="" charoff="50" cols="2"><colspec colname="col1" colnum="1" colwidth="5.2*"/><colspec align="right" colname="col2" colnum="2" colwidth="4*"/><tbody valign="top"><row><entry VJ="1" colname="col1" colsep="0" rowsep="0">von Baden-Württemberg</entry><entry VJ="1" colname="col2" rowsep="0">525 255,01 Euro</entry></row><row><entry VJ="1" colname="col1" colsep="0" rowsep="0">von Bayern</entry><entry VJ="1" colname="col2" rowsep="0">3 846 767,45 Euro</entry></row><row><entry VJ="1" colname="col1" colsep="0" rowsep="0">von Berlin</entry><entry VJ="1" colname="col2" rowsep="0">121 254,75 Euro</entry></row><row><entry VJ="1" colname="col1" colsep="0" rowsep="0">von Hamburg</entry><entry VJ="1" colname="col2" rowsep="0">626 589,44 Euro</entry></row><row><entry VJ="1" colname="col1" colsep="0">von Hessen</entry><entry VJ="1" colname="col2">1 120 711,64 Euro,</entry></row></tbody></tgroup></table></LA></DD><DT>2.</DT><DD Font="normal"><LA Size="normal">Zahlungen an empfangsberechtigte Länder: <table frame="none" pgwide="1" tocentry="%yes;"><tgroup align="left" char="" charoff="50" cols="2"><colspec colname="col1" colnum="1" colwidth="5.2*"/><colspec align="right" colname="col2" colnum="2" colwidth="4*"/><tbody valign="top"><row><entry VJ="1" colname="col1" colsep="0" rowsep="0">an Brandenburg</entry><entry VJ="1" colname="col2" rowsep="0">1 224,19 Euro</entry></row><row><entry VJ="1" colname="col1" colsep="0" rowsep="0">an Bremen</entry><entry VJ="1" colname="col2" rowsep="0">162 996,83 Euro</entry></row><row><entry VJ="1" colname="col1" colsep="0" rowsep="0">an Mecklenburg-Vorpommern</entry><entry VJ="1" colname="col2" rowsep="0">421 255,11 Euro</entry></row><row><entry VJ="1" colname="col1" colsep="0" rowsep="0">an Niedersachsen</entry><entry VJ="1" colname="col2" rowsep="0">1 568 898,18 Euro</entry></row><row><entry VJ="1" colname="col1" colsep="0" rowsep="0">an Nordrhein-Westfalen</entry><entry VJ="1" colname="col2" rowsep="0">1 487 694,96 Euro</entry></row><row><entry VJ="1" colname="col1" colsep="0" rowsep="0">an Rheinland-Pfalz</entry><entry VJ="1" colname="col2" rowsep="0">308 111,80 Euro</entry></row><row><entry VJ="1" colname="col1" colsep="0" rowsep="0">an das Saarland</entry><entry VJ="1" colname="col2" rowsep="0">276 422,53 Euro</entry></row><row><entry VJ="1" colname="col1" colsep="0" rowsep="0">an Sachsen</entry><entry VJ="1" colname="col2" rowsep="0">335 289,32 Euro</entry></row><row><entry VJ="1" colname="col1" colsep="0" rowsep="0">an Sachsen-Anhalt</entry><entry VJ="1" colname="col2" rowsep="0">345 487,82 Euro</entry></row><row><entry VJ="1" colname="col1" colsep="0" rowsep="0">an Schleswig-Holstein</entry><entry VJ="1" colname="col2" rowsep="0">777 278,75 Euro</entry></row><row><entry VJ="1" colname="col1" colsep="0">an Thüringen</entry><entry VJ="1" colname="col2">555 918,82 Euro.</entry></row></tbody></tgroup></table></LA></DD></DL></P></Content></text></textdaten></norm>
<norm builddate="20160615215558" doknr="BJNR122900016BJNE000500000"><metadaten><jurabk>FinAusglG2014DV 2</jurabk><enbez>§ 4</enbez><titel format="XML">Inkrafttreten, Außerkrafttreten</titel></metadaten><textdaten><text format="XML"><Content><P>Diese Verordnung tritt am siebenten Tag nach der Verkündung in Kraft. Gleichzeitig tritt die Erste Verordnung zur Durchführung des Finanzausgleichsgesetzes im Ausgleichsjahr 2014 vom 17. März 2014 (BGBl. I S. 265) außer Kraft.</P></Content></text></textdaten></norm>
<norm builddate="20160615215558" doknr="BJNR122900016BJNE000600000"><metadaten><jurabk>FinAusglG2014DV 2</jurabk><enbez>Schlussformel</enbez></metadaten><textdaten><text format="XML"><Content><P>Der Bundesrat hat zugestimmt.</P></Content></text></textdaten></norm>
</dokumente>