<?xml version="1.0" encoding="UTF-8" ?><!DOCTYPE dokumente SYSTEM "http://www.gesetze-im-internet.de/dtd/1.01/gii-norm.dtd">
<dokumente builddate="20200812212531" doknr="BJNR055700004"><norm builddate="20200812212531" doknr="BJNR055700004"><metadaten><jurabk>UAGOWiZustV</jurabk><amtabk>UAGOWiZustV</amtabk><ausfertigung-datum manuell="ja">2004-04-05</ausfertigung-datum><fundstelle typ="amtlich"><periodikum>BGBl I</periodikum><zitstelle>2004, 557</zitstelle></fundstelle><langue>Verordnung zur Übertragung der Zuständigkeit für die Verfolgung und
Ahndung bestimmter Ordnungswidrigkeiten nach § 37 Abs. 1 des
Umweltauditgesetzes auf das Bundesverwaltungsamt</langue><standangabe checked="ja"><standtyp>Stand</standtyp><standkommentar>Zuletzt geändert durch Art. 186 V v. 19.6.2020 I 1328</standkommentar></standangabe></metadaten><textdaten><text format="XML"><Content><P/></Content></text><fussnoten><Content><P><BR/> <pre xml:space="preserve">(+++ Textnachweis ab: 16.4.2004 +++)<BR/><BR/></pre></P></Content></fussnoten></textdaten></norm>
<norm builddate="20200812212531" doknr="BJNR055700004BJNE000100000"><metadaten><jurabk>UAGOWiZustV</jurabk><enbez>Eingangsformel</enbez></metadaten><textdaten><text format="XML"><Content><P>Auf Grund des § 36 Abs. 3 des Gesetzes über Ordnungswidrigkeiten in der Fassung der Bekanntmachung vom 19. Februar 1987 (BGBl. I S. 602), der zuletzt durch Artikel 1 Nr. 5 Buchstabe b des Gesetzes vom 26. Juni 1998 (BGBl. I S. 156) geändert worden ist, und auf Grund des § 1 Abs. 3 des Gesetzes über die Errichtung des Bundesverwaltungsamtes in der im Bundesgesetzblatt Teil III, Gliederungsnummer 200-2, veröffentlichten bereinigten Fassung verordnet das Bundesministerium für Umwelt, Naturschutz und Reaktorsicherheit mit Zustimmung des Bundesministeriums des Innern:</P></Content></text></textdaten></norm>
<norm builddate="20200812212531" doknr="BJNR055700004BJNE000203360"><metadaten><jurabk>UAGOWiZustV</jurabk><enbez>§ 1</enbez><titel format="XML">Zuständigkeitsübertragung</titel></metadaten><textdaten><text format="XML"><Content><P>Die Zuständigkeit für die Verfolgung von Ordnungswidrigkeiten nach § 37 Abs. 1 des Umweltauditgesetzes in der Fassung der Bekanntmachung vom 4. September 2002 (BGBl. I S. 3490), das zuletzt durch das Gesetz vom 6. Dezember 2011 (BGBl. I S. 2509) geändert worden ist, in der jeweils geltenden Fassung wird, soweit das Umweltauditgesetz aufgrund der Verordnung über die Beleihung der Zulassungsstelle nach dem Umweltauditgesetz vom 18. Dezember 1995 (BGBl. I S. 2013), die zuletzt durch Artikel 1 der Verordnung vom 13. Dezember 2011 (BGBl. I S. 2727) geändert worden ist, in der jeweils geltenden Fassung, durch die Deutsche Akkreditierungs- und Zulassungsgesellschaft für Umweltgutachter mbH ausgeführt wird, auf das Bundesverwaltungsamt übertragen, das insoweit den fachlichen Weisungen des Bundesministeriums für Umwelt, Naturschutz und nukleare Sicherheit unterliegt.</P></Content></text><fussnoten/></textdaten></norm>
<norm builddate="20200812212531" doknr="BJNR055700004BJNE000300000"><metadaten><jurabk>UAGOWiZustV</jurabk><enbez>§ 2</enbez><titel format="parat">Inkrafttreten</titel></metadaten><textdaten><text format="XML"><Content><P>Diese Verordnung tritt am Tage nach der Verkündung in Kraft.</P></Content></text></textdaten></norm>
</dokumente>