<?xml version="1.0" encoding="UTF-8" ?><!DOCTYPE dokumente SYSTEM "http://www.gesetze-im-internet.de/dtd/1.01/gii-norm.dtd">
<dokumente builddate="20200701212512" doknr="BJNR007740951"><norm builddate="20200701212512" doknr="BJNR007740951"><metadaten><jurabk>ÜblG 2</jurabk><ausfertigung-datum manuell="ja">1951-08-21</ausfertigung-datum><fundstelle typ="amtlich"><periodikum>BGBl I</periodikum><zitstelle>1951, 774</zitstelle></fundstelle><kurzue>Zweites Überleitungsgesetz</kurzue><langue>Zweites Gesetz zur Überleitung von Lasten und Deckungsmitteln auf den
Bund</langue><standangabe checked="ja"><standtyp>Stand</standtyp><standkommentar>Geändert durch Art. 193 V v. 19.6.2020 I 1328</standkommentar></standangabe></metadaten><textdaten><text format="XML"><Content><P/></Content></text><fussnoten><Content><P><BR/> <pre xml:space="preserve">(+++ Textnachweis Geltung ab: 1.1.1964 +++)<BR/>(+++ Das G gilt nicht in dem in Art. 3 des<BR/>Einigungsvertrages genannten Gebiet gem. Anl. I Kap. IV Sachg. B<BR/>Abschn. I Nr. 1 EinigVtr v. 31.8.1990 iVm Art. 1 G v. 23.9.1990 II 885, 966 +++)<BR/><BR/></pre>Überschrift: In Berlin Art. II bis V dieses Gesetzes nach Maßgabe des § 2 Abs. 2 Drittes ÜberleitungsG gem. Art. I Abs. 3 u. Art. III Abs. 1 G v. 12.6.1952 GVBl. Berlin S. 393 in Kraft seit 27.6.1952; im Saarland § 1 Abs. 2 u. 3, §§ 3 bis 6 u. 9 bis 11 dieses Gesetzes gem. § 2 Abs. 1 Fünftes ÜberleitungsG in Kraft seit 1.1.1980</P></Content></fussnoten></textdaten></norm>
<norm builddate="20200701212512" doknr="BJNR007740951BJNG000100315"><metadaten><jurabk>ÜblG 2</jurabk><gliederungseinheit><gliederungskennzahl>010</gliederungskennzahl><gliederungsbez>Art I</gliederungsbez><gliederungstitel>Finanzverwaltung</gliederungstitel></gliederungseinheit></metadaten><textdaten><text format="XML"><Content><P/></Content></text></textdaten></norm>
<norm builddate="20200701212512" doknr="BJNR007740951BJNE000600315"><metadaten><jurabk>ÜblG 2</jurabk><enbez>§ 1</enbez></metadaten><textdaten><text format="XML"><Content><P>(1) Die Ausgaben der Finanzbehörden, die nach § 1 Abs. 1 des Gesetzes über die Finanzverwaltung vom 6. September 1950 (Bundesgesetzbl. S. 448) Bundesfinanzbehörden geworden sind, gehen auf den Bund über, soweit die Ausgaben nicht nach § 11 des Gesetzes über die Finanzverwaltung und nach den Vorschriften dieses Gesetzes von den Ländern zu tragen sind.</P><P>(2) Die Ausgaben für die Versorgung der ehemaligen Verwaltungsangehörigen der Zoll- und Verbrauchsteuerverwaltung, der Monopolverwaltungen und des Zollgrenzdienstes sowie der Hinterbliebenen dieser Verwaltungsangehörigen gehen auf den Bund über. Die Ausgaben für die Versorgung der sonstigen in den Bundesdienst übernommenen Verwaltungsangehörigen der Finanzverwaltung und ihrer Hinterbliebenen gehen vom Zeitpunkt der Übernahme in den Bundesdienst ab auf den Bund über (§ 36 Abs. 1 Satz 2 des Gesetzes über die Finanzverwaltung). Die Ausgaben für die Versorgung der ehemaligen Oberfinanzpräsidenten und der ehemaligen Leiter der Oberfinanzkassen und deren Hinterbliebenen werden vom Bund und von den Ländern je zur Hälfte getragen. Ihre Versorgung richtet sich nach den Vorschriften des Landes, das für die Zahlung der Versorgungsbezüge zuständig ist. Die übrigen Versorgungsausgaben der Finanzverwaltung werden von den Ländern getragen.</P><P>(3) Die Überleitung der Ausgaben, die sich aus der Verwaltung des Vermögens der ehemaligen Reichsfinanzverwaltung ergeben, bleibt einem besonderen Gesetz vorbehalten.</P></Content>  </text></textdaten></norm>
<norm builddate="20200701212512" doknr="BJNR007740951BJNE000700315"><metadaten><jurabk>ÜblG 2</jurabk><enbez>§ 2</enbez></metadaten><textdaten><text format="XML"><Content><P>-</P></Content></text><fussnoten/></textdaten></norm>
<norm builddate="20200701212512" doknr="BJNR007740951BJNG000200315"><metadaten><jurabk>ÜblG 2</jurabk><gliederungseinheit><gliederungskennzahl>020</gliederungskennzahl><gliederungsbez>Art II</gliederungsbez><gliederungstitel>Sonstige ehemalige Reichs- und
Zonenverwaltungen</gliederungstitel></gliederungseinheit></metadaten><textdaten><text format="XML"><Content><P/></Content></text></textdaten></norm>
<norm builddate="20200701212512" doknr="BJNR007740951BJNE000800315"><metadaten><jurabk>ÜblG 2</jurabk><enbez>§ 3</enbez></metadaten><textdaten><text format="XML"><Content><P>Die Ausgaben (einschließlich der Versorgungsausgaben) der Verwaltungen und Einrichtungen, die nach Artikel 130 des Grundgesetzes in die Verwaltung des Bundes übergeführt worden sind oder noch übergeführt werden, gehen mit dem Inkrafttreten der Überführung auf den Bund über.</P></Content></text></textdaten></norm>
<norm builddate="20200701212512" doknr="BJNR007740951BJNE000900315"><metadaten><jurabk>ÜblG 2</jurabk><enbez>§ 4</enbez></metadaten><textdaten><text format="XML"><Content><P>(1) Die Ausgaben für die Versorgung der ehemaligen Verwaltungsangehörigen der in der Anlage bezeichneten ehemaligen Reichsbehörden, Reichsbetriebe und Zonenbehörden sowie der Hinterbliebenen dieser Verwaltungsangehörigen gehen auf den Bund über.</P><P><I>(2) § 8 Abs. 2 des Gesetzes über den Bundesfinanzhof vom 29. Juni 1950 (Bundesgesetzbl. S. 257) bleibt unberührt.</I></P><P>(3) Erweist sich das in der Anlage enthaltene Verzeichnis der ehemaligen Reichsbehörden, Reichsbetriebe und Zonenbehörden als unvollständig, so kann die Bundesregierung das Verzeichnis nach den Grundsätzen dieses Gesetzes durch eine mit Zustimmung des Bundesrates zu erlassende Rechtsverordnung ergänzen.</P></Content>  </text><fussnoten><Content><P>§ 4: Kursivdruck: Aufgeh. durch § 161 Abs. 1 Nr. 2 FGO v. 6.10.1965 I 1477 mWv 1.1.1966</P></Content></fussnoten></textdaten></norm>
<norm builddate="20200701212512" doknr="BJNR007740951BJNE001001123"><metadaten><jurabk>ÜblG 2</jurabk><enbez>§ 5</enbez></metadaten><textdaten><text format="XML"><Content><P>(1) Die Wartestandsbeamten der in der Anlage bezeichneten Zonenbehörden werden Wartestandsbeamte des Bundes.</P><P>(2) Oberste Dienstbehörden der Wartestandsbeamten sind die zuständigen Obersten Bundesbehörden. Erforderlichenfalls bestimmen der Bundesminister des Innern, für Bau und Heimat und der Bundesminister der Finanzen die oberste Dienstbehörde.</P><P>(3) Die obersten Dienstbehörden haben für die Unterbringung der Wartestandsbeamten zu sorgen <I>(§ 36a Abs. 1 der Reichshaushaltsordnung).</I></P></Content></text><fussnoten><Content><P>§ 5: Kursivdruck: Als Bundesrecht aufgeh. mit Ausnahme Abschn. V durch § 119 Abs. 2 Satz 1 Nr. 1 G v. 19.8.1969 I 1284 mWv 1.1.1970</P></Content></fussnoten></textdaten></norm>
<norm builddate="20200701212512" doknr="BJNR007740951BJNG000300315"><metadaten><jurabk>ÜblG 2</jurabk><gliederungseinheit><gliederungskennzahl>030</gliederungskennzahl><gliederungsbez>Art III</gliederungsbez><gliederungstitel>Gemeinsame Bestimmungen zu den
Art  I und II</gliederungstitel></gliederungseinheit></metadaten><textdaten><text format="XML"><Content><P/></Content></text></textdaten></norm>
<norm builddate="20200701212512" doknr="BJNR007740951BJNE001101123"><metadaten><jurabk>ÜblG 2</jurabk><enbez>§ 6</enbez></metadaten><textdaten><text format="XML"><Content><P>Für die Versorgungsberechtigten, deren Versorgung nach den Vorschriften der Artikel I und II auf den Bund übergeht, übt die Oberste Bundesbehörde die Befugnisse und Aufgaben der obersten Dienstbehörde des letzten Dienstherrn des Beamten aus. Zuständig ist die Oberste Bundesbehörde, deren Aufgaben denen der zuletzt für den Beamten zuständigen obersten Dienstbehörde oder Verwaltungsstelle entsprechen. Ist eine solche Stelle nicht vorhanden, so regeln der Bundesminister des Innern, für Bau und Heimat und der Bundesminister der Finanzen die Zuständigkeit, ebenso, wenn keine Stelle sich für zuständig erachtet.</P></Content></text><fussnoten/></textdaten></norm>
<norm builddate="20200701212512" doknr="BJNR007740951BJNE001200315"><metadaten><jurabk>ÜblG 2</jurabk><enbez>§ 7</enbez></metadaten><textdaten><text format="XML"><Content><P>Soweit die Ausgaben der in den Artikeln I und II bezeichneten Verwaltungen und Einrichtungen auf den Bund übergehen, übernimmt der Bund auch die Haftpflichtverbindlichkeiten, die durch Angehörige oder im Betrieb dieser Verwaltungen und Einrichtungen verursacht worden sind. Insoweit gehen auch die Ersatzansprüche auf den Bund über.</P></Content></text></textdaten></norm>
<norm builddate="20200701212512" doknr="BJNR007740951BJNE001300315"><metadaten><jurabk>ÜblG 2</jurabk><enbez>§ 8</enbez></metadaten><textdaten><text format="XML"><Content><P>-</P></Content></text><fussnoten/></textdaten></norm>
<norm builddate="20200701212512" doknr="BJNR007740951BJNE001400315"><metadaten><jurabk>ÜblG 2</jurabk><enbez>§ 9</enbez></metadaten><textdaten><text format="XML"><Content><P>Soweit die Bestimmungen der Artikel I und II den Übergang von Versorgungsausgaben auf den Bund regeln, sind diese Bestimmungen und die Bestimmungen des § 6 auf den Personenkreis nicht anzuwenden, der durch Kapitel I des Gesetzes zur Regelung der Rechtsverhältnisse der unter Artikel 131 des Grundgesetzes fallenden Personen vom 11. Mai 1951 (Bundesgesetzbl. I S. 307) erfaßt wird; die Bestimmungen des § 1 Abs. 1 Ziff. 7 <I>und des § 2 Ziff. 7</I> des Ersten Gesetzes zur Überleitung von Lasten und Deckungsmitteln auf den Bund vom 28. November 1950 (Bundesgesetzbl. S. 773) bleiben unberührt.</P></Content></text><fussnoten><Content><P>§ 9 Kursivdruck: Zeitlich überholt</P></Content></fussnoten></textdaten></norm>
<norm builddate="20200701212512" doknr="BJNR007740951BJNE001500315"><metadaten><jurabk>ÜblG 2</jurabk><enbez>§ 10</enbez></metadaten><textdaten><text format="XML"><Content><P><I>Die Bundesregierung wird ermächtigt, die Versorgungsausgaben im Sinne der Artikel I und II durch eine mit Zustimmung des Bundesrates zu erlassende Rechtsverordnung näher zu bestimmen.</I></P></Content></text><fussnoten/></textdaten></norm>
<norm builddate="20200701212512" doknr="BJNR007740951BJNE001600315"><metadaten><jurabk>ÜblG 2</jurabk><enbez>§ 11</enbez></metadaten><textdaten><text format="XML"><Content><P>(1) Soweit nach den Artikeln I und II Ausgaben auf den Bund übergehen, stehen die mit den Ausgaben zusammenhängenden Einnahmen dem Bund zu.</P><P>(2) Die wegen Steuervergehens im Verwaltungsstrafverfahren festgesetzten Geldstrafen stehen dem Bund zu, wenn das Verwaltungsstrafverfahren durch Bundesbehörden durchgeführt wird, dem Land zu, wenn das Verwaltungsstrafverfahren durch Landesbehörden durchgeführt wird. Entsprechendes gilt für den Erlös aus der Verwertung eingezogener Gegenstände. § 48 Abs. 1 des Soforthilfegesetzes vom 8. August 1949 (WiGBl. S. 205) und die entsprechende Vorschrift in den Soforthilfegesetzen der französischen Zone bleiben unberührt.</P></Content> </text></textdaten></norm>
<norm builddate="20200701212512" doknr="BJNR007740951BJNE001700315"><metadaten><jurabk>ÜblG 2</jurabk><enbez>§ 12</enbez></metadaten><textdaten><text format="XML"><Content><P>Die Bestimmungen der §§ 18, 20 und 22 des Ersten Überleitungsgesetzes sind entsprechend anzuwenden.</P></Content></text></textdaten></norm>
<norm builddate="20200701212512" doknr="BJNR007740951BJNG000400315"><metadaten><jurabk>ÜblG 2</jurabk><gliederungseinheit><gliederungskennzahl>040</gliederungskennzahl><gliederungsbez>Art IV</gliederungsbez><gliederungstitel>Änderungen und Ergänzungen des Ersten
Überleitungsgesetzes</gliederungstitel></gliederungseinheit></metadaten><textdaten><text format="XML"><Content><P/></Content></text></textdaten></norm>
<norm builddate="20200701212512" doknr="BJNR007740951BJNE001800315"><metadaten><jurabk>ÜblG 2</jurabk><enbez>§ 13</enbez></metadaten><textdaten><text format="XML"><Content><P>-</P></Content></text><fussnoten/></textdaten></norm>
<norm builddate="20200701212512" doknr="BJNR007740951BJNE001900315"><metadaten><jurabk>ÜblG 2</jurabk><enbez>§ 14</enbez></metadaten><textdaten><text format="XML"><Content><P><I>Der Bundesminister der Finanzen wird ermächtigt, das Erste Gesetz zur Überleitung von Lasten und Deckungsmitteln auf den Bund in der ab 1. April 1951 geltenden Fassung bekanntzumachen.</I></P></Content></text><fussnoten/></textdaten></norm>
<norm builddate="20200701212512" doknr="BJNR007740951BJNG000500315"><metadaten><jurabk>ÜblG 2</jurabk><gliederungseinheit><gliederungskennzahl>050</gliederungskennzahl><gliederungsbez>Art V</gliederungsbez><gliederungstitel>Übergangs- und Schlußbestimmungen</gliederungstitel></gliederungseinheit></metadaten><textdaten><text format="XML"><Content><P/></Content></text></textdaten></norm>
<norm builddate="20200701212512" doknr="BJNR007740951BJNE002000315"><metadaten><jurabk>ÜblG 2</jurabk><enbez>§ 15</enbez></metadaten><textdaten><text format="XML"><Content><P>Dieses Gesetz und die noch zu erlassenden Rechtsverordnungen gelten auch für das Land Berlin, sobald es gemäß Artikel 87 Abs. 2 seiner Verfassung die Anwendung dieses Gesetzes beschlossen hat.</P></Content></text><fussnoten/></textdaten></norm>
<norm builddate="20200701212512" doknr="BJNR007740951BJNE002100315"><metadaten><jurabk>ÜblG 2</jurabk><enbez>§ 16</enbez></metadaten><textdaten><text format="XML"><Content><P>Dieses Gesetz tritt mit Wirkung vom 1. April 1950 in Kraft, soweit sich nicht aus seinen Bestimmungen etwas anderes ergibt.</P></Content></text></textdaten></norm>
<norm builddate="20200701212512" doknr="BJNR007740951BJNE002200315"><metadaten><jurabk>ÜblG 2</jurabk><enbez>Anlage</enbez></metadaten><textdaten><text format="XML"><Content><P><noindex><kommentar typ="Fundstelle">(Fundstelle: BGBl. Teil III 603-4, S. 61)</kommentar></noindex></P><P><BR/><BR/><B>I.</B><BR/><B>Ehemalige Reichsbehörden und Reichsbetriebe</B><DL Font="normal" Type="arabic"><DT/><DD Font="normal"><LA Size="normal"><DL Font="normal" Type="arabic"><DT/><DD Font="normal"><LA Size="normal"><DL Font="normal" Type="arabic"><DT/><DD Font="normal"><LA Size="normal"><DL Font="normal" Type="arabic"><DT/><DD Font="normal"><LA Size="normal">(§ 4 des Gesetzes)</LA></DD></DL></LA></DD></DL></LA></DD></DL></LA></DD><DT>1.</DT><DD Font="normal"><LA Size="normal">Deutscher Reichstag</LA></DD><DT>2.</DT><DD Font="normal"><LA Size="normal">Die Reichsministerien mit Ausnahme des Reichsministeriums der Justiz, des Reichsministeriums für Wissenschaft, Erziehung und Volksbildung und des Reichsministeriums für kirchliche Angelegenheiten</LA></DD><DT>3.</DT><DD Font="normal"><LA Size="normal">Die übrigen obersten Reichsbehörden mit Ausnahme der Reichsbank</LA></DD><DT>4.</DT><DD Font="normal"><LA Size="normal">Die obersten Gerichtshöfe und Anwaltschaften des Reichs</LA></DD><DT>5.</DT><DD Font="normal"><LA Size="normal">Der Regierungskommissar für das Saargebiet, die für die besetzten Gebiete bestellten Reichskommissare und Chefs der Zivilverwaltung und die Regierung des Generalgouvernements</LA></DD><DT>6.</DT><DD Font="normal"><LA Size="normal">Der Reichskommissar für die Rückgliederung des Saargebiets</LA></DD><DT>7.</DT><DD Font="normal"><LA Size="normal">Der Reichskommissar für das Wohnungswesen</LA></DD><DT>8.</DT><DD Font="normal"><LA Size="normal">Der Reichskommissar für die Preisbildung</LA></DD><DT>9.</DT><DD Font="normal"><LA Size="normal">Der Reichskommissar für die Ein- und Ausfuhrbewilligung</LA></DD><DT>10.</DT><DD Font="normal"><LA Size="normal">Der Reichskommissar für Reparationsleistungen</LA></DD><DT>11.</DT><DD Font="normal"><LA Size="normal">Rechnungshof des Deutschen Reichs einschließlich der Außenstellen</LA></DD><DT>12.</DT><DD Font="normal"><LA Size="normal">Reichsschuldenverwaltung</LA></DD><DT>13.</DT><DD Font="normal"><LA Size="normal">Statistisches Reichsamt</LA></DD><DT>14.</DT><DD Font="normal"><LA Size="normal">Reichsversicherungsamt</LA></DD><DT>15.</DT><DD Font="normal"><LA Size="normal">Reichsaufsichtsamt für Privatversicherung</LA></DD><DT>16.</DT><DD Font="normal"><LA Size="normal">Reichspatentamt</LA></DD><DT>17.</DT><DD Font="normal"><LA Size="normal">Reichsentschädigungsamt</LA></DD><DT>18.</DT><DD Font="normal"><LA Size="normal">Reichsausgleichsamt</LA></DD><DT>19.</DT><DD Font="normal"><LA Size="normal">Reichsgesundheitsamt einschließlich der Reichsanstalten für Wasser- und Luftgüte, für Lebensmittel- und Arzneimittelchemie und für Vitaminprüfung und Vitaminforschung</LA></DD><DT>20.</DT><DD Font="normal"><LA Size="normal">Reichsverpflegungsamt</LA></DD><DT>21.</DT><DD Font="normal"><LA Size="normal">Reichswanderungsamt</LA></DD><DT>22.</DT><DD Font="normal"><LA Size="normal">Reichsarchiv</LA></DD><DT>23.</DT><DD Font="normal"><LA Size="normal">Deutsche Seewarte</LA></DD><DT>24.</DT><DD Font="normal"><LA Size="normal">Reichsanstalt für Landesaufnahme</LA></DD><DT>25.</DT><DD Font="normal"><LA Size="normal">Reichsamt für Bodenforschung</LA></DD><DT>26.</DT><DD Font="normal"><LA Size="normal">Chemisch-Technische Reichsanstalt</LA></DD><DT>27.</DT><DD Font="normal"><LA Size="normal">Physikalisch-Technische Reichsanstalt (einschließlich der früheren Reichsanstalt für Maße und Gewichte)</LA></DD><DT>28.</DT><DD Font="normal"><LA Size="normal">Biologische Reichsanstalt für Land- und Forstwirtschaft</LA></DD><DT>29.</DT><DD Font="normal"><LA Size="normal">Zentralinstitut für Holz- und Forstwirtschaft</LA></DD><DT>30.</DT><DD Font="normal"><LA Size="normal">Reichstreuhänder der Arbeit</LA></DD><DT>31.</DT><DD Font="normal"><LA Size="normal">Betriebskrankenkasse des Reichs</LA></DD><DT>32.</DT><DD Font="normal"><LA Size="normal">Reichsausführungsbehörden für Unfallversicherung</LA></DD><DT>33.</DT><DD Font="normal"><LA Size="normal">Staatliche Ausführungsbehörde der Ostgebiete</LA></DD><DT>34.</DT><DD Font="normal"><LA Size="normal">Elsaß-lothringische Dienststellen, soweit Versorgungslasten dem Reich oblagen</LA></DD><DT>35.</DT><DD Font="normal"><LA Size="normal">Reichskolonialverwaltung, soweit nicht Nr. 2 in Betracht kommt</LA></DD><DT>36.</DT><DD Font="normal"><LA Size="normal">Heeres-, Marine- und Luftfahrtverwaltung, soweit nicht Nr. 2 in Betracht kommt</LA></DD><DT>37.</DT><DD Font="normal"><LA Size="normal">Heeres- und Marinebetriebe</LA></DD><DT>38.</DT><DD Font="normal"><LA Size="normal">Zentralnachweisamt für Kriegsverluste und Kriegsgräber</LA></DD><DT>39.</DT><DD Font="normal"><LA Size="normal">Propagandaämter</LA></DD><DT>40.</DT><DD Font="normal"><LA Size="normal">Reichsdruckerei</LA></DD><DT>41.</DT><DD Font="normal"><LA Size="normal">Kriegsmarineabwicklungsstelle Kiel</LA></DD></DL><B>II.</B><BR/><B>Ehemalige Zonenbehörden</B><DL Font="normal" Type="arabic"><DT/><DD Font="normal"><LA Size="normal"><DL Font="normal" Type="arabic"><DT/><DD Font="normal"><LA Size="normal"><DL Font="normal" Type="arabic"><DT/><DD Font="normal"><LA Size="normal"><DL Font="normal" Type="arabic"><DT/><DD Font="normal"><LA Size="normal">(§§ 4 und 5 des Gesetzes)</LA></DD></DL></LA></DD></DL></LA></DD></DL></LA></DD><DT>42.</DT><DD Font="normal"><LA Size="normal">Zonenbeirat für die britische Zone</LA></DD><DT>43.</DT><DD Font="normal"><LA Size="normal">Zentralhaushaltsamt für die britische Zone</LA></DD><DT>44.</DT><DD Font="normal"><LA Size="normal">Zentralamt für Arbeit in der britischen Zone</LA></DD><DT>45.</DT><DD Font="normal"><LA Size="normal">Zentralamt für Ernährung und Landwirtschaft in der britischen Zone</LA></DD><DT>46.</DT><DD Font="normal"><LA Size="normal">Zentralschuldenverwaltung in der britischen Zone</LA></DD><DT>47.</DT><DD Font="normal"><LA Size="normal">Statistisches Amt für die britische Zone</LA></DD><DT>48.</DT><DD Font="normal"><LA Size="normal">Deutsche Planungsbehörde für Registrierung und Bestandsaufnahme der Bevölkerung</LA></DD><DT>49.</DT><DD Font="normal"><LA Size="normal">Zonalhauptkasse</LA></DD><DT>50.</DT><DD Font="normal"><LA Size="normal">Rechnungshof des Deutschen Reichs (Britische Zone)</LA></DD><DT>51.</DT><DD Font="normal"><LA Size="normal">Rechnungshof für Sonderaufgaben</LA></DD><DT>52.</DT><DD Font="normal"><LA Size="normal">Oberster Gerichtshof für die britische Zone</LA></DD><DT>53.</DT><DD Font="normal"><LA Size="normal">Generaldirektion für Binnenwasserstraßen und Binnenschiffahrt des britischen Kontrollgebietes</LA></DD><DT>54.</DT><DD Font="normal"><LA Size="normal">Seehäfen-Generaldirektion für das britische Kontrollgebiet</LA></DD><DT>55.</DT><DD Font="normal"><LA Size="normal">Wasserstraßen-Generaldirektion für die amerikanische Besatzungszone</LA></DD><DT>56.</DT><DD Font="normal"><LA Size="normal">Kriegsschädenamt für die Seeschiffahrt</LA></DD><DT>57.</DT><DD Font="normal"><LA Size="normal">Oberseeamt für die britische Zone</LA></DD><DT>58.</DT><DD Font="normal"><LA Size="normal">Kriminalpolizeiamt</LA></DD><DT>59.</DT><DD Font="normal"><LA Size="normal">Aufsichtsamt für das Versicherungswesen in der britischen Zone</LA></DD></DL></P></Content></text></textdaten></norm>
</dokumente>