<?xml version="1.0" encoding="UTF-8" ?><!DOCTYPE dokumente SYSTEM "http://www.gesetze-im-internet.de/dtd/1.01/gii-norm.dtd">
<dokumente builddate="20201204213522" doknr="BJNR203900020"><norm builddate="20201204213522" doknr="BJNR203900020"><metadaten><jurabk>WissBdVV</jurabk><amtabk>WissBdVV</amtabk><ausfertigung-datum manuell="ja">2020-09-23</ausfertigung-datum><fundstelle typ="amtlich"><periodikum>BGBl I</periodikum><zitstelle>2020, 2039</zitstelle></fundstelle><kurzue>WissZeitVG-Befristungsdauer-Verlängerungs-Verordnung</kurzue><langue>Verordnung zur weiteren Verlängerung der zulässigen Befristungsdauer nach § 2 Absatz 1 des Wissenschaftszeitvertragsgesetzes aus Anlass der COVID-19-Pandemie</langue></metadaten><textdaten><fussnoten><Content><P><BR/> <pre xml:space="preserve">(+++ Textnachweis ab: 1.10.2020 +++)<BR/><BR/></pre></P></Content></fussnoten></textdaten></norm>
<norm builddate="20201204213522" doknr="BJNR203900020BJNE000100000"><metadaten><jurabk>WissBdVV</jurabk><enbez>Eingangsformel</enbez></metadaten><textdaten><text format="XML"><Content><P>Auf Grund des § 7 Absatz 3 des Wissenschaftszeitvertragsgesetzes, der durch Artikel 1 Nummer 2 des Gesetzes vom 25. Mai 2020 (BGBl. I S. 1073) eingefügt worden ist, verordnet das Bundesministerium für Bildung und Forschung:</P></Content></text></textdaten></norm>
<norm builddate="20201204213522" doknr="BJNR203900020BJNE000200000"><metadaten><jurabk>WissBdVV</jurabk><enbez>§ 1</enbez><titel format="XML">Verlängerung der zulässigen Befristungsdauer nach § 2 Absatz 1 des Wissenschaftszeitvertragsgesetzes aus Anlass der COVID-19-Pandemie</titel></metadaten><textdaten><text format="XML"><Content><P>Die nach § 2 Absatz 1 Satz 1 und 2 des Wissenschaftszeitvertragsgesetzes vom 12. April 2007 (BGBl. I S. 506), das zuletzt durch Artikel 1 des Gesetzes vom 25. Mai 2020 (BGBl. I S. 1073) geändert worden ist, insgesamt zulässige Befristungsdauer verlängert sich über die in § 7 Absatz 3 Satz 1 des Wissenschaftszeitvertragsgesetzes genannte Verlängerung hinaus um weitere sechs Monate. Für Arbeitsverhältnisse nach § 2 Absatz 1 des Wissenschaftszeitvertragsgesetzes, die zwischen dem 1. Oktober 2020 und dem 31. März 2021 begründet werden, verlängert sich die nach § 2 Absatz 1 Satz 1 und 2 des Wissenschaftszeitvertragsgesetzes insgesamt zulässige Befristungsdauer um sechs Monate.</P></Content></text></textdaten></norm>
<norm builddate="20201204213522" doknr="BJNR203900020BJNE000300000"><metadaten><jurabk>WissBdVV</jurabk><enbez>§ 2</enbez><titel format="XML">Inkrafttreten</titel></metadaten><textdaten><text format="XML"><Content><P>Diese Verordnung tritt am 1. Oktober 2020 in Kraft.</P></Content></text></textdaten></norm>
<norm builddate="20201204213522" doknr="BJNR203900020BJNE000400000"><metadaten><jurabk>WissBdVV</jurabk><enbez>Schlussformel</enbez></metadaten><textdaten><text format="XML"><Content><P>Der Bundesrat hat zugestimmt.</P></Content></text></textdaten></norm>
</dokumente>