<?xml version="1.0" encoding="UTF-8" ?><!DOCTYPE dokumente SYSTEM "http://www.gesetze-im-internet.de/dtd/1.01/gii-norm.dtd">
<dokumente builddate="20240417215016" doknr="BJNR07C0A0024"><norm builddate="20240417215016" doknr="BJNR07C0A0024"><metadaten><jurabk>BMFSFJBAFzAZustAnO</jurabk><amtabk>BMFSFJBAFzAZustAnO</amtabk><ausfertigung-datum manuell="ja">2024-04-11</ausfertigung-datum><fundstelle typ="amtlich"><periodikum>BGBl I</periodikum><zitstelle>2024, Nr. 124</zitstelle></fundstelle><langue>Anordnung zur Übertragung beamten- und haushaltsrechtlicher Zuständigkeiten des Bundesministeriums für Familie, Senioren, Frauen und Jugend auf das Bundesamt für Familie und zivilgesellschaftliche Aufgaben</langue></metadaten><textdaten><fussnoten><Content><P><BR/> <pre xml:space="preserve">(+++ Textnachweis ab: 1.3.2022 +++)<BR/><BR/></pre></P></Content></fussnoten></textdaten></norm>
<norm builddate="20240417215016" doknr="BJNR07C0A0024BJNE000100000"><metadaten><jurabk>BMFSFJBAFzAZustAnO</jurabk><enbez>Eingangsformel</enbez></metadaten><textdaten><text format="XML"><Content><P>Nach <DL Type="Dash"><DT>–</DT><DD Font="normal"><LA>Artikel 1 Absatz 1 Satz 2 der Anordnung des Bundespräsidenten über die Ernennung und Entlassung der Beamtinnen, Beamten, Richterinnen und Richter des Bundes vom 23. Juni 2004 (BGBl. I S. 1286),</LA></DD><DT>–</DT><DD Font="normal"><LA>§ 47 Absatz 2 Satz 3, § 48 Absatz 1 Satz 3, § 66 Satz 1, § 71 Absatz 1 Satz 3, § 99 Absatz 5 Satz 2, § 105 Absatz 3 Satz 2, § 126 Absatz 3 Satz 2 und 3 sowie nach § 127 Absatz 3 Satz 1 des Bundesbeamtengesetzes vom 5. Februar 2009 (BGBl. I S. 160), von denen § 47 Absatz 2 Satz 3 durch Artikel 1 Nummer 15 Buchstabe b des Gesetzes vom 6. März 2015 (BGBl. I S. 250) neu eingefügt worden ist,</LA></DD><DT>–</DT><DD Font="normal"><LA>§ 126 Absatz 3 Nummer 2 Satz 2 des Beamtenrechtsrahmengesetzes, der durch Artikel 2 Nummer 4 Buchstabe b des Gesetzes vom 21. Juni 2002 (BGBl. I S. 2138) geändert worden ist,</LA></DD><DT>–</DT><DD Font="normal"><LA>§ 8 Absatz 1 Satz 2, § 27 Absatz 3 Satz 8, § 36 Absatz 1 Satz 2, Absatz 3 Satz 2, Absatz 6 Satz 2 und § 46 Absatz 1 Satz 3 der Bundeslaufbahnverordnung in der Fassung vom 12. Februar 2009 (BGBl. I S. 284), von denen § 36 Absatz 3 Satz 2 durch Artikel 7 Nummer 2 des Gesetzes vom 19. Oktober 2016 (BGBl. I S. 2362) neu eingefügt worden ist,</LA></DD><DT>–</DT><DD Font="normal"><LA>§ 12 Absatz 2 Satz 3, § 15 Absatz 2 Satz 2 und § 28 Absatz 2 Satz 4 des Bundesbesoldungsgesetzes in der Fassung der Bekanntmachung vom 19. Juni 2009 (BGBl. I S. 1434), von denen § 28 Absatz 2 Satz 4 durch Artikel 6 Nummer 2 des Gesetzes vom 5. Januar 2017 (BGBl. I S. 17) geändert worden ist,</LA></DD><DT>–</DT><DD Font="normal"><LA>§ 35 Absatz 3 Satz 2, § 38 Absatz 6 Satz 2, § 44 Absatz 2 Satz 1 und § 45 Absatz 3 Satz 2 des Beamtenversorgungsgesetzes in der Fassung der Bekanntmachung vom 24. Februar 2010 (BGBl. I S. 150),</LA></DD><DT>–</DT><DD Font="normal"><LA>§ 33 Absatz 5, § 34 Absatz 2 Satz 2, § 42 Absatz 1 Satz 2 und § 84 Satz 2 des Bundesdisziplinargesetzes vom 9. Juli 2001 (BGBl. I S. 1510),</LA></DD><DT>–</DT><DD Font="normal"><LA>§ 16 Satz 2 der Arbeitszeitverordnung vom 23. Februar 2006 (BGBl. I S. 427),</LA></DD><DT>–</DT><DD Font="normal"><LA>§ 57 Satz 2, § 58 Absatz 1 Satz 2 und § 59 Absatz 1 Satz 2 der Bundeshaushaltsordnung vom 19. August 1969 (BGBl. I S. 1284), die durch Artikel 1 Nummer 8 des Gesetzes vom 22. September 1994 (BGBl. I S. 2605) geändert worden sind,</LA></DD><DT>–</DT><DD Font="normal"><LA>Nummer 3 Satz 2 und Nummer 5 Satz 1 zu § 63 der Allgemeinen Verwaltungsvorschriften zur Bundeshaushaltsordnung vom 14. März 2001 (GMBl S. 307), von denen Nummer 5 Satz 1 durch Abschnitt I Nummer 8 der allgemeinen Verwaltungsvorschrift vom 20. Dezember 2013 (GMBl 2014, S. 33) neu gefasst worden ist,</LA></DD><DT>–</DT><DD Font="normal"><LA>§ 9 Absatz 1 der Bundesnebentätigkeitsverordnung in der Fassung der Bekanntmachung vom 12. November 1987 (BGBl. I S. 2376),</LA></DD><DT>–</DT><DD Font="normal"><LA>§ 6 Satz 2 der Dienstjubiläumsverordnung vom 18. Dezember 2014 (BGBl. I S. 2267),</LA></DD><DT>–</DT><DD Font="normal"><LA>Nummer 2.2 der Richtlinie des Bundesministeriums des Innern für die Erstattung von Sachschäden, die im Dienst entstanden sind, vom 28. März 2019 (GMBl S. 315),</LA></DD><DT>–</DT><DD Font="normal"><LA>Nummer 5 Absatz 1 zweite Alternative der Vorschussrichtlinien des Bundesministeriums des Innern vom 28. November 1975 (GMBl S. 829),</LA></DD><DT>–</DT><DD Font="normal"><LA>§ 1 Absatz 2 der Auslandreisekostenverordnung vom 21. Mai 1991 (BGBl. I S. 1140), der durch Artikel 36 des Gesetzes vom 29. März 2017 (BGBl. I S. 626) geändert worden ist,</LA></DD><DT>–</DT><DD Font="normal"><LA>§ 9 Absatz 2 des Bundesreisekostengesetzes vom 26. Mai 2005 (BGBl. I S. 1418),</LA></DD><DT>–</DT><DD Font="normal"><LA>§ 4 Absatz 2 Nummer 2 des Bundesumzugskostengesetzes in der Fassung der Bekanntmachung vom 11. Dezember 1990 (BGBl. I S. 2682)</LA></DD></DL>ordnet das Bundesministerium für Familie, Senioren, Frauen und Jugend (Bundesministerium) an:</P></Content></text></textdaten></norm>
<norm builddate="20240417215016" doknr="BJNR07C0A0024BJNE000201000"><metadaten><jurabk>BMFSFJBAFzAZustAnO</jurabk><enbez>§ 1</enbez><titel format="XML">Ernennung und Entlassung von Beamtinnen und Beamten</titel></metadaten><textdaten><text format="XML"><Content><P>Dem Bundesamt für Familie und zivilgesellschaftliche Aufgaben (Bundesamt) wird die Befugnis zur Ernennung und Entlassung der Beamtinnen und Beamten der Besoldungsgruppen A 2 bis B 2 übertragen.</P></Content></text></textdaten></norm>
<norm builddate="20240417215016" doknr="BJNR07C0A0024BJNE000301000"><metadaten><jurabk>BMFSFJBAFzAZustAnO</jurabk><enbez>§ 2</enbez><titel format="XML">Übertragung von Befugnissen und Zuständigkeiten nach dem Bundesbeamtengesetz</titel></metadaten><textdaten><text format="XML"><Content><P>Dem Bundesamt werden übertragen: <DL Type="arabic"><DT>1.</DT><DD Font="normal"><LA>die Zuständigkeit für die Entscheidung über die Versetzung einer Beamtin oder eines Beamten in den Ruhestand ohne Zustimmung des Bundesministeriums (§ 47 Absatz 2 des Bundesbeamtengesetzes),</LA></DD><DT>2.</DT><DD Font="normal"><LA>die Befugnis, in den Fällen der §§ 44 bis 47 des Bundesbeamtengesetzes zu bestimmen, welche Ärztin oder welcher Arzt mit der Fertigung von Gutachten beauftragt werden kann (§ 48 Absatz 1 des Bundesbeamtengesetzes),</LA></DD><DT>3.</DT><DD Font="normal"><LA>die Befugnis, Beamtinnen und Beamten der Besoldungsgruppen A 2 bis B 2 die Führung der Dienstgeschäfte zu verbieten (§ 66 Satz 1 des Bundesbeamtengesetzes),</LA></DD><DT>4.</DT><DD Font="normal"><LA>die Zuständigkeit für die Entscheidung über die Zustimmung nach § 71 Absatz 1 Satz 2 des Bundesbeamtengesetzes,</LA></DD><DT>5.</DT><DD Font="normal"><LA>die Zuständigkeit für die Entscheidung über die Genehmigung von Nebentätigkeiten (§ 99 Absatz 5 Satz 1 des Bundesbeamtengesetzes),</LA></DD><DT>6.</DT><DD Font="normal"><LA>die Zuständigkeit für die Entgegennahme von Anzeigen nach § 105 Absatz 1 und für die Entscheidung über Untersagungen nach § 105 Absatz 2 des Bundesbeamtengesetzes,</LA></DD><DT>7.</DT><DD Font="normal"><LA>die Zuständigkeit für den Erlass des Widerspruchsbescheids nach § 126 Absatz 3 Satz 1 des Bundesbeamtengesetzes in Fällen, in denen Widerspruchsführerin oder Widerspruchsführer eine Beamtin oder ein Beamter der Besoldungsgruppen A 2 bis B 2 ist und es sich nicht um Angelegenheiten der Beihilfe oder der Besoldung handelt,</LA></DD><DT>8.</DT><DD Font="normal"><LA>die Vertretung des Dienstherrn bei Klagen aus dem Beamtenverhältnis, soweit die Klagen Beamtinnen oder Beamte der Besoldungsgruppen A 2 bis B 2 betreffen (§ 127 Absatz 1 des Bundesbeamtengesetzes) und es sich nicht um Angelegenheiten der Beihilfe oder der Besoldung handelt.</LA></DD></DL></P></Content></text></textdaten></norm>
<norm builddate="20240417215016" doknr="BJNR07C0A0024BJNE000401000"><metadaten><jurabk>BMFSFJBAFzAZustAnO</jurabk><enbez>§ 3</enbez><titel format="XML">Übertragung von Zuständigkeiten nach der Bundeslaufbahnverordnung</titel></metadaten><textdaten><text format="XML"><Content><P>Dem Bundesamt werden übertragen: <DL Type="arabic"><DT>1.</DT><DD Font="normal"><LA>die Zuständigkeit für die Anerkennung der Laufbahnbefähigung (§ 8 Absatz 1 Satz 1 der Bundeslaufbahnverordnung),</LA></DD><DT>2.</DT><DD Font="normal"><LA>die Zuständigkeit für die Bestimmung der Auswahlkommissionen (§ 27 Absatz 3 Satz 1 der Bundeslaufbahnverordnung),</LA></DD><DT>3.</DT><DD Font="normal"><LA>die Zuständigkeit, vor der Durchführung eines Auswahlverfahrens bekanntzugeben, welche fachspezifischen Vorbereitungsdienste, Studiengänge oder sonstigen Qualifizierungen für den Aufstieg angeboten werden (§ 36 Absatz 1 Satz 1 der Bundeslaufbahnverordnung),</LA></DD><DT>4.</DT><DD Font="normal"><LA>die Zuständigkeit für die Bestimmung von Auswahlkommissionen, die die Auswahlverfahren durchführen (§ 36 Absatz 3 Satz 1 der Bundeslaufbahnverordnung),</LA></DD><DT>5.</DT><DD Font="normal"><LA>die Zuständigkeit für die Entscheidung über die Zulassung zum Aufstieg unter Berücksichtigung des Vorschlags der Auswahlkommission (§ 36 Absatz 6 Satz 1 der Bundeslaufbahnverordnung),</LA></DD><DT>6.</DT><DD Font="normal"><LA>die Zuständigkeit für die Entscheidung über die Gestaltung der Personalentwicklungskonzepte (§ 46 Absatz 1 Satz 2 der Bundeslaufbahnverordnung).</LA></DD></DL></P></Content></text></textdaten></norm>
<norm builddate="20240417215016" doknr="BJNR07C0A0024BJNE000500000"><metadaten><jurabk>BMFSFJBAFzAZustAnO</jurabk><enbez>§ 4</enbez><titel format="XML">Übertragung von Zuständigkeiten nach dem Bundesbesoldungsgesetz</titel></metadaten><textdaten><text format="XML"><Content><P>Dem Bundesamt wird die Entscheidung über die Anweisung eines dienstlichen Wohnsitzes nach § 15 Absatz 2 Satz 1 des Bundesbesoldungsgesetzes übertragen.</P></Content></text></textdaten></norm>
<norm builddate="20240417215016" doknr="BJNR07C0A0024BJNE000600000"><metadaten><jurabk>BMFSFJBAFzAZustAnO</jurabk><enbez>§ 5</enbez><titel format="XML">Übertragung von Zuständigkeiten nach dem Beamtenversorgungsgesetz</titel></metadaten><textdaten><text format="XML"><Content><P>Dem Bundesamt werden übertragen: <DL Type="arabic"><DT>1.</DT><DD Font="normal"><LA>die Zuständigkeit für die Anordnung einer ärztlichen Untersuchung nach § 35 Absatz 3 Satz 2 des Beamtenversorgungsgesetzes,</LA></DD><DT>2.</DT><DD Font="normal"><LA>die Zuständigkeit für die Anordnung einer ärztlichen Untersuchung nach § 38 Absatz 6 Satz 2 des Beamtenversorgungsgesetzes,</LA></DD><DT>3.</DT><DD Font="normal"><LA>die Zuständigkeit für die Versagung der Unfallfürsorge (§ 44 Absatz 2 Satz 1 des Beamtenversorgungsgesetzes),</LA></DD><DT>4.</DT><DD Font="normal"><LA>die Zuständigkeit für die Entscheidung, ob ein Dienstunfall vorliegt und ob der oder die Verletzte den Unfall vorsätzlich herbeigeführt hat (§ 45 Absatz 3 Satz 2 des Beamtenversorgungsgesetzes).</LA></DD></DL></P></Content></text></textdaten></norm>
<norm builddate="20240417215016" doknr="BJNR07C0A0024BJNE000700000"><metadaten><jurabk>BMFSFJBAFzAZustAnO</jurabk><enbez>§ 6</enbez><titel format="XML">Übertragung von Befugnissen und Zuständigkeiten nach dem Bundesdisziplinargesetz</titel></metadaten><textdaten><text format="XML"><Content><P>(1) Der Präsidentin oder dem Präsidenten des Bundesamts werden übertragen: <DL Type="arabic"><DT>1.</DT><DD Font="normal"><LA>die Befugnis zur Kürzung der Dienstbezüge bis zum Höchstmaß (§ 33 Absatz 3 Nummer 1 des Bundesdisziplinargesetzes),</LA></DD><DT>2.</DT><DD Font="normal"><LA>die Befugnis zur Erhebung der Disziplinarklage (§ 34 Absatz 2 Satz 1 des Bundesdisziplinargesetzes),</LA></DD><DT>3.</DT><DD Font="normal"><LA>die Ausübung der Disziplinarbefugnisse bei Ruhestandsbeamtinnen und  -beamten (§ 84 Satz 1 des Bundesdisziplinargesetzes).</LA></DD></DL></P><P>(2) Dem Bundesamt wird die Zuständigkeit für den Erlass des Widerspruchsbescheids nach § 42 Absatz 1 Satz 1 des Bundesdisziplinargesetzes übertragen.</P></Content></text></textdaten></norm>
<norm builddate="20240417215016" doknr="BJNR07C0A0024BJNE000800000"><metadaten><jurabk>BMFSFJBAFzAZustAnO</jurabk><enbez>§ 7</enbez><titel format="XML">Zuständigkeit bei Funktionsübertragungen</titel></metadaten><textdaten><text format="XML"><Content><P>(1) Über Funktionsübertragungen entscheidet die Präsidentin oder der Präsident des Bundesamts.</P><P>(2) Abweichend davon entscheidet das Bundesministerium im Benehmen mit der Präsidentin oder dem Präsidenten des Bundesamts über die Übertragung der Funktion der Vizepräsidentin oder des Vizepräsidenten.</P><P>(3) Die Präsidentin oder der Präsident des Bundesamts entscheidet über die Übertragung der Leitung einer Abteilung. Das Bundesministerium behält sich das Recht vor, im Einzelfall die Entscheidung zu treffen oder Vorgaben hinsichtlich der Grundlage der zu treffenden Entscheidung zu machen. Insbesondere im Bereich der Stellenausschreibung sowie des Auswahlverfahrens ist das Bundesministerium frühzeitig zu beteiligen.</P></Content></text></textdaten></norm>
<norm builddate="20240417215016" doknr="BJNR07C0A0024BJNE000900000"><metadaten><jurabk>BMFSFJBAFzAZustAnO</jurabk><enbez>§ 8</enbez><titel format="XML">Übertragung von Zuständigkeiten nach der Arbeitszeitverordnung</titel></metadaten><textdaten><text format="XML"><Content><P>Dem Bundesamt werden die der obersten Dienstbehörde nach der Arbeitszeitverordnung zustehenden Befugnisse übertragen, einschließlich der Befugnisse nach § 7a der Arbeitszeitverordnung.</P></Content></text></textdaten></norm>
<norm builddate="20240417215016" doknr="BJNR07C0A0024BJNE001000000"><metadaten><jurabk>BMFSFJBAFzAZustAnO</jurabk><enbez>§ 9</enbez><titel format="XML">Übertragung von Befugnissen und Zuständigkeiten auf dem Gebiet des Haushalts-, Kassen- und Rechnungswesens</titel></metadaten><textdaten><text format="XML"><Content><P>(1) Dem Bundesamt werden übertragen: <DL Type="arabic"><DT>1.</DT><DD Font="normal"><LA>die Befugnis, <DL Type="alpha"><DT>a)</DT><DD Font="normal"><LA>Verträge zum Nachteil des Bundes aufzuheben oder zu ändern (§ 58 Absatz 1 Satz 1 Nummer 1 der Bundeshaushaltsordnung), soweit der Nachteil des Bundes im Einzelfall nicht mehr als 6 000 Euro beträgt, sowie</LA></DD><DT>b)</DT><DD Font="normal"><LA>Vergleiche abzuschließen (§ 58 Absatz 1 Satz 1 Nummer 2 der Bundeshaushaltsordnung), soweit dies für den Bund zweckmäßig und wirtschaftlich ist und entsprechende Ausgabemittel zur Verfügung stehen; der Abschluss von Vergleichen bedarf der Zustimmung des Bundesministeriums <DL Type="a-alpha"><DT>aa)</DT><DD Font="normal"><LA>bei Beträgen ab 12 000 Euro,</LA></DD><DT>bb)</DT><DD Font="normal"><LA>in Fällen von grundsätzlicher Bedeutung (Nummer 3 zu § 58 der Allgemeinen Verwaltungsvorschriften zur Bundeshaushaltsordnung),</LA></DD></DL></LA></DD></DL></LA></DD><DT>2.</DT><DD Font="normal"><LA>die Befugnis, im Einzelfall <DL Type="alpha"><DT>a)</DT><DD Font="normal"><LA>Beträge bis 12 000 Euro zu stunden (§ 59 Absatz 1 Satz 1 Nummer 1 der Bundeshaushaltsordnung),</LA></DD><DT>b)</DT><DD Font="normal"><LA>Beträge bis 6 000 Euro unbefristet und Beträge bis 12 000 Euro befristet niederzuschlagen, wenn es sich nicht um Ersatzansprüche gegen Bedienstete handelt (§ 59 Absatz 1 Satz 1 Nummer 2 der Bundeshaushaltsordnung),</LA></DD><DT>c)</DT><DD Font="normal"><LA>Beträge bis 3 000 Euro zu erlassen, wenn es sich nicht um Ersatzansprüche gegen Bedienstete handelt (§ 59 Absatz 1 Satz 1 Nummer 3 der Bundeshaushaltsordnung),</LA></DD></DL></LA></DD><DT>3.</DT><DD Font="normal"><LA>die Zuständigkeit, Ausnahmen nach § 63 Absatz 3 und 4 der Bundeshaushaltsordnung bis zur Hälfte der in Nummer 3 zu § 63 Allgemeinen Verwaltungsvorschriften zur Bundeshaushaltsordnung genannten Wertgrenze zuzulassen.</LA></DD></DL>Satz 1 Nummer 3 gilt nicht in Fällen von grundsätzlicher oder von erheblicher finanzieller Bedeutung im Sinne der Nummern 1.6, 2.3.2 und 3.5 zu § 59 der Allgemeinen Verwaltungsvorschriften zur Bundeshaushaltsordnung.</P><P>(2) Das Bundesamt legt dem Bundesministerium jährlich einen Bericht über die Anwendungsfälle nach Absatz 1 Satz 1 vor, soweit nicht bereits nach dem jeweiligen Rechnungslegungserlass entsprechende Meldungen erforderlich sind.</P></Content></text></textdaten></norm>
<norm builddate="20240417215016" doknr="BJNR07C0A0024BJNE001100000"><metadaten><jurabk>BMFSFJBAFzAZustAnO</jurabk><enbez>§ 10</enbez><titel format="XML">Übertragung von Zuständigkeiten nach anderen Vorschriften</titel></metadaten><textdaten><text format="XML"><Content><P>(1) Dem Bundesamt werden übertragen: <DL Type="arabic"><DT>1.</DT><DD Font="normal"><LA>die Entscheidung über die Erteilung von Genehmigungen für die Inanspruchnahme von Einrichtungen, Personal oder Material des Dienstherrn bei der Ausübung einer Nebentätigkeit (§ 9 Absatz 1 erste Alternative der Bundesnebentätigkeitsverordnung),</LA></DD><DT>2.</DT><DD Font="normal"><LA>die Zuständigkeit für die Gewährung von Jubiläumszuwendungen an Beamtinnen und Beamte der Besoldungsgruppen A 2 bis A 16 (§ 6 Satz 1 der Dienstjubiläumsverordnung),</LA></DD><DT>3.</DT><DD Font="normal"><LA>die Entscheidung über eine Erstattungsleistung für Schäden bis zu einer Höhe von 5 000 Euro (Nr. 2.2 der Richtlinie des Bundesministeriums des Innern für die Erstattung von Sachschäden, die im Dienst entstanden sind), außer in Zweifels- und Härtefällen oder Fällen von grundsätzlicher Bedeutung,</LA></DD><DT>4.</DT><DD Font="normal"><LA>die Entscheidung über Vorschussanträge (Nummer 5 Absatz 1 zweite Alternative der Vorschussrichtlinien).</LA></DD></DL></P><P>(2) Die Präsidentin oder der Präsident des Bundesamts wird ermächtigt, <DL Type="arabic"><DT>1.</DT><DD Font="normal"><LA>Auslandsdienstreisen für die Beschäftigten des Bundesamts anzuordnen oder zu genehmigen (§ 1 Absatz 2 der Auslandsreisekostenverordnung),</LA></DD><DT>2.</DT><DD Font="normal"><LA>Pauschvergütungen für regelmäßige oder gleichartige Dienstreisen zu gewähren (§ 9 Absatz 2 des Bundesreisekostengesetztes),</LA></DD><DT>3.</DT><DD Font="normal"><LA>die Räumung einer bundeseigenen oder im Besetzungsrecht des Bundes stehenden Mietwohnung zu veranlassen (§ 4 Absatz 2 Nummer 2 des Bundesumzugskostengesetzes).</LA></DD></DL></P></Content></text></textdaten></norm>
<norm builddate="20240417215016" doknr="BJNR07C0A0024BJNE001200000"><metadaten><jurabk>BMFSFJBAFzAZustAnO</jurabk><enbez>§ 11</enbez><titel format="XML">Vorbehaltsklausel</titel></metadaten><textdaten><text format="XML"><Content><P>(1) Das Bundesministerium behält sich vor, im Einzelfall die Befugnisse nach den §§ 1 bis 6 und 8 bis 10 selbst auszuüben.</P><P>(2) Zweifelsfälle und Fälle von grundsätzlicher Bedeutung sind dem Bundesministerium zur Entscheidung vorzulegen.</P></Content></text></textdaten></norm>
<norm builddate="20240417215016" doknr="BJNR07C0A0024BJNE001300000"><metadaten><jurabk>BMFSFJBAFzAZustAnO</jurabk><enbez>§ 12</enbez><titel format="XML">Inkrafttreten, Außerkrafttreten</titel></metadaten><textdaten><text format="XML"><Content><P>Diese Anordnung tritt am Tag nach der Veröffentlichung im Bundesgesetzblatt in Kraft, mit Ausnahme von § 2 Satz 1 Nummer 7 und 8, der mit Wirkung vom 1. März 2022 in Kraft tritt. Am Tag nach der Veröffentlichung dieser Anordnung tritt die Anordnung zur Übertragung beamten- und haushaltsrechtlicher Zuständigkeiten des Bundesministeriums für Familie, Senioren, Frauen und Jugend auf das Bundesamt für Familie und zivilgesellschaftliche Aufgaben vom 1. Juni 2018 (BGBl. I S. 851) außer Kraft.</P></Content></text></textdaten></norm>
</dokumente>