<?xml version="1.0" encoding="UTF-8" ?><!DOCTYPE dokumente SYSTEM "http://www.gesetze-im-internet.de/dtd/1.01/gii-norm.dtd">
<dokumente builddate="20130405124533" doknr="BJNR001890978"><norm builddate="20130405124533" doknr="BJNR001890978"><metadaten><jurabk>HeimMindBauV</jurabk><amtabk>HeimMindBauV</amtabk><ausfertigung-datum manuell="ja">1978-01-27</ausfertigung-datum><fundstelle typ="amtlich"><periodikum>BGBl I</periodikum><zitstelle>1978, 189</zitstelle></fundstelle><kurzue>Heimmindestbauverordnung</kurzue><langue>Verordnung über bauliche Mindestanforderungen für Altenheime,
Altenwohnheime und Pflegeheime für Volljährige</langue><standangabe checked="ja"><standtyp>Neuf</standtyp><standkommentar>Neugefasst durch Bek. v. 3.5.1983 I 550</standkommentar></standangabe><standangabe checked="ja"><standtyp>Stand</standtyp><standkommentar>geändert durch Art. 5 V v. 25.11.2003 I 2346</standkommentar></standangabe></metadaten><textdaten><fussnoten><Content><P>(+++ Textnachweis Geltung ab: 11.5.1983 +++) <BR/>(+++ Maßgaben aufgrund des EinigVtr vgl. HeimMindBauV Anhang EV +++)</P></Content></fussnoten></textdaten></norm>
<norm builddate="20130405124533" doknr="BJNR001890978BJNE001000327"><metadaten><jurabk>HeimMindBauV</jurabk><enbez>Inhaltsübersicht</enbez></metadaten><textdaten><text format="XML"><Content><P> <table frame="none" pgwide="1" tocentry="%yes;">
	<tgroup align="left" char="" charoff="50" cols="6" colsep="0" rowsep="0">
		<colspec colname="col1" colnum="1" colwidth="10*"/>
		<colspec colname="col2" colnum="2" colwidth="15*"/>
		<colspec colname="col3" colnum="3" colwidth="10*"/>
		<colspec colname="col4" colnum="4" colwidth="25*"/>
		<colspec colname="col5" colnum="5" colwidth="25*"/>
		<colspec colname="col6" colnum="6" colwidth="10*"/>
		<tbody valign="top">
			<row>
				<entry VJ="1" align="left" colsep="0" nameend="col5" namest="col1" valign="top"><B>Erster Teil</B></entry>
				<entry VJ="1" align="left" colsep="0" valign="top"> </entry>
			</row>
			<row>
				<entry VJ="1" align="left" colsep="0" valign="top"> </entry>
				<entry VJ="1" align="left" colsep="0" nameend="col5" namest="col2" valign="top"><B>Gemeinsame Vorschriften</B></entry>
				<entry VJ="1" align="left" colsep="0" valign="top"> </entry>
			</row>
			<row>
				<entry VJ="1" align="left" colsep="0" valign="top"> </entry>
				<entry VJ="1" align="left" colsep="0" valign="top"> </entry>
				<entry VJ="1" align="left" colsep="0" valign="top"> </entry>
				<entry VJ="1" align="left" colsep="0" valign="top"> </entry>
				<entry VJ="1" align="left" colsep="0" valign="top">Anwendungsbereich</entry>
				<entry VJ="1" align="left" colsep="0" valign="top">§ 1</entry>
			</row>
			<row>
				<entry VJ="1" align="left" colsep="0" valign="top"> </entry>
				<entry VJ="1" align="left" colsep="0" valign="top"> </entry>
				<entry VJ="1" align="left" colsep="0" valign="top"> </entry>
				<entry VJ="1" align="left" colsep="0" valign="top"> </entry>
				<entry VJ="1" align="left" colsep="0" valign="top">Wohn- und Pflegeplätze</entry>
				<entry VJ="1" align="left" colsep="0" valign="top">§ 2</entry>
			</row>
			<row>
				<entry VJ="1" align="left" colsep="0" valign="top"> </entry>
				<entry VJ="1" align="left" colsep="0" valign="top"> </entry>
				<entry VJ="1" align="left" colsep="0" valign="top"> </entry>
				<entry VJ="1" align="left" colsep="0" valign="top"> </entry>
				<entry VJ="1" align="left" colsep="0" valign="top">Flure und Treppen</entry>
				<entry VJ="1" align="left" colsep="0" valign="top">§ 3</entry>
			</row>
			<row>
				<entry VJ="1" align="left" colsep="0" valign="top"> </entry>
				<entry VJ="1" align="left" colsep="0" valign="top"> </entry>
				<entry VJ="1" align="left" colsep="0" valign="top"> </entry>
				<entry VJ="1" align="left" colsep="0" valign="top"> </entry>
				<entry VJ="1" align="left" colsep="0" valign="top">Aufzüge</entry>
				<entry VJ="1" align="left" colsep="0" valign="top">§ 4</entry>
			</row>
			<row>
				<entry VJ="1" align="left" colsep="0" valign="top"> </entry>
				<entry VJ="1" align="left" colsep="0" valign="top"> </entry>
				<entry VJ="1" align="left" colsep="0" valign="top"> </entry>
				<entry VJ="1" align="left" colsep="0" valign="top"> </entry>
				<entry VJ="1" align="left" colsep="0" valign="top">Fußböden</entry>
				<entry VJ="1" align="left" colsep="0" valign="top">§ 5</entry>
			</row>
			<row>
				<entry VJ="1" align="left" colsep="0" valign="top"> </entry>
				<entry VJ="1" align="left" colsep="0" valign="top"> </entry>
				<entry VJ="1" align="left" colsep="0" valign="top"> </entry>
				<entry VJ="1" align="left" colsep="0" valign="top"> </entry>
				<entry VJ="1" align="left" colsep="0" valign="top">Beleuchtung</entry>
				<entry VJ="1" align="left" colsep="0" valign="top">§ 6</entry>
			</row>
			<row>
				<entry VJ="1" align="left" colsep="0" valign="top"> </entry>
				<entry VJ="1" align="left" colsep="0" valign="top"> </entry>
				<entry VJ="1" align="left" colsep="0" valign="top"> </entry>
				<entry VJ="1" align="left" colsep="0" valign="top"> </entry>
				<entry VJ="1" align="left" colsep="0" valign="top">Rufanlage</entry>
				<entry VJ="1" align="left" colsep="0" valign="top">§ 7</entry>
			</row>
			<row>
				<entry VJ="1" align="left" colsep="0" valign="top"> </entry>
				<entry VJ="1" align="left" colsep="0" valign="top"> </entry>
				<entry VJ="1" align="left" colsep="0" valign="top"> </entry>
				<entry VJ="1" align="left" colsep="0" valign="top"> </entry>
				<entry VJ="1" align="left" colsep="0" valign="top">Fernsprecher</entry>
				<entry VJ="1" align="left" colsep="0" valign="top">§ 8</entry>
			</row>
			<row>
				<entry VJ="1" align="left" colsep="0" valign="top"> </entry>
				<entry VJ="1" align="left" colsep="0" valign="top"> </entry>
				<entry VJ="1" align="left" colsep="0" valign="top"> </entry>
				<entry VJ="1" align="left" colsep="0" valign="top"> </entry>
				<entry VJ="1" align="left" colsep="0" valign="top">Zugänge</entry>
				<entry VJ="1" align="left" colsep="0" valign="top">§ 9</entry>
			</row>
			<row>
				<entry VJ="1" align="left" colsep="0" valign="top"> </entry>
				<entry VJ="1" align="left" colsep="0" valign="top"> </entry>
				<entry VJ="1" align="left" colsep="0" valign="top"> </entry>
				<entry VJ="1" align="left" colsep="0" valign="top"> </entry>
				<entry VJ="1" align="left" colsep="0" valign="top">Sanitäre Anlagen</entry>
				<entry VJ="1" align="left" colsep="0" valign="top">§ 10</entry>
			</row>
			<row>
				<entry VJ="1" align="left" colsep="0" valign="top"> </entry>
				<entry VJ="1" align="left" colsep="0" valign="top"> </entry>
				<entry VJ="1" align="left" colsep="0" valign="top"> </entry>
				<entry VJ="1" align="left" colsep="0" valign="top"> </entry>
				<entry VJ="1" align="left" colsep="0" valign="top">Wirtschaftsräume</entry>
				<entry VJ="1" align="left" colsep="0" valign="top">§ 11</entry>
			</row>
			<row>
				<entry VJ="1" align="left" colsep="0" valign="top"> </entry>
				<entry VJ="1" align="left" colsep="0" valign="top"> </entry>
				<entry VJ="1" align="left" colsep="0" valign="top"> </entry>
				<entry VJ="1" align="left" colsep="0" valign="top"> </entry>
				<entry VJ="1" align="left" colsep="0" valign="top">Heizung</entry>
				<entry VJ="1" align="left" colsep="0" valign="top">§ 12</entry>
			</row>
			<row>
				<entry VJ="1" align="left" colsep="0" valign="top"> </entry>
				<entry VJ="1" align="left" colsep="0" valign="top"> </entry>
				<entry VJ="1" align="left" colsep="0" valign="top"> </entry>
				<entry VJ="1" align="left" colsep="0" valign="top"> </entry>
				<entry VJ="1" align="left" colsep="0" valign="top">Gebäudezugänge</entry>
				<entry VJ="1" align="left" colsep="0" valign="top">§ 13</entry>
			</row>
			<row>
				<entry VJ="1" align="left" colsep="0" nameend="col5" namest="col1" valign="top"><B>Zweiter Teil</B></entry>
				<entry VJ="1" align="left" colsep="0" valign="top"> </entry>
			</row>
			<row>
				<entry VJ="1" align="left" colsep="0" valign="top"> </entry>
				<entry VJ="1" align="left" colsep="0" nameend="col5" namest="col2" valign="top"><B>Besondere Vorschriften</B></entry>
				<entry VJ="1" align="left" colsep="0" valign="top"> </entry>
			</row>
			<row>
				<entry VJ="1" align="left" colsep="0" valign="top"> </entry>
				<entry VJ="1" align="left" colsep="0" valign="top"> </entry>
				<entry VJ="1" align="left" colsep="0" nameend="col5" namest="col3" valign="top">Erster Abschnitt</entry>
				<entry VJ="1" align="left" colsep="0" valign="top"> </entry>
			</row>
			<row>
				<entry VJ="1" align="left" colsep="0" valign="top"> </entry>
				<entry VJ="1" align="left" colsep="0" valign="top"> </entry>
				<entry VJ="1" align="left" colsep="0" valign="top"> </entry>
				<entry VJ="1" align="left" colsep="0" nameend="col5" namest="col4" valign="top">Altenheime und gleichartige Einrichtungen</entry>
				<entry VJ="1" align="left" colsep="0" valign="top"> </entry>
			</row>
			<row>
				<entry VJ="1" align="left" colsep="0" valign="top"> </entry>
				<entry VJ="1" align="left" colsep="0" valign="top"> </entry>
				<entry VJ="1" align="left" colsep="0" valign="top"> </entry>
				<entry VJ="1" align="left" colsep="0" valign="top"> </entry>
				<entry VJ="1" align="left" colsep="0" valign="top">Wohnplätze</entry>
				<entry VJ="1" align="left" colsep="0" valign="top">§ 14</entry>
			</row>
			<row>
				<entry VJ="1" align="left" colsep="0" valign="top"> </entry>
				<entry VJ="1" align="left" colsep="0" valign="top"> </entry>
				<entry VJ="1" align="left" colsep="0" valign="top"> </entry>
				<entry VJ="1" align="left" colsep="0" valign="top"> </entry>
				<entry VJ="1" align="left" colsep="0" valign="top">Funktions- und Zubehörräume</entry>
				<entry VJ="1" align="left" colsep="0" valign="top">§ 15</entry>
			</row>
			<row>
				<entry VJ="1" align="left" colsep="0" valign="top"> </entry>
				<entry VJ="1" align="left" colsep="0" valign="top"> </entry>
				<entry VJ="1" align="left" colsep="0" valign="top"> </entry>
				<entry VJ="1" align="left" colsep="0" valign="top"> </entry>
				<entry VJ="1" align="left" colsep="0" valign="top">Gemeinschaftsräume</entry>
				<entry VJ="1" align="left" colsep="0" valign="top">§ 16</entry>
			</row>
			<row>
				<entry VJ="1" align="left" colsep="0" valign="top"> </entry>
				<entry VJ="1" align="left" colsep="0" valign="top"> </entry>
				<entry VJ="1" align="left" colsep="0" valign="top"> </entry>
				<entry VJ="1" align="left" colsep="0" valign="top"> </entry>
				<entry VJ="1" align="left" colsep="0" valign="top">Therapieräume</entry>
				<entry VJ="1" align="left" colsep="0" valign="top">§ 17</entry>
			</row>
			<row>
				<entry VJ="1" align="left" colsep="0" valign="top"> </entry>
				<entry VJ="1" align="left" colsep="0" valign="top"> </entry>
				<entry VJ="1" align="left" colsep="0" valign="top"> </entry>
				<entry VJ="1" align="left" colsep="0" valign="top"> </entry>
				<entry VJ="1" align="left" colsep="0" valign="top">Sanitäre Anlagen</entry>
				<entry VJ="1" align="left" colsep="0" valign="top">§ 18</entry>
			</row>
			<row>
				<entry VJ="1" align="left" colsep="0" valign="top"> </entry>
				<entry VJ="1" align="left" colsep="0" valign="top"> </entry>
				<entry VJ="1" align="left" colsep="0" nameend="col5" namest="col3" valign="top">Zweiter Abschnitt</entry>
				<entry VJ="1" align="left" colsep="0" valign="top"> </entry>
			</row>
			<row>
				<entry VJ="1" align="left" colsep="0" valign="top"> </entry>
				<entry VJ="1" align="left" colsep="0" valign="top"> </entry>
				<entry VJ="1" align="left" colsep="0" valign="top"> </entry>
				<entry VJ="1" align="left" colsep="0" nameend="col5" namest="col4" valign="top">Altenwohnheime und gleichartige Einrichtungen</entry>
				<entry VJ="1" align="left" colsep="0" valign="top"> </entry>
			</row>
			<row>
				<entry VJ="1" align="left" colsep="0" valign="top"> </entry>
				<entry VJ="1" align="left" colsep="0" valign="top"> </entry>
				<entry VJ="1" align="left" colsep="0" valign="top"> </entry>
				<entry VJ="1" align="left" colsep="0" valign="top"> </entry>
				<entry VJ="1" align="left" colsep="0" valign="top">Wohnplätze</entry>
				<entry VJ="1" align="left" colsep="0" valign="top">§ 19</entry>
			</row>
			<row>
				<entry VJ="1" align="left" colsep="0" valign="top"> </entry>
				<entry VJ="1" align="left" colsep="0" valign="top"> </entry>
				<entry VJ="1" align="left" colsep="0" valign="top"> </entry>
				<entry VJ="1" align="left" colsep="0" valign="top"> </entry>
				<entry VJ="1" align="left" colsep="0" valign="top">Gemeinschaftsräume</entry>
				<entry VJ="1" align="left" colsep="0" valign="top">§ 20</entry>
			</row>
			<row>
				<entry VJ="1" align="left" colsep="0" valign="top"> </entry>
				<entry VJ="1" align="left" colsep="0" valign="top"> </entry>
				<entry VJ="1" align="left" colsep="0" valign="top"> </entry>
				<entry VJ="1" align="left" colsep="0" valign="top"> </entry>
				<entry VJ="1" align="left" colsep="0" valign="top">Funktions- und Zubehörräume</entry>
				<entry VJ="1" align="left" colsep="0" valign="top">§ 21</entry>
			</row>
			<row>
				<entry VJ="1" align="left" colsep="0" valign="top"> </entry>
				<entry VJ="1" align="left" colsep="0" valign="top"> </entry>
				<entry VJ="1" align="left" colsep="0" valign="top"> </entry>
				<entry VJ="1" align="left" colsep="0" valign="top"> </entry>
				<entry VJ="1" align="left" colsep="0" valign="top">Sanitäre Anlagen</entry>
				<entry VJ="1" align="left" colsep="0" valign="top">§ 22</entry>
			</row>
			<row>
				<entry VJ="1" align="left" colsep="0" valign="top"> </entry>
				<entry VJ="1" align="left" colsep="0" valign="top"> </entry>
				<entry VJ="1" align="left" colsep="0" nameend="col5" namest="col3" valign="top">Dritter Abschnitt</entry>
				<entry VJ="1" align="left" colsep="0" valign="top"> </entry>
			</row>
			<row>
				<entry VJ="1" align="left" colsep="0" valign="top"> </entry>
				<entry VJ="1" align="left" colsep="0" valign="top"> </entry>
				<entry VJ="1" align="left" colsep="0" valign="top"> </entry>
				<entry VJ="1" align="left" colsep="0" nameend="col5" namest="col4" valign="top">Pflegeheime für Volljährige und gleichartige Einrichtungen</entry>
				<entry VJ="1" align="left" colsep="0" valign="top"> </entry>
			</row>
			<row>
				<entry VJ="1" align="left" colsep="0" valign="top"> </entry>
				<entry VJ="1" align="left" colsep="0" valign="top"> </entry>
				<entry VJ="1" align="left" colsep="0" valign="top"> </entry>
				<entry VJ="1" align="left" colsep="0" valign="top"> </entry>
				<entry VJ="1" align="left" colsep="0" valign="top">Pflegeplätze</entry>
				<entry VJ="1" align="left" colsep="0" valign="top">§ 23</entry>
			</row>
			<row>
				<entry VJ="1" align="left" colsep="0" valign="top"> </entry>
				<entry VJ="1" align="left" colsep="0" valign="top"> </entry>
				<entry VJ="1" align="left" colsep="0" valign="top"> </entry>
				<entry VJ="1" align="left" colsep="0" valign="top"> </entry>
				<entry VJ="1" align="left" colsep="0" valign="top">Funktions- und Zubehörräume</entry>
				<entry VJ="1" align="left" colsep="0" valign="top">§ 24</entry>
			</row>
			<row>
				<entry VJ="1" align="left" colsep="0" valign="top"> </entry>
				<entry VJ="1" align="left" colsep="0" valign="top"> </entry>
				<entry VJ="1" align="left" colsep="0" valign="top"> </entry>
				<entry VJ="1" align="left" colsep="0" valign="top"> </entry>
				<entry VJ="1" align="left" colsep="0" valign="top">Gemeinschaftsräume</entry>
				<entry VJ="1" align="left" colsep="0" valign="top">§ 25</entry>
			</row>
			<row>
				<entry VJ="1" align="left" colsep="0" valign="top"> </entry>
				<entry VJ="1" align="left" colsep="0" valign="top"> </entry>
				<entry VJ="1" align="left" colsep="0" valign="top"> </entry>
				<entry VJ="1" align="left" colsep="0" valign="top"> </entry>
				<entry VJ="1" align="left" colsep="0" valign="top">Therapieräume</entry>
				<entry VJ="1" align="left" colsep="0" valign="top">§ 26</entry>
			</row>
			<row>
				<entry VJ="1" align="left" colsep="0" valign="top"> </entry>
				<entry VJ="1" align="left" colsep="0" valign="top"> </entry>
				<entry VJ="1" align="left" colsep="0" valign="top"> </entry>
				<entry VJ="1" align="left" colsep="0" valign="top"> </entry>
				<entry VJ="1" align="left" colsep="0" valign="top">Sanitäre Anlagen</entry>
				<entry VJ="1" align="left" colsep="0" valign="top">§ 27</entry>
			</row>
			<row>
				<entry VJ="1" align="left" colsep="0" valign="top"> </entry>
				<entry VJ="1" align="left" colsep="0" valign="top"> </entry>
				<entry VJ="1" align="left" colsep="0" nameend="col5" namest="col3" valign="top">Vierter Abschnitt</entry>
				<entry VJ="1" align="left" colsep="0" valign="top"> </entry>
			</row>
			<row>
				<entry VJ="1" align="left" colsep="0" valign="top"> </entry>
				<entry VJ="1" align="left" colsep="0" valign="top"> </entry>
				<entry VJ="1" align="left" colsep="0" valign="top"> </entry>
				<entry VJ="1" align="left" colsep="0" nameend="col5" namest="col4" valign="top">Einrichtungen mit Mischcharakter</entry>
				<entry VJ="1" align="left" colsep="0" valign="top"> </entry>
			</row>
			<row>
				<entry VJ="1" align="left" colsep="0" valign="top"> </entry>
				<entry VJ="1" align="left" colsep="0" valign="top"> </entry>
				<entry VJ="1" align="left" colsep="0" valign="top"> </entry>
				<entry VJ="1" align="left" colsep="0" valign="top"> </entry>
				<entry VJ="1" align="left" colsep="0" valign="top">Einrichtungen mit Mischcharakter</entry>
				<entry VJ="1" align="left" colsep="0" valign="top">§ 28</entry>
			</row>
			<row>
				<entry VJ="1" align="left" colsep="0" nameend="col5" namest="col1" valign="top"><B>Dritter Teil</B></entry>
				<entry VJ="1" align="left" colsep="0" valign="top"> </entry>
			</row>
			<row>
				<entry VJ="1" align="left" colsep="0" valign="top"> </entry>
				<entry VJ="1" align="left" colsep="0" nameend="col5" namest="col2" valign="top"><B>Einrichtungen für behinderte Volljährige</B></entry>
				<entry VJ="1" align="left" colsep="0" valign="top"> </entry>
			</row>
			<row>
				<entry VJ="1" align="left" colsep="0" valign="top"> </entry>
				<entry VJ="1" align="left" colsep="0" valign="top"> </entry>
				<entry VJ="1" align="left" colsep="0" valign="top"> </entry>
				<entry VJ="1" align="left" colsep="0" valign="top"> </entry>
				<entry VJ="1" align="left" colsep="0" valign="top">Einrichtungen für behinderte Volljährige</entry>
				<entry VJ="1" align="left" colsep="0" valign="top">§ 29</entry>
			</row>
			<row>
				<entry VJ="1" align="left" colsep="0" nameend="col5" namest="col1" valign="top"><B>Vierter Teil</B></entry>
				<entry VJ="1" align="left" colsep="0" valign="top"> </entry>
			</row>
			<row>
				<entry VJ="1" align="left" colname="col1" colsep="0" valign="top"> </entry>
				<entry VJ="1" align="left" colsep="0" nameend="col5" namest="col2" valign="top"><B>Fristen und Befreiungen</B></entry>
				<entry VJ="1" align="left" colsep="0" valign="top"> </entry>
			</row>
			<row>
				<entry VJ="1" align="left" colsep="0" valign="top"> </entry>
				<entry VJ="1" align="left" colsep="0" valign="top"> </entry>
				<entry VJ="1" align="left" colsep="0" valign="top"> </entry>
				<entry VJ="1" align="left" colsep="0" valign="top"> </entry>
				<entry VJ="1" align="left" colsep="0" valign="top">Fristen zur Angleichung</entry>
				<entry VJ="1" align="left" colsep="0" valign="top">§ 30</entry>
			</row>
			<row>
				<entry VJ="1" align="left" colsep="0" valign="top"> </entry>
				<entry VJ="1" align="left" colsep="0" valign="top"> </entry>
				<entry VJ="1" align="left" colsep="0" valign="top"> </entry>
				<entry VJ="1" align="left" colsep="0" valign="top"> </entry>
				<entry VJ="1" align="left" colsep="0" valign="top">Befreiungen</entry>
				<entry VJ="1" align="left" colsep="0" valign="top">§ 31</entry>
			</row>
			<row>
				<entry VJ="1" align="left" colsep="0" nameend="col5" namest="col1" valign="top"><B>Fünfter Teil</B></entry>
				<entry VJ="1" align="left" colsep="0" valign="top"> </entry>
			</row>
			<row>
				<entry VJ="1" align="left" colname="col1" colsep="0" valign="top"> </entry>
				<entry VJ="1" align="left" colsep="0" nameend="col5" namest="col2" valign="top"><B>Ordnungswidrigkeiten und Schlußbestimmungen</B></entry>
				<entry VJ="1" align="left" colsep="0" valign="top"> </entry>
			</row>
			<row>
				<entry VJ="1" align="left" colsep="0" valign="top"> </entry>
				<entry VJ="1" align="left" colsep="0" valign="top"> </entry>
				<entry VJ="1" align="left" colsep="0" valign="top"> </entry>
				<entry VJ="1" align="left" colsep="0" valign="top"> </entry>
				<entry VJ="1" align="left" colsep="0" valign="top">Ordnungswidrigkeiten</entry>
				<entry VJ="1" align="left" colsep="0" valign="top">§ 32</entry>
			</row>
			<row>
				<entry VJ="1" align="left" colsep="0" valign="top"> </entry>
				<entry VJ="1" align="left" colsep="0" valign="top"> </entry>
				<entry VJ="1" align="left" colsep="0" valign="top"> </entry>
				<entry VJ="1" align="left" colsep="0" valign="top"> </entry>
				<entry VJ="1" align="left" colsep="0" valign="top">Nichtanwendung von Vorschriften</entry>
				<entry VJ="1" align="left" colsep="0" valign="top">§ 33 </entry>
			</row>
			<row>
				<entry VJ="1" align="left" colsep="0" valign="top"> </entry>
				<entry VJ="1" align="left" colsep="0" valign="top"> </entry>
				<entry VJ="1" align="left" colsep="0" valign="top"> </entry>
				<entry VJ="1" align="left" colsep="0" valign="top"> </entry>
				<entry VJ="1" align="left" colsep="0" valign="top">Berlin-Klausel</entry>
				<entry VJ="1" align="left" colsep="0" valign="top">§ 34</entry>
			</row>
			<row>
				<entry VJ="1" align="left" colsep="0" valign="top"> </entry>
				<entry VJ="1" align="left" colsep="0" valign="top"> </entry>
				<entry VJ="1" align="left" colsep="0" valign="top"> </entry>
				<entry VJ="1" align="left" colsep="0" valign="top"> </entry>
				<entry VJ="1" align="left" colsep="0" valign="top">Inkrafttreten</entry>
				<entry VJ="1" align="left" colsep="0" valign="top">§ 35</entry>
			</row>
		</tbody>
	</tgroup>
</table> </P></Content></text></textdaten></norm>
<norm builddate="20130405124533" doknr="BJNR001890978BJNG000100327"><metadaten><jurabk>HeimMindBauV</jurabk><gliederungseinheit><gliederungskennzahl>010</gliederungskennzahl><gliederungsbez>Erster Teil</gliederungsbez><gliederungstitel>Gemeinsame Vorschriften</gliederungstitel></gliederungseinheit></metadaten><textdaten><text format="XML"><Content><P/></Content></text></textdaten></norm>
<norm builddate="20130405124533" doknr="BJNR001890978BJNE001100327"><metadaten><jurabk>HeimMindBauV</jurabk><enbez>§ 1</enbez><titel format="parat">Anwendungsbereich</titel></metadaten><textdaten><text format="XML"><Content><P>Einrichtungen im Sinne des § 1 Abs. 1 des Heimgesetzes, die in der Regel mindestens sechs Personen aufnehmen, dürfen nur betrieben werden, wenn sie die Mindestanforderungen der §§ 2 bis 29 erfüllen, soweit nicht nach den §§ 30 und 31 etwas anderes bestimmt wird.</P></Content></text></textdaten></norm>
<norm builddate="20130405124533" doknr="BJNR001890978BJNE001200327"><metadaten><jurabk>HeimMindBauV</jurabk><enbez>§ 2</enbez><titel format="parat">Wohn- und Pflegeplätze</titel></metadaten><textdaten><text format="XML"><Content><P>Wohnplätze (§§ 14, 19) und Pflegeplätze (§ 23) müssen unmittelbar von einem Flur erreichbar sein, der den Heimbewohnern, dem Personal und den Besuchern allgemein zugänglich ist.</P></Content></text></textdaten></norm>
<norm builddate="20130405124533" doknr="BJNR001890978BJNE001300327"><metadaten><jurabk>HeimMindBauV</jurabk><enbez>§ 3</enbez><titel format="parat">Flure und Treppen</titel></metadaten><textdaten><text format="XML"><Content><P>(1) Flure, die von Heimbewohnern benutzt werden, dürfen innerhalb eines Geschosses keine oder nur solche Stufen haben, die zusammen mit einer geeigneten Rampe angeordnet sind.</P><P>(2) In Pflegeheimen und Pflegeabteilungen müssen die Flure zu den Pflegeplätzen so bemessen sein, daß auf ihnen bettlägerige Bewohner transportiert werden können.</P><P>(3) Flure und Treppen sind an beiden Seiten mit festen Handläufen zu versehen.</P></Content>  </text></textdaten></norm>
<norm builddate="20130405124533" doknr="BJNR001890978BJNE001400327"><metadaten><jurabk>HeimMindBauV</jurabk><enbez>§ 4</enbez><titel format="parat">Aufzüge</titel></metadaten><textdaten><text format="XML"><Content><P>In Einrichtungen, in denen bei regelmäßiger Benutzung durch die Bewohner mehr als eine Geschoßhöhe zu überwinden ist oder in denen Rollstuhlbenutzer in nicht stufenlos zugänglichen Geschossen untergebracht sind, muß mindestens ein Aufzug vorhanden sein. Art, Größe und Ausstattung des Aufzugs müssen den Bedürfnissen der Bewohner entsprechen.</P></Content></text></textdaten></norm>
<norm builddate="20130405124533" doknr="BJNR001890978BJNE004500327"><metadaten><jurabk>HeimMindBauV</jurabk><enbez>§ 5</enbez><titel format="parat">Fußböden</titel></metadaten><textdaten><text format="XML"><Content><P>Fußbodenbeläge der von Heimbewohnern benutzten Räume und Verkehrsflächen müssen rutschfest sein.</P></Content></text></textdaten></norm>
<norm builddate="20130405124533" doknr="BJNR001890978BJNE001500327"><metadaten><jurabk>HeimMindBauV</jurabk><enbez>§ 6</enbez><titel format="parat">Beleuchtung</titel></metadaten><textdaten><text format="XML"><Content><P>(1) Die Lichtschalter müssen ohne Schwierigkeit zu bedienen sein.</P><P>(2) In Treppenräumen und Fluren muß bei Dunkelheit die Nachtbeleuchtung in Betrieb sein.</P><P>(3) In Wohn-, Schlaf- und Gemeinschaftsräumen müssen Anschlüsse zum Betrieb von Leselampen vorhanden sein. In Schlafräumen müssen diese Anschlüsse den Betten zugeordnet sein.</P></Content>  </text></textdaten></norm>
<norm builddate="20130405124533" doknr="BJNR001890978BJNE001600327"><metadaten><jurabk>HeimMindBauV</jurabk><enbez>§ 7</enbez><titel format="parat">Rufanlage</titel></metadaten><textdaten><text format="XML"><Content><P>Räume, in denen Pflegebedürftige untergebracht sind, müssen mit einer Rufanlage ausgestattet sein, die von jedem Bett aus bedient werden kann.</P></Content></text></textdaten></norm>
<norm builddate="20130405124533" doknr="BJNR001890978BJNE001700327"><metadaten><jurabk>HeimMindBauV</jurabk><enbez>§ 8</enbez><titel format="parat">Fernsprecher</titel></metadaten><textdaten><text format="XML"><Content><P>In den Einrichtungen muß in jedem Gebäude mindestens ein Fernsprecher vorhanden sein, über den die Bewohner erreichbar sind und der von nicht bettlägerigen Bewohnern ohne Mithören Dritter benutzt werden kann.</P></Content></text></textdaten></norm>
<norm builddate="20130405124533" doknr="BJNR001890978BJNE001800327"><metadaten><jurabk>HeimMindBauV</jurabk><enbez>§ 9</enbez><titel format="parat">Zugänge</titel></metadaten><textdaten><text format="XML"><Content><P>(1) Wohn-, Schlaf- und Sanitärräume müssen im Notfall von außen zugänglich sein.</P><P>(2) In Pflegeheimen und Pflegeabteilungen müssen die Türen zu den Pflegeplätzen so breit sein, daß durch sie bettlägerige Bewohner transportiert werden können.</P></Content> </text></textdaten></norm>
<norm builddate="20130405124533" doknr="BJNR001890978BJNE001900327"><metadaten><jurabk>HeimMindBauV</jurabk><enbez>§ 10</enbez><titel format="parat">Sanitäre Anlagen</titel></metadaten><textdaten><text format="XML"><Content><P>(1) Badewannen und Duschen in Gemeinschaftsanlagen müssen bei ihrer Benutzung einen Sichtschutz haben.</P><P>(2) Bei Badewannen muß ein sicheres Ein- und Aussteigen möglich sein.</P><P>(3) Badewannen, Duschen und Spülaborte müssen mit Haltegriffen versehen sein.</P><P>(4) In Einrichtungen mit Rollstuhlbenutzern müssen für diese Personen geeignete sanitäre Anlagen in ausreichender Zahl vorhanden sein.</P></Content>   </text></textdaten></norm>
<norm builddate="20130405124533" doknr="BJNR001890978BJNE002000327"><metadaten><jurabk>HeimMindBauV</jurabk><enbez>§ 11</enbez><titel format="parat">Wirtschaftsräume</titel></metadaten><textdaten><text format="XML"><Content><P>Wirtschaftsräume müssen in der erforderlichen Zahl und Größe vorhanden sein, soweit die Versorgung nicht durch Betriebe außerhalb des Heimes sichergestellt ist.</P></Content></text></textdaten></norm>
<norm builddate="20130405124533" doknr="BJNR001890978BJNE002100327"><metadaten><jurabk>HeimMindBauV</jurabk><enbez>§ 12</enbez><titel format="parat">Heizung</titel></metadaten><textdaten><text format="XML"><Content><P>Durch geeignete Heizanlagen ist für alle Räume, Treppenräume, Flure und sanitäre Anlagen eine den Bedürfnissen der Heimbewohner angepaßte Temperatur sicherzustellen.</P></Content></text></textdaten></norm>
<norm builddate="20130405124533" doknr="BJNR001890978BJNE002200327"><metadaten><jurabk>HeimMindBauV</jurabk><enbez>§ 13</enbez><titel format="parat">Gebäudezugänge</titel></metadaten><textdaten><text format="XML"><Content><P>Die Eingangsebene der von den Bewohnern benutzten Gebäude einer Einrichtung soll von der öffentlichen Verkehrsfläche stufenlos erreichbar sein. Der Zugang muß beleuchtbar sein.</P></Content></text></textdaten></norm>
<norm builddate="20130405124533" doknr="BJNR001890978BJNG000200327"><metadaten><jurabk>HeimMindBauV</jurabk><gliederungseinheit><gliederungskennzahl>020</gliederungskennzahl><gliederungsbez>Zweiter Teil</gliederungsbez><gliederungstitel>Besondere Vorschriften</gliederungstitel></gliederungseinheit></metadaten><textdaten><text format="XML"><Content><P/></Content></text></textdaten></norm>
<norm builddate="20130405124533" doknr="BJNR001890978BJNG000300327"><metadaten><jurabk>HeimMindBauV</jurabk><gliederungseinheit><gliederungskennzahl>020010</gliederungskennzahl><gliederungsbez>Erster Abschnitt</gliederungsbez><gliederungstitel>Altenheime und gleichartige
Einrichtungen</gliederungstitel></gliederungseinheit></metadaten><textdaten><text format="XML"><Content><P/></Content></text></textdaten></norm>
<norm builddate="20130405124533" doknr="BJNR001890978BJNE002301310"><metadaten><jurabk>HeimMindBauV</jurabk><enbez>§ 14</enbez><titel format="parat">Wohnplätze</titel></metadaten><textdaten><text format="XML"><Content><P>(1) Wohnplätze für eine Person müssen mindestens einen Wohnschlafraum mit einer Wohnfläche von 12 m<SUP>2</SUP> Wohnplätze für zwei Personen einen solchen mit einer Wohnfläche von 18 m<SUP>2</SUP> umfassen. Wohnplätze für mehr als zwei Personen sind nur ausnahmsweise mit Zustimmung der zuständigen Behörde, Wohnplätze für mehr als vier Personen sind nicht zulässig. Für die dritte oder vierte Person muß die zusätzliche Wohnfläche wenigstens je 6 m<SUP>2</SUP> betragen.</P><P>(2) Für die Berechnung der Wohnflächen nach Absatz 1 gelten die Vorschriften der Wohnflächenverordnung vom 25. November 2003 (BGBl. I S. 2346) entsprechend. Beheizbare und unbeheizbare Wintergärten, Schwimmbäder und ähnliche nach allen Seiten geschlossene Räume sowie Balkone, Loggien, Dachgärten und Terrassen werden nicht angerechnet.</P><P>(3) Wohnplätze für bis zu zwei Personen müssen über einen Waschtisch mit Kalt- und Warmwasseranschluß verfügen. Bei Wohnplätzen für mehr als zwei Personen muß ein zweiter Waschtisch mit Kalt- und Warmwasseranschluß vorhanden sein.</P></Content></text><fussnoten/></textdaten></norm>
<norm builddate="20130405124533" doknr="BJNR001890978BJNE002400327"><metadaten><jurabk>HeimMindBauV</jurabk><enbez>§ 15</enbez><titel format="parat">Funktions- und Zubehörräume</titel></metadaten><textdaten><text format="XML"><Content><P>(1) In jeder Einrichtung müssen mindestens vorhanden sein: <DL Font="normal" Type="arabic"><DT>1.</DT><DD Font="normal"><LA Size="normal">ausreichende Kochgelegenheiten für die Bewohner,</LA></DD> <DT>2.</DT><DD Font="normal"><LA Size="normal">ein Abstellraum für die Sachen der Bewohner,</LA></DD> <DT>3.</DT><DD Font="normal"><LA Size="normal">in Einrichtungen mit Mehrbettzimmern ein Einzelzimmer im Sinne des § 14 zur vorübergehenden Nutzung durch Bewohner,</LA></DD> <DT>4.</DT><DD Font="normal"><LA Size="normal">ein Leichenraum, wenn nicht eine kurzfristige Überführung der Leichen sichergestellt ist.</LA></DD> </DL> </P><P>(2) Besteht die Einrichtung aus mehreren Gebäuden, müssen die Anforderungen nach Absatz 1 Nr. 1 und 3 in jedem Gebäude erfüllt werden.</P></Content></text></textdaten></norm>
<norm builddate="20130405124533" doknr="BJNR001890978BJNE002500327"><metadaten><jurabk>HeimMindBauV</jurabk><enbez>§ 16</enbez><titel format="parat">Gemeinschaftsräume</titel></metadaten><textdaten><text format="XML"><Content><P>(1) Die Einrichtung muß mindestens einen Gemeinschaftsraum von 20 m<SUP>2</SUP> Nutzfläche haben. In Einrichtungen mit mehr als 20 Bewohnern muß eine Nutzfläche von mindestens 1 m<SUP>2</SUP> je Bewohner zur Verfügung stehen.</P><P>(2) Bei der Berechnung der Fläche nach Absatz 1 können Speiseräume, in Ausnahmefällen auch andere geeignete Räume und Flure, insbesondere Wohnflure, angerechnet werden. Treppen, sonstige Verkehrsflächen, Loggien und Balkone werden nicht berücksichtigt.</P></Content></text></textdaten></norm>
<norm builddate="20130405124533" doknr="BJNR001890978BJNE002600327"><metadaten><jurabk>HeimMindBauV</jurabk><enbez>§ 17</enbez><titel format="parat">Therapieräume</titel></metadaten><textdaten><text format="XML"><Content><P>In jeder Einrichtung muß ein Raum für Bewegungstherapie oder Gymnastik vorhanden sein, wenn nicht geeignete Gymnastik- und Therapieräume in zumutbarer Entfernung außerhalb der Einrichtung von den Heimbewohnern regelmäßig benutzt werden können. Gemeinschaftsräume nach § 16 können dafür verwendet werden.</P></Content></text></textdaten></norm>
<norm builddate="20130405124533" doknr="BJNR001890978BJNE002700327"><metadaten><jurabk>HeimMindBauV</jurabk><enbez>§ 18</enbez><titel format="parat">Sanitäre Anlagen</titel></metadaten><textdaten><text format="XML"><Content><P>(1) Für jeweils bis zu acht Bewohner muß im gleichen Geschoß mindestens ein Spülabort mit Handwaschbecken vorhanden sein.</P><P>(2) Für jeweils bis zu 20 Bewohner muß im gleichen Gebäude mindestens eine Badewanne oder eine Dusche zur Verfügung stehen.</P><P>(3) In den Gemeinschaftsbädern der Pflegeabteilungen sind die Badewannen an den Längsseiten und an einer Stirnseite freistehend aufzustellen.</P></Content>  </text></textdaten></norm>
<norm builddate="20130405124533" doknr="BJNR001890978BJNG000400327"><metadaten><jurabk>HeimMindBauV</jurabk><gliederungseinheit><gliederungskennzahl>020020</gliederungskennzahl><gliederungsbez>Zweiter Abschnitt</gliederungsbez><gliederungstitel>Altenwohnheime und gleichartige
Einrichtungen</gliederungstitel></gliederungseinheit></metadaten><textdaten><text format="XML"><Content><P/></Content></text></textdaten></norm>
<norm builddate="20130405124533" doknr="BJNR001890978BJNE002800327"><metadaten><jurabk>HeimMindBauV</jurabk><enbez>§ 19</enbez><titel format="parat">Wohnplätze</titel></metadaten><textdaten><text format="XML"><Content><P>(1) Wohnplätze für eine Person müssen mindestens einen Wohnschlafraum mit einer Wohnfläche von 12 m<SUP>2</SUP> ferner eine Küche, eine Kochnische oder einen Kochschrank umfassen und über einen Sanitärraum mit Waschtisch mit Kalt- und Warmwasseranschluß und Spülklosett verfügen. Bei Wohnplätzen für zwei Personen muß die Wohnfläche des Wohnschlafraumes oder getrennter Wohn- und Schlafräume mindestens 18 m<SUP>2</SUP> betragen.</P><P>(2) Für Wohnplätze mit mehr als zwei Personen gilt § 14 Abs. 1 Satz 2 und 3, Abs. 3 Satz 2 entsprechend.</P><P>(3) Bei der Berechnung der Wohnflächen nach Absatz 1 gilt § 14 Abs. 2 entsprechend.</P></Content></text></textdaten></norm>
<norm builddate="20130405124533" doknr="BJNR001890978BJNE002900327"><metadaten><jurabk>HeimMindBauV</jurabk><enbez>§ 20</enbez><titel format="parat">Gemeinschaftsräume</titel></metadaten><textdaten><text format="XML"><Content><P>(1) § 16 gilt entsprechend mit der Maßgabe, daß je Heimbewohner Gemeinschaftsraum von mindestens 0,75 m<SUP>2</SUP> Nutzfläche zur Verfügung stehen muß.</P><P>(2) Sind in zumutbarer Entfernung außerhalb der Einrichtung geeignete Räume zur Gestaltung des gesellschaftlichen und kulturellen Lebens vorhanden, die den Bewohnern der Einrichtung regelmäßig zur Verfügung stehen, können sie auf die Gemeinschaftsräume angerechnet werden.</P></Content></text></textdaten></norm>
<norm builddate="20130405124533" doknr="BJNR001890978BJNE003000327"><metadaten><jurabk>HeimMindBauV</jurabk><enbez>§ 21</enbez><titel format="parat">Funktions- und Zubehörräume</titel></metadaten><textdaten><text format="XML"><Content><P>In jeder Einrichtung müssen mindestens vorhanden sein: <DL Font="normal" Type="arabic"><DT>1.</DT><DD Font="normal"><LA Size="normal">ein Abstellraum für die Sachen der Heimbewohner,</LA></DD> <DT>2.</DT><DD Font="normal"><LA Size="normal">besondere Wasch- und Trockenräume zur Benutzung durch die Heimbewohner.</LA></DD></DL></P></Content></text></textdaten></norm>
<norm builddate="20130405124533" doknr="BJNR001890978BJNE003100327"><metadaten><jurabk>HeimMindBauV</jurabk><enbez>§ 22</enbez><titel format="parat">Sanitäre Anlagen</titel></metadaten><textdaten><text format="XML"><Content><P>Für jeweils bis zu 20 Bewohner muß im gleichen Gebäude mindestens eine Badewanne oder eine Dusche zur Verfügung stehen.</P></Content></text></textdaten></norm>
<norm builddate="20130405124533" doknr="BJNR001890978BJNG000500327"><metadaten><jurabk>HeimMindBauV</jurabk><gliederungseinheit><gliederungskennzahl>020030</gliederungskennzahl><gliederungsbez>Dritter Abschnitt</gliederungsbez><gliederungstitel>Pflegeheime für Volljährige
und gleichartige Einrichtungen</gliederungstitel></gliederungseinheit></metadaten><textdaten><text format="XML"><Content><P/></Content></text></textdaten></norm>
<norm builddate="20130405124533" doknr="BJNR001890978BJNE003200327"><metadaten><jurabk>HeimMindBauV</jurabk><enbez>§ 23</enbez><titel format="parat">Pflegeplätze</titel></metadaten><textdaten><text format="XML"><Content><P>(1) Pflegeplätze müssen mindestens einen Wohnschlafraum mit einer Wohnfläche von 12 <ABWFORMAT typ="A"/>qm für einen Bewohner, 18 <ABWFORMAT typ="A"/>qm für zwei, 24 <ABWFORMAT typ="A"/>qm für drei und 30 <ABWFORMAT typ="A"/>qm für vier Bewohner umfassen. Wohnschlafräume für mehr als vier Bewohner sind nicht zulässig.</P><P>(2) Bei der Berechnung der Wohnflächen nach Absatz 1 gilt § 14 Abs. 2 entsprechend.</P></Content> </text></textdaten></norm>
<norm builddate="20130405124533" doknr="BJNR001890978BJNE003300327"><metadaten><jurabk>HeimMindBauV</jurabk><enbez>§ 24</enbez><titel format="parat">Funktions- und Zubehörräume</titel></metadaten><textdaten><text format="XML"><Content><P>(1) Funktions- und Zubehörräume müssen in ausreichender Zahl vorhanden und den Besonderheiten der Pflegebedürftigkeit angepaßt sein.</P><P>(2) § 15 Abs. 1 Nr. 2 bis 4, Abs. 2 in Verbindung mit Abs. 1 Nr. 3 gilt entsprechend. Außerdem müssen Schmutzräume und Fäkalienspülen in erforderlicher Zahl vorhanden sein.</P></Content> </text></textdaten></norm>
<norm builddate="20130405124533" doknr="BJNR001890978BJNE003400327"><metadaten><jurabk>HeimMindBauV</jurabk><enbez>§ 25</enbez><titel format="parat">Gemeinschaftsräume</titel></metadaten><textdaten><text format="XML"><Content><P>§ 20 Abs. 1 gilt entsprechend. Die Nutzflächen müssen jedoch so angelegt sein, daß auch Bettlägerige an Veranstaltungen und Zusammenkünften teilnehmen können.</P></Content></text></textdaten></norm>
<norm builddate="20130405124533" doknr="BJNR001890978BJNE003500327"><metadaten><jurabk>HeimMindBauV</jurabk><enbez>§ 26</enbez><titel format="parat">Therapieräume</titel></metadaten><textdaten><text format="XML"><Content><P>§ 17 gilt entsprechend.</P></Content></text></textdaten></norm>
<norm builddate="20130405124533" doknr="BJNR001890978BJNE003600327"><metadaten><jurabk>HeimMindBauV</jurabk><enbez>§ 27</enbez><titel format="parat">Sanitäre Anlagen</titel></metadaten><textdaten><text format="XML"><Content><P>(1) Für jeweils bis zu vier Bewohner müssen in unmittelbarer Nähe des Wohnschlafraumes ein Waschtisch mit Kalt- und Warmwasseranschluß und für jeweils bis zu acht Bewohner ein Spülabort vorhanden sein.</P><P>(2) Für jeweils bis zu 20 Bewohner müssen im gleichen Gebäude mindestens eine Badewanne und eine Dusche zur Verfügung stehen.</P><P>(3) Ist dauernd bettlägerigen Bewohnern die Benutzung sanitärer Anlagen nur in der Geschoßebene ihres Wohnschlafraumes möglich, so muß die nach Absatz 2 geforderte Anzahl an Badewannen und Duschen in dem jeweiligen Geschoß vorgehalten werden.</P><P>(4) § 18 Abs. 3 gilt entsprechend.</P></Content>   </text></textdaten></norm>
<norm builddate="20130405124533" doknr="BJNR001890978BJNG000600327"><metadaten><jurabk>HeimMindBauV</jurabk><gliederungseinheit><gliederungskennzahl>020040</gliederungskennzahl><gliederungsbez>Vierter Abschnitt</gliederungsbez><gliederungstitel>Einrichtungen mit Mischcharakter</gliederungstitel></gliederungseinheit></metadaten><textdaten><text format="XML"><Content><P/></Content></text></textdaten></norm>
<norm builddate="20130405124533" doknr="BJNR001890978BJNE003700327"><metadaten><jurabk>HeimMindBauV</jurabk><enbez>§ 28</enbez><titel format="parat">Einrichtungen mit Mischcharakter</titel></metadaten><textdaten><text format="XML"><Content><P>Sind Teile einer Einrichtung mehreren Einrichtungsarten im Sinne des § 1 Abs. 1 des Heimgesetzes zuzuordnen, so sind auf diese Teile die Anforderungen der Verordnung für die ihnen jeweils entsprechende Einrichtungsart anzuwenden.</P></Content></text></textdaten></norm>
<norm builddate="20130405124533" doknr="BJNR001890978BJNG000700327"><metadaten><jurabk>HeimMindBauV</jurabk><gliederungseinheit><gliederungskennzahl>030</gliederungskennzahl><gliederungsbez>Dritter Teil</gliederungsbez><gliederungstitel>Einrichtungen für behinderte Volljährige</gliederungstitel></gliederungseinheit></metadaten><textdaten><text format="XML"><Content><P/></Content></text></textdaten></norm>
<norm builddate="20130405124533" doknr="BJNR001890978BJNE003800327"><metadaten><jurabk>HeimMindBauV</jurabk><enbez>§ 29</enbez><titel format="parat">Einrichtungen für behinderte Volljährige</titel></metadaten><textdaten><text format="XML"><Content><P>(1) In Einrichtungen für behinderte Volljährige sind bei der Anwendung der Verordnung die besonderen Bedürfnisse der Bewohner, die sich insbesondere aus Art und Schwere der Behinderungen ergeben, zu berücksichtigen. Von Anforderungen der Verordnung kann insoweit abgewichen werden.</P><P>(2) Als gleichartige Einrichtungen im Sinne des ersten und zweiten Abschnitts des zweiten Teils der Verordnung gelten auch Einrichtungen für behinderte Volljährige.</P></Content> </text></textdaten></norm>
<norm builddate="20130405124533" doknr="BJNR001890978BJNG000800327"><metadaten><jurabk>HeimMindBauV</jurabk><gliederungseinheit><gliederungskennzahl>040</gliederungskennzahl><gliederungsbez>Vierter Teil</gliederungsbez><gliederungstitel>Fristen und Befreiungen</gliederungstitel></gliederungseinheit></metadaten><textdaten><text format="XML"><Content><P/></Content></text></textdaten></norm>
<norm builddate="20130405124533" doknr="BJNR001890978BJNE003900327"><metadaten><jurabk>HeimMindBauV</jurabk><enbez>§ 30</enbez><titel format="parat">Fristen zur Angleichung</titel></metadaten><textdaten><text format="XML"><Content><P>(1) Erfüllen Einrichtungen, die bei Inkrafttreten dieser Verordnung im Betrieb, im Bau oder im baureifen Planungsstadium sind, die Mindestanforderungen der §§ 2 bis 29 nicht, so hat die zuständige Behörde zur Angleichung an die einzelnen Anforderungen angemessene Fristen einzuräumen. Die Frist für die Angleichung darf zehn Jahre vom Inkrafttreten der Verordnung an nicht überschreiten. Sie kann bei Vorliegen eines wichtigen Grundes verlängert werden.</P><P>(2) Für andere als die in Absatz 1 Satz 1 genannten Einrichtungen kann die zuständige Behörde auf Antrag angemessene Fristen zur Erfüllung einzelner Anforderungen nach dieser Verordnung einräumen. Die Fristen dürfen fünf Jahre vom Zeitpunkt der Anzeige nach § 7 des Heimgesetzes an nicht überschreiten. Sie können in besonders begründeten Ausnahmefällen verlängert werden.</P></Content> </text></textdaten></norm>
<norm builddate="20130405124533" doknr="BJNR001890978BJNE004000327"><metadaten><jurabk>HeimMindBauV</jurabk><enbez>§ 31</enbez><titel format="parat">Befreiungen</titel></metadaten><textdaten><text format="XML"><Content><P>(1) Ist dem Träger einer Einrichtung die Erfüllung der in den §§ 2 bis 29 genannten Anforderungen technisch nicht möglich oder aus wirtschaftlichen Gründen nicht zumutbar, kann die zuständige Behörde auf Antrag ganz oder teilweise Befreiung erteilen, wenn die Befreiung mit den Interessen und Bedürfnissen der Bewohner vereinbar ist.</P><P>(2) Der Träger einer Einrichtung ist vom Zeitpunkt der Antragstellung bis zur Entscheidung über den Antrag für die beantragten Tatbestände von der Verpflichtung zur Angleichung vorläufig befreit.</P></Content></text></textdaten></norm>
<norm builddate="20130405124533" doknr="BJNR001890978BJNG000900327"><metadaten><jurabk>HeimMindBauV</jurabk><gliederungseinheit><gliederungskennzahl>050</gliederungskennzahl><gliederungsbez>Fünfter Teil</gliederungsbez><gliederungstitel>Ordnungswidrigkeiten und Schlußbestimmungen</gliederungstitel></gliederungseinheit></metadaten><textdaten><text format="XML"><Content><P/></Content></text></textdaten></norm>
<norm builddate="20130405124533" doknr="BJNR001890978BJNE004100327"><metadaten><jurabk>HeimMindBauV</jurabk><enbez>§ 32</enbez><titel format="parat">Ordnungswidrigkeiten</titel></metadaten><textdaten><text format="XML"><Content><P>Ordnungswidrig im Sinne des § 17 Abs. 2 Nr. 1 des Heimgesetzes handelt, wer vorsätzlich oder fahrlässig entgegen § 1 eine Einrichtung betreibt, in der <DL Font="normal" Type="arabic"><DT>1.</DT><DD Font="normal"><LA Size="normal">die Mindestanforderungen an die Wohnplätze nach § 2, § 14 Abs. 1 oder 3 oder § 19 Abs. 1 oder 2 oder die Mindestanforderungen an die Pflegeplätze nach den §§ 2 oder 23 Abs. 1 nicht erfüllt sind,</LA></DD> <DT>2.</DT><DD Font="normal"><LA Size="normal">Rufanlagen nach § 7 oder Fernsprecher nach § 8 nicht vorhanden sind,</LA></DD> <DT>3.</DT><DD Font="normal"><LA Size="normal">die Wohn-, Schlaf- oder Sanitärräume entgegen § 9 Abs. 1 im Notfall nicht von außen zugänglich sind,</LA></DD> <DT>4.</DT><DD Font="normal"><LA Size="normal">die Funktions- und Zubehörräume oder sanitären Anlagen nach § 15 Abs. 1 Nr. 2 oder 4, § 18 Abs. 1 oder 2, § 21, § 22, § 24 Abs. 1 oder § 27 Abs. 1 bis 3 nicht vorhanden sind,</LA></DD> <DT>5.</DT><DD Font="normal"><LA Size="normal">die Gemeinschaftsräume nach § 16 Abs. 1, § 20 Abs. 1 oder § 25 Satz 1 nicht vorhanden sind,</LA></DD> <DT>6.</DT><DD Font="normal"><LA Size="normal">die Therapieräume nach § 17 oder § 26 nicht vorhanden sind.</LA></DD> </DL></P></Content></text></textdaten></norm>
<norm builddate="20130405124533" doknr="BJNR001890978BJNE004200327"><metadaten><jurabk>HeimMindBauV</jurabk><enbez>§ 33</enbez><titel format="parat">Nichtanwendung von Vorschriften</titel></metadaten><textdaten><text format="XML"><Content><P>Mit Inkrafttreten der Verordnung sind folgende Vorschriften, soweit sie Vorschriften über Mindestanforderungen für die Räume, Verkehrsflächen und sanitäre Anlagen enthalten, auf die Einrichtungen nach § 1 nicht mehr anzuwenden: <DL Font="normal" Type="arabic"><DT>1.</DT><DD Font="normal"><LA Size="normal">die Verordnung des Wirtschaftsministeriums des Landes Baden-Württemberg über den gewerbsmäßigen Betrieb von Altenheimen, Altenwohnheimen und Pflegeheimen (Heimverordnung - HeimVO -) vom 25. Februar 1970 (Gesetzblatt für Baden-Württemberg, S. 98),</LA></DD><DT>2.</DT><DD Font="normal"><LA Size="normal">die Verordnung des Bayerischen Staatsministeriums für Wirtschaft und Verkehr über den gewerbsmäßigen Betrieb von Altenheimen, Altenwohnheimen und Pflegeheimen (Heimverordnung - HeimVO -) vom 23. August 1968 (Bayerisches Gesetz- und Verordnungsblatt, S. 319),</LA></DD><DT>3.</DT><DD Font="normal"><LA Size="normal">die Verordnung des Senats von Berlin über Mindestanforderungen und Überwachungsmaßnahmen gegenüber gewerblichen Altenheimen, Altenwohnheimen und Pflegeheimen für Volljährige vom 3. Oktober 1967 (Gesetz- und Verordnungsblatt für Berlin, S. 1457),</LA></DD><DT>4.</DT><DD Font="normal"><LA Size="normal">die Verordnung des Senators für Wirtschaft und Außenhandel der Freien Hansestadt Bremen über den gewerbsmäßigen Betrieb von Altenheimen, Altenwohnheimen und Pflegeheimen (Heimverordnung - HeimVO -) vom 30. April 1968 (Gesetzblatt der Freien Hansestadt Bremen, S. 95),</LA></DD><DT>5.</DT><DD Font="normal"><LA Size="normal">die Verordnung des Senats der Freien und Hansestadt Hamburg über den gewerbsmäßigen Betrieb von Altenheimen, Altenwohnheimen und Pflegeheimen (Heimverordnung) vom 29. Oktober 1968 (Hamburgisches Gesetz- und Verordnungsblatt, S. 248),</LA></DD><DT>6.</DT><DD Font="normal"><LA Size="normal">die Verordnung des Hessischen Ministers für Arbeit, Volkswohlfahrt und Gesundheitswesen über den gewerbsmäßigen Betrieb von Altenheimen, Altenwohnheimen und Pflegeheimen (Heimverordnung - HeimVO -) vom 7. Oktober 1969 (Gesetz- und Verordnungsblatt I für das Land Hessen, S. 195),</LA></DD><DT>7.</DT><DD Font="normal"><LA Size="normal">die Verordnung des Niedersächsischen Ministers für Wirtschaft und Verkehr über den gewerbsmäßigen Betrieb von Altenheimen, Altenwohnheimen und Pflegeheimen (Heimverordnung - HeimVO -) vom 3. Oktober 1968 (Niedersächsisches Gesetz- und Verordnungsblatt, S. 129),</LA></DD><DT>8.</DT><DD Font="normal"><LA Size="normal">die Verordnung des Landes Nordrhein-Westfalen über den gewerbsmäßigen Betrieb von Altenheimen, Altenwohnheimen und Pflegeheimen (Heimverordnung - HeimVO -) vom 25. Februar 1969 (Gesetz- und Verordnungsblatt des Landes Nordrhein-Westfalen, S. 142),</LA></DD><DT>9.</DT><DD Font="normal"><LA Size="normal">die Verordnung des Landes Rheinland-Pfalz über den gewerbsmäßigen Betrieb von Altenheimen, Altenwohnheimen und Pflegeheimen (Heimverordnung - HeimVO -) vom 25. Juli 1969 (Gesetz- und Verordnungsblatt für das Land Rheinland-Pfalz, S. 150),</LA></DD><DT>10.</DT><DD Font="normal"><LA Size="normal">die Verordnung des Landes Saarland über den gewerbsmäßigen Betrieb von Altenheimen, Altenwohnheimen und Pflegeheimen (Heimverordnung - HeimVO -) vom 1. April 1969 (Amtsblatt des Saarlandes, S. 197) und</LA></DD><DT>11.</DT><DD Font="normal"><LA Size="normal">die Verordnung des Ministers für Wirtschaft und Verkehr des Landes Schleswig-Holstein über den gewerbsmäßigen Betrieb von Altenheimen, Altenwohnheimen und Pflegeheimen (Heimverordnung - HeimVO -) vom 22. April 1969 (Gesetz- und Verordnungsblatt für Schleswig-Holstein, S. 89).</LA></DD></DL></P></Content></text></textdaten></norm>
<norm builddate="20130405124533" doknr="BJNR001890978BJNE004300327"><metadaten><jurabk>HeimMindBauV</jurabk><enbez>§ 34</enbez><titel format="parat">Berlin-Klausel</titel></metadaten><textdaten><text format="XML"><Content><P>Diese Verordnung gilt nach § 14 des Dritten Überleitungsgesetzes in Verbindung mit § 24 des Heimgesetzes auch im Land Berlin.</P></Content></text></textdaten></norm>
<norm builddate="20130405124533" doknr="BJNR001890978BJNE004400327"><metadaten><jurabk>HeimMindBauV</jurabk><enbez>§ 35</enbez><titel format="parat">(Inkrafttreten)</titel></metadaten><textdaten><text format="XML"><Content><P>-</P></Content></text></textdaten></norm>
<norm builddate="20130405124533" doknr="BJNR001890978BJNE004600307"><metadaten><jurabk>HeimMindBauV</jurabk><enbez>Anhang EV</enbez><titel format="XML">Auszug aus EinigVtr Anlage I Kap. X Sachgebiet H Abschnitt III
<BR/>
(BGBl. II 1990, 889, 1096)</titel></metadaten><textdaten><text format="XML"><Content><P><noindex> Bundesrecht tritt in dem in Artikel 3 des Vertrages genannten Gebiet mit folgenden Maßgaben in Kraft: <BR/>... <DL Font="normal" Type="arabic"><DT>13.</DT><DD Font="normal"><LA Size="normal">Heimmindestbauverordnung in der Fassung der Bekanntmachung vom 3. Mai 1983 (BGBl. I S. 550)</LA><LA Size="normal">mit folgender Maßgabe:</LA><LA Size="normal">Für die Berechnung der Frist in § 30 Abs. 1 Satz 2 als Zeitpunkt für das Inkrafttreten der Verordnung gilt der Tag des Wirksamwerdens des Beitritts.</LA></DD>   </DL>... </noindex></P></Content></text></textdaten></norm>
</dokumente>