<?xml version="1.0" encoding="UTF-8" ?><!DOCTYPE dokumente SYSTEM "http://www.gesetze-im-internet.de/dtd/1.01/gii-norm.dtd">
<dokumente builddate="20240809214517" doknr="BJNR404310013"><norm builddate="20240809214517" doknr="BJNR404310013"><metadaten><jurabk>AbfAEV</jurabk><amtabk>AbfAEV</amtabk><ausfertigung-datum manuell="ja">2013-12-05</ausfertigung-datum><fundstelle typ="amtlich"><periodikum>BGBl I</periodikum><zitstelle>2013, 4043</zitstelle></fundstelle><kurzue>Anzeige- und Erlaubnisverordnung</kurzue><langue>Verordnung über das Anzeige- und Erlaubnisverfahren für Sammler, Beförderer, Händler und Makler von Abfällen</langue><standangabe checked="ja"><standtyp>Stand</standtyp><standkommentar>Zuletzt geändert durch Art. 2 V v. 28.4.2022 I 700</standkommentar></standangabe></metadaten><textdaten><fussnoten><Content><P><BR/> <pre xml:space="preserve">(+++ Textnachweis ab: 1.6.2014 +++)<BR/><BR/></pre>Die V wurde als Artikel 1 der V v. 5.12.2013 I 4043 von der Bundesregierung mit  Zustimmung des Bundesrates und nach Anhörung der beteiligten Kreise beschlossen. Sie ist gem. Art. 6 Satz 1 dieser V am 1.6.2014 in Kraft getreten.</P></Content></fussnoten></textdaten></norm>
<norm builddate="20240809214517" doknr="BJNR404310013BJNE000100000"><metadaten><jurabk>AbfAEV</jurabk><enbez>Inhaltsübersicht</enbez></metadaten><textdaten><text format="XML"><TOC><Ident Class="S0">Abschnitt 1</Ident><Title Align="auto" Class="S0">Allgemeine Vorschriften</Title><table colsep="0" frame="none" pgwide="1" rowsep="0" tocentry="%yes;"><tgroup align="left" char="" charoff="50" cols="2"><colspec colname="col1" colwidth="20*"/><colspec colname="col2" colwidth="145*"/><tbody valign="top"><row><entry VJ="1" colname="col1">§  1</entry><entry VJ="1" colname="col2">Anwendungsbereich</entry></row><row><entry VJ="1" colname="col1">§  2</entry><entry VJ="1" colname="col2">Begriffsbestimmungen</entry></row></tbody></tgroup></table><Ident Class="S0">Abschnitt 2</Ident><Title Align="auto" Class="S0">Anforderungen an<BR/>Sammler, Beförderer, Händler und Makler von Abfällen</Title><table colsep="0" frame="none" pgwide="1" rowsep="0" tocentry="%yes;"><tgroup align="left" char="" charoff="50" cols="2"><colspec colname="col1" colwidth="20*"/><colspec colname="col2" colwidth="145*"/><tbody valign="top"><row><entry VJ="1" colname="col1">§  3</entry><entry VJ="1" colname="col2">Zuverlässigkeit</entry></row><row><entry VJ="1" colname="col1">§  4</entry><entry VJ="1" colname="col2">Fachkunde von Anzeigepflichtigen</entry></row><row><entry VJ="1" colname="col1">§  5</entry><entry VJ="1" colname="col2">Fachkunde von Erlaubnispflichtigen</entry></row><row><entry VJ="1" colname="col1">§  6</entry><entry VJ="1" colname="col2">Sachkunde des sonstigen Personals</entry></row></tbody></tgroup></table><Ident Class="S0">Abschnitt 3</Ident><Title Align="auto" Class="S0">Anzeige durch<BR/>Sammler, Beförderer, Händler und Makler von Abfällen</Title><table colsep="0" frame="none" pgwide="1" rowsep="0" tocentry="%yes;"><tgroup align="left" char="" charoff="50" cols="2"><colspec colname="col1" colwidth="20*"/><colspec colname="col2" colwidth="145*"/><tbody valign="top"><row><entry VJ="1" colname="col1">§  7</entry><entry VJ="1" colname="col2">Anzeigeverfahren</entry></row><row><entry VJ="1" colname="col1">§  8</entry><entry VJ="1" colname="col2">Elektronisches Anzeigeverfahren</entry></row></tbody></tgroup></table><Ident Class="S0">Abschnitt 4</Ident><Title Align="auto" Class="S0">Erlaubnis für Sammler,<BR/>Beförderer, Händler und Makler von gefährlichen Abfällen</Title><table colsep="0" frame="none" pgwide="1" rowsep="0" tocentry="%yes;"><tgroup align="left" char="" charoff="50" cols="2"><colspec colname="col1" colwidth="20*"/><colspec colname="col2" colwidth="145*"/><tbody valign="top"><row><entry VJ="1" colname="col1">§  9</entry><entry VJ="1" colname="col2">Antrag und beizufügende Unterlagen</entry></row><row><entry VJ="1" colname="col1">§ 10</entry><entry VJ="1" colname="col2">Erlaubnisverfahren und -erteilung</entry></row><row><entry VJ="1" colname="col1">§ 11</entry><entry VJ="1" colname="col2">Elektronisches Verfahren zur Erlaubniserteilung</entry></row><row><entry VJ="1" colname="col1">§ 12</entry><entry VJ="1" colname="col2">Ausnahmen von der Erlaubnispflicht</entry></row></tbody></tgroup></table><Ident Class="S0">Abschnitt 5</Ident><Title Align="auto" Class="S0">Gemeinsame Vorschriften</Title><table colsep="0" frame="none" pgwide="1" rowsep="0" tocentry="%yes;"><tgroup align="left" char="" charoff="50" cols="2"><colspec colname="col1" colwidth="20*"/><colspec colname="col2" colwidth="145*"/><tbody valign="top"><row><entry VJ="1" colname="col1">§ 13</entry><entry VJ="1" colname="col2">Mitführungspflicht</entry></row><row><entry VJ="1" colname="col1">§ 13a</entry><entry VJ="1" colname="col2">Ausnahmen von der Kennzeichnungspflicht</entry></row><row><entry VJ="1" colname="col1">§ 14</entry><entry VJ="1" colname="col2">Behördenregister</entry></row><row><entry VJ="1" colname="col1">§ 15</entry><entry VJ="1" colname="col2">Ordnungswidrigkeiten</entry></row><row><entry VJ="1" colname="col1">§ 16</entry><entry VJ="1" colname="col2">Übergangsvorschriften</entry></row></tbody></tgroup></table><table colsep="0" frame="none" pgwide="1" rowsep="0" tocentry="%yes;"><tgroup align="left" char="" charoff="50" cols="2"><colspec align="left" colname="col1" colwidth="75*"/><colspec colname="col2" colwidth="90*"/><tbody valign="top"><row><entry VJ="1" align="left" colname="col1">Anlage 1<BR/>(zu § 4 Absatz 3 Satz 1 und Absatz 5, § 5 Absatz 1 Satz 1 Nummer 2 und Absatz 3 Satz 2 sowie zu § 16 Absatz 2 und 5)</entry><entry VJ="1" colname="col2">Lehrgangsinhalte</entry></row><row><entry VJ="1" align="left" colname="col1">Anlage 2<BR/>(zu § 7 Absatz 1 Satz 1 und Absatz 5, § 8 Absatz 1 Satz 1 Nummer 1 und § 16 Absatz 1 Satz 2)</entry><entry VJ="1" colname="col2">Vordruck für die Anzeige</entry></row><row><entry VJ="1" align="left" colname="col1">Anlage 3<BR/>(zu § 9 Absatz 1, § 11 Absatz 1 Satz 1 Nummer 1<BR/>und § 16 Absatz 1 Satz 2)</entry><entry VJ="1" colname="col2">Vordruck für den Antrag<BR/>auf Erlaubnis</entry></row><row><entry VJ="1" align="left" colname="col1">Anlage 4<BR/>(zu § 10 Absatz 3 Satz 1)</entry><entry VJ="1" colname="col2">Vordruck für die Erlaubnis</entry></row></tbody></tgroup></table></TOC></text></textdaten></norm>
<norm builddate="20240809214517" doknr="BJNR404310013BJNG000100000"><metadaten><jurabk>AbfAEV</jurabk><gliederungseinheit><gliederungskennzahl>010</gliederungskennzahl><gliederungsbez>Abschnitt 1</gliederungsbez><gliederungstitel>Allgemeine Vorschriften</gliederungstitel></gliederungseinheit></metadaten><textdaten/></norm>
<norm builddate="20240809214517" doknr="BJNR404310013BJNE000200000"><metadaten><jurabk>AbfAEV</jurabk><enbez>§ 1</enbez><titel format="XML">Anwendungsbereich</titel></metadaten><textdaten><text format="XML"><Content><P>(1) Diese Verordnung gilt für <DL Type="arabic"><DT>1.</DT><DD Font="normal"><LA>Anzeigen der Aufnahme der betrieblichen Tätigkeit durch Sammler, Beförderer, Händler und Makler von Abfällen nach § 53 Absatz 1 Satz 1 des Kreislaufwirtschaftsgesetzes und</LA></DD><DT>2.</DT><DD Font="normal"><LA>Erlaubnisse für Sammler, Beförderer, Händler und Makler von gefährlichen Abfällen nach § 54 Absatz 1 Satz 1 des Kreislaufwirtschaftsgesetzes.</LA></DD></DL></P><P>(2) Diese Verordnung gilt auch für anzeige- und erlaubnispflichtige Tätigkeiten, die auf dem Gebiet der Bundesrepublik Deutschland durchgeführt werden im Rahmen einer Verbringung von Abfällen im Sinne der Verordnung (EG) Nr. 1013/2006 des Europäischen Parlaments und des Rates vom 14. Juni 2006 über die Verbringung von Abfällen (ABl. L 190 vom 12.7.2006, S. 1, L 318 vom 28.11.2008, S. 15), die zuletzt durch die Verordnung (EU) Nr. 255/2013 (ABl. L 79 vom 21.3.2013, S. 19) geändert worden ist, in der jeweils geltenden Fassung.</P></Content></text></textdaten></norm>
<norm builddate="20240809214517" doknr="BJNR404310013BJNE000301116"><metadaten><jurabk>AbfAEV</jurabk><enbez>§ 2</enbez><titel format="XML">Begriffsbestimmungen</titel></metadaten><textdaten><text format="XML"><Content><P>(1) Inhaber im Sinne dieser Verordnung ist diejenige natürliche oder juristische Person oder Personenvereinigung, die den die Sammler-, Beförderer-, Händler- oder Maklertätigkeit ausübenden Betrieb betreibt. Sofern es sich bei dem Inhaber um eine juristische Person oder Personenvereinigung handelt, kommt es für die Erfüllung der personenbezogenen Anforderungen dieser Verordnung an den Inhaber auf die nach Gesetz, Satzung oder Gesellschaftsvertrag zur Vertretung oder Geschäftsführung des Betriebes berechtigten Personen an.</P><P>(2) Für die Leitung und Beaufsichtigung des Betriebes verantwortliche Personen im Sinne dieser Verordnung sind diejenigen natürlichen Personen, die vom Inhaber mit der fachlichen Leitung, Überwachung und Kontrolle der vom Betrieb durchgeführten Tätigkeiten insbesondere im Hinblick auf die Beachtung der hierfür geltenden Vorschriften und Anordnungen beauftragt worden sind. Die Beauftragung setzt die Übertragung der für die in Satz 1 beschriebenen Aufgaben erforderlichen Entscheidungs- und Mitwirkungsbefugnisse voraus.</P><P>(3) Sonstiges Personal im Sinne dieser Verordnung sind diejenigen Arbeitnehmerinnen und Arbeitnehmer und anderen im Betrieb des Sammlers, Beförderers, Händlers oder Maklers von Abfällen beschäftigten Personen, die bei der Ausübung dieser betrieblichen Tätigkeiten mitwirken.</P></Content></text><fussnoten/></textdaten></norm>
<norm builddate="20240809214517" doknr="BJNR404310013BJNG000200000"><metadaten><jurabk>AbfAEV</jurabk><gliederungseinheit><gliederungskennzahl>020</gliederungskennzahl><gliederungsbez>Abschnitt 2</gliederungsbez><gliederungstitel>Anforderungen an Sammler, Beförderer, Händler und Makler von Abfällen</gliederungstitel></gliederungseinheit></metadaten><textdaten/></norm>
<norm builddate="20240809214517" doknr="BJNR404310013BJNE000401116"><metadaten><jurabk>AbfAEV</jurabk><enbez>§ 3</enbez><titel format="XML">Zuverlässigkeit</titel></metadaten><textdaten><text format="XML"><Content><P>(1) Die nach § 53 Absatz 2 Satz 1 und § 54 Absatz 1 Satz 2 Nummer 1 des Kreislaufwirtschaftsgesetzes erforderliche Zuverlässigkeit ist gegeben, wenn der Inhaber des Betriebes und die für die Leitung und Beaufsichtigung des Betriebes verantwortlichen Personen auf Grund ihrer persönlichen Eigenschaften, ihres Verhaltens und ihrer Fähigkeiten zur ordnungsgemäßen Erfüllung der ihnen obliegenden Aufgaben geeignet sind.</P><P>(2) Die erforderliche Zuverlässigkeit ist in der Regel nicht gegeben, wenn eine der in Absatz 1 genannten Personen <DL Type="arabic"><DT>1.</DT><DD Font="normal"><LA>wegen Verletzung von Vorschriften <DL Type="alpha"><DT>a)</DT><DD Font="normal"><LA>des Strafrechts über gemeingefährliche Delikte oder Delikte gegen die Umwelt,</LA></DD><DT>b)</DT><DD Font="normal"><LA>des Immissionsschutz-, Abfall-, Wasser-, Natur- und Landschaftsschutz-, Chemikalien-, Gentechnik- oder Atom- und Strahlenschutzrechts,</LA></DD><DT>c)</DT><DD Font="normal"><LA>des Lebensmittel-, Arzneimittel-, Pflanzenschutz- oder Infektionsschutzrechts,</LA></DD><DT>d)</DT><DD Font="normal"><LA>des Gewerbe-, Arbeitsschutz-, Transport- oder Gefahrgutrechts oder</LA></DD><DT>e)</DT><DD Font="normal"><LA>des Betäubungsmittel-, Waffen- oder Sprengstoffrechts</LA></DD></DL>innerhalb der letzten fünf Jahre vor Anzeige der Aufnahme der betrieblichen Tätigkeit oder der Beantragung der Erlaubnis mit einer Geldbuße in Höhe von mehr als zweitausendfünfhundert Euro belegt oder zu einer Strafe verurteilt worden ist oder</LA></DD><DT>2.</DT><DD Font="normal"><LA>wiederholt oder grob pflichtwidrig gegen die in Nummer 1 genannten Vorschriften verstoßen hat.</LA></DD></DL></P></Content></text><fussnoten/></textdaten></norm>
<norm builddate="20240809214517" doknr="BJNR404310013BJNE000500000"><metadaten><jurabk>AbfAEV</jurabk><enbez>§ 4</enbez><titel format="XML">Fachkunde von Anzeigepflichtigen</titel></metadaten><textdaten><text format="XML"><Content><P>(1) Im Falle einer gewerbsmäßigen Tätigkeit des anzeigenden Sammlers, Beförderers, Händlers oder Maklers von Abfällen setzt die nach § 53 Absatz 2 Satz 2 des Kreislaufwirtschaftsgesetzes notwendige Fachkunde des Inhabers, soweit er für die Leitung des Betriebes verantwortlich ist, und der für die Leitung und Beaufsichtigung des Betriebes verantwortlichen Personen während einer zweijährigen praktischen Tätigkeit erworbene Kenntnisse über die vom Betrieb angezeigte Tätigkeit voraus. Abweichend von Satz 1 reichen während einer einjährigen praktischen Tätigkeit erworbene Kenntnisse über die vom Betrieb angezeigte Tätigkeit aus, wenn die betroffene Person auf einem Fachgebiet, dem der Betrieb hinsichtlich seiner Betriebsvorgänge zuzuordnen ist, <DL Type="arabic"><DT>1.</DT><DD Font="normal"><LA>ein Hochschul- oder Fachhochschulstudium abgeschlossen hat,</LA></DD><DT>2.</DT><DD Font="normal"><LA>eine kaufmännische oder technische Fachschul- oder Berufsausbildung besitzt oder</LA></DD><DT>3.</DT><DD Font="normal"><LA>eine Qualifikation als Meister vorweisen kann.</LA></DD></DL></P><P>(2) Die Voraussetzung des Absatzes 1 Satz 1 ist auch erfüllt, wenn sich im Falle der Anzeige einer gewerbsmäßigen Tätigkeit <DL Type="arabic"><DT>1.</DT><DD Font="normal"><LA>des Sammelns oder Beförderns von Abfällen die erworbenen Kenntnisse des Betroffenen nicht auf die angezeigte, sondern auf die jeweils andere Tätigkeit beziehen,</LA></DD><DT>2.</DT><DD Font="normal"><LA>des Handelns mit Abfällen die erworbenen Kenntnisse des Betroffenen nicht auf die angezeigte, sondern auf die Tätigkeit des Sammelns oder Beförderns beziehen oder</LA></DD><DT>3.</DT><DD Font="normal"><LA>des Makelns von Abfällen die erworbenen Kenntnisse des Betroffenen nicht auf die angezeigte, sondern auf die Tätigkeit des Sammelns, Beförderns oder Handelns von Abfällen beziehen.</LA></DD></DL></P><P>(3) Liegen die Voraussetzungen der Absätze 1 und 2 nicht vor, kann die nach § 53 Absatz 2 Satz 2 des Kreislaufwirtschaftsgesetzes notwendige Fachkunde auch durch den Besuch eines Lehrgangs, in dem Kenntnisse entsprechend der Anlage 1 vermittelt werden, erworben werden. Der Lehrgang nach Satz 1 muss vor Aufnahme der Tätigkeit abgeschlossen sein.</P><P>(4) Im Falle von im Rahmen wirtschaftlicher Unternehmen tätigen Sammlern, Beförderern, Händlern und Maklern von Abfällen setzt die nach § 53 Absatz 2 Satz 2 des Kreislaufwirtschaftsgesetzes notwendige Fachkunde des Inhabers, soweit er für die Leitung des Betriebes verantwortlich ist, und der für die Leitung und Beaufsichtigung des Betriebes verantwortlichen Personen voraus, dass die betroffene Person über die für die vom Unternehmen im Hauptzweck ausgeübte Tätigkeit erforderliche berufliche Qualifikation verfügt.</P><P>(5) Soweit es zur Wahrung des Wohls der Allgemeinheit erforderlich ist, kann die zuständige Behörde zusätzlich in den Fällen der Absätze 1 bis 4 die Teilnahme an einem von der zuständigen Behörde anerkannten Lehrgang, in dem Kenntnisse entsprechend der Anlage 1 vermittelt werden, und eine regelmäßige entsprechende Fortbildung anordnen.</P></Content></text></textdaten></norm>
<norm builddate="20240809214517" doknr="BJNR404310013BJNE000600000"><metadaten><jurabk>AbfAEV</jurabk><enbez>§ 5</enbez><titel format="XML">Fachkunde von Erlaubnispflichtigen</titel></metadaten><textdaten><text format="XML"><Content><P>(1) Die nach § 54 Absatz 1 Satz 2 Nummer 2 des Kreislaufwirtschaftsgesetzes notwendige Fachkunde des Inhabers, soweit er für die Leitung des Betriebes verantwortlich ist, und der für die Leitung und Beaufsichtigung des Betriebes verantwortlichen Personen setzt Folgendes voraus: <DL Type="arabic"><DT>1.</DT><DD Font="normal"><LA>während einer zweijährigen praktischen Tätigkeit erworbene Kenntnisse über die Tätigkeit, für die der Betrieb die Erlaubnis beantragt, sowie</LA></DD><DT>2.</DT><DD Font="normal"><LA>die Teilnahme an einem oder mehreren von der zuständigen Behörde anerkannten Lehrgängen, in denen Kenntnisse entsprechend der Anlage 1 vermittelt werden.</LA></DD></DL>Abweichend von Satz 1 Nummer 1 reichen während einer einjährigen praktischen Tätigkeit erworbene Kenntnisse über die vom Betrieb beantragte Tätigkeit aus, sofern die betroffene Person auf einem Fachgebiet, dem der Betrieb hinsichtlich seiner Betriebsvorgänge zuzuordnen ist, <DL Type="arabic"><DT>1.</DT><DD Font="normal"><LA>ein Hochschul- oder Fachhochschulstudium abgeschlossen hat,</LA></DD><DT>2.</DT><DD Font="normal"><LA>eine kaufmännische oder technische Fachschul- oder Berufsausbildung besitzt oder</LA></DD><DT>3.</DT><DD Font="normal"><LA>eine Qualifikation als Meister vorweisen kann.</LA></DD></DL></P><P>(2) Die Voraussetzung des Absatzes 1 Satz 1 Nummer 1 ist auch erfüllt, wenn sich im Falle der Beantragung einer Erlaubnis für die Tätigkeit <DL Type="arabic"><DT>1.</DT><DD Font="normal"><LA>des Sammelns oder Beförderns von gefährlichen Abfällen die erworbenen Kenntnisse des Betroffenen nicht auf die beantragte, sondern auf die jeweils andere Tätigkeit beziehen,</LA></DD><DT>2.</DT><DD Font="normal"><LA>des Handelns mit gefährlichen Abfällen die erworbenen Kenntnisse des Betroffenen nicht auf die beantragte, sondern auf die Tätigkeit des Sammelns oder Beförderns von gefährlichen Abfällen beziehen oder</LA></DD><DT>3.</DT><DD Font="normal"><LA>des Makelns von gefährlichen Abfällen die erworbenen Kenntnisse des Betroffenen nicht auf die beantragte, sondern auf die Tätigkeit des Sammelns, Beförderns oder Handelns von gefährlichen Abfällen beziehen.</LA></DD></DL></P><P>(3) Der Inhaber, soweit er für die Leitung des Betriebes verantwortlich ist, und die für die Leitung und Beaufsichtigung des Betriebes verantwortlichen Personen müssen durch geeignete Fortbildung über den für ihre Tätigkeit notwendigen aktuellen Wissensstand verfügen. Dazu haben sie regelmäßig, mindestens alle drei Jahre, an von der zuständigen Behörde anerkannten Lehrgängen, in denen Kenntnisse entsprechend der Anlage 1 vermittelt werden, teilzunehmen und dies der zuständigen Behörde unaufgefordert nachzuweisen.</P></Content></text></textdaten></norm>
<norm builddate="20240809214517" doknr="BJNR404310013BJNE000700000"><metadaten><jurabk>AbfAEV</jurabk><enbez>§ 6</enbez><titel format="XML">Sachkunde des sonstigen Personals</titel></metadaten><textdaten><text format="XML"><Content><P>Die Sachkunde des sonstigen Personals nach § 53 Absatz 2 Satz 2 und § 54 Absatz 1 Satz 2 Nummer 2 des Kreislaufwirtschaftsgesetzes erfordert, dass das sonstige Personal auf der Grundlage eines Einarbeitungsplanes betrieblich eingearbeitet wird und über den für die jeweilige Tätigkeit notwendigen aktuellen Wissensstand verfügt. Den Fortbildungsbedarf des sonstigen Personals ermitteln der Inhaber, soweit er für die Leitung des Betriebes verantwortlich ist, oder die für die Leitung und Beaufsichtigung des Betriebes verantwortlichen Personen. Soweit es zur Wahrung des Wohls der Allgemeinheit erforderlich ist, kann die zuständige Behörde anordnen, dass der Einarbeitungsplan schriftlich erstellt und ihr vorgelegt wird.</P></Content></text></textdaten></norm>
<norm builddate="20240809214517" doknr="BJNR404310013BJNG000300000"><metadaten><jurabk>AbfAEV</jurabk><gliederungseinheit><gliederungskennzahl>030</gliederungskennzahl><gliederungsbez>Abschnitt 3</gliederungsbez><gliederungstitel>Anzeige durch Sammler, Beförderer, Händler und Makler von Abfällen</gliederungstitel></gliederungseinheit></metadaten><textdaten/></norm>
<norm builddate="20240809214517" doknr="BJNR404310013BJNE000801116"><metadaten><jurabk>AbfAEV</jurabk><enbez>§ 7</enbez><titel format="XML">Anzeigeverfahren</titel></metadaten><textdaten><text format="XML"><Content><P>(1) Die Anzeige der Aufnahme der betrieblichen Tätigkeit durch Sammler, Beförderer, Händler und Makler von Abfällen nach § 53 Absatz 1 Satz 1 des Kreislaufwirtschaftsgesetzes ist bei der zuständigen Behörde zu erstatten; dabei ist der Vordruck nach Anlage 2 zu verwenden. Entsorgungsfachbetriebe, die nach § 54 Absatz 3 Nummer 2 des Kreislaufwirtschaftsgesetzes von der Erlaubnispflicht nach § 54 Absatz 1 Satz 1 des Kreislaufwirtschaftsgesetzes ausgenommen sind, haben der Anzeige das aktuell gültige Zertifikat nach § 56 Absatz 3 des Kreislaufwirtschaftsgesetzes beizufügen. Sammler, Beförderer, Händler und Makler von gefährlichen Abfällen, die einen Standort des Gemeinschaftssystems für das Umweltmanagement und die Umweltbetriebsprüfung (EMAS) betreiben, der nach § 32 Absatz 1 Satz 1 des Umweltauditgesetzes in der Fassung der Bekanntmachung vom 4. September 2002 (BGBl. I S. 3490), das zuletzt durch Artikel 2 Absatz 43 des Gesetzes vom 7. August 2013 (BGBl. I S. 3154) geändert worden ist, in der jeweils geltenden Fassung, in das EMAS-Register eingetragen ist, und die nach § 12 Absatz 1 Nummer 4 von der Erlaubnispflicht nach § 54 Absatz 1 Satz 1 des Kreislaufwirtschaftsgesetzes ausgenommen sind, haben der Anzeige die aktuell gültige Registrierungsurkunde beizufügen. Folgeregistrierungsurkunden sind der zuständigen Behörde unaufgefordert vorzulegen.</P><P>(2) Hat der Anzeigende seinen Hauptsitz nicht im Inland, ist diejenige Behörde des Landes zuständig, in dessen Bezirk das Sammeln, Befördern, Handeln oder Makeln von Abfällen erstmals vorgenommen wird.</P><P>(3) Nach Eingang der Anzeige überprüft die zuständige Behörde deren Vollständigkeit. Die zuständige Behörde vergibt eine Kennnummer entsprechend § 28 der Nachweisverordnung, soweit eine solche Kennnummer noch nicht zugewiesen wurde. Außerdem vergibt die zuständige Behörde jeweils eine nicht personenbezogene Vorgangsnummer. Das Nähere über die bundesweit einheitliche Vergabe der Kennnummern entsprechend § 28 der Nachweisverordnung und der Vorgangsnummern regeln die Länder durch Vereinbarung.</P><P>(4) Sofern die Anzeige unvollständig ist, fordert die zuständige Behörde den Anzeigenden unverzüglich nach Eingang der unvollständigen Anzeige auf, die Angaben zu ergänzen.</P><P>(5) Die Bestätigung des Eingangs der vollständigen Anzeige durch die zuständige Behörde erfolgt durch Übersendung des ausgefüllten und unterschriebenen Anzeigevordrucks nach Anlage 2 an den Anzeigenden.</P><P>(6) Im Rahmen des Anzeigeverfahrens von der zuständigen Behörde gespeicherte Daten sind unverzüglich zu löschen, wenn sie zur Durchführung des Anzeigeverfahrens nicht mehr erforderlich sind. § 14 bleibt unberührt.</P><P>(7) Ändern sich wesentliche Angaben, so ist die Anzeige erneut zu erstatten. Die Vorlage der Folgeregistrierungsurkunden nach Absatz 1 Satz 4 ist hiervon nicht betroffen.</P><P>(8) Soweit Hersteller oder Vertreiber auf Grund einer Rechtsverordnung nach § 25 des Kreislaufwirtschaftsgesetzes nicht gefährliche Abfälle als im Rahmen wirtschaftlicher Unternehmen tätige Sammler, Beförderer, Händler und Makler von Abfällen zurücknehmen, sind sie von der Anzeigepflicht ausgenommen.</P><P>(9) Sammler und Beförderer, die Abfälle im Rahmen wirtschaftlicher Unternehmen, aber nicht gewöhnlich und nicht regelmäßig sammeln oder befördern, sind von der Anzeigepflicht ausgenommen. Es ist anzunehmen, dass das Sammeln oder Befördern gewöhnlich und regelmäßig erfolgt, wenn die Summe der während eines Kalenderjahres gesammelten oder beförderten Abfallmengen bei nicht gefährlichen Abfällen 20 Tonnen oder bei gefährlichen Abfällen zwei Tonnen übersteigt.</P></Content></text><fussnoten/></textdaten></norm>
<norm builddate="20240809214517" doknr="BJNR404310013BJNE000901116"><metadaten><jurabk>AbfAEV</jurabk><enbez>§ 8</enbez><titel format="XML">Elektronisches Anzeigeverfahren</titel></metadaten><textdaten><text format="XML"><Content><P>(1) Zur elektronischen Erstattung der Anzeige stellen die Länder ein bundesweit einheitliches informationstechnisches System bereit, in dem <DL Type="arabic"><DT>1.</DT><DD Font="normal"><LA>der Vordruck nach Anlage 2 in elektronischer Form vorgehalten wird; das Feld „Unterschrift” im Vordruck nach Anlage 2 entfällt; und</LA></DD><DT>2.</DT><DD Font="normal"><LA>die Möglichkeit geschaffen wird <DL Type="alpha"><DT>a)</DT><DD Font="normal"><LA>für Entsorgungsfachbetriebe, der Anzeige das Zertifikat nach § 56 Absatz 3 des Kreislaufwirtschaftsgesetzes beizufügen und</LA></DD><DT>b)</DT><DD Font="normal"><LA>für Sammler, Beförderer, Händler und Makler von gefährlichen Abfällen, die einen EMAS-Standort betreiben, der Anzeige die Registrierungsurkunde beizufügen.</LA></DD></DL></LA></DD></DL>Die Länder sind befugt, Daten zu erheben, zu speichern und zu nutzen, die zur Durchführung des Anzeigeverfahrens erforderlich sind. Im Rahmen des elektronischen Anzeigeverfahrens von den Ländern gespeicherte Daten sind unverzüglich zu löschen, wenn sie zur Durchführung des Anzeigeverfahrens nicht mehr erforderlich sind. § 14 bleibt unberührt.</P><P>(2) Für das elektronische Anzeigeverfahren gilt § 7 Absatz 1 Satz 2 bis 4, Absatz 2 bis 5 und Absatz 7 entsprechend, § 7 Absatz 5 jedoch mit der Maßgabe, dass die Bestätigung des Eingangs der vollständigen elektronischen Anzeige durch die zuständige Behörde, sofern sie auf elektronischem Wege erfolgt, den Vorgaben an die elektronische Form nach § 3a Absatz 2 des Verwaltungsverfahrensgesetzes zu entsprechen hat.</P><P>(3) Die Länder stellen sicher, dass <DL Type="arabic"><DT>1.</DT><DD Font="normal"><LA>jederzeit Anzeigen nach Absatz 1 Satz 1 über das informationstechnische System erstattet werden können und</LA></DD><DT>2.</DT><DD Font="normal"><LA>nach den Artikeln 24, 25 und 32 der Verordnung (EU) 2016/679 des Europäischen Parlaments und des Rates vom 27. April 2016 zum Schutz natürlicher Personen bei der Verarbeitung personenbezogener Daten, zum freien Datenverkehr und zur Aufhebung der Richtlinie 95/46/EG (Datenschutz-Grundverordnung) (ABl. L 119 vom 4.5.2016, S. 1) entsprechende technische und organisatorische Sicherungsmaßnahmen ergriffen werden.</LA></DD></DL></P><P>(4) Das Nähere über die Einrichtung und die Nutzungsbedingungen des informationstechnischen Systems regeln die Länder durch Vereinbarung.</P></Content></text><fussnoten/></textdaten></norm>
<norm builddate="20240809214517" doknr="BJNR404310013BJNG000400000"><metadaten><jurabk>AbfAEV</jurabk><gliederungseinheit><gliederungskennzahl>040</gliederungskennzahl><gliederungsbez>Abschnitt 4</gliederungsbez><gliederungstitel>Erlaubnis für Sammler, Beförderer, Händler und Makler von gefährlichen Abfällen</gliederungstitel></gliederungseinheit></metadaten><textdaten/></norm>
<norm builddate="20240809214517" doknr="BJNR404310013BJNE001001116"><metadaten><jurabk>AbfAEV</jurabk><enbez>§ 9</enbez><titel format="XML">Antrag und beizufügende Unterlagen</titel></metadaten><textdaten><text format="XML"><Content><P>(1) Der Antrag auf Erteilung einer Erlaubnis zum Sammeln, Befördern, Handeln und Makeln von gefährlichen Abfällen nach § 54 Absatz 1 Satz 1 des Kreislaufwirtschaftsgesetzes ist schriftlich bei der zuständigen Behörde zu stellen; dabei ist der Vordruck nach Anlage 3 zu verwenden.</P><P>(2) Hat der Antragsteller seinen Hauptsitz nicht im Inland, ist diejenige Behörde des Landes zuständig, in dessen Bezirk das Sammeln, Befördern, Handeln oder Makeln von gefährlichen Abfällen erstmals vorgenommen wird.</P><P>(3) Dem Antrag sind folgende Unterlagen beizufügen: <DL Type="arabic"><DT>1.</DT><DD Font="normal"><LA>die Gewerbeanmeldung,</LA></DD><DT>2.</DT><DD Font="normal"><LA>ein Auszug aus dem Handels-, Vereins- oder Genossenschaftsregister, sofern eine Eintragung erfolgt ist,</LA></DD><DT>3.</DT><DD Font="normal"><LA>eine firmenbezogene Auskunft, Belegart 9, aus dem Gewerbezentralregister, sofern es sich bei dem Unternehmen um eine juristische Person oder Personenvereinigung handelt,</LA></DD><DT>4.</DT><DD Font="normal"><LA>eine personenbezogene Auskunft, Belegart 9, aus dem Gewerbezentralregister für <DL Type="alpha"><DT>a)</DT><DD Font="normal"><LA>den Inhaber und</LA></DD><DT>b)</DT><DD Font="normal"><LA>die für die Leitung und Beaufsichtigung des Betriebes verantwortlichen Personen, sofern solche vorhanden sind,</LA></DD></DL></LA></DD><DT>5.</DT><DD Font="normal"><LA>ein Führungszeugnis, Belegart OG, <DL Type="alpha"><DT>a)</DT><DD Font="normal"><LA>des Inhabers und</LA></DD><DT>b)</DT><DD Font="normal"><LA>der für die Leitung und Beaufsichtigung des Betriebes verantwortlichen Personen, sofern solche vorhanden sind,</LA></DD></DL></LA></DD><DT>6.</DT><DD Font="normal"><LA>ein Nachweis über die Fachkunde <DL Type="alpha"><DT>a)</DT><DD Font="normal"><LA>des Inhabers, soweit er für die Leitung des Betriebes verantwortlich ist, und</LA></DD><DT>b)</DT><DD Font="normal"><LA>der für die Leitung und Beaufsichtigung des Betriebes verantwortlichen Personen, sofern solche vorhanden sind,</LA></DD></DL></LA></DD><DT>7.</DT><DD Font="normal"><LA>der Nachweis einer Betriebshaftpflichtversicherung und einer auf die jeweilige Tätigkeit bezogenen Umwelthaftpflichtversicherung, sofern solche Versicherungen vorhanden sind, sowie</LA></DD><DT>8.</DT><DD Font="normal"><LA>der Nachweis der Kraftfahrzeug-Haftpflichtversicherung bei Sammlern und Beförderern von Abfällen, die gefährliche Abfälle auf öffentlichen Straßen befördern.</LA></DD></DL>Die Pflicht zur Beifügung von Unterlagen nach Satz 1 entfällt, wenn die jeweiligen Unterlagen auf Veranlassung des Antragstellers von einem Dritten an die zuständige Behörde übersendet werden.</P><P>(4) Die dem Antrag beizufügenden Unterlagen nach Absatz 3 Satz 1 Nummer 1, 2, 6, 7 und 8 können als Kopie eingereicht werden. Bestehen Zweifel an der Echtheit der eingereichten Unterlagen, kann die zuständige Behörde die Einreichung von Originalen verlangen.</P></Content></text><fussnoten/></textdaten></norm>
<norm builddate="20240809214517" doknr="BJNR404310013BJNE001100000"><metadaten><jurabk>AbfAEV</jurabk><enbez>§ 10</enbez><titel format="XML">Erlaubnisverfahren und -erteilung</titel></metadaten><textdaten><text format="XML"><Content><P>(1) Nach Eingang des Antrages überprüft die zuständige Behörde die Vollständigkeit des Antrages. Sie stellt dem Antragsteller im Falle der Vollständigkeit unverzüglich nach Eingang des Antrages gemäß § 71b Absatz 3 Satz 1 des Verwaltungsverfahrensgesetzes eine Empfangsbestätigung aus. Die Empfangsbestätigung hat den Vorgaben des § 71b Absatz 3 Satz 2 des Verwaltungsverfahrensgesetzes zu entsprechen und insoweit folgende Angaben zu enthalten: <DL Type="arabic"><DT>1.</DT><DD Font="normal"><LA>das Datum des Eingangs des vollständigen Antrages,</LA></DD><DT>2.</DT><DD Font="normal"><LA>einen Hinweis auf die Genehmigungsfiktion nach § 54 Absatz 6 Satz 2 des Kreislaufwirtschaftsgesetzes in Verbindung mit § 42a des Verwaltungsverfahrensgesetzes,</LA></DD><DT>3.</DT><DD Font="normal"><LA>das Datum des Beginns und des Endes der Frist für die Genehmigungsfiktion sowie</LA></DD><DT>4.</DT><DD Font="normal"><LA>einen Hinweis auf mögliche Rechtsbehelfe im Zusammenhang mit der Erlaubnis.</LA></DD></DL></P><P>(2) Sofern der Antrag unvollständig ist, teilt die zuständige Behörde dem Antragsteller nach § 71b Absatz 4 Satz 1 des Verwaltungsverfahrensgesetzes unverzüglich mit, welche Unterlagen nachzureichen sind. Nach § 71b Absatz 4 Satz 2 des Verwaltungsverfahrensgesetzes hat die Mitteilung nach Satz 1 den Hinweis zu enthalten, dass die Frist für die Genehmigungsfiktion nach § 54 Absatz 6 Satz 2 des Kreislaufwirtschaftsgesetzes in Verbindung mit § 42a des Verwaltungsverfahrensgesetzes erst mit Übersendung des vollständigen Antrages beginnt. Nach Übersendung des vollständigen Antrages ist Absatz 1 entsprechend anzuwenden mit der Maßgabe, dass nach § 71b Absatz 4 Satz 3 des Verwaltungsverfahrensgesetzes dem Antragsteller das Datum des Eingangs der nachgereichten Unterlagen mitzuteilen ist.</P><P>(3) Die Erlaubnis nach § 54 Absatz 1 Satz 1 des Kreislaufwirtschaftsgesetzes wird schriftlich unter Verwendung des Vordrucks nach Anlage 4 und unter Vergabe einer Kennnummer entsprechend § 28 der Nachweisverordnung, soweit eine solche Kennnummer noch nicht zugewiesen wurde, erteilt. Außerdem vergibt die zuständige Behörde jeweils eine nicht personenbezogene Vorgangsnummer. Das Nähere über die bundesweit einheitliche Vergabe der Kennnummern entsprechend § 28 der Nachweisverordnung und der Vorgangsnummern regeln die Länder durch Vereinbarung. Für die Bekanntgabe der Erlaubnis gilt § 71b Absatz 6 des Verwaltungsverfahrensgesetzes.</P><P>(4) Im Rahmen des Erlaubnisverfahrens von der zuständigen Behörde gespeicherte Daten sind unverzüglich zu löschen, wenn sie zur Durchführung des Erlaubnisverfahrens nicht mehr erforderlich sind. § 14 bleibt unberührt.</P><P>(5) Für die Erteilung von Auskünften gilt § 71c Absatz 2 des Verwaltungsverfahrensgesetzes.</P><P>(6) Ändern sich wesentliche Umstände, die der Erlaubnis zu Grunde liegen, so ist insoweit eine neue Erlaubnis erforderlich. Ändern sich die im Antrag angegebenen mit der Leitung und Beaufsichtigung des Betriebes beauftragten Personen, so ist dies der zuständigen Behörde anzuzeigen.</P><P>(7) Erfolgt die Verfahrensabwicklung gemäß § 54 Absatz 6 Satz 1 des Kreislaufwirtschaftsgesetzes über die einheitliche Stelle, gelten zusätzlich zu den Absätzen 1 bis 6 § 71b Absatz 1, 2 und 5, § 71c Absatz 1 und § 71d des Verwaltungsverfahrensgesetzes.</P><P>(8) Absatz 1 Satz 2 und 3 sowie Absatz 2 Satz 2 und 3 finden keine Anwendung, sofern der Antragsteller nicht Staatsangehöriger eines Mitgliedstaates der Europäischen Union oder eines anderen Vertragsstaates des Abkommens über den Europäischen Wirtschaftsraum ist oder als juristische Person in einem dieser Staaten seinen Sitz hat.</P></Content></text></textdaten></norm>
<norm builddate="20240809214517" doknr="BJNR404310013BJNE001201116"><metadaten><jurabk>AbfAEV</jurabk><enbez>§ 11</enbez><titel format="XML">Elektronisches Verfahren zur Erlaubniserteilung</titel></metadaten><textdaten><text format="XML"><Content><P>(1) Zur elektronischen Stellung des Erlaubnisantrages stellen die Länder ein bundesweit einheitliches informationstechnisches System bereit, in dem <DL Type="arabic"><DT>1.</DT><DD Font="normal"><LA>der Vordruck nach Anlage 3 in elektronischer Form vorgehalten wird und</LA></DD><DT>2.</DT><DD Font="normal"><LA>für den Antragsteller die Möglichkeit geschaffen wird, die Unterlagen nach § 9 Absatz 3 Satz 1 beizufügen.</LA></DD></DL>Die Länder sind befugt, Daten zu erheben, zu speichern und zu nutzen, die zur Durchführung des Erlaubnisverfahrens erforderlich sind. Im Rahmen des Erlaubnisverfahrens von den Ländern gespeicherte Daten sind unverzüglich zu löschen, wenn sie zur Durchführung des Erlaubnisverfahrens nicht mehr erforderlich sind. § 14 bleibt unberührt.</P><P>(2) Der Erlaubnisantrag hat den Vorgaben an die elektronische Form nach § 3a Absatz 2 des Verwaltungsverfahrensgesetzes zu entsprechen. Für das elektronische Erlaubnisverfahren gelten § 9 Absatz 2 bis 4 sowie § 10 Absatz 1 bis 3 und Absatz 5 bis 8 entsprechend, § 10 Absatz 3 Satz 1 jedoch mit der Maßgabe, dass die Entscheidung über die Erlaubniserteilung, sofern sie auf elektronischem Wege erfolgt, den Vorgaben an die elektronische Form nach § 3a Absatz 2 des Verwaltungsverfahrensgesetzes zu entsprechen hat. § 71e des Verwaltungsverfahrensgesetzes bleibt unberührt.</P><P>(3) Die Länder stellen sicher, dass <DL Type="arabic"><DT>1.</DT><DD Font="normal"><LA>jederzeit Erlaubnisse nach Absatz 1 Satz 1 über das informationstechnische System beantragt werden können und</LA></DD><DT>2.</DT><DD Font="normal"><LA>nach den Artikeln 24, 25 und 32 der Verordnung (EU) 2016/679 entsprechende organisatorische und technische Sicherungsmaßnahmen ergriffen werden.</LA></DD></DL></P><P>(4) Das Nähere über die Einrichtung und Nutzung des informationstechnischen Systems regeln die Länder durch Vereinbarung.</P></Content></text><fussnoten/></textdaten></norm>
<norm builddate="20240809214517" doknr="BJNR404310013BJNE001301116"><metadaten><jurabk>AbfAEV</jurabk><enbez>§ 12</enbez><titel format="XML">Ausnahmen von der Erlaubnispflicht</titel></metadaten><textdaten><text format="XML"><Content><P>(1) Ungeachtet des § 54 Absatz 3 des Kreislaufwirtschaftsgesetzes, des § 2 Absatz 2 Satz 1 des Verpackungsgesetzes, des § 2 Absatz 3 Satz 1 des Elektro- und Elektronikgerätegesetzes und des § 1 Absatz 3 Satz 1 des Batteriegesetzes sind von der Erlaubnispflicht nach § 54 Absatz 1 Satz 1 des Kreislaufwirtschaftsgesetzes auch ausgenommen: <DL Type="arabic"><DT>1.</DT><DD Font="normal"><LA>Sammler, Beförderer, Händler und Makler von gefährlichen Abfällen, die im Rahmen wirtschaftlicher Unternehmen tätig sind,</LA></DD><DT>2.</DT><DD Font="normal"><LA>Sammler, Beförderer, Händler und Makler von gefährlichen Abfällen, die solche Abfälle sammeln, befördern, mit diesen handeln oder diese makeln, die von einem Hersteller oder Vertreiber freiwillig oder auf Grund einer Rechtsverordnung zurückgenommen werden,</LA></DD><DT>3.</DT><DD Font="normal"><LA>Sammler, Beförderer, Händler und Makler von gefährlichen Abfällen, die Altfahrzeuge im Rahmen ihrer Überlassung nach § 4 Absatz 1 bis 3 der Altfahrzeug-Verordnung in der Fassung der Bekanntmachung vom 21. Juni 2002 (BGBl. I S. 2214), die zuletzt durch Artikel 3 der Verordnung vom 5. Dezember 2013 (BGBl. I S. 4043) geändert worden ist, in der jeweils geltenden Fassung, sammeln, befördern, mit diesen handeln oder diese makeln,</LA></DD><DT>4.</DT><DD Font="normal"><LA>Sammler, Beförderer, Händler und Makler von gefährlichen Abfällen, die einen EMAS-Standort betreiben und bei denen der EMAS-registrierte Tätigkeitsbereich in Klasse 38.12 (Sammlung gefährlicher Abfälle), Klasse 38.22 (Behandlung und Beseitigung gefährlicher Abfälle) oder Klasse 46.77 (Großhandel mit Altmaterialien und Reststoffen) des Anhangs I der Verordnung (EG) Nr. 1893/2006 des Europäischen Parlaments und des Rates vom 20. Dezember 2006 zur Aufstellung der statistischen Systematik der Wirtschaftszweige NACE Revision 2 und zur Änderung der Verordnung (EWG) Nr. 3037/90 des Rates sowie einiger Verordnungen der EG über bestimmte Bereiche der Statistik (ABl. L 393 vom 30.12.2006, S. 1), die durch die Verordnung (EG) Nr. 295/2008 (ABl. L 97 vom 9.4.2008, S. 13) geändert worden ist, in der jeweils geltenden Fassung, eingeordnet ist, wobei die Ausnahme jeweils nur für den Tätigkeitsbereich gilt, für den die EMAS-Registrierung vorliegt,</LA></DD><DT>5.</DT><DD Font="normal"><LA>Sammler und Beförderer von gefährlichen Abfällen, die Abfälle mit Seeschiffen sammeln oder befördern, sowie</LA></DD><DT>6.</DT><DD Font="normal"><LA>Sammler und Beförderer von gefährlichen Abfällen, die Abfälle im Rahmen von Paket-, Express- und Kurierdiensten sammeln oder befördern, soweit diese in ihren Beförderungsbedingungen Rechtsvorschriften berücksichtigen, die aus Gründen der Sicherheit im Zusammenhang mit der Beförderung gefährlicher Güter erlassen sind.</LA></DD></DL></P><P>(2) Soweit es zur Wahrung des Wohls der Allgemeinheit erforderlich ist, kann die zuständige Behörde abweichend von Absatz 1 die Durchführung eines Erlaubnisverfahrens nach § 54 des Kreislaufwirtschaftsgesetzes anordnen.</P></Content></text><fussnoten/></textdaten></norm>
<norm builddate="20240809214517" doknr="BJNR404310013BJNG000500000"><metadaten><jurabk>AbfAEV</jurabk><gliederungseinheit><gliederungskennzahl>050</gliederungskennzahl><gliederungsbez>Abschnitt 5</gliederungsbez><gliederungstitel>Gemeinsame Vorschriften</gliederungstitel></gliederungseinheit></metadaten><textdaten/></norm>
<norm builddate="20240809214517" doknr="BJNR404310013BJNE001402125"><metadaten><jurabk>AbfAEV</jurabk><enbez>§ 13</enbez><titel format="XML">Mitführungspflicht</titel></metadaten><textdaten><text format="XML"><Content><P>(1) Soweit die Tätigkeit anzeigepflichtig ist, haben Sammler und Beförderer von Abfällen bei Ausübung ihrer Tätigkeit eine Kopie und im Falle einer elektronischen Anzeige einen Ausdruck der von der Behörde bestätigten Anzeige mitzuführen. Sofern die Behörde die Anzeige noch nicht bestätigt hat, ist dies von dem Anzeigenden auf der Kopie oder dem Ausdruck der Anzeige zu vermerken. In diesem Fall ist die mit dem Vermerk versehene Kopie oder der mit dem Vermerk versehene Ausdruck der Anzeige mitzuführen. Als Entsorgungsfachbetriebe zertifizierte Sammler und Beförderer von gefährlichen Abfällen, die nach § 54 Absatz 3 Nummer 2 von der Erlaubnispflicht nach § 54 Absatz 1 Satz 1 des Kreislaufwirtschaftsgesetzes ausgenommen sind, haben das aktuell gültige Zertifikat nach § 56 Absatz 3 des Kreislaufwirtschaftsgesetzes elektronisch oder als Ausdruck mitzuführen. Sammler und Beförderer von gefährlichen Abfällen, die einen EMAS-Standort betreiben und nach § 12 Absatz 1 Nummer 4 von der Erlaubnispflicht nach § 54 Absatz 1 Satz 1 des Kreislaufwirtschaftsgesetzes ausgenommen sind, haben zudem eine Kopie der aktuell gültigen Registrierungsurkunde mitzuführen.</P><P>(2) Soweit die Tätigkeit erlaubnispflichtig ist, haben Sammler und Beförderer von gefährlichen Abfällen eine Kopie oder einen Ausdruck der Erlaubnis mitzuführen. Die Mitführungspflicht gilt auch bei der Beförderung von nicht gefährlichen Abfällen. Im Falle des Eintritts der Genehmigungsfiktion nach § 54 Absatz 6 Satz 2 des Kreislaufwirtschaftsgesetzes in Verbindung mit § 42a des Verwaltungsverfahrensgesetzes ist eine Kopie des Antrags nach § 9 Absatz 1 oder ein Ausdruck des Antrags nach § 11 Absatz 1 und sofern die Behörde eine Bestätigung nach § 10 Absatz 1 Satz 2, auch in Verbindung mit § 11 Absatz 2 Satz 2, ausgestellt hat, auch diese als Kopie oder Ausdruck mitzuführen.</P><P>(3) Die Pflicht, Unterlagen nach den Absätzen 1 und 2 mitzuführen, entfällt, wenn Abfälle mittels schienengebundener Fahrzeuge gesammelt oder befördert werden.</P><P>(4) Die Pflicht, Unterlagen nach Absatz 1 mitzuführen, entfällt für den Landwirt, der Gülle von seinem landwirtschaftlichen Betrieb zu einer Biogasanlage befördert.</P></Content></text><fussnoten/></textdaten></norm>
<norm builddate="20240809214517" doknr="BJNR404310013BJNE001500000"><metadaten><jurabk>AbfAEV</jurabk><enbez>§ 13a</enbez><titel format="XML">Ausnahmen von der Kennzeichnungspflicht</titel></metadaten><textdaten><text format="XML"><Content><P>Die zuständige Behörde kann Sammler und Beförderer von der Pflicht nach § 55 Absatz 1 des Kreislaufwirtschaftsgesetzes und § 10 Absatz 1 des Abfallverbringungsgesetzes, Fahrzeuge vor Antritt der Fahrt mit Warntafeln zu versehen, ganz oder teilweise freistellen, wenn <DL Type="arabic"><DT>1.</DT><DD Font="normal"><LA>eine Anbringung der Warntafeln technisch nicht möglich ist oder</LA></DD><DT>2.</DT><DD Font="normal"><LA>eine Kennzeichnung aus Gründen des Wohls der Allgemeinheit nicht erforderlich ist.</LA></DD></DL>Die zuständige Behörde kann eine andere geeignete Kennzeichnung der Fahrzeuge verlangen.</P></Content></text></textdaten></norm>
<norm builddate="20240809214517" doknr="BJNR404310013BJNE001600000"><metadaten><jurabk>AbfAEV</jurabk><enbez>§ 14</enbez><titel format="XML">Behördenregister</titel></metadaten><textdaten><text format="XML"><Content><P>(1) Die Länder führen ein bundesweit einheitliches elektronisches Register über die nach § 53 Absatz 1 Satz 1 des Kreislaufwirtschaftsgesetzes angezeigten Tätigkeiten und die nach § 54 Absatz 1 Satz 1 des Kreislaufwirtschaftsgesetzes erteilten Erlaubnisse für Sammler, Beförderer, Händler und Makler von Abfällen. Das Nähere über die Einrichtung und Führung des Registers regeln die Länder durch Vereinbarung.</P><P>(2) Die Länder sind befugt, Daten nach Absatz 1 zu erheben, zu speichern und zu nutzen, soweit dies zur Registerführung erforderlich ist. Im Register gespeicherte Daten sind unverzüglich zu löschen, wenn sie zur Registerführung nicht mehr erforderlich sind.</P></Content></text></textdaten></norm>
<norm builddate="20240809214517" doknr="BJNR404310013BJNE001701116"><metadaten><jurabk>AbfAEV</jurabk><enbez>§ 15</enbez><titel format="XML">Ordnungswidrigkeiten</titel></metadaten><textdaten><text format="XML"><Content><P>Ordnungswidrig im Sinne des § 69 Absatz 2 Nummer 15 des Kreislaufwirtschaftsgesetzes handelt, wer vorsätzlich oder fahrlässig <DL Type="arabic"><DT>1.</DT><DD Font="normal"><LA>einer vollziehbaren Anordnung nach § 4 Absatz 5 zuwiderhandelt oder</LA></DD><DT>2.</DT><DD Font="normal"><LA>entgegen § 13 Absatz 1 Satz 1, 3, 4 oder 5 oder Absatz 2 eine dort genannte Kopie oder einen dort genannten Ausdruck nicht mitführt.</LA></DD></DL></P></Content></text><fussnoten/></textdaten></norm>
<norm builddate="20240809214517" doknr="BJNR404310013BJNE001800000"><metadaten><jurabk>AbfAEV</jurabk><enbez>§ 16</enbez><titel format="XML">Übergangsvorschriften</titel></metadaten><textdaten><text format="XML"><Content><P>(1) Am 1. Juni 2014 bereits begonnene Verfahren zur Erstattung einer Anzeige nach § 53 Absatz 1 Satz 1 des Kreislaufwirtschaftsgesetzes oder auf Erteilung einer Erlaubnis nach § 54 Absatz 1 Satz 1 des Kreislaufwirtschaftsgesetzes sind nach den Vorschriften dieser Verordnung zu Ende zu führen. Die Verfahren können ohne Verwendung der in den Anlagen 2 und 3 enthaltenen Vordrucke durchgeführt werden.</P><P>(2) Sammler, Beförderer, Händler und Makler von Abfällen, die gewerbsmäßig tätig sind, und bei denen der Inhaber, soweit er für die Leitung des Betriebes verantwortlich ist, oder die für die Leitung und Beaufsichtigung des Betriebes verantwortlichen Personen zum 1. Juni 2014 die Anforderungen an die Fachkunde nach § 4 Absatz 1 bis 3 nicht erfüllen, haben sicherzustellen, dass die betroffenen Personen bis zum 31. Dezember 2014 an einem oder mehreren von der zuständigen Behörde anerkannten Lehrgängen, in denen Kenntnisse entsprechend der Anlage 1 vermittelt werden, teilnehmen und die Teilnahme der zuständigen Behörde nachzuweisen.</P><P>(3) Bis zum 30. September 2014 gestellte Anträge von Händlern und Maklern von gefährlichen Abfällen auf Erteilung einer Erlaubnis nach § 54 Absatz 1 Satz 1 des Kreislaufwirtschaftsgesetzes, darf die zuständige Behörde nicht deshalb ablehnen, weil der Inhaber, soweit er für die Leitung des Betriebes verantwortlich ist, oder die für die Leitung und Beaufsichtigung des Betriebes verantwortlichen Personen nicht an den nach § 5 Absatz 1 Satz 1 Nummer 2 erforderlichen Lehrgängen teilgenommen haben. Die zuständige Behörde hat die Erlaubnis in diesem Fall unter der auflösenden Bedingung zu erteilen, dass die betroffenen Personen bis zu einem von der Behörde festgelegten Zeitpunkt an den entsprechenden Lehrgängen teilgenommen haben müssen.</P><P>(4) Bis zum 31. Mai 2014 besuchte Lehrgänge nach § 3 Absatz 1 Satz 2 Nummer 2 der Beförderungserlaubnisverordnung vom 10. September 1996 (BGBl. I S. 1411; 1997 I S. 2861) in der bis zum 1. Juni 2014 geltenden Fassung kann die Behörde als Lehrgänge im Sinne des § 4 Absatz 3 Satz 1 oder des § 5 Absatz 1 Satz 1 Nummer 2 gelten lassen.</P><P>(5) Die behördliche Anerkennung eines Lehrgangs nach § 3 Absatz 1 Satz 2 Nummer 2 der Beförderungserlaubnisverordnung vom 10. September 1996 (BGBl. I S. 1411; 1997 I S. 2861) in der bis zum 1. Juni 2014 geltenden Fassung gilt als Anerkennung eines Lehrgangs nach § 5 Absatz 1 Satz 1 Nummer 2 fort, sofern der Lehrgangsträger die Lehrgangsinhalte an die in der Anlage 1 genannten Inhalte anpasst und bis zum 30. September 2014 der zuständigen Behörde das überarbeitete Lehrgangsprogramm vorlegt.</P></Content></text></textdaten></norm>
<norm builddate="20240809214517" doknr="BJNR404310013BJNE002000000"><metadaten><jurabk>AbfAEV</jurabk><enbez>Anlage 1</enbez><titel format="XML">(zu § 4 Absatz 3 Satz 1 und Absatz 5, § 5 Absatz 1 Satz 1 Nummer 2 und Absatz 3 Satz 2 sowie zu § 16 Absatz 2 und 5)<BR/>Lehrgangsinhalte</titel></metadaten><textdaten><text format="XML"><Content><P><noindex><kommentar typ="Fundstelle">(Fundstelle: BGBl. I 2013, 4050)</kommentar><P/></noindex></P><BR/><P>Die Lehrgänge sollen Grundkenntnisse über folgende Bereiche vermitteln: <DL Font="normal" Type="arabic"><DT>1.</DT><DD Font="normal"><LA Size="normal">das Kreislaufwirtschaftsgesetz, insbesondere <DL Font="normal" Type="alpha"><DT>a)</DT><DD Font="normal"><LA Size="normal">den Anwendungsbereich,</LA></DD><DT>b)</DT><DD Font="normal"><LA Size="normal">die wichtigsten Begriffsbestimmungen,</LA></DD><DT>c)</DT><DD Font="normal"><LA Size="normal">die Abfallhierarchie,</LA></DD><DT>d)</DT><DD Font="normal"><LA Size="normal">die Grundpflichten (Vermeiden, Verwerten, Beseitigen),</LA></DD><DT>e)</DT><DD Font="normal"><LA Size="normal">die Getrennthaltungspflichten und Vermischungsverbote,</LA></DD><DT>f)</DT><DD Font="normal"><LA Size="normal">das Verhältnis des Abfallrechts zum Immissionsschutzrecht,</LA></DD><DT>g)</DT><DD Font="normal"><LA Size="normal">das Verhältnis des Abfallrechts zum Chemikalienrecht,</LA></DD><DT>h)</DT><DD Font="normal"><LA Size="normal">die Überlassungspflichten,</LA></DD><DT>i)</DT><DD Font="normal"><LA Size="normal">das Anzeigeverfahren für gemeinnützige und gewerbliche Sammlungen,</LA></DD><DT>j)</DT><DD Font="normal"><LA Size="normal">die Beauftragung Dritter,</LA></DD><DT>k)</DT><DD Font="normal"><LA Size="normal">die Register- und Nachweispflichten,</LA></DD><DT>l)</DT><DD Font="normal"><LA Size="normal">das Anzeige- und Erlaubnisverfahren für Sammler, Beförderer, Händler und Makler von Abfällen,</LA></DD><DT>m)</DT><DD Font="normal"><LA Size="normal">die Kennzeichnung von Fahrzeugen und</LA></DD><DT>n)</DT><DD Font="normal"><LA Size="normal">die Bußgeldvorschriften,</LA></DD></DL></LA></DD><DT>2.</DT><DD Font="normal"><LA Size="normal">die auf Grund des Kreislaufwirtschaftsgesetzes ergangenen Rechtsverordnungen, insbesondere <DL Font="normal" Type="alpha"><DT>a)</DT><DD Font="normal"><LA Size="normal">diese Verordnung,</LA></DD><DT>b)</DT><DD Font="normal"><LA Size="normal">die Nachweisverordnung,</LA></DD><DT>c)</DT><DD Font="normal"><LA Size="normal">die Entsorgungsfachbetriebeverordnung und</LA></DD><DT>d)</DT><DD Font="normal"><LA Size="normal">die Abfallverzeichnis-Verordnung,</LA></DD></DL></LA></DD><DT>3.</DT><DD Font="normal"><LA Size="normal">das Recht der Abfallverbringung,</LA></DD><DT>4.</DT><DD Font="normal"><LA Size="normal">Art und Beschaffenheit von gefährlichen Abfällen,</LA></DD><DT>5.</DT><DD Font="normal"><LA Size="normal">schädliche Umwelteinwirkungen und sonstige Gefahren, erhebliche Nachteile und erhebliche Belästigungen, die von Abfällen ausgehen können, und Maßnahmen zu ihrer Verhinderung oder Beseitigung,</LA></DD><DT>6.</DT><DD Font="normal"><LA Size="normal">sonstige Vorschriften des Umweltrechts, die im Zusammenhang mit der Sammlung, der Beförderung, dem Handeln oder dem Makeln von Abfällen von Bedeutung sind,</LA></DD><DT>7.</DT><DD Font="normal"><LA Size="normal">Bezüge zum Güterkraftverkehrs- und Gefahrgutrecht sowie</LA></DD><DT>8.</DT><DD Font="normal"><LA Size="normal">Vorschriften der betrieblichen Haftung.</LA></DD></DL></P></Content></text></textdaten></norm>
<norm builddate="20240809214517" doknr="BJNR404310013BJNE002100000"><metadaten><jurabk>AbfAEV</jurabk><enbez>Anlage 2</enbez><titel format="XML">(zu § 7 Absatz 1 Satz 1 und Absatz 5, § 8 Absatz 1 Satz 1 Nummer 1 und § 16 Absatz 1 Satz 2)<BR/>Vordruck für die Anzeige</titel></metadaten><textdaten><text format="XML"><Content><P><noindex><kommentar typ="Fundstelle">(Fundstelle: BGBl. I 2013, 4051 - 4054)</kommentar><P/></noindex></P><BR/><P><FILE PREVIEW="bgbl1_2013_j4043-1_0010_thumb.gif" SRC="bgbl1_2013_j4043-1_0010.pdf" Type="pdf" title="PDF-Dokument wird in eigenem Fenster angezeigt"/></P><P><FILE PREVIEW="bgbl1_2013_j4043-1_0020_thumb.gif" SRC="bgbl1_2013_j4043-1_0020.pdf" Type="pdf" title="PDF-Dokument wird in eigenem Fenster angezeigt"/></P><P><FILE PREVIEW="bgbl1_2013_j4043-1_0030_thumb.gif" SRC="bgbl1_2013_j4043-1_0030.pdf" Type="pdf" title="PDF-Dokument wird in eigenem Fenster angezeigt"/></P><P><FILE PREVIEW="bgbl1_2013_j4043-1_0040_thumb.gif" SRC="bgbl1_2013_j4043-1_0040.pdf" Type="pdf" title="PDF-Dokument wird in eigenem Fenster angezeigt"/></P></Content></text></textdaten></norm>
<norm builddate="20240809214517" doknr="BJNR404310013BJNE002200000"><metadaten><jurabk>AbfAEV</jurabk><enbez>Anlage 3</enbez><titel format="XML">(zu § 9 Absatz 1, § 11 Absatz 1 Satz 1 Nummer 1 und § 16 Absatz 1 Satz 2)<BR/>Vordruck für den Antrag auf Erlaubnis</titel></metadaten><textdaten><text format="XML"><Content><P><noindex><kommentar typ="Fundstelle">(Fundstelle: BGBl. I 2013, 4055 - 4057)</kommentar><P/></noindex></P><BR/><P><FILE PREVIEW="bgbl1_2013_j4043-1_0050_thumb.gif" SRC="bgbl1_2013_j4043-1_0050.pdf" Type="pdf" title="PDF-Dokument wird in eigenem Fenster angezeigt"/></P><P><FILE PREVIEW="bgbl1_2013_j4043-1_0060_thumb.gif" SRC="bgbl1_2013_j4043-1_0060.pdf" Type="pdf" title="PDF-Dokument wird in eigenem Fenster angezeigt"/></P><P><FILE PREVIEW="bgbl1_2013_j4043-1_0070_thumb.gif" SRC="bgbl1_2013_j4043-1_0070.pdf" Type="pdf" title="PDF-Dokument wird in eigenem Fenster angezeigt"/></P></Content></text></textdaten></norm>
<norm builddate="20240809214517" doknr="BJNR404310013BJNE002300000"><metadaten><jurabk>AbfAEV</jurabk><enbez>Anlage 4</enbez><titel format="XML">(zu § 10 Absatz 3 Satz 1)<BR/>Vordruck für die Erlaubnis</titel></metadaten><textdaten><text format="XML"><Content><P><noindex><kommentar typ="Fundstelle">(Fundstelle: BGBl. I 2013, 4058 - 4059)</kommentar><P/></noindex></P><BR/><P><FILE PREVIEW="bgbl1_2013_j4043-1_0080_thumb.gif" SRC="bgbl1_2013_j4043-1_0080.pdf" Type="pdf" title="PDF-Dokument wird in eigenem Fenster angezeigt"/></P><P><FILE PREVIEW="bgbl1_2013_j4043-1_0090_thumb.gif" SRC="bgbl1_2013_j4043-1_0090.pdf" Type="pdf" title="PDF-Dokument wird in eigenem Fenster angezeigt"/></P></Content></text></textdaten></norm>
</dokumente>