<?xml version="1.0" encoding="UTF-8" ?><!DOCTYPE dokumente SYSTEM "http://www.gesetze-im-internet.de/dtd/1.01/gii-norm.dtd">
<dokumente builddate="20241231222432" doknr="BJNR16D0A0024"><norm builddate="20241231222432" doknr="BJNR16D0A0024"><metadaten><jurabk>SVBezGrV 2025</jurabk><ausfertigung-datum manuell="ja">2024-11-25</ausfertigung-datum><fundstelle typ="amtlich"><periodikum>BGBl. I</periodikum><zitstelle>2024, Nr. 365</zitstelle></fundstelle><kurzue>Sozialversicherungsrechengrößen-Verordnung 2025</kurzue><langue>Verordnung über maßgebende Rechengrößen der Sozialversicherung für 2025</langue></metadaten><textdaten><fussnoten><Content><P><BR/> <pre xml:space="preserve">(+++ Textnachweis ab: 1.1.2025 +++)<BR/><BR/></pre></P></Content></fussnoten></textdaten></norm>
<norm builddate="20241231222432" doknr="BJNR16D0A0024BJNE000100000"><metadaten><jurabk>SVBezGrV 2025</jurabk><enbez>Eingangsformel</enbez></metadaten><textdaten><text format="XML"><Content><P>Auf Grund <DL Type="Dash"><DT>–</DT><DD Font="normal"><LA>des § 69 Absatz 2 in Verbindung mit § 68 Absatz 2 Satz 1 und § 228b sowie des § 160 Nummer 2 in Verbindung mit § 159 und § 68 Absatz 2 Satz 1 des Sechsten Buches Sozialgesetzbuch, von denen § 69 Absatz 2 zuletzt durch Artikel 3 Nummer 2 des Gesetzes vom 24. Oktober 2024 (BGBl. 2024 I Nr. 329), § 68 Absatz 2 und § 159 zuletzt durch Artikel 5 Nummer 1 Buchstabe b und Nummer 4 des Gesetzes vom 2. Dezember 2006 (BGBl. I S. 2742) sowie § 228b zuletzt durch Artikel 1 Nummer 11 des Gesetzes vom 17. Juli 2017 (BGBl. I S. 2575) geändert worden sind,</LA></DD><DT>–</DT><DD Font="normal"><LA>des § 6 Absatz 6 und 7 des Fünften Buches Sozialgesetzbuch, dessen Absatz 7 durch Artikel 1 Nummer 1 Buchstabe c des Gesetzes vom 23. Dezember 2002 (BGBl. I S. 4637) eingefügt und dessen Absatz 6 durch Artikel 4 des Gesetzes vom 2. Dezember 2006 (BGBl. I S. 2742) geändert worden ist,</LA></DD></DL>verordnet die Bundesregierung und auf Grund <DL Type="Dash"><DT>–</DT><DD Font="normal"><LA>des § 17 Absatz 2 Satz 1 in Verbindung mit § 18 des Vierten Buches Sozialgesetzbuch, dessen § 18 durch Artikel 3 Nummer 4 des Gesetzes vom 17. Juli 2017 (BGBl. I S. 2575) geändert worden ist,</LA></DD></DL>verordnet das Bundesministerium für Arbeit und Soziales:</P></Content></text></textdaten></norm>
<norm builddate="20241231222432" doknr="BJNR16D0A0024BJNE000200000"><metadaten><jurabk>SVBezGrV 2025</jurabk><enbez>§ 1</enbez><titel format="XML">Bezugsgröße in der Sozialversicherung</titel></metadaten><textdaten><text format="XML"><Content><P>Die Bezugsgröße nach § 18 Absatz 1 des Vierten Buches Sozialgesetzbuch für das Jahr 2025 beträgt 44 940 Euro. Umgerechnet auf den Monat ergeben sich 3 745 Euro.</P></Content></text></textdaten></norm>
<norm builddate="20241231222432" doknr="BJNR16D0A0024BJNE000300000"><metadaten><jurabk>SVBezGrV 2025</jurabk><enbez>§ 2</enbez><titel format="XML">Jahresarbeitsentgeltgrenzen in der Krankenversicherung</titel></metadaten><textdaten><text format="XML"><Content><P>(1) Die Jahresarbeitsentgeltgrenze nach § 6 Absatz 6 des Fünften Buches Sozialgesetzbuch wird für das Jahr 2025 auf 73 800 Euro festgesetzt. Umgerechnet auf den Monat ergeben sich 6 150 Euro.</P><P>(2) Die Jahresarbeitsentgeltgrenze nach § 6 Absatz 7 des Fünften Buches Sozialgesetzbuch wird für das Jahr 2025 auf 66 150 Euro festgesetzt. Umgerechnet auf den Monat ergeben sich 5 512,50 Euro.</P></Content></text></textdaten></norm>
<norm builddate="20241231222432" doknr="BJNR16D0A0024BJNE000400000"><metadaten><jurabk>SVBezGrV 2025</jurabk><enbez>§ 3</enbez><titel format="XML">Durchschnittsentgelte in der Rentenversicherung</titel></metadaten><textdaten><text format="XML"><Content><P>(1) Das Durchschnittsentgelt nach § 69 Absatz 2 Satz 1 Nummer 1 des Sechsten Buches Sozialgesetzbuch für das Jahr 2023 beträgt 44 732 Euro.</P><P>(2) Das vorläufige Durchschnittsentgelt nach § 69 Absatz 2 Satz 1 Nummer 2 des Sechsten Buches Sozialgesetzbuch für das Jahr 2025 beträgt 50 493 Euro.</P><P>(3) Anlage 1 zum Sechsten Buch Sozialgesetzbuch wird entsprechend ergänzt.</P></Content></text></textdaten></norm>
<norm builddate="20241231222432" doknr="BJNR16D0A0024BJNE000500000"><metadaten><jurabk>SVBezGrV 2025</jurabk><enbez>§ 4</enbez><titel format="XML">Beitragsbemessungsgrenzen in der Rentenversicherung</titel></metadaten><textdaten><text format="XML"><Content><P>(1) Die Beitragsbemessungsgrenze nach § 159 des Sechsten Buches Sozialgesetzbuch wird für das Jahr 2025 wie folgt festgesetzt: <DL Type="arabic"><DT>1.</DT><DD Font="normal"><LA>in der allgemeinen Rentenversicherung auf 96 600 Euro jährlich; umgerechnet auf den Monat ergeben sich 8 050 Euro, und</LA></DD><DT>2.</DT><DD Font="normal"><LA>in der knappschaftlichen Rentenversicherung auf 118 800 Euro jährlich; umgerechnet auf den Monat ergeben sich 9 900 Euro.</LA></DD></DL></P><P>(2) Anlage 2 zum Sechsten Buch Sozialgesetzbuch wird um den Zeitraum „1.1.2025 – 31.12.2025“ und um die jeweiligen Jahresbeträge ergänzt.</P></Content></text></textdaten></norm>
<norm builddate="20241231222432" doknr="BJNR16D0A0024BJNE000600000"><metadaten><jurabk>SVBezGrV 2025</jurabk><enbez>§ 5</enbez><titel format="XML">Inkrafttreten</titel></metadaten><textdaten><text format="XML"><Content><P>Diese Verordnung tritt am 1. Januar 2025 in Kraft.</P></Content></text></textdaten></norm>
<norm builddate="20241231222432" doknr="BJNR16D0A0024BJNE000700000"><metadaten><jurabk>SVBezGrV 2025</jurabk><enbez>Schlussformel</enbez></metadaten><textdaten><text format="XML"><Content><P>Der Bundesrat hat zugestimmt.</P></Content></text></textdaten></norm>
</dokumente>