<?xml version="1.0" encoding="UTF-8" ?><!DOCTYPE dokumente SYSTEM "http://www.gesetze-im-internet.de/dtd/1.01/gii-norm.dtd">
<dokumente builddate="20131202132457" doknr="BJNR003090986"><norm builddate="20131202132457" doknr="BJNR003090986"><metadaten><jurabk>FluLärmAhlhV</jurabk><ausfertigung-datum manuell="ja">1986-02-20</ausfertigung-datum><fundstelle typ="amtlich"><periodikum>BGBl I</periodikum><zitstelle>1986, 309</zitstelle></fundstelle><langue>Verordnung über die Festsetzung des Lärmschutzbereichs für den
militärischen Flugplatz Ahlhorn</langue></metadaten><textdaten><text format="XML"><Content><P/></Content></text><fussnoten><Content><P>(+++ Textnachweis ab: 28.2.1986 +++)</P></Content></fussnoten></textdaten></norm>
<norm builddate="20131202132457" doknr="BJNR003090986BJNE000100327"><metadaten><jurabk>FluLärmAhlhV</jurabk><enbez>Eingangsformel</enbez></metadaten><textdaten><text format="XML"><Content><P>Auf Grund des § 4 Abs. 1 des Gesetzes zum Schutz gegen Fluglärm vom 30. März 1971 (BGBl. I S. 282) wird im Einvernehmen mit dem Bundesminister der Verteidigung und mit Zustimmung des Bundesrates verordnet:</P></Content></text></textdaten></norm>
<norm builddate="20131202132457" doknr="BJNR003090986BJNE000200327"><metadaten><jurabk>FluLärmAhlhV</jurabk><enbez>§ 1</enbez></metadaten><textdaten><text format="XML"><Content><P>Zum Schutz der Allgemeinheit vor Gefahren, erheblichen Nachteilen und erheblichen Belästigungen durch Fluglärm in der Umgebung des militärischen Flugplatzes Ahlhorn wird der in § 2 bestimmte Lärmschutzbereich festgesetzt.</P></Content></text></textdaten></norm>
<norm builddate="20131202132457" doknr="BJNR003090986BJNE000300327"><metadaten><jurabk>FluLärmAhlhV</jurabk><enbez>§ 2</enbez></metadaten><textdaten><text format="XML"><Content><P>Der Lärmschutzbereich mit seinen zwei Schutzzonen wird nach Anlage 1 bestimmt durch die interpolierten Verbindungslinien zwischen den Kurvenpunkten, soweit diese Linien außerhalb des Flugplatzgeländes verlaufen.</P></Content></text></textdaten></norm>
<norm builddate="20131202132457" doknr="BJNR003090986BJNE000400327"><metadaten><jurabk>FluLärmAhlhV</jurabk><enbez>§ 3</enbez></metadaten><textdaten><text format="XML"><Content><P>Liegt eine bauliche Anlage zu einem Teil im Lärmschutzbereich, so gilt sie als ganz im Lärmschutzbereich gelegen. Liegt eine bauliche Anlage zu einem Teil in der Schutzzone 1, so gilt sie als ganz in dieser Schutzzone gelegen.</P></Content></text></textdaten></norm>
<norm builddate="20131202132457" doknr="BJNR003090986BJNE000500327"><metadaten><jurabk>FluLärmAhlhV</jurabk><enbez>§ 4</enbez></metadaten><textdaten><text format="XML"><Content><P>Der nach § 2 bestimmte Lärmschutzbereich ist in einer topographischen Karte im Maßstab 1:50.000 und in Karten im Maßstab 1:5.000 dargestellt. Die topographische Karte ist als Anlage 2 dieser Verordnung beigefügt. Die Karten im Maßstab 1:5.000 werden beim Ordnungsamt des Landkreises Oldenburg, Gerichtsstraße 7, 2900 Oldenburg, zu jedermanns Einsicht archivmäßig gesichert niedergelegt.</P></Content></text></textdaten></norm>
<norm builddate="20131202132457" doknr="BJNR003090986BJNE000600327"><metadaten><jurabk>FluLärmAhlhV</jurabk><enbez>§ 5</enbez></metadaten><textdaten><text format="XML"><Content><P>Diese Verordnung tritt am Tag nach der Verkündung in Kraft.</P></Content></text></textdaten></norm>
<norm builddate="20131202132457" doknr="BJNR003090986BJNE000700327"><metadaten><jurabk>FluLärmAhlhV</jurabk><enbez>Schlußformel</enbez></metadaten><textdaten><text format="XML"><Content><P><SP>Der Bundesminister des Innern</SP></P></Content></text></textdaten></norm>
<norm builddate="20131202132457" doknr="BJNR003090986BJNE000800327"><metadaten><jurabk>FluLärmAhlhV</jurabk><enbez>Anlage 1</enbez><titel format="parat">(zu § 2 der Verordnung über die Festsetzung des Lärmschutzbereichs
für den militärischen Flugplatz Ahlhorn)</titel></metadaten><textdaten><text format="XML"><Content><P><ABWFORMAT typ="A"/><kommentar typ="Fundstelle">(Fundstelle des Originaltextes: BGBl. I 1986, 310 - 312)</kommentar><BR/><table frame="none" tocentry="%yes;"><tgroup align="center" char="" charoff="50" cols="9" colsep="0" rowsep="0"><colspec colname="col1" colnum="1" colwidth="35"/><colspec colname="col2" colnum="2" colwidth="95"/><colspec colname="col3" colnum="3" colwidth="95"/><colspec colname="col4" colnum="4" colwidth="35"/><colspec colname="col5" colnum="5" colwidth="95"/><colspec colname="col6" colnum="6" colwidth="95"/><colspec colname="col7" colnum="7" colwidth="37"/><colspec colname="col8" colnum="8" colwidth="95"/><colspec colname="col9" colnum="9" colwidth="95"/><tbody valign="top"><row><entry VJ="1" align="center" nameend="col9" namest="col1"><B>Lärmschutzbereich</B></entry></row><row><entry VJ="1" nameend="col9" namest="col1"> </entry></row><row><entry VJ="1"> </entry><entry VJ="1" align="left" nameend="col3" namest="col2">Koordinatensystem:</entry><entry VJ="1" align="left" nameend="col9" namest="col4">Gauß-Krüger</entry></row><row><entry VJ="1"> </entry><entry VJ="1" align="left" nameend="col3" namest="col2">Interpolation:</entry><entry VJ="1" align="left" nameend="col9" namest="col4">Polynom 3. Grades mit stetigem Tangentenübergang</entry></row><row><entry VJ="1" align="left" nameend="col9" namest="col1"> </entry></row><row><entry VJ="1" align="left" nameend="col9" namest="col1">Kurvenpunkte der Schutzzone 1 (Militärischer Flugplatz Ahlhorn)</entry></row><row><entry VJ="1" align="left" nameend="col9" namest="col1"> </entry></row><row><entry VJ="1">Nr.</entry><entry VJ="1">Y (Rechts)</entry><entry VJ="1">X (Hoch)</entry><entry VJ="1">Nr.</entry><entry VJ="1">Y (Rechts)</entry><entry VJ="1">X (Hoch)</entry><entry VJ="1">Nr.</entry><entry VJ="1">Y (Rechts)</entry><entry VJ="1">X (Hoch)</entry></row><row><entry VJ="1" align="center" nameend="col9" namest="col1"> </entry></row><row><entry VJ="1">1</entry><entry VJ="1">3446413.9</entry><entry VJ="1">5862227.2</entry><entry VJ="1">51</entry><entry VJ="1">3450361.5</entry><entry VJ="1">5862066.2</entry><entry VJ="1">101</entry><entry VJ="1">3446955.4</entry><entry VJ="1">5861726.9</entry></row><row><entry VJ="1">2</entry><entry VJ="1">3446477.4</entry><entry VJ="1">5862261.8</entry><entry VJ="1">52</entry><entry VJ="1">3450352.3</entry><entry VJ="1">5862053.6</entry><entry VJ="1">102</entry><entry VJ="1">3446843.3</entry><entry VJ="1">5861733.3</entry></row><row><entry VJ="1">3</entry><entry VJ="1">3446527.2</entry><entry VJ="1">5862284.6</entry><entry VJ="1">53</entry><entry VJ="1">3450342.2</entry><entry VJ="1">5862041.5</entry><entry VJ="1">103</entry><entry VJ="1">3446759.9</entry><entry VJ="1">5861730.4</entry></row><row><entry VJ="1">4</entry><entry VJ="1">3446563.7</entry><entry VJ="1">5862299.1</entry><entry VJ="1">54</entry><entry VJ="1">3450331.5</entry><entry VJ="1">5862029.6</entry><entry VJ="1">104</entry><entry VJ="1">3446676.6</entry><entry VJ="1">5861725.4</entry></row><row><entry VJ="1">5</entry><entry VJ="1">3446640.4</entry><entry VJ="1">5862322.6</entry><entry VJ="1">55</entry><entry VJ="1">3450315.6</entry><entry VJ="1">5862013.0</entry><entry VJ="1">105</entry><entry VJ="1">3446630.2</entry><entry VJ="1">5861723.6</entry></row><row><entry VJ="1">6</entry><entry VJ="1">3446718.7</entry><entry VJ="1">5862339.9</entry><entry VJ="1">56</entry><entry VJ="1">3450299.2</entry><entry VJ="1">5861996.9</entry><entry VJ="1">106</entry><entry VJ="1">3446583.8</entry><entry VJ="1">5861724.2</entry></row><row><entry VJ="1">7</entry><entry VJ="1">3446811.1</entry><entry VJ="1">5862356.7</entry><entry VJ="1">57</entry><entry VJ="1">3450282.1</entry><entry VJ="1">5861981.4</entry><entry VJ="1">107</entry><entry VJ="1">3446537.5</entry><entry VJ="1">5861728.5</entry></row><row><entry VJ="1">8</entry><entry VJ="1">3446903.2</entry><entry VJ="1">5862374.7</entry><entry VJ="1">58</entry><entry VJ="1">3450264.3</entry><entry VJ="1">5861966.8</entry><entry VJ="1">108</entry><entry VJ="1">3446501.1</entry><entry VJ="1">5861736.4</entry></row><row><entry VJ="1">9</entry><entry VJ="1">3447032.2</entry><entry VJ="1">5862401.0</entry><entry VJ="1">59</entry><entry VJ="1">3450247.5</entry><entry VJ="1">5861954.6</entry><entry VJ="1">109</entry><entry VJ="1">3446483.3</entry><entry VJ="1">5861741.6</entry></row><row><entry VJ="1">10</entry><entry VJ="1">3447190.9</entry><entry VJ="1">5862419.2</entry><entry VJ="1">60</entry><entry VJ="1">3450230.4</entry><entry VJ="1">5861942.9</entry><entry VJ="1">110</entry><entry VJ="1">3446465.8</entry><entry VJ="1">5861748.0</entry></row><row><entry VJ="1"> </entry><entry VJ="1"> </entry><entry VJ="1"> </entry><entry VJ="1"> </entry><entry VJ="1"> </entry><entry VJ="1"> </entry><entry VJ="1"> </entry><entry VJ="1"> </entry><entry VJ="1"> </entry></row><row><entry VJ="1">11</entry><entry VJ="1">3447271.4</entry><entry VJ="1">5862424.4</entry><entry VJ="1">61</entry><entry VJ="1">3450214.4</entry><entry VJ="1">5861933.6</entry><entry VJ="1">111</entry><entry VJ="1">3446432.5</entry><entry VJ="1">5861764.8</entry></row><row><entry VJ="1">12</entry><entry VJ="1">3447351.9</entry><entry VJ="1">5862424.3</entry><entry VJ="1">62</entry><entry VJ="1">3450198.3</entry><entry VJ="1">5861925.0</entry><entry VJ="1">112</entry><entry VJ="1">3446402.3</entry><entry VJ="1">5861786.6</entry></row><row><entry VJ="1">13</entry><entry VJ="1">3447422.8</entry><entry VJ="1">5862418.8</entry><entry VJ="1">63</entry><entry VJ="1">3450165.7</entry><entry VJ="1">5861909.8</entry><entry VJ="1">113</entry><entry VJ="1">3446381.7</entry><entry VJ="1">5861805.6</entry></row><row><entry VJ="1">14</entry><entry VJ="1">3447494.1</entry><entry VJ="1">5862413.2</entry><entry VJ="1">64</entry><entry VJ="1">3450132.4</entry><entry VJ="1">5861896.8</entry><entry VJ="1">114</entry><entry VJ="1">3446362.6</entry><entry VJ="1">5861826.2</entry></row><row><entry VJ="1">15</entry><entry VJ="1">3447573.7</entry><entry VJ="1">5862407.4</entry><entry VJ="1">65</entry><entry VJ="1">3450062.3</entry><entry VJ="1">5861874.8</entry><entry VJ="1">115</entry><entry VJ="1">3446327.8</entry><entry VJ="1">5861870.1</entry></row><row><entry VJ="1">16</entry><entry VJ="1">3447653.8</entry><entry VJ="1">5862401.9</entry><entry VJ="1">66</entry><entry VJ="1">3449991.5</entry><entry VJ="1">5861855.0</entry><entry VJ="1">116</entry><entry VJ="1">3446295.5</entry><entry VJ="1">5861915.0</entry></row><row><entry VJ="1">17</entry><entry VJ="1">3447791.7</entry><entry VJ="1">5862393.6</entry><entry VJ="1">67</entry><entry VJ="1">3449941.5</entry><entry VJ="1">5861837.9</entry><entry VJ="1">117</entry><entry VJ="1">3446263.9</entry><entry VJ="1">5861960.4</entry></row><row><entry VJ="1">18</entry><entry VJ="1">3447929.6</entry><entry VJ="1">5862386.3</entry><entry VJ="1">68</entry><entry VJ="1">3449853.3</entry><entry VJ="1">5861804.9</entry><entry VJ="1">118</entry><entry VJ="1">3446248.2</entry><entry VJ="1">5861984.5</entry></row><row><entry VJ="1">19</entry><entry VJ="1">3448067.5</entry><entry VJ="1">5862378.3</entry><entry VJ="1">69</entry><entry VJ="1">3449775.0</entry><entry VJ="1">5861774.8</entry><entry VJ="1">119</entry><entry VJ="1">3446234.2</entry><entry VJ="1">5862009.7</entry></row><row><entry VJ="1">20</entry><entry VJ="1">3448205.5</entry><entry VJ="1">5862373.6</entry><entry VJ="1">70</entry><entry VJ="1">3449734.5</entry><entry VJ="1">5861763.4</entry><entry VJ="1">120</entry><entry VJ="1">3446228.5</entry><entry VJ="1">5862023.3</entry></row><row><entry VJ="1"> </entry><entry VJ="1"> </entry><entry VJ="1"> </entry><entry VJ="1"> </entry><entry VJ="1"> </entry><entry VJ="1"> </entry><entry VJ="1"> </entry><entry VJ="1"> </entry><entry VJ="1"> </entry></row><row><entry VJ="1">21</entry><entry VJ="1">3448343.6</entry><entry VJ="1">5862370.2</entry><entry VJ="1">71</entry><entry VJ="1">3449696.7</entry><entry VJ="1">5861744.6</entry><entry VJ="1">121</entry><entry VJ="1">3446224.6</entry><entry VJ="1">5862037.2</entry></row><row><entry VJ="1">22</entry><entry VJ="1">3448481.9</entry><entry VJ="1">5862374.7</entry><entry VJ="1">72</entry><entry VJ="1">3449658.5</entry><entry VJ="1">5861738.2</entry><entry VJ="1">122</entry><entry VJ="1">3446223.1</entry><entry VJ="1">5862051.5</entry></row><row><entry VJ="1">23</entry><entry VJ="1">3448627.4</entry><entry VJ="1">5862383.4</entry><entry VJ="1">73</entry><entry VJ="1">3449620.0</entry><entry VJ="1">5861732.7</entry><entry VJ="1">123</entry><entry VJ="1">3446224.7</entry><entry VJ="1">5862066.4</entry></row><row><entry VJ="1">24</entry><entry VJ="1">3448772.8</entry><entry VJ="1">5862394.0</entry><entry VJ="1">74</entry><entry VJ="1">3449581.4</entry><entry VJ="1">5861728.6</entry><entry VJ="1">124</entry><entry VJ="1">3446230.0</entry><entry VJ="1">5862081.9</entry></row><row><entry VJ="1">25</entry><entry VJ="1">3448918.0</entry><entry VJ="1">5862405.7</entry><entry VJ="1">75</entry><entry VJ="1">3449542.7</entry><entry VJ="1">5861725.1</entry><entry VJ="1">125</entry><entry VJ="1">3446237.9</entry><entry VJ="1">5862095.7</entry></row><row><entry VJ="1">26</entry><entry VJ="1">3449063.2</entry><entry VJ="1">5862418.2</entry><entry VJ="1">76</entry><entry VJ="1">3449477.9</entry><entry VJ="1">5861726.5</entry><entry VJ="1">126</entry><entry VJ="1">3446247.7</entry><entry VJ="1">5862108.3</entry></row><row><entry VJ="1">27</entry><entry VJ="1">3449209.8</entry><entry VJ="1">5862433.1</entry><entry VJ="1">77</entry><entry VJ="1">3449413.5</entry><entry VJ="1">5861734.5</entry><entry VJ="1">127</entry><entry VJ="1">3446258.8</entry><entry VJ="1">5862120.1</entry></row><row><entry VJ="1">28</entry><entry VJ="1">3449299.9</entry><entry VJ="1">5862443.2</entry><entry VJ="1">78</entry><entry VJ="1">3449352.1</entry><entry VJ="1">5861746.2</entry><entry VJ="1">128</entry><entry VJ="1">3446282.5</entry><entry VJ="1">5862141.2</entry></row><row><entry VJ="1">29</entry><entry VJ="1">3449353.0</entry><entry VJ="1">5862449.6</entry><entry VJ="1">79</entry><entry VJ="1">3449281.6</entry><entry VJ="1">5861752.9</entry><entry VJ="1">129</entry><entry VJ="1">3446307.8</entry><entry VJ="1">5862160.4</entry></row><row><entry VJ="1">30</entry><entry VJ="1">3449425.3</entry><entry VJ="1">5862458.8</entry><entry VJ="1">80</entry><entry VJ="1">3449190.6</entry><entry VJ="1">5861760.2</entry><entry VJ="1">130</entry><entry VJ="1">3446339.5</entry><entry VJ="1">5862182.2</entry></row><row><entry VJ="1"> </entry><entry VJ="1"> </entry><entry VJ="1"> </entry><entry VJ="1"> </entry><entry VJ="1"> </entry><entry VJ="1"> </entry><entry VJ="1"> </entry><entry VJ="1"> </entry><entry VJ="1"> </entry></row><row><entry VJ="1">31</entry><entry VJ="1">3449497.8</entry><entry VJ="1">5862466.3</entry><entry VJ="1">81</entry><entry VJ="1">3449104.2</entry><entry VJ="1">5861766.4</entry><entry VJ="1">131</entry><entry VJ="1">3446371.7</entry><entry VJ="1">5862202.5</entry></row><row><entry VJ="1">32</entry><entry VJ="1">3449538.7</entry><entry VJ="1">5862465.5</entry><entry VJ="1">82</entry><entry VJ="1">3448955.6</entry><entry VJ="1">5861774.9</entry><entry VJ="1">132</entry><entry VJ="1">3446413.9</entry><entry VJ="1">5862227.2</entry></row><row><entry VJ="1">33</entry><entry VJ="1">3449579.4</entry><entry VJ="1">5862461.8</entry><entry VJ="1">83</entry><entry VJ="1">3448807.0</entry><entry VJ="1">5861781.9</entry><entry VJ="1"> </entry><entry VJ="1"> </entry><entry VJ="1"> </entry></row><row><entry VJ="1">34</entry><entry VJ="1">3449659.8</entry><entry VJ="1">5862447.6</entry><entry VJ="1">84</entry><entry VJ="1">3448658.3</entry><entry VJ="1">5861787.1</entry><entry VJ="1"> </entry><entry VJ="1"> </entry><entry VJ="1"> </entry></row><row><entry VJ="1">35</entry><entry VJ="1">3449736.2</entry><entry VJ="1">5862427.7</entry><entry VJ="1">85</entry><entry VJ="1">3448509.5</entry><entry VJ="1">5861790.1</entry><entry VJ="1"> </entry><entry VJ="1"> </entry><entry VJ="1"> </entry></row><row><entry VJ="1">36</entry><entry VJ="1">3449809.8</entry><entry VJ="1">5862399.4</entry><entry VJ="1">86</entry><entry VJ="1">3448360.5</entry><entry VJ="1">5861786.6</entry><entry VJ="1"> </entry><entry VJ="1"> </entry><entry VJ="1"> </entry></row><row><entry VJ="1">37</entry><entry VJ="1">3449878.5</entry><entry VJ="1">5862368.0</entry><entry VJ="1">87</entry><entry VJ="1">3448219.5</entry><entry VJ="1">5861775.4</entry><entry VJ="1"> </entry><entry VJ="1"> </entry><entry VJ="1"> </entry></row><row><entry VJ="1">38</entry><entry VJ="1">3449947.5</entry><entry VJ="1">5862336.4</entry><entry VJ="1">88</entry><entry VJ="1">3448078.3</entry><entry VJ="1">5861766.2</entry><entry VJ="1"> </entry><entry VJ="1"> </entry><entry VJ="1"> </entry></row><row><entry VJ="1">39</entry><entry VJ="1">3450022.6</entry><entry VJ="1">5862305.2</entry><entry VJ="1">89</entry><entry VJ="1">3447998.0</entry><entry VJ="1">5861755.1</entry><entry VJ="1"> </entry><entry VJ="1"> </entry><entry VJ="1"> </entry></row><row><entry VJ="1">40</entry><entry VJ="1">3450098.5</entry><entry VJ="1">5862274.7</entry><entry VJ="1">90</entry><entry VJ="1">3447917.0</entry><entry VJ="1">5861751.6</entry><entry VJ="1"> </entry><entry VJ="1"> </entry><entry VJ="1"> </entry></row><row><entry VJ="1"> </entry><entry VJ="1"> </entry><entry VJ="1"> </entry><entry VJ="1"> </entry><entry VJ="1"> </entry><entry VJ="1"> </entry><entry VJ="1"> </entry><entry VJ="1"> </entry><entry VJ="1"> </entry></row><row><entry VJ="1">41</entry><entry VJ="1">3450163.7</entry><entry VJ="1">5862246.5</entry><entry VJ="1">91</entry><entry VJ="1">3447819.0</entry><entry VJ="1">5861749.7</entry><entry VJ="1"> </entry><entry VJ="1"> </entry><entry VJ="1"> </entry></row><row><entry VJ="1">42</entry><entry VJ="1">3450227.3</entry><entry VJ="1">5862215.1</entry><entry VJ="1">92</entry><entry VJ="1">3447736.8</entry><entry VJ="1">5861746.5</entry><entry VJ="1"> </entry><entry VJ="1"> </entry><entry VJ="1"> </entry></row><row><entry VJ="1">43</entry><entry VJ="1">3450266.4</entry><entry VJ="1">5862193.6</entry><entry VJ="1">93</entry><entry VJ="1">3447654.6</entry><entry VJ="1">5861742.5</entry><entry VJ="1"> </entry><entry VJ="1"> </entry><entry VJ="1"> </entry></row><row><entry VJ="1">44</entry><entry VJ="1">3450305.3</entry><entry VJ="1">5862171.7</entry><entry VJ="1">94</entry><entry VJ="1">3447565.7</entry><entry VJ="1">5861737.2</entry><entry VJ="1"> </entry><entry VJ="1"> </entry><entry VJ="1"> </entry></row><row><entry VJ="1">45</entry><entry VJ="1">3450324.6</entry><entry VJ="1">5862159.8</entry><entry VJ="1">95</entry><entry VJ="1">3447513.4</entry><entry VJ="1">5861733.6</entry><entry VJ="1"> </entry><entry VJ="1"> </entry><entry VJ="1"> </entry></row><row><entry VJ="1">46</entry><entry VJ="1">3450343.0</entry><entry VJ="1">5862146.9</entry><entry VJ="1">96</entry><entry VJ="1">3447442.7</entry><entry VJ="1">5861728.3</entry><entry VJ="1"> </entry><entry VJ="1"> </entry><entry VJ="1"> </entry></row><row><entry VJ="1">47</entry><entry VJ="1">3450359.6</entry><entry VJ="1">5862132.0</entry><entry VJ="1">97</entry><entry VJ="1">3447372.7</entry><entry VJ="1">5861717.2</entry><entry VJ="1"> </entry><entry VJ="1"> </entry><entry VJ="1"> </entry></row><row><entry VJ="1">48</entry><entry VJ="1">3450372.0</entry><entry VJ="1">5862112.4</entry><entry VJ="1">98</entry><entry VJ="1">3447303.0</entry><entry VJ="1">5861713.0</entry><entry VJ="1"> </entry><entry VJ="1"> </entry><entry VJ="1"> </entry></row><row><entry VJ="1">49</entry><entry VJ="1">3450373.7</entry><entry VJ="1">5862094.3</entry><entry VJ="1">99</entry><entry VJ="1">3447233.5</entry><entry VJ="1">5861718.9</entry><entry VJ="1"> </entry><entry VJ="1"> </entry><entry VJ="1"> </entry></row><row><entry VJ="1">50</entry><entry VJ="1">3450369.1</entry><entry VJ="1">5862079.5</entry><entry VJ="1">100</entry><entry VJ="1">3447094.1</entry><entry VJ="1">5861718.5</entry><entry VJ="1"> </entry><entry VJ="1"> </entry><entry VJ="1"> </entry></row><row><entry VJ="1"> </entry><entry VJ="1"> </entry><entry VJ="1"> </entry><entry VJ="1"> </entry><entry VJ="1"> </entry><entry VJ="1"> </entry><entry VJ="1"> </entry><entry VJ="1"> </entry><entry VJ="1"> </entry></row><row><entry VJ="1" align="left" nameend="col9" namest="col1">Kurvenpunkte der Schutzzone 2 (Militärischer Flugplatz Ahlhorn)</entry></row><row><entry VJ="1"> </entry><entry VJ="1"> </entry><entry VJ="1"> </entry><entry VJ="1"> </entry><entry VJ="1"> </entry><entry VJ="1"> </entry><entry VJ="1"> </entry><entry VJ="1"> </entry><entry VJ="1"> </entry></row><row><entry VJ="1" align="left">Nr.</entry><entry VJ="1">Y (Rechts)</entry><entry VJ="1">X (Hoch)</entry><entry VJ="1" align="left">Nr.</entry><entry VJ="1">Y (Rechts)</entry><entry VJ="1">X (Hoch)</entry><entry VJ="1" align="left">Nr.</entry><entry VJ="1">Y (Rechts)</entry><entry VJ="1">X (Hoch)</entry></row><row><entry VJ="1"> </entry><entry VJ="1"> </entry><entry VJ="1"> </entry><entry VJ="1"> </entry><entry VJ="1"> </entry><entry VJ="1"> </entry><entry VJ="1"> </entry><entry VJ="1"> </entry><entry VJ="1"> </entry></row><row><entry VJ="1">1</entry><entry VJ="1">3445420.7</entry><entry VJ="1">5862683.5</entry><entry VJ="1">61</entry><entry VJ="1">3449732.4</entry><entry VJ="1">5862931.0</entry><entry VJ="1">121</entry><entry VJ="1">3451286.1</entry><entry VJ="1">5861601.2</entry></row><row><entry VJ="1">2</entry><entry VJ="1">3445452.0</entry><entry VJ="1">5862710.0</entry><entry VJ="1">62</entry><entry VJ="1">3449802.0</entry><entry VJ="1">5862925.5</entry><entry VJ="1">122</entry><entry VJ="1">3451269.7</entry><entry VJ="1">5861567.2</entry></row><row><entry VJ="1">3</entry><entry VJ="1">3445484.2</entry><entry VJ="1">5862735.5</entry><entry VJ="1">63</entry><entry VJ="1">3449871.6</entry><entry VJ="1">5862919.4</entry><entry VJ="1">123</entry><entry VJ="1">3451241.0</entry><entry VJ="1">5861489.1</entry></row><row><entry VJ="1">4</entry><entry VJ="1">3445548.9</entry><entry VJ="1">5862786.0</entry><entry VJ="1">64</entry><entry VJ="1">3449969.6</entry><entry VJ="1">5862912.1</entry><entry VJ="1">124</entry><entry VJ="1">3451218.3</entry><entry VJ="1">5861409.1</entry></row><row><entry VJ="1">5</entry><entry VJ="1">3445614.2</entry><entry VJ="1">5862845.3</entry><entry VJ="1">65</entry><entry VJ="1">3450107.7</entry><entry VJ="1">5862903.9</entry><entry VJ="1">125</entry><entry VJ="1">3451197.2</entry><entry VJ="1">5861325.5</entry></row><row><entry VJ="1">6</entry><entry VJ="1">3445643.2</entry><entry VJ="1">5862878.7</entry><entry VJ="1">66</entry><entry VJ="1">3450219.7</entry><entry VJ="1">5862901.6</entry><entry VJ="1">126</entry><entry VJ="1">3451175.3</entry><entry VJ="1">5861242.0</entry></row><row><entry VJ="1">7</entry><entry VJ="1">3445669.9</entry><entry VJ="1">5862913.9</entry><entry VJ="1">67</entry><entry VJ="1">3450284.1</entry><entry VJ="1">5862895.8</entry><entry VJ="1">127</entry><entry VJ="1">3451148.8</entry><entry VJ="1">5861167.2</entry></row><row><entry VJ="1">8</entry><entry VJ="1">3445724.9</entry><entry VJ="1">5862988.6</entry><entry VJ="1">68</entry><entry VJ="1">3450354.1</entry><entry VJ="1">5862880.8</entry><entry VJ="1">128</entry><entry VJ="1">3451132.0</entry><entry VJ="1">5861131.2</entry></row><row><entry VJ="1">9</entry><entry VJ="1">3445786.3</entry><entry VJ="1">5863058.0</entry><entry VJ="1">69</entry><entry VJ="1">3450428.6</entry><entry VJ="1">5862878.6</entry><entry VJ="1">129</entry><entry VJ="1">3451111.8</entry><entry VJ="1">5861097.0</entry></row><row><entry VJ="1">10</entry><entry VJ="1">3445815.5</entry><entry VJ="1">5863086.2</entry><entry VJ="1">70</entry><entry VJ="1">3450475.5</entry><entry VJ="1">5862884.7</entry><entry VJ="1">130</entry><entry VJ="1">3451091.2</entry><entry VJ="1">5861066.7</entry></row><row><entry VJ="1"> </entry><entry VJ="1"> </entry><entry VJ="1"> </entry><entry VJ="1"> </entry><entry VJ="1"> </entry><entry VJ="1"> </entry><entry VJ="1"> </entry><entry VJ="1"> </entry><entry VJ="1"> </entry></row><row><entry VJ="1">11</entry><entry VJ="1">3445830.8</entry><entry VJ="1">5863099.6</entry><entry VJ="1">71</entry><entry VJ="1">3450522.5</entry><entry VJ="1">5862891.0</entry><entry VJ="1">131</entry><entry VJ="1">3451068.6</entry><entry VJ="1">5861037.8</entry></row><row><entry VJ="1">12</entry><entry VJ="1">3445846.2</entry><entry VJ="1">5863111.8</entry><entry VJ="1">72</entry><entry VJ="1">3450616.8</entry><entry VJ="1">5862900.3</entry><entry VJ="1">132</entry><entry VJ="1">3451043.7</entry><entry VJ="1">5861010.8</entry></row><row><entry VJ="1">13</entry><entry VJ="1">3445856.7</entry><entry VJ="1">5863119.1</entry><entry VJ="1">73</entry><entry VJ="1">3450701.1</entry><entry VJ="1">5862898.0</entry><entry VJ="1">133</entry><entry VJ="1">3451016.2</entry><entry VJ="1">5860986.5</entry></row><row><entry VJ="1">14</entry><entry VJ="1">3445866.9</entry><entry VJ="1">5863126.3</entry><entry VJ="1">74</entry><entry VJ="1">3450742.5</entry><entry VJ="1">5862889.7</entry><entry VJ="1">134</entry><entry VJ="1">3450999.9</entry><entry VJ="1">5860974.7</entry></row><row><entry VJ="1">15</entry><entry VJ="1">3445892.1</entry><entry VJ="1">5863138.0</entry><entry VJ="1">75</entry><entry VJ="1">3450762.7</entry><entry VJ="1">5862883.2</entry><entry VJ="1">135</entry><entry VJ="1">3450982.9</entry><entry VJ="1">5860964.1</entry></row><row><entry VJ="1">16</entry><entry VJ="1">3445917.8</entry><entry VJ="1">5863149.4</entry><entry VJ="1">76</entry><entry VJ="1">3450782.2</entry><entry VJ="1">5862875.0</entry><entry VJ="1">136</entry><entry VJ="1">3450965.0</entry><entry VJ="1">5860954.9</entry></row><row><entry VJ="1">17</entry><entry VJ="1">3445956.4</entry><entry VJ="1">5863160.1</entry><entry VJ="1">77</entry><entry VJ="1">3450800.5</entry><entry VJ="1">5862865.5</entry><entry VJ="1">137</entry><entry VJ="1">3450946.3</entry><entry VJ="1">5860947.2</entry></row><row><entry VJ="1">18</entry><entry VJ="1">3445976.2</entry><entry VJ="1">5863162.7</entry><entry VJ="1">78</entry><entry VJ="1">3450817.9</entry><entry VJ="1">5862854.8</entry><entry VJ="1">138</entry><entry VJ="1">3450927.1</entry><entry VJ="1">5860941.3</entry></row><row><entry VJ="1">19</entry><entry VJ="1">3445996.2</entry><entry VJ="1">5863163.3</entry><entry VJ="1">79</entry><entry VJ="1">3450834.6</entry><entry VJ="1">5862843.0</entry><entry VJ="1">139</entry><entry VJ="1">3450907.4</entry><entry VJ="1">5860937.0</entry></row><row><entry VJ="1">20</entry><entry VJ="1">3446016.2</entry><entry VJ="1">5863162.3</entry><entry VJ="1">80</entry><entry VJ="1">3450850.7</entry><entry VJ="1">5862830.2</entry><entry VJ="1">140</entry><entry VJ="1">3450887.5</entry><entry VJ="1">5860934.5</entry></row><row><entry VJ="1"> </entry><entry VJ="1"> </entry><entry VJ="1"> </entry><entry VJ="1"> </entry><entry VJ="1"> </entry><entry VJ="1"> </entry><entry VJ="1"> </entry><entry VJ="1"> </entry><entry VJ="1"> </entry></row><row><entry VJ="1">21</entry><entry VJ="1">3446036.0</entry><entry VJ="1">5863159.6</entry><entry VJ="1">81</entry><entry VJ="1">3450881.2</entry><entry VJ="1">5862803.0</entry><entry VJ="1">141</entry><entry VJ="1">3450867.4</entry><entry VJ="1">5860933.4</entry></row><row><entry VJ="1">22</entry><entry VJ="1">3446055.4</entry><entry VJ="1">5863155.5</entry><entry VJ="1">82</entry><entry VJ="1">3450910.2</entry><entry VJ="1">5862774.1</entry><entry VJ="1">142</entry><entry VJ="1">3450839.9</entry><entry VJ="1">5860934.4</entry></row><row><entry VJ="1">23</entry><entry VJ="1">3446074.8</entry><entry VJ="1">5863150.1</entry><entry VJ="1">83</entry><entry VJ="1">3450968.4</entry><entry VJ="1">5862712.3</entry><entry VJ="1">143</entry><entry VJ="1">3450812.9</entry><entry VJ="1">5860937.8</entry></row><row><entry VJ="1">24</entry><entry VJ="1">3446096.0</entry><entry VJ="1">5863142.7</entry><entry VJ="1">84</entry><entry VJ="1">3451027.3</entry><entry VJ="1">5862651.1</entry><entry VJ="1">144</entry><entry VJ="1">3450786.2</entry><entry VJ="1">5860942.9</entry></row><row><entry VJ="1">25</entry><entry VJ="1">3446116.9</entry><entry VJ="1">5863134.4</entry><entry VJ="1">85</entry><entry VJ="1">3451087.8</entry><entry VJ="1">5862595.5</entry><entry VJ="1">145</entry><entry VJ="1">3450759.7</entry><entry VJ="1">5860949.6</entry></row><row><entry VJ="1">26</entry><entry VJ="1">3446158.9</entry><entry VJ="1">5863115.2</entry><entry VJ="1">86</entry><entry VJ="1">3451152.7</entry><entry VJ="1">5862545.2</entry><entry VJ="1">146</entry><entry VJ="1">3450733.5</entry><entry VJ="1">5860957.4</entry></row><row><entry VJ="1">27</entry><entry VJ="1">3446202.2</entry><entry VJ="1">5863091.9</entry><entry VJ="1">87</entry><entry VJ="1">3451219.7</entry><entry VJ="1">5862501.2</entry><entry VJ="1">147</entry><entry VJ="1">3450690.5</entry><entry VJ="1">5860971.8</entry></row><row><entry VJ="1">28</entry><entry VJ="1">3446247.0</entry><entry VJ="1">5863066.4</entry><entry VJ="1">88</entry><entry VJ="1">3451288.6</entry><entry VJ="1">5862460.4</entry><entry VJ="1">148</entry><entry VJ="1">3450647.9</entry><entry VJ="1">5860987.3</entry></row><row><entry VJ="1">29</entry><entry VJ="1">3446334.0</entry><entry VJ="1">5863035.8</entry><entry VJ="1">89</entry><entry VJ="1">3451429.4</entry><entry VJ="1">5862385.6</entry><entry VJ="1">149</entry><entry VJ="1">3450605.1</entry><entry VJ="1">5861002.3</entry></row><row><entry VJ="1">30</entry><entry VJ="1">3446429.0</entry><entry VJ="1">5863015.8</entry><entry VJ="1">90</entry><entry VJ="1">3451550.7</entry><entry VJ="1">5862330.5</entry><entry VJ="1">150</entry><entry VJ="1">3450519.5</entry><entry VJ="1">5861028.2</entry></row><row><entry VJ="1"> </entry><entry VJ="1"> </entry><entry VJ="1"> </entry><entry VJ="1"> </entry><entry VJ="1"> </entry><entry VJ="1"> </entry><entry VJ="1"> </entry><entry VJ="1"> </entry><entry VJ="1"> </entry></row><row><entry VJ="1">31</entry><entry VJ="1">3446519.4</entry><entry VJ="1">5862993.5</entry><entry VJ="1">91</entry><entry VJ="1">3451674.2</entry><entry VJ="1">5862279.3</entry><entry VJ="1">151</entry><entry VJ="1">3450475.7</entry><entry VJ="1">5861037.6</entry></row><row><entry VJ="1">32</entry><entry VJ="1">3446582.7</entry><entry VJ="1">5862970.1</entry><entry VJ="1">92</entry><entry VJ="1">3451727.0</entry><entry VJ="1">5862257.1</entry><entry VJ="1">152</entry><entry VJ="1">3450431.4</entry><entry VJ="1">5861043.7</entry></row><row><entry VJ="1">33</entry><entry VJ="1">3446638.7</entry><entry VJ="1">5862953.5</entry><entry VJ="1">93</entry><entry VJ="1">3451777.0</entry><entry VJ="1">5862248.7</entry><entry VJ="1">153</entry><entry VJ="1">3450381.1</entry><entry VJ="1">5861047.0</entry></row><row><entry VJ="1">34</entry><entry VJ="1">3446695.7</entry><entry VJ="1">5862946.1</entry><entry VJ="1">94</entry><entry VJ="1">3451804.1</entry><entry VJ="1">5862240.8</entry><entry VJ="1">154</entry><entry VJ="1">3450330.8</entry><entry VJ="1">5861047.3</entry></row><row><entry VJ="1">35</entry><entry VJ="1">3446779.4</entry><entry VJ="1">5862925.4</entry><entry VJ="1">95</entry><entry VJ="1">3451844.1</entry><entry VJ="1">5862210.8</entry><entry VJ="1">155</entry><entry VJ="1">3450285.5</entry><entry VJ="1">5861047.1</entry></row><row><entry VJ="1">36</entry><entry VJ="1">3446863.0</entry><entry VJ="1">5862907.4</entry><entry VJ="1">96</entry><entry VJ="1">3451874.1</entry><entry VJ="1">5862180.8</entry><entry VJ="1">156</entry><entry VJ="1">3450240.3</entry><entry VJ="1">5861047.0</entry></row><row><entry VJ="1">37</entry><entry VJ="1">3447004.2</entry><entry VJ="1">5862886.6</entry><entry VJ="1">97</entry><entry VJ="1">3451884.1</entry><entry VJ="1">5862155.8</entry><entry VJ="1">157</entry><entry VJ="1">3450204.0</entry><entry VJ="1">5861050.6</entry></row><row><entry VJ="1">38</entry><entry VJ="1">3447146.6</entry><entry VJ="1">5862875.2</entry><entry VJ="1">98</entry><entry VJ="1">3451894.9</entry><entry VJ="1">5862129.2</entry><entry VJ="1">158</entry><entry VJ="1">3450168.3</entry><entry VJ="1">5861057.3</entry></row><row><entry VJ="1">39</entry><entry VJ="1">3447289.1</entry><entry VJ="1">5862863.8</entry><entry VJ="1">99</entry><entry VJ="1">3451894.5</entry><entry VJ="1">5862114.6</entry><entry VJ="1">159</entry><entry VJ="1">3450133.3</entry><entry VJ="1">5861066.9</entry></row><row><entry VJ="1">40</entry><entry VJ="1">3447430.6</entry><entry VJ="1">5862845.3</entry><entry VJ="1">100</entry><entry VJ="1">3451892.7</entry><entry VJ="1">5862107.5</entry><entry VJ="1">160</entry><entry VJ="1">3450098.9</entry><entry VJ="1">5861079.3</entry></row><row><entry VJ="1"> </entry><entry VJ="1"> </entry><entry VJ="1"> </entry><entry VJ="1"> </entry><entry VJ="1"> </entry><entry VJ="1"> </entry><entry VJ="1"> </entry><entry VJ="1"> </entry><entry VJ="1"> </entry></row><row><entry VJ="1">41</entry><entry VJ="1">3447575.1</entry><entry VJ="1">5862826.1</entry><entry VJ="1">101</entry><entry VJ="1">3451890.1</entry><entry VJ="1">5862100.7</entry><entry VJ="1">161</entry><entry VJ="1">3450070.9</entry><entry VJ="1">5861091.0</entry></row><row><entry VJ="1">42</entry><entry VJ="1">3447719.9</entry><entry VJ="1">5862809.0</entry><entry VJ="1">102</entry><entry VJ="1">3451887.2</entry><entry VJ="1">5862094.9</entry><entry VJ="1">162</entry><entry VJ="1">3450043.1</entry><entry VJ="1">5861103.5</entry></row><row><entry VJ="1">43</entry><entry VJ="1">3447864.8</entry><entry VJ="1">5862794.5</entry><entry VJ="1">103</entry><entry VJ="1">3451884.0</entry><entry VJ="1">5862089.5</entry><entry VJ="1">163</entry><entry VJ="1">3449989.1</entry><entry VJ="1">5861100.7</entry></row><row><entry VJ="1">44</entry><entry VJ="1">3447947.9</entry><entry VJ="1">5862787.4</entry><entry VJ="1">104</entry><entry VJ="1">3451880.3</entry><entry VJ="1">5862084.2</entry><entry VJ="1">164</entry><entry VJ="1">3449939.1</entry><entry VJ="1">5861090.7</entry></row><row><entry VJ="1">45</entry><entry VJ="1">3448031.0</entry><entry VJ="1">5862779.6</entry><entry VJ="1">105</entry><entry VJ="1">3451876.4</entry><entry VJ="1">5862079.2</entry><entry VJ="1">165</entry><entry VJ="1">3449879.7</entry><entry VJ="1">5861090.7</entry></row><row><entry VJ="1">46</entry><entry VJ="1">3448154.9</entry><entry VJ="1">5862770.8</entry><entry VJ="1">106</entry><entry VJ="1">3451867.8</entry><entry VJ="1">5862069.7</entry><entry VJ="1">166</entry><entry VJ="1">3449828.7</entry><entry VJ="1">5861104.1</entry></row><row><entry VJ="1">47</entry><entry VJ="1">3448300.4</entry><entry VJ="1">5862765.6</entry><entry VJ="1">107</entry><entry VJ="1">3451858.5</entry><entry VJ="1">5862060.9</entry><entry VJ="1">167</entry><entry VJ="1">3449765.1</entry><entry VJ="1">5861128.6</entry></row><row><entry VJ="1">48</entry><entry VJ="1">3448446.8</entry><entry VJ="1">5862774.0</entry><entry VJ="1">108</entry><entry VJ="1">3451838.4</entry><entry VJ="1">5862044.4</entry><entry VJ="1">168</entry><entry VJ="1">3449700.2</entry><entry VJ="1">5861149.1</entry></row><row><entry VJ="1">49</entry><entry VJ="1">3448591.4</entry><entry VJ="1">5862790.2</entry><entry VJ="1">109</entry><entry VJ="1">3451816.7</entry><entry VJ="1">5862029.1</entry><entry VJ="1">169</entry><entry VJ="1">3449635.0</entry><entry VJ="1">5861166.9</entry></row><row><entry VJ="1">50</entry><entry VJ="1">3448735.2</entry><entry VJ="1">5862810.9</entry><entry VJ="1">110</entry><entry VJ="1">3451795.0</entry><entry VJ="1">5862015.4</entry><entry VJ="1">170</entry><entry VJ="1">3449569.5</entry><entry VJ="1">5861173.7</entry></row><row><entry VJ="1"> </entry><entry VJ="1"> </entry><entry VJ="1"> </entry><entry VJ="1"> </entry><entry VJ="1"> </entry><entry VJ="1"> </entry><entry VJ="1"> </entry><entry VJ="1"> </entry><entry VJ="1"> </entry></row><row><entry VJ="1">51</entry><entry VJ="1">3448879.0</entry><entry VJ="1">5862832.6</entry><entry VJ="1">111</entry><entry VJ="1">3451772.8</entry><entry VJ="1">5862002.4</entry><entry VJ="1">171</entry><entry VJ="1">3449529.0</entry><entry VJ="1">5861179.8</entry></row><row><entry VJ="1">52</entry><entry VJ="1">3449022.8</entry><entry VJ="1">5862854.2</entry><entry VJ="1">112</entry><entry VJ="1">3451730.1</entry><entry VJ="1">5861973.9</entry><entry VJ="1">172</entry><entry VJ="1">3449489.6</entry><entry VJ="1">5861189.5</entry></row><row><entry VJ="1">53</entry><entry VJ="1">3449166.2</entry><entry VJ="1">5862878.0</entry><entry VJ="1">113</entry><entry VJ="1">3451682.7</entry><entry VJ="1">5861948.1</entry><entry VJ="1">173</entry><entry VJ="1">3449436.9</entry><entry VJ="1">5861208.9</entry></row><row><entry VJ="1">54</entry><entry VJ="1">3449309.5</entry><entry VJ="1">5862902.4</entry><entry VJ="1">114</entry><entry VJ="1">3451621.2</entry><entry VJ="1">5861913.6</entry><entry VJ="1">174</entry><entry VJ="1">3449366.2</entry><entry VJ="1">5861229.8</entry></row><row><entry VJ="1">55</entry><entry VJ="1">3449452.3</entry><entry VJ="1">5862929.5</entry><entry VJ="1">115</entry><entry VJ="1">3451561.1</entry><entry VJ="1">5861876.9</entry><entry VJ="1">175</entry><entry VJ="1">3449294.7</entry><entry VJ="1">5861248.4</entry></row><row><entry VJ="1">56</entry><entry VJ="1">3449522.5</entry><entry VJ="1">5862936.0</entry><entry VJ="1">116</entry><entry VJ="1">3451486.5</entry><entry VJ="1">5861823.9</entry><entry VJ="1">176</entry><entry VJ="1">3449223.2</entry><entry VJ="1">5861264.5</entry></row><row><entry VJ="1">57</entry><entry VJ="1">3449557.7</entry><entry VJ="1">5862936.7</entry><entry VJ="1">117</entry><entry VJ="1">3451417.0</entry><entry VJ="1">5861764.1</entry><entry VJ="1">177</entry><entry VJ="1">3449151.2</entry><entry VJ="1">5861278.8</entry></row><row><entry VJ="1">58</entry><entry VJ="1">3449592.9</entry><entry VJ="1">5862936.7</entry><entry VJ="1">118</entry><entry VJ="1">3451382.5</entry><entry VJ="1">5861730.2</entry><entry VJ="1">178</entry><entry VJ="1">3449084.3</entry><entry VJ="1">5861291.0</entry></row><row><entry VJ="1">59</entry><entry VJ="1">3449645.5</entry><entry VJ="1">5862935.5</entry><entry VJ="1">119</entry><entry VJ="1">3451349.8</entry><entry VJ="1">5861694.5</entry><entry VJ="1">179</entry><entry VJ="1">3449006.8</entry><entry VJ="1">5861303.0</entry></row><row><entry VJ="1">60</entry><entry VJ="1">3449699.0</entry><entry VJ="1">5862933.3</entry><entry VJ="1">120</entry><entry VJ="1">3451304.9</entry><entry VJ="1">5861633.9</entry><entry VJ="1">180</entry><entry VJ="1">3448861.8</entry><entry VJ="1">5861322.2</entry></row><row><entry VJ="1"> </entry><entry VJ="1"> </entry><entry VJ="1"> </entry><entry VJ="1"> </entry><entry VJ="1"> </entry><entry VJ="1"> </entry><entry VJ="1"> </entry><entry VJ="1"> </entry><entry VJ="1"> </entry></row><row><entry VJ="1" align="left" nameend="col9" namest="col1">Noch Schutzzone 2 (Militärischer Flugplatz Ahlhorn)</entry></row><row><entry VJ="1"> </entry><entry VJ="1"> </entry><entry VJ="1"> </entry><entry VJ="1"> </entry><entry VJ="1"> </entry><entry VJ="1"> </entry><entry VJ="1"> </entry><entry VJ="1"> </entry><entry VJ="1"> </entry></row><row><entry VJ="1" align="left">Nr.</entry><entry VJ="1">Y (Rechts)</entry><entry VJ="1">X (Hoch)</entry><entry VJ="1" align="left">Nr.</entry><entry VJ="1">Y (Rechts)</entry><entry VJ="1">X (Hoch)</entry><entry VJ="1" align="left">Nr.</entry><entry VJ="1">Y (Rechts)</entry><entry VJ="1">X (Hoch)</entry></row><row><entry VJ="1"> </entry><entry VJ="1"> </entry><entry VJ="1"> </entry><entry VJ="1"> </entry><entry VJ="1"> </entry><entry VJ="1"> </entry><entry VJ="1"> </entry><entry VJ="1"> </entry><entry VJ="1"> </entry></row><row><entry VJ="1">181</entry><entry VJ="1">3448716.4</entry><entry VJ="1">5861338.8</entry><entry VJ="1">241</entry><entry VJ="1">3446639.0</entry><entry VJ="1">5860775.7</entry><entry VJ="1">301</entry><entry VJ="1">3445003.1</entry><entry VJ="1">5861757.3</entry></row><row><entry VJ="1">182</entry><entry VJ="1">3448570.6</entry><entry VJ="1">5861352.3</entry><entry VJ="1">242</entry><entry VJ="1">3446570.6</entry><entry VJ="1">5860711.5</entry><entry VJ="1">302</entry><entry VJ="1">3444936.6</entry><entry VJ="1">5861801.4</entry></row><row><entry VJ="1">183</entry><entry VJ="1">3448486.9</entry><entry VJ="1">5861354.8</entry><entry VJ="1">243</entry><entry VJ="1">3446545.0</entry><entry VJ="1">5860680.2</entry><entry VJ="1">303</entry><entry VJ="1">3444868.4</entry><entry VJ="1">5861842.9</entry></row><row><entry VJ="1">184</entry><entry VJ="1">3448444.9</entry><entry VJ="1">5861353.1</entry><entry VJ="1">244</entry><entry VJ="1">3446507.6</entry><entry VJ="1">5860635.7</entry><entry VJ="1">304</entry><entry VJ="1">3444819.4</entry><entry VJ="1">5861872.5</entry></row><row><entry VJ="1">185</entry><entry VJ="1">3448405.8</entry><entry VJ="1">5861347.1</entry><entry VJ="1">245</entry><entry VJ="1">3446473.4</entry><entry VJ="1">5860589.1</entry><entry VJ="1">305</entry><entry VJ="1">3444771.0</entry><entry VJ="1">5861903.0</entry></row><row><entry VJ="1">186</entry><entry VJ="1">3448370.1</entry><entry VJ="1">5861339.4</entry><entry VJ="1">246</entry><entry VJ="1">3446443.3</entry><entry VJ="1">5860540.1</entry><entry VJ="1">306</entry><entry VJ="1">3444734.0</entry><entry VJ="1">5861928.6</entry></row><row><entry VJ="1">187</entry><entry VJ="1">3448338.0</entry><entry VJ="1">5861327.1</entry><entry VJ="1">247</entry><entry VJ="1">3446415.2</entry><entry VJ="1">5860490.4</entry><entry VJ="1">307</entry><entry VJ="1">3444703.9</entry><entry VJ="1">5861952.8</entry></row><row><entry VJ="1">188</entry><entry VJ="1">3448323.9</entry><entry VJ="1">5861317.3</entry><entry VJ="1">248</entry><entry VJ="1">3446363.3</entry><entry VJ="1">5860386.2</entry><entry VJ="1">308</entry><entry VJ="1">3444676.9</entry><entry VJ="1">5861979.2</entry></row><row><entry VJ="1">189</entry><entry VJ="1">3448310.5</entry><entry VJ="1">5861306.6</entry><entry VJ="1">249</entry><entry VJ="1">3446335.5</entry><entry VJ="1">5860325.6</entry><entry VJ="1">309</entry><entry VJ="1">3444665.4</entry><entry VJ="1">5861994.0</entry></row><row><entry VJ="1">190</entry><entry VJ="1">3448285.4</entry><entry VJ="1">5861283.2</entry><entry VJ="1">250</entry><entry VJ="1">3446322.1</entry><entry VJ="1">5860295.8</entry><entry VJ="1">310</entry><entry VJ="1">3444655.5</entry><entry VJ="1">5862009.9</entry></row><row><entry VJ="1"> </entry><entry VJ="1"> </entry><entry VJ="1"> </entry><entry VJ="1"> </entry><entry VJ="1"> </entry><entry VJ="1"> </entry><entry VJ="1"> </entry><entry VJ="1"> </entry><entry VJ="1"> </entry></row><row><entry VJ="1">191</entry><entry VJ="1">3448255.9</entry><entry VJ="1">5861254.0</entry><entry VJ="1">251</entry><entry VJ="1">3446304.0</entry><entry VJ="1">5860268.6</entry><entry VJ="1">311</entry><entry VJ="1">3444651.5</entry><entry VJ="1">5862019.2</entry></row><row><entry VJ="1">192</entry><entry VJ="1">3448224.3</entry><entry VJ="1">5861227.1</entry><entry VJ="1">252</entry><entry VJ="1">3446292.1</entry><entry VJ="1">5860258.9</entry><entry VJ="1">312</entry><entry VJ="1">3444648.3</entry><entry VJ="1">5862028.8</entry></row><row><entry VJ="1">193</entry><entry VJ="1">3448206.5</entry><entry VJ="1">5861216.3</entry><entry VJ="1">253</entry><entry VJ="1">3446280.2</entry><entry VJ="1">5860249.3</entry><entry VJ="1">313</entry><entry VJ="1">3444646.4</entry><entry VJ="1">5862038.8</entry></row><row><entry VJ="1">194</entry><entry VJ="1">3448188.0</entry><entry VJ="1">5861206.8</entry><entry VJ="1">254</entry><entry VJ="1">3446256.1</entry><entry VJ="1">5860230.3</entry><entry VJ="1">314</entry><entry VJ="1">3444645.7</entry><entry VJ="1">5862048.9</entry></row><row><entry VJ="1">195</entry><entry VJ="1">3448169.4</entry><entry VJ="1">5861197.6</entry><entry VJ="1">255</entry><entry VJ="1">3446231.8</entry><entry VJ="1">5860211.7</entry><entry VJ="1">315</entry><entry VJ="1">3444646.1</entry><entry VJ="1">5862055.8</entry></row><row><entry VJ="1">196</entry><entry VJ="1">3448159.5</entry><entry VJ="1">5861194.0</entry><entry VJ="1">256</entry><entry VJ="1">3446206.9</entry><entry VJ="1">5860193.9</entry><entry VJ="1">316</entry><entry VJ="1">3444647.2</entry><entry VJ="1">5862062.6</entry></row><row><entry VJ="1">197</entry><entry VJ="1">3448149.3</entry><entry VJ="1">5861191.4</entry><entry VJ="1">257</entry><entry VJ="1">3446180.3</entry><entry VJ="1">5860176.1</entry><entry VJ="1">317</entry><entry VJ="1">3444648.7</entry><entry VJ="1">5862069.3</entry></row><row><entry VJ="1">198</entry><entry VJ="1">3448139.1</entry><entry VJ="1">5861189.4</entry><entry VJ="1">258</entry><entry VJ="1">3446152.3</entry><entry VJ="1">5860161.3</entry><entry VJ="1">318</entry><entry VJ="1">3444650.9</entry><entry VJ="1">5862075.8</entry></row><row><entry VJ="1">199</entry><entry VJ="1">3448128.7</entry><entry VJ="1">5861188.3</entry><entry VJ="1">259</entry><entry VJ="1">3446123.2</entry><entry VJ="1">5860148.4</entry><entry VJ="1">319</entry><entry VJ="1">3444653.2</entry><entry VJ="1">5862081.5</entry></row><row><entry VJ="1">200</entry><entry VJ="1">3448108.5</entry><entry VJ="1">5861188.8</entry><entry VJ="1">260</entry><entry VJ="1">3446093.7</entry><entry VJ="1">5860136.6</entry><entry VJ="1">320</entry><entry VJ="1">3444655.9</entry><entry VJ="1">5862087.2</entry></row><row><entry VJ="1"> </entry><entry VJ="1"> </entry><entry VJ="1"> </entry><entry VJ="1"> </entry><entry VJ="1"> </entry><entry VJ="1"> </entry><entry VJ="1"> </entry><entry VJ="1"> </entry><entry VJ="1"> </entry></row><row><entry VJ="1">201</entry><entry VJ="1">3448088.5</entry><entry VJ="1">5861192.5</entry><entry VJ="1">261</entry><entry VJ="1">3446072.0</entry><entry VJ="1">5860129.0</entry><entry VJ="1">321</entry><entry VJ="1">3444662.4</entry><entry VJ="1">5862097.8</entry></row><row><entry VJ="1">202</entry><entry VJ="1">3448068.7</entry><entry VJ="1">5861199.4</entry><entry VJ="1">262</entry><entry VJ="1">3446050.1</entry><entry VJ="1">5860122.3</entry><entry VJ="1">322</entry><entry VJ="1">3444669.6</entry><entry VJ="1">5862107.8</entry></row><row><entry VJ="1">203</entry><entry VJ="1">3448048.4</entry><entry VJ="1">5861199.5</entry><entry VJ="1">263</entry><entry VJ="1">3446027.9</entry><entry VJ="1">5860116.5</entry><entry VJ="1">323</entry><entry VJ="1">3444677.6</entry><entry VJ="1">5862117.1</entry></row><row><entry VJ="1">204</entry><entry VJ="1">3448032.3</entry><entry VJ="1">5861205.8</entry><entry VJ="1">264</entry><entry VJ="1">3446005.4</entry><entry VJ="1">5860111.6</entry><entry VJ="1">324</entry><entry VJ="1">3444695.1</entry><entry VJ="1">5862134.5</entry></row><row><entry VJ="1">205</entry><entry VJ="1">3448016.6</entry><entry VJ="1">5861213.2</entry><entry VJ="1">265</entry><entry VJ="1">3445982.7</entry><entry VJ="1">5860107.8</entry><entry VJ="1">325</entry><entry VJ="1">3444714.4</entry><entry VJ="1">5862150.7</entry></row><row><entry VJ="1">206</entry><entry VJ="1">3447993.6</entry><entry VJ="1">5861234.3</entry><entry VJ="1">266</entry><entry VJ="1">3445959.9</entry><entry VJ="1">5860105.2</entry><entry VJ="1">326</entry><entry VJ="1">3444734.9</entry><entry VJ="1">5862165.8</entry></row><row><entry VJ="1">207</entry><entry VJ="1">3447980.8</entry><entry VJ="1">5861243.2</entry><entry VJ="1">267</entry><entry VJ="1">3445937.0</entry><entry VJ="1">5860103.7</entry><entry VJ="1">327</entry><entry VJ="1">3444780.7</entry><entry VJ="1">5862195.5</entry></row><row><entry VJ="1">208</entry><entry VJ="1">3447968.4</entry><entry VJ="1">5861252.0</entry><entry VJ="1">268</entry><entry VJ="1">3445914.0</entry><entry VJ="1">5860103.5</entry><entry VJ="1">328</entry><entry VJ="1">3444859.1</entry><entry VJ="1">5862239.9</entry></row><row><entry VJ="1">209</entry><entry VJ="1">3447939.5</entry><entry VJ="1">5861268.9</entry><entry VJ="1">269</entry><entry VJ="1">3445887.9</entry><entry VJ="1">5860104.8</entry><entry VJ="1">329</entry><entry VJ="1">3444987.4</entry><entry VJ="1">5862309.2</entry></row><row><entry VJ="1">210</entry><entry VJ="1">3447909.2</entry><entry VJ="1">5861282.3</entry><entry VJ="1">270</entry><entry VJ="1">3445862.2</entry><entry VJ="1">5860107.7</entry><entry VJ="1">330</entry><entry VJ="1">3445110.5</entry><entry VJ="1">5862384.7</entry></row><row><entry VJ="1"> </entry><entry VJ="1"> </entry><entry VJ="1"> </entry><entry VJ="1"> </entry><entry VJ="1"> </entry><entry VJ="1"> </entry><entry VJ="1"> </entry><entry VJ="1"> </entry><entry VJ="1"> </entry></row><row><entry VJ="1">211</entry><entry VJ="1">3447893.4</entry><entry VJ="1">5861287.2</entry><entry VJ="1">271</entry><entry VJ="1">3445836.9</entry><entry VJ="1">5860112.2</entry><entry VJ="1">331</entry><entry VJ="1">3445168.2</entry><entry VJ="1">5862427.1</entry></row><row><entry VJ="1">212</entry><entry VJ="1">3447877.2</entry><entry VJ="1">5861290.7</entry><entry VJ="1">272</entry><entry VJ="1">3445811.9</entry><entry VJ="1">5860118.1</entry><entry VJ="1">332</entry><entry VJ="1">3445222.9</entry><entry VJ="1">5862473.3</entry></row><row><entry VJ="1">213</entry><entry VJ="1">3447860.8</entry><entry VJ="1">5861293.2</entry><entry VJ="1">273</entry><entry VJ="1">3445787.3</entry><entry VJ="1">5860125.5</entry><entry VJ="1">333</entry><entry VJ="1">3445274.0</entry><entry VJ="1">5862524.5</entry></row><row><entry VJ="1">214</entry><entry VJ="1">3447844.3</entry><entry VJ="1">5861294.6</entry><entry VJ="1">274</entry><entry VJ="1">3445775.6</entry><entry VJ="1">5860132.3</entry><entry VJ="1">334</entry><entry VJ="1">3445321.1</entry><entry VJ="1">5862579.2</entry></row><row><entry VJ="1">215</entry><entry VJ="1">3447807.8</entry><entry VJ="1">5861295.3</entry><entry VJ="1">275</entry><entry VJ="1">3445764.5</entry><entry VJ="1">5860140.2</entry><entry VJ="1">335</entry><entry VJ="1">3445368.9</entry><entry VJ="1">5862633.2</entry></row><row><entry VJ="1">216</entry><entry VJ="1">3447771.3</entry><entry VJ="1">5861293.8</entry><entry VJ="1">276</entry><entry VJ="1">3445747.2</entry><entry VJ="1">5860153.6</entry><entry VJ="1">336</entry><entry VJ="1">3445420.7</entry><entry VJ="1">5862683.5</entry></row><row><entry VJ="1">217</entry><entry VJ="1">3447698.7</entry><entry VJ="1">5861287.0</entry><entry VJ="1">277</entry><entry VJ="1">3445730.6</entry><entry VJ="1">5860167.6</entry><entry VJ="1"> </entry><entry VJ="1"> </entry><entry VJ="1"> </entry></row><row><entry VJ="1">218</entry><entry VJ="1">3447626.5</entry><entry VJ="1">5861277.1</entry><entry VJ="1">278</entry><entry VJ="1">3445724.1</entry><entry VJ="1">5860176.2</entry><entry VJ="1"> </entry><entry VJ="1"> </entry><entry VJ="1"> </entry></row><row><entry VJ="1">219</entry><entry VJ="1">3447554.8</entry><entry VJ="1">5861264.8</entry><entry VJ="1">279</entry><entry VJ="1">3445717.5</entry><entry VJ="1">5860184.9</entry><entry VJ="1"> </entry><entry VJ="1"> </entry><entry VJ="1"> </entry></row><row><entry VJ="1">220</entry><entry VJ="1">3447496.6</entry><entry VJ="1">5861252.9</entry><entry VJ="1">280</entry><entry VJ="1">3445704.7</entry><entry VJ="1">5860202.5</entry><entry VJ="1"> </entry><entry VJ="1"> </entry><entry VJ="1"> </entry></row><row><entry VJ="1"> </entry><entry VJ="1"> </entry><entry VJ="1"> </entry><entry VJ="1"> </entry><entry VJ="1"> </entry><entry VJ="1"> </entry><entry VJ="1"> </entry><entry VJ="1"> </entry><entry VJ="1"> </entry></row><row><entry VJ="1">221</entry><entry VJ="1">3447467.6</entry><entry VJ="1">5861246.5</entry><entry VJ="1">281</entry><entry VJ="1">3445680.3</entry><entry VJ="1">5860238.2</entry><entry VJ="1"> </entry><entry VJ="1"> </entry><entry VJ="1"> </entry></row><row><entry VJ="1">222</entry><entry VJ="1">3447438.7</entry><entry VJ="1">5861239.6</entry><entry VJ="1">282</entry><entry VJ="1">3445657.1</entry><entry VJ="1">5860274.6</entry><entry VJ="1"> </entry><entry VJ="1"> </entry><entry VJ="1"> </entry></row><row><entry VJ="1">223</entry><entry VJ="1">3447410.1</entry><entry VJ="1">5861232.5</entry><entry VJ="1">283</entry><entry VJ="1">3445627.0</entry><entry VJ="1">5860326.0</entry><entry VJ="1"> </entry><entry VJ="1"> </entry><entry VJ="1"> </entry></row><row><entry VJ="1">224</entry><entry VJ="1">3447388.0</entry><entry VJ="1">5861225.9</entry><entry VJ="1">284</entry><entry VJ="1">3445598.3</entry><entry VJ="1">5860378.4</entry><entry VJ="1"> </entry><entry VJ="1"> </entry><entry VJ="1"> </entry></row><row><entry VJ="1">225</entry><entry VJ="1">3447355.7</entry><entry VJ="1">5861216.5</entry><entry VJ="1">285</entry><entry VJ="1">3445565.0</entry><entry VJ="1">5860444.3</entry><entry VJ="1"> </entry><entry VJ="1"> </entry><entry VJ="1"> </entry></row><row><entry VJ="1">226</entry><entry VJ="1">3447323.5</entry><entry VJ="1">5861206.6</entry><entry VJ="1">286</entry><entry VJ="1">3445523.7</entry><entry VJ="1">5860544.6</entry><entry VJ="1"> </entry><entry VJ="1"> </entry><entry VJ="1"> </entry></row><row><entry VJ="1">227</entry><entry VJ="1">3447291.5</entry><entry VJ="1">5861196.1</entry><entry VJ="1">287</entry><entry VJ="1">3445486.9</entry><entry VJ="1">5860646.6</entry><entry VJ="1"> </entry><entry VJ="1"> </entry><entry VJ="1"> </entry></row><row><entry VJ="1">228</entry><entry VJ="1">3447251.8</entry><entry VJ="1">5861181.9</entry><entry VJ="1">288</entry><entry VJ="1">3445451.1</entry><entry VJ="1">5860757.9</entry><entry VJ="1"> </entry><entry VJ="1"> </entry><entry VJ="1"> </entry></row><row><entry VJ="1">229</entry><entry VJ="1">3447209.3</entry><entry VJ="1">5861177.0</entry><entry VJ="1">289</entry><entry VJ="1">3445417.9</entry><entry VJ="1">5860869.9</entry><entry VJ="1"> </entry><entry VJ="1"> </entry><entry VJ="1"> </entry></row><row><entry VJ="1">230</entry><entry VJ="1">3447170.3</entry><entry VJ="1">5861160.4</entry><entry VJ="1">290</entry><entry VJ="1">3445386.1</entry><entry VJ="1">5860980.8</entry><entry VJ="1"> </entry><entry VJ="1"> </entry><entry VJ="1"> </entry></row><row><entry VJ="1"> </entry><entry VJ="1"> </entry><entry VJ="1"> </entry><entry VJ="1"> </entry><entry VJ="1"> </entry><entry VJ="1"> </entry><entry VJ="1"> </entry><entry VJ="1"> </entry><entry VJ="1"> </entry></row><row><entry VJ="1">231</entry><entry VJ="1">3447148.1</entry><entry VJ="1">5861150.1</entry><entry VJ="1">291</entry><entry VJ="1">3445362.3</entry><entry VJ="1">5861093.7</entry><entry VJ="1"> </entry><entry VJ="1"> </entry><entry VJ="1"> </entry></row><row><entry VJ="1">232</entry><entry VJ="1">3447126.2</entry><entry VJ="1">5861139.0</entry><entry VJ="1">292</entry><entry VJ="1">3445346.8</entry><entry VJ="1">5861174.7</entry><entry VJ="1"> </entry><entry VJ="1"> </entry><entry VJ="1"> </entry></row><row><entry VJ="1">233</entry><entry VJ="1">3447083.7</entry><entry VJ="1">5861114.9</entry><entry VJ="1">293</entry><entry VJ="1">3445329.1</entry><entry VJ="1">5861255.3</entry><entry VJ="1"> </entry><entry VJ="1"> </entry><entry VJ="1"> </entry></row><row><entry VJ="1">234</entry><entry VJ="1">3447008.6</entry><entry VJ="1">5861060.8</entry><entry VJ="1">294</entry><entry VJ="1">3445308.3</entry><entry VJ="1">5861332.0</entry><entry VJ="1"> </entry><entry VJ="1"> </entry><entry VJ="1"> </entry></row><row><entry VJ="1">235</entry><entry VJ="1">3446974.6</entry><entry VJ="1">5861029.4</entry><entry VJ="1">295</entry><entry VJ="1">3445283.1</entry><entry VJ="1">5861407.4</entry><entry VJ="1"> </entry><entry VJ="1"> </entry><entry VJ="1"> </entry></row><row><entry VJ="1">236</entry><entry VJ="1">3446943.4</entry><entry VJ="1">5860995.3</entry><entry VJ="1">296</entry><entry VJ="1">3445253.1</entry><entry VJ="1">5861477.3</entry><entry VJ="1"> </entry><entry VJ="1"> </entry><entry VJ="1"> </entry></row><row><entry VJ="1">237</entry><entry VJ="1">3446879.0</entry><entry VJ="1">5860960.7</entry><entry VJ="1">297</entry><entry VJ="1">3445215.6</entry><entry VJ="1">5861543.4</entry><entry VJ="1"> </entry><entry VJ="1"> </entry><entry VJ="1"> </entry></row><row><entry VJ="1">238</entry><entry VJ="1">3446804.0</entry><entry VJ="1">5860920.7</entry><entry VJ="1">298</entry><entry VJ="1">3445171.4</entry><entry VJ="1">5861603.8</entry><entry VJ="1"> </entry><entry VJ="1"> </entry><entry VJ="1"> </entry></row><row><entry VJ="1">239</entry><entry VJ="1">3446738.4</entry><entry VJ="1">5860883.5</entry><entry VJ="1">299</entry><entry VJ="1">3445121.0</entry><entry VJ="1">5861659.1</entry><entry VJ="1"> </entry><entry VJ="1"> </entry><entry VJ="1"> </entry></row><row><entry VJ="1">240</entry><entry VJ="1">3446693.3</entry><entry VJ="1">5860830.5</entry><entry VJ="1">300</entry><entry VJ="1">3445064.1</entry><entry VJ="1">5861710.7</entry><entry VJ="1" align="left"/><entry VJ="1"> </entry><entry VJ="1"> </entry></row></tbody></tgroup></table></P></Content></text></textdaten></norm>
<norm builddate="20131202132457" doknr="BJNR003090986BJNE000900327"><metadaten><jurabk>FluLärmAhlhV</jurabk><enbez>Anlage 2</enbez><titel format="parat">(zu § 4 der Verordnung über die Festsetzung des Lärmschutzbereichs
für den militärischen Flugplatz Ahlhorn)</titel></metadaten><textdaten><text format="XML"><Content><P><noindex><kommentar typ="Fundstelle">(Fundstelle: BGBl I 1986, 313 - 314)</kommentar></noindex></P><P>1 : 50 000<BR/><BR/>Lärmschutzbereich<BR/>für den militärischen Flugplatz Ahlhorn<BR/><BR/><small>(Gesetz zum Schutz gegen Fluglärm vom 30. März 1971, BGBl. I S. 282)</small></P><P><IMG Align="center" Pos="block" SRC="bgbl1_1986_j0313_0010.jpg" alt=""/></P><P>Das rechtwinklige Koordinatengitter entspricht dem Gauß-Krüger-System mit 3° breitem Meridianstreifen. Es zeigt zugleich die Begrenzung der zugehörigen Blätter der Deutschen Grundkarte 1 : 5 000.</P><P>Kartengrundlage:<BR/>Topographische Karte 1 : 50 000 (mit Genehmigung des Niedersächsischen Landesverwaltungsamts)</P><P>Gravur der Lärmschutzgrenzen und Druck:<BR/>Institut für Angewandte Geodäsie, Frankfurt am Main, 1985</P><P><IMG Align="center" Pos="block" SRC="bgbl1_1986_j0314_0010.jpg" alt=""/></P></Content></text></textdaten></norm>
</dokumente>