<?xml version="1.0" encoding="UTF-8" ?><!DOCTYPE dokumente SYSTEM "http://www.gesetze-im-internet.de/dtd/1.01/gii-norm.dtd">
<dokumente builddate="20210616213541" doknr="BJNR606700021"><norm builddate="20210616213541" doknr="BJNR606700021"><metadaten><jurabk>LuftVODV 258</jurabk><ausfertigung-datum manuell="ja">2021-02-19</ausfertigung-datum><fundstelle typ="amtlich"><periodikum>BAnz</periodikum><zitstelle>AT 08.03.2021 V1</zitstelle></fundstelle><langue>Zweihundertachtundfünfzigste Durchführungsverordnung zur Luftverkehrs-Ordnung (Festlegung von Flugverfahren für An- und Abflüge nach Instrumentenflugregeln zum und vom Verkehrslandeplatz Strausberg)</langue></metadaten><textdaten><fussnoten><Content><P>V nur mit Überschrift aufgenommen <BR/></P></Content></fussnoten></textdaten></norm>
</dokumente>