<?xml version="1.0" encoding="UTF-8" ?><!DOCTYPE dokumente SYSTEM "http://www.gesetze-im-internet.de/dtd/1.01/gii-norm.dtd">
<dokumente builddate="20161021222002" doknr="BJNR002870941"><norm builddate="20161021222002" doknr="BJNR002870941"><metadaten><jurabk>KnVAusbauV</jurabk><ausfertigung-datum manuell="ja">1941-05-19</ausfertigung-datum><fundstelle typ="amtlich"><periodikum>RGBl I</periodikum><zitstelle>1941, 287</zitstelle></fundstelle><langue>Verordnung über den weiteren Ausbau der knappschaftlichen Versicherung</langue><standangabe checked="ja"><standtyp>Stand</standtyp><standkommentar>Zuletzt geändert durch Art. 22 Nr. 1 G v. 22.12.1983 I 1532</standkommentar></standangabe><standangabe checked="ja"><standtyp>Aufh</standtyp><standkommentar>V aufgeh. mit Ausnahme des § 2 Abs. 1 durch Art. 22 Nr. 1 G 63-19 v. 22.12.1983 mWv 1.1.1984</standkommentar></standangabe></metadaten><textdaten><fussnoten><Content><P><BR/> <pre xml:space="preserve">(+++ Textnachweis Geltung ab: 1.1.1984 +++)<BR/><BR/></pre></P></Content></fussnoten></textdaten></norm>
<norm builddate="20161021222002" doknr="BJNR002870941BJNE000700326"><metadaten><jurabk>KnVAusbauV</jurabk><enbez>Eingangsformel</enbez></metadaten><textdaten><text format="XML"><Content><P>Der Ministerrat für die Reichsverteidigung verordnet mit Gesetzeskraft:</P></Content></text></textdaten></norm>
<norm builddate="20161021222002" doknr="BJNR002870941BJNG000100326"><metadaten><jurabk>KnVAusbauV</jurabk><gliederungseinheit><gliederungskennzahl>010</gliederungskennzahl><gliederungsbez>Abschnitt I</gliederungsbez><gliederungstitel>Neuordnung der Krankenversicherung
der Bergleute</gliederungstitel></gliederungseinheit></metadaten><textdaten><text format="XML"><Content><P/></Content></text></textdaten></norm>
<norm builddate="20161021222002" doknr="BJNR002870941BJNE000800326"><metadaten><jurabk>KnVAusbauV</jurabk><enbez>§ 1</enbez></metadaten><textdaten><text format="XML"><Content><P>-</P></Content></text><fussnoten/></textdaten></norm>
<norm builddate="20161021222002" doknr="BJNR002870941BJNE000900326"><metadaten><jurabk>KnVAusbauV</jurabk><enbez>§ 2</enbez></metadaten><textdaten><text format="XML"><Content><P>(1) Über die Zuständigkeit ... der besonderen Krankenkassen sowie über die Berechnung des Grundlohns bestimmt die Satzung das Nähere. Sie stellt Richtlinien auf für die Gewährung der Mehrleistungen. Diese können für Arbeiter, Angestellte und Rentner verschieden festgesetzt werden. Bestandteil der Satzung bildet auch die Krankenordnung.</P><P>(2)</P><P>(3) u. (4) ...</P></Content>  </text><fussnoten/></textdaten></norm>
<norm builddate="20161021222002" doknr="BJNR002870941BJNE001000326"><metadaten><jurabk>KnVAusbauV</jurabk><enbez>§ 3</enbez></metadaten><textdaten><text format="XML"><Content><P>-</P></Content></text><fussnoten/></textdaten></norm>
<norm builddate="20161021222002" doknr="BJNR002870941BJNG000200326"><metadaten><jurabk>KnVAusbauV</jurabk><gliederungseinheit><gliederungskennzahl>020</gliederungskennzahl><gliederungsbez>Abschnitt II</gliederungsbez><gliederungstitel>Gesundheitsfürsorge</gliederungstitel></gliederungseinheit></metadaten><textdaten><text format="XML"><Content><P/></Content></text></textdaten></norm>
<norm builddate="20161021222002" doknr="BJNR002870941BJNE001100326"><metadaten><jurabk>KnVAusbauV</jurabk><enbez>§ 4</enbez></metadaten><textdaten><text format="XML"><Content><P>-</P></Content></text><fussnoten/></textdaten></norm>
<norm builddate="20161021222002" doknr="BJNR002870941BJNG000300326"><metadaten><jurabk>KnVAusbauV</jurabk><gliederungseinheit><gliederungskennzahl>030</gliederungskennzahl><gliederungsbez>Abschnitt III</gliederungsbez><gliederungstitel>Krankenversicherung der
Rentner</gliederungstitel></gliederungseinheit></metadaten><textdaten><text format="XML"><Content><P/></Content></text></textdaten></norm>
<norm builddate="20161021222002" doknr="BJNR002870941BJNE001200326"><metadaten><jurabk>KnVAusbauV</jurabk><enbez>§ 5</enbez></metadaten><textdaten><text format="XML"><Content><P>-</P></Content></text><fussnoten/></textdaten></norm>
<norm builddate="20161021222002" doknr="BJNR002870941BJNG000400326"><metadaten><jurabk>KnVAusbauV</jurabk><gliederungseinheit><gliederungskennzahl>040</gliederungskennzahl><gliederungsbez>Abschnitt IV</gliederungsbez><gliederungstitel>Gemeinschaftshilfe des
Reichsstocks für Arbeitseinsatz</gliederungstitel></gliederungseinheit></metadaten><textdaten><text format="XML"><Content><P/></Content></text></textdaten></norm>
<norm builddate="20161021222002" doknr="BJNR002870941BJNE001300326"><metadaten><jurabk>KnVAusbauV</jurabk><enbez>§ 6</enbez></metadaten><textdaten><text format="XML"><Content><P>-</P></Content></text><fussnoten/></textdaten></norm>
<norm builddate="20161021222002" doknr="BJNR002870941BJNG000500326"><metadaten><jurabk>KnVAusbauV</jurabk><gliederungseinheit><gliederungskennzahl>050</gliederungskennzahl><gliederungsbez>Abschnitt V</gliederungsbez><gliederungstitel>Umfang der Versicherung</gliederungstitel></gliederungseinheit></metadaten><textdaten><text format="XML"><Content><P/></Content></text></textdaten></norm>
<norm builddate="20161021222002" doknr="BJNR002870941BJNE001400326"><metadaten><jurabk>KnVAusbauV</jurabk><enbez>§ 7</enbez></metadaten><textdaten><text format="XML"><Content><P>-</P></Content></text><fussnoten/></textdaten></norm>
<norm builddate="20161021222002" doknr="BJNR002870941BJNE001500326"><metadaten><jurabk>KnVAusbauV</jurabk><enbez>§ 8</enbez></metadaten><textdaten><text format="XML"><Content><P>-</P></Content></text><fussnoten/></textdaten></norm>
<norm builddate="20161021222002" doknr="BJNR002870941BJNG000600326"><metadaten><jurabk>KnVAusbauV</jurabk><gliederungseinheit><gliederungskennzahl>060</gliederungskennzahl><gliederungsbez>Abschnitt VI</gliederungsbez><gliederungstitel>Übergangs- und Schlußvorschriften</gliederungstitel></gliederungseinheit></metadaten><textdaten><text format="XML"><Content><P/></Content></text></textdaten></norm>
<norm builddate="20161021222002" doknr="BJNR002870941BJNE001600326"><metadaten><jurabk>KnVAusbauV</jurabk><enbez>(XXXX) §§ 9 u. 10</enbez><titel format="XML">(weggefallen)</titel></metadaten><textdaten><text format="XML"><Content><P/></Content></text><fussnoten/></textdaten></norm>
<norm builddate="20161021222002" doknr="BJNR002870941BJNE001700326"><metadaten><jurabk>KnVAusbauV</jurabk><enbez>§ 11</enbez></metadaten><textdaten><text format="XML"><Content><P>Diese Verordnung tritt mit dem 1. Mai 1941 in Kraft.</P></Content></text></textdaten></norm>
<norm builddate="20161021222002" doknr="BJNR002870941BJNE001800326"><metadaten><jurabk>KnVAusbauV</jurabk><enbez>§ 12</enbez></metadaten><textdaten><text format="XML"><Content><P>-</P></Content></text><fussnoten/></textdaten></norm>
</dokumente>