<?xml version="1.0" encoding="UTF-8" ?><!DOCTYPE dokumente SYSTEM "http://www.gesetze-im-internet.de/dtd/1.01/gii-norm.dtd">
<dokumente builddate="20120625153906" doknr="BJNR208160972"><norm builddate="20120625153906" doknr="BJNR208160972"><metadaten><jurabk>EUROCONTROLÜbkZProt</jurabk><ausfertigung-datum manuell="ja">1970-07-06</ausfertigung-datum><fundstelle typ="amtlich"><periodikum>BGBl II</periodikum><zitstelle>1972, 816</zitstelle></fundstelle><langue>Zusatzprotokoll zum Internationalen Übereinkommen über Zusammenarbeit zur
Sicherung der Luftfahrt &quot;EUROCONTROL&quot;</langue></metadaten><textdaten><text format="decorated"/><fussnoten><Content><P>V v. 26.7.1972 II 814 <BR/>Inkraft gem. Bek. v. 11.9.1972 II 1121 mWv 1.8.1972</P></Content></fussnoten></textdaten></norm>
</dokumente>