<?xml version="1.0" encoding="UTF-8" ?><!DOCTYPE dokumente SYSTEM "http://www.gesetze-im-internet.de/dtd/1.01/gii-norm.dtd">
<dokumente builddate="20120625150141" doknr="BJNR172300999"><norm builddate="20120625150141" doknr="BJNR172300999"><metadaten><jurabk>BKOrgErl1999Bek</jurabk><ausfertigung-datum manuell="ja">1999-07-16</ausfertigung-datum><fundstelle typ="amtlich"><periodikum>BGBl I</periodikum><zitstelle>1999, 1723</zitstelle></fundstelle><langue>Bekanntmachung des Organisationserlasses des Bundeskanzlers</langue></metadaten><textdaten><text format="XML"><Content><P/></Content></text><fussnoten><Content><P>(+++ Textnachweis ab: 16. 7.1999 +++)</P></Content></fussnoten></textdaten></norm>
<norm builddate="20120625150141" doknr="BJNR172300999BJNE000100305"><metadaten><jurabk>BKOrgErl1999Bek</jurabk><enbez>(XXXX)</enbez></metadaten><textdaten><text format="XML"><Content><P>Nachstehend mache ich den Organisationserlaß des Bundeskanzlers vom 16. Juli 1999 bekannt, der mit Wirkung vom gleichen Tage in Kraft tritt.<BR/>&quot;Gemäß § 9 der Geschäftsordnung der Bundesregierung ordne ich mit sofortiger Wirkung an: <BR/>Dem Bundesministerium für Umwelt, Naturschutz und Reaktorsicherheit wird aus dem Geschäftsbereich des Bundesministeriums für Arbeit und Sozialordnung die Zuständigkeit für den Bereich Strahlenschutz in der Radiologie übertragen.<BR/>Die Einzelheiten des Überganges werden zwischen den beteiligten Mitgliedern der Bundesregierung geregelt und dem Chef des Bundeskanzleramtes mitgeteilt.&quot;</P><P><SP>Der Chef des Bundeskanzleramtes</SP></P></Content></text></textdaten></norm>
</dokumente>