<?xml version="1.0" encoding="UTF-8" ?><!DOCTYPE dokumente SYSTEM "http://www.gesetze-im-internet.de/dtd/1.01/gii-norm.dtd">
<dokumente builddate="20210825213030" doknr="BJNR323400016"><norm builddate="20210825213030" doknr="BJNR323400016"><metadaten><jurabk>BTHG</jurabk><amtabk>BTHG</amtabk><ausfertigung-datum manuell="ja">2016-12-23</ausfertigung-datum><fundstelle typ="amtlich"><periodikum>BGBl I</periodikum><zitstelle>2016, 3234</zitstelle></fundstelle><kurzue>Bundesteilhabegesetz</kurzue><langue>Gesetz zur Stärkung der Teilhabe und Selbstbestimmung von Menschen mit Behinderungen</langue><standangabe checked="ja"><standtyp>Stand</standtyp><standkommentar>Zuletzt geändert durch Art. 8 G v. 2.6.2021 I 1387</standkommentar></standangabe></metadaten><textdaten><fussnoten><Content><P><BR/> <pre xml:space="preserve">(+++ Textnachweis ab: 1.1.2018 +++)<BR/><BR/></pre></P></Content></fussnoten></textdaten></norm>
<norm builddate="20210825213030" doknr="BJNR323400016BJNE000100000"><metadaten><jurabk>BTHG</jurabk><enbez>Eingangsformel</enbez></metadaten><textdaten><text format="XML"><Content><P>Der Bundestag hat mit Zustimmung des Bundesrates das folgende Gesetz beschlossen:</P></Content></text></textdaten></norm>
<norm builddate="20210825213030" doknr="BJNR323400016BJNE000200000"><metadaten><jurabk>BTHG</jurabk><enbez>Inhaltsübersicht</enbez></metadaten><textdaten><text format="XML"><TOC><table colsep="0" frame="none" pgwide="1" rowsep="0" tocentry="%yes;"><tgroup align="left" char="" charoff="50" cols="2"><colspec colname="col1" colnum="1" colwidth="15*"/><colspec align="justify" colname="col2" colnum="2" colwidth="65*"/><tbody valign="top"><row><entry VJ="1" colname="col1"><noindex>Artikel  1</noindex></entry><entry VJ="1" colname="col2"><noindex>Sozialgesetzbuch Neuntes Buch – Rehabilitation und Teilhabe von Menschen mit Behinderungen – (Neuntes Buch Sozialgesetzbuch – SGB IX)</noindex></entry></row><row><entry VJ="1" colname="col1"><noindex>Artikel  2</noindex></entry><entry VJ="1" colname="col2"><noindex>Änderung des Neunten Buches Sozialgesetzbuch (Übergangsrecht zum Jahr 2017)</noindex></entry></row><row><entry VJ="1" colname="col1"><noindex>Artikel  3</noindex></entry><entry VJ="1" colname="col2"><noindex>Änderung des Ersten Buches Sozialgesetzbuch</noindex></entry></row><row><entry VJ="1" colname="col1"><noindex>Artikel  4</noindex></entry><entry VJ="1" colname="col2"><noindex>Änderung des Zweiten Buches Sozialgesetzbuch</noindex></entry></row><row><entry VJ="1" colname="col1"><noindex>Artikel  5</noindex></entry><entry VJ="1" colname="col2"><noindex>Änderung des Dritten Buches Sozialgesetzbuch</noindex></entry></row><row><entry VJ="1" colname="col1"><noindex>Artikel  6</noindex></entry><entry VJ="1" colname="col2"><noindex>Änderung des Fünften Buches Sozialgesetzbuch</noindex></entry></row><row><entry VJ="1" colname="col1"><noindex>Artikel  7</noindex></entry><entry VJ="1" colname="col2"><noindex>Änderung des Sechsten Buches Sozialgesetzbuch</noindex></entry></row><row><entry VJ="1" colname="col1"><noindex>Artikel  8</noindex></entry><entry VJ="1" colname="col2"><noindex>Änderung des Siebten Buches Sozialgesetzbuch</noindex></entry></row><row><entry VJ="1" colname="col1"><noindex>Artikel  9</noindex></entry><entry VJ="1" colname="col2"><noindex>Änderung des Achten Buches Sozialgesetzbuch</noindex></entry></row><row><entry VJ="1" colname="col1"><noindex>Artikel 10</noindex></entry><entry VJ="1" colname="col2"><noindex>Änderung des Elften Buches Sozialgesetzbuch</noindex></entry></row><row><entry VJ="1" colname="col1"><noindex>Artikel 11</noindex></entry><entry VJ="1" colname="col2"><noindex>Änderung des Zwölften Buches Sozialgesetzbuch zum Jahr 2017</noindex></entry></row><row><entry VJ="1" colname="col1"><noindex>Artikel 12</noindex></entry><entry VJ="1" colname="col2"><noindex>Änderung des Zwölften Buches Sozialgesetzbuch zum Jahr 2018</noindex></entry></row><row><entry VJ="1" colname="col1"><noindex>Artikel 13</noindex></entry><entry VJ="1" colname="col2"><noindex>Änderung des Zwölften Buches Sozialgesetzbuch zum Jahr 2020</noindex></entry></row><row><entry VJ="1" colname="col1"><noindex>Artikel 14</noindex></entry><entry VJ="1" colname="col2"><noindex>Änderung des Bundesversorgungsgesetzes</noindex></entry></row><row><entry VJ="1" colname="col1"><noindex>Artikel 15</noindex></entry><entry VJ="1" colname="col2"><noindex>Weitere Änderung des Bundesversorgungsgesetzes zum Jahr 2020</noindex></entry></row><row><entry VJ="1" colname="col1"><noindex>Artikel 16</noindex></entry><entry VJ="1" colname="col2"><noindex>Änderung des Umsatzsteuergesetzes zum Jahr 2017</noindex></entry></row><row><entry VJ="1" colname="col1"><noindex>Artikel 17</noindex></entry><entry VJ="1" colname="col2"><noindex>Änderung des Umsatzsteuergesetzes zum Jahr 2018</noindex></entry></row><row><entry VJ="1" colname="col1"><noindex>Artikel 18</noindex></entry><entry VJ="1" colname="col2"><noindex>Änderungen weiterer Vorschriften in Zusammenhang mit Artikel 2</noindex></entry></row><row><entry VJ="1" colname="col1"><noindex>Artikel 19</noindex></entry><entry VJ="1" colname="col2"><noindex>Weitere Änderungen zum Jahr 2018</noindex></entry></row><row><entry VJ="1" colname="col1"><noindex>Artikel 20</noindex></entry><entry VJ="1" colname="col2"><noindex>Weitere Änderungen zum Jahr 2020</noindex></entry></row><row><entry VJ="1" colname="col1"><noindex>Artikel 21</noindex></entry><entry VJ="1" colname="col2"><noindex>Änderung der Eingliederungshilfe-Verordnung</noindex></entry></row><row><entry VJ="1" colname="col1"><noindex>Artikel 22</noindex></entry><entry VJ="1" colname="col2"><noindex>Änderung der Werkstätten-Mitwirkungsverordnung</noindex></entry></row><row><entry VJ="1" colname="col1"><noindex>Artikel 23</noindex></entry><entry VJ="1" colname="col2"><noindex>Änderung der Frühförderungsverordnung</noindex></entry></row><row><entry VJ="1" colname="col1"><noindex>Artikel 24</noindex></entry><entry VJ="1" colname="col2"><noindex>Änderung der Aufwendungserstattungs-Verordnung</noindex></entry></row><row><entry VJ="1" colname="col1">Artikel 25</entry><entry VJ="1" colname="col2">Bekanntmachungserlaubnis und Umsetzungsunterstützung</entry></row><row><entry VJ="1" colname="col1"><noindex>Artikel 25a</noindex></entry><entry VJ="1" colname="col2"><noindex>Änderung des Neunten Buches Sozialgesetzbuch zum Jahr 2023</noindex></entry></row><row><entry VJ="1" colname="col1"><noindex>Artikel 26</noindex></entry><entry VJ="1" colname="col2"><noindex>Inkrafttreten, Außerkrafttreten</noindex></entry></row></tbody></tgroup></table></TOC></text></textdaten></norm>
<norm builddate="20210825213030" doknr="BJNR323400016BJNE000300000"><metadaten><jurabk>BTHG</jurabk><enbez>Art 1</enbez><titel format="XML">Sozialgesetzbuch Neuntes Buch – Rehabilitation und Teilhabe von Menschen mit Behinderungen –</titel></metadaten><textdaten><text format="XML"><Content><P/></Content></text><fussnoten/></textdaten></norm>
<norm builddate="20210825213030" doknr="BJNR323400016BJNE000404126"><metadaten><jurabk>BTHG</jurabk><enbez>(XXXX) Art 2 bis 12</enbez><titel format="XML">Änderungsvorschriften</titel></metadaten><textdaten><text format="XML"><Content><P/></Content></text><fussnoten/></textdaten></norm>
<norm builddate="20210825213030" doknr="BJNR323400016BJNE000405126"><metadaten><jurabk>BTHG</jurabk><enbez>Art 13</enbez><titel format="XML">Änderungsvorschrift</titel></metadaten><textdaten><text format="XML"><Content><P/></Content></text><fussnoten/></textdaten></norm>
<norm builddate="20210825213030" doknr="BJNR323400016BJNE000406126"><metadaten><jurabk>BTHG</jurabk><enbez>(XXXX) Art 14 bis 18</enbez><titel format="XML">Änderungsvorschriften</titel></metadaten><textdaten><text format="XML"><Content><P/></Content></text><fussnoten/></textdaten></norm>
<norm builddate="20210825213030" doknr="BJNR323400016BJNE000402119"><metadaten><jurabk>BTHG</jurabk><enbez>Art 19</enbez><titel format="XML">Änderungsvorschrift</titel></metadaten><textdaten><text format="XML"><Content><P/></Content></text><fussnoten/></textdaten></norm>
<norm builddate="20210825213030" doknr="BJNR323400016BJNE000403119"><metadaten><jurabk>BTHG</jurabk><enbez>(XXXX) Art 20 bis 24</enbez><titel format="XML">Änderungsvorschriften</titel></metadaten><textdaten><text format="XML"><Content><P/></Content></text><fussnoten/></textdaten></norm>
<norm builddate="20210825213030" doknr="BJNR323400016BJNE000504377"><metadaten><jurabk>BTHG</jurabk><enbez>Art 25</enbez><titel format="XML">Bekanntmachungserlaubnis und Umsetzungsunterstützung</titel></metadaten><textdaten><text format="XML"><Content><P>(1) Das Bundesministerium für Arbeit und Soziales kann den Wortlaut des Zwölften Buches Sozialgesetzbuch in der vom 1. Januar 2020 an geltenden Fassung im Bundesgesetzblatt bekannt machen.</P><P>(2) Das Bundesministerium für Arbeit und Soziales kann im Einvernehmen mit den Ländern die Ausführung der Leistungen nach Artikel 1 Teil 2 untersuchen und die Träger der Eingliederungshilfe bei der Umsetzung der neu eingeführten Regelungen begleiten. Die Erkenntnisse aus der Untersuchung und der Umsetzungsbegleitung sollen ab dem 1. Januar 2020 mit den Erkenntnissen der Evidenzbeobachtung in der Eingliederungshilfe zusammengeführt werden. Soweit das Bundesministerium für Arbeit und Soziales Dritte in die Durchführung der Untersuchung oder der Umsetzungsbegleitung einbezieht, setzt es sich vorab mit den Ländern hierzu ins Benehmen.</P><P>(3) Das Bundesministerium für Arbeit und Soziales fördert in den Jahren 2017 bis 2021 im Einvernehmen mit den zuständigen Landesbehörden Projekte zur modellhaften Erprobung der zum 1. Januar 2020 in Kraft tretenden Verfahren und Leistungen nach Artikel 1 Teil 2 einschließlich ihrer Bezüge zu anderen Leistungen der sozialen Sicherung in einer begrenzten Anzahl von ausgewählten Trägern der Eingliederungshilfe. Das Bundesministerium für Arbeit und Soziales lässt die Erprobung wissenschaftlich untersuchen und stellt hierzu das Einvernehmen mit dem Bundesministerium für Gesundheit her, soweit dessen Ressortzuständigkeit berührt ist.</P><P>(4) Das Bundesministerium für Arbeit und Soziales untersucht in den Jahren 2017 bis 2021 die Entwicklung der jährlichen Einnahmen und Ausgaben bei den Leistungen der Eingliederungshilfe auf der Grundlage der Bundesstatistik und von Erhebungen bei den Trägern der Eingliederungshilfe, die im Einvernehmen mit den Ländern durchgeführt werden. Soweit das Bundesministerium für Arbeit und Soziales Dritte in die Durchführung der Untersuchung einbezieht, setzt es sich vorab mit den Ländern hierzu ins Benehmen. Dabei sollen insbesondere die finanziellen Auswirkungen der <DL Type="arabic"><DT>1.</DT><DD Font="normal"><LA>verbesserten Einkommens- und Vermögensanrechnung,</LA></DD><DT>2.</DT><DD Font="normal"><LA>Einführung des Budgets für Arbeit und der anderen Leistungsanbieter,</LA></DD><DT>3.</DT><DD Font="normal"><LA>neuen Leistungskataloge für die soziale Teilhabe und die Teilhabe an Bildung,</LA></DD><DT>4.</DT><DD Font="normal"><LA>Trennung der Fachleistungen der Eingliederungshilfe von den Leistungen zum Lebensunterhalt,</LA></DD><DT>5.</DT><DD Font="normal"><LA>Einführung eines trägerübergreifenden Teilhabeplanverfahrens sowie</LA></DD><DT>6.</DT><DD Font="normal"><LA>Einführung von Frauenbeauftragten in den Werkstätten für behinderte Menschen</LA></DD></DL>untersucht werden. Bei der Untersuchung stellt das Bundesministerium für Arbeit und Soziales das Einvernehmen mit dem Bundesministerium der Finanzen und dem Bundesministerium für Gesundheit her, soweit deren Ressortzuständigkeit berührt ist.</P><P>(5) Das Bundesministerium für Arbeit und Soziales untersucht in den Jahren 2017 und 2018 die rechtlichen Wirkungen von Artikel 25a § 99 auf den leistungsberechtigten Personenkreis der Eingliederungshilfe und legt dem Bundestag und dem Bundesrat bis zum 30. Juni 2018 einen Bericht über das Ergebnis der Untersuchung vor. Dabei sollen insbesondere die gesetzlichen Festlegungen <DL Type="arabic"><DT>1.</DT><DD Font="normal"><LA>zur Bestimmung des Näheren über die Anzahl der Lebensbereiche nach Artikel 25a § 99 Absatz 1 Satz 2,</LA></DD><DT>2.</DT><DD Font="normal"><LA>zum Verhältnis zwischen der Anzahl der Lebensbereiche und dem Ausmaß der jeweiligen Einschränkung nach Artikel 25a § 99 Absatz 1 Satz 3 und</LA></DD><DT>3.</DT><DD Font="normal"><LA>zur typisierenden Betrachtung von erheblichen Einschränkungen in den Lebensbereichen nach Artikel 25a § 99 Absatz 2 Satz 2 und Absatz 3</LA></DD></DL>untersucht und konkretisiert werden mit dem Ziel, den leistungsberechtigten Personenkreis des am 31. Dezember 2016 für die Eingliederungshilfe geltenden Rechts beizubehalten und Hinweise auf die zu bestimmenden Inhalte des Bundesgesetzes nach Artikel 25a § 99 Absatz 7 zu geben.</P><P>(6) Das Bundesministerium für Arbeit und Soziales untersucht in den Jahren 2020 und 2021, welcher Anteil den Leistungsberechtigten nach dem Vierten Kapitel des Zwölften Buches Sozialgesetzbuch, denen Bedarfe für Unterkunft und Heizung nach § 42a Absatz 5 und 6 der nach Artikel 13 Nummer 15 geltenden Fassung anerkannt werden, von dem nach § 28 Absatz 3 des Zwölften Buches Sozialgesetzbuch an sie gezahlten Regelsatz zur eigenverantwortlichen Deckung von durch die Regelbedarfe abgedeckten Bedarfen zur Verfügung steht, und berichtet im Jahr 2022 dem Bundestag und dem Bundesrat über das Ergebnis der Untersuchung.</P><P>(7) Das Bundesministerium für Arbeit und Soziales berichtet dem Bundestag und dem Bundesrat in den Jahren 2018, 2019 und 2022 zum Stand und zu den Ergebnissen der Maßnahmen nach den Absätzen 2 bis 4.</P></Content></text><fussnoten/></textdaten></norm>
<norm builddate="20210825213030" doknr="BJNR323400016BJNE000600000"><metadaten><jurabk>BTHG</jurabk><enbez>Art 25a</enbez><titel format="XML">Änderungsvorschrift</titel></metadaten><textdaten><text format="XML"><Content><P/></Content></text><fussnoten/></textdaten></norm>
<norm builddate="20210825213030" doknr="BJNR323400016BJNE000701119"><metadaten><jurabk>BTHG</jurabk><enbez>Art 26</enbez><titel format="XML">Inkrafttreten, Außerkrafttreten</titel></metadaten><textdaten><text format="XML"><Content><P>(1) Dieses Gesetz tritt vorbehaltlich der Absätze 2 bis 4 am 1. Januar 2018 in Kraft.<noindex>Gleichzeitig treten das Neunte Buch Sozialgesetzbuch – Rehabilitation und Teilhabe behinderter Menschen – (Artikel 1 des Gesetzes vom 19. Juni 2001, BGBl. I S. 1046, 1047), das zuletzt durch Artikel 2 dieses Gesetzes geändert worden ist, und die Budgetverordnung vom 27. Mai 2004 (BGBl. I S. 1055) außer Kraft.</noindex></P><P>(2) Die Artikel 2, 7 Nummer 4a, die Artikel 18, 22 und 25 Absatz 2 treten am Tag nach der Verkündung in Kraft.</P><P><noindex>(3) Die Artikel 11 und 16 treten am 1. Januar 2017 in Kraft.</noindex></P><P><noindex>(4) Am 1. Januar 2020 treten in Kraft <DL Font="normal" Type="arabic"><DT>1.</DT><DD Font="normal"><LA Size="normal">in Artikel 1 Teil 2 die Kapitel 1 bis 7 sowie 9 bis 11 mit Ausnahme von § 94 Absatz 1,</LA></DD><DT>2.</DT><DD Font="normal"><LA Size="normal">Artikel 6 Nummer 2 Buchstabe b und Nummer 13a,</LA></DD><DT>3.</DT><DD Font="normal"><LA Size="normal">Artikel 9,</LA></DD><DT>4.</DT><DD Font="normal"><LA Size="normal">Artikel 10 Nummer 3,</LA></DD><DT>5.</DT><DD Font="normal"><LA Size="normal">die Artikel 13, 15 und 20.</LA></DD></DL>Gleichzeitig tritt die Eingliederungshilfe-Verordnung in der Fassung der Bekanntmachung vom 1. Februar 1975 (BGBl. I S. 433), die zuletzt durch Artikel 21 dieses Gesetzes geändert worden ist, außer Kraft.</noindex></P><P><noindex>(5) Artikel 25a tritt am 1. Januar 2023 in Kraft, wenn bis zu diesem Zeitpunkt das Bundesgesetz nach Artikel 25a § 99 Absatz 7 verkündet wurde. Das Bundesministerium für Arbeit und Soziales kann den Wortlaut von § 99 des Neunten Buches Sozialgesetzbuch in der vom 1. Januar 2023 an geltenden Fassung im Bundesgesetzblatt bekannt machen.</noindex></P></Content></text><fussnoten/></textdaten></norm>
</dokumente>