<?xml version="1.0" encoding="UTF-8" ?><!DOCTYPE dokumente SYSTEM "http://www.gesetze-im-internet.de/dtd/1.01/gii-norm.dtd">
<dokumente builddate="20200305213018" doknr="BJNR043300003"><norm builddate="20200305213018" doknr="BJNR043300003"><metadaten><jurabk>SchSiMeistPrV</jurabk><ausfertigung-datum manuell="ja">2003-03-26</ausfertigung-datum><fundstelle typ="amtlich"><periodikum>BGBl I</periodikum><zitstelle>2003, 433</zitstelle></fundstelle><langue>Verordnung über die Prüfung zum anerkannten Abschluss Geprüfter Meister/Geprüfte Meisterin für Schutz und Sicherheit</langue><standangabe checked="ja"><standtyp>Stand</standtyp><standkommentar>Zuletzt geändert durch Art. 23 V v. 9.12.2019 I 2153</standkommentar></standangabe></metadaten><textdaten><fussnoten><Content><P><BR/> <pre xml:space="preserve">(+++ Textnachweis ab: 4.4.2003 +++)<BR/><BR/></pre>(+++ Zur Anwendung vgl. §§ 1 u. 3 FortbVenÄndV6AnwV +++)</P></Content></fussnoten></textdaten></norm>
<norm builddate="20200305213018" doknr="BJNR043300003BJNE000000000"><metadaten><jurabk>SchSiMeistPrV</jurabk><enbez>Eingangsformel</enbez></metadaten><textdaten><text format="XML"><Content><P>Auf Grund des § 46 Abs. 2 des Berufsbildungsgesetzes vom 14. August 1969 (BGBl. I S. 1112), der zuletzt durch Artikel 212 Nr. 4 der Verordnung vom 29. Oktober 2001 (BGBl. I S. 2785) geändert worden ist, in Verbindung mit § 1 des Zuständigkeitsanpassungsgesetzes vom 16. August 2002 (BGBl. I S. 3165) und dem Organisationserlass vom 22. Oktober 2002 (BGBl. I S. 4206) verordnet das Bundesministerium für Bildung und Forschung nach Anhörung des Ständigen Ausschusses des Bundesinstituts für Berufsbildung im Einvernehmen mit dem Bundesministerium für Wirtschaft und Arbeit:</P></Content></text></textdaten></norm>
<norm builddate="20200305213018" doknr="BJNR043300003BJNE000100000"><metadaten><jurabk>SchSiMeistPrV</jurabk><enbez>§ 1</enbez><titel format="parat">Ziel der Prüfung und Bezeichnung des Abschlusses</titel></metadaten><textdaten><text format="XML"><Content><P>(1) Zum Nachweis von Kenntnissen, Fertigkeiten und Erfahrungen, die durch die berufliche Fortbildung zum Geprüften Meister/zur Geprüften Meisterin für Schutz und Sicherheit erworben worden sind, kann die zuständige Stelle Prüfungen nach den §§ 2 bis 10 durchführen.</P><P>(2) Ziel der Prüfung ist der Nachweis der Qualifikation zum Geprüften Meister/zur Geprüften Meisterin für Schutz und Sicherheit und damit die Befähigung: <DL Font="normal" Type="arabic"><DT>1.</DT><DD Font="normal"><LA Size="normal">in privaten und öffentlichen Unternehmen unterschiedlicher Größe und Branchenzugehörigkeit sowie in verschiedenen Bereichen und Tätigkeitsfeldern eines Unternehmens Sach-, Organisations- und Führungsaufgaben wahrzunehmen und</LA></DD> <DT>2.</DT><DD Font="normal"><LA Size="normal">sich auf veränderte Methoden und Systeme, auf sich verändernde Strukturen der Arbeitsorganisation und auf neue Methoden der Organisationsentwicklung, der Personalführung und -entwicklung flexibel einzustellen sowie den technisch-organisatorischen Wandel im Unternehmen mitzugestalten.</LA></DD> </DL> </P><P>(3) Durch die Prüfung ist festzustellen, ob die Qualifikation vorhanden ist, folgende im Zusammenhang stehende Aufgaben eines Geprüften Meisters/einer Geprüften Meisterin für Schutz und Sicherheit wahrnehmen zu können: <DL Font="normal" Type="arabic"><DT>1.</DT><DD Font="normal"><LA Size="normal">Planen und Organisieren von Sicherheits- und Ordnungsaufgaben unter Berücksichtigung technischer, wirtschaftlicher, rechtlicher, personeller und sozialer Rahmenbedingungen;</LA></DD> <DT>2.</DT><DD Font="normal"><LA Size="normal">Durchführen von Sicherheitsanalysen und Entwickeln von Sicherheitskonzepten; Übertragen von Sicherheits- und Ordnungsaufgaben auf die Mitarbeiter und Mitarbeiterinnen unter Berücksichtigung ihrer Leistungsfähigkeit, Qualifikation und Eignung;</LA></DD> <DT>3.</DT><DD Font="normal"><LA Size="normal">Führen und Fördern von Mitarbeitern und Mitarbeiterinnen; dazu gehören ihre Einführung in neue Arbeitsbereiche, ihre Anleitung zu selbstständigem und verantwortlichem Handeln, ihre Vorbereitung auf besondere psychologische Anforderungen ihrer Tätigkeit sowie die verantwortliche Ausbildung von Auszubildenden;</LA></DD> <DT>4.</DT><DD Font="normal"><LA Size="normal">Überwachen von Schutz- und Sicherheitseinrichtungen; Sicherstellen der Kontrollen der eingesetzten Technik hinsichtlich ihrer Eignung und Funktion;</LA></DD> <DT>5.</DT><DD Font="normal"><LA Size="normal">Steuern der Arbeitsabläufe; Überwachen der Kosten und der Arbeitsleistung; Koordinieren von Maßnahmen zur Zusammenarbeit mit anderen Betriebseinheiten und Dritten;</LA></DD> <DT>6.</DT><DD Font="normal"><LA Size="normal">Sicherstellen qualitätssichernder Maßnahmen; in enger Zusammenarbeit mit den für die Sicherheit zuständigen Fachkräften die Einhaltung der Arbeits-, Sicherheits-, Umwelt- und Gesundheitsvorschriften gewährleisten; sensibilisieren der Mitarbeiter und Mitarbeiterinnen für Belange des Informations- und Datenschutzes.</LA></DD> </DL> </P><P>(4) Die erfolgreich abgelegte Prüfung führt zum anerkannten Abschluss Geprüfter Meister/Geprüfte Meisterin für Schutz und Sicherheit.</P></Content> </text></textdaten></norm>
<norm builddate="20200305213018" doknr="BJNR043300003BJNE000201308"><metadaten><jurabk>SchSiMeistPrV</jurabk><enbez>§ 2</enbez><titel format="XML">Umfang der Meisterqualifikation und Gliederung der Prüfung</titel></metadaten><textdaten><text format="XML"><Content><P>(1) Die Qualifikation zum Geprüften Meister/zur Geprüften Meisterin für Schutz und Sicherheit umfasst: <DL Font="normal" Type="arabic"><DT>1.</DT><DD Font="normal"><LA Size="normal">Berufs- und arbeitspädagogische Qualifikationen,</LA></DD><DT>2.</DT><DD Font="normal"><LA Size="normal">Grundlegende Qualifikationen,</LA></DD><DT>3.</DT><DD Font="normal"><LA Size="normal">Handlungsspezifische Qualifikationen.</LA></DD></DL></P><P>(2) Der Erwerb der berufs- und arbeitspädagogischen Qualifikationen gemäß der Ausbilder-Eignungsverordnung nach dem Berufsbildungsgesetz oder auf Grund einer anderen öffentlich-rechtlichen Regelung, wenn die nachgewiesenen Kenntnisse den Anforderungen nach den §§ 2 bis 4 der Ausbilder-Eignungsverordnung gleichwertig sind, ist nachzuweisen. Der Nachweis ist vor Beginn der letzten Prüfungsleistung zu erbringen.</P><P>(3) Die Prüfung zum Geprüften Meister/zur Geprüften Meisterin für Schutz und Sicherheit gliedert sich in die Prüfungsteile: <DL Font="normal" Type="arabic"><DT>1.</DT><DD Font="normal"><LA Size="normal">Grundlegende Qualifikationen und</LA></DD><DT>2.</DT><DD Font="normal"><LA Size="normal">Handlungsspezifische Qualifikationen.</LA></DD></DL></P><P>(4) Im Prüfungsteil nach Absatz 3 Nr. 1 ist schriftlich in Form von anwendungsbezogenen Aufgabenstellungen gemäß § 4 zu prüfen.</P><P>(5) Im Prüfungsteil nach Absatz 3 Nr. 2 ist schriftlich und mündlich in Form von handlungsspezifischen Aufgabenstellungen gemäß § 5 zu prüfen.</P></Content></text><fussnoten/></textdaten></norm>
<norm builddate="20200305213018" doknr="BJNR043300003BJNE000301308"><metadaten><jurabk>SchSiMeistPrV</jurabk><enbez>§ 3</enbez><titel format="XML">Zulassungsvoraussetzungen</titel></metadaten><textdaten><text format="XML"><Content><P>(1) Zur Prüfung im Prüfungsteil „Grundlegende Qualifikationen“ ist zuzulassen, wer Folgendes nachweist: <DL Font="normal" Type="arabic"><DT>1.</DT><DD Font="normal"><LA Size="normal">eine mit Erfolg abgelegte Abschlussprüfung in einem dreijährigen anerkannten Ausbildungsberuf, der einem sicherheitsrelevanten Beruf zugeordnet werden kann, oder</LA></DD><DT>2.</DT><DD Font="normal"><LA Size="normal">eine mit Erfolg abgelegte Abschlussprüfung in einem anderen sicherheitsrelevanten anerkannten Ausbildungsberuf und eine mindestens einjährige Berufspraxis oder</LA></DD><DT>3.</DT><DD Font="normal"><LA Size="normal">eine mit Erfolg abgelegte Abschlussprüfung in einem anderen anerkannten Ausbildungsberuf und eine mindestens zweijährige Berufspraxis oder</LA></DD><DT>4.</DT><DD Font="normal"><LA Size="normal">eine mindestens vierjährige Berufspraxis oder</LA></DD><DT>5.</DT><DD Font="normal"><LA Size="normal">eine mit Erfolg abgelegte Prüfung zur Geprüften Werkschutzfachkraft.</LA></DD></DL></P><P>(2) Zur Prüfung im Prüfungsteil &quot;Handlungsspezifische Qualifikationen&quot; ist zuzulassen, wer Folgendes nachweist: <DL Font="normal" Type="arabic"><DT>1.</DT><DD Font="normal"><LA Size="normal">das Ablegen des Prüfungsteils &quot;Grundlegende Qualifikationen&quot;, das nicht länger als fünf Jahre zurückliegt, und</LA></DD><DT>2.</DT><DD Font="normal"><LA Size="normal">zu den in Absatz 1 Nummer 1 bis 5 genannten Voraussetzungen ein weiteres Jahr Berufspraxis.</LA></DD></DL></P><P>(3) Die Berufspraxis gemäß den Absätzen 1 und 2 soll wesentliche Bezüge zu den Aufgaben eines Geprüften Meisters/einer Geprüften Meisterin für Schutz und Sicherheit gemäß § 1 Abs. 3 haben.</P><P>(4) Abweichend von den in den Absätzen 1 und 2 Nr. 2 genannten Voraussetzungen kann zur Prüfung in den Prüfungsteilen auch zugelassen werden, wer durch Vorlage von Zeugnissen oder auf andere Weise glaubhaft macht, Kenntnisse, Fertigkeiten und Erfahrungen erworben zu haben, die die Zulassung zur Prüfung rechtfertigen.</P></Content></text><fussnoten/></textdaten></norm>
<norm builddate="20200305213018" doknr="BJNR043300003BJNE000400000"><metadaten><jurabk>SchSiMeistPrV</jurabk><enbez>§ 4</enbez><titel format="parat">Grundlegende Qualifikationen</titel></metadaten><textdaten><text format="XML"><Content><P>(1) Im Prüfungsteil &quot;Grundlegende Qualifikationen&quot; ist in folgenden Prüfungsbereichen zu prüfen: <DL Font="normal" Type="arabic"><DT>1.</DT><DD Font="normal"><LA Size="normal">Rechtsbewusstes Handeln,</LA></DD> <DT>2.</DT><DD Font="normal"><LA Size="normal">Betriebswirtschaftliches Handeln,</LA></DD> <DT>3.</DT><DD Font="normal"><LA Size="normal">Zusammenarbeit im Betrieb.</LA></DD> </DL> </P><P>(2) Im Prüfungsbereich &quot;Rechtsbewusstes Handeln&quot; soll die Fähigkeit nachgewiesen werden, im Rahmen praxisbezogener Handlungen einschlägige Rechtsvorschriften berücksichtigen zu können. Dazu gehört, die Arbeitsbedingungen der Mitarbeiter und Mitarbeiterinnen unter arbeitsrechtlichen Aspekten zu gestalten sowie die Arbeitssicherheit, den Gesundheitsschutz und den Umweltschutz nach rechtlichen Grundlagen zu gewährleisten und die Zusammenarbeit mit den entsprechenden Institutionen sicherzustellen. In diesem Rahmen können folgende Qualifikationsinhalte geprüft werden: <DL Font="normal" Type="arabic"><DT>1.</DT><DD Font="normal"><LA Size="normal">Berücksichtigen arbeitsrechtlicher Vorschriften und Bestimmungen bei der Gestaltung individueller Arbeitsverhältnisse und bei Fehlverhalten von Mitarbeitern und Mitarbeiterinnen, insbesondere unter Berücksichtigung des Arbeitsvertragsrechts, des Tarifvertragsrechts und betrieblicher Vereinbarungen;</LA></DD> <DT>2.</DT><DD Font="normal"><LA Size="normal">Berücksichtigen der Vorschriften des Betriebsverfassungsgesetzes und des Personalvertretungsrechts;</LA></DD> <DT>3.</DT><DD Font="normal"><LA Size="normal">Berücksichtigen rechtlicher Bestimmungen hinsichtlich der Sozialversicherungen, der Entgeltfindung sowie der Arbeitsförderung;</LA></DD> <DT>4.</DT><DD Font="normal"><LA Size="normal">Berücksichtigen arbeitsschutz- und arbeitssicherheitsrechtlicher Vorschriften und Bestimmungen in Abstimmung mit betrieblichen und außerbetrieblichen Institutionen;</LA></DD> <DT>5.</DT><DD Font="normal"><LA Size="normal">Berücksichtigen der Vorschriften des Umweltrechts, insbesondere hinsichtlich des Gewässer- und Bodenschutzes, der Abfallbeseitigung, der Luftreinhaltung und Lärmbekämpfung, des Strahlenschutzes und des Schutzes vor gefährlichen Stoffen;</LA></DD> <DT>6.</DT><DD Font="normal"><LA Size="normal">Berücksichtigen einschlägiger wirtschaftsrechtlicher Vorschriften und Bestimmungen sowie des Datenschutzes.</LA></DD> </DL> </P><P>(3) Im Prüfungsbereich &quot;Betriebswirtschaftliches Handeln&quot; soll die Fähigkeit nachgewiesen werden, betriebswirtschaftliche Gesichtspunkte im Rahmen praxisbezogener Handlungen berücksichtigen und volkswirtschaftliche Zusammenhänge aufzeigen zu können. Es sollen Unternehmensformen dargestellt sowie deren Auswirkungen auf die eigene Aufgabenwahrnehmung analysiert und beurteilt werden können. Weiterhin soll die Fähigkeit nachgewiesen werden, betriebliche Abläufe nach wirtschaftlichen Gesichtspunkten planen, beurteilen und beeinflussen zu können. In diesem Rahmen können folgende Qualifikationsinhalte geprüft werden: <DL Font="normal" Type="arabic"><DT>1.</DT><DD Font="normal"><LA Size="normal">Berücksichtigen von ökonomischen Handlungsprinzipien unter Einbeziehung volkswirtschaftlicher Zusammenhänge und sozialer Wirkungen;</LA></DD> <DT>2.</DT><DD Font="normal"><LA Size="normal">Berücksichtigen der Grundsätze betrieblicher Aufbau- und Ablauforganisation;</LA></DD> <DT>3.</DT><DD Font="normal"><LA Size="normal">Nutzen und Möglichkeiten der Organisationsentwicklung;</LA></DD> <DT>4.</DT><DD Font="normal"><LA Size="normal">Anwenden von Methoden der Entgeltfindung und der kontinuierlichen betrieblichen Verbesserung;</LA></DD> <DT>5.</DT><DD Font="normal"><LA Size="normal">Durchführung von Kostenarten-, Kostenstellen- und Kostenträgerrechnungen sowie von Kalkulationsverfahren.</LA></DD> </DL> </P><P>(4) Im Prüfungsbereich &quot;Zusammenarbeit im Betrieb&quot; soll die Fähigkeit nachgewiesen werden, Zusammenhänge des Sozialverhaltens erkennen, ihre Auswirkungen auf die Zusammenarbeit beurteilen und durch angemessene Maßnahmen auf eine zielorientierte und effiziente Zusammenarbeit hinwirken zu können. Die Fähigkeit umfasst, die Leistungsbereitschaft der Mitarbeiter und Mitarbeiterinnen zu fördern, betriebliche Probleme und soziale Konflikte zu lösen sowie Führungsgrundsätze berücksichtigen und angemessene Führungstechniken anwenden zu können. In diesem Rahmen können folgende Qualifikationsinhalte geprüft werden: <DL Font="normal" Type="arabic"><DT>1.</DT><DD Font="normal"><LA Size="normal">Beurteilen und Fördern der beruflichen Entwicklung Einzelner unter Beachtung des bisherigen Berufsweges und unter Berücksichtigung persönlicher und sozialer Gegebenheiten;</LA></DD> <DT>2.</DT><DD Font="normal"><LA Size="normal">Beurteilen und Berücksichtigen des Einflusses von Arbeitsorganisation und Arbeitsplatz auf das Sozialverhalten und das Betriebsklima sowie Ergreifen von Maßnahmen zur Verbesserung;</LA></DD> <DT>3.</DT><DD Font="normal"><LA Size="normal">Beurteilen von Einflüssen der Gruppenstruktur auf das Gruppenverhalten und die Zusammenarbeit sowie Entwickeln und Umsetzen von Alternativen;</LA></DD> <DT>4.</DT><DD Font="normal"><LA Size="normal">Auseinandersetzen mit eigenem und fremdem Führungsverhalten, Umsetzen von Führungsgrundsätzen;</LA></DD> <DT>5.</DT><DD Font="normal"><LA Size="normal">Anwenden von Führungsmethoden und -techniken einschließlich Vereinbarungen entsprechender Handlungsspielräume, um Leistungsbereitschaft und Zusammenarbeit der Mitarbeiter und Mitarbeiterinnen zu fördern;</LA></DD> <DT>6.</DT><DD Font="normal"><LA Size="normal">Fördern der Kommunikation und Kooperation durch Anwenden von Methoden zur Lösung betrieblicher Probleme und sozialer Konflikte.</LA></DD> </DL> </P><P>(5) Die Bearbeitungsdauer für die schriftlichen Aufgaben in den in Absatz 1 Nr. 1 bis 3 genannten Prüfungsbereichen soll insgesamt höchstens fünf Stunden betragen, für jeden Prüfungsbereich mindestens 90 Minuten.</P><P>(6) Wurde in nicht mehr als einem der in Absatz 1 Nr. 1 bis 3 genannten Prüfungsbereichen eine mangelhafte Prüfungsleistung erbracht, ist darin eine mündliche Ergänzungsprüfung anzubieten. Bei einer ungenügenden Prüfungsleistung besteht diese Möglichkeit nicht. Die Ergänzungsprüfung soll in der Regel nicht länger als 20 Minuten dauern. Die Bewertung der schriftlichen Prüfungsleistung und die der mündlichen Ergänzungsprüfung werden zu einer Note zusammengefasst. Dabei wird die Bewertung der schriftlichen Prüfungsleistung doppelt gewichtet.</P></Content> </text></textdaten></norm>
<norm builddate="20200305213018" doknr="BJNR043300003BJNE000501128"><metadaten><jurabk>SchSiMeistPrV</jurabk><enbez>§ 5</enbez><titel format="XML">Handlungsspezifische Qualifikationen</titel></metadaten><textdaten><text format="XML"><Content><P>(1) Der Prüfungsteil &quot;Handlungsspezifische Qualifikationen&quot; umfasst die Handlungsbereiche &quot;Schutz- und Sicherheitstechnik&quot;, &quot;Organisation&quot; sowie &quot;Führung und Personal&quot;. Die Handlungsbereiche werden durch die in Absatz 2 Nr. 1 bis 3 genannten Qualifikationsschwerpunkte beschrieben. Es werden drei die Handlungsbereiche integrierende Situationsaufgaben nach den Absätzen 3 bis 5 unter Berücksichtigung der grundlegenden Qualifikationen gestellt. Zwei der Situationsaufgaben sind schriftlich zu lösen, eine Situationsaufgabe ist Gegenstand des situationsgebundenen Fachgespräches nach Absatz 6. Die Situationsaufgaben sind so zu gestalten, dass alle Qualifikationsschwerpunkte der Handlungsbereiche mindestens einmal thematisiert werden. Die Prüfungsdauer der schriftlichen Situationsaufgaben beträgt jeweils mindestens drei Stunden, insgesamt jedoch nicht mehr als acht Stunden.</P><P>(2) Die Handlungsbereiche enthalten folgende Qualifikationsschwerpunkte: <DL Font="normal" Type="arabic"><DT>1.</DT><DD Font="normal"><LA Size="normal">Handlungsbereich &quot;Schutz- und Sicherheitstechnik&quot;:<DL Font="normal" Type="arabic"><DT>a)</DT><DD Font="normal"><LA Size="normal">Bauliche und mechanische Schutz- und Sicherheitseinrichtungen,</LA></DD><DT>b)</DT><DD Font="normal"><LA Size="normal">Elektronische Schutz- und Sicherheitseinrichtungen,</LA></DD><DT>c)</DT><DD Font="normal"><LA Size="normal">Spezielle Schutz- und Sicherheitseinrichtungen,</LA></DD><DT>d)</DT><DD Font="normal"><LA Size="normal">Kommunikations- und Informationstechnik;</LA></DD></DL></LA></DD><DT>2.</DT><DD Font="normal"><LA Size="normal">Handlungsbereich &quot;Organisation&quot;:<DL Font="normal" Type="arabic"><DT>a)</DT><DD Font="normal"><LA Size="normal">Kostenwesen,</LA></DD><DT>b)</DT><DD Font="normal"><LA Size="normal">Anwenden von Methoden der Planung und Kommunikation,</LA></DD><DT>c)</DT><DD Font="normal"><LA Size="normal">Arbeits-, Umwelt- und Gesundheitsschutz,</LA></DD><DT>d)</DT><DD Font="normal"><LA Size="normal">Recht;</LA></DD></DL></LA></DD><DT>3.</DT><DD Font="normal"><LA Size="normal">Handlungsbereich &quot;Führung und Personal&quot;:<DL Font="normal" Type="arabic"><DT>a)</DT><DD Font="normal"><LA Size="normal">Personalführung,</LA></DD><DT>b)</DT><DD Font="normal"><LA Size="normal">Personalentwicklung,</LA></DD><DT>c)</DT><DD Font="normal"><LA Size="normal">Qualitätsmanagement.</LA></DD></DL></LA></DD></DL></P><P>(3) In der Situationsaufgabe aus dem Handlungsbereich &quot;Schutz- und Sicherheitstechnik&quot; sollen seine Qualifikationsschwerpunkte den Kern bilden. Die Situationsaufgabe soll darüber hinaus Qualifikationsinhalte aus den Schwerpunkten der Handlungsbereiche &quot;Organisation&quot; sowie &quot;Führung und Personal&quot; integrativ mit berücksichtigen. Im Einzelnen kann die Situationsaufgabe folgende Qualifikationsinhalte aus dem Handlungsbereich &quot;Schutz- und Sicherheitstechnik&quot; mit den Schwerpunkten gemäß den Nummern 1 bis 4 umfassen: <DL Font="normal" Type="arabic"><DT>1.</DT><DD Font="normal"><LA Size="normal">Im Qualifikationsschwerpunkt &quot;Bauliche und mechanische Schutz- und Sicherheitseinrichtungen&quot; soll die Fähigkeit nachgewiesen werden, bei Neubeschaffung oder Erneuerung der erforderlichen baulichen und mechanischen Schutz- und Sicherheitseinrichtungen mitwirken sowie alle Maßnahmen für deren Funktionsfähigkeit und Einsatz zusammen mit den Mitarbeitern und Mitarbeiterinnen entsprechend den Normen und Vorschriften gewährleisten zu können. In diesem Rahmen können folgende Qualifikationsinhalte in den Situationsaufgaben geprüft werden:<DL Font="normal" Type="arabic"><DT>a)</DT><DD Font="normal"><LA Size="normal">Mitwirken bei der Bedarfsermittlung, der Planung und der Auswahl,</LA></DD><DT>b)</DT><DD Font="normal"><LA Size="normal">Überwachen und Bewerten der Funktionsfähigkeit,</LA></DD><DT>c)</DT><DD Font="normal"><LA Size="normal">Veranlassen von Revisions- und Instandsetzungsarbeiten,</LA></DD><DT>d)</DT><DD Font="normal"><LA Size="normal">Mitwirken bei der Fortbildung,</LA></DD><DT>e)</DT><DD Font="normal"><LA Size="normal">Unterweisen der Mitarbeiter und Mitarbeiterinnen in der Technik;</LA></DD></DL></LA></DD><DT>2.</DT><DD Font="normal"><LA Size="normal">im Qualifikationsschwerpunkt &quot;Elektronische Schutz- und Sicherheitseinrichtungen&quot; soll die Fähigkeit nachgewiesen werden, bei Neubeschaffung oder Erneuerung der erforderlichen elektronischen Schutz- und Sicherheitseinrichtungen mitwirken sowie alle Maßnahmen für deren Funktionsfähigkeit und Einsatz zusammen mit den Mitarbeitern und Mitarbeiterinnen entsprechend den Normen und Vorschriften gewährleisten zu können. In diesem Rahmen können folgende Qualifikationsinhalte in den Situationsaufgaben geprüft werden:<DL Font="normal" Type="arabic"><DT>a)</DT><DD Font="normal"><LA Size="normal">Mitwirken bei der Bedarfsermittlung, der Planung und der Auswahl,</LA></DD><DT>b)</DT><DD Font="normal"><LA Size="normal">Überwachen und Bewerten der Funktionsfähigkeit,</LA></DD><DT>c)</DT><DD Font="normal"><LA Size="normal">Veranlassen von Revisions- und Instandsetzungsarbeiten,</LA></DD><DT>d)</DT><DD Font="normal"><LA Size="normal">Mitwirken bei der Erneuerung der eingesetzten Technik,</LA></DD><DT>e)</DT><DD Font="normal"><LA Size="normal">Unterweisen der Mitarbeiter und Mitarbeiterinnen in der Technik,</LA></DD><DT>f)</DT><DD Font="normal"><LA Size="normal">Überwachen der sachgerechten Aufbewahrung und Pflege,</LA></DD><DT>g)</DT><DD Font="normal"><LA Size="normal">Sicherstellen der Verfügbarkeit und der Einsatzbereitschaft,</LA></DD><DT>h)</DT><DD Font="normal"><LA Size="normal">Gewährleisten des situationsgerechten Einsatzes,</LA></DD><DT>i)</DT><DD Font="normal"><LA Size="normal">Beachten von entsprechenden Vorschriften und Normen;</LA></DD></DL></LA></DD><DT>3.</DT><DD Font="normal"><LA Size="normal">im Qualifikationsschwerpunkt &quot;Spezielle Schutz- und Sicherheitseinrichtungen&quot; soll die Fähigkeit nachgewiesen werden, bei Neubeschaffung oder Erneuerung der erforderlichen speziellen Schutz- und Sicherheitseinrichtungen mitwirken sowie alle Maßnahmen für deren Funktionsfähigkeit und Einsatz zusammen mit den Mitarbeitern und Mitarbeiterinnen entsprechend den Normen und Vorschriften gewährleisten zu können. In diesem Rahmen können folgende Qualifikationsinhalte in den Situationsaufgaben geprüft werden:<DL Font="normal" Type="arabic"><DT>a)</DT><DD Font="normal"><LA Size="normal">Mitwirken bei der Bedarfsermittlung, der Planung und der Auswahl,</LA></DD><DT>b)</DT><DD Font="normal"><LA Size="normal">Überwachen und Bewerten der Funktionsfähigkeit,</LA></DD><DT>c)</DT><DD Font="normal"><LA Size="normal">Veranlassen von Revisions- und Instandsetzungsarbeiten,</LA></DD><DT>d)</DT><DD Font="normal"><LA Size="normal">Mitwirken bei der Fortbildung,</LA></DD><DT>e)</DT><DD Font="normal"><LA Size="normal">Unterweisen der Mitarbeiter und Mitarbeiterinnen in der Technik,</LA></DD><DT>f)</DT><DD Font="normal"><LA Size="normal">Überwachen der sachgerechten Aufbewahrung und Pflege,</LA></DD><DT>g)</DT><DD Font="normal"><LA Size="normal">Sicherstellen der Verfügbarkeit und der Einsatzbereitschaft,</LA></DD><DT>h)</DT><DD Font="normal"><LA Size="normal">Gewährleisten des situationsgerechten Einsatzes,</LA></DD><DT>i)</DT><DD Font="normal"><LA Size="normal">Beachten von entsprechenden Vorschriften und Normen;</LA></DD></DL></LA></DD><DT>4.</DT><DD Font="normal"><LA Size="normal">im Qualifikationsschwerpunkt &quot;Kommunikations- und Informationstechnik&quot; soll die Fähigkeit nachgewiesen werden, bei Neubeschaffung oder Erneuerung der erforderlichen Kommunikations- und Informationstechnik mitwirken sowie alle Maßnahmen für deren Funktionsfähigkeit und Einsatz zusammen mit den Mitarbeitern und Mitarbeiterinnen entsprechend den Normen und Vorschriften gewährleisten zu können. In diesem Rahmen können folgende Qualifikationsinhalte in den Situationsaufgaben geprüft werden:<DL Font="normal" Type="arabic"><DT>a)</DT><DD Font="normal"><LA Size="normal">Mitwirken bei der Bedarfsermittlung, der Planung und der Auswahl,</LA></DD><DT>b)</DT><DD Font="normal"><LA Size="normal">Überwachen und Bewerten der Funktionsfähigkeit,</LA></DD><DT>c)</DT><DD Font="normal"><LA Size="normal">Veranlassen von Revisions- und Instandsetzungsarbeiten,</LA></DD><DT>d)</DT><DD Font="normal"><LA Size="normal">Mitwirken bei der Fortbildung,</LA></DD><DT>e)</DT><DD Font="normal"><LA Size="normal">Unterweisen der Mitarbeiter und Mitarbeiterinnen in der Technik,</LA></DD><DT>f)</DT><DD Font="normal"><LA Size="normal">Überwachen der sachgerechten Aufbewahrung und Pflege,</LA></DD><DT>g)</DT><DD Font="normal"><LA Size="normal">Sicherstellen der Verfügbarkeit und der Einsatzbereitschaft,</LA></DD><DT>h)</DT><DD Font="normal"><LA Size="normal">Gewährleisten des situationsgerechten Einsatzes,</LA></DD><DT>i)</DT><DD Font="normal"><LA Size="normal">Beachten von entsprechenden Vorschriften und Normen.</LA></DD></DL></LA></DD></DL></P><P>(4) In der Situationsaufgabe aus dem Handlungsbereich &quot;Organisation&quot; sollen seine Qualifikationsschwerpunkte den Kern bilden. Die Situationsaufgabe soll darüber hinaus Qualifikationsinhalte aus den Schwerpunkten der Handlungsbereiche &quot;Schutz- und Sicherheitstechnik&quot; sowie &quot;Führung und Personal&quot; integrativ mit berücksichtigen. Im Einzelnen kann die Situationsaufgabe folgende Qualifikationsinhalte aus dem Handlungsbereich &quot;Organisation&quot; mit den Schwerpunkten gemäß den Nummern 1 bis 4 umfassen: <DL Font="normal" Type="arabic"><DT>1.</DT><DD Font="normal"><LA Size="normal">Im Qualifikationsschwerpunkt &quot;Kostenwesen&quot; soll die Fähigkeit nachgewiesen werden, betriebswirtschaftliche Zusammenhänge und kostenrelevante Einflussfaktoren erfassen und beurteilen zu können. Die Fähigkeit umfasst, Möglichkeiten der Kostenbeeinflussung aufzuzeigen und Maßnahmen zum kostenbewussten Handeln zu planen, zu organisieren, einzuleiten und zu überwachen. Es soll ferner die Fähigkeit nachgewiesen werden, Kalkulationsmethoden anwenden und organisatorische sowie personelle Maßnahmen auch in ihrer Bedeutung als Kostenfaktoren beurteilen und berücksichtigen zu können. In diesem Rahmen können folgende Qualifikationsinhalte in den Situationsaufgaben geprüft werden:</LA></DD><DT>a)</DT><DD Font="normal"><LA Size="normal">Planen, Erfassen, Analysieren und Bewerten von Kosten,<DL Font="normal" Type="arabic"><DT>b)</DT><DD Font="normal"><LA Size="normal">Überwachen und Einhalten des zugeteilten Budgets,</LA></DD><DT>c)</DT><DD Font="normal"><LA Size="normal">Beeinflussen der Kosten, insbesondere unter Berücksichtigung alternativer Dienstleistungskonzepte,</LA></DD><DT>d)</DT><DD Font="normal"><LA Size="normal">Beeinflussen des Kostenbewusstseins der Mitarbeiter und Mitarbeiterinnen bei unterschiedlichen Formen der Arbeitsorganisation,</LA></DD><DT>e)</DT><DD Font="normal"><LA Size="normal">Anwenden von Kalkulationsmethoden,</LA></DD><DT>f)</DT><DD Font="normal"><LA Size="normal">Anwenden von Instrumenten der Zeitwirtschaft,</LA></DD><DT>g)</DT><DD Font="normal"><LA Size="normal">Mitwirken bei make- or buy it-Entscheidungen;</LA></DD></DL></LA></DD><DT>2.</DT><DD Font="normal"><LA Size="normal">im Qualifikationsschwerpunkt &quot;Anwenden von Methoden der Planung und Kommunikation&quot; soll die Fähigkeit nachgewiesen werden, Projekte und Prozesse analysieren, planen und transparent machen zu können. Es sollen Daten aufbereitet sowie entsprechende Planungstechniken eingesetzt sowie angemessene Präsentationstechniken angewendet werden können. In diesem Rahmen können folgende Qualifikationsinhalte in den Situationsaufgaben geprüft werden:<DL Font="normal" Type="arabic"><DT>a)</DT><DD Font="normal"><LA Size="normal">Bewerten von Planungstechniken und Analysemethoden sowie deren Anwendung,</LA></DD><DT>b)</DT><DD Font="normal"><LA Size="normal">Anwenden von Präsentationstechniken,</LA></DD><DT>c)</DT><DD Font="normal"><LA Size="normal">Anwenden von Projektmanagementmethoden,</LA></DD><DT>d)</DT><DD Font="normal"><LA Size="normal">Auswählen und Anwenden von Informations- und Kommunikationsformen einschließlich des Einsatzes entsprechender Informations- und Kommunikationsmittel,</LA></DD><DT>e)</DT><DD Font="normal"><LA Size="normal">Anwenden von Informations- und Kommunikationssystemen;</LA></DD></DL></LA></DD><DT>3.</DT><DD Font="normal"><LA Size="normal">im Qualifikationsschwerpunkt &quot;Arbeits-, Umwelt- und Gesundheitsschutz&quot; soll die Fähigkeit nachgewiesen werden, einschlägige Gesetze, Vorschriften und Bestimmungen in ihrer Bedeutung erkennen und ihre Einhaltung sicherstellen zu können. Die Fähigkeit umfasst, Gefahren vorzubeugen, Störungen zu erkennen und zu analysieren sowie Maßnahmen zu ihrer Vermeidung oder Beseitigung einzuleiten sowie sicherzustellen, dass sich die Mitarbeiter und Mitarbeiterinnen arbeits-, umwelt- und gesundheitsschutzbewusst verhalten und entsprechend handeln. In diesem Rahmen können folgende Qualifikationsinhalte in den Situationsaufgaben geprüft werden:<DL Font="normal" Type="arabic"><DT>a)</DT><DD Font="normal"><LA Size="normal">Überprüfen und Gewährleisten der Arbeitssicherheit, des Arbeits-, Gesundheits- und Umweltschutzes im Betrieb,</LA></DD><DT>b)</DT><DD Font="normal"><LA Size="normal">Fördern des Bewusstseins der Mitarbeiter und Mitarbeiterinnen bezüglich der Arbeitssicherheit und des betrieblichen Arbeits-, Umwelt- und Gesundheitsschutzes,</LA></DD><DT>c)</DT><DD Font="normal"><LA Size="normal">Planen und Durchführen von Unterweisungen in der Arbeitssicherheit, des Arbeits-, Umwelt- und Gesundheitsschutzes,</LA></DD><DT>d)</DT><DD Font="normal"><LA Size="normal">Planen, Vorschlagen, Einleiten und Überprüfen von Maßnahmen zur Verbesserung der Arbeitssicherheit sowie zur Reduzierung und Vermeidung von Unfällen und von Umwelt- und Gesundheitsbelastungen;</LA></DD></DL></LA></DD><DT>4.</DT><DD Font="normal"><LA Size="normal">im Qualifikationsschwerpunkt &quot;Recht&quot; soll das Vertrautsein mit den für den Schutz- und Sicherheitsbereich relevanten Rechtsvorschriften und die Fähigkeit, diese im Rahmen der Tätigkeit berücksichtigen zu können, nachgewiesen werden. In diesem Rahmen können folgende Qualifikationsinhalte in den Situationsaufgaben geprüft werden:<DL Font="normal" Type="arabic"><DT>a)</DT><DD Font="normal"><LA Size="normal">Berücksichtigen von Rechtsvorschriften des Strafrechts einschließlich strafrechtlicher Nebenbestimmungen,</LA></DD><DT>b)</DT><DD Font="normal"><LA Size="normal">Berücksichtigen von Rechtsvorschriften des Arbeitsrechts und des Bürgerlichen Gesetzbuches,</LA></DD><DT>c)</DT><DD Font="normal"><LA Size="normal">Berücksichtigen von Rechtsvorschriften des Verfassungsrechts,</LA></DD><DT>d)</DT><DD Font="normal"><LA Size="normal">Beachten von Sonderzugangsrechten,</LA></DD><DT>e)</DT><DD Font="normal"><LA Size="normal">Berücksichtigen der Grundsätze des straf-, zivil- und verwaltungsrechtlichen Verfahrensrechts,</LA></DD><DT>f)</DT><DD Font="normal"><LA Size="normal">Berücksichtigen des Straßenverkehrsrechts und seiner Nebengesetze,</LA></DD><DT>g)</DT><DD Font="normal"><LA Size="normal">Berücksichtigen der Grundsätze des Datenschutzrechts,</LA></DD><DT>h)</DT><DD Font="normal"><LA Size="normal">Berücksichtigen der Grundsätze des Umweltrechts,</LA></DD><DT>i)</DT><DD Font="normal"><LA Size="normal">Berücksichtigen der Grundsätze des allgemeinen und besonderen Verwaltungsrechts,</LA></DD><DT>j)</DT><DD Font="normal"><LA Size="normal">Berücksichtigen der branchenspezifischen Spezialvorschriften.</LA></DD></DL></LA></DD></DL></P><P>(5) In der Situationsaufgabe aus dem Handlungsbereich &quot;Führung und Personal&quot; sollen seine Qualifikationsschwerpunkte den Kern bilden. Die Situationsaufgabe soll darüber hinaus Qualifikationsinhalte aus den Schwerpunkten der Handlungsbereiche &quot;Schutz- und Sicherheitstechnik&quot; und &quot;Organisation&quot; integrativ mit berücksichtigen. Im Einzelnen kann die Situationsaufgabe folgende Qualifikationsinhalte aus dem Handlungsbereich &quot;Führung und Personal&quot; mit den Schwerpunkten gemäß den Nummern 1 bis 3 umfassen: <DL Font="normal" Type="arabic"><DT>1.</DT><DD Font="normal"><LA Size="normal">Im Qualifikationsschwerpunkt &quot;Personalführung&quot; soll die Fähigkeit nachgewiesen werden, den Personalbedarf ermitteln und den Personaleinsatz entsprechend den Anforderungen sicherstellen zu können. Dazu gehört die Fähigkeit, die Mitarbeiter und Mitarbeiterinnen nach zielgerichteten Erfordernissen durch die Anwendung geeigneter Methoden zu verantwortlichem Handeln hinzuführen. In diesem Rahmen können folgende Qualifikationsinhalte in den Situationsaufgaben geprüft werden:<DL Font="normal" Type="arabic"><DT>a)</DT><DD Font="normal"><LA Size="normal">Ermitteln und Bestimmen des qualitativen und quantitativen Personalbedarfs unter Berücksichtigung technischer und organisatorischer Veränderungen,</LA></DD><DT>b)</DT><DD Font="normal"><LA Size="normal">Auswahl und Einsatz der Mitarbeiter und Mitarbeiterinnen unter Berücksichtigung ihrer persönlichen Eignung und Befähigung sowie der betrieblichen Anforderungen,</LA></DD><DT>c)</DT><DD Font="normal"><LA Size="normal">Berücksichtigen der rechtlichen Rahmenbedingungen beim Einsatz von Fremdpersonal und Fremdfirmen,</LA></DD><DT>d)</DT><DD Font="normal"><LA Size="normal">Erstellen von Anforderungsprofilen, Stellenplanungen sowie Funktions- und Stellenbeschreibungen,</LA></DD><DT>e)</DT><DD Font="normal"><LA Size="normal">Delegieren von Aufgaben und der damit verbundenen Verantwortung,</LA></DD><DT>f)</DT><DD Font="normal"><LA Size="normal">Fördern der Kommunikations- und Kooperationsbereitschaft,</LA></DD><DT>g)</DT><DD Font="normal"><LA Size="normal">Anwenden von Führungsmethoden und -mitteln zur Bewältigung betrieblicher Aufgaben und zum Lösen von Problemen und Konflikten,</LA></DD><DT>h)</DT><DD Font="normal"><LA Size="normal">Beteiligen der Mitarbeiter und Mitarbeiterinnen am betrieblichen Verbesserungsprozess,</LA></DD><DT>i)</DT><DD Font="normal"><LA Size="normal">Mitwirken in Arbeits- und Projektgruppen;</LA></DD></DL></LA></DD><DT>2.</DT><DD Font="normal"><LA Size="normal">im Qualifikationsschwerpunkt &quot;Personalentwicklung&quot; soll die Fähigkeit nachgewiesen werden, auf der Grundlage einer qualitativen und quantitativen Personalplanung eine systematische Personalentwicklung durchführen zu können. Dazu gehört, Personalentwicklungspotentiale einschätzen und Personalentwicklungs- und Qualifizierungsziele festlegen zu können. Es sollen entsprechende Maßnahmen geplant, realisiert, ihre Ergebnisse überprüft und die Umsetzung im Betrieb gefördert werden können. In diesem Rahmen können folgende Qualifikationsinhalte in den Situationsaufgaben geprüft werden:<DL Font="normal" Type="arabic"><DT>a)</DT><DD Font="normal"><LA Size="normal">Festlegen der Ziele für eine kontinuierliche und innovationsorientierte Personalentwicklung sowie der Kategorien für den Qualifizierungserfolg,</LA></DD><DT>b)</DT><DD Font="normal"><LA Size="normal">Durchführen von Potentialeinschätzungen nach vorgegebenen Kriterien und unter Anwendung entsprechender Instrumente und Methoden,</LA></DD><DT>c)</DT><DD Font="normal"><LA Size="normal">Veranlassen von Maßnahmen der Personalentwicklung zur Qualifizierung und zielgerichteten Motivierung unter Berücksichtigung des betrieblichen Bedarfs und der Mitarbeiterinteressen,</LA></DD><DT>d)</DT><DD Font="normal"><LA Size="normal">Beraten, Fördern und Unterstützen von Mitarbeitern und Mitarbeiterinnen hinsichtlich ihrer beruflichen Entwicklung;</LA></DD></DL></LA></DD><DT>3.</DT><DD Font="normal"><LA Size="normal">im Qualifikationsschwerpunkt &quot;Qualitätsmanagement&quot; soll die Fähigkeit nachgewiesen werden, die Qualitätsziele durch Anwendung entsprechender Methoden und Beeinflussung des Qualitätsbewusstseins der Mitarbeiter und Mitarbeiterinnen sichern zu können. Die Fähigkeit umfasst, bei der Realisierung eines Qualitätsmanagementsystems mitwirken und zu dessen Verbesserung und Weiterentwicklung beitragen zu können. In diesem Rahmen können folgende Qualifikationsinhalte in den Situationsaufgaben geprüft werden:<DL Font="normal" Type="arabic"><DT>a)</DT><DD Font="normal"><LA Size="normal">Berücksichtigen des Einflusses des Qualitätsmanagementsystems auf das Unternehmen,</LA></DD><DT>b)</DT><DD Font="normal"><LA Size="normal">Fördern des Qualitätsbewusstseins der Mitarbeiter und Mitarbeiterinnen,</LA></DD><DT>c)</DT><DD Font="normal"><LA Size="normal">Anwenden von Methoden zur Sicherung und Verbesserung der Qualität,</LA></DD><DT>d)</DT><DD Font="normal"><LA Size="normal">Kontinuierliches Umsetzen der Qualitätsmanagementziele.</LA></DD></DL></LA></DD></DL></P><P>(6) Im situationsbezogenen Fachgespräch soll die Fähigkeit nachgewiesen werden, Aufgabenstellungen analysieren, strukturieren und einer begründeten Lösung zuführen zu können. Der Lösungsvorschlag soll möglichst unter Einbeziehung von Präsentationstechniken erläutert und erörtert werden. Das Fachgespräch hat die gleiche Struktur wie eine schriftliche Situationsaufgabe. Es ist dabei der Handlungsbereich in den Mittelpunkt zu stellen, der nicht Kern einer schriftlichen Situationsaufgabe ist, es integriert insbesondere die Qualifikationsschwerpunkte, die nicht schriftlich geprüft werden. Das Fachgespräch soll für jede zu prüfende Person mindestens 45 Minuten und höchstens 60 Minuten dauern.</P><P>(7) Wurde in nicht mehr als einer der beiden schriftlichen Situationsaufgaben eine mangelhafte Prüfungsleistung erbracht, ist darin eine mündliche Ergänzungsprüfung anzubieten. Bei einer ungenügenden Prüfungsleistung besteht diese Möglichkeit nicht. Die Ergänzungsprüfung soll in der Regel nicht länger als 20 Minuten dauern. Die Bewertung der schriftlichen Prüfungsleistung und die der mündlichen Ergänzungsprüfung werden zu einer Note zusammengefasst. Dabei wird die Bewertung der schriftlichen Prüfungsleistung doppelt gewichtet.</P></Content></text><fussnoten><Content><P>(+++ Zur Anwendung vgl. §§ 1 u. 3 FortbVenÄndV6AnwV +++)</P></Content></fussnoten></textdaten></norm>
<norm builddate="20200305213018" doknr="BJNR043300003BJNE000603128"><metadaten><jurabk>SchSiMeistPrV</jurabk><enbez>§ 6</enbez><titel format="XML">Befreiung von einzelnen Prüfungsbestandteilen</titel></metadaten><textdaten><text format="XML"><Content><P>Wird die zu prüfende Person nach § 56 Absatz 2 des Berufsbildungsgesetzes von der Ablegung einzelner Prüfungsbestandteile befreit, bleiben diese Prüfungsbestandteile für die Anwendung der §§ 7 und 8 außer Betracht. Für die übrigen Prüfungsbestandteile erhöhen sich die Anteile nach § 7 Absatz 2 Satz 2 oder Absatz 3 Satz 2 oder § 8 Absatz 4 Satz 1 entsprechend ihrem Verhältnis zueinander. Allein diese Prüfungsbestandteile sind den Entscheidungen des Prüfungsausschusses zugrunde zu legen.</P></Content></text><fussnoten><Content><P>(+++ Zur Anwendung vgl. §§ 1 u. 3 FortbVenÄndV6AnwV +++)</P></Content></fussnoten></textdaten></norm>
<norm builddate="20200305213018" doknr="BJNR043300003BJNE000702128"><metadaten><jurabk>SchSiMeistPrV</jurabk><enbez>§ 7</enbez><titel format="XML">Bewerten der Prüfungsleistungen</titel></metadaten><textdaten><text format="XML"><Content><P>(1) Jede Prüfungsleistung ist nach Maßgabe der Anlage 1 mit Punkten zu bewerten.</P><P>(2) Im Prüfungsteil „Grundlegende Qualifikationen“ sind die Prüfungsleistungen in jedem Prüfungsbereich einzeln zu bewerten. Aus den einzelnen Bewertungen ist als Bewertung für den Prüfungsteil das arithmetische Mittel zu berechnen.</P><P>(3) Im Prüfungsteil „Handlungsspezifische Qualifikationen“ sind als Prüfungsleistungen zu bewerten: <DL Type="arabic"><DT>1.</DT><DD Font="normal"><LA>die beiden schriftlichen Situationsaufgaben nach § 5 Absatz 1 und</LA></DD><DT>2.</DT><DD Font="normal"><LA>das situationsbezogene Fachgespräch nach § 5 Absatz 6.</LA></DD></DL>Aus den beiden Bewertungen der schriftlichen Situationsaufgaben und der Bewertung für das Fachgespräch ist als Bewertung des Prüfungsteils „Handlungsspezifische Qualifikationen“ das arithmetische Mittel zu berechnen.</P></Content></text><fussnoten><Content><P>(+++ Zur Anwendung vgl. §§ 1 u. 3 FortbVenÄndV6AnwV +++)</P></Content></fussnoten></textdaten></norm>
<norm builddate="20200305213018" doknr="BJNR043300003BJNE001300128"><metadaten><jurabk>SchSiMeistPrV</jurabk><enbez>§ 8</enbez><titel format="XML">Bestehen der Prüfung, Gesamtnote</titel></metadaten><textdaten><text format="XML"><Content><P>(1) Die Prüfung ist bestanden, wenn ohne Rundung in den folgenden Prüfungsleistungen jeweils mindestens 50 Punkte erreicht worden sind: <DL Type="arabic"><DT>1.</DT><DD Font="normal"><LA>in jedem Prüfungsbereich des Prüfungsteils „Grundlegende Qualifikationen“,</LA></DD><DT>2.</DT><DD Font="normal"><LA>im Prüfungsteil „Handlungsspezifische Qualifikationen“ <DL Type="alpha"><DT>a)</DT><DD Font="normal"><LA>in jeder der beiden Situationsaufgaben und</LA></DD><DT>b)</DT><DD Font="normal"><LA>im Fachgespräch.</LA></DD></DL></LA></DD></DL></P><P>(2) Ist die Prüfung bestanden, so werden die folgenden Bewertungen jeweils kaufmännisch auf eine ganze Zahl gerundet: <DL Type="arabic"><DT>1.</DT><DD Font="normal"><LA>die Bewertung für den Prüfungsteil „Grundlegende Qualifikationen“ und</LA></DD><DT>2.</DT><DD Font="normal"><LA>die Bewertung für den Prüfungsteil „Handlungsspezifische Qualifikationen“.</LA></DD></DL></P><P>(3) Der Bewertung für den Prüfungsteil „Grundlegende Qualifikationen“ und der Bewertung für den Prüfungsteil „Handlungsspezifische Qualifikationen“ ist nach Anlage 1 die jeweilige Note als Dezimalzahl zuzuordnen.</P><P>(4) Für die Bildung einer Gesamtnote ist als Gesamtpunktzahl das gewichtete arithmetische Mittel zu berechnen. Dabei werden die Bewertungen wie folgt gewichtet: <DL Type="arabic"><DT>1.</DT><DD Font="normal"><LA>die Bewertung für den Prüfungsteil „Grundlegende Qualifikationen“ mit 25 Prozent,</LA></DD><DT>2.</DT><DD Font="normal"><LA>die Bewertung für den Prüfungsteil „Handlungsspezifische Qualifikationen“ mit 75 Prozent.</LA></DD></DL>Die Gesamtpunktzahl ist kaufmännisch auf eine ganze Zahl zu runden. Der gerundeten Gesamtpunktzahl ist nach Anlage 1 eine Note als Dezimalzahl und die Note in Worten zuzuordnen. Die zugeordnete Note ist die Gesamtnote.</P></Content></text><fussnoten><Content><P>(+++ Zur Anwendung vgl. §§ 1 u. 3 FortbVenÄndV6AnwV +++)</P></Content></fussnoten></textdaten></norm>
<norm builddate="20200305213018" doknr="BJNR043300003BJNE001400128"><metadaten><jurabk>SchSiMeistPrV</jurabk><enbez>§ 9</enbez><titel format="XML">Zeugnisse</titel></metadaten><textdaten><text format="XML"><Content><P>(1) Wer die Prüfung nach § 8 Absatz 1 bestanden hat, erhält von der zuständigen Stelle zwei Zeugnisse nach der Anlage 2 Teil A und B.</P><P>(2) Auf dem Zeugnis mit den Inhalten nach der Anlage 2 Teil B sind die Noten als Dezimalzahlen mit einer Nachkommastelle und die Gesamtnote als Dezimalzahl mit einer Nachkommastelle und in Worten anzugeben. Jede Befreiung nach § 6 ist mit Ort, Datum und Bezeichnung des Prüfungsgremiums der anderen vergleichbaren Prüfung anzugeben.</P><P>(3) Die Zeugnisse können zusätzliche nicht amtliche Bemerkungen zur Information (Bemerkungen) enthalten, insbesondere <DL Type="arabic"><DT>1.</DT><DD Font="normal"><LA>über den erworbenen Abschluss oder</LA></DD><DT>2.</DT><DD Font="normal"><LA>auf Antrag der geprüften Person über während oder anlässlich der Fortbildung erworbene besondere oder zusätzliche Fertigkeiten, Kenntnisse und Fähigkeiten.</LA></DD></DL></P></Content></text><fussnoten><Content><P>(+++ Zur Anwendung vgl. §§ 1 u. 3 FortbVenÄndV6AnwV +++)</P></Content></fussnoten></textdaten></norm>
<norm builddate="20200305213018" doknr="BJNR043300003BJNE000801128"><metadaten><jurabk>SchSiMeistPrV</jurabk><enbez>§ 10</enbez><titel format="XML">Wiederholung der Prüfung</titel></metadaten><textdaten><text format="XML"><Content><P>(1) Jeder nicht bestandene Prüfungsteil kann zweimal wiederholt werden.</P><P>(2) Wer an einer Wiederholungsprüfung teilnimmt und sich innerhalb von zwei Jahren, gerechnet vom Tage der Beendigung des nicht bestandenen Prüfungsteils an, zur Wiederholungsprüfung angemeldet hat, ist auf Antrag von der Prüfung in einzelnen Prüfungsbereichen und Qualifikationsschwerpunkten zu befreien, wenn die dort in einer vorangegangenen Prüfung erbrachten Leistungen ausgereicht haben. Der Antrag kann sich auch darauf richten, bestandene Prüfungsleistungen zu wiederholen. Wird eine bestandene Prüfungsleistung erneut geprüft, ist das letzte Ergebnis für das Bestehen zu berücksichtigen.</P></Content></text><fussnoten><Content><P>(+++ Zur Anwendung vgl. §§ 1 u. 3 FortbVenÄndV6AnwV +++)</P></Content></fussnoten></textdaten></norm>
<norm builddate="20200305213018" doknr="BJNR043300003BJNE000901128"><metadaten><jurabk>SchSiMeistPrV</jurabk><enbez>§ 11</enbez><titel format="XML">Optionale Qualifikation</titel></metadaten><textdaten><text format="XML"><Content><P>(1) Es ist auch eine Prüfung in &quot;Selbstständige Betriebsführung von Sicherheitsdienstleistungsunternehmen&quot; möglich. Zu dieser gesonderten Prüfung ist zuzulassen, wer die Prüfung nach dieser Verordnung oder die Prüfung zum &quot;Werkschutzmeister&quot; nach den Rechtsvorschriften auf Grund des § 46 Abs. 1 des Berufsbildungsgesetzes bestanden hat.</P><P>(2) Im Rahmen der Prüfung &quot;Selbstständige Betriebsführung von Sicherheitsdienstleistungsunternehmen&quot; soll die Fähigkeit nachgewiesen werden, ein Sicherheitsdienstleistungsunternehmen selbstständig zu führen. Dies umfasst die Fähigkeit, ein Unternehmen unter Anwendung betriebswirtschaftlicher Maßstäbe und unter Berücksichtigung rechtlicher und steuerlicher Rahmenbedingungen selbstständig zu führen und am Markt zu positionieren. In diesem Rahmen können folgende Qualifikationsinhalte geprüft werden: <DL Font="normal" Type="arabic"><DT>1.</DT><DD Font="normal"><LA Size="normal">Analysieren von Unternehmenszielen, betrieblichen Strukturen, Geschäftsfeldern und der Wettbewerbssituation unter Berücksichtigung betriebswirtschaftlicher Grundlagen;</LA></DD><DT>2.</DT><DD Font="normal"><LA Size="normal">Berücksichtigen rechtlicher und steuerlicher Grundlagen, insbesondere der Bestimmungen des bürgerlichen Rechts, des Mahn- und Klageverfahrens, der Zwangsvollstreckung, des Handels- und Gesellschaftsrechts, des Wettbewerbsrechts sowie des Steuerrechts;</LA></DD><DT>3.</DT><DD Font="normal"><LA Size="normal">Entwickeln von Marketingkonzepten, insbesondere Kundengewinnungs- und Kundenbindungsmaßnahmen; Koordinieren der Geschäftsfelder im Hinblick auf die Wettbewerbsfähigkeit eines Unternehmens;</LA></DD><DT>4.</DT><DD Font="normal"><LA Size="normal">Berücksichtigung der Grundlagen des Rechnungswesens und Controllings, insbesondere bei der Buchführung sowie beim Jahresabschluss und dessen Bewertung.</LA></DD></DL></P><P>(3) Die Qualifikation ist im Rahmen einer schriftlichen Situationsaufgabe nachzuweisen. Die Prüfungsdauer beträgt mindestens 150 und höchstens 180 Minuten.</P><P>(4) Die Prüfung ist bestanden, wenn mindestens ausreichende Leistungen erbracht wurden. Über das Bestehen ist ein gesondertes Zeugnis auszustellen. Die nicht bestandene Prüfung kann zweimal wiederholt werden.</P></Content></text><fussnoten><Content><P>(+++ Zur Anwendung vgl. §§ 1 u. 3 FortbVenÄndV6AnwV +++)</P></Content></fussnoten></textdaten></norm>
<norm builddate="20200305213018" doknr="BJNR043300003BJNE001002128"><metadaten><jurabk>SchSiMeistPrV</jurabk><enbez>§ 12</enbez><titel format="XML">Übergangsvorschrift</titel></metadaten><textdaten><text format="XML"><Content><P>Die bis zum Ablauf des 31. August 2009 begonnenen Prüfungsverfahren können nach den bisherigen Vorschriften zu Ende geführt werden.</P></Content></text><fussnoten><Content><P>(+++ Zur Anwendung vgl. §§ 1 u. 3 FortbVenÄndV6AnwV +++)</P></Content></fussnoten></textdaten></norm>
<norm builddate="20200305213018" doknr="BJNR043300003BJNE001101128"><metadaten><jurabk>SchSiMeistPrV</jurabk><enbez>§ 13</enbez><titel format="XML">Inkrafttreten, Außerkrafttreten</titel></metadaten><textdaten><text format="XML"><Content><P>(1) Diese Verordnung tritt am Tage nach der Verkündung in Kraft. Gleichzeitig treten die Rechtsvorschriften der zuständigen Stellen über die Prüfung Werkschutzmeister/Werkschutzmeisterin außer Kraft.</P><P>(2) Die Verordnung über die Prüfung zum anerkannten Abschluss Geprüfte Werkschutzfachkraft vom 20. August 1982 (BGBI. I S. 1232), geändert durch Artikel 4 Abs. 12 des Gesetzes vom 26. Januar 1998 (BGBl. I S. 164), sowie die Rechtsvorschriften der zuständigen Stellen über die Prüfungen Fachkraft für Geld-, Wert- und Sicherheitstransport, Geprüfte Sicherheitskraft und Geprüfte Sicherheitsfachkraft treten am 31. Dezember 2005 außer Kraft.</P></Content></text><fussnoten><Content><P>(+++ Zur Anwendung vgl. §§ 1 u. 3 FortbVenÄndV6AnwV +++)</P></Content></fussnoten></textdaten></norm>
<norm builddate="20200305213018" doknr="BJNR043300003BJNE001204128"><metadaten><jurabk>SchSiMeistPrV</jurabk><enbez>Anlage 1</enbez><titel format="XML">(zu den §§ 7 und 8)<BR/>Bewertungsmaßstab und -schlüssel</titel></metadaten><textdaten><text format="XML"><Content><P><noindex><kommentar typ="Fundstelle">(Fundstelle: BGBl. I 2019, 2242 - 2243)</kommentar></noindex></P><BR/><BR/><table colsep="1" frame="all" pgwide="1" rowsep="1" tabstyle="Bewertung" tocentry="%yes;"><tgroup align="left" char="" charoff="50" cols="4"><colspec align="center" colname="col1" colnum="1" colwidth="26*"/><colspec align="center" colname="col2" colnum="2" colwidth="26*"/><colspec align="center" colname="col3" colnum="3" colwidth="33*"/><colspec align="justify" colname="col4" colnum="4" colwidth="74*"/><thead valign="bottom"><row><entry VJ="1" colname="col1" valign="middle">Punkte</entry><entry VJ="1" colname="col2" valign="middle">Note<BR/>als Dezimalzahl</entry><entry VJ="1" colname="col3" valign="middle">Note<BR/> in Worten</entry><entry VJ="1" align="center" colname="col4" valign="middle">Definition</entry></row></thead><tbody valign="top"><row><entry VJ="1" colname="col1" valign="middle">100</entry><entry VJ="1" colname="col2" valign="middle">1,0</entry><entry VJ="1" colname="col3" morerows="4" valign="middle">sehr gut</entry><entry VJ="1" colname="col4" morerows="4" valign="middle">eine Leistung, die den Anforderungen in besonderem Maß entspricht</entry></row><row><entry VJ="1" colname="col1" valign="middle">98 und 99</entry><entry VJ="1" colname="col2" valign="middle">1,1</entry></row><row><entry VJ="1" colname="col1" valign="middle">96 und 97</entry><entry VJ="1" colname="col2" valign="middle">1,2</entry></row><row><entry VJ="1" colname="col1" valign="middle">94 und 95</entry><entry VJ="1" colname="col2" valign="middle">1,3</entry></row><row><entry VJ="1" colname="col1" valign="middle">92 und 93</entry><entry VJ="1" colname="col2" valign="middle">1,4</entry></row><row><entry VJ="1" colname="col1" valign="middle">91</entry><entry VJ="1" colname="col2" valign="middle">1,5</entry><entry VJ="1" colname="col3" morerows="9" valign="middle">gut</entry><entry VJ="1" colname="col4" morerows="9" valign="middle">eine Leistung, die den Anforderungen voll entspricht</entry></row><row><entry VJ="1" colname="col1" valign="middle">90</entry><entry VJ="1" colname="col2" valign="middle">1,6</entry></row><row><entry VJ="1" colname="col1" valign="middle">89</entry><entry VJ="1" colname="col2" valign="middle">1,7</entry></row><row><entry VJ="1" colname="col1" valign="middle">88</entry><entry VJ="1" colname="col2" valign="middle">1,8</entry></row><row><entry VJ="1" colname="col1" valign="middle">87</entry><entry VJ="1" colname="col2" valign="middle">1,9</entry></row><row><entry VJ="1" colname="col1" valign="middle">85 und 86</entry><entry VJ="1" colname="col2" valign="middle">2,0</entry></row><row><entry VJ="1" colname="col1" valign="middle">84</entry><entry VJ="1" colname="col2" valign="middle">2,1</entry></row><row><entry VJ="1" colname="col1" valign="middle">83</entry><entry VJ="1" colname="col2" valign="middle">2,2</entry></row><row><entry VJ="1" colname="col1" valign="middle">82</entry><entry VJ="1" colname="col2" valign="middle">2,3</entry></row><row><entry VJ="1" colname="col1" valign="middle">81</entry><entry VJ="1" colname="col2" valign="middle">2,4</entry></row><row><entry VJ="1" colname="col1" valign="middle">79 und 80</entry><entry VJ="1" colname="col2" valign="middle">2,5</entry><entry VJ="1" colname="col3" morerows="9" valign="middle">befriedigend</entry><entry VJ="1" colname="col4" morerows="9" valign="middle">eine Leistung, die den Anforderungen im Allgemeinen entspricht</entry></row><row><entry VJ="1" colname="col1" valign="middle">78</entry><entry VJ="1" colname="col2" valign="middle">2,6</entry></row><row><entry VJ="1" colname="col1" valign="middle">77</entry><entry VJ="1" colname="col2" valign="middle">2,7</entry></row><row><entry VJ="1" colname="col1" valign="middle">75 und 76</entry><entry VJ="1" colname="col2" valign="middle">2,8</entry></row><row><entry VJ="1" colname="col1" valign="middle">74</entry><entry VJ="1" colname="col2" valign="middle">2,9</entry></row><row><entry VJ="1" colname="col1" valign="middle">72 und 73</entry><entry VJ="1" colname="col2" valign="middle">3,0</entry></row><row><entry VJ="1" colname="col1" valign="middle">71</entry><entry VJ="1" colname="col2" valign="middle">3,1</entry></row><row><entry VJ="1" colname="col1" valign="middle">70</entry><entry VJ="1" colname="col2" valign="middle">3,2</entry></row><row><entry VJ="1" colname="col1" valign="middle">68 und 69</entry><entry VJ="1" colname="col2" valign="middle">3,3</entry></row><row><entry VJ="1" colname="col1" valign="middle">67</entry><entry VJ="1" colname="col2" valign="middle">3,4</entry></row><row><entry VJ="1" colname="col1" valign="middle">65 und 66</entry><entry VJ="1" colname="col2" valign="middle">3,5</entry><entry VJ="1" colname="col3" morerows="9" valign="middle">ausreichend</entry><entry VJ="1" colname="col4" morerows="9" valign="middle">eine Leistung, die zwar Mängel aufweist, aber im Ganzen den Anforderungen noch entspricht</entry></row><row><entry VJ="1" colname="col1" valign="middle">63 und 64</entry><entry VJ="1" colname="col2" valign="middle">3,6</entry></row><row><entry VJ="1" colname="col1" valign="middle">62</entry><entry VJ="1" colname="col2" valign="middle">3,7</entry></row><row><entry VJ="1" colname="col1" valign="middle">60 und 61</entry><entry VJ="1" colname="col2" valign="middle">3,8</entry></row><row><entry VJ="1" colname="col1" valign="middle">58 und 59</entry><entry VJ="1" colname="col2" valign="middle">3,9</entry></row><row><entry VJ="1" colname="col1" valign="middle">56 und 57</entry><entry VJ="1" colname="col2" valign="middle">4,0</entry></row><row><entry VJ="1" colname="col1" valign="middle">55</entry><entry VJ="1" colname="col2" valign="middle">4,1</entry></row><row><entry VJ="1" colname="col1" valign="middle">53 und 54</entry><entry VJ="1" colname="col2" valign="middle">4,2</entry></row><row><entry VJ="1" colname="col1" valign="middle">51 und 52</entry><entry VJ="1" colname="col2" valign="middle">4,3</entry></row><row><entry VJ="1" colname="col1" valign="middle">50</entry><entry VJ="1" colname="col2" valign="middle">4,4</entry></row><row><entry VJ="1" colname="col1" valign="middle">48 und 49</entry><entry VJ="1" colname="col2" valign="middle">4,5</entry><entry VJ="1" colname="col3" morerows="9" valign="middle">mangelhaft</entry><entry VJ="1" colname="col4" morerows="9" valign="middle">eine Leistung, die den Anforderungen nicht entspricht, jedoch erkennen lässt, dass gewisse Grundkenntnisse noch vorhanden sind</entry></row><row><entry VJ="1" colname="col1" valign="middle">46 und 47</entry><entry VJ="1" colname="col2" valign="middle">4,6</entry></row><row><entry VJ="1" colname="col1" valign="middle">44 und 45</entry><entry VJ="1" colname="col2" valign="middle">4,7</entry></row><row><entry VJ="1" colname="col1" valign="middle">42 und 43</entry><entry VJ="1" colname="col2" valign="middle">4,8</entry></row><row><entry VJ="1" colname="col1" valign="middle">40 und 41</entry><entry VJ="1" colname="col2" valign="middle">4,9</entry></row><row><entry VJ="1" colname="col1" valign="middle">38 und 39</entry><entry VJ="1" colname="col2" valign="middle">5,0</entry></row><row><entry VJ="1" colname="col1" valign="middle">36 und 37</entry><entry VJ="1" colname="col2" valign="middle">5,1</entry></row><row><entry VJ="1" colname="col1" valign="middle">34 und 35</entry><entry VJ="1" colname="col2" valign="middle">5,2</entry></row><row><entry VJ="1" colname="col1" valign="middle">32 und 33</entry><entry VJ="1" colname="col2" valign="middle">5,3</entry></row><row><entry VJ="1" colname="col1" valign="middle">30 und 31</entry><entry VJ="1" colname="col2" valign="middle">5,4</entry></row><row><entry VJ="1" colname="col1" valign="middle">25 bis 29</entry><entry VJ="1" colname="col2" valign="middle">5,5</entry><entry VJ="1" colname="col3" morerows="5" valign="middle">ungenügend</entry><entry VJ="1" colname="col4" morerows="5" valign="middle">eine Leistung, die den Anforderungen nicht entspricht und bei der selbst Grundkenntnisse fehlen</entry></row><row><entry VJ="1" colname="col1" valign="middle">20 bis 24</entry><entry VJ="1" colname="col2" valign="middle">5,6</entry></row><row><entry VJ="1" colname="col1" valign="middle">15 bis 19</entry><entry VJ="1" colname="col2" valign="middle">5,7</entry></row><row><entry VJ="1" colname="col1" valign="middle">10 bis 14</entry><entry VJ="1" colname="col2" valign="middle">5,8</entry></row><row><entry VJ="1" colname="col1" valign="middle">5 bis 9</entry><entry VJ="1" colname="col2" valign="middle">5,9</entry></row><row><entry VJ="1" colname="col1" valign="middle">0 bis 4</entry><entry VJ="1" colname="col2" valign="middle">6,0</entry></row></tbody></tgroup></table></Content></text><fussnoten><Content><P>(+++ Zur Anwendung vgl. §§ 1 u. 3 FortbVenÄndV6AnwV +++)</P></Content></fussnoten></textdaten></norm>
<norm builddate="20200305213018" doknr="BJNR043300003BJNE000134128"><metadaten><jurabk>SchSiMeistPrV</jurabk><enbez>Anlage 2</enbez><titel format="XML">(zu § 9)<BR/>Zeugnisinhalte</titel></metadaten><textdaten><text format="XML"><Content><P><noindex><kommentar typ="Fundstelle">(Fundstelle: BGBl. I 2019, 2243 - 2244)</kommentar></noindex></P><BR/><BR/><P><SP>Teil A – Zeugnis ohne Prüfungsergebnisse:</SP><DL Font="normal" Type="arabic"><DT>1.</DT><DD Font="normal"><LA Size="normal">Bezeichnung der ausstellenden Behörde,</LA></DD><DT>2.</DT><DD Font="normal"><LA Size="normal">Name und Geburtsdatum der zu prüfenden Person,</LA></DD><DT>3.</DT><DD Font="normal"><LA Size="normal">Datum des Bestehens der Prüfung,</LA></DD><DT>4.</DT><DD Font="normal"><LA Size="normal">Bezeichnung des erworbenen Fortbildungsabschlusses nach § 1 Absatz 4,</LA></DD><DT>5.</DT><DD Font="normal"><LA Size="normal">Bezeichnung und Fundstelle dieser Fortbildungsordnung nach den Angaben im Bundesgesetzblatt unter Berücksichtigung erfolgter Änderungen dieser Verordnung,</LA></DD><DT>6.</DT><DD Font="normal"><LA Size="normal">Datum der Ausstellung des Zeugnisses samt Unterschrift der zuständigen Stelle.</LA></DD></DL></P><P><SP>Teil B – Zeugnis mit Prüfungsergebnissen:</SP></P><P>Alle Angaben des Teils A sowie zusätzlich: <DL Font="normal" Type="arabic"><DT>1.</DT><DD Font="normal"><LA Size="normal">zum Prüfungsteil „Grundlegende Qualifikationen“ <DL Font="normal" Type="alpha"><DT>a)</DT><DD Font="normal"><LA Size="normal">Benennung dieses Prüfungsteils und Bewertung mit Note sowie</LA></DD><DT>b)</DT><DD Font="normal"><LA Size="normal">Benennung der Prüfungsbereiche und Bewertung mit Punkten,</LA></DD></DL></LA></DD><DT>2.</DT><DD Font="normal"><LA Size="normal">zum Prüfungsteil „Handlungsspezifische Qualifikationen“ <DL Font="normal" Type="alpha"><DT>a)</DT><DD Font="normal"><LA Size="normal">Benennung dieses Prüfungsteils mit Note,</LA></DD><DT>b)</DT><DD Font="normal"><LA Size="normal">Benennung der integrativen schriftlichen Situationsaufgaben in den Handlungsbereichen Schutz- und Sicherheitstechnik, Organisation, Führung und Personal und Bewertung mit Punkten sowie</LA></DD><DT>c)</DT><DD Font="normal"><LA Size="normal">Benennung des situationsbezogenen Fachgesprächs mit Handlungsbereich und Bewertung mit Punkten,</LA></DD></DL></LA></DD><DT>3.</DT><DD Font="normal"><LA Size="normal">die errechnete Gesamtpunktzahl für die gesamte Prüfung,</LA></DD><DT>4.</DT><DD Font="normal"><LA Size="normal">die Gesamtnote als Dezimalzahl,</LA></DD><DT>5.</DT><DD Font="normal"><LA Size="normal">die Gesamtnote in Worten,</LA></DD><DT>6.</DT><DD Font="normal"><LA Size="normal">Befreiungen nach § 6,</LA></DD><DT>7.</DT><DD Font="normal"><LA Size="normal">Vorliegen des Nachweises über den Erwerb der berufs- und arbeitspädagogischen Qualifikationen nach § 2 Absatz 2.</LA></DD></DL></P></Content></text><fussnoten><Content><P>(+++ Zur Anwendung vgl. §§ 1 u. 3 FortbVenÄndV6AnwV +++)</P></Content></fussnoten></textdaten></norm>
</dokumente>