<?xml version="1.0" encoding="UTF-8" ?><!DOCTYPE dokumente SYSTEM "http://www.gesetze-im-internet.de/dtd/1.01/gii-norm.dtd">
<dokumente builddate="20160815215532" doknr="BJNR204940990"><norm builddate="20160815215532" doknr="BJNR204940990"><metadaten><jurabk>SeeSchSiÜbkG</jurabk><ausfertigung-datum manuell="ja">1990-06-13</ausfertigung-datum><fundstelle typ="amtlich"><periodikum>BGBl II</periodikum><zitstelle>1990, 494</zitstelle></fundstelle><langue>Gesetz zu dem Übereinkommen vom 10. März 1988 zur Bekämpfung
widerrechtlicher Handlungen gegen die Sicherheit der Seeschiffahrt und zum
Protokoll vom 10. März 1988 zur Bekämpfung widerrechtlicher Handlungen gegen
die Sicherheit fester Plattformen, die sich auf dem Festlandsockel befinden</langue><standangabe checked="ja"><standtyp>Stand</standtyp><standkommentar>Geändert durch Art. 3 G v. 25.11.2015 I 2095</standkommentar></standangabe></metadaten><textdaten><text format="XML"><Content><P/></Content></text><fussnoten><Content><P><BR/> <pre xml:space="preserve">(+++ Textnachweis ab: 22. 6.1990 +++)<BR/><BR/></pre></P></Content></fussnoten></textdaten></norm>
<norm builddate="20160815215532" doknr="BJNR204940990BJNE000100308"><metadaten><jurabk>SeeSchSiÜbkG</jurabk><enbez>Art 1</enbez></metadaten><textdaten><text format="XML"><Content><P>Dem Beitritt der Bundesrepublik Deutschland zu dem Übereinkommen von Rom vom 10. März 1988 zur Bekämpfung widerrechtlicher Handlungen gegen die Sicherheit der Seeschiffahrt sowie zu dem Protokoll vom 10. März 1988 zur Bekämpfung widerrechtlicher Handlungen gegen die Sicherheit fester Plattformen, die sich auf dem Festlandsockel befinden, wird zugestimmt. Das Übereinkommen sowie das Protokoll werden nachstehend mit einer amtlichen deutschen Übersetzung veröffentlicht.</P></Content></text></textdaten></norm>
<norm builddate="20160815215532" doknr="BJNR204940990BJNE000200308"><metadaten><jurabk>SeeSchSiÜbkG</jurabk><enbez>Art 2</enbez></metadaten><textdaten><text format="XML"><Content><P>-</P></Content></text><fussnoten/></textdaten></norm>
<norm builddate="20160815215532" doknr="BJNR204940990BJNE000400308"><metadaten><jurabk>SeeSchSiÜbkG</jurabk><enbez>Art 4</enbez></metadaten><textdaten><text format="XML"><Content><P>(1) Dieses Gesetz tritt am Tag nach seiner Verkündung in Kraft.</P><P>(2) Der Tag, an dem das Übereinkommen nach seinem Artikel 18 und das Protokoll nach seinem Artikel 6 für die Bundesrepublik Deutschland in Kraft tritt, ist im Bundesgesetzblatt bekanntzugeben.</P></Content> </text></textdaten></norm>
</dokumente>