<?xml version="1.0" encoding="UTF-8" ?><!DOCTYPE dokumente SYSTEM "http://www.gesetze-im-internet.de/dtd/1.01/gii-norm.dtd">
<dokumente builddate="20231128213545" doknr="BJNR164600009"><norm builddate="20231128213545" doknr="BJNR164600009"><metadaten><jurabk>BBesG/BesÜGBek</jurabk><ausfertigung-datum manuell="ja">2009-07-01</ausfertigung-datum><fundstelle typ="amtlich"><periodikum>BGBl I</periodikum><zitstelle>2009, 1646 (2864)</zitstelle></fundstelle><langue>Bekanntmachung nach § 77 Absatz 1 und 2 sowie nach § 78 Absatz 1 des Bundesbesoldungsgesetzes und nach § 6 Absatz 2 des Besoldungsüberleitungsgesetzes</langue></metadaten><textdaten><fussnoten><Content><P><BR/> <pre xml:space="preserve">(+++ Textnachweis ab: 2.7.2009 +++)<BR/><BR/></pre></P></Content></fussnoten></textdaten></norm>
<norm builddate="20231128213545" doknr="BJNR164600009BJNE000100000"><metadaten><jurabk>BBesG/BesÜGBek</jurabk><enbez>(XXXX)</enbez></metadaten><textdaten><text format="XML"><Content><P>Auf Grund der § 77 Absatz 4 sowie § 78 Absatz 2 des Bundesbesoldungsgesetzes in der Fassung der Bekanntmachung vom 19. Juni 2009 (BGBl. I S. 1434) und auf Grund des § 6 Absatz 2 des Besoldungsüberleitungsgesetzes vom 5. Februar 2009 (BGBl. I S. 160, 221, 462) werden bekannt gemacht: <DL Type="arabic"><DT>1.</DT><DD Font="normal"><LA>als Anlage 1 die sich zum 1. Juli 2009 ergebenden Grundgehaltssätze der fortgeltenden Bundesbesoldungsordnung C,</LA></DD><DT>2.</DT><DD Font="normal"><LA>als Anlage 2 die sich zum 1. Juli 2009 ergebenden Beträge des Grundgehaltes nach Anlage IV, des Familienzuschlages nach Anlage V und der Amts- und Stellenzulagen nach Anlage IX des Bundesbesoldungsgesetzes für Beamtinnen und Beamte bei den Postnachfolgeunternehmen,</LA></DD><DT>3.</DT><DD Font="normal"><LA>als Anlage 3 die sich zum 1. Juli 2009 ergebenden Beträge des Grundgehaltes nach der Anlage 1 des Besoldungsüberleitungsgesetzes für Beamtinnen und Beamte bei den Postnachfolgeunternehmen.</LA></DD></DL></P></Content></text></textdaten></norm>
<norm builddate="20231128213545" doknr="BJNR164600009BJNE000200000"><metadaten><jurabk>BBesG/BesÜGBek</jurabk><enbez>Schlussformel</enbez></metadaten><textdaten><text format="XML"><Content><P><SP>Der Bundesminister des Innern</SP></P></Content></text></textdaten></norm>
<norm builddate="20231128213545" doknr="BJNR164600009BJNE000300000"><metadaten><jurabk>BBesG/BesÜGBek</jurabk><enbez>Anlage 1</enbez><titel format="XML">Besoldungsordnung C</titel></metadaten><textdaten><text format="XML"><Content><kommentar typ="Fundstelle">(Fundstelle: BGBl. I 2009, 1647)</kommentar><BR/><BR/><Title Align="auto" Class="S1">Grundgehaltssätze</Title><BR/><Subtitle Align="auto">(Monatsbeträge in Euro)</Subtitle><BR/><BR/><table frame="all" pgwide="1" tabstyle="Anlage1Tab1" tocentry="%yes;"><tgroup align="left" char="" charoff="50" cols="16"><colspec align="center" colname="col1" colnum="1" colsep="1" colwidth="1.20*"/><colspec align="center" colname="col2" colnum="2" colsep="1" colwidth="1.50*"/><colspec align="center" colname="col3" colnum="3" colsep="1" colwidth="1.50*"/><colspec align="center" colname="col4" colnum="4" colsep="1" colwidth="1.50*"/><colspec align="center" colname="col5" colnum="5" colsep="1" colwidth="1.50*"/><colspec align="center" colname="col6" colnum="6" colsep="1" colwidth="1.50*"/><colspec align="center" colname="col7" colnum="7" colsep="1" colwidth="1.50*"/><colspec align="center" colname="col8" colnum="8" colsep="1" colwidth="1.50*"/><colspec align="center" colname="col9" colnum="9" colsep="1" colwidth="1.50*"/><colspec align="center" colname="col10" colnum="10" colsep="1" colwidth="1.50*"/><colspec align="center" colname="col11" colnum="11" colsep="1" colwidth="1.50*"/><colspec align="center" colname="col12" colnum="12" colsep="1" colwidth="1.50*"/><colspec align="center" colname="col13" colnum="13" colsep="1" colwidth="1.50*"/><colspec align="center" colname="col14" colnum="14" colsep="1" colwidth="1.50*"/><colspec align="center" colname="col15" colnum="15" colsep="1" colwidth="1.50*"/><colspec align="center" colname="col16" colnum="16" colsep="1" colwidth="1.50*"/><thead valign="bottom"><row><entry VJ="1" align="center" colname="col1" colsep="1" morerows="1" rowsep="1" valign="middle">Besol-<BR/> dungs-<BR/> gruppe</entry><entry VJ="1" align="center" colname="col2" colsep="1" nameend="col16" namest="col2" rowsep="1" valign="middle"><SP>Stufe</SP></entry></row><row><entry VJ="1" align="center" colname="col2" colsep="1" rowsep="1" valign="middle">1</entry><entry VJ="1" align="center" colname="col3" colsep="1" rowsep="1" valign="middle">2</entry><entry VJ="1" align="center" colname="col4" colsep="1" rowsep="1" valign="middle">3</entry><entry VJ="1" align="center" colname="col5" colsep="1" rowsep="1" valign="middle">4</entry><entry VJ="1" align="center" colname="col6" colsep="1" rowsep="1" valign="middle">5</entry><entry VJ="1" align="center" colname="col7" colsep="1" rowsep="1" valign="middle">6</entry><entry VJ="1" align="center" colname="col8" colsep="1" rowsep="1" valign="middle">7</entry><entry VJ="1" align="center" colname="col9" colsep="1" rowsep="1" valign="middle">8</entry><entry VJ="1" align="center" colname="col10" colsep="1" rowsep="1" valign="middle">9</entry><entry VJ="1" align="center" colname="col11" colsep="1" rowsep="1" valign="middle">10</entry><entry VJ="1" align="center" colname="col12" colsep="1" rowsep="1" valign="middle">11</entry><entry VJ="1" align="center" colname="col13" colsep="1" rowsep="1" valign="middle">12</entry><entry VJ="1" align="center" colname="col14" colsep="1" rowsep="1" valign="middle">13</entry><entry VJ="1" align="center" colname="col15" colsep="1" rowsep="1" valign="middle">14</entry><entry VJ="1" align="center" colname="col16" colsep="1" rowsep="1" valign="middle">15</entry></row></thead><tbody valign="top"><row><entry VJ="1" colname="col1" colsep="1" rowsep="1">C 1</entry><entry VJ="1" colname="col2" colsep="1" rowsep="1">2 978,74</entry><entry VJ="1" colname="col3" colsep="1" rowsep="1">3 081,43</entry><entry VJ="1" colname="col4" colsep="1" rowsep="1">3 184,09</entry><entry VJ="1" colname="col5" colsep="1" rowsep="1">3 286,77</entry><entry VJ="1" colname="col6" colsep="1" rowsep="1">3 389,46</entry><entry VJ="1" colname="col7" colsep="1" rowsep="1">3 492,12</entry><entry VJ="1" colname="col8" colsep="1" rowsep="1">3 594,78</entry><entry VJ="1" colname="col9" colsep="1" rowsep="1">3 697,45</entry><entry VJ="1" colname="col10" colsep="1" rowsep="1">3 800,13</entry><entry VJ="1" colname="col11" colsep="1" rowsep="1">3 902,80</entry><entry VJ="1" colname="col12" colsep="1" rowsep="1">4 005,47</entry><entry VJ="1" colname="col13" colsep="1" rowsep="1">4 108,15</entry><entry VJ="1" colname="col14" colsep="1" rowsep="1">4 210,82</entry><entry VJ="1" colname="col15" colsep="1" rowsep="1">4 313,50</entry><entry VJ="1" colname="col16" colsep="1" rowsep="1"/></row><row><entry VJ="1" colname="col1" colsep="1" rowsep="1">C 2</entry><entry VJ="1" colname="col2" colsep="1" rowsep="1">2 985,14</entry><entry VJ="1" colname="col3" colsep="1" rowsep="1">3 148,77</entry><entry VJ="1" colname="col4" colsep="1" rowsep="1">3 312,41</entry><entry VJ="1" colname="col5" colsep="1" rowsep="1">3 476,05</entry><entry VJ="1" colname="col6" colsep="1" rowsep="1">3 639,67</entry><entry VJ="1" colname="col7" colsep="1" rowsep="1">3 803,30</entry><entry VJ="1" colname="col8" colsep="1" rowsep="1">3 966,92</entry><entry VJ="1" colname="col9" colsep="1" rowsep="1">4 130,55</entry><entry VJ="1" colname="col10" colsep="1" rowsep="1">4 294,18</entry><entry VJ="1" colname="col11" colsep="1" rowsep="1">4 457,81</entry><entry VJ="1" colname="col12" colsep="1" rowsep="1">4 621,40</entry><entry VJ="1" colname="col13" colsep="1" rowsep="1">4 785,04</entry><entry VJ="1" colname="col14" colsep="1" rowsep="1">4 948,66</entry><entry VJ="1" colname="col15" colsep="1" rowsep="1">5 112,30</entry><entry VJ="1" colname="col16" colsep="1" rowsep="1">5 275,93</entry></row><row><entry VJ="1" colname="col1" colsep="1" rowsep="1">C 3</entry><entry VJ="1" colname="col2" colsep="1" rowsep="1">3 281,65</entry><entry VJ="1" colname="col3" colsep="1" rowsep="1">3 466,93</entry><entry VJ="1" colname="col4" colsep="1" rowsep="1">3 652,21</entry><entry VJ="1" colname="col5" colsep="1" rowsep="1">3 837,48</entry><entry VJ="1" colname="col6" colsep="1" rowsep="1">4 022,76</entry><entry VJ="1" colname="col7" colsep="1" rowsep="1">4 208,04</entry><entry VJ="1" colname="col8" colsep="1" rowsep="1">4 393,28</entry><entry VJ="1" colname="col9" colsep="1" rowsep="1">4 578,56</entry><entry VJ="1" colname="col10" colsep="1" rowsep="1">4 763,84</entry><entry VJ="1" colname="col11" colsep="1" rowsep="1">4 949,12</entry><entry VJ="1" colname="col12" colsep="1" rowsep="1">5 134,38</entry><entry VJ="1" colname="col13" colsep="1" rowsep="1">5 319,66</entry><entry VJ="1" colname="col14" colsep="1" rowsep="1">5 504,93</entry><entry VJ="1" colname="col15" colsep="1" rowsep="1">5 690,20</entry><entry VJ="1" colname="col16" colsep="1" rowsep="1">5 875,46</entry></row><row><entry VJ="1" colname="col1" colsep="1" rowsep="1">C 4</entry><entry VJ="1" colname="col2" colsep="1" rowsep="1">4 153,88</entry><entry VJ="1" colname="col3" colsep="1" rowsep="1">4 340,14</entry><entry VJ="1" colname="col4" colsep="1" rowsep="1">4 526,38</entry><entry VJ="1" colname="col5" colsep="1" rowsep="1">4 712,63</entry><entry VJ="1" colname="col6" colsep="1" rowsep="1">4 898,89</entry><entry VJ="1" colname="col7" colsep="1" rowsep="1">5 085,13</entry><entry VJ="1" colname="col8" colsep="1" rowsep="1">5 271,37</entry><entry VJ="1" colname="col9" colsep="1" rowsep="1">5 457,59</entry><entry VJ="1" colname="col10" colsep="1" rowsep="1">5 643,83</entry><entry VJ="1" colname="col11" colsep="1" rowsep="1">5 830,08</entry><entry VJ="1" colname="col12" colsep="1" rowsep="1">6 016,34</entry><entry VJ="1" colname="col13" colsep="1" rowsep="1">6 202,56</entry><entry VJ="1" colname="col14" colsep="1" rowsep="1">6 388,81</entry><entry VJ="1" colname="col15" colsep="1" rowsep="1">6 575,06</entry><entry VJ="1" colname="col16" colsep="1" rowsep="1">6 761,31</entry></row></tbody></tgroup></table><BR/><BR/><Title Align="auto" Class="S1">Amtszulagen, Stellenzulagen, Zulagen, Vergütungen</Title><BR/><Subtitle Align="auto">(Monatsbeträge)<BR/> – in der Reihenfolge der Gesetzesstellen –</Subtitle><BR/><table frame="all" tabstyle="Anlage1Tab2" tocentry="%yes;"><tgroup align="left" char="" charoff="50" cols="9" colsep="0" rowsep="0"><colspec colname="col1" colnum="1" colwidth="4.99*"/><colspec align="right" colname="col2" colnum="2" colsep="1" colwidth="2.65*"/><colspec colname="col3" colnum="3" colwidth="0.19*"/><colspec colname="col4" colnum="4" colwidth="4.92*"/><colspec colname="col5" colnum="5" colsep="1" colwidth="3.06*"/><colspec colname="col6" colnum="6" colwidth="0.21*"/><colspec colname="col7" colnum="7" colwidth="4.92*"/><colspec colname="col8" colnum="8" colwidth="1.53*"/><colspec align="right" colname="col9" colnum="9" colwidth="1.53*"/><thead valign="bottom"><row><entry VJ="1" colname="col1" colsep="1" rowsep="1" valign="middle">Dem Grunde nach geregelt in</entry><entry VJ="1" align="left" colname="col2" rowsep="1" valign="middle">Betrag in Euro,<BR/> Vomhundert, Bruchteil</entry><entry VJ="1" colsep="1" nameend="col4" namest="col3" rowsep="1" valign="middle">Dem Grunde nach geregelt in</entry><entry VJ="1" colname="col5" rowsep="1" valign="middle">Betrag in Euro,<BR/> Vomhundert, Bruchteil</entry><entry VJ="1" colsep="1" nameend="col7" namest="col6" rowsep="1" valign="middle">Dem Grunde nach geregelt in</entry><entry VJ="1" nameend="col9" namest="col8" rowsep="1" valign="middle">Betrag in Euro,<BR/> Vomhundert, Bruchteil</entry></row></thead><tbody valign="top"><row><entry VJ="1" colname="col1"><B>Bundesbesoldungsordnung C</B><BR/><BR/></entry><entry VJ="1" colname="col2"/><entry VJ="1" nameend="col4" namest="col3"><B>Bundesbesoldungsordnung C</B><BR/><BR/></entry><entry VJ="1" colname="col5"/><entry VJ="1" nameend="col7" namest="col6"><B>Bundesbesoldungsordnung C</B><BR/><BR/></entry><entry VJ="1" colname="col8"/><entry VJ="1" colname="col9"/></row><row><entry VJ="1" colname="col1"><SP>Vorbemerkungen</SP><BR/><BR/></entry><entry VJ="1" colname="col2"/><entry VJ="1" nameend="col4" namest="col3"><SP>Vorbemerkungen</SP><BR/><BR/></entry><entry VJ="1" colname="col5"/><entry VJ="1" nameend="col7" namest="col6"><SP>Vorbemerkungen</SP><BR/><BR/></entry><entry VJ="1" colname="col8"/><entry VJ="1" colname="col9"/></row><row><entry VJ="1" colname="col1">Nummer 2b</entry><entry VJ="1" colname="col2">77,38</entry><entry VJ="1" nameend="col4" namest="col3">Nummer 3<BR/><BR/></entry><entry VJ="1" colname="col5"/><entry VJ="1" nameend="col7" namest="col6">Nummer 5<BR/><BR/></entry><entry VJ="1" colname="col8"/><entry VJ="1" colname="col9"/></row><row><entry VJ="1" colname="col1"/><entry VJ="1" colname="col2"/><entry VJ="1" colname="col3"/><entry VJ="1" colname="col4">Die Zulage beträgt</entry><entry VJ="1" colname="col5">12,5 v. H. des<BR/> Endgrundgehalts<BR/> oder, bei festen<BR/> Gehältern, des<BR/> Grundgehalts<BR/> der Besoldungs-<BR/> gruppe<FnR ID="f772095_01_BJNR164600009BJNE000300000"/></entry><entry VJ="1" colname="col6"/><entry VJ="1" colname="col7">wenn ein Amt ausgeübt wird<BR/> der Besoldungsgruppe R 1<BR/> der Besoldungsgruppe R 2</entry><entry VJ="1" colname="col8"/><entry VJ="1" colname="col9"><BR/> 210,68<BR/> 235,83</entry></row><row><entry VJ="1" colname="col1"/><entry VJ="1" colname="col2"/><entry VJ="1" colname="col3"/><entry VJ="1" colname="col4">für Beamte der Besoldungsgruppe(n)</entry><entry VJ="1" colname="col5"/><entry VJ="1" nameend="col7" namest="col6"><SP>Besoldungsgruppe</SP></entry><entry VJ="1" nameend="col9" namest="col8"><SP>Fußnote</SP></entry></row><row><entry VJ="1" colname="col1"/><entry VJ="1" colname="col2"/><entry VJ="1" colname="col3"/><entry VJ="1" colname="col4">C 1</entry><entry VJ="1" colname="col5">A 13</entry><entry VJ="1" nameend="col7" namest="col6">C 2</entry><entry VJ="1" colname="col8">1</entry><entry VJ="1" colname="col9">106,93</entry></row><row><entry VJ="1" colname="col1"/><entry VJ="1" colname="col2"/><entry VJ="1" colname="col3"/><entry VJ="1" colname="col4">C 2</entry><entry VJ="1" colname="col5">A 15</entry><entry VJ="1" colname="col6"/><entry VJ="1" colname="col7"/><entry VJ="1" nameend="col9" namest="col8"/></row><row><entry VJ="1" colname="col1"/><entry VJ="1" colname="col2"/><entry VJ="1" colname="col3"/><entry VJ="1" colname="col4">C 3 und C 4</entry><entry VJ="1" colname="col5">B 3</entry><entry VJ="1" colname="col6"/><entry VJ="1" colname="col7"/><entry VJ="1" colname="col8"/><entry VJ="1" colname="col9"/></row></tbody></tgroup></table></Content><Footnotes><Footnote FnZ="*" Group="manuell" ID="f772095_01_BJNR164600009BJNE000300000" Pos="normal" Postfix=")">Nach Maßgabe des Artikels 1 § 5 des Haushaltsstrukturgesetzes vom 18. Dezember 1975 (BGBl. I S. 3091).</Footnote></Footnotes></text></textdaten></norm>
<norm builddate="20231128213546" doknr="BJNR164600009BJNE000400000"><metadaten><jurabk>BBesG/BesÜGBek</jurabk><enbez>Anlage 2</enbez></metadaten><textdaten><text format="XML"><Content><kommentar typ="Fundstelle">(Fundstelle: BGBl. I 2009, 1648 - 1653)</kommentar><BR/><P><BR/>(Anlage IV des BBesG)<BR/>Gültig ab 1. Juli 2009 für Postnachfolgeunternehmen</P><BR/><BR/><Title Align="auto"><B>1. Bundesbesoldungsordnung A</B></Title><table colsep="1" frame="all" pgwide="1" rowsep="0" tabstyle="anlage2tab1" tocentry="%yes;"><tgroup align="left" char="" charoff="50" cols="9"><colspec align="center" colname="col1" colnum="1" colwidth="2.00*"/><colspec align="center" colname="col2" colnum="2" colwidth="3.00*"/><colspec align="center" colname="col3" colnum="3" colwidth="3.00*"/><colspec align="center" colname="col4" colnum="4" colwidth="3.00*"/><colspec align="center" colname="col5" colnum="5" colwidth="3.00*"/><colspec align="center" colname="col6" colnum="6" colwidth="3.00*"/><colspec align="center" colname="col7" colnum="7" colwidth="3.00*"/><colspec align="center" colname="col8" colnum="8" colwidth="3.00*"/><colspec align="center" colname="col9" colnum="9" colwidth="3.00*"/><thead valign="bottom"><row><entry VJ="1" align="center" colname="col1" morerows="1" rowsep="1" valign="middle">Besoldungs-<BR/> gruppe</entry><entry VJ="1" align="center" nameend="col9" namest="col2" rowsep="1" valign="middle">Grundgehalt<BR/> (Monatsbeträge in Euro)</entry></row><row><entry VJ="1" align="center" colname="col2" rowsep="1" valign="middle">Stufe 1</entry><entry VJ="1" align="center" colname="col3" rowsep="1" valign="middle">Stufe 2</entry><entry VJ="1" align="center" colname="col4" rowsep="1" valign="middle">Stufe 3</entry><entry VJ="1" align="center" colname="col5" rowsep="1" valign="middle">Stufe 4</entry><entry VJ="1" align="center" colname="col6" rowsep="1" valign="middle">Stufe 5</entry><entry VJ="1" align="center" colname="col7" rowsep="1" valign="middle">Stufe 6</entry><entry VJ="1" align="center" colname="col8" rowsep="1" valign="middle">Stufe 7</entry><entry VJ="1" align="center" colname="col9" rowsep="1" valign="middle">Stufe 8</entry></row></thead><tbody valign="top"><row><entry VJ="1" colname="col1">A 2 </entry><entry VJ="1" colname="col2">1 617,14</entry><entry VJ="1" colname="col3">1 655,18</entry><entry VJ="1" colname="col4">1 694,21</entry><entry VJ="1" colname="col5">1 723,48</entry><entry VJ="1" colname="col6">1 753,72</entry><entry VJ="1" colname="col7">1 783,96</entry><entry VJ="1" colname="col8">1 814,21</entry><entry VJ="1" colname="col9">1 844,45</entry></row><row><entry VJ="1" colname="col1">A 3 </entry><entry VJ="1" colname="col2">1 682,50</entry><entry VJ="1" colname="col3">1 722,50</entry><entry VJ="1" colname="col4">1 762,50</entry><entry VJ="1" colname="col5">1 794,69</entry><entry VJ="1" colname="col6">1 826,89</entry><entry VJ="1" colname="col7">1 859,08</entry><entry VJ="1" colname="col8">1 891,28</entry><entry VJ="1" colname="col9">1 923,47</entry></row><row><entry VJ="1" colname="col1">A 4 </entry><entry VJ="1" colname="col2">1 719,57</entry><entry VJ="1" colname="col3">1 767,38</entry><entry VJ="1" colname="col4">1 815,18</entry><entry VJ="1" colname="col5">1 853,23</entry><entry VJ="1" colname="col6">1 891,28</entry><entry VJ="1" colname="col7">1 929,33</entry><entry VJ="1" colname="col8">1 967,38</entry><entry VJ="1" colname="col9">2 002,50</entry></row><row><entry VJ="1" colname="col1">A 5 </entry><entry VJ="1" colname="col2">1 733,23</entry><entry VJ="1" colname="col3">1 792,74</entry><entry VJ="1" colname="col4">1 840,55</entry><entry VJ="1" colname="col5">1 887,38</entry><entry VJ="1" colname="col6">1 934,21</entry><entry VJ="1" colname="col7">1 982,01</entry><entry VJ="1" colname="col8">2 028,84</entry><entry VJ="1" colname="col9">2 074,69</entry></row><row><entry VJ="1" colname="col1">A 6 </entry><entry VJ="1" colname="col2">1 772,26</entry><entry VJ="1" colname="col3">1 841,52</entry><entry VJ="1" colname="col4">1 911,77</entry><entry VJ="1" colname="col5">1 965,42</entry><entry VJ="1" colname="col6">2 021,03</entry><entry VJ="1" colname="col7">2 074,69</entry><entry VJ="1" colname="col8">2 134,20</entry><entry VJ="1" colname="col9">2 185,91</entry></row><row><entry VJ="1" colname="col1">A 7 </entry><entry VJ="1" colname="col2">1 864,94</entry><entry VJ="1" colname="col3">1 926,40</entry><entry VJ="1" colname="col4">2 007,38</entry><entry VJ="1" colname="col5">2 090,30</entry><entry VJ="1" colname="col6">2 171,28</entry><entry VJ="1" colname="col7">2 253,23</entry><entry VJ="1" colname="col8">2 314,69</entry><entry VJ="1" colname="col9">2 376,15</entry></row><row><entry VJ="1" colname="col1">A 8 </entry><entry VJ="1" colname="col2">1 978,11</entry><entry VJ="1" colname="col3">2 052,25</entry><entry VJ="1" colname="col4">2 156,64</entry><entry VJ="1" colname="col5">2 262,01</entry><entry VJ="1" colname="col6">2 367,37</entry><entry VJ="1" colname="col7">2 440,54</entry><entry VJ="1" colname="col8">2 514,69</entry><entry VJ="1" colname="col9">2 587,86</entry></row><row><entry VJ="1" colname="col1">A 9 </entry><entry VJ="1" colname="col2">2 152,17</entry><entry VJ="1" colname="col3">2 225,34</entry><entry VJ="1" colname="col4">2 340,46</entry><entry VJ="1" colname="col5">2 457,54</entry><entry VJ="1" colname="col6">2 572,66</entry><entry VJ="1" colname="col7">2 650,71</entry><entry VJ="1" colname="col8">2 729,73</entry><entry VJ="1" colname="col9">2 806,80</entry></row><row><entry VJ="1" colname="col1">A 10</entry><entry VJ="1" colname="col2">2 309,25</entry><entry VJ="1" colname="col3">2 409,73</entry><entry VJ="1" colname="col4">2 555,10</entry><entry VJ="1" colname="col5">2 699,49</entry><entry VJ="1" colname="col6">2 843,87</entry><entry VJ="1" colname="col7">2 944,36</entry><entry VJ="1" colname="col8">3 044,85</entry><entry VJ="1" colname="col9">3 145,33</entry></row><row><entry VJ="1" colname="col1">A 11</entry><entry VJ="1" colname="col2">2 650,91</entry><entry VJ="1" colname="col3">2 799,97</entry><entry VJ="1" colname="col4">2 948,26</entry><entry VJ="1" colname="col5">3 097,53</entry><entry VJ="1" colname="col6">3 199,97</entry><entry VJ="1" colname="col7">3 302,41</entry><entry VJ="1" colname="col8">3 404,84</entry><entry VJ="1" colname="col9">3 507,28</entry></row><row><entry VJ="1" colname="col1">A 12</entry><entry VJ="1" colname="col2">2 841,92</entry><entry VJ="1" colname="col3">3 018,51</entry><entry VJ="1" colname="col4">3 196,07</entry><entry VJ="1" colname="col5">3 372,65</entry><entry VJ="1" colname="col6">3 495,57</entry><entry VJ="1" colname="col7">3 616,55</entry><entry VJ="1" colname="col8">3 738,50</entry><entry VJ="1" colname="col9">3 862,40</entry></row><row><entry VJ="1" colname="col1">A 13</entry><entry VJ="1" colname="col2">3 332,65</entry><entry VJ="1" colname="col3">3 498,50</entry><entry VJ="1" colname="col4">3 663,38</entry><entry VJ="1" colname="col5">3 829,23</entry><entry VJ="1" colname="col6">3 943,38</entry><entry VJ="1" colname="col7">4 058,50</entry><entry VJ="1" colname="col8">4 172,64</entry><entry VJ="1" colname="col9">4 284,84</entry></row><row><entry VJ="1" colname="col1">A 14</entry><entry VJ="1" colname="col2">3 427,28</entry><entry VJ="1" colname="col3">3 640,94</entry><entry VJ="1" colname="col4">3 855,57</entry><entry VJ="1" colname="col5">4 069,23</entry><entry VJ="1" colname="col6">4 216,54</entry><entry VJ="1" colname="col7">4 364,83</entry><entry VJ="1" colname="col8">4 512,15</entry><entry VJ="1" colname="col9">4 660,44</entry></row><row><entry VJ="1" colname="col1">A 15</entry><entry VJ="1" colname="col2">4 189,23</entry><entry VJ="1" colname="col3">4 382,40</entry><entry VJ="1" colname="col4">4 529,71</entry><entry VJ="1" colname="col5">4 677,03</entry><entry VJ="1" colname="col6">4 824,34</entry><entry VJ="1" colname="col7">4 970,68</entry><entry VJ="1" colname="col8">5 117,02</entry><entry VJ="1" colname="col9">5 262,39</entry></row><row><entry VJ="1" colname="col1">A 16</entry><entry VJ="1" colname="col2">4 621,42</entry><entry VJ="1" colname="col3">4 845,81</entry><entry VJ="1" colname="col4">5 015,56</entry><entry VJ="1" colname="col5">5 185,31</entry><entry VJ="1" colname="col6">5 354,09</entry><entry VJ="1" colname="col7">5 524,82</entry><entry VJ="1" colname="col8">5 694,58</entry><entry VJ="1" colname="col9">5 862,38</entry></row></tbody></tgroup></table><P>Erhöhungsbeträge für Besoldungsgruppen A 5, A 6, A 9 und A 10</P><P>Das Grundgehalt erhöht sich in den Besoldungsgruppen A 5 und A 6 für Beamte des mittleren Dienstes sowie für Unteroffiziere um 17,36 Euro; es erhöht sich in den Besoldungsgruppen A 9 und A 10 für Beamte des gehobenen Dienstes sowie für Offiziere um 7,57 Euro.</P><BR/><BR/><Title Align="auto">2. Bundesbesoldungsordnung B</Title><table colsep="1" frame="all" pgwide="1" rowsep="0" tabstyle="anlage2tab2" tocentry="%yes;"><tgroup align="left" char="" charoff="50" cols="2"><colspec align="center" colname="col1" colnum="1" colwidth="3.00*"/><colspec align="center" colname="col2" colnum="2" colwidth="3.42*"/><thead valign="bottom"><row><entry VJ="1" align="center" colname="col1" rowsep="1" valign="middle">Besoldungsgruppe</entry><entry VJ="1" align="center" colname="col2" rowsep="1" valign="middle">Grundgehalt<BR/> (Monatsbeträge in Euro)</entry></row></thead><tbody valign="top"><row><entry VJ="1" colname="col1">B 1 </entry><entry VJ="1" colname="col2"> 5 262,39</entry></row><row><entry VJ="1" colname="col1">B 2 </entry><entry VJ="1" colname="col2"> 6 113,11</entry></row><row><entry VJ="1" colname="col1">B 3 </entry><entry VJ="1" colname="col2"> 6 473,11</entry></row><row><entry VJ="1" colname="col1">B 4 </entry><entry VJ="1" colname="col2"> 6 849,69</entry></row><row><entry VJ="1" colname="col1">B 5 </entry><entry VJ="1" colname="col2"> 7 282,30</entry></row><row><entry VJ="1" colname="col1">B 6 </entry><entry VJ="1" colname="col2"> 7 692,61</entry></row><row><entry VJ="1" colname="col1">B 7 </entry><entry VJ="1" colname="col2"> 8 088,70</entry></row><row><entry VJ="1" colname="col1">B 8 </entry><entry VJ="1" colname="col2"> 8 503,33</entry></row><row><entry VJ="1" colname="col1">B 9 </entry><entry VJ="1" colname="col2"> 9 017,47</entry></row><row><entry VJ="1" colname="col1">B 10</entry><entry VJ="1" colname="col2">10 614,68</entry></row><row><entry VJ="1" colname="col1">B 11</entry><entry VJ="1" colname="col2">11 027,21</entry></row></tbody></tgroup></table><BR/><BR/><P>(Anlage V des BBesG)<BR/>Gültig ab 1. Juli 2009 für Postnachfolgeunternehmen</P><BR/><BR/><Title Align="auto" Class="S1"><B>Familienzuschlag</B></Title><Subtitle Align="auto">(Monatsbeträge in Euro)</Subtitle><BR/><BR/><table colsep="1" frame="all" pgwide="1" tabstyle="Teil4Tab1" tocentry="%yes;"><tgroup align="left" char="" charoff="50" cols="3"><colspec colname="col1" colnum="1" colwidth="30.44*"/><colspec align="center" colname="col2" colnum="2" colwidth="32.61*"/><colspec align="center" colname="col3" colnum="3" colwidth="36.96*"/><thead valign="bottom"><row><entry VJ="1" colname="col1" rowsep="1"/><entry VJ="1" colname="col2" rowsep="1" valign="middle">Stufe 1<BR/> (§ 40 Absatz 1)</entry><entry VJ="1" colname="col3" rowsep="1" valign="middle">Stufe 2<BR/> (§ 40 Absatz 2)</entry></row></thead><tbody valign="top"><row><entry VJ="1" colname="col1">Besoldungsgruppen A 2 bis A 8</entry><entry VJ="1" colname="col2">106,26</entry><entry VJ="1" colname="col3">201,70</entry></row><row><entry VJ="1" colname="col1">übrige Besoldungsgruppen</entry><entry VJ="1" colname="col2">111,58</entry><entry VJ="1" colname="col3">207,02</entry></row></tbody></tgroup></table><P>(1) Bei mehr als einem Kind erhöht sich der Familienzuschlag für das zweite zu berücksichtigende Kind um 95,44 Euro, für das dritte und jedes weitere zu berücksichtigende Kind um 297,38 Euro.</P><P><B>Erhöhungsbeträge für Besoldungsgruppen A 2 bis A 5</B></P><P>(2) Der Familienzuschlag der Stufe 2 erhöht sich für das erste zu berücksichtigende Kind in den Besoldungsgruppen A 2 bis A 5 um je 5,11 Euro, ab Stufe 3 für jedes weitere zu berücksichtigende Kind<BR/><BR/> in den Besoldungsgruppen A 2 bis A 3 um je 25,56 Euro,<BR/> in der Besoldungsgruppe A 4 um je 20,45 Euro und<BR/> in der Besoldungsgruppe A 5 um je 15,34 Euro.<BR/><BR/> Soweit dadurch im Einzelfall die Besoldung hinter derjenigen aus einer niedrigeren Besoldungsgruppe zurückbleibt, wird der Unterschiedsbetrag zusätzlich gewährt.</P><P><B>Anrechnungsbetrag nach § 39 Absatz 2 Satz 1</B></P><table colsep="0" frame="none" pgwide="1" rowsep="0" tocentry="%yes;"><tgroup align="left" char="" charoff="50" cols="2" colsep="0" rowsep="0"><colspec colname="col1" colnum="1" colwidth="1.31*"/><colspec colname="col2" colnum="2" colwidth="3.12*"/><tbody valign="top"><row><entry VJ="1" colname="col1">– in den Besoldungsgruppen A 2 bis A 8:</entry><entry VJ="1" colname="col2">98,76 Euro</entry></row><row><entry VJ="1" colname="col1">– in den Besoldungsgruppen A 9 bis A 12:</entry><entry VJ="1" colname="col2">104,85 Euro</entry></row></tbody></tgroup></table><BR/><BR/><P>(Anlage IX des BBesG)<BR/>Gültig ab 1. Juli 2009 für Postnachfolgeunternehmen</P><BR/><BR/><Title Align="auto" Class="S1"><B>Amtszulagen, Stellenzulagen, Zulagen, Vergütungen</B></Title><BR/><Subtitle Align="auto">(Monatsbeträge)<BR/> – in der Reihenfolge der Gesetzesstellen –</Subtitle><BR/><BR/><table frame="all" pgwide="1" tabstyle="anlage9tab1" tocentry="%yes;"><tgroup align="left" char="" charoff="50" cols="7" colsep="0" rowsep="0"><colspec colname="col1" colnum="1" colwidth="0.5*"/><colspec colname="col2" colnum="2" colwidth="0.5*"/><colspec colname="col3" colnum="3" colwidth="3.5*"/><colspec colname="col4" colnum="4" colwidth="6.60*"/><colspec colname="col5" colnum="5" colwidth="1.20*"/><colspec colname="col6" colnum="6" colwidth="2.40*"/><colspec align="right" colname="col7" colnum="7" colwidth="2.50*"/><thead valign="bottom"><row><entry VJ="1" colname="1" colsep="1" nameend="col4" namest="col1" rowsep="1" valign="middle">Dem Grunde nach geregelt in</entry><entry VJ="1" colname="5" colsep="1" nameend="col7" namest="col5" rowsep="1" valign="middle">Betrag in Euro,<BR/> Vomhundert, Bruchteil</entry></row></thead><tbody valign="top"><row><entry VJ="1" nameend="col4" namest="col1"><B>Bundesbesoldungsgesetz</B></entry><entry VJ="1" nameend="col6" namest="col5"/><entry VJ="1" colname="col7"/></row><row><entry VJ="1" nameend="col4" namest="col1">§ 44</entry><entry VJ="1" nameend="col6" namest="col5">bis zu</entry><entry VJ="1" colname="col7">102,26</entry></row><row><entry VJ="1" nameend="col7" namest="col1"><B>Bundesbesoldungsordnungen A und B</B></entry></row><row><entry VJ="1" nameend="col4" namest="col1"><SP>Vorbemerkungen</SP></entry><entry VJ="1" colname="col5"/><entry VJ="1" colname="col6"/><entry VJ="1" colname="col7"/></row><row><entry VJ="1" nameend="col4" namest="col1">Nummer 2 Absatz 2</entry><entry VJ="1" colname="col5"/><entry VJ="1" colname="col6"/><entry VJ="1" colname="col7">127,82</entry></row><row><entry VJ="1" nameend="col4" namest="col1">Nummer 4</entry><entry VJ="1" colname="col5"/><entry VJ="1" colname="col6"/><entry VJ="1" colname="col7">51,13</entry></row><row><entry VJ="1" nameend="col4" namest="col1">Nummer 4a</entry><entry VJ="1" colname="col5"/><entry VJ="1" colname="col6"/><entry VJ="1" colname="col7">76,69</entry></row><row><entry VJ="1" nameend="col4" namest="col1">Nummer 5</entry><entry VJ="1" colname="col5"/><entry VJ="1" colname="col6"/><entry VJ="1" colname="col7"/></row><row><entry VJ="1" colname="col1"/><entry VJ="1" nameend="col4" namest="col2">Die Zulage beträgt für</entry><entry VJ="1" colname="col5"/><entry VJ="1" colname="col6"/><entry VJ="1" colname="col7"/></row><row><entry VJ="1" colname="col1"/><entry VJ="1" colname="col2"/><entry VJ="1" nameend="col6" namest="col3">Mannschaften,<BR/> Unteroffiziere/Beamte<BR/> der Besoldungsgruppen A 5 und A 6</entry><entry VJ="1" colname="col7"><BR/><BR/> 35,79</entry></row><row><entry VJ="1" colname="col1"/><entry VJ="1" colname="col2"/><entry VJ="1" nameend="col6" namest="col3">Unteroffiziere/Beamte<BR/> der Besoldungsgruppen A 7 bis A 9</entry><entry VJ="1" colname="col7"><BR/> 51,13</entry></row><row><entry VJ="1" colname="col1"/><entry VJ="1" colname="col2"/><entry VJ="1" nameend="col5" namest="col3">Offiziere/Beamte des gehobenen<BR/> und höheren Dienstes</entry><entry VJ="1" colname="col6"/><entry VJ="1" colname="col7"><BR/> 76,69</entry></row><row><entry VJ="1" nameend="col4" namest="col1">Nummer 5a</entry><entry VJ="1" colname="col5"/><entry VJ="1" colname="col6"/><entry VJ="1" colname="col7"/></row><row><entry VJ="1" colname="col1"/><entry VJ="1" nameend="col4" namest="col2">Absatz 1</entry><entry VJ="1" colname="col5"/><entry VJ="1" colname="col6"/><entry VJ="1" colname="col7"/></row><row><entry VJ="1" colname="col1"/><entry VJ="1" colname="col2"/><entry VJ="1" nameend="col4" namest="col3">Buchstabe a</entry><entry VJ="1" colname="col5"/><entry VJ="1" colname="col6"/><entry VJ="1" colname="col7">92,03</entry></row><row><entry VJ="1" colname="col1"/><entry VJ="1" colname="col2"/><entry VJ="1" nameend="col4" namest="col3">Buchstabe b</entry><entry VJ="1" colname="col5"/><entry VJ="1" colname="col6"/><entry VJ="1" colname="col7">153,39</entry></row><row><entry VJ="1" colname="col1"/><entry VJ="1" colname="col2"/><entry VJ="1" nameend="col4" namest="col3">Buchstabe c</entry><entry VJ="1" colname="col5"/><entry VJ="1" colname="col6"/><entry VJ="1" colname="col7">219,86</entry></row><row><entry VJ="1" colname="col1"/><entry VJ="1" nameend="col4" namest="col2">Absatz 2</entry><entry VJ="1" colname="col5"/><entry VJ="1" colname="col6"/><entry VJ="1" colname="col7"/></row><row><entry VJ="1" colname="col1"/><entry VJ="1" colname="col2"/><entry VJ="1" colname="col3">Nummer 1</entry><entry VJ="1" colname="col4">Buchstabe a</entry><entry VJ="1" colname="col5"/><entry VJ="1" colname="col6"/><entry VJ="1" colname="col7">138,05</entry></row><row><entry VJ="1" colname="col1"/><entry VJ="1" colname="col2"/><entry VJ="1" colname="col3"/><entry VJ="1" colname="col4">Buchstabe b</entry><entry VJ="1" colname="col5"/><entry VJ="1" colname="col6"/><entry VJ="1" colname="col7">102,26</entry></row><row><entry VJ="1" colname="col1"/><entry VJ="1" colname="col2"/><entry VJ="1" colname="col3">Nummer 2</entry><entry VJ="1" colname="col4">Buchstabe a</entry><entry VJ="1" colname="col5"/><entry VJ="1" colname="col6"/><entry VJ="1" colname="col7">102,26</entry></row><row><entry VJ="1" colname="col1"/><entry VJ="1" colname="col2"/><entry VJ="1" colname="col3"/><entry VJ="1" colname="col4">Buchstabe b</entry><entry VJ="1" colname="col5"/><entry VJ="1" colname="col6"/><entry VJ="1" colname="col7">40,90</entry></row><row><entry VJ="1" colname="col1"/><entry VJ="1" colname="col2"/><entry VJ="1" nameend="col4" namest="col3">Nummer 3</entry><entry VJ="1" colname="col5"/><entry VJ="1" colname="col6"/><entry VJ="1" colname="col7">66,47</entry></row><row><entry VJ="1" colname="col1"/><entry VJ="1" colname="col2"/><entry VJ="1" nameend="col4" namest="col3">Nummer 4 und 5</entry><entry VJ="1" colname="col5"/><entry VJ="1" colname="col6"/><entry VJ="1" colname="col7">61,36</entry></row><row><entry VJ="1" colname="col1"/><entry VJ="1" colname="col2"/><entry VJ="1" colname="col3">Nummer 6</entry><entry VJ="1" colname="col4">Buchstabe a</entry><entry VJ="1" colname="col5"/><entry VJ="1" colname="col6"/><entry VJ="1" colname="col7">102,26</entry></row><row><entry VJ="1" colname="col1"/><entry VJ="1" colname="col2"/><entry VJ="1" colname="col3"/><entry VJ="1" colname="col4">Buchstabe b</entry><entry VJ="1" colname="col5"/><entry VJ="1" colname="col6"/><entry VJ="1" colname="col7">102,26</entry></row><row><entry VJ="1" colname="col1"/><entry VJ="1" colname="col2"/><entry VJ="1" colname="col3">Nummer 7</entry><entry VJ="1" colname="col4">Buchstabe a</entry><entry VJ="1" colname="col5"/><entry VJ="1" colname="col6"/><entry VJ="1" colname="col7">102,26</entry></row><row><entry VJ="1" colname="col1"/><entry VJ="1" colname="col2"/><entry VJ="1" colname="col3"/><entry VJ="1" colname="col4">Buchstabe b</entry><entry VJ="1" colname="col5"/><entry VJ="1" colname="col6"/><entry VJ="1" colname="col7">40,90</entry></row><row><entry VJ="1" colname="col1"/><entry VJ="1" colname="col2"/><entry VJ="1" colname="col3">Nummer 8</entry><entry VJ="1" colname="col4">Buchstabe a</entry><entry VJ="1" colname="col5"/><entry VJ="1" colname="col6"/><entry VJ="1" colname="col7">127,82</entry></row><row><entry VJ="1" colname="col1"/><entry VJ="1" colname="col2"/><entry VJ="1" colname="col3"/><entry VJ="1" colname="col4">Buchstabe b</entry><entry VJ="1" colname="col5"/><entry VJ="1" colname="col6"/><entry VJ="1" colname="col7">66,47</entry></row><row><entry VJ="1" colname="col1"/><entry VJ="1" colname="col2"/><entry VJ="1" colname="col3">Nummer 9</entry><entry VJ="1" colname="col4"/><entry VJ="1" colname="col5"/><entry VJ="1" colname="col6"/><entry VJ="1" colname="col7">61,36</entry></row><row><entry VJ="1" nameend="col4" namest="col1">Nummer 6</entry><entry VJ="1" colname="col5"/><entry VJ="1" colname="col6"/><entry VJ="1" colname="col7"/></row><row><entry VJ="1" colname="col1"/><entry VJ="1" nameend="col4" namest="col2">Absatz 1 Satz 1</entry><entry VJ="1" colname="col5"/><entry VJ="1" colname="col6"/><entry VJ="1" colname="col7"/></row><row><entry VJ="1" colname="col1"/><entry VJ="1" colname="col2"/><entry VJ="1" nameend="col4" namest="col3">Buchstabe a</entry><entry VJ="1" colname="col5"/><entry VJ="1" colname="col6"/><entry VJ="1" colname="col7">460,16</entry></row><row><entry VJ="1" colname="col1"/><entry VJ="1" colname="col2"/><entry VJ="1" nameend="col4" namest="col3">Buchstabe b</entry><entry VJ="1" colname="col5"/><entry VJ="1" colname="col6"/><entry VJ="1" colname="col7">368,13</entry></row><row><entry VJ="1" colname="col1"/><entry VJ="1" colname="col2"/><entry VJ="1" nameend="col4" namest="col3">Buchstabe c</entry><entry VJ="1" colname="col5"/><entry VJ="1" colname="col6"/><entry VJ="1" colname="col7">294,50</entry></row><row><entry VJ="1" colname="col1"/><entry VJ="1" nameend="col4" namest="col2">Absatz 1 Satz 2</entry><entry VJ="1" colname="col5"/><entry VJ="1" colname="col6"/><entry VJ="1" colname="col7">585,37</entry></row><row><entry VJ="1" nameend="col4" namest="col1">Nummer 6a</entry><entry VJ="1" colname="col5"/><entry VJ="1" colname="col6"/><entry VJ="1" colname="col7">102,26</entry></row><row><entry VJ="1" nameend="col4" namest="col1">Nummer 7</entry><entry VJ="1" colname="col5"/><entry VJ="1" colname="col6"/><entry VJ="1" colname="col7"/></row><row><entry VJ="1" colname="col1"/><entry VJ="1" nameend="col4" namest="col2">Die Zulage beträgt für<BR/> Beamte und Soldaten der<BR/> Besoldungsgruppen</entry><entry VJ="1" nameend="col7" namest="col5">12,5 v. H. des<BR/> Endgrundgehalts<BR/> oder, bei festen<BR/> Gehältern, des<BR/> Grundgehalts der<BR/> Besoldungsgruppe<FnR ID="f772471_01_BJNR164600009BJNE000400000"/></entry></row><row><entry VJ="1" colname="col1"/><entry VJ="1" nameend="col4" namest="col2">A 2 bis A 5</entry><entry VJ="1" nameend="col6" namest="col5">A 5</entry><entry VJ="1" colname="col7"/></row><row><entry VJ="1" colname="col1"/><entry VJ="1" nameend="col4" namest="col2">A 6 bis A 9</entry><entry VJ="1" nameend="col6" namest="col5">A 9</entry><entry VJ="1" colname="col7"/></row><row><entry VJ="1" colname="col1"/><entry VJ="1" nameend="col4" namest="col2">A 10 bis A 13</entry><entry VJ="1" nameend="col6" namest="col5">A 13</entry><entry VJ="1" colname="col7"/></row><row><entry VJ="1" colname="col1"/><entry VJ="1" nameend="col4" namest="col2">A 14, A 15, B 1</entry><entry VJ="1" nameend="col6" namest="col5">A 15</entry><entry VJ="1" colname="col7"/></row><row><entry VJ="1" colname="col1"/><entry VJ="1" nameend="col4" namest="col2">A 16, B 2 bis B 4</entry><entry VJ="1" nameend="col6" namest="col5">B 3</entry><entry VJ="1" colname="col7"/></row><row><entry VJ="1" colname="col1"/><entry VJ="1" nameend="col4" namest="col2">B 5 bis B 7</entry><entry VJ="1" nameend="col6" namest="col5">B 6</entry><entry VJ="1" colname="col7"/></row><row><entry VJ="1" colname="col1"/><entry VJ="1" nameend="col4" namest="col2">B 8 bis B 10</entry><entry VJ="1" nameend="col6" namest="col5">B 9</entry><entry VJ="1" colname="col7"/></row><row><entry VJ="1" colname="col1"/><entry VJ="1" nameend="col4" namest="col2">B 11</entry><entry VJ="1" nameend="col6" namest="col5">B 11</entry><entry VJ="1" colname="col7"/></row><row><entry VJ="1" nameend="col4" namest="col1">Nummer 8</entry><entry VJ="1" colname="col5"/><entry VJ="1" colname="col6"/><entry VJ="1" colname="col7"/></row><row><entry VJ="1" colname="col1"/><entry VJ="1" nameend="col4" namest="col2">Die Zulage beträgt<BR/> für Beamte der Besoldungsgruppen</entry><entry VJ="1" colname="col5"/><entry VJ="1" colname="col6"/><entry VJ="1" colname="col7"/></row><row><entry VJ="1" colname="col1"/><entry VJ="1" nameend="col4" namest="col2"> A 2 bis A 5</entry><entry VJ="1" nameend="col6" namest="col5"/><entry VJ="1" colname="col7">115,04</entry></row><row><entry VJ="1" colname="col1"/><entry VJ="1" nameend="col4" namest="col2"> A 6 bis A 9</entry><entry VJ="1" nameend="col6" namest="col5"/><entry VJ="1" colname="col7">153,39</entry></row><row><entry VJ="1" colname="col1"/><entry VJ="1" nameend="col4" namest="col2"> A 10 und höher</entry><entry VJ="1" nameend="col6" namest="col5"/><entry VJ="1" colname="col7">191,73</entry></row><row><entry VJ="1" nameend="col4" namest="col1">Nummer 8a</entry><entry VJ="1" colname="col5"/><entry VJ="1" colname="col6"/><entry VJ="1" colname="col7"/></row><row><entry VJ="1" colname="col1"/><entry VJ="1" nameend="col4" namest="col2">Die Zulage beträgt<BR/> für Beamte der Besoldungsgruppen</entry><entry VJ="1" colname="col5"/><entry VJ="1" colname="col6"/><entry VJ="1" colname="col7"/></row><row><entry VJ="1" colname="col1"/><entry VJ="1" colname="col2"/><entry VJ="1" nameend="col4" namest="col3">A 2 bis A 5</entry><entry VJ="1" colname="col5"/><entry VJ="1" colname="col6"/><entry VJ="1" colname="col7">70,06</entry></row><row><entry VJ="1" colname="col1"/><entry VJ="1" colname="col2"/><entry VJ="1" nameend="col4" namest="col3">A 6 bis A 9</entry><entry VJ="1" colname="col5"/><entry VJ="1" colname="col6"/><entry VJ="1" colname="col7">95,53</entry></row><row><entry VJ="1" colname="col1"/><entry VJ="1" colname="col2"/><entry VJ="1" nameend="col4" namest="col3">A 10 bis A 13</entry><entry VJ="1" colname="col5"/><entry VJ="1" colname="col6"/><entry VJ="1" colname="col7">117,82</entry></row><row><entry VJ="1" colname="col1"/><entry VJ="1" colname="col2"/><entry VJ="1" nameend="col4" namest="col3">A 14 und höher</entry><entry VJ="1" colname="col5"/><entry VJ="1" colname="col6"/><entry VJ="1" colname="col7">140,11</entry></row><row><entry VJ="1" colname="col1"/><entry VJ="1" nameend="col6" namest="col2">für Anwärter der Laufbahngruppe</entry><entry VJ="1" colname="col7"/></row><row><entry VJ="1" colname="col1"/><entry VJ="1" colname="col2"/><entry VJ="1" nameend="col4" namest="col3">des mittleren Dienstes</entry><entry VJ="1" colname="col5"/><entry VJ="1" colname="col6"/><entry VJ="1" colname="col7">50,96</entry></row><row><entry VJ="1" colname="col1"/><entry VJ="1" colname="col2"/><entry VJ="1" nameend="col4" namest="col3">des gehobenen Dienstes</entry><entry VJ="1" colname="col5"/><entry VJ="1" colname="col6"/><entry VJ="1" colname="col7">66,87</entry></row><row><entry VJ="1" colname="col1"/><entry VJ="1" colname="col2"/><entry VJ="1" nameend="col4" namest="col3">des höheren Dienstes</entry><entry VJ="1" colname="col5"/><entry VJ="1" colname="col6"/><entry VJ="1" colname="col7">82,80</entry></row><row><entry VJ="1" nameend="col4" namest="col1">Nummer 8b</entry><entry VJ="1" colname="col5"/><entry VJ="1" colname="col6"/><entry VJ="1" colname="col7"/></row><row><entry VJ="1" colname="col1"/><entry VJ="1" nameend="col4" namest="col2">Die Zulage beträgt<BR/> für Beamte der Besoldungsgruppen</entry><entry VJ="1" colname="col5"/><entry VJ="1" colname="col6"/><entry VJ="1" colname="col7"/></row><row><entry VJ="1" colname="col1"/><entry VJ="1" colname="col2"/><entry VJ="1" nameend="col4" namest="col3">A 2 bis A 5</entry><entry VJ="1" colname="col5"/><entry VJ="1" colname="col6"/><entry VJ="1" colname="col7">92,03</entry></row><row><entry VJ="1" colname="col1"/><entry VJ="1" colname="col2"/><entry VJ="1" nameend="col4" namest="col3">A 6 bis A 9</entry><entry VJ="1" colname="col5"/><entry VJ="1" colname="col6"/><entry VJ="1" colname="col7">122,71</entry></row><row><entry VJ="1" colname="col1"/><entry VJ="1" colname="col2"/><entry VJ="1" nameend="col4" namest="col3">A 10 bis A 13</entry><entry VJ="1" colname="col5"/><entry VJ="1" colname="col6"/><entry VJ="1" colname="col7">153,39</entry></row><row><entry VJ="1" colname="col1"/><entry VJ="1" colname="col2"/><entry VJ="1" nameend="col4" namest="col3">A 14 und höher</entry><entry VJ="1" colname="col5"/><entry VJ="1" colname="col6"/><entry VJ="1" colname="col7">184,07</entry></row><row><entry VJ="1" nameend="col4" namest="col1">Nummer 9</entry><entry VJ="1" colname="col5"/><entry VJ="1" colname="col6"/><entry VJ="1" colname="col7"/></row><row><entry VJ="1" colname="col1"/><entry VJ="1" nameend="col4" namest="col2">Die Zulage beträgt<BR/> nach einer Dienstzeit</entry><entry VJ="1" colname="col5"/><entry VJ="1" colname="col6"/><entry VJ="1" colname="col7"/></row><row><entry VJ="1" colname="col1"/><entry VJ="1" colname="col2"/><entry VJ="1" nameend="col4" namest="col3">von einem Jahr</entry><entry VJ="1" colname="col5"/><entry VJ="1" colname="col6"/><entry VJ="1" colname="col7">63,69</entry></row><row><entry VJ="1" colname="col1"/><entry VJ="1" colname="col2"/><entry VJ="1" nameend="col4" namest="col3">von zwei Jahren</entry><entry VJ="1" colname="col5"/><entry VJ="1" colname="col6"/><entry VJ="1" colname="col7">127,38</entry></row><row><entry VJ="1" nameend="col4" namest="col1">Nummer 9a</entry><entry VJ="1" colname="col5"/><entry VJ="1" colname="col6"/><entry VJ="1" colname="col7"/></row><row><entry VJ="1" colname="col1"/><entry VJ="1" nameend="col4" namest="col2">Absatz 1</entry><entry VJ="1" colname="col5"/><entry VJ="1" colname="col6"/><entry VJ="1" colname="col7"/></row><row><entry VJ="1" colname="col1"/><entry VJ="1" colname="col2"/><entry VJ="1" nameend="col4" namest="col3">Buchstabe a</entry><entry VJ="1" colname="col5"/><entry VJ="1" colname="col6"/><entry VJ="1" colname="col7">102,26</entry></row><row><entry VJ="1" colname="col1"/><entry VJ="1" colname="col2"/><entry VJ="1" nameend="col4" namest="col3">Buchstabe b</entry><entry VJ="1" colname="col5"/><entry VJ="1" colname="col6"/><entry VJ="1" colname="col7">204,52</entry></row><row><entry VJ="1" colname="col1"/><entry VJ="1" colname="col2"/><entry VJ="1" nameend="col4" namest="col3">Buchstabe c</entry><entry VJ="1" colname="col5"/><entry VJ="1" colname="col6"/><entry VJ="1" colname="col7">153,39</entry></row><row><entry VJ="1" colname="col1"/><entry VJ="1" nameend="col4" namest="col2">Absatz 2</entry><entry VJ="1" colname="col5"/><entry VJ="1" colname="col6"/><entry VJ="1" colname="col7"/></row><row><entry VJ="1" colname="col1"/><entry VJ="1" colname="col2"/><entry VJ="1" nameend="col4" namest="col3">Buchstabe a</entry><entry VJ="1" colname="col5"/><entry VJ="1" colname="col6"/><entry VJ="1" colname="col7">40,90</entry></row><row><entry VJ="1" colname="col1"/><entry VJ="1" colname="col2"/><entry VJ="1" nameend="col4" namest="col3">Buchstabe b</entry><entry VJ="1" colname="col5"/><entry VJ="1" colname="col6"/><entry VJ="1" colname="col7">51,13</entry></row><row><entry VJ="1" nameend="col4" namest="col1">Nummer 10 Absatz 1</entry><entry VJ="1" colname="col5"/><entry VJ="1" colname="col6"/><entry VJ="1" colname="col7"/></row><row><entry VJ="1" colname="col1"/><entry VJ="1" nameend="col4" namest="col2">Die Zulage beträgt<BR/> nach einer Dienstzeit</entry><entry VJ="1" colname="col5"/><entry VJ="1" colname="col6"/><entry VJ="1" colname="col7"/></row><row><entry VJ="1" colname="col1"/><entry VJ="1" colname="col2"/><entry VJ="1" nameend="col4" namest="col3">von einem Jahr</entry><entry VJ="1" colname="col5"/><entry VJ="1" colname="col6"/><entry VJ="1" colname="col7">63,69</entry></row><row><entry VJ="1" colname="col1"/><entry VJ="1" colname="col2"/><entry VJ="1" nameend="col4" namest="col3">von zwei Jahren</entry><entry VJ="1" colname="col5"/><entry VJ="1" colname="col6"/><entry VJ="1" colname="col7">127,38</entry></row><row><entry VJ="1" nameend="col4" namest="col1">Nummer 11</entry><entry VJ="1" colname="col5"/><entry VJ="1" colname="col6"/><entry VJ="1" colname="col7">585,37</entry></row><row><entry VJ="1" nameend="col4" namest="col1">Nummer 12</entry><entry VJ="1" colname="col5"/><entry VJ="1" colname="col6"/><entry VJ="1" colname="col7">95,53</entry></row><row><entry VJ="1" nameend="col4" namest="col1">Nummer 13a</entry><entry VJ="1" nameend="col6" namest="col5">bis zu</entry><entry VJ="1" colname="col7">76,69</entry></row><row><entry VJ="1" nameend="col4" namest="col1">Nummer 13c</entry><entry VJ="1" colname="col5"/><entry VJ="1" colname="col6"/><entry VJ="1" colname="col7"/></row><row><entry VJ="1" colname="col1"/><entry VJ="1" nameend="col4" namest="col2">Die Zulage beträgt<BR/> für Beamte der Besoldungsgruppen</entry><entry VJ="1" colname="col5"/><entry VJ="1" colname="col6"/><entry VJ="1" colname="col7"/></row><row><entry VJ="1" colname="col1"/><entry VJ="1" colname="col2"/><entry VJ="1" nameend="col4" namest="col3">A 2 bis A 7</entry><entry VJ="1" colname="col5"/><entry VJ="1" colname="col6"/><entry VJ="1" colname="col7">46,02</entry></row><row><entry VJ="1" colname="col1"/><entry VJ="1" colname="col2"/><entry VJ="1" nameend="col4" namest="col3">A 8 bis A 11</entry><entry VJ="1" colname="col5"/><entry VJ="1" colname="col6"/><entry VJ="1" colname="col7">61,36</entry></row><row><entry VJ="1" colname="col1"/><entry VJ="1" colname="col2"/><entry VJ="1" nameend="col4" namest="col3">A 12 bis A 15</entry><entry VJ="1" colname="col5"/><entry VJ="1" colname="col6"/><entry VJ="1" colname="col7">71,58</entry></row><row><entry VJ="1" colname="col1"/><entry VJ="1" colname="col2"/><entry VJ="1" nameend="col4" namest="col3">A 16 und höher</entry><entry VJ="1" colname="col5"/><entry VJ="1" colname="col6"/><entry VJ="1" colname="col7">92,03</entry></row><row><entry VJ="1" nameend="col4" namest="col1">Nummer 13d</entry><entry VJ="1" colname="col5"/><entry VJ="1" colname="col6"/><entry VJ="1" colname="col7"/></row><row><entry VJ="1" colname="col1"/><entry VJ="1" nameend="col4" namest="col2">Die Zulage beträgt<BR/> für Beamte der Besoldungsgruppen</entry><entry VJ="1" colname="col5"/><entry VJ="1" colname="col6"/><entry VJ="1" colname="col7"/></row><row><entry VJ="1" colname="col1"/><entry VJ="1" colname="col2"/><entry VJ="1" nameend="col4" namest="col3">A 2 und A 3</entry><entry VJ="1" colname="col5"/><entry VJ="1" colname="col6"/><entry VJ="1" colname="col7">12,78</entry></row><row><entry VJ="1" colname="col1"/><entry VJ="1" colname="col2"/><entry VJ="1" nameend="col4" namest="col3">A 4 bis A 6</entry><entry VJ="1" colname="col5"/><entry VJ="1" colname="col6"/><entry VJ="1" colname="col7">17,90</entry></row><row><entry VJ="1" colname="col1"/><entry VJ="1" colname="col2"/><entry VJ="1" nameend="col4" namest="col3">A 7 bis A 10</entry><entry VJ="1" colname="col5"/><entry VJ="1" colname="col6"/><entry VJ="1" colname="col7">35,79</entry></row><row><entry VJ="1" colname="col1"/><entry VJ="1" colname="col2"/><entry VJ="1" nameend="col4" namest="col3">A 11</entry><entry VJ="1" colname="col5"/><entry VJ="1" colname="col6"/><entry VJ="1" colname="col7">40,90</entry></row><row><entry VJ="1" colname="col1"/><entry VJ="1" colname="col2"/><entry VJ="1" nameend="col4" namest="col3">A 12 bis A 15</entry><entry VJ="1" colname="col5"/><entry VJ="1" colname="col6"/><entry VJ="1" colname="col7">48,57</entry></row><row><entry VJ="1" colname="col1"/><entry VJ="1" colname="col2"/><entry VJ="1" nameend="col4" namest="col3">A 16 bis B 4</entry><entry VJ="1" colname="col5"/><entry VJ="1" colname="col6"/><entry VJ="1" colname="col7">58,80</entry></row><row><entry VJ="1" colname="col1"/><entry VJ="1" colname="col2"/><entry VJ="1" nameend="col4" namest="col3">B 5 bis B 7</entry><entry VJ="1" colname="col5"/><entry VJ="1" colname="col6"/><entry VJ="1" colname="col7">71,58</entry></row><row><entry VJ="1" nameend="col4" namest="col1">Nummer 19 Satz 1</entry><entry VJ="1" colname="col5"/><entry VJ="1" colname="col6"/><entry VJ="1" colname="col7">224,22</entry></row><row><entry VJ="1" nameend="col4" namest="col1">Nummer 21</entry><entry VJ="1" colname="col5"/><entry VJ="1" colname="col6"/><entry VJ="1" colname="col7">188,10</entry></row><row><entry VJ="1" nameend="col4" namest="col1">Nummer 25</entry><entry VJ="1" colname="col5"/><entry VJ="1" colname="col6"/><entry VJ="1" colname="col7">38,35</entry></row><row><entry VJ="1" nameend="col4" namest="col1">Nummer 26 Absatz 1</entry><entry VJ="1" colname="col5"/><entry VJ="1" colname="col6"/><entry VJ="1" colname="col7"/></row><row><entry VJ="1" colname="col1"/><entry VJ="1" nameend="col4" namest="col2">Die Zulage beträgt für Beamte</entry><entry VJ="1" colname="col5"/><entry VJ="1" colname="col6"/><entry VJ="1" colname="col7"/></row><row><entry VJ="1" colname="col1"/><entry VJ="1" colname="col2"/><entry VJ="1" nameend="col4" namest="col3">des mittleren Dienstes</entry><entry VJ="1" colname="col5"/><entry VJ="1" colname="col6"/><entry VJ="1" colname="col7">17,05</entry></row><row><entry VJ="1" colname="col1"/><entry VJ="1" colname="col2"/><entry VJ="1" nameend="col4" namest="col3">des gehobenen Dienstes</entry><entry VJ="1" colname="col5"/><entry VJ="1" colname="col6"/><entry VJ="1" colname="col7">38,35</entry></row><row><entry VJ="1" nameend="col4" namest="col1">Nummer 30</entry><entry VJ="1" colname="col5"/><entry VJ="1" colname="col6"/><entry VJ="1" colname="col7">23,01</entry></row><row><entry VJ="1" nameend="col4" namest="col1"><SP>Besoldungsgruppen</SP></entry><entry VJ="1" nameend="col7" namest="col5"><SP>Fußnote</SP></entry></row><row><entry VJ="1" nameend="col4" namest="col1">A 2</entry><entry VJ="1" nameend="col6" namest="col5">1</entry><entry VJ="1" colname="col7">32,42</entry></row><row><entry VJ="1" nameend="col4" namest="col1"/><entry VJ="1" nameend="col6" namest="col5">2</entry><entry VJ="1" colname="col7">17,73</entry></row><row><entry VJ="1" nameend="col4" namest="col1"/><entry VJ="1" nameend="col6" namest="col5">3</entry><entry VJ="1" colname="col7">59,80</entry></row><row><entry VJ="1" nameend="col4" namest="col1">A 3</entry><entry VJ="1" nameend="col6" namest="col5">1, 5</entry><entry VJ="1" colname="col7">59,80</entry></row><row><entry VJ="1" nameend="col4" namest="col1"/><entry VJ="1" nameend="col6" namest="col5">2</entry><entry VJ="1" colname="col7">32,42</entry></row><row><entry VJ="1" nameend="col4" namest="col1"/><entry VJ="1" nameend="col6" namest="col5">7</entry><entry VJ="1" colname="col7">30,20</entry></row><row><entry VJ="1" nameend="col4" namest="col1">A 4</entry><entry VJ="1" nameend="col6" namest="col5">1, 4</entry><entry VJ="1" colname="col7">59,80</entry></row><row><entry VJ="1" nameend="col4" namest="col1"/><entry VJ="1" nameend="col6" namest="col5">2</entry><entry VJ="1" colname="col7">32,42</entry></row><row><entry VJ="1" nameend="col4" namest="col1"/><entry VJ="1" nameend="col6" namest="col5">5</entry><entry VJ="1" colname="col7">6,51</entry></row><row><entry VJ="1" nameend="col4" namest="col1">A 5</entry><entry VJ="1" nameend="col6" namest="col5">3</entry><entry VJ="1" colname="col7">32,42</entry></row><row><entry VJ="1" nameend="col4" namest="col1"/><entry VJ="1" nameend="col6" namest="col5">4, 6</entry><entry VJ="1" colname="col7">59,80</entry></row><row><entry VJ="1" nameend="col4" namest="col1">A 6</entry><entry VJ="1" nameend="col6" namest="col5">6</entry><entry VJ="1" colname="col7">32,42</entry></row><row><entry VJ="1" nameend="col4" namest="col1">A 7</entry><entry VJ="1" nameend="col6" namest="col5">2</entry><entry VJ="1" colname="col7">40,26</entry></row><row><entry VJ="1" nameend="col4" namest="col1"/><entry VJ="1" colname="col5">5</entry><entry VJ="1" nameend="col7" namest="col6">50 v. H. des<BR/> jeweiligen<BR/> Unterschieds-<BR/> betrages zum Grundgehalt der<BR/> Besoldungs-<BR/> gruppe A 8</entry></row><row><entry VJ="1" nameend="col4" namest="col1">A 8</entry><entry VJ="1" nameend="col6" namest="col5">2</entry><entry VJ="1" colname="col7">51,88</entry></row><row><entry VJ="1" nameend="col4" namest="col1">A 9</entry><entry VJ="1" nameend="col6" namest="col5">2, 3, 6</entry><entry VJ="1" colname="col7">241,39</entry></row><row><entry VJ="1" nameend="col4" namest="col1"/><entry VJ="1" colname="col5">7</entry><entry VJ="1" nameend="col7" namest="col6">8 v. H. des End-<BR/> grundgehalts der Besoldungs-gruppe A 9</entry></row><row><entry VJ="1" nameend="col4" namest="col1">A 12</entry><entry VJ="1" nameend="col6" namest="col5">7, 8</entry><entry VJ="1" colname="col7">140,21</entry></row><row><entry VJ="1" nameend="col4" namest="col1">A 13</entry><entry VJ="1" nameend="col6" namest="col5">6</entry><entry VJ="1" colname="col7">112,13</entry></row><row><entry VJ="1" nameend="col4" namest="col1"/><entry VJ="1" nameend="col6" namest="col5">7</entry><entry VJ="1" colname="col7">168,19</entry></row><row><entry VJ="1" nameend="col4" namest="col1"/><entry VJ="1" nameend="col6" namest="col5">11, 12, 13</entry><entry VJ="1" colname="col7">245,32</entry></row><row><entry VJ="1" nameend="col4" namest="col1">A 14</entry><entry VJ="1" nameend="col6" namest="col5">5</entry><entry VJ="1" colname="col7">168,19</entry></row><row><entry VJ="1" nameend="col4" namest="col1">A 15</entry><entry VJ="1" nameend="col6" namest="col5">7</entry><entry VJ="1" colname="col7">168,19</entry></row><row><entry VJ="1" nameend="col4" namest="col1">B 10</entry><entry VJ="1" nameend="col6" namest="col5">1</entry><entry VJ="1" colname="col7">388,66</entry></row><row><entry VJ="1" nameend="col4" namest="col1"><B>Bundesbesoldungsordnung R</B></entry><entry VJ="1" colname="col5"/><entry VJ="1" colname="col6"/><entry VJ="1" colname="col7"/></row><row><entry VJ="1" nameend="col4" namest="col1"><SP>Vorbemerkungen</SP></entry><entry VJ="1" colname="col5"/><entry VJ="1" colname="col6"/><entry VJ="1" colname="col7"/></row><row><entry VJ="1" nameend="col4" namest="col1">Nummer 2</entry><entry VJ="1" colname="col5"/><entry VJ="1" colname="col6"/><entry VJ="1" colname="col7"/></row><row><entry VJ="1" colname="col1"/><entry VJ="1" nameend="col4" namest="col2">Die Zulage beträgt</entry><entry VJ="1" nameend="col7" namest="col5">12,5 v. H. des<BR/> Endgrundgehalts<BR/> oder, bei festen<BR/> Gehältern, des<BR/> Grundgehalts der<BR/> Besoldungsgruppe<FnR ID="f772471_02_BJNR164600009BJNE000400000"/></entry></row><row><entry VJ="1" colname="col1"/><entry VJ="1" nameend="col4" namest="col2">a) bei Verwendung</entry><entry VJ="1" colname="col5"/><entry VJ="1" colname="col6"/><entry VJ="1" colname="col7"/></row><row><entry VJ="1" colname="col1"/><entry VJ="1" nameend="col4" namest="col2">  bei obersten Gerichtshöfen<BR/> des Bundes für die Richter<BR/> und Staatsanwälte<BR/> der Besoldungsgruppe(n)</entry><entry VJ="1" colname="col5"/><entry VJ="1" colname="col6"/><entry VJ="1" colname="col7"/></row><row><entry VJ="1" colname="col1"/><entry VJ="1" nameend="col4" namest="col2">  R 1</entry><entry VJ="1" nameend="col6" namest="col5">R 1</entry><entry VJ="1" colname="col7"/></row><row><entry VJ="1" colname="col1"/><entry VJ="1" nameend="col4" namest="col2">  R 2 bis R 4</entry><entry VJ="1" nameend="col6" namest="col5">R 3</entry><entry VJ="1" colname="col7"/></row><row><entry VJ="1" colname="col1"/><entry VJ="1" nameend="col4" namest="col2">  R 5 bis R 7</entry><entry VJ="1" nameend="col6" namest="col5">R 6</entry><entry VJ="1" colname="col7"/></row><row><entry VJ="1" colname="col1"/><entry VJ="1" nameend="col4" namest="col2">  R 8 bis R 10</entry><entry VJ="1" nameend="col6" namest="col5">R 9</entry><entry VJ="1" colname="col7"/></row><row><entry VJ="1" colname="col1"/><entry VJ="1" nameend="col4" namest="col2">b) bei Verwendung</entry><entry VJ="1" colname="col5"/><entry VJ="1" colname="col6"/><entry VJ="1" colname="col7"/></row><row><entry VJ="1" colname="col1"/><entry VJ="1" nameend="col4" namest="col2">  bei obersten Bundesbehörden<BR/> oder bei obersten Gerichtshöfen<BR/> des Bundes, wenn ihnen kein<BR/> Richteramt übertragen ist, für die<BR/> Richter und Staatsanwälte der<BR/> Besoldungsgruppe(n)</entry><entry VJ="1" colname="col5"/><entry VJ="1" colname="col6"/><entry VJ="1" colname="col7"/></row><row><entry VJ="1" colname="col1"/><entry VJ="1" nameend="col4" namest="col2">  R 1</entry><entry VJ="1" nameend="col6" namest="col5">A 15</entry><entry VJ="1" colname="col7"/></row><row><entry VJ="1" colname="col1"/><entry VJ="1" nameend="col4" namest="col2">  R 2 bis R 4</entry><entry VJ="1" nameend="col6" namest="col5">B 3</entry><entry VJ="1" colname="col7"/></row><row><entry VJ="1" colname="col1"/><entry VJ="1" nameend="col4" namest="col2">  R 5 bis R 7</entry><entry VJ="1" nameend="col6" namest="col5">B 6</entry><entry VJ="1" colname="col7"/></row><row><entry VJ="1" colname="col1"/><entry VJ="1" nameend="col4" namest="col2">  R 8 bis R 10</entry><entry VJ="1" nameend="col6" namest="col5">B 9</entry><entry VJ="1" colname="col7"/></row><row><entry VJ="1" nameend="col4" namest="col1">Nummer 4</entry><entry VJ="1" colname="col5"/><entry VJ="1" colname="col6"/><entry VJ="1" colname="col7">38,35</entry></row><row><entry VJ="1" nameend="col4" namest="col1"><SP>Besoldungsgruppen</SP></entry><entry VJ="1" nameend="col7" namest="col5"><SP>Fußnote</SP></entry></row><row><entry VJ="1" nameend="col4" namest="col1">R 1</entry><entry VJ="1" nameend="col6" namest="col5">1, 2</entry><entry VJ="1" colname="col7">185,95</entry></row><row><entry VJ="1" nameend="col4" namest="col1">R 2</entry><entry VJ="1" nameend="col6" namest="col5">3 bis 8, 10</entry><entry VJ="1" colname="col7">185,95</entry></row><row><entry VJ="1" nameend="col4" namest="col1">R 3</entry><entry VJ="1" nameend="col6" namest="col5">3</entry><entry VJ="1" colname="col7">185,95</entry></row><row><entry VJ="1" nameend="col4" namest="col1">R 8</entry><entry VJ="1" nameend="col6" namest="col5">2</entry><entry VJ="1" colname="col7">371,84</entry></row></tbody></tgroup></table><FnArea Line="1" Size="normal"><FnR ID="f772471_01_BJNR164600009BJNE000400000"/><FnR ID="f772471_02_BJNR164600009BJNE000400000"/></FnArea></Content><Footnotes><Footnote FnZ="*" Group="manuell" ID="f772471_01_BJNR164600009BJNE000400000" Pos="normal" Postfix=")">Nach Maßgabe des Artikels 1 § 5 des Haushaltsstrukturgesetzes vom 18. Dezember 1975 (BGBl. I S. 3091).</Footnote><Footnote FnZ="*" Group="manuell" ID="f772471_02_BJNR164600009BJNE000400000" Pos="normal" Postfix=")">Nach Maßgabe des Artikels 1 § 5 des Haushaltsstrukturgesetzes vom 18. Dezember 1975 (BGBl. I S. 3091).</Footnote></Footnotes></text></textdaten></norm>
<norm builddate="20231128213546" doknr="BJNR164600009BJNE000500000"><metadaten><jurabk>BBesG/BesÜGBek</jurabk><enbez>Anlage 3</enbez></metadaten><textdaten><text format="XML"><Content><kommentar typ="Fundstelle">(Fundstelle: BGBl. I 2009, 1654)</kommentar><BR/><P><BR/>Gültig ab 1. Juli 2009 für Postnachfolgeunternehmen</P><BR/><BR/><Title Align="auto"><B>Überleitungstabelle für die Besoldungsgruppen der Bundesbesoldungsordnung A</B></Title><table frame="all" pgwide="1" tabstyle="anlage3tab1" tocentry="%yes;"><tgroup align="center" char="" charoff="50" cols="16"><colspec align="center" colname="col1" colnum="1" colsep="2" colwidth="2.30*"/><colspec align="center" colname="col2" colnum="2" colsep="2" colwidth="3.00*"/><colspec align="center" colname="col3" colnum="3" colsep="1" colwidth="3.00*"/><colspec align="center" colname="col4" colnum="4" colsep="2" colwidth="3.00*"/><colspec align="center" colname="col5" colnum="5" colsep="1" colwidth="3.00*"/><colspec align="center" colname="col6" colnum="6" colsep="2" colwidth="3.00*"/><colspec align="center" colname="col7" colnum="7" colsep="1" colwidth="3.00*"/><colspec align="center" colname="col8" colnum="8" colsep="2" colwidth="3.00*"/><colspec align="center" colname="col9" colnum="9" colsep="1" colwidth="3.00*"/><colspec align="center" colname="col10" colnum="10" colsep="2" colwidth="3.00*"/><colspec align="center" colname="col11" colnum="11" colsep="1" colwidth="3.00*"/><colspec align="center" colname="col12" colnum="12" colsep="2" colwidth="3.00*"/><colspec align="center" colname="col13" colnum="13" colsep="1" colwidth="3.00*"/><colspec align="center" colname="col14" colnum="14" colsep="2" colwidth="3.00*"/><colspec align="center" colname="col15" colnum="15" colsep="1" colwidth="3.00*"/><colspec align="center" colname="col16" colnum="16" colsep="1" colwidth="3.00*"/><thead valign="bottom"><row><entry VJ="1" align="center" colname="col1" morerows="1" rowsep="1" valign="middle"><B>Besol-</B><BR/><B>dungs-</B><BR/><B>gruppe</B></entry><entry VJ="1" align="center" colname="col2" nameend="col16" namest="col2" rowsep="1" valign="middle"><B>Grundgehalt</B><BR/> (Monatsbeträge in Euro)</entry></row><row><entry VJ="1" align="center" colname="col2" rowsep="1" valign="middle"><B>Stufe 1</B></entry><entry VJ="1" align="center" colname="col3" rowsep="1" valign="middle">Überleitungs-<BR/> stufe zu Stufe<BR/> 2</entry><entry VJ="1" align="center" colname="col4" rowsep="1" valign="middle"><B>Stufe 2</B></entry><entry VJ="1" align="center" colname="col5" rowsep="1" valign="middle">Überleitungs-<BR/> stufe zu Stufe<BR/> 3</entry><entry VJ="1" align="center" colname="col6" rowsep="1" valign="middle"><B>Stufe 3</B></entry><entry VJ="1" align="center" colname="col7" rowsep="1" valign="middle">Überleitungs-<BR/> stufe zu Stufe<BR/> 4</entry><entry VJ="1" align="center" colname="col8" rowsep="1" valign="middle"><B>Stufe 4</B></entry><entry VJ="1" align="center" colname="col9" rowsep="1" valign="middle">Überleitungs-<BR/> stufe zu Stufe<BR/> 5</entry><entry VJ="1" align="center" colname="col10" rowsep="1" valign="middle"><B>Stufe 5</B></entry><entry VJ="1" align="center" colname="col11" rowsep="1" valign="middle">Überleitungs-<BR/> stufe zu Stufe<BR/> 6</entry><entry VJ="1" align="center" colname="col12" rowsep="1" valign="middle"><B>Stufe 6</B></entry><entry VJ="1" align="center" colname="col13" rowsep="1" valign="middle">Überleitungs-<BR/> stufe zu Stufe<BR/> 7</entry><entry VJ="1" align="center" colname="col14" rowsep="1" valign="middle"><B>Stufe 7</B></entry><entry VJ="1" align="center" colname="col15" rowsep="1" valign="middle">Überleitungs-<BR/> stufe zu Stufe<BR/> 8</entry><entry VJ="1" align="center" colname="col16" rowsep="1" valign="middle"><B>Stufe 8</B></entry></row></thead><tbody valign="top"><row><entry VJ="1" colname="col1">A 2 </entry><entry VJ="1" colname="col2">1 617,14</entry><entry VJ="1" colname="col3"/><entry VJ="1" colname="col4">1 655,18</entry><entry VJ="1" colname="col5"/><entry VJ="1" colname="col6">1 694,21</entry><entry VJ="1" colname="col7"/><entry VJ="1" colname="col8">1 723,48</entry><entry VJ="1" colname="col9">1 730,30</entry><entry VJ="1" colname="col10">1 753,72</entry><entry VJ="1" colname="col11">1 768,35</entry><entry VJ="1" colname="col12">1 783,96</entry><entry VJ="1" colname="col13">1 805,43</entry><entry VJ="1" colname="col14">1 814,21</entry><entry VJ="1" colname="col15"/><entry VJ="1" colname="col16">1 844,45</entry></row><row><entry VJ="1" colname="col1">A 3 </entry><entry VJ="1" colname="col2">1 682,50</entry><entry VJ="1" colname="col3"/><entry VJ="1" colname="col4">1 722,50</entry><entry VJ="1" colname="col5"/><entry VJ="1" colname="col6">1 762,50</entry><entry VJ="1" colname="col7"/><entry VJ="1" colname="col8">1 794,69</entry><entry VJ="1" colname="col9">1 802,50</entry><entry VJ="1" colname="col10">1 826,89</entry><entry VJ="1" colname="col11">1 842,50</entry><entry VJ="1" colname="col12">1 859,08</entry><entry VJ="1" colname="col13">1 883,47</entry><entry VJ="1" colname="col14">1 891,28</entry><entry VJ="1" colname="col15"/><entry VJ="1" colname="col16">1 923,47</entry></row><row><entry VJ="1" colname="col1">A 4 </entry><entry VJ="1" colname="col2">1 719,57</entry><entry VJ="1" colname="col3"/><entry VJ="1" colname="col4">1 767,38</entry><entry VJ="1" colname="col5"/><entry VJ="1" colname="col6">1 815,18</entry><entry VJ="1" colname="col7"/><entry VJ="1" colname="col8">1 853,23</entry><entry VJ="1" colname="col9">1 861,04</entry><entry VJ="1" colname="col10">1 891,28</entry><entry VJ="1" colname="col11">1 908,84</entry><entry VJ="1" colname="col12">1 929,33</entry><entry VJ="1" colname="col13">1 955,67</entry><entry VJ="1" colname="col14">1 967,38</entry><entry VJ="1" colname="col15"/><entry VJ="1" colname="col16">2 002,50</entry></row><row><entry VJ="1" colname="col1">A 5 </entry><entry VJ="1" colname="col2">1 733,23</entry><entry VJ="1" colname="col3"/><entry VJ="1" colname="col4">1 792,74</entry><entry VJ="1" colname="col5"/><entry VJ="1" colname="col6">1 840,55</entry><entry VJ="1" colname="col7"/><entry VJ="1" colname="col8">1 887,38</entry><entry VJ="1" colname="col9">1 903,28</entry><entry VJ="1" colname="col10">1 934,21</entry><entry VJ="1" colname="col11">1 960,97</entry><entry VJ="1" colname="col12">1 982,01</entry><entry VJ="1" colname="col13">2 016,77</entry><entry VJ="1" colname="col14">2 028,84</entry><entry VJ="1" colname="col15"/><entry VJ="1" colname="col16">2 074,69</entry></row><row><entry VJ="1" colname="col1">A 6 </entry><entry VJ="1" colname="col2">1 772,26</entry><entry VJ="1" colname="col3">1 823,96</entry><entry VJ="1" colname="col4">1 841,52</entry><entry VJ="1" colname="col5">1 875,67</entry><entry VJ="1" colname="col6">1 911,77</entry><entry VJ="1" colname="col7">1 927,38</entry><entry VJ="1" colname="col8">1 965,42</entry><entry VJ="1" colname="col9">1 979,08</entry><entry VJ="1" colname="col10">2 021,03</entry><entry VJ="1" colname="col11">2 030,79</entry><entry VJ="1" colname="col12">2 074,69</entry><entry VJ="1" colname="col13">2 082,50</entry><entry VJ="1" colname="col14">2 134,20</entry><entry VJ="1" colname="col15"/><entry VJ="1" colname="col16">2 185,91</entry></row><row><entry VJ="1" colname="col1">A 7 </entry><entry VJ="1" colname="col2">1 864,94</entry><entry VJ="1" colname="col3">1 912,74</entry><entry VJ="1" colname="col4">1 926,40</entry><entry VJ="1" colname="col5">1 977,13</entry><entry VJ="1" colname="col6">2 007,38</entry><entry VJ="1" colname="col7">2 041,52</entry><entry VJ="1" colname="col8">2 090,30</entry><entry VJ="1" colname="col9">2 105,91</entry><entry VJ="1" colname="col10">2 171,28</entry><entry VJ="1" colname="col11">2 236,64</entry><entry VJ="1" colname="col12">2 253,23</entry><entry VJ="1" colname="col13">2 283,47</entry><entry VJ="1" colname="col14">2 314,69</entry><entry VJ="1" colname="col15">2 329,32</entry><entry VJ="1" colname="col16">2 376,15</entry></row><row><entry VJ="1" colname="col1">A 8 </entry><entry VJ="1" colname="col2">1 978,11</entry><entry VJ="1" colname="col3">2 032,74</entry><entry VJ="1" colname="col4">2 052,25</entry><entry VJ="1" colname="col5">2 116,64</entry><entry VJ="1" colname="col6">2 156,64</entry><entry VJ="1" colname="col7">2 199,57</entry><entry VJ="1" colname="col8">2 262,01</entry><entry VJ="1" colname="col9">2 283,47</entry><entry VJ="1" colname="col10">2 367,37</entry><entry VJ="1" colname="col11">2 422,01</entry><entry VJ="1" colname="col12">2 440,54</entry><entry VJ="1" colname="col13">2 477,61</entry><entry VJ="1" colname="col14">2 514,69</entry><entry VJ="1" colname="col15">2 533,22</entry><entry VJ="1" colname="col16">2 587,86</entry></row><row><entry VJ="1" colname="col1">A 9 </entry><entry VJ="1" colname="col2">2 152,17</entry><entry VJ="1" colname="col3">2 207,78</entry><entry VJ="1" colname="col4">2 225,34</entry><entry VJ="1" colname="col5">2 296,56</entry><entry VJ="1" colname="col6">2 340,46</entry><entry VJ="1" colname="col7">2 385,34</entry><entry VJ="1" colname="col8">2 457,54</entry><entry VJ="1" colname="col9">2 474,12</entry><entry VJ="1" colname="col10">2 572,66</entry><entry VJ="1" colname="col11">2 624,36</entry><entry VJ="1" colname="col12">2 650,71</entry><entry VJ="1" colname="col13">2 684,85</entry><entry VJ="1" colname="col14">2 729,73</entry><entry VJ="1" colname="col15">2 746,31</entry><entry VJ="1" colname="col16">2 806,80</entry></row><row><entry VJ="1" colname="col1">A 10</entry><entry VJ="1" colname="col2">2 309,25</entry><entry VJ="1" colname="col3">2 386,32</entry><entry VJ="1" colname="col4">2 409,73</entry><entry VJ="1" colname="col5">2 500,46</entry><entry VJ="1" colname="col6">2 555,10</entry><entry VJ="1" colname="col7">2 613,63</entry><entry VJ="1" colname="col8">2 699,49</entry><entry VJ="1" colname="col9">2 727,78</entry><entry VJ="1" colname="col10">2 843,87</entry><entry VJ="1" colname="col11">2 917,04</entry><entry VJ="1" colname="col12">2 944,36</entry><entry VJ="1" colname="col13">2 994,12</entry><entry VJ="1" colname="col14">3 044,85</entry><entry VJ="1" colname="col15">3 070,21</entry><entry VJ="1" colname="col16">3 145,33</entry></row><row><entry VJ="1" colname="col1">A 11</entry><entry VJ="1" colname="col2">2 650,91</entry><entry VJ="1" colname="col3">2 767,78</entry><entry VJ="1" colname="col4">2 799,97</entry><entry VJ="1" colname="col5">2 884,30</entry><entry VJ="1" colname="col6">2 948,26</entry><entry VJ="1" colname="col7">3 001,92</entry><entry VJ="1" colname="col8">3 097,53</entry><entry VJ="1" colname="col9">3 118,02</entry><entry VJ="1" colname="col10">3 199,97</entry><entry VJ="1" colname="col11">3 273,33</entry><entry VJ="1" colname="col12">3 302,41</entry><entry VJ="1" colname="col13">3 352,16</entry><entry VJ="1" colname="col14">3 404,84</entry><entry VJ="1" colname="col15">3 430,21</entry><entry VJ="1" colname="col16">3 507,28</entry></row><row><entry VJ="1" colname="col1">A 12</entry><entry VJ="1" colname="col2">2 841,92</entry><entry VJ="1" colname="col3">2 980,46</entry><entry VJ="1" colname="col4">3 018,51</entry><entry VJ="1" colname="col5">3 119,97</entry><entry VJ="1" colname="col6">3 196,07</entry><entry VJ="1" colname="col7">3 259,48</entry><entry VJ="1" colname="col8">3 372,65</entry><entry VJ="1" colname="col9">3 398,99</entry><entry VJ="1" colname="col10">3 495,57</entry><entry VJ="1" colname="col11">3 583,38</entry><entry VJ="1" colname="col12">3 616,55</entry><entry VJ="1" colname="col13">3 677,04</entry><entry VJ="1" colname="col14">3 738,50</entry><entry VJ="1" colname="col15">3 769,72</entry><entry VJ="1" colname="col16">3 862,40</entry></row><row><entry VJ="1" colname="col1">A 13</entry><entry VJ="1" colname="col2">3 332,65</entry><entry VJ="1" colname="col3">3 482,89</entry><entry VJ="1" colname="col4">3 498,50</entry><entry VJ="1" colname="col5">3 633,13</entry><entry VJ="1" colname="col6">3 663,38</entry><entry VJ="1" colname="col7">3 783,38</entry><entry VJ="1" colname="col8">3 829,23</entry><entry VJ="1" colname="col9">3 883,10</entry><entry VJ="1" colname="col10">3 943,38</entry><entry VJ="1" colname="col11">3 983,37</entry><entry VJ="1" colname="col12">4 058,50</entry><entry VJ="1" colname="col13">4 083,86</entry><entry VJ="1" colname="col14">4 172,64</entry><entry VJ="1" colname="col15">4 184,35</entry><entry VJ="1" colname="col16">4 284,84</entry></row><row><entry VJ="1" colname="col1">A 14</entry><entry VJ="1" colname="col2">3 427,28</entry><entry VJ="1" colname="col3">3 621,43</entry><entry VJ="1" colname="col4">3 640,94</entry><entry VJ="1" colname="col5">3 815,57</entry><entry VJ="1" colname="col6">3 855,57</entry><entry VJ="1" colname="col7">4 010,69</entry><entry VJ="1" colname="col8">4 069,23</entry><entry VJ="1" colname="col9">4 141,42</entry><entry VJ="1" colname="col10">4 216,54</entry><entry VJ="1" colname="col11">4 270,20</entry><entry VJ="1" colname="col12">4 364,83</entry><entry VJ="1" colname="col13">4 400,93</entry><entry VJ="1" colname="col14">4 512,15</entry><entry VJ="1" colname="col15">4 530,69</entry><entry VJ="1" colname="col16">4 660,44</entry></row><row><entry VJ="1" colname="col1">A 15</entry><entry VJ="1" colname="col2">4 189,23</entry><entry VJ="1" colname="col3">4 191,18</entry><entry VJ="1" colname="col4">4 382,40</entry><entry VJ="1" colname="col5">4 405,81</entry><entry VJ="1" colname="col6">4 529,71</entry><entry VJ="1" colname="col7">4 576,54</entry><entry VJ="1" colname="col8">4 677,03</entry><entry VJ="1" colname="col9">4 747,45</entry><entry VJ="1" colname="col10">4 824,34</entry><entry VJ="1" colname="col11">4 918,98</entry><entry VJ="1" colname="col12">4 970,68</entry><entry VJ="1" colname="col13">5 091,66</entry><entry VJ="1" colname="col14">5 117,02</entry><entry VJ="1" colname="col15">5 115,87</entry><entry VJ="1" colname="col16">5 262,39</entry></row><row><entry VJ="1" colname="col1">A 16</entry><entry VJ="1" colname="col2">4 621,42</entry><entry VJ="1" colname="col3">4 623,37</entry><entry VJ="1" colname="col4">4 845,81</entry><entry VJ="1" colname="col5">4 871,17</entry><entry VJ="1" colname="col6">5 015,56</entry><entry VJ="1" colname="col7">5 069,22</entry><entry VJ="1" colname="col8">5 185,31</entry><entry VJ="1" colname="col9">5 267,26</entry><entry VJ="1" colname="col10">5 354,09</entry><entry VJ="1" colname="col11">5 466,29</entry><entry VJ="1" colname="col12">5 524,82</entry><entry VJ="1" colname="col13">5 664,33</entry><entry VJ="1" colname="col14">5 694,58</entry><entry VJ="1" colname="col15">5 699,16</entry><entry VJ="1" colname="col16">5 862,38</entry></row></tbody></tgroup></table><P><B>Erhöhungsbeträge für Besoldungsgruppen A 5, A 6, A 9 und A 10</B></P><P>Das Grundgehalt erhöht sich in den Besoldungsgruppen A 5 und A 6 für Beamte des mittleren Dienstes sowie für Unteroffiziere um 17,36 Euro; es erhöht sich in den Besoldungsgruppen A 9 und A 10 für Beamte des gehobenen Dienstes sowie für Offiziere um 7,57 Euro.</P></Content></text></textdaten></norm>
</dokumente>