<?xml version="1.0" encoding="UTF-8" ?><!DOCTYPE dokumente SYSTEM "http://www.gesetze-im-internet.de/dtd/1.01/gii-norm.dtd">
<dokumente builddate="20140303222509" doknr="BJNR125220006"><norm builddate="20140303222509" doknr="BJNR125220006"><metadaten><jurabk>AarhusÜbk</jurabk><ausfertigung-datum manuell="ja">1998-06-25</ausfertigung-datum><fundstelle typ="amtlich"><periodikum>BGBl II</periodikum><zitstelle>2006, 1252</zitstelle></fundstelle><langue>Übereinkommen über den Zugang zu Informationen, die 
Öffentlichkeitsbeteiligung an Entscheidungsverfahren und den Zugang zu 
Gerichten in Umweltangelegenheiten</langue></metadaten><textdaten><fussnoten><Content><P>G v. 9.12.2006 II 1251 <BR/>In Kraft gem. Bek. v. 8.8.2007 II 1392 mWv 15.4.2007</P></Content></fussnoten></textdaten></norm>
</dokumente>