<?xml version="1.0" encoding="UTF-8" ?><!DOCTYPE dokumente SYSTEM "http://www.gesetze-im-internet.de/dtd/1.01/gii-norm.dtd">
<dokumente builddate="20120625152737" doknr="BJNR002090975"><norm builddate="20120625152737" doknr="BJNR002090975"><metadaten><jurabk>OWiG§124V</jurabk><ausfertigung-datum manuell="ja">1975-01-02</ausfertigung-datum><fundstelle typ="amtlich"><periodikum>BGBl I</periodikum><zitstelle>1975, 209</zitstelle></fundstelle><langue>Verordnung über die Zuständigkeit für die Verfolgung und Ahndung von
Ordnungswidrigkeiten nach § 124 des Gesetzes über Ordnungswidrigkeiten</langue></metadaten><textdaten><text format="XML"><Content><P/></Content></text><fussnoten><Content><P>(+++ Textnachweis ab: 15. 1.1975 +++)</P></Content></fussnoten></textdaten></norm>
<norm builddate="20120625152737" doknr="BJNR002090975BJNE000100304"><metadaten><jurabk>OWiG§124V</jurabk><enbez>Eingangsformel</enbez></metadaten><textdaten><text format="XML"><Content><P>Auf Grund des § 36 Abs. 3 in Verbindung mit § 131 Abs. 1 Satz 3 des Gesetzes über Ordnungswidrigkeiten vom 24. Mai 1968 (Bundesgesetzbl. I S. 481), zuletzt geändert durch Artikel 29 des Einführungsgesetzes zum Strafgesetzbuch vom 2. März 1974 (Bundesgesetzbl. I S. 469), wird verordnet:</P></Content></text></textdaten></norm>
<norm builddate="20120625152737" doknr="BJNR002090975BJNE000200304"><metadaten><jurabk>OWiG§124V</jurabk><enbez>§ 1</enbez></metadaten><textdaten><text format="XML"><Content><P>Die Zuständigkeit für die Verfolgung und Ahndung von Ordnungswidrigkeiten nach § 124 des Gesetzes über Ordnungswidrigkeiten wird, soweit es sich um ein Wappen oder eine Dienstflagge des Bundes handelt, dem Bundesverwaltungsamt übertragen.</P></Content></text></textdaten></norm>
<norm builddate="20120625152737" doknr="BJNR002090975BJNE000300304"><metadaten><jurabk>OWiG§124V</jurabk><enbez>§ 2</enbez></metadaten><textdaten><text format="XML"><Content><P>Diese Verordnung gilt nach § 14 des Dritten Überleitungsgesetzes vom 4. Januar 1952 (Bundesgesetzbl. I S. 1) in Verbindung mit § 134 des Gesetzes über Ordnungswidrigkeiten auch im Land Berlin.</P></Content></text></textdaten></norm>
<norm builddate="20120625152737" doknr="BJNR002090975BJNE000400304"><metadaten><jurabk>OWiG§124V</jurabk><enbez>§ 3</enbez></metadaten><textdaten><text format="XML"><Content><P>Diese Verordnung tritt am Tage nach der Verkündung in Kraft.</P></Content></text></textdaten></norm>
<norm builddate="20120625152737" doknr="BJNR002090975BJNE000500304"><metadaten><jurabk>OWiG§124V</jurabk><enbez>Schlußformel</enbez></metadaten><textdaten><text format="XML"><Content><P><SP>Der Bundesminister des Innern</SP></P></Content></text></textdaten></norm>
</dokumente>