<?xml version="1.0" encoding="UTF-8" ?><!DOCTYPE dokumente SYSTEM "http://www.gesetze-im-internet.de/dtd/1.01/gii-norm.dtd">
<dokumente builddate="20240202215028" doknr="EWNR006120022"><norm builddate="20240202215028" doknr="EWNR006120022"><metadaten><jurabk>EUV 2022/612</jurabk><ausfertigung-datum manuell="ja">2022-04-06</ausfertigung-datum><fundstelle typ="amtlich"><periodikum>ABl EU</periodikum><zitstelle>2022, Nr L 115, 1</zitstelle></fundstelle><langue>Verordnung (EU) 2022/612 des Europäischen Parlaments und des Rates über das Roaming in öffentlichen Mobilfunknetzen in der Union (Neufassung)</langue></metadaten><textdaten><fussnoten><Content><P>(+++ CELEX Nr: 32022R0612 +++)</P></Content></fussnoten></textdaten></norm>
</dokumente>