<?xml version="1.0" encoding="UTF-8" ?><!DOCTYPE dokumente SYSTEM "http://www.gesetze-im-internet.de/dtd/1.01/gii-norm.dtd">
<dokumente builddate="20250217223514" doknr="BJNR284300022"><norm builddate="20250217223514" doknr="BJNR284300022"><metadaten><jurabk>PKHB 2023</jurabk><amtabk>PKHB 2023</amtabk><ausfertigung-datum manuell="ja">2022-12-22</ausfertigung-datum><fundstelle typ="amtlich"><periodikum>BGBl I</periodikum><zitstelle>2022, 2843</zitstelle></fundstelle><kurzue>Prozesskostenhilfebekanntmachung 2023</kurzue><langue>Bekanntmachung zu § 115 der Zivilprozessordnung</langue></metadaten><textdaten><fussnoten><Content><P><BR/> <pre xml:space="preserve">(+++ Textnachweis ab: 28.12.2022 +++)<BR/><BR/></pre></P></Content></fussnoten></textdaten></norm>
<norm builddate="20250217223514" doknr="BJNR284300022BJNE000100000"><metadaten><jurabk>PKHB 2023</jurabk><enbez>(XXXX)</enbez></metadaten><textdaten><text format="XML"><Content><P>Auf Grund des § 115 Absatz 1 Satz 6 der Zivilprozessordnung, der zuletzt durch Artikel 10 Nummer 3 des Gesetzes vom 21. Dezember 2020 (BGBl. I S. 3229) geändert worden ist, werden die ab dem 1. Januar 2023 maßgebenden Beträge, die nach § 115 Absatz 1 Satz 3 Nummer 1 Buchstabe b und Nummer 2 sowie Satz 5 der Zivilprozessordnung vom Einkommen der Partei abzusetzen sind, bekannt gemacht:<table colsep="1" frame="all" pgwide="1" rowsep="1" tocentry="%yes;"><tgroup align="left" char="" charoff="50" cols="5"><colspec colname="col1" colnum="1" colwidth="56*"/><colspec align="center" colname="col2" colnum="2" colwidth="24*"/><colspec align="center" colname="col3" colnum="3" colwidth="24*"/><colspec align="center" colname="col4" colnum="4" colwidth="24*"/><colspec align="center" colname="col5" colnum="5" colwidth="24*"/><thead valign="bottom"><row valign="middle"><entry VJ="1" colname="col1"/><entry VJ="1" colname="col2">Freibetrag<BR/> Bund</entry><entry VJ="1" colname="col3">Freibetrag<BR/> im Landkreis<BR/> Fürstenfeldbruck<BR/> und Starnberg</entry><entry VJ="1" colname="col4">Freibetrag<BR/> im Landkreis<BR/> München</entry><entry VJ="1" colname="col5">Freibetrag<BR/> in der<BR/> Landhauptstadt<BR/> München</entry></row></thead><tbody valign="top"><row><entry VJ="1" colname="col1">Parteien, die ein Einkommen aus<BR/>Erwerbstätigkeit erzielen<BR/>(§ 115 Abs. 1 Satz 3 Nr. 1<BR/>Buchstabe b ZPO)</entry><entry VJ="1" colname="col2">251 €</entry><entry VJ="1" colname="col3">265 €</entry><entry VJ="1" colname="col4">259 €</entry><entry VJ="1" colname="col5">264 €</entry></row><row><entry VJ="1" colname="col1">Partei, Ehegatte oder Lebenspartner<BR/>(§ 115 Abs. 1 Satz 3 Nr. 2<BR/>Buchstabe a ZPO)</entry><entry VJ="1" colname="col2">552 €</entry><entry VJ="1" colname="col3">582 €</entry><entry VJ="1" colname="col4">569 €</entry><entry VJ="1" colname="col5">580 €</entry></row><row><entry VJ="1" colname="col1">Freibetrag für unterhaltsberechtigte<BR/>Erwachsene<BR/>(§ 115 Abs. 1 Satz 3 Nr. 2<BR/>Buchstabe b ZPO <I>Regelbedarfsstufe 3</I>)</entry><entry VJ="1" colname="col2">442 €</entry><entry VJ="1" colname="col3">466 €</entry><entry VJ="1" colname="col4">445 €</entry><entry VJ="1" colname="col5">463 €</entry></row><row><entry VJ="1" colname="col1">Freibetrag für unterhaltsberechtigte<BR/>Jugendliche vom Beginn des 15. bis<BR/>zur Vollendung des 18. Lebensjahres<BR/>(§ 115 Abs. 1 Satz 3 Nr. 2<BR/>Buchstabe b ZPO <I>Regelbedarfsstufe 4</I>)</entry><entry VJ="1" colname="col2">462 €</entry><entry VJ="1" colname="col3">484 €</entry><entry VJ="1" colname="col4">475 €</entry><entry VJ="1" colname="col5">483 €</entry></row><row><entry VJ="1" colname="col1">Freibetrag für unterhaltsberechtigte<BR/>Kinder vom Beginn des siebten bis<BR/>zur Vollendung des 14. Lebensjahres<BR/>(§ 115 Abs. 1 Satz 3 Nr. 2<BR/>Buchstabe b ZPO <I>Regelbedarfsstufe 5</I>)</entry><entry VJ="1" colname="col2">383 €</entry><entry VJ="1" colname="col3">397 €</entry><entry VJ="1" colname="col4">394 €</entry><entry VJ="1" colname="col5">397 €</entry></row><row><entry VJ="1" colname="col1">Freibetrag für unterhaltsberechtigte<BR/>Kinder bis zur Vollendung des<BR/>sechsten Lebensjahres<BR/>(§ 115 Abs. 1 Satz 3 Nr. 2<BR/>Buchstabe b ZPO <I>Regelbedarfsstufe 6</I>)</entry><entry VJ="1" colname="col2">350 €</entry><entry VJ="1" colname="col3">365 €</entry><entry VJ="1" colname="col4">360 €</entry><entry VJ="1" colname="col5">363 €</entry></row></tbody></tgroup></table></P></Content></text></textdaten></norm>
<norm builddate="20250217223514" doknr="BJNR284300022BJNE000200000"><metadaten><jurabk>PKHB 2023</jurabk><enbez>Schlussformel</enbez></metadaten><textdaten><text format="XML"><Content><P><SP>Der Bundesminister der Justiz</SP></P></Content></text></textdaten></norm>
</dokumente>