<?xml version="1.0" encoding="UTF-8" ?><!DOCTYPE dokumente SYSTEM "http://www.gesetze-im-internet.de/dtd/1.01/gii-norm.dtd">
<dokumente builddate="20120625145752" doknr="BJNR010980983"><norm builddate="20120625145752" doknr="BJNR010980983"><metadaten><jurabk>WZG§35LKABek</jurabk><ausfertigung-datum manuell="ja">1983-07-28</ausfertigung-datum><fundstelle typ="amtlich"><periodikum>BGBl I</periodikum><zitstelle>1983, 1098</zitstelle></fundstelle><langue>Bekanntmachung zu § 35 des Warenzeichengesetzes</langue></metadaten><textdaten><text format="XML"><Content><P/></Content></text><fussnoten><Content><P>(+++ Textnachweis ab: 12. 8.1983 +++)</P></Content></fussnoten></textdaten></norm>
<norm builddate="20120625145752" doknr="BJNR010980983BJNE000100307"><metadaten><jurabk>WZG§35LKABek</jurabk><enbez>(XXXX)</enbez></metadaten><textdaten><text format="XML"><Content><P>Auf Grund des § 35 Abs. 3 Satz 2 des Warenzeichengesetzes in der Fassung der Bekanntmachung vom 2. Januar 1968 (BGBl. I S. 1, 29) wird gemäß einer Erklärung des Registrar of Patents &amp; Trade Marks der Demokratischen Sozialistischen Republik Sri Lanka bekanntgemacht: <BR/>Deutsche Staatsangehörige, die ein Warenzeichen in der Demokratischen Sozialistischen Republik Sri Lanka anmelden, brauchen nicht den Nachweis zu erbringen, daß sie für das Zeichen in dem Staat, in dem sich ihre Niederlassung befindet, den Markenschutz nachgesucht und erhalten haben.</P></Content></text></textdaten></norm>
<norm builddate="20120625145752" doknr="BJNR010980983BJNE000200307"><metadaten><jurabk>WZG§35LKABek</jurabk><enbez>Schlussformel</enbez></metadaten><textdaten><text format="XML"><Content><P>Der Bundesminister der Justiz</P></Content></text></textdaten></norm>
</dokumente>