<?xml version="1.0" encoding="UTF-8" ?><!DOCTYPE dokumente SYSTEM "http://www.gesetze-im-internet.de/dtd/1.01/gii-norm.dtd">
<dokumente builddate="20120625154812" doknr="BJNR208450972"><norm builddate="20120625154812" doknr="BJNR208450972"><metadaten><jurabk>VollstrZustProtG</jurabk><ausfertigung-datum manuell="ja">1972-08-07</ausfertigung-datum><fundstelle typ="amtlich"><periodikum>BGBl II</periodikum><zitstelle>1972, 845</zitstelle></fundstelle><langue>Gesetz zu dem Protokoll vom 3. Juni 1971 betreffend die Auslegung des
Übereinkommens vom 27. September 1968 über die gerichtliche Zuständigkeit und
die Vollstreckung gerichtlicher Entscheidungen in Zivil- und Handelssachen
durch den Gerichtshof</langue><standangabe checked="ja"><standtyp>Stand</standtyp><standkommentar>Geändert durch Art. 4 Abs. 9 G v. 17.12.2006 I 3171</standkommentar></standangabe></metadaten><textdaten><fussnoten><Content><P>(+++ Textnachweis ab: 11.8.1972 +++)</P></Content></fussnoten></textdaten></norm>
<norm builddate="20120625154812" doknr="BJNR208450972BJNE000100306"><metadaten><jurabk>VollstrZustProtG</jurabk><enbez>Art 1</enbez></metadaten><textdaten><text format="XML"><Content><P>Dem in Luxemburg am 3. Juni 1971 von der Bundesrepublik Deutschland unterzeichneten Protokoll betreffend die Auslegung des Übereinkommens vom 27. September 1968 über die gerichtliche Zuständigkeit und die Vollstreckung gerichtlicher Entscheidungen in Zivil- und Handelssachen durch den Gerichtshof wird zugestimmt. Das Protokoll wird nachstehend veröffentlicht.</P></Content></text><fussnoten/></textdaten></norm>
<norm builddate="20120625154812" doknr="BJNR208450972BJNE000200306"><metadaten><jurabk>VollstrZustProtG</jurabk><enbez>Art 2</enbez></metadaten><textdaten><text format="XML"><Content><P>In dem Beschluß, mit dem die Auslegungsfrage dem Gerichtshof zur Vorabentscheidung vorgelegt wird, ist die auszulegende Vorschrift zu bezeichnen sowie die zu klärende Auslegungsfrage darzulegen. Ferner ist der Sach- und Streitstand, soweit dies zur Beurteilung der Auslegungsfrage erforderlich ist, in gedrängter Form darzustellen.</P></Content></text></textdaten></norm>
<norm builddate="20120625154812" doknr="BJNR208450972BJNE000301301"><metadaten><jurabk>VollstrZustProtG</jurabk><enbez>Art 3</enbez></metadaten><textdaten><text format="XML"><Content><P>Die Aufgaben der zuständigen Stelle im Sinne des Artikels 4 des Protokolls nimmt das Bundesamt für Justiz wahr.</P></Content></text><fussnoten/></textdaten></norm>
<norm builddate="20120625154812" doknr="BJNR208450972BJNE000400306"><metadaten><jurabk>VollstrZustProtG</jurabk><enbez>Art 4</enbez></metadaten><textdaten><text format="XML"><Content><P>Dieses Gesetz gilt auch im Land Berlin, sofern das Land Berlin die Anwendung dieses Gesetzes feststellt.</P></Content></text></textdaten></norm>
<norm builddate="20120625154812" doknr="BJNR208450972BJNE000500306"><metadaten><jurabk>VollstrZustProtG</jurabk><enbez>Art 5</enbez></metadaten><textdaten><text format="XML"><Content><P>(1) Dieses Gesetz tritt am Tage nach seine Verkündung in Kraft.</P><P>(2) Der Tag, an dem das Protokoll nach seinem Artikel 8 für die Bundesrepublik Deutschland in Kraft tritt, ist im Bundesgesetzblatt bekanntzugeben.</P></Content> </text></textdaten></norm>
</dokumente>