<?xml version="1.0" encoding="UTF-8" ?><!DOCTYPE dokumente SYSTEM "http://www.gesetze-im-internet.de/dtd/1.01/gii-norm.dtd">
<dokumente builddate="20131202132500" doknr="BJNR006200011"><norm builddate="20131202132500" doknr="BJNR006200011"><metadaten><jurabk>Münz10EuroBek 2011-01-20</jurabk><ausfertigung-datum manuell="ja">2011-01-20</ausfertigung-datum><fundstelle typ="amtlich"><periodikum>BGBl I</periodikum><zitstelle>2011, 62</zitstelle></fundstelle><langue>Bekanntmachung über die Ausprägung von deutschen Euro-Gedenkmünzen im Nennwert von 10 Euro (Gedenkmünze „200. Geburtstag Franz Liszt“)</langue></metadaten><textdaten><fussnoten><Content><P><BR/> <pre xml:space="preserve">(+++ Textnachweis ab: 27.1.2011 +++)<BR/><BR/></pre></P></Content></fussnoten></textdaten></norm>
<norm builddate="20131202132500" doknr="BJNR006200011BJNE000100000"><metadaten><jurabk>Münz10EuroBek 2011-01-20</jurabk><enbez>(XXXX)</enbez></metadaten><textdaten><text format="XML"><Content><P>Gemäß den §§ 2, 4 und 5 des Münzgesetzes vom 16. Dezember 1999 (BGBl. I S. 2404) hat die Bundesregierung beschlossen, zum Thema „200. Geburtstag Franz Liszt“ eine deutsche Euro-Gedenkmünze im Nennwert von 10 Euro prägen zu lassen.</P><P>Die Auflage der Münze beträgt 2 187 000 Stück in Normalprägung und maximal 200 000 Stück in Spiegelglanzausführung. Die Prägung erfolgt durch die Staatlichen Münzen Baden-Württemberg, Prägestätte Karlsruhe.</P><P>Die Münze wird ab dem 3. Februar 2011 in den Verkehr gebracht. Sie besteht aus einer Legierung von 625 Tausendteilen Silber und 375 Tausendteilen Kupfer, hat einen Durchmesser von 32,5 Millimetern und eine Masse von 16 Gramm. Das Geprägte auf beiden Seiten ist erhaben und wird von einem schützenden, glatten Randstab umgeben.</P><P>Die Bildseite besticht durch den riskanten Kontrast zwischen dem Gesichtsrelief und dem Schichtrelief des Flügels im Hintergrund. Der Widerspruch ist formal gelungen und spiegelt das überaus widerspruchsreiche Leben und Werk Franz Liszts.</P><P>Das Gesicht weist auf den unbändigen Gestaltungswillen des Komponisten in der Nachfolge Beethovens hin. Es ist handwerklich fein und nuancenreich modelliert und spricht von einem wachen und willensstarken Charakter in der Mitte des Lebens.</P><P>Die Wertseite zeigt einen Adler, die Umschrift „BUNDESREPUBLIK DEUTSCHLAND 2011“ mit den zwölf Europasternen und der Wertbezeichnung „10 Euro“ sowie dem Münzzeichen „G“ der Staatlichen Münzen Baden-Württemberg, Prägestätte Karlsruhe, links neben dem Adler.</P><P>Der glatte Münzrand enthält in vertiefter Prägung die Inschrift:</P><P>„GENIE OBLIGE - GENIE VERPFLICHTET •“.</P><P>Der Entwurf stammt von dem Künstler Michael Otto aus Rodenbach.</P></Content></text></textdaten></norm>
<norm builddate="20131202132500" doknr="BJNR006200011BJNE000200000"><metadaten><jurabk>Münz10EuroBek 2011-01-20</jurabk><enbez>Schlussformel</enbez></metadaten><textdaten><text format="XML"><Content><P><SP>Der Bundesminister der Finanzen</SP></P></Content></text></textdaten></norm>
<norm builddate="20131202132500" doknr="BJNR006200011BJNE000300000"><metadaten><jurabk>Münz10EuroBek 2011-01-20</jurabk><enbez>(XXXX)</enbez></metadaten><textdaten><text format="XML"><Content><P><noindex><kommentar typ="Fundstelle">(Fundstelle: BGBl. I 2011, 62)</kommentar></noindex></P><BR/><table frame="none" pgwide="1" tocentry="%yes;"><tgroup align="left" char="" charoff="50" cols="2"><colspec colname="col1" colsep="0" colwidth="5.11*"/><colspec colname="col2" colsep="0" colwidth="4.89*"/><tbody valign="top"><row><entry VJ="1" align="center" colname="col1"><IMG Align="center" Height="928" Pos="inline" SRC="bgbl1_2011_j0062-1_0010.jpg" Type="TIF" Units="300" alt=""/></entry><entry VJ="1" align="center" colname="col2"><IMG Align="center" Height="923" Pos="inline" SRC="bgbl1_2011_j0062-1_0020.jpg" Type="TIF" Units="300" alt=""/></entry></row></tbody></tgroup></table></Content></text></textdaten></norm>
</dokumente>