<?xml version="1.0" encoding="UTF-8" ?><!DOCTYPE dokumente SYSTEM "http://www.gesetze-im-internet.de/dtd/1.01/gii-norm.dtd">
<dokumente builddate="20120625153518" doknr="BJNR006400007"><norm builddate="20120625153518" doknr="BJNR006400007"><metadaten><jurabk>PfändfreiGrBek 2007</jurabk><ausfertigung-datum manuell="ja">2007-01-22</ausfertigung-datum><fundstelle typ="amtlich"><periodikum>BGBl I</periodikum><zitstelle>2007, 64</zitstelle></fundstelle><kurzue>Pfändungsfreigrenzenbekanntmachung 2007</kurzue><langue>Bekanntmachung zu § 850c der Zivilprozessordnung</langue></metadaten><textdaten><text format="XML"><Content><P/></Content></text><fussnoten><Content><P><BR/> <pre xml:space="preserve">(+++ Textnachweis ab: 7.2.2007 +++)<BR/><BR/></pre></P></Content></fussnoten></textdaten></norm>
<norm builddate="20120625153518" doknr="BJNR006400007BJNE000100000"><metadaten><jurabk>PfändfreiGrBek 2007</jurabk><enbez>(XXXX)</enbez></metadaten><textdaten><text format="XML"><Content><P>Auf Grund des § 850c Abs. 2a Satz 2 der Zivilprozessordnung, der durch Artikel 1 Nr. 4 Buchstabe c des Gesetzes vom 13. Dezember 2001 (BGBl. I S. 3638) eingefügt worden ist, wird bekannt gemacht:</P><P>Die unpfändbaren Beträge nach § 850c Abs. 1 und 2 Satz 2 der Zivilprozessordnung bleiben für den Zeitraum vom 1. Juli 2007 bis zum 30. Juni 2009 unverändert.</P></Content></text></textdaten></norm>
<norm builddate="20120625153518" doknr="BJNR006400007BJNE000200000"><metadaten><jurabk>PfändfreiGrBek 2007</jurabk><enbez>Schlussformel</enbez></metadaten><textdaten><text format="XML"><Content><P>Die Bundesministerin der Justiz</P></Content></text></textdaten></norm>
</dokumente>