<?xml version="1.0" encoding="UTF-8" ?><!DOCTYPE dokumente SYSTEM "http://www.gesetze-im-internet.de/dtd/1.01/gii-norm.dtd">
<dokumente builddate="20130830220637" doknr="BJNR329200013"><norm builddate="20130830220637" doknr="BJNR329200013"><metadaten><jurabk>FlugLSV 3</jurabk><amtabk>3. FlugLSV</amtabk><ausfertigung-datum manuell="ja">2013-08-20</ausfertigung-datum><fundstelle typ="amtlich"><periodikum>BGBl I</periodikum><zitstelle>2013, 3292</zitstelle></fundstelle><kurzue>Fluglärm-Außenwohnbereichsentschädigungs-Verordnung</kurzue><langue>Dritte Verordnung zur Durchführung des Gesetzes zum Schutz gegen Fluglärm</langue></metadaten><textdaten><fussnoten><Content><P><BR/> <pre xml:space="preserve">(+++ Textnachweis ab: 29.8.2013 +++)<BR/><BR/></pre></P></Content></fussnoten></textdaten></norm>
<norm builddate="20130830220637" doknr="BJNR329200013BJNE000100000"><metadaten><jurabk>FlugLSV 3</jurabk><jurabk>3. FlugLSV</jurabk><enbez>Eingangsformel</enbez></metadaten><textdaten><text format="XML"><Content><P>Auf Grund des § 3 Absatz 2 und des § 9 Absatz 6 Satz 1 des Gesetzes zum Schutz gegen Fluglärm in der Fassung der Bekanntmachung vom 31. Oktober 2007 (BGBl. I S. 2550) verordnet die Bundesregierung nach Anhörung der beteiligten Kreise:</P></Content></text></textdaten></norm>
<norm builddate="20130830220637" doknr="BJNR329200013BJNE000200000"><metadaten><jurabk>FlugLSV 3</jurabk><jurabk>3. FlugLSV</jurabk><enbez>§ 1</enbez><titel format="XML">Anwendungsbereich</titel></metadaten><textdaten><text format="XML"><Content><P>(1) Diese Verordnung gilt für Grundstücke, auf denen bei Festsetzung des Lärmschutzbereichs für einen neuen oder wesentlich baulich erweiterten Flugplatz im Sinne des § 2 Absatz 2 Satz 2 Nummer 1 und 3 des Gesetzes zum Schutz gegen Fluglärm Wohnungen oder schutzbedürftige Einrichtungen nach § 5 Absatz 1 Satz 1 und 2 des genannten Gesetzes zulässigerweise errichtet sind oder zulässigerweise gemäß § 5 Absatz 4 des genannten Gesetzes errichtet werden dürfen und die in der Tag-Schutzzone 1 des Flugplatzes gelegen sind. Für diese Grundstücke enthält sie nähere Bestimmungen über die Entschädigung für Beeinträchtigungen des Außenwohnbereichs nach § 9 Absatz 5 des genannten Gesetzes.</P><P>(2) Entschädigungsansprüche nach anderen öffentlich-rechtlichen Vorschriften bleiben unberührt.</P></Content></text></textdaten></norm>
<norm builddate="20130830220637" doknr="BJNR329200013BJNE000300000"><metadaten><jurabk>FlugLSV 3</jurabk><jurabk>3. FlugLSV</jurabk><enbez>§ 2</enbez><titel format="XML">Entschädigungsgrundsätze</titel></metadaten><textdaten><text format="XML"><Content><P>Die Entschädigung für fluglärmbedingte Beeinträchtigungen des Außenwohnbereichs bestimmt sich nach der Schutzwürdigkeit des Außenwohnbereichs und nach der Wertminderung durch die Fluglärmbelastung unter Berücksichtigung der Intensität der Fluglärmbelastung, der Vorbelastung und der Art der baulichen Nutzung der betroffenen Flächen.</P></Content></text></textdaten></norm>
<norm builddate="20130830220637" doknr="BJNR329200013BJNE000400000"><metadaten><jurabk>FlugLSV 3</jurabk><jurabk>3. FlugLSV</jurabk><enbez>§ 3</enbez><titel format="XML">Außenwohnbereich</titel></metadaten><textdaten><text format="XML"><Content><P>(1) Zum Außenwohnbereich einer Wohnung auf einem Grundstück im Sinne des § 1 gehören Balkone, Dachgärten und Loggien, die mit der baulichen Anlage verbunden sind, Terrassen, Grillplätze und Gärten sowie ähnliche Außenanlagen, die der Wohnnutzung im Freien dienen.</P><P>(2) Nicht zum Außenwohnbereich gehören Balkone und Vorgärten, die aufgrund ihrer Größe oder Beschaffenheit nicht für den regelmäßigen Aufenthalt geeignet sind, sowie reine Nutzgärten und sonstige Flächen, die anderen Zwecken als der Wohnnutzung im Freien dienen oder deren Nutzung für das Wohnen im Freien nicht zulässig ist.</P><P>(3) Befinden sich auf dem Grundstück mehrere Wohnungen, weist die einzelne Wohnung einen Außenwohnbereich auch dann auf, wenn nur eine gemeinschaftliche Nutzung des Außenwohnbereichs gegeben ist.</P><P>(4) Als Außenwohnbereich einer schutzbedürftigen Einrichtung auf einem Grundstück im Sinne des § 1 gilt der Außenbereich, der einer der Wohnnutzung im Freien vergleichbaren Nutzung dient.</P></Content></text></textdaten></norm>
<norm builddate="20130830220637" doknr="BJNR329200013BJNE000500000"><metadaten><jurabk>FlugLSV 3</jurabk><jurabk>3. FlugLSV</jurabk><enbez>§ 4</enbez><titel format="XML">Fluglärmbelastung von Grundstücken</titel></metadaten><textdaten><text format="XML"><Content><P>(1) Die Intensität der Fluglärmbelastung im Sinne dieser Verordnung bestimmt sich nach der Lage des betroffenen Grundstücks in der Tag-Schutzzone 1. Innerhalb der Tag-Schutzzone 1 werden zwei Isophonen-Bänder festgelegt.</P><P>(2) Das Isophonen-Band 1 umfasst <DL Type="arabic"><DT>1.</DT><DD Font="normal"><LA>bei zivilen Flugplätzen im Sinne des § 2 Absatz 2 Satz 2 Nummer 1 des Gesetzes zum Schutz gegen Fluglärm den Bereich der Tag-Schutzzone 1, in dem der fluglärmbedingte äquivalente Dauerschallpegel für den Tag (L<SUB>Aeq Tag</SUB>) den Wert von 65 Dezibel (A) überschreitet,</LA></DD><DT>2.</DT><DD Font="normal"><LA>bei militärischen Flugplätzen im Sinne des § 2 Absatz 2 Satz 2 Nummer 3 des genannten Gesetzes den Bereich der Tag-Schutzzone 1, in dem der fluglärmbedingte äquivalente Dauerschallpegel für den Tag (L<SUB>Aeq Tag</SUB>) einen Wert von 68 Dezibel (A) überschreitet.</LA></DD></DL>Das Isophonen-Band 2 umfasst jeweils den restlichen Bereich der Tag-Schutzzone 1.</P><P>(3) Die Isophonen-Bänder 1 und 2 werden nach § 4 der Verordnung über die Datenerfassung und das Berechnungsverfahren für die Festsetzung von Lärmschutzbereichen ermittelt und in Listen und Karten gemäß § 4 Absatz 4 der genannten Verordnung dargestellt. Grundstücke, die in zwei Isophonen-Bändern liegen, werden dem Isophonen-Band 1 zugeordnet.</P></Content></text></textdaten></norm>
<norm builddate="20130830220637" doknr="BJNR329200013BJNE000600000"><metadaten><jurabk>FlugLSV 3</jurabk><jurabk>3. FlugLSV</jurabk><enbez>§ 5</enbez><titel format="XML">Entschädigungspauschalen bei Wohnungen</titel></metadaten><textdaten><text format="XML"><Content><P>(1) Bei einem Einfamilienhaus mit Außenwohnbereich beträgt die Höhe der Entschädigung pauschal: <DL Font="normal" Type="arabic"><DT>1.</DT><DD Font="normal"><LA Size="normal"><table colsep="0" frame="none" pgwide="1" rowsep="0" tocentry="%yes;"><tgroup align="left" char="" charoff="50" cols="2"><colspec align="left" colname="leftSplit"/><colspec align="right" colname="rightSplit"/><tbody Class="Split" valign="top"><row><entry VJ="1" colname="leftSplit">für ein im Isophonen-Band 1 gelegenes Grundstück:</entry><entry VJ="1" colname="rightSplit" valign="bottom">5 000 Euro,</entry></row></tbody></tgroup></table></LA></DD><DT>2.</DT><DD Font="normal"><LA Size="normal"><table colsep="0" frame="none" pgwide="1" rowsep="0" tocentry="%yes;"><tgroup align="left" char="" charoff="50" cols="2"><colspec align="left" colname="leftSplit"/><colspec align="right" colname="rightSplit"/><tbody Class="Split" valign="top"><row><entry VJ="1" colname="leftSplit">für ein im Isophonen-Band 2 gelegenes Grundstück:</entry><entry VJ="1" colname="rightSplit" valign="bottom">3 700 Euro.</entry></row></tbody></tgroup></table></LA></DD></DL></P><P>(2) Bei einem Zweifamilienhaus mit Außenwohnbereich beträgt die Höhe der Entschädigung pauschal: <DL Font="normal" Type="arabic"><DT>1.</DT><DD Font="normal"><LA Size="normal"><table colsep="0" frame="none" pgwide="1" rowsep="0" tocentry="%yes;"><tgroup align="left" char="" charoff="50" cols="2"><colspec align="left" colname="leftSplit"/><colspec align="right" colname="rightSplit"/><tbody Class="Split" valign="top"><row><entry VJ="1" colname="leftSplit">für ein im Isophonen-Band 1 gelegenes Grundstück:</entry><entry VJ="1" colname="rightSplit" valign="bottom">6 000 Euro,</entry></row></tbody></tgroup></table></LA></DD><DT>2.</DT><DD Font="normal"><LA Size="normal"><table colsep="0" frame="none" pgwide="1" rowsep="0" tocentry="%yes;"><tgroup align="left" char="" charoff="50" cols="2"><colspec align="left" colname="leftSplit"/><colspec align="right" colname="rightSplit"/><tbody Class="Split" valign="top"><row><entry VJ="1" colname="leftSplit">für ein im Isophonen-Band 2 gelegenes Grundstück:</entry><entry VJ="1" colname="rightSplit" valign="bottom">4 440 Euro.</entry></row></tbody></tgroup></table></LA></DD></DL></P><P>(3) Bei einem Mehrfamilienhaus mit Außenwohnbereich erhöht sich die Entschädigung pauschal gegenüber Absatz 2 mit jeder weiteren abgeschlossenen Wohnung <DL Font="normal" Type="arabic"><DT>1.</DT><DD Font="normal"><LA Size="normal"><table colsep="0" frame="none" pgwide="1" rowsep="0" tocentry="%yes;"><tgroup align="left" char="" charoff="50" cols="2"><colspec align="left" colname="leftSplit"/><colspec align="right" colname="rightSplit"/><tbody Class="Split" valign="top"><row><entry VJ="1" colname="leftSplit">für ein im Isophonen-Band 1 gelegenes Grundstück um:</entry><entry VJ="1" colname="rightSplit" valign="bottom">2 000 Euro,</entry></row></tbody></tgroup></table></LA></DD><DT>2.</DT><DD Font="normal"><LA Size="normal"><table colsep="0" frame="none" pgwide="1" rowsep="0" tocentry="%yes;"><tgroup align="left" char="" charoff="50" cols="2"><colspec align="left" colname="leftSplit"/><colspec align="right" colname="rightSplit"/><tbody Class="Split" valign="top"><row><entry VJ="1" colname="leftSplit">für ein im Isophonen-Band 2 gelegenes Grundstück um:</entry><entry VJ="1" colname="rightSplit" valign="bottom">1 480 Euro.</entry></row></tbody></tgroup></table></LA></DD></DL></P><P>(4) Bei einer Eigentumswohnung mit Außenwohnbereich beträgt die Höhe der Entschädigung pauschal: <DL Font="normal" Type="arabic"><DT>1.</DT><DD Font="normal"><LA Size="normal"><table colsep="0" frame="none" pgwide="1" rowsep="0" tocentry="%yes;"><tgroup align="left" char="" charoff="50" cols="2"><colspec align="left" colname="leftSplit"/><colspec align="right" colname="rightSplit"/><tbody Class="Split" valign="top"><row><entry VJ="1" colname="leftSplit">für ein im Isophonen-Band 1 gelegenes Grundstück:</entry><entry VJ="1" colname="rightSplit" valign="bottom">3 000 Euro,</entry></row></tbody></tgroup></table></LA></DD><DT>2.</DT><DD Font="normal"><LA Size="normal"><table colsep="0" frame="none" pgwide="1" rowsep="0" tocentry="%yes;"><tgroup align="left" char="" charoff="50" cols="2"><colspec align="left" colname="leftSplit"/><colspec align="right" colname="rightSplit"/><tbody Class="Split" valign="top"><row><entry VJ="1" colname="leftSplit">für ein im Isophonen-Band 2 gelegenes Grundstück:</entry><entry VJ="1" colname="rightSplit" valign="bottom">2 220 Euro.</entry></row></tbody></tgroup></table></LA></DD></DL></P></Content></text></textdaten></norm>
<norm builddate="20130830220637" doknr="BJNR329200013BJNE000700000"><metadaten><jurabk>FlugLSV 3</jurabk><jurabk>3. FlugLSV</jurabk><enbez>§ 6</enbez><titel format="XML">Erhöhte Entschädigung aufgrund des Verkehrswertes</titel></metadaten><textdaten><text format="XML"><Content><P>(1) Abweichend von § 5 beträgt die Höhe der Entschädigung bei einem Einfamilienhaus, einem Zweifamilienhaus oder einem Mehrfamilienhaus 2,00 Prozent des Verkehrswertes eines im Isophonen-Band 1 gelegenen Grundstücks und 1,48 Prozent des Verkehrswertes eines im Isophonen-Band 2 gelegenen Grundstücks, sofern der Anspruchsberechtigte nachweist, dass die hiernach ermittelte Entschädigung die Entschädigung nach § 5 übersteigt. Bei einer Eigentumswohnung gilt Satz 1 mit der Maßgabe, dass der Verkehrswert der Eigentumswohnung einschließlich des Wertes des Miteigentumsanteils an dem Grundstück und an dem sonstigen gemeinschaftlichen Eigentum zugrunde zu legen ist.</P><P>(2) Maßgeblich für die Ermittlung des Verkehrswertes ist der Tag der öffentlichen Bekanntmachung des Plans für den neuen oder wesentlich baulich erweiterten Flugplatz im Sinne von § 1 Absatz 1. Bei landwirtschaftlich, gewerblich oder gemischt genutzten Grundstücken ist nur der Anteil des Verkehrswertes zu berücksichtigen, der auf die Wohnnutzung entfällt. Satz 2 gilt entsprechend für Eigentumswohnungen.</P><P>(3) Der Verkehrswert kann nachgewiesen werden durch ein Gutachten des Gutachterausschusses für Grundstückswerte. Sofern der Gutachterausschuss gehindert ist, ein Verkehrswertgutachten zu erstatten, kann eine andere Stelle mit der Erstattung betraut werden. Die erforderlichen Kosten für den Nachweis des Verkehrswertes trägt der Flugplatzhalter, sofern sich aufgrund des Nachweises eine höhere Entschädigung als nach § 5 ergibt.</P></Content></text></textdaten></norm>
<norm builddate="20130830220637" doknr="BJNR329200013BJNE000800000"><metadaten><jurabk>FlugLSV 3</jurabk><jurabk>3. FlugLSV</jurabk><enbez>§ 7</enbez><titel format="XML">Berücksichtigung der Art der baulichen Nutzung sowie der Vorbelastung</titel></metadaten><textdaten><text format="XML"><Content><P>Die Entschädigung nach den §§ 5 und 6 wird um die Hälfte gemindert, sofern Grundstücke <DL Type="arabic"><DT>1.</DT><DD Font="normal"><LA>in Industriegebieten im Sinne des § 9 der Baunutzungsverordnung oder in folgenden Sondergebieten im Sinne des § 11 Absatz 2 der Baunutzungsverordnung <DL Type="alpha"><DT>a)</DT><DD Font="normal"><LA>Ladengebiete,</LA></DD><DT>b)</DT><DD Font="normal"><LA>Gebiete für Einkaufszentren und großflächige Handelsbetriebe,</LA></DD><DT>c)</DT><DD Font="normal"><LA>Gebiete für Messen, Ausstellungen und Kongresse,</LA></DD><DT>d)</DT><DD Font="normal"><LA>Hafengebiete</LA></DD></DL>gelegen sind und der fluglärmbedingte äquivalente Dauerschallpegel für den Tag (L<SUB>Aeq Tag</SUB>) den Wert von 70 Dezibel (A) nicht erreicht,</LA></DD><DT>2.</DT><DD Font="normal"><LA>in Gewerbegebieten im Sinne des § 8 der Baunutzungsverordnung gelegen sind und der fluglärmbedingte äquivalente Dauerschallpegel für den Tag (L<SUB>Aeq Tag</SUB>) den Wert von 65 Dezibel (A) nicht erreicht.</LA></DD></DL>Die Art der in Satz 1 bezeichneten Gebiete ergibt sich aus den Festlegungen in den Bebauungsplänen. Gebiete, für die keine Festsetzungen bestehen, sind entsprechend ihrer Schutzbedürftigkeit zu beurteilen.</P></Content></text></textdaten></norm>
<norm builddate="20130830220637" doknr="BJNR329200013BJNE000900000"><metadaten><jurabk>FlugLSV 3</jurabk><jurabk>3. FlugLSV</jurabk><enbez>§ 8</enbez><titel format="XML">Entschädigung in besonderen Fällen</titel></metadaten><textdaten><text format="XML"><Content><P>(1) Bei Wohnungen kann abweichend von den §§ 5 bis 7 eine höhere oder niedrigere Entschädigung festgesetzt werden, wenn aufgrund besonderer Umstände des Einzelfalls eine deutlich abweichende Höhe der Entschädigung angemessen ist.</P><P>(2) Bereits früher für fluglärmbedingte Beeinträchtigungen des Außenwohnbereichs geleistete Entschädigungen sind auf die Entschädigung nach dieser Verordnung in voller Höhe anzurechnen.</P><P>(3) Eine Außenwohnbereichsentschädigung ist nicht zu leisten, sofern Wohnungen auf einem Grundstück zum Abbruch bestimmt sind oder dieser bauordnungsrechtlich angeordnet wird.</P></Content></text></textdaten></norm>
<norm builddate="20130830220637" doknr="BJNR329200013BJNE001000000"><metadaten><jurabk>FlugLSV 3</jurabk><jurabk>3. FlugLSV</jurabk><enbez>§ 9</enbez><titel format="XML">Entschädigung bei schutzbedürftigen Einrichtungen</titel></metadaten><textdaten><text format="XML"><Content><P>(1) Bei einer schutzbedürftigen Einrichtung mit Außenwohnbereich beläuft sich die Höhe der Entschädigung pauschal für im Isophonen-Band 1 oder 2 gelegene Grundstücke auf den in § 5 Absatz 1 Nummer 1 oder Nummer 2 jeweils genannten Betrag.</P><P>(2) Bei einer schutzbedürftigen Einrichtung mit Wohnnutzung erhöht sich die Entschädigung pauschal gegenüber Absatz 1 <DL Type="arabic"><DT>1.</DT><DD Font="normal"><LA>mit jeder abgeschlossenen Wohnung um den in § 5 Absatz 3 Nummer 1 oder Nummer 2 genannten Betrag,</LA></DD><DT>2.</DT><DD Font="normal"><LA>mit jedem Einzel-, Doppel- oder Mehrbettzimmer um die Hälfte des in § 5 Absatz 3 Nummer 1 oder Nummer 2 genannten Betrages.</LA></DD></DL></P><P>(3) Bei einer schutzbedürftigen Einrichtung ohne Wohnnutzung erhöht sich die Entschädigung pauschal gegenüber Absatz 1 mit jedem dauerhaft genutzten Gruppen- oder Gemeinschaftsraum um den in § 5 Absatz 3 Nummer 1 oder Nummer 2 genannten Betrag.</P><P>(4) Im Übrigen gelten für schutzbedürftige Einrichtungen mit Außenwohnbereich die §§ 6 bis 8 entsprechend.</P></Content></text></textdaten></norm>
<norm builddate="20130830220637" doknr="BJNR329200013BJNE001100000"><metadaten><jurabk>FlugLSV 3</jurabk><jurabk>3. FlugLSV</jurabk><enbez>§ 10</enbez><titel format="XML">Auszahlung</titel></metadaten><textdaten><text format="XML"><Content><P>Die Außenwohnbereichsentschädigung wird als einmalige Zahlung geleistet.</P></Content></text></textdaten></norm>
<norm builddate="20130830220637" doknr="BJNR329200013BJNE001200000"><metadaten><jurabk>FlugLSV 3</jurabk><jurabk>3. FlugLSV</jurabk><enbez>§ 11</enbez><titel format="XML">Inkrafttreten</titel></metadaten><textdaten><text format="XML"><Content><P>Diese Verordnung tritt am Tag nach der Verkündung in Kraft.</P></Content></text></textdaten></norm>
<norm builddate="20130830220637" doknr="BJNR329200013BJNE001300000"><metadaten><jurabk>FlugLSV 3</jurabk><jurabk>3. FlugLSV</jurabk><enbez>Schlussformel</enbez></metadaten><textdaten><text format="XML"><Content><P>Der Bundesrat hat zugestimmt.</P></Content></text></textdaten></norm>
</dokumente>