<?xml version="1.0" encoding="UTF-8" ?><!DOCTYPE dokumente SYSTEM "http://www.gesetze-im-internet.de/dtd/1.01/gii-norm.dtd">
<dokumente builddate="20251231215638" doknr="BJNR1160A0025"><norm builddate="20251231215638" doknr="BJNR1160A0025"><metadaten><jurabk>SVBezGrV 2026</jurabk><ausfertigung-datum manuell="ja">2025-11-24</ausfertigung-datum><fundstelle typ="amtlich"><periodikum>BGBl. I</periodikum><zitstelle>2025, Nr. 278</zitstelle></fundstelle><kurzue>Sozialversicherungsrechengrößen-Verordnung 2026</kurzue><langue>Verordnung über maßgebende Rechengrößen der Sozialversicherung für 2026</langue></metadaten><textdaten><fussnoten><Content><P><BR/> <pre xml:space="preserve">(+++ Textnachweis ab: 1.1.2026 +++)<BR/><BR/></pre></P></Content></fussnoten></textdaten></norm>
<norm builddate="20251231215638" doknr="BJNR1160A0025BJNE000100000"><metadaten><jurabk>SVBezGrV 2026</jurabk><enbez>Eingangsformel</enbez></metadaten><textdaten><text format="XML"><Content><P>Die Bundesregierung verordnet aufgrund <DL Type="Dash"><DT>–</DT><DD Font="normal"><LA>des § 68 Absatz 2 Satz 1, des § 69 Absatz 2, der §§ 159 und 160 Nummer 2 sowie des § 228b des Sechsten Buches Sozialgesetzbuch – Gesetzliche Rentenversicherung – in der Fassung der Bekanntmachung vom 19. Februar 2002 (BGBl. I S. 754, 1404, 3384), das zuletzt durch Artikel 11 des Gesetzes vom 18. Dezember 2024 (BGBl. 2024 I Nr. 423) geändert worden ist,</LA></DD><DT>–</DT><DD Font="normal"><LA>des § 6 Absatz 6 und 7 des Fünften Buches Sozialgesetzbuch – Gesetzliche Krankenversicherung – (Artikel 1 des Gesetzes vom 20. Dezember 1988, BGBl. I S. 2477, 2482), das zuletzt durch Artikel 9 des Gesetzes vom 30. September 2025 (BGBl. 2025 I Nr. 231) geändert worden ist,</LA></DD></DL>und<BR/>  das Bundesministerium für Arbeit und Soziales verordnet aufgrund des § 17 Absatz 2 Satz 1 und des § 18 des Vierten Buches Sozialgesetzbuch – Gemeinsame Vorschriften für die Sozialversicherung – in der Fassung der Bekanntmachung vom 12. November 2009 (BGBl. I S. 3710, 3973; 2011 I S. 363), das zuletzt durch Artikel 6a des Gesetzes vom 25. Februar 2025 (BGBl. 2025 I Nr. 63) geändert worden ist:</P></Content></text></textdaten></norm>
<norm builddate="20251231215638" doknr="BJNR1160A0025BJNE000200000"><metadaten><jurabk>SVBezGrV 2026</jurabk><enbez>§ 1</enbez><titel format="XML">Bezugsgröße in der Sozialversicherung</titel></metadaten><textdaten><text format="XML"><Content><P>Die Bezugsgröße nach § 18 des Vierten Buches Sozialgesetzbuch für das Jahr 2026 beträgt 47 460 Euro. Umgerechnet auf den Monat ergeben sich 3 955 Euro.</P></Content></text></textdaten></norm>
<norm builddate="20251231215638" doknr="BJNR1160A0025BJNE000300000"><metadaten><jurabk>SVBezGrV 2026</jurabk><enbez>§ 2</enbez><titel format="XML">Jahresarbeitsentgeltgrenzen in der Krankenversicherung</titel></metadaten><textdaten><text format="XML"><Content><P>(1) Die Jahresarbeitsentgeltgrenze nach § 6 Absatz 6 des Fünften Buches Sozialgesetzbuch wird für das Jahr 2026 auf 77 400 Euro festgesetzt. Umgerechnet auf den Monat ergeben sich 6 450 Euro.</P><P>(2) Die Jahresarbeitsentgeltgrenze nach § 6 Absatz 7 des Fünften Buches Sozialgesetzbuch wird für das Jahr 2026 auf 69 750 Euro festgesetzt. Umgerechnet auf den Monat ergeben sich 5 812,50 Euro.</P></Content></text></textdaten></norm>
<norm builddate="20251231215638" doknr="BJNR1160A0025BJNE000400000"><metadaten><jurabk>SVBezGrV 2026</jurabk><enbez>§ 3</enbez><titel format="XML">Durchschnittsentgelte in der Rentenversicherung</titel></metadaten><textdaten><text format="XML"><Content><P>(1) Das Durchschnittsentgelt nach § 69 Absatz 2 Satz 1 Nummer 1 des Sechsten Buches Sozialgesetzbuch für das Jahr 2024 beträgt 47 085 Euro.</P><P>(2) Das vorläufige Durchschnittsentgelt nach § 69 Absatz 2 Satz 1 Nummer 2 des Sechsten Buches Sozialgesetzbuch für das Jahr 2026 beträgt 51 944 Euro.</P><P>(3) Anlage 1 zum Sechsten Buch Sozialgesetzbuch wird entsprechend ergänzt.</P></Content></text></textdaten></norm>
<norm builddate="20251231215638" doknr="BJNR1160A0025BJNE000500000"><metadaten><jurabk>SVBezGrV 2026</jurabk><enbez>§ 4</enbez><titel format="XML">Beitragsbemessungsgrenzen in der Rentenversicherung</titel></metadaten><textdaten><text format="XML"><Content><P>(1) Die Beitragsbemessungsgrenze nach § 159 des Sechsten Buches Sozialgesetzbuch wird für das Jahr 2026 wie folgt festgesetzt: <DL Type="arabic"><DT>1.</DT><DD Font="normal"><LA>in der allgemeinen Rentenversicherung auf 101 400 Euro jährlich; umgerechnet auf den Monat ergeben sich 8 450 Euro, und</LA></DD><DT>2.</DT><DD Font="normal"><LA>in der knappschaftlichen Rentenversicherung auf 124 800 Euro jährlich; umgerechnet auf den Monat ergeben sich 10 400 Euro.</LA></DD></DL></P><P>(2) Anlage 2 zum Sechsten Buch Sozialgesetzbuch wird um den Zeitraum „1.1.2026 – 31.12.2026“ und um die jeweiligen Jahresbeträge ergänzt.</P></Content></text></textdaten></norm>
<norm builddate="20251231215638" doknr="BJNR1160A0025BJNE000600000"><metadaten><jurabk>SVBezGrV 2026</jurabk><enbez>§ 5</enbez><titel format="XML">Inkrafttreten</titel></metadaten><textdaten><text format="XML"><Content><P>Diese Verordnung tritt am 1. Januar 2026 in Kraft.</P></Content></text></textdaten></norm>
<norm builddate="20251231215638" doknr="BJNR1160A0025BJNE000700000"><metadaten><jurabk>SVBezGrV 2026</jurabk><enbez>Schlussformel</enbez></metadaten><textdaten><text format="XML"><Content><P>Der Bundesrat hat zugestimmt.</P></Content></text></textdaten></norm>
</dokumente>