<?xml version="1.0" encoding="UTF-8" ?><!DOCTYPE dokumente SYSTEM "http://www.gesetze-im-internet.de/dtd/1.01/gii-norm.dtd">
<dokumente builddate="20121107215505" doknr="BJNR123420012"><norm builddate="20121107215505" doknr="BJNR123420012"><metadaten><jurabk>DBBankAbkG GBR</jurabk><ausfertigung-datum manuell="ja">2012-10-29</ausfertigung-datum><fundstelle typ="amtlich"><periodikum>BGBl II</periodikum><zitstelle>2012, 1234</zitstelle></fundstelle><langue>Gesetz zu dem Abkommen vom 7. Dezember 2011 zwischen der Bundesrepublik Deutschland und dem Vereinigten Königreich Großbritannien und Nordirland zur Vermeidung der Doppelbelastung bei der Bankenabgabe</langue></metadaten><textdaten><fussnoten><Content><P><BR/> <pre xml:space="preserve">(+++ Textnachweis ab: 3.11.2012 +++)<BR/><BR/></pre></P></Content></fussnoten></textdaten></norm>
<norm builddate="20121107215505" doknr="BJNR123420012BJNE000100000"><metadaten><jurabk>DBBankAbkG GBR</jurabk><enbez>Art 1</enbez></metadaten><textdaten><text format="XML"><Content><P>Dem in London am 7. Dezember 2011 unterzeichneten Abkommen zwischen der Bundesrepublik Deutschland und dem Vereinigten Königreich Großbritannien und Nordirland zur Vermeidung der Doppelbelastung bei der Bankenabgabe wird zugestimmt. Das Abkommen wird nachstehend veröffentlicht.</P></Content></text></textdaten></norm>
<norm builddate="20121107215505" doknr="BJNR123420012BJNE000200000"><metadaten><jurabk>DBBankAbkG GBR</jurabk><enbez>Art 2</enbez></metadaten><textdaten><text format="XML"><Content><P>Nach Artikel 7 Absatz 1 Buchstabe a des Abkommens auf die deutsche Bankenabgabe anzurechnende Beträge sind den betroffenen Kreditinstituten von der Bundesanstalt für Finanzmarktstabilisierung auf Antrag des betroffenen Kreditinstituts maximal bis zur Höhe der geleisteten deutschen Bankenabgabe zu erstatten.</P></Content></text></textdaten></norm>
<norm builddate="20121107215505" doknr="BJNR123420012BJNE000300000"><metadaten><jurabk>DBBankAbkG GBR</jurabk><enbez>Art 3</enbez></metadaten><textdaten><text format="XML"><Content><P>(1) Dieses Gesetz tritt am Tag nach der Verkündung in Kraft.</P><P>(2) Der Tag, an dem das Abkommen nach seinem Artikel 11 Absatz 2 in Kraft tritt, ist im Bundesgesetzblatt bekannt zu geben.</P></Content></text></textdaten></norm>
</dokumente>