<?xml version="1.0" encoding="UTF-8" ?><!DOCTYPE dokumente SYSTEM "http://www.gesetze-im-internet.de/dtd/1.01/gii-norm.dtd">
<dokumente builddate="20120625153528" doknr="BJNR202900977"><norm builddate="20120625153528" doknr="BJNR202900977"><metadaten><jurabk>RheinFuDVbgBek</jurabk><ausfertigung-datum manuell="ja">1977-03-28</ausfertigung-datum><fundstelle typ="amtlich"><periodikum>BGBl II</periodikum><zitstelle>1977, 290</zitstelle></fundstelle><langue>Bekanntmachung der Regionalen Vereinbarung über den Rheinfunkdienst</langue></metadaten><textdaten><text format="decorated"/></textdaten></norm>
</dokumente>