<?xml version="1.0" encoding="UTF-8" ?><!DOCTYPE dokumente SYSTEM "http://www.gesetze-im-internet.de/dtd/1.01/gii-norm.dtd">
<dokumente builddate="20131008093836" doknr="BJNR205390985"><norm builddate="20131008093836" doknr="BJNR205390985"><metadaten><jurabk>DSÜbk</jurabk><ausfertigung-datum manuell="ja">1981-01-28</ausfertigung-datum><fundstelle typ="amtlich"><periodikum>BGBl II</periodikum><zitstelle>1985, 539</zitstelle></fundstelle><langue>Übereinkommen zum Schutz des Menschen bei der automatischen Verarbeitung personenbezogener Daten</langue></metadaten><textdaten><text format="decorated"/><fussnoten><Content><P>G v. 13.3.1985 II 538 <BR/>Inkraft gem. Bek. v. 26.9.1985 II 1134 mWv 1.10.1985 <BR/>Zusatzprotokoll vom 8.11.2001 (BGBl. II 2002, 1882, 1887)</P></Content></fussnoten></textdaten></norm>
</dokumente>