<?xml version="1.0" encoding="UTF-8" ?><!DOCTYPE dokumente SYSTEM "http://www.gesetze-im-internet.de/dtd/1.01/gii-norm.dtd">
<dokumente builddate="20120625145725" doknr="BJNR220430967"><norm builddate="20120625145725" doknr="BJNR220430967"><metadaten><jurabk>RheinfallVtrSchlProt CHE</jurabk><ausfertigung-datum manuell="ja">1964-11-23</ausfertigung-datum><fundstelle typ="amtlich"><periodikum>BGBl II</periodikum><zitstelle>1967, 2043</zitstelle></fundstelle><langue>Schlußprotokoll zum Vertrag zwischen der Bundesrepublik Deutschland und
der Schweizerischen Eidgenossenschaft über die Bereinigung der Grenze im
Abschnitt Konstanz-Neuhausen am Rheinfall</langue></metadaten><textdaten><text format="decorated"/><fussnoten><Content><P>G v. 19.7.1967 II 2040 <BR/>Inkraft gem. Bek. v. 13.9.1967 II 2335 mWv 4.10.1967</P></Content></fussnoten></textdaten></norm>
</dokumente>