<?xml version="1.0" encoding="UTF-8" ?><!DOCTYPE dokumente SYSTEM "http://www.gesetze-im-internet.de/dtd/1.01/gii-norm.dtd">
<dokumente builddate="20151229215125" doknr="BJNR235700015"><norm builddate="20151229215125" doknr="BJNR235700015"><metadaten><jurabk>PKHB 2016</jurabk><amtabk>PKHB 2016</amtabk><ausfertigung-datum manuell="ja">2015-12-08</ausfertigung-datum><fundstelle typ="amtlich"><periodikum>BGBl I</periodikum><zitstelle>2015, 2357</zitstelle></fundstelle><kurzue>Prozesskostenhilfebekanntmachung 2016</kurzue><langue>Bekanntmachung zu § 115 der Zivilprozessordnung</langue></metadaten><textdaten><fussnoten><Content><P><BR/> <pre xml:space="preserve">(+++ Textnachweis ab: 23.12.2015 +++)<BR/><BR/></pre></P></Content></fussnoten></textdaten></norm>
<norm builddate="20151229215125" doknr="BJNR235700015BJNE000100000"><metadaten><jurabk>PKHB 2016</jurabk><enbez>(XXXX)</enbez></metadaten><textdaten><text format="XML"><Content><P>Auf Grund des § 115 Absatz 1 Satz 5 der Zivilprozessordnung in der Fassung der Bekanntmachung vom 5. Dezember 2005 (BGBl. I S. 3202; 2006 I S. 431; 2007 I S. 1781) wird bekannt gemacht:</P><P>Die ab dem 1. Januar 2016 maßgebenden Beträge, die nach § 115 Absatz 1 Satz 3 Nummer 1 Buchstabe b und Nummer 2 der Zivilprozessordnung vom Einkommen der Partei abzusetzen sind, betragen <DL Type="arabic"><DT>1.</DT><DD Font="normal"><LA>für Parteien, die ein Einkommen aus Erwerbstätigkeit erzielen (§ 115 Absatz 1 Satz 3 Nummer 1 Buchstabe b der Zivilprozessordnung), 213 Euro,</LA></DD><DT>2.</DT><DD Font="normal"><LA>für die Partei und ihren Ehegatten oder ihren Lebenspartner (§ 115 Absatz 1 Satz 3 Nummer 2 Buchstabe a der Zivilprozessordnung), 468 Euro,</LA></DD><DT>3.</DT><DD Font="normal"><LA>für jede weitere Person, der die Partei auf Grund gesetzlicher Unterhaltspflicht Unterhalt leistet, in Abhängigkeit von ihrem Alter (§ 115 Absatz 1 Satz 3 Nummer 2 Buchstabe b der Zivilprozessordnung): <DL Type="alpha"><DT>a)</DT><DD Font="normal"><LA>Erwachsene 374 Euro,</LA></DD><DT>b)</DT><DD Font="normal"><LA>Jugendliche vom Beginn des 15. bis zur Vollendung des 18. Lebensjahres 353 Euro,</LA></DD><DT>c)</DT><DD Font="normal"><LA>Kinder vom Beginn des siebten bis zur Vollendung des 14. Lebensjahres 309 Euro,</LA></DD><DT>d)</DT><DD Font="normal"><LA>Kinder bis zur Vollendung des sechsten Lebensjahres 272 Euro.</LA></DD></DL></LA></DD></DL></P></Content></text></textdaten></norm>
<norm builddate="20151229215126" doknr="BJNR235700015BJNE000200000"><metadaten><jurabk>PKHB 2016</jurabk><enbez>Schlussformel</enbez></metadaten><textdaten><text format="XML"><Content><P><SP>Der Bundesminister der Justiz und für Verbraucherschutz</SP></P></Content></text></textdaten></norm>
</dokumente>