<?xml version="1.0" encoding="UTF-8" ?><!DOCTYPE dokumente SYSTEM "http://www.gesetze-im-internet.de/dtd/1.01/gii-norm.dtd">
<dokumente builddate="20160623215506" doknr="BJNR018900972"><norm builddate="20160623215506" doknr="BJNR018900972"><metadaten><jurabk>WZG§4MLTBek 2</jurabk><ausfertigung-datum manuell="ja">1972-09-25</ausfertigung-datum><fundstelle typ="amtlich"><periodikum>BGBl I</periodikum><zitstelle>1972, 1890</zitstelle></fundstelle><langue>Bekanntmachung zu § 4 des Warenzeichengesetzes</langue></metadaten><textdaten><text format="XML"><Content><P/></Content></text><fussnoten><Content><P>(+++ Textnachweis ab:  4.10.1972 +++)</P></Content></fussnoten></textdaten></norm>
<norm builddate="20160623215506" doknr="BJNR018900972BJNE000100303"><metadaten><jurabk>WZG§4MLTBek 2</jurabk><enbez>(XXXX)</enbez></metadaten><textdaten><text format="XML"><Content><P>(1) Auf Grund des § 4 Abs. 2 Nr. 3 des Warenzeichengesetzes in der Fassung der Bekanntmachung vom 2. Januar 1968 (Bundesgesetzbl. I S. 1, 29), zuletzt geändert durch Gesetz vom 23. Juni 1970 (Bundesgesetzbl. I S. 805), wird in der Anlage ein Gewährzeichen bekanntgemacht, das in Malta eingeführt ist.</P><P>(2) Diese Bekanntmachung ergeht im Anschluß an die Bekanntmachung vom 1. August 1972 (Bundesgesetzblatt I S. 1389).</P></Content></text></textdaten></norm>
<norm builddate="20160623215506" doknr="BJNR018900972BJNE000900303"><metadaten><jurabk>WZG§4MLTBek 2</jurabk><enbez>Schlussformel</enbez></metadaten><textdaten><text format="XML"><Content><P>Der Bundesminister der Justiz</P></Content></text></textdaten></norm>
<norm builddate="20160623215506" doknr="BJNR018900972BJNE000200303"><metadaten><jurabk>WZG§4MLTBek 2</jurabk><enbez>Anlage</enbez></metadaten><textdaten><text format="XML"><Content><P><noindex><kommentar typ="Fundstelle">BGBl. I 1972, 1890)</kommentar></noindex><BR/><BR/><B>Gewährzeichen des maltesischen &quot;Board of Standards&quot;</B><IMG Align="center" Pos="block" SRC="bgbl1_1972_j1890_0010.jpg"/></P></Content></text></textdaten></norm>
</dokumente>