<?xml version="1.0" encoding="UTF-8" ?><!DOCTYPE dokumente SYSTEM "http://www.gesetze-im-internet.de/dtd/1.01/gii-norm.dtd">
<dokumente builddate="20130630214608" doknr="BJNR006800013"><norm builddate="20130630214608" doknr="BJNR006800013"><metadaten><jurabk>AARKZustAnO</jurabk><amtabk>AARKZustAnO</amtabk><ausfertigung-datum manuell="ja">2013-01-08</ausfertigung-datum><fundstelle typ="amtlich"><periodikum>BGBl I</periodikum><zitstelle>2013, 68</zitstelle></fundstelle><langue>Anordnung zur Übertragung von Zuständigkeiten für den Erlass von Widerspruchsbescheiden und für die Vertretung des Dienstherrn bei Klagen von Beschäftigten des Auswärtigen Amts in Reisekostenangelegenheiten</langue></metadaten><textdaten><fussnoten><Content><P><BR/> <pre xml:space="preserve">(+++ Textnachweis ab: 1.7.2013 +++)<BR/><BR/></pre></P></Content></fussnoten></textdaten></norm>
<norm builddate="20130630214608" doknr="BJNR006800013BJNE000100000"><metadaten><jurabk>AARKZustAnO</jurabk><enbez>Eingangsformel</enbez></metadaten><textdaten><text format="XML"><Content><P>Nach § 126 Absatz 3 Satz 2 und § 127 Absatz 3 Satz 1 des Bundesbeamtengesetzes vom 5. Februar 2009 (BGBl. I S. 160) ordnet das Auswärtige Amt an:</P></Content></text></textdaten></norm>
<norm builddate="20130630214608" doknr="BJNR006800013BJNE000200000"><metadaten><jurabk>AARKZustAnO</jurabk><enbez>I.</enbez></metadaten><textdaten><text format="XML"><Content><P>Dem Bundesverwaltungsamt wird die Befugnis übertragen, über Widersprüche von Beschäftigten des Auswärtigen Amts in Angelegenheiten nach dem Bundesreisekostengesetz und der Auslandsreisekostenverordnung zu entscheiden, soweit das Bundesverwaltungsamt den mit dem Widerspruch angefochtenen Verwaltungsakt erlassen hat oder den Erlass eines Verwaltungsaktes abgelehnt hat. Das Auswärtige Amt behält sich vor, im Einzelfall selbst zu entscheiden.</P></Content></text></textdaten></norm>
<norm builddate="20130630214608" doknr="BJNR006800013BJNE000300000"><metadaten><jurabk>AARKZustAnO</jurabk><enbez>II.</enbez></metadaten><textdaten><text format="XML"><Content><P>Dem Bundesverwaltungsamt wird die Vertretung der Bundesrepublik Deutschland in verwaltungsgerichtlichen Verfahren in Angelegenheiten nach Abschnitt I übertragen. Das Auswärtige Amt behält sich vor, im Einzelfall die Vertretung selbst wahrzunehmen.</P></Content></text></textdaten></norm>
<norm builddate="20130630214608" doknr="BJNR006800013BJNE000400000"><metadaten><jurabk>AARKZustAnO</jurabk><enbez>III.</enbez></metadaten><textdaten><text format="XML"><Content><P>Diese Anordnung tritt mit Wirkung vom 1. Juli 2012 in Kraft.</P></Content></text></textdaten></norm>
</dokumente>