<?xml version="1.0" encoding="UTF-8" ?><!DOCTYPE dokumente SYSTEM "http://www.gesetze-im-internet.de/dtd/1.01/gii-norm.dtd">
<dokumente builddate="20131008093503" doknr="BJNR007780985"><norm builddate="20131008093503" doknr="BJNR007780985"><metadaten><jurabk>DBPBeamtRAnO 1985</jurabk><ausfertigung-datum manuell="ja">1985-05-07</ausfertigung-datum><fundstelle typ="amtlich"><periodikum>BGBl I</periodikum><zitstelle>1985, 778</zitstelle></fundstelle><langue>Anordnung über die Übertragung von Befugnissen auf dem Gebiete des
Beamtenrechts im Bereich der Deutschen Bundespost und der Bundesdruckerei</langue></metadaten><textdaten><text format="XML"><Content><P/></Content></text><fussnoten><Content><P>(+++ Textnachweis ab: 24. 5.1985 +++) <BR/> <BR/>AnO jeweils teilweise aufgeh. durch AnO v. 28.2.1990 I 438 mWv 14.3.1990, <BR/>AnO v. 2.4.1990 I 752 mWv 25.4.1990, AnO v. 5.4.1990 I 754 mWv 25.4.1990 d. AnO v. 12.6.1990 I 1336 mWv 7.7.1990 und AnO v. 11.6.1990 I 2051 mWv 11.6.1990</P></Content></fussnoten></textdaten></norm>
<norm builddate="20131008093503" doknr="BJNR007780985BJNE000100326"><metadaten><jurabk>DBPBeamtRAnO 1985</jurabk><enbez>1.</enbez></metadaten><textdaten><text format="XML"><Content><P><DL Font="normal" Type="arabic"><DT>1.</DT><DD Font="normal"><LA Size="normal">Ich übertrage</LA><LA Size="normal">den Oberpostdirektionen,</LA><LA Size="normal">dem Fernmeldetechnischen Zentralamt,</LA><LA Size="normal">dem Posttechnischen Zentralamt,</LA><LA Size="normal">dem Sozialamt der Deutschen Bundespost,</LA><LA Size="normal">der Zentralstelle zur Entwicklung des Fernmeldewesens,</LA><LA Size="normal">dem Zentralamt für Zulassungen im Fernmeldewesen,</LA><LA Size="normal">den Fachhochschulen der Deutschen Bundespost,</LA><LA Size="normal">der Fachhochschule des Bundes für öffentliche Verwaltung, Fachbereich Post- und Fernmeldewesen und der Bundesdruckerei</LA><LA Size="normal">- je für ihren Geschäftsbereich - die Befugnis,</LA></DD>          <DT>1.1</DT><DD Font="normal"><LA Size="normal">nach § 70 des Bundesbeamtengesetzes über die Zustimmung zur Annahme von Belohnungen oder Geschenken zu entscheiden, die Beamten, auch nach Beendigung des Beamtenverhältnisses, in bezug auf ihr Amt gewährt werden,</LA></DD> <DT>1.2</DT><DD Font="normal"><LA Size="normal">nach § 8 Abs. 1 der Verordnung über die Gewährung von Jubiläumszuwendungen an Beamte und Richter des Bundes in der Fassung der Bekanntmachung vom 7. Mai 1965 (BGBl. I S. 410), zuletzt geändert durch <I>die Dritte Verordnung zur Änderung der Verordnung über die Gewährung von Jubiläumszuwendungen an Beamte und Richter des Bundes vom 22. Januar 1980 (BGBl. I S. 88),</I> Beamten Jubiläumszuwendungen zu gewähren oder zu versagen.</LA></DD> </DL></P></Content></text></textdaten></norm>
<norm builddate="20131008093503" doknr="BJNR007780985BJNE000200326"><metadaten><jurabk>DBPBeamtRAnO 1985</jurabk><enbez>2.</enbez></metadaten><textdaten><text format="XML"><Content><P>Bei Belohnungen oder Geschenken, die einem Beamten nach Beendigung des Beamtenverhältnisses gewährt werden, ist für Entscheidungen nach Abschnitt 1 Nr. 1.1 dieser Anordnung diejenige Behörde zuständig, deren Geschäftsbereich der Beamte zuletzt angehört hat.</P></Content></text></textdaten></norm>
<norm builddate="20131008093503" doknr="BJNR007780985BJNE000300326"><metadaten><jurabk>DBPBeamtRAnO 1985</jurabk><enbez>3.</enbez></metadaten><textdaten><text format="XML"><Content><P><DL Font="normal" Type="arabic"><DT>1.</DT><DD Font="normal"><LA Size="normal">Ich übertrage</LA><LA Size="normal">den Oberpostdirektionen - soweit sie sich für besondere Fälle die Entscheidung vorbehalten -,</LA><LA Size="normal">dem Fernmeldetechnischen Zentralamt,</LA><LA Size="normal">dem Posttechnischen Zentralamt,</LA><LA Size="normal">dem Sozialamt der Deutschen Bundespost,</LA><LA Size="normal">der Zentralstelle zur Entwicklung des Fernmeldewesens,</LA><LA Size="normal">dem Zentralamt für Zulassungen im Fernmeldewesen,</LA><LA Size="normal">den Fachhochschulen der Deutschen Bundespost,</LA><LA Size="normal">der Fachhochschule des Bundes für öffentliche Verwaltung, Fachbereich Post- und Fernmeldewesen,</LA><LA Size="normal">den Ämtern des Post- und Fernmeldewesens und der Bundesdruckerei</LA><LA Size="normal">- je für ihren Geschäftsbereich - die Befugnis,</LA></DD>           <DT>3.1</DT><DD Font="normal"><LA Size="normal">nach § 64 des Bundesbeamtengesetzes von einem Beamten die Übernahme und Fortführung einer Nebentätigkeit im öffentlichen Dienst zu verlangen,</LA></DD> <DT>3.2</DT><DD Font="normal"><LA Size="normal">nach § 65 Abs. 4 des Bundesbeamtengesetzes einem Beamten Nebentätigkeiten zu genehmigen und zu versagen sowie Genehmigungen zu widerrufen,</LA></DD> <DT>3.3</DT><DD Font="normal"><LA Size="normal">nach § 69a Abs. 3 Bundesbeamtengesetz, Ruhestandsbeamten und früheren Beamten mit Versorgungsbezügen die Aufnahme einer Beschäftigung oder Erwerbstätigkeit zu untersagen.</LA></DD> </DL></P></Content></text></textdaten></norm>
<norm builddate="20131008093503" doknr="BJNR007780985BJNE000400326"><metadaten><jurabk>DBPBeamtRAnO 1985</jurabk><enbez>4.</enbez></metadaten><textdaten><text format="XML"><Content><P>Soweit Ruhestandsbeamten und früheren Beamten mit Versorgungsbezügen die Aufnahme einer Beschäftigung oder Erwerbstätigkeit untersagt wird, ist für Entscheidungen nach Abschnitt 3 Nr. 3.3 dieser Anordnung diejenige Behörde zuständig, deren Geschäftsbereich der Ruhestandsbeamte und frühere Beamte mit Versorgungsbezügen vor Beendigung des Beamtenverhältnisses zuletzt angehört hat.</P></Content></text></textdaten></norm>
<norm builddate="20131008093503" doknr="BJNR007780985BJNE000500326"><metadaten><jurabk>DBPBeamtRAnO 1985</jurabk><enbez>5.</enbez></metadaten><textdaten><text format="XML"><Content><P>Ich bestimme, daß <BR/>die Oberpostdirektionen - soweit sie sich für besondere Fälle die Entscheidung vorbehalten -, <BR/>das Fernmeldetechnische Zentralamt, <BR/>das Posttechnische Zentralamt, <BR/>das Sozialamt der Deutschen Bundespost, <BR/>die Zentralstelle zur Entwicklung des Fernmeldewesens, <BR/>das Zentralamt für Zulassungen im Fernmeldewesen, <BR/>die Fachhochschulen der Deutschen Bundespost, <BR/>die Fachhochschule des Bundes für öffentliche Verwaltung, Fachbereich Post- und Fernmeldewesen, <BR/>die Ämter des Post- und Fernmeldewesens und <BR/>die Bundesdruckerei - je für ihren Geschäftsbereich - <BR/>nach § 60 des Bundesbeamtengesetzes einem Beamten aus zwingenden dienstlichen Gründen die Führung seiner Dienstgeschäfte verbieten dürfen.</P></Content></text></textdaten></norm>
<norm builddate="20131008093503" doknr="BJNR007780985BJNE000600326"><metadaten><jurabk>DBPBeamtRAnO 1985</jurabk><enbez>6.</enbez></metadaten><textdaten><text format="XML"><Content><P>Für besondere Fälle behalte ich mir Entscheidungen nach den Abschnitten 1 bis 5 dieser Anordnung vor.</P></Content></text></textdaten></norm>
<norm builddate="20131008093503" doknr="BJNR007780985BJNE000700326"><metadaten><jurabk>DBPBeamtRAnO 1985</jurabk><enbez>7.</enbez></metadaten><textdaten><text format="XML"><Content><P>Diese Anordnung tritt am Tage nach der Veröffentlichung im Bundesgesetzblatt in Kraft.</P></Content></text><fussnoten/></textdaten></norm>
<norm builddate="20131008093503" doknr="BJNR007780985BJNE000800326"><metadaten><jurabk>DBPBeamtRAnO 1985</jurabk><enbez>Schlußformel</enbez></metadaten><textdaten><text format="XML"><Content><P><SP>Der Bundesminister für das Post- und Fernmeldewesen</SP></P></Content></text></textdaten></norm>
</dokumente>