<?xml version="1.0" encoding="UTF-8" ?><!DOCTYPE dokumente SYSTEM "http://www.gesetze-im-internet.de/dtd/1.01/gii-norm.dtd">
<dokumente builddate="20210324212505" doknr="BJNR035900021"><norm builddate="20210324212505" doknr="BJNR035900021"><metadaten><jurabk>BEBußAktEV</jurabk><amtabk>BEBußAktEV</amtabk><ausfertigung-datum manuell="ja">2021-03-17</ausfertigung-datum><fundstelle typ="amtlich"><periodikum>BGBl I</periodikum><zitstelle>2021, 359</zitstelle></fundstelle><kurzue>Bundes-E-Bußgeldakten-Einführungsverordnung</kurzue><langue>Verordnung über den Zeitpunkt der Einführung der elektronischen Aktenführung in Bußgeldverfahren im Geschäftsbereich des Bundes</langue></metadaten><textdaten><fussnoten><Content><P><BR/> <pre xml:space="preserve">(+++ Textnachweis ab: 25.3.2021 +++)</pre></P></Content></fussnoten></textdaten></norm>
<norm builddate="20210324212505" doknr="BJNR035900021BJNE000100000"><metadaten><jurabk>BEBußAktEV</jurabk><enbez>Eingangsformel</enbez></metadaten><textdaten><text format="XML"><Content><P>Auf Grund des § 110a Absatz 1 Satz 2 und 3 des Gesetzes über Ordnungswidrigkeiten, der durch Artikel 8 Nummer 13 des Gesetzes vom 5. Juli 2017 (BGBl. I S. 2208) neu gefasst worden ist, verordnet die Bundesregierung:</P></Content></text></textdaten></norm>
<norm builddate="20210324212505" doknr="BJNR035900021BJNE000200000"><metadaten><jurabk>BEBußAktEV</jurabk><enbez>§ 1</enbez><titel format="XML">Anwendungsbereich</titel></metadaten><textdaten><text format="XML"><Content><P>Diese Verordnung gilt für die Führung elektronischer Bußgeldakten bei <DL Type="arabic"><DT>1.</DT><DD Font="normal"><LA>den Verwaltungsbehörden des Bundes, die als Bußgeldbehörden tätig sind,</LA></DD><DT>2.</DT><DD Font="normal"><LA>dem Generalbundesanwalt beim Bundesgerichtshof und</LA></DD><DT>3.</DT><DD Font="normal"><LA>dem Bundesgerichtshof.</LA></DD></DL></P></Content></text></textdaten></norm>
<norm builddate="20210324212505" doknr="BJNR035900021BJNE000300000"><metadaten><jurabk>BEBußAktEV</jurabk><enbez>§ 2</enbez><titel format="XML">Einführung der elektronischen Akte</titel></metadaten><textdaten><text format="XML"><Content><P>(1) Die Akten können ab dem 25. März 2021 elektronisch geführt werden.</P><P>(2) Die Präsidentin oder der Präsident des Bundesgerichtshofs, der Generalbundesanwalt beim Bundesgerichtshof sowie vorbehaltlich des Satzes 2 die jeweilige Leiterin oder der jeweilige Leiter der Verwaltungsbehörden des Bundes, die als Bußgeldbehörden tätig sind, bestimmen jeweils für ihren Bereich durch Verwaltungsanordnung die Verfahren, in denen die Bußgeldakten elektronisch geführt werden. Für die Hauptzollämter bestimmt die Präsidentin oder der Präsident der Generalzolldirektion diese Verfahren. Die Verwaltungsanordnungen sind im Bundesanzeiger bekannt zu machen und auf der Internetseite desjenigen zu veröffentlichen, der sie erlassen hat.</P></Content></text></textdaten></norm>
<norm builddate="20210324212505" doknr="BJNR035900021BJNE000400000"><metadaten><jurabk>BEBußAktEV</jurabk><enbez>§ 3</enbez><titel format="XML">Inkrafttreten</titel></metadaten><textdaten><text format="XML"><Content><P>Diese Verordnung tritt am Tag nach der Verkündung in Kraft.</P></Content></text></textdaten></norm>
</dokumente>