<?xml version="1.0" encoding="UTF-8" ?><!DOCTYPE dokumente SYSTEM "http://www.gesetze-im-internet.de/dtd/1.01/gii-norm.dtd">
<dokumente builddate="20120625150030" doknr="BJNR301439979"><norm builddate="20120625150030" doknr="BJNR301439979"><metadaten><jurabk>SeeSchIntÜbk1974Anl</jurabk><ausfertigung-datum manuell="ja">1974-11-01</ausfertigung-datum><fundstelle typ="amtlich"><periodikum>BGBl II</periodikum><zitstelle>1979, 141 [Anlageband Nr 8]</zitstelle></fundstelle><fundstelle typ="amtlich"><periodikum>GBl DDR</periodikum><zitstelle>1974, SDr 1015</zitstelle></fundstelle><langue>Anlage zum Internationalen Übereinkommen von 1974 zum Schutz des
menschlichen Lebens auf See</langue></metadaten><textdaten><text format="decorated"/><fussnoten><Content><P>V v. 11.1.1979 II 141 <BR/>Inkraft gem. Bek. v. 30.4.1980 II 717 mWv 25.5.1980 <BR/>In der DDR in Kraft getreten am 25.5.1980 gem. Bek. v. 27.8.1979, GBl. DDR II, Nr 1, 31. <BR/>Überschrift: ISPS-Code = Kapitel XI-2</P></Content></fussnoten></textdaten></norm>
</dokumente>