<?xml version="1.0" encoding="UTF-8" ?><!DOCTYPE dokumente SYSTEM "http://www.gesetze-im-internet.de/dtd/1.01/gii-norm.dtd">
<dokumente builddate="20120625154202" doknr="BJNR207710983"><norm builddate="20120625154202" doknr="BJNR207710983"><metadaten><jurabk>SchlTSchÜbk</jurabk><ausfertigung-datum manuell="ja">1979-05-10</ausfertigung-datum><fundstelle typ="amtlich"><periodikum>BGBl II</periodikum><zitstelle>1983, 771</zitstelle></fundstelle><langue>Europäisches Übereinkommen über den Schutz von Schlachttieren</langue></metadaten><textdaten><text format="decorated"/></textdaten></norm>
</dokumente>