<?xml version="1.0" encoding="UTF-8" ?><!DOCTYPE dokumente SYSTEM "http://www.gesetze-im-internet.de/dtd/1.01/gii-norm.dtd">
<dokumente builddate="20120625154339" doknr="BJNR207270970"><norm builddate="20120625154339" doknr="BJNR207270970"><metadaten><jurabk>RheinAusbVtr</jurabk><ausfertigung-datum manuell="ja">1969-07-04</ausfertigung-datum><fundstelle typ="amtlich"><periodikum>BGBl II</periodikum><zitstelle>1970, 727</zitstelle></fundstelle><langue>Vertrag zwischen der Bundesrepublik Deutschland und der Französischen
Republik über den Ausbau des Rheins zwischen Kehl/Straßburg und
Neuburgweier/Lauterburg</langue></metadaten><textdaten><text format="decorated"/><fussnoten><Content><P>G v. 10.7.1970 II 726 <BR/>Inkraft gem. Bek. v. 3.11.1970 II 1188 mWv 2.10.1970</P></Content></fussnoten></textdaten></norm>
</dokumente>