<?xml version="1.0" encoding="UTF-8" ?><!DOCTYPE dokumente SYSTEM "http://www.gesetze-im-internet.de/dtd/1.01/gii-norm.dtd">
<dokumente builddate="20231109213501" doknr="BJNR03D0B0023"><norm builddate="20231109213501" doknr="BJNR03D0B0023"><metadaten><jurabk>HopfV 2023</jurabk><ausfertigung-datum manuell="ja">2023-03-09</ausfertigung-datum><fundstelle typ="amtlich"><periodikum>BGBl I</periodikum><zitstelle>2023, Nr. 61</zitstelle></fundstelle><langue>Verordnung zur Durchführung unionsrechtlicher Vorschriften im Hopfensektor</langue><standangabe checked="ja"><standtyp>Stand</standtyp><standkommentar>Geändert durch Art. 3 V v. 4.11.2023 I Nr. 304</standkommentar></standangabe><standangabe checked="ja"><standtyp>Sonst</standtyp><standkommentar>Ersetzt V 7821-2-2 v. 27.1.2009 I 152 (HopfV)</standkommentar></standangabe></metadaten><textdaten><fussnoten><Content><P><BR/> <pre xml:space="preserve">(+++ Textnachweis ab: 15.3.2023 +++)<BR/>(+++ Zur Anwendung vgl. § 23 +++)<BR/><BR/></pre>Die V wurde als Artikel 1 der V v. 9.3.2023 I Nr. 61 vom Bundesministerium für Ernährung und Landwirtschaft im Einvernehmen mit dem Bundesministerium der Finanzen und dem Bundesministerium für Wirtschaft und Klimaschutz und mit Zustimmung des Bundesrats erlassen. Sie tritt gem. Art. 3 Satz 1 dieser V am 15.3.2023 in Kraft.</P></Content></fussnoten></textdaten></norm>
<norm builddate="20231109213501" doknr="BJNR03D0B0023BJNE000100000"><metadaten><jurabk>HopfV 2023</jurabk><enbez>Inhaltsübersicht</enbez></metadaten><textdaten><text format="XML"><Content><TOC><table colsep="0" frame="none" pgwide="1" rowsep="0" tocentry="%yes;"><tgroup align="left" char="" charoff="50" cols="2"><colspec colname="col1" colwidth="10*"/><colspec colname="col2" colwidth="155*"/><tbody valign="top"><row><entry VJ="1" colname="col1">§ 1</entry><entry VJ="1" colname="col2">Anwendungsbereich und Zuständigkeit</entry></row></tbody></tgroup></table><P/><Ident Class="S5">Abschnitt 1</Ident><P/><Title Align="auto" Class="S5">Zertifizierung</Title><P/><table colsep="0" frame="none" pgwide="1" rowsep="0" tocentry="%yes;"><tgroup align="left" char="" charoff="50" cols="2"><colspec colname="col1" colwidth="10*"/><colspec colname="col2" colwidth="155*"/><tbody valign="top"><row><entry VJ="1" colname="col1">§ 2</entry><entry VJ="1" colname="col2">Zertifizierungstermin</entry></row></tbody></tgroup></table><P/><Ident Class="S5">Abschnitt 2</Ident><P/><Title Align="auto" Class="S5">Förderfähige Flächen und Betriebsfonds</Title><P/><table colsep="0" frame="none" pgwide="1" rowsep="0" tocentry="%yes;"><tgroup align="left" char="" charoff="50" cols="2"><colspec colname="col1" colwidth="10*"/><colspec colname="col2" colwidth="155*"/><tbody valign="top"><row><entry VJ="1" colname="col1">§ 3</entry><entry VJ="1" colname="col2">Höchstbetrag der Beihilfe</entry></row><row><entry VJ="1" colname="col1">§ 4</entry><entry VJ="1" colname="col2">Betriebsfonds</entry></row></tbody></tgroup></table><P/><Ident Class="S5">Abschnitt 3</Ident><P/><Title Align="auto" Class="S5">Operationelle Programme</Title><P/><table colsep="0" frame="none" pgwide="1" rowsep="0" tocentry="%yes;"><tgroup align="left" char="" charoff="50" cols="2"><colspec colname="col1" colwidth="10*"/><colspec colname="col2" colwidth="155*"/><tbody valign="top"><row><entry VJ="1" colname="col1">§ 5</entry><entry VJ="1" colname="col2">Beantragung eines operationellen Programms</entry></row><row><entry VJ="1" colname="col1">§ 6</entry><entry VJ="1" colname="col2">Genehmigung eines operationellen Programms</entry></row><row><entry VJ="1" colname="col1">§ 7</entry><entry VJ="1" colname="col2">Durchführungszeitraum der operationellen Programme</entry></row><row><entry VJ="1" colname="col1">§ 8</entry><entry VJ="1" colname="col2">Änderung eines operationellen Programms</entry></row></tbody></tgroup></table><P/><Ident Class="S5">Abschnitt 4</Ident><P/><Title Align="auto" Class="S5">Gewährung der Beihilfe</Title><P/><table colsep="0" frame="none" pgwide="1" rowsep="0" tocentry="%yes;"><tgroup align="left" char="" charoff="50" cols="2"><colspec colname="col1" colwidth="10*"/><colspec colname="col2" colwidth="155*"/><tbody valign="top"><row><entry VJ="1" colname="col1">§ 9</entry><entry VJ="1" colname="col2">Beihilfeantrag</entry></row><row><entry VJ="1" colname="col1">§ 10</entry><entry VJ="1" colname="col2">Gewährung und Zahlung einer Beihilfe</entry></row><row><entry VJ="1" colname="col1">§ 11</entry><entry VJ="1" colname="col2">Anforderungen an die förderfähigen Hopfenflächen</entry></row><row><entry VJ="1" colname="col1">§ 12</entry><entry VJ="1" colname="col2">Einstellung eines operationellen Programms</entry></row><row><entry VJ="1" colname="col1">§ 13</entry><entry VJ="1" colname="col2">Zweckbindungsfrist</entry></row><row><entry VJ="1" colname="col1">§ 14</entry><entry VJ="1" colname="col2">Rechtswidrige Beihilfe</entry></row></tbody></tgroup></table><P/><Ident Class="S5">Abschnitt 5</Ident><P/><Title Align="auto" Class="S5">Pflichten</Title><P/><table colsep="0" frame="none" pgwide="1" rowsep="0" tocentry="%yes;"><tgroup align="left" char="" charoff="50" cols="2"><colspec colname="col1" colwidth="10*"/><colspec colname="col2" colwidth="155*"/><tbody valign="top"><row><entry VJ="1" colname="col1">§ 15</entry><entry VJ="1" colname="col2">Rechnungsführung</entry></row><row><entry VJ="1" colname="col1">§ 16</entry><entry VJ="1" colname="col2">Duldungs-, Mitwirkungs- und Aufbewahrungspflichten</entry></row><row><entry VJ="1" colname="col1">§ 17</entry><entry VJ="1" colname="col2">Mitteilungspflichten</entry></row></tbody></tgroup></table><P/><Ident Class="S5">Abschnitt 6</Ident><P/><Title Align="auto" Class="S5">Kontrollen</Title><P/><table colsep="0" frame="none" pgwide="1" rowsep="0" tocentry="%yes;"><tgroup align="left" char="" charoff="50" cols="2"><colspec colname="col1" colwidth="10*"/><colspec colname="col2" colwidth="155*"/><tbody valign="top"><row><entry VJ="1" colname="col1">§ 18</entry><entry VJ="1" colname="col2">Verwaltungskontrollen</entry></row><row><entry VJ="1" colname="col1">§ 19</entry><entry VJ="1" colname="col2">Vor-Ort-Kontrollen</entry></row><row><entry VJ="1" colname="col1">§ 20</entry><entry VJ="1" colname="col2">Berichte über Vor-Ort-Kontrollen</entry></row><row><entry VJ="1" colname="col1">§ 21</entry><entry VJ="1" colname="col2">Kontrollen zum Ausschluss einer regelwidrigen Doppelfinanzierung</entry></row><row><entry VJ="1" colname="col1">§ 22</entry><entry VJ="1" colname="col2">Kontrollen zur Einhaltung der Zweckbindung</entry></row></tbody></tgroup></table><P/><Ident Class="S5">Abschnitt 7</Ident><P/><Title Align="auto" Class="S5">Verwaltungssanktionen</Title><P/><table colsep="0" frame="none" pgwide="1" rowsep="0" tocentry="%yes;"><tgroup align="left" char="" charoff="50" cols="2"><colspec colname="col1" colwidth="10*"/><colspec colname="col2" colwidth="155*"/><tbody valign="top"><row><entry VJ="1" colname="col1">§ 23</entry><entry VJ="1" colname="col2">Verwaltungssanktionen bei Wegfall der Beihilfevoraussetzungen</entry></row><row><entry VJ="1" colname="col1">§ 24</entry><entry VJ="1" colname="col2">Verwaltungssanktionen bei Verstößen im Zusammenhang mit dem jährlichen Leistungsbericht</entry></row><row><entry VJ="1" colname="col1">§ 25</entry><entry VJ="1" colname="col2">Verwaltungssanktionen bei hinreichendem Verdacht von Straftaten und Ordnungswidrigkeiten</entry></row><row><entry VJ="1" colname="col1">§ 26</entry><entry VJ="1" colname="col2">Verwaltungssanktionen bei Verhinderung von Vor-Ort-Kontrollen und bei Verstoß gegen sonstige Pflichten</entry></row><row><entry VJ="1" colname="col1">§ 27</entry><entry VJ="1" colname="col2">Kürzung bei verspäteter Antragstellung</entry></row><row><entry VJ="1" colname="col1">§ 28</entry><entry VJ="1" colname="col2">Aufrechnung</entry></row><row><entry VJ="1" colname="col1">§ 29</entry><entry VJ="1" colname="col2">Ausnahmen bei höherer Gewalt und außergewöhnlichen Umständen</entry></row></tbody></tgroup></table><P/><Ident Class="S5">Abschnitt 8</Ident><P/><Title Align="auto" Class="S5">Schlussbestimmungen</Title><P/><table colsep="0" frame="none" pgwide="1" rowsep="0" tocentry="%yes;"><tgroup align="left" char="" charoff="50" cols="2"><colspec colname="col1" colnum="1" colwidth="10*"/><colspec colname="col2" colnum="2" colwidth="155*"/><tbody valign="top"><row><entry VJ="1" colname="col1">§ 30</entry><entry VJ="1" colname="col2">Muster und Formulare</entry></row><row><entry VJ="1" colname="col1">§ 31</entry><entry VJ="1" colname="col2">Datenverarbeitung und Datenübermittlung</entry></row></tbody></tgroup></table></TOC></Content></text></textdaten></norm>
<norm builddate="20231109213501" doknr="BJNR03D0B0023BJNE000200000"><metadaten><jurabk>HopfV 2023</jurabk><enbez>§ 1</enbez><titel format="XML">Anwendungsbereich und Zuständigkeit</titel></metadaten><textdaten><text format="XML"><Content><P>(1) Die Vorschriften dieser Verordnung gelten für die Durchführung der Rechtsakte der Europäischen Gemeinschaft oder der Europäischen Union (Unionsrecht) <DL Type="arabic"><DT>1.</DT><DD Font="normal"><LA>über <DL Type="alpha"><DT>a)</DT><DD Font="normal"><LA>die Zertifizierung,</LA></DD><DT>b)</DT><DD Font="normal"><LA>das Bescheinigungsverfahren,</LA></DD><DT>c)</DT><DD Font="normal"><LA>die Kontrolle nicht der Zertifizierung unterliegender Erzeugnisse,</LA></DD><DT>d)</DT><DD Font="normal"><LA>die Verarbeitung,</LA></DD><DT>e)</DT><DD Font="normal"><LA>das Vermischen,</LA></DD><DT>f)</DT><DD Font="normal"><LA>die Behandlung und</LA></DD><DT>g)</DT><DD Font="normal"><LA>das Inverkehrbringen</LA></DD></DL>der Erzeugnisse, die der gemeinsamen Marktorganisation für landwirtschaftliche Erzeugnisse für den Sektor Hopfen unterliegen, sowie</LA></DD><DT>2.</DT><DD Font="normal"><LA>über die Gewährung und Kontrolle von Vergünstigungen (Beihilfen) an anerkannte Erzeugerorganisationen im Sektor Hopfen im Rahmen der Regelungen über die Strategiepläne der Gemeinsamen Agrarpolitik (GAP-Strategiepläne).</LA></DD></DL></P><P>(2) Die Bundesanstalt für Landwirtschaft und Ernährung (Bundesanstalt) ist zuständig für die Durchführung des Unionsrechts und dieser Verordnung, soweit in dieser Verordnung nicht anderes bestimmt ist.</P></Content></text></textdaten></norm>
<norm builddate="20231109213501" doknr="BJNR03D0B0023BJNG000100000"><metadaten><jurabk>HopfV 2023</jurabk><gliederungseinheit><gliederungskennzahl>010</gliederungskennzahl><gliederungsbez>Abschnitt 1</gliederungsbez><gliederungstitel>Zertifizierung</gliederungstitel></gliederungseinheit></metadaten><textdaten/></norm>
<norm builddate="20231109213501" doknr="BJNR03D0B0023BJNE000300000"><metadaten><jurabk>HopfV 2023</jurabk><enbez>§ 2</enbez><titel format="XML">Zertifizierungstermin</titel></metadaten><textdaten><text format="XML"><Content><P>(1) Der Endtermin für die Zertifizierung von Rohhopfen nach Artikel 6 Absatz 2 der Verordnung (EG) Nr. 1850/2006 der Kommission vom 14. Dezember 2006 mit Durchführungsbestimmungen für die Zertifizierung von Hopfen und Hopfenerzeugnissen (ABl. L 355 vom 15.12.2006, S. 72), die zuletzt durch die Verordnung (EU) Nr. 519/2013 (ABl. L 158 vom 10.6.2013, S. 74) geändert worden ist, ist der 15. November des jeweiligen Erntejahres.</P><P>(2) Soweit die Zertifizierung betroffen ist, sind die nach Landesrecht zuständigen Stellen zuständig.</P></Content></text></textdaten></norm>
<norm builddate="20231109213501" doknr="BJNR03D0B0023BJNG000200000"><metadaten><jurabk>HopfV 2023</jurabk><gliederungseinheit><gliederungskennzahl>020</gliederungskennzahl><gliederungsbez>Abschnitt 2</gliederungsbez><gliederungstitel>Förderfähige Flächen und Betriebsfonds</gliederungstitel></gliederungseinheit></metadaten><textdaten/></norm>
<norm builddate="20231109213501" doknr="BJNR03D0B0023BJNE000400000"><metadaten><jurabk>HopfV 2023</jurabk><enbez>§ 3</enbez><titel format="XML">Höchstbetrag der Beihilfe</titel></metadaten><textdaten><text format="XML"><Content><P>Der Höchstbetrag der Beihilfe der Union wird entsprechend Artikel 62 Absatz 1 der Verordnung (EU) 2021/2115 des Europäischen Parlaments und des Rates vom 2. Dezember 2021 mit Vorschriften für die Unterstützung der von den Mitgliedstaaten im Rahmen der Gemeinsamen Agrarpolitik zu erstellenden und durch den Europäischen Garantiefonds für die Landwirtschaft (EGFL) und den Europäischen Landwirtschaftsfonds für die Entwicklung des ländlichen Raums (ELER) zu finanzierenden Strategiepläne (GAP-Strategiepläne) und zur Aufhebung der Verordnung (EU) Nr. 1305/2013 sowie der Verordnung (EU) Nr. 1307/2013 (ABl. L 435 vom 6.12.2021, S. 1), die zuletzt durch die Delegierte Verordnung (EU) 2022/648 (ABl. L 119 vom 21.4.2022, S. 1) geändert worden ist, in Verbindung mit Artikel 43 der Delegierten Verordnung (EU) 2022/126 der Kommission vom 7. Dezember 2021 zur Ergänzung der Verordnung (EU) 2021/2115 des Europäischen Parlaments und des Rates um zusätzliche Anforderungen für bestimmte, von den Mitgliedstaaten in ihren GAP-Strategieplänen für den Zeitraum 2023 bis 2027 gemäß der genannten Verordnung festgelegte Interventionskategorien sowie um Vorschriften über den Anteil für den Standard für den guten landwirtschaftlichen und ökologischen Zustand (GLÖZ-Standard) Nr. 1 (ABl. L 20 vom 31.1.2022, S. 52) berechnet.</P></Content></text></textdaten></norm>
<norm builddate="20231109213501" doknr="BJNR03D0B0023BJNE000501119"><metadaten><jurabk>HopfV 2023</jurabk><enbez>§ 4</enbez><titel format="XML">Betriebsfonds</titel></metadaten><textdaten><text format="XML"><Content><P>(1) Der Betriebsfonds ist über eine Finanzbuchhaltung zu verwalten, die es ermöglicht, alle Ausgaben und Einnahmen im Rahmen des Betriebsfonds zu erkennen. Werden aus dem Betriebsfonds ein oder mehrere operationelle Programme oder Teilprogramme finanziert, müssen die jeweiligen finanziellen Beteiligungen für jedes operationelle Programm oder Teilprogramm getrennt ausgewiesen werden.</P><P>(2) Die Finanzbuchhaltung ist jährlich von einer Einrichtung, die für die Prüfung von Jahresabschlüssen gesetzlich zugelassen ist, zu prüfen und zu bestätigen. Die Bestätigung muss die Angabe enthalten, dass die Finanzbuchhaltung den Bestimmungen des Absatzes 1 genügt. Der schriftliche Bericht über die Prüfung und die Bestätigung der Prüfungseinrichtung ist der Bundesanstalt unverzüglich nach Abschluss der Prüfung, spätestens aber mit dem Beihilfeantrag, vorzulegen.</P></Content></text><fussnoten/></textdaten></norm>
<norm builddate="20231109213501" doknr="BJNR03D0B0023BJNG000300000"><metadaten><jurabk>HopfV 2023</jurabk><gliederungseinheit><gliederungskennzahl>030</gliederungskennzahl><gliederungsbez>Abschnitt 3</gliederungsbez><gliederungstitel>Operationelle Programme</gliederungstitel></gliederungseinheit></metadaten><textdaten/></norm>
<norm builddate="20231109213501" doknr="BJNR03D0B0023BJNE000600000"><metadaten><jurabk>HopfV 2023</jurabk><enbez>§ 5</enbez><titel format="XML">Beantragung eines operationellen Programms</titel></metadaten><textdaten><text format="XML"><Content><P>(1) Ein operationelles Programm ist von einer anerkannten Erzeugerorganisation unter Vorlage der erforderlichen Unterlagen bis spätestens 31. März des Jahres des Beginns der Durchführung des Programms der Bundesanstalt schriftlich oder elektronisch zur Genehmigung vorzulegen. Die Bundesanstalt kann auf Antrag zur Vermeidung einer unbilligen Härte die Frist zur Vorlage der operationellen Programme bis zum 30. April des Jahres nach Satz 1 verlängern.</P><P>(2) Für die Beantragung eines operationellen Programms sind folgende Unterlagen und Angaben erforderlich: <DL Type="arabic"><DT>1.</DT><DD Font="normal"><LA>der Nachweis, dass ein Betriebsfonds eingerichtet wurde,</LA></DD><DT>2.</DT><DD Font="normal"><LA>eine Beschreibung der Ausgangssituation,</LA></DD><DT>3.</DT><DD Font="normal"><LA>die Zielsetzungen des operationellen Programms mit einer Erläuterung, wie das Programm zu den Zielen des nationalen GAP-Strategieplans beitragen soll, und die Bestätigung, dass es mit diesen übereinstimmt,</LA></DD><DT>4.</DT><DD Font="normal"><LA>messbare Endziele, um die Beurteilung der Fortschritte bei der Programmdurchführung zu erleichtern,</LA></DD><DT>5.</DT><DD Font="normal"><LA>die vorgeschlagenen Maßnahmen,</LA></DD><DT>6.</DT><DD Font="normal"><LA>die Laufzeit des Programms,</LA></DD><DT>7.</DT><DD Font="normal"><LA>die finanziellen Aspekte, insbesondere für jedes Durchführungsjahr des Programms, der Finanzierungs- und Zeitplan für die Vorhaben,</LA></DD><DT>8.</DT><DD Font="normal"><LA>die schriftliche Zusicherung der anerkannten Erzeugerorganisation, dass sie einhalten wird die Bestimmungen der <DL Type="alpha"><DT>a)</DT><DD Font="normal"><LA>Verordnung (EU) 2021/2115 des Europäischen Parlaments und des Rates vom 2. Dezember 2021 mit Vorschriften für die Unterstützung der von den Mitgliedstaaten im Rahmen der Gemeinsamen Agrarpolitik zu erstellenden und durch den Europäischen Garantiefonds für die Landwirtschaft (EGFL) und den Europäischen Landwirtschaftsfonds für die Entwicklung des ländlichen Raums (ELER) zu finanzierenden Strategiepläne (GAP-Strategiepläne) und zur Aufhebung der Verordnung (EU) Nr. 1305/2013 sowie der Verordnung (EU) Nr. 1307/2013 (ABl. L 435 vom 6.12.2021, S. 1), die durch die Delegierte Verordnung (EU) 2022/648 (ABl. L 119 vom 21.4.2022, S. 1), geändert worden ist,</LA></DD><DT>b)</DT><DD Font="normal"><LA>der Delegierten Verordnung (EU) 2022/126 und der vorliegenden Verordnung und</LA></DD></DL></LA></DD><DT>9.</DT><DD Font="normal"><LA>die schriftliche Zusicherung der anerkannten Erzeugerorganisation, dass sie weder mittelbar noch unmittelbar eine andere Unionsfinanzierung oder nationale Finanzierung für Maßnahmen beantragt oder erhalten hat oder beantragen oder erhalten wird, die im Rahmen der Verordnung (EU) 2021/2115 in Betracht kommen.</LA></DD></DL></P><P>(3) In dem operationellen Programm ist anzugeben, inwieweit die vorgesehenen Maßnahmen andere Maßnahmen ergänzen und mit diesen im Einklang stehen, einschließlich Maßnahmen, die aus anderen Mitteln der Union und genehmigten Absatzförderungsprogrammen finanziert werden oder für eine solche Förderung in Betracht kommen. Dabei sind gegebenenfalls auch die im Rahmen früherer operationeller Programme durchgeführten Maßnahmen anzugeben.</P><P>(4) Abweichend von Absatz 1 kann eine juristische Person, die noch nicht als Erzeugerorganisation anerkannt ist, ein operationelles Programm zur Genehmigung vorlegen, sofern sie bei der zuständigen Stelle gleichzeitig einen Antrag auf Anerkennung als Erzeugerorganisation stellt. Im Fall des Satzes 1 hat sie dem Antrag eine Kopie des Antrags auf Anerkennung als Erzeugerorganisation beizufügen.</P><P>(5) Die Gewährung von Ruhegehältern oder ruhegehaltsähnlichen Zahlungen darf nicht Gegenstand eines operationellen Programms sein.</P></Content></text></textdaten></norm>
<norm builddate="20231109213501" doknr="BJNR03D0B0023BJNE000700000"><metadaten><jurabk>HopfV 2023</jurabk><enbez>§ 6</enbez><titel format="XML">Genehmigung eines operationellen Programms</titel></metadaten><textdaten><text format="XML"><Content><P>(1) Die Bundesanstalt hat über die Genehmigung des operationellen Programms und des Betriebsfonds bis zum 30. Juni des Jahres der Vorlage des Antrages zu entscheiden; es sei denn, im Falle des § 5 Absatz 4 liegt die Anerkennung als Erzeugerorganisation noch nicht vor. Die Bundesanstalt kann die Genehmigung mit Bedingungen oder Auflagen verbinden. Im Fall des § 5 Absatz 1 Satz 2 hat die Bundesanstalt bis zum 31. Juli des Jahres über die Vorlage des Antrages zu entscheiden.</P><P>(2) Im Fall der Vorlage eines operationellen Programms nach § 5 Absatz 4 darf das operationelle Programm abweichend von Absatz 1 erst nach der Anerkennung als Erzeugerorganisation genehmigt werden.</P></Content></text></textdaten></norm>
<norm builddate="20231109213501" doknr="BJNR03D0B0023BJNE000801119"><metadaten><jurabk>HopfV 2023</jurabk><enbez>§ 7</enbez><titel format="XML">Durchführungszeitraum der operationellen Programme</titel></metadaten><textdaten><text format="XML"><Content><P>(1) Ein operationelles Programm ist in Jahrestranchen durchzuführen, die jeweils ein Kalenderjahr umfassen.</P><P>(2) Die Durchführung eines bis zum 31. Juli genehmigten operationellen Programms beginnt rückwirkend am 1. Januar des laufenden Jahres.</P></Content></text><fussnoten/></textdaten></norm>
<norm builddate="20231109213501" doknr="BJNR03D0B0023BJNE000900000"><metadaten><jurabk>HopfV 2023</jurabk><enbez>§ 8</enbez><titel format="XML">Änderung eines operationellen Programms</titel></metadaten><textdaten><text format="XML"><Content><P>(1) Änderungen des operationellen Programms und des Betriebsfonds des laufenden Programmjahres können höchstens einmal im Jahr schriftlich oder elektronisch unter Beifügung der erforderlichen Unterlagen spätestens bis zum 30. September bei der Bundesanstalt beantragt werden. Erforderliche Unterlagen im Sinne des Satzes 1 sind Belege, aus denen Gründe, Art und Auswirkungen dieser Änderungen hervorgehen.</P><P>(2) Von einer anerkannten Erzeugerorganisation können auf deren eigene finanzielle Verantwortung innerhalb eines Jahres und ohne vorherige Genehmigung folgende Änderungen des operationellen Programms vorgenommen werden: <DL Type="arabic"><DT>1.</DT><DD Font="normal"><LA>das operationelle Programm nur teilweise durchzuführen,</LA></DD><DT>2.</DT><DD Font="normal"><LA>die in dem genehmigten Programm für die Jahrestranche aufgeführten Ausgaben für einzelne Maßnahmen um bis zu 30 Prozent zu überschreiten, soweit es sich nicht um inhaltliche Änderungen der Maßnahmen handelt.</LA></DD></DL></P><P>(3) Anträge zur Änderung von operationellen Programmen für nachfolgende Jahre sind bis zum 31. Oktober des laufenden Jahres zu stellen.</P><P>(4) Die Bundesanstalt hat über die in Absatz 1 Satz 1 und Absatz 3 genannten Anträge bis zum 15. Dezember des laufenden Jahres zu entscheiden.</P></Content></text></textdaten></norm>
<norm builddate="20231109213501" doknr="BJNR03D0B0023BJNG000400000"><metadaten><jurabk>HopfV 2023</jurabk><gliederungseinheit><gliederungskennzahl>040</gliederungskennzahl><gliederungsbez>Abschnitt 4</gliederungsbez><gliederungstitel>Gewährung der Beihilfe</gliederungstitel></gliederungseinheit></metadaten><textdaten/></norm>
<norm builddate="20231109213501" doknr="BJNR03D0B0023BJNE001001119"><metadaten><jurabk>HopfV 2023</jurabk><enbez>§ 9</enbez><titel format="XML">Beihilfeantrag</titel></metadaten><textdaten><text format="XML"><Content><P>(1) Die Beihilfe wird auf Antrag durch Bescheid gewährt.</P><P>(2) Ein Beihilfeantrag ist bis zum 15. September eines jeden Jahres bei der Bundesanstalt schriftlich oder elektronisch einzureichen. Zur Vermeidung einer unbilligen Härte kann die Bundesanstalt nach dem in Satz 1 festgesetzten Zeitpunkt eingereichte Anträge bis spätestens 30. September annehmen.</P><P>(3) Einem Beihilfeantrag nach Absatz 2 sind folgende Unterlagen, Belege, Zusicherungen und Angaben beizufügen: <DL Font="normal" Type="arabic"><DT>1.</DT><DD Font="normal"><LA Size="normal">die Namen und Anschriften aller Mitglieder der Erzeugerorganisation des laufenden Erntejahres (Beihilfejahres) und im Falle von Erzeugern zusätzlich deren Betriebsnummer nach der <I>GAPInVeKoS-Verordnung</I> sowie die Betriebsnummer der Erzeugerorganisation,</LA></DD><DT>2.</DT><DD Font="normal"><LA Size="normal">Belege über die gesamten förderfähigen Flächen gemäß § 11, getrennt für jeden einzelnen Erzeuger,</LA></DD><DT>3.</DT><DD Font="normal"><LA Size="normal">Belege über die im Rahmen des operationellen Programms beabsichtigten und getätigten Ausgaben,</LA></DD><DT>4.</DT><DD Font="normal"><LA Size="normal">eine schriftliche oder elektronische Zusicherung der Erzeugerorganisation, dass sie keine Unions- oder nationale Doppelfinanzierung für Maßnahmen oder Vorgänge erhalten hat, die im Rahmen der Verordnung (EU) 2021/2115 in der jeweils geltenden Fassung, für eine Beihilfe im Hopfensektor in Betracht kommen, und</LA></DD><DT>5.</DT><DD Font="normal"><LA Size="normal">die für den Leistungsbericht nach Artikel 134 der Verordnung (EU) 2021/2115 erforderlichen Angaben.</LA></DD></DL></P><P>(4) Der Beihilfeantrag kann sich auf geplante, jedoch nicht getätigte Ausgaben beziehen.</P><P>(5) Ein Beihilfeantrag kann auch gestellt werden für Investitionen, die <DL Font="normal" Type="arabic"><DT>1.</DT><DD Font="normal"><LA Size="normal">während der Laufzeit eines genehmigten operationellen Programms begonnen werden und</LA></DD><DT>2.</DT><DD Font="normal"><LA Size="normal">in einem Zeitraum von höchstens zwei Jahren nach dem Ende der Laufzeit des genehmigten operationellen Programms abgeschlossen sein müssen.</LA></DD></DL>Die Bundesanstalt hat die Entscheidung über den Antrag nach Satz 1 mit der Auflage zu versehen, dass das genehmigte operationelle Programm, das zu diesem Zeitpunkt noch nicht genehmigt sein muss, diese Investition zu enthalten hat.</P></Content></text><fussnoten><Content><P>§ 9 Abs. 3 Nr. 1 Kursivdruck: Wegen offensichtlicher Unrichtigkeit wird die Angabe &quot;GAP-InVeKoS-Verordnung&quot; durch die zutreffende amtliche Kurzbezeichnung &quot;GAPInVeKoS-Verordnung&quot; ersetzt</P></Content></fussnoten></textdaten></norm>
<norm builddate="20231109213501" doknr="BJNR03D0B0023BJNE001100000"><metadaten><jurabk>HopfV 2023</jurabk><enbez>§ 10</enbez><titel format="XML">Gewährung und Zahlung einer Beihilfe</titel></metadaten><textdaten><text format="XML"><Content><P>(1) Die Bundesanstalt soll über die Gewährung einer Beihilfe innerhalb von zwölf Wochen nach Antragseingang entscheiden.</P><P>(2) Die Bundesanstalt hat die Beihilfe bis spätestens 31. Dezember des Antragsjahres auszuzahlen.</P><P>(3) Aufgrund einer nach dem 1. Januar 2023 erfolgten Bewilligung ausgezahlte Mittel, die nicht binnen eines Jahres gebunden sind, sind unverzüglich an die Zahlstelle zurückzuzahlen.</P></Content></text></textdaten></norm>
<norm builddate="20231109213501" doknr="BJNR03D0B0023BJNE001200000"><metadaten><jurabk>HopfV 2023</jurabk><enbez>§ 11</enbez><titel format="XML">Anforderungen an die förderfähigen Hopfenflächen</titel></metadaten><textdaten><text format="XML"><Content><P>(1) Förderfähige Hopfenanbauflächen müssen zum Zeitpunkt der Stellung des Beihilfeantrages durch die anerkannten Erzeugerorganisationen mit einer gleichmäßigen Pflanzdichte von mindestens 1 500 Pflanzen je Hektar bei doppelter Aufleitung oder mindestens 2 000 Pflanzen je Hektar bei einfacher Aufleitung bepflanzt sein.</P><P>(2) Förderfähige Flächen dürfen nur die durch die Linie der äußeren Verankerungsdrähte der Traggerüste begrenzten Flächen umfassen. Sofern sich auf dieser Begrenzungslinie Reben befinden, darf beiderseits der förderfähigen Fläche ein zusätzlicher Streifen in einer Breite vorgesehen werden, die der durchschnittlichen Breite einer Fahrgasse innerhalb dieser Parzelle entspricht. Der zusätzliche Streifen darf nicht zu einem öffentlichen Weg gehören. Die beiden, für das Wenden der Landmaschinen notwendigen, Vorgewende an den beiden Enden der Hopfenreihen dürfen Teil der förderfähigen Fläche sein, sofern diese Vorgewende <DL Type="arabic"><DT>1.</DT><DD Font="normal"><LA>nicht länger als acht Meter sind,</LA></DD><DT>2.</DT><DD Font="normal"><LA>nur einmal gezählt werden und</LA></DD><DT>3.</DT><DD Font="normal"><LA>nicht zu einem öffentlichen Weg gehören.</LA></DD></DL></P><P>(3) Flächen, die mit Hopfenfechsern bepflanzt sind, die in erster Linie als Pflanzschulerzeugnisse angebaut werden, sind nicht förderfähig.</P></Content></text></textdaten></norm>
<norm builddate="20231109213501" doknr="BJNR03D0B0023BJNE001300000"><metadaten><jurabk>HopfV 2023</jurabk><enbez>§ 12</enbez><titel format="XML">Einstellung eines operationellen Programms</titel></metadaten><textdaten><text format="XML"><Content><P>(1) Stellt eine anerkannte Erzeugerorganisation die Durchführung ihres operationellen Programms vor dem Ende der geplanten Laufzeit ein, dürfen ab dem Zeitpunkt der Einstellung keine weiteren Beihilfen ausgezahlt werden.</P><P>(2) Ausgezahlte Beihilfen, die für förderfähige Maßnahmen gewährt wurden, die vor Einstellung des operationellen Programms durchgeführt wurden, sind nicht zurückzufordern, sofern <DL Type="arabic"><DT>1.</DT><DD Font="normal"><LA>zum Zeitpunkt der Einstellung die Ziele der im operationellen Programm vorgesehenen Maßnahmen erreicht waren und</LA></DD><DT>2.</DT><DD Font="normal"><LA>die Investitionsobjekte, die mit Mitteln des Betriebsfonds finanziert wurden, mindestens bis zum Ende ihrer Zweckbindungsfrist im Besitz der anerkannten Erzeugerorganisation oder ihrer Mitglieder verbleiben und von diesen weiter genutzt werden.</LA></DD></DL></P></Content></text></textdaten></norm>
<norm builddate="20231109213501" doknr="BJNR03D0B0023BJNE001400000"><metadaten><jurabk>HopfV 2023</jurabk><enbez>§ 13</enbez><titel format="XML">Zweckbindungsfrist</titel></metadaten><textdaten><text format="XML"><Content><P>Für alle im Rahmen einer Beihilfe nach der Verordnung (EU) 2021/2115 und der Verordnung (EU) Nr. 1308/2013 geförderten Investitionen gilt eine Zweckbindungsfrist von fünf Jahren. Die Zweckbindungsfrist beginnt mit der letzten Auszahlung. Innerhalb des Zeitraumes von fünf Jahren müssen Investitionen gemäß der im betreffenden genehmigten operationellen Programm beschriebenen Bestimmung verwendet werden. Dies bedeutet, dass eine zweckentsprechende Nutzung der Investition erfolgen muss und sich weder die Eigentums- und/oder Besitzverhältnisse verändern dürfen, noch die Betriebstätigkeit aufgegeben werden darf.</P></Content></text></textdaten></norm>
<norm builddate="20231109213501" doknr="BJNR03D0B0023BJNE001500000"><metadaten><jurabk>HopfV 2023</jurabk><enbez>§ 14</enbez><titel format="XML">Rechtswidrige Beihilfe</titel></metadaten><textdaten><text format="XML"><Content><P>(1) Die Gewährung einer Beihilfe ist rechtswidrig, sofern <DL Type="arabic"><DT>1.</DT><DD Font="normal"><LA>die anerkannte Erzeugerorganisation ihre Tätigkeit innerhalb der Zweckbindungsfrist im Sinne des § 13 Satz 1 einstellt;</LA></DD><DT>2.</DT><DD Font="normal"><LA>das Investitionsobjekt vor Ablauf der Zweckbindungsfrist nach § 13 Satz 1 verkauft, aber nicht ersetzt wird;</LA></DD><DT>3.</DT><DD Font="normal"><LA>die anerkannte Erzeugerorganisation innerhalb der Zweckbindungsfrist im Sinne des § 13 Satz 1 ihre Produktionstätigkeit außerhalb ihres geographischen Anbaugebiets verlagert;</LA></DD><DT>4.</DT><DD Font="normal"><LA>sich innerhalb der Zweckbindungsfrist im Sinne des § 13 Satz 1 die Art, die Ziele oder die Durchführungsbedingungen wesentlich ändern, so dass die ursprünglichen Ziele beeinträchtigt werden.</LA></DD></DL></P><P>(2) Die Gewährung einer Beihilfe für mehrjährige Ziele ist rechtswidrig, sofern diese Ziele und ein erwarteter Nutzen mehrjähriger Verpflichtungen, wie etwa bei umweltbezogenen Zielen im Sinne des Artikels 46 Buchstabe d, e, f der Verordnung (EU) 2021/2115 in der jeweils geltenden Fassung, wegen einer Unterbrechung der Maßnahmen nicht erreicht werden können.</P></Content></text></textdaten></norm>
<norm builddate="20231109213501" doknr="BJNR03D0B0023BJNG000500000"><metadaten><jurabk>HopfV 2023</jurabk><gliederungseinheit><gliederungskennzahl>050</gliederungskennzahl><gliederungsbez>Abschnitt 5</gliederungsbez><gliederungstitel>Pflichten</gliederungstitel></gliederungseinheit></metadaten><textdaten/></norm>
<norm builddate="20231109213501" doknr="BJNR03D0B0023BJNE001600000"><metadaten><jurabk>HopfV 2023</jurabk><enbez>§ 15</enbez><titel format="XML">Rechnungsführung</titel></metadaten><textdaten><text format="XML"><Content><P>(1) Die im Rahmen des operationellen Programms getätigten Ausgaben sind durch Rechnungen und Zahlungsnachweise zu belegen. Rechnungen müssen auf den Namen der anerkannten Erzeugerorganisation oder auf den Namen eines oder mehrerer ihrer angeschlossenen Erzeuger ausgestellt sein.</P><P>(2) Für die förderfähigen Personalkosten müssen die Rechnungen auf den Namen der anerkannten Erzeugerorganisation ausgestellt sein.</P></Content></text></textdaten></norm>
<norm builddate="20231109213501" doknr="BJNR03D0B0023BJNE001700000"><metadaten><jurabk>HopfV 2023</jurabk><enbez>§ 16</enbez><titel format="XML">Duldungs-, Mitwirkungs- und Aufbewahrungspflichten</titel></metadaten><textdaten><text format="XML"><Content><P>(1) Eine anerkannte Erzeugerorganisation und ihre Mitglieder sind verpflichtet, zum Zwecke der Überwachung der Bundesanstalt im Rahmen ihrer Zuständigkeit <DL Type="arabic"><DT>1.</DT><DD Font="normal"><LA>das Betreten der Geschäfts-, Betriebs- und Lagerräume sowie der Betriebsflächen während der Geschäfts- und Betriebszeiten zu gestatten,</LA></DD><DT>2.</DT><DD Font="normal"><LA>auf Verlangen die in Betracht kommenden Bücher, Aufzeichnungen, Belege, Schriftstücke, Daten und sonstigen Unterlagen zur Einsicht vorzulegen,</LA></DD><DT>3.</DT><DD Font="normal"><LA>Auskunft zu erteilen und</LA></DD><DT>4.</DT><DD Font="normal"><LA>die erforderliche Unterstützung zu gewähren.</LA></DD></DL>Bei automatischer Buchführung sind die in Satz 1 genannten Auskunftspflichtigen verpflichtet, auf ihre Kosten Listen mit den erforderlichen Angaben auszudrucken, soweit die Bundesanstalt dies verlangt.</P><P>(2) Soweit nach anderen Rechtsvorschriften keine längeren Aufbewahrungspflichten bestehen, sind die nach dieser Verordnung und dem Unionsrecht vorgeschriebenen Unterlagen, Aufzeichnungen, Belege oder Bücher für die Dauer von sieben Jahren nach Abschluss des jeweiligen operationellen Programms aufzubewahren und nach Anforderung der Bundesanstalt vorzulegen, soweit diese für die Durchführung von Verwaltungs- und Vor-Ort-Kontrollen erforderlich sind.</P><P>(3) Der nach den Absätzen 1 und 2 zur Auskunft und Mitwirkung Verpflichtete kann die Auskunft auf solche Fragen verweigern, deren Beantwortung ihn selbst oder einen der in § 383 Absatz 1 Nummer 1 bis 3 der Zivilprozessordnung bezeichneten Angehörigen der Gefahr strafgerichtlicher Verfolgung oder eines Verfahrens nach dem Gesetz über Ordnungswidrigkeiten aussetzen würde. Der zur Auskunft und Mitwirkung Verpflichtete ist von der Bundesanstalt vor Aufforderung zur Auskunft oder Mitwirkung über sein Verweigerungsrecht nach Satz 1 aufzuklären.</P></Content></text></textdaten></norm>
<norm builddate="20231109213501" doknr="BJNR03D0B0023BJNE001800000"><metadaten><jurabk>HopfV 2023</jurabk><enbez>§ 17</enbez><titel format="XML">Mitteilungspflichten</titel></metadaten><textdaten><text format="XML"><Content><P>(1) Eine anerkannte Erzeugerorganisation hat der Bundesanstalt alle nach Unionsrecht und nationalem Recht erforderlichen Angaben, insbesondere die Höhe der förderfähigen Hopfenanbauflächen ihrer angeschlossenen Erzeuger, mitzuteilen. Ist im Unionsrecht eine Frist für die Übermittlung an andere Mitgliedstaaten oder an Organe der Europäischen Union festgelegt, hat die Mitteilung nach Satz 1 mindestens einen Monat vor Ablauf der betreffenden Frist zu erfolgen, wenn in dieser Verordnung nicht eine andere Frist bestimmt ist. In Ausnahmefällen, in denen den anerkannten Erzeugerorganisationen eine Mitteilung einen Monat vor Ablauf der betreffenden Frist nicht möglich ist, kann die Frist nach Satz 2 in Absprache mit der Bundesanstalt auf 14 Tage verkürzt werden.</P><P>(2) Eine anerkannte Erzeugerorganisation hat der Bundesanstalt jede Veränderung, die dazu führt, dass die tatsächlichen oder rechtlichen Verhältnisse nicht mehr mit ihren Angaben oder Erklärungen in den Anträgen übereinstimmen, unverzüglich anzuzeigen.</P></Content></text></textdaten></norm>
<norm builddate="20231109213501" doknr="BJNR03D0B0023BJNG000600000"><metadaten><jurabk>HopfV 2023</jurabk><gliederungseinheit><gliederungskennzahl>060</gliederungskennzahl><gliederungsbez>Abschnitt 6</gliederungsbez><gliederungstitel>Kontrollen</gliederungstitel></gliederungseinheit></metadaten><textdaten/></norm>
<norm builddate="20231109213501" doknr="BJNR03D0B0023BJNE001900000"><metadaten><jurabk>HopfV 2023</jurabk><enbez>§ 18</enbez><titel format="XML">Verwaltungskontrollen</titel></metadaten><textdaten><text format="XML"><Content><P>(1) Die Bundesanstalt hat vor der Genehmigung eines operationellen Programms und vor der Gewährung einer Beihilfe Verwaltungskontrollen nach Maßgabe der folgenden Absätze durchzuführen.</P><P>(2) Bei den Verwaltungskontrollen vor der Genehmigung operationeller Programme und von Änderungsanträgen zu operationellen Programmen ist mindestens Folgendes zu prüfen: <DL Font="normal" Type="arabic"><DT>1.</DT><DD Font="normal"><LA Size="normal">die Plausibilität der übermittelten Angaben, die im Entwurf des operationellen Programms enthalten sind,</LA></DD><DT>2.</DT><DD Font="normal"><LA Size="normal">die Übereinstimmung des Programms mit der Verordnung (EU) 2021/2115, der Verordnung (EU) 2021/2117, der Verordnung (EU) Nr. 1308/2013, der Delegierten Verordnung (EU) 2022/126 sowie mit dem nationalen Strategieplan und dieser Verordnung,</LA></DD><DT>3.</DT><DD Font="normal"><LA Size="normal">die Förderfähigkeit der vorgeschlagenen Maßnahmen und</LA></DD><DT>4.</DT><DD Font="normal"><LA Size="normal">die Kohärenz und technische Qualität des Programms, die Zuverlässigkeit der Schätzungen und des Finanzierungsplans sowie die Planung der Durchführung.</LA></DD></DL></P><P>(3) Bei den Verwaltungskontrollen vor der Gewährung einer Beihilfe ist zumindest Folgendes zu prüfen: <DL Font="normal" Type="arabic"><DT>1.</DT><DD Font="normal"><LA Size="normal">die für den Leistungsbericht nach Artikel 134 der Verordnung (EU) 2021/2115 erforderlichen Angaben,</LA></DD><DT>2.</DT><DD Font="normal"><LA Size="normal">die Plausibilität des Prüfberichts einer gesetzlich zugelassenen Prüfstelle zu den getätigten Ausgaben,</LA></DD><DT>3.</DT><DD Font="normal"><LA Size="normal">die eindeutige Zuordnung der geltend gemachten Ausgaben und erbrachten Dienstleistungen,</LA></DD><DT>4.</DT><DD Font="normal"><LA Size="normal">die Übereinstimmung der durchgeführten und geplanten Maßnahmen mit den im genehmigten operationellen Programm aufgeführten Maßnahmen,</LA></DD><DT>5.</DT><DD Font="normal"><LA Size="normal">die Angaben zu den Mitgliedern der Erzeugerorganisationen im Hinblick auf Größe und Förderfähigkeit der Flächen gemäß § 11 dieser Verordnung,</LA></DD><DT>6.</DT><DD Font="normal"><LA Size="normal">die Ergebnisse der Flächenkontrollen der Länder gemäß § 27 Absatz 5 und § 29 Absatz 5 der <I>GAPInVeKoS-Verordnung</I> und der Kontrollen der Prüfer der Bundesanstalt,</LA></DD><DT>7.</DT><DD Font="normal"><LA Size="normal">die Einhaltung der vorgeschriebenen finanziellen und sonstigen Begrenzungen und</LA></DD><DT>8.</DT><DD Font="normal"><LA Size="normal">ob die Maßnahmen, für die eine Beihilfe beantragt worden ist, im Einklang stehen mit den geltenden nationalen und europäischen Rechtsvorschriften, insbesondere mit den verbindlichen Normen, die in nationalen Rechtsvorschriften oder im nationalen Strategieplan und den nationalen Förderleitlinien festgelegt sind.</LA></DD></DL></P><P>(4) Die Bundesanstalt hat alle Prüfschritte, die Ergebnisse der Verwaltungskontrollen und die bei Unregelmäßigkeiten getroffenen Maßnahmen zu protokollieren.</P></Content></text><fussnoten><Content><P>§ 18 Abs. 3 Nummer 6 Kursivdruck: Wegen offesichtlicher Unrichtigkeit wird die Angabe &quot;GAP-InVeKoS-Verordnung&quot; durch die amtliche Kurzbezeichnung &quot;GAPInVeKoS-Verordnung&quot; ersetzt</P></Content></fussnoten></textdaten></norm>
<norm builddate="20231109213501" doknr="BJNR03D0B0023BJNE002000000"><metadaten><jurabk>HopfV 2023</jurabk><enbez>§ 19</enbez><titel format="XML">Vor-Ort-Kontrollen</titel></metadaten><textdaten><text format="XML"><Content><P>(1) Die Bundesanstalt hat ergänzend zu den Verwaltungskontrollen bei den anerkannten Erzeugerorganisationen nach Maßgabe der folgenden Absätze Vor-Ort-Kontrollen durchzuführen, um die Erfüllung der Voraussetzungen für die Gewährung der Beihilfe in dem betreffenden Jahr zu prüfen.</P><P>(2) Jede anerkannte Erzeugerorganisation ist einmal im Jahr zu prüfen. Dabei sind im Rahmen einer Zufallsstichprobe bis zu einer Belegzahl von fünf immer alle, ab fünf bis 25 vorhandenen Belegen immer mindestens fünf Belege und über 25 Belege bis 20 Prozent aller vorhandenen Belege und mindestens zehn Prozent der nachgewiesenen Gesamtausgaben des Projektes beziehungsweise des Zielbereichs zu überprüfen. Des Weiteren ist die Förderfähigkeit der Hopfenflächen zu überprüfen. Die Überprüfung nach Satz 3 hat zu erfolgen, im Umfang von 5 Prozent der Hopfenflächen, durch Vor-Ort-Kontrollen bei den Erzeugern oder Vor-Ort-Kontrollen der betroffenen Flächen. Darüber hinaus kann die Bundesanstalt zur Überprüfung nach Satz 3 bei den Ländern die die Flächen betreffenden Fernerkundungsdaten anfordern.</P><P>(3) Die Vor-Ort-Kontrollen dürfen angekündigt werden, sofern der in Absatz 1 genannte Prüfungszweck dadurch nicht gefährdet wird.</P><P>(4) Die Vor-Ort-Kontrollen haben sich zu erstrecken auf alle Verpflichtungen und sonstigen Auflagen für die Gewährung von Beihilfen der anerkannten Erzeugerorganisation, die zum Zeitpunkt des Kontrollbesuchs überprüft werden können und deren Überprüfung im Rahmen der Verwaltungskontrollen nicht möglich war, insbesondere die Durchführung der Maßnahmen des operationellen Programms und ihre Übereinstimmung mit dem genehmigten operationellen Programm und in Bezug auf eine aussagekräftige Zahl der Maßnahmen, die Übereinstimmung der Ausgaben mit den Unionsvorschriften und die Einhaltung der darin festgelegten Fristen.</P><P>(5) Vor-Ort-Kontrollen sind in der Regel durch einen Besuch des Ortes vorzunehmen, an dem die Maßnahme durchgeführt wird. Bei immateriellen Maßnahmen haben Vor-Ort-Kontrollen einen Besuch beim Maßnahmenträger vorzusehen. Die Bundesanstalt kann von Besuchen absehen, wenn sie das Risiko, dass die Voraussetzungen für die Beihilfegewährung nicht erfüllt sind oder die Maßnahme nicht durchgeführt wurde, aufgrund einer Risikoanalyse als gering einstuft. Die entsprechende Entscheidung und deren Begründung sind schriftlich oder elektronisch niederzulegen. Bei der nach Satz 2 getroffenen Risikoanalyse ist eine Auswahl nach Zufall und folgenden Kriterien zu treffen: <DL Type="arabic"><DT>1.</DT><DD Font="normal"><LA>die Höhe der Beihilfe,</LA></DD><DT>2.</DT><DD Font="normal"><LA>die Kontrollergebnisse der Vorjahre und</LA></DD><DT>3.</DT><DD Font="normal"><LA>etwaige Hinweise auf Unregelmäßigkeiten.</LA></DD></DL></P><P>(6) Die Ergebnisse der Vor-Ort-Kontrollen sind zeitnah dahingehend zu bewerten, ob festgestellte Unregelmäßigkeiten systematisch auftreten und somit ein Risiko für ähnliche Maßnahmen, Begünstigte oder andere Einrichtungen gegeben ist. Bei der Bewertung sind ferner die Ursachen derartiger Situationen sowie die Art der gegebenenfalls erforderlichen ergänzenden Untersuchungen und die zu treffenden Abhilfe- und Präventivmaßnahmen zu ermitteln. Werden bei den Kontrollen in einem Gebiet oder einem Teilgebiet oder bei einer anerkannten Erzeugerorganisation bedeutende Unregelmäßigkeiten festgestellt, so hat die Bundesanstalt in dem Gebiet oder bei der Organisation zusätzliche Vor-Ort-Kontrollen durchzuführen.</P></Content></text></textdaten></norm>
<norm builddate="20231109213501" doknr="BJNR03D0B0023BJNE002100000"><metadaten><jurabk>HopfV 2023</jurabk><enbez>§ 20</enbez><titel format="XML">Berichte über Vor-Ort-Kontrollen</titel></metadaten><textdaten><text format="XML"><Content><P>(1) Für jede Vor-Ort-Kontrolle ist im Anschluss an die Kontrolle ein schriftlicher oder elektronischer Bericht zu erstellen, der mindestens folgende Angaben enthalten muss: <DL Type="arabic"><DT>1.</DT><DD Font="normal"><LA>die geprüften Beihilferegelungen und Anträge,</LA></DD><DT>2.</DT><DD Font="normal"><LA>die Namen und die Funktionen der anwesenden Personen,</LA></DD><DT>3.</DT><DD Font="normal"><LA>die geprüften Maßnahmen und Unterlagen, einschließlich des dabei zugrunde gelegten Prüfpfads und der überprüften Nachweise, und</LA></DD><DT>4.</DT><DD Font="normal"><LA>die Ergebnisse der Vor-Ort-Kontrolle.</LA></DD></DL></P><P>(2) Einem Vertreter der geprüften anerkannten Erzeugerorganisation ist Gelegenheit zur Stellungnahme und zur Unterzeichnung zu geben.</P><P>(3) Der Beihilfeempfänger erhält eine schriftliche oder elektronische Kopie des Berichts.</P></Content></text></textdaten></norm>
<norm builddate="20231109213501" doknr="BJNR03D0B0023BJNE002200000"><metadaten><jurabk>HopfV 2023</jurabk><enbez>§ 21</enbez><titel format="XML">Kontrollen zum Ausschluss einer regelwidrigen Doppelfinanzierung</titel></metadaten><textdaten><text format="XML"><Content><P>Die Bundesanstalt hat regelmäßig Kontrollen mit dem Ziel durchzuführen, eine regelwidrige Doppelfinanzierung auszuschließen. Eine regelwidrige Doppelfinanzierung liegt vor, wenn eine anerkannte Erzeugerorganisation und deren angeschlossene Erzeuger für eine im Sektor Hopfen geförderte Maßnahme eine weitere Finanzierung aus nationalen oder unionsrechtlichen Förderprogrammen erhält.</P></Content></text></textdaten></norm>
<norm builddate="20231109213501" doknr="BJNR03D0B0023BJNE002300000"><metadaten><jurabk>HopfV 2023</jurabk><enbez>§ 22</enbez><titel format="XML">Kontrollen zur Einhaltung der Zweckbindung</titel></metadaten><textdaten><text format="XML"><Content><P>(1) Die Bundesanstalt hat bei jedem Beihilfeempfänger stichprobenartig die Einhaltung der Zweckbindung von Investitionen während der Zweckbindungsfrist zu prüfen. Die zu kontrollierenden Investitionen sind nach dem Zufallsprinzip auszuwählen.</P><P>(2) Die Bundesanstalt kann zusätzlich zu Absatz 1 anlassbezogene Kontrollen durchführen, wenn im Einzelfall aufgrund einer Risikoanalyse eine erhebliche Gefahr einer nicht zweckentsprechenden Nutzung besteht oder die Bundesanstalt Kenntnis von Unregelmäßigkeiten erlangt.</P><P>(3) Die Bundesanstalt hat bei der Kontrolle festgestellte Unregelmäßigkeiten in einem schriftlichen oder elektronischen Bericht zu dokumentieren.</P></Content></text></textdaten></norm>
<norm builddate="20231109213501" doknr="BJNR03D0B0023BJNG000700000"><metadaten><jurabk>HopfV 2023</jurabk><gliederungseinheit><gliederungskennzahl>070</gliederungskennzahl><gliederungsbez>Abschnitt 7</gliederungsbez><gliederungstitel>Verwaltungssanktionen</gliederungstitel></gliederungseinheit></metadaten><textdaten/></norm>
<norm builddate="20231109213501" doknr="BJNR03D0B0023BJNE002400000"><metadaten><jurabk>HopfV 2023</jurabk><enbez>§ 23</enbez><titel format="XML">Verwaltungssanktionen bei Wegfall der Beihilfevoraussetzungen</titel></metadaten><textdaten><text format="XML"><Content><P>(1) Hat die Bundesanstalt festgestellt, dass eine anerkannte Erzeugerorganisation eine Voraussetzung für die Gewährung einer unter die Verordnung (EU) Nr. 1308/2013 und die Verordnung (EU) 2021/2115 fallenden Beihilfe nicht mehr erfüllt, so hat sie der betroffenen anerkannten Erzeugerorganisation spätestens zwei Monate nach dieser Feststellung eine Warnmitteilung zu übermitteln. Die Warnmitteilung enthält <DL Type="arabic"><DT>1.</DT><DD Font="normal"><LA>die nach der Feststellung nach Satz 1 nicht mehr erfüllte Beihilfevoraussetzung,</LA></DD><DT>2.</DT><DD Font="normal"><LA>die von der anerkannten Erzeugerorganisation zur Erfüllung der Beihilfevoraussetzung zu treffende Abhilfemaßnahme,</LA></DD><DT>3.</DT><DD Font="normal"><LA>die möglichen Sanktionen bei Nichterfüllung der Abhilfemaßnahme und</LA></DD><DT>4.</DT><DD Font="normal"><LA>die Frist, innerhalb der die Abhilfemaßnahme ergriffen werden muss, die nicht länger als vier Monate sein darf.</LA></DD></DL></P><P>(2) Wird die Abhilfemaßnahme nach Absatz 1 Satz 2 Nummer 2 nicht innerhalb der gesetzten Frist umgesetzt, ist die Beihilfeauszahlung auszusetzen. In der Aussetzungsverfügung ist der Zeitraum der Aussetzung festzulegen, der unmittelbar nach Ablauf der für die Abhilfemaßnahmen gesetzten Frist beginnt und nach längstens zwölf Monaten seit der Bekanntgabe der Warnmitteilung bei der anerkannten Erzeugerorganisation endet. Die Aussetzung der Beihilfezahlung ist zu widerrufen, nachdem die Bundesanstalt Kenntnis darüber erlangt hat, dass die betreffende Beihilfevoraussetzung wieder erfüllt ist. Zeigt die anerkannte Erzeugerorganisation an, dass sie die Beihilfevoraussetzung wieder erfüllt, soll diese Kontrolle innerhalb von einer Woche nach Eingang der Anzeige bei der Bundesanstalt durchgeführt werden.</P></Content></text><fussnoten><Content><P>(+++ § 23: Zur Anwendung vgl. § 24 +++)</P></Content></fussnoten></textdaten></norm>
<norm builddate="20231109213501" doknr="BJNR03D0B0023BJNE002500000"><metadaten><jurabk>HopfV 2023</jurabk><enbez>§ 24</enbez><titel format="XML">Verwaltungssanktionen bei Verstößen im Zusammenhang mit dem jährlichen Leistungsbericht</titel></metadaten><textdaten><text format="XML"><Content><P>§ 23 ist entsprechend anzuwenden, sofern eine anerkannte Erzeugerorganisation der Bundesanstalt die für den jährlichen Leistungsbericht nach Artikel 134 der Verordnung (EU) 2021/2115 erforderlichen Angaben nicht oder nicht vollständig übermittelt.</P></Content></text></textdaten></norm>
<norm builddate="20231109213501" doknr="BJNR03D0B0023BJNE002600000"><metadaten><jurabk>HopfV 2023</jurabk><enbez>§ 25</enbez><titel format="XML">Verwaltungssanktionen bei hinreichendem Verdacht von Straftaten und Ordnungswidrigkeiten</titel></metadaten><textdaten><text format="XML"><Content><P>Ergibt sich aus Ermittlungen der Staatsanwaltschaft, der Europäischen Staatsanwaltschaft, der Bundesanstalt oder einer anderen Behörde der hinreichende Verdacht, dass eine im Sinne des § 30 Absatz 1 Nummer 1 bis 5 des Gesetzes über Ordnungswidrigkeiten für eine anerkannte Erzeugerorganisation tätige Person in dieser Eigenschaft <DL Type="arabic"><DT>1.</DT><DD Font="normal"><LA>eine mit der Gewährung einer unter die Verordnung (EU) 2021/2115 und die Verordnung (EU) Nr. 1308/2013 fallenden Beihilfe an eine anerkannte Erzeugerorganisation im Zusammenhang stehenden Straftat begangen hat, durch die Pflichten, welche die anerkannte Erzeugerorganisation treffen, verletzt worden sind oder die anerkannte Erzeugerorganisation bereichert worden ist oder werden sollte, oder</LA></DD><DT>2.</DT><DD Font="normal"><LA>eine Aufsichtspflichtverletzung nach § 130 Absatz 1 des Gesetzes über Ordnungswidrigkeiten begangen hat und die Zuwiderhandlung eine mit der Gewährung einer unter die Verordnung (EU) 2021/2115 und die Verordnung (EU) Nr. 1308/2013 fallenden Beihilfe an eine anerkannte Erzeugerorganisation im Zusammenhang stehende Straftat ist, die Pflichten verletzt, welche die anerkannte Erzeugerorganisation treffen,</LA></DD></DL>so hat die Bundesanstalt die Auszahlungen an die anerkannte Erzeugerorganisation auszusetzen, solange der hinreichende Verdacht besteht.</P></Content></text></textdaten></norm>
<norm builddate="20231109213501" doknr="BJNR03D0B0023BJNE002700000"><metadaten><jurabk>HopfV 2023</jurabk><enbez>§ 26</enbez><titel format="XML">Verwaltungssanktionen bei Verhinderung von Vor-Ort-Kontrollen und bei Verstoß gegen sonstige Pflichten</titel></metadaten><textdaten><text format="XML"><Content><P>(1) Die Bundesanstalt hat einen Antrag auf Genehmigung eines operationellen Programms oder auf Beihilfe abzulehnen, soweit die anerkannte Erzeugerorganisation, einschließlich ihrer Mitglieder oder einschlägigen Vertreter, die Durchführung einer Vor-Ort-Kontrolle verhindert und dadurch eine Kontrolle eines bestimmten Förderzeitraums nicht möglich ist. Bereits kontrollierte Teile eines operationellen Programms oder eines Beihilfeantrags bleiben von der Ablehnung unberührt.</P><P>(2) Die Bundesanstalt kann jeweils einen Antrag auf Genehmigung eines operationellen Programms oder einen Beihilfeantrag ablehnen, sofern die anerkannte Erzeugerorganisation, einschließlich ihrer Mitglieder oder einschlägigen Vertreter, gegen andere nach dieser Verordnung oder unionsrechtlich geregelte und jeweils im Zusammenhang mit der Genehmigung eines operationellen Programms oder des Beihilfeantrags stehende Duldungs-, Mitteilungs- oder Mitwirkungspflichten verstößt.</P></Content></text></textdaten></norm>
<norm builddate="20231109213501" doknr="BJNR03D0B0023BJNE002800000"><metadaten><jurabk>HopfV 2023</jurabk><enbez>§ 27</enbez><titel format="XML">Kürzung bei verspäteter Antragstellung</titel></metadaten><textdaten><text format="XML"><Content><P>Bei einem Beihilfeantrag, der nach dem in § 9 Absatz 2 festgesetzten Zeitpunkt eingereicht wird, ist die Beihilfe für jeden Verzugstag um ein Prozent zu kürzen.</P></Content></text></textdaten></norm>
<norm builddate="20231109213501" doknr="BJNR03D0B0023BJNE002900000"><metadaten><jurabk>HopfV 2023</jurabk><enbez>§ 28</enbez><titel format="XML">Aufrechnung</titel></metadaten><textdaten><text format="XML"><Content><P>Zu Unrecht gezahlte Beträge können mit Zahlungen des gleichen Jahres oder der Folgejahre aufgerechnet werden.</P></Content></text></textdaten></norm>
<norm builddate="20231109213501" doknr="BJNR03D0B0023BJNE003000000"><metadaten><jurabk>HopfV 2023</jurabk><enbez>§ 29</enbez><titel format="XML">Ausnahmen bei höherer Gewalt und außergewöhnlichen Umständen</titel></metadaten><textdaten><text format="XML"><Content><P>(1) Die Vorschriften dieses Abschnitts gelten nicht, wenn die Verstöße auf höhere Gewalt oder außergewöhnliche Umstände im Sinne des Artikels 3 Absatz 1 der Verordnung (EU) 2021/2116 zurückzuführen sind.</P><P>(2) Die anerkannte Erzeugerorganisation hat die Umstände der höheren Gewalt oder die außergewöhnlichen Umstände im Sinne des Absatzes 1 der Bundesanstalt unter Vorlage entsprechender Nachweise innerhalb von 30 Werktagen nach Eintritt der auf höhere Gewalt zurückzuführenden Umstände anzuzeigen.</P></Content></text></textdaten></norm>
<norm builddate="20231109213501" doknr="BJNR03D0B0023BJNG000800000"><metadaten><jurabk>HopfV 2023</jurabk><gliederungseinheit><gliederungskennzahl>080</gliederungskennzahl><gliederungsbez>Abschnitt 8</gliederungsbez><gliederungstitel>Schlussbestimmungen</gliederungstitel></gliederungseinheit></metadaten><textdaten/></norm>
<norm builddate="20231109213501" doknr="BJNR03D0B0023BJNE003100000"><metadaten><jurabk>HopfV 2023</jurabk><enbez>§ 30</enbez><titel format="XML">Muster und Formulare</titel></metadaten><textdaten><text format="XML"><Content><P>Für alle Anträge und Meldungen kann die Bundesanstalt schriftliche oder elektronische Muster bekannt geben oder schriftliche oder elektronische Formulare bereithalten. Sofern die Bundesanstalt Muster bekannt gibt oder Formulare bereithält, sind diese zu verwenden.</P></Content></text></textdaten></norm>
<norm builddate="20231109213501" doknr="BJNR03D0B0023BJNE003200000"><metadaten><jurabk>HopfV 2023</jurabk><enbez>§ 31</enbez><titel format="XML">Datenverarbeitung und Datenübermittlung</titel></metadaten><textdaten><text format="XML"><Content><P>Zum Zweck der Beantragung eines operationellen Programms, zur Beantragung einer Beihilfe sowie zur Durchführung von Kontrollen verarbeitet und übermittelt die zuständige Behörde die Daten nach der Anlage des Marktorganisationsgesetzes.</P></Content></text></textdaten></norm>
</dokumente>