<?xml version="1.0" encoding="UTF-8" ?><!DOCTYPE dokumente SYSTEM "http://www.gesetze-im-internet.de/dtd/1.01/gii-norm.dtd">
<dokumente builddate="20250718215505" doknr="BJNR0720A0025"><norm builddate="20250718215505" doknr="BJNR0720A0025"><metadaten><jurabk>StromStG§9Abs9Bek 2025</jurabk><ausfertigung-datum manuell="ja">2025-04-15</ausfertigung-datum><fundstelle typ="amtlich"><periodikum>BGBl. I</periodikum><zitstelle>2025, Nr. 114</zitstelle></fundstelle><langue>Bekanntmachung nach § 9 Absatz 9 des Stromsteuergesetzes</langue></metadaten><textdaten><text format="XML"><Content><P><B>EU-Rechtsakte</B> (Stand 15.4.2025)<B>:</B></P><P>Verordnung (EU) Nr. 651/2014 der Kommission vom 17. Juni 2014 zur Feststellung der Vereinbarkeit bestimmter Gruppen von Beihilfen mit dem Binnenmarkt in Anwendung der Artikel 107 und 108 des Vertrags über die Arbeitsweise der Europäischen Union (ABl. L 187 vom 26.6.2014, S. 1; L 283 vom 27.9.2014, S. 65), die zuletzt durch die Verordnung (EU) 2023/1315 vom 23. Juni 2023 (ABl. L 167 vom 30.6.2023, S. 1) geändert worden ist</P></Content></text><fussnoten><Content><P><BR/> <pre xml:space="preserve">(+++ Textnachweis ab: 17.4.2025 +++)</pre> <BR/></P></Content></fussnoten></textdaten></norm>
<norm builddate="20250718215505" doknr="BJNR0720A0025BJNE000100000"><metadaten><jurabk>StromStG§9Abs9Bek 2025</jurabk><enbez>(XXXX)</enbez></metadaten><textdaten><text format="XML"><Content><P>Nach § 9 Absatz 9 Satz 2 des Stromsteuergesetzes vom 24. März 1999 (BGBl. I S. 378; 2000 I S. 147), das zuletzt durch Artikel 13 des Gesetzes vom 22. Dezember 2023 (BGBl. 2023 I Nr. 412) geändert worden ist, wird bekannt gemacht, dass die beihilferechtlichen Freistellungsanzeigen bei der Europäischen Kommission nach der Verordnung (EU) Nr. 651/2014 für die Gewährung der Steuerbefreiungen nach § 9 Absatz 1 Nummer 1 und 3 des Stromsteuergesetzes in Verbindung mit § 2 Nummer 7 des Stromsteuergesetzes mit Ablauf des 20. Mai 2025 auslaufen, soweit Strom aus Biomasse in Form von festen Brennstoffen in Anlagen mit einer Gesamtfeuerungswärmeleistung von 7,5 Megawatt oder mehr erzeugt wird.</P></Content></text><fussnoten><Content><P>(+++ EU-Vollzitate: vgl. Liste EU-Rechtsakte Bek. v. 15.4.2025 I Nr. 114 +++)</P></Content></fussnoten></textdaten></norm>
<norm builddate="20250718215505" doknr="BJNR0720A0025BJNE000200000"><metadaten><jurabk>StromStG§9Abs9Bek 2025</jurabk><enbez>Schlussformel</enbez></metadaten><textdaten><text format="XML"><Content><P><SP>Bundesministerium der Finanzen</SP></P></Content></text></textdaten></norm>
</dokumente>