<?xml version="1.0" encoding="UTF-8" ?><!DOCTYPE dokumente SYSTEM "http://www.gesetze-im-internet.de/dtd/1.01/gii-norm.dtd">
<dokumente builddate="20180406214525" doknr="BJNR014370990"><norm builddate="20180406214525" doknr="BJNR014370990"><metadaten><jurabk>THWEhrZÄndErl</jurabk><ausfertigung-datum manuell="ja">1990-07-10</ausfertigung-datum><fundstelle typ="amtlich"><periodikum>BGBl I</periodikum><zitstelle>1990, 1437</zitstelle></fundstelle><langue>Erlaß über die Genehmigung einer Änderung der Stiftungsbestimmungen und
der Verleihungsbedingungen für das Ehrenzeichen des Technischen Hilfswerks</langue></metadaten><textdaten><text format="XML"><Content><P/></Content></text><fussnoten><Content><P><BR/> <pre xml:space="preserve">(+++ Textnachweis ab: 21. 7.1990 +++)<BR/><BR/></pre></P></Content></fussnoten></textdaten></norm>
<norm builddate="20180406214525" doknr="BJNR014370990BJNE000100328"><metadaten><jurabk>THWEhrZÄndErl</jurabk><enbez>(XXXX)</enbez></metadaten><textdaten><text format="XML"><Content><P>Der Bundesminister des Innern hat am 13. Juni 1990 den Erlaß vom 17. September 1975 über die Stiftung des Ehrenzeichens des Technischen Hilfswerks sowie die Verleihungsbedingungen zu diesem Erlaß neu gefaßt. Hierdurch wird eine dritte Klasse, das Ehrenzeichen in Bronze (Medaille) eingeführt.<BR/>Nach Artikel 4 des Fünften Erlasses über die Genehmigung der Stiftung und Verleihung von Orden und Ehrenzeichen vom 2. September 1975 (BGBl. I S. 2479) genehmige ich diese Neufassungen.<BR/>Der Bundesminister des Innern veröffentlicht die Neufassungen des Stiftungserlasses und der Verleihungsbedingungen im Bundesanzeiger.<BR/><BR/><SP>Der Bundespräsident</SP><BR/><SP>Der Bundesminister des Innern</SP></P></Content></text></textdaten></norm>
</dokumente>