<?xml version="1.0" encoding="UTF-8" ?><!DOCTYPE dokumente SYSTEM "http://www.gesetze-im-internet.de/dtd/1.01/gii-norm.dtd">
<dokumente builddate="20130405133150" doknr="DDNR005030990"><norm builddate="20130405133150" doknr="DDNR005030990"><metadaten><jurabk>UmstGErwNwG</jurabk><ausfertigung-datum manuell="ja">1990-06-29</ausfertigung-datum><fundstelle typ="amtlich"><periodikum>GBl DDR I</periodikum><zitstelle>1990, 503</zitstelle></fundstelle><fundstelle typ="amtlich"><periodikum>GBl DDR I</periodikum><zitstelle>1990, Nr 38, 503</zitstelle></fundstelle><langue>Gesetz über den Nachweis der Rechtmäßigkeit des Erwerbs von
Umstellungsguthaben</langue></metadaten><textdaten><text format="XML"><Content><P/></Content></text><fussnoten><Content><P>(+++ Textnachweis Geltung ab:  3. 10.1990 +++)^</P><P><BR/> (+++ Maßgaben aufgrund EinigVtr vgl. UmstGErwNwG Anhang EV +++)</P><P><BR/> Im Beitrittsgebiet fortgeltendes Recht der ehem. Deutschen Demokratischen Republik gem. Art. 3 Nr. 12 EinigVtrVbg v. 18.9.1990 II 1239 nach Maßgabe d. Art. 9 EinigVtr v. 31.8.1990 iVm Art. 1 G v. 23.9.1990 II 885, 889 mWv 3.10.1990.</P></Content></fussnoten></textdaten></norm>
<norm builddate="20130405133150" doknr="DDNR005030990BJNE000100314"><metadaten><jurabk>UmstGErwNwG</jurabk><enbez>§ 1</enbez></metadaten><textdaten><text format="XML"><Content><P>Zur Entscheidung über die Realisierung der Umstellung von Guthaben kann die Prüfung des rechtmäßigen Erwerbs im nachfolgend geregelten Verfahren angeordnet werden. Dazu wird mit sofortiger Wirkung ein aus 21 Abgeordneten der Volkskammer bestehender zeitweiliger Sonderausschuß gebildet.</P></Content></text></textdaten></norm>
<norm builddate="20130405133150" doknr="DDNR005030990BJNE000200314"><metadaten><jurabk>UmstGErwNwG</jurabk><enbez>§ 2</enbez></metadaten><textdaten><text format="XML"><Content><P>Natürliche Personen und juristische Personen mit Wohnsitz oder Sitz der Niederlassung in der DDR oder außerhalb der DDR haben auf Verlangen die Rechtmäßigkeit des Erwerbs des zur Umstellung angemeldeten Guthabens (nachfolgend Gesamtguthaben) nachzuweisen.</P></Content></text></textdaten></norm>
<norm builddate="20130405133150" doknr="DDNR005030990BJNE000300314"><metadaten><jurabk>UmstGErwNwG</jurabk><enbez>§ 3</enbez></metadaten><textdaten><text format="XML"><Content><P>(1) Das Verlangen gemäß § 2 kann durch den zeitweiligen Sonderausschuß gestellt werden, wenn Zweifel an dem rechtmäßigen Erwerb des Gesamtguthabens bestehen.</P><P>(2) Ein solches Verlangen ist bis zum 8. Juli 1990 zu stellen und dem Kontoinhaber unverzüglich zu übermitteln.</P><P>(3) In den Fällen, in denen ein solches Verlangen gestellt wurde, ist durch den zeitweiligen Sonderausschuß dem kontoführenden Geldinstitut mitzuteilen, daß bis zu einer endgültigen Entscheidung der den bevorzugten Umtausch übersteigende Betrag zu sperren und damit eine Verfügung über diesen Betrag auszuschließen ist.</P></Content>  </text></textdaten></norm>
<norm builddate="20130405133150" doknr="DDNR005030990BJNE000400314"><metadaten><jurabk>UmstGErwNwG</jurabk><enbez>§ 4</enbez></metadaten><textdaten><text format="XML"><Content><P>(1) Der Kontoinhaber ist verpflichtet, innerhalb einer Frist von 10 Tagen nach Zugang des Verlangens die Rechtmäßigkeit des Erwerbs des Gesamtguthabens nachzuweisen.</P><P>(2) Die Unterlagen sind bei dem zeitweiligen Sonderausschuß einzureichen.</P></Content> </text></textdaten></norm>
<norm builddate="20130405133150" doknr="DDNR005030990BJNE000500314"><metadaten><jurabk>UmstGErwNwG</jurabk><enbez>§ 5</enbez></metadaten><textdaten><text format="XML"><Content><P>(1) Durch den zeitweiligen Sonderausschuß ist anhand der eingereichten Unterlagen zu prüfen, ob der Erwerb des Gesamtguthabens rechtmäßig erfolgte.</P><P>(2) Rechtmäßigkeit des Erwerbs liegt insbesondere dann nicht vor, wenn das Gesamtguthaben oder Teile davon durch <DL Font="normal" Type="arabic"><DT>-</DT><DD Font="normal"><LA Size="normal">strafbares oder ordnungswidriges Handeln,</LA></DD> <DT>-</DT><DD Font="normal"><LA Size="normal">Handlungen, die einen gröblichen Verstoß gegen die guten Sitten darstellen,</LA></DD> <DT>-</DT><DD Font="normal"><LA Size="normal">einen Mißbrauch staatlicher oder gesellschaftlicher Befugnisse oder einer staatlichen oder gesellschaftlichen Stellung oder Tätigkeit zum Nachteil des Gemeinwohls</LA></DD> </DL>erlangt wurde.</P><P>(3) Die Entscheidung über die Feststellung eines unrechtmäßigen Erwerbs gemäß Absatz 2 ist dem Kontoinhaber und dem kontoführenden Kreditinstitut spätestens bis zum 1. Oktober 1990 mitzuteilen, sofern nicht ein Fall nach Absatz 4 vorliegt.</P><P>(4) Soweit sich der Verdacht einer Straftat ergibt, ist Anzeige bei der zuständigen Strafverfolgungsbehörde zu stellen. Die Entscheidung des zeitweiligen Sonderausschusses darf in diesem Fall erst nach der rechtskräftigen Entscheidung der Strafverfolgungsbehörde getroffen werden.</P><P>(5) Die Entscheidung des zeitweiligen Sonderausschusses über den unrechtmäßigen Erwerb des Gesamtguthabens oder Teilen davon hat zur Folge, daß das nicht rechtmäßig erworbene Guthaben zugunsten des Staates eingezogen wird.</P><P>(6) Die Einziehung ist dem Kontoinhaber durch schriftlichen Bescheid des kontoführenden Kreditinstituts mitzuteilen.</P></Content>     </text></textdaten></norm>
<norm builddate="20130405133150" doknr="DDNR005030990BJNE000600314"><metadaten><jurabk>UmstGErwNwG</jurabk><enbez>§ 6</enbez></metadaten><textdaten><text format="XML"><Content><P>(1) Gegen die Entscheidung des zeitweiligen Sonderausschusses hat der Betroffene das Recht der Beschwerde. Sie ist innerhalb von 2 Wochen schriftlich und begründet bei dem zeitweiligen Sonderausschuß einzulegen. Die Beschwerde hat aufschiebende Wirkung.</P><P>(2) Über die Beschwerde ist innerhalb von 2 Wochen nach ihrem Eingang zu entscheiden.</P><P>(3) Wird der Beschwerde durch den zeitweiligen Sonderausschuß nicht stattgegeben, ist sie dem Präsidium der Volkskammer zur endgültigen Entscheidung unverzüglich zuzuleiten. Das Präsidium der Volkskammer entscheidet innerhalb von 4 Wochen.</P></Content>  </text></textdaten></norm>
<norm builddate="20130405133150" doknr="DDNR005030990BJNE000700314"><metadaten><jurabk>UmstGErwNwG</jurabk><enbez>§ 7</enbez></metadaten><textdaten><text format="XML"><Content><P>Dieses Gesetz tritt am 29. Juni 1990 in Kraft.</P></Content></text></textdaten></norm>
<norm builddate="20130405133150" doknr="DDNR005030990BJNE000800314"><metadaten><jurabk>UmstGErwNwG</jurabk><enbez>Schlußformel</enbez></metadaten><textdaten><text format="XML"><Content><P><B>Die Präsidentin der Volkskammer der Deutschen Demokratischen Republik</B></P></Content></text></textdaten></norm>
<norm builddate="20130405133150" doknr="DDNR005030990BJNE888800301"><metadaten><jurabk>UmstGErwNwG</jurabk><enbez>Anhang EV</enbez><titel format="XML">Auszug aus EinigVtrVbg Art 3
<BR/>
(BGBl. II 1990, 1239)</titel></metadaten><textdaten><text format="XML"><Content><P><noindex> Das nachfolgend aufgeführte Recht der Deutschen Demokratischen Republik bleibt nach Wirksamwerden des Beitritts in Kraft. Artikel 9 Abs. 4 des Vertrags gilt entsprechend. <DL Font="normal" Type="arabic"><DT/><DD Font="normal"><LA Size="normal"><DL Font="normal" Type="arabic"><DT/><DD Font="normal"><LA Size="normal"><DL Font="normal" Type="arabic"><DT/><DD Font="normal"><LA Size="normal"><DL Font="normal" Type="arabic"><DT>Zu Kapitel II</DT><DD Font="normal"><LA Size="normal">(Geschäftsbereich des Bundesministers des Innern)</LA></DD> </DL></LA></DD></DL></LA></DD></DL></LA></DD></DL>... <DL Font="normal" Type="arabic"><DT>12.</DT><DD Font="normal"><LA Size="normal">Gesetz über den Nachweis der Rechtmäßigkeit des Erwerbs von Umstellungsguthaben vom 29. Juni 1990 (GBl. I Nr. 38 S. 503) mit folgenden Maßgaben:<DL Font="normal" Type="arabic"><DT>a)</DT><DD Font="normal"><LA Size="normal">In den Fällen des § 5 Abs. 4 Satz 2 entscheidet anstelle des zeitweiligen Sonderausschusses eine Kammer für Verwaltungssachen bei dem Kreisgericht, in dessen Bezirk das Gesamtguthaben zur Umstellung angemeldet worden ist.</LA></DD> <DT>b)</DT><DD Font="normal"><LA Size="normal">Dieses Gericht entscheidet auch über Beschwerden nach § 6.</LA></DD> </DL></LA></DD> </DL>... </noindex></P></Content></text></textdaten></norm>
</dokumente>