<?xml version="1.0" encoding="UTF-8" ?><!DOCTYPE dokumente SYSTEM "http://www.gesetze-im-internet.de/dtd/1.01/gii-norm.dtd">
<dokumente builddate="20251006215007" doknr="BJNR171400011"><norm builddate="20251006215007" doknr="BJNR171400011"><metadaten><jurabk>VKFV</jurabk><amtabk>VKFV</amtabk><ausfertigung-datum manuell="ja">2011-08-02</ausfertigung-datum><fundstelle typ="amtlich"><periodikum>BGBl I</periodikum><zitstelle>2011, 1714</zitstelle></fundstelle><kurzue>Verwaltungskostenfeststellungsverordnung</kurzue><langue>Verordnung zur Feststellung der Gesamtverwaltungskosten der gemeinsamen Einrichtung</langue><standangabe checked="ja"><standtyp>Neuf</standtyp><standkommentar>Neugefasst durch Bek. v. 19.3.2019 I 378</standkommentar></standangabe><standangabe checked="ja"><standtyp>Stand</standtyp><standkommentar>Zuletzt geändert durch Art. 1 V v. 28.11.2024 I Nr. 376</standkommentar></standangabe></metadaten><textdaten><fussnoten><Content><P><BR/> <pre xml:space="preserve">(+++ Textnachweis ab: 1.1.2012 +++)<BR/><BR/></pre></P></Content></fussnoten></textdaten></norm>
<norm builddate="20251006215007" doknr="BJNR171400011BJNE000203126"><metadaten><jurabk>VKFV</jurabk><enbez>Inhaltsübersicht</enbez></metadaten><textdaten><text format="XML"><TOC><table colsep="0" frame="none" pgwide="1" rowsep="0" tocentry="%yes;"><tgroup align="left" char="" charoff="50" cols="2"><colspec colname="col1" colnum="1" colwidth="9*"/><colspec colname="col2" colnum="2" colwidth="71*"/><tbody valign="top"><row><entry VJ="1" colname="col1">§  1</entry><entry VJ="1" colname="col2">Kosten der Grundsicherung für Arbeitsuchende</entry></row><row><entry VJ="1" colname="col1">§  2</entry><entry VJ="1" colname="col2">Gesamtverwaltungskosten der gemeinsamen Einrichtung</entry></row><row><entry VJ="1" colname="col1">§  3</entry><entry VJ="1" colname="col2">Eingliederungsleistungen</entry></row><row><entry VJ="1" colname="col1">§  4</entry><entry VJ="1" colname="col2">Vollzeitäquivalent</entry></row><row><entry VJ="1" colname="col1">§  5</entry><entry VJ="1" colname="col2">Personalkosten</entry></row><row><entry VJ="1" colname="col1">§  6</entry><entry VJ="1" colname="col2">Personalnebenkosten</entry></row><row><entry VJ="1" colname="col1">§  7</entry><entry VJ="1" colname="col2">Versorgungsaufwendungen für Beamtinnen und Beamte</entry></row><row><entry VJ="1" colname="col1">§  8</entry><entry VJ="1" colname="col2">Kosten der Personalverwaltung</entry></row><row><entry VJ="1" colname="col1">§  8a</entry><entry VJ="1" colname="col2">Kosten der Nachwuchskräfte</entry></row><row><entry VJ="1" colname="col1">§  9</entry><entry VJ="1" colname="col2">Sachkosten</entry></row><row><entry VJ="1" colname="col1">§ 10</entry><entry VJ="1" colname="col2">Amtshilfe und Arbeitnehmerüberlassung</entry></row><row><entry VJ="1" colname="col1">§ 11</entry><entry VJ="1" colname="col2">Leistungen Dritter</entry></row><row><entry VJ="1" colname="col1">§ 12</entry><entry VJ="1" colname="col2">Zentral verwaltete Verfahren der Informationstechnik</entry></row><row><entry VJ="1" colname="col1">§ 13</entry><entry VJ="1" colname="col2">Grundsätze zur Bestimmung der Gesamtverwaltungskosten</entry></row><row><entry VJ="1" colname="col1">§ 14</entry><entry VJ="1" colname="col2">Bestimmung der Personalkosten</entry></row><row><entry VJ="1" colname="col1">§ 15</entry><entry VJ="1" colname="col2">Bestimmung der Personalnebenkosten</entry></row><row><entry VJ="1" colname="col1">§ 16</entry><entry VJ="1" colname="col2">Versorgungsaufwendungen für Beamtinnen und Beamte</entry></row><row><entry VJ="1" colname="col1">§ 17</entry><entry VJ="1" colname="col2">Bestimmung der Kosten für die Personalverwaltung</entry></row><row><entry VJ="1" colname="col1">§ 17a</entry><entry VJ="1" colname="col2">Bestimmung der Kosten für Nachwuchskräfte</entry></row><row><entry VJ="1" colname="col1">§ 18</entry><entry VJ="1" colname="col2">Bestimmung der Sachkosten und der Kosten für Amtshilfe und Arbeitnehmerüberlassung</entry></row><row><entry VJ="1" colname="col1">§ 19</entry><entry VJ="1" colname="col2">Bestimmung der Kosten für Leistungen Dritter</entry></row><row><entry VJ="1" colname="col1">§ 20</entry><entry VJ="1" colname="col2">Bestimmung der Kosten für die zentral verwalteten Verfahren der Informationstechnik</entry></row><row><entry VJ="1" colname="col1">§ 21</entry><entry VJ="1" colname="col2">Monitoring</entry></row><row><entry VJ="1" colname="col1">§ 22</entry><entry VJ="1" colname="col2">Außerkrafttreten</entry></row></tbody></tgroup></table></TOC></text><fussnoten/></textdaten></norm>
<norm builddate="20251006215007" doknr="BJNR171400011BJNE000301126"><metadaten><jurabk>VKFV</jurabk><enbez>§ 1</enbez><titel format="XML">Kosten der Grundsicherung für Arbeitsuchende</titel></metadaten><textdaten><text format="XML"><Content><P>Kosten der Grundsicherung für Arbeitsuchende nach dem Zweiten Buch Sozialgesetzbuch sind der in Geld ausgedrückte Güter- und Dienstleistungsverzehr für die Erbringung von Leistungen der Grundsicherung für Arbeitsuchende. Der Kostenbegriff umfasst die durch reale Zahlungsvorgänge entstehenden Kosten sowie Aufwendungen für Investitionen und Versorgungszuschläge für Beamtinnen und Beamte.</P></Content></text><fussnoten/></textdaten></norm>
<norm builddate="20251006215007" doknr="BJNR171400011BJNE000401126"><metadaten><jurabk>VKFV</jurabk><enbez>§ 2</enbez><titel format="XML">Gesamtverwaltungskosten der gemeinsamen Einrichtung</titel></metadaten><textdaten><text format="XML"><Content><P>(1) Gesamtverwaltungskosten sind die personellen, sächlichen sowie sonstigen Aufwendungen der gemeinsamen Einrichtung zur Durchführung der Aufgaben nach § 6 Absatz 1 des Zweiten Buches Sozialgesetzbuch einschließlich der Aufwendungen für die Errichtung und Beendigung der gemeinsamen Einrichtung.</P><P>(2) Personelle Aufwendungen sind die Personalkosten (§ 5), die Personalnebenkosten (§ 6), die Versorgungsaufwendungen für Beamtinnen und Beamte (§ 7) sowie die Kosten der Personalverwaltung (§ 8).</P><P>(3) Sächliche Aufwendungen sind die Sachkosten (§ 9) sowie die Kosten der Amtshilfe und Arbeitnehmerüberlassung (§ 10).</P><P>(4) Sonstige Aufwendungen sind die Kosten für die Leistungen Dritter (§ 11) sowie für die zentral verwalteten Verfahren der Informationstechnik (§ 12).</P></Content></text><fussnoten/></textdaten></norm>
<norm builddate="20251006215007" doknr="BJNR171400011BJNE000501126"><metadaten><jurabk>VKFV</jurabk><enbez>§ 3</enbez><titel format="XML">Eingliederungsleistungen</titel></metadaten><textdaten><text format="XML"><Content><P>Eingliederungsleistungen sind Leistungen an erwerbsfähige Leistungsberechtigte nach den §§ 16 bis 17 des Zweiten Buches Sozialgesetzbuch. Die Kosten der Eingliederungsleistungen gehören nicht zu den Gesamtverwaltungskosten.</P></Content></text><fussnoten/></textdaten></norm>
<norm builddate="20251006215007" doknr="BJNR171400011BJNE000602126"><metadaten><jurabk>VKFV</jurabk><enbez>§ 4</enbez><titel format="XML">Vollzeitäquivalent</titel></metadaten><textdaten><text format="XML"><Content><P>(1) Das Vollzeitäquivalent bildet den Umfang der Tätigkeit einer Beschäftigten oder eines Beschäftigten in der gemeinsamen Einrichtung innerhalb eines Haushaltsjahres, ohne Berücksichtigung der im Wege der Amtshilfe oder Arbeitnehmerüberlassung Beschäftigten, ab. Für eine Beschäftigte oder einen Beschäftigten, dessen regelmäßige wöchentliche Arbeitszeit der einer oder eines vergleichbaren Vollzeitbeschäftigten entspricht und der im gesamten Haushaltsjahr ausschließlich in der gemeinsamen Einrichtung tätig ist, hat das Vollzeitäquivalent einen Wert von eins.</P><P>(2) Bei anteiliger Beschäftigung errechnet sich das Vollzeitäquivalent je Beschäftigtem aus dem Anteil <DL Type="arabic"><DT>1.</DT><DD Font="normal"><LA>der ermäßigten wöchentlichen Arbeitszeit der oder des Beschäftigten an der regelmäßigen wöchentlichen Arbeitszeit einer oder eines vergleichbaren Vollzeitbeschäftigten,</LA></DD><DT>2.</DT><DD Font="normal"><LA>der vertraglich vereinbarten oder vom Dienstherrn festgesetzten Beschäftigungsmonate am Haushaltsjahr und</LA></DD><DT>3.</DT><DD Font="normal"><LA>der Arbeitszeit zur Wahrnehmung von Aufgaben in der gemeinsamen Einrichtung an der gesamten regelmäßigen Arbeitszeit der Beschäftigten oder des Beschäftigten im Haushaltsjahr.</LA></DD></DL>Das Vollzeitäquivalent ist auf die vierte Nachkommastelle zu runden.</P></Content></text><fussnoten/></textdaten></norm>
<norm builddate="20251006215007" doknr="BJNR171400011BJNE000702126"><metadaten><jurabk>VKFV</jurabk><enbez>§ 5</enbez><titel format="XML">Personalkosten</titel></metadaten><textdaten><text format="XML"><Content><P>(1) Personalkosten sind die Aufwendungen für Bezüge der Beamtinnen und Beamten sowie Arbeitnehmerinnen und Arbeitnehmer, denen Tätigkeiten in den gemeinsamen Einrichtungen zugewiesen sind.</P><P>(2) Bezüge sind alle nach besoldungsrechtlichen und tarifvertraglichen sowie vergleichbaren außertariflichen Regelungen laufend gezahlten Besoldungen und Entgelte an Beamtinnen und Beamte sowie Arbeitnehmerinnen und Arbeitnehmer. Dazu gehören insbesondere: <DL Type="arabic"><DT>1.</DT><DD Font="normal"><LA>das Grundgehalt,</LA></DD><DT>2.</DT><DD Font="normal"><LA>der Familienzuschlag,</LA></DD><DT>3.</DT><DD Font="normal"><LA>die Zulagen und Sonderzahlungen,</LA></DD><DT>4.</DT><DD Font="normal"><LA>die Vergütungen,</LA></DD><DT>5.</DT><DD Font="normal"><LA>die vermögenswirksamen Leistungen,</LA></DD><DT>6.</DT><DD Font="normal"><LA>die leistungsorientierte Bezahlung sowie</LA></DD><DT>7.</DT><DD Font="normal"><LA>die Arbeitgeberanteile zur Sozialversicherung und Zusatzversorgung.</LA></DD></DL></P></Content></text><fussnoten/></textdaten></norm>
<norm builddate="20251006215007" doknr="BJNR171400011BJNE000802126"><metadaten><jurabk>VKFV</jurabk><enbez>§ 6</enbez><titel format="XML">Personalnebenkosten</titel></metadaten><textdaten><text format="XML"><Content><P>Personalnebenkosten sind die über die Personalkosten hinausgehenden Aufwendungen für aktive Beamtinnen und Beamte sowie für Arbeitnehmerinnen und Arbeitnehmer, insbesondere für <DL Type="arabic"><DT>1.</DT><DD Font="normal"><LA>die Beihilfen und Beihilfeumlagen,</LA></DD><DT>2.</DT><DD Font="normal"><LA>die Fürsorgeleistungen,</LA></DD><DT>3.</DT><DD Font="normal"><LA>die Unterstützungen,</LA></DD><DT>4.</DT><DD Font="normal"><LA>die Beiträge zu Unfallkassen,</LA></DD><DT>5.</DT><DD Font="normal"><LA>das Trennungsgeld,</LA></DD><DT>6.</DT><DD Font="normal"><LA>die Fahrkostenzuschüsse sowie</LA></DD><DT>7.</DT><DD Font="normal"><LA>die Umzugskostenvergütungen.</LA></DD></DL></P></Content></text><fussnoten/></textdaten></norm>
<norm builddate="20251006215007" doknr="BJNR171400011BJNE000902126"><metadaten><jurabk>VKFV</jurabk><enbez>§ 7</enbez><titel format="XML">Versorgungsaufwendungen für Beamtinnen und Beamte</titel></metadaten><textdaten><text format="XML"><Content><P>Versorgungsaufwendungen sind die durch das Dienstverhältnis bedingten kalkulatorischen Kosten für künftige Versorgungsleistungen und Beihilfen für die Beamtinnen und Beamten, denen im Haushaltsjahr Tätigkeiten in den gemeinsamen Einrichtungen zugewiesen sind.</P></Content></text><fussnoten/></textdaten></norm>
<norm builddate="20251006215007" doknr="BJNR171400011BJNE001003126"><metadaten><jurabk>VKFV</jurabk><enbez>§ 8</enbez><titel format="XML">Kosten der Personalverwaltung</titel></metadaten><textdaten><text format="XML"><Content><P>Kosten der Personalverwaltung sind die Aufwendungen der Träger zur Erfüllung ihrer Pflichten als Arbeitgeber und Dienstherr der Beschäftigten in der gemeinsamen Einrichtung.</P></Content></text><fussnoten/></textdaten></norm>
<norm builddate="20251006215007" doknr="BJNR171400011BJNE002601126"><metadaten><jurabk>VKFV</jurabk><enbez>§ 8a</enbez><titel format="XML">Kosten der Nachwuchskräfte</titel></metadaten><textdaten><text format="XML"><Content><P>Kosten der Nachwuchskräfte sind Aufwendungen für Personen, die im Rahmen ihrer Ausbildung oder ihres Studiums im Bereich der Grundsicherung für Arbeitsuchende nach dem Zweiten Buch Sozialgesetzbuch eingesetzt werden.</P></Content></text><fussnoten/></textdaten></norm>
<norm builddate="20251006215007" doknr="BJNR171400011BJNE001101126"><metadaten><jurabk>VKFV</jurabk><enbez>§ 9</enbez><titel format="XML">Sachkosten</titel></metadaten><textdaten><text format="XML"><Content><P>(1) Sachkosten sind Raumkosten, laufende Sachkosten und sonstige Sachgemeinkosten.</P><P>(2) Raumkosten sind Aufwendungen für Baumaßnahmen, Mieten und Pachten.</P><P>(3) Laufende Sachkosten sind insbesondere Aufwendungen für <DL Type="arabic"><DT>1.</DT><DD Font="normal"><LA>den Büro- und Geschäftsbedarf sowie Verbrauchsmittel,</LA></DD><DT>2.</DT><DD Font="normal"><LA>die dezentrale Informationstechnik und Kommunikation,</LA></DD><DT>3.</DT><DD Font="normal"><LA>die Geräte sowie Ausstattungs- und Ausrüstungsgegenstände,</LA></DD><DT>4.</DT><DD Font="normal"><LA>die Unterhaltung von Grundstücken und baulichen Anlagen,</LA></DD><DT>5.</DT><DD Font="normal"><LA>die Bewirtschaftung der Grundstücke, Gebäude und Räume,</LA></DD><DT>6.</DT><DD Font="normal"><LA>die Dienstreisen und die Beschaffung und Haltung von Kraftfahrzeugen sowie</LA></DD><DT>7.</DT><DD Font="normal"><LA>die Dienst- und Schutzkleidung.</LA></DD></DL></P><P>(4) Sonstige Sachgemeinkosten sind die Kapitalkosten für die Büroausstattung und deren Unterhaltung, Aufwendungen für Investitionen für den Ersatz und die Neuanschaffung von beweglichen Sachen sowie Aufwendungen für die Instandhaltung und Instandsetzung.</P></Content></text><fussnoten/></textdaten></norm>
<norm builddate="20251006215007" doknr="BJNR171400011BJNE001201126"><metadaten><jurabk>VKFV</jurabk><enbez>§ 10</enbez><titel format="XML">Amtshilfe und Arbeitnehmerüberlassung</titel></metadaten><textdaten><text format="XML"><Content><P>Kosten der Amtshilfe sind die Aufwendungen für Personal, das in der gemeinsamen Einrichtung Amtshilfe gemäß § 3 des Zehnten Buches Sozialgesetzbuch leistet. Kosten der Arbeitnehmerüberlassung sind die Aufwendungen für Personal, das in der gemeinsamen Einrichtung im Sinne des Arbeitnehmerüberlassungsgesetzes eingesetzt wird.</P></Content></text><fussnoten/></textdaten></norm>
<norm builddate="20251006215007" doknr="BJNR171400011BJNE001301126"><metadaten><jurabk>VKFV</jurabk><enbez>§ 11</enbez><titel format="XML">Leistungen Dritter</titel></metadaten><textdaten><text format="XML"><Content><P>Leistungen Dritter sind <DL Type="arabic"><DT>1.</DT><DD Font="normal"><LA>die Wahrnehmung von Aufgaben der gemeinsamen Einrichtung durch die Träger nach § 44b Absatz 4 des Zweiten Buches Sozialgesetzbuch oder</LA></DD><DT>2.</DT><DD Font="normal"><LA>die Erbringung von Dienstleistungen für die gemeinsame Einrichtung durch die Träger oder sonstige Auftragnehmer.</LA></DD></DL></P></Content></text><fussnoten/></textdaten></norm>
<norm builddate="20251006215007" doknr="BJNR171400011BJNE001402126"><metadaten><jurabk>VKFV</jurabk><enbez>§ 12</enbez><titel format="XML">Zentral verwaltete Verfahren der Informationstechnik</titel></metadaten><textdaten><text format="XML"><Content><P>Kosten der zentral verwalteten Verfahren der Informationstechnik sind die Aufwendungen der Bundesagentur für Arbeit für die Betreuung, Unterhaltung, Weiterentwicklung sowie Organisation des Betriebes der zentral verwalteten laufenden Verfahren der Informationstechnik für die gemeinsamen Einrichtungen nach § 50 Absatz 3 des Zweiten Buches Sozialgesetzbuch. Zu den Kosten der zentral verwalteten Verfahren der Informationstechnik zählen auch die Aufwendungen der Bundesagentur für Arbeit für die Betreuung, Unterhaltung, Weiterentwicklung und Organisation des Betriebes von laufenden Verfahren, die aus strukturellen, architektonischen oder sicherheitsrelevanten Gründen zum Betrieb der Verfahren nach Satz 1 notwendig sind, sowie die Aufwendungen für Informationstechnik zur Unterstützung der gemeinsamen Einrichtungen bei der Betrugsprävention und der Aufdeckung banden- oder gewerbsmäßiger Kriminalität.</P></Content></text><fussnoten/></textdaten></norm>
<norm builddate="20251006215007" doknr="BJNR171400011BJNE001502126"><metadaten><jurabk>VKFV</jurabk><enbez>§ 13</enbez><titel format="XML">Grundsätze zur Bestimmung der Gesamtverwaltungskosten</titel></metadaten><textdaten><text format="XML"><Content><P>(1) Die Bestimmung der Gesamtverwaltungskosten nach § 2 erfolgt unter Berücksichtigung der Grundsätze der Wirtschaftlichkeit und Sparsamkeit grundsätzlich auf der Grundlage der tatsächlich entstandenen Kosten. Staatliche Zuschüsse und sonstige Einnahmen oder Vergünstigungen, die die finanzielle Belastung beim Träger verringern, sind bei der Bestimmung der Gesamtverwaltungskosten ausgabemindernd zu berücksichtigen. Versorgungsaufwendungen nach § 7, Kosten der Personalverwaltung nach § 8, Kosten der Nachwuchskräfte nach § 8a und Kosten der zentral verwalteten Verfahren der Informationstechnik nach § 12 werden auf der Grundlage von Pauschalen bestimmt.</P><P>(2) Zur Bestimmung der Gesamtverwaltungskosten prüft die gemeinsame Einrichtung die geltend gemachten Aufwendungen. Diese sollen durch prüffähige Unterlagen bis zum 20. des auf den abgerechneten Monat folgenden Monats nachgewiesen werden.</P></Content></text><fussnoten/></textdaten></norm>
<norm builddate="20251006215007" doknr="BJNR171400011BJNE001604126"><metadaten><jurabk>VKFV</jurabk><enbez>§ 14</enbez><titel format="XML">Bestimmung der Personalkosten</titel></metadaten><textdaten><text format="XML"><Content><P>(1) Personalkosten nach § 5 werden in tatsächlicher Höhe anerkannt. Die Personalkosten sind aufgegliedert nach Besoldungs- und Vergütungsgruppen nachzuweisen. Umlagebestandteile sind entsprechend ihrem jeweiligen Anteil für jede Beschäftigte und jeden Beschäftigten zu berücksichtigen.</P><P>(2) Für Beschäftigte, die Altersteilzeitarbeit im Sinne des Altersteilzeitgesetzes leisten, werden als Personalkosten nach § 5 die Aufwendungen anerkannt, die der regelmäßigen Arbeitszeit des Beschäftigten entsprechen. In den Fällen, in denen eine Altersteilzeitarbeit im Rahmen eines Blockmodells nach § 2 Absatz 2 oder 3 des Altersteilzeitgesetzes geleistet wird, können aus der Differenz zwischen den nach Satz 1 anerkennungsfähigen Personalkosten und den tatsächlichen Aufwendungen während der Aktivphase Rückstellungen für die Freistellungsphase gebildet werden. Personalkosten während der Freistellungsphase werden nicht anerkannt.</P><P>(3) Für Beschäftigte, mit denen eine Wertguthabenvereinbarung im Sinne der §§ 7b bis 7f des Vierten Buches Sozialgesetzbuch oder eine Wertguthabenvereinbarung auf Grund vergleichbarer gesetzlicher oder tarifvertraglicher Regelungen geschlossen wurde, werden als Personalkosten nach § 5 die Aufwendungen anerkannt, die der regelmäßigen Arbeitszeit des Beschäftigten entsprechen. Aus der Differenz zwischen den nach Satz 1 anerkennungsfähigen Personalkosten und den tatsächlichen Aufwendungen während der Ansparphase können Rückstellungen für die Freistellungsphase gebildet werden. Personalkosten, die über die nach Satz 1 anerkennungsfähigen Aufwendungen hinausgehen, werden während der Freistellungsphase nicht anerkannt.</P></Content></text><fussnoten/></textdaten></norm>
<norm builddate="20251006215007" doknr="BJNR171400011BJNE001704126"><metadaten><jurabk>VKFV</jurabk><enbez>§ 15</enbez><titel format="XML">Bestimmung der Personalnebenkosten</titel></metadaten><textdaten><text format="XML"><Content><P>Personalnebenkosten nach § 6 werden in tatsächlicher Höhe anerkannt. Für Personalnebenkosten nach § 6 Nummer 1 und 4 können ausnahmsweise die jahresdurchschnittlichen Personalnebenkosten der Träger für den Abrechnungsmonat anerkannt werden. § 14 Absatz 1 Satz 3 gilt entsprechend.</P></Content></text><fussnoten/></textdaten></norm>
<norm builddate="20251006215007" doknr="BJNR171400011BJNE001806126"><metadaten><jurabk>VKFV</jurabk><enbez>§ 16</enbez><titel format="XML">Versorgungsaufwendungen für Beamtinnen und Beamte</titel></metadaten><textdaten><text format="XML"><Content><P>Für Versorgungsaufwendungen nach § 7 wird ein Zuschlag von bis zu 30 Prozent der nach § 14 bestimmten ruhegehaltfähigen Personalkosten für Beamtinnen und Beamte anerkannt. Abweichend von Satz 1 gilt vom 1. Januar 2015 bis 31. Dezember 2025 ein Zuschlag von bis zu 35 Prozent.</P></Content></text><fussnoten/></textdaten></norm>
<norm builddate="20251006215007" doknr="BJNR171400011BJNE001903126"><metadaten><jurabk>VKFV</jurabk><enbez>§ 17</enbez><titel format="XML">Bestimmung der Kosten für die Personalverwaltung</titel></metadaten><textdaten><text format="XML"><Content><P>Für Kosten der Personalverwaltung nach § 8 wird ein Zuschlag von bis zu 2 Prozent der nach § 14 vom jeweiligen Träger bestimmten und um die Arbeitgeberanteile zur Sozialversicherung und Zusatzversorgung nach § 5 Absatz 2 Satz 2 Nummer 7 geminderten Personalkosten anerkannt.</P></Content></text><fussnoten/></textdaten></norm>
<norm builddate="20251006215007" doknr="BJNR171400011BJNE002701126"><metadaten><jurabk>VKFV</jurabk><enbez>§ 17a</enbez><titel format="XML">Bestimmung der Kosten für Nachwuchskräfte</titel></metadaten><textdaten><text format="XML"><Content><P>(1) Für Kosten der Nachwuchskräfte nach § 8a wird ein Zuschlag von bis zu 0,5 Prozent der nach § 14 vom jeweiligen Träger bestimmten und um die Arbeitgeberanteile zur Sozialversicherung und Zusatzversorgung nach § 5 Absatz 2 Satz 2 Nummer 7 geminderten Personalkosten anerkannt.</P><P>(2) Übersteigen die bei einem Träger tatsächlich anfallenden Personal- und Personalnebenkosten der Nachwuchskräfte während ihrer Einsatzzeit in der Grundsicherung für Arbeitsuchende den nach Absatz 1 ermittelten Betrag, können diese mit Beschluss der Trägerversammlung für die Zukunft anerkannt werden. Dieser Träger hat die Kosten nach Satz 1 mindestens einmal jährlich nachzuweisen.</P></Content></text><fussnoten/></textdaten></norm>
<norm builddate="20251006215007" doknr="BJNR171400011BJNE002001126"><metadaten><jurabk>VKFV</jurabk><enbez>§ 18</enbez><titel format="XML">Bestimmung der Sachkosten und der Kosten für Amtshilfe und Arbeitnehmerüberlassung</titel></metadaten><textdaten><text format="XML"><Content><P>Sächliche Aufwendungen nach den §§ 9 und 10 werden in tatsächlicher Höhe anerkannt.</P></Content></text><fussnoten/></textdaten></norm>
<norm builddate="20251006215007" doknr="BJNR171400011BJNE002101126"><metadaten><jurabk>VKFV</jurabk><enbez>§ 19</enbez><titel format="XML">Bestimmung der Kosten für Leistungen Dritter</titel></metadaten><textdaten><text format="XML"><Content><P>Aufwendungen nach § 11 werden in tatsächlicher Höhe anerkannt, soweit auch der gemeinsamen Einrichtung Verwaltungskosten entstanden wären, wenn sie die dem Dritten übertragenen Aufgaben selbst wahrgenommen hätte.</P></Content></text><fussnoten/></textdaten></norm>
<norm builddate="20251006215007" doknr="BJNR171400011BJNE002202126"><metadaten><jurabk>VKFV</jurabk><enbez>§ 20</enbez><titel format="XML">Bestimmung der Kosten für die zentral verwalteten Verfahren der Informationstechnik</titel></metadaten><textdaten><text format="XML"><Content><P>Für die Kosten der zentral verwalteten Verfahren der Informationstechnik nach § 12 wird für jeden Mitarbeiter in der gemeinsamen Einrichtung monatlich ein Kostensatz anerkannt. Dieser Kostensatz wird jährlich nach Maßgabe der Kalkulation durch die Bundesagentur für Arbeit ermittelt. Dabei werden jeweils die Ist-Ausgaben des Vorjahres bei der Kalkulation für das Folgejahr berücksichtigt. Der Kostensatz ist durch das Bundesministerium für Arbeit und Soziales nach vorhergehender Beteiligung der Länder zu genehmigen und im Bundesanzeiger zu veröffentlichen.</P></Content></text><fussnoten><Content><P>(+++ Hinweis: Zum Kostenansatz nach § 20 Satz 1 VKFV <BR/>im Jahr 2013 vgl. Bek. 860-2-15-1 v. 30.10.2012 BAnz AT 14.11.2012 B2 (siehe: VKFVÄndBek) <BR/>im Jahr 2014 vgl. Bek. v. 8.10.2013 BAnz AT 15.10.2013 B1 (siehe: VKFVÄndBek 2014) <BR/>im Jahr 2015 vgl. Bek. v. 13.11.2014 BAnz AT 21.11.2014 B1 (siehe: VKFVÄndBek 2015) <BR/>im Jahr 2016 vgl. Bek. v. 14.12.2015 BAnz AT 24.12.2015 B3 (siehe: VKFVÄndBek 2016) <BR/>im Jahr 2017 vgl. Bek. v. 18.11.2016 BAnz AT 02.12.2016 B1 (siehe: VKFVÄndBek 2017) <BR/>im Jahr 2018 vgl. Bek. v. 5.12.2017 BAnz AT 21.12.2017 B2 (siehe: VKFVÄndBek 2018) <BR/>mWv 1.1.2019 vgl. Bek. v. 7.3.2019 BAnz AT 02.04.2019 B1 (siehe: VKFVÄndBek 2019) <BR/>mWv 1.1.2020 vgl. Bek. v. 12.2.2020 BAnz AT 03.03.2020 B1 (siehe: VKFVÄndBek 2020) <BR/>mWv 1.1.2021 vgl. Bek. v. 8.10.2020 BAnz AT 29.10.2020 B3 (siehe: VKFVÄndBek 2021) <BR/>mWv 1.1.2022 vgl. Bek. v. 21.12.2021 BAnz AT 13.01.2022 B3 (siehe: VKFVÄndBek 2022) <BR/>mWv 1.1.2023 vgl. Bek. v. 12.4.2023 BAnz AT 27.04.2023 B2 (siehe: VKFVÄndBek 2023) <BR/>mWv 1.1.2024 vgl. Bek. v. 14.12.2023 BAnz AT 14.12.2023 B4 (siehe: VKFVÄndBek 2024) <BR/>mWv 1.1.2025 vgl. Bek. v. 30.10.2024 BAnz AT 08.11.2024 B1 (siehe: VKFVÄndBek 2025) <BR/>mWv 1.1.2026 vgl. Bek. v. 3.9.2025 BAnz AT 22.09.2025 B2 (siehe: VKFVÄndBek 2026) +++)</P></Content></fussnoten></textdaten></norm>
<norm builddate="20251006215007" doknr="BJNR171400011BJNE002302126"><metadaten><jurabk>VKFV</jurabk><enbez>§ 21</enbez><titel format="XML">Monitoring</titel></metadaten><textdaten><text format="XML"><Content><P>Das Bundesministerium für Arbeit und Soziales legt anlassbezogen unter Beteiligung der Länder einen Bericht zur Umsetzung der Regelungen dieser Verordnung vor.</P></Content></text><fussnoten/></textdaten></norm>
<norm builddate="20251006215007" doknr="BJNR171400011BJNE002402126"><metadaten><jurabk>VKFV</jurabk><enbez>§ 22</enbez><titel format="XML">(Außerkrafttreten)</titel></metadaten><textdaten><text format="XML"><Content><P/></Content></text><fussnoten/></textdaten></norm>
</dokumente>