<?xml version="1.0" encoding="UTF-8" ?><!DOCTYPE dokumente SYSTEM "http://www.gesetze-im-internet.de/dtd/1.01/gii-norm.dtd">
<dokumente builddate="20120625154936" doknr="BJNR137820004"><norm builddate="20120625154936" doknr="BJNR137820004"><metadaten><jurabk>VII041378</jurabk><ausfertigung-datum manuell="ja">2004-09-20</ausfertigung-datum><fundstelle typ="amtlich"><periodikum>BGBl II</periodikum><zitstelle>2004, 1378</zitstelle></fundstelle><langue>Verordnung zur Durchführung der Vereinbarung vom 17. September 2004
zwischen dem Bundesministerium des Innern der Bundesrepublik Deutschland und
dem Ministerium des Innern der Tschechischen Republik über die Errichtung
vorgeschobener Grenzabfertigungsstellen und die Bestimmung von Strecken für die
Grenzabfertigung während der Fahrt in Zügen und auf Schiffen</langue></metadaten><textdaten><text format="decorated"/></textdaten></norm>
</dokumente>