<?xml version="1.0" encoding="UTF-8" ?><!DOCTYPE dokumente SYSTEM "http://www.gesetze-im-internet.de/dtd/1.01/gii-norm.dtd">
<dokumente builddate="20221125214005" doknr="BJNR626200022"><norm builddate="20221125214005" doknr="BJNR626200022"><metadaten><jurabk>KHKapSurV</jurabk><ausfertigung-datum manuell="ja">2022-09-19</ausfertigung-datum><fundstelle typ="amtlich"><periodikum>BAnz</periodikum><zitstelle>AT 19.09.2022 V1</zitstelle></fundstelle><langue>Verordnung zur Krankenhauskapazitätssurveillance</langue></metadaten><textdaten><fussnoten><Content><P><BR/> <pre xml:space="preserve">(+++ Textnachweis ab: 20.9.2022 +++)<BR/><BR/></pre></P></Content></fussnoten></textdaten></norm>
<norm builddate="20221125214005" doknr="BJNR626200022BJNE000100000"><metadaten><jurabk>KHKapSurV</jurabk><enbez>Eingangsformel</enbez></metadaten><textdaten><text format="XML"><Content><P>Das Bundesministerium für Gesundheit verordnet auf Grund des § 13 Absatz 7 Satz 4 Nummer 1, 2, 4 und 5 des Infektionsschutzgesetzes, der durch Artikel 1 Nummer 8 Buchstabe c des Gesetzes vom 16. September 2022 (BGBl. I S. 1454) eingefügt worden ist:</P></Content></text></textdaten></norm>
<norm builddate="20221125214005" doknr="BJNR626200022BJNE000200000"><metadaten><jurabk>KHKapSurV</jurabk><enbez>§ 1</enbez><titel format="XML">Angabe für die Ermittlung nicht intensivmedizinischer somatischer Behandlungskapazitäten</titel></metadaten><textdaten><text format="XML"><Content><P>(1) Zur Ermittlung der nicht intensivmedizinischen somatischen Behandlungskapazitäten ist als erforderliche Angabe im Sinne von § 13 Absatz 7 Satz 4 Nummer 1 des Infektionsschutzgesetzes die Anzahl der durch die vollstationäre nicht intensivmedizinische somatische Versorgung belegten Betten, differenziert nach mit Erwachsenen und Kindern belegten Betten, zu übermitteln.</P><P>(2) Die Übermittlung der Angabe nach Absatz 1 hat ab dem 20. September 2022 täglich bis 11 Uhr mit Stand des Vortages um 12 Uhr zu erfolgen.</P></Content></text></textdaten></norm>
<norm builddate="20221125214005" doknr="BJNR626200022BJNE000301000"><metadaten><jurabk>KHKapSurV</jurabk><enbez>§ 2</enbez><titel format="XML">Angaben für die Ermittlung intensivmedizinischer Behandlungskapazitäten</titel></metadaten><textdaten><text format="XML"><Content><P>(1) Zur Ermittlung der intensivmedizinischen Behandlungskapazitäten sind als erforderliche Angaben im Sinne von § 13 Absatz 7 Satz 4 Nummer 2 des Infektionsschutzgesetzes folgende Angaben zu übermitteln: <DL Type="arabic"><DT>1.</DT><DD Font="normal"><LA>die Anzahl der belegten und der belegbaren Intensivbetten, jeweils differenziert nach Erwachsenen und Kindern und nach Intensivbetten mit <DL Type="alpha"><DT>a)</DT><DD Font="normal"><LA>nicht invasiver Beatmungsmöglichkeit (ICU low care),</LA></DD><DT>b)</DT><DD Font="normal"><LA>invasiver Beatmungsmöglichkeit (ICU high care) und</LA></DD><DT>c)</DT><DD Font="normal"><LA>zusätzlicher extrakorporaler Membranoxygenierung (ECMO),</LA></DD></DL></LA></DD><DT>2.</DT><DD Font="normal"><LA>ohne Angabe von personenbezogenen Daten die Anzahl der Patientinnen und Patienten mit einer SARS-CoV-2-Infektion, die <DL Type="alpha"><DT>a)</DT><DD Font="normal"><LA>intensivmedizinisch behandelt werden, differenziert <DL Type="a-alpha"><DT>aa)</DT><DD Font="normal"><LA>nach Erwachsenen und Kindern,</LA></DD><DT>bb)</DT><DD Font="normal"><LA>nach Schwangeren,</LA></DD><DT>cc)</DT><DD Font="normal"><LA>wenn bekannt, nach SARS-CoV-2-Virusvarianten,</LA></DD><DT>dd)</DT><DD Font="normal"><LA>nach bislang erfolgten COVID-19-Schutzimpfungen,</LA></DD></DL></LA></DD><DT>b)</DT><DD Font="normal"><LA>invasiv beatmet werden oder</LA></DD><DT>c)</DT><DD Font="normal"><LA>aus der intensivmedizinischen Behandlung des Krankenhauses entlassen wurden,</LA></DD></DL></LA></DD><DT>3.</DT><DD Font="normal"><LA>ohne Angabe von personenbezogenen Daten die Anzahl der Kinder mit einer Respiratorischen Synzytial-Virus-Infektion oder einer Influenzavirus-Infektion, die intensivmedizinisch behandelt werden, und</LA></DD><DT>4.</DT><DD Font="normal"><LA>eine Einschätzung der maximalen intensivmedizinischen Behandlungskapazitäten für Neuaufnahmen innerhalb von sieben Tagen.</LA></DD></DL></P><P>(2) Die Übermittlung der Angaben nach Absatz 1 hat ab dem 26. November 2022 täglich bis 12 Uhr zu erfolgen. Die Angaben nach Absatz 1 können über die Weboberfläche des DIVI IntensivRegisters oder in maschinenlesbarer Form aus anderen IT-Systemen übermittelt werden.</P></Content></text></textdaten></norm>
<norm builddate="20221125214005" doknr="BJNR626200022BJNE000400000"><metadaten><jurabk>KHKapSurV</jurabk><enbez>§ 3</enbez><titel format="XML">Inkrafttreten</titel></metadaten><textdaten><text format="XML"><Content><P>(1) Diese Verordnung tritt vorbehaltlich des Absatzes 2 am Tag nach der Verkündung in Kraft.</P><P>(2) § 2 tritt am 26. November 2022 in Kraft.</P></Content></text></textdaten></norm>
</dokumente>