<?xml version="1.0" encoding="UTF-8" ?><!DOCTYPE dokumente SYSTEM "http://www.gesetze-im-internet.de/dtd/1.01/gii-norm.dtd">
<dokumente builddate="20120807043543" doknr="BJNR005040973"><norm builddate="20120807043543" doknr="BJNR005040973"><metadaten><jurabk>KredAufnBegrV 1973</jurabk><ausfertigung-datum manuell="ja">1973-06-01</ausfertigung-datum><fundstelle typ="amtlich"><periodikum>BGBl I</periodikum><zitstelle>1973, 504</zitstelle></fundstelle><langue>Verordnung über die Begrenzung der Kreditaufnahme durch Bund, Länder,
Gemeinden und Gemeindeverbände im Haushaltsjahr 1973</langue></metadaten><textdaten><text format="XML"><Content><P/></Content></text><fussnoten><Content><P>(+++ Textnachweis ab:  6. 6.1973 +++)</P></Content></fussnoten></textdaten></norm>
<norm builddate="20120807043543" doknr="BJNR005040973BJNE000100312"><metadaten><jurabk>KredAufnBegrV 1973</jurabk><enbez>Eingangsformel</enbez></metadaten><textdaten><text format="XML"><Content><P>Auf Grund der §§ 19 und 20 des Gesetzes zur Förderung der Stabilität und des Wachstums der Wirtschaft vom 8. Juni 1967 (Bundesgesetzbl. I S. 582), geändert durch das Finanzanpassungsgesetz vom 30. August 1971 (Bundesgesetzbl. I S. 1426), verordnet die Bundesregierung nach Anhörung des Konjunkturrates für die öffentliche Hand mit Zustimmung des Bundesrates:</P></Content></text></textdaten></norm>
<norm builddate="20120807043543" doknr="BJNR005040973BJNE000200312"><metadaten><jurabk>KredAufnBegrV 1973</jurabk><enbez>§ 1</enbez></metadaten><textdaten><text format="XML"><Content><P>(1) Bund, Länder, Gemeinden und Gemeindeverbände begrenzen die Beschaffung von Geldmitteln im Wege des Kredits für das Haushaltsjahr 1973 auf einen Höchstbetrag.</P><P>(2) Der Höchstbetrag für den Bund wird auf 2.100 Millionen DM festgesetzt.</P><P>(3) Die Höchstbeträge für die Kreditaufnahme der Länder werden wie folgt festgesetzt (in Millionen DM): <BR/><table frame="none" tocentry="%yes;">
	<tgroup align="left" char="" charoff="50" cols="2" colsep="0" rowsep="0">
		<colspec colname="col1" colnum="1" colwidth="60*"/>
		<colspec colname="col2" colnum="2" colwidth="10*"/>
		<tbody valign="top">
			<row>
				<entry VJ="1" align="left" colsep="0" valign="top">Schleswig-Holstein</entry>
				<entry VJ="1" align="left" colsep="0" valign="top">393</entry>
			</row>
			<row>
				<entry VJ="1" align="left" colsep="0" valign="top">Niedersachsen</entry>
				<entry VJ="1" align="left" colsep="0" valign="top">361</entry>
			</row>
			<row>
				<entry VJ="1" align="left" colsep="0" valign="top">Nordrhein-Westfalen</entry>
				<entry VJ="1" align="left" colsep="0" valign="top">586</entry>
			</row>
			<row>
				<entry VJ="1" align="left" colsep="0" valign="top">Hessen</entry>
				<entry VJ="1" align="left" colsep="0" valign="top">580</entry>
			</row>
			<row>
				<entry VJ="1" align="left" colsep="0" valign="top">Rheinland-Pfalz</entry>
				<entry VJ="1" align="left" colsep="0" valign="top">560</entry>
			</row>
			<row>
				<entry VJ="1" align="left" colsep="0" valign="top">Baden-Württemberg</entry>
				<entry VJ="1" align="left" colsep="0" valign="top">259</entry>
			</row>
			<row>
				<entry VJ="1" align="left" colsep="0" valign="top">Bayern</entry>
				<entry VJ="1" align="left" colsep="0" valign="top">230</entry>
			</row>
			<row>
				<entry VJ="1" align="left" colsep="0" valign="top">Saarland</entry>
				<entry VJ="1" align="left" colsep="0" valign="top">112</entry>
			</row>
			<row>
				<entry VJ="1" align="left" colsep="0" valign="top">Hamburg</entry>
				<entry VJ="1" align="left" colsep="0" valign="top">498</entry>
			</row>
			<row>
				<entry VJ="1" align="left" colsep="0" valign="top">Bremen</entry>
				<entry VJ="1" align="left" colsep="0" valign="top">255</entry>
			</row>
			<row>
				<entry VJ="1" align="left" colsep="0" valign="top">Berlin</entry>
				<entry VJ="1" align="left" colsep="0" valign="top">485</entry>
			</row>
		</tbody>
	</tgroup>
</table> </P><P>(4) Die Höchstbeträge für die Kreditaufnahme der Gemeinden und Gemeindeverbände werden auf das 1,56fache des Durchschnitts ihrer Kreditaufnahmen in den Jahren 1967 bis 1971 nach Maßgabe der Haushaltsrechnungen festgelegt. Die einzelnen Länder können in Härtefällen Ausnahmen zulassen. Dabei haben sie sicherzustellen, daß im Jahre 1973 die Kreditaufnahmen ihrer Gemeinden und Gemeindeverbände insgesamt folgende Beträge nicht übersteigen (in Millionen DM): <BR/><table frame="none" tocentry="%yes;">
	<tgroup align="left" char="" charoff="50" cols="2" colsep="0" rowsep="0">
		<colspec colname="col1" colnum="1" colwidth="40*"/>
		<colspec colname="col2" colnum="2" colwidth="15*"/>
		<tbody valign="top">
			<row>
				<entry VJ="1" align="left" colsep="0" valign="top">In Schleswig-Holstein</entry>
				<entry VJ="1" align="right" colsep="0" valign="top">148</entry>
			</row>
			<row>
				<entry VJ="1" align="left" colsep="0" valign="top">in Niedersachsen</entry>
				<entry VJ="1" align="right" colsep="0" valign="top">729</entry>
			</row>
			<row>
				<entry VJ="1" align="left" colsep="0" valign="top">in Nordrhein-Westfalen</entry>
				<entry VJ="1" align="right" colsep="0" valign="top">1.759</entry>
			</row>
			<row>
				<entry VJ="1" align="left" colsep="0" valign="top">in Hessen</entry>
				<entry VJ="1" align="right" colsep="0" valign="top">596</entry>
			</row>
			<row>
				<entry VJ="1" align="left" colsep="0" valign="top">in Rheinland-Pfalz</entry>
				<entry VJ="1" align="right" colsep="0" valign="top">584</entry>
			</row>
			<row>
				<entry VJ="1" align="left" colsep="0" valign="top">in Baden-Württemberg</entry>
				<entry VJ="1" align="right" colsep="0" valign="top">575</entry>
			</row>
			<row>
				<entry VJ="1" align="left" colsep="0" valign="top">in Bayern</entry>
				<entry VJ="1" align="right" colsep="0" valign="top">1.093</entry>
			</row>
			<row>
				<entry VJ="1" align="left" colsep="0" valign="top">im Saarland</entry>
				<entry VJ="1" align="right" colsep="0" valign="top">116</entry>
			</row>
		</tbody>
	</tgroup>
</table> <BR/>Sind kommunale Körperschaften ab 1. Januar 1967 neu- oder umgebildet worden, so sind die Kreditaufnahmen der Körperschaften vor der Neu- oder Umbildung den neu- oder umgebildeten Körperschaften im Verhältnis der in sie aufgenommenen Einwohner zuzurechnen; die Länder können Abweichungen zulassen.</P></Content>   </text></textdaten></norm>
<norm builddate="20120807043543" doknr="BJNR005040973BJNE000300312"><metadaten><jurabk>KredAufnBegrV 1973</jurabk><enbez>§ 2</enbez></metadaten><textdaten><text format="XML"><Content><P>(1) Kredit im Sinne dieser Verordnung ist jede Beschaffung von Geldmitteln durch Anleihen, Darlehen oder sonstige Rechtsgeschäfte, die einer Darlehensaufnahme wirtschaftlich gleichkommen, mit Ausnahme der Kredite, die von Gemeinden und Gemeindeverbänden zur Finanzierung von Investitionsvorhaben ihrer wirtschaftlichen Unternehmen ohne eigene Rechtspersönlichkeit aufgenommen werden.</P><P>(2) Der Berechnung der Höchstbeträge sind die Kreditaufnahmen am Kreditmarkt abzüglich der entsprechenden Tilgungsausgaben zugrunde zu legen.</P><P>(3) Kreditaufnahmen auf Grund früherer Ermächtigungen sind auf den Höchstbetrag anzurechnen.</P><P>(4) Kassenkredite, Kreditaufnahmen bei einer der in § 19 Satz 1 des Gesetzes zur Förderung der Stabilität und des Wachstums der Wirtschaft bezeichneten Stellen, Kreditaufnahmen gemäß § 20 Abs. 3 des Gesetzes sowie die Stabilitätsanleihe des Bundes bleiben außer Betracht.</P></Content>   </text></textdaten></norm>
<norm builddate="20120807043543" doknr="BJNR005040973BJNE000400312"><metadaten><jurabk>KredAufnBegrV 1973</jurabk><enbez>§ 3</enbez></metadaten><textdaten><text format="XML"><Content><P>Im Rahmen der sich aus § 1 ergebenden Höchstbeträge dürfen Anleihen und Schuldscheindarlehen nur nach Maßgabe eines vom Konjunkturrat für die öffentliche Hand nach § 22 des Gesetzes zur Förderung der Stabilität und des Wachstums der Wirtschaft aufzustellenden Zeitplans aufgenommen werden. Dies gilt nicht für Schuldscheindarlehen, soweit sie im Einzelfall 20 Millionen DM nicht übersteigen.</P></Content></text></textdaten></norm>
<norm builddate="20120807043543" doknr="BJNR005040973BJNE000500312"><metadaten><jurabk>KredAufnBegrV 1973</jurabk><enbez>§ 4</enbez></metadaten><textdaten><text format="XML"><Content><P>Diese Verordnung gilt nach § 14 des Dritten Überleitungsgesetzes vom 4. Januar 1952 (Bundesgesetzblatt I S. 1) in Verbindung mit § 32 des Gesetzes zur Förderung der Stabilität und des Wachstums der Wirtschaft auch im Land Berlin.</P></Content></text></textdaten></norm>
<norm builddate="20120807043543" doknr="BJNR005040973BJNE000600312"><metadaten><jurabk>KredAufnBegrV 1973</jurabk><enbez>§ 5</enbez></metadaten><textdaten><text format="XML"><Content><P>Diese Verordnung tritt am Tage nach der Verkündung in Kraft.</P></Content></text></textdaten></norm>
</dokumente>