<?xml version="1.0" encoding="UTF-8" ?><!DOCTYPE dokumente SYSTEM "http://www.gesetze-im-internet.de/dtd/1.01/gii-norm.dtd">
<dokumente builddate="20221123213010" doknr="BJNR048700022"><norm builddate="20221123213010" doknr="BJNR048700022"><metadaten><jurabk>ZahnmedAusbV 2022</jurabk><amtabk>ZahnmedAusbV</amtabk><ausfertigung-datum manuell="ja">2022-03-16</ausfertigung-datum><fundstelle typ="amtlich"><periodikum>BGBl I</periodikum><zitstelle>2022, 487</zitstelle></fundstelle><langue>Verordnung über die Berufsausbildung zum Zahnmedizinischen Fachangestellten und zur Zahnmedizinischen Fachangestellten<FnR ID="F820952_01_BJNR048700022"/></langue><standangabe checked="ja"><standtyp>Sonst</standtyp><standkommentar>Ersetzt V 806-21-1-287 v. 4.7.2001 I 1492 (ZahnmedAusbV)</standkommentar></standangabe></metadaten><textdaten><text format="XML"><Footnotes><Footnote FnZ="*" Group="column" ID="F820952_01_BJNR048700022" Pos="exp"><noindex>Diese Rechtsverordnung ist eine Ausbildungsordnung im Sinne des § 4 des Berufsbildungsgesetzes. Die Ausbildungsordnung und der damit abgestimmte, von der Ständigen Konferenz der Kultusminister der Länder in der Bundesrepublik Deutschland beschlossene Rahmenlehrplan für die Berufsschule werden demnächst im amtlichen Teil des Bundesanzeigers veröffentlicht.</noindex></Footnote></Footnotes></text><fussnoten><Content><P><BR/> <pre xml:space="preserve">(+++ Textnachweis ab: 1.8.2022 +++)<BR/><BR/></pre></P></Content></fussnoten></textdaten></norm>
<norm builddate="20221123213010" doknr="BJNR048700022BJNE000100000"><metadaten><jurabk>ZahnmedAusbV 2022</jurabk><jurabk>ZahnmedAusbV</jurabk><enbez>Eingangsformel</enbez></metadaten><textdaten><text format="XML"><Content><P>Auf Grund des § 4 Absatz 1 des Berufsbildungsgesetzes in der Fassung der Bekanntmachung vom 4. Mai 2020 (BGBl. I S. 920) verordnet das Bundesministerium für Gesundheit im Einvernehmen mit dem Bundesministerium für Bildung und Forschung:</P></Content></text></textdaten></norm>
<norm builddate="20221123213010" doknr="BJNR048700022BJNE000200000"><metadaten><jurabk>ZahnmedAusbV 2022</jurabk><jurabk>ZahnmedAusbV</jurabk><enbez>Inhaltsübersicht</enbez></metadaten><textdaten><text format="XML"><TOC><Ident Class="S0">Abschnitt 1</Ident><P/><Title Align="auto" Class="S0">Gegenstand, Dauer und<BR/> Gliederung der Berufsausbildung</Title><P/><table colsep="0" frame="none" pgwide="1" rowsep="0" tocentry="%yes;"><tgroup align="left" char="" charoff="50" cols="2"><colspec colname="col1" colwidth="8*"/><colspec align="justify" colname="col2" colwidth="72*"/><tbody valign="top"><row><entry VJ="1" colname="col1">§  1</entry><entry VJ="1" colname="col2">Staatliche Anerkennung des Ausbildungsberufes</entry></row><row><entry VJ="1" colname="col1">§  2</entry><entry VJ="1" colname="col2">Dauer der Berufsausbildung</entry></row><row><entry VJ="1" colname="col1">§  3</entry><entry VJ="1" colname="col2">Gegenstand der Berufsausbildung und Ausbildungsrahmenplan</entry></row><row><entry VJ="1" colname="col1">§  4</entry><entry VJ="1" colname="col2">Struktur der Berufsausbildung und Ausbildungsberufsbild</entry></row><row><entry VJ="1" colname="col1">§  5</entry><entry VJ="1" colname="col2">Ausbildungsplan</entry></row></tbody></tgroup></table><P/><Ident Class="S0">Abschnitt 2</Ident><P/><Title Align="auto" Class="S0">Abschlussprüfung</Title><P/><table colsep="0" frame="none" pgwide="1" rowsep="0" tocentry="%yes;"><tgroup align="left" char="" charoff="50" cols="2"><colspec colname="col1" colwidth="8*"/><colspec align="justify" colname="col2" colwidth="72*"/><tbody valign="top"><row><entry VJ="1" colname="col1">§  6</entry><entry VJ="1" colname="col2">Aufteilung in zwei Teile und Zeitpunkt</entry></row><row><entry VJ="1" colname="col1">§  7</entry><entry VJ="1" colname="col2">Inhalt des Teiles 1</entry></row><row><entry VJ="1" colname="col1">§  8</entry><entry VJ="1" colname="col2">Prüfungsbereiche des Teiles 1</entry></row><row><entry VJ="1" colname="col1">§  9</entry><entry VJ="1" colname="col2">Prüfungsbereich „Durchführen von Hygienemaßnahmen und Aufbereiten von Medizinprodukten“</entry></row><row><entry VJ="1" colname="col1">§ 10</entry><entry VJ="1" colname="col2">Prüfungsbereich „Empfangen und Aufnehmen von Patientinnen und Patienten“</entry></row><row><entry VJ="1" colname="col1">§ 11</entry><entry VJ="1" colname="col2">Inhalt des Teiles 2</entry></row><row><entry VJ="1" colname="col1">§ 12</entry><entry VJ="1" colname="col2">Prüfungsbereiche des Teiles 2</entry></row><row><entry VJ="1" colname="col1">§ 13</entry><entry VJ="1" colname="col2">Prüfungsbereich „Assistieren bei und Dokumentieren von zahnärztlichen Maßnahmen“</entry></row><row><entry VJ="1" colname="col1">§ 14</entry><entry VJ="1" colname="col2">Prüfungsbereich „Organisieren der Verwaltungsprozesse und Abrechnen von Leistungen“</entry></row><row><entry VJ="1" colname="col1">§ 15</entry><entry VJ="1" colname="col2">Prüfungsbereich „Wirtschafts- und Sozialkunde“</entry></row><row><entry VJ="1" colname="col1">§ 16</entry><entry VJ="1" colname="col2">Gewichtung der Prüfungsbereiche und Anforderungen für das Bestehen der Abschlussprüfung</entry></row><row><entry VJ="1" colname="col1">§ 17</entry><entry VJ="1" colname="col2">Mündliche Ergänzungsprüfung</entry></row></tbody></tgroup></table><P/><Ident Class="S0">Abschnitt 3</Ident><P/><Title Align="auto" Class="S0">Schlussvorschriften</Title><P/><table colsep="0" frame="none" pgwide="1" rowsep="0" tocentry="%yes;"><tgroup align="left" char="" charoff="50" cols="3"><colspec colname="col1" colwidth="8*"/><colspec align="justify" colname="col2" colwidth="4*"/><colspec align="justify" colname="col3" colwidth="68*"/><tbody valign="top"><row><entry VJ="1" colname="col1">§ 18</entry><entry VJ="1" nameend="col3" namest="col2">Bestehende Berufsausbildungsverhältnisse</entry></row><row><entry VJ="1" colname="col1">§ 19</entry><entry VJ="1" nameend="col3" namest="col2">Inkrafttreten, Außerkrafttreten</entry></row><row><entry VJ="1" nameend="col2" namest="col1">Anlage</entry><entry VJ="1" colname="col3">Ausbildungsrahmenplan für die Berufsausbildung zum Zahnmedizinischen Fachangestellten und zur Zahnmedizinischen Fachangestellten</entry></row></tbody></tgroup></table></TOC></text></textdaten></norm>
<norm builddate="20221123213010" doknr="BJNR048700022BJNG000100000"><metadaten><jurabk>ZahnmedAusbV 2022</jurabk><jurabk>ZahnmedAusbV</jurabk><gliederungseinheit><gliederungskennzahl>010</gliederungskennzahl><gliederungsbez>Abschnitt 1</gliederungsbez><gliederungstitel>Gegenstand, Dauer und Gliederung der Berufsausbildung</gliederungstitel></gliederungseinheit></metadaten><textdaten/></norm>
<norm builddate="20221123213010" doknr="BJNR048700022BJNE000300000"><metadaten><jurabk>ZahnmedAusbV 2022</jurabk><jurabk>ZahnmedAusbV</jurabk><enbez>§ 1</enbez><titel format="XML">Staatliche Anerkennung des Ausbildungsberufes</titel></metadaten><textdaten><text format="XML"><Content><P>Der Ausbildungsberuf mit der Berufsbezeichnung des Zahnmedizinischen Fachangestellten und der Zahnmedizinischen Fachangestellten wird nach § 4 Absatz 1 des Berufsbildungsgesetzes staatlich anerkannt.</P></Content></text></textdaten></norm>
<norm builddate="20221123213010" doknr="BJNR048700022BJNE000400000"><metadaten><jurabk>ZahnmedAusbV 2022</jurabk><jurabk>ZahnmedAusbV</jurabk><enbez>§ 2</enbez><titel format="XML">Dauer der Berufsausbildung</titel></metadaten><textdaten><text format="XML"><Content><P>Die Berufsausbildung dauert drei Jahre.</P></Content></text></textdaten></norm>
<norm builddate="20221123213010" doknr="BJNR048700022BJNE000500000"><metadaten><jurabk>ZahnmedAusbV 2022</jurabk><jurabk>ZahnmedAusbV</jurabk><enbez>§ 3</enbez><titel format="XML">Gegenstand der Berufsausbildung und Ausbildungsrahmenplan</titel></metadaten><textdaten><text format="XML"><Content><P>(1) Gegenstand der Berufsausbildung sind mindestens die im Ausbildungsrahmenplan (Anlage) genannten Fertigkeiten, Kenntnisse und Fähigkeiten.</P><P>(2) Von der Organisation der Berufsausbildung, wie sie im Ausbildungsrahmenplan vorgegeben ist, darf von den Ausbildenden abgewichen werden, wenn und soweit betriebspraktische Besonderheiten oder Gründe, die in der Person des oder der Auszubildenden liegen, die Abweichung erfordern.</P><P>(3) Die im Ausbildungsrahmenplan genannten Fertigkeiten, Kenntnisse und Fähigkeiten sollen von den Ausbildenden so vermittelt werden, dass die Auszubildenden die berufliche Handlungsfähigkeit nach § 1 Absatz 3 des Berufsbildungsgesetzes erlangen. Die berufliche Handlungsfähigkeit schließt insbesondere selbständiges Planen, Durchführen und Kontrollieren bei der Ausübung der beruflichen Aufgaben ein.</P></Content></text></textdaten></norm>
<norm builddate="20221123213010" doknr="BJNR048700022BJNE000600000"><metadaten><jurabk>ZahnmedAusbV 2022</jurabk><jurabk>ZahnmedAusbV</jurabk><enbez>§ 4</enbez><titel format="XML">Struktur der Berufsausbildung und Ausbildungsberufsbild</titel></metadaten><textdaten><text format="XML"><Content><P>(1) Die Berufsausbildung gliedert sich in: <DL Type="arabic"><DT>1.</DT><DD Font="normal"><LA>berufsprofilgebende Fertigkeiten, Kenntnisse und Fähigkeiten sowie</LA></DD><DT>2.</DT><DD Font="normal"><LA>integrativ zu vermittelnde Fertigkeiten, Kenntnisse und Fähigkeiten.</LA></DD></DL>Die Fertigkeiten, Kenntnisse und Fähigkeiten sind in Berufsbildpositionen gebündelt.</P><P>(2) Die Berufsbildpositionen der berufsprofilgebenden Fertigkeiten, Kenntnisse und Fähigkeiten sind: <DL Type="arabic"><DT>1.</DT><DD Font="normal"><LA>Verschwiegenheitspflichten und berufsrechtliche Vorgaben erkennen und einhalten,</LA></DD><DT>2.</DT><DD Font="normal"><LA>Patientinnen und Patienten individuell betreuen,</LA></DD><DT>3.</DT><DD Font="normal"><LA>über Prävention und Gesundheitsförderung informieren sowie bei Prophylaxemaßnahmen mitwirken,</LA></DD><DT>4.</DT><DD Font="normal"><LA>Hygienemaßnahmen durchführen,</LA></DD><DT>5.</DT><DD Font="normal"><LA>Medizinprodukte aufbereiten und freigeben,</LA></DD><DT>6.</DT><DD Font="normal"><LA>zahnärztliche diagnostische und therapeutische Maßnahmen vorbereiten, dabei assistieren und nachbereiten,</LA></DD><DT>7.</DT><DD Font="normal"><LA>bildgebende Verfahren unter Beachtung von Strahlenschutzmaßnahmen durchführen,</LA></DD><DT>8.</DT><DD Font="normal"><LA>bei medizinischen Not- und Zwischenfällen handeln,</LA></DD><DT>9.</DT><DD Font="normal"><LA>Arbeitsprozesse organisieren und Qualitätsmanagement umsetzen und</LA></DD><DT>10.</DT><DD Font="normal"><LA>zahnärztliche Leistungen abrechnen.</LA></DD></DL></P><P>(3) Die Berufsbildpositionen der integrativ zu vermittelnden Fertigkeiten, Kenntnisse und Fähigkeiten sind: <DL Type="arabic"><DT>1.</DT><DD Font="normal"><LA>Organisation des Ausbildungsbetriebes, Berufsbildung sowie Arbeits- und Tarifrecht,</LA></DD><DT>2.</DT><DD Font="normal"><LA>Sicherheit und Gesundheit bei der Arbeit,</LA></DD><DT>3.</DT><DD Font="normal"><LA>Umweltschutz und Nachhaltigkeit,</LA></DD><DT>4.</DT><DD Font="normal"><LA>digitalisierte Arbeitswelt und</LA></DD><DT>5.</DT><DD Font="normal"><LA>Kommunikation und Kooperation.</LA></DD></DL></P></Content></text></textdaten></norm>
<norm builddate="20221123213010" doknr="BJNR048700022BJNE000700000"><metadaten><jurabk>ZahnmedAusbV 2022</jurabk><jurabk>ZahnmedAusbV</jurabk><enbez>§ 5</enbez><titel format="XML">Ausbildungsplan</titel></metadaten><textdaten><text format="XML"><Content><P>Die Ausbildenden haben spätestens zu Beginn der Ausbildung auf der Grundlage des Ausbildungsrahmenplans für jeden Auszubildenden und für jede Auszubildende einen Ausbildungsplan zu erstellen.</P></Content></text></textdaten></norm>
<norm builddate="20221123213010" doknr="BJNR048700022BJNG000200000"><metadaten><jurabk>ZahnmedAusbV 2022</jurabk><jurabk>ZahnmedAusbV</jurabk><gliederungseinheit><gliederungskennzahl>020</gliederungskennzahl><gliederungsbez>Abschnitt 2</gliederungsbez><gliederungstitel>Abschlussprüfung</gliederungstitel></gliederungseinheit></metadaten><textdaten/></norm>
<norm builddate="20221123213010" doknr="BJNR048700022BJNE000800000"><metadaten><jurabk>ZahnmedAusbV 2022</jurabk><jurabk>ZahnmedAusbV</jurabk><enbez>§ 6</enbez><titel format="XML">Aufteilung in zwei Teile und Zeitpunkt</titel></metadaten><textdaten><text format="XML"><Content><P>(1) Die Abschlussprüfung besteht aus den Teilen 1 und 2.</P><P>(2) Teil 1 soll im vierten Ausbildungshalbjahr stattfinden.</P><P>(3) Teil 2 findet am Ende der Berufsausbildung statt.</P><P>(4) Den jeweiligen Zeitpunkt legt die zuständige Stelle fest.</P></Content></text></textdaten></norm>
<norm builddate="20221123213010" doknr="BJNR048700022BJNE000900000"><metadaten><jurabk>ZahnmedAusbV 2022</jurabk><jurabk>ZahnmedAusbV</jurabk><enbez>§ 7</enbez><titel format="XML">Inhalt des Teiles 1</titel></metadaten><textdaten><text format="XML"><Content><P>Teil 1 der Abschlussprüfung erstreckt sich auf <DL Type="arabic"><DT>1.</DT><DD Font="normal"><LA>die im Ausbildungsrahmenplan für die ersten 18 Monate genannten Fertigkeiten, Kenntnisse und Fähigkeiten sowie</LA></DD><DT>2.</DT><DD Font="normal"><LA>den im Berufsschulunterricht zu vermittelnden Lehrstoff, soweit er den im Ausbildungsrahmenplan genannten Fertigkeiten, Kenntnissen und Fähigkeiten entspricht.</LA></DD></DL></P></Content></text></textdaten></norm>
<norm builddate="20221123213010" doknr="BJNR048700022BJNE001000000"><metadaten><jurabk>ZahnmedAusbV 2022</jurabk><jurabk>ZahnmedAusbV</jurabk><enbez>§ 8</enbez><titel format="XML">Prüfungsbereiche des Teiles 1</titel></metadaten><textdaten><text format="XML"><Content><P>Teil 1 der Abschlussprüfung findet in den folgenden Prüfungsbereichen statt: <DL Type="arabic"><DT>1.</DT><DD Font="normal"><LA>„Durchführen von Hygienemaßnahmen und Aufbereiten von Medizinprodukten“ und</LA></DD><DT>2.</DT><DD Font="normal"><LA>„Empfangen und Aufnehmen von Patientinnen und Patienten“.</LA></DD></DL></P></Content></text></textdaten></norm>
<norm builddate="20221123213010" doknr="BJNR048700022BJNE001100000"><metadaten><jurabk>ZahnmedAusbV 2022</jurabk><jurabk>ZahnmedAusbV</jurabk><enbez>§ 9</enbez><titel format="XML">Prüfungsbereich „Durchführen von Hygienemaßnahmen und Aufbereiten von Medizinprodukten“</titel></metadaten><textdaten><text format="XML"><Content><P>(1) Im Prüfungsbereich „Durchführen von Hygienemaßnahmen und Aufbereiten von Medizinprodukten“ hat der Prüfling nachzuweisen, dass er in der Lage ist, <DL Type="arabic"><DT>1.</DT><DD Font="normal"><LA>aufgabenbezogene Anforderungen zu analysieren und Arbeitsprozesse zu strukturieren,</LA></DD><DT>2.</DT><DD Font="normal"><LA>Arbeitsschritte zu planen und Arbeitsmittel auszuwählen,</LA></DD><DT>3.</DT><DD Font="normal"><LA>Hygienemaßnahmen für diagnostische und therapeutische zahnmedizinische Maßnahmen vorzubereiten und umzusetzen, dabei die erforderliche Patientensicherheit zu gewährleisten,</LA></DD><DT>4.</DT><DD Font="normal"><LA>Verfahren zur rechtskonformen Aufbereitung von Medizinprodukten auf Grundlage von Risikobewertung und Einstufung der Medizinprodukte unter Berücksichtigung der Wirkungsweisen auszuwählen,</LA></DD><DT>5.</DT><DD Font="normal"><LA>die Aufbereitung von Medizinprodukten vorzubereiten, durchzuführen und nachzubereiten,</LA></DD><DT>6.</DT><DD Font="normal"><LA>durchgeführte Maßnahmen zu bewerten, Medizinprodukte freizugeben und zu dokumentieren und</LA></DD><DT>7.</DT><DD Font="normal"><LA>Vorgaben zur Qualitätssicherung, zum Umweltschutz sowie zur Sicherheit und zum Gesundheitsschutz bei der Arbeit einzuhalten.</LA></DD></DL></P><P>(2) Die Aufgaben müssen praxisbezogen sein. Der Prüfling hat die Aufgaben schriftlich zu bearbeiten.</P><P>(3) Die Prüfungszeit beträgt 60 Minuten.</P></Content></text></textdaten></norm>
<norm builddate="20221123213010" doknr="BJNR048700022BJNE001200000"><metadaten><jurabk>ZahnmedAusbV 2022</jurabk><jurabk>ZahnmedAusbV</jurabk><enbez>§ 10</enbez><titel format="XML">Prüfungsbereich „Empfangen und Aufnehmen von Patientinnen und Patienten“</titel></metadaten><textdaten><text format="XML"><Content><P>(1) Im Prüfungsbereich „Empfangen und Aufnehmen von Patientinnen und Patienten“ hat der Prüfling nachzuweisen, dass er in der Lage ist, <DL Type="arabic"><DT>1.</DT><DD Font="normal"><LA>Anliegen von Patientinnen und Patienten zu erfassen und lösungsorientiert zu bearbeiten,</LA></DD><DT>2.</DT><DD Font="normal"><LA>Patientinnen und Patienten aufzunehmen, bei der Anamneseerhebung zu unterstützen und dabei rechtliche Regelungen, insbesondere zum Datenschutz und zur ärztlichen Schweigepflicht, einzuhalten,</LA></DD><DT>3.</DT><DD Font="normal"><LA>Maßnahmen zur Vorsorge sowie zur Durchführung und Nachsorge zahnärztlicher Behandlungen adressatengerecht zu erläutern,</LA></DD><DT>4.</DT><DD Font="normal"><LA>Leistungen für die Abrechnung zu erfassen und dabei rechtliche Regelungen zu berücksichtigen und</LA></DD><DT>5.</DT><DD Font="normal"><LA>fachliche Hintergründe aufzuzeigen und die Vorgehensweisen zu begründen.</LA></DD></DL></P><P>(2) Die Aufgaben müssen praxisbezogen sein. Der Prüfling hat die Aufgaben schriftlich zu bearbeiten.</P><P>(3) Die Prüfungszeit beträgt 60 Minuten.</P></Content></text></textdaten></norm>
<norm builddate="20221123213010" doknr="BJNR048700022BJNE001300000"><metadaten><jurabk>ZahnmedAusbV 2022</jurabk><jurabk>ZahnmedAusbV</jurabk><enbez>§ 11</enbez><titel format="XML">Inhalt des Teiles 2</titel></metadaten><textdaten><text format="XML"><Content><P>(1) Teil 2 der Abschlussprüfung erstreckt sich auf <DL Type="arabic"><DT>1.</DT><DD Font="normal"><LA>die im Ausbildungsrahmenplan genannten Fertigkeiten, Kenntnisse und Fähigkeiten sowie</LA></DD><DT>2.</DT><DD Font="normal"><LA>den im Berufsschulunterricht zu vermittelnden Lehrstoff, soweit er den im Ausbildungsrahmenplan genannten Fertigkeiten, Kenntnissen und Fähigkeiten entspricht.</LA></DD></DL></P><P>(2) In Teil 2 der Abschlussprüfung sollen Fertigkeiten, Kenntnisse und Fähigkeiten, die bereits Gegenstand von Teil 1 der Abschlussprüfung waren, nur insoweit einbezogen werden, als es für die Feststellung der beruflichen Handlungsfähigkeit erforderlich ist.</P></Content></text></textdaten></norm>
<norm builddate="20221123213010" doknr="BJNR048700022BJNE001400000"><metadaten><jurabk>ZahnmedAusbV 2022</jurabk><jurabk>ZahnmedAusbV</jurabk><enbez>§ 12</enbez><titel format="XML">Prüfungsbereiche des Teiles 2</titel></metadaten><textdaten><text format="XML"><Content><P>Teil 2 der Abschlussprüfung findet in den folgenden Prüfungsbereichen statt: <DL Type="arabic"><DT>1.</DT><DD Font="normal"><LA>„Assistieren bei und Dokumentieren von zahnärztlichen Maßnahmen“,</LA></DD><DT>2.</DT><DD Font="normal"><LA>„Organisieren der Verwaltungsprozesse und Abrechnen von Leistungen“ sowie</LA></DD><DT>3.</DT><DD Font="normal"><LA>„Wirtschafts- und Sozialkunde“.</LA></DD></DL></P></Content></text></textdaten></norm>
<norm builddate="20221123213010" doknr="BJNR048700022BJNE001500000"><metadaten><jurabk>ZahnmedAusbV 2022</jurabk><jurabk>ZahnmedAusbV</jurabk><enbez>§ 13</enbez><titel format="XML">Prüfungsbereich „Assistieren bei und Dokumentieren von zahnärztlichen Maßnahmen“</titel></metadaten><textdaten><text format="XML"><Content><P>(1) Im Prüfungsbereich „Assistieren bei und Dokumentieren von zahnärztlichen Maßnahmen“ hat der Prüfling nachzuweisen, dass er in der Lage ist, <DL Type="arabic"><DT>1.</DT><DD Font="normal"><LA>Arbeitsprozesse bei Diagnostik und Therapie unter Berücksichtigung der Entstehung, des Verlaufs und der Symptomatik zahnmedizinischer Erkrankungen zu planen,</LA></DD><DT>2.</DT><DD Font="normal"><LA>Arbeitsmittel unter Berücksichtigung ihrer Funktion und ihres Aufbaus auszuwählen,</LA></DD><DT>3.</DT><DD Font="normal"><LA>Untersuchungen und Behandlungen vorzubereiten,</LA></DD><DT>4.</DT><DD Font="normal"><LA>mit Patientinnen und Patienten situations- und adressatengerecht zu kommunizieren,</LA></DD><DT>5.</DT><DD Font="normal"><LA>bei diagnostischen und therapeutischen zahnmedizinischen Maßnahmen zu assistieren und dabei Instrumente und Geräte maßnahmenbezogen handzuhaben,</LA></DD><DT>6.</DT><DD Font="normal"><LA>bildgebende Verfahren nach Anweisung, unter Beachtung rechtlicher Regelungen und unter Anwendung der Kenntnisse im Strahlenschutz, durchzuführen sowie zu dokumentieren,</LA></DD><DT>7.</DT><DD Font="normal"><LA>Behandlungen nachzubereiten, zu reflektieren, zu bewerten und entsprechend rechtlicher Regelungen sowie betrieblicher Vorgaben zu dokumentieren,</LA></DD><DT>8.</DT><DD Font="normal"><LA>Anwendung von Arzneimitteln und Materialien aufzuzeigen und zu begründen,</LA></DD><DT>9.</DT><DD Font="normal"><LA>Maßnahmen zur Qualitätssicherung, zur Patientensicherheit und zum Datenschutz zu berücksichtigen und</LA></DD><DT>10.</DT><DD Font="normal"><LA>fachliche Hintergründe aufzuzeigen und die Vorgehensweise zu begründen.</LA></DD></DL></P><P>(2) Der Prüfling hat eine Arbeitsaufgabe durchzuführen und mit praxisüblichen Unterlagen zu dokumentieren. Nach der Durchführung wird mit ihm ein auftragsbezogenes Fachgespräch über die Arbeitsaufgabe geführt.</P><P>(3) Die Prüfungszeit beträgt für die Durchführung der Arbeitsaufgabe 30 Minuten. Das auftragsbezogene Fachgespräch dauert höchstens 30 Minuten. Dem Prüfling ist eine zusätzliche Vorbereitungszeit von 15 Minuten einzuräumen.</P></Content></text></textdaten></norm>
<norm builddate="20221123213010" doknr="BJNR048700022BJNE001600000"><metadaten><jurabk>ZahnmedAusbV 2022</jurabk><jurabk>ZahnmedAusbV</jurabk><enbez>§ 14</enbez><titel format="XML">Prüfungsbereich „Organisieren der Verwaltungsprozesse und Abrechnen von Leistungen“</titel></metadaten><textdaten><text format="XML"><Content><P>(1) Im Prüfungsbereich „Organisieren der Verwaltungsprozesse und Abrechnen von Leistungen“ hat der Prüfling nachzuweisen, dass er in der Lage ist, <DL Type="arabic"><DT>1.</DT><DD Font="normal"><LA>betriebliche Arbeitsprozesse unter Berücksichtigung qualitätssichernder Maßnahmen zu organisieren und zu verbessern und dabei rechtliche Regelungen und betriebliche Vorgaben einzuhalten,</LA></DD><DT>2.</DT><DD Font="normal"><LA>Daten von Patientinnen und Patienten im Rahmen der Dokumentation und Leistungsabrechnung zu erfassen und zu verwalten,</LA></DD><DT>3.</DT><DD Font="normal"><LA>erbrachte und erfasste Leistungen der zahnärztlichen Behandlung auf Grundlage der Behandlungsdokumentation auf Abrechenbarkeit zu überprüfen,</LA></DD><DT>4.</DT><DD Font="normal"><LA>Kostenpläne für zahnärztliche Behandlungen auf Grundlage von Therapieplänen und Gebührenordnungen unter Berücksichtigung von Zuschüssen durch die Versicherungsträger zu erstellen, die Zusammensetzung zu beschreiben und nach Abschluss abzurechnen,</LA></DD><DT>5.</DT><DD Font="normal"><LA>die Kostenerstattungen adressatengerecht aufzuzeigen,</LA></DD><DT>6.</DT><DD Font="normal"><LA>patientenbezogene Rechnungen zu erstellen und behandlungsbezogene Rechnungen zu prüfen,</LA></DD><DT>7.</DT><DD Font="normal"><LA>Zahlungsvorgänge unter Berücksichtigung des betrieblichen Mahnwesens zu überwachen und</LA></DD><DT>8.</DT><DD Font="normal"><LA>die Plausibilitätsprüfung bei wiederkehrenden Abrechnungen vor der Weiterleitung an die zuständigen zahnärztlichen Organisationen durchzuführen.</LA></DD></DL></P><P>(2) Die Aufgaben müssen praxisbezogen sein. Der Prüfling hat die Aufgaben schriftlich zu bearbeiten.</P><P>(3) Die Prüfungszeit beträgt 120 Minuten.</P></Content></text></textdaten></norm>
<norm builddate="20221123213010" doknr="BJNR048700022BJNE001700000"><metadaten><jurabk>ZahnmedAusbV 2022</jurabk><jurabk>ZahnmedAusbV</jurabk><enbez>§ 15</enbez><titel format="XML">Prüfungsbereich „Wirtschafts- und Sozialkunde“</titel></metadaten><textdaten><text format="XML"><Content><P>(1) Im Prüfungsbereich „Wirtschafts- und Sozialkunde“ hat der Prüfling nachzuweisen, dass er in der Lage ist, allgemeine wirtschaftliche und gesellschaftliche Zusammenhänge der Berufs- und Arbeitswelt darzustellen und zu beurteilen.</P><P>(2) Die Aufgaben müssen praxisbezogen sein. Der Prüfling hat die Aufgaben schriftlich zu bearbeiten.</P><P>(3) Die Prüfungszeit beträgt 60 Minuten.</P></Content></text></textdaten></norm>
<norm builddate="20221123213010" doknr="BJNR048700022BJNE001800000"><metadaten><jurabk>ZahnmedAusbV 2022</jurabk><jurabk>ZahnmedAusbV</jurabk><enbez>§ 16</enbez><titel format="XML">Gewichtung der Prüfungsbereiche und Anforderungen für das Bestehen der Abschlussprüfung</titel></metadaten><textdaten><text format="XML"><Content><P>(1) Die Bewertungen der einzelnen Prüfungsbereiche sind wie folgt zu gewichten: <table colsep="0" frame="none" pgwide="1" rowsep="0" tocentry="%yes;"><tgroup align="left" char="" charoff="50" cols="3"><colspec colname="col1" colwidth="4*"/><colspec colname="col2" colwidth="53*"/><colspec colname="col3" colwidth="23*"/><tbody valign="top"><row><entry VJ="1" colname="col1">1.</entry><entry VJ="1" colname="col2">„Durchführen von Hygienemaß-<BR/>nahmen und Aufbereiten von<BR/>Medizinprodukten“</entry><entry VJ="1" colname="col3"><BR/><BR/>mit 25 Prozent,</entry></row><row><entry VJ="1" colname="col1">2.</entry><entry VJ="1" colname="col2">„Empfangen und Aufnehmen von<BR/>Patientinnen und Patienten“</entry><entry VJ="1" colname="col3"><BR/>mit 10 Prozent,</entry></row><row><entry VJ="1" colname="col1">3.</entry><entry VJ="1" colname="col2">„Assistieren bei und Dokumentieren<BR/>von zahnärztlichen Maßnahmen“</entry><entry VJ="1" colname="col3"><BR/>mit 30 Prozent,</entry></row><row><entry VJ="1" colname="col1">4.</entry><entry VJ="1" colname="col2">„Organisieren der Verwaltungs-<BR/>prozesse und Abrechnen von<BR/>Leistungen“</entry><entry VJ="1" colname="col3"><BR/><BR/>mit 25 Prozent sowie</entry></row><row><entry VJ="1" colname="col1">5.</entry><entry VJ="1" colname="col2">„Wirtschafts- und Sozialkunde“</entry><entry VJ="1" colname="col3">mit 10 Prozent.</entry></row></tbody></tgroup></table></P><P>(2) Die Abschlussprüfung ist bestanden, wenn die Prüfungsleistungen – auch unter Berücksichtigung einer mündlichen Ergänzungsprüfung nach § 17 – wie folgt bewertet worden sind: <DL Font="normal" Type="arabic"><DT>1.</DT><DD Font="normal"><LA Size="normal">im Gesamtergebnis von Teil 1 und Teil 2 mit mindestens „ausreichend“,</LA></DD><DT>2.</DT><DD Font="normal"><LA Size="normal">im Ergebnis von Teil 2 mit mindestens „ausreichend“,</LA></DD><DT>3.</DT><DD Font="normal"><LA Size="normal">in mindestens zwei Prüfungsbereichen von Teil 2 mit mindestens „ausreichend“ und</LA></DD><DT>4.</DT><DD Font="normal"><LA Size="normal">in keinem Prüfungsbereich von Teil 2 mit „ungenügend“.</LA></DD></DL>Über das Bestehen ist ein Beschluss nach § 42 Absatz 1 Nummer 3 des Berufsbildungsgesetzes zu fassen.</P></Content></text></textdaten></norm>
<norm builddate="20221123213010" doknr="BJNR048700022BJNE001900000"><metadaten><jurabk>ZahnmedAusbV 2022</jurabk><jurabk>ZahnmedAusbV</jurabk><enbez>§ 17</enbez><titel format="XML">Mündliche Ergänzungsprüfung</titel></metadaten><textdaten><text format="XML"><Content><P>(1) Der Prüfling kann in einem Prüfungsbereich eine mündliche Ergänzungsprüfung beantragen.</P><P>(2) Dem Antrag ist stattzugeben, <DL Type="arabic"><DT>1.</DT><DD Font="normal"><LA>wenn er für einen der folgenden Prüfungsbereiche gestellt worden ist: <DL Type="alpha"><DT>a)</DT><DD Font="normal"><LA>„Organisieren der Verwaltungsprozesse und Abrechnen von Leistungen“ oder</LA></DD><DT>b)</DT><DD Font="normal"><LA>„Wirtschafts- und Sozialkunde“,</LA></DD></DL></LA></DD><DT>2.</DT><DD Font="normal"><LA>wenn der benannte Prüfungsbereich schlechter als mit „ausreichend“ bewertet worden ist und</LA></DD><DT>3.</DT><DD Font="normal"><LA>wenn die mündliche Ergänzungsprüfung für das Bestehen der Abschlussprüfung den Ausschlag geben kann.</LA></DD></DL>Die mündliche Ergänzungsprüfung darf nur in einem einzigen Prüfungsbereich durchgeführt werden.</P><P>(3) Die mündliche Ergänzungsprüfung soll 15 Minuten dauern.</P><P>(4) Bei der Ermittlung des Ergebnisses für den Prüfungsbereich sind das bisherige Ergebnis und das Ergebnis der mündlichen Ergänzungsprüfung im Verhältnis 2 : 1 zu gewichten.</P></Content></text></textdaten></norm>
<norm builddate="20221123213010" doknr="BJNR048700022BJNG000300000"><metadaten><jurabk>ZahnmedAusbV 2022</jurabk><jurabk>ZahnmedAusbV</jurabk><gliederungseinheit><gliederungskennzahl>030</gliederungskennzahl><gliederungsbez>Abschnitt 3</gliederungsbez><gliederungstitel>Schlussvorschriften</gliederungstitel></gliederungseinheit></metadaten><textdaten/></norm>
<norm builddate="20221123213010" doknr="BJNR048700022BJNE002000000"><metadaten><jurabk>ZahnmedAusbV 2022</jurabk><jurabk>ZahnmedAusbV</jurabk><enbez>§ 18</enbez><titel format="XML">Bestehende Berufsausbildungsverhältnisse</titel></metadaten><textdaten><text format="XML"><Content><P>Berufsausbildungsverhältnisse, die am 1. August 2022 bestehen, können nach den Vorschriften dieser Verordnung unter Anrechnung der bisher absolvierten Ausbildungszeit fortgesetzt werden, wenn <DL Type="arabic"><DT>1.</DT><DD Font="normal"><LA>die Vertragsparteien dies vereinbaren und</LA></DD><DT>2.</DT><DD Font="normal"><LA>der oder die Auszubildende noch keine Zwischenprüfung absolviert hat.</LA></DD></DL></P></Content></text></textdaten></norm>
<norm builddate="20221123213010" doknr="BJNR048700022BJNE002100000"><metadaten><jurabk>ZahnmedAusbV 2022</jurabk><jurabk>ZahnmedAusbV</jurabk><enbez>§ 19</enbez><titel format="XML">Inkrafttreten, Außerkrafttreten</titel></metadaten><textdaten><text format="XML"><Content><P>Diese Verordnung tritt am 1. August 2022 in Kraft. Gleichzeitig tritt die Verordnung über die Berufsausbildung zum Zahnmedizinischen Fachangestellten/zur Zahnmedizinischen Fachangestellten vom 4. Juli 2001 (BGBl. I S. 1492) außer Kraft.</P></Content></text></textdaten></norm>
<norm builddate="20221123213010" doknr="BJNR048700022BJNE002200000"><metadaten><jurabk>ZahnmedAusbV 2022</jurabk><jurabk>ZahnmedAusbV</jurabk><enbez>Anlage</enbez><titel format="XML">(zu § 3 Absatz 1)<BR/>Ausbildungsrahmenplan für die Berufsausbildung zum Zahnmedizinischen Fachangestellten und zur Zahnmedizinischen Fachangestellten</titel></metadaten><textdaten><text format="XML"><Content><P><noindex><kommentar typ="Fundstelle">(Fundstelle: BGBl. I 2022, 491 - 497)</kommentar></noindex></P><P/><table frame="all" pgwide="1" tabstyle="Ausbildung" tocentry="%yes;"><Title Align="left" Class="S1"><B>Abschnitt A: berufsprofilgebende Fertigkeiten, Kenntnisse und Fähigkeiten</B></Title><tgroup align="left" char="" charoff="50" cols="5" colsep="1" rowsep="1"><colspec colname="col1" colnum="1" colwidth=".75*"/><colspec colname="col2" colnum="2" colwidth="4.5*"/><colspec colname="col3" colnum="3" colwidth="8.45*"/><colspec colname="col4" colnum="4" colwidth="1.5*"/><colspec colname="col5" colnum="5" colwidth="1.55*"/><thead valign="bottom"><row><entry VJ="1" align="center" colname="col1" morerows="1" valign="middle">Lfd.<BR/> Nr.</entry><entry VJ="1" align="center" colname="col2" morerows="1" valign="middle">Berufsbildpositionen</entry><entry VJ="1" align="center" colname="col3" morerows="1" valign="middle">Fertigkeiten, Kenntnisse und Fähigkeiten</entry><entry VJ="1" align="center" nameend="col5" namest="col4" valign="middle">Zeitliche Richtwerte<BR/> in Wochen im</entry></row><row><entry VJ="1" align="center" colname="col4" valign="middle">1. bis 18.<BR/> Monat</entry><entry VJ="1" align="center" colname="col5" valign="middle">19. bis 36.<BR/> Monat</entry></row><row><entry VJ="1" align="center" colname="col1" valign="middle">1</entry><entry VJ="1" align="center" colname="col2" valign="middle">2</entry><entry VJ="1" align="center" colname="col3" valign="middle">3</entry><entry VJ="1" align="center" nameend="col5" namest="col4" valign="middle">4</entry></row></thead><tbody valign="top"><row><entry VJ="1" align="center" colname="col1">1</entry><entry VJ="1" colname="col2">Verschwiegenheitspflichten und berufsrechtliche Vorgaben erkennen und einhalten<BR/> (§ 4 Absatz 2 Nummer 1)</entry><entry VJ="1" align="justify" colname="col3"><DL Font="normal" Type="alpha"><DT>a)</DT><DD Font="normal"><LA Size="normal">rechtliche Regelungen, auch zur ärztlichen Schweigepflicht, einhalten und durch geeignete Maßnahmen sicherstellen</LA></DD><DT>b)</DT><DD Font="normal"><LA Size="normal">rechtliche Grenzen für selbständiges Handeln einhalten</LA></DD><DT>c)</DT><DD Font="normal"><LA Size="normal">Dokumente und Behandlungsunterlagen unter Berücksichtigung von Datenschutzvorgaben sicher aufbewahren und die Aufbewahrungsfristen einhalten</LA></DD><DT>d)</DT><DD Font="normal"><LA Size="normal">Betriebs- und Geschäftsgeheimnisse wahren</LA></DD></DL></entry><entry VJ="1" align="center" colname="col4" valign="middle">5</entry><entry VJ="1" align="center" colname="col5" valign="middle"/></row><row><entry VJ="1" align="center" colname="col1">2</entry><entry VJ="1" colname="col2">Patientinnen und Patienten individuell betreuen<BR/> (§ 4 Absatz 2 Nummer 2)</entry><entry VJ="1" align="justify" colname="col3"><DL Font="normal" Type="alpha"><DT>a)</DT><DD Font="normal"><LA Size="normal">Patientinnen und Patienten empfangen</LA></DD><DT>b)</DT><DD Font="normal"><LA Size="normal">Auskünfte, auch in einer Fremdsprache, erteilen</LA></DD><DT>c)</DT><DD Font="normal"><LA Size="normal">auf die Situation und Verhaltensweisen der Patientinnen und Patienten vor, während und nach der zahnärztlichen Behandlung bedürfnisgerecht eingehen und dabei deren Erwartungen und Wünsche sowie soziale, psychische und somatische Bedingungen berücksichtigen, insbesondere bei ängstlichen Menschen, bei Menschen mit Behinderung oder mit besonderem medizinischem Unterstützungsbedarf, bei Risikopatienten sowie bei Kindern</LA></DD><DT>d)</DT><DD Font="normal"><LA Size="normal">Anliegen und Beschwerden von Patientinnen und Patienten situationsadäquat aufnehmen und lösungsorientiert handeln</LA></DD><DT>e)</DT><DD Font="normal"><LA Size="normal">Patientinnen und Patienten unter Anwendung analoger oder digitaler Kommunikationswege informieren</LA></DD><DT>f)</DT><DD Font="normal"><LA Size="normal">Patientinnen, Patienten und begleitenden Personen die zahnärztlichen Behandlungen und Praxisabläufe verständlich erläutern und zur Kooperation motivieren</LA></DD><DT>g)</DT><DD Font="normal"><LA Size="normal">eigenes Verhalten als Beitrag zur Zufriedenheit von Patientinnen und Patienten reflektieren und daraus Schlussfolgerungen für die Patientenbeziehung ziehen</LA></DD></DL></entry><entry VJ="1" align="center" colname="col4" valign="middle">15</entry><entry VJ="1" align="center" colname="col5" valign="middle"/></row><row rowsep="0"><entry VJ="1" align="center" colname="col1">3</entry><entry VJ="1" colname="col2">Über Prävention und<BR/> Gesundheitsförderung<BR/> informieren sowie bei<BR/> Prophylaxemaßnahmen<BR/> mitwirken<BR/> (§ 4 Absatz 2 Nummer 3)</entry><entry VJ="1" align="justify" colname="col3"><DL Font="normal" Type="alpha"><DT>a)</DT><DD Font="normal"><LA Size="normal">Patientinnen, Patienten und begleitenden Personen Ursache, Entstehung und Verhütung von Erkrankungen des Zahnes und des Zahnhalteapparates verständlich erläutern</LA></DD><DT>b)</DT><DD Font="normal"><LA Size="normal">Patientinnen, Patienten und begleitenden Personen individual- und gruppenprophylaktische Maßnahmen, insbesondere deren Ziele, verständlich erläutern</LA></DD><DT>c)</DT><DD Font="normal"><LA Size="normal">Zahnbeläge durch Anfärben sichtbar machen, dokumentieren und durch Mundhygienemaßnahmen entfernen</LA></DD></DL></entry><entry VJ="1" align="center" colname="col4" valign="middle"/><entry VJ="1" align="center" colname="col5" valign="bottom">8</entry></row><row><entry VJ="1" align="center" colname="col1"/><entry VJ="1" colname="col2"/><entry VJ="1" align="justify" colname="col3"><DL Font="normal" Type="alpha"><DT>d)</DT><DD Font="normal"><LA Size="normal">bei der Diagnostik von Erkrankungen des Zahnes und des Zahnhalteapparates sowie bei lokalen Fluoridierungsmaßnahmen mitwirken</LA></DD><DT>e)</DT><DD Font="normal"><LA Size="normal">Patientinnen, Patienten und begleitende Personen über Zahnputztechniken sowie über geeignete Hilfsmittel informieren und deren Anwendung demonstrieren</LA></DD><DT>f)</DT><DD Font="normal"><LA Size="normal">Patientinnen, Patienten und begleitende Personen bei der Verbesserung der Mundhygiene unterstützen, anleiten und motivieren</LA></DD></DL></entry><entry VJ="1" align="center" colname="col4" valign="middle"/><entry VJ="1" align="center" colname="col5" valign="middle"/></row><row><entry VJ="1" align="center" colname="col1">4</entry><entry VJ="1" colname="col2">Hygienemaßnahmen durchführen<BR/> (§ 4 Absatz 2 Nummer 4)</entry><entry VJ="1" align="justify" colname="col3"><DL Font="normal" Type="alpha"><DT>a)</DT><DD Font="normal"><LA Size="normal">rechtliche Regelungen und Empfehlungen, insbesondere zum Arbeits- und Infektionsschutz sowie zum Umgang mit Gefahrstoffen, einhalten, betriebliche Standards anwenden</LA></DD><DT>b)</DT><DD Font="normal"><LA Size="normal">Infektionswege und Gefahren erkennen sowie Maßnahmen zur Vermeidung von Infektionen und zum Schutz vor Kontaminationen ergreifen</LA></DD><DT>c)</DT><DD Font="normal"><LA Size="normal">persönliche Schutzausrüstung anwenden</LA></DD><DT>d)</DT><DD Font="normal"><LA Size="normal">Arbeitsplatz vorbereiten</LA></DD><DT>e)</DT><DD Font="normal"><LA Size="normal">hygienische Bedingungen bei der Durchführung zahnärztlicher Maßnahmen situationsgerecht sicherstellen</LA></DD><DT>f)</DT><DD Font="normal"><LA Size="normal">Arbeitsplatz nachbereiten</LA></DD><DT>g)</DT><DD Font="normal"><LA Size="normal">kontaminierte Materialien und Abfälle erfassen, sammeln und fachgerecht entsorgen</LA></DD><DT>h)</DT><DD Font="normal"><LA Size="normal">Musterhygieneplan nach fachlichen Vorgaben auf Grundlage betriebsspezifischer Gegebenheiten individualisieren</LA></DD></DL></entry><entry VJ="1" align="center" colname="col4" valign="middle">20</entry><entry VJ="1" align="center" colname="col5" valign="middle"/></row><row rowsep="0"><entry VJ="1" align="center" colname="col1">5</entry><entry VJ="1" colname="col2">Medizinprodukte aufbereiten und freigeben<BR/> (§ 4 Absatz 2 Nummer 5)</entry><entry VJ="1" align="justify" colname="col3"><DL Font="normal" Type="alpha"><DT>a)</DT><DD Font="normal"><LA Size="normal">rechtliche Regelungen zur Aufbereitung von Medizinprodukten einhalten sowie betriebliche Standards anwenden und dabei räumliche und organisatorische Aspekte der Aufbereitung beachten</LA></DD><DT>b)</DT><DD Font="normal"><LA Size="normal">aufzubereitende Instrumente in der zahnmedizinischen Versorgung ermitteln</LA></DD><DT>c)</DT><DD Font="normal"><LA Size="normal">Medizinprodukte einer Risikobewertung unterziehen und einstufen, Aufbereitungsverfahren auswählen</LA></DD><DT>d)</DT><DD Font="normal"><LA Size="normal">Medizinprodukte sachgerecht zur Aufbereitung vorbereiten, insbesondere vorbehandeln, sammeln, vorreinigen sowie zerlegen</LA></DD><DT>e)</DT><DD Font="normal"><LA Size="normal">Medizinprodukte reinigen, desinfizieren, spülen sowie trocknen</LA></DD><DT>f)</DT><DD Font="normal"><LA Size="normal">Medizinprodukte auf Sauberkeit, Unversehrtheit und Funktionstüchtigkeit prüfen, Medizinprodukte pflegen, instand setzen, verpacken und sterilisieren</LA></DD><DT>g)</DT><DD Font="normal"><LA Size="normal">Durchführung des ausgewählten Aufbereitungsprozesses beurteilen und optimieren, Verpackung auf Unversehrtheit prüfen, Sterilgut kennzeichnen, aufbereitete Medizinprodukte freigeben, dokumentieren und lagern</LA></DD></DL></entry><entry VJ="1" align="center" colname="col4" valign="middle"><BR/><BR/><BR/><BR/><BR/> 20</entry><entry VJ="1" align="center" colname="col5" valign="middle"/></row><row><entry VJ="1" align="center" colname="col1"/><entry VJ="1" colname="col2"/><entry VJ="1" align="justify" colname="col3"><DL Font="normal" Type="alpha"><DT>h)</DT><DD Font="normal"><LA Size="normal">Arbeits- und Verfahrensanweisungen zur Aufbereitung von Medizinprodukten unter Berücksichtigung rechtlicher Regelungen und Empfehlungen sowie nach betrieblichen Vorgaben des Qualitätsmanagements erstellen</LA></DD></DL></entry><entry VJ="1" align="center" colname="col4" valign="middle"/><entry VJ="1" align="center" colname="col5" valign="middle"/></row><row><entry VJ="1" align="center" colname="col1" rowsep="0">6</entry><entry VJ="1" colname="col2" rowsep="0">Zahnärztliche diagnostische und therapeutische Maßnahmen vorbereiten, dabei assistieren und nachbereiten<BR/> (§ 4 Absatz 2 Nummer 6)</entry><entry VJ="1" align="justify" colname="col3"><DL Font="normal" Indent="5" Type="alpha"><DT>a)</DT><DD Font="normal"><LA Size="normal">Fachbegriffe der zahnmedizinischen Terminologie sowie des Abrechnungswesens anwenden</LA></DD><DT>b)</DT><DD Font="normal"><LA Size="normal">Arbeitsplatz, insbesondere für die Untersuchungen und Behandlungen, vorbereiten</LA></DD><DT>c)</DT><DD Font="normal"><LA Size="normal">bei Befundaufnahme und diagnostischen Maßnahmen mitwirken</LA></DD><DT>d)</DT><DD Font="normal"><LA Size="normal">bei präventiven, konservierenden und chirurgischen Behandlungsmaßnahmen assistieren, insbesondere Arzneimittel, Werkstoffe und Materialien vorbereiten und verarbeiten, Instrumente und Geräte behandlungsspezifisch handhaben und Behandlungsabläufe dokumentieren</LA></DD><DT>e)</DT><DD Font="normal"><LA Size="normal">bei therapeutischen Maßnahmen von Neoplasien, Mundschleimhauterkrankungen sowie Erkrankungen und Verletzungen des Gesichtsschädels assistieren, insbesondere Arzneimittel und Materialien vorbereiten und verarbeiten, Instrumente und Geräte behandlungsspezifisch handhaben und Behandlungsabläufe dokumentieren</LA></DD></DL></entry><entry VJ="1" align="center" colname="col4" valign="middle">10</entry><entry VJ="1" align="center" colname="col5" valign="middle"/></row><row rowsep="0"><entry VJ="1" align="center" colname="col1"/><entry VJ="1" colname="col2"/><entry VJ="1" align="justify" colname="col3"><DL Font="normal" Indent="5" Type="alpha"><DT>f)</DT><DD Font="normal"><LA Size="normal">bei parodontologischen Behandlungsmaßnahmen assistieren, insbesondere Arzneimittel und Materialien vorbereiten und verarbeiten, Instrumente und Geräte behandlungsspezifisch handhaben und Behandlungsabläufe dokumentieren</LA></DD><DT>g)</DT><DD Font="normal"><LA Size="normal">bei präventiven Maßnahmen und therapeutischen Maßnahmen in Bezug auf Zahnstellungs- und Kieferanomalien assistieren, insbesondere Arzneimittel und Materialien vorbereiten und verarbeiten, Instrumente und Geräte behandlungsspezifisch handhaben und Behandlungsabläufe dokumentieren</LA></DD><DT>h)</DT><DD Font="normal"><LA Size="normal">bei implantologischen Behandlungsmaßnahmen assistieren, insbesondere Arzneimittel und Materialien vorbereiten, Instrumente und Geräte behandlungsspezifisch handhaben sowie Behandlungsabläufe dokumentieren</LA></DD><DT>i)</DT><DD Font="normal"><LA Size="normal">bei prothetischen Behandlungsmaßnahmen assistieren, insbesondere Arzneimittel, Werkstoffe und Materialien vorbereiten und verarbeiten, Instrumente und Geräte behandlungsspezifisch handhaben, Behandlungsabläufe dokumentieren sowie die Zusammenarbeit mit zahntechnischen Laboren koordinieren</LA></DD><DT>j)</DT><DD Font="normal"><LA Size="normal">bei Abformungen assistieren und Planungs- und Situationsmodelle sowie Hilfsmittel zur Abformung und Bisslagebestimmung herstellen</LA></DD><DT>k)</DT><DD Font="normal"><LA Size="normal">erwünschte und unerwünschte Wirkungen von Arzneimitteln, Werkstoffen und Materialien unter Berücksichtigung der Patientensicherheit beachten</LA></DD></DL></entry><entry VJ="1" align="center" colname="col4" valign="middle"/><entry VJ="1" align="center" colname="col5" valign="middle"><BR/><BR/><BR/><BR/> 15</entry></row><row><entry VJ="1" align="center" colname="col1"/><entry VJ="1" colname="col2"/><entry VJ="1" align="justify" colname="col3"><DL Font="normal" Indent="5" Type="alpha"><DT>l)</DT><DD Font="normal"><LA Size="normal">Verordnungen von Arzneimitteln vorbereiten und Arzneimittel auf Anweisung abgeben</LA></DD><DT>m)</DT><DD Font="normal"><LA Size="normal">Arbeitsplatz nachbereiten und Medizinprodukte der Aufbereitung zuführen</LA></DD></DL></entry><entry VJ="1" align="center" colname="col4" valign="middle"/><entry VJ="1" align="center" colname="col5" valign="middle"/></row><row><entry VJ="1" align="center" colname="col1">7</entry><entry VJ="1" colname="col2">Bildgebende Verfahren unter Beachtung von Strahlenschutzmaßnahmen durchführen<BR/> (§ 4 Absatz 2 Nummer 7)</entry><entry VJ="1" align="justify" colname="col3"><DL Font="normal" Indent="5" Type="alpha"><DT>a)</DT><DD Font="normal"><LA Size="normal">rechtliche Regelungen sowie Normen, Empfehlungen und betriebliche Vorgaben zum Strahlenschutz einhalten, insbesondere zur Einweisung und Unterweisung</LA></DD><DT>b)</DT><DD Font="normal"><LA Size="normal">physikalisch-technische Grundlagen der Erzeugung von Röntgenstrahlen, insbesondere Dosisbegriffe und Dosimetrie, Strahlenrisiko und natürliche Strahlenexposition, erläutern sowie die biologischen Wirkungen von ionisierenden Strahlen beachten</LA></DD><DT>c)</DT><DD Font="normal"><LA Size="normal">Film- und Bildverarbeitung, insbesondere intra- und extraorale Aufnahmen, Panoramaschichtaufnahmen sowie Spezialprojektionen nach Anweisung und unter Aufsicht durchführen und dabei die Funktionsweise von zahnmedizinischen Röntgengeräten beachten</LA></DD><DT>d)</DT><DD Font="normal"><LA Size="normal">Maßnahmen des Strahlenschutzes für Patientinnen und Patienten sowie Mitarbeiterinnen und Mitarbeiter umsetzen und dokumentieren</LA></DD><DT>e)</DT><DD Font="normal"><LA Size="normal">bei Maßnahmen zur Fehleranalyse und Qualitätssicherung mitwirken, Konstanzprüfungen durchführen und dokumentieren</LA></DD><DT>f)</DT><DD Font="normal"><LA Size="normal">Unterlagen zur Qualitätssicherung für die Prüfung durch die zahnärztlichen Stellen vorbereiten</LA></DD></DL></entry><entry VJ="1" align="center" colname="col4" valign="middle"/><entry VJ="1" align="center" colname="col5" valign="middle">10</entry></row><row><entry VJ="1" align="center" colname="col1">8</entry><entry VJ="1" colname="col2">Bei medizinischen Not- und Zwischenfällen handeln<BR/> (§ 4 Absatz 2 Nummer 8)</entry><entry VJ="1" align="justify" colname="col3"><DL Font="normal" Indent="5" Type="alpha"><DT>a)</DT><DD Font="normal"><LA Size="normal">Maßnahmen zur Vermeidung von medizinischen Not- und Zwischenfällen unter Berücksichtigung der Patientenanamnese im Rahmen der Behandlungsvorbereitung ergreifen</LA></DD><DT>b)</DT><DD Font="normal"><LA Size="normal">Symptome bedrohlicher Zustände, insbesondere bei Schock, Atem- und Kreislaufstillstand, Bewusstlosigkeit, starken Blutungen und Allergien, erkennen und Maßnahmen unter Beachtung des Selbstschutzes einleiten</LA></DD><DT>c)</DT><DD Font="normal"><LA Size="normal">Dokumentation auf Anweisung durchführen</LA></DD><DT>d)</DT><DD Font="normal"><LA Size="normal">Rettungsdienst alarmieren</LA></DD><DT>e)</DT><DD Font="normal"><LA Size="normal">betriebliche Verhaltensregeln einhalten</LA></DD></DL></entry><entry VJ="1" align="center" colname="col4" valign="middle"/><entry VJ="1" align="center" colname="col5" valign="middle">5</entry></row><row rowsep="0"><entry VJ="1" align="center" colname="col1">9</entry><entry VJ="1" colname="col2">Arbeitsprozesse organisieren und Qualitätsmanagement umsetzen<BR/> (§ 4 Absatz 2 Nummer 9)</entry><entry VJ="1" align="justify" colname="col3"><DL Font="normal" Indent="5" Type="alpha"><DT>a)</DT><DD Font="normal"><LA Size="normal">Aufgaben im eigenen Arbeitsbereich selbstverantwortlich sowie im Team planen, organisieren und durchführen, Ergebnisse abstimmen und auswerten</LA></DD><DT>b)</DT><DD Font="normal"><LA Size="normal">Checklisten zur Einhaltung qualitätssichernder Maßnahmen auf Grundlage von Arbeits- und Verfahrensanweisungen nach betrieblichen Vorgaben erstellen</LA></DD><DT>c)</DT><DD Font="normal"><LA Size="normal">Vorgänge bearbeiten und dokumentieren, insbesondere betriebliche Dokumentenmanagementsysteme nutzen und Dokumentationspflichten umsetzen</LA></DD><DT>d)</DT><DD Font="normal"><LA Size="normal">behandlungskomplexorientierte und patientenspezifische Terminplanung durchführen</LA></DD><DT>e)</DT><DD Font="normal"><LA Size="normal">Posteingang und -ausgang bearbeiten, Fristen und Termine erfassen, koordinieren und überwachen</LA></DD></DL></entry><entry VJ="1" align="center" colname="col4" valign="middle"/><entry VJ="1" align="center" colname="col5" valign="middle"/></row><row><entry VJ="1" align="center" colname="col1"/><entry VJ="1" colname="col2"/><entry VJ="1" align="justify" colname="col3"><DL Font="normal" Indent="5" Type="alpha"><DT>f)</DT><DD Font="normal"><LA Size="normal">Korrespondenzen selbständig verfassen</LA></DD><DT>g)</DT><DD Font="normal"><LA Size="normal">Daten von Patientinnen und Patienten erfassen und verarbeiten</LA></DD><DT>h)</DT><DD Font="normal"><LA Size="normal">Materialien, Werkstoffe und Arzneimittel nach betrieblichen Vorgaben beschaffen, prüfen und verwalten</LA></DD><DT>i)</DT><DD Font="normal"><LA Size="normal">berufsspezifische Informationen aufgabenbezogen in und aus Datenquellen recherchieren, aufbereiten und nutzen; deutsche und fremdsprachige Fachbegriffe anwenden</LA></DD><DT>j)</DT><DD Font="normal"><LA Size="normal">Informations- und Kommunikationstechniken nutzen</LA></DD><DT>k)</DT><DD Font="normal"><LA Size="normal">Störungen von Arbeitsabläufen, auch von digitalen Arbeitsabläufen, erkennen und Maßnahmen zu ihrer Behebung einleiten</LA></DD><DT>l)</DT><DD Font="normal"><LA Size="normal">technische Entwicklungen verfolgen und Schlussfolgerungen für die digitalen Arbeitsabläufe ziehen</LA></DD><DT>m)</DT><DD Font="normal"><LA Size="normal">Arbeitsabläufe, auch digitale, bewerten und reflektieren sowie Maßnahmen zur Verbesserung vorschlagen und an deren Optimierung mitwirken</LA></DD></DL></entry><entry VJ="1" align="center" colname="col4" valign="middle"/><entry VJ="1" align="center" colname="col5" valign="top"><BR/><BR/><BR/> 14</entry></row><row><entry VJ="1" align="center" colname="col1" rowsep="0">10</entry><entry VJ="1" colname="col2" rowsep="0">Zahnärztliche Leistungen<BR/> abrechnen<BR/> (§ 4 Absatz 2 Nummer 10)</entry><entry VJ="1" align="justify" colname="col3"><DL Font="normal" Indent="5" Type="alpha"><DT>a)</DT><DD Font="normal"><LA Size="normal">Fachbegriffe der zahnmedizinischen Terminologie sowie des Abrechnungswesens anwenden</LA></DD><DT>b)</DT><DD Font="normal"><LA Size="normal">rechtliche Regelungen einhalten und dabei die unterschiedlichen Versicherungsarten und Vergütungssysteme beachten</LA></DD><DT>c)</DT><DD Font="normal"><LA Size="normal">erbrachte Leistungen erfassen und Kostenträgern zuordnen</LA></DD></DL></entry><entry VJ="1" align="center" colname="col4" valign="middle">8</entry><entry VJ="1" align="center" colname="col5" valign="middle"/></row><row><entry VJ="1" align="center" colname="col1"/><entry VJ="1" colname="col2"/><entry VJ="1" align="justify" colname="col3"><DL Font="normal" Indent="5" Type="alpha"><DT>d)</DT><DD Font="normal"><LA Size="normal">erbrachte Leistungen prüfen und abrechnen sowie Abrechnungen weiterleiten</LA></DD><DT>e)</DT><DD Font="normal"><LA Size="normal">Heil- und Kostenpläne auf Grundlage von Therapieplänen erstellen; Mehrkosten- und Behandlungsvereinbarungen aufsetzen; Patientinnen und Patienten über die Kostenzusammensetzung informieren</LA></DD><DT>f)</DT><DD Font="normal"><LA Size="normal">Ausgangsrechnungen, auch Privatliquidationen, erstellen</LA></DD><DT>g)</DT><DD Font="normal"><LA Size="normal">Eingangsrechnungen, insbesondere zahntechnische Material- und Laborrechnungen, prüfen</LA></DD><DT>h)</DT><DD Font="normal"><LA Size="normal">Zahlungsvorgänge, insbesondere Zahlungseingänge und -ausgänge, erfassen und abwickeln</LA></DD><DT>i)</DT><DD Font="normal"><LA Size="normal">betriebliches Mahnverfahren organisieren, gerichtliches Mahnverfahren einleiten</LA></DD></DL></entry><entry VJ="1" align="center" colname="col4" valign="middle"/><entry VJ="1" align="center" colname="col5" valign="middle">15</entry></row></tbody></tgroup></table><P/><table frame="all" pgwide="1" tabstyle="Ausbildung" tocentry="%yes;"><Title Align="left" Class="S1"><B>Abschnitt B: integrativ zu vermittelnde Fertigkeiten, Kenntnisse und Fähigkeiten</B></Title><tgroup align="left" char="" charoff="50" cols="5" colsep="1" rowsep="1"><colspec colname="col1" colnum="1" colwidth=".75*"/><colspec colname="col2" colnum="2" colwidth="4.5*"/><colspec colname="col3" colnum="3" colwidth="8.45*"/><colspec colname="col4" colnum="4" colwidth="1.5*"/><colspec colname="col5" colnum="5" colwidth="1.55*"/><thead valign="bottom"><row><entry VJ="1" align="center" colname="col1" valign="middle">Lfd.<BR/> Nr.</entry><entry VJ="1" align="center" colname="col2" valign="middle">Berufsbildpositionen</entry><entry VJ="1" align="center" colname="col3" valign="middle">Fertigkeiten, Kenntnisse und Fähigkeiten</entry><entry VJ="1" align="center" nameend="col5" namest="col4" valign="middle">Zeitliche Zuordnung</entry></row><row><entry VJ="1" align="center" colname="col1" valign="middle">1</entry><entry VJ="1" align="center" colname="col2" valign="middle">2</entry><entry VJ="1" align="center" colname="col3" valign="middle">3</entry><entry VJ="1" align="center" nameend="col5" namest="col4" valign="middle">4</entry></row></thead><tbody valign="top"><row rowsep="0"><entry VJ="1" align="center" colname="col1">1</entry><entry VJ="1" colname="col2">Organisation des Ausbildungsbetriebes, Berufsbildung sowie Arbeits- und Tarifrecht<BR/> (§ 4 Absatz 3 Nummer 1)</entry><entry VJ="1" align="justify" colname="col3"><DL Font="normal" Type="alpha"><DT>a)</DT><DD Font="normal"><LA Size="normal">den Aufbau und die grundlegenden Arbeits- und Geschäftsprozesse des Ausbildungsbetriebes erläutern</LA></DD><DT>b)</DT><DD Font="normal"><LA Size="normal">Rechte und Pflichten aus dem Ausbildungsvertrag sowie Dauer und Beendigung des Ausbildungsverhältnisses erläutern und Aufgaben der im System der dualen Berufsausbildung Beteiligten beschreiben</LA></DD></DL></entry><entry VJ="1" align="left" nameend="col5" namest="col4" valign="middle"/></row><row><entry VJ="1" align="center" colname="col1"/><entry VJ="1" colname="col2"/><entry VJ="1" align="justify" colname="col3"><DL Font="normal" Type="alpha"><DT>c)</DT><DD Font="normal"><LA Size="normal">die Bedeutung, die Funktion und die Inhalte der Ausbildungsordnung und des betrieblichen Ausbildungsplans erläutern sowie zu deren Umsetzung beitragen</LA></DD><DT>d)</DT><DD Font="normal"><LA Size="normal">die für den Ausbildungsbetrieb geltenden arbeits-, sozial-, tarif- und mitbestimmungsrechtlichen Vorschriften erläutern</LA></DD><DT>e)</DT><DD Font="normal"><LA Size="normal">Grundlagen, Aufgaben und Arbeitsweise der betriebsverfassungs- oder personalvertretungsrechtlichen Organe des Ausbildungsbetriebes erläutern</LA></DD><DT>f)</DT><DD Font="normal"><LA Size="normal">Beziehungen des Ausbildungsbetriebes und seiner Beschäftigten zu Wirtschaftsorganisationen und Gewerkschaften erläutern</LA></DD><DT>g)</DT><DD Font="normal"><LA Size="normal">Positionen der eigenen Entgeltabrechnung erläutern</LA></DD><DT>h)</DT><DD Font="normal"><LA Size="normal">wesentliche Inhalte von Arbeitsverträgen erläutern</LA></DD><DT>i)</DT><DD Font="normal"><LA Size="normal">Möglichkeiten des beruflichen Aufstiegs und der beruflichen Weiterentwicklung erläutern</LA></DD></DL></entry><entry VJ="1" align="center" nameend="col5" namest="col4" rowsep="0" valign="middle"/></row><row><entry VJ="1" align="center" colname="col1">2</entry><entry VJ="1" colname="col2">Sicherheit und Gesundheit bei der Arbeit<BR/> (§ 4 Absatz 3 Nummer 2)</entry><entry VJ="1" align="justify" colname="col3"><DL Font="normal" Type="alpha"><DT>a)</DT><DD Font="normal"><LA Size="normal">Rechte und Pflichten aus den berufsbezogenen Arbeitsschutz- und Unfallverhütungsvorschriften kennen und diese Vorschriften anwenden</LA></DD><DT>b)</DT><DD Font="normal"><LA Size="normal">Gefährdungen von Sicherheit und Gesundheit am Arbeitsplatz und auf dem Arbeitsweg prüfen und beurteilen</LA></DD><DT>c)</DT><DD Font="normal"><LA Size="normal">sicheres und gesundheitsgerechtes Arbeiten erläutern</LA></DD><DT>d)</DT><DD Font="normal"><LA Size="normal">technische und organisatorische Maßnahmen zur Vermeidung von Gefährdungen sowie von psychischen und physischen Belastungen für sich und andere, auch präventiv, ergreifen</LA></DD><DT>e)</DT><DD Font="normal"><LA Size="normal">ergonomische Arbeitsweisen beachten und anwenden</LA></DD><DT>f)</DT><DD Font="normal"><LA Size="normal">Verhaltensweisen bei Unfällen beschreiben und erste Maßnahmen bei Unfällen einleiten</LA></DD><DT>g)</DT><DD Font="normal"><LA Size="normal">betriebsbezogene Vorschriften des vorbeugenden Brandschutzes anwenden, Verhaltensweisen bei Bränden beschreiben und erste Maßnahmen zur Brandbekämpfung ergreifen</LA></DD></DL></entry><entry VJ="1" nameend="col5" namest="col4" rowsep="0" valign="bottom">während<BR/> der gesamten<BR/> Ausbildung</entry></row><row><entry VJ="1" align="center" colname="col1">3</entry><entry VJ="1" colname="col2">Umweltschutz und Nachhaltigkeit<BR/> (§ 4 Absatz 3 Nummer 3)</entry><entry VJ="1" align="justify" colname="col3"><DL Font="normal" Type="alpha"><DT>a)</DT><DD Font="normal"><LA Size="normal">Möglichkeiten zur Vermeidung betriebsbedingter Belastungen für Umwelt und Gesellschaft im eigenen Aufgabenbereich erkennen und zu deren Weiterentwicklung beitragen</LA></DD><DT>b)</DT><DD Font="normal"><LA Size="normal">bei Arbeitsprozessen und im Hinblick auf Produkte, Waren oder Dienstleistungen Materialien und Energie unter wirtschaftlichen, umweltverträglichen und sozialen Gesichtspunkten der Nachhaltigkeit nutzen</LA></DD><DT>c)</DT><DD Font="normal"><LA Size="normal">für den Ausbildungsbetrieb geltende Regelungen des Umweltschutzes einhalten</LA></DD><DT>d)</DT><DD Font="normal"><LA Size="normal">Abfälle vermeiden sowie Stoffe und Materialien einer umweltschonenden Wiederverwertung oder Entsorgung zuführen</LA></DD><DT>e)</DT><DD Font="normal"><LA Size="normal">Vorschläge für nachhaltiges Handeln für den eigenen Arbeitsbereich entwickeln</LA></DD><DT>f)</DT><DD Font="normal"><LA Size="normal">unter Einhaltung betrieblicher Regelungen im Sinne einer ökonomischen, ökologischen und sozial nachhaltigen Entwicklung zusammenarbeiten und adressatengerecht kommunizieren</LA></DD></DL></entry><entry VJ="1" nameend="col5" namest="col4" rowsep="0"/></row><row><entry VJ="1" align="center" colname="col1">4</entry><entry VJ="1" colname="col2">Digitalisierte Arbeitswelt<BR/> (§ 4 Absatz 3 Nummer 4)</entry><entry VJ="1" align="justify" colname="col3"><DL Font="normal" Type="alpha"><DT>a)</DT><DD Font="normal"><LA Size="normal">mit eigenen und betriebsbezogenen Daten sowie mit Daten Dritter umgehen und dabei die Vorschriften zum Datenschutz und zur Datensicherheit einhalten</LA></DD><DT>b)</DT><DD Font="normal"><LA Size="normal">Risiken bei der Nutzung von digitalen Medien und informationstechnischen Systemen einschätzen und bei deren Nutzung betriebliche Regelungen einhalten</LA></DD><DT>c)</DT><DD Font="normal"><LA Size="normal">ressourcenschonend, adressatengerecht und effizient kommunizieren sowie Kommunikationsergebnisse dokumentieren</LA></DD><DT>d)</DT><DD Font="normal"><LA Size="normal">Störungen in Kommunikationsprozessen erkennen und zu ihrer Lösung beitragen</LA></DD><DT>e)</DT><DD Font="normal"><LA Size="normal">Informationen in digitalen Netzen recherchieren und aus digitalen Netzen beschaffen sowie Informationen, auch fremde, prüfen, bewerten und auswählen</LA></DD><DT>f)</DT><DD Font="normal"><LA Size="normal">Lern- und Arbeitstechniken sowie Methoden des selbstgesteuerten Lernens anwenden, digitale Lernmedien nutzen und Erfordernisse des lebensbegleitenden Lernens erkennen und ableiten</LA></DD><DT>g)</DT><DD Font="normal"><LA Size="normal">Aufgaben zusammen mit Beteiligten, einschließlich der Beteiligten anderer Arbeits- und Geschäftsbereiche, auch unter Nutzung digitaler Medien, planen, bearbeiten und gestalten</LA></DD><DT>h)</DT><DD Font="normal"><LA Size="normal">Wertschätzung anderer unter Berücksichtigung gesellschaftlicher Vielfalt praktizieren</LA></DD></DL></entry><entry VJ="1" nameend="col5" namest="col4"/></row></tbody></tgroup></table><table frame="all" pgwide="1" tabstyle="Ausbildung" tocentry="%yes;"><tgroup align="left" char="" charoff="50" cols="5" colsep="1" rowsep="1"><colspec colname="col1" colnum="1" colwidth=".75*"/><colspec colname="col2" colnum="2" colwidth="4.5*"/><colspec colname="col3" colnum="3" colwidth="8.45*"/><colspec colname="col4" colnum="4" colwidth="1.5*"/><colspec colname="col5" colnum="5" colwidth="1.55*"/><thead valign="bottom"><row><entry VJ="1" align="center" colname="col1" morerows="1" valign="middle"/><entry VJ="1" align="center" colname="col2" morerows="1" valign="middle"/><entry VJ="1" align="center" colname="col3" morerows="1" valign="middle"/><entry VJ="1" align="center" nameend="col5" namest="col4" valign="middle">Zeitliche Richtwerte<BR/> in Wochen im</entry></row><row><entry VJ="1" align="center" colname="col4" valign="middle">1. bis 18.<BR/> Monat</entry><entry VJ="1" align="center" colname="col5" valign="middle">19. bis 36.<BR/> Monat</entry></row></thead><tbody valign="top"><row><entry VJ="1" align="center" colname="col1">5</entry><entry VJ="1" colname="col2">Kommunikation und<BR/> Kooperation<BR/> (§ 4 Absatz 3 Nummer 5)</entry><entry VJ="1" colname="col3"><DL Font="normal" Type="alpha"><DT>a)</DT><DD Font="normal"><LA Size="normal">situations- und adressatengerecht sowie zielorientiert kommunizieren</LA></DD><DT>b)</DT><DD Font="normal"><LA Size="normal">Ursachen von Konflikten und Kommunikationsstörungen erkennen und zu deren Lösung beitragen</LA></DD><DT>c)</DT><DD Font="normal"><LA Size="normal">sich in das Team integrieren, mit Mitarbeiterinnen und Mitarbeitern kooperieren und ergebnisorientiert handeln</LA></DD><DT>d)</DT><DD Font="normal"><LA Size="normal">betriebliche Kommunikationsregeln beachten, Kommunikationskanäle auswählen und verwenden</LA></DD><DT>e)</DT><DD Font="normal"><LA Size="normal">Wertschätzung, Respekt und Vertrauen als Grundlage erfolgreichen Handelns sowie soziokulturelle Unterschiede berücksichtigen</LA></DD><DT>f)</DT><DD Font="normal"><LA Size="normal">eigenes Verhalten reflektieren</LA></DD></DL></entry><entry VJ="1" colname="col4"/><entry VJ="1" align="center" colname="col5" valign="middle">11</entry></row></tbody></tgroup></table></Content></text></textdaten></norm>
</dokumente>