<?xml version="1.0" encoding="UTF-8" ?><!DOCTYPE dokumente SYSTEM "http://www.gesetze-im-internet.de/dtd/1.01/gii-norm.dtd">
<dokumente builddate="20240424214528" doknr="BJNR518500993"><norm builddate="20240424214528" doknr="BJNR518500993"><metadaten><jurabk>NOKBefAbgV</jurabk><amtabk>NOKBefAbgV</amtabk><ausfertigung-datum manuell="ja">1993-09-28</ausfertigung-datum><fundstelle typ="amtlich"><periodikum>BAnz</periodikum><zitstelle>1993, Nr 185, 9285</zitstelle></fundstelle><fundstelle typ="amtlich"><periodikum>BAnz</periodikum><zitstelle>1993, 9285</zitstelle></fundstelle><langue>Verordnung über die Befahrungsabgaben auf dem Nord-Ostsee-Kanal</langue><standangabe checked="ja"><standtyp>Stand</standtyp><standkommentar>Zuletzt geändert durch Art. 1 V v. 28.6.2023 I Nr. 171</standkommentar></standangabe><standangabe checked="ja"><standtyp>Sonst</standtyp><standkommentar>V ursprünglich aufgeh. durch Art. 4 Abs. 143 G v. 7.8.2013 I 3154 mWv 14.8.2018, Art. 4 G v. 7.8.2013 I 3154 aufgeh. durch Art. 2 G v. 18.7.2016 I 1666 mWv 14.8.2018</standkommentar></standangabe><standangabe checked="ja"><standtyp>Sonst</standtyp><standkommentar>V ursprünglich aufgeh. durch Art. 4 Abs. 136 G v. 18.7.2016 I 1666 mWv 1.10.2021; Art. 4 Abs. 124 aufgeh. durch Art. 3 Nr. 3 G v. 3.6.2021 I 1465 mWv 1.10.2021; dadurch ist die Geltung dieser V über den 30.9.2021 hinaus verlängert worden</standkommentar></standangabe></metadaten><textdaten><fussnoten><Content><P><BR/> <pre xml:space="preserve">(+++ Textnachweis ab: 2.10.1993 +++)<BR/>(+++ Amtlicher Hinweis des Normgebers auf EG-Recht:<BR/>     Durchführung der<BR/>       EGV 2978/94     (CELEX Nr: 31994R2978) +++)<BR/>(+++ Zur Nichtanwendung dieser V bis einschließlich 31.12.2021 vgl. § 8 F <BR/>     2020-12-15 +++)<BR/><BR/></pre></P></Content></fussnoten></textdaten></norm>
<norm builddate="20240424214528" doknr="BJNR518500993BJNE000102360"><metadaten><jurabk>NOKBefAbgV</jurabk><enbez>Eingangsformel</enbez></metadaten><textdaten><text format="XML"><Content><P>Auf Grund des § 13 Abs. 2 des Seeaufgabengesetzes in der Fassung der Bekanntmachung vom 21. Januar 1987 (BGBl. I S. 541) verordnet das Bundesministerium für Verkehr im Einvernehmen mit dem Bundesministerium der Finanzen und nach Anhörung der Küstenländer:</P></Content></text><fussnoten/></textdaten></norm>
<norm builddate="20240424214528" doknr="BJNR518500993BJNE000205360"><metadaten><jurabk>NOKBefAbgV</jurabk><enbez>§ 1</enbez></metadaten><textdaten><text format="XML"><Content><P>(1) Für Wasserfahrzeuge, die den Nord-Ostsee-Kanal befahren, sind Befahrungsabgaben nach der Anlage 1 zu dieser Verordnung zu entrichten. Die Befahrungsabgaben werden von der Generaldirektion Wasserstraßen und Schifffahrt erhoben und eingezogen.</P><P>(2) Die automatischen Einrichtungen für die Abgabenerhebung im Schleusengebiet für Fahrzeuge, die Sport- und Freizeitzwecken dienen (Sportfahrzeuge), werden durch das Wasserstraßen- und Schifffahrtsamt Nord-Ostsee-Kanal betrieben. Diesem obliegt auch die Kontrolle der Zahlungsnachweise für Sportfahrzeuge.</P></Content></text><fussnoten/></textdaten></norm>
<norm builddate="20240424214528" doknr="BJNR518500993BJNE000302360"><metadaten><jurabk>NOKBefAbgV</jurabk><enbez>§ 2</enbez></metadaten><textdaten><text format="XML"><Content><P>Zur Zahlung der Befahrungsabgaben sind verpflichtet: <DL Font="normal" Type="arabic"><DT>1.</DT><DD Font="normal"><LA Size="normal">wer die Kanalfahrt veranlaßt hat,</LA></DD><DT>2.</DT><DD Font="normal"><LA Size="normal">wessen Fahrzeug den Kanal benutzt.</LA></DD></DL>Mehrere Zahlungspflichtige haften als Gesamtschuldner.</P></Content></text><fussnoten/></textdaten></norm>
<norm builddate="20240424214528" doknr="BJNR518500993BJNE000405360"><metadaten><jurabk>NOKBefAbgV</jurabk><enbez>§ 3</enbez></metadaten><textdaten><text format="XML"><Content><P>(1) Die Zahlungspflicht für die Befahrungsabgaben entsteht mit dem Antritt der Reise durch den Nord-Ostsee-Kanal.</P><P>(2) Für Sportfahrzeuge sind die Befahrungsabgaben sofort fällig und müssen aus jeder Fahrtrichtung kommend in Kiel-Holtenau vor der Schleusennutzung mit Hilfe der dafür eingerichteten automatischen Einrichtungen bezahlt werden.</P><P>(3) Die Befahrungsabgaben für die Berufsschifffahrt werden mit Bekanntgabe des Abgabenbescheids fällig. Sie sind vom 15. Tage nach dem Datum des Bescheides mit 9 Prozent über dem Basiszinssatz nach § 247 des Bürgerlichen Gesetzbuches zu verzinsen.</P><P>(4) Auf Antrag werden zur Abgeltung der Befahrungsabgaben für Sportfahrzeuge, die den Kanal gemäß § 51 Absatz 2 der Seeschifffahrtsstraßenordnung unbeschränkt nutzen dürfen, Pauschalen festgesetzt. Die Pauschale ist vor Antritt der ersten Fahrt zu entrichten. Als Nachweis händigt das zuständige Wasserstraßen- und Schifffahrtsamt der zahlungspflichtigen Person eine aktualisierte Kopie des Fahrtausweises nach § 51 Absatz 2 Seeschifffahrtsstraßenordnung aus.</P></Content></text><fussnoten/></textdaten></norm>
<norm builddate="20240424214528" doknr="BJNR518500993BJNE000503360"><metadaten><jurabk>NOKBefAbgV</jurabk><enbez>§ 4</enbez></metadaten><textdaten><text format="XML"><Content><P>Hinsichtlich der Verjährung der Befahrungsabgaben sind die §§ 18 und 19 des Bundesgebührengesetzes vom 7. August 2013 (BGBl. I S. 3154), das zuletzt durch Artikel 2 des Gesetzes vom 16. Juli 2021 (BGBl. I S. 3019) geändert worden ist, mit der Maßgabe anzuwenden, dass die Verjährungsfrist drei Jahre beträgt.</P></Content></text><fussnoten/></textdaten></norm>
<norm builddate="20240424214528" doknr="BJNR518500993BJNE000607360"><metadaten><jurabk>NOKBefAbgV</jurabk><enbez>§ 5</enbez></metadaten><textdaten><text format="XML"><Content><P>(1) Bei der Bemessung der Befahrensabgaben werden zugrundegelegt: <DL Font="normal" Type="arabic"><DT>1.</DT><DD Font="normal"><LA Size="normal">bei Seeschiffen die Bruttoraumzahl nach dem Internationalen Schiffsmeßbrief (1969); ist bei Tankschiffen das um den Raumgehalt der getrennten Wasserballasttanks reduzierte Vermessungsergebnis von der Schiffsvermessungsbehörde nach den IMO-Resolutionen A.388 (X), A.722(17) oder A.747(18) bescheinigt, so ist die reduzierte Bruttoraumzahl zugrunde zu legen; bei Ro-Ro-Schiffen, Passagier-Autofähren und Autotransporten reduziert sich die Bruttoraumzahl nach dem Internationalen Schiffsmeßbrief (1969) um 15%;</LA></DD><DT>2.</DT><DD Font="normal"><LA Size="normal">bei Binnenschiffen die Hälfte der im Eichschein ausgewiesenen Tragfähigkeit in Tonnen;</LA></DD><DT>3.</DT><DD Font="normal"><LA Size="normal">bei Kriegsfahrzeugen, für die keine Schiffsmeßbriefe ausgestellt sind, die Wasserverdrängung in Kubikmetern;</LA></DD><DT>4.</DT><DD Font="normal"><LA Size="normal">bei anderen Fahrzeugen, die nicht vermessen und nicht geeicht sind, die von einem von der Generaldirektion Wasserstraßen und Schifffahrt bestimmten Sachverständigen geschätzte Bruttoraumzahl; die Kosten der Schätzung hat der zur Zahlung der Befahrungsabgaben Verpflichtete zu tragen;</LA></DD><DT>5.</DT><DD Font="normal"><LA Size="normal">bei Schlepp- und Schubverbänden die Summe der nach den Nummern 1 bis 4 ermittelten Bruttoraumzahlen oder Tonnen aller Fahrzeuge;</LA></DD><DT>6.</DT><DD Font="normal"><LA Size="normal">bei Sportbooten die größte Länge des Fahrzeuges in Metern.</LA></DD></DL></P><P>(2) Eine nicht auf volle Euro errechnete Befahrungsabgabe wird auf den nächstliegenden Euro auf- oder abgerundet; 0,50 Euro werden aufgerundet. Für die Abwicklung des bargeldlosen Zahlungsverkehrs kann die Generaldirektion Wasserstraßen und Schifffahrt eine Verwaltungsgebühr in Höhe der dadurch entstandenen Kosten erheben.</P></Content></text><fussnoten/></textdaten></norm>
<norm builddate="20240424214528" doknr="BJNR518500993BJNE000704360"><metadaten><jurabk>NOKBefAbgV</jurabk><enbez>§ 6</enbez></metadaten><textdaten><text format="XML"><Content><P>(1) Von der Zahlung der Befahrungsabgaben sind befreit: <DL Font="normal" Type="arabic"><DT>1.</DT><DD Font="normal"><LA Size="normal">Dienstfahrzeuge der Wasserstraßen- und Schifffahrtsverwaltung des Bundes sowie Fahrzeuge der Deutschen Gesellschaft zur Rettung Schiffbrüchiger;</LA></DD><DT>2.</DT><DD Font="normal"><LA Size="normal">Dienstfahrzeuge des Bundes und des Landes Schleswig-Holstein, die für den Nord-Ostsee-Kanal dienstliche Aufgaben zu erfüllen haben;</LA></DD><DT>3.</DT><DD Font="normal"><LA Size="normal">Fahrzeuge von Unternehmen, die im Auftrag der Wasserstraßen- und Schifffahrtsverwaltung des Bundes am Kanal tätig sind;</LA></DD><DT>4.</DT><DD Font="normal"><LA>Muskelbetriebene Sportfahrzeuge.</LA></DD></DL></P><P>(2) Weitere Befreiungen und Ermäßigungen kann die Generaldirektion Wasserstraßen und Schifffahrt im Einzelfall zulassen, wenn das öffentliche Interesse es erfordert.</P></Content></text><fussnoten/></textdaten></norm>
<norm builddate="20240424214528" doknr="BJNR518500993BJNE000806360"><metadaten><jurabk>NOKBefAbgV</jurabk><enbez>§ 7</enbez></metadaten><textdaten><text format="XML"><Content><P>(1) Für Fahrzeuge im Durchgangsverkehr über 3 000 BRZ, die ausschließlich unter Ballast fahren, ermäßigt sich die Befahrungsabgabe nach Nummer 1.1 des Abgabenverzeichnisses um 30%.</P><P>(2) Für Fahrzeuge im Durchgangsverkehr, die innerhalb eines Kalenderjahres eine bestimmte Anzahl von Fahrten durch den Nord-Ostsee-Kanal durchführen, ermäßigen sich die Befahrungsabgaben nach der Nummer 4 des Abgabenverzeichnisses als Sofortrabatt. Zum Nachweis der Zahl an Fahrten, die zur Erlangung der Ermäßigung notwendig sind, ist bei der Zahlung in der Annahmestelle jede Passage auf dem amtlichen Vordruck nach dem Muster der Anlage 2 zu vermerken. Die Regelung gilt nicht für Sportfahrzeuge.</P><P>(3) Abweichend von Absatz 2 kann bei Vorliegen der Voraussetzungen auf Antrag die Ermäßigung auch nach Ablauf des Kalenderjahres erfolgen. Der Antrag ist bis zum 31. März des folgenden Jahres bei der Generaldirektion Wasserstraßen und Schifffahrt zu stellen.</P></Content></text><fussnoten/></textdaten></norm>
<norm builddate="20240424214528" doknr="BJNR518500993BJNE000906125"><metadaten><jurabk>NOKBefAbgV</jurabk><enbez>§ 8</enbez></metadaten><textdaten><text format="XML"><Content><P>§ 1 Satz 1 in Verbindung mit der Anlage ist bis zum 30. Juni 2026 mit der Maßgabe anzuwenden, dass die Befahrungsabgaben nur in Höhe von 50 Prozent der in der Anlage genannten Beträge zu entrichten sind. Dies gilt nur für Fahrzeuge, die der Pflicht zur Annahme eines Bordlotsen gemäß § 6 Absatz 3 der NOK-Lotsverordnung unterliegen.</P></Content></text><fussnoten/></textdaten></norm>
<norm builddate="20240424214528" doknr="BJNR518500993BJNE001008125"><metadaten><jurabk>NOKBefAbgV</jurabk><enbez>Anlage 1</enbez><titel format="XML">(zu § 1 Absatz 1)<BR/>Befahrungsabgabenverzeichnis</titel></metadaten><textdaten><text format="XML"><Content><P><noindex><kommentar typ="Fundstelle">(Fundstelle: BGBl. 2023 I Nr. 127, 5 – 10)</kommentar></noindex></P><P><DL Font="normal" Indent="5" Type="arabic"><DT>1.</DT><DD Font="normal"><LA Size="normal">Die Befahrungsabgaben betragen für alle Fahrzeuge mit Ausnahme der in Nummer 2 genannten <DL Font="normal" Indent="8" Type="arabic"><DT>1.1.</DT><DD Font="normal"><LA Size="normal">im Durchgangsverkehr</LA><LA Size="normal">bei einer Bruttoraumzahl <table frame="none" pgwide="1" tocentry="%yes;"><tgroup align="left" char="" charoff="50" cols="3"><colspec align="right" colname="col1" colnum="1" colwidth="11*"/><colspec align="right" colname="col2" colnum="2" colwidth="43*"/><colspec align="right" colname="col3" colnum="3" colwidth="93*"/><thead valign="bottom"><row><entry VJ="1" colname="col1" colsep="0" rowsep="0">über</entry><entry VJ="1" colname="col2" colsep="0" rowsep="0">bis</entry><entry VJ="1" colname="col3" rowsep="0">Euro</entry></row></thead><tbody valign="top"><row><entry VJ="1" colname="col1" colsep="0" rowsep="0">0</entry><entry VJ="1" colname="col2" colsep="0" rowsep="0">50</entry><entry VJ="1" colname="col3" rowsep="0">29,–</entry></row><row><entry VJ="1" colname="col1" colsep="0" rowsep="0">50</entry><entry VJ="1" colname="col2" colsep="0" rowsep="0">75</entry><entry VJ="1" colname="col3" rowsep="0">34,–</entry></row><row><entry VJ="1" colname="col1" colsep="0" rowsep="0">75</entry><entry VJ="1" colname="col2" colsep="0" rowsep="0">100</entry><entry VJ="1" colname="col3" rowsep="0">39,–</entry></row><row><entry VJ="1" colname="col1" colsep="0" rowsep="0">100</entry><entry VJ="1" colname="col2" colsep="0" rowsep="0">125</entry><entry VJ="1" colname="col3" rowsep="0">44,–</entry></row><row><entry VJ="1" colname="col1" colsep="0" rowsep="0">125</entry><entry VJ="1" colname="col2" colsep="0" rowsep="0">150</entry><entry VJ="1" colname="col3" rowsep="0">50,–</entry></row><row><entry VJ="1" colname="col1" colsep="0" rowsep="0">150</entry><entry VJ="1" colname="col2" colsep="0" rowsep="0">175</entry><entry VJ="1" colname="col3" rowsep="0">54,–</entry></row><row><entry VJ="1" colname="col1" colsep="0" rowsep="0">175</entry><entry VJ="1" colname="col2" colsep="0" rowsep="0">200</entry><entry VJ="1" colname="col3" rowsep="0">60,–</entry></row><row><entry VJ="1" colname="col1" colsep="0" rowsep="0">200</entry><entry VJ="1" colname="col2" colsep="0" rowsep="0">225</entry><entry VJ="1" colname="col3" rowsep="0">64,–</entry></row><row><entry VJ="1" colname="col1" colsep="0" rowsep="0">225</entry><entry VJ="1" colname="col2" colsep="0" rowsep="0">250</entry><entry VJ="1" colname="col3" rowsep="0">70,–</entry></row><row><entry VJ="1" colname="col1" colsep="0" rowsep="0">250</entry><entry VJ="1" colname="col2" colsep="0" rowsep="0">275</entry><entry VJ="1" colname="col3" rowsep="0">79,–</entry></row><row><entry VJ="1" colname="col1" colsep="0" rowsep="0">275</entry><entry VJ="1" colname="col2" colsep="0" rowsep="0">300</entry><entry VJ="1" colname="col3" rowsep="0">86,–</entry></row><row><entry VJ="1" colname="col1" colsep="0" rowsep="0">300</entry><entry VJ="1" colname="col2" colsep="0" rowsep="0">325</entry><entry VJ="1" colname="col3" rowsep="0">96,–</entry></row><row><entry VJ="1" colname="col1" colsep="0" rowsep="0">325</entry><entry VJ="1" colname="col2" colsep="0" rowsep="0">350</entry><entry VJ="1" colname="col3" rowsep="0">105,–</entry></row><row><entry VJ="1" colname="col1" colsep="0" rowsep="0">350</entry><entry VJ="1" colname="col2" colsep="0" rowsep="0">375</entry><entry VJ="1" colname="col3" rowsep="0">114,–</entry></row><row><entry VJ="1" colname="col1" colsep="0" rowsep="0">375</entry><entry VJ="1" colname="col2" colsep="0" rowsep="0">400</entry><entry VJ="1" colname="col3" rowsep="0">123,–</entry></row><row><entry VJ="1" colname="col1" colsep="0" rowsep="0">400</entry><entry VJ="1" colname="col2" colsep="0" rowsep="0">425</entry><entry VJ="1" colname="col3" rowsep="0">132,–</entry></row><row><entry VJ="1" colname="col1" colsep="0" rowsep="0">425</entry><entry VJ="1" colname="col2" colsep="0" rowsep="0">450</entry><entry VJ="1" colname="col3" rowsep="0">139,–</entry></row><row><entry VJ="1" colname="col1" colsep="0" rowsep="0">450</entry><entry VJ="1" colname="col2" colsep="0" rowsep="0">475</entry><entry VJ="1" colname="col3" rowsep="0">148,–</entry></row><row><entry VJ="1" colname="col1" colsep="0" rowsep="0">475</entry><entry VJ="1" colname="col2" colsep="0" rowsep="0">500</entry><entry VJ="1" colname="col3" rowsep="0">159,–</entry></row><row><entry VJ="1" colname="col1" colsep="0" rowsep="0">500</entry><entry VJ="1" colname="col2" colsep="0" rowsep="0">550</entry><entry VJ="1" colname="col3" rowsep="0">175,–</entry></row><row><entry VJ="1" colname="col1" colsep="0" rowsep="0">550</entry><entry VJ="1" colname="col2" colsep="0" rowsep="0">600</entry><entry VJ="1" colname="col3" rowsep="0">190,–</entry></row><row><entry VJ="1" colname="col1" colsep="0" rowsep="0">600</entry><entry VJ="1" colname="col2" colsep="0" rowsep="0">650</entry><entry VJ="1" colname="col3" rowsep="0">208,–</entry></row><row><entry VJ="1" colname="col1" colsep="0" rowsep="0">650</entry><entry VJ="1" colname="col2" colsep="0" rowsep="0">700</entry><entry VJ="1" colname="col3" rowsep="0">224,–</entry></row><row><entry VJ="1" colname="col1" colsep="0" rowsep="0">700</entry><entry VJ="1" colname="col2" colsep="0" rowsep="0">750</entry><entry VJ="1" colname="col3" rowsep="0">240,–</entry></row><row><entry VJ="1" colname="col1" colsep="0" rowsep="0">750</entry><entry VJ="1" colname="col2" colsep="0" rowsep="0">800</entry><entry VJ="1" colname="col3" rowsep="0">258,–</entry></row><row><entry VJ="1" colname="col1" colsep="0" rowsep="0">800</entry><entry VJ="1" colname="col2" colsep="0" rowsep="0">850</entry><entry VJ="1" colname="col3" rowsep="0">273,–</entry></row><row><entry VJ="1" colname="col1" colsep="0" rowsep="0">850</entry><entry VJ="1" colname="col2" colsep="0" rowsep="0">900</entry><entry VJ="1" colname="col3" rowsep="0">290,–</entry></row><row><entry VJ="1" colname="col1" colsep="0" rowsep="0">900</entry><entry VJ="1" colname="col2" colsep="0" rowsep="0">950</entry><entry VJ="1" colname="col3" rowsep="0">307,–</entry></row><row><entry VJ="1" colname="col1" colsep="0" rowsep="0">950</entry><entry VJ="1" colname="col2" colsep="0" rowsep="0">1 000</entry><entry VJ="1" colname="col3" rowsep="0">324,–</entry></row><row><entry VJ="1" colname="col1" colsep="0" rowsep="0">1 000</entry><entry VJ="1" colname="col2" colsep="0" rowsep="0">1 050</entry><entry VJ="1" colname="col3" rowsep="0">337,–</entry></row><row><entry VJ="1" colname="col1" colsep="0" rowsep="0">1 050</entry><entry VJ="1" colname="col2" colsep="0" rowsep="0">1 100</entry><entry VJ="1" colname="col3" rowsep="0">349,–</entry></row><row><entry VJ="1" colname="col1" colsep="0" rowsep="0">1 100</entry><entry VJ="1" colname="col2" colsep="0" rowsep="0">1 150</entry><entry VJ="1" colname="col3" rowsep="0">364,–</entry></row><row><entry VJ="1" colname="col1" colsep="0" rowsep="0">1 150</entry><entry VJ="1" colname="col2" colsep="0" rowsep="0">1 200</entry><entry VJ="1" colname="col3" rowsep="0">378,–</entry></row><row><entry VJ="1" colname="col1" colsep="0" rowsep="0">1 200</entry><entry VJ="1" colname="col2" colsep="0" rowsep="0">1 250</entry><entry VJ="1" colname="col3" rowsep="0">392,–</entry></row><row><entry VJ="1" colname="col1" colsep="0" rowsep="0">1 250</entry><entry VJ="1" colname="col2" colsep="0" rowsep="0">1 300</entry><entry VJ="1" colname="col3" rowsep="0">409,–</entry></row><row><entry VJ="1" colname="col1" colsep="0" rowsep="0">1 300</entry><entry VJ="1" colname="col2" colsep="0" rowsep="0">1 350</entry><entry VJ="1" colname="col3" rowsep="0">423,–</entry></row><row><entry VJ="1" colname="col1" colsep="0" rowsep="0">1 350</entry><entry VJ="1" colname="col2" colsep="0" rowsep="0">1 400</entry><entry VJ="1" colname="col3" rowsep="0">439,–</entry></row><row><entry VJ="1" colname="col1" colsep="0" rowsep="0">1 400</entry><entry VJ="1" colname="col2" colsep="0" rowsep="0">1 450</entry><entry VJ="1" colname="col3" rowsep="0">453,–</entry></row><row><entry VJ="1" colname="col1" colsep="0" rowsep="0">1 450</entry><entry VJ="1" colname="col2" colsep="0" rowsep="0">1 500</entry><entry VJ="1" colname="col3" rowsep="0">470,–</entry></row><row><entry VJ="1" colname="col1" colsep="0" rowsep="0">1 500</entry><entry VJ="1" colname="col2" colsep="0" rowsep="0">1 550</entry><entry VJ="1" colname="col3" rowsep="0">484,–</entry></row><row><entry VJ="1" colname="col1" colsep="0" rowsep="0">1 550</entry><entry VJ="1" colname="col2" colsep="0" rowsep="0">1 600</entry><entry VJ="1" colname="col3" rowsep="0">500,–</entry></row><row><entry VJ="1" colname="col1" colsep="0" rowsep="0">1 600</entry><entry VJ="1" colname="col2" colsep="0" rowsep="0">1 650</entry><entry VJ="1" colname="col3" rowsep="0">513,–</entry></row><row><entry VJ="1" colname="col1" colsep="0" rowsep="0">1 650</entry><entry VJ="1" colname="col2" colsep="0" rowsep="0">1 700</entry><entry VJ="1" colname="col3" rowsep="0">528,–</entry></row><row><entry VJ="1" colname="col1" colsep="0" rowsep="0">1 700</entry><entry VJ="1" colname="col2" colsep="0" rowsep="0">1 750</entry><entry VJ="1" colname="col3" rowsep="0">543,–</entry></row><row><entry VJ="1" colname="col1" colsep="0" rowsep="0">1 750</entry><entry VJ="1" colname="col2" colsep="0" rowsep="0">1 800</entry><entry VJ="1" colname="col3" rowsep="0">556,–</entry></row><row><entry VJ="1" colname="col1" colsep="0" rowsep="0">1 800</entry><entry VJ="1" colname="col2" colsep="0" rowsep="0">1 850</entry><entry VJ="1" colname="col3" rowsep="0">572,–</entry></row><row><entry VJ="1" colname="col1" colsep="0" rowsep="0">1 850</entry><entry VJ="1" colname="col2" colsep="0" rowsep="0">1 900</entry><entry VJ="1" colname="col3" rowsep="0">585,–</entry></row><row><entry VJ="1" colname="col1" colsep="0" rowsep="0">1 900</entry><entry VJ="1" colname="col2" colsep="0" rowsep="0">1 950</entry><entry VJ="1" colname="col3" rowsep="0">599,–</entry></row><row><entry VJ="1" colname="col1" colsep="0" rowsep="0">1 950</entry><entry VJ="1" colname="col2" colsep="0" rowsep="0">2 000</entry><entry VJ="1" colname="col3" rowsep="0">615,–</entry></row><row><entry VJ="1" colname="col1" colsep="0" rowsep="0">2 000</entry><entry VJ="1" colname="col2" colsep="0" rowsep="0">2 050</entry><entry VJ="1" colname="col3" rowsep="0">627,–</entry></row><row><entry VJ="1" colname="col1" colsep="0" rowsep="0">2 050</entry><entry VJ="1" colname="col2" colsep="0" rowsep="0">2 100</entry><entry VJ="1" colname="col3" rowsep="0">638,–</entry></row><row><entry VJ="1" colname="col1" colsep="0" rowsep="0">2 100</entry><entry VJ="1" colname="col2" colsep="0" rowsep="0">2 150</entry><entry VJ="1" colname="col3" rowsep="0">648,–</entry></row><row><entry VJ="1" colname="col1" colsep="0" rowsep="0">2 150</entry><entry VJ="1" colname="col2" colsep="0" rowsep="0">2 200</entry><entry VJ="1" colname="col3" rowsep="0">659,–</entry></row><row><entry VJ="1" colname="col1" colsep="0" rowsep="0">2 200</entry><entry VJ="1" colname="col2" colsep="0" rowsep="0">2 250</entry><entry VJ="1" colname="col3" rowsep="0">669,–</entry></row><row><entry VJ="1" colname="col1" colsep="0" rowsep="0">2 250</entry><entry VJ="1" colname="col2" colsep="0" rowsep="0">2 300</entry><entry VJ="1" colname="col3" rowsep="0">680,–</entry></row><row><entry VJ="1" colname="col1" colsep="0" rowsep="0">2 300</entry><entry VJ="1" colname="col2" colsep="0" rowsep="0">2 350</entry><entry VJ="1" colname="col3" rowsep="0">690,–</entry></row><row><entry VJ="1" colname="col1" colsep="0" rowsep="0">2 350</entry><entry VJ="1" colname="col2" colsep="0" rowsep="0">2 400</entry><entry VJ="1" colname="col3" rowsep="0">700,–</entry></row><row><entry VJ="1" colname="col1" colsep="0" rowsep="0">2 400</entry><entry VJ="1" colname="col2" colsep="0" rowsep="0">2 450</entry><entry VJ="1" colname="col3" rowsep="0">710,–</entry></row><row><entry VJ="1" colname="col1" colsep="0" rowsep="0">2 450</entry><entry VJ="1" colname="col2" colsep="0" rowsep="0">2 500</entry><entry VJ="1" colname="col3" rowsep="0">720,–</entry></row><row><entry VJ="1" colname="col1" colsep="0" rowsep="0">2 500</entry><entry VJ="1" colname="col2" colsep="0" rowsep="0">2 600</entry><entry VJ="1" colname="col3" rowsep="0">738,–</entry></row><row><entry VJ="1" colname="col1" colsep="0" rowsep="0">2 600</entry><entry VJ="1" colname="col2" colsep="0" rowsep="0">2 700</entry><entry VJ="1" colname="col3" rowsep="0">756,–</entry></row><row><entry VJ="1" colname="col1" colsep="0" rowsep="0">2 700</entry><entry VJ="1" colname="col2" colsep="0" rowsep="0">2 800</entry><entry VJ="1" colname="col3" rowsep="0">772,–</entry></row><row><entry VJ="1" colname="col1" colsep="0" rowsep="0">2 800</entry><entry VJ="1" colname="col2" colsep="0" rowsep="0">2 900</entry><entry VJ="1" colname="col3" rowsep="0">790,–</entry></row><row><entry VJ="1" colname="col1" colsep="0" rowsep="0">2 900</entry><entry VJ="1" colname="col2" colsep="0" rowsep="0">3 000</entry><entry VJ="1" colname="col3" rowsep="0">807,–</entry></row><row><entry VJ="1" colname="col1" colsep="0" rowsep="0">3 000</entry><entry VJ="1" colname="col2" colsep="0" rowsep="0">3 100</entry><entry VJ="1" colname="col3" rowsep="0">824,–</entry></row><row><entry VJ="1" colname="col1" colsep="0" rowsep="0">3 100</entry><entry VJ="1" colname="col2" colsep="0" rowsep="0">3 200</entry><entry VJ="1" colname="col3" rowsep="0">843,–</entry></row><row><entry VJ="1" colname="col1" colsep="0" rowsep="0">3 200</entry><entry VJ="1" colname="col2" colsep="0" rowsep="0">3 300</entry><entry VJ="1" colname="col3" rowsep="0">862,–</entry></row><row><entry VJ="1" colname="col1" colsep="0" rowsep="0">3 300</entry><entry VJ="1" colname="col2" colsep="0" rowsep="0">3 400</entry><entry VJ="1" colname="col3" rowsep="0">880,–</entry></row><row><entry VJ="1" colname="col1" colsep="0" rowsep="0">3 400</entry><entry VJ="1" colname="col2" colsep="0" rowsep="0">3 500</entry><entry VJ="1" colname="col3" rowsep="0">897,–</entry></row><row><entry VJ="1" colname="col1" colsep="0" rowsep="0">3 500</entry><entry VJ="1" colname="col2" colsep="0" rowsep="0">3 600</entry><entry VJ="1" colname="col3" rowsep="0">904,–</entry></row><row><entry VJ="1" colname="col1" colsep="0" rowsep="0">3 600</entry><entry VJ="1" colname="col2" colsep="0" rowsep="0">3 700</entry><entry VJ="1" colname="col3" rowsep="0">912,–</entry></row><row><entry VJ="1" colname="col1" colsep="0" rowsep="0">3 700</entry><entry VJ="1" colname="col2" colsep="0" rowsep="0">3 800</entry><entry VJ="1" colname="col3" rowsep="0">931,–</entry></row><row><entry VJ="1" colname="col1" colsep="0" rowsep="0">3 800</entry><entry VJ="1" colname="col2" colsep="0" rowsep="0">3 900</entry><entry VJ="1" colname="col3" rowsep="0">949,–</entry></row><row><entry VJ="1" colname="col1" colsep="0" rowsep="0">3 900</entry><entry VJ="1" colname="col2" colsep="0" rowsep="0">4 000</entry><entry VJ="1" colname="col3" rowsep="0">963,–</entry></row><row><entry VJ="1" colname="col1" colsep="0" rowsep="0">4 000</entry><entry VJ="1" colname="col2" colsep="0" rowsep="0">4 100</entry><entry VJ="1" colname="col3" rowsep="0">974,–</entry></row><row><entry VJ="1" colname="col1" colsep="0" rowsep="0">4 100</entry><entry VJ="1" colname="col2" colsep="0" rowsep="0">4 200</entry><entry VJ="1" colname="col3" rowsep="0">983,–</entry></row><row><entry VJ="1" colname="col1" colsep="0" rowsep="0">4 200</entry><entry VJ="1" colname="col2" colsep="0" rowsep="0">4 300</entry><entry VJ="1" colname="col3" rowsep="0">995,–</entry></row><row><entry VJ="1" colname="col1" colsep="0" rowsep="0">4 300</entry><entry VJ="1" colname="col2" colsep="0" rowsep="0">4 400</entry><entry VJ="1" colname="col3" rowsep="0">1 008,–</entry></row><row><entry VJ="1" colname="col1" colsep="0" rowsep="0">4 400</entry><entry VJ="1" colname="col2" colsep="0" rowsep="0">4 500</entry><entry VJ="1" colname="col3" rowsep="0">1 021,–</entry></row><row><entry VJ="1" colname="col1" colsep="0" rowsep="0">4 500</entry><entry VJ="1" colname="col2" colsep="0" rowsep="0">4 600</entry><entry VJ="1" colname="col3" rowsep="0">1 034,–</entry></row><row><entry VJ="1" colname="col1" colsep="0" rowsep="0">4 600</entry><entry VJ="1" colname="col2" colsep="0" rowsep="0">4 700</entry><entry VJ="1" colname="col3" rowsep="0">1 047,–</entry></row><row><entry VJ="1" colname="col1" colsep="0" rowsep="0">4 700</entry><entry VJ="1" colname="col2" colsep="0" rowsep="0">4 800</entry><entry VJ="1" colname="col3" rowsep="0">1 061,–</entry></row><row><entry VJ="1" colname="col1" colsep="0" rowsep="0">4 800</entry><entry VJ="1" colname="col2" colsep="0" rowsep="0">4 900</entry><entry VJ="1" colname="col3" rowsep="0">1 077,–</entry></row><row><entry VJ="1" colname="col1" colsep="0" rowsep="0">4 900</entry><entry VJ="1" colname="col2" colsep="0" rowsep="0">5 000</entry><entry VJ="1" colname="col3" rowsep="0">1 092,–</entry></row><row><entry VJ="1" colname="col1" colsep="0" rowsep="0">5 000</entry><entry VJ="1" colname="col2" colsep="0" rowsep="0">5 250</entry><entry VJ="1" colname="col3" rowsep="0">1 106,–</entry></row><row><entry VJ="1" colname="col1" colsep="0" rowsep="0">5 250</entry><entry VJ="1" colname="col2" colsep="0" rowsep="0">5 500</entry><entry VJ="1" colname="col3" rowsep="0">1 126,–</entry></row><row><entry VJ="1" colname="col1" colsep="0" rowsep="0">5 500</entry><entry VJ="1" colname="col2" colsep="0" rowsep="0">5 750</entry><entry VJ="1" colname="col3" rowsep="0">1 144,–</entry></row><row><entry VJ="1" colname="col1" colsep="0" rowsep="0">5 750</entry><entry VJ="1" colname="col2" colsep="0" rowsep="0">6 000</entry><entry VJ="1" colname="col3" rowsep="0">1 149,–</entry></row><row><entry VJ="1" colname="col1" colsep="0" rowsep="0">6 000</entry><entry VJ="1" colname="col2" colsep="0" rowsep="0">6 250</entry><entry VJ="1" colname="col3" rowsep="0">1 154,–</entry></row><row><entry VJ="1" colname="col1" colsep="0" rowsep="0">6 250</entry><entry VJ="1" colname="col2" colsep="0" rowsep="0">6 500</entry><entry VJ="1" colname="col3" rowsep="0">1 175,–</entry></row><row><entry VJ="1" colname="col1" colsep="0" rowsep="0">6 500</entry><entry VJ="1" colname="col2" colsep="0" rowsep="0">6 750</entry><entry VJ="1" colname="col3" rowsep="0">1 194,–</entry></row><row><entry VJ="1" colname="col1" colsep="0" rowsep="0">6 750</entry><entry VJ="1" colname="col2" colsep="0" rowsep="0">7 000</entry><entry VJ="1" colname="col3" rowsep="0">1 212,–</entry></row><row><entry VJ="1" colname="col1" colsep="0" rowsep="0">7 000</entry><entry VJ="1" colname="col2" colsep="0" rowsep="0">7 250</entry><entry VJ="1" colname="col3" rowsep="0">1 231,–</entry></row><row><entry VJ="1" colname="col1" colsep="0" rowsep="0">7 250</entry><entry VJ="1" colname="col2" colsep="0" rowsep="0">7 500</entry><entry VJ="1" colname="col3" rowsep="0">1 249,–</entry></row><row><entry VJ="1" colname="col1" colsep="0" rowsep="0">7 500</entry><entry VJ="1" colname="col2" colsep="0" rowsep="0">7 750</entry><entry VJ="1" colname="col3" rowsep="0">1 268,–</entry></row><row><entry VJ="1" colname="col1" colsep="0" rowsep="0">7 750</entry><entry VJ="1" colname="col2" colsep="0" rowsep="0">8 000</entry><entry VJ="1" colname="col3" rowsep="0">1 275,–</entry></row><row><entry VJ="1" colname="col1" colsep="0" rowsep="0">8 000</entry><entry VJ="1" colname="col2" colsep="0" rowsep="0">8 250</entry><entry VJ="1" colname="col3" rowsep="0">1 283,–</entry></row><row><entry VJ="1" colname="col1" colsep="0" rowsep="0">8 250</entry><entry VJ="1" colname="col2" colsep="0" rowsep="0">8 500</entry><entry VJ="1" colname="col3" rowsep="0">1 289,–</entry></row><row><entry VJ="1" colname="col1" colsep="0" rowsep="0">8 500</entry><entry VJ="1" colname="col2" colsep="0" rowsep="0">8 750</entry><entry VJ="1" colname="col3" rowsep="0">1 298,–</entry></row><row><entry VJ="1" colname="col1" colsep="0" rowsep="0">8 750</entry><entry VJ="1" colname="col2" colsep="0" rowsep="0">9 000</entry><entry VJ="1" colname="col3" rowsep="0">1 315,–</entry></row><row><entry VJ="1" colname="col1" colsep="0" rowsep="0">9 000</entry><entry VJ="1" colname="col2" colsep="0" rowsep="0">9 250</entry><entry VJ="1" colname="col3" rowsep="0">1 332,–</entry></row><row><entry VJ="1" colname="col1" colsep="0" rowsep="0">9 250</entry><entry VJ="1" colname="col2" colsep="0" rowsep="0">9 500</entry><entry VJ="1" colname="col3" rowsep="0">1 350,–</entry></row><row><entry VJ="1" colname="col1" colsep="0" rowsep="0">9 500</entry><entry VJ="1" colname="col2" colsep="0" rowsep="0">9 750</entry><entry VJ="1" colname="col3" rowsep="0">1 369,–</entry></row><row><entry VJ="1" colname="col1" colsep="0" rowsep="0">9 750</entry><entry VJ="1" colname="col2" colsep="0" rowsep="0">10 000</entry><entry VJ="1" colname="col3" rowsep="0">1 373,–</entry></row><row><entry VJ="1" colname="col1" colsep="0" rowsep="0">10 000</entry><entry VJ="1" colname="col2" colsep="0" rowsep="0">10 250</entry><entry VJ="1" colname="col3" rowsep="0">1 377,–</entry></row><row><entry VJ="1" colname="col1" colsep="0" rowsep="0">10 250</entry><entry VJ="1" colname="col2" colsep="0" rowsep="0">10 500</entry><entry VJ="1" colname="col3" rowsep="0">1 384,–</entry></row><row><entry VJ="1" colname="col1" colsep="0" rowsep="0">10 500</entry><entry VJ="1" colname="col2" colsep="0" rowsep="0">10 750</entry><entry VJ="1" colname="col3" rowsep="0">1 389,–</entry></row><row><entry VJ="1" colname="col1" colsep="0" rowsep="0">10 750</entry><entry VJ="1" colname="col2" colsep="0" rowsep="0">11 000</entry><entry VJ="1" colname="col3" rowsep="0">1 409,–</entry></row><row><entry VJ="1" colname="col1" colsep="0" rowsep="0">11 000</entry><entry VJ="1" colname="col2" colsep="0" rowsep="0">11 250</entry><entry VJ="1" colname="col3" rowsep="0">1 421,–</entry></row><row><entry VJ="1" colname="col1" colsep="0" rowsep="0">11 250</entry><entry VJ="1" colname="col2" colsep="0" rowsep="0">11 500</entry><entry VJ="1" colname="col3" rowsep="0">1 441,–</entry></row><row><entry VJ="1" colname="col1" colsep="0" rowsep="0">11 500</entry><entry VJ="1" colname="col2" colsep="0" rowsep="0">11 750</entry><entry VJ="1" colname="col3" rowsep="0">1 449,–</entry></row><row><entry VJ="1" colname="col1" colsep="0" rowsep="0">11 750</entry><entry VJ="1" colname="col2" colsep="0" rowsep="0">12 000</entry><entry VJ="1" colname="col3" rowsep="0">1 458,–</entry></row><row><entry VJ="1" colname="col1" colsep="0" rowsep="0">12 000</entry><entry VJ="1" colname="col2" colsep="0" rowsep="0">12 250</entry><entry VJ="1" colname="col3" rowsep="0">1 466,–</entry></row><row><entry VJ="1" colname="col1" colsep="0" rowsep="0">12 250</entry><entry VJ="1" colname="col2" colsep="0" rowsep="0">12 500</entry><entry VJ="1" colname="col3" rowsep="0">1 474,–</entry></row><row><entry VJ="1" colname="col1" colsep="0" rowsep="0">12 500</entry><entry VJ="1" colname="col2" colsep="0" rowsep="0">12 750</entry><entry VJ="1" colname="col3" rowsep="0">1 483,–</entry></row><row><entry VJ="1" colname="col1" colsep="0" rowsep="0">12 750</entry><entry VJ="1" colname="col2" colsep="0" rowsep="0">13 000</entry><entry VJ="1" colname="col3" rowsep="0">1 491,–</entry></row><row><entry VJ="1" colname="col1" colsep="0" rowsep="0">13 000</entry><entry VJ="1" colname="col2" colsep="0" rowsep="0">13 250</entry><entry VJ="1" colname="col3" rowsep="0">1 509,–</entry></row><row><entry VJ="1" colname="col1" colsep="0" rowsep="0">13 250</entry><entry VJ="1" colname="col2" colsep="0" rowsep="0">13 500</entry><entry VJ="1" colname="col3" rowsep="0">1 528,–</entry></row><row><entry VJ="1" colname="col1" colsep="0" rowsep="0">13 500</entry><entry VJ="1" colname="col2" colsep="0" rowsep="0">13 750</entry><entry VJ="1" colname="col3" rowsep="0">1 546,–</entry></row><row><entry VJ="1" colname="col1" colsep="0" rowsep="0">13 750</entry><entry VJ="1" colname="col2" colsep="0" rowsep="0">14 000</entry><entry VJ="1" colname="col3" rowsep="0">1 564,–</entry></row><row><entry VJ="1" colname="col1" colsep="0" rowsep="0">14 000</entry><entry VJ="1" colname="col2" colsep="0" rowsep="0">14 250</entry><entry VJ="1" colname="col3" rowsep="0">1 582,–</entry></row><row><entry VJ="1" colname="col1" colsep="0" rowsep="0">14 250</entry><entry VJ="1" colname="col2" colsep="0" rowsep="0">14 500</entry><entry VJ="1" colname="col3" rowsep="0">1 602,–</entry></row><row><entry VJ="1" colname="col1" colsep="0" rowsep="0">14 500</entry><entry VJ="1" colname="col2" colsep="0" rowsep="0">14 750</entry><entry VJ="1" colname="col3" rowsep="0">1 621,–</entry></row><row><entry VJ="1" colname="col1" colsep="0" rowsep="0">14 750</entry><entry VJ="1" colname="col2" colsep="0" rowsep="0">15 000</entry><entry VJ="1" colname="col3" rowsep="0">1 625,–</entry></row><row><entry VJ="1" colname="col1" colsep="0" rowsep="0">15 000</entry><entry VJ="1" colname="col2" colsep="0" rowsep="0">15 500</entry><entry VJ="1" colname="col3" rowsep="0">1 631,–</entry></row><row><entry VJ="1" colname="col1" colsep="0" rowsep="0">15 500</entry><entry VJ="1" colname="col2" colsep="0" rowsep="0">16 000</entry><entry VJ="1" colname="col3" rowsep="0">1 638,–</entry></row><row><entry VJ="1" colname="col1" colsep="0" rowsep="0">16 000</entry><entry VJ="1" colname="col2" colsep="0" rowsep="0">16 500</entry><entry VJ="1" colname="col3" rowsep="0">1 667,–</entry></row><row><entry VJ="1" colname="col1" colsep="0" rowsep="0">16 500</entry><entry VJ="1" colname="col2" colsep="0" rowsep="0">17 000</entry><entry VJ="1" colname="col3" rowsep="0">1 699,–</entry></row><row><entry VJ="1" colname="col1" colsep="0" rowsep="0">17 000</entry><entry VJ="1" colname="col2" colsep="0" rowsep="0">17 500</entry><entry VJ="1" colname="col3" rowsep="0">1 731,–</entry></row><row><entry VJ="1" colname="col1" colsep="0" rowsep="0">17 500</entry><entry VJ="1" colname="col2" colsep="0" rowsep="0">18 000</entry><entry VJ="1" colname="col3" rowsep="0">1 764,–</entry></row><row><entry VJ="1" colname="col1" colsep="0" rowsep="0">18 000</entry><entry VJ="1" colname="col2" colsep="0" rowsep="0">18 500</entry><entry VJ="1" colname="col3" rowsep="0">1 798,–</entry></row><row><entry VJ="1" colname="col1" colsep="0" rowsep="0">18 500</entry><entry VJ="1" colname="col2" colsep="0" rowsep="0">19 000</entry><entry VJ="1" colname="col3" rowsep="0">1 831,–</entry></row><row><entry VJ="1" colname="col1" colsep="0" rowsep="0">19 000</entry><entry VJ="1" colname="col2" colsep="0" rowsep="0">19 500</entry><entry VJ="1" colname="col3" rowsep="0">1 849,–</entry></row><row><entry VJ="1" colname="col1" colsep="0" rowsep="0">19 500</entry><entry VJ="1" colname="col2" colsep="0" rowsep="0">20 000</entry><entry VJ="1" colname="col3" rowsep="0">1 867,–</entry></row><row><entry VJ="1" colname="col1" colsep="0" rowsep="0">20 000</entry><entry VJ="1" colname="col2" colsep="0" rowsep="0">20 500</entry><entry VJ="1" colname="col3" rowsep="0">1 884,–</entry></row><row><entry VJ="1" colname="col1" colsep="0" rowsep="0">20 500</entry><entry VJ="1" colname="col2" colsep="0" rowsep="0">21 000</entry><entry VJ="1" colname="col3" rowsep="0">1 907,–</entry></row><row><entry VJ="1" colname="col1" colsep="0" rowsep="0">21 000</entry><entry VJ="1" colname="col2" colsep="0" rowsep="0">21 500</entry><entry VJ="1" colname="col3" rowsep="0">1 925,–</entry></row><row><entry VJ="1" colname="col1" colsep="0" rowsep="0">21 500</entry><entry VJ="1" colname="col2" colsep="0" rowsep="0">22 000</entry><entry VJ="1" colname="col3" rowsep="0">1 946,–</entry></row><row><entry VJ="1" colname="col1" colsep="0" rowsep="0">22 000</entry><entry VJ="1" colname="col2" colsep="0" rowsep="0">22 500</entry><entry VJ="1" colname="col3" rowsep="0">1 967,–</entry></row><row><entry VJ="1" colname="col1" colsep="0" rowsep="0">22 500</entry><entry VJ="1" colname="col2" colsep="0" rowsep="0">23 000</entry><entry VJ="1" colname="col3" rowsep="0">1 999,–</entry></row><row><entry VJ="1" colname="col1" colsep="0" rowsep="0">23 000</entry><entry VJ="1" colname="col2" colsep="0" rowsep="0">23 500</entry><entry VJ="1" colname="col3" rowsep="0">2 030,–</entry></row><row><entry VJ="1" colname="col1" colsep="0" rowsep="0">23 500</entry><entry VJ="1" colname="col2" colsep="0" rowsep="0">24 000</entry><entry VJ="1" colname="col3" rowsep="0">2 062,–</entry></row><row><entry VJ="1" colname="col1" colsep="0" rowsep="0">24 000</entry><entry VJ="1" colname="col2" colsep="0" rowsep="0">24 500</entry><entry VJ="1" colname="col3" rowsep="0">2 094,–</entry></row><row><entry VJ="1" colname="col1" colsep="0" rowsep="0">24 500</entry><entry VJ="1" colname="col2" colsep="0" rowsep="0">25 000</entry><entry VJ="1" colname="col3" rowsep="0">2 125,–</entry></row><row><entry VJ="1" colname="col1" colsep="0" rowsep="0">25 000</entry><entry VJ="1" colname="col2" colsep="0" rowsep="0">25 500</entry><entry VJ="1" colname="col3" rowsep="0">2 157,–</entry></row><row><entry VJ="1" colname="col1" colsep="0" rowsep="0">25 500</entry><entry VJ="1" colname="col2" colsep="0" rowsep="0">26 000</entry><entry VJ="1" colname="col3" rowsep="0">2 188,–</entry></row><row><entry VJ="1" colname="col1" colsep="0" rowsep="0">26 000</entry><entry VJ="1" colname="col2" colsep="0" rowsep="0">26 500</entry><entry VJ="1" colname="col3" rowsep="0">2 220,–</entry></row><row><entry VJ="1" colname="col1" colsep="0" rowsep="0">26 500</entry><entry VJ="1" colname="col2" colsep="0" rowsep="0">27 000</entry><entry VJ="1" colname="col3" rowsep="0">2 252,–</entry></row><row><entry VJ="1" colname="col1" colsep="0" rowsep="0">27 000</entry><entry VJ="1" colname="col2" colsep="0" rowsep="0">27 500</entry><entry VJ="1" colname="col3" rowsep="0">2 283,–</entry></row><row><entry VJ="1" colname="col1" colsep="0" rowsep="0">27 500</entry><entry VJ="1" colname="col2" colsep="0" rowsep="0">28 000</entry><entry VJ="1" colname="col3" rowsep="0">2 315,–</entry></row><row><entry VJ="1" colname="col1" colsep="0" rowsep="0">28 000</entry><entry VJ="1" colname="col2" colsep="0" rowsep="0">28 500</entry><entry VJ="1" colname="col3" rowsep="0">2 346,–</entry></row><row><entry VJ="1" colname="col1" colsep="0" rowsep="0">28 500</entry><entry VJ="1" colname="col2" colsep="0" rowsep="0">29 000</entry><entry VJ="1" colname="col3" rowsep="0">2 378,–</entry></row><row><entry VJ="1" colname="col1" colsep="0" rowsep="0">29 000</entry><entry VJ="1" colname="col2" colsep="0" rowsep="0">29 500</entry><entry VJ="1" colname="col3" rowsep="0">2 410,–</entry></row><row><entry VJ="1" colname="col1" colsep="0" rowsep="0">29 500</entry><entry VJ="1" colname="col2" colsep="0" rowsep="0">30 000</entry><entry VJ="1" colname="col3" rowsep="0">2 441,–</entry></row><row><entry VJ="1" colname="col1" colsep="0" rowsep="0">30 000</entry><entry VJ="1" colname="col2" colsep="0" rowsep="0">30 500</entry><entry VJ="1" colname="col3" rowsep="0">2 473,–</entry></row><row><entry VJ="1" colname="col1" colsep="0" rowsep="0">30 500</entry><entry VJ="1" colname="col2" colsep="0" rowsep="0">31 000</entry><entry VJ="1" colname="col3" rowsep="0">2 504,–</entry></row><row><entry VJ="1" colname="col1" colsep="0" rowsep="0">31 000</entry><entry VJ="1" colname="col2" colsep="0" rowsep="0">31 500</entry><entry VJ="1" colname="col3" rowsep="0">2 536,–</entry></row><row><entry VJ="1" colname="col1" colsep="0" rowsep="0">31 500</entry><entry VJ="1" colname="col2" colsep="0" rowsep="0">32 000</entry><entry VJ="1" colname="col3" rowsep="0">2 568,–</entry></row><row><entry VJ="1" colname="col1" colsep="0" rowsep="0">32 000</entry><entry VJ="1" colname="col2" colsep="0" rowsep="0">32 500</entry><entry VJ="1" colname="col3" rowsep="0">2 599,–</entry></row><row><entry VJ="1" colname="col1" colsep="0" rowsep="0">32 500</entry><entry VJ="1" colname="col2" colsep="0" rowsep="0">33 000</entry><entry VJ="1" colname="col3" rowsep="0">2 631,–</entry></row><row><entry VJ="1" colname="col1" colsep="0" rowsep="0">33 000</entry><entry VJ="1" colname="col2" colsep="0" rowsep="0">33 500</entry><entry VJ="1" colname="col3" rowsep="0">2 662,–</entry></row><row><entry VJ="1" colname="col1" colsep="0" rowsep="0">33 500</entry><entry VJ="1" colname="col2" colsep="0" rowsep="0">34 000</entry><entry VJ="1" colname="col3" rowsep="0">2 694,–</entry></row><row><entry VJ="1" colname="col1" colsep="0" rowsep="0">34 000</entry><entry VJ="1" colname="col2" colsep="0" rowsep="0">34 500</entry><entry VJ="1" colname="col3" rowsep="0">2 726,–</entry></row><row><entry VJ="1" colname="col1" colsep="0" rowsep="0">34 500</entry><entry VJ="1" colname="col2" colsep="0" rowsep="0">35 000</entry><entry VJ="1" colname="col3" rowsep="0">2 757,–</entry></row><row><entry VJ="1" colname="col1" colsep="0" rowsep="0">35 000</entry><entry VJ="1" colname="col2" colsep="0" rowsep="0"/><entry VJ="1" colname="col3" rowsep="0">2 757,–</entry></row><row><entry VJ="1" align="left" colsep="0" nameend="col2" namest="col1">zuzüglich für je angefangene 500 BRZ</entry><entry VJ="1" colname="col3">30,–;</entry></row></tbody></tgroup></table></LA></DD><DT>1.2.</DT><DD Font="normal"><LA Size="normal">im Teilstreckenverkehr</LA><LA Size="normal">für jede angefangene Teilstrecke von 10 Kilometern 10 % des Betrages nach Nummer 1.1,</LA><LA Size="normal">für jede angefangene Teilstrecke mit Schleusenbenutzung 15 % des Betrages nach Nummer 1.1,</LA><LA Size="normal">mindestens jedoch 9 Euro</LA></DD></DL></LA></DD></DL><DL Font="normal" Indent="5" Type="arabic"><DT>2.</DT><DD Font="normal"><LA Size="normal">für Sportfahrzeuge <DL Font="normal" Indent="8" Type="arabic"><DT>2.1.</DT><DD Font="normal"><LA Size="normal">im Durchgangsverkehr <table frame="none" pgwide="1" tocentry="%yes;"><tgroup align="left" char="" charoff="50" cols="2"><colspec colname="col1" colnum="1" colwidth="138*"/><colspec align="right" colname="col2" colnum="2" colwidth="9*"/><thead valign="bottom"><row><entry VJ="1" colname="col1" colsep="0" rowsep="0"/><entry VJ="1" colname="col2" rowsep="0">Euro</entry></row></thead><tbody valign="top"><row><entry VJ="1" colname="col1" colsep="0" rowsep="0">bis 10 m</entry><entry VJ="1" colname="col2" rowsep="0">12,–</entry></row><row><entry VJ="1" colname="col1" colsep="0" rowsep="0">über 10 m bis 12 m</entry><entry VJ="1" colname="col2" rowsep="0">18,–</entry></row><row><entry VJ="1" colname="col1" colsep="0" rowsep="0">über 12 m bis 16 m</entry><entry VJ="1" colname="col2" rowsep="0">35,–</entry></row><row><entry VJ="1" colname="col1" colsep="0" rowsep="0">über 16 m bis 20 m</entry><entry VJ="1" colname="col2" rowsep="0">41,–</entry></row><row><entry VJ="1" colname="col1" colsep="0" rowsep="0">über 20 m</entry><entry VJ="1" colname="col2" rowsep="0">43,–</entry></row><row><entry VJ="1" colname="col1" colsep="0">für jeden weiteren angefangenen Meter Länge zusätzlich</entry><entry VJ="1" colname="col2">1,–</entry></row></tbody></tgroup></table></LA></DD><DT>2.2</DT><DD Font="normal"><LA Size="normal">im Teilstreckenverkehr bei einer Länge <table frame="none" pgwide="1" tocentry="%yes;"><tgroup align="left" char="" charoff="50" cols="2"><colspec colname="col1" colwidth="156*"/><colspec align="right" colname="col2" colwidth="9*"/><thead valign="bottom"><row><entry VJ="1" colname="col1" colsep="0" rowsep="0"/><entry VJ="1" align="right" colname="col2" rowsep="0">Euro</entry></row></thead><tbody valign="top"><row><entry VJ="1" colname="col1" colsep="0" rowsep="0">bis 10 m</entry><entry VJ="1" colname="col2" rowsep="0"> 7,–</entry></row><row><entry VJ="1" colname="col1" colsep="0" rowsep="0">über 10 m bis 12 m</entry><entry VJ="1" colname="col2" rowsep="0"> 8,–</entry></row><row><entry VJ="1" colname="col1" colsep="0" rowsep="0">über 12 m bis 16 m</entry><entry VJ="1" colname="col2" rowsep="0">18,–</entry></row><row><entry VJ="1" colname="col1" colsep="0" rowsep="0">über 16 m bis 20 m</entry><entry VJ="1" colname="col2" rowsep="0">21,–</entry></row><row><entry VJ="1" colname="col1" colsep="0" rowsep="0">über 20 m</entry><entry VJ="1" colname="col2" rowsep="0">23,–</entry></row><row><entry VJ="1" colname="col1" colsep="0">für jeden weiteren Meter Länge zusätzlich</entry><entry VJ="1" colname="col2"> 1,–</entry></row></tbody></tgroup></table></LA></DD></DL></LA></DD></DL><DL Font="normal" Indent="5" Type="arabic"><DT>3.</DT><DD Font="normal"><LA Size="normal">Die Pauschalen nach § 3 Absatz 4 betragen pro Jahr <DL Font="normal" Indent="8" Type="arabic"><DT>3.1</DT><DD Font="normal"><LA Size="normal">für Sportfahrzeuge, die ihren ständigen Lager- oder Liegeplatz an der Eider oberhalb der Schleuse Lexfähr haben, bei einer Länge <table frame="none" pgwide="1" tocentry="%yes;"><tgroup align="left" char="" charoff="50" cols="2"><colspec colname="col1" colnum="1" colwidth="138*"/><colspec align="right" colname="col2" colnum="2" colwidth="9*"/><thead valign="bottom"><row><entry VJ="1" colname="col1" colsep="0" rowsep="0"/><entry VJ="1" colname="col2" rowsep="0">Euro</entry></row></thead><tbody valign="top"><row><entry VJ="1" colname="col1" colsep="0" rowsep="0">bis 10 m</entry><entry VJ="1" colname="col2" rowsep="0">37,–</entry></row><row><entry VJ="1" colname="col1" colsep="0" rowsep="0">über 10 m bis 12 m</entry><entry VJ="1" colname="col2" rowsep="0">41,–</entry></row><row><entry VJ="1" colname="col1" colsep="0" rowsep="0">über 12 m bis 16 m</entry><entry VJ="1" colname="col2" rowsep="0">48,–</entry></row><row><entry VJ="1" colname="col1" colsep="0" rowsep="0">über 16 m bis 20 m</entry><entry VJ="1" colname="col2" rowsep="0">54,–</entry></row><row><entry VJ="1" colname="col1" colsep="0" rowsep="0">über 20 m</entry><entry VJ="1" colname="col2" rowsep="0">60,–</entry></row><row><entry VJ="1" colname="col1" colsep="0">für jeden weiteren angefangenen Meter Länge zusätzlich</entry><entry VJ="1" colname="col2">1,–</entry></row></tbody></tgroup></table></LA></DD><DT>3.2</DT><DD Font="normal"><LA Size="normal">für Sportfahrzeuge, die ihren ständigen Lager- oder Liegeplatz an der Obereider, am Audorfer See, im oder unmittelbar am Nord-Ostsee-Kanal zwischen den Schleusen haben, bei einer Länge <table frame="none" pgwide="1" tocentry="%yes;"><tgroup align="left" char="" charoff="50" cols="2"><colspec colname="col1" colnum="1" colwidth="140*"/><colspec align="right" colname="col2" colnum="2" colwidth="8*"/><thead valign="bottom"><row><entry VJ="1" colname="col1" colsep="0" rowsep="0"/><entry VJ="1" colname="col2" rowsep="0">Euro</entry></row></thead><tbody valign="top"><row><entry VJ="1" colname="col1" colsep="0" rowsep="0">bis 10 m</entry><entry VJ="1" colname="col2" rowsep="0">35,–</entry></row><row><entry VJ="1" colname="col1" colsep="0" rowsep="0">über 10 m bis 12 m</entry><entry VJ="1" colname="col2" rowsep="0">37,–</entry></row><row><entry VJ="1" colname="col1" colsep="0" rowsep="0">über 12 m bis 16 m</entry><entry VJ="1" colname="col2" rowsep="0">44,–</entry></row><row><entry VJ="1" colname="col1" colsep="0" rowsep="0">über 16 m bis 20 m</entry><entry VJ="1" colname="col2" rowsep="0">50,–</entry></row><row><entry VJ="1" colname="col1" colsep="0" rowsep="0">über 20 m</entry><entry VJ="1" colname="col2" rowsep="0">58,–</entry></row><row><entry VJ="1" colname="col1" colsep="0">für jeden weiteren angefangenen Meter Länge zusätzlich</entry><entry VJ="1" colname="col2">1,–</entry></row></tbody></tgroup></table></LA></DD></DL></LA></DD></DL><DL Font="normal" Indent="5" Type="arabic"><DT>4.</DT><DD Font="normal"><LA Size="normal">Der Rabatt gemäß § 7 Absatz 2 dieser Verordnung beträgt für Fahrzeuge im Durchgangsverkehr, die innerhalb eines Kalenderjahres durchführen <table frame="none" pgwide="1" tocentry="%yes;"><tgroup align="left" char="" charoff="50" cols="2"><colspec colname="col1" colnum="1" colwidth="147*"/><colspec align="right" colname="col2" colnum="2" colwidth="9*"/><tbody valign="top"><row><entry VJ="1" colname="col1" colsep="0" rowsep="0">ab 11 bis 20 Fahrten</entry><entry VJ="1" colname="col2" rowsep="0">20 %</entry></row><row><entry VJ="1" colname="col1" colsep="0" rowsep="0">ab 21 bis 40 Fahrten</entry><entry VJ="1" colname="col2" rowsep="0">30 %</entry></row><row><entry VJ="1" colname="col1" colsep="0" rowsep="0">ab 41 bis 60 Fahrten</entry><entry VJ="1" colname="col2" rowsep="0">40 %</entry></row><row><entry VJ="1" colname="col1" colsep="0">ab 61 Fahrten</entry><entry VJ="1" colname="col2">50 %</entry></row></tbody></tgroup></table></LA><LA Size="normal">auf die nach Nummer 1.1 zu zahlenden Befahrungsabgaben. Das Gleiche gilt für Fahrzeuge, die je Fahrt jeweils mindestens 10 durchgehende Teilstrecken befahren. Die Rabatte werden nur gewährt, wenn vorher alle fälligen Befahrungsabgaben beglichen worden sind.</LA></DD></DL></P></Content></text><fussnoten/></textdaten></norm>
<norm builddate="20240424214528" doknr="BJNR518500993BJNE001100360"><metadaten><jurabk>NOKBefAbgV</jurabk><enbez>Anlage 2</enbez><titel format="XML">(zu § 7 Absatz 2)<BR/>Nachweis für die Gewährung von Sofortrabatt</titel></metadaten><textdaten><text format="XML"><Content><P><noindex><kommentar typ="Fundstelle">(Fundstelle: BGBl. 2023 I Nr. 127, 10 – 12)</kommentar></noindex></P><P>Der Rabatt gemäß § 7 Absatz 2 der Verordnung über die Befahrungsabgaben auf dem Nord-Ostsee-Kanal (NOK) beträgt für Fahrzeuge im Durchgangs- und Teilstreckenverkehr <BR/><BR/><table frame="none" pgwide="1" tocentry="%yes;"><tgroup align="left" char="" charoff="50" cols="2"><colspec colname="col1" colnum="1" colwidth="95*"/><colspec colname="col2" colnum="2" colwidth="67*"/><tbody valign="top"><row><entry VJ="1" colname="col1" colsep="0" rowsep="0">ab 11 bis 20 Fahrten</entry><entry VJ="1" colname="col2" rowsep="0">20 %</entry></row><row><entry VJ="1" colname="col1" colsep="0" rowsep="0">ab 21 bis 40 Fahrten</entry><entry VJ="1" colname="col2" rowsep="0">30 %</entry></row><row><entry VJ="1" colname="col1" colsep="0" rowsep="0">ab 41 bis 60 Fahrten</entry><entry VJ="1" colname="col2" rowsep="0">40 %</entry></row><row><entry VJ="1" colname="col1" colsep="0">ab 61 Fahrten</entry><entry VJ="1" colname="col2">50 % auf die zu zahlende Befahrungsabgabe.</entry></row></tbody></tgroup></table><BR/></P><P>Der Nachweis ist in nachstehender Form zu führen:</P><P>Makler/Reeder:</P><P>Name des Schiffes:</P><P>BRZ:</P><P>IMO-Nummer:</P><P>Unterscheidungssignal:</P><P>Nation: <BR/><BR/><table colsep="1" frame="all" pgwide="1" rowsep="1" tocentry="%yes;"><tgroup align="left" char="" charoff="50" cols="4"><colspec align="center" colname="col1" colwidth="18*"/><colspec colname="col2" colwidth="31*"/><colspec colname="col3" colwidth="45*"/><colspec colname="col4" colwidth="62*"/><thead valign="bottom"><row><entry VJ="1" align="center" colname="col1">Lfd. Nr.</entry><entry VJ="1" align="center" colname="col2">Passagedatum</entry><entry VJ="1" align="center" colname="col3">Anmelde-/Rechnungs-Nr.</entry><entry VJ="1" align="center" colname="col4">Bestätigung der Anmeldestelle NOK</entry></row></thead><tbody valign="top"><row><entry VJ="1" colname="col1">1.</entry><entry VJ="1" colname="col2"/><entry VJ="1" colname="col3"/><entry VJ="1" colname="col4"/></row><row><entry VJ="1" colname="col1">2.</entry><entry VJ="1" colname="col2"/><entry VJ="1" colname="col3"/><entry VJ="1" colname="col4"/></row><row><entry VJ="1" colname="col1">3.</entry><entry VJ="1" colname="col2"/><entry VJ="1" colname="col3"/><entry VJ="1" colname="col4"/></row><row><entry VJ="1" colname="col1">4.</entry><entry VJ="1" colname="col2"/><entry VJ="1" colname="col3"/><entry VJ="1" colname="col4"/></row><row><entry VJ="1" colname="col1">5.</entry><entry VJ="1" colname="col2"/><entry VJ="1" colname="col3"/><entry VJ="1" colname="col4"/></row><row><entry VJ="1" colname="col1">6.</entry><entry VJ="1" colname="col2"/><entry VJ="1" colname="col3"/><entry VJ="1" colname="col4"/></row><row><entry VJ="1" colname="col1">7.</entry><entry VJ="1" colname="col2"/><entry VJ="1" colname="col3"/><entry VJ="1" colname="col4"/></row><row><entry VJ="1" colname="col1">8.</entry><entry VJ="1" colname="col2"/><entry VJ="1" colname="col3"/><entry VJ="1" colname="col4"/></row><row><entry VJ="1" colname="col1">9.</entry><entry VJ="1" colname="col2"/><entry VJ="1" colname="col3"/><entry VJ="1" colname="col4"/></row><row><entry VJ="1" colname="col1">10.</entry><entry VJ="1" colname="col2"/><entry VJ="1" colname="col3"/><entry VJ="1" colname="col4"/></row><row><entry VJ="1" colname="col1">11.</entry><entry VJ="1" colname="col2"/><entry VJ="1" colname="col3"/><entry VJ="1" colname="col4"/></row><row><entry VJ="1" colname="col1">12.</entry><entry VJ="1" colname="col2"/><entry VJ="1" colname="col3"/><entry VJ="1" colname="col4"/></row><row><entry VJ="1" colname="col1">13.</entry><entry VJ="1" colname="col2"/><entry VJ="1" colname="col3"/><entry VJ="1" colname="col4"/></row><row><entry VJ="1" colname="col1">14.</entry><entry VJ="1" colname="col2"/><entry VJ="1" colname="col3"/><entry VJ="1" colname="col4"/></row><row><entry VJ="1" colname="col1">15.</entry><entry VJ="1" colname="col2"/><entry VJ="1" colname="col3"/><entry VJ="1" colname="col4"/></row><row><entry VJ="1" colname="col1">16.</entry><entry VJ="1" colname="col2"/><entry VJ="1" colname="col3"/><entry VJ="1" colname="col4"/></row><row><entry VJ="1" colname="col1">17.</entry><entry VJ="1" colname="col2"/><entry VJ="1" colname="col3"/><entry VJ="1" colname="col4"/></row><row><entry VJ="1" colname="col1">18.</entry><entry VJ="1" colname="col2"/><entry VJ="1" colname="col3"/><entry VJ="1" colname="col4"/></row><row><entry VJ="1" colname="col1">19.</entry><entry VJ="1" colname="col2"/><entry VJ="1" colname="col3"/><entry VJ="1" colname="col4"/></row><row><entry VJ="1" colname="col1">20.</entry><entry VJ="1" colname="col2"/><entry VJ="1" colname="col3"/><entry VJ="1" colname="col4"/></row><row><entry VJ="1" colname="col1">21.</entry><entry VJ="1" colname="col2"/><entry VJ="1" colname="col3"/><entry VJ="1" colname="col4"/></row><row><entry VJ="1" colname="col1">22.</entry><entry VJ="1" colname="col2"/><entry VJ="1" colname="col3"/><entry VJ="1" colname="col4"/></row><row><entry VJ="1" colname="col1">23.</entry><entry VJ="1" colname="col2"/><entry VJ="1" colname="col3"/><entry VJ="1" colname="col4"/></row><row><entry VJ="1" colname="col1">24.</entry><entry VJ="1" colname="col2"/><entry VJ="1" colname="col3"/><entry VJ="1" colname="col4"/></row><row><entry VJ="1" colname="col1">25.</entry><entry VJ="1" colname="col2"/><entry VJ="1" colname="col3"/><entry VJ="1" colname="col4"/></row><row><entry VJ="1" colname="col1">26.</entry><entry VJ="1" colname="col2"/><entry VJ="1" colname="col3"/><entry VJ="1" colname="col4"/></row><row><entry VJ="1" colname="col1">27.</entry><entry VJ="1" colname="col2"/><entry VJ="1" colname="col3"/><entry VJ="1" colname="col4"/></row><row><entry VJ="1" colname="col1">28.</entry><entry VJ="1" colname="col2"/><entry VJ="1" colname="col3"/><entry VJ="1" colname="col4"/></row><row><entry VJ="1" colname="col1">29.</entry><entry VJ="1" colname="col2"/><entry VJ="1" colname="col3"/><entry VJ="1" colname="col4"/></row><row><entry VJ="1" colname="col1">30.</entry><entry VJ="1" colname="col2"/><entry VJ="1" colname="col3"/><entry VJ="1" colname="col4"/></row><row><entry VJ="1" colname="col1">31.</entry><entry VJ="1" colname="col2"/><entry VJ="1" colname="col3"/><entry VJ="1" colname="col4"/></row><row><entry VJ="1" colname="col1">32.</entry><entry VJ="1" colname="col2"/><entry VJ="1" colname="col3"/><entry VJ="1" colname="col4"/></row><row><entry VJ="1" colname="col1">33.</entry><entry VJ="1" colname="col2"/><entry VJ="1" colname="col3"/><entry VJ="1" colname="col4"/></row><row><entry VJ="1" colname="col1">34.</entry><entry VJ="1" colname="col2"/><entry VJ="1" colname="col3"/><entry VJ="1" colname="col4"/></row><row><entry VJ="1" colname="col1">35.</entry><entry VJ="1" colname="col2"/><entry VJ="1" colname="col3"/><entry VJ="1" colname="col4"/></row><row><entry VJ="1" colname="col1">36.</entry><entry VJ="1" colname="col2"/><entry VJ="1" colname="col3"/><entry VJ="1" colname="col4"/></row><row><entry VJ="1" colname="col1">37.</entry><entry VJ="1" colname="col2"/><entry VJ="1" colname="col3"/><entry VJ="1" colname="col4"/></row><row><entry VJ="1" colname="col1">38.</entry><entry VJ="1" colname="col2"/><entry VJ="1" colname="col3"/><entry VJ="1" colname="col4"/></row><row><entry VJ="1" colname="col1">39.</entry><entry VJ="1" colname="col2"/><entry VJ="1" colname="col3"/><entry VJ="1" colname="col4"/></row><row><entry VJ="1" colname="col1">40.</entry><entry VJ="1" colname="col2"/><entry VJ="1" colname="col3"/><entry VJ="1" colname="col4"/></row><row><entry VJ="1" colname="col1">41.</entry><entry VJ="1" colname="col2"/><entry VJ="1" colname="col3"/><entry VJ="1" colname="col4"/></row><row><entry VJ="1" colname="col1">42.</entry><entry VJ="1" colname="col2"/><entry VJ="1" colname="col3"/><entry VJ="1" colname="col4"/></row><row><entry VJ="1" colname="col1">43.</entry><entry VJ="1" colname="col2"/><entry VJ="1" colname="col3"/><entry VJ="1" colname="col4"/></row><row><entry VJ="1" colname="col1">44.</entry><entry VJ="1" colname="col2"/><entry VJ="1" colname="col3"/><entry VJ="1" colname="col4"/></row><row><entry VJ="1" colname="col1">45.</entry><entry VJ="1" colname="col2"/><entry VJ="1" colname="col3"/><entry VJ="1" colname="col4"/></row><row><entry VJ="1" colname="col1">46.</entry><entry VJ="1" colname="col2"/><entry VJ="1" colname="col3"/><entry VJ="1" colname="col4"/></row><row><entry VJ="1" colname="col1">47.</entry><entry VJ="1" colname="col2"/><entry VJ="1" colname="col3"/><entry VJ="1" colname="col4"/></row><row><entry VJ="1" colname="col1">48.</entry><entry VJ="1" colname="col2"/><entry VJ="1" colname="col3"/><entry VJ="1" colname="col4"/></row><row><entry VJ="1" colname="col1">49.</entry><entry VJ="1" colname="col2"/><entry VJ="1" colname="col3"/><entry VJ="1" colname="col4"/></row><row><entry VJ="1" colname="col1">50.</entry><entry VJ="1" colname="col2"/><entry VJ="1" colname="col3"/><entry VJ="1" colname="col4"/></row><row><entry VJ="1" colname="col1">51.</entry><entry VJ="1" colname="col2"/><entry VJ="1" colname="col3"/><entry VJ="1" colname="col4"/></row><row><entry VJ="1" colname="col1">52.</entry><entry VJ="1" colname="col2"/><entry VJ="1" colname="col3"/><entry VJ="1" colname="col4"/></row><row><entry VJ="1" colname="col1">53.</entry><entry VJ="1" colname="col2"/><entry VJ="1" colname="col3"/><entry VJ="1" colname="col4"/></row><row><entry VJ="1" colname="col1">54.</entry><entry VJ="1" colname="col2"/><entry VJ="1" colname="col3"/><entry VJ="1" colname="col4"/></row><row><entry VJ="1" colname="col1">55.</entry><entry VJ="1" colname="col2"/><entry VJ="1" colname="col3"/><entry VJ="1" colname="col4"/></row><row><entry VJ="1" colname="col1">56.</entry><entry VJ="1" colname="col2"/><entry VJ="1" colname="col3"/><entry VJ="1" colname="col4"/></row><row><entry VJ="1" colname="col1">57.</entry><entry VJ="1" colname="col2"/><entry VJ="1" colname="col3"/><entry VJ="1" colname="col4"/></row><row><entry VJ="1" colname="col1">58.</entry><entry VJ="1" colname="col2"/><entry VJ="1" colname="col3"/><entry VJ="1" colname="col4"/></row><row><entry VJ="1" colname="col1">59.</entry><entry VJ="1" colname="col2"/><entry VJ="1" colname="col3"/><entry VJ="1" colname="col4"/></row><row><entry VJ="1" colname="col1">60.</entry><entry VJ="1" colname="col2"/><entry VJ="1" colname="col3"/><entry VJ="1" colname="col4"/></row><row><entry VJ="1" colname="col1">61.</entry><entry VJ="1" colname="col2"/><entry VJ="1" colname="col3"/><entry VJ="1" colname="col4"/></row><row><entry VJ="1" colname="col1">62.</entry><entry VJ="1" colname="col2"/><entry VJ="1" colname="col3"/><entry VJ="1" colname="col4"/></row><row><entry VJ="1" colname="col1">63.</entry><entry VJ="1" colname="col2"/><entry VJ="1" colname="col3"/><entry VJ="1" colname="col4"/></row><row><entry VJ="1" colname="col1">64.</entry><entry VJ="1" colname="col2"/><entry VJ="1" colname="col3"/><entry VJ="1" colname="col4"/></row><row><entry VJ="1" colname="col1">65.</entry><entry VJ="1" colname="col2"/><entry VJ="1" colname="col3"/><entry VJ="1" colname="col4"/></row><row><entry VJ="1" colname="col1">66.</entry><entry VJ="1" colname="col2"/><entry VJ="1" colname="col3"/><entry VJ="1" colname="col4"/></row><row><entry VJ="1" colname="col1">67.</entry><entry VJ="1" colname="col2"/><entry VJ="1" colname="col3"/><entry VJ="1" colname="col4"/></row></tbody></tgroup></table></P></Content></text><fussnoten/></textdaten></norm>
</dokumente>