<?xml version="1.0" encoding="UTF-8" ?><!DOCTYPE dokumente SYSTEM "http://www.gesetze-im-internet.de/dtd/1.01/gii-norm.dtd">
<dokumente builddate="20131008093523" doknr="BJNR011010977"><norm builddate="20131008093523" doknr="BJNR011010977"><metadaten><jurabk>StaatenlMindÜbkAG</jurabk><ausfertigung-datum manuell="ja">1977-06-29</ausfertigung-datum><fundstelle typ="amtlich"><periodikum>BGBl I</periodikum><zitstelle>1977, 1101</zitstelle></fundstelle><kurzue>Gesetz zur Verminderung der Staatenlosigkeit</kurzue><langue>Ausführungsgesetz zu dem Übereinkommen vom 30. August 1961 zur
Verminderung der Staatenlosigkeit und zu dem Übereinkommen vom 13. September
1973 zur Verringerung der Fälle von Staatenlosigkeit</langue><standangabe checked="ja"><standtyp>Stand</standtyp><standkommentar>Geändert durch Art. 3 § 4 G v. 15.7.1999 I 1618</standkommentar></standangabe></metadaten><textdaten><fussnoten><Content><P><BR/> <pre xml:space="preserve">(+++ Textnachweis ab: 7.6.1977 +++)<BR/><BR/></pre></P></Content></fussnoten></textdaten></norm>
<norm builddate="20131008093523" doknr="BJNR011010977BJNE000100319"><metadaten><jurabk>StaatenlMindÜbkAG</jurabk><enbez>Art 1</enbez></metadaten><textdaten><text format="XML"><Content><P>Das Übereinkommen vom 30. August 1961 zur Verminderung der Staatenlosigkeit (BGBl. 1977 II S. 597) wird angewandt <DL Font="normal" Type="arabic"><DT>1.</DT><DD Font="normal"><LA Size="normal">zur Beseitigung von Staatenlosigkeit auf Personen, die staatenlos nach Artikel 1 Abs. 1 des Übereinkommens vom 28. September 1954 über die Rechtsstellung der Staatenlosen (BGBl. 1976 II S. 473) sind;</LA></DD> <DT>2.</DT><DD Font="normal"><LA Size="normal">zur Verhinderung von Staatenlosigkeit oder Erhaltung der Staatsangehörigkeit auf Deutsche nach Artikel 116 Abs. 1 des Grundgesetzes.</LA></DD> </DL>Die Verleihung der Staatsangehörigkeit zur Beseitigung von Staatenlosigkeit erfolgt durch Einbürgerung.</P></Content></text></textdaten></norm>
<norm builddate="20131008093523" doknr="BJNR011010977BJNE000201311"><metadaten><jurabk>StaatenlMindÜbkAG</jurabk><enbez>Art 2</enbez></metadaten><textdaten><text format="XML"><Content><P>Ein seit der Geburt Staatenloser ist auf seinen Antrag einzubürgern, wenn er <DL Font="normal" Type="arabic"><DT>1.</DT><DD Font="normal"><LA Size="normal">im Geltungsbereich dieses Gesetzes oder an Bord eines Schiffes, das berechtigt ist, die Bundesflagge der Bundesrepublik Deutschland zu führen, oder in einem Luftfahrzeug, das das Staatszugehörigkeitszeichen der Bundesrepublik Deutschland führt, geboren ist,</LA></DD> <DT>2.</DT><DD Font="normal"><LA Size="normal">seit fünf Jahren rechtmäßig seinen dauernden Aufenthalt im Geltungsbereich dieses Gesetzes hat und</LA></DD> <DT>3.</DT><DD Font="normal"><LA Size="normal">den Antrag vor der Vollendung des einundzwanzigsten Lebensjahres stellt,</LA></DD> </DL>es sei denn, daß er rechtskräftig zu einer Freiheits- oder Jugendstrafe von fünf Jahren oder mehr verurteilt worden ist. Für das Verfahren bei der Einbürgerung einschließlich der Bestimmung der örtlichen Zuständigkeit gelten die Vorschriften des Staatsangehörigkeitsrechts.</P></Content></text><fussnoten/></textdaten></norm>
<norm builddate="20131008093523" doknr="BJNR011010977BJNE000300319"><metadaten><jurabk>StaatenlMindÜbkAG</jurabk><enbez>(XXXX) Art 3 u. 4</enbez></metadaten><textdaten><text format="XML"><Content><P>-</P></Content></text><fussnoten/></textdaten></norm>
<norm builddate="20131008093523" doknr="BJNR011010977BJNE000400319"><metadaten><jurabk>StaatenlMindÜbkAG</jurabk><enbez>Art 5</enbez></metadaten><textdaten><text format="XML"><Content><P>Dieses Gesetz gilt nach Maßgabe des § 13 Abs. 1 des Dritten Überleitungsgesetzes auch im Land Berlin.</P></Content></text></textdaten></norm>
<norm builddate="20131008093523" doknr="BJNR011010977BJNE000500319"><metadaten><jurabk>StaatenlMindÜbkAG</jurabk><enbez>Art 6</enbez></metadaten><textdaten><text format="XML"><Content><P>Dieses Gesetz tritt am Tage nach der Verkündung in Kraft.</P></Content></text></textdaten></norm>
</dokumente>