<?xml version="1.0" encoding="UTF-8" ?><!DOCTYPE dokumente SYSTEM "http://www.gesetze-im-internet.de/dtd/1.01/gii-norm.dtd">
<dokumente builddate="20120625145919" doknr="BJNR202250965"><norm builddate="20120625145919" doknr="BJNR202250965"><metadaten><jurabk>ERPWiPlanG 1965</jurabk><ausfertigung-datum manuell="ja">1965-03-30</ausfertigung-datum><fundstelle typ="amtlich"><periodikum>BGBl II</periodikum><zitstelle>1965, 225</zitstelle></fundstelle><kurzue>ERP-Wirtschaftsplangesetz 1965</kurzue><langue>Gesetz über die Feststellung des Wirtschaftsplans des ERP-Sondervermögens
für das Rechnungsjahr 1965</langue></metadaten><textdaten><text format="decorated"/></textdaten></norm>
</dokumente>