<?xml version="1.0" encoding="UTF-8" ?><!DOCTYPE dokumente SYSTEM "http://www.gesetze-im-internet.de/dtd/1.01/gii-norm.dtd">
<dokumente builddate="20150908215900" doknr="BJNR208470939"><norm builddate="20150908215900" doknr="BJNR208470939"><metadaten><jurabk>RHiGRCAbkAV</jurabk><ausfertigung-datum manuell="ja">1939-05-31</ausfertigung-datum><fundstelle typ="amtlich"><periodikum>RGBl II</periodikum><zitstelle>1939, 847</zitstelle></fundstelle><langue>Verordnung zur Ausführung des deutsch-griechischen Abkommens über die
gegenseitige Rechtshilfe in Angelegenheiten des bürgerlichen und Handels-Rechts</langue><standangabe checked="ja"><standtyp>Stand</standtyp><standkommentar>Zuletzt geändert durch Art. 160 V v. 31.8.2015 I 1474</standkommentar></standangabe></metadaten><textdaten><fussnoten><Content><P>(+++ Textnachweis Geltung ab: 1.1.1964 +++)</P></Content></fussnoten></textdaten></norm>
<norm builddate="20150908215900" doknr="BJNR208470939BJNE000300306"><metadaten><jurabk>RHiGRCAbkAV</jurabk><enbez>Eingangsformel</enbez></metadaten><textdaten><text format="XML"><Content><P>Auf Grund des Artikels 4 Satz 2 des Gesetzes zur Behebung der Not von Volk und Reich vom 24. März 1933 (Reichsgesetzbl. 1933 I S. 141; 1939 I S. 95) wird zur Ausführung des deutsch-griechischen Abkommens über die gegenseitige Rechtshilfe in Angelegenheiten des bürgerlichen und Handels-Rechts vom 11. Mai 1938 (Reichsgesetzbl. 1939 II S. 849) folgendes verordnet:</P></Content></text></textdaten></norm>
<norm builddate="20150908215900" doknr="BJNR208470939BJNG000100306"><metadaten><jurabk>RHiGRCAbkAV</jurabk><gliederungseinheit><gliederungskennzahl>010</gliederungskennzahl><gliederungsbez>Art 1</gliederungsbez><gliederungstitel>Zustellungsanträge und Rechtshilfeersuchen</gliederungstitel></gliederungseinheit></metadaten><textdaten><text format="XML"><Content><P/></Content></text></textdaten></norm>
<norm builddate="20150908215900" doknr="BJNR208470939BJNE000400306"><metadaten><jurabk>RHiGRCAbkAV</jurabk><enbez>§ 1</enbez></metadaten><textdaten><text format="XML"><Content><P>Für die Erledigung der in den Artikeln 1 und 7 des Abkommens vorgesehenen Angelegenheiten ist das Amtsgericht zuständig, in dessen Bezirk die Amtshandlung vorgenommen werden soll.</P></Content></text><fussnoten/></textdaten></norm>
<norm builddate="20150908215900" doknr="BJNR208470939BJNE000501311"><metadaten><jurabk>RHiGRCAbkAV</jurabk><enbez>§ 2</enbez></metadaten><textdaten><text format="XML"><Content><P>(weggefallen)</P></Content></text><fussnoten/></textdaten></norm>
<norm builddate="20150908215900" doknr="BJNR208470939BJNE000601301"><metadaten><jurabk>RHiGRCAbkAV</jurabk><enbez>§ 3</enbez></metadaten><textdaten><text format="XML"><Content><P>Die für die Erhebung von Auslagen geltenden bundes- und landesrechtlichen Vorschriften finden auf die gemäß Artikel 25 Abs. 1 Sätze 2 und 3 des Abkommens von der ersuchten griechischen Behörde mitgeteilten Auslagen entsprechende Anwendung.</P></Content></text><fussnoten/></textdaten></norm>
<norm builddate="20150908215900" doknr="BJNR208470939BJNG000200306"><metadaten><jurabk>RHiGRCAbkAV</jurabk><gliederungseinheit><gliederungskennzahl>020</gliederungskennzahl><gliederungsbez>Art 2</gliederungsbez><gliederungstitel>Vollstreckbarerklärung von Kostenentscheidungen</gliederungstitel></gliederungseinheit></metadaten><textdaten><text format="XML"><Content><P/></Content></text></textdaten></norm>
<norm builddate="20150908215900" doknr="BJNR208470939BJNE000700306"><metadaten><jurabk>RHiGRCAbkAV</jurabk><enbez>§ 4</enbez></metadaten><textdaten><text format="XML"><Content><P>(1) Die in Artikel 16 des Abkommens bezeichneten Kostenentscheidungen der griechischen Gerichte werden durch Beschluß des Amtsgerichts für vollstreckbar erklärt.</P><P>(2) Örtlich zuständig ist das Gericht, bei dem der Kostenschuldner seinen allgemeinen Gerichtsstand hat, und in Ermangelung eines solchen das Gericht, in dessen Bezirk sich Vermögen des Kostenschuldners befindet oder die Vollstreckungshandlung vorzunehmen ist.</P></Content> </text><fussnoten/></textdaten></norm>
<norm builddate="20150908215900" doknr="BJNR208470939BJNE000802311"><metadaten><jurabk>RHiGRCAbkAV</jurabk><enbez>§ 5</enbez></metadaten><textdaten><text format="XML"><Content><P>Ist der Antrag auf Vollstreckbarerklärung auf diplomatischem Wege gestellt, so hat das Amtsgericht eine von Amts wegen zu erteilende Ausfertigung seines Beschlusses dem Bundesministerium der Justiz und für Verbraucherschutz einzureichen; die Ausfertigung ist, falls dem Antrag stattgegeben wird, mit der Vollstreckungsklausel zu versehen. Ist der Antrag auf Vollstreckbarerklärung durch die beteiligte Partei unmittelbar gestellt worden, so ist der Beschluß beiden Teilen von Amts wegen zuzustellen.</P></Content></text><fussnoten/></textdaten></norm>
<norm builddate="20150908215900" doknr="BJNR208470939BJNE000901310"><metadaten><jurabk>RHiGRCAbkAV</jurabk><enbez>§ 6</enbez></metadaten><textdaten><text format="XML"><Content><P>(1) Beschlüsse, durch die der Antrag auf Vollstreckbarerklärung abgelehnt wird, unterliegen der Beschwerde nach den §§ 567 bis 577 der Zivilprozessordnung. Die Beschwerde steht, sofern der Antrag auf diplomatischem Wege gestellt ist, dem Staatsanwalt, sofern er durch die beteiligte Partei unmittelbar gestellt ist, dem Antragsteller zu.</P><P>(2) Gegen Beschlüsse, durch die dem Antrag auf Vollstreckbarerklärung stattgegeben wird, steht dem Kostenschuldner die Beschwerde nach den §§ 567 bis 577 der Zivilprozessordnung zu.</P></Content> </text><fussnoten/></textdaten></norm>
<norm builddate="20150908215900" doknr="BJNR208470939BJNE001001301"><metadaten><jurabk>RHiGRCAbkAV</jurabk><enbez>§ 7</enbez></metadaten><textdaten><text format="XML"><Content><P>Aus den für vollstreckbar erklärten Kostenentscheidungen findet die Zwangsvollstreckung gemäß den Vorschriften der Zivilprozessordnung statt; die Vorschrift des § 798 gilt entsprechend.</P></Content></text><fussnoten/></textdaten></norm>
<norm builddate="20150908215900" doknr="BJNR208470939BJNE001101310"><metadaten><jurabk>RHiGRCAbkAV</jurabk><enbez>§ 8</enbez></metadaten><textdaten><text format="XML"><Content><P>(1) Für die gerichtlichen Entscheidungen, die über den Betrag der Gerichtskosten nach Artikel 16 Abs. 2 des Abkommens zur Herbeiführung der Vollstreckbarerklärung in Griechenland zu erlassen sind, ist das Gericht der Instanz zuständig. Die Entscheidungen ergehen auf Antrag der für die Beitreibung der Gerichtskosten zuständigen Behörde.</P><P>(2) Die Entscheidungen unterliegen der Beschwerde nach den §§ 567 bis 577 der Zivilprozessordnung. Die sofortige Beschwerde kann durch Erklärung zu Protokoll der Geschäftsstelle oder schriftlich ohne Mitwirkung eines Rechtsanwalts eingelegt werden.</P></Content> </text><fussnoten/></textdaten></norm>
<norm builddate="20150908215900" doknr="BJNR208470939BJNE001200306"><metadaten><jurabk>RHiGRCAbkAV</jurabk><enbez>§ 9</enbez></metadaten><textdaten><text format="XML"><Content><P>-</P></Content></text><fussnoten/></textdaten></norm>
<norm builddate="20150908215900" doknr="BJNR208470939BJNE001300306"><metadaten><jurabk>RHiGRCAbkAV</jurabk><enbez>Schlußformel</enbez></metadaten><textdaten><text format="XML"><Content><P><SP>Der Reichsminister der Justiz</SP> <BR/><SP>Der Reichsminister des Auswärtigen</SP></P></Content></text></textdaten></norm>
</dokumente>