<?xml version="1.0" encoding="UTF-8" ?><!DOCTYPE dokumente SYSTEM "http://www.gesetze-im-internet.de/dtd/1.01/gii-norm.dtd">
<dokumente builddate="20200818213043" doknr="BJNR209200012"><norm builddate="20200818213043" doknr="BJNR209200012"><metadaten><jurabk>EinsatzUV</jurabk><amtabk>EinsatzUV</amtabk><ausfertigung-datum manuell="ja">2012-09-24</ausfertigung-datum><fundstelle typ="amtlich"><periodikum>BGBl I</periodikum><zitstelle>2012, 2092</zitstelle></fundstelle><kurzue>Einsatzunfallverordnung</kurzue><langue>Verordnung über die Vermutung der Verursachung einer psychischen Störung durch einen Einsatzunfall</langue><standangabe checked="ja"><standtyp>Stand</standtyp><standkommentar>Geändert durch Art. 1 V v. 9.7.2020 I 1868</standkommentar></standangabe></metadaten><textdaten><fussnoten><Content><P><BR/> <pre xml:space="preserve">(+++ Textnachweis ab: 9.10.2012 +++)<BR/><BR/></pre></P></Content></fussnoten></textdaten></norm>
<norm builddate="20200818213043" doknr="BJNR209200012BJNE000100000"><metadaten><jurabk>EinsatzUV</jurabk><enbez>Eingangsformel</enbez></metadaten><textdaten><text format="XML"><Content><P>Auf Grund des § 63c Absatz 2a in Verbindung mit Absatz 5 des Soldatenversorgungsgesetzes, von denen Absatz 2a durch Artikel 1 Nummer 16 Buchstabe a des Gesetzes vom 5. Dezember 2011 (BGBl. I S. 2458) eingefügt und Absatz 5 durch Artikel 1 Nummer 16 Buchstabe c desselben Gesetzes geändert worden ist, verordnet das Bundesministerium der Verteidigung im Einvernehmen mit dem Bundesministerium für Gesundheit und dem Bundesministerium für Arbeit und Soziales:</P></Content></text></textdaten></norm>
<norm builddate="20200818213043" doknr="BJNR209200012BJNE000201377"><metadaten><jurabk>EinsatzUV</jurabk><enbez>§ 1</enbez><titel format="XML">Einsatzunfall als<BR/> Ursache einer psychischen Störung</titel></metadaten><textdaten><text format="XML"><Content><P>(1) Es wird vermutet, dass eine psychische Störung durch einen Einsatzunfall verursacht worden ist, wenn <DL Font="normal" Type="arabic"><DT>1.</DT><DD Font="normal"><LA Size="normal">eine Fachärztin oder ein Facharzt für Psychiatrie und Psychotherapie der Bundeswehr festgestellt hat, dass die psychische Störung nach Beendigung einer besonderen Auslandsverwendung aufgetreten ist, und</LA></DD><DT>2.</DT><DD Font="normal"><LA Size="normal">die erkrankte Person während der Auslandsverwendung der Gefahr einer psychischen Störung in besonderer Weise ausgesetzt war.</LA></DD></DL>Psychische Störungen im Sinne von Satz 1 sind: <DL Font="normal" Type="arabic"><DT>1.</DT><DD Font="normal"><LA Size="normal">posttraumatische Belastungsstörungen,</LA></DD><DT>2.</DT><DD Font="normal"><LA Size="normal">Anpassungsstörungen,</LA></DD><DT>3.</DT><DD Font="normal"><LA Size="normal">sonstige Reaktionen auf schwere Belastung,</LA></DD><DT>4.</DT><DD Font="normal"><LA Size="normal">Angststörungen,</LA></DD><DT>5.</DT><DD Font="normal"><LA Size="normal">affektive Störungen,</LA></DD><DT>6.</DT><DD Font="normal"><LA Size="normal">somatoforme Störungen,</LA></DD><DT>7.</DT><DD Font="normal"><LA Size="normal">akute vorübergehende psychotische Störungen.</LA></DD></DL></P><P>(2) Der Gefahr einer psychischen Störung im Sinne des Absatzes 1 in besonderer Weise ausgesetzt waren Personen, die während der Auslandsverwendung<DL Font="normal" Type="arabic"><DT>1.</DT><DD Font="normal"><LA Size="normal">von einer bewaffneten Auseinandersetzung betroffen waren (§ 2 Absatz 1),</LA></DD><DT>2.</DT><DD Font="normal"><LA Size="normal">an einer solchen Auseinandersetzung teilgenommen haben (§ 2 Absatz 2) oder</LA></DD><DT>3.</DT><DD Font="normal"><LA Size="normal">einer Situation ausgesetzt waren, die mit den Tatbeständen nach den Nummern 1 und 2 vergleichbar ist.</LA></DD></DL></P></Content></text><fussnoten/></textdaten></norm>
<norm builddate="20200818213043" doknr="BJNR209200012BJNE000300000"><metadaten><jurabk>EinsatzUV</jurabk><enbez>§ 2</enbez><titel format="XML">Bewaffnete Auseinandersetzung</titel></metadaten><textdaten><text format="XML"><Content><P>(1) Von einer bewaffneten Auseinandersetzung betroffen waren Personen, die während der Auslandsverwendung Anschläge oder Kampfhandlungen unmittelbar erlebt haben oder zur Bergung, Rettung oder Versorgung von bei Anschlägen oder Kampfhandlungen schwer verletzten oder getöteten Personen eingesetzt worden sind.</P><P>(2) An einer bewaffneten Auseinandersetzung teilgenommen haben Personen, die während der Auslandsverwendung im Rahmen ihres dienstlichen Auftrags in Kampfhandlungen eingegriffen haben oder darin verwickelt worden sind.</P></Content></text></textdaten></norm>
<norm builddate="20200818213043" doknr="BJNR209200012BJNE000400000"><metadaten><jurabk>EinsatzUV</jurabk><enbez>§ 3</enbez><titel format="XML">Inkrafttreten</titel></metadaten><textdaten><text format="XML"><Content><P>Diese Verordnung tritt am Tag nach der Verkündung in Kraft.</P></Content></text></textdaten></norm>
</dokumente>