<?xml version="1.0" encoding="UTF-8" ?><!DOCTYPE dokumente SYSTEM "http://www.gesetze-im-internet.de/dtd/1.01/gii-norm.dtd">
<dokumente builddate="20130405131030" doknr="BJNR106970986"><norm builddate="20130405131030" doknr="BJNR106970986"><metadaten><jurabk>RAG 1986</jurabk><amtabk>RAG 1986</amtabk><ausfertigung-datum manuell="ja">1986-05-13</ausfertigung-datum><fundstelle typ="amtlich"><periodikum>BGBl I</periodikum><zitstelle>1986, 697</zitstelle></fundstelle><langue>Rentenanpassungsgesetz 1986 (Artikel 1 des Gesetzes über die
Anpassung der Renten der gesetzlichen Rentenversicherung und der
Geldleistungen der gesetzlichen Unfallversicherung im Jahre 1986)</langue></metadaten><textdaten><text format="XML"><Content><P/></Content></text><fussnoten><Content><P>Das G ist gem. Art. 7 G v. 13.5.1986 I 697 am 17.5.1986 in Kraft getreten. <BR/>Das G gilt nicht in dem in Art. 3 des Einigungsvertrages genannten Gebiet gem. Anl. I Kap. VIII Sachg. H Abschn. I Nr. 16 EinigVtr v. 31.8.1990 iVm Art. 1 G v. 23.9.1990 II 885, 1057</P><P><BR/> (+++ Textnachweis ab: 17. 5.1986 +++)</P></Content></fussnoten></textdaten></norm>
<norm builddate="20130405131030" doknr="BJNR106970986BJNE000400326"><metadaten><jurabk>RAG 1986</jurabk><enbez>Eingangsformel</enbez></metadaten><textdaten><text format="XML"><Content><P>Der Bundestag hat mit Zustimmung des Bundesrates das folgende Gesetz beschlossen:</P></Content></text></textdaten></norm>
<norm builddate="20130405131030" doknr="BJNR106970986BJNG000100326"><metadaten><jurabk>RAG 1986</jurabk><gliederungseinheit><gliederungskennzahl>010</gliederungskennzahl><gliederungsbez>Erster Abschnitt</gliederungsbez><gliederungstitel>Rentenversicherung</gliederungstitel></gliederungseinheit></metadaten><textdaten><text format="XML"><Content><P/></Content></text></textdaten></norm>
<norm builddate="20130405131030" doknr="BJNR106970986BJNE000500326"><metadaten><jurabk>RAG 1986</jurabk><enbez>§ 1</enbez><titel format="parat">Grundsatz</titel></metadaten><textdaten><text format="XML"><Content><P>Aus Anlaß des Anstiegs der allgemeinen Bemessungsgrundlage vom Jahr 1985 auf das Jahr 1986 werden die Renten der gesetzlichen Rentenversicherung einschließlich Knappschaftsausgleichsleistungen zum 1. Juli 1986 nach den §§ 2 bis 5 dieses Gesetzes angepaßt.</P></Content></text></textdaten></norm>
<norm builddate="20130405131030" doknr="BJNR106970986BJNE000600326"><metadaten><jurabk>RAG 1986</jurabk><enbez>§ 2</enbez><titel format="parat">Formelrenten</titel></metadaten><textdaten><text format="XML"><Content><P>(1) Renten, die <DL Font="normal" Type="arabic"><DT>1.</DT><DD Font="normal"><LA Size="normal">nach den §§ 1253ff. der Reichsversicherungsordnung,</LA></DD> <DT>2.</DT><DD Font="normal"><LA Size="normal">nach den §§ 30ff. des Angestelltenversicherungsgesetzes oder</LA></DD> <DT>3.</DT><DD Font="normal"><LA Size="normal">nach den §§ 53ff. des Reichsknappschaftsgesetzes</LA></DD> </DL>berechnet sind, werden dadurch angepaßt, daß die Höhe der Rente mit der allgemeinen Bemessungsgrundlage für das Jahr 1986 ermittelt wird.</P><P>(2) Eine Rente, deren Höhe sich nicht nur nach den allgemeinen in Absatz 1 genannten Vorschriften ergibt, sondern auf einer voraufgegangenen Rente beruht oder infolge eines Versorgungsausgleichs oder auf Grund über- und zwischenstaatlichen Rechts geändert ist, wird nach § 3 angepaßt. Eine Rente, die nach Artikel 2 § 24 Abs. 5 des Knappschaftsrentenversicherungs-Neuregelungsgesetzes gezahlt wird, wird nach Absatz 1 angepaßt.</P></Content> </text></textdaten></norm>
<norm builddate="20130405131030" doknr="BJNR106970986BJNE000700326"><metadaten><jurabk>RAG 1986</jurabk><enbez>§ 3</enbez><titel format="parat">Sonstige Renten</titel></metadaten><textdaten><text format="XML"><Content><P>Renten, die nicht nach § 2 Abs. 1 anzupassen sind, werden dadurch angepaßt, daß der sich für den Monat Juli 1986 ergebende anpassungsfähige Rentenbetrag um 2,9 vom Hundert erhöht wird.</P></Content></text></textdaten></norm>
<norm builddate="20130405131030" doknr="BJNR106970986BJNE000800326"><metadaten><jurabk>RAG 1986</jurabk><enbez>§ 4</enbez><titel format="parat">Allgemeines</titel></metadaten><textdaten><text format="XML"><Content><P>(1) Auf die angepaßten Renten sind die allgemeinen Vorschriften über das Zusammentreffen und Ruhen von Renten anzuwenden. Dabei sind für die in § 2 Abs. 2 genannten Renten die Grenzbeträge zugrunde zu legen, die auch für die nach § 2 Abs. 1 anzupassenden Renten maßgebend sind.</P><P>(2) Ergibt allein die Anpassung der Rente nicht einen höheren als den bisherigen Betrag, ist dieser weiterzuleisten. Ergibt die Anpassung der Rente in Verbindung mit der Herabsetzung des Zuschusses zu den Aufwendungen für die Krankenversicherung einen niedrigeren als den bisherigen Betrag, ist dieser weiterzuleisten; der Auffüllbetrag gilt als Zuschuß zu den Aufwendungen für die Krankenversicherung.</P><P>(3) Bei Anwendung der Vorschriften dieses Gesetzes sind Abrundungen zulässig.</P></Content>  </text></textdaten></norm>
<norm builddate="20130405131030" doknr="BJNR106970986BJNE000900326"><metadaten><jurabk>RAG 1986</jurabk><enbez>§ 5</enbez><titel format="parat">Allgemeine Bemessungsgrundlage</titel></metadaten><textdaten><text format="XML"><Content><P>Die allgemeine Bemessungsgrundlage für das Jahr 1986 beträgt <BR/><table frame="none" tocentry="%yes;">
		<tgroup align="left" char="" charoff="50" cols="2" colsep="0" rowsep="0">
			<colspec colname="col1" colnum="1" colwidth="40*"/>
			<colspec colname="col2" colnum="2" colwidth="40*"/>
			<tbody valign="top">
				<row>
					<entry VJ="1" align="left" colsep="0" valign="top">in der Rentenversicherung der Arbeiter und der Angestellten</entry>
					<entry VJ="1" align="right" colsep="0" valign="bottom">27.885 Deutsche Mark</entry>
				</row>
				<row>
					<entry VJ="1" align="left" colsep="0" valign="top">und</entry>
					<entry VJ="1" align="left" colsep="0" valign="top"> </entry>
				</row>
				<row>
					<entry VJ="1" align="left" colsep="0" valign="top">in der knappschaftlichen Rentenversicherung</entry>
					<entry VJ="1" align="right" colsep="0" valign="bottom">28.181 Deutsche Mark.</entry>
				</row>
			</tbody>
		</tgroup>
	</table> </P></Content></text></textdaten></norm>
<norm builddate="20130405131030" doknr="BJNR106970986BJNG000200326"><metadaten><jurabk>RAG 1986</jurabk><gliederungseinheit><gliederungskennzahl>020</gliederungskennzahl><gliederungsbez>Zweiter Abschnitt</gliederungsbez><gliederungstitel>Unfallversicherung</gliederungstitel></gliederungseinheit></metadaten><textdaten><text format="XML"><Content><P/></Content></text></textdaten></norm>
<norm builddate="20130405131030" doknr="BJNR106970986BJNE001000326"><metadaten><jurabk>RAG 1986</jurabk><enbez>§ 6</enbez><titel format="parat">Anpassungsfaktor</titel></metadaten><textdaten><text format="XML"><Content><P>Der Anpassungsfaktor für die vom 1. Juli 1986 an anzupassenden Geldleistungen der gesetzlichen Unfallversicherung beträgt 1,0215.</P></Content></text></textdaten></norm>
<norm builddate="20130405131030" doknr="BJNR106970986BJNE001100326"><metadaten><jurabk>RAG 1986</jurabk><enbez>§ 7</enbez><titel format="parat">Pflegegeld</titel></metadaten><textdaten><text format="XML"><Content><P>Das Pflegegeld beträgt vom 1. Juli 1986 an zwischen 402 Deutsche Mark und 1.607 Deutsche Mark monatlich.</P></Content></text></textdaten></norm>
<norm builddate="20130405131030" doknr="BJNR106970986BJNG000300326"><metadaten><jurabk>RAG 1986</jurabk><gliederungseinheit><gliederungskennzahl>030</gliederungskennzahl><gliederungsbez>Dritter Abschnitt</gliederungsbez><gliederungstitel>Schlußvorschriften</gliederungstitel></gliederungseinheit></metadaten><textdaten><text format="XML"><Content><P/></Content></text></textdaten></norm>
<norm builddate="20130405131030" doknr="BJNR106970986BJNE001200326"><metadaten><jurabk>RAG 1986</jurabk><enbez>§ 8</enbez><titel format="parat">Berlin-Klausel</titel></metadaten><textdaten><text format="XML"><Content><P>Dieses Gesetz gilt nach Maßgabe des § 13 Abs. 1 des Dritten Überleitungsgesetzes auch im Land Berlin.</P></Content></text></textdaten></norm>
</dokumente>