<?xml version="1.0" encoding="UTF-8" ?><!DOCTYPE dokumente SYSTEM "http://www.gesetze-im-internet.de/dtd/1.01/gii-norm.dtd">
<dokumente builddate="20130405131205" doknr="BJNR120900993"><norm builddate="20130405131205" doknr="BJNR120900993"><metadaten><jurabk>BDOBuKBMinAAnO</jurabk><ausfertigung-datum manuell="ja">1993-07-15</ausfertigung-datum><fundstelle typ="amtlich"><periodikum>BGBl I</periodikum><zitstelle>1993, 1209</zitstelle></fundstelle><langue>Anordnung zur Durchführung der Bundesdisziplinarordnung bei den
bundesunmittelbaren Körperschaften mit Dienstherrnfähigkeit im Geschäftsbereich
des Bundesministeriums für Arbeit und Sozialordnung</langue><standangabe checked="ja"><standtyp>Stand</standtyp><standkommentar>Geändert durch Art. 1 AnO v. 10.5.2000 I 769</standkommentar></standangabe></metadaten><textdaten><fussnoten><Content><P>(+++ Textnachweis ab: 1.8.1993 +++)</P></Content></fussnoten></textdaten></norm>
<norm builddate="20130405131205" doknr="BJNR120900993BJNE000100307"><metadaten><jurabk>BDOBuKBMinAAnO</jurabk><enbez>Eingangsformel</enbez></metadaten><textdaten><text format="XML"><Content><P>Auf Grund des § 35 Abs. 1 Satz 1 Nr. 3 der Bundesdisziplinarordnung in der Fassung der Bekanntmachung vom 20. Juli 1967 (BGBl. I S. 750, 984) wird im Benehmen mit dem Bundesministerium des Innern angeordnet:</P></Content></text></textdaten></norm>
<norm builddate="20130405131205" doknr="BJNR120900993BJNE000200307"><metadaten><jurabk>BDOBuKBMinAAnO</jurabk><enbez>§ 1</enbez><titel format="parat">Bundesanstalt für Arbeit</titel></metadaten><textdaten><text format="XML"><Content><P>(1) Einleitungsbehörde im Sinne der Bundesdisziplinarordnung ist für die Beamten der Bundesanstalt für Arbeit <DL Font="normal" Type="arabic"><DT>a)</DT><DD Font="normal"><LA Size="normal">das Bundesministerium für Arbeit und Sozialordnung für den Präsidenten und den Vizepräsidenten der Bundesanstalt sowie für die Präsidenten und die Vizepräsidenten der Landesarbeitsämter,</LA></DD> <DT>b)</DT><DD Font="normal"><LA Size="normal">der Vorstand der Bundesanstalt, der seine Befugnisse auf den Präsidenten der Bundesanstalt übertragen kann, für die übrigen Beamten.</LA></DD> </DL> </P><P>(2) Das Bundesministerium für Arbeit und Sozialordnung behält sich vor, im Einzelfall die Befugnisse der Einleitungsbehörde an sich zu ziehen.</P></Content></text></textdaten></norm>
<norm builddate="20130405131205" doknr="BJNR120900993BJNE000301320"><metadaten><jurabk>BDOBuKBMinAAnO</jurabk><enbez>§ 2</enbez><titel format="parat">*Ku Bundesversicherungsanstalt für Angestellte,
Landesversicherungsanstalt Oldenburg-Bremen, Bundesknappschaft *KE</titel></metadaten><textdaten><text format="XML"><Content><P>(1) Einleitungsbehörde im Sinne der Bundesdisziplinarordnung ist für die Beamten der Bundesversicherungsanstalt für Angestellte, der Bahnversicherungsanstalt und der Bundesknappschaft <DL Font="normal" Type="arabic"><DT>a)</DT><DD Font="normal"><LA Size="normal">das Bundesministerium für Arbeit und Sozialordnung für die Geschäftsführer und deren Stellvertreter sowie für die Mitglieder der Geschäftsführung,</LA></DD> <DT>b)</DT><DD Font="normal"><LA Size="normal">der Geschäftsführer oder die Geschäftsführung der jeweiligen Körperschaft für die übrigen Beamten.</LA></DD> </DL> </P><P>(2) § 1 Abs. 2 gilt entsprechend.</P></Content></text><fussnoten><Content><P>Überschrift (Kursivdruck): Muss richtig &quot;Bundesversicherungsanstalt für Angestellte, Bahnversicherungsanstalt, Bundesknappschaft&quot; lauten; Berichtigung soll erfolgen</P></Content></fussnoten></textdaten></norm>
<norm builddate="20130405131205" doknr="BJNR120900993BJNE000400307"><metadaten><jurabk>BDOBuKBMinAAnO</jurabk><enbez>§ 3</enbez><titel format="parat">Inkrafttreten, Außerkrafttreten</titel></metadaten><textdaten><text format="XML"><Content><P>Diese Anordnung tritt am 1. August 1993 in Kraft.</P></Content></text><fussnoten/></textdaten></norm>
<norm builddate="20130405131205" doknr="BJNR120900993BJNE000500307"><metadaten><jurabk>BDOBuKBMinAAnO</jurabk><enbez>Schlußformel</enbez></metadaten><textdaten><text format="XML"><Content><P><SP>Der Bundesminister für Arbeit und Sozialordnung</SP></P></Content></text></textdaten></norm>
</dokumente>