<?xml version="1.0" encoding="UTF-8" ?><!DOCTYPE dokumente SYSTEM "http://www.gesetze-im-internet.de/dtd/1.01/gii-norm.dtd">
<dokumente builddate="20231010213502" doknr="BJNR627320022"><norm builddate="20231010213502" doknr="BJNR627320022"><metadaten><jurabk>VersResAbV</jurabk><amtabk>VersResAbV</amtabk><ausfertigung-datum manuell="ja">2022-09-30</ausfertigung-datum><fundstelle typ="amtlich"><periodikum>BAnz</periodikum><zitstelle>AT 30.09.2022 V3</zitstelle></fundstelle><kurzue>Versorgungsreserveabrufverordnung</kurzue><langue>Verordnung zur befristeten Ausweitung des Stromerzeugungsangebots durch Anlagen aus der Versorgungsreserve</langue><standangabe checked="ja"><standtyp>Stand</standtyp><standkommentar>Geändert durch Art. 1 V v. 4.10.2023 I Nr. 268</standkommentar></standangabe></metadaten><textdaten><fussnoten><Content><P><BR/> <pre xml:space="preserve">(+++ Textnachweis ab: 1.10.2022 +++)<BR/><BR/></pre></P></Content></fussnoten></textdaten></norm>
<norm builddate="20231010213502" doknr="BJNR627320022BJNE000100000"><metadaten><jurabk>VersResAbV</jurabk><enbez>Eingangsformel</enbez></metadaten><textdaten><text format="XML"><Content><P>Auf Grund des § 50d Absatz 2 Satz 2 in Verbindung mit Absatz 2 Satz 3 und 4 sowie Absatz 9 des Energiewirtschaftsgesetzes vom 7. Juli 2005 (BGBl. I S. 1970, 3621), der durch Artikel 1 Nummer 5 des Gesetzes vom 8. Juli 2022 (BGBl. I S. 1054) eingefügt worden ist, verordnet die Bundesregierung:</P></Content></text></textdaten></norm>
<norm builddate="20231010213502" doknr="BJNR627320022BJNE000201377"><metadaten><jurabk>VersResAbV</jurabk><enbez>§ 1</enbez><titel format="XML">Erlaubnis für den befristeten Einsatz von Reserveanlagen am Strommarkt</titel></metadaten><textdaten><text format="XML"><Content><P>(1) Die Betreiber von Reserveanlagen nach § 50d Absatz 1 Satz 1 des Energiewirtschaftsgesetzes dürfen diese Reserveanlagen ab dem 11. Oktober 2023 am Strommarkt einsetzen.</P><P>(2) Absatz 1 ist vorbehaltlich des Absatzes 3 nur anzuwenden während der Alarmstufe oder der Notfallstufe nach Artikel 8 Absatz 2 Buchstabe b und Artikel 11 Absatz 1 der Verordnung (EU) 2017/1938 des Europäischen Parlaments und des Rates vom 25. Oktober 2017 über Maßnahmen zur Gewährleistung der sicheren Gasversorgung und zur Aufhebung der Verordnung (EU) Nr. 994/2010 (ABl. L 280 vom 28.10.2017, S. 1), die zuletzt durch die Verordnung (EU) 2022/1032 (ABl. L 173 vom 30.6.2022, S. 17) geändert worden ist, in Verbindung mit dem Notfallplan Gas des Bundesministeriums für Wirtschaft und Energie vom September 2019, der auf der Internetseite des Bundesministeriums für Wirtschaft und Klimaschutz veröffentlicht ist.</P><P>(3) Der nach Absatz 1 zulässige Einsatz der Reserveanlagen am Strommarkt ist bis zum Ablauf des 31. März 2024 zulässig. Wird die Alarmstufe oder die Notfallstufe im Sinne des Absatzes 2 vor dem 31. März 2024 durch das Bundesministerium für Wirtschaft und Klimaschutz aufgehoben, ist der befristete Einsatz am Strommarkt bis zum Ablauf des letzten Tages des auf den Tag der Aufhebung folgenden Quartals zulässig, jedoch nicht länger als bis zum Ablauf des 31. März 2024.</P></Content></text><fussnoten/></textdaten></norm>
<norm builddate="20231010213502" doknr="BJNR627320022BJNE000300000"><metadaten><jurabk>VersResAbV</jurabk><enbez>§ 2</enbez><titel format="XML">Inkrafttreten</titel></metadaten><textdaten><text format="XML"><Content><P>Diese Verordnung tritt am Tag nach der Verkündung in Kraft.</P></Content></text></textdaten></norm>
</dokumente>