<?xml version="1.0" encoding="UTF-8" ?><!DOCTYPE dokumente SYSTEM "http://www.gesetze-im-internet.de/dtd/1.01/gii-norm.dtd">
<dokumente builddate="20221208213011" doknr="BJNR074900016"><norm builddate="20221208213011" doknr="BJNR074900016"><metadaten><jurabk>Münz25EuroBek 2016-04-04</jurabk><ausfertigung-datum manuell="ja">2016-04-04</ausfertigung-datum><fundstelle typ="amtlich"><periodikum>BGBl I</periodikum><zitstelle>2016, 749</zitstelle></fundstelle><langue>Bekanntmachung über die Ausprägung von deutschen Euro-Gedenkmünzen im Nennwert von 25 Euro (Gedenkmünze „25 Jahre Deutsche Einheit“)</langue></metadaten><textdaten><fussnoten><Content><P><BR/> <pre xml:space="preserve">(+++ Textnachweis ab: 18.4.2016 +++)<BR/><BR/></pre></P></Content></fussnoten></textdaten></norm>
<norm builddate="20221208213011" doknr="BJNR074900016BJNE000100000"><metadaten><jurabk>Münz25EuroBek 2016-04-04</jurabk><enbez>(XXXX)</enbez></metadaten><textdaten><text format="XML"><Content><P>Gemäß den §§ 2, 4 und 5 des Münzgesetzes vom 16. Dezember 1999 (BGBl. I S. 2402) hat die Bundesregierung beschlossen, zur Würdigung des 25. Jahrestages der deutschen Wiedervereinigung eine 25-Euro-Gedenkmünze „25 Jahre Deutsche Einheit“ prägen zu lassen.</P><P>Die Auflage der Münze beträgt 1 750 000 Stück, davon 250 000 Stück in Spiegelglanzqualität. Die Münze wird zu gleichen Teilen in den Münzstätten Berlin, München, Stuttgart, Karlsruhe und Hamburg geprägt.</P><P>Die Münze wird ab dem 1. Oktober 2015 in den Verkehr gebracht. Sie besteht aus Feinsilber (Ag 999), hat einen Durchmesser von 32,5 Millimetern und eine Masse von 18 Gramm. Das Gepräge auf beiden Seiten ist erhaben und wird von einem schützenden, glatten Randstab umgeben.</P><P>Die Bildseite zeigt die im Vordergrund stehenden Menschen, die Aufbruch und Neubeginn verkörpern. Sie befinden sich vor dem Brandenburger Tor, dem Symbol der Deutschen Einheit. Die Wiederholung der Willensbekundung der Bevölkerung „Wir sind ein Volk“ repräsentiert den Weg zur deutschen Wiedervereinigung.</P><P>Die Wertseite zeigt einen Adler, den Schriftzug „BUNDESREPUBLIK DEUTSCHLAND“, Wertziffer und Wertbezeichnung, die Jahreszahl 2015, die zwölf Europasterne sowie – je nach Prägestätte – das Münzzeichen „A“ (Berlin), „D“ (München), „F“ (Stuttgart), „G“ (Karlsruhe) oder „J“ (Hamburg).</P><P>Der glatte Münzrand enthält in vertiefter Prägung die Inschrift:</P><P>„EINIGKEIT UND RECHT UND FREIHEIT <F>∙</F>“.</P><P>Der Entwurf stammt von dem Künstler Bernd Wendhut aus Bernkastel-Kues.</P></Content></text></textdaten></norm>
<norm builddate="20221208213011" doknr="BJNR074900016BJNE000200000"><metadaten><jurabk>Münz25EuroBek 2016-04-04</jurabk><enbez>Schlussformel</enbez></metadaten><textdaten><text format="XML"><Content><P><SP>Der Bundesminister der Finanzen</SP></P></Content></text></textdaten></norm>
<norm builddate="20221208213011" doknr="BJNR074900016BJNE000300000"><metadaten><jurabk>Münz25EuroBek 2016-04-04</jurabk><enbez>(XXXX)</enbez></metadaten><textdaten><text format="XML"><Content><P><noindex><kommentar typ="Fundstelle">(Fundstelle: BGBl. I 2016, 749)</kommentar></noindex></P><BR/><BR/><table frame="none" pgwide="1" tocentry="%yes;"><tgroup align="left" char="" charoff="50" cols="2"><colspec colname="col1" colsep="0" colwidth="85*"/><colspec colname="col2" colwidth="85*"/><tbody valign="top"><row><entry VJ="1" colname="col1"><IMG Align="center" Height="862" Pos="inline" SRC="bgbl1_2016_j0749-1_0010.jpg" Type="TIF" Units="300" Width="887" alt=""/></entry><entry VJ="1" colname="col2"><IMG Align="center" Height="862" Pos="inline" SRC="bgbl1_2016_j0749-1_0020.jpg" Type="TIF" Units="300" Width="883" alt=""/></entry></row></tbody></tgroup></table></Content></text></textdaten></norm>
</dokumente>