<?xml version="1.0" encoding="UTF-8" ?><!DOCTYPE dokumente SYSTEM "http://www.gesetze-im-internet.de/dtd/1.01/gii-norm.dtd">
<dokumente builddate="20161114222001" doknr="BJNR000180961"><norm builddate="20161114222001" doknr="BJNR000180961"><metadaten><jurabk>PrHaushStatG</jurabk><ausfertigung-datum manuell="ja">1961-01-11</ausfertigung-datum><fundstelle typ="amtlich"><periodikum>BGBl I</periodikum><zitstelle>1961, 18</zitstelle></fundstelle><langue>Gesetz über die Statistik der Wirtschaftsrechnungen privater Haushalte</langue><standangabe checked="ja"><standtyp>Stand</standtyp><standkommentar>Zuletzt geändert durch Art. 5 G v. 21.7.2016 I 1768</standkommentar></standangabe></metadaten><textdaten><fussnoten><Content><P>(+++ Textnachweis Geltung ab: 21.3.1980 +++)</P></Content></fussnoten></textdaten></norm>
<norm builddate="20161114222001" doknr="BJNR000180961BJNE000100312"><metadaten><jurabk>PrHaushStatG</jurabk><enbez>§ 1</enbez></metadaten><textdaten><text format="XML"><Content><P>Im Geltungsbereich dieses Gesetzes werden bei privaten Haushalten folgende repräsentative Erhebungen über Wirtschaftsrechnungen als Bundesstatistik durchgeführt: <DL Font="normal" Type="arabic"><DT>1.</DT><DD Font="normal"><LA Size="normal">monatliche Erhebungen bei Haushalten von Arbeitnehmern, Pensions-, Fürsorge- und Rentenempfängern;</LA></DD> <DT>2.</DT><DD Font="normal"><LA Size="normal">Erhebungen, die sich jeweils auf ein Jahr beziehen, bei Haushalten aller Bevölkerungskreise. Diese Erhebungen sind, beginnend im Jahre 1983, in fünfjährigem Abstand zu wiederholen; die Bundesregierung wird ermächtigt, durch Rechtsverordnung mit Zustimmung des Bundesrates den fünfjährigen Abstand um ein Jahr zu verkürzen oder zu verlängern, falls dies zur Verbesserung des Erkenntniswerts der Statistik oder zur rationellen Gestaltung des Arbeitsablaufs erforderlich ist.</LA></DD></DL></P></Content></text><fussnoten/></textdaten></norm>
<norm builddate="20161114222001" doknr="BJNR000180961BJNE000201123"><metadaten><jurabk>PrHaushStatG</jurabk><enbez>§ 2</enbez></metadaten><textdaten><text format="XML"><Content><P>(1) Die Erhebungen nach § 1 erfassen folgende Tatbestände: <DL Font="normal" Type="arabic"><DT>1.</DT><DD Font="normal"><LA Size="normal">die Einnahmen der Haushalte nach Quellen;</LA></DD><DT>2.</DT><DD Font="normal"><LA Size="normal">die Verwendung der Einnahmen für<DL Font="normal" Type="arabic"><DT>a)</DT><DD Font="normal"><LA Size="normal">den privaten Verbrauch (nach Art, Menge und Betrag),</LA></DD><DT>b)</DT><DD Font="normal"><LA Size="normal">Steuern und Abgaben,</LA></DD><DT>c)</DT><DD Font="normal"><LA Size="normal">Beiträge zur Sozialversicherung und zu privaten Versicherungen, soweit sie nicht unter Buchstabe e fallen,</LA></DD><DT>d)</DT><DD Font="normal"><LA Size="normal">Rückzahlung von Schulden,</LA></DD><DT>e)</DT><DD Font="normal"><LA Size="normal">Vermögensbildung,</LA></DD><DT>f)</DT><DD Font="normal"><LA Size="normal">sonstige Zwecke.</LA></DD></DL></LA></DD></DL></P><P>(2) Außer den in Absatz 1 bezeichneten Tatbeständen erfassen die Erhebungen Angaben über die Zusammensetzung der Haushalte und ihre wirtschaftlichen und sozialen Verhältnisse sowie über die Ausrüstung der Haushalte mit technischen Gebrauchsgütern, soweit diese Angaben für die statistische Zuordnung der Haushalte und für die Darstellung der Ergebnisse erforderlich sind.</P><P>(3) Hilfsmerkmale der Erhebung sind: <DL Font="normal" Type="arabic"><DT>1.</DT><DD Font="normal"><LA Size="normal">Name und Kontaktdaten der Auskunftgebenden,</LA></DD><DT>2.</DT><DD Font="normal"><LA Size="normal">Vornamen der Haushaltsmitglieder.</LA></DD></DL></P></Content></text><fussnoten/></textdaten></norm>
<norm builddate="20161114222001" doknr="BJNR000180961BJNE000301118"><metadaten><jurabk>PrHaushStatG</jurabk><enbez>§ 3</enbez></metadaten><textdaten><text format="XML"><Content><P>(1) Die Erhebungen nach § 1 Nr. 1 erstrecken sich auf höchstens 2 000*) Haushalte in jedem Monat.</P><P>(2) Die Erhebungen nach § 1 Nr. 2 erstrecken sich auf höchstens 0,3 vom Hundert aller Haushalte.<BR/>----- <DL Font="normal" Type="arabic"><DT><small>*)</small></DT><DD Font="normal"><LA Size="normal"><small>Gemäß Art. 2 der Statistikanpassungsverordnung vom 26. März 1991 (BGBl. I S. 846) gilt abweichend von § 3 Abs. 1:</small></LA><LA Size="normal"><small>&quot;(1) Die Erhebungen nach § 1 Nr. 1 erstrecken sich auf höchstens 6 000 Haushalte, ab 1. Januar 1993 auf 2 000 Haushalte in jedem Monat.&quot;</small></LA></DD></DL></P></Content></text><fussnoten/></textdaten></norm>
<norm builddate="20161114222001" doknr="BJNR000180961BJNE000400312"><metadaten><jurabk>PrHaushStatG</jurabk><enbez>§ 4</enbez></metadaten><textdaten><text format="XML"><Content><P>Die Erteilung der Auskunft durch die Haushalte zu den Erhebungen nach § 1 ist freiwillig.</P></Content></text></textdaten></norm>
<norm builddate="20161114222001" doknr="BJNR000180961BJNE000500312"><metadaten><jurabk>PrHaushStatG</jurabk><enbez>§ 5</enbez></metadaten><textdaten><text format="XML"><Content><P>Die Aufbereitung der Erhebungen nach § 1 Nr. 2 obliegt dem Statistischen Bundesamt.</P></Content></text></textdaten></norm>
<norm builddate="20161114222001" doknr="BJNR000180961BJNE000600312"><metadaten><jurabk>PrHaushStatG</jurabk><enbez>§ 6</enbez></metadaten><textdaten><text format="XML"><Content><P>Dieses Gesetz gilt nach Maßgabe des § 13 Abs. 1 des Dritten Überleitungsgesetzes vom 4. Januar 1952 (Bundesgesetzbl. I S. 1) auch im Land Berlin. Rechtsverordnungen, die auf Grund dieses Gesetzes erlassen werden, gelten im Land Berlin nach § 14 des Dritten Überleitungsgesetzes.</P></Content></text><fussnoten/></textdaten></norm>
<norm builddate="20161114222001" doknr="BJNR000180961BJNE000700312"><metadaten><jurabk>PrHaushStatG</jurabk><enbez>§ 7</enbez></metadaten><textdaten><text format="XML"><Content><P>Dieses Gesetz tritt am Tage nach seiner Verkündung in Kraft.</P></Content></text></textdaten></norm>
</dokumente>