<?xml version="1.0" encoding="UTF-8" ?><!DOCTYPE dokumente SYSTEM "http://www.gesetze-im-internet.de/dtd/1.01/gii-norm.dtd">
<dokumente builddate="20130405125751" doknr="BJNR015800996"><norm builddate="20130405125751" doknr="BJNR015800996"><metadaten><jurabk>PhysLabAusbV</jurabk><ausfertigung-datum manuell="ja">1996-01-30</ausfertigung-datum><fundstelle typ="amtlich"><periodikum>BGBl I</periodikum><zitstelle>1996, 158</zitstelle></fundstelle><langue>Verordnung über die Berufsausbildung zum Physiklaboranten/zur
Physiklaborantin</langue></metadaten><textdaten><text format="XML"><Content><P/></Content></text><fussnoten><Content><P>(+++ Textnachweis ab:  1. 8.1996 +++)</P><P><BR/> Diese Rechtsverordnung ist eine Ausbildungsordnung im Sinne des § 25 des Berufsbildungsgesetzes. Die Ausbildungsordnung und der damit abgestimmte, von der Ständigen Konferenz der Kultusminister der Länder in der Bundesrepublik Deutschland beschlossene Rahmenlehrplan für die Berufsschule werden demnächst als Beilage zum Bundesanzeiger veröffentlicht.</P></Content></fussnoten></textdaten></norm>
<norm builddate="20130405125751" doknr="BJNR015800996BJNE000100305"><metadaten><jurabk>PhysLabAusbV</jurabk><enbez>Eingangsformel</enbez></metadaten><textdaten><text format="XML"><Content><P>Auf Grund des § 25 des Berufsbildungsgesetzes vom 14. August 1969 (BGBl. I S. 1112), der zuletzt durch § 24 Nr. 1 des Gesetzes vom 24. August 1976 (BGBl. I S. 2525) geändert worden ist, in Verbindung mit Artikel 56 des Zuständigkeitsanpassungs-Gesetzes vom 18. März 1975 (BGBl. I S. 705) und dem Organisationserlaß vom 17. November 1994 (BGBl. I S. 3667) verordnet das Bundesministerium für Wirtschaft im Einvernehmen mit dem Bundesministerium für Bildung, Wissenschaft, Forschung und Technologie:</P></Content></text></textdaten></norm>
<norm builddate="20130405125751" doknr="BJNR015800996BJNE000200305"><metadaten><jurabk>PhysLabAusbV</jurabk><enbez>§ 1</enbez><titel format="parat">Staatliche Anerkennung des Ausbildungsberufes</titel></metadaten><textdaten><text format="XML"><Content><P>Der Ausbildungsberuf Physiklaborant/Physiklaborantin wird staatlich anerkannt.</P></Content></text></textdaten></norm>
<norm builddate="20130405125751" doknr="BJNR015800996BJNE000300305"><metadaten><jurabk>PhysLabAusbV</jurabk><enbez>§ 2</enbez><titel format="parat">Ausbildungsdauer</titel></metadaten><textdaten><text format="XML"><Content><P>(1) Die Ausbildung dauert dreieinhalb Jahre.</P><P>(2) Auszubildende, denen der Besuch eines nach landesrechtlichen Vorschriften eingeführten schulischen Berufsgrundbildungsjahres nach einer Rechtsverordnung gemäß § 29 Abs. 1 des Berufsbildungsgesetzes als erstes Jahr der Berufsausbildung anzurechnen ist, beginnen die betriebliche Ausbildung im zweiten Ausbildungsjahr.</P></Content> </text></textdaten></norm>
<norm builddate="20130405125751" doknr="BJNR015800996BJNE000400305"><metadaten><jurabk>PhysLabAusbV</jurabk><enbez>§ 3</enbez><titel format="parat">Berufsfeldbreite Grundbildung</titel></metadaten><textdaten><text format="XML"><Content><P>Die Ausbildung im ersten Ausbildungsjahr vermittelt eine berufsfeldbreite Grundbildung, wenn die betriebliche Ausbildung nach dieser Verordnung und die Ausbildung in der Berufsschule nach den landesrechtlichen Vorschriften über das Berufsgrundbildungsjahr erfolgen.</P></Content></text></textdaten></norm>
<norm builddate="20130405125751" doknr="BJNR015800996BJNE000500305"><metadaten><jurabk>PhysLabAusbV</jurabk><enbez>§ 4</enbez><titel format="parat">Ausbildungsberufsbild</titel></metadaten><textdaten><text format="XML"><Content><P>Gegenstand der Berufsausbildung sind mindestens die folgenden Fertigkeiten und Kenntnisse: <DL Font="normal" Type="arabic"><DT>1.</DT><DD Font="normal"><LA Size="normal">Berufsbildung,</LA></DD> <DT>2.</DT><DD Font="normal"><LA Size="normal">Aufbau und Organisation des Ausbildungsbetriebes,</LA></DD> <DT>3.</DT><DD Font="normal"><LA Size="normal">Arbeits- und Tarifrecht, Arbeitsschutz,</LA></DD> <DT>4.</DT><DD Font="normal"><LA Size="normal">Arbeitssicherheit und Arbeitshygiene,</LA></DD> <DT>5.</DT><DD Font="normal"><LA Size="normal">Umweltschutz,</LA></DD> <DT>6.</DT><DD Font="normal"><LA Size="normal">Einsetzen von Energieträgern und rationelle Energienutzung,</LA></DD> <DT>7.</DT><DD Font="normal"><LA Size="normal">Einsetzen, Pflegen und Instandhalten von Arbeitsgeräten:<DL Font="normal" Type="arabic"><DT>a)</DT><DD Font="normal"><LA Size="normal">stationäre Einrichtungen,</LA></DD> <DT>b)</DT><DD Font="normal"><LA Size="normal">Laborgeräte,</LA></DD> </DL></LA></DD> <DT>8.</DT><DD Font="normal"><LA Size="normal">Bearbeiten von Werkstoffen und Herstellen von Schlauch- und Rohrverbindungen,</LA></DD> <DT>9.</DT><DD Font="normal"><LA Size="normal">Umgehen mit Arbeitsstoffen,</LA></DD> <DT>10.</DT><DD Font="normal"><LA Size="normal">Vereinigen, Trennen und Reinigen von Arbeitsstoffen:<DL Font="normal" Type="arabic"><DT>a)</DT><DD Font="normal"><LA Size="normal">physikalische Methoden,</LA></DD> <DT>b)</DT><DD Font="normal"><LA Size="normal">chemische Methoden,</LA></DD> </DL></LA></DD> <DT>11.</DT><DD Font="normal"><LA Size="normal">Messen physikalischer Größen, Bestimmen von Stoffkonstanten und elektrotechnische Arbeiten:<DL Font="normal" Type="arabic"><DT>a)</DT><DD Font="normal"><LA Size="normal">physikalische Größen,</LA></DD> <DT>b)</DT><DD Font="normal"><LA Size="normal">Stoffkonstanten,</LA></DD> <DT>c)</DT><DD Font="normal"><LA Size="normal">elektrotechnische Arbeiten,</LA></DD> </DL></LA></DD> <DT>12.</DT><DD Font="normal"><LA Size="normal">Anwenden mikrobiologischer Arbeitstechniken,</LA></DD> <DT>13.</DT><DD Font="normal"><LA Size="normal">Dokumentieren von Arbeitsabläufen und -ergebnissen,</LA></DD> <DT>14.</DT><DD Font="normal"><LA Size="normal">mechanische Arbeiten:<DL Font="normal" Type="arabic"><DT>a)</DT><DD Font="normal"><LA Size="normal">Mechanik von Festkörpern, Flüssigkeiten und Gasen,</LA></DD> <DT>b)</DT><DD Font="normal"><LA Size="normal">schwingende Systeme einschließlich Akustik,</LA></DD> </DL></LA></DD> <DT>15.</DT><DD Font="normal"><LA Size="normal">wärmetechnische Arbeiten,</LA></DD> <DT>16.</DT><DD Font="normal"><LA Size="normal">optische Arbeiten,</LA></DD> <DT>17.</DT><DD Font="normal"><LA Size="normal">elektrotechnische und elektronische Arbeiten,</LA></DD> <DT>18.</DT><DD Font="normal"><LA Size="normal">Röntgen- und Kernstrahlungsmeßtechnik,</LA></DD> <DT>19.</DT><DD Font="normal"><LA Size="normal">Werkstoffe und Werkstoffprüfung,</LA></DD> <DT>20.</DT><DD Font="normal"><LA Size="normal">instrumentelle Analytik,</LA></DD> <DT>21.</DT><DD Font="normal"><LA Size="normal">verfahrenstechnische Arbeiten,</LA></DD> <DT>22.</DT><DD Font="normal"><LA Size="normal">Leittechnik:<DL Font="normal" Type="arabic"><DT>a)</DT><DD Font="normal"><LA Size="normal">Sensortechnik,</LA></DD> <DT>b)</DT><DD Font="normal"><LA Size="normal">Steuerungstechnik,</LA></DD> <DT>c)</DT><DD Font="normal"><LA Size="normal">Regelungstechnik,</LA></DD> </DL></LA></DD> <DT>23.</DT><DD Font="normal"><LA Size="normal">informationstechnische Arbeiten,</LA></DD> <DT>24.</DT><DD Font="normal"><LA Size="normal">Maßnahmen zur Qualitätssicherung.</LA></DD> </DL></P></Content></text></textdaten></norm>
<norm builddate="20130405125751" doknr="BJNR015800996BJNE000600305"><metadaten><jurabk>PhysLabAusbV</jurabk><enbez>§ 5</enbez><titel format="parat">Ausbildungsrahmenplan</titel></metadaten><textdaten><text format="XML"><Content><P>(1) Die Fertigkeiten und Kenntnisse nach § 4 sollen nach der in der Anlage für die berufliche Grundbildung und für die beruflich Fachbildung enthaltenen Anleitung zur sachlichen und zeitlichen Gliederung der Berufsausbildung (Ausbildungsrahmenplan) vermittelt werden. Eine von dem Ausbildungsrahmenplan innerhalb der beruflichen Grundbildung und innerhalb der beruflichen Fachbildung abweichende sachliche und zeitliche Gliederung des Ausbildungsinhaltes ist insbesondere zulässig, soweit betriebspraktische Besonderheiten die Abweichung erfordern.</P><P>(2) Die in dieser Verordnung genannten Fertigkeiten und Kenntnisse sollen so vermittelt werden, daß der Auszubildende zur Ausübung einer qualifizierten beruflichen Tätigkeit im Sinne des § 1 Abs. 2 des Berufsbildungsgesetzes befähigt wird, die insbesondere selbständiges Planen, Durchführen und Kontrollieren einschließt. Diese Befähigung ist auch in den Prüfungen nach den §§ 8 und 9 nachzuweisen.</P></Content> </text></textdaten></norm>
<norm builddate="20130405125751" doknr="BJNR015800996BJNE000700305"><metadaten><jurabk>PhysLabAusbV</jurabk><enbez>§ 6</enbez><titel format="parat">Ausbildungsplan</titel></metadaten><textdaten><text format="XML"><Content><P>Der Ausbildende hat unter Zugrundelegung des Ausbildungsrahmenplans für den Auszubildenden einen Ausbildungsplan zu erstellen.</P></Content></text></textdaten></norm>
<norm builddate="20130405125751" doknr="BJNR015800996BJNE000800305"><metadaten><jurabk>PhysLabAusbV</jurabk><enbez>§ 7</enbez><titel format="parat">Berichtsheft</titel></metadaten><textdaten><text format="XML"><Content><P>Der Auszubildende hat ein Berichtsheft in Form eines Ausbildungsnachweises zu führen. Ihm ist Gelegenheit zu geben, das Berichtsheft während der Ausbildungszeit zu führen. Der Ausbildende hat das Berichtsheft regelmäßig durchzusehen.</P></Content></text></textdaten></norm>
<norm builddate="20130405125751" doknr="BJNR015800996BJNE000900305"><metadaten><jurabk>PhysLabAusbV</jurabk><enbez>§ 8</enbez><titel format="parat">Zwischenprüfung</titel></metadaten><textdaten><text format="XML"><Content><P>(1) Zur Ermittlung des Ausbildungsstandes ist eine Zwischenprüfung durchzuführen. Sie soll vor dem Ende des zweiten Ausbildungsjahres stattfinden.</P><P>(2) Die Zwischenprüfung erstreckt sich auf die in der Anlage in Abschnitt I für das erste Ausbildungsjahr und in Abschnitt II unter laufender Nummer 1.1 Buchstabe a bis c, laufender Nummer 2 Buchstabe a und b, laufender Nummer 4 Buchstabe a und b, laufender Nummer 10 Buchstabe a und b und laufender Nummer 11 für das zweite Ausbildungsjahr aufgeführten Fertigkeiten und Kenntnisse sowie auf den im Berufsschulunterricht entsprechend den Rahmenlehrplänen zu vermittelnden Lehrstoff, soweit er für die Berufsausbildung wesentlich ist. Die Inhalte von Abschnitt II laufender Nummer 11 sind nur insoweit zu berücksichtigen, als sie im Zusammenhang mit den übrigen in Satz 1 aufgeführten Inhalten stehen.</P><P>(3) Der Prüfling soll in der praktischen Prüfung in insgesamt höchstens sieben Stunden zwei Arbeitsproben durchführen und ein Prüfungsstück anfertigen. Hierfür kommen insbesondere in Betracht: <DL Font="normal" Type="arabic"><DT>1.</DT><DD Font="normal"><LA Size="normal">als Arbeitsproben:<DL Font="normal" Type="arabic"><DT>a)</DT><DD Font="normal"><LA Size="normal">Durchführen von elektrotechnischen Arbeiten,</LA></DD> <DT>b)</DT><DD Font="normal"><LA Size="normal">Messen physikalischer Größen und Bestimmen von Stoffkonstanten oder Vereinigen, Trennen und Reinigen von Arbeitsstoffen oder Durchführen von wärmetechnischen Arbeiten;</LA></DD> </DL></LA></DD> <DT>2.</DT><DD Font="normal"><LA Size="normal">als Prüfungsstück:</LA><LA Size="normal">Bearbeiten von Werkstoffen und Herstellen von Schlauch- und Rohrverbindungen.</LA></DD>  </DL> </P><P>(4) Der Prüfling soll in der schriftlichen Prüfung in insgesamt höchstens 180 Minuten Aufgaben, die sich auf praxisbezogene Fälle beziehen sollen, aus folgenden Gebieten lösen: <DL Font="normal" Type="arabic"><DT>1.</DT><DD Font="normal"><LA Size="normal">Mikrobiologie; Umgang mit Arbeitsstoffen unter Berücksichtigung von Arbeitssicherheit, Arbeitshygiene und Umweltschutz,</LA></DD> <DT>2.</DT><DD Font="normal"><LA Size="normal">Vereinigen, Trennen und Reinigen von Arbeitsstoffen,</LA></DD> <DT>3.</DT><DD Font="normal"><LA Size="normal">physikalische Größen und Stoffkonstanten,</LA></DD> <DT>4.</DT><DD Font="normal"><LA Size="normal">mechanische Arbeiten,</LA></DD> <DT>5.</DT><DD Font="normal"><LA Size="normal">wärmetechnische Arbeiten,</LA></DD> <DT>6.</DT><DD Font="normal"><LA Size="normal">elektrotechnische Arbeiten,</LA></DD> <DT>7.</DT><DD Font="normal"><LA Size="normal">Informationstechnische Arbeiten.</LA></DD> </DL> </P><P>(5) Die in Absatz 4 genannte Prüfungsdauer kann insbesondere unterschritten werden, soweit die schriftliche Prüfung in programmierter Form durchgeführt wird.</P></Content>  </text></textdaten></norm>
<norm builddate="20130405125751" doknr="BJNR015800996BJNE001000305"><metadaten><jurabk>PhysLabAusbV</jurabk><enbez>§ 9</enbez><titel format="parat">Abschlußprüfung</titel></metadaten><textdaten><text format="XML"><Content><P>(1) Die Abschlußprüfung erstreckt sich auf die in der Anlage aufgeführten Fertigkeiten und Kenntnisse sowie auf den im Berufsschulunterricht vermittelten Lehrstoff, soweit er für die Berufsausbildung wesentlich ist.</P><P>(2) Der Prüfling soll in der praktischen Prüfung in insgesamt höchstens 15 Stunden zwei Arbeitsproben durchführen und ein Prüfungsstück anfertigen. Hierfür kommen insbesondere in Betracht: <DL Font="normal" Type="arabic"><DT>1.</DT><DD Font="normal"><LA Size="normal">als Arbeitsproben:<DL Font="normal" Type="arabic"><DT>a)</DT><DD Font="normal"><LA Size="normal">elektrotechnische Arbeiten einschließlich Messen, Steuern und Regeln,</LA></DD> <DT>b)</DT><DD Font="normal"><LA Size="normal">Bestimmung physikalischer Größen,</LA></DD> <DT>c)</DT><DD Font="normal"><LA Size="normal">physikalisch-chemische Versuche, insbesondere aus einem der folgenden Bereiche:<DL Font="normal" Type="arabic"><DT>aa)</DT><DD Font="normal"><LA Size="normal">Strukturaufklärung,</LA></DD> <DT>bb)</DT><DD Font="normal"><LA Size="normal">quantitative Analyse,</LA></DD> <DT>cc)</DT><DD Font="normal"><LA Size="normal">Stoffkonstanten;</LA></DD> </DL></LA></DD> </DL></LA></DD> <DT>2.</DT><DD Font="normal"><LA Size="normal">als Prüfungsstück:</LA><LA Size="normal">EDV-gestützte Meßdatenauswertung und graphische Darstellung der Ergebnisse.</LA></DD>  </DL>Dabei sollen die Arbeitsproben zusammen mit 80 und das Prüfungsstück mit 20 vom Hundert gewichtet werden.</P><P>(3) Der Prüfling soll in der schriftlichen Prüfung in den Prüfungsfächern Technologie, Labortechnik, Technische Mathematik, sowie Wirtschafts- und Sozialkunde geprüft werden. Es kommen Aufgaben, die sich auf praxisbezogene Fälle beziehen sollen, insbesondere aus folgenden Gebieten in Betracht: <DL Font="normal" Type="arabic"><DT>1.</DT><DD Font="normal"><LA Size="normal">im Prüfungsfach Technologie:<DL Font="normal" Type="arabic"><DT>a)</DT><DD Font="normal"><LA Size="normal">Arbeitsstoffe und Arbeitsgeräte unter Einbeziehung von Arbeitssicherheit, Arbeitshygiene und Umweltschutz,</LA></DD> <DT>b)</DT><DD Font="normal"><LA Size="normal">Mechanik, Kalorik, Optik, Elektrik und Atomphysik,</LA></DD> <DT>c)</DT><DD Font="normal"><LA Size="normal">physikalische Meßprinzipien und Meßverfahren;</LA></DD> </DL></LA></DD> <DT>2.</DT><DD Font="normal"><LA Size="normal">im Prüfungsfach Labortechnik:<DL Font="normal" Type="arabic"><DT>a)</DT><DD Font="normal"><LA Size="normal">instrumentelle Analytik,</LA></DD> <DT>b)</DT><DD Font="normal"><LA Size="normal">informationstechnische Arbeiten,</LA></DD> <DT>c)</DT><DD Font="normal"><LA Size="normal">Leittechnik,</LA></DD> <DT>d)</DT><DD Font="normal"><LA Size="normal">Maßnahmen der Qualitätssicherung;</LA></DD> </DL></LA></DD> <DT>3.</DT><DD Font="normal"><LA Size="normal">im Prüfungsfach Technische Mathematik:<DL Font="normal" Type="arabic"><DT>a)</DT><DD Font="normal"><LA Size="normal">angewandte Aufgaben insbesondere aus folgenden Bereichen:<DL Font="normal" Type="arabic"><DT>aa)</DT><DD Font="normal"><LA Size="normal">einfache Gleichungen ersten und zweiten Grades,</LA></DD> <DT>bb)</DT><DD Font="normal"><LA Size="normal">Funktionen ersten und zweiten Grades sowie deren graphische Darstellung,</LA></DD> <DT>cc)</DT><DD Font="normal"><LA Size="normal">trigonometrische Funktionen und Exponentialfunktionen,</LA></DD> </DL></LA></DD> <DT>b)</DT><DD Font="normal"><LA Size="normal">Aufgaben zur Berechnung physikalisch-chemischer Größen,</LA></DD> <DT>c)</DT><DD Font="normal"><LA Size="normal">angewandte Aufgaben aus Fachbereichen der Physik;</LA></DD> </DL></LA></DD> <DT>4.</DT><DD Font="normal"><LA Size="normal">im Prüfungsfach Wirtschafts- und Sozialkunde:</LA><LA Size="normal">allgemeine wirtschaftliche und gesellschaftliche Zusammenhänge der Berufs- und Arbeitswelt.</LA></DD>  </DL> </P><P>(4) Für die schriftliche Prüfung ist von folgenden zeitlichen Höchstwerten auszugehen: <BR/><table frame="none" tocentry="%yes;">
	<tgroup align="left" char="" charoff="50" cols="3" colsep="0" rowsep="0">
		<colspec colname="col1" colnum="1" colwidth="5*"/>
		<colspec colname="col2" colnum="2" colwidth="45*"/>
		<colspec colname="col3" colnum="3" colwidth="25*"/>
		<tbody valign="top">
			<row>
				<entry VJ="1" align="left" colsep="0" valign="top">1.</entry>
				<entry VJ="1" align="left" colsep="0" valign="top">im Prüfungsfach Technologie</entry>
				<entry VJ="1" align="right" colsep="0" valign="bottom">120 Minuten,</entry>
			</row>
			<row>
				<entry VJ="1" align="left" colsep="0" valign="top">2.</entry>
				<entry VJ="1" align="left" colsep="0" valign="top">im Prüfungsfach Labortechnik</entry>
				<entry VJ="1" align="right" colsep="0" valign="bottom">90 Minuten,</entry>
			</row>
			<row>
				<entry VJ="1" align="left" colsep="0" valign="top">3.</entry>
				<entry VJ="1" align="left" colsep="0" valign="top">im Prüfungsfach Technische Mathematik</entry>
				<entry VJ="1" align="right" colsep="0" valign="bottom">90 Minuten,</entry>
			</row>
			<row>
				<entry VJ="1" align="left" colsep="0" valign="top">4.</entry>
				<entry VJ="1" align="left" colsep="0" valign="top">im Prüfungsfach Wirtschafts- und Sozialkunde</entry>
				<entry VJ="1" align="right" colsep="0" valign="bottom">60 Minuten.</entry>
			</row>
		</tbody>
	</tgroup>
</table> </P><P>(5) Die in Absatz 4 genannte Prüfungsdauer kann insbesondere unterschritten werden, soweit die schriftliche Prüfung in programmierter Form durchgeführt wird.</P><P>(6) Die schriftliche Prüfung ist auf Antrag des Prüflings oder nach Ermessen des Prüfungsausschusses in einzelnen Fächern durch eine mündliche Prüfung zu ergänzen, wenn diese für das Bestehen der Prüfung den Ausschlag geben kann. Die schriftliche Prüfung hat gegenüber der mündlichen das doppelte Gewicht.</P><P>(7) Innerhalb der schriftlichen Prüfung hat das Prüfungsfach Technologie gegenüber jedem der übrigen Prüfungsfächer das doppelte Gewicht.</P><P>(8) Die Prüfung ist bestanden, wenn jeweils in der praktischen und schriftlichen Prüfung sowie innerhalb der schriftlichen Prüfung im Prüfungsfach Technologie mindestens ausreichende Leistungen erbracht sind.</P></Content>      </text></textdaten></norm>
<norm builddate="20130405125751" doknr="BJNR015800996BJNE001100305"><metadaten><jurabk>PhysLabAusbV</jurabk><enbez>§ 10</enbez><titel format="parat">Aufhebung von Vorschriften</titel></metadaten><textdaten><text format="XML"><Content><P>Die bisher festgelegten Berufsbilder, Berufsbildungspläne und Prüfungsanforderungen für den Ausbildungsberuf Physiklaborant/Physiklaborantin sind vorbehaltlich des § 11 nicht mehr anzuwenden.</P></Content></text></textdaten></norm>
<norm builddate="20130405125751" doknr="BJNR015800996BJNE001200305"><metadaten><jurabk>PhysLabAusbV</jurabk><enbez>§ 11</enbez><titel format="parat">Übergangsregelung</titel></metadaten><textdaten><text format="XML"><Content><P>Auf Berufsausbildungsverhältnisse, die bei Inkrafttreten dieser Verordnung bestehen, sind die bisherigen Vorschriften weiter anzuwenden, es sei denn, die Vertragsparteien vereinbaren die Anwendung der Vorschriften dieser Verordnung.</P></Content></text></textdaten></norm>
<norm builddate="20130405125751" doknr="BJNR015800996BJNE001300305"><metadaten><jurabk>PhysLabAusbV</jurabk><enbez>§ 12</enbez><titel format="parat">Inkrafttreten</titel></metadaten><textdaten><text format="XML"><Content><P>Diese Verordnung tritt am 1. August 1996 in Kraft.</P></Content></text></textdaten></norm>
<norm builddate="20130405125751" doknr="BJNR015800996BJNE001400305"><metadaten><jurabk>PhysLabAusbV</jurabk><enbez>Anlage</enbez><titel format="XML">(zu § 5)
<BR/>
Ausbildungsrahmenplan für die Berufsausbildung zum
Physiklaboranten/zur Physiklaborantin</titel></metadaten><textdaten><text format="XML"><Content><P><ABWFORMAT typ="A"/><kommentar typ="Fundstelle">(Fundstelle: BGBl. I 1996, 161 - 168)</kommentar><BR/><table frame="topbot" tocentry="%yes;"><Title Align="auto">1. Berufliche Grundbildung</Title><tgroup align="left" char="" charoff="50" cols="8" rowsep="0"><colspec colname="col1" colnum="1" colsep="1" colwidth="10*"/><colspec colname="col2" colnum="2" colsep="1" colwidth="25*"/><colspec colname="col3" colnum="3" colsep="0" colwidth="5*"/><colspec colname="col4" colnum="4" colsep="1" colwidth="40*"/><colspec colname="col5" colnum="5" colsep="1" colwidth="10*"/><colspec colname="col6" colnum="6" colsep="1" colwidth="10*"/><colspec colname="col7" colnum="7" colsep="1" colwidth="10*"/><colspec colname="col8" colnum="8" colsep="0" colwidth="10*"/><thead valign="bottom"><row rowsep="1"><entry VJ="1" align="left" colsep="0" morerows="1" valign="top">Lfd. Nr.</entry><entry VJ="1" align="left" colsep="0" morerows="1" valign="top">Teil des Ausbildungsberufsbildes</entry><entry VJ="1" align="left" colsep="1" morerows="1" nameend="col4" namest="col3" valign="top">Zu vermittelnde Fertigkeiten und Kenntnisse</entry><entry VJ="1" align="left" colsep="0" nameend="col8" namest="col5" valign="top">Zeitliche Richtwerte in Wochen im Ausbildungsjahr</entry></row><row rowsep="1"><entry VJ="1" align="center" colsep="0" valign="middle">1</entry><entry VJ="1" align="center" colsep="0" valign="middle">2</entry><entry VJ="1" align="center" colsep="0" valign="middle">3</entry><entry VJ="1" align="center" colsep="0" valign="middle">4</entry></row><row rowsep="1"><entry VJ="1" align="center" colsep="0" valign="middle">1</entry><entry VJ="1" align="center" colsep="0" valign="middle">2</entry><entry VJ="1" align="center" colsep="1" nameend="col4" namest="col3" valign="middle">3</entry><entry VJ="1" align="center" colsep="0" nameend="col8" namest="col5" valign="middle">4</entry></row></thead><tbody valign="top"><row><entry VJ="1" align="left" colsep="0" morerows="2" rowsep="1" valign="top">1</entry><entry VJ="1" align="left" colsep="0" morerows="2" rowsep="1" valign="top">Berufsbildung (§ 4 Nr. 1)</entry><entry VJ="1" align="left" colsep="0" valign="top">a)</entry><entry VJ="1" align="left" colsep="0" valign="top">Bedeutung des Ausbildungsvertrages, insbesondere Abschluß, Dauer und Beendigung, erklären</entry><entry VJ="1" align="left" colsep="0" morerows="30" nameend="col8" namest="col5" rowsep="1" valign="middle">während der gesamten Ausbildung zu vermitteln</entry></row><row><entry VJ="1" align="left" colsep="0" valign="top">b)</entry><entry VJ="1" align="left" colsep="0" valign="top">gegenseitige Rechte und Pflichten aus dem Ausbildungsvertrag nennen</entry></row><row rowsep="1"><entry VJ="1" align="left" colsep="0" valign="top">c)</entry><entry VJ="1" align="left" colsep="0" valign="top">Möglichkeiten der beruflichen Fortbildung nennen</entry></row><row><entry VJ="1" align="left" colsep="0" morerows="3" rowsep="1" valign="top">2</entry><entry VJ="1" align="left" colsep="0" morerows="3" rowsep="1" valign="top">Aufbau und Organisation des Ausbildungsbetriebes (§ 4 Nr. 2)</entry><entry VJ="1" align="left" colsep="0" valign="top">a)</entry><entry VJ="1" align="left" colsep="0" valign="top">Aufbau und Aufgaben des ausbildenden Betriebes erläutern</entry></row><row><entry VJ="1" align="left" colsep="0" valign="top">b)</entry><entry VJ="1" align="left" colsep="0" valign="top">Grundfunktionen des ausbildenden Betriebes wie Beschaffung, Fertigung, Absatz und Verwaltung erklären</entry></row><row><entry VJ="1" align="left" colsep="0" valign="top">c)</entry><entry VJ="1" align="left" colsep="0" valign="top">Beziehungen des ausbildenden Betriebes und seiner Belegschaft zu Wirtschaftsorganisationen, Berufsvertretungen und Gewerkschaften nennen</entry></row><row rowsep="1"><entry VJ="1" align="left" colsep="0" valign="top">d)</entry><entry VJ="1" align="left" colsep="0" valign="top">Grundlagen, Aufgaben und Arbeitsweise der betriebs-verfassungs- oder personalvertretungsrechtlichen Organe des ausbildenden Betriebes beschreiben</entry></row><row><entry VJ="1" align="left" colsep="0" morerows="3" rowsep="1" valign="top">3</entry><entry VJ="1" align="left" colsep="0" morerows="3" rowsep="1" valign="top">Arbeits- und Tarifrecht, Arbeitsschutz (§ 4 Nr. 3)</entry><entry VJ="1" align="left" colsep="0" valign="top">a)</entry><entry VJ="1" align="left" colsep="0" valign="top">wesentliche Teile des Arbeitsvertrages nennen</entry></row><row><entry VJ="1" align="left" colsep="0" valign="top">b)</entry><entry VJ="1" align="left" colsep="0" valign="top">wesentliche Bestimmungen der für den ausbildenden Betrieb geltenden Tarifverträge nennen</entry></row><row><entry VJ="1" align="left" colsep="0" valign="top">c)</entry><entry VJ="1" align="left" colsep="0" valign="top">Aufgaben des betrieblichen Arbeitsschutzes sowie der zuständigen Berufsgenossenschaft und der Gewerbeaufsicht erläutern</entry></row><row rowsep="1"><entry VJ="1" align="left" colsep="0" valign="top">d)</entry><entry VJ="1" align="left" colsep="0" valign="top">wesentliche Bestimmungen der für den ausbildenden Betrieb geltenden Arbeitsschutzgesetze nennen</entry></row><row><entry VJ="1" align="left" colsep="0" morerows="9" rowsep="1" valign="top">4</entry><entry VJ="1" align="left" colsep="0" morerows="9" rowsep="1" valign="top">Arbeitssicherheit und Arbeitshygiene (§ 4 Nr. 4)</entry><entry VJ="1" align="left" colsep="0" valign="top">a)</entry><entry VJ="1" align="left" colsep="0" valign="top">Auswahl und Einsatz persönlicher Schutzausrüstungen beschreiben</entry></row><row><entry VJ="1" align="left" colsep="0" valign="top">b)</entry><entry VJ="1" align="left" colsep="0" valign="top">persönliche Schutzausrüstungen handhaben</entry></row><row><entry VJ="1" align="left" colsep="0" valign="top">c)</entry><entry VJ="1" align="left" colsep="0" valign="top">Sicherheitseinrichtungen am Arbeitsplatz bedienen und ihre Wirksamkeit erhalten</entry></row><row><entry VJ="1" align="left" colsep="0" valign="top">d)</entry><entry VJ="1" align="left" colsep="0" valign="top">Einrichtungen zur Brandbekämpfung handhaben</entry></row><row><entry VJ="1" align="left" colsep="0" valign="top">e)</entry><entry VJ="1" align="left" colsep="0" valign="top">Maßnahmen zur Brandbekämpfung ergreifen</entry></row><row><entry VJ="1" align="left" colsep="0" valign="top">f)</entry><entry VJ="1" align="left" colsep="0" valign="top">Verhaltensregeln im Brandfall anwenden</entry></row><row><entry VJ="1" align="left" colsep="0" valign="top">g)</entry><entry VJ="1" align="left" colsep="0" valign="top">Explosionsgefahren beschreiben und über Maßnahmen zum Explosionsschutz Auskunft geben</entry></row><row><entry VJ="1" align="left" colsep="0" valign="top">h)</entry><entry VJ="1" align="left" colsep="0" valign="top">Gefahren beim Umgang mit und durch Einwirkung von Arbeitsstoffen beschreiben</entry></row><row><entry VJ="1" align="left" colsep="0" valign="top">i)</entry><entry VJ="1" align="left" colsep="0" valign="top">Regeln der Arbeitshygiene beachten und Maßnahmen der Arbeitshygiene ergreifen</entry></row><row rowsep="1"><entry VJ="1" align="left" colsep="0" valign="top">k)</entry><entry VJ="1" align="left" colsep="0" valign="top">Maßnahmen der Ersten Hilfe einleiten</entry></row><row><entry VJ="1" align="left" colsep="0" morerows="3" rowsep="1" valign="top">5</entry><entry VJ="1" align="left" colsep="0" morerows="3" rowsep="1" valign="top">Umweltschutz (§ 4 Nr. 5)</entry><entry VJ="1" align="left" colsep="0" valign="top">a)</entry><entry VJ="1" align="left" colsep="0" valign="top">über mögliche Umweltbelastungen und Maßnahmen zu deren Vermeidung und Verminderung Auskunft geben</entry></row><row><entry VJ="1" align="left" colsep="0" valign="top">b)</entry><entry VJ="1" align="left" colsep="0" valign="top">berufsbezogene Regelungen des Umweltschutzes nennen</entry></row><row><entry VJ="1" align="left" colsep="0" valign="top">c)</entry><entry VJ="1" align="left" colsep="0" valign="top">Maßnahmen zur Vermeidung und Verminderung von Umweltbelastungen ergreifen</entry></row><row rowsep="1"><entry VJ="1" align="left" colsep="0" valign="top">d)</entry><entry VJ="1" align="left" colsep="0" valign="top">Abfälle und Reststoffe unter Beachtung von Abfallbeseitigungsvorschriften sammeln und lagern</entry></row><row><entry VJ="1" align="left" colsep="0" morerows="5" rowsep="1" valign="top">6</entry><entry VJ="1" align="left" colsep="0" morerows="5" rowsep="1" valign="top">Einsetzen von Energieträgern und rationelle Energienutzung (§ 4 Nr. 6)</entry><entry VJ="1" align="left" colsep="0" valign="top">a)</entry><entry VJ="1" align="left" colsep="0" valign="top">die im Ausbildungsbetrieb verwendeten Energiearten nennen und Möglichkeiten rationeller Energieverwendung im beruflichen Einwirkungs- und Beobachtungsbereich anführen</entry></row><row><entry VJ="1" align="left" colsep="0" valign="top">b)</entry><entry VJ="1" align="left" colsep="0" valign="top">Einsatz und Wirkungsweise der Energieträger und der jeweiligen Geräte beschreiben</entry></row><row><entry VJ="1" align="left" colsep="0" valign="top">c)</entry><entry VJ="1" align="left" colsep="0" valign="top">Methoden des Wärmetausches unterscheiden</entry></row><row><entry VJ="1" align="left" colsep="0" valign="top">d)</entry><entry VJ="1" align="left" colsep="0" valign="top">mit Energieträgern heizen, kühlen, temperieren und die entsprechenden Geräte bedienen; Energien ökonomisch einsetzen</entry></row><row><entry VJ="1" align="left" colsep="0" valign="top">e)</entry><entry VJ="1" align="left" colsep="0" valign="top">Gleichungen der mechanischen, thermischen und elektrischen Energie unter Verwendung der SI-Einheiten und SI-Größen anwenden</entry></row><row rowsep="1"><entry VJ="1" align="left" colsep="0" valign="top">f)</entry><entry VJ="1" align="left" colsep="0" valign="top">Gefahren im Umgang mit Energieträgern beschreiben</entry></row><row rowsep="1"><entry VJ="1" align="left" colsep="0" valign="top">7</entry><entry VJ="1" align="left" colsep="0" valign="top">Einsetzen, Pflegen und Instandhalten von Arbeitsgeräten (§ 4 Nr. 7)</entry><entry VJ="1" align="left" colsep="1" nameend="col4" namest="col3" valign="top"> </entry><entry VJ="1" align="left" colsep="0" nameend="col8" namest="col5" valign="top"> </entry></row><row><entry VJ="1" align="left" colsep="0" morerows="2" rowsep="1" valign="top">7.1</entry><entry VJ="1" align="left" colsep="0" morerows="2" rowsep="1" valign="top">stationäre Einrichtungen (§ 4 Nr. 7 Buchstabe a)</entry><entry VJ="1" align="left" colsep="0" valign="top">a)</entry><entry VJ="1" align="left" colsep="0" valign="top">die Notwendigkeit von Be- und Entlüftungseinrichtungen beschreiben</entry><entry VJ="1" align="center" colsep="0" morerows="2" rowsep="1" valign="middle">2</entry><entry VJ="1" align="left" colsep="0" morerows="2" rowsep="1" valign="top"> </entry><entry VJ="1" align="left" colsep="0" morerows="2" rowsep="1" valign="top"> </entry><entry VJ="1" align="left" colsep="0" morerows="2" rowsep="1" valign="top"> </entry></row><row><entry VJ="1" align="left" colsep="0" valign="top">b)</entry><entry VJ="1" align="left" colsep="0" valign="top">Belüftungs-, Entlüftungs- und Absperreinrichtungen bedienen und pflegen</entry></row><row rowsep="1"><entry VJ="1" align="left" colsep="0" valign="top">c)</entry><entry VJ="1" align="left" colsep="0" valign="top">die Kennzeichnung von Rohrleitungen nennen</entry></row><row><entry VJ="1" align="left" colsep="0" morerows="4" rowsep="1" valign="top">7.2</entry><entry VJ="1" align="left" colsep="0" morerows="4" rowsep="1" valign="top">Laborgeräte (§ 4 Nr. 7 Buchstabe b)</entry><entry VJ="1" align="left" colsep="0" valign="top">a)</entry><entry VJ="1" align="left" colsep="0" valign="top">über mechanische und thermische Eigenschaften von Laborgeräte-Werkstoffen sowie über ihr Verhalten gegenüber Chemikalien Auskunft geben</entry><entry VJ="1" align="center" colsep="0" morerows="4" rowsep="1" valign="middle">4</entry><entry VJ="1" align="left" colsep="0" morerows="4" rowsep="1" valign="top"> </entry><entry VJ="1" align="left" colsep="0" morerows="4" rowsep="1" valign="top"> </entry><entry VJ="1" align="left" colsep="0" morerows="4" rowsep="1" valign="top"> </entry></row><row><entry VJ="1" align="left" colsep="0" valign="top">b)</entry><entry VJ="1" align="left" colsep="0" valign="top">Laborgeräte aus Glas, Porzellan, Metall, Holz, Gummi und Kunststoff zum Aufbewahren, Lagern, Trennen, Vereinigen und Reinigen von Arbeitsstoffen einsetzen</entry></row><row><entry VJ="1" align="left" colsep="0" valign="top">c)</entry><entry VJ="1" align="left" colsep="0" valign="top">Maßnahmen zum Schutz vor Korrosion und Verschleiß ergreifen</entry></row><row><entry VJ="1" align="left" colsep="0" valign="top">d)</entry><entry VJ="1" align="left" colsep="0" valign="top">Arbeitsgeräte reinigen</entry></row><row rowsep="1"><entry VJ="1" align="left" colsep="0" valign="top">e)</entry><entry VJ="1" align="left" colsep="0" valign="top">Lupe und Mikroskop einsetzen und pflegen</entry></row><row><entry VJ="1" align="left" colsep="0" morerows="5" rowsep="1" valign="top">8</entry><entry VJ="1" align="left" colsep="0" morerows="5" rowsep="1" valign="top">Bearbeiten von Werkstoffen und Herstellen von Schlauch- und Rohrverbindungen (§ 4 Nr. 8)</entry><entry VJ="1" align="left" colsep="0" valign="top">a)</entry><entry VJ="1" align="left" colsep="0" valign="top">über Bearbeitungsverfahren von Werkstoffen Auskunft geben</entry><entry VJ="1" align="center" colsep="0" morerows="5" rowsep="1" valign="middle">8</entry><entry VJ="1" align="left" colsep="0" morerows="5" rowsep="1" valign="top"> </entry><entry VJ="1" align="left" colsep="0" morerows="5" rowsep="1" valign="top"> </entry><entry VJ="1" align="left" colsep="0" morerows="5" rowsep="1" valign="top"> </entry></row><row><entry VJ="1" align="left" colsep="0" valign="top">b)</entry><entry VJ="1" align="left" colsep="0" valign="top">die Werkstoffe Glas, Gummi und Kunststoff bearbeiten</entry></row><row><entry VJ="1" align="left" colsep="0" valign="top">c)</entry><entry VJ="1" align="left" colsep="0" valign="top">Flächen und Volumina berechnen</entry></row><row><entry VJ="1" align="left" colsep="0" valign="top">d)</entry><entry VJ="1" align="left" colsep="0" valign="top">Schlauch- und Rohrverbindungen Einsatzgebieten zuordnen</entry></row><row><entry VJ="1" align="left" colsep="0" valign="top">e)</entry><entry VJ="1" align="left" colsep="0" valign="top">aus den Werkstoffen Glas, Gummi und Kunststoff Verbindungen herstellen, abdichten und lösen</entry></row><row rowsep="1"><entry VJ="1" align="left" colsep="0" valign="top">f)</entry><entry VJ="1" align="left" colsep="0" valign="top">metallische und nichtmetallische Werkstoffe nach einfachen technischen Zeichnungen manuell und maschinell bearbeiten, insbesondere formen, biegen, trennen, feilen, bohren und gewindeschneiden</entry></row><row><entry VJ="1" align="left" colsep="0" morerows="15" rowsep="1" valign="top">9</entry><entry VJ="1" align="left" colsep="0" morerows="15" rowsep="1" valign="top">Umgehen mit Arbeitsstoffen (§ 4 Nr. 9)</entry><entry VJ="1" align="left" colsep="0" valign="top">a)</entry><entry VJ="1" align="left" colsep="0" valign="top">den Aufbau der Stoffe aus Atomen und Molekülen beschreiben</entry><entry VJ="1" align="center" colsep="0" morerows="15" rowsep="1" valign="middle">8</entry><entry VJ="1" align="left" colsep="0" morerows="15" rowsep="1" valign="top"> </entry><entry VJ="1" align="left" colsep="0" morerows="15" rowsep="1" valign="top"> </entry><entry VJ="1" align="left" colsep="0" morerows="15" rowsep="1" valign="top"> </entry></row><row><entry VJ="1" align="left" colsep="0" valign="top">b)</entry><entry VJ="1" align="left" colsep="0" valign="top">den Aufbau des Periodensystems aus Haupt- und Nebengruppen beschreiben</entry></row><row><entry VJ="1" align="left" colsep="0" valign="top">c)</entry><entry VJ="1" align="left" colsep="0" valign="top">Oxidation und Reduktion unterscheiden</entry></row><row><entry VJ="1" align="left" colsep="0" valign="top">d)</entry><entry VJ="1" align="left" colsep="0" valign="top">Aggregatzustände, ihre Zustandsänderungen und die dabei stattfindenden Änderungen des Energieinhalts beschreiben</entry></row><row><entry VJ="1" align="left" colsep="0" valign="top">e)</entry><entry VJ="1" align="left" colsep="0" valign="top">Stoffportionen definieren und die Zusammensetzung von Mischphasen berechnen</entry></row><row><entry VJ="1" align="left" colsep="0" valign="top">f)</entry><entry VJ="1" align="left" colsep="0" valign="top">Reaktionsgleichungen aufstellen</entry></row><row><entry VJ="1" align="left" colsep="0" valign="top">g)</entry><entry VJ="1" align="left" colsep="0" valign="top">über Gefahrensymbole und die Bezeichnung von Arbeitsstoffen Auskunft geben</entry></row><row><entry VJ="1" align="left" colsep="0" valign="top">h)</entry><entry VJ="1" align="left" colsep="0" valign="top">Arbeitsstoffe kennzeichnen</entry></row><row><entry VJ="1" align="left" colsep="0" valign="top">i)</entry><entry VJ="1" align="left" colsep="0" valign="top">Arbeitsstoffe rationell einsetzen</entry></row><row><entry VJ="1" align="left" colsep="0" valign="top">k)</entry><entry VJ="1" align="left" colsep="0" valign="top">mit Säuren, Hydroxiden und Salzen sowie deren Lösungen umgehen</entry></row><row><entry VJ="1" align="left" colsep="0" valign="top">l)</entry><entry VJ="1" align="left" colsep="0" valign="top">die Umsetzung konzentrierter und verdünnter Säuren und Laugen mit Metallen durch Reaktionsgleichungen darstellen</entry></row><row><entry VJ="1" align="left" colsep="0" valign="top">m)</entry><entry VJ="1" align="left" colsep="0" valign="top">mit organischen Lösemitteln umgehen</entry></row><row><entry VJ="1" align="left" colsep="0" valign="top">n)</entry><entry VJ="1" align="left" colsep="0" valign="top">Aufbau und Einsatz von Reduzierventilen beschreiben</entry></row><row><entry VJ="1" align="left" colsep="0" valign="top">o)</entry><entry VJ="1" align="left" colsep="0" valign="top">Gase entnehmen und Reduzierventile handhaben</entry></row><row><entry VJ="1" align="left" colsep="0" valign="top">p)</entry><entry VJ="1" align="left" colsep="0" valign="top">den Einfluß von Druck und Temperatur auf das Volumen von Gasen beschreiben</entry></row><row rowsep="1"><entry VJ="1" align="left" colsep="0" valign="top">q)</entry><entry VJ="1" align="left" colsep="0" valign="top">Gase nachweisen und bestimmen</entry></row><row rowsep="1"><entry VJ="1" align="left" colsep="0" valign="top">10</entry><entry VJ="1" align="left" colsep="0" valign="top">Vereinigen, Trennen und Reinigen von Arbeitsstoffen (§ 4 Nr. 10)</entry><entry VJ="1" align="left" colsep="1" nameend="col4" namest="col3" valign="top"> </entry><entry VJ="1" align="left" colsep="0" nameend="col8" namest="col5" valign="top"> </entry></row><row><entry VJ="1" align="left" colsep="0" morerows="5" rowsep="1" valign="top">10.1</entry><entry VJ="1" align="left" colsep="0" morerows="5" rowsep="1" valign="top">physikalische Methoden (§ 4 Nr. 10 Buchstabe a)</entry><entry VJ="1" align="left" colsep="0" valign="top">a)</entry><entry VJ="1" align="left" colsep="0" valign="top">physikalische Methoden der Stofftrennung, -Vereinigung und -reinigung nennen</entry><entry VJ="1" align="center" colsep="0" morerows="5" rowsep="1" valign="middle">7</entry><entry VJ="1" align="left" colsep="0" morerows="5" rowsep="1" valign="top"> </entry><entry VJ="1" align="left" colsep="0" morerows="5" rowsep="1" valign="top"> </entry><entry VJ="1" align="left" colsep="0" morerows="5" rowsep="1" valign="top"> </entry></row><row><entry VJ="1" align="left" colsep="0" valign="top">b)</entry><entry VJ="1" align="left" colsep="0" valign="top">Flüssigkeiten und Feststoffe vereinigen</entry></row><row><entry VJ="1" align="left" colsep="0" valign="top">c)</entry><entry VJ="1" align="left" colsep="0" valign="top">Feststoffe zerkleinern und sieben</entry></row><row><entry VJ="1" align="left" colsep="0" valign="top">d)</entry><entry VJ="1" align="left" colsep="0" valign="top">Feststoffe von Flüssigkeiten durch Sedimentieren, Dekantieren, Filtrieren und Eindampfen trennen</entry></row><row><entry VJ="1" align="left" colsep="0" valign="top">e)</entry><entry VJ="1" align="left" colsep="0" valign="top">Feststoffe durch Umkristallisieren und Flüssigkeiten durch Destillieren reinigen</entry></row><row rowsep="1"><entry VJ="1" align="left" colsep="0" valign="top">f)</entry><entry VJ="1" align="left" colsep="0" valign="top">Feststoffe und organische Lösemittel trocknen</entry></row><row><entry VJ="1" align="left" colsep="0" morerows="3" rowsep="1" valign="top">10.2</entry><entry VJ="1" align="left" colsep="0" morerows="3" rowsep="1" valign="top">chemische Methoden (§ 4 Nr. 10 Buchstabe b)</entry><entry VJ="1" align="left" colsep="0" valign="top">a)</entry><entry VJ="1" align="left" colsep="0" valign="top">chemische Methoden der Stofftrennung, -Vereinigung und -reinigung nennen</entry><entry VJ="1" align="center" colsep="0" morerows="3" rowsep="1" valign="middle">5</entry><entry VJ="1" align="left" colsep="0" morerows="3" rowsep="1" valign="top"> </entry><entry VJ="1" align="left" colsep="0" morerows="3" rowsep="1" valign="top"> </entry><entry VJ="1" align="left" colsep="0" morerows="3" rowsep="1" valign="top"> </entry></row><row><entry VJ="1" align="left" colsep="0" valign="top">b)</entry><entry VJ="1" align="left" colsep="0" valign="top">qualitative Einzelnachweise von Kationen und Anionen durchführen sowie Reaktionen durch Gleichungen darstellen</entry></row><row><entry VJ="1" align="left" colsep="0" valign="top">c)</entry><entry VJ="1" align="left" colsep="0" valign="top">gravimetrische und volumetrische Bestimmungen durchführen sowie Reaktionen durch Gleichungen darstellen</entry></row><row rowsep="1"><entry VJ="1" align="left" colsep="0" valign="top">d)</entry><entry VJ="1" align="left" colsep="0" valign="top">Massenanteil, Massenkonzentration und Stoffmengenkonzentration berechnen</entry></row><row rowsep="1"><entry VJ="1" align="left" colsep="0" valign="top">11</entry><entry VJ="1" align="left" colsep="0" valign="top">Messen physikalischer Größen, Bestimmen von Stoffkonstanten und elektrotechnische Arbeiten (§ 4 Nr. 11)</entry><entry VJ="1" align="left" colsep="1" nameend="col4" namest="col3" valign="top"> </entry><entry VJ="1" align="left" colsep="0" nameend="col8" namest="col5" valign="top"> </entry></row><row><entry VJ="1" align="left" colsep="0" morerows="6" rowsep="1" valign="top">11.1</entry><entry VJ="1" align="left" colsep="0" morerows="6" rowsep="1" valign="top">physikalische Größen (§ 4 Nr. 11 Buchstabe a)</entry><entry VJ="1" align="left" colsep="0" valign="top">a)</entry><entry VJ="1" align="left" colsep="0" valign="top">Meßgeräte und -einrichtungen beschreiben und Einsatzbereichen zuordnen</entry><entry VJ="1" align="center" colsep="0" morerows="6" rowsep="1" valign="middle">3</entry><entry VJ="1" align="left" colsep="0" morerows="6" rowsep="1" valign="top"> </entry><entry VJ="1" align="left" colsep="0" morerows="6" rowsep="1" valign="top"> </entry><entry VJ="1" align="left" colsep="0" morerows="6" rowsep="1" valign="top"> </entry></row><row><entry VJ="1" align="left" colsep="0" valign="top">b)</entry><entry VJ="1" align="left" colsep="0" valign="top">Länge, Volumen und Masse bestimmen</entry></row><row><entry VJ="1" align="left" colsep="0" valign="top">c)</entry><entry VJ="1" align="left" colsep="0" valign="top">Aufbau und Funktionsweise von Druckmeßgeräten beschreiben</entry></row><row><entry VJ="1" align="left" colsep="0" valign="top">d)</entry><entry VJ="1" align="left" colsep="0" valign="top">den Druck von Luft und Gasen bestimmen</entry></row><row><entry VJ="1" align="left" colsep="0" valign="top">e)</entry><entry VJ="1" align="left" colsep="0" valign="top">Aufbau, Funktionsweise und Einsatzbereiche von Temperaturmeßgeräten beschreiben</entry></row><row><entry VJ="1" align="left" colsep="0" valign="top">f)</entry><entry VJ="1" align="left" colsep="0" valign="top">die Temperatur von festen, flüssigen und gasförmigen Stoffen messen</entry></row><row rowsep="1"><entry VJ="1" align="left" colsep="0" valign="top">g)</entry><entry VJ="1" align="left" colsep="0" valign="top">den pH-Wert bestimmen</entry></row><row><entry VJ="1" align="left" colsep="0" morerows="4" rowsep="1" valign="top">11.2</entry><entry VJ="1" align="left" colsep="0" morerows="4" rowsep="1" valign="top">Stoff-Konstanten (§ 4 Nr. 11 Buchstabe b)</entry><entry VJ="1" align="left" colsep="0" valign="top">a)</entry><entry VJ="1" align="left" colsep="0" valign="top">die Bestimmung der Dichte von Feststoffen und Flüssigkeiten beschreiben</entry><entry VJ="1" align="center" colsep="0" morerows="4" rowsep="1" valign="middle">4</entry><entry VJ="1" align="left" colsep="0" morerows="4" rowsep="1" valign="top"> </entry><entry VJ="1" align="left" colsep="0" morerows="4" rowsep="1" valign="top"> </entry><entry VJ="1" align="left" colsep="0" morerows="4" rowsep="1" valign="top"> </entry></row><row><entry VJ="1" align="left" colsep="0" valign="top">b)</entry><entry VJ="1" align="left" colsep="0" valign="top">die Dichte von Feststoffen und Flüssigkeiten bestimmen</entry></row><row><entry VJ="1" align="left" colsep="0" valign="top">c)</entry><entry VJ="1" align="left" colsep="0" valign="top">Apparaturen zur Bestimmung von Schmelz- und Siedepunkt beschreiben</entry></row><row><entry VJ="1" align="left" colsep="0" valign="top">d)</entry><entry VJ="1" align="left" colsep="0" valign="top">Schmelz- und Siedepunkte bestimmen</entry></row><row rowsep="1"><entry VJ="1" align="left" colsep="0" valign="top">e)</entry><entry VJ="1" align="left" colsep="0" valign="top">die Bedeutung von Stoffkonstanten beschreiben</entry></row><row><entry VJ="1" align="left" colsep="0" morerows="4" rowsep="1" valign="top">11.3</entry><entry VJ="1" align="left" colsep="0" morerows="4" rowsep="1" valign="top">elektrotechnische Arbeiten (§ 4 Nr. 11 Buchstabe c)</entry><entry VJ="1" align="left" colsep="0" valign="top">a)</entry><entry VJ="1" align="left" colsep="0" valign="top">elektrische Einheiten nennen und den Zusammenhang zwischen elektrischen Größen beschreiben</entry><entry VJ="1" align="center" colsep="0" morerows="4" rowsep="1" valign="middle">5</entry><entry VJ="1" align="left" colsep="0" morerows="4" rowsep="1" valign="top"> </entry><entry VJ="1" align="left" colsep="0" morerows="4" rowsep="1" valign="top"> </entry><entry VJ="1" align="left" colsep="0" morerows="4" rowsep="1" valign="top"> </entry></row><row><entry VJ="1" align="left" colsep="0" valign="top">b)</entry><entry VJ="1" align="left" colsep="0" valign="top">Spannung, Widerstand und Stromstärke messen</entry></row><row><entry VJ="1" align="left" colsep="0" valign="top">c)</entry><entry VJ="1" align="left" colsep="0" valign="top">Widerstände mit der Wheatstoneschen Brücke bestimmen</entry></row><row><entry VJ="1" align="left" colsep="0" valign="top">d)</entry><entry VJ="1" align="left" colsep="0" valign="top">einfache elektrische Schaltpläne lesen und erstellen</entry></row><row rowsep="1"><entry VJ="1" align="left" colsep="0" valign="top">e)</entry><entry VJ="1" align="left" colsep="0" valign="top">Schaltungen anfertigen und Geräte montieren</entry></row><row><entry VJ="1" align="left" colsep="0" morerows="9" rowsep="1" valign="top">12</entry><entry VJ="1" align="left" colsep="0" morerows="9" rowsep="1" valign="top">Anwenden mikrobiologischer Arbeitstechniken (§ 4 Nr. 12)</entry><entry VJ="1" align="left" colsep="0" valign="top">a)</entry><entry VJ="1" align="left" colsep="0" valign="top">über Stoffwechsel, Reizbarkeit, Fortpflanzung, Wachstum und Bewegung als Kennzeichen des Lebens Auskunft geben</entry><entry VJ="1" align="center" colsep="0" morerows="9" rowsep="1" valign="middle">3</entry><entry VJ="1" align="left" colsep="0" morerows="9" rowsep="1" valign="top"> </entry><entry VJ="1" align="left" colsep="0" morerows="9" rowsep="1" valign="top"> </entry><entry VJ="1" align="left" colsep="0" morerows="9" rowsep="1" valign="top"> </entry></row><row><entry VJ="1" align="left" colsep="0" valign="top">b)</entry><entry VJ="1" align="left" colsep="0" valign="top">den grundlegenden Zellaufbau beschreiben</entry></row><row><entry VJ="1" align="left" colsep="0" valign="top">c)</entry><entry VJ="1" align="left" colsep="0" valign="top">über Bakterien und Pilze und deren Bedeutung in der Natur zum Stoffabbau, in der Biotechnik, bei der Herstellung von Nahrungs- und Arzneimitteln, im Umweltschutz sowie als Krankheitserreger Auskunft geben</entry></row><row><entry VJ="1" align="left" colsep="0" valign="top">d)</entry><entry VJ="1" align="left" colsep="0" valign="top">Keime in der Umwelt anhand von Luft- und Wasserproben sowie von Fingerabdrücken nachweisen</entry></row><row><entry VJ="1" align="left" colsep="0" valign="top">e)</entry><entry VJ="1" align="left" colsep="0" valign="top">Anzahl, Form und Farbe von Kolonien auf Fangplatten bestimmen</entry></row><row><entry VJ="1" align="left" colsep="0" valign="top">f)</entry><entry VJ="1" align="left" colsep="0" valign="top">zur Anwendung kommende Impftechniken beim Nachweis von Keimen unterscheiden</entry></row><row><entry VJ="1" align="left" colsep="0" valign="top">g)</entry><entry VJ="1" align="left" colsep="0" valign="top">über Wachstumsbedingungen von Keimen Auskunft geben</entry></row><row><entry VJ="1" align="left" colsep="0" valign="top">h)</entry><entry VJ="1" align="left" colsep="0" valign="top">Sterilisation und Desinfektion unterscheiden</entry></row><row><entry VJ="1" align="left" colsep="0" valign="top">i)</entry><entry VJ="1" align="left" colsep="0" valign="top">die Wirkung von Sterilisations- und Desinfektionsmethoden nachweisen</entry></row><row rowsep="1"><entry VJ="1" align="left" colsep="0" valign="top">k)</entry><entry VJ="1" align="left" colsep="0" valign="top">eine Gärung durchführen und ein Gärungsprodukt nachweisen</entry></row><row><entry VJ="1" align="left" colsep="0" morerows="2" valign="top">13</entry><entry VJ="1" align="left" colsep="0" morerows="2" valign="top">Dokumentieren von Arbeitsabläufen und -ergebnissen (§ 4 Nr. 13)</entry><entry VJ="1" align="left" colsep="0" valign="top">a)</entry><entry VJ="1" align="left" colsep="0" valign="top">Dokumentationsarten unterscheiden und den Dokumentationswert beschreiben</entry><entry VJ="1" align="center" colsep="0" morerows="2" valign="middle">3</entry><entry VJ="1" align="left" colsep="0" morerows="2" valign="top"> </entry><entry VJ="1" align="left" colsep="0" morerows="2" valign="top"> </entry><entry VJ="1" align="left" colsep="0" morerows="2" valign="top"> </entry></row><row><entry VJ="1" align="left" colsep="0" valign="top">b)</entry><entry VJ="1" align="left" colsep="0" valign="top">Arbeitsabläufe und –ergebnisse protokollieren</entry></row><row><entry VJ="1" align="left" colsep="0" valign="top">c)</entry><entry VJ="1" align="left" colsep="0" valign="top">Hilfsmittel zur Dokumentation einsetzen</entry></row></tbody></tgroup></table></P><P><table frame="topbot" tocentry="%yes;"><Title Align="auto">II. Berufliche Fachbildung</Title><tgroup align="left" char="" charoff="50" cols="8" rowsep="0"><colspec colname="col1" colnum="1" colsep="1" colwidth="10*"/><colspec colname="col2" colnum="2" colsep="1" colwidth="25*"/><colspec colname="col3" colnum="3" colsep="0" colwidth="5*"/><colspec colname="col4" colnum="4" colsep="1" colwidth="40*"/><colspec colname="col5" colnum="5" colsep="1" colwidth="10*"/><colspec colname="col6" colnum="6" colsep="1" colwidth="10*"/><colspec colname="col7" colnum="7" colsep="1" colwidth="10*"/><colspec colname="col8" colnum="8" colsep="0" colwidth="10*"/><tbody valign="top"><row rowsep="1"><entry VJ="1" align="left" colsep="0" valign="top">1</entry><entry VJ="1" align="left" colsep="0" valign="top">mechanische Arbeiten (§ 4 Nr. 14)</entry><entry VJ="1" align="left" colsep="1" nameend="col4" namest="col3" valign="top"> </entry><entry VJ="1" align="left" colsep="0" nameend="col8" namest="col5" valign="top"> </entry></row><row><entry VJ="1" align="left" colsep="0" morerows="6" rowsep="1" valign="top">1.1</entry><entry VJ="1" align="left" colsep="0" morerows="6" rowsep="1" valign="top">Mechanik von Festkörpern, Flüssigkeiten und Gasen (§ 4 Nr. 14 Buchstabe a)</entry><entry VJ="1" align="left" colsep="0" valign="top">a)</entry><entry VJ="1" align="left" colsep="0" valign="top">die Mechanik von Festkörpern, Flüssigkeiten und Gasen charakterisieren</entry><entry VJ="1" align="left" colsep="0" morerows="2" rowsep="1" valign="top"> </entry><entry VJ="1" align="center" colsep="0" morerows="2" rowsep="1" valign="middle">3</entry><entry VJ="1" align="left" colsep="0" morerows="2" rowsep="1" valign="top"> </entry><entry VJ="1" align="left" colsep="0" morerows="2" rowsep="1" valign="top"> </entry></row><row><entry VJ="1" align="left" colsep="0" valign="top">b)</entry><entry VJ="1" align="left" colsep="0" valign="top">Kräfte bestimmen und berechnen</entry></row><row rowsep="1"><entry VJ="1" align="left" colsep="0" valign="top">c)</entry><entry VJ="1" align="left" colsep="0" valign="top">elastische Größen bestimmen</entry></row><row><entry VJ="1" align="left" colsep="0" valign="top">d)</entry><entry VJ="1" align="left" colsep="0" valign="top">die Oberflächenspannung messen und Berechnungen durchführen</entry><entry VJ="1" align="left" colsep="0" morerows="3" rowsep="1" valign="top"> </entry><entry VJ="1" align="center" colsep="0" morerows="3" rowsep="1" valign="middle">4</entry><entry VJ="1" align="center" colsep="0" morerows="3" rowsep="1" valign="middle">2</entry><entry VJ="1" align="left" colsep="0" morerows="3" rowsep="1" valign="top"> </entry></row><row><entry VJ="1" align="left" colsep="0" valign="top">e)</entry><entry VJ="1" align="left" colsep="0" valign="top">die Viskosität nach verschiedenen Methoden bestimmen und berechnen</entry></row><row><entry VJ="1" align="left" colsep="0" valign="top">f)</entry><entry VJ="1" align="left" colsep="0" valign="top">Gesetzmäßigkeiten bei strömenden Flüssigkeiten und Gasen überprüfen und Berechnungen durchführen</entry></row><row rowsep="1"><entry VJ="1" align="left" colsep="0" valign="top">g)</entry><entry VJ="1" align="left" colsep="0" valign="top">Vakuumapparaturen beschreiben und handhaben</entry></row><row><entry VJ="1" align="left" colsep="0" morerows="1" rowsep="1" valign="top">1.2</entry><entry VJ="1" align="left" colsep="0" morerows="1" rowsep="1" valign="top">schwingende Systeme einschließlich Akustik (§ 4 Nr. 14 Buchstabe b)</entry><entry VJ="1" align="left" colsep="0" valign="top">a)</entry><entry VJ="1" align="left" colsep="0" valign="top">Messungen an schwingenden Systemen durchführen</entry><entry VJ="1" align="left" colsep="0" morerows="1" rowsep="1" valign="top"> </entry><entry VJ="1" align="center" colsep="0" morerows="1" rowsep="1" valign="middle">2</entry><entry VJ="1" align="center" colsep="0" morerows="1" rowsep="1" valign="middle">2</entry><entry VJ="1" align="left" colsep="0" morerows="1" rowsep="1" valign="top"> </entry></row><row rowsep="1"><entry VJ="1" align="left" colsep="0" valign="top">b)</entry><entry VJ="1" align="left" colsep="0" valign="top">Meßgrößen und -methoden unterscheiden und einfache akustische Messungen durchführen</entry></row><row><entry VJ="1" align="left" colsep="0" morerows="5" rowsep="1" valign="top">2</entry><entry VJ="1" align="left" colsep="0" morerows="5" rowsep="1" valign="top">wärmetechnische Arbeiten (§ 4 Nr. 15)</entry><entry VJ="1" align="left" colsep="0" valign="top">a)</entry><entry VJ="1" align="left" colsep="0" valign="top">Messungen und Berechnungen zur Wärmeausdehnung durchführen</entry><entry VJ="1" align="left" colsep="0" morerows="1" rowsep="1" valign="top"> </entry><entry VJ="1" align="center" colsep="0" morerows="1" rowsep="1" valign="middle">7</entry><entry VJ="1" align="left" colsep="0" morerows="1" rowsep="1" valign="top"> </entry><entry VJ="1" align="left" colsep="0" morerows="1" rowsep="1" valign="top"> </entry></row><row rowsep="1"><entry VJ="1" align="left" colsep="0" valign="top">b)</entry><entry VJ="1" align="left" colsep="0" valign="top">Wärmekapazität, spezifische Wärmekapazität, Umwandlungswärmen bei Phasenumwandlungen kalorimetrisch bestimmen und Berechnungen durchführen</entry></row><row><entry VJ="1" align="left" colsep="0" valign="top">c)</entry><entry VJ="1" align="left" colsep="0" valign="top">Wirkungsgrade bei Energieumwandlungen bestimmen</entry><entry VJ="1" align="left" colsep="0" morerows="3" rowsep="1" valign="top"> </entry><entry VJ="1" align="center" colsep="0" morerows="3" rowsep="1" valign="middle">2</entry><entry VJ="1" align="center" colsep="0" morerows="3" rowsep="1" valign="middle">4</entry><entry VJ="1" align="left" colsep="0" morerows="3" rowsep="1" valign="top"> </entry></row><row><entry VJ="1" align="left" colsep="0" valign="top">d)</entry><entry VJ="1" align="left" colsep="0" valign="top">Luftfeuchte messen und berechnen</entry></row><row><entry VJ="1" align="left" colsep="0" valign="top">e)</entry><entry VJ="1" align="left" colsep="0" valign="top">Gesetzmäßigkeiten zum Wärmeübergang und zur Wärmeisolierung sowie zur Wärmeleitung und Wärmestrahlung erklären</entry></row><row rowsep="1"><entry VJ="1" align="left" colsep="0" valign="top">f)</entry><entry VJ="1" align="left" colsep="0" valign="top">die relative molare Masse bestimmen und Berechnungen durchführen</entry></row><row><entry VJ="1" align="left" colsep="0" morerows="6" rowsep="1" valign="top">3</entry><entry VJ="1" align="left" colsep="0" morerows="6" rowsep="1" valign="top">optische Arbeiten (§ 4 Nr. 16)</entry><entry VJ="1" align="left" colsep="0" valign="top">a)</entry><entry VJ="1" align="left" colsep="0" valign="top">fotometrische Größen und ihre Einheiten zuordnen sowie Beleuchtungsstärke messen und berechnen</entry><entry VJ="1" align="left" colsep="0" morerows="6" rowsep="1" valign="top"> </entry><entry VJ="1" align="center" colsep="0" morerows="6" rowsep="1" valign="middle">5</entry><entry VJ="1" align="center" colsep="0" morerows="6" rowsep="1" valign="middle">4</entry><entry VJ="1" align="center" colsep="0" morerows="6" rowsep="1" valign="middle">3</entry></row><row><entry VJ="1" align="left" colsep="0" valign="top">b)</entry><entry VJ="1" align="left" colsep="0" valign="top">Anwendung optischer Verfahren in der Meßtechnik zuordnen</entry></row><row><entry VJ="1" align="left" colsep="0" valign="top">c)</entry><entry VJ="1" align="left" colsep="0" valign="top">Messungen zur geometrischen Optik durchführen</entry></row><row><entry VJ="1" align="left" colsep="0" valign="top">d)</entry><entry VJ="1" align="left" colsep="0" valign="top">über Untersuchungsverfahren in der Farbmetrik Auskunft geben</entry></row><row><entry VJ="1" align="left" colsep="0" valign="top">e)</entry><entry VJ="1" align="left" colsep="0" valign="top">Versuche zur Beugung und Interferenz durchführen</entry></row><row><entry VJ="1" align="left" colsep="0" valign="top">f)</entry><entry VJ="1" align="left" colsep="0" valign="top">Bestimmungen und Messungen mit dem Mikroskop durchführen</entry></row><row rowsep="1"><entry VJ="1" align="left" colsep="0" valign="top">g)</entry><entry VJ="1" align="left" colsep="0" valign="top">fotografische und elektronische Abbildungen herstellen und bearbeiten</entry></row><row><entry VJ="1" align="left" colsep="0" morerows="4" rowsep="1" valign="top">4</entry><entry VJ="1" align="left" colsep="0" morerows="4" rowsep="1" valign="top">elektrotechnische und elektronische Arbeiten (§ 4 Nr. 17)</entry><entry VJ="1" align="left" colsep="0" valign="top">a)</entry><entry VJ="1" align="left" colsep="0" valign="top">elektrische und elektronische Schaltpläne und die dazu notwendigen Schaltzeichen lesen</entry><entry VJ="1" align="left" colsep="0" morerows="1" rowsep="1" valign="top"> </entry><entry VJ="1" align="center" colsep="0" morerows="1" rowsep="1" valign="middle">7</entry><entry VJ="1" align="left" colsep="0" morerows="1" rowsep="1" valign="top"> </entry><entry VJ="1" align="left" colsep="0" morerows="1" rowsep="1" valign="top"> </entry></row><row rowsep="1"><entry VJ="1" align="left" colsep="0" valign="top">b)</entry><entry VJ="1" align="left" colsep="0" valign="top">elektrotechnische und elektronische Bauteile und Grundschaltungen anwenden und Berechnungen durchführen</entry></row><row><entry VJ="1" align="left" colsep="0" valign="top">c)</entry><entry VJ="1" align="left" colsep="0" valign="top">elektrotechnische Grundlagen von Meß- und Untersuchungsverfahren beschreiben sowie elektrotechnische Größen bestimmen und berechnen</entry><entry VJ="1" align="left" colsep="0" morerows="2" rowsep="1" valign="top"> </entry><entry VJ="1" align="left" colsep="0" morerows="2" rowsep="1" valign="top"> </entry><entry VJ="1" align="center" colsep="0" morerows="2" rowsep="1" valign="middle">9</entry><entry VJ="1" align="center" colsep="0" morerows="2" rowsep="1" valign="middle">5</entry></row><row><entry VJ="1" align="left" colsep="0" valign="top">d)</entry><entry VJ="1" align="left" colsep="0" valign="top">elektrische Parameter im Wechselstromkreis bestimmen und Berechnungen durchführen</entry></row><row rowsep="1"><entry VJ="1" align="left" colsep="0" valign="top">e)</entry><entry VJ="1" align="left" colsep="0" valign="top">Frequenzverhalten von RC-Gliedern bestimmen und Berechnungen durchführen</entry></row><row><entry VJ="1" align="left" colsep="0" morerows="2" rowsep="1" valign="top">5</entry><entry VJ="1" align="left" colsep="0" morerows="2" rowsep="1" valign="top">Röntgen- und Kernstrahlungsmeßtechnik (§ 4 Nr. 18)</entry><entry VJ="1" align="left" colsep="0" valign="top">a)</entry><entry VJ="1" align="left" colsep="0" valign="top">Entstehung, Eigenschaften und Nachweis von Röntgen- und Kernstrahlung sowie Methoden der Messung beschreiben</entry><entry VJ="1" align="left" colsep="0" morerows="2" rowsep="1" valign="top"> </entry><entry VJ="1" align="left" colsep="0" morerows="2" rowsep="1" valign="top"> </entry><entry VJ="1" align="center" colsep="0" morerows="2" rowsep="1" valign="middle">1</entry><entry VJ="1" align="center" colsep="0" morerows="2" rowsep="1" valign="middle">2</entry></row><row><entry VJ="1" align="left" colsep="0" valign="top">b)</entry><entry VJ="1" align="left" colsep="0" valign="top">Sicherheitsmaßnahmen zum Strahlenschutz beschreiben und anwenden</entry></row><row rowsep="1"><entry VJ="1" align="left" colsep="0" valign="top">c)</entry><entry VJ="1" align="left" colsep="0" valign="top">Kernstrahlungsmessungen und -berechnungen durchführen</entry></row><row><entry VJ="1" align="left" colsep="0" morerows="1" rowsep="1" valign="top">6</entry><entry VJ="1" align="left" colsep="0" morerows="1" rowsep="1" valign="top">Werkstoffe und Werkstoffprüfung (§ 4 Nr. 19)</entry><entry VJ="1" align="left" colsep="0" valign="top">a)</entry><entry VJ="1" align="left" colsep="0" valign="top">Metalle, Kunststoffe, Keramik und Glas hinsichtlich ihres atomaren und molekularen Aufbaues sowie in ihren physikalischen Eigenschaften unterscheiden</entry><entry VJ="1" align="left" colsep="0" morerows="1" rowsep="1" valign="top"> </entry><entry VJ="1" align="center" colsep="0" morerows="1" rowsep="1" valign="middle">2</entry><entry VJ="1" align="center" colsep="0" morerows="1" rowsep="1" valign="middle">2</entry><entry VJ="1" align="left" colsep="0" morerows="1" rowsep="1" valign="top"> </entry></row><row rowsep="1"><entry VJ="1" align="left" colsep="0" valign="top">b)</entry><entry VJ="1" align="left" colsep="0" valign="top">Methoden und physikalische Grundlagen der zerstörenden und zerstörungsfreien Werkstoffprüfung beschreiben und verschiedene Werkstoffe nach einer zerstörenden Methode prüfen</entry></row><row><entry VJ="1" align="left" colsep="0" morerows="3" rowsep="1" valign="top">7</entry><entry VJ="1" align="left" colsep="0" morerows="3" rowsep="1" valign="top">instrumentelle Analytik (§ 4 Nr. 20)</entry><entry VJ="1" align="left" colsep="0" valign="top">a)</entry><entry VJ="1" align="left" colsep="0" valign="top">Aufbau, Funktionsweise und Einsatzmöglichkeiten von Analysengeräten beschreiben</entry><entry VJ="1" align="left" colsep="0" morerows="3" rowsep="1" valign="top"> </entry><entry VJ="1" align="center" colsep="0" morerows="3" rowsep="1" valign="middle">3</entry><entry VJ="1" align="center" colsep="0" morerows="3" rowsep="1" valign="middle">7</entry><entry VJ="1" align="center" colsep="0" morerows="3" rowsep="1" valign="middle">4</entry></row><row><entry VJ="1" align="left" colsep="0" valign="top">b)</entry><entry VJ="1" align="left" colsep="0" valign="top">qualitative und quantitative Analysen und Messungen mittels elektrischer, optischer und chromatographischer Verfahren durchführen und unter Berücksichtigung von Fehlerquellen auswerten</entry></row><row><entry VJ="1" align="left" colsep="0" valign="top">c)</entry><entry VJ="1" align="left" colsep="0" valign="top">Infrarot-, Massen- und Kernresonanzspektroskopie sowie Kristallstrukturanalyse als Methoden der Strukturaufklärung unterscheiden und Anwendungsmöglichkeiten zuordnen</entry></row><row rowsep="1"><entry VJ="1" align="left" colsep="0" valign="top">d)</entry><entry VJ="1" align="left" colsep="0" valign="top">einfache Messungen zur Strukturaufklärung durchführen und auswerten</entry></row><row><entry VJ="1" align="left" colsep="0" morerows="2" rowsep="1" valign="top">8</entry><entry VJ="1" align="left" colsep="0" morerows="2" rowsep="1" valign="top">verfahrenstechnische Arbeiten (§ 4 Nr. 21)</entry><entry VJ="1" align="left" colsep="0" valign="top">a)</entry><entry VJ="1" align="left" colsep="0" valign="top">thermische und mechanische Verfahren beschreiben und Einsatzgebieten zuordnen</entry><entry VJ="1" align="left" colsep="0" morerows="2" rowsep="1" valign="top"> </entry><entry VJ="1" align="center" colsep="0" morerows="2" rowsep="1" valign="middle">2</entry><entry VJ="1" align="center" colsep="0" morerows="2" rowsep="1" valign="middle">2</entry><entry VJ="1" align="left" colsep="0" morerows="2" rowsep="1" valign="top"> </entry></row><row><entry VJ="1" align="left" colsep="0" valign="top">b)</entry><entry VJ="1" align="left" colsep="0" valign="top">eine homogene Flüssigkeitsmischung rektifizieren</entry></row><row rowsep="1"><entry VJ="1" align="left" colsep="0" valign="top">c)</entry><entry VJ="1" align="left" colsep="0" valign="top">ein heterogenes Gemisch zentrifugieren</entry></row><row rowsep="1"><entry VJ="1" align="left" colsep="0" valign="top">9</entry><entry VJ="1" align="left" colsep="0" valign="top">Leittechnik (§ 4 Nr. 22)</entry><entry VJ="1" align="left" colsep="1" nameend="col4" namest="col3" valign="top"> </entry><entry VJ="1" align="left" colsep="0" nameend="col8" namest="col5" valign="top"> </entry></row><row><entry VJ="1" align="left" colsep="0" morerows="2" rowsep="1" valign="top">9.1</entry><entry VJ="1" align="left" colsep="0" morerows="2" rowsep="1" valign="top">Sensortechnik (§ 4 Nr. 22 Buchstabe a)</entry><entry VJ="1" align="left" colsep="0" valign="top">a)</entry><entry VJ="1" align="left" colsep="0" valign="top">Funktionsweise von Sensoren erklären und die Umwandlung von Meßsignalen beschreiben</entry><entry VJ="1" align="left" colsep="0" morerows="2" rowsep="1" valign="top"> </entry><entry VJ="1" align="center" colsep="0" morerows="2" rowsep="1" valign="middle">4</entry><entry VJ="1" align="center" colsep="0" morerows="2" rowsep="1" valign="middle">2</entry><entry VJ="1" align="left" colsep="0" morerows="2" rowsep="1" valign="top"> </entry></row><row><entry VJ="1" align="left" colsep="0" valign="top">b)</entry><entry VJ="1" align="left" colsep="0" valign="top">Sensoren Aufgabengebieten zuordnen und anwenden</entry></row><row rowsep="1"><entry VJ="1" align="left" colsep="0" valign="top">c)</entry><entry VJ="1" align="left" colsep="0" valign="top">Meßgeräte auf Funktion prüfen, kalibrieren und anwenden</entry></row><row><entry VJ="1" align="left" colsep="0" morerows="3" rowsep="1" valign="top">9.2</entry><entry VJ="1" align="left" colsep="0" morerows="3" rowsep="1" valign="top">Steuerungstechnik (§ 4 Nr. 22 Buchstabe b)</entry><entry VJ="1" align="left" colsep="0" valign="top">a)</entry><entry VJ="1" align="left" colsep="0" valign="top">über Elemente der Steuerungstechnik Auskunft geben</entry><entry VJ="1" align="left" colsep="0" morerows="3" rowsep="1" valign="top"> </entry><entry VJ="1" align="left" colsep="0" morerows="3" rowsep="1" valign="top"> </entry><entry VJ="1" align="center" colsep="0" morerows="3" rowsep="1" valign="middle">3</entry><entry VJ="1" align="center" colsep="0" morerows="3" rowsep="1" valign="middle">2</entry></row><row><entry VJ="1" align="left" colsep="0" valign="top">b)</entry><entry VJ="1" align="left" colsep="0" valign="top">einen einfachen Funktionsplan mit logischen Verknüpfungen erstellen und ein Fließbild entwickeln</entry></row><row><entry VJ="1" align="left" colsep="0" valign="top">c)</entry><entry VJ="1" align="left" colsep="0" valign="top">eine einfache Ablaufsteuerung aufbauen und ihre Funktion an der entsprechenden Apparatur überprüfen</entry></row><row rowsep="1"><entry VJ="1" align="left" colsep="0" valign="top">d)</entry><entry VJ="1" align="left" colsep="0" valign="top">Anwendungen der Steuerungstechnik unterschiedlichen Einsatzgebieten zuordnen</entry></row><row><entry VJ="1" align="left" colsep="0" morerows="3" rowsep="1" valign="top">9.3</entry><entry VJ="1" align="left" colsep="0" morerows="3" rowsep="1" valign="top">Regelungstechnik (§ 4 Nr. 22 Buchstabe c)</entry><entry VJ="1" align="left" colsep="0" valign="top">a)</entry><entry VJ="1" align="left" colsep="0" valign="top">Prinzip und Ziel des Regelns beschreiben</entry><entry VJ="1" align="left" colsep="0" morerows="3" rowsep="1" valign="top"> </entry><entry VJ="1" align="left" colsep="0" morerows="3" rowsep="1" valign="top"> </entry><entry VJ="1" align="center" colsep="0" morerows="3" rowsep="1" valign="middle">3</entry><entry VJ="1" align="center" colsep="0" morerows="3" rowsep="1" valign="middle">3</entry></row><row><entry VJ="1" align="left" colsep="0" valign="top">b)</entry><entry VJ="1" align="left" colsep="0" valign="top">Regler nach Art, Bedeutung und Wirkungsweise unterscheiden</entry></row><row><entry VJ="1" align="left" colsep="0" valign="top">c)</entry><entry VJ="1" align="left" colsep="0" valign="top">über das zeitliche Verhalten von Regelstrecken Auskunft geben</entry></row><row rowsep="1"><entry VJ="1" align="left" colsep="0" valign="top">d)</entry><entry VJ="1" align="left" colsep="0" valign="top">Regelkreis mit Proportional-Regler aufbauen, in Betrieb nehmen und optimieren</entry></row><row><entry VJ="1" align="left" colsep="0" morerows="4" rowsep="1" valign="top">10</entry><entry VJ="1" align="left" colsep="0" morerows="4" rowsep="1" valign="top">informationstechnische Arbeiten (§ 4 Nr. 23)</entry><entry VJ="1" align="left" colsep="0" valign="top">a)</entry><entry VJ="1" align="left" colsep="0" valign="top">über Prinzipien und Anwendungsmöglichkeiten der Informatik und Digitaltechnik im Laborbereich Auskunft geben</entry><entry VJ="1" align="left" colsep="0" morerows="1" rowsep="1" valign="top"> </entry><entry VJ="1" align="center" colsep="0" morerows="1" rowsep="1" valign="middle">5</entry><entry VJ="1" align="left" colsep="0" morerows="1" rowsep="1" valign="top"> </entry><entry VJ="1" align="left" colsep="0" morerows="1" rowsep="1" valign="top"> </entry></row><row rowsep="1"><entry VJ="1" align="left" colsep="0" valign="top">b)</entry><entry VJ="1" align="left" colsep="0" valign="top">über praktische Möglichkeiten der Datenerfassung, -Verarbeitung und -ausgabe im Labor Auskunft geben</entry></row><row><entry VJ="1" align="left" colsep="0" valign="top">c)</entry><entry VJ="1" align="left" colsep="0" valign="top">Funktionspläne entwickeln</entry><entry VJ="1" align="left" colsep="0" morerows="2" rowsep="1" valign="top"> </entry><entry VJ="1" align="left" colsep="0" morerows="2" rowsep="1" valign="top"> </entry><entry VJ="1" align="center" colsep="0" morerows="2" rowsep="1" valign="middle">6</entry><entry VJ="1" align="center" colsep="0" morerows="2" rowsep="1" valign="middle">4</entry></row><row><entry VJ="1" align="left" colsep="0" valign="top">d)</entry><entry VJ="1" align="left" colsep="0" valign="top">Funktion von Schnittstellen beschreiben</entry></row><row rowsep="1"><entry VJ="1" align="left" colsep="0" valign="top">e)</entry><entry VJ="1" align="left" colsep="0" valign="top">Rechner zur Lösung labortechnischer Aufgaben, insbesondere zur Steuerung, Meßdatenerfassung und -auswertung sowie zur Kommunikation, einsetzen</entry></row><row><entry VJ="1" align="left" colsep="0" morerows="2" rowsep="1" valign="top">11</entry><entry VJ="1" align="left" colsep="0" morerows="2" rowsep="1" valign="top">Dokumentieren von Arbeitsabläufen und -ergebnissen (§ 4 Nr. 13)</entry><entry VJ="1" align="left" colsep="0" valign="top">a)</entry><entry VJ="1" align="left" colsep="0" valign="top">Versuchs- und Untersuchungsergebnisse sowie Meßwerte dokumentieren</entry><entry VJ="1" align="left" colsep="0" morerows="2" rowsep="1" valign="top"> </entry><entry VJ="1" align="center" colsep="0" morerows="2" rowsep="1" valign="middle">4</entry><entry VJ="1" align="center" colsep="0" morerows="2" rowsep="1" valign="middle">3</entry><entry VJ="1" align="center" colsep="0" morerows="2" rowsep="1" valign="middle">2</entry></row><row><entry VJ="1" align="left" colsep="0" valign="top">b)</entry><entry VJ="1" align="left" colsep="0" valign="top">die Aussagekraft von Meßwerten und Ergebnissen beurteilen</entry></row><row rowsep="1"><entry VJ="1" align="left" colsep="0" valign="top">c)</entry><entry VJ="1" align="left" colsep="0" valign="top">Tabellenwerke und Fachliteratur nutzen</entry></row><row><entry VJ="1" align="left" colsep="0" morerows="3" valign="top">12</entry><entry VJ="1" align="left" colsep="0" morerows="3" valign="top">Maßnahmen zur Qualitätssicherung (§ 4 Nr. 24)</entry><entry VJ="1" align="left" colsep="0" valign="top">a)</entry><entry VJ="1" align="left" colsep="0" valign="top">Aufgaben der Qualitätssicherung für Produkte und Dienstleistungen beschreiben und über das Qualitätssicherungssystem Auskunft geben</entry><entry VJ="1" align="left" colsep="0" morerows="3" valign="top"> </entry><entry VJ="1" align="center" colsep="0" morerows="3" valign="middle">2</entry><entry VJ="1" align="center" colsep="0" morerows="3" valign="middle">2</entry><entry VJ="1" align="center" colsep="0" morerows="3" valign="middle">1</entry></row><row><entry VJ="1" align="left" colsep="0" valign="top">b)</entry><entry VJ="1" align="left" colsep="0" valign="top">Bedeutung und Prinzip der Probennahme und Probenvorbereitung zur Gehalts- und Qualitätskontrolle beschreiben</entry></row><row><entry VJ="1" align="left" colsep="0" valign="top">c)</entry><entry VJ="1" align="left" colsep="0" valign="top">über statistische Methoden der Qualitätssicherung Auskunft geben</entry></row><row><entry VJ="1" align="left" colsep="0" valign="top">d)</entry><entry VJ="1" align="left" colsep="0" valign="top">Instrumente der Qualitätssicherung anwenden</entry></row></tbody></tgroup></table></P></Content></text></textdaten></norm>
</dokumente>