<?xml version="1.0" encoding="UTF-8" ?><!DOCTYPE dokumente SYSTEM "http://www.gesetze-im-internet.de/dtd/1.01/gii-norm.dtd">
<dokumente builddate="20120625153243" doknr="BJNR206460986"><norm builddate="20120625153243" doknr="BJNR206460986"><metadaten><jurabk>EuStiftÜbkG</jurabk><ausfertigung-datum manuell="ja">1986-05-15</ausfertigung-datum><fundstelle typ="amtlich"><periodikum>BGBl II</periodikum><zitstelle>1986, 646</zitstelle></fundstelle><langue>Gesetz zu dem Übereinkommen vom 29. März 1982 über die Errichtung einer
Europäischen Stiftung</langue></metadaten><textdaten><text format="decorated"/></textdaten></norm>
</dokumente>