<?xml version="1.0" encoding="UTF-8" ?><!DOCTYPE dokumente SYSTEM "http://www.gesetze-im-internet.de/dtd/1.01/gii-norm.dtd">
<dokumente builddate="20260105215644" doknr="BJNR389200017"><norm builddate="20260105215644" doknr="BJNR389200017"><metadaten><jurabk>BImSchV 38 2017</jurabk><amtabk>38. BImSchV</amtabk><ausfertigung-datum manuell="ja">2017-12-08</ausfertigung-datum><fundstelle typ="amtlich"><periodikum>BGBl I</periodikum><zitstelle>2017, 3892</zitstelle></fundstelle><kurzue>Verordnung zur Festlegung weiterer Bestimmungen zur Treibhausgasminderung bei Kraftstoffen</kurzue><langue>Achtunddreißigste Verordnung zur Durchführung des Bundes-Immissionsschutzgesetzes<FnR ID="F801042_01_BJNR389200017"/><FnR ID="F801042_02_BJNR389200017"/></langue><standangabe checked="ja"><standtyp>Stand</standtyp><standkommentar>Zuletzt geändert durch Art. 4 G v. 18.12.2025 I Nr. 347</standkommentar></standangabe><standangabe checked="ja"><standtyp>Hinweis</standtyp><standkommentar>Änderung durch Art. 2 V v. 23.12.2025 I Nr. 367 textlich nachgewiesen, dokumentarisch noch nicht abschließend bearbeitet</standkommentar></standangabe></metadaten><textdaten><text format="XML"><Content><P/></Content><Footnotes><Footnote FnZ="1," Group="column" ID="F801042_01_BJNR389200017" Pos="exp"><noindex>Diese Verordnung dient der Umsetzung der Richtlinie (EU) 2015/652 des Rates vom 20. April 2015 zur Festlegung von Berechnungsverfahren und Berichterstattungspflichten gemäß der Richtlinie 98/70/EG des Europäischen Parlaments und des Rates über die Qualität von Otto- und Dieselkraftstoffen (ABl. L 107 vom 25.4.2015, S. 26) sowie der Richtlinie (EU) 2015/1513 des Europäischen Parlaments und des Rates vom 9. September 2015 zur Änderung der Richtlinie 98/70/EG über die Qualität von Otto- und Dieselkraftstoffen und zur Änderung der Richtlinie 2009/28/EG zur Förderung der Nutzung von Energie aus erneuerbaren Quellen (ABl. L 239 vom 15.9.2015, S. 1).</noindex></Footnote><Footnote FnZ="2" Group="column" ID="F801042_02_BJNR389200017" Pos="exp"><noindex>Notifiziert gemäß der Richtlinie (EU) 2015/1535 des Europäischen Parlaments und des Rates vom 9. September 2015 über ein Informationsverfahren auf dem Gebiet der technischen Vorschriften und der Vorschriften für die Dienste der Informationsgesellschaft (ABl. L 241 vom 17.9.2015, S. 1).</noindex></Footnote></Footnotes></text><fussnoten><Content><P><BR/> <pre xml:space="preserve">(+++ Textnachweis ab: 14.12.2017 +++)<BR/>(+++ Zur Anwendung vgl. § 21 +++)<BR/>(+++ Amtlicher Hinweis des Normgebers auf EG-Recht:<BR/>     Umsetzung der<BR/>       EURL 2015/652        (CELEX Nr: 32015L0652) <BR/>       EURL 2015/1513       (CELEX Nr: 32015L1513) <BR/>       EGRL 70/98           (CELEX Nr: 31998L0070) vgl. V v. 21.5.2019 I 742<BR/>       EGRL 28/2009         (CELEX Nr: 32009L0028) vgl. V v. 21.5.2019 I 742<BR/>       EURL 2018/2001       (CELEX Nr: 32018L2001) vgl. V v. 12.11.2021 I 4932<BR/>     Notifizierung der<BR/>       EURL 2015/1535       (CELEX Nr: 32015L1535) vgl. auch V v.              <BR/>                                                   21.5.2019 I 742+++)<BR/><BR/></pre></P></Content></fussnoten></textdaten></norm>
<norm builddate="20260105215644" doknr="BJNR389200017BJNE000100000"><metadaten><jurabk>BImSchV 38 2017</jurabk><jurabk>38. BImSchV</jurabk><enbez>Eingangsformel</enbez></metadaten><textdaten><text format="XML"><Content><P>Auf Grund des § 37d Absatz 1 und des § 37d Absatz 2 Satz 1 Nummer 1 Buchstabe a, Nummer 6 bis 14 des Bundes-Immissionsschutzgesetzes, von denen § 37d Absatz 2 Satz 1 Nummer 1 Buchstabe a, Nummer 6, 7, 9 bis 12 und 14 durch Artikel 1 Nummer 7 Buchstabe b des Gesetzes vom 20. November 2014 (BGBl. I S. 1740) neu gefasst worden ist und § 37d Absatz 1 zuletzt durch Artikel 3 Nummer 2 Buchstabe a Doppelbuchstabe aa und bb und § 37d Absatz 2 Satz 1 Nummer 8 zuletzt durch Artikel 3 Nummer 2 Buchstabe b Doppelbuchstabe aa des Gesetzes vom 26. Juli 2016 (BGBl. I S. 1839) und § 37d Absatz 2 Satz 1 Nummer 13 zuletzt durch Artikel 3 Nummer 2 Buchstabe a Doppelbuchstabe bb des Gesetzes vom 18. Juli 2017 (BGBl. I S. 2771) geändert worden ist, verordnet die Bundesregierung nach Anhörung der beteiligten Kreise:</P></Content></text></textdaten></norm>
<norm builddate="20260105215644" doknr="BJNR389200017BJNE000203130"><metadaten><jurabk>BImSchV 38 2017</jurabk><jurabk>38. BImSchV</jurabk><enbez>Inhaltsübersicht</enbez></metadaten><textdaten><text format="XML"><TOC><Ident Class="S1">Teil 1<BR/><BR/></Ident><Title Align="auto" Class="S1">Allgemeine Bestimmungen</Title><table colsep="0" frame="none" pgwide="1" rowsep="0" tocentry="%yes;"><tgroup align="left" char="" charoff="50" cols="2"><colspec colname="col1" colwidth="8*"/><colspec colname="col2" colwidth="72*"/><tbody valign="top"><row><entry VJ="1" colname="col1">§  1</entry><entry VJ="1" colname="col2">Anwendungsbereich</entry></row><row><entry VJ="1" colname="col1">§  2</entry><entry VJ="1" colname="col2">Begriffsbestimmungen</entry></row></tbody></tgroup></table><P/><Ident Class="S1">Teil 2<BR/><BR/></Ident><Title Align="auto" Class="S1">Berechnung der<BR/> Treibhausgasemissionen und weitere<BR/> Optionen zur Erfüllung der Verpflichtung<BR/> zur Minderung der Treibhausgasemissionen<BR/><BR/></Title><Ident Class="S0"><BR/>Abschnitt 1<BR/></Ident><Title Align="auto" Class="S0">Allgemeine Bestimmungen zur Berechnung</Title><table colsep="0" frame="none" pgwide="1" rowsep="0" tocentry="%yes;"><tgroup align="left" char="" charoff="50" cols="2"><colspec colname="col1" colwidth="8*"/><colspec colname="col2" colwidth="72*"/><tbody valign="top"><row><entry VJ="1" colname="col1">§  3</entry><entry VJ="1" colname="col2">Basiswert</entry></row><row><entry VJ="1" colname="col1">§  4</entry><entry VJ="1" colname="col2">Erweiterung der Definition der Biokraftstoffe</entry></row><row><entry VJ="1">§  4a</entry><entry VJ="1">Regelungen für die Verpflichtungsjahre 2024 bis 2027</entry></row></tbody></tgroup></table><P/><Ident Class="S0">Abschnitt 2<BR/></Ident><Title Align="auto" Class="S0">Straßenfahrzeuge mit Elektroantrieb</Title><table colsep="0" frame="none" pgwide="1" rowsep="0" tocentry="%yes;"><tgroup align="left" char="" charoff="50" cols="2"><colspec colname="col1" colwidth="8*"/><colspec colname="col2" colwidth="72*"/><tbody valign="top"><row><entry VJ="1" colname="col1">§  5</entry><entry VJ="1" colname="col2">Anrechnung von in Straßenfahrzeugen mit Elektroantrieb genutztem elektrischem Strom</entry></row><row><entry VJ="1" colname="col1">§  6</entry><entry VJ="1" colname="col2">Energetische Menge des elektrischen Stroms aus öffentlich zugänglichen Ladepunkten</entry></row><row><entry VJ="1" colname="col1">§  7</entry><entry VJ="1" colname="col2">Energetische Menge des elektrischen Stroms in anderen Fällen</entry></row><row><entry VJ="1" colname="col1">§  8</entry><entry VJ="1" colname="col2">Mitteilung der energetischen Menge</entry></row><row><entry VJ="1" colname="col1">§  9</entry><entry VJ="1" colname="col2">Nachweis durch den Verpflichteten</entry></row></tbody></tgroup></table><P/><Ident Class="S0">Abschnitt 3<BR/></Ident><Title Align="auto" Class="S0">Kraftstoffe fossilen Ursprungs</Title><table colsep="0" frame="none" pgwide="1" rowsep="0" tocentry="%yes;"><tgroup align="left" char="" charoff="50" cols="2"><colspec colname="col1" colwidth="8*"/><colspec colname="col2" colwidth="72*"/><tbody valign="top"><row><entry VJ="1" colname="col1">§ 10</entry><entry VJ="1" colname="col2">Treibhausgasemissionen von fossilen Otto- und Dieselkraftstoffen</entry></row><row><entry VJ="1" colname="col1">§ 11</entry><entry VJ="1" colname="col2">Treibhausgasemissionen von weiteren fossilen Kraftstoffen</entry></row></tbody></tgroup></table><P/><Ident Class="S0">Abschnitt 4<BR/></Ident><Title Align="auto" Class="S0">Biokraftstoffe</Title><table colsep="0" frame="none" pgwide="1" rowsep="0" tocentry="%yes;"><tgroup align="left" char="" charoff="50" cols="2"><colspec colname="col1" colwidth="8*"/><colspec colname="col2" colwidth="72*"/><tbody valign="top"><row><entry VJ="1" colname="col1">§ 12</entry><entry VJ="1" colname="col2">Biogenes Flüssiggas</entry></row><row><entry VJ="1">§ 12a</entry><entry VJ="1">Verflüssigtes Biomethan</entry></row></tbody></tgroup></table><P/><Ident Class="S1">Teil 3<BR/></Ident><Title Align="auto" Class="S1">Indirekte<BR/> Landnutzungsänderungen</Title><table colsep="0" frame="none" pgwide="1" rowsep="0" tocentry="%yes;"><tgroup align="left" char="" charoff="50" cols="2"><colspec colname="col1" colwidth="8*"/><colspec colname="col2" colwidth="72*"/><tbody valign="top"><row><entry VJ="1" colname="col1" rowsep="0">§ 13</entry><entry VJ="1" colname="col2" rowsep="0">Obergrenze für die Anrechenbarkeit von Biokraftstoffen aus Nahrungs- und Futtermittelpflanzen</entry></row><row><entry VJ="1">§ 13a</entry><entry VJ="1">Obergrenze für die Anrechenbarkeit abfallbasierter Biokraftstoffe</entry></row><row><entry VJ="1">§ 13b</entry><entry VJ="1">Obergrenze für die Anrechenbarkeit von Biokraftstoffen aus Rohstoffen mit hohem Risiko indirekter Landnutzungsänderung</entry></row><row><entry VJ="1" colname="col1" rowsep="0">§ 14</entry><entry VJ="1" colname="col2" rowsep="0">Mindestanteil fortschrittlicher Biokraftstoffe</entry></row><row><entry VJ="1" colname="col1" rowsep="0">§ 15</entry><entry VJ="1" colname="col2" rowsep="0">Nachweis der Einhaltung der Regelungen zu indirekten Landnutzungsänderungen</entry></row></tbody></tgroup></table><P/><Ident Class="S1"><BR/>Teil 4<BR/></Ident><Title Align="auto" Class="S1">Berichtspflichten</Title><table colsep="0" frame="none" pgwide="1" rowsep="0" tocentry="%yes;"><tgroup align="left" char="" charoff="50" cols="2"><colspec colname="col1" colwidth="8*"/><colspec colname="col2" colwidth="72*"/><tbody valign="top"><row><entry VJ="1" colname="col1" rowsep="0">§ 16</entry><entry VJ="1" colname="col2" rowsep="0">Berichte über in Verkehr gebrachte Kraftstoffe und Energieerzeugnisse</entry></row><row><entry VJ="1" colname="col1" rowsep="0">§ 17</entry><entry VJ="1" colname="col2" rowsep="0">(weggefallen)</entry></row><row><entry VJ="1" colname="col1" rowsep="0">§ 18</entry><entry VJ="1" colname="col2" rowsep="0">(weggefallen)</entry></row><row><entry VJ="1" colname="col1">§ 19</entry><entry VJ="1" colname="col2">(weggefallen)</entry></row></tbody></tgroup></table><P/><Ident Class="S1"><BR/>Teil 5<BR/></Ident><Title Align="auto" Class="S1">Zuständigkeit</Title><table colsep="0" frame="none" pgwide="1" rowsep="0" tocentry="%yes;"><tgroup align="left" char="" charoff="50" cols="2"><colspec colname="col1" colwidth="8*"/><colspec colname="col2" colwidth="72*"/><tbody valign="top"><row><entry VJ="1" colname="col1" rowsep="0">§ 20</entry><entry VJ="1" colname="col2" rowsep="0">Zuständige Stellen</entry></row></tbody></tgroup></table><P/><Ident Class="S1"><BR/>Teil 6<BR/></Ident><Title Align="auto" Class="S1">Übergangs- und<BR/> Schlussbestimmungen</Title><table colsep="0" frame="none" pgwide="1" rowsep="0" tocentry="%yes;"><tgroup align="left" char="" charoff="50" cols="2"><colspec colname="col1" colwidth="8*"/><colspec colname="col2" colwidth="72*"/><tbody valign="top"><row><entry VJ="1" colname="col1" rowsep="0">§ 21</entry><entry VJ="1" colname="col2" rowsep="0">Übergangsbestimmung</entry></row><row><entry VJ="1" colname="col1">§ 22</entry><entry VJ="1" colname="col2">Inkrafttreten</entry></row></tbody></tgroup></table><table colsep="0" frame="none" pgwide="1" rowsep="0" tocentry="%yes;"><tgroup align="left" char="" charoff="50" cols="2"><colspec colname="col1" colwidth="14*"/><colspec colname="col2" colwidth="66*"/><tbody valign="top"><row><entry VJ="1" colname="col1" rowsep="0">Anlage 1</entry><entry VJ="1" colname="col2" rowsep="0">Rohstoffe für die Herstellung fortschrittlicher Biokraftstoffe nach § 14 Absatz 1</entry></row><row><entry VJ="1" colname="col1" rowsep="0">Anlage 2</entry><entry VJ="1" colname="col2" rowsep="0">Treibhausgasemissionen fossiler Kraftstoffe</entry></row><row><entry VJ="1" colname="col1">Anlage 3</entry><entry VJ="1" colname="col2">Anpassungsfaktoren für die Antriebseffizienz</entry></row><row><entry VJ="1">Anlage 4</entry><entry VJ="1">Rohstoffe für die Herstellung von Biokraftstoffen nach § 1 Absatz 2 und § 13a</entry></row></tbody></tgroup></table></TOC></text><fussnoten/></textdaten></norm>
<norm builddate="20260105215644" doknr="BJNR389200017BJNG000100000"><metadaten><jurabk>BImSchV 38 2017</jurabk><jurabk>38. BImSchV</jurabk><gliederungseinheit><gliederungskennzahl>010</gliederungskennzahl><gliederungsbez>Teil 1</gliederungsbez><gliederungstitel>Allgemeine Bestimmungen</gliederungstitel></gliederungseinheit></metadaten><textdaten/></norm>
<norm builddate="20260105215644" doknr="BJNR389200017BJNE000302116"><metadaten><jurabk>BImSchV 38 2017</jurabk><jurabk>38. BImSchV</jurabk><enbez>§ 1</enbez><titel format="XML">Anwendungsbereich</titel></metadaten><textdaten><text format="XML"><Content><P>Diese Verordnung regelt Modalitäten zur Erfüllung der Verpflichtung zur Minderung der Treibhausgasemissionen nach § 37a Absatz 1 Satz 1 und 2 in Verbindung mit § 37a Absatz 4 des Bundes-Immissionsschutzgesetzes und zu den Berichtspflichten nach § 37f des Bundes-Immissionsschutzgesetzes.</P></Content></text><fussnoten/></textdaten></norm>
<norm builddate="20260105215644" doknr="BJNR389200017BJNE000405130"><metadaten><jurabk>BImSchV 38 2017</jurabk><jurabk>38. BImSchV</jurabk><enbez>§ 2</enbez><titel format="XML">Begriffsbestimmungen</titel></metadaten><textdaten><text format="XML"><Content><P>(1) Stromanbieter ist jedes Energieversorgungsunternehmen im Sinne des § 3 Nummer 39 des Energiewirtschaftsgesetzes vom 7. Juli 2005 (BGBl. I S. 1970, 3621), das zuletzt durch Artikel 2 Absatz 6 des Gesetzes vom 20. Juli 2017 (BGBl. I S. 2808; 2018 I S. 472) geändert worden ist, das elektrischen Strom an Letztverbraucher liefert.</P><P>(2) Ein Straßenfahrzeug mit Elektroantrieb ist ein reines Batterieelektrofahrzeug im Sinne des § 2 Nummer 2 des Elektromobilitätsgesetzes vom 5. Juni 2015 (BGBl. I S. 898), das zuletzt durch Artikel 2 Absatz 34 des Gesetzes vom 20. Dezember 2022 (BGBl. I S. 2752) geändert worden ist, oder ein von außen aufladbares Hybridelektrofahrzeug der Klassen M 1 und N 1 im Sinne des § 2 Nummer 3 des Elektromobilitätsgesetzes.</P><P>(3) Ein reines Batterieelektrofahrzeug ist ein Kraftfahrzeug im Sinne des § 2 Nummer 2 des Elektromobilitätsgesetzes.</P><P>(4) Nahrungs- und Futtermittelpflanzen sind Kulturpflanzen mit hohem Stärkegehalt, Zuckerpflanzen oder Ölpflanzen, die als Hauptkulturen auf landwirtschaftlichen Flächen produziert werden, ausgenommen Reststoffe, Abfälle und lignozellulosehaltiges Material und Zwischenfrüchte wie Zweitfrüchte und Deckpflanzen, es sei denn, die Verwendung solcher Zwischenfrüchte führt zu einer zusätzlichen Nachfrage nach Land.</P><P>(5) Erneuerbare Energien sind Energien aus erneuerbaren, nichtfossilen Energiequellen in Form von <DL Font="normal" Type="arabic"><DT>1.</DT><DD Font="normal"><LA Size="normal">Wind,</LA></DD><DT>2.</DT><DD Font="normal"><LA Size="normal">Sonne,</LA></DD><DT>3.</DT><DD Font="normal"><LA Size="normal">geothermischer Energie,</LA></DD><DT>4.</DT><DD Font="normal"><LA Size="normal">Umgebungsenergie,</LA></DD><DT>5.</DT><DD Font="normal"><LA Size="normal">Gezeiten-, Wellen- und sonstiger Meeresenergie,</LA></DD><DT>6.</DT><DD Font="normal"><LA Size="normal">Wasserkraft,</LA></DD><DT>7.</DT><DD Font="normal"><LA Size="normal">Energie aus Biomasse, Deponiegas, Klärgas und Biogas.</LA></DD></DL></P><P>(6) (weggefallen)</P><P>(7) (weggefallen)</P><P>(8) (weggefallen)</P><P>(9) (weggefallen)</P><P>(10) API-Grad ist eine Maßeinheit für die Dichte von Rohöl. Der API-Grad wird mit dem Testverfahren D287-12b der American Society for Testing and Materials gemessen.</P><P>(11) Konventionelles Rohöl ist jeder Raffinerierohstoff, der <DL Font="normal" Type="arabic"><DT>1.</DT><DD Font="normal"><LA Size="normal">in einer Lagerstättenformation am Ursprungsort einen API-Grad von mehr als 10 aufweist, und</LA></DD><DT>2.</DT><DD Font="normal"><LA Size="normal">nicht unter die Definition des KN-Codes 2714 gemäß Anhang I der Verordnung (EWG) Nr. 2658/87 des Rates vom 23. Juli 1987 über die zolltarifliche und statistische Nomenklatur sowie den Gemeinsamen Zolltarif (ABl. L 256 vom 7.9.1987, S. 1; L 341 vom 3.12.1987, S. 38; L 378 vom 31.12.1987, S. 120; L 130 vom 26.5.1988, S. 42; L 151 vom 8.6.2016, S. 22), die zuletzt durch die Durchführungsverordnung (EU) 2017/1344 (ABl. L 186 vom 19.7.2017, S. 3) geändert worden ist, fällt.</LA></DD></DL></P><P>(12) Naturbitumen ist jede Quelle für Raffinerierohstoffe, <DL Font="normal" Type="arabic"><DT>1.</DT><DD Font="normal"><LA Size="normal">die in einer Lagerstättenformation am Förderort einen API-Grad von höchstens 10 aufweist,</LA></DD><DT>2.</DT><DD Font="normal"><LA Size="normal">die eine Viskosität im jährlichen Durchschnitt bei Lagerstättentemperatur hat, die höher ist als die durch die Gleichung Viskosität (in Centipoise) = 518,98*e<SUP>-0,038*T</SUP> berechnete Viskosität; wobei T die Temperatur in Grad Celsius ist,</LA></DD><DT>3.</DT><DD Font="normal"><LA Size="normal">die unter die Definition für bituminöse Sande des KN-Codes 2714 gemäß der Verordnung (EWG) Nr. 2658/87 fällt und</LA></DD><DT>4.</DT><DD Font="normal"><LA Size="normal">die durch Bergbau oder thermisch unterstützte Schwerkraftdrainage erschlossen wird, wobei die Wärmeenergie hauptsächlich aus anderen Quellen als der Rohstoffquelle selbst gewonnen wird.</LA></DD></DL></P><P>(13) Ölschiefer ist jede Quelle für Raffinerierohstoffe, <DL Font="normal" Type="arabic"><DT>1.</DT><DD Font="normal"><LA Size="normal">die sich am Förderort innerhalb einer Felsformation befand,</LA></DD><DT>2.</DT><DD Font="normal"><LA Size="normal">die festes Kerogen enthält,</LA></DD><DT>3.</DT><DD Font="normal"><LA Size="normal">die unter die Definition für ölhaltigen Schiefer des KN-Codes 2714 gemäß der Verordnung (EWG) Nr. 2658/87 fällt und</LA></DD><DT>4.</DT><DD Font="normal"><LA Size="normal">die durch Bergbau oder thermisch unterstützte Schwerkraftdrainage erschlossen wird.</LA></DD></DL></P></Content></text><fussnoten/></textdaten></norm>
<norm builddate="20260105215644" doknr="BJNR389200017BJNG000200000"><metadaten><jurabk>BImSchV 38 2017</jurabk><jurabk>38. BImSchV</jurabk><gliederungseinheit><gliederungskennzahl>020</gliederungskennzahl><gliederungsbez>Teil 2</gliederungsbez><gliederungstitel>Berechnung der Treibhausgasemissionen und weitere Optionen zur Erfüllung der Verpflichtung zur Minderung der Treibhausgasemissionen</gliederungstitel></gliederungseinheit></metadaten><textdaten/></norm>
<norm builddate="20260105215644" doknr="BJNR389200017BJNG000300000"><metadaten><jurabk>BImSchV 38 2017</jurabk><jurabk>38. BImSchV</jurabk><gliederungseinheit><gliederungskennzahl>020010</gliederungskennzahl><gliederungsbez>Abschnitt 1</gliederungsbez><gliederungstitel>Allgemeine Bestimmungen zur Berechnung</gliederungstitel></gliederungseinheit></metadaten><textdaten/></norm>
<norm builddate="20260105215644" doknr="BJNR389200017BJNE000500000"><metadaten><jurabk>BImSchV 38 2017</jurabk><jurabk>38. BImSchV</jurabk><enbez>§ 3</enbez><titel format="XML">Basiswert</titel></metadaten><textdaten><text format="XML"><Content><P>Der Basiswert nach § 37a Absatz 4 Satz 4 des Bundes-Immissionsschutzgesetzes wird auf 94,1 Kilogramm Kohlenstoffdioxid-Äquivalent pro Gigajoule festgelegt.</P></Content></text></textdaten></norm>
<norm builddate="20260105215644" doknr="BJNR389200017BJNE000601116"><metadaten><jurabk>BImSchV 38 2017</jurabk><jurabk>38. BImSchV</jurabk><enbez>§ 4</enbez><titel format="XML">Erweiterung der Definition der Biokraftstoffe</titel></metadaten><textdaten><text format="XML"><Content><P>(1) Zusätzlich zu den Biokraftstoffen nach § 37b Absatz 1 Satz 1 des Bundes-Immissionsschutzgesetzes sind Energieerzeugnisse, die aus den in Anlage 1 genannten Rohstoffen hergestellt wurden, Biokraftstoffe.</P><P>(2) Energieerzeugnisse, die anteilig aus den in Anlage 1 genannten Rohstoffen hergestellt wurden, gelten in Höhe dieses Anteils als Biokraftstoffe.</P><P>(3) Hiervon unberührt bleiben die Anforderungen an Biokraftstoffe nach der Biokraftstoff-Nachhaltigkeitsverordnung.</P></Content></text><fussnoten/></textdaten></norm>
<norm builddate="20260105215644" doknr="BJNR389200017BJNE002901130"><metadaten><jurabk>BImSchV 38 2017</jurabk><jurabk>38. BImSchV</jurabk><enbez>§ 4a</enbez><titel format="XML">Regelungen für die Verpflichtungsjahre 2024 bis 2027</titel></metadaten><textdaten><text format="XML"><Content><P>(1) Abweichend von § 37a Absatz 8 des Bundes-Immissionsschutzgesetzes können Treibhausgasminderungsmengen, die den nach § 37a Absatz 4 des Bundes-Immissionsschutzgesetzes festgelegten Prozentsatz im Verpflichtungsjahr 2024 übersteigen, nicht auf den Prozentsatz des Verpflichtungsjahres 2025 angerechnet werden. Ebenso können Treibhausgasminderungsmengen, die den festgelegten Prozentsatz im Verpflichtungsjahr 2025 übersteigen, nicht auf den Prozentsatz im Verpflichtungsjahr 2026 angerechnet werden.</P><P>(2) Abweichend von § 14 Absatz 4 Satz 1 können die Mengen an fortschrittlichen Biokraftstoffen, die im Verpflichtungsjahr 2024 den Mindestanteil nach § 14 Absatz 1 in Verbindung mit § 14 Absatz 2 übersteigen, nicht auf den Mindestanteil an fortschrittlichen Biokraftstoffen des Verpflichtungsjahres 2025 angerechnet werden. Ebenso können Mengen an fortschrittlichen Biokraftstoffen, die den festgelegten Mindestanteil im Verpflichtungsjahr 2025 übersteigen, nicht auf den Mindestanteil im Verpflichtungsjahr 2026 angerechnet werden.</P><P>(3) Auf Antrag des Verpflichteten wird die Übererfüllung von Treibhausgasminderungsmengen in den Verpflichtungsjahren 2024 und 2025 auf den Prozentsatz des Verpflichtungsjahres 2027 angerechnet. Satz 1 gilt für die Übererfüllungen von Mengen an fortschrittlichen Biokraftstoffen entsprechend. Die Anträge nach Satz 1 und 2 sind bis zum 15. April 2028 zu stellen.</P><P>(4) Abweichend von § 37a Absatz 6 Satz 5 des Bundes-Immissionsschutzgesetzes können Verträge für das Verpflichtungsjahr 2025 nicht durch Erfüllungsoptionen erfüllt werden, die im Jahr 2024 in Verkehr gebracht wurden oder als in Verkehr gebracht gelten. Ebenso können Verträge für das Verpflichtungsjahr 2026 nicht durch Erfüllungsoptionen erfüllt werden, die im Jahr 2025 in Verkehr gebracht wurden oder als in Verkehr gebracht gelten.</P><P>(5) Abweichend von § 14 Absatz 3 Satz 1 können Verträge nach § 37a Absatz 6 des Bundes-Immissionsschutzgesetztes für das Verpflichtungsjahr 2025 nicht durch Mengen an fortschrittlichen Biokraftstoffen erfüllt werden, die im Jahr 2024 in Verkehr gebracht wurden. Ebenso können Verträge für das Verpflichtungsjahr 2026 nicht durch Mengen an fortschrittlichen Biokraftstoffen erfüllt werden, die im Jahr 2025 in Verkehr gebracht wurden.</P><P>(6) Verträge nach § 37a Absatz 6 des Bundes-Immissionsschutzgesetz für das Verpflichtungsjahr 2027 können abweichend von § 37a Absatz 6 Satz 5 des Bundes-Immissionsschutzgesetzes auch mit in den Verpflichtungsjahren 2024 und 2025 in Verkehr gebrachten oder als in Verkehr gebracht geltenden Erfüllungsoptionen erfüllt werden, wenn die Erfüllungsoptionen nicht bereits Gegenstand eines Vertrages nach § 37a Absatz 6 des Bundes-Immissionsschutzgesetz waren und der Dritte in den Verpflichtungsjahren 2024 und 2025 nicht selbst Verpflichteter gewesen ist. Satz 1 gilt für Verträge über Mengen an fortschrittlichen Biokraftstoffen entsprechend.</P></Content></text><fussnoten/></textdaten></norm>
<norm builddate="20260105215644" doknr="BJNR389200017BJNG000400000"><metadaten><jurabk>BImSchV 38 2017</jurabk><jurabk>38. BImSchV</jurabk><gliederungseinheit><gliederungskennzahl>020020</gliederungskennzahl><gliederungsbez>Abschnitt 2</gliederungsbez><gliederungstitel>Straßenfahrzeuge mit Elektroantrieb</gliederungstitel></gliederungseinheit></metadaten><textdaten/></norm>
<norm builddate="20260105215644" doknr="BJNR389200017BJNE000703130"><metadaten><jurabk>BImSchV 38 2017</jurabk><jurabk>38. BImSchV</jurabk><enbez>§ 5</enbez><titel format="XML">Anrechnung von in Straßenfahrzeugen mit Elektroantrieb genutztem elektrischem Strom</titel></metadaten><textdaten><text format="XML"><Content><P>(1) Elektrischer Strom, der im Verpflichtungsjahr von Letztverbrauchern nachweislich zur Verwendung in Straßenfahrzeugen mit Elektroantrieb aus dem Netz entnommen wurde, kann auf die Erfüllung der Verpflichtung zur Minderung der Treibhausgasemissionen angerechnet werden, sofern die Entnahme im Steuergebiet des Stromsteuergesetzes erfolgte. Dritter im Sinne des § 37a Absatz 6 des Bundes-Immissionsschutzgesetzes ist der Betreiber eines Ladepunktes im Sinne des Artikel 2 Nummer 39 der Verordnung (EU) 2023/1804 oder eine von ihm bestimmte Person.</P><P>(2) Die Bestimmung der Person als Dritter, die nicht der Betreiber des Ladepunktes ist, erfolgt durch eine Vereinbarung in Textform. In jedem Verpflichtungsjahr kann von jedem Betreiber nur ein einziger Dritter bestimmt werden. Bestimmt der Betreiber eines Ladepunktes entgegen Satz 2 mehrere Dritte, stellt die zuständige Stelle nach § 20 Absatz 1 die Bescheinigung nach § 8 Absatz 2 Satz 1 nur an denjenigen Dritten aus, der die Angaben zu den energetischen Mengen des elektrischen Stroms nach § 8 Absatz 1 Satz 1 im jeweiligen Verpflichtungsjahr zuerst mitgeteilt hat. Die zuständige Stelle nach § 20 Absatz 1 kann die Vorlage der Vereinbarung nach Satz 1 verlangen. Eine Änderung des Dritten ist nach dem Zeitpunkt der Mitteilung nach § 8 Absatz 1 Satz 1 ausgeschlossen.</P><P>(3) Bei der Berechnung des Referenzwertes nach § 37a Absatz 4 Satz 3 des Bundes-Immissionsschutzgesetzes wird die energetische Menge elektrischen Stroms nach Absatz 1 mit dem Faktor 3 multipliziert. Die Treibhausgasemissionen des elektrischen Stroms nach Absatz 1 werden berechnet durch die Multiplikation der energetischen Menge des zur Verwendung in den Straßenfahrzeugen mit Elektroantrieb entnommenen Stroms <DL Font="normal" Type="arabic"><DT>1.</DT><DD Font="normal"><LA Size="normal">mit dem Faktor 3 sowie</LA></DD><DT>2.</DT><DD Font="normal"><LA Size="normal">mit dem Wert der für die durchschnittlichen Treibhausgasemissionen pro Energieeinheit des Stroms in Deutschland und dem Anpassungsfaktor für die Antriebseffizienz nach Anlage 3.</LA></DD></DL></P><P>(4) Der Wert der durchschnittlichen Treibhausgasemissionen pro Energieeinheit des Stroms in Deutschland wird von der nach § 20 Absatz 1 zuständigen Stelle jährlich auf Basis geeigneter internationaler Normen ermittelt und bis zum Ablauf des 31. Oktober für das darauffolgende Verpflichtungsjahr im Bundesanzeiger bekannt gegeben.</P><P>(5) Zur Berechnung der Treibhausgasemissionen des elektrischen Stroms nach Absatz 3 wird ab dem Verpflichtungsjahr 2024 der Wert der durchschnittlichen Treibhausgasemissionen pro Energieeinheit Strom der jeweiligen erneuerbaren Energie in Deutschland verwendet, wenn im Fall des § 6 <DL Font="normal" Type="arabic"><DT>1.</DT><DD Font="normal"><LA Size="normal">ausschließlich Strom aus erneuerbaren Energien in Form von Wind oder Sonne (§ 2 Absatz 5 Nummer 1 oder 2) eingesetzt wird und</LA></DD><DT>2.</DT><DD Font="normal"><LA Size="normal">der Strom nicht aus dem Netz im Sinne des § 3 Nummer 35 des Erneuerbare-Energien-Gesetzes entnommen wird, sondern nachweislich direkt von einer Stromerzeugungsanlage hinter demselben Netzverknüpfungspunkt bezogen wird.</LA></DD></DL>Als Nachweis nach Satz 1 Nummer 2 gelten Messwerte des Messstellenbetreibers von Messeinrichtungen nach § 2 Satz 1 Nummer 10, 12 und 14 des Messstellenbetriebsgesetzes vom 29. August 2016 (BGBl. I S. 2034), das zuletzt durch Artikel 2 des Gesetzes vom 22. Mai 2023 (BGBl. 2023 I Nr. 133) geändert worden ist, des zeitgleichen Verbrauchs bezogen auf jedes 15-Minuten-Intervall. Die Werte der durchschnittlichen Treibhausgasemissionen pro Energieeinheit Strom der erneuerbaren Energien in Deutschland werden von der zuständigen Stelle nach § 20 Absatz 1 jährlich auf Basis geeigneter internationaler Normen ermittelt und bis zum Ablauf des 31. Oktober für das darauffolgende Verpflichtungsjahr im Bundesanzeiger bekannt gegeben. Für Strommengen, die nur anteilig die Voraussetzungen nach Satz 1 erfüllen, gilt Satz 1 nur für den entsprechenden Anteil. Der Dritte im Sinne des Absatz 1 Satz 2 führt Aufzeichnungen über den Standort und die Art der Stromerzeugungsanlage und fügt die Aufzeichnungen sowie den Nachweis nach Satz 2 der Mitteilung der energetischen Menge nach § 8 Absatz 1 Satz 1 bei. Wird der Nachweis nach Satz 2 nicht oder nicht vollständig erbracht, wird zur Berechnung der Treibhausgasemissionen der Wert nach Absatz 4 verwendet.</P></Content></text><fussnoten/></textdaten></norm>
<norm builddate="20260105215644" doknr="BJNR389200017BJNE000803130"><metadaten><jurabk>BImSchV 38 2017</jurabk><jurabk>38. BImSchV</jurabk><enbez>§ 6</enbez><titel format="XML">Energetische Menge des elektrischen Stroms aus öffentlich zugänglichen Ladepunkten</titel></metadaten><textdaten><text format="XML"><Content><P>(1) Der Dritte führt für jedes Verpflichtungsjahr Aufzeichnungen über die einzelnen öffentlich zugänglichen Ladepunkte im Sinne von § 2 Nummer 2 der Ladesäulenverordnung vom 23. Dezember 2025 (BGBl. 2025 I Nr. 367) in der jeweils geltenden Fassung unter Angabe <DL Font="normal" Type="arabic"><DT>1.</DT><DD Font="normal"><LA Size="normal">des genauen Standortes, an dem sich der Ladepunkt befindet,</LA></DD><DT>2.</DT><DD Font="normal"><LA Size="normal">der energetischen Menge des zur Verwendung in Straßenfahrzeugen mit Elektroantrieb entnommenen Stroms in Megawattstunden und</LA></DD><DT>3.</DT><DD Font="normal"><LA Size="normal">des Zeitraums, in dem die Strommenge entnommen wurde, sofern der Zeitraum nicht das gesamte Verpflichtungsjahr umfasst.</LA></DD></DL>Die zuständige Stelle nach § 20 Absatz 1 kann im Bundesanzeiger bekannt geben, welche weitere Angaben den Aufzeichnungen beizufügen sind, um nachzuweisen, dass es sich um einen öffentlich zugänglichen Ladepunkt im Sinne des § 2 Nummer 2 der Ladesäulenverordnung handelt.</P><P>(2) Der Dritte fügt bei Aufbau und Außerbetriebnahme von Ladepunkten den Aufzeichnungen die Anzeige des Ladepunktbetreibers gegenüber der Bundesnetzagentur für Elektrizität, Gas, Telekommunikation, Post und Eisenbahnen gemäß § 4 Absatz 1 der Ladesäulenverordnung bei. Für bereits bestehende Ladepunkte ist die Anzeige, die zum Zeitpunkt des Aufbaus gegenüber der Bundesnetzagentur für Elektrizität, Gas, Telekommunikation, Post und Eisenbahnen abgegeben wurde, beizufügen.</P><P>(3) Die Anrechnung von Strom, der über einen öffentlich zugänglichen Ladepunkt entnommen wurde, auf die Erfüllung der Verpflichtung zur Minderung der Treibhausgasemissionen ist nur dann möglich, wenn die Bundesnetzagentur für Elektrizität, Gas, Telekommunikation, Post und Eisenbahnen den angezeigten Ladepunkt veröffentlicht hat oder der Dritte der Bundesnetzagentur für Elektrizität, Gas, Telekommunikation, Post und Eisenbahnen die Zustimmung zur Veröffentlichung erteilt hat.</P></Content></text><fussnoten/></textdaten></norm>
<norm builddate="20260105215644" doknr="BJNR389200017BJNE000903125"><metadaten><jurabk>BImSchV 38 2017</jurabk><jurabk>38. BImSchV</jurabk><enbez>§ 7</enbez><titel format="XML">Energetische Menge des elektrischen Stroms in anderen Fällen</titel></metadaten><textdaten><text format="XML"><Content><P>(1) Die Anrechnung von Strom, der nicht über öffentlich zugängliche Ladepunkte entnommen wurde, auf die Erfüllung der Verpflichtung zur Minderung der Treibhausgasemissionen ist nur dann möglich, sofern dieser Strom für reine Batterieelektrofahrzeuge genutzt wurde und ein Schätzwert nach Absatz 3 bekanntgegeben wurde. Ladepunktbetreiber ist in diesen Fällen die Person, auf die nachweislich das reine Batterieelektrofahrzeug zugelassen ist. Elektrischer Strom zur Verwendung in zulassungsfreien Fahrzeugen gemäß § 3 Absatz 3 der Fahrzeug-Zulassungsverordnung vom 20. Juli 2023 (BGBl. 2023 I Nr. 199, S. 2) kann nur auf die Erfüllung der Verpflichtung zur Minderung der Treibhausgasemissionen angerechnet werden, wenn für die entsprechende Fahrzeugklasse ein eigener Schätzwert nach Absatz 3 bekannt gegeben wurde.</P><P>(2) Der Dritte nach § 5 Absatz 1 Satz 2 führt Aufzeichnungen über die Personen, auf die nachweislich ein reines Batterieelektrofahrzeug, für das eine Zulassungspflicht nach § 3 der Fahrzeug-Zulassungsverordnung besteht, zugelassen ist, sowie über das reine Batterieelektrofahrzeug selbst. Als Nachweis gilt eine Zulassungsbescheinigung Teil I des reinen Batterieelektrofahrzeugs, die gemäß § 13 Absatz 1 Satz 1 der Fahrzeug-Zulassungsverordnung ausgefertigt worden ist und als Kopie vorgelegt wird. Spätestens nach Ablauf eines Jahres ist eine Kopie der aktuellen Zulassungsbescheinigung Teil I als Nachweis erforderlich. Der Dritte bewahrt die Kopien der Zulassungsbescheinigungen Teil I für die Dauer von drei Jahren auf. Für Fahrzeuge nach § 3 Absatz 3 der Fahrzeug-Zulassungsverordnung gilt als Nachweis die Übereinstimmungsbescheinigung im Sinne des § 2 Satz 1 Nummer 7 der Fahrzeug-Zulassungsverordnung. Bei der Mitteilung nach § 8 fügt der Dritte die Aufzeichnungen bei. Die nach § 20 Absatz 1 zuständige Stelle kann Näheres zum Format und dem Inhalt der Aufzeichnungen nach Satz 3 im Bundesanzeiger bekannt geben.</P><P>(3) Das Bundesministerium für Umwelt, Naturschutz und nukleare Sicherheit gibt die Schätzwerte der anrechenbaren energetischen Mengen elektrischen Stroms für reine Batterieelektrofahrzeuge im Bundesanzeiger bekannt. Der Schätzwert basiert auf aktuellen Daten über den durchschnittlichen Stromverbrauch von reinen Batterieelektrofahrzeugen in Deutschland.</P><P>(4) Die energetische Menge des im jeweiligen Verpflichtungsjahr nach § 5 anrechenbaren elektrischen Stroms ergibt sich durch die Multiplikation der Zahl der reinen Batterieelektrofahrzeuge, die nach Absatz 2 zu den Dritten gerechnet werden, mit dem Schätzwert. Die Anrechnung der dem jeweiligen Schätzwert entsprechenden Strommenge kann pro reinem Batterieelektrofahrzeug und pro Verpflichtungsjahr nur einmal erfolgen.</P><P>(5) Wird in einem Verpflichtungsjahr ein reines Batterieelektrofahrzeug, für dessen Strommenge bereits eine Mitteilung über die energetische Menge des elektrischen Stroms nach § 8 Absatz 1 Satz 1 erfolgte, auf eine andere Person zugelassen, hat die Person, auf die das Fahrzeug bisher zugelassen war, die andere Person über diese Mitteilung zu informieren. Ein Hinweis auf diese Informationspflicht ist in die Vereinbarung nach § 5 Absatz 2 Satz 1 aufzunehmen.</P></Content></text><fussnoten/></textdaten></norm>
<norm builddate="20260105215644" doknr="BJNR389200017BJNE001002125"><metadaten><jurabk>BImSchV 38 2017</jurabk><jurabk>38. BImSchV</jurabk><enbez>§ 8</enbez><titel format="XML">Mitteilung der energetischen Menge</titel></metadaten><textdaten><text format="XML"><Content><P>(1) Der Dritte teilt der zuständigen Stelle nach § 20 Absatz 1 die energetischen Mengen des elektrischen Stroms mit, die <DL Font="normal" Type="arabic"><DT>1.</DT><DD Font="normal"><LA Size="normal">nach § 6 zur Verwendung in Straßenfahrzeugen mit Elektroantrieb im jeweiligen Verpflichtungsjahr entnommen wurde, bis zum Ablauf des 28. Februar des Folgejahres oder</LA></DD><DT>2.</DT><DD Font="normal"><LA Size="normal">nach § 7 zur Verwendung in reinen Batterieelektrofahrzeugen im jeweiligen Verpflichtungsjahr entnommen wurde, bis zum Ablauf des 15. November des jeweiligen Verpflichtungsjahres.</LA></DD></DL>Die nach § 20 Absatz 1 zuständige Stelle kann verlangen, dass der Dritte innerhalb einer angemessenen Frist die in den §§ 6 und 7 genannten Unterlagen zur Prüfung vorlegt. Sie prüft anhand dieser Unterlagen, ob die Voraussetzungen für die Anrechnung erfüllt sind. Erfolgt die Mitteilung nach Satz 1 Nummer 2 nicht durch den Ladepunktbetreiber selbst, sondern durch eine vom Ladepunktbetreiber bestimmte Person, dürfen mehrere Mitteilungen einer energetischen Menge des elektrischen Stroms in einem Verpflichtungsjahr nur abgegeben werden, wenn die jeweils vorhergehende Mitteilung mindestens 500 Megawattstunden umfasst hat.</P><P>(2) Die nach § 20 Absatz 1 zuständige Stelle stellt dem Dritten eine Bescheinigung über die mitgeteilte energetische Menge elektrischen Stroms aus. In der Bescheinigung sind die energetische Menge des elektrischen Stroms in Megawattstunden und die nach § 5 Absatz 3 errechneten Treibhausgasemissionen in Kilogramm CO<SUB>2</SUB>-Äquivalent angegeben. Die Bescheinigung kann auf Antrag des Dritten in mehrere Teilbescheinigungen aufgeteilt werden. Alle Teilbescheinigungen werden nur an den Dritten ausgestellt, der die Mitteilung nach Absatz 1 Satz 1 vornimmt. Die nach § 20 Absatz 1 zuständige Stelle übersendet der nach § 20 Absatz 2 zuständigen Stelle auf Verlangen Informationen über die erteilten Bescheinigungen.</P><P>(3) Die nach § 20 Absatz 1 zuständige Stelle kann Näheres zum Format und zur Art und Weise der Datenübermittlung im Bundesanzeiger bekanntgeben.</P><P>(4) Die Mitteilung von Strommengen nach § 6 darf ausschließlich Strommengen enthalten, die aus öffentlich zugänglichen Ladepunkten entnommen wurden.</P></Content></text><fussnoten/></textdaten></norm>
<norm builddate="20260105215644" doknr="BJNR389200017BJNE001101116"><metadaten><jurabk>BImSchV 38 2017</jurabk><jurabk>38. BImSchV</jurabk><enbez>§ 9</enbez><titel format="XML">Nachweis durch den Verpflichteten</titel></metadaten><textdaten><text format="XML"><Content><P>(1) Im Zusammenhang mit der Mitteilung nach § 37c Absatz 1 des Bundes-Immissionsschutzgesetzes sind vom Verpflichteten folgende Unterlagen vorzulegen: <DL Type="arabic"><DT>1.</DT><DD Font="normal"><LA>Bescheinigungen über die mitgeteilte Strommenge nach § 8 Absatz 2 und</LA></DD><DT>2.</DT><DD Font="normal"><LA>eine Erklärung des Dritten, der den elektrischen Strom abgegeben hat, dass die jeweilige Strommenge nicht anderweitig zur Erfüllung der Verpflichtung zur Minderung der Treibhausgasemissionen verwendet wurde.</LA></DD></DL>§ 37c Absatz 3 Satz 4 und 5 des Bundes-Immissionsschutzgesetzes gilt entsprechend.</P><P>(2) Die Anrechnung elektrischen Stroms auf die Erfüllung der Verpflichtung zur Minderung der Treibhausgasemissionen setzt voraus, dass die entsprechenden Mengen in der Mitteilung nach § 37c Absatz 1 des Bundes-Immissionsschutzgesetzes enthalten sind. § 37c Absatz 3 Satz 1 bis 3 des Bundes-Immissionsschutzgesetzes ist nicht anzuwenden.</P></Content></text><fussnoten/></textdaten></norm>
<norm builddate="20260105215644" doknr="BJNR389200017BJNG000500000"><metadaten><jurabk>BImSchV 38 2017</jurabk><jurabk>38. BImSchV</jurabk><gliederungseinheit><gliederungskennzahl>020030</gliederungskennzahl><gliederungsbez>Abschnitt 3</gliederungsbez><gliederungstitel>Kraftstoffe fossilen Ursprungs</gliederungstitel></gliederungseinheit></metadaten><textdaten/></norm>
<norm builddate="20260105215644" doknr="BJNR389200017BJNE001201116"><metadaten><jurabk>BImSchV 38 2017</jurabk><jurabk>38. BImSchV</jurabk><enbez>§ 10</enbez><titel format="XML">Treibhausgasemissionen von fossilen Otto- und Dieselkraftstoffen</titel></metadaten><textdaten><text format="XML"><Content><P>(1) Die Treibhausgasemissionen fossiler Ottokraftstoffe berechnen sich durch Multiplikation der vom Verpflichteten in Verkehr gebrachten energetischen Menge fossiler Ottokraftstoffe mit dem Wert 93,3 Kilogramm Kohlenstoffdioxid-Äquivalent pro Gigajoule.</P><P>(2) Die Treibhausgasemissionen fossiler Dieselkraftstoffe berechnen sich durch Multiplikation der vom Verpflichteten in Verkehr gebrachten energetischen Menge fossiler Dieselkraftstoffe mit dem Wert 95,1 Kilogramm Kohlenstoffdioxid-Äquivalent pro Gigajoule.</P></Content></text><fussnoten/></textdaten></norm>
<norm builddate="20260105215644" doknr="BJNR389200017BJNE001301116"><metadaten><jurabk>BImSchV 38 2017</jurabk><jurabk>38. BImSchV</jurabk><enbez>§ 11</enbez><titel format="XML">Treibhausgasemissionen von weiteren fossilen Kraftstoffen</titel></metadaten><textdaten><text format="XML"><Content><P>(1) Die Verpflichtung zur Minderung der Treibhausgasemissionen kann bis einschließlich des Verpflichtungsjahres 2021 auch durch Inverkehrbringen von in Anlage 2 genannten fossilen Kraftstoffen erfüllt werden. Als Inverkehrbringen gilt die Versteuerung nach § 2 Absatz 1 Nummer 1, 4, 7 oder 8 oder Absatz 2 des Energiesteuergesetzes vom 15. Juli 2006 (BGBl. I S. 1534; 2008 I S. 660, 1007), das zuletzt durch Artikel 2 des Gesetzes vom 27. August 2017 (BGBl. I S. 3299) geändert worden ist, in der jeweils geltenden Fassung. Soweit Kraftstoffe nach Anlage 2 keine Energieerzeugnisse nach § 1 Absatz 2 und 3 des Energiesteuergesetzes sind, gelten sie durch Abgabe an den Letztverbraucher zur Verwendung im Straßenverkehr im Sinne des § 37a Absatz 1 Satz 1 und 2 des Bundes-Immissionsschutzgesetzes als in den Verkehr gebracht. In diesem Fall ist Verpflichteter oder Dritter im Sinne des § 37a Absatz 6 des Bundes-Immissionsschutzgesetzes die Person, in deren Name und auf deren Rechnung die Abgabe an den Letztverbraucher erfolgt.</P><P>(2) Die Treibhausgasemissionen der fossilen Kraftstoffe nach Absatz 1 berechnen sich durch Multiplikation der vom Verpflichteten in Verkehr gebrachten energetischen Menge des jeweiligen Kraftstoffs auf Basis des nach § 37b Absatz 9 des Bundes-Immissionsschutzgesetzes bekanntgegebenen Energiegehalts für den unteren Heizwert mit dem in Anlage 2 genannten Wert für dessen Treibhausgasemissionen in Kohlenstoffdioxid-Äquivalent pro Gigajoule und dem jeweils geltenden Anpassungsfaktor für die Antriebseffizienz nach Anlage 3.</P><P>(3) Für die Anrechnung der fossilen Kraftstoffe nach Absatz 1 gelten die Regelungen des § 37a Absatz 4 Satz 3, 5, 6, 9 und 10, Absatz 6 bis 8 sowie des § 37c Absatz 1 Satz 1, 3 bis 6, Absatz 3 Satz 4 und 5 und Absatz 5 des Bundes-Immissionsschutzgesetzes entsprechend, soweit sich aus den Regelungen der Absätze 1 und 2 nichts anderes ergibt.</P><P>(4) Im Fall von Absatz 1 Satz 3 und 4 hat der Verpflichtete durch geeignete Aufzeichnungen für das jeweilige Verpflichtungsjahr die Art und zugehörige Menge der von ihm in Verkehr gebrachten Kraftstoffe nachzuweisen. Der Verpflichtete hat dabei insbesondere die Art und zugehörige Menge sowie die Treibhausgasemissionen der von ihm in Verkehr gebrachten Kraftstoffe zu erfassen. Auf Grundlage der Aufzeichnungen muss es einem sachverständigen Dritten innerhalb einer angemessenen Frist möglich sein, die Grundlagen für die Berechnung der Treibhausgasminderung festzustellen.</P></Content></text><fussnoten/></textdaten></norm>
<norm builddate="20260105215644" doknr="BJNR389200017BJNG000600000"><metadaten><jurabk>BImSchV 38 2017</jurabk><jurabk>38. BImSchV</jurabk><gliederungseinheit><gliederungskennzahl>020040</gliederungskennzahl><gliederungsbez>Abschnitt 4</gliederungsbez><gliederungstitel>Biokraftstoffe</gliederungstitel></gliederungseinheit></metadaten><textdaten/></norm>
<norm builddate="20260105215644" doknr="BJNR389200017BJNE001400000"><metadaten><jurabk>BImSchV 38 2017</jurabk><jurabk>38. BImSchV</jurabk><enbez>§ 12</enbez><titel format="XML">Biogenes Flüssiggas</titel></metadaten><textdaten><text format="XML"><Content><P>(1) Die Verpflichtung zur Minderung der Treibhausgasemissionen kann auch erfüllt werden durch Inverkehrbringen von nach § 2 Absatz 1 Nummer 8 oder Absatz 2 Nummer 2 des Energiesteuergesetzes versteuerten Flüssiggasen, <DL Type="arabic"><DT>1.</DT><DD Font="normal"><LA>die ganz oder anteilig aus Biomasse im Sinne der Biomasseverordnung vom 21. Juni 2001 (BGBl. I S. 1234), die zuletzt durch Artikel 8 des Gesetzes vom 13. Oktober 2016 (BGBl. I S. 2258) geändert worden ist, in der jeweils geltenden Fassung, in Verbindung mit § 4, hergestellt wurden und</LA></DD><DT>2.</DT><DD Font="normal"><LA>deren Eigenschaften mindestens den Anforderungen an Flüssiggaskraftstoff nach § 7 der Verordnung über die Beschaffenheit und die Auszeichnung der Qualitäten von Kraft- und Brennstoffen vom 8. Dezember 2010 (BGBl. I S. 1849), die zuletzt durch Artikel 1 der Verordnung vom 1. Dezember 2014 (BGBl. I S. 1890) geändert worden ist, in der jeweils geltenden Fassung, entsprechen.</LA></DD></DL></P><P>(2) Flüssiggaskraftstoff, der anteilig aus Biomasse hergestellt wurde, gilt in Höhe dieses Anteils als Biokraftstoff.</P></Content></text></textdaten></norm>
<norm builddate="20260105215644" doknr="BJNR389200017BJNE003000116"><metadaten><jurabk>BImSchV 38 2017</jurabk><jurabk>38. BImSchV</jurabk><enbez>§ 12a</enbez><titel format="XML">Verflüssigtes Biomethan</titel></metadaten><textdaten><text format="XML"><Content><P>(1) Die Verpflichtung zur Minderung der Treibhausgasemissionen kann auch erfüllt werden durch Inverkehrbringen von nach § 2 Absatz 1 Nummer 7 oder Absatz 2 Nummer 1 des Energiesteuergesetzes versteuertem verflüssigtem Biomethan, <DL Type="arabic"><DT>1.</DT><DD Font="normal"><LA>das ganz oder anteilig aus Biomasse im Sinne der Biomasseverordnung in Verbindung mit § 4 hergestellt wurde und</LA></DD><DT>2.</DT><DD Font="normal"><LA>wenn dessen Eigenschaften mindestens den Anforderungen an Erdgas und Biogas als Kraftstoffe nach § 8 der Verordnung über die Beschaffenheit und die Auszeichnung der Qualitäten von Kraft- und Brennstoffen vom 8. Dezember 2010 (BGBl. I S. 1849), die durch Artikel 8 Absatz 1 der Verordnung vom 2. Mai 2013 (BGBl. I S. 1021) geändert worden ist, in der jeweils geltenden Fassung entsprechen.</LA></DD></DL></P><P>(2) Verflüssigtes Biomethan, das anteilig aus Biomasse hergestellt wurde, gilt in Höhe dieses Anteils als Biokraftstoff.</P></Content></text><fussnoten/></textdaten></norm>
<norm builddate="20260105215644" doknr="BJNR389200017BJNG000700000"><metadaten><jurabk>BImSchV 38 2017</jurabk><jurabk>38. BImSchV</jurabk><gliederungseinheit><gliederungskennzahl>030</gliederungskennzahl><gliederungsbez>Teil 3</gliederungsbez><gliederungstitel>Indirekte Landnutzungsänderungen</gliederungstitel></gliederungseinheit></metadaten><textdaten/></norm>
<norm builddate="20260105215644" doknr="BJNR389200017BJNE001502116"><metadaten><jurabk>BImSchV 38 2017</jurabk><jurabk>38. BImSchV</jurabk><enbez>§ 13</enbez><titel format="XML">Obergrenze für die Anrechenbarkeit von Biokraftstoffen aus Nahrungs- und Futtermittelpflanzen</titel></metadaten><textdaten><text format="XML"><Content><P>(1) Übersteigt in einem Verpflichtungsjahr der energetische Anteil der Biokraftstoffe aus Nahrungs- und Futtermittelpflanzen ab dem Kalenderjahr 2022 4,4 Prozent, so wird für die Treibhausgasemissionen der diesen Anteil übersteigenden Biokraftstoffe aus Nahrungs- und Futtermittelpflanzen der Basiswert zugrunde gelegt. Im Fall von biogenem Flüssiggas wird abweichend von Satz 1 anstelle des Basiswertes der Wert nach Anlage 2 Buchstabe a zugrunde gelegt. Im Fall von Biomethan wird abweichend von Satz 1 anstelle des Basiswertes der Wert nach Anlage 2 Buchstabe b zugrunde gelegt. Im Fall von verflüssigtem Biomethan nach § 12a wird abweichend von Satz 1 anstelle des Basiswerts der Wert nach Anlage 2 Buchstabe c zugrunde gelegt.</P><P>(2) Die Obergrenze nach Absatz 1 bezieht sich prozentual auf die energetische Menge der bei der Berechnung des Referenzwertes nach § 37a Absatz 4 Satz 3 des Bundes-Immissionsschutzgesetzes zu berücksichtigenden Kraftstoffe.</P><P>(3) Biokraftstoffe aus Nahrungs- und Futtermittelpflanzen können Gegenstand eines Vertrages nach § 37a Absatz 7 Satz 1 des Bundes-Immissionsschutzgesetzes sein. Der Vertrag muss zusätzlich die Angaben nach § 37a Absatz 6 Satz 2 und 3 des Bundes-Immissionsschutzgesetzes enthalten. § 37a Absatz 6 Satz 7 des Bundes-Immissionsschutzgesetzes gilt entsprechend.</P><P>(4) Für die Obergrenze nach Absatz 1 gilt § 37c Absatz 5 des Bundes-Immissionsschutzgesetzes entsprechend, soweit sich aus den Regelungen des Absatzes 1 nichts anderes ergibt.</P></Content></text><fussnoten/></textdaten></norm>
<norm builddate="20260105215644" doknr="BJNR389200017BJNE003100116"><metadaten><jurabk>BImSchV 38 2017</jurabk><jurabk>38. BImSchV</jurabk><enbez>§ 13a</enbez><titel format="XML">Obergrenze für die Anrechenbarkeit von abfallbasierten Biokraftstoffen</titel></metadaten><textdaten><text format="XML"><Content><P>Übersteigt in einem Verpflichtungsjahr der energetische Anteil der Biokraftstoffe, die aus den in Anlage 4 genannten Rohstoffen hergestellt wurden, 1,9 Prozent, so wird für die Treibhausgasemissionen der diesen Anteil übersteigenden Biokraftstoffe, die aus den in Anlage 4 genannten Rohstoffen hergestellt wurden, der Basiswert zugrunde gelegt. § 13 Absatz 1 Satz 2, 3 und 4 sowie § 13 Absatz 2 bis 4 gelten entsprechend.</P></Content></text><fussnoten/></textdaten></norm>
<norm builddate="20260105215644" doknr="BJNR389200017BJNE003200116"><metadaten><jurabk>BImSchV 38 2017</jurabk><jurabk>38. BImSchV</jurabk><enbez>§ 13b</enbez><titel format="XML">Obergrenze für die Anrechenbarkeit von Biokraftstoffen aus Rohstoffen mit hohem Risiko indirekter Landnutzungsänderung</titel></metadaten><textdaten><text format="XML"><Content><P>(1) Übersteigt in einem Verpflichtungsjahr der energetische Anteil der Biokraftstoffe aus Rohstoffen mit hohen Risiko indirekter Landnutzungsänderung nach Artikel 3 der Verordnung (EU) 2019/807 <DL Type="arabic"><DT>1.</DT><DD Font="normal"><LA>ab dem Kalenderjahr 2022 0,9 Prozent,</LA></DD><DT>2.</DT><DD Font="normal"><LA>ab dem Kalenderjahr 2023 0 Prozent,</LA></DD></DL>so wird für die Treibhausgasemissionen der diesen Anteil übersteigenden Biokraftstoffe aus Rohstoffen mit hohem Risiko indirekter Landnutzungsänderung nach Artikel 3 der Verordnung (EU) 2019/807 der Basiswert zugrunde gelegt. § 13 Absatz 1 Satz 2, 3 und 4 sowie § 13 Absatz 2 bis 4 gelten entsprechend.</P><P>(2) Absatz 1 gilt nicht für Biokraftstoffe, die nach Artikel 4 der Verordnung (EU) 2019/807 zertifiziert sind.</P></Content></text><fussnoten/></textdaten></norm>
<norm builddate="20260105215644" doknr="BJNR389200017BJNE001602125"><metadaten><jurabk>BImSchV 38 2017</jurabk><jurabk>38. BImSchV</jurabk><enbez>§ 14</enbez><titel format="XML">Mindestanteil fortschrittlicher Biokraftstoffe</titel></metadaten><textdaten><text format="XML"><Content><P>(1) Der Verpflichtete nach § 37a Absatz 1 Satz 1 und 2 in Verbindung mit Absatz 4 Satz 1 bis 3 des Bundes-Immissionsschutzgesetzes hat jährlich einen Mindestanteil Kraftstoffe, die aus den in Anlage 1 genannten Rohstoffen hergestellt wurden (fortschrittliche Biokraftstoffe), in Verkehr zu bringen. Als Inverkehrbringen gilt die Versteuerung nach § 2 Absatz 1 Nummer 1, 4, 7 oder 8 oder Absatz 2 des Energiesteuergesetzes. Soweit Kraftstoffe nach Satz 1 keine Energieerzeugnisse nach § 1 Absatz 2 und 3 des Energiesteuergesetzes sind, gelten sie durch Abgabe an den Letztverbraucher zur Verwendung im Straßenverkehr im Sinne des § 37a Absatz 1 Satz 1 und 2 des Bundes-Immissionsschutzgesetzes als in den Verkehr gebracht. In diesem Fall ist Verpflichteter oder Dritter im Sinne des § 37a Absatz 6 des Bundes-Immissionsschutzgesetzes die Person, in deren Name und auf deren Rechnung die Abgabe an den Letztverbraucher erfolgt. Die Höhe des Mindestanteils beträgt <DL Type="arabic"><DT>1.</DT><DD Font="normal"><LA>0,1 Prozent ab dem Kalenderjahr 2021 für Unternehmen, die im vorangegangenen Verpflichtungsjahr mehr als 10 Petajoule Kraftstoffe im Sinne von § 37a Absatz 1 Satz 1 und 2 des Bundes-Immissionsschutzgesetzes in Verkehr gebracht haben,</LA></DD><DT>2.</DT><DD Font="normal"><LA>0,2 Prozent ab dem Kalenderjahr 2022 für Unternehmen, die im vorangegangenen Verpflichtungsjahr mehr als 10 Petajoule Kraftstoffe im Sinne von § 37a Absatz 1 Satz 1 und 2 des Bundes-Immissionsschutzgesetzes in Verkehr gebracht haben,</LA></DD><DT>3.</DT><DD Font="normal"><LA>0,3 Prozent ab dem Kalenderjahr 2023 für Unternehmen, die im vorangegangenen Verpflichtungsjahr mehr als zwei Petajoule Kraftstoffe im Sinne von § 37a Absatz 1 Satz 1 und 2 des Bundes-Immissionsschutzgesetzes in Verkehr gebracht haben,</LA></DD><DT>4.</DT><DD Font="normal"><LA>0,4 Prozent ab dem Kalenderjahr 2024 für Unternehmen, die im vorangegangenen Verpflichtungsjahr mehr als zwei Petajoule Kraftstoffe im Sinne von § 37a Absatz 1 Satz 1 und 2 des Bundes-Immissionsschutzgesetzes in Verkehr gebracht haben,</LA></DD><DT>5.</DT><DD Font="normal"><LA>0,7 Prozent ab dem Kalenderjahr 2025,</LA></DD><DT>6.</DT><DD Font="normal"><LA>1,0 Prozent ab dem Kalenderjahr 2026,</LA></DD><DT>7.</DT><DD Font="normal"><LA>1,7 Prozent ab dem Kalenderjahr 2028 und</LA></DD><DT>8.</DT><DD Font="normal"><LA>2,6 Prozent ab dem Kalenderjahr 2030.</LA></DD></DL></P><P>(2) Der Mindestanteil bezieht sich auf die energetische Menge der bei der Berechnung des Referenzwertes nach § 37a Absatz 4 Satz 3 des Bundes-Immissionsschutzgesetzes zu berücksichtigenden Kraftstoffe zuzüglich der energetischen Menge der eingesetzten Erfüllungsoptionen. Absatz 5 bleibt hierbei unberücksichtigt.</P><P>(3) Für den Mindestanteil gelten § 37a Absatz 4 Satz 7 bis 10, Absatz 6 und 7 und § 37b des Bundes-Immissionsschutzgesetzes entsprechend. Soweit Verpflichtete der Verpflichtung nach Absatz 1 nicht nachkommen, setzt die zuständige Stelle für die nach dem Energiegehalt berechnete Fehlmenge eine Abgabe fest. § 37c Absatz 2 Satz 2 und 7 des Bundes-Immissionsschutzgesetzes gilt entsprechend. Die Höhe der Abgabe ergibt sich aus § 37c Absatz 2 Satz 3 des Bundes-Immissionsschutzgesetzes. Weiterhin gilt § 37c Absatz 3 Satz 4 und 5 und Absatz 5 des Bundes-Immissionsschutzgesetzes entsprechend, soweit sich aus den Regelungen der Absätze 1 und 2 nichts anderes ergibt.</P><P>(4) Übersteigen in einem Verpflichtungsjahr Mengen an fortschrittlichen Biokraftstoffen den Mindestanteil nach Absatz 1 in Verbindung mit Absatz 2, kann der Verpflichtete beantragen, dass <DL Type="arabic"><DT>1.</DT><DD Font="normal"><LA>die übersteigende Menge mit dem Doppelten ihres Energiegehalts auf die Erfüllung der Verpflichtung zur Minderung der Treibhausgasemissionen in dem Verpflichtungsjahr, in dem sie in Verkehr gebracht wurden, oder</LA></DD><DT>2.</DT><DD Font="normal"><LA>ihre energetische Menge auf den Mindestanteil des folgenden Verpflichtungsjahres</LA></DD></DL>angerechnet wird. Satz 1 Nummer 1 gilt nicht für Biokraftstoffe aus den Rohstoffen nach Anlage 1 Nummer 7.</P><P>(5) Im Fall des Absatzes 4 Satz 1 Nummer 1 wird <DL Type="arabic"><DT>1.</DT><DD Font="normal"><LA>zur Berechnung des Referenzwertes nach § 37a Absatz 4 Satz 3 des Bundes-Immissionsschutzgesetzes die energetische Menge mit dem Faktor 2 multipliziert und</LA></DD><DT>2.</DT><DD Font="normal"><LA>zur Berechnung der Treibhausgasemissionen die energetische Menge mit dem Faktor 2 sowie mit dem Wert der in den anerkannten Nachweisen nach § 8 der Biokraftstoff-Nachhaltigkeitsverordnung ausgewiesenen Treibhausgasemissionen in Kilogramm Kohlenstoffdioxid-Äquivalent pro Gigajoule multipliziert.</LA></DD></DL>Treibhausgasminderungsmengen, die den nach § 37a Absatz 4 vorgeschriebenen Prozentsatz übersteigen, werden auf Antrag des Verpflichteten auf den Prozentsatz des folgenden Kalenderjahres angerechnet. Die Reihenfolge, in der die Nachweise nach § 8 der Biokraftstoff-Nachhaltigkeitsverordnung berücksichtigt werden, ist durch den Verpflichteten nach § 37a Absatz 1 Satz 1 und 2 mit Absatz 4 Satz 1 bis 3 des Bundes-Immissionsschutzgesetzes festzulegen.</P></Content></text><fussnoten/></textdaten></norm>
<norm builddate="20260105215644" doknr="BJNR389200017BJNE001702116"><metadaten><jurabk>BImSchV 38 2017</jurabk><jurabk>38. BImSchV</jurabk><enbez>§ 15</enbez><titel format="XML">Nachweis der Einhaltung der Regelungen zu indirekten Landnutzungsänderungen</titel></metadaten><textdaten><text format="XML"><Content><P>Als Nachweis für die Einhaltung der Voraussetzungen nach den §§ 13, 13a, 13b und 14 gelten die Nachhaltigkeitsnachweise im Sinne der Biokraftstoff-Nachhaltigkeitsverordnung, die der Verpflichtete im Zusammenhang mit der Mitteilung nach § 37c Absatz 1 des Bundes-Immissionsschutzgesetzes vorgelegt hat. Sofern Biokraftstoffe anteilig aus Biokraftstoffen aus Nahrungs- und Futtermittelpflanzen und fortschrittlichen Biokraftstoffen hergestellt wurden, ist die Menge in Litern oder der Anteil in Volumenprozent jedes dieser Kraftstoffe auf dem Nachhaltigkeitsnachweis auszuweisen.</P></Content></text><fussnoten/></textdaten></norm>
<norm builddate="20260105215644" doknr="BJNR389200017BJNG000800000"><metadaten><jurabk>BImSchV 38 2017</jurabk><jurabk>38. BImSchV</jurabk><gliederungseinheit><gliederungskennzahl>040</gliederungskennzahl><gliederungsbez>Teil 4</gliederungsbez><gliederungstitel>Berichtspflichten</gliederungstitel></gliederungseinheit></metadaten><textdaten/></norm>
<norm builddate="20260105215644" doknr="BJNR389200017BJNE001801116"><metadaten><jurabk>BImSchV 38 2017</jurabk><jurabk>38. BImSchV</jurabk><enbez>§ 16</enbez><titel format="XML">Berichte über in Verkehr gebrachte Kraftstoffe und Energieerzeugnisse</titel></metadaten><textdaten><text format="XML"><Content><P>Die nach § 20 Absatz 2 zuständige Stelle übermittelt der nach § 20 Absatz 1 zuständigen Stelle jährlich bis zum Ablauf des 1. November <DL Type="arabic"><DT>1.</DT><DD Font="normal"><LA>die von Verpflichteten nach § 37c Absatz 1 des Bundes-Immissionsschutzgesetzes mitgeteilten Mengen und Treibhausgasemissionen sowie</LA></DD><DT>2.</DT><DD Font="normal"><LA>die Schätzungen nach § 37c Absatz 3 des Bundes-Immissionsschutzgesetzes.</LA></DD></DL>Die Daten nach Satz 1 sind erstmals für das Verpflichtungsjahr 2021 zu übermitteln.</P></Content></text><fussnoten/></textdaten></norm>
<norm builddate="20260105215644" doknr="BJNR389200017BJNE001901116"><metadaten><jurabk>BImSchV 38 2017</jurabk><jurabk>38. BImSchV</jurabk><enbez>(XXXX) §§ 17 bis 19</enbez><titel format="XML">(weggefallen)</titel></metadaten><textdaten><text format="XML"><Content><P/></Content></text><fussnoten/></textdaten></norm>
<norm builddate="20260105215644" doknr="BJNR389200017BJNG000900000"><metadaten><jurabk>BImSchV 38 2017</jurabk><jurabk>38. BImSchV</jurabk><gliederungseinheit><gliederungskennzahl>050</gliederungskennzahl><gliederungsbez>Teil 5</gliederungsbez><gliederungstitel>Zuständigkeit</gliederungstitel></gliederungseinheit></metadaten><textdaten/></norm>
<norm builddate="20260105215644" doknr="BJNR389200017BJNE002202125"><metadaten><jurabk>BImSchV 38 2017</jurabk><jurabk>38. BImSchV</jurabk><enbez>§ 20</enbez><titel format="XML">Zuständige Stellen</titel></metadaten><textdaten><text format="XML"><Content><P>(1) Das Umweltbundesamt ist zuständig für <DL Font="normal" Type="arabic"><DT>1.</DT><DD Font="normal"><LA Size="normal">die Ermittlung und Bekanntgabe der Werte der durchschnittlichen Treibhausgasemissionen nach § 5 Absatz 4 und 5,</LA></DD><DT>2.</DT><DD Font="normal"><LA Size="normal">die Prüfung der nach § 8 Absatz 1 mitgeteilten energetischen Menge elektrischen Stroms,</LA></DD><DT>3.</DT><DD Font="normal"><LA Size="normal">die Ausstellung von Bescheinigungen über die nach § 8 Absatz 2 mitgeteilte energetische Menge elektrischen Stroms und</LA></DD><DT>4.</DT><DD Font="normal"><LA Size="normal">die Bekanntgabe nach § 7 Absatz 2 und § 8 Absatz 3.</LA></DD></DL></P><P>(2) Das Hauptzollamt Frankfurt (Oder) ist zuständig für <DL Font="normal" Type="arabic"><DT>1.</DT><DD Font="normal"><LA Size="normal">eine Anrechnung von in Straßenfahrzeugen mit Elektroantrieb genutztem elektrischem Strom nach § 5 Absatz 1,</LA></DD><DT>2.</DT><DD Font="normal"><LA Size="normal">die Anrechnung von fossilen Kraftstoffen nach § 11,</LA></DD><DT>3.</DT><DD Font="normal"><LA Size="normal">die Anrechnung von biogenem Flüssiggas nach § 12,</LA></DD><DT>4.</DT><DD Font="normal"><LA Size="normal">die Anrechnung von verflüssigtem Biomethan nach § 12a,</LA></DD><DT>5.</DT><DD Font="normal"><LA Size="normal">die Überwachung der Einhaltung der Obergrenze für Biokraftstoffe aus Nahrungs- und Futtermittelpflanzen nach § 13,</LA></DD><DT>6.</DT><DD Font="normal"><LA Size="normal">die Überwachung der Einhaltung der Obergrenze für abfallbasierte Biokraftstoffe nach § 13a,</LA></DD><DT>7.</DT><DD Font="normal"><LA Size="normal">die Überwachung der Einhaltung der Obergrenze für Biokraftstoffe mit hohem Risiko indirekter Landnutzungsänderung nach § 13b,</LA></DD><DT>8.</DT><DD Font="normal"><LA Size="normal">die Überwachung der Erfüllung des Mindestanteils an fortschrittlichen Kraftstoffen nach § 14 und</LA></DD><DT>9.</DT><DD Font="normal"><LA Size="normal">die Übermittlung der Daten nach § 16.</LA></DD></DL></P></Content></text><fussnoten/></textdaten></norm>
<norm builddate="20260105215644" doknr="BJNR389200017BJNG001000000"><metadaten><jurabk>BImSchV 38 2017</jurabk><jurabk>38. BImSchV</jurabk><gliederungseinheit><gliederungskennzahl>060</gliederungskennzahl><gliederungsbez>Teil 6</gliederungsbez><gliederungstitel>Übergangs- und Schlussbestimmungen</gliederungstitel></gliederungseinheit></metadaten><textdaten/></norm>
<norm builddate="20260105215644" doknr="BJNR389200017BJNE002300000"><metadaten><jurabk>BImSchV 38 2017</jurabk><jurabk>38. BImSchV</jurabk><enbez>§ 21</enbez><titel format="XML">Übergangsbestimmung</titel></metadaten><textdaten><text format="XML"><Content><P>Diese Verordnung ist nicht anzuwenden auf elektrischen Strom, der vor dem 1. Januar 2018 aus dem Netz entnommen wurde, und auf Kraftstoffe, die vor dem 1. Januar 2018 in Verkehr gebracht wurden.</P></Content></text></textdaten></norm>
<norm builddate="20260105215644" doknr="BJNR389200017BJNE002400000"><metadaten><jurabk>BImSchV 38 2017</jurabk><jurabk>38. BImSchV</jurabk><enbez>§ 22</enbez><titel format="XML">Inkrafttreten</titel></metadaten><textdaten><text format="XML"><Content><P>Diese Verordnung tritt am Tag nach der Verkündung in Kraft.</P></Content></text></textdaten></norm>
<norm builddate="20260105215644" doknr="BJNR389200017BJNE002501116"><metadaten><jurabk>BImSchV 38 2017</jurabk><jurabk>38. BImSchV</jurabk><enbez>Anlage 1</enbez><titel format="XML">(zu § 1 Absatz 2 und § 14 Absatz 1)<BR/>Rohstoffe für die Herstellung fortschrittlicher Biokraftstoffe nach § 14 Absatz 1</titel></metadaten><textdaten><text format="XML"><Content><P><noindex><kommentar typ="Fundstelle">(Fundstelle: BGBl. I 2017, 3899; <BR/>bzgl. der einzelnen Änderungen vgl. Fußnote)</kommentar></noindex></P><BR/><BR/><P>Rohstoffe für die Herstellung fortschrittlicher Biokraftstoffe nach § 14 Absatz 1 sind:<DL Font="normal" Type="arabic"><DT>1.</DT><DD Font="normal"><LA Size="normal">Algen, die an Land in Becken oder Photobioreaktoren kultiviert worden sind,</LA></DD><DT>2.</DT><DD Font="normal"><LA Size="normal">Biomasse-Anteil an gemischten Siedlungsabfällen, nicht jedoch getrennte Haushaltsabfälle, für die Recycling-Ziele gemäß Artikel 11 Absatz 2 Buchstabe a der Richtlinie 2008/98/EG des Europäischen Parlaments und des Rates vom 19. November 2008 über Abfälle und zur Aufhebung bestimmter Richtlinien (ABl. L 312 vom 22.11.2008, S. 3), die zuletzt durch die Verordnung (EU) 2017/997 (ABl. L 150 vom 14.6.2017, S. 1) geändert worden ist, in der jeweils geltenden Fassung, gelten,</LA></DD><DT>3.</DT><DD Font="normal"><LA Size="normal">Bioabfall im Sinne des Artikels 3 Absatz 4 der Richtlinie 2008/98/EG aus privaten Haushaltungen, der einer getrennten Sammlung im Sinne des Artikels 3 Absatz 11 der Richtlinie 2008/98/EG unterliegt,</LA></DD><DT>4.</DT><DD Font="normal"><LA Size="normal">Biomasse-Anteil von Industrieabfällen, der ungeeignet zur Verwendung in der Nahrungs- oder Futtermittelkette ist, einschließlich Material aus Groß- und Einzelhandel, Agrar- und Ernährungsindustrie sowie Fischwirtschaft und Aquakulturindustrie; nicht jedoch die Rohstoffe, die in Anlage 4 aufgeführt sind,</LA></DD><DT>5.</DT><DD Font="normal"><LA Size="normal">Stroh,</LA></DD><DT>6.</DT><DD Font="normal"><LA Size="normal">Mist, Gülle und Klärschlamm,</LA></DD><DT>7.</DT><DD Font="normal"><LA Size="normal">Abwasser aus Palmölmühlen und leere Palmfruchtbündel,</LA></DD><DT>8.</DT><DD Font="normal"><LA Size="normal">Tallölpech,</LA></DD><DT>9.</DT><DD Font="normal"><LA Size="normal">Rohglyzerin,</LA></DD><DT>10.</DT><DD Font="normal"><LA Size="normal">Bagasse,</LA></DD><DT>11.</DT><DD Font="normal"><LA Size="normal">Traubentrester und Weintrub,</LA></DD><DT>12.</DT><DD Font="normal"><LA Size="normal">Nussschalen,</LA></DD><DT>13.</DT><DD Font="normal"><LA Size="normal">Hülsen,</LA></DD><DT>14.</DT><DD Font="normal"><LA Size="normal">entkernte Maiskolben,</LA></DD><DT>15.</DT><DD Font="normal"><LA Size="normal">Biomasse-Anteile von Abfällen und Reststoffen aus der Forstwirtschaft und forstbasierten Industrien, insbesondere Rinde, Zweige, vorkommerzielles Durchforstungsholz, Blätter, Nadeln, Baumspitzen, Sägemehl, Sägespäne, Schwarzlauge, Braunlauge, Faserschlämme, Lignin und Tallöl,</LA></DD><DT>16.</DT><DD Font="normal"><LA Size="normal">anderes zellulosehaltiges Non-Food-Material im Sinne des Artikels 2 Nummer 42 der Richtlinie 2018/2001/EU in der jeweils geltenden Fassung,</LA></DD><DT>17.</DT><DD Font="normal"><LA Size="normal">anderes lignozellulosehaltiges Material im Sinne des Artikels 2 Nummer 41 der Richtlinie 2018/2001/EU in der jeweils geltenden Fassung mit Ausnahme von Säge- und Furnierrundholz.</LA></DD></DL></P></Content></text><fussnoten/></textdaten></norm>
<norm builddate="20260105215644" doknr="BJNR389200017BJNE002600000"><metadaten><jurabk>BImSchV 38 2017</jurabk><jurabk>38. BImSchV</jurabk><enbez>Anlage 2</enbez><titel format="XML">(zu den §§ 11 und 13)<BR/>Treibhausgasemissionen fossiler Kraftstoffe</titel></metadaten><textdaten><text format="XML"><Content><P><noindex><kommentar typ="Fundstelle">(Fundstelle: BGBl. I 2017, 3900)</kommentar></noindex></P><BR/><P>Für die Treibhausgasemissionen fossiler Kraftstoffe gelten folgende Werte: <BR/><BR/><table colsep="1" frame="all" pgwide="1" rowsep="1" tocentry="%yes;"><tgroup align="left" char="" charoff="50" cols="4"><colspec colname="col1" colwidth="9*"/><colspec colname="col2" colwidth="53*"/><colspec colname="col3" colwidth="62*"/><colspec align="char" char="," colname="col4" colwidth="40*"/><thead valign="bottom"><row><entry VJ="1" colname="col1"/><entry VJ="1" align="center" colname="col2" valign="middle">Kraftstoff</entry><entry VJ="1" align="center" colname="col3" valign="middle">Rohstoffquelle und Verfahren</entry><entry VJ="1" align="center" colname="col4" valign="middle">Spezifische<BR/>Treibhausgasemissionen<BR/> (in kg CO<SUB>2</SUB>-Äquivalent pro GJ)</entry></row></thead><tbody valign="top"><row><entry VJ="1" colname="col1">a)</entry><entry VJ="1" colname="col2">Flüssiggaskraftstoff (LPG)</entry><entry VJ="1" colname="col3">Alle fossilen Quellen</entry><entry VJ="1" align="center" colname="col4" valign="middle">73,6</entry></row><row><entry VJ="1" colname="col1">b)</entry><entry VJ="1" colname="col2">Komprimiertes Erdgas (CNG)</entry><entry VJ="1" colname="col3">EU-Mix</entry><entry VJ="1" align="center" colname="col4" valign="middle">69,3</entry></row><row><entry VJ="1" colname="col1">c)</entry><entry VJ="1" colname="col2">Verflüssigtes Erdgas (LNG)</entry><entry VJ="1" colname="col3">EU-Mix</entry><entry VJ="1" align="center" colname="col4" valign="middle">74,5</entry></row><row><entry VJ="1" colname="col1">d)</entry><entry VJ="1" align="justify" colname="col2">Komprimierter Wasserstoff in einer Brennstoffzelle</entry><entry VJ="1" colname="col3">Erdgas mit Dampfreformierung</entry><entry VJ="1" align="center" colname="col4" valign="middle">104,3</entry></row><row><entry VJ="1" colname="col1">e)</entry><entry VJ="1" align="justify" colname="col2">Komprimierter Wasserstoff in einer Brennstoffzelle</entry><entry VJ="1" colname="col3">Kohle</entry><entry VJ="1" align="center" colname="col4" valign="middle">234,4</entry></row><row><entry VJ="1" colname="col1">f)</entry><entry VJ="1" align="justify" colname="col2">Komprimierter Wasserstoff in einer Brennstoffzelle</entry><entry VJ="1" align="justify" colname="col3">Kohle mit Abscheidung und Speicherung von CO<SUB>2</SUB> aus Prozessemissionen</entry><entry VJ="1" align="center" colname="col4" valign="middle">52,7</entry></row><row><entry VJ="1" colname="col1">g)</entry><entry VJ="1" colname="col2">Otto-, Diesel- und Gasölkraftstoff</entry><entry VJ="1" colname="col3">Altkunststoff aus fossilen Rohstoffen</entry><entry VJ="1" align="center" colname="col4" valign="middle">86</entry></row></tbody></tgroup></table></P></Content></text></textdaten></norm>
<norm builddate="20260105215644" doknr="BJNR389200017BJNE002701125"><metadaten><jurabk>BImSchV 38 2017</jurabk><jurabk>38. BImSchV</jurabk><enbez>Anlage 3</enbez><titel format="XML">(zu § 5 Absatz 3 und § 11 Absatz 2)<BR/>Anpassungsfaktoren für die Antriebseffizienz</titel></metadaten><textdaten><text format="XML"><Content><P><noindex><kommentar typ="Fundstelle">(Fundstelle: BGBl. I 2017, 3901)</kommentar></noindex></P><BR/><BR/><P>Die Anpassungsfaktoren für die Antriebseffizienz sind: <BR/><BR/><table colsep="1" frame="all" pgwide="1" rowsep="1" tocentry="%yes;"><tgroup align="left" char="" charoff="50" cols="2"><colspec colname="col1" colwidth="70*"/><colspec align="char" char="," colname="col2" colwidth="42*"/><thead valign="bottom"><row><entry VJ="1" align="center" colname="col1" valign="middle">Vorherrschende Umwandlungstechnologie</entry><entry VJ="1" align="center" colname="col2">Anpassungsfaktor<BR/>für die Antriebseffizienz</entry></row></thead><tbody valign="top"><row><entry VJ="1" colname="col1">Verbrennungsmotor</entry><entry VJ="1" align="center" colname="col2" valign="middle">1</entry></row><row><entry VJ="1" colname="col1">Batteriegestützter Elektroantrieb</entry><entry VJ="1" align="center" colname="col2" valign="middle">0,4</entry></row><row><entry VJ="1" colname="col1">Wasserstoffzellengestützter Elektroantrieb</entry><entry VJ="1" align="center" colname="col2" valign="middle">0,4</entry></row></tbody></tgroup></table></P></Content></text><fussnoten/></textdaten></norm>
<norm builddate="20260105215644" doknr="BJNR389200017BJNE002801116"><metadaten><jurabk>BImSchV 38 2017</jurabk><jurabk>38. BImSchV</jurabk><enbez>Anlage 4</enbez><titel format="XML">(zu § 13a)<BR/>Rohstoffe für die Herstellung von Biokraftstoffen nach § 13a</titel></metadaten><textdaten><text format="XML"><Content><P><noindex><kommentar typ="Fundstelle">(Fundstelle: BGBl. I 2019, 743; <BR/>bzgl. der einzelnen Änderungen vgl. Fußnote)</kommentar></noindex></P><BR/><BR/><P>Rohstoffe für die Herstellung von Biokraftstoffen, deren Beitrag zu dem in Artikel 3 Absatz 4 Unterabsatz 1 der Richtlinie 2009/28/EG genannten Ziel mit dem Doppelten ihres Energiegehalts angesetzt wird: <DL Font="normal" Type="arabic"><DT>1.</DT><DD Font="normal"><LA Size="normal">Gebrauchtes Speiseöl,</LA></DD><DT>2.</DT><DD Font="normal"><LA Size="normal">tierische Fette, die in den Kategorien 1 und 2 der Verordnung (EG) Nr. 1069/2009 des Europäischen Parlaments und des Rates vom 21. Oktober 2009 mit Hygienevorschriften für nicht für den menschlichen Verzehr bestimmte tierische Nebenprodukte und zur Aufhebung der Verordnung (EG) Nr. 1774/2002 (Verordnung über tierische Nebenprodukte) (ABl. L 300 vom 14.11.2009, S. 1) eingestuft sind.</LA></DD></DL></P></Content></text><fussnoten/></textdaten></norm>
</dokumente>