<?xml version="1.0" encoding="UTF-8" ?><!DOCTYPE dokumente SYSTEM "http://www.gesetze-im-internet.de/dtd/1.01/gii-norm.dtd">
<dokumente builddate="20231128213545" doknr="BJNR150400002"><norm builddate="20231128213545" doknr="BJNR150400002"><metadaten><jurabk>FinDAGKostV</jurabk><amtabk>FinDAGKostV</amtabk><ausfertigung-datum manuell="ja">2002-04-29</ausfertigung-datum><fundstelle typ="amtlich"><periodikum>BGBl I</periodikum><zitstelle>2002, 1504 (1847)</zitstelle></fundstelle><langue>Verordnung über die Umlegung von Kosten nach dem Finanzdienstleistungsaufsichtsgesetz</langue><standangabe checked="ja"><standtyp>Stand</standtyp><standkommentar>zuletzt geändert durch Art. 27 G v. 3.6.2021 I 1568</standkommentar></standangabe></metadaten><textdaten><fussnoten><Content><P><BR/> <pre xml:space="preserve">(+++ Textnachweis ab: 1.5.2002 +++)<BR/>(+++ Zur Anwendung vgl. § 13 Abs. 4 u. § 13 Abs. 7 iVm Abs. 8 bis 10 F. bis <BR/>2011-12-22 +++)<BR/><BR/></pre>Überschrift: IdF d. Art. 4 Abs. 77 Nr. 1 G v. 18.7.2016 I 1666 mWv 1.10.2021</P></Content></fussnoten></textdaten></norm>
<norm builddate="20231128213545" doknr="BJNR150400002BJNE000000000"><metadaten><jurabk>FinDAGKostV</jurabk><enbez>Eingangsformel</enbez></metadaten><textdaten><text format="XML"><Content><P>Auf Grund <DL Font="normal" Type="arabic"><DT>-</DT><DD Font="normal"><LA Size="normal">des § 14 Abs. 2 Satz 1 und 3 und Abs. 3 des Finanzdienstleistungsaufsichtsgesetzes vom 22. April 2002 (BGBl. I S. 1310) in Verbindung mit dem 2. Abschnitt des Verwaltungskostengesetzes vom 23. Juni 1970 (BGBl. I S. 821) und</LA></DD><DT>-</DT><DD Font="normal"><LA Size="normal">des § 16 Satz 2 und 3 des Finanzdienstleistungsaufsichtsgesetzes</LA></DD></DL>verordnet das Bundesministerium der Finanzen:</P></Content></text></textdaten></norm>
<norm builddate="20231128213545" doknr="BJNR150400002BJNG000102301"><metadaten><jurabk>FinDAGKostV</jurabk><gliederungseinheit><gliederungskennzahl>010</gliederungskennzahl><gliederungsbez>Abschnitt 1</gliederungsbez><gliederungstitel>(weggefallen)</gliederungstitel></gliederungseinheit></metadaten><textdaten><text format="XML"><Content><P/></Content></text><fussnoten/></textdaten></norm>
<norm builddate="20231128213545" doknr="BJNR150400002BJNE000106301"><metadaten><jurabk>FinDAGKostV</jurabk><enbez>(XXXX) §§ 1 bis 4</enbez><titel format="XML">(weggefallen)</titel></metadaten><textdaten><text format="XML"><Content><P/></Content></text><fussnoten/></textdaten></norm>
<norm builddate="20231128213545" doknr="BJNR150400002BJNG000200000"><metadaten><jurabk>FinDAGKostV</jurabk><gliederungseinheit><gliederungskennzahl>020</gliederungskennzahl><gliederungsbez>Abschnitt 2</gliederungsbez><gliederungstitel>Umlage</gliederungstitel></gliederungseinheit></metadaten><textdaten><text format="XML"><Content><P/></Content></text></textdaten></norm>
<norm builddate="20231128213545" doknr="BJNR150400002BJNE000506360"><metadaten><jurabk>FinDAGKostV</jurabk><enbez>(XXXX) §§ 5 bis 12b</enbez><titel format="XML">(weggefallen)</titel></metadaten><textdaten><text format="XML"><Content><P/></Content></text><fussnoten/></textdaten></norm>
<norm builddate="20231128213545" doknr="BJNR150400002BJNG000401112"><metadaten><jurabk>FinDAGKostV</jurabk><gliederungseinheit><gliederungskennzahl>030</gliederungskennzahl><gliederungsbez>Abschnitt 3</gliederungsbez><gliederungstitel>Übergangs- und Schlussbestimmungen</gliederungstitel></gliederungseinheit></metadaten><textdaten><text format="XML"><Content><P/></Content></text><fussnoten/></textdaten></norm>
<norm builddate="20231128213545" doknr="BJNR150400002BJNE001314360"><metadaten><jurabk>FinDAGKostV</jurabk><enbez>§ 13</enbez><titel format="XML">Übergangsregelungen</titel></metadaten><textdaten><text format="XML"><Content><P>(1) In den Fällen, in denen aufgrund der Übergangsvorschriften der §§ 345 bis 350, 355 des Kapitalanlagegesetzbuches weiterhin Amtshandlungen auf Grundlage des Investmentgesetzes erforderlich sind, sind die Gebührennummern 4. bis 4.1.3.7 der Anlage (zu § 2 Absatz 1) Gebührenverzeichnis in der bis zum 21. Juli 2013 geltenden Fassung weiterhin anzuwenden.</P><P>(2) Die Gebührennummern 4.3 bis 4.4.3 der Anlage (Gebührenverzeichnis) finden auch auf die am 4. September 2013 anhängigen Verwaltungsverfahren Anwendung.</P></Content></text><fussnoten/></textdaten></norm>
<norm builddate="20231128213545" doknr="BJNR150400002BJNE002101308"><metadaten><jurabk>FinDAGKostV</jurabk><enbez>§ 13a</enbez><titel format="XML">(weggefallen)</titel></metadaten><textdaten><text format="XML"><Content><P/></Content></text><fussnoten/></textdaten></norm>
<norm builddate="20231128213545" doknr="BJNR150400002BJNE001401377"><metadaten><jurabk>FinDAGKostV</jurabk><enbez>§ 14</enbez><titel format="parat">Aufhebung von Rechtsvorschriften</titel></metadaten><textdaten><text format="XML"><Content><P>Die Umlage-Verordnung Kredit- und Finanzdienstleistungswesen vom 8. März 1999 (BGBl. I S. 314), zuletzt geändert durch die Verordnung vom 20. Dezember 2001 (BGBl. I S. 3911), und die Umlage-Verordnung-Wertpapierhandel vom 22. Februar 1999 (BGBl. I S. 179), zuletzt geändert durch die Verordnung vom 18. April 2001 (BGBl. I S. 611), werden aufgehoben. Sie sind in der bis zum Tag vor dem Inkrafttreten dieser Verordnung geltenden Fassung auf die Umlegung der Kosten der Bundesaufsichtsämter für das Kreditwesen und den Wertpapierhandel für die Umlagejahre 1998, 1999, 2000, 2001 und des bis zum Inkrafttreten dieser Verordnung verbleibenden Abrechnungszeitraums des Jahres 2002 weiter anzuwenden.</P></Content></text><fussnoten/></textdaten></norm>
<norm builddate="20231128213545" doknr="BJNR150400002BJNE001500000"><metadaten><jurabk>FinDAGKostV</jurabk><enbez>§ 15</enbez><titel format="parat">Inkrafttreten</titel></metadaten><textdaten><text format="XML"><Content><P>Diese Verordnung tritt am 1. Mai 2002 in Kraft.</P></Content></text></textdaten></norm>
<norm builddate="20231128213545" doknr="BJNR150400002BJNE001734301"><metadaten><jurabk>FinDAGKostV</jurabk><enbez>Anlage</enbez><titel format="XML">(weggefallen)</titel></metadaten><textdaten><text format="XML"><Content><P/></Content></text><fussnoten/></textdaten></norm>
</dokumente>