<?xml version="1.0" encoding="UTF-8" ?><!DOCTYPE dokumente SYSTEM "http://www.gesetze-im-internet.de/dtd/1.01/gii-norm.dtd">
<dokumente builddate="20120625153540" doknr="BJNR377309001"><norm builddate="20120625153540" doknr="BJNR377309001"><metadaten><jurabk>ABAG</jurabk><amtabk>ABAG</amtabk><ausfertigung-datum manuell="ja">2001-12-19</ausfertigung-datum><fundstelle typ="amtlich"><periodikum>BGBl I</periodikum><zitstelle>2001, 3773</zitstelle></fundstelle><kurzue>Arzneimittelbudget-Ablösungsgesetz</kurzue><langue>Gesetz zur Ablösung des Arznei- und Heilmittelbudgets</langue></metadaten><textdaten><text format="XML"><Content><P/></Content></text><fussnoten><Content><P><BR/> <pre xml:space="preserve">(+++ Textnachweis ab: 31.12.2001 +++)<BR/><BR/></pre></P></Content></fussnoten></textdaten></norm>
<norm builddate="20120625153540" doknr="BJNR377309001BJNE000100000"><metadaten><jurabk>ABAG</jurabk><gliederungseinheit><gliederungskennzahl>000</gliederungskennzahl><gliederungsbez>-</gliederungsbez></gliederungseinheit><enbez>Eingangsformel</enbez></metadaten><textdaten><text format="XML"><Content><P>Der Bundestag hat mit Zustimmung des Bundesrates das folgende Gesetz beschlossen:</P></Content></text></textdaten></norm>
<norm builddate="20120625153540" doknr="BJNR377309001BJNG000100000"><metadaten><jurabk>ABAG</jurabk><gliederungseinheit><gliederungskennzahl>010</gliederungskennzahl><gliederungsbez>Art 1</gliederungsbez></gliederungseinheit></metadaten><textdaten><text format="XML"><Content><P/></Content></text><fussnoten/></textdaten></norm>
<norm builddate="20120625153540" doknr="BJNR377309001BJNG000200000"><metadaten><jurabk>ABAG</jurabk><gliederungseinheit><gliederungskennzahl>020</gliederungskennzahl><gliederungsbez>Art 2</gliederungsbez><gliederungstitel>Aufhebung der Verringerungen der Gesamtvergütungen</gliederungstitel></gliederungseinheit></metadaten><textdaten><text format="XML"><Content><P>Die Verringerungen der Gesamtvergütungen zum Ausgleich der Budgetüberschreitungen nach § 84 Abs. 1 des Fünften Buches Sozialgesetzbuch in der bis zum Inkrafttreten dieses Gesetzes geltenden Fassung entfallen für den Zeitraum vor Inkrafttreten dieses Gesetzes.</P></Content></text></textdaten></norm>
<norm builddate="20120625153540" doknr="BJNR377309001BJNG000300000"><metadaten><jurabk>ABAG</jurabk><gliederungseinheit><gliederungskennzahl>030</gliederungskennzahl><gliederungsbez>Art 3</gliederungsbez></gliederungseinheit></metadaten><textdaten><text format="XML"><Content><P/></Content></text></textdaten></norm>
<norm builddate="20120625153540" doknr="BJNR377309001BJNE000200000"><metadaten><jurabk>ABAG</jurabk><gliederungseinheit><gliederungskennzahl>030</gliederungskennzahl><gliederungsbez>Art 3</gliederungsbez></gliederungseinheit><enbez>§ 1</enbez><titel format="parat">Übergangsregelung für die Arznei- und Heilmittelvereinbarungen
für das Jahr 2002</titel></metadaten><textdaten><text format="XML"><Content><P>(1) Die Landesverbände der Krankenkassen und die Verbände der Ersatzkassen gemeinsam und einheitlich und die Kassenärztliche Vereinigung treffen die Arzneimittelvereinbarung nach § 84 Abs. 1 des Fünften Buches Sozialgesetzbuch für das Jahr 2002 bis zum 31. März 2002. Das Ausgabenvolumen für die Arznei- und Verbandmittel für das Jahr 2002 ist auf Grundlage der für das Jahr 2001 geltenden Budgetvereinbarung auf die Versorgungsbedingungen in der Kassenärztlichen Vereinigung nach den Anpassungsmaßstäben des § 84 Abs. 2 des Fünften Buches Sozialgesetzbuch auszurichten. Die Rahmenvorgaben für die Inhalte der Arzneimittelvereinbarungen nach § 84 Abs. 7 des Fünften Buches Sozialgesetzbuch für das Jahr 2002, einschließlich für das Ausgabenvolumen nach Satz 2, vereinbaren die Kassenärztliche Bundesvereinigung und die Spitzenverbände der Krankenkassen bis zum 31. Januar 2002.</P><P>(2) Absatz 1 gilt entsprechend für die Heilmittelvereinbarung.</P></Content> </text></textdaten></norm>
<norm builddate="20120625153540" doknr="BJNR377309001BJNE000300000"><metadaten><jurabk>ABAG</jurabk><gliederungseinheit><gliederungskennzahl>030</gliederungskennzahl><gliederungsbez>Art 3</gliederungsbez></gliederungseinheit><enbez>§ 2</enbez><titel format="parat">Übergangsregelung für die Prüfungen ärztlich verordneter Leistungen
nach § 106 Abs. 2 Nr. 1 des Fünften Buches Sozialgesetzbuch in den
Jahren 2002 und 2003</titel></metadaten><textdaten><text format="XML"><Content><P>Prüfungen nach Richtgrößen im Jahr 2002 erfolgen entsprechend § 106 Abs. 5a des Fünften Buches Sozialgesetzbuch in der Fassung dieses Gesetzes auf der Grundlage der Richtgrößenvereinbarungen nach § 84 Abs. 3 des Fünften Buches Sozialgesetzbuch in der bis zum Inkrafttreten dieses Gesetzes geltenden Fassung. Liegen die erforderlichen Voraussetzungen für die Prüfungen nach Satz 1 nicht vor, sind im Jahr 2002 getrennt Prüfungen ärztlich verordneter Arznei- und Verbandmittel sowie ärztlich verordneter Heilmittel nach Durchschnittswerten gemäß § 106 Abs. 1 bis 5 des Fünften Buches Sozialgesetzbuch und der dazu getroffenen Vereinbarungen im gebotenen Umfang durchzuführen. Abweichend von § 106 Abs. 2 Satz 6 des Fünften Buches Sozialgesetzbuch können bis zum 31. Dezember 2003 Prüfungen ärztlich verordneter Arznei- und Verbandmittel sowie ärztlich verordneter Heilmittel nach Durchschnittswerten zusätzlich zu Prüfungen nach Richtgrößen durchgeführt werden. Die Klage gegen die Entscheidung des Beschwerdeausschusses hat keine aufschiebende Wirkung. Führen jeweils beide Prüfungsverfahren zu Erstattungsansprüchen der Krankenkassen, verringert sich der Erstattungsbetrag im Rahmen der Prüfung nach Richtgrößen um den im Rahmen der Prüfung nach Durchschnittswerten festgesetzten Betrag.</P></Content></text></textdaten></norm>
<norm builddate="20120625153540" doknr="BJNR377309001BJNG000400000"><metadaten><jurabk>ABAG</jurabk><gliederungseinheit><gliederungskennzahl>031</gliederungskennzahl><gliederungsbez>Art 3a</gliederungsbez><gliederungstitel>Festsetzung des Vertragsinhalts
durch das Schiedsamt</gliederungstitel></gliederungseinheit></metadaten><textdaten><text format="XML"><Content><P>Kommen die Vereinbarungen nach § 84 Abs. 1 und 6 des Fünften Buches Sozialgesetzbuch sowie nach Artikel 3 § 1 Abs. 1 Satz 1 und Abs. 2 innerhalb der dort genannten Fristen ganz oder teilweise nicht zustande, setzt das von den Vertragsparteien gebildete Schiedsamt (§ 89 Abs. 1 und 2 des Fünften Buches Sozialgesetzbuch) den Vertragsinhalt innerhalb eines Zeitraums von zwei Monaten nach Fristablauf fest. Kommen die Vereinbarungen nach § 84 Abs. 7 und nach Artikel 3 § 1 Abs. 1 Satz 3 und Abs. 2 innerhalb der dort genannten Fristen ganz oder teilweise nicht zustande, setzt das von den Vertragsparteien gebildete Schiedsamt (§ 89 Abs. 1 und 4 des Fünften Buches Sozialgesetzbuch) den Vertragsinhalt innerhalb eines Zeitraums von einem Monat nach Fristablauf fest.</P></Content></text></textdaten></norm>
<norm builddate="20120625153540" doknr="BJNR377309001BJNG000500000"><metadaten><jurabk>ABAG</jurabk><gliederungseinheit><gliederungskennzahl>040</gliederungskennzahl><gliederungsbez>Art 4</gliederungsbez><gliederungstitel>Inkrafttreten</gliederungstitel></gliederungseinheit></metadaten><textdaten><text format="XML"><Content><P>Dieses Gesetz tritt mit Wirkung zum 31. Dezember 2001 in Kraft.</P></Content></text></textdaten></norm>
</dokumente>