<?xml version="1.0" encoding="UTF-8" ?><!DOCTYPE dokumente SYSTEM "http://www.gesetze-im-internet.de/dtd/1.01/gii-norm.dtd">
<dokumente builddate="20130405130836" doknr="BJNR091700993"><norm builddate="20130405130836" doknr="BJNR091700993"><metadaten><jurabk>RAV 1993</jurabk><amtabk>RAV 1993</amtabk><ausfertigung-datum manuell="ja">1993-06-09</ausfertigung-datum><fundstelle typ="amtlich"><periodikum>BGBl I</periodikum><zitstelle>1993, 917</zitstelle></fundstelle><kurzue>Rentenanpassungsverordnung 1993</kurzue><langue>Verordnung zur Anpassung der Renten im Gebiet der Bundesrepublik
Deutschland ohne das in Artikel 3 des Einigungsvertrages genannte Gebiet im
Jahre 1993 und zur sechsten Anpassung der Renten in dem in Artikel 3 des
Einigungsvertrages genannten Gebiet</langue></metadaten><textdaten><text format="XML"><Content><P/></Content></text><fussnoten><Content><P>(+++ Textnachweis ab:  1. 7.1993 +++)</P></Content></fussnoten></textdaten></norm>
<norm builddate="20130405130836" doknr="BJNR091700993BJNE000100307"><metadaten><jurabk>RAV 1993</jurabk><enbez>Eingangsformel</enbez></metadaten><textdaten><text format="XML"><Content><P>Auf Grund <DL Font="normal" Type="arabic"><DT>-</DT><DD Font="normal"><LA Size="normal">des § 69 Abs. 1 Satz 2 des Sechsten Buches Sozialgesetzbuch (Artikel 1 des Gesetzes vom 18. Dezember 1989, BGBl. I S. 2261),</LA></DD> <DT>-</DT><DD Font="normal"><LA Size="normal">des § 255b Abs. 1 des Sechsten Buches Sozialgesetzbuch (Artikel 1 des Gesetzes vom 25. Juli 1991, BGBl. I S. 1606),</LA></DD> <DT>-</DT><DD Font="normal"><LA Size="normal">des § 558 Abs. 3 und des § 579 Abs. 2 der Reichsversicherungsordnung, zuletzt geändert durch Artikel 6 Nr. 2 und 7 des Gesetzes vom 18. Dezember 1989 (BGBl. I S. 2261),</LA></DD> <DT>-</DT><DD Font="normal"><LA Size="normal">der §§ 1151, 1153 der Reichsversicherungsordnung, die durch Artikel 8 Nr. 14 des Gesetzes vom 25. Juli 1991 (BGBl. I S. 1606) eingefügt worden sind,</LA></DD> <DT>-</DT><DD Font="normal"><LA Size="normal">des § 4 Abs. 11 des Gesetzes über eine Altershilfe für Landwirte, angefügt durch Artikel 17 Nr. 5 Buchstabe c des Gesetzes vom 18. Dezember 1989 (BGBl. I S. 2261)</LA></DD> </DL>verordnet die Bundesregierung und auf Grund des <DL Font="normal" Type="arabic"><DT>-</DT><DD Font="normal"><LA Size="normal">§ 281b Satz 1 Nr. 2 des Sechsten Buches Sozialgesetzbuch (Artikel 1 des Gesetzes vom 25. Juli 1991, BGBl. I S. 1606)</LA></DD> </DL>verordnet das Bundesministerium für Arbeit und Sozialordnung:</P></Content></text></textdaten></norm>
<norm builddate="20130405130836" doknr="BJNR091700993BJNE000200307"><metadaten><jurabk>RAV 1993</jurabk><enbez>§ 1</enbez><titel format="parat">Anpassung des aktuellen Rentenwerts und des aktuellen
Rentenwerts (Ost)</titel></metadaten><textdaten><text format="XML"><Content><P>(1) Der aktuelle Rentenwert beträgt vom 1. Juli 1993 an 44,49 Deutsche Mark.</P><P>(2) Der aktuelle Rentenwert (Ost) beträgt vom 1. Juli 1993 an 32,17 Deutsche Mark.</P></Content> </text></textdaten></norm>
<norm builddate="20130405130836" doknr="BJNR091700993BJNE000300307"><metadaten><jurabk>RAV 1993</jurabk><enbez>§ 2</enbez><titel format="parat">Anpassungsfaktor in der Unfallversicherung</titel></metadaten><textdaten><text format="XML"><Content><P>(1) Der Anpassungsfaktor für die zum 1. Juli 1993 anzupassenden Geldleistungen der gesetzlichen Unfallversicherung für Arbeitsunfälle im Sinne des § 579 Reichsversicherungsordnung beträgt 1,0445.</P><P>(2) Die vom Jahresarbeitsverdienst abhängigen Geldleistungen und das Pflegegeld der gesetzlichen Unfallversicherung für Arbeitsunfälle im Sinne des § 1153 der Reichsversicherungsordnung, die vor dem 1. Juli 1993 eingetreten sind, werden zum 1. Juli 1993 angepaßt. Der Anpassungsfaktor beträgt 1,1412.</P></Content> </text></textdaten></norm>
<norm builddate="20130405130836" doknr="BJNR091700993BJNE000400307"><metadaten><jurabk>RAV 1993</jurabk><enbez>§ 3</enbez><titel format="parat">Pflegegeld in der Unfallversicherung</titel></metadaten><textdaten><text format="XML"><Content><P>Das Pflegegeld der gesetzlichen Unfallversicherung beträgt vom 1. Juli 1993 an <DL Font="normal" Type="arabic"><DT>1.</DT><DD Font="normal"><LA Size="normal">für Arbeitsunfälle, für die § 558 Abs. 3 der Reichsversicherungsordnung anzuwenden ist, zwischen 510 Deutsche Mark und 2.038 Deutsche Mark monatlich,</LA></DD> <DT>2.</DT><DD Font="normal"><LA Size="normal">für Arbeitsunfälle, für die § 1151 der Reichsversicherungsordnung anzuwenden ist, zwischen 363 Deutsche Mark und 1.453 Deutsche Mark monatlich.</LA></DD> </DL></P></Content></text></textdaten></norm>
<norm builddate="20130405130836" doknr="BJNR091700993BJNE000500307"><metadaten><jurabk>RAV 1993</jurabk><enbez>§ 4</enbez><titel format="parat">Anpassung in der Altershilfe für Landwirte</titel></metadaten><textdaten><text format="XML"><Content><P>Die in § 4 Abs. 1 Satz 1 des Gesetzes über eine Altershilfe für Landwirte bestimmten Beträge für das Altersgeld und das vorzeitige Altersgeld betragen vom 1. Juli 1993 an <DL Font="normal" Type="arabic"><DT>1.</DT><DD Font="normal"><LA Size="normal">für den verheirateten Berechtigten 703,70 Deutsche Mark monatlich,</LA></DD> <DT>2.</DT><DD Font="normal"><LA Size="normal">für den unverheirateten Berechtigten 469,50 Deutsche Mark monatlich.</LA></DD> </DL></P></Content></text></textdaten></norm>
<norm builddate="20130405130836" doknr="BJNR091700993BJNE000600307"><metadaten><jurabk>RAV 1993</jurabk><enbez>§ 5</enbez><titel format="parat">Angleichungsfaktoren für den Versorgungsausgleich in der
Rentenversicherung</titel></metadaten><textdaten><text format="XML"><Content><P>Die Angleichungsfaktoren zur Ermittlung des Wertes von angleichungsdynamischen Anrechten nach § 3 Abs. 2 Nr. 1 Buchstabe a des Versorgungsausgleichs-Überleitungsgesetzes betragen bei einer Entscheidung über den Versorgungsausgleich in der Zeit nach dem 30. Juni 1993 <BR/><table frame="none"><tgroup cols="3" colsep="0" rowsep="0"><colspec colname="col1" colnum="1" colwidth="0.1*"/><colspec colname="col2" colnum="2" colwidth="1*"/><colspec align="right" colname="col3" colnum="3" colwidth="0.8*"/><tbody valign="top"><row><entry>1.</entry><entry>bei einem Ehezeitende in der Zeit vom<BR/>1. Juli 1990 bis zum 31. Dezember 1990</entry><entry valign="bottom">1,7943359,</entry></row><row><entry>2.</entry><entry>bei einem Ehezeitende in der Zeit vom<BR/>1. Januar 1991 bis zum 30. Juni 1991</entry><entry valign="bottom">1,5596544,</entry></row><row><entry>3.</entry><entry>bei einem Ehezeitende in der Zeit vom<BR/>1. Juli 1991 bis zum 31. Dezember 1991</entry><entry valign="bottom">1,4194502,</entry></row><row><entry>4.</entry><entry>bei einem Ehezeitende in der Zeit vom<BR/>1. Januar 1992 bis zum 30. Juni 1992</entry><entry valign="bottom">1,2713023,</entry></row><row><entry>5.</entry><entry>bei einem Ehezeitende in der Zeit vom<BR/>1. Juli 1992 bis zum 31. Dezember 1992</entry><entry valign="bottom">1,1601454,</entry></row><row><entry>6.</entry><entry>bei einem Ehezeitende in der Zeit vom<BR/>1. Januar 1993 bis zum 30. Juni 1993</entry><entry valign="bottom">1,0934751.</entry></row></tbody></tgroup></table></P></Content></text></textdaten></norm>
<norm builddate="20130405130836" doknr="BJNR091700993BJNE000700307"><metadaten><jurabk>RAV 1993</jurabk><enbez>§ 6</enbez><titel format="parat">Inkrafttreten</titel></metadaten><textdaten><text format="XML"><Content><P>Diese Verordnung tritt am 1. Juli 1993 in Kraft.</P></Content></text></textdaten></norm>
<norm builddate="20130405130836" doknr="BJNR091700993BJNE000800307"><metadaten><jurabk>RAV 1993</jurabk><enbez>Schlußformel</enbez></metadaten><textdaten><text format="XML"><Content><P>Der Bundesrat hat zugestimmt.</P></Content></text></textdaten></norm>
</dokumente>