<?xml version="1.0" encoding="UTF-8" ?><!DOCTYPE dokumente SYSTEM "http://www.gesetze-im-internet.de/dtd/1.01/gii-norm.dtd">
<dokumente builddate="20130405133117" doknr="BJNR520700962"><norm builddate="20130405133117" doknr="BJNR520700962"><metadaten><jurabk>BMFJubAnO</jurabk><ausfertigung-datum manuell="ja">1962-10-12</ausfertigung-datum><fundstelle typ="amtlich"><periodikum>BAnz</periodikum><zitstelle>1962, Nr 207</zitstelle></fundstelle><langue>Anordnung über die Übertragung der Befugnis zu Entscheidungen über
Jubiläumszuwendungen an Beamte im Geschäftsbereich des Bundesministers der
Finanzen</langue></metadaten><textdaten><text format="XML"><Content><P/></Content></text><fussnoten><Content><P>(+++ Textnachweis Geltung ab:  1. 1.1964 +++)</P></Content></fussnoten></textdaten></norm>
<norm builddate="20130405133117" doknr="BJNR520700962BJNE000100314"><metadaten><jurabk>BMFJubAnO</jurabk><enbez>I.</enbez></metadaten><textdaten><text format="XML"><Content><P>(1) Auf Grund des § 8 Abs. 1 der Verordnung über die Gewährung von Jubiläumszuwendungen an Beamte und Richter des Bundes vom 24. Mai 1962 (Bundesgesetzbl. I S. 363) übertrage ich die Ausübung der Befugnis, Jubiläumszuwendungen zu gewähren oder über ihre Versagung zu entscheiden, <DL Font="normal" Type="arabic"><DT/><DD Font="normal"><LA Size="normal">dem Präsidenten des Bundesfinanzhofes für seinen Geschäftsbereich,</LA><LA Size="normal">dem Präsidenten der Bundesschuldenverwaltung für seinen Geschäftsbereich,</LA><LA Size="normal">den Oberfinanzpräsidenten für ihren Geschäftsbereich,</LA><LA Size="normal">dem Präsidenten der Bundesmonopolverwaltung für Branntwein für seinen Geschäftsbereich.</LA></DD>    </DL> </P><P>(2) Die dem Oberfinanzpräsidenten der Oberfinanzdirektion Köln übertragene Befugnis gilt zugleich für die Besoldungsstelle der Bundesfinanzverwaltung in Bad Godesberg, für die Zollwertgruppe bei der Oberfinanzdirektion Köln und für das Zollkriminalinstitut in Köln.</P><P>(3) Die dem Oberfinanzpräsidenten der Oberfinanzdirektion Frankfurt übertragene Befugnis gilt zugleich für das Beschaffungsamt der Bundeszollverwaltung in Offenbach (Main).</P></Content> </text></textdaten></norm>
<norm builddate="20130405133117" doknr="BJNR520700962BJNE000200314"><metadaten><jurabk>BMFJubAnO</jurabk><enbez>II.</enbez></metadaten><textdaten><text format="XML"><Content><P>Diese Anordnung tritt mit Wirkung vom 4. August 1962 in Kraft.</P></Content></text></textdaten></norm>
<norm builddate="20130405133117" doknr="BJNR520700962BJNE000300314"><metadaten><jurabk>BMFJubAnO</jurabk><enbez>Schlußformel</enbez></metadaten><textdaten><text format="XML"><Content><P><SP>Der Bundesminister der Finanzen</SP></P></Content></text></textdaten></norm>
</dokumente>