<?xml version="1.0" encoding="UTF-8" ?><!DOCTYPE dokumente SYSTEM "http://www.gesetze-im-internet.de/dtd/1.01/gii-norm.dtd">
<dokumente builddate="20250304223003" doknr="BJNR009810961"><norm builddate="20250304223003" doknr="BJNR009810961"><metadaten><jurabk>StÄndG 1961</jurabk><ausfertigung-datum manuell="ja">1961-07-13</ausfertigung-datum><fundstelle typ="amtlich"><periodikum>BGBl I</periodikum><zitstelle>1961, 981</zitstelle></fundstelle><fundstelle typ="amtlich"><periodikum>BStBl I</periodikum><zitstelle>1961, 444/622</zitstelle></fundstelle><kurzue>Steueränderungsgesetz 1961</kurzue><langue>Gesetz zur Änderung des Einkommensteuergesetzes, des Körperschaftsteuergesetzes, des Gewerbesteuergesetzes, des Bewertungsgesetzes, des Vermögensteuergesetzes, des Steuersäumnisgesetzes, der Reichsabgabenordnung, des Steueranpassungsgesetzes, des Gesetzes zur Förderung der Wirtschaft von Berlin (West) und andere Gesetze</langue><standangabe checked="ja"><standtyp>Stand</standtyp><standkommentar>Geändert durch Art. VI G v. 9.9.1965 I 1254</standkommentar></standangabe></metadaten><textdaten><fussnoten><Content><P>(+++ Textnachweis Geltung ab: 16.9.1965 +++)</P><P><BR/> Verkündet als Gesetz zur Änderung des Einkommensteuergesetzes, des Körperschaftsteuergesetzes, des Gewerbesteuergesetzes, des Bewertungsgesetzes, des Vermögensteuergesetzes, des Steuersäumnisgesetzes, der Reichsabgabenordnung, des Steueranpassungsgesetzes, des Gesetzes zur Förderung der Wirtschaft von Berlin (West) und andere Gesetze (Steueränderungsgesetz 1961)</P></Content></fussnoten></textdaten></norm>
<norm builddate="20250304223003" doknr="BJNR009810961BJNG000100319"><metadaten><jurabk>StÄndG 1961</jurabk><gliederungseinheit><gliederungskennzahl>010</gliederungskennzahl><gliederungsbez>Erster Abschnitt</gliederungsbez><gliederungstitel>Einkommensteuer</gliederungstitel></gliederungseinheit></metadaten><textdaten><text format="XML"><Content><P/></Content></text></textdaten></norm>
<norm builddate="20250304223003" doknr="BJNR009810961BJNE000400319"><metadaten><jurabk>StÄndG 1961</jurabk><enbez>Art 1</enbez></metadaten><textdaten><text format="XML"><Content><P>-</P></Content></text><fussnoten/></textdaten></norm>
<norm builddate="20250304223003" doknr="BJNR009810961BJNE000500319"><metadaten><jurabk>StÄndG 1961</jurabk><enbez>Art 2</enbez></metadaten><textdaten><text format="XML"><Content><P>Die Bundesregierung wird ermächtigt, durch Rechtsverordnung mit Zustimmung des Bundesrates zu bestimmen, daß Bezüge von Aushilfskräften in der Land- und Forstwirtschaft, für welche die Pauschalbesteuerung bei der Lohnsteuer zugelassen ist oder zugelassen wird, für die Berechnung der Beiträge zur Sozialversicherung außer Ansatz bleiben.</P></Content></text></textdaten></norm>
<norm builddate="20250304223003" doknr="BJNR009810961BJNE000600319"><metadaten><jurabk>StÄndG 1961</jurabk><enbez>Art 3</enbez></metadaten><textdaten><text format="XML"><Content><P>-</P></Content></text><fussnoten/></textdaten></norm>
<norm builddate="20250304223003" doknr="BJNR009810961BJNG000300319"><metadaten><jurabk>StÄndG 1961</jurabk><gliederungseinheit><gliederungskennzahl>020</gliederungskennzahl><gliederungsbez>Zweiter bis Elfter Abschnitt</gliederungsbez><gliederungstitel/></gliederungseinheit></metadaten><textdaten><text format="XML"><Content><P/></Content></text></textdaten></norm>
<norm builddate="20250304223003" doknr="BJNR009810961BJNE000700319"><metadaten><jurabk>StÄndG 1961</jurabk><enbez>(XXXX) Art 4 bis 21</enbez></metadaten><textdaten><text format="XML"><Content><P/></Content></text><fussnoten/></textdaten></norm>
<norm builddate="20250304223003" doknr="BJNR009810961BJNG000200319"><metadaten><jurabk>StÄndG 1961</jurabk><gliederungseinheit><gliederungskennzahl>120</gliederungskennzahl><gliederungsbez>Zwölfter Abschnitt</gliederungsbez><gliederungstitel>Schlußvorschriften</gliederungstitel></gliederungseinheit></metadaten><textdaten><text format="XML"><Content><P/></Content></text></textdaten></norm>
<norm builddate="20250304223003" doknr="BJNR009810961BJNE000800319"><metadaten><jurabk>StÄndG 1961</jurabk><enbez>Art 22</enbez></metadaten><textdaten><text format="XML"><Content><P>-</P></Content></text><fussnoten/></textdaten></norm>
<norm builddate="20250304223003" doknr="BJNR009810961BJNE000900319"><metadaten><jurabk>StÄndG 1961</jurabk><enbez>Art 23</enbez></metadaten><textdaten><text format="XML"><Content><P><I>Artikel 22</I> gilt nicht für Personen, die ein handwerksähnliches Gewerbe betreiben.</P></Content></text><fussnoten><Content><P>Art. 23 Kursivdruck: § 3 Abs. 4 Satz 1 Halbsatz 2 des Gesetzes zur vorläufigen Regelung des Rechts der Industrie- und Handelskammern eingef. durch Art. 22 Nr. 2 dieses G</P></Content></fussnoten></textdaten></norm>
<norm builddate="20250304223003" doknr="BJNR009810961BJNE001000319"><metadaten><jurabk>StÄndG 1961</jurabk><enbez>Art 24</enbez></metadaten><textdaten><text format="XML"><Content><P>-</P></Content></text><fussnoten/></textdaten></norm>
<norm builddate="20250304223003" doknr="BJNR009810961BJNE001100319"><metadaten><jurabk>StÄndG 1961</jurabk><enbez>Art 25</enbez></metadaten><textdaten><text format="XML"><Content><P>Dieses Gesetz gilt nach Maßgabe des § 12 Abs. 1 des Dritten Überleitungsgesetzes vom 4. Januar 1952 (Bundesgesetzbl. I S. 1) auch im Land Berlin. Rechtsverordnungen, die auf Grund dieses Gesetzes erlassen werden, gelten im Land Berlin nach § 14 des Dritten Überleitungsgesetzes.</P></Content></text><fussnoten/></textdaten></norm>
<norm builddate="20250304223003" doknr="BJNR009810961BJNE001200319"><metadaten><jurabk>StÄndG 1961</jurabk><enbez>Art 26</enbez></metadaten><textdaten><text format="XML"><Content><P>(1) Dieses Gesetz tritt am Tage nach seiner Verkündung in Kraft.</P><P>(2) Abweichend von Absatz 1 treten Artikel 16 und Artikel 17 Nrn. 1 bis 3, 6, 11 und 14 erst mit Wirkung vom ersten Tage des auf die Verkündung dieses Gesetzes folgenden zweiten Kalendermonats in Kraft.</P></Content> </text><fussnoten/></textdaten></norm>
</dokumente>