<?xml version="1.0" encoding="UTF-8" ?><!DOCTYPE dokumente SYSTEM "http://www.gesetze-im-internet.de/dtd/1.01/gii-norm.dtd">
<dokumente builddate="20210108213012" doknr="BJNR236610008"><norm builddate="20210108213012" doknr="BJNR236610008"><metadaten><jurabk>BefBezG 2008</jurabk><ausfertigung-datum manuell="ja">2008-12-08</ausfertigung-datum><fundstelle typ="amtlich"><periodikum>BGBl I</periodikum><zitstelle>2008, 2366</zitstelle></fundstelle><langue>Gesetz über befriedete Bezirke für Verfassungsorgane des Bundes</langue><standangabe checked="ja"><standtyp>Stand</standtyp><standkommentar>Geändert durch Art. 151 V v. 19.6.2020 I 1328</standkommentar></standangabe></metadaten><textdaten><fussnoten><Content><P><BR/> <pre xml:space="preserve">(+++ Textnachweis ab: 11.12.2008 +++)<BR/><BR/></pre>Das G wurde als Artikel 1 des G v. 8.12.2008 I 2366 vom Bundestag beschlossen.  Es ist gem. Art. 3 Satz 1 dieses G am 11.12.2008 in Kraft getreten.</P></Content></fussnoten></textdaten></norm>
<norm builddate="20210108213012" doknr="BJNR236610008BJNE000100000"><metadaten><jurabk>BefBezG 2008</jurabk><enbez>§ 1</enbez><titel format="XML">Befriedete Bezirke</titel></metadaten><textdaten><text format="XML"><Content><P>Für den Deutschen Bundestag, den Bundesrat und das Bundesverfassungsgericht werden befriedete Bezirke gebildet. Die Abgrenzung der befriedeten Bezirke ergibt sich aus der Anlage zu diesem Gesetz.</P></Content></text></textdaten></norm>
<norm builddate="20210108213012" doknr="BJNR236610008BJNE000200000"><metadaten><jurabk>BefBezG 2008</jurabk><enbez>§ 2</enbez><titel format="XML">Schutz von Verfassungsorganen</titel></metadaten><textdaten><text format="XML"><Content><P>Öffentliche Versammlungen unter freiem Himmel und Aufzüge sind innerhalb der befriedeten Bezirke nach § 1 verboten. Ebenso ist es verboten, zu Versammlungen oder Aufzügen nach Satz 1 aufzufordern.</P></Content></text></textdaten></norm>
<norm builddate="20210108213012" doknr="BJNR236610008BJNE000301116"><metadaten><jurabk>BefBezG 2008</jurabk><enbez>§ 3</enbez><titel format="XML">Zulassung von Versammlungen unter freiem Himmel und Aufzügen</titel></metadaten><textdaten><text format="XML"><Content><P>(1) Öffentliche Versammlungen unter freiem Himmel und Aufzüge innerhalb der nach § 1 gebildeten befriedeten Bezirke sind zuzulassen, wenn eine Beeinträchtigung der Tätigkeit des Deutschen Bundestages und seiner Fraktionen, des Bundesrates oder des Bundesverfassungsgerichts sowie ihrer Organe und Gremien und eine Behinderung des freien Zugangs zu ihren in dem befriedeten Bezirk gelegenen Gebäuden nicht zu besorgen ist. Davon ist im Falle des Deutschen Bundestages und des Bundesrates in der Regel dann auszugehen, wenn die Versammlung oder der Aufzug an einem Tag durchgeführt werden soll, an dem Sitzungen der in Satz 1 genannten Stellen nicht stattfinden. Die Zulassung kann mit Auflagen verbunden werden.</P><P>(2) Anträge auf Zulassung von Versammlungen nach Absatz 1 sollen spätestens sieben Tage vor der beabsichtigten Versammlung oder dem Aufzug schriftlich, elektronisch oder zur Niederschrift beim Bundesministerium des Innern, für Bau und Heimat gestellt werden. Das Bundesministerium des Innern, für Bau und Heimat entscheidet jeweils im Einvernehmen mit dem Präsidenten oder der Präsidentin der in § 1 Satz 1 genannten Verfassungsorgane. Die Entscheidung nach Satz 2 ergeht schriftlich oder elektronisch.</P><P>(3) Durch die Zulassung werden die in den Ländern Berlin und Baden-Württemberg jeweils geltenden versammlungsrechtlichen Vorschriften nicht berührt.</P></Content></text><fussnoten/></textdaten></norm>
<norm builddate="20210108213012" doknr="BJNR236610008BJNE000400000"><metadaten><jurabk>BefBezG 2008</jurabk><enbez>§ 4</enbez><titel format="XML">Bußgeldvorschriften</titel></metadaten><textdaten><text format="XML"><Content><P>(1) Ordnungswidrig handelt, wer entgegen § 2 an einer öffentlichen Versammlung unter freiem Himmel oder einem Aufzug teilnimmt oder zu einer solchen Versammlung oder zu einem Aufzug auffordert.</P><P>(2) Die Ordnungswidrigkeit kann mit einer Geldbuße bis zu zwanzigtausend Euro geahndet werden.</P></Content></text></textdaten></norm>
<norm builddate="20210108213012" doknr="BJNR236610008BJNE000500000"><metadaten><jurabk>BefBezG 2008</jurabk><enbez>§ 5</enbez><titel format="XML">Einschränkung des Grundrechts der Versammlungsfreiheit</titel></metadaten><textdaten><text format="XML"><Content><P>Das Grundrecht der Versammlungsfreiheit (Artikel 8 des Grundgesetzes) wird durch dieses Gesetz eingeschränkt.</P></Content></text></textdaten></norm>
<norm builddate="20210108213012" doknr="BJNR236610008BJNE000600000"><metadaten><jurabk>BefBezG 2008</jurabk><enbez>Anlage</enbez><titel format="XML">(zu § 1 Satz 2)</titel></metadaten><textdaten><text format="XML"><Content><P><kommentar typ="Fundstelle">(Fundstelle: BGBl. I 2008, 2368)</kommentar><BR/><B>1. Deutscher Bundestag</B></P><P>Die Abgrenzung des befriedeten Bezirks für den Deutschen Bundestag umfasst das Gebiet der Bundeshauptstadt Berlin, das umgrenzt wird durch die Wilhelmstraße bis zur Straße Unter den Linden, die Straße Unter den Linden bis zum Pariser Platz, den Pariser Platz, den Platz des 18. März bis zur Straße des 17. Juni, die Straße des 17. Juni bis zur Yitzhak-Rabin-Straße, die Yitzhak-Rabin-Straße, die Heinrich-von-Gagern-Straße, die öffentliche Grünanlage zwischen dem Bundeskanzleramt und dem Paul-Löbe-Haus, die Willy-Brandt-Straße, die Moltkebrücke, das nördliche Spreeufer bis zur Reinhardtstraße, die Reinhardtstraße bis zur Stadtbahntrasse, die Stadtbahntrasse bis zur Luisenstraße, die Luisenstraße und die Marschallbrücke. Soweit die genannten Straßen, Plätze und Brücken den befriedeten Bezirk umgrenzen, gehören sie nicht zu dem befriedeten Bezirk. Dies gilt nicht für die Wilhelmstraße, die öffentliche Grünanlage zwischen dem Bundeskanzleramt und dem Paul-Löbe-Haus und die Willy-Brandt-Straße.</P><P><B>2. Bundesrat</B></P><P>Die Abgrenzung des befriedeten Bezirks für den Bundesrat umfasst das Gebiet der Bundeshauptstadt Berlin, das umgrenzt wird durch den Potsdamer Platz, den Leipziger Platz und die Leipziger Straße vom Potsdamer Platz bis zur Wilhelmstraße, die Wilhelmstraße von der Leipziger Straße bis zur Niederkirchnerstraße, die Niederkirchnerstraße von der Wilhelmstraße bis zur Stresemannstraße und die Stresemannstraße von der Niederkirchnerstraße bis zum Potsdamer Platz. Soweit die genannten Straßen und Plätze den befriedeten Bezirk umgrenzen, gehören sie nicht zu dem befriedeten Bezirk. Dies gilt nicht für den Leipziger Platz, die Leipziger Straße und die Niederkirchnerstraße.</P><P><B>3. Bundesverfassungsgericht</B></P><P>Die Abgrenzung des befriedeten Bezirks für das Bundesverfassungsgericht umfasst das Gebiet der Stadt Karlsruhe, das umgrenzt wird durch den Zirkel von der Herrenstraße bis zur Hans-Thoma-Straße, die Hans-Thoma-Straße bis zur Bismarckstraße, die Gebäudenordseiten der Gebäude der Orangerie, der Schauhäuser des Botanischen Gartens, des Torbogengebäudes, der Badischen Weinstuben, die Schloßgartenmauer mit dem Mühlburger Tor von den Badischen Weinstuben zum Durmflügel des Schlosses, die Nordostseite des Durmflügels des Schlosses bis zum Südwestflügel des Schlosses, den Weg parallel zur verlängerten Waldstraße vom Südwestflügel des Schlosses bis zur Straße Unterführung Schloßplatz, die Straße Unterführung Schloßplatz bis zur Herrenstraße, die Herrenstraße bis zum Zirkel. Die genannten Straßen und Wege gehören zum befriedeten Bezirk, soweit sie ihn umgrenzen.</P></Content></text></textdaten></norm>
</dokumente>