<?xml version="1.0" encoding="UTF-8" ?><!DOCTYPE dokumente SYSTEM "http://www.gesetze-im-internet.de/dtd/1.01/gii-norm.dtd">
<dokumente builddate="20120625152219" doknr="BJNR266220996"><norm builddate="20120625152219" doknr="BJNR266220996"><metadaten><jurabk>GrBrückAbkCESG</jurabk><ausfertigung-datum manuell="ja">1996-11-26</ausfertigung-datum><fundstelle typ="amtlich"><periodikum>BGBl II</periodikum><zitstelle>1996, 2662</zitstelle></fundstelle><langue>Gesetz zu dem Vertrag vom 13. Juli 1995
zwischen der Bundesrepublik Deutschland und der
Tschechischen Republik über den Bau einer Grenzbrücke
an der gemeinsamen Staatsgrenze im Zuge der Europastraße E 49</langue></metadaten><textdaten><text format="XML"><Content><P/></Content></text><fussnoten><Content><P>(+++ Textnachweis ab:  4.12.1996 +++)</P></Content></fussnoten></textdaten></norm>
<norm builddate="20120625152219" doknr="BJNR266220996BJNE000100310"><metadaten><jurabk>GrBrückAbkCESG</jurabk><enbez>Eingangsformel</enbez></metadaten><textdaten><text format="XML"><Content><P>Der Bundestag hat mit Zustimmung des Bundesrates das folgende Gesetz beschlossen:</P></Content></text></textdaten></norm>
<norm builddate="20120625152219" doknr="BJNR266220996BJNE000200310"><metadaten><jurabk>GrBrückAbkCESG</jurabk><enbez>Art 1</enbez></metadaten><textdaten><text format="XML"><Content><P>Dem in Prag am 13. Juli 1995 unterzeichneten Vertrag zwischen der Bundesrepublik Deutschland und der Tschechischen Republik über den Bau einer Grenzbrücke an der gemeinsamen Staatsgrenze im Zuge der Europastraße E 49 wird zugestimmt. Der Vertrag wird nachstehend veröffentlicht.</P></Content></text></textdaten></norm>
<norm builddate="20120625152219" doknr="BJNR266220996BJNE000300310"><metadaten><jurabk>GrBrückAbkCESG</jurabk><enbez>Art 2</enbez></metadaten><textdaten><text format="XML"><Content><P>(1) Auf die in Artikel 9 Abs. 1 des Vertrags bezeichneten Umsätze findet tschechisches Mehrwertsteuerrecht Anwendung. Für diese Umsätze wird keine deutsche Umsatzsteuer erhoben.</P><P>(2) Für die in Artikel 9 Abs. 2 Satz 1 des Vertrags genannten Waren werden außer Zöllen keine Einfuhrabgaben erhoben. Dies gilt nicht bei der Einfuhr für die öffentlichen Bauverwaltungen.</P><P>(3) Die in Artikel 9 des Vertrags vorgesehenen steuerlichen Bestimmungen sind mit Wirkung vom 13. Juli 1995 anzuwenden.</P></Content>  </text></textdaten></norm>
<norm builddate="20120625152219" doknr="BJNR266220996BJNE000400310"><metadaten><jurabk>GrBrückAbkCESG</jurabk><enbez>Art 3</enbez></metadaten><textdaten><text format="XML"><Content><P>(1) Dieses Gesetz tritt am Tage nach seiner Verkündung in Kraft.</P><P>(2) Der Tag, an dem der Vertrag nach seinem Artikel 14 Abs. 2 in Kraft tritt, ist im Bundesgesetzblatt bekanntzugeben.</P></Content> </text></textdaten></norm>
</dokumente>