<?xml version="1.0" encoding="UTF-8" ?><!DOCTYPE dokumente SYSTEM "http://www.gesetze-im-internet.de/dtd/1.01/gii-norm.dtd">
<dokumente builddate="20131008093601" doknr="BJNR022320009"><norm builddate="20131008093601" doknr="BJNR022320009"><metadaten><jurabk>GenfRKAbkZProt III</jurabk><ausfertigung-datum manuell="ja">2009-03-17</ausfertigung-datum><fundstelle typ="amtlich"><periodikum>BGBl II</periodikum><zitstelle>2009, 223</zitstelle></fundstelle><langue>Zusatzprotokoll zu den Genfer Abkommen vom 12. August 1949 über die Annahme eines zusätzlichen Schutzzeichens (Protokoll III)</langue></metadaten><textdaten><fussnoten><Content><P>G v. 17.3.2009 II 222 <BR/>In Kraft gem. Bek. v. 9.2.2010 II 100 mWv 17.12.2009</P></Content></fussnoten></textdaten></norm>
</dokumente>