<?xml version="1.0" encoding="UTF-8" ?><!DOCTYPE dokumente SYSTEM "http://www.gesetze-im-internet.de/dtd/1.01/gii-norm.dtd">
<dokumente builddate="20120625155051" doknr="BJNR003680952"><norm builddate="20120625155051" doknr="BJNR003680952"><metadaten><jurabk>WZG§35USABek</jurabk><ausfertigung-datum manuell="ja">1952-06-25</ausfertigung-datum><fundstelle typ="amtlich"><periodikum>BGBl I</periodikum><zitstelle>1952, 368</zitstelle></fundstelle><langue>Bekanntmachung zu § 35 des Warenzeichengesetzes</langue></metadaten><textdaten><text format="XML"><Content><P/></Content></text><fussnoten><Content><P>(+++ Textnachweis Geltung ab:  1. 1.1964 +++)</P></Content></fussnoten></textdaten></norm>
<norm builddate="20120625155051" doknr="BJNR003680952BJNE000100306"><metadaten><jurabk>WZG§35USABek</jurabk><enbez>(XXXX)</enbez></metadaten><textdaten><text format="XML"><Content><P>Auf Grund des § 35 Abs. 3 Satz 2 des Warenzeichengesetzes vom 5. Mai 1936 (Reichsgesetzbl. II S. 134) wird gemäß einer Mitteilung des Präsidenten des Patentamts der Vereinigten Staaten von Amerika bekanntgemacht: <BR/>Deutsche Staatsangehörige, die ein Warenzeichen in den Vereinigten Staaten von Amerika anmelden, brauchen nicht den Nachweis zu erbringen, daß sie für das Zeichen in dem Staat, in dem sich ihre Niederlassung befindet, den Markenschutz nachgesucht und erhalten haben.</P></Content></text></textdaten></norm>
<norm builddate="20120625155051" doknr="BJNR003680952BJNE000200306"><metadaten><jurabk>WZG§35USABek</jurabk><enbez>Schlussformel</enbez></metadaten><textdaten><text format="XML"><Content><P>Der Bundesminister der Justiz</P></Content></text></textdaten></norm>
</dokumente>