<?xml version="1.0" encoding="UTF-8" ?><!DOCTYPE dokumente SYSTEM "http://www.gesetze-im-internet.de/dtd/1.01/gii-norm.dtd">
<dokumente builddate="20220731213009" doknr="BJNR001500889"><norm builddate="20220731213009" doknr="BJNR001500889"><metadaten><jurabk>GenRegV</jurabk><amtabk>GenRegV</amtabk><ausfertigung-datum manuell="ja">1889-07-11</ausfertigung-datum><fundstelle typ="amtlich"><periodikum>RGBl</periodikum><zitstelle>1889, 150</zitstelle></fundstelle><kurzue>Genossenschaftsregisterverordnung</kurzue><langue>Verordnung über das Genossenschaftsregister</langue><standangabe checked="ja"><standtyp>Neuf</standtyp><standkommentar>Neugefasst durch Bek. v. 16.10.2006 I 2268;</standkommentar></standangabe><standangabe checked="ja"><standtyp>Stand</standtyp><standkommentar>zuletzt geändert durch Art. 6 G v. 5.7.2021 I 3338</standkommentar></standangabe></metadaten><textdaten><fussnoten><Content><P>(+++ Textnachweis Geltung ab: 1.1.1974 +++)</P><P><BR/> Überschrift: IdF d. Art. 4 Abs. 1 Nr. 1 G v. 14.8.2006 I 1911 mWv 18.8.2006</P></Content></fussnoten></textdaten></norm>
<norm builddate="20220731213009" doknr="BJNR001500889BJNE004902310"><metadaten><jurabk>GenRegV</jurabk><enbez>Inhaltsübersicht</enbez></metadaten><textdaten><text format="XML"><Content><P><table frame="none"><tgroup cols="2" colsep="0" rowsep="0"><colspec colname="col1" colnum="1" colwidth="0.36*"/><colspec colname="col2" colnum="2" colwidth="1.64*"/><tbody><row><entry nameend="col2" namest="col1">Abschnitt 1</entry></row><row><entry nameend="col2" namest="col1">Allgemeines</entry></row><row><entry>§ 1</entry><entry>Zuständigkeit und Verfahren</entry></row><row><entry>§ 2</entry><entry>(weggefallen)</entry></row><row><entry>§ 3</entry><entry>Benachrichtigung der Beteiligten</entry></row><row><entry>§ 4</entry><entry>Bekanntmachung der Registereintragungen</entry></row><row><entry>§ 5</entry><entry>(weggefallen)</entry></row><row><entry>§ 6</entry><entry>Form der Anmeldung</entry></row><row><entry>§ 7</entry><entry>Sonstige Anzeigen und Erklärungen</entry></row><row><entry>§ 8</entry><entry>Form der einzureichenden Abschrift einer Urkunde</entry></row><row><entry>§ 9</entry><entry>(weggefallen)</entry></row><row><entry>§ 10</entry><entry>(weggefallen)</entry></row><row><entry>§ 11</entry><entry>(weggefallen)</entry></row><row><entry> </entry><entry> </entry></row><row><entry nameend="col2" namest="col1">Abschnitt 2</entry></row><row><entry nameend="col2" namest="col1">Eintragungen in das Genossenschaftsregister</entry></row><row><entry>§ 12</entry><entry>(weggefallen)</entry></row><row><entry>§ 13</entry><entry>(weggefallen)</entry></row><row><entry>§ 14</entry><entry>(weggefallen)</entry></row><row><entry>§ 15</entry><entry>Eintragung der Satzung</entry></row><row><entry>§ 16</entry><entry>Eintragung von Satzungsänderungen</entry></row><row><entry>§ 17</entry><entry>(weggefallen)</entry></row><row><entry>§ 18</entry><entry>Vorstandsmitglieder, Prokuristen</entry></row><row><entry>§ 19</entry><entry>(weggefallen)</entry></row><row><entry>§ 20</entry><entry>Eintragung der Auflösung</entry></row><row><entry>§ 21</entry><entry>Anmeldepflicht bei Beendigung der Liquidation und Eintragungen bei Insolvenz</entry></row><row><entry>§ 21a</entry><entry>(weggefallen)</entry></row><row><entry>§ 21b</entry><entry>(weggefallen)</entry></row><row><entry>§ 22</entry><entry>Eintragung der Nichtigkeit der Genossenschaft</entry></row><row><entry>§ 23</entry><entry>Eintragung der Nichtigkeit von Beschlüssen der Generalversammlung</entry></row><row><entry>§ 24</entry><entry>Berichtigung von Schreibfehlern</entry></row><row><entry>§ 25</entry><entry>Gestaltung des Genossenschaftsregisters</entry></row><row><entry>§ 26</entry><entry>Inhalt der Eintragungen</entry></row><row><entry>§ 27</entry><entry>(weggefallen)</entry></row><row><entry> </entry><entry> </entry></row><row><entry nameend="col2" namest="col1">Anlage 1 Inhalt des Genossenschaftsregisters in spaltenweiser Wiedergabe</entry></row><row><entry nameend="col2" namest="col1">Anlage 2 Inhalt des Genossenschaftsregisters als fortlaufender Text</entry></row></tbody></tgroup></table></P></Content></text><fussnoten/></textdaten></norm>
<norm builddate="20220731213009" doknr="BJNR001500889BJNG000401301"><metadaten><jurabk>GenRegV</jurabk><gliederungseinheit><gliederungskennzahl>010</gliederungskennzahl><gliederungsbez>Abschnitt 1</gliederungsbez><gliederungstitel>Allgemeines</gliederungstitel></gliederungseinheit></metadaten><textdaten><text format="XML"><Content><P/></Content></text><fussnoten/></textdaten></norm>
<norm builddate="20220731213009" doknr="BJNR001500889BJNE000404310"><metadaten><jurabk>GenRegV</jurabk><enbez>§ 1</enbez><titel format="parat">Zuständigkeit und Verfahren</titel></metadaten><textdaten><text format="XML"><Content><P>Zuständigkeit und Verfahren bei der Führung des Genossenschaftsregisters bestimmen sich, soweit nicht durch bundesrechtliche Vorschriften oder die nachstehenden Vorschriften etwas anderes vorgeschrieben ist, nach den für das Handelsregister geltenden Vorschriften.</P></Content></text><fussnoten/></textdaten></norm>
<norm builddate="20220731213009" doknr="BJNR001500889BJNE000502301"><metadaten><jurabk>GenRegV</jurabk><enbez>§ 2</enbez><titel format="parat">(weggefallen)</titel></metadaten><textdaten><text format="XML"><Content><P>-</P></Content></text><fussnoten/></textdaten></norm>
<norm builddate="20220731213009" doknr="BJNR001500889BJNE000605160"><metadaten><jurabk>GenRegV</jurabk><enbez>§ 3</enbez><titel format="XML">Benachrichtigung der Beteiligten</titel></metadaten><textdaten><text format="XML"><Content><P>(1) Jede Eintragung oder Ablehnung einer Eintragung in das Genossenschaftsregister ist dem Vorstand, bei einer Europäischen Genossenschaft dem Leitungsorgan oder den geschäftsführenden Direktoren, oder den Liquidatoren bekannt zu geben.</P><P>(2) Die Benachrichtigung kann durch einfache Postsendung erfolgen.</P></Content></text><fussnoten/></textdaten></norm>
<norm builddate="20220731213009" doknr="BJNR001500889BJNE000704125"><metadaten><jurabk>GenRegV</jurabk><enbez>§ 4</enbez><titel format="XML">Bekanntmachung der Registereintragungen</titel></metadaten><textdaten><text format="XML"><Content><P>Die Eintragung ist unverzüglich zum Abruf über das nach § 156 des Genossenschaftsgesetzes in Verbindung mit § 9 Absatz 1 des Handelsgesetzbuchs bestimmte elektronische Informations- und Kommunikationssystem bereitzustellen.</P></Content></text><fussnoten/></textdaten></norm>
<norm builddate="20220731213009" doknr="BJNR001500889BJNE000803310"><metadaten><jurabk>GenRegV</jurabk><enbez>§ 5</enbez><titel format="parat">(weggefallen)</titel></metadaten><textdaten><text format="XML"><Content><P>-</P></Content></text><fussnoten/></textdaten></norm>
<norm builddate="20220731213009" doknr="BJNR001500889BJNE000906160"><metadaten><jurabk>GenRegV</jurabk><enbez>§ 6</enbez><titel format="XML">Form der Anmeldung</titel></metadaten><textdaten><text format="XML"><Content><P>(1) Die Vorschrift, dass Anmeldungen zum Genossenschaftsregister in öffentlich beglaubigter Form einzureichen sind (§ 157 des Gesetzes), gilt nur für die Anmeldungen, die in dem Gesetz als solche ausdrücklich bezeichnet sind.</P><P>(2) Dahin gehören: <DL Font="normal" Type="arabic"><DT>1.</DT><DD Font="normal"><LA Size="normal">die Anmeldung der Satzung (Gesetz §§ 10, 11);</LA></DD><DT>2.</DT><DD Font="normal"><LA Size="normal">die Anmeldung von Änderungen der Satzung (Gesetz § 16);</LA></DD><DT>3.</DT><DD Font="normal"><LA Size="normal">die Anmeldung einer Zweigniederlassung und ihrer Aufhebung (Gesetz § 14);</LA></DD><DT>4.</DT><DD Font="normal"><LA Size="normal">die Anmeldung der Bestellung, des Ausscheidens, der vorläufigen Enthebung und der Änderung der Vertretungsbefugnis eines Vorstandsmitglieds, seines Stellvertreters oder eines Liquidators (Gesetz §§ 10, 11, 28, 35, 84 Abs. 1, § 85 Abs. 2);</LA></DD><DT>5.</DT><DD Font="normal"><LA Size="normal">die Anmeldung der Erteilung, der Änderung und des Erlöschens einer Prokura (Gesetz § 42 Abs. 1, Handelsgesetzbuch § 53);</LA></DD><DT>6.</DT><DD Font="normal"><LA Size="normal">die Anmeldung der Auflösung und der Fortsetzung einer Genossenschaft in den Fällen der §§ 78, 79, 79a, 117 des Gesetzes;</LA></DD><DT>7.</DT><DD Font="normal"><LA Size="normal">die Anmeldung der Umwandlung unter Beteiligung einer Genossenschaft (§§ 16, 38, 125, 129, 137, 148, 198, 222, 254, 265, 286 UmwG);</LA></DD><DT>8.</DT><DD Font="normal"><LA Size="normal">(weggefallen).</LA></DD></DL></P><P>(3) Die Anmeldung durch einen Bevollmächtigten ist ausgeschlossen. § 378 des Gesetzes über das Verfahren in Familiensachen und in den Angelegenheiten der freiwilligen Gerichtsbarkeit bleibt unberührt.</P><P>(4) Auf Anmeldungen zum Genossenschaftsregister, welche die Europäische Genossenschaft betreffen, sind die Absätze 1 bis 3 unter Berücksichtigung der §§ 3, 17, 22 Abs. 1 und des § 26 des SCE-Ausführungsgesetzes entsprechend anzuwenden.</P></Content></text><fussnoten/></textdaten></norm>
<norm builddate="20220731213009" doknr="BJNR001500889BJNE001005310"><metadaten><jurabk>GenRegV</jurabk><enbez>§ 7</enbez><titel format="parat">Sonstige Anzeigen und Erklärungen</titel></metadaten><textdaten><text format="XML"><Content><P>(1) Für die sonstigen Anzeigen und Erklärungen, die zum Genossenschaftsregister zu bewirken sind, bedarf es, soweit nichts anderes vorgeschrieben ist, nicht der öffentlich beglaubigten Form.</P><P>(2) Sind die sonstigen Anzeigen oder Erklärungen mit rechtlicher Wirkung für die Genossenschaft oder die Europäische Genossenschaft verbunden, müssen sie in der für die Willenserklärungen der Genossenschaft oder der Europäischen Genossenschaft vorgeschriebenen Form erfolgen, insbesondere unter Mitwirkung der hiernach erforderlichen Zahl von Vorstandsmitgliedern, bei einer Europäischen Genossenschaft von Mitgliedern des Leitungsorgans oder geschäftsführenden Direktoren, von Prokuristen oder Liquidatoren (§§ 25, 42 Abs. 1 und § 85 des Gesetzes sowie § 23 des SCE-Ausführungsgesetzes).</P><P>(3) Die Einreichungen und Anzeigen sind in der Form des § 12 Abs. 2 des Handelsgesetzbuchs zu bewirken.</P></Content>  </text><fussnoten/></textdaten></norm>
<norm builddate="20220731213009" doknr="BJNR001500889BJNE001104310"><metadaten><jurabk>GenRegV</jurabk><enbez>§ 8</enbez><titel format="parat">Form der einzureichenden Abschrift einer Urkunde</titel></metadaten><textdaten><text format="XML"><Content><P>In den Fällen, in welchen die Abschrift einer Urkunde zum Genossenschaftsregister einzureichen ist, genügt, sofern nicht ein anderes vorgeschrieben ist, eine einfache Abschrift (vgl. Gesetz § 11 Abs. 2 Nr. 2, § 16 Abs. 5 Satz 1, § 28 Satz 2, § 84 Abs. 1 Satz 2).</P></Content></text><fussnoten/></textdaten></norm>
<norm builddate="20220731213009" doknr="BJNR001500889BJNE001202301"><metadaten><jurabk>GenRegV</jurabk><enbez>§ 9</enbez><titel format="parat">(weggefallen)</titel></metadaten><textdaten><text format="XML"><Content><P>-</P></Content></text><fussnoten/></textdaten></norm>
<norm builddate="20220731213009" doknr="BJNR001500889BJNE001301301"><metadaten><jurabk>GenRegV</jurabk><enbez>§ 10</enbez><titel format="parat">(weggefallen)</titel></metadaten><textdaten><text format="XML"><Content><P>-</P></Content></text><fussnoten/></textdaten></norm>
<norm builddate="20220731213009" doknr="BJNR001500889BJNE001401301"><metadaten><jurabk>GenRegV</jurabk><enbez>§ 11</enbez><titel format="parat">(weggefallen)</titel></metadaten><textdaten><text format="XML"><Content><P>-</P></Content></text><fussnoten/></textdaten></norm>
<norm builddate="20220731213009" doknr="BJNR001500889BJNG000501301"><metadaten><jurabk>GenRegV</jurabk><gliederungseinheit><gliederungskennzahl>020</gliederungskennzahl><gliederungsbez>Abschnitt 2</gliederungsbez><gliederungstitel>Eintragungen in das Genossenschaftsregister</gliederungstitel></gliederungseinheit></metadaten><textdaten><text format="XML"><Content><P/></Content></text><fussnoten/></textdaten></norm>
<norm builddate="20220731213009" doknr="BJNR001500889BJNE001505310"><metadaten><jurabk>GenRegV</jurabk><enbez>(XXXX) §§ 12 und 13</enbez><titel format="XML">(weggefallen)</titel></metadaten><textdaten><text format="XML"><Content><P/></Content></text><fussnoten/></textdaten></norm>
<norm builddate="20220731213009" doknr="BJNR001500889BJNE001702301"><metadaten><jurabk>GenRegV</jurabk><enbez>§ 14</enbez><titel format="parat">(weggefallen)</titel></metadaten><textdaten><text format="XML"><Content><P>-</P></Content></text><fussnoten/></textdaten></norm>
<norm builddate="20220731213009" doknr="BJNR001500889BJNE001805125"><metadaten><jurabk>GenRegV</jurabk><enbez>§ 15</enbez><titel format="XML">Eintragung der Satzung</titel></metadaten><textdaten><text format="XML"><Content><P>(1) Vor der Eintragung der Satzung (§§ 10 bis 12 des Gesetzes) hat das Gericht zu prüfen, ob die Satzung den Vorschriften des Gesetzes genügt, insbesondere ob <DL Font="normal" Type="arabic"><DT>1.</DT><DD Font="normal"><LA Size="normal">der in der Satzung bezeichnete Zweck der Genossenschaft den Voraussetzungen des § 1 des Gesetzes entspricht,</LA></DD><DT>2.</DT><DD Font="normal"><LA Size="normal">auf Grund der gutachtlichen Äußerung des Prüfungsverbandes keine Gefährdung der Belange der Mitglieder oder der Gläubiger der Genossenschaft zu besorgen ist und eine solche Gefährdung auch nicht offenkundig ist (§ 11a Abs. 2 des Gesetzes) und</LA></DD><DT>3.</DT><DD Font="normal"><LA Size="normal">die Satzung die erforderlichen Bestimmungen (§§ 6, 7 und 36 Abs. 1 Satz 2 des Gesetzes) enthält.</LA></DD></DL></P><P>(2) Die Eintragung der Satzung in das Register erfolgt durch Aufnahme eines Auszugs.</P><P>(3) Der Auszug muss folgende Angaben enthalten: <DL Font="normal" Type="arabic"><DT>1.</DT><DD Font="normal"><LA Size="normal">das Datum der Satzung;</LA></DD><DT>2.</DT><DD Font="normal"><LA Size="normal">die Firma und den Sitz der Genossenschaft;</LA></DD><DT>3.</DT><DD Font="normal"><LA Size="normal">den Gegenstand des Unternehmens;</LA></DD><DT>4.</DT><DD Font="normal"><LA Size="normal">die Zeitdauer der Genossenschaft, falls diese auf eine bestimmte Zeit beschränkt ist;</LA></DD></DL><DL Font="normal" Type="arabic"><DT>5.</DT><DD Font="normal"><LA Size="normal">die Mitglieder des Vorstands, ihre Vertretungsbefugnis (Gesetz § 25) und ihre Stellvertreter (Gesetz § 35).</LA></DD></DL></P><P>(4) In den Auszug sind ferner die Bestimmungen der Satzung über die Nachschusspflicht der Mitglieder (Gesetz § 6 Nr. 3) aufzunehmen. Ist in der Satzung bestimmt, dass sich bei Beteiligung mit mehr als einem Geschäftsanteil die Haftsumme auf einen höheren Betrag als den Gesamtbetrag der Geschäftsanteile erhöht (Gesetz § 121 Satz 2) oder dass durch die Beteiligung mit weiteren Geschäftsanteilen eine Erhöhung der Haftsumme nicht eintritt (Gesetz § 121 Satz 3), sind auch diese Bestimmungen aufzunehmen. Bestimmt die Satzung ein Mindestkapital (§ 8a Abs. 1 des Gesetzes), ist auch diese Bestimmung aufzunehmen.</P><P>(5) Die Satzung (Gesetz § 11 Abs. 2 Nr. 1) ist zu den Akten zu nehmen.</P><P>(6) Auf die Eintragung der Satzung der Europäischen Genossenschaft sind die Absätze 1 bis 5 nicht anzuwenden.</P></Content></text><fussnoten/></textdaten></norm>
<norm builddate="20220731213009" doknr="BJNR001500889BJNE001905160"><metadaten><jurabk>GenRegV</jurabk><enbez>§ 16</enbez><titel format="XML">Eintragung von Satzungsänderungen</titel></metadaten><textdaten><text format="XML"><Content><P>(1) Beschlüsse der Generalversammlung, die eine Änderung der in § 15 Abs. 3 und 4 bezeichneten Bestimmungen der Satzung oder die Fortsetzung einer auf bestimmte Zeit beschränkten Genossenschaft zum Gegenstande haben, werden nach ihrem Inhalt, Beschlüsse, die eine sonstige Satzungsänderung betreffen, nur unter allgemeiner Bezeichnung des Gegenstandes eingetragen (Gesetz § 16).</P><P>(2) Eine Abschrift des Beschlusses (Gesetz § 16 Abs. 5 Satz 1) sowie der vollständige neue Satzungswortlaut nebst Erklärung des Vorstands (Gesetz § 16 Abs. 5 Satz 2) ist zu den Akten zu nehmen.</P><P>(3) Die Absätze 1 und 2 sind auf satzungsändernde Beschlüsse der Generalversammlung einer Europäischen Genossenschaft entsprechend anzuwenden; an die Stelle der in § 15 Abs. 3 und 4 bezeichneten Bestimmungen der Satzung treten die Satzungsbestimmungen nach Artikel 5 Abs. 4 der Verordnung (EG) Nr. 1435/2003 des Rates vom 22. Juli 2003 über das Statut der Europäischen Genossenschaft (SCE) (ABl. EU Nr. L 207 S. 1).</P></Content></text><fussnoten/></textdaten></norm>
<norm builddate="20220731213009" doknr="BJNR001500889BJNE002001301"><metadaten><jurabk>GenRegV</jurabk><enbez>§ 17</enbez><titel format="parat">(weggefallen)</titel></metadaten><textdaten><text format="XML"><Content><P>-</P></Content></text><fussnoten/></textdaten></norm>
<norm builddate="20220731213009" doknr="BJNR001500889BJNE002104310"><metadaten><jurabk>GenRegV</jurabk><enbez>§ 18</enbez><titel format="parat">Vorstandsmitglieder, Prokuristen</titel></metadaten><textdaten><text format="XML"><Content><P>(1) Die Bestellung von Vorstandsmitgliedern und ihrer Stellvertreter, bei einer Europäischen Genossenschaft von Mitgliedern des Leitungsorgans oder von geschäftsführenden Direktoren und ihrer Stellvertreter, ihre Vertretungsbefugnis sowie die Änderung und die Beendigung der Vertretungsbefugnis (§ 10 Abs. 1, § 25 Abs. 1 und 2, § 28 und § 35 des Gesetzes sowie § 17 Abs. 1 bis 3, § 23 Abs. 1 bis 3 und § 26 des SCE-Ausführungsgesetzes) sind unverzüglich zur Eintragung anzumelden. Als Ende der Vertretungsbefugnis gilt auch eine vorläufige Enthebung durch den Aufsichtsrat (Gesetz § 40). Die Vorstandsmitglieder, Mitglieder des Leitungsorgans, geschäftsführenden Direktoren und ihre Stellvertreter sind mit Familiennamen, Vornamen, Geburtsdatum und Wohnort einzutragen.</P><P>(2) Absatz 1 Satz 1 gilt für die Anmeldung von Prokuristen (Gesetz § 42 Abs. 1) entsprechend. Die Prokuristen sind mit Familiennamen, Vornamen, Geburtsdatum und Wohnort einzutragen.</P></Content> </text><fussnoten/></textdaten></norm>
<norm builddate="20220731213009" doknr="BJNR001500889BJNE002201301"><metadaten><jurabk>GenRegV</jurabk><enbez>§ 19</enbez><titel format="parat">(weggefallen)</titel></metadaten><textdaten><text format="XML"><Content><P>-</P></Content></text><fussnoten/></textdaten></norm>
<norm builddate="20220731213009" doknr="BJNR001500889BJNE002305310"><metadaten><jurabk>GenRegV</jurabk><enbez>§ 20</enbez><titel format="parat">Eintragung der Auflösung</titel></metadaten><textdaten><text format="XML"><Content><P>(1) Die Eintragung der Auflösung einer Genossenschaft oder einer Europäischen Genossenschaft in das Register der Hauptniederlassung erfolgt <DL Font="normal" Type="arabic"><DT>1.</DT><DD Font="normal"><LA Size="normal">in den Fällen der §§ 78 und 79 des Gesetzes auf Grund der Anmeldung des Vorstands, bei einer Europäischen Genossenschaft auf Grund der Anmeldung des Leitungsorgans oder der geschäftsführenden Direktoren,</LA></DD> <DT>2.</DT><DD Font="normal"><LA Size="normal">in den übrigen Fällen von Amts wegen, und zwar<DL Font="normal" Type="arabic"><DT>a)</DT><DD Font="normal"><LA Size="normal">im Falle des § 80 des Gesetzes sowie im Falle des Artikels 73 Abs. 1 der Verordnung (EG) Nr. 1435/2003 nach Eintritt der Rechtskraft des von dem Registergericht erlassenen Auflösungsbeschlusses,</LA></DD> <DT>b)</DT><DD Font="normal"><LA Size="normal">im Falle des § 81 des Gesetzes auf Grund der von dem zuständigen Landgericht dem Registergericht mitgeteilten rechtskräftigen Entscheidung, durch welche die Auflösung ausgesprochen ist,</LA></DD> <DT>c)</DT><DD Font="normal"><LA Size="normal">im Falle der Eröffnung des Insolvenzverfahrens und im Falle des § 81a Nr. 1 des Gesetzes auf Grund der Mitteilung der Geschäftsstelle des Insolvenzgerichts (§ 31 der Insolvenzordnung).</LA></DD> </DL> </LA></DD> </DL></P><P>(2) In allen Fällen der Auflösung, außer dem Falle der Eröffnung des Insolvenzverfahrens und der Auflösung infolge Verschmelzung oder Aufspaltung, sind die Liquidatoren von dem Vorstand, bei einer Europäischen Genossenschaft vom Leitungsorgan oder den geschäftsführenden Direktoren anzumelden. Dies gilt auch dann, wenn die Liquidation durch die Mitglieder des Vorstands, bei einer Europäischen Genossenschaft des Leitungsorgans oder die geschäftsführenden Direktoren als Liquidatoren erfolgt (Gesetz §§ 83, 84). Sind die Liquidatoren durch das Gericht ernannt, so geschieht die Eintragung der Ernennung und der Abberufung von Amts wegen (Gesetz § 84 Abs. 2).</P><P>(3) Für die Anmeldung und Eintragung der Vertretungsbefugnis und jeder Änderung der Vertretungsbefugnis der Liquidatoren (Gesetz § 84 Abs. 1, § 85) sowie für den Inhalt der Eintragung gilt § 18 Abs. 1 Satz 1 und 3 entsprechend.</P></Content> </text><fussnoten/></textdaten></norm>
<norm builddate="20220731213009" doknr="BJNR001500889BJNE002404125"><metadaten><jurabk>GenRegV</jurabk><enbez>§ 21</enbez><titel format="XML">Anmeldepflicht bei Beendigung der Liquidation und Eintragungen bei Insolvenz</titel></metadaten><textdaten><text format="XML"><Content><P>(1) Sobald mit der vollständigen Verteilung des Genossenschaftsvermögens die Liquidation beendigt ist, haben die Liquidatoren die Beendigung ihrer Vertretungsbefugnis zur Eintragung anzumelden.</P><P>(2) Von Amts wegen auf Grund der Mitteilung der Geschäftsstelle des Insolvenzgerichts sind einzutragen (§ 102 des Gesetzes) <DL Font="normal" Type="arabic"><DT>1.</DT><DD Font="normal"><LA Size="normal">die Aufhebung des Eröffnungsbeschlusses,</LA></DD><DT>2.</DT><DD Font="normal"><LA Size="normal">die Bestellung eines vorläufigen Insolvenzverwalters unter den Voraussetzungen des § 102 Satz 2 Nr. 2 des Gesetzes,</LA></DD><DT>3.</DT><DD Font="normal"><LA Size="normal">die Anordnung der Eigenverwaltung durch den Schuldner und deren Aufhebung sowie die Anordnung der Zustimmungsbedürftigkeit bestimmter Rechtsgeschäfte des Schuldners nach § 277 der Insolvenzordnung,</LA></DD><DT>4.</DT><DD Font="normal"><LA Size="normal">die Einstellung und die Aufhebung des Insolvenzverfahrens und</LA></DD><DT>5.</DT><DD Font="normal"><LA Size="normal">die Überwachung der Erfüllung eines Insolvenzplans und die Aufhebung der Überwachung.</LA></DD></DL></P></Content></text><fussnoten/></textdaten></norm>
<norm builddate="20220731213009" doknr="BJNR001500889BJNE002502301"><metadaten><jurabk>GenRegV</jurabk><enbez>§ 21a</enbez><titel format="parat">(weggefallen)</titel></metadaten><textdaten><text format="XML"><Content><P>-</P></Content></text><fussnoten/></textdaten></norm>
<norm builddate="20220731213009" doknr="BJNR001500889BJNE002601301"><metadaten><jurabk>GenRegV</jurabk><enbez>§ 21b</enbez><titel format="parat">(weggefallen)</titel></metadaten><textdaten><text format="XML"><Content><P>-</P></Content></text><fussnoten/></textdaten></norm>
<norm builddate="20220731213009" doknr="BJNR001500889BJNE002704160"><metadaten><jurabk>GenRegV</jurabk><enbez>§ 22</enbez><titel format="XML">Eintragung der Nichtigkeit der Genossenschaft</titel></metadaten><textdaten><text format="XML"><Content><P>(1) Soll eine Genossenschaft oder eine Europäische Genossenschaft von Amts wegen als nichtig gelöscht werden, so ist in der Verfügung, welche nach § 395 Abs. 2 in Verbindung mit § 397 des Gesetzes über das Verfahren in Familiensachen und in den Angelegenheiten der freiwilligen Gerichtsbarkeit der Genossenschaft oder der Europäischen Genossenschaft zugestellt wird, ausdrücklich darauf hinzuweisen, dass der Mangel bis zur Löschung durch Beschluss der Generalversammlung gemäß § 95 Abs. 2 bis 4 des Genossenschaftsgesetzes, § 10 Abs. 1 Satz 2 des SCE-Ausführungsgesetzes geheilt werden kann.</P><P>(2) Die Löschung erfolgt durch Eintragung eines Vermerkes, der die Genossenschaft oder Europäische Genossenschaft als nichtig bezeichnet. Das Gleiche gilt in dem Falle, dass die Genossenschaft oder Europäische Genossenschaft durch ein rechtskräftiges Urteil für nichtig erklärt ist (Gesetz §§ 94, 96).</P><P>(3) Im Übrigen finden die Vorschriften des § 20 Abs. 2, 3 und des § 21 Abs. 1 entsprechende Anwendung.</P></Content></text><fussnoten/></textdaten></norm>
<norm builddate="20220731213009" doknr="BJNR001500889BJNE002803160"><metadaten><jurabk>GenRegV</jurabk><enbez>§ 23</enbez><titel format="XML">Eintragung der Nichtigkeit von Beschlüssen der Generalversammlung</titel></metadaten><textdaten><text format="XML"><Content><P>Soll ein eingetragener Beschluss der Generalversammlung von Amts wegen als nichtig gelöscht werden (§ 398 des Gesetzes über das Verfahren in Familiensachen und in den Angelegenheiten der freiwilligen Gerichtsbarkeit), so erfolgt die Löschung durch Eintragung eines Vermerkes, der den Beschluss als nichtig bezeichnet. Das Gleiche gilt, wenn der Beschluss durch rechtskräftiges Urteil für nichtig erklärt ist (Gesetz § 51 Abs. 5).</P></Content></text><fussnoten/></textdaten></norm>
<norm builddate="20220731213009" doknr="BJNR001500889BJNE002903310"><metadaten><jurabk>GenRegV</jurabk><enbez>§ 24</enbez><titel format="parat">Berichtigung von Schreibfehlern</titel></metadaten><textdaten><text format="XML"><Content><P>Schreibfehler und ähnliche offenbare Unrichtigkeiten, die in einer Eintragung vorkommen, sind von dem Gerichte zu berichtigen, ohne dass es einer vorgängigen Benachrichtigung der Genossenschaft oder der Europäischen Genossenschaft bedarf. Die Berichtigung erfolgt in Form einer neuen Eintragung oder auf andere eindeutige Weise.</P></Content></text><fussnoten/></textdaten></norm>
<norm builddate="20220731213009" doknr="BJNR001500889BJNE004403310"><metadaten><jurabk>GenRegV</jurabk><enbez>§ 25</enbez><titel format="parat">Gestaltung des Genossenschaftsregisters</titel></metadaten><textdaten><text format="XML"><Content><P>Der Inhalt des Genossenschaftsregisters muss auf dem Bildschirm und in Ausdrucken entsprechend dem beigegebenen Muster (Anlage 1) sichtbar gemacht werden können. Der letzte Stand aller noch nicht gegenstandslos gewordenen Eintragungen (aktueller Registerinhalt) kann statt in spaltenweiser Wiedergabe auch als fortlaufender Text nach dem Muster in Anlage 2 sichtbar gemacht werden.</P></Content></text><fussnoten/></textdaten></norm>
<norm builddate="20220731213009" doknr="BJNR001500889BJNE004506125"><metadaten><jurabk>GenRegV</jurabk><enbez>§ 26</enbez><titel format="XML">Inhalt der Eintragungen</titel></metadaten><textdaten><text format="XML"><Content><P>In das Genossenschaftsregister werden Angaben entsprechend den folgenden Nummern 1 bis 8 eingetragen.<DL Font="normal" Type="arabic"><DT>1.</DT><DD Font="normal"><LA Size="normal">In Spalte 1 ist die laufende Nummer der die Genossenschaft oder die Europäische Genossenschaft betreffenden Eintragungen einzutragen.</LA></DD><DT>2.</DT><DD Font="normal"><LA Size="normal">In Spalte 2 sind unter Buchstabe a die Firma, unter Buchstabe b der Sitz der Genossenschaft oder der Europäischen Genossenschaft sowie bei einer Europäischen Genossenschaft die inländische Geschäftsanschrift und gegebenenfalls Familienname und Vorname oder Firma und Rechtsform sowie inländische Anschrift einer für Willenserklärungen und Zustellungen empfangsberechtigten Person, und die Errichtung oder Aufhebung von Zweigniederlassungen, und zwar unter Angabe des Ortes einschließlich der Postleitzahl und, falls der Firma für eine Zweigniederlassung ein Zusatz beigefügt ist, unter Angabe dieses Zusatzes, und unter Buchstabe c der Gegenstand des Unternehmens und die sich jeweils darauf beziehenden Änderungen anzugeben.</LA></DD><DT>3.</DT><DD Font="normal"><LA Size="normal">In Spalte 3 sind die Bestimmungen der Satzung über die Nachschusspflicht der Mitglieder und, sofern die Satzung bestimmt, dass sich bei Beteiligung mit mehr als einem Geschäftsanteil die Haftsumme auf einen höheren Betrag als den Gesamtbetrag der Geschäftsanteile erhöht oder dass durch die Beteiligung mit weiteren Geschäftsanteilen eine Erhöhung der Haftsumme nicht eintritt, auch diese Bestimmungen der Satzung einzutragen; auch ist die Bestimmung eines Mindestkapitals in der Satzung einzutragen. Ferner sind alle Änderungen der in Satz 1 bezeichneten Bestimmungen einzutragen. Bei einer Europäischen Genossenschaft ist das Grundkapital mit dem Hinweis, dass dieses veränderlich ist, einzutragen.</LA></DD><DT>4.</DT><DD Font="normal"><LA Size="normal">In Spalte 4 sind unter Buchstabe a die allgemeine Regelung zur Vertretung der Genossenschaft oder der Europäischen Genossenschaft durch die Mitglieder des Vorstands, bei einer Europäischen Genossenschaft durch die Mitglieder des Leitungsorgans oder die geschäftsführenden Direktoren sowie bei Kreditinstituten durch die gerichtlich bestellten vertretungsbefugten Personen oder die Liquidatoren und die Bestimmungen bei der Bestellung der Liquidatoren über die Form, in welcher diese ihre Willenserklärungen kundzugeben und für die Genossenschaft oder Europäische Genossenschaft zu zeichnen haben, einzutragen. Unter Buchstabe b sind die Mitglieder des Vorstands, bei einer Europäischen Genossenschaft des Leitungsorgans oder die geschäftsführenden Direktoren sowie bei Kreditinstituten die gerichtlich bestellten vertretungsberechtigten Personen und die als solche bezeichneten Liquidatoren mit Familiennamen, Vornamen, Geburtsdatum und Wohnort oder gegebenenfalls mit Firma, Rechtsform, Sitz oder Niederlassung einzutragen. Ferner ist unter Buchstabe b jede Änderung in den Personen der Mitglieder des Vorstands, bei einer Europäischen Genossenschaft des Leitungsorgans oder der geschäftsführenden Direktoren, oder der Liquidatoren einzutragen. Weicht die Vertretungsbefugnis der in Spalte 4 unter Buchstabe b einzutragenden Personen im Einzelfall von den Angaben in Spalte 4 unter Buchstabe a ab, so ist diese besondere Vertretungsbefugnis bei den jeweiligen Personen zu vermerken.</LA></DD><DT>5.</DT><DD Font="normal"><LA Size="normal">In Spalte 5 sind die die Prokura betreffenden Eintragungen einschließlich Familienname, Vorname, Geburtsdatum und Wohnort der Prokuristen und die sich jeweils darauf beziehenden Änderungen anzugeben.</LA></DD><DT>6.</DT><DD Font="normal"><LA Size="normal">In Spalte 6 sind unter Buchstabe a die Rechtsform, das Datum und Änderungen der Satzung sowie die Zeitdauer der Genossenschaft oder Europäischen Genossenschaft, falls diese auf eine bestimmte Zeit beschränkt ist, einzutragen. Änderungen der Satzung, die nicht die Änderung von einzutragenden Angaben betreffen, sind nur unter der allgemeinen Bezeichnung des Gegenstandes der Änderung einzutragen. Unter Buchstabe b sind die sonstigen Rechtsverhältnisse einzutragen, namentlich<DL Font="normal" Type="arabic"><DT>aa)</DT><DD Font="normal"><LA Size="normal">die Eröffnung, Einstellung und Aufhebung des Insolvenzverfahrens sowie die Aufhebung des Eröffnungsbeschlusses; die Bestellung eines vorläufigen Insolvenzverwalters unter den Voraussetzungen des § 102 Satz 2 Nr. 2 des Gesetzes sowie die Aufhebung einer derartigen Sicherungsmaßnahme; die Anordnung der Eigenverwaltung durch den Schuldner und deren Aufhebung sowie die Anordnung der Zustimmungsbedürftigkeit bestimmter Rechtsgeschäfte des Schuldners nach § 277 der Insolvenzordnung; die Überwachung der Erfüllung eines Insolvenzplans und die Aufhebung der Überwachung;</LA></DD><DT>bb)</DT><DD Font="normal"><LA Size="normal">die Auflösung, Fortsetzung und die Nichtigkeit der Genossenschaft oder Europäischen Genossenschaft; das Erlöschen der Firma, die Löschung der Genossenschaft oder Europäischen Genossenschaft sowie Löschungen von Amts wegen;</LA></DD><DT>cc)</DT><DD Font="normal"><LA Size="normal">Eintragungen nach dem Umwandlungsgesetz und nach dem Sanierungs- und Abwicklungsgesetz;</LA></DD><DT>dd)</DT><DD Font="normal"><LA Size="normal">die Nichtigkeit von Beschlüssen der Generalversammlung.</LA></DD></DL></LA></DD><DT>7.</DT><DD Font="normal"><LA Size="normal">In Spalte 7 erfolgt unter Buchstabe a die Angabe des Tages der Eintragung und unter Buchstabe b die Eintragung sonstiger Bemerkungen.</LA></DD><DT>8.</DT><DD Font="normal"><LA Size="normal">Enthält eine Eintragung die Nennung eines in ein öffentliches Unternehmensregister eingetragenen Rechtsträgers, so sind Art und Ort des Registers sowie die Registernummer dieses Rechtsträgers mit zu vermerken.</LA></DD></DL></P></Content></text><fussnoten/></textdaten></norm>
<norm builddate="20220731213009" doknr="BJNR001500889BJNE004603310"><metadaten><jurabk>GenRegV</jurabk><enbez>§ 27</enbez><titel format="parat">(weggefallen)</titel></metadaten><textdaten><text format="XML"><Content><P>-</P></Content></text><fussnoten/></textdaten></norm>
<norm builddate="20220731213009" doknr="BJNR001500889BJNE004703160"><metadaten><jurabk>GenRegV</jurabk><enbez>Anlage 1</enbez><titel format="XML">(zu § 25)<BR/>Inhalt des Genossenschaftsregisters in spaltenweiser Wiedergabe</titel></metadaten><textdaten><text format="XML"><Content><P><ABWFORMAT typ="A"/><kommentar typ="Fundstelle">(Fundstelle: BGBl. I 2006, 2274;<BR/>bzgl. der einzelnen Änderungen vgl. Fußnote)</kommentar><BR/><!--Start: BJNR001500889BJNE004702301_01--><table frame="none" tocentry="%yes;"><tgroup align="left" char="" charoff="50" cols="7" colsep="1" rowsep="0"><colspec colname="col1" colnum="1" colwidth="0.770992*"/><colspec colname="col2" colnum="2" colwidth="1.312977*"/><colspec colname="col3" colnum="3" colwidth="1.091603*"/><colspec colname="col4" colnum="4" colwidth="1.267175*"/><colspec colname="col5" colnum="5" colwidth="0.610687*"/><colspec colname="col6" colnum="6" colwidth="1.076336*"/><colspec colname="col7" colnum="7" colwidth="0.870229*"/><tbody valign="top"><row><entry VJ="1" nameend="col7" namest="col1"> </entry></row><row><entry VJ="1" nameend="col4" namest="col1">Genossenschaftsregister des Amtsgerichts</entry><entry VJ="1" align="right" nameend="col7" namest="col5">Nummer der Firma: GnR</entry></row><row rowsep="1"><entry VJ="1" nameend="col4" namest="col1"> </entry><entry VJ="1" nameend="col7" namest="col5"> </entry></row><row rowsep="1"><entry VJ="1">Nummer der Eintragung</entry><entry VJ="1" valign="top"><DL Font="normal" Type="arabic"><DT>a)</DT><DD Font="normal"><LA Size="normal">Firma</LA></DD><DT>b)</DT><DD Font="normal"><LA Size="normal">Sitz, Niederlassung, inländische Geschäftsanschrift und empfangsberechtigte Person der Europäischen Genossenschaft, Zweigniederlassungen</LA></DD><DT>c)</DT><DD Font="normal"><LA Size="normal">Gegenstand des Unternehmens</LA></DD></DL></entry><entry VJ="1">Nachschusspflicht, Mindestkapital; Grundkapital der Europäischen Genossenschaft</entry><entry VJ="1" valign="top"><DL Font="normal" Type="arabic"><DT>a)</DT><DD Font="normal"><LA Size="normal">Allgemeine Vertretungsregelung</LA></DD><DT>b)</DT><DD Font="normal"><LA Size="normal">Vorstand; Leitungsorgan oder geschäftsführende Direktoren der Europäischen Genossenschaft; Vertretungsberechtigte und besondere Vertretungsbefugnis</LA></DD></DL></entry><entry VJ="1">Prokura</entry><entry VJ="1" valign="top"><DL Font="normal" Type="arabic"><DT>a)</DT><DD Font="normal"><LA Size="normal">Rechtsform und Satzung</LA></DD><DT>b)</DT><DD Font="normal"><LA Size="normal">Sonstige Rechtsverhältnisse</LA></DD></DL></entry><entry VJ="1" valign="top"><DL Font="normal" Type="arabic"><DT>a)</DT><DD Font="normal"><LA Size="normal">Tag der Eintragung</LA></DD><DT>b)</DT><DD Font="normal"><LA Size="normal">Bemerkungen</LA></DD></DL></entry></row><row rowsep="1"><entry VJ="1" align="center">1</entry><entry VJ="1" align="center">2</entry><entry VJ="1" align="center">3</entry><entry VJ="1" align="center">4</entry><entry VJ="1" align="center">5</entry><entry VJ="1" align="center">6</entry><entry VJ="1" align="center">7</entry></row><row><entry VJ="1"> </entry><entry VJ="1"> </entry><entry VJ="1"> </entry><entry VJ="1"> </entry><entry VJ="1"> </entry><entry VJ="1"> </entry><entry VJ="1"> </entry></row><row><entry VJ="1"> </entry><entry VJ="1"> </entry><entry VJ="1"> </entry><entry VJ="1"> </entry><entry VJ="1"> </entry><entry VJ="1"> </entry><entry VJ="1"> </entry></row><row><entry VJ="1"> </entry><entry VJ="1"> </entry><entry VJ="1"> </entry><entry VJ="1"> </entry><entry VJ="1"> </entry><entry VJ="1"> </entry><entry VJ="1"> </entry></row><row><entry VJ="1"> </entry><entry VJ="1"> </entry><entry VJ="1"> </entry><entry VJ="1"> </entry><entry VJ="1"> </entry><entry VJ="1"> </entry><entry VJ="1"> </entry></row><row><entry VJ="1"> </entry><entry VJ="1"> </entry><entry VJ="1"> </entry><entry VJ="1"> </entry><entry VJ="1"> </entry><entry VJ="1"> </entry><entry VJ="1"> </entry></row><row><entry VJ="1"> </entry><entry VJ="1"> </entry><entry VJ="1"> </entry><entry VJ="1"> </entry><entry VJ="1"> </entry><entry VJ="1"> </entry><entry VJ="1"> </entry></row><row><entry VJ="1"> </entry><entry VJ="1"> </entry><entry VJ="1"> </entry><entry VJ="1"> </entry><entry VJ="1"> </entry><entry VJ="1"> </entry><entry VJ="1"> </entry></row><row><entry VJ="1"> </entry><entry VJ="1"> </entry><entry VJ="1"> </entry><entry VJ="1"> </entry><entry VJ="1"> </entry><entry VJ="1"> </entry><entry VJ="1"> </entry></row><row><entry VJ="1" nameend="col7" namest="col1"> </entry></row><row><entry VJ="1" nameend="col7" namest="col1">-----</entry></row><row><entry VJ="1">Anmerkung:</entry><entry VJ="1" nameend="col7" namest="col2">Die Kopfzeile und die Spaltenüberschriften müssen beim Abruf der Registerdaten auf dem Bildschirm stets sichtbar sein.</entry></row></tbody></tgroup></table><!--Ende: BJNR001500889BJNE004702301_01--></P></Content></text><fussnoten/></textdaten></norm>
<norm builddate="20220731213009" doknr="BJNR001500889BJNE004803160"><metadaten><jurabk>GenRegV</jurabk><enbez>Anlage 2</enbez><titel format="XML">(zu § 25)<BR/>Inhalt des Genossenschaftsregisters als fortlaufender Text</titel></metadaten><textdaten><text format="XML"><Content><P><ABWFORMAT typ="A"/><kommentar typ="Fundstelle">(Fundstelle: BGBl. I 2006, 2274;<BR/>bzgl. der einzelnen Änderungen vgl. Fußnote)</kommentar><BR/><table frame="none" tocentry="%yes;"><tgroup align="left" char="" charoff="50" cols="2" colsep="0" rowsep="0"><colspec colname="col1" colnum="1" colwidth="14.06*"/><colspec colname="col2" colnum="2" colwidth="85.94*"/><tbody valign="top"><row><entry VJ="1" nameend="col2" namest="col1" valign="bottom">Genossenschaftsregister des Amtsgerichts</entry></row><row><entry VJ="1" align="right" nameend="col2" namest="col1" valign="top">Nummer der Firma: GnR</entry></row><row rowsep="1"><entry VJ="1" align="center" nameend="col2" namest="col1" valign="top">Wiedergabe des aktuellen Registerinhalts</entry></row><row><entry VJ="1" valign="top">1.</entry><entry VJ="1" valign="top">Anzahl der bisherigen Eintragungen:</entry></row><row><entry VJ="1" valign="top">2.</entry><entry VJ="1" valign="top"><DL Font="normal" Type="arabic"><DT>a)</DT><DD Font="normal"><LA Size="normal">Firma:</LA></DD><DT>b)</DT><DD Font="normal"><LA Size="normal">Sitz, Niederlassung, inländische Geschäftsanschrift und empfangsberechtigte Person der Europäischen Genossenschaft, Zweigniederlassungen:</LA></DD><DT>c)</DT><DD Font="normal"><LA Size="normal">Gegenstand des Unternehmens:</LA></DD></DL></entry></row><row><entry VJ="1" valign="top">3.</entry><entry VJ="1" valign="top">Nachschusspflicht, Mindestkapital; Grundkapital der Europäischen Genossenschaft:</entry></row><row><entry VJ="1" valign="top">4.</entry><entry VJ="1" valign="top"><DL Font="normal" Type="arabic"><DT>a)</DT><DD Font="normal"><LA Size="normal">Allgemeine Vertretungsregelung:</LA></DD><DT>b)</DT><DD Font="normal"><LA Size="normal">Vorstand; Leitungsorgan oder geschäftsführende Direktoren der Europäischen Genossenschaft; Vertretungsberechtigte und besondere Vertretungsbefugnis:</LA></DD></DL></entry></row><row><entry VJ="1" valign="top">5.</entry><entry VJ="1" valign="top">Prokura:</entry></row><row><entry VJ="1" valign="top">6.</entry><entry VJ="1" valign="top"><DL Font="normal" Type="arabic"><DT>a)</DT><DD Font="normal"><LA Size="normal">Rechtsform und Satzung:</LA></DD><DT>b)</DT><DD Font="normal"><LA Size="normal">Sonstige Rechtsverhältnisse:</LA></DD></DL></entry></row><row><entry VJ="1" valign="top">7.</entry><entry VJ="1" valign="top">Tag der letzten Eintragung:</entry></row><row><entry VJ="1" nameend="col2" namest="col1" valign="top"> </entry></row><row><entry VJ="1" valign="top">Anmerkung:</entry><entry VJ="1" valign="top">Die beiden Kopfzeilen müssen beim Abruf der Registerdaten auf dem Bildschirm stets sichtbar sein.</entry></row></tbody></tgroup></table></P></Content></text><fussnoten/></textdaten></norm>
</dokumente>