<?xml version="1.0" encoding="UTF-8" ?><!DOCTYPE dokumente SYSTEM "http://www.gesetze-im-internet.de/dtd/1.01/gii-norm.dtd">
<dokumente builddate="20130405130709" doknr="BJNR074000997"><norm builddate="20130405130709" doknr="BJNR074000997"><metadaten><jurabk>BäderFAngAusbV</jurabk><ausfertigung-datum manuell="ja">1997-03-26</ausfertigung-datum><fundstelle typ="amtlich"><periodikum>BGBl I</periodikum><zitstelle>1997, 740</zitstelle></fundstelle><langue>Verordnung über die Berufsausbildung zum/zur
Fachangestellten für Bäderbetriebe</langue></metadaten><textdaten><text format="XML"><Content><P/></Content></text><fussnoten><Content><P>(+++ Textnachweis ab:  1. 8.1997 +++)</P><P><BR/> Diese Rechtsverordnung ist eine Ausbildungsordnung im Sinne des § 25 des Berufsbildungsgesetzes. Die Ausbildungsordnung und der damit abgestimmte, von der Ständigen Konferenz der Kultusminister der Länder in der Bundesrepublik Deutschland beschlossene Rahmenlehrplan für die Berufsschule werden demnächst als Beilage zum Bundesanzeiger veröffentlicht.</P></Content></fussnoten></textdaten></norm>
<norm builddate="20130405130709" doknr="BJNR074000997BJNE000100310"><metadaten><jurabk>BäderFAngAusbV</jurabk><enbez>Eingangsformel</enbez></metadaten><textdaten><text format="XML"><Content><P>Auf Grund des § 25 des Berufsbildungsgesetzes vom 14. August 1969 (BGBl. I S. 1112), der zuletzt durch § 24 Nr. 1 des Gesetzes vom 24. August 1976 (BGBl. I S. 2525) geändert worden ist, in Verbindung mit Artikel 56 des Zuständigkeitsanpassungs-Gesetzes vom 18. März 1975 (BGBl. I S. 705) und dem Organisationserlaß vom 17. November 1994 (BGBl. I S. 3667) verordnet das Bundesministerium des Innern im Einvernehmen mit dem Bundesministerium für Bildung, Wissenschaft, Forschung und Technologie:</P></Content></text></textdaten></norm>
<norm builddate="20130405130709" doknr="BJNR074000997BJNE000200310"><metadaten><jurabk>BäderFAngAusbV</jurabk><enbez>§ 1</enbez><titel format="parat">Staatliche Anerkennung des Ausbildungsberufes</titel></metadaten><textdaten><text format="XML"><Content><P>Der Ausbildungsberuf Fachangestellter für Bäderbetriebe/Fachangestellte für Bäderbetriebe wird staatlich anerkannt.</P></Content></text></textdaten></norm>
<norm builddate="20130405130709" doknr="BJNR074000997BJNE000300310"><metadaten><jurabk>BäderFAngAusbV</jurabk><enbez>§ 2</enbez><titel format="parat">Ausbildungsdauer</titel></metadaten><textdaten><text format="XML"><Content><P>Die Ausbildung dauert drei Jahre.</P></Content></text></textdaten></norm>
<norm builddate="20130405130709" doknr="BJNR074000997BJNE000400310"><metadaten><jurabk>BäderFAngAusbV</jurabk><enbez>§ 3</enbez><titel format="parat">Ausbildungsberufsbild</titel></metadaten><textdaten><text format="XML"><Content><P>Gegenstand der Berufsausbildung sind mindestens die folgenden Fertigkeiten und Kenntnisse: <DL Font="normal" Type="arabic"><DT>1.</DT><DD Font="normal"><LA Size="normal">Berufsbildung,</LA></DD> <DT>2.</DT><DD Font="normal"><LA Size="normal">Aufbau und Organisation des Ausbildungsbetriebes,</LA></DD> <DT>3.</DT><DD Font="normal"><LA Size="normal">Arbeits- und Tarifrecht, Arbeitsschutz,</LA></DD> <DT>4.</DT><DD Font="normal"><LA Size="normal">Arbeitssicherheit, Umweltschutz und rationelle Energieverwendung,</LA></DD> <DT>5.</DT><DD Font="normal"><LA Size="normal">Aufrechterhalten der Betriebssicherheit,</LA></DD> <DT>6.</DT><DD Font="normal"><LA Size="normal">Beaufsichtigen des Badebetriebes,</LA></DD> <DT>7.</DT><DD Font="normal"><LA Size="normal">Betreuen von Besuchern,</LA></DD> <DT>8.</DT><DD Font="normal"><LA Size="normal">Schwimmen,</LA></DD> <DT>9.</DT><DD Font="normal"><LA Size="normal">Einleiten und Ausüben von Wasserrettungsmaßnahmen,</LA></DD> <DT>10.</DT><DD Font="normal"><LA Size="normal">Durchführen von Erster Hilfe und Wiederbelebungsmaßnahmen,</LA></DD> <DT>11.</DT><DD Font="normal"><LA Size="normal">Messen physikalischer und chemischer Größen sowie Bestimmen von Stoffkonstanten,</LA></DD> <DT>12.</DT><DD Font="normal"><LA Size="normal">Kontrollieren und Sichern des technischen Betriebsablaufes,</LA></DD> <DT>13.</DT><DD Font="normal"><LA Size="normal">Pflegen und Warten bäder- und freizeittechnischer Einrichtungen,</LA></DD> <DT>14.</DT><DD Font="normal"><LA Size="normal">Durchführen von Verwaltungsarbeiten im Bad,</LA></DD> <DT>15.</DT><DD Font="normal"><LA Size="normal">Öffentlichkeitsarbeit.</LA></DD> </DL></P></Content></text></textdaten></norm>
<norm builddate="20130405130709" doknr="BJNR074000997BJNE000500310"><metadaten><jurabk>BäderFAngAusbV</jurabk><enbez>§ 4</enbez><titel format="parat">Ausbildungsrahmenplan</titel></metadaten><textdaten><text format="XML"><Content><P>(1) Die Fertigkeiten und Kenntnisse nach § 3 sollen nach der in der Anlage enthaltenen Anleitung zur sachlichen und zeitlichen Gliederung der Berufsausbildung (Ausbildungsrahmenplan) vermittelt werden. Eine von dem Ausbildungsrahmenplan abweichende sachliche und zeitliche Gliederung des Ausbildungsinhaltes ist insbesondere zulässig, soweit betriebspraktische Besonderheiten die Abweichung erfordern.</P><P>(2) Die in dieser Verordnung genannten Fertigkeiten und Kenntnisse sollen so vermittelt werden, daß der Auszubildende zur Ausübung einer qualifizierten beruflichen Tätigkeit im Sinne des § 1 Abs. 2 des Berufsbildungsgesetzes befähigt wird, die insbesondere selbständiges Planen, Durchführen und Kontrollieren einschließt. Die in Satz 1 beschriebene Befähigung ist auch in den Prüfungen nach den §§ 7 und 8 nachzuweisen.</P></Content> </text></textdaten></norm>
<norm builddate="20130405130709" doknr="BJNR074000997BJNE000600310"><metadaten><jurabk>BäderFAngAusbV</jurabk><enbez>§ 5</enbez><titel format="parat">Ausbildungsplan</titel></metadaten><textdaten><text format="XML"><Content><P>Der Ausbildende hat unter Zugrundelegung des Ausbildungsrahmenplans für den Auszubildenden einen Ausbildungsplan zu erstellen.</P></Content></text></textdaten></norm>
<norm builddate="20130405130709" doknr="BJNR074000997BJNE000700310"><metadaten><jurabk>BäderFAngAusbV</jurabk><enbez>§ 6</enbez><titel format="parat">Berichtsheft</titel></metadaten><textdaten><text format="XML"><Content><P>Der Auszubildende hat ein Berichtsheft in Form eines Ausbildungsnachweises zu führen. Ihm ist Gelegenheit zu geben, das Berichtsheft während der Ausbildungszeit zu führen. Der Ausbildende hat das Berichtsheft regelmäßig durchzusehen.</P></Content></text></textdaten></norm>
<norm builddate="20130405130709" doknr="BJNR074000997BJNE000800310"><metadaten><jurabk>BäderFAngAusbV</jurabk><enbez>§ 7</enbez><titel format="parat">Zwischenprüfung</titel></metadaten><textdaten><text format="XML"><Content><P>(1) Zur Ermittlung des Ausbildungsstandes ist eine Zwischenprüfung durchzuführen. Sie soll in der Mitte des zweiten Ausbildungsjahres stattfinden.</P><P>(2) Die Zwischenprüfung erstreckt sich auf die in der Anlage für das erste Ausbildungsjahr aufgeführten Fertigkeiten und Kenntnisse sowie auf den im Berufsschulunterricht entsprechend dem Rahmenlehrplan zu vermittelnden Lehrstoff, soweit er für die Berufsausbildung wesentlich ist.</P><P>(3) Der Prüfling soll in der praktischen Prüfung folgende Aufgaben ausführen: <DL Font="normal" Type="arabic"><DT>1.</DT><DD Font="normal"><LA Size="normal">in höchstens 12 Minuten 400 Meter Schwimmen, davon 50 Meter Kraulschwimmen, 50 Meter Brustschwimmen, 100 Meter Freistilschwimmen und 200 Meter Schwimmen in Rückenlage mit Brustbeinschlag ohne Armtätigkeit,</LA></DD> <DT>2.</DT><DD Font="normal"><LA Size="normal">in höchstens 1 Minute und 30 Sekunden 50 Meter Transportschwimmen, Schieben oder Ziehen, beide Personen bekleidet,</LA></DD> <DT>3.</DT><DD Font="normal"><LA Size="normal">3 Minuten lang eine Herz-Lungen-Wiederbelebung an einem Übungsphantom,</LA></DD> <DT>4.</DT><DD Font="normal"><LA Size="normal">in höchstens 1 Minute und 35 Sekunden 100 Meter Zeitschwimmen,</LA></DD> <DT>5.</DT><DD Font="normal"><LA Size="normal">Streckentauchen über eine Distanz von mindestens 30 Metern,</LA></DD> <DT>6.</DT><DD Font="normal"><LA Size="normal">Kopfsprung aus 3 Metern Höhe.</LA></DD> </DL> </P><P>(4) Der Prüfling soll in der schriftlichen Prüfung in insgesamt höchstens 180 Minuten Aufgaben aus folgenden Gebieten bearbeiten: <DL Font="normal" Type="arabic"><DT>1.</DT><DD Font="normal"><LA Size="normal">Arbeitsschutz, Unfallverhütung, Gesundheitsschutz, Arbeitshygiene und Umweltschutz,</LA></DD> <DT>2.</DT><DD Font="normal"><LA Size="normal">berufsbezogene naturwissenschaftliche Grundlagen, Einsatz von Werkstoffen und Werkzeugen,</LA></DD> <DT>3.</DT><DD Font="normal"><LA Size="normal">Aufrechterhaltung der Betriebssicherheit, Beaufsichtigung des Badebetriebes,</LA></DD> <DT>4.</DT><DD Font="normal"><LA Size="normal">Betreuen von Besuchern.</LA></DD> </DL> </P><P>(5) Die in Absatz 4 genannte Prüfungsdauer kann insbesondere unterschritten werden, soweit die schriftliche Prüfung in programmierter Form durchgeführt wird.</P></Content>  </text></textdaten></norm>
<norm builddate="20130405130709" doknr="BJNR074000997BJNE000900310"><metadaten><jurabk>BäderFAngAusbV</jurabk><enbez>§ 8</enbez><titel format="parat">Abschlußprüfung</titel></metadaten><textdaten><text format="XML"><Content><P>(1) Die Abschlußprüfung erstreckt sich auf die in der Anlage aufgeführten Fertigkeiten und Kenntnisse sowie auf den im Berufsschulunterricht vermittelten Lehrstoff, soweit er für die Berufsausbildung wesentlich ist.</P><P>(2) Die Prüfung ist praktisch und schriftlich durchzuführen.</P><P>(3) Der Prüfling soll in der praktischen Prüfung Aufgaben aus folgenden Prüfungsfächern ausführen: <DL Font="normal" Type="arabic"><DT>1.</DT><DD Font="normal"><LA Size="normal">im Prüfungsfach Retten und Erstversorgung:<DL Font="normal" Type="arabic"><DT>a)</DT><DD Font="normal"><LA Size="normal">in insgesamt höchstens 10 Minuten Durchführen einer praxisnahen Rettungsübung mit Startsprung in Kleidung vom Beckenrand, Anschwimmen, Aufnehmen einer erwachsenen Person aus 3 bis 5 Metern Tiefe, Ausführen von Befreiungsgriffen, Abschleppen, Anlandbringen und Maßnahmen der Erstversorgung,</LA></DD> <DT>b)</DT><DD Font="normal"><LA Size="normal">in höchstens 8 Minuten 300 Meter Kleiderschwimmen mit anschließendem Entkleiden,</LA></DD> <DT>c)</DT><DD Font="normal"><LA Size="normal">5 Minuten lang eine Herz-Lungen-Wiederbelebung an einem Übungsphantom,</LA></DD> <DT>d)</DT><DD Font="normal"><LA Size="normal">in höchstens 2 Minuten 50 Meter Abschleppen, beide Personen bekleidet, davon die ersten 25 Meter mit Kopf- oder Achselgriff und die letzten 25 Meter mit Fesselschleppgriff;</LA></DD> </DL></LA></DD> <DT>2.</DT><DD Font="normal"><LA Size="normal">im Prüfungsfach Schwimmen:</LA><LA Size="normal">in insgesamt 10 Minuten:<DL Font="normal" Type="arabic"><DT>a)</DT><DD Font="normal"><LA Size="normal">Streckentauchen über eine Distanz von mindestens 35 Metern,</LA></DD> <DT>b)</DT><DD Font="normal"><LA Size="normal">Ausführen einer Wettkampftechnik einschließlich Start und Wende über eine Strecke von 50 Metern,</LA></DD> <DT>c)</DT><DD Font="normal"><LA Size="normal">100 Meter Zeitschwimmen in einer Höchstzeit von 1 Minute und 30 Sekunden,</LA></DD> <DT>d)</DT><DD Font="normal"><LA Size="normal">Kopfsprung aus 3 Metern Höhe;</LA></DD> </DL></LA></DD>  <DT>3.</DT><DD Font="normal"><LA Size="normal">im Prüfungsfach Besucherbetreuung und Schwimmunterricht:</LA><LA Size="normal">in insgesamt 90 Minuten:<DL Font="normal" Type="arabic"><DT>a)</DT><DD Font="normal"><LA Size="normal">Vorbereiten und Durchführen einer Schwimmunterrichtseinheit,</LA></DD> <DT>b)</DT><DD Font="normal"><LA Size="normal">Durchführen eines vorgegebenen Spiel- oder Sportarrangements.</LA></DD> </DL> </LA></DD>  </DL></P><P>(4) Der Prüfling soll in der schriftlichen Prüfung: <DL Font="normal" Type="arabic"><DT>1.</DT><DD Font="normal"><LA Size="normal">im Prüfungsfach Retten, Erstversorgung und Schwimmen:</LA><LA Size="normal">in insgesamt 90 Minuten praxisbezogene Aufgaben oder Fälle bearbeiten. Er soll dabei zeigen, daß er Fertigkeiten und Kenntnisse in Wettkampftechniken, in der Durchführung von Schwimmunterricht und über Erstversorgungs-, Rettungs- und Wiederbelebungsmaßnahmen sowie Gesundheitslehre erworben hat;</LA></DD>  <DT>2.</DT><DD Font="normal"><LA Size="normal">im Prüfungsfach Badebetrieb:</LA><LA Size="normal">in 120 Minuten praxisbezogene Aufgaben oder Fälle aus den Gebieten:<DL Font="normal" Type="arabic"><DT>a)</DT><DD Font="normal"><LA Size="normal">Sicherheit und Gesundheit,</LA></DD> <DT>b)</DT><DD Font="normal"><LA Size="normal">Organisation und Beaufsichtigung des Badebetriebes,</LA></DD> <DT>c)</DT><DD Font="normal"><LA Size="normal">Betreuen von Besuchern, Kommunikation sowie</LA></DD> <DT>d)</DT><DD Font="normal"><LA Size="normal">Verwaltung und Öffentlichkeitsarbeit, gesellschaftliche Bedeutung von Bädern</LA></DD> </DL></LA></DD>  </DL>bearbeiten. In den Gebieten der Nummer 2 Buchstabe a bis c soll der Prüfling zeigen, daß er die für die Aufrechterhaltung der Betriebssicherheit notwendigen Fertigkeiten und Kenntnisse erworben hat, die Aufsicht im Badebetrieb durchführen und Besucher betreuen kann. Im Gebiet der Nummer 2 Buchstabe d soll der Prüfling nachweisen, daß er Aufgaben in Verwaltung und Öffentlichkeitsarbeit übernehmen kann und die Zusammenhänge von Verwaltung und Bäderorganisation versteht; <DL Font="normal" Type="arabic"><DT>3.</DT><DD Font="normal"><LA Size="normal">im Prüfungsfach Bädertechnik:</LA><LA Size="normal">in 90 Minuten praxisbezogene Aufgaben oder Fälle aus den Gebieten:<DL Font="normal" Type="arabic"><DT>a)</DT><DD Font="normal"><LA Size="normal">Umweltschutz und Hygiene,</LA></DD> <DT>b)</DT><DD Font="normal"><LA Size="normal">Kontrollieren und Sichern des technischen Betriebsablaufes sowie</LA></DD> <DT>c)</DT><DD Font="normal"><LA Size="normal">Warten und Pflegen bäder- und freizeittechnischer Einrichtungen</LA></DD> </DL></LA></DD>  </DL>bearbeiten. Der Prüfling soll dabei zeigen, daß er die technischen Zusammenhänge und die bädertypischen Prozeßabläufe versteht sowie Maßnahmen zur Kontrolle und Sicherung des Betriebsablaufes unter Berücksichtigung von Umweltschutz und Hygiene ergreifen kann; <DL Font="normal" Type="arabic"><DT>4.</DT><DD Font="normal"><LA Size="normal">im Prüfungsfach Wirtschafts- und Sozialkunde:</LA><LA Size="normal">in 60 Minuten praxisbezogene Aufgaben oder Fälle aus den Gebieten:</LA><LA Size="normal">allgemeine wirtschaftliche und gesellschaftliche Zusammenhänge der Berufs- und Arbeitswelt bearbeiten.</LA></DD>   </DL> </P><P>(5) Die in Absatz 4 genannte Prüfungsdauer kann insbesondere unterschritten werden, soweit die schriftliche Prüfung in programmierter Form durchgeführt wird.</P><P>(6) Die schriftliche Prüfung ist auf Antrag des Prüflings oder nach Ermessen des Prüfungsausschusses in einzelnen Fächern durch eine mündliche Prüfung zu ergänzen, wenn diese für das Bestehen der Prüfung den Ausschlag geben kann. Die schriftliche Prüfung hat gegenüber der mündlichen Prüfung das doppelte Gewicht.</P><P>(7) Die Prüfung ist bestanden, wenn jeweils in der praktischen und schriftlichen Prüfung sowie innerhalb der praktischen Prüfung im Prüfungsfach Retten und Erstversorgung für jede Prüfungsaufgabe und in der schriftlichen Prüfung in mindestens zwei der in Absatz 4 genannten Prüfungsfächer mindestens ausreichende Leistungen erbracht sind. Werden die Prüfungsleistungen in einem Prüfungsfach mit ungenügend bewertet, ist die Prüfung nicht bestanden.</P></Content>    </text></textdaten></norm>
<norm builddate="20130405130709" doknr="BJNR074000997BJNE001000310"><metadaten><jurabk>BäderFAngAusbV</jurabk><enbez>§ 9</enbez><titel format="parat">Übergangsregelung</titel></metadaten><textdaten><text format="XML"><Content><P>Auf Berufsausbildungsverhältnisse, die bei Inkrafttreten dieser Verordnung bestehen, sind die bisherigen Vorschriften weiter anzuwenden, es sei denn, die Vertragsparteien vereinbaren die Anwendung der Vorschriften dieser Verordnung.</P></Content></text></textdaten></norm>
<norm builddate="20130405130709" doknr="BJNR074000997BJNE001100310"><metadaten><jurabk>BäderFAngAusbV</jurabk><enbez>§ 10</enbez><titel format="parat">Inkrafttreten, Außerkrafttreten</titel></metadaten><textdaten><text format="XML"><Content><P>Diese Verordnung tritt am 1. August 1997 in Kraft.</P></Content></text><fussnoten/></textdaten></norm>
<norm builddate="20130405130709" doknr="BJNR074000997BJNE001200310"><metadaten><jurabk>BäderFAngAusbV</jurabk><enbez>Anlage</enbez><titel format="XML">(zu § 4)
<BR/>
Ausbildungsrahmenplan für die Berufsausbildung zum/zur
Fachangestellten für Bäderbetriebe</titel></metadaten><textdaten><text format="XML"><Content><P><ABWFORMAT typ="A"/><kommentar typ="Fundstelle">(Fundstelle: BGBl. I 1997, 743 - 746)</kommentar><BR/><table frame="topbot" tocentry="%yes;"><tgroup align="left" char="" charoff="50" cols="7" rowsep="0"><colspec colname="col1" colnum="1" colsep="1" colwidth="5*"/><colspec colname="col2" colnum="2" colsep="1" colwidth="20*"/><colspec colname="col3" colnum="3" colsep="0" colwidth="5*"/><colspec colname="col4" colnum="4" colsep="1" colwidth="50*"/><colspec colname="col5" colnum="5" colsep="1" colwidth="5*"/><colspec colname="col6" colnum="6" colsep="1" colwidth="5*"/><colspec colname="col7" colnum="7" colsep="0" colwidth="5*"/><thead valign="bottom"><row rowsep="1"><entry VJ="1" align="left" colsep="0" morerows="1" valign="top">Lfd. Nr.</entry><entry VJ="1" align="center" colsep="0" morerows="1" valign="top">Teil des Ausbildungs-berufsbildes</entry><entry VJ="1" align="center" colsep="1" morerows="1" nameend="col4" namest="col3" valign="middle">Zu vermittelnde Fertigkeiten und Kenntnisse</entry><entry VJ="1" align="left" colsep="0" nameend="col7" namest="col5" valign="top">Zeitliche Richtwerte in Wochen im Ausbildungsjahr</entry></row><row rowsep="1"><entry VJ="1" align="center" colsep="0" valign="top">1</entry><entry VJ="1" align="center" colsep="0" valign="top">2</entry><entry VJ="1" align="center" colsep="0" valign="top">3</entry></row><row rowsep="1"><entry VJ="1" align="center" colsep="0" valign="top">1</entry><entry VJ="1" align="center" colsep="0" valign="top">2</entry><entry VJ="1" align="center" colsep="1" nameend="col4" namest="col3" valign="top">3</entry><entry VJ="1" align="center" colsep="0" nameend="col7" namest="col5" valign="top">4</entry></row></thead><tbody valign="top"><row><entry VJ="1" align="center" colsep="0" morerows="2" rowsep="1" valign="top">1</entry><entry VJ="1" align="left" colsep="0" morerows="2" rowsep="1" valign="top">Berufsbildung (§ 3 Nr. 1)</entry><entry VJ="1" align="left" colsep="0" valign="top">a)</entry><entry VJ="1" align="left" colsep="0" valign="top">Bedeutung des Ausbildungsvertrages, insbesondere Abschluß, Dauer und Beendigung, erklären</entry><entry VJ="1" align="left" colsep="0" morerows="21" nameend="col7" namest="col5" rowsep="1" valign="middle">während der gesamten Ausbildung zu vermitteln</entry></row><row><entry VJ="1" align="left" colsep="0" valign="top">b)</entry><entry VJ="1" align="left" colsep="0" valign="top">gegenseitige Rechte und Pflichten aus dem Ausbildungsvertrag nennen</entry></row><row rowsep="1"><entry VJ="1" align="left" colsep="0" valign="top">c)</entry><entry VJ="1" align="left" colsep="0" valign="top">Möglichkeiten der beruflichen Fortbildung nennen</entry></row><row><entry VJ="1" align="center" colsep="0" morerows="3" rowsep="1" valign="top">2</entry><entry VJ="1" align="left" colsep="0" morerows="3" rowsep="1" valign="top">Aufbau und Organisation des Ausbildungs-betriebes (§ 3 Nr. 2)</entry><entry VJ="1" align="left" colsep="0" valign="top">a)</entry><entry VJ="1" align="left" colsep="0" valign="top">Struktur und Aufgabe von Freizeit- und Badebetrieben beschreiben</entry></row><row><entry VJ="1" align="left" colsep="0" valign="top">b)</entry><entry VJ="1" align="left" colsep="0" valign="top">Rechtsform, Aufbau und Ablauforganisation des ausbildenden Betriebes erläutern</entry></row><row><entry VJ="1" align="left" colsep="0" valign="top">c)</entry><entry VJ="1" align="left" colsep="0" valign="top">Beziehungen des ausbildenden Betriebes und seiner Beschäftigten zu Wirtschaftsorganisationen, Fachverbänden, Berufsvertretungen, Gewerkschaften und Verwaltungen nennen</entry></row><row rowsep="1"><entry VJ="1" align="left" colsep="0" valign="top">d)</entry><entry VJ="1" align="left" colsep="0" valign="top">Grundlagen, Aufgaben und Arbeitsweise der betriebs-verfassungs- oder personalvertretungsrechtlichen Organe des ausbildenden Betriebes beschreiben</entry></row><row><entry VJ="1" align="center" colsep="0" morerows="4" rowsep="1" valign="top">3</entry><entry VJ="1" align="left" colsep="0" morerows="4" rowsep="1" valign="top">Arbeits- und Tarifrecht, Arbeitsschutz (§ 3 Nr. 3)</entry><entry VJ="1" align="left" colsep="0" valign="top">a)</entry><entry VJ="1" align="left" colsep="0" valign="top">über Bedeutung und Inhalt von Arbeitsverträgen Auskunft geben</entry></row><row><entry VJ="1" align="left" colsep="0" valign="top">b)</entry><entry VJ="1" align="left" colsep="0" valign="top">Bestimmungen der für den ausbildenden Betrieb geltenden Tarifverträge nennen</entry></row><row><entry VJ="1" align="left" colsep="0" valign="top">c)</entry><entry VJ="1" align="left" colsep="0" valign="top">Aufgaben des betrieblichen Arbeitsschutzes, der zuständigen Unfallversicherung und der Gewerbeaufsicht erläutern</entry></row><row><entry VJ="1" align="left" colsep="0" valign="top">d)</entry><entry VJ="1" align="left" colsep="0" valign="top">Bestimmungen der für den ausbildenden Betrieb geltenden Arbeitsschutzgesetze anwenden</entry></row><row rowsep="1"><entry VJ="1" align="left" colsep="0" valign="top">e)</entry><entry VJ="1" align="left" colsep="0" valign="top">Bestandteile der Sozialversicherung sowie Träger und Beitragssysteme aufzeigen</entry></row><row><entry VJ="1" align="center" colsep="0" morerows="9" rowsep="1" valign="top">4</entry><entry VJ="1" align="left" colsep="0" morerows="9" rowsep="1" valign="top">Arbeitssicherheit, Umweltschutz und rationelle Energieverwendung (§ 3 Nr. 4)</entry><entry VJ="1" align="left" colsep="0" valign="top">a)</entry><entry VJ="1" align="left" colsep="0" valign="top">berufsbezogene Vorschriften der Träger der gesetzlichen Unfallversicherung, insbesondere Unfallverhütungsvorschriften, Richtlinien und Merkblätter, beachten</entry></row><row><entry VJ="1" align="left" colsep="0" valign="top">b)</entry><entry VJ="1" align="left" colsep="0" valign="top">Arbeitssicherheitsvorschriften bei den Arbeitsabläufen anwenden</entry></row><row><entry VJ="1" align="left" colsep="0" valign="top">c)</entry><entry VJ="1" align="left" colsep="0" valign="top">geeignete Maßnahmen zur Verhütung von Unfällen im eigenen Arbeitsbereich ergreifen und sich bei Unfällen situationsgerecht verhalten</entry></row><row><entry VJ="1" align="left" colsep="0" valign="top">d)</entry><entry VJ="1" align="left" colsep="0" valign="top">Verhaltensregeln für den Brandfall nennen und Maßnahmen zur Brandbekämpfung ergreifen</entry></row><row><entry VJ="1" align="left" colsep="0" valign="top">e)</entry><entry VJ="1" align="left" colsep="0" valign="top">Gefahren, die von Giften, Gasen, Dämpfen, leicht entzündlichen Stoffen sowie vom elektrischen Strom ausgehen, beachten</entry></row><row><entry VJ="1" align="left" colsep="0" valign="top">f)</entry><entry VJ="1" align="left" colsep="0" valign="top">berufsspezifische Bestimmungen zu Gefahrstoffen und -gütern anwenden</entry></row><row><entry VJ="1" align="left" colsep="0" valign="top">g)</entry><entry VJ="1" align="left" colsep="0" valign="top">Vorschriften zum Schutz der Gesundheit am Arbeitsplatz anwenden</entry></row><row><entry VJ="1" align="left" colsep="0" valign="top">h)</entry><entry VJ="1" align="left" colsep="0" valign="top">zur Vermeidung betriebsbedingter Umweltbelastungen im beruflichen Einwirkungsbereich nach ökologischen Gesichtspunkten beitragen</entry></row><row><entry VJ="1" align="left" colsep="0" valign="top">i)</entry><entry VJ="1" align="left" colsep="0" valign="top">Maßnahmen zur Entsorgung von Abfällen unter Beachtung betrieblicher und sonstiger berufsbezogener Sicherheitsbestimmungen ergreifen</entry></row><row rowsep="1"><entry VJ="1" align="left" colsep="0" valign="top">k)</entry><entry VJ="1" align="left" colsep="0" valign="top">zur rationellen Energie- und Materialverwendung im beruflichen Beobachtungs- und Einwirkungsbereich beitragen</entry></row><row><entry VJ="1" align="center" colsep="0" morerows="4" rowsep="1" valign="top">5</entry><entry VJ="1" align="left" colsep="0" morerows="4" rowsep="1" valign="top">Aufrechterhalten der Betriebssicherheit (§ 3 Nr. 5)</entry><entry VJ="1" align="left" colsep="0" valign="top">a)</entry><entry VJ="1" align="left" colsep="0" valign="top">Rechtsvorschriften und betriebliche Bestimmungen, die für den Betrieb des Bades gelten, anwenden</entry><entry VJ="1" align="center" colsep="0" morerows="2" rowsep="1" valign="middle">12</entry><entry VJ="1" align="left" colsep="0" morerows="2" rowsep="1" valign="top"> </entry><entry VJ="1" align="left" colsep="0" morerows="2" rowsep="1" valign="top"> </entry></row><row><entry VJ="1" align="left" colsep="0" valign="top">b)</entry><entry VJ="1" align="left" colsep="0" valign="top">Rechtsvorschriften und betriebliche Grundsätze der Hygiene anwenden</entry></row><row rowsep="1"><entry VJ="1" align="left" colsep="0" valign="top">c)</entry><entry VJ="1" align="left" colsep="0" valign="top">Mittel, Geräte und Verfahren zur Reinigung und Desinfektion anwenden und deren Auswahl begründen</entry></row><row rowsep="1"><entry VJ="1" align="left" colsep="0" valign="top">d)</entry><entry VJ="1" align="left" colsep="0" valign="top">bei der Organisation von Betriebsabläufen des Badebetriebes mitwirken</entry><entry VJ="1" align="left" colsep="0" valign="top"> </entry><entry VJ="1" align="center" colsep="0" valign="middle">6</entry><entry VJ="1" align="left" colsep="0" valign="top"> </entry></row><row rowsep="1"><entry VJ="1" align="left" colsep="0" valign="top">e)</entry><entry VJ="1" align="left" colsep="0" valign="top">bei der Kontrolle und Beaufsichtigung im Rahmen der Verkehrssicherungspflicht mitwirken</entry><entry VJ="1" align="left" colsep="0" valign="top"> </entry><entry VJ="1" align="left" colsep="0" valign="top"> </entry><entry VJ="1" align="center" colsep="0" valign="middle">6</entry></row><row><entry VJ="1" align="center" colsep="0" morerows="4" rowsep="1" valign="top">6</entry><entry VJ="1" align="left" colsep="0" morerows="4" rowsep="1" valign="top">Beaufsichtigen des Badebetriebes (§ 3 Nr. 6)</entry><entry VJ="1" align="left" colsep="0" valign="top">a)</entry><entry VJ="1" align="left" colsep="0" valign="top">Gefahren des Badebetriebes in und an Naturgewässern erläutern</entry><entry VJ="1" align="center" colsep="0" morerows="1" rowsep="1" valign="middle">4</entry><entry VJ="1" align="left" colsep="0" morerows="1" rowsep="1" valign="top"> </entry><entry VJ="1" align="left" colsep="0" morerows="1" rowsep="1" valign="top"> </entry></row><row rowsep="1"><entry VJ="1" align="left" colsep="0" valign="top">b)</entry><entry VJ="1" align="left" colsep="0" valign="top">Rechtsnormen, Verwaltungsvorschriften, Betriebs- und Dienstanweisungen zur Aufsicht im Badebetrieb sowie die Badeordnung anwenden</entry></row><row rowsep="1"><entry VJ="1" align="left" colsep="0" valign="top">c)</entry><entry VJ="1" align="left" colsep="0" valign="top">Beaufsichtigung im Badebetrieb, insbesondere im Beckenbereich, durchführen</entry><entry VJ="1" align="left" colsep="0" valign="top"> </entry><entry VJ="1" align="center" colsep="0" valign="middle">6</entry><entry VJ="1" align="left" colsep="0" valign="top"> </entry></row><row><entry VJ="1" align="left" colsep="0" valign="top">d)</entry><entry VJ="1" align="left" colsep="0" valign="top">bei Planung und Organisation des Aufsichtsdienstes mitwirken</entry><entry VJ="1" align="left" colsep="0" morerows="1" rowsep="1" valign="top"> </entry><entry VJ="1" align="left" colsep="0" morerows="1" rowsep="1" valign="top"> </entry><entry VJ="1" align="center" colsep="0" morerows="1" rowsep="1" valign="middle">8</entry></row><row rowsep="1"><entry VJ="1" align="left" colsep="0" valign="top">e)</entry><entry VJ="1" align="left" colsep="0" valign="top">bedrohliche Situationen im Badebetrieb feststellen und Sofortmaßnahmen einleiten</entry></row><row><entry VJ="1" align="center" colsep="0" morerows="5" rowsep="1" valign="top">7</entry><entry VJ="1" align="left" colsep="0" morerows="5" rowsep="1" valign="top">Betreuen von Besuchern (§ 3 Nr. 7)</entry><entry VJ="1" align="left" colsep="0" valign="top">a)</entry><entry VJ="1" align="left" colsep="0" valign="top">Besucher empfangen und informieren</entry><entry VJ="1" align="center" colsep="0" morerows="2" rowsep="1" valign="middle">4</entry><entry VJ="1" align="left" colsep="0" morerows="2" rowsep="1" valign="top"> </entry><entry VJ="1" align="left" colsep="0" morerows="2" rowsep="1" valign="top"> </entry></row><row><entry VJ="1" align="left" colsep="0" valign="top">b)</entry><entry VJ="1" align="left" colsep="0" valign="top">Konfliktfelder beschreiben und Möglichkeiten zur Konfliktregelung anwenden</entry></row><row rowsep="1"><entry VJ="1" align="left" colsep="0" valign="top">c)</entry><entry VJ="1" align="left" colsep="0" valign="top">über notwendige Hygienemaßnahmen beraten</entry></row><row rowsep="1"><entry VJ="1" align="left" colsep="0" valign="top">d)</entry><entry VJ="1" align="left" colsep="0" valign="top">Besucherwünsche ermitteln und entsprechende Spiel- und Sportarrangements anbieten</entry><entry VJ="1" align="left" colsep="0" valign="top"> </entry><entry VJ="1" align="center" colsep="0" valign="middle">6</entry><entry VJ="1" align="left" colsep="0" valign="top"> </entry></row><row><entry VJ="1" align="left" colsep="0" valign="top">e)</entry><entry VJ="1" align="left" colsep="0" valign="top">Besucher betreuen</entry><entry VJ="1" align="left" colsep="0" morerows="1" rowsep="1" valign="top"> </entry><entry VJ="1" align="left" colsep="0" morerows="1" rowsep="1" valign="top"> </entry><entry VJ="1" align="center" colsep="0" morerows="1" rowsep="1" valign="middle">4</entry></row><row rowsep="1"><entry VJ="1" align="left" colsep="0" valign="top">f)</entry><entry VJ="1" align="left" colsep="0" valign="top">Kommunikationsregeln in verschiedenen beruflichen Situationen anwenden und zur Vermeidung von Kommunikationsstörungen beitragen</entry></row><row><entry VJ="1" align="center" colsep="0" morerows="5" rowsep="1" valign="top">8</entry><entry VJ="1" align="left" colsep="0" morerows="5" rowsep="1" valign="top">Schwimmen (§ 3 Nr. 8)</entry><entry VJ="1" align="left" colsep="0" valign="top">a)</entry><entry VJ="1" align="left" colsep="0" valign="top">Wettkampftechniken einschließlich Start- und Wendetechniken anwenden</entry><entry VJ="1" align="center" colsep="0" morerows="2" rowsep="1" valign="middle">7</entry><entry VJ="1" align="left" colsep="0" morerows="2" rowsep="1" valign="top"> </entry><entry VJ="1" align="left" colsep="0" morerows="2" rowsep="1" valign="top"> </entry></row><row><entry VJ="1" align="left" colsep="0" valign="top">b)</entry><entry VJ="1" align="left" colsep="0" valign="top">Techniken des Strecken- und Tieftauchens anwenden</entry></row><row rowsep="1"><entry VJ="1" align="left" colsep="0" valign="top">c)</entry><entry VJ="1" align="left" colsep="0" valign="top">Einfachsprünge ausführen</entry></row><row rowsep="1"><entry VJ="1" align="left" colsep="0" valign="top">d)</entry><entry VJ="1" align="left" colsep="0" valign="top">theoretischen und praktischen Schwimmunterricht für Anfänger durchführen</entry><entry VJ="1" align="left" colsep="0" valign="top"> </entry><entry VJ="1" align="center" colsep="0" valign="middle">7</entry><entry VJ="1" align="left" colsep="0" valign="top"> </entry></row><row><entry VJ="1" align="left" colsep="0" valign="top">e)</entry><entry VJ="1" align="left" colsep="0" valign="top">Schwimmunterricht für Fortgeschrittene durchführen</entry><entry VJ="1" align="left" colsep="0" morerows="1" rowsep="1" valign="top"> </entry><entry VJ="1" align="left" colsep="0" morerows="1" rowsep="1" valign="top"> </entry><entry VJ="1" align="center" colsep="0" morerows="1" rowsep="1" valign="middle">6</entry></row><row rowsep="1"><entry VJ="1" align="left" colsep="0" valign="top">f)</entry><entry VJ="1" align="left" colsep="0" valign="top">Spring- und Tauchunterricht für Anfänger durchführen</entry></row><row rowsep="1"><entry VJ="1" align="center" colsep="0" morerows="2" valign="top">9</entry><entry VJ="1" align="left" colsep="0" morerows="2" valign="top">Einleiten und Ausüben von Wasserrettungsmaßnahmen (§ 3 Nr. 9)</entry><entry VJ="1" align="left" colsep="0" valign="top">a)</entry><entry VJ="1" align="left" colsep="0" valign="top">Rettungsmaßnahmen, insbesondere unter Anwendung der Methoden des Rettungsschwimmens, durchführen</entry><entry VJ="1" align="center" colsep="0" valign="middle">6</entry><entry VJ="1" align="left" colsep="0" valign="top"> </entry><entry VJ="1" align="left" colsep="0" valign="top"> </entry></row><row rowsep="1"><entry VJ="1" align="left" colsep="0" valign="top">b)</entry><entry VJ="1" align="left" colsep="0" valign="top">Rettungssituationen erläutern und entsprechende Rettungsmaßnahmen ableiten</entry><entry VJ="1" align="left" colsep="0" valign="top"> </entry><entry VJ="1" align="center" colsep="0" valign="middle">7</entry><entry VJ="1" align="left" colsep="0" valign="top"> </entry></row><row rowsep="1"><entry VJ="1" align="left" colsep="0" valign="top">c)</entry><entry VJ="1" align="left" colsep="0" valign="top">Rettungsgeräte für Wasserrettungsmaßnahmen warten und einsetzen</entry><entry VJ="1" align="left" colsep="0" valign="top"> </entry><entry VJ="1" align="left" colsep="0" valign="top"> </entry><entry VJ="1" align="center" colsep="0" valign="middle">7</entry></row><row><entry VJ="1" align="center" colsep="0" morerows="4" rowsep="1" valign="top">10</entry><entry VJ="1" align="left" colsep="0" morerows="4" rowsep="1" valign="top">Durchführen von Erster Hilfe und Wiederbelebungs-maßnahmen (§ 3 Nr. 10)</entry><entry VJ="1" align="left" colsep="0" valign="top">a)</entry><entry VJ="1" align="left" colsep="0" valign="top">Aufgaben eines Ersthelfers nach den Unfallverhütungsvorschriften des Trägers der gesetzlichen Unfallversicherung ausüben</entry><entry VJ="1" align="center" colsep="0" morerows="1" rowsep="1" valign="middle">4</entry><entry VJ="1" align="left" colsep="0" morerows="1" rowsep="1" valign="top"> </entry><entry VJ="1" align="left" colsep="0" morerows="1" rowsep="1" valign="top"> </entry></row><row rowsep="1"><entry VJ="1" align="left" colsep="0" valign="top">b)</entry><entry VJ="1" align="left" colsep="0" valign="top">Herz-Lungen-Wiederbelebungs-maßnahmen an Personen unterschiedlicher Altersgruppen unter Berücksichtigung der verschiedenen anatomischen Gegebenheiten durchführen</entry></row><row rowsep="1"><entry VJ="1" align="left" colsep="0" valign="top">c)</entry><entry VJ="1" align="left" colsep="0" valign="top">Unfallbeteiligte betreuen</entry><entry VJ="1" align="left" colsep="0" rowsep="1" valign="top"> </entry><entry VJ="1" align="center" colsep="0" rowsep="1" valign="middle">2</entry><entry VJ="1" align="left" colsep="0" rowsep="1" valign="top"> </entry></row><row><entry VJ="1" align="left" colsep="0" valign="top">d)</entry><entry VJ="1" align="left" colsep="0" valign="top">Herz-Lungen-Wiederbelebung mit einfachem Gerät, insbesondere Beutel- und Balgbeatmer, durchführen</entry><entry VJ="1" align="left" colsep="0" morerows="1" rowsep="1" valign="top"> </entry><entry VJ="1" align="left" colsep="0" morerows="1" rowsep="1" valign="top"> </entry><entry VJ="1" align="center" colsep="0" morerows="1" rowsep="1" valign="middle">2</entry></row><row rowsep="1"><entry VJ="1" align="left" colsep="0" valign="top">e)</entry><entry VJ="1" align="left" colsep="0" valign="top">Verletzten mit und ohne Gerät transportieren</entry></row><row><entry VJ="1" align="center" colsep="0" morerows="4" rowsep="1" valign="top">11</entry><entry VJ="1" align="left" colsep="0" morerows="4" rowsep="1" valign="top">Messen physikalischer und chemischer Größen sowie Bestimmen von Stoffkonstanten (§ 3 Nr. 11)</entry><entry VJ="1" align="left" colsep="0" valign="top">a)</entry><entry VJ="1" align="left" colsep="0" valign="top">Länge, Masse, Volumen, Temperatur und Druck messen</entry><entry VJ="1" align="center" colsep="0" morerows="2" rowsep="1" valign="middle">2</entry><entry VJ="1" align="left" colsep="0" morerows="2" rowsep="1" valign="top"> </entry><entry VJ="1" align="left" colsep="0" morerows="2" rowsep="1" valign="top"> </entry></row><row><entry VJ="1" align="left" colsep="0" valign="top">b)</entry><entry VJ="1" align="left" colsep="0" valign="top">die Bedeutung von Schmelzpunkt, Siedepunkt und Dichte erläutern</entry></row><row rowsep="1"><entry VJ="1" align="left" colsep="0" valign="top">c)</entry><entry VJ="1" align="left" colsep="0" valign="top">pH-Wert und Hygienehilfsparameter bestimmen</entry></row><row><entry VJ="1" align="left" colsep="0" valign="top">d)</entry><entry VJ="1" align="left" colsep="0" valign="top">Proben unter betrieblichen Bedingungen entnehmen</entry><entry VJ="1" align="left" colsep="0" morerows="1" rowsep="1" valign="top"> </entry><entry VJ="1" align="left" colsep="0" morerows="1" rowsep="1" valign="top"> </entry><entry VJ="1" align="center" colsep="0" morerows="1" rowsep="1" valign="middle">2</entry></row><row rowsep="1"><entry VJ="1" align="left" colsep="0" valign="top">e)</entry><entry VJ="1" align="left" colsep="0" valign="top">Meßgeräte zur Überwachung der Wasserqualität handhaben und pflegen</entry></row><row><entry VJ="1" align="center" colsep="0" morerows="4" rowsep="1" valign="top">12</entry><entry VJ="1" align="left" colsep="0" morerows="4" rowsep="1" valign="top">Kontrollieren und Sichern des technischen Betriebsablaufes (§ 3 Nr. 12)</entry><entry VJ="1" align="left" colsep="0" valign="top">a)</entry><entry VJ="1" align="left" colsep="0" valign="top">Betriebsabläufe durch regelmäßige Kontrolle der bädertechnischen Anlagen und der Betriebszustände sichern</entry><entry VJ="1" align="center" colsep="0" morerows="1" rowsep="1" valign="middle">7</entry><entry VJ="1" align="left" colsep="0" morerows="1" rowsep="1" valign="top"> </entry><entry VJ="1" align="left" colsep="0" morerows="1" rowsep="1" valign="top"> </entry></row><row rowsep="1"><entry VJ="1" align="left" colsep="0" valign="top">b)</entry><entry VJ="1" align="left" colsep="0" valign="top">Arbeits- und Bäderhygiene kontrollieren und sichern</entry></row><row><entry VJ="1" align="left" colsep="0" valign="top">c)</entry><entry VJ="1" align="left" colsep="0" valign="top">Betriebsdaten von Steuer-, Regel- und Sicherheitseinrichtungen prüfen und dokumentieren</entry><entry VJ="1" align="left" colsep="0" morerows="1" rowsep="1" valign="top"> </entry><entry VJ="1" align="center" colsep="0" morerows="1" rowsep="1" valign="middle">8</entry><entry VJ="1" align="left" colsep="0" morerows="1" rowsep="1" valign="top"> </entry></row><row rowsep="1"><entry VJ="1" align="left" colsep="0" valign="top">d)</entry><entry VJ="1" align="left" colsep="0" valign="top">Notfallpläne zur Bewältigung häufiger Störungen anwenden</entry></row><row rowsep="1"><entry VJ="1" align="left" colsep="0" valign="top">e)</entry><entry VJ="1" align="left" colsep="0" valign="top">Prozeßabläufe technischer Anlagen, insbesondere zur Schwimm- und Badebeckenwasseraufbereitung, steuern</entry><entry VJ="1" align="left" colsep="0" valign="top"> </entry><entry VJ="1" align="left" colsep="0" valign="top"> </entry><entry VJ="1" align="center" colsep="0" valign="middle">9</entry></row><row><entry VJ="1" align="center" colsep="0" morerows="6" rowsep="1" valign="top">13</entry><entry VJ="1" align="left" colsep="0" morerows="6" rowsep="1" valign="top">Pflegen und Warten bäder-und freizeittechnischer Einrichtungen (§ 3 Nr. 13)</entry><entry VJ="1" align="left" colsep="0" valign="top">a)</entry><entry VJ="1" align="left" colsep="0" valign="top">Werkstoffe nach Eigenschaften und Einsatzmöglichkeiten beurteilen</entry><entry VJ="1" align="center" colsep="0" morerows="1" rowsep="1" valign="middle">4</entry><entry VJ="1" align="left" colsep="0" morerows="1" rowsep="1" valign="top"> </entry><entry VJ="1" align="left" colsep="0" morerows="1" rowsep="1" valign="top"> </entry></row><row rowsep="1"><entry VJ="1" align="left" colsep="0" valign="top">b)</entry><entry VJ="1" align="left" colsep="0" valign="top">Arbeitsgeräte, Werkzeuge und Werkstücke einsetzen</entry></row><row><entry VJ="1" align="left" colsep="0" valign="top">c)</entry><entry VJ="1" align="left" colsep="0" valign="top">einfache Schlauch- und Rohrverbindungen zusammenfügen und lösen</entry><entry VJ="1" align="left" colsep="0" morerows="1" rowsep="1" valign="top"> </entry><entry VJ="1" align="center" colsep="0" morerows="1" rowsep="1" valign="middle">4</entry><entry VJ="1" align="left" colsep="0" morerows="1" rowsep="1" valign="top"> </entry></row><row rowsep="1"><entry VJ="1" align="left" colsep="0" valign="top">d)</entry><entry VJ="1" align="left" colsep="0" valign="top">Aufbau, Einsatz und Wirkungsweise von Armaturen, Filtern und Aggregaten beschreiben</entry></row><row><entry VJ="1" align="left" colsep="0" valign="top">e)</entry><entry VJ="1" align="left" colsep="0" valign="top">Dichtungen erneuern und Filtereinsätze auswechseln</entry><entry VJ="1" align="left" colsep="0" morerows="2" rowsep="1" valign="top"> </entry><entry VJ="1" align="left" colsep="0" morerows="2" rowsep="1" valign="top"> </entry><entry VJ="1" align="center" colsep="0" morerows="2" rowsep="1" valign="middle">4</entry></row><row><entry VJ="1" align="left" colsep="0" valign="top">f)</entry><entry VJ="1" align="left" colsep="0" valign="top">technische Anlagen, Geräte und Werkzeuge pflegen und warten</entry></row><row rowsep="1"><entry VJ="1" align="left" colsep="0" valign="top">g)</entry><entry VJ="1" align="left" colsep="0" valign="top">Innen- und Außenanlagen pflegen und warten</entry></row><row><entry VJ="1" align="center" colsep="0" morerows="7" rowsep="1" valign="top">14</entry><entry VJ="1" align="left" colsep="0" morerows="7" rowsep="1" valign="top">Durchführen von Verwaltungsarbeiten im Bad (§ 3 Nr. 14)</entry><entry VJ="1" align="left" colsep="0" valign="top">a)</entry><entry VJ="1" align="left" colsep="0" valign="top">Ablauforganisation der Verwaltungsarbeiten im Bad beschreiben</entry><entry VJ="1" align="left" colsep="0" morerows="5" rowsep="1" valign="top"> </entry><entry VJ="1" align="center" colsep="0" morerows="5" rowsep="1" valign="middle">4</entry><entry VJ="1" align="left" colsep="0" morerows="5" rowsep="1" valign="top"> </entry></row><row><entry VJ="1" align="left" colsep="0" valign="top">b)</entry><entry VJ="1" align="left" colsep="0" valign="top">Kassensysteme unterscheiden und Kassenabrechnungen erstellen</entry></row><row><entry VJ="1" align="left" colsep="0" valign="top">c)</entry><entry VJ="1" align="left" colsep="0" valign="top">einfache Buchungen durchführen</entry></row><row><entry VJ="1" align="left" colsep="0" valign="top">d)</entry><entry VJ="1" align="left" colsep="0" valign="top">Schriftverkehr erledigen</entry></row><row><entry VJ="1" align="left" colsep="0" valign="top">e)</entry><entry VJ="1" align="left" colsep="0" valign="top">Vorschriften zum Datenschutz anwenden</entry></row><row rowsep="1"><entry VJ="1" align="left" colsep="0" valign="top">f)</entry><entry VJ="1" align="left" colsep="0" valign="top">Informations- und Kommunikationssysteme aufgabenorientiert einsetzen</entry></row><row><entry VJ="1" align="left" colsep="0" valign="top">g)</entry><entry VJ="1" align="left" colsep="0" valign="top">ausgewählte Vorschriften des Vertrags- und Haftungsrechts anwenden</entry><entry VJ="1" align="left" colsep="0" morerows="1" rowsep="1" valign="top"> </entry><entry VJ="1" align="left" colsep="0" morerows="1" rowsep="1" valign="top"> </entry><entry VJ="1" align="center" colsep="0" morerows="1" rowsep="1" valign="middle">2</entry></row><row rowsep="1"><entry VJ="1" align="left" colsep="0" valign="top">h)</entry><entry VJ="1" align="left" colsep="0" valign="top">Zahlungsverkehr abwickeln</entry></row><row><entry VJ="1" align="center" colsep="0" morerows="3" valign="top">15</entry><entry VJ="1" align="left" colsep="0" morerows="3" valign="top">Öffentlichkeitsarbeit (§ 3 Nr. 15)</entry><entry VJ="1" align="left" colsep="0" rowsep="1" valign="top">a)</entry><entry VJ="1" align="left" colsep="0" rowsep="1" valign="top">Inhalte und Zielstellung öffentlichkeitswirksamer Maßnahmen darstellen</entry><entry VJ="1" align="center" colsep="0" rowsep="1" valign="middle">2</entry><entry VJ="1" align="left" colsep="0" rowsep="1" valign="top"> </entry><entry VJ="1" align="left" colsep="0" rowsep="1" valign="top"> </entry></row><row rowsep="1"><entry VJ="1" align="left" colsep="0" valign="top">b)</entry><entry VJ="1" align="left" colsep="0" valign="top">einfache Texte und Werbeträger gestalten</entry><entry VJ="1" align="left" colsep="0" valign="top"> </entry><entry VJ="1" align="center" colsep="0" valign="middle">2</entry><entry VJ="1" align="left" colsep="0" valign="top"> </entry></row><row><entry VJ="1" align="left" colsep="0" valign="top">c)</entry><entry VJ="1" align="left" colsep="0" valign="top">bei Planung und Organisation von Werbemaßnahmen mitwirken</entry><entry VJ="1" align="left" colsep="0" morerows="1" valign="top"> </entry><entry VJ="1" align="left" colsep="0" morerows="1" valign="top"> </entry><entry VJ="1" align="center" colsep="0" morerows="1" valign="middle">2</entry></row><row><entry VJ="1" align="left" colsep="0" valign="top">d)</entry><entry VJ="1" align="left" colsep="0" valign="top">Werbemaßnahmen durchführen</entry></row></tbody></tgroup></table></P></Content></text></textdaten></norm>
</dokumente>