<?xml version="1.0" encoding="UTF-8" ?><!DOCTYPE dokumente SYSTEM "http://www.gesetze-im-internet.de/dtd/1.01/gii-norm.dtd">
<dokumente builddate="20120625150621" doknr="BJNR210500955"><norm builddate="20120625150621" doknr="BJNR210500955"><metadaten><jurabk>VgHilAbk USA</jurabk><ausfertigung-datum manuell="ja">1955-06-30</ausfertigung-datum><fundstelle typ="amtlich"><periodikum>BGBl II</periodikum><zitstelle>1955, 1050</zitstelle></fundstelle><langue>Abkommen zwischen der Bundesrepublik Deutschland und den Vereinigten
Staaten von Amerika über gegenseitige Verteidigungshilfe</langue></metadaten><textdaten><text format="decorated"/><fussnoten><Content><P>G v. 21.12.1955 II 1049 <BR/>In Kraft gem. Bek. v. 3.3.1956 II 377 mWv 27.12.1955</P></Content></fussnoten></textdaten></norm>
</dokumente>