<?xml version="1.0" encoding="UTF-8" ?><!DOCTYPE dokumente SYSTEM "http://www.gesetze-im-internet.de/dtd/1.01/gii-norm.dtd">
<dokumente builddate="20181112212010" doknr="BJNR171400018"><norm builddate="20181112212010" doknr="BJNR171400018"><metadaten><jurabk>Münz20EuroBek 2018-10-02</jurabk><ausfertigung-datum manuell="ja">2018-10-02</ausfertigung-datum><fundstelle typ="amtlich"><periodikum>BGBl I</periodikum><zitstelle>2018, 1714</zitstelle></fundstelle><langue>Bekanntmachung über die Ausprägung von deutschen Euro-Gedenkmünzen im Nennwert von 20 Euro (Gedenkmünze „150. Geburtstag Peter Behrens“)</langue></metadaten><textdaten><fussnoten><Content><P><BR/> <pre xml:space="preserve">(+++ Textnachweis ab: 22.10.2018 +++)<BR/><BR/></pre></P></Content></fussnoten></textdaten></norm>
<norm builddate="20181112212011" doknr="BJNR171400018BJNE000100000"><metadaten><jurabk>Münz20EuroBek 2018-10-02</jurabk><enbez>(XXXX)</enbez></metadaten><textdaten><text format="XML"><Content><P>Gemäß den §§ 2, 4 und 5 des Münzgesetzes vom 16. Dezember 1999 (BGBl. I S. 2402) hat die Bundesregierung beschlossen, eine deutsche Euro-Gedenkmünze zum Thema „150. Geburtstag Peter Behrens“ im Nennwert von 20 Euro prägen zu lassen. Die Münze würdigt Peter Behrens (1868 – 1940), einen deutschen Architekten, Maler und Designer, der als Pionier des modernen Industriedesigns gilt.</P><P>Die Auflage der Münze beträgt ca. 1,0 Millionen Stück, davon ca. 0,1 Millionen Stück in Spiegelglanzqualität. Die Prägung erfolgt durch die Staatliche Münze Berlin (Prägezeichen A).</P><P>Die Münze wird ab dem 13. September 2018 in den Verkehr gebracht. Sie besteht aus einer Legierung von 925 Tausendteilen Silber und 75 Tausendteilen Kupfer, hat einen Durchmesser von 32,5 Millimetern und eine Masse von 18 Gramm. Das Gepräge auf beiden Seiten ist erhaben und wird von einem schützenden, glatten Randstab umgeben.</P><P>Die Bildseite zeigt den Architekten Behrens vor einer Abstraktion seines prominentesten Industriebaus, der legendären Turbinenhalle in Berlin. Die lichte, leicht gesperrte Schrift steht formal für die Schaffensperiode des Jubilars.</P><P>Die Wertseite zeigt einen Adler, den Schriftzug „BUNDESREPUBLIK DEUTSCHLAND“, Wertziffer und Wertbezeichnung, das Prägezeichen „A“ der Staatlichen Münze Berlin, die Jahreszahl 2018 sowie die zwölf Europasterne. Zusätzlich ist die Angabe <NB>„SILBER 925“</NB> aufgeprägt.</P><P>Der glatte Münzrand enthält in vertiefter Prägung die Inschrift:</P><P>„IM UEBRIGEN AUTODIDAKT <F>●</F>“.</P><P>Der Entwurf stammt von der Künstlerin Anna Steinmann aus Berlin.</P></Content></text></textdaten></norm>
<norm builddate="20181112212011" doknr="BJNR171400018BJNE000200000"><metadaten><jurabk>Münz20EuroBek 2018-10-02</jurabk><enbez>Schlussformel</enbez></metadaten><textdaten><text format="XML"><Content><P><SP>Der Bundesminister der Finanzen</SP></P></Content></text></textdaten></norm>
<norm builddate="20181112212011" doknr="BJNR171400018BJNE000300000"><metadaten><jurabk>Münz20EuroBek 2018-10-02</jurabk><enbez>(XXXX)</enbez></metadaten><textdaten><text format="XML"><Content><P><noindex><kommentar typ="Fundstelle">(Fundstelle: BGBl. I 2018, 1714)</kommentar></noindex></P><BR/><table frame="none" pgwide="1" tocentry="%yes;"><tgroup align="left" char="" charoff="50" cols="2"><colspec colname="col1"/><colspec colname="col2"/><tbody valign="top"><row><entry VJ="1" align="center" colname="col1" colsep="0"><IMG Align="center" Height="209" Pos="inline" SRC="bgbl1_2018_j1714-1_0010.jpg" Type="jpg" Units="72" Width="213" alt=""/></entry><entry VJ="1" align="center" colname="col2"><IMG Align="center" Height="208" Pos="inline" SRC="bgbl1_2018_j1714-1_0020.jpg" Type="jpg" Units="72" Width="213" alt=""/></entry></row></tbody></tgroup></table></Content></text></textdaten></norm>
</dokumente>