<?xml version="1.0" encoding="UTF-8" ?><!DOCTYPE dokumente SYSTEM "http://www.gesetze-im-internet.de/dtd/1.01/gii-norm.dtd">
<dokumente builddate="20120625154630" doknr="BJNR003520950"><norm builddate="20120625154630" doknr="BJNR003520950"><metadaten><jurabk>GHfBetrG</jurabk><ausfertigung-datum manuell="ja">1950-08-03</ausfertigung-datum><fundstelle typ="amtlich"><periodikum>BGBl</periodikum><zitstelle>1950, 352</zitstelle></fundstelle><langue>Gesetz über die Schaffung eines besonderen Arbeitgebers für Hafenarbeiter
(Gesamthafenbetrieb)</langue><standangabe checked="ja"><standtyp>Stand</standtyp><standkommentar>Geändert durch Art. 75 G v. 23.12.2003 I 2848</standkommentar></standangabe></metadaten><textdaten><fussnoten><Content><P>Überschrift: Gilt im Saarland gem. § 1 Nr. 3 V v. 28.11.1958 I 891 mWv 1.12.1958; gilt in Berlin gem. § 1 V v. 5.9.1967 I 969 u. d. Art. I G v. 12.2.1968 GVBl. S. 299 mWv 21.2.1968 <BR/> <BR/>(+++ Textnachweis Geltung ab: 1.1.1964 +++)</P></Content></fussnoten></textdaten></norm>
<norm builddate="20120625154630" doknr="BJNR003520950BJNE000100303"><metadaten><jurabk>GHfBetrG</jurabk><enbez>§ 1</enbez></metadaten><textdaten><text format="XML"><Content><P>(1) Durch schriftliche Vereinbarung von zuständigen Arbeitgeberverbänden und Gewerkschaften oder von einzelnen Arbeitgebern und Gewerkschaften kann von den Betrieben eines Hafens, in denen Hafenarbeit geleistet wird, zur Schaffung stetiger Arbeitsverhältnisse für Hafenarbeiter ein besonderer Arbeitgeber (Gesamthafenbetrieb) gebildet werden. Eine erwerbswirtschaftliche Tätigkeit des Gesamthafenbetriebs ist ausgeschlossen.</P><P>(2) Der Gesamthafenbetrieb umfaßt auch Betriebe, deren Unternehmer weder Mitglied des Arbeitgeberverbands sind noch selbst die Vereinbarung nach Absatz 1 abgeschlossen haben, sofern die Betriebe, die dem die Vereinbarung abschließenden Arbeitgeberverband angehören oder die selbst die Vereinbarung abgeschlossen haben, nach Feststellung der obersten Arbeitsbehörde des Landes oder der von ihr bestimmten Stelle im Durchschnitt des dem Abschluß der Vereinbarung vorangegangenen Kalendervierteljahrs insgesamt nicht weniger als 50 vom Hundert der Hafenarbeiter beschäftigt haben.</P></Content> </text></textdaten></norm>
<norm builddate="20120625154630" doknr="BJNR003520950BJNE000201308"><metadaten><jurabk>GHfBetrG</jurabk><enbez>§ 2</enbez></metadaten><textdaten><text format="XML"><Content><P>(1) Der Gesamthafenbetrieb bestimmt nach Maßgabe der geltenden Gesetze seine Rechtsform, seine Aufgaben, seine Organe und seine Geschäftsführung, insbesondere auch die Grundsätze für die Erhebung, Verwaltung und Verwendung von Beiträgen und Umlagen; er hat dabei den Begriff der Hafenarbeit im Sinne des § 1 Abs. 1 bindend festzusetzen.</P><P>(2) Die Regelungen nach Absatz 1 bedürfen der Genehmigung durch die oberste Arbeitsbehörde des Landes; die Genehmigung ist widerruflich.</P><P>(3) Soweit der Gesamthafenbetrieb gemäß § 2 Abs. 1 eine nichtgewerbsmäßige Arbeitsvermittlung durchzuführen hat, ist er der Aufsicht der Bundesagentur für Arbeit unterstellt und an deren Weisungen gebunden.</P></Content>  </text><fussnoten/></textdaten></norm>
<norm builddate="20120625154630" doknr="BJNR003520950BJNE000300303"><metadaten><jurabk>GHfBetrG</jurabk><enbez>§ 3</enbez></metadaten><textdaten><text format="XML"><Content><P>Werden Beiträge und Umlagen beschlossen, so hat der Gesamthafenbetrieb einen Rechtsanspruch auf die festgesetzten Leistungen gegen die Unternehmer der zugehörigen Betriebe. Diese haben einen Rechtsanspruch auf die festgesetzten Leistungen gegen den Gesamthafenbetrieb. Aufrechnung ist statthaft, der ordentliche Rechtsweg ist zulässig.</P></Content></text></textdaten></norm>
</dokumente>