<?xml version="1.0" encoding="UTF-8" ?><!DOCTYPE dokumente SYSTEM "http://www.gesetze-im-internet.de/dtd/1.01/gii-norm.dtd">
<dokumente builddate="20120803043514" doknr="BJNR131120010"><norm builddate="20120803043514" doknr="BJNR131120010"><metadaten><jurabk>DBAAbk MYS</jurabk><ausfertigung-datum manuell="ja">2010-02-23</ausfertigung-datum><fundstelle typ="amtlich"><periodikum>BGBl II</periodikum><zitstelle>2010, 1311</zitstelle></fundstelle><langue>Abkommen zwischen der Bundesrepublik Deutschland und Malaysia zur Vermeidung der Doppelbesteuerung und zur Verhinderung der Steuerverkürzung auf dem Gebiet der Steuern vom Einkommen</langue></metadaten><textdaten><fussnoten><Content><P>G v. 15.11.2010 II 1310 <BR/>In Kraft gem. Bek. v. 30.3.2011 II 464 mWv 21.12.2010</P></Content></fussnoten></textdaten></norm>
</dokumente>