<?xml version="1.0" encoding="UTF-8" ?><!DOCTYPE dokumente SYSTEM "http://www.gesetze-im-internet.de/dtd/1.01/gii-norm.dtd">
<dokumente builddate="20241231222043" doknr="BJNR005050988"><norm builddate="20241231222043" doknr="BJNR005050988"><metadaten><jurabk>BAföG-EinkommensV</jurabk><amtabk>BAföG-EinkommensV</amtabk><ausfertigung-datum manuell="ja">1988-04-05</ausfertigung-datum><fundstelle typ="amtlich"><periodikum>BGBl I</periodikum><zitstelle>1988, 505</zitstelle></fundstelle><langue>Verordnung zur Bezeichnung der als Einkommen geltenden sonstigen
Einnahmen nach § 21 Abs. 3 Nr. 4 des Bundesausbildungsförderungsgesetzes</langue><standangabe checked="ja"><standtyp>Stand</standtyp><standkommentar>Zuletzt geändert durch Art. 84 G v. 20.8.2021 I 3932</standkommentar></standangabe></metadaten><textdaten><fussnoten><Content><P><BR/> <pre xml:space="preserve">(+++ Textnachweis ab: 1.7.1988 +++)<BR/><BR/></pre>V tritt in dem in Art. 3 des Einigungsvertrages genannten Gebiet gem. Anl. I Kap. XVI Sachgeb. B Abschn. II EingS. EinigVtr v. 31.8.1990 iVm Art. 1 G v. 23.9.1990 II 885, 1132 am 1.1.1991 in Kraft</P></Content></fussnoten></textdaten></norm>
<norm builddate="20241231222043" doknr="BJNR005050988BJNE000100325"><metadaten><jurabk>BAföG-EinkommensV</jurabk><enbez>Eingangsformel</enbez></metadaten><textdaten><text format="XML"><Content><P>Auf Grund des § 21 Abs. 3 Satz 1 Nr. 4 des Bundesausbildungsförderungsgesetzes in der Fassung der Bekanntmachung vom 6. Juni 1983 (BGBl. I S. 645) verordnet der Bundesminister für Bildung und Wissenschaft mit Zustimmung des Bundesrates:</P></Content></text></textdaten></norm>
<norm builddate="20241231222043" doknr="BJNR005050988BJNE000217311"><metadaten><jurabk>BAföG-EinkommensV</jurabk><enbez>§ 1</enbez><titel format="XML">Leistungen der sozialen Sicherung</titel></metadaten><textdaten><text format="XML"><Content><P>Als Einnahmen, die zur Deckung des Lebensbedarfs bestimmt sind, gelten folgende Leistungen der sozialen Sicherung: <DL Font="normal" Type="arabic"><DT>1.</DT><DD Font="normal"><LA Size="normal">nach dem Dritten Buch Sozialgesetzbuch<DL Font="normal" Type="arabic"><DT>a)</DT><DD Font="normal"><LA Size="normal">Entgeltersatzleistungen (§ 3 Absatz 4)</LA></DD><DT>b)</DT><DD Font="normal"><LA Size="normal">(weggefallen)</LA></DD><DT>c)</DT><DD Font="normal"><LA Size="normal">Gründungszuschuss (§ 93) abzüglich der pauschalierten Sozialversicherungsbeiträge</LA></DD><DT>d)</DT><DD Font="normal"><LA Size="normal">Eingliederungshilfe (§ 418);</LA></DD></DL></LA></DD><DT>1a.</DT><DD Font="normal"><LA Size="normal">(weggefallen)</LA></DD><DT>1b.</DT><DD Font="normal"><LA Size="normal">(weggefallen)</LA></DD><DT>2.</DT><DD Font="normal"><LA Size="normal">nach dem Fünften, Sechsten und Siebten Buch Sozialgesetzbuch (SGB V, SGB VI, SGB VII), dem Zweiten Gesetz über die Krankenversicherung der Landwirte (KVLG - 1989), dem Mutterschutzgesetz (MuSchG), dem Bundeselterngeld- und Elternzeitgesetz (BEEG),<DL Font="normal" Type="arabic"><DT>a)</DT><DD Font="normal"><LA Size="normal">Krankengeld (§§ 44ff. SGB V, §§ 12ff. KVLG - 1989),</LA></DD><DT>b)</DT><DD Font="normal"><LA Size="normal">Leistungen der gesetzlichen Krankenkasse zur Erstattung des Verdienstausfalls bei Tätigkeit als Haushaltshilfe im Krankheitsfall des Versicherten (§ 38 Abs. 4 SGB V);</LA></DD><DT>c)</DT><DD Font="normal"><LA Size="normal">Mutterschaftsgeld (§ 24i SGB V, § 19 MuSchG) und Zuschuß zum Mutterschaftsgeld (§ 20 MuSchG), soweit sie das Erziehungsgeld nach dem Bundeserziehungsgeldgesetz oder das nach § 10 des Bundeselterngeld- und Elternzeitgesetzes anrechnungsfreie Elterngeld oder vergleichbare Leistungen der Länder übersteigen,</LA></DD><DT>d)</DT><DD Font="normal"><LA Size="normal">Verletztengeld (§§ 45 ff. SGB VII);</LA></DD><DT>e)</DT><DD Font="normal"><LA Size="normal">Übergangsgeld (§§ 49 ff. SGB VII, §§ 20 ff. SGB VI);</LA></DD><DT>f)</DT><DD Font="normal"><LA Size="normal">Elterngeld nach dem Bundeselterngeld- und Elternzeitgesetz, soweit es die nach § 10 des Bundeselterngeld- und Elternzeitgesetzes anrechnungsfreien Beträge übersteigt;</LA></DD></DL></LA></DD><DT>3.</DT><DD Font="normal"><LA Size="normal">nach dem Vierzehnten Buch Sozialgesetzbuch <DL Font="normal" Type="alpha"><DT>a)</DT><DD Font="normal"><LA Size="normal">Krankengeld der Sozialen Entschädigung (§ 47 des Vierzehnten Buches Sozialgesetzbuch),</LA></DD><DT>b)</DT><DD Font="normal"><LA Size="normal">Übergangsgeld (§ 64 Absatz 1 Nummer 1 und Absatz 2 des Vierzehnten Buches Sozialgesetzbuch),</LA></DD><DT>c)</DT><DD Font="normal"><LA Size="normal">Unterhaltsbeihilfe (§ 64 Absatz 3 des Vierzehnten Buches Sozialgesetzbuch),</LA></DD><DT>d)</DT><DD Font="normal"><LA Size="normal">laufende ergänzende Hilfe zum Lebensunterhalt, soweit sie außerhalb von Anstalten, Heimen und gleichartigen Einrichtungen für Angehörige im Sinne des § 25 Absatz 3 Nummer 2 des Bundesausbildungsförderungsgesetzes geleistet wird, die mit dem Einkommensbezieher nicht in Haushaltsgemeinschaft leben (§ 145 Absatz 1 und 2 Nummer 4 des Vierzehnten Buches Sozialgesetzbuch in Verbindung mit § 27a des Bundesversorgungsgesetzes in der am 31. Dezember 2023 geltenden Fassung);</LA></DD></DL></LA></DD><DT>4.</DT><DD Font="normal"><LA Size="normal">nach dem Lastenausgleichsgesetz (LAG), dem Reparationsschädengesetz (RepG) und dem Flüchtlingshilfegesetz (FlüHG) jeweils der halbe Betrag der<DL Font="normal" Type="arabic"><DT>a)</DT><DD Font="normal"><LA Size="normal">Unterhaltshilfe (§§ 261 bis 278a LAG),</LA></DD><DT>b)</DT><DD Font="normal"><LA Size="normal">Unterhaltsbeihilfe (§ 10 des Vierzehnten Gesetzes zur Änderung des Lastenausgleichsgesetzes),</LA></DD><DT>c)</DT><DD Font="normal"><LA Size="normal">Beihilfe zum Lebensunterhalt (§§ 301 bis 301b LAG),</LA></DD><DT>d)</DT><DD Font="normal"><LA Size="normal">Unterhaltshilfe und Unterhaltsbeihilfe (§§ 44, 45 RepG),</LA></DD><DT>e)</DT><DD Font="normal"><LA Size="normal">Beihilfe zum Lebensunterhalt (§§ 12 bis 15 FlüHG);</LA></DD></DL></LA></DD><DT>5.</DT><DD Font="normal"><LA Size="normal">nach dem Unterhaltssicherungsgesetz, soweit sie nicht zum Ausgleich für den freiwilligen Wehrdienst des Auszubildenden geleistet werden, <DL Font="normal" Type="alpha"><DT>a)</DT><DD Font="normal"><LA Size="normal">Leistungen an Nichtselbständige (§ 6) und an Selbständige (§ 7),</LA></DD><DT>b)</DT><DD Font="normal"><LA Size="normal">Reservistendienstleistungsprämie und Zuschläge (§ 10),</LA></DD><DT>c)</DT><DD Font="normal"><LA Size="normal">Dienstgeld (§ 11),</LA></DD><DT>d)</DT><DD Font="normal"><LA Size="normal">allgemeine Leistungen (§ 17),</LA></DD><DT>e)</DT><DD Font="normal"><LA Size="normal">Leistungen an Angehörige, die nicht in einem gemeinsamen Haushalt mit der oder dem freiwilligen Wehrdienst Leistenden leben (§ 22);</LA></DD></DL></LA></DD><DT>6.</DT><DD Font="normal"><LA Size="normal">nach dem Beamtenversorgungsgesetz</LA><LA Size="normal">Übergangsgeld (§ 47);</LA></DD><DT>7.</DT><DD Font="normal"><LA Size="normal">nach dem Unterhaltsvorschußgesetz</LA><LA Size="normal">Unterhaltsleistung (§§ 1ff.);</LA></DD><DT>8.</DT><DD Font="normal"><LA Size="normal">Anpassungsgeld nach den Richtlinien über die Gewährung von Anpassungsgeld an Arbeitnehmer des Steinkohlenbergbaus vom 13. Dezember 1971 (BAnz. Nr. 233 vom 15. Dezember 1971), zuletzt geändert am 16. Juni 1983 (BAnz. S. 5901);</LA></DD><DT>9.</DT><DD Font="normal"><LA Size="normal">Leistungen aufgrund der Richtlinie über die Gewährung von Beihilfen für Arbeitnehmer der Eisen- und Stahlindustrie, die von Maßnahmen im Sinne des Artikels 56 § 2 Buchstabe b des Montanunionvertrages betroffen werden, vom 25. März 1998 (BAnz. S. 4951);</LA></DD><DT>10.</DT><DD Font="normal"><LA Size="normal">nach dem Soldatenversorgungsgesetz</LA><LA Size="normal">Übergangsgeld (§ 52),</LA><LA Size="normal">Arbeitslosenbeihilfe (§ 102 Absatz 1);</LA></DD><DT>11.</DT><DD Font="normal"><LA Size="normal">Vorruhestandsgeld nach der Verordnung über die Gewährung von Vorruhestandsgeld vom 8. Februar 1990 (GBl. I Nr. 7 S. 42), die gemäß Anlage II Kapitel VIII Sachgebiet E Abschnitt III Nr. 5 des Einigungsvertrages vom 31. August 1990 und Artikel 4 Nr. 13 der Vereinbarung vom 18. September 1990 in Verbindung mit Artikel 1 des Gesetzes vom 23. September 1990 (BGBl. 1990 II S. 885, 1210, 1243) mit Maßgaben weitergilt.</LA></DD><DT>12.</DT><DD Font="normal"><LA Size="normal">Übergangsleistungen nach § 3 der Berufskrankheiten-Verordnung (BKV) vom 31. Oktober 1997 (BGBl. I S. 2623),</LA></DD><DT>13.</DT><DD Font="normal"><LA Size="normal">nach dem Soldatenentschädigungsgesetz <DL Font="normal" Type="alpha"><DT>a)</DT><DD Font="normal"><LA Size="normal">das Krankengeld der Soldatenentschädigung (§ 19),</LA></DD><DT>b)</DT><DD Font="normal"><LA Size="normal">Übergangsgeld (§§ 30 und 46) und</LA></DD><DT>c)</DT><DD Font="normal"><LA Size="normal">Geldleistungen nach § 83 Absatz 2.</LA></DD></DL></LA></DD></DL></P></Content></text><fussnoten/></textdaten></norm>
<norm builddate="20241231222043" doknr="BJNR005050988BJNE000304310"><metadaten><jurabk>BAföG-EinkommensV</jurabk><enbez>§ 2</enbez><titel format="XML">Weitere Einnahmen</titel></metadaten><textdaten><text format="XML"><Content><P>Als Einnahmen, die zur Deckung des Lebensbedarfs bestimmt sind, gelten auch folgende Leistungen: <DL Font="normal" Type="arabic"><DT>1.</DT><DD Font="normal"><LA Size="normal">nach dem Wehrsoldgesetz<DL Font="normal" Type="arabic"><DT>a)</DT><DD Font="normal"><LA Size="normal">Wehrsold (§ 2),</LA></DD><DT>b)</DT><DD Font="normal"><LA Size="normal">Verpflegung (§ 3),</LA></DD><DT>c)</DT><DD Font="normal"><LA Size="normal">Unterkunft (§ 4);</LA></DD></DL></LA><LA Size="normal">Entsprechendes gilt für gleichartige Leistungen (Geld- und Sachbezüge)<DL Font="normal" Type="arabic"><DT>-</DT><DD Font="normal"><LA Size="normal">nach § 35 des Zivildienstgesetzes, § 59 des Bundesgrenzschutzgesetzes vom 18. August 1972 (BGBl. I S. 1834), das zuletzt durch Artikel 3 des Gesetzes vom 19. Oktober 1994 (BGBl. I S. 2978) geändert worden ist, sowie</LA></DD><DT>-</DT><DD Font="normal"><LA Size="normal">für Angehörige der Vollzugspolizei und der Berufsfeuerwehr;</LA></DD></DL></LA></DD><DT>2.</DT><DD Font="normal"><LA Size="normal">(weggefallen)</LA></DD><DT>3.</DT><DD Font="normal"><LA Size="normal">Vorruhestandsbezüge und diesen gleichstehende Leistungen, soweit sie steuerfrei sind; hierzu zählt auch das Ausgleichsgeld nach dem Gesetz zur Förderung der Einstellung der landwirtschaftlichen Erwerbstätigkeit (FELEG) vom 21. Februar 1989 (BGBl. I S. 233), soweit es die Summe des nach § 3 Nr. 27 des Einkommensteuergesetzes (EStG) steuerfreien Betrages nicht übersteigt;</LA></DD><DT>4.</DT><DD Font="normal"><LA Size="normal">Aufstockungsbeträge nach dem Altersteilzeitgesetz (§ 3 Abs. 1 Buchstabe a) sowie die Zuschläge, die versicherungsfrei Beschäftigte im Sinne des § 27 Abs. 1 Nr. 1 bis 3 des Dritten Buches Sozialgesetzbuch zur Aufstockung der Bezüge bei Altersteilzeit nach beamtenrechtlichen Vorschriften oder Grundsätzen erhalten.</LA></DD><DT>5.</DT><DD Font="normal"><LA Size="normal">Abfindungen nach § 3 Nr. 9 des Einkommensteuergesetzes;</LA></DD><DT>6.</DT><DD Font="normal"><LA Size="normal">Leistungen, die in Erfüllung einer gesetzlichen Unterhaltspflicht erbracht werden, mit Ausnahme der Leistungen der Eltern des Auszubildenden und seines Ehegatten oder Lebenspartners;</LA></DD><DT>7.</DT><DD Font="normal"><LA Size="normal">Leistungen nach § 9 Abs. 1 des Anspruchs- und Anwartschaftsüberführungsgesetzes.</LA></DD><!--leerzeile --></DL></P></Content></text><fussnoten/></textdaten></norm>
<norm builddate="20241231222043" doknr="BJNR005050988BJNE000401308"><metadaten><jurabk>BAföG-EinkommensV</jurabk><enbez>§ 3</enbez><titel format="parat">Einnahmen bei Auslandstätigkeit</titel></metadaten><textdaten><text format="XML"><Content><P>Als Einnahmen, die zur Deckung des Lebensbedarfs bestimmt sind, gelten ferner <DL Font="normal" Type="arabic"><DT>1.</DT><DD Font="normal"><LA Size="normal">die Bezüge der Bediensteten internationaler und zwischenstaatlicher Organisationen und Institutionen sowie Bezüge diplomatischer und konsularischer Vertreter fremder Mächte und der ihnen zugewiesenen Bediensteten, soweit diese von der Steuerpflicht befreit sind;</LA></DD> <DT>2.</DT><DD Font="normal"><LA Size="normal">folgende Einnahmen nach dem Bundesbesoldungsgesetz:<DL Font="normal" Type="arabic"><DT>a)</DT><DD Font="normal"><LA Size="normal">Auslandszuschlag nach § 55 Abs. 1 bis 4 mit 10 vom Hundert des Betrages,</LA></DD> <DT>b)</DT><DD Font="normal"><LA Size="normal">Auslandskinderzuschlag nach § 56 Abs. 1 Satz 1 Nr. 1 mit 50 vom Hundert des Betrages,</LA></DD> <DT>c)</DT><DD Font="normal"><LA Size="normal">Auslandskinderzuschlag nach § 56 Abs. 1 Satz 1 Nr. 2 mit 80 vom Hundert des Betrages;</LA></DD> </DL></LA><LA Size="normal">Entsprechendes gilt für vergleichbare Bezüge von Personen, die im öffentlichen Interesse nach außerhalb des Geltungsbereichs des Bundesausbildungsförderungsgesetzes entsandt, vermittelt oder dort beschäftigt sind.</LA></DD>  </DL></P></Content></text><fussnoten/></textdaten></norm>
<norm builddate="20241231222043" doknr="BJNR005050988BJNE000702311"><metadaten><jurabk>BAföG-EinkommensV</jurabk><enbez>§ 3a</enbez><titel format="XML">Übergangsvorschrift</titel></metadaten><textdaten><text format="XML"><Content><P>Für Bewilligungszeiträume, die vor dem 30. Juni 2003 begonnen haben, sind die Vorschriften dieser Verordnung in ihrer bis zum 21. Mai 2003 geltenden Fassung weiter anzuwenden.</P></Content></text><fussnoten/></textdaten></norm>
<norm builddate="20241231222043" doknr="BJNR005050988BJNE000601308"><metadaten><jurabk>BAföG-EinkommensV</jurabk><enbez>§ 4</enbez><titel format="parat">Inkrafttreten</titel></metadaten><textdaten><text format="XML"><Content><P>Diese Verordnung tritt am 1. Juni 1988 mit der Maßgabe in Kraft, daß sie für alle Bewilligungszeiträume anzuwenden ist, die nach dem 30. Juni 1988 beginnen. Gleichzeitig tritt die Verordnung zur Bezeichnung der als Einkommen geltenden sonstigen Einnahmen nach § 21 Abs. 3 Nr. 4 des Bundesausbildungsförderungsgesetzes vom 21. August 1974 (BGBl. I S. 2078), zuletzt geändert durch Artikel 4 des Gesetzes vom 13. Juli 1981 (BGBl. I S. 625), mit der Maßgabe außer Kraft, daß sie auf Bewilligungszeiträume weiter anzuwenden ist, die vor dem 1. Juli 1988 begonnen haben.</P></Content></text><fussnoten/></textdaten></norm>
</dokumente>