<?xml version="1.0" encoding="UTF-8" ?><!DOCTYPE dokumente SYSTEM "http://www.gesetze-im-internet.de/dtd/1.01/gii-norm.dtd">
<dokumente builddate="20221020213526" doknr="BJNR096600011"><norm builddate="20221020213526" doknr="BJNR096600011"><metadaten><jurabk>BuchbAusbV 2011</jurabk><amtabk>BuchbAusbV</amtabk><ausfertigung-datum manuell="ja">2011-05-20</ausfertigung-datum><fundstelle typ="amtlich"><periodikum>BGBl I</periodikum><zitstelle>2011, 966</zitstelle></fundstelle><kurzue>Buchbinder-Ausbildungsverordnung</kurzue><langue>Verordnung über die Berufsausbildung zum Buchbinder und zur Buchbinderin<FnR ID="f775271_01_BJNR096600011"/></langue><standangabe checked="ja"><standtyp>Sonst</standtyp><standkommentar>Diese V ersetzt V 806-21-1-194 v. 8.12.1995 I 1610 (BuchbAusbV 1996)</standkommentar></standangabe></metadaten><textdaten><text format="XML"><Footnotes><Footnote FnZ="*" Group="column" ID="f775271_01_BJNR096600011" Pos="normal" Postfix=")"><noindex>Diese Rechtsverordnung ist eine Ausbildungsordnung im Sinne des § 25 der Handwerksordnung. Die Ausbildungsordnung und der damit abgestimmte von der Ständigen Konferenz der Kultusminister der Länder in der Bundesrepublik Deutschland beschlossene Rahmenlehrplan für die Berufsschule werden demnächst als Beilage zum Bundesanzeiger veröffentlicht.</noindex></Footnote></Footnotes></text><fussnoten><Content><P><BR/> <pre xml:space="preserve">(+++ Textnachweis ab: 1.8.2011 +++)<BR/><BR/></pre></P></Content></fussnoten></textdaten></norm>
<norm builddate="20221020213526" doknr="BJNR096600011BJNE000100000"><metadaten><jurabk>BuchbAusbV 2011</jurabk><jurabk>BuchbAusbV</jurabk><enbez>Eingangsformel</enbez></metadaten><textdaten><text format="XML"><Content><P>Auf Grund des § 25 Absatz 1 Satz 1 der Handwerksordnung, der zuletzt durch Artikel 146 der Verordnung vom 31. Oktober 2006 (BGBl. I S. 2407) geändert worden ist, verordnet das Bundesministerium für Wirtschaft und Technologie im Einvernehmen mit dem Bundesministerium für Bildung und Forschung:</P></Content></text></textdaten></norm>
<norm builddate="20221020213526" doknr="BJNR096600011BJNE000200000"><metadaten><jurabk>BuchbAusbV 2011</jurabk><jurabk>BuchbAusbV</jurabk><enbez>§ 1</enbez><titel format="XML">Staatliche Anerkennung des Ausbildungsberufes</titel></metadaten><textdaten><text format="XML"><Content><P>Der Ausbildungsberuf des Buchbinders und der Buchbinderin wird nach § 25 der Handwerksordnung für die Ausbildung für das Gewerbe Nummer 39 der <I>Anlage B 1</I> der Handwerksordnung staatlich anerkannt.</P></Content></text><fussnoten><Content><P>§ 1 Kursivdruck: Müsste richtig „ Anlage B Abschnitt 1“ lauten</P></Content></fussnoten></textdaten></norm>
<norm builddate="20221020213526" doknr="BJNR096600011BJNE000300000"><metadaten><jurabk>BuchbAusbV 2011</jurabk><jurabk>BuchbAusbV</jurabk><enbez>§ 2</enbez><titel format="XML">Dauer der Berufsausbildung</titel></metadaten><textdaten><text format="XML"><Content><P>Die Ausbildung dauert drei Jahre.</P></Content></text></textdaten></norm>
<norm builddate="20221020213526" doknr="BJNR096600011BJNE000400000"><metadaten><jurabk>BuchbAusbV 2011</jurabk><jurabk>BuchbAusbV</jurabk><enbez>§ 3</enbez><titel format="XML">Struktur der Berufsausbildung</titel></metadaten><textdaten><text format="XML"><Content><P>Die Berufsausbildung gliedert sich in <DL Type="arabic"><DT>1.</DT><DD Font="normal"><LA>Pflichtqualifikationen nach § 4 Absatz 2 Abschnitt A und C sowie</LA></DD><DT>2.</DT><DD Font="normal"><LA>zwei im Ausbildungsvertrag festzulegende Wahlqualifikationen nach § 4 Absatz 2 Abschnitt B Nummer 1 sowie</LA></DD><DT>3.</DT><DD Font="normal"><LA>eine im Ausbildungsvertrag festzulegende Wahlqualifikation nach § 4 Absatz 2 Abschnitt B Nummer 2.</LA></DD></DL></P></Content></text></textdaten></norm>
<norm builddate="20221020213526" doknr="BJNR096600011BJNE000500000"><metadaten><jurabk>BuchbAusbV 2011</jurabk><jurabk>BuchbAusbV</jurabk><enbez>§ 4</enbez><titel format="XML">Ausbildungsrahmenplan, Ausbildungsberufsbild</titel></metadaten><textdaten><text format="XML"><Content><P>(1) Gegenstand der Berufsausbildung sind mindestens die im Ausbildungsrahmenplan (Anlage) aufgeführten Fertigkeiten, Kenntnisse und Fähigkeiten (berufliche Handlungsfähigkeit). Eine von dem Ausbildungsrahmenplan abweichende Organisation der Ausbildung ist insbesondere zulässig, soweit betriebspraktische Besonderheiten die Abweichung erfordern.</P><P>(2) Die Berufsausbildung zum Buchbinder und zur Buchbinderin gliedert sich wie folgt (Ausbildungsberufsbild):<BR/><BR/><SP>Abschnitt A</SP><BR/><BR/> Berufsprofilgebende Fertigkeiten, Kenntnisse und Fähigkeiten in den <I>Pflichtqualifikation</I> nach § 3 Nummer 1: <DL Font="normal" Type="arabic"><DT>1.</DT><DD Font="normal"><LA Size="normal">Planen und Organisieren von Arbeitsabläufen,</LA></DD><DT>2.</DT><DD Font="normal"><LA Size="normal">Einrichten von Arbeitsplätzen, Geräten, Maschinen und Anlagen,</LA></DD><DT>3.</DT><DD Font="normal"><LA Size="normal">Herstellen buchbinderischer Erzeugnisse,</LA></DD><DT>4.</DT><DD Font="normal"><LA Size="normal">Bewerten und Auswählen von Verarbeitungstechniken,</LA></DD><DT>5.</DT><DD Font="normal"><LA Size="normal">Pflegen und Warten;</LA></DD></DL><SP>Abschnitt B</SP><BR/><BR/> Weitere berufsprofilgebende Fertigkeiten, Kenntnisse und Fähigkeiten aus den Auswahllisten I und II: <DL Font="normal" Type="arabic"><DT>1.</DT><DD Font="normal"><LA Size="normal">zwei Wahlqualifikationen nach § 3 Nummer 2 aus der Auswahlliste I: <DL Font="normal" Type="arabic"><DT>I.1</DT><DD Font="normal"><LA Size="normal">Unternehmerisches Handeln,</LA></DD><DT>I.2</DT><DD Font="normal"><LA Size="normal">Kaufmännische Auftragsbearbeitung,</LA></DD><DT>I.3</DT><DD Font="normal"><LA Size="normal">Einrahmen von Bildern und Objekten,</LA></DD><DT>I.4</DT><DD Font="normal"><LA Size="normal">Fertigen von Behältnissen,</LA></DD><DT>I.5</DT><DD Font="normal"><LA Size="normal">Instandsetzen von Büchern und Objekten,</LA></DD><DT>I.6</DT><DD Font="normal"><LA Size="normal">Gestalten buchbinderischer Erzeugnisse,</LA></DD><DT>I.7</DT><DD Font="normal"><LA Size="normal">Ausführen von Sonderausstattungen,</LA></DD><DT>I.8</DT><DD Font="normal"><LA Size="normal">Kaschieren und Aufziehen,</LA></DD><DT>I.9</DT><DD Font="normal"><LA Size="normal">Ausführen von Akzidenzarbeiten;</LA></DD></DL></LA></DD><DT>2.</DT><DD Font="normal"><LA Size="normal">eine Wahlqualifikation nach § 3 Nummer 3 aus der Auswahlliste II: <DL Font="normal" Type="arabic"><DT>II.1</DT><DD Font="normal"><LA Size="normal">Einzel- und Sonderfertigung,</LA></DD><DT>II.2</DT><DD Font="normal"><LA Size="normal">Maschinelle Fertigung;</LA></DD></DL></LA></DD></DL><SP>Abschnitt C</SP><BR/><BR/> Integrative Fertigkeiten, Kenntnisse und Fähigkeiten in den Pflichtqualifikationen nach § 3 Nummer 1: <DL Font="normal" Type="arabic"><DT>1.</DT><DD Font="normal"><LA Size="normal">Berufsbildung, Arbeits- und Tarifrecht,</LA></DD><DT>2.</DT><DD Font="normal"><LA Size="normal">Aufbau und Organisation des Ausbildungsbetriebes,</LA></DD><DT>3.</DT><DD Font="normal"><LA Size="normal">Sicherheit und Gesundheitsschutz bei der Arbeit,</LA></DD><DT>4.</DT><DD Font="normal"><LA Size="normal">Umweltschutz,</LA></DD><DT>5.</DT><DD Font="normal"><LA Size="normal">Betriebliche und kundenorientierte Kommunikation.</LA></DD></DL></P></Content></text><fussnoten><Content><P>§ 4 Abs. 2 Abschn. A Eingangssatz Kursivdruck: Müsste richtig „Pflichtqualifikationen&quot; lauten.</P></Content></fussnoten></textdaten></norm>
<norm builddate="20221020213526" doknr="BJNR096600011BJNE000600000"><metadaten><jurabk>BuchbAusbV 2011</jurabk><jurabk>BuchbAusbV</jurabk><enbez>§ 5</enbez><titel format="XML">Durchführung der Berufsausbildung</titel></metadaten><textdaten><text format="XML"><Content><P>(1) Die in dieser Verordnung genannten Fertigkeiten, Kenntnisse und Fähigkeiten sollen so vermittelt werden, dass die Auszubildenden zur Ausübung einer qualifizierten beruflichen Tätigkeit im Sinne des § 1 Absatz 3 des Berufsbildungsgesetzes befähigt werden, die insbesondere selbstständiges Planen, Durchführen und Kontrollieren einschließt. Die in Satz 1 beschriebene Befähigung ist in den Prüfungen nach den §§ 6 und 7 nachzuweisen.</P><P>(2) Die Ausbildenden haben unter Zugrundelegung des Ausbildungsrahmenplans für die Auszubildenden einen Ausbildungsplan zu erstellen.</P><P>(3) Die Auszubildenden haben einen schriftlichen Ausbildungsnachweis zu führen. Ihnen ist Gelegenheit zu geben, den schriftlichen Ausbildungsnachweis während der Ausbildungszeit zu führen. Die Ausbildenden haben den schriftlichen Ausbildungsnachweis regelmäßig durchzusehen.</P></Content></text></textdaten></norm>
<norm builddate="20221020213526" doknr="BJNR096600011BJNE000700000"><metadaten><jurabk>BuchbAusbV 2011</jurabk><jurabk>BuchbAusbV</jurabk><enbez>§ 6</enbez><titel format="XML">Zwischenprüfung</titel></metadaten><textdaten><text format="XML"><Content><P>(1) Zur Ermittlung des Ausbildungsstandes ist eine Zwischenprüfung durchzuführen. Sie soll vor dem Ende des zweiten Ausbildungsjahres stattfinden.</P><P>(2) Die Zwischenprüfung erstreckt sich auf die in der Anlage für die ersten drei Ausbildungshalbjahre aufgeführten Fertigkeiten, Kenntnisse und Fähigkeiten sowie auf den im Berufsschulunterricht zu vermittelnden Lehrstoff, soweit er für die Berufsausbildung wesentlich ist.</P><P>(3) Die Zwischenprüfung findet in den Prüfungsbereichen <DL Type="arabic"><DT>1.</DT><DD Font="normal"><LA>Arbeitsplanung und</LA></DD><DT>2.</DT><DD Font="normal"><LA>Buchbinderische Fertigungstechniken</LA></DD></DL>statt.</P><P>(4) Für den Prüfungsbereich Arbeitsplanung bestehen folgende Vorgaben: <DL Type="arabic"><DT>1.</DT><DD Font="normal"><LA>Der Prüfling soll nachweisen, dass er in der Lage ist, <DL Type="alpha"><DT>a)</DT><DD Font="normal"><LA>Arbeitsschritte zu planen, Arbeitsmittel festzulegen, Materialien auszuwählen, Anforderungen des Arbeits-, Gesundheits- und Umweltschutzes sowie der Wirtschaftlichkeit zu berücksichtigen,</LA></DD><DT>b)</DT><DD Font="normal"><LA>Auftragsdaten zu übernehmen und zu prüfen, Produktdaten sowie manuelle und maschinelle Fertigungstechniken im Planungsprozess umzusetzen,</LA></DD><DT>c)</DT><DD Font="normal"><LA>Einrichtetätigkeiten für manuelle und maschinelle Fertigung zu planen, dabei Wechselwirkungen von Vorprodukten, Materialien und Maschinen im Verarbeitungsprozess zu berücksichtigen,</LA></DD><DT>d)</DT><DD Font="normal"><LA>verarbeitungsspezifische Berechnungen durchzuführen;</LA></DD></DL></LA></DD><DT>2.</DT><DD Font="normal"><LA>der Prüfling soll praxisbezogene Aufgaben schriftlich bearbeiten;</LA></DD><DT>3.</DT><DD Font="normal"><LA>die Prüfungszeit beträgt 120 Minuten.</LA></DD></DL></P><P>(5) Für den Prüfungsbereich Buchbinderische Fertigungstechniken bestehen folgende Vorgaben: <DL Type="arabic"><DT>1.</DT><DD Font="normal"><LA>Der Prüfling soll nachweisen, dass er in der Lage ist, buchbinderische Erzeugnisse zu planen, herzustellen und den Fertigungsprozess mit praxisüblichen Unterlagen zu dokumentieren;</LA></DD><DT>2.</DT><DD Font="normal"><LA>der Prüfling soll ein Prüfungsstück anfertigen und seine Arbeiten mit praxisüblichen Unterlagen dokumentieren;</LA></DD><DT>3.</DT><DD Font="normal"><LA>die Prüfungszeit beträgt fünf Stunden.</LA></DD></DL></P></Content></text></textdaten></norm>
<norm builddate="20221020213526" doknr="BJNR096600011BJNE000800000"><metadaten><jurabk>BuchbAusbV 2011</jurabk><jurabk>BuchbAusbV</jurabk><enbez>§ 7</enbez><titel format="XML">Gesellenprüfung</titel></metadaten><textdaten><text format="XML"><Content><P>(1) Durch die Gesellenprüfung ist festzustellen, ob der Prüfling die berufliche Handlungsfähigkeit erworben hat. In der Gesellenprüfung soll der Prüfling nachweisen, dass er die dafür erforderlichen beruflichen Fertigkeiten beherrscht, die notwendigen beruflichen Kenntnisse und Fähigkeiten besitzt und mit dem im Berufsschulunterricht zu vermittelnden, für die Berufsausbildung wesentlichen Lehrstoff vertraut ist.</P><P>(2) Die Gesellenprüfung erstreckt sich auf die in der Anlage aufgeführten Fertigkeiten, Kenntnisse und Fähigkeiten sowie auf den im Berufsschulunterricht zu vermittelnden Lehrstoff, soweit er für die Berufsausbildung wesentlich ist. Die Ausbildungsordnung ist zugrunde zu legen.</P><P>(3) Die Gesellenprüfung besteht aus den Prüfungsbereichen <DL Type="arabic"><DT>1.</DT><DD Font="normal"><LA>Buchbinderische Fertigung,</LA></DD><DT>2.</DT><DD Font="normal"><LA>Auftragsplanung und Kommunikation,</LA></DD><DT>3.</DT><DD Font="normal"><LA>Fertigungstechniken und buchbinderische Gestaltung,</LA></DD><DT>4.</DT><DD Font="normal"><LA>Wirtschafts- und Sozialkunde.</LA></DD></DL></P><P>(4) Für den Prüfungsbereich Buchbinderische Fertigung bestehen folgende Vorgaben: <DL Type="arabic"><DT>1.</DT><DD Font="normal"><LA>Der Prüfling soll nachweisen, dass er in der Lage ist, <DL Type="alpha"><DT>a)</DT><DD Font="normal"><LA>Arbeitsabläufe zu planen,</LA></DD><DT>b)</DT><DD Font="normal"><LA>Geräte und Maschinen hinsichtlich ihrer Grundeinstellungen zu justieren und maschinentechnische Zusammenhänge bei Funktionsprüfungen zu berücksichtigen,</LA></DD><DT>c)</DT><DD Font="normal"><LA>die für den Arbeitsauftrag benötigten Vorgaben und Materialien zum Einrichten von Maschinen und Geräten zu beschaffen,</LA></DD><DT>d)</DT><DD Font="normal"><LA>den Arbeitsplatz sowie Maschinen und Geräte einzurichten,</LA></DD><DT>e)</DT><DD Font="normal"><LA>Produkte in der vorgegebenen Qualität termingerecht, wirtschaftlich und unter Berücksichtigung der Anforderungen des Arbeits-, Gesundheits- und Umweltschutzes herzustellen,</LA></DD><DT>f)</DT><DD Font="normal"><LA>Fertigungsergebnisse zu prüfen, zu beurteilen und zu optimieren,</LA></DD><DT>g)</DT><DD Font="normal"><LA>Fertigungsdaten zu kommunizieren und mit praxisüblichen Unterlagen zu dokumentieren;</LA></DD></DL></LA></DD><DT>2.</DT><DD Font="normal"><LA>dem Prüfungsbereich sind folgende Tätigkeiten zugrunde zu legen: <DL Type="alpha"><DT>a)</DT><DD Font="normal"><LA>in der Wahlqualifikation Einzel- und Sonderfertigung ist ein Produkt zu gestalten, herzustellen oder instand zu setzen; dabei ist eine der im Ausbildungsvertrag festgelegten Wahlqualifikationen nach § 4 Absatz 2 Abschnitt B Nummer 1 zu berücksichtigen oder</LA></DD><DT>b)</DT><DD Font="normal"><LA>in der Wahlqualifikation Maschinelle Fertigung sind drei unterschiedliche Maschinen einzustellen sowie ein Fertigungsmuster herzustellen; dabei ist eine der im Ausbildungsvertrag festgelegten Wahlqualifikationen nach § 4 Absatz 2 Abschnitt B Nummer 1 zu berücksichtigen;</LA></DD></DL></LA></DD><DT>3.</DT><DD Font="normal"><LA>der Prüfling soll eine Arbeitsaufgabe sowie ein situatives Fachgespräch durchführen und seine Arbeiten mit praxisüblichen Unterlagen dokumentieren;</LA></DD><DT>4.</DT><DD Font="normal"><LA>die Prüfungszeit beträgt sieben Stunden, innerhalb dieser Zeit soll das situative Fachgespräch höchstens zehn Minuten dauern.</LA></DD></DL></P><P>(5) Für den Prüfungsbereich Auftragsplanung und Kommunikation bestehen folgende Vorgaben: <DL Type="arabic"><DT>1.</DT><DD Font="normal"><LA>Der Prüfling soll nachweisen, dass er in der Lage ist, <DL Type="alpha"><DT>a)</DT><DD Font="normal"><LA>Arbeitsabläufe unter Beachtung wirtschaftlicher, technischer und organisatorischer Vorgaben kundenorientiert zu planen, durchzuführen und zu dokumentieren,</LA></DD><DT>b)</DT><DD Font="normal"><LA>Arbeitsschritte unter Einbeziehung von Informationen vor- und nachgelagerter Bereiche zu planen,</LA></DD><DT>c)</DT><DD Font="normal"><LA>Auftragsdaten auszuwerten, zu kommunizieren und zu dokumentieren,</LA></DD><DT>d)</DT><DD Font="normal"><LA>Eigenschaften von Vorprodukten und Materialien, sowie deren Wechselwirkungen untereinander und mit den eingesetzten Maschinen und Geräten zu berücksichtigen,</LA></DD><DT>e)</DT><DD Font="normal"><LA>planungsrelevante Berechnungen durchzuführen;</LA></DD></DL></LA></DD><DT>2.</DT><DD Font="normal"><LA>der Prüfling soll praxisbezogene Aufgaben schriftlich bearbeiten;</LA></DD><DT>3.</DT><DD Font="normal"><LA>die Prüfungszeit beträgt 120 Minuten.</LA></DD></DL></P><P>(6) Für den Prüfungsbereich Fertigungstechniken und buchbinderische Gestaltung bestehen folgende Vorgaben: <DL Type="arabic"><DT>1.</DT><DD Font="normal"><LA>Der Prüfling soll nachweisen, dass er in der Lage ist, <DL Type="alpha"><DT>a)</DT><DD Font="normal"><LA>Gestaltungsmöglichkeiten hinsichtlich ihrer Einsatzgebiete zu unterscheiden und Hauptproduktgruppen zuzuordnen,</LA></DD><DT>b)</DT><DD Font="normal"><LA>Produktionsbedingungen in Bezug auf Gestaltung, Materialien und Fertigungstechniken einschließlich der betrieblichen Rahmenbedingungen zu beurteilen und darzustellen,</LA></DD><DT>c)</DT><DD Font="normal"><LA>qualitätssichernde Maßnahmen für die Optimierung der Fertigung anzuwenden,</LA></DD><DT>d)</DT><DD Font="normal"><LA>fertigungstechnische Berechnungen durchzuführen;</LA></DD></DL></LA></DD><DT>2.</DT><DD Font="normal"><LA>der Prüfling soll praxisbezogene Aufgaben schriftlich bearbeiten;</LA></DD><DT>3.</DT><DD Font="normal"><LA>die Prüfungszeit beträgt 120 Minuten.</LA></DD></DL></P><P>(7) Für den Prüfungsbereich Wirtschafts- und Sozialkunde bestehen folgende Vorgaben: <DL Type="arabic"><DT>1.</DT><DD Font="normal"><LA>Der Prüfling soll nachweisen, dass er in der Lage ist, allgemeine wirtschaftliche und gesellschaftliche Zusammenhänge der Berufs- und Arbeitswelt darzustellen und zu beurteilen;</LA></DD><DT>2.</DT><DD Font="normal"><LA>der Prüfling soll praxisorientierte Aufgaben schriftlich bearbeiten;</LA></DD><DT>3.</DT><DD Font="normal"><LA>die Prüfungszeit beträgt 60 Minuten.</LA></DD></DL></P></Content></text></textdaten></norm>
<norm builddate="20221020213526" doknr="BJNR096600011BJNE000900000"><metadaten><jurabk>BuchbAusbV 2011</jurabk><jurabk>BuchbAusbV</jurabk><enbez>§ 8</enbez><titel format="XML">Gewichtungs- und Bestehensregelung</titel></metadaten><textdaten><text format="XML"><Content><P>(1) Die einzelnen Prüfungsbereiche sind wie folgt zu gewichten: <BR/><BR/><table frame="none" pgwide="1" tocentry="%yes;"><tgroup align="left" char="" charoff="50" cols="3"><colspec colname="col1" colwidth="0.10*"/><colspec colname="col2" colwidth="1.28*"/><colspec colname="col3" colwidth="1.62*"/><tbody valign="top"><row><entry VJ="1" colsep="0" rowsep="0">1.</entry><entry VJ="1" colsep="0" rowsep="0">Prüfungsbereich Buchbinderische Fertigung</entry><entry VJ="1" rowsep="0">50 Prozent,<BR/><BR/></entry></row><row><entry VJ="1" colsep="0" rowsep="0">2.</entry><entry VJ="1" colsep="0" rowsep="0">Prüfungsbereich Auftragsplanung und Kommunikation</entry><entry VJ="1" rowsep="0">20 Prozent,<BR/><BR/></entry></row><row><entry VJ="1" colsep="0" rowsep="0">3.</entry><entry VJ="1" colsep="0" rowsep="0">Prüfungsbereich Fertigungstechniken und buchbinderische Gestaltung</entry><entry VJ="1" rowsep="0">20 Prozent,<BR/><BR/></entry></row><row><entry VJ="1" colsep="0">4.</entry><entry VJ="1" colsep="0">Prüfungsbereich Wirtschafts- und Sozialkunde</entry><entry VJ="1">10 Prozent.</entry></row></tbody></tgroup></table></P><P>(2) Die Gesellenprüfung ist bestanden, wenn die Leistungen <DL Font="normal" Type="arabic"><DT>1.</DT><DD Font="normal"><LA Size="normal">im Gesamtergebnis mit mindestens „ausreichend“,</LA></DD><DT>2.</DT><DD Font="normal"><LA Size="normal">im Prüfungsbereich „Buchbinderische Fertigung“ mit mindestens „ausreichend“,</LA></DD><DT>3.</DT><DD Font="normal"><LA Size="normal">in mindestens zwei weiteren Prüfungsbereichen mit mindestens „ausreichend“ und</LA></DD><DT>4.</DT><DD Font="normal"><LA Size="normal">in keinem Prüfungsbereich mit „ungenügend“</LA></DD></DL>bewertet worden sind.</P><P>(3) Auf Antrag des Prüflings ist die Prüfung in einem der schlechter als „ausreichend“ bewerteten Prüfungsbereiche „Auftragsplanung und Kommunikation“ oder „Fertigungstechniken und buchbinderische Gestaltung“ oder „Wirtschafts- und Sozialkunde“ durch eine mündliche Prüfung von etwa 15 Minuten zu ergänzen, wenn dies für das Bestehen der Prüfung den Ausschlag geben kann. Bei der Ermittlung des Ergebnisses für diesen Prüfungsbereich sind das bisherige Ergebnis und das Ergebnis der mündlichen Ergänzungsprüfung im Verhältnis von 2:1 zu gewichten.</P></Content></text></textdaten></norm>
<norm builddate="20221020213526" doknr="BJNR096600011BJNE001000000"><metadaten><jurabk>BuchbAusbV 2011</jurabk><jurabk>BuchbAusbV</jurabk><enbez>§ 9</enbez><titel format="XML">Bestehende Berufsausbildungsverhältnisse</titel></metadaten><textdaten><text format="XML"><Content><P>Berufsausbildungsverhältnisse, die bei Inkrafttreten dieser Verordnung bestehen, können, wenn noch keine Zwischenprüfung abgelegt wurde und die Vertragsparteien dies vereinbaren, unter Anrechnung der bisher zurückgelegten Ausbildungszeit nach den Vorschriften dieser Verordnung fortgesetzt werden.</P></Content></text></textdaten></norm>
<norm builddate="20221020213526" doknr="BJNR096600011BJNE001100000"><metadaten><jurabk>BuchbAusbV 2011</jurabk><jurabk>BuchbAusbV</jurabk><enbez>§ 10</enbez><titel format="XML">Inkrafttreten, Außerkrafttreten</titel></metadaten><textdaten><text format="XML"><Content><P>Diese Verordnung tritt am 1. August 2011 in Kraft. Gleichzeitig tritt die Verordnung über die Berufsausbildung zum Buchbinder/zur Buchbinderin vom 8. Dezember 1995 (BGBl. I S. 1610), die durch Artikel 1 der Verordnung vom 11. Juli 2001 (BGBl. I S. 1577) geändert worden ist, außer Kraft.</P></Content></text></textdaten></norm>
<norm builddate="20221020213526" doknr="BJNR096600011BJNE001200000"><metadaten><jurabk>BuchbAusbV 2011</jurabk><jurabk>BuchbAusbV</jurabk><enbez>Anlage</enbez><titel format="XML">(zu § 4 Absatz 1 Satz 1)<BR/>Ausbildungsrahmenplan für die Berufsausbildung zum Buchbinder und zur Buchbinderin</titel></metadaten><textdaten><text format="XML"><Content><P><noindex><kommentar typ="Fundstelle">(Fundstelle: BGBl. I 2011, 970 - 975)</kommentar></noindex></P><BR/><P><SP><B>Abschnitt A: Berufsprofilgebende Fertigkeiten, Kenntnisse und Fähigkeiten</B></SP><table frame="all" pgwide="1" tabstyle="tabelle1" tocentry="%yes;"><tgroup align="left" char="" charoff="50" cols="5" colsep="1" rowsep="1"><colspec align="center" colname="col1" colnum="1" colwidth="0.6*"/><colspec colname="col2" colnum="2" colwidth="3.0*"/><colspec colname="col3" colnum="3" colwidth="7.3*"/><colspec align="center" colname="col4" colnum="4" colwidth="1.3*"/><colspec align="center" colname="col5" colnum="5" colwidth="1.3*"/><thead valign="bottom"><row><entry VJ="1" align="center" colname="col1" morerows="1" valign="middle">Lfd.<BR/> Nr.</entry><entry VJ="1" align="center" colname="col2" morerows="1" valign="middle">Teil des<BR/> Ausbildungsberufsbildes</entry><entry VJ="1" align="center" colname="col3" morerows="1" valign="middle">Zu vermittelnde<BR/> Fertigkeiten, Kenntnisse und Fähigkeiten</entry><entry VJ="1" align="center" colname="col4" nameend="col5" namest="col4" valign="middle">Zeitliche Richtwerte<BR/> in Wochen im</entry></row><row><entry VJ="1" align="center" colname="col4" valign="middle">1. bis 18.<BR/> Monat</entry><entry VJ="1" align="center" colname="col5" valign="middle">19. bis 36.<BR/> Monat</entry></row><row><entry VJ="1" align="center" colname="col1" valign="middle">1</entry><entry VJ="1" align="center" colname="col2" valign="middle">2</entry><entry VJ="1" align="center" colname="col3" valign="middle">3</entry><entry VJ="1" align="center" colname="col4" nameend="col5" namest="col4" valign="middle">4</entry></row></thead><tbody valign="top"><row><entry VJ="1" colname="col1">1</entry><entry VJ="1" colname="col2">Planen und<BR/> Organisieren von<BR/> Arbeitsabläufen<BR/> (§ 4 Absatz 2<BR/> Abschnitt A Nummer 1)</entry><entry VJ="1" colname="col3"><DL Type="alpha"><DT>a)</DT><DD Font="normal"><LA>Arbeitsunterlagen auf Vollständigkeit prüfen und Umsetzbarkeit der Vorgaben abschätzen</LA></DD><DT>b)</DT><DD Font="normal"><LA>Arbeitsabläufe nach organisatorischen, fertigungstechnischen und wirtschaftlichen Kriterien festlegen, dabei Gestaltungsaspekte berücksichtigen</LA></DD><DT>c)</DT><DD Font="normal"><LA>Materialeinsatz disponieren, Verfügbarkeit von Materialien, Werkzeugen und Geräten sicherstellen</LA></DD><DT>d)</DT><DD Font="normal"><LA>Materialeingangskontrolle durchführen</LA></DD><DT>e)</DT><DD Font="normal"><LA>Materialfluss sowie material- und transportgerechte Lagerung von Produkten planen</LA></DD></DL></entry><entry VJ="1" colname="col4" valign="middle">22</entry><entry VJ="1" colname="col5"/></row><row><entry VJ="1" colname="col1">2</entry><entry VJ="1" colname="col2">Einrichten von<BR/> Arbeitsplätzen, Geräten, Maschinen und Anlagen<BR/> (§ 4 Absatz 2<BR/> Abschnitt A Nummer 2)</entry><entry VJ="1" colname="col3"><DL Type="alpha"><DT>a)</DT><DD Font="normal"><LA>Arbeitsplätze, Geräte und Werkzeuge herrichten</LA></DD><DT>b)</DT><DD Font="normal"><LA>Maschinen und Anlagen rüsten</LA></DD><DT>c)</DT><DD Font="normal"><LA>Zusatzeinrichtungen einstellen</LA></DD><DT>d)</DT><DD Font="normal"><LA>Probeprodukte erstellen und Übereinstimmung mit den Anforderungen überprüfen, bei Abweichungen Einstellungen optimieren</LA></DD><DT>e)</DT><DD Font="normal"><LA>Freigabe einholen und Fertigung beginnen</LA></DD></DL></entry><entry VJ="1" colname="col4" valign="middle">28</entry><entry VJ="1" colname="col5"/></row><row><entry VJ="1" colname="col1">3</entry><entry VJ="1" colname="col2">Herstellen<BR/> buchbinderischer<BR/> Erzeugnisse<BR/> (§ 4 Absatz 2<BR/> Abschnitt A Nummer 3)</entry><entry VJ="1" colname="col3"><DL Type="alpha"><DT>a)</DT><DD Font="normal"><LA>Materialien, insbesondere durch Schneiden, Falzen, Sammeln, Heften, Kleben, Binden, Prägen, manuell und maschinell bearbeiten</LA></DD><DT>b)</DT><DD Font="normal"><LA>Maschinen und Geräte bedienen, Arbeitsabläufe steuern, Arbeitsergebnisse dokumentieren</LA></DD><DT>c)</DT><DD Font="normal"><LA>Produkte auf Standgenauigkeit und Maßhaltigkeit prüfen</LA></DD><DT>d)</DT><DD Font="normal"><LA>Verarbeitungsprozesse überwachen, Wechselwirkungen zwischen Materialien, klimatischen Einflüssen sowie Veredelungsprozessen berücksichtigen, Qualitätsprüfungen durchführen und Fertigungsabläufe optimieren</LA></DD><DT>e)</DT><DD Font="normal"><LA>Produkte verpacken, transportieren, lagern und versandfertig machen</LA></DD></DL></entry><entry VJ="1" colname="col4" valign="middle">28</entry><entry VJ="1" colname="col5"/></row><row><entry VJ="1" colname="col1">4</entry><entry VJ="1" colname="col2">Bewerten und<BR/> Auswählen von<BR/> Verarbeitungstechniken<BR/> (§ 4 Absatz 2<BR/> Abschnitt A Nummer 4)</entry><entry VJ="1" colname="col3"><DL Type="alpha"><DT>a)</DT><DD Font="normal"><LA>Verarbeitungstechniken und Verfahren hinsichtlich der zu erzielenden Produktqualität einschließlich Kosten und Ressourcenschonung beurteilen und auswählen</LA></DD><DT>b)</DT><DD Font="normal"><LA>Werkzeuge, Geräte, Maschinen und Anlagen, insbesondere hinsichtlich Funktion, Aufbau sowie Einsatzmöglichkeiten, beurteilen</LA></DD><DT>c)</DT><DD Font="normal"><LA>Materialverhalten im Fertigungsprozess hinsichtlich der geforderten Qualität beurteilen, dabei Wechselwirkungen verschiedener Materialien beachten</LA></DD></DL></entry><entry VJ="1" colname="col4"/><entry VJ="1" colname="col5" valign="middle">10</entry></row><row><entry VJ="1" colname="col1">5</entry><entry VJ="1" colname="col2">Pflegen und Warten<BR/> (§ 4 Absatz 2<BR/> Abschnitt A Nummer 5)</entry><entry VJ="1" colname="col3"><DL Type="alpha"><DT>a)</DT><DD Font="normal"><LA>Funktionsprüfungen durchführen sowie Werkzeuge, Geräte, Maschinen und Anlagen pflegen, reinigen und warten</LA></DD><DT>b)</DT><DD Font="normal"><LA>Sicherheitseinrichtungen auf ihre Wirksamkeit überprüfen</LA></DD><DT>c)</DT><DD Font="normal"><LA>Störungen und Schäden feststellen, Maßnahmen zu deren Behebung ergreifen</LA></DD></DL></entry><entry VJ="1" colname="col4"/><entry VJ="1" colname="col5" valign="middle">10</entry></row></tbody></tgroup></table></P><P><SP><B>Abschnitt B: Weitere berufsprofilgebende Fertigkeiten, Kenntnisse und Fähigkeiten aus den Wahlqualifikationen</B></SP></P><P><B>1. Auswahlliste I</B><table frame="all" pgwide="1" tabstyle="tabelle1" tocentry="%yes;"><tgroup align="left" char="" charoff="50" cols="5" colsep="1" rowsep="1"><colspec align="center" colname="col1" colnum="1" colwidth="0.6*"/><colspec colname="col2" colnum="2" colwidth="3.0*"/><colspec colname="col3" colnum="3" colwidth="7.3*"/><colspec align="center" colname="col4" colnum="4" colwidth="1.3*"/><colspec align="center" colname="col5" colnum="5" colwidth="1.3*"/><thead valign="bottom"><row><entry VJ="1" align="center" colname="col1" morerows="1" valign="middle">Lfd.<BR/> Nr.</entry><entry VJ="1" align="center" colname="col2" morerows="1" valign="middle">Teil des<BR/> Ausbildungsberufsbildes</entry><entry VJ="1" align="center" colname="col3" morerows="1" valign="middle">Zu vermittelnde<BR/> Fertigkeiten, Kenntnisse und Fähigkeiten</entry><entry VJ="1" align="center" colname="col4" nameend="col5" namest="col4" valign="middle">Zeitliche Richtwerte<BR/> in Wochen im</entry></row><row><entry VJ="1" align="center" colname="col4" valign="middle">1. bis 18.<BR/> Monat</entry><entry VJ="1" align="center" colname="col5" valign="middle">19. bis 36.<BR/> Monat</entry></row><row><entry VJ="1" align="center" colname="col1" valign="middle">1</entry><entry VJ="1" align="center" colname="col2" valign="middle">2</entry><entry VJ="1" align="center" colname="col3" valign="middle">3</entry><entry VJ="1" align="center" colname="col4" nameend="col5" namest="col4" valign="middle">4</entry></row></thead><tbody valign="top"><row><entry VJ="1" colname="col1">I.1</entry><entry VJ="1" colname="col2">Unternehmerisches Handeln<BR/> (§ 4 Absatz 2<BR/> Abschnitt B Nummer I.1)</entry><entry VJ="1" colname="col3"><DL Type="alpha"><DT>a)</DT><DD Font="normal"><LA>Abläufe kostenbewusst steuern</LA></DD><DT>b)</DT><DD Font="normal"><LA>Auftragsanweisungen und fertigungstechnische Unterlagen erstellen</LA></DD><DT>c)</DT><DD Font="normal"><LA>Schutzrechte sowie datenschutzrechtliche Aspekte bei der Auftragsvorbereitung berücksichtigen</LA></DD><DT>d)</DT><DD Font="normal"><LA>Musterdokumentation anlegen und pflegen</LA></DD><DT>e)</DT><DD Font="normal"><LA>Trends bewerten und Zielgruppen erschließen</LA></DD><DT>f)</DT><DD Font="normal"><LA>Werbemaßnahmen zur Kundengewinnung und Kundenbindung einschließlich ihrer Kontrollmöglichkeiten darstellen und durchführen</LA></DD></DL></entry><entry VJ="1" colname="col4"/><entry VJ="1" colname="col5" valign="middle">13</entry></row><row><entry VJ="1" colname="col1">I.2</entry><entry VJ="1" colname="col2">Kaufmännische<BR/> Auftragsbearbeitung<BR/> (§ 4 Absatz 2<BR/> Abschnitt B Nummer I.2)</entry><entry VJ="1" colname="col3"><DL Type="alpha"><DT>a)</DT><DD Font="normal"><LA>Beratungs- und Verkaufsgespräche planen, durchführen und nachbereiten</LA></DD><DT>b)</DT><DD Font="normal"><LA>Schriftverkehr durchführen</LA></DD><DT>c)</DT><DD Font="normal"><LA>Unterlagen für die Erstellung von Angeboten beschaffen und auswerten</LA></DD><DT>d)</DT><DD Font="normal"><LA>Angebote nach betrieblichen Vorgaben, insbesondere unter Berücksichtigung von Kosten, Zeitaufwand und Personalbedarf, erstellen</LA></DD><DT>e)</DT><DD Font="normal"><LA>betriebliche Leistungen erfassen</LA></DD><DT>f)</DT><DD Font="normal"><LA>Dienstleistungen und Produkte verkaufen</LA></DD></DL></entry><entry VJ="1" colname="col4"/><entry VJ="1" colname="col5" valign="middle">13</entry></row><row><entry VJ="1" colname="col1">I.3</entry><entry VJ="1" colname="col2">Einrahmen von<BR/> Bildern und Objekten<BR/> (§ 4 Absatz 2<BR/> Abschnitt B Nummer I.3)</entry><entry VJ="1" colname="col3"><DL Type="alpha"><DT>a)</DT><DD Font="normal"><LA>Rahmungen nach Kundenwünschen entwickeln und skizzieren</LA></DD><DT>b)</DT><DD Font="normal"><LA>Materialien, Formgebung, Farbigkeit und grafische Elemente nach funktionalen und ästhetischen Kriterien auswählen</LA></DD><DT>c)</DT><DD Font="normal"><LA>Leinwände aufspannen, Bilder aufziehen</LA></DD><DT>d)</DT><DD Font="normal"><LA>Passepartouts fertigen</LA></DD><DT>e)</DT><DD Font="normal"><LA>Rahmen herstellen sowie Bilder und Objekte einpassen</LA></DD><DT>f)</DT><DD Font="normal"><LA>Arbeitsergebnisse prüfen und dokumentieren</LA></DD></DL></entry><entry VJ="1" colname="col4"/><entry VJ="1" colname="col5" valign="middle">13</entry></row><row><entry VJ="1" colname="col1">I.4</entry><entry VJ="1" colname="col2">Fertigen von Behält-<BR/>nissen<BR/> (§ 4 Absatz 2<BR/> Abschnitt B Nummer I.4)</entry><entry VJ="1" colname="col3"><DL Type="alpha"><DT>a)</DT><DD Font="normal"><LA>Behältnisse, insbesondere Mappen, Ordner, Kästen, Schuber, Kassetten, Etuis und Versandverpackungen nach Kundenwünschen entwickeln und skizzieren</LA></DD><DT>b)</DT><DD Font="normal"><LA>Materialien, Formgebung, Farbigkeit und grafische Elemente nach funktionalen und ästhetischen Kriterien auswählen</LA></DD><DT>c)</DT><DD Font="normal"><LA>Behältnisse herstellen und ausstatten</LA></DD><DT>d)</DT><DD Font="normal"><LA>Arbeitsergebnisse prüfen und dokumentieren</LA></DD></DL></entry><entry VJ="1" colname="col4"/><entry VJ="1" colname="col5" valign="middle">13</entry></row><row><entry VJ="1" colname="col1">I.5</entry><entry VJ="1" colname="col2">Instandsetzen<BR/> von Büchern und<BR/> Objekten<BR/> (§ 4 Absatz 2<BR/> Abschnitt B Nummer I.5)</entry><entry VJ="1" colname="col3"><DL Type="alpha"><DT>a)</DT><DD Font="normal"><LA>Schäden und deren Ursachen an Büchern und Objekten feststellen und dokumentieren</LA></DD><DT>b)</DT><DD Font="normal"><LA>Vorgehensweise der Instandsetzung unter Berücksichtigung der am Buch oder Objekt vorgefundenen Techniken und Materialien festlegen</LA></DD><DT>c)</DT><DD Font="normal"><LA>Materialien auswählen und auf Verarbeitbarkeit und Verträglichkeit mit dem instand zu setzenden Buch oder Objekt prüfen</LA></DD><DT>d)</DT><DD Font="normal"><LA>Instandsetzung durchführen</LA></DD><DT>e)</DT><DD Font="normal"><LA>Arbeitsergebnisse prüfen und dokumentieren</LA></DD></DL></entry><entry VJ="1" colname="col4"/><entry VJ="1" colname="col5" valign="middle">13</entry></row><row><entry VJ="1" colname="col1">I.6</entry><entry VJ="1" colname="col2">Gestalten<BR/> buchbinderischer<BR/> Erzeugnisse<BR/> (§ 4 Absatz 2<BR/> Abschnitt B Nummer I.6)</entry><entry VJ="1" colname="col3"><DL Type="alpha"><DT>a)</DT><DD Font="normal"><LA>in Abstimmung mit Kunden unter Berücksichtigung von Kosten und technischer Realisierbarkeit Gestaltungsvorschläge entwickeln und skizzieren</LA></DD><DT>b)</DT><DD Font="normal"><LA>Materialien, Formgebung, Farbigkeit und grafische Elemente nach funktionalen und ästhetischen Kriterien auswählen, Stilepochen und Normen berücksichtigen</LA></DD><DT>c)</DT><DD Font="normal"><LA>Materialien, insbesondere Papiere durch Verändern von Struktur, Form und Oberfläche, gestalten</LA></DD><DT>d)</DT><DD Font="normal"><LA>Gestaltungsvorschläge umsetzen und Muster fertigen</LA></DD><DT>e)</DT><DD Font="normal"><LA>Musterkollektionen erstellen und präsentieren</LA></DD><DT>f)</DT><DD Font="normal"><LA>Arbeitsergebnisse prüfen und dokumentieren</LA></DD></DL></entry><entry VJ="1" colname="col4"/><entry VJ="1" colname="col5" valign="middle">13</entry></row><row><entry VJ="1" colname="col1">I.7</entry><entry VJ="1" colname="col2">Ausführen von<BR/> Sonderausstattungen<BR/> (§ 4 Absatz 2<BR/> Abschnitt B Nummer I.7)</entry><entry VJ="1" colname="col3"><DL Type="alpha"><DT>a)</DT><DD Font="normal"><LA>Arbeitsabläufe, insbesondere für das Anbringen von Taschen, Buchschließen, Mechaniken, Registern, Ösen, Einfassungen, Wattierungen und Applikationen, planen</LA></DD><DT>b)</DT><DD Font="normal"><LA>Sonderausstattungen herstellen</LA></DD><DT>c)</DT><DD Font="normal"><LA>Sonderausstattungen anbringen und Funktionalitäten feststellen</LA></DD><DT>d)</DT><DD Font="normal"><LA>Arbeitsergebnisse prüfen und dokumentieren</LA></DD></DL></entry><entry VJ="1" colname="col4"/><entry VJ="1" colname="col5" valign="middle">13</entry></row><row><entry VJ="1" colname="col1">I.8</entry><entry VJ="1" colname="col2">Kaschieren<BR/> und Aufziehen<BR/> (§ 4 Absatz 2<BR/> Abschnitt B Nummer I.8)</entry><entry VJ="1" colname="col3"><DL Type="alpha"><DT>a)</DT><DD Font="normal"><LA>Materialien auf Verträglichkeit prüfen und festlegen, Laufrichtung bestimmen, produkt- und fertigungsspezifische Gesichtspunkte berücksichtigen</LA></DD><DT>b)</DT><DD Font="normal"><LA>Klebetechniken unterscheiden und auswählen</LA></DD><DT>c)</DT><DD Font="normal"><LA>Materialien und Produkte kaschieren, auskaschieren und endfertigen</LA></DD><DT>d)</DT><DD Font="normal"><LA>Karten, Poster und Bilder aufziehen und einfassen</LA></DD><DT>e)</DT><DD Font="normal"><LA>Oberflächenschutz und -veredelung auswählen und aufbringen</LA></DD><DT>f)</DT><DD Font="normal"><LA>Arbeitsergebnisse prüfen und dokumentieren</LA></DD></DL></entry><entry VJ="1" colname="col4"/><entry VJ="1" colname="col5" valign="middle">13</entry></row><row><entry VJ="1" colname="col1">I.9</entry><entry VJ="1" colname="col2">Ausführen von<BR/> Akzidenzarbeiten<BR/> (§ 4 Absatz 2<BR/> Abschnitt B Nummer I.9)</entry><entry VJ="1" colname="col3"><DL Type="alpha"><DT>a)</DT><DD Font="normal"><LA>Schneidevorgänge an der Schneidemaschine programmieren und ausführen</LA></DD><DT>b)</DT><DD Font="normal"><LA>Trenntechniken auftragsbezogen ausführen</LA></DD><DT>c)</DT><DD Font="normal"><LA>Akzidenzprodukte auftragsbezogen herstellen</LA></DD><DT>d)</DT><DD Font="normal"><LA>Arbeitsergebnisse prüfen und dokumentieren</LA></DD></DL></entry><entry VJ="1" colname="col4"/><entry VJ="1" colname="col5" valign="middle">13</entry></row></tbody></tgroup></table></P><P><B>2. Auswahlliste II</B><table frame="all" pgwide="1" tabstyle="tabelle1" tocentry="%yes;"><tgroup align="left" char="" charoff="50" cols="5" colsep="1" rowsep="1"><colspec align="center" colname="col1" colnum="1" colwidth="0.6*"/><colspec colname="col2" colnum="2" colwidth="3.0*"/><colspec colname="col3" colnum="3" colwidth="7.3*"/><colspec align="center" colname="col4" colnum="4" colwidth="1.3*"/><colspec align="center" colname="col5" colnum="5" colwidth="1.3*"/><thead valign="bottom"><row><entry VJ="1" align="center" colname="col1" morerows="1" valign="middle">Lfd.<BR/> Nr.</entry><entry VJ="1" align="center" colname="col2" morerows="1" valign="middle">Teil des<BR/> Ausbildungsberufsbildes</entry><entry VJ="1" align="center" colname="col3" morerows="1" valign="middle">Zu vermittelnde<BR/> Fertigkeiten, Kenntnisse und Fähigkeiten</entry><entry VJ="1" align="center" colname="col4" nameend="col5" namest="col4" valign="middle">Zeitliche Richtwerte<BR/> in Wochen im</entry></row><row><entry VJ="1" align="center" colname="col4" valign="middle">1. bis 18.<BR/> Monat</entry><entry VJ="1" align="center" colname="col5" valign="middle">19. bis 36.<BR/> Monat</entry></row><row><entry VJ="1" align="center" colname="col1" valign="middle">1</entry><entry VJ="1" align="center" colname="col2" valign="middle">2</entry><entry VJ="1" align="center" colname="col3" valign="middle">3</entry><entry VJ="1" align="center" colname="col4" nameend="col5" namest="col4" valign="middle">4</entry></row></thead><tbody valign="top"><row><entry VJ="1" colname="col1">II.1</entry><entry VJ="1" colname="col2">Einzel- und<BR/> Sonderfertigung<BR/> (§ 4 Absatz 2<BR/> Abschnitt B<BR/>Nummer II.1)</entry><entry VJ="1" colname="col3"><DL Type="alpha"><DT>a)</DT><DD Font="normal"><LA>Arbeitsabläufe für Einzel- und Kleinserienfertigung festlegen sowie Materialien auf Qualität, Beschaffenheit und Verarbeitungsfähigkeit prüfen</LA></DD><DT>b)</DT><DD Font="normal"><LA>Produkte in manuellen Einband- und Bindetechniken sowie mit Plastik-, Spiral- und Drahtkammbindungen herstellen</LA></DD><DT>c)</DT><DD Font="normal"><LA>Produkte, insbesondere durch Prägen, Schnittveredeln, Stanzen, Kapitalen sowie Anbringen von Zeichenbändern, ausstatten und veredeln</LA></DD><DT>d)</DT><DD Font="normal"><LA>Mappen und Vollkartonagen herstellen</LA></DD><DT>e)</DT><DD Font="normal"><LA>Schäden an instand zu setzenden Produkten feststellen, Arbeitsaufwand und -weg planen, Kosten ermitteln und Instandsetzung durchführen</LA></DD><DT>f)</DT><DD Font="normal"><LA>Produkte lagern, transport- und versandfertig machen</LA></DD><DT>g)</DT><DD Font="normal"><LA>Arbeitsergebnisse prüfen, beurteilen und dokumentieren</LA></DD></DL></entry><entry VJ="1" colname="col4"/><entry VJ="1" colname="col5" valign="middle">26</entry></row><row><entry VJ="1" colname="col1">II.2</entry><entry VJ="1" colname="col2">Maschinelle Fertigung<BR/> (§ 4 Absatz 2<BR/> Abschnitt B<BR/> Nummer II.2)</entry><entry VJ="1" colname="col3"><DL Type="alpha"><DT>a)</DT><DD Font="normal"><LA>Materialien auf Qualität und Beschaffenheit sowie maschinelle Verarbeitungsfähigkeit prüfen und bereitstellen</LA></DD><DT>b)</DT><DD Font="normal"><LA>bei der Planung produktionsspezifische Anforderungen an Halbfertigprodukte in Bezug auf den weiteren Verarbeitungsprozess berücksichtigen</LA></DD><DT>c)</DT><DD Font="normal"><LA>Maschinen rechnergestützt einstellen, dabei Produkt- und Produktionsparameter eingeben</LA></DD><DT>d)</DT><DD Font="normal"><LA>Halbfertig- und Endprodukte maschinell herstellen, dabei Produktionsabläufe überwachen, Fertigungsstörungen erkennen und beheben</LA></DD><DT>e)</DT><DD Font="normal"><LA>bei Verarbeitungsproblemen Entscheidungen für Alternativen unter Berücksichtigung der Wechselwirkungen zwischen Materialien, klimatischen Einflüssen, veredelten Vorprodukten und Fertigungsprozessen treffen</LA></DD><DT>f)</DT><DD Font="normal"><LA>Qualitätskontrollen nach Normen und Spezifikationen durchführen, Arbeitsergebnis in Bezug auf Verwendbarkeit und Qualität beurteilen, Resultate dokumentieren sowie Belegmuster archivieren</LA></DD><DT>g)</DT><DD Font="normal"><LA>Halbfertigprodukte für den innerbetrieblichen Fertigungsablauf absetzen, Produkte lagern und versenden</LA></DD></DL></entry><entry VJ="1" colname="col4"/><entry VJ="1" colname="col5" valign="middle">26</entry></row></tbody></tgroup></table></P><P><SP><B>Abschnitt C: Integrative Fertigkeiten, Kenntnisse und Fähigkeiten</B></SP><table frame="all" pgwide="1" tabstyle="tabelle1" tocentry="%yes;"><tgroup align="left" char="" charoff="50" cols="5" colsep="1" rowsep="1"><colspec align="center" colname="col1" colnum="1" colwidth="0.6*"/><colspec colname="col2" colnum="2" colwidth="3.0*"/><colspec colname="col3" colnum="3" colwidth="7.3*"/><colspec align="center" colname="col4" colnum="4" colwidth="1.3*"/><colspec align="center" colname="col5" colnum="5" colwidth="1.3*"/><thead valign="bottom"><row><entry VJ="1" align="center" colname="col1" morerows="1" valign="middle">Lfd.<BR/> Nr.</entry><entry VJ="1" align="center" colname="col2" morerows="1" valign="middle">Teil des<BR/> Ausbildungsberufsbildes</entry><entry VJ="1" align="center" colname="col3" morerows="1" valign="middle">Zu vermittelnde<BR/> Fertigkeiten, Kenntnisse und Fähigkeiten</entry><entry VJ="1" align="center" colname="col4" nameend="col5" namest="col4" valign="middle">Zeitliche Richtwerte<BR/> in Wochen im</entry></row><row><entry VJ="1" align="center" colname="col4" valign="middle">1. bis 18.<BR/> Monat</entry><entry VJ="1" align="center" colname="col5" valign="middle">19. bis 36.<BR/> Monat</entry></row><row><entry VJ="1" align="center" colname="col1" valign="middle">1</entry><entry VJ="1" align="center" colname="col2" valign="middle">2</entry><entry VJ="1" align="center" colname="col3" valign="middle">3</entry><entry VJ="1" align="center" colname="col4" nameend="col5" namest="col4" valign="middle">4</entry></row></thead><tbody valign="top"><row><entry VJ="1" colname="col1">1</entry><entry VJ="1" colname="col2">Berufsbildung,<BR/> Arbeits- und Tarifrecht<BR/> (§ 4 Absatz 2<BR/> Abschnitt C Nummer 1)</entry><entry VJ="1" colname="col3"><DL Type="alpha"><DT>a)</DT><DD Font="normal"><LA>Bedeutung des Ausbildungsvertrages, insbesondere Abschluss, Dauer und Beendigung, erklären</LA></DD><DT>b)</DT><DD Font="normal"><LA>gegenseitige Rechte und Pflichten aus dem Ausbildungsvertrag nennen</LA></DD><DT>c)</DT><DD Font="normal"><LA>Möglichkeiten der beruflichen Fortbildung nennen</LA></DD><DT>d)</DT><DD Font="normal"><LA>wesentliche Teile des Arbeitsvertrages nennen</LA></DD><DT>e)</DT><DD Font="normal"><LA>wesentliche Bestimmungen der für den ausbildenden Betrieb geltenden Tarifverträge nennen</LA></DD></DL></entry><entry VJ="1" align="left" colname="col4" morerows="3" nameend="col5" namest="col4" valign="middle">während<BR/> der gesamten<BR/> Ausbildung<BR/> zu vermitteln</entry></row><row><entry VJ="1" colname="col1">2</entry><entry VJ="1" colname="col2">Aufbau und<BR/> Organisation des<BR/> Ausbildungsbetriebes<BR/> (§ 4 Absatz 2<BR/> Abschnitt C Nummer 2)</entry><entry VJ="1" colname="col3"><DL Type="alpha"><DT>a)</DT><DD Font="normal"><LA>Aufbau und Aufgaben des ausbildenden Betriebes erläutern</LA></DD><DT>b)</DT><DD Font="normal"><LA>Grundfunktionen des ausbildenden Betriebes wie Beschaffung, Fertigung, Absatz und Verwaltung, erklären</LA></DD><DT>c)</DT><DD Font="normal"><LA>Beziehungen des ausbildenden Betriebes und seiner Beschäftigten zu Wirtschaftsorganisationen, Berufsvertretungen und Gewerkschaften nennen</LA></DD><DT>d)</DT><DD Font="normal"><LA>Grundlagen, Aufgaben und Arbeitsweise der betriebsverfassungs- oder personalvertretungsrechtlichen Organe des ausbildenden Betriebes beschreiben</LA></DD></DL></entry></row><row><entry VJ="1" colname="col1">3</entry><entry VJ="1" colname="col2">Sicherheit und<BR/> Gesundheitsschutz<BR/> bei der Arbeit<BR/> (§ 4 Absatz 2<BR/> Abschnitt C Nummer 3)</entry><entry VJ="1" colname="col3"><DL Type="alpha"><DT>a)</DT><DD Font="normal"><LA>Gefährdungen von Sicherheit und Gesundheit am Arbeitsplatz feststellen und Maßnahmen zu ihrer Vermeidung ergreifen</LA></DD><DT>b)</DT><DD Font="normal"><LA>berufsbezogene Arbeitsschutz- und Unfallverhütungsvorschriften anwenden</LA></DD><DT>c)</DT><DD Font="normal"><LA>Verhaltensweisen bei Unfällen beschreiben sowie erste Maßnahmen einleiten</LA></DD><DT>d)</DT><DD Font="normal"><LA>Vorschriften des vorbeugenden Brandschutzes anwenden; Verhaltensweisen bei Bränden beschreiben und Maßnahmen der Brandbekämpfung ergreifen</LA></DD></DL></entry></row><row><entry VJ="1" colname="col1">4</entry><entry VJ="1" colname="col2">Umweltschutz<BR/> (§ 4 Absatz 2<BR/> Abschnitt C Nummer 4)</entry><entry VJ="1" align="justify" colname="col3">Zur Vermeidung betriebsbedingter Umweltbelastungen im beruflichen Einwirkungsbereich beitragen, insbesondere <DL Type="alpha"><DT>a)</DT><DD Font="normal"><LA>mögliche Umweltbelastungen durch den Ausbildungsbetrieb und seinen Beitrag zum Umweltschutz an Beispielen erklären</LA></DD><DT>b)</DT><DD Font="normal"><LA>für den Ausbildungsbetrieb geltende Regelungen des Umweltschutzes anwenden</LA></DD><DT>c)</DT><DD Font="normal"><LA>Möglichkeiten der wirtschaftlichen und umweltschonenden Energie- und Materialverwendung nutzen</LA></DD><DT>d)</DT><DD Font="normal"><LA>Abfälle vermeiden; Stoffe und Materialien einer umweltschonenden Entsorgung zuführen</LA></DD></DL></entry></row><row><entry VJ="1" colname="col1" rowsep="0">5</entry><entry VJ="1" colname="col2" rowsep="0">Betriebliche und<BR/> kundenorientierte<BR/> Kommunikation<BR/> (§ 4 Absatz 2<BR/> Abschnitt C Nummer 5)</entry><entry VJ="1" colname="col3" rowsep="0"><DL Type="alpha"><DT>a)</DT><DD Font="normal"><LA>Informationsquellen, insbesondere Dokumentationen, Handbücher, Fachberichte und Firmenunterlagen in deutscher und englischer Sprache, nutzen</LA></DD><DT>b)</DT><DD Font="normal"><LA>Dokumentationen zusammenstellen und ergänzen</LA></DD><DT>c)</DT><DD Font="normal"><LA>Informationen auswerten und bewerten</LA></DD><DT>d)</DT><DD Font="normal"><LA>Sachverhalte darstellen</LA></DD><DT>e)</DT><DD Font="normal"><LA>betriebsübliche schriftliche und mündliche Kommunikation durchführen, dabei deutsche und fremdsprachliche Fachbegriffe verwenden</LA></DD><DT>f)</DT><DD Font="normal"><LA>IT-gestützte Kommunikationssysteme nutzen</LA></DD></DL></entry><entry VJ="1" colname="col4" rowsep="0"/><entry VJ="1" colname="col5" rowsep="0" valign="bottom"/></row><row><entry VJ="1" colname="col1"/><entry VJ="1" colname="col2"/><entry VJ="1" colname="col3"><DL Type="alpha"><DT>g)</DT><DD Font="normal"><LA>Gespräche mit Vorgesetzten, Mitarbeitern und Mitarbeiterinnen sowie im Team situationsgerecht und zielorientiert führen, kulturelle Identitäten berücksichtigen</LA></DD><DT>h)</DT><DD Font="normal"><LA>im Team Aufgaben planen, abstimmen, Entscheidungen erarbeiten und Konflikte lösen</LA></DD><DT>i)</DT><DD Font="normal"><LA>Sachverhalte und Lösungen visualisieren und präsentieren</LA></DD><DT>j)</DT><DD Font="normal"><LA>mit vor- und nachgelagerten Bereichen und externen Partnern kommunizieren, Übergabeprozesse abstimmen</LA></DD><DT>k)</DT><DD Font="normal"><LA>Beratungsgespräche vorbereiten, Kundenwünsche ermitteln und auf Umsetzbarkeit prüfen</LA></DD><DT>l)</DT><DD Font="normal"><LA>Beschwerden und Reklamationen unter Berücksichtigung der Interessen des Betriebes und der Kundschaft bearbeiten</LA></DD></DL></entry><entry VJ="1" colname="col4"/><entry VJ="1" colname="col5" valign="top"><BR/>6</entry></row></tbody></tgroup></table></P></Content></text></textdaten></norm>
</dokumente>