<?xml version="1.0" encoding="UTF-8" ?><!DOCTYPE dokumente SYSTEM "http://www.gesetze-im-internet.de/dtd/1.01/gii-norm.dtd">
<dokumente builddate="20131008093433" doknr="BJNR002100871"><norm builddate="20131008093433" doknr="BJNR002100871"><metadaten><jurabk>InhPapG</jurabk><ausfertigung-datum manuell="ja">1871-06-08</ausfertigung-datum><fundstelle typ="amtlich"><periodikum>RGBl</periodikum><zitstelle>1871, 210</zitstelle></fundstelle><langue>Gesetz betreffend die Inhaberpapiere mit Prämien</langue><standangabe checked="ja"><standtyp>Stand</standtyp><standkommentar>Zuletzt geändert durch Art. 45 G v. 8.12.2010 I 1864</standkommentar></standangabe></metadaten><textdaten><fussnoten><Content><P><BR/> <pre xml:space="preserve">(+++ Textnachweis Geltung ab: 1.1.1975  +++)<BR/><BR/></pre></P></Content></fussnoten></textdaten></norm>
<norm builddate="20131008093433" doknr="BJNR002100871BJNE000101360"><metadaten><jurabk>InhPapG</jurabk><enbez>§ 1</enbez></metadaten><textdaten><text format="XML"><Content><P>Auf den Inhaber lautende Schuldverschreibungen, in welchen allen Gläubigern oder einem Teil derselben außer der Zahlung der verschriebenen Geldsumme eine Prämie dergestalt zugesichert wird, daß durch Auslosung oder durch eine andere auf den Zufall gestellte Art der Ermittlung die zu prämierenden Schuldverschreibungen und die Höhe der ihnen zufallenden Prämie bestimmt werden sollen (Inhaberpapiere mit Prämien), dürfen im Inland nur auf Grund eines Bundesgesetzes und nur zum Zweck der Anleihe des Bundes oder eines Landes ausgegeben werden.</P></Content></text><fussnoten/></textdaten></norm>
<norm builddate="20131008093433" doknr="BJNR002100871BJNE000200306"><metadaten><jurabk>InhPapG</jurabk><enbez>§ 2</enbez></metadaten><textdaten><text format="XML"><Content><P>Inhaberpapiere mit Prämien, welche nach Verkündigung des gegenwärtigen Gesetzes, der Bestimmung in § 1 zuwider, im Inland ausgegeben sein möchten, desgleichen Inhaberpapiere mit Prämien, welche nach dem 30. April 1871 im Ausland ausgegeben sind, dürfen weder weiter begeben, noch an den Börsen, noch an anderen zum Verkehr mit Wertpapieren bestimmten Versammlungsorten zum Gegenstand eines Geschäfts oder einer Geschäftsvermittlung gemacht werden.</P></Content></text></textdaten></norm>
<norm builddate="20131008093433" doknr="BJNR002100871BJNE000300306"><metadaten><jurabk>InhPapG</jurabk><enbez>§ 3</enbez></metadaten><textdaten><text format="XML"><Content><P>Dasselbe gilt vom 15. Juli 1871 ab von ausländischen Inhaberpapieren mit Prämien, deren Ausgabe vor dem 1. Mai 1871 erfolgt ist, sofern dieselben nicht abgestempelt sind. ...</P></Content></text><fussnoten/></textdaten></norm>
<norm builddate="20131008093433" doknr="BJNR002100871BJNE000400306"><metadaten><jurabk>InhPapG</jurabk><enbez>§ 4</enbez></metadaten><textdaten><text format="XML"><Content><P>-</P></Content></text><fussnoten/></textdaten></norm>
<norm builddate="20131008093433" doknr="BJNR002100871BJNE000500306"><metadaten><jurabk>InhPapG</jurabk><enbez>§ 5</enbez></metadaten><textdaten><text format="XML"><Content><P>-</P></Content></text><fussnoten/></textdaten></norm>
<norm builddate="20131008093433" doknr="BJNR002100871BJNE000600306"><metadaten><jurabk>InhPapG</jurabk><enbez>§ 6</enbez></metadaten><textdaten><text format="XML"><Content><P>-</P></Content></text><fussnoten/></textdaten></norm>
</dokumente>