<?xml version="1.0" encoding="UTF-8" ?><!DOCTYPE dokumente SYSTEM "http://www.gesetze-im-internet.de/dtd/1.01/gii-norm.dtd">
<dokumente builddate="20120625151952" doknr="BJNR209320981"><norm builddate="20120625151952" doknr="BJNR209320981"><metadaten><jurabk>SVVerzAbk IRL</jurabk><ausfertigung-datum manuell="ja">1981-03-20</ausfertigung-datum><fundstelle typ="amtlich"><periodikum>BGBl II</periodikum><zitstelle>1981, 932</zitstelle></fundstelle><langue>Abkommen zwischen der Regierung der Bundesrepublik Deutschland und der
Regierung Irlands über den Verzicht auf die Erstattung von Aufwendungen für
Sachleistungen bei Krankheit, Mutterschaft, Arbeitsunfall und Berufskrankheit,
der Leistungen an Arbeitslose sowie der Kosten für verwaltungsmäßige und
ärztliche Kontrollen</langue></metadaten><textdaten><text format="decorated"/><fussnoten><Content><P>V v. 27.10.1981 II 931 <BR/>In Kraft gem. Bek. v. 17.12.1981 II 1982, 41 mWv 1.4.1973</P></Content></fussnoten></textdaten></norm>
</dokumente>