<?xml version="1.0" encoding="UTF-8" ?><!DOCTYPE dokumente SYSTEM "http://www.gesetze-im-internet.de/dtd/1.01/gii-norm.dtd">
<dokumente builddate="20200129213002" doknr="BJNR016200999"><norm builddate="20200129213002" doknr="BJNR016200999"><metadaten><jurabk>PrüflabV</jurabk><amtabk>PrüflabV</amtabk><ausfertigung-datum manuell="ja">1999-02-11</ausfertigung-datum><fundstelle typ="amtlich"><periodikum>BGBl I</periodikum><zitstelle>1999, 162</zitstelle></fundstelle><kurzue>Gegenprobensachverständigen-Prüflaboratorienverordnung</kurzue><langue>Verordnung über die Akkreditierung von Prüflaboratorien als Voraussetzung für die Zulassung privater Gegenprobensachverständiger für die Untersuchung von Proben</langue><standangabe checked="ja"><standtyp>Stand</standtyp><standkommentar>Zuletzt geändert durch Art. 4 V v. 19.11.2019 I 1862</standkommentar></standangabe></metadaten><textdaten><fussnoten><Content><P><BR/> <pre xml:space="preserve">(+++ Textnachweis ab: 27.2.1999 +++)<BR/>(+++ Amtliche Hinweise des Normgebers auf EG-Recht:<BR/>     Umsetzung der<BR/>       EWGRL 99/93 (CELEX Nr: 393L0099)<BR/>     Beachtung der<BR/>       EGRL 34/98  (CELEX Nr: 398L0034) +++)<BR/><BR/></pre>Überschrift: Bezeichnung idF d. Art. 2 Nr. 1V v. 1.11.2013 I 3918 mWv 12.11.2013</P><P><BR/> Diese Verordnung dient der Umsetzung von Artikel 3 Abs. 1 der Richtlinie 93/99/EWG des Rates vom 29. Oktober 1993 über zusätzliche Maßnahmen im Bereich der Amtlichen Lebensmittelüberwachung (ABl. EG Nr. L 290 S. 14). <BR/>Die Verpflichtungen aus der Richtlinie 98/34/EG des Europäischen Parlaments und des Rates vom 22. Juni 1998 über ein Informationsverfahren auf dem Gebiet der Normen und technischen Vorschriften und der Vorschriften für die Dienste der Informationsgesellschaft (ABl. EG Nr. L 204 S. 37) sind beachtet worden.</P></Content></fussnoten></textdaten></norm>
<norm builddate="20200129213002" doknr="BJNR016200999BJNE000100307"><metadaten><jurabk>PrüflabV</jurabk><enbez>Eingangsformel</enbez></metadaten><textdaten><text format="XML"><Content><P>Auf Grund des § 44 Abs. 1 Nr. 1 Buchstabe b des Lebensmittel- und Bedarfsgegenständegesetzes in der Fassung der Bekanntmachung vom 9. September 1997 (BGBl. I S. 2226) verordnet das Bundesministerium für Gesundheit:</P></Content></text></textdaten></norm>
<norm builddate="20200129213002" doknr="BJNR016200999BJNE000205116"><metadaten><jurabk>PrüflabV</jurabk><enbez>§ 1</enbez><titel format="XML">Akkreditierung von Prüflaboratorien als Voraussetzung für die Zulassung privater Sachverständiger</titel></metadaten><textdaten><text format="XML"><Content><P>(1) Private Sachverständige zur Untersuchung amtlich zurückgelassener Proben nach § 31 Absatz 3 des Tabakerzeugnisgesetzes dürfen nur zugelassen werden, wenn sie nachweisen können, dass sie <DL Font="normal" Type="arabic"><DT>1.</DT><DD Font="normal"><LA Size="normal">für Bestimmungen nach § 1 der Tabakerzeugnisverordnung über ein nach § 2 Absatz 1 der Tabakerzeugnisverordnung zugelassenes Prüflaboratorium,</LA></DD><DT>2.</DT><DD Font="normal"><LA Size="normal">für sonstige Bestimmungen über ein Prüflaboratorium, das die Anforderungen nach § 2 Absatz 2 Nummer 1 der Tabakerzeugnisverordnung erfüllt,</LA></DD></DL>verfügen, das zur sachgerechten Durchführung der Untersuchung derartiger Proben geeignet ist.</P><P>(2) Für die Akkreditierung der Prüflaboratorien nach Absatz 1 ist die Akkreditierungsstelle im Sinne des § 1 Absatz 1 Satz 1 des Akkreditierungsstellengesetzes zuständig.</P><P>(3) Die Akkreditierung eines Prüflaboratoriums durch die nationale Akkreditierungsstelle eines anderen Mitgliedstaates oder eines Drittstaates ist anzuerkennen, soweit <DL Font="normal" Type="arabic"><DT>1.</DT><DD Font="normal"><LA Size="normal">diese nationale Akkreditierungsstelle sich erfolgreich der Beurteilung unter Gleichrangigen nach Artikel 10 der Verordnung (EG) Nr. 765/2008 unterzogen hat und</LA></DD><DT>2.</DT><DD Font="normal"><LA Size="normal">die Akkreditierung sich auf die Erfüllung der Anforderungen nach Artikel 37 Absatz 4 Buchstabe e der Verordnung (EU) 2017/625 des Europäischen Parlaments und des Rates vom 15. März 2017 über amtliche Kontrollen und andere amtliche Tätigkeiten zur Gewährleistung der Anwendung des Lebens- und Futtermittelrechts und der Vorschriften über Tiergesundheit und Tierschutz, Pflanzengesundheit und Pflanzenschutzmittel, zur Änderung der Verordnungen (EG) Nr. 999/2001, (EG) Nr. 396/2005, (EG) Nr. 1069/2009, (EG) Nr. 1107/2009, (EU) Nr. 1151/2012, (EU) Nr. 652/2014, (EU) 2016/429 und (EU) 2016/2031 des Europäischen Parlaments und des Rates, der Verordnungen (EG) Nr. 1/2005 und (EG) Nr. 1099/2009 des Rates sowie der Richtlinien 98/58/EG, 1999/74/EG, 2007/43/EG, 2008/119/EG und 2008/120/EG des Rates und zur Aufhebung der Verordnungen (EG) Nr. 854/2004 und (EG) Nr. 882/2004 des Europäischen Parlaments und des Rates, der Richtlinien 89/608/EWG, 89/662/EWG, 90/425/EWG, 91/496/EEG, 96/23/EG, 96/93/EG und 97/78/EG des Rates und des Beschlusses 92/438/EWG des Rates (Verordnung über amtliche Kontrollen) (ABl. L 95 vom 7.4.2017, S. 1; L 137 vom 24.5.2017, S. 40; L 48 vom 21.2.2018, S. 44; L 322 vom 18.12.2018, S. 85) in der jeweils geltenden Fassung bezieht.</LA></DD></DL></P></Content></text><fussnoten/></textdaten></norm>
<norm builddate="20200129213002" doknr="BJNR016200999BJNE000303116"><metadaten><jurabk>PrüflabV</jurabk><enbez>§ 2</enbez><titel format="XML">(weggefallen)</titel></metadaten><textdaten><text format="XML"><Content/></text><fussnoten/></textdaten></norm>
<norm builddate="20200129213002" doknr="BJNR016200999BJNE000400307"><metadaten><jurabk>PrüflabV</jurabk><enbez>§ 3</enbez><titel format="parat">Inkrafttreten</titel></metadaten><textdaten><text format="XML"><Content><P>Diese Verordnung tritt am Tage nach der Verkündung in Kraft.</P></Content></text></textdaten></norm>
<norm builddate="20200129213002" doknr="BJNR016200999BJNE000500307"><metadaten><jurabk>PrüflabV</jurabk><enbez>Schlußformel</enbez></metadaten><textdaten><text format="XML"><Content><P>Der Bundesrat hat zugestimmt.</P></Content></text></textdaten></norm>
</dokumente>