<?xml version="1.0" encoding="UTF-8" ?><!DOCTYPE dokumente SYSTEM "http://www.gesetze-im-internet.de/dtd/1.01/gii-norm.dtd">
<dokumente builddate="20120625151610" doknr="BJNR007650959"><norm builddate="20120625151610" doknr="BJNR007650959"><metadaten><jurabk>RAG 2</jurabk><amtabk>2. RAG</amtabk><ausfertigung-datum manuell="ja">1959-12-21</ausfertigung-datum><fundstelle typ="amtlich"><periodikum>BGBl I</periodikum><zitstelle>1959, 765</zitstelle></fundstelle><kurzue>Zweites Rentenanpassungsgesetz</kurzue><langue>Zweites Gesetz über die Anpassung der Renten aus den gesetzlichen
Rentenversicherungen aus Anlaß der Veränderung der allgemeinen
Bemessungsgrundlage für das Jahr 1959</langue></metadaten><textdaten><text format="XML"><Content><P/></Content></text><fussnoten><Content><P>Die Vorschrift gilt nicht in dem in Art. 3 des Einigungsvertrages genannten Gebiet gem. Anl. I Kap. VIII Sachg. H Abschn. I Nr. 15 EinigVtr v. 31.8.1990 iVm Art. 1 G v. 23.9.1990 II 885, 1057 <BR/>(+++ Textnachweis Geltung ab:  1. 1.1964 +++)</P></Content></fussnoten></textdaten></norm>
<norm builddate="20120625151610" doknr="BJNR007650959BJNE000100314"><metadaten><jurabk>RAG 2</jurabk><enbez>§ 1</enbez></metadaten><textdaten><text format="XML"><Content><P>(1) In den gesetzlichen Rentenversicherungen werden aus Anlaß der Veränderung der allgemeinen Bemessungsgrundlage für das Jahr 1959 die Versicherten- und Hinterbliebenenrenten aus Versicherungsfällen, die im Jahr 1958 oder früher eingetreten sind, für Bezugszeiten vom 1. Januar 1960 an in der Weise angepaßt, daß der nach § 3 zu ermittelnde Anpassungsbetrag mit 1,0594 vervielfältigt wird; dem sich dadurch ergebenden Betrag sind die der Anpassung nicht unterliegenden Rententeile wieder hinzuzufügen.</P><P>(2) Zu den Renten im Sinne des Absatzes 1 gehören auch die nach Artikel 2 § 38 Abs. 3 Satz 1 des Arbeiterrentenversicherungs-Neuregelungsgesetzes und Artikel 2 § 37 Abs. 3 Satz 1 des Angestelltenversicherungs-Neuregelungsgesetzes erhöhten Versichertenrenten von Berechtigten, die das 65. Lebensjahr im Jahre 1959 vollendet haben.</P><P>(3) Absatz 1 findet auf den Knappschaftssold keine Anwendung.</P></Content>  </text></textdaten></norm>
<norm builddate="20120625151610" doknr="BJNR007650959BJNE000200314"><metadaten><jurabk>RAG 2</jurabk><enbez>§ 2</enbez></metadaten><textdaten><text format="XML"><Content><P>Auf Renten, die nach Artikel 2 § 43 Abs. 1 des Arbeiterrentenversicherungs-Neuregelungsgesetzes oder Artikel 2 § 42 Abs. 1 des Angestelltenversicherungs-Neuregelungsgesetzes oder Artikel 2 § 28 Abs. 1 des Knappschaftsrentenversicherungs-Neuregelungsgesetzes berechnet worden sind oder berechnet werden, findet § 1 Abs. 1 auch dann Anwendung, wenn der Versicherungsfall nach dem 31. Dezember 1958 eingetreten ist. Das gleiche gilt für Renten, die nach Artikel 3 § 6 Abs. 3 des Arbeiterrentenversicherungs-Neuregelungsgesetzes oder Artikel 3 § 5 Abs. 2 des Angestelltenversicherungs-Neuregelungsgesetzes berechnet worden sind oder berechnet werden.</P></Content></text></textdaten></norm>
<norm builddate="20120625151610" doknr="BJNR007650959BJNE000300314"><metadaten><jurabk>RAG 2</jurabk><enbez>§ 3</enbez></metadaten><textdaten><text format="XML"><Content><P>(1) Anpassungsbetrag ist der Rentenzahlbetrag für Januar 1960 einschließlich des Kinderzuschusses für jedes Kind, vermindert um den Sonderzuschuß und die Steigerungsbeträge aus Beiträgen der Höherversicherung. In der knappschaftlichen Rentenversicherung vermindert sich der Rentenzahlbetrag außerdem um den Leistungszuschlag und den nach § 75 Abs. 1 Satz 2 des Reichsknappschaftsgesetzes zu belassenden Betrag.</P><P>(2) Bei Renten, auf die § 4 des Ersten Rentenanpassungsgesetzes anzuwenden war, ist Anpassungsbetrag der Betrag, der sich nach Anwendung des § 1 Abs. 1 erster Halbsatz des Ersten Rentenanpassungsgesetzes ergibt. An die Stelle des Rentenzahlbetrags für Januar 1959 tritt der Rentenzahlbetrag für Januar 1960. Satz 1 und 2 gelten entsprechend für Renten aus Versicherungsfällen des Jahres 1958, die nach §§ 1253ff. der Reichsversicherungsordnung oder §§ 30ff. des Angestelltenversicherungsgesetzes berechnet sind und bei denen die für den Versicherten maßgebende Rentenbemessungsgrundlage begrenzt ist.</P><P>(3) In den Fällen, in denen für Januar 1960 keine Rente gezahlt worden ist oder sich der Zahlbetrag der Rente nach dem 31. Dezember 1959 erhöht, tritt an die Stelle des Rentenzahlbetrages im Sinne des Absatzes 1 der Betrag, der für Januar 1960 zu zahlen gewesen wäre, wenn die Voraussetzungen für die Erfüllung des Anspruchs damals bestanden hätten.</P><P>(4) Bei Renten, die nach Artikel 2 § 42 des Arbeiterrentenversicherungs-Neuregelungsgesetzes, Artikel 2 § 41 des Angestelltenversicherungs-Neuregelungsgesetzes und Artikel 2 § 11 des Knappschaftsrentenversicherungs-Neuregelungsgesetzes berechnet sind, gelten als Sonderzuschuß die Beträge von 21 Deutsche Mark bei Versichertenrenten und 14 Deutsche Mark bei Hinterbliebenenrenten. Ist in den Fällen des Satzes 1 bei der Berechnung einer Versicherten- und einer Hinterbliebenenrente desselben Berechtigten ein Sonderzuschuß zu berücksichtigen gewesen, so gilt als Sonderzuschuß der Betrag von 21 Deutsche Mark.</P></Content>   </text></textdaten></norm>
<norm builddate="20120625151610" doknr="BJNR007650959BJNE000400314"><metadaten><jurabk>RAG 2</jurabk><enbez>§ 4</enbez></metadaten><textdaten><text format="XML"><Content><P>(1) Bei Renten aus der Rentenversicherung der Arbeiter und der Rentenversicherung der Angestellten, die auf Versicherungsfällen der Jahre 1957 und 1958 beruhen und nach <I>§§ 1253ff. der Reichsversicherungsordnung oder §§ 30ff. des Angestelltenversicherungsgesetzes</I> berechnet worden sind, sowie bei Renten aus der knappschaftlichen Rentenversicherung und Renten aus der Rentenversicherung der Arbeiter und der Rentenversicherung der Angestellten mit einem Leistungsteil aus der knappschaftlichen Rentenversicherung darf der nach § 1 Abs. 1 erster Halbsatz errechnete Betrag den Betrag nicht überschreiten, der sich ergeben würde, wenn die Rente ohne Änderung der übrigen Berechnungsfaktoren unter Zugrundelegung der allgemeinen Bemessungsgrundlage für das Jahr 1959 und der Beitragsbemessungsgrenze für dieses Jahr berechnet werden würde. Auf die übrigen Renten aus der Rentenversicherung der Arbeiter und der Rentenversicherung der Angestellten findet <I>Artikel 2 § 34 des Arbeiterrentenversicherungs-Neuregelungsgesetzes oder Artikel 2 § 33 des Angestelltenversicherungs-Neuregelungsgesetzes Anwendung.</I> Die in diesen Vorschriften angegebenen Werte werden durch folgende Werte ersetzt: <BR/><table frame="top" tocentry="%yes;">
	<tgroup align="left" char="" charoff="50" cols="3" colsep="0" rowsep="0">
		<colspec colname="col1" colnum="1" colwidth="30*"/>
		<colspec colname="col2" colnum="2" colwidth="30*"/>
		<colspec colname="col3" colnum="3" colwidth="30*"/>
		<thead valign="bottom">
			<row>
				<entry VJ="1" align="center" colsep="0" valign="top">&quot;Bei einer Versicherungsdauer von ... </entry>
				<entry VJ="1" align="center" colsep="0" valign="top">Versichertenrente</entry>
				<entry VJ="1" align="center" colsep="0" valign="top">Witwen- und Witwerrente</entry>
			</row>
			<row rowsep="1">
				<entry VJ="1" align="center" colsep="0" valign="top">Jahren</entry>
				<entry VJ="1" align="center" colsep="0" rowsep="1" valign="top">DM Monat</entry>
				<entry VJ="1" align="center" colsep="0" rowsep="1" valign="top">DM Monat</entry>
			</row>
		</thead>
		<tbody valign="top">
			<row>
				<entry VJ="1" align="center" colsep="0" valign="top">50</entry>
				<entry VJ="1" align="center" colsep="0" valign="top">600,00</entry>
				<entry VJ="1" align="center" colsep="0" valign="top">360,00</entry>
			</row>
			<row>
				<entry VJ="1" align="center" colsep="0" valign="top">49</entry>
				<entry VJ="1" align="center" colsep="0" valign="top">588,00</entry>
				<entry VJ="1" align="center" colsep="0" valign="top">352,80</entry>
			</row>
			<row>
				<entry VJ="1" align="center" colsep="0" valign="top">48</entry>
				<entry VJ="1" align="center" colsep="0" valign="top">576,00</entry>
				<entry VJ="1" align="center" colsep="0" valign="top">345,60</entry>
			</row>
			<row>
				<entry VJ="1" align="center" colsep="0" valign="top">47</entry>
				<entry VJ="1" align="center" colsep="0" valign="top">564,00</entry>
				<entry VJ="1" align="center" colsep="0" valign="top">338,40</entry>
			</row>
			<row>
				<entry VJ="1" align="center" colsep="0" valign="top">46</entry>
				<entry VJ="1" align="center" colsep="0" valign="top">552,00</entry>
				<entry VJ="1" align="center" colsep="0" valign="top">331,20</entry>
			</row>
			<row>
				<entry VJ="1" align="center" colsep="0" valign="top">45</entry>
				<entry VJ="1" align="center" colsep="0" valign="top">540,00</entry>
				<entry VJ="1" align="center" colsep="0" valign="top">324,00</entry>
			</row>
			<row>
				<entry VJ="1" align="center" colsep="0" valign="top">44</entry>
				<entry VJ="1" align="center" colsep="0" valign="top">528,00</entry>
				<entry VJ="1" align="center" colsep="0" valign="top">316,80</entry>
			</row>
			<row>
				<entry VJ="1" align="center" colsep="0" valign="top">43</entry>
				<entry VJ="1" align="center" colsep="0" valign="top">516,00</entry>
				<entry VJ="1" align="center" colsep="0" valign="top">309,60</entry>
			</row>
			<row>
				<entry VJ="1" align="center" colsep="0" valign="top">42</entry>
				<entry VJ="1" align="center" colsep="0" valign="top">504,00</entry>
				<entry VJ="1" align="center" colsep="0" valign="top">302,40</entry>
			</row>
			<row>
				<entry VJ="1" align="center" colsep="0" valign="top">41</entry>
				<entry VJ="1" align="center" colsep="0" valign="top">492,00</entry>
				<entry VJ="1" align="center" colsep="0" valign="top">295,20</entry>
			</row>
			<row>
				<entry VJ="1" align="center" colsep="0" valign="top">40 und weniger</entry>
				<entry VJ="1" align="center" colsep="0" valign="top">480,00</entry>
				<entry VJ="1" align="center" colsep="0" valign="top">288,00&quot;</entry>
			</row>
		</tbody>
	</tgroup>
</table> <BR/><I>§ 1282 Abs. 2 der Reichsversicherungsordnung und § 59 Abs. 2 des Angestelltenversicherungsgesetzes gelten.</I></P><P>(2) Absatz 1 Satz 1 gilt nicht für Renten aus der knappschaftlichen Rentenversicherung, die nach <I>Artikel 2 § 11 oder Artikel 2 § 25 des Knappschaftsrentenversicherungs-Neuregelungsgesetzes</I> berechnet worden sind.</P></Content> </text><fussnoten><Content><P>§ 4 Kursivdruck: §§ 1282 Abs. 2 RVO, § 59 Abs. 2 AVG aufgeh. durch Art. 2 Nr. 27 u. Art. 3 Nr. 3 G v. 1.12.1981 I 1205 mWv 5.12.1981</P></Content></fussnoten></textdaten></norm>
<norm builddate="20120625151610" doknr="BJNR007650959BJNE000500314"><metadaten><jurabk>RAG 2</jurabk><enbez>§ 5</enbez></metadaten><textdaten><text format="XML"><Content><P>Ergibt die Anpassung keinen höheren als den bisherigen Zahlbetrag, so ist dieser weiterzuzahlen.</P></Content></text></textdaten></norm>
<norm builddate="20120625151610" doknr="BJNR007650959BJNE000600314"><metadaten><jurabk>RAG 2</jurabk><enbez>§ 6</enbez></metadaten><textdaten><text format="XML"><Content><P>Soweit bei den Versorgungsrenten nach dem Bundesversorgungsgesetz, den Unterhaltshilfen nach dem Lastenausgleichsgesetz, den Leistungen nach dem Bundesentschädigungsgesetz und den Bundesbeihilfen zum Ausgleich von Härten im Rahmen der betrieblichen Altersfürsorge nach den Richtlinien vom 17. Oktober 1951 (Bundesanzeiger Nr. 204 vom 20. Oktober 1951) die Gewährung oder die Höhe der Leistung davon abhängig ist, daß bestimmte Einkommensgrenzen nicht überschritten werden, bleiben die Erhöhungsbeträge, die für die Monate Januar bis einschließlich Mai 1960 auf Grund der Vorschriften dieses Gesetzes zu leisten sind, für den genannten Zeitraum bei der Ermittlung des Einkommens unberücksichtigt. Das gleiche gilt bei der Prüfung der fürsorgerechtlichen Hilfsbedürftigkeit. Die Erhöhungsbeträge für den in Satz 1 genannten Zeitraum sind ferner bei der Gewährung von Leistungen aus der Arbeitslosenversicherung und der Arbeitslosenhilfe nicht zu berücksichtigen.</P></Content></text></textdaten></norm>
<norm builddate="20120625151610" doknr="BJNR007650959BJNE000700314"><metadaten><jurabk>RAG 2</jurabk><enbez>§ 7</enbez></metadaten><textdaten><text format="XML"><Content><P>(1) Dem Berechtigten ist über die Anpassung eine schriftliche Mitteilung zu geben. Ergibt eine spätere Überprüfung, daß die Anpassung fehlerhaft ist, so ist sie zu berichtigen. Die Rente ist in ihrer bisherigen Höhe bis zum Ablauf des Monats zu gewähren, in dem der Berichtigungsbescheid zugestellt wird. Eine Rückforderung überzahlter Beträge findet nicht statt. Die Berichtigung ist nur bis zum 31. Dezember 1960 zulässig.</P><P>(2) <I>§ 1300 der Reichsversicherungsordnung, § 79 des Angestelltenversicherungsgesetzes und § 93 Abs. 1 des Reichsknappschaftsgesetzes bleiben unberührt.</I></P></Content> </text><fussnoten><Content><P>§ 7 Abs. 2 Kursivdruck: § 1300 RVO aufgeh. durch Art. II § 4 Nr. 1, § 79 AVG aufgeh. durch Art. II § 6 Nr. 1 u. § 93 Abs. 1 RKG aufgeh. durch Art. II § 8 Nr. 1 G v. 18.8.1980 I 1469 mWv 1.1.1981</P></Content></fussnoten></textdaten></norm>
<norm builddate="20120625151610" doknr="BJNR007650959BJNE000800314"><metadaten><jurabk>RAG 2</jurabk><enbez>§ 8</enbez></metadaten><textdaten><text format="XML"><Content><P>(1) Die Vorschriften dieses Gesetzes gelten im Saarland unter Berücksichtigung der Fassung, in der die in den §§ 1 bis 4 aufgeführten Vorschriften im Saarland anzuwenden sind, und zwar auch für Renten, die nach Artikel 2 § 15 des Gesetzes Nr. 591 zur Einführung des Arbeiterrentenversicherungs-Neuregelungsgesetzes im Saarland vom 13. Juli 1957 (Amtsblatt des Saarlands S. 779), Artikel 2 § 17 des Gesetzes Nr. 590 zur Einführung des Angestelltenversicherungs-Neuregelungsgesetzes im Saarland vom 13. Juli 1957 (Amtsblatt des Saarlands S. 789) und Artikel 4 § 9 des Gesetzes Nr. 635 zur Einführung des Reichsknappschaftsgesetzes und des Knappschaftsrentenversicherungs-Neuregelungsgesetzes im Saarland vom 18. Juni 1958 (Amtsblatt des Saarlands S. 1099) gewährt werden.</P><P>(2) § 6 gilt im Saarland mit der Maßgabe, daß an Stelle des Bundesversorgungsgesetzes und des Lastenausgleichsgesetzes die entsprechenden saarländische Gesetze treten und das Bundesentschädigungsgesetz unter Berücksichtigung seiner im Saarland geltenden Fassung anzuwenden ist.</P><P>(3) Artikel 2 § 15 des Gesetzes Nr. 591 zur Einführung des Arbeiterrentenversicherungs-Neuregelungsgesetzes im Saarland, Artikel 2 § 17 des Gesetzes Nr. 590 zur Einführung des Angestelltenversicherungs-Neuregelungsgesetzes im Saarland und Artikel 4 § 9 des Gesetzes Nr. 635 zur Einführung des Reichsknappschaftsgesetzes und des Knappschaftsrentenversicherungs-Neuregelungsgesetzes im Saarland werden aufgehoben. Für Rentenansprüche aus Versicherungsfällen, die nach den in Satz 1 bezeichneten Vorschriften vor dem Inkrafttreten dieses Gesetzes eingetreten sind, sind diese Vorschriften weiterhin anzuwenden.</P></Content>  </text><fussnoten><Content><P><ABWFORMAT typ="A"/>§ 8 Abs. 3 Satz 1: Nach Maßgabe d. Entscheidungsformel mit dem GG vereinbar gem. BVerfGE v. 19.7.1967 I 948 - 2 BvL 1/65 -</P></Content></fussnoten></textdaten></norm>
<norm builddate="20120625151610" doknr="BJNR007650959BJNE000900314"><metadaten><jurabk>RAG 2</jurabk><enbez>§ 9</enbez></metadaten><textdaten><text format="XML"><Content><P>Dieses Gesetz gilt nach Maßgabe des § 13 Abs. 1 des Dritten Überleitungsgesetzes vom 4. Januar 1952 (Bundesgesetzbl. I S. 1) auch im Land Berlin.</P></Content></text></textdaten></norm>
<norm builddate="20120625151610" doknr="BJNR007650959BJNE001000314"><metadaten><jurabk>RAG 2</jurabk><enbez>§ 10</enbez></metadaten><textdaten><text format="XML"><Content><P>Dieses Gesetz tritt am Tag nach der Verkündung in Kraft.</P></Content></text></textdaten></norm>
</dokumente>