<?xml version="1.0" encoding="UTF-8" ?><!DOCTYPE dokumente SYSTEM "http://www.gesetze-im-internet.de/dtd/1.01/gii-norm.dtd">
<dokumente builddate="20130405132239" doknr="BJNR225810967"><norm builddate="20130405132239" doknr="BJNR225810967"><metadaten><jurabk>SozSichAbkGBRDVbgV</jurabk><ausfertigung-datum manuell="ja">1967-12-15</ausfertigung-datum><fundstelle typ="amtlich"><periodikum>BGBl II</periodikum><zitstelle>1967, 2581</zitstelle></fundstelle><langue>Verordnung zur Durchführung der Vereinbarung vom 10. Dezember 1964 zur
Durchführung des Abkommens vom 20. April 1960 zwischen der Bundesrepublik
Deutschland und dem Vereinigten Königreich Großbritannien und Nordirland über
Soziale Sicherheit</langue></metadaten><textdaten><text format="XML"><Content><P/></Content></text><fussnoten><Content><P>(+++ Textnachweis ab:  1. 3.1967 +++)</P></Content></fussnoten></textdaten></norm>
<norm builddate="20130405132239" doknr="BJNR225810967BJNE000100314"><metadaten><jurabk>SozSichAbkGBRDVbgV</jurabk><enbez>Eingangsformel</enbez></metadaten><textdaten><text format="XML"><Content><P>Auf Grund des Artikels 5 Buchstabe a) des Gesetzes vom 15. September 1965 (Bundesgesetzbl. II S. 1273) zu der Vereinbarung vom 10. Dezember 1964 zur Durchführung des Abkommens vom 20. April 1960 zwischen der Bundesrepublik Deutschland und dem Vereinigten Königreich Großbritannien und Nordirland über Soziale Sicherheit wird mit Zustimmung des Bundesrates verordnet:</P></Content></text></textdaten></norm>
<norm builddate="20130405132239" doknr="BJNR225810967BJNE000200314"><metadaten><jurabk>SozSichAbkGBRDVbgV</jurabk><enbez>§ 1</enbez></metadaten><textdaten><text format="XML"><Content><P>Als Verbindungsstelle für die Familienbeihilfen nach Artikel 2 Abs. (1) Nr. 1 Buchstabe g) der Vereinbarung wird die <DL Font="normal" Type="arabic"><DT>-</DT><DD Font="normal"><LA Size="normal">Hauptstelle der Bundesanstalt für Arbeits<I>vermittlung und Arbeitslosenversicherung</I> (Kindergeldkasse), Nürnberg,</LA><LA Size="normal">und als zuständiger Träger für die Familienbeihilfen nach Artikel 4 Abs. (1) Nr. 7 der Vereinbarung wird die<DL Font="normal" Type="arabic"><DT>-</DT><DD Font="normal"><LA Size="normal">Bundesanstalt für Arbeits<I>vermittlung und Arbeitslosenversicherung,</I> Nürnberg,</LA></DD> </DL></LA><LA Size="normal">bestimmt.</LA></DD>   </DL></P></Content></text><fussnoten><Content><P>§ 1 Kursivdruck: Vgl. § 243 AFG</P></Content></fussnoten></textdaten></norm>
<norm builddate="20130405132239" doknr="BJNR225810967BJNE000300314"><metadaten><jurabk>SozSichAbkGBRDVbgV</jurabk><enbez>§ 2</enbez></metadaten><textdaten><text format="XML"><Content><P>Diese Verordnung gilt nach § 14 des Dritten Überleitungsgesetzes vom 4. Januar 1952 (Bundesgesetzblatt I S. 1) in Verbindung mit Artikel 6 Satz 2 des Gesetzes vom 15. September 1965 auch im Lande Berlin.</P></Content></text></textdaten></norm>
<norm builddate="20130405132239" doknr="BJNR225810967BJNE000400314"><metadaten><jurabk>SozSichAbkGBRDVbgV</jurabk><enbez>§ 3</enbez></metadaten><textdaten><text format="XML"><Content><P>(1) Diese Verordnung tritt rückwirkend zum 1. März 1967 in Kraft.</P><P>(2) Diese Verordnung tritt an dem Tag außer Kraft, an dem die Vereinbarung zur Durchführung des Abkommens außer Kraft tritt.</P><P>(3)</P></Content>  </text><fussnoten/></textdaten></norm>
<norm builddate="20130405132239" doknr="BJNR225810967BJNE000500314"><metadaten><jurabk>SozSichAbkGBRDVbgV</jurabk><enbez>Schlußformel</enbez></metadaten><textdaten><text format="XML"><Content><P><SP>Der Bundesminister für Arbeit und Sozialordnung</SP></P></Content></text></textdaten></norm>
</dokumente>