<?xml version="1.0" encoding="UTF-8" ?><!DOCTYPE dokumente SYSTEM "http://www.gesetze-im-internet.de/dtd/1.01/gii-norm.dtd">
<dokumente builddate="20231114213502" doknr="BJNR301600020"><norm builddate="20231114213502" doknr="BJNR301600020"><metadaten><jurabk>EBeV 2022</jurabk><amtabk>EBeV 2022</amtabk><ausfertigung-datum manuell="ja">2020-12-17</ausfertigung-datum><fundstelle typ="amtlich"><periodikum>BGBl I</periodikum><zitstelle>2020, 3016</zitstelle></fundstelle><kurzue>Emissionsberichterstattungsverordnung 2022</kurzue><langue>Verordnung über die Emissionsberichterstattung nach dem Brennstoffemissionshandelsgesetz für die Jahre 2021 und 2022</langue><standangabe checked="ja"><standtyp>Hinweis</standtyp><standkommentar>Geändert durch Art. 2 V v. 20.2.2023 I Nr. 47</standkommentar></standangabe></metadaten><textdaten><fussnoten><Content><P><BR/> <pre xml:space="preserve">(+++ Textnachweis ab: 24.12.2020 +++)<BR/><BR/></pre></P></Content></fussnoten></textdaten></norm>
<norm builddate="20231114213502" doknr="BJNR301600020BJNE000100000"><metadaten><jurabk>EBeV 2022</jurabk><enbez>Eingangsformel</enbez></metadaten><textdaten><text format="XML"><Content><P>Auf Grund des § 6 Absatz 5 und des § 7 Absatz 4 und Absatz 5 Satz 2 des Brennstoffemissionshandelsgesetzes vom 12. Dezember 2019 (BGBl. I S. 2728), von denen § 7 Absatz 4 Nummer 2 durch Artikel 1 Nummer 3 des Gesetzes vom 3. November 2020 (BGBl. I S. 2291) geändert worden ist, verordnet die Bundesregierung:</P></Content></text></textdaten></norm>
<norm builddate="20231114213502" doknr="BJNR301600020BJNE000200000"><metadaten><jurabk>EBeV 2022</jurabk><enbez>Inhaltsübersicht</enbez></metadaten><textdaten><text format="XML"><Content><TOC><Ident Class="S0">Abschnitt 1</Ident><P/><Title Align="auto" Class="S0">Allgemeine Vorschriften</Title><P/><table colsep="0" frame="none" pgwide="1" rowsep="0" tocentry="%yes;"><tgroup align="left" char="" charoff="50" cols="2"><colspec colname="col1" colwidth="10*"/><colspec colname="col2" colwidth="70*"/><tbody valign="top"><row><entry VJ="1" colname="col1">§  1</entry><entry VJ="1" colname="col2">Anwendungsbereich und Zweck</entry></row><row><entry VJ="1" colname="col1">§  2</entry><entry VJ="1" colname="col2">Begriffsbestimmungen</entry></row></tbody></tgroup></table><P/><Ident Class="S0">Abschnitt 2</Ident><P/><Title Align="auto" Class="S0">Überwachungsplan<BR/> (zu § 6 des Gesetzes)</Title><P/><table colsep="0" frame="none" pgwide="1" rowsep="0" tocentry="%yes;"><tgroup align="left" char="" charoff="50" cols="2"><colspec colname="col1" colwidth="10*"/><colspec colname="col2" colwidth="70*"/><tbody valign="top"><row><entry VJ="1" colname="col1">§  3</entry><entry VJ="1" colname="col2">Entbehrlichkeit des Überwachungsplans</entry></row></tbody></tgroup></table><P/><Ident Class="S0">Abschnitt 3</Ident><P/><Title Align="auto" Class="S0">Überwachung, Ermittlung und <BR/>Berichterstattung der Brennstoffemissionen<BR/> (zu den §§ 6 und 7 des Gesetzes)</Title><P/><table colsep="0" frame="none" pgwide="1" rowsep="0" tocentry="%yes;"><tgroup align="left" char="" charoff="50" cols="2"><colspec colname="col1" colwidth="10*"/><colspec colname="col2" colwidth="70*"/><tbody valign="top"><row><entry VJ="1" colname="col1">§  4</entry><entry VJ="1" colname="col2">Allgemeine Grundsätze</entry></row><row><entry VJ="1" colname="col1">§  5</entry><entry VJ="1" colname="col2">Ermittlung von Brennstoffemissionen</entry></row><row><entry VJ="1" colname="col1">§  6</entry><entry VJ="1" colname="col2">Berücksichtigung des Bioenergieanteils bei der Ermittlung der Brennstoffemissionen</entry></row><row><entry VJ="1" colname="col1">§  7</entry><entry VJ="1" colname="col2">Berichterstattung</entry></row><row><entry VJ="1" colname="col1">§  8</entry><entry VJ="1" colname="col2">Berichterstattungsgrenze</entry></row><row><entry VJ="1" colname="col1">§  9</entry><entry VJ="1" colname="col2">Aufbewahrung von Unterlagen und Daten</entry></row><row><entry VJ="1" colname="col1">§ 10</entry><entry VJ="1" colname="col2">Vermeidung von Doppelerfassungen nach § 7 Absatz 4 Nummer 5 des Brennstoffemissionshandelsgesetzes</entry></row><row><entry VJ="1" colname="col1">§ 11</entry><entry VJ="1" colname="col2">Vermeidung von Doppelbelastungen nach § 7 Absatz 5 des Brennstoffemissionshandelsgesetzes</entry></row></tbody></tgroup></table><P/><Ident Class="S0">Abschnitt 4</Ident><P/><Title Align="auto" Class="S0">Schlussbestimmungen</Title><P/><table colsep="0" frame="none" pgwide="1" rowsep="0" tocentry="%yes;"><tgroup align="left" char="" charoff="50" cols="2"><colspec colname="col1" colwidth="10*"/><colspec colname="col2" colwidth="70*"/><tbody valign="top"><row><entry VJ="1" colname="col1">§ 12</entry><entry VJ="1" colname="col2">Inkrafttreten</entry></row></tbody></tgroup></table><P/><P/><table colsep="0" frame="none" pgwide="1" rowsep="0" tocentry="%yes;"><tgroup align="left" char="" charoff="50" cols="2"><colspec colname="col1" colwidth="10.13*"/><colspec colname="col2" colwidth="69.87*"/><tbody valign="top"><row><entry VJ="1" colname="col1">Anlage 1<BR/> (zu den §§ 5, 6, <BR/>10 und 11)</entry><entry VJ="1" colname="col2">Ermittlung der Brennstoffemissionen</entry></row><row><entry VJ="1" colname="col1">Anlage 2<BR/> (zu den §§ 6, 7, <BR/>10 und 11)</entry><entry VJ="1" colname="col2">Mindestinhalt eines jährlichen Emissionsberichts</entry></row><row><entry VJ="1" colname="col1">Anlage 3<BR/> (zu § 11)</entry><entry VJ="1" colname="col2">Erforderliche Erklärungen, Angaben und Nachweise des belieferten Unternehmens im Zusammenhang mit dem Abzug von Brennstoffemissionen bei der Lieferung von Brennstoffen zum Einsatz in einer dem EU-Emissionshandel unterliegenden Anlage</entry></row></tbody></tgroup></table></TOC></Content></text></textdaten></norm>
<norm builddate="20231114213502" doknr="BJNR301600020BJNG000100000"><metadaten><jurabk>EBeV 2022</jurabk><gliederungseinheit><gliederungskennzahl>010</gliederungskennzahl><gliederungsbez>Abschnitt 1</gliederungsbez><gliederungstitel>Allgemeine Vorschriften</gliederungstitel></gliederungseinheit></metadaten><textdaten/></norm>
<norm builddate="20231114213502" doknr="BJNR301600020BJNE000300000"><metadaten><jurabk>EBeV 2022</jurabk><enbez>§ 1</enbez><titel format="XML">Anwendungsbereich und Zweck</titel></metadaten><textdaten><text format="XML"><Content><P>Diese Verordnung gilt innerhalb des Anwendungsbereichs des Brennstoffemissionshandelsgesetzes. Sie ist beschränkt auf die Konkretisierung der Anforderungen der §§ 6 und 7 des Brennstoffemissionshandelsgesetzes für die Periode 2021 und 2022.</P></Content></text></textdaten></norm>
<norm builddate="20231114213502" doknr="BJNR301600020BJNE000401130"><metadaten><jurabk>EBeV 2022</jurabk><enbez>§ 2</enbez><titel format="XML">Begriffsbestimmungen</titel></metadaten><textdaten><text format="XML"><Content><P>Für diese Verordnung gelten neben den Begriffsbestimmungen des Brennstoffemissionshandelsgesetzes und der Brennstoffemissionshandelsverordnung die folgenden Begriffsbestimmungen: <DL Type="arabic"><DT>1.</DT><DD Font="normal"><LA>Biomassestrom-Nachhaltigkeitsverordnung:</LA><LA>Biomassestrom-Nachhaltigkeitsverordnung vom 23. Juli 2009 (BGBl. I S. 2174), die zuletzt durch Artikel 262 der Verordnung vom 19. Juni 2020 (BGBl. I S. 1328) geändert worden ist, in der jeweils geltenden Fassung;</LA></DD><DT>1a.</DT><DD Font="normal"><LA>Biomassestrom-Nachhaltigkeitsverordnung:</LA><LA>die Biomassestrom-Nachhaltigkeitsverordnung vom 2. Dezember 2021 (BGBl. I S. 5126), die durch Artikel 1 der Verordnung vom 14. Juni 2022 (BGBl. I S. 927) geändert worden ist, in der jeweils geltenden Fassung;</LA></DD><DT>2.</DT><DD Font="normal"><LA>Biokraftstoff-Nachhaltigkeitsverordnung:</LA><LA>Biokraftstoff-Nachhaltigkeitsverordnung vom 30. September 2009 (BGBl. I S. 3182), die zuletzt durch Artikel 263 der Verordnung vom 19. Juni 2020 (BGBl. I S. 1328) geändert worden ist, in der jeweils geltenden Fassung;</LA></DD><DT>2a.</DT><DD Font="normal"><LA>Biokraftstoff-Nachhaltigkeitsverordnung:</LA><LA>die Biokraftstoff-Nachhaltigkeitsverordnung vom 2. Dezember 2021 (BGBl. I S. 5126, 5143) in der jeweils geltenden Fassung;</LA></DD><DT>3.</DT><DD Font="normal"><LA>Berechnungsfaktoren:</LA><LA>die in Anlage 1 Teil 4 aufgeführten Parameter Heizwert, Emissionsfaktor und Umrechnungsfaktor;</LA></DD><DT>4.</DT><DD Font="normal"><LA>Heizwert (Hi):</LA><LA>die bei vollständiger Verbrennung eines Brennstoffs mit Sauerstoff unter Standardbedingungen als Wärme freigesetzte spezifische Energiemenge abzüglich der Verdampfungswärme des im Abgas enthaltenen Wasserdampfs;</LA></DD><DT>5.</DT><DD Font="normal"><LA>Emissionsfaktor (EF):</LA><LA>Parameter zur Angabe, wieviel Kohlendioxid je Energiemenge eines Brennstoffs bei der vollständigen Umsetzung mit Sauerstoff emittiert werden kann auf der Grundlage des Nationalen Inventarberichts 2020 und den darin enthaltenen Daten für 2018;</LA></DD><DT>6.</DT><DD Font="normal"><LA>Umrechnungsfaktoren:</LA><LA>die in Anlage 1 Teil 4 aufgeführten Parameter zur Umrechnung von physikalischen Einheiten (u. a. Dichte, Energie);</LA></DD><DT>7.</DT><DD Font="normal"><LA>Standardwerte:</LA><LA>die in Anlage 1 Teil 4 vorgegebenen Werte zur Emissionsermittlung;</LA></DD><DT>8.</DT><DD Font="normal"><LA>Brennstoffe:</LA><LA>die in Anlage 2 des Brennstoffemissionshandelsgesetzes genannten Brennstoffe;</LA></DD><DT>9.</DT><DD Font="normal"><LA>Bioenergieanteil:</LA><LA>das Verhältnis der aus Biomasse stammenden Energiemenge zur Gesamtenergiemenge eines Brennstoffs, der nach § 2 Absatz 2 des Brennstoffemissionshandelsgesetzes in einem Kalenderjahr in Verkehr gebracht wurde, ausgedrückt als Bruchteil;</LA></DD><DT>10.</DT><DD Font="normal"><LA>Biomasseanteil:</LA><LA>das Verhältnis des aus Biomasse stammenden Kohlenstoffs zum Gesamtkohlenstoffgehalt eines Brennstoffs oder Materials, ausgedrückt als Bruchteil, wie er in einer dem EU-Emissionshandel unterliegenden Anlage nach den Vorgaben der Durchführungsverordnung (EU) 2018/2066 der Kommission vom 19. Dezember 2018 über die Überwachung von und die Berichterstattung über Treibhausgasemissionen gemäß der Richtlinie 2003/87/EG des Europäischen Parlaments und des Rates und zur Änderung der Verordnung (EU) Nr. 601/2012 der Kommission (ABl. L 334 vom 31.12.2018, S. 1; L 118 vom 6.5.2019, S. 10) in der jeweils geltenden Fassung zu bestimmen ist.</LA></DD></DL></P></Content></text><fussnoten/></textdaten></norm>
<norm builddate="20231114213502" doknr="BJNR301600020BJNG000200000"><metadaten><jurabk>EBeV 2022</jurabk><gliederungseinheit><gliederungskennzahl>020</gliederungskennzahl><gliederungsbez>Abschnitt 2</gliederungsbez><gliederungstitel>Überwachungsplan (zu § 6 des Gesetzes)</gliederungstitel></gliederungseinheit></metadaten><textdaten/></norm>
<norm builddate="20231114213502" doknr="BJNR301600020BJNE000500000"><metadaten><jurabk>EBeV 2022</jurabk><enbez>§ 3</enbez><titel format="XML">Entbehrlichkeit des Überwachungsplans</titel></metadaten><textdaten><text format="XML"><Content><P>Für die Periode 2021 und 2022 entfallen die Pflichten nach § 6 Absatz 1 des Brennstoffemissionshandelsgesetzes zur Übermittlung und Genehmigung eines Überwachungsplans oder eines vereinfachten Überwachungsplans.</P></Content></text></textdaten></norm>
<norm builddate="20231114213502" doknr="BJNR301600020BJNG000300000"><metadaten><jurabk>EBeV 2022</jurabk><gliederungseinheit><gliederungskennzahl>030</gliederungskennzahl><gliederungsbez>Abschnitt 3</gliederungsbez><gliederungstitel>Überwachung, Ermittlung und Berichterstattung der Brennstoffemissionen (zu den §§ 6 und 7 des Gesetzes)</gliederungstitel></gliederungseinheit></metadaten><textdaten/></norm>
<norm builddate="20231114213502" doknr="BJNR301600020BJNE000600000"><metadaten><jurabk>EBeV 2022</jurabk><enbez>§ 4</enbez><titel format="XML">Allgemeine Grundsätze</titel></metadaten><textdaten><text format="XML"><Content><P>(1) Für die Überwachung, Ermittlung und Berichterstattung der Brennstoffemissionen gelten die in den Absätzen 2 bis 4 näher bestimmten Grundsätze der Vollständigkeit, der Konsistenz und der Integrität der zu berichtenden Daten.</P><P>(2) Der Verantwortliche ist verpflichtet, die Brennstoffemissionen vollständig zu überwachen, zu ermitteln und zu berichten. Dazu sind sämtliche Mengen an Kohlendioxid zu überwachen, zu ermitteln und zu berichten, die bei einer Verbrennung von Brennstoffen freigesetzt werden können und dem Verantwortlichen infolge des Inverkehrbringens nach § 2 Absatz 2 des Brennstoffemissionshandelsgesetzes zugerechnet werden. Das Auftreten von Datenlücken ist soweit wie möglich zu vermeiden. Dennoch verbliebene Datenlücken sind durch konservative Schätzungen zu schließen.</P><P>(3) Überwachung, Ermittlung und Berichterstattung der Brennstoffemissionen müssen konsistent und in der Zeitreihe vergleichbar vorgenommen werden. Der Verantwortliche ist verpflichtet, die erforderlichen Daten, einschließlich der Bezugswerte und Brennstoffmengen auf transparente Weise so zu erfassen, zusammenzustellen und zu dokumentieren, dass die Emissionsbestimmung von einem Dritten innerhalb einer angemessenen Frist nachvollzogen werden kann.</P><P>(4) Der Verantwortliche trägt dafür Sorge, dass hinreichende Gewähr für die Integrität der mitzuteilenden Emissionsdaten besteht. Er ist verpflichtet, die Emissionen anhand der in dieser Verordnung angeführten Überwachungs- und Ermittlungsmethoden zu bestimmen. Der Emissionsbericht und die darin gemachten Aussagen dürfen weder systematisch noch wissentlich falsche Angaben enthalten. Der Emissionsbericht muss eine glaubwürdige und ausgewogene Darstellung der Daten des Verantwortlichen enthalten.</P></Content></text></textdaten></norm>
<norm builddate="20231114213502" doknr="BJNR301600020BJNE000700000"><metadaten><jurabk>EBeV 2022</jurabk><enbez>§ 5</enbez><titel format="XML">Ermittlung von Brennstoffemissionen</titel></metadaten><textdaten><text format="XML"><Content><P>(1) Der Verantwortliche hat die Brennstoffemissionen der in jedem Kalenderjahr in Verkehr gebrachten Brennstoffe nach den Vorschriften dieser Verordnung rechnerisch zu ermitteln.</P><P>(2) Soweit in dieser Verordnung nicht anders bestimmt, ist bei der rechnerischen Ermittlung der Brennstoffemissionen eines jeden Kalenderjahres diejenige Brennstoffmenge zu Grunde zu legen, die der Verantwortliche nach den für dieses Kalenderjahr geltenden Vorgaben des Energiesteuerrechts in den Steueranmeldungen zur Berechnung der Energiesteuer anzugeben hat.</P><P>(3) Der Verantwortliche ist verpflichtet, die Brennstoffemissionen für die in einem Kalenderjahr in Verkehr gebrachten Brennstoffe durch Multiplikation der Brennstoffmenge mit Berechnungsfaktoren nach Maßgabe der in der Anlage 1 zu dieser Verordnung festgelegten Methoden und Standardwerte zu ermitteln.</P><P>(4) Ist der Verantwortliche Einlagerer im Sinne von § 3 Nummer 3 zweiter Halbsatz des Brennstoffemissionshandelsgesetzes, sind bei der rechnerischen Ermittlung der Brennstoffemissionen eines Jahres nach Absatz 2 sowohl die Brennstoffmengen zu Grunde zu legen, die er selbst in Verkehr gebracht hat als auch die Brennstoffmengen, die für ihn durch den Steuerlagerinhaber in Verkehr gebracht wurden. Der Steuerlagerinhaber kann bei der Ermittlung der Brennstoffemissionen nach Absatz 2 diejenigen Brennstoffmengen abziehen, die für den Einlagerer in Verkehr gebracht wurden. Voraussetzung für den Abzug nach Satz 2 ist, dass der Steuerlagerinhaber der zuständigen Behörde den Einlagerer sowie die für diesen in Verkehr gebrachten Brennstoffe nach Art und zugehöriger Menge bis zum Ablauf des 31. Juli des auf das Inverkehrbringen folgenden Jahres mitteilt.</P></Content></text></textdaten></norm>
<norm builddate="20231114213502" doknr="BJNR301600020BJNE000801130"><metadaten><jurabk>EBeV 2022</jurabk><enbez>§ 6</enbez><titel format="XML">Berücksichtigung des Bioenergieanteils bei der Ermittlung der Brennstoffemissionen</titel></metadaten><textdaten><text format="XML"><Content><P>(1) Bei der Ermittlung der Brennstoffemissionen kann der Verantwortliche für den Bioenergieanteil eines Brennstoffs einen Emissionsfaktor von Null anwenden, soweit dieser Bioenergieanteil nachweislich die Nachhaltigkeitsanforderungen der Biomassestrom-Nachhaltigkeitsverordnung oder der Biokraftstoff-Nachhaltigkeitsverordnung erfüllt. Für die rechnerische Berücksichtigung des Bioenergieanteils bei der Ermittlung der Brennstoffemissionen gilt die Anlage 1 Teil 2 zu dieser Verordnung.</P><P>(2) Der Verantwortliche ist verpflichtet, die Erfüllung der in Absatz 1 Satz 1 genannten Nachhaltigkeitsanforderungen durch Vorlage eines anerkannten Nachweises im Sinne von § 14 der Biomassestrom-Nachhaltigkeitsverordnung oder eines anerkannten Nachweises im Sinne von § 14 der Biokraftstoff-Nachhaltigkeitsverordnung zu belegen. Der Nachhaltigkeitsnachweis muss sich auf eine Brennstoffmenge beziehen, die nach § 2 Absatz 2 des Brennstoffemissionshandelsgesetzes in Verkehr gebracht wurde.</P><P>(2a) Im Berichtsjahr 2022 tritt <DL Type="arabic"><DT>1.</DT><DD Font="normal"><LA>der anerkannte Nachweis nach § 10 der Biomassestrom-Nachhaltigkeitsverordnung an die Stelle des anerkannten Nachweises nach § 14 der Biomassestrom-Nachhaltigkeitsverordnung in der am 21. Dezember 2020 geltenden Fassung und</LA></DD><DT>2.</DT><DD Font="normal"><LA>der anerkannte Nachweis nach § 8 der Biokraftstoff-Nachhaltigkeitsverordnung 2021 an die Stelle des anerkannten Nachweises nach § 14 der Biokraftstoff-Nachhaltigkeitsverordnung in der am 7. Dezember 2020 geltenden Fassung.</LA></DD></DL>Falls im Berichtsjahr 2022 anerkannte Nachweise nach § 14 der Biomassestrom-Nachhaltigkeitsverordnung in der am 21. Dezember 2020 geltenden Fassung oder nach § 14 der Biokraftstoff-Nachhaltigkeitsverordnung in der am 7. Dezember 2020 geltenden Fassung vorhanden sind, werden sie im Berichtsjahr 2022 als gleichberechtigt anerkannt.</P><P>(3) Abweichend von Absatz 1 kann der Verantwortliche, ohne dass es der Vorlage eines anerkannten Nachhaltigkeitsnachweises im Sinne von § 14 der Biomassestrom-Nachhaltigkeitsverordnung bedarf, bei der Ermittlung von Brennstoffemissionen für Erdgas der Unterpositionen 2711 11 und 2711 21 der Kombinierten Nomenklatur eine Menge an Brennstoffemissionen abziehen, die dem Bioenergieanteil an Biomethan entspricht, wenn der Verantwortliche der zuständigen Behörde folgende Unterlagen vorlegt: <DL Type="arabic"><DT>1.</DT><DD Font="normal"><LA>einen Biomethanliefervertrag für das jeweilige Kalenderjahr über die entsprechende Brennstoffmenge und</LA></DD><DT>2.</DT><DD Font="normal"><LA>einen Nachweis darüber, dass die Menge des entnommenen Gases im Energieäquivalent der Menge an Biomethan entspricht, die an anderer Stelle in das Erdgasnetz eingespeist worden ist, und für den gesamten Transport und Vertrieb des Biomethans bis zur Entnahme aus dem Erdgasnetz ein Massenbilanzsystem verwendet wurde.</LA></DD></DL>Zur Vereinfachung der Nachweisführung nach Satz 1 Nummer 2 erkennt die zuständige Behörde einen entsprechenden Auszug aus einem etablierten System zur massenbilanziellen Dokumentation von Biomethanmengen an. Für die rechnerische Berücksichtigung des Bioenergieanteils bei der Ermittlung der Brennstoffemissionen gilt die Anlage 1 Teil 2 zu dieser Verordnung.</P></Content></text><fussnoten/></textdaten></norm>
<norm builddate="20231114213502" doknr="BJNR301600020BJNE000900000"><metadaten><jurabk>EBeV 2022</jurabk><enbez>§ 7</enbez><titel format="XML">Berichterstattung</titel></metadaten><textdaten><text format="XML"><Content><P>(1) Der nach § 7 Absatz 1 des Brennstoffemissionshandelsgesetzes bis zum 31. Juli des Folgejahres zu übermittelnde Emissionsbericht umfasst die gemäß § 5 ermittelten Brennstoffemissionen für die in einem Kalenderjahr in Verkehr gebrachten Brennstoffe und enthält mindestens die in der Anlage 2 zu dieser Verordnung aufgeführten Angaben.</P><P>(2) Für die Emissionsberichte der Kalenderjahre 2021 und 2022 entfällt die Verpflichtung zur Verifizierung der Angaben nach § 7 Absatz 3 des Brennstoffemissionshandelsgesetzes.</P><P>(3) Wird die Lieferung oder der Verbrauch von Erdgas nach Ablesezeiträumen abgerechnet oder ermittelt, die mehrere Kalenderjahre betreffen, hat der Verantwortliche bei der Ermittlung der Brennstoffemissionen im Emissionsbericht die voraussichtlich für das zu berichtende Kalenderjahr in Verkehr gebrachte Erdgasmenge (vorläufige Erdgasmenge) zugrunde zu legen. Für die Bestimmung der vorläufigen Erdgasmenge sind die Vorgaben zur sachgerechten Aufteilung der Erdgasmenge nach § 39 Absatz 6 Satz 1 des Energiesteuergesetzes maßgeblich, wobei eine systematische Überschätzung der auf das zu berichtende Kalenderjahr entfallenden Erdgasmenge auszuschließen ist. Sofern Ablesezeiträume später enden als das jeweilige Kalenderjahr, hat der Verantwortliche die vorläufige Erdgasmenge nach Satz 1 für diese Ablesezeiträume im Emissionsbericht des Kalenderjahres zu berichtigen, in dem der Ablesezeitraum endet. Die Berichtigung nach Satz 3 gilt erstmals für den Emissionsbericht für das Kalenderjahr 2022.</P></Content></text></textdaten></norm>
<norm builddate="20231114213502" doknr="BJNR301600020BJNE001000000"><metadaten><jurabk>EBeV 2022</jurabk><enbez>§ 8</enbez><titel format="XML">Berichterstattungsgrenze</titel></metadaten><textdaten><text format="XML"><Content><P>Eine Pflicht des Verantwortlichen zur Berichterstattung nach § 7 Absatz 1 des Brennstoffemissionshandelsgesetzes besteht nicht, soweit im Laufe eines Kalenderjahres Brennstoffmengen in Verkehr gebracht werden, die vor Anwendung der §§ 6, 10 und 11 zu einer Emissionsmenge von weniger als 1 Tonne Kohlendioxid führen können.</P></Content></text></textdaten></norm>
<norm builddate="20231114213502" doknr="BJNR301600020BJNE001100000"><metadaten><jurabk>EBeV 2022</jurabk><enbez>§ 9</enbez><titel format="XML">Aufbewahrung von Unterlagen und Daten</titel></metadaten><textdaten><text format="XML"><Content><P>(1) Verantwortliche müssen alle Unterlagen und Daten, auf deren Basis ein Emissionsbericht nach § 7 Absatz 1 des Brennstoffemissionshandelsgesetzes erstellt wurde, für einen Zeitraum von zehn Jahren aufbewahren. Die Aufbewahrungsfrist beginnt mit der Vorlage des Emissionsberichts bei der zuständigen Behörde.</P><P>(2) Die zuständige Behörde bewahrt die Unterlagen und Daten des Verantwortlichen, die sie im Zusammenhang mit der Emissionsberichterstattung vom Verantwortlichen erhält, für einen Zeitraum von zehn Jahren auf. Die Aufbewahrungsfrist beginnt mit der Vorlage der Unterlagen und Daten bei der zuständigen Behörde.</P><P>(3) Sollte ein Rechtsbehelfsverfahren gegen eine Entscheidung der zuständigen Behörde im Zusammenhang mit der Emissionsberichterstattung anhängig sein, verlängern sich die Aufbewahrungsfristen bis zu dessen rechtskräftigen Abschluss.</P></Content></text></textdaten></norm>
<norm builddate="20231114213502" doknr="BJNR301600020BJNE001200000"><metadaten><jurabk>EBeV 2022</jurabk><enbez>§ 10</enbez><titel format="XML">Vermeidung von Doppelerfassungen nach § 7 Absatz 4 Nummer 5 des Brennstoffemissionshandelsgesetzes</titel></metadaten><textdaten><text format="XML"><Content><P>(1) Der Verantwortliche kann eine entsprechende Menge an Brennstoffemissionen von den nach § 7 Absatz 1 des Brennstoffemissionshandelsgesetzes in einem Kalenderjahr zu berichtenden Brennstoffemissionen für Mengen von Brennstoffen abziehen, die durch den Verantwortlichen nach dem 1. Januar 2021 <DL Type="arabic"><DT>1.</DT><DD Font="normal"><LA>entweder aus einem Steuerlager nach § 5 Absatz 2 des Energiesteuergesetzes entfernt wurden, ohne dass sich ein weiteres Steueraussetzungsverfahren anschloss, oder zum Ge- oder Verbrauch innerhalb des Steuerlagers entnommen wurden und nachweislich nach § 8 Absatz 7 des Energiesteuergesetzes in dem für den Emissionsbericht maßgeblichen Kalenderjahr entlastet wurden,</LA></DD><DT>2.</DT><DD Font="normal"><LA>gemäß § 14 Absatz 2 oder Absatz 2 in Verbindung mit Absatz 3 bis 5 des Energiesteuergesetzes in Verkehr gebracht wurden und nachweislich nach § 14 Absatz 8 des Energiesteuergesetzes in dem für den Emissionsbericht maßgeblichen Kalenderjahr entlastet wurden,</LA></DD><DT>3.</DT><DD Font="normal"><LA>gemäß § 18a Absatz 1 des Energiesteuergesetzes in Verkehr gebracht wurden und nachweislich nach § 18a Absatz 4 des Energiesteuergesetzes in dem für den Emissionsbericht maßgeblichen Kalenderjahr entlastet wurden,</LA></DD><DT>4.</DT><DD Font="normal"><LA>gemäß § 19b Absatz 1 des Energiesteuergesetzes in Verkehr gebracht wurden und nachweislich nach § 19b Absatz 3 des Energiesteuergesetzes in dem für den Emissionsbericht maßgeblichen Kalenderjahr entlastet wurden,</LA></DD><DT>5.</DT><DD Font="normal"><LA>gemäß § 38 Absatz 1 in Verbindung mit Absatz 5 Energiesteuergesetzes in Verkehr gebracht wurden und nachweislich nach § 38 Absatz 5 Satz 3 des Energiesteuergesetzes für dasselbe Kalenderjahr entlastet wurden,</LA></DD><DT>6.</DT><DD Font="normal"><LA>aus dem Steuergebiet des Energiesteuergesetzes verbracht wurden und nachweislich nach § 46 Absatz 1 Nummer 1 des Energiesteuergesetzes für dasselbe Kalenderjahr entlastet wurden,</LA></DD><DT>7.</DT><DD Font="normal"><LA>aus dem Steuergebiet des Energiesteuergesetzes verbracht oder ausgeführt wurden und nachweislich nach § 46 Absatz 1 Nummer 3 des Energiesteuergesetzes für dasselbe Kalenderjahr entlastet wurden,</LA></DD><DT>8.</DT><DD Font="normal"><LA>in ein Steuerlager nach § 5 Absatz 2 des Energiesteuergesetzes aufgenommen worden sind und nachweislich nach § 47 Absatz 1 Nummer 1 des Energiesteuergesetzes für dasselbe Kalenderjahr entlastet wurden,</LA></DD><DT>9.</DT><DD Font="normal"><LA>bei der Lagerung oder Verladung von Energieerzeugnissen, beim Betanken von Kraftfahrzeugen oder bei der Entgasung von Transportmitteln aus nachweislich versteuerten, nicht gebrauchten Energieerzeugnissen und anderen Stoffen, aufgefangenen wurden und nachweislich nach § 47 Absatz 1 Nummer 2 des Energiesteuergesetzes für dasselbe Kalenderjahr entlastet wurden,</LA></DD><DT>10.</DT><DD Font="normal"><LA>in ein Leitungsnetz für unversteuertes Erdgas eingespeist worden sind und nachweislich nach § 47 Absatz 1 Nummer 6 des Energiesteuergesetzes für dasselbe Kalenderjahr entlastet wurden oder</LA></DD><DT>11.</DT><DD Font="normal"><LA>an ausländische Streitkräfte oder Hauptquartiere geliefert wurden und nachweislich nach § 105a Absatz 1 der Energiesteuer-Durchführungsverordnung für dasselbe Kalenderjahr entlastet wurden.</LA></DD></DL></P><P>(2) Die Berechnung der nach Absatz 1 abzugsfähigen Brennstoffemissionen erfolgt nach der Anlage 1 Teil 3 Nummer 1 zu dieser Verordnung.</P><P>(3) Für den Abzug von Brennstoffemissionen übermittelt der Verantwortliche der zuständigen Behörde mit dem Emissionsbericht entsprechende Energiesteueranmeldungen, Entlastungsanträge und, soweit vorliegend, Bescheide des Hauptzollamtes als Nachweise.</P><P>(4) Der Verantwortliche kann eine entsprechende Menge an Brennstoffemissionen von den nach § 7 Absatz 1 des Brennstoffemissionshandelsgesetzes in einem Kalenderjahr zu berichtenden Brennstoffemissionen für Mengen von leitungsgebundenem Erdgas abziehen, die für die in § 25 des Energiesteuergesetzes genannten Zwecke verwendet worden sind und nachweislich nach § 47 Absatz 1 Nummer 3 des Energiesteuergesetzes für dasselbe Kalenderjahr entlastet worden sind. Absatz 2 gilt entsprechend. Der Abzug nach Satz 1 ist ausgeschlossen für Mengen von leitungsgebundenem Erdgas, die in einer dem EU-Emissionshandel unterliegenden Anlage verwendet worden sind und für die ein Abzug nach § 7 Absatz 5 des Brennstoffemissionshandelsgesetzes geltend gemacht wird.</P></Content></text></textdaten></norm>
<norm builddate="20231114213502" doknr="BJNR301600020BJNE001300000"><metadaten><jurabk>EBeV 2022</jurabk><enbez>§ 11</enbez><titel format="XML">Vermeidung von Doppelbelastungen nach § 7 Absatz 5 des Brennstoffemissionshandelsgesetzes</titel></metadaten><textdaten><text format="XML"><Content><P>(1) Der Verantwortliche kann eine Menge an Brennstoffemissionen von den nach § 7 Absatz 1 des Brennstoffemissionshandelsgesetzes zu berichtenden Brennstoffemissionen abziehen, die der im jeweiligen Kalenderjahr an ein Unternehmen zum Einsatz in einer dem EU-Emissionshandel unterliegenden Anlage gelieferten Brennstoffmenge entspricht. Soweit die zum Einsatz in einer dem EU-Emissionshandel unterliegenden Anlage gelieferte Brennstoffmenge in dem jeweiligen Kalenderjahr die in der Anlage tatsächlich eingesetzte Brennstoffmenge überschreitet, muss die Differenzmenge spätestens im Folgejahr in einer dem EU-Emissionshandel unterliegenden Anlage eingesetzt und dieser Einsatz gegenüber der zuständigen Behörde vollständig, transparent und anhand der Emissionsberichte des belieferten Unternehmens nach § 5 des Treibhausgas-Emissionshandelsgesetzes nachvollziehbar nachgewiesen werden. Die Berechnung der nach Satz 1 abzugsfähigen Brennstoffemissionen bestimmt sich nach den in der Anlage 1 Teil 3 Nummer 2 zu dieser Verordnung enthaltenen Vorgaben.</P><P>(2) Voraussetzung für den Abzug nach Absatz 1 sind gleichlautende Erklärungen des Verantwortlichen und des belieferten Unternehmens gegenüber der zuständigen Behörde, dass die nach § 10 Absatz 2 Satz 2 des Brennstoffemissionshandelsgesetzes für die Einführungsphase des Brennstoffemissionshandelssystems geltenden Festpreise für Emissionszertifikate nicht Bestandteil des vereinbarten Brennstofflieferpreises für die dem Abzug zugrunde liegende Brennstoffliefermenge waren. Zur Nachweisführung über die gelieferten und tatsächlich in einer dem EU-Emissionshandel unterliegenden Anlage eingesetzten Brennstoffmengen übermittelt der Verantwortliche ferner eine Bestätigung, welche die in der Anlage 3 zu dieser Verordnung näher aufgeführten Erklärungen, Daten und Angaben des belieferten Unternehmens enthält. Die Bestätigung nach Satz 2 enthält ab dem Bericht für das Kalenderjahr 2022 insbesondere jeweils einen Nachweis über den Einsatz von Differenzmengen nach Absatz 1 Satz 2.</P><P>(3) Kann der Nachweis über den Einsatz der Differenzmengen im Folgejahr nach Absatz 2 Satz 3 nicht oder nicht vollständig erbracht werden, verringert sich die Abzugsmenge nach Absatz 1 für das Kalenderjahr, in dem der Einsatznachweis zu erbringen war, entsprechend. Stellt die zuständige Behörde zu einem späteren Zeitpunkt fest, dass nach Absatz 1 in einem Kalenderjahr in Abzug gebrachte Brennstoffmengen entgegen der Bestätigung nach Absatz 2 Satz 2 von dem belieferten Unternehmen nicht spätestens im Folgejahr in Anlagen, die dem EU-Emissionshandel unterliegen, verwendet wurden, sind diese Brennstoffmengen auf die Abzugsmenge für das Kalenderjahr anzurechnen, in dem die zweckwidrige Verwendung bestandskräftig feststellt wird.</P><P>(4) Eine nachträgliche Korrektur des Emissionsberichts nach § 5 des Treibhausgas-Emissionshandelsgesetzes der dem EU-Emissionshandel unterliegenden Anlage lässt den Emissionsbericht des Verantwortlichen nach § 7 Absatz 1 des Brennstoffemissionshandelsgesetzes für das das von der Korrektur betroffene Kalenderjahr unberührt. Korrekturmengen, die sich aus einer Berichtigung eines Emissionsberichts nach § 5 des Treibhausgas-Emissionshandelsgesetzes ergeben, sind auf die Abzugsmenge nach Absatz 1 für das Kalenderjahr anzurechnen, in dem die Korrektur des Emissionsberichts nach § 5 des Treibhausgas-Emissionshandelsgesetzes bestandskräftig festgestellt wird.</P><P>(5) Absatz 1 gilt nicht für nach dem Energiesteuergesetz steuerfreie Brennstoffmengen, die an ein Unternehmen zur Verwendung in einer dem EU-Emissionshandel unterliegenden Anlage geliefert wurden.</P></Content></text></textdaten></norm>
<norm builddate="20231114213502" doknr="BJNR301600020BJNG000400000"><metadaten><jurabk>EBeV 2022</jurabk><gliederungseinheit><gliederungskennzahl>040</gliederungskennzahl><gliederungsbez>Abschnitt 4</gliederungsbez><gliederungstitel>Schlussbestimmungen</gliederungstitel></gliederungseinheit></metadaten><textdaten/></norm>
<norm builddate="20231114213502" doknr="BJNR301600020BJNE001400000"><metadaten><jurabk>EBeV 2022</jurabk><enbez>§ 12</enbez><titel format="XML">Inkrafttreten</titel></metadaten><textdaten><text format="XML"><Content><P>Diese Verordnung tritt am Tag nach der Verkündung in Kraft.</P></Content></text></textdaten></norm>
<norm builddate="20231114213502" doknr="BJNR301600020BJNE001500000"><metadaten><jurabk>EBeV 2022</jurabk><enbez>Anlage 1</enbez><titel format="XML">(zu den §§ 5, 6, 10 und 11)<BR/>Ermittlung der Brennstoffemissionen</titel></metadaten><textdaten><text format="XML"><Content><P><noindex><kommentar typ="Fundstelle">(Fundstelle: BGBl. I 2020, 3021 - 3022)</kommentar></noindex></P><Title Align="left"><B>Teil 1 Ermittlung der berichtspflichtigen Brennstoffemissionen</B></Title><P>Die Gesamtmenge der berichtspflichtigen Brennstoffemissionen berechnet sich nach folgender Formel: <table frame="none" pgwide="1" tocentry="%yes;"><tgroup align="left" char="" charoff="50" cols="1"><colspec colname="col1"/><tbody valign="top"><row><entry VJ="1" align="center" colname="col1"><IMG Align="center" Height="76" Pos="inline" SRC="bgbl1_2020_j3016-1_0010.jpg" Type="jpg" Units="72" Width="314" alt=""/></entry></row></tbody></tgroup></table><BR/> Erläuterung der Abkürzungen: <table frame="none" pgwide="1" tocentry="%yes;"><tgroup align="left" char="" charoff="50" cols="2"><colspec colname="col1" colwidth="45*"/><colspec align="justify" colname="col2" colwidth="120*"/><tbody valign="top"><row><entry VJ="1" colname="col1"><I>E</I><I><SUB>Brennstoff_BEHG</SUB></I></entry><entry VJ="1" colname="col2">die Gesamtmenge der Brennstoffemissionen nach Abzug der nach den §§ 10 und 11 abzugsfähigen Brennstoffemissionen;</entry></row><row><entry VJ="1" colname="col1"><I>E</I><I><SUB>Brennstoff_inVerkehr ,k</SUB></I></entry><entry VJ="1" colname="col2">die Menge der auf einen in Verkehr gebrachten Brennstoff (k) entfallenden Brennstoffemissionen;</entry></row><row><entry VJ="1" colname="col1"><I>E</I><I><SUB>Brennstoff_Doppelerfassung ,k</SUB></I></entry><entry VJ="1" colname="col2">die nach § 10 abzugsfähige Menge an Brennstoffemissionen eines in Verkehr gebrachten Brennstoffs (k);</entry></row><row><entry VJ="1" colname="col1"><I>E</I><I><SUB>Brennstoff_Doppelbelastung ,k</SUB></I></entry><entry VJ="1" colname="col2">die nach § 11 abzugsfähige Menge an Brennstoffemissionen eines in Verkehr gebrachten Brennstoffs (k).</entry></row></tbody></tgroup></table><BR/> Das Ergebnis der Berechnung wird auf ganze Tonnen Kohlendioxid abgerundet.</P><P/><Title Align="left"><B>Teil 2 Methode zur Berechnung der Emissionen aus einem in Verkehr gebrachten Brennstoff</B></Title><P>Die Menge der auf einen in Verkehr gebrachten Brennstoff entfallenden Brennstoffemissionen berechnet sich nach folgender Formel: <table frame="none" pgwide="1" tocentry="%yes;"><tgroup align="left" char="" charoff="50" cols="1"><colspec colname="col1"/><tbody valign="top"><row><entry VJ="1" align="center" colname="col1"><IMG Align="center" Height="26" Pos="inline" SRC="bgbl1_2020_j3016-1_0020.jpg" Type="jpg" Units="72" Width="367" alt=""/></entry></row></tbody></tgroup></table><BR/> Erläuterung der Abkürzungen: <table frame="none" pgwide="1" tocentry="%yes;"><tgroup align="left" char="" charoff="50" cols="2"><colspec colname="col1" colwidth="45*"/><colspec align="justify" colname="col2" colwidth="120*"/><tbody valign="top"><row><entry VJ="1" colname="col1"><I>Menge</I></entry><entry VJ="1" colname="col2">die nach § 5 Absatz 2 ermittelte Brennstoffmenge.</entry></row></tbody></tgroup></table></P><P/><Title Align="left"><B>Teil 3 Berechnung von abzugsfähigen Brennstoffemissionen</B></Title><P><DL Font="normal" Type="arabic"><DT>1.</DT><DD Font="normal"><LA Size="normal">Die nach § 10 abzugsfähige Menge an Brennstoffemissionen eines in Verkehr gebrachten Brennstoffs berechnet sich nach folgender Formel: <table frame="none" pgwide="1" tocentry="%yes;"><tgroup align="left" char="" charoff="50" cols="1"><colspec colname="col1"/><tbody valign="top"><row><entry VJ="1" align="center" colname="col1"><IMG Align="center" Height="15" Pos="inline" SRC="bgbl1_2020_j3016-1_0030.jpg" Type="jpg" Units="72" Width="312" alt=""/></entry></row></tbody></tgroup></table></LA><LA Size="normal">Erläuterung der Abkürzungen: <table frame="none" pgwide="1" tocentry="%yes;"><tgroup align="left" char="" charoff="50" cols="2"><colspec colname="col1" colwidth="45*"/><colspec align="justify" colname="col2" colwidth="120*"/><tbody valign="top"><row><entry VJ="1" colname="col1"><I>Menge</I><I><SUB>Brennstoff_erneut_in_Verkehr</SUB></I></entry><entry VJ="1" colname="col2">die nach § 5 Absatz 2 und § 10 ermittelte Brennstoffmenge.</entry></row></tbody></tgroup></table></LA></DD><DT>2.</DT><DD Font="normal"><LA Size="normal">Die nach § 11 abzugsfähige Menge an Brennstoffemissionen eines in Verkehr gebrachten Brennstoffs berechnet sich nach folgender Formel: <table frame="none" pgwide="1" tocentry="%yes;"><tgroup align="left" char="" charoff="50" cols="1"><colspec colname="col1"/><tbody valign="top"><row><entry VJ="1" align="center" colname="col1"><IMG Align="center" Height="67" Pos="inline" SRC="bgbl1_2020_j3016-1_0040.jpg" Type="jpg" Units="72" Width="309" alt=""/></entry></row></tbody></tgroup></table></LA><LA Size="normal">Erläuterung der Abkürzungen: <table frame="none" pgwide="1" tocentry="%yes;"><tgroup align="left" char="" charoff="50" cols="2"><colspec colname="col1" colwidth="45*"/><colspec align="justify" colname="col2" colwidth="120*"/><tbody valign="top"><row><entry VJ="1" colname="col1" rowsep="0"><I>Menge</I><I><SUB>Brennstoff_EU-ETSi</SUB></I></entry><entry VJ="1" colname="col2" rowsep="0">die im Kalenderjahr zum Einsatz in einer dem EU-Emissionshandel unterliegenden Anlage (i) gelieferte Brennstoffmenge;</entry></row><row><entry VJ="1" colname="col1"><I>Biomasseanteil</I><I><SUB>EU-ETSi</SUB></I></entry><entry VJ="1" colname="col2">der in der dem EU-Emissionshandel unterliegenden Anlage (i) anerkannte Biomasseanteil.</entry></row></tbody></tgroup></table></LA></DD></DL></P><P/><Title Align="left"><B>Teil 4 Standardwerte zur Berechnung von Brennstoffemissionen</B></Title><table colsep="1" frame="all" pgwide="1" rowsep="1" tocentry="%yes;"><tgroup align="left" char="" charoff="50" cols="7"><colspec colname="c1" colwidth="7*"/><colspec colname="c2" colwidth="8*"/><colspec colname="c3" colwidth="30*"/><colspec colname="c4" colwidth="30*"/><colspec colname="c5" colwidth="35*"/><colspec colname="c6" colwidth="25*"/><colspec colname="c7" colwidth="30*"/><thead valign="bottom"><row><entry VJ="1" align="center" colsep="1" nameend="c2" namest="c1" rowsep="1">Nummer</entry><entry VJ="1" align="center" colsep="1" rowsep="1">Brennstoff</entry><entry VJ="1" align="center" colsep="1" rowsep="1">Nomenklatur</entry><entry VJ="1" align="center" colsep="1" rowsep="1">Umrechnungsfaktor</entry><entry VJ="1" align="center" colsep="1" rowsep="1">Heizwert</entry><entry VJ="1" align="center" colsep="1" rowsep="1">Heizwertbezogener<BR/> Emissionsfaktor</entry></row></thead><tbody valign="top"><row><entry VJ="1" align="left" colsep="1" nameend="c2" namest="c1" rowsep="1">1</entry><entry VJ="1" align="left" colsep="1" rowsep="1">Benzin<BR/> ohne E 85</entry><entry VJ="1" align="left" colsep="1" rowsep="1">2710 12 41,<BR/> 2710 12 45,<BR/> 2710 12 49,<BR/> 2710 12 50</entry><entry VJ="1" align="left" colsep="1" rowsep="1">Dichte: 0,755 t/1000 l</entry><entry VJ="1" align="left" colsep="1" rowsep="1">43,5 GJ/t</entry><entry VJ="1" align="left" colsep="1" rowsep="1">0,0731 t CO<SUB>2</SUB>/GJ</entry></row><row><entry VJ="1" align="left" colsep="1" nameend="c2" namest="c1" rowsep="1">2</entry><entry VJ="1" align="left" colsep="1" rowsep="1">Flugbenzin</entry><entry VJ="1" align="left" colsep="1" rowsep="1">2710 12 31</entry><entry VJ="1" align="left" colsep="1" rowsep="1">Dichte: 0,72 t/1000 l</entry><entry VJ="1" align="left" colsep="1" rowsep="1">44,3 GJ/t</entry><entry VJ="1" align="left" colsep="1" rowsep="1">0,070 t CO<SUB>2</SUB>/GJ</entry></row><row><entry VJ="1" align="left" colsep="1" nameend="c2" namest="c1" rowsep="1">3</entry><entry VJ="1" align="left" colsep="1" rowsep="1">Gasöl</entry><entry VJ="1" align="left" colsep="1" rowsep="1"/><entry VJ="1" align="left" colsep="1" rowsep="1"/><entry VJ="1" align="left" colsep="1" rowsep="1"/><entry VJ="1" align="left" colsep="1" rowsep="1"/></row><row><entry VJ="1" align="left" colsep="1" rowsep="1"/><entry VJ="1" align="left" colsep="1" rowsep="1">3a</entry><entry VJ="1" align="left" colsep="1" rowsep="1">Gasöl<BR/> als Kraftstoff<BR/> (Diesel)</entry><entry VJ="1" align="left" colsep="1" rowsep="1">2710 19 43 bis<BR/> 2710 19 48,<BR/>2710 20 11 bis<BR/> 2710 20 19</entry><entry VJ="1" align="left" colsep="1" rowsep="1">Dichte: 0,845 t/1000 l</entry><entry VJ="1" align="left" colsep="1" rowsep="1">42,8 GJ/t</entry><entry VJ="1" align="left" colsep="1" rowsep="1">0,074 t CO<SUB>2</SUB>/GJ</entry></row><row><entry VJ="1" align="left" colsep="1" rowsep="1"/><entry VJ="1" align="left" colsep="1" rowsep="1">3b</entry><entry VJ="1" align="left" colsep="1" rowsep="1">Gasöl<BR/> zu Heizzwecken<BR/> (Heizöl EL)</entry><entry VJ="1" align="left" colsep="1" rowsep="1">2710 19 43 bis<BR/> 2710 19 48,<BR/>2710 20 11 bis<BR/> 2710 20 19</entry><entry VJ="1" align="left" colsep="1" rowsep="1">Dichte: 0,845 t/1000 l</entry><entry VJ="1" align="left" colsep="1" rowsep="1">42,8 GJ/t</entry><entry VJ="1" align="left" colsep="1" rowsep="1">0,074 t CO<SUB>2</SUB>/GJ</entry></row><row><entry VJ="1" align="left" colsep="1" nameend="c2" namest="c1" rowsep="1">4</entry><entry VJ="1" align="left" colsep="1" rowsep="1">Heizöl</entry><entry VJ="1" align="left" colsep="1" rowsep="1"/><entry VJ="1" align="left" colsep="1" rowsep="1"/><entry VJ="1" align="left" colsep="1" rowsep="1"/><entry VJ="1" align="left" colsep="1" rowsep="1"/></row><row><entry VJ="1" align="left" colsep="1" rowsep="1"/><entry VJ="1" align="left" colsep="1" rowsep="1">4a</entry><entry VJ="1" align="left" colsep="1" rowsep="1">Heizöl<BR/> als Kraftstoff<BR/>(Heizöl S)</entry><entry VJ="1" align="left" colsep="1" rowsep="1">2710 19 62 bis<BR/> 2710 19 68,<BR/>2710 20 31 bis<BR/> 2710 20 39</entry><entry VJ="1" align="left" colsep="1" rowsep="1">1 t/t</entry><entry VJ="1" align="left" colsep="1" rowsep="1">39,5 GJ/t</entry><entry VJ="1" align="left" colsep="1" rowsep="1">0,0799 t CO<SUB>2</SUB>/GJ</entry></row><row><entry VJ="1" align="left" colsep="1" rowsep="1"/><entry VJ="1" align="left" colsep="1" rowsep="1">4b</entry><entry VJ="1" align="left" colsep="1" rowsep="1">Heizöl<BR/> zu Heizzwecken(Heizöl S)</entry><entry VJ="1" align="left" colsep="1" rowsep="1">2710 19 62 bis<BR/> 2710 19 68,<BR/>2710 20 31 bis<BR/> 2710 20 39</entry><entry VJ="1" align="left" colsep="1" rowsep="1">1 t/t</entry><entry VJ="1" align="left" colsep="1" rowsep="1">39,5 GJ/t</entry><entry VJ="1" align="left" colsep="1" rowsep="1">0,0799 t CO<SUB>2</SUB>/GJ</entry></row><row><entry VJ="1" align="left" colsep="1" nameend="c2" namest="c1" rowsep="1">5</entry><entry VJ="1" align="left" colsep="1" rowsep="1">Flüssiggas</entry><entry VJ="1" align="left" colsep="1" rowsep="1"/><entry VJ="1" align="left" colsep="1" rowsep="1"/><entry VJ="1" align="left" colsep="1" rowsep="1"/><entry VJ="1" align="left" colsep="1" rowsep="1"/></row><row><entry VJ="1" align="left" colsep="1" rowsep="1"/><entry VJ="1" align="left" colsep="1" rowsep="1">5a</entry><entry VJ="1" align="left" colsep="1" rowsep="1">Flüssiggas<BR/> als Kraftstoff</entry><entry VJ="1" align="left" colsep="1" rowsep="1">2711 12,<BR/> 2711 13,<BR/> 2711 14,<BR/> 2711 19</entry><entry VJ="1" align="left" colsep="1" rowsep="1">1 t/t</entry><entry VJ="1" align="left" colsep="1" rowsep="1">45,7 GJ/t</entry><entry VJ="1" align="left" colsep="1" rowsep="1">0,0663 t CO<SUB>2</SUB>/GJ</entry></row><row><entry VJ="1" align="left" colsep="1" rowsep="1"/><entry VJ="1" align="left" colsep="1" rowsep="1">5b</entry><entry VJ="1" align="left" colsep="1" rowsep="1">Flüssiggas<BR/> zu Heizzwecken</entry><entry VJ="1" align="left" colsep="1" rowsep="1">2711 12,<BR/> 2711 13,<BR/> 2711 14,<BR/> 2711 19</entry><entry VJ="1" align="left" colsep="1" rowsep="1">1 t/t</entry><entry VJ="1" align="left" colsep="1" rowsep="1">45,7 GJ/t</entry><entry VJ="1" align="left" colsep="1" rowsep="1">0,0663 t CO<SUB>2</SUB>/GJ</entry></row><row><entry VJ="1" align="left" colsep="1" rowsep="1">6</entry><entry VJ="1" align="left" colsep="1" rowsep="1"/><entry VJ="1" align="left" colsep="1" rowsep="1">Erdgas</entry><entry VJ="1" align="left" colsep="1" rowsep="1">2711 11,<BR/> 2711 21</entry><entry VJ="1" align="left" colsep="1" rowsep="1">3,2508 GJ/MWh</entry><entry VJ="1" align="left" colsep="1" rowsep="1">1 GJ/GJ</entry><entry VJ="1" align="left" colsep="1" rowsep="1">0,056 t CO<SUB>2</SUB>/GJ</entry></row></tbody></tgroup></table><P>Der Umrechnungsfaktor für Erdgas in Nummer 6 Spalte 4 beruht auf der Formel 3,6 GJ/MWh * 0,903 GJ/GJ.</P></Content></text></textdaten></norm>
<norm builddate="20231114213502" doknr="BJNR301600020BJNE001600000"><metadaten><jurabk>EBeV 2022</jurabk><enbez>Anlage 2</enbez><titel format="XML">(zu den §§ 6, 7, 10 und 11)<BR/>Mindestinhalt eines jährlichen Emissionsberichts</titel></metadaten><textdaten><text format="XML"><Content><P><noindex><kommentar typ="Fundstelle">(Fundstelle: BGBl. I 2020, 3023 - 3024)</kommentar></noindex></P><P>Der Emissionsbericht muss mindestens die folgenden Angaben und Nachweise enthalten: <DL Type="arabic"><DT>1.</DT><DD Font="normal"><LA>Allgemeine Angaben <DL Type="alpha"><DT>a)</DT><DD Font="normal"><LA>Name, Anschrift, Geschäftssitz und ggf. abweichender Ort der Geschäftsleitung sowie Rechtsform,</LA></DD><DT>b)</DT><DD Font="normal"><LA>Ansprechpartner/in,</LA></DD><DT>c)</DT><DD Font="normal"><LA>Berichtsjahr,</LA></DD><DT>d)</DT><DD Font="normal"><LA>zuständiges Hauptzollamt und</LA></DD><DT>e)</DT><DD Font="normal"><LA>Unternehmensnummer und Registrierkennzeichen des zuständigen Hauptzollamtes.</LA></DD></DL></LA></DD><DT>2.</DT><DD Font="normal"><LA>Gesamtemissionsmenge in einem Kalenderjahr <DL Type="alpha"><DT>a)</DT><DD Font="normal"><LA>berichtspflichtige Gesamtemissionsmenge in Tonnen CO<SUB>2</SUB> und</LA></DD><DT>b)</DT><DD Font="normal"><LA>die Gesamtemissionen der nach § 6 Absatz 1 bis 3 abzugsfähigen Bioenergiemenge in Tonnen CO<SUB>2</SUB>.</LA></DD></DL></LA></DD><DT>3.</DT><DD Font="normal"><LA>Angaben zu den jeweils in Verkehr gebrachten Brennstoffen <DL Type="alpha"><DT>a)</DT><DD Font="normal"><LA>Art des in Verkehr gebrachten Brennstoffs entsprechend der Unterteilung in Anlage 1 Teil 4,</LA></DD><DT>b)</DT><DD Font="normal"><LA>Stoffmenge des in Verkehr gebrachten Brennstoffs in Tonnen, 1 000 Litern oder Megawattstunden,</LA></DD><DT>c)</DT><DD Font="normal"><LA>Umrechnungsfaktoren, Heizwerte und Emissionsfaktoren nach Anlage 1 Teil 4 des in Verkehr gebrachten Brennstoffs,</LA></DD><DT>d)</DT><DD Font="normal"><LA>nach § 6 Absatz 1 bis 3 abzugsfähige Bioenergiemenge des in Verkehr gebrachten Brennstoffs in Giga-Joule oder Megawattstunden, differenziert nach Art der verwendeten Biomasse,</LA></DD><DT>e)</DT><DD Font="normal"><LA>die Gesamtemissionen in Tonnen CO<SUB>2</SUB>,</LA></DD><DT>f)</DT><DD Font="normal"><LA>die Gesamtemissionen aus Bioenergie in Tonnen CO<SUB>2</SUB> und</LA></DD><DT>g)</DT><DD Font="normal"><LA>für Benzin: Unterteilung in die verschiedenen Benzinsorten (E 5, E 10, Super Plus) und Stoffmenge der jeweiligen in Verkehr gebrachten Benzinsorte.</LA></DD></DL></LA></DD><DT>4.</DT><DD Font="normal"><LA>Angaben im Zusammenhang mit der Vermeidung einer Doppelerfassung gemäß § 10 dieser Verordnung <DL Type="alpha"><DT>a)</DT><DD Font="normal"><LA>Art des in Verkehr gebrachten Brennstoffs entsprechend der Unterteilung in Anlage 1 Teil 4,</LA></DD><DT>b)</DT><DD Font="normal"><LA>jeweilige Stoffmenge des Brennstoffs nach § 10 Absatz 1 Nummer 1 bis 11 in Tonnen, 1 000 Litern oder Megawattstunden,</LA></DD><DT>c)</DT><DD Font="normal"><LA>Umrechnungsfaktoren, Heizwerte und Emissionsfaktoren nach Anlage 1 Teil 4 des Brennstoffs,</LA></DD><DT>d)</DT><DD Font="normal"><LA>die Gesamtemissionen in Tonnen CO<SUB>2</SUB>,</LA></DD><DT>e)</DT><DD Font="normal"><LA>Nachweise nach § 10 Absatz 3 und</LA></DD><DT>f)</DT><DD Font="normal"><LA>im Fall des § 10 Absatz 4 Nachweise des Verwenders.</LA></DD></DL></LA></DD><DT>5.</DT><DD Font="normal"><LA>Angaben im Zusammenhang mit der Vermeidung einer Doppelbelastung gemäß § 11 dieser Verordnung <DL Type="alpha"><DT>a)</DT><DD Font="normal"><LA>Name des belieferten Unternehmens und der dem EU-Emissionshandel unterliegenden Anlage,</LA></DD><DT>b)</DT><DD Font="normal"><LA>Aktenzeichen der dem EU-Emissionshandel unterliegenden Anlage,</LA></DD><DT>c)</DT><DD Font="normal"><LA>Art des in Verkehr gebrachten Brennstoffs entsprechend der Unterteilung in Anlage 1 Teil 4,</LA></DD><DT>d)</DT><DD Font="normal"><LA>Stoffmenge des zum Einsatz in einer dem EU-Emissionshandel unterliegenden Anlage gelieferten Brennstoffs eines Kalenderjahres in Tonnen, 1 000 Litern oder Megawattstunden,</LA></DD><DT>e)</DT><DD Font="normal"><LA>Stoffmenge des in einer dem EU-Emissionshandel unterliegenden Anlage eingesetzten Brennstoffs eines Kalenderjahres in Tonnen, 1 000 Litern oder Megawattstunden,</LA></DD><DT>f)</DT><DD Font="normal"><LA>Umrechnungsfaktoren, Heizwerte und Emissionsfaktoren nach Anlage 1 Teil 4 des Brennstoffs,</LA></DD><DT>g)</DT><DD Font="normal"><LA>Nachhaltiger Biomasseanteil des in einer dem EU-Emissionshandel unterliegenden Anlage eingesetzten Brennstoffs in Prozent,</LA></DD><DT>h)</DT><DD Font="normal"><LA>Angabe, ob die Lieferung vollständig oder teilweise der Steueraussetzung oder -befreiung nach dem Energiesteuergesetz unterliegt, sowie ggf. eine entsprechende Aufteilung der Mengen,</LA></DD><DT>i)</DT><DD Font="normal"><LA>Gesamtemissionen des zum Einsatz in einer dem EU-Emissionshandel unterliegenden Anlage gelieferten Brennstoffs in Tonnen CO<SUB>2</SUB>,</LA></DD><DT>j)</DT><DD Font="normal"><LA>Gesamtemissionen des zum Einsatz in einer dem EU-Emissionshandel unterliegenden Anlage gelieferten Brennstoffs aus nachhaltiger Biomasse in Tonnen CO<SUB>2</SUB> und</LA></DD><DT>k)</DT><DD Font="normal"><LA>Erklärung nach § 11 Absatz 2 Satz 1.</LA></DD></DL></LA></DD><DT>6.</DT><DD Font="normal"><LA>Nachweisführung nach § 5 Absatz 4 – Angaben des Steuerlagerinhabers <DL Type="alpha"><DT>a)</DT><DD Font="normal"><LA>Name, Aktenzeichen und Unternehmensnummer des Steuerlagerinhabers bei der zuständigen Behörde,</LA></DD><DT>b)</DT><DD Font="normal"><LA>Name, Aktenzeichen und Unternehmensnummer des Einlagerers nach § 7 Absatz 4 Satz 1 des Energiesteuergesetzes,</LA></DD><DT>c)</DT><DD Font="normal"><LA>Art des aus dem Steuerlager in Verkehr gebrachten Brennstoffs,</LA></DD><DT>d)</DT><DD Font="normal"><LA>Benennung der für den jeweiligen Einlagerer in Verkehr gebrachte Brennstoffmenge sowie</LA></DD><DT>e)</DT><DD Font="normal"><LA>Brennstoffmenge, für die eine Steuerentlastung gewährt wurde unter Angabe des Entlastungstatbestandes.</LA></DD></DL></LA></DD></DL></P></Content></text></textdaten></norm>
<norm builddate="20231114213502" doknr="BJNR301600020BJNE001700000"><metadaten><jurabk>EBeV 2022</jurabk><enbez>Anlage 3</enbez><titel format="XML">(zu § 11)<BR/>Erforderliche Erklärungen, Angaben und Nachweise des belieferten Unternehmens im Zusammenhang mit dem Abzug von Brennstoffemissionen bei der Lieferung von Brennstoffen zum Einsatz in einer dem EU-Emissionshandel unterliegenden Anlage</titel></metadaten><textdaten><text format="XML"><Content><P><noindex><kommentar typ="Fundstelle">(Fundstelle: BGBl. I 2020, 3025)</kommentar></noindex></P><P>Für den Abzug einer Brennstoffemissionsmenge nach § 11 Absatz 1 Satz 1 muss das belieferte Unternehmen mindestens folgende Erklärungen, Angaben und Nachweise erbringen: <DL Type="arabic"><DT>1.</DT><DD Font="normal"><LA>Aktenzeichen der dem EU-Emissionshandel unterliegenden Anlage,</LA></DD><DT>2.</DT><DD Font="normal"><LA>Name und Adresse der dem EU-Emissionshandel unterliegenden Anlage,</LA></DD><DT>3.</DT><DD Font="normal"><LA>Aktenzeichen des Verantwortlichen nach § 3 Nummer 3 des Brennstoffemissionshandelsgesetzes,</LA></DD><DT>4.</DT><DD Font="normal"><LA>Name des Verantwortlichen nach § 3 Nummer 3 des Brennstoffemissionshandelsgesetzes,</LA></DD><DT>5.</DT><DD Font="normal"><LA>Bezeichnung des gelieferten Brennstoffs,</LA></DD><DT>6.</DT><DD Font="normal"><LA>die dem Verantwortlichen zugeordnete und zum Einsatz in einer dem EU-Emissionshandel unterliegenden Anlage gelieferte Menge des Brennstoffs: <DL Type="alpha"><DT>a)</DT><DD Font="normal"><LA>Brennstoffliefermenge eines Kalenderjahres,</LA></DD><DT>b)</DT><DD Font="normal"><LA>Anfangsbestand des Brennstoffs am 1. Januar des Kalenderjahres,</LA></DD><DT>c)</DT><DD Font="normal"><LA>Endbestand des Brennstoffs am 31. Dezember des Kalenderjahres,</LA></DD><DT>d)</DT><DD Font="normal"><LA>nachhaltiger Biomasseanteil in Prozent,</LA></DD><DT>e)</DT><DD Font="normal"><LA>Anteile der nach dem Energiesteuerrecht steuerfreien und der steuerpflichtigen gelieferten und gelagerten Brennstoffmengen,</LA></DD><DT>f)</DT><DD Font="normal"><LA>im Kalenderjahr tatsächliche eingesetzte Brennstoffmenge,</LA></DD><DT>g)</DT><DD Font="normal"><LA>Differenzmenge der Mengen nach Buchstabe a und Buchstabe f bezogen auf den jeweils steuerpflichtigen Anteil,</LA></DD></DL></LA></DD><DT>7.</DT><DD Font="normal"><LA>Erklärung zum Bezug der Liefermenge nach Nummer 6 Buchstabe a ausschließlich zum Einsatz in einer dem EU-Emissionshandel unterliegenden Anlage, inklusive der Erklärung nach § 11 Absatz 2 Satz 1 dieser Verordnung,</LA></DD><DT>8.</DT><DD Font="normal"><LA>im Falle einer positiven Differenzmenge nach Nummer 6 Buchstabe g eine Bestätigung des tatsächlichen Einsatzes der Differenzmenge im darauffolgenden Kalenderjahr,</LA></DD><DT>9.</DT><DD Font="normal"><LA>Methodik der Ermittlung der Emissionen in der dem EU-Emissionshandel unterliegenden Anlage (Standardmethodik, Massenbilanzmethodik oder kontinuierliche Emissionsmessung).</LA></DD></DL> Angaben, die im EU-Emissionshandel berichts- und verifizierungspflichtig sind, müssen mit dem verifizierten Emissionsbericht nach § 5 des Treibhausgas-Emissionshandelsgesetzes übereinstimmen.</P></Content></text></textdaten></norm>
</dokumente>