<?xml version="1.0" encoding="UTF-8" ?><!DOCTYPE dokumente SYSTEM "http://www.gesetze-im-internet.de/dtd/1.01/gii-norm.dtd">
<dokumente builddate="20191212212532" doknr="BJNR044800012"><norm builddate="20191212212532" doknr="BJNR044800012"><metadaten><jurabk>HilfetelefonG</jurabk><amtabk>HilfetelefonG</amtabk><ausfertigung-datum manuell="ja">2012-03-07</ausfertigung-datum><fundstelle typ="amtlich"><periodikum>BGBl I</periodikum><zitstelle>2012, 448</zitstelle></fundstelle><kurzue>Hilfetelefongesetz</kurzue><langue>Gesetz zur Einrichtung und zum Betrieb eines bundesweiten Hilfetelefons „Gewalt gegen Frauen“</langue><standangabe checked="ja"><standtyp>Stand</standtyp><standkommentar>Geändert durch Art. 36 G v. 20.11.2019 I 1626</standkommentar></standangabe></metadaten><textdaten><fussnoten><Content><P><BR/> <pre xml:space="preserve">(+++ Textnachweis ab: 14.3.2012 +++)<BR/><BR/></pre></P></Content></fussnoten></textdaten></norm>
<norm builddate="20191212212532" doknr="BJNR044800012BJNE000100000"><metadaten><jurabk>HilfetelefonG</jurabk><enbez>§ 1</enbez><titel format="XML">Einrichtung</titel></metadaten><textdaten><text format="XML"><Content><P>Der Bund richtet beim Bundesamt für Familie und zivilgesellschaftliche Aufgaben ein bundesweites zentrales Hilfetelefon „Gewalt gegen Frauen“ ein. Das Hilfetelefon untersteht der Fachaufsicht des Bundesministeriums für Familie, Senioren, Frauen und Jugend.</P></Content></text></textdaten></norm>
<norm builddate="20191212212532" doknr="BJNR044800012BJNE000200000"><metadaten><jurabk>HilfetelefonG</jurabk><enbez>§ 2</enbez><titel format="XML">Aufgaben</titel></metadaten><textdaten><text format="XML"><Content><P>(1) Mit dem Hilfetelefon werden kostenlos Erstberatung und Informationen zu Hilfemöglichkeiten bei allen Formen von Gewalt gegen Frauen angeboten.</P><P>(2) Personen, die sich an das Hilfetelefon wenden, werden bei Bedarf über andere Einrichtungen und Dienste in ihrer Region informiert, die beraten, unterstützen und, falls erforderlich, eingreifen; auf Wunsch werden sie an diese weitervermittelt. Damit das Hilfetelefon seine Lotsenfunktion wahrnehmen kann, richtet das Bundesamt für Familie und zivilgesellschaftliche Aufgaben eine Datenbank mit den Kontaktdaten und Erreichbarkeiten dieser Einrichtungen und Dienste ein und hält sie auf aktuellem Stand.</P></Content></text></textdaten></norm>
<norm builddate="20191212212532" doknr="BJNR044800012BJNE000300000"><metadaten><jurabk>HilfetelefonG</jurabk><enbez>§ 3</enbez><titel format="XML">Adressatenkreis</titel></metadaten><textdaten><text format="XML"><Content><P>Die Angebote des Hilfetelefons wenden sich insbesondere an:<DL Type="arabic"><DT>1.</DT><DD Font="normal"><LA>Frauen, die von Gewalt betroffen sind,</LA></DD><DT>2.</DT><DD Font="normal"><LA>Personen aus dem sozialen Umfeld von Frauen, die von Gewalt betroffen sind, und</LA></DD><DT>3.</DT><DD Font="normal"><LA>Personen, die bei ihrer beruflichen oder ehrenamtlichen Tätigkeit mit der Beratung und Unterstützung oder Intervention bei Gewalt gegen Frauen konfrontiert sind.</LA></DD></DL></P></Content></text></textdaten></norm>
<norm builddate="20191212212532" doknr="BJNR044800012BJNE000401116"><metadaten><jurabk>HilfetelefonG</jurabk><enbez>§ 4</enbez><titel format="XML">Anforderungen an die Hilfeleistung</titel></metadaten><textdaten><text format="XML"><Content><P>(1) Erstberatung, Information und Weitervermittlung erfolgen durch qualifizierte weibliche Fachkräfte.</P><P>(2) Die Hilfeleistung erfolgt anonym und vertraulich unter Beachtung datenschutzrechtlicher Anforderungen. Anrufe beim Hilfetelefon werden nicht in Einzelverbindungsnachweisen ausgewiesen.</P><P>(3) Personenbezogene Daten werden nur für die in § 2 Absatz 1 und 2 Satz 1 genannten Zwecke und nur mit Einwilligung der betroffenen Person verarbeitet. Die gespeicherten Daten werden gelöscht, sobald sie für die Erfüllung des Zwecks der Speicherung nicht mehr erforderlich sind.</P><P>(4) Die Angebote des Hilfetelefons sind barrierefrei und mehrsprachig. Das Bundesministerium für Familie, Senioren, Frauen und Jugend legt diesbezüglich die nähere Ausgestaltung fest.</P></Content></text><fussnoten/></textdaten></norm>
<norm builddate="20191212212532" doknr="BJNR044800012BJNE000500000"><metadaten><jurabk>HilfetelefonG</jurabk><enbez>§ 5</enbez><titel format="XML">Anforderungen an die Erreichbarkeit</titel></metadaten><textdaten><text format="XML"><Content><P>(1) Das Hilfetelefon ist 24 Stunden täglich unter einer entgeltfreien Rufnummer erreichbar.</P><P>(2) Die Angebote des Hilfetelefons werden zusätzlich über andere Wege der elektronischen Kommunikation bereitgestellt.</P><P>(3) Das Bundesamt für Familie und zivilgesellschaftliche Aufgaben stellt sicher, dass die Angebote des Hilfetelefons ohne unzumutbare Wartezeiten in Anspruch genommen werden können.</P></Content></text></textdaten></norm>
<norm builddate="20191212212532" doknr="BJNR044800012BJNE000600000"><metadaten><jurabk>HilfetelefonG</jurabk><enbez>§ 6</enbez><titel format="XML">Öffentlichkeitsarbeit</titel></metadaten><textdaten><text format="XML"><Content><P>Das Bundesamt für Familie und zivilgesellschaftliche Aufgaben stellt sicher, dass das Hilfetelefon durch Öffentlichkeitsarbeit bundesweit bekannt gemacht und kontinuierlich bekannt gehalten wird.</P></Content></text></textdaten></norm>
<norm builddate="20191212212532" doknr="BJNR044800012BJNE000700000"><metadaten><jurabk>HilfetelefonG</jurabk><enbez>§ 7</enbez><titel format="XML">Sachstandsbericht; Evaluation</titel></metadaten><textdaten><text format="XML"><Content><P>(1) Das Bundesamt für Familie und zivilgesellschaftliche Aufgaben veröffentlicht jährlich einen Sachstandsbericht zur Inanspruchnahme des Hilfetelefons und zu den erbrachten Leistungen. Der Sachstandsbericht dient auch dazu, die Angebote des Hilfetelefons bedarfsgerecht anzupassen.</P><P>(2) Das Bundesministerium für Familie, Senioren, Frauen und Jugend evaluiert erstmals fünf Jahre nach Freischaltung des Hilfetelefons dessen Wirksamkeit.</P></Content></text></textdaten></norm>
<norm builddate="20191212212532" doknr="BJNR044800012BJNE000800000"><metadaten><jurabk>HilfetelefonG</jurabk><enbez>§ 8</enbez><titel format="XML">Inkrafttreten</titel></metadaten><textdaten><text format="XML"><Content><P>Dieses Gesetz tritt am Tag nach der Verkündung in Kraft.</P></Content></text></textdaten></norm>
</dokumente>