<?xml version="1.0" encoding="UTF-8" ?><!DOCTYPE dokumente SYSTEM "http://www.gesetze-im-internet.de/dtd/1.01/gii-norm.dtd">
<dokumente builddate="20250611215502" doknr="BJNR000230986"><norm builddate="20250611215502" doknr="BJNR000230986"><metadaten><jurabk>BSAVfV</jurabk><amtabk>BSAVfV</amtabk><ausfertigung-datum manuell="ja">1985-12-30</ausfertigung-datum><fundstelle typ="amtlich"><periodikum>BGBl I</periodikum><zitstelle>1986, 23</zitstelle></fundstelle><langue>Verordnung über Verfahren vor dem Bundessortenamt</langue><standangabe checked="ja"><standtyp>Neuf</standtyp><standkommentar>Neugefasst durch Bek. v. 28.9.2004 I 2552;</standkommentar></standangabe><standangabe checked="ja"><standtyp>Stand</standtyp><standkommentar>zuletzt geändert durch Art. 1 V v. 9.10.2019 I 1441</standkommentar></standangabe></metadaten><textdaten><text format="XML"><Content><P><noindex>Diese Verordnung dient der Umsetzung folgender Richtlinien: <DL Font="normal" Type="arabic"><DT>1.</DT><DD Font="normal"><LA Size="normal">Richtlinie 2003/90/EG der Kommission vom 6. Oktober 2003 mit Durchführungsbestimmungen zu Artikel 7 der Richtlinie 2002/53/EG des Rates hinsichtlich der Merkmale, auf welche sich die Prüfungen mindestens zu erstrecken haben, und der Mindestanforderungen für die Prüfung bestimmter Sorten landwirtschaftlicher Pflanzenarten (ABl. EU Nr. L 254 Nr. 7);</LA></DD><DT>2.</DT><DD Font="normal"><LA Size="normal">Richtlinie 2003/91/EG der Kommission vom 6. Oktober 2003 mit Durchführungsbestimmungen zu Artikel 7 der Richtlinie 2002/55/EG des Rates hinsichtlich der Merkmale, auf welche sich die Prüfungen mindestens zu erstrecken haben, und der Mindestanforderungen für die Prüfung bestimmter Sorten von Gemüsearten (ABl. EU Nr. L 254 S. 11).</LA></DD></DL></noindex></P></Content></text><fussnoten><Content><P><BR/> <pre xml:space="preserve">(+++ Textnachweis Geltung ab: 5.8.1988 +++)<BR/> <BR/>(+++ Amtliche Hinweise des Normgebers auf EG-Recht:<BR/>    Umsetzung der<BR/>      EGRL 90/2003   (CELEX Nr: 32003L0090) vgl. Bek. v. 28.9.2004 I 2552<BR/>      EGRL 91/2003   (CELEX Nr: 32003L0091) vgl. Bek. v. 28.9.2004 I 2552 <BR/>      EURL 2023/1438 (CELEX Nr: 32023L1438) vgl. Bek. v. 17.10.2023 I Nr. 1438<BR/>      EURL 2024/2963 (CELEX Nr: 32024L2963) vgl. Bek. v. 21.1.2025 I Nr. 20 <BR/>    Beachtung der<BR/>      EGRL 34/98     (CELEX Nr: 31998L0034) vgl. V v. 23.4.2007 I 586  +++)<BR/><BR/></pre>Überschrift: Buchstabenabkürzung eingefügt durch Art. 1 Nr. 1 V v. 5.10.1998 I 3134 mWv 14.10.1998</P></Content></fussnoten></textdaten></norm>
<norm builddate="20250611215502" doknr="BJNR000230986BJNG000101377"><metadaten><jurabk>BSAVfV</jurabk><gliederungseinheit><gliederungskennzahl>010</gliederungskennzahl><gliederungsbez>Abschnitt 1</gliederungsbez><gliederungstitel>Verfahren</gliederungstitel></gliederungseinheit></metadaten><textdaten><text format="XML"><Content><P/></Content></text><fussnoten/></textdaten></norm>
<norm builddate="20250611215502" doknr="BJNR000230986BJNE000601377"><metadaten><jurabk>BSAVfV</jurabk><enbez>§ 1</enbez><titel format="parat">Antrag</titel></metadaten><textdaten><text format="XML"><Content><P>(1) Der Sortenschutzantrag ist in zweifacher Ausfertigung, der Antrag auf Sortenzulassung in dreifacher Ausfertigung zu stellen; die Sortenbezeichnung ist in zweifacher Ausfertigung anzugeben.</P><P>(2) Für die Anträge und die Angabe der Sortenbezeichnung sind Vordrucke des Bundessortenamtes zu verwenden.</P><P>(3) Betrifft der Antrag auf Sortenzulassung eine Sorte von <DL Font="normal" Type="arabic"><DT>1.</DT><DD Font="normal"><LA Size="normal">Getreide,</LA></DD> <DT>2.</DT><DD Font="normal"><LA Size="normal">Welschem Weidelgras,</LA></DD> <DT>3.</DT><DD Font="normal"><LA Size="normal">Deutschem Weidelgras mit Ausnahme von Sorten, deren Aufwuchs nicht zur Nutzung als Futterpflanze bestimmt ist,</LA></DD> <DT>4.</DT><DD Font="normal"><LA Size="normal">Winterraps zur Körnernutzung oder</LA></DD> <DT>5.</DT><DD Font="normal"><LA Size="normal">Kartoffel,</LA></DD> </DL>so sind ihm Ergebnisse von Prüfungen beizufügen, die Aufschluss über die Eigenschaften der Sorte geben. Das Bundessortenamt setzt, soweit es zur Sicherstellung der Vergleichbarkeit der Ergebnisse notwendig ist, nach Anhörung der betroffenen Spitzenverbände allgemeine Anforderungen an die Prüfungen fest und teilt diese auf Anfrage mit.</P></Content>  </text><fussnoten/></textdaten></norm>
<norm builddate="20250611215502" doknr="BJNR000230986BJNE002600377"><metadaten><jurabk>BSAVfV</jurabk><enbez>§ 1a</enbez><titel format="parat">Zulassung der elektronischen Form</titel></metadaten><textdaten><text format="XML"><Content><P>Beim Bundessortenamt können in folgenden Antragsverfahren elektronische Dokumente eingereicht werden: <DL Font="normal" Type="arabic"><DT>1.</DT><DD Font="normal"><LA Size="normal">Sortenschutz,</LA></DD> <DT>2.</DT><DD Font="normal"><LA Size="normal">Sortenzulassung.</LA></DD> </DL></P></Content></text><fussnoten/></textdaten></norm>
<norm builddate="20250611215502" doknr="BJNR000230986BJNE002703301"><metadaten><jurabk>BSAVfV</jurabk><enbez>§ 1b</enbez><titel format="XML">Art und Weise der Einreichung der Anträge in elektronischer Form</titel></metadaten><textdaten><text format="XML"><Content><P>(1) Die elektronischen Dokumente sind in der Anlage bezeichneten Art und Weise einzureichen.</P><P>(2) Die elektronischen Dokumente können ebenfalls ohne elektronische Signatur in Papierform eingereicht werden. In diesem Fall sind der nach dem Ausdrucken automatisch erzeugte 2D-Barcode und die handschriftliche Unterschrift zwingend notwendig.</P></Content></text><fussnoten/></textdaten></norm>
<norm builddate="20250611215502" doknr="BJNR000230986BJNE000705360"><metadaten><jurabk>BSAVfV</jurabk><enbez>§ 2</enbez><titel format="XML">Registerprüfung</titel></metadaten><textdaten><text format="XML"><Content><P>(1) Das Bundessortenamt beginnt die Prüfung der Sorte auf Unterscheidbarkeit, Homogenität und Beständigkeit (Registerprüfung) in der auf den Antragstag folgenden Vegetationsperiode, wenn der Antrag bis zu dem für die jeweilige Art bekanntgemachten Termin vollständig eingegangen ist. Im Falle des § 26 Abs. 4 des Sortenschutzgesetzes beginnt das Bundessortenamt die Registerprüfung in der Vegetationsperiode, die dem Einsendetermin folgt, bis zu dem das Vermehrungsmaterial vorgelegt worden ist. Grundlage der Registerprüfung ist das vom Antragsteller für die Prüfung erstmals vorgelegte Vermehrungsmaterial oder Saatgut.</P><P>(2) Bei Sorten, deren Pflanzen durch Kreuzung bestimmter Erbkomponenten erzeugt werden, kann das Bundessortenamt die Registerprüfung von Amts wegen auf alle Erbkomponenten erstrecken.</P><P>(3) Bei Rebe und Baumarten kann das Bundessortenamt auf Antrag die Registerprüfung später beginnen, und zwar bei <DL Font="normal" Type="arabic"><DT>1.</DT><DD Font="normal"><LA>Sorten von Baumarten, soweit das Vermehrungsgut hinsichtlich des Inverkehrbringens dem Forstvermehrungsgutgesetz unterliegt, bis zur Zulassung als Ausgangsmaterial nach § 4 des Forstvermehrungsgutgesetzes vom 22. Mai 2002 (BGBl. I S. 1658) in der jeweils geltenden Fassung;</LA></DD><DT>2.</DT><DD Font="normal"><LA Size="normal">Sorten von Obstarten einschließlich Unterlagssorten sowie von Gehölzen für den Straßen- und Landschaftsbau bis längstens 15 Jahre nach der Antragstellung;</LA></DD><DT>3.</DT><DD Font="normal"><LA Size="normal">Ziersorten bis längstens 8 Jahre nach der Antragstellung.</LA></DD></DL></P><P>(4) Die Registerprüfung dauert bis zum Ende der für das Feststellen ausreichender Prüfungsergebnisse für die Erstellung des Prüfungsberichtes nach § 7 erforderlichen Zeit (Regelprüfzeit), soweit ausreichende Prüfungsergebnisse für die Erstellung eines Prüfungsberichtes gemäß § 7 vorliegen. Das Bundessortenamt macht die Regelprüfzeit für die einzelnen Arten bekannt.</P><P>(5) Bei der Registerprüfung kann das Bundessortenamt auch Ergebnisse der Wertprüfung heranziehen.</P></Content></text><fussnoten/></textdaten></norm>
<norm builddate="20250611215502" doknr="BJNR000230986BJNE000801377"><metadaten><jurabk>BSAVfV</jurabk><enbez>§ 3</enbez><titel format="parat">Wertprüfung</titel></metadaten><textdaten><text format="XML"><Content><P>(1) Das Bundessortenamt beginnt im Verfahren der Sortenzulassung die Prüfung der Sorte auf landeskulturellen Wert (Wertprüfung), sobald es nach den Ergebnissen der Registerprüfung annimmt, dass die Sorte voraussichtlich unterscheidbar, homogen und beständig ist. Das Bundessortenamt kann mit der Wertprüfung früher, jedoch nicht vor der Registerprüfung beginnen.</P><P>(2) Auf Antrag kann das Bundessortenamt die Wertprüfung später als nach Absatz 1 Satz 1 beginnen oder sie, falls es sie bereits begonnen hat, aussetzen, wenn ein wichtiger Grund vorliegt, insbesondere wenn der Antragsteller ohne Verschulden nicht über das für die Wertprüfung erforderliche Saatgut verfügt. In diesem Fall setzt es dem Antragsteller eine Frist, innerhalb derer das erforderliche Saatgut vorzulegen ist.</P><P>(3) Das Bundessortenamt kann die Wertprüfung von Amts wegen aussetzen, wenn sich in der Registerprüfung Zweifel hinsichtlich der Unterscheidbarkeit der Sorte oder Mängel in der Homogenität oder Beständigkeit ergeben haben.</P><P>(4) Die Wertprüfung dauert in der Regel drei Ertragsjahre.</P><P>(5) Bei der Wertprüfung kann das Bundessortenamt auch Ergebnisse der Registerprüfung heranziehen.</P></Content>    </text><fussnoten/></textdaten></norm>
<norm builddate="20250611215502" doknr="BJNR000230986BJNE000901377"><metadaten><jurabk>BSAVfV</jurabk><enbez>§ 4</enbez><titel format="parat">Prüfung der physiologischen Merkmale bei Rebe</titel></metadaten><textdaten><text format="XML"><Content><P>(1) Im Verfahren der Sortenzulassung gilt für die Prüfung der physiologischen Merkmale bei Sorten von Rebe § 3 Abs. 1 bis 3 und 5 entsprechend. Die Prüfung dauert mindestens fünf Ertragsjahre.</P><P>(2) Bei der Prüfung kann das Bundessortenamt auch Feststellungen auf Grund vergleichender Sortenprüfungen heranziehen, wenn diese amtlich oder unter amtlicher Überwachung angelegt und ausgewertet worden sind.</P></Content> </text><fussnoten/></textdaten></norm>
<norm builddate="20250611215502" doknr="BJNR000230986BJNE001001377"><metadaten><jurabk>BSAVfV</jurabk><enbez>§ 5</enbez><titel format="parat">Vermehrungsmaterial, Saatgut</titel></metadaten><textdaten><text format="XML"><Content><P>Das Bundessortenamt bestimmt, wann, wo und in welcher Menge und Beschaffenheit das Vermehrungsmaterial oder Saatgut für die Registerprüfung sowie das Saatgut für die Wertprüfung und bei Sorten von Rebe für die Prüfung der physiologischen Merkmale vorzulegen ist. Das Vermehrungsmaterial oder Saatgut darf keiner Behandlung unterzogen worden sein, soweit nicht das Bundessortenamt eine solche vorgeschrieben oder gestattet hat.</P></Content></text><fussnoten/></textdaten></norm>
<norm builddate="20250611215502" doknr="BJNR000230986BJNE001104377"><metadaten><jurabk>BSAVfV</jurabk><enbez>§ 6</enbez><titel format="parat">Durchführung der Prüfungen</titel></metadaten><textdaten><text format="XML"><Content><P>(1) Unter Berücksichtigung der botanischen Gegebenheiten wählt das Bundessortenamt für die einzelnen Arten die für die Unterscheidbarkeit der Sorten wichtigen Merkmale aus und setzt Art und Umfang der Prüfungen fest. Dabei erstreckt das Bundessortenamt <DL Font="normal" Type="arabic"><DT>1.</DT><DD Font="normal"><LA Size="normal">im Falle der in Artikel 1 der Richtlinie 2003/90/EG der Kommission vom 6. Oktober 2003 mit Durchführungsbestimmungen zu Artikel 7 der Richtlinie 2002/53/EG des Rates hinsichtlich der Merkmale, auf welche sich die Prüfungen mindestens zu erstrecken haben, und der Mindestanforderungen für die Prüfung bestimmter Sorten landwirtschaftlicher Pflanzenarten (ABl. EU Nr. L 254 S. 7) genannten Arten sowie</LA></DD> <DT>2.</DT><DD Font="normal"><LA Size="normal">im Falle der in Artikel 1 der Richtlinie 2003/91/EG der Kommission vom 6. Oktober 2003 mit Durchführungsbestimmungen zu Artikel 7 der Richtlinie 2002/55/EG des Rates hinsichtlich der Merkmale, auf welche sich die Prüfungen mindestens zu erstrecken haben, und der Mindestanforderungen für die Prüfung bestimmter Sorten von Gemüsearten (ABl. EU Nr. L 254 S. 11) genannten Arten</LA></DD> </DL>die Prüfung auf die Erfüllung der dort jeweils genannten Bedingungen unter Einbeziehung der dort jeweils in den jeweiligen Artikel 2 genannten Merkmale und berücksichtigt die dort jeweils in den jeweiligen Artikel 3 genannten Anforderungen. Soweit in den jeweiligen Artikeln 1 bis 3 der Richtlinien 2003/90/EG und 2003/91/EG auf die Anhänge dieser Richtlinien verwiesen wird, wendet das Bundessortenamt die Anhänge in der jeweils geltenden Fassung an. Werden diese Anhänge geändert, wendet das Bundessortenamt die Anhänge in der geänderten und im Amtsblatt der Europäischen Union veröffentlichten Fassung mit Beginn des in der Änderungsrichtlinie festgelegten Anwendungstages an.</P><P>(2) Gibt der Antragsteller im Antrag auf Sortenzulassung verschiedene, nicht vom selben Prüfungsumfang erfasste Anbauweisen oder Nutzungsrichtungen an, so werden die Wertprüfung und bei Sorten von Rebe die Prüfung der physiologischen Merkmale für jede angegebene Anbauweise oder Nutzungsrichtung gesondert durchgeführt.</P></Content> </text><fussnoten/></textdaten></norm>
<norm builddate="20250611215502" doknr="BJNR000230986BJNE001201377"><metadaten><jurabk>BSAVfV</jurabk><enbez>§ 7</enbez><titel format="parat">Prüfungsberichte</titel></metadaten><textdaten><text format="XML"><Content><P>Das Bundessortenamt übersendet dem Antragsteller jeweils einen Prüfungsbericht, sobald es das Ergebnis der Registerprüfung, der Wertprüfung oder bei Sorten von Rebe der Prüfung der physiologischen Merkmale zur Beurteilung der Sorte für ausreichend hält.</P></Content></text><fussnoten/></textdaten></norm>
<norm builddate="20250611215502" doknr="BJNR000230986BJNE001301377"><metadaten><jurabk>BSAVfV</jurabk><enbez>§ 8</enbez><titel format="parat">Nachprüfung des Fortbestehens der Sorte,
Überwachung der Sortenerhaltung</titel></metadaten><textdaten><text format="XML"><Content><P>(1) Für die Nachprüfung des Fortbestehens der geschützten Sorten und die Überwachung der Erhaltung der zugelassenen Sorten gelten die §§ 5 und 6 Abs. 1 entsprechend.</P><P>(2) Das Bundessortenamt kann für die Überwachung auch Proben, die <DL Font="normal" Type="arabic"><DT>1.</DT><DD Font="normal"><LA Size="normal">in Betrieben, die Saatgut erzeugen,</LA></DD> <DT>2.</DT><DD Font="normal"><LA Size="normal">aus im Verkehr befindlichem Saatgut oder</LA></DD> <DT>3.</DT><DD Font="normal"><LA Size="normal">von den jeweils zuständigen Stellen für andere Zwecke</LA></DD> </DL>entnommen worden sind, heranziehen.</P><P>(3) Der Sortenschutzinhaber hat dem Bundessortenamt die für die Nachprüfung des Fortbestehens der Sorte notwendigen Auskünfte zu erteilen und die Überprüfung der zur Sicherung des Fortbestehens der Sorte getroffenen Maßnahmen zu gestatten. Der Züchter und jeder weitere Züchter hat dem Bundessortenamt die für die Sortenüberwachung oder die Überwachung der weiteren Erhaltungszüchtung notwendigen Auskünfte zu erteilen und die Überprüfung der für die systematische Erhaltungszüchtung getroffenen Maßnahmen zu gestatten.</P><P>(4) Ergibt die Nachprüfung des Fortbestehens der Sorte oder die Sortenüberwachung, dass die Sorte nicht homogen oder nicht beständig ist, so übersendet das Bundessortenamt dem Sortenschutzinhaber oder dem Züchter einen Prüfungsbericht.</P></Content>   </text><fussnoten/></textdaten></norm>
<norm builddate="20250611215502" doknr="BJNR000230986BJNE001401377"><metadaten><jurabk>BSAVfV</jurabk><enbez>§ 9</enbez><titel format="parat">Anbau- und Marktbedeutung</titel></metadaten><textdaten><text format="XML"><Content><P>Zur Feststellung der Anbau- und Marktbedeutung einer Sorte nach § 36 Abs. 2 Nr. 2 des Saatgutverkehrsgesetzes kann das Bundessortenamt die Sorte anbauen. Die §§ 5 und 6 gelten entsprechend.</P></Content></text><fussnoten/></textdaten></norm>
<norm builddate="20250611215502" doknr="BJNR000230986BJNE001501377"><metadaten><jurabk>BSAVfV</jurabk><enbez>§ 10</enbez><titel format="parat">Bekanntmachungen</titel></metadaten><textdaten><text format="XML"><Content><P>Als Blatt für Bekanntmachungen des Bundessortenamtes wird das vom Bundessortenamt herausgegebene Blatt für Sortenwesen bestimmt.</P></Content></text><fussnoten/></textdaten></norm>
<norm builddate="20250611215502" doknr="BJNR000230986BJNG000201377"><metadaten><jurabk>BSAVfV</jurabk><gliederungseinheit><gliederungskennzahl>020</gliederungskennzahl><gliederungsbez>Abschnitt 2</gliederungsbez><gliederungstitel>Anerkennung von Saatgut
nicht zugelassener Sorten</gliederungstitel></gliederungseinheit></metadaten><textdaten><text format="XML"><Content><P/></Content></text><fussnoten/></textdaten></norm>
<norm builddate="20250611215502" doknr="BJNR000230986BJNE001602377"><metadaten><jurabk>BSAVfV</jurabk><enbez>§ 11</enbez></metadaten><textdaten><text format="XML"><Content><P>(1) Saatgut von Sorten nach § 55 Abs. 1 des Saatgutverkehrsgesetzes und von Sorten, die in einem der Sortenliste entsprechenden Verzeichnis eines anderen Vertragsstaates eingetragen sind und für die die Erhaltungszüchtung im Geltungsbereich des Saatgutverkehrsgesetzes durchgeführt wird, darf anerkannt werden, <DL Font="normal" Type="arabic"><DT>1.</DT><DD Font="normal"><LA Size="normal">soweit dies erforderlich ist, um zur Verbesserung der Saatgutversorgung in Vertragsstaaten Vermehrungsvorhaben im Geltungsbereich des Saatgutverkehrsgesetzes durchführen zu können, und</LA></DD> <DT>2.</DT><DD Font="normal"><LA Size="normal">wenn Unterlagen vorliegen, die für die Anerkennung und die Nachprüfung die gleichen Informationen ermöglichen wie bei zugelassenen Sorten.</LA></DD> </DL> </P><P>(2) Das Bundessortenamt stellt auf Antrag fest, ob die Voraussetzungen nach Absatz 1 vorliegen, und erteilt dem Antragsteller hierüber einen Bescheid.</P></Content></text><fussnoten/></textdaten></norm>
<norm builddate="20250611215502" doknr="BJNR000230986BJNG000307301"><metadaten><jurabk>BSAVfV</jurabk><gliederungseinheit><gliederungskennzahl>030</gliederungskennzahl><gliederungsbez>Abschnitt 3</gliederungsbez><gliederungstitel>(weggefallen)</gliederungstitel></gliederungseinheit></metadaten><textdaten><text format="XML"><Content><P/></Content></text><fussnoten/></textdaten></norm>
<norm builddate="20250611215502" doknr="BJNR000230986BJNE001708301"><metadaten><jurabk>BSAVfV</jurabk><enbez>(XXXX) §§ 12 bis 14</enbez><titel format="XML">(weggefallen)</titel></metadaten><textdaten><text format="XML"><Content><P/></Content></text><fussnoten/></textdaten></norm>
<norm builddate="20250611215502" doknr="BJNR000230986BJNG000401377"><metadaten><jurabk>BSAVfV</jurabk><gliederungseinheit><gliederungskennzahl>040</gliederungskennzahl><gliederungsbez>Abschnitt 4</gliederungsbez><gliederungstitel>Schlussvorschriften</gliederungstitel></gliederungseinheit></metadaten><textdaten><text format="XML"><Content><P/></Content></text><fussnoten/></textdaten></norm>
<norm builddate="20250611215502" doknr="BJNR000230986BJNE002002377"><metadaten><jurabk>BSAVfV</jurabk><enbez>§ 15</enbez><titel format="parat">Verkehr mit anderen Stellen</titel></metadaten><textdaten><text format="XML"><Content><P>Der Verkehr mit den zuständigen Behörden anderer Mitgliedstaaten und der Kommission der Europäischen Gemeinschaft obliegt dem Bundessortenamt in den Angelegenheiten, für die es nach § 37 des Saatgutverkehrsgesetzes zuständig ist.</P></Content></text><fussnoten/></textdaten></norm>
<norm builddate="20250611215502" doknr="BJNR000230986BJNE002506119"><metadaten><jurabk>BSAVfV</jurabk><enbez>§ 16</enbez><titel format="XML">Übergangsregelung</titel></metadaten><textdaten><text format="XML"><Content><P>Prüfungsgebühren, bei denen die Gebührenschuld nach § 13 Absatz 1 Satz 2 vor dem 1. Januar 2020 entstanden ist, sind nach den bis zum 31. Dezember 2019 geltenden Vorschriften dieser Verordnung zu erheben.</P></Content></text><fussnoten/></textdaten></norm>
<norm builddate="20250611215502" doknr="BJNR000230986BJNE002203377"><metadaten><jurabk>BSAVfV</jurabk><enbez>§ 17</enbez></metadaten><textdaten><text format="XML"><Content><P>(Inkrafttreten)</P></Content></text><fussnoten/></textdaten></norm>
<norm builddate="20250611215502" doknr="BJNR000230986BJNE002803301"><metadaten><jurabk>BSAVfV</jurabk><enbez>Anlage</enbez><titel format="XML">(zu § 1b Absatz 1)</titel></metadaten><textdaten><text format="XML"><Content><P><noindex><kommentar typ="Fundstelle">(Fundstelle: BGBl. I 2007, 578 - 579; *% bzgl. der einzelnen Änderungen vgl. Fußnote)</kommentar></noindex></P><P><DL Font="normal" Type="arabic"><DT>1.</DT><DD Font="normal"><LA Size="normal">Die elektronischen Dokumente sind mit einer qualifizierten elektronischen Signatur zu versehen und an das Bundessortenamt im Wege der Dateiübertragung mittels des Protokolls HTTP-S (Hyper Text Transfer Protocol Secure) zu übermitteln. Die offene Übertragung als Dateianhang an eine elektronische Nachricht (E-Mail) ist nicht erlaubt.</LA><LA Size="normal">Die Übermittlung auf Datenträgern ist nicht zugelassen.</LA></DD><DT>2.</DT><DD Font="normal"><LA Size="normal">Zur qualifizierten elektronischen Signatur sind die aktuellen Hinweise auf der Internetseite</LA><LA Size="normal">http://www.bundessortenamt.de/signatur</LA><LA Size="normal">zu beachten.</LA><LA Size="normal">Die Signatur bezieht den Antrag mit allen seinen Anlagen ein.</LA></DD><DT>3.</DT><DD Font="normal"><LA Size="normal">Das elektronische Dokument muss folgenden Formatbedingungen genügen:<DL Font="normal" Type="arabic"><DT>a)</DT><DD Font="normal"><LA Size="normal">Antrag mit Technischem Fragebogen</LA><LA Size="normal">Adobe PDF 1.6 (Portable Document Format) und höher (gemäß den bereitgestellten Anträgen), Formatänderungen sind nicht erlaubt,</LA></DD><DT>b)</DT><DD Font="normal"><LA Size="normal">Anlagen<DL Font="normal" Type="arabic"><DT>aa)</DT><DD Font="normal"><LA Size="normal">Adobe PDF 1.3 (Portable Document Format) und höher</LA></DD><DT>bb)</DT><DD Font="normal"><LA Size="normal">Microsoft Word 97 und höher</LA></DD><DT>cc)</DT><DD Font="normal"><LA Size="normal">Microsoft Excel 97 und höher</LA></DD><DT>dd)</DT><DD Font="normal"><LA Size="normal">ASCII (American Standard Code for Information Interchange)</LA></DD><DT>ee)</DT><DD Font="normal"><LA Size="normal">JPEG (Joint Photographic Experts Group).</LA></DD></DL></LA></DD></DL></LA></DD><DT>4.</DT><DD Font="normal"><LA Size="normal">Die Dateinamen für Anlagen müssen einer der folgenden Bedingungen genügen:<DL Font="normal" Type="arabic"><DT>a)</DT><DD Font="normal"><LA Size="normal">Bezeichnung &quot;Anlage&quot; mit fortlaufender Nummer<DL Font="normal" Type="arabic"><DT>–</DT><DD Font="normal"><LA Size="normal">Beispiel 1: Anlage1.pdf</LA></DD><DT>–</DT><DD Font="normal"><LA Size="normal">Beispiel 2: Anlage2.doc,</LA></DD></DL></LA></DD><DT>b)</DT><DD Font="normal"><LA Size="normal">Bezeichnung &quot;Anlage&quot; mit inhaltlicher Kurzbezeichnung (Dateiname einschließlich dessen Erweiterung: maximal 25-stellig, ohne Sonderzeichen; Umlaute sind zu umschreiben)<DL Font="normal" Type="arabic"><DT>–</DT><DD Font="normal"><LA Size="normal">Beispiel 3: Anlage Vollmacht.pdf</LA></DD><DT>–</DT><DD Font="normal"><LA Size="normal">Beispiel 4: Anlage Zeitvorrang.pdf</LA></DD><DT>–</DT><DD Font="normal"><LA Size="normal">Beispiel 5: Anlage Foto1.jpg.</LA></DD></DL></LA></DD></DL></LA></DD><DT>5.</DT><DD Font="normal"><LA Size="normal">Die Anlagen können für die Übersendung in einer Archivdatei des Formates ZIP zusammengefasst werden. Das ZIP-Archiv darf keine anderen ZIP-Archive und keine Verzeichnisstrukturen enthalten. In einem ZIP-Archiv sollen nur Dateien abgelegt werden, die zu einem Antrag gehören – Beispiel 6: Anlage.zip.</LA></DD></DL></P></Content></text><fussnoten/></textdaten></norm>
</dokumente>