<?xml version="1.0" encoding="UTF-8" ?><!DOCTYPE dokumente SYSTEM "http://www.gesetze-im-internet.de/dtd/1.01/gii-norm.dtd">
<dokumente builddate="20130405133143" doknr="DDNR002510990"><norm builddate="20130405133143" doknr="DDNR002510990"><metadaten><jurabk>GenBkBEAnO</jurabk><ausfertigung-datum manuell="ja">1990-03-30</ausfertigung-datum><fundstelle typ="amtlich"><periodikum>GBl DDR I</periodikum><zitstelle>1990, 251</zitstelle></fundstelle><fundstelle typ="amtlich"><periodikum>GBl DDR I</periodikum><zitstelle>1990, Nr 27, 251</zitstelle></fundstelle><langue>Anordnung über das Statut der Genossenschaftsbank Berlin</langue></metadaten><textdaten><text format="XML"><Content><P/></Content></text><fussnoten><Content><P>(+++ Textnachweis Geltung ab:                   3.10.1990 +++) <BR/>(+++ Maßgaben aufgrund EinigVtr vgl. GenBkBEAnO Anhang EV +++)</P><P><BR/> Im Beitrittsgebiet fortgeltendes Recht der ehem. Deutschen Demokratischen Republik gem. Anlage II Kap. IV Abschn. III Nr. 5 nach Maßgabe d. Art. 9 EinigVtr v. 31.8.1990 iVm Art. 1 G v. 23.9.1990 II 885, 1199 mWv 3.10.1990.</P></Content></fussnoten></textdaten></norm>
<norm builddate="20130405133143" doknr="DDNR002510990BJNE000100314"><metadaten><jurabk>GenBkBEAnO</jurabk><enbez>§ 1</enbez></metadaten><textdaten><text format="XML"><Content><P>Auf der Grundlage des § 11 des Gesetzes vom 19. Dezember 1974 über die Staatsbank der Deutschen Demokratischen Republik (GBl. I Nr. 62 S. 580) in der Fassung des Gesetzes vom 6. März 1990 zur Änderung des Gesetzes über die Staatsbank der Deutschen Demokratischen Republik (GBl. I Nr. 16 S. 125) wird das Statut der Genossenschaftsbank Berlin (Anlage) bestätigt.</P></Content></text></textdaten></norm>
<norm builddate="20130405133143" doknr="DDNR002510990BJNE000200314"><metadaten><jurabk>GenBkBEAnO</jurabk><enbez>§ 2</enbez></metadaten><textdaten><text format="XML"><Content><P>Die Allgemeinen Geschäftsbedingungen der Bank für Landwirtschaft und Nahrungsgüterwirtschaft der DDR gemäß Anordnung vom 17. November 1969 (GBl. II Nr. 93 S. 575) bleiben bis zur Bestätigung der Geschäftsbedingungen der Genossenschaftsbank Berlin in Kraft.</P></Content></text></textdaten></norm>
<norm builddate="20130405133143" doknr="DDNR002510990BJNE000300314"><metadaten><jurabk>GenBkBEAnO</jurabk><enbez>§ 3</enbez></metadaten><textdaten><text format="XML"><Content><P>Diese Anordnung tritt am 1. April 1990 in Kraft.</P></Content></text></textdaten></norm>
<norm builddate="20130405133143" doknr="DDNR002510990BJNE000400314"><metadaten><jurabk>GenBkBEAnO</jurabk><enbez>Schlußformel</enbez></metadaten><textdaten><text format="XML"><Content><P><B>Der Präsident der Staatsbank der Deutschen Demokratischen Republik</B></P></Content></text></textdaten></norm>
<norm builddate="20130405133143" doknr="DDNR002510990BJNE888800301"><metadaten><jurabk>GenBkBEAnO</jurabk><enbez>Anhang EV</enbez><titel format="XML">Auszug aus EinigVtr Anlage II Kapitel IV Abschnitt III
<BR/>
(BGBl. II 1990, 889, 1199)</titel></metadaten><textdaten><text format="XML"><Content><P><noindex> Abschnitt III <BR/>Folgendes Recht der Deutschen Demokratischen Republik bleibt mit folgenden Maßgaben in Kraft: <DL Font="normal" Type="arabic"><DT>1.</DT><DD Font="normal"><LA Size="normal">bis 4. ...</LA></DD> <DT>5.</DT><DD Font="normal"><LA Size="normal">Anordnung über das Statut der Genossenschaftsbank Berlin vom 30. März 1990 (GBl. I Nr. 27 S. 251), geändert durch Anordnung Nr. 2 über das Statut der Genossenschaftsbank Berlin vom 23. August 1990 (GBl. I Nr. 58 S. 1426)</LA><LA Size="normal">mit folgender Maßgabe:</LA><LA Size="normal">Der Minister der Finanzen kann im Einvernehmen mit dem Bundesminister der Finanzen durch Rechtsverordnung das Statut der Genossenschaftsbank Berlin ändern, soweit dies zur Herstellung einer gesunden Struktur des genossenschaftlichen Bankwesens und zur Anpassung der Rechtsverhältnisse der Genossenschaftsbank Berlin an die anderer Kreditinstitute erforderlich ist. In der Verordnung kann auch die Umwandlung der Genossenschaftsbank Berlin in eine Kapitalgesellschaft vorgesehen oder zugelassen werden. Nach Herstellung der deutschen Einheit geht die Verordnungsermächtigung auf den Bundesminister der Finanzen über.</LA></DD>   </DL>... </noindex></P></Content></text></textdaten></norm>
</dokumente>