<?xml version="1.0" encoding="UTF-8" ?><!DOCTYPE dokumente SYSTEM "http://www.gesetze-im-internet.de/dtd/1.01/gii-norm.dtd">
<dokumente builddate="20240424214519" doknr="BJNR506500994"><norm builddate="20240424214519" doknr="BJNR506500994"><metadaten><jurabk>LuftVODV 140</jurabk><ausfertigung-datum manuell="ja">1994-03-15</ausfertigung-datum><fundstelle typ="amtlich"><periodikum>BAnz</periodikum><zitstelle>1994, Nr 65, 3801</zitstelle></fundstelle><fundstelle typ="amtlich"><periodikum>BAnz</periodikum><zitstelle>1994, 3801</zitstelle></fundstelle><langue>Hundertvierzigste Durchführungsverordnung zur Luftverkehrs-Ordnung (Festlegung von Flugverfahren für An- und Abflüge nach Sichtflugregeln zum und vom Flughafen Heringsdorf)</langue></metadaten><textdaten><text format="decorated"/><fussnoten><Content><P>Wegen nicht darstellbarer Zeichen nur mit Überschrift aufgenommen</P></Content></fussnoten></textdaten></norm>
</dokumente>