<?xml version="1.0" encoding="UTF-8" ?><!DOCTYPE dokumente SYSTEM "http://www.gesetze-im-internet.de/dtd/1.01/gii-norm.dtd">
<dokumente builddate="20131008093856" doknr="BJNR234420002"><norm builddate="20131008093856" doknr="BJNR234420002"><metadaten><jurabk>GrBrückVtr2000CZEG</jurabk><ausfertigung-datum manuell="ja">2002-08-28</ausfertigung-datum><fundstelle typ="amtlich"><periodikum>BGBl II</periodikum><zitstelle>2002, 2344</zitstelle></fundstelle><langue>Gesetz zu dem Vertrag vom 12. September 2000 zwischen der Bundesrepublik Deutschland und der Tschechischen Republik über den Zusammenschluss der deutschen Autobahn A 17 und der tschechischen Autobahn D 8 an der gemeinsamen Staatsgrenze durch Errichtung einer Grenzbrücke</langue></metadaten><textdaten><text format="XML"><Content><P/></Content></text><fussnoten><Content><P><BR/> <pre xml:space="preserve">(+++ Textnachweis ab: 4.9.2002 +++)<BR/><BR/></pre></P></Content></fussnoten></textdaten></norm>
<norm builddate="20131008093856" doknr="BJNR234420002BJNE000100000"><metadaten><jurabk>GrBrückVtr2000CZEG</jurabk><enbez>Eingangsformel</enbez></metadaten><textdaten><text format="XML"><Content><P>Der Bundestag hat mit Zustimmung des Bundesrates das folgende Gesetz beschlossen:</P></Content></text></textdaten></norm>
<norm builddate="20131008093856" doknr="BJNR234420002BJNE000200000"><metadaten><jurabk>GrBrückVtr2000CZEG</jurabk><enbez>Art 1</enbez></metadaten><textdaten><text format="XML"><Content><P>Dem in Berlin am 12. September 2000 unterzeichneten Vertrag zwischen der Bundesrepublik Deutschland und der Tschechischen Republik über den Zusammenschluss der deutschen Autobahn A 17 und der tschechischen Autobahn D 8 an der gemeinsamen Staatsgrenze durch Errichtung einer Grenzbrücke wird zugestimmt. Der Vertrag wird nachstehend veröffentlicht.</P></Content></text></textdaten></norm>
<norm builddate="20131008093856" doknr="BJNR234420002BJNE000300000"><metadaten><jurabk>GrBrückVtr2000CZEG</jurabk><enbez>Art 2</enbez></metadaten><textdaten><text format="XML"><Content><P>(1) Der Baustellenbereich der Grenzbrücke und nach ihrer Fertigstellung die Grenzbrücke selbst gelten, soweit es sich um Lieferungen von Gegenständen und sonstigen Leistungen handelt, die für den Bau und die Instandsetzung und Erneuerung der Grenzbrücke bestimmt sind, für die Anwendung des deutschen Umsatzsteuerrechts und des Mehrwertsteuerrechts der Tschechischen Republik als Hoheitsgebiet der Tschechischen Republik.</P><P>(2) Für die in Artikel 9 Abs. 2 Satz 1 des Vertrages genannten Waren werden außer Zöllen keine Einfuhrabgaben erhoben. Dies gilt nicht bei der Einfuhr von Waren für die öffentlichen Bauverwaltungen.</P></Content> </text></textdaten></norm>
<norm builddate="20131008093856" doknr="BJNR234420002BJNE000400000"><metadaten><jurabk>GrBrückVtr2000CZEG</jurabk><enbez>Art 3</enbez></metadaten><textdaten><text format="XML"><Content><P>(1) Dieses Gesetz tritt am Tage nach seiner Verkündung in Kraft.</P><P>(2) Der Tag, an dem der Vertrag nach seinem Artikel 15 Abs. 2 in Kraft tritt, ist im Bundesgesetzblatt bekannt zu geben.</P></Content> </text></textdaten></norm>
</dokumente>