<?xml version="1.0" encoding="UTF-8" ?><!DOCTYPE dokumente SYSTEM "http://www.gesetze-im-internet.de/dtd/1.01/gii-norm.dtd">
<dokumente builddate="20131202132501" doknr="BJNR006580989"><norm builddate="20131202132501" doknr="BJNR006580989"><metadaten><jurabk>Münz10DMBek 1989</jurabk><ausfertigung-datum manuell="ja">1989-03-30</ausfertigung-datum><fundstelle typ="amtlich"><periodikum>BGBl I</periodikum><zitstelle>1989, 658</zitstelle></fundstelle><langue>Bekanntmachung über die Ausprägung von Bundesmünzen im Nennwert von 10
Deutschen Mark (Gedenkmünze 40 Jahre Bundesrepublik Deutschland)</langue></metadaten><textdaten><text format="XML"><Content><P/></Content></text><fussnoten><Content><P>(+++ Textnachweis ab: 11. 4.1989 +++)</P></Content></fussnoten></textdaten></norm>
<norm builddate="20131202132501" doknr="BJNR006580989BJNE000100326"><metadaten><jurabk>Münz10DMBek 1989</jurabk><enbez>(XXXX)</enbez></metadaten><textdaten><text format="XML"><Content><P>(1) Auf Grund des § 6 des Gesetzes über die Ausprägung von Scheidemünzen in der im Bundesgesetzblatt Teil III, Gliederungsnummer 690-1, veröffentlichten bereinigten Fassung hat die Bundesregierung beschlossen, zum 40jährigen Bestehen der Bundesrepublik Deutschland im Jahre 1989 eine Bundesmünze (Gedenkmünze) im Nennwert von 10 Deutschen Mark prägen zu lassen. Die Auflage der Münze beträgt 8,35 Millionen Stück. Die Prägung erfolgt in der Staatlichen Münze Karlsruhe.</P><P>(2) Die Münze wird ab 17. Mai 1989 in den Verkehr gebracht.</P><P>(3) Die Münze besteht aus einer Legierung von 625 Tausendteilen Silber und 375 Tausendteilen Kupfer. Sie hat einen Durchmesser von 32,5 Millimetern und ein Gewicht von 15,5 Gramm.</P><P>(4) Das Gepräge auf beiden Seiten ist erhaben und wird von einem schützenden glatten Randstab umgeben.</P><P>(5) Die Bildseite zeigt die Wappen der 11 Bundesländer, die kreisförmig angeordnet und durch Seile miteinander verbunden sind. Die Anordnung der Seile läßt in der Mitte die Zahl 40 erkennen.<BR/>Die Umschrift lautet: <DL Font="normal" Type="arabic"><DT/><DD Font="normal"><LA Size="normal">&quot;BUNDESREPUBLIK DEUTSCHLAND<DL Font="normal" Type="arabic"><DT/><DD Font="normal"><LA Size="normal"><ABWFORMAT typ="A"/>- 1949 - 1989 -&quot;.</LA></DD></DL></LA></DD></DL></P><P>(6) Die Wertseite trägt einen Adler, die Jahreszahl 1989, das Münzzeichen &quot;G&quot; der Staatlichen Münze Karlsruhe und die Umschrift: <DL Font="normal" Type="arabic"><DT/><DD Font="normal"><LA Size="normal">&quot;BUNDESREPUBLIK DEUTSCHLAND<DL Font="normal" Type="arabic"><DT/><DD Font="normal"><LA Size="normal">10 DEUTSCHE MARK&quot;.</LA></DD></DL></LA></DD></DL></P><P>(7) Die Jahreszahl ist - unterteilt in &quot;19&quot; und &quot;89&quot; - beiderseits der Wertziffer 10 angebracht. Das Münzzeichen &quot;G&quot; steht neben dem rechten Fang des Adlers.</P><P>(8) Der glatte Münzrand enthält in vertiefter Prägung die Inschrift: <DL Font="normal" Type="arabic"><DT/><DD Font="normal"><LA Size="normal">&quot;40 JAHRE FRIEDEN UND FREIHEIT&quot;.</LA></DD></DL></P><P>(9) Zwischen Ende und Anfang der Randschrift ist ein fünfeckiger Stern eingeprägt.</P><P>(10) Der Entwurf der Münze stammt von Reinhart Heinsdorff, Ottmaring.<BR/><BR/><SP>Der Bundesminister der Finanzen</SP></P></Content></text></textdaten></norm>
<norm builddate="20131202132501" doknr="BJNR006580989BJNE000200326"><metadaten><jurabk>Münz10DMBek 1989</jurabk><enbez>(XXXX)</enbez><titel format="XML">Abbildung der Münze</titel></metadaten><textdaten><text format="XML"><Content><P><noindex><kommentar typ="Fundstelle"><BR/>(Fundstelle: BGBl. I 1989, 658)</kommentar></noindex><BR/><BR/><IMG Align="center" Pos="block" SRC="bgbl1_1989_j0658_0010.jpg" alt=""/><BR/><BR/></P></Content></text></textdaten></norm>
</dokumente>