<?xml version="1.0" encoding="UTF-8" ?><!DOCTYPE dokumente SYSTEM "http://www.gesetze-im-internet.de/dtd/1.01/gii-norm.dtd">
<dokumente builddate="20120625152635" doknr="BJNR036300003"><norm builddate="20120625152635" doknr="BJNR036300003"><metadaten><jurabk>BPAWidAnO</jurabk><ausfertigung-datum manuell="ja">2003-03-10</ausfertigung-datum><fundstelle typ="amtlich"><periodikum>BGBl I</periodikum><zitstelle>2003, 363</zitstelle></fundstelle><langue>Anordnung zur Übertragung von Zuständigkeiten für den Erlass von
Widerspruchsbescheiden und die Vertretung des Dienstherrn bei Klagen von
Beschäftigten des Presse- und Informationsamtes der Bundesregierung in
Angelegenheiten nach den Beihilfevorschriften</langue></metadaten><textdaten><text format="XML"><Content><P/></Content></text><fussnoten><Content><P><BR/> <pre xml:space="preserve">(+++ Textnachweis ab: 19 3.2003 +++)<BR/><BR/></pre></P></Content></fussnoten></textdaten></norm>
<norm builddate="20120625152635" doknr="BJNR036300003BJNE000100000"><metadaten><jurabk>BPAWidAnO</jurabk><enbez>I.</enbez></metadaten><textdaten><text format="XML"><Content><P>Nach § 126 Abs. 3 Nr. 2 des Beamtenrechtsrahmengesetzes in der Fassung der Bekanntmachung vom 31. März 1999 (BGBl. I S. 654) in Verbindung mit § 172 des Bundesbeamtengesetzes in der Fassung der Bekanntmachung vom 31. März 1999 (BGBl. I S. 675) übertrage ich die Entscheidung über Widersprüche in Angelegenheiten nach den Beihilfevorschriften des Bundes auf das Bundesamt für Finanzen, soweit es die Maßnahme, die Gegenstand des Widerspruches ist, selbst getroffen hat.</P></Content></text></textdaten></norm>
<norm builddate="20120625152635" doknr="BJNR036300003BJNE000200000"><metadaten><jurabk>BPAWidAnO</jurabk><enbez>II.</enbez></metadaten><textdaten><text format="XML"><Content><P>Nach § 174 Abs. 3 des Bundesbeamtengesetzes in der Fassung der Bekanntmachung vom 31. März 1999 (BGBl. I S. 675) übertrage ich die Vertretung des Dienstherrn Bundesrepublik Deutschland dem Bundesamt für Finanzen, soweit es nach Ziffer I. zur Entscheidung über den Widerspruch befugt war.</P></Content></text></textdaten></norm>
<norm builddate="20120625152635" doknr="BJNR036300003BJNE000300000"><metadaten><jurabk>BPAWidAnO</jurabk><enbez>III.</enbez></metadaten><textdaten><text format="XML"><Content><P>Diese Anordnung tritt am Tage ihrer Veröffentlichung in Kraft. Sie ist nicht anzuwenden auf Widersprüche bzw. Klagen, die vor ihrem Inkrafttreten eingelegt bzw. erhoben worden sind.</P></Content></text></textdaten></norm>
<norm builddate="20120625152635" doknr="BJNR036300003BJNE000400000"><metadaten><jurabk>BPAWidAnO</jurabk><enbez>Schlussformel</enbez></metadaten><textdaten><text format="XML"><Content><P>Der Chef des Presse- und Informationsamtes der Bundesregierung</P></Content></text></textdaten></norm>
</dokumente>