<?xml version="1.0" encoding="UTF-8" ?><!DOCTYPE dokumente SYSTEM "http://www.gesetze-im-internet.de/dtd/1.01/gii-norm.dtd">
<dokumente builddate="20231128213525" doknr="BJNR018700976"><norm builddate="20231128213525" doknr="BJNR018700976"><metadaten><jurabk>Münz5DMBek 1976-07</jurabk><ausfertigung-datum manuell="ja">1976-07-14</ausfertigung-datum><fundstelle typ="amtlich"><periodikum>BGBl I</periodikum><zitstelle>1976, 1870 (2425)</zitstelle></fundstelle><langue>Bekanntmachung über die Ausprägung von Bundesmünzen im Nennwert von 5
Deutschen Mark (Grimmelshausen-Gedenkmünze)</langue></metadaten><textdaten><text format="XML"><Content><P/></Content></text></textdaten></norm>
<norm builddate="20231128213525" doknr="BJNR018700976BJNE000100307"><metadaten><jurabk>Münz5DMBek 1976-07</jurabk><enbez>(XXXX)</enbez></metadaten><textdaten><text format="XML"><Content><P>(1) Auf Grund des Gesetzes über die Ausprägung von Scheidemünzen vom 8. Juli 1950 (Bundesgesetzbl. S. 323) ist aus Anlaß der 300. Wiederkehr des Todestages von Hans Jacob Christoph von Grimmelshausen eine Bundesmünze (Gedenkmünze) im Nennwert von 5 Deutschen Mark geprägt worden. Die Ausprägung erfolgte im Bayerischen Hauptmünzamt München, die Auflage beträgt 8 Millionen Stück.</P><P>(2) Die Münzen werden ab 17. August 1976 in den Verkehr gebracht. Der Entwurf der Münze stammt von Herrn Reinhart Heinsdorff, Ottmaring.</P><P>(3) Die Münze besteht aus einer Legierung von 625 Tausendteilen Feinsilber und 375 Tausendteilen Kupfer. Sie hat einen Durchmesser von 29 Millimetern und ein Gewicht von 11,2 Gramm.</P><P>(4) Das Gepräge auf beiden Seiten ist erhaben und wird von einem schützenden glatten Randstab umgeben.</P><P>(5) Die Bildseite enthält eine Wiedergabe des Titelbildes der Originalausgabe des &quot;Simplicissimus&quot;. Es zeigt ein Fabelwesen mit aufgeschlagenem Buch. Ferner weist die Bildseite die Umschrift <DL Font="normal" Type="arabic"><DT/><DD Font="normal"><LA Size="normal">&quot;HANS JACOB CHRISTOPH</LA><LA Size="normal">VON GRIMMELSHAUSEN</LA><LA Size="normal">1621 <ABWFORMAT typ="A"/>geb. 1676 <ABWFORMAT typ="A"/>gest.&quot;</LA></DD></DL>auf.</P><P>(6) Die Wertseite trägt einen Adler. Über dem Adler ist die Umschrift <DL Font="normal" Type="arabic"><DT/><DD Font="normal"><LA Size="normal">&quot;BUNDESREPUBLIK DEUTSCHLAND&quot;,</LA></DD></DL>am unteren Münzrand die Jahreszahl &quot;1976&quot; und die Umschrift <DL Font="normal" Type="arabic"><DT/><DD Font="normal"><LA Size="normal">&quot;5 DEUTSCHE MARK&quot;</LA></DD></DL>angebracht. Das Münzzeichen &quot;D&quot; des Bayerischen Hauptmünzamtes München befindet sich unterhalb der rechten Kralle des Adlers.</P><P>(7) Der glatte Münzrand trägt die vertiefte Inschrift <DL Font="normal" Type="arabic"><DT/><DD Font="normal"><LA Size="normal">&quot;DER ABENTHEURLICHE SIMPLICISSIMUS&quot;.</LA></DD></DL>Zwischen Ende und Anfang der Randschrift sind zwei kleine stilisierte Masken eingeprägt.</P><P>(8) Dies wird namens der Bundesregierung bekanntgemacht.</P></Content></text></textdaten></norm>
<norm builddate="20231128213525" doknr="BJNR018700976BJNE000200307"><metadaten><jurabk>Münz5DMBek 1976-07</jurabk><enbez>Schlußformel</enbez></metadaten><textdaten><text format="XML"><Content><P><SP>Der Bundesminister der Finanzen</SP></P></Content></text></textdaten></norm>
<norm builddate="20231128213525" doknr="BJNR018700976BJNE000300307"><metadaten><jurabk>Münz5DMBek 1976-07</jurabk><enbez>(XXXX)</enbez><titel format="parat">Abbildung der Münze</titel></metadaten><textdaten><text format="XML"><Content><P><ABWFORMAT typ="E"/>(Inhalt: nicht darstellbare Abbildung) <BR/><kommentar typ="Fundstelle">Fundstelle: BGBl I 1976, 1870</kommentar></P></Content></text></textdaten></norm>
</dokumente>