<?xml version="1.0" encoding="UTF-8" ?><!DOCTYPE dokumente SYSTEM "http://www.gesetze-im-internet.de/dtd/1.01/gii-norm.dtd">
<dokumente builddate="20210615213250" doknr="BJNR215700009"><norm builddate="20210615213250" doknr="BJNR215700009"><metadaten><jurabk>AgrarAusbV</jurabk><ausfertigung-datum manuell="ja">2009-07-23</ausfertigung-datum><fundstelle typ="amtlich"><periodikum>BGBl I</periodikum><zitstelle>2009, 2157</zitstelle></fundstelle><langue>Verordnung über die Berufsausbildung zur Fachkraft Agrarservice<FnR ID="f772414_01_BJNR215700009"/></langue><standangabe checked="ja"><standtyp>Stand</standtyp><standkommentar>Geändert durch Art. 1 V v. 6.5.2013 I 1250</standkommentar></standangabe></metadaten><textdaten><text format="XML"><Footnotes><Footnote FnZ="*" Group="column" ID="f772414_01_BJNR215700009" Pos="normal" Postfix=")"><noindex>Diese Rechtsverordnung ist eine Ausbildungsordnung im Sinne des § 4 des Berufsbildungsgesetzes. Die Ausbildungsordnung und der damit abgestimmte, von der Ständigen Konferenz der Kultusminister der Länder in der Bundesrepublik Deutschland beschlossene, Rahmenlehrplan für die Berufsschule werden als Beilage zum Bundesanzeiger veröffentlicht.</noindex></Footnote></Footnotes></text><fussnoten><Content><P><BR/> <pre xml:space="preserve">(+++ Textnachweis ab: 1.8.2009 +++)</pre></P></Content></fussnoten></textdaten></norm>
<norm builddate="20210615213250" doknr="BJNR215700009BJNE000100000"><metadaten><jurabk>AgrarAusbV</jurabk><enbez>Eingangsformel</enbez></metadaten><textdaten><text format="XML"><Content><P>Auf Grund des § 4 Absatz 1 in Verbindung mit § 5 des Berufsbildungsgesetzes vom 23. März 2005 (BGBl. I S. 931), von denen § 4 Absatz 1 durch Artikel 232 Nummer 1 der Verordnung vom 31. Oktober 2006 (BGBl. I S. 2407) geändert worden ist, verordnet das Bundesministerium für Ernährung, Landwirtschaft und Verbraucherschutz im Einvernehmen mit dem Bundesministerium für Bildung und Forschung:</P></Content></text></textdaten></norm>
<norm builddate="20210615213250" doknr="BJNR215700009BJNE000200000"><metadaten><jurabk>AgrarAusbV</jurabk><enbez>§ 1</enbez><titel format="XML">Staatliche Anerkennung des Ausbildungsberufes</titel></metadaten><textdaten><text format="XML"><Content><P>Der Ausbildungsberuf Fachkraft Agrarservice wird nach § 4 Absatz 1 des Berufsbildungsgesetzes staatlich anerkannt.</P></Content></text></textdaten></norm>
<norm builddate="20210615213250" doknr="BJNR215700009BJNE000300000"><metadaten><jurabk>AgrarAusbV</jurabk><enbez>§ 2</enbez><titel format="XML">Dauer der Berufsausbildung</titel></metadaten><textdaten><text format="XML"><Content><P>Die Ausbildung dauert drei Jahre.</P></Content></text></textdaten></norm>
<norm builddate="20210615213250" doknr="BJNR215700009BJNE000400000"><metadaten><jurabk>AgrarAusbV</jurabk><enbez>§ 3</enbez><titel format="XML">Ausbildungsrahmenplan, Ausbildungsberufsbild</titel></metadaten><textdaten><text format="XML"><Content><P>(1) Gegenstand der Berufsausbildung sind mindestens die im Ausbildungsrahmenplan (Anlage) aufgeführten Fertigkeiten, Kenntnisse und Fähigkeiten (berufliche Handlungsfähigkeit). Eine von dem Ausbildungsrahmenplan abweichende Organisation der Ausbildung ist insbesondere zulässig, soweit betriebspraktische Besonderheiten die Abweichung erfordern.</P><P>(2) Die Berufsausbildung gliedert sich wie folgt (Ausbildungsberufsbild):<BR/><BR/><SP>Abschnitt A</SP><BR/><BR/> Berufsprofilgebende Fertigkeiten, Kenntnisse und Fähigkeiten: <DL Font="normal" Type="arabic"><DT>1.</DT><DD Font="normal"><LA Size="normal">Betriebliche Abläufe und Organisation,</LA></DD><DT>2.</DT><DD Font="normal"><LA Size="normal">Wirtschaftliche Zusammenhänge,</LA></DD><DT>3.</DT><DD Font="normal"><LA Size="normal">Bedienen und Führen landwirtschaftlicher Maschinen,</LA></DD><DT>4.</DT><DD Font="normal"><LA Size="normal">Pflegen, Warten und Instandhalten von Agrartechnik,</LA></DD><DT>5.</DT><DD Font="normal"><LA Size="normal">Pflanzenproduktion, <DL Font="normal" Type="arabic"><DT>5.1</DT><DD Font="normal"><LA Size="normal">Bodenbearbeitung,</LA></DD><DT>5.2</DT><DD Font="normal"><LA Size="normal">Bestellen und Pflegen von Kulturen,</LA></DD><DT>5.3</DT><DD Font="normal"><LA Size="normal">Ernten, Lagern und Konservieren pflanzlicher Produkte;</LA></DD></DL></LA></DD><DT>6.</DT><DD Font="normal"><LA Size="normal">Kommunikation und Information,</LA></DD><DT>7.</DT><DD Font="normal"><LA Size="normal">Dienstleistungen und Kundenorientierung,</LA></DD><DT>8.</DT><DD Font="normal"><LA Size="normal">Qualitätssichernde Maßnahmen;</LA></DD></DL><BR/><SP>Abschnitt B</SP><BR/><BR/> Integrative Fertigkeiten, Kenntnisse und Fähigkeiten: <DL Font="normal" Type="arabic"><DT>1.</DT><DD Font="normal"><LA Size="normal">Berufsbildung, Arbeits- und Tarifrecht,</LA></DD><DT>2.</DT><DD Font="normal"><LA Size="normal">Aufbau und Organisation des Ausbildungsbetriebes,</LA></DD><DT>3.</DT><DD Font="normal"><LA Size="normal">Sicherheit und Gesundheitsschutz bei der Arbeit,</LA></DD><DT>4.</DT><DD Font="normal"><LA Size="normal">Umweltschutz,</LA></DD><DT>5.</DT><DD Font="normal"><LA Size="normal">Naturschutz, ökologische Zusammenhänge; Nachhaltigkeit.</LA></DD></DL></P><P>(3) Zur Sicherstellung einer ausreichenden Breite und Tiefe der nach Absatz 2 Abschnitt A Nummer 5 zu vermittelnden Fertigkeiten, Kenntnisse und Fähigkeiten müssen diese mindestens an drei der folgenden Kulturen: <DL Font="normal" Type="arabic"><DT>1.</DT><DD Font="normal"><LA Size="normal">Halmfrucht,</LA></DD><DT>2.</DT><DD Font="normal"><LA Size="normal">Hackfrucht,</LA></DD><DT>3.</DT><DD Font="normal"><LA Size="normal">Grünland,</LA></DD><DT>4.</DT><DD Font="normal"><LA Size="normal">Futterpflanzen,</LA></DD><DT>5.</DT><DD Font="normal"><LA Size="normal">Ölfrüchte,</LA></DD><DT>6.</DT><DD Font="normal"><LA Size="normal">Sonderkulturen</LA></DD></DL>vermittelt werden. Die für die Ausbildung wesentlichen Kulturen werden vom Ausbildungsbetrieb festgelegt. Andere Kulturen sind zulässig, wenn an ihnen die Fertigkeiten, Kenntnisse und Fähigkeiten nach Absatz 2 Abschnitt A Nummer 5 in gleicher Breite und Tiefe vermittelt werden können.</P></Content></text></textdaten></norm>
<norm builddate="20210615213250" doknr="BJNR215700009BJNE000500000"><metadaten><jurabk>AgrarAusbV</jurabk><enbez>§ 4</enbez><titel format="XML">Durchführung der Berufsausbildung</titel></metadaten><textdaten><text format="XML"><Content><P>(1) Die in dieser Verordnung genannten Fertigkeiten, Kenntnisse und Fähigkeiten sollen so vermittelt werden, dass die Auszubildenden zur Ausübung einer qualifizierten beruflichen Tätigkeit im Sinne von § 1 Absatz 3 des Berufsbildungsgesetzes befähigt werden, die insbesondere selbstständiges Planen, Durchführen und Kontrollieren einschließt. Diese Befähigung ist auch in den Prüfungen nach den §§ 5 und 6 nachzuweisen.</P><P>(2) Die Ausbildenden haben unter Zugrundelegung des Ausbildungsrahmenplanes für die Auszubildenden einen Ausbildungsplan zu erstellen.</P><P>(3) Die Auszubildenden haben einen schriftlichen Ausbildungsnachweis zu führen. Ihnen ist Gelegenheit zu geben, diesen während der Ausbildungszeit zu führen. Die Ausbildenden haben den schriftlichen Ausbildungsnachweis regelmäßig durchzusehen.</P></Content></text></textdaten></norm>
<norm builddate="20210615213250" doknr="BJNR215700009BJNE000601377"><metadaten><jurabk>AgrarAusbV</jurabk><enbez>§ 5</enbez><titel format="XML">Zwischenprüfung</titel></metadaten><textdaten><text format="XML"><Content><P>(1) Zur Ermittlung des Ausbildungsstandes ist eine Zwischenprüfung durchzuführen. Sie soll vor dem Ende des zweiten Ausbildungsjahres stattfinden.</P><P>(2) Die Zwischenprüfung erstreckt sich auf die in der Anlage für die ersten 18 Monate aufgeführten Fertigkeiten, Kenntnisse und Fähigkeiten sowie auf den im Berufsschulunterricht entsprechend dem Rahmenlehrplan zu vermittelnden Lehrstoff, soweit er für die Berufsausbildung wesentlich ist.</P><P>(3) Die Zwischenprüfung besteht aus den Prüfungsbereichen: <DL Type="arabic"><DT>1.</DT><DD Font="normal"><LA>Pflanzenbau und Agrartechnik,</LA></DD><DT>2.</DT><DD Font="normal"><LA>Arbeitsorganisation.</LA></DD></DL></P><P>(4) Für den Prüfungsbereich Pflanzenbau und Agrartechnik bestehen folgende Vorgaben: <DL Type="arabic"><DT>1.</DT><DD Font="normal"><LA>Der Prüfling soll nachweisen, dass er Arbeiten des Pflanzenbaus durchführen, die hierfür erforderliche Agrartechnik kombinieren, einsatzbereit machen, einsetzen sowie warten kann und dabei Maßnahmen zur Arbeitsorganisation, zum Umweltschutz, zur Sicherheit und zum Gesundheitsschutz bei der Arbeit sowie zur Wirtschaftlichkeit berücksichtigt und seine Vorgehensweise begründen kann;</LA></DD><DT>2.</DT><DD Font="normal"><LA>hierfür sind aus folgenden Tätigkeiten mindestens zwei auszuwählen, wobei jeweils mindestens eine Tätigkeit der Buchstaben a bis d und mindestens eine Tätigkeit der Buchstaben e bis f enthalten sein müssen: <DL Type="alpha"><DT>a)</DT><DD Font="normal"><LA>Bodenbearbeitungsmaßnahmen durchführen,</LA></DD><DT>b)</DT><DD Font="normal"><LA>Saatgut ausbringen,</LA></DD><DT>c)</DT><DD Font="normal"><LA>Pflanzenbestände beurteilen und pflegen,</LA></DD><DT>d)</DT><DD Font="normal"><LA>Erntemaßnahmen durchführen,</LA></DD><DT>e)</DT><DD Font="normal"><LA>Arbeitsmaschinen nach Arbeitsauftrag zusammenstellen,</LA></DD><DT>f)</DT><DD Font="normal"><LA>Betriebsbereitschaft und Verkehrssicherheit von Maschinen und Geräten herstellen,</LA></DD><DT>g)</DT><DD Font="normal"><LA>Werkzeuge und Werkstoffe einsetzen;</LA></DD></DL></LA></DD><DT>3.</DT><DD Font="normal"><LA>der Prüfling soll zwei Arbeitsproben entsprechend des Vegetationsverlaufs durchführen und zu jeder ein auftragsbezogenes Fachgespräch führen;</LA></DD><DT>4.</DT><DD Font="normal"><LA>die Prüfungszeit beträgt insgesamt drei Stunden; innerhalb dieser Zeit sollen die Fachgespräche in höchstens 30 Minuten durchgeführt werden.</LA></DD></DL></P><P>(5) Für den Prüfungsbereich Arbeitsorganisation bestehen folgende Vorgaben: <DL Type="arabic"><DT>1.</DT><DD Font="normal"><LA>Der Prüfling soll nachweisen, dass er: <DL Type="alpha"><DT>a)</DT><DD Font="normal"><LA>berufsbezogene gesetzliche Bestimmungen und Normen anwenden,</LA></DD><DT>b)</DT><DD Font="normal"><LA>arbeitsvorbereitende Maßnahmen und Arbeitsschritte im Pflanzenbau planen,</LA></DD><DT>c)</DT><DD Font="normal"><LA>Sicherheit und Gesundheitsschutz bei der Arbeit beachten,</LA></DD><DT>d)</DT><DD Font="normal"><LA>Maßnahmen für Natur- und Umweltschutz sowie Nachhaltigkeit bei der Tätigkeit berücksichtigen,</LA></DD><DT>e)</DT><DD Font="normal"><LA>technische und gesetzliche Normen zur Betriebs- und Verkehrssicherheit landwirtschaftlicher Maschinen und Geräte beherrschen,</LA></DD><DT>f)</DT><DD Font="normal"><LA>Auftragsannahme und -bearbeitung erläutern und</LA></DD><DT>g)</DT><DD Font="normal"><LA>Rechte und Pflichten in der Berufsausbildung darstellen</LA></DD></DL>kann;</LA></DD><DT>2.</DT><DD Font="normal"><LA>der Prüfling soll berufstypische Aufgaben schriftlich bearbeiten;</LA></DD><DT>3.</DT><DD Font="normal"><LA>die Prüfungszeit beträgt 120 Minuten.</LA></DD></DL></P></Content></text><fussnoten/></textdaten></norm>
<norm builddate="20210615213250" doknr="BJNR215700009BJNE000701377"><metadaten><jurabk>AgrarAusbV</jurabk><enbez>§ 6</enbez><titel format="XML">Abschlussprüfung</titel></metadaten><textdaten><text format="XML"><Content><P>(1) Durch die Abschlussprüfung ist festzustellen, ob der Prüfling die berufliche Handlungsfähigkeit erworben hat. In der Abschlussprüfung soll der Prüfling nachweisen, dass er die dafür erforderlichen beruflichen Fertigkeiten beherrscht, die notwendigen beruflichen Kenntnisse und Fähigkeiten besitzt und mit dem im Berufsschulunterricht zu vermittelnden, für die Berufsausbildung wesentlichen Lehrstoff vertraut ist. Die Ausbildungsordnung ist zugrunde zu legen.</P><P>(2) Die Abschlussprüfung erstreckt sich auf die in der Anlage aufgeführten Fertigkeiten, Kenntnisse und Fähigkeiten sowie auf den im Berufsschulunterricht zu vermittelnden Lehrstoff, soweit er für die Berufsausbildung wesentlich ist.</P><P>(3) Die Abschlussprüfung besteht aus den Prüfungsbereichen: <DL Font="normal" Type="arabic"><DT>1.</DT><DD Font="normal"><LA Size="normal">Pflanzenbau,</LA></DD><DT>2.</DT><DD Font="normal"><LA Size="normal">Agrartechnik,</LA></DD><DT>3.</DT><DD Font="normal"><LA Size="normal">Dienstleistung, Kommunikation und Information,</LA></DD><DT>4.</DT><DD Font="normal"><LA Size="normal">Wirtschafts- und Sozialkunde.</LA></DD></DL></P><P>(4) Für den Prüfungsbereich Pflanzenbau bestehen folgende Vorgaben: <DL Font="normal" Type="arabic"><DT>1.</DT><DD Font="normal"><LA Size="normal">Der Prüfling soll nachweisen, dass er pflanzenbauliche Arbeiten im Vegetationsverlauf unter Berücksichtigung der Prinzipien der Nachhaltigkeit durchführen und dabei Maßnahmen der Ablaufplanung und Betriebsorganisation, zur Qualitätssicherung, zum Umweltschutz, zur Wirtschaftlichkeit und zur Kundenorientierung umsetzen, Sicherheit und Gesundheitsschutz bei der Arbeit beachten sowie die jeweiligen produkt- und verfahrensspezifischen fachlichen Hintergründe aufzeigen kann;</LA></DD><DT>2.</DT><DD Font="normal"><LA Size="normal">hierfür sind aus folgenden Tätigkeiten mindestens drei auszuwählen: <DL Font="normal" Type="alpha"><DT>a)</DT><DD Font="normal"><LA Size="normal">Boden bearbeiten,</LA></DD><DT>b)</DT><DD Font="normal"><LA Size="normal">Kulturen bestellen,</LA></DD><DT>c)</DT><DD Font="normal"><LA Size="normal">Kulturen pflegen und düngen,</LA></DD><DT>d)</DT><DD Font="normal"><LA Size="normal">Pflanzenschutz durchführen,</LA></DD><DT>e)</DT><DD Font="normal"><LA Size="normal">Pflanzen ernten,</LA></DD><DT>f)</DT><DD Font="normal"><LA Size="normal">Erntegut lagern und konservieren,</LA></DD><DT>g)</DT><DD Font="normal"><LA Size="normal">Landschaft pflegen;</LA></DD></DL></LA></DD><DT>3.</DT><DD Font="normal"><LA Size="normal">der Prüfling soll eine Arbeitsaufgabe entsprechend des Vegetationsverlaufs durchführen und hierüber ein auftragsbezogenes Fachgespräch führen; bei der Aufgabenstellung sind die nach § 3 Absatz 3 festgelegten Kulturen zu berücksichtigen;</LA></DD><DT>4.</DT><DD Font="normal"><LA Size="normal">die Prüfungszeit beträgt insgesamt zwei Stunden, innerhalb dieser Zeit soll das Fachgespräch in höchstens 30 Minuten durchgeführt werden;</LA></DD><DT>5.</DT><DD Font="normal"><LA Size="normal">darüber hinaus soll der Prüfling nachweisen, dass er pflanzenbauliche Arbeiten unter Berücksichtigung der Prinzipien der Nachhaltigkeit planen und bewerten, Maßnahmen der Ablaufplanung und Betriebsorganisation entwickeln, Arbeitsabläufe kunden- und zielorientiert unter Beachtung wirtschaftlicher, technischer, rechtlicher und organisatorischer Vorgaben gestalten, Maßnahmen zur Qualitätssicherung, zum Umweltschutz, zur Wirtschaftlichkeit und zur Kundenorientierung konzipieren sowie die jeweiligen produkt- und verfahrensspezifischen fachlichen Hintergründe aufzeigen kann;</LA></DD><DT>6.</DT><DD Font="normal"><LA Size="normal">der Prüfling soll berufstypische Aufgaben zu den unter Nummer 5 dargestellten Anforderungen schriftlich bearbeiten;</LA></DD><DT>7.</DT><DD Font="normal"><LA Size="normal">die Prüfungszeit beträgt 90 Minuten;</LA></DD><DT>8.</DT><DD Font="normal"><LA Size="normal">bei der Ermittlung des Ergebnisses für den Prüfungsbereich sind die Leistung der Arbeitsaufgabe einschließlich des auftragsbezogenen Fachgesprächs und die Leistung der schriftlichen Aufgabenbearbeitung im Verhältnis 2 : 1 zu gewichten.</LA></DD></DL></P><P>(5) Für den Prüfungsbereich Agrartechnik bestehen folgende Vorgaben: <DL Font="normal" Type="arabic"><DT>1.</DT><DD Font="normal"><LA Size="normal">Der Prüfling soll nachweisen, dass er Agrartechnik einsetzen, pflegen, warten sowie instand halten und dabei Maßnahmen der Ablaufplanung und Betriebsorganisation durchführen, Gesichtspunkte zur Werterhaltung und Qualitätssicherung, zum Umweltschutz und zur Nachhaltigkeit, zum Gesundheitsschutz bei der Arbeit, zur Sicherheit, zur Wirtschaftlichkeit und zur Verkehrs- und Betriebssicherheit beachten, Straßenverkehrsordnung und Straßenverkehrs-Zulassungs-Ordnung berufsbezogen anwenden sowie die jeweiligen spezifischen fachlichen Hintergründe aufzeigen kann;</LA></DD><DT>2.</DT><DD Font="normal"><LA Size="normal">hierfür sind aus folgenden Tätigkeiten mindestens drei auszuwählen, wobei die Tätigkeit nach Buchstabe d in der Auswahl enthalten sein muss: <DL Font="normal" Type="alpha"><DT>a)</DT><DD Font="normal"><LA Size="normal">Verkehrssicherheit und Betriebsbereitschaft landwirtschaftlicher Maschinen herstellen,</LA></DD><DT>b)</DT><DD Font="normal"><LA Size="normal">Pflege- und Wartungsarbeiten durchführen,</LA></DD><DT>c)</DT><DD Font="normal"><LA Size="normal">Instandhaltungsarbeiten ausführen,</LA></DD><DT>d)</DT><DD Font="normal"><LA Size="normal">landwirtschaftliche Zug- und Arbeitsmaschinen bis zu den Grenzen der Führerscheinklasse T im öffentlichen Straßenverkehr führen,</LA></DD><DT>e)</DT><DD Font="normal"><LA Size="normal">Zug- und Arbeitsmaschinen sowie Geräte nach Verwendungszweck zusammenstellen;</LA></DD></DL></LA></DD><DT>3.</DT><DD Font="normal"><LA Size="normal">der Prüfling soll eine Arbeitsaufgabe durchführen und hierüber ein auftragsbezogenes Fachgespräch führen;</LA></DD><DT>4.</DT><DD Font="normal"><LA Size="normal">die Prüfungszeit beträgt insgesamt zwei Stunden; innerhalb dieser Zeit soll das Fachgespräch in höchstens 30 Minuten durchgeführt werden;</LA></DD><DT>5.</DT><DD Font="normal"><LA Size="normal">darüber hinaus soll der Prüfling nachweisen, dass er Maßnahmen der Ablaufplanung und Betriebsorganisation bei Einsatz, Wartung, Pflege und Instandhaltung der Agrartechnik planen und bewerten, dabei Gesichtspunkte zur Werterhaltung und Qualitätssicherung, zum Umweltschutz und zur Nachhaltigkeit, zum Gesundheitsschutz bei der Arbeit, zur Sicherheit, zur Wirtschaftlichkeit und zur Verkehrs- und Betriebssicherheit beachten, berufsspezifische rechtliche Regelungen berücksichtigen, Funktionsweisen von Bauteilen und Baugruppen darstellen sowie die jeweiligen spezifischen fachlichen Hintergründe aufzeigen kann;</LA></DD><DT>6.</DT><DD Font="normal"><LA Size="normal">der Prüfling soll berufstypische Aufgaben zu den unter Nummer 5 dargestellten Anforderungen schriftlich bearbeiten;</LA></DD><DT>7.</DT><DD Font="normal"><LA Size="normal">die Prüfungszeit beträgt 90 Minuten;</LA></DD><DT>8.</DT><DD Font="normal"><LA Size="normal">Bei der Ermittlung des Ergebnisses für den Prüfungsbereich sind die Leistung der Arbeitsaufgabe einschließlich des auftragsbezogenen Fachgesprächs und die Leistung der schriftlichen Aufgabenbearbeitung im Verhältnis 2 : 1 zu gewichten.</LA></DD></DL></P><P>(6) Für den Prüfungsbereich Dienstleistung, Kommunikation und Information bestehen folgende Vorgaben: <DL Font="normal" Type="arabic"><DT>1.</DT><DD Font="normal"><LA Size="normal">Der Prüfling soll nachweisen, dass er: <DL Font="normal" Type="alpha"><DT>a)</DT><DD Font="normal"><LA Size="normal">Kundenanfragen annehmen und Aufträge bearbeiten,</LA></DD><DT>b)</DT><DD Font="normal"><LA Size="normal">Kunden beraten und Angebote erläutern,</LA></DD><DT>c)</DT><DD Font="normal"><LA Size="normal">Reklamationen bearbeiten und</LA></DD><DT>d)</DT><DD Font="normal"><LA Size="normal">Konzepte für Dienstleistungsangebote darstellen</LA></DD></DL>kann;</LA></DD><DT>2.</DT><DD Font="normal"><LA Size="normal">der Prüfling soll berufstypische Aufgaben schriftlich bearbeiten;</LA></DD><DT>3.</DT><DD Font="normal"><LA Size="normal">die Prüfungszeit beträgt 120 Minuten.</LA></DD></DL></P><P>(7) Für den Prüfungsbereich Wirtschafts- und Sozialkunde bestehen folgende Vorgaben: <DL Font="normal" Type="arabic"><DT>1.</DT><DD Font="normal"><LA Size="normal">Der Prüfling soll nachweisen, dass er allgemeine wirtschaftliche und gesellschaftliche Zusammenhänge der Berufs- und Arbeitswelt darstellen und beurteilen kann;</LA></DD><DT>2.</DT><DD Font="normal"><LA Size="normal">der Prüfling soll praxisbezogene Aufgaben schriftlich bearbeiten;</LA></DD><DT>3.</DT><DD Font="normal"><LA Size="normal">die Prüfungszeit beträgt 60 Minuten.</LA></DD></DL></P><P>(8) Für die Ermittlung des Gesamtergebnisses sind die Ergebnisse der Prüfungsbereiche zu einer Note zusammenzufassen. Die einzelnen Prüfungsbereiche sind wie folgt zu gewichten: <BR/><table tocentry="%yes;"><tgroup align="center" char="" charoff="50" cols="2"><colspec align="left" colname="col1" colwidth="1.05*"/><colspec align="right" colname="col2" colwidth="0.95*"/><tbody valign="top"><row><entry VJ="1" colsep="0" rowsep="0">1. Pflanzenbau</entry><entry VJ="1" colsep="0" rowsep="0">35 Prozent,</entry></row><row><entry VJ="1" colsep="0" rowsep="0">2. Agrartechnik</entry><entry VJ="1" colsep="0" rowsep="0">35 Prozent,</entry></row><row><entry VJ="1" colsep="0" rowsep="0">3. Dienstleistung, Kommunikation und Information</entry><entry VJ="1" colsep="0" rowsep="0">20 Prozent,</entry></row><row><entry VJ="1" colsep="0" rowsep="0">4. Wirtschafts- und Sozialkunde</entry><entry VJ="1" colsep="0" rowsep="0">10 Prozent.</entry></row></tbody></tgroup></table></P><P>(9) Die Abschlussprüfung ist bestanden, wenn die Leistungen <DL Font="normal" Type="arabic"><DT>1.</DT><DD Font="normal"><LA Size="normal">im Gesamtergebnis mit mindestens „ausreichend“,</LA></DD><DT>2.</DT><DD Font="normal"><LA Size="normal">in mindestens drei Prüfungsbereichen mit mindestens „ausreichend“,</LA></DD><DT>3.</DT><DD Font="normal"><LA Size="normal">in keinem Prüfungsbereich mit „ungenügend“</LA></DD></DL>bewertet worden sind.</P><P>(10) Auf Antrag des Prüflings ist die Prüfung in einem der mit schlechter als „ausreichend“ bewerteten Prüfungsbereiche, in denen Prüfungsleistungen mit eigener Anforderung und Gewichtung schriftlich zu erbringen sind, durch eine mündliche Prüfung von etwa 15 Minuten zu ergänzen, wenn dies für das Bestehen der Prüfung den Ausschlag geben kann. Bei der Ermittlung des Ergebnisses für diesen Prüfungsbereich sind das bisherige Ergebnis und das Ergebnis der mündlichen Ergänzungsprüfung im Verhältnis von 2 : 1 zu gewichten. In Teilbereichen von Prüfungsbereichen, in denen Prüfungsleistungen mit eigenen Anforderungen und Gewichtung schriftlich zu erbringen sind, gelten die Sätze 1 und 2 entsprechend.</P></Content></text><fussnoten/></textdaten></norm>
<norm builddate="20210615213250" doknr="BJNR215700009BJNE000800000"><metadaten><jurabk>AgrarAusbV</jurabk><enbez>§ 7</enbez><titel format="XML">Bestehende Berufsausbildungsverhältnisse</titel></metadaten><textdaten><text format="XML"><Content><P>Berufsausbildungsverhältnisse, die bei Inkrafttreten dieser Verordnung bestehen, können unter Anrechnung der bisher zurückgelegten Ausbildungszeit nach den Vorschriften dieser Verordnung fortgesetzt werden, wenn die Vertragsparteien dies vereinbaren.</P></Content></text></textdaten></norm>
<norm builddate="20210615213250" doknr="BJNR215700009BJNE000900000"><metadaten><jurabk>AgrarAusbV</jurabk><enbez>§ 8</enbez><titel format="XML">Inkrafttreten</titel></metadaten><textdaten><text format="XML"><Content><P>Diese Verordnung tritt am 1. August 2009 in Kraft.</P></Content></text></textdaten></norm>
<norm builddate="20210615213250" doknr="BJNR215700009BJNE001000000"><metadaten><jurabk>AgrarAusbV</jurabk><enbez>Anlage</enbez><titel format="XML">(zu § 3)<BR/>Ausbildungsrahmenplan für die Berufsausbildung zur Fachkraft Agrarservice</titel></metadaten><textdaten><text format="XML"><Content><kommentar typ="Fundstelle">(Fundstelle: BGBl. I 2009, 2161 - 2164)</kommentar><P><B>Abschnitt A: Berufsprofilgebende Fertigkeiten, Kenntnisse und Fähigkeiten</B></P><table frame="all" pgwide="1" tabstyle="tabelle1" tocentry="%yes;"><tgroup align="left" char="" charoff="50" cols="5" colsep="1" rowsep="1"><colspec align="center" colname="col1" colnum="1" colwidth="0.6*"/><colspec colname="col2" colnum="2" colwidth="3.0*"/><colspec colname="col3" colnum="3" colwidth="7.3*"/><colspec align="center" colname="col4" colnum="4" colwidth="1.3*"/><colspec align="center" colname="col5" colnum="5" colwidth="1.3*"/><thead valign="bottom"><row><entry VJ="1" align="center" colname="col1" morerows="1" valign="middle">Lfd.<BR/> Nr.</entry><entry VJ="1" align="center" colname="col2" morerows="1" valign="middle">Teil des<BR/> Ausbildungsberufsbildes</entry><entry VJ="1" align="center" colname="col3" morerows="1" valign="middle">Zu vermittelnde<BR/> Fertigkeiten, Kenntnisse und Fähigkeiten</entry><entry VJ="1" align="center" colname="col4" nameend="col5" namest="col4" valign="middle">Zeitliche Richtwerte<BR/> im</entry></row><row><entry VJ="1" align="center" colname="col4" valign="middle">1. bis 18.<BR/> Monat</entry><entry VJ="1" align="center" colname="col5" valign="middle">19. bis 36.<BR/> Monat</entry></row><row><entry VJ="1" align="center" colname="col1" valign="middle">1</entry><entry VJ="1" align="center" colname="col2" valign="middle">2</entry><entry VJ="1" align="center" colname="col3" valign="middle">3</entry><entry VJ="1" align="center" colname="col4" nameend="col5" namest="col4" valign="middle">4</entry></row></thead><tbody valign="top"><row><entry VJ="1" colname="col1" morerows="1">1</entry><entry VJ="1" colname="col2" morerows="1">Betriebliche Abläufe<BR/> und Organisation<BR/> (§ 3 Absatz 2<BR/> Abschnitt A Nummer 1)</entry><entry VJ="1" colname="col3"><DL Type="alpha"><DT>a)</DT><DD Font="normal"><LA>Arbeits- und Betriebsmittel unter Berücksichtigung der Arbeitsverfahren auswählen</LA></DD><DT>b)</DT><DD Font="normal"><LA>Arbeitsplatz vorbereiten, Maßnahmen zur Vermeidung von Personen- und Sachschäden im Umfeld des Arbeitsplatzes treffen</LA></DD><DT>c)</DT><DD Font="normal"><LA>Arbeits- und Betriebsanweisungen anwenden</LA></DD><DT>d)</DT><DD Font="normal"><LA>Witterungsverhältnisse beobachten und dokumentieren</LA></DD><DT>e)</DT><DD Font="normal"><LA>Betriebseinrichtungen pflegen, warten und instand halten</LA></DD><DT>f)</DT><DD Font="normal"><LA>Daten zur Arbeitsdurchführung feststellen, insbesondere Aufwandmengen berechnen, Arbeitszeitbedarf sowie Größe von Flächen schätzen und ermitteln</LA></DD></DL></entry><entry VJ="1" colname="col4" valign="middle">7</entry><entry VJ="1" colname="col5"/></row><row><entry VJ="1" colname="col3"><DL Type="alpha"><DT>g)</DT><DD Font="normal"><LA>Arbeitsabläufe unter Berücksichtigung betrieblicher und struktureller Gegebenheiten, insbesondere nach wirtschaftlichen und ergonomischen Gesichtspunkten, planen und durchführen</LA></DD><DT>h)</DT><DD Font="normal"><LA>Aufgaben im Team, insbesondere bei der Bildung von Arbeitsketten, abstimmen und bearbeiten; Ergebnisse kontrollieren</LA></DD><DT>i)</DT><DD Font="normal"><LA>bei Einsatzplanungen des Betriebes mitwirken</LA></DD><DT>j)</DT><DD Font="normal"><LA>Arbeitsergebnisse dokumentieren, beurteilen und darstellen</LA></DD></DL></entry><entry VJ="1" colname="col4"/><entry VJ="1" colname="col5" valign="middle">7</entry></row><row><entry VJ="1" colname="col1" morerows="1">2</entry><entry VJ="1" colname="col2" morerows="1">Wirtschaftliche<BR/> Zusammenhänge<BR/> (§ 3 Absatz 2<BR/> Abschnitt A Nummer 2)</entry><entry VJ="1" colname="col3"><DL Type="alpha"><DT>a)</DT><DD Font="normal"><LA>bei Werbekonzepten und -maßnahmen des Betriebes mitwirken, insbesondere zur positiven Außenwirkung des Betriebes beitragen</LA></DD><DT>b)</DT><DD Font="normal"><LA>Eingang und Verbrauch von Betriebsmitteln erfassen</LA></DD><DT>c)</DT><DD Font="normal"><LA>Markt- und Preisinformationen einholen, vergleichen und bewerten</LA></DD></DL></entry><entry VJ="1" colname="col4" valign="middle">5</entry><entry VJ="1" colname="col5"/></row><row><entry VJ="1" colname="col3"><DL Type="alpha"><DT>d)</DT><DD Font="normal"><LA>Kalkulationen erstellen</LA></DD><DT>e)</DT><DD Font="normal"><LA>bei Geschäftsvorgängen mitwirken, insbesondere Angebote vergleichen, Bestellungen vorbereiten, Rechnungen kontrollieren sowie Arbeitspreise ermitteln</LA></DD></DL></entry><entry VJ="1" colname="col4"/><entry VJ="1" colname="col5" valign="middle">4</entry></row><row><entry VJ="1" colname="col1" rowsep="0">3</entry><entry VJ="1" colname="col2" rowsep="0">Bedienen und Führen landwirtschaftlicher<BR/> Maschinen<BR/> (§ 3 Absatz 2<BR/> Abschnitt A Nummer 3)</entry><entry VJ="1" colname="col3" rowsep="0"><DL Type="alpha"><DT>a)</DT><DD Font="normal"><LA>Arbeitsmaschinen nach Arbeitsauftrag sowie unter Berücksichtigung der produktionstechnischen Bedingungen und der Witterung zusammenstellen</LA></DD><DT>b)</DT><DD Font="normal"><LA>Verkehrssicherheit von Zugmaschinen, Transportmitteln, technischen Anlagen, Maschinen und Geräten prüfen und Betriebsbereitschaft herstellen</LA></DD><DT>c)</DT><DD Font="normal"><LA>Arbeitsnachweise erstellen</LA></DD><DT>d)</DT><DD Font="normal"><LA>Bedingungen am Einsatzort mit den Auftragsdaten abgleichen und bei abweichenden Bedingungen Maßnahmen ergreifen</LA></DD><DT>e)</DT><DD Font="normal"><LA>Bordinstrumente einstellen</LA></DD></DL></entry><entry VJ="1" colname="col4" rowsep="0" valign="bottom">15<BR/><BR/></entry><entry VJ="1" colname="col5" rowsep="0"/></row><row><entry VJ="1" colname="col1" rowsep="0"/><entry VJ="1" colname="col2" rowsep="0"/><entry VJ="1" colname="col3"><DL Type="alpha"><DT>f)</DT><DD Font="normal"><LA>Maschinen und Geräte für den Straßenverkehr umrüsten und für den Transport sichern sowie Straßenverschmutzung vermeiden</LA></DD><DT>g)</DT><DD Font="normal"><LA>landwirtschaftliche Zug- und Arbeitsmaschinen im öffentlichen Straßenverkehr bis zu den Grenzen der Führerscheinklasse T unter Beachtung der Straßenverkehrsordnung und der Straßenverkehrs-Zulassungs-Ordnung führen</LA></DD></DL></entry><entry VJ="1" colname="col4" valign="middle"/><entry VJ="1" colname="col5"/></row><row><entry VJ="1" colname="col1"/><entry VJ="1" colname="col2"/><entry VJ="1" colname="col3"><DL Type="alpha"><DT>h)</DT><DD Font="normal"><LA>Arbeits- und Zugmaschinen, Transportmittel und Geräte bedienen sowie Werterhaltung beachten</LA></DD><DT>i)</DT><DD Font="normal"><LA>Arbeitsparameter während der Arbeit kontrollieren und den sich verändernden Bedingungen anpassen</LA></DD><DT>j)</DT><DD Font="normal"><LA>Auftrags- und Leistungsdaten zusammenstellen und weiterleiten</LA></DD><DT>k)</DT><DD Font="normal"><LA>technische Störungen feststellen und Maßnahmen einleiten</LA></DD></DL></entry><entry VJ="1" colname="col4"/><entry VJ="1" colname="col5" valign="middle">18</entry></row><row><entry VJ="1" colname="col1" morerows="1">4</entry><entry VJ="1" colname="col2" morerows="1">Pflegen, Warten und<BR/> Instandhalten von<BR/> Agrartechnik<BR/> (§ 3 Absatz 2<BR/> Abschnitt A Nummer 4)</entry><entry VJ="1" colname="col3"><DL Type="alpha"><DT>a)</DT><DD Font="normal"><LA>Maschinen und Geräte reinigen, sichtbare technische Mängel und Beschädigungen dokumentieren</LA></DD><DT>b)</DT><DD Font="normal"><LA>Werkzeuge und Werkstoffe nach ihrem Verwendungszweck auswählen, einsetzen und einsatzbereit halten</LA></DD><DT>c)</DT><DD Font="normal"><LA>Schutzmaßnahmen und Sicherungen an elektrischen Anlagen beachten</LA></DD><DT>d)</DT><DD Font="normal"><LA>Betriebsstoffe lagern und Rückstände entsorgen</LA></DD><DT>e)</DT><DD Font="normal"><LA>Maßnahmen zur Konservierung und Entkonservierung durchführen</LA></DD></DL></entry><entry VJ="1" colname="col4" valign="middle">13</entry><entry VJ="1" colname="col5"/></row><row><entry VJ="1" colname="col3"><DL Type="alpha"><DT>f)</DT><DD Font="normal"><LA>Wartungsarbeiten unter Beachtung technischer Unterlagen sowie von Wartungsplänen durchführen, insbesondere Betriebsflüssigkeiten kontrollieren, nachfüllen, wechseln und entsorgen</LA></DD><DT>g)</DT><DD Font="normal"><LA>Fehler und Störungen suchen, Ursachen feststellen sowie Möglichkeiten zur Behebung darstellen und beurteilen</LA></DD><DT>h)</DT><DD Font="normal"><LA>elektrische und elektronische Einrichtungen an Fahrzeugen instand halten</LA></DD><DT>i)</DT><DD Font="normal"><LA>Funktionsweisen von Bauteilen und Baugruppen unterscheiden und auf Verschleiß prüfen, Verschleißteile austauschen</LA></DD><DT>j)</DT><DD Font="normal"><LA>Gesamtfunktion im Betriebszustand prüfen und einstellen</LA></DD></DL></entry><entry VJ="1" colname="col4"/><entry VJ="1" colname="col5" valign="middle">14</entry></row><row><entry VJ="1" colname="col1">5</entry><entry VJ="1" colname="col2">Pflanzenproduktion<BR/> (§ 3 Absatz 2<BR/> Abschnitt A Nummer 5)</entry><entry VJ="1" colname="col3"/><entry VJ="1" colname="col4"/><entry VJ="1" colname="col5"/></row><row><entry VJ="1" colname="col1">5.1</entry><entry VJ="1" colname="col2">Bodenbearbeitung<BR/> (§ 3 Absatz 2<BR/> Abschnitt A<BR/> Nummer 5.1)</entry><entry VJ="1" colname="col3"><DL Type="alpha"><DT>a)</DT><DD Font="normal"><LA>Bodenarten und Bodenaufbau bestimmen sowie Bodenzustand beurteilen</LA></DD><DT>b)</DT><DD Font="normal"><LA>Wechselwirkungen zwischen Bodeneigenschaften und Nutzungsmöglichkeiten beachten</LA></DD><DT>c)</DT><DD Font="normal"><LA>boden- und kulturartenspezifische Bodenbearbeitung durchführen</LA></DD><DT>d)</DT><DD Font="normal"><LA>Bodenschäden vermeiden, feststellen und beheben</LA></DD></DL></entry><entry VJ="1" colname="col4" valign="middle">6</entry><entry VJ="1" colname="col5"/></row><row><entry VJ="1" colname="col1" morerows="1">5.2</entry><entry VJ="1" colname="col2" morerows="1">Bestellen und Pflegen von Kulturen<BR/> (§ 3 Absatz 2<BR/> Abschnitt A<BR/> Nummer 5.2)</entry><entry VJ="1" colname="col3"><DL Type="alpha"><DT>a)</DT><DD Font="normal"><LA>Saat- und Pflanzgut beurteilen und ausbringen</LA></DD><DT>b)</DT><DD Font="normal"><LA>Kulturen hinsichtlich der Bestandesführung beurteilen</LA></DD><DT>c)</DT><DD Font="normal"><LA>Pflanzenbestände bedarfs- und zeitgerecht pflegen</LA></DD></DL></entry><entry VJ="1" colname="col4" valign="middle">14</entry><entry VJ="1" colname="col5"/></row><row><entry VJ="1" colname="col3"><DL Type="alpha"><DT>d)</DT><DD Font="normal"><LA>Kulturen bedarfs- und zeitgerecht düngen</LA></DD><DT>e)</DT><DD Font="normal"><LA>Pflanzenschutzmaßnahmen durchführen</LA></DD><DT>f)</DT><DD Font="normal"><LA>Landschaftspflegemaßnahmen durchführen, insbesondere Feldraine, Böschungen und Hecken pflegen und erhalten</LA></DD></DL></entry><entry VJ="1" colname="col4"/><entry VJ="1" colname="col5" valign="middle">12</entry></row><row><entry VJ="1" colname="col1" morerows="1">5.3</entry><entry VJ="1" colname="col2" morerows="1">Ernten, Lagern und Konservieren<BR/> pflanzlicher Produkte<BR/> (§ 3 Absatz 2<BR/> Abschnitt A<BR/> Nummer 5.3)</entry><entry VJ="1" colname="col3"><DL Type="alpha"><DT>a)</DT><DD Font="normal"><LA>Ernte durchführen</LA></DD><DT>b)</DT><DD Font="normal"><LA>Erntegut transportieren, lagern und konservieren</LA></DD></DL></entry><entry VJ="1" colname="col4" valign="middle">12</entry><entry VJ="1" colname="col5"/></row><row><entry VJ="1" colname="col3"><DL Type="alpha"><DT>c)</DT><DD Font="normal"><LA>Erntezeitpunkt unter Berücksichtigung von Reifezustand, Verwendungszweck und Qualitätsanforderungen festlegen</LA></DD></DL></entry><entry VJ="1" colname="col4"/><entry VJ="1" colname="col5" valign="middle">4</entry></row><row><entry VJ="1" colname="col1" morerows="1">6</entry><entry VJ="1" colname="col2" morerows="1">Kommunikation<BR/> und Information<BR/> (§ 3 Absatz 2<BR/> Abschnitt A Nummer 6)</entry><entry VJ="1" colname="col3"><DL Type="alpha"><DT>a)</DT><DD Font="normal"><LA>Informationen beschaffen, auswerten und einordnen</LA></DD><DT>b)</DT><DD Font="normal"><LA>betriebliche Kommunikations- und Informationssysteme nutzen, dabei Standardsoftware und arbeitsplatzspezifische Software anwenden</LA></DD><DT>c)</DT><DD Font="normal"><LA>Regeln zum Datenschutz und zur Datensicherheit beachten</LA></DD></DL></entry><entry VJ="1" colname="col4" valign="middle">4</entry><entry VJ="1" colname="col5"/></row><row><entry VJ="1" colname="col3"><DL Type="alpha"><DT>d)</DT><DD Font="normal"><LA>Kommunikationstechniken anwenden</LA></DD><DT>e)</DT><DD Font="normal"><LA>Konflikte im Team lösen</LA></DD></DL></entry><entry VJ="1" colname="col4"/><entry VJ="1" colname="col5" valign="middle">3</entry></row><row><entry VJ="1" colname="col1" morerows="1">7</entry><entry VJ="1" colname="col2" morerows="1">Dienstleistungen und Kundenorientierung<BR/> (§ 3 Absatz 2<BR/> Abschnitt A Nummer 7)</entry><entry VJ="1" colname="col3"><DL Type="alpha"><DT>a)</DT><DD Font="normal"><LA>bei der Auftragsannahme und -bearbeitung mitwirken</LA></DD></DL></entry><entry VJ="1" colname="col4" valign="middle">2</entry><entry VJ="1" colname="col5"/></row><row><entry VJ="1" colname="col3"><DL Type="alpha"><DT>b)</DT><DD Font="normal"><LA>individuelle Besonderheiten und Anforderungen der Kundenbetriebe bei der Durchführung von Dienstleistungen beachten und umsetzen</LA></DD><DT>c)</DT><DD Font="normal"><LA>Kunden beraten und Kundenwünsche sowie Informationen entgegennehmen und im Betrieb weiterleiten</LA></DD><DT>d)</DT><DD Font="normal"><LA>Kundenreklamationen entgegennehmen, bearbeiten und bei der Arbeitserledigung berücksichtigen</LA></DD><DT>e)</DT><DD Font="normal"><LA>Kundengespräche situationsgerecht führen</LA></DD><DT>f)</DT><DD Font="normal"><LA>bei der Akquisition mitwirken</LA></DD><DT>g)</DT><DD Font="normal"><LA>betriebliches Dienstleistungsangebot präsentieren</LA></DD></DL></entry><entry VJ="1" colname="col4"/><entry VJ="1" colname="col5" valign="middle">10</entry></row><row><entry VJ="1" colname="col1">8</entry><entry VJ="1" colname="col2">Qualitätssichernde Maßnahmen<BR/> (§ 3 Absatz 2<BR/> Abschnitt A Nummer 8)</entry><entry VJ="1" colname="col3"><DL Type="alpha"><DT>a)</DT><DD Font="normal"><LA>Ziele, Aufgaben und Aufbau der betrieblichen Qualitätssicherung erläutern</LA></DD><DT>b)</DT><DD Font="normal"><LA>betriebs- und produktspezifische Qualitätsstandards anwenden, dokumentieren und beurteilen</LA></DD><DT>c)</DT><DD Font="normal"><LA>Ursachen von Fehlern und Qualitätsmängeln aufzeigen, dokumentieren und zu deren Behebung beitragen</LA></DD></DL></entry><entry VJ="1" colname="col4"/><entry VJ="1" colname="col5" valign="middle">6</entry></row></tbody></tgroup></table><P><B>Abschnitt B: Integrative Fertigkeiten, Kenntnisse und Fähigkeiten</B></P><table frame="all" pgwide="1" tabstyle="tabelle2" tocentry="%yes;"><tgroup align="left" char="" charoff="50" cols="5" colsep="1" rowsep="1"><colspec align="center" colname="col1" colnum="1" colwidth="0.6*"/><colspec colname="col2" colnum="2" colwidth="3.0*"/><colspec colname="col3" colnum="3" colwidth="7.3*"/><colspec align="center" colname="col4" colnum="4" colwidth="1.3*"/><colspec align="center" colname="col5" colnum="5" colwidth="1.3*"/><thead valign="bottom"><row><entry VJ="1" align="center" colname="col1" morerows="1" valign="middle">Lfd.<BR/> Nr.</entry><entry VJ="1" align="center" colname="col2" morerows="1" valign="middle">Teil des<BR/> Ausbildungsberufsbildes</entry><entry VJ="1" align="center" colname="col3" morerows="1" valign="middle">Zu vermittelnde<BR/> Fertigkeiten, Kenntnisse und Fähigkeiten</entry><entry VJ="1" align="center" colname="col4" nameend="col5" namest="col4" valign="middle">Zeitliche Richtwerte<BR/> im</entry></row><row><entry VJ="1" align="center" colname="col4" valign="middle">1. bis 18.<BR/> Monat</entry><entry VJ="1" align="center" colname="col5" valign="middle">19. bis 36.<BR/> Monat</entry></row><row><entry VJ="1" align="center" colname="col1" valign="middle">1</entry><entry VJ="1" align="center" colname="col2" valign="middle">2</entry><entry VJ="1" align="center" colname="col3" valign="middle">3</entry><entry VJ="1" align="center" colname="col4" nameend="col5" namest="col4" valign="middle">4</entry></row></thead><tbody valign="top"><row><entry VJ="1" colname="col1">1</entry><entry VJ="1" colname="col2">Berufsbildung, Arbeits- und Tarifrecht<BR/> (§ 3 Absatz 2<BR/> Abschnitt B Nummer 1)</entry><entry VJ="1" colname="col3"><DL Type="alpha"><DT>a)</DT><DD Font="normal"><LA>Bedeutung des Ausbildungsvertrages, insbesondere Abschluss, Dauer und Beendigung, erklären</LA></DD><DT>b)</DT><DD Font="normal"><LA>gegenseitige Rechte und Pflichten aus dem Ausbildungsvertrag nennen</LA></DD><DT>c)</DT><DD Font="normal"><LA>Möglichkeiten der beruflichen Fortbildung nennen</LA></DD><DT>d)</DT><DD Font="normal"><LA>wesentliche Teile des Arbeitsvertrages nennen</LA></DD><DT>e)</DT><DD Font="normal"><LA>wesentliche Bestimmungen der für den ausbildenden Betrieb geltenden Tarifverträge nennen</LA></DD></DL></entry><entry VJ="1" align="left" colname="col4" nameend="col5" namest="col4" rowsep="0" valign="middle"/></row><row><entry VJ="1" colname="col1">2</entry><entry VJ="1" colname="col2">Aufbau und<BR/> Organisation des<BR/> Ausbildungsbetriebes<BR/> (§ 3 Absatz 2<BR/> Abschnitt B Nummer 2)</entry><entry VJ="1" colname="col3"><DL Type="alpha"><DT>a)</DT><DD Font="normal"><LA>Aufbau und Aufgaben des ausbildenden Betriebes erläutern</LA></DD><DT>b)</DT><DD Font="normal"><LA>Grundfunktionen des ausbildenden Betriebes, wie Beschaffung, Fertigung, Absatz und Verwaltung, erklären</LA></DD><DT>c)</DT><DD Font="normal"><LA>Beziehungen des ausbildenden Betriebes und seiner Beschäftigten zu Wirtschaftsorganisationen, Berufsvertretungen und Gewerkschaften nennen</LA></DD><DT>d)</DT><DD Font="normal"><LA>Grundlagen, Aufgaben und Arbeitsweisen der betriebsverfassungs- oder personalvertretungsrechtlichen Organe des ausbildenden Betriebes beschreiben</LA></DD></DL></entry><entry VJ="1" align="left" colname="col4" nameend="col5" namest="col4" rowsep="0" valign="middle"/></row><row><entry VJ="1" colname="col1">3</entry><entry VJ="1" colname="col2">Sicherheit und<BR/> Gesundheitsschutz<BR/> bei der Arbeit<BR/> (§ 3 Absatz 2<BR/> Abschnitt B Nummer 3)</entry><entry VJ="1" colname="col3"><DL Type="alpha"><DT>a)</DT><DD Font="normal"><LA>Gefährdung von Sicherheit und Gesundheit am Arbeitsplatz feststellen und Maßnahmen zu ihrer Vermeidung ergreifen</LA></DD><DT>b)</DT><DD Font="normal"><LA>berufsbezogene Arbeitsschutz- und Unfallverhütungsvorschriften anwenden</LA></DD><DT>c)</DT><DD Font="normal"><LA>Verhaltensweisen bei Unfällen beschreiben sowie erste Maßnahmen einleiten</LA></DD><DT>d)</DT><DD Font="normal"><LA>Vorschriften des vorbeugenden Brandschutzes anwenden; Verhaltensweisen bei Bränden beschreiben und Maßnahmen zur Brandbekämpfung ergreifen</LA></DD></DL></entry><entry VJ="1" align="left" colname="col4" morerows="2" nameend="col5" namest="col4" valign="top">während<BR/> der gesamten<BR/> Ausbildung<BR/> zu vermitteln</entry></row><row><entry VJ="1" colname="col1">4</entry><entry VJ="1" colname="col2">Umweltschutz<BR/> (§ 3 Absatz 2<BR/> Abschnitt B Nummer 4)</entry><entry VJ="1" align="justify" colname="col3">Zur Vermeidung betriebsbedingter Umweltbelastungen im beruflichen Einwirkungsbereich beitragen, insbesondere <DL Type="alpha"><DT>a)</DT><DD Font="normal"><LA>mögliche Umweltbelastungen durch den Ausbildungsbetrieb und seinen Beitrag zum Umweltschutz an Beispielen erklären</LA></DD><DT>b)</DT><DD Font="normal"><LA>für den Ausbildungsbetrieb geltende Regelungen des Umweltschutzes anwenden</LA></DD><DT>c)</DT><DD Font="normal"><LA>Möglichkeiten der wirtschaftlichen und umweltschonenden Energie- und Materialverwendung nutzen</LA></DD><DT>d)</DT><DD Font="normal"><LA>Abfälle vermeiden; Stoffe und Materialien einer umweltschonenden Entsorgung zuführen</LA></DD></DL></entry></row><row><entry VJ="1" colname="col1">5</entry><entry VJ="1" colname="col2">Naturschutz,<BR/> ökologische<BR/> Zusammenhänge; Nachhaltigkeit<BR/> (§ 3 Absatz 2<BR/> Abschnitt B Nummer 5)</entry><entry VJ="1" colname="col3"><DL Type="alpha"><DT>a)</DT><DD Font="normal"><LA>Bedeutung von Lebensräumen für Mensch, Tier und Pflanzen erklären sowie Lebensräume an Beispielen beschreiben</LA></DD><DT>b)</DT><DD Font="normal"><LA>Bedeutung und Ziele des Naturschutzes bei der Arbeit beschreiben</LA></DD><DT>c)</DT><DD Font="normal"><LA>Nachhaltigkeitsaspekte bei der Pflanzenproduktion beachten</LA></DD></DL></entry></row></tbody></tgroup></table></Content></text></textdaten></norm>
</dokumente>