<?xml version="1.0" encoding="UTF-8" ?><!DOCTYPE dokumente SYSTEM "http://www.gesetze-im-internet.de/dtd/1.01/gii-norm.dtd">
<dokumente builddate="20250304223003" doknr="BJNR003010961"><norm builddate="20250304223003" doknr="BJNR003010961"><metadaten><jurabk>VollstrAbkGBRAG</jurabk><ausfertigung-datum manuell="ja">1961-03-28</ausfertigung-datum><fundstelle typ="amtlich"><periodikum>BGBl I</periodikum><zitstelle>1961, 301</zitstelle></fundstelle><langue>Gesetz zur Ausführung des Abkommens vom 14. Juli 1960 zwischen der Bundesrepublik Deutschland und dem Vereinigten Königreich Großbritannien und Nordirland über die gegenseitige Anerkennung und Vollstreckung von gerichtlichen Entscheidungen in Zivil- und Handelssachen</langue><standangabe checked="ja"><standtyp>Stand</standtyp><standkommentar>Zuletzt geändert durch Art. 24 G v. 27.7.2001 I 1887</standkommentar></standangabe></metadaten><textdaten><fussnoten><Content><P><BR/> <pre xml:space="preserve">(+++ Textnachweis Geltung ab: 1. 7.1977 +++)<BR/><BR/></pre></P></Content></fussnoten></textdaten></norm>
<norm builddate="20250304223003" doknr="BJNR003010961BJNG000100306"><metadaten><jurabk>VollstrAbkGBRAG</jurabk><gliederungseinheit><gliederungskennzahl>010</gliederungskennzahl><gliederungsbez>Erster Abschnitt</gliederungsbez><gliederungstitel>Vollstreckbarerklärung
gerichtlicher Entscheidungen</gliederungstitel></gliederungseinheit></metadaten><textdaten><text format="XML"><Content><P/></Content></text></textdaten></norm>
<norm builddate="20250304223003" doknr="BJNR003010961BJNE000500306"><metadaten><jurabk>VollstrAbkGBRAG</jurabk><enbez>§ 1</enbez></metadaten><textdaten><text format="XML"><Content><P>(1) Für die Vollstreckbarerklärung gerichtlicher Entscheidungen (Artikel I Abs. 3, Artikel II Abs. 1, Artikel V, VII bis IX des Abkommens) ist sachlich das Landgericht zuständig.</P><P>(2) Örtlich zuständig ist das Landgericht, in dessen Bezirk der Schuldner seinen gewöhnlichen Aufenthalt hat oder sich Vermögen des Schuldners befindet.</P></Content> </text><fussnoten/></textdaten></norm>
<norm builddate="20250304223003" doknr="BJNR003010961BJNE000602310"><metadaten><jurabk>VollstrAbkGBRAG</jurabk><enbez>§ 2</enbez></metadaten><textdaten><text format="XML"><Content><P>(1) Für die Vollstreckbarerklärung der in § 1 Abs. 1 genannten gerichtlichen Entscheidungen gelten § 1063 Abs. 1 und § 1064 Abs. 2 der Zivilprozeßordnung entsprechend.</P><P>(2) Dem Antrag soll die für die Zustellung erforderliche Zahl von Abschriften beigefügt werden.</P><P>(3) Wird die mündliche Verhandlung angeordnet, so ist der Termin den Parteien von Amts wegen bekanntzumachen. Die Bekanntmachung soll die Aufforderung gemäß § 215 der Zivilprozeßordnung enthalten.</P><P>(4) Der Beschluss unterliegt der Beschwerde nach den §§ 567 bis 577 der Zivilprozessordnung. Die §§ 707, 717, 1065 der Zivilprozeßordnung gelten entsprechend.</P><P>(5) (weggefallen)</P></Content>    </text><fussnoten/></textdaten></norm>
<norm builddate="20250304223003" doknr="BJNR003010961BJNE000700306"><metadaten><jurabk>VollstrAbkGBRAG</jurabk><enbez>§ 3</enbez></metadaten><textdaten><text format="XML"><Content><P>Hängt die Vollstreckung nach dem Inhalt der gerichtlichen Entscheidung von einer dem Gläubiger obliegenden Sicherheitsleistung, von dem Ablauf einer Frist oder von dem Eintritt einer anderen Tatsache ab, oder wird die Vollstreckbarerklärung zugunsten eines anderen als des in der gerichtlichen Entscheidung bezeichneten Gläubigers oder gegen einen anderen als den darin bezeichneten Schuldner nachgesucht, so ist die Frage, inwieweit die Vollstreckbarerklärung von dem Nachweis besonderer Voraussetzungen abhängig oder ob die Entscheidung für oder gegen den anderen vollstreckbar ist, nach dem Recht zu entscheiden, das für das Gericht des Urteilsstaates maßgebend ist. Der Nachweis ist durch öffentliche oder öffentlich beglaubigte Urkunden zu führen, sofern nicht die Tatsachen bei dem Gericht offenkundig sind. Kann er in dieser Form nicht erbracht werden, so ist mündliche Verhandlung anzuordnen.</P></Content></text></textdaten></norm>
<norm builddate="20250304223003" doknr="BJNR003010961BJNE000801307"><metadaten><jurabk>VollstrAbkGBRAG</jurabk><enbez>§ 4</enbez></metadaten><textdaten><text format="XML"><Content><P>(1) In dem Verfahren der Vollstreckbarerklärung einer gerichtlichen Entscheidung kann der Schuldner auch Einwendungen gegen den Anspruch selbst insoweit geltend machen, als die Gründe, auf denen sie beruhen, erst nach dem Erlaß der gerichtlichen Entscheidung entstanden sind.</P><P>(2) Ist eine gerichtliche Entscheidung für vollstreckbar erklärt, so kann der Schuldner Einwendungen gegen den Anspruch selbst in einem Verfahren nach § 767 der Zivilprozeßordnung nur geltend machen, wenn die Gründe, auf denen sie beruhen, erst <DL Font="normal" Type="arabic"><DT>1.</DT><DD Font="normal"><LA Size="normal">nach Ablauf der Frist, innerhalb derer er Beschwerde hätte einlegen können, oder</LA></DD> <DT>2.</DT><DD Font="normal"><LA Size="normal">falls die Beschwerde eingelegt worden ist, nach Beendigung dieses Verfahrens</LA></DD> </DL>entstanden sind.</P></Content> </text><fussnoten/></textdaten></norm>
<norm builddate="20250304223003" doknr="BJNR003010961BJNE000900306"><metadaten><jurabk>VollstrAbkGBRAG</jurabk><enbez>§ 5</enbez></metadaten><textdaten><text format="XML"><Content><P>(1) Macht der Schuldner gegenüber dem Antrag auf Vollstreckbarerklärung geltend, daß er gegen die gerichtliche Entscheidung, deren Vollstreckbarerklärung beantragt wird, einen Rechtsbehelf eingelegt habe, und weist er dies nach, so kann das Gericht, das über den Antrag zu entscheiden hat, das Verfahren der Vollstreckbarerklärung bis zur Entscheidung über den Rechtsbehelf aussetzen. Das Gericht kann aber auch das Verfahren sogleich fortsetzen.</P><P>(2) Macht der Schuldner geltend, daß er einen Rechtsbehelf gegen die Entscheidung erst einlegen wolle, und weist er nach, daß die Frist für die Einlegung dieses Rechtsbehelfs nach dem Recht, das für das Gericht des Urteilsstaates maßgebend ist, noch nicht abgelaufen ist, so kann das Gericht, das über den Antrag auf Vollstreckbarerklärung zu entscheiden hat, dem Schuldner eine Frist setzen, innerhalb deren er nachzuweisen hat, daß er den Rechtsbehelf eingelegt hat. Das Gericht kann aber auch das Verfahren sogleich aussetzen oder fortsetzen.</P></Content> </text></textdaten></norm>
<norm builddate="20250304223003" doknr="BJNR003010961BJNE001000306"><metadaten><jurabk>VollstrAbkGBRAG</jurabk><enbez>§ 6</enbez></metadaten><textdaten><text format="XML"><Content><P>Aus den für vollstreckbar erklärten gerichtlichen Entscheidungen findet die Zwangsvollstreckung statt, sofern die Entscheidung über die Vollstreckbarkeit rechtskräftig oder für vorläufig vollstreckbar erklärt ist.</P></Content></text></textdaten></norm>
<norm builddate="20250304223003" doknr="BJNR003010961BJNG000200306"><metadaten><jurabk>VollstrAbkGBRAG</jurabk><gliederungseinheit><gliederungskennzahl>020</gliederungskennzahl><gliederungsbez>Zweiter Abschnitt</gliederungsbez><gliederungstitel>Aufhebung oder Abänderung der
Vollstreckbarerklärung</gliederungstitel></gliederungseinheit></metadaten><textdaten><text format="XML"><Content><P/></Content></text></textdaten></norm>
<norm builddate="20250304223003" doknr="BJNR003010961BJNE001101310"><metadaten><jurabk>VollstrAbkGBRAG</jurabk><enbez>§ 7</enbez></metadaten><textdaten><text format="XML"><Content><P>(1) Wird eine gerichtliche Entscheidung nach der Vollstreckbarerklärung in dem Vereinigten Königreich Großbritannien und Nordirland aufgehoben oder abgeändert und kann der Schuldner diese Tatsache in dem Verfahren der Vollstreckbarerklärung nicht mehr geltend machen, so kann er die Aufhebung oder Abänderung der Vollstreckbarerklärung in einem besonderen Verfahren beantragen.</P><P>(2) Für die Entscheidung über den Antrag ist das Gericht ausschließlich zuständig, das in dem Verfahren der Vollstreckbarerklärung im ersten Rechtszug entschieden hat. Über den Antrag kann ohne mündliche Verhandlung entschieden werden; vor der Entscheidung ist der Gläubiger zu hören. Die Entscheidung ergeht durch Beschluß, der dem Gläubiger und dem Schuldner von Amts wegen zuzustellen ist. Der Beschluss unterliegt der Beschwerde nach den §§ 567 bis 577 der Zivilprozessordnung.</P><P>(3) Für die Einstellung der Zwangsvollstreckung und die Aufhebung bereits getroffener Vollstreckungsmaßregeln gelten §§ 769, 770 der Zivilprozeßordnung entsprechend. Die Aufhebung einer Vollstreckungsmaßregel ist auch ohne Sicherheitsleistung zulässig.</P></Content>  </text><fussnoten/></textdaten></norm>
<norm builddate="20250304223003" doknr="BJNR003010961BJNG000300306"><metadaten><jurabk>VollstrAbkGBRAG</jurabk><gliederungseinheit><gliederungskennzahl>030</gliederungskennzahl><gliederungsbez>Dritter Abschnitt</gliederungsbez><gliederungstitel>Besondere Vorschriften für
deutsche gerichtliche Entscheidungen</gliederungstitel></gliederungseinheit></metadaten><textdaten><text format="XML"><Content><P/></Content></text></textdaten></norm>
<norm builddate="20250304223003" doknr="BJNR003010961BJNE001200306"><metadaten><jurabk>VollstrAbkGBRAG</jurabk><enbez>§ 8</enbez></metadaten><textdaten><text format="XML"><Content><P>Ist zu erwarten, daß ein Versäumnis- oder Anerkenntnisurteil in dem Vereinigten Königreich Großbritannien und Nordirland geltend gemacht werden soll, so darf das Urteil nicht in abgekürzter Form (§ 313b der Zivilprozeßordnung) hergestellt werden.</P></Content></text><fussnoten/></textdaten></norm>
<norm builddate="20250304223003" doknr="BJNR003010961BJNE001300306"><metadaten><jurabk>VollstrAbkGBRAG</jurabk><enbez>§ 9</enbez></metadaten><textdaten><text format="XML"><Content><P>(1) Will eine Partei ein Versäumnis- oder Anerkenntnisurteil, das nach § 313b der Zivilprozeßordnung in abgekürzter Form hergestellt ist, in dem Vereinigten Königreich Großbritannien und Nordirland geltend machen, so ist das Urteil auf ihren Antrag zu vervollständigen. Der Antrag kann bei dem Gericht schriftlich eingereicht oder mündlich zum Protokoll der Geschäftsstelle angebracht werden. Über den Antrag wird ohne mündliche Verhandlung entschieden.</P><P>(2) Zur Vervollständigung des Urteils sind der Tatbestand und die Entscheidungsgründe nachträglich anzufertigen, von den Richtern besonders zu unterschreiben und der Geschäftsstelle zu übergeben; der Tatbestand und die Entscheidungsgründe können auch von Richtern unterschrieben werden, die bei dem Urteil nicht mitgewirkt haben.</P><P>(3) Für die Berichtigung des nachträglich angefertigten Tatbestandes gilt § 320 der Zivilprozeßordnung entsprechend. Jedoch können bei der Entscheidung über einen Antrag auf Berichtigung auch solche Richter mitwirken, die bei dem Urteil oder der nachträglichen Anfertigung des Tatbestandes nicht mitgewirkt haben.</P><P>(4) Für die Vervollständigung des Urteils werden Gerichtsgebühren nicht erhoben.</P></Content>   </text><fussnoten/></textdaten></norm>
<norm builddate="20250304223003" doknr="BJNR003010961BJNG000400306"><metadaten><jurabk>VollstrAbkGBRAG</jurabk><gliederungseinheit><gliederungskennzahl>040</gliederungskennzahl><gliederungsbez>Vierter Abschnitt</gliederungsbez><gliederungstitel>Schlußbestimmungen</gliederungstitel></gliederungseinheit></metadaten><textdaten><text format="XML"><Content><P/></Content></text></textdaten></norm>
<norm builddate="20250304223003" doknr="BJNR003010961BJNE001400306"><metadaten><jurabk>VollstrAbkGBRAG</jurabk><enbez>§ 10</enbez></metadaten><textdaten><text format="XML"><Content><P>-</P></Content></text><fussnoten/></textdaten></norm>
<norm builddate="20250304223003" doknr="BJNR003010961BJNE001500306"><metadaten><jurabk>VollstrAbkGBRAG</jurabk><enbez>§ 11</enbez></metadaten><textdaten><text format="XML"><Content><P>Dieses Gesetz gilt nach Maßgabe des § 13 Abs. 1 des Dritten Überleitungsgesetzes vom 4. Januar 1952 (Bundesgesetzbl. I S. 1) auch im Land Berlin.</P></Content></text></textdaten></norm>
<norm builddate="20250304223003" doknr="BJNR003010961BJNE001600306"><metadaten><jurabk>VollstrAbkGBRAG</jurabk><enbez>§ 12</enbez></metadaten><textdaten><text format="XML"><Content><P>Dieses Gesetz tritt gleichzeitig mit dem Abkommen vom 14. Juli 1960 zwischen der Bundesrepublik Deutschland und dem Vereinigten Königreich Großbritannien und Nordirland über die gegenseitige Anerkennung und Vollstreckung von gerichtlichen Entscheidungen in Zivil- und Handelssachen in Kraft.</P></Content></text><fussnoten/></textdaten></norm>
</dokumente>