<?xml version="1.0" encoding="UTF-8" ?><!DOCTYPE dokumente SYSTEM "http://www.gesetze-im-internet.de/dtd/1.01/gii-norm.dtd">
<dokumente builddate="20130405131355" doknr="BJNR136200997"><norm builddate="20130405131355" doknr="BJNR136200997"><metadaten><jurabk>ElekAnlAusbV</jurabk><ausfertigung-datum manuell="ja">1997-06-17</ausfertigung-datum><fundstelle typ="amtlich"><periodikum>BGBl I</periodikum><zitstelle>1997, 1362</zitstelle></fundstelle><langue>Verordnung über die Berufsausbildung zum
Elektroanlagenmonteur/zur Elektroanlagenmonteurin</langue></metadaten><textdaten><text format="XML"><Content><P/></Content></text><fussnoten><Content><P>(+++ Textnachweis ab:  1. 8.1997 +++)</P><P><BR/> Diese Rechtsverordnung ist eine Ausbildungsordnung im Sinne des § 25 des Berufsbildungsgesetzes. Die Ausbildungsordnung und der damit abgestimmte, von der Ständigen Konferenz der Kultusminister der Länder in der Bundesrepublik Deutschland beschlossene Rahmenlehrplan für die Berufsschule werden demnächst als Beilage zum Bundesanzeiger veröffentlicht.</P></Content></fussnoten></textdaten></norm>
<norm builddate="20130405131355" doknr="BJNR136200997BJNE000100310"><metadaten><jurabk>ElekAnlAusbV</jurabk><enbez>Eingangsformel</enbez></metadaten><textdaten><text format="XML"><Content><P>Auf Grund des § 25 des Berufsbildungsgesetzes vom 14. August 1969 (BGBl. I S. 1112), der zuletzt durch § 24 Nr. 1 des Gesetzes vom 24. August 1976 (BGBl. I S. 2525) geändert worden ist, in Verbindung mit Artikel 56 des Zuständigkeitsanpassungs-Gesetzes vom 18. März 1975 (BGBl. I S. 705) und dem Organisationserlaß vom 17. November 1994 (BGBl. I S. 3667) verordnet das Bundesministerium für Wirtschaft im Einvernehmen mit dem Bundesministerium für Bildung, Wissenschaft, Forschung und Technologie:</P></Content></text></textdaten></norm>
<norm builddate="20130405131355" doknr="BJNR136200997BJNE000200310"><metadaten><jurabk>ElekAnlAusbV</jurabk><enbez>§ 1</enbez><titel format="parat">Staatliche Anerkennung des Ausbildungsberufes</titel></metadaten><textdaten><text format="XML"><Content><P>Der Ausbildungsberuf Elektroanlagenmonteur/Elektroanlagenmonteurin wird staatlich anerkannt.</P></Content></text></textdaten></norm>
<norm builddate="20130405131355" doknr="BJNR136200997BJNE000300310"><metadaten><jurabk>ElekAnlAusbV</jurabk><enbez>§ 2</enbez><titel format="parat">Ausbildungsdauer</titel></metadaten><textdaten><text format="XML"><Content><P>(1) Die Ausbildung dauert drei Jahre.</P><P>(2) Auszubildende, denen der Besuch eines nach landesrechtlichen Vorschriften eingeführten schulischen Berufsgrundbildungsjahres nach einer Verordnung gemäß § 29 Abs. 1 des Berufsbildungsgesetzes als erstes Jahr der Berufsausbildung anzurechnen ist, beginnen die betriebliche Ausbildung im zweiten Ausbildungsjahr.</P></Content> </text></textdaten></norm>
<norm builddate="20130405131356" doknr="BJNR136200997BJNE000400310"><metadaten><jurabk>ElekAnlAusbV</jurabk><enbez>§ 3</enbez><titel format="parat">Berufsfeldbreite Grundbildung und Zielsetzung der
Berufsausbildung</titel></metadaten><textdaten><text format="XML"><Content><P>(1) Die Ausbildung im ersten Ausbildungsjahr vermittelt eine berufsfeldbreite Grundbildung, wenn die betriebliche Ausbildung nach dieser Verordnung und die Ausbildung in der Berufsschule nach den landesrechtlichen Vorschriften über das Berufsgrundbildungsjahr erfolgen.</P><P>(2) Die in dieser Verordnung genannten Fertigkeiten und Kenntnisse sollen so vermittelt werden, daß der Auszubildende zur Ausübung einer qualifizierten beruflichen Tätigkeit im Sinne des § 1 Abs. 2 des Berufsbildungsgesetzes befähigt wird, die insbesondere selbständiges Planen, Durchführen und Kontrollieren einschließt. Diese Befähigung ist auch in den Prüfungen nach den §§ 8 und 9 nachzuweisen.</P></Content> </text></textdaten></norm>
<norm builddate="20130405131356" doknr="BJNR136200997BJNE000500310"><metadaten><jurabk>ElekAnlAusbV</jurabk><enbez>§ 4</enbez><titel format="parat">Ausbildungsberufsbild</titel></metadaten><textdaten><text format="XML"><Content><P>Gegenstand der Berufsausbildung sind mindestens die folgenden Fertigkeiten und Kenntnisse: <DL Font="normal" Type="arabic"><DT>1.</DT><DD Font="normal"><LA Size="normal">Berufsbildung, Arbeits- und Tarifrecht,</LA></DD> <DT>2.</DT><DD Font="normal"><LA Size="normal">Aufbau und Organisation des Ausbildungsbetriebes,</LA></DD> <DT>3.</DT><DD Font="normal"><LA Size="normal">Sicherheit und Gesundheitsschutz bei der Arbeit,</LA></DD> <DT>4.</DT><DD Font="normal"><LA Size="normal">Umweltschutz,</LA></DD> <DT>5.</DT><DD Font="normal"><LA Size="normal">technische Kommunikation,</LA></DD> <DT>6.</DT><DD Font="normal"><LA Size="normal">betriebliche Kommunikation,</LA></DD> <DT>7.</DT><DD Font="normal"><LA Size="normal">Planen der Auftragsabwicklung,</LA></DD> <DT>8.</DT><DD Font="normal"><LA Size="normal">Vorbereiten der Auftragsausführung,</LA></DD> <DT>9.</DT><DD Font="normal"><LA Size="normal">Einrichten und Abräumen der Montagestelle,</LA></DD> <DT>10.</DT><DD Font="normal"><LA Size="normal">Bearbeiten und Verbinden von mechanischen Teilen,</LA></DD> <DT>11.</DT><DD Font="normal"><LA Size="normal">Zusammenbauen und Verdrahten von Baugruppen und Schaltschränken,</LA></DD> <DT>12.</DT><DD Font="normal"><LA Size="normal">Montieren von elektrischen Maschinen, Geräten und sonstigen Betriebsmitteln,</LA></DD> <DT>13.</DT><DD Font="normal"><LA Size="normal">Montieren von Leitungsführungssystemen und Verlegen von Leitungen,</LA></DD> <DT>14.</DT><DD Font="normal"><LA Size="normal">Installieren von elektrischen Anlagen,</LA></DD> <DT>15.</DT><DD Font="normal"><LA Size="normal">Prüfen, Messen, Einstellen und Inbetriebnehmen,</LA></DD> <DT>16.</DT><DD Font="normal"><LA Size="normal">Beseitigen von Fehlern in elektrischen Anlagen,</LA></DD> <DT>17.</DT><DD Font="normal"><LA Size="normal">Dokumentation.</LA></DD> </DL></P></Content></text></textdaten></norm>
<norm builddate="20130405131356" doknr="BJNR136200997BJNE000600310"><metadaten><jurabk>ElekAnlAusbV</jurabk><enbez>§ 5</enbez><titel format="parat">Ausbildungsrahmenplan</titel></metadaten><textdaten><text format="XML"><Content><P>Die Fertigkeiten und Kenntnisse nach § 4 sollen nach der in der Anlage enthaltenen Anleitung zur sachlichen und zeitlichen Gliederung der Berufsausbildung (Ausbildungsrahmenplan) vermittelt werden. Eine von dem Ausbildungsrahmenplan abweichende sachliche und zeitliche Gliederung des Ausbildungsinhaltes ist insbesondere zulässig, soweit betriebspraktische Besonderheiten die Abweichung erfordern.</P></Content></text></textdaten></norm>
<norm builddate="20130405131356" doknr="BJNR136200997BJNE000700310"><metadaten><jurabk>ElekAnlAusbV</jurabk><enbez>§ 6</enbez><titel format="parat">Ausbildungsplan</titel></metadaten><textdaten><text format="XML"><Content><P>Der Ausbildende hat unter Zugrundelegung des Ausbildungsrahmenplanes für den Auszubildenden einen Ausbildungsplan zu erstellen.</P></Content></text></textdaten></norm>
<norm builddate="20130405131356" doknr="BJNR136200997BJNE000800310"><metadaten><jurabk>ElekAnlAusbV</jurabk><enbez>§ 7</enbez><titel format="parat">Berichtsheft</titel></metadaten><textdaten><text format="XML"><Content><P>Der Auszubildende hat ein Berichtsheft in Form eines Ausbildungsnachweises zu führen. Ihm ist Gelegenheit zu geben, das Berichtsheft während der Ausbildungszeit zu führen. Der Ausbildende hat das Berichtsheft regelmäßig durchzusehen.</P></Content></text></textdaten></norm>
<norm builddate="20130405131356" doknr="BJNR136200997BJNE000900310"><metadaten><jurabk>ElekAnlAusbV</jurabk><enbez>§ 8</enbez><titel format="parat">Zwischenprüfung</titel></metadaten><textdaten><text format="XML"><Content><P>(1) Zur Ermittlung des Ausbildungsstandes ist eine Zwischenprüfung durchzuführen. Sie soll in der Mitte des zweiten Ausbildungsjahres stattfinden.</P><P>(2) Die Zwischenprüfung erstreckt sich auf die in der Anlage für das erste Ausbildungsjahr aufgeführten Fertigkeiten und Kenntnisse sowie auf den im Berufsschulunterricht entsprechend den Rahmenlehrplänen zu vermittelnden Lehrstoff, soweit er für die Berufsausbildung wesentlich ist.</P><P>(3) Der Prüfling soll im praktischen Teil der Prüfung in insgesamt höchstens fünf Stunden ein funktionsfähiges Anlagenteil nach Unterlagen als Prüfungsstück fertigen. Hierfür kommen insbesondere in Betracht: <BR/>Installieren eines elektrischen Anlagenteils einschließlich Aufstellen eines Arbeitsplanes, Prüfen der Funktion und Messen von Betriebswerten sowie Anfertigen eines Prüf- und Meßprotokolls.</P><P>(4) Der Prüfling soll im schriftlichen Teil der Prüfung in insgesamt höchstens 120 Minuten Aufgaben, die sich auf praxisbezogene Fälle beziehen sollen, aus folgenden Gebieten lösen: <DL Font="normal" Type="arabic"><DT>1.</DT><DD Font="normal"><LA Size="normal">Werkstoffe und Werkstoffbearbeitung,</LA></DD> <DT>2.</DT><DD Font="normal"><LA Size="normal">Grundlagen der Elektrotechnik,</LA></DD> <DT>3.</DT><DD Font="normal"><LA Size="normal">Grundlagen der Schaltungstechnik,</LA></DD> <DT>4.</DT><DD Font="normal"><LA Size="normal">Grundlagen des elektrischen Messens,</LA></DD> <DT>5.</DT><DD Font="normal"><LA Size="normal">Sicherheit und Gesundheitsschutz bei der Arbeit, Umweltschutz.</LA></DD> </DL> </P><P>(5) Die in Absatz 4 genannte Prüfungsdauer kann insbesondere unterschritten werden, soweit der schriftliche Teil der Prüfung in programmierter Form durchgeführt wird.</P></Content>   </text></textdaten></norm>
<norm builddate="20130405131356" doknr="BJNR136200997BJNE001000310"><metadaten><jurabk>ElekAnlAusbV</jurabk><enbez>§ 9</enbez><titel format="parat">Abschlußprüfung</titel></metadaten><textdaten><text format="XML"><Content><P>(1) Die Abschlußprüfung erstreckt sich auf die in der Anlage aufgeführten Fertigkeiten und Kenntnisse sowie auf den im Berufsschulunterricht vermittelten Lehrstoff, soweit er für die Berufsausbildung wesentlich ist.</P><P>(2) Der Prüfling soll im praktischen Teil der Prüfung in insgesamt höchstens sieben Stunden ein Prüfungsstück anfertigen und in insgesamt höchstens zwei Stunden zwei Arbeitsproben durchführen. Hierfür kommen insbesondere in Betracht: <DL Font="normal" Type="arabic"><DT>1.</DT><DD Font="normal"><LA Size="normal">als Prüfungsstück:</LA><LA Size="normal">Installieren, Montieren, Einstellen und Prüfen eines Anlagenteils nach Unterlagen einschließlich Planen und Kontrollieren der Arbeit und Dokumentieren der Veränderungen;</LA></DD>  <DT>2.</DT><DD Font="normal"><LA Size="normal">als Arbeitsproben:<DL Font="normal" Type="arabic"><DT>a)</DT><DD Font="normal"><LA Size="normal">Inbetriebnehmen eines Anlagenteils einschließlich Prüfen der Funktionen, Schutzmaßnahmen, Sicherheits- und Schutzeinrichtungen,</LA></DD> <DT>b)</DT><DD Font="normal"><LA Size="normal">Feststellen, Eingrenzen, Beheben und Dokumentieren von Fehlern oder Störungen in einem Anlagenteil unter Berücksichtigung der Sicherheitsvorschriften.</LA></DD> </DL></LA></DD> </DL>Dabei sollen das Prüfungsstück mit 70 vom Hundert und die Arbeitsproben zusammen mit 30 vom Hundert gewichtet werden.</P><P>(3) Der Prüfling soll im schriftlichen Teil der Prüfung in den Prüfungsbereichen Anlagenplanung, Arbeitsplanung und Arbeitsorganisation, Schaltungstechnik und Funktionsanalyse sowie Wirtschafts- und Sozialkunde geprüft werden. In den Prüfungsbereichen Anlagenplanung, Arbeitsplanung und Arbeitsorganisation sowie Schaltungstechnik und Funktionsanalyse sind insbesondere durch Verknüpfung informationstechnischer, technologischer und mathematischer Sachverhalte fachliche Probleme zu analysieren, zu bewerten und geeignete Lösungswege darzustellen. Die Anforderungen in den Prüfungsbereichen sind: <DL Font="normal" Type="arabic"><DT>1.</DT><DD Font="normal"><LA Size="normal">im Prüfungsbereich Anlagenplanung:</LA><LA Size="normal">Der Prüfling soll anhand von Auftragsunterlagen eine Anlage oder eine Anlagenänderung planen. Er soll dabei zeigen, daß er technische Unterlagen auswerten, mechanische Konstruktionsteile, Leitungen, elektrische Betriebsmittel und sonstige Materialien auswählen sowie Anordnungs- und Installationspläne, Stücklisten und sonstige Planungsunterlagen unter Beachtung von technischen Regeln erstellen und ändern kann;</LA></DD>  <DT>2.</DT><DD Font="normal"><LA Size="normal">im Prüfungsbereich Arbeitsplanung und Arbeitsorganisation:</LA><LA Size="normal">Der Prüfling soll anhand von Auftragsunterlagen eine Anlagenmontage, einschließlich Inbetriebnahme und Übergabe, planen. Er soll dabei zeigen, daß er technische Unterlagen auswerten sowie Arbeitstechniken und Arbeitsabläufe unter Beachtung der Arbeitssicherheit und des Umweltschutzes planen kann;</LA></DD>  <DT>3.</DT><DD Font="normal"><LA Size="normal">im Prüfungsbereich Schaltungstechnik und Funktionsanalyse:</LA><LA Size="normal">Der Prüfling soll anhand von technischen Unterlagen, Datenblättern und Fehlerbeschreibungen Schaltungen analysieren, Abläufe und Verknüpfungen darstellen, Vorgehensweisen zur systematischen Eingrenzung von Fehlern beschreiben und Änderungen dokumentieren;</LA></DD>  <DT>4.</DT><DD Font="normal"><LA Size="normal">im Prüfungsbereich Wirtschafts- und Sozialkunde:</LA><LA Size="normal">Der Prüfling soll Aufgaben, die sich auf praxisbezogene Fälle beziehen sollen, aus dem Gebiet allgemeine wirtschaftliche und gesellschaftliche Zusammenhänge der Berufs- und Arbeitswelt bearbeiten.</LA></DD>  </DL> </P><P>(4) Für den schriftlichen Teil der Prüfung ist von folgenden zeitlichen Höchstwerten auszugehen: <BR/><table frame="none" tocentry="%yes;">
		<tgroup align="left" char="" charoff="50" cols="3" colsep="0" rowsep="0">
			<colspec colname="col1" colnum="1" colwidth="10*"/>
			<colspec colname="col2" colnum="2" colwidth="55*"/>
			<colspec colname="col3" colnum="3" colwidth="20*"/>
			<tbody valign="top">
				<row>
					<entry VJ="1" align="left" colsep="0" valign="top">1.</entry>
					<entry VJ="1" align="left" colsep="0" valign="top">im Prüfungsbereich Anlagenplanung</entry>
					<entry VJ="1" align="right" colsep="0" valign="bottom">120 Minuten,</entry>
				</row>
				<row>
					<entry VJ="1" align="left" colsep="0" valign="top">2.</entry>
					<entry VJ="1" align="left" colsep="0" valign="top">im Prüfungsbereich Arbeitsplanung und Arbeitsorganisation</entry>
					<entry VJ="1" align="right" colsep="0" valign="bottom">90 Minuten,</entry>
				</row>
				<row>
					<entry VJ="1" align="left" colsep="0" valign="top">3.</entry>
					<entry VJ="1" align="left" colsep="0" valign="top">im Prüfungsbereich Schaltungstechnik und Funktionsanalyse</entry>
					<entry VJ="1" align="right" colsep="0" valign="bottom">90 Minuten,</entry>
				</row>
				<row>
					<entry VJ="1" align="left" colsep="0" valign="top">4.</entry>
					<entry VJ="1" align="left" colsep="0" valign="top">im Prüfungsbereich Wirtschafts- und Sozialkunde</entry>
					<entry VJ="1" align="right" colsep="0" valign="bottom">60 Minuten.</entry>
				</row>
			</tbody>
		</tgroup>
	</table> </P><P>(5) Die in Absatz 4 genannte Prüfungsdauer kann insbesondere unterschritten werden, soweit der schriftliche Teil der Prüfung in programmierter Form durchgeführt wird.</P><P>(6) Der schriftliche Teil der Prüfung ist auf Antrag des Prüflings oder nach Ermessen des Prüfungsausschusses in einzelnen Prüfungsbereichen durch eine mündliche Prüfung zu ergänzen, wenn diese für das Bestehen der Prüfung den Ausschlag geben kann. Der schriftliche Teil der Prüfung hat gegenüber der mündlichen Prüfung das doppelte Gewicht.</P><P>(7) Innerhalb des schriftlichen Teils der Prüfung hat der Prüfungsbereich Anlagenplanung gegenüber jedem der übrigen Prüfungsbereiche das doppelte Gewicht.</P><P>(8) Die Prüfung ist bestanden, wenn jeweils im praktischen Teil und schriftlichen Teil der Prüfung mindestens ausreichende Leistungen erbracht sind.</P></Content>      </text></textdaten></norm>
<norm builddate="20130405131356" doknr="BJNR136200997BJNE001100310"><metadaten><jurabk>ElekAnlAusbV</jurabk><enbez>§ 10</enbez><titel format="parat">Inkrafttreten</titel></metadaten><textdaten><text format="XML"><Content><P>Diese Verordnung tritt am 1. August 1997 in Kraft.</P></Content></text></textdaten></norm>
<norm builddate="20130405131356" doknr="BJNR136200997BJNE001200310"><metadaten><jurabk>ElekAnlAusbV</jurabk><enbez>Anlage</enbez><titel format="XML">(zu § 5)
<BR/>
Ausbildungsrahmenplan für die Berufsausbildung zum
Elektroanlagenmonteur/zur Elektroanlagenmonteurin</titel></metadaten><textdaten><text format="XML"><Content><P><ABWFORMAT typ="A"/><kommentar typ="Fundstelle">(Fundstelle: BGBl. I 1997, S. 1365 - 1370)</kommentar><BR/><table frame="all" tocentry="%yes;"><tgroup align="left" char="" charoff="50" cols="5" colsep="1" rowsep="1"><colspec align="center" colname="col1" colnum="1" colwidth="50"/><colspec colname="col2" colnum="2" colwidth="150"/><colspec colname="col3" colnum="3" colwidth="300"/><colspec align="center" colname="col4" colnum="4" colwidth="50"/><colspec align="center" colname="col5" colnum="5" colwidth="100"/><tbody valign="top"><row><entry VJ="1" align="left" morerows="1">Lfd. Nr.</entry><entry VJ="1" morerows="1">Teil des Ausbildungsberufsbildes</entry><entry VJ="1" morerows="1">Fertigkeiten und Kenntnisse, die unter Einbeziehung selbständigen Planens, Durchführens und Kontrollierens zu vermitteln sind</entry><entry VJ="1" align="left" nameend="col5" namest="col4">Zeitliche Richtwerte in Wochen im Ausbildungsjahr</entry></row><row><entry VJ="1">1</entry><entry VJ="1">2 und 3</entry></row><row><entry VJ="1">1</entry><entry VJ="1" align="center">2</entry><entry VJ="1" align="center">3</entry><entry VJ="1" nameend="col5" namest="col4">4</entry></row><row><entry VJ="1">1</entry><entry VJ="1">Berufsbildung, Arbeits- und Tarifrecht 1)<BR/>(§ 4 Nr. 1)</entry><entry VJ="1"><DL Font="normal" Type="arabic"><DT>a)</DT><DD Font="normal"><LA Size="normal">Bedeutung des Ausbildungsvertrages, insbesondere Abschluß, Dauer und Beendigung, erklären</LA></DD><DT>b)</DT><DD Font="normal"><LA Size="normal">gegenseitige Rechte und Pflichten aus dem Ausbildungsvertrag nennen</LA></DD><DT>c)</DT><DD Font="normal"><LA Size="normal">Möglichkeiten der beruflichen Fortbildung nennen</LA></DD><DT>d)</DT><DD Font="normal"><LA Size="normal">wesentliche Teile des Arbeitsvertrages nennen</LA></DD><DT>e)</DT><DD Font="normal"><LA Size="normal">wesentliche Bestimmungen der für den ausbildenden Betrieb geltenden Tarifverträge nennen</LA></DD></DL></entry><entry VJ="1" align="left" morerows="3" nameend="col5" namest="col4" valign="middle"><BR/><BR/>während der gesamten Ausbildung zu vermitteln</entry></row><row><entry VJ="1">2</entry><entry VJ="1">Aufbau und Organisation des Ausbildungsbetriebes 1)<BR/>(§ 4 Nr. 2)</entry><entry VJ="1"><DL Font="normal" Type="arabic"><DT>a)</DT><DD Font="normal"><LA Size="normal">Aufbau und Aufgaben des ausbildenden Betriebes erläutern</LA></DD><DT>b)</DT><DD Font="normal"><LA Size="normal">Grundfunktionen des ausbildenden Betriebes, wie Beschaffung, Fertigung, Absatz und Verwaltung, erklären</LA></DD><DT>c)</DT><DD Font="normal"><LA Size="normal">Beziehungen des ausbildenden Betriebes und seiner Beschäftigten zu Wirtschaftsorganisationen, Berufsvertretungen und Gewerkschaften nennen</LA></DD><DT>d)</DT><DD Font="normal"><LA Size="normal">Grundlagen, Aufgaben und Arbeitsweise der betriebsverfassungs- oder personalvertretungsrechtlichen Organe des ausbildenden Betriebes beschreiben</LA></DD></DL></entry></row><row><entry VJ="1">3</entry><entry VJ="1">Sicherheit und Gesundheitsschutz bei der Arbeit 1)<BR/>(§ 4 Nr. 3)</entry><entry VJ="1"><DL Font="normal" Type="arabic"><DT>a)</DT><DD Font="normal"><LA Size="normal">Gefährdung von Sicherheit und Gesundheit am Arbeitsplatz feststellen und Maßnahmen zu ihrer Vermeidung ergreifen</LA></DD><DT>b)</DT><DD Font="normal"><LA Size="normal">berufsbezogene Arbeitsschutz- und Unfallverhütungsvorschriften anwenden</LA></DD><DT>c)</DT><DD Font="normal"><LA Size="normal">Verhaltensweisen bei Unfällen beschreiben sowie erste Maßnahmen einleiten</LA></DD><DT>d)</DT><DD Font="normal"><LA Size="normal">Vorschriften des vorbeugenden Brandschutzes anwenden; Verhaltensweisen bei Bränden beschreiben und Maßnahmen zur Brandbekämpfung ergreifen</LA></DD></DL></entry></row><row><entry VJ="1">4</entry><entry VJ="1">Umweltschutz 1)<BR/>(§ 4 Nr. 4)</entry><entry VJ="1">Zur Vermeidung betriebsbedingter Umweltbelastungen im beruflichen Einwirkungsbereich beitragen, insbesondere<DL Font="normal" Type="arabic"><DT>a)</DT><DD Font="normal"><LA Size="normal">mögliche Umweltbelastungen durch den Ausbildungsbetrieb und seinen Beitrag zum Umweltschutz an Beispielen erklären</LA></DD><DT>b)</DT><DD Font="normal"><LA Size="normal">für den Ausbildungsbetrieb geltende Regelungen des Umweltschutzes anwenden</LA></DD><DT>c)</DT><DD Font="normal"><LA Size="normal">Möglichkeiten der wirtschaftlichen und umweltschonenden Energie- und Materialverwendung nutzen</LA></DD><DT>d)</DT><DD Font="normal"><LA Size="normal">Abfälle vermeiden, Stoffe und Materialien einer umweltschonenden Entsorgung zuführen</LA></DD></DL></entry></row><row><entry VJ="1" morerows="1">5</entry><entry VJ="1" morerows="1">Technische Kommunikation 1)<BR/>(§ 4 Nr. 5)</entry><entry VJ="1"><DL Font="normal" Type="arabic"><DT>a)</DT><DD Font="normal"><LA Size="normal">Einzelteilzeichnungen in Ansichten und Schnitten lesen und anwenden sowie Skizzen anfertigen</LA></DD><DT>b)</DT><DD Font="normal"><LA Size="normal">Zusammenstellungszeichnungen, Explosionszeichnungen und Stücklisten lesen und anwenden</LA></DD><DT>c)</DT><DD Font="normal"><LA Size="normal">Schaltungsunterlagen von Baugruppen und Geräten, insbesondere Stromlaufpläne, Geräteverdrahtungspläne und Anschlußpläne, lesen und anwenden sowie Skizzen anfertigen</LA></DD></DL></entry><entry VJ="1" valign="middle">2</entry><entry VJ="1"> </entry></row><row><entry VJ="1"><DL Font="normal" Type="arabic"><DT>d)</DT><DD Font="normal"><LA Size="normal">Schaltungsunterlagen von elektrischen Anlagen, insbesondere Stromlaufpläne, Anordnungspläne, Installationspläne und Anschlußpläne, lesen und anwenden sowie Skizzen anfertigen</LA></DD><DT>e)</DT><DD Font="normal"><LA Size="normal">technische Regelwerke, Arbeitsanweisungen und technische Informationen lesen und anwenden</LA></DD></DL></entry><entry VJ="1"> </entry><entry VJ="1" valign="middle">2</entry></row><row><entry VJ="1" morerows="1">6</entry><entry VJ="1" morerows="1">Betriebliche Kommunikation 1)<BR/>(§ 4 Nr. 6)</entry><entry VJ="1"><DL Font="normal" Type="arabic"><DT>a)</DT><DD Font="normal"><LA Size="normal">Gespräche mit Vorgesetzten, Kunden sowie im Team situationsgerecht führen, Sachverhalte darstellen</LA></DD><DT>b)</DT><DD Font="normal"><LA Size="normal">Informationen aufgabengerecht bewerten, auswählen und wiedergeben</LA></DD><DT>c)</DT><DD Font="normal"><LA Size="normal">betriebliche Informationssysteme nutzen</LA></DD><DT>d)</DT><DD Font="normal"><LA Size="normal">berufsbezogene Regelungen zum Datenschutz beachten</LA></DD></DL></entry><entry VJ="1" valign="middle">2</entry><entry VJ="1"> </entry></row><row><entry VJ="1"><DL Font="normal" Type="arabic"><DT>e)</DT><DD Font="normal"><LA Size="normal">Kunden bei der Übergabe der Anlage Leistungsmerkmale erläutern und in die Nutzung einweisen</LA></DD><DT>f)</DT><DD Font="normal"><LA Size="normal">Telekommunikationsgeräte zur Übertragung von Daten, Sprache, Texten und Bildern einsetzen</LA></DD><DT>g)</DT><DD Font="normal"><LA Size="normal">Schriftverkehr und Berechnungen durchführen, Sachverhalte fixieren, Protokolle anfertigen, Standardsoftware anwenden</LA></DD><DT>h)</DT><DD Font="normal"><LA Size="normal">Materialien, Ersatzteile und Betriebsmittel verwalten und bestellen</LA></DD></DL></entry><entry VJ="1"> </entry><entry VJ="1" valign="middle">2</entry></row><row><entry VJ="1" morerows="1">7</entry><entry VJ="1" morerows="1">Planen der Auftragsabwicklung 2)<BR/>(§ 4 Nr. 7)</entry><entry VJ="1"><DL Font="normal" Type="arabic"><DT>a)</DT><DD Font="normal"><LA Size="normal">Kabel und Leitungen unter Berücksichtigung der mechanischen und elektrischen Belastung, der Verlegungsarten und des Verwendungszweckes nach Tabellen auswählen</LA></DD><DT>b)</DT><DD Font="normal"><LA Size="normal">Betriebsmittel für Haupt-, Hilfs- und Steuerstromkreise, insbesondere Verteilungseinrichtungen, Schalter und Steckverbindungen, auswählen</LA></DD></DL></entry><entry VJ="1" valign="middle">2</entry><entry VJ="1"> </entry></row><row><entry VJ="1"><DL Font="normal" Type="arabic"><DT>c)</DT><DD Font="normal"><LA Size="normal">Räume hinsichtlich ihrer Umgebungsbedingungen und der Zusatzfestlegungen für Räume besonderer Art beurteilen</LA></DD><DT>d)</DT><DD Font="normal"><LA Size="normal">elektrische Schutzmaßnahmen festlegen</LA></DD><DT>e)</DT><DD Font="normal"><LA Size="normal">Leitungswege und Gerätestandorte nach baulichen und örtlichen Gegebenheiten sowie unter Berücksichtigung des Aufwandes festlegen</LA></DD><DT>f)</DT><DD Font="normal"><LA Size="normal">Materialverbrauch ermitteln</LA></DD></DL></entry><entry VJ="1"> </entry><entry VJ="1" valign="middle">4</entry></row><row><entry VJ="1" morerows="1">8</entry><entry VJ="1" morerows="1">Vorbereiten der Auftragsausführung 2)<BR/>(§ 4 Nr. 8)</entry><entry VJ="1"><DL Font="normal" Type="arabic"><DT>a)</DT><DD Font="normal"><LA Size="normal">Informationen für Arbeitsaufträge aus Unterlagen entnehmen</LA></DD><DT>b)</DT><DD Font="normal"><LA Size="normal">Arbeitsschritte zur Aufgabenerledigung festlegen und erforderliche Abwicklungszeiten einschätzen, Arbeitsabläufe nach terminlichen Vorgaben planen</LA></DD></DL></entry><entry VJ="1" valign="middle">2</entry><entry VJ="1"> </entry></row><row><entry VJ="1"><DL Font="normal" Type="arabic"><DT>c)</DT><DD Font="normal"><LA Size="normal">Zusammenhang von Aufwand, Produktqualität und Auftragsergebnis erkennen sowie kostenbewußt handeln</LA></DD><DT>d)</DT><DD Font="normal"><LA Size="normal">Möglichkeiten zur Verbesserung der Arbeitsabläufe und Zusammenarbeit erkennen sowie Vorschläge zur Verbesserung von Arbeitsvorgängen machen</LA></DD><DT>e)</DT><DD Font="normal"><LA Size="normal">dem Kunden über den Auftrag hinausgehende Leistungen anbieten sowie Aufträge unter Berücksichtigung der betrieblichen Vorgaben annehmen, bauseitige Leistungen festlegen</LA></DD><DT>f)</DT><DD Font="normal"><LA Size="normal">Planung mit Vorgesetzten und Team sowie Kunden und anderen Gewerken abstimmen</LA></DD><DT>g)</DT><DD Font="normal"><LA Size="normal">Fremdleistungen prüfen und überwachen</LA></DD><DT>h)</DT><DD Font="normal"><LA Size="normal">erforderliche Montage- und Bauteile, Materialien und Betriebsmittel für den Arbeitsablauf feststellen, termingerecht anfordern, transportieren, lagern und montagegerecht bereitstellen</LA></DD><DT>i)</DT><DD Font="normal"><LA Size="normal">bei der Auftragsbearbeitung mit dem Kunden und anderen Gewerken Informationen austauschen und zusammenarbeiten, bei Leistungsstörungen informieren und Alternativen aufzeigen</LA></DD></DL></entry><entry VJ="1"> </entry><entry VJ="1" valign="middle">4</entry></row><row><entry VJ="1" morerows="1">9</entry><entry VJ="1" morerows="1">Einrichten und Abräumen der Montagestelle 2)<BR/>(§ 4 Nr. 9)</entry><entry VJ="1"><DL Font="normal" Type="arabic"><DT>a)</DT><DD Font="normal"><LA Size="normal">Arbeitsplatz unter Berücksichtigung der betrieblichen Vorgaben einrichten</LA></DD><DT>b)</DT><DD Font="normal"><LA Size="normal">persönliche Schutzausrüstungen auswählen und disponieren</LA></DD><DT>c)</DT><DD Font="normal"><LA Size="normal">Abfallstoffe, nicht verbrauchte Betriebsstoffe und defekte Bauteile sammeln, umweltgerecht lagern und entsorgen</LA></DD></DL></entry><entry VJ="1" valign="middle">2</entry><entry VJ="1"> </entry></row><row><entry VJ="1"><DL Font="normal" Type="arabic"><DT>d)</DT><DD Font="normal"><LA Size="normal">Werkzeuge, Meßgeräte, Bearbeitungsmaschinen und technische Einrichtungen auswählen, disponieren und beschaffen sowie montagegerecht bereitstellen</LA></DD><DT>e)</DT><DD Font="normal"><LA Size="normal">Werkzeuge, Meßgeräte, Bearbeitungsmaschinen und technische Einrichtungen warten, pflegen und überprüfen, bei Störungen Maßnahmen zu deren Beseitigung einleiten</LA></DD><DT>f)</DT><DD Font="normal"><LA Size="normal">Leitern, Gerüste und Montagebühnen auswählen, auf- und abbauen</LA></DD><DT>g)</DT><DD Font="normal"><LA Size="normal">Montagestelle sichern</LA></DD></DL></entry><entry VJ="1"> </entry><entry VJ="1" valign="middle">6</entry></row><row><entry VJ="1" morerows="1">10</entry><entry VJ="1" morerows="1">Bearbeiten und Verbinden von mechanischen Teilen<BR/>(§ 4 Nr. 10)</entry><entry VJ="1"><DL Font="normal" Type="arabic"><DT>a)</DT><DD Font="normal"><LA Size="normal">Längen, Flächen und Winkel messen und prüfen</LA></DD><DT>b)</DT><DD Font="normal"><LA Size="normal">Bleche, Platten und Profile aus Metall und Kunststoff sägen, feilen, entgraten sowie bohren, senken und gewindeschneiden</LA></DD><DT>c)</DT><DD Font="normal"><LA Size="normal">Bleche und Profile aus Metall und Kunststoff zuschneiden, lochen, biegen und richten</LA></DD><DT>d)</DT><DD Font="normal"><LA Size="normal">Schraubverbindungen herstellen und sichern</LA></DD><DT>e)</DT><DD Font="normal"><LA Size="normal">Hart- und Weichlötverbindungen für mechanische und elektrische Beanspruchung herstellen</LA></DD></DL></entry><entry VJ="1" valign="middle">10</entry><entry VJ="1"> </entry></row><row><entry VJ="1"><DL Font="normal" Type="arabic"><DT>f)</DT><DD Font="normal"><LA Size="normal">Klebeverbindungen zwischen gleichen und verschiedenen Werkstoffen herstellen</LA></DD><DT>g)</DT><DD Font="normal"><LA Size="normal">Bleche und Profile aus Metall schweißen</LA></DD></DL></entry><entry VJ="1"> </entry><entry VJ="1" valign="middle">8</entry></row><row><entry VJ="1" morerows="1">11</entry><entry VJ="1" morerows="1">Zusammenbauen und Verdrahten von Baugruppen und Schaltschränken 3)<BR/>(§ 4 Nr. 11)</entry><entry VJ="1"><DL Font="normal" Type="arabic"><DT>a)</DT><DD Font="normal"><LA Size="normal">Einschübe, Gehäuse und Schaltgerätekombinationen zusammenbauen</LA></DD><DT>b)</DT><DD Font="normal"><LA Size="normal">Leitungen auswählen sowie Baugruppen und Geräte in unterschiedlichen Verdrahtungsarten nach Unterlagen und Mustern verdrahten</LA></DD></DL></entry><entry VJ="1" valign="middle">8</entry><entry VJ="1"> </entry></row><row><entry VJ="1"><DL Font="normal" Type="arabic"><DT>c)</DT><DD Font="normal"><LA Size="normal">Schaltgeräte, insbesondere Last- und Leistungsschalter, Sicherungen und Schütze, einbauen, verdrahten und kennzeichnen</LA></DD><DT>d)</DT><DD Font="normal"><LA Size="normal">Betriebsmittel zum Steuern, Regeln, Messen und Überwachen einbauen, verdrahten und kennzeichnen</LA></DD><DT>e)</DT><DD Font="normal"><LA Size="normal">Fehler korrigieren und Änderungen dokumentieren</LA></DD></DL></entry><entry VJ="1"> </entry><entry VJ="1" valign="middle">14</entry></row><row><entry VJ="1" morerows="1">12</entry><entry VJ="1" morerows="1">Montieren von elektrischen Maschinen, Geräten und sonstigen Betriebsmitteln 2) 3)<BR/>(§ 4 Nr. 12)</entry><entry VJ="1"><DL Font="normal" Type="arabic"><DT>a)</DT><DD Font="normal"><LA Size="normal">Eignung des Untergrundes für die Befestigung prüfen, Verankerungen vorbereiten sowie Tragkonstruktionen und Konsolen befestigen</LA></DD></DL></entry><entry VJ="1" valign="middle">4</entry><entry VJ="1"> </entry></row><row><entry VJ="1"><DL Font="normal" Type="arabic"><DT>b)</DT><DD Font="normal"><LA Size="normal">Hebezeuge, Anschlag- und Transportmittel auswählen, zu transportierendes Gut anschlagen, Transport sichern und durchführen</LA></DD><DT>c)</DT><DD Font="normal"><LA Size="normal">Maschinen, Geräte und sonstige Betriebsmittel auf Untergrund und Tragkonstruktion aufstellen, ausrichten, befestigen und sichern</LA></DD><DT>d)</DT><DD Font="normal"><LA Size="normal">Schutzeinrichtungen, Verkleidungen und Isolierungen anbringen</LA></DD></DL></entry><entry VJ="1"> </entry><entry VJ="1" valign="middle">12</entry></row><row><entry VJ="1" morerows="1">13</entry><entry VJ="1" morerows="1">Montieren von Leitungsführungssystemen und Verlegen von Leitungen 2) 3)<BR/>(§ 4 Nr. 13)</entry><entry VJ="1"><DL Font="normal" Type="arabic"><DT>a)</DT><DD Font="normal"><LA Size="normal">Kabel und Leitungen verlegen, befestigen und zurichten</LA></DD><DT>b)</DT><DD Font="normal"><LA Size="normal">Rohre, Installationskanäle und Kabelbühnen montieren</LA></DD></DL></entry><entry VJ="1" valign="middle">6</entry><entry VJ="1"> </entry></row><row><entry VJ="1"><DL Font="normal" Type="arabic"><DT>c)</DT><DD Font="normal"><LA Size="normal">ein- und mehradrige, geschirmte und ungeschirmte Leitungen zurichten und unter Verwendung der unterschiedlichen Verbindungstechniken anschließen</LA></DD><DT>d)</DT><DD Font="normal"><LA Size="normal">Kabel und Leitungen verbinden und unter Verwendung der unterschiedlichen Verbindungstechniken an Betriebsmittel anschließen</LA></DD></DL></entry><entry VJ="1"> </entry><entry VJ="1" valign="middle">14</entry></row><row><entry VJ="1" morerows="1">14</entry><entry VJ="1" morerows="1">Installieren von elektrischen Anlagen 2) 3)<BR/>(§ 4 Nr. 14)</entry><entry VJ="1"><DL Font="normal" Type="arabic"><DT>a)</DT><DD Font="normal"><LA Size="normal">Anlagenteile, insbesondere Schaltgerätekombinationen und Installationsverteiler, aufstellen und anschließen</LA></DD><DT>b)</DT><DD Font="normal"><LA Size="normal">Beleuchtungsanlagen installieren</LA></DD></DL></entry><entry VJ="1" valign="middle">6</entry><entry VJ="1"> </entry></row><row><entry VJ="1"><DL Font="normal" Type="arabic"><DT>c)</DT><DD Font="normal"><LA Size="normal">Betriebsmittel für Haupt-, Hilfs- und Steuerstromkreise, insbesondere Verteilungseinrichtungen, Schalter und Steckverbindungen, montieren und anschließen</LA></DD><DT>d)</DT><DD Font="normal"><LA Size="normal">elektrische Maschinen anschließen</LA></DD><DT>e)</DT><DD Font="normal"><LA Size="normal">Stelleinrichtungen einbauen und anschließen</LA></DD><DT>f)</DT><DD Font="normal"><LA Size="normal">Erdungen und Potentialausgleichsleitungen verlegen und anschließen</LA></DD></DL></entry><entry VJ="1"> </entry><entry VJ="1" valign="middle">16</entry></row><row><entry VJ="1" morerows="1">15</entry><entry VJ="1" morerows="1">Prüfen, Messen, Einstellen und Inbetriebnehmen 3)<BR/>(§ 4 Nr. 15)</entry><entry VJ="1"><DL Font="normal" Type="arabic"><DT>a)</DT><DD Font="normal"><LA Size="normal">Verfahren und Meßgeräte auswählen, Meßfehler abschätzen und Meßschaltungen aufbauen</LA></DD><DT>b)</DT><DD Font="normal"><LA Size="normal">Spannung, Strom, Widerstand und Leistung messen</LA></DD><DT>c)</DT><DD Font="normal"><LA Size="normal">Kenndaten von Bauteilen und Bauelementen prüfen, Wirksamkeit von Schutzmaßnahmen gegen direktes Berühren durch Sichtkontrolle prüfen</LA></DD></DL></entry><entry VJ="1" valign="middle">4</entry><entry VJ="1"> </entry></row><row><entry VJ="1"><DL Font="normal" Type="arabic"><DT>d)</DT><DD Font="normal"><LA Size="normal">Schaltungen mit logischen Grundfunktionen prüfen</LA></DD><DT>e)</DT><DD Font="normal"><LA Size="normal">Sollwerte und Funktion von Baugruppen und Geräten prüfen sowie Sollwerte einstellen</LA></DD><DT>f)</DT><DD Font="normal"><LA Size="normal">Isolationsprüfung durchführen</LA></DD><DT>g)</DT><DD Font="normal"><LA Size="normal">Erdungs- und Schleifenwiderstände prüfen</LA></DD><DT>h)</DT><DD Font="normal"><LA Size="normal">Wirksamkeit von Schutzmaßnahmen bei indirektem Berühren, insbesondere Schutz durch Abschaltung mit Überstromschutzorganen und Fehlerstromschutzeinrichtungen, prüfen</LA></DD><DT>i)</DT><DD Font="normal"><LA Size="normal">mechanische und elektrische Sicherheitsvorrichtungen, insbesondere NOT-AUS-Schalter, sowie Meldesysteme auf ihre Wirksamkeit prüfen</LA></DD><DT>k)</DT><DD Font="normal"><LA Size="normal">Hilfs- und Steuerstromkreise einschließlich zugehöriger Signal- und Befehlsgeber für Meß-, Steuer- und Überwachungseinrichtungen prüfen und in Betrieb nehmen</LA></DD><DT>l)</DT><DD Font="normal"><LA Size="normal">Hauptstromkreise prüfen und schrittweise in Betrieb nehmen, Betriebswerte messen, Sollwerte einstellen</LA></DD><DT>m)</DT><DD Font="normal"><LA Size="normal">Funktionsprüfung unter Betriebsbedingungen durchführen</LA></DD></DL></entry><entry VJ="1"> </entry><entry VJ="1" valign="middle">8</entry></row><row><entry VJ="1" morerows="1">16</entry><entry VJ="1" morerows="1">Beseitigen von Fehlern in elektrischen Anlagen 3)<BR/>(§ 4 Nr. 16)</entry><entry VJ="1"><DL Font="normal" Type="arabic"><DT>a)</DT><DD Font="normal"><LA Size="normal">mechanische und elektrische Fehler durch Sichtkontrolle, Prüfen und Messen sowie mit Hilfe von Schaltungsunterlagen systematisch eingrenzen, erkennen und beheben</LA></DD></DL></entry><entry VJ="1" valign="middle">2</entry><entry VJ="1"> </entry></row><row><entry VJ="1"><DL Font="normal" Type="arabic"><DT>b)</DT><DD Font="normal"><LA Size="normal">Geräte und Anlagenteile inspizieren</LA></DD><DT>c)</DT><DD Font="normal"><LA Size="normal">Anlagenteile zur Aufrechterhaltung der Betriebsfähigkeit nach Serviceunterlagen und Anweisungen warten</LA></DD></DL></entry><entry VJ="1"> </entry><entry VJ="1" valign="middle">10</entry></row><row><entry VJ="1" morerows="1">17</entry><entry VJ="1" morerows="1">Dokumentation 3)<BR/>(§ 4 Nr. 17)</entry><entry VJ="1"><DL Font="normal" Type="arabic"><DT>a)</DT><DD Font="normal"><LA Size="normal">Schaltpläne von Baugruppen und Geräten aktualisieren</LA></DD></DL></entry><entry VJ="1" valign="middle">2</entry><entry VJ="1"> </entry></row><row><entry VJ="1"><DL Font="normal" Type="arabic"><DT>b)</DT><DD Font="normal"><LA Size="normal">verbrauchtes Material, Ersatzteile, Arbeitszeit und technische Prüfungen dokumentieren</LA></DD><DT>c)</DT><DD Font="normal"><LA Size="normal">Schaltungsunterlagen von Anlagen aktualisieren</LA></DD></DL></entry><entry VJ="1"> </entry><entry VJ="1" valign="middle">4</entry></row><row rowsep="0"><entry VJ="1" align="left" nameend="col5" namest="col1"> </entry></row><row><entry VJ="1" align="left" nameend="col5" namest="col1"><small><DL Font="normal" Type="arabic"><DT>1)</DT><DD Font="normal"><LA Size="normal">Die laufenden Nummern 1 bis 6 sollen integriert mit anderen Ausbildungsinhalten vermittelt werden.</LA></DD><DT>2)</DT><DD Font="normal"><LA Size="normal">Die laufenden Nummern 7 bis 9 sollen insbesondere in Verbindung mit den laufenden Nummern 12 bis 14 vermittelt werden.</LA></DD><DT>3)</DT><DD Font="normal"><LA Size="normal">Die laufenden Nummern 11 bis 14 sollen insbesondere in Verbindung mit den laufenden Nummern 15 bis 17 vermittelt werden.</LA></DD></DL></small></entry></row></tbody></tgroup></table></P></Content></text></textdaten></norm>
</dokumente>