<?xml version="1.0" encoding="UTF-8" ?><!DOCTYPE dokumente SYSTEM "http://www.gesetze-im-internet.de/dtd/1.01/gii-norm.dtd">
<dokumente builddate="20180306214004" doknr="BJNR200920924"><norm builddate="20180306214004" doknr="BJNR200920924"><metadaten><jurabk>WZGRCBek</jurabk><ausfertigung-datum manuell="ja">1924-04-24</ausfertigung-datum><fundstelle typ="amtlich"><periodikum>RGBl II</periodikum><zitstelle>1924, 92</zitstelle></fundstelle><langue>Bekanntmachung betreffend den Markenschutz im Verhältnis zwischen dem Deutschen Reiche und Griechenland</langue></metadaten><textdaten><text format="XML"><Content><P/></Content></text><fussnoten><Content><P>(+++ Textnachweis Geltung ab: 1.1.1964 +++)</P></Content></fussnoten></textdaten></norm>
<norm builddate="20180306214004" doknr="BJNR200920924BJNE000100303"><metadaten><jurabk>WZGRCBek</jurabk><enbez>(XXXX)</enbez></metadaten><textdaten><text format="XML"><Content><P>  Zwischen dem deutschen Reiche und Griechenland ist durch Notenaustausch vom 21. März 1924 Einverständnis dahin festgestellt worden, daß mit sofortiger Wirkung bis zum Ablauf von sechs Monaten nach Kündigung seitens eines der beiden Staaten die Angehörigen des einen der beiden Staaten in dem Gebiete des anderen in bezug auf den Schutz von Handels- oder Fabrikmarken dieselben Rechte wie die eigenen Angehörigen genießen, vorausgesetzt, daß sie die Förmlichkeiten erfüllen, welche die innere Gesetzgebung eines jeden der beiden Staaten den Inländern auferlegt.</P><P>  Den Angehörigen im Sinne dieser Vereinbarung sind andere Personen gleichgestellt, die in dem Gebiete des einen der beiden Staaten ihren Wohnsitz oder ihre gewerbliche oder Handelsniederlassung haben.</P><P>  Dies wird mit Bezug auf § 23 Abs. 1 des Gesetzes zum Schutz der Warenbezeichnungen vom 12. Mai 1894 (Reichsgesetzbl. S. 441) und auf die Bekanntmachung vom 22. September 1894 (Reichsgesetzbl. S. 521) bekanntgemacht.<BR/><BR/><SP>Der Reichsminister des Auswärtigen</SP></P></Content></text></textdaten></norm>
</dokumente>