<?xml version="1.0" encoding="UTF-8" ?><!DOCTYPE dokumente SYSTEM "http://www.gesetze-im-internet.de/dtd/1.01/gii-norm.dtd">
<dokumente builddate="20181114212004" doknr="DDNR007170975"><norm builddate="20181114212004" doknr="DDNR007170975"><metadaten><jurabk>SchKiSpVDBest 1</jurabk><ausfertigung-datum manuell="ja">1975-10-16</ausfertigung-datum><fundstelle typ="amtlich"><periodikum>GBl DDR I</periodikum><zitstelle>1975, 717</zitstelle></fundstelle><fundstelle typ="amtlich"><periodikum>GBl DDR I</periodikum><zitstelle>1975, Nr 44, 717</zitstelle></fundstelle><langue>Erste Durchführungsbestimmung zur Verordnung über die Schüler- und
Kinderspeisung</langue></metadaten><textdaten><text format="XML"><Content><P/></Content></text><fussnoten><Content><P>Im beigetretenen Gebiet fortgeltendes Recht der ehem. Deutschen Demokratischen Republik gem. Anlage II Kap. X Sachg. B Abschn. I Nr. 4 nach Maßgabe d. Art. 9 EinigVtr v. 31.8.1990 iVm Art. 1 G v. 23.9.1990 II 885, 1219 mWv 3.10.1990. <BR/>(+++ Textnachweis Geltung ab:  3.10.1990 +++)</P></Content></fussnoten></textdaten></norm>
<norm builddate="20181114212004" doknr="DDNR007170975BJNE000100307"><metadaten><jurabk>SchKiSpVDBest 1</jurabk><enbez>Eingangsformel</enbez></metadaten><textdaten><text format="XML"><Content><P>Gemäß § 27 der Verordnung vom 16. Oktober 1975 über die Schüler- und Kinderspeisung (GBl. I Nr. 44 S. 713) wird im Einvernehmen mit den Leitern der zuständigen zentralen Staatsorgane folgendes bestimmt:</P></Content></text></textdaten></norm>
<norm builddate="20181114212004" doknr="DDNR007170975BJNE000200307"><metadaten><jurabk>SchKiSpVDBest 1</jurabk><enbez>§ 1</enbez></metadaten><textdaten><text format="XML"><Content><P>(1) Zur Sicherung einer abwechslungsreichen, nahrhaften, gesunden und dem Geschmack der Kinder entsprechenden Schüler- und Kinderspeisung sind auf der Grundlage der in der Anlage 1 festgelegten Lebensmittelnormen und ernährungsphysiologischen Richtwerte sowie der Speisenrezepturen und Mahlzeitenvorschläge *) für den Zeitraum von 20 aufeinanderfolgenden Kochtagen Speisenpläne aufzustellen. Die einzelnen Mahlzeiten sollen sich innerhalb von 20 aufeinanderfolgenden Verpflegungstagen nicht wiederholen. Die im § 5 der Verordnung vom 16. Oktober 1975 über die Schüler- und Kinderspeisung festgelegten wertmäßigen Naturaleinsätze sind als durchschnittliche Naturaleinsätze innerhalb von 20 Kochtagen zu realisieren.</P><P>(2) Das Datum und die Uhrzeit der Fertigstellung und Ausgabe der Speisen sind nachzuweisen. Zwischen Fertigstellung und Ausgabe der Mahlzeiten sind 2 Stunden nicht zu überschreiten.</P><P>(3) Zur Kontrolle der Qualität der Schüler- und Kinderspeisung ist der Qualitätspaß gemäß Anlage 2 anzuwenden.</P><P>(4) Zur Verbesserung der Trinkmilchversorgung der Schüler ist durch die örtlichen Räte zu sichern, daß an allen Schulen Milchmischgetränke angeboten werden. Trinkvollmilch und Milchmischgetränke sind zur Frühstückspause temperiert bereitzustellen. Entsprechend den volkswirtschaftlichen Möglichkeiten ist Einwegverpackung vorrangig an Stadtschulen einzusetzen. <BR/>----- <BR/><small>*) Wird als Ergänzung zum Rezepturenkatalog für die Schüler- und Kinderspeisung, Staatsverlag der DDR 1976, veröffentlicht.</small></P></Content>   </text><fussnoten/></textdaten></norm>
<norm builddate="20181114212004" doknr="DDNR007170975BJNE000300307"><metadaten><jurabk>SchKiSpVDBest 1</jurabk><enbez>§ 2</enbez></metadaten><textdaten><text format="XML"><Content><P>(1) Die Abgabepreise für warme Hauptmahlzeiten der Schüler- und Kinderspeisung sind wie folgt zu ermitteln: <DL Font="normal" Type="arabic"><DT>a)</DT><DD Font="normal"><LA Size="normal">Die Kosten für die Herstellung und den Transport bzw. für die Herstellung und Ausgabe einschließlich der Naturaleinsatzkosten sind von Schulküchen der volkseigenen Einzelhandelsbetriebe (HO) und der Konsumgenossenschaften, kommunalen Großküchenbetrieben, Betriebs- und Werkküchen, Küchen der LPG, GPG, VEG und ihren kooperativen Einrichtungen sowie nichtöffentlichen Gaststätten nach der Richtlinie zur Kalkulation der Preise für Hauptmahlzeiten der Schul- und Kinderspeisung des Amtes für Preise vom 30. März 1973 (Verfügungen und Mitteilungen des Ministeriums für Handel und Versorgung Nr. 16, Verfügungen und Mitteilungen des Ministeriums für Volksbildung Nr. 12) einschließlich ihrer 1. Änderung und Ergänzung vom 1. März 1987 (Verfügungen und Mitteilungen des Ministeriums für Handel und Versorgung Nr. 9/1987) zu kalkulieren.</LA></DD> <DT>b)</DT><DD Font="normal"><LA Size="normal">Die Abgabepreise in öffentlichen Gaststätten sind gemäß Preisrecht *) und entsprechend der bestätigten Preisstufe bzw. Qualitätskategorie - höchstens jedoch nach der Preisstufe III / Qualitätskategorie D III - zu berechnen. Wird die warme Hauptmahlzeit in örtlich von den Gaststätten getrennten Ausgabestellen ausgegeben, so sind die Kosten für<DL Font="normal" Type="arabic"><DT>-</DT><DD Font="normal"><LA Size="normal">den Transport sowie für Be- und Entladung, wenn diese Leistungen durch die Gaststätten erfolgen,</LA></DD> <DT>-</DT><DD Font="normal"><LA Size="normal">das Nutzen der Ausgabestelle, wenn die Gaststätte Nutzer der Ausgabestelle ist,</LA></DD> </DL></LA><LA Size="normal">durch die Gaststätte zu erfassen und zusätzlich zu berechnen.</LA><LA Size="normal">Den Gaststätten, die in eine höhere Preisstufe als III bzw. in eine höhere Qualitätskategorie als D III eingestuft sind und in Ausnahmefällen zusätzlich zu ihrer Hauptversorgungsaufgabe Schüler- und Kinderspeisung herstellen, sind die Abgabepreise nach Vorlage der Kalkulation auf der Basis des Preisrechts vom Rat des Bezirkes, Abteilung Preise, in Abstimmung mit der Abteilung Finanzen zu bestätigen.</LA><LA Size="normal">Nicht gewährte Serviceleistungen sind bei den Abgabepreisen zu berücksichtigen.</LA></DD>    <DT>c)</DT><DD Font="normal"><LA Size="normal">Einrichtungen der Schüler- und Kinderspeisung, die dem Verantwortungsbereich des Ministeriums für Volksbildung bzw. des Staatssekretariats für Berufsbildung angehören, planen die Ausgaben für die Herstellung und Ausgabe, einschließlich der Naturaleinsatzkosten entsprechend den für sie geltenden speziellen planmethodischen Bestimmungen für die Ausarbeitung und Durchführung der Haushaltspläne.</LA></DD> </DL> </P><P>(2) Bei Verwendung von Konserven, Feinfrosterzeugnissen und Präserven - Obst und Gemüse - sind die Mehraufwendungen aus industrieller Vorfertigung in Höhe von 25% für Obst und von 31% für Gemüse vom Großhandelsabgabepreis (GAP) zu berechnen. Für geschälte Kartoffeln und geputztes Gemüse sind die Mehraufwendungen für die Vorfertigung in den Liefer- und Leistungsverträgen auszuweisen.</P><P>(3) Die ermittelten Abgabepreise für warme Hauptmahlzeiten der Schüler- und Kinderspeisung sind, mit Ausnahme von den Einrichtungen, die dem Verantwortungsbereich des Ministeriums für Volksbildung bzw. dem Verantwortungsbereich des Staatssekretariats für Berufsbildung unterstehen, dem Rat des Kreises, Abteilung Preise, zur Prüfung vorzulegen und nach Abstimmung mit der Abteilung Finanzen zu bestätigen.</P><P>(4) In Einzelfällen können Einrichtungen der Schüler- und Kinderspeisung auf Grund örtlicher Bedingungen Lebensmittel vom Einzelhandel beziehen. Darüber entscheidet der Rat der Stadt bzw. der Rat der Gemeinde. Der Bezug von Waren vom Einzelhandel erfolgt zum Einzelhandelsverkaufspreis. Die Differenz zwischen dem Einzelhandelsverkaufspreis und dem Großhandelsabgabepreis bzw. Industrieabgabepreis ist in Höhe von 7% des Einzelhandelsverkaufspreises den Zubereitungskosten zuzuordnen.</P><P>(5) Bei Verwendung von Frühgemüse sind die jahreszeitlich und aufkommensbedingten finanziellen Mehraufwendungen von den im § 2 Abs. 1 außer den im Buchst. c genannten Einrichtungen der Schüler- und Kinderspeisung getrennt auszuweisen. Bei öffentlichen Gaststätten gemäß § 2 Abs. 1 Buchst. b ergeben sich die finanziellen Mehraufwendungen aus der Anwendung des Preisrechts. Die in den Küchen der Volksbildung bzw. in den Küchen der kommunalen Berufsschulen erfahrungsgemäß anfallenden zusätzlichen Ausgaben sind von den zuständigen örtlichen Räten im Haushaltsplan der Einrichtung zu berücksichtigen. Die aus dem Einsatz von Frühgemüse resultierenden finanziellen Mehraufwendungen gehen nicht zu Lasten des wertmäßigen Naturaleinsatzes.</P><P>(6) Für den täglichen und den monatlichen mengen- und wertmäßigen Nachweis über den Wareneinsatz haben die Schulküchen der Volksbildung, der volkseigenen Einzelhandelsbetriebe (HO) und der Konsumgenossenschaften, die Küchen der kommunalen Berufsschulen, der kommunalen Großküchenbetriebe, Betriebs- und Werkküchen, Küchen der LPG, GPG und ihre kooperativen Einrichtungen sowie öffentlichen und nichtöffentlichen Gaststätten die Formblätter gemäß der Anlage 6 zu verwenden. <BR/>----- <BR/><small>*) Anordnung Nr. Pr. 79 vom 2. Dezember 1971 - Preise für Gaststätten - (Sonderdruck Nr. 718 des Gesetzblattes)</small></P></Content>    </text><fussnoten/></textdaten></norm>
<norm builddate="20181114212004" doknr="DDNR007170975BJNE000400307"><metadaten><jurabk>SchKiSpVDBest 1</jurabk><enbez>§ 3</enbez></metadaten><textdaten><text format="XML"><Content><P>(1) Sofern die Schülerspeisung noch nicht in voller Höhe des Bedarfs bereitgestellt werden kann, entscheidet der Direktor der jeweiligen Bildungseinrichtung über die Teilnahme der Schüler.</P><P>(2) Die Leiter der Abteilungen Volksbildung sowie Berufsbildung und Berufsberatung der Räte der Kreise sichern auf der Grundlage der jährlichen Volkswirtschafts- und Haushaltsplanung den differenzierten Einsatz der Fonds für Freiportionen und Ermäßigungen in Höhe bis zu 10% im Kreisdurchschnitt entsprechend den konkreten sozialen Erfordernissen.</P><P>(3) Der Kostenanteil von -,55 M für die an den örtlichen Sommerferienspielen teilnehmenden Schüler ist entsprechend der Anordnung vom 21. März 1975 zur Planung und Finanzierung der Aufwendungen für die Feriengestaltung der Schüler und die Urlaubsgestaltung der Lehrlinge (GBl. I Nr. 16 S. 304) zu planen und zu finanzieren.</P><P>(4) Pädagogen, Arbeiter und Angestellte der Einrichtungen der Volksbildung sowie der kommunalen Berufsschulen sind berechtigt, an der Schüler- und Kinderspeisung teilzunehmen. Sie zahlen je Portion <BR/><table frame="none" tocentry="%yes;"><tgroup align="left" char="" charoff="50" cols="3" colsep="0" rowsep="0"><colspec colname="col1" colnum="1" colwidth="5*"/><colspec colname="col2" colnum="2" colwidth="60*"/><colspec colname="col3" colnum="3" colwidth="15*"/><tbody valign="top"><row><entry VJ="1" align="left" colsep="0" valign="top">-</entry><entry VJ="1" align="left" colsep="0" valign="top">bei Teilnahme an der Schülerspeisung</entry><entry VJ="1" align="left" colsep="0" valign="top">-,75 M</entry></row><row><entry VJ="1" align="left" colsep="0" valign="top">-</entry><entry VJ="1" align="left" colsep="0" valign="top">bei Teilnahme an der Kinderspeisung</entry><entry VJ="1" align="left" colsep="0" valign="top">-,50 M.</entry></row></tbody></tgroup></table></P><P>(5) Die Räte der Städte und Gemeinden regeln unter Berücksichtigung der örtlichen Bedingungen die Kassierung, Aufbewahrung und Abrechnung der Kostenanteile für die Schüler- und Kinderspeisung auf der Grundlage der Kassenordnung des Staatshaushaltes. Sie entscheiden im Einvernehmen mit den Direktoren der Schulen und Leitern der Kindergärten über die zweckmäßigste Form und legen die Verantwortung für die konkrete Durchführung fest. Die Räte der Städte und Gemeinden schaffen dort, wo die Kassierung noch in den Schulen und Kindergärten erfolgt, die dafür notwendigen Voraussetzungen und kontrollieren ihre Einhaltung.</P><P>(6) Bei der Kassierung der Kostenanteile der Eltern sind folgende einheitliche Grundsätze zu berücksichtigen: <DL Font="normal" Type="arabic"><DT>-</DT><DD Font="normal"><LA Size="normal">Die Kassierung darf höchstens für den Zeitraum eines Monats erfolgen.</LA></DD><DT>-</DT><DD Font="normal"><LA Size="normal">Ort und Zeitpunkt der Kassierung und Nachkassierung sind so zu bestimmen, daß für die Schüler bzw. deren Eltern keine langen Wegstrecken und kein hoher Zeitaufwand erforderlich sind.</LA></DD><DT>-</DT><DD Font="normal"><LA Size="normal">Jeder Schüler muß auf Wunsch nach Krankheit oder anderem begründeten Fehlen bzw. Zuzug sofort und ohne Vorauszahlung wieder an der Schülerspeisung teilnehmen können.</LA></DD><DT>-</DT><DD Font="normal"><LA Size="normal">Bezahlte Kostenanteile, die wegen Krankheit und in anderen begründeten Fällen nicht in Anspruch genommen werden konnten, sind für alle Tage zu verrechnen bzw. zurückzuerstatten.</LA></DD></DL></P></Content></text><fussnoten/></textdaten></norm>
<norm builddate="20181114212004" doknr="DDNR007170975BJNE000500307"><metadaten><jurabk>SchKiSpVDBest 1</jurabk><enbez>§ 4</enbez></metadaten><textdaten><text format="XML"><Content><P>(1) Bei der Planung der Kapazitäten für die Betriebe und Einrichtungen der Schüler- und Kinderspeisung ist von den konkreten örtlichen Bedingungen auszugehen. Die Verbesserung der materiellen Bedingungen für die Produktion und Esseneinnahme in den bestehenden Einrichtungen ist schrittweise und planmäßig gemäß der Aufgabenstellung im Volkswirtschaftsplan und der langfristigen Planung, unter Berücksichtigung der Anzahl der zu versorgenden Schüler und Kinder des Territoriums, zu sichern.</P><P>(2) Die zuständigen örtlichen Staatsorgane und Betriebe gewährleisten die erforderlichen Instandhaltungs- und Rekonstruktionsmaßnahmen sowie den Um- und Ausbau geeigneter Räume. Die notwendigen Maßnahmen sind in die Volkswirtschaftspläne einzuordnen.</P><P>(3) Die Räte der Städte und Gemeinden sind berechtigt, den Betrieben, unabhängig von ihrer Unterstellung und Eigentumsform, Auflagen zur Nutzung vorhandener Kapazitäten für die Verbesserung der Schüler- und Kinderspeisung zu erteilen.</P></Content>  </text></textdaten></norm>
<norm builddate="20181114212004" doknr="DDNR007170975BJNE000600307"><metadaten><jurabk>SchKiSpVDBest 1</jurabk><enbez>§ 5</enbez></metadaten><textdaten><text format="XML"><Content><P>(1) Die für die Schüler- und Kinderspeisung erforderlichen Warenfonds sind in die Warenfondspläne der zentralen und betrieblichen Fondsträger - ohne gesonderten Ausweis - einzuordnen.</P><P>(2) Für die Planung der Haushaltsmittel und die Bilanzierung und Planung des gesellschaftlichen Arbeitsvermögens für die Lösung der Aufgaben auf dem Gebiet der Schüler- und Kinderspeisung gelten die entsprechenden Regelungen der Planungsordnung und die zweigspezifischen Regelungen.</P><P>(3) Die Fondsträgerschaft für küchentechnische Ausrüstungen, Ausstattungen und Speisentransportbehälter für die Schüler- und Kinderspeisung wird durch das Volkseigene Kontor Handelstechnik gemäß Anlage 4 wahrgenommen.</P><P>(4) Die Richtwerte für die Arbeitsproduktivität gemäß Anlage 5 sind Orientierungen für Aufgabenstellungen zur sozialistischen Rationalisierung und Grundlage für Leistungsvergleiche zwischen den Betrieben und Einrichtungen der Schüler- und Kinderspeisung und entsprechend anzuwenden.</P></Content>   </text></textdaten></norm>
<norm builddate="20181114212004" doknr="DDNR007170975BJNE000700307"><metadaten><jurabk>SchKiSpVDBest 1</jurabk><enbez>§ 6</enbez></metadaten><textdaten><text format="XML"><Content><P>(1) Die in den Verantwortungsbereichen Volksbildung und Berufsbildung bestehenden Einrichtungen der Schüler- und Kinderspeisung werden von den örtlichen Räten direkt geleitet. Diese sichern die planmäßige und qualitätsgerechte Durchführung der Aufgaben der Schüler- und Kinderspeisung durch diese Einrichtungen und gewährleisten die Planung, Abrechnung und Kontrolle der materiellen und finanziellen Fonds.</P><P>(2) Die im Rahmen des komplexen Wohnungsbaues entstehenden Mehrzweckeinrichtungen mit kombinierter Nutzung (gastronomische Betreuung der Bevölkerung und der Schüler) sind durch Betriebe des volkseigenen Einzelhandels oder Konsumgenossenschaften zu übernehmen bzw. zu bewirtschaften.</P><P>(3) Auf der Grundlage einer gemeinsamen Konzeption des Ministeriums für Handel und Versorgung und des Ministeriums für Volksbildung sowie des Staatssekretariats für Berufsbildung erfolgt die schrittweise Übernahme der Bewirtschaftung bzw. Übergabe von Einrichtungen der Schüler- und Kinderspeisung aus den Verantwortungsbereichen Volksbildung und Berufsbildung in den Verantwortungsbereich Handel und Versorgung. Dabei ist von folgenden Grundsätzen auszugehen: <DL Font="normal" Type="arabic"><DT>a)</DT><DD Font="normal"><LA Size="normal">Die im Verantwortungsbereich Volksbildung bestehenden Einrichtungen der Schüler- und Kinderspeisung, die nicht in Schulgebäuden eingeordnet sind und ausschließlich der Schülerspeisung dienen, sind schrittweise und planmäßig von Betrieben des volkseigenen Einzelhandels oder Konsumgenossenschaften zu übernehmen.</LA></DD> <DT>b)</DT><DD Font="normal"><LA Size="normal">Einrichtungen der Schüler- und Kinderspeisung, die ausschließlich für die Schülerspeisung genutzt werden und in Schulen eingeordnet sind, können von Betrieben des volkseigenen Einzelhandels oder Konsumgenossenschaften bewirtschaftet werden.</LA></DD> </DL></P></Content>  </text></textdaten></norm>
<norm builddate="20181114212004" doknr="DDNR007170975BJNE000800307"><metadaten><jurabk>SchKiSpVDBest 1</jurabk><enbez>§ 7</enbez></metadaten><textdaten><text format="XML"><Content><P>(1) Die Aufgaben auf dem Gebiet der Schüler- und Kinderspeisung sind als in sich geschlossener Komplex in die Bezirksversorgungspläne und Kreisversorgungskonzeptionen einzuordnen.</P><P>(2) Als Mindestanforderungen an die Planung der Schüler- und Kinderspeisung gelten die in der Anlage 3 aufgeführten Kennziffern.</P><P>(3) Die zentralgeleiteten Betriebe - unabhängig von ihrem Unterstellungsverhältnis - haben zur Einordnung der von ihnen zu lösenden Aufgaben auf dem Gebiet der Schüler- und Kinderspeisung diese mit dem Rat des Bezirkes, Abteilung Handel und Versorgung, abzustimmen und entsprechend der Entscheidung des Rates in ihre Pläne aufzunehmen.</P><P>(4) Die örtlichgeleiteten Betriebe erhalten Planaufgaben und Planauflagen für die Schüler- und Kinderspeisung durch ihr übergeordnetes Organ.</P></Content>   </text></textdaten></norm>
<norm builddate="20181114212004" doknr="DDNR007170975BJNE000900307"><metadaten><jurabk>SchKiSpVDBest 1</jurabk><enbez>§ 8</enbez></metadaten><textdaten><text format="XML"><Content><P>(1) Die Räte der Bezirke können den wirtschaftsleitenden Organen des sozialistischen Einzelhandels Aufgaben der Leitung, Planung und Organisation der Schüler- und Kinderspeisung übertragen, insbesondere die <DL Font="normal" Type="arabic"><DT>a)</DT><DD Font="normal"><LA Size="normal">Organisation der Erzeugnisgruppenarbeit zur Gestaltung der Kooperationsbeziehungen zwischen Betrieben und Einrichtungen für die Herstellung, den Transport und den Absatz der Schüler- und Kinderspeisung,</LA></DD> <DT>b)</DT><DD Font="normal"><LA Size="normal">Erarbeitung von Orientierungen für die Durchsetzung der sozialistischen Intensivierung,</LA></DD> <DT>c)</DT><DD Font="normal"><LA Size="normal">Organisation und Durchführung von Erfahrungsaustauschen und Leistungsvergleichen,</LA></DD> <DT>d)</DT><DD Font="normal"><LA Size="normal">Koordinierung der Qualifizierungsmaßnahmen für die Aus- und Weiterbildung der Beschäftigten in den Betrieben und Einrichtungen, die Schüler- und Kinderspeisung herstellen bzw. ausgeben, unabhängig von ihrer institutionellen Zuordnung und Bereitstellung von Ausbildungskapazitäten,</LA></DD> <DT>e)</DT><DD Font="normal"><LA Size="normal">Ermittlung des Bedarfs an Schüler- und Kinderspeisung und der zur Bedarfsdeckung erforderlichen Kapazitäten als Zuarbeit für die territorialen Kapazitätsbilanzen,</LA></DD> <DT>f)</DT><DD Font="normal"><LA Size="normal">Ermittlung des Bedarfs an küchentechnischen Ausrüstungen, einschließlich Speisentransportbehältern.</LA></DD> </DL> </P><P>(2) Die Räte der Städte und Gemeinden sind berechtigt, Betrieben und Einrichtungen in ihren Territorien - in Abstimmung mit deren übergeordneten Organen - Aufgaben zur Unterstützung anderer Einrichtungen der Schüler- und Kinderspeisung bei der Organisation und Durchführung der Schülerspeisung zu übertragen. Dazu gehören die Unterstützung bei der Speisenplangestaltung auf der Grundlage der Rezepturen, bei der Qualifizierung am Arbeitsplatz und der Rationalisierung der Arbeit in den Küchen und Ausgabestellen.</P></Content></text></textdaten></norm>
<norm builddate="20181114212004" doknr="DDNR007170975BJNE001000307"><metadaten><jurabk>SchKiSpVDBest 1</jurabk><enbez>§ 9</enbez></metadaten><textdaten><text format="XML"><Content><P>(1) Zur Organisation und Durchführung der Trinkmilchversorgung haben die Betriebe des volkseigenen Einzelhandels und die Konsumgenossenschaften mit den Molkereien und den örtlichen Räten Versorgungsverträge über die Bereitstellung von Trinkmilch und Milchmischgetränken für die Schüler der Einrichtungen der Volksbildung und Berufsbildung abzuschließen.</P><P>(2) Der Verkauf der Trinkmilch an die Schüler ist durch die Betriebe des volkseigenen Einzelhandels und die Konsumgenossenschaften auf der Grundlage von Vereinbarungen mit geeigneten Kräften, die den Verkauf auf Provisionsbasis durchführen, zu organisieren.</P><P>(3) Die Höhe der Provision für den Trinkmilchverkauf beträgt einheitlich je 1/4 Liter Milch bzw. Milchmischgetränk -,03 M.</P><P>(4) Die Direktoren der Schulen haben die Durchführung des Trinkmilchverkaufs vor allem durch Bereitstellung geeigneter Räume in den Schulen und bei der Gewinnung von Verkaufskräften zu unterstützen.</P></Content>   </text></textdaten></norm>
<norm builddate="20181114212004" doknr="DDNR007170975BJNE001100307"><metadaten><jurabk>SchKiSpVDBest 1</jurabk><enbez>§ 10</enbez></metadaten><textdaten><text format="XML"><Content><P>(1) Bei den Räten der Bezirke und Kreise üben Aktive für die Schüler- und Kinderspeisung eine beratende und unterstützende Tätigkeit aus. Sie werden vom Stellvertreter des Vorsitzenden des Rates für Handel und Versorgung geleitet. Dem Aktiv gehören die verantwortlichen Ratsmitglieder Volksbildung, Finanzen, Gesundheits- und Sozialwesen, örtliche Versorgungswirtschaft, Verkehrs- und Nachrichtenwesen, der Leiter der Abteilung Preise, der Leiter der Abteilung Berufsbildung und Berufsberatung und leitende Mitarbeiter der Abteilung Land-, Forst- und Nahrungsgüterwirtschaft, der Plankommission sowie des Wirtschaftsrates an.</P><P>(2) Darüber hinaus können Vertreter der Hygieneaktive, Leiter von Betrieben und Einrichtungen der Schüler- und Kinderspeisung, Schuldirektoren, Vertreter gesellschaftlicher Organisationen bzw. Leiter und Mitglieder von Elternbeiräten einbezogen werden.</P><P>(3) Die Direktoren der Schulen und Leiter der Kindergärten sichern bei der Wahrnehmung ihrer Aufgaben - insbesondere bei der gesellschaftlichen Kontrolle - die Mitwirkung der Kommissionen des Elternbeirates, der Elternaktive, der Lehrer, Erzieher und Schüler bzw. Lehrlinge. Die Ergebnisse der Kontrollen sind regelmäßig mit den Leitern der Betriebe und Einrichtungen der Schüler- und Kinderspeisung auszuwerten.</P></Content>  </text></textdaten></norm>
<norm builddate="20181114212004" doknr="DDNR007170975BJNE001200307"><metadaten><jurabk>SchKiSpVDBest 1</jurabk><enbez>§ 11</enbez></metadaten><textdaten><text format="XML"><Content><P>(1) Die Bereitstellung von Haushaltsmitteln zur Sicherung der Schüler- und Kinderspeisung erfolgt durch die zuständigen örtlichen Räte für <DL Font="normal" Type="arabic"><DT>a)</DT><DD Font="normal"><LA Size="normal">Einrichtungen der Schüler- und Kinderspeisung im Verantwortungsbereich der Volksbildung und der Berufsbildung in vollem Umfang ihrer Ausgaben für den Naturaleinsatz, die Produktion, den Transport sowie für die Ausgabe- und Einnahmebedingungen der Schüler- und Kinderspeisung,</LA></DD> <DT>b)</DT><DD Font="normal"><LA Size="normal">Betriebe in Höhe ihres kalkulierten und bestätigten Richtpreises für die Schüler- und Kinderspeisung und in Höhe der Differenz zwischen der Handelsspanne für Trinkmilch und der festgelegten Provision für den Trinkmilchverkauf.</LA></DD> </DL> </P><P>(2) Aufwendungen für die einfache und erweiterte Reproduktion zur Durchführung der Schüler- und Kinderspeisung sind durch die Betriebe in den Plan aufzunehmen. Können diese Aufwendungen durch die Betriebe nicht selbst erwirtschaftet werden, reicht das jeweilige wirtschaftsleitende Organ planmäßig eine Stützung aus. Bei volkseigenen Betrieben, die örtlichen Räten direkt unterstellt sind, erfolgt die Finanzierung in solchen Fällen durch Stützung aus dem Haushalt im Rahmen des bestätigten Planes.</P><P>(3) Bei nachweisbarer Abgrenzung der Bestände für die Schüler- und Kinderspeisung erfolgt die Finanzierung der notwendigen Warenbestände für diese Leistungen in Abstimmung mit der Staatsbank der Deutschen Demokratischen Republik auf Antrag der Betriebe durch Zusatzkredite zu einem Zinssatz von 1,8%.</P></Content> </text></textdaten></norm>
<norm builddate="20181114212004" doknr="DDNR007170975BJNE001300307"><metadaten><jurabk>SchKiSpVDBest 1</jurabk><enbez>§ 12</enbez></metadaten><textdaten><text format="XML"><Content><P>Die Berichterstattung über die Schüler- und Kinderspeisung erfolgt für die Kennziffern der Schüler- und Kinderspeisung durch die Betriebe und Einrichtungen der Schüler- und Kinderspeisung entsprechend dem bestätigten Kennziffernprogramm.</P></Content></text></textdaten></norm>
<norm builddate="20181114212004" doknr="DDNR007170975BJNE001400307"><metadaten><jurabk>SchKiSpVDBest 1</jurabk><enbez>§ 13</enbez></metadaten><textdaten><text format="XML"><Content><P>(1) Diese Durchführungsbestimmung tritt am 1. Januar 1976 in Kraft.</P><P>(2) <I>Gleichzeitig treten außer Kraft:</I> <DL Font="normal" Type="arabic"><DT><I>1.</I></DT><DD Font="normal"><LA Size="normal"><I>Gemeinsame Weisung des Ministeriums für Handel und Versorgung, des Ministeriums für Volksbildung und des Ministeriums für Bezirksgeleitete Industrie und Lebensmittelindustrie zur Sicherung der Trinkmilchversorgung der Schul- und Vorschulkinder in den Frühstückspausen vom 14. April 1967 (wurde direkt zugestellt),</I></LA></DD> <DT><I>2.</I></DT><DD Font="normal"><LA Size="normal"><I>Anweisung Nr. 13/73 vom 30. April 1973 zur Sicherung der Qualität und der Finanzierung der Schul- und Kinderspeisung (Verfügungen und Mitteilungen des Ministeriums für Handel und Versorgung Nr. 16),</I></LA></DD> <DT><I>3.</I></DT><DD Font="normal"><LA Size="normal"><I>Ergänzung der Anweisung Nr. 13/73 vom 30. September 1974 (Verfügungen und Mitteilungen des Ministeriums für Handel und Versorgung Nr. 23),</I></LA></DD> <DT><I>4.</I></DT><DD Font="normal"><LA Size="normal"><I>Belieferung der Großverbraucher mit Erzeugnissen der Nahrungs- und Genußmittelindustrie und der Haushaltchemie - Änderung der Anweisung Nr. 54/63 und Anlage dazu (Verfügungen und Mitteilungen des Ministeriums für Handel und Versorgung vom 21. Januar 1966 Nr. 8).</I></LA></DD> </DL></P></Content> </text><fussnoten><Content><P>§ 13 Abs. 2 (Kursivdruck): Aufhebungsvorschrift</P></Content></fussnoten></textdaten></norm>
<norm builddate="20181114212004" doknr="DDNR007170975BJNE001500307"><metadaten><jurabk>SchKiSpVDBest 1</jurabk><enbez>Schlußformel</enbez></metadaten><textdaten><text format="XML"><Content><P><B>Der Minister für Handel und Versorgung</B></P></Content></text></textdaten></norm>
<norm builddate="20181114212004" doknr="DDNR007170975BJNE001600307"><metadaten><jurabk>SchKiSpVDBest 1</jurabk><enbez>Anlage 1</enbez></metadaten><textdaten><text format="XML"><Content><P><ABWFORMAT typ="A"/><kommentar typ="Fundstelle">Fundstelle des Originaltextes: GBl. I 1985, Nr. 5, 68 - 69</kommentar><BR/><BR/>I. <B>Ernährungsphysiologische Richtwerte</B><BR/>Die Einhaltung der nachfolgenden Richtwerte für die Energie- und Nährstoffbereitstellung, die im Durchschnitt täglich je Gericht zu realisieren sind, ist die Voraussetzung für eine ernährungsphysiologisch hochwertige Schüler- und Kinderspeisung. <BR/><table frame="all"><tgroup cols="5" colsep="0" rowsep="0"><colspec colname="col1" colnum="1" colwidth="127.000000pt"/><colspec colname="col2" colnum="2" colwidth="56.000000pt"/><colspec align="center" colname="col3" colnum="3" colwidth="145.000000pt"/><colspec align="center" colname="col4" colnum="4" colwidth="147.000000pt"/><colspec align="center" colname="col5" colnum="5" colwidth="156.000000pt"/><tbody><row rowsep="1"><entry> </entry><entry> </entry><entry align="center" valign="top">Schüler der Kl. 1 - 6</entry><entry align="center" valign="top">Schüler der Kl. 7 - 12 u. Lehrlinge</entry><entry align="center" valign="top">Kinder in Kindergärten</entry></row><row><entry>Nahrungsenergie</entry><entry>(kJ)</entry><entry align="center">2.900</entry><entry align="center">3.500</entry><entry align="center">2.000</entry></row><row><entry> </entry><entry>(kcal)</entry><entry align="center">690</entry><entry align="center">840</entry><entry align="center">480</entry></row><row><entry>Eiweiß</entry><entry>(g)</entry><entry align="center">22</entry><entry align="center">26</entry><entry align="center">15</entry></row><row><entry>Fett</entry><entry>(g)</entry><entry align="center">22</entry><entry align="center">27</entry><entry align="center">16</entry></row><row><entry>Kalzium</entry><entry>(mg)</entry><entry align="center">200</entry><entry align="center">200</entry><entry align="center">150</entry></row><row><entry>Vitamin B1</entry><entry>(mg)</entry><entry align="center">0,42</entry><entry align="center">0,51</entry><entry align="center">0,30</entry></row><row><entry>Vitamin C</entry><entry>(mg)</entry><entry align="center">30</entry><entry align="center">30</entry><entry align="center">25</entry></row></tbody></tgroup></table><BR/>II. <B>Lebensmittelnormen</B><BR/>Für die Schüler- und Kinderspeisung sind innerhalb von 20 aufeinanderfolgenden Verpflegungstagen im Durchschnitt je Gericht folgende Lebensmittelmengen einzusetzen: <BR/><table frame="all"><tgroup cols="5" colsep="0" rowsep="0"><colspec colname="col1" colnum="1" colwidth="336.000000pt"/><colspec colname="col2" colnum="2" colwidth="82.000000pt"/><colspec align="center" colname="col3" colnum="3" colwidth="71.000000pt"/><colspec align="center" colname="col4" colnum="4" colwidth="140.000000pt"/><colspec align="center" colname="col5" colnum="5" colwidth="99.000000pt"/><tbody valign="top"><row rowsep="1"><entry valign="top"> </entry><entry align="center" nameend="col3" namest="col2" valign="top">Schüler der Kl. 1 - 6</entry><entry align="center" valign="top">Schüler der Kl. 7 - 12 u. Lehrlinge</entry><entry align="center" valign="top">Kinder in Kindergärten</entry></row><row><entry valign="top">Fleisch u. Fleischwaren oder Wurst *1) *2)</entry><entry align="left" valign="top">(g)</entry><entry align="center" valign="top">40</entry><entry align="center" valign="top">30</entry><entry align="center" valign="top">20</entry></row><row><entry valign="top">Geflügel</entry><entry align="left" valign="top">(g)</entry><entry align="center" valign="top">10</entry><entry align="center" valign="top">20</entry><entry align="center" valign="top">10</entry></row><row><entry valign="top">Ei *3)</entry><entry align="left" valign="top">(g)</entry><entry align="center" valign="top">10</entry><entry align="center" valign="top">10</entry><entry align="center" valign="top">10</entry></row><row><entry valign="top">Fischfilet o. Rundfisch</entry><entry align="left" valign="top">(g)</entry><entry align="center" valign="top">10</entry><entry align="center" valign="top">10</entry><entry align="center" valign="top">5</entry></row><row><entry valign="top">Milch *4) *5)</entry><entry align="left" valign="top">(ml)</entry><entry align="center" valign="top">100</entry><entry align="center" valign="top">100</entry><entry align="center" valign="top">150</entry></row><row><entry valign="top">Tafelbutter</entry><entry align="left" valign="top">(g)</entry><entry align="center" valign="top">5</entry><entry align="center" valign="top">5</entry><entry align="center" valign="top">5</entry></row><row><entry valign="top">Öl oder Margarine *6)</entry><entry align="left" valign="top">(g)</entry><entry align="center" valign="top">6</entry><entry align="center" valign="top">8</entry><entry align="center" valign="top">4</entry></row><row rowsep="1"><entry valign="top">Obst und Gemüse *7)</entry><entry align="left" valign="top">(g)</entry><entry align="center" valign="top">250</entry><entry align="center" valign="top">250</entry><entry align="center" valign="top">200</entry></row><row><entry nameend="col5" namest="col1" valign="top"><DL><DT>*1)</DT><DD><LA>garfertig ohne Knochen</LA></DD><DT>*2)</DT><DD><LA>oder entsprechend<BR/>Fleisch: Spitzbein, Schweinskopf, Flecke, Rippchen = 1:4<BR/>Fleisch: Sülze, Aspikwaren, Dickbein, Grützwurst = 1:2</LA></DD><DT>*3)</DT><DD><LA>Inhalt eines Durchschnittseies = 47 g</LA></DD><DT>*4)</DT><DD><LA>Trinkvollmilch, entrahmte Frischmilch, Buttermilch, Joghurt</LA></DD><DT>*5)</DT><DD><LA>oder entsprechend<BR/>Milch: Quark = 4:1<BR/>Milch: Schnittkäse, Reibekäse = 10:1</LA></DD><DT>*6)</DT><DD><LA>vorrangig Tafel- und Salatöl oder Delikateßmargarine</LA></DD><DT>*7)</DT><DD><LA>Bezugsbasis: Gewicht der unbearbeiteten Rohware Werden küchenfertige oder verzehrfertige Anteile eingesetzt (z.B. Gefrierkonserven, Obst- und Gemüsesterilkonserven), entsprechend 175 g = 250 g käuflicher Rohware.</LA></DD></DL></entry></row></tbody></tgroup></table><BR/>III. <B>Allgemeine Hinweise</B><DL Font="normal" Type="arabic"><DT>1.</DT><DD Font="normal"><LA Size="normal">Die Herstellung und Abgabe der Schülerspeisung ist altersdifferenziert unter Beachtung folgender Grundsätze durchzuführen:<DL Font="normal" Type="arabic"><DT>-</DT><DD Font="normal"><LA Size="normal">Gewährleistung der unterschiedlichen ernährungsphysiologischen Richtwerte und Lebensmittelnormen,</LA></DD><DT>-</DT><DD Font="normal"><LA Size="normal">an Tagen, an denen nur 1 Gericht angeboten wird, sollten die Schüler zwischen 2 Sättigungs- oder Gemüsebeilagen wählen können,</LA></DD><DT>-</DT><DD Font="normal"><LA Size="normal">die Essenausgabekräfte sollten entsprechend dem individuellen Wunsch des Schülers portionieren,</LA></DD><DT>-</DT><DD Font="normal"><LA Size="normal">für jeden Schüler ist zu gewährleisten, daß er bei Eintöpfen und Beilagen Nachschlag erhalten kann,</LA></DD><DT>-</DT><DD Font="normal"><LA Size="normal">beim Angebot von Eintopfgerichten ist Brot bereitzustellen,</LA></DD><DT>-</DT><DD Font="normal"><LA Size="normal">werden 2 Gerichte angeboten, sollte im Einzelfall ermöglicht werden, daß auch Speisen der anderen Altersgruppe - natürlich unterschiedlich portioniert - eingenommen werden können.</LA></DD></DL></LA><LA Size="normal">Darüber hinaus sind schrittweise für alle Schüler in den Einrichtungen der Schülerspeisung die Möglichkeiten der Selbstwahl von Salaten oder Nachspeisen oder auch Kuchen über Büfette zu schaffen.</LA></DD><DT>2.</DT><DD Font="normal"><LA Size="normal">Bei der Kalkulation und Verwendung des Lebensmitteleinsatzes ist von den Lebensmittelnormen auszugehen. Bei der Herstellung ein und derselben Mahlzeit (Gerichteart) für verschiedene Altersgruppen ist die unterschiedliche Lebensmittelmessung wert- und mengenmäßig anteilig zu berücksichtigen.</LA></DD><DT>3.</DT><DD Font="normal"><LA Size="normal">Über die täglich eingesetzte Lebensmittelmenge ist ein schriftlicher Nachweis zu führen.</LA></DD><DT>4.</DT><DD Font="normal"><LA Size="normal">Zur Sicherung einer optimalen Gestaltung der Speisenpläne sind die Rezepturenkataloge für die Schüler- und Kinderspeisung anzuwenden.</LA></DD><DT>5.</DT><DD Font="normal"><LA Size="normal">Die als Lebensmittelnormen aufgeführten Lebensmittelgruppen fördern eine ernährungsphysiologisch hochwertige Ernährung. Sie ermöglichen jedoch nur eine Annäherung an die ernährungsphysiologischen Richtwerte und sind bei der Speisenplangestaltung und Speisenherstellung durch differenzierte Lebensmittelauswahl in spezieller Weise zu ergänzen.</LA></DD><DT>6.</DT><DD Font="normal"><LA Size="normal">Zur Ergänzung des Energie- und Nährstoffgehaltes sind die Hauptgerichte zweckmäßig mit geeigneten Vor- und/oder Nachspeisen zu komplettieren.</LA></DD><DT>7.</DT><DD Font="normal"><LA Size="normal">Als Vorkost sind möglichst Frischkostsalate auf Obst- oder Gemüsebasis zu reichen. Zum Ausgleich der beim Garen der Speisen auftretenden Vitamin- und Mineralstoffverluste wird empfohlen, dem gegarten Gemüse nach dem Garen bis zu 20% Rohgemüseanteil zuzusetzen. Dies verbessert gleichzeitig die sensorischen Eigenschaften der Speisen.</LA></DD><DT>8.</DT><DD Font="normal"><LA Size="normal">In allen Einrichtungen der Schüler- und Kinderspeisung ist täglich eine gute und stabile Qualität der Speisen zu gewährleisten. Für die Speisenplangestaltung ist der Beliebtheitsgrad der Speisen mit zugrunde zu legen. Weiterhin sind Geruch, Geschmack, Aussehen, Konsistenz, Speisentemperatur und Zusammenstellung der Speisen durch die Verantwortlichen der Küche täglich zu kontrollieren und zu bewerten.</LA></DD><DT>9.</DT><DD Font="normal"><LA Size="normal">Bei der Würzung der Speisen ist nur wenig Kochsalz zu verwenden. Es ist entsprechend dem Geschmack der Kinder zu würzen.</LA></DD><DT>10.</DT><DD Font="normal"><LA Size="normal">Aus ernährungsphysiologischen Gründen ist bei geeigneten Speisen der Einsatz der dunkleren anstelle der helleren Mehltypen zu empfehlen. Ein übermäßiger Zuckereinsatz ist zu vermeiden. Pflanzliche und tierische Fette sind in einem ausgewogenen Verhältnis zueinander einzusetzen.</LA></DD><DT>11.</DT><DD Font="normal"><LA Size="normal">Die als Lebensmittelnorm angegebene Milchmenge hat ausschließlich der Herstellung von Speisen zu dienen.</LA></DD><DT>12.</DT><DD Font="normal"><LA Size="normal">Vor Einfüllen der Speisen in die Speisentransportbehälter sind die Gefäße heiß auszuspülen.</LA></DD></DL></P></Content></text><fussnoten/></textdaten></norm>
<norm builddate="20181114212004" doknr="DDNR007170975BJNE001700307"><metadaten><jurabk>SchKiSpVDBest 1</jurabk><enbez>Anlage 2</enbez></metadaten><textdaten><text format="XML"><Content><P><ABWFORMAT typ="A"/><kommentar typ="Fundstelle">Fundstelle des Originaltextes: GBl. I 1987, Nr. 13, 153 - 154</kommentar><BR/><table frame="all" tocentry="%yes;"><tgroup align="left" char="" charoff="50" cols="9" colsep="1" rowsep="0"><colspec colname="col1" colnum="1" colwidth="15.87*"/><colspec colname="col2" colnum="2" colwidth="12.70*"/><colspec colname="col3" colnum="3" colwidth="7.94*"/><colspec colname="col4" colnum="4" colwidth="7.94*"/><colspec colname="col5" colnum="5" colwidth="7.94*"/><colspec colname="col6" colnum="6" colwidth="7.94*"/><colspec colname="col7" colnum="7" colwidth="7.94*"/><colspec colname="col8" colnum="8" colwidth="15.87*"/><colspec align="right" colname="col9" colnum="9" colwidth="15.87*"/><tbody valign="top"><row><entry VJ="1" align="center" nameend="col9" namest="col1"><B>Qualitätspaß</B></entry></row><row><entry VJ="1" align="center" nameend="col9" namest="col1">(Schüler- und Kinderspeisung)</entry></row><row><entry VJ="1" nameend="col9" namest="col1"> </entry></row><row><entry VJ="1" nameend="col9" namest="col1">Woche vom ...................... bis ....................</entry></row><row><entry VJ="1" nameend="col9" namest="col1">produzierende Einrichtung ...............................</entry></row><row><entry VJ="1" nameend="col9" namest="col1">Empfänger ...............................................</entry></row><row><entry VJ="1" nameend="col9" namest="col1" valign="top"> </entry></row><row><entry VJ="1" valign="top"> </entry><entry VJ="1" valign="top"> </entry><entry VJ="1" align="center" nameend="col7" namest="col3"> </entry><entry VJ="1" valign="top"> </entry><entry VJ="1" align="left" valign="top"> </entry></row><row><entry VJ="1" morerows="12" valign="top">Tag Datum <BR/>Name des Kochs</entry><entry VJ="1" morerows="12" valign="top">Gericht</entry><entry VJ="1" align="center" nameend="col7" namest="col3">Qualitätsmerkmale *2)</entry><entry VJ="1" morerows="12" valign="top">Bemerkungen</entry><entry VJ="1" align="left" morerows="12" valign="top">Unterschrift (Küchenkommission, Essenteilnehmer</entry></row><row><entry VJ="1" nameend="col7" namest="col3"> </entry></row><row><entry VJ="1"> </entry><entry VJ="1"> </entry><entry VJ="1"> </entry><entry VJ="1"> </entry><entry VJ="1"> </entry></row><row><entry VJ="1">A B</entry><entry VJ="1">G B</entry><entry VJ="1">G B</entry><entry VJ="1">K B</entry><entry VJ="1">T B</entry></row><row><entry VJ="1">u w</entry><entry VJ="1">e w</entry><entry VJ="1">e w</entry><entry VJ="1">o w</entry><entry VJ="1">e w</entry></row><row><entry VJ="1">s</entry><entry VJ="1">r</entry><entry VJ="1">s</entry><entry VJ="1">n</entry><entry VJ="1">m</entry></row><row><entry VJ="1">s</entry><entry VJ="1">u</entry><entry VJ="1">c</entry><entry VJ="1">s</entry><entry VJ="1">p</entry></row><row><entry VJ="1">e</entry><entry VJ="1">c</entry><entry VJ="1">h</entry><entry VJ="1">i</entry><entry VJ="1">e</entry></row><row><entry VJ="1">h</entry><entry VJ="1">h</entry><entry VJ="1">m</entry><entry VJ="1">s</entry><entry VJ="1">r</entry></row><row><entry VJ="1">e</entry><entry VJ="1"> </entry><entry VJ="1">a</entry><entry VJ="1">t</entry><entry VJ="1">a</entry></row><row><entry VJ="1">n</entry><entry VJ="1"> </entry><entry VJ="1">c</entry><entry VJ="1">e</entry><entry VJ="1">t</entry></row><row><entry VJ="1"> </entry><entry VJ="1"> </entry><entry VJ="1">k</entry><entry VJ="1">n</entry><entry VJ="1">u</entry></row><row rowsep="1"><entry VJ="1"> </entry><entry VJ="1"> </entry><entry VJ="1"> </entry><entry VJ="1">z</entry><entry VJ="1">r</entry></row><row><entry VJ="1"> </entry><entry VJ="1">I</entry><entry VJ="1"> </entry><entry VJ="1"> </entry><entry VJ="1"> </entry><entry VJ="1"> </entry><entry VJ="1"> </entry><entry VJ="1"> </entry><entry VJ="1"> </entry></row><row rowsep="1"><entry VJ="1"> </entry><entry VJ="1">II</entry><entry VJ="1"> </entry><entry VJ="1"> </entry><entry VJ="1"> </entry><entry VJ="1"> </entry><entry VJ="1"> </entry><entry VJ="1"> </entry><entry VJ="1"> </entry></row><row><entry VJ="1"> </entry><entry VJ="1">I</entry><entry VJ="1"> </entry><entry VJ="1"> </entry><entry VJ="1"> </entry><entry VJ="1"> </entry><entry VJ="1"> </entry><entry VJ="1"> </entry><entry VJ="1"> </entry></row><row rowsep="1"><entry VJ="1"> </entry><entry VJ="1">II</entry><entry VJ="1"> </entry><entry VJ="1"> </entry><entry VJ="1"> </entry><entry VJ="1"> </entry><entry VJ="1"> </entry><entry VJ="1"> </entry><entry VJ="1"> </entry></row><row><entry VJ="1"> </entry><entry VJ="1">I</entry><entry VJ="1"> </entry><entry VJ="1"> </entry><entry VJ="1"> </entry><entry VJ="1"> </entry><entry VJ="1"> </entry><entry VJ="1"> </entry><entry VJ="1"> </entry></row><row rowsep="1"><entry VJ="1"> </entry><entry VJ="1">II</entry><entry VJ="1"> </entry><entry VJ="1"> </entry><entry VJ="1"> </entry><entry VJ="1"> </entry><entry VJ="1"> </entry><entry VJ="1"> </entry><entry VJ="1"> </entry></row><row><entry VJ="1"> </entry><entry VJ="1">I</entry><entry VJ="1"> </entry><entry VJ="1"> </entry><entry VJ="1"> </entry><entry VJ="1"> </entry><entry VJ="1"> </entry><entry VJ="1"> </entry><entry VJ="1"> </entry></row><row rowsep="1"><entry VJ="1"> </entry><entry VJ="1">II</entry><entry VJ="1"> </entry><entry VJ="1"> </entry><entry VJ="1"> </entry><entry VJ="1"> </entry><entry VJ="1"> </entry><entry VJ="1"> </entry><entry VJ="1"> </entry></row><row><entry VJ="1"> </entry><entry VJ="1">I</entry><entry VJ="1"> </entry><entry VJ="1"> </entry><entry VJ="1"> </entry><entry VJ="1"> </entry><entry VJ="1"> </entry><entry VJ="1"> </entry><entry VJ="1"> </entry></row><row rowsep="1"><entry VJ="1"> </entry><entry VJ="1">II</entry><entry VJ="1"> </entry><entry VJ="1"> </entry><entry VJ="1"> </entry><entry VJ="1"> </entry><entry VJ="1"> </entry><entry VJ="1"> </entry><entry VJ="1"> </entry></row><row><entry VJ="1"> </entry><entry VJ="1" nameend="col9" namest="col2">Gesamt Bw *1)</entry></row><row><entry VJ="1" nameend="col9" namest="col1"><small><DL Font="normal" Type="arabic"><DT>*1)</DT><DD Font="normal"><LA Size="normal">- Bewertungseinheiten</LA></DD><DT>*2)</DT><DD Font="normal"><LA Size="normal">- nähere Angaben siehe Rückseite</LA></DD></DL></small></entry></row><row><entry VJ="1" align="center" nameend="col9" namest="col1"> </entry></row><row><entry VJ="1" align="center" colsep="0" nameend="col2" namest="col1">Qualitätsmerkmale</entry><entry VJ="1" align="center" colsep="0" nameend="col8" namest="col3">Bewertungsgrundlage</entry><entry VJ="1" align="center">Bewertungseinheiten Soll</entry></row><row><entry VJ="1" colsep="0" morerows="3" nameend="col2" namest="col1" valign="top">Aussehen<BR/>max. 4 Bw</entry><entry VJ="1" colsep="0" nameend="col8" namest="col3"><DL Font="normal" Type="arabic"><DT>-</DT><DD Font="normal"><LA Size="normal">ansprechende, zweckmäßige Anrichteweise</LA></DD></DL></entry><entry VJ="1" align="right">1</entry></row><row><entry VJ="1" colsep="0" nameend="col8" namest="col3"><DL Font="normal" Type="arabic"><DT>-</DT><DD Font="normal"><LA Size="normal">produkttypische Farbe</LA></DD></DL></entry><entry VJ="1" align="right">1</entry></row><row><entry VJ="1" colsep="0" nameend="col8" namest="col3"><DL Font="normal" Type="arabic"><DT>-</DT><DD Font="normal"><LA Size="normal">fachgerechte Zusammenstellung der Speisenkomponenten</LA></DD></DL></entry><entry VJ="1" align="right">1</entry></row><row><entry VJ="1" colsep="0" nameend="col8" namest="col3"><DL Font="normal" Type="arabic"><DT>-</DT><DD Font="normal"><LA Size="normal">fachgerechte Schnittführung und gleichmäßige Portionsgrößen</LA></DD></DL></entry><entry VJ="1" align="right">1</entry></row><row><entry VJ="1" colsep="0" nameend="col2" namest="col1">Geruch<BR/>max. 2 Bw</entry><entry VJ="1" colsep="0" nameend="col8" namest="col3"><DL Font="normal" Type="arabic"><DT>-</DT><DD Font="normal"><LA Size="normal">erzeugnistypischer Geruch</LA></DD></DL></entry><entry VJ="1" align="right">2</entry></row><row><entry VJ="1" colsep="0" morerows="2" nameend="col2" namest="col1">Geschmack<BR/>max. 4 Bw</entry><entry VJ="1" colsep="0" nameend="col8" namest="col3"><DL Font="normal" Type="arabic"><DT>-</DT><DD Font="normal"><LA Size="normal">erzeugnistypischer Geschmack</LA></DD></DL></entry><entry VJ="1" align="right">1</entry></row><row><entry VJ="1" colsep="0" nameend="col8" namest="col3"><DL Font="normal" Type="arabic"><DT>-</DT><DD Font="normal"><LA Size="normal">harmonisch abgestimmte Würzung</LA></DD></DL></entry><entry VJ="1" align="right">2</entry></row><row><entry VJ="1" colsep="0" nameend="col8" namest="col3"><DL Font="normal" Type="arabic"><DT>-</DT><DD Font="normal"><LA Size="normal">frisch, rein, ohne Beeinträchtigung</LA></DD></DL></entry><entry VJ="1" align="right">1</entry></row><row><entry VJ="1" colsep="0" morerows="2" nameend="col2" namest="col1">Konsistenz<BR/>max. 5 Bw</entry><entry VJ="1" colsep="0" nameend="col8" namest="col3"><DL Font="normal" Type="arabic"><DT>-</DT><DD Font="normal"><LA Size="normal">spezifische Konsistenz der festen Speisenbestandteile</LA></DD></DL></entry><entry VJ="1" align="right">2</entry></row><row><entry VJ="1" colsep="0" nameend="col8" namest="col3"><DL Font="normal" Type="arabic"><DT>-</DT><DD Font="normal"><LA Size="normal">Bindung entsprechend der Spezifik der flüssigen Speisenbestandteile</LA></DD></DL></entry><entry VJ="1" align="right">2</entry></row><row><entry VJ="1" colsep="0" nameend="col8" namest="col3"><DL Font="normal" Type="arabic"><DT>-</DT><DD Font="normal"><LA Size="normal">arteigene Oberflächenbeschaffenheit (keine Verhornung, Verkrustung)</LA></DD></DL></entry><entry VJ="1" align="right">1</entry></row><row><entry VJ="1" colsep="0" morerows="3" nameend="col2" namest="col1">Temperatur<BR/>max. 5 Bw</entry><entry VJ="1" colsep="0" nameend="col8" namest="col3"><DL Font="normal" Type="arabic"><DT>-</DT><DD Font="normal"><LA Size="normal">Verzehrtemperatur der Speisenkomponenten (Minimum 60 Grad bei warmen Speisen)</LA></DD></DL></entry><entry VJ="1"> </entry></row><row><entry VJ="1" colsep="0" nameend="col8" namest="col3"><DL Font="normal" Type="arabic"><DT> </DT><DD Font="normal"><LA Size="normal">Hauptkomponente</LA></DD></DL></entry><entry VJ="1" align="right">2</entry></row><row><entry VJ="1" colsep="0" nameend="col8" namest="col3"><DL Font="normal" Type="arabic"><DT> </DT><DD Font="normal"><LA Size="normal">Sättigungsbeilage</LA></DD></DL></entry><entry VJ="1" align="right">1</entry></row><row><entry VJ="1" colsep="0" nameend="col8" namest="col3"><DL Font="normal" Type="arabic"><DT> </DT><DD Font="normal"><LA Size="normal">Gemüsebeilage</LA></DD></DL></entry><entry VJ="1" align="right">2</entry></row><row><entry VJ="1" align="right" nameend="col9" namest="col1">20</entry></row><row><entry VJ="1" align="right" nameend="col9" namest="col1">====</entry></row></tbody></tgroup></table><BR/><B>Hinweise für die Bewertung der Qualität des Essens für die Einrichtungen, die im Speisenferntransport beliefert werden</B><DL Font="normal" Type="arabic"><DT>-</DT><DD Font="normal"><LA Size="normal">Die Qualität des Essens ist täglich zu kontrollieren und im Qualitätspaß zu bewerten;</LA></DD><DT>-</DT><DD Font="normal"><LA Size="normal">der Qualitätspaß verbleibt in der Woche in den Ausgabestellen;</LA></DD><DT>-</DT><DD Font="normal"><LA Size="normal">jeden Montag wird für die laufende Woche durch die produzierende Küche ein neuer Qualitätspaß ausgehändigt und der Qualitätspaß von der vorangegangenen Woche wieder vollständig ausgefüllt abgefordert;</LA></DD><DT>-</DT><DD Font="normal"><LA Size="normal">treten erhebliche Qualitätsbeanstandungen auf, ist die produzierende Küche <B>sofort</B> durch die ausgebende Einrichtung zu informieren.</LA></DD></DL></P></Content></text><fussnoten/></textdaten></norm>
<norm builddate="20181114212005" doknr="DDNR007170975BJNE001800307"><metadaten><jurabk>SchKiSpVDBest 1</jurabk><enbez>Anlage 3</enbez></metadaten><textdaten><text format="XML"><Content><P><noindex><kommentar typ="Fundstelle">(Fundstelle: GBl. DDR I 1975, Nr. 44, 721)</kommentar></noindex></P><BR/><BR/><Title Align="auto"><B>Mindestanforderungen<BR/><BR/>an die Planung der Schüler- und Kinderspeisung</B><BR/><BR/><B>I.</B><BR/><BR/><B>Grundsätze</B></Title><BR/><P><DL Font="normal" Type="arabic"><DT>1.</DT><DD Font="normal"><LA Size="normal">Die Aufgaben der Schüler- und Kinderspeisung werden auf zentraler, örtlicher und betrieblicher Ebene in die Pläne eingeordnet.</LA></DD><DT>2.</DT><DD Font="normal"><LA Size="normal">Grundlage für die Einordnung sind die Planungsordnung, die zweigspezifischen Richtlinien für die Planung der Volkswirtschaftszweige und die Festlegungen der zentralen und örtlichen Organe gemäß der Verordnung vom 16. Oktober 1975 über die Schüler- und Kinderspeisung (GBl. I Nr. 44 S 713).</LA></DD></DL></P><BR/><Title Align="auto">II.</Title><BR/><P>Auf der Basis der unter Abschnitt I genannten Grundsätze sind folgende Mindestanforderungen an die Planung der Schüler- und Kinderspeisung zu sichern: <DL Font="normal" Type="arabic"><DT>1.</DT><DD Font="normal"><LA Size="normal"><B>Bezirksversorgungsplan</B><BR/><BR/></LA><LA Size="normal">Planteil: Aufgaben auf dem Gebiet der Schüler- und Kinderspeisung<DL Font="normal" Type="arabic"><DT>-</DT><DD Font="normal"><LA Size="normal">Anzahl der Teilnehmer an der Schülerspeisung in allgemeinbildenden Schulen in Personen<BR/><DL Font="normal" Indent="20" Type="arabic"><DT>darunter:</DT><DD Font="normal"><LA Size="normal">teilnehmende Schüler</LA><LA Size="normal">darunter: aus den Klassen 7 - 12</LA><LA Size="normal">davon Schüler, die mit einem Naturaleinsatz von 1,20 M versorgt werden</LA></DD></DL></LA></DD><DT>-</DT><DD Font="normal"><LA Size="normal">Versorgungsgrad der Schüler in den allgemeinbildenden Schulen<FnR ID="DDNR007170975BJNE001800307_01"/></LA></DD><DT>-</DT><DD Font="normal"><LA Size="normal">Anzahl der Teilnehmer an der Schülerspeisung in den kommunalen Berufsschulen in Personen</LA><LA Size="normal">darunter:    teilnehmende Lehrlinge</LA></DD><DT>-</DT><DD Font="normal"><LA Size="normal">Versorgungsgrad der Lehrlinge in kommunalen Berufsschulen<FnR ID="DDNR007170975BJNE001800307_02"/></LA></DD><DT>-</DT><DD Font="normal"><LA Size="normal">Anzahl der Teilnehmer an der Kinderspeisung in Kindergärten in Personen</LA><LA Size="normal">darunter:    teilnehmende Kinder</LA></DD><DT>-</DT><DD Font="normal"><LA Size="normal">Versorgungsgrad der teilnehmenden Kinder in Kindergärten<FnR ID="DDNR007170975BJNE001800307_03"/></LA></DD><DT>-</DT><DD Font="normal"><LA Size="normal">Teilnehmer an der Trinkmilchversorgung in Personen</LA><LA Size="normal">davon:       Teilnehmer an allgemeinbildenden Schulen</LA></DD><DT>-</DT><DD Font="normal"><LA Size="normal">Versorgungsgrad an der Trinkmilchversorgung für Schüler in allgemeinbildenden Schulen<FnR ID="DDNR007170975BJNE001800307_04"/></LA></DD><DT>-</DT><DD Font="normal"><LA Size="normal">Versorgungsgrad an der Trinkmilchversorgung für Lehrlinge in kommunalen Berufsschulen<FnR ID="DDNR007170975BJNE001800307_04"/></LA></DD><DT>-</DT><DD Font="normal"><LA Size="normal">Anzahl der Essenportionen für die Schüler- und Kinderspeisung in allgemeinbildenden Schulen, kommunalen Berufsschulen und Kindergärten</LA></DD></DL></LA><LA Size="normal">Die erforderlichen Plankennziffern sind im Bezirk zwischen den Bereichen Handel und Versorgung, Volksbildung sowie Berufsbildung und Berufsberatung abzustimmen.</LA></DD><DT>2.</DT><DD Font="normal"><LA Size="normal">Die Mindestanforderungen an den Bezirksversorgungsplan sind als Zielstellungen für ausgewählte Schwerpunktkreise zu planen.</LA></DD><DT>3.</DT><DD Font="normal"><LA Size="normal">Im Volkswirtschaftsplan der Räte der Bezirke, Teil Bauwesen und Wohnungsbau, wird als Information der Plankennziffer für Investitionen des komplexen Wohnungsbaues die Kennziffer - nutzbare Schülerspeiseplätze<FnR ID="DDNR007170975BJNE001800307_05"/> - ausgewiesen.</LA></DD><DT>4.</DT><DD Font="normal"><LA Size="normal">Die Leiter der an der Schüler- und Kinderspeisung beteiligten Betriebe sichern bei der Planung der Schüler- und Kinderspeisung den Nachweis der Kennziffer<DL Font="normal" Type="arabic"><DT>-</DT><DD Font="normal"><LA Size="normal">Anzahl der Essenportionen für die Teilnehmer an der Schüler- und Kinderspeisung (Eigenproduktion).</LA></DD></DL></LA></DD><DT>5.</DT><DD Font="normal"><LA Size="normal">Durch die Leiter der Einzelhandelsbetriebe ist zu gewährleisten, daß die Kennziffer<DL Font="normal" Type="arabic"><DT>-</DT><DD Font="normal"><LA Size="normal">Gaststättenumsatz Schüler- und Kinderspeisung</LA></DD></DL></LA><LA Size="normal">als Darunterposition vom Gaststättenumsatz ausgewiesen wird.</LA></DD></DL></P><BR/><BR/><P>__________________</P></Content><Footnotes><Footnote FnZ="1" Group="column" ID="DDNR007170975BJNE001800307_01" Pos="exp">Versorgungsgrad der Schüler in allgemeinbildenden Schulen<BR/><table frame="none" tocentry="%yes;"><tgroup align="left" char="" charoff="50" cols="2"><colspec align="right" colname="col1" colwidth="7.69*"/><colspec colname="col2" colwidth="92.31*"/><tbody valign="top"><row><entry VJ="1" colsep="0" morerows="1" rowsep="0" valign="middle">=</entry><entry VJ="1" colsep="0">teilnehmende Schüler X 100</entry></row><row><entry VJ="1" colsep="0" rowsep="0">Anzahl der Schüler</entry></row></tbody></tgroup></table></Footnote><Footnote FnZ="2" Group="column" ID="DDNR007170975BJNE001800307_02" Pos="exp">Versorgungsgrad der Lehrlinge in kommunalen Berufsschulen (KBS)<BR/><table frame="none" tocentry="%yes;"><tgroup align="left" char="" charoff="50" cols="2"><colspec align="right" colname="col1" colwidth="7.45*"/><colspec colname="col2" colwidth="92.54*"/><tbody valign="top"><row><entry VJ="1" colsep="0" morerows="1" rowsep="0" valign="middle">=</entry><entry VJ="1" colsep="0">teilnehmende Lehrlinge X 100</entry></row><row><entry VJ="1" colsep="0" rowsep="0">täglich in der KBS anwesende Lehrlinge</entry></row></tbody></tgroup></table></Footnote><Footnote FnZ="3" Group="column" ID="DDNR007170975BJNE001800307_03" Pos="exp">Versorgungsgrad der Kinder in Kindergärten<BR/><table frame="none" tocentry="%yes;"><tgroup align="left" char="" charoff="50" cols="2"><colspec align="right" colname="col1" colwidth="7.78*"/><colspec colname="col2" colwidth="92.22*"/><tbody valign="top"><row><entry VJ="1" colsep="0" morerows="1" rowsep="0" valign="middle">=</entry><entry VJ="1" colsep="0">teilnehmende Kinder X 100</entry></row><row><entry VJ="1" colsep="0" rowsep="0">Anzahl der betreuten Kinder</entry></row></tbody></tgroup></table></Footnote><Footnote FnZ="4" Group="column" ID="DDNR007170975BJNE001800307_04" Pos="exp">Der Versorgungsgrad an der Trinkmilchversorgung für die Schüler und Lehrlinge ist wie unter Fußnoten<FnR ID="DDNR007170975BJNE001800307_01"/> und <FnR ID="DDNR007170975BJNE001800307_02"/>zu berechnen.</Footnote><Footnote FnZ="5" Group="column" ID="DDNR007170975BJNE001800307_05" Pos="exp">Der Nachweis erfolgt als Bestandteil der Plankennziffer 11 gemäß der Planungsordnung vom 20. November 1974 (Sonderdruck Nr. 775a des Gesetzblattes S. 59).</Footnote></Footnotes></text></textdaten></norm>
<norm builddate="20181114212005" doknr="DDNR007170975BJNE001900307"><metadaten><jurabk>SchKiSpVDBest 1</jurabk><enbez>Anlage 4</enbez></metadaten><textdaten><text format="XML"><Content><P><ABWFORMAT typ="A"/><kommentar typ="Fundstelle"> Fundstelle des Originaltextes: GBl. I 1975, Nr. 44, 721 - 722 </kommentar> <BR/> <BR/><B>Regelungen zur Bilanzierung und Verteilung von küchentechnischen Ausrüstungen, Speisentransportbehältern und Ausstattungen für die Schüler- und Kinderspeisung in Betrieben und Einrichtungen der Bereiche Handel, Volksbildung und Berufsbildung</B> <BR/>Als Fondsträger ist das Volkseigene Kontor Handelstechnik (VEKH) *1) für die Anmeldung und Durchsetzung des Bedarfs an küchentechnischen Ausrüstungen und Speisentransportbehältern gegenüber den bilanzierenden Organen verantwortlich. Diese Verantwortlichkeit bezieht sich auf den Eigenbedarf der Betriebe und Einrichtungen, die Schüler- und Kinderspeisung herstellen und den Bereichen Handel, Volksbildung und Berufsbildung angehören, für folgende küchentechnische Ausrüstungen und Speisentransportbehälter: <BR/><table frame="none" tocentry="%yes;">
	<tgroup align="left" char="" charoff="50" cols="2" colsep="0" rowsep="0">
		<colspec colname="col1" colnum="1" colwidth="70*"/>
		<colspec colname="col2" colnum="2" colwidth="40*"/>
		<tbody valign="top">
			<row>
				<entry VJ="1" align="left" colsep="0" valign="top"> </entry>
				<entry VJ="1" align="left" colsep="0" valign="top">Erzeugnis- und Leistungsnomenklaturnummer:</entry>
			</row>
			<row>
				<entry VJ="1" align="left" colsep="0" valign="top">Großküchenmaschinen (elektr. betrieben)</entry>
				<entry VJ="1" align="left" colsep="0" valign="bottom">133 58 400</entry>
			</row>
			<row>
				<entry VJ="1" align="left" colsep="0" valign="top">Geschirrspülmaschinen</entry>
				<entry VJ="1" align="left" colsep="0" valign="bottom">133 58 410</entry>
			</row>
			<row>
				<entry VJ="1" align="left" colsep="0" valign="top">Maschinen und Ausrüstungen für die fleischverarbeitende Industrie</entry>
				<entry VJ="1" align="left" colsep="0" valign="bottom">133 51 300</entry>
			</row>
			<row>
				<entry VJ="1" align="left" colsep="0" valign="top">Großkocheinrichtungen (Gar- und Wärmegeräte)</entry>
				<entry VJ="1" align="left" colsep="0" valign="bottom">139 46 000</entry>
			</row>
			<row>
				<entry VJ="1" align="left" colsep="0" valign="top">Speisentransportbehälter</entry>
				<entry VJ="1" align="left" colsep="0" valign="bottom">139 74 700</entry>
			</row>
			<row>
				<entry VJ="1" align="left" colsep="0" valign="top">Kältemöbel und -geräte</entry>
				<entry VJ="1" align="left" colsep="0" valign="bottom">131 84 000</entry>
			</row>
		</tbody>
	</tgroup>
</table> <BR/> <BR/>Die Betriebe und Einrichtungen des Handels, der Volksbildung und Berufsbildung, die Schüler- und Kinderspeisung produzieren, übergeben dem Rat des Kreises, Abteilung Handel und Versorgung - jährlich bis zum 30. Mai - ihren Bedarf an küchentechnischen Ausrüstungen und Speisentransportbehältern entsprechend der typenkonkreten Nomenklatur *2) bilanzierungspflichtiger Ausrüstungen. <BR/>Die Räte der Kreise, Abteilung Handel und Versorgung, übergeben <DL Font="normal" Type="arabic"><DT>-</DT><DD Font="normal"><LA Size="normal">dem zuständigen Ausrüstungsbetrieb des VEKH,</LA></DD> <DT>-</DT><DD Font="normal"><LA Size="normal">dem Rat des Bezirkes, Abteilung Handel und Versorgung,</LA></DD> </DL>den Gesamtbedarf an küchentechnischer Ausrüstung und Speisentransportbehältern für die Schülerspeisung im Kreis bis zum 15. Juni des Planjahres in der typenkonkreten Nomenklatur nach folgenden Schwerpunkten: <DL Font="normal" Type="arabic"><DT>1.</DT><DD Font="normal"><LA Size="normal">Bedarf für Einrichtungen, die im Rahmen des komplexen Wohnungsbaues entstehen,</LA></DD> <DT>2.</DT><DD Font="normal"><LA Size="normal">Nachholbedarf, Ersatz- und Erweiterungsbedarf,</LA></DD> <DT>3.</DT><DD Font="normal"><LA Size="normal">Bedarf für weitere Einrichtungen</LA><LA Size="normal">(Kinder- und Jugendheime, Spezialschulen).</LA></DD>  </DL>Die durch den Koordinierungsrat des Bezirkes bestätigten Fondsanteile werden den Räten der Kreise, Abteilung Handel und Versorgung, übergeben und von diesen auf die Betriebe und Einrichtungen verteilt. <BR/>Nach der Übergabe der Fondsanteile an die Betriebe und Einrichtungen erfolgt der Vertragsabschluß mit den zuständigen Vertriebsorganen. Das sind: <BR/><table frame="none" tocentry="%yes;">
	<tgroup align="left" char="" charoff="50" cols="2" colsep="0" rowsep="0">
		<colspec colname="col1" colnum="1" colwidth="50*"/>
		<colspec colname="col2" colnum="2" colwidth="50*"/>
		<tbody valign="top">
			<row>
				<entry VJ="1" align="left" colsep="0" valign="top">VEB Maschinenbauhandel Dresden</entry>
				<entry VJ="1" align="left" colsep="0" valign="top">für Gar- und Wärmegeräte,</entry>
			</row>
			<row>
				<entry VJ="1" align="left" colsep="0" valign="top">VEB Kühlanlagenbau Dresden</entry>
				<entry VJ="1" align="left" colsep="0" valign="top">für Kältemöbel und -geräte,</entry>
			</row>
			<row>
				<entry VJ="1" align="left" colsep="0" valign="top">VEB Maschinenbauhandel Leipzig</entry>
				<entry VJ="1" align="left" colsep="0" valign="top">für Großküchenmaschinen Maschinen und Ausrüstungen für die fleischverarbeitende Industrie,</entry>
			</row>
			<row>
				<entry VJ="1" align="left" colsep="0" valign="top">territorial zuständiger Maschinenbauhandel</entry>
				<entry VJ="1" align="left" colsep="0" valign="top">für Speisentransportbehälter.</entry>
			</row>
		</tbody>
	</tgroup>
</table> <BR/> <BR/>Der Bedarf an Möbeln für die Schüler- und Kinderspeisung in Volksbildungseinrichtungen ist bei den zuständigen Räten der Bezirke, Abteilung Volksbildung, aufzugeben. <BR/>Bestellungen für Wirteglas und Hotelporzellan sind von den Bedarfsträgern <DL Font="normal" Type="arabic"><DT>-</DT><DD Font="normal"><LA Size="normal">der Bezirke Rostock, Schwerin, Neubrandenburg an den Ausrüstungsbetrieb Neubrandenburg des VEKH und</LA></DD> <DT>-</DT><DD Font="normal"><LA Size="normal">aller übrigen Bezirke an die territorial zuständige Großhandelsgesellschaft (GHG) Haushaltwaren</LA></DD> </DL>einzureichen. <BR/>Bestellungen für Bestecke sind durch den Bedarfsträger der Hauptstadt der DDR, Berlin, der GHG Haushaltwaren zu übergeben. Alle anderen Bedarfsträger wenden sich an den für sie zuständigen VEB Maschinenbauhandel. <BR/>----- <BR/><small>*1) Die Schlüsselnummer des Fondsträgers VEKH lautet 2643</small> <DL Font="normal" Type="arabic"><DT><small>*2)</small></DT><DD Font="normal"><LA Size="normal"><small>Die typenkonkrete Nomenklatur bilanzierungspflichtiger Ausrüstungen kann bei den Räten der Kreises, Abteilung Handel und Versorgung, eingesehen werden.</small></LA></DD> </DL></P></Content></text></textdaten></norm>
<norm builddate="20181114212005" doknr="DDNR007170975BJNE002000307"><metadaten><jurabk>SchKiSpVDBest 1</jurabk><enbez>Anlage 5</enbez></metadaten><textdaten><text format="XML"><Content><P><ABWFORMAT typ="A"/><kommentar typ="Fundstelle"> Fundstelle des Originaltextes: GBl. I 1975, Nr. 44, 722 </kommentar> <BR/> <BR/><B>Produktivitätsrichtwerte</B> <BR/>Arbeitsproduktivität für Küchen, in denen warme Hauptmahlzeiten hergestellt werden <BR/><table frame="bottom" tocentry="%yes;">
	<tgroup align="left" char="" charoff="50" cols="4" colsep="0" rowsep="0">
		<colspec colname="1" colnum="1" colwidth="20*"/>
		<colspec colname="2" colnum="2" colwidth="20*"/>
		<colspec colname="3" colnum="3" colwidth="20*"/>
		<colspec colname="4" colnum="4" colwidth="50*"/>
		<thead valign="bottom">
			<row rowsep="1">
				<entry VJ="1" align="left" colsep="0" valign="top">Küchen-Kapazität</entry>
				<entry VJ="1" align="left" colsep="0" valign="top">Normativ</entry>
				<entry VJ="1" align="left" colsep="0" valign="top">Streuung</entry>
				<entry VJ="1" align="left" colsep="0" valign="top">Einbezogene Arbeitsprozesse</entry>
			</row>
			<row rowsep="1">
				<entry VJ="1" align="center" colsep="0" valign="top">Mahlzeiten/ Tag</entry>
				<entry VJ="1" align="center" colsep="0" valign="top">Mahlzeiten/ VbE</entry>
				<entry VJ="1" align="center" colsep="0" valign="top">%</entry>
				<entry VJ="1" align="left" colsep="0" valign="top"> </entry>
			</row>
		</thead>
		<tbody valign="top">
			<row>
				<entry VJ="1" align="center" colsep="0" valign="top">bis 200</entry>
				<entry VJ="1" align="center" colsep="0" valign="top">80</entry>
				<entry VJ="1" align="center" colsep="0" valign="top">25</entry>
				<entry VJ="1" align="left" colsep="0" morerows="4" valign="top">Herstellung und Verteilung  der Speisen. Das schließt die  Essenausgabe bei der Küche  oder den Transport zur  Ausgabestelle ein.  </entry>
			</row>
			<row>
				<entry VJ="1" align="center" colsep="0" valign="top">201 - 500</entry>
				<entry VJ="1" align="center" colsep="0" valign="top">110</entry>
				<entry VJ="1" align="center" colsep="0" valign="top">20</entry>
			</row>
			<row>
				<entry VJ="1" align="center" colsep="0" valign="top">501 - 1.000</entry>
				<entry VJ="1" align="center" colsep="0" valign="top">140</entry>
				<entry VJ="1" align="center" colsep="0" valign="top">15</entry>
			</row>
			<row>
				<entry VJ="1" align="center" colsep="0" valign="top">1.001 - 2.000</entry>
				<entry VJ="1" align="center" colsep="0" valign="top">180</entry>
				<entry VJ="1" align="center" colsep="0" valign="top">10</entry>
			</row>
			<row rowsep="1">
				<entry VJ="1" align="center" colsep="0" valign="top">über 2.000</entry>
				<entry VJ="1" align="center" colsep="0" valign="top">250</entry>
				<entry VJ="1" align="center" colsep="0" valign="top">5</entry>
			</row>
		</tbody>
	</tgroup>
</table> </P></Content></text></textdaten></norm>
<norm builddate="20181114212005" doknr="DDNR007170975BJNE002100307"><metadaten><jurabk>SchKiSpVDBest 1</jurabk><enbez>Anlage 6</enbez></metadaten><textdaten><text format="XML"><Content><P><noindex><kommentar typ="Fundstelle">(Fundstelle: GBl. DDR I 1987 Nr. 13, 154 - 155)</kommentar></noindex></P><BR/><BR/><table frame="none" pgwide="1" tocentry="%yes;"><tgroup align="left" char="" charoff="50" cols="8"><colspec colname="col1" colwidth="0.95*"/><colspec colname="col2" colwidth="1.00*"/><colspec colname="col3" colwidth="1.02*"/><colspec colname="col4" colwidth="1.02*"/><colspec colname="col5" colwidth="1.03*"/><colspec colname="col6" colwidth="1.02*"/><colspec colname="col7" colwidth="1.01*"/><colspec colname="col8" colwidth="1.02*"/><tbody valign="top"><row><entry VJ="1" align="center" colsep="0" nameend="col8" namest="col1" rowsep="0"><B>Nachweis des täglichen Wareneinsatzes</B></entry></row><row><entry VJ="1" colsep="0" rowsep="0"/><entry VJ="1" colsep="0" rowsep="0"/><entry VJ="1" colsep="0" rowsep="0"/><entry VJ="1" colsep="0" rowsep="0"/><entry VJ="1" colsep="0" rowsep="0"/><entry VJ="1" colsep="0" rowsep="0"/><entry VJ="1" colsep="0" rowsep="0"/><entry VJ="1" colsep="0" rowsep="0"/></row><row><entry VJ="1" colsep="0" rowsep="0">Küche</entry><entry VJ="1" colsep="0" rowsep="0"/><entry VJ="1" colsep="0" rowsep="0"/><entry VJ="1" colsep="0" rowsep="0"/><entry VJ="1" colsep="0" rowsep="0"/><entry VJ="1" colsep="0" rowsep="0"/><entry VJ="1" colsep="0" rowsep="0"/><entry VJ="1" colsep="0" rowsep="0"/></row><row><entry VJ="1" colsep="0" rowsep="0"/><entry VJ="1" colsep="0" rowsep="0"/><entry VJ="1" colsep="0" rowsep="0"/><entry VJ="1" colsep="0" rowsep="0"/><entry VJ="1" colsep="0" rowsep="0"/><entry VJ="1" colsep="0" rowsep="0"/><entry VJ="1" colsep="0" rowsep="0"/><entry VJ="1" rowsep="0"/></row><row><entry VJ="1" colsep="0" rowsep="0">Tag</entry><entry VJ="1" colsep="0" rowsep="0"/><entry VJ="1" colsep="0" rowsep="0"/><entry VJ="1" colsep="0" rowsep="0"/><entry VJ="1" colsep="0" rowsep="0"/><entry VJ="1" colsep="0" rowsep="0"/><entry VJ="1" colsep="0" rowsep="0"/><entry VJ="1" colsep="0" rowsep="0"/></row><row><entry VJ="1" colsep="0" rowsep="0"/><entry VJ="1" colsep="0" rowsep="0"/><entry VJ="1" colsep="0" rowsep="0"/><entry VJ="1" colsep="0" rowsep="0"/><entry VJ="1" colsep="0" rowsep="0"/><entry VJ="1" colsep="0" rowsep="0"/><entry VJ="1" colsep="0" rowsep="0"/><entry VJ="1" rowsep="0"/></row><row><entry VJ="1" colsep="0" nameend="col2" namest="col1">verkaufte Essenmarken/<BR/>bestellte Essenportionen</entry><entry VJ="1" align="center" colsep="0" nameend="col5" namest="col3"><SP>Gericht</SP><BR/>Altersgruppe I</entry><entry VJ="1" align="center" colsep="0" nameend="col8" namest="col6"><SP>Gericht</SP><BR/> Altersgruppe II</entry></row><row><entry VJ="1" colsep="0">Lebensmittel</entry><entry VJ="1">EKP je kg<BR/>in M</entry><entry VJ="1" colsep="0">mengenmäßiger<BR/>WE/Portion<FnR ID="DDNR007170975BJNE002100307_01"/><BR/>in g</entry><entry VJ="1" colsep="0">mengenmäßiger<BR/>WE gesamt<FnR ID="DDNR007170975BJNE002100307_02"/><BR/>in kg</entry><entry VJ="1">wertmäßiger<BR/>WE gesamt<BR/>in M</entry><entry VJ="1" colsep="0">mengenmäßiger<BR/>WE/Portion</entry><entry VJ="1" colsep="0">mengenmäßiger<BR/>WE gesamt<BR/>in kg</entry><entry VJ="1" colsep="0">wertmäßiger<BR/>WE gesamt<BR/>in M</entry></row><row><entry VJ="1" colsep="0" rowsep="0"/><entry VJ="1" colsep="0" rowsep="0"/><entry VJ="1" colsep="0" rowsep="0"/><entry VJ="1" colsep="0" rowsep="0"/><entry VJ="1" colsep="0" rowsep="0"/><entry VJ="1" colsep="0" rowsep="0"/><entry VJ="1" colsep="0" rowsep="0"/><entry VJ="1" colsep="0" rowsep="0"/></row><row><entry VJ="1" colsep="0" nameend="col8" namest="col1" rowsep="0">Wertmäßiger WE gesamt Ist</entry></row><row><entry VJ="1" colsep="0" nameend="col2" namest="col1">Wertmäßiger WE gesamt Soll<FnR ID="DDNR007170975BJNE002100307_03"/></entry><entry VJ="1" colsep="0" rowsep="0"/><entry VJ="1" colsep="0" rowsep="0"/><entry VJ="1" colsep="0" rowsep="0"/><entry VJ="1" colsep="0" rowsep="0"/><entry VJ="1" colsep="0" rowsep="0"/><entry VJ="1" rowsep="0"/></row><row><entry VJ="1" colsep="0" rowsep="0">+</entry><entry VJ="1" colsep="0" rowsep="0"/><entry VJ="1" colsep="0" rowsep="0"/><entry VJ="1" colsep="0" rowsep="0"/><entry VJ="1" colsep="0" rowsep="0"/><entry VJ="1" colsep="0" rowsep="0"/><entry VJ="1" colsep="0" rowsep="0"/><entry VJ="1" rowsep="0"/></row><row><entry VJ="1" colsep="0" nameend="col8" namest="col1" rowsep="0">./. wertmäßiger WE pro Tag</entry></row><row><entry VJ="1" colsep="0" rowsep="0"/><entry VJ="1" colsep="0" rowsep="0"/><entry VJ="1" colsep="0" rowsep="0"/><entry VJ="1" colsep="0" rowsep="0"/><entry VJ="1" colsep="0" rowsep="0"/><entry VJ="1" colsep="0" rowsep="0"/><entry VJ="1" colsep="0" rowsep="0"/><entry VJ="1" rowsep="0"/></row><row><entry VJ="1" colsep="0" rowsep="0">+</entry><entry VJ="1" colsep="0" rowsep="0"/><entry VJ="1" colsep="0" rowsep="0"/><entry VJ="1" colsep="0" rowsep="0"/><entry VJ="1" colsep="0" rowsep="0"/><entry VJ="1" colsep="0" rowsep="0"/><entry VJ="1" colsep="0" rowsep="0"/><entry VJ="1" rowsep="0"/></row><row><entry VJ="1" colsep="0" nameend="col8" namest="col1" rowsep="0">./. wertmäßiger WE</entry></row><row><entry VJ="1" colsep="0" nameend="col2" namest="col1">    im auflaufenden Monat</entry><entry VJ="1" colsep="0" rowsep="0"/><entry VJ="1" colsep="0" rowsep="0"/><entry VJ="1" colsep="0" rowsep="0"/><entry VJ="1" colsep="0" rowsep="0"/><entry VJ="1" colsep="0" rowsep="0"/><entry VJ="1" rowsep="0"/></row><row><entry VJ="1" colsep="0" nameend="col2" namest="col1">Wertmäßiger WE/Portion</entry><entry VJ="1" colsep="0" rowsep="0"/><entry VJ="1" colsep="0" rowsep="0"/><entry VJ="1" colsep="0" rowsep="0"/><entry VJ="1" colsep="0" rowsep="0"/><entry VJ="1" colsep="0" rowsep="0"/><entry VJ="1" rowsep="0"/></row><row><entry VJ="1" colsep="0" rowsep="0"/><entry VJ="1" colsep="0" rowsep="0"/><entry VJ="1" colsep="0" rowsep="0"/><entry VJ="1" colsep="0" rowsep="0"/><entry VJ="1" colsep="0" rowsep="0"/><entry VJ="1" colsep="0" rowsep="0"/><entry VJ="1" colsep="0" rowsep="0"/><entry VJ="1" rowsep="0"/></row><row><entry VJ="1" colsep="0" rowsep="0"/><entry VJ="1" colsep="0" rowsep="0"/><entry VJ="1" colsep="0" rowsep="0"/><entry VJ="1" colsep="0" rowsep="0"/><entry VJ="1" colsep="0" rowsep="0"/><entry VJ="1" colsep="0" rowsep="0"/><entry VJ="1" colsep="0" rowsep="0"/><entry VJ="1" rowsep="0"/></row><row><entry VJ="1" colsep="0" nameend="col8" namest="col1" rowsep="0">_________________<FnArea Line="1" Size="normal"><FnR ID="DDNR007170975BJNE002100307_01"/></FnArea><FnArea Line="1" Size="normal"><FnR ID="DDNR007170975BJNE002100307_02"/></FnArea><FnArea Line="1" Size="normal"><FnR ID="DDNR007170975BJNE002100307_03"/></FnArea></entry></row><row><entry VJ="1" colsep="0" rowsep="0"/><entry VJ="1" colsep="0" rowsep="0"/><entry VJ="1" colsep="0" rowsep="0"/><entry VJ="1" colsep="0" rowsep="0"/><entry VJ="1" colsep="0" rowsep="0"/><entry VJ="1" colsep="0" rowsep="0"/><entry VJ="1" colsep="0" rowsep="0"/><entry VJ="1" rowsep="0"/></row><row><entry VJ="1" colsep="0"/><entry VJ="1" colsep="0"/><entry VJ="1" colsep="0"/><entry VJ="1" colsep="0"/><entry VJ="1" colsep="0"/><entry VJ="1" colsep="0"/><entry VJ="1" colsep="0"/><entry VJ="1"/></row></tbody></tgroup></table><table frame="none" pgwide="1" tocentry="%yes;"><tgroup align="left" char="" charoff="50" cols="21"><colspec colname="col1" colwidth="1.00*"/><colspec colname="col2" colwidth="1.00*"/><colspec colname="col3" colwidth="2.58*"/><colspec colname="col4" colwidth="0.34*"/><colspec colname="col5" colwidth="0.95*"/><colspec colname="col6" colwidth="0.95*"/><colspec colname="col7" colwidth="0.47*"/><colspec colname="col8" colwidth="0.98*"/><colspec colname="col9" colwidth="0.96*"/><colspec colname="col10" colwidth="0.45*"/><colspec colname="col11" colwidth="1.01*"/><colspec colname="col12" colwidth="1.03*"/><colspec colname="col13" colwidth="0.45*"/><colspec colname="col14" colwidth="1.08*"/><colspec colname="col15" colwidth="1.11*"/><colspec colname="col16" colwidth="0.45*"/><colspec colname="col17" colwidth="1.23*"/><colspec colname="col18" colwidth="1.25*"/><colspec colname="COLSPEC3" colwidth="0.51*"/><colspec colname="col19" colwidth="1.63*"/><colspec colname="col20" colwidth="1.68*"/><tbody valign="top"><row><entry VJ="1" colsep="0" nameend="col8" namest="col1" rowsep="0">Küche ...........................................................................</entry><entry VJ="1" colsep="0" rowsep="0"/><entry VJ="1" colsep="0" rowsep="0"/><entry VJ="1" colsep="0" rowsep="0"/><entry VJ="1" colsep="0" rowsep="0"/><entry VJ="1" colsep="0" rowsep="0"/><entry VJ="1" colsep="0" rowsep="0"/><entry VJ="1" colsep="0" rowsep="0"/><entry VJ="1" colsep="0" rowsep="0"/><entry VJ="1" colsep="0" rowsep="0"/><entry VJ="1" colsep="0" rowsep="0"/><entry VJ="1" colsep="0" rowsep="0"/><entry VJ="1" colsep="0" rowsep="0"/><entry VJ="1" rowsep="0"/></row><row><entry VJ="1" colsep="0" rowsep="0"/><entry VJ="1" colsep="0" rowsep="0"/><entry VJ="1" colsep="0" rowsep="0"/><entry VJ="1" colsep="0" rowsep="0"/><entry VJ="1" colsep="0" rowsep="0"/><entry VJ="1" colsep="0" rowsep="0"/><entry VJ="1" colsep="0" rowsep="0"/><entry VJ="1" colsep="0" rowsep="0"/><entry VJ="1" colsep="0" rowsep="0"/><entry VJ="1" colsep="0" rowsep="0"/><entry VJ="1" colsep="0" rowsep="0"/><entry VJ="1" colsep="0" rowsep="0"/><entry VJ="1" colsep="0" rowsep="0"/><entry VJ="1" colsep="0" rowsep="0"/><entry VJ="1" colsep="0" rowsep="0"/><entry VJ="1" colsep="0" rowsep="0"/><entry VJ="1" colsep="0" rowsep="0"/><entry VJ="1" colsep="0" rowsep="0"/><entry VJ="1" colsep="0" rowsep="0"/><entry VJ="1" colsep="0" rowsep="0"/><entry VJ="1" rowsep="0"/></row><row><entry VJ="1" align="center" colsep="0" nameend="col20" namest="col1" rowsep="0"><B>Monatliche Abrechnung des mengen- und wertmäßigen Wareneinsatzes</B></entry></row><row><entry VJ="1" colsep="0"/><entry VJ="1" colsep="0"/><entry VJ="1" colsep="0"/><entry VJ="1" colsep="0"/><entry VJ="1" colsep="0"/><entry VJ="1" colsep="0"/><entry VJ="1" colsep="0"/><entry VJ="1" colsep="0"/><entry VJ="1" colsep="0"/><entry VJ="1" colsep="0"/><entry VJ="1" colsep="0"/><entry VJ="1" colsep="0"/><entry VJ="1" colsep="0"/><entry VJ="1" colsep="0"/><entry VJ="1" colsep="0"/><entry VJ="1" colsep="0"/><entry VJ="1" colsep="0"/><entry VJ="1" colsep="0"/><entry VJ="1" colsep="0"/><entry VJ="1" colsep="0"/><entry VJ="1"/></row><row><entry VJ="1" colsep="0" rowsep="0"/><entry VJ="1" colsep="0" rowsep="0"/><entry VJ="1" colsep="0" rowsep="0"/><entry VJ="1" colsep="0" rowsep="0"/><entry VJ="1" colsep="0" rowsep="0"/><entry VJ="1" colsep="0" rowsep="0"/><entry VJ="1" colsep="0" rowsep="0"/><entry VJ="1" colsep="0" rowsep="0"/><entry VJ="1" colsep="0" rowsep="0"/><entry VJ="1" colsep="0" rowsep="0"/><entry VJ="1" colsep="0" rowsep="0"/><entry VJ="1" colsep="0" rowsep="0"/><entry VJ="1" colsep="0" rowsep="0"/><entry VJ="1" colsep="0" rowsep="0"/><entry VJ="1" colsep="0" rowsep="0"/><entry VJ="1" colsep="0" rowsep="0"/><entry VJ="1" colsep="0" rowsep="0"/><entry VJ="1" colsep="0" rowsep="0"/><entry VJ="1" colsep="0" rowsep="0"/><entry VJ="1" colsep="0" rowsep="0"/><entry VJ="1" rowsep="0"/></row><row><entry VJ="1" align="center" colsep="0" nameend="col3" namest="col1" rowsep="0">Verbrauch/Portionen</entry><entry VJ="1" colsep="0" rowsep="0"/><entry VJ="1" colsep="0" rowsep="0"/><entry VJ="1" colsep="0" rowsep="0"/><entry VJ="1" colsep="0" rowsep="0"/><entry VJ="1" align="center" colsep="0" nameend="col18" namest="col8" rowsep="0">Wareneinsatz in g/Portion lt. Rezeptur</entry><entry VJ="1" colsep="0" rowsep="0"/><entry VJ="1" colsep="0" nameend="col20" namest="col19" rowsep="0">wertmäßiger</entry></row><row><entry VJ="1" colsep="0" rowsep="0"/><entry VJ="1" colsep="0" rowsep="0"/><entry VJ="1" colsep="0" rowsep="0"/><entry VJ="1" colsep="0" rowsep="0"/><entry VJ="1" colsep="0" nameend="col6" namest="col5" rowsep="0">Fleisch<BR/>Geflügel</entry><entry VJ="1" colsep="0" rowsep="0"/><entry VJ="1" colsep="0" nameend="col9" namest="col8" rowsep="0">Milch</entry><entry VJ="1" colsep="0" rowsep="0"/><entry VJ="1" colsep="0" nameend="col12" namest="col11" rowsep="0">Butter</entry><entry VJ="1" colsep="0" rowsep="0"/><entry VJ="1" colsep="0" nameend="col15" namest="col14" rowsep="0">Margarine<BR/>Öl</entry><entry VJ="1" colsep="0" rowsep="0"/><entry VJ="1" colsep="0" nameend="col18" namest="col17" rowsep="0">Obst<BR/>Gemüse</entry><entry VJ="1" colsep="0" rowsep="0"/><entry VJ="1" colsep="0" nameend="col20" namest="col19" rowsep="0">Wareneinsatz/<BR/>Portion (M)</entry></row><row><entry VJ="1" colsep="0" rowsep="0">Tag</entry><entry VJ="1" colsep="0" rowsep="0"/><entry VJ="1" colsep="0" rowsep="0">Gericht</entry><entry VJ="1" colsep="0" rowsep="0"/><entry VJ="1" colsep="0" nameend="col6" namest="col5">Ei<BR/>Fisch</entry><entry VJ="1" colsep="0"/><entry VJ="1" colsep="0"/><entry VJ="1" colsep="0"/><entry VJ="1" colsep="0"/><entry VJ="1" colsep="0"/><entry VJ="1" colsep="0"/><entry VJ="1" colsep="0"/><entry VJ="1" colsep="0"/><entry VJ="1" colsep="0"/><entry VJ="1" colsep="0"/><entry VJ="1" colsep="0"/><entry VJ="1" colsep="0"/><entry VJ="1" colsep="0"/><entry VJ="1" colsep="0"/><entry VJ="1"/></row><row><entry VJ="1" colsep="0"/><entry VJ="1" colsep="0"/><entry VJ="1" colsep="0"/><entry VJ="1" colsep="0"/><entry VJ="1" colsep="0">I</entry><entry VJ="1" colsep="0">II</entry><entry VJ="1" colsep="0"/><entry VJ="1" colsep="0">I</entry><entry VJ="1" colsep="0">II</entry><entry VJ="1" colsep="0"/><entry VJ="1" colsep="0">I</entry><entry VJ="1" colsep="0">II</entry><entry VJ="1" colsep="0"/><entry VJ="1" colsep="0">I</entry><entry VJ="1" colsep="0">II</entry><entry VJ="1" colsep="0"/><entry VJ="1" colsep="0">I</entry><entry VJ="1" colsep="0">II</entry><entry VJ="1" colsep="0"/><entry VJ="1" colsep="0">I</entry><entry VJ="1">II</entry></row><row><entry VJ="1" colsep="0" rowsep="0"/><entry VJ="1" colsep="0" rowsep="0"/><entry VJ="1" colsep="0" rowsep="0"/><entry VJ="1" colsep="0" rowsep="0"/><entry VJ="1" colsep="0" rowsep="0"/><entry VJ="1" colsep="0" rowsep="0"/><entry VJ="1" colsep="0" rowsep="0"/><entry VJ="1" colsep="0" rowsep="0"/><entry VJ="1" colsep="0" rowsep="0"/><entry VJ="1" colsep="0" rowsep="0"/><entry VJ="1" colsep="0" rowsep="0"/><entry VJ="1" colsep="0" rowsep="0"/><entry VJ="1" colsep="0" rowsep="0"/><entry VJ="1" colsep="0" rowsep="0"/><entry VJ="1" colsep="0" rowsep="0"/><entry VJ="1" colsep="0" rowsep="0"/><entry VJ="1" colsep="0" rowsep="0"/><entry VJ="1" colsep="0" rowsep="0"/><entry VJ="1" colsep="0" rowsep="0"/><entry VJ="1" colsep="0" rowsep="0"/><entry VJ="1" rowsep="0"/></row><row><entry VJ="1" colsep="0" rowsep="0"/><entry VJ="1" colsep="0" rowsep="0"/><entry VJ="1" colsep="0" rowsep="0"/><entry VJ="1" colsep="0" rowsep="0"/><entry VJ="1" colsep="0" rowsep="0"/><entry VJ="1" colsep="0" rowsep="0"/><entry VJ="1" colsep="0" rowsep="0"/><entry VJ="1" colsep="0" rowsep="0"/><entry VJ="1" colsep="0" rowsep="0"/><entry VJ="1" colsep="0" rowsep="0"/><entry VJ="1" colsep="0" rowsep="0"/><entry VJ="1" colsep="0" rowsep="0"/><entry VJ="1" colsep="0" rowsep="0"/><entry VJ="1" colsep="0" rowsep="0"/><entry VJ="1" colsep="0" rowsep="0"/><entry VJ="1" colsep="0" rowsep="0"/><entry VJ="1" colsep="0" rowsep="0"/><entry VJ="1" colsep="0" rowsep="0"/><entry VJ="1" colsep="0" rowsep="0"/><entry VJ="1" colsep="0" rowsep="0"/><entry VJ="1" rowsep="0"/></row><row><entry VJ="1" colsep="0" rowsep="0"/><entry VJ="1" colsep="0" rowsep="0"/><entry VJ="1" colsep="0" rowsep="0"/><entry VJ="1" colsep="0" rowsep="0"/><entry VJ="1" colsep="0" rowsep="0"/><entry VJ="1" colsep="0" rowsep="0"/><entry VJ="1" colsep="0" rowsep="0"/><entry VJ="1" colsep="0" rowsep="0"/><entry VJ="1" colsep="0" rowsep="0"/><entry VJ="1" colsep="0" rowsep="0"/><entry VJ="1" colsep="0" rowsep="0"/><entry VJ="1" colsep="0" rowsep="0"/><entry VJ="1" colsep="0" rowsep="0"/><entry VJ="1" colsep="0" rowsep="0"/><entry VJ="1" colsep="0" rowsep="0"/><entry VJ="1" colsep="0" rowsep="0"/><entry VJ="1" colsep="0" rowsep="0"/><entry VJ="1" colsep="0" rowsep="0"/><entry VJ="1" colsep="0" rowsep="0"/><entry VJ="1" colsep="0" rowsep="0"/><entry VJ="1" rowsep="0"/></row><row><entry VJ="1" colsep="0" rowsep="0"/><entry VJ="1" colsep="0" rowsep="0"/><entry VJ="1" colsep="0" rowsep="0"/><entry VJ="1" colsep="0" rowsep="0"/><entry VJ="1" colsep="0" rowsep="0"/><entry VJ="1" colsep="0" rowsep="0"/><entry VJ="1" colsep="0" rowsep="0"/><entry VJ="1" colsep="0" rowsep="0"/><entry VJ="1" colsep="0" rowsep="0"/><entry VJ="1" colsep="0" rowsep="0"/><entry VJ="1" colsep="0" rowsep="0"/><entry VJ="1" colsep="0" rowsep="0"/><entry VJ="1" colsep="0" rowsep="0"/><entry VJ="1" colsep="0" rowsep="0"/><entry VJ="1" colsep="0" rowsep="0"/><entry VJ="1" colsep="0" rowsep="0"/><entry VJ="1" colsep="0" rowsep="0"/><entry VJ="1" colsep="0" rowsep="0"/><entry VJ="1" colsep="0" rowsep="0"/><entry VJ="1" colsep="0" rowsep="0"/><entry VJ="1" rowsep="0"/></row><row><entry VJ="1" colsep="0" rowsep="0"/><entry VJ="1" colsep="0" rowsep="0"/><entry VJ="1" colsep="0" rowsep="0"/><entry VJ="1" colsep="0" rowsep="0"/><entry VJ="1" colsep="0" rowsep="0"/><entry VJ="1" colsep="0" rowsep="0"/><entry VJ="1" colsep="0" rowsep="0"/><entry VJ="1" colsep="0" rowsep="0"/><entry VJ="1" colsep="0" rowsep="0"/><entry VJ="1" colsep="0" rowsep="0"/><entry VJ="1" colsep="0" rowsep="0"/><entry VJ="1" colsep="0" rowsep="0"/><entry VJ="1" colsep="0" rowsep="0"/><entry VJ="1" colsep="0" rowsep="0"/><entry VJ="1" colsep="0" rowsep="0"/><entry VJ="1" colsep="0" rowsep="0"/><entry VJ="1" colsep="0" rowsep="0"/><entry VJ="1" colsep="0" rowsep="0"/><entry VJ="1" colsep="0" rowsep="0"/><entry VJ="1" colsep="0" rowsep="0"/><entry VJ="1" rowsep="0"/></row><row><entry VJ="1" colsep="0" rowsep="0"/><entry VJ="1" colsep="0" rowsep="0"/><entry VJ="1" colsep="0" rowsep="0"/><entry VJ="1" colsep="0" rowsep="0"/><entry VJ="1" colsep="0" rowsep="0"/><entry VJ="1" colsep="0" rowsep="0"/><entry VJ="1" colsep="0" rowsep="0"/><entry VJ="1" colsep="0" rowsep="0"/><entry VJ="1" colsep="0" rowsep="0"/><entry VJ="1" colsep="0" rowsep="0"/><entry VJ="1" colsep="0" rowsep="0"/><entry VJ="1" colsep="0" rowsep="0"/><entry VJ="1" colsep="0" rowsep="0"/><entry VJ="1" colsep="0" rowsep="0"/><entry VJ="1" colsep="0" rowsep="0"/><entry VJ="1" colsep="0" rowsep="0"/><entry VJ="1" colsep="0" rowsep="0"/><entry VJ="1" colsep="0" rowsep="0"/><entry VJ="1" colsep="0" rowsep="0"/><entry VJ="1" colsep="0" rowsep="0"/><entry VJ="1" rowsep="0"/></row><row><entry VJ="1" colsep="0" rowsep="0"/><entry VJ="1" colsep="0" rowsep="0"/><entry VJ="1" colsep="0" rowsep="0"/><entry VJ="1" colsep="0" rowsep="0"/><entry VJ="1" colsep="0" rowsep="0"/><entry VJ="1" colsep="0" rowsep="0"/><entry VJ="1" colsep="0" rowsep="0"/><entry VJ="1" colsep="0" rowsep="0"/><entry VJ="1" colsep="0" rowsep="0"/><entry VJ="1" colsep="0" rowsep="0"/><entry VJ="1" colsep="0" rowsep="0"/><entry VJ="1" colsep="0" rowsep="0"/><entry VJ="1" colsep="0" rowsep="0"/><entry VJ="1" colsep="0" rowsep="0"/><entry VJ="1" colsep="0" rowsep="0"/><entry VJ="1" colsep="0" rowsep="0"/><entry VJ="1" colsep="0" rowsep="0"/><entry VJ="1" colsep="0" rowsep="0"/><entry VJ="1" colsep="0" rowsep="0"/><entry VJ="1" colsep="0" rowsep="0"/><entry VJ="1" rowsep="0"/></row><row><entry VJ="1" colsep="0" rowsep="0"/><entry VJ="1" colsep="0" rowsep="0"/><entry VJ="1" colsep="0" rowsep="0"/><entry VJ="1" colsep="0" rowsep="0"/><entry VJ="1" colsep="0" rowsep="0"/><entry VJ="1" colsep="0" rowsep="0"/><entry VJ="1" colsep="0" rowsep="0"/><entry VJ="1" colsep="0" rowsep="0"/><entry VJ="1" colsep="0" rowsep="0"/><entry VJ="1" colsep="0" rowsep="0"/><entry VJ="1" colsep="0" rowsep="0"/><entry VJ="1" colsep="0" rowsep="0"/><entry VJ="1" colsep="0" rowsep="0"/><entry VJ="1" colsep="0" rowsep="0"/><entry VJ="1" colsep="0" rowsep="0"/><entry VJ="1" colsep="0" rowsep="0"/><entry VJ="1" colsep="0" rowsep="0"/><entry VJ="1" colsep="0" rowsep="0"/><entry VJ="1" colsep="0" rowsep="0"/><entry VJ="1" colsep="0" rowsep="0"/><entry VJ="1" rowsep="0"/></row><row><entry VJ="1" colsep="0"/><entry VJ="1" colsep="0"/><entry VJ="1" colsep="0"/><entry VJ="1" colsep="0"/><entry VJ="1" colsep="0"/><entry VJ="1" colsep="0"/><entry VJ="1" colsep="0"/><entry VJ="1" colsep="0"/><entry VJ="1" colsep="0"/><entry VJ="1" colsep="0"/><entry VJ="1" colsep="0"/><entry VJ="1" colsep="0"/><entry VJ="1" colsep="0"/><entry VJ="1" colsep="0"/><entry VJ="1" colsep="0"/><entry VJ="1" colsep="0"/><entry VJ="1" colsep="0"/><entry VJ="1" colsep="0"/><entry VJ="1" colsep="0"/><entry VJ="1" colsep="0"/><entry VJ="1"/></row><row><entry VJ="1" nameend="col20" namest="col1">gesamt</entry></row><row><entry VJ="1" nameend="col20" namest="col1">Ist-Ø je Portion</entry></row><row><entry VJ="1" colsep="0" nameend="col3" namest="col1">Soll-Ø je Portion<BR/>(lt. Gesetz)</entry><entry VJ="1" colsep="0"/><entry VJ="1" colsep="0">70</entry><entry VJ="1" colsep="0">90</entry><entry VJ="1" colsep="0"/><entry VJ="1" colsep="0">100</entry><entry VJ="1" colsep="0">100</entry><entry VJ="1" colsep="0"/><entry VJ="1" colsep="0">5</entry><entry VJ="1" colsep="0">5</entry><entry VJ="1" colsep="0"/><entry VJ="1" colsep="0">6</entry><entry VJ="1" colsep="0">8</entry><entry VJ="1" colsep="0"/><entry VJ="1" colsep="0">250</entry><entry VJ="1" colsep="0">250</entry><entry VJ="1" colsep="0"/><entry VJ="1" colsep="0">1,-</entry><entry VJ="1">1,20</entry></row><row><entry VJ="1" nameend="col20" namest="col1">Abweichungen<BR/>+ ./.</entry></row><row><entry VJ="1" nameend="col20" namest="col1" rowsep="0"/></row></tbody></tgroup></table></Content><Footnotes><Footnote FnZ="1" Group="column" ID="DDNR007170975BJNE002100307_01" Pos="exp">Wareneinsatz/Portion lt. Rezeptur</Footnote><Footnote FnZ="2" Group="column" ID="DDNR007170975BJNE002100307_02" Pos="exp">Menge lt. Rezeptur multipliziert mit herzustellender Portionszahl</Footnote><Footnote FnZ="3" Group="column" ID="DDNR007170975BJNE002100307_03" Pos="exp">hergestellte Portionszahl multipliziert mit 1,- M bzw. 1,20 M</Footnote></Footnotes></text><fussnoten/></textdaten></norm>
</dokumente>