<?xml version="1.0" encoding="UTF-8" ?><!DOCTYPE dokumente SYSTEM "http://www.gesetze-im-internet.de/dtd/1.01/gii-norm.dtd">
<dokumente builddate="20130405131934" doknr="BJNR196900003"><norm builddate="20130405131934" doknr="BJNR196900003"><metadaten><jurabk>LegRegV</jurabk><amtabk>LegRegV</amtabk><ausfertigung-datum manuell="ja">2003-10-06</ausfertigung-datum><fundstelle typ="amtlich"><periodikum>BGBl I</periodikum><zitstelle>2003, 1969</zitstelle></fundstelle><kurzue>Legehennenbetriebsregisterverordnung</kurzue><langue>Verordnung zur Durchführung des Legehennenbetriebsregistergesetzes</langue></metadaten><textdaten><text format="XML"><Content><P/></Content></text><fussnoten><Content><P><BR/> <pre xml:space="preserve">(+++ Textnachweis ab: 15.10.2003 +++)<BR/><BR/></pre></P></Content></fussnoten></textdaten></norm>
<norm builddate="20130405131934" doknr="BJNR196900003BJNE000100310"><metadaten><jurabk>LegRegV</jurabk><enbez>Eingangsformel</enbez></metadaten><textdaten><text format="XML"><Content><P>Auf Grund des § 8 Abs. 1 Nr. 2, 3 und 4 des Legehennenbetriebsregistergesetzes vom 12. September 2003 (BGBl. I S. 1894) verordnet das Bundesministerium für Verbraucherschutz, Ernährung und Landwirtschaft:</P></Content></text></textdaten></norm>
<norm builddate="20130405131934" doknr="BJNR196900003BJNE000200000"><metadaten><jurabk>LegRegV</jurabk><enbez>§ 1</enbez><titel format="parat">Freiwillige Registrierung</titel></metadaten><textdaten><text format="XML"><Content><P>(1) Ein nach § 1 Abs. 2 des Legehennenbetriebsregistergesetzes nicht registrierungspflichtiger Betrieb kann sich auf Antrag registrieren lassen. In diesem Fall gelten das Legehennenbetriebsregistergesetz mit Ausnahme von § 6 und die auf Grund dieses Gesetzes erlassenen Vorschriften für einen nach Satz 1 registrierten Betrieb.</P><P>(2) Ein nach Absatz 1 Satz 1 registrierter Betrieb ist auf Antrag zum Ende des auf den Antrag folgenden Kalendermonats aus dem Register zu löschen. Die diesen Betrieb betreffenden Daten sind für die Dauer von drei Jahren aufzubewahren.</P></Content> </text></textdaten></norm>
<norm builddate="20130405131934" doknr="BJNR196900003BJNE000300000"><metadaten><jurabk>LegRegV</jurabk><enbez>§ 2</enbez><titel format="parat">Betriebsnummer, Stallnummer</titel></metadaten><textdaten><text format="XML"><Content><P>(1) Die Betriebsnummer besteht aus sechs Stellen. Die ersten beiden Stellen der Betriebsnummer bestimmen sich nach der Kennung des Landes, in dem der Betrieb liegt. Die Landeskennung lautet wie folgt: <BR/><table frame="none" tocentry="%yes;">
		<tgroup align="left" char="" charoff="50" cols="1" colsep="0" rowsep="0">
			<colspec colname="col1" colnum="1" colwidth="80*"/>
			<tbody valign="top">
				<row>
					<entry VJ="1" align="left" colsep="0" valign="top">01 = Schleswig-Holstein</entry>
				</row>
				<row>
					<entry VJ="1" align="left" colsep="0" valign="top">02 = Hamburg</entry>
				</row>
				<row>
					<entry VJ="1" align="left" colsep="0" valign="top">03 = Niedersachsen</entry>
				</row>
				<row>
					<entry VJ="1" align="left" colsep="0" valign="top">04 = Bremen</entry>
				</row>
				<row>
					<entry VJ="1" align="left" colsep="0" valign="top">05 = Nordrhein-Westfalen</entry>
				</row>
				<row>
					<entry VJ="1" align="left" colsep="0" valign="top">06 = Hessen</entry>
				</row>
				<row>
					<entry VJ="1" align="left" colsep="0" valign="top">07 = Rheinland-Pfalz</entry>
				</row>
				<row>
					<entry VJ="1" align="left" colsep="0" valign="top">08 = Baden-Württemberg</entry>
				</row>
				<row>
					<entry VJ="1" align="left" colsep="0" valign="top">09 = Bayern</entry>
				</row>
				<row>
					<entry VJ="1" align="left" colsep="0" valign="top">10 = Saarland</entry>
				</row>
				<row>
					<entry VJ="1" align="left" colsep="0" valign="top">11 = Berlin</entry>
				</row>
				<row>
					<entry VJ="1" align="left" colsep="0" valign="top">12 = Brandenburg</entry>
				</row>
				<row>
					<entry VJ="1" align="left" colsep="0" valign="top">13 = Mecklenburg-Vorpommern</entry>
				</row>
				<row>
					<entry VJ="1" align="left" colsep="0" valign="top">14 = Sachsen</entry>
				</row>
				<row>
					<entry VJ="1" align="left" colsep="0" valign="top">15 = Sachsen-Anhalt</entry>
				</row>
				<row>
					<entry VJ="1" align="left" colsep="0" valign="top">16 = Thüringen.</entry>
				</row>
			</tbody>
		</tgroup>
	</table> </P><P>(2) Die Stallnummer besteht aus einer Stelle, die fortlaufend, beginnend mit der Nummer 1, zu vergeben ist.</P><P>(3) Hat ein Betrieb mehr als zehn Ställe, ist ihm eine zweite Betriebsnummer nach Absatz 1 zuzuteilen. Die zweite Betriebsnummer soll fortlaufend zur ersten Betriebsnummer erteilt werden. Für die Stallnummer gilt Absatz 2.</P></Content>  </text></textdaten></norm>
<norm builddate="20130405131934" doknr="BJNR196900003BJNE000400000"><metadaten><jurabk>LegRegV</jurabk><enbez>§ 3</enbez><titel format="parat">Kennnummer</titel></metadaten><textdaten><text format="XML"><Content><P>Die nach § 4 des Legehennenbetriebsregistergesetzes zu vergebende Kennnummer hat zwölf Stellen. Die Stellen der Kennnummer sind wie folgt zu verwenden: <DL Font="normal" Type="arabic"><DT>1.</DT><DD Font="normal"><LA Size="normal">erste Stelle: Art des Haltungssystems entsprechend der Nummer 2.1 des Anhangs der Richtlinie 2002/4/EG der Kommission vom 30. Januar 2002 über die Registrierung von Legehennenbetrieben gemäß der Richtlinie 1999/74/EG des Rates (ABl. EG Nr. L 30 S. 44) in der jeweils geltenden Fassung;</LA></DD> <DT>2.</DT><DD Font="normal"><LA Size="normal">zweite Stelle: durch einen Bindestrich gekennzeichnete Leerstelle;</LA></DD> <DT>3.</DT><DD Font="normal"><LA Size="normal">dritte und vierte Stelle: Kennung für die Bundesrepublik Deutschland entsprechend der Nummer 2.2 des Anhangs der Richtlinie 2002/4/EG;</LA></DD> <DT>4.</DT><DD Font="normal"><LA Size="normal">fünfte Stelle: durch einen Bindestrich gekennzeichnete Leerstelle;</LA></DD> <DT>5.</DT><DD Font="normal"><LA Size="normal">sechste bis elfte Stelle: Betriebsnummer nach § 2 Abs. 1;</LA></DD> <DT>6.</DT><DD Font="normal"><LA Size="normal">zwölfte Stelle: Stallnummer nach § 2 Abs. 2.</LA></DD> </DL></P></Content></text></textdaten></norm>
<norm builddate="20130405131934" doknr="BJNR196900003BJNE000500000"><metadaten><jurabk>LegRegV</jurabk><enbez>§ 4</enbez><titel format="parat">Inkrafttreten</titel></metadaten><textdaten><text format="XML"><Content><P>Diese Verordnung tritt am Tage nach der Verkündung in Kraft.</P></Content></text></textdaten></norm>
<norm builddate="20130405131934" doknr="BJNR196900003BJNE000600000"><metadaten><jurabk>LegRegV</jurabk><enbez>Schlussformel</enbez></metadaten><textdaten><text format="XML"><Content><P>Der Bundesrat hat zugestimmt.</P></Content></text></textdaten></norm>
</dokumente>