<?xml version="1.0" encoding="UTF-8" ?><!DOCTYPE dokumente SYSTEM "http://www.gesetze-im-internet.de/dtd/1.01/gii-norm.dtd">
<dokumente builddate="20180614213007" doknr="BJNR600200013"><norm builddate="20180614213007" doknr="BJNR600200013"><metadaten><jurabk>MindVersSHBek 2013</jurabk><ausfertigung-datum manuell="ja">2012-12-12</ausfertigung-datum><fundstelle typ="amtlich"><periodikum>BAnz</periodikum><zitstelle>AT 02.01.2013 B2</zitstelle></fundstelle><langue>Bekanntmachung über die Höhe der Mindestversicherungssummen gemäß § 9 Absatz 2 der Versicherungsvermittlungsverordnung und gemäß § 9 Absatz 2 der Finanzanlagenvermittlungsverordnung</langue></metadaten><textdaten><fussnoten><Content><P><BR/> <pre xml:space="preserve">(+++ Textnachweis ab: 2.1.2013 +++)<BR/><BR/></pre></P></Content></fussnoten></textdaten></norm>
<norm builddate="20180614213007" doknr="BJNR600200013BJNE000100000"><metadaten><jurabk>MindVersSHBek 2013</jurabk><enbez>(XXXX)</enbez></metadaten><textdaten><text format="XML"><Content><P>Gemäß § 9 Absatz 2 der Versicherungsvermittlungsverordnung vom 15. Mai 2007 (BGBl. I S. 733, 1967), die zuletzt durch Artikel 6 des Gesetzes vom 6. Dezember 2011 (BGBl. I S. 2515) geändert worden ist, und gemäß § 9 Absatz 2 der Finanzanlagenvermittlungsverordnung vom 2. Mai 2012 (BGBl. I S. 1006) beträgt die Mindestversicherungssumme ab dem 15. Januar 2013 für jeden Versicherungsfall 1 230 000 Euro und 1 850 000 Euro für alle Versicherungsfälle eines Jahres.</P></Content></text></textdaten></norm>
</dokumente>