<?xml version="1.0" encoding="UTF-8" ?><!DOCTYPE dokumente SYSTEM "http://www.gesetze-im-internet.de/dtd/1.01/gii-norm.dtd">
<dokumente builddate="20120625154900" doknr="BJNR203260986"><norm builddate="20120625154900" doknr="BJNR203260986"><metadaten><jurabk>PostPakAbk1984SchlProt</jurabk><ausfertigung-datum manuell="ja">1984-07-27</ausfertigung-datum><fundstelle typ="amtlich"><periodikum>BGBl II</periodikum><zitstelle>1986, 326</zitstelle></fundstelle><fundstelle typ="amtlich"><periodikum>BGBl II</periodikum><zitstelle>1987, 125</zitstelle></fundstelle><langue>Schlußprotokoll zum Postpaketabkommen</langue></metadaten><textdaten><text format="decorated"/><fussnoten><Content><P>G v. 28.1.1986 II 201 <BR/>Inkraft gem. Bek. v. 6.1.1987 II 125 mWv 20.8.1986</P></Content></fussnoten></textdaten></norm>
</dokumente>