<?xml version="1.0" encoding="UTF-8" ?><!DOCTYPE dokumente SYSTEM "http://www.gesetze-im-internet.de/dtd/1.01/gii-norm.dtd">
<dokumente builddate="20170601221032" doknr="BJNR160000015"><norm builddate="20170601221032" doknr="BJNR160000015"><metadaten><jurabk>BRSekrZustAnO</jurabk><ausfertigung-datum manuell="ja">2015-09-23</ausfertigung-datum><fundstelle typ="amtlich"><periodikum>BGBl I</periodikum><zitstelle>2015, 1600</zitstelle></fundstelle><langue>Anordnung zur Übertragung von Zuständigkeiten im Widerspruchsverfahren und über die Vertretung von Klagen aus dem Beamtenverhältnis für die Beamtinnen und Beamten des Sekretariats des Bundesrates in Angelegenheiten der Besoldung, des Trennungsgelds, der Umzugskostenvergütung und der Beihilfe</langue><standangabe checked="ja"><standtyp>Stand</standtyp><standkommentar>Geändert durch Art. 1 AnO v. 23.5.2017 I 1296</standkommentar></standangabe></metadaten><textdaten><fussnoten><Content><P><BR/> <pre xml:space="preserve">(+++ Textnachweis ab: 1.10.2015 +++)<BR/><BR/></pre></P></Content></fussnoten></textdaten></norm>
<norm builddate="20170601221032" doknr="BJNR160000015BJNE000101360"><metadaten><jurabk>BRSekrZustAnO</jurabk><enbez>§ 1</enbez><titel format="XML">Widersprüche in Angelegenheiten der Besoldung, des Trennungsgelds, der Umzugskostenvergütung und der Beihilfe</titel></metadaten><textdaten><text format="XML"><Content><P>Die Zuständigkeit für die Entscheidung über Widersprüche von Beamtinnen und Beamten sowie ihrer Hinterbliebenen in Angelegenheiten der Besoldung, des Trennungsgelds, der Umzugskostenvergütung und der Beihilfe wird im Einvernehmen mit dem Bundesministerium des Innern nach § 126 Absatz 3 des Bundesbeamtengesetzes auf das Bundesverwaltungsamt übertragen, soweit diese Behörde die Maßnahme getroffen oder abgelehnt hat.</P></Content></text><fussnoten/></textdaten></norm>
<norm builddate="20170601221032" doknr="BJNR160000015BJNE000201360"><metadaten><jurabk>BRSekrZustAnO</jurabk><enbez>§ 2</enbez><titel format="XML">Vertretung bei Klagen aus dem Beamtenverhältnis in Angelegenheiten der Besoldung, des Trennungsgelds, der Umzugskostenvergütung und der Beihilfe</titel></metadaten><textdaten><text format="XML"><Content><P>Die Vertretung bei Klagen aus dem Beamtenverhältnis in Angelegenheiten der Besoldung, des Trennungsgelds, der Umzugskostenvergütung und der Beihilfe nach § 1 wird im Einvernehmen mit dem <I>Bundesministerium des Innern</I> nach § 127 Absatz 3 des Bundesbeamtengesetzes auf das Bundesverwaltungsamt übertragen.</P></Content></text><fussnoten><Content><P>§ 2 Kursivdruck: Ersetzt wurden die Wörter &quot;Bundesministerium für Finanzen&quot; anstatt &quot;Bundesministerium der Finanzen&quot; durch die Wörter &quot;Bundesministerium des Innern&quot; gem. Art. 1 AnO v. 23.5.2017 I 1296 mWv 1.6.2017</P></Content></fussnoten></textdaten></norm>
<norm builddate="20170601221032" doknr="BJNR160000015BJNE000300000"><metadaten><jurabk>BRSekrZustAnO</jurabk><enbez>§ 3</enbez><titel format="XML">Vorbehaltsklausel</titel></metadaten><textdaten><text format="XML"><Content><P>Das Sekretariat des Bundesrates kann im Einzelfall die Zuständigkeit nach § 1 und die Vertretung nach § 2 abweichend von dieser Anordnung regeln.</P></Content></text></textdaten></norm>
<norm builddate="20170601221032" doknr="BJNR160000015BJNE000400000"><metadaten><jurabk>BRSekrZustAnO</jurabk><enbez>§ 4</enbez><titel format="XML">Übergangsregelung</titel></metadaten><textdaten><text format="XML"><Content><P>Diese Anordnung gilt auch für Widersprüche und Klagen, die vor ihrem <NB>Inkrafttreten</NB> erhoben worden sind.</P></Content></text></textdaten></norm>
<norm builddate="20170601221032" doknr="BJNR160000015BJNE000500000"><metadaten><jurabk>BRSekrZustAnO</jurabk><enbez>§ 5</enbez><titel format="XML">Inkrafttreten</titel></metadaten><textdaten><text format="XML"><Content><P>Diese Anordnung tritt am Tag nach der Veröffentlichung im Bundesgesetzblatt in Kraft.</P></Content></text></textdaten></norm>
<norm builddate="20170601221032" doknr="BJNR160000015BJNE000600000"><metadaten><jurabk>BRSekrZustAnO</jurabk><enbez>Schlussformel</enbez></metadaten><textdaten><text format="XML"><Content><P><SP>Der Präsident des Bundesrates</SP></P></Content></text></textdaten></norm>
</dokumente>