<?xml version="1.0" encoding="UTF-8" ?><!DOCTYPE dokumente SYSTEM "http://www.gesetze-im-internet.de/dtd/1.01/gii-norm.dtd">
<dokumente builddate="20230113214029" doknr="BJNR278300007"><norm builddate="20230113214029" doknr="BJNR278300007"><metadaten><jurabk>StAuskV</jurabk><amtabk>StAuskV</amtabk><ausfertigung-datum manuell="ja">2007-11-30</ausfertigung-datum><fundstelle typ="amtlich"><periodikum>BGBl I</periodikum><zitstelle>2007, 2783</zitstelle></fundstelle><kurzue>Steuer-Auskunftsverordnung</kurzue><langue>Verordnung zur Durchführung von § 89 Abs. 2 der Abgabenordnung</langue><standangabe checked="ja"><standtyp>Stand</standtyp><standkommentar>Zuletzt geändert durch Art. 7 V v. 19.12.2022 I 2432</standkommentar></standangabe></metadaten><textdaten><fussnoten><Content><P><BR/> <pre xml:space="preserve">(+++ Textnachweis ab: 8.12.2007 +++)<BR/><BR/></pre></P></Content></fussnoten></textdaten></norm>
<norm builddate="20230113214029" doknr="BJNR278300007BJNE000100000"><metadaten><jurabk>StAuskV</jurabk><enbez>Eingangsformel</enbez></metadaten><textdaten><text format="XML"><Content><P>Auf Grund des § 89 Abs. 2 Satz 4 der Abgabenordnung in der Fassung der Bekanntmachung vom 1. Oktober 2002 (BGBl. I S. 3866, 2003 I S. 61), der zuletzt durch Artikel 10 Nr. 9 des Gesetzes vom 13. Dezember 2006 (BGBl. I S. 2878) geändert worden ist, verordnet das Bundesministerium der Finanzen:</P></Content></text></textdaten></norm>
<norm builddate="20230113214029" doknr="BJNR278300007BJNE000203123"><metadaten><jurabk>StAuskV</jurabk><enbez>§ 1</enbez><titel format="XML">Form und Inhalt des Antrags auf Erteilung einer verbindlichen Auskunft</titel></metadaten><textdaten><text format="XML"><Content><P>(1) Der Antrag auf Erteilung einer verbindlichen Auskunft ist schriftlich oder elektronisch bei der nach § 89 Absatz 2 Satz 2 oder Satz 3 der Abgabenordnung zuständigen Finanzbehörde zu stellen. Der Antrag hat Folgendes zu enthalten: <DL Font="normal" Type="arabic"><DT>1.</DT><DD Font="normal"><LA Size="normal">die genaue Bezeichnung des Antragstellers (Name, bei natürlichen Personen Wohnsitz oder gewöhnlicher Aufenthalt, bei Körperschaften, Personenvereinigungen und Vermögensmassen Sitz oder Ort der Geschäftsleitung, soweit vorhanden Steuernummer),</LA></DD><DT>2.</DT><DD Font="normal"><LA Size="normal">eine umfassende und in sich abgeschlossene Darstellung des zum Zeitpunkt der Antragstellung noch nicht verwirklichten Sachverhalts,</LA></DD><DT>3.</DT><DD Font="normal"><LA Size="normal">die Darlegung des besonderen steuerlichen Interesses des Antragstellers,</LA></DD><DT>4.</DT><DD Font="normal"><LA Size="normal">eine ausführliche Darlegung des Rechtsproblems mit eingehender Begründung des eigenen Rechtsstandpunktes des Antragstellers,</LA></DD><DT>5.</DT><DD Font="normal"><LA Size="normal">die Formulierung konkreter Rechtsfragen,</LA></DD><DT>6.</DT><DD Font="normal"><LA Size="normal">die Erklärung, dass über den zur Beurteilung gestellten Sachverhalt bei keiner anderen der in § 89 Abs. 2 Satz 2 und 3 der Abgabenordnung genannten Finanzbehörden (Finanzämter oder Bundeszentralamt für Steuern) eine verbindliche Auskunft beantragt wurde, sowie</LA></DD><DT>7.</DT><DD Font="normal"><LA Size="normal">die Versicherung, dass alle für die Erteilung der Auskunft und für die Beurteilung erforderlichen Angaben gemacht wurden und der Wahrheit entsprechen.</LA></DD></DL></P><P>(2) Eine verbindliche Auskunft kann von allen Beteiligten nur gemeinsam beantragt werden, wenn sie sich auf einen Sachverhalt bezieht, der <DL Font="normal" Type="arabic"><DT>1.</DT><DD Font="normal"><LA Size="normal">mehreren Personen steuerlich zuzurechnen ist (§ 179 Absatz 2 Satz 2 der Abgabenordnung),</LA></DD><DT>2.</DT><DD Font="normal"><LA Size="normal">zur Begründung oder Beendigung einer Organschaft im Sinne <DL Font="normal" Type="alpha"><DT>a)</DT><DD Font="normal"><LA Size="normal">des § 2 Absatz 2 Nummer 2 des Umsatzsteuergesetzes,</LA></DD><DT>b)</DT><DD Font="normal"><LA Size="normal">der §§ 14 und 17 des Körperschaftsteuergesetzes oder</LA></DD><DT>c)</DT><DD Font="normal"><LA Size="normal">des § 2 Absatz 2 Satz 2 des Gewerbesteuergesetzes</LA></DD></DL>führen kann,</LA></DD><DT>3.</DT><DD Font="normal"><LA Size="normal">von einer Organgesellschaft verwirklicht werden soll und über <DL Font="normal" Type="alpha"><DT>a)</DT><DD Font="normal"><LA Size="normal">die gesonderte und einheitliche Feststellung nach § 14 Absatz 5 des Körperschaftsteuergesetzes oder</LA></DD><DT>b)</DT><DD Font="normal"><LA Size="normal">den dem Organträger zuzurechnenden Gewerbeertrag</LA></DD></DL>Auswirkungen auf die Besteuerungsgrundlagen des Organträgers haben kann,</LA></DD><DT>4.</DT><DD Font="normal"><LA Size="normal">zur Verwirklichung eines Erwerbsvorgangs im Sinne von § 1 Absatz 3 Nummer 1 und 2 in Verbindung mit Absatz 4 Nummer 2 des Grunderwerbsteuergesetzes (grunderwerbsteuerliche Organschaft) führen kann oder</LA></DD><DT>5.</DT><DD Font="normal"><LA Size="normal">sich nach den §§ 20, 21, 24 oder 25 des Umwandlungssteuergesetzes bei verschiedenen Rechtsträgern steuerlich auswirkt und der steuerliche Wertansatz beim einbringenden oder übertragenden Rechtsträger vom steuerlichen Wertansatz beim übernehmenden Rechtsträger abhängt.</LA></DD></DL>Die Beteiligten sollen einen gemeinsamen Empfangsbevollmächtigten bestellen, der ermächtigt ist, für sie alle Verwaltungsakte und Mitteilungen in Empfang zu nehmen.</P><P>(3) Für die Erteilung der verbindlichen Auskunft nach Absatz 2 Satz 1 ist zuständig <DL Font="normal" Type="arabic"><DT>1.</DT><DD Font="normal"><LA Size="normal">nach Absatz 2 Satz 1 Nummer 1:</LA><LA Size="normal">das Finanzamt, das für die gesonderte und einheitliche Feststellung örtlich zuständig ist;</LA></DD><DT>2.</DT><DD Font="normal"><LA Size="normal">nach Absatz 2 Satz 1 Nummer 2 Buchstabe a:</LA><LA Size="normal">das Finanzamt, das für die Umsatzbesteuerung des Organträgers örtlich zuständig ist;</LA></DD><DT>3.</DT><DD Font="normal"><LA Size="normal">nach Absatz 2 Satz 1 Nummer 2 Buchstabe b und c sowie Nummer 3:</LA><LA Size="normal">das Finanzamt, das für die gesonderte und einheitliche Feststellung nach § 14 Absatz 5 des Körperschaftsteuergesetzes örtlich zuständig ist;</LA></DD><DT>4.</DT><DD Font="normal"><LA Size="normal">nach Absatz 2 Satz 1 Nummer 4:</LA><LA Size="normal">das Finanzamt, das für die Festsetzung der Grunderwerbsteuer zuständig ist; ist der verwirklichte Sachverhalt Gegenstand einer gesonderten Feststellung nach § 17 Absatz 3 Satz 1 Nummer 2 oder Satz 2 in Verbindung mit Absatz 2 des Grunderwerbsteuergesetzes, ist das Finanzamt zuständig, das für die gesonderte Feststellung zuständig ist;</LA></DD><DT>5.</DT><DD Font="normal"><LA Size="normal">nach Absatz 2 Satz 1 Nummer 5: das Finanzamt, das nach § 18 oder § 20 der Abgabenordnung für den übernehmenden Rechtsträger örtlich zuständig ist.</LA></DD></DL>In den Fällen des Absatzes 2 Satz 1 Nummer 2 wird für die Bestimmung der Zuständigkeit stets von einer bestehenden Organschaft ausgegangen. In den Fällen des Absatzes 2 Satz 1 Nummer 4 wird für die Bestimmung der Zuständigkeit davon ausgegangen, dass ein Erwerbsvorgang im Sinne des § 1 Absatz 3 Nummer 1 und 2 in Verbindung mit Absatz 4 Nummer 2 des Grunderwerbsteuergesetzes verwirklicht wurde.</P><P>(4) Soll der dem Antrag zugrunde liegende Sachverhalt durch eine Person, Personenvereinigung oder Vermögensmasse verwirklicht werden, die im Zeitpunkt der Antragstellung noch nicht existiert, kann der Antrag auf Erteilung einer verbindlichen Auskunft auch durch einen Dritten gestellt werden, sofern er ebenfalls ein eigenes berechtigtes Interesse an der Auskunftserteilung darlegen kann. In diesem Fall sind die in Absatz 1 Nr. 1 und 3 genannten Angaben auch hinsichtlich der Person, Personenvereinigung oder Vermögensmasse zu machen, die den der Auskunft zugrunde liegenden Sachverhalt verwirklichen soll.</P></Content></text><fussnoten/></textdaten></norm>
<norm builddate="20230113214029" doknr="BJNR278300007BJNE000301360"><metadaten><jurabk>StAuskV</jurabk><enbez>§ 2</enbez><titel format="XML">Bindung einer verbindlichen Auskunft</titel></metadaten><textdaten><text format="XML"><Content><P>(1) Die von der nach § 89 Abs. 2 Satz 2 und 3 der Abgabenordnung zuständigen Finanzbehörde erteilte verbindliche Auskunft ist für die Besteuerung des Antragstellers oder in den Fällen des § 1 Absatz 4 für die Besteuerung der Person, Personenvereinigung oder Vermögensmasse, die den Sachverhalt verwirklicht hat, bindend, wenn der später verwirklichte Sachverhalt von dem der Auskunft zugrunde gelegten Sachverhalt nicht oder nur unwesentlich abweicht. Die verbindliche Auskunft ist nicht bindend, wenn sie zuungunsten des Steuerpflichtigen dem geltenden Recht widerspricht.</P><P>(2) Eine nach § 1 Absatz 3 erteilte verbindliche Auskunft ist für die Besteuerung aller Beteiligten einheitlich bindend, wenn der später verwirklichte Sachverhalt von dem Sachverhalt, der der Auskunft zugrunde gelegt wurde, nicht oder nur unwesentlich abweicht. Widerspricht die einheitlich erteilte verbindliche Auskunft dem geltenden Recht und beruft sich mindestens ein Beteiligter hierauf, entfällt die Bindungswirkung der verbindlichen Auskunft einheitlich gegenüber allen Beteiligten.</P><P>(3) Die Bindungswirkung der verbindlichen Auskunft entfällt ab dem Zeitpunkt, in dem die Rechtsvorschriften, auf denen die Auskunft beruht, aufgehoben oder geändert werden.</P><P>(4) Unbeschadet der §§ 129 bis 131 der Abgabenordnung kann eine verbindliche Auskunft mit Wirkung für die Zukunft aufgehoben oder geändert werden, wenn sich herausstellt, dass die erteilte Auskunft unrichtig war.</P></Content></text><fussnoten/></textdaten></norm>
<norm builddate="20230113214029" doknr="BJNR278300007BJNE000402123"><metadaten><jurabk>StAuskV</jurabk><enbez>§ 3</enbez><titel format="XML">Anwendungsvorschrift</titel></metadaten><textdaten><text format="XML"><Content><P>§ 1 Absatz 2 Satz 1, Absatz 3 und § 2 Absatz 2 in der am 20. Juli 2017 geltenden Fassung sind erstmals auf Anträge auf Erteilung einer verbindlichen Auskunft anzuwenden, die nach dem 1. September 2017 bei der zuständigen Finanzbehörde eingegangen sind. § 1 Absatz 2 Satz 1 Nummer 3 bis 5 und Absatz 3 Satz 1 Nummer 4 und 5 in der am 23. Dezember 2022 geltenden Fassung ist erstmals auf Anträge auf Erteilung einer verbindlichen Auskunft anzuwenden, die nach dem 31. Dezember 2022 bei der zuständigen Finanzbehörde eingegangen sind.</P></Content></text><fussnoten/></textdaten></norm>
<norm builddate="20230113214029" doknr="BJNR278300007BJNE000500000"><metadaten><jurabk>StAuskV</jurabk><enbez>Schlussformel</enbez></metadaten><textdaten><text format="XML"><Content><P>Der Bundesrat hat zugestimmt.</P></Content></text></textdaten></norm>
</dokumente>