<?xml version="1.0" encoding="UTF-8" ?><!DOCTYPE dokumente SYSTEM "http://www.gesetze-im-internet.de/dtd/1.01/gii-norm.dtd">
<dokumente builddate="20240319214503" doknr="BJNR290210997"><norm builddate="20240319214503" doknr="BJNR290210997"><metadaten><jurabk>BABauRaumOG</jurabk><ausfertigung-datum manuell="ja">1997-12-15</ausfertigung-datum><fundstelle typ="amtlich"><periodikum>BGBl I</periodikum><zitstelle>1997, 2902</zitstelle></fundstelle><langue>Gesetz über die Errichtung eines Bundesamtes für Bauwesen und Raumordnung</langue><standangabe checked="ja"><standtyp>Stand</standtyp><standkommentar>Zuletzt geändert durch Art. 2 G v. 19.12.2022 I 2507</standkommentar></standangabe></metadaten><textdaten><fussnoten><Content><P><BR/> <pre xml:space="preserve">(+++ Textnachweis ab: 1.1.1998 +++)<BR/><BR/></pre>Das G wurde als Art. 1 des G v. 15.12.1997 I 2902 vom Bundestag beschlossen und  ist gem. Art. 5 Abs. 1 dieses G am 1.1.1998 in Kraft getreten.</P></Content></fussnoten></textdaten></norm>
<norm builddate="20240319214503" doknr="BJNR290210997BJNE000105116"><metadaten><jurabk>BABauRaumOG</jurabk><enbez>§ 1</enbez><titel format="XML">Errichtung und Sitz des Bundesamtes für Bauwesen und Raumordnung</titel></metadaten><textdaten><text format="XML"><Content><P>(1) Im Geschäftsbereich des Bundesministeriums für Wohnen, Stadtentwicklung und Bauwesen ist ein Bundesamt für Bauwesen und Raumordnung als Bundesoberbehörde errichtet.</P><P>(2) Das Bundesamt für Bauwesen und Raumordnung hat seinen Sitz in Bonn.</P></Content></text><fussnoten/></textdaten></norm>
<norm builddate="20240319214503" doknr="BJNR290210997BJNE000206116"><metadaten><jurabk>BABauRaumOG</jurabk><enbez>§ 2</enbez><titel format="XML">Aufgaben</titel></metadaten><textdaten><text format="XML"><Content><P>(1) Das Bundesamt für Bauwesen und Raumordnung erledigt Verwaltungsaufgaben auf den Gebieten des Bauwesens, der Raumordnung, des Städtebaus und des Wohnungswesens, die ihm durch dieses Gesetz, auf Grund dieses Gesetzes oder durch andere Bundesgesetze zugewiesen werden.</P><P>(2) Das Bundesamt für Bauwesen und Raumordnung ist zuständig für die Durchführung der Bauangelegenheiten <DL Font="normal" Type="arabic"><DT>1.</DT><DD Font="normal"><LA Size="normal">der Verfassungsorgane des Bundes,</LA></DD><DT>2.</DT><DD Font="normal"><LA Size="normal">der obersten Bundesbehörden,</LA></DD><DT>3.</DT><DD Font="normal"><LA Size="normal">der Bundesrepublik Deutschland im Ausland mit Ausnahme einfacher Baumaßnahmen sowie der Bauten im Geschäftsbereich des Bundesministeriums der Verteidigung,</LA></DD><DT>4.</DT><DD Font="normal"><LA Size="normal">des Bundes in Berlin und</LA></DD><DT>5.</DT><DD Font="normal"><LA Size="normal">im Geschäftsbereich eines Bundesministeriums bei überwiegendem Interesse des Bundes, soweit in diesem Fall das Bundesministerium im Einvernehmen mit dem Bundesministerium für Wohnen, Stadtentwicklung und Bauwesen dem Bundesamt die Aufgabe übertragen hat.</LA></DD></DL></P><P>(3) Das Bundesamt für Bauwesen und Raumordnung unterstützt das Bundesministerium für Wohnen, Stadtentwicklung und Bauwesen fachlich bei der Wahrnehmung seiner Aufgaben auf den in den Absätzen 1 und 2 genannten Gebieten einschließlich der internationalen Zusammenarbeit und stellt zentrale Dienste und Hilfen für Bundesbehörden bereit.</P><P>(3a) Das Bundesamt für Bauwesen und Raumordnung unterstützt das Bundesministerium für Wohnen, Stadtentwicklung und Bauwesen bei der Festlegung von übergeordneten baupolitischen und baukulturellen Vorgaben und Standardsetzungen für den zivilen Bundesbau.</P><P>(4) Das Bundesamt für Bauwesen und Raumordnung betreibt zur Erledigung seiner Aufgaben wissenschaftliche Forschung auf den Gebieten der Raumordnung, des Städtebaus, des Bau- und Wohnungswesens. Das Statistische Bundesamt und die statistischen Ämter der Länder dürfen dem Bundesamt in entsprechender Anwendung von § 16 Abs. 6 des Bundesstatistikgesetzes Einzelangaben übermitteln, soweit dies zur Erfüllung der in Satz 1 genannten Forschungsaufgaben erforderlich ist. Die Daten dürfen nur für diesen Zweck und in von den anderen Aufgabenbereichen des Bundesamtes räumlich, organisatorisch und personell getrennten Organisationseinheiten gespeichert und genutzt werden.</P><P>(5) Das Bundesamt für Bauwesen und Raumordnung erledigt, soweit nicht die Zuständigkeit einer anderen Behörde gesetzlich festgelegt ist, weitere, mit den in Absatz 1 genannten Gebieten in Zusammenhang stehende Aufgaben des Bundes, mit deren Durchführung es vom Bundesministerium für Wohnen, Stadtentwicklung und Bauwesen oder von der sachlich zuständigen Bundesbehörde im Einvernehmen mit dem Bundesministerium für Wohnen, Stadtentwicklung und Bauwesen beauftragt wird.</P><P>(6) Die Verfassungsorgane des Bundes können ihre Bauangelegenheiten im Einzelfall auch jeweils in eigener Zuständigkeit regeln.</P></Content></text><fussnoten/></textdaten></norm>
<norm builddate="20240319214503" doknr="BJNR290210997BJNE000306116"><metadaten><jurabk>BABauRaumOG</jurabk><enbez>§ 3</enbez><titel format="XML">Aufsicht</titel></metadaten><textdaten><text format="XML"><Content><P>Die Aufsicht über das Bundesamt für Bauwesen und Raumordnung wird durch das Bundesministerium für Wohnen, Stadtentwicklung und Bauwesen ausgeübt. Die Zuständigkeit des Bundesministeriums der Verteidigung für seine Bauangelegenheiten bleibt insoweit unberührt.</P></Content></text><fussnoten/></textdaten></norm>
</dokumente>