<?xml version="1.0" encoding="UTF-8" ?><!DOCTYPE dokumente SYSTEM "http://www.gesetze-im-internet.de/dtd/1.01/gii-norm.dtd">
<dokumente builddate="20120625154835" doknr="BJNR200040982"><norm builddate="20120625154835" doknr="BJNR200040982"><metadaten><jurabk>IntMeerSchÜbk 1973</jurabk><ausfertigung-datum manuell="ja">1973-11-02</ausfertigung-datum><fundstelle typ="amtlich"><periodikum>BGBl II</periodikum><zitstelle>1982, 4</zitstelle></fundstelle><langue>Internationales Übereinkommen von 1973 zur Verhütung der Meeresverschmutzung durch Schiffe</langue></metadaten><textdaten><text format="decorated"/><fussnoten><Content><P>G v. 23.12.1981 II 1982, 2 <BR/>Inkraft gem. Bek. v. 19.9.1983 II 632 mWv 2.10.1983</P></Content></fussnoten></textdaten></norm>
</dokumente>