<?xml version="1.0" encoding="UTF-8" ?><!DOCTYPE dokumente SYSTEM "http://www.gesetze-im-internet.de/dtd/1.01/gii-norm.dtd">
<dokumente builddate="20150129221502" doknr="BJNR002600015"><norm builddate="20150129221502" doknr="BJNR002600015"><metadaten><jurabk>StromStG§10Abs3uaBek</jurabk><ausfertigung-datum manuell="ja">2015-01-21</ausfertigung-datum><fundstelle typ="amtlich"><periodikum>BGBl I</periodikum><zitstelle>2015, 26</zitstelle></fundstelle><langue>Bekanntmachung nach § 10 Absatz 3 des Stromsteuergesetzes sowie § 55 Absatz 4 des Energiesteuergesetzes</langue></metadaten><textdaten><fussnoten><Content><P><BR/> <pre xml:space="preserve">(+++ Textnachweis ab: 26.1.2015 +++)<BR/><BR/></pre></P></Content></fussnoten></textdaten></norm>
<norm builddate="20150129221502" doknr="BJNR002600015BJNE000100000"><metadaten><jurabk>StromStG§10Abs3uaBek</jurabk><enbez>(XXXX)</enbez></metadaten><textdaten><text format="XML"><Content><P>Nach § 10 Absatz 3 Satz 1 Nummer 2 Buchstabe b des Stromsteuergesetzes vom 24. März 1999 (BGBl. I S. 378; 2000 I S. 147) und nach § 55 Absatz 4 Satz 1 Nummer 2 Buchstabe b des Energiesteuergesetzes vom 15. Juli 2006 (BGBl. I S. 1534; 2008 I S. 660, 838, 1007) wird hiermit bekannt gemacht, dass die Bundesregierung die nach § 10 Absatz 3 Satz 1 Nummer 2 Buchstabe a des Stromsteuergesetzes und die nach § 55 Absatz 4 Satz 1 Nummer 2 Buchstabe a des Energiesteuergesetzes erforderliche Feststellung am 21. Januar 2015 getroffen hat und dass die Steuerentlastungen nach § 10 des Stromsteuergesetzes und nach § 55 des Energiesteuergesetzes damit für das Antragsjahr 2015 gewährt werden.</P></Content></text></textdaten></norm>
<norm builddate="20150129221502" doknr="BJNR002600015BJNE000200000"><metadaten><jurabk>StromStG§10Abs3uaBek</jurabk><enbez>Schlussformel</enbez></metadaten><textdaten><text format="XML"><Content><P><SP>Bundesministerium der Finanzen</SP></P></Content></text></textdaten></norm>
</dokumente>