<?xml version="1.0" encoding="UTF-8" ?><!DOCTYPE dokumente SYSTEM "http://www.gesetze-im-internet.de/dtd/1.01/gii-norm.dtd">
<dokumente builddate="20120625151418" doknr="BJNR081500009"><norm builddate="20120625151418" doknr="BJNR081500009"><metadaten><jurabk>PatInfoZBek 2009</jurabk><ausfertigung-datum manuell="ja">2009-04-09</ausfertigung-datum><fundstelle typ="amtlich"><periodikum>BGBl I</periodikum><zitstelle>2009, 815</zitstelle></fundstelle><langue>Bekanntmachung der zur Entgegennahme von Patent-, Gebrauchsmuster-, Marken- und Geschmacksmusteranmeldungen befugten Patentinformationszentren</langue></metadaten><textdaten><fussnoten><Content><P><BR/> <pre xml:space="preserve">(+++ Textnachweis ab: 24.4.2009 +++)<BR/><BR/></pre></P></Content></fussnoten></textdaten></norm>
<norm builddate="20120625151418" doknr="BJNR081500009BJNE000100000"><metadaten><jurabk>PatInfoZBek 2009</jurabk><enbez>(XXXX)</enbez></metadaten><textdaten><text format="XML"><Content><P>Nach § 34 Absatz 2 Satz 1 und § 35 Absatz 2 Satz 1 Nummer 2 des Patentgesetzes, die durch Artikel 2 des Gesetzes vom 16. Juli 1998 (BGBl. I S. 1827) neu gefasst worden sind, nach § 4 Absatz 2 Satz 1 und § 4a Absatz 2 Satz 1 Nummer 2 des Gebrauchsmustergesetzes, die durch Artikel 3 des Gesetzes vom 16. Juli 1998 (BGBl. I S. 1827) eingefügt worden sind, nach § 11 Absatz 1 Satz 2 und § 13 Absatz 1 Nummer 2 des Geschmacksmustergesetzes in der Fassung der Bekanntmachung vom 12. März 2004 (BGBl. I S. 390) und nach § 32 Absatz 1 Satz 2 des Markengesetzes, der durch Artikel 2 Absatz 9 Nummer 2 des Gesetzes vom 12. März 2004 (BGBl. I S. 390) eingefügt worden ist, wird bekannt gemacht, dass die<BR/><BR/>Rheinisch-Westfälische Technische Hochschule Aachen (RWTH)<BR/>– Hochschulbibliothek, Patentinformationszentrum –<BR/> 52062 Aachen<BR/><BR/>ab 23. April 2009 zum Patentinformationszentrum im Sinne von § 34 Absatz 2 Satz 1 und § 35 Absatz 2 Satz 1 Nummer 2 des Patentgesetzes, § 4 Absatz 2 Satz 1 und § 4a Absatz 2 Satz 1 Nummer 2 des Gebrauchsmustergesetzes, § 11 Absatz 1 Satz 2 und § 13 Absatz 1 Nummer 2 des Geschmacksmustergesetzes, § 32 Absatz 1 Satz 2 des Markengesetzes und Artikel II § 4 Absatz 1 Satz 1 des Gesetzes über internationale Patentübereinkommen vom 21. Juni 1976 (BGBl. 1976 II S. 649) in der Fassung des Artikels 6 Nummer 1 Buchstabe b des Gesetzes vom 16. Juli 1998 (BGBl. I S. 1827) und Artikel III § 1 Absatz 2 Satz 1 des Gesetzes über internationale Patentübereinkommen vom 21. Juni 1976 (BGBl. 1976 II S. 649) in der Fassung des Artikels 6 Nummer 4 Buchstabe c des Gesetzes vom 16. Juli 1998 (BGBl. I S. 1827) bestimmt ist.<BR/><BR/>Die Präsidentin des Deutschen Patent- und Markenamts veröffentlicht im Blatt für Patent-, Muster- und Zeichnungswesen weitere Einzelheiten zur Entgegennahme der Anmeldungen.</P></Content></text></textdaten></norm>
<norm builddate="20120625151418" doknr="BJNR081500009BJNE000200000"><metadaten><jurabk>PatInfoZBek 2009</jurabk><enbez>Schlussformel</enbez></metadaten><textdaten><text format="XML"><Content><P><SP>Bundesministerium der Justiz</SP></P></Content></text></textdaten></norm>
</dokumente>