<?xml version="1.0" encoding="UTF-8" ?><!DOCTYPE dokumente SYSTEM "http://www.gesetze-im-internet.de/dtd/1.01/gii-norm.dtd">
<dokumente builddate="20150929215601" doknr="BJNR200130978"><norm builddate="20150929215601" doknr="BJNR200130978"><metadaten><jurabk>IMFAbkG</jurabk><ausfertigung-datum manuell="ja">1978-01-09</ausfertigung-datum><fundstelle typ="amtlich"><periodikum>BGBl II</periodikum><zitstelle>1978, 13</zitstelle></fundstelle><kurzue>IWF-Gesetz</kurzue><langue>Gesetz zu dem Übereinkommen über den Internationalen Währungsfonds in der
Fassung von 1976</langue><standangabe checked="ja"><standtyp>Stand</standtyp><standkommentar>Zuletzt geändert durch Art. 298 V v. 31.8.2015 I 1474</standkommentar></standangabe></metadaten><textdaten><fussnoten><Content><P><BR/> <pre xml:space="preserve">(+++ Textnachweis ab: 13.1.1978 +++)<BR/><BR/></pre>Das Übereinkommen idF von 1976 ist gem. Bek. v. 3.5.1978 II 838 am 1.4.1978 in Kraft getreten.</P></Content></fussnoten></textdaten></norm>
<norm builddate="20150929215601" doknr="BJNR200130978BJNE000100326"><metadaten><jurabk>IMFAbkG</jurabk><enbez>Eingangsformel</enbez></metadaten><textdaten><text format="XML"><Content><P>Der Bundestag hat mit Zustimmung des Bundesrates das folgende Gesetz beschlossen:</P></Content></text></textdaten></norm>
<norm builddate="20150929215601" doknr="BJNR200130978BJNE000200326"><metadaten><jurabk>IMFAbkG</jurabk><enbez>Art 1</enbez></metadaten><textdaten><text format="XML"><Content><P>Der Neufassung des Abkommens über den Internationalen Währungsfonds, die der Gouverneursrat des Fonds bis zum 30. April 1976 genehmigt hat (ursprüngliche Fassung: BGBl. 1952 II S. 638; Änderungen und Ergänzungen von 1968: BGBl. 1968 II S. 1227), wird zugestimmt. Die im folgenden als Übereinkommen bezeichnete Neufassung wird nachstehend veröffentlicht.</P></Content></text><fussnoten/></textdaten></norm>
<norm builddate="20150929215601" doknr="BJNR200130978BJNE000300326"><metadaten><jurabk>IMFAbkG</jurabk><enbez>Art 2</enbez></metadaten><textdaten><text format="XML"><Content><P>Das Recht aus Artikel V des Übereinkommens, Mittel des Internationalen Währungsfonds innerhalb der Reservetranche im Sinne des Artikels XXX Buchstabe c des Übereinkommens zu beantragen, übt die Deutsche Bundesbank aus.</P></Content></text></textdaten></norm>
<norm builddate="20150929215601" doknr="BJNR200130978BJNE000400326"><metadaten><jurabk>IMFAbkG</jurabk><enbez>Art 3</enbez></metadaten><textdaten><text format="XML"><Content><P>(1) Vermögenswerte (Sonderziehungsrechte, Beträge in Deutscher Mark oder fremder Währung oder Gold), die zur Erfüllung von Ansprüchen der Bundesrepublik Deutschland aus ihrer Mitgliedschaft im Internationalen Währungsfonds zu leisten sind, gehen auf die Deutsche Bundesbank über.</P><P>(2) Verpflichtungen der Bundesrepublik Deutschland aus ihrer Mitgliedschaft im Internationalen Währungsfonds, solche Vermögenswerte zu leisten, erfüllt die Deutsche Bundesbank.</P><P>(3) Sonderziehungsrechte, die der Internationale Währungsfonds der Bundesrepublik Deutschland im Zusammenhang mit Krediten der Deutschen Bundesbank an den Fonds überträgt, gehen auf die Deutsche Bundesbank über.</P></Content>  </text></textdaten></norm>
<norm builddate="20150929215601" doknr="BJNR200130978BJNE000500326"><metadaten><jurabk>IMFAbkG</jurabk><enbez>Art 4</enbez></metadaten><textdaten><text format="XML"><Content><P>Die Deutsche Bundesbank wickelt den Geschäftsverkehr der Bundesrepublik Deutschland mit dem Internationalen Währungsfonds nach Artikel V Abschnitt 1 des Übereinkommens ab. Sie ist Hinterlegungsstelle nach Artikel XIII Abschnitt 2 des Übereinkommens.</P></Content></text></textdaten></norm>
<norm builddate="20150929215601" doknr="BJNR200130978BJNE000601377"><metadaten><jurabk>IMFAbkG</jurabk><enbez>Art 5</enbez></metadaten><textdaten><text format="XML"><Content><P>(1) Die Bundesregierung bestellt den Gouverneur und den Stellvertretenden Gouverneur für die Bundesrepublik Deutschland im Internationalen Währungsfonds im Benehmen mit der Deutschen Bundesbank. Der Gouverneur oder der Stellvertretende Gouverneur können im Einvernehmen mit dem Bundesministerium der Finanzen zeitweilige Stellvertretende Gouverneure bestellen.</P><P>(2) Das Bundesministerium der Finanzen übt das Recht der Bundesrepublik Deutschland zur Besetzung der Stellen eines Mitglieds im Rat auf Ministerebene des Internationalen Währungsfonds, eines Stellvertreters und der Beigeordneten im Benehmen mit der Deutschen Bundesbank aus.</P><P>(3) Das Bundesministerium der Finanzen übt das Recht der Bundesrepublik Deutschland zur Besetzung der Stelle eines Exekutivdirektors im Internationalen Währungsfonds im Benehmen mit der Deutschen Bundesbank aus. Der Exekutivdirektor bestellt den Stellvertretenden Exekutivdirektor nach Weisung des Bundesministeriums der Finanzen. Satz 2 gilt entsprechend für die Bestellung eines zeitweiligen Stellvertretenden Exekutivdirektors.</P></Content>  </text><fussnoten/></textdaten></norm>
<norm builddate="20150929215601" doknr="BJNR200130978BJNE000704118"><metadaten><jurabk>IMFAbkG</jurabk><enbez>Art 6</enbez></metadaten><textdaten><text format="XML"><Content><P>(1) Der Gouverneur sowie das Mitglied im Rat auf Ministerebene üben ihre Tätigkeit im Einvernehmen mit dem Bundesministerium der Finanzen aus, der das Benehmen mit dem Bundesministerium für Wirtschaft und Energie herstellt.</P><P>(2) Die sonstigen Erklärungsberechtigten im Gouverneursrat und im Rat auf Ministerebene sowie die Erklärungsberechtigten im Exekutivdirektorium handeln auf Weisungen des Bundesministeriums der Finanzen.</P></Content></text><fussnoten/></textdaten></norm>
<norm builddate="20150929215601" doknr="BJNR200130978BJNE000800326"><metadaten><jurabk>IMFAbkG</jurabk><enbez>Art 7</enbez></metadaten><textdaten><text format="XML"><Content><P>Die Zusammenarbeit zwischen der Bundesregierung und der Deutschen Bundesbank bei der Anwendung des Übereinkommens wird in einer Verwaltungsvereinbarung geregelt.</P></Content></text></textdaten></norm>
<norm builddate="20150929215601" doknr="BJNR200130978BJNE000900326"><metadaten><jurabk>IMFAbkG</jurabk><enbez>Art 8</enbez></metadaten><textdaten><text format="XML"><Content><P>Die Bundesregierung unterrichtet den Deutschen Bundestag und den Bundesrat über Vorgänge von besonderer Bedeutung, die sich bei der Anwendung des Übereinkommens ergeben.</P></Content></text></textdaten></norm>
<norm builddate="20150929215601" doknr="BJNR200130978BJNE001000326"><metadaten><jurabk>IMFAbkG</jurabk><enbez>Art 9</enbez></metadaten><textdaten><text format="XML"><Content><P>-</P></Content></text><fussnoten/></textdaten></norm>
<norm builddate="20150929215601" doknr="BJNR200130978BJNE001100326"><metadaten><jurabk>IMFAbkG</jurabk><enbez>Art 10</enbez></metadaten><textdaten><text format="XML"><Content><P>Dieses Gesetz gilt auch im Land Berlin, sofern das Land Berlin die Anwendung dieses Gesetzes feststellt.</P></Content></text></textdaten></norm>
<norm builddate="20150929215601" doknr="BJNR200130978BJNE001200326"><metadaten><jurabk>IMFAbkG</jurabk><enbez>Art 11</enbez></metadaten><textdaten><text format="XML"><Content><P>(1) Dieses Gesetz tritt mit Ausnahme der Artikel 2 bis 9 am Tage nach seiner Verkündung in Kraft.</P><P>(2) Artikel 2 bis 9 dieses Gesetzes treten an dem Tag in Kraft, an dem das Übereinkommen (Neufassung) für die Bundesrepublik Deutschland in Kraft tritt.</P><P>(3) Der Tag, an dem das Übereinkommen (Neufassung) nach Artikel XVII der bisherigen Fassung für die Bundesrepublik Deutschland in Kraft tritt, ist im Bundesgesetzblatt bekanntzugeben.</P></Content>  </text><fussnoten/></textdaten></norm>
</dokumente>