<?xml version="1.0" encoding="UTF-8" ?><!DOCTYPE dokumente SYSTEM "http://www.gesetze-im-internet.de/dtd/1.01/gii-norm.dtd">
<dokumente builddate="20120625153214" doknr="BJNR001430970"><norm builddate="20120625153214" doknr="BJNR001430970"><metadaten><jurabk>FinAusglG1970DV 1</jurabk><ausfertigung-datum manuell="ja">1970-01-30</ausfertigung-datum><fundstelle typ="amtlich"><periodikum>BGBl I</periodikum><zitstelle>1970, 143</zitstelle></fundstelle><langue>Erste Verordnung zur Durchführung des Gesetzes über den Finanzausgleich
zwischen Bund und Ländern</langue></metadaten><textdaten><text format="XML"><Content><P/></Content></text><fussnoten><Content><P>(+++ Textnachweis ab:  1. 1.1970 +++)</P></Content></fussnoten></textdaten></norm>
<norm builddate="20120625153214" doknr="BJNR001430970BJNE000100314"><metadaten><jurabk>FinAusglG1970DV 1</jurabk><enbez>Eingangsformel</enbez></metadaten><textdaten><text format="XML"><Content><P>Auf Grund des § 8 Abs. 4 Nr. 1 und des § 14 Abs. 3 des Gesetzes über den Finanzausgleich zwischen Bund und Ländern vom 28. August 1969 (Bundesgesetzbl. I S. 1432) wird mit Zustimmung des Bundesrates verordnet:</P></Content></text></textdaten></norm>
<norm builddate="20120625153214" doknr="BJNR001430970BJNE000200314"><metadaten><jurabk>FinAusglG1970DV 1</jurabk><enbez>§ 1</enbez><titel format="parat">Ausgleich unterschiedlicher Einheitsbewertung</titel></metadaten><textdaten><text format="XML"><Content><P>Zum Ausgleich der unterschiedlichen Einheitsbewertung des Grundbesitzes im Bundesgebiet werden die nach § 8 Abs. 2 und 3 des Gesetzes errechneten Steuerkraftzahlen der Grundsteuer von den Grundstücken im Lande Baden-Württemberg, im Regierungsbezirk Darmstadt des Landes Hessen und im Regierungsbezirk Rheinhessen des Landes Rheinland-Pfalz um 20 vom Hundert gekürzt. Die Kürzung entfällt von dem Ausgleichsjahr ab, für das die Einheitswerte der Hauptfeststellung 1964 bei der Errechnung der Steuerkraftmeßzahlen der Grundsteuer nach § 8 Abs. 2 des Gesetzes erstmals wirksam werden.</P></Content></text></textdaten></norm>
<norm builddate="20120625153214" doknr="BJNR001430970BJNE000300314"><metadaten><jurabk>FinAusglG1970DV 1</jurabk><enbez>§ 2</enbez><titel format="parat">Vollzug der Umsatzsteuerverteilung und des
Finanzausgleichs im Ausgleichsjahr 1970</titel></metadaten><textdaten><text format="XML"><Content><P>(1) Zum vorläufigen Vollzug der Umsatzsteuerverteilung und des Finanzausgleichs unter den Ländern im Ausgleichsjahr 1970 wird der Zahlungsverkehr nach § 14 Abs. 1 des Gesetzes in der Weise durchgeführt, daß die Ablieferung des Bundesanteils an der durch Landesfinanzbehörden verwalteten Umsatzsteuer auf die folgenden Hundertsätze erhöht oder vermindert wird: <BR/><table frame="none" tocentry="%yes;">
	<tgroup align="left" char="" charoff="50" cols="2" colsep="0" rowsep="0">
		<colspec colname="col1" colnum="1" colwidth="70*"/>
		<colspec colname="col2" colnum="2" colwidth="20*"/>
		<tbody valign="top">
			<row>
				<entry VJ="1" align="left" colsep="0" valign="top">Baden-Württemberg</entry>
				<entry VJ="1" align="right" colsep="0" valign="top">87,3 v.H.</entry>
			</row>
			<row>
				<entry VJ="1" align="left" colsep="0" valign="top">Bayern</entry>
				<entry VJ="1" align="right" colsep="0" valign="top">62,0 v.H.</entry>
			</row>
			<row>
				<entry VJ="1" align="left" colsep="0" valign="top">Berlin</entry>
				<entry VJ="1" align="right" colsep="0" valign="top">61,2 v.H.</entry>
			</row>
			<row>
				<entry VJ="1" align="left" colsep="0" valign="top">Bremen</entry>
				<entry VJ="1" align="right" colsep="0" valign="top">60,6 v.H.</entry>
			</row>
			<row>
				<entry VJ="1" align="left" colsep="0" valign="top">Hamburg</entry>
				<entry VJ="1" align="right" colsep="0" valign="top">100,0 v.H.</entry>
			</row>
			<row>
				<entry VJ="1" align="left" colsep="0" valign="top">Hessen</entry>
				<entry VJ="1" align="right" colsep="0" valign="top">92,8 v.H.</entry>
			</row>
			<row>
				<entry VJ="1" align="left" colsep="0" valign="top">Niedersachsen</entry>
				<entry VJ="1" align="right" colsep="0" valign="top">26,0 v.H.</entry>
			</row>
			<row>
				<entry VJ="1" align="left" colsep="0" valign="top">Nordrhein-Westfalen</entry>
				<entry VJ="1" align="right" colsep="0" valign="top">78,0 v.H.</entry>
			</row>
			<row>
				<entry VJ="1" align="left" colsep="0" valign="top">Rheinland-Pfalz</entry>
				<entry VJ="1" align="right" colsep="0" valign="top">35,2 v.H.</entry>
			</row>
		</tbody>
	</tgroup>
</table> </P><P>(2) Die vorläufigen Einnahmen des Bundes nach Absatz 1 sind, soweit nicht zwingende Gründe für eine abweichende Regelung bestehen, täglich an die Bundeshauptkasse abzuliefern. Die für die Finanzämter zuständige oberste Landesbehörde bestimmt, ob die Ablieferung durch die Finanzkassen oder durch eine andere Landeskasse zu erfolgen hat. Der Bundesminister der Finanzen kann zur Vereinfachung des Verwaltungsverfahrens die Ablieferung der Einnahmen anderweitig zulassen.</P><P>(3) Die Freie und Hansestadt Hamburg leistet zusätzlich auf ihren vorläufigen Ausgleichsbeitrag zum Steuer- und Finanzausgleich monatliche Vorauszahlungen von 17.417.000 DM an die Bundeshauptkasse, die am 15. eines jeden Monats fällig werden.</P><P>(4) Das Saarland und das Land Schleswig-Holstein leisten im Zahlungsverkehr nach den Absätzen 1 und 2 keine Zahlungen auf den durch Landesfinanzbehörden verwalteten Bundesanteil an der Umsatzsteuer. Auf den durch den Bundesanteil nicht gedeckten Teil ihrer Ansprüche aus dem vorläufigen Steuer- und Finanzausgleich erhalten an monatlichen Vorauszahlungen das Saarland 9.025.000 DM und das Land Schleswig-Holstein 10.158.000 DM, die am 15. eines jeden Monats fällig werden.</P><P>(5) Auf den Länderanteil an der durch Bundesfinanzbehörden verwalteten Umsatzsteuer wird am 15. eines jeden Monats eine Abschlagszahlung auf der Grundlage des Aufkommens des Vormonats entrichtet. Im jeweils darauffolgenden Monat werden gleichzeitig die mit der Abschlagszahlung des Vormonats zu viel oder zu wenig gezahlten Beträge verrechnet. Für die Aufteilung auf die einzelnen Länder gilt die in § 13 Nr. 3 des Gesetzes über den Finanzausgleich zwischen Bund und Ländern genannte Feststellung der Einwohnerzahlen.</P></Content>    </text></textdaten></norm>
<norm builddate="20120625153214" doknr="BJNR001430970BJNE000400314"><metadaten><jurabk>FinAusglG1970DV 1</jurabk><enbez>§ 3</enbez><titel format="parat">Geltung in Berlin</titel></metadaten><textdaten><text format="XML"><Content><P>Diese Verordnung gilt nach Maßgabe des § 14 des Dritten Überleitungsgesetzes vom 4. Januar 1952 (Bundesgesetzbl. I S. 1) in Verbindung mit § 19 des Gesetzes auch im Land Berlin.</P></Content></text></textdaten></norm>
<norm builddate="20120625153214" doknr="BJNR001430970BJNE000500314"><metadaten><jurabk>FinAusglG1970DV 1</jurabk><enbez>§ 4</enbez><titel format="parat">Inkrafttreten</titel></metadaten><textdaten><text format="XML"><Content><P>Diese Verordnung tritt mit Wirkung vom 1. Januar 1970 in Kraft.</P></Content></text></textdaten></norm>
<norm builddate="20120625153214" doknr="BJNR001430970BJNE000600314"><metadaten><jurabk>FinAusglG1970DV 1</jurabk><enbez>Schlußformel</enbez></metadaten><textdaten><text format="XML"><Content><P><SP>Der Bundesminister der Finanzen</SP></P></Content></text></textdaten></norm>
</dokumente>