<?xml version="1.0" encoding="UTF-8" ?><!DOCTYPE dokumente SYSTEM "http://www.gesetze-im-internet.de/dtd/1.01/gii-norm.dtd">
<dokumente builddate="20120625150708" doknr="BJNR701500948"><norm builddate="20120625150708" doknr="BJNR701500948"><metadaten><jurabk>Münz1PfBek 1948</jurabk><ausfertigung-datum manuell="ja">1948-11-04</ausfertigung-datum><fundstelle typ="amtlich"><periodikum>Öff Anz</periodikum><zitstelle>1948, 15</zitstelle></fundstelle><langue>Bekanntmachung über die Ausprägung von Münzen im Nennwert von 1 Pfennig</langue></metadaten><textdaten><text format="XML"><Content><P/></Content></text><fussnoten><Content><P>(+++ Textnachweis Geltung ab:  1. 1.1964 +++)</P></Content></fussnoten></textdaten></norm>
<norm builddate="20120625150708" doknr="BJNR701500948BJNE000100317"><metadaten><jurabk>Münz1PfBek 1948</jurabk><enbez>(XXXX)</enbez></metadaten><textdaten><text format="XML"><Content><P>(1) Auf Grund des § 1 Abs. 1 des Zweiten Gesetzes zur Neuordnung des Geldwesens (Emissionsgesetz) werden demnächst neue auf 1 Pfennig lautende Münzen in Umlauf gesetzt.</P><P>(2) Die mit glattem Rand geprägten Münzen bestehen aus einem Eisenkern mit einer beiderseitigen Kupferplattierung. Die Münzen haben einen Durchmesser von 16,5 Millimeter und ein Gewicht von 2 Gramm.</P><P>(3) Die Münzen tragen auf der Wertseite innerhalb des erhabenen Randes in der oberen Hälfte beiderseits je eine Ährengarbe, zwischen deren oberen Enden sich das Münzzeichen befindet. Am unteren Rand ist in Balkenschrift das Wort &quot;PFENNIG&quot; angebracht. In der Mitte befindet sich als arabische Ziffer die Wertbezeichnung &quot;1&quot;.</P><P>(4) Auf der Schauseite befindet sich im oberen Teil innerhalb des erhabenen Randes in Balkenschrift die Umschrift &quot;BANK DEUTSCHER LÄNDER&quot; und am unteren Rand, durch je einen Punkt von der Umschrift getrennt, die Jahreszahl. Die Mitte zeigt einen aufrecht stehenden fünfblättrigen Eichenzweig.<BR/><SP>Bank deutscher Länder</SP></P></Content></text><fussnoten/></textdaten></norm>
</dokumente>