<?xml version="1.0" encoding="UTF-8" ?><!DOCTYPE dokumente SYSTEM "http://www.gesetze-im-internet.de/dtd/1.01/gii-norm.dtd">
<dokumente builddate="20141127220520" doknr="BJNR136320012"><norm builddate="20141127220520" doknr="BJNR136320012"><metadaten><jurabk>GTNSitzAbk</jurabk><ausfertigung-datum manuell="ja">2012-06-29</ausfertigung-datum><fundstelle typ="amtlich"><periodikum>BGBl II</periodikum><zitstelle>2012, 1363</zitstelle></fundstelle><langue>Abkommen zwischen der Bundesrepublik Deutschland und dem Globalen Treuhandfonds für Nutzpflanzenvielfalt über den Sitz des Globalen Treuhandfonds für Nutzpflanzenvielfalt</langue></metadaten><textdaten><fussnoten><Content><P><BR/> <pre xml:space="preserve">G v. 21.11.2012 II 1362<BR/> <BR/>Inkraft gem. Bek. v. 14.11.2013 II 1590 mWv 14.12.2012</pre></P></Content></fussnoten></textdaten></norm>
</dokumente>