<?xml version="1.0" encoding="UTF-8" ?><!DOCTYPE dokumente SYSTEM "http://www.gesetze-im-internet.de/dtd/1.01/gii-norm.dtd">
<dokumente builddate="20131008093833" doknr="BJNR204110985"><norm builddate="20131008093833" doknr="BJNR204110985"><metadaten><jurabk>KonkRVtr AUT</jurabk><ausfertigung-datum manuell="ja">1979-05-25</ausfertigung-datum><fundstelle typ="amtlich"><periodikum>BGBl II</periodikum><zitstelle>1985, 411</zitstelle></fundstelle><langue>Vertrag zwischen der Bundesrepublik Deutschland und der Republik
Österreich auf dem Gebiet des Konkurs- und Vergleichs-(Ausgleichs-)rechts</langue></metadaten><textdaten><text format="decorated"/><fussnoten><Content><P>G v. 4.3.1985 II 410 <BR/>Inkraft gem. Bek. v. 7.5.1985 II 712 mWv 1.7.1985</P></Content></fussnoten></textdaten></norm>
</dokumente>