<?xml version="1.0" encoding="UTF-8" ?><!DOCTYPE dokumente SYSTEM "http://www.gesetze-im-internet.de/dtd/1.01/gii-norm.dtd">
<dokumente builddate="20260105215536" doknr="BJNR00D0B0024"><norm builddate="20260105215536" doknr="BJNR00D0B0024"><metadaten><jurabk>GWStatG</jurabk><amtabk>GWStatG</amtabk><ausfertigung-datum manuell="ja">2024-01-17</ausfertigung-datum><fundstelle typ="amtlich"><periodikum>BGBl I</periodikum><zitstelle>2024, Nr. 13</zitstelle></fundstelle><langue>Gesetz über die Statistik zu globalen Wertschöpfungsketten</langue><standangabe checked="ja"><standtyp>Stand</standtyp><standkommentar>Geändert durch Art. 10 G v. 22.12.2025 I Nr. 354</standkommentar></standangabe></metadaten><textdaten><fussnoten><Content><P><BR/> <pre xml:space="preserve">(+++ Textnachweis ab: 23.1.2024 +++)<BR/><BR/></pre>(+++ EU-Vollzitate: vgl. Liste EU-Rechtsakte G v. 22.12.2025 I Nr. 354 +++) <BR/>Das G wurde als Artikel 1 des G v. 17.1.2024 I Nr. 13 vom Bundestag beschlossen. Es ist gem. Art. 4 dieses G am 23.1.2024 in Kraft getreten.</P></Content></fussnoten></textdaten></norm>
<norm builddate="20260105215536" doknr="BJNR00D0B0024BJNE000100000"><metadaten><jurabk>GWStatG</jurabk><enbez>§ 1</enbez><titel format="XML">Zweck der Statistik, Anordnung als Bundesstatistik</titel></metadaten><textdaten><text format="XML"><Content><P>(1) Die in diesem Gesetz geregelte statistische Erhebung dient <DL Type="arabic"><DT>1.</DT><DD Font="normal"><LA>der Gewinnung von Informationen über die Einbindung von Unternehmen in globale Wertschöpfungsketten,</LA></DD><DT>2.</DT><DD Font="normal"><LA>der Erfüllung von Datenlieferverpflichtungen, die sich aus der Verordnung (EU) 2019/2152 des Europäischen Parlaments und des Rates vom 27. November 2019 über europäische Unternehmensstatistiken, zur Aufhebung von zehn Rechtsakten im Bereich Unternehmensstatistiken (ABl. L 327 vom 17.12.2019, S. 1), die durch die Delegierte Verordnung (EU) 2021/1704 (ABl. L 339 vom 24.9.2021, S. 33) geändert worden ist, in der jeweils geltenden Fassung sowie aus den auf dieser Verordnung basierenden Rechtsakten ergeben.</LA></DD></DL></P><P>(2) Die Erhebung wird als Bundesstatistik durchgeführt.</P></Content></text></textdaten></norm>
<norm builddate="20260105215536" doknr="BJNR00D0B0024BJNE000201128"><metadaten><jurabk>GWStatG</jurabk><enbez>§ 2</enbez><titel format="XML">Begriffsbestimmungen</titel></metadaten><textdaten><text format="XML"><Content><P>Im Sinne dieses Gesetzes sind <DL Type="arabic"><DT>1.</DT><DD Font="normal"><LA>„Rechtliche Einheiten“ solche des Abschnitts II Buchstabe A Nummer 3 des Anhangs der Verordnung (EWG) Nr. 696/93 des Rates vom 15. März 1993 betreffend die statistischen Einheiten für die Beobachtung und Analyse der Wirtschaft in der Gemeinschaft (ABl. L 76 vom 30.3.1993, S. 1), die zuletzt durch die Verordnung (EG) Nr. 1137/2008 (ABl. L 311 vom 21.11.2008, S. 1) geändert worden ist, in der jeweils geltenden Fassung;</LA></DD><DT>2.</DT><DD Font="normal"><LA>„Unternehmen“ solche des Abschnitts III Buchstabe A des Anhangs der Verordnung (EWG) Nr. 696/93 in der jeweils geltenden Fassung;</LA></DD><DT>3.</DT><DD Font="normal"><LA>„Marktproduzenten“ solche des Kapitels 3 Nummer 3.24 des Anhangs A der Verordnung (EU) Nr. 549/2013 des Europäischen Parlaments und des Rates vom 21. Mai 2013 zum Europäischen System Volkswirtschaftlicher Gesamtrechnungen auf nationaler und regionaler Ebene in der Europäischen Union (ABl. L 174 vom 26.6.2013, S. 1), die durch die Delegierte Verordnung (EU) 2015/1342 (ABl. L 207 vom 4.8.2015, S. 35) geändert worden ist, in der jeweils geltenden Fassung;</LA></DD><DT>4.</DT><DD Font="normal"><LA>„Wirtschaftszweige“ solche nach der Untergliederung gemäß des Anhangs I der Verordnung (EG) Nr. 1893/2006 in Verbindung mit der vom Statistischen Bundesamt daraus erstellten Klassifikation der Wirtschaftszweige.</LA></DD></DL></P></Content></text><fussnoten><Content><P>(+++ EU-Vollzitate: vgl. Liste EU-Rechtsakte G v. 22.12.2025 I Nr. 354 +++)</P></Content></fussnoten></textdaten></norm>
<norm builddate="20260105215536" doknr="BJNR00D0B0024BJNE000300000"><metadaten><jurabk>GWStatG</jurabk><enbez>§ 3</enbez><titel format="XML">Erhebungseinheiten, Erhebungsbereiche</titel></metadaten><textdaten><text format="XML"><Content><P>(1) Erhebungseinheiten sind rechtliche Einheiten, bei denen es sich um Marktproduzenten handelt und bei denen die Zahl der Lohn- und Gehaltsempfänger und der Selbstständigen mindestens den Wert erreicht, der im Anhang der Durchführungsverordnung (EU) 2022/918 der Kommission vom 13. Juni 2022 zur Festlegung der technischen Spezifikationen der Datenanforderungen für das Thema „Globale Wertschöpfungsketten“ gemäß der Verordnung (EU) 2019/2152 des Europäischen Parlaments und des Rates (ABl. L 159 vom 14.6.2022, S. 43) in der jeweils geltenden Fassung aufgeführt ist. Die Zahl der Lohn- und Gehaltsempfänger und der Selbstständigen bezieht sich bei rechtlichen Einheiten, die zu einem Unternehmen gehören, das aus mehreren rechtlichen Einheiten besteht, auf das gesamte Unternehmen, ansonsten auf die rechtliche Einheit selbst.</P><P>(2) Die Erhebung erstreckt sich auf Erhebungseinheiten der im Anhang der Durchführungsverordnung (EU) 2022/918 in der jeweils geltenden Fassung genannten Wirtschaftszweige.</P></Content></text></textdaten></norm>
<norm builddate="20260105215536" doknr="BJNR00D0B0024BJNE000400000"><metadaten><jurabk>GWStatG</jurabk><enbez>§ 4</enbez><titel format="XML">Periodizität und Berichtszeitraum</titel></metadaten><textdaten><text format="XML"><Content><P>(1) Die Erhebung wird dreijährlich durchgeführt.</P><P>(2) Der Berichtszeitraum für eine Erhebung umfasst drei Kalenderjahre.</P><P>(3) Der erste Berichtszeitraum umfasst die Kalenderjahre 2021, 2022 und 2023.</P></Content></text></textdaten></norm>
<norm builddate="20260105215536" doknr="BJNR00D0B0024BJNE000500000"><metadaten><jurabk>GWStatG</jurabk><enbez>§ 5</enbez><titel format="XML">Art und Umfang der Erhebungen</titel></metadaten><textdaten><text format="XML"><Content><P>(1) Die Erhebung wird als Stichprobenerhebung durchgeführt. Die Erhebungseinheiten werden nach mathematisch-statistischen Verfahren ausgewählt.</P><P>(2) Die Erhebung wird bei höchstens 7 Prozent der in § 3 Absatz 2 genannten Erhebungseinheiten durchgeführt.</P><P>(3) Maßgebend für die Auswahl der einzubeziehenden Erhebungseinheiten sind die Daten, die im Statistikregister nach § 13 Absatz 1 des Bundesstatistikgesetzes zum Zeitpunkt der Auswahl gespeichert sind.</P></Content></text></textdaten></norm>
<norm builddate="20260105215536" doknr="BJNR00D0B0024BJNE000600000"><metadaten><jurabk>GWStatG</jurabk><enbez>§ 6</enbez><titel format="XML">Erhebungsmerkmale</titel></metadaten><textdaten><text format="XML"><Content><P>(1) Erhebungsmerkmale sind die Merkmale zu dem Thema „globale Wertschöpfungsketten“ nach der Verordnung (EU) 2019/2152 in der jeweils geltenden Fassung sowie nach der Durchführungsverordnung (EU) 2022/918 in der jeweils geltenden Fassung.</P><P>(2) Das Statistische Bundesamt stellt über öffentlich zugängliche Netze Informationen zu der Verordnung (EU) 2019/2152 in der jeweils geltenden Fassung sowie zu den Rechtsakten, die auf der Grundlage dieser Verordnung erlassen werden, in der jeweils geltenden Fassung bereit. Das Statistische Bundesamt informiert dabei insbesondere über <DL Type="arabic"><DT>1.</DT><DD Font="normal"><LA>die Erhebungseinheiten nach § 3,</LA></DD><DT>2.</DT><DD Font="normal"><LA>die Erhebungsbereiche nach § 3 sowie</LA></DD><DT>3.</DT><DD Font="normal"><LA>die Erhebungsmerkmale nach Absatz 1.</LA></DD></DL></P></Content></text></textdaten></norm>
<norm builddate="20260105215536" doknr="BJNR00D0B0024BJNE000700000"><metadaten><jurabk>GWStatG</jurabk><enbez>§ 7</enbez><titel format="XML">Hilfsmerkmale</titel></metadaten><textdaten><text format="XML"><Content><P>Hilfsmerkmale sind <DL Type="arabic"><DT>1.</DT><DD Font="normal"><LA>Bezeichnung oder Name und Anschrift der Erhebungseinheit,</LA></DD><DT>2.</DT><DD Font="normal"><LA>Name und Kontaktdaten der für Rückfragen zur Verfügung stehenden Personen.</LA></DD></DL></P></Content></text></textdaten></norm>
<norm builddate="20260105215536" doknr="BJNR00D0B0024BJNE000800000"><metadaten><jurabk>GWStatG</jurabk><enbez>§ 8</enbez><titel format="XML">Auskunftspflicht</titel></metadaten><textdaten><text format="XML"><Content><P>Für die Erhebung besteht Auskunftspflicht. Auskunftspflichtig sind die Inhaber und Inhaberinnen oder die Leiter und Leiterinnen der Erhebungseinheiten. Die Auskunftserteilung zu den Angaben nach § 7 Nummer 2 ist freiwillig.</P></Content></text></textdaten></norm>
<norm builddate="20260105215536" doknr="BJNR00D0B0024BJNE000900000"><metadaten><jurabk>GWStatG</jurabk><enbez>§ 9</enbez><titel format="XML">Übermittlungsregelung</titel></metadaten><textdaten><text format="XML"><Content><P>(1) Das Statistische Bundesamt und die statistischen Ämter der Länder dürfen den obersten Bundes- und Landesbehörden für die Verwendung gegenüber den gesetzgebenden Körperschaften und für Zwecke der Planung, jedoch nicht für die Regelung von Einzelfällen, Tabellen mit statistischen Ergebnissen übermitteln, auch wenn Tabellenfelder nur einen einzigen Fall ausweisen.</P><P>(2) Das Statistische Bundesamt übermittelt den statistischen Ämtern der Länder die Einzeldatensätze für ihr Land für Sonderaufbereitungen auf regionaler Ebene.</P></Content></text></textdaten></norm>
<norm builddate="20260105215536" doknr="BJNR00D0B0024BJNE001000000"><metadaten><jurabk>GWStatG</jurabk><enbez>§ 10</enbez><titel format="XML">Durchführung</titel></metadaten><textdaten><text format="XML"><Content><P>Die Statistik wird vom Statistischen Bundesamt durchgeführt.</P></Content></text></textdaten></norm>
<norm builddate="20260105215536" doknr="BJNR00D0B0024BJNE001100000"><metadaten><jurabk>GWStatG</jurabk><enbez>§ 11</enbez><titel format="XML">Verordnungsermächtigung</titel></metadaten><textdaten><text format="XML"><Content><P>Das Bundesministerium für Wirtschaft und Klimaschutz wird ermächtigt, durch Rechtsverordnung ohne Zustimmung des Bundesrates, soweit dies zur Umsetzung oder Durchführung von Rechtsakten der Europäischen Union erforderlich ist, <DL Type="arabic"><DT>1.</DT><DD Font="normal"><LA>die Erhebung von Hilfsmerkmalen und Erhebungsmerkmalen abweichend von § 6 Absatz 1 anzuordnen, sowie</LA></DD><DT>2.</DT><DD Font="normal"><LA>Erhebungseinheiten und Erhebungsbereiche abweichend von § 3 festzulegen.</LA></DD></DL></P></Content></text></textdaten></norm>
</dokumente>