<?xml version="1.0" encoding="UTF-8" ?><!DOCTYPE dokumente SYSTEM "http://www.gesetze-im-internet.de/dtd/1.01/gii-norm.dtd">
<dokumente builddate="20250318223503" doknr="BJNR283600019"><norm builddate="20250318223503" doknr="BJNR283600019"><metadaten><jurabk>KaFbMstrV 2020</jurabk><amtabk>KaFbMstrV</amtabk><ausfertigung-datum manuell="ja">2019-12-17</ausfertigung-datum><fundstelle typ="amtlich"><periodikum>BGBl I</periodikum><zitstelle>2019, 2836</zitstelle></fundstelle><kurzue>Karosserie- und Fahrzeugbauermeisterverordnung</kurzue><langue>Verordnung über die Meisterprüfung in den Teilen I und II im Karosserie- und Fahrzeugbauer-Handwerk</langue><standangabe checked="ja"><standtyp>Stand</standtyp><standkommentar>Zuletzt geändert durch Art. 1 V v. 11.3.2025 I Nr. 79</standkommentar></standangabe><standangabe checked="ja"><standtyp>Sonst</standtyp><standkommentar>Ersetzt V 7110-3-153 v. 8.5.2003 I 668 (KaFbMstrV 2003)</standkommentar></standangabe></metadaten><textdaten><fussnoten><Content><P><BR/> <pre xml:space="preserve">(+++ Textnachweis ab: 1.7.2020 +++)<BR/><BR/></pre></P></Content></fussnoten></textdaten></norm>
<norm builddate="20250318223503" doknr="BJNR283600019BJNE000100000"><metadaten><jurabk>KaFbMstrV 2020</jurabk><jurabk>KaFbMstrV</jurabk><enbez>Eingangsformel</enbez></metadaten><textdaten><text format="XML"><Content><P>Auf Grund des § 45 Absatz 1 der Handwerksordnung in der Fassung der Bekanntmachung vom 24. September 1998 (BGBl. I S. 3074; 2006 I S. 2095), der zuletzt durch Artikel 283 der Verordnung vom 31. August 2015 (BGBl. I S. 1474) geändert worden ist, verordnet das Bundesministerium für Wirtschaft und Energie im Einvernehmen mit dem Bundesministerium für Bildung und Forschung:</P></Content></text></textdaten></norm>
<norm builddate="20250318223503" doknr="BJNR283600019BJNE000200000"><metadaten><jurabk>KaFbMstrV 2020</jurabk><jurabk>KaFbMstrV</jurabk><enbez>§ 1</enbez><titel format="XML">Gegenstand</titel></metadaten><textdaten><text format="XML"><Content><P>Diese Verordnung regelt das Meisterprüfungsberufsbild sowie die in der Prüfung in den Teilen I und II der Meisterprüfung im Karosserie- und Fahrzeugbauer-Handwerk zu stellenden Anforderungen.</P></Content></text></textdaten></norm>
<norm builddate="20250318223503" doknr="BJNR283600019BJNE000301128"><metadaten><jurabk>KaFbMstrV 2020</jurabk><jurabk>KaFbMstrV</jurabk><enbez>§ 2</enbez><titel format="XML">Meisterprüfungsberufsbild</titel></metadaten><textdaten><text format="XML"><Content><P>In den Teilen I und II der Meisterprüfung im Karosserie- und Fahrzeugbauer-Handwerk hat der Prüfling den Teil seiner beruflichen Handlungskompetenz nachzuweisen, der sich auf wesentliche Tätigkeiten seines Gewerbes und die erforderlichen fachtheoretischen Kenntnisse bezieht. Grundlage dafür sind folgende Fertigkeiten und Kenntnisse: <DL Font="normal" Type="arabic"><DT>1.</DT><DD Font="normal"><LA Size="normal">einen Karosserie- und Fahrzeugbauerbetrieb führen und organisieren und dabei technische, kaufmännische sowie personalwirtschaftliche Entscheidungen treffen und begründen, insbesondere unter Berücksichtigung <DL Font="normal" Type="alpha"><DT>a)</DT><DD Font="normal"><LA Size="normal">der Kostenstrukturen,</LA></DD><DT>b)</DT><DD Font="normal"><LA Size="normal">der Wettbewerbssituation,</LA></DD><DT>c)</DT><DD Font="normal"><LA Size="normal">der betrieblichen Aus- und Weiterbildung,</LA></DD><DT>d)</DT><DD Font="normal"><LA Size="normal">der Betriebsorganisation,</LA></DD><DT>e)</DT><DD Font="normal"><LA Size="normal">des Qualitätsmanagements,</LA></DD><DT>f)</DT><DD Font="normal"><LA Size="normal">des Arbeitsschutzrechtes,</LA></DD><DT>g)</DT><DD Font="normal"><LA Size="normal">des Datenschutzes,</LA></DD><DT>h)</DT><DD Font="normal"><LA Size="normal">der Datenverarbeitung,</LA></DD><DT>i)</DT><DD Font="normal"><LA Size="normal">des Umweltschutzes,</LA></DD><DT>j)</DT><DD Font="normal"><LA Size="normal">der Ressourceneffizienz und</LA></DD><DT>k)</DT><DD Font="normal"><LA Size="normal">technologischer sowie gesellschaftlicher Entwicklungen, insbesondere digitaler Technologien,</LA></DD></DL></LA></DD><DT>2.</DT><DD Font="normal"><LA Size="normal">Konzepte für Betriebsstätten einschließlich Betriebs- und Lagerausstattung sowie für logistische Geschäfts- und Arbeitsprozesse entwickeln und umsetzen,</LA></DD><DT>3.</DT><DD Font="normal"><LA Size="normal">Kundenwünsche und jeweilige auftragsbezogene Rahmenbedingungen ermitteln, Anforderungen ableiten, Kunden beraten, Serviceleistungen in den Bereichen Karosserieinstandhaltungstechnik, Karosserie- und Fahrzeugbautechnik sowie Caravan- und Reisemobiltechnik anbieten, Lösungen entwickeln, Verhandlungen führen und Ziele festlegen, Leistungen kalkulieren und Angebote erstellen sowie Verträge schließen,</LA></DD><DT>4.</DT><DD Font="normal"><LA Size="normal">Geschäfts- und Arbeitsprozesse zur Leistungserbringung planen, organisieren und überwachen,</LA></DD><DT>5.</DT><DD Font="normal"><LA Size="normal">Leistungen erbringen, insbesondere <DL Font="normal" Type="alpha"><DT>a)</DT><DD Font="normal"><LA Size="normal">Fahrzeuge, Baugruppen sowie deren Systeme und Bauteile identifizieren und prüfen,</LA></DD><DT>b)</DT><DD Font="normal"><LA Size="normal">Schäden und Mängel an Baugruppen, Bauteilen, Antrieben und Fahrzeugaufbauten ermitteln, Instandhaltungsmaßnahmen beurteilen, Instandhaltungsalternativen vorschlagen, Instandhaltungsmaßnahmen festlegen und Instandhaltungen durchführen,</LA></DD><DT>c)</DT><DD Font="normal"><LA Size="normal">elektrische, elektronische, mechanische, hydraulische, pneumatische und optoelektronische Systeme, insbesondere Assistenz-, Komfort- und Sicherheitssysteme, prüfen, einstellen und instand halten,</LA></DD><DT>d)</DT><DD Font="normal"><LA Size="normal">Prüf-, Steuerungs-, Regelungs- und Messtechniken anwenden,</LA></DD><DT>e)</DT><DD Font="normal"><LA Size="normal">Fahrzeuge, Karosserien, Fahrzeugaufbauten und deren Baugruppen sowie Bauteile unter Beachtung statischer und dynamischer Anforderungen entwerfen, planen, konstruieren, gestalten, herstellen, wiederherstellen und instand halten, einschließlich der Beschichtung und des Korrosionsschutzes,</LA></DD><DT>f)</DT><DD Font="normal"><LA Size="normal">Ausbau-, Umbau- und Nachrüstarbeiten durchführen, überprüfen und dokumentieren sowie</LA></DD><DT>g)</DT><DD Font="normal"><LA Size="normal">Softwarestände ermitteln, aktualisieren sowie elektronische Systeme und Bauteile codieren und kalibrieren,</LA></DD></DL></LA></DD><DT>6.</DT><DD Font="normal"><LA Size="normal">technische, organisatorische und rechtliche Gesichtspunkte bei der Leistungserbringung berücksichtigen, insbesondere <DL Font="normal" Type="alpha"><DT>a)</DT><DD Font="normal"><LA Size="normal">Verfahren zur Oberflächenbehandlung, einschließlich der Verwendung lösemittelarmer und lösemittelfreier Produkte,</LA></DD><DT>b)</DT><DD Font="normal"><LA Size="normal">manuelle, maschinelle und programmgesteuerte Bearbeitungs- und Verarbeitungsverfahren, insbesondere Techniken zum Richten, Ausbeulen, Rückverformen, Urformen, Umformen, Trennen, Fügen und Beschichten, sowie deren Wechselwirkungen mit den Eigenschaften der zu bearbeitenden und verarbeitenden Werkstoffe,</LA></DD><DT>c)</DT><DD Font="normal"><LA Size="normal">die berufsbezogenen Rechtsvorschriften, technischen Normen, fachlichen Vorschriften und die Vorgaben der Fahrzeughersteller,</LA></DD><DT>d)</DT><DD Font="normal"><LA Size="normal">die allgemein anerkannten Regeln der Technik,</LA></DD><DT>e)</DT><DD Font="normal"><LA Size="normal">das einzusetzende Personal sowie die Materialien, die Geräte, Maschinen und Werkzeuge sowie</LA></DD><DT>f)</DT><DD Font="normal"><LA Size="normal">die Möglichkeiten zum Einsatz von Auszubildenden,</LA></DD></DL></LA></DD><DT>7.</DT><DD Font="normal"><LA Size="normal">Arbeitspläne und Ablaufplanungen, Skizzen, Konstruktionen, technische Zeichnungen, insbesondere mit rechnergestützten Systemen, erstellen sowie rechnergestützte Simulationen durchführen,</LA></DD><DT>8.</DT><DD Font="normal"><LA Size="normal">Prüfmittel, Schablonen und Rezepturen von Werk- und Beschichtungsstoffen, auch unter Einsatz von Informations- und Kommunikationstechnologien, erstellen, bewerten und korrigieren,</LA></DD><DT>9.</DT><DD Font="normal"><LA Size="normal">Arten und Eigenschaften von zu bearbeitenden und verarbeitenden Materialien berücksichtigen, insbesondere Metalle, Kunststoffe, Holz, Glas und Verbundwerkstoffe,</LA></DD><DT>10.</DT><DD Font="normal"><LA Size="normal">Unteraufträge, insbesondere unter Berücksichtigung von Qualität und Rechtsvorschriften, vergeben und deren Ausführung kontrollieren,</LA></DD><DT>11.</DT><DD Font="normal"><LA Size="normal">Qualitätskontrollen durchführen, Fehler, Mängel und Störungen analysieren und beseitigen, Ergebnisse bewerten und dokumentieren,</LA></DD><DT>12.</DT><DD Font="normal"><LA Size="normal">Funktion von Fahrzeugen sowie deren Baugruppen und Bauteile prüfen, bewerten und dokumentieren sowie</LA></DD><DT>13.</DT><DD Font="normal"><LA Size="normal">erbrachte Leistungen kontrollieren, dokumentieren und übergeben sowie Nachkalkulationen durchführen, Auftragsabwicklung auswerten und Abnahmeprotokolle erstellen.</LA></DD></DL></P></Content></text><fussnoten/></textdaten></norm>
<norm builddate="20250318223503" doknr="BJNR283600019BJNE000400000"><metadaten><jurabk>KaFbMstrV 2020</jurabk><jurabk>KaFbMstrV</jurabk><enbez>§ 3</enbez><titel format="XML">Ziel und Gliederung der Prüfung in Teil I</titel></metadaten><textdaten><text format="XML"><Content><P>(1) In der Prüfung in Teil I hat der Prüfling umfängliche und zusammenhängende berufliche Aufgaben zu lösen und dabei nachzuweisen, dass er wesentliche Tätigkeiten des Karosserie- und Fahrzeugbauer-Handwerks meisterhaft verrichtet.</P><P>(2) Die Prüfung in Teil I gliedert sich in folgende Prüfungsbereiche: <DL Type="arabic"><DT>1.</DT><DD Font="normal"><LA>ein Meisterprüfungsprojekt nach § 4 und ein darauf bezogenes Fachgespräch nach § 5 sowie</LA></DD><DT>2.</DT><DD Font="normal"><LA>eine Situationsaufgabe nach § 6.</LA></DD></DL></P></Content></text></textdaten></norm>
<norm builddate="20250318223503" doknr="BJNR283600019BJNE000501128"><metadaten><jurabk>KaFbMstrV 2020</jurabk><jurabk>KaFbMstrV</jurabk><enbez>§ 4</enbez><titel format="XML">Meisterprüfungsprojekt</titel></metadaten><textdaten><text format="XML"><Content><P>(1) Der Prüfling hat ein Meisterprüfungsprojekt durchzuführen, das einem Kundenauftrag entspricht. Das Meisterprüfungsprojekt besteht aus Planungs-, Durchführungs-, Kontroll- und Dokumentationsarbeiten.</P><P>(2) Als Meisterprüfungsprojekt ist nach Wahl des Prüflings eine der folgenden Aufgaben zu erledigen: <DL Font="normal" Type="arabic"><DT>1.</DT><DD Font="normal"><LA Size="normal">eine Aufgabe im Bereich der Karosserieinstandhaltungstechnik, bestehend aus folgenden Arbeiten: <DL Font="normal" Type="alpha"><DT>a)</DT><DD Font="normal"><LA Size="normal">Planungsarbeiten: <DL Font="normal" Type="a-alpha"><DT>aa)</DT><DD Font="normal"><LA Size="normal">Schäden an Karosserie und Fahrwerk analysieren,</LA></DD><DT>bb)</DT><DD Font="normal"><LA Size="normal">eine rechnergestützte Schadenskalkulation erstellen, Instandsetzungsalternativen beurteilen und den Instandsetzungsweg unter Beachtung des Schadensumfangs bestimmen und begründen sowie</LA></DD><DT>cc)</DT><DD Font="normal"><LA Size="normal">einen Arbeitsplan erstellen,</LA></DD></DL></LA></DD><DT>b)</DT><DD Font="normal"><LA Size="normal">im Rahmen der Durchführungsarbeiten auf der Grundlage der Planungsarbeiten nach Buchstabe a <DL Font="normal" Type="a-alpha"><DT>aa)</DT><DD Font="normal"><LA Size="normal">eine Karosserie und ein Fahrwerk vermessen,</LA></DD><DT>bb)</DT><DD Font="normal"><LA Size="normal">eine Karosserie oder Teile davon instand setzen,</LA></DD><DT>cc)</DT><DD Font="normal"><LA Size="normal">das vermessene Fahrwerk instand setzen sowie</LA></DD><DT>dd)</DT><DD Font="normal"><LA Size="normal">einen Teilersatz anfertigen und</LA></DD></DL></LA></DD><DT>c)</DT><DD Font="normal"><LA Size="normal">im Rahmen der Kontroll- und Dokumentationsarbeiten auf der Grundlage der Durchführungsarbeiten nach Buchstabe b <DL Font="normal" Type="a-alpha"><DT>aa)</DT><DD Font="normal"><LA Size="normal">Prüfergebnisse protokollieren und auswerten sowie</LA></DD><DT>bb)</DT><DD Font="normal"><LA Size="normal">abschließende Kontrollen durchführen und Ergebnisse bewerten,</LA></DD></DL></LA></DD></DL></LA></DD><DT>2.</DT><DD Font="normal"><LA Size="normal">eine Aufgabe im Bereich der Karosserie- und Fahrzeugbautechnik, bestehend aus folgenden Arbeiten: <DL Font="normal" Type="alpha"><DT>a)</DT><DD Font="normal"><LA Size="normal">Planungsarbeiten: <DL Font="normal" Type="a-alpha"><DT>aa)</DT><DD Font="normal"><LA Size="normal">ein Bauteil einer Fahrwerksbaugruppe, einer Karosseriebaugruppe oder einer Fahrzeugbaugruppe rechnergestützt entwerfen, planen, konstruieren und gestalten,</LA></DD><DT>bb)</DT><DD Font="normal"><LA Size="normal">eine rechnergestützte Angebotskalkulation erarbeiten sowie</LA></DD><DT>cc)</DT><DD Font="normal"><LA Size="normal">einen Arbeitsplan erarbeiten,</LA></DD></DL></LA></DD><DT>b)</DT><DD Font="normal"><LA Size="normal">im Rahmen der Durchführungsarbeiten auf der Grundlage der Planungsarbeiten nach Buchstabe a ein Fahrwerkbauteil, ein Karosseriebauteil oder ein Fahrzeugbauteil herstellen und</LA></DD><DT>c)</DT><DD Font="normal"><LA Size="normal">im Rahmen der Kontroll- und Dokumentationsarbeiten auf der Grundlage der Durchführungsarbeiten nach Buchstabe b <DL Font="normal" Type="a-alpha"><DT>aa)</DT><DD Font="normal"><LA Size="normal">Kontrollen am hergestellten Fahrwerkbauteil, Karosseriebauteil oder Fahrzeugbauteil durchführen,</LA></DD><DT>bb)</DT><DD Font="normal"><LA Size="normal">Prüfprotokolle erstellen sowie</LA></DD><DT>cc)</DT><DD Font="normal"><LA Size="normal">Ergebnisse bewerten oder</LA></DD></DL></LA></DD></DL></LA></DD><DT>3.</DT><DD Font="normal"><LA Size="normal">eine Aufgabe im Bereich der Caravan- und Reisemobiltechnik, bestehend aus folgenden Arbeiten: <DL Font="normal" Type="alpha"><DT>a)</DT><DD Font="normal"><LA Size="normal">Planungsarbeiten: <DL Font="normal" Type="a-alpha"><DT>aa)</DT><DD Font="normal"><LA Size="normal">Schäden an einem Caravan oder an einem Reisemobil, jeweils mit Sandwichplattenaufbau, analysieren,</LA></DD><DT>bb)</DT><DD Font="normal"><LA Size="normal">eine rechnergestützte Schadenskalkulation erstellen, Instandsetzungsalternativen beurteilen und den Instandsetzungsweg unter Beachtung des Schadensumfangs bestimmen und begründen sowie</LA></DD><DT>cc)</DT><DD Font="normal"><LA Size="normal">einen Arbeitsplan erstellen,</LA></DD></DL></LA></DD><DT>b)</DT><DD Font="normal"><LA Size="normal">im Rahmen der Durchführungsarbeiten auf der Grundlage der Planungsarbeiten nach Buchstabe a <DL Font="normal" Type="a-alpha"><DT>aa)</DT><DD Font="normal"><LA Size="normal">ein Caravan oder ein Reisemobil, jeweils mit Sandwichplattenaufbau, oder Teile davon instand setzen sowie</LA></DD><DT>bb)</DT><DD Font="normal"><LA Size="normal">eine Flüssiggasanlage oder Teile davon außerbetrieb nehmen, instand setzen, prüfen und wieder in Betrieb nehmen und</LA></DD></DL></LA></DD><DT>c)</DT><DD Font="normal"><LA Size="normal">im Rahmen der Kontroll- und Dokumentationsarbeiten auf der Grundlage der Durchführungsarbeiten nach Buchstabe b <DL Font="normal" Type="a-alpha"><DT>aa)</DT><DD Font="normal"><LA Size="normal">Kontrollen durchführen,</LA></DD><DT>bb)</DT><DD Font="normal"><LA Size="normal">Prüfprotokolle erstellen und</LA></DD><DT>cc)</DT><DD Font="normal"><LA Size="normal">Ergebnisse bewerten.</LA></DD></DL></LA></DD></DL></LA></DD></DL></P><P>(3) Die auftragsbezogenen Anforderungen an das Meisterprüfungsprojekt im Einzelnen werden vom Meisterprüfungsausschuss festgelegt.</P><P>(4) Anhand der Anforderungen erarbeitet der Prüfling ein Umsetzungskonzept für den Kundenauftrag einschließlich einer Zeitplanung und einer Materialbedarfsplanung. Das Umsetzungskonzept hat er vor der Durchführung des Meisterprüfungsprojekts dem Meisterprüfungsausschuss zur Genehmigung vorzulegen. Der Meisterprüfungsausschuss prüft, ob das Umsetzungskonzept den auftragsbezogenen Anforderungen entspricht.</P><P>(5) Für die Bearbeitung des Meisterprüfungsprojekts stehen dem Prüfling vier Arbeitstage zur Verfügung.</P><P>(6) Für die Bewertung des Meisterprüfungsprojekts nach Absatz 2 Nummer 1 werden die einzelnen Bestandteile wie folgt gewichtet: <DL Font="normal" Type="arabic"><DT>1.</DT><DD Font="normal"><LA Size="normal">die Planungsarbeiten anhand der Planungsunterlagen, bestehend aus einer rechnergestützten Schadenskalkulation, der Beurteilung der Instandsetzungsalternativen, der Begründung des Instandsetzungsweges und einem Arbeitsplan, mit 30 Prozent,</LA></DD><DT>2.</DT><DD Font="normal"><LA Size="normal">die Durchführungsarbeiten, bestehend aus Instandsetzung, Vermessungen der Karosserie und des Fahrwerks, mit 60 Prozent,</LA></DD><DT>3.</DT><DD Font="normal"><LA Size="normal">die Kontroll- und die Dokumentationsarbeiten anhand der Dokumentationsunterlagen, bestehend aus den Prüfprotokollen und der Bewertung der Ergebnisse, mit 10 Prozent.</LA></DD></DL></P><P>(7) Für die Bewertung des Meisterprüfungsprojekts nach Absatz 2 Nummer 2 werden die einzelnen Bestandteile wie folgt gewichtet: <DL Font="normal" Type="arabic"><DT>1.</DT><DD Font="normal"><LA Size="normal">die Planungsarbeiten anhand der Planungsunterlagen, bestehend aus Entwurf, Planung, Konstruktion und Angebotskalkulation sowie des Arbeitsplans, mit 30 Prozent,</LA></DD><DT>2.</DT><DD Font="normal"><LA Size="normal">die Durchführungsarbeiten des Meisterprüfungsprojekts anhand des angefertigten Fahrwerks-, Karosserie- oder Fahrzeugbauteils mit 60 Prozent,</LA></DD><DT>3.</DT><DD Font="normal"><LA Size="normal">die Kontroll- und Dokumentationsarbeiten anhand der Dokumentationsunterlagen, bestehend aus den Prüfprotokollen sowie der Bewertung der Ergebnisse, mit 10 Prozent.</LA></DD></DL></P><P>(8) Für die Bewertung des Meisterprüfungsprojekts nach Absatz 2 Nummer 3 werden die einzelnen Bestandteile wie folgt gewichtet: <DL Font="normal" Type="arabic"><DT>1.</DT><DD Font="normal"><LA Size="normal">die Planungsarbeiten anhand der Planungsunterlagen, bestehend aus einer rechnergestützten Schadenskalkulation, der Beurteilung der Instandsetzungsalternativen, der Begründung des Instandsetzungsweges und einem Arbeitsplan, mit 30 Prozent,</LA></DD><DT>2.</DT><DD Font="normal"><LA Size="normal">die Durchführungsarbeiten, bestehend aus Instandsetzung des Caravans oder des Reisemobils und der Flüssiggasanlage, mit 60 Prozent,</LA></DD><DT>3.</DT><DD Font="normal"><LA Size="normal">die Kontroll- und die Dokumentationsarbeiten anhand der Dokumentationsunterlagen, bestehend aus den Prüfprotokollen und der Bewertung der Ergebnisse, mit 10 Prozent.</LA></DD></DL></P></Content></text><fussnoten/></textdaten></norm>
<norm builddate="20250318223503" doknr="BJNR283600019BJNE000600000"><metadaten><jurabk>KaFbMstrV 2020</jurabk><jurabk>KaFbMstrV</jurabk><enbez>§ 5</enbez><titel format="XML">Fachgespräch</titel></metadaten><textdaten><text format="XML"><Content><P>(1) Im Fachgespräch hat der Prüfling nachzuweisen, dass er in der Lage ist, <DL Type="arabic"><DT>1.</DT><DD Font="normal"><LA>die fachlichen Zusammenhänge aufzuzeigen, die dem Meisterprüfungsprojekt zugrunde liegen,</LA></DD><DT>2.</DT><DD Font="normal"><LA>Kunden zu beraten, insbesondere im Hinblick auf den jeweiligen Kundenwunsch; dabei hat der Prüfling wirtschaftliche Gesichtspunkte sowie rechtliche und technische Anforderungen in das Beratungsgespräch einzubeziehen,</LA></DD><DT>3.</DT><DD Font="normal"><LA>sein Vorgehen bei der Planung und Durchführung des Meisterprüfungsprojekts zu begründen und</LA></DD><DT>4.</DT><DD Font="normal"><LA>mit dem Meisterprüfungsprojekt verbundene berufsbezogene Probleme sowie deren Lösungen darzustellen und dabei aktuelle Entwicklungen im Karosserie- und Fahrzeugbauer-Handwerk zu berücksichtigen.</LA></DD></DL></P><P>(2) Das Fachgespräch soll höchstens 30 Minuten dauern.</P></Content></text></textdaten></norm>
<norm builddate="20250318223503" doknr="BJNR283600019BJNE000701128"><metadaten><jurabk>KaFbMstrV 2020</jurabk><jurabk>KaFbMstrV</jurabk><enbez>§ 6</enbez><titel format="XML">Situationsaufgabe</titel></metadaten><textdaten><text format="XML"><Content><P>(1) Die Situationsaufgabe orientiert sich an einem Kundenauftrag und vervollständigt den Nachweis der beruflichen Handlungskompetenz für die Meisterprüfung im Karosserie- und Fahrzeugbauer-Handwerk.</P><P>(2) Die Situationsaufgabe wird vom Meisterprüfungsausschuss festgelegt. Der Meisterprüfungsausschuss wählt für die Situationsaufgabe vier der folgenden Arbeiten aus, die nicht Bestandteil des Meisterprüfungsprojekts waren. Dabei hat er mindestens drei der Arbeiten nach Nummer 1 Buchstabe a bis k sowie höchstens eine der Arbeiten nach Nummer 2 Buchstabe a oder Buchstabe b auszuwählen: <DL Font="normal" Type="arabic"><DT>1.</DT><DD Font="normal"><LA Size="normal">Fehler und Störungen an folgenden Systemen feststellen und beheben: <DL Font="normal" Type="alpha"><DT>a)</DT><DD Font="normal"><LA Size="normal">Bordnetzsystemen,</LA></DD><DT>b)</DT><DD Font="normal"><LA Size="normal">Beleuchtungssystemen,</LA></DD><DT>c)</DT><DD Font="normal"><LA Size="normal">hydraulisch oder pneumatisch gesteuerten Systemen sowie Betätigungseinrichtungen,</LA></DD><DT>d)</DT><DD Font="normal"><LA Size="normal">Fahrzeugsicherheitssystemen,</LA></DD><DT>e)</DT><DD Font="normal"><LA Size="normal">Bremssystemen,</LA></DD><DT>f)</DT><DD Font="normal"><LA Size="normal">Lenkungssystemen,</LA></DD><DT>g)</DT><DD Font="normal"><LA Size="normal">Komfortsystemen,</LA></DD><DT>h)</DT><DD Font="normal"><LA Size="normal">Hochvoltsystemen,</LA></DD><DT>i)</DT><DD Font="normal"><LA Size="normal">Assistenzsystemen,</LA></DD><DT>j)</DT><DD Font="normal"><LA Size="normal">Niedervoltsystemen in Fahrzeugen oder</LA></DD><DT>k)</DT><DD Font="normal"><LA Size="normal">Photovoltaiksystemen in Fahrzeugen,</LA></DD></DL></LA></DD><DT>2.</DT><DD Font="normal"><LA Size="normal">im Rahmen von Lackarbeiten: <DL Font="normal" Type="alpha"><DT>a)</DT><DD Font="normal"><LA Size="normal">die vorhandene Beschichtung eines Bauteils beurteilen und bewerten, den Lack aufbereiten und mit einer Konservierung versehen oder</LA></DD><DT>b)</DT><DD Font="normal"><LA Size="normal">ein Bauteil mit einer Beschichtung versehen.</LA></DD></DL></LA></DD></DL></P><P>(3) Für die Bearbeitung der Situationsaufgabe stehen dem Prüfling sechs Stunden zur Verfügung.</P><P>(4) Jede der nach Absatz 2 Satz 2 ausgewählten und durchgeführten Arbeiten wird gesondert bewertet. Die Gesamtbewertung der Situationsaufgabe entspricht dem arithmetischen Mittel der Bewertungen der ausgeführten Arbeiten nach Absatz 2.</P></Content></text><fussnoten/></textdaten></norm>
<norm builddate="20250318223503" doknr="BJNR283600019BJNE000800000"><metadaten><jurabk>KaFbMstrV 2020</jurabk><jurabk>KaFbMstrV</jurabk><enbez>§ 7</enbez><titel format="XML">Gewichtung; Bestehen der Prüfung in Teil I</titel></metadaten><textdaten><text format="XML"><Content><P>(1) Das Meisterprüfungsprojekt, das Fachgespräch und die Situationsaufgabe werden gesondert bewertet. Für das Gesamtergebnis der Prüfung in Teil I der Meisterprüfung werden zunächst die Bewertung des Meisterprüfungsprojekts und die Bewertung des Fachgesprächs im Verhältnis 3:1 gewichtet. Anschließend wird das hieraus folgende Ergebnis mit der Bewertung der Situationsaufgabe im Verhältnis 2:1 gewichtet.</P><P>(2) Der Prüfling hat den Teil I der Meisterprüfung bestanden, wenn <DL Type="arabic"><DT>1.</DT><DD Font="normal"><LA>das Meisterprüfungsprojekt, das Fachgespräch und die Situationsaufgabe jeweils mit mindestens 30 Punkten bewertet worden ist und</LA></DD><DT>2.</DT><DD Font="normal"><LA>das Gesamtergebnis der Prüfung mindestens „ausreichend“ ist.</LA></DD></DL></P></Content></text></textdaten></norm>
<norm builddate="20250318223503" doknr="BJNR283600019BJNE000900000"><metadaten><jurabk>KaFbMstrV 2020</jurabk><jurabk>KaFbMstrV</jurabk><enbez>§ 8</enbez><titel format="XML">Ziel und Gliederung der Prüfung in Teil II</titel></metadaten><textdaten><text format="XML"><Content><P>(1) In Teil II der Meisterprüfung hat der Prüfling umfängliche und zusammenhängende berufliche Aufgaben zu lösen und dabei nachzuweisen, dass er die erforderlichen fachtheoretischen Kenntnisse im Karosserie- und Fahrzeugbauer-Handwerk anwendet. Grundlage für den Nachweis bilden die Qualifikationen in folgenden Handlungsfeldern: <DL Type="arabic"><DT>1.</DT><DD Font="normal"><LA>nach Maßgabe des § 9 „Anforderungen von Kunden eines Karosserie- und Fahrzeugbauerbetriebs analysieren, Lösungen erarbeiten und anbieten“,</LA></DD><DT>2.</DT><DD Font="normal"><LA>nach Maßgabe des § 10 „Leistungen eines Karosserie- und Fahrzeugbauerbetriebs erbringen, kontrollieren und übergeben“ und</LA></DD><DT>3.</DT><DD Font="normal"><LA>nach Maßgabe des § 11 „Einen Karosserie- und Fahrzeugbauerbetrieb führen und organisieren“.</LA></DD></DL></P><P>(2) Der Prüfling hat in jedem der Handlungsfelder mindestens eine fallbezogene Aufgabe zu bearbeiten, die den Anforderungen des Absatzes 1 entspricht. Bei jeder Aufgabenstellung können die Qualifikationen der drei Handlungsfelder handlungsfeldübergreifend verknüpft werden.</P><P>(3) Die Aufgaben sind schriftlich zu bearbeiten.</P><P>(4) Für die Bearbeitung der Aufgaben stehen dem Prüfling in jedem Handlungsfeld drei Stunden zur Verfügung. Eine Prüfungsdauer von sechs Stunden an einem Tag darf nicht überschritten werden.</P></Content></text></textdaten></norm>
<norm builddate="20250318223503" doknr="BJNR283600019BJNE001001128"><metadaten><jurabk>KaFbMstrV 2020</jurabk><jurabk>KaFbMstrV</jurabk><enbez>§ 9</enbez><titel format="XML">Handlungsfeld „Anforderungen von Kunden eines Karosserie- und Fahrzeugbauerbetriebs analysieren, Lösungen erarbeiten und anbieten“</titel></metadaten><textdaten><text format="XML"><Content><P>(1) Im Handlungsfeld „Anforderungen von Kunden eines Karosserie- und Fahrzeugbauerbetriebs analysieren, Lösungen erarbeiten und anbieten“ hat der Prüfling nachzuweisen, dass er in der Lage ist, in einem Karosserie- und Fahrzeugbauerbetrieb Anforderungen erfolgs-, kunden- und qualitätsorientiert, auch unter Anwendung von Informations- und Kommunikationstechnologien, zu analysieren, Lösungen zu planen und anzubieten. Dabei hat er wirtschaftliche, ökologische, ressourceneffiziente, karosserie- und fahrzeugbauphysikalische, materialspezifische, gestalterische Gesichtspunkte sowie die allgemein anerkannten Regeln der Technik zu berücksichtigen. Bei der jeweiligen Aufgabenstellung sollen mehrere der in Absatz 2 genannten Qualifikationen verknüpft werden.</P><P>(2) Das Handlungsfeld „Anforderungen von Kunden eines Karosserie- und Fahrzeugbauerbetriebs analysieren, Lösungen erarbeiten und anbieten“ besteht aus folgenden Qualifikationen: <DL Font="normal" Type="arabic"><DT>1.</DT><DD Font="normal"><LA Size="normal">Kundenwünsche und auftragsbezogene Rahmenbedingungen zu deren Erfüllung analysieren und bewerten und daraus Anforderungen ableiten; hierzu zählen insbesondere <DL Font="normal" Type="alpha"><DT>a)</DT><DD Font="normal"><LA Size="normal">Vorgehensweise zur strukturierten Ermittlung der Kundenwünsche und der jeweiligen auftragsbezogenen Rahmenbedingungen erläutern und bewerten,</LA></DD><DT>b)</DT><DD Font="normal"><LA Size="normal">Kundenwünsche analysieren und strukturieren,</LA></DD><DT>c)</DT><DD Font="normal"><LA Size="normal">Prüfverfahren zur Feststellung von Eigenschaften an Fahrzeugen und Baugruppen erläutern und bewerten,</LA></DD><DT>d)</DT><DD Font="normal"><LA Size="normal">Schadensaufnahme an unfallbeschädigten Komponenten oder Fahrzeugen darstellen und</LA></DD><DT>e)</DT><DD Font="normal"><LA Size="normal">Ergebnisse dokumentieren und bewerten sowie daraus Anforderungen für die Umsetzung ableiten,</LA></DD></DL></LA></DD><DT>2.</DT><DD Font="normal"><LA Size="normal">Lösungsmöglichkeiten entwickeln, erläutern und begründen; hierzu zählen insbesondere <DL Font="normal" Type="alpha"><DT>a)</DT><DD Font="normal"><LA Size="normal">Möglichkeiten und Notwendigkeiten des Einsatzes von Material, Maschinen, Werkzeugen, Geräten und Personal entwickeln, erläutern und begründen,</LA></DD><DT>b)</DT><DD Font="normal"><LA Size="normal">Sicherheits-, Gesundheits- und Haftungsrisiken bewerten und Folgen ableiten,</LA></DD><DT>c)</DT><DD Font="normal"><LA Size="normal">Technische Dokumentationen und Berechnungen unter Berücksichtigung von karosserie- und fahrzeugbauphysikalischen Anforderungen erstellen, bewerten und korrigieren,</LA></DD><DT>d)</DT><DD Font="normal"><LA Size="normal">Kriterien für die Vergabe von Aufträgen festlegen, insbesondere unter Berücksichtigung von Qualität und Rechtsvorschriften, sowie Angebote bewerten,</LA></DD><DT>e)</DT><DD Font="normal"><LA Size="normal">Aufbau und Funktion von Fahrzeugaufbauten und Anbauteilen beschreiben und beurteilen,</LA></DD><DT>f)</DT><DD Font="normal"><LA Size="normal">Technische Lösungen von Karosserien und Fahrzeugen sowie für Umbauten und Neubauten erarbeiten, bewerten und korrigieren,</LA></DD><DT>g)</DT><DD Font="normal"><LA Size="normal">Verfahren zur Oberflächenbehandlung und Stoffeigenschaftsänderung dem jeweiligen Verwendungszweck zuordnen,</LA></DD><DT>h)</DT><DD Font="normal"><LA Size="normal">Vorteile und Nachteile verschiedener Lösungsmöglichkeiten im Hinblick auf Anforderungen und Kostengesichtspunkte erläutern und abwägen, eine Lösung auswählen, die Auswahl begründen und dabei Funktionen und Eigenschaften von Bauteilen und Baugruppen aus den Bereichen Exterieur, Interieur, Antriebssysteme, Fahrwerk, Sicherheitseinrichtungen, Elektrik, Elektronik, Komforttechnik, Klimatechnik und Flüssiggastechnik sowie Oberflächenbeschichtung erläutern und</LA></DD><DT>i)</DT><DD Font="normal"><LA Size="normal">Instandsetzungsalternativen vorschlagen und die erforderliche Schadensabwicklung festlegen sowie</LA></DD></DL></LA></DD><DT>3.</DT><DD Font="normal"><LA Size="normal">Angebote kalkulieren, erstellen und erläutern sowie Leistungen vereinbaren; hierzu zählen insbesondere <DL Font="normal" Type="alpha"><DT>a)</DT><DD Font="normal"><LA Size="normal">Personal-, Material- und Geräteaufwand auf der Grundlage der Planungen kalkulieren,</LA></DD><DT>b)</DT><DD Font="normal"><LA Size="normal">auf der Grundlage entwickelter Lösungsmöglichkeiten Angebotspositionen bestimmen, Preise kalkulieren,</LA></DD><DT>c)</DT><DD Font="normal"><LA Size="normal">Vertragsbedingungen unter Berücksichtigung von Haftungsbestimmungen formulieren und beurteilen,</LA></DD><DT>d)</DT><DD Font="normal"><LA Size="normal">Angebotsunterlagen und Auftragsbestätigungen vorbereiten, Angebote erstellen,</LA></DD><DT>e)</DT><DD Font="normal"><LA Size="normal">Angebotspositionen und Vertragsbedingungen gegenüber Kunden erläutern und begründen sowie Leistungen vereinbaren und</LA></DD><DT>f)</DT><DD Font="normal"><LA Size="normal">zusätzliche Serviceleistungen erläutern.</LA></DD></DL></LA></DD></DL></P></Content></text><fussnoten/></textdaten></norm>
<norm builddate="20250318223503" doknr="BJNR283600019BJNE001100000"><metadaten><jurabk>KaFbMstrV 2020</jurabk><jurabk>KaFbMstrV</jurabk><enbez>§ 10</enbez><titel format="XML">Handlungsfeld „Leistungen eines Karosserie- und Fahrzeugbauerbetriebs erbringen, kontrollieren und übergeben“</titel></metadaten><textdaten><text format="XML"><Content><P>(1) Im Handlungsfeld „Leistungen eines Karosserie- und Fahrzeugbauerbetriebs erbringen, kontrollieren und übergeben“ hat der Prüfling nachzuweisen, dass er in der Lage ist, Leistungen eines Karosserie- und Fahrzeugbauerbetriebs erfolgs-, kunden- und qualitätsorientiert, auch unter Anwendung von Informations- und Kommunikationstechnologien, zu erbringen, zu kontrollieren und zu übergeben. Dabei hat er wirtschaftliche, ökologische und ressourceneffiziente Gesichtspunkte sowie die allgemein anerkannten Regeln der Technik zu berücksichtigen. Bei der jeweiligen Aufgabenstellung sollen mehrere der in Absatz 2 genannten Qualifikationen verknüpft werden.</P><P>(2) Das Handlungsfeld „Leistungen eines Karosserie- und Fahrzeugbauerbetriebs erbringen, kontrollieren und übergeben“ besteht aus folgenden Qualifikationen: <DL Type="arabic"><DT>1.</DT><DD Font="normal"><LA>die Erbringung der Leistungen vorbereiten; hierzu zählen insbesondere <DL Type="alpha"><DT>a)</DT><DD Font="normal"><LA>Methoden der Arbeitsplanung und -organisation erläutern, auswählen und Auswahl begründen; dabei unter Berücksichtigung einzusetzender Fertigungs- und Instandsetzungsverfahren den Einsatz von Personal, Material, Geräten, Maschinen und Werkzeugen planen,</LA></DD><DT>b)</DT><DD Font="normal"><LA>mögliche Störungen im Arbeitsablauf vorhersehen und Auswirkungen bewerten sowie Lösungen entwickeln,</LA></DD><DT>c)</DT><DD Font="normal"><LA>Handhabungshinweise und Produktinformationen auswerten und erläutern,</LA></DD><DT>d)</DT><DD Font="normal"><LA>Arbeitspläne erarbeiten, bewerten und korrigieren,</LA></DD><DT>e)</DT><DD Font="normal"><LA>Konstruktionen erstellen, bewerten und anpassen und</LA></DD><DT>f)</DT><DD Font="normal"><LA>Werkstattaufträge erstellen,</LA></DD></DL></LA></DD><DT>2.</DT><DD Font="normal"><LA>die Leistungen erbringen; hierzu zählen insbesondere <DL Type="alpha"><DT>a)</DT><DD Font="normal"><LA>berufsbezogene Rechtsvorschriften und technische Normen sowie allgemein anerkannte Regeln der Technik anwenden und beurteilen,</LA></DD><DT>b)</DT><DD Font="normal"><LA>Maßnahmen zur Gefahrenvermeidung und -beseitigung erläutern und Folgen ableiten,</LA></DD><DT>c)</DT><DD Font="normal"><LA>Fehler und Mängel in der Erbringung der Leistungen erläutern sowie Maßnahmen zur Beseitigung ableiten,</LA></DD><DT>d)</DT><DD Font="normal"><LA>Vorgehensweise zur Erbringung von Leistungen unter Berücksichtigung von Fertigungs-, Herstellungs- und Instandhaltungsverfahren erläutern und begründen,</LA></DD><DT>e)</DT><DD Font="normal"><LA>Verfahren zur Oberflächenbehandlung, einschließlich der Verwendung lösemittelarmer und lösemittelfreier Produkte auswählen und Auswahl begründen,</LA></DD><DT>f)</DT><DD Font="normal"><LA>manuelle, maschinelle und programmgesteuerte Bearbeitungs- und Verarbeitungsverfahren, insbesondere Techniken zum Richten, Ausbeulen, Rückverformen, Urformen, Umformen, Trennen, Fügen und Beschichten sowie deren Wechselwirkungen mit den Eigenschaften der zu bearbeitenden und verarbeitenden Werkstoffe beschreiben und</LA></DD><DT>g)</DT><DD Font="normal"><LA>gesetzliche Prüf- und Anerkennungsverfahren sowie wiederkehrende Prüfungen beschreiben und vorbereiten sowie</LA></DD></DL></LA></DD><DT>3.</DT><DD Font="normal"><LA>die Leistungen kontrollieren, dokumentieren, übergeben und abrechnen; hierzu zählen insbesondere <DL Type="alpha"><DT>a)</DT><DD Font="normal"><LA>Kriterien zur Feststellung der Qualität der erbrachten Leistungen erläutern,</LA></DD><DT>b)</DT><DD Font="normal"><LA>Leistungen dokumentieren,</LA></DD><DT>c)</DT><DD Font="normal"><LA>Prüfergebnisse dokumentieren und bewerten und Folgen ableiten,</LA></DD><DT>d)</DT><DD Font="normal"><LA>Vorgehensweise zur Übergabe der Leistungen erläutern und Kunden über Handhabung, Wartung und Pflege informieren,</LA></DD><DT>e)</DT><DD Font="normal"><LA>Leistungen abrechnen,</LA></DD><DT>f)</DT><DD Font="normal"><LA>auftragsbezogene Nachkalkulationen durchführen und Folgen ableiten sowie</LA></DD><DT>g)</DT><DD Font="normal"><LA>Möglichkeiten der Herstellung von Kundenzufriedenheit und der Kundenbindung erläutern und beurteilen.</LA></DD></DL></LA></DD></DL></P></Content></text></textdaten></norm>
<norm builddate="20250318223503" doknr="BJNR283600019BJNE001200000"><metadaten><jurabk>KaFbMstrV 2020</jurabk><jurabk>KaFbMstrV</jurabk><enbez>§ 11</enbez><titel format="XML">Handlungsfeld „Einen Karosserie- und Fahrzeugbauerbetrieb führen und organisieren“</titel></metadaten><textdaten><text format="XML"><Content><P>(1) Im Handlungsfeld „Einen Karosserie- und Fahrzeugbauerbetrieb führen und organisieren“ hat der Prüfling nachzuweisen, dass er in der Lage ist, Aufgaben der Betriebsführung und der Betriebsorganisation in einem Karosserie- und Fahrzeugbauerbetrieb unter Berücksichtigung der Rechtsvorschriften wahrzunehmen, auch unter Anwendung von Informations- und Kommunikationstechnologien. Dabei hat er den Nutzen zwischenbetrieblicher Kooperationen zu prüfen und zu bewerten. Bei der jeweiligen Aufgabenstellung sollen mehrere der in Absatz 2 genannten Qualifikationen verknüpft werden.</P><P>(2) Das Handlungsfeld „Einen Karosserie- und Fahrzeugbauerbetrieb führen und organisieren“ besteht aus folgenden Qualifikationen: <DL Type="arabic"><DT>1.</DT><DD Font="normal"><LA>betriebliche Kosten analysieren und für die Preisgestaltung und Effizienzsteigerung nutzen; hierzu zählen insbesondere <DL Type="alpha"><DT>a)</DT><DD Font="normal"><LA>betriebliche Kosten ermitteln, dabei betriebswirtschaftliche Zusammenhänge berücksichtigen,</LA></DD><DT>b)</DT><DD Font="normal"><LA>betriebliche Kostenstrukturen überprüfen,</LA></DD><DT>c)</DT><DD Font="normal"><LA>betriebliche Kennzahlen ermitteln und vergleichen,</LA></DD><DT>d)</DT><DD Font="normal"><LA>Maßnahmen zur Effizienzsteigerung ableiten und</LA></DD><DT>e)</DT><DD Font="normal"><LA>Stundenverrechnungssätze anhand vorgegebener Kostenstrukturen berechnen,</LA></DD></DL></LA></DD><DT>2.</DT><DD Font="normal"><LA>Marketingmaßnahmen zur Kundengewinnung und -pflege erarbeiten; hierzu zählen insbesondere <DL Type="alpha"><DT>a)</DT><DD Font="normal"><LA>Auswirkungen technologischer, wirtschaftlicher, rechtlicher und gesellschaftlicher Entwicklungen sowie veränderter Kundenanforderungen auf das Leistungsangebot darstellen und begründen,</LA></DD><DT>b)</DT><DD Font="normal"><LA>Möglichkeiten der Auftragsbeschaffung darstellen und Marketingmaßnahmen zur Kundengewinnung und -pflege entwickeln sowie</LA></DD><DT>c)</DT><DD Font="normal"><LA>informations- und kommunikationsgestützte Vertriebswege ermitteln und bewerten,</LA></DD></DL></LA></DD><DT>3.</DT><DD Font="normal"><LA>betriebliches Qualitätsmanagement entwickeln; hierzu zählen insbesondere <DL Type="alpha"><DT>a)</DT><DD Font="normal"><LA>Bedeutung des betrieblichen Qualitätsmanagements darstellen und beurteilen,</LA></DD><DT>b)</DT><DD Font="normal"><LA>Qualitätsmanagementsysteme unterscheiden und beurteilen,</LA></DD><DT>c)</DT><DD Font="normal"><LA>Maßnahmen zur Kontrolle und Dokumentation der Leistungen erläutern, begründen und bewerten, insbesondere unter Berücksichtigung von Qualitätsstandards, Rechtsvorschriften und technischen Normen,</LA></DD><DT>d)</DT><DD Font="normal"><LA>Maßnahmen zur kontinuierlichen Verbesserung von Arbeits- und Geschäftsprozessen festlegen und bewerten sowie</LA></DD><DT>e)</DT><DD Font="normal"><LA>Maßnahmen zur Rückverfolgbarkeit von Produkten erläutern,</LA></DD></DL></LA></DD><DT>4.</DT><DD Font="normal"><LA>Personal unter Berücksichtigung gewerbespezifischer Bedingungen planen und anleiten, Personalentwicklung planen; hierzu zählen insbesondere <DL Type="alpha"><DT>a)</DT><DD Font="normal"><LA>Einsatz von Personal disponieren,</LA></DD><DT>b)</DT><DD Font="normal"><LA>Einsatz von Auszubildenden auf Grundlage des betrieblichen Ausbildungsplans disponieren,</LA></DD><DT>c)</DT><DD Font="normal"><LA>Methoden zur Anleitung von Personal erläutern,</LA></DD><DT>d)</DT><DD Font="normal"><LA>Qualifikationsbedarfe ermitteln und</LA></DD><DT>e)</DT><DD Font="normal"><LA>Maßnahmen zur fortlaufenden Qualifizierung im Karosserie- und Fahrzeugbauer-Handwerk planen, insbesondere unter Berücksichtigung des Berufslaufbahnkonzepts und</LA></DD></DL></LA></DD><DT>5.</DT><DD Font="normal"><LA>Betriebs- und Lagerausstattung sowie Abläufe planen; hierzu zählen insbesondere <DL Type="alpha"><DT>a)</DT><DD Font="normal"><LA>Durchführung einer Gefährdungsbeurteilung erläutern, Folgen aus dem Ergebnis ableiten,</LA></DD><DT>b)</DT><DD Font="normal"><LA>Ausstattung insbesondere unter Berücksichtigung der Vorschriften der Unfallverhütung, des Arbeitsschutzes, der Gefahrgutlagerung, des Gefahrguttransports, der Gefahrgutentsorgung, der Ressourceneffizienz sowie des Umweltschutzes planen und begründen,</LA></DD><DT>c)</DT><DD Font="normal"><LA>Betriebs-, Lager-, Fahrzeug- und Werkstattausstattung unter Berücksichtigung logistischer Gesichtspunkte planen und begründen,</LA></DD><DT>d)</DT><DD Font="normal"><LA>Maßnahmen, insbesondere zur Unfallverhütung, zum Arbeitsschutz, zur Gefahrgutlagerung, zum Transport und zur Entsorgung sowie zur Ressourceneffizienz sowie zum Umweltschutz, planen und begründen,</LA></DD><DT>e)</DT><DD Font="normal"><LA>Instandhaltung von Werkzeugen, Geräten, Maschinen und Fahrzeugen planen sowie</LA></DD><DT>f)</DT><DD Font="normal"><LA>Betriebsabläufe planen und verbessern unter Berücksichtigung der Nachfrage, der betrieblichen Auslastung, des Einsatzes von Personal, Material und Werkzeugen, Geräten, Maschinen und Fahrzeugen.</LA></DD></DL></LA></DD></DL></P></Content></text></textdaten></norm>
<norm builddate="20250318223503" doknr="BJNR283600019BJNE001300000"><metadaten><jurabk>KaFbMstrV 2020</jurabk><jurabk>KaFbMstrV</jurabk><enbez>§ 12</enbez><titel format="XML">Gewichtung; Bestehen der Prüfung in Teil II</titel></metadaten><textdaten><text format="XML"><Content><P>(1) Für das Gesamtergebnis der Prüfung in Teil II der Meisterprüfung ist das arithmetische Mittel der Bewertungen der Handlungsfelder nach den §§ 9 bis 11 zu bilden.</P><P>(2) Wurden in höchstens zwei der drei Handlungsfelder jeweils mindestens 30 und weniger als 50 Punkte erreicht, so kann in einem dieser Handlungsfelder eine mündliche Ergänzungsprüfung durchgeführt werden, wenn diese für das Bestehen der Prüfung in Teil II der Meisterprüfung ausschlaggebend ist.</P><P>(3) Der Prüfling hat den Teil II der Meisterprüfung bestanden, wenn <DL Type="arabic"><DT>1.</DT><DD Font="normal"><LA>jedes der Handlungsfelder mit mindestens 30 Punkten bewertet worden ist,</LA></DD><DT>2.</DT><DD Font="normal"><LA>nach durchgeführter Ergänzungsprüfung nach Absatz 2 höchstens ein Handlungsfeld mit weniger als 50 Punkten bewertet worden ist und</LA></DD><DT>3.</DT><DD Font="normal"><LA>das Gesamtergebnis der Prüfung mindestens „ausreichend“ ist.</LA></DD></DL></P></Content></text></textdaten></norm>
<norm builddate="20250318223503" doknr="BJNR283600019BJNE001401128"><metadaten><jurabk>KaFbMstrV 2020</jurabk><jurabk>KaFbMstrV</jurabk><enbez>§ 13</enbez><titel format="XML">Allgemeine Prüfungs- und Verfahrensregelungen, weitere Regelungen zur Meisterprüfung</titel></metadaten><textdaten><text format="XML"><Content><P>(1) Die Vorschriften der Meisterprüfungsverfahrensverordnung bleiben unberührt.</P><P>(2) Die Prüfung in den Teilen III und IV der Meisterprüfung bestimmt sich nach der Allgemeinen Meisterprüfungsverordnung vom 26. Oktober 2011 (BGBl. I S. 2149) in der jeweils geltenden Fassung.</P></Content></text><fussnoten/></textdaten></norm>
<norm builddate="20250318223503" doknr="BJNR283600019BJNE001500000"><metadaten><jurabk>KaFbMstrV 2020</jurabk><jurabk>KaFbMstrV</jurabk><enbez>§ 14</enbez><titel format="XML">Übergangsvorschrift</titel></metadaten><textdaten><text format="XML"><Content><P>(1) Die bis zum Ablauf des 30. Juni 2020 begonnenen Prüfungsverfahren werden nach den bisherigen Vorschriften zu Ende geführt. Erfolgt die Anmeldung zur Prüfung bis zum Ablauf des 31. Dezember 2020, so sind auf Verlangen des Prüflings die bis zum Ablauf des 30. Juni 2020 geltenden Vorschriften weiter anzuwenden.</P><P>(2) Prüflinge, die die Prüfung nach den bis zum Ablauf des 30. Juni 2020 geltenden Vorschriften nicht bestanden haben und sich bis zum Ablauf des 30. Juni 2023 zu einer Wiederholungsprüfung anmelden, können auf Verlangen die Wiederholungsprüfung nach den bis zum Ablauf des 30. Juni 2020 geltenden Vorschriften ablegen.</P></Content></text></textdaten></norm>
<norm builddate="20250318223503" doknr="BJNR283600019BJNE001600000"><metadaten><jurabk>KaFbMstrV 2020</jurabk><jurabk>KaFbMstrV</jurabk><enbez>§ 15</enbez><titel format="XML">Inkrafttreten, Außerkrafttreten</titel></metadaten><textdaten><text format="XML"><Content><P>Diese Verordnung tritt am 1. Juli 2020 in Kraft. Gleichzeitig tritt die Karosserie- und Fahrzeugbauermeisterverordnung vom 8. Mai 2003 (BGBl. I S. 668), die durch Artikel 14 der Verordnung vom 17. November 2011 (BGBl. I S. 2234) geändert worden ist, außer Kraft.</P></Content></text></textdaten></norm>
</dokumente>