<?xml version="1.0" encoding="UTF-8" ?><!DOCTYPE dokumente SYSTEM "http://www.gesetze-im-internet.de/dtd/1.01/gii-norm.dtd">
<dokumente builddate="20120625150038" doknr="BJNR200389976"><norm builddate="20120625150038" doknr="BJNR200389976"><metadaten><jurabk>IAmEntwBkÜbk</jurabk><ausfertigung-datum manuell="ja">1959-04-08</ausfertigung-datum><fundstelle typ="amtlich"><periodikum>BGBl II</periodikum><zitstelle>1976, 38</zitstelle></fundstelle><langue>Übereinkommen zur Errichtung der Interamerikanischen Entwicklungsbank
(Neufassung)</langue></metadaten><textdaten><text format="decorated"/><fussnoten><Content><P>G v. 22.12.1975 II 37 <BR/>Inkraft gem. Bek. v. 9.3.1977 II 278 mWv 9.7.1976</P></Content></fussnoten></textdaten></norm>
</dokumente>