<?xml version="1.0" encoding="UTF-8" ?><!DOCTYPE dokumente SYSTEM "http://www.gesetze-im-internet.de/dtd/1.01/gii-norm.dtd">
<dokumente builddate="20240308214005" doknr="BJNR04F0A0024"><norm builddate="20240308214005" doknr="BJNR04F0A0024"><metadaten><jurabk>Münz2EuroBek 2024-02-20/2</jurabk><ausfertigung-datum manuell="ja">2024-02-20</ausfertigung-datum><fundstelle typ="amtlich"><periodikum>BGBl I</periodikum><zitstelle>2024, Nr. 79</zitstelle></fundstelle><langue>Bekanntmachung über die Ausprägung von deutschen Euro-Gedenkmünzen im Nennwert von 2 Euro (Gedenkmünze &quot;175. Jubiläum Paulskirchenverfassung&quot;)</langue></metadaten><textdaten><fussnoten><Content><P><BR/> <pre xml:space="preserve">(+++ Textnachweis ab: 8.3.2024 +++)<BR/><BR/></pre></P></Content></fussnoten></textdaten></norm>
<norm builddate="20240308214005" doknr="BJNR04F0A0024BJNE000100000"><metadaten><jurabk>Münz2EuroBek 2024-02-20/2</jurabk><enbez>(XXXX)</enbez></metadaten><textdaten><text format="XML"><Content><P>Gemäß den §§ 2, 4 und 5 des Münzgesetzes vom 16. Dezember 1999 (BGBl. I S. 2402) hat die Bundesregierung beschlossen, zum Thema „175. Jubiläum Paulskirchenverfassung“ eine deutsche Euro-Gedenkmünze im Nennwert von 2 Euro prägen zu lassen.</P><P>Der Entwurf der Münze stammt von dem Künstler Bodo Broschat aus Berlin.</P><P>Die nationale Seite zeigt im Vordergrund eine perspektivische Darstellung der Paulskirche im Moment des Einzugs der Abgeordneten der verfassungsgebenden Nationalversammlung. Dahinter wird das papierne Verfassungsdokument mit Schreibfeder dargestellt, bekränzt durch die drei Allegorien Einigkeit, Recht und Freiheit sowie durch die Trikolore aus Schwarz, Rot und Gold.</P><P>Der innere Teil der Münze trägt ferner den Schriftzug „PAULSKIRCHENVERFASSUNG 1849“ sowie im unteren Bereich das Ausgabejahr „2024“, die Länderkennung „D“ für das Ausgabeland Deutschland, das Prägezeichen der jeweiligen Münzstätte („A“, „D“, „F“, „G“ oder „J“) und die Initialen des Künstlers. Auf dem Außenring der nationalen Seite sind die zwölf Europasterne angeordnet.</P><P>Die Wertseite der Münze, die Randschrift (Schriftzug „EINIGKEIT UND RECHT UND FREIHEIT“ sowie eine stilisierte Darstellung des Bundesadlers) und die technischen Parameter entsprechen der 2-Euro-Umlaufmünze.</P></Content></text></textdaten></norm>
<norm builddate="20240308214005" doknr="BJNR04F0A0024BJNE000200000"><metadaten><jurabk>Münz2EuroBek 2024-02-20/2</jurabk><enbez>Schlussformel</enbez></metadaten><textdaten><text format="XML"><Content><P><SP>Der Bundesminister der Finanzen</SP></P></Content></text></textdaten></norm>
<norm builddate="20240308214005" doknr="BJNR04F0A0024BJNE000300000"><metadaten><jurabk>Münz2EuroBek 2024-02-20/2</jurabk><enbez>(XXXX)</enbez></metadaten><textdaten><text format="XML"><Content><P><noindex><kommentar typ="Fundstelle">(Fundstelle: BGBl. 2024 I Nr. 79, S. 2)</kommentar></noindex></P><table frame="none" pgwide="1" tocentry="%yes;"><tgroup align="left" char="" charoff="50" cols="2"><colspec colname="col1"/><colspec colname="col2"/><tbody valign="top"><row><entry VJ="1" align="center" colname="col1" colsep="0"><IMG Align="center" Height="857" Pos="inline" SRC="bgbl1_2024_j00790_0010.jpg" Type="jpg" Units="" Width="886" alt="Die nationale Seite zeigt im Vordergrund eine perspektivische Darstellung der Paulskirche im Moment des Einzugs der Abgeordneten der verfassungsgebenden Nationalversammlung. Dahinter wird das papierne Verfassungsdokument mit Schreibfeder dargestellt, bekränzt durch die drei Allegorien Einigkeit, Recht und Freiheit sowie durch die Trikolore aus Schwarz, Rot und Gold. Der innere Teil der Münze trägt ferner den Schriftzug „PAULSKIRCHENVERFASSUNG 1849“ sowie im unteren Bereich das Ausgabejahr „2024“, die Länderkennung „D“ für das Ausgabeland Deutschland, das Prägezeichen der jeweiligen Münzstätte („A”, „D”, „F”, „G” oder „J”) und die Initialen des Künstlers. Auf dem Außenring der nationalen Seite sind die zwölf Europasterne angeordnet."/></entry><entry VJ="1" align="center" colname="col2"><IMG Align="center" Height="856" Pos="inline" SRC="bgbl1_2024_j00790_0020.jpg" Type="jpg" Units="" Width="886" alt="Die Wertseite der Münze und die Randschrift (Schriftzug „EINIGKEIT UND RECHT UND FREIHEIT“ sowie eine stilisierte Darstellung des Bundesadlers) entsprechen der 2-Euro-Umlaufmünze."/></entry></row></tbody></tgroup></table></Content></text></textdaten></norm>
</dokumente>