<?xml version="1.0" encoding="UTF-8" ?><!DOCTYPE dokumente SYSTEM "http://www.gesetze-im-internet.de/dtd/1.01/gii-norm.dtd">
<dokumente builddate="20131202132536" doknr="BJNR025900013"><norm builddate="20131202132536" doknr="BJNR025900013"><metadaten><jurabk>Münz2EuroBek 2013</jurabk><ausfertigung-datum manuell="ja">2013-01-30</ausfertigung-datum><fundstelle typ="amtlich"><periodikum>BGBl I</periodikum><zitstelle>2013, 259</zitstelle></fundstelle><langue>Bekanntmachung über die Ausprägung von deutschen Euro-Gedenkmünzen im Nennwert von 2 Euro (Gedenkmünze „50 Jahre Élysée-Vertrag“)</langue></metadaten><textdaten><fussnoten><Content><P><BR/> <pre xml:space="preserve">(+++ Textnachweis ab: 20.2.2013 +++)<BR/><BR/></pre></P></Content></fussnoten></textdaten></norm>
<norm builddate="20131202132536" doknr="BJNR025900013BJNE000100000"><metadaten><jurabk>Münz2EuroBek 2013</jurabk><enbez>(XXXX)</enbez></metadaten><textdaten><text format="XML"><Content><P>Gemäß den §§ 2, 4 und 5 des Münzgesetzes vom 16. Dezember 1999 (BGBl. I S. 2402) hat die Bundesregierung beschlossen eine 2-Euro-Gedenkmünze „50 Jahre Élysée-Vertrag“ prägen zu lassen.</P><P>Die Münze wird ab dem 22. Januar 2013 in den Verkehr gebracht.</P><P>Die Wertseite der Münze, die Randschrift (Schriftzug „EINIGKEIT UND RECHT UND FREIHEIT“ sowie eine stilisierte Darstellung des Bundesadlers) und die technischen Parameter entsprechen der 2-Euro-Umlaufmünze.</P><P>Die nationale Seite zeigt stilisierte Porträts der Unterzeichner des Élysée-Vertrages, dem damaligen Bundeskanzler der Bundesrepublik Deutschland, Konrad Adenauer und dem früheren Präsidenten der Französischen Republik, Charles de Gaulle, deren Unterschriften sowie die Angabe „50 ANS JAHRE“ mit der Jahreszahl „2013“ im mittleren Teil, den Schriftzug „TRAITÉ DE L´ÉLYSÉE“ im oberen Teil und den Schriftzug „ÉLYSÉE-VERTRAG“ im unteren Teil. Auf der rechten Seite des inneren Kerns befinden sich ferner das Prägezeichen („A“, „D“, „F“, „G“ oder „J“) der jeweiligen Münzstätte sowie die Länderkennung „D“ der Bundesrepublik Deutschland. (Die nationale Seite dieser Münze, die motivgleich von Deutschland und Frankreich herausgegeben wird, unterscheidet sich in den beiden Ausgabeländern nur durch die Länderkennung und nationale Münz- beziehungsweise Graveurszeichen).</P><P>Der äußere Ring der nationalen Seite zeigt die zwölf Europasterne.</P><P>Die für den Umlauf bestimmte Auflage der Münze soll 11 Millionen Stück betragen.</P><P>Der Entwurf der nationalen Seite wurde von Yves Sampo (Monnaie de Paris), Stefanie Lindner (Staatliche Münze Berlin), Alina Hoyer (Berlin) und Sneschana Russewa-Hoyer (Berlin) gestaltet.</P></Content></text></textdaten></norm>
<norm builddate="20131202132536" doknr="BJNR025900013BJNE000200000"><metadaten><jurabk>Münz2EuroBek 2013</jurabk><enbez>Schlussformel</enbez></metadaten><textdaten><text format="XML"><Content><P><SP>Der Bundesminister der Finanzen</SP></P></Content></text></textdaten></norm>
<norm builddate="20131202132536" doknr="BJNR025900013BJNE000300000"><metadaten><jurabk>Münz2EuroBek 2013</jurabk><enbez>(XXXX)</enbez></metadaten><textdaten><text format="XML"><Content><P><noindex><kommentar typ="Fundstelle">(Fundstelle: BGBl. I 2013, 259)</kommentar></noindex></P><BR/><table frame="none" tocentry="%yes;"><tgroup align="left" char="" charoff="50" cols="2"><colspec colname="col1" colwidth="50*"/><colspec colname="col2" colwidth="50*"/><tbody valign="top"><row><entry VJ="1" colname="col1" colsep="0" rowsep="0"><IMG Align="center" Height="855" Pos="inline" SRC="bgbl1_2013_j0259-1_0010.jpg" Type="TIF" Units="300" alt=""/></entry><entry VJ="1" colname="col2" rowsep="0"><IMG Align="center" Height="851" Pos="inline" SRC="bgbl1_2013_j0259-1_0020.jpg" Type="TIF" Units="300" alt=""/></entry></row><row><entry VJ="1" colname="col1" colsep="0"/><entry VJ="1" colname="col2"/></row></tbody></tgroup></table></Content></text></textdaten></norm>
</dokumente>