<?xml version="1.0" encoding="UTF-8" ?><!DOCTYPE dokumente SYSTEM "http://www.gesetze-im-internet.de/dtd/1.01/gii-norm.dtd">
<dokumente builddate="20120625151252" doknr="BJNR164320004"><norm builddate="20120625151252" doknr="BJNR164320004"><metadaten><jurabk>EUFußballÜbk</jurabk><ausfertigung-datum manuell="ja">1985-08-19</ausfertigung-datum><fundstelle typ="amtlich"><periodikum>BGBl II</periodikum><zitstelle>2004, 1643</zitstelle></fundstelle><langue>Europäisches Übereinkommen über Gewalttätigkeit und Fehlverhalten
von Zuschauern bei Sportveranstaltungen und insbesondere bei Fußballspielen</langue></metadaten><textdaten><text format="decorated"/><fussnoten><Content><P>G v. 15.12.2004 II 1642</P><P><BR/> In Kraft gem. Bek. v. 15.6.2005 II 893 mWv 1.5.2005</P></Content></fussnoten></textdaten></norm>
</dokumente>