<?xml version="1.0" encoding="UTF-8" ?><!DOCTYPE dokumente SYSTEM "http://www.gesetze-im-internet.de/dtd/1.01/gii-norm.dtd">
<dokumente builddate="20130405125102" doknr="BJNR006440964"><norm builddate="20130405125102" doknr="BJNR006440964"><metadaten><jurabk>EhrZAnerkErl 3</jurabk><ausfertigung-datum manuell="ja">1964-08-03</ausfertigung-datum><fundstelle typ="amtlich"><periodikum>BGBl I</periodikum><zitstelle>1964, 644</zitstelle></fundstelle><langue>Dritter Erlaß über die Anerkennung als Ehrenzeichen</langue></metadaten><textdaten><text format="XML"><Content><P/></Content></text><fussnoten><Content><P>(+++ Textnachweis ab: 22. 8.1964 +++)</P></Content></fussnoten></textdaten></norm>
<norm builddate="20130405125102" doknr="BJNR006440964BJNE000100315"><metadaten><jurabk>EhrZAnerkErl 3</jurabk><enbez>Art 1</enbez></metadaten><textdaten><text format="XML"><Content><P>Auf Grund des § 3 Abs. 2 des Gesetzes über Titel, Orden und Ehrenzeichen vom 26. Juli 1957 (Bundesgesetzbl. I S. 844) erkenne ich <DL Font="normal" Type="arabic"><DT>1.</DT><DD Font="normal"><LA Size="normal">das Leistungsabzeichen und das Lehrabzeichen der Deutschen Lebens-Rettungs-Gesellschaft e.V.,</LA></DD> <DT>2.</DT><DD Font="normal"><LA Size="normal">das Leistungsabzeichen und das Lehrabzeichen der Wasserwacht des Deutschen Roten Kreuzes</LA></DD> </DL>als Ehrenzeichen an.</P></Content></text></textdaten></norm>
<norm builddate="20130405125102" doknr="BJNR006440964BJNE000200315"><metadaten><jurabk>EhrZAnerkErl 3</jurabk><enbez>Art 2</enbez></metadaten><textdaten><text format="XML"><Content><P>Die Verleihungsbedingungen sowie die Abbildungen und Beschreibungen der nach Artikel 1 anerkannten Ehrenzeichen werden vom Bundesminister des Innern im Bundesanzeiger veröffentlicht.</P></Content></text></textdaten></norm>
<norm builddate="20130405125102" doknr="BJNR006440964BJNE000300315"><metadaten><jurabk>EhrZAnerkErl 3</jurabk><enbez>Art 3</enbez></metadaten><textdaten><text format="XML"><Content><P>Jede Änderung der Verleihungsbedingungen und jede Änderung der Form oder Benennung der hiermit anerkannten Ehrenzeichen ist mir vor dem Inkraftsetzen anzuzeigen.</P></Content></text></textdaten></norm>
<norm builddate="20130405125102" doknr="BJNR006440964BJNE000400315"><metadaten><jurabk>EhrZAnerkErl 3</jurabk><enbez>Schlußformel</enbez></metadaten><textdaten><text format="XML"><Content><P><SP>Der Bundespräsident</SP> <BR/><SP>Der Bundesminister des Innern</SP></P></Content></text></textdaten></norm>
</dokumente>