<?xml version="1.0" encoding="UTF-8" ?><!DOCTYPE dokumente SYSTEM "http://www.gesetze-im-internet.de/dtd/1.01/gii-norm.dtd">
<dokumente builddate="20120625152220" doknr="BJNR076120998"><norm builddate="20120625152220" doknr="BJNR076120998"><metadaten><jurabk>UNFreiwProgrAbkGeltV</jurabk><ausfertigung-datum manuell="ja">1998-04-24</ausfertigung-datum><fundstelle typ="amtlich"><periodikum>BGBl II</periodikum><zitstelle>1998, 761</zitstelle></fundstelle><langue>Verordnung über die Geltung des Abkommens vom
10. November 1995 zwischen der Bundesrepublik Deutschland
und den Vereinten Nationen über den Sitz des
Freiwilligenprogramms der Vereinten Nationen für das
Informationszentrum der Vereinten Nationen in Bonn</langue></metadaten><textdaten><text format="XML"><Content><P/></Content></text><fussnoten><Content><P>(+++ Textnachweis ab:  5. 5.1998 +++)</P></Content></fussnoten></textdaten></norm>
<norm builddate="20120625152220" doknr="BJNR076120998BJNE000100305"><metadaten><jurabk>UNFreiwProgrAbkGeltV</jurabk><enbez>Eingangsformel</enbez></metadaten><textdaten><text format="XML"><Content><P>Auf Grund des Artikels 2 Abs. 2 des Gesetzes zu dem Abkommen vom 10. November 1995 zwischen der Bundesrepublik Deutschland und den Vereinten Nationen über den Sitz des Freiwilligenprogramms der Vereinten Nationen vom 5. Juni 1996 (BGBl. 1996 II S. 903) verordnet die Bundesregierung:</P></Content></text></textdaten></norm>
<norm builddate="20120625152220" doknr="BJNR076120998BJNE000200305"><metadaten><jurabk>UNFreiwProgrAbkGeltV</jurabk><enbez>Art 1</enbez></metadaten><textdaten><text format="XML"><Content><P>Die durch Notenwechsel vom 10./23. September 1997 zwischen der Bundesrepublik Deutschland und den Vereinten Nationen abgeschlossene Vereinbarung über die Geltung des Abkommens vom 10. November 1995 zwischen der Bundesrepublik Deutschland und den Vereinten Nationen über den Sitz des Freiwilligenprogramms der Vereinten Nationen für das Informationszentrum der Vereinten Nationen in Bonn wird hiermit in Kraft gesetzt. Die Vereinbarung wird nachstehend veröffentlicht.</P></Content></text></textdaten></norm>
<norm builddate="20120625152220" doknr="BJNR076120998BJNE000300305"><metadaten><jurabk>UNFreiwProgrAbkGeltV</jurabk><enbez>Art 2</enbez></metadaten><textdaten><text format="XML"><Content><P>Artikel 3 des Gesetzes vom 5. Juni 1996 zu dem Abkommen vom 10. November 1995 zwischen der Bundesrepublik Deutschland und den Vereinten Nationen über den Sitz des Freiwilligenprogramms der Vereinten Nationen gilt entsprechend für Bedienstete des Informationszentrums der Vereinten Nationen in Bonn beziehungsweise deren Familienangehörige gemäß Artikel 24 Abs. 2 des entsprechend anzuwendenden Abkommens über den Sitz des Freiwilligenprogramms der Vereinten Nationen vom 10. November 1995.</P></Content></text></textdaten></norm>
<norm builddate="20120625152220" doknr="BJNR076120998BJNE000400305"><metadaten><jurabk>UNFreiwProgrAbkGeltV</jurabk><enbez>Art 3</enbez></metadaten><textdaten><text format="XML"><Content><P>(1) Diese Verordnung tritt am Tage nach ihrer Verkündung in Kraft.</P><P>(2) Der Tag, an dem die Vereinbarung nach ihrer Inkrafttretensklausel in Kraft tritt, ist im Bundesgesetzblatt bekanntzugeben.</P></Content> </text></textdaten></norm>
<norm builddate="20120625152220" doknr="BJNR076120998BJNE000500305"><metadaten><jurabk>UNFreiwProgrAbkGeltV</jurabk><enbez>Schlußformel</enbez></metadaten><textdaten><text format="XML"><Content><P>Der Bundesrat hat zugestimmt.</P></Content></text></textdaten></norm>
</dokumente>