<?xml version="1.0" encoding="UTF-8" ?><!DOCTYPE dokumente SYSTEM "http://www.gesetze-im-internet.de/dtd/1.01/gii-norm.dtd">
<dokumente builddate="20221020213513" doknr="BJNR012650985"><norm builddate="20221020213513" doknr="BJNR012650985"><metadaten><jurabk>WZG§4VNMBek</jurabk><ausfertigung-datum manuell="ja">1985-06-21</ausfertigung-datum><fundstelle typ="amtlich"><periodikum>BGBl I</periodikum><zitstelle>1985, 1265</zitstelle></fundstelle><langue>Bekanntmachung zu § 4 des Warenzeichengesetzes</langue></metadaten><textdaten><text format="XML"><Content><P/></Content></text><fussnoten><Content><P>(+++ Textnachweis ab:  4. 7.1985 +++)</P></Content></fussnoten></textdaten></norm>
<norm builddate="20221020213513" doknr="BJNR012650985BJNE000100319"><metadaten><jurabk>WZG§4VNMBek</jurabk><enbez>(XXXX)</enbez></metadaten><textdaten><text format="XML"><Content><P>(1) Auf Grund des § 4 Abs. 2 Nr. 3 des Warenzeichengesetzes in der Fassung der Bekanntmachung vom 2. Januar 1968 (BGBl. I S. 1, 29) werden in der Anlage amtliche Prüf- und Gewährzeichen bekanntgemacht, die in der Sozialistischen Republik Vietnam eingeführt sind.</P><P>(2) Diese Bekanntmachung ergeht im Anschluß an die Bekanntmachung vom 19. März 1985 (BGBl. I S. 598).</P></Content></text></textdaten></norm>
<norm builddate="20221020213513" doknr="BJNR012650985BJNE000900319"><metadaten><jurabk>WZG§4VNMBek</jurabk><enbez>Schlussformel</enbez></metadaten><textdaten><text format="XML"><Content><P>Der Bundesminister der Justiz</P></Content></text></textdaten></norm>
<norm builddate="20221020213513" doknr="BJNR012650985BJNE000200319"><metadaten><jurabk>WZG§4VNMBek</jurabk><enbez>Anlage</enbez><titel format="XML">Prüf- und Gewährzeichen der Sozialistischen Republik Vietnam</titel></metadaten><textdaten><text format="XML"><Content><P><noindex><kommentar typ="Hinweis">(Inhalt: Nicht darstellbare Muster,</kommentar></noindex><BR/><noindex><kommentar typ="Fundstelle">Fundstelle: BGBl. I 1985, 1265)</kommentar></noindex></P></Content></text></textdaten></norm>
</dokumente>