<?xml version="1.0" encoding="UTF-8" ?><!DOCTYPE dokumente SYSTEM "http://www.gesetze-im-internet.de/dtd/1.01/gii-norm.dtd">
<dokumente builddate="20120625152535" doknr="BJNR036100976"><norm builddate="20120625152535" doknr="BJNR036100976"><metadaten><jurabk>EStDV1975ÄndV</jurabk><ausfertigung-datum manuell="ja">1976-12-20</ausfertigung-datum><fundstelle typ="amtlich"><periodikum>BGBl I</periodikum><zitstelle>1976, 3610</zitstelle></fundstelle><langue>Verordnung zur Änderung der Einkommensteuer-Durchführungsverordnung 1975</langue></metadaten><textdaten><text format="XML"><Content><P/></Content></text><fussnoten><Content><P>(+++ Textnachweis ab: 24.12.1976 +++)</P></Content></fussnoten></textdaten></norm>
<norm builddate="20120625152535" doknr="BJNR036100976BJNE000100306"><metadaten><jurabk>EStDV1975ÄndV</jurabk><enbez>Eingangsformel</enbez></metadaten><textdaten><text format="XML"><Content><P>Auf Grund des § 4 Abs. 5 Ziff. 5, des § 33b Abs. 6 und des § 51 Abs. 1 des Einkommensteuergesetzes 1975 in der Fassung der Bekanntmachung vom 5. September 1974 (Bundesgesetzbl. I S. 2165; 1975 I S. 422), zuletzt geändert durch das Einführungsgesetz zur Abgabenordnung - EGAO 1977 - vom 14. Dezember 1976 (Bundesgesetzbl. I S. 3341), verordnet die Bundesregierung mit Zustimmung des Bundesrates:</P></Content></text></textdaten></norm>
<norm builddate="20120625152535" doknr="BJNR036100976BJNE000200306"><metadaten><jurabk>EStDV1975ÄndV</jurabk><enbez>Art 1</enbez></metadaten><textdaten><text format="XML"><Content><P>-</P></Content></text><fussnoten/></textdaten></norm>
<norm builddate="20120625152535" doknr="BJNR036100976BJNE000300306"><metadaten><jurabk>EStDV1975ÄndV</jurabk><enbez>Art 2</enbez></metadaten><textdaten><text format="XML"><Content><P>Bei der Berechnung des Teilwerts einer Pensionsverpflichtung nach Beendigung des Dienstverhältnisses unter Aufrechterhaltung der Pensionsanwartschaft oder nach Eintritt des Versorgungsfalles ist abweichend von § 6a Abs. 3 letzter Satz des Gesetzes für Wirtschaftsjahre, die vor dem 1. Januar 1976 enden, ein Rechnungszinsfuß von mindestens 3,5 vom Hundert anzuwenden, wenn der Pensionsberechtigte in dem letzten Wirtschaftsjahr vor der Beendigung des Dienstverhältnisses oder dem Eintritt des Versorgungsfalles mindestens acht Monate in einer in Berlin (West) belegenen Betriebstätte beschäftigt war.</P></Content></text></textdaten></norm>
<norm builddate="20120625152535" doknr="BJNR036100976BJNE000400306"><metadaten><jurabk>EStDV1975ÄndV</jurabk><enbez>Art 3</enbez></metadaten><textdaten><text format="XML"><Content><P>Diese Verordnung gilt nach § 14 des Dritten Überleitungsgesetzes vom 4. Januar 1952 (Bundesgesetzbl. I S. 1) in Verbindung mit Artikel 10 des Steueränderungsgesetzes 1966 vom 23. Dezember 1966 (Bundesgesetzbl. I S. 702) auch im Land Berlin.</P></Content></text></textdaten></norm>
<norm builddate="20120625152535" doknr="BJNR036100976BJNE000500306"><metadaten><jurabk>EStDV1975ÄndV</jurabk><enbez>Art 4</enbez></metadaten><textdaten><text format="XML"><Content><P>Diese Verordnung tritt am Tage nach der Verkündung in Kraft.</P></Content></text></textdaten></norm>
</dokumente>