<?xml version="1.0" encoding="UTF-8" ?><!DOCTYPE dokumente SYSTEM "http://www.gesetze-im-internet.de/dtd/1.01/gii-norm.dtd">
<dokumente builddate="20120625154523" doknr="BJNR214720977"><norm builddate="20120625154523" doknr="BJNR214720977"><metadaten><jurabk>BewAufnÜbkHaag</jurabk><ausfertigung-datum manuell="ja">1970-03-18</ausfertigung-datum><fundstelle typ="amtlich"><periodikum>BGBl II</periodikum><zitstelle>1977, 1472</zitstelle></fundstelle><langue>Haager Übereinkommen über die Beweisaufnahme im Ausland in Zivil- oder
Handelssachen</langue></metadaten><textdaten><text format="decorated"/><fussnoten><Content><P>G v. 22.12.1977 II 1452 <BR/>Inkraft gem. Bek. v. 21.6.1979 II 780 mWv 26.6.1979</P></Content></fussnoten></textdaten></norm>
</dokumente>