<?xml version="1.0" encoding="UTF-8" ?><!DOCTYPE dokumente SYSTEM "http://www.gesetze-im-internet.de/dtd/1.01/gii-norm.dtd">
<dokumente builddate="20180726213005" doknr="BJNR120900018"><norm builddate="20180726213005" doknr="BJNR120900018"><metadaten><jurabk>Münz20EuroBek 2018-07-23/3</jurabk><ausfertigung-datum manuell="ja">2018-07-02</ausfertigung-datum><fundstelle typ="amtlich"><periodikum>BGBl I</periodikum><zitstelle>2018, 1209</zitstelle></fundstelle><langue>Bekanntmachung über die Ausprägung von deutschen Euro-Gedenkmünzen im Nennwert von 20 Euro (Gedenkmünze „800 Jahre Hansestadt Rostock“)</langue></metadaten><textdaten><fussnoten><Content><P><BR/> <pre xml:space="preserve">(+++ Textnachweis ab: 23.7.2018 +++)<BR/><BR/></pre></P></Content></fussnoten></textdaten></norm>
<norm builddate="20180726213005" doknr="BJNR120900018BJNE000100000"><metadaten><jurabk>Münz20EuroBek 2018-07-23/3</jurabk><enbez>(XXXX)</enbez></metadaten><textdaten><text format="XML"><Content><P>Gemäß den §§ 2, 4 und 5 des Münzgesetzes vom 16. Dezember 1999 (BGBl. I S. 2402) hat die Bundesregierung beschlossen, zum Thema „800 Jahre Hansestadt Rostock“ eine deutsche Euro-Gedenkmünze im Nennwert von 20 Euro prägen zu lassen. Die Münze erinnert an die Stadtrechtsbestätigung für Rostock im Jahre 1218.</P><P>Die Auflage der Münze beträgt ca. 1,0 Millionen Stück, davon ca. 0,1 Millionen Stück in Spiegelglanzqualität. Die Prägung erfolgt durch die Hamburgische Münze (Prägezeichen J).</P><P>Die Münze wird ab dem 17. Mai 2018 in den Verkehr gebracht. Sie besteht aus einer Legierung von 925 Tausendteilen Silber und 75 Tausendteilen Kupfer, hat einen Durchmesser von 32,5 Millimetern und eine Masse von 18 Gramm. Das Gepräge auf beiden Seiten ist erhaben und wird von einem schützenden, glatten Randstab umgeben.</P><P>Die Bildseite zeigt den Blick über die Hansestadt Rostock hinweg auf das offene Meer, dem die Stadt ihre Geschichte und internationale Einbindung zu verdanken hat. Die Stadt erscheint einladend mit den Wahrzeichen Petrikirche, Kröpeliner Tor, Steintor und Rathaus. Von der Stadt ausgehende dynamische Linien zeichnen den Horizont, den Vogelflug und die für Rostock bedeutenden Schifffahrts- und Handelsrouten nach.</P><P>Die Wertseite zeigt einen Adler, den Schriftzug „BUNDESREPUBLIK DEUTSCHLAND“, Wertziffer und Wertbezeichnung, das Prägezeichen „J“ der Hamburgischen Münze, die Jahreszahl 2018 sowie die zwölf Europasterne. Zusätzlich ist die Angabe „SILBER 925“ aufgeprägt.</P><P>Der glatte Münzrand enthält in vertiefter Prägung die Inschrift:</P><P>„SIT INTRA TE CONCORDIA<BR/>ET PUBLICA FELICITAS <F>•</F>“.</P><P>Es handelt sich hierbei um die lateinische Inschrift des Rostocker Steintores (In deinen Mauern herrsche Eintracht und öffentliches Wohlergehen).</P><P>Der Entwurf der Münze stammt von der Künstlerin Anne Karen Hentschel aus Bremen.</P></Content></text></textdaten></norm>
<norm builddate="20180726213005" doknr="BJNR120900018BJNE000200000"><metadaten><jurabk>Münz20EuroBek 2018-07-23/3</jurabk><enbez>Schlussformel</enbez></metadaten><textdaten><text format="XML"><Content><P><SP>Der Bundesminister der Finanzen</SP></P></Content></text></textdaten></norm>
<norm builddate="20180726213005" doknr="BJNR120900018BJNE000300000"><metadaten><jurabk>Münz20EuroBek 2018-07-23/3</jurabk><enbez>(XXXX)</enbez></metadaten><textdaten><text format="XML"><Content><P><noindex><kommentar typ="Fundstelle">(Fundstelle: BGBl. I 2018, 1209)</kommentar></noindex></P><BR/><table frame="none" pgwide="1" tocentry="%yes;"><tgroup align="left" char="" charoff="50" cols="2"><colspec colname="col1"/><colspec colname="col2"/><tbody valign="top"><row><entry VJ="1" align="left" colname="col1" colsep="0"><IMG Align="center" Height="871" Pos="inline" SRC="bgbl1_2018_j1209-1_0010.jpg" Type="TIF" Units="300" Width="887" alt=""/></entry><entry VJ="1" align="right" colname="col2"><IMG Align="center" Height="867" Pos="inline" SRC="bgbl1_2018_j1209-1_0020.jpg" Type="TIF" Units="300" Width="887" alt=""/></entry></row></tbody></tgroup></table></Content></text></textdaten></norm>
</dokumente>