<?xml version="1.0" encoding="UTF-8" ?><!DOCTYPE dokumente SYSTEM "http://www.gesetze-im-internet.de/dtd/1.01/gii-norm.dtd">
<dokumente builddate="20220421212527" doknr="BJNR014819972"><norm builddate="20220421212527" doknr="BJNR014819972"><metadaten><jurabk>WDNeuOG</jurabk><ausfertigung-datum manuell="ja">1972-08-21</ausfertigung-datum><fundstelle typ="amtlich"><periodikum>BGBl I</periodikum><zitstelle>1972, 1481</zitstelle></fundstelle><langue>Gesetz zur Neuordnung des Wehrdisziplinarrechts</langue><standangabe checked="ja"><standtyp>Stand</standtyp><standkommentar>Geändert durch Art. 2 G v. 16.8.2001 I 2093</standkommentar></standangabe></metadaten><textdaten><fussnoten><Content><P><BR/> <pre xml:space="preserve">(+++ Textnachweis ab: 23.11.1972 +++)<BR/><BR/></pre></P></Content></fussnoten></textdaten></norm>
<norm builddate="20220421212527" doknr="BJNR014819972BJNE001100311"><metadaten><jurabk>WDNeuOG</jurabk><gliederungseinheit><gliederungskennzahl>000</gliederungskennzahl><gliederungsbez>-</gliederungsbez></gliederungseinheit><enbez>Eingangsformel</enbez></metadaten><textdaten><text format="XML"><Content><P>Der Bundestag hat mit Zustimmung des Bundesrates das folgende Gesetz beschlossen:</P></Content></text></textdaten></norm>
<norm builddate="20220421212527" doknr="BJNR014819972BJNG000100311"><metadaten><jurabk>WDNeuOG</jurabk><gliederungseinheit><gliederungskennzahl>010</gliederungskennzahl><gliederungsbez>Art I bis VII</gliederungsbez><gliederungstitel/></gliederungseinheit></metadaten><textdaten><text format="XML"><Content><P/></Content></text><fussnoten/></textdaten></norm>
<norm builddate="20220421212527" doknr="BJNR014819972BJNG000801320"><metadaten><jurabk>WDNeuOG</jurabk><gliederungseinheit><gliederungskennzahl>080</gliederungskennzahl><gliederungsbez>Art VIII</gliederungsbez><gliederungstitel>(weggefallen)</gliederungstitel></gliederungseinheit></metadaten><textdaten><text format="XML"><Content><P/></Content></text><fussnoten/></textdaten></norm>
<norm builddate="20220421212527" doknr="BJNR014819972BJNE001201320"><metadaten><jurabk>WDNeuOG</jurabk><gliederungseinheit><gliederungskennzahl>080</gliederungskennzahl><gliederungsbez>Art VIII</gliederungsbez><gliederungstitel/></gliederungseinheit><enbez>(XXXX) §§ 1 bis 8</enbez><titel format="XML">(weggefallen)</titel></metadaten><textdaten><text format="XML"><Content><P>-</P></Content></text><fussnoten/></textdaten></norm>
<norm builddate="20220421212527" doknr="BJNR014819972BJNG000900311"><metadaten><jurabk>WDNeuOG</jurabk><gliederungseinheit><gliederungskennzahl>090</gliederungskennzahl><gliederungsbez>Art IX</gliederungsbez><gliederungstitel/></gliederungseinheit></metadaten><textdaten><text format="XML"><Content><P><I>(3) Sofern in diesem Gesetz mit Bezug auf den zivilen Ersatzdienst verwendete Bezeichnungen vor dem Inkrafttreten dieses Gesetzes durch ein anderes Gesetz geändert werden, treten die entsprechenden neuen Bezeichnungen an ihre Stelle.</I></P></Content></text><fussnoten/></textdaten></norm>
<norm builddate="20220421212527" doknr="BJNR014819972BJNG001000311"><metadaten><jurabk>WDNeuOG</jurabk><gliederungseinheit><gliederungskennzahl>100</gliederungskennzahl><gliederungsbez>Art X</gliederungsbez><gliederungstitel>Inkrafttreten</gliederungstitel></gliederungseinheit></metadaten><textdaten><text format="XML"><Content><P>Dieses Gesetz tritt drei Monate nach Verkündung in Kraft.</P></Content></text></textdaten></norm>
</dokumente>