<?xml version="1.0" encoding="UTF-8" ?><!DOCTYPE dokumente SYSTEM "http://www.gesetze-im-internet.de/dtd/1.01/gii-norm.dtd">
<dokumente builddate="20250331224020" doknr="BJNR150610017"><norm builddate="20250331224020" doknr="BJNR150610017"><metadaten><jurabk>SBGWV 2017</jurabk><amtabk>SBGWV</amtabk><ausfertigung-datum manuell="ja">2017-05-31</ausfertigung-datum><fundstelle typ="amtlich"><periodikum>BGBl I</periodikum><zitstelle>2017, 1506</zitstelle></fundstelle><langue>Wahlverordnung zum Soldatinnen- und Soldatenbeteiligungsgesetz</langue><standangabe checked="ja"><standtyp>Stand</standtyp><standkommentar>Geändert durch Art. 4 G v. 21.02.2025 I Nr. 55</standkommentar></standangabe><standangabe checked="ja"><standtyp>Sonst</standtyp><standkommentar>Ersetzt V 51-3-4 v. 18.3.1997 I 558 (SBGWV)</standkommentar></standangabe></metadaten><textdaten><fussnoten><Content><P><BR/> <pre xml:space="preserve">(+++ Textnachweis ab: 14.6.2017 +++)<BR/>(+++ Zur Anwendung vgl. §§ 29 Abs. 2 u. 4, 46 Abs. 3 +++)<BR/><BR/></pre></P></Content></fussnoten></textdaten></norm>
<norm builddate="20250331224020" doknr="BJNR150610017BJNE000101311"><metadaten><jurabk>SBGWV 2017</jurabk><jurabk>SBGWV</jurabk><enbez>Inhaltsübersicht</enbez></metadaten><textdaten><text format="XML"><Content><TOC><Ident Class="S1">Kapitel 1</Ident><Title Align="auto" Class="S1">Wahl der Vertrauenspersonen</Title><table colsep="0" frame="none" pgwide="1" rowsep="0" tocentry="%yes;"><tgroup align="left" char="" charoff="50" cols="2"><colspec colname="col1" colnum="1" colwidth="8*"/><colspec colname="col2" colnum="2" colwidth="72*"/><tbody valign="top"><row><entry VJ="1" colname="col1">§  1</entry><entry VJ="1" colname="col2">Wahlbereiche</entry></row><row><entry VJ="1" colname="col1">§  2</entry><entry VJ="1" colname="col2">Zuständige Disziplinarvorgesetzte</entry></row><row><entry VJ="1" colname="col1">§  3</entry><entry VJ="1" colname="col2">Wahlvorstand</entry></row><row><entry VJ="1" colname="col1">§  4</entry><entry VJ="1" colname="col2">Wahltermin</entry></row><row><entry VJ="1" colname="col1">§  5</entry><entry VJ="1" colname="col2">Wählerverzeichnis</entry></row><row><entry VJ="1" colname="col1">§  6</entry><entry VJ="1" colname="col2">Einspruch gegen das Wählerverzeichnis</entry></row><row><entry VJ="1" colname="col1">§  7</entry><entry VJ="1" colname="col2">Wahlausschreiben</entry></row><row><entry VJ="1" colname="col1">§  8</entry><entry VJ="1" colname="col2">Wahlvorschläge</entry></row><row><entry VJ="1" colname="col1">§  9</entry><entry VJ="1" colname="col2">Aufstellung und Bekanntgabe der Bewerberliste</entry></row><row><entry VJ="1" colname="col1">§ 10</entry><entry VJ="1" colname="col2">Stimmabgabe</entry></row><row><entry VJ="1" colname="col1">§ 11</entry><entry VJ="1" colname="col2">Briefwahl</entry></row><row><entry VJ="1" colname="col1">§ 12</entry><entry VJ="1" colname="col2">Wahlbriefe</entry></row><row><entry VJ="1" colname="col1">§ 13</entry><entry VJ="1" colname="col2">Auszählung</entry></row><row><entry VJ="1" colname="col1">§ 14</entry><entry VJ="1" colname="col2">Vereinfachtes Wahlverfahren</entry></row><row><entry VJ="1" colname="col1">§ 15</entry><entry VJ="1" colname="col2">Ablauf des vereinfachten Wahlverfahrens</entry></row><row><entry VJ="1" colname="col1">§ 16</entry><entry VJ="1" colname="col2">Wahlvorgang im vereinfachten Wahlverfahren</entry></row><row><entry VJ="1" colname="col1">§ 17</entry><entry VJ="1" colname="col2">Wahlniederschrift</entry></row><row><entry VJ="1" colname="col1">§ 18</entry><entry VJ="1" colname="col2">Bekanntgabe des Wahlergebnisses</entry></row><row><entry VJ="1" colname="col1">§ 19</entry><entry VJ="1" colname="col2">Wahlunterlagen</entry></row></tbody></tgroup></table><Ident Class="S1">Kapitel 2</Ident><Title Align="auto" Class="S1">Wahl der Vertrauenspersonenausschüsse</Title><Ident Class="S0">Abschnitt 1</Ident><Title Align="auto" Class="S0">Wahl des Gesamtvertrauenspersonenausschusses</Title><table colsep="0" frame="none" pgwide="1" rowsep="0" tocentry="%yes;"><tgroup align="left" char="" charoff="50" cols="2"><colspec colname="col1" colwidth="8*"/><colspec colname="col2" colwidth="72*"/><tbody valign="top"><row><entry VJ="1" colname="col1">§ 20</entry><entry VJ="1" colname="col2">Wahlvorstände</entry></row><row><entry VJ="1" colname="col1">§ 21</entry><entry VJ="1" colname="col2">Leitung der Wahl</entry></row><row><entry VJ="1" colname="col1">§ 22</entry><entry VJ="1" colname="col2">Unterstützung</entry></row><row><entry VJ="1" colname="col1">§ 23</entry><entry VJ="1" colname="col2">Sitzverteilung</entry></row><row><entry VJ="1" colname="col1">§ 24</entry><entry VJ="1" colname="col2">Briefwahl</entry></row><row><entry VJ="1" colname="col1">§ 25</entry><entry VJ="1" colname="col2">Wahlausschreiben</entry></row><row><entry VJ="1" colname="col1">§ 26</entry><entry VJ="1" colname="col2">Wählerverzeichnis</entry></row><row><entry VJ="1" colname="col1">§ 27</entry><entry VJ="1" colname="col2">Einspruch gegen das Wählerverzeichnis</entry></row><row><entry VJ="1" colname="col1">§ 28</entry><entry VJ="1" colname="col2">Bewerbungen</entry></row><row><entry VJ="1" colname="col1">§ 29</entry><entry VJ="1" colname="col2">Aufstellung und Bekanntgabe der Bewerberliste</entry></row><row><entry VJ="1" colname="col1">§ 30</entry><entry VJ="1" colname="col2">Briefwahlunterlagen</entry></row><row><entry VJ="1" colname="col1">§ 31</entry><entry VJ="1" colname="col2">Stimmabgabe</entry></row><row><entry VJ="1" colname="col1">§ 32</entry><entry VJ="1" colname="col2">Auszählung, Losentscheid</entry></row><row><entry VJ="1" colname="col1">§ 33</entry><entry VJ="1" colname="col2">Feststellung des Wahlergebnisses, Wahlniederschrift</entry></row><row><entry VJ="1" colname="col1">§ 34</entry><entry VJ="1" colname="col2">Benachrichtigung der gewählten Bewerberinnen und Bewerber</entry></row><row><entry VJ="1" colname="col1">§ 35</entry><entry VJ="1" colname="col2">Bekanntgabe des Wahlergebnisses</entry></row><row><entry VJ="1" colname="col1">§ 36</entry><entry VJ="1" colname="col2">Wahlunterlagen</entry></row></tbody></tgroup></table><Ident Class="S0">Abschnitt 2</Ident><Title Align="auto" Class="S0">Wahl der Vertrauenspersonenausschüsse</Title><table colsep="0" frame="none" pgwide="1" rowsep="0" tocentry="%yes;"><tgroup align="left" char="" charoff="50" cols="2"><colspec colname="col1" colwidth="8*"/><colspec colname="col2" colwidth="72*"/><tbody valign="top"><row><entry VJ="1" colname="col1">§ 37</entry><entry VJ="1" colname="col2">Wahlvorstand</entry></row><row><entry VJ="1" colname="col1">§ 38</entry><entry VJ="1" colname="col2">Leitung der Wahl</entry></row><row><entry VJ="1" colname="col1">§ 39</entry><entry VJ="1" colname="col2">Unterstützung</entry></row><row><entry VJ="1" colname="col1">§ 40</entry><entry VJ="1" colname="col2">Sitzverteilung</entry></row><row><entry VJ="1" colname="col1">§ 41</entry><entry VJ="1" colname="col2">Briefwahl</entry></row><row><entry VJ="1" colname="col1">§ 42</entry><entry VJ="1" colname="col2">Wahlausschreiben</entry></row><row><entry VJ="1" colname="col1">§ 43</entry><entry VJ="1" colname="col2">Wählerverzeichnis</entry></row><row><entry VJ="1" colname="col1">§ 44</entry><entry VJ="1" colname="col2">Einspruch gegen das Wählerverzeichnis</entry></row><row><entry VJ="1" colname="col1">§ 45</entry><entry VJ="1" colname="col2">Bewerbungen</entry></row><row><entry VJ="1" colname="col1">§ 46</entry><entry VJ="1" colname="col2">Aufstellung und Bekanntgabe der Bewerberliste</entry></row><row><entry VJ="1" colname="col1">§ 47</entry><entry VJ="1" colname="col2">Briefwahlunterlagen</entry></row><row><entry VJ="1" colname="col1">§ 48</entry><entry VJ="1" colname="col2">Stimmabgabe</entry></row><row><entry VJ="1" colname="col1">§ 49</entry><entry VJ="1" colname="col2">Auszählung, Losentscheid</entry></row><row><entry VJ="1" colname="col1">§ 50</entry><entry VJ="1" colname="col2">Feststellung des Wahlergebnisses, Wahlniederschrift</entry></row><row><entry VJ="1" colname="col1">§ 51</entry><entry VJ="1" colname="col2">Benachrichtigung der gewählten Bewerberinnen und Bewerber</entry></row><row><entry VJ="1" colname="col1">§ 52</entry><entry VJ="1" colname="col2">Bekanntgabe des Wahlergebnisses</entry></row><row><entry VJ="1" colname="col1">§ 53</entry><entry VJ="1" colname="col2">Wahlunterlagen</entry></row></tbody></tgroup></table><Ident Class="S1">Kapitel 3</Ident><Title Align="auto" Class="S1">Schlussvorschrift</Title><table colsep="0" frame="none" pgwide="1" rowsep="0" tocentry="%yes;"><tgroup align="left" char="" charoff="50" cols="2"><colspec colname="col1" colwidth="8*"/><colspec colname="col2" colwidth="72*"/><tbody valign="top"><row><entry VJ="1" colname="col1">§ 54</entry><entry VJ="1" colname="col2">Übergangsregelung</entry></row></tbody></tgroup></table></TOC></Content></text><fussnoten/></textdaten></norm>
<norm builddate="20250331224020" doknr="BJNR150610017BJNG000100000"><metadaten><jurabk>SBGWV 2017</jurabk><jurabk>SBGWV</jurabk><gliederungseinheit><gliederungskennzahl>010</gliederungskennzahl><gliederungsbez>Kapitel 1</gliederungsbez><gliederungstitel>Wahl der Vertrauenspersonen</gliederungstitel></gliederungseinheit></metadaten><textdaten/></norm>
<norm builddate="20250331224020" doknr="BJNR150610017BJNE000201311"><metadaten><jurabk>SBGWV 2017</jurabk><jurabk>SBGWV</jurabk><enbez>§ 1</enbez><titel format="XML">Wahlbereiche</titel></metadaten><textdaten><text format="XML"><Content><P>(1) Soldatinnen und Soldaten, die sich in der Grundausbildung befinden, wählen Vertrauenspersonen nach § 4 Absatz 3 Nummer 1 des Soldatinnen- und Soldatenbeteiligungsgesetzes.</P><P>(2) Sobald bei einer Wählergruppe nach § 4 Absatz 1 Satz 1 des Soldatinnen- und Soldatenbeteiligungsgesetzes die Voraussetzungen für eine Zuteilung nach § 4 Absatz 6 des Soldatinnen- und Soldatenbeteiligungsgesetzes vorliegen, meldet die oder der Disziplinarvorgesetzte dies unverzüglich der zuständigen Kommandobehörde. Gleichzeitig legt sie oder er einen Vorschlag vor, welcher Dienststelle oder Einheit die Wahlberechtigten zugeteilt werden sollen. Die Zuteilung durch die zuständige Kommandobehörde wird mit Bekanntgabe der Entscheidung an die Disziplinarvorgesetzte oder den Disziplinarvorgesetzten wirksam. Die Kommandos im Sinne des § 39 Absatz 1 des Soldatinnen- und Soldatenbeteiligungsgesetzes sollen für wiederkehrende Fälle allgemeine Regelungen treffen.</P></Content></text><fussnoten/></textdaten></norm>
<norm builddate="20250331224020" doknr="BJNR150610017BJNE000300000"><metadaten><jurabk>SBGWV 2017</jurabk><jurabk>SBGWV</jurabk><enbez>§ 2</enbez><titel format="XML">Zuständige Disziplinarvorgesetzte</titel></metadaten><textdaten><text format="XML"><Content><P>(1) Die Aufgaben und Befugnisse der oder des Disziplinarvorgesetzten nach diesem <I>Kapitel</I> und nach dem Soldatinnen- und Soldatenbeteiligungsgesetz nimmt die oder der unterste gemeinsame Disziplinarvorgesetzte der Angehörigen derjenigen Wählergruppe wahr, für die die Vertrauensperson und die stellvertretenden Vertrauenspersonen gewählt werden sollen.</P><P>(2) Die oder der Disziplinarvorgesetzte unterstützt den Wahlvorstand. Insbesondere weist sie oder er ihn in seine Aufgaben ein, erteilt Auskünfte und stellt die notwendigen Unterlagen und Räume sowie den erforderlichen Geschäftsbedarf zur Verfügung.</P></Content></text><fussnoten><Content><P>§ 2 Abs. 1 Kursivdruck: Aufgrund offensichtlicher Unrichtigkeit wurde das  Wort &quot;Abschnitt&quot; durch das Wort &quot;Kapitel&quot; ersetzt</P></Content></fussnoten></textdaten></norm>
<norm builddate="20250331224020" doknr="BJNR150610017BJNE000400000"><metadaten><jurabk>SBGWV 2017</jurabk><jurabk>SBGWV</jurabk><enbez>§ 3</enbez><titel format="XML">Wahlvorstand</titel></metadaten><textdaten><text format="XML"><Content><P>(1) Die oder der Disziplinarvorgesetzte bestellt für den Wahlvorstand nach § 3 Absatz 2 Satz 1 des Soldatinnen- und Soldatenbeteiligungsgesetzes Ersatzmitglieder in ausreichender Zahl.</P><P>(2) Die Wahl des Wahlvorstands in einer Wahlversammlung nach § 3 Absatz 2 Satz 2 des Soldatinnen- und Soldatenbeteiligungsgesetzes erfolgt durch Handaufheben. Die oder der Disziplinarvorgesetzte bestellt die drei Wahlberechtigten als Wahlvorstand, die die meisten Stimmen erhalten haben; als Ersatzmitglieder des Wahlvorstands bestellt sie oder er in ausreichender Zahl die Wahlberechtigten mit den nächsthöheren Stimmenzahlen. Zur oder zum Vorsitzenden soll das Mitglied des Wahlvorstands bestellt werden, das die höchste Stimmenzahl erhalten hat.</P><P>(3) Die Mitglieder und Ersatzmitglieder des Wahlvorstands sind durch Schulungsmaßnahmen auf ihre Aufgaben vorzubereiten.</P><P>(4) Soweit erforderlich, sind die Mitglieder des Wahlvorstands für die Durchführung der Wahl von ihrer dienstlichen Tätigkeit freizustellen.</P><P>(5) Die Beschlüsse des Wahlvorstands werden in einer Niederschrift dokumentiert.</P></Content></text></textdaten></norm>
<norm builddate="20250331224020" doknr="BJNR150610017BJNE000500000"><metadaten><jurabk>SBGWV 2017</jurabk><jurabk>SBGWV</jurabk><enbez>§ 4</enbez><titel format="XML">Wahltermin</titel></metadaten><textdaten><text format="XML"><Content><P>Der Wahlvorstand legt im Einvernehmen mit der oder dem Disziplinarvorgesetzten unverzüglich nach seiner Bestellung Zeitpunkt, Ort und Dauer der Wahl fest. Die Wahl soll spätestens sechs Wochen nach Bestellung des Wahlvorstands stattfinden.</P></Content></text></textdaten></norm>
<norm builddate="20250331224020" doknr="BJNR150610017BJNE000600000"><metadaten><jurabk>SBGWV 2017</jurabk><jurabk>SBGWV</jurabk><enbez>§ 5</enbez><titel format="XML">Wählerverzeichnis</titel></metadaten><textdaten><text format="XML"><Content><P>(1) Die oder der Disziplinarvorgesetzte stellt dem Wahlvorstand ein Verzeichnis der Wahlberechtigten zur Verfügung. Der Wahlvorstand prüft das Wählerverzeichnis und führt es bis zum Abschluss der Wahl fort. Das Wählerverzeichnis enthält zu jeder und jedem Wahlberechtigten jeweils <DL Type="arabic"><DT>1.</DT><DD Font="normal"><LA>den Familiennamen,</LA></DD><DT>2.</DT><DD Font="normal"><LA>die Vornamen und</LA></DD><DT>3.</DT><DD Font="normal"><LA>den Dienstgrad.</LA></DD></DL></P><P>(2) Das Wählerverzeichnis oder eine Abschrift davon ist innerhalb einer Woche nach Einleitung der Wahl bis zu deren Abschluss an allgemein zugänglichen Stellen zur Einsicht auszulegen.</P></Content></text></textdaten></norm>
<norm builddate="20250331224020" doknr="BJNR150610017BJNE000700000"><metadaten><jurabk>SBGWV 2017</jurabk><jurabk>SBGWV</jurabk><enbez>§ 6</enbez><titel format="XML">Einspruch gegen das Wählerverzeichnis</titel></metadaten><textdaten><text format="XML"><Content><P>(1) Die Wahlberechtigten können gegen das Wählerverzeichnis innerhalb einer Woche nach Auslegung Einspruch einlegen. Der Einspruch ist schriftlich einzulegen.</P><P>(2) Über den Einspruch entscheidet der Wahlvorstand. Will der Wahlvorstand dem Einspruch stattgeben, soll die oder der Betroffene gehört werden. Dies gilt nicht, wenn sie oder er selbst den Einspruch eingelegt hat. Die Entscheidung ist der Einspruchsführerin oder dem Einspruchsführer und der oder dem Betroffenen unverzüglich, spätestens jedoch einen Werktag vor Beginn der Wahl, schriftlich mitzuteilen und zu dokumentieren.</P><P>(3) Ist der Einspruch fristgerecht eingegangen und begründet, berichtigt der Wahlvorstand das Wählerverzeichnis.</P></Content></text></textdaten></norm>
<norm builddate="20250331224020" doknr="BJNR150610017BJNE000800000"><metadaten><jurabk>SBGWV 2017</jurabk><jurabk>SBGWV</jurabk><enbez>§ 7</enbez><titel format="XML">Wahlausschreiben</titel></metadaten><textdaten><text format="XML"><Content><P>(1) Mit Erlass des Wahlausschreibens ist die Wahl eingeleitet. Ausfertigungen oder Kopien des Wahlausschreibens werden an allgemein zugänglichen Stellen ausgehängt. Die Aushänge sind bis zum Abschluss der Wahl in lesbarem Zustand zu halten. Unrichtigkeiten des Wahlausschreibens hat der Wahlvorstand zu berichtigen.</P><P>(2) Das Wahlausschreiben enthält <DL Type="arabic"><DT>1.</DT><DD Font="normal"><LA>zu jedem Mitglied des Wahlvorstands <DL Type="alpha"><DT>a)</DT><DD Font="normal"><LA>den Familiennamen,</LA></DD><DT>b)</DT><DD Font="normal"><LA>die Vornamen,</LA></DD><DT>c)</DT><DD Font="normal"><LA>den Dienstgrad und</LA></DD><DT>d)</DT><DD Font="normal"><LA>die Dienststelle,</LA></DD></DL></LA></DD><DT>2.</DT><DD Font="normal"><LA>den Tag, ab dem das Wählerverzeichnis zur Einsicht ausliegt,</LA></DD><DT>3.</DT><DD Font="normal"><LA>den Ort, an dem das Wählerverzeichnis zur Einsicht ausliegt,</LA></DD><DT>4.</DT><DD Font="normal"><LA>das Ende der Frist für Einsprüche gegen das Wählerverzeichnis,</LA></DD><DT>5.</DT><DD Font="normal"><LA>den Tag, bis zu dem Wahlvorschläge eingereicht werden können,</LA></DD><DT>6.</DT><DD Font="normal"><LA>den Ort und den Zeitraum der Wahl,</LA></DD><DT>7.</DT><DD Font="normal"><LA>den Ort und den Zeitraum der öffentlichen Auszählung der Stimmen und</LA></DD><DT>8.</DT><DD Font="normal"><LA>einen Hinweis auf eine nach § 11 Absatz 2 angeordnete Briefwahl.</LA></DD></DL></P><P>(3) In dem Wahlausschreiben ist darauf hinzuweisen, dass <DL Type="arabic"><DT>1.</DT><DD Font="normal"><LA>nur Soldatinnen und Soldaten wählen können, die in das Wählerverzeichnis eingetragen sind,</LA></DD><DT>2.</DT><DD Font="normal"><LA>Einsprüche gegen das Wählerverzeichnis nur bis zum angegebenen Zeitpunkt schriftlich beim Wahlvorstand eingelegt werden können,</LA></DD><DT>3.</DT><DD Font="normal"><LA>nur gewählt werden kann, wer in einem gültigen Wahlvorschlag aufgeführt ist,</LA></DD><DT>4.</DT><DD Font="normal"><LA>die schriftliche Zustimmung der Bewerberinnen und Bewerber vorliegen muss,</LA></DD><DT>5.</DT><DD Font="normal"><LA>jeder Wahlvorschlag von mindestens drei Wahlberechtigten unterzeichnet sein muss,</LA></DD><DT>6.</DT><DD Font="normal"><LA>jede und jeder Wahlberechtigte nur einen Wahlvorschlag unterzeichnen darf,</LA></DD><DT>7.</DT><DD Font="normal"><LA>nur Wahlvorschläge berücksichtigt werden, die fristgerecht beim Wahlvorstand eingegangen sind,</LA></DD><DT>8.</DT><DD Font="normal"><LA>Wahlberechtigte, die verhindert sind, ihre Stimme persönlich abzugeben, die Möglichkeit der Briefwahl haben.</LA></DD></DL></P></Content></text></textdaten></norm>
<norm builddate="20250331224020" doknr="BJNR150610017BJNE000900000"><metadaten><jurabk>SBGWV 2017</jurabk><jurabk>SBGWV</jurabk><enbez>§ 8</enbez><titel format="XML">Wahlvorschläge</titel></metadaten><textdaten><text format="XML"><Content><P>(1) Wahlvorschläge können innerhalb von zwei Wochen nach Aushang des Wahlausschreibens eingereicht werden. Jeder Wahlvorschlag muss von mindestens drei Wahlberechtigten unterzeichnet sein. Niemand darf mehr als einen Wahlvorschlag unterzeichnen. In dem Wahlvorschlag ist zu jeder Bewerberin und jedem Bewerber Folgendes anzugeben: <DL Type="arabic"><DT>1.</DT><DD Font="normal"><LA>der Familienname,</LA></DD><DT>2.</DT><DD Font="normal"><LA>die Vornamen und</LA></DD><DT>3.</DT><DD Font="normal"><LA>der Dienstgrad.</LA></DD></DL>Dem Wahlvorschlag ist die schriftliche Zustimmung der Bewerberin oder des Bewerbers für die Aufstellung zur Wahl beizufügen.</P><P>(2) Der Wahlvorstand gibt einen Wahlvorschlag unverzüglich zurück, wenn <DL Type="arabic"><DT>1.</DT><DD Font="normal"><LA>dieser nicht die erforderliche Zahl von Unterschriften aufweist,</LA></DD><DT>2.</DT><DD Font="normal"><LA>dieser von einer oder einem Wahlberechtigten unterzeichnet ist, die oder der bereits einen anderen Wahlvorschlag unterzeichnet hat, und wenn der Wahlvorschlag im Fall der Streichung der Unterschrift dieser oder dieses Wahlberechtigten nicht die erforderliche Zahl von Unterschriften aufweist,</LA></DD><DT>3.</DT><DD Font="normal"><LA>dieser nicht wählbare Bewerberinnen oder Bewerber enthält oder</LA></DD><DT>4.</DT><DD Font="normal"><LA>keine schriftliche Zustimmung der Bewerberinnen oder Bewerber vorliegt.</LA></DD></DL>Die Rückgabe ist zu begründen. Der oder dem Vorschlagenden ist Gelegenheit zu geben, die Mängel innerhalb von zwei Wochen nach Aushang des Wahlausschreibens zu beseitigen.</P><P>(3) Sind nach Ablauf der Frist nach Absatz 1 Satz 1 weniger als drei Bewerberinnen oder Bewerber gültig vorgeschlagen worden, fordert der Wahlvorstand die Wahlberechtigten durch einen Aushang auf, innerhalb einer Nachfrist von drei Werktagen weitere Wahlvorschläge einzureichen. Der Aushang erfolgt an denselben Stellen, an denen das Wahlausschreiben ausgehängt worden ist. Gehen keine weiteren Wahlvorschläge ein, ist die Wahl mit den vorliegenden Wahlvorschlägen durchzuführen.</P><P>(4) Ist nach Ablauf der Frist nach Absatz 1 Satz 1 kein Wahlvorschlag eingegangen, verlängert der Wahlvorstand die Frist um zwei Wochen. Die oder der Disziplinarvorgesetzte hat die Wahlberechtigten <DL Type="arabic"><DT>1.</DT><DD Font="normal"><LA>auf die Aufgaben und Bedeutung des Amtes einer Vertrauensperson sowie auf die Folgen der Nichtbenennung von Bewerberinnen oder Bewerbern hinzuweisen und</LA></DD><DT>2.</DT><DD Font="normal"><LA>aufzufordern, innerhalb der verlängerten Frist nunmehr Wahlvorschläge einzureichen.</LA></DD></DL></P><P>(5) Gehen nach Ablauf der nach Absatz 4 Satz 1 verlängerten Frist keine Wahlvorschläge ein, ist das Wahlverfahren abzubrechen. Eine erneute Wahl ist erst auf Antrag von mindestens drei Wahlberechtigten einzuleiten.</P><P>(6) Verspätet eingegangene Wahlvorschläge sind zurückzuweisen.</P></Content></text></textdaten></norm>
<norm builddate="20250331224020" doknr="BJNR150610017BJNE001000000"><metadaten><jurabk>SBGWV 2017</jurabk><jurabk>SBGWV</jurabk><enbez>§ 9</enbez><titel format="XML">Aufstellung und Bekanntgabe der Bewerberliste</titel></metadaten><textdaten><text format="XML"><Content><P>(1) Nach Ablauf der letzten Frist für das Einreichen der Wahlvorschläge stellt der Wahlvorstand eine Liste der gültig vorgeschlagenen Bewerberinnen und Bewerber in alphabetischer Reihenfolge zusammen (Bewerberliste).</P><P>(2) Der Wahlvorstand gibt den Wahlberechtigten spätestens fünf Werktage vor Beginn der Wahl die Bewerberliste durch Aushang an denselben Stellen bekannt, an denen das Wahlausschreiben ausgehängt worden ist.</P></Content></text></textdaten></norm>
<norm builddate="20250331224020" doknr="BJNR150610017BJNE001100000"><metadaten><jurabk>SBGWV 2017</jurabk><jurabk>SBGWV</jurabk><enbez>§ 10</enbez><titel format="XML">Stimmabgabe</titel></metadaten><textdaten><text format="XML"><Content><P>(1) Wählen darf nur, wer in das Wählerverzeichnis eingetragen ist. Die Wahlberechtigten haben jeweils drei Stimmen. Sie dürfen für jede Bewerberin und jeden Bewerber höchstens eine Stimme abgeben.</P><P>(2) Die Wahlberechtigten erhalten vom Wahlvorstand einen Stimmzettel, auf dem die Bewerberinnen und Bewerber in derselben Reihenfolge wie in der Bewerberliste aufgeführt sind.</P><P>(3) Die Wahlberechtigten <DL Type="arabic"><DT>1.</DT><DD Font="normal"><LA>kennzeichnen den Stimmzettel,</LA></DD><DT>2.</DT><DD Font="normal"><LA>falten ihn so, dass die Stimmabgabe nicht erkennbar ist, und</LA></DD><DT>3.</DT><DD Font="normal"><LA>legen ihn in die Wahlurne.</LA></DD></DL></P><P>(4) Mindestens zwei Mitglieder des Wahlvorstands müssen während der Zeit anwesend sein, in der die Stimmen abgegeben werden können. Sie sorgen für die Wahrung des Wahlgeheimnisses und vermerken die Stimmabgabe im Wählerverzeichnis.</P></Content></text></textdaten></norm>
<norm builddate="20250331224020" doknr="BJNR150610017BJNE001200000"><metadaten><jurabk>SBGWV 2017</jurabk><jurabk>SBGWV</jurabk><enbez>§ 11</enbez><titel format="XML">Briefwahl</titel></metadaten><textdaten><text format="XML"><Content><P>(1) Wahlberechtigte, die am Wahltag verhindert sind, ihre Stimme persönlich abzugeben, können mittels Briefwahl an der Wahl teilnehmen.</P><P>(2) Kann die Wahl wegen großer Entfernung einzelner Teile eines Wahlbereichs nicht nach § 10 Absatz 3 und 4 durchgeführt werden, kann der Wahlvorstand im Einvernehmen mit der oder dem Disziplinarvorgesetzten die Briefwahl allgemein anordnen.</P><P>(3) Der Wahlvorstand stellt den Wahlberechtigten folgende Briefwahlunterlagen zur Verfügung, indem er sie zur Abholung bereithält oder versendet: <DL Type="arabic"><DT>1.</DT><DD Font="normal"><LA>einen Stimmzettel,</LA></DD><DT>2.</DT><DD Font="normal"><LA>einen Stimmzettelumschlag,</LA></DD><DT>3.</DT><DD Font="normal"><LA>eine vorgedruckte Erklärung, dass die oder der Wahlberechtigte den Stimmzettel <DL Type="alpha"><DT>a)</DT><DD Font="normal"><LA>persönlich und geheim gekennzeichnet hat oder</LA></DD><DT>b)</DT><DD Font="normal"><LA>im Fall eines körperlichen Gebrechens gemäß ihrem oder seinem erklärten Willen durch eine Person des Vertrauens hat kennzeichnen lassen,</LA></DD></DL></LA></DD><DT>4.</DT><DD Font="normal"><LA>einen an den Wahlvorstand adressierten Freiumschlag mit der oder dem Wahlberechtigten als Absenderin oder Absender und der Aufschrift „Schriftliche Stimmabgabe“ sowie</LA></DD><DT>5.</DT><DD Font="normal"><LA>ein Begleitschreiben, in dem das Wahlverfahren beschrieben und der Tag für den fristgerechten Eingang der Wahlbriefe genannt ist.</LA></DD></DL></P><P>(4) Der Wahlvorstand hat die Bereitstellung der Unterlagen für die Briefwahl im Wählerverzeichnis zu vermerken.</P></Content></text></textdaten></norm>
<norm builddate="20250331224020" doknr="BJNR150610017BJNE001300000"><metadaten><jurabk>SBGWV 2017</jurabk><jurabk>SBGWV</jurabk><enbez>§ 12</enbez><titel format="XML">Wahlbriefe</titel></metadaten><textdaten><text format="XML"><Content><P>(1) Die Wahlberechtigten kennzeichnen den Stimmzettel und legen ihn in den Stimmzettelumschlag. Der Stimmzettelumschlag darf nur den Stimmzettel enthalten. Die Wahlberechtigten haben durch Unterzeichnung der vorgedruckten Erklärung zu bestätigen, dass sie den Stimmzettel persönlich und geheim gekennzeichnet haben. Die Wahlberechtigten legen den Stimmzettelumschlag zusammen mit der Erklärung in den Freiumschlag und senden den Wahlbrief an den Wahlvorstand.</P><P>(2) Im Fall eines körperlichen Gebrechens können die Wahlberechtigten den Stimmzettel durch eine Person des Vertrauens kennzeichnen lassen. Die Person des Vertrauens hat durch Unterzeichnung der vorgedruckten Erklärung zu bestätigen, dass sie den Stimmzettel gemäß dem erklärten Willen der oder des Wahlberechtigten gekennzeichnet hat. Die Person des Vertrauens legt den Stimmzettelumschlag zusammen mit der Erklärung in den Freiumschlag und sendet den Wahlbrief an den Wahlvorstand. Die Person des Vertrauens ist zur Geheimhaltung über Kenntnisse verpflichtet, die sie bei der Hilfestellung bei der Wahl durch einen anderen erlangt hat.</P><P>(3) Die beim Wahlvorstand eingegangenen Wahlbriefe sind ungeöffnet und sicher vor dem Zugriff Dritter aufzubewahren.</P><P>(4) Der Wahlvorstand entnimmt den Wahlbriefen unmittelbar vor Abschluss der Wahl die Stimmzettelumschläge und legt diese, wenn die unterschriebene Erklärung beiliegt, ungeöffnet in eine verschlossene Wahlurne. Mindestens zwei Mitglieder des Wahlvorstands vermerken die Stimmabgabe im Wählerverzeichnis. Stimmzettelumschläge, denen keine unterschriebene Erklärung beigefügt ist, bleiben ungeöffnet und sind mit dem Vermerk „ungültig“ zu versehen; der Vermerk ist von einem Mitglied des Wahlvorstands zu unterschreiben.</P><P>(5) Verspätet eingegangene Wahlbriefe bleiben ungeöffnet und werden vom Wahlvorstand mit einem Vermerk über den Zeitpunkt des Eingangs versehen.</P></Content></text></textdaten></norm>
<norm builddate="20250331224020" doknr="BJNR150610017BJNE001400000"><metadaten><jurabk>SBGWV 2017</jurabk><jurabk>SBGWV</jurabk><enbez>§ 13</enbez><titel format="XML">Auszählung</titel></metadaten><textdaten><text format="XML"><Content><P>(1) Der Wahlvorstand zählt unverzüglich nach Abschluss der Wahl die Stimmen öffentlich aus.</P><P>(2) Der Wahlvorstand beschließt über die Gültigkeit der Stimmzettel.</P><P>(3) Ungültig sind Stimmzettel, <DL Type="arabic"><DT>1.</DT><DD Font="normal"><LA>auf denen mehr als drei Namen gekennzeichnet sind,</LA></DD><DT>2.</DT><DD Font="normal"><LA>die mit einem Zusatz oder einem Vorbehalt versehen sind oder</LA></DD><DT>3.</DT><DD Font="normal"><LA>aus denen sich der Wählerwille nicht zweifelsfrei ergibt.</LA></DD></DL>Ungültige Stimmzettel sind in einer Liste zu erfassen, mit fortlaufenden Nummern zu versehen und von den übrigen Stimmzetteln zu trennen.</P><P>(4) Zur Vertrauensperson ist die Bewerberin oder der Bewerber gewählt, auf die oder den die meisten Stimmen entfallen. Zu stellvertretenden Vertrauenspersonen sind in der Reihenfolge der erreichten Stimmenzahlen die Soldatinnen oder Soldaten gewählt, die die nächstniedrigeren Stimmenzahlen erhalten haben. Bei Stimmengleichheit entscheidet das Los. Dieses wird im unmittelbaren Anschluss an die Auszählung von der oder dem Vorsitzenden des Wahlvorstands gezogen.</P><P>(5) Der Wahlvorstand stellt das Ergebnis der Wahl fest.</P></Content></text></textdaten></norm>
<norm builddate="20250331224020" doknr="BJNR150610017BJNE001500000"><metadaten><jurabk>SBGWV 2017</jurabk><jurabk>SBGWV</jurabk><enbez>§ 14</enbez><titel format="XML">Vereinfachtes Wahlverfahren</titel></metadaten><textdaten><text format="XML"><Content><P>(1) Ein vereinfachtes Wahlverfahren ist durchzuführen <DL Type="arabic"><DT>1.</DT><DD Font="normal"><LA>bei einer besonderen Verwendung im Ausland nach § 56 Absatz 1 des Bundesbesoldungsgesetzes,</LA></DD><DT>2.</DT><DD Font="normal"><LA>im Fall des § 14 Absatz 3 des Soldatinnen- und Soldatenbeteiligungsgesetzes,</LA></DD><DT>3.</DT><DD Font="normal"><LA>in Wahlbereichen, in denen die Amtszeit voraussichtlich weniger als zwölf Monate betragen wird.</LA></DD></DL></P><P>(2) Das vereinfachte Wahlverfahren richtet sich nach den §§ 1 und 2, § 3 Absatz 2 bis 4, § 5 Absatz 1, § 10 Absatz 1 Satz 1 und Absatz 4, § 13 Absatz 3 Nummer 2 und 3 und Absatz 4, den §§ 14 bis 17 und § 19 Absatz 1 Nummer 1, 3, 5, 6, 12 bis 14.</P></Content></text></textdaten></norm>
<norm builddate="20250331224020" doknr="BJNR150610017BJNE001600000"><metadaten><jurabk>SBGWV 2017</jurabk><jurabk>SBGWV</jurabk><enbez>§ 15</enbez><titel format="XML">Ablauf des vereinfachten Wahlverfahrens</titel></metadaten><textdaten><text format="XML"><Content><P>(1) Die oder der Disziplinarvorgesetzte bestellt den Wahlvorstand auf Vorschlag der amtierenden Vertrauensperson. Falls keine Vertrauensperson vorhanden ist, beruft die oder der Disziplinarvorgesetzte zur Wahl des Wahlvorstands eine Versammlung der Wahlberechtigten des Wahlbereichs ein.</P><P>(2) Die oder der Disziplinarvorgesetzte stellt dem Wahlvorstand ein Verzeichnis der Wahlberechtigten zur Verfügung. Der Wahlvorstand prüft das Wählerverzeichnis und führt es bis zum Abschluss der Wahl fort. Der Wahlvorstand beruft unverzüglich eine Wahlversammlung zur Wahl der Vertrauensperson und der stellvertretenden Vertrauenspersonen ein.</P><P>(3) Der Wahlvorstand gibt den Wahlberechtigten durch Auslage an allgemein zugänglichen Stellen das Wählerverzeichnis bekannt. Auf die Einspruchsmöglichkeit ist hinzuweisen. Der Wahlvorstand nimmt Einsprüche gegen das Wählerverzeichnis entgegen. Über die Einsprüche entscheidet er sofort. Will der Wahlvorstand dem Einspruch stattgeben, soll die oder der Betroffene gehört werden. Dies gilt nicht, wenn sie oder er selbst den Einspruch eingelegt hat. Ist der Einspruch begründet, berichtigt der Wahlvorstand das Wählerverzeichnis. Die Entscheidung über den Einspruch ist zu dokumentieren.</P><P>(4) Der Wahlvorstand nimmt die Bewerbungen und andere Wahlvorschläge entgegen und gibt sie nach Zustimmung der Vorgeschlagenen bekannt.</P><P>(5) Gehen bis zum Ende der Wahlversammlung keine Wahlvorschläge ein, hat die oder der Disziplinarvorgesetzte die Wahlberechtigten <DL Type="arabic"><DT>1.</DT><DD Font="normal"><LA>auf die Aufgabe und Bedeutung des Amtes einer Vertrauensperson sowie auf die Folgen der Nichtbenennung von Bewerberinnen oder Bewerbern hinzuweisen und</LA></DD><DT>2.</DT><DD Font="normal"><LA>sie aufzufordern, nunmehr Wahlvorschläge einzureichen.</LA></DD></DL>Gehen auch danach keine Wahlvorschläge ein, ist das Wahlverfahren abzubrechen. Auf Antrag von mindestens drei Wahlberechtigten ist ein neues Wahlverfahren einzuleiten.</P></Content></text></textdaten></norm>
<norm builddate="20250331224020" doknr="BJNR150610017BJNE001700000"><metadaten><jurabk>SBGWV 2017</jurabk><jurabk>SBGWV</jurabk><enbez>§ 16</enbez><titel format="XML">Wahlvorgang im vereinfachten Wahlverfahren</titel></metadaten><textdaten><text format="XML"><Content><P>(1) Die Wahlberechtigten haben jeweils eine Stimme.</P><P>(2) Gewählt wird durch Handaufheben. Widersprechen Wahlberechtigte diesem Verfahren, wird geheim gewählt.</P><P>(3) Wird durch Handaufheben gewählt, nimmt der Wahlvorstand die Stimmauszählung vor und stellt das Ergebnis der Wahl fest.</P><P>(4) Ist geheim zu wählen, verteilt der Wahlvorstand Stimmzettel von gleicher Farbe und Größe. Er sorgt dafür, dass die Wahlberechtigten ihren Stimmzettel geheim ausfüllen und so gefaltet, dass die Stimmabgabe nicht erkennbar ist, in einen dafür bestimmten Behälter legen können. Nach Abschluss der Wahl zählt der Wahlvorstand unverzüglich die Stimmen öffentlich aus und stellt das Ergebnis der Wahl fest.</P><P>(5) Der Wahlvorstand gibt das Ergebnis der Wahl unverzüglich durch einen zweiwöchigen Aushang der Wahlniederschrift an der Stelle bekannt, an der auch das Wählerverzeichnis veröffentlicht wurde. Der Aushang ist mit Datumsstempel und Unterschrift zu dokumentieren.</P></Content></text></textdaten></norm>
<norm builddate="20250331224020" doknr="BJNR150610017BJNE001800000"><metadaten><jurabk>SBGWV 2017</jurabk><jurabk>SBGWV</jurabk><enbez>§ 17</enbez><titel format="XML">Wahlniederschrift</titel></metadaten><textdaten><text format="XML"><Content><P>(1) Über das Wahlergebnis fertigt der Wahlvorstand eine Wahlniederschrift an. Sie enthält <DL Type="arabic"><DT>1.</DT><DD Font="normal"><LA>die Zahl der Wahlberechtigten,</LA></DD><DT>2.</DT><DD Font="normal"><LA>die Zahl der gültigen Stimmzettel,</LA></DD><DT>3.</DT><DD Font="normal"><LA>die Zahl der ungültigen Stimmzettel,</LA></DD><DT>4.</DT><DD Font="normal"><LA>die Zahl der abgegebenen Stimmen,</LA></DD><DT>5.</DT><DD Font="normal"><LA>die Zahl der ungültigen Stimmzettelumschläge und</LA></DD><DT>6.</DT><DD Font="normal"><LA>die Namen der gewählten Vertrauensperson und der stellvertretenden Vertrauenspersonen mit der jeweils auf sie entfallenden Anzahl gültiger Stimmen.</LA></DD></DL></P><P>(2) Die Mitglieder des Wahlvorstands unterzeichnen die Niederschrift.</P><P>(3) Sofern nach § 16 Absatz 2 Satz 1 gewählt wird, enthält die Wahlniederschrift lediglich die Angaben nach Absatz 1 Satz 2 Nummer 1, 4 und 6. Sofern nach § 16 Absatz 2 Satz 2 gewählt wird, enthält die Wahlniederschrift die Angaben nach Absatz 1 Satz 2 Nummer 1 bis 4 und 6.</P><P>(4) Besondere Ereignisse bei der Wahl, insbesondere der Losentscheid nach § 13 Absatz 4 Satz 3, sind zu vermerken.</P></Content></text></textdaten></norm>
<norm builddate="20250331224020" doknr="BJNR150610017BJNE001900000"><metadaten><jurabk>SBGWV 2017</jurabk><jurabk>SBGWV</jurabk><enbez>§ 18</enbez><titel format="XML">Bekanntgabe des Wahlergebnisses</titel></metadaten><textdaten><text format="XML"><Content><P>(1) Der Wahlvorstand gibt das Ergebnis der Wahl unverzüglich durch einen zweiwöchigen Aushang der Wahlniederschrift an der Stelle bekannt, an der auch das Wahlausschreiben veröffentlicht wurde. Der Aushang ist mit Datumsstempel und Unterschrift zu dokumentieren.</P><P>(2) Der Wahlvorstand benachrichtigt unverzüglich die als Vertrauensperson oder stellvertretende Vertrauensperson Gewählten und die oder den Disziplinarvorgesetzten. Soweit die Gewählten nicht innerhalb von drei Werktagen die Ablehnung schriftlich erklären, gilt die Wahl als angenommen.</P></Content></text></textdaten></norm>
<norm builddate="20250331224020" doknr="BJNR150610017BJNE002000000"><metadaten><jurabk>SBGWV 2017</jurabk><jurabk>SBGWV</jurabk><enbez>§ 19</enbez><titel format="XML">Wahlunterlagen</titel></metadaten><textdaten><text format="XML"><Content><P>(1) Zu den Wahlunterlagen sind zu nehmen: <DL Type="arabic"><DT>1.</DT><DD Font="normal"><LA>das Wählerverzeichnis,</LA></DD><DT>2.</DT><DD Font="normal"><LA>das Wahlausschreiben,</LA></DD><DT>3.</DT><DD Font="normal"><LA>die Wahlvorschläge,</LA></DD><DT>4.</DT><DD Font="normal"><LA>die Bewerberliste,</LA></DD><DT>5.</DT><DD Font="normal"><LA>die Stimmzettel,</LA></DD><DT>6.</DT><DD Font="normal"><LA>die ungültigen Stimmzettel,</LA></DD><DT>7.</DT><DD Font="normal"><LA>die Stimmzettelumschläge,</LA></DD><DT>8.</DT><DD Font="normal"><LA>die ungültigen Stimmzettelumschläge,</LA></DD><DT>9.</DT><DD Font="normal"><LA>die Wahlbriefe,</LA></DD><DT>10.</DT><DD Font="normal"><LA>die verspätet eingegangenen Wahlbriefe,</LA></DD><DT>11.</DT><DD Font="normal"><LA>die vorgedruckten Erklärungen,</LA></DD><DT>12.</DT><DD Font="normal"><LA>die Wahlniederschrift,</LA></DD><DT>13.</DT><DD Font="normal"><LA>die Einsprüche einschließlich der über sie getroffenen Entscheidungen und</LA></DD><DT>14.</DT><DD Font="normal"><LA>die Dokumentation der Bekanntgabe des Wahlergebnisses.</LA></DD></DL></P><P>(2) Die Vertrauensperson bewahrt die Wahlunterlagen bis zum Ende ihrer Amtszeit auf und vernichtet sie sodann.</P></Content></text></textdaten></norm>
<norm builddate="20250331224020" doknr="BJNR150610017BJNG000200000"><metadaten><jurabk>SBGWV 2017</jurabk><jurabk>SBGWV</jurabk><gliederungseinheit><gliederungskennzahl>020</gliederungskennzahl><gliederungsbez>Kapitel 2</gliederungsbez><gliederungstitel>Wahl der Vertrauenspersonenausschüsse</gliederungstitel></gliederungseinheit></metadaten><textdaten/></norm>
<norm builddate="20250331224020" doknr="BJNR150610017BJNG000300000"><metadaten><jurabk>SBGWV 2017</jurabk><jurabk>SBGWV</jurabk><gliederungseinheit><gliederungskennzahl>020010</gliederungskennzahl><gliederungsbez>Abschnitt 1</gliederungsbez><gliederungstitel>Wahl des Gesamtvertrauenspersonenausschusses</gliederungstitel></gliederungseinheit></metadaten><textdaten/></norm>
<norm builddate="20250331224020" doknr="BJNR150610017BJNE002101311"><metadaten><jurabk>SBGWV 2017</jurabk><jurabk>SBGWV</jurabk><enbez>§ 20</enbez><titel format="XML">Wahlvorstände</titel></metadaten><textdaten><text format="XML"><Content><P>(1) Der zentrale Wahlvorstand bildet im Einvernehmen mit den militärischen Kommandobereichen und Organisationsbereichen dezentrale Wahlvorstände <DL Font="normal" Type="arabic"><DT>1.</DT><DD Font="normal"><LA Size="normal">bei den Kommandos im Sinne des § 39 Absatz 1 des Soldatinnen- und Soldatenbeteiligungsgesetzes,</LA></DD><DT>2.</DT><DD Font="normal"><LA Size="normal">bei den Bundesämtern der zivilen Organisationsbereiche,</LA></DD><DT>3.</DT><DD Font="normal"><LA Size="normal">am Sitz von Großverbänden oder vergleichbaren Dienststellen sowie</LA></DD><DT>4.</DT><DD Font="normal"><LA Size="normal">für sicherheitsempfindliche Bereiche.</LA></DD></DL></P><P>(2) Der zentrale Wahlvorstand nimmt die Aufgaben eines dezentralen Wahlvorstands wahr für <DL Font="normal" Type="arabic"><DT>1.</DT><DD Font="normal"><LA Size="normal">Dienststellen, die nicht in die Zuständigkeit der nach Absatz 1 zu bildenden dezentralen Wahlvorstände fallen, sowie</LA></DD><DT>2.</DT><DD Font="normal"><LA Size="normal">Wahlbewerberinnen und Wahlbewerber aus dem Gesamtvertrauenspersonenausschuss, die nicht mehr Vertrauenspersonen sind.</LA></DD></DL></P><P>(3) Vertrauenspersonen, die für die Dauer einer besonderen Verwendung im Ausland gewählt sind, sind dem dezentralen Wahlvorstand bei derjenigen Kommandobehörde zugeordnet, welcher der eingesetzte Truppenteil truppendienstlich unterstellt ist. Dies gilt nicht, wenn geschlossene Einheiten und Verbände, insbesondere seegehende Einheiten der Marine, mit einer beabsichtigten Einsatzdauer von weniger als drei Monaten in einer besonderen Verwendung im Ausland eingesetzt werden.</P><P>(4) Die dezentralen Wahlvorstände sollen aus je einer Soldatin oder einem Soldaten jeder Laufbahngruppe bestehen. Die Mitglieder und Ersatzmitglieder werden in ihr Amt berufen von <DL Font="normal" Type="arabic"><DT>1.</DT><DD Font="normal"><LA Size="normal">den jeweiligen Inspekteurinnen oder Inspekteuren der Kommandos im Sinne des § 39 Absatz 1 des Soldatinnen- und Soldatenbeteiligungsgesetzes oder den jeweiligen Inhaberinnen oder Inhabern einer entsprechenden Dienststellung,</LA></DD><DT>2.</DT><DD Font="normal"><LA Size="normal">von den jeweiligen Leiterinnen oder Leitern der Bundesämter der zivilen Organisationsbereiche,</LA></DD><DT>3.</DT><DD Font="normal"><LA Size="normal">den jeweiligen Kommandeurinnen oder Kommandeuren der Großverbände oder</LA></DD><DT>4.</DT><DD Font="normal"><LA Size="normal">den jeweiligen Leiterinnen oder Leitern vergleichbarer Dienststellen, bei denen dezentrale Wahlvorstände gebildet werden.</LA></DD></DL></P><P>(5) Soweit erforderlich, sind die Mitglieder der Wahlvorstände für die Durchführung der Wahl von ihrer dienstlichen Tätigkeit freizustellen.</P><P>(6) Die Wahlvorstände fassen ihre Beschlüsse mit einfacher Mehrheit ihrer Mitglieder.</P></Content></text><fussnoten/></textdaten></norm>
<norm builddate="20250331224020" doknr="BJNR150610017BJNE002200000"><metadaten><jurabk>SBGWV 2017</jurabk><jurabk>SBGWV</jurabk><enbez>§ 21</enbez><titel format="XML">Leitung der Wahl</titel></metadaten><textdaten><text format="XML"><Content><P>(1) Der zentrale Wahlvorstand leitet die Wahl des Gesamtvertrauenspersonenausschusses. Die Durchführung der Wahl in den einzelnen Bereichen übernehmen dezentrale Wahlvorstände im Auftrag und nach den Weisungen des zentralen Wahlvorstands.</P><P>(2) Nach Weisung des zentralen Wahlvorstands haben die dezentralen Wahlvorstände gegenüber dem zentralen Wahlvorstand insbesondere Auskünfte über die Maßnahmen zu geben, die zur ordnungsgemäßen Durchführung der Wahl veranlasst worden sind.</P><P>(3) Der zentrale Wahlvorstand und die dezentralen Wahlvorstände geben die Namen ihrer Mitglieder und Ersatzmitglieder unverzüglich nach ihrer Bestellung bekannt. Die Bekanntgabe erfolgt durch Aushang in den Einheiten und vergleichbaren Dienststellen. Der Aushang muss bis zum Abschluss der Wahl zugänglich sein.</P></Content></text></textdaten></norm>
<norm builddate="20250331224020" doknr="BJNR150610017BJNE002300000"><metadaten><jurabk>SBGWV 2017</jurabk><jurabk>SBGWV</jurabk><enbez>§ 22</enbez><titel format="XML">Unterstützung</titel></metadaten><textdaten><text format="XML"><Content><P>(1) Das Bundesministerium der Verteidigung, die in § 20 Absatz 1 bezeichneten Stellen sowie die Vorgesetzten unterstützen die Wahlvorstände bei der Erfüllung ihrer Aufgaben. Insbesondere erteilen sie Auskünfte und stellen den Wahlvorständen die notwendigen Unterlagen und Räume sowie den notwendigen Geschäftsbedarf zur Verfügung.</P><P>(2) Die Mitglieder und Ersatzmitglieder der Wahlvorstände sind durch Schulungsmaßnahmen auf ihre Aufgaben vorzubereiten.</P><P>(3) Soweit erforderlich, sind die Mitglieder des Wahlvorstands für die Durchführung der Wahl von ihrer dienstlichen Tätigkeit freizustellen.</P></Content></text></textdaten></norm>
<norm builddate="20250331224020" doknr="BJNR150610017BJNE002401311"><metadaten><jurabk>SBGWV 2017</jurabk><jurabk>SBGWV</jurabk><enbez>§ 23</enbez><titel format="XML">Sitzverteilung</titel></metadaten><textdaten><text format="XML"><Content><P>(1) Der zentrale Wahlvorstand stellt für jede Laufbahngruppe die Sitze im Gesamtvertrauenspersonenausschuss fest, die <DL Font="normal" Type="arabic"><DT>1.</DT><DD Font="normal"><LA Size="normal">auf die jeweiligen Kommandobereiche im Sinne des § 39 Absatz 1 des Soldatinnen- und Soldatenbeteiligungsgesetzes entfallen und</LA></DD><DT>2.</DT><DD Font="normal"><LA Size="normal">auf die Dienststellen gemeinsam entfallen, die keinem Kommandobereich im Sinne des § 39 Absatz 1 des Soldatinnen- und Soldatenbeteiligungsgesetzes angehören.</LA></DD></DL></P><P>(2) Für die Verteilung ist das Höchstzahlverfahren nach d´Hondt mit der Maßgabe anzuwenden, dass <DL Font="normal" Type="arabic"><DT>1.</DT><DD Font="normal"><LA Size="normal">jeder Kommandobereich im Sinne des Absatzes 1 Nummer 1 durch mindestens ein Mitglied vertreten ist und</LA></DD><DT>2.</DT><DD Font="normal"><LA Size="normal">die Dienststellen im Sinne des Absatzes 1 Nummer 2 gemeinsam durch mindestens ein Mitglied vertreten sein sollen.</LA></DD></DL>Für die Berechnung der Anzahl der auf den jeweiligen Kommandobereich im Sinne des Absatzes 1 Nummer 1 und auf die Dienststellen im Sinne des Absatzes 1 Nummer 2 gemeinsam entfallenden Mitglieder ist die Zahl der in der Regel beschäftigten Soldatinnen und Soldaten zu Grunde zu legen, soweit sie in den Kommandobereichen und Organisationsbereichen zur Wahl von Vertrauenspersonen berechtigt sind. Stichtag für die Berechnung ist der Tag der Bestellung des zentralen Wahlvorstands.</P><P>(3) Entfallen nach Absatz 2 auf einen Kommandobereich mehrere Sitze, werden diese im Höchstzahlverfahren nach d´Hondt weiter auf die Laufbahngruppen des Kommandobereichs verteilt. Erhält hierbei eine Laufbahngruppe, der mindestens 5 Prozent der nach Absatz 2 zu berücksichtigenden Soldatinnen und Soldaten angehören, keinen Sitz, so ist ihr ein Mindestsitz zuzuteilen; die Sitze der übrigen Laufbahngruppen vermindern sich entsprechend. Bei gleichen Höchstzahlen entscheidet das von der oder dem Vorsitzenden des zentralen Wahlvorstands zu ziehende Los, welche Laufbahngruppe den Sitz abzugeben hat. Satz 2 gilt nicht, soweit <DL Font="normal" Type="arabic"><DT>1.</DT><DD Font="normal"><LA Size="normal">die Anzahl der Sitze vermindert werden müsste, die ihrerseits Mindestsitze sind, oder</LA></DD><DT>2.</DT><DD Font="normal"><LA Size="normal">die Zuteilung eines Mindestsitzes dazu führen würde, dass eine Laufbahngruppe, der mehr als die Hälfte der zu berücksichtigenden Soldatinnen und Soldaten des Kommandobereichs angehören, weniger als die Hälfte der Sitze des Kommandobereichs erhält.</LA></DD></DL>Erhält eine Laufbahngruppe keinen Sitz, weist der zentrale Wahlvorstand sie einer anderen Laufbahngruppe des Kommandobereichs zur gemeinsamen Wahl ihrer Vertreterinnen und Vertreter zu.</P></Content></text><fussnoten><Content><P>(+++ § 23: Zur Anwendung vgl. § 29 Abs. 4 +++)</P></Content></fussnoten></textdaten></norm>
<norm builddate="20250331224020" doknr="BJNR150610017BJNE002500000"><metadaten><jurabk>SBGWV 2017</jurabk><jurabk>SBGWV</jurabk><enbez>§ 24</enbez><titel format="XML">Briefwahl</titel></metadaten><textdaten><text format="XML"><Content><P>Die Wahl der Mitglieder des Gesamtvertrauenspersonenausschusses findet als Briefwahl statt.</P></Content></text></textdaten></norm>
<norm builddate="20250331224020" doknr="BJNR150610017BJNE002601311"><metadaten><jurabk>SBGWV 2017</jurabk><jurabk>SBGWV</jurabk><enbez>§ 25</enbez><titel format="XML">Wahlausschreiben</titel></metadaten><textdaten><text format="XML"><Content><P>(1) Der zentrale Wahlvorstand erlässt spätestens vier Monate vor der Wahl des Gesamtvertrauenspersonenausschusses ein Wahlausschreiben. Das Wahlausschreiben ist bis zur Ebene der Einheiten und vergleichbaren Dienststellen an allgemein zugänglichen Stellen durch Aushang bekannt zu geben.</P><P>(2) Das Wahlausschreiben enthält <DL Font="normal" Type="arabic"><DT>1.</DT><DD Font="normal"><LA Size="normal">zu jedem Mitglied des zentralen Wahlvorstands <DL Font="normal" Type="alpha"><DT>a)</DT><DD Font="normal"><LA Size="normal">den Familiennamen,</LA></DD><DT>b)</DT><DD Font="normal"><LA Size="normal">die Vornamen,</LA></DD><DT>c)</DT><DD Font="normal"><LA Size="normal">den Dienstgrad und</LA></DD><DT>d)</DT><DD Font="normal"><LA Size="normal">die Dienststelle,</LA></DD></DL></LA></DD><DT>2.</DT><DD Font="normal"><LA Size="normal">die Kommandobereiche und Organisationsbereiche sowie die Großverbände und vergleichbaren Dienststellen, bei denen dezentrale Wahlvorstande gebildet werden,</LA></DD><DT>3.</DT><DD Font="normal"><LA Size="normal">den Tag, bis zu dem die Bewerbungen einzureichen sind,</LA></DD><DT>4.</DT><DD Font="normal"><LA Size="normal">den Tag für den fristgerechten Eingang der Wahlbriefe,</LA></DD><DT>5.</DT><DD Font="normal"><LA Size="normal">die Anschrift, an die die Wahlbriefe zu richten sind, sowie</LA></DD><DT>6.</DT><DD Font="normal"><LA Size="normal">das Ende der Frist für Einsprüche gegen das Wählerverzeichnis.</LA></DD></DL></P><P>(3) In dem Wahlausschreiben ist darauf hinzuweisen, dass <DL Font="normal" Type="arabic"><DT>1.</DT><DD Font="normal"><LA Size="normal">nur Vertrauenspersonen wählen dürfen, die in das Wählerverzeichnis eingetragen sind,</LA></DD><DT>2.</DT><DD Font="normal"><LA Size="normal">Einsprüche gegen das Wählerverzeichnis bis zum angegebenen Zeitpunkt schriftlich beim zuständigen dezentralen Wahlvorstand eingelegt werden können,</LA></DD><DT>3.</DT><DD Font="normal"><LA Size="normal">nur Bewerbungen berücksichtigt werden, die fristgerecht beim zuständigen dezentralen Wahlvorstand eingegangen sind, und</LA></DD><DT>4.</DT><DD Font="normal"><LA Size="normal">nur gewählt werden kann, wer in die Bewerberliste aufgenommen worden ist.</LA></DD></DL></P></Content></text><fussnoten/></textdaten></norm>
<norm builddate="20250331224020" doknr="BJNR150610017BJNE002700000"><metadaten><jurabk>SBGWV 2017</jurabk><jurabk>SBGWV</jurabk><enbez>§ 26</enbez><titel format="XML">Wählerverzeichnis</titel></metadaten><textdaten><text format="XML"><Content><P>(1) Der dezentrale Wahlvorstand stellt ein nach Laufbahngruppen untergliedertes Verzeichnis der wahlberechtigten Vertrauenspersonen seines Zuständigkeitsbereichs auf. Das Wählerverzeichnis enthält zu jeder und jedem Wahlberechtigten jeweils <DL Type="arabic"><DT>1.</DT><DD Font="normal"><LA>den Familiennamen,</LA></DD><DT>2.</DT><DD Font="normal"><LA>die Vornamen,</LA></DD><DT>3.</DT><DD Font="normal"><LA>den Dienstgrad und</LA></DD><DT>4.</DT><DD Font="normal"><LA>die Einheit oder Dienststelle.</LA></DD></DL></P><P>(2) Das Wählerverzeichnis ist bis zum Abschluss der Wahl laufend zu aktualisieren. Die erforderlichen Unterlagen oder Angaben sind dem Wahlvorstand durch die Vorgesetzten zur Verfügung zu stellen.</P><P>(3) Ist die wahlberechtigte Vertrauensperson eines Wahlbereichs zum maßgeblichen Zeitpunkt für eine besondere Verwendung im Ausland in einen anderen Truppenteil kommandiert, ist die stellvertretende Vertrauensperson wahlberechtigt, die nach § 14 Absatz 3 des Soldatinnen- und Soldatenbeteiligungsgesetzes als Vertrauensperson eintritt.</P><P>(4) Das Wählerverzeichnis ist am Sitz des dezentralen Wahlvorstands zur Einsicht auszulegen. Die Auslegung ist den Wahlberechtigten über ihre Vorgesetzten bekannt zu geben.</P><P>(5) Umfasst der Zuständigkeitsbereich des dezentralen Wahlvorstands sicherheitsempfindliche Bereiche, können Angaben im Wählerverzeichnis und in den Wahlunterlagen im erforderlichen Umfang als Verschlusssachen eingestuft werden. Im Fall einer solchen Einstufung dürfen Zugang zu diesen Unterlagen oder Einsicht in diese Unterlagen nur Personen erhalten, die zum Umgang mit Verschlusssachen dieses Geheimhaltungsgrades ermächtigt sind.</P></Content></text><fussnoten><Content><P>(+++ § 26 Abs. 5: Zur Anwendung vgl. § 29 Abs. 2 +++)</P></Content></fussnoten></textdaten></norm>
<norm builddate="20250331224020" doknr="BJNR150610017BJNE002800000"><metadaten><jurabk>SBGWV 2017</jurabk><jurabk>SBGWV</jurabk><enbez>§ 27</enbez><titel format="XML">Einspruch gegen das Wählerverzeichnis</titel></metadaten><textdaten><text format="XML"><Content><P>(1) Die Wahlberechtigten können gegen das Wählerverzeichnis Einspruch beim dezentralen Wahlvorstand einlegen. Der Einspruch ist schriftlich innerhalb von zwei Wochen nach Auslegung des Wählerverzeichnisses einzulegen.</P><P>(2) Über den Einspruch entscheidet der dezentrale Wahlvorstand unverzüglich. Will der dezentrale Wahlvorstand dem Einspruch stattgeben, soll die oder der Betroffene gehört werden. Dies gilt nicht, wenn sie oder er selbst den Einspruch eingelegt hat. Die Entscheidung ist der Einspruchsführerin oder dem Einspruchsführer und der oder dem Betroffenen unverzüglich, spätestens jedoch einen Werktag vor dem Versenden der Briefwahlunterlagen, schriftlich mitzuteilen. Die Entscheidung über den Einspruch ist zu dokumentieren.</P><P>(3) Ist der Einspruch fristgerecht eingegangen und begründet, berichtigt der dezentrale Wahlvorstand das Wählerverzeichnis.</P><P>(4) Versäumt eine Einspruchsberechtigte oder ein Einspruchsberechtigter die Frist nach Absatz 1, obwohl sie oder er den Einspruchsgrund kannte oder ihr oder ihm eine Kenntnisnahme zumutbar gewesen wäre, ist eine spätere Anfechtung nach § 52 Absatz 1 des Soldatinnen- und Soldatenbeteiligungsgesetzes unter Berufung auf diesen Einspruchsgrund ausgeschlossen.</P></Content></text></textdaten></norm>
<norm builddate="20250331224020" doknr="BJNR150610017BJNE002901311"><metadaten><jurabk>SBGWV 2017</jurabk><jurabk>SBGWV</jurabk><enbez>§ 28</enbez><titel format="XML">Bewerbungen</titel></metadaten><textdaten><text format="XML"><Content><P>(1) Jede wahlberechtigte Vertrauensperson eines Wahlbereichs, der für mindestens drei Monate gebildet wurde, kann sich beim dezentralen Wahlvorstand bewerben. Die Bewerbung muss bis zu der vom zentralen Wahlvorstand festgesetzten Frist eingehen. Die Mitglieder des Gesamtvertrauenspersonenausschusses, die keine Vertrauensperson mehr sind, können sich bis zur festgesetzten Frist beim zentralen Wahlvorstand bewerben.</P><P>(2) Die Bewerbung muss schriftlich erfolgen und folgende Angaben der Bewerberin oder des Bewerbers enthalten: <DL Type="arabic"><DT>1.</DT><DD Font="normal"><LA>den Familiennamen,</LA></DD><DT>2.</DT><DD Font="normal"><LA>die Vornamen,</LA></DD><DT>3.</DT><DD Font="normal"><LA>den Dienstgrad,</LA></DD><DT>4.</DT><DD Font="normal"><LA>den Stammtruppenteil,</LA></DD><DT>5.</DT><DD Font="normal"><LA>die Einheit oder Dienststelle, bei der die Bewerberin oder der Bewerber derzeit das Amt der Vertrauensperson ausübt, sowie</LA></DD><DT>6.</DT><DD Font="normal"><LA>den Beginn und das voraussichtliche Ende der Amtszeit als Vertrauensperson oder als Mitglied des amtierenden Gesamtvertrauenspersonenausschusses.</LA></DD></DL>Die Bewerberin oder der Bewerber muss die Bewerbung unterschreiben.</P><P>(3) Der dezentrale Wahlvorstand bestätigt den Bewerberinnen und Bewerbern unverzüglich schriftlich den Eingang ihrer Bewerbung. Er gibt Bewerbungen, die die Voraussetzungen der Absätze 1 und 2 nicht erfüllen, unverzüglich unter Angabe des Grundes zurück. Der dezentrale Wahlvorstand gibt den Bewerberinnen und Bewerbern Gelegenheit, den Mangel binnen drei Werktagen nach Zugang der Rückgabe der Bewerbung zu beseitigen.</P><P>(4) Verspätet eingegangene Bewerbungen gibt der dezentrale Wahlvorstand mit einem entsprechenden Vermerk zurück.</P><P>(5) Ist nach Ablauf der Frist nach Absatz 1 Satz 2 nicht für alle Organisationsbereiche, Kommandobereiche und Laufbahngruppen, denen jeweils mindestens ein Sitz nach § 23 zusteht, wenigstens eine Bewerbung für jeden Sitz dieses Wahlgangs eingegangen, fordert der zentrale Wahlvorstand die Wahlberechtigten, die sich für diese Sitze bewerben können, auf, sich innerhalb von zwei Wochen zu bewerben. Die Aufforderung erfolgt über die dezentralen Wahlvorstände.</P></Content></text><fussnoten/></textdaten></norm>
<norm builddate="20250331224020" doknr="BJNR150610017BJNE003001311"><metadaten><jurabk>SBGWV 2017</jurabk><jurabk>SBGWV</jurabk><enbez>§ 29</enbez><titel format="XML">Aufstellung und Bekanntgabe der Bewerberliste</titel></metadaten><textdaten><text format="XML"><Content><P>(1) Nach Ablauf der Bewerbungsfrist stellt jeder dezentrale Wahlvorstand eine Liste der gültig vorgeschlagenen Bewerberinnen und Bewerber in alphabetischer Reihenfolge auf (Bewerberliste). Die Aufstellung der Bewerberinnen und Bewerber erfolgt getrennt nach Wahlgängen und mit den Angaben nach § 28 Absatz 2 Satz 1. Der dezentrale Wahlvorstand übersendet die Bewerberliste dem zentralen Wahlvorstand.</P><P>(2) Nachdem der zentrale Wahlvorstand alle Bewerberlisten erhalten hat, stellt er die Gesamtbewerberliste zusammen. Die Zusammenstellung erfolgt getrennt nach Wahlgängen; § 26 Absatz 5 gilt entsprechend. Jedes Mitglied des Gesamtvertrauenspersonenausschusses, das nicht mehr Vertrauensperson ist, wird der Laufbahngruppe, der es am Tag des Ablaufs der Bewerbungsfrist angehört, und dem Kommandobereich oder dem Organisationsbereich zugeteilt, für den es in den Gesamtvertrauenspersonenausschuss gewählt worden ist. Der zentrale Wahlvorstand leitet den dezentralen Wahlvorständen die Gesamtbewerberliste zur Bekanntgabe zu.</P><P>(3) Die Gesamtbewerberliste ist bekannt zu geben. Die Bekanntgabe erfolgt durch Aushang in den Einheiten und vergleichbaren Dienststellen. Der Aushang muss bis zum Abschluss der Wahl zugänglich sein.</P><P>(4) Sind für einen Wahlgang nach Ablauf der Bewerbungsfrist weniger Bewerberinnen und Bewerber vorhanden als Sitze zu vergeben sind, teilt der zentrale Wahlvorstand die nicht besetzbaren Sitze in sinngemäßer Anwendung des § 23 weiter auf. Der zentrale Wahlvorstand gibt den Wahlberechtigten die geänderte Sitzverteilung auf dieselbe Weise wie das Wahlausschreiben bekannt.</P></Content></text><fussnoten/></textdaten></norm>
<norm builddate="20250331224020" doknr="BJNR150610017BJNE003100000"><metadaten><jurabk>SBGWV 2017</jurabk><jurabk>SBGWV</jurabk><enbez>§ 30</enbez><titel format="XML">Briefwahlunterlagen</titel></metadaten><textdaten><text format="XML"><Content><P>(1) Jeder dezentrale Wahlvorstand fordert die erforderliche Anzahl von Briefwahlunterlagen beim zentralen Wahlvorstand an. Für die Anforderung ist eine Kopie des Wählerverzeichnisses vorzulegen.</P><P>(2) Der zentrale Wahlvorstand erstellt anhand der Gesamtbewerberliste die Stimmzettel, getrennt nach Wahlgängen. Die Bewerberinnen und Bewerber sind in alphabetischer Reihenfolge mit den Angaben nach § 28 Absatz 2 Satz 1 aufzuführen.</P><P>(3) Der zentrale Wahlvorstand stellt die angeforderten Briefwahlunterlagen zusammen und übersendet sie unverzüglich an die dezentralen Wahlvorstände.</P><P>(4) Der dezentrale Wahlvorstand übersendet den Wahlberechtigten die Briefwahlunterlagen.</P><P>(5) Die Briefwahlunterlagen bestehen für jede Wahlberechtigte und jeden Wahlberechtigten aus <DL Type="arabic"><DT>1.</DT><DD Font="normal"><LA>einem Stimmzettel für den jeweiligen Wahlgang,</LA></DD><DT>2.</DT><DD Font="normal"><LA>einem Stimmzettelumschlag,</LA></DD><DT>3.</DT><DD Font="normal"><LA>einer vorgedruckten Erklärung, dass die oder der Wahlberechtigte den Stimmzettel <DL Type="alpha"><DT>a)</DT><DD Font="normal"><LA>persönlich und geheim gekennzeichnet hat oder</LA></DD><DT>b)</DT><DD Font="normal"><LA>im Fall eines körperlichen Gebrechens gemäß ihrem oder seinem erklärten Willen durch eine Person des Vertrauens hat kennzeichnen lassen,</LA></DD></DL></LA></DD><DT>4.</DT><DD Font="normal"><LA>einem an den dezentralen Wahlvorstand adressierten Freiumschlag mit der oder dem Wahlberechtigten als Absenderin oder Absender und der Aufschrift „Schriftliche Stimmabgabe“ und</LA></DD><DT>5.</DT><DD Font="normal"><LA>einem Begleitschreiben, in denen das Wahlverfahren beschrieben und die Frist für die Rücksendung des Wahlbriefs genannt ist.</LA></DD></DL></P></Content></text></textdaten></norm>
<norm builddate="20250331224020" doknr="BJNR150610017BJNE003200000"><metadaten><jurabk>SBGWV 2017</jurabk><jurabk>SBGWV</jurabk><enbez>§ 31</enbez><titel format="XML">Stimmabgabe</titel></metadaten><textdaten><text format="XML"><Content><P>(1) Wählen darf nur, wer in das Wählerverzeichnis eingetragen ist. Die Wahlberechtigten haben jeweils eine Stimme.</P><P>(2) Die Wahlberechtigten kennzeichnen den Stimmzettel und legen ihn in den Stimmzettelumschlag. Der Stimmzettelumschlag darf nur den Stimmzettel enthalten. Die Wahlberechtigten haben durch Unterzeichnung der vorgedruckten Erklärung zu bestätigen, dass sie den Stimmzettel persönlich und geheim gekennzeichnet haben. Die Wahlberechtigten legen den Stimmzettelumschlag zusammen mit der Erklärung in den Freiumschlag und senden diesen Wahlbrief an den dezentralen Wahlvorstand.</P><P>(3) Im Fall eines körperlichen Gebrechens können die Wahlberechtigten den Stimmzettel durch eine Person des Vertrauens kennzeichnen lassen. Die Person des Vertrauens hat durch Unterzeichnung der vorgedruckten Erklärung zu bestätigen, dass sie den Stimmzettel gemäß dem erklärten Willen der oder des Wahlberechtigten gekennzeichnet hat. Die Person des Vertrauens legt den Stimmzettelumschlag zusammen mit der Erklärung in den Freiumschlag und sendet diesen Wahlbrief an den Wahlvorstand. Die Person des Vertrauens ist zur Geheimhaltung über Kenntnisse verpflichtet, die sie bei der Hilfestellung bei der Wahl durch einen anderen erlangt hat.</P><P>(4) Der dezentrale Wahlvorstand entnimmt den eingegangenen Wahlbriefen die Stimmzettelumschläge und legt diese, wenn die unterschriebene Erklärung beiliegt, ungeöffnet in eine verschlossene Wahlurne. Mindestens zwei Mitglieder des dezentralen Wahlvorstands vermerken die Stimmabgabe im Wählerverzeichnis. Stimmzettelumschläge, denen keine unterschriebene Erklärung beigefügt ist, bleiben ungeöffnet und sind mit dem Vermerk „ungültig“ zu versehen; der Vermerk ist von einem Mitglied des Wahlvorstands zu unterschreiben.</P><P>(5) Die Wahlurne ist vor unbefugtem Zugriff zu schützen.</P><P>(6) Verspätet eingegangene Wahlbriefe bleiben ungeöffnet und werden vom Wahlvorstand mit einem Vermerk über den Zeitpunkt des Eingangs versehen.</P></Content></text></textdaten></norm>
<norm builddate="20250331224020" doknr="BJNR150610017BJNE003300000"><metadaten><jurabk>SBGWV 2017</jurabk><jurabk>SBGWV</jurabk><enbez>§ 32</enbez><titel format="XML">Auszählung, Losentscheid</titel></metadaten><textdaten><text format="XML"><Content><P>(1) Am Tag nach Ablauf der Frist, die für den Eingang der Wahlbriefe beim dezentralen Wahlvorstand festgesetzt ist, öffnen mindestens zwei Mitglieder des dezentralen Wahlvorstands die Wahlurne. Sie entnehmen den Stimmzettelumschlägen die Stimmzettel und zählen die Stimmen aus.</P><P>(2) Der Wahlvorstand beschließt über die Gültigkeit der Stimmzettel.</P><P>(3) Ungültig sind Stimmzettel, <DL Type="arabic"><DT>1.</DT><DD Font="normal"><LA>auf denen mehr als ein Name gekennzeichnet ist,</LA></DD><DT>2.</DT><DD Font="normal"><LA>die mit einem Zusatz oder einem Vorbehalt versehen sind oder</LA></DD><DT>3.</DT><DD Font="normal"><LA>aus denen sich der Wählerwille nicht zweifelsfrei ergibt.</LA></DD></DL>Ungültige Stimmzettel sind von den übrigen Stimmzetteln zu trennen, in einer Liste zu erfassen und mit fortlaufenden Nummern zu versehen.</P><P>(4) Zu Mitgliedern des Gesamtvertrauenspersonenausschusses sind die Bewerberinnen und Bewerber gewählt, die in ihren Wahlgängen die meisten Stimmen erhalten haben. Bei Stimmengleichheit entscheidet das Los. Dieses wird im unmittelbaren Anschluss an die Auszählung von der oder dem Vorsitzenden des zentralen Wahlvorstands gezogen.</P></Content></text></textdaten></norm>
<norm builddate="20250331224020" doknr="BJNR150610017BJNE003401311"><metadaten><jurabk>SBGWV 2017</jurabk><jurabk>SBGWV</jurabk><enbez>§ 33</enbez><titel format="XML">Feststellung des Wahlergebnisses, Wahlniederschrift</titel></metadaten><textdaten><text format="XML"><Content><P>(1) Das Wahlergebnis wird durch den dezentralen Wahlvorstand festgestellt.</P><P>(2) Der Wahlvorstand fertigt über das Ergebnis eine Wahlniederschrift an und unterzeichnet diese. Die Wahlniederschrift enthält, getrennt nach Wahlgängen, <DL Type="arabic"><DT>1.</DT><DD Font="normal"><LA>die Zahl der Wahlberechtigten,</LA></DD><DT>2.</DT><DD Font="normal"><LA>die Zahl der Stimmzettelumschläge und Wahlbriefe, die nach § 31 Absatz 4 Satz 3 und § 31 Absatz 6 ungeöffnet bei den Wahlunterlagen aufzubewahren sind,</LA></DD><DT>3.</DT><DD Font="normal"><LA>die Zahl der gültigen Stimmzettel,</LA></DD><DT>4.</DT><DD Font="normal"><LA>die Zahl der ungültigen Stimmzettel,</LA></DD><DT>5.</DT><DD Font="normal"><LA>die Zahl der Stimmen, die auf die jeweilige Bewerberin oder den jeweiligen Bewerber entfallen, und</LA></DD><DT>6.</DT><DD Font="normal"><LA>in den Fällen des § 32 Absatz 4 Satz 2 das Ergebnis des Losentscheids.</LA></DD></DL></P><P>(3) Die Wahlniederschriften werden unverzüglich dem zentralen Wahlvorstand übermittelt. Jeweils eine Kopie der Wahlniederschrift verbleibt bei den dezentralen Wahlvorständen.</P><P>(4) Über das Gesamtergebnis erstellt der zentrale Wahlvorstand eine Gesamtwahlniederschrift. Die Feststellung des Gesamtergebnisses ist getrennt nach Kommandobereichen, Organisationsbereichen und Wahlgängen vorzunehmen.</P><P>(5) Besondere Ereignisse bei der Wahl sind in der Wahlniederschrift und in der Gesamtwahlniederschrift zu vermerken.</P></Content></text><fussnoten/></textdaten></norm>
<norm builddate="20250331224020" doknr="BJNR150610017BJNE003500000"><metadaten><jurabk>SBGWV 2017</jurabk><jurabk>SBGWV</jurabk><enbez>§ 34</enbez><titel format="XML">Benachrichtigung der gewählten Bewerberinnen und Bewerber</titel></metadaten><textdaten><text format="XML"><Content><P>(1) Der zentrale Wahlvorstand benachrichtigt die Bewerberinnen und Bewerber, die zu Mitgliedern des Gesamtvertrauenspersonenausschusses gewählt worden sind. Die Benachrichtigung erfolgt schriftlich gegen Empfangsbestätigung.</P><P>(2) Erklärt ein gewähltes Mitglied nicht innerhalb von drei Werktagen nach Zugang der Benachrichtigung gegenüber dem zentralen Wahlvorstand, dass es die Wahl ablehnt, so gilt die Wahl als angenommen.</P></Content></text></textdaten></norm>
<norm builddate="20250331224020" doknr="BJNR150610017BJNE003601311"><metadaten><jurabk>SBGWV 2017</jurabk><jurabk>SBGWV</jurabk><enbez>§ 35</enbez><titel format="XML">Bekanntgabe des Wahlergebnisses</titel></metadaten><textdaten><text format="XML"><Content><P>(1) Der zentrale Wahlvorstand gibt dem Bundesministerium der Verteidigung sowie den Kommandobereichen und Organisationsbereichen das Wahlergebnis durch Übermittlung der Gesamtwahlniederschrift nach § 33 Absatz 4 bekannt. Hierbei ist das Ergebnis der Benachrichtigung der gewählten Bewerberinnen und Bewerber nach § 34 zu berücksichtigen.</P><P>(2) Die Angaben nach Absatz 1 werden in einem internen elektronischen Informationssystem der Bundeswehr veröffentlicht. Das Wahlergebnis gilt als an dem Tag bekannt gegeben, der auf die Veröffentlichung folgt. Das Datum der Veröffentlichung ist durch den zentralen Wahlvorstand zu vermerken.</P></Content></text><fussnoten/></textdaten></norm>
<norm builddate="20250331224020" doknr="BJNR150610017BJNE003700000"><metadaten><jurabk>SBGWV 2017</jurabk><jurabk>SBGWV</jurabk><enbez>§ 36</enbez><titel format="XML">Wahlunterlagen</titel></metadaten><textdaten><text format="XML"><Content><P>(1) Zu den Wahlunterlagen sind zu nehmen: <DL Type="arabic"><DT>1.</DT><DD Font="normal"><LA>die Wählerverzeichnisse,</LA></DD><DT>2.</DT><DD Font="normal"><LA>die Wahlausschreiben,</LA></DD><DT>3.</DT><DD Font="normal"><LA>die Wahlvorschläge,</LA></DD><DT>4.</DT><DD Font="normal"><LA>die Bewerberlisten,</LA></DD><DT>5.</DT><DD Font="normal"><LA>die Stimmzettel,</LA></DD><DT>6.</DT><DD Font="normal"><LA>die ungültigen Stimmzettel,</LA></DD><DT>7.</DT><DD Font="normal"><LA>die Stimmzettelumschläge,</LA></DD><DT>8.</DT><DD Font="normal"><LA>die ungültigen Stimmzettelumschläge,</LA></DD><DT>9.</DT><DD Font="normal"><LA>die Wahlbriefe,</LA></DD><DT>10.</DT><DD Font="normal"><LA>die verspätet eingegangenen Wahlbriefe,</LA></DD><DT>11.</DT><DD Font="normal"><LA>die vorgedruckten Erklärungen,</LA></DD><DT>12.</DT><DD Font="normal"><LA>die Wahlniederschriften,</LA></DD><DT>13.</DT><DD Font="normal"><LA>die Einsprüche einschließlich der über sie getroffenen Entscheidungen und</LA></DD><DT>14.</DT><DD Font="normal"><LA>der Vermerk über die Bekanntgabe des Wahlergebnisses.</LA></DD></DL></P><P>(2) Der Gesamtvertrauenspersonenausschuss bewahrt die Wahlunterlagen bis zum Ende seiner Amtszeit auf und vernichtet sie sodann.</P></Content></text></textdaten></norm>
<norm builddate="20250331224020" doknr="BJNR150610017BJNG000401311"><metadaten><jurabk>SBGWV 2017</jurabk><jurabk>SBGWV</jurabk><gliederungseinheit><gliederungskennzahl>020020</gliederungskennzahl><gliederungsbez>Abschnitt 2</gliederungsbez><gliederungstitel>Wahl der Vertrauenspersonenausschüsse</gliederungstitel></gliederungseinheit></metadaten><textdaten><fussnoten/></textdaten></norm>
<norm builddate="20250331224020" doknr="BJNR150610017BJNE003801311"><metadaten><jurabk>SBGWV 2017</jurabk><jurabk>SBGWV</jurabk><enbez>§ 37</enbez><titel format="XML">Wahlvorstand</titel></metadaten><textdaten><text format="XML"><Content><P>(1) Neben dem Wahlvorstand nach § 41 Absatz 3 Satz 1 des Soldatinnen- und Soldatenbeteiligungsgesetzes können im Einvernehmen zwischen dem Wahlvorstand und den Kommandos im Sinne des § 39 Absatz 1 des Soldatinnen- und Soldatenbeteiligungsgesetzes dezentrale Wahlvorstände gebildet werden <DL Font="normal" Type="arabic"><DT>1.</DT><DD Font="normal"><LA Size="normal">bei Dienststellen, die den Kommandos im Sinne des § 39 Absatz 1 des Soldatinnen- und Soldatenbeteiligungsgesetzes nachgeordnet sind, sowie</LA></DD><DT>2.</DT><DD Font="normal"><LA Size="normal">für sicherheitsempfindliche Bereiche.</LA></DD></DL>Der Wahlvorstand nach § 41 Absatz 3 Satz 1 des Soldatinnen- und Soldatenbeteiligungsgesetzes ist in diesen Fällen zentraler Wahlvorstand.</P><P>(2) Die Mitglieder des Wahlvorstands sind für die Durchführung der Wahl von ihrer dienstlichen Tätigkeit freizustellen, soweit erforderlich.</P><P>(3) Der Wahlvorstand fasst seine Beschlüsse mit einfacher Mehrheit seiner Mitglieder.</P></Content></text><fussnoten/></textdaten></norm>
<norm builddate="20250331224020" doknr="BJNR150610017BJNE003901311"><metadaten><jurabk>SBGWV 2017</jurabk><jurabk>SBGWV</jurabk><enbez>§ 38</enbez><titel format="XML">Leitung der Wahl</titel></metadaten><textdaten><text format="XML"><Content><P>(1) Der Wahlvorstand, in den Fällen des § 37 Absatz 1 Satz 1 der zentrale Wahlvorstand, leitet die Wahl der Vertrauenspersonenausschüsse der Kommandos im Sinne des § 39 Absatz 1 des Soldatinnen- und Soldatenbeteiligungsgesetzes.</P><P>(2) Der Wahlvorstand, in den Fällen des § 37 Absatz 1 Satz 1 der zentrale Wahlvorstand, gibt die Namen seiner Mitglieder und Ersatzmitglieder unverzüglich nach seiner Bestellung bekannt. Die Bekanntgabe erfolgt durch Aushang in den Einheiten und vergleichbaren Dienststellen. Der Aushang muss bis zum Abschluss der Wahl zugänglich sein.</P></Content></text><fussnoten/></textdaten></norm>
<norm builddate="20250331224020" doknr="BJNR150610017BJNE004001311"><metadaten><jurabk>SBGWV 2017</jurabk><jurabk>SBGWV</jurabk><enbez>§ 39</enbez><titel format="XML">Unterstützung</titel></metadaten><textdaten><text format="XML"><Content><P>(1) Das jeweilige Kommando im Sinne des § 39 Absatz 1 des Soldatinnen- und Soldatenbeteiligungsgesetzes, die Stellen, bei denen weitere Wahlvorstände gebildet sind, und alle Vorgesetzten unterstützen den Wahlvorstand bei der Erfüllung seiner Aufgaben. Insbesondere erteilen sie Auskünfte und stellen dem Wahlvorstand die notwendigen Unterlagen und Räume sowie den notwendigen Geschäftsbedarf zur Verfügung.</P><P>(2) Die Mitglieder und Ersatzmitglieder des Wahlvorstands sind durch Schulungsmaßnahmen auf ihre Aufgaben vorzubereiten.</P></Content></text><fussnoten/></textdaten></norm>
<norm builddate="20250331224020" doknr="BJNR150610017BJNE004101311"><metadaten><jurabk>SBGWV 2017</jurabk><jurabk>SBGWV</jurabk><enbez>§ 40</enbez><titel format="XML">Sitzverteilung</titel></metadaten><textdaten><text format="XML"><Content><P>(1) Der Wahlvorstand stellt auf der Grundlage von § 39 Absatz 1 des Soldatinnen- und Soldatenbeteiligungsgesetzes die auf die Laufbahngruppen entfallenden Sitze fest.</P><P>(2) Für die Verteilung ist das Höchstzahlverfahren nach d'Hondt mit der Maßgabe anzuwenden, dass jede Laufbahngruppe durch mindestens ein Mitglied vertreten ist. Bei gleichen Höchstzahlen entscheidet das von der oder dem Vorsitzenden des Wahlvorstands zu ziehende Los. Für die Berechnung der Anzahl der auf den jeweiligen Kommandobereich entfallenden Mitglieder ist die Zahl der in der Regel beschäftigten Soldatinnen und Soldaten zu Grunde zu legen, soweit sie in dem jeweiligen Kommandobereich im Sinne des § 39 Absatz 1 des Soldatinnen- und Soldatenbeteiligungsgesetzes zur Wahl von Vertrauenspersonen berechtigt sind. Stichtag für die Berechnung ist der Tag der Bestellung des Wahlvorstands.</P></Content></text><fussnoten><Content><P>(+++ § 40: Zur Anwendung vgl. § 46 Abs. 3 +++)</P></Content></fussnoten></textdaten></norm>
<norm builddate="20250331224020" doknr="BJNR150610017BJNE004200000"><metadaten><jurabk>SBGWV 2017</jurabk><jurabk>SBGWV</jurabk><enbez>§ 41</enbez><titel format="XML">Briefwahl</titel></metadaten><textdaten><text format="XML"><Content><P>Die Wahl der Mitglieder der Vertrauenspersonenausschüsse findet als Briefwahl statt.</P></Content></text></textdaten></norm>
<norm builddate="20250331224020" doknr="BJNR150610017BJNE004230000"><metadaten><jurabk>SBGWV 2017</jurabk><jurabk>SBGWV</jurabk><enbez>§ 42</enbez><titel format="XML">Wahlausschreiben</titel></metadaten><textdaten><text format="XML"><Content><P>(1) Der Wahlvorstand gibt spätestens drei Monate vor der Wahl des Vertrauenspersonenausschusses ein Wahlausschreiben bekannt. Das Wahlausschreiben ist bis zur Ebene der Einheiten und vergleichbaren Dienststellen bekannt zu geben.</P><P>(2) Das Wahlausschreiben enthält <DL Type="arabic"><DT>1.</DT><DD Font="normal"><LA>zu jedem Mitglied des Wahlvorstands <DL Type="alpha"><DT>a)</DT><DD Font="normal"><LA>den Familiennamen,</LA></DD><DT>b)</DT><DD Font="normal"><LA>die Vornamen,</LA></DD><DT>c)</DT><DD Font="normal"><LA>den Dienstgrad und</LA></DD><DT>d)</DT><DD Font="normal"><LA>die Dienststelle,</LA></DD></DL></LA></DD><DT>2.</DT><DD Font="normal"><LA>den Tag, bis zu dem die Bewerbungen einzureichen sind,</LA></DD><DT>3.</DT><DD Font="normal"><LA>den Tag für den fristgerechten Eingang der Wahlbriefe,</LA></DD><DT>4.</DT><DD Font="normal"><LA>die Anschrift, an die die Wahlbriefe zu richten sind, sowie</LA></DD><DT>5.</DT><DD Font="normal"><LA>das Ende der Frist für Einsprüche gegen das Wählerverzeichnis.</LA></DD></DL></P><P>(3) In dem Wahlausschreiben ist darauf hinzuweisen, dass <DL Type="arabic"><DT>1.</DT><DD Font="normal"><LA>nur Vertrauenspersonen wählen können, die in das Wählerverzeichnis eingetragen sind,</LA></DD><DT>2.</DT><DD Font="normal"><LA>Einsprüche gegen das Wählerverzeichnis bis zum angegebenen Zeitpunkt schriftlich beim Wahlvorstand eingelegt werden können,</LA></DD><DT>3.</DT><DD Font="normal"><LA>nur Bewerbungen berücksichtigt werden, die fristgerecht beim Wahlvorstand eingegangen sind, und</LA></DD><DT>4.</DT><DD Font="normal"><LA>nur gewählt werden kann, wer in die Bewerberliste aufgenommen worden ist.</LA></DD></DL></P></Content></text></textdaten></norm>
<norm builddate="20250331224020" doknr="BJNR150610017BJNE004400000"><metadaten><jurabk>SBGWV 2017</jurabk><jurabk>SBGWV</jurabk><enbez>§ 43</enbez><titel format="XML">Wählerverzeichnis</titel></metadaten><textdaten><text format="XML"><Content><P>(1) Der Wahlvorstand stellt ein nach Laufbahngruppen untergliedertes Verzeichnis der wahlberechtigten Vertrauenspersonen seines Zuständigkeitsbereichs auf. Das Wählerverzeichnis enthält zu jeder oder jedem Wahlberechtigten <DL Type="arabic"><DT>1.</DT><DD Font="normal"><LA>den Familiennamen,</LA></DD><DT>2.</DT><DD Font="normal"><LA>die Vornamen,</LA></DD><DT>3.</DT><DD Font="normal"><LA>den Dienstgrad und</LA></DD><DT>4.</DT><DD Font="normal"><LA>die Einheit oder Dienststelle.</LA></DD></DL></P><P>(2) Das Wählerverzeichnis ist bis zum Abschluss der Wahl laufend zu aktualisieren. Die erforderlichen Unterlagen sind dem Wahlvorstand durch die Vorgesetzten zur Verfügung zu stellen.</P><P>(3) Ist die wahlberechtigte Vertrauensperson eines Wahlbereichs zum maßgeblichen Zeitpunkt für eine besondere Verwendung im Ausland in einen anderen Truppenteil kommandiert, ist die stellvertretende Vertrauensperson wahlberechtigt, die nach § 14 Absatz 3 des Soldatinnen- und Soldatenbeteiligungsgesetzes als Vertrauensperson eintritt.</P><P>(4) Das Wählerverzeichnis ist unverzüglich nach dem Aufstellen am Sitz des Wahlvorstands zur Einsicht auszulegen. Die Auslegung ist den Wahlberechtigten über ihre Vorgesetzten bekannt zu geben.</P><P>(5) Umfasst der Zuständigkeitsbereich des Wahlvorstands sicherheitsempfindliche Bereiche, können Angaben im Wählerverzeichnis und in den Wahlunterlagen im erforderlichen Umfang als Verschlusssachen des in Betracht kommenden Geheimhaltungsgrades eingestuft werden. Im Fall einer solchen Einstufung dürfen Zugang zu diesen Unterlagen oder Einsicht in diese Unterlagen nur Personen erhalten, die zum Umgang mit Verschlusssachen dieses Geheimhaltungsgrades ermächtigt sind.</P></Content></text></textdaten></norm>
<norm builddate="20250331224020" doknr="BJNR150610017BJNE004500000"><metadaten><jurabk>SBGWV 2017</jurabk><jurabk>SBGWV</jurabk><enbez>§ 44</enbez><titel format="XML">Einspruch gegen das Wählerverzeichnis</titel></metadaten><textdaten><text format="XML"><Content><P>(1) Die Wahlberechtigten können gegen das Wählerverzeichnis Einspruch beim Wahlvorstand einlegen. Der Einspruch ist schriftlich innerhalb von zwei Wochen nach Auslegung des Wählerverzeichnisses einzulegen.</P><P>(2) Über den Einspruch entscheidet der Wahlvorstand unverzüglich. Will der Wahlvorstand dem Einspruch stattgeben, soll die oder der Betroffene gehört werden. Dies gilt nicht, wenn sie oder er selbst den Einspruch eingelegt hat. Die Entscheidung ist der Einspruchsführerin oder dem Einspruchsführer und der oder dem Betroffenen unverzüglich, spätestens jedoch einen Werktag vor dem Versenden der Briefwahlunterlagen, schriftlich mitzuteilen. Die Entscheidung über den Einspruch ist zu dokumentieren.</P><P>(3) Ist der Einspruch fristgerecht eingegangen und begründet, berichtigt der Wahlvorstand das Wählerverzeichnis.</P><P>(4) Versäumt eine Einspruchsberechtigte oder ein Einspruchsberechtigter die Frist nach Absatz 1, obwohl sie oder er den Einspruchsgrund kannte oder ihr oder ihm eine Kenntnisnahme zumutbar gewesen wäre, ist eine spätere Anfechtung nach § 52 Absatz 2 des Soldatinnen- und Soldatenbeteiligungsgesetzes unter Berufung auf diesen Einspruchsgrund ausgeschlossen.</P></Content></text></textdaten></norm>
<norm builddate="20250331224020" doknr="BJNR150610017BJNE004601311"><metadaten><jurabk>SBGWV 2017</jurabk><jurabk>SBGWV</jurabk><enbez>§ 45</enbez><titel format="XML">Bewerbungen</titel></metadaten><textdaten><text format="XML"><Content><P>(1) Jede wahlberechtigte Vertrauensperson eines Wahlbereichs, der für mindestens drei Monate im jeweiligen Kommandobereich im Sinne des § 39 Absatz 1 des Soldatinnen- und Soldatenbeteiligungsgesetzes gebildet wurde, kann sich beim Wahlvorstand bewerben. Die Bewerbung muss bis zur festgesetzten Frist eingehen. Gleiches gilt für die Mitglieder des jeweiligen Vertrauenspersonenausschusses, die keine Vertrauensperson mehr sind.</P><P>(2) Die Bewerbung muss schriftlich erfolgen und folgende Angaben der Bewerberin oder des Bewerbers enthalten: <DL Type="arabic"><DT>1.</DT><DD Font="normal"><LA>den Familienname,</LA></DD><DT>2.</DT><DD Font="normal"><LA>die Vornamen,</LA></DD><DT>3.</DT><DD Font="normal"><LA>den Dienstgrad,</LA></DD><DT>4.</DT><DD Font="normal"><LA>den Stammtruppenteil,</LA></DD><DT>5.</DT><DD Font="normal"><LA>die Einheit oder Dienststelle, bei der die Bewerberin oder der Bewerber derzeit das Amt der Vertrauensperson ausübt, sowie</LA></DD><DT>6.</DT><DD Font="normal"><LA>den Beginn und das voraussichtliche Ende der Amtszeit als Vertrauensperson oder als Mitglied des amtierenden Vertrauenspersonenausschusses.</LA></DD></DL>Die Bewerberin oder der Bewerber muss die Bewerbung unterschreiben.</P><P>(3) Der Wahlvorstand bestätigt den Bewerberinnen und Bewerbern unverzüglich schriftlich den Eingang ihrer Bewerbung. Er gibt Bewerbungen, die die Voraussetzungen der Absätze 1 und 2 nicht erfüllen, unverzüglich unter Angabe des Grundes zurück. Der zuständige Wahlvorstand gibt den Bewerberinnen und Bewerbern Gelegenheit, den Mangel zu beseitigen.</P><P>(4) Verspätet eingegangene Bewerbungen gibt der Wahlvorstand mit einem entsprechenden Vermerk zurück.</P><P>(5) Ist nach Ablauf der Frist des Absatzes 1 nicht für alle Laufbahngruppen wenigstens eine Bewerbung für jeden Sitz der Wahlgänge eingegangen, fordert der Wahlvorstand die Wahlberechtigten, die sich für diese Sitze bewerben können, dazu auf, sich innerhalb von zwei Wochen zu bewerben.</P></Content></text><fussnoten/></textdaten></norm>
<norm builddate="20250331224020" doknr="BJNR150610017BJNE004700000"><metadaten><jurabk>SBGWV 2017</jurabk><jurabk>SBGWV</jurabk><enbez>§ 46</enbez><titel format="XML">Aufstellung und Bekanntgabe der Bewerberliste</titel></metadaten><textdaten><text format="XML"><Content><P>(1) Nach Ablauf der Bewerbungsfrist stellt der Wahlvorstand eine Liste der gültig vorgeschlagenen Bewerberinnen und Bewerber in alphabetischer Reihenfolge auf (Bewerberliste). Die Aufstellung der Bewerberinnen und Bewerber erfolgt getrennt nach Wahlgängen und mit den Angaben nach § 45 Absatz 2 Satz 1. Jedes Mitglied des Vertrauenspersonenausschusses, das nicht mehr Vertrauensperson ist, wird der Laufbahngruppe zugeteilt, der es am Tag des Ablaufs der Bewerbungsfrist angehört.</P><P>(2) Die Bewerberliste ist bekannt zu geben. Die Bekanntgabe erfolgt durch Aushang in den Einheiten und vergleichbaren Dienststellen. Der Aushang muss bis zum Abschluss der Wahl zugänglich sein.</P><P>(3) Sind für einen Wahlgang nach Ablauf der Fristen weniger Bewerberinnen oder Bewerber vorhanden als Sitze zu vergeben sind, teilt der Wahlvorstand die nicht besetzbaren Sitze in sinngemäßer Anwendung des § 40 weiter auf. Der Wahlvorstand gibt die geänderte Sitzverteilung auf dieselbe Weise wie das Wahlausschreiben bekannt.</P></Content></text></textdaten></norm>
<norm builddate="20250331224020" doknr="BJNR150610017BJNE004800000"><metadaten><jurabk>SBGWV 2017</jurabk><jurabk>SBGWV</jurabk><enbez>§ 47</enbez><titel format="XML">Briefwahlunterlagen</titel></metadaten><textdaten><text format="XML"><Content><P>(1) Der Wahlvorstand erstellt anhand der Bewerberliste die Stimmzettel, getrennt nach Wahlgängen. Die Bewerberinnen und Bewerber sind in alphabetischer Reihenfolge mit den Angaben nach § 45 Absatz 2 Satz 1 aufzuführen.</P><P>(2) Der Wahlvorstand stellt die Briefwahlunterlagen zusammen und übersendet diese den Wahlberechtigten.</P><P>(3) Die Briefwahlunterlagen bestehen aus <DL Type="arabic"><DT>1.</DT><DD Font="normal"><LA>einem Stimmzettel,</LA></DD><DT>2.</DT><DD Font="normal"><LA>einem Stimmzettelumschlag,</LA></DD><DT>3.</DT><DD Font="normal"><LA>einer vorgedruckten Erklärung, dass die oder der Wahlberechtigte den Stimmzettel <DL Type="alpha"><DT>a)</DT><DD Font="normal"><LA>persönlich und geheim gekennzeichnet hat oder</LA></DD><DT>b)</DT><DD Font="normal"><LA>im Fall eines körperlichen Gebrechens gemäß ihrem oder seinem erklärten Willen durch eine Person des Vertrauens hat kennzeichnen lassen,</LA></DD></DL></LA></DD><DT>4.</DT><DD Font="normal"><LA>einem an den Wahlvorstand adressierten Freiumschlag mit der oder dem Wahlberechtigten als Absenderin oder Absender und der Aufschrift „Schriftliche Stimmabgabe“ sowie</LA></DD><DT>5.</DT><DD Font="normal"><LA>einem Begleitschreiben, in dem das Wahlverfahren beschrieben und die Frist für die Rücksendung des Wahlbriefs genannt ist.</LA></DD></DL></P></Content></text></textdaten></norm>
<norm builddate="20250331224020" doknr="BJNR150610017BJNE004900000"><metadaten><jurabk>SBGWV 2017</jurabk><jurabk>SBGWV</jurabk><enbez>§ 48</enbez><titel format="XML">Stimmabgabe</titel></metadaten><textdaten><text format="XML"><Content><P>(1) Wählen darf nur, wer in das Wählerverzeichnis eingetragen ist. Die Wahlberechtigten haben jeweils eine Stimme.</P><P>(2) Die Wahlberechtigten kennzeichnen den Stimmzettel und legen ihn in den Stimmzettelumschlag. Der Stimmzettelumschlag darf nur den Stimmzettel enthalten. Die Wahlberechtigten haben durch Unterschrift unter der vorgedruckten Erklärung zu bestätigen, dass sie den Stimmzettel persönlich und geheim gekennzeichnet haben. Die Wahlberechtigten legen den Stimmzettelumschlag zusammen mit der Erklärung in den Freiumschlag und senden diesen Wahlbrief an den Wahlvorstand.</P><P>(3) Im Fall eines körperlichen Gebrechens können die Wahlberechtigten den Stimmzettel durch eine Person des Vertrauens kennzeichnen lassen. Die Person des Vertrauens hat durch Unterschrift unter der vorgedruckten Erklärung zu bestätigen, dass sie den Stimmzettel gemäß dem erklärten Willen der oder des Wahlberechtigten gekennzeichnet hat. Die Person des Vertrauens legt den Stimmzettelumschlag zusammen mit der Erklärung in den Freiumschlag und sendet diesen Wahlbrief an den Wahlvorstand. Die Person des Vertrauens ist zur Geheimhaltung über Kenntnisse verpflichtet, die sie bei der Hilfestellung bei der Wahl durch einen anderen erlangt hat.</P><P>(4) Der Wahlvorstand entnimmt den eingegangenen Wahlbriefen die Stimmzettelumschläge und legt diese, wenn die unterschriebene Erklärung beiliegt, ungeöffnet in eine verschlossene Wahlurne. Mindestens zwei Mitglieder des Wahlvorstands vermerken die Stimmabgabe im Wählerverzeichnis. Stimmzettelumschläge, denen keine unterschriebene Erklärung beigefügt ist, bleiben ungeöffnet und sind mit dem Vermerk „ungültig“ zu versehen; der Vermerk ist von einem Mitglied des Wahlvorstands zu unterschreiben.</P><P>(5) Die Wahlurne ist vor unbefugtem Zugriff zu schützen.</P><P>(6) Verspätet eingegangene Wahlbriefe bleiben ungeöffnet und werden vom Wahlvorstand mit einem Vermerk über den Zeitpunkt des Eingangs versehen.</P></Content></text></textdaten></norm>
<norm builddate="20250331224020" doknr="BJNR150610017BJNE005000000"><metadaten><jurabk>SBGWV 2017</jurabk><jurabk>SBGWV</jurabk><enbez>§ 49</enbez><titel format="XML">Auszählung, Losentscheid</titel></metadaten><textdaten><text format="XML"><Content><P>(1) Am Tag nach Ablauf der Frist, die für den Eingang der Wahlbriefe beim Wahlvorstand festgesetzt ist, öffnen mindestens zwei Mitglieder des Wahlvorstands die Wahlurnen. Sie entnehmen den Stimmzettelumschlägen die Stimmzettel und zählen die Stimmen aus.</P><P>(2) Der Wahlvorstand beschließt über die Gültigkeit der Stimmzettel.</P><P>(3) Ungültig sind Stimmzettel, <DL Type="arabic"><DT>1.</DT><DD Font="normal"><LA>auf denen mehr als ein Name gekennzeichnet ist,</LA></DD><DT>2.</DT><DD Font="normal"><LA>die mit einem Zusatz oder einem Vorbehalt versehen sind oder</LA></DD><DT>3.</DT><DD Font="normal"><LA>aus denen sich der Wählerwille nicht zweifelsfrei ergibt.</LA></DD></DL>Ungültige Stimmzettel sind von den übrigen Stimmzetteln zu trennen, in einer Liste zu erfassen und mit Nummern zu versehen.</P><P>(4) Zu Mitgliedern des Vertrauenspersonenausschusses sind die Bewerberinnen und Bewerber gewählt, die in ihren Wahlgängen die meisten Stimmen erhalten haben. Bei Stimmengleichheit entscheidet das Los. Dieses wird im unmittelbaren Anschluss an die Auszählung von der oder dem Vorsitzenden des Wahlvorstands gezogen.</P></Content></text></textdaten></norm>
<norm builddate="20250331224020" doknr="BJNR150610017BJNE005100000"><metadaten><jurabk>SBGWV 2017</jurabk><jurabk>SBGWV</jurabk><enbez>§ 50</enbez><titel format="XML">Feststellung des Wahlergebnisses, Wahlniederschrift</titel></metadaten><textdaten><text format="XML"><Content><P>(1) Das Wahlergebnis wird durch den Wahlvorstand festgestellt.</P><P>(2) Der Wahlvorstand fertigt über das Wahlergebnis eine Wahlniederschrift an und unterzeichnet diese. Die Wahlniederschrift enthält, getrennt nach Wahlgängen, <DL Type="arabic"><DT>1.</DT><DD Font="normal"><LA>die Zahl der Wahlberechtigten,</LA></DD><DT>2.</DT><DD Font="normal"><LA>die Zahl der Stimmzettelumschläge und Wahlbriefe nach § 48 Absatz 4 Satz 3 und § 48 Absatz 6,</LA></DD><DT>3.</DT><DD Font="normal"><LA>die Zahl der gültigen Stimmzettel,</LA></DD><DT>4.</DT><DD Font="normal"><LA>die Zahl der ungültigen Stimmzettel,</LA></DD><DT>5.</DT><DD Font="normal"><LA>die Zahl der Stimmen, die auf die jeweilige Bewerberin oder den jeweiligen Bewerber entfallen, und</LA></DD><DT>6.</DT><DD Font="normal"><LA>in den Fällen des § 49 Absatz 4 Satz 2 das Ergebnis des Losentscheids.</LA></DD></DL></P><P>(3) Sofern mehrere Wahlvorstände nach § 37 Absatz 1 Satz 1 gebildet sind, erstellt der zentrale Wahlvorstand über das Gesamtwahlergebnis eine Gesamtwahlniederschrift, in der die Ergebnisse aller Wahlbereiche einzeln aufgeführt sind.</P><P>(4) Besondere Ereignisse bei der Wahl sind in der Wahlniederschrift und in den Fällen des Absatzes 3 auch in der Gesamtwahlniederschrift zu vermerken.</P></Content></text></textdaten></norm>
<norm builddate="20250331224020" doknr="BJNR150610017BJNE005200000"><metadaten><jurabk>SBGWV 2017</jurabk><jurabk>SBGWV</jurabk><enbez>§ 51</enbez><titel format="XML">Benachrichtigung der gewählten Bewerberinnen und Bewerber</titel></metadaten><textdaten><text format="XML"><Content><P>(1) Der Wahlvorstand benachrichtigt die Bewerberinnen und Bewerber, die zu Mitgliedern des Vertrauenspersonenausschusses gewählt worden sind. Die Benachrichtigung erfolgt schriftlich gegen Empfangsbestätigung.</P><P>(2) Erklärt ein gewähltes Mitglied nicht innerhalb von drei Werktagen nach Zugang der Benachrichtigung gegenüber dem Wahlvorstand, dass es die Wahl ablehnt, gilt die Wahl als angenommen.</P></Content></text></textdaten></norm>
<norm builddate="20250331224020" doknr="BJNR150610017BJNE005301311"><metadaten><jurabk>SBGWV 2017</jurabk><jurabk>SBGWV</jurabk><enbez>§ 52</enbez><titel format="XML">Bekanntgabe des Wahlergebnisses</titel></metadaten><textdaten><text format="XML"><Content><P>(1) Der Wahlvorstand, in den Fällen des § 37 Absatz 1 Satz 1 der zentrale Wahlvorstand, übermittelt dem Kommando im Sinne des § 39 Absatz 1 des Soldatinnen- und Soldatenbeteiligungsgesetzes die Wahlniederschrift nach § 50 Absatz 2 oder 3. Hierbei ist das Ergebnis der Benachrichtigung der gewählten Bewerberinnen und Bewerber nach § 51 zu berücksichtigen.</P><P>(2) Die Angaben nach Absatz 1 werden in einem internen elektronischen Informationssystem der Bundeswehr veröffentlicht. Das Wahlergebnis gilt als an dem Tag bekannt gegeben, der auf die Veröffentlichung folgt. Der Wahlvorstand, in den Fällen des § 37 Absatz 1 Satz 1 der zentrale Wahlvorstand, hat das Datum der Veröffentlichung in den Wahlunterlagen zu vermerken.</P></Content></text><fussnoten/></textdaten></norm>
<norm builddate="20250331224020" doknr="BJNR150610017BJNE005400000"><metadaten><jurabk>SBGWV 2017</jurabk><jurabk>SBGWV</jurabk><enbez>§ 53</enbez><titel format="XML">Wahlunterlagen</titel></metadaten><textdaten><text format="XML"><Content><P>(1) Zu den Wahlunterlagen sind zu nehmen: <DL Type="arabic"><DT>1.</DT><DD Font="normal"><LA>die Wählerverzeichnisse,</LA></DD><DT>2.</DT><DD Font="normal"><LA>die Wahlausschreiben,</LA></DD><DT>3.</DT><DD Font="normal"><LA>die Wahlvorschläge,</LA></DD><DT>4.</DT><DD Font="normal"><LA>die Bewerberliste,</LA></DD><DT>5.</DT><DD Font="normal"><LA>die Stimmzettel,</LA></DD><DT>6.</DT><DD Font="normal"><LA>die ungültigen Stimmzettel,</LA></DD><DT>7.</DT><DD Font="normal"><LA>die Stimmzettelumschläge,</LA></DD><DT>8.</DT><DD Font="normal"><LA>die ungültigen Stimmzettelumschläge,</LA></DD><DT>9.</DT><DD Font="normal"><LA>die Wahlbriefe,</LA></DD><DT>10.</DT><DD Font="normal"><LA>die verspätet eingegangenen Wahlbriefe,</LA></DD><DT>11.</DT><DD Font="normal"><LA>die vorgedruckten Erklärungen,</LA></DD><DT>12.</DT><DD Font="normal"><LA>die Wahlniederschrift,</LA></DD><DT>13.</DT><DD Font="normal"><LA>die Einsprüche einschließlich der über sie getroffenen Entscheidungen und</LA></DD><DT>14.</DT><DD Font="normal"><LA>der Vermerk über die Bekanntgabe des Wahlergebnisses.</LA></DD></DL></P><P>(2) Der Vertrauenspersonenausschuss bewahrt die Wahlunterlagen bis zum Ende seiner Amtszeit auf und vernichtet sie sodann.</P></Content></text></textdaten></norm>
<norm builddate="20250331224020" doknr="BJNR150610017BJNG000500000"><metadaten><jurabk>SBGWV 2017</jurabk><jurabk>SBGWV</jurabk><gliederungseinheit><gliederungskennzahl>030</gliederungskennzahl><gliederungsbez>Kapitel 3</gliederungsbez><gliederungstitel>Schlussvorschrift</gliederungstitel></gliederungseinheit></metadaten><textdaten/></norm>
<norm builddate="20250331224020" doknr="BJNR150610017BJNE005500000"><metadaten><jurabk>SBGWV 2017</jurabk><jurabk>SBGWV</jurabk><enbez>§ 54</enbez><titel format="XML">Übergangsregelung</titel></metadaten><textdaten><text format="XML"><Content><P>Für Wahlen, zu deren Durchführung der Wahlvorstand vor dem 14. Juni 2017 bestellt worden ist, ist diese Verordnung in der bis dahin geltenden Fassung weiter anzuwenden.</P></Content></text></textdaten></norm>
</dokumente>