<?xml version="1.0" encoding="UTF-8" ?><!DOCTYPE dokumente SYSTEM "http://www.gesetze-im-internet.de/dtd/1.01/gii-norm.dtd">
<dokumente builddate="20120625154605" doknr="BJNR003240986"><norm builddate="20120625154605" doknr="BJNR003240986"><metadaten><jurabk>PsychKVVerbG</jurabk><ausfertigung-datum manuell="ja">1986-02-26</ausfertigung-datum><fundstelle typ="amtlich"><periodikum>BGBl I</periodikum><zitstelle>1986, 324</zitstelle></fundstelle><langue>Gesetz zur Verbesserung der ambulanten und teilstationären Versorgung
psychisch Kranker</langue></metadaten><textdaten><text format="XML"><Content><P/></Content></text><fussnoten><Content><P>(+++ Textnachweis ab:  1. 1.1986 +++)</P></Content></fussnoten></textdaten></norm>
<norm builddate="20120625154605" doknr="BJNR003240986BJNE000100327"><metadaten><jurabk>PsychKVVerbG</jurabk><enbez>(XXXX) Art 1 bis 3</enbez></metadaten><textdaten><text format="XML"><Content><P/></Content></text><fussnoten/></textdaten></norm>
<norm builddate="20120625154605" doknr="BJNR003240986BJNE000200327"><metadaten><jurabk>PsychKVVerbG</jurabk><enbez>Art 4</enbez><titel format="parat">Berlin-Klausel</titel></metadaten><textdaten><text format="XML"><Content><P>Dieses Gesetz gilt nach Maßgabe des § 13 Abs. 1 des Dritten Überleitungsgesetzes auch im Land Berlin. Rechtsverordnungen, die auf Grund dieses Gesetzes erlassen werden, gelten im Land Berlin nach § 14 des Dritten Überleitungsgesetzes.</P></Content></text></textdaten></norm>
<norm builddate="20120625154605" doknr="BJNR003240986BJNE000300327"><metadaten><jurabk>PsychKVVerbG</jurabk><enbez>Art 5</enbez><titel format="parat">Inkrafttreten und Übergangsvorschrift</titel></metadaten><textdaten><text format="XML"><Content><P>(1) Dieses Gesetz tritt mit Wirkung vom 1. Januar 1986 in Kraft.</P><P>(2) Verträge nach § 368n Abs. 6 Sätze 2 bis 9 der Reichsversicherungsordnung in der Fassung dieses Gesetzes sind erstmalig mit Wirkung vom 1. Januar 1986 spätestens bis zum 1. Januar 1987 abzuschließen.</P></Content> </text></textdaten></norm>
</dokumente>