<?xml version="1.0" encoding="UTF-8" ?><!DOCTYPE dokumente SYSTEM "http://www.gesetze-im-internet.de/dtd/1.01/gii-norm.dtd">
<dokumente builddate="20180508212508" doknr="BJNR075720016"><norm builddate="20180508212508" doknr="BJNR075720016"><metadaten><jurabk>SozSichAbk ALB</jurabk><ausfertigung-datum manuell="ja">2015-09-23</ausfertigung-datum><fundstelle typ="amtlich"><periodikum>BGBl II</periodikum><zitstelle>2016, 757</zitstelle></fundstelle><langue>Abkommen zwischen der Bundesrepublik Deutschland und der Republik Albanien über Soziale Sicherheit</langue></metadaten><textdaten><fussnoten><Content><P><BR/> <pre xml:space="preserve">G v. 27.6.2016 II 755<BR/> <BR/>Inkraft gem. Bek. v. 5.4.2018 II 140 mWv 1.12.2017<BR/><BR/></pre></P></Content></fussnoten></textdaten></norm>
</dokumente>