<?xml version="1.0" encoding="UTF-8" ?><!DOCTYPE dokumente SYSTEM "http://www.gesetze-im-internet.de/dtd/1.01/gii-norm.dtd">
<dokumente builddate="20120625145639" doknr="BJNR079220997"><norm builddate="20120625145639" doknr="BJNR079220997"><metadaten><jurabk>ABZusGrBrückVtrCESNotw</jurabk><ausfertigung-datum manuell="ja">1995-11-03</ausfertigung-datum><fundstelle typ="amtlich"><periodikum>BGBl II</periodikum><zitstelle>1997, 792</zitstelle></fundstelle><langue>Verbalnote zum Vertrag zwischen der Bundesrepublik
Deutschland und der Tschechischen Republik über den
Zusammenschluß der deutschen Autobahn A 6 und der
tschechischen Autobahn D 5 an der gemeinsamen Staatsgrenze
durch Errichtung einer Grenzbrücke</langue></metadaten><textdaten><text format="decorated"/><fussnoten><Content><P>G v. 16.4.1997 II 785 <BR/>In Kraft gem. Bek. v. 1.10.1997 II 1822 mWv 5.9.1997</P></Content></fussnoten></textdaten></norm>
</dokumente>