<?xml version="1.0" encoding="UTF-8" ?><!DOCTYPE dokumente SYSTEM "http://www.gesetze-im-internet.de/dtd/1.01/gii-norm.dtd">
<dokumente builddate="20120625154156" doknr="BJNR033120998"><norm builddate="20120625154156" doknr="BJNR033120998"><metadaten><jurabk>DBA LET</jurabk><ausfertigung-datum manuell="ja">1997-02-21</ausfertigung-datum><fundstelle typ="amtlich"><periodikum>BGBl II</periodikum><zitstelle>1998, 331</zitstelle></fundstelle><langue>Abkommen zwischen der Bundesrepublik Deutschland und der
Republik Lettland zur Vermeidung der Doppelbesteuerung
auf dem Gebiet der Steuern vom Einkommen und vom Vermögen</langue></metadaten><textdaten><text format="decorated"/><fussnoten><Content><P>G v. 31.3.1998 II 330 <BR/>In Kraft gem. Bek. v. 2.9.1998 II 2630 mWv 26.9.1998</P></Content></fussnoten></textdaten></norm>
</dokumente>