<?xml version="1.0" encoding="UTF-8" ?><!DOCTYPE dokumente SYSTEM "http://www.gesetze-im-internet.de/dtd/1.01/gii-norm.dtd">
<dokumente builddate="20120625151726" doknr="BJNR003270966"><norm builddate="20120625151726" doknr="BJNR003270966"><metadaten><jurabk>WZG§35JAMBek</jurabk><ausfertigung-datum manuell="ja">1966-04-07</ausfertigung-datum><fundstelle typ="amtlich"><periodikum>BGBl I</periodikum><zitstelle>1966, 327</zitstelle></fundstelle><langue>Bekanntmachung zu § 35 des Warenzeichengesetzes</langue></metadaten><textdaten><text format="XML"><Content><P/></Content></text><fussnoten><Content><P>(+++ Textnachweis ab: 13. 5.1966 +++)</P></Content></fussnoten></textdaten></norm>
<norm builddate="20120625151726" doknr="BJNR003270966BJNE000100304"><metadaten><jurabk>WZG§35JAMBek</jurabk><enbez>(XXXX)</enbez></metadaten><textdaten><text format="XML"><Content><P>Auf Grund des § 35 Abs. 1 des Warenzeichengesetzes in der Fassung vom 9. Mai 1961 (Bundesgesetzbl. I S. 549, 574) wird gemäß einer Erklärung des jamaikanischen Außenministeriums bekanntgemacht: <BR/>Deutsche Warenbezeichnungen werden in Jamaika in demselben Umfang wie inländische zum gesetzlichen Schutz zugelassen.</P></Content></text></textdaten></norm>
<norm builddate="20120625151726" doknr="BJNR003270966BJNE000200304"><metadaten><jurabk>WZG§35JAMBek</jurabk><enbez>Schlussformel</enbez></metadaten><textdaten><text format="XML"><Content><P>Der Bundesminister der Justiz</P></Content></text></textdaten></norm>
</dokumente>