<?xml version="1.0" encoding="UTF-8" ?><!DOCTYPE dokumente SYSTEM "http://www.gesetze-im-internet.de/dtd/1.01/gii-norm.dtd">
<dokumente builddate="20120625153735" doknr="BJNR219940960"><norm builddate="20120625153735" doknr="BJNR219940960"><metadaten><jurabk>IntAtomOrgVorRVbg</jurabk><ausfertigung-datum manuell="ja">1959-07-01</ausfertigung-datum><fundstelle typ="amtlich"><periodikum>BGBl II</periodikum><zitstelle>1960, 1994</zitstelle></fundstelle><langue>Vereinbarung über die Vorrechte und Befreiungen der Internationalen
Atomenergie-Organisation</langue></metadaten><textdaten><text format="decorated"/><fussnoten><Content><P>V v. 30.7.1960 II 1993, 2108 <BR/>Inkraft gem. Bek. v. 30.8.1960 II 2321 und Bek. v. 15.6.1964 II 713 mWv 4.8.1960</P></Content></fussnoten></textdaten></norm>
</dokumente>