<?xml version="1.0" encoding="UTF-8" ?><!DOCTYPE dokumente SYSTEM "http://www.gesetze-im-internet.de/dtd/1.01/gii-norm.dtd">
<dokumente builddate="20180413214507" doknr="BJNR219990976"><norm builddate="20180413214507" doknr="BJNR219990976"><metadaten><jurabk>NordSFischZProkBek</jurabk><ausfertigung-datum manuell="ja">1976-12-22</ausfertigung-datum><fundstelle typ="amtlich"><periodikum>BGBl II</periodikum><zitstelle>1976, 1999</zitstelle></fundstelle><langue>Bekanntmachung der Proklamation der Bundesrepublik Deutschland über die Errichtung einer Fischereizone der Bundesrepublik Deutschland in der Nordsee</langue></metadaten><textdaten><text format="XML"><Content><P/></Content></text><fussnoten><Content><P><BR/> <pre xml:space="preserve">(+++ Textnachweis ab: 29.12.1976 +++)</pre></P></Content></fussnoten></textdaten></norm>
<norm builddate="20180413214507" doknr="BJNR219990976BJNE000100304"><metadaten><jurabk>NordSFischZProkBek</jurabk><enbez>(XXXX)</enbez></metadaten><textdaten><text format="XML"><Content><P>Die Proklamation der Bundesrepublik Deutschland über die Errichtung einer Fischereizone der Bundesrepublik Deutschland in der Nordsee vom 21. Dezember 1976 wird hiermit bekanntgemacht.</P></Content></text></textdaten></norm>
<norm builddate="20180413214507" doknr="BJNR219990976BJNE000200304"><metadaten><jurabk>NordSFischZProkBek</jurabk><enbez>Schlussformel</enbez></metadaten><textdaten><text format="XML"><Content><P><SP>Der Bundesminister des Auswärtigen</SP></P></Content></text></textdaten></norm>
</dokumente>