<?xml version="1.0" encoding="UTF-8" ?><!DOCTYPE dokumente SYSTEM "http://www.gesetze-im-internet.de/dtd/1.01/gii-norm.dtd">
<dokumente builddate="20160101220547" doknr="BJNR273000009"><norm builddate="20160101220547" doknr="BJNR273000009"><metadaten><jurabk>KVBEVO</jurabk><amtabk>KVBEVO</amtabk><ausfertigung-datum manuell="ja">2009-08-11</ausfertigung-datum><fundstelle typ="amtlich"><periodikum>BGBl I</periodikum><zitstelle>2009, 2730</zitstelle></fundstelle><kurzue>Krankenversicherungsbeitragsanteil-Ermittlungsverordnung</kurzue><langue>Verordnung zur tarifbezogenen Ermittlung der steuerlich berücksichtigungsfähigen Beiträge zum Erwerb eines Krankenversicherungsschutzes im Sinne des § 10 Absatz 1 Nummer 3 Buchstabe a des Einkommensteuergesetzes</langue><standangabe checked="ja"><standtyp>Stand</standtyp><standkommentar>Geändert durch Art. 2 Abs. 9 G v. 1.4.2015 I 434</standkommentar></standangabe></metadaten><textdaten><fussnoten><Content><P><BR/> <pre xml:space="preserve">(+++ Textnachweis ab: 1.1.2010 +++)<BR/><BR/></pre></P></Content></fussnoten></textdaten></norm>
<norm builddate="20160101220547" doknr="BJNR273000009BJNE000100000"><metadaten><jurabk>KVBEVO</jurabk><enbez>Eingangsformel</enbez></metadaten><textdaten><text format="XML"><Content><P>Auf Grund des § 10 Absatz 5 und des § 51 Absatz 1 Nummer 3 des Einkommensteuergesetzes in der Fassung der Bekanntmachung vom 19. Oktober 2002 (BGBl. I S. 4210; 2003 I S. 179), von denen § 10 Absatz 5 durch Artikel 1 des Gesetzes vom 16. Juli 2009 (BGBl. I S. 1959) neu gefasst worden ist, verordnet die Bundesregierung:</P></Content></text></textdaten></norm>
<norm builddate="20160101220547" doknr="BJNR273000009BJNE000200000"><metadaten><jurabk>KVBEVO</jurabk><enbez>§ 1</enbez><titel format="XML">Anwendungsbereich und Grundsätze</titel></metadaten><textdaten><text format="XML"><Content><P>(1) Durch diese Verordnung wird bezogen auf den Tarif bestimmt, wie der Teil der Beiträge zum Erwerb eines Krankenversicherungsschutzes, der auf das Krankentagegeld und auf Leistungen entfällt, auf die ein Anspruch besteht und die in Art, Umfang oder Höhe den Leistungen nach dem Dritten Kapitel des Fünften Buches Sozialgesetzbuch nicht vergleichbar sind, durch einheitliche prozentuale Abschläge auf den zugunsten des jeweiligen Tarifs gezahlten Beitrag zu ermitteln ist, soweit diese Versicherungsleistung nicht bereits als gesonderter Tarif ausgewiesen wird.</P><P>(2) Werden in einem gesonderten Tarif ausschließlich Krankentagegeld oder Leistungen ausgewiesen, auf die ein Anspruch besteht und die in Art, Umfang oder Höhe den Leistungen nach dem Dritten Kapitel des Fünften Buches Sozialgesetzbuch nicht vergleichbar sind, ist der für diesen Tarif entrichtete Beitrag insgesamt nicht abziehbar. Im Übrigen ist der nicht abziehbare Beitragsanteil nach § 3 zu ermitteln, wenn Leistungen im Sinne des § 2 Absatz 1 Nummer 1 bis Nummer 5 oder Krankentagegeldleistungen oder Krankenhaustagegeldleistungen versichert sind.</P></Content></text></textdaten></norm>
<norm builddate="20160101220547" doknr="BJNR273000009BJNE000300000"><metadaten><jurabk>KVBEVO</jurabk><enbez>§ 2</enbez><titel format="XML">Definitionen und Leistungsbestimmungen</titel></metadaten><textdaten><text format="XML"><Content><P>(1) Leistungen im Sinne des § 1 Absatz 1 liegen insbesondere vor bei <DL Type="arabic"><DT>1.</DT><DD Font="normal"><LA>ambulanten Leistungen durch einen Heilpraktiker im Sinne des Heilpraktikergesetzes in der im Bundesgesetzblatt Teil III, Gliederungsnummer 2122-2, veröffentlichten bereinigten Fassung, das zuletzt durch Artikel 15 des Gesetzes vom 23. Oktober 2001 (BGBl. I S. 2702) geändert worden ist,</LA></DD><DT>2.</DT><DD Font="normal"><LA>der Erstattung von Aufwendungen für ein Einbettzimmer,</LA></DD><DT>3.</DT><DD Font="normal"><LA>der Erstattung von Aufwendungen für Chefarztbehandlungen oder eines Zweibettzimmers,</LA></DD><DT>4.</DT><DD Font="normal"><LA>Leistungen für Zahnersatz oder implantologische Leistungen,</LA></DD><DT>5.</DT><DD Font="normal"><LA>kieferorthopädischen Leistungen.</LA></DD></DL></P><P>(2) Ein Tarif sieht ein einheitliches Leistungsversprechen für alle in ihm Versicherten vor und umfasst Leistungen der privaten Krankenversicherung.</P><P>(3) Der Beitrag ist das Entgelt, welches für das dem Tarif zugrunde liegende Leistungsversprechen entrichtet wird.</P><P>(4) Krankentagegeld ist eine Leistung, die den Verdienstausfall ersetzt, der durch Arbeitsunfähigkeit als Folge von Krankheit oder Unfall entsteht. Krankenhaustagegeld ist eine in vertraglich festgelegter Höhe gezahlte Leistung für den Zeitraum einer medizinisch notwendigen stationären Heilbehandlung.</P></Content></text></textdaten></norm>
<norm builddate="20160101220547" doknr="BJNR273000009BJNE000401377"><metadaten><jurabk>KVBEVO</jurabk><enbez>§ 3</enbez><titel format="XML">Ermittlung des Abschlags</titel></metadaten><textdaten><text format="XML"><Content><P>(1) Zur Ermittlung des nicht abziehbaren Teils des Beitrags ist die Summe der Absatz 2 zu entnehmenden Punkte für die im Tarif vereinbarten Leistungen im Sinne des § 2 Absatz 1 Nummer 1 bis Nummer 5 zu ermitteln. Die nach Satz 1 ermittelte Summe ist durch die Summe der Absatz 2 zu entnehmenden Punkte für die im Tarif insgesamt versicherten Leistungen zu teilen. Das Ergebnis ist auf die vierte Nachkommastelle zu runden und mit dem vom Steuerpflichtigen geleisteten Beitrag zu multiplizieren. Der sich ergebende Betrag ist auf die zweite Nachkommastelle zu runden.</P><P>(2) Den in einem Tarif versicherten Leistungen sind folgende Punkte zuzuordnen: <BR/><BR/><table frame="none" tocentry="%yes;"><tgroup align="left" char="" charoff="50" cols="3"><colspec colname="c1" colwidth="2*"/><colspec colname="c2" colwidth="28*"/><colspec align="right" colname="c3" colwidth="10*"/><tbody valign="top"><row><entry VJ="1" align="justify" colsep="0" rowsep="0">1.</entry><entry VJ="1" align="justify" colsep="0" rowsep="0">ambulante Leistungen, ohne Leistungen im Sinne des § 2 Absatz 1 Nummer 1</entry><entry VJ="1" align="right" colsep="0" rowsep="0"><BR/>54,60 Punkte</entry></row><row><entry VJ="1" align="justify" colsep="0" rowsep="0">2.</entry><entry VJ="1" align="justify" colsep="0" rowsep="0">Leistungen im Sinne des § 2 Absatz 1 Nummer 1</entry><entry VJ="1" align="right" colsep="0" rowsep="0">1,69 Punkte</entry></row><row><entry VJ="1" align="justify" colsep="0" rowsep="0">3.</entry><entry VJ="1" align="justify" colsep="0" rowsep="0">stationäre Leistungen, ohne Leistungen im Sinne des § 2 Absatz 1 Nummer 2 und Nummer 3</entry><entry VJ="1" align="right" colsep="0" rowsep="0"><BR/>15,11 Punkte</entry></row><row><entry VJ="1" align="justify" colsep="0" rowsep="0">4.</entry><entry VJ="1" align="justify" colsep="0" rowsep="0">Leistungen im Sinne des § 2 Absatz 1 Nummer 2</entry><entry VJ="1" align="right" colsep="0" rowsep="0">3,64 Punkte</entry></row><row><entry VJ="1" align="justify" colsep="0" rowsep="0">5.</entry><entry VJ="1" align="justify" colsep="0" rowsep="0">Leistungen im Sinne des § 2 Absatz 1 Nummer 3</entry><entry VJ="1" align="right" colsep="0" rowsep="0">9,24 Punkte</entry></row><row><entry VJ="1" align="justify" colsep="0" rowsep="0">6.</entry><entry VJ="1" align="justify" colsep="0" rowsep="0">zahnärztliche Leistungen, ohne Leistungen im Sinne des § 2 Absatz 1 Nummer 4 und Nummer 5</entry><entry VJ="1" align="right" colsep="0" rowsep="0"><BR/>9,88 Punkte</entry></row><row><entry VJ="1" align="justify" colsep="0" rowsep="0">7.</entry><entry VJ="1" align="justify" colsep="0" rowsep="0">Leistungen im Sinne des § 2 Absatz 1 Nummer 4</entry><entry VJ="1" align="right" colsep="0" rowsep="0">5,58 Punkte</entry></row><row><entry VJ="1" align="justify" colsep="0" rowsep="0">8.</entry><entry VJ="1" align="justify" colsep="0" rowsep="0">Leistungen im Sinne des § 2 Absatz 1 Nummer 5</entry><entry VJ="1" align="right" colsep="0" rowsep="0">0,26 Punkte</entry></row></tbody></tgroup></table></P><P>(3) Sieht ein erstmals nach dem 1. Mai 2009 für das Neugeschäft angebotener Versicherungstarif weder die Erstattung von Aufwendungen für allgemeine Krankenhausleistungen, für ambulante Arztbehandlungen noch für Zahnbehandlungen vor, ist vom geleisteten Beitrag ungeachtet der Absätze 1 und 2 ein Abschlag von 99 Prozent vorzunehmen. Gleiches gilt, wenn in einem Tarif Krankentagegeld oder Krankenhaustagegeld zusammen mit anderen Leistungen versichert ist. § 1 Absatz 2 Satz 1 bleibt unberührt. Für Krankentagegeld, das zusammen mit anderen Leistungen in dem Basistarif im Sinne des § 152 Absatz 1 des Versicherungsaufsichtsgesetzes versichert ist, ist ungeachtet der vorstehenden Regelungen von dem für den Basistarif geleisteten Beitrag ein Abschlag in Höhe von vier Prozent vorzunehmen.</P></Content></text><fussnoten/></textdaten></norm>
<norm builddate="20160101220547" doknr="BJNR273000009BJNE000500000"><metadaten><jurabk>KVBEVO</jurabk><enbez>§ 4</enbez><titel format="XML">Inkrafttreten</titel></metadaten><textdaten><text format="XML"><Content><P>Diese Verordnung tritt am 1. Januar 2010 in Kraft.</P></Content></text></textdaten></norm>
<norm builddate="20160101220547" doknr="BJNR273000009BJNE000600000"><metadaten><jurabk>KVBEVO</jurabk><enbez>Schlussformel</enbez></metadaten><textdaten><text format="XML"><Content><P>Der Bundesrat hat zugestimmt.</P></Content></text></textdaten></norm>
</dokumente>