<?xml version="1.0" encoding="UTF-8" ?><!DOCTYPE dokumente SYSTEM "http://www.gesetze-im-internet.de/dtd/1.01/gii-norm.dtd">
<dokumente builddate="20130405131014" doknr="BJNR105300991"><norm builddate="20130405131014" doknr="BJNR105300991"><metadaten><jurabk>BKOrgErl 1991-01</jurabk><ausfertigung-datum manuell="ja">1991-01-23</ausfertigung-datum><fundstelle typ="amtlich"><periodikum>BGBl I</periodikum><zitstelle>1991, 530</zitstelle></fundstelle><langue>Organisationserlaß des Bundeskanzlers</langue></metadaten><textdaten><text format="XML"><Content><P/></Content></text><fussnoten><Content><P>Bek. v. 24.1.1991 I 530</P></Content></fussnoten></textdaten></norm>
<norm builddate="20130405131014" doknr="BJNR105300991BJNE000100333"><metadaten><jurabk>BKOrgErl 1991-01</jurabk><enbez>I.</enbez></metadaten><textdaten><text format="XML"><Content><P>Dem Bundesministerium für Gesundheit werden übertragen: <DL Font="normal" Type="arabic"><DT>-</DT><DD Font="normal"><LA Size="normal">aus dem Geschäftsbereich des ehemaligen Bundesministeriums für Jugend, Familie, Frauen und Gesundheit die Zuständigkeit für Gesundheit, Verbraucherschutz und Veterinärmedizin,</LA></DD> <DT>-</DT><DD Font="normal"><LA Size="normal">aus dem Geschäftsbereich des Bundesministeriums für Arbeit und Sozialordnung die Zuständigkeit für Gesundheit und Krankenversicherung.</LA></DD></DL></P></Content></text></textdaten></norm>
<norm builddate="20130405131014" doknr="BJNR105300991BJNE000200333"><metadaten><jurabk>BKOrgErl 1991-01</jurabk><enbez>II.</enbez></metadaten><textdaten><text format="XML"><Content><P>Dem Bundesministerium für Familie und Senioren wird aus dem Geschäftsbereich des ehemaligen Bundesministeriums für Jugend, Familie, Frauen und Gesundheit die Zuständigkeit für Familie und Soziales übertragen.</P></Content></text></textdaten></norm>
<norm builddate="20130405131014" doknr="BJNR105300991BJNE000300333"><metadaten><jurabk>BKOrgErl 1991-01</jurabk><enbez>III.</enbez></metadaten><textdaten><text format="XML"><Content><P>Das Bundesministerium für Arbeit und Sozialordnung ist zuständig für Fragen der Absicherung bei Pflegebedürftigkeit.</P></Content></text></textdaten></norm>
<norm builddate="20130405131014" doknr="BJNR105300991BJNE000400333"><metadaten><jurabk>BKOrgErl 1991-01</jurabk><enbez>IV.</enbez></metadaten><textdaten><text format="XML"><Content><P>Die Einzelheiten des Überganges werden zwischen den beteiligten Bundesministern geregelt und dem Chef des Bundeskanzleramtes mitgeteilt.</P></Content></text></textdaten></norm>
</dokumente>