<?xml version="1.0" encoding="UTF-8" ?><!DOCTYPE dokumente SYSTEM "http://www.gesetze-im-internet.de/dtd/1.01/gii-norm.dtd">
<dokumente builddate="20120625151925" doknr="BJNR263520994"><norm builddate="20120625151925" doknr="BJNR263520994"><metadaten><jurabk>NATOTrStatZAbkÄndAbkD</jurabk><ausfertigung-datum manuell="ja">1993-03-18</ausfertigung-datum><fundstelle typ="amtlich"><periodikum>BGBl II</periodikum><zitstelle>1994, 2635</zitstelle></fundstelle><langue>Abkommen zur Durchführung des Artikels 45 Absatz 1 des Zusatzabkommens
vom 3. August 1959 in der durch das Abkommen vom 21. Oktober 1971, die
Vereinbarung vom 18. Mai 1981 und das Abkommen vom 18. März 1993 geänderten
Fassung zu dem Abkommen zwischen den Parteien des Nordatlantikvertrages über
die Rechtsstellung ihrer Truppen hinsichtlich der in der Bundesrepublik
Deutschland stationierten ausländischen Truppen</langue></metadaten><textdaten><text format="decorated"/><fussnoten><Content><P>G v. 28.9.1994 II 2594 <BR/>In Kraft gem. Bek. v. 30.6.1998 II 1691 mWv 29.3.1998</P></Content></fussnoten></textdaten></norm>
</dokumente>