<?xml version="1.0" encoding="UTF-8" ?><!DOCTYPE dokumente SYSTEM "http://www.gesetze-im-internet.de/dtd/1.01/gii-norm.dtd">
<dokumente builddate="20231019213529" doknr="BJNR1020A0023"><norm builddate="20231019213529" doknr="BJNR1020A0023"><metadaten><jurabk>VertrFPrV</jurabk><amtabk>VertrFPrV</amtabk><ausfertigung-datum manuell="ja">2023-09-21</ausfertigung-datum><fundstelle typ="amtlich"><periodikum>BGBl I</periodikum><zitstelle>2023, Nr. 258</zitstelle></fundstelle><kurzue>Vertrieb-Fortbildungsprüfungsverordnung</kurzue><langue>Verordnung über die Prüfung zum anerkannten Fortbildungsabschluss mit der Bezeichnung Geprüfter Berufsspezialist für Vertrieb oder Geprüfte Berufsspezialistin für Vertrieb</langue><standangabe checked="ja"><standtyp>Sonst</standtyp><standkommentar>Ersetzt V 806-21-7-64 v. 31.10.2001 I 2882 (FachbPrV)</standkommentar></standangabe></metadaten><textdaten><fussnoten><Content><P><BR/> <pre xml:space="preserve">(+++ Textnachweis ab: 28.9.2023 +++)<BR/><BR/></pre></P></Content></fussnoten></textdaten></norm>
<norm builddate="20231019213529" doknr="BJNR1020A0023BJNE000100000"><metadaten><jurabk>VertrFPrV</jurabk><enbez>Eingangsformel</enbez></metadaten><textdaten><text format="XML"><Content><P>Auf Grund des § 53 Absatz 1 in Verbindung mit Absatz 2, mit § 53a Absatz 1 Nummer 1 und mit § 53b des Berufsbildungsgesetzes in der Fassung der Bekanntmachung vom 4. Mai 2020 (BGBl. I S. 920) sowie in Verbindung mit § 1 Absatz 2 des Zuständigkeitsanpassungsgesetzes vom 16. August 2002 (BGBl. I S. 3165) und dem Organisationserlass vom 8. Dezember 2021 (BGBl. I S. 5176) verordnet das Bundesministerium für Bildung und Forschung im Einvernehmen mit dem Bundesministerium für Wirtschaft und Klimaschutz nach Anhörung des Hauptausschusses des Bundesinstituts für Berufsbildung:</P></Content></text></textdaten></norm>
<norm builddate="20231019213529" doknr="BJNR1020A0023BJNE000200000"><metadaten><jurabk>VertrFPrV</jurabk><enbez>§ 1</enbez><titel format="XML">Ziel der Prüfung und Bezeichnung des Fortbildungsabschlusses</titel></metadaten><textdaten><text format="XML"><Content><P>(1) Mit der erfolgreich abgelegten Prüfung nach dieser Verordnung wird die auf einen beruflichen Aufstieg abzielende Ergänzung der beruflichen Handlungsfähigkeit auf der ersten beruflichen Fortbildungsstufe der höherqualifizierenden Berufsbildung nachgewiesen.</P><P>(2) Die Prüfung wird von der nach dem Berufsbildungsgesetz zuständigen Stelle durchgeführt.</P><P>(3) Durch die Prüfung ist festzustellen, ob die zu prüfende Person nach § 53b Absatz 2 Satz 1 des Berufsbildungsgesetzes die Fertigkeiten, Kenntnisse und Fähigkeiten, die sie in der Regel im Rahmen der Berufsausbildung erworben hat, vertieft hat und die in der Regel im Rahmen der Berufsausbildung erworbene berufliche Handlungsfähigkeit um neue Fertigkeiten, Kenntnisse und Fähigkeiten ergänzt hat. Insbesondere ist festzustellen, ob die zu prüfende Person in der Lage ist, die in Satz 3 Nummer 1 bis 4 genannten Aufgaben unter Berücksichtigung der ökonomischen, ökologischen und ethischen Dimensionen eines nachhaltigen Wirtschaftens eigenständig und verantwortlich wahrzunehmen. Im Einzelnen umfasst dies insbesondere folgende Tätigkeiten: <DL Type="arabic"><DT>1.</DT><DD Font="normal"><LA>zielgruppengerechtes Auswählen und Umsetzen der Vertriebs- und Verkaufsaktivitäten eines Unternehmens,</LA></DD><DT>2.</DT><DD Font="normal"><LA>bedarfsgerechtes Planen, Strukturieren, Durchführen und Nachbereiten operativer Vertriebstätigkeiten, um Kundenbeziehungen nachhaltig zu sichern, Neukunden und Neukundinnen zu gewinnen und die Rückgewinnung von Kunden und Kundinnen zu ermöglichen,</LA></DD><DT>3.</DT><DD Font="normal"><LA>Entwickeln und Anbieten individueller Lösungen für Kunden und Kundinnen,</LA></DD><DT>4.</DT><DD Font="normal"><LA>Reflektieren eigener Verhaltensweisen und der Verhaltensweisen der Kunden und Kundinnen, um den Verkaufsprozess zu optimieren.</LA></DD></DL></P><P>(4) Für den Erwerb der in Absatz 3 bezeichneten Fertigkeiten, Kenntnisse und Fähigkeiten bedarf es in der Regel eines Lernumfangs von insgesamt mindestens 400 Stunden. Der Lerninhalt bestimmt sich nach den Anforderungen der in § 3 in Verbindung mit den §§ 4 bis 6 genannten Prüfungsbereiche.</P><P>(5) Die erfolgreich abgelegte Prüfung führt zum anerkannten Fortbildungsabschluss mit der Bezeichnung „Geprüfter Berufsspezialist für Vertrieb“ oder „Geprüfte Berufsspezialistin für Vertrieb“.</P></Content></text></textdaten></norm>
<norm builddate="20231019213529" doknr="BJNR1020A0023BJNE000300000"><metadaten><jurabk>VertrFPrV</jurabk><enbez>§ 2</enbez><titel format="XML">Zulassungsvoraussetzungen</titel></metadaten><textdaten><text format="XML"><Content><P>(1) Zur Prüfung ist zuzulassen, wer die Anforderungen des § 53b des Berufsbildungsgesetzes erfüllt und Folgendes nachweist: <DL Type="arabic"><DT>1.</DT><DD Font="normal"><LA>eine erfolgreich abgelegte Abschlussprüfung in einem anerkannten Ausbildungsberuf mit einer Berufsausbildungsdauer von drei Jahren,</LA></DD><DT>2.</DT><DD Font="normal"><LA>eine erfolgreich abgelegte Abschlussprüfung in einem anerkannten Ausbildungsberuf mit einer Berufsausbildungsdauer von zwei Jahren und eine auf die Berufsausbildung folgende, mindestens einjährige Berufspraxis,</LA></DD><DT>3.</DT><DD Font="normal"><LA>den Erwerb von mindestens 60 Leistungspunkten nach dem Europäischen System zur Übertragung und Akkumulierung von Studienleistungen in einem Studium und eine mindestens zweijährige Berufspraxis oder</LA></DD><DT>4.</DT><DD Font="normal"><LA>eine mindestens vierjährige Berufspraxis.</LA></DD></DL></P><P>(2) Die Berufspraxis nach Absatz 1 Nummer 2 bis 4 muss wesentliche Bezüge zu den in § 1 Absatz 3 genannten Tätigkeiten aufweisen. Die Dauer und der Inhalt der Berufspraxis sind in geeigneter Weise nachzuweisen.</P><P>(3) Abweichend von Absatz 1 ist zur Prüfung auch zuzulassen, wer durch Vorlage von Zeugnissen oder auf andere Weise glaubhaft macht, eine berufliche Handlungsfähigkeit erworben zu haben, die mit den Zulassungsvoraussetzungen nach Absatz 1 vergleichbar ist.</P></Content></text></textdaten></norm>
<norm builddate="20231019213529" doknr="BJNR1020A0023BJNE000400000"><metadaten><jurabk>VertrFPrV</jurabk><enbez>§ 3</enbez><titel format="XML">Inhalt der Prüfung</titel></metadaten><textdaten><text format="XML"><Content><P>Die Prüfung umfasst folgende Prüfungsbereiche: <DL Type="arabic"><DT>1.</DT><DD Font="normal"><LA>„Selbstmanagement im Vertrieb sicherstellen“ nach § 4,</LA></DD><DT>2.</DT><DD Font="normal"><LA>„Operative Tätigkeiten im Vertrieb durchführen“ nach § 5 sowie</LA></DD><DT>3.</DT><DD Font="normal"><LA>„Kundenorientierte Kommunikation im Vertrieb gestalten“ nach § 6.</LA></DD></DL></P></Content></text></textdaten></norm>
<norm builddate="20231019213529" doknr="BJNR1020A0023BJNE000500000"><metadaten><jurabk>VertrFPrV</jurabk><enbez>§ 4</enbez><titel format="XML">Prüfungsbereich „Selbstmanagement im Vertrieb sicherstellen“</titel></metadaten><textdaten><text format="XML"><Content><P>Im Prüfungsbereich „Selbstmanagement im Vertrieb sicherstellen“ hat die zu prüfende Person nachzuweisen, dass sie in der Lage ist, Unternehmens- und Vertriebsziele im eigenen Verhalten umsetzen und dabei die eigene Vertriebspersönlichkeit zu entwickeln. In diesem Rahmen wird aus folgenden Qualifikationsinhalten geprüft: <DL Type="arabic"><DT>1.</DT><DD Font="normal"><LA>Berücksichtigen kultureller Unterschiede im Kontakt mit Kunden und Kundinnen und Reflektieren des eigenen Verhaltens vor diesem Hintergrund,</LA></DD><DT>2.</DT><DD Font="normal"><LA>Feedback nutzen und Vertriebserfolge evaluieren, um Lern- und Entwicklungsziele im Hinblick auf lebenslanges Lernen abzuleiten und die Qualität der eigenen Vertriebsaktivitäten zu optimieren,</LA></DD><DT>3.</DT><DD Font="normal"><LA>Reflektieren der Ablauforganisation, Bewerten von Prozessinnovationen und Ableiten von Maßnahmen für die eigenen Vertriebsaktivitäten,</LA></DD><DT>4.</DT><DD Font="normal"><LA>Einsetzen von Methoden des Selbstmanagements,</LA></DD><DT>5.</DT><DD Font="normal"><LA>Reflektieren der Merkmale von Vertriebspersönlichkeiten und kundenorientiertes Einsetzen dieser Merkmale.</LA></DD></DL></P></Content></text></textdaten></norm>
<norm builddate="20231019213529" doknr="BJNR1020A0023BJNE000600000"><metadaten><jurabk>VertrFPrV</jurabk><enbez>§ 5</enbez><titel format="XML">Prüfungsbereich „Operative Tätigkeiten im Vertrieb durchführen“</titel></metadaten><textdaten><text format="XML"><Content><P>Im Prüfungsbereich „Operative Tätigkeiten im Vertrieb durchführen“ hat die zu prüfende Person nachzuweisen, dass sie in der Lage ist, Vertriebstätigkeiten kundenorientiert umzusetzen und den operativen Verkaufsprozess zu gestalten. Dabei sollen Verkaufstechniken und Vertriebsinstrumente unter Berücksichtigung rechtlicher und wirtschaftlicher Rahmenbedingungen eingesetzt werden. In diesem Rahmen wird aus folgenden Qualifikationsinhalten geprüft: <DL Type="arabic"><DT>1.</DT><DD Font="normal"><LA>Gestalten von Vertriebsaktivitäten für eine nachhaltige Beziehung zu Kunden und Kundinnen unter Abwägung von Chancen und Risiken,</LA></DD><DT>2.</DT><DD Font="normal"><LA>Analysieren der Aufbau- und Ablauforganisation von Kunden und Kundinnen und Identifizieren von Beteiligten an Kaufentscheidungen,</LA></DD><DT>3.</DT><DD Font="normal"><LA>Ermitteln der Bedürfnisse von Kunden und Kundinnen und Ableiten des Bedarfs,</LA></DD><DT>4.</DT><DD Font="normal"><LA>Analysieren von Vertriebskennziffern und aus Veränderungen im Kaufverhalten von Kunden und Kundinnen Maßnahmen für die eigene Vertriebstätigkeit ableiten,</LA></DD><DT>5.</DT><DD Font="normal"><LA>Auswählen und Einsetzen von Maßnahmen zum Kundenbeziehungsmanagement,</LA></DD><DT>6.</DT><DD Font="normal"><LA>Planen, Durchführen und Nachbereiten von Verkaufsgesprächen und Konditionsverhandlungen unter Anwendung von Verkaufs- und Verhandlungstechniken sowie Vorbereiten von Folgeaktivitäten,</LA></DD><DT>7.</DT><DD Font="normal"><LA>Aufbereiten und Weiterleiten von Informationen aus dem Vertrieb für die Rückkoppelung an das eigene Unternehmen.</LA></DD></DL></P></Content></text></textdaten></norm>
<norm builddate="20231019213529" doknr="BJNR1020A0023BJNE000700000"><metadaten><jurabk>VertrFPrV</jurabk><enbez>§ 6</enbez><titel format="XML">Prüfungsbereich „Kundenorientierte Kommunikation im Vertrieb gestalten“</titel></metadaten><textdaten><text format="XML"><Content><P>Im Prüfungsbereich „Kundenorientierte Kommunikation im Vertrieb gestalten“ hat die zu prüfende Person nachzuweisen, dass sie in der Lage ist, die Kommunikation mit Netzwerkpartnern und -partnerinnen sowie Kunden und Kundinnen wertschätzend zu führen und zielorientiert zu steuern, um den Verkaufserfolg zu erhöhen. In diesem Rahmen wird aus folgenden Qualifikationsinhalten geprüft: <DL Type="arabic"><DT>1.</DT><DD Font="normal"><LA>kommunikatives Ermitteln und Analysieren der Bedürfnisse von Kunden und Kundinnen und Lösungen bedarfsgerecht in die Gesprächsführung einbinden,</LA></DD><DT>2.</DT><DD Font="normal"><LA>kundenorientiertes Vorbereiten, Durchführen und Nachbereiten von Präsentationen von Produkten und Dienstleistungen,</LA></DD><DT>3.</DT><DD Font="normal"><LA>lösungsorientiertes Führen von Beratungs-, Verkaufs-, Preis- und Reklamationsgesprächen und dabei Methoden der Einwandbehandlung einsetzen,</LA></DD><DT>4.</DT><DD Font="normal"><LA>nachhaltiges Gestalten der Zusammenarbeit mit Netzwerkpartnern und -partnerinnen sowie Kunden und Kundinnen.</LA></DD></DL></P></Content></text></textdaten></norm>
<norm builddate="20231019213529" doknr="BJNR1020A0023BJNE000800000"><metadaten><jurabk>VertrFPrV</jurabk><enbez>§ 7</enbez><titel format="XML">Form und Ablauf der Prüfung</titel></metadaten><textdaten><text format="XML"><Content><P>(1) Die Prüfung gliedert sich in <DL Type="arabic"><DT>1.</DT><DD Font="normal"><LA>eine schriftliche Prüfung nach § 8 und</LA></DD><DT>2.</DT><DD Font="normal"><LA>eine mündliche Prüfung nach § 9.</LA></DD></DL></P><P>(2) Die Prüfung beginnt mit der ersten Prüfungsleistung im Rahmen der schriftlichen Prüfung nach Absatz 1 Nummer 1. Die weiteren Prüfungsleistungen müssen danach innerhalb von drei Jahren erbracht werden. Bei Überschreiten der Frist gelten die erbrachten Prüfungsleistungen als mit null Punkten bewertet.</P><P>(3) Absatz 2 Satz 3 ist nicht anzuwenden, wenn die Nichteinhaltung der Frist durch die nach dem Berufsbildungsgesetz zuständige Stelle zu vertreten ist.</P></Content></text></textdaten></norm>
<norm builddate="20231019213529" doknr="BJNR1020A0023BJNE000900000"><metadaten><jurabk>VertrFPrV</jurabk><enbez>§ 8</enbez><titel format="XML">Schriftliche Prüfung</titel></metadaten><textdaten><text format="XML"><Content><P>(1) Die schriftliche Prüfung wird auf der Grundlage der Beschreibung einer betrieblichen Situation im Vertrieb, aus der die Aufgabenstellungen abzuleiten sind, durchgeführt. Die Aufgabenstellungen sind aufeinander abzustimmen. Sie müssen der zu prüfenden Person eigenständig entwickelte Lösungen ermöglichen. Die schriftliche Prüfung ist so zu gestalten, dass der Prüfungsbereich nach § 3 Nummer 2 in jeder Aufgabenstellung den Schwerpunkt bildet und die übrigen Prüfungsbereiche nach § 3 mindestens einmal situationsbezogen thematisiert werden.</P><P>(2) Die schriftliche Prüfung besteht aus zwei Prüfungsleistungen in Form von zwei schriftlich unter Aufsicht zu bearbeitenden Aufgabenstellungen.</P><P>(3) Die Bearbeitungszeit beträgt für jede der beiden Aufgabenstellungen 150 Minuten.</P></Content></text></textdaten></norm>
<norm builddate="20231019213529" doknr="BJNR1020A0023BJNE001000000"><metadaten><jurabk>VertrFPrV</jurabk><enbez>§ 9</enbez><titel format="XML">Mündliche Prüfung</titel></metadaten><textdaten><text format="XML"><Content><P>(1) Die mündliche Prüfung besteht aus zwei Prüfungsleistungen in Form einer Präsentation und eines sich unmittelbar anschließenden Fachgesprächs.</P><P>(2) In der mündlichen Prüfung hat die zu prüfende Person nachzuweisen, dass sie in der Lage ist, angemessen und sachgerecht zu kommunizieren und Fachinhalte zu präsentieren.</P><P>(3) In der Präsentation hat die zu prüfende Person nachzuweisen, dass sie in der Lage ist, ein komplexes Problem aus dem Vertrieb darzustellen, zu bewerten sowie einen Vorschlag zur Lösung des Problems zu entwickeln. Die zu prüfende Person wählt selbstständig ein Thema für die Präsentation aus und reicht dieses zusammen mit einer Kurzbeschreibung des Problems zum Termin der zweiten schriftlichen Prüfungsleistung bei der nach dem Berufsbildungsgesetz zuständigen Stelle ein. Das Thema muss aus dem Prüfungsbereich nach § 3 Nummer 2 stammen. Die Präsentation soll höchstens zehn Minuten dauern.</P><P>(4) Im Fachgespräch hat die zu prüfende Person, ausgehend von der Präsentation, nachzuweisen, dass sie in der Lage ist, ein Problem aus dem Vertrieb zu analysieren sowie einen Lösungsvorschlag zu entwickeln, zu begründen und zu bewerten. Das Fachgespräch soll höchstens 20 Minuten dauern.</P></Content></text></textdaten></norm>
<norm builddate="20231019213529" doknr="BJNR1020A0023BJNE001100000"><metadaten><jurabk>VertrFPrV</jurabk><enbez>§ 10</enbez><titel format="XML">Bewertung der Prüfungsleistungen</titel></metadaten><textdaten><text format="XML"><Content><P>(1) Jede Prüfungsleistung ist nach Maßgabe der Anlage 1 mit Punkten zu bewerten.</P><P>(2) In der schriftlichen Prüfung sind die zwei Prüfungsleistungen nach § 8 Absatz 2 jeweils einzeln zu bewerten. Aus den Bewertungen der beiden Prüfungsleistungen wird als Bewertung der schriftlichen Prüfung das arithmetische Mittel berechnet.</P><P>(3) In der mündlichen Prüfung sind als Prüfungsleistungen jeweils einzeln zu bewerten: <DL Type="arabic"><DT>1.</DT><DD Font="normal"><LA>die Präsentation nach § 9 Absatz 3,</LA></DD><DT>2.</DT><DD Font="normal"><LA>das Fachgespräch nach § 9 Absatz 4.</LA></DD></DL>Aus den Bewertungen der Präsentation und des Fachgesprächs wird als Bewertung der mündlichen Prüfung das gewichtete arithmetische Mittel berechnet. Dabei sind die Bewertungen wie folgt zu gewichten: <DL Type="arabic"><DT>1.</DT><DD Font="normal"><LA>die Bewertung der Präsentation mit einem Drittel,</LA></DD><DT>2.</DT><DD Font="normal"><LA>die Bewertung des Fachgesprächs mit zwei Dritteln.</LA></DD></DL></P></Content></text></textdaten></norm>
<norm builddate="20231019213529" doknr="BJNR1020A0023BJNE001200000"><metadaten><jurabk>VertrFPrV</jurabk><enbez>§ 11</enbez><titel format="XML">Bestehen der Prüfung, Gesamtnote</titel></metadaten><textdaten><text format="XML"><Content><P>(1) Die Prüfung ist bestanden, wenn ohne Rundung jeweils mindestens 50 Punkte erreicht worden sind in <DL Type="arabic"><DT>1.</DT><DD Font="normal"><LA>der schriftlichen Prüfung nach § 8 und</LA></DD><DT>2.</DT><DD Font="normal"><LA>der mündlichen Prüfung nach § 9.</LA></DD></DL></P><P>(2) Ist die Prüfung bestanden, sind die folgenden Punktebewertungen jeweils kaufmännisch auf eine ganze Zahl zu runden: <DL Type="arabic"><DT>1.</DT><DD Font="normal"><LA>die Bewertung der schriftlichen Prüfung nach § 10 Absatz 2,</LA></DD><DT>2.</DT><DD Font="normal"><LA>die Bewertung der mündlichen Prüfung nach § 10 Absatz 3.</LA></DD></DL></P><P>(3) Für die Bildung der Gesamtnote ist als Gesamtpunktzahl das arithmetische Mittel der nach Absatz 2 gerundeten Bewertungen zu berechnen. Die Gesamtpunktzahl ist kaufmännisch auf eine ganze Zahl zu runden. Der gerundeten Gesamtpunktzahl ist nach Anlage 1 die Note als Dezimalzahl und die Note in Worten zuzuordnen. Die zugeordnete Note ist die Gesamtnote.</P></Content></text></textdaten></norm>
<norm builddate="20231019213529" doknr="BJNR1020A0023BJNE001300000"><metadaten><jurabk>VertrFPrV</jurabk><enbez>§ 12</enbez><titel format="XML">Befreiung von einzelnen Prüfungsbestandteilen</titel></metadaten><textdaten><text format="XML"><Content><P>Wird die zu prüfende Person nach § 56 Absatz 2 des Berufsbildungsgesetzes von der Ablegung einzelner Prüfungsbestandteile befreit, bleiben diese Prüfungsbestandteile für die Anwendung der §§ 10 und 11 außer Betracht. Für die übrigen Prüfungsbestandteile erhöhen sich die Anteile nach § 10 Absatz 2 oder Absatz 3 oder § 11 Absatz 3 entsprechend ihrem Verhältnis zueinander. Allein diese Prüfungsbestandteile sind den Entscheidungen des Prüfungsausschusses zu Grunde zu legen.</P></Content></text></textdaten></norm>
<norm builddate="20231019213529" doknr="BJNR1020A0023BJNE001400000"><metadaten><jurabk>VertrFPrV</jurabk><enbez>§ 13</enbez><titel format="XML">Zeugnisse</titel></metadaten><textdaten><text format="XML"><Content><P>(1) Wer die Prüfung nach § 11 Absatz 1 bestanden hat, erhält von der nach dem Berufsbildungsgesetz zuständigen Stelle zwei Zeugnisse nach Maßgabe der Anlage 2 Teil A und B.</P><P>(2) Auf dem Zeugnis mit den Inhalten nach Anlage 2 Teil B sind die Noten als Dezimalzahlen mit einer Nachkommastelle und in Worten anzugeben. Jede Befreiung nach § 12 ist mit Ort, Datum und der Bezeichnung des Prüfungsgremiums der vergleichbaren Prüfung anzugeben.</P><P>(3) Die Zeugnisse können zusätzliche nicht amtliche Bemerkungen zur Information (Bemerkungen) enthalten, insbesondere <DL Type="arabic"><DT>1.</DT><DD Font="normal"><LA>über den erworbenen Abschluss oder</LA></DD><DT>2.</DT><DD Font="normal"><LA>auf Antrag der geprüften Person über während oder anlässlich der Fortbildung erworbene besondere oder zusätzliche Fertigkeiten, Kenntnisse und Fähigkeiten.</LA></DD></DL></P></Content></text></textdaten></norm>
<norm builddate="20231019213529" doknr="BJNR1020A0023BJNE001500000"><metadaten><jurabk>VertrFPrV</jurabk><enbez>§ 14</enbez><titel format="XML">Wiederholung der Prüfung</titel></metadaten><textdaten><text format="XML"><Content><P>(1) Sind in der schriftlichen oder in der mündlichen Prüfung nicht jeweils mindestens 50 Punkte erreicht worden, können sie jeweils zweimal wiederholt werden. Bei Nichtbestehen der zweiten Wiederholungsprüfung gilt die gesamte Prüfung als nicht bestanden.</P><P>(2) Wer sich innerhalb von zwei Jahren, gerechnet vom Tag des Zugangs des Bescheids über die nicht bestandene Prüfung, zur Wiederholung der Prüfung anmeldet, ist von der schriftlichen oder mündlichen Prüfung zu befreien, wenn diese in einer vorangegangenen Prüfung mit mindestens 50 Punkten bewertet worden ist.</P></Content></text></textdaten></norm>
<norm builddate="20231019213529" doknr="BJNR1020A0023BJNE001600000"><metadaten><jurabk>VertrFPrV</jurabk><enbez>§ 15</enbez><titel format="XML">Übergangsvorschriften</titel></metadaten><textdaten><text format="XML"><Content><P>(1) Prüfungsverfahren, die nach der Verordnung über die Prüfung zum anerkannten Abschluss Geprüfter Fachberater im Vertrieb/Geprüfte Fachberaterin im Vertrieb vom 31. Oktober 2001 (BGBl. I S. 2882), die durch Artikel 7 der Verordnung vom 30. November 2017 (BGBl. I S. 3827) geändert worden ist, begonnen worden sind, sind nach den Vorschriften der vorstehend bezeichneten Verordnung zu Ende zu führen.</P><P>(2) Bei einer Anmeldung zur Prüfung ab dem 1. Januar 2020 und bis zum Ablauf des 28. September 2023 hat die nach dem Berufsbildungsgesetz zuständige Stelle auf Antrag der zu prüfenden Person die Prüfung nach dieser Verordnung durchzuführen. Prüfungsleistungen, die nach der in Absatz 1 bezeichneten Verordnung erfolgreich abgelegt wurden, können nicht auf die nach dieser Verordnung erforderlichen Prüfungsleistungen angerechnet werden.</P><P>(3) Auf Antrag der zu prüfenden Person ist die Wiederholungsprüfung nach dieser Verordnung durchzuführen.</P></Content></text></textdaten></norm>
<norm builddate="20231019213529" doknr="BJNR1020A0023BJNE001700000"><metadaten><jurabk>VertrFPrV</jurabk><enbez>§ 16</enbez><titel format="XML">Inkrafttreten, Außerkrafttreten</titel></metadaten><textdaten><text format="XML"><Content><P>Diese Verordnung tritt am Tag nach der Verkündung in Kraft. Gleichzeitig tritt die Verordnung über die Prüfung zum anerkannten Abschluss Geprüfter Fachberater im Vertrieb/Geprüfte Fachberaterin im Vertrieb vom 31. Oktober 2001 (BGBl. I S. 2882), die durch Artikel 7 der Verordnung vom 30. November 2017 (BGBl. I S. 3827) geändert worden ist, außer Kraft.</P></Content></text></textdaten></norm>
<norm builddate="20231019213529" doknr="BJNR1020A0023BJNE001800000"><metadaten><jurabk>VertrFPrV</jurabk><enbez>Anlage 1</enbez><titel format="XML">(zu den §§ 10 und 11)<BR/>Bewertungsmaßstab und -schlüssel</titel></metadaten><textdaten><text format="XML"><Content><P><noindex><kommentar typ="Fundstelle">(Fundstelle: BGBl. 2023 I Nr. 258, S. 7 - 8)</kommentar></noindex></P><P><table colsep="1" frame="all" pgwide="1" rowsep="1" tocentry="%yes;"><tgroup align="left" char="" charoff="50" cols="4"><colspec align="center" colname="col1" colwidth="23*"/><colspec align="center" colname="col2" colwidth="31*"/><colspec align="center" colname="col3" colwidth="23*"/><colspec align="justify" colname="col4" colwidth="88*"/><thead valign="bottom"><row valign="middle"><entry VJ="1" align="center" colname="col1">Punkte</entry><entry VJ="1" align="center" colname="col2">Note als Dezimalzahl</entry><entry VJ="1" align="center" colname="col3">Note in Worten</entry><entry VJ="1" align="center" colname="col4">Definition</entry></row></thead><tbody valign="top"><row><entry VJ="1" colname="col1">100</entry><entry VJ="1" colname="col2">1,0</entry><entry VJ="1" colname="col3" morerows="4" valign="middle">sehr gut</entry><entry VJ="1" colname="col4" morerows="4" valign="middle">eine Leistung, die den Anforderungen in besonderem Maß entspricht</entry></row><row><entry VJ="1" colname="col1">98 und 99</entry><entry VJ="1" colname="col2">1,1</entry></row><row><entry VJ="1" colname="col1">96 und 97</entry><entry VJ="1" colname="col2">1,2</entry></row><row><entry VJ="1" colname="col1">94 und 95</entry><entry VJ="1" colname="col2">1,3</entry></row><row><entry VJ="1" colname="col1">92 und 93</entry><entry VJ="1" colname="col2">1,4</entry></row><row><entry VJ="1" colname="col1">91</entry><entry VJ="1" colname="col2">1,5</entry><entry VJ="1" colname="col3" morerows="9" valign="middle">gut</entry><entry VJ="1" colname="col4" morerows="9" valign="middle">eine Leistung, die den Anforderungen voll entspricht</entry></row><row><entry VJ="1" colname="col1">90</entry><entry VJ="1" colname="col2">1,6</entry></row><row><entry VJ="1" colname="col1">89</entry><entry VJ="1" colname="col2">1,7</entry></row><row><entry VJ="1" colname="col1">88</entry><entry VJ="1" colname="col2">1,8</entry></row><row><entry VJ="1" colname="col1">87</entry><entry VJ="1" colname="col2">1,9</entry></row><row><entry VJ="1" colname="col1">85 und 86</entry><entry VJ="1" colname="col2">2,0</entry></row><row><entry VJ="1" colname="col1">84</entry><entry VJ="1" colname="col2">2,1</entry></row><row><entry VJ="1" colname="col1">83</entry><entry VJ="1" colname="col2">2,2</entry></row><row><entry VJ="1" colname="col1">82</entry><entry VJ="1" colname="col2">2,3</entry></row><row><entry VJ="1" colname="col1">81</entry><entry VJ="1" colname="col2">2,4</entry></row><row><entry VJ="1" colname="col1">79 und 80</entry><entry VJ="1" colname="col2">2,5</entry><entry VJ="1" colname="col3" morerows="9" valign="middle">befriedigend</entry><entry VJ="1" colname="col4" morerows="9" valign="middle">eine Leistung, die den Anforderungen im Allgemeinen entspricht</entry></row><row><entry VJ="1" colname="col1">78</entry><entry VJ="1" colname="col2">2,6</entry></row><row><entry VJ="1" colname="col1">77</entry><entry VJ="1" colname="col2">2,7</entry></row><row><entry VJ="1" colname="col1">75 und 76</entry><entry VJ="1" colname="col2">2,8</entry></row><row><entry VJ="1" colname="col1">74</entry><entry VJ="1" colname="col2">2,9</entry></row><row><entry VJ="1" colname="col1">72 und 73</entry><entry VJ="1" colname="col2">3,0</entry></row><row><entry VJ="1" colname="col1">71</entry><entry VJ="1" colname="col2">3,1</entry></row><row><entry VJ="1" colname="col1">70</entry><entry VJ="1" colname="col2">3,2</entry></row><row><entry VJ="1" colname="col1">68 und 69</entry><entry VJ="1" colname="col2">3,3</entry></row><row><entry VJ="1" colname="col1">67</entry><entry VJ="1" colname="col2">3,4</entry></row><row><entry VJ="1" colname="col1">65 und 66</entry><entry VJ="1" colname="col2">3,5</entry><entry VJ="1" colname="col3" morerows="9" valign="middle">ausreichend</entry><entry VJ="1" colname="col4" morerows="9" valign="middle">eine Leistung, die zwar Mängel aufweist, aber im Ganzen den Anforderungen noch entspricht</entry></row><row><entry VJ="1" colname="col1">63 und 64</entry><entry VJ="1" colname="col2">3,6</entry></row><row><entry VJ="1" colname="col1">62</entry><entry VJ="1" colname="col2">3,7</entry></row><row><entry VJ="1" colname="col1">60 und 61</entry><entry VJ="1" colname="col2">3,8</entry></row><row><entry VJ="1" colname="col1">58 und 59</entry><entry VJ="1" colname="col2">3,9</entry></row><row><entry VJ="1" colname="col1">56 und 57</entry><entry VJ="1" colname="col2">4,0</entry></row><row><entry VJ="1" colname="col1">55</entry><entry VJ="1" colname="col2">4,1</entry></row><row><entry VJ="1" colname="col1">53 und 54</entry><entry VJ="1" colname="col2">4,2</entry></row><row><entry VJ="1" colname="col1">51 und 52</entry><entry VJ="1" colname="col2">4,3</entry></row><row><entry VJ="1" colname="col1">50</entry><entry VJ="1" colname="col2">4,4</entry></row><row><entry VJ="1" colname="col1">48 und 49</entry><entry VJ="1" colname="col2">4,5</entry><entry VJ="1" colname="col3" morerows="9" valign="middle">mangelhaft</entry><entry VJ="1" colname="col4" morerows="9" valign="middle">eine Leistung, die den Anforderungen nicht entspricht, jedoch erkennen lässt, dass gewisse Grundkenntnisse noch vorhanden sind</entry></row><row><entry VJ="1" colname="col1">46 und 47</entry><entry VJ="1" colname="col2">4,6</entry></row><row><entry VJ="1" colname="col1">44 und 45</entry><entry VJ="1" colname="col2">4,7</entry></row><row><entry VJ="1" colname="col1">42 und 43</entry><entry VJ="1" colname="col2">4,8</entry></row><row><entry VJ="1" colname="col1">40 und 41</entry><entry VJ="1" colname="col2">4,9</entry></row><row><entry VJ="1" colname="col1">38 und 39</entry><entry VJ="1" colname="col2">5,0</entry></row><row><entry VJ="1" colname="col1">36 und 37</entry><entry VJ="1" colname="col2">5,1</entry></row><row><entry VJ="1" colname="col1">34 und 35</entry><entry VJ="1" colname="col2">5,2</entry></row><row><entry VJ="1" colname="col1">32 und 33</entry><entry VJ="1" colname="col2">5,3</entry></row><row><entry VJ="1" colname="col1">30 und 31</entry><entry VJ="1" colname="col2">5,4</entry></row><row><entry VJ="1" colname="col1">25 bis 29</entry><entry VJ="1" colname="col2">5,5</entry><entry VJ="1" colname="col3" morerows="5" valign="middle">ungenügend</entry><entry VJ="1" colname="col4" morerows="5" valign="middle">eine Leistung, die den Anforderungen nicht entspricht und bei der selbst Grundkenntnisse fehlen</entry></row><row><entry VJ="1" colname="col1">20 bis 24</entry><entry VJ="1" colname="col2">5,6</entry></row><row><entry VJ="1" colname="col1">15 bis 19</entry><entry VJ="1" colname="col2">5,7</entry></row><row><entry VJ="1" colname="col1">10 bis 14</entry><entry VJ="1" colname="col2">5,8</entry></row><row><entry VJ="1" colname="col1">5 bis 9</entry><entry VJ="1" colname="col2">5,9</entry></row><row><entry VJ="1" colname="col1">0 bis 4</entry><entry VJ="1" colname="col2">6,0</entry></row></tbody></tgroup></table></P></Content></text></textdaten></norm>
<norm builddate="20231019213529" doknr="BJNR1020A0023BJNE001900000"><metadaten><jurabk>VertrFPrV</jurabk><enbez>Anlage 2</enbez><titel format="XML">(zu § 13)<BR/>Zeugnisinhalte</titel></metadaten><textdaten><text format="XML"><Content><P><noindex><kommentar typ="Fundstelle">(Fundstelle: BGBl. 2023 I Nr. 258, S. 9)</kommentar></noindex></P><P/><Title Align="left"><B>Teil A – Zeugnis ohne Prüfungsergebnisse</B></Title><P><DL Font="normal" Indent="6" Type="arabic"><DT>1.</DT><DD Font="normal"><LA Size="normal">Bezeichnung der ausstellenden Behörde,</LA></DD><DT>2.</DT><DD Font="normal"><LA Size="normal">Name und Geburtsdatum der geprüften Person,</LA></DD><DT>3.</DT><DD Font="normal"><LA Size="normal">Datum des Bestehens der Prüfung,</LA></DD><DT>4.</DT><DD Font="normal"><LA Size="normal">Bezeichnung des erworbenen Fortbildungsabschlusses nach § 1 Absatz 5,</LA></DD><DT>5.</DT><DD Font="normal"><LA Size="normal">Bezeichnung und Fundstelle dieser Fortbildungsordnung nach den Angaben im Bundesgesetzblatt unter Berücksichtigung erfolgter Änderungen dieser Verordnung,</LA></DD><DT>6.</DT><DD Font="normal"><LA Size="normal">Datum der Ausstellung des Zeugnisses samt Faksimile oder Unterschrift einer zeichnungsberechtigten Person der nach dem Berufsbildungsgesetz zuständigen Stelle.</LA></DD></DL></P><Title Align="left"><B>Teil B – Zeugnis mit Prüfungsergebnissen</B></Title><P>Alle Angaben des Teils A sowie zusätzlich <DL Font="normal" Indent="6" Type="arabic"><DT>7.</DT><DD Font="normal"><LA Size="normal">zur schriftlichen Prüfung Benennung der Prüfungsbereiche und Bewertung mit einer Note als Dezimalzahl mit einer Nachkommastelle und in Worten,</LA></DD><DT>8.</DT><DD Font="normal"><LA Size="normal">zur mündlichen Prüfung Benennung des Themas der Präsentation und Bewertung mit einer Note als Dezimalzahl mit einer Nachkommastelle und in Worten,</LA></DD><DT>9.</DT><DD Font="normal"><LA Size="normal">die errechnete Gesamtpunktzahl für die gesamte Prüfung,</LA></DD><DT>10.</DT><DD Font="normal"><LA Size="normal">die Gesamtnote als Dezimalzahl,</LA></DD><DT>11.</DT><DD Font="normal"><LA Size="normal">die Gesamtnote in Worten,</LA></DD><DT>12.</DT><DD Font="normal"><LA Size="normal">Befreiungen nach § 12.</LA></DD></DL></P></Content></text></textdaten></norm>
</dokumente>