<?xml version="1.0" encoding="UTF-8" ?><!DOCTYPE dokumente SYSTEM "http://www.gesetze-im-internet.de/dtd/1.01/gii-norm.dtd">
<dokumente builddate="20241227221536" doknr="BJNR247900020"><norm builddate="20241227221536" doknr="BJNR247900020"><metadaten><jurabk>GtDITZBundVDV</jurabk><amtabk>GtDITZBundVDV</amtabk><ausfertigung-datum manuell="ja">2020-11-13</ausfertigung-datum><fundstelle typ="amtlich"><periodikum>BGBl I</periodikum><zitstelle>2020, 2479</zitstelle></fundstelle><langue>Verordnung über den Vorbereitungsdienst für den gehobenen technischen Verwaltungsdienst des Bundes im Informationstechnikzentrum Bund<FnR ID="F1_813875_BJNR247900020"/></langue><standangabe checked="ja"><standtyp>Stand</standtyp><standkommentar>Zuletzt geändert durch Art. 13 G v. 18.12.2024 I Nr. 423</standkommentar></standangabe></metadaten><textdaten><text format="XML"><Footnotes><Footnote FnZ="*" Group="column" ID="F1_813875_BJNR247900020" Pos="normal"><noindex>Diese Verordnung ersetzt die Verordnung über den Vorbereitungsdienst für den gehobenen technischen Verwaltungsdienst des Bundes im Informationstechnikzentrum Bund vom 18. September 2020 (BGBl. I S. 2002).</noindex></Footnote></Footnotes></text><fussnoten><Content><P><BR/> <pre xml:space="preserve">(+++ Textnachweis ab: 29.9.2020 +++)<BR/><BR/></pre></P></Content></fussnoten></textdaten></norm>
<norm builddate="20241227221536" doknr="BJNR247900020BJNE000100000"><metadaten><jurabk>GtDITZBundVDV</jurabk><enbez>Eingangsformel</enbez></metadaten><textdaten><text format="XML"><Content><P>Auf Grund des § 26 Absatz 1 Nummer 2 und Absatz 2 des Bundesbeamtengesetzes – Absatz 1 Nummer 2 geändert durch Artikel 1 Nummer 9 des Gesetzes vom 6. März 2015 (BGBl. I S. 250) – in Verbindung mit den §§ 10, 10a Absatz 8 und Anlage 2 Nummer 28 der Bundeslaufbahnverordnung, von denen <DL Type="Dash"><DT>–</DT><DD Font="normal"><LA>§ 10 zuletzt durch Artikel 1 Nummer 2 der Verordnung vom 20. Februar 2013 (BGBl. I S. 316) geändert worden ist,</LA></DD><DT>–</DT><DD Font="normal"><LA>§ 10a Absatz 8 durch Artikel 1 Nummer 3 der Verordnung vom 18. Januar 2017 (BGBl. I S. 89) eingefügt worden ist und</LA></DD><DT>–</DT><DD Font="normal"><LA>Anlage 2 Nummer 28 durch Artikel 1 Nummer 11 der Verordnung vom 15. September 2020 (BGBl. I S. 1990) eingefügt worden ist,</LA></DD></DL>verordnet das Bundesministerium der Finanzen:</P></Content></text></textdaten></norm>
<norm builddate="20241227221536" doknr="BJNR247900020BJNE000201311"><metadaten><jurabk>GtDITZBundVDV</jurabk><enbez>Inhaltsübersicht</enbez></metadaten><textdaten><text format="XML"><Content><TOC><P/><Ident Class="S0">Abschnitt 1</Ident><P/><Title Align="auto" Class="S0">Allgemeines</Title><P/><table colsep="0" frame="none" pgwide="1" rowsep="0" tocentry="%yes;"><tgroup align="left" char="" charoff="50" cols="2"><colspec colname="col1" colnum="1" colwidth="10*"/><colspec colname="col2" colnum="2" colwidth="100*"/><tbody valign="top"><row><entry VJ="1" colname="col1">§  1</entry><entry VJ="1" colname="col2">Vorbereitungsdienst</entry></row><row><entry VJ="1">§  1a</entry><entry VJ="1">Allgemeine Voraussetzung für die Zulässigkeit von Abweichungen aus Anlass der COVID-19-Pandemie</entry></row><row><entry VJ="1" colname="col1">§  2</entry><entry VJ="1" colname="col2">Ziele des Vorbereitungsdienstes</entry></row><row><entry VJ="1" colname="col1">§  3</entry><entry VJ="1" colname="col2">Dienstbehörde</entry></row><row><entry VJ="1" colname="col1">§  4</entry><entry VJ="1" colname="col2">Dienstvorgesetzte, Dienstvorgesetzter</entry></row><row><entry VJ="1" colname="col1">§  5</entry><entry VJ="1" colname="col2">Nachteilsausgleich</entry></row><row><entry VJ="1" colname="col1">§  6</entry><entry VJ="1" colname="col2">Bewertung der Leistungen</entry></row><row><entry VJ="1" colname="col1">§  7</entry><entry VJ="1" colname="col2">Erholungsurlaub</entry></row></tbody></tgroup></table><P/><Ident Class="S0">Abschnitt 2</Ident><P/><Title Align="auto" Class="S0">Auswahlverfahren</Title><P/><table colsep="0" frame="none" pgwide="1" rowsep="0" tocentry="%yes;"><tgroup align="left" char="" charoff="50" cols="2"><colspec colname="col1" colwidth="10*"/><colspec colname="col2" colwidth="100*"/><tbody valign="top"><row><entry VJ="1" colname="col1">§  8</entry><entry VJ="1" colname="col2">Auswahlverfahren und Zulassung zum Auswahlverfahren</entry></row><row><entry VJ="1" colname="col1">§  9</entry><entry VJ="1" colname="col2">Auswahlkommission</entry></row><row><entry VJ="1" colname="col1">§ 10</entry><entry VJ="1" colname="col2">Durchführung des Auswahlverfahrens, Täuschungen</entry></row><row><entry VJ="1" colname="col1">§ 11</entry><entry VJ="1" colname="col2">Gesamtergebnis und Rangfolge</entry></row></tbody></tgroup></table><P/><Ident Class="S0">Abschnitt 3</Ident><P/><Title Align="auto" Class="S0">Vorbereitungsdienst</Title><P/><table colsep="0" frame="none" pgwide="1" rowsep="0" tocentry="%yes;"><tgroup align="left" char="" charoff="50" cols="2"><colspec colname="col1" colwidth="10*"/><colspec colname="col2" colwidth="100*"/><tbody valign="top"><row><entry VJ="1" colname="col1">§ 12</entry><entry VJ="1" colname="col2">Aufbau des Vorbereitungsdienstes</entry></row><row><entry VJ="1" colname="col1">§ 13</entry><entry VJ="1" colname="col2">Einführungsveranstaltung</entry></row><row><entry VJ="1" colname="col1">§ 14</entry><entry VJ="1" colname="col2">Bachelorstudium</entry></row><row><entry VJ="1" colname="col1">§ 15</entry><entry VJ="1" colname="col2">Berufspraktische Studienzeiten</entry></row><row><entry VJ="1" colname="col1">§ 16</entry><entry VJ="1" colname="col2">Ausbildungsleitung</entry></row><row><entry VJ="1" colname="col1">§ 17</entry><entry VJ="1" colname="col2">Ausbildende</entry></row><row><entry VJ="1" colname="col1">§ 18</entry><entry VJ="1" colname="col2">Bewertung der berufspraktischen Studienzeiten, Bescheinigung</entry></row><row><entry VJ="1" colname="col1">§ 19</entry><entry VJ="1" colname="col2">Zeugnis über die berufspraktischen Studienzeiten, Rangpunktzahl der berufspraktischen Studienzeiten</entry></row></tbody></tgroup></table><P/><Ident Class="S0">Abschnitt 4</Ident><P/><Title Align="auto" Class="S0">Laufbahnprüfung</Title><P/><table colsep="0" frame="none" pgwide="1" rowsep="0" tocentry="%yes;"><tgroup align="left" char="" charoff="50" cols="2"><colspec colname="col1" colwidth="10*"/><colspec colname="col2" colwidth="100*"/><tbody valign="top"><row><entry VJ="1" colname="col1">§ 20</entry><entry VJ="1" colname="col2">Laufbahnprüfung</entry></row><row><entry VJ="1" colname="col1">§ 21</entry><entry VJ="1" colname="col2">Prüfungskommission</entry></row><row><entry VJ="1" colname="col1">§ 22</entry><entry VJ="1" colname="col2">Mündliche Abschlussprüfung</entry></row><row><entry VJ="1" colname="col1">§ 23</entry><entry VJ="1" colname="col2">Durchführung der mündlichen Abschlussprüfung</entry></row><row><entry VJ="1" colname="col1">§ 24</entry><entry VJ="1" colname="col2">Bewertung und Bestehen der mündlichen Abschlussprüfung, Rangpunktzahl der mündlichen Abschlussprüfung</entry></row><row><entry VJ="1" colname="col1">§ 25</entry><entry VJ="1" colname="col2">Verhinderung</entry></row><row><entry VJ="1" colname="col1">§ 26</entry><entry VJ="1" colname="col2">Ordnungsverstoß</entry></row><row><entry VJ="1" colname="col1">§ 27</entry><entry VJ="1" colname="col2">Wiederholung der mündlichen Abschlussprüfung</entry></row><row><entry VJ="1" colname="col1">§ 28</entry><entry VJ="1" colname="col2">Bestehen der Laufbahnprüfung, Rangpunktzahl der Laufbahnprüfung, Abschlussnote</entry></row><row><entry VJ="1" colname="col1">§ 29</entry><entry VJ="1" colname="col2">Abschlusszeugnis</entry></row><row><entry VJ="1" colname="col1">§ 30</entry><entry VJ="1" colname="col2">Bescheid über die nicht bestandene Laufbahnprüfung</entry></row><row><entry VJ="1" colname="col1">§ 31</entry><entry VJ="1" colname="col2">Prüfungsakte</entry></row></tbody></tgroup></table><P/><Ident Class="S0">Abschnitt 5</Ident><P/><Title Align="auto" Class="S0">Schlussvorschrift</Title><P/><table colsep="0" frame="none" pgwide="1" rowsep="0" tocentry="%yes;"><tgroup align="left" char="" charoff="50" cols="2"><colspec colname="col1" colwidth="10*"/><colspec colname="col2" colwidth="100*"/><tbody valign="top"><row><entry VJ="1" colname="col1">§ 32</entry><entry VJ="1" colname="col2">Inkrafttreten</entry></row></tbody></tgroup></table></TOC></Content></text><fussnoten/></textdaten></norm>
<norm builddate="20241227221536" doknr="BJNR247900020BJNG000100000"><metadaten><jurabk>GtDITZBundVDV</jurabk><gliederungseinheit><gliederungskennzahl>010</gliederungskennzahl><gliederungsbez>Abschnitt 1</gliederungsbez><gliederungstitel>Allgemeines</gliederungstitel></gliederungseinheit></metadaten><textdaten/></norm>
<norm builddate="20241227221536" doknr="BJNR247900020BJNE000300000"><metadaten><jurabk>GtDITZBundVDV</jurabk><enbez>§ 1</enbez><titel format="XML">Vorbereitungsdienst</titel></metadaten><textdaten><text format="XML"><Content><P>(1) Das Bachelorstudium im Studiengang Verwaltungsinformatik (Bachelor of Science) an der Universität der Bundeswehr München (Universität) und die berufspraktischen Studienzeiten beim Informationstechnikzentrum Bund sind der Vorbereitungsdienst für den gehobenen technischen Verwaltungsdienst des Bundes im Informationstechnikzentrum Bund.</P><P>(2) Der Vorbereitungsdienst dauert in der Regel drei Jahre. Über eine Verkürzung oder Verlängerung des Vorbereitungsdienstes entscheidet das Informationstechnikzentrum Bund im Benehmen mit der Universität.</P></Content></text></textdaten></norm>
<norm builddate="20241227221536" doknr="BJNR247900020BJNE003501311"><metadaten><jurabk>GtDITZBundVDV</jurabk><enbez>§ 1a</enbez><titel format="XML">Allgemeine Voraussetzung für die Zulässigkeit von Abweichungen aus Anlass der COVID-19-Pandemie</titel></metadaten><textdaten><text format="XML"><Content><P>Von den bis zum 31. Dezember 2024 befristeten Sonderregelungen dieser Verordnung darf nur Gebrauch gemacht werden, wenn dies wegen der zur Bewältigung der COVID-19-Pandemie getroffenen Maßnahmen notwendig ist.</P></Content></text><fussnoten/></textdaten></norm>
<norm builddate="20241227221536" doknr="BJNR247900020BJNE000400000"><metadaten><jurabk>GtDITZBundVDV</jurabk><enbez>§ 2</enbez><titel format="XML">Ziele des Vorbereitungsdienstes</titel></metadaten><textdaten><text format="XML"><Content><P>(1) Der Vorbereitungsdienst vermittelt in enger Verbindung von Wissenschaft und Praxis die wissenschaftlichen Methoden und Kenntnisse sowie die berufspraktischen Fähigkeiten, die für die Erfüllung der Aufgaben des gehobenen technischen Verwaltungsdienstes im Informationstechnikzentrum Bund erforderlich sind.</P><P>(2) Die Anwärterinnen und Anwärter werden praxisorientiert mit den IT-Dienstleistungen für die Bundesverwaltung vertraut gemacht. Sie lernen, informationstechnische, wirtschaftliche und verwaltungsspezifische Zusammenhänge zu erkennen und die erworbenen Kompetenzen entsprechend den technischen Erfordernissen anzuwenden. Darüber hinaus erlernen sie die erforderlichen rechtlichen und betriebswirtschaftlichen Grundlagen des Verwaltungshandelns, insbesondere auf folgenden Gebieten: <DL Type="arabic"><DT>1.</DT><DD Font="normal"><LA>Verfassungsrecht, Privatrecht, Verwaltungsrecht und Datenschutzrecht,</LA></DD><DT>2.</DT><DD Font="normal"><LA>Kostenrechnung und Controlling sowie</LA></DD><DT>3.</DT><DD Font="normal"><LA>Prozess- und Projektmanagement.</LA></DD></DL></P><P>(3) Die Anwärterinnen und Anwärter sind zum Selbststudium verpflichtet.</P></Content></text></textdaten></norm>
<norm builddate="20241227221536" doknr="BJNR247900020BJNE000500000"><metadaten><jurabk>GtDITZBundVDV</jurabk><enbez>§ 3</enbez><titel format="XML">Dienstbehörde</titel></metadaten><textdaten><text format="XML"><Content><P>Dienstbehörde der Anwärterinnen und Anwärter ist das Informationstechnikzentrum Bund.</P></Content></text></textdaten></norm>
<norm builddate="20241227221536" doknr="BJNR247900020BJNE000600000"><metadaten><jurabk>GtDITZBundVDV</jurabk><enbez>§ 4</enbez><titel format="XML">Dienstvorgesetzte, Dienstvorgesetzter</titel></metadaten><textdaten><text format="XML"><Content><P>Dienstvorgesetzte oder Dienstvorgesetzter der Anwärterinnen und Anwärter ist die Leiterin oder der Leiter des Informationstechnikzentrums Bund. Dies gilt auch während des Bachelorstudiums.</P></Content></text></textdaten></norm>
<norm builddate="20241227221536" doknr="BJNR247900020BJNE000700000"><metadaten><jurabk>GtDITZBundVDV</jurabk><enbez>§ 5</enbez><titel format="XML">Nachteilsausgleich</titel></metadaten><textdaten><text format="XML"><Content><P>(1) Auf Antrag gewährt das Informationstechnikzentrum Bund Menschen mit Beeinträchtigungen, die die Umsetzung der nachzuweisenden Kenntnisse oder Fähigkeiten einschränken, im Auswahlverfahren und in der mündlichen Abschlussprüfung einen angemessenen Nachteilsausgleich. Hierauf werden die Betroffenen rechtzeitig hingewiesen.</P><P>(2) Art und Umfang des Nachteilsausgleichs sind mit den Betroffenen rechtzeitig zu erörtern. Bei schwerbehinderten und diesen gleichgestellten behinderten Menschen wird die Schwerbehindertenvertretung an der Erörterung beteiligt, sofern die betroffene Person nicht widerspricht. Bei Bedarf kann ein ärztliches oder ein amtsärztliches Gutachten gefordert werden. Die Kosten für das Gutachten trägt der Bund.</P><P>(3) Der Nachteilsausgleich darf nicht dazu führen, dass die Anforderungen für die Eignung herabgesetzt werden.</P><P>(4) Gewährte Nachteilsausgleiche sind aktenkundig zu machen.</P></Content></text></textdaten></norm>
<norm builddate="20241227221536" doknr="BJNR247900020BJNE000800000"><metadaten><jurabk>GtDITZBundVDV</jurabk><enbez>§ 6</enbez><titel format="XML">Bewertung der Leistungen</titel></metadaten><textdaten><text format="XML"><Content><P>(1) Die Leistungen der Anwärterinnen und Anwärter werden wie folgt bewertet: <table colsep="1" frame="all" pgwide="1" rowsep="1" tocentry="%yes;"><tgroup align="left" char="" charoff="50" cols="5"><colspec align="center" colname="col1" colwidth="9*"/><colspec align="center" colname="col2" colwidth="30*"/><colspec align="center" colname="col3" colwidth="22*"/><colspec align="center" colname="col4" colwidth="25*"/><colspec align="justify" colname="col5" colwidth="78*"/><thead valign="bottom"><row><entry VJ="1" colname="col1"/><entry VJ="1" align="center" colname="col2" valign="middle">Prozentualer Anteil der<BR/> erreichten Punktzahl<BR/> an der erreichbaren<BR/> Punktzahl</entry><entry VJ="1" align="center" colname="col3" valign="middle">Rangpunkte/<BR/> Rangpunktzahl</entry><entry VJ="1" align="center" colname="col4" valign="middle">Note</entry><entry VJ="1" align="center" colname="col5" valign="middle">Notendefinition</entry></row><row><entry VJ="1" colname="col1"/><entry VJ="1" align="center" colname="col2">1</entry><entry VJ="1" align="center" colname="col3">2</entry><entry VJ="1" align="center" colname="col4">3</entry><entry VJ="1" align="center" colname="col5">4</entry></row></thead><tbody valign="top"><row><entry VJ="1" colname="col1"> 1</entry><entry VJ="1" colname="col2">100,00 bis 93,70</entry><entry VJ="1" colname="col3">15</entry><entry VJ="1" colname="col4" morerows="1" valign="middle">sehr gut</entry><entry VJ="1" colname="col5" morerows="1">eine Leistung, die den Anforderungen in besonderem Maß entspricht</entry></row><row><entry VJ="1" colname="col1"> 2</entry><entry VJ="1" colname="col2"> 93,69 bis 87,50</entry><entry VJ="1" colname="col3">14</entry></row><row><entry VJ="1" colname="col1"> 3</entry><entry VJ="1" colname="col2"> 87,49 bis 83,40</entry><entry VJ="1" colname="col3">13</entry><entry VJ="1" colname="col4" morerows="2" valign="middle">gut</entry><entry VJ="1" colname="col5" morerows="2">eine Leistung, die den Anforderungen voll entspricht</entry></row><row><entry VJ="1" colname="col1"> 4</entry><entry VJ="1" colname="col2"> 83,39 bis 79,20</entry><entry VJ="1" colname="col3">12</entry></row><row><entry VJ="1" colname="col1"> 5</entry><entry VJ="1" colname="col2"> 79,19 bis 75,00</entry><entry VJ="1" colname="col3">11</entry></row><row><entry VJ="1" colname="col1"> 6</entry><entry VJ="1" colname="col2"> 74,99 bis 70,90</entry><entry VJ="1" colname="col3">10</entry><entry VJ="1" colname="col4" morerows="2" valign="middle">befriedigend</entry><entry VJ="1" colname="col5" morerows="2">eine Leistung, die im Allgemeinen den Anforderungen entspricht</entry></row><row><entry VJ="1" colname="col1"> 7</entry><entry VJ="1" colname="col2"> 70,89 bis 66,70</entry><entry VJ="1" colname="col3">9</entry></row><row><entry VJ="1" colname="col1"> 8</entry><entry VJ="1" colname="col2"> 66,69 bis 62,50</entry><entry VJ="1" colname="col3">8</entry></row><row><entry VJ="1" colname="col1"> 9</entry><entry VJ="1" colname="col2"> 62,49 bis 58,40</entry><entry VJ="1" colname="col3">7</entry><entry VJ="1" colname="col4" morerows="2" valign="middle">ausreichend</entry><entry VJ="1" colname="col5" morerows="2">eine Leistung, die zwar Mängel aufweist, aber im Ganzen den Anforderungen noch entspricht</entry></row><row><entry VJ="1" colname="col1">10</entry><entry VJ="1" colname="col2"> 58,39 bis 54,20</entry><entry VJ="1" colname="col3">6</entry></row><row><entry VJ="1" colname="col1">11</entry><entry VJ="1" colname="col2"> 54,19 bis 50,00</entry><entry VJ="1" colname="col3">5</entry></row><row><entry VJ="1" colname="col1">12</entry><entry VJ="1" colname="col2"> 49,99 bis 41,70</entry><entry VJ="1" colname="col3">4</entry><entry VJ="1" colname="col4" morerows="2" valign="middle">mangelhaft</entry><entry VJ="1" colname="col5" morerows="2">eine Leistung, die den Anforderungen nicht entspricht, jedoch erkennen lässt, dass die notwendigen Grundkenntnisse vorhanden sind und die Mängel in absehbarer Zeit behoben werden können</entry></row><row><entry VJ="1" colname="col1">13</entry><entry VJ="1" colname="col2"> 41,69 bis 33,40</entry><entry VJ="1" colname="col3">3</entry></row><row><entry VJ="1" colname="col1">14</entry><entry VJ="1" colname="col2"> 33,39 bis 25,00</entry><entry VJ="1" colname="col3">2</entry></row><row><entry VJ="1" colname="col1">15</entry><entry VJ="1" colname="col2"> 24,99 bis 12,50</entry><entry VJ="1" colname="col3">1</entry><entry VJ="1" colname="col4" morerows="1" valign="middle">ungenügend</entry><entry VJ="1" colname="col5" morerows="1">eine Leistung, die den Anforderungen nicht entspricht und bei der selbst die Grundkenntnisse so lückenhaft sind, dass die Mängel in absehbarer Zeit nicht behoben werden können</entry></row><row><entry VJ="1" colname="col1">16</entry><entry VJ="1" colname="col2"> 12,49 bis  0,00</entry><entry VJ="1" colname="col3">0</entry></row></tbody></tgroup></table></P><P>(2) Bei der Bewertung sind neben der fachlichen Leistung auch die Gliederung und die Klarheit der Darstellung sowie das Ausdrucksvermögen zu berücksichtigen.</P><P>(3) Wenn eine Leistung von mehr als einer oder einem Prüfenden bewertet wird oder wenn die Bewertungen mehrerer Leistungen zu einer Bewertung zusammengefasst werden, wird als Bewertung eine Rangpunktzahl berechnet. Soweit in dieser Verordnung nicht etwas anderes bestimmt ist, sind Rangpunktzahlen das arithmetische Mittel der Einzelwertungen und werden auf zwei Nachkommastellen ohne Rundung berechnet.</P></Content></text></textdaten></norm>
<norm builddate="20241227221536" doknr="BJNR247900020BJNE000900000"><metadaten><jurabk>GtDITZBundVDV</jurabk><enbez>§ 7</enbez><titel format="XML">Erholungsurlaub</titel></metadaten><textdaten><text format="XML"><Content><P>Erholungsurlaub wird grundsätzlich während der vorlesungsfreien Zeiten des Bachelorstudiums gewährt.</P></Content></text></textdaten></norm>
<norm builddate="20241227221536" doknr="BJNR247900020BJNG000200000"><metadaten><jurabk>GtDITZBundVDV</jurabk><gliederungseinheit><gliederungskennzahl>020</gliederungskennzahl><gliederungsbez>Abschnitt 2</gliederungsbez><gliederungstitel>Auswahlverfahren</gliederungstitel></gliederungseinheit></metadaten><textdaten/></norm>
<norm builddate="20241227221536" doknr="BJNR247900020BJNE001001126"><metadaten><jurabk>GtDITZBundVDV</jurabk><enbez>§ 8</enbez><titel format="XML">Auswahlverfahren und Zulassung zum Auswahlverfahren</titel></metadaten><textdaten><text format="XML"><Content><P>(1) In einem Auswahlverfahren wird festgestellt, ob die Bewerberinnen und Bewerber nach ihren Kenntnissen und Fähigkeiten sowie nach ihrer Persönlichkeit für den Vorbereitungsdienst für den gehobenen technischen Verwaltungsdienst des Bundes im Informationstechnikzentrum Bund geeignet sind. Insbesondere wird festgestellt, ob sie über das erforderliche Allgemeinwissen, die erforderlichen kognitiven, methodischen und sozialen Kompetenzen und die erforderliche Leistungsmotivation verfügen.</P><P>(2) Zum Auswahlverfahren wird zugelassen, wer nach den eingereichten Unterlagen die in der Ausschreibung bestimmten Voraussetzungen erfüllt. Übersteigt die Zahl der geeigneten Bewerberinnen und Bewerber das Dreifache der Zahl der angebotenen Studienplätze, so kann die Zahl der am Auswahlverfahren Teilnehmenden beschränkt werden. Es sind jedoch mindestens dreimal so viele Bewerberinnen und Bewerber zuzulassen, wie Studienplätze angeboten werden. Wird die Zahl der am Auswahlverfahren Teilnehmenden beschränkt, so wird zugelassen, wer nach den eingereichten Unterlagen am besten geeignet ist.</P><P>(3) Schwerbehinderte Bewerberinnen und Bewerber und diesen gleichgestellte behinderte Bewerberinnen und Bewerber sind zum Auswahlverfahren zuzulassen, es sei denn, sie sind offensichtlich fachlich ungeeignet. Vor dem Ausschluss schwerbehinderter Bewerberinnen und Bewerber und diesen gleichgestellter behinderter Bewerberinnen und Bewerber ist die Schwerbehindertenvertretung anzuhören.</P><P>(4) Wer nicht zum Auswahlverfahren zugelassen wird, erhält eine schriftliche oder elektronische Mitteilung über die Ablehnung. Die Bewerbungsunterlagen sind nach Abschluss des Auswahlverfahrens auf Wunsch zurückzusenden, ansonsten zu vernichten. Elektronisch eingereichte Bewerbungsunterlagen sind endgültig zu löschen.</P></Content></text><fussnoten/></textdaten></norm>
<norm builddate="20241227221536" doknr="BJNR247900020BJNE001102311"><metadaten><jurabk>GtDITZBundVDV</jurabk><enbez>§ 9</enbez><titel format="XML">Auswahlkommission</titel></metadaten><textdaten><text format="XML"><Content><P>(1) Für die Durchführung des Auswahlverfahrens richtet das Informationstechnikzentrum Bund eine Auswahlkommission ein. Bei Bedarf können mehrere Auswahlkommissionen eingerichtet werden. In diesem Fall ist sicherzustellen, dass alle Auswahlkommissionen die gleichen Bewertungs- und Auswahlmaßstäbe anlegen.</P><P>(2) Eine Auswahlkommission besteht aus <DL Font="normal" Type="arabic"><DT>1.</DT><DD Font="normal"><LA Size="normal">einer Beamtin oder einem Beamten des höheren Dienstes des Bundes als Vorsitzender oder Vorsitzendem,</LA></DD><DT>2.</DT><DD Font="normal"><LA Size="normal">einer Beamtin oder einem Beamten des höheren Dienstes des Bundes und</LA></DD><DT>3.</DT><DD Font="normal"><LA Size="normal">zwei Beamtinnen oder Beamten des gehobenen Dienstes des Bundes.</LA></DD></DL>Mitglieder einer Auswahlkommission können auch vergleichbare Tarifbeschäftigte sein, die über eine entsprechende Qualifikation verfügen.</P><P>(2a) Das Informationstechnikzentrum Bund kann festlegen, dass bis zum 31. Dezember 2024 eine Auswahlkommission – abweichend von Absatz 2 Satz 1 – nur aus folgenden Mitgliedern besteht: <DL Font="normal" Type="arabic"><DT>1.</DT><DD Font="normal"><LA Size="normal">einer Beamtin oder einem Beamten des höheren Dienstes des Bundes als Vorsitzender oder Vorsitzendem und</LA></DD><DT>2.</DT><DD Font="normal"><LA Size="normal">einer Beamtin oder einem Beamten oder zwei Beamtinnen oder zwei Beamten des gehobenen Dienstes des Bundes.</LA></DD></DL></P><P>(3) Das Informationstechnikzentrum Bund bestellt für jeden Einstellungsjahrgang die Mitglieder der Auswahlkommission und eine ausreichende Zahl von Ersatzmitgliedern. Bei der Besetzung der Auswahlkommission sind Frauen und Männer in einem ausgewogenen Verhältnis zu berücksichtigen.</P><P>(4) Die Mitglieder der Auswahlkommission sind bei ihren Entscheidungen unabhängig und nicht weisungsgebunden.</P><P>(5) Die Auswahlkommission entscheidet mit Stimmenmehrheit. Eine Stimmenthaltung ist nicht zulässig. Bei Stimmengleichheit gibt die Stimme der oder des Vorsitzenden den Ausschlag.</P></Content></text><fussnoten/></textdaten></norm>
<norm builddate="20241227221536" doknr="BJNR247900020BJNE001202311"><metadaten><jurabk>GtDITZBundVDV</jurabk><enbez>§ 10</enbez><titel format="XML">Durchführung des Auswahlverfahrens, Täuschungen</titel></metadaten><textdaten><text format="XML"><Content><P>(1) Das Auswahlverfahren besteht aus einem schriftlichen und einem mündlichen Teil. Der schriftliche Teil kann ganz oder teilweise mit Unterstützung von Informationstechnik durchgeführt werden. Mit der Durchführung des schriftlichen Teils können Dritte betraut werden. Die Gesamtverantwortung für die Bewertung der Leistungen trägt die Auswahlkommission.</P><P>(2) Das Informationstechnikzentrum Bund legt die Dauer, die zu bearbeitenden Aufgaben und den Ablauf des Auswahlverfahrens, die Bewertungs- und Gewichtungssystematik sowie die für das Bestehen erforderlichen Mindestpunktzahlen in einem Auswahlkonzept fest.</P><P>(3) Wer im Auswahlverfahren täuscht, eine Täuschung versucht oder bei einer Täuschung oder einem Täuschungsversuch hilft, wird vom Auswahlverfahren ausgeschlossen. Vor der Entscheidung über den Ausschluss wird die Bewerberin oder der Bewerber angehört.</P></Content></text><fussnoten/></textdaten></norm>
<norm builddate="20241227221536" doknr="BJNR247900020BJNE001300000"><metadaten><jurabk>GtDITZBundVDV</jurabk><enbez>§ 11</enbez><titel format="XML">Gesamtergebnis und Rangfolge</titel></metadaten><textdaten><text format="XML"><Content><P>(1) Der schriftliche und der mündliche Teil des Auswahlverfahrens ist bestanden, wenn die im Auswahlkonzept jeweils festgelegte Mindestpunktzahl erreicht wurde.</P><P>(2) Für jede Bewerberin und jeden Bewerber, die oder der am schriftlichen und am mündlichen Teil des Auswahlverfahrens erfolgreich teilgenommen hat, ermittelt die Auswahlkommission das Gesamtergebnis nach der im Auswahlkonzept festgelegten Bewertungs- und Gewichtungssystematik.</P><P>(3) Anhand des Gesamtergebnisses legt das Informationstechnikzentrum Bund eine Rangfolge der Bewerberinnen und Bewerber fest. Die festgelegte Rangfolge ist für die Einstellung maßgeblich.</P><P>(4) Wer am Auswahlverfahren erfolglos teilgenommen hat, erhält einen schriftlichen Bescheid mit Rechtsmittelbelehrung. Die Bewerbungsunterlagen sind auf Wunsch nach Abschluss des Auswahlverfahrens zurückzusenden, ansonsten zu vernichten. Elektronisch eingereichte Bewerbungsunterlagen sind endgültig zu löschen.</P></Content></text></textdaten></norm>
<norm builddate="20241227221536" doknr="BJNR247900020BJNG000300000"><metadaten><jurabk>GtDITZBundVDV</jurabk><gliederungseinheit><gliederungskennzahl>030</gliederungskennzahl><gliederungsbez>Abschnitt 3</gliederungsbez><gliederungstitel>Vorbereitungsdienst</gliederungstitel></gliederungseinheit></metadaten><textdaten/></norm>
<norm builddate="20241227221536" doknr="BJNR247900020BJNE001400000"><metadaten><jurabk>GtDITZBundVDV</jurabk><enbez>§ 12</enbez><titel format="XML">Aufbau des Vorbereitungsdienstes</titel></metadaten><textdaten><text format="XML"><Content><P>Der Vorbereitungsdienst gliedert sich wie folgt: <table colsep="1" frame="all" pgwide="1" rowsep="1" tocentry="%yes;"><tgroup align="left" char="" charoff="50" cols="4"><colspec colname="col1" colwidth="5*"/><colspec colname="col2" colwidth="27*"/><colspec colname="col3" colwidth="24*"/><colspec colname="col4" colwidth="24*"/><thead valign="bottom"><row><entry VJ="1" align="center" colname="col1" colsep="1" rowsep="1"/><entry VJ="1" align="center" colname="col2" colsep="1" rowsep="1" valign="middle">Abschnitt</entry><entry VJ="1" align="center" colname="col3" colsep="1" rowsep="1" valign="middle">Ausbildungsort</entry><entry VJ="1" align="center" colname="col4" valign="middle">Dauer</entry></row><row><entry VJ="1" align="center" colname="col1" colsep="1" rowsep="1"/><entry VJ="1" align="center" colname="col2" colsep="1" rowsep="1" valign="middle">1</entry><entry VJ="1" align="center" colname="col3" colsep="1" rowsep="1" valign="middle">2</entry><entry VJ="1" align="center" colname="col4" valign="middle">3</entry></row></thead><tbody valign="top"><row><entry VJ="1" align="center" colname="col1" colsep="1" rowsep="1">1</entry><entry VJ="1" align="justify" colname="col2" colsep="1" rowsep="1">Bachelorstudium</entry><entry VJ="1" align="left" colname="col3">Universität</entry><entry VJ="1" colname="col4">27 Monate</entry></row><row><entry VJ="1" align="center" colname="col1" colsep="1" rowsep="1">2</entry><entry VJ="1" align="justify" colname="col2" colsep="1" rowsep="1">berufspraktische Studienzeiten</entry><entry VJ="1" align="left" colname="col3">Informationstechnikzentrum Bund</entry><entry VJ="1" colname="col4">insgesamt<BR/> 9 Monate<BR/> während der vorlesungsfreien Zeiten des Bachelorstudiums</entry></row></tbody></tgroup></table></P></Content></text></textdaten></norm>
<norm builddate="20241227221536" doknr="BJNR247900020BJNE001500000"><metadaten><jurabk>GtDITZBundVDV</jurabk><enbez>§ 13</enbez><titel format="XML">Einführungsveranstaltung</titel></metadaten><textdaten><text format="XML"><Content><P>Vor dem Bachelorstudium erhalten die Anwärterinnen und Anwärter in einer ein- bis zweiwöchigen Einführungsveranstaltung des Informationstechnikzentrums Bund einen Überblick über die Aufgaben des Informationstechnikzentrums Bund, den Ablauf des Vorbereitungsdienstes sowie über ihre Rechtstellung als Beamtinnen und Beamte des Bundes.</P></Content></text></textdaten></norm>
<norm builddate="20241227221536" doknr="BJNR247900020BJNE001600000"><metadaten><jurabk>GtDITZBundVDV</jurabk><enbez>§ 14</enbez><titel format="XML">Bachelorstudium</titel></metadaten><textdaten><text format="XML"><Content><P>(1) Das Bachelorstudium richtet sich nach den Studien- und Prüfungsordnungen der Universität. Diese sind auf der Internetseite der Universität veröffentlicht.</P><P>(2) Das Informationstechnikzentrum Bund ordnet die Anwärterinnen und Anwärter für das Bachelorstudium an die Universität ab.</P></Content></text></textdaten></norm>
<norm builddate="20241227221536" doknr="BJNR247900020BJNE001700000"><metadaten><jurabk>GtDITZBundVDV</jurabk><enbez>§ 15</enbez><titel format="XML">Berufspraktische Studienzeiten</titel></metadaten><textdaten><text format="XML"><Content><P>(1) Die berufspraktischen Studienzeiten werden vom Informationstechnikzentrum Bund organisiert und durchgeführt und finden während der vorlesungsfreien Zeiten des Bachelorstudiums statt. Sie untergliedern sich in Ausbildungsabschnitte.</P><P>(2) Während der berufspraktischen Studienzeiten sollen die Anwärterinnen und Anwärter berufspraktische Fertigkeiten erwerben und lernen, die im Bachelorstudium erworbenen Kenntnisse und Fähigkeiten in der Praxis anzuwenden. Sie lernen die Aufgabenbereiche des Informationstechnikzentrums Bund kennen, machen sich mit den Arbeitsabläufen und Arbeitstechniken vertraut und entwickeln ihre Fähigkeiten zur Kommunikation, Kooperation und insbesondere zur Teamarbeit im beruflichen Kontext weiter. Je nach Ausbildungsstand und organisatorischen Möglichkeiten sollen die Anwärterinnen und Anwärter einzelne Aufgaben oder Aufgabenteile eigenständig erledigen.</P></Content></text></textdaten></norm>
<norm builddate="20241227221536" doknr="BJNR247900020BJNE001800000"><metadaten><jurabk>GtDITZBundVDV</jurabk><enbez>§ 16</enbez><titel format="XML">Ausbildungsleitung</titel></metadaten><textdaten><text format="XML"><Content><P>(1) Das Informationstechnikzentrum Bund bestellt eine Beamtin oder einen Beamten des gehobenen Dienstes des Bundes als Ausbildungsleitung und eine Vertretung.</P><P>(2) Die Ausbildungsleitung ist für die konzeptionelle Gestaltung und die Organisation der Ausbildungsabschnitte zuständig und stellt eine sorgfältige Ausbildung der Anwärterinnen und Anwärter sicher.</P></Content></text></textdaten></norm>
<norm builddate="20241227221536" doknr="BJNR247900020BJNE001900000"><metadaten><jurabk>GtDITZBundVDV</jurabk><enbez>§ 17</enbez><titel format="XML">Ausbildende</titel></metadaten><textdaten><text format="XML"><Content><P>(1) Die Ausbildenden für die berufspraktischen Studienzeiten werden von der Ausbildungsleitung bestellt.</P><P>(2) Den Ausbildenden dürfen nicht mehr Anwärterinnen und Anwärter zugewiesen werden, als sie mit Sorgfalt ausbilden können. Soweit es erforderlich ist, werden sie von anderen Dienstgeschäften entlastet.</P><P>(3) Die Ausbildenden informieren die Ausbildungsleitung regelmäßig über den erreichten Ausbildungsstand der Anwärterinnen und Anwärter.</P></Content></text></textdaten></norm>
<norm builddate="20241227221536" doknr="BJNR247900020BJNE002000000"><metadaten><jurabk>GtDITZBundVDV</jurabk><enbez>§ 18</enbez><titel format="XML">Bewertung der berufspraktischen Studienzeiten, Bescheinigung</titel></metadaten><textdaten><text format="XML"><Content><P>(1) Nach Abschluss eines Ausbildungsabschnitts bewertet die Ausbildungsleitung die fachlichen Leistungen sowie die methodischen und die sozialen Kompetenzen der Anwärterinnen und Anwärter nach § 6 und erteilt hierüber eine Bescheinigung.</P><P>(2) In der Bescheinigung nach Absatz 1 sind auch anzugeben: <DL Type="arabic"><DT>1.</DT><DD Font="normal"><LA>die Dauer und die Unterbrechungen des Ausbildungsabschnitts sowie</LA></DD><DT>2.</DT><DD Font="normal"><LA>die konkreten Ausbildungsinhalte des Ausbildungsabschnitts.</LA></DD></DL></P><P>(3) Die Bewertung ist mit der Anwärterin oder dem Anwärter zu besprechen.</P></Content></text></textdaten></norm>
<norm builddate="20241227221536" doknr="BJNR247900020BJNE002100000"><metadaten><jurabk>GtDITZBundVDV</jurabk><enbez>§ 19</enbez><titel format="XML">Zeugnis über die berufspraktischen Studienzeiten, Rangpunktzahl der berufspraktischen Studienzeiten</titel></metadaten><textdaten><text format="XML"><Content><P>(1) Die Ausbildungsleitung erstellt für jede Anwärterin und jeden Anwärter ein Zeugnis über die berufspraktischen Studienzeiten.</P><P>(2) In dem Zeugnis über die berufspraktischen Studienzeiten sind anzugeben <DL Type="arabic"><DT>1.</DT><DD Font="normal"><LA>die Rangpunkte und die Noten jedes Ausbildungsabschnitts der berufspraktischen Studienzeiten und</LA></DD><DT>2.</DT><DD Font="normal"><LA>die Rangpunktzahl der berufspraktischen Studienzeiten.</LA></DD></DL>Die Rangpunktzahl der berufspraktischen Studienzeiten wird aus den Rangpunkten der Ausbildungsabschnitte der berufspraktischen Studienzeiten gebildet.</P><P>(3) Spätestens vor Beginn der mündlichen Abschlussprüfung erhält die Anwärterin oder der Anwärter eine Ausfertigung des Zeugnisses über die berufspraktischen Studienzeiten.</P></Content></text></textdaten></norm>
<norm builddate="20241227221536" doknr="BJNR247900020BJNG000400000"><metadaten><jurabk>GtDITZBundVDV</jurabk><gliederungseinheit><gliederungskennzahl>040</gliederungskennzahl><gliederungsbez>Abschnitt 4</gliederungsbez><gliederungstitel>Laufbahnprüfung</gliederungstitel></gliederungseinheit></metadaten><textdaten/></norm>
<norm builddate="20241227221536" doknr="BJNR247900020BJNE002200000"><metadaten><jurabk>GtDITZBundVDV</jurabk><enbez>§ 20</enbez><titel format="XML">Laufbahnprüfung</titel></metadaten><textdaten><text format="XML"><Content><P>Die Laufbahnprüfung besteht aus <DL Type="arabic"><DT>1.</DT><DD Font="normal"><LA>der Bachelorprüfung und</LA></DD><DT>2.</DT><DD Font="normal"><LA>der mündlichen Abschlussprüfung.</LA></DD></DL></P></Content></text></textdaten></norm>
<norm builddate="20241227221536" doknr="BJNR247900020BJNE002300000"><metadaten><jurabk>GtDITZBundVDV</jurabk><enbez>§ 21</enbez><titel format="XML">Prüfungskommission</titel></metadaten><textdaten><text format="XML"><Content><P>(1) Für die Durchführung der mündlichen Abschlussprüfung richtet das Informationstechnikzentrum Bund eine Prüfungskommission ein. Bei Bedarf kann es mehrere Prüfungskommissionen einrichten. In diesem Fall ist sicherzustellen, dass alle Prüfungskommissionen die gleichen Bewertungsmaßstäbe anlegen.</P><P>(2) Die Prüfungskommission besteht aus <DL Type="arabic"><DT>1.</DT><DD Font="normal"><LA>zwei Beamtinnen oder Beamten des höheren Dienstes des Bundes, von denen eine Person den Vorsitz innehat, und</LA></DD><DT>2.</DT><DD Font="normal"><LA>einer Beamtin oder einem Beamten des gehobenen Dienstes des Bundes.</LA></DD></DL>Mindestens ein Mitglied der Prüfungskommission muss eine Beamtin oder ein Beamter des technischen Verwaltungsdienstes sein. Als Mitglieder der Prüfungskommission können auch vergleichbare Arbeitnehmerinnen und Arbeitnehmer bestellt werden. Das Informationstechnikzentrum Bund bestellt für jeden Einstellungsjahrgang die Mitglieder der Prüfungskommission und eine ausreichende Anzahl von Ersatzmitgliedern. Bei der Besetzung der Prüfungskommission sind Frauen und Männer in einem ausgewogenen Verhältnis zu berücksichtigen.</P><P>(3) Die Mitglieder der Prüfungskommission sind bei ihrer Prüfungstätigkeit unabhängig und nicht weisungsgebunden.</P><P>(4) Die Prüfungskommission entscheidet mit Stimmenmehrheit. Stimmenthaltung ist nicht zulässig.</P></Content></text></textdaten></norm>
<norm builddate="20241227221536" doknr="BJNR247900020BJNE002400000"><metadaten><jurabk>GtDITZBundVDV</jurabk><enbez>§ 22</enbez><titel format="XML">Mündliche Abschlussprüfung</titel></metadaten><textdaten><text format="XML"><Content><P>(1) Zur mündlichen Abschlussprüfung ist zugelassen, wer die Bachelorprüfung bestanden hat.</P><P>(2) Die mündliche Abschlussprüfung ist auf die Prüfung der fachlichen Kompetenzen und der methodischen und sozialen Handlungsfähigkeit ausgerichtet. Die Anwärterinnen und Anwärter sollen nachweisen, dass sie in der Lage sind, in konkreten berufsbezogenen Situationen selbständig zu handeln und auch ihnen unbekannte Aufgaben und Problemstellungen zu erfassen, zu beurteilen und in vertretbarer Form zu bewältigen. Die Prüfung bezieht sich auf folgende Inhalte des Vorbereitungsdienstes: <DL Type="arabic"><DT>1.</DT><DD Font="normal"><LA>Informatik,</LA></DD><DT>2.</DT><DD Font="normal"><LA>Systemtechnik (Systems Engineering) und</LA></DD><DT>3.</DT><DD Font="normal"><LA>Grundlagen des Verwaltungshandelns nach § 2 Absatz 2 Satz 3.</LA></DD></DL></P><P>(3) Die mündliche Abschlussprüfung wird als Einzelprüfung durchgeführt.</P><P>(4) Die mündliche Abschlussprüfung besteht aus <DL Type="arabic"><DT>1.</DT><DD Font="normal"><LA>einem Vortrag der Anwärterin oder des Anwärters und</LA></DD><DT>2.</DT><DD Font="normal"><LA>einem Prüfungsgespräch.</LA></DD></DL></P><P>(5) Das Thema des Vortrags wird von der oder dem Vorsitzenden der Prüfungskommission festgelegt und der Anwärterin oder dem Anwärter zu Beginn der Prüfung bekannt gegeben. Die Vorbereitungszeit für den Vortrag beträgt 30 Minuten. Der Vortrag soll höchstens 10 Minuten dauern.</P><P>(6) Das Prüfungsgespräch bezieht sich auf den Vortrag und auf ausgewählte Schwerpunkte des Vorbereitungsdienstes. Es soll 20 Minuten nicht unterschreiten und 30 Minuten nicht überschreiten.</P></Content></text></textdaten></norm>
<norm builddate="20241227221536" doknr="BJNR247900020BJNE002500000"><metadaten><jurabk>GtDITZBundVDV</jurabk><enbez>§ 23</enbez><titel format="XML">Durchführung der mündlichen Abschlussprüfung</titel></metadaten><textdaten><text format="XML"><Content><P>(1) Die oder der Vorsitzende der Prüfungskommission leitet die Prüfung und stellt sicher, dass die Anwärterinnen und Anwärter in geeigneter Weise geprüft werden.</P><P>(2) Gegenstand, Verlauf und Ergebnis der Prüfung werden von einem Mitglied der Prüfungskommission protokolliert. Das Protokoll ist von der oder dem Vorsitzenden der Prüfungskommission zu bestätigen.</P><P>(3) Die mündliche Abschlussprüfung ist nicht öffentlich. Die Prüfungskommission kann unabhängig vom Einverständnis der Anwärterinnen und Anwärter allgemein oder im Einzelfall gestatten, dass Vertreterinnen und Vertreter des Bundesministeriums der Finanzen, des Informationstechnikzentrums Bund und in Ausnahmefällen auch andere mit der Ausbildung der Anwärterinnen und Anwärter befasste Personen in der mündlichen Abschlussprüfung anwesend sind. Zuhörerinnen und Zuhörer dürfen während der Prüfung keine Aufzeichnungen machen. Die Teilnahmerechte der Personalvertretung, der Gleichstellungsbeauftragten und der Schwerbehindertenvertretung bleiben unberührt.</P></Content></text></textdaten></norm>
<norm builddate="20241227221536" doknr="BJNR247900020BJNE002600000"><metadaten><jurabk>GtDITZBundVDV</jurabk><enbez>§ 24</enbez><titel format="XML">Bewertung und Bestehen der mündlichen Abschlussprüfung, Rangpunktzahl der mündlichen Abschlussprüfung</titel></metadaten><textdaten><text format="XML"><Content><P>(1) Bei den Beratungen über die Bewertung der Prüfungsleistungen dürfen nur die Mitglieder der Prüfungskommission anwesend sein.</P><P>(2) Nach gemeinsamer Erörterung gibt jedes Mitglied der Prüfungskommission jeweils für den Vortrag und für das Prüfungsgespräch eine Bewertung in Rangpunkten ab. Aus den sechs Einzelbewertungen wird die Rangpunktzahl der mündlichen Abschlussprüfung berechnet.</P><P>(3) Die mündliche Abschlussprüfung ist bestanden, wenn die Rangpunktzahl der mündlichen Abschlussprüfung mindestens 5,00 beträgt.</P><P>(4) Im Anschluss an die mündliche Abschlussprüfung teilt die oder der Vorsitzende der Anwärterin oder dem Anwärter das Ergebnis mit und erläutert es auf Wunsch.</P></Content></text></textdaten></norm>
<norm builddate="20241227221536" doknr="BJNR247900020BJNE002700000"><metadaten><jurabk>GtDITZBundVDV</jurabk><enbez>§ 25</enbez><titel format="XML">Verhinderung</titel></metadaten><textdaten><text format="XML"><Content><P>(1) Sind Anwärterinnen und Anwärter an der Ablegung der mündlichen Abschlussprüfung ganz oder teilweise gehindert, so können sie beim Informationstechnikzentrum Bund beantragen, dass die Verhinderung genehmigt wird.</P><P>(2) Die Verhinderung darf nur genehmigt werden, wenn ein wichtiger Grund vorliegt. Bei Erkrankung der Anwärterin oder des Anwärters soll die Genehmigung nur erteilt werden, wenn unverzüglich ein ärztliches Attest vorgelegt wird. Auf Verlangen des Informationstechnikzentrums Bund ist ein amtsärztliches Attest vorzulegen. Die Kosten für das amtsärztliche Attest trägt der Bund.</P><P>(3) Wird die Verhinderung genehmigt, so gilt die mündliche Abschlussprüfung als nicht begonnen. Das Informationstechnikzentrum Bund bestimmt, zu welchem Zeitpunkt die mündliche Abschlussprüfung nachgeholt wird.</P><P>(4) Wird die Verhinderung nicht genehmigt, so gilt die Zeit der Verhinderung als Prüfungszeit. Wird in diesem Fall gar keine Prüfungsleistung erbracht, so gilt die mündliche Abschlussprüfung als mit null Rangpunkten bewertet.</P></Content></text></textdaten></norm>
<norm builddate="20241227221536" doknr="BJNR247900020BJNE002800000"><metadaten><jurabk>GtDITZBundVDV</jurabk><enbez>§ 26</enbez><titel format="XML">Ordnungsverstoß</titel></metadaten><textdaten><text format="XML"><Content><P>(1) Anwärterinnen und Anwärtern, die bei der mündlichen Abschlussprüfung täuschen, eine Täuschung versuchen, an einer Täuschung oder einem Täuschungsversuch mitwirken oder sonst gegen die Ordnung verstoßen, soll im Regelfall die vorläufige Fortsetzung der Prüfung gestattet werden. Bei einem erheblichen Verstoß können die Anwärterinnen und Anwärter von der weiteren Teilnahme an der mündlichen Abschlussprüfung ausgeschlossen werden.</P><P>(2) Über das Vorliegen und die Folgen einer Täuschung, eines Täuschungsversuchs, eines Mitwirkens an einer Täuschung oder an einem Täuschungsversuch oder eines sonstigen Ordnungsverstoßes bei der mündlichen Abschlussprüfung oder einem Teil der mündlichen Abschlussprüfung entscheidet die Prüfungskommission, die für die jeweilige Prüfung zuständig ist. Die Prüfungskommission kann abhängig von der Schwere des Verstoßes <DL Type="arabic"><DT>1.</DT><DD Font="normal"><LA>die Wiederholung der Prüfung oder des Prüfungsteils anordnen,</LA></DD><DT>2.</DT><DD Font="normal"><LA>die Prüfung oder den Prüfungsteil mit null Rangpunkten bewerten oder</LA></DD><DT>3.</DT><DD Font="normal"><LA>die Prüfung für endgültig nicht bestanden erklären.</LA></DD></DL></P><P>(3) Wird eine Täuschung erst nach Abschluss der Laufbahnprüfung festgestellt, kann das Informationstechnikzentrum Bund die Laufbahnprüfung innerhalb von fünf Jahren nach dem Tag der mündlichen Abschlussprüfung für nicht bestanden erklären.</P><P>(4) Die betroffenen Anwärterinnen und Anwärter sind vor den Entscheidungen nach den Absätzen 2 und 3 anzuhören.</P></Content></text></textdaten></norm>
<norm builddate="20241227221536" doknr="BJNR247900020BJNE002900000"><metadaten><jurabk>GtDITZBundVDV</jurabk><enbez>§ 27</enbez><titel format="XML">Wiederholung der mündlichen Abschlussprüfung</titel></metadaten><textdaten><text format="XML"><Content><P>(1) Anwärterinnen und Anwärter, die die mündliche Abschlussprüfung nicht bestanden haben, können sie einmal wiederholen. Auf Antrag kann das Bundesministerium der Finanzen in Ausnahmefällen eine zweite Wiederholung der mündlichen Abschlussprüfung zulassen.</P><P>(2) Auf Vorschlag der Prüfungskommission bestimmt das Informationstechnikzentrum Bund, wie lang die Wiederholungsphase sein soll. Die Wiederholungsphase soll nicht kürzer als einen Monat und nicht länger als drei Monate sein. Der Vorbereitungsdienst wird bis zum Ablauf der Wiederholungsphase verlängert.</P><P>(3) Die Rangpunkte, die bei der Wiederholung erreicht werden, ersetzen die zuvor erreichten.</P><P>(4) Eine bestandene Prüfung kann nicht wiederholt werden.</P></Content></text></textdaten></norm>
<norm builddate="20241227221536" doknr="BJNR247900020BJNE003000000"><metadaten><jurabk>GtDITZBundVDV</jurabk><enbez>§ 28</enbez><titel format="XML">Bestehen der Laufbahnprüfung, Rangpunktzahl der Laufbahnprüfung, Abschlussnote</titel></metadaten><textdaten><text format="XML"><Content><P>(1) Die Laufbahnprüfung ist bestanden, wenn <DL Font="normal" Type="arabic"><DT>1.</DT><DD Font="normal"><LA Size="normal">die mündliche Abschlussprüfung bestanden ist und</LA></DD><DT>2.</DT><DD Font="normal"><LA Size="normal">die Rangpunktzahl der Laufbahnprüfung mindestens 5,00 beträgt.</LA></DD></DL></P><P>(2) Im Anschluss an die mündliche Abschlussprüfung errechnet die Prüfungskommission die Rangpunktzahl der Laufbahnprüfung. Dabei sind die erreichten Rangpunktzahlen wie folgt zu gewichten: <DL Font="normal" Type="arabic"><DT>1.</DT><DD Font="normal"><LA Size="normal">die Rangpunktzahl der Bachelorprüfung nach Absatz 3 mit 75 Prozent,</LA></DD><DT>2.</DT><DD Font="normal"><LA Size="normal">die Rangpunktzahl der berufspraktischen Studienzeiten mit 5 Prozent,</LA></DD><DT>3.</DT><DD Font="normal"><LA Size="normal">die Rangpunktzahl der mündlichen Abschlussprüfung mit 20 Prozent.</LA></DD></DL>Das Ergebnis wird kaufmännisch auf eine ganze Zahl gerundet.</P><P>(3) Der Note der Bachelorprüfung entspricht die folgende Rangpunktzahl: <table colsep="1" frame="all" pgwide="1" rowsep="1" tocentry="%yes;"><tgroup align="left" char="" charoff="50" cols="2"><colspec align="center" colname="col1" colnum="1" colwidth="37*"/><colspec align="center" colname="col2" colnum="2" colwidth="37*"/><thead valign="bottom"><row><entry VJ="1" colname="col1">Note</entry><entry VJ="1" colname="col2">Rangpunktzahl</entry></row></thead><tbody valign="top"><row><entry VJ="1" colname="col1">1,0</entry><entry VJ="1" colname="col2">15,0</entry></row><row><entry VJ="1" colname="col1">1,1</entry><entry VJ="1" colname="col2">14,7</entry></row><row><entry VJ="1" colname="col1">1,2</entry><entry VJ="1" colname="col2">14,4</entry></row><row><entry VJ="1" colname="col1">1,3</entry><entry VJ="1" colname="col2">14,1</entry></row><row><entry VJ="1" colname="col1">1,4</entry><entry VJ="1" colname="col2">13,8</entry></row><row><entry VJ="1" colname="col1">1,5</entry><entry VJ="1" colname="col2">13,5</entry></row><row><entry VJ="1" colname="col1">1,6</entry><entry VJ="1" colname="col2">13,2</entry></row><row><entry VJ="1" colname="col1">1,7</entry><entry VJ="1" colname="col2">12,9</entry></row><row><entry VJ="1" colname="col1">1,8</entry><entry VJ="1" colname="col2">12,6</entry></row><row><entry VJ="1" colname="col1">1,9</entry><entry VJ="1" colname="col2">12,3</entry></row><row><entry VJ="1" colname="col1">2,0</entry><entry VJ="1" colname="col2">12,0</entry></row><row><entry VJ="1" colname="col1">2,1</entry><entry VJ="1" colname="col2">11,7</entry></row><row><entry VJ="1" colname="col1">2,2</entry><entry VJ="1" colname="col2">11,4</entry></row><row><entry VJ="1" colname="col1">2,3</entry><entry VJ="1" colname="col2">11,1</entry></row><row><entry VJ="1" colname="col1">2,4</entry><entry VJ="1" colname="col2">10,8</entry></row><row><entry VJ="1" colname="col1">2,5</entry><entry VJ="1" colname="col2">10,5</entry></row><row><entry VJ="1" colname="col1">2,6</entry><entry VJ="1" colname="col2">10,2</entry></row><row><entry VJ="1" colname="col1">2,7</entry><entry VJ="1" colname="col2">9,9</entry></row><row><entry VJ="1" colname="col1">2,8</entry><entry VJ="1" colname="col2">9,6</entry></row><row><entry VJ="1" colname="col1">2,9</entry><entry VJ="1" colname="col2">9,3</entry></row><row><entry VJ="1" colname="col1">3,0</entry><entry VJ="1" colname="col2">9,0</entry></row><row><entry VJ="1" colname="col1">3,1</entry><entry VJ="1" colname="col2">8,7</entry></row><row><entry VJ="1" colname="col1">3,2</entry><entry VJ="1" colname="col2">8,4</entry></row><row><entry VJ="1" colname="col1">3,3</entry><entry VJ="1" colname="col2">8,1</entry></row><row><entry VJ="1" colname="col1">3,4</entry><entry VJ="1" colname="col2">7,8</entry></row><row><entry VJ="1" colname="col1">3,5</entry><entry VJ="1" colname="col2">7,5</entry></row><row><entry VJ="1" colname="col1">3,6</entry><entry VJ="1" colname="col2">7,0</entry></row><row><entry VJ="1" colname="col1">3,7</entry><entry VJ="1" colname="col2">6,5</entry></row><row><entry VJ="1" colname="col1">3,8</entry><entry VJ="1" colname="col2">6,0</entry></row><row><entry VJ="1" colname="col1">3,9</entry><entry VJ="1" colname="col2">5,5</entry></row><row><entry VJ="1" colname="col1">4,0</entry><entry VJ="1" colname="col2">5,0</entry></row></tbody></tgroup></table></P><P>(4) Der Rangpunktzahl der Laufbahnprüfung wird die entsprechende Note nach § 6 Absatz 1 zugeordnet und als Abschlussnote festgesetzt.</P></Content></text></textdaten></norm>
<norm builddate="20241227221536" doknr="BJNR247900020BJNE003100000"><metadaten><jurabk>GtDITZBundVDV</jurabk><enbez>§ 29</enbez><titel format="XML">Abschlusszeugnis</titel></metadaten><textdaten><text format="XML"><Content><P>(1) Wer die Laufbahnprüfung bestanden hat, erhält vom Informationstechnikzentrum Bund ein Abschlusszeugnis.</P><P>(2) Das Abschlusszeugnis enthält <DL Type="arabic"><DT>1.</DT><DD Font="normal"><LA>die Feststellung, dass die Anwärterin oder der Anwärter die Laufbahnprüfung bestanden und die Befähigung für den gehobenen technischen Verwaltungsdienst des Bundes erlangt hat,</LA></DD><DT>2.</DT><DD Font="normal"><LA>die Note und die Rangpunktzahl der Bachelorprüfung,</LA></DD><DT>3.</DT><DD Font="normal"><LA>die Rangpunktzahl der berufspraktischen Studienzeiten,</LA></DD><DT>4.</DT><DD Font="normal"><LA>die Rangpunktzahl der mündlichen Abschlussprüfung sowie</LA></DD><DT>5.</DT><DD Font="normal"><LA>die Rangpunktzahl der Laufbahnprüfung und die Abschlussnote.</LA></DD></DL></P></Content></text></textdaten></norm>
<norm builddate="20241227221536" doknr="BJNR247900020BJNE003200000"><metadaten><jurabk>GtDITZBundVDV</jurabk><enbez>§ 30</enbez><titel format="XML">Bescheid über die nicht bestandene Laufbahnprüfung</titel></metadaten><textdaten><text format="XML"><Content><P>(1) Wer die Laufbahnprüfung nicht bestanden hat, erhält vom Informationstechnikzentrum Bund <DL Type="arabic"><DT>1.</DT><DD Font="normal"><LA>einen schriftlichen Bescheid über die nicht bestandene Laufbahnprüfung und</LA></DD><DT>2.</DT><DD Font="normal"><LA>eine Bescheinigung über die erbrachten Leistungen.</LA></DD></DL></P><P>(2) Die Bescheinigung über die erbrachten Leistungen enthält Angaben über Dauer und Inhalt der Ausbildung sowie die Rangpunkte und die Noten der abgeschlossenen Ausbildungsabschnitte der berufspraktischen Studienzeiten.</P></Content></text></textdaten></norm>
<norm builddate="20241227221536" doknr="BJNR247900020BJNE003300000"><metadaten><jurabk>GtDITZBundVDV</jurabk><enbez>§ 31</enbez><titel format="XML">Prüfungsakte</titel></metadaten><textdaten><text format="XML"><Content><P>(1) Das Informationstechnikzentrum Bund führt für jede Anwärterin und jeden Anwärter eine Prüfungsakte.</P><P>(2) In die Prüfungsakte aufzunehmen sind: <DL Type="arabic"><DT>1.</DT><DD Font="normal"><LA>eine Ausfertigung des Bachelorzeugnisses,</LA></DD><DT>2.</DT><DD Font="normal"><LA>eine Ausfertigung der Bescheinigungen und des Zeugnisses über die berufspraktischen Ausbildungszeiten,</LA></DD><DT>3.</DT><DD Font="normal"><LA>das Protokoll der mündlichen Abschlussprüfung,</LA></DD><DT>4.</DT><DD Font="normal"><LA>eine Ausfertigung des Abschlusszeugnisses oder des Bescheids über die nicht bestandene Laufbahnprüfung und</LA></DD><DT>5.</DT><DD Font="normal"><LA>sonstige ausbildungsrelevante Unterlagen.</LA></DD></DL></P><P>(3) Die Anwärterinnen und Anwärter haben Anspruch auf Einsicht in ihre Prüfungsakte. Die Einsichtnahme ist zu vermerken.</P><P>(4) Nach Beendigung des Vorbereitungsdienstes wird die Prüfungsakte mindestens fünf Jahre aufbewahrt und spätestens nach zehn Jahren vernichtet.</P></Content></text></textdaten></norm>
<norm builddate="20241227221536" doknr="BJNR247900020BJNG000500000"><metadaten><jurabk>GtDITZBundVDV</jurabk><gliederungseinheit><gliederungskennzahl>050</gliederungskennzahl><gliederungsbez>Abschnitt 5</gliederungsbez><gliederungstitel>Schlussvorschrift</gliederungstitel></gliederungseinheit></metadaten><textdaten/></norm>
<norm builddate="20241227221536" doknr="BJNR247900020BJNE003400000"><metadaten><jurabk>GtDITZBundVDV</jurabk><enbez>§ 32</enbez><titel format="XML">Inkrafttreten</titel></metadaten><textdaten><text format="XML"><Content><P>Diese Verordnung tritt mit Wirkung vom 29. September 2020 in Kraft.</P></Content></text></textdaten></norm>
</dokumente>