<?xml version="1.0" encoding="UTF-8" ?><!DOCTYPE dokumente SYSTEM "http://www.gesetze-im-internet.de/dtd/1.01/gii-norm.dtd">
<dokumente builddate="20230320214043" doknr="BJNR04C0A0023"><norm builddate="20230320214043" doknr="BJNR04C0A0023"><metadaten><jurabk>ESVGDüV</jurabk><amtabk>ESVGDüV</amtabk><ausfertigung-datum manuell="ja">2023-03-09</ausfertigung-datum><fundstelle typ="amtlich"><periodikum>BGBl I</periodikum><zitstelle>2023, Nr. 76</zitstelle></fundstelle><kurzue>ESVG-Datenübermittlungsverordnung</kurzue><langue>Verordnung zur Datenübermittlung zum Zweck der Ausführung der Vollzugsvorkehrungen nach § 12 Absatz 1 des Ernährungssicherstellungs- und -vorsorgegesetzes</langue></metadaten><textdaten><fussnoten><Content><P><BR/> <pre xml:space="preserve">(+++ Textnachweis ab: 21.3.2023 +++)<BR/><BR/></pre></P></Content></fussnoten></textdaten></norm>
<norm builddate="20230320214043" doknr="BJNR04C0A0023BJNE000100000"><metadaten><jurabk>ESVGDüV</jurabk><enbez>Eingangsformel</enbez></metadaten><textdaten><text format="XML"><Content><P>Auf Grund des § 13 Absatz 3 in Verbindung mit Absatz 1 des Ernährungssicherstellungs- und -vorsorgegesetzes vom 4. April 2017 (BGBl. I S. 772), von denen § 13 Absatz 1 durch Artikel 1 Nummer 5 des Gesetzes vom 9. Dezember 2020 (BGBl. I S. 2863) geändert worden ist, verordnet das Bundesministerium für Ernährung und Landwirtschaft:</P></Content></text></textdaten></norm>
<norm builddate="20230320214043" doknr="BJNR04C0A0023BJNE000200000"><metadaten><jurabk>ESVGDüV</jurabk><enbez>§ 1</enbez><titel format="XML">Zweck und Anwendungsbereich</titel></metadaten><textdaten><text format="XML"><Content><P>(1) Diese Verordnung dient der näheren Bestimmung der Daten, deren Übermittlung nach § 13 Absatz 1 Satz 1 des Ernährungssicherstellungs- und -vorsorgegesetzes gefordert werden kann, sowie der Regelung der Art und Form der Datenübermittlung.</P><P>(2) Die Übermittlung der Daten nach den §§ 5 bis 9 dieser Verordnung erfolgt nur auf Anforderung der jeweils zur Datenanforderung berechtigten Behörden. Es werden nur bereits erhobene und gespeicherte Daten übermittelt.</P></Content></text></textdaten></norm>
<norm builddate="20230320214043" doknr="BJNR04C0A0023BJNE000300000"><metadaten><jurabk>ESVGDüV</jurabk><enbez>§ 2</enbez><titel format="XML">Begriffsbestimmungen</titel></metadaten><textdaten><text format="XML"><Content><P>Im Sinne dieser Verordnung ist Lebensmittelunternehmer ein Lebensmittelunternehmer im Sinne des Artikels 3 Nummer 3 der Verordnung (EG) Nr. 178/2002 des Europäischen Parlaments und des Rates vom 28. Januar 2002 zur Festlegung der allgemeinen Grundsätze und Anforderungen des Lebensmittelrechts, zur Errichtung der Europäischen Behörde für Lebensmittelsicherheit und zur Festlegung von Verfahren zur Lebensmittelsicherheit (ABl. L 031 vom 1.2.2002, S. 1), die zuletzt durch die Verordnung (EU) 2019/1381 (ABl. L 231 vom 6.9.2019, S. 1) geändert worden ist.</P></Content></text></textdaten></norm>
<norm builddate="20230320214043" doknr="BJNR04C0A0023BJNE000400000"><metadaten><jurabk>ESVGDüV</jurabk><enbez>§ 3</enbez><titel format="XML">Zur Datenübermittlung verpflichtete Behörden</titel></metadaten><textdaten><text format="XML"><Content><P>(1) Zur Übermittlung der in den §§ 5 bis 9 dieser Verordnung genannten Daten sind die nach Absatz 2 jeweils datenerhebenden und datenspeichernden Behörden oder eine vom Land benannte Stelle verpflichtet.</P><P>(2) Die datenerhebenden und -speichernden Behörden sind <DL Type="arabic"><DT>1.</DT><DD Font="normal"><LA>im Fall der in den §§ 5 und 6 genannten Daten die Behörden, die nach dem jeweiligen Landesrecht für die Ausführung des Lebensmittel- und Futtermittelgesetzbuches zuständig sind,</LA></DD><DT>2.</DT><DD Font="normal"><LA>im Fall der in § 7 genannten Daten die Behörden, die für die Anzeige und Registrierung nach § 26 der Viehverkehrsverordnung in der Fassung der Bekanntmachung vom 26. Mai 2020 (BGBl. I S. 1170) zuständig sind, oder eine von der zuständigen Behörde beauftragte Stelle,</LA></DD><DT>3.</DT><DD Font="normal"><LA>im Fall der in § 8 genannten Daten die Bundesanstalt für Landwirtschaft und Ernährung (Bundesanstalt),</LA></DD><DT>4.</DT><DD Font="normal"><LA>im Fall der in § 9 genannten Daten die Zahlstellen nach § 2 Nummer 3 des InVeKoS-Daten-Gesetzes vom 2. Dezember 2014 (BGBl. I S. 1928, 1931), das zuletzt durch Artikel 108 des Gesetzes vom 20. November 2019 (BGBl. I S. 1626) geändert worden ist.</LA></DD></DL></P><P>(3) Die Behörden, die zur Datenübermittlung verpflichtet sind, dürfen ausschließlich jene Daten übermitteln, die sich auf den örtlichen Zuständigkeitsbereich der zur Datenanforderung berechtigten Behörden beziehen.</P></Content></text></textdaten></norm>
<norm builddate="20230320214043" doknr="BJNR04C0A0023BJNE000500000"><metadaten><jurabk>ESVGDüV</jurabk><enbez>§ 4</enbez><titel format="XML">Zur Datenanforderung berechtigte Behörden</titel></metadaten><textdaten><text format="XML"><Content><P>(1) Zur Datenanforderung sind diejenigen Behörden berechtigt, die für die Ausführung des Ernährungssicherstellungs- und -vorsorgegesetzes zuständig sind.</P><P>(2) Abweichend von Absatz 1 sind die in § 8 aufgeführten Daten von der Bundesanstalt nach Anforderung durch die für die Ernährungsvorsorge zuständigen obersten Landesbehörden an diese zu übermitteln.</P><P>(3) Die Bundesanstalt ist zur Erfüllung ihrer Aufgaben nach § 3 Absatz 3 Satz 2 des Ernährungssicherstellungs- und -vorsorgegesetzes zur Erhebung, Speicherung und Verwendung der in § 8 aufgeführten Daten sowie der Einzelangaben befugt.</P></Content></text></textdaten></norm>
<norm builddate="20230320214043" doknr="BJNR04C0A0023BJNE000600000"><metadaten><jurabk>ESVGDüV</jurabk><enbez>§ 5</enbez><titel format="XML">Übermittlung von nach der Tierische Lebensmittel-Hygieneverordnung erhobenen und gespeicherten Daten</titel></metadaten><textdaten><text format="XML"><Content><P>Die in § 3 Absatz 2 Nummer 1 genannten Behörden haben folgende Daten der zugelassenen Betriebe nach § 9 Absatz 1 Satz 1 und Satz 2 Nummer 1 der Tierische Lebensmittel-Hygieneverordnung in der Fassung der Bekanntmachung vom 18. April 2018 (BGBl. I S. 480, 619, 1844), die durch Artikel 2 der Verordnung vom 11. Januar 2021 (BGBl. I S. 47) geändert worden ist, zu übermitteln: <DL Type="arabic"><DT>1.</DT><DD Font="normal"><LA>Name oder Bezeichnung des Betriebs,</LA></DD><DT>2.</DT><DD Font="normal"><LA>Lebensmittelunternehmer,</LA></DD><DT>3.</DT><DD Font="normal"><LA>Straße,</LA></DD><DT>4.</DT><DD Font="normal"><LA>Postleitzahl, Ort,</LA></DD><DT>5.</DT><DD Font="normal"><LA>Telefonnummer,</LA></DD><DT>6.</DT><DD Font="normal"><LA>Faxnummer,</LA></DD><DT>7.</DT><DD Font="normal"><LA>E-Mail-Adresse,</LA></DD><DT>8.</DT><DD Font="normal"><LA>Betriebsbereiche und Betriebsarten,</LA></DD><DT>9.</DT><DD Font="normal"><LA>Anzahl der insgesamt beschäftigten Personen,</LA></DD><DT>10.</DT><DD Font="normal"><LA>Wasserversorgung aus öffentlicher Wasserversorgung, aus Eigenwasserversorgung oder aus Versorgung mit sauberem Meerwasser,</LA></DD><DT>11.</DT><DD Font="normal"><LA>die nach dem jeweiligen Beiblatt erhobenen und gespeicherten Daten zur Erzeugung oder Verarbeitung von Fleisch, lebenden Muscheln, Fischereierzeugnissen, Milch, Eiprodukten, Gelatine und Kollagen, zum Behandeln in Kühllagern oder Großküchen.</LA></DD></DL></P></Content></text></textdaten></norm>
<norm builddate="20230320214043" doknr="BJNR04C0A0023BJNE000700000"><metadaten><jurabk>ESVGDüV</jurabk><enbez>§ 6</enbez><titel format="XML">Übermittlung von nach der Verordnung (EG) Nr. 852/2004 des Europäischen Parlaments und des Rates vom 29. April 2004 über Lebensmittelhygiene erhobenen und gespeicherten Daten</titel></metadaten><textdaten><text format="XML"><Content><P>Die in § 3 Absatz 2 Nummer 1 genannten Behörden haben folgende Daten der registrierten Lebensmittelbetriebe nach Artikel 6 Absatz 2 der Verordnung (EG) Nr. 852/2004 des Europäischen Parlaments und des Rates vom 29. April 2004 über Lebensmittelhygiene (ABl. L 139 vom 30.4.2004, S. 1; L 226 vom 25.6.2004, S. 3; L 46 vom 21.2.2008, S. 51; L 58 vom 3.3.2009, S. 3), die zuletzt durch die Verordnung (EU) 2021/382 (ABl. L 74 vom 4.3.2021, S. 3) geändert worden ist, zu übermitteln: <DL Type="arabic"><DT>1.</DT><DD Font="normal"><LA>Bezeichnung und Adresse der Betriebsstätte,</LA></DD><DT>2.</DT><DD Font="normal"><LA>Kontaktdaten des Lebensmittelunternehmers,</LA></DD><DT>3.</DT><DD Font="normal"><LA>Betriebsart beziehungsweise Tätigkeit,</LA></DD><DT>4.</DT><DD Font="normal"><LA>Daten zum Produktsortiment.</LA></DD></DL></P></Content></text></textdaten></norm>
<norm builddate="20230320214043" doknr="BJNR04C0A0023BJNE000800000"><metadaten><jurabk>ESVGDüV</jurabk><enbez>§ 7</enbez><titel format="XML">Übermittlung von nach der Viehverkehrsverordnung erhobenen und gespeicherten Daten</titel></metadaten><textdaten><text format="XML"><Content><P>Die in § 3 Absatz 2 Nummer 2 genannten Behörden haben folgende Daten von Tierhaltungen oder Betrieben, die Rinder, Schweine, Schafe, Ziegen, Einhufer, Hühner, Enten, Gänse, Fasane, Perlhühner, Rebhühner, Tauben, Truthühner, Wachteln oder Laufvögel halten, nach § 26 Absatz 1 der Viehverkehrsverordnung in Verbindung mit Artikel 84 Absatz 1 Buchstabe b und Absatz 2 der Verordnung (EU) 2016/429 des Europäischen Parlaments und des Rates vom 9. März 2016 zu Tierseuchen und zur Änderung und Aufhebung einiger Rechtsakte im Bereich der Tiergesundheit (ABl. L 84 vom 31.3.2016, S. 1; L 57 vom 3.3.2017, S. 65; L 84 vom 20.3.2020, S. 24; L 48 vom 11.2.2021, S. 3; L 224 vom 24.6.2021, S. 42), die zuletzt durch die Delegierte Verordnung (EU) 2018/1629 (ABl. L 272 vom 31.10.2018, S. 11) geändert worden ist, zu übermitteln: <DL Type="arabic"><DT>1.</DT><DD Font="normal"><LA>Name und Anschrift der Tierhaltung oder des Betriebs,</LA></DD><DT>2.</DT><DD Font="normal"><LA>Anzahl der im Jahresdurchschnitt voraussichtlich gehaltenen Tiere, ihre Nutzungsart und ihren Standort, bezogen auf die jeweilige Tierart.</LA></DD></DL></P></Content></text></textdaten></norm>
<norm builddate="20230320214043" doknr="BJNR04C0A0023BJNE000900000"><metadaten><jurabk>ESVGDüV</jurabk><enbez>§ 8</enbez><titel format="XML">Übermittlung von nach der Marktordnungswaren-Meldeverordnung erhobenen und gespeicherten Daten</titel></metadaten><textdaten><text format="XML"><Content><P>Die Bundesanstalt hat folgende der erhobenen und gespeicherten Daten nach § 6 der Marktordnungswaren-Meldeverordnung vom 24. November 1999 (BGBl. I S. 2286), die zuletzt durch Artikel 3 der Verordnung vom 11. Januar 2021 (BGBl. I S. 47) geändert worden ist, sowie folgende in Nummer 4 genannte Daten der meldepflichtigen Unternehmen nach den §§ 2 bis 5 der Marktordnungswaren-Meldeverordnung zu übermitteln: <DL Type="arabic"><DT>1.</DT><DD Font="normal"><LA>Name, Rufnummern und E-Mail-Adressen des Betriebs oder des Meldepflichtigen sowie Name, Rufnummer und E-Mail-Adresse eines Ansprechpartners,</LA></DD><DT>2.</DT><DD Font="normal"><LA>die Anschrift des Betriebs,</LA></DD><DT>3.</DT><DD Font="normal"><LA>die Handelsregisternummer des Unternehmens,</LA></DD><DT>4.</DT><DD Font="normal"><LA>erhobene und gespeicherte Daten der Getreide-, Stärke- und Futtermittelwirtschaft, der Zuckerwirtschaft, der Fettwirtschaft und der Milchwirtschaft.</LA></DD></DL></P></Content></text></textdaten></norm>
<norm builddate="20230320214043" doknr="BJNR04C0A0023BJNE001000000"><metadaten><jurabk>ESVGDüV</jurabk><enbez>§ 9</enbez><titel format="XML">Übermittlung von nach der InVeKoS-Verordnung erhobenen und gespeicherten Daten</titel></metadaten><textdaten><text format="XML"><Content><P>Die in § 3 Absatz 2 Nummer 4 genannten Behörden haben folgende der erhobenen und gespeicherten Daten nach den §§ 8, 10 und 16 der InVeKoS-Verordnung vom 24. Februar 2015 (BGBl. I S. 166), die zuletzt durch Artikel 1 der Verordnung vom 19. Mai 2021 (BAnz AT 28.05.2021 V2) geändert worden ist, zu übermitteln: <DL Type="arabic"><DT>1.</DT><DD Font="normal"><LA>Name des Betriebs oder der Firma einschließlich Rechtsform,</LA></DD><DT>2.</DT><DD Font="normal"><LA>Anschrift,</LA></DD><DT>3.</DT><DD Font="normal"><LA>Betriebsnummer,</LA></DD><DT>4.</DT><DD Font="normal"><LA>Telefonnummer, Faxnummer, E-Mail-Adresse, sofern der Betriebsinhaber diese in seinem Antrag freiwillig angegeben hat,</LA></DD><DT>5.</DT><DD Font="normal"><LA>landwirtschaftliche Flächen des Betriebs nach Lage, Größe und Nutzung sowie die im Sammelantrag für das aktuelle Antragsjahr angegebene Hauptkultur,</LA></DD><DT>6.</DT><DD Font="normal"><LA>Arten und im Sammelantrag angegebene voraussichtliche durchschnittliche Anzahl der gehaltenen landwirtschaftlichen Nutztiere.</LA></DD></DL></P></Content></text></textdaten></norm>
<norm builddate="20230320214043" doknr="BJNR04C0A0023BJNE001100000"><metadaten><jurabk>ESVGDüV</jurabk><enbez>§ 10</enbez><titel format="XML">Art und Form der Datenübermittlung</titel></metadaten><textdaten><text format="XML"><Content><P>Die Daten sind in einem maschinenlesbaren Format an die zur Datenanforderung berechtigten Behörden zu übermitteln oder den zur Datenanforderung berechtigten Behörden durch ein Datensystem über geeignete Schnittstellen bereitzustellen. Abweichend von Satz 1 können die Daten anderweitig elektronisch oder schriftlich übermittelt werden, sofern die zur Datenübermittlung verpflichtete Behörde nicht über die für eine Übermittlung nach Satz 1 notwendigen Voraussetzungen verfügt.</P></Content></text></textdaten></norm>
<norm builddate="20230320214043" doknr="BJNR04C0A0023BJNE001200000"><metadaten><jurabk>ESVGDüV</jurabk><enbez>§ 11</enbez><titel format="XML">Datenschutz und Datensicherheit</titel></metadaten><textdaten><text format="XML"><Content><P>Bei der Verarbeitung personenbezogener Daten haben die zur Datenübermittlung verpflichteten Behörden zu gewährleisten, dass die erforderlichen technischen und organisatorischen Maßnahmen nach Maßgabe der Artikel 24, 25, 30 und 32 der Verordnung (EU) 2016/679 getroffen werden.</P></Content></text></textdaten></norm>
<norm builddate="20230320214043" doknr="BJNR04C0A0023BJNE001300000"><metadaten><jurabk>ESVGDüV</jurabk><enbez>§ 12</enbez><titel format="XML">Inkrafttreten</titel></metadaten><textdaten><text format="XML"><Content><P>Diese Verordnung tritt am Tag nach der Verkündung in Kraft.</P></Content></text></textdaten></norm>
<norm builddate="20230320214043" doknr="BJNR04C0A0023BJNE001400000"><metadaten><jurabk>ESVGDüV</jurabk><enbez>Schlussformel</enbez></metadaten><textdaten><text format="XML"><Content><P>Der Bundesrat hat zugestimmt.</P></Content></text></textdaten></norm>
</dokumente>