<?xml version="1.0" encoding="UTF-8" ?><!DOCTYPE dokumente SYSTEM "http://www.gesetze-im-internet.de/dtd/1.01/gii-norm.dtd">
<dokumente builddate="20130405125935" doknr="BJNR019180989"><norm builddate="20130405125935" doknr="BJNR019180989"><metadaten><jurabk>HKWAbfV</jurabk><amtabk>HKWAbfV</amtabk><ausfertigung-datum manuell="ja">1989-10-23</ausfertigung-datum><fundstelle typ="amtlich"><periodikum>BGBl I</periodikum><zitstelle>1989, 1918</zitstelle></fundstelle><langue>Verordnung über die Entsorgung gebrauchter halogenierter Lösemittel</langue><standangabe checked="ja"><standtyp>Stand</standtyp><standkommentar>Geändert durch Art. 7b V v. 20.10.2006 I 2298</standkommentar></standangabe></metadaten><textdaten><fussnoten><Content><P>(+++ Textnachweis ab: 1.1.1990 +++)</P></Content></fussnoten></textdaten></norm>
<norm builddate="20130405125935" doknr="BJNR019180989BJNE000100308"><metadaten><jurabk>HKWAbfV</jurabk><enbez>Eingangsformel</enbez></metadaten><textdaten><text format="XML"><Content><P>Auf Grund des § 14 Abs. 1 Nr. 1, 2 und 3 des Abfallgesetzes vom 27. August 1986 (BGBl. I S. 1410) und des § 7 Abs. 1 des Bundes-Immissionsschutzgesetzes vom 15. März 1974 (BGBl. I S. 721), wird von der Bundesregierung nach Anhörung der beteiligten Kreise verordnet:</P></Content></text></textdaten></norm>
<norm builddate="20130405125935" doknr="BJNR019180989BJNE000200308"><metadaten><jurabk>HKWAbfV</jurabk><enbez>§ 1</enbez><titel format="parat">Anwendungsbereich</titel></metadaten><textdaten><text format="XML"><Content><P>(1) Diese Verordnung gilt für Lösemittel, die nach Gebrauch als Reststoff verwertet oder als Abfall entsorgt werden müssen und die in Anlagen eingesetzt werden, in denen <DL Font="normal" Type="arabic"><DT>1.</DT><DD Font="normal"><LA Size="normal">die Oberfläche von Gegenständen oder Materialien, insbesondere aus Metall, Glas, Keramik oder Kunststoff, gereinigt, befettet, entfettet, beschichtet, entschichtet, entwickelt, phosphatiert, getrocknet oder in ähnlicher Weise behandelt wird,</LA></DD> <DT>2.</DT><DD Font="normal"><LA Size="normal">Behandlungsgut, insbesondere Textilien, Leder, Pelze, Felle, Fasern, Federn oder Wolle, gereinigt, entfettet, ausgerüstet, getrocknet oder in ähnlicher Weise behandelt wird,</LA></DD> <DT>3.</DT><DD Font="normal"><LA Size="normal">Aromen, Öle, Fette oder andere Stoffe aus Pflanzen, Pflanzenteilen oder aus Tierkörpern oder Tierkörperteilen extrahiert werden oder</LA></DD> <DT>4.</DT><DD Font="normal"><LA Size="normal">Stoffe, Zubereitungen oder Erzeugnisse mit Hilfe dieser Lösemittel gewonnen oder hergestellt werden.</LA></DD> </DL> </P><P>(2) Lösemittel im Sinne dieser Verordnung sind flüssige Stoffe oder Zubereitungen mit einem Massegehalt von mehr als 5 vom Hundert an Halogenkohlenwasserstoffen mit einem Siedepunkt zwischen 293 K = 20 <ABWFORMAT typ="A"/>Grad C und 423 K = 150 <ABWFORMAT typ="A"/>Grad C bei jeweils 1013 hPa.</P></Content></text></textdaten></norm>
<norm builddate="20130405125935" doknr="BJNR019180989BJNE000300308"><metadaten><jurabk>HKWAbfV</jurabk><enbez>§ 2</enbez><titel format="parat">Getrennte Haltung, Vermischungsverbote</titel></metadaten><textdaten><text format="XML"><Content><P>(1) Betreiber der in § 1 Abs. 1 genannten Anlagen haben Lösemittel nach Gebrauch getrennt entsprechend dem Hauptbestandteil des jeweiligen Ausgangsproduktes wie Dichlormethan (Methylenchlorid), Trichlormethan Tetrachlormethan, 1,2-Dichlorethan, 1,1,1-Trichlorethan (Methylchloroform), Trichlorethen (Trichlorethylen, TRI), Tetrachlorethen (Perchlorethylen, PER), Trichlorfluormethan (R-11), 1,1,2,2-Tetrachlor-1,2-difluorethan (R-112) oder Trichlor-1,2,2-trifluorethan (R-113) zu halten.</P><P>(2) Es ist verboten, Lösemittel unterschiedlicher Ausgangsprodukte nach Gebrauch untereinander oder mit anderen Stoffen oder Abfällen, insbesondere solchen im Sinne des § 2 Abs. 2 des Abfallgesetzes, zu vermischen.</P></Content> </text></textdaten></norm>
<norm builddate="20130405125935" doknr="BJNR019180989BJNE000400308"><metadaten><jurabk>HKWAbfV</jurabk><enbez>§ 3</enbez><titel format="parat">Rücknahmeverpflichtung</titel></metadaten><textdaten><text format="XML"><Content><P>(1) Wer als Vertreiber Lösemittel in Mengen von 10 l oder mehr innerhalb eines Monats an einen Betreiber der in § 1 Abs. 1 genannten Anlagen abgibt, ist verpflichtet, von diesem Betreiber die nach § 2 Abs. 2 unvermischten gebrauchten Lösemittel zurückzunehmen oder die Rücknahme durch einen von ihm zu bestimmenden Dritten sicherzustellen.</P><P>(2) Die Rücknahmeverpflichtung nach Absatz 1 bezieht sich auf Art und Menge der abgegebenen Lösemittel, zuzüglich der verfahrensbedingt bei ordnungsgemäßem Gebrauch hinzugekommenen oder hinzugefügten sonstigen Stoffe oder Zubereitungen.</P></Content> </text></textdaten></norm>
<norm builddate="20130405125935" doknr="BJNR019180989BJNE000501310"><metadaten><jurabk>HKWAbfV</jurabk><enbez>§ 4</enbez><titel format="parat">Erklärung über die Verwendung von Lösemitteln</titel></metadaten><textdaten><text format="XML"><Content><P>Nimmt der Betreiber der in § 1 Abs. 1 genannten Anlagen nach § 3 Abs. 1 den Vertreiber auf Rücknahme gebrauchter Lösemittel in Anspruch, so hat er gegenüber dem Vertreiber oder dem von ihm bestimmten Dritten eine Erklärung über die Art und Verwendung der Lösemittel nach dem in der Anlage zu dieser Verordnung enthaltenen Muster abzugeben.</P></Content></text><fussnoten/></textdaten></norm>
<norm builddate="20130405125935" doknr="BJNR019180989BJNE000600308"><metadaten><jurabk>HKWAbfV</jurabk><enbez>§ 5</enbez><titel format="parat">Kennzeichnung</titel></metadaten><textdaten><text format="XML"><Content><P>Lösemittel dürfen in Gebinden nur in Verkehr gebracht werden, wenn diese durch leicht erkennbaren und lesbaren Aufdruck, Prägung oder Aufkleber folgendermaßen gekennzeichnet sind: <BR/>&quot;Dieses Lösemittel ist nach Gebrauch einer Verwertung oder Entsorgung zuzuführen! Unsachgemäße Beseitigung gefährdet die Umwelt! Nach Gebrauch ist jede Beimischung von Fremdstoffen oder Lösemitteln anderer Art verboten&quot;. <BR/>Darüber hinaus muß die Kennzeichnung den Hauptbestandteil des Ausgangsproduktes (§ 2 Abs. 1) und den Siedepunkt (§ 1 Abs. 2) ausweisen. Bei loser Ware muß die Kennzeichnung nach den Sätzen 1 und 2 in den Begleitpapieren erfolgen.</P></Content></text></textdaten></norm>
<norm builddate="20130405125935" doknr="BJNR019180989BJNE000700308"><metadaten><jurabk>HKWAbfV</jurabk><enbez>§ 6</enbez><titel format="parat">Ordnungswidrigkeiten</titel></metadaten><textdaten><text format="XML"><Content><P>(1) Ordnungswidrig im Sinne des § 18 Abs. 1 Nr. 11 des Abfallgesetzes handelt, wer vorsätzlich oder fahrlässig <DL Font="normal" Type="arabic"><DT>1.</DT><DD Font="normal"><LA Size="normal">Lösemittel, die nach Gebrauch als Abfall entsorgt werden müssen,<DL Font="normal" Type="arabic"><DT>a)</DT><DD Font="normal"><LA Size="normal">entgegen § 2 Abs. 1 nicht getrennt hält oder</LA></DD> <DT>b)</DT><DD Font="normal"><LA Size="normal">entgegen § 2 Abs. 2 vermischt,</LA></DD> </DL></LA></DD> <DT>2.</DT><DD Font="normal"><LA Size="normal">entgegen § 3 Abs. 1 in Verbindung mit Abs. 2 Lösemittel nicht zurücknimmt oder die Rücknahme nicht sicherstellt,</LA></DD> <DT>3.</DT><DD Font="normal"><LA Size="normal">entgegen § 4 Satz 1 eine Erklärung über die Art und Verwendung eines in Nummer 1 genannten Lösemittels nicht, nicht richtig oder nicht vollständig abgibt oder</LA></DD> <DT>4.</DT><DD Font="normal"><LA Size="normal">entgegen § 5 Lösemittel ohne die vorgeschriebene Kennzeichnung in Verkehr bringt.</LA></DD> </DL> </P><P>(2) Ordnungswidrig im Sinne des § 62 Abs. 1 Nr. 2 des Bundes-Immissionsschutzgesetzes handelt, wer vorsätzlich oder fahrlässig <DL Font="normal" Type="arabic"><DT>1.</DT><DD Font="normal"><LA Size="normal">Lösemittel, die nach Gebrauch als Reststoff verwertet werden müssen,<DL Font="normal" Type="arabic"><DT>a)</DT><DD Font="normal"><LA Size="normal">entgegen § 2 Abs. 1 nicht getrennt hält oder</LA></DD> <DT>b)</DT><DD Font="normal"><LA Size="normal">entgegen § 2 Abs. 2 vermischt oder</LA></DD> </DL></LA></DD> <DT>2.</DT><DD Font="normal"><LA Size="normal">entgegen § 4 Satz 1 eine Erklärung über die Art und Verwendung eines in Nummer 1 genannten Lösemittels nicht, nicht richtig oder nicht vollständig abgibt.</LA></DD></DL></P></Content></text></textdaten></norm>
<norm builddate="20130405125935" doknr="BJNR019180989BJNE000800308"><metadaten><jurabk>HKWAbfV</jurabk><enbez>§ 7</enbez><titel format="parat">Berlin-Klausel</titel></metadaten><textdaten><text format="XML"><Content><P>Diese Verordnung gilt nach § 14 des Dritten Überleitungsgesetzes in Verbindung mit § 31 des Abfallgesetzes und § 73 des Bundes-Immissionsschutzgesetzes auch im Land Berlin.</P></Content></text></textdaten></norm>
<norm builddate="20130405125935" doknr="BJNR019180989BJNE000900308"><metadaten><jurabk>HKWAbfV</jurabk><enbez>§ 8</enbez><titel format="parat">Inkrafttreten</titel></metadaten><textdaten><text format="XML"><Content><P>Diese Verordnung tritt mit Ausnahme des § 5 am ersten Tag des dritten auf die Verkündung folgenden Kalendermonats in Kraft. § 5 tritt am ersten Tag des sechsten auf die Verkündung folgenden Kalendermonats in Kraft.</P></Content></text></textdaten></norm>
<norm builddate="20130405125935" doknr="BJNR019180989BJNE001000308"><metadaten><jurabk>HKWAbfV</jurabk><enbez>Schlußformel</enbez></metadaten><textdaten><text format="XML"><Content><P>Der Bundesrat hat zugestimmt.</P></Content></text></textdaten></norm>
<norm builddate="20130405125935" doknr="BJNR019180989BJNE000110308"><metadaten><jurabk>HKWAbfV</jurabk><enbez>Anlage</enbez><titel format="parat">(zu § 4 Satz 1)</titel></metadaten><textdaten><text format="XML"><Content><P><ABWFORMAT typ="A"/><kommentar typ="Fundstelle"> Fundstelle des Originaltextes: BGBl. I 1989, 1920 </kommentar> <BR/><pre xml:space="preserve"> <BR/>              <B>Erklärung über die Art und Verwendung von Lösemitteln</B><BR/>-------------------------------------------------------------------------------<BR/>I Art des Lösemittels                                                         I<BR/>I .........................................................................   I<BR/>I .........................................................................   I<BR/>I .........................................................................   I<BR/>I                                                                             I<BR/>I Das oben bezeichnete Lösemittel wurde für folgende, in § 1 Abs. 1 Nr. 1     I<BR/>I bis 4 genannten Zwecke (vgl. Rückseite) verwendet:                          I<BR/>I                                                                             I<BR/>I 1. ......................................................................   I<BR/>I 2. ......................................................................   I<BR/>I 3. ......................................................................   I<BR/>I 4. ......................................................................   I<BR/>I 5. ......................................................................   I<BR/>-------------------------------------------------------------------------------<BR/>Dem Lösemittel wurden nach Gebrauch keine anderen Lösemittel oder andere<BR/>Stoffe oder Abfälle zugemischt.<BR/> <BR/>............................................................................<BR/><small>(Firma/Anschrift)             (Datum)       (Unterschrift/Firmenstempel)</small><BR/><BR/></pre>(Rückseite) <DL Font="normal" Type="arabic"><DT/><DD Font="normal"><LA Size="normal"><DL Font="normal" Type="arabic"><DT/><DD Font="normal"><LA Size="normal"><DL Font="normal" Type="arabic"><DT/><DD Font="normal"><LA Size="normal"><DL Font="normal" Type="arabic"><DT/><DD Font="normal"><LA Size="normal"><DL Font="normal" Type="arabic"><DT/><DD Font="normal"><LA Size="normal">§ 1</LA></DD> </DL></LA><LA Size="normal">Anwendungsbereich</LA></DD> </DL></LA></DD></DL></LA></DD></DL></LA></DD></DL>(1) Diese Verordnung gilt für Lösemittel, die nach Gebrauch als Reststoff verwertet oder als Abfall entsorgt werden müssen und die in Anlagen eingesetzt werden, in denen <DL Font="normal" Type="arabic"><DT>1.</DT><DD Font="normal"><LA Size="normal">die Oberfläche von Gegenständen oder Materialien, insbesondere aus Metall, Glas, Keramik oder Kunststoff, gereinigt, befettet, entfettet, beschichtet, entschichtet, entwickelt, phosphatiert, getrocknet oder in ähnlicher Weise behandelt wird,</LA></DD> <DT>2.</DT><DD Font="normal"><LA Size="normal">Behandlungsgut, insbesondere Textilien, Leder, Pelze, Felle, Fasern, Federn oder Wolle, gereinigt, entfettet, ausgerüstet, getrocknet oder in ähnlicher Weise behandelt wird,</LA></DD> <DT>3.</DT><DD Font="normal"><LA Size="normal">Aromen, Öle, Fette oder andere Stoffe aus Pflanzen, Pflanzenteilen oder aus Tierkörpern oder Tierkörperteilen extrahiert werden oder</LA></DD> <DT>4.</DT><DD Font="normal"><LA Size="normal">Stoffe, Zubereitungen oder Erzeugnisse mit Hilfe dieser Lösemittel gewonnen oder hergestellt werden.</LA></DD> </DL></P></Content></text></textdaten></norm>
</dokumente>