<?xml version="1.0" encoding="UTF-8" ?><!DOCTYPE dokumente SYSTEM "http://www.gesetze-im-internet.de/dtd/1.01/gii-norm.dtd">
<dokumente builddate="20131008093831" doknr="BJNR202740965"><norm builddate="20131008093831" doknr="BJNR202740965"><metadaten><jurabk>KOVVtr ESP</jurabk><ausfertigung-datum manuell="ja">1962-05-29</ausfertigung-datum><fundstelle typ="amtlich"><periodikum>BGBl II</periodikum><zitstelle>1965, 274</zitstelle></fundstelle><langue>Vertrag zwischen der Bundesrepublik Deutschland und dem Spanischen Staat
über Kriegsopferversorgung</langue></metadaten><textdaten><text format="decorated"/><fussnoten><Content><P>G v. 31.3.1965 II 273 <BR/>Inkraft gem. Bek. v. 13.5.1965 II 852 mWv 1.6.1965</P></Content></fussnoten></textdaten></norm>
</dokumente>