<?xml version="1.0" encoding="UTF-8" ?><!DOCTYPE dokumente SYSTEM "http://www.gesetze-im-internet.de/dtd/1.01/gii-norm.dtd">
<dokumente builddate="20130405131051" doknr="BJNR109350983"><norm builddate="20130405131051" doknr="BJNR109350983"><metadaten><jurabk>EichendorffPlakErl</jurabk><ausfertigung-datum manuell="ja">1983-07-14</ausfertigung-datum><fundstelle typ="amtlich"><periodikum>BGBl I</periodikum><zitstelle>1983, 935</zitstelle></fundstelle><langue>Erlaß über die Stiftung der Eichendorff-Plakette</langue></metadaten><textdaten><text format="XML"><Content><P/></Content></text><fussnoten><Content><P>(+++ Textnachweis ab: 20. 7.1983 +++)</P></Content></fussnoten></textdaten></norm>
<norm builddate="20130405131051" doknr="BJNR109350983BJNE000100307"><metadaten><jurabk>EichendorffPlakErl</jurabk><enbez>(XXXX)</enbez></metadaten><textdaten><text format="XML"><Content><P>Als Auszeichnung für Gebirgs- und Wandervereine, die sich in langjährigem Wirken besondere Verdienste um die Pflege und Förderung des Wanderns, des Heimatgedankens und des Umweltbewußtseins erworben haben, stifte ich die <DL Font="normal" Type="arabic"><DT/><DD Font="normal"><LA Size="normal">Eichendorff-Plakette.</LA></DD></DL>Die Einzelheiten der Verleihung werden durch besondere Richtlinien festgelegt.<BR/><BR/><SP>Der Bundespräsident</SP><BR/><SP>Der Bundeskanzler</SP><BR/><SP>Der Bundesminister des Innern</SP></P></Content></text></textdaten></norm>
</dokumente>