<?xml version="1.0" encoding="UTF-8" ?><!DOCTYPE dokumente SYSTEM "http://www.gesetze-im-internet.de/dtd/1.01/gii-norm.dtd">
<dokumente builddate="20120625153307" doknr="BJNR017260972"><norm builddate="20120625153307" doknr="BJNR017260972"><metadaten><jurabk>Münz50PfBek 1972</jurabk><ausfertigung-datum manuell="ja">1972-09-12</ausfertigung-datum><fundstelle typ="amtlich"><periodikum>BGBl I</periodikum><zitstelle>1972, 1726</zitstelle></fundstelle><langue>Bekanntmachung über die Ausprägung von Bundesmünzen im Nennwert von 50
Deutschen Pfennig</langue></metadaten><textdaten><text format="XML"><Content><P/></Content></text></textdaten></norm>
<norm builddate="20120625153307" doknr="BJNR017260972BJNE000100314"><metadaten><jurabk>Münz50PfBek 1972</jurabk><enbez>(XXXX)</enbez></metadaten><textdaten><text format="XML"><Content><P>(1) Die auf Grund des Gesetzes über die Ausprägung von Scheidemünzen vom 8. Juli 1950 herausgegebenen Münzen zu 50 Deutschen Pfennig, die bisher mit geriffeltem Rand hergestellt worden sind, werden ab Jahreszahl 1972 mit glattem Rand geprägt und demnächst in den Verkehr gegeben.</P><P>(2) Im übrigen unterscheiden sich die neuen Münzen in keiner Weise von den bisher geprägten Münzen zu 50 Deutschen Pfennig, die weiterhin gültig und im Umlauf bleiben (Bekanntmachung vom 2. Dezember 1949 - Bundesanzeiger Nr. 33 vom 8. Dezember 1949 -, Bekanntmachung vom 6. Mai 1950 - Bundesanzeiger Nr. 88 vom 9. Mai 1950 - und Bekanntmachung vom 14. September 1950 - Bundesgesetzblatt S. 694 -).</P><P>(3) Dies wird namens der Bundesregierung bekanntgemacht.</P></Content></text></textdaten></norm>
<norm builddate="20120625153307" doknr="BJNR017260972BJNE000200314"><metadaten><jurabk>Münz50PfBek 1972</jurabk><enbez>Schlußformel</enbez></metadaten><textdaten><text format="XML"><Content><P><SP>Der Bundesminister für Wirtschaft und Finanzen</SP></P></Content></text></textdaten></norm>
</dokumente>