<?xml version="1.0" encoding="UTF-8" ?><!DOCTYPE dokumente SYSTEM "http://www.gesetze-im-internet.de/dtd/1.01/gii-norm.dtd">
<dokumente builddate="20120625152324" doknr="BJNR100580956"><norm builddate="20120625152324" doknr="BJNR100580956"><metadaten><jurabk>WZG§35GRLBek</jurabk><ausfertigung-datum manuell="ja">1956-01-25</ausfertigung-datum><fundstelle typ="amtlich"><periodikum>BGBl I</periodikum><zitstelle>1956, 58</zitstelle></fundstelle><langue>Bekanntmachung zu § 35 des Warenzeichengesetzes</langue></metadaten><textdaten><text format="XML"><Content><P/></Content></text><fussnoten><Content><P>(+++ Textnachweis Geltung ab:  1. 1.1964 +++)</P></Content></fussnoten></textdaten></norm>
<norm builddate="20120625152324" doknr="BJNR100580956BJNE000100306"><metadaten><jurabk>WZG§35GRLBek</jurabk><enbez>(XXXX)</enbez></metadaten><textdaten><text format="XML"><Content><P>Auf Grund des § 35 Abs. 3 Satz 2 des Warenzeichengesetzes in der Fassung vom 18. Juli 1953 (Bundesgesetzbl. I S. 645) wird gemäß einer Mitteilung der Königlich Griechischen Regierung bekanntgemacht: <BR/>Deutsche Staatsangehörige, die ein Warenzeichen in Griechenland anmelden, brauchen nicht den Nachweis zu erbringen, daß sie für das Zeichen in dem Staat, in dem sich ihre Niederlassung befindet, den Markenschutz nachgesucht und erhalten haben.</P></Content></text></textdaten></norm>
<norm builddate="20120625152324" doknr="BJNR100580956BJNE000200306"><metadaten><jurabk>WZG§35GRLBek</jurabk><enbez>Schlussformel</enbez></metadaten><textdaten><text format="XML"><Content><P>Der Bundesminister der Justiz</P></Content></text></textdaten></norm>
</dokumente>