<?xml version="1.0" encoding="UTF-8" ?><!DOCTYPE dokumente SYSTEM "http://www.gesetze-im-internet.de/dtd/1.01/gii-norm.dtd">
<dokumente builddate="20160701221044" doknr="BJNR109500999"><norm builddate="20160701221044" doknr="BJNR109500999"><metadaten><jurabk>MarkenG§8Bek 99-05</jurabk><ausfertigung-datum manuell="ja">1999-05-21</ausfertigung-datum><fundstelle typ="amtlich"><periodikum>BGBl I</periodikum><zitstelle>1999, 1095</zitstelle></fundstelle><langue>Bekanntmachung zu § 8 des Markengesetzes</langue></metadaten><textdaten><text format="XML"><Content><P/></Content></text><fussnoten><Content><P>(+++ Textnachweis ab:  4. 6.1999 +++)</P></Content></fussnoten></textdaten></norm>
<norm builddate="20160701221044" doknr="BJNR109500999BJNE000100320"><metadaten><jurabk>MarkenG§8Bek 99-05</jurabk><enbez>(XXXX)</enbez></metadaten><textdaten><text format="XML"><Content><P>Auf Grund des § 8 Abs. 2 Nr. 8 des Markengesetzes vom 25. Oktober 1994 (BGBl. I S. 3082; 1995 I S. 156) wird bekanntgemacht, daß das Kennzeichen der <DL Font="normal" Type="arabic"><DT/><DD Font="normal"><LA Size="normal"><DL Font="normal" Type="arabic"><DT/><DD Font="normal"><LA Size="normal"><DL Font="normal" Type="arabic"><DT/><DD Font="normal"><LA Size="normal"><DL Font="normal" Type="arabic"><DT/><DD Font="normal"><LA Size="normal">Inter-American Development Bank (Anlage)</LA></DD></DL></LA></DD></DL></LA></DD></DL></LA></DD></DL>von der Eintragung als Marke ausgeschlossen ist.<BR/>Diese Bekanntmachung ergeht im Anschluß an die Bekanntmachung vom 14. April 1999 (BGBl. I S. 767).</P><P>Bundesministerium der Justiz</P></Content></text></textdaten></norm>
<norm builddate="20160701221044" doknr="BJNR109500999BJNE000200320"><metadaten><jurabk>MarkenG§8Bek 99-05</jurabk><enbez>Anlage</enbez><titel format="parat">Emblem der Inter-American Development Bank</titel></metadaten><textdaten><text format="XML"><Content><P><noindex><kommentar typ="Fundstelle">Fundstelle: BGBl. I 1999, 1095)</kommentar></noindex><BR/><IMG Align="center" Pos="block" SRC="bgbl1_1999_j1095_0010.jpg"/></P></Content></text></textdaten></norm>
</dokumente>