<?xml version="1.0" encoding="UTF-8" ?><!DOCTYPE dokumente SYSTEM "http://www.gesetze-im-internet.de/dtd/1.01/gii-norm.dtd">
<dokumente builddate="20260106215521" doknr="BJNR019220979"><norm builddate="20260106215521" doknr="BJNR019220979"><metadaten><jurabk>StBDV</jurabk><amtabk>DVStB</amtabk><ausfertigung-datum manuell="ja">1979-11-12</ausfertigung-datum><fundstelle typ="amtlich"><periodikum>BGBl I</periodikum><zitstelle>1979, 1922</zitstelle></fundstelle><langue>Verordnung zur Durchführung der Vorschriften über Steuerberater, Steuerbevollmächtigte und Berufsausübungsgesellschaften</langue><standangabe checked="ja"><standtyp>Stand</standtyp><standkommentar>Zuletzt geändert durch Art. 1 V v. 20.12.2024 I Nr. 443</standkommentar></standangabe><standangabe checked="ja"><standtyp>Hinweis</standtyp><standkommentar>Änderung durch Art. 4 V v. 19.12.2025 I Nr. 372 textlich nachgewiesen, dokumentarisch noch nicht abschließend bearbeitet</standkommentar></standangabe></metadaten><textdaten><fussnoten><Content><P><BR/> <pre xml:space="preserve">(+++ Textnachweis ab: 16.11.1979 +++)<BR/><BR/></pre> <BR/>Überschrift: Bezeichnung idF d. Art. 5 Nr. 1 G v. 7.7.2021 I 2363 mWv 1.8.2022</P></Content></fussnoten></textdaten></norm>
<norm builddate="20260106215521" doknr="BJNR019220979BJNE000700314"><metadaten><jurabk>StBDV</jurabk><jurabk>DVStB</jurabk><enbez>Eingangsformel</enbez></metadaten><textdaten><text format="XML"><Content><P>Auf Grund des § 158 des Steuerberatungsgesetzes in der Fassung der Bekanntmachung vom 4. November 1975 (BGBl. I S. 2735) verordnet die Bundesregierung nach Anhören der Bundessteuerberaterkammer mit Zustimmung des Bundesrates:</P></Content></text></textdaten></norm>
<norm builddate="20260106215521" doknr="BJNR019220979BJNE007100123"><metadaten><jurabk>StBDV</jurabk><jurabk>DVStB</jurabk><enbez>Inhaltsübersicht</enbez></metadaten><textdaten><text format="XML"><Content><BR/><BR/><Title Align="center">Erster Teil</Title><Title Align="center">Prüfungsordnung für Steuerberater und Steuerbevollmächtigte</Title><BR/><BR/><P><table colsep="0" frame="none" pgwide="1" rowsep="0" tocentry="%yes;"><tgroup align="left" char="" charoff="50" cols="2"><colspec colname="col1" colnum="1" colwidth="15*"/><colspec colname="col2" colnum="2" colwidth="155*"/><tbody valign="top"><row><entry VJ="1" colname="col1">§ 1</entry><entry VJ="1" colname="col2">Zulassungsverfahren</entry></row><row><entry VJ="1" colname="col1">§§ 2<BR/>und 3</entry><entry VJ="1" colname="col2"><BR/>(weggefallen)</entry></row><row><entry VJ="1" colname="col1">§ 4</entry><entry VJ="1" colname="col2">Antrag auf Zulassung zur Prüfung</entry></row><row><entry VJ="1" colname="col1">§ 5</entry><entry VJ="1" colname="col2">Sonstige Nachweise</entry></row><row><entry VJ="1" colname="col1">§ 6</entry><entry VJ="1" colname="col2">Zulassung zur Prüfung</entry></row><row><entry VJ="1" colname="col1">§ 7</entry><entry VJ="1" colname="col2">Antrag auf Erteilung einer verbindlichen Auskunft</entry></row><row><entry VJ="1" colname="col1">§ 8</entry><entry VJ="1" colname="col2">Antrag auf Befreiung von der Prüfung</entry></row><row><entry VJ="1" colname="col1">§ 9</entry><entry VJ="1" colname="col2">(weggefallen)</entry></row><row><entry VJ="1" colname="col1">§ 10</entry><entry VJ="1" colname="col2">Berufung der Mitglieder der Prüfungsausschüsse</entry></row><row><entry VJ="1" colname="col1">§ 11</entry><entry VJ="1" colname="col2">Ende der Amtszeit der Mitglieder der Prüfungsausschüsse</entry></row><row><entry VJ="1" colname="col1">§ 12</entry><entry VJ="1" colname="col2">Rechtsstellung der Mitglieder der Prüfungsausschüsse</entry></row><row><entry VJ="1" colname="col1">§ 13</entry><entry VJ="1" colname="col2">Entscheidungen der Prüfungsausschüsse</entry></row><row><entry VJ="1" colname="col1">§ 14</entry><entry VJ="1" colname="col2">Durchführung der Prüfungen</entry></row><row><entry VJ="1" colname="col1">§ 15</entry><entry VJ="1" colname="col2">Prüfungsnoten, Gesamtnoten</entry></row><row><entry VJ="1" colname="col1">§ 16</entry><entry VJ="1" colname="col2">Schriftliche Prüfung</entry></row><row><entry VJ="1" colname="col1">§ 17</entry><entry VJ="1" colname="col2">Ladung zur schriftlichen Prüfung</entry></row><row><entry VJ="1" colname="col1">§ 18</entry><entry VJ="1" colname="col2">Fertigung der Aufsichtsarbeiten</entry></row><row><entry VJ="1" colname="col1">§ 19</entry><entry VJ="1" colname="col2">Aufsicht</entry></row><row><entry VJ="1" colname="col1">§ 20</entry><entry VJ="1" colname="col2">Verhalten während der schriftlichen Prüfung</entry></row><row><entry VJ="1" colname="col1">§ 21</entry><entry VJ="1" colname="col2">Rücktritt von der Prüfung</entry></row><row><entry VJ="1" colname="col1">§ 22</entry><entry VJ="1" colname="col2">Niederschrift über die Aufsichtsarbeit</entry></row><row><entry VJ="1" colname="col1">§ 23</entry><entry VJ="1" colname="col2">Täuschungsversuche, Ordnungsverstöße</entry></row><row><entry VJ="1" colname="col1">§ 24</entry><entry VJ="1" colname="col2">Bewertung der Aufsichtsarbeiten</entry></row><row><entry VJ="1" colname="col1">§ 25</entry><entry VJ="1" colname="col2">Ergebnis der schriftlichen Prüfung und Ausschluss von der mündlichen Prüfung</entry></row><row><entry VJ="1" colname="col1">§ 26</entry><entry VJ="1" colname="col2">Mündliche Prüfung</entry></row><row><entry VJ="1" colname="col1">§ 27</entry><entry VJ="1" colname="col2">Bewertung der mündlichen Prüfung</entry></row><row><entry VJ="1" colname="col1">§ 28</entry><entry VJ="1" colname="col2">Ergebnis der Prüfung, Wiederholung der Prüfung</entry></row><row><entry VJ="1" colname="col1">§ 29</entry><entry VJ="1" colname="col2">Überdenken der Prüfungsbewertung</entry></row><row><entry VJ="1" colname="col1">§ 30</entry><entry VJ="1" colname="col2">Nichtteilnahme an der mündlichen Prüfung</entry></row><row><entry VJ="1" colname="col1">§ 31</entry><entry VJ="1" colname="col2">Niederschrift über die mündliche Prüfung</entry></row><row><entry VJ="1" colname="col1">§ 32</entry><entry VJ="1" colname="col2">Aufbewahrungspflichten</entry></row><row><entry VJ="1" colname="col1">§ 33</entry><entry VJ="1" colname="col2">(weggefallen)</entry></row></tbody></tgroup></table></P><BR/><BR/><Title Align="center">Zweiter Teil</Title><Title Align="center">Bestellung als Steuerberater oder Steuerbevollmächtigter</Title><BR/><table colsep="0" frame="none" pgwide="1" rowsep="0" tocentry="%yes;"><tgroup align="left" char="" charoff="50" cols="2"><colspec colname="col1" colnum="1" colwidth="15*"/><colspec colname="col2" colnum="2" colwidth="155*"/><tbody valign="top"><row><entry VJ="1" colname="col1">§ 34</entry><entry VJ="1" colname="col2">Bestellungsverfahren</entry></row><row><entry VJ="1" colname="col1">§ 33</entry><entry VJ="1" colname="col2">Berufsurkunde</entry></row><row><entry VJ="1" colname="col1">§§ 36<BR/>und 37</entry><entry VJ="1" colname="col2"><BR/>(weggefallen)</entry></row><row><entry VJ="1" colname="col1">§ 38</entry><entry VJ="1" colname="col2">Wiederbestellung</entry></row><row><entry VJ="1" colname="col1">§ 39</entry><entry VJ="1" colname="col2">(weggefallen)</entry></row></tbody></tgroup></table><BR/><BR/><Title Align="center">Dritter Teil</Title><Title Align="center">Anerkennung als Berufsausübungsgesellschaft</Title><table colsep="0" frame="none" pgwide="1" rowsep="0" tocentry="%yes;"><tgroup align="left" char="" charoff="50" cols="2"><colspec colname="col1" colnum="1" colwidth="15*"/><colspec colname="col2" colnum="2" colwidth="155*"/><tbody valign="top"><row><entry VJ="1" colname="col1">§ 40</entry><entry VJ="1" colname="col2">Verfahren</entry></row><row><entry VJ="1" colname="col1">§ 41</entry><entry VJ="1" colname="col2">Anerkennungsurkunde</entry></row></tbody></tgroup></table><BR/><BR/><Title Align="center">Vierter Teil</Title><Title Align="center">Verleihung der Berechtigung zur Führung der Bezeichnung „Landwirtschaftliche Buchstelle“</Title><table colsep="0" frame="none" pgwide="1" rowsep="0" tocentry="%yes;"><tgroup align="left" char="" charoff="50" cols="2"><colspec colname="col1" colnum="1" colwidth="15*"/><colspec colname="col2" colnum="2" colwidth="155*"/><tbody valign="top"><row><entry VJ="1" colname="col1">§ 42</entry><entry VJ="1" colname="col2">Nachweis der besonderen Sachkunde</entry></row><row><entry VJ="1" colname="col1">§ 43</entry><entry VJ="1" colname="col2">Sachkunde-Ausschuss</entry></row><row><entry VJ="1" colname="col1">§ 44</entry><entry VJ="1" colname="col2">Verleihung, Verleihungsurkunde</entry></row></tbody></tgroup></table><BR/><BR/><Title Align="center">Fünfter Teil</Title><Title Align="center">(weggefallen)</Title><table colsep="0" frame="none" pgwide="1" rowsep="0" tocentry="%yes;"><tgroup align="left" char="" charoff="50" cols="2"><colspec colname="col1" colnum="1" colwidth="15*"/><colspec colname="col2" colnum="2" colwidth="155*"/><tbody valign="top"><row><entry VJ="1" colname="col1">§§ 45<BR/>bis 50</entry><entry VJ="1" colname="col2"><BR/>(weggefallen)</entry></row></tbody></tgroup></table><BR/><BR/><Title Align="center">Sechster Teil</Title><Title Align="center">Berufshaftpflichtversicherung</Title><table colsep="0" frame="none" pgwide="1" rowsep="0" tocentry="%yes;"><tgroup align="left" char="" charoff="50" cols="2"><colspec colname="col1" colnum="1" colwidth="15*"/><colspec colname="col2" colnum="2" colwidth="155*"/><tbody valign="top"><row><entry VJ="1" colname="col1">§ 51</entry><entry VJ="1" colname="col2">Versicherungspflicht</entry></row><row><entry VJ="1" colname="col1">§ 52</entry><entry VJ="1" colname="col2">Mindestversicherungssumme</entry></row><row><entry VJ="1" colname="col1">§ 53</entry><entry VJ="1" colname="col2">Weiterer Inhalt des Versicherungsvertrages</entry></row><row><entry VJ="1" colname="col1">§ 53a</entry><entry VJ="1" colname="col2">Ausschlüsse</entry></row><row><entry VJ="1" colname="col1">§ 54</entry><entry VJ="1" colname="col2">Anerkennung anderer Berufshaftpflichtversicherungen</entry></row><row><entry VJ="1" colname="col1">§ 55</entry><entry VJ="1" colname="col2">Nachweis des Versicherungsabschlusses</entry></row><row><entry VJ="1" colname="col1">§ 56</entry><entry VJ="1" colname="col2">Anzeige von Veränderungen</entry></row></tbody></tgroup></table></Content></text><fussnoten/></textdaten></norm>
<norm builddate="20260106215521" doknr="BJNR019220979BJNG000100314"><metadaten><jurabk>StBDV</jurabk><jurabk>DVStB</jurabk><gliederungseinheit><gliederungskennzahl>010</gliederungskennzahl><gliederungsbez>Erster Teil</gliederungsbez><gliederungstitel>Prüfungsordnung für Steuerberater
und Steuerbevollmächtigte</gliederungstitel></gliederungseinheit></metadaten><textdaten><text format="XML"><Content><P/></Content></text></textdaten></norm>
<norm builddate="20260106215521" doknr="BJNR019220979BJNE000804140"><metadaten><jurabk>StBDV</jurabk><jurabk>DVStB</jurabk><enbez>§ 1</enbez><titel format="XML">Zulassungsverfahren</titel></metadaten><textdaten><text format="XML"><Content><P>(1) Über die Anträge auf Zulassung zur Steuerberaterprüfung entscheidet die zuständige Steuerberaterkammer.</P><P>(2) Die Anträge auf Zulassung zur Prüfung sind bis zu einem von der zuständigen Steuerberaterkammer zu bestimmenden Zeitpunkt einzureichen. Der Antrag kann nur für die Teilnahme an der nächsten Prüfung gestellt werden.</P><P>(3) Die zuständige Steuerberaterkammer prüft die Angaben der Bewerber auf Vollständigkeit und Richtigkeit. Sie kann vor einer Entscheidung erforderlichenfalls weitere Ermittlungen anstellen.</P><P>(4) Über die Entscheidung hat die zuständige Steuerberaterkammer einen schriftlichen Bescheid zu erteilen.</P></Content></text><fussnoten/></textdaten></norm>
<norm builddate="20260106215521" doknr="BJNR019220979BJNE000902301"><metadaten><jurabk>StBDV</jurabk><jurabk>DVStB</jurabk><enbez>§ 2</enbez></metadaten><textdaten><text format="XML"><Content><P>(weggefallen)</P></Content></text><fussnoten/></textdaten></norm>
<norm builddate="20260106215521" doknr="BJNR019220979BJNE001001301"><metadaten><jurabk>StBDV</jurabk><jurabk>DVStB</jurabk><enbez>§ 3</enbez></metadaten><textdaten><text format="XML"><Content><P>-</P></Content></text><fussnoten/></textdaten></norm>
<norm builddate="20260106215521" doknr="BJNR019220979BJNE001104123"><metadaten><jurabk>StBDV</jurabk><jurabk>DVStB</jurabk><enbez>§ 4</enbez><titel format="XML">Antrag auf Zulassung zur Prüfung</titel></metadaten><textdaten><text format="XML"><Content><P>(1) Der Antrag auf Zulassung zur Prüfung ist nach amtlich vorgeschriebenem Vordruck zu stellen.</P><P>(2) Der Bewerber muß in dem Antrag angeben <DL Font="normal" Type="arabic"><DT>1.</DT><DD Font="normal"><LA Size="normal">Namen, Wohnsitz oder vorwiegenden Aufenthalt und Anschrift sowie Beruf und Ort der vorwiegend beruflichen Tätigkeit,</LA></DD><DT>2.</DT><DD Font="normal"><LA Size="normal">den Ort der beabsichtigten beruflichen Niederlassung,</LA></DD><DT>3.</DT><DD Font="normal"><LA Size="normal">ob und bei welcher Stelle er bereits früher einen Antrag auf Zulassung zur Prüfung eingereicht hat,</LA></DD><DT>4.</DT><DD Font="normal"><LA Size="normal">welche Staatsangehörigkeit er besitzt.</LA></DD></DL></P><P>(3) Dem Antrag sind beizufügen <DL Font="normal" Type="arabic"><DT>1.</DT><DD Font="normal"><LA Size="normal">ein Lebenslauf mit genauen Angaben über die Person und den beruflichen Werdegang,</LA></DD><DT>2.</DT><DD Font="normal"><LA Size="normal">beglaubigte Abschrift der Prüfungszeugnisse, Diplome und Befähigungsnachweise über die gesetzlichen Vorbildungsvoraussetzungen für die Prüfung als Steuerberater,</LA></DD><DT>3.</DT><DD Font="normal"><LA Size="normal">beglaubigte Abschrift der Zeugnisse über die bisherige berufliche Tätigkeit des Bewerbers, insbesondere mit Angaben über Art und Umfang der Tätigkeit auf dem Gebiet der von den Bundes- oder Landesfinanzbehörden verwalteten Steuern, und über bisher von ihm abgelegte einschlägige Prüfungen; Nachweise über die Arbeitszeit.</LA></DD></DL></P><P>(4) u. (5) (weggefallen)</P></Content></text><fussnoten/></textdaten></norm>
<norm builddate="20260106215521" doknr="BJNR019220979BJNE001210123"><metadaten><jurabk>StBDV</jurabk><jurabk>DVStB</jurabk><enbez>§ 5</enbez><titel format="XML">Sonstige Nachweise</titel></metadaten><textdaten><text format="XML"><Content><P>(1) Einem Antrag auf Zulassung zur Steuerberaterprüfung in verkürzter Form ist eine Bescheinigung der nach den Vorschriften der Wirtschaftsprüferordnung zuständigen Stelle darüber beizufügen, dass der Bewerber Wirtschaftsprüfer oder vereidigter Buchprüfer ist oder die Prüfung als Wirtschaftsprüfer oder vereidigter Buchprüfer bestanden hat.</P><P>(2) Einem Antrag auf Zulassung zur Eignungsprüfung ist zusätzlich zu den in § 4 Absatz 3 Nummer 1 und 2 genannten Unterlagen beizufügen: <DL Font="normal" Type="arabic"><DT>1.</DT><DD Font="normal"><LA Size="normal">ein Befähigungs- oder Ausbildungsnachweis im Sinne des § 37a Absatz 3 Satz 1 und 2 des Steuerberatungsgesetzes oder ein gleichgestellter Nachweis im Sinne des § 37a Absatz 3 Satz 3 und 4 des Steuerberatungsgesetzes,</LA></DD><DT>2.</DT><DD Font="normal"><LA Size="normal">sofern die Hilfeleistung in Steuersachen im Herkunftsstaat nicht reglementiert ist und soweit nach § 37a Absatz 3 Satz 5 bis 7 des Steuerberatungsgesetzes erforderlich, ein Nachweis, dass der Bewerber auf die Ausübung des Berufs vorbereitet wurde und in den vorhergehenden zehn Jahren mindestens ein Jahr in einem Umfang von sechzehn Wochenstunden steuerberatend tätig war,</LA></DD><DT>3.</DT><DD Font="normal"><LA Size="normal">ein Nachweis im Sinne des § 37a Absatz 4 Satz 5 und 6 des Steuerberatungsgesetzes über die erlangten Kenntnisse in den Prüfungsgebieten, die entfallen sollen.</LA></DD></DL></P><P>(3) Die beizufügenden Unterlagen sind in deutscher oder englischer Sprache einzureichen. Eine beglaubigte deutsche Übersetzung kann im begründeten Einzelfall angefordert werden.</P></Content></text><fussnoten/></textdaten></norm>
<norm builddate="20260106215521" doknr="BJNR019220979BJNE001303140"><metadaten><jurabk>StBDV</jurabk><jurabk>DVStB</jurabk><enbez>§ 6</enbez><titel format="XML">Zulassung zur Prüfung</titel></metadaten><textdaten><text format="XML"><Content><P>(1) Die Zulassung gilt nur für die Teilnahme an der nächsten Prüfung. Für eine spätere Prüfung bedarf es einer erneuten Zulassung.</P><P>(2) Hat der Bewerber die Zulassungsvoraussetzung einer mehrjährigen praktischen Tätigkeit auf dem Gebiet der von den Bundes- oder Landesfinanzbehörden verwalteten Steuern im Zeitpunkt der Entscheidung noch nicht voll erfüllt, so kann die Zulassung unter der Bedingung ausgesprochen werden, daß der Bewerber diese Zulassungsvoraussetzung spätestens bei Beginn der schriftlichen Prüfung erfüllt hat. Der Nachweis ist bis zu dem von der zuständigen Steuerberaterkammer zu bestimmenden Zeitpunkt zu erbringen.</P></Content></text><fussnoten/></textdaten></norm>
<norm builddate="20260106215521" doknr="BJNR019220979BJNE001403301"><metadaten><jurabk>StBDV</jurabk><jurabk>DVStB</jurabk><enbez>§ 7</enbez><titel format="parat">Antrag auf Erteilung einer verbindlichen Auskunft</titel></metadaten><textdaten><text format="XML"><Content><P>(1) Der Antrag auf Erteilung einer verbindlichen Auskunft ist nach amtlich vorgeschriebenem Vordruck zu stellen.</P><P>(2) Die verbindliche Auskunft bedarf der Schriftform. In die Auskunft ist ein Hinweis auf die mögliche Rechtsfolge nach Absatz 4 aufzunehmen.</P><P>(3) Betrifft die Auskunft eine noch nicht erfüllte Voraussetzung, so ist sie nur dann verbindlich, wenn sich der später verwirklichte Sachverhalt mit dem der Auskunft zugrunde gelegten deckt.</P><P>(4) Die Auskunft verliert ihre Verbindlichkeit, wenn die Rechtsvorschriften, auf denen sie beruht, geändert werden.</P><P>(5) Für das Verfahren sind die §§ 1, 4, 5 und 8 entsprechend anzuwenden.</P></Content>    </text><fussnoten/></textdaten></norm>
<norm builddate="20260106215521" doknr="BJNR019220979BJNE001503123"><metadaten><jurabk>StBDV</jurabk><jurabk>DVStB</jurabk><enbez>§ 8</enbez><titel format="XML">Antrag auf Befreiung von der Prüfung</titel></metadaten><textdaten><text format="XML"><Content><P>(1) § 1 Abs. 1 und § 4 gelten sinngemäß für einen Antrag auf Befreiung von der Prüfung nach § 38 des Steuerberatungsgesetzes mit der Maßgabe, daß der Bewerber in der Erklärung nach § 4 Abs. 2 Nr. 3 über etwaige frühere Anträge auf Zulassung zur Prüfung oder auf Befreiung von der Prüfung Auskunft zu geben hat.</P><P>(2) Der Bewerber hat dem Antrag auf Befreiung von der Prüfung an Stelle der in § 4 Abs. 3 Nr. 2 und 3 genannten Nachweise beizufügen <DL Font="normal" Type="arabic"><DT>1.</DT><DD Font="normal"><LA Size="normal">in den Fällen des § 38 Abs. 1 Nr. 1 des Steuerberatungsgesetzes die Bescheinigung einer deutschen Hochschule, der er angehört oder angehört hat, über Art und Dauer seiner Lehrtätigkeit auf dem Gebiet der von den Bundes- oder Landesfinanzbehörden verwalteten Steuern;</LA></DD><DT>2.</DT><DD Font="normal"><LA Size="normal">in den Fällen des § 38 Abs. 1 Nr. 2 bis 4 des Steuerberatungsgesetzes eine Bescheinigung<DL Font="normal" Type="arabic"><DT>a)</DT><DD Font="normal"><LA Size="normal">der letzten Dienstbehörde oder</LA></DD><DT>b)</DT><DD Font="normal"><LA Size="normal">des Fraktionsvorstands, wenn er bei einer Fraktion des Deutschen Bundestages angestellt gewesen ist,</LA></DD></DL></LA><LA Size="normal">über Art und Dauer seiner Tätigkeit auf dem Gebiet der von den Bundes- oder Landesfinanzbehörden verwalteten Steuern.</LA></DD></DL></P></Content></text><fussnoten/></textdaten></norm>
<norm builddate="20260106215521" doknr="BJNR019220979BJNE001601301"><metadaten><jurabk>StBDV</jurabk><jurabk>DVStB</jurabk><enbez>§ 9</enbez></metadaten><textdaten><text format="XML"><Content><P>(weggefallen)</P></Content></text><fussnoten/></textdaten></norm>
<norm builddate="20260106215521" doknr="BJNR019220979BJNE001705123"><metadaten><jurabk>StBDV</jurabk><jurabk>DVStB</jurabk><enbez>§ 10</enbez><titel format="XML">Berufung der Mitglieder der Prüfungsausschüsse</titel></metadaten><textdaten><text format="XML"><Content><P>(1) Die Mitglieder der Prüfungsausschüsse und ihre Stellvertreter sind durch die für die Finanzverwaltung zuständige oberste Landesbehörde für drei Jahre zu berufen. Eine Berufung in mehrere Prüfungsausschüsse ist zulässig. Stellvertretende Mitglieder müssen nicht einem einzelnen Mitglied des Prüfungsausschusses zugeordnet werden.</P><P>(2) Vor der Berufung eines Steuerberaters ist die Steuerberaterkammer zu hören, deren Mitglied der Steuerberater ist. Vor der Berufung eines Vertreters der Wirtschaft ist die für die Wirtschaft zuständige oberste Landesbehörde zu hören.</P><P>(3) Der Vorsitzende hat die Mitglieder des Prüfungsausschusses und ihre Stellvertreter, die nicht Beamte oder Angestellte der Finanzverwaltung sind, zur gewissenhaften Erfüllung ihrer Obliegenheiten zu verpflichten.</P></Content></text><fussnoten/></textdaten></norm>
<norm builddate="20260106215521" doknr="BJNR019220979BJNE001802123"><metadaten><jurabk>StBDV</jurabk><jurabk>DVStB</jurabk><enbez>§ 11</enbez><titel format="XML">Ende der Amtszeit der Mitglieder der Prüfungsausschüsse</titel></metadaten><textdaten><text format="XML"><Content><P>(1) Die Amtszeit der Mitglieder der Prüfungsausschüsse und ihrer Stellvertreter endet vor dem Ende ihrer regulären Amtszeit, sobald sie der Beendigung schriftlich oder elektronisch zugestimmt haben.</P><P>(2) Die Mitglieder der Prüfungsausschüsse können abberufen werden, wenn ein wichtiger Grund vorliegt. § 10 Absatz 2 gilt entsprechend.</P><P>(3) Die für die Finanzverwaltung zuständige oberste Landesbehörde kann im Einzelfall entscheiden, dass Mitglieder der Prüfungsausschüsse während ihrer Amtszeit begonnene Prüfungsverfahren nach Ablauf ihrer Amtszeit fortführen können.</P><P>(4) Endet eine Amtszeit vor deren regulärem Ende, wird ein Nachfolger nur für die verbleibende Amtszeit des ausgeschiedenen Mitglieds berufen.</P></Content></text><fussnoten/></textdaten></norm>
<norm builddate="20260106215521" doknr="BJNR019220979BJNE001902123"><metadaten><jurabk>StBDV</jurabk><jurabk>DVStB</jurabk><enbez>§ 12</enbez><titel format="XML">Rechtsstellung der Mitglieder der Prüfungsausschüsse</titel></metadaten><textdaten><text format="XML"><Content><P>(1) Die Mitglieder der Prüfungsausschüsse sind nicht weisungsgebunden. Sie dürfen die Zulassungs- und Prüfungsunterlagen einsehen.</P><P>(2) Die Mitglieder der Prüfungsausschüsse haben über Tatsachen, die ihnen in dieser Eigenschaft anvertraut oder bekannt geworden sind, Verschwiegenheit zu wahren.</P><P>(3) Die Mitglieder der Prüfungsausschüsse sind aus dem Gebührenaufkommen zu entschädigen.</P></Content></text><fussnoten/></textdaten></norm>
<norm builddate="20260106215521" doknr="BJNR019220979BJNE002002123"><metadaten><jurabk>StBDV</jurabk><jurabk>DVStB</jurabk><enbez>§ 13</enbez><titel format="XML">Entscheidungen der Prüfungsausschüsse</titel></metadaten><textdaten><text format="XML"><Content><P>(1) Die Prüfungsausschüsse entscheiden mit Stimmenmehrheit.</P><P>(2) Bei Stimmengleichheit entscheidet die Stimme des Vorsitzenden.</P></Content></text><fussnoten/></textdaten></norm>
<norm builddate="20260106215521" doknr="BJNR019220979BJNE002103140"><metadaten><jurabk>StBDV</jurabk><jurabk>DVStB</jurabk><enbez>§ 14</enbez><titel format="XML">Durchführung der Prüfungen</titel></metadaten><textdaten><text format="XML"><Content><P>(1) Die für die Finanzverwaltung zuständige oberste Landesbehörde setzt, in der Regel jährlich einmal, die Prüfung der zugelassenen Bewerber durch den Prüfungsausschuss im Einvernehmen mit den übrigen für die Finanzverwaltung zuständigen obersten Landesbehörden an.</P><P>(2) Die Prüfungen und die Beratungen des Prüfungsausschusses sind nicht öffentlich. An der mündlichen Prüfung können Vertreter der für die Finanzverwaltung zuständigen obersten Landesbehörde und des Vorstandes der zuständigen Steuerberaterkammer teilnehmen. Anderen Personen kann der Vorsitzende des Prüfungsausschusses die Anwesenheit gestatten.</P></Content></text><fussnoten/></textdaten></norm>
<norm builddate="20260106215521" doknr="BJNR019220979BJNE002202301"><metadaten><jurabk>StBDV</jurabk><jurabk>DVStB</jurabk><enbez>§ 15</enbez><titel format="parat">Prüfungsnoten, Gesamtnoten</titel></metadaten><textdaten><text format="XML"><Content><P>(1) Für die Bewertung der einzelnen Prüfungsleistungen werden sechs Notenstufen gebildet. Es bedeuten <BR/><table frame="none" tocentry="%yes;">
	<tgroup align="left" char="" charoff="50" cols="2" colsep="0" rowsep="0">
		<colspec colname="col1" colnum="1" colwidth="40*"/>
		<colspec colname="col2" colnum="2" colwidth="60*"/>
		<tbody valign="top">
			<row>
				<entry VJ="1" align="left" colsep="0" valign="top">Note 1 sehr gut</entry>
				<entry VJ="1" align="left" colsep="0" valign="top">eine hervorragende Leistung,</entry>
			</row>
			<row>
				<entry VJ="1" align="left" colsep="0" valign="top">Note 2 gut</entry>
				<entry VJ="1" align="left" colsep="0" valign="top">eine erheblich über dem Durchschnitt liegende Leistung,</entry>
			</row>
			<row>
				<entry VJ="1" align="left" colsep="0" valign="top">Note 3 befriedigend</entry>
				<entry VJ="1" align="left" colsep="0" valign="top">eine Leistung, die in jeder Hinsicht durchschnittlichen Anforderungen gerecht wird,</entry>
			</row>
			<row>
				<entry VJ="1" align="left" colsep="0" valign="top">Note 4 ausreichend</entry>
				<entry VJ="1" align="left" colsep="0" valign="top">eine Leistung, die, abgesehen von einzelnen Mängeln, durchschnittlichen Anforderungen entspricht,</entry>
			</row>
			<row>
				<entry VJ="1" align="left" colsep="0" valign="top">Note 5 mangelhaft</entry>
				<entry VJ="1" align="left" colsep="0" valign="top">eine an erheblichen Mängeln leidende, im ganzen nicht mehr brauchbare Leistung,</entry>
			</row>
			<row>
				<entry VJ="1" align="left" colsep="0" valign="top">Note 6 ungenügend</entry>
				<entry VJ="1" align="left" colsep="0" valign="top">eine völlig unbrauchbare Leistung.</entry>
			</row>
		</tbody>
	</tgroup>
</table> <BR/>Die Bewertung mit halben Zwischennoten ist zulässig.</P><P>(2) Gesamtnoten errechnen sich aus der Summe der einzelnen Noten, geteilt durch deren Zahl. Das Ergebnis ist auf zwei Dezimalstellen zu berechnen; die dritte Dezimalstelle bleibt unberücksichtigt.</P></Content> </text><fussnoten/></textdaten></norm>
<norm builddate="20260106215521" doknr="BJNR019220979BJNE002303123"><metadaten><jurabk>StBDV</jurabk><jurabk>DVStB</jurabk><enbez>§ 16</enbez><titel format="XML">Schriftliche Prüfung</titel></metadaten><textdaten><text format="XML"><Content><P>(1) Die schriftliche Prüfung besteht aus drei Aufsichtsarbeiten.</P><P>(2) Zwei Aufsichtsarbeiten sind den Prüfungsgebieten nach § 37 Abs. 3 Nr. 1 bis 4 des Steuerberatungsgesetzes und eine Aufsichtsarbeit den Gebieten der Buchführung und des Bilanzwesens zu entnehmen. Die Aufsichtsarbeiten können sich daneben jeweils auch auf andere Prüfungsgebiete erstrecken.</P><P>(3) In der Steuerberaterprüfung in Sonderfällen (§ 37a des Steuerberatungsgesetzes) sind die Aufsichtsarbeiten den Prüfungsgebieten nach § 37 Abs. 3 Nr. 1 bis 4 des Steuerberatungsgesetzes zu entnehmen. Absatz 2 Satz 2 gilt entsprechend.</P></Content></text><fussnoten/></textdaten></norm>
<norm builddate="20260106215521" doknr="BJNR019220979BJNE002402140"><metadaten><jurabk>StBDV</jurabk><jurabk>DVStB</jurabk><enbez>§ 17</enbez><titel format="XML">Ladung zur schriftlichen Prüfung</titel></metadaten><textdaten><text format="XML"><Content><P>Die zuständige Steuerberaterkammer lädt die Bewerber, die Aufsichtsarbeiten zu fertigen haben, spätestens einen Monat vor dem Tag der ersten Aufsichtsarbeit.</P></Content></text><fussnoten/></textdaten></norm>
<norm builddate="20260106215521" doknr="BJNR019220979BJNE002506123"><metadaten><jurabk>StBDV</jurabk><jurabk>DVStB</jurabk><enbez>§ 18</enbez><titel format="XML">Fertigung der Aufsichtsarbeiten</titel></metadaten><textdaten><text format="XML"><Content><P>(1) Die Prüfungsaufgaben der Aufsichtsarbeiten werden von der für die Finanzverwaltung zuständigen obersten Landesbehörde im Einvernehmen mit den übrigen für die Finanzverwaltung zuständigen obersten Landesbehörden gestellt. Sie bestimmt die zulässigen Hilfsmittel und die Bearbeitungszeit. Die Bearbeitungszeit soll für jede Arbeit mindestens vier und höchstens sechs Stunden betragen. Die zuständige Steuerberaterkammer bestimmt in der Ladung zur schriftlichen Prüfung, ob die Arbeiten mit der Anschrift und der Unterschrift des Bewerbers oder mit der zugeteilten Kennzahl zu versehen sind.</P><P>(2) Die Prüfungsaufgaben sind geheim zu halten. Sie sind von der zuständigen Steuerberaterkammer an den jeweiligen Prüfungstagen dem Aufsichtsführenden in der erforderlichen Anzahl zur Verteilung an die erschienenen Bewerber auszuhändigen.</P><P>(3) Die zuständige Steuerberaterkammer hat einem Bewerber, der wegen einer nachgewiesenen Behinderung bei der Fertigung der Aufsichtsarbeiten erheblich beeinträchtigt ist, auf Antrag einen seiner Behinderung entsprechenden Nachteilsausgleich zu gewähren. Die fachlichen Prüfungsanforderungen dürfen durch den Nachteilsausgleich nicht verändert werden. Der Antrag soll mit dem Antrag auf Zulassung zur Prüfung gestellt werden. Die zuständige Steuerberaterkammer kann die Vorlage eines amtsärztlichen Zeugnisses verlangen.</P></Content></text><fussnoten/></textdaten></norm>
<norm builddate="20260106215521" doknr="BJNR019220979BJNE002602140"><metadaten><jurabk>StBDV</jurabk><jurabk>DVStB</jurabk><enbez>§ 19</enbez><titel format="XML">Aufsicht</titel></metadaten><textdaten><text format="XML"><Content><P>(1) Die zuständige Steuerberaterkammer veranlaßt, daß die Aufsichtsarbeiten unter ständiger Aufsicht angefertigt werden.</P><P>(2) Der Aufsichtführende stellt am Prüfungstag die Personalien der erschienenen Bewerber fest. Sodann gibt er an jeden Bewerber die Prüfungsaufgabe aus. Er gibt den Beginn und das Ende der Bearbeitungszeit bekannt und hat darauf zu achten, daß die Arbeit spätestens am Ende der Bearbeitungszeit abgegeben wird und daß sie mit der Anschrift und der Unterschrift des Bewerbers oder mit der Kennzahl versehen ist.</P><P>(3) Der Aufsichtführende hat darauf zu achten, daß Bewerber sich nicht unerlaubter Hilfsmittel bedienen oder eines sonstigen Täuschungsversuchs schuldig machen.</P><P>(4) Der Aufsichtführende kann Bewerber wegen ungebührlichen Verhaltens aus dem Prüfungsraum weisen. Der Bewerber ist von der Fortsetzung der an diesem Prüfungstag anzufertigenden Aufsichtsarbeit ausgeschlossen.</P><P>(5) (weggefallen)</P></Content></text><fussnoten/></textdaten></norm>
<norm builddate="20260106215521" doknr="BJNR019220979BJNE002703140"><metadaten><jurabk>StBDV</jurabk><jurabk>DVStB</jurabk><enbez>§ 20</enbez><titel format="XML">Verhalten während der schriftlichen Prüfung</titel></metadaten><textdaten><text format="XML"><Content><P>(1) Die Bewerber haben die Aufsichtsarbeiten selbständig zu fertigen. Während der Bearbeitungszeit dürfen sie mit anderen Bewerbern nicht sprechen oder sich mit ihnen in anderer Weise verständigen. Sie dürfen nur die von der für die Finanzverwaltung zuständigen obersten Landesbehörde zugelassenen Hilfsmittel benutzen. Die zuständige Steuerberaterkammer kann anordnen, dass nur von ihr zur Verfügung gestellte Ausgaben der zugelassenen Hilfsmittel benutzt werden dürfen.</P><P>(2) Am Ende der Bearbeitungszeit haben die Bewerber die Arbeit abzugeben, auch wenn sie unvollendet ist. Die Arbeit ist mit der Anschrift und der Unterschrift des Bewerbers oder mit der Kennzahl zu versehen.</P><P>(3) Die Bewerber haben Anordnungen des Aufsichtführenden, die sich auf das Verhalten während der Prüfung beziehen, nachzukommen.</P><P>(4) Einwendungen gegen den Ablauf der Prüfung wegen Störungen, die durch äußere Einwirkungen verursacht worden sind, sind unverzüglich, spätestens bis zum Ende der Bearbeitungszeit der jeweiligen Aufsichtsarbeit, durch Erklärung gegenüber dem Aufsichtführenden geltend zu machen.</P></Content></text><fussnoten/></textdaten></norm>
<norm builddate="20260106215521" doknr="BJNR019220979BJNE002802140"><metadaten><jurabk>StBDV</jurabk><jurabk>DVStB</jurabk><enbez>§ 21</enbez><titel format="XML">Rücktritt von der Prüfung</titel></metadaten><textdaten><text format="XML"><Content><P>(1) Der Bewerber kann bis zum Ende der Bearbeitungszeit der letzten Aufsichtsarbeit durch Erklärung gegenüber der zuständigen Steuerberaterkammer oder dem Aufsichtsführenden von der Prüfung zurücktreten. Als Rücktritt gilt auch, wenn der Bewerber zu einer der Aufsichtsarbeiten nicht erscheint. In diesem Fall gilt die Prüfung als nicht abgelegt.</P><P>(2) Im Falle des Rücktritts ist die gesamte Prüfung erneut abzulegen.</P></Content></text><fussnoten/></textdaten></norm>
<norm builddate="20260106215521" doknr="BJNR019220979BJNE002901301"><metadaten><jurabk>StBDV</jurabk><jurabk>DVStB</jurabk><enbez>§ 22</enbez><titel format="parat">Niederschrift über die Aufsichtsarbeit</titel></metadaten><textdaten><text format="XML"><Content><P>Der Aufsichtführende hat an jedem Prüfungstag jeweils eine Niederschrift zu fertigen, in der insbesondere zu vermerken sind <DL Font="normal" Type="arabic"><DT>1.</DT><DD Font="normal"><LA Size="normal">der Beginn und das Ende der Bearbeitungszeit,</LA></DD> <DT>2.</DT><DD Font="normal"><LA Size="normal">etwa beobachtete Täuschungsversuche und sonstige Unregelmäßigkeiten,</LA></DD> <DT>3.</DT><DD Font="normal"><LA Size="normal">die Namen der Bewerber, die nicht erschienen sind, wegen ungebührlichen Verhaltens aus dem Prüfungsraum gewiesen worden sind oder keine Arbeit abgegeben haben,</LA></DD> <DT>4.</DT><DD Font="normal"><LA Size="normal">etwaige Einwendungen wegen Störung des Prüfungsablaufs (§ 20 Abs. 4) und eine Stellungnahme hierzu,</LA></DD> <DT>5.</DT><DD Font="normal"><LA Size="normal">etwaige Rücktritte von Bewerbern,</LA></DD> </DL></P></Content></text><fussnoten/></textdaten></norm>
<norm builddate="20260106215521" doknr="BJNR019220979BJNE003001301"><metadaten><jurabk>StBDV</jurabk><jurabk>DVStB</jurabk><enbez>§ 23</enbez><titel format="parat">Täuschungsversuche, Ordnungsverstöße</titel></metadaten><textdaten><text format="XML"><Content><P>(1) Unternimmt es ein Bewerber, das Ergebnis einer schriftlichen Arbeit durch Täuschung oder Benutzung nicht zugelassener Hilfsmittel zu beeinflussen, so kann der Prüfungsausschuß die Arbeit mit ungenügend bewerten. In schweren Fällen kann er den Bewerber von der Prüfung ausschließen.</P><P>(2) In Fällen schweren ungebührlichen Verhaltens kann der Prüfungsausschuß den Bewerber von der Prüfung ausschließen.</P><P>(3) Im Fall des Ausschlusses gilt die Prüfung als nicht bestanden, auch wenn der Bewerber von der Prüfung zurückgetreten ist.</P></Content>  </text><fussnoten/></textdaten></norm>
<norm builddate="20260106215521" doknr="BJNR019220979BJNE003102140"><metadaten><jurabk>StBDV</jurabk><jurabk>DVStB</jurabk><enbez>§ 24</enbez><titel format="XML">Bewertung der Aufsichtsarbeiten</titel></metadaten><textdaten><text format="XML"><Content><P>(1) Für die Bewertung der Aufsichtsarbeiten kann der Prüfungsausschuß mit Stimmenmehrheit auch Prüfer bestimmen, die stellvertretende Mitglieder des Prüfungsausschusses sind.</P><P>(2) Jede Aufsichtsarbeit ist von mindestens zwei Prüfern (Erst- und Zweitprüfer) persönlich zu bewerten. Dem Zweitprüfer kann die Bewertung des Erstprüfers mitgeteilt werden; dies gilt entsprechend, wenn weitere Prüfer bestimmt sind.</P><P>(3) Weichen die Bewertungen einer Arbeit nicht voneinander ab, gilt der von den Prüfern übereinstimmend ermittelte Notenvorschlag als Note des Prüfungsausschusses. Bei Abweichungen sind die Prüfer gehalten, sich auf übereinstimmende Notenvorschläge zu einigen.</P><P>(4) Können sich die Prüfer nicht auf einen gemeinsamen Notenvorschlag einigen, setzt der Prüfungsausschuß die Note fest.</P><P>(5) Abweichend von den Absätzen 3 und 4 kann der Prüfungsausschuß in allen Fällen die Note festsetzen.</P><P>(6) Eine vom Bewerber nicht abgegebene Arbeit ist mit &quot;ungenügend&quot; zu bewerten.</P></Content></text><fussnoten/></textdaten></norm>
<norm builddate="20260106215521" doknr="BJNR019220979BJNE003205123"><metadaten><jurabk>StBDV</jurabk><jurabk>DVStB</jurabk><enbez>§ 25</enbez><titel format="XML">Ergebnis der schriftlichen Prüfung und Ausschluss von der mündlichen Prüfung</titel></metadaten><textdaten><text format="XML"><Content><P>(1) Für die schriftliche Prüfung wird eine Gesamtnote gebildet.</P><P>(2) Der Bewerber ist von der mündlichen Prüfung ausgeschlossen, wenn die Gesamtnote für die schriftliche Prüfung die Zahl 4,5 übersteigt; er hat die Prüfung nicht bestanden.</P><P>(3) Die für die Finanzverwaltung zuständige oberste Landesbehörde, vertreten durch die zuständige Steuerberaterkammer, hat Bewerber, die die Prüfung nach Absatz 2 nicht bestanden haben, schriftlich unter Angabe der Einzelnoten der Aufsichtsarbeiten und der Gesamtnote für die schriftliche Prüfung zu bescheiden.</P></Content></text><fussnoten/></textdaten></norm>
<norm builddate="20260106215521" doknr="BJNR019220979BJNE003305123"><metadaten><jurabk>StBDV</jurabk><jurabk>DVStB</jurabk><enbez>§ 26</enbez><titel format="XML">Mündliche Prüfung</titel></metadaten><textdaten><text format="XML"><Content><P>(1) Die zuständige Steuerberaterkammer hat die Bewerber, die an der mündlichen Prüfung teilnehmen, hierzu spätestens zwei Wochen vorher zu laden. Mit der Ladung sind die Einzelnoten der Aufsichtsarbeiten und die Gesamtnote für die schriftliche Prüfung mitzuteilen. § 18 Absatz 3 findet entsprechende Anwendung.</P><P>(2) Der Vorsitzende des Prüfungsausschusses leitet die mündliche Prüfung. Er ist berechtigt, jederzeit in die Prüfung einzugreifen.</P><P>(3) Die mündliche Prüfung besteht aus einem kurzen Vortrag des Bewerbers über einen Gegenstand der in § 37 Abs. 3 des Steuerberatungsgesetzes genannten Prüfungsgebiete und aus sechs Prüfungsabschnitten. In den Prüfungsabschnitten sind an den Bewerber Fragen aus den Prüfungsgebieten zu stellen. Prüfungsabschnitt ist jeweils die gesamte Prüfungstätigkeit eines Mitglieds des Prüfungsausschusses während der mündlichen Prüfung.</P><P>(4) In der Steuerberaterprüfung in verkürzter Form (§ 37a Abs. 1 des Steuerberatungsgesetzess) sind der Gegenstand des Vortrags und die Fragen an die Bewerber den in § 37 Abs. 3 Nr. 1 bis 4 und 8 des Steuerberatungsgesetzes genannten Prüfungsgebieten zu entnehmen.</P><P>(5) In der Eignungsprüfung (§ 37a Abs. 2 des Steuerberatungsgesetzes) sind der Gegenstand des Vortrags und die Fragen an den Bewerber den in § 37 Abs. 3 des Steuerberatungsgesetzes genannten Prüfungsgebieten zu entnehmen, soweit sie nicht gemäß § 37a Abs. 4 Satz 4 des Steuerberatungsgesetzes entfallen.</P><P>(6) Für den Vortrag über den Fachgegenstand werden dem Bewerber eine halbe Stunde vor Beginn der Prüfung drei Themen zur Wahl gestellt.</P><P>(7) Die auf jeden Bewerber entfallende Prüfungszeit soll neunzig Minuten nicht überschreiten.</P><P>(8) Einwendungen gegen den Ablauf der Vorbereitung auf den Vortrag oder der mündlichen Prüfung wegen Störungen, die durch äußere Einwirkungen verursacht worden sind, sind unverzüglich, spätestens bis zum Ende der mündlichen Prüfung, durch Erklärung gegenüber dem Aufsichtführenden oder dem Vorsitzenden des Prüfungsausschusses geltend zu machen. § 23 ist auf die mündliche Prüfung entsprechend anzuwenden.</P></Content></text><fussnoten/></textdaten></norm>
<norm builddate="20260106215521" doknr="BJNR019220979BJNE003400314"><metadaten><jurabk>StBDV</jurabk><jurabk>DVStB</jurabk><enbez>§ 27</enbez><titel format="parat">Bewertung der mündlichen Prüfung</titel></metadaten><textdaten><text format="XML"><Content><P>(1) In der mündlichen Prüfung werden der Vortrag und jeder Prüfungsabschnitt gesondert bewertet.</P><P>(2) Die Noten werden vom Prüfungsausschuß festgesetzt.</P><P>(3) Für die mündliche Prüfung wird eine Gesamtnote gebildet.</P></Content>  </text></textdaten></norm>
<norm builddate="20260106215521" doknr="BJNR019220979BJNE003502140"><metadaten><jurabk>StBDV</jurabk><jurabk>DVStB</jurabk><enbez>§ 28</enbez><titel format="XML">Ergebnis der Prüfung, Wiederholung der Prüfung</titel></metadaten><textdaten><text format="XML"><Content><P>(1) Im unmittelbaren Anschluß an die mündliche Prüfung berät der Prüfungsausschuß über das Ergebnis der Prüfung. Die Prüfung ist bestanden, wenn die durch zwei geteilte Summe aus den Gesamtnoten für die schriftliche und die mündliche Prüfung die Zahl 4,15 nicht übersteigt. Der Vorsitzende eröffnet hierauf den Bewerbern, ob sie die Prüfung nach der Entscheidung des Prüfungsausschusses bestanden haben; er handelt insoweit als Vertreter der für die Finanzverwaltung zuständigen obersten Landesbehörde. Noten werden nicht erteilt.</P><P>(2) Hat der Bewerber die Prüfung nicht bestanden, kann er eine Bekanntgabe der tragenden Gründe der Entscheidung verlangen.</P><P>(3) Für die Wiederholung bedarf es einer erneuten Zulassung.</P></Content></text><fussnoten/></textdaten></norm>
<norm builddate="20260106215521" doknr="BJNR019220979BJNE006901140"><metadaten><jurabk>StBDV</jurabk><jurabk>DVStB</jurabk><enbez>§ 29</enbez><titel format="XML">Überdenken der Prüfungsbewertung</titel></metadaten><textdaten><text format="XML"><Content><P>(1) Die Prüfer sind verpflichtet, ihre Bewertung der Prüfungsleistungen zu überdenken, wenn dies von einem Bewerber, der die Prüfung nicht bestanden hat, mit begründeten Einwendungen bei der zuständigen Steuerberaterkammer schriftlich beantragt wird und die Entscheidung über das Ergebnis der Prüfung noch nicht bestandskräftig ist. Die Frist zur Erhebung einer Anfechtungsklage nach § 47 der Finanzgerichtsordnung wird dadurch nicht berührt.</P><P>(2) Das Ergebnis des Überdenkens teilt die zuständige Steuerberaterkammer dem Antragsteller schriftlich mit.</P></Content></text><fussnoten/></textdaten></norm>
<norm builddate="20260106215521" doknr="BJNR019220979BJNE003601301"><metadaten><jurabk>StBDV</jurabk><jurabk>DVStB</jurabk><enbez>§ 30</enbez><titel format="parat">Nichtteilnahme an der mündlichen Prüfung</titel></metadaten><textdaten><text format="XML"><Content><P>(1) Die mündliche Prüfung gilt als nicht abgelegt, wenn der Bewerber aus einem von ihm nicht zu vertretenden Grund an der Ablegung der Prüfung verhindert ist. Eine Erkrankung ist auf Verlangen durch ein amtsärztliches Zeugnis nachzuweisen.</P><P>(2) Hat ein Bewerber aus einem von ihm nicht zu vertretenden Grund nicht an der mündlichen Prüfung teilgenommen, so kann sie nachgeholt werden.</P><P>(3) Versäumt ein Bewerber die mündliche Prüfung ohne ausreichende Entschuldigung, so gilt die Prüfung als nicht bestanden.</P></Content>  </text><fussnoten/></textdaten></norm>
<norm builddate="20260106215521" doknr="BJNR019220979BJNE003702123"><metadaten><jurabk>StBDV</jurabk><jurabk>DVStB</jurabk><enbez>§ 31</enbez><titel format="XML">Niederschrift über die mündliche Prüfung</titel></metadaten><textdaten><text format="XML"><Content><P>(1) Über die Prüfung ist eine Niederschrift zu fertigen. Aus ihr müssen ersichtlich sein <DL Font="normal" Type="arabic"><DT>1.</DT><DD Font="normal"><LA Size="normal">die Namen der anwesenden Personen,</LA></DD><DT>2.</DT><DD Font="normal"><LA Size="normal">für jeden Bewerber die Bewertung des Vortrags und jedes Prüfungsabschnitts,</LA></DD><DT>3.</DT><DD Font="normal"><LA Size="normal">das Ergebnis der Prüfung und seine Bekanntgabe an die Bewerber,</LA></DD><DT>4.</DT><DD Font="normal"><LA Size="normal">ein Begehren nach § 28 Abs. 2 und die Behandlung des Begehrens durch den Prüfungsausschuss,</LA></DD><DT>5.</DT><DD Font="normal"><LA Size="normal">besondere Vorkommnisse.</LA></DD></DL></P><P>(2) Ein Auszug aus der Niederschrift ist zu den Akten des Bewerbers zu nehmen.</P></Content></text><fussnoten/></textdaten></norm>
<norm builddate="20260106215521" doknr="BJNR019220979BJNE003905123"><metadaten><jurabk>StBDV</jurabk><jurabk>DVStB</jurabk><enbez>§ 32</enbez><titel format="XML">Aufbewahrungspflichten</titel></metadaten><textdaten><text format="XML"><Content><P>(1) Die Aufsichtsarbeiten sind bei der zuständigen Steuerberaterkammer für die Dauer von mindestens zwei Jahren nach Eintritt der Bestandskraft der Prüfungsentscheidung aufzubewahren. In den Fällen des § 21 Absatz 1 besteht keine Aufbewahrungspflicht.</P><P>(2) Die Anträge auf Zulassung, auf Befreiung, auf verbindliche Auskunft, die Prüfungsunterlagen der einzelnen Bewerber und die Unterlagen zu den Entscheidungen über die Anträge und Prüfungen sind bei der zuständigen Steuerberaterkammer für die Dauer von mindestens zehn Jahren nach Eintritt der Bestandskraft der Verwaltungsentscheidung aufzubewahren.</P><P>(3) Ein Nachweis über das Bestehen oder über die Befreiung von der Prüfung ist bei der zuständigen Steuerberaterkammer für die Dauer von mindestens 50 Jahren nach Eintritt der Bestandskraft der Verwaltungsentscheidung aufzubewahren.</P><P>(4) Die in den Absätzen 1 bis 3 genannten Dokumente können auch elektronisch aufbewahrt werden.</P></Content></text><fussnoten/></textdaten></norm>
<norm builddate="20260106215521" doknr="BJNR019220979BJNE004001301"><metadaten><jurabk>StBDV</jurabk><jurabk>DVStB</jurabk><enbez>§ 33</enbez></metadaten><textdaten><text format="XML"><Content><P>-</P></Content></text><fussnoten/></textdaten></norm>
<norm builddate="20260106215521" doknr="BJNR019220979BJNG000200314"><metadaten><jurabk>StBDV</jurabk><jurabk>DVStB</jurabk><gliederungseinheit><gliederungskennzahl>020</gliederungskennzahl><gliederungsbez>Zweiter Teil</gliederungsbez><gliederungstitel>Bestellung als Steuerberater oder
Steuerbevollmächtigter</gliederungstitel></gliederungseinheit></metadaten><textdaten><text format="XML"><Content><P/></Content></text></textdaten></norm>
<norm builddate="20260106215521" doknr="BJNR019220979BJNE004105123"><metadaten><jurabk>StBDV</jurabk><jurabk>DVStB</jurabk><enbez>§ 34</enbez><titel format="XML">Bestellungsverfahren</titel></metadaten><textdaten><text format="XML"><Content><P>(1) Über den Antrag auf Bestellung als Steuerberater entscheidet die zuständige Steuerberaterkammer.</P><P>(2) Der Antrag auf Bestellung ist nach amtlich vorgeschriebenem Vordruck zu stellen.</P><P>(3) Der Bewerber muss in dem Antrag angeben: <DL Font="normal" Type="arabic"><DT>1.</DT><DD Font="normal"><LA Size="normal">Name, Wohnsitz oder vorwiegenden Aufenthalt und Anschrift sowie Beruf und Ort der beruflichen Tätigkeit,</LA></DD><DT>2.</DT><DD Font="normal"><LA Size="normal">den Ort der beabsichtigten beruflichen Niederlassung,</LA></DD><DT>3.</DT><DD Font="normal"><LA Size="normal">wann und bei welcher Stelle er die Steuerberaterprüfung bestanden hat bzw. von der Prüfung befreit wurde,</LA></DD><DT>4.</DT><DD Font="normal"><LA Size="normal">ob und bei welcher Stelle er bereits früher einen Antrag auf Bestellung eingereicht hat,</LA></DD><DT>5.</DT><DD Font="normal"><LA Size="normal">ob er sich in geordneten wirtschaftlichen Verhältnissen befindet,</LA></DD><DT>6.</DT><DD Font="normal"><LA Size="normal">ob er innerhalb der letzten zwölf Monate strafgerichtlich verurteilt worden ist und ob gegen ihn ein gerichtliches Strafverfahren oder ein Ermittlungsverfahren anhängig ist; Entsprechendes gilt für berufsaufsichtliche Verfahren sowie für Bußgeldverfahren nach der Abgabenordnung und nach dem Steuerberatungsgesetz,</LA></DD><DT>7.</DT><DD Font="normal"><LA Size="normal">ob und gegebenenfalls welche Tätigkeit er nach seiner Bestellung neben dem Beruf als Steuerberater weiter ausüben oder übernehmen will,</LA></DD><DT>8.</DT><DD Font="normal"><LA Size="normal">dass er bei der Meldebehörde die Erteilung eines Führungszeugnisses zur Vorlage bei der zuständigen Steuerberaterkammer beantragt hat.</LA></DD></DL>Ein Bewerber, der nach § 38 Abs. 1 des Steuerberatungsgesetzes von der Prüfung befreit wurde, muss außerdem eine Erklärung darüber abgeben, ob innerhalb der letzten zwölf Monate disziplinarrechtliche Maßnahmen gegen ihn verhängt worden sind und ob disziplinarrechtliche Ermittlungen gegen ihn anhängig sind oder innerhalb der letzten zwölf Monate anhängig waren.</P><P>(4) Dem Antrag ist eine beglaubigte Abschrift der Bescheinigung der zuständigen Stelle über die erfolgreich abgelegte Steuerberaterprüfung oder die Befreiung von dieser Prüfung beizulegen. Ist der Bewerber Rechtsanwalt, niedergelassener europäischer Rechtsanwalt, Wirtschaftsprüfer oder vereidigter Buchprüfer, so hat er außerdem eine Bescheinigung der für ihn zuständigen Berufsorganisation oder sonst zuständigen Stelle beizufügen, dass keine Tatsachen bekannt sind, die die Rücknahme oder den Widerruf der Zulassung oder Bestellung oder die Einleitung eines berufsaufsichtlichen Verfahrens gegen ihn rechtfertigen.</P><P>(5) Die Steuerberaterkammer prüft die Angaben des Bewerbers auf Vollständigkeit und Richtigkeit. Sie kann vor einer Entscheidung erforderlichenfalls weitere Ermittlungen anstellen.</P></Content></text><fussnoten/></textdaten></norm>
<norm builddate="20260106215521" doknr="BJNR019220979BJNE004202301"><metadaten><jurabk>StBDV</jurabk><jurabk>DVStB</jurabk><enbez>§ 35</enbez><titel format="parat">Berufsurkunde</titel></metadaten><textdaten><text format="XML"><Content><P>Die Berufsurkunde enthält <DL Font="normal" Type="arabic"><DT>1.</DT><DD Font="normal"><LA Size="normal">die Bezeichnung der bestellenden Steuerberaterkammer,</LA></DD> <DT>2.</DT><DD Font="normal"><LA Size="normal">Ort und Datum der Ausstellung,</LA></DD> <DT>3.</DT><DD Font="normal"><LA Size="normal">Namen, Geburtsort und Geburtsdatum des Bewerbers,</LA></DD> <DT>4.</DT><DD Font="normal"><LA Size="normal">die Erklärung, daß der Bewerber als Steuerberater oder Steuerbevollmächtigter bestellt wird,</LA></DD> <DT>5.</DT><DD Font="normal"><LA Size="normal">Dienstsiegel und</LA></DD> <DT>6.</DT><DD Font="normal"><LA Size="normal">Unterschrift.</LA></DD> </DL>Weitere Berufsbezeichnungen des Bewerbers sind in die Berufsurkunde nicht aufzunehmen. Akademische Grade oder staatlich verliehene Graduierungen sind nur aufzunehmen, wenn sie nachgewiesen worden sind.</P></Content></text><fussnoten/></textdaten></norm>
<norm builddate="20260106215521" doknr="BJNR019220979BJNE004301301"><metadaten><jurabk>StBDV</jurabk><jurabk>DVStB</jurabk><enbez>§ 36</enbez></metadaten><textdaten><text format="XML"><Content><P>(weggefallen)</P></Content></text><fussnoten/></textdaten></norm>
<norm builddate="20260106215521" doknr="BJNR019220979BJNE004403301"><metadaten><jurabk>StBDV</jurabk><jurabk>DVStB</jurabk><enbez>§ 37</enbez></metadaten><textdaten><text format="XML"><Content><P>(weggefallen)</P></Content></text><fussnoten/></textdaten></norm>
<norm builddate="20260106215521" doknr="BJNR019220979BJNE004504123"><metadaten><jurabk>StBDV</jurabk><jurabk>DVStB</jurabk><enbez>§ 38</enbez><titel format="XML">Wiederbestellung</titel></metadaten><textdaten><text format="XML"><Content><P>(1) Über den Antrag auf Wiederbestellung als Steuerberater oder Steuerbevollmächtigter entscheidet die zuständige Steuerberaterkammer.</P><P>(2) Der Antrag auf Wiederbestellung ist nach amtlich vorgeschriebenem Vordruck zu stellen. § 34 Abs. 3 bis 5 gilt entsprechend.</P><P>(3) Die bestellende Steuerberaterkammer prüft, ob die Voraussetzungen des § 40 Abs. 2 und 3 des Steuerberatungsgesetzes gegeben sind. Vor der Entscheidung ist die Steuerberaterkammer zu hören, der der Bewerber im Zeitpunkt des Erlöschens oder des Widerrufs der Bestellung angehört hat. § 40 Abs. 4 des Steuerberatungsgesetzes ist sinngemäß anzuwenden.</P><P>(4) Unter den Voraussetzungen des § 48 des Steuerberatungsgesetzes können auch Personen wiederbestellt werden, die ohne nochmalige Bestellung die Eigenschaft als Steuerberater oder Steuerbevollmächtigter erlangt hatten (§ 154 Abs. 1 und 3 des Steuerberatungsgesetzes in der bis zum 30. Juni 2000 geltenden Fassung).</P></Content></text><fussnoten/></textdaten></norm>
<norm builddate="20260106215521" doknr="BJNR019220979BJNE004601301"><metadaten><jurabk>StBDV</jurabk><jurabk>DVStB</jurabk><enbez>§ 39</enbez></metadaten><textdaten><text format="XML"><Content><P>(weggefallen)</P></Content></text><fussnoten/></textdaten></norm>
<norm builddate="20260106215521" doknr="BJNR019220979BJNG000301123"><metadaten><jurabk>StBDV</jurabk><jurabk>DVStB</jurabk><gliederungseinheit><gliederungskennzahl>030</gliederungskennzahl><gliederungsbez>Dritter Teil</gliederungsbez><gliederungstitel>Anerkennung als Berufsausübungsgesellschaft</gliederungstitel></gliederungseinheit></metadaten><textdaten><text format="XML"><Content><P/></Content></text><fussnoten/></textdaten></norm>
<norm builddate="20260106215521" doknr="BJNR019220979BJNE004703123"><metadaten><jurabk>StBDV</jurabk><jurabk>DVStB</jurabk><enbez>§ 40</enbez><titel format="XML">Verfahren</titel></metadaten><textdaten><text format="XML"><Content><P>(1) Der Antrag auf Anerkennung als Berufsausübungsgesellschaft ist schriftlich bei der Steuerberaterkammer einzureichen, in deren Kammerbezirk die Berufsausübungsgesellschaft ihren Sitz hat. In dem Antrag sind anzugeben: <DL Font="normal" Type="arabic"><DT>1.</DT><DD Font="normal"><LA Size="normal">Name, Beruf und berufliche Niederlassung der Personen, die die Berufsausübungsgesellschaft verantwortlich führen (§ 55b des Steuerberatungsgesetzes), sowie</LA></DD><DT>2.</DT><DD Font="normal"><LA Size="normal">Name, Beruf und berufliche Niederlassung der Gesellschafter der Berufsausübungsgesellschaft (§ 50 Absatz 1 des Steuerberatungsgesetzes).</LA></DD></DL></P><P>(2) Die zuständige Steuerberaterkammer prüft anhand des Gesellschaftsvertrages oder der Satzung, ob die Voraussetzungen nach § 53 Absatz 2 des Steuerberatungsgesetzes erfüllt sind.</P><P>(3) Liegen die Voraussetzungen für die Anerkennung vor, hat die zuständige Steuerberaterkammer die Berufsausübungsgesellschaft durch Ausstellung einer Urkunde nach § 54 Absatz 4 des Steuerberatungsgesetzes als Berufsausübungsgesellschaft anzuerkennen. Vor Eintragung in das Handels- und Partnerschaftsregister kann die zuständige Steuerberaterkammer bereits bestätigen, dass bis auf die Eintragung in das Handels- und Partnerschaftsregister alle Voraussetzungen für die Anerkennung vorliegen.</P><P>(4) Über die Ablehnung des Antrags ist ein schriftlicher Bescheid zu erteilen.</P></Content></text><fussnoten/></textdaten></norm>
<norm builddate="20260106215521" doknr="BJNR019220979BJNE004804123"><metadaten><jurabk>StBDV</jurabk><jurabk>DVStB</jurabk><enbez>§ 41</enbez><titel format="XML">Anerkennungsurkunde</titel></metadaten><textdaten><text format="XML"><Content><P>Die Anerkennungsurkunde enthält <DL Font="normal" Type="arabic"><DT>1.</DT><DD Font="normal"><LA Size="normal">die Bezeichnung der anerkennenden Steuerberaterkammer,</LA></DD><DT>2.</DT><DD Font="normal"><LA Size="normal">Ort und Datum der Anerkennung,</LA></DD><DT>3.</DT><DD Font="normal"><LA Size="normal">Firma oder Name der Berufsausübungsgesellschaft,</LA></DD><DT>4.</DT><DD Font="normal"><LA Size="normal">die Anerkennung als Berufsausübungsgesellschaft,</LA></DD><DT>5.</DT><DD Font="normal"><LA Size="normal">Dienstsiegel und</LA></DD><DT>6.</DT><DD Font="normal"><LA Size="normal">Unterschrift.</LA></DD></DL>Außer der Firma oder dem Namen sind keine weiteren Bezeichnungen der Berufsausübungsgesellschaft in die Anerkennungsurkunde aufzunehmen.</P></Content></text><fussnoten/></textdaten></norm>
<norm builddate="20260106215521" doknr="BJNR019220979BJNG000401301"><metadaten><jurabk>StBDV</jurabk><jurabk>DVStB</jurabk><gliederungseinheit><gliederungskennzahl>040</gliederungskennzahl><gliederungsbez>Vierter Teil</gliederungsbez><gliederungstitel>Verleihung der Berechtigung zur Führung
der Bezeichnung &quot;Landwirtschaftliche Buchstelle&quot;</gliederungstitel></gliederungseinheit></metadaten><textdaten><text format="XML"><Content><P/></Content></text><fussnoten/></textdaten></norm>
<norm builddate="20260106215521" doknr="BJNR019220979BJNE007001123"><metadaten><jurabk>StBDV</jurabk><jurabk>DVStB</jurabk><enbez>§ 42</enbez><titel format="XML">Nachweis der besonderen Sachkunde</titel></metadaten><textdaten><text format="XML"><Content><P>(1) Der Antrag auf Verleihung der Berechtigung zur Führung der Bezeichnung &quot;Landwirtschaftliche Buchstelle&quot; ist bei der Steuerberaterkammer zu stellen, in deren Kammerbezirk sich die berufliche Niederlassung des Antragstellers befindet.</P><P>(2) Der Antrag muss genaue Angaben über den beruflichen Werdegang und die bisherige berufliche Tätigkeit des Antragstellers enthalten. In dem Antrag ist anzugeben, ob der Antragsteller die besondere Sachkunde durch eine mündliche Prüfung vor dem Sachkunde-Ausschuss nachweisen oder von dieser Prüfung befreit werden will; erforderliche Nachweise sind dem Antrag beizufügen.</P><P>(3) Die mündliche Prüfung erstreckt sich auf folgende Gebiete: <DL Font="normal" Type="arabic"><DT>1.</DT><DD Font="normal"><LA Size="normal">steuerliche Besonderheiten der Land- und Forstwirtschaft,</LA></DD><DT>2.</DT><DD Font="normal"><LA Size="normal">Höferecht (Anerbenrecht) bzw. erbrechtliche Bestimmungen des Bürgerlichen Gesetzbuchs,</LA></DD><DT>3.</DT><DD Font="normal"><LA Size="normal">Landpachtrecht,</LA></DD><DT>4.</DT><DD Font="normal"><LA Size="normal">Grundstücksverkehrsrecht,</LA></DD><DT>5.</DT><DD Font="normal"><LA Size="normal">Grundlagen des Agrarkreditwesens,</LA></DD><DT>6.</DT><DD Font="normal"><LA Size="normal">landwirtschaftliche Betriebswirtschaft einschließlich Rechnungswesen und Statistik.</LA></DD></DL>Nicht erforderlich ist, dass alle Gebiete Gegenstand der Prüfung sind. Die auf jeden Antragsteller entfallende Prüfungszeit soll sechzig Minuten nicht übersteigen.</P><P>(4) Die Steuerberaterkammer hat die Antragsteller, die an der mündlichen Prüfung teilnehmen, hierzu spätestens zwei Wochen vorher zu laden.</P><P>(5) Die mündliche Prüfung wird vom Vorsitzenden des Sachkunde-Ausschusses geleitet. Er ist berechtigt, jederzeit in die Prüfung einzugreifen. Im unmittelbaren Anschluss an die mündliche Prüfung berät der Sachkunde-Ausschuss über das Ergebnis der Prüfung. Der Vorsitzende eröffnet hierauf den Antragstellern, ob sie die Prüfung nach der Entscheidung des Sachkunde-Ausschusses bestanden haben; eine Note wird nicht erteilt.</P><P>(6) Für die Befreiung von der mündlichen Prüfung hat der Antragsteller neben einer einschlägigen Ausbildung nachzuweisen, dass er vor der Antragstellung mindestens fünf buchführende land- und forstwirtschaftliche Betriebe drei Jahre lang steuerlich beraten hat. Die steuerliche Beratung kann auch im Rahmen einer Tätigkeit als Angestellter nach § 58 des Steuerberatungsgesetzes erfolgt sein.</P><P>(7) Einschlägig im Sinne des § 44 Abs. 2 Satz 2 des Steuerberatungsgesetzes ist eine Ausbildung, die Kenntnisse auf den in Absatz 3 genannten Gebieten vermittelt. Dazu rechnen insbesondere <DL Font="normal" Type="arabic"><DT>1.</DT><DD Font="normal"><LA Size="normal">ein erfolgreich abgeschlossenes Hochschulstudium der Agrarwissenschaften oder</LA></DD><DT>2.</DT><DD Font="normal"><LA Size="normal">sonstige Ausbildungsgänge im Sinne des Satzes 1, die mit einer Prüfung abgeschlossen werden.</LA></DD></DL>Die Teilnahme an einem fachbezogenen Seminar bzw. Lehrgang ohne Abschlussprüfung oder sonstigen Leistungsnachweis der einzelnen Teilnehmer reicht nicht aus.</P><P>(8) Nachweise über eine einschlägige Ausbildung und über die praktische Tätigkeit im Sinne des § 44 Abs. 2 Satz 2 des Steuerberatungsgesetzes sind dem Antrag beizufügen. Antrag und Nachweise hat die Steuerberaterkammer der für die Landwirtschaft zuständigen obersten Landesbehörde oder der von ihr benannten Behörde und, soweit der Antragsteller Rechtsanwalt oder niedergelassener europäischer Rechtsanwalt ist, der für die berufliche Niederlassung zuständigen Rechtsanwaltskammer zur Stellungnahme zuzuleiten.</P><P>(9) Über die Ablehnung eines Antrags auf Befreiung von der mündlichen Prüfung ist ein schriftlicher Bescheid zu erteilen.</P></Content></text><fussnoten/></textdaten></norm>
<norm builddate="20260106215521" doknr="BJNR019220979BJNE005003123"><metadaten><jurabk>StBDV</jurabk><jurabk>DVStB</jurabk><enbez>§ 43</enbez><titel format="XML">Sachkunde-Ausschuss</titel></metadaten><textdaten><text format="XML"><Content><P>(1) Die mündliche Prüfung wird vor einem Sachkunde-Ausschuss abgelegt, der bei der Steuerberaterkammer zu bilden ist.</P><P>(2) Die Prüfung kann auch einem Sachkunde-Ausschuss übertragen werden, der bei einer anderen Steuerberaterkammer besteht. Die mit der Abnahme der mündlichen Prüfung verbundenen Aufgaben werden im Falle der Übertragung nach Satz 1 von der anderen Steuerberaterkammer wahrgenommen. Diese erhält auch die Gebühr nach § 44 Abs. 8 des Steuerberatungsgesetzes.</P><P>(3) Dem Sachkunde-Ausschuss gehören an</P><P><DL Font="normal" Type="arabic"><DT>1.</DT><DD Font="normal"><LA Size="normal">zwei Vertreter der Steuerberaterkammer, davon einer als Vorsitzender,</LA></DD><DT>2.</DT><DD Font="normal"><LA Size="normal">ein Vertreter der für die Landwirtschaft zuständigen obersten Landesbehörde oder einer von ihr benannten Behörde.</LA></DD></DL></P><P>(4) Die Mitglieder des Sachkunde-Ausschusses und ihre Stellvertreter sind durch die Steuerberaterkammer für drei Jahre zu berufen. § 10 Absatz 3 und die §§ 11 bis 13 Absatz 1 gelten mit Ausnahme des § 11 Absatz 2 Satz 2 entsprechend. Vor der Berufung oder Abberufung eines Vertreters der Landwirtschaft ist die für die Landwirtschaft zuständige oberste Landesbehörde oder die von ihr benannte Behörde zu hören.</P><P>(5) (weggefallen)</P></Content></text><fussnoten/></textdaten></norm>
<norm builddate="20260106215521" doknr="BJNR019220979BJNE005102301"><metadaten><jurabk>StBDV</jurabk><jurabk>DVStB</jurabk><enbez>§ 44</enbez><titel format="parat">Verleihung, Verleihungsurkunde</titel></metadaten><textdaten><text format="XML"><Content><P>(1) Über die Verleihung der Berechtigung zur Führung der Bezeichnung &quot;Landwirtschaftliche Buchstelle&quot; ist eine Urkunde auszustellen.</P><P>(2) Die Urkunde enthält <DL Font="normal" Type="arabic"><DT>1.</DT><DD Font="normal"><LA Size="normal">die Bezeichnung der verleihenden Steuerberaterkammer,</LA></DD> <DT>2.</DT><DD Font="normal"><LA Size="normal">Namen und Berufsbezeichnung des Empfängers der Urkunde,</LA></DD> <DT>3.</DT><DD Font="normal"><LA Size="normal">die Erklärung, daß dem in der Urkunde Bezeichneten die Berechtigung verliehen wird, als Zusatz zur Berufsbezeichnung die Bezeichnung &quot;Landwirtschaftliche Buchstelle&quot; zu führen,</LA></DD> <DT>4.</DT><DD Font="normal"><LA Size="normal">Ort und Datum der Verleihung,</LA></DD> <DT>5.</DT><DD Font="normal"><LA Size="normal">Dienstsiegel und</LA></DD> <DT>6.</DT><DD Font="normal"><LA Size="normal">Unterschrift.</LA></DD> </DL> </P><P>(3) (weggefallen)</P></Content> </text><fussnoten/></textdaten></norm>
<norm builddate="20260106215521" doknr="BJNR019220979BJNG000501123"><metadaten><jurabk>StBDV</jurabk><jurabk>DVStB</jurabk><gliederungseinheit><gliederungskennzahl>050</gliederungskennzahl><gliederungsbez>Fünfter Teil</gliederungsbez><gliederungstitel>(weggefallen)</gliederungstitel></gliederungseinheit></metadaten><textdaten><text format="XML"><Content/></text><fussnoten/></textdaten></norm>
<norm builddate="20260106215521" doknr="BJNR019220979BJNE005203123"><metadaten><jurabk>StBDV</jurabk><jurabk>DVStB</jurabk><enbez>(XXXX) §§ 45 bis 50</enbez><titel format="XML">(weggefallen)</titel></metadaten><textdaten><text format="XML"><Content/></text><fussnoten/></textdaten></norm>
<norm builddate="20260106215521" doknr="BJNR019220979BJNG000700301"><metadaten><jurabk>StBDV</jurabk><jurabk>DVStB</jurabk><gliederungseinheit><gliederungskennzahl>060</gliederungskennzahl><gliederungsbez>Sechster Teil</gliederungsbez><gliederungstitel>Berufshaftpflichtversicherung</gliederungstitel></gliederungseinheit></metadaten><textdaten><text format="XML"><Content><P/></Content></text><fussnoten/></textdaten></norm>
<norm builddate="20260106215521" doknr="BJNR019220979BJNE006106123"><metadaten><jurabk>StBDV</jurabk><jurabk>DVStB</jurabk><enbez>§ 51</enbez><titel format="XML">Versicherungspflicht</titel></metadaten><textdaten><text format="XML"><Content><P>(1) Selbständige Steuerberater und Steuerbevollmächtigte sowie Berufsausübungsgesellschaften sind verpflichtet, sich gegen die sich aus ihrer Berufstätigkeit (§§ 33, 57 Absatz 3 Nummer 2 und 3 des Steuerberatungsgesetzes) ergebenden Haftpflichtgefahren für Vermögensschäden zu versichern und die Versicherung während der Dauer ihrer Bestellung oder Anerkennung aufrechtzuerhalten. Der Versicherungsschutz muss sich auch auf solche Vermögensschäden erstrecken, für die der Versicherungsnehmer nach § 278 oder § 831 des Bürgerlichen Gesetzbuchs einzustehen hat.</P><P>(2) Selbständige Steuerberater und Steuerbevollmächtigte, die ausschließlich als freie Mitarbeiter für Auftraggeber, die die Voraussetzungen des § 3 des Steuerberatungsgesetzes erfüllen, tätig sind, genügen der Versicherungspflicht nach Absatz 1, wenn die sich aus der freien Mitarbeit sowie aus § 63 des Steuerberatungsgesetzes ergebenden Haftpflichtgefahren für Vermögensschäden durch die beim Auftraggeber bestehende Versicherung gedeckt sind. Der entsprechende Versicherungsschutz ist durch eine Bestätigung der Versicherung des Auftraggebers nachzuweisen. Satz 1 gilt nicht, wenn neben der freien Mitarbeit eigene Mandate betreut werden.</P><P>(3) Absatz 2 gilt sinngemäß auch für Steuerberater und Steuerbevollmächtigte, die ausschließlich als Angestellte nach § 58 des Steuerberatungsgesetzes tätig sind, sowie für Partner einer Partnerschaftsgesellschaft mit beschränkter Berufshaftung nach § 8 Absatz 4 des Partnerschaftsgesellschaftsgesetzes, die ausschließlich für die Partnerschaftsgesellschaft tätig sind.</P><P>(4) Die Versicherung muß bei einem im Inland zum Geschäftsbetrieb befugten Versicherungsunternehmen zu den nach Maßgabe des Versicherungsaufsichtsgesetzes eingereichten allgemeinen Versicherungsbedingungen genommen werden.</P></Content></text><fussnoten/></textdaten></norm>
<norm builddate="20260106215521" doknr="BJNR019220979BJNE006203123"><metadaten><jurabk>StBDV</jurabk><jurabk>DVStB</jurabk><enbez>§ 52</enbez><titel format="XML">Mindestversicherungssumme</titel></metadaten><textdaten><text format="XML"><Content><P>(1) Die Mindestversicherungssumme muß für den einzelnen Versicherungsfall zweihundertfünfzigtausend Euro betragen.</P><P>(2) Ein Selbstbehalt von eintausendfünfhundert Euro ist zulässig. Der Selbstbehalt ist auszuschließen für den Fall, daß bei Geltendmachung des Schadens durch einen Dritten die Bestellung des Steuerberaters oder Steuerbevollmächtigten oder die Anerkennung der Berufsausübungsgesellschaft erloschen ist.</P><P>(3) Wird eine Jahreshöchstleistung für alle in einem Versicherungsjahr verursachten Schäden vereinbart, muß sie mindestens eine Million Euro betragen.</P><P>(4) Die Absätze 1 bis 3 gelten für Berufsausübungsgesellschaften mit der Maßgabe, dass die Mindestversicherungssumme in den Fällen des § 55f Absatz 3 des Steuerberatungsgesetzes eine Million Euro und in den Fällen des § 55f Absatz 4 des Steuerberatungsgesetzes fünfhunderttausend Euro sowie die Jahreshöchstleistung für alle in einem Versicherungsjahr verursachten Schäden mindestens den vierfachen Betrag der Mindestversicherungssumme betragen muss.</P></Content></text><fussnoten/></textdaten></norm>
<norm builddate="20260106215521" doknr="BJNR019220979BJNE006303123"><metadaten><jurabk>StBDV</jurabk><jurabk>DVStB</jurabk><enbez>§ 53</enbez><titel format="XML">Weiterer Inhalt des Versicherungsvertrages</titel></metadaten><textdaten><text format="XML"><Content><P>(1) Der Versicherungsvertrag muß vorsehen, daß <DL Font="normal" Type="arabic"><DT>1.</DT><DD Font="normal"><LA Size="normal">Versicherungsschutz für jede einzelne, während der Geltung des Versicherungsvertrages begangene Pflichtverletzung besteht, die gesetzliche Haftpflichtansprüche privatrechtlichen Inhalts zur Folge haben könnte,</LA></DD><DT>2.</DT><DD Font="normal"><LA Size="normal">der Versicherungsschutz für einen allgemeinen Vertreter, einen Praxisabwickler oder einen Praxistreuhänder für die Dauer ihrer Bestellung sowie für einen Vertreter während der Dauer eines Berufs- oder Vertretungsverbots aufrechterhalten bleibt, soweit die Mitversicherten nicht durch eine eigene Versicherung Deckung erhalten, und</LA></DD><DT>3.</DT><DD Font="normal"><LA Size="normal">die Leistungen des Versicherers für das mitversicherte Auslandsrisiko im Inland in Euro zu erbringen sind.</LA></DD></DL></P><P>(2) Im Versicherungsvertrag ist der Versicherer zu verpflichten, der zuständigen Steuerberaterkammer den Beginn und die Beendigung oder Kündigung des Versicherungsvertrages sowie jede Änderung des Versicherungsvertrages, die den vorgeschriebenen Versicherungsschutz beeinträchtigt, unverzüglich mitzuteilen. Satz 1 gilt nicht für Berufsausübungsgesellschaften, die nach § 53 Absatz 1 Satz 2 des Steuerberatungsgesetzes nicht anerkennungspflichtig sind und für die auch keine freiwillige Anerkennung nach § 53 Absatz 1 Satz 3 des Steuerberatungsgesetzes beantragt oder erfolgt ist.</P><P>(3) Der Versicherungsvertrag kann vorsehen, daß die Versicherungssumme den Höchstbetrag der dem Versicherer in jedem einzelnen Schadenfall obliegenden Leistung darstellt, und zwar mit der Maßgabe, daß nur eine einmalige Leistung der Versicherungssumme in Frage kommt, <DL Font="normal" Type="arabic"><DT>a)</DT><DD Font="normal"><LA Size="normal">gegenüber mehreren entschädigungspflichtigen Personen, auf welche sich der Versicherungsschutz erstreckt,</LA></DD><DT>b)</DT><DD Font="normal"><LA Size="normal">bezüglich eines aus mehreren Verstößen stammenden einheitlichen Schadens,</LA></DD><DT>c)</DT><DD Font="normal"><LA Size="normal">bezüglich sämtlicher Folgen eines Verstoßes. Dabei gilt mehrfaches, auf gleicher oder gleichartiger Fehlerquelle beruhendes Tun oder Unterlassen als einheitlicher Verstoß, wenn die betreffenden Angelegenheiten miteinander in rechtlichem oder wirtschaftlichem Zusammenhang stehen. In diesem Fall kann die Leistung des Versicherers auf das Fünffache der Mindestversicherungssumme begrenzt werden.</LA></DD></DL></P></Content></text><fussnoten/></textdaten></norm>
<norm builddate="20260106215521" doknr="BJNR019220979BJNE006803123"><metadaten><jurabk>StBDV</jurabk><jurabk>DVStB</jurabk><enbez>§ 53a</enbez><titel format="XML">Ausschlüsse</titel></metadaten><textdaten><text format="XML"><Content><P>(1) Von der Versicherung kann die Haftung ausgeschlossen werden für <DL Font="normal" Type="arabic"><DT>1.</DT><DD Font="normal"><LA Size="normal">Ersatzansprüche wegen wissentlicher Pflichtverletzung,</LA></DD><DT>2.</DT><DD Font="normal"><LA Size="normal">Ersatzansprüche wegen Schäden, die durch Fehlbeträge bei der Kassenführung, durch Verstöße beim Zahlungsakt oder durch Veruntreuung durch das Personal, Angehörige oder Mitgesellschafter des Versicherungsnehmers entstehen,</LA></DD><DT>3.</DT><DD Font="normal"><LA Size="normal">Ersatzansprüche, die aus Tätigkeiten entstehen, die über Niederlassungen, Zweigniederlassungen oder weitere Beratungsstellen im Ausland ausgeübt werden,</LA></DD><DT>4.</DT><DD Font="normal"><LA Size="normal">Ersatzansprüche wegen Verletzung oder Nichtbeachtung des Rechts außereuropäischer Staaten,</LA></DD><DT>5.</DT><DD Font="normal"><LA Size="normal">Ersatzansprüche, die vor Gerichten in außereuropäischen Staaten geltend gemacht werden.</LA></DD></DL></P><P>(2) (weggefallen)</P></Content></text><fussnoten/></textdaten></norm>
<norm builddate="20260106215521" doknr="BJNR019220979BJNE006406123"><metadaten><jurabk>StBDV</jurabk><jurabk>DVStB</jurabk><enbez>§ 54</enbez><titel format="XML">Anerkennung anderer Berufshaftpflichtversicherungen</titel></metadaten><textdaten><text format="XML"><Content><P>(1) Ist eine versicherungspflichtige Person zugleich als Rechtsanwalt, niedergelassener europäischer Rechtsanwalt, Wirtschaftsprüfer oder vereidigter Buchprüfer zugelassen oder bestellt oder ist eine versicherungspflichtige Berufsausübungsgesellschaft zugleich als Berufsausübungsgesellschaft im Sinne der Bundesrechtsanwaltsordnung, Wirtschaftsprüfungsgesellschaft oder Buchprüfungsgesellschaft zugelassen oder anerkannt, wird der Versicherungspflicht auch mit einer diesen Berufen vorgeschriebenen Berufshaftpflichtversicherung genügt, sofern der Versicherungsvertrag die Voraussetzungen der §§ 52 bis 53a erfüllt.</P><P>(2) Erfolgt die Bestellung zum Steuerberater auf Grund des Bestehens einer Eignungsprüfung im Sinne des § 37a Abs. 2 des Steuerberatungsgesetzes, so sind Bescheinigungen über eine abgeschlossene Berufshaftpflichtversicherung, die von den Versicherungsunternehmen eines anderen Mitgliedstaates der Europäischen Union oder eines Vertragsstaates des Abkommens über den Europäischen Wirtschaftsraum oder der Schweiz ausgestellt worden sind, als gleichwertig mit den in Deutschland ausgestellten Bescheinigungen anzuerkennen, sofern sie in Bezug auf Deckungsbedingungen und -umfang den in Deutschland geltenden Rechts- und Verwaltungsvorschriften genügen. Die zum Nachweis vorgelegten Unterlagen sind mit einer beglaubigten Übersetzung vorzulegen, wenn sie nicht in deutscher Sprache abgefasst sind. Die Bescheinigungen dürfen bei ihrer Vorlage nicht älter als drei Monate sein.</P><P>(3) Ist im Falle des Absatzes 2 die Erfüllung der Verpflichtung des § 53 Abs. 2 durch das Versicherungsunternehmen nicht sichergestellt, so haben die in Deutschland beruflich niedergelassenen selbständigen Steuerberater der zuständigen Steuerberaterkammer jährlich eine Bescheinigung des Versicherers vorzulegen, aus der sich die Versicherungsbedingungen und der Deckungsumfang ergeben.</P></Content></text><fussnoten/></textdaten></norm>
<norm builddate="20260106215521" doknr="BJNR019220979BJNE006504123"><metadaten><jurabk>StBDV</jurabk><jurabk>DVStB</jurabk><enbez>§ 55</enbez><titel format="XML">Nachweis des Versicherungsabschlusses</titel></metadaten><textdaten><text format="XML"><Content><P>(1) Bewerber, die ihre Bestellung zum Steuerberater oder zum Steuerbevollmächtigten beantragen und den Beruf selbständig ausüben wollen, müssen der bestellenden Steuerberaterkammer den Abschluß einer dieser Verordnung entsprechenden Berufshaftpflichtversicherung durch eine Bestätigung des Versicherers nachweisen oder eine entsprechende vorläufige Deckungszusage vorlegen, in der sich der Versicherer verpflichtet, den Widerruf der Deckungszusage unverzüglich der zuständigen Steuerberaterkammer mitzuteilen. Bei Vorlage einer vorläufigen Deckungszusage ist nach der Bestellung der zuständigen Steuerberaterkammer unverzüglich der Abschluß der Berufshaftpflichtversicherung durch eine Bestätigung des Versicherers oder eine beglaubigte Abschrift des Versicherungsscheines nachzuweisen.</P><P>(2) Absatz 1 gilt sinngemäß für die Anerkennung als Berufsausübungsgesellschaft.</P><P>(3) (weggefallen)</P></Content></text><fussnoten/></textdaten></norm>
<norm builddate="20260106215521" doknr="BJNR019220979BJNE006602123"><metadaten><jurabk>StBDV</jurabk><jurabk>DVStB</jurabk><enbez>§ 56</enbez><titel format="XML">Anzeige von Veränderungen</titel></metadaten><textdaten><text format="XML"><Content><P>(1) Die Beendigung oder Kündigung des Versicherungsvertrages, jede Änderung des Versicherungsvertrages, die den nach dieser Verordnung vorgeschriebenen Versicherungsschutz beeinträchtigt, der Wechsel des Versicherers, der Beginn und die Beendigung der Versicherungspflicht infolge einer Änderung der Form der beruflichen Tätigkeit und der Widerruf einer vorläufigen Deckungszusage sind der gemäß § 67 des Steuerberatungsgesetzes zuständigen Steuerberaterkammer von dem Versicherungspflichtigen unverzüglich anzuzeigen.</P><P>(2) Der Versicherer ist befugt, der zuständigen Steuerberaterkammer Beginn und Ende des Versicherungsvertrags, jede Änderung des Versicherungsvertrags, die den nach dieser Verordnung vorgeschriebenen Versicherungsschutz beeinträchtigt, und den Widerruf einer vorläufigen Deckungszusage mitzuteilen. Die zuständige Steuerberaterkammer ist berechtigt, entsprechende Auskünfte bei dem Versicherer einzuholen.</P></Content></text><fussnoten/></textdaten></norm>
</dokumente>