<?xml version="1.0" encoding="UTF-8" ?><!DOCTYPE dokumente SYSTEM "http://www.gesetze-im-internet.de/dtd/1.01/gii-norm.dtd">
<dokumente builddate="20251128215503" doknr="BJNR1200A0025"><norm builddate="20251128215503" doknr="BJNR1200A0025"><metadaten><jurabk>BAPOErmÜV</jurabk><amtabk>BAPOErmÜV</amtabk><ausfertigung-datum manuell="ja">2025-11-25</ausfertigung-datum><fundstelle typ="amtlich"><periodikum>BGBl. I</periodikum><zitstelle>2025, Nr. 288</zitstelle></fundstelle><langue>Verordnung zur Übertragung der Ermächtigung zum Erlass von Prüfungsordnungen durch die Zentrale der Bundesagentur für Arbeit</langue></metadaten><textdaten><fussnoten><Content><P><BR/> <pre xml:space="preserve">(+++ Textnachweis ab: 29.11.2025 +++)<BR/><BR/></pre></P></Content></fussnoten></textdaten></norm>
<norm builddate="20251128215503" doknr="BJNR1200A0025BJNE000100000"><metadaten><jurabk>BAPOErmÜV</jurabk><enbez>Eingangsformel</enbez></metadaten><textdaten><text format="XML"><Content><P>Das Bundesministerium für Arbeit und Soziales verordnet aufgrund des § 47 Absatz 3 und des § 56 Absatz 1 Satz 2 des Berufsbildungsgesetzes in der Fassung der Bekanntmachung vom 16. April 2025 (BGBl. 2025 I Nr. 117; 2025 I Nr. 129):</P></Content></text></textdaten></norm>
<norm builddate="20251128215503" doknr="BJNR1200A0025BJNE000200000"><metadaten><jurabk>BAPOErmÜV</jurabk><enbez>§ 1</enbez><titel format="XML">Zuständigkeit für den Erlass von Prüfungsordnungen</titel></metadaten><textdaten><text format="XML"><Content><P>Die Zentrale der Bundesagentur für Arbeit als zuständige Stelle im Bereich des öffentlichen Dienstes für alle zum Geschäftsbereich der Bundesagentur für Arbeit gehörenden Dienststellen wird ermächtigt, innerhalb ihres Aufgabenbereichs Prüfungsordnungen durch Rechtsverordnung nach Maßgabe des § 47 Absatz 3 Satz 1 und des § 56 Absatz 1 Satz 2 in Verbindung mit § 47 Absatz 3 Satz 1 des Berufsbildungsgesetzes nach Genehmigung durch das Bundesministerium für Arbeit und Soziales zu erlassen.</P></Content></text></textdaten></norm>
<norm builddate="20251128215503" doknr="BJNR1200A0025BJNE000300000"><metadaten><jurabk>BAPOErmÜV</jurabk><enbez>§ 2</enbez><titel format="XML">Inkrafttreten</titel></metadaten><textdaten><text format="XML"><Content><P>Diese Verordnung tritt am Tag nach der Verkündung in Kraft.</P></Content></text></textdaten></norm>
</dokumente>