<?xml version="1.0" encoding="UTF-8" ?><!DOCTYPE dokumente SYSTEM "http://www.gesetze-im-internet.de/dtd/1.01/gii-norm.dtd">
<dokumente builddate="20120625152851" doknr="BJNR202600964"><norm builddate="20120625152851" doknr="BJNR202600964"><metadaten><jurabk>VermRglAbkCOLZProt</jurabk><ausfertigung-datum manuell="ja">1962-08-04</ausfertigung-datum><fundstelle typ="amtlich"><periodikum>BGBl II</periodikum><zitstelle>1964, 260</zitstelle></fundstelle><langue>Zusatzprotokoll zum Abkommen zwischen der Bundesrepublik Deutschland und
der Republik Kolumbien über deutsche Vermögenswerte in Kolumbien</langue></metadaten><textdaten><text format="decorated"/><fussnoten><Content><P>G v. 21.3.1964 II 257 <BR/>In Kraft gem. Bek. v. 26.5.1964 II 664 mWv 20.5.1964</P></Content></fussnoten></textdaten></norm>
</dokumente>