<?xml version="1.0" encoding="UTF-8" ?><!DOCTYPE dokumente SYSTEM "http://www.gesetze-im-internet.de/dtd/1.01/gii-norm.dtd">
<dokumente builddate="20130405125740" doknr="BJNR015500997"><norm builddate="20130405125740" doknr="BJNR015500997"><metadaten><jurabk>AUG§1Abs2Bek 21</jurabk><ausfertigung-datum manuell="ja">1997-01-07</ausfertigung-datum><fundstelle typ="amtlich"><periodikum>BGBl I</periodikum><zitstelle>1997, 155</zitstelle></fundstelle><langue>Einundzwanzigste Bekanntmachung über die Feststellung der Gegenseitigkeit gemäß § 1 Abs. 2 des Auslandsunterhaltsgesetzes</langue></metadaten><textdaten><text format="XML"><Content><P/></Content></text><fussnoten><Content><P>(+++ Textnachweis ab:  7. 2.1997 +++)</P></Content></fussnoten></textdaten></norm>
<norm builddate="20130405125740" doknr="BJNR015500997BJNE000100320"><metadaten><jurabk>AUG§1Abs2Bek 21</jurabk><enbez>(XXXX)</enbez></metadaten><textdaten><text format="XML"><Content><P>Auf Grund des § 1 Abs. 2 des Auslandsunterhaltsgesetzes vom 19. Dezember 1986 (BGBl. I S. 2563) wird bekanntgemacht, daß die Gegenseitigkeit im Sinne dieses Gesetzes verbürgt ist im Verhältnis zu dem US-Bundesstaat <DL Font="normal" Type="arabic"><DT/><DD Font="normal"><LA Size="normal">Maine.</LA></DD></DL>Diese Bekanntmachung ergeht im Anschluß an die Bekanntmachung vom 28. Oktober 1996 (BGBl. I S. 1733).</P><P><SP>Bundesministerium der Justiz</SP></P></Content></text></textdaten></norm>
</dokumente>