<?xml version="1.0" encoding="UTF-8" ?><!DOCTYPE dokumente SYSTEM "http://www.gesetze-im-internet.de/dtd/1.01/gii-norm.dtd">
<dokumente builddate="20120625152949" doknr="BJNR381900009"><norm builddate="20120625152949" doknr="BJNR381900009"><metadaten><jurabk>BTGO1980ÜbernBek</jurabk><ausfertigung-datum manuell="ja">2009-11-11</ausfertigung-datum><fundstelle typ="amtlich"><periodikum>BGBl I</periodikum><zitstelle>2009, 3819</zitstelle></fundstelle><langue>Bekanntmachung zur Übernahme der Geschäftsordnung des Deutschen Bundestages</langue></metadaten><textdaten><fussnoten><Content><P><BR/> <pre xml:space="preserve">(+++ Textnachweis ab: 27.10.2009 +++)<BR/><BR/></pre></P></Content></fussnoten></textdaten></norm>
<norm builddate="20120625152949" doknr="BJNR381900009BJNE000100000"><metadaten><jurabk>BTGO1980ÜbernBek</jurabk><enbez>(XXXX)</enbez></metadaten><textdaten><text format="XML"><Content><P>Der Deutsche Bundestag hat in seiner konstituierenden Sitzung am 27. Oktober 2009 beschlossen, die Geschäftsordnung des Deutschen Bundestages einschließlich ihrer Anlagen, soweit sie vom Deutschen Bundestag zu beschließen sind, in der Fassung der Bekanntmachung vom 2. Juli 1980 (BGBl. I S. 1237), zuletzt geändert laut Bekanntmachung vom 6. Juli 2009 (BGBl. I S. 2128), mit der Maßgabe zu übernehmen, sie bis zum 31. Juli 2010 insbesondere im Lichte jüngster Rechtsprechung anzupassen.</P></Content></text></textdaten></norm>
<norm builddate="20120625152949" doknr="BJNR381900009BJNE000200000"><metadaten><jurabk>BTGO1980ÜbernBek</jurabk><enbez>Schlussformel</enbez></metadaten><textdaten><text format="XML"><Content><P><SP>Der Präsident des Deutschen Bundestages</SP></P></Content></text></textdaten></norm>
</dokumente>