<?xml version="1.0" encoding="UTF-8" ?><!DOCTYPE dokumente SYSTEM "http://www.gesetze-im-internet.de/dtd/1.01/gii-norm.dtd">
<dokumente builddate="20161221220506" doknr="BJNR008600967"><norm builddate="20161221220506" doknr="BJNR008600967"><metadaten><jurabk>KOVErstV</jurabk><amtabk>KOV</amtabk><ausfertigung-datum manuell="ja">1967-07-31</ausfertigung-datum><fundstelle typ="amtlich"><periodikum>BGBl I</periodikum><zitstelle>1967, 860</zitstelle></fundstelle><kurzue>Erstattungsverordnung</kurzue><langue>Verordnung über die vom Bund zu tragenden Aufwendungen für die Heil- und
Krankenbehandlung Versorgungsberechtigter in Versorgungskrankenanstalten der
Länder</langue><standangabe checked="ja"><standtyp>Stand</standtyp><standkommentar>Zuletzt geändert durch Art. 371 V v. 31.10.2006 I 2407</standkommentar></standangabe></metadaten><textdaten><fussnoten><Content><P><BR/> <pre xml:space="preserve">(+++ Textnachweis ab: 10.8.1967 +++)<BR/>(+++ Die V ist in dem in Art. 3 des Einigungsvertrages<BR/>     genannten Gebiet gem. Anlage I Kap. VIII Sachg. K Abschn. III Nr. 16<BR/>     EinigVtr iVm Art. 1 G v. 23.9.1990 II 885, 1069 ab 1. Januar 1991     <BR/>     anzuwenden; diese Maßgabe ist nicht mehr anzuwenden, vgl. Art. 109 Nr. 3       Buchst. i DBuchst. pp G v. 8.12.2010 I 1864 +++)<BR/><BR/></pre></P></Content></fussnoten></textdaten></norm>
<norm builddate="20161221220506" doknr="BJNR008600967BJNE000100315"><metadaten><jurabk>KOVErstV</jurabk><enbez>Eingangsformel</enbez></metadaten><textdaten><text format="XML"><Content><P>Auf Grund des § 1 Abs. 1 Nr. 8 letzter Halbsatz des Ersten Überleitungsgesetzes in der Fassung vom 28. April 1955 (Bundesgesetzbl. I S. 193), <I>geändert durch das Zweite Neuordnungsgesetz vom 21. Februar 1964 (Bundesgesetzbl. I S. 85),</I> verordnet die Bundesregierung mit Zustimmung des Bundesrates:</P></Content></text></textdaten></norm>
<norm builddate="20161221220506" doknr="BJNR008600967BJNE000200315"><metadaten><jurabk>KOVErstV</jurabk><enbez>§ 1</enbez></metadaten><textdaten><text format="XML"><Content><P>Der Bund trägt die Aufwendungen für die Heil- und Krankenbehandlung Versorgungsberechtigter in den Versorgungskrankenanstalten der Länder im Wege der Erstattung nach Maßgabe der folgenden Bestimmungen.</P></Content></text></textdaten></norm>
<norm builddate="20161221220506" doknr="BJNR008600967BJNE000300315"><metadaten><jurabk>KOVErstV</jurabk><enbez>§ 2</enbez></metadaten><textdaten><text format="XML"><Content><P>(1) Versorgungsberechtigte im Sinne dieser Verordnung sind Personen, denen oder für die Heil- oder Krankenbehandlung nach dem Bundesversorgungsgesetz oder nach Bundesgesetzen, die das Bundesversorgungsgesetz für anwendbar erklären, gewährt wird.</P><P>(2) Versorgungskrankenanstalten sind die nach § 2 Nr. 2 des Gesetzes über die Errichtung der Verwaltungsbehörden der Kriegsopferversorgung vom 12. März 1951 (Bundesgesetzbl. I S. 169), geändert durch das Vierte Überleitungsgesetz vom 27. April 1955 (Bundesgesetzbl. I S. 189), bis zum 31. Dezember 1966 von den Ländern errichteten oder übernommenen Versorgungskuranstalten, Versorgungsheilstätten für Tuberkulöse und Versorgungskrankenhäuser, solange sie als landeseigene Einrichtung der Kriegsopferversorgung betrieben werden.</P></Content></text></textdaten></norm>
<norm builddate="20161221220506" doknr="BJNR008600967BJNE000401309"><metadaten><jurabk>KOVErstV</jurabk><enbez>§ 3</enbez></metadaten><textdaten><text format="XML"><Content><P>(1) Aufwendungen im Sinne des § 1 sind die auf die Heil- und Krankenbehandlung von Versorgungsberechtigten entfallenden Anteile an den Gesamtaufwendungen, die den Ländern bei sparsamer und wirtschaftlicher Betriebsführung der Versorgungskrankenanstalten seit dem 1. April 1955 erwachsen sind und künftig erwachsen.</P><P>(2) Gesamtaufwendungen sind alle im Abrechnungszeitraum (Rechnungsjahr) für den Betrieb und die Unterhaltung einer Versorgungskrankenanstalt rechnungsmäßig nachweisbaren Personal- und Sachausgaben, vermindert um <DL Font="normal" Type="arabic"><DT>a)</DT><DD Font="normal"><LA Size="normal">die in ihnen enthaltenen nicht erstattungsfähigen Aufwendungen (§ 5),</LA></DD><DT>b)</DT><DD Font="normal"><LA Size="normal">alle Einnahmen, die nicht für die Gewährung stationärer Heil- und Krankenbehandlung erzielt werden.</LA></DD></DL></P><P>(3) Zu den Gesamtaufwendungen zählt auch ein Zuschlag von 30 vom Hundert zu den Dienstbezügen der Beamten der Versorgungskrankenanstalten zur Abgeltung der Versorgungsbelastung.</P></Content></text><fussnoten/></textdaten></norm>
<norm builddate="20161221220506" doknr="BJNR008600967BJNE000503301"><metadaten><jurabk>KOVErstV</jurabk><enbez>§ 4</enbez></metadaten><textdaten><text format="XML"><Content><P>(1) Die Aufwendungen der Länder für die Errichtung, Erweiterung und Erneuerung der zum Betrieb der Versorgungskrankenanstalten gehörenden Gebäude und Außenanlagen sowie für die Beschaffung der erforderlichen sonstigen Wirtschaftsgüter werden bei der Ermittlung der Erstattungsbeträge für das Rechnungsjahr, in dem sie erbracht worden sind, und für die darauf folgenden Rechnungsjahre in Teilbeträgen bis zur vollen Erstattung bei <DL Font="normal" Type="arabic"><DT>a)</DT><DD Font="normal"><LA Size="normal">Gebäuden und Außenanlagen in Höhe von jährlich 1,25 vom Hundert,</LA></DD><DT>b)</DT><DD Font="normal"><LA Size="normal">sonstigen Wirtschaftsgütern</LA><LA Size="normal">in Versorgungskrankenanstalten mit bis zu 100 Betten in Höhe von jährlich 1 500 Deutsche Mark,</LA><LA Size="normal">in Versorgungskrankenanstalten mit mehr als 100 bis zu 250 Betten in Höhe von jährlich 3 000 Deutsche Mark,</LA><LA Size="normal">in Versorgungskrankenanstalten mit mehr als 250 bis zu 400 Betten in Höhe von jährlich 6 000 Deutsche Mark und</LA><LA Size="normal">in Versorgungskrankenanstalten mit mehr als 400 Betten in Höhe von jährlich 10 000 Deutsche Mark</LA></DD></DL>berücksichtigt. Übersteigen in einem Rechnungsjahr die Aufwendungen für die Beschaffung sonstiger Wirtschaftsgüter bei den Versorgungskrankenanstalten eines Landes insgesamt das Fünfzehnfache der nach Satz 1 Buchstabe b zu berücksichtigenden Teilbeträge, so werden die Teilbeträge so erhöht oder ermäßigt, daß diese Aufwendungen innerhalb von 15 Jahren bei der Ermittlung der Erstattungsbeträge berücksichtigt werden.</P><P>(2) Sonstige Wirtschaftsgüter im Sinne des Absatzes 1 sind alle erforderlichen besonderen Betriebseinrichtungen im Sinne der Wertermittlungsrichtlinien vom 11. Juli 1966 (Bundesanzeiger Nr. 181 vom 27. September 1966) in der jeweils geltenden Fassung sowie Geräte und Ausstattungsgegenstände mit einer betriebsgewöhnlichen Nutzungsdauer von mehr als drei Jahren, deren Anschaffungskosten im Einzelfall ohne Umsatzsteuer mehr als 800 Deutsche Mark betragen.</P><P>(3) Für Gebäude und Außenanlagen, die vor dem 1. April 1955 nicht aus Mitteln des ehemaligen Deutschen Reiches oder des Bundes errichtet worden sind, wird Absatz 1 entsprechend angewendet. Als Aufwendungen im Sinne dieser Bestimmung sind die tatsächlichen Herstellungskosten anzusehen. Die auf die Zeit zwischen dem Jahr der Fertigstellung und dem 1. April 1955 entfallenden Beträge sind nicht erstattungsfähig. Sind die tatsächlichen Herstellungskosten nicht mehr feststellbar, wird der Herstellungswert am Tage der Fertigstellung nach den Wertermittlungsrichtlinien ermittelt.</P></Content></text><fussnoten/></textdaten></norm>
<norm builddate="20161221220506" doknr="BJNR008600967BJNE000602310"><metadaten><jurabk>KOVErstV</jurabk><enbez>§ 5</enbez></metadaten><textdaten><text format="XML"><Content><P>(1) Nicht erstattungsfähig sind die Aufwendungen der Länder für <DL Font="normal" Type="arabic"><DT>a)</DT><DD Font="normal"><LA Size="normal">anteilige Verwaltungskosten der Beschaffungsstellen für Heil- und Hilfsmittel,</LA></DD><DT>b)</DT><DD Font="normal"><LA Size="normal">ambulante und stationäre Beobachtung und Begutachtung von Versorgungsberechtigten zur Aufklärung des medizinischen Sachverhalts in Versorgungsangelegenheiten,</LA></DD><DT>c)</DT><DD Font="normal"><LA Size="normal">Mehrkosten infolge Minderbelegung der Versorgungskrankenanstalten.</LA></DD></DL></P><P>(2) Als nicht erstattungsfähige Aufwendungen nach Absatz 1 Buchstabe b gelten <DL Font="normal" Type="arabic"><DT/><DD Font="normal"><LA Size="normal">für die ambulante Beobachtung und Begutachtung die Vollkostensätze des Krankenhaustarifs für ambulante Leistungen und stationäre Nebenleistungen der Deutschen Krankenhausgesellschaft (Krankenhaustarif),</LA><LA Size="normal">für die stationäre Beobachtung und Begutachtung das Zweifache der durchschnittlichen Aufwendung für einen Vergleichstag (§ 6 Abs. 2).</LA></DD></DL></P><P>(3) Mehrkosten infolge Minderbelegung nach Absatz 1 Buchstabe c sind die Kosten, die dadurch entstehen, daß die nach Kalendertagen errechnete durchschnittliche Jahresbelegung der Versorgungskrankenanstalt weniger als 80 vom Hundert der Normalbettenzahl beträgt. Die Zahl der Normalbetten wird auf Grund der landesrechtlichen Vorschriften über Bau und Errichtung von Krankenanstalten von der zuständigen Landesbehörde im Einvernehmen mit der zuständigen Gesundheitsbehörde festgelegt.</P><P>(4) Mußte eine Versorgungskrankenanstalt aus betriebsnotwendigen Gründen vorübergehend geschlossen oder ihre Normalbettenzahl zeitweilig erheblich vermindert werden, kann der Belegungsgrad im Einvernehmen mit dem Bundesministerium für Arbeit und Soziales an Hand der tatsächlich verfügbaren Betten ermittelt werden.</P></Content></text><fussnoten/></textdaten></norm>
<norm builddate="20161221220506" doknr="BJNR008600967BJNE000700315"><metadaten><jurabk>KOVErstV</jurabk><enbez>§ 6</enbez></metadaten><textdaten><text format="XML"><Content><P>(1) Zur Ermittlung des auf die Heil- und Krankenbehandlung Versorgungsberechtigter entfallenden Anteils an den Gesamtaufwendungen der jeweiligen Versorgungskrankenanstalt wird aus diesen durch Teilung mit der Gesamtzahl der Vergleichstage für Versorgungsberechtigte und andere Personen der durchschnittlich für einen Vergleichstag erbrachte Aufwand errechnet.</P><P>(2) Vergleichstage sind die nach der in den Ländern jeweils geltenden Regelung ermittelten Behandlungs- und Beobachtungstage. Hierbei sind die Behandlungstage 2. Klasse mit eineinhalb, die Behandlungstage 1. Klasse und die Beobachtungstage mit zwei zu vervielfachen.</P><P>(3) Die Erstattungsbeträge ergeben sich aus der Vervielfachung des Aufwandes für einen Vergleichstag mit der Gesamtzahl der Behandlungstage, die in dem Abrechnungszeitraum für die von den Verwaltungsbehörden der Kriegsopferversorgung und den gesetzlichen Krankenkassen eingewiesenen Versorgungsberechtigten geleistet worden sind. In einer anderen als der allgemeinen (dritten) Klasse geleistete Behandlungstage sind hierbei mit ihrem Vergleichstagewert (Absatz 2) zu berücksichtigen. Von den Krankenkassen für die von ihnen eingewiesenen Versorgungsberechtigten geleistete oder zu leistende Zahlungen sind von den nach den Sätzen 1 und 2 errechneten Beträgen abzusetzen.</P></Content></text></textdaten></norm>
<norm builddate="20161221220506" doknr="BJNR008600967BJNE000802310"><metadaten><jurabk>KOVErstV</jurabk><enbez>§ 7</enbez></metadaten><textdaten><text format="XML"><Content><P>Für die Zeit vom 1. Januar 1966 an fordern die Länder die Erstattung der vom Bund zu tragenden Aufwendungen nach Abschluß eines jeden Rechnungsjahres beim Bundesministerium für Arbeit und Soziales an. Den Anforderungen sind Abrechnungsbogen nach einem dieser Verordnung als Anlage beigefügten Muster mit den für die Prüfung notwendigen Unterlagen beizufügen.</P></Content></text><fussnoten/></textdaten></norm>
<norm builddate="20161221220506" doknr="BJNR008600967BJNE000902310"><metadaten><jurabk>KOVErstV</jurabk><enbez>§ 8</enbez></metadaten><textdaten><text format="XML"><Content><P>Der Bund erstattet den Ländern die von ihm zu tragenden Aufwendungen nach Feststellung durch das Bundesministerium für Arbeit und Soziales. Bestehen zwischen dem Bund und einem Land über einen Teil der Anforderung unterschiedliche Auffassungen und kann innerhalb eines angemessenen Zeitraums keine Übereinstimmung erzielt werden, erstattet der Bund vorab insoweit, als er keine Beanstandung erhebt.</P></Content></text><fussnoten/></textdaten></norm>
<norm builddate="20161221220506" doknr="BJNR008600967BJNE001000315"><metadaten><jurabk>KOVErstV</jurabk><enbez>§ 9</enbez></metadaten><textdaten><text format="XML"><Content><P>Der Bund leistet jeweils für ein abgelaufenes Kalendervierteljahr Abschlagszahlungen. Diese errechnen sich aus der von den Ländern mitgeteilten Zahl der Behandlungstage, die in diesem Vierteljahr für die von den Verwaltungsbehörden der Kriegsopferversorgung eingewiesenen Versorgungsberechtigten geleistet worden sind, vervielfacht mit neun Zehnteln des zuletzt festgestellten Aufwands für einen Vergleichstag.</P></Content></text></textdaten></norm>
<norm builddate="20161221220506" doknr="BJNR008600967BJNE001100315"><metadaten><jurabk>KOVErstV</jurabk><enbez>§ 10</enbez></metadaten><textdaten><text format="XML"><Content><P>Für die Zeit vom 1. April 1955 bis zum 31. Dezember 1965 fordern die Länder die vom Bund zu tragenden Aufwendungen nachträglich für jedes Kalenderjahr gesondert an. Die Beträge, die über die für den genannten Zeitraum geleisteten Abschlagszahlungen hinausgehen, zahlt der Bund nach Möglichkeit in drei gleichen Jahresraten jeweils innerhalb der drei Rechnungsjahre, die dem Jahr folgen, in dem die Forderungen nach Satz 1 geltend gemacht worden sind. § 8 Satz 2 ist entsprechend anzuwenden.</P></Content></text></textdaten></norm>
<norm builddate="20161221220506" doknr="BJNR008600967BJNE001202310"><metadaten><jurabk>KOVErstV</jurabk><enbez>§ 11</enbez></metadaten><textdaten><text format="XML"><Content><P>(1) Das Bundesministerium für Arbeit und Soziales oder die von ihm Beauftragten können die den Eintragungen in den Abrechnungsbogen zugrunde liegenden Unterlagen einsehen und im Bedarfsfall im Benehmen mit den zuständigen obersten Landesbehörden eine Prüfung in den Versorgungskrankenanstalten vornehmen. Beim Vorliegen eines besonderen Grundes kann diese Prüfung auch nach der Zahlung vorgenommen oder wiederholt werden.</P><P>(2) Der Bundesrechnungshof kann nach Maßgabe des <I>§ 4 des Gesetzes über Errichtung und Aufgaben des Bundesrechnungshofes vom 27. November 1950 (Bundesgesetzbl. S. 765)</I> die Haushalts- und Wirtschaftsführung der Versorgungskrankenanstalten prüfen.</P><P>(3) Wird bei den Prüfungen eine Unrichtigkeit festgestellt, ist die Höhe der vom Bund zu tragenden Aufwendungen zu berichtigen und der Unterschiedsbetrag bei Zahlungen nach den §§ 8 bis 10 zu verrechnen.</P></Content></text><fussnoten/></textdaten></norm>
<norm builddate="20161221220506" doknr="BJNR008600967BJNE001300315"><metadaten><jurabk>KOVErstV</jurabk><enbez>§ 12</enbez></metadaten><textdaten><text format="XML"><Content><P>Der Bund kann mit den Ländern oder mit einzelnen von ihnen vereinbaren, daß die von ihm zu erstattenden Aufwendungen ganz oder teilweise pauschal abgegolten werden.</P></Content></text></textdaten></norm>
<norm builddate="20161221220506" doknr="BJNR008600967BJNE001401301"><metadaten><jurabk>KOVErstV</jurabk><enbez>§ 13</enbez><titel format="XML">(weggefallen)</titel></metadaten><textdaten><text format="XML"><Content><P/></Content></text><fussnoten/></textdaten></norm>
<norm builddate="20161221220506" doknr="BJNR008600967BJNE001500315"><metadaten><jurabk>KOVErstV</jurabk><enbez>§ 14</enbez></metadaten><textdaten><text format="XML"><Content><P>Diese Verordnung tritt am Tage nach ihrer Verkündung in Kraft.</P></Content></text></textdaten></norm>
<norm builddate="20161221220506" doknr="BJNR008600967BJNE001600315"><metadaten><jurabk>KOVErstV</jurabk><enbez>Anlage</enbez><titel format="parat">(zu §§ 7 und 10)</titel></metadaten><textdaten><text format="XML"><Content><P><noindex><kommentar typ="Fundstelle">(Fundstelle: BGBl. I 1967, 863 — 865)</kommentar></noindex></P><Title Align="auto"><SP>Muster</SP></Title><Subtitle Align="auto"><B>Abrechnungsbogen</B></Subtitle><BR/><BR/><table frame="top" pgwide="1" tocentry="%yes;"><tgroup align="left" char="" charoff="50" cols="9"><colspec colname="col1" colwidth="0.17*"/><colspec colname="COLSPEC1" colwidth="0.25*"/><colspec colname="COLSPEC0" colwidth="0.18*"/><colspec colname="COLSPEC3" colwidth="2.66*"/><colspec colname="col2" colwidth="1.38*"/><colspec colname="col3" colwidth="1.46*"/><colspec colname="COLSPEC2" colwidth="1.31*"/><colspec colname="col4" colwidth="1.42*"/><colspec colname="col5" colwidth="1.44*"/><tbody valign="top"><row><entry VJ="1" colsep="0" nameend="COLSPEC3" namest="col1">Versorgungs</entry><entry VJ="1" colsep="0" nameend="COLSPEC2" namest="col2">.....................................</entry><entry VJ="1" nameend="col5" namest="col4">......................................................</entry></row><row><entry VJ="1" nameend="col5" namest="col1">Abrechnungszeitraum (Rechnungsjahr):</entry></row><row><entry VJ="1" colsep="0" rowsep="0">A</entry><entry VJ="1" colsep="0" rowsep="0">I.</entry><entry VJ="1" colsep="0" nameend="COLSPEC3" namest="COLSPEC0" rowsep="0">Zahl der Normalbeten:</entry><entry VJ="1" colsep="0" nameend="col3" namest="col2" rowsep="0">......................................</entry><entry VJ="1" align="right" colsep="0" rowsep="0">II.</entry><entry VJ="1" colsep="0" rowsep="0">Ausnutzungsgrad:</entry><entry VJ="1" align="right" rowsep="0">..........,........... v.H.</entry></row><row><entry VJ="1" colsep="0" rowsep="0"/><entry VJ="1" colsep="0" rowsep="0"/><entry VJ="1" colsep="0" nameend="COLSPEC3" namest="COLSPEC0" rowsep="0">davon</entry><entry VJ="1" colsep="0" rowsep="0"/><entry VJ="1" colsep="0" nameend="COLSPEC2" namest="col3" rowsep="0"/><entry VJ="1" colsep="0" rowsep="0"/><entry VJ="1" align="right" rowsep="0"/></row><row><entry VJ="1" colsep="0" rowsep="0"/><entry VJ="1" colsep="0" rowsep="0"/><entry VJ="1" colsep="0" nameend="COLSPEC3" namest="COLSPEC0" rowsep="0">..........................................</entry><entry VJ="1" colsep="0" rowsep="0">Abt.:</entry><entry VJ="1" colsep="0" rowsep="0">...............</entry><entry VJ="1" colsep="0" rowsep="0"/><entry VJ="1" colsep="0" rowsep="0">Ausnutzungsgrad</entry><entry VJ="1" align="right" rowsep="0">..........,........... v.H.</entry></row><row><entry VJ="1" colsep="0" rowsep="0"/><entry VJ="1" colsep="0" rowsep="0"/><entry VJ="1" colsep="0" nameend="COLSPEC3" namest="COLSPEC0" rowsep="0">..........................................</entry><entry VJ="1" colsep="0" rowsep="0">Abt.:</entry><entry VJ="1" colsep="0" rowsep="0">...............</entry><entry VJ="1" colsep="0" rowsep="0"/><entry VJ="1" colsep="0" rowsep="0">Ausnutzungsgrad</entry><entry VJ="1" align="right" rowsep="0">..........,........... v.H.</entry></row><row><entry VJ="1" colsep="0" rowsep="0"/><entry VJ="1" colsep="0" rowsep="0"/><entry VJ="1" colsep="0" nameend="COLSPEC3" namest="COLSPEC0" rowsep="0">..........................................</entry><entry VJ="1" colsep="0" rowsep="0">Abt.:</entry><entry VJ="1" colsep="0" rowsep="0">...............</entry><entry VJ="1" colsep="0" rowsep="0"/><entry VJ="1" colsep="0" rowsep="0">Ausnutzungsgrad</entry><entry VJ="1" align="right" rowsep="0">..........,........... v.H.</entry></row><row><entry VJ="1" colsep="0" rowsep="0"/><entry VJ="1" colsep="0" rowsep="0"/><entry VJ="1" colsep="0" nameend="COLSPEC3" namest="COLSPEC0" rowsep="0">..........................................</entry><entry VJ="1" colsep="0" rowsep="0">Abt.:</entry><entry VJ="1" colsep="0" rowsep="0">...............</entry><entry VJ="1" colsep="0" rowsep="0"/><entry VJ="1" colsep="0" rowsep="0">Ausnutzungsgrad</entry><entry VJ="1" align="right" rowsep="0">..........,........... v.H.</entry></row><row><entry VJ="1" colsep="0" rowsep="0"/><entry VJ="1" colsep="0" rowsep="0"/><entry VJ="1" colsep="0" nameend="COLSPEC3" namest="COLSPEC0" rowsep="0">..........................................</entry><entry VJ="1" colsep="0" rowsep="0">Abt.:</entry><entry VJ="1" colsep="0" rowsep="0">...............</entry><entry VJ="1" colsep="0" rowsep="0"/><entry VJ="1" colsep="0" rowsep="0">Ausnutzungsgrad</entry><entry VJ="1" align="right" rowsep="0">..........,........... v.H.</entry></row><row><entry VJ="1" colsep="0"/><entry VJ="1" colsep="0"/><entry VJ="1" colsep="0"/><entry VJ="1" colsep="0"/><entry VJ="1" colsep="0"/><entry VJ="1" colsep="0"/><entry VJ="1" colsep="0"/><entry VJ="1" colsep="0"/><entry VJ="1"/></row><row><entry VJ="1" colsep="0" rowsep="0">B</entry><entry VJ="1" colsep="0" rowsep="0">I.</entry><entry VJ="1" colsep="0" nameend="COLSPEC3" namest="COLSPEC0" rowsep="0">Im Abrechnungszeitraum wurden geleistet</entry><entry VJ="1" colsep="0" rowsep="0"/><entry VJ="1" colsep="0" rowsep="0"/><entry VJ="1" align="center" colsep="0" rowsep="0"><small>(Umrechnungsfaktor)</small></entry><entry VJ="1" colsep="0" rowsep="0"/><entry VJ="1" align="center" rowsep="0">II. Vergleichstage</entry></row><row><entry VJ="1" colsep="0" rowsep="0"/><entry VJ="1" colsep="0" rowsep="0"/><entry VJ="1" colsep="0" nameend="COLSPEC3" namest="COLSPEC0" rowsep="0">1. Behandlungstage 1. Klasse</entry><entry VJ="1" colsep="0" rowsep="0"/><entry VJ="1" colsep="0" rowsep="0">............... mal</entry><entry VJ="1" align="center" colsep="0" rowsep="0">2</entry><entry VJ="1" colsep="0" rowsep="0">gleich</entry><entry VJ="1" rowsep="0">...............</entry></row><row><entry VJ="1" colsep="0" rowsep="0"/><entry VJ="1" colsep="0" rowsep="0"/><entry VJ="1" colsep="0" nameend="COLSPEC3" namest="COLSPEC0" rowsep="0">2. Behandlungstage 2. Klasse</entry><entry VJ="1" colsep="0" rowsep="0"/><entry VJ="1" colsep="0" rowsep="0">............... mal</entry><entry VJ="1" align="center" colsep="0" rowsep="0">1,5</entry><entry VJ="1" colsep="0" rowsep="0">gleich</entry><entry VJ="1" rowsep="0">...............</entry></row><row><entry VJ="1" colsep="0" rowsep="0"/><entry VJ="1" colsep="0" rowsep="0"/><entry VJ="1" colsep="0" nameend="COLSPEC3" namest="COLSPEC0" rowsep="0">3. Behandlungstage 3. Klasse</entry><entry VJ="1" colsep="0" rowsep="0"/><entry VJ="1" colsep="0" nameend="COLSPEC2" namest="col3" rowsep="0"/><entry VJ="1" colsep="0" rowsep="0"/><entry VJ="1" rowsep="0"/></row><row><entry VJ="1" colsep="0" rowsep="0"/><entry VJ="1" colsep="0" rowsep="0"/><entry VJ="1" colsep="0" rowsep="0"/><entry VJ="1" colsep="0" rowsep="0">a) von der Versorgungsverw. eingewiesene VB</entry><entry VJ="1" colsep="0" rowsep="0"/><entry VJ="1" colsep="0" rowsep="0">...............</entry><entry VJ="1" colsep="0" rowsep="0"/><entry VJ="1" colsep="0" rowsep="0">gleich</entry><entry VJ="1" rowsep="0">...............</entry></row><row><entry VJ="1" colsep="0" rowsep="0"/><entry VJ="1" colsep="0" rowsep="0"/><entry VJ="1" colsep="0" rowsep="0"/><entry VJ="1" colsep="0" rowsep="0">b) von den Krankenkassen eingewiesene VB</entry><entry VJ="1" colsep="0" rowsep="0"/><entry VJ="1" colsep="0" rowsep="0">...............</entry><entry VJ="1" colsep="0" rowsep="0"/><entry VJ="1" colsep="0" rowsep="0">gleich</entry><entry VJ="1" rowsep="0">...............</entry></row><row><entry VJ="1" colsep="0" rowsep="0"/><entry VJ="1" colsep="0" rowsep="0"/><entry VJ="1" colsep="0" rowsep="0"/><entry VJ="1" colsep="0" rowsep="0">c) sonstige Patienten</entry><entry VJ="1" colsep="0" rowsep="0"/><entry VJ="1" colsep="0" rowsep="0">...............</entry><entry VJ="1" colsep="0" rowsep="0"/><entry VJ="1" colsep="0" rowsep="0">gleich</entry><entry VJ="1" rowsep="0">...............</entry></row><row><entry VJ="1" colsep="0" rowsep="0"/><entry VJ="1" colsep="0" rowsep="0"/><entry VJ="1" colsep="0" nameend="COLSPEC3" namest="COLSPEC0" rowsep="0">4. Stationäre Beobachtungs- und Begutachtungstage</entry><entry VJ="1" colsep="0" rowsep="0"/><entry VJ="1" colsep="0" rowsep="1">............... mal</entry><entry VJ="1" align="center" colsep="0" rowsep="0">2</entry><entry VJ="1" colsep="0" rowsep="0">gleich</entry><entry VJ="1" rowsep="1">...............</entry></row><row><entry VJ="1" colsep="0" rowsep="0"/><entry VJ="1" colsep="0" rowsep="0"/><entry VJ="1" colsep="0" rowsep="0"/><entry VJ="1" align="right" colsep="0" rowsep="0">Summe B/I.</entry><entry VJ="1" colsep="0" rowsep="0"/><entry VJ="1" colsep="0" rowsep="1">...............</entry><entry VJ="1" align="center" colsep="0" nameend="col4" namest="COLSPEC2" rowsep="0">Summe B/II.</entry><entry VJ="1" rowsep="1">...............</entry></row><row><entry VJ="1" colsep="0"/><entry VJ="1" colsep="0"/><entry VJ="1" colsep="0"/><entry VJ="1" align="right" colsep="0"/><entry VJ="1" colsep="0"/><entry VJ="1" colsep="0"/><entry VJ="1" align="center" colsep="0"/><entry VJ="1" align="center" colsep="0"/><entry VJ="1"/></row><row><entry VJ="1" colsep="0">C</entry><entry VJ="1" colsep="1" nameend="col5" namest="COLSPEC1"><B>Ausgaben</B></entry></row><row><entry VJ="1" colsep="0" morerows="1"/><entry VJ="1" colsep="0" morerows="1"/><entry VJ="1" colsep="0" morerows="1"/><entry VJ="1" align="center" morerows="1" nameend="col2" namest="COLSPEC3">Ausgabengruppe</entry><entry VJ="1" align="center" rowsep="0">Haushaltstitel</entry><entry VJ="1" align="center" rowsep="0">Rechnungsmäßig nachgewiesene Ausgaben</entry><entry VJ="1" align="center" rowsep="0">Berichtigungen</entry><entry VJ="1" rowsep="0">Bereinigte Ausgaben</entry></row><row><entry VJ="1" align="center"/><entry VJ="1" align="center">DM</entry><entry VJ="1" align="center">DM</entry><entry VJ="1">DM</entry></row><row><entry VJ="1" colsep="0"/><entry VJ="1" colsep="0"/><entry VJ="1" colsep="0"/><entry VJ="1" align="center" nameend="col2" namest="COLSPEC3">1</entry><entry VJ="1" align="center">2</entry><entry VJ="1" align="center">3</entry><entry VJ="1" align="center">4</entry><entry VJ="1">5</entry></row><row><entry VJ="1" colsep="0" rowsep="0"/><entry VJ="1" colsep="0" rowsep="0">I.</entry><entry VJ="1" nameend="col2" namest="COLSPEC0" rowsep="0"><B>Personalausgaben</B></entry><entry VJ="1" rowsep="0"/><entry VJ="1" rowsep="0"/><entry VJ="1" rowsep="0"/><entry VJ="1" rowsep="0"/></row><row><entry VJ="1" colsep="0" rowsep="0"/><entry VJ="1" colsep="0" rowsep="0"/><entry VJ="1" nameend="col2" namest="COLSPEC0" rowsep="0">1. Dienstbezüge der Beamten</entry><entry VJ="1" rowsep="0">...............</entry><entry VJ="1" rowsep="0">...............</entry><entry VJ="1" rowsep="0">...............</entry><entry VJ="1" rowsep="0">...............</entry></row><row><entry VJ="1" colsep="0" rowsep="0"/><entry VJ="1" colsep="0" rowsep="0"/><entry VJ="1" nameend="col2" namest="COLSPEC0" rowsep="0">2. Bezüge der nichtbeamteten Kräfte</entry><entry VJ="1" rowsep="0">...............</entry><entry VJ="1" rowsep="0">...............</entry><entry VJ="1" rowsep="0">...............</entry><entry VJ="1" rowsep="0">...............</entry></row><row><entry VJ="1" colsep="0" rowsep="0"/><entry VJ="1" colsep="0" rowsep="0"/><entry VJ="1" nameend="col2" namest="COLSPEC0" rowsep="0">3. Unterstützungen für Bedienstete</entry><entry VJ="1" rowsep="0">...............</entry><entry VJ="1" rowsep="0">...............</entry><entry VJ="1" rowsep="0">...............</entry><entry VJ="1" rowsep="0">...............</entry></row><row><entry VJ="1" colsep="0" rowsep="0"/><entry VJ="1" colsep="0" rowsep="0"/><entry VJ="1" nameend="col2" namest="COLSPEC0" rowsep="0">4. Beihilfen für Bedienstete</entry><entry VJ="1" rowsep="0">...............</entry><entry VJ="1" rowsep="0">...............</entry><entry VJ="1" rowsep="0">...............</entry><entry VJ="1" rowsep="0">...............</entry></row><row><entry VJ="1" colsep="0" rowsep="0"/><entry VJ="1" colsep="0" rowsep="0"/><entry VJ="1" nameend="col2" namest="COLSPEC0" rowsep="0">5. Beschäftigungsvergütungen usw.</entry><entry VJ="1" rowsep="0">...............</entry><entry VJ="1" rowsep="0">...............</entry><entry VJ="1" rowsep="0">...............</entry><entry VJ="1" rowsep="0">...............</entry></row><row><entry VJ="1" colsep="0"/><entry VJ="1" colsep="0"/><entry VJ="1" nameend="col2" namest="COLSPEC0">6. Sonstige</entry><entry VJ="1">...............</entry><entry VJ="1">...............</entry><entry VJ="1">...............</entry><entry VJ="1">...............</entry></row><row><entry VJ="1" colsep="0"/><entry VJ="1" colsep="0"/><entry VJ="1" nameend="col2" namest="COLSPEC0">Summe C/I.</entry><entry VJ="1"/><entry VJ="1"/><entry VJ="1"/><entry VJ="1"/></row><row><entry VJ="1" colsep="0"/><entry VJ="1" colsep="0"/><entry VJ="1" colsep="0"/><entry VJ="1" colsep="0"/><entry VJ="1" colsep="0"/><entry VJ="1" colsep="0"/><entry VJ="1" colsep="0"/><entry VJ="1" colsep="0"/><entry VJ="1"/></row><row><entry VJ="1" align="center" colsep="0" morerows="1"/><entry VJ="1" align="center" colsep="0" morerows="1"/><entry VJ="1" align="center" colsep="0" morerows="1"/><entry VJ="1" align="center" colsep="1" morerows="1" nameend="col2" namest="COLSPEC3">Ausgaben- bzw. Einnahmengruppe</entry><entry VJ="1" align="center" rowsep="0">Haushaltstitel</entry><entry VJ="1" align="center" rowsep="0">Rechnungsmäßig nachgewiesene Ausgaben bzw. Einnahmen</entry><entry VJ="1" align="center" rowsep="0">Berichtigungen</entry><entry VJ="1" align="center" rowsep="0">Bereinigte Ausgaben bzw. Einnahmen</entry></row><row><entry VJ="1" align="center">DM</entry><entry VJ="1" align="center">DM</entry><entry VJ="1" align="center">DM</entry><entry VJ="1" align="center">DM</entry></row><row><entry VJ="1" align="center" colsep="0"/><entry VJ="1" align="center" colsep="0"/><entry VJ="1" align="center" colsep="0"/><entry VJ="1" align="center" nameend="col2" namest="COLSPEC3">1</entry><entry VJ="1" align="center">2</entry><entry VJ="1" align="center">3</entry><entry VJ="1" align="center">4</entry><entry VJ="1" align="center">5</entry></row><row><entry VJ="1" align="center" colsep="0" rowsep="0"/><entry VJ="1" align="center" colsep="0" rowsep="0">II.</entry><entry VJ="1" align="left" colsep="1" nameend="col2" namest="COLSPEC0" rowsep="0"><B>Sachausgaben</B></entry><entry VJ="1" align="left" rowsep="0"/><entry VJ="1" align="left" rowsep="0"/><entry VJ="1" align="left" rowsep="0"/><entry VJ="1" align="left" rowsep="0"/></row><row><entry VJ="1" align="center" colsep="0" rowsep="0"/><entry VJ="1" align="center" colsep="0" rowsep="0"/><entry VJ="1" nameend="col2" namest="COLSPEC0" rowsep="0">1. Verpflegung</entry><entry VJ="1" align="left" rowsep="0">...............</entry><entry VJ="1" align="left" rowsep="0">...............</entry><entry VJ="1" align="left" rowsep="0">...............</entry><entry VJ="1" align="left" rowsep="0">...............</entry></row><row><entry VJ="1" align="center" colsep="0" rowsep="0"/><entry VJ="1" align="center" colsep="0" rowsep="0"/><entry VJ="1" nameend="col2" namest="COLSPEC0" rowsep="0">2. Medizinischer Bedarf</entry><entry VJ="1" align="left" rowsep="0">...............</entry><entry VJ="1" align="left" rowsep="0">...............</entry><entry VJ="1" align="left" rowsep="0">...............</entry><entry VJ="1" align="left" rowsep="0">...............</entry></row><row><entry VJ="1" align="center" colsep="0" rowsep="0"/><entry VJ="1" align="center" colsep="0" rowsep="0"/><entry VJ="1" nameend="col2" namest="COLSPEC0" rowsep="0">3. Bewirtschaftung von Grundstücken und Gebäuden</entry><entry VJ="1" align="left" rowsep="0">...............</entry><entry VJ="1" align="left" rowsep="0">...............</entry><entry VJ="1" align="left" rowsep="0">...............</entry><entry VJ="1" align="left" rowsep="0">...............</entry></row><row><entry VJ="1" align="center" colsep="0" rowsep="0"/><entry VJ="1" align="center" colsep="0" rowsep="0"/><entry VJ="1" nameend="col2" namest="COLSPEC0" rowsep="0">4. Betrieb von Fahrzeugen</entry><entry VJ="1" align="left" rowsep="0">...............</entry><entry VJ="1" align="left" rowsep="0">...............</entry><entry VJ="1" align="left" rowsep="0">...............</entry><entry VJ="1" align="left" rowsep="0">...............</entry></row><row><entry VJ="1" align="center" colsep="0" rowsep="0"/><entry VJ="1" align="center" colsep="0" rowsep="0"/><entry VJ="1" nameend="col2" namest="COLSPEC0" rowsep="0">5. Verwaltungsbedarf</entry><entry VJ="1" align="left" rowsep="0">...............</entry><entry VJ="1" align="left" rowsep="0">...............</entry><entry VJ="1" align="left" rowsep="0">...............</entry><entry VJ="1" align="left" rowsep="0">...............</entry></row><row><entry VJ="1" align="center" colsep="0" rowsep="0"/><entry VJ="1" align="center" colsep="0" rowsep="0"/><entry VJ="1" nameend="col2" namest="COLSPEC0" rowsep="0">6. Unterhaltung der Gebäude und Außenanlagen</entry><entry VJ="1" align="left" rowsep="0">...............</entry><entry VJ="1" align="left" rowsep="0">...............</entry><entry VJ="1" align="left" rowsep="0">...............</entry><entry VJ="1" align="left" rowsep="0">...............</entry></row><row><entry VJ="1" align="center" colsep="0" rowsep="0"/><entry VJ="1" align="center" colsep="0" rowsep="0"/><entry VJ="1" nameend="col2" namest="COLSPEC0" rowsep="0">7. Unterhaltung der sonstigen Wirtschaftsgüter</entry><entry VJ="1" align="left" rowsep="0">...............</entry><entry VJ="1" align="left" rowsep="0">...............</entry><entry VJ="1" align="left" rowsep="0">...............</entry><entry VJ="1" align="left" rowsep="0">...............</entry></row><row><entry VJ="1" align="center" colsep="0" rowsep="0"/><entry VJ="1" align="center" colsep="0" rowsep="0"/><entry VJ="1" nameend="col2" namest="COLSPEC0" rowsep="0">8. Ersatz und Ergänzung der kurzlebigen oder kleinwertigen Wirtschaftsgüter</entry><entry VJ="1" align="left" rowsep="0">...............</entry><entry VJ="1" align="left" rowsep="0">...............</entry><entry VJ="1" align="left" rowsep="0">...............</entry><entry VJ="1" align="left" rowsep="0">...............</entry></row><row><entry VJ="1" align="center" colsep="0" rowsep="0"/><entry VJ="1" align="center" colsep="0" rowsep="0"/><entry VJ="1" nameend="col2" namest="COLSPEC0" rowsep="0">9. Ersatz und Ergänzung der sonstigen Wirtschaftsgüter</entry><entry VJ="1" align="left" rowsep="0">...............</entry><entry VJ="1" align="left" rowsep="0">...............</entry><entry VJ="1" align="left" rowsep="0">...............</entry><entry VJ="1" align="center" rowsep="0" valign="middle"><U>      </U></entry></row><row><entry VJ="1" align="center" colsep="0" rowsep="0"/><entry VJ="1" align="center" colsep="0" rowsep="0"/><entry VJ="1" nameend="col2" namest="COLSPEC0" rowsep="0">10. Neu-, Um- und Erweiterungsbauten</entry><entry VJ="1" align="left" rowsep="0">...............</entry><entry VJ="1" align="left" rowsep="0">...............</entry><entry VJ="1" align="left" rowsep="0">...............</entry><entry VJ="1" align="center" rowsep="0"><U>      </U></entry></row><row><entry VJ="1" align="center" colsep="0" rowsep="0"/><entry VJ="1" align="center" colsep="0" rowsep="0"/><entry VJ="1" nameend="col2" namest="COLSPEC0" rowsep="0">11. Teilbeträge nach § 4 der Verordnung</entry><entry VJ="1" align="center" rowsep="0">entfällt</entry><entry VJ="1" align="center" rowsep="0">entfällt</entry><entry VJ="1" align="left" rowsep="0">...............</entry><entry VJ="1" align="left" rowsep="0">...............</entry></row><row><entry VJ="1" align="center" colsep="0"/><entry VJ="1" align="center" colsep="0"/><entry VJ="1" nameend="col2" namest="COLSPEC0">12. Sonstiges</entry><entry VJ="1" align="left">...............</entry><entry VJ="1" align="left">...............</entry><entry VJ="1" align="left">...............</entry><entry VJ="1" align="left">...............</entry></row><row><entry VJ="1" align="center" colsep="0"/><entry VJ="1" align="center" colsep="0"/><entry VJ="1" nameend="col2" namest="COLSPEC0">Summe C/II.</entry><entry VJ="1" align="center"/><entry VJ="1" align="center"/><entry VJ="1" align="center"/><entry VJ="1" align="center"/></row><row><entry VJ="1" align="center" colsep="0" rowsep="1"/><entry VJ="1" align="left" colsep="1" nameend="col2" namest="COLSPEC1" rowsep="1">Brutto-Gesamtaufwand (Summe C)</entry><entry VJ="1" align="center" rowsep="1"/><entry VJ="1" align="center" rowsep="1"/><entry VJ="1" align="center" rowsep="1"/><entry VJ="1" align="center" rowsep="1"/></row><row><entry VJ="1" align="center" colsep="0" rowsep="0"/><entry VJ="1" colsep="0" rowsep="0"/><entry VJ="1" colsep="0" rowsep="0"/><entry VJ="1" colsep="0" rowsep="0"/><entry VJ="1" colsep="1" rowsep="0"/><entry VJ="1" align="center" colsep="1" rowsep="0"/><entry VJ="1" align="center" colsep="1" rowsep="0"/><entry VJ="1" align="center" colsep="1" rowsep="0"/><entry VJ="1" align="center" rowsep="0"/></row><row><entry VJ="1" align="center" colsep="0" rowsep="0">D</entry><entry VJ="1" align="center" colsep="0" rowsep="0"/><entry VJ="1" nameend="col2" namest="COLSPEC0" rowsep="0"><B>Einnahmen</B></entry><entry VJ="1" align="center" rowsep="0"/><entry VJ="1" align="center" rowsep="0"/><entry VJ="1" align="center" rowsep="0"/><entry VJ="1" align="center" rowsep="0"/></row><row><entry VJ="1" align="center" colsep="0" rowsep="0"/><entry VJ="1" align="center" colsep="0" rowsep="0"/><entry VJ="1" align="left" colsep="1" nameend="col2" namest="COLSPEC0" rowsep="0">1. Mieten, Pachten u. ä.</entry><entry VJ="1" align="left" rowsep="0">...............</entry><entry VJ="1" align="left" rowsep="0">...............</entry><entry VJ="1" align="left" rowsep="0">...............</entry><entry VJ="1" align="left" rowsep="0">...............</entry></row><row><entry VJ="1" align="center" colsep="0" rowsep="0"/><entry VJ="1" align="center" colsep="0" rowsep="0"/><entry VJ="1" align="left" colsep="1" nameend="col2" namest="COLSPEC0" rowsep="0">2. Erlöse aus dem Verkauf von sonstigen Wirtschaftsgütern u. a.</entry><entry VJ="1" align="left" rowsep="0">...............</entry><entry VJ="1" align="left" rowsep="0">...............</entry><entry VJ="1" align="left" rowsep="0">...............</entry><entry VJ="1" align="left" rowsep="0">...............</entry></row><row><entry VJ="1" align="center" colsep="0" rowsep="0"/><entry VJ="1" align="center" colsep="0" rowsep="0"/><entry VJ="1" align="left" colsep="1" nameend="col2" namest="COLSPEC0" rowsep="0">3. Einnahmen aus stationärer Krankenbehandlung</entry><entry VJ="1" align="left" rowsep="0">...............</entry><entry VJ="1" align="left" rowsep="0">...............</entry><entry VJ="1" align="left" rowsep="0">...............</entry><entry VJ="1" align="left" rowsep="0">...............</entry></row><row><entry VJ="1" align="center" colsep="0" rowsep="0"/><entry VJ="1" align="center" colsep="0" rowsep="0"/><entry VJ="1" align="left" colsep="1" nameend="col2" namest="COLSPEC0" rowsep="0">4. Einnahmen aus ambulanter Krankenbehandlung</entry><entry VJ="1" align="left" rowsep="0">...............</entry><entry VJ="1" align="left" rowsep="0">...............</entry><entry VJ="1" align="left" rowsep="0">...............</entry><entry VJ="1" align="left" rowsep="0">...............</entry></row><row><entry VJ="1" align="center" colsep="0" rowsep="0"/><entry VJ="1" align="center" colsep="0" rowsep="0"/><entry VJ="1" align="left" colsep="1" nameend="col2" namest="COLSPEC0" rowsep="0">5. Einnahmen aus Beobachtung und Begutachtung</entry><entry VJ="1" align="left" rowsep="0">...............</entry><entry VJ="1" align="left" rowsep="0">...............</entry><entry VJ="1" align="left" rowsep="0">...............</entry><entry VJ="1" align="left" rowsep="0">...............</entry></row><row><entry VJ="1" align="center" colsep="0" rowsep="0"/><entry VJ="1" align="center" colsep="0" rowsep="0"/><entry VJ="1" align="left" colsep="1" nameend="col2" namest="COLSPEC0" rowsep="0">6. Einnahmen aus der Verpflegung von Personal und Gästen</entry><entry VJ="1" align="left" rowsep="0">...............</entry><entry VJ="1" align="left" rowsep="0">...............</entry><entry VJ="1" align="left" rowsep="0">...............</entry><entry VJ="1" align="left" rowsep="0">...............</entry></row><row><entry VJ="1" align="center" colsep="0" rowsep="0"/><entry VJ="1" align="center" colsep="0" rowsep="0"/><entry VJ="1" align="left" colsep="1" nameend="col2" namest="COLSPEC0" rowsep="0">7. Erlöse aus Leistungen und Lieferungen der Hilfsbetriebe</entry><entry VJ="1" align="left" rowsep="0">...............</entry><entry VJ="1" align="left" rowsep="0">...............</entry><entry VJ="1" align="left" rowsep="0">...............</entry><entry VJ="1" align="left" rowsep="0">...............</entry></row><row><entry VJ="1" align="center" colsep="0"/><entry VJ="1" align="center" colsep="0"/><entry VJ="1" align="left" colsep="1" nameend="col2" namest="COLSPEC0">8. Sonstige Einnahmen</entry><entry VJ="1" align="left">...............</entry><entry VJ="1" align="left">...............</entry><entry VJ="1" align="left">...............</entry><entry VJ="1" align="left">...............</entry></row><row><entry VJ="1" align="center" colsep="0"/><entry VJ="1" align="center" colsep="0"/><entry VJ="1" align="left" colsep="1" nameend="col2" namest="COLSPEC0">Gesamteinnahmen (Summe D)</entry><entry VJ="1" align="center"/><entry VJ="1" align="center"/><entry VJ="1" align="center"/><entry VJ="1" align="center"/></row><row><entry VJ="1" align="center" colsep="0"/><entry VJ="1" align="center" colsep="0"/><entry VJ="1" colsep="0"/><entry VJ="1" colsep="0"/><entry VJ="1" colsep="0"/><entry VJ="1" align="center" colsep="0"/><entry VJ="1" align="center" colsep="0"/><entry VJ="1" align="center" colsep="0"/><entry VJ="1" align="center"/></row><row><entry VJ="1" align="center" colsep="0" rowsep="0"/><entry VJ="1" align="center" colsep="0" rowsep="0"/><entry VJ="1" colsep="0" rowsep="0"/><entry VJ="1" colsep="0" rowsep="0"/><entry VJ="1" colsep="0" rowsep="0"/><entry VJ="1" align="center" colsep="0" rowsep="0"/><entry VJ="1" align="center" colsep="1" rowsep="0"/><entry VJ="1" align="center" colsep="1" nameend="col5" namest="col4" rowsep="0">Bereinigte Aufwendungen</entry></row><row><entry VJ="1" align="center" colsep="0"/><entry VJ="1" align="center" colsep="0"/><entry VJ="1" colsep="0"/><entry VJ="1" colsep="0"/><entry VJ="1" colsep="0"/><entry VJ="1" align="center" colsep="0"/><entry VJ="1" align="center" colsep="1"/><entry VJ="1" align="center" nameend="col5" namest="col4">DM</entry></row><row><entry VJ="1" align="center" colsep="0" rowsep="0">E</entry><entry VJ="1" align="center" colsep="0" rowsep="0"/><entry VJ="1" colsep="0" nameend="col2" namest="COLSPEC0" rowsep="0"><B>Netto-Gesamtaufwand (Summe C — D)</B></entry><entry VJ="1" align="center" colsep="0" rowsep="0"/><entry VJ="1" align="center" rowsep="0"/><entry VJ="1" align="center" colsep="0"/><entry VJ="1" align="center"/></row><row><entry VJ="1" align="center" colsep="0"/><entry VJ="1" align="center" colsep="0"/><entry VJ="1" colsep="0" nameend="col2" namest="COLSPEC0">Etwaiger Abzug für Minderbelegung laut beiliegender Sonderrechnung</entry><entry VJ="1" align="center" colsep="0"/><entry VJ="1" align="center"/><entry VJ="1" align="center" colsep="0"/><entry VJ="1" align="center"/></row><row><entry VJ="1" align="center" colsep="0">F</entry><entry VJ="1" align="center" colsep="0"/><entry VJ="1" colsep="0" nameend="col2" namest="COLSPEC0"><B>Gesamtaufwendungen für die Heil- und Krankenbehandlung</B></entry><entry VJ="1" align="center" colsep="0"/><entry VJ="1" align="center"/><entry VJ="1" align="center" colsep="0"/><entry VJ="1" align="center"/></row><row><entry VJ="1" align="center" colsep="0" rowsep="0">G</entry><entry VJ="1" align="center" colsep="0" rowsep="0"/><entry VJ="1" colsep="0" nameend="col2" namest="COLSPEC0" rowsep="0"><B>Berechnung des Aufwands für einen Vergleichstag</B></entry><entry VJ="1" align="center" colsep="0" rowsep="0"/><entry VJ="1" align="center" colsep="0" rowsep="0"/><entry VJ="1" align="center" colsep="0" rowsep="0"/><entry VJ="1" align="center" rowsep="0"/></row><row><entry VJ="1" align="center" colsep="0" rowsep="0"/><entry VJ="1" align="center" colsep="0" rowsep="0"/><entry VJ="1" colsep="1" nameend="col5" namest="COLSPEC0" rowsep="0">Summe F ..................................... geteilt durch die Gesamtzahl der Vergleichstage (Summe B/II.) ............... gleich</entry></row><row><entry VJ="1" align="center" colsep="0" rowsep="0"/><entry VJ="1" align="center" colsep="0" rowsep="0"/><entry VJ="1" colsep="0" rowsep="0"/><entry VJ="1" colsep="0" rowsep="0"/><entry VJ="1" colsep="0" nameend="COLSPEC2" namest="col2" rowsep="0"><B>Aufwand für einen Vergleichstag: ............... DM</B></entry><entry VJ="1" align="center" colsep="0" rowsep="0"/><entry VJ="1" align="center" rowsep="0"/></row><row><entry VJ="1" align="center" colsep="0" rowsep="0">H</entry><entry VJ="1" align="center" colsep="0" rowsep="0"/><entry VJ="1" colsep="0" nameend="col2" namest="COLSPEC0" rowsep="0"><B>Berechnung der vom Bund zu tragenden Aufwendungen</B></entry><entry VJ="1" colsep="0" rowsep="0"/><entry VJ="1" colsep="0" rowsep="0"/><entry VJ="1" align="center" colsep="0" rowsep="0"/><entry VJ="1" align="center" rowsep="0"/></row><row><entry VJ="1" align="center" colsep="0" rowsep="0"/><entry VJ="1" align="center" colsep="0" rowsep="0"/><entry VJ="1" colsep="0" rowsep="0"/><entry VJ="1" colsep="0" nameend="COLSPEC2" namest="COLSPEC3" rowsep="0"><DL Font="normal" Type="arabic"><DT>a)</DT><DD Font="normal"><LA Size="normal">Gesamtzahl der im Abrechnungszeitraum für von den Verwaltungsbehörden der Kriegsopferversorgung eingewiesene Versorgungsberechtigte geleisteten Behandlungstage mit ihrem Vergleichstagewert ............... mal Aufwand für einen</LA></DD></DL></entry><entry VJ="1" align="center" colsep="0" rowsep="0"/><entry VJ="1" align="center" rowsep="0"/></row><row><entry VJ="1" align="center" colsep="0" rowsep="0"/><entry VJ="1" align="center" colsep="0" rowsep="0"/><entry VJ="1" colsep="0" rowsep="0"/><entry VJ="1" colsep="0" rowsep="0">Vergleichstag</entry><entry VJ="1" colsep="0" rowsep="0">..........,........... DM</entry><entry VJ="1" colsep="0" rowsep="0"/><entry VJ="1" align="right" colsep="0" rowsep="0">gleich</entry><entry VJ="1" align="center" colsep="0" rowsep="0"/><entry VJ="1" align="right" rowsep="0">..........,........... DM</entry></row><row><entry VJ="1" align="center" colsep="0" rowsep="0"/><entry VJ="1" align="center" colsep="0" rowsep="0"/><entry VJ="1" colsep="0" rowsep="0"/><entry VJ="1" colsep="0" nameend="COLSPEC2" namest="COLSPEC3" rowsep="0"><DL Font="normal" Type="arabic"><DT>b)</DT><DD Font="normal"><LA Size="normal">Gesamtzahl der im Abrechnungszeitraum für von den Krankenkassen eingewiesene Versorgungsberechtigte geleisteten Behandlungstage mi ihrem Vergleichsagewert von ............... mal Aufwand für einen</LA></DD></DL></entry><entry VJ="1" align="center" colsep="0" rowsep="0"/><entry VJ="1" align="center" rowsep="0"/></row><row><entry VJ="1" align="center" colsep="0" rowsep="0"/><entry VJ="1" align="center" colsep="0" rowsep="0"/><entry VJ="1" colsep="0" rowsep="0"/><entry VJ="1" colsep="0" rowsep="0">Vergleichstag</entry><entry VJ="1" colsep="0" rowsep="0">..........,........... DM</entry><entry VJ="1" align="right" colsep="0" rowsep="0">gleich</entry><entry VJ="1" align="right" colsep="0" rowsep="0">..........,........... DM</entry><entry VJ="1" align="center" colsep="0" rowsep="0"/><entry VJ="1" align="right" rowsep="0"/></row><row><entry VJ="1" align="center" colsep="0" rowsep="0"/><entry VJ="1" align="center" colsep="0" rowsep="0"/><entry VJ="1" colsep="0" rowsep="0"/><entry VJ="1" colsep="0" nameend="col3" namest="COLSPEC3" rowsep="0">abzüglich der von den Krankenkassen bereits geleisteten oder zu leistenden Zahlungen</entry><entry VJ="1" align="right" colsep="0" rowsep="1">..........,........... DM</entry><entry VJ="1" align="center" colsep="0" rowsep="1"/><entry VJ="1" align="right" rowsep="1">..........,........... DM</entry></row><row><entry VJ="1" align="center" colsep="0" rowsep="0"/><entry VJ="1" align="center" colsep="0" rowsep="0"/><entry VJ="1" colsep="0" rowsep="0"/><entry VJ="1" colsep="0" rowsep="0"/><entry VJ="1" colsep="0" rowsep="0"/><entry VJ="1" colsep="0" rowsep="0"/><entry VJ="1" align="right" colsep="0" rowsep="0">Summe H</entry><entry VJ="1" align="center" colsep="0" rowsep="0"/><entry VJ="1" align="right" rowsep="0">DM</entry></row><row><entry VJ="1" align="center" colsep="0" rowsep="0"/><entry VJ="1" align="center" colsep="0" rowsep="0"/><entry VJ="1" colsep="0" rowsep="0"/><entry VJ="1" colsep="0" rowsep="0"/><entry VJ="1" colsep="0" rowsep="0"/><entry VJ="1" colsep="0" rowsep="0"/><entry VJ="1" align="right" colsep="0" rowsep="0"/><entry VJ="1" align="center" colsep="0" rowsep="1"/><entry VJ="1" align="right" rowsep="1"/></row><row><entry VJ="1" align="center" colsep="0" rowsep="1"/><entry VJ="1" align="center" colsep="0" rowsep="1"/><entry VJ="1" colsep="0" rowsep="1"/><entry VJ="1" colsep="0" rowsep="1"/><entry VJ="1" colsep="0" rowsep="1"/><entry VJ="1" colsep="0" rowsep="1"/><entry VJ="1" align="right" colsep="0" rowsep="1"/><entry VJ="1" align="center" colsep="0" rowsep="1"/><entry VJ="1" align="right" rowsep="1"/></row><row><entry VJ="1" align="left" colsep="0" rowsep="0"/><entry VJ="1" colsep="0" rowsep="0"/><entry VJ="1" colsep="0" rowsep="0"/><entry VJ="1" colsep="0" rowsep="0"/><entry VJ="1" colsep="0" rowsep="0"/><entry VJ="1" colsep="0" rowsep="0"/><entry VJ="1" align="right" colsep="0" rowsep="0"/><entry VJ="1" align="center" colsep="0" rowsep="0"/><entry VJ="1" align="right" rowsep="0"/></row><row><entry VJ="1" align="left" colsep="0" nameend="COLSPEC3" namest="col1" rowsep="0">Amtskasse des/ der .....................................</entry><entry VJ="1" colsep="0" rowsep="0"/><entry VJ="1" align="right" colsep="0" nameend="COLSPEC2" namest="col3" rowsep="0"/><entry VJ="1" align="center" colsep="0" rowsep="0">....................................,</entry><entry VJ="1" align="right" rowsep="0">den ...... 19..</entry></row><row><entry VJ="1" align="center" colsep="0" rowsep="0"/><entry VJ="1" align="center" colsep="0" rowsep="0"/><entry VJ="1" colsep="0" rowsep="0"/><entry VJ="1" colsep="0" rowsep="0"/><entry VJ="1" colsep="0" rowsep="0"/><entry VJ="1" colsep="0" rowsep="0"/><entry VJ="1" align="right" colsep="0" rowsep="0"/><entry VJ="1" align="center" colsep="0" rowsep="0"/><entry VJ="1" align="right" rowsep="0"/></row><row><entry VJ="1" align="center" colsep="0" rowsep="0"/><entry VJ="1" align="center" colsep="0" rowsep="0"/><entry VJ="1" colsep="0" rowsep="0"/><entry VJ="1" colsep="0" rowsep="0"/><entry VJ="1" align="center" colsep="0" nameend="COLSPEC2" namest="col2" rowsep="0"><B>Bescheinigung</B></entry><entry VJ="1" align="center" colsep="0" rowsep="0"/><entry VJ="1" align="right" rowsep="0"/></row><row><entry VJ="1" align="center" colsep="0" rowsep="0"/><entry VJ="1" align="center" colsep="0" rowsep="0"/><entry VJ="1" colsep="0" rowsep="0"/><entry VJ="1" colsep="0" rowsep="0"/><entry VJ="1" align="center" colsep="0" rowsep="0"/><entry VJ="1" align="center" colsep="0" rowsep="0"/><entry VJ="1" align="center" colsep="0" rowsep="0"/><entry VJ="1" align="center" colsep="0" rowsep="0"/><entry VJ="1" align="right" rowsep="0"/></row><row><entry VJ="1" align="center" colsep="0" rowsep="0"/><entry VJ="1" align="center" colsep="0" rowsep="0"/><entry VJ="1" colsep="0" rowsep="0"/><entry VJ="1" colsep="1" nameend="col5" namest="COLSPEC3" rowsep="0">Die in dem vorstehenden Abrechnungsbogen erfassten Haushaltseinnahmen und ­ausgaben stimmen mit den Abschlusszahlen in den Titelbüchern der Amtskasse überein.</entry></row><row><entry VJ="1" align="center" colsep="0" rowsep="0"/><entry VJ="1" align="center" colsep="0" rowsep="0"/><entry VJ="1" colsep="0" rowsep="0"/><entry VJ="1" align="center" colsep="0" rowsep="0" valign="bottom">.....................................</entry><entry VJ="1" align="center" colsep="0" rowsep="0"/><entry VJ="1" align="center" colsep="0" rowsep="0"/><entry VJ="1" align="center" colsep="0" rowsep="0"/><entry VJ="1" align="center" colsep="1" nameend="col5" namest="col4" rowsep="0" valign="bottom">.....................................</entry></row><row><entry VJ="1" align="center" colsep="0" rowsep="0"/><entry VJ="1" align="center" colsep="0" rowsep="0"/><entry VJ="1" colsep="0" rowsep="0"/><entry VJ="1" align="center" colsep="0" rowsep="0"><small>(Kassenleiter)</small></entry><entry VJ="1" align="center" colsep="0" rowsep="0"/><entry VJ="1" align="center" colsep="0" rowsep="0"/><entry VJ="1" align="center" colsep="0" rowsep="0"/><entry VJ="1" align="center" colsep="1" nameend="col5" namest="col4" rowsep="0"><small>(Buchhalter)</small></entry></row><row><entry VJ="1" align="center" colsep="0" rowsep="1"/><entry VJ="1" align="center" colsep="0" rowsep="1"/><entry VJ="1" colsep="0" rowsep="1"/><entry VJ="1" align="center" colsep="0" rowsep="1"/><entry VJ="1" align="center" colsep="0" rowsep="1"/><entry VJ="1" align="center" colsep="0" rowsep="1"/><entry VJ="1" align="center" colsep="0" rowsep="1"/><entry VJ="1" align="center" colsep="0" rowsep="1"/><entry VJ="1" align="center" rowsep="1"/></row><row><entry VJ="1" align="left" colsep="0" nameend="COLSPEC3" namest="col1" rowsep="0">Versorgungs.....................................................................</entry><entry VJ="1" align="center" colsep="0" rowsep="0"/><entry VJ="1" align="center" colsep="0" rowsep="0"/><entry VJ="1" align="center" colsep="0" rowsep="0"/><entry VJ="1" align="center" colsep="0" rowsep="0">....................................,</entry><entry VJ="1" align="right" rowsep="0">den ...... 19..</entry></row><row><entry VJ="1" align="center" colsep="0" rowsep="0"/><entry VJ="1" align="center" colsep="0" rowsep="0"/><entry VJ="1" colsep="0" rowsep="0"/><entry VJ="1" align="center" colsep="0" rowsep="0"/><entry VJ="1" align="center" colsep="0" rowsep="0"/><entry VJ="1" align="center" colsep="0" rowsep="0"/><entry VJ="1" align="center" colsep="0" rowsep="0"/><entry VJ="1" align="center" colsep="0" rowsep="0"/><entry VJ="1" align="center" rowsep="0"/></row><row><entry VJ="1" align="center" colsep="0" rowsep="0"/><entry VJ="1" align="center" colsep="0" rowsep="0"/><entry VJ="1" colsep="0" rowsep="0"/><entry VJ="1" align="center" colsep="0" rowsep="0"/><entry VJ="1" align="center" colsep="0" nameend="COLSPEC2" namest="col2" rowsep="0">Sachlich richtig und festgestellt</entry><entry VJ="1" align="center" colsep="0" rowsep="0"/><entry VJ="1" align="center" rowsep="0"/></row><row><entry VJ="1" align="left" colsep="0" nameend="COLSPEC3" namest="col1" rowsep="0"><U>............... Anlagen</U></entry><entry VJ="1" align="center" colsep="0" rowsep="0"/><entry VJ="1" align="center" colsep="0" rowsep="0"/><entry VJ="1" align="center" colsep="0" rowsep="0"/><entry VJ="1" align="center" colsep="0" rowsep="0"/><entry VJ="1" align="center" rowsep="0"/></row><row><entry VJ="1" align="center" colsep="0" rowsep="0"/><entry VJ="1" align="center" colsep="0" rowsep="0"/><entry VJ="1" colsep="0" rowsep="0"/><entry VJ="1" align="center" colsep="0" rowsep="0"/><entry VJ="1" align="center" colsep="0" nameend="COLSPEC2" namest="col2" rowsep="0" valign="bottom">..............................................</entry><entry VJ="1" align="center" colsep="0" rowsep="0"/><entry VJ="1" align="center" rowsep="0"/></row><row><entry VJ="1" align="center" colsep="0" rowsep="0"/><entry VJ="1" align="center" colsep="0" rowsep="0"/><entry VJ="1" colsep="0" rowsep="0"/><entry VJ="1" align="center" colsep="0" rowsep="0"/><entry VJ="1" align="center" colsep="0" nameend="COLSPEC2" namest="col2" rowsep="0"><small>(Unterschrift, Amtsbezeichnung)</small></entry><entry VJ="1" align="center" colsep="0" rowsep="0"/><entry VJ="1" align="center" rowsep="0"/></row><row><entry VJ="1" align="center" colsep="0" rowsep="1"/><entry VJ="1" align="center" colsep="0" rowsep="1"/><entry VJ="1" colsep="0" rowsep="1"/><entry VJ="1" align="center" colsep="0" rowsep="1"/><entry VJ="1" align="center" colsep="0" rowsep="1"/><entry VJ="1" align="center" colsep="0" rowsep="1"/><entry VJ="1" align="center" colsep="0" rowsep="1"/><entry VJ="1" align="center" colsep="0" rowsep="1"/><entry VJ="1" align="center" rowsep="1"/></row><row><entry VJ="1" align="center" colsep="0" rowsep="0"/><entry VJ="1" align="center" colsep="0" rowsep="0"/><entry VJ="1" colsep="0" rowsep="0"/><entry VJ="1" align="center" colsep="0" rowsep="0"/><entry VJ="1" align="center" colsep="0" rowsep="0"/><entry VJ="1" align="center" colsep="0" rowsep="0"/><entry VJ="1" align="center" colsep="0" rowsep="0"/><entry VJ="1" align="center" colsep="0" rowsep="0"/><entry VJ="1" align="center" rowsep="0"/></row><row><entry VJ="1" align="left" colsep="0" nameend="COLSPEC3" namest="col1" rowsep="0">Landesversorgungsamt</entry><entry VJ="1" align="left" colsep="0" rowsep="0" valign="bottom">....................................</entry><entry VJ="1" align="center" colsep="0" rowsep="0"/><entry VJ="1" align="center" colsep="0" rowsep="0"/><entry VJ="1" align="center" colsep="0" rowsep="0">....................................,</entry><entry VJ="1" align="right" rowsep="0">den ...... 19..</entry></row><row><entry VJ="1" align="center" colsep="0" rowsep="0"/><entry VJ="1" align="center" colsep="0" rowsep="0"/><entry VJ="1" colsep="0" rowsep="0"/><entry VJ="1" align="center" colsep="0" rowsep="0"/><entry VJ="1" align="center" colsep="0" rowsep="0"/><entry VJ="1" align="center" colsep="0" rowsep="0"/><entry VJ="1" align="center" colsep="0" rowsep="0"/><entry VJ="1" align="center" colsep="0" rowsep="0"/><entry VJ="1" align="center" rowsep="0"/></row><row><entry VJ="1" align="center" colsep="0" rowsep="0"/><entry VJ="1" align="center" colsep="0" rowsep="0"/><entry VJ="1" colsep="0" rowsep="0"/><entry VJ="1" align="center" colsep="0" rowsep="0"/><entry VJ="1" align="center" colsep="0" nameend="COLSPEC2" namest="col2" rowsep="0">Geprüft!</entry><entry VJ="1" align="center" colsep="0" rowsep="0"/><entry VJ="1" align="center" rowsep="0"/></row><row><entry VJ="1" align="center" colsep="0" rowsep="0"/><entry VJ="1" align="center" colsep="0" rowsep="0"/><entry VJ="1" colsep="0" rowsep="0"/><entry VJ="1" align="center" colsep="0" rowsep="0"/><entry VJ="1" align="center" colsep="0" rowsep="0"/><entry VJ="1" align="center" colsep="0" rowsep="0"/><entry VJ="1" align="center" colsep="0" rowsep="0"/><entry VJ="1" align="center" colsep="0" rowsep="0"/><entry VJ="1" align="center" rowsep="0"/></row><row><entry VJ="1" align="center" colsep="0" rowsep="0"/><entry VJ="1" align="center" colsep="0" rowsep="0"/><entry VJ="1" colsep="0" rowsep="0"/><entry VJ="1" align="center" colsep="0" rowsep="0"/><entry VJ="1" align="center" colsep="0" nameend="COLSPEC2" namest="col2" rowsep="0">..............................................</entry><entry VJ="1" align="center" colsep="0" rowsep="0"/><entry VJ="1" align="center" rowsep="0"/></row><row><entry VJ="1" align="center" colsep="0"/><entry VJ="1" align="center" colsep="0"/><entry VJ="1" colsep="0"/><entry VJ="1" align="center" colsep="0"/><entry VJ="1" align="center" colsep="0" nameend="COLSPEC2" namest="col2"><small>(Unterschrift, Amtsbezeichnung)</small></entry><entry VJ="1" align="center" colsep="0"/><entry VJ="1" align="center"/></row></tbody></tgroup></table></Content></text></textdaten></norm>
</dokumente>