<?xml version="1.0" encoding="UTF-8" ?><!DOCTYPE dokumente SYSTEM "http://www.gesetze-im-internet.de/dtd/1.01/gii-norm.dtd">
<dokumente builddate="20200317212503" doknr="BJNR105200008"><norm builddate="20200317212503" doknr="BJNR105200008"><metadaten><jurabk>ProTechPrV</jurabk><ausfertigung-datum manuell="ja">2008-06-17</ausfertigung-datum><fundstelle typ="amtlich"><periodikum>BGBl I</periodikum><zitstelle>2008, 1052</zitstelle></fundstelle><langue>Verordnung über die Prüfung zum anerkannten Abschluss Geprüfter Prozessmanager – Produktionstechnologie/Geprüfte Prozessmanagerin – Produktionstechnologie</langue><standangabe checked="ja"><standtyp>Stand</standtyp><standkommentar>Zuletzt geändert durch Art. 42 V v. 9.12.2019 I 2153</standkommentar></standangabe></metadaten><textdaten><fussnoten><Content><P><BR/> <pre xml:space="preserve">(+++ Textnachweis ab: 26.6.2008 +++)<BR/><BR/></pre>(+++ Zur Anwendung vgl. §§ 1 u. 3 FortbVenÄndV6AnwV +++)</P></Content></fussnoten></textdaten></norm>
<norm builddate="20200317212503" doknr="BJNR105200008BJNE000100000"><metadaten><jurabk>ProTechPrV</jurabk><enbez>Eingangsformel</enbez></metadaten><textdaten><text format="XML"><Content><P>Auf Grund des § 53 Abs. 1 in Verbindung mit Abs. 2 des Berufsbildungsgesetzes vom 23. März 2005 (BGBl. I S. 931), dessen Absatz 1 durch Artikel 232 Nr. 3 Buchstabe a der Verordnung vom 31. Oktober 2006 (BGBl. I S. 2407) geändert worden ist, verordnet das Bundesministerium für Bildung und Forschung nach Anhörung des Hauptausschusses des Bundesinstituts für Berufsbildung im Einvernehmen mit dem Bundesministerium für Wirtschaft und Technologie:</P></Content></text></textdaten></norm>
<norm builddate="20200317212503" doknr="BJNR105200008BJNE000200000"><metadaten><jurabk>ProTechPrV</jurabk><enbez>§ 1</enbez><titel format="XML">Ziel der Prüfung und Bezeichnung des Abschlusses</titel></metadaten><textdaten><text format="XML"><Content><P>(1) Die zuständige Stelle kann berufliche Fortbildungsprüfungen zum Geprüften Prozessmanager – Produktionstechnologie/zur Geprüften Prozessmanagerin – Produktionstechnologie nach den §§ 2 bis 9 durchführen, in denen die auf einen beruflichen Aufstieg abzielende Erweiterung der beruflichen Handlungsfähigkeit nachzuweisen ist.</P><P>(2) Ziel der Prüfung ist der Nachweis der Befähigung, Produktionsprozesse planen, gestalten, implementieren, sichern und optimieren sowie Führungsaufgaben wahrnehmen zu können.</P><P>(3) Durch die Prüfung soll die Fähigkeit nachgewiesen werden, unter Berücksichtigung technischer und betriebswirtschaftlicher Zusammenhänge und der Qualität <DL Font="normal" Type="arabic"><DT>1.</DT><DD Font="normal"><LA Size="normal">das Prozessmanagement für die Produktion und damit verbundene Innovations- und Verbesserungsvorhaben, einschließlich Klären und Festlegen von Prozesszielen, Identifizieren und Analysieren von Prozessen und Potentialen, Initiieren, Steuern und Umsetzen der Vorhaben, Disponieren und Steuern von Prozessressourcen, Veranlassen von Prozessüberwachungen, -prüfungen und -bewertungen sowie</LA></DD><DT>2.</DT><DD Font="normal"><LA Size="normal">das Projektmanagement für komplexe Projekte in der Produktion, einschließlich Planen von Projekten und Kosten, Vorgeben der Rahmenbedingungen, Zusammenstellen der Projektteams, Steuern der Projektabläufe, Erstellen von Abschlussberichten und Dokumentationen</LA></DD></DL>in Zusammenhang mit den in den folgenden Prozessphasen genannten Aufgaben durchführen zu können: <DL Font="normal" Type="arabic"><DT>1.</DT><DD Font="normal"><LA Size="normal">Produkt- und Prozesskonzeption:<BR/><BR/>Analysieren von Vorgaben und Lastenhefte für Produkt- und Produktionskonzepte, Entwickeln und Bewerten von Ideen für neue Produktionsprozesse, Beraten hinsichtlich produktionsgerechter Produktgestaltung, Entwickeln von Prozesskonzepten, Mitarbeit an Ressourcen- und Logistikkonzepten, Formulieren von Pflichtenheften, Freigeben von Entwurfsergebnissen,</LA></DD><DT>2.</DT><DD Font="normal"><LA Size="normal">Prozessentwicklung:<BR/><BR/>Entwickeln neuer Produktionsprozesse, Prüfmethoden und -abläufe, Gestalten des Layout von Produktionsbereichen, Erstellen der Konzeption für Produktionsanlagen und -mittel, Gestalten von Arbeitssystemen und Arbeitsplätzen, Einsetzen von Simulationstechniken, Gestalten von Beschaffungs- und Logistikprozessen, Beurteilen der Leistungserstellung hinsichtlich Eigenproduktion oder Fremdvergabe, Beteiligen von betrieblichen und außerbetrieblichen Stellen bei der Prozessentwicklung, Freigeben von Entwicklungsergebnissen,</LA></DD><DT>3.</DT><DD Font="normal"><LA Size="normal">Prozessimplementierung, Produktionsanlauf:<BR/><BR/>Entwickeln von Einführungs- und Anlaufkonzepten, Einbinden von Steuerungs- und Kommunikationssystemen, Planen und Steuern der Muster-, der Vorserien- und Nullserienproduktion, Bestätigen des Prozesskonzepts, Verfolgen von Prozessindikatoren, Sichern und Optimieren der Prozessstabilität, Bewerten von Leistungs-, Qualitäts-, Kosten- und Terminrisiken, Fixieren der Prozesse, Erteilen von Freigaben, Übergeben an den Kunden oder an die Produktion,</LA></DD><DT>4.</DT><DD Font="normal"><LA Size="normal">Produktionsplanung und -steuerung:<BR/><BR/>Analysieren und Planen von Produktionsaufträgen, Überwachen der Leistungserbringung, Termine und Qualität, Setzen von Prioritäten bei der Auftragsabwicklung, Sichern der Datenstrukturen und Datenflüsse in der Produktion, Planen, Steuern und Kontrollieren des Budgets, Planen des Personalbedarfs und der Personalentwicklung, Wahrnehmen von Personalführungs- und Personalmanagementaufgaben, Planen, Leiten und Unterstützen von Qualifizierungsprozessen, Evaluieren der Anlagenverfügbarkeit.</LA></DD></DL></P><P>(4) Die erfolgreich abgelegte Prüfung führt zum anerkannten Abschluss Geprüfter Prozessmanager – Produktionstechnologie/Geprüfte Prozessmanagerin – Produktionstechnologie.</P></Content></text></textdaten></norm>
<norm builddate="20200317212503" doknr="BJNR105200008BJNE000301360"><metadaten><jurabk>ProTechPrV</jurabk><enbez>§ 2</enbez><titel format="XML">Zulassungsvoraussetzungen</titel></metadaten><textdaten><text format="XML"><Content><P>(1) Zur Prüfung ist zuzulassen, wer <DL Type="arabic"><DT>1.</DT><DD Font="normal"><LA>eine mit Erfolg abgelegte Abschlussprüfung im anerkannten Ausbildungsberuf „Produktionstechnologe/Produktionstechnologin“ und danach eine mindestens einjährige Berufspraxis oder</LA></DD><DT>2.</DT><DD Font="normal"><LA>eine mit Erfolg abgelegte Abschlussprüfung in einem sonstigen anerkannten Ausbildungsberuf und danach eine mindestens zweijährige Berufspraxis oder</LA></DD><DT>3.</DT><DD Font="normal"><LA>eine mindestens vierjährige Berufspraxis</LA></DD></DL>nachweist.</P><P>(2) Die Berufspraxis nach Absatz 1 Nr. 1 bis 3 muss wesentliche Bezüge zu den Aufgaben eines Geprüften Prozessmanagers – Produktionstechnologie/einer Geprüften Prozessmanagerin – Produktionstechnologie im Sinne des § 1 Abs. 2 und 3 haben und eine Qualifikation eines der Spezialisten in der Produktionstechnologie nach der Anlage oder eine fachlich und nach Breite und Tiefe entsprechende Qualifikation beinhalten.</P><P>(3) Abweichend von den in den Absätzen 1 und 2 genannten Voraussetzungen kann zur Prüfung auch zugelassen werden, wer durch Vorlage von Zeugnissen oder auf andere Weise glaubhaft macht, Fertigkeiten, Kenntnisse und Fähigkeiten (berufliche Handlungsfähigkeit) erworben zu haben, die die Zulassung zur Prüfung rechtfertigen.</P></Content></text><fussnoten/></textdaten></norm>
<norm builddate="20200317212503" doknr="BJNR105200008BJNE000400000"><metadaten><jurabk>ProTechPrV</jurabk><enbez>§ 3</enbez><titel format="XML">Gliederung der Prüfung</titel></metadaten><textdaten><text format="XML"><Content><P>Die Prüfung gliedert sich in die Prüfungsteile: <DL Type="arabic"><DT>1.</DT><DD Font="normal"><LA>Produktionsprozesse,</LA></DD><DT>2.</DT><DD Font="normal"><LA>Prozessmanagement,</LA></DD><DT>3.</DT><DD Font="normal"><LA>Mitarbeiterführung und Personalmanagement.</LA></DD></DL>Die einzelnen Prüfungsteile können in beliebiger Reihenfolge geprüft werden; dabei ist mit dem letzten Prüfungsteil spätestens fünf Jahre nach dem ersten Prüfungstag des ersten Prüfungsteils zu beginnen.</P></Content></text></textdaten></norm>
<norm builddate="20200317212503" doknr="BJNR105200008BJNE000501128"><metadaten><jurabk>ProTechPrV</jurabk><enbez>§ 4</enbez><titel format="XML">Prüfungsteil „Produktionsprozesse“</titel></metadaten><textdaten><text format="XML"><Content><P>(1) Im Prüfungsteil „Produktionsprozesse“ sollen die folgenden Befähigungen nachgewiesen werden: <DL Font="normal" Type="arabic"><DT>1.</DT><DD Font="normal"><LA Size="normal">Analysieren von technischen und organisatorischen Problemstellungen bei Änderungen von Produktionsprozessen oder der Produktion,</LA></DD><DT>2.</DT><DD Font="normal"><LA Size="normal">Konzipieren von Lösungen, Planen der organisatorischen und ausrüstungstechnischen Änderungen sowie der Prozessanpassungen,</LA></DD><DT>3.</DT><DD Font="normal"><LA Size="normal">Strukturieren von Projekten und Prozessen, Planen von Kosten und Ressourcen, Untersuchen und Bewerten von Varianten,</LA></DD><DT>4.</DT><DD Font="normal"><LA Size="normal">Ermitteln des Personalbedarfs und Beschreiben der qualifikatorischen Anforderungen an das Personal,</LA></DD><DT>5.</DT><DD Font="normal"><LA Size="normal">Planen, Koordinieren und Realisieren von Qualitätsmanagementmaßnahmen,</LA></DD><DT>6.</DT><DD Font="normal"><LA Size="normal">Durchführen von Gefährdungsbeurteilungen,</LA></DD><DT>7.</DT><DD Font="normal"><LA Size="normal">Leiten der Umsetzung von Projekten, Organisieren effizienter Arbeitsabläufe, Koordinieren des Einsatzes von Mitarbeitern, Einsetzen von Controlling-Instrumenten, insbesondere zur Überwachung von Budgets, Terminen und Qualitätszielen,</LA></DD><DT>8.</DT><DD Font="normal"><LA Size="normal">Dokumentieren von Lösungen, Abläufen, technischen Prüfungen, sicherheitsrelevanten Maßnahmen,</LA></DD><DT>9.</DT><DD Font="normal"><LA Size="normal">Reflektieren von Projektverläufen, von Kosten und Qualität, Erarbeiten von Verbesserungsvorschlägen,</LA></DD><DT>10.</DT><DD Font="normal"><LA Size="normal">Darstellen getroffener Entscheidungen, Vertreten von Konzeptionen und Lösungsvorschlägen.</LA></DD></DL></P><P>(2) Zum Nachweis der Qualifikationen ist eine Dokumentation über ein Projekt anzufertigen. Die zu prüfende Person reicht hierzu einen Vorschlag ein. Der Prüfungsausschuss führt darüber ein Beratungsgespräch und trifft eine Zielvereinbarung über durchzuführende Arbeiten, Art und Umfang der zu erstellenden Dokumentation sowie den Abgabetermin. Dabei darf zwischen dem Tag des Beratungsgesprächs und dem Abgabetermin der Dokumentation längstens ein Zeitraum von einem Jahr liegen.</P><P>(3) Entspricht die Dokumentation den Anforderungen nach den Absätzen 1 und 2, sind die Inhalte vor dem Prüfungsausschuss zu präsentieren. Die Form der Präsentation und der Einsatz technischer Mittel stehen der zu prüfenden Person frei. Die verwendeten Unterlagen sind dem Prüfungsausschuss zu überlassen. Nach der Präsentation schließt sich ein Fachgespräch an, das auf der Grundlage der Dokumentation und der Präsentation geführt wird. Die Präsentation soll mindestens 20 Minuten und höchstens 30 Minuten, das Fachgespräch und die Präsentation zusammen mindestens 60 Minuten, höchstens 90 Minuten dauern.</P><P>(4) Auf Grund der Dokumentation, der Präsentation und des Fachgesprächs sind die Befähigungen nach Absatz 1 zu bewerten.</P></Content></text><fussnoten><Content><P>(+++ Zur Anwendung vgl. §§ 1 u. 3 FortbVenÄndV6AnwV +++)</P></Content></fussnoten></textdaten></norm>
<norm builddate="20200317212503" doknr="BJNR105200008BJNE000600000"><metadaten><jurabk>ProTechPrV</jurabk><enbez>§ 5</enbez><titel format="XML">Prüfungsteil „Prozessmanagement“</titel></metadaten><textdaten><text format="XML"><Content><P>(1) Im Prüfungsteil „Prozessmanagement“ soll die Befähigung zur Bewältigung berufstypischer Probleme nachgewiesen werden. Insbesondere sollen folgende Befähigungen nachgewiesen werden: <DL Type="arabic"><DT>1.</DT><DD Font="normal"><LA>Im Qualifikationsschwerpunkt „Produktionskonzept“ soll die Fähigkeit nachgewiesen werden, neue Prozesse und Prozessbausteine entwickeln, Projekte für den Produktionsanlauf planen und Produktentwickler hinsichtlich produktionsgerechter Gestaltung beraten zu können; in diesem Rahmen können folgende Qualifikationsinhalte geprüft werden: <DL Type="alpha"><DT>a)</DT><DD Font="normal"><LA>Entwickeln von Fertigungs-, Montage- und Logistikkonzepten für neue Produkte oder Produktänderungen unter Berücksichtigung von Investitionen,</LA></DD><DT>b)</DT><DD Font="normal"><LA>Beurteilen der technischen Machbarkeit von Produktvorschlägen, Beraten der Produktentwickler hinsichtlich produktionsgerechter Gestaltung,</LA></DD><DT>c)</DT><DD Font="normal"><LA>Ermitteln der Durchlaufzeiten und Kosten neuer oder geänderter Produktionsprozesse,</LA></DD><DT>d)</DT><DD Font="normal"><LA>Planen von Projekten für die Prozesserprobung und den Serienhochlauf;</LA></DD></DL></LA></DD><DT>2.</DT><DD Font="normal"><LA>im Qualifikationsschwerpunkt „Produktionsablauf“ soll die Fähigkeit nachgewiesen werden, Produktionsbereiche planen sowie die laufende Produktion gestalten und verbessern zu können; in diesem Rahmen können folgende Qualifikationsinhalte geprüft werden: <DL Type="alpha"><DT>a)</DT><DD Font="normal"><LA>Analysieren und Planen von Produktionsaufträgen,</LA></DD><DT>b)</DT><DD Font="normal"><LA>Planen des Personalbedarfs und des Budgets,</LA></DD><DT>c)</DT><DD Font="normal"><LA>Bewerten von Produktqualität und bereichsbezogenen Kosten,</LA></DD><DT>d)</DT><DD Font="normal"><LA>Planen von Verbesserungsprojekten,</LA></DD><DT>e)</DT><DD Font="normal"><LA>Planen und Gestalten von Produktionsbereichen, Auswählen von Produktionsmitteln, Gestalten von Arbeitsplätzen, Sichern der Datenstrukturen und -flüsse,</LA></DD><DT>f)</DT><DD Font="normal"><LA>Ermitteln von Investitionskosten.</LA></DD></DL></LA></DD></DL></P><P>(2) Es sind zwei Situationsaufgaben schriftlich zu bearbeiten. Eine Situationsaufgabe soll schwerpunktmäßig den Qualifikationsschwerpunkt „Produktionskonzept“, die andere Situationsaufgabe den Qualifikationsschwerpunkt „Produktionsablauf“ thematisieren. Qualifikationsinhalte aus dem jeweils anderen Qualifikationsschwerpunkt und Qualifikationsinhalte aus dem Prüfungsteil „Mitarbeiterführung und Personalmanagement“ sollen berücksichtigt werden. Die Prüfungsdauer der einzelnen Situationsaufgaben beträgt jeweils mindestens 120 Minuten, insgesamt jedoch nicht mehr als 300 Minuten.</P><P>(3) Wurde in nicht mehr als einer Situationsaufgabe eine mangelhafte Prüfungsleistung erbracht, ist eine mündliche Ergänzungsprüfung anzubieten. Bei einer ungenügenden schriftlichen Prüfungsleistung besteht diese Möglichkeit nicht. Die Ergänzungsprüfung soll in der Regel nicht länger als 20 Minuten dauern. Die Bewertung der schriftlichen Prüfungsleistung und die der mündlichen Ergänzungsprüfung werden zu einer Prüfungsleistung zusammengefasst. Dabei wird die Bewertung der schriftlichen Prüfungsleistung doppelt gewichtet.</P></Content></text></textdaten></norm>
<norm builddate="20200317212503" doknr="BJNR105200008BJNE000701128"><metadaten><jurabk>ProTechPrV</jurabk><enbez>§ 6</enbez><titel format="XML">Prüfungsteil „Mitarbeiterführung und Personalmanagement“</titel></metadaten><textdaten><text format="XML"><Content><P>(1) Im Prüfungsteil „Mitarbeiterführung und Personalmanagement“ ist eine Situationsaufgabe schriftlich zu bearbeiten sowie ein situationsbezogenes Fachgespräch zu führen.</P><P>(2) Durch die Bearbeitung der Situationsaufgabe sind folgende Befähigungen nachzuweisen: <DL Font="normal" Type="arabic"><DT>1.</DT><DD Font="normal"><LA Size="normal">Im Qualifikationsschwerpunkt „Personalplanung, -auswahl und -entwicklung“ soll die Fähigkeit nachgewiesen werden, den Personalbedarf ermitteln, Personalentwicklungspotentiale einschätzen, Personalentwicklungs- und Qualifizierungsziele festlegen und den Personaleinsatz entsprechend den betrieblichen Anforderungen und arbeitsrechtlichen Bestimmungen unter Beachtung der Beteiligungsrechte der Mitarbeitervertretung sicherstellen zu können; in diesem Rahmen können folgende Qualifikationsinhalte geprüft werden: <DL Font="normal" Type="alpha"><DT>a)</DT><DD Font="normal"><LA Size="normal">Ermitteln und Bestimmen des qualitativen und quantitativen Personalbedarfs unter Berücksichtigung technischer und organisatorischer Veränderungen, Erstellen von Anforderungsprofilen,</LA></DD><DT>b)</DT><DD Font="normal"><LA Size="normal">Planen der Personalgewinnung durch Aus- und Fortbildung sowie durch Rekrutierung,</LA></DD><DT>c)</DT><DD Font="normal"><LA Size="normal">Vorbereiten und Durchführen von Personalauswahlgesprächen,</LA></DD><DT>d)</DT><DD Font="normal"><LA Size="normal">Auswählen und Einsetzen von Mitarbeitern,</LA></DD><DT>e)</DT><DD Font="normal"><LA Size="normal">Mitwirken bei der Ausgestaltung von Arbeitsverträgen,</LA></DD><DT>f)</DT><DD Font="normal"><LA Size="normal">Anwenden des Arbeits- und Tarifrechts,</LA></DD><DT>g)</DT><DD Font="normal"><LA Size="normal">Ermitteln von kurz- und langfristigen Qualifizierungsbedarfen,</LA></DD><DT>h)</DT><DD Font="normal"><LA Size="normal">Mitwirken bei Qualifizierungsaktivitäten und Erstellen von Qualifizierungskonzepten,</LA></DD><DT>i)</DT><DD Font="normal"><LA Size="normal">Planen und Organisieren von Einarbeitung, Praktika, Aus- und Fortbildung;</LA></DD></DL></LA></DD><DT>2.</DT><DD Font="normal"><LA Size="normal">im Qualifikationsschwerpunkt „Mitarbeiter- und Teamführung“ soll die Fähigkeit nachgewiesen werden, Personalmaßnahmen durchführen, Mitarbeiter sowie Teams führen, deren Entwicklung fördern, motivieren und einsetzen zu können; in diesem Rahmen können folgende Qualifikationsinhalte geprüft werden: <DL Font="normal" Type="alpha"><DT>a)</DT><DD Font="normal"><LA Size="normal">Beurteilen von Mitarbeitern,</LA></DD><DT>b)</DT><DD Font="normal"><LA Size="normal">Anwenden von Führungsmethoden und -techniken,</LA></DD><DT>c)</DT><DD Font="normal"><LA Size="normal">Motivieren der Mitarbeiter zur Bewältigung betrieblicher Aufgaben,</LA></DD><DT>d)</DT><DD Font="normal"><LA Size="normal">Beurteilen und Fördern der beruflichen Entwicklung des Einzelnen unter Beachtung des bisherigen Berufsweges und unter Berücksichtigung persönlicher und sozialer Gegebenheiten,</LA></DD><DT>e)</DT><DD Font="normal"><LA Size="normal">Anwenden von Methoden der Begleitung und Beratung in Qualifizierungsprozessen,</LA></DD><DT>f)</DT><DD Font="normal"><LA Size="normal">Anwenden von Methoden zur Lösung betrieblicher Konflikte, Berücksichtigen kultureller Unterschiede,</LA></DD><DT>g)</DT><DD Font="normal"><LA Size="normal">Führen von Teams, insbesondere gemeinsames Entwickeln von Zielen, Festlegen von Handlungsspielräumen und Ergreifen von Aktivitäten bei Zielabweichung, Beurteilen von Einflüssen der Gruppenstruktur auf das Gruppenverhalten und die Zusammenarbeit sowie Entwickeln und Umsetzen von Alternativen, Erkennen von Teamkonflikten und Entwickeln von Lösungen im Sinne einer gemeinsamen Teameffizienz,</LA></DD><DT>h)</DT><DD Font="normal"><LA Size="normal">Berücksichtigen von Arbeitsschutzbestimmungen und Arbeitszeitordnungen,</LA></DD><DT>i)</DT><DD Font="normal"><LA Size="normal">Beenden von Arbeitsverhältnissen, Erstellen von Zeugnissen.</LA></DD></DL></LA></DD></DL>Die Situationsaufgabe ist so zu gestalten, dass beide Qualifikationsschwerpunkte thematisiert werden. Qualifikationsinhalte aus den Qualifikationsschwerpunkten „Produktionskonzept“ und „Produktionsablauf“ des Prüfungsteils Prozessmanagement sollen berücksichtigt werden. Die Prüfungsdauer der Situationsaufgabe beträgt mindestens 120 Minuten und höchstens 150 Minuten.</P><P>(3) Wurde in der Situationsaufgabe eine mangelhafte Prüfungsleistung erbracht, ist eine mündliche Ergänzungsprüfung anzubieten. Bei einer ungenügenden schriftlichen Prüfungsleistung besteht diese Möglichkeit nicht. Die einzelne Ergänzungsprüfung soll in der Regel nicht länger als 20 Minuten dauern. Die Bewertung der schriftlichen Prüfungsleistung und die der mündlichen Ergänzungsprüfung werden zu einer Note zusammengefasst. Dabei wird die Bewertung der schriftlichen Prüfungsleistung doppelt gewichtet.</P><P>(4) Durch das situationsbezogene Fachgespräch sind folgende Befähigungen in den in den Nummern 1 und 2 aufgeführten Anwendungsfällen nachzuweisen: <DL Font="normal" Type="arabic"><DT>1.</DT><DD Font="normal"><LA Size="normal">Im Anwendungsfall „Vorbereiten und Durchführen eines Einstellungsgespräches“ soll die Fähigkeit nachgewiesen werden, die Rahmenbedingungen für ein Gespräch gestalten, Bewerber beurteilen, Einsatz und Entwicklungsperspektiven für den Bewerber aufzeigen und das Einstellungsgespräch zielgerichtet führen zu können,</LA></DD><DT>2.</DT><DD Font="normal"><LA Size="normal">im Anwendungsfall „Vorbereiten und Durchführen eines Mitarbeitergespräches“ soll die Fähigkeit nachgewiesen werden, die Rahmenbedingungen für ein Gespräch gestalten, Mitarbeiter beurteilen, Zielvereinbarungen treffen, Entwicklungsperspektiven für den Mitarbeiter aufzeigen, Kritik annehmen sowie das Gespräch zielgerichtet führen zu können.</LA></DD></DL>Die zu prüfende Person wählt einen der Anwendungsfälle aus. Das situationsbezogene Fachgespräch soll mindestens 45 und höchstens 60 Minuten dauern.</P></Content></text><fussnoten><Content><P>(+++ Zur Anwendung vgl. §§ 1 u. 3 FortbVenÄndV6AnwV +++)</P></Content></fussnoten></textdaten></norm>
<norm builddate="20200317212503" doknr="BJNR105200008BJNE000802128"><metadaten><jurabk>ProTechPrV</jurabk><enbez>§ 7</enbez><titel format="XML">Befreiung von einzelnen Prüfungsbestandteilen</titel></metadaten><textdaten><text format="XML"><Content><P>Wird die zu prüfende Person nach § 56 Absatz 2 des Berufsbildungsgesetzes von der Ablegung einzelner Prüfungsbestandteile befreit, bleiben diese Prüfungsbestandteile für die Anwendung der §§ 8 und 9 außer Betracht. Für die übrigen Prüfungsbestandteile erhöhen sich die Anteile nach § 8 Absatz 3 Satz 1 oder Absatz 3 Satz 2 oder § 9 Absatz 3 Satz 2 entsprechend ihrem Verhältnis zueinander. Allein diese Prüfungsbestandteile sind den Entscheidungen des Prüfungsausschusses zugrunde zu legen. Eine vollständige Befreiung ist nicht zulässig.</P></Content></text><fussnoten><Content><P>(+++ Zur Anwendung vgl. §§ 1 u. 3 FortbVenÄndV6AnwV +++)</P></Content></fussnoten></textdaten></norm>
<norm builddate="20200317212503" doknr="BJNR105200008BJNE000901128"><metadaten><jurabk>ProTechPrV</jurabk><enbez>§ 8</enbez><titel format="XML">Bewerten der Prüfungsleistungen</titel></metadaten><textdaten><text format="XML"><Content><P>(1) Jede Prüfungsleistung ist nach Maßgabe der Anlage 2 mit Punkten zu bewerten.</P><P>(2) Der Prüfungsteil „Produktionsprozesse“, die zwei Situationsaufgaben im Prüfungsteil „Prozessmanagement“ sowie die Situationsaufgabe und das situationsbezogene Fachgespräch im Prüfungsteil „Mitarbeiterführung und Personalmanagement“ sind einzeln zu bewerten.</P><P>(3) Im Prüfungsteil „Prozessmanagement“ ist das arithmetische Mittel aus den Bewertungen der Situationsaufgaben zu bilden. Im Prüfungsteil „Mitarbeiterführung und Personalmanagement“ ist das arithmetische Mittel aus den Bewertungen der Situationsaufgabe und des situativen Fachgesprächs zu bilden.</P></Content></text><fussnoten><Content><P>(+++ Zur Anwendung vgl. §§ 1 u. 3 FortbVenÄndV6AnwV +++)</P></Content></fussnoten></textdaten></norm>
<norm builddate="20200317212503" doknr="BJNR105200008BJNE001600128"><metadaten><jurabk>ProTechPrV</jurabk><enbez>§ 9</enbez><titel format="XML">Bestehen der Prüfung, Gesamtnote</titel></metadaten><textdaten><text format="XML"><Content><P>(1) Die Prüfung ist bestanden, wenn ohne Rundung in allen Prüfungsleistungen nach § 8 Absatz 2 jeweils mindestens 50 Punkte erreicht worden sind.</P><P>(2) Ist die Prüfung bestanden, sind die Bewertungen für die Prüfungsteile nach § 8 Absatz 3 jeweils kaufmännisch auf eine ganze Zahl zu runden.</P><P>(3) Den Bewertungen für die Prüfungsteile ist nach Anlage 2 die jeweilige Note als Dezimalzahl zuzuordnen. Für die Bildung einer Gesamtnote ist als Gesamtpunktzahl das arithmetische Mittel aus folgenden Bewertungen zu berechnen: <DL Font="normal" Type="arabic"><DT>1.</DT><DD Font="normal"><LA Size="normal">der Bewertung des Prüfungsteils „Produktionsprozesse“,</LA></DD><DT>2.</DT><DD Font="normal"><LA Size="normal">dem nach § 8 Absatz 3 Satz 1 errechneten arithmetischen Mittel im Prüfungsteil „Prozessmanagement“ und</LA></DD><DT>3.</DT><DD Font="normal"><LA Size="normal">dem nach § 8 Absatz 3 Satz 2 errechneten arithmetischen Mittel im Prüfungsteil „Mitarbeiterführung und Personalmanagement“.</LA></DD></DL></P><P>(4) Die Gesamtpunktzahl ist kaufmännisch auf eine ganze Zahl zu runden. Der gerundeten Gesamtpunktzahl wird nach Anlage 1 die Note als Dezimalzahl und die Note in Worten zugeordnet. Die zugeordnete Note ist die Gesamtnote.</P></Content></text><fussnoten><Content><P>(+++ Zur Anwendung vgl. §§ 1 u. 3 FortbVenÄndV6AnwV +++)</P></Content></fussnoten></textdaten></norm>
<norm builddate="20200317212503" doknr="BJNR105200008BJNE001700128"><metadaten><jurabk>ProTechPrV</jurabk><enbez>§ 10</enbez><titel format="XML">Zeugnisse</titel></metadaten><textdaten><text format="XML"><Content><P>(1) Wer die Prüfung nach § 9 Absatz 1 bestanden hat, erhält von der zuständigen Stelle zwei Zeugnisse nach Maßgabe der Anlage 3 Teil A und B.</P><P>(2) Auf dem Zeugnis mit den Inhalten nach Anlage 3 Teil B sind die Noten als Dezimalzahlen mit einer Nachkommastelle und die Gesamtnote als Dezimalzahl mit einer Nachkommastelle und in Worten anzugeben. Jede Befreiung nach § 7 ist mit Ort, Datum und der Bezeichnung des Prüfungsgremiums der anderen vergleichbaren Prüfung anzugeben.</P><P>(3) Die Zeugnisse können zusätzliche nicht amtliche Bemerkungen zur Information (Bemerkungen) enthalten, insbesondere <DL Font="normal" Type="arabic"><DT>1.</DT><DD Font="normal"><LA Size="normal">über den erworbenen Abschluss oder</LA></DD><DT>2.</DT><DD Font="normal"><LA Size="normal">auf Antrag der geprüften Person über während oder anlässlich der Fortbildung erworbene besondere oder zusätzliche Fertigkeiten, Kenntnisse und Fähigkeiten.</LA></DD></DL></P></Content></text><fussnoten><Content><P>(+++ Zur Anwendung vgl. §§ 1 u. 3 FortbVenÄndV6AnwV +++)</P></Content></fussnoten></textdaten></norm>
<norm builddate="20200317212503" doknr="BJNR105200008BJNE001001128"><metadaten><jurabk>ProTechPrV</jurabk><enbez>§ 11</enbez><titel format="XML">Wiederholung der Prüfung</titel></metadaten><textdaten><text format="XML"><Content><P>(1) Jeder nicht bestandene Prüfungsteil kann zweimal wiederholt werden.</P><P>(2) Mit dem Antrag auf Wiederholung der Prüfung wird die zu prüfende Person von einzelnen Prüfungsleistungen befreit, wenn die darin in einer vorangegangenen Prüfung erbrachten Leistungen mindestens ausreichend sind und die zu prüfende Person sich innerhalb von zwei Jahren, gerechnet vom Tage der nicht bestandenen Prüfung an, zur Wiederholungsprüfung angemeldet hat. Dabei können auch bestandene Prüfungsleistungen auf Antrag einmal wiederholt werden. In diesem Fall gilt das Ergebnis der letzten Prüfung.</P></Content></text><fussnoten><Content><P>(+++ Zur Anwendung vgl. §§ 1 u. 3 FortbVenÄndV6AnwV +++)</P></Content></fussnoten></textdaten></norm>
<norm builddate="20200317212503" doknr="BJNR105200008BJNE001101128"><metadaten><jurabk>ProTechPrV</jurabk><enbez>§ 12</enbez><titel format="XML">Inkrafttreten</titel></metadaten><textdaten><text format="XML"><Content><P>Diese Verordnung tritt am Tag nach der Verkündung in Kraft.</P></Content></text><fussnoten><Content><P>(+++ Zur Anwendung vgl. §§ 1 u. 3 FortbVenÄndV6AnwV +++)</P></Content></fussnoten></textdaten></norm>
<norm builddate="20200317212503" doknr="BJNR105200008BJNE001302128"><metadaten><jurabk>ProTechPrV</jurabk><enbez>Anlage 1</enbez><titel format="XML">(zu § 2 Abs. 2)<BR/>Spezialistenprofile in der Produktionstechnologie</titel></metadaten><textdaten><text format="XML"><Content><P><noindex><kommentar typ="Fundstelle">(Fundstelle: BGBl. I 2008, 1056 - 1057; bzgl. einzelner Änderungen vgl. Fußnote)</kommentar></noindex></P><BR/><BR/><P>Die Spezialistenprofile beschreiben die inhaltlichen Standards, die für eine Zulassung zur Prüfung zum Geprüften Prozessmanager – Produktionstechnologie/zur Geprüften Prozessmanagerin – Produktionstechnologie erforderlich sind. Sie bilden das im Bereich der beruflichen Fortbildung angesiedelte Verbindungsglied zwischen der Ebene der beruflichen Ausbildung und der Ebene der in der beruflichen Fortbildung geregelten operativen Professionals. Grundlage für die Spezialistenqualifikation ist die Qualifizierung in den nachfolgend beschriebenen Arbeitsgebieten und Arbeitsprozessen. Im Rahmen dieser Qualifizierung sind die aufgeführten Arbeitsprozesse eigenständig in betrieblichen Projekten durchzuführen, eine prozessbegleitende Dokumentation anzufertigen, in einer Präsentation eine zusammenhängende Darstellung der Tätigkeiten und des Kompetenzerwerbs zu geben und darüber ein Fachgespräch zu führen.<DL Font="normal" Type="arabic"><DT><B>1</B></DT><DD Font="normal"><LA Size="normal"><B>Prozessexperte/Prozessexpertin</B></LA></DD><DT>1.1</DT><DD Font="normal"><LA Size="normal">Arbeitsgebiet:</LA><LA Size="normal"><BR/>Prozessexperten/Prozessexpertinnen arbeiten in der Produktion. Sie erarbeiten in Projektteams mit Entwicklern, Applikationslieferanten und Zulieferern Lösungen für produktions- und prozesstechnische Aufgabenstellungen.</LA></DD><DT>1.2</DT><DD Font="normal"><LA Size="normal">Profiltypische Arbeitsprozesse:</LA><LA Size="normal"><BR/>Prozessexperten/Prozessexpertinnen <DL Font="normal" Type="Dash"><DT>–</DT><DD Font="normal"><LA Size="normal">analysieren Prozessanforderungen, vergleichen Fertigungs- und Montageverfahren hinsichtlich Produktqualität, Prozesssicherheit und Wirtschaftlichkeit,</LA></DD><DT>–</DT><DD Font="normal"><LA Size="normal">erarbeiten technische Lösungen, kalkulieren Kosten, Stückzahlausbringungen und schätzen Bearbeitungszeiten ab,</LA></DD><DT>–</DT><DD Font="normal"><LA Size="normal">wirken bei der Gestaltung von Produktionsanlagen mit, führen Gefährdungsbeurteilungen durch, arbeiten bei der Erstellung von Lastenheften mit,</LA></DD><DT>–</DT><DD Font="normal"><LA Size="normal">arbeiten mit Systemherstellern, Zulieferern und Logistikpartnern zusammen,</LA></DD><DT>–</DT><DD Font="normal"><LA Size="normal">wirken bei der Gestaltung von Logistikprozessen mit,</LA></DD><DT>–</DT><DD Font="normal"><LA Size="normal">erstellen Arbeitsanweisungen und Prozessbeschreibungen, arbeiten Produktionspersonal ein,</LA></DD><DT>–</DT><DD Font="normal"><LA Size="normal">wirken bei der Planung und Steuerung der Produktion mit,</LA></DD><DT>–</DT><DD Font="normal"><LA Size="normal">nehmen Fehlermeldungen auf und priorisieren diese, erarbeiten Lösungen zur Verbesserung der Anlagenverfügbarkeit,</LA></DD><DT>–</DT><DD Font="normal"><LA Size="normal">pflegen neue Produkte und Programme ein, überwachen das Konfigurations- und Änderungsmanagement,</LA></DD><DT>–</DT><DD Font="normal"><LA Size="normal">optimieren Prozesse.</LA></DD></DL></LA></DD><DT>1.3</DT><DD Font="normal"><LA Size="normal">Berufliche Befähigungen:</LA><LA Size="normal"><BR/>Die Beherrschung der profiltypischen Arbeitsprozesse setzt folgende berufliche Befähigungen voraus: <DL Font="normal" Type="Dash"><DT>–</DT><DD Font="normal"><LA Size="normal">analytische Fähigkeiten,</LA></DD><DT>–</DT><DD Font="normal"><LA Size="normal">ergebnisorientiertes Handeln,</LA></DD><DT>–</DT><DD Font="normal"><LA Size="normal">Kommunikationsfähigkeit,</LA></DD><DT>–</DT><DD Font="normal"><LA Size="normal">Problemlösefähigkeit,</LA></DD><DT>–</DT><DD Font="normal"><LA Size="normal">Prozess-/Projektkoordinierung,</LA></DD><DT>–</DT><DD Font="normal"><LA Size="normal">systematisch-methodisches Vorgehen,</LA></DD><DT>–</DT><DD Font="normal"><LA Size="normal">Teamfähigkeit.</LA></DD></DL></LA></DD><DT>1.4</DT><DD Font="normal"><LA Size="normal">Nachweis der Qualifikation:</LA><LA Size="normal"><BR/>Die Qualifikation ist durch ein Zeugnis einer zuständigen Stelle, durch ein Personalzertifikat, durch ein Lehrgangszertifikat oder durch eine Bescheinigung insbesondere von Arbeitgebern, die die Breite, die Tiefe und das Verfahren der Spezialistenqualifizierung abbildet, nachzuweisen.</LA></DD><DT><B>2</B></DT><DD Font="normal"><LA Size="normal"><B>Applikationsexperte/Applikationsexpertin</B></LA></DD><DT>2.1</DT><DD Font="normal"><LA Size="normal">Arbeitsgebiet:</LA><LA Size="normal"><BR/>Applikationsexperten/Applikationsexpertinnen arbeiten an der Schnittstelle zwischen Kunden und Produktion. Sie erarbeiten in Projektteams mit Entwicklern und Kunden Lösungen für produktions- und prozesstechnische Aufgabenstellungen.</LA></DD><DT>2.2</DT><DD Font="normal"><LA Size="normal">Profiltypische Arbeitsprozesse:</LA><LA Size="normal"><BR/>Applikationsexperten/Applikationsexpertinnen <DL Font="normal" Type="Dash"><DT>–</DT><DD Font="normal"><LA Size="normal">bearbeiten Kundenanfragen, klären technische Anforderungen, Kosten und Termine,</LA></DD><DT>–</DT><DD Font="normal"><LA Size="normal">erarbeiten Problemlösungen, klären technische Voraussetzungen,</LA></DD><DT>–</DT><DD Font="normal"><LA Size="normal">arbeiten an der Entwicklung von Kundenlösungen mit,</LA></DD><DT>–</DT><DD Font="normal"><LA Size="normal">erläutern Kunden Prozessdaten und Rahmenbedingungen und beschreiben Vorgaben für die Einbindung von Komponenten oder Anlagen in den Gesamtprozess,</LA></DD><DT>–</DT><DD Font="normal"><LA Size="normal">setzen Kundenaufträge in Konstruktions-, Produktions- oder Auslieferungsaufträge um,</LA></DD><DT>–</DT><DD Font="normal"><LA Size="normal">überwachen die Leistungserstellung und Termine, setzen Prioritäten bei der Abwicklung der Aufträge,</LA></DD><DT>–</DT><DD Font="normal"><LA Size="normal">erstellen vereinbarte Referenzprodukte, prüfen und dokumentieren im Rahmen der Abnahme die den Kunden vertraglich zugesicherten Leistungen,</LA></DD><DT>–</DT><DD Font="normal"><LA Size="normal">erstellen Daten für die Systemdokumentation zur Sicherung von Support und Service zusammen,</LA></DD><DT>–</DT><DD Font="normal"><LA Size="normal">bearbeiten Reklamationen, Änderungsanforderungen und Gewährleistungsfälle,</LA></DD><DT>–</DT><DD Font="normal"><LA Size="normal">betreuen Kunden beim Einsatz der Anlagen oder Komponenten, optimieren Applikationen und Prozesse.</LA></DD></DL></LA></DD><DT>2.3</DT><DD Font="normal"><LA Size="normal">Berufliche Befähigungen:</LA><LA Size="normal"><BR/>Die Beherrschung der profiltypischen Arbeitsprozesse setzt folgende berufliche Befähigungen voraus: <DL Font="normal" Type="Dash"><DT>–</DT><DD Font="normal"><LA Size="normal">Akquisitionsstärke,</LA></DD><DT>–</DT><DD Font="normal"><LA Size="normal">Dialogfähigkeit,</LA></DD><DT>–</DT><DD Font="normal"><LA Size="normal">Kundenorientierung,</LA></DD><DT>–</DT><DD Font="normal"><LA Size="normal">ergebnisorientiertes Handeln,</LA></DD><DT>–</DT><DD Font="normal"><LA Size="normal">Kooperationsfähigkeit,</LA></DD><DT>–</DT><DD Font="normal"><LA Size="normal">Markteinschätzung,</LA></DD><DT>–</DT><DD Font="normal"><LA Size="normal">Auftrags-/Projektkoordinierung,</LA></DD><DT>–</DT><DD Font="normal"><LA Size="normal">systematisch-methodisches Vorgehen.</LA></DD></DL></LA></DD><DT>2.4</DT><DD Font="normal"><LA Size="normal">Nachweis der Qualifikation:</LA><LA Size="normal"><BR/>Die Qualifikation ist durch ein Zeugnis einer zuständigen Stelle, durch ein Personalzertifikat, durch ein Lehrgangszertifikat oder durch eine Bescheinigung insbesondere von Arbeitgebern, die die Breite, die Tiefe und das Verfahren der Spezialistenqualifizierung abbildet, nachzuweisen.</LA></DD></DL></P></Content></text><fussnoten><Content><P>(+++ Zur Anwendung vgl. §§ 1 u. 3 FortbVenÄndV6AnwV +++)</P></Content></fussnoten></textdaten></norm>
<norm builddate="20200317212503" doknr="BJNR105200008BJNE001800128"><metadaten><jurabk>ProTechPrV</jurabk><enbez>Anlage 2</enbez><titel format="XML">(zu den §§ 8 und 9)<BR/>Bewertungsmaßstab und -schlüssel</titel></metadaten><textdaten><text format="XML"><Content><P><noindex><kommentar typ="Fundstelle">(Fundstelle: BGBl. I 2019, 2302 – 2303)</kommentar></noindex><BR/><BR/></P><table colsep="1" frame="all" pgwide="1" rowsep="1" tabstyle="Bewertung" tocentry="%yes;"><tgroup align="left" char="" charoff="50" cols="4"><colspec align="center" colname="col1" colnum="1" colwidth="26*"/><colspec align="center" colname="col2" colnum="2" colwidth="26*"/><colspec align="center" colname="col3" colnum="3" colwidth="33*"/><colspec align="justify" colname="col4" colnum="4" colwidth="74*"/><thead valign="bottom"><row><entry VJ="1" colname="col1" valign="middle">Punkte</entry><entry VJ="1" colname="col2" valign="middle">Note<BR/>als Dezimalzahl</entry><entry VJ="1" colname="col3" valign="middle">Note<BR/> in Worten</entry><entry VJ="1" align="center" colname="col4" valign="middle">Definition</entry></row></thead><tbody valign="top"><row><entry VJ="1" colname="col1" valign="middle">100</entry><entry VJ="1" colname="col2" valign="middle">1,0</entry><entry VJ="1" colname="col3" morerows="4" valign="middle">sehr gut</entry><entry VJ="1" colname="col4" morerows="4" valign="middle">eine Leistung, die den Anforderungen in besonderem Maß entspricht</entry></row><row><entry VJ="1" colname="col1" valign="middle">98 und 99</entry><entry VJ="1" colname="col2" valign="middle">1,1</entry></row><row><entry VJ="1" colname="col1" valign="middle">96 und 97</entry><entry VJ="1" colname="col2" valign="middle">1,2</entry></row><row><entry VJ="1" colname="col1" valign="middle">94 und 95</entry><entry VJ="1" colname="col2" valign="middle">1,3</entry></row><row><entry VJ="1" colname="col1" valign="middle">92 und 93</entry><entry VJ="1" colname="col2" valign="middle">1,4</entry></row><row><entry VJ="1" colname="col1" valign="middle">91</entry><entry VJ="1" colname="col2" valign="middle">1,5</entry><entry VJ="1" colname="col3" morerows="9" valign="middle">gut</entry><entry VJ="1" colname="col4" morerows="9" valign="middle">eine Leistung, die den Anforderungen voll entspricht</entry></row><row><entry VJ="1" colname="col1" valign="middle">90</entry><entry VJ="1" colname="col2" valign="middle">1,6</entry></row><row><entry VJ="1" colname="col1" valign="middle">89</entry><entry VJ="1" colname="col2" valign="middle">1,7</entry></row><row><entry VJ="1" colname="col1" valign="middle">88</entry><entry VJ="1" colname="col2" valign="middle">1,8</entry></row><row><entry VJ="1" colname="col1" valign="middle">87</entry><entry VJ="1" colname="col2" valign="middle">1,9</entry></row><row><entry VJ="1" colname="col1" valign="middle">85 und 86</entry><entry VJ="1" colname="col2" valign="middle">2,0</entry></row><row><entry VJ="1" colname="col1" valign="middle">84</entry><entry VJ="1" colname="col2" valign="middle">2,1</entry></row><row><entry VJ="1" colname="col1" valign="middle">83</entry><entry VJ="1" colname="col2" valign="middle">2,2</entry></row><row><entry VJ="1" colname="col1" valign="middle">82</entry><entry VJ="1" colname="col2" valign="middle">2,3</entry></row><row><entry VJ="1" colname="col1" valign="middle">81</entry><entry VJ="1" colname="col2" valign="middle">2,4</entry></row><row><entry VJ="1" colname="col1" valign="middle">79 und 80</entry><entry VJ="1" colname="col2" valign="middle">2,5</entry><entry VJ="1" colname="col3" morerows="9" valign="middle">befriedigend</entry><entry VJ="1" colname="col4" morerows="9" valign="middle">eine Leistung, die den Anforderungen im Allgemeinen entspricht</entry></row><row><entry VJ="1" colname="col1" valign="middle">78</entry><entry VJ="1" colname="col2" valign="middle">2,6</entry></row><row><entry VJ="1" colname="col1" valign="middle">77</entry><entry VJ="1" colname="col2" valign="middle">2,7</entry></row><row><entry VJ="1" colname="col1" valign="middle">75 und 76</entry><entry VJ="1" colname="col2" valign="middle">2,8</entry></row><row><entry VJ="1" colname="col1" valign="middle">74</entry><entry VJ="1" colname="col2" valign="middle">2,9</entry></row><row><entry VJ="1" colname="col1" valign="middle">72 und 73</entry><entry VJ="1" colname="col2" valign="middle">3,0</entry></row><row><entry VJ="1" colname="col1" valign="middle">71</entry><entry VJ="1" colname="col2" valign="middle">3,1</entry></row><row><entry VJ="1" colname="col1" valign="middle">70</entry><entry VJ="1" colname="col2" valign="middle">3,2</entry></row><row><entry VJ="1" colname="col1" valign="middle">68 und 69</entry><entry VJ="1" colname="col2" valign="middle">3,3</entry></row><row><entry VJ="1" colname="col1" valign="middle">67</entry><entry VJ="1" colname="col2" valign="middle">3,4</entry></row><row><entry VJ="1" colname="col1" valign="middle">65 und 66</entry><entry VJ="1" colname="col2" valign="middle">3,5</entry><entry VJ="1" colname="col3" morerows="9" valign="middle">ausreichend</entry><entry VJ="1" colname="col4" morerows="9" valign="middle">eine Leistung, die zwar Mängel aufweist, aber im Ganzen den Anforderungen noch entspricht</entry></row><row><entry VJ="1" colname="col1" valign="middle">63 und 64</entry><entry VJ="1" colname="col2" valign="middle">3,6</entry></row><row><entry VJ="1" colname="col1" valign="middle">62</entry><entry VJ="1" colname="col2" valign="middle">3,7</entry></row><row><entry VJ="1" colname="col1" valign="middle">60 und 61</entry><entry VJ="1" colname="col2" valign="middle">3,8</entry></row><row><entry VJ="1" colname="col1" valign="middle">58 und 59</entry><entry VJ="1" colname="col2" valign="middle">3,9</entry></row><row><entry VJ="1" colname="col1" valign="middle">56 und 57</entry><entry VJ="1" colname="col2" valign="middle">4,0</entry></row><row><entry VJ="1" colname="col1" valign="middle">55</entry><entry VJ="1" colname="col2" valign="middle">4,1</entry></row><row><entry VJ="1" colname="col1" valign="middle">53 und 54</entry><entry VJ="1" colname="col2" valign="middle">4,2</entry></row><row><entry VJ="1" colname="col1" valign="middle">51 und 52</entry><entry VJ="1" colname="col2" valign="middle">4,3</entry></row><row><entry VJ="1" colname="col1" valign="middle">50</entry><entry VJ="1" colname="col2" valign="middle">4,4</entry></row><row><entry VJ="1" colname="col1" valign="middle">48 und 49</entry><entry VJ="1" colname="col2" valign="middle">4,5</entry><entry VJ="1" colname="col3" morerows="9" valign="middle">mangelhaft</entry><entry VJ="1" colname="col4" morerows="9" valign="middle">eine Leistung, die den Anforderungen nicht entspricht, jedoch erkennen lässt, dass gewisse Grundkenntnisse noch vorhanden sind</entry></row><row><entry VJ="1" colname="col1" valign="middle">46 und 47</entry><entry VJ="1" colname="col2" valign="middle">4,6</entry></row><row><entry VJ="1" colname="col1" valign="middle">44 und 45</entry><entry VJ="1" colname="col2" valign="middle">4,7</entry></row><row><entry VJ="1" colname="col1" valign="middle">42 und 43</entry><entry VJ="1" colname="col2" valign="middle">4,8</entry></row><row><entry VJ="1" colname="col1" valign="middle">40 und 41</entry><entry VJ="1" colname="col2" valign="middle">4,9</entry></row><row><entry VJ="1" colname="col1" valign="middle">38 und 39</entry><entry VJ="1" colname="col2" valign="middle">5,0</entry></row><row><entry VJ="1" colname="col1" valign="middle">36 und 37</entry><entry VJ="1" colname="col2" valign="middle">5,1</entry></row><row><entry VJ="1" colname="col1" valign="middle">34 und 35</entry><entry VJ="1" colname="col2" valign="middle">5,2</entry></row><row><entry VJ="1" colname="col1" valign="middle">32 und 33</entry><entry VJ="1" colname="col2" valign="middle">5,3</entry></row><row><entry VJ="1" colname="col1" valign="middle">30 und 31</entry><entry VJ="1" colname="col2" valign="middle">5,4</entry></row><row><entry VJ="1" colname="col1" valign="middle">25 bis 29</entry><entry VJ="1" colname="col2" valign="middle">5,5</entry><entry VJ="1" colname="col3" morerows="5" valign="middle">ungenügend</entry><entry VJ="1" colname="col4" morerows="5" valign="middle">eine Leistung, die den Anforderungen nicht entspricht und bei der selbst Grundkenntnisse fehlen</entry></row><row><entry VJ="1" colname="col1" valign="middle">20 bis 24</entry><entry VJ="1" colname="col2" valign="middle">5,6</entry></row><row><entry VJ="1" colname="col1" valign="middle">15 bis 19</entry><entry VJ="1" colname="col2" valign="middle">5,7</entry></row><row><entry VJ="1" colname="col1" valign="middle">10 bis 14</entry><entry VJ="1" colname="col2" valign="middle">5,8</entry></row><row><entry VJ="1" colname="col1" valign="middle">5 bis 9</entry><entry VJ="1" colname="col2" valign="middle">5,9</entry></row><row><entry VJ="1" colname="col1" valign="middle">0 bis 4</entry><entry VJ="1" colname="col2" valign="middle">6,0</entry></row></tbody></tgroup></table></Content></text><fussnoten><Content><P>(+++ Zur Anwendung vgl. §§ 1 u. 3 FortbVenÄndV6AnwV +++)</P></Content></fussnoten></textdaten></norm>
<norm builddate="20200317212503" doknr="BJNR105200008BJNE001900128"><metadaten><jurabk>ProTechPrV</jurabk><enbez>Anlage 3</enbez><titel format="XML">(zu § 10)<BR/>Zeugnisinhalte</titel></metadaten><textdaten><text format="XML"><Content><P><noindex><kommentar typ="Fundstelle">(Fundstelle: BGBl. I 2019, 2304)</kommentar></noindex><BR/><BR/></P><P><SP>Teil A – Zeugnis ohne Prüfungsergebnisse:</SP><DL Font="normal" Type="arabic"><DT>1.</DT><DD Font="normal"><LA Size="normal">Bezeichnung der ausstellenden Behörde,</LA></DD><DT>2.</DT><DD Font="normal"><LA Size="normal">Name und Geburtsdatum der geprüften Person,</LA></DD><DT>3.</DT><DD Font="normal"><LA Size="normal">Datum des Bestehens der Prüfung,</LA></DD><DT>4.</DT><DD Font="normal"><LA Size="normal">Bezeichnung des erworbenen Fortbildungsabschlusses nach § 1 Absatz 4,</LA></DD><DT>5.</DT><DD Font="normal"><LA Size="normal">Bezeichnung und Fundstelle dieser Fortbildungsordnung nach den Angaben im Bundesgesetzblatt unter Berücksichtigung erfolgter Änderungen dieser Verordnung,</LA></DD><DT>6.</DT><DD Font="normal"><LA Size="normal">Datum der Ausstellung des Zeugnisses samt Unterschrift der zuständigen Stelle.</LA></DD></DL></P><P><SP>Teil B – Zeugnis mit Prüfungsergebnissen:</SP></P><P>Alle Angaben des Teils A sowie zusätzlich: <DL Font="normal" Type="arabic"><DT>1.</DT><DD Font="normal"><LA Size="normal">zum Prüfungsteil „Produktionsprozesse“ die Benennung, die Bewertung und die Note dieses Prüfungsteils sowie die Angabe, dass dieser Prüfungsteil Dokumentation, Präsentation und Fachgespräch beinhaltet,</LA></DD><DT>2.</DT><DD Font="normal"><LA Size="normal">zum Prüfungsteil „Prozessmanagement“ die Benennung, das nach § 8 Absatz 3 Satz 1 errechnete arithmetische Mittel und die Note dieses Prüfungsteils sowie die Benennung und die jeweilige Bewertung der beiden Situationsaufgaben dieses Prüfungsteils in Punkten,</LA></DD><DT>3.</DT><DD Font="normal"><LA Size="normal">zum Prüfungsteil „Mitarbeiterführung und Personalmanagement“ die Benennung, das nach § 8 Absatz 3 Satz 2 errechnete arithmetische Mittel und die Note dieses Prüfungsteils sowie die Benennung und die jeweilige Bewertung der Situationsaufgabe und des situationsbezogenen Fachgesprächs in Punkten,</LA></DD><DT>4.</DT><DD Font="normal"><LA Size="normal">die errechnete Gesamtpunktzahl für die gesamte Prüfung,</LA></DD><DT>5.</DT><DD Font="normal"><LA Size="normal">die Gesamtnote als Dezimalzahl,</LA></DD><DT>6.</DT><DD Font="normal"><LA Size="normal">die Gesamtnote in Worten,</LA></DD><DT>7.</DT><DD Font="normal"><LA Size="normal">Befreiungen nach § 7.</LA></DD></DL></P></Content></text><fussnoten><Content><P>(+++ Zur Anwendung vgl. §§ 1 u. 3 FortbVenÄndV6AnwV +++)</P></Content></fussnoten></textdaten></norm>
</dokumente>