<?xml version="1.0" encoding="UTF-8" ?><!DOCTYPE dokumente SYSTEM "http://www.gesetze-im-internet.de/dtd/1.01/gii-norm.dtd">
<dokumente builddate="20120625154240" doknr="BJNR505500961"><norm builddate="20120625154240" doknr="BJNR505500961"><metadaten><jurabk>BAASaarEinfDV</jurabk><amtabk>BAA-EinfDV-Saar</amtabk><ausfertigung-datum manuell="ja">1961-03-08</ausfertigung-datum><fundstelle typ="amtlich"><periodikum>BAnz</periodikum><zitstelle>1961, Nr 55</zitstelle></fundstelle><langue>Rechtsverordnung des Präsidenten des Bundesausgleichsamtes zur Einführung
von Rechtsverordnungen im Saarland</langue></metadaten><textdaten><text format="decorated"/><fussnoten><Content><P>Überschrift: Nur mit Überschrift aufgenommen gem. § 3 Abs. 2 G v. 10.7.1958 114-2</P></Content></fussnoten></textdaten></norm>
</dokumente>