<?xml version="1.0" encoding="UTF-8" ?><!DOCTYPE dokumente SYSTEM "http://www.gesetze-im-internet.de/dtd/1.01/gii-norm.dtd">
<dokumente builddate="20231231214433" doknr="BJNR12F0A0023"><norm builddate="20231231214433" doknr="BJNR12F0A0023"><metadaten><jurabk>AuslZustV 2024</jurabk><amtabk>AuslZustV</amtabk><ausfertigung-datum manuell="ja">2023-11-06</ausfertigung-datum><fundstelle typ="amtlich"><periodikum>BGBl I</periodikum><zitstelle>2023, Nr. 303</zitstelle></fundstelle><kurzue>Auslandszuständigkeitsverordnung</kurzue><langue>Verordnung über die Zuständigkeit für Leistungen der Sozialen Entschädigung für Berechtigte im Ausland</langue></metadaten><textdaten><fussnoten><Content><P><BR/> <pre xml:space="preserve">(+++ Textnachweis ab: 1.1.2024 +++)<BR/><BR/></pre></P></Content></fussnoten></textdaten></norm>
<norm builddate="20231231214433" doknr="BJNR12F0A0023BJNE000100000"><metadaten><jurabk>AuslZustV 2024</jurabk><jurabk>AuslZustV</jurabk><enbez>Eingangsformel</enbez></metadaten><textdaten><text format="XML"><Content><P>Auf Grund des § 113 Absatz 6 des Sozialgesetzbuchs Vierzehntes Buch – Soziale Entschädigung – vom 12. Dezember 2019 (BGBl. I S. 2652) verordnet das Bundesministerium für Arbeit und Soziales:</P></Content></text></textdaten></norm>
<norm builddate="20231231214433" doknr="BJNR12F0A0023BJNE000200000"><metadaten><jurabk>AuslZustV 2024</jurabk><jurabk>AuslZustV</jurabk><enbez>§ 1</enbez><titel format="XML">Regelungsgegenstand</titel></metadaten><textdaten><text format="XML"><Content><P>Diese Verordnung regelt die örtliche Zuständigkeit für die Durchführung des Sozialen Entschädigungsrechts nach dem Vierzehnten Buch Sozialgesetzbuch für Berechtigte, die ihren Wohnsitz oder gewöhnlichen Aufenthalt im Ausland haben.</P></Content></text></textdaten></norm>
<norm builddate="20231231214433" doknr="BJNR12F0A0023BJNE000300000"><metadaten><jurabk>AuslZustV 2024</jurabk><jurabk>AuslZustV</jurabk><enbez>§ 2</enbez><titel format="XML">Örtliche Zuständigkeit bei Antragstellung durch Geschädigte</titel></metadaten><textdaten><text format="XML"><Content><P>(1) Beantragt die geschädigte Person, die ihren Wohnsitz oder gewöhnlichen Aufenthalt im Ausland hat, Leistungen der sozialen Entschädigung, ist für die Durchführung des Sozialen Entschädigungsrechts zuständig <DL Type="arabic"><DT>1.</DT><DD Font="normal"><LA>Baden-Württemberg bei Wohnsitz oder gewöhnlichem Aufenthalt der Geschädigten in den Staaten Armenien, Aserbaidschan, Georgien, Kasachstan, Kirgisien, Liechtenstein, Schweiz, Spanien, Mexiko, Guatemala, Honduras, Tadschikistan, Turkmenistan oder Usbekistan;</LA></DD><DT>2.</DT><DD Font="normal"><LA>Bayern bei Wohnsitz oder gewöhnlichem Aufenthalt der Geschädigten in den Staaten Polen, wenn der Nachname mit einem der Buchstaben von A bis M beginnt, Griechenland, Italien, Österreich, San Marino, Vatikan, Zypern Türkei, Kuba, Nicaragua oder Panama;</LA></DD><DT>3.</DT><DD Font="normal"><LA>Berlin bei Wohnsitz oder gewöhnlichem Aufenthalt der Geschädigten in einem Staat in Asien, sofern einzelne Staaten nicht ausdrücklich einem anderen Bundesland zugeordnet sind;</LA></DD><DT>4.</DT><DD Font="normal"><LA>Brandenburg bei Wohnsitz oder gewöhnlichem Aufenthalt der Geschädigten in den Staaten Estland, Lettland, Litauen, Costa Rica, Dominica, Dominikanische Republik oder El Salvador;</LA></DD><DT>5.</DT><DD Font="normal"><LA>Bremen bei Wohnsitz oder gewöhnlichem Aufenthalt der Geschädigten in einem Staat in Nordamerika, sofern einzelne Staaten nicht ausdrücklich einem anderen Bundesland zugeordnet sind;</LA></DD><DT>6.</DT><DD Font="normal"><LA>Hessen bei Wohnsitz oder gewöhnlichem Aufenthalt der Geschädigten in den Staaten Albanien, Slowenien, Kroatien, Bosnien-Herzegowina, Serbien, Montenegro, Nordmazedonien, Kosovo, Slowakische Republik, Tschechische Republik, Russland, Ukraine oder Weißrussland;</LA></DD><DT>7.</DT><DD Font="normal"><LA>Mecklenburg-Vorpommern bei Wohnsitz oder gewöhnlichem Aufenthalt der Geschädigten in den Staaten Pakistan, Indien, Bangladesch, Sri Lanka, Nordkorea oder Südkorea;</LA></DD><DT>8.</DT><DD Font="normal"><LA>Niedersachsen bei Wohnsitz oder gewöhnlichem Aufenthalt der Geschädigten in den Staaten Südafrika, Thailand, Laos, Philippinen, Japan oder in einem Staat in Australien-Ozeanien;</LA></DD><DT>9.</DT><DD Font="normal"><LA>Nordrhein-Westfalen bei Wohnsitz oder gewöhnlichem Aufenthalt der Geschädigten in den Staaten Polen, wenn der Nachname mit einem der Buchstaben von N bis Z beginnt, Belgien, Niederlande oder Ungarn;</LA></DD><DT>10.</DT><DD Font="normal"><LA>Rheinland-Pfalz bei Wohnsitz oder gewöhnlichem Aufenthalt der Geschädigten in den Staaten Luxemburg, Rumänien, Moldawien oder Bulgarien;</LA></DD><DT>11.</DT><DD Font="normal"><LA>Saarland bei Wohnsitz oder gewöhnlichem Aufenthalt der Geschädigten in den Staaten Andorra, Frankreich, Monaco, Haiti, Demokratische Republik Kongo, Republik Kongo, Elfenbeinküste, Kamerun, Burkina Faso, Niger, Mali, Senegal oder Benin;</LA></DD><DT>12.</DT><DD Font="normal"><LA>Sachsen bei Wohnsitz oder gewöhnlichem Aufenthalt der Geschädigten in einem Staat in Afrika, sofern einzelne Staaten nicht ausdrücklich einem anderen Bundesland zugeordnet sind;</LA></DD><DT>13.</DT><DD Font="normal"><LA>Sachsen-Anhalt bei Wohnsitz oder gewöhnlichem Aufenthalt der Geschädigten in den Staaten Portugal, Brasilien, Angola, São Tomé und Príncipe, Mosambik, Kap Verde, Guinea-Bissau oder Macau;</LA></DD><DT>14.</DT><DD Font="normal"><LA>Schleswig-Holstein bei Wohnsitz oder gewöhnlichem Aufenthalt der Geschädigten in den Staaten Dänemark, Finnland, Island, Norwegen oder Schweden;</LA></DD><DT>15.</DT><DD Font="normal"><LA>Thüringen bei Wohnsitz oder gewöhnlichem Aufenthalt der Geschädigten in einem Staat in Südamerika, sofern einzelne Staaten nicht ausdrücklich einem anderen Bundesland zugeordnet sind sowie</LA></DD><DT>16.</DT><DD Font="normal"><LA>Hamburg bei Wohnsitz oder gewöhnlichem Aufenthalt der Geschädigten in den Staaten Irland, Vereinigtes Königreich, Malta oder im übrigen Ausland.</LA></DD></DL>Die Zugehörigkeit eines Staates zu Afrika, Asien, Australien-Ozeanien, Nordamerika oder Südamerika ergibt sich aus der Anlage zu dieser Verordnung.</P><P>(2) Verlegt die geschädigte Person ihren Wohnsitz oder gewöhnlichen Aufenthalt in einen anderen ausländischen Staat, so ist die Zuständigkeit nach Absatz 1 neu zu bestimmen.</P></Content></text></textdaten></norm>
<norm builddate="20231231214433" doknr="BJNR12F0A0023BJNE000400000"><metadaten><jurabk>AuslZustV 2024</jurabk><jurabk>AuslZustV</jurabk><enbez>§ 3</enbez><titel format="XML">Örtliche Zuständigkeit bei Antragstellung durch Angehörige, Hinterbliebene, Nahestehende und weitere Berechtigte</titel></metadaten><textdaten><text format="XML"><Content><P>(1) Beantragen Angehörige, Hinterbliebene oder Nahestehende der geschädigten Person sowie weitere Berechtigte nach Kapitel 2 Abschnitt 2 des Vierzehnten Buches Sozialgesetzbuch Leistungen der sozialen Entschädigung, ist unabhängig vom Wohnsitz oder des gewöhnlichen Aufenthalts der antragstellenden Person das Bundesland zuständig, in dem die geschädigte Person Leistungen der sozialen Entschädigung beantragt hat oder hatte. Ist die geschädigte Person durch das schädigende Ereignis verstorben oder hat die geschädigte Person selbst keine Leistungen der Sozialen Entschädigung beantragt, bestimmt sich die Zuständigkeit in entsprechender Anwendung des § 2.</P><P>(2) Verlegen Angehörige, Hinterbliebene oder Nahestehende sowie weitere Berechtigte nach Kapitel 2 Abschnitt 2 des Vierzehnten Buches Sozialgesetzbuch ihren Wohnsitz oder gewöhnlichen Aufenthalt aus dem Inland ins Ausland oder von einem ausländischen Staat in einen anderen ausländischen Staat, so ist die Zuständigkeit nach § 2 neu zu bestimmen.</P></Content></text></textdaten></norm>
<norm builddate="20231231214433" doknr="BJNR12F0A0023BJNE000500000"><metadaten><jurabk>AuslZustV 2024</jurabk><jurabk>AuslZustV</jurabk><enbez>§ 4</enbez><titel format="XML">Übergangsregelung</titel></metadaten><textdaten><text format="XML"><Content><P>(1) Haben Geschädigte oder Berechtigte im Sinne des § 3 vor dem 1. Januar 2024 Leistungen der Sozialen Entschädigung beantragt, ist das im Zeitpunkt der Antragstellung zuständige Bundesland auch für die Durchführung des weiteren Verfahrens zuständig.</P><P>(2) Verlegen Geschädigte oder Berechtigte im Sinne des § 3 nach dem 1. Januar 2024 ihren Wohnsitz oder gewöhnlichen Aufenthalt aus dem Inland ins Ausland oder von einem ausländischen Staat in einen anderen, ist die Zuständigkeit des für die Durchführung des Verfahrens berufenen Bundeslandes nach Maßgabe des § 2 neu zu bestimmen.</P></Content></text></textdaten></norm>
<norm builddate="20231231214433" doknr="BJNR12F0A0023BJNE000600000"><metadaten><jurabk>AuslZustV 2024</jurabk><jurabk>AuslZustV</jurabk><enbez>§ 5</enbez><titel format="XML">Evaluation</titel></metadaten><textdaten><text format="XML"><Content><P>Die Bestimmung der Zuständigkeit nach § 2 ist spätestens fünf Jahre nach Inkrafttreten der Verordnung zu evaluieren. Ergibt die Evaluierung, dass eine erhebliche Diskrepanz zwischen den von den Bundesländern im Verhältnis zu ihrer Bevölkerungszahl zu bearbeitenden Fällen besteht, so werden die Zuständigkeiten neu bestimmt.</P></Content></text></textdaten></norm>
<norm builddate="20231231214433" doknr="BJNR12F0A0023BJNE000700000"><metadaten><jurabk>AuslZustV 2024</jurabk><jurabk>AuslZustV</jurabk><enbez>§ 6</enbez><titel format="XML">Inkrafttreten</titel></metadaten><textdaten><text format="XML"><Content><P>Diese Verordnung tritt am 1. Januar 2024 in Kraft.</P></Content></text></textdaten></norm>
<norm builddate="20231231214433" doknr="BJNR12F0A0023BJNE000800000"><metadaten><jurabk>AuslZustV 2024</jurabk><jurabk>AuslZustV</jurabk><enbez>Schlussformel</enbez></metadaten><textdaten><text format="XML"><Content><P>Der Bundesrat hat zugestimmt.</P></Content></text></textdaten></norm>
<norm builddate="20231231214433" doknr="BJNR12F0A0023BJNE000900000"><metadaten><jurabk>AuslZustV 2024</jurabk><jurabk>AuslZustV</jurabk><enbez>Anlage I</enbez><titel format="XML">(zu § 2 Absatz 1 Satz 2)</titel></metadaten><textdaten><text format="XML"><Content><P><noindex><kommentar typ="Fundstelle">(Fundstelle: BGBl. 2023 I Nr. 303, S. 4 - 7)</kommentar></noindex></P><P><B>Afrika umfasst folgende Staaten:</B></P><P>Ägypten</P><P>Algerien</P><P>Angola</P><P>Äquatorialguinea</P><P>Äthiopien</P><P>Benin</P><P>Botsuana</P><P>Burkina Faso</P><P>Burundi</P><P>Côte d'Ivoire</P><P>Dschibuti</P><P>Eritrea</P><P>Eswatini</P><P>Gabun</P><P>Gambia</P><P>Ghana</P><P>Guinea</P><P>Guinea-Bissau</P><P>Kamerun</P><P>Kap Verde</P><P>Kenia</P><P>Komoren</P><P>Demokratische Republik Kongo</P><P>Republik Kongo</P><P>Lesotho</P><P>Liberia</P><P>Libyen</P><P>Madagaskar</P><P>Malawi</P><P>Mali</P><P>Marokko</P><P>Mauretanien</P><P>Mauritius</P><P>Mosambik</P><P>Namibia</P><P>Niger</P><P>Nigeria</P><P>Ruanda</P><P>Sambia</P><P>São Tomé und Príncipe</P><P>Senegal</P><P>Seychellen</P><P>Sierra Leone</P><P>Simbabwe</P><P>Somalia</P><P>Südafrika</P><P>Sudan</P><P>Südsudan</P><P>Tansania</P><P>Togo</P><P>Tschad</P><P>Tunesien</P><P>Uganda</P><P>Zentralafrikanische Republik</P><P><B>Asien umfasst folgende Staaten:</B></P><P>Afghanistan</P><P>Armenien</P><P>Aserbaidschan</P><P>Bahrain</P><P>Bangladesch</P><P>Bhutan</P><P>Brunei Darussalam</P><P>China</P><P>Georgien</P><P>Indien</P><P>Indonesien</P><P>Irak</P><P>Iran</P><P>Israel</P><P>Japan</P><P>Jemen</P><P>Jordanien</P><P>Kambodscha</P><P>Kasachstan</P><P>Katar</P><P>Kirgisistan</P><P>Korea – Demokratische Volksrepublik Korea (Nordkorea)</P><P>Korea – Republik Korea (Südkorea)</P><P>Kuwait</P><P>Laos</P><P>Libanon</P><P>Malaysia</P><P>Malediven</P><P>Mongolei</P><P>Myanmar</P><P>Nepal</P><P>Oman</P><P>Osttimor (Timor-Leste)</P><P>Pakistan</P><P>Philippinen</P><P>Saudi-Arabien</P><P>Singapur</P><P>Sri Lanka</P><P>Syrien</P><P>Tadschikistan</P><P>Thailand</P><P>Türkei</P><P>Turkmenistan</P><P>Usbekistan</P><P>Vereinigte Arabische Emirate</P><P>Vietnam</P><P>Zypern</P><P><B>Australien-Ozeanien umfasst folgende Staaten:</B></P><P>Australien</P><P>Fidschi</P><P>Föderierte Staaten Mikronesien</P><P>Kiribati</P><P>Marshallinseln</P><P>Nauru</P><P>Neuseeland</P><P>Palau</P><P>Papua-Neuguinea</P><P>Salomonen</P><P>Samoa</P><P>Tonga</P><P>Tuvalu</P><P>Vanuatu</P><P><B>Nordamerika umfasst folgende Staaten:</B></P><P>Antigua und Barbuda</P><P>Bahamas</P><P>Barbados</P><P>Belize</P><P>Costa Rica</P><P>Dominica</P><P>Dominikanische Republik</P><P>El Salvador</P><P>Grenada</P><P>Guatemala</P><P>Haiti</P><P>Honduras</P><P>Jamaika</P><P>Kanada</P><P>Kuba</P><P>Mexiko</P><P>Nicaragua</P><P>Panama</P><P>Saint Kitts und Nevis</P><P>Saint Lucia</P><P>St. Vincent und die Grenadinen</P><P>Vereinigte Staaten von Amerika</P><P><B>Südamerika umfasst folgende Staaten:</B></P><P>Argentinien</P><P>Bolivien</P><P>Brasilien</P><P>Chile</P><P>Ecuador</P><P>Guyana</P><P>Kolumbien</P><P>Paraguay</P><P>Peru</P><P>Suriname</P><P>Trinidad und Tobago</P><P>Uruguay</P><P>Venezuela</P></Content></text></textdaten></norm>
</dokumente>