<?xml version="1.0" encoding="UTF-8" ?><!DOCTYPE dokumente SYSTEM "http://www.gesetze-im-internet.de/dtd/1.01/gii-norm.dtd">
<dokumente builddate="20131008093521" doknr="BJNR010660968"><norm builddate="20131008093521" doknr="BJNR010660968"><metadaten><jurabk>Münz5DMBek 1968-10-10</jurabk><ausfertigung-datum manuell="ja">1968-10-10</ausfertigung-datum><fundstelle typ="amtlich"><periodikum>BGBl I</periodikum><zitstelle>1968, 1066</zitstelle></fundstelle><langue>Bekanntmachung über die Ausprägung von Bundesmünzen im Nennwert von 5
Deutschen Mark (Raiffeisen-Gedenkmünze)</langue></metadaten><textdaten><text format="XML"><Content><P/></Content></text></textdaten></norm>
<norm builddate="20131008093521" doknr="BJNR010660968BJNE000100307"><metadaten><jurabk>Münz5DMBek 1968-10-10</jurabk><enbez>(XXXX)</enbez></metadaten><textdaten><text format="XML"><Content><P>(1) Auf Grund des Gesetzes über die Ausprägung von Scheidemünzen vom 8. Juli 1950 (Bundesgesetzbl. S. 323) wird demnächst aus Anlaß des 150. Geburtstages von Friedrich Wilhelm Raiffeisen, dem Genossenschaftsgründer und Sozialreformer, eine Bundesmünze (Gedenk-Münze) im Nennwert von 5 Deutschen Mark in den Verkehr gebracht. Die Gesamtauflage richtet sich nach dem Bedarf.</P><P>(2) Die Münze besteht aus einer Legierung von 625 Tausendteilen Feinsilber und 375 Tausendteilen Kupfer. Sie hat einen Durchmesser von 29 mm und ein Gewicht von 11,2 Gramm.</P><P>(3) Das Gepräge auf beiden Seiten ist erhaben und wird von einem ebenfalls erhabenen glatten Randstab umgeben.</P><P>(4) Die Wertseite zeigt in der Mitte den Bundesadler und unmittelbar unterhalb des Rumpfes zwischen den gespreizten Fängen die Wertziffer 5. Die Umschrift, die durch die bis an den Randstab heranreichenden Federn der Schwingen geteilt wird, lautet im oberen Teil: &quot;BUNDESREPUBLIK DEUTSCHLAND&quot;, im unteren Teil: &quot;DEUTSCHE MARK 1968&quot;. Unterhalb des linken Fanges befindet sich der Buchstabe J, das Münzzeichen der Hamburgischen Münze.</P><P>(5) Die Bildseite zeigt das Kopfbild Raiffeisens mit der Umschrift: &quot;. FRIEDRICH WILHELM RAIFFEISEN . 1818-1888&quot;.</P><P>(6) Der glatte Münzrand ist mit der vertieften Inschrift versehen: &quot;EINER FÜR ALLE - ALLE FÜR EINEN&quot;. Am Ende dieser Inschrift ist ein dreiteiliges Blattornament eingeprägt.</P><P>(7) Der Entwurf der Münze stammt von Herrn Reinhard Heinsdorff, 8201 Lehen Post Großkarolinenfeld.</P><P>(8) Dies wird namens der Bundesregierung bekanntgemacht.</P></Content></text></textdaten></norm>
<norm builddate="20131008093521" doknr="BJNR010660968BJNE000200307"><metadaten><jurabk>Münz5DMBek 1968-10-10</jurabk><enbez>Schlußformel</enbez></metadaten><textdaten><text format="XML"><Content><P><SP>Der Bundesminister der Finanzen</SP></P></Content></text></textdaten></norm>
<norm builddate="20131008093521" doknr="BJNR010660968BJNE000300307"><metadaten><jurabk>Münz5DMBek 1968-10-10</jurabk><enbez>(XXXX)</enbez><titel format="parat">Abbildung der Münze</titel></metadaten><textdaten><text format="XML"><Content><P><ABWFORMAT typ="E"/>(Inhalt: nicht darstellbare Abbildung) <BR/><kommentar typ="Fundstelle">Fundstelle: BGBl I 1968, 1066</kommentar></P></Content></text></textdaten></norm>
</dokumente>