<?xml version="1.0" encoding="UTF-8" ?><!DOCTYPE dokumente SYSTEM "http://www.gesetze-im-internet.de/dtd/1.01/gii-norm.dtd">
<dokumente builddate="20120625153334" doknr="BJNR211040965"><norm builddate="20120625153334" doknr="BJNR211040965"><metadaten><jurabk>WanderAbk AUS</jurabk><ausfertigung-datum manuell="ja">1965-06-21</ausfertigung-datum><fundstelle typ="amtlich"><periodikum>BGBl II</periodikum><zitstelle>1965, 1104</zitstelle></fundstelle><langue>Abkommen zwischen der Regierung der Bundesrepublik Deutschland und der
Regierung des Australischen Bundes über die unterstützte Wanderung</langue></metadaten><textdaten><text format="decorated"/><fussnoten><Content><P>In Kraft gem. Bek. v. 20.7.1965 II 1103 mWv 29.8.1962</P></Content></fussnoten></textdaten></norm>
</dokumente>