<?xml version="1.0" encoding="UTF-8" ?><!DOCTYPE dokumente SYSTEM "http://www.gesetze-im-internet.de/dtd/1.01/gii-norm.dtd">
<dokumente builddate="20161111221502" doknr="BJNR010880989"><norm builddate="20161111221503" doknr="BJNR010880989"><metadaten><jurabk>BLGABV</jurabk><amtabk>ABV</amtabk><ausfertigung-datum manuell="ja">1989-06-12</ausfertigung-datum><fundstelle typ="amtlich"><periodikum>BGBl I</periodikum><zitstelle>1989, 1088</zitstelle></fundstelle><kurzue>Anforderungsbehörden- und Bedarfsträgerverordnung</kurzue><langue>Verordnung über Anforderungsbehörden und Bedarfsträger nach dem
Bundesleistungsgesetz</langue><standangabe checked="ja"><standtyp>Stand</standtyp><standkommentar>Zuletzt geändert durch Art. 9 V v. 2.6.2016 I 1257</standkommentar></standangabe></metadaten><textdaten><fussnoten><Content><P><BR/> <pre xml:space="preserve">(+++ Textnachweis ab: 1.7.1989 +++)<BR/><BR/></pre></P></Content></fussnoten></textdaten></norm>
<norm builddate="20161111221503" doknr="BJNR010880989BJNE000100326"><metadaten><jurabk>BLGABV</jurabk><enbez>Eingangsformel</enbez></metadaten><textdaten><text format="XML"><Content><P>Auf Grund des § 5 Abs. 1, des § 7 Abs. 2 sowie der §§ 79 und 80 des Bundesleistungsgesetzes in der im Bundesgesetzblatt Teil III, Gliederungsnummer 54-1, veröffentlichten bereinigten Fassung verordnet die Bundesregierung:</P></Content></text></textdaten></norm>
<norm builddate="20161111221503" doknr="BJNR010880989BJNE000200326"><metadaten><jurabk>BLGABV</jurabk><enbez>§ 1</enbez><titel format="parat">Allgemeine Anforderungsbehörden</titel></metadaten><textdaten><text format="XML"><Content><P>Anforderungsbehörden gemäß § 5 Abs. 1 und § 79 Satz 1 des Bundesleistungsgesetzes sind, soweit in § 2 nichts anderes bestimmt ist, die Behörden der allgemeinen Verwaltung auf der Kreisstufe.</P></Content></text></textdaten></norm>
<norm builddate="20161111221503" doknr="BJNR010880989BJNE000306116"><metadaten><jurabk>BLGABV</jurabk><enbez>§ 2</enbez><titel format="XML">Besondere Anforderungsbehörden</titel></metadaten><textdaten><text format="XML"><Content><P>(1) Anforderungsbehörden sind für die Inanspruchnahme von <DL Font="normal" Type="arabic"><DT>1.</DT><DD Font="normal"><LA Size="normal">Seeschiffen - mit Ausnahme der Seefischereifahrzeuge - nebst Zubehör<DL Font="normal" Type="arabic"><DT/><DD Font="normal"><LA Size="normal">die Generaldirektion Wasserstraßen und Schifffahrt;</LA></DD></DL></LA></DD><DT>2.</DT><DD Font="normal"><LA Size="normal">Seefischereifahrzeugen nebst Zubehör<DL Font="normal" Type="arabic"><DT/><DD Font="normal"><LA Size="normal">die staatlichen Fischereiämter;</LA></DD></DL></LA><LA Size="normal">soweit es sich um Fahrzeuge der Großen Hochseefischerei handelt,<DL Font="normal" Type="arabic"><DT/><DD Font="normal"><LA Size="normal">die für die Fischerei zuständigen obersten Landesbehörden;</LA></DD></DL></LA></DD><DT>3.</DT><DD Font="normal"><LA Size="normal">Binnenschiffen, für die eine technische Zulassung zum Verkehr auf Bundeswasserstraßen erforderlich ist, nebst Zubehör, ausgenommen Schiffe, die ausschließlich im Hafenbetrieb verwendet werden,<DL Font="normal" Type="arabic"><DT/><DD Font="normal"><LA Size="normal">die Generaldirektion Wasserstraßen und Schifffahrt;</LA></DD></DL></LA></DD><DT>4.</DT><DD Font="normal"><LA Size="normal">Luftfahrzeugen nebst Zubehör<DL Font="normal" Type="arabic"><DT/><DD Font="normal"><LA Size="normal">mit einer Höchstmasse bis zu 5,7 t<DL Font="normal" Type="arabic"><DT/><DD Font="normal"><LA Size="normal">die für die Luftfahrt zuständigen obersten Landesbehörden,</LA><LA Size="normal">in Baden-Württemberg, Bayern, Hessen, Niedersachsen und Rheinland-Pfalz</LA><LA Size="normal">die für die Luftfahrt zuständigen höheren Verkehrsbehörden;</LA></DD></DL></LA><LA Size="normal">mit einer Höchstmasse über 5,7 t<DL Font="normal" Type="arabic"><DT/><DD Font="normal"><LA Size="normal">das Bundesministerium für Verkehr und digitale Infrastruktur;</LA></DD></DL></LA></DD></DL></LA></DD><DT>5.</DT><DD Font="normal"><LA Size="normal">Kraftfahrzeugen und ihren Anhängern nebst Zubehör<DL Font="normal" Type="arabic"><DT/><DD Font="normal"><LA Size="normal">die unteren Verkehrsbehörden der Länder;</LA></DD></DL></LA></DD><DT>6.</DT><DD Font="normal"><LA Size="normal">Straßenbahnen und Oberleitungsbussen nebst Zubehör<DL Font="normal" Type="arabic"><DT/><DD Font="normal"><LA Size="normal">die höheren oder, wo solche nicht bestehen, die obersten Verkehrsbehörden der Länder;</LA></DD></DL></LA></DD><DT>7.</DT><DD Font="normal"><LA Size="normal">privaten Eisenbahnwagen nebst Zubehör auf Bahnen des öffentlichen Verkehrs<DL Font="normal" Type="arabic"><DT/><DD Font="normal"><LA Size="normal">das Eisenbahn-Bundesamt;</LA></DD></DL></LA></DD><DT>8.</DT><DD Font="normal"><LA Size="normal">Wohnraum<DL Font="normal" Type="arabic"><DT/><DD Font="normal"><LA Size="normal">die Gemeindebehörden.</LA></DD></DL></LA></DD></DL>Bei Schiffen und Luftfahrzeugen im Ausland sind auch die diplomatischen und konsularischen Vertretungen der Bundesrepublik Deutschland als Anforderungsbehörden zuständig. Das völkerrechtliche Erfordernis einer Zustimmung der Regierung des Gastlandes zur Wahrnehmung dieser Befugnis bleibt unberührt.</P><P>(2) Für Anforderungen nach § 2 Abs. 1 Nr. 7 des Bundesleistungsgesetzes sind zuständig bei <DL Font="normal" Type="arabic"><DT>1.</DT><DD Font="normal"><LA Size="normal">Anlagen des Straßenbaus<DL Font="normal" Type="arabic"><DT/><DD Font="normal"><LA Size="normal">die höheren oder, wo solche nicht bestehen, die obersten Straßenbaubehörden der Länder,</LA><LA Size="normal">in Nordrhein-Westfalen die Landschaftsverbände;</LA></DD></DL></LA></DD><DT>2.</DT><DD Font="normal"><LA Size="normal">Anlagen in Bundeswasserstraßen, mit Ausnahme der Teile der Bundeswasserstraße Elbe, die vom Land Hamburg verwaltet werden,<DL Font="normal" Type="arabic"><DT/><DD Font="normal"><LA Size="normal">die Generaldirektion Wasserstraßen und Schifffahrt;</LA></DD></DL></LA></DD><DT>3.</DT><DD Font="normal"><LA Size="normal">sonstigen Wasserbauanlagen<DL Font="normal" Type="arabic"><DT/><DD Font="normal"><LA Size="normal">die höheren oder, wo solche nicht bestehen, die obersten Wasserbehörden der Länder;</LA></DD></DL></LA></DD><DT>4.</DT><DD Font="normal"><LA Size="normal">bundeseigenen Häfen<DL Font="normal" Type="arabic"><DT/><DD Font="normal"><LA Size="normal">die Generaldirektion Wasserstraßen und Schifffahrt;</LA></DD></DL></LA></DD><DT>5.</DT><DD Font="normal"><LA Size="normal">sonstigen Häfen<DL Font="normal" Type="arabic"><DT/><DD Font="normal"><LA Size="normal">die Hafenaufsichtsbehörden der Länder, in</LA><LA Size="normal">Baden-Württemberg, Hessen und Niedersachsen die Hafenbehörden,</LA><LA Size="normal">Bayern und Nordrhein-Westfalen</LA><LA Size="normal">die Behörden der allgemeinen Verwaltung auf der Kreisstufe,</LA><LA Size="normal">Rheinland-Pfalz</LA><LA Size="normal">die höheren Verkehrsbehörden;</LA></DD></DL></LA></DD><DT>6.</DT><DD Font="normal"><LA Size="normal">Flughäfen<DL Font="normal" Type="arabic"><DT/><DD Font="normal"><LA Size="normal">die für die Luftfahrt zuständigen obersten Landesbehörden;</LA></DD></DL></LA></DD><DT>7.</DT><DD Font="normal"><LA Size="normal">Flugplätzen (ausgenommen Nr. 6)<DL Font="normal" Type="arabic"><DT/><DD Font="normal"><LA Size="normal">die für die Luftfahrt zuständigen obersten Landesbehörden,</LA><LA Size="normal">in Baden-Württemberg, Bayern, Niedersachsen und Rheinland-Pfalz</LA><LA Size="normal">die für die Luftfahrt zuständigen höheren Verkehrsbehörden.</LA></DD></DL></LA></DD></DL>Soweit die Anforderungen Einbauten betreffen, die Unterbrechenseinrichtungen für militärische Zwecke dienen, sind bei den Nummern 2, 4 und 5 die höheren Verwaltungsbehörden zuständig.</P><P>(3) Die Zuständigkeit der in Absatz 1 genannten Behörden erstreckt sich auch auf die Anforderung von Leistungen nach § 2 Abs. 1 Nr. 9 und 10 des Bundesleistungsgesetzes, die mit den in Absatz 1 genannten Verkehrsmitteln zu erbringen sind.</P><P>(4) Die Zuständigkeit der in Absatz 2 genannten Behörden erstreckt sich auch auf die Anforderung von Anlagen und Einrichtungen einschließlich Umschlagsanlagen, soweit sie dem Verkehr dienen, sowie auf Leistungen, die hiermit zu erbringen sind. Das gleiche gilt für die in Absatz 1 Nr. 5 und 6 genannten Behörden.</P><P>(5) Anforderungsbehörde für die Inanspruchnahme von Funkanlagen einschließlich der zu ihrem Betrieb erforderlichen Einrichtungen sowie der in § 2 Abs. 2 des Bundesleistungsgesetzes bezeichneten technischen Anlagen und Einrichtungen der Rundfunkanstalten ist das Bundesamt für Post und Telekommunikation:</P></Content></text><fussnoten/></textdaten></norm>
<norm builddate="20161111221503" doknr="BJNR010880989BJNE000400326"><metadaten><jurabk>BLGABV</jurabk><enbez>§ 3</enbez><titel format="parat">Örtliche Zuständigkeit</titel></metadaten><textdaten><text format="XML"><Content><P>(1) Örtlich zuständig ist die Anforderungsbehörde, in deren Bezirk sich der Gegenstand der Anforderung oder der Gegenstand befindet, auf den sich die Leistung bezieht, oder in deren Bezirk die Leistung zu erbringen ist. Kann die Leistung in der gewerblichen Niederlassung eines Leistungspflichtigen erbracht werden, so ist auch die Anforderungsbehörde örtlich zuständig, in deren Bezirk sich die Niederlassung befindet.</P><P>(2) Betrifft die Anforderung Kraftfahrzeuge und ihre Anhänger, die im Geltungsbereich dieser Verordnung zugelassen sind, so ist die Anforderungsbehörde örtlich zuständig, in deren Bezirk die Kartei über die Zulassung des Fahrzeugs geführt wird. In besonders dringenden Fällen oder wenn die nach Satz 1 zuständige Behörde aus tatsächlichen Gründen verhindert ist, ihre Befugnisse als Anforderungsbehörde auszuüben, oder bei Anforderung von Kraftfahrzeugen und ihren Anhängern, die nicht im Geltungsbereich dieser Verordnung zugelassen sind, ist auch die Anforderungsbehörde zuständig, in deren Bezirk sich das Fahrzeug im Zeitpunkt der Anforderung befindet.</P></Content> </text></textdaten></norm>
<norm builddate="20161111221503" doknr="BJNR010880989BJNE000501116"><metadaten><jurabk>BLGABV</jurabk><enbez>§ 4</enbez><titel format="XML">Örtliche Zuständigkeit bei Schiffen</titel></metadaten><textdaten><text format="XML"><Content><P>Betrifft die Anforderung Schiffe, so ist die Anforderungsbehörde örtlich zuständig, in deren Bezirk sich der Heimathafen oder Heimatort des Schiffes befindet. Hat ein Schiff keinen Heimathafen oder Heimatort im Geltungsbereich dieser Verordnung, so ist die Anforderungsbehörde örtlich zuständig, in deren Bezirk sich das Schiff befindet. § 3 Abs. 2 Satz 2 gilt sinngemäß.</P></Content></text><fussnoten/></textdaten></norm>
<norm builddate="20161111221503" doknr="BJNR010880989BJNE000600326"><metadaten><jurabk>BLGABV</jurabk><enbez>§ 5</enbez><titel format="parat">Ersatzzuständigkeit</titel></metadaten><textdaten><text format="XML"><Content><P>Solange Anforderungsbehörden aus tatsächlichen Gründen nicht in der Lage sind, ihre Befugnisse auszuüben, können diese von den übergeordneten Behörden desselben Verwaltungszweiges wahrgenommen werden. Die Befugnisse der Anforderungsbehörden können unter den in Satz 1 genannten Voraussetzungen von den unmittelbar nachgeordneten Behörden desselben Verwaltungszweiges wahrgenommen werden, wenn dies zur Abwendung einer drohenden Gefahr notwendig ist und die übergeordneten Behörden nicht rechtzeitig handeln können.</P></Content></text></textdaten></norm>
<norm builddate="20161111221503" doknr="BJNR010880989BJNE000700326"><metadaten><jurabk>BLGABV</jurabk><enbez>§ 6</enbez><titel format="parat">Bedarfsträger</titel></metadaten><textdaten><text format="XML"><Content><P>Bedarfsträger gemäß § 7 Abs. 2 des Bundesleistungsgesetzes sind <DL Font="normal" Type="arabic"><DT>1.</DT><DD Font="normal"><LA Size="normal">der Bund, auch soweit es sich um den Bedarf der verbündeten Streitkräfte und der internationalen militärischen Hauptquartiere im Geltungsbereich des Bundesleistungsgesetzes handelt,</LA></DD> <DT>2.</DT><DD Font="normal"><LA Size="normal">die Länder,</LA></DD> <DT>3.</DT><DD Font="normal"><LA Size="normal">die Gemeinden und Gemeindeverbände,</LA></DD> <DT>4.</DT><DD Font="normal"><LA Size="normal">die Träger der Sozialhilfe,</LA></DD> <DT>5.</DT><DD Font="normal"><LA Size="normal">die Zweckverbände, die der öffentlichen Versorgung mit Elektrizität, Gas, Wasser oder der Abwasserbeseitigung dienen oder Krankenhäuser unterhalten.</LA></DD> </DL></P></Content></text></textdaten></norm>
<norm builddate="20161111221503" doknr="BJNR010880989BJNE000800326"><metadaten><jurabk>BLGABV</jurabk><enbez>§ 7</enbez><titel format="parat">Bedarfsträger für Manöver oder andere Übungen</titel></metadaten><textdaten><text format="XML"><Content><P>Bedarfsträger für Manöver oder andere Übungen von Truppen oder Verbänden und Einheiten des Zivilschutzes (§ 66 Abs. 1, § 80 des Bundesleistungsgesetzes) sind <DL Font="normal" Type="arabic"><DT>1.</DT><DD Font="normal"><LA Size="normal">der Bund, auch soweit es sich um Manöver (Übungen) der verbündeten Streitkräfte handelt,</LA></DD> <DT>2.</DT><DD Font="normal"><LA Size="normal">die Länder,</LA></DD> <DT>3.</DT><DD Font="normal"><LA Size="normal">die Gemeinden und Gemeindeverbände.</LA></DD> </DL></P></Content></text></textdaten></norm>
<norm builddate="20161111221503" doknr="BJNR010880989BJNE000900326"><metadaten><jurabk>BLGABV</jurabk><enbez>§ 8</enbez><titel format="parat">Zuständigkeit in Stadtstaaten</titel></metadaten><textdaten><text format="XML"><Content><P>(1) Im Land Bremen sind zuständige Anforderungsbehörden <DL Font="normal" Type="arabic"><DT>1.</DT><DD Font="normal"><LA Size="normal">in der Stadtgemeinde Bremen<DL Font="normal" Type="arabic"><DT/><DD Font="normal"><LA Size="normal">der Senat;</LA></DD> </DL></LA></DD> <DT>2.</DT><DD Font="normal"><LA Size="normal">in der Stadtgemeinde Bremerhaven<DL Font="normal" Type="arabic"><DT/><DD Font="normal"><LA Size="normal">der Magistrat.</LA></DD> </DL> </LA></DD> </DL></P><P>(2) Im Land Hamburg sind zuständig <DL Font="normal" Type="arabic"><DT>1.</DT><DD Font="normal"><LA Size="normal">in den Fällen der §§ 1 und 2 Abs. 1 Nr. 8<DL Font="normal" Type="arabic"><DT/><DD Font="normal"><LA Size="normal">die Bezirksämter;</LA></DD> </DL></LA></DD> <DT>2.</DT><DD Font="normal"><LA Size="normal">für Schiffe, die nicht die Voraussetzungen des § 2 Abs. 1 Nr. 3 erfüllen,<DL Font="normal" Type="arabic"><DT/><DD Font="normal"><LA Size="normal">die für die Verkehrssicherstellung zuständige Fachbehörde;</LA></DD> </DL></LA></DD> <DT>3.</DT><DD Font="normal"><LA Size="normal">für Anlagen in Bundeswasserstraßen, soweit diese vom Land Hamburg verwaltet werden,<DL Font="normal" Type="arabic"><DT/><DD Font="normal"><LA Size="normal">die bei Gewässern I. Ordnung für die Ausführung von Wasserbauanlagen zuständige Fachbehörde;</LA></DD> </DL></LA></DD> <DT>4.</DT><DD Font="normal"><LA Size="normal">in den Fällen des § 2<DL Font="normal" Type="arabic"><DT/><DD Font="normal"><LA Size="normal">Abs. 1 Nr. 2<DL Font="normal" Type="arabic"><DT/><DD Font="normal"><LA Size="normal">die für die Fischerei,</LA></DD> </DL></LA><LA Size="normal">Abs. 1 Nr. 4 und Abs. 2 Satz 1 Nr. 6 und 7<DL Font="normal" Type="arabic"><DT/><DD Font="normal"><LA Size="normal">die für die Luftfahrt,</LA></DD> </DL></LA><LA Size="normal">Abs. 1 Nr. 5 und 6<DL Font="normal" Type="arabic"><DT/><DD Font="normal"><LA Size="normal">die für die Verkehrssicherstellung,</LA></DD> </DL></LA><LA Size="normal">Abs. 2 Satz 1 Nr. 1<DL Font="normal" Type="arabic"><DT/><DD Font="normal"><LA Size="normal">die für den Straßenbau,</LA></DD> </DL></LA><LA Size="normal">Abs. 2 Satz 1 Nr. 3 und Abs. 2 Satz 2 in Verbindung mit Satz 1 Nr. 2<DL Font="normal" Type="arabic"><DT/><DD Font="normal"><LA Size="normal">die bei Gewässern I. Ordnung für die Ausführung von Wasserbauanlagen,</LA></DD> </DL></LA><LA Size="normal">Abs. 2 Satz 1 Nr. 5 und Abs. 2 Satz 2 in Verbindung mit Satz 1 Nr. 4 und 5<DL Font="normal" Type="arabic"><DT/><DD Font="normal"><LA Size="normal">die für die Hafenaufsicht</LA></DD> </DL></LA></DD>      </DL></LA></DD> </DL>zuständige Fachbehörde.</P></Content></text></textdaten></norm>
<norm builddate="20161111221503" doknr="BJNR010880989BJNE001000326"><metadaten><jurabk>BLGABV</jurabk><enbez>§ 9</enbez><titel format="parat">Inkrafttreten</titel></metadaten><textdaten><text format="XML"><Content><P>(1) Diese Verordnung tritt am ersten Tage des auf die Verkündung folgenden Kalendermonats in Kraft.</P><P>(2)</P></Content> </text><fussnoten/></textdaten></norm>
<norm builddate="20161111221503" doknr="BJNR010880989BJNE001100326"><metadaten><jurabk>BLGABV</jurabk><enbez>Schlußformel</enbez></metadaten><textdaten><text format="XML"><Content><P>Der Bundesrat hat zugestimmt.</P></Content></text></textdaten></norm>
</dokumente>