<?xml version="1.0" encoding="UTF-8" ?><!DOCTYPE dokumente SYSTEM "http://www.gesetze-im-internet.de/dtd/1.01/gii-norm.dtd">
<dokumente builddate="20120625151943" doknr="BJNR048000007"><norm builddate="20120625151943" doknr="BJNR048000007"><metadaten><jurabk>RohTabBeih2006V</jurabk><ausfertigung-datum manuell="ja">2007-03-26</ausfertigung-datum><fundstelle typ="amtlich"><periodikum>BGBl I</periodikum><zitstelle>2007, 480</zitstelle></fundstelle><langue>Verordnung zur Festsetzung des endgültigen Beihilfebetrags für Rohtabak 
für das Erntejahr 2006</langue></metadaten><textdaten><text format="XML"><Content><P/></Content></text><fussnoten><Content><P><BR/> <pre xml:space="preserve">(+++ Textnachweis ab: 31.3.2007 +++)<BR/><BR/></pre></P></Content></fussnoten></textdaten></norm>
<norm builddate="20120625151943" doknr="BJNR048000007BJNE000100000"><metadaten><jurabk>RohTabBeih2006V</jurabk><enbez>Eingangsformel</enbez></metadaten><textdaten><text format="XML"><Content><P>Auf Grund des § 6 Abs. 1 Nr. 1 Buchstabe g und § 6 Abs. 1 Nr. 2 des Gesetzes zur Durchführung der Gemeinsamen Marktorganisationen und der Direktzahlungen in der Fassung der Bekanntmachung vom 24. Juni 2005 (BGBl. I S. 1847) in Verbindung mit § 1 Abs. 2 des Zuständigkeitsanpassungsgesetzes vom 16. August 2002 (BGBl. I S. 3165) und dem Organisationserlass vom 22. November 2005 (BGBl. I S. 3197) verordnet das Bundesministerium für Ernährung, Landwirtschaft und Verbraucherschutz im Einvernehmen mit den Bundesministerien der Finanzen und für Wirtschaft und Technologie:</P></Content></text></textdaten></norm>
<norm builddate="20120625151943" doknr="BJNR048000007BJNE000200000"><metadaten><jurabk>RohTabBeih2006V</jurabk><enbez>Art 1</enbez></metadaten><textdaten><text format="XML"><Content><P>(1) Der Beihilfebetrag nach Artikel 171ci der Verordnung (EG) Nr. 1973/2004 der Kommission vom 29. Oktober 2004 mit Durchführungsvorschriften zu der Verordnung (EG) Nr. 1782/2003 des Rates hinsichtlich der Stützungsregelungen nach Titel IV und IVa der Verordnung und der Verwendung von Stilllegungsflächen für die Erzeugung von Rohstoffen (ABl. EU Nr. L 345 S. 1), die zuletzt durch die Verordnung EU Nr. 1679/2006 der Kommission vom 15. November 2006 (ABl. EU Nr. L 314 S. 7) geändert worden ist, wird für das Erntejahr 2006 wie folgt festgesetzt: <BR/><BR/><table frame="none"><tgroup cols="3" colsep="0" rowsep="0"><colspec colname="col1" colnum="1" colwidth="20"/><colspec colname="col2" colnum="2" colwidth="300"/><colspec align="right" colname="col3" colnum="3" colwidth="150"/><tbody><row><entry>1.</entry><entry>für die Sortengruppe I (Flue-cured):</entry><entry>2,62904 Euro/kg,</entry></row><row><entry> </entry><entry> </entry><entry> </entry></row><row><entry>2.</entry><entry>für die Sortengruppe II (Light Air-cured):</entry><entry>2,46449 Euro/kg,</entry></row><row><entry> </entry><entry> </entry><entry> </entry></row><row><entry>3.</entry><entry>für die Sortengruppe III (Dark Air-cured):</entry><entry>2,21453 Euro/kg.</entry></row></tbody></tgroup></table></P><P>(2) Der in Absatz 1 festgesetzte Beihilfebetrag bezieht sich auf das nach Artikel 171cj Abs. 2 der Verordnung (EG) Nr. 1973/2004 feuchtigkeitskorrigierte Gewicht.</P></Content></text></textdaten></norm>
<norm builddate="20120625151943" doknr="BJNR048000007BJNE000300000"><metadaten><jurabk>RohTabBeih2006V</jurabk><enbez>Art 2</enbez></metadaten><textdaten><text format="XML"><Content><P>Diese Verordnung tritt am Tage nach der Verkündung in Kraft.</P></Content></text></textdaten></norm>
</dokumente>