<?xml version="1.0" encoding="UTF-8" ?><!DOCTYPE dokumente SYSTEM "http://www.gesetze-im-internet.de/dtd/1.01/gii-norm.dtd">
<dokumente builddate="20131008093826" doknr="BJNR200240982"><norm builddate="20131008093826" doknr="BJNR200240982"><metadaten><jurabk>IntMeerSchÜbk1973Prot</jurabk><ausfertigung-datum manuell="ja">1978-02-17</ausfertigung-datum><fundstelle typ="amtlich"><periodikum>BGBl II</periodikum><zitstelle>1982, 24</zitstelle></fundstelle><langue>Protokoll von 1978 zu dem Internationalen Übereinkommen von 1973 zur
Verhütung der Meeresverschmutzung durch Schiffe</langue></metadaten><textdaten><text format="decorated"/><fussnoten><Content><P>G v. 23.12.1981 II 1982, 2 <BR/>Inkraft gem. Bek. v. 19.9.1983 II 632 mWv 2.10.1983</P></Content></fussnoten></textdaten></norm>
</dokumente>