<?xml version="1.0" encoding="UTF-8" ?><!DOCTYPE dokumente SYSTEM "http://www.gesetze-im-internet.de/dtd/1.01/gii-norm.dtd">
<dokumente builddate="20130405125244" doknr="BJNR008220002"><norm builddate="20130405125244" doknr="BJNR008220002"><metadaten><jurabk>SVAbkCHNG</jurabk><ausfertigung-datum manuell="ja">2002-01-17</ausfertigung-datum><fundstelle typ="amtlich"><periodikum>BGBl II</periodikum><zitstelle>2002, 82</zitstelle></fundstelle><langue>Gesetz zu dem Abkommen vom 12. Juli 2001 zwischen der
Bundesrepublik Deutschland und der Volksrepublik China
über Sozialversicherung</langue></metadaten><textdaten><text format="XML"><Content><P/></Content></text><fussnoten><Content><P><BR/> <pre xml:space="preserve">(+++ Textnachweis ab: 24.1.2002 +++)<BR/><BR/></pre></P></Content></fussnoten></textdaten></norm>
<norm builddate="20130405125244" doknr="BJNR008220002BJNE000100000"><metadaten><jurabk>SVAbkCHNG</jurabk><enbez>Eingangsformel</enbez></metadaten><textdaten><text format="XML"><Content><P>Der Bundestag hat mit Zustimmung des Bundesrates das folgende Gesetz beschlossen:</P></Content></text></textdaten></norm>
<norm builddate="20130405125244" doknr="BJNR008220002BJNE000200000"><metadaten><jurabk>SVAbkCHNG</jurabk><enbez>Art 1</enbez></metadaten><textdaten><text format="XML"><Content><P>Dem in Peking am 12. Juli 2001 unterzeichneten Abkommen zwischen der Bundesrepublik Deutschland und der Volksrepublik China über Sozialversicherung wird zugestimmt. Das Abkommen wird nachstehend veröffentlicht.</P></Content></text></textdaten></norm>
<norm builddate="20130405125244" doknr="BJNR008220002BJNE000300000"><metadaten><jurabk>SVAbkCHNG</jurabk><enbez>Art 2</enbez></metadaten><textdaten><text format="XML"><Content><P>Die Bundesregierung wird ermächtigt, durch Rechtsverordnung mit Zustimmung des Bundesrates Vereinbarungen zur Durchführung des Abkommens in Kraft zu setzen oder in Ermangelung solcher Vereinbarungen das Nähere zu regeln. Dabei können zur Anwendung und Durchführung des Abkommens insbesondere über folgende Gegenstände Regelungen getroffen werden: <DL Font="normal" Type="arabic"><DT>1.</DT><DD Font="normal"><LA Size="normal">Aufklärungs-, Anzeige- und Mitteilungspflichten sowie das Bereitstellen von Beweismitteln zwischen den mit der Durchführung des Abkommens befassten Stellen sowie zwischen diesen und den betroffenen Personen,</LA></DD> <DT>2.</DT><DD Font="normal"><LA Size="normal">das Ausstellen, die Vorlage und Übermittlung von Bescheinigungen sowie die Verwendung von Vordrucken,</LA></DD> <DT>3.</DT><DD Font="normal"><LA Size="normal">die Zuständigkeit der Versicherungsträger oder anderer im Abkommen genannter Stellen und Behörden.</LA></DD> </DL></P></Content></text></textdaten></norm>
<norm builddate="20130405125244" doknr="BJNR008220002BJNE000400000"><metadaten><jurabk>SVAbkCHNG</jurabk><enbez>Art 3</enbez></metadaten><textdaten><text format="XML"><Content><P>(1) Dieses Gesetz tritt am Tage nach seiner Verkündung in Kraft.</P><P>(2) Der Tag, an dem das Abkommen nach seinem Artikel 16 in Kraft tritt, ist im Bundesgesetzblatt bekannt zu geben.</P></Content> </text></textdaten></norm>
</dokumente>