<?xml version="1.0" encoding="UTF-8" ?><!DOCTYPE dokumente SYSTEM "http://www.gesetze-im-internet.de/dtd/1.01/gii-norm.dtd">
<dokumente builddate="20230308213034" doknr="BJNR151300997"><norm builddate="20230308213034" doknr="BJNR151300997"><metadaten><jurabk>BAB-KAbgV</jurabk><amtabk>BAB-KAbgV</amtabk><ausfertigung-datum manuell="ja">1997-06-24</ausfertigung-datum><fundstelle typ="amtlich"><periodikum>BGBl I</periodikum><zitstelle>1997, 1513</zitstelle></fundstelle><kurzue>BAB-Konzessionsabgabenverordnung</kurzue><langue>Verordnung über Höhe und Erhebung der
Konzessionsabgabe für das Betreiben eines
Nebenbetriebs an der Bundesautobahn</langue><standangabe checked="ja"><standtyp>Stand</standtyp><standkommentar>Zuletzt geändert durch Art. 15 G v. 2.3.2023 I Nr. 56</standkommentar></standangabe></metadaten><textdaten><fussnoten><Content><P><BR/> <pre xml:space="preserve">(+++ Textnachweis ab: 1.7.1997 +++)<BR/><BR/></pre></P></Content></fussnoten></textdaten></norm>
<norm builddate="20230308213034" doknr="BJNR151300997BJNE000100311"><metadaten><jurabk>BAB-KAbgV</jurabk><enbez>Eingangsformel</enbez></metadaten><textdaten><text format="XML"><Content><P>Auf Grund des § 15 Abs. 3 Satz 2 des Bundesfernstraßengesetzes in der Fassung der Bekanntmachung vom 19. April 1994 (BGBl. I S. 854), geändert durch das Vierte Gesetz zur Änderung des Bundesfernstraßengesetzes vom 18. Juni 1997 (BGBl. I S. 1452), verordnet das Bundesministerium für Verkehr im Einvernehmen mit dem Bundesministerium der Finanzen:</P></Content></text></textdaten></norm>
<norm builddate="20230308213034" doknr="BJNR151300997BJNE000201308"><metadaten><jurabk>BAB-KAbgV</jurabk><enbez>§ 1</enbez><titel format="parat">Höhe der Konzessionsabgabe</titel></metadaten><textdaten><text format="XML"><Content><P>(1) Die Höhe der nach § 15 Abs. 3 Satz 1 des Bundesfernstraßengesetzes zu entrichtenden Konzessionsabgabe richtet sich nach der Menge des in dem Nebenbetrieb abgegebenen Kraftstoffs und dem Umsatz für andere Geschäfte in dem Nebenbetrieb, unabhängig davon, ob der Konzessionsinhaber den Nebenbetrieb selbst betreibt oder das Recht auf Ausübung der Konzession auf einen Dritten überträgt.</P><P>(2) Die Konzessionsabgabe für den Verkauf von Kraftstoffen beträgt 0,23008 Euro je einhundert Liter abgegebenen Ottokraftstoffs und 0,17895 Euro je einhundert Liter abgegebenen Dieselkraftstoffs sowie 0,17895 Euro je einhundert Liter für sonstigen flüssigen oder je einhundert Kilogramm für gasförmigen Kraftstoff, der zum Antrieb von Kraftfahrzeugen geeignet ist.</P><P>(3) Die Konzessionsabgabe für anderen Geschäfte eines Autobahnnebenbetriebs beträgt 1,1 vom Hundert des Umsatzes im Sinne des Umsatzsteuergesetzes.</P><P>(4) Bei einer Tankstelle/Raststätte, die durch Aufstufung einer Bundesstraße zu einer Bundesautobahn Nebenbetrieb im Sinne des § 15 Abs. 1 des Bundesfernstraßengesetzes geworden ist, ermäßigt sich die Konzessionsabgabe um 25 vom Hundert, solange dem Bund als Baulastträger für die Bundesfernstraßen keine Kosten für das Errichten und Unterhalten einer Verkehrsanlage an diesem Nebenbetrieb entstehen.</P></Content>   </text><fussnoten/></textdaten></norm>
<norm builddate="20230308213034" doknr="BJNR151300997BJNE000301360"><metadaten><jurabk>BAB-KAbgV</jurabk><enbez>§ 2</enbez><titel format="XML">Fälligkeit der Konzessionsabgabe</titel></metadaten><textdaten><text format="XML"><Content><P>(1) Der Konzessionsinhaber hat dem Bundesamt für Logistik und Mobilität spätestens 30 Tage nach Ablauf eines Kalendervierteljahres die im vorangegangenen Kalendervierteljahr abgegebenen Kraftstoffmengen (§ 1 Abs. 2) und die anderen Umsätze (§ 1 Abs. 3) mitzuteilen und die daraus berechnete Konzessionsabgabe zu entrichten.</P><P>(2) Auf Antrag eines Konzessionsinhabers kann die Abrechnung einmal jährlich zu einem vom Bundesamt für Logistik und Mobilität festgesetzten Termin vorgenommen werden. Der Konzessionsinhaber hat zu diesem Termin die im vorangegangenen Jahr abgegebenen Kraftstoffmengen (§ 1 Abs. 2) und die anderen Umsätze (§ 1 Abs. 3) mitzuteilen. Außerdem hat er spätestens 30 Tage nach Ablauf eines Kalendervierteljahres eine vom Bundesamt für Logistik und Mobilität festgesetzte Abschlagszahlung zu leisten. Eine sich aus der jährlichen Abrechnung ergebende Restzahlung ist spätestens 30 Tage nach Feststellung der Jahresabrechnung zu leisten.</P><P>(3) Für die Mitteilung der abgegebenen Kraftstoffmengen und der anderen Umsätze an das Bundesamt für Logistik und Mobilität ist das als Anlage beigefügte Formblatt zu verwenden.</P></Content></text><fussnoten/></textdaten></norm>
<norm builddate="20230308213034" doknr="BJNR151300997BJNE000401360"><metadaten><jurabk>BAB-KAbgV</jurabk><enbez>§ 3</enbez><titel format="XML">Vorlage der Geschäftsunterlagen</titel></metadaten><textdaten><text format="XML"><Content><P>Der Konzessionsinhaber hat dem Bundesamt für Logistik und Mobilität auf Verlangen seine Bücher und Aufzeichnungen vorzulegen und Auskünfte zu erteilen, die für die Feststellung der Höhe der Konzessionsabgabe erforderlich sind. Überläßt der Konzessionsinhaber das Recht auf Ausübung der Konzession einem Dritten, so obliegen auch dem Dritten die Pflichten aus Satz 1.</P></Content></text><fussnoten/></textdaten></norm>
<norm builddate="20230308213034" doknr="BJNR151300997BJNE000501360"><metadaten><jurabk>BAB-KAbgV</jurabk><enbez>§ 4</enbez><titel format="XML">Sicherheitsleistung</titel></metadaten><textdaten><text format="XML"><Content><P>Zur Sicherung der Ansprüche auf Zahlung der Konzessionsabgabe kann das Bundesamt für Logistik und Mobilität vom Konzessionsinhaber Sicherheit im Form einer unbefristeten selbstschuldnerischen Bankbürgschaft verlangen. Anstelle der Bürgschaft kann auch eine gleichwertige Sicherheit anderer Art geleistet werden.</P></Content></text><fussnoten/></textdaten></norm>
<norm builddate="20230308213034" doknr="BJNR151300997BJNE000600311"><metadaten><jurabk>BAB-KAbgV</jurabk><enbez>§ 5</enbez><titel format="parat">Anwendung der Abgabenordnung</titel></metadaten><textdaten><text format="XML"><Content><P>Auf die Konzessionsabgabe sind ergänzend die Vorschriften der Abgabenordnung über die Führung von Büchern und Aufzeichnungen (§§ 140 bis 148), über Steuererklärungen (§§ 149 bis 153), über die Steuerfestsetzung (§§ 155 bis 168), über die Festsetzungsverjährung (§ 169 Abs. 1, 2 Satz 1 Nr. 2, Satz 2 und 3, §§ 170 und 171), über die Bestandskraft (§§ 172 bis 177), über das Erhebungsverfahren (§§ 218 bis 222, 224, 234, 240 bis 248), über die Vollstreckung (§§ 249 bis 346) und des Umsatzsteuergesetzes über Aufzeichnungspflichten (§ 22) sinngemäß anzuwenden.</P></Content></text></textdaten></norm>
<norm builddate="20230308213034" doknr="BJNR151300997BJNE000700311"><metadaten><jurabk>BAB-KAbgV</jurabk><enbez>§ 6</enbez><titel format="parat">Inkrafttreten</titel></metadaten><textdaten><text format="XML"><Content><P>Diese Verordnung tritt am ersten Tage des auf die Verkündung folgenden Kalendervierteljahres in Kraft.</P></Content></text></textdaten></norm>
<norm builddate="20230308213034" doknr="BJNR151300997BJNE000801308"><metadaten><jurabk>BAB-KAbgV</jurabk><enbez>Anlage</enbez><titel format="XML">(zu § 2 Abs. 3)<BR/>Konzessionsabgabe</titel></metadaten><textdaten><text format="XML"><Content><P><ABWFORMAT typ="A"/><kommentar typ="Fundstelle">(Fundstelle: BGBl. I 2001, 3764)</kommentar><BR/><pre xml:space="preserve"> <BR/><B>Meldung für das .. Kalendervierteljahr 20../für das Jahr 20.. *)</B><BR/> <BR/>Nebenbetrieb ..................<BR/>Bundesautobahn A ..............<BR/>I.   <SP>Kraftstoff</SP><BR/>     a) Ottokraftstoff<BR/>        Menge                                              Konzessionsabgabe<BR/>        .................. l x 0,23008 Euro je einhundert<BR/>                           Liter =                         ............... Euro<BR/>     b) Dieselkraftstoff<BR/>        Menge                                              Konzessionsabgabe<BR/>        .................. l x 0,17895 Euro je einhundert<BR/>                           Liter =                         ............... Euro<BR/>     c) sonstige flüssige oder gasförmige Kraftstoffe<BR/>        Menge                                              Konzessionsabgabe<BR/>        .................. l/kg*) x 0,17895 Euro je<BR/>                           einhundert Liter/kg*) =         ............... Euro<BR/>II.  <SP>Übrige Geschäfte</SP><BR/>     Umsatz                                                Konzessionsabgabe<BR/>     ..................... Euro x 1,1 vom Hundert =        ............... Euro<BR/>III. <SP>Ermäßigung nach § 1 Abs. 4 BAB-KAbgV*)</SP><BR/>     Konzessionsabgabe                                     Ermäßigung<BR/>     (Summe aus I. und II.)<BR/>     ..................... Euro x 25 vom Hundert =         ............... Euro<BR/>IV.  <SP>Konzessionsabgabe insgesamt</SP>                     ............... Euro<BR/> <BR/>Es wird erklärt, daß hiermit der Verkauf aller Kraftstoffe und der<BR/>gesamte Umsatz des o.g. Berichtszeitraums gemeldet werden.<BR/> <BR/>(Ort, Datum)<BR/> <BR/>----------<BR/><small>*) Nichtzutreffendes streichen</small></pre></P></Content></text><fussnoten/></textdaten></norm>
</dokumente>