<?xml version="1.0" encoding="UTF-8" ?><!DOCTYPE dokumente SYSTEM "http://www.gesetze-im-internet.de/dtd/1.01/gii-norm.dtd">
<dokumente builddate="20210731213111" doknr="BJNR216600020"><norm builddate="20210731213111" doknr="BJNR216600020"><metadaten><jurabk>FintMechAusbV</jurabk><amtabk>FintMechAusbV</amtabk><ausfertigung-datum manuell="ja">2020-10-13</ausfertigung-datum><fundstelle typ="amtlich"><periodikum>BGBl I</periodikum><zitstelle>2020, 2166</zitstelle></fundstelle><kurzue>Fahrzeuginterieur-Mechaniker-Ausbildungsverordnung</kurzue><langue>Verordnung über die Berufsausbildung zum Fahrzeuginterieur-Mechaniker und zur Fahrzeuginterieur-Mechanikerin<FnR ID="F813468_01_BJNR216600020"/></langue><standangabe checked="ja"><standtyp>Sonst</standtyp><standkommentar>Ersetzt V 806-21-1-315 v. 21.7.2003 I 1512 (FahrzIAAusbV)</standkommentar></standangabe></metadaten><textdaten><text format="XML"><Footnotes><Footnote FnZ="*" Group="column" ID="F813468_01_BJNR216600020" Pos="normal"><noindex>Diese Rechtsverordnung ist eine Ausbildungsordnung im Sinne des § 4 des Berufsbildungsgesetzes. Die Ausbildungsordnung und der damit abgestimmte, von der Ständigen Konferenz der Kultusminister der Länder in der Bundesrepublik Deutschland beschlossene Rahmenlehrplan für die Berufsschule werden demnächst im amtlichen Teil des Bundesanzeigers veröffentlicht.</noindex></Footnote></Footnotes></text><fussnoten><Content><P><BR/> <pre xml:space="preserve">(+++ Textnachweis ab: 1.8.2021 +++)<BR/><BR/></pre></P></Content></fussnoten></textdaten></norm>
<norm builddate="20210731213111" doknr="BJNR216600020BJNE000100000"><metadaten><jurabk>FintMechAusbV</jurabk><enbez>Eingangsformel</enbez></metadaten><textdaten><text format="XML"><Content><P>Auf Grund des § 4 Absatz 1 des Berufsbildungsgesetzes in der Fassung der Bekanntmachung vom 4. Mai 2020 (BGBl. I S. 920) verordnet das Bundesministerium für Wirtschaft und Energie im Einvernehmen mit dem Bundesministerium für Bildung und Forschung:</P></Content></text></textdaten></norm>
<norm builddate="20210731213111" doknr="BJNR216600020BJNE000200000"><metadaten><jurabk>FintMechAusbV</jurabk><enbez>Inhaltsübersicht</enbez></metadaten><textdaten><text format="XML"><Content><TOC><Title Align="auto" Class="S0">Abschnitt 1<BR/> Gegenstand, Dauer und<BR/> Gliederung der Berufsausbildung</Title><P/><table colsep="0" frame="none" pgwide="1" rowsep="0" tocentry="%yes;"><tgroup align="left" char="" charoff="50" cols="2"><colspec colname="col1" colnum="1" colwidth="10*"/><colspec colname="col2" colnum="2" colwidth="70*"/><tbody valign="top"><row><entry VJ="1" colname="col1">§  1</entry><entry VJ="1" colname="col2">Staatliche Anerkennung des Ausbildungsberufes</entry></row><row><entry VJ="1" colname="col1">§  2</entry><entry VJ="1" colname="col2">Dauer der Berufsausbildung</entry></row><row><entry VJ="1" colname="col1">§  3</entry><entry VJ="1" colname="col2">Gegenstand der Berufsausbildung und Ausbildungsrahmenplan</entry></row><row><entry VJ="1" colname="col1">§  4</entry><entry VJ="1" colname="col2">Struktur der Berufsausbildung, Ausbildungsberufsbild</entry></row><row><entry VJ="1" colname="col1">§  5</entry><entry VJ="1" colname="col2">Ausbildungsplan</entry></row></tbody></tgroup></table><P/><Title Align="auto" Class="S0">Abschnitt 2<BR/> Abschlussprüfung</Title><P/><table colsep="0" frame="none" pgwide="1" rowsep="0" tocentry="%yes;"><tgroup align="left" char="" charoff="50" cols="2"><colspec colname="col1" colnum="1" colwidth="10*"/><colspec colname="col2" colnum="2" colwidth="70*"/><tbody valign="top"><row><entry VJ="1" colname="col1">§  6</entry><entry VJ="1" colname="col2">Aufteilung in zwei Teile und Zeitpunkt</entry></row><row><entry VJ="1" colname="col1">§  7</entry><entry VJ="1" colname="col2">Inhalt von Teil 1</entry></row><row><entry VJ="1" colname="col1">§  8</entry><entry VJ="1" colname="col2">Prüfungsbereich von Teil 1</entry></row><row><entry VJ="1" colname="col1">§  9</entry><entry VJ="1" colname="col2">Inhalt von Teil 2</entry></row><row><entry VJ="1" colname="col1">§ 10</entry><entry VJ="1" colname="col2">Prüfungsbereiche von Teil 2</entry></row><row><entry VJ="1" colname="col1">§ 11</entry><entry VJ="1" colname="col2">Prüfungsbereich Montageauftrag</entry></row><row><entry VJ="1" colname="col1">§ 12</entry><entry VJ="1" colname="col2">Prüfungsbereich Auftrags- und Fertigungssteuerung</entry></row><row><entry VJ="1" colname="col1">§ 13</entry><entry VJ="1" colname="col2">Prüfungsbereich Interieurtechnologien</entry></row><row><entry VJ="1" colname="col1">§ 14</entry><entry VJ="1" colname="col2">Prüfungsbereich Wirtschafts- und Sozialkunde</entry></row><row><entry VJ="1" colname="col1">§ 15</entry><entry VJ="1" colname="col2">Gewichtung der Prüfungsbereiche und Anforderungen für das Bestehen der Abschlussprüfung</entry></row><row><entry VJ="1" colname="col1">§ 16</entry><entry VJ="1" colname="col2">Mündliche Ergänzungsprüfung</entry></row></tbody></tgroup></table><P/><Title Align="auto" Class="S0">Abschnitt 3<BR/> Zusatzqualifikation<BR/> Additive Fertigungsverfahren</Title><P/><table colsep="0" frame="none" pgwide="1" rowsep="0" tocentry="%yes;"><tgroup align="left" char="" charoff="50" cols="2"><colspec colname="col1" colnum="1" colwidth="10*"/><colspec colname="col2" colnum="2" colwidth="70*"/><tbody valign="top"><row><entry VJ="1" colname="col1">§ 17</entry><entry VJ="1" colname="col2">Inhalt der Zusatzqualifikation</entry></row><row><entry VJ="1" colname="col1">§ 18</entry><entry VJ="1" colname="col2">Prüfung der Zusatzqualifikation</entry></row><row><entry VJ="1" colname="col1">§ 19</entry><entry VJ="1" colname="col2">Durchführung und Bestehen der Prüfung der Zusatzqualifikation</entry></row></tbody></tgroup></table><P/><Title Align="auto" Class="S0">Abschnitt 4<BR/> Schlussvorschriften</Title><P/><table colsep="0" frame="none" pgwide="1" rowsep="0" tocentry="%yes;"><tgroup align="left" char="" charoff="50" cols="2"><colspec colname="col1" colnum="1" colwidth="10*"/><colspec colname="col2" colnum="2" colwidth="70*"/><tbody valign="top"><row><entry VJ="1" colname="col1">§ 20</entry><entry VJ="1" colname="col2">Inkrafttreten, Außerkrafttreten</entry></row></tbody></tgroup></table></TOC></Content></text></textdaten></norm>
<norm builddate="20210731213111" doknr="BJNR216600020BJNG000100000"><metadaten><jurabk>FintMechAusbV</jurabk><gliederungseinheit><gliederungskennzahl>010</gliederungskennzahl><gliederungsbez>Abschnitt 1</gliederungsbez><gliederungstitel>Gegenstand, Dauer und Gliederung der Berufsausbildung</gliederungstitel></gliederungseinheit></metadaten><textdaten/></norm>
<norm builddate="20210731213111" doknr="BJNR216600020BJNE000300000"><metadaten><jurabk>FintMechAusbV</jurabk><enbez>§ 1</enbez><titel format="XML">Staatliche Anerkennung des Ausbildungsberufes</titel></metadaten><textdaten><text format="XML"><Content><P>Der Ausbildungsberuf des Fahrzeuginterieur-Mechanikers und der Fahrzeuginterieur-Mechanikerin wird nach § 4 Absatz 1 des Berufsbildungsgesetzes staatlich anerkannt.</P></Content></text></textdaten></norm>
<norm builddate="20210731213111" doknr="BJNR216600020BJNE000400000"><metadaten><jurabk>FintMechAusbV</jurabk><enbez>§ 2</enbez><titel format="XML">Dauer der Berufsausbildung</titel></metadaten><textdaten><text format="XML"><Content><P>Die Berufsausbildung dauert drei Jahre.</P></Content></text></textdaten></norm>
<norm builddate="20210731213111" doknr="BJNR216600020BJNE000500000"><metadaten><jurabk>FintMechAusbV</jurabk><enbez>§ 3</enbez><titel format="XML">Gegenstand der Berufsausbildung und Ausbildungsrahmenplan</titel></metadaten><textdaten><text format="XML"><Content><P>(1) Gegenstand der Berufsausbildung sind mindestens die im Ausbildungsrahmenplan (Anlage, Abschnitt A und B) genannten Fertigkeiten, Kenntnisse und Fähigkeiten. Von der Organisation der Berufsausbildung, wie sie im Ausbildungsrahmenplan vorgegeben ist, darf abgewichen werden, wenn und soweit betriebspraktische Besonderheiten oder Gründe, die in der Person des oder der Auszubildenden liegen, die Abweichung erfordern.</P><P>(2) Die im Ausbildungsrahmenplan genannten Fertigkeiten, Kenntnisse und Fähigkeiten sollen so vermittelt werden, dass die Auszubildenden die berufliche Handlungsfähigkeit nach § 1 Absatz 3 des Berufsbildungsgesetzes erlangen. Die berufliche Handlungsfähigkeit schließt insbesondere selbständiges Planen, Durchführen und Kontrollieren ein.</P></Content></text></textdaten></norm>
<norm builddate="20210731213111" doknr="BJNR216600020BJNE000600000"><metadaten><jurabk>FintMechAusbV</jurabk><enbez>§ 4</enbez><titel format="XML">Struktur der Berufsausbildung, Ausbildungsberufsbild</titel></metadaten><textdaten><text format="XML"><Content><P>(1) Die Berufsausbildung gliedert sich in: <DL Type="arabic"><DT>1.</DT><DD Font="normal"><LA>berufsprofilgebende Fertigkeiten, Kenntnisse und Fähigkeiten sowie</LA></DD><DT>2.</DT><DD Font="normal"><LA>integrativ zu vermittelnde Fertigkeiten, Kenntnisse und Fähigkeiten.</LA></DD></DL>Die Fertigkeiten, Kenntnisse und Fähigkeiten sind in Berufsbildpositionen als Teil des Ausbildungsberufsbildes gebündelt.</P><P>(2) Die Berufsbildpositionen der berufsprofilgebenden Fertigkeiten, Kenntnisse und Fähigkeiten sind: <DL Type="arabic"><DT>1.</DT><DD Font="normal"><LA>Anwenden und Erstellen von technischen Unterlagen,</LA></DD><DT>2.</DT><DD Font="normal"><LA>Planen und Organisieren von Arbeitsabläufen,</LA></DD><DT>3.</DT><DD Font="normal"><LA>Auswählen sowie Be- und Verarbeiten von Werk- und Hilfsstoffen,</LA></DD><DT>4.</DT><DD Font="normal"><LA>Handhaben von Werkzeugen sowie Einrichten und Bedienen von Maschinen,</LA></DD><DT>5.</DT><DD Font="normal"><LA>Montieren und Demontieren von Bauteilen und Baugruppen,</LA></DD><DT>6.</DT><DD Font="normal"><LA>Einbauen und Prüfen steuerungstechnischer Elemente,</LA></DD><DT>7.</DT><DD Font="normal"><LA>Konfektionieren, Vorrichten und Zuschneiden von Werkstoffen,</LA></DD><DT>8.</DT><DD Font="normal"><LA>Aufbauen und Beziehen von Fahrzeuginterieur,</LA></DD><DT>9.</DT><DD Font="normal"><LA>Überwachen und Sichern rechnergestützter Fertigungsprozesse,</LA></DD><DT>10.</DT><DD Font="normal"><LA>Anfertigen und Konfektionieren von Musterteilen,</LA></DD><DT>11.</DT><DD Font="normal"><LA>Nacharbeiten und Instandsetzen von Fahrzeuginterieur und</LA></DD><DT>12.</DT><DD Font="normal"><LA>Durchführen von qualitätssichernden Maßnahmen.</LA></DD></DL></P><P>(3) Die Berufsbildpositionen der integrativ zu vermittelnden Fertigkeiten, Kenntnisse und Fähigkeiten sind: <DL Type="arabic"><DT>1.</DT><DD Font="normal"><LA>Organisation des Ausbildungsbetriebes, Berufsbildung sowie Arbeits- und Tarifrecht,</LA></DD><DT>2.</DT><DD Font="normal"><LA>Sicherheit und Gesundheit bei der Arbeit,</LA></DD><DT>3.</DT><DD Font="normal"><LA>Umweltschutz und Nachhaltigkeit und</LA></DD><DT>4.</DT><DD Font="normal"><LA>Digitalisierte Arbeitswelt.</LA></DD></DL></P></Content></text></textdaten></norm>
<norm builddate="20210731213111" doknr="BJNR216600020BJNE000700000"><metadaten><jurabk>FintMechAusbV</jurabk><enbez>§ 5</enbez><titel format="XML">Ausbildungsplan</titel></metadaten><textdaten><text format="XML"><Content><P>Die Ausbildenden haben spätestens zu Beginn der Ausbildung auf der Grundlage des Ausbildungsrahmenplans für jeden Auszubildenden und für jede Auszubildende einen Ausbildungsplan zu erstellen.</P></Content></text></textdaten></norm>
<norm builddate="20210731213111" doknr="BJNR216600020BJNG000200000"><metadaten><jurabk>FintMechAusbV</jurabk><gliederungseinheit><gliederungskennzahl>020</gliederungskennzahl><gliederungsbez>Abschnitt 2</gliederungsbez><gliederungstitel>Abschlussprüfung</gliederungstitel></gliederungseinheit></metadaten><textdaten/></norm>
<norm builddate="20210731213111" doknr="BJNR216600020BJNE000800000"><metadaten><jurabk>FintMechAusbV</jurabk><enbez>§ 6</enbez><titel format="XML">Aufteilung in zwei Teile und Zeitpunkt</titel></metadaten><textdaten><text format="XML"><Content><P>(1) Die Abschlussprüfung besteht aus den Teilen 1 und 2.</P><P>(2) Teil 1 findet im vierten Ausbildungshalbjahr statt. Teil 2 findet am Ende der Berufsausbildung statt. Den Zeitrahmen der Prüfungen legt die zuständige Stelle fest.</P></Content></text></textdaten></norm>
<norm builddate="20210731213111" doknr="BJNR216600020BJNE000900000"><metadaten><jurabk>FintMechAusbV</jurabk><enbez>§ 7</enbez><titel format="XML">Inhalt von Teil 1</titel></metadaten><textdaten><text format="XML"><Content><P>Teil 1 der Abschlussprüfung erstreckt sich auf <DL Type="arabic"><DT>1.</DT><DD Font="normal"><LA>die im Ausbildungsrahmenplan für die ersten 18 Monate genannten Fertigkeiten, Kenntnisse und Fähigkeiten sowie</LA></DD><DT>2.</DT><DD Font="normal"><LA>den im Berufsschulunterricht zu vermittelnden Lehrstoff, soweit er den im Ausbildungsrahmenplan genannten Fertigkeiten, Kenntnissen und Fähigkeiten entspricht.</LA></DD></DL></P></Content></text></textdaten></norm>
<norm builddate="20210731213111" doknr="BJNR216600020BJNE001000000"><metadaten><jurabk>FintMechAusbV</jurabk><enbez>§ 8</enbez><titel format="XML">Prüfungsbereich von Teil 1</titel></metadaten><textdaten><text format="XML"><Content><P>(1) Teil 1 der Abschlussprüfung findet im Prüfungsbereich Herstellen eines Fahrzeuginterieurteils statt.</P><P>(2) Im Prüfungsbereich Herstellen eines Fahrzeuginterieurteils hat der Prüfling nachzuweisen, dass er in der Lage ist, <DL Type="arabic"><DT>1.</DT><DD Font="normal"><LA>technische Unterlagen auszuwerten, technische Parameter zu bestimmen, Arbeitsabläufe zu planen sowie Materialien und Werkzeuge zu disponieren,</LA></DD><DT>2.</DT><DD Font="normal"><LA>Werk- und Hilfsstoffe zu unterscheiden und nach Eigenschaften und Verwendungszweck wirtschaftlich einzusetzen,</LA></DD><DT>3.</DT><DD Font="normal"><LA>Konfektions-, Näh- und Bezieharbeiten auszuführen,</LA></DD><DT>4.</DT><DD Font="normal"><LA>Bauteile auf Grundlage technischer Dokumente durch manuelle und maschinelle Be- und Verarbeitungsverfahren herzustellen sowie zu Baugruppen zu fügen,</LA></DD><DT>5.</DT><DD Font="normal"><LA>Vorschriften zur Unfallverhütung und Umweltschutzbestimmungen einzuhalten und die Sicherheit von Betriebsmitteln zu beurteilen,</LA></DD><DT>6.</DT><DD Font="normal"><LA>Prüfverfahren und Prüfmittel auszuwählen und anzuwenden,</LA></DD><DT>7.</DT><DD Font="normal"><LA>Arbeitsergebnisse zu prüfen, zu beurteilen und zu dokumentieren,</LA></DD><DT>8.</DT><DD Font="normal"><LA>manuelle und maschinelle Fertigungs- und Fügeverfahren zu unterscheiden,</LA></DD><DT>9.</DT><DD Font="normal"><LA>technische Berechnungen durchzuführen,</LA></DD><DT>10.</DT><DD Font="normal"><LA>steuerungstechnische Elemente zu identifizieren, ihrer Verwendung zuzuordnen sowie Schaltpläne zu lesen und zu ergänzen,</LA></DD><DT>11.</DT><DD Font="normal"><LA>Wartungspläne auszuwerten,</LA></DD><DT>12.</DT><DD Font="normal"><LA>Maßnahmen zur Sicherheit und zum Gesundheitsschutz bei der Arbeit, zum Umweltschutz und zur Nachhaltigkeit, zur Arbeitsorganisation und zur Qualitätssicherung zu ergreifen und</LA></DD><DT>13.</DT><DD Font="normal"><LA>fachliche Hintergründe aufzuzeigen und die Vorgehensweise bei der Durchführung der Arbeitsaufgabe zu begründen.</LA></DD></DL></P><P>(3) Der Prüfling hat eine Arbeitsaufgabe durchzuführen. Die Arbeitsaufgabe kann aus mehreren Teilaufgaben bestehen. Während der Durchführung der Arbeitsaufgabe wird mit dem Prüfling ein situatives Fachgespräch über die Arbeitsaufgabe geführt. Zusätzlich hat der Prüfling Aufgaben schriftlich zu bearbeiten.</P><P>(4) Die Prüfungszeit beträgt insgesamt acht Stunden und 30 Minuten. Für die Arbeitsaufgabe und das situative Fachgespräch beträgt die Prüfungszeit sieben Stunden. Innerhalb dieser Zeit dauert das situative Fachgespräch höchstens zehn Minuten. Die Prüfungszeit für die schriftliche Bearbeitung der Aufgaben beträgt 90 Minuten.</P></Content></text></textdaten></norm>
<norm builddate="20210731213111" doknr="BJNR216600020BJNE001100000"><metadaten><jurabk>FintMechAusbV</jurabk><enbez>§ 9</enbez><titel format="XML">Inhalt von Teil 2</titel></metadaten><textdaten><text format="XML"><Content><P>(1) Teil 2 der Abschlussprüfung erstreckt sich auf <DL Type="arabic"><DT>1.</DT><DD Font="normal"><LA>die im Ausbildungsrahmenplan genannten Fertigkeiten, Kenntnisse und Fähigkeiten sowie</LA></DD><DT>2.</DT><DD Font="normal"><LA>den im Berufsschulunterricht zu vermittelnden Lehrstoff, soweit er den im Ausbildungsrahmenplan genannten Fertigkeiten, Kenntnissen und Fähigkeiten entspricht.</LA></DD></DL></P><P>(2) In Teil 2 der Abschlussprüfung sollen Fertigkeiten, Kenntnisse und Fähigkeiten, die bereits Gegenstand von Teil 1 der Abschlussprüfung waren, nur insoweit einbezogen werden, als es für die Feststellung der beruflichen Handlungsfähigkeit erforderlich ist.</P></Content></text></textdaten></norm>
<norm builddate="20210731213111" doknr="BJNR216600020BJNE001200000"><metadaten><jurabk>FintMechAusbV</jurabk><enbez>§ 10</enbez><titel format="XML">Prüfungsbereiche von Teil 2</titel></metadaten><textdaten><text format="XML"><Content><P>Teil 2 der Abschlussprüfung findet in den folgenden Prüfungsbereichen statt: <DL Type="arabic"><DT>1.</DT><DD Font="normal"><LA>Montageauftrag</LA></DD><DT>2.</DT><DD Font="normal"><LA>Auftrags- und Fertigungssteuerung</LA></DD><DT>3.</DT><DD Font="normal"><LA>Interieurtechnologien sowie</LA></DD><DT>4.</DT><DD Font="normal"><LA>Wirtschafts- und Sozialkunde.</LA></DD></DL></P></Content></text></textdaten></norm>
<norm builddate="20210731213111" doknr="BJNR216600020BJNE001300000"><metadaten><jurabk>FintMechAusbV</jurabk><enbez>§ 11</enbez><titel format="XML">Prüfungsbereich Montageauftrag</titel></metadaten><textdaten><text format="XML"><Content><P>(1) Im Prüfungsbereich Montageauftrag hat der Prüfling nachzuweisen, dass er in der Lage ist, <DL Type="arabic"><DT>1.</DT><DD Font="normal"><LA>Art und Umfang von Montageaufträgen zu erfassen, Informationen zu beschaffen, technische und organisatorische Schnittstellen zu definieren, Lösungsvarianten unter technischen, ökologischen und betriebswirtschaftlichen Aspekten zu bewerten und auszuwählen,</LA></DD><DT>2.</DT><DD Font="normal"><LA>Bauteile und Baugruppen sowie pneumatische und elektrische Komponenten unter Beachtung teile- und materialspezifischer Anforderungen zu montieren und zu demontieren sowie deren Funktionen zu prüfen und einzustellen,</LA></DD><DT>3.</DT><DD Font="normal"><LA>Qualitätssicherungssysteme anzuwenden, Ursachen von Qualitätsmängeln systematisch zu suchen, zu beseitigen und die Maßnahmen zu dokumentieren,</LA></DD><DT>4.</DT><DD Font="normal"><LA>vor- und nachgelagerte Fertigungsprozesse zu analysieren, Produktionsanlagen bauteilabhängig in Betrieb zu nehmen und zu bedienen, rechnergestützte Fertigungsprozesse zu überwachen, zu bewerten und zu optimieren, den Materialfluss sicherzustellen sowie Störungen im Fertigungsprozess zu beheben und die Maßnahmen zur Behebung zu dokumentieren,</LA></DD><DT>5.</DT><DD Font="normal"><LA>Nacharbeits- und Instandsetzungsmaßnahmen am Fahrzeuginterieur zu ermitteln, den Arbeitsaufwand für diese Maßnahmen zu beurteilen, Reparaturvorschläge zu erarbeiten, Fahrzeuginterieur auszutauschen oder instand zu setzen sowie Reinigungs- und Pflegeanleitungen einzuhalten,</LA></DD><DT>6.</DT><DD Font="normal"><LA>Maßnahmen zur Sicherheit und zum Gesundheitsschutz bei der Arbeit, zum Umweltschutz und zur Nachhaltigkeit, zur Arbeitsorganisation und zur Qualitätssicherung zu ergreifen und</LA></DD><DT>7.</DT><DD Font="normal"><LA>fachliche Hintergründe aufzuzeigen und die Vorgehensweise bei der Durchführung des betrieblichen Auftrags zu begründen.</LA></DD></DL></P><P>(2) Der Prüfling hat einen betrieblichen Auftrag durchzuführen und mit praxisbezogenen Unterlagen zu dokumentieren. Nach der Durchführung des betrieblichen Auftrags wird mit ihm auf der Grundlage der Dokumentation ein auftragsbezogenes Fachgespräch geführt.</P><P>(3) Vor der Durchführung des betrieblichen Auftrags hat der Ausbildende dem Prüfungsausschuss die Aufgabenstellung einschließlich eines geplanten Bearbeitungszeitraums zur Genehmigung vorzulegen.</P><P>(4) Die Prüfungszeit beträgt für die Durchführung des betrieblichen Auftrags einschließlich der Dokumentation insgesamt 18 Stunden. Davon entfallen auf das auftragsbezogene Fachgespräch höchstens 30 Minuten.</P></Content></text></textdaten></norm>
<norm builddate="20210731213111" doknr="BJNR216600020BJNE001400000"><metadaten><jurabk>FintMechAusbV</jurabk><enbez>§ 12</enbez><titel format="XML">Prüfungsbereich Auftrags- und Fertigungssteuerung</titel></metadaten><textdaten><text format="XML"><Content><P>(1) Im Prüfungsbereich Auftrags- und Fertigungssteuerung hat der Prüfling nachzuweisen, dass er in der Lage ist, <DL Type="arabic"><DT>1.</DT><DD Font="normal"><LA>Mess- und Einstellwerte, Tabellen und Diagramme auszuwerten sowie Berechnungen durchzuführen,</LA></DD><DT>2.</DT><DD Font="normal"><LA>Arbeitspläne zu erstellen sowie Fertigungsprozesse zu koordinieren und zu optimieren,</LA></DD><DT>3.</DT><DD Font="normal"><LA>qualitätssichernde Maßnahmen durchzuführen, kontinuierlich zu optimieren und zu dokumentieren,</LA></DD><DT>4.</DT><DD Font="normal"><LA>Ergebnisse zu überprüfen, zu bewerten und zu dokumentieren,</LA></DD><DT>5.</DT><DD Font="normal"><LA>automatisierte Prüfverfahren und Prüfmittel auszuwählen und anzuwenden sowie Ergebnisse zu bewerten und zu dokumentieren,</LA></DD><DT>6.</DT><DD Font="normal"><LA>Informationen für die Montage und Demontage von Bauteilen und Baugruppen zu beschaffen sowie Montagevoraussetzungen und Materialflüsse zu erfassen und sicherzustellen,</LA></DD><DT>7.</DT><DD Font="normal"><LA>Wartungs- und Instandhaltungsmaßnahmen zu unterscheiden, zu planen und durchzuführen und</LA></DD><DT>8.</DT><DD Font="normal"><LA>Maßnahmen zum Arbeits- und Umweltschutz anzuwenden.</LA></DD></DL></P><P>(2) Der Prüfling hat Aufgaben schriftlich zu bearbeiten.</P><P>(3) Die Prüfungszeit beträgt 90 Minuten.</P></Content></text></textdaten></norm>
<norm builddate="20210731213111" doknr="BJNR216600020BJNE001500000"><metadaten><jurabk>FintMechAusbV</jurabk><enbez>§ 13</enbez><titel format="XML">Prüfungsbereich Interieurtechnologien</titel></metadaten><textdaten><text format="XML"><Content><P>(1) Im Prüfungsbereich Interieurtechnologien hat der Prüfling nachzuweisen, dass er in der Lage ist, <DL Type="arabic"><DT>1.</DT><DD Font="normal"><LA>Musterteile unter Beachtung von Bauteil- und Materialeigenschaften zu konfektionieren und zu optimieren,</LA></DD><DT>2.</DT><DD Font="normal"><LA>nach technischen Vorgaben Schablonen zu erstellen,</LA></DD><DT>3.</DT><DD Font="normal"><LA>verfahrensbezogene Berechnungen durchzuführen,</LA></DD><DT>4.</DT><DD Font="normal"><LA>Komponenten und Schaltpläne pneumatischer und elektrischer Systeme anwendungsspezifisch zuzuordnen sowie Störungen in steuerungstechnischen Systemen einzugrenzen,</LA></DD><DT>5.</DT><DD Font="normal"><LA>Bauteile mit Hilfe von Werkstattsoftware zu disponieren,</LA></DD><DT>6.</DT><DD Font="normal"><LA>Reklamationen zu beurteilen und Nacharbeiten am Fahrzeuginterieur auszuführen,</LA></DD><DT>7.</DT><DD Font="normal"><LA>Oberflächen von Bauteilen und Bezügen nach Gebrauchs- und Pflegeanleitungen zu pflegen und</LA></DD><DT>8.</DT><DD Font="normal"><LA>Hochvolt-Bauteile zu identifizieren sowie Maßnahmen zur Fremd- und Eigensicherung einzuleiten.</LA></DD></DL></P><P>(2) Der Prüfling hat Aufgaben schriftlich zu bearbeiten.</P><P>(3) Die Prüfungszeit beträgt 90 Minuten.</P></Content></text></textdaten></norm>
<norm builddate="20210731213111" doknr="BJNR216600020BJNE001600000"><metadaten><jurabk>FintMechAusbV</jurabk><enbez>§ 14</enbez><titel format="XML">Prüfungsbereich Wirtschafts- und Sozialkunde</titel></metadaten><textdaten><text format="XML"><Content><P>(1) Im Prüfungsbereich Wirtschafts- und Sozialkunde hat der Prüfling nachzuweisen, dass er in der Lage ist, allgemeine wirtschaftliche und gesellschaftliche Zusammenhänge der Berufs- und Arbeitswelt darzustellen und zu beurteilen.</P><P>(2) Die Prüfungsaufgaben müssen praxisbezogen sein. Der Prüfling hat die Aufgaben schriftlich zu bearbeiten.</P><P>(3) Die Prüfungszeit beträgt 60 Minuten.</P></Content></text></textdaten></norm>
<norm builddate="20210731213111" doknr="BJNR216600020BJNE001700000"><metadaten><jurabk>FintMechAusbV</jurabk><enbez>§ 15</enbez><titel format="XML">Gewichtung der Prüfungsbereiche und Anforderungen für das Bestehen der Abschlussprüfung</titel></metadaten><textdaten><text format="XML"><Content><P>(1) Die Bewertungen der einzelnen Prüfungsbereiche sind wie folgt zu gewichten: <BR/><BR/><table frame="none" pgwide="0" tocentry="%yes;"><tgroup align="left" char="" charoff="50" cols="3"><colspec colname="col1" colwidth="4*"/><colspec colname="col2" colwidth="45*"/><colspec align="right" colname="col3" colwidth="31*"/><tbody valign="top"><row><entry VJ="1" colname="col1" colsep="0" rowsep="0">1.</entry><entry VJ="1" colname="col2" colsep="0" rowsep="0">Herstellen eines Fahrzeuginterieurteils</entry><entry VJ="1" colname="col3" rowsep="0">mit 30 Prozent,</entry></row><row><entry VJ="1" colname="col1" colsep="0" rowsep="0">2.</entry><entry VJ="1" colname="col2" colsep="0" rowsep="0">Montageauftrag</entry><entry VJ="1" colname="col3" rowsep="0">mit 30 Prozent,</entry></row><row><entry VJ="1" colname="col1" colsep="0" rowsep="0">3.</entry><entry VJ="1" colname="col2" colsep="0" rowsep="0">Auftrags- und Fertigungssteuerung</entry><entry VJ="1" colname="col3" rowsep="0">mit 15 Prozent,</entry></row><row><entry VJ="1" colname="col1" colsep="0" rowsep="0">4.</entry><entry VJ="1" colname="col2" colsep="0" rowsep="0">Interieurtechnologien</entry><entry VJ="1" colname="col3" rowsep="0">mit 15 Prozent sowie</entry></row><row><entry VJ="1" colname="col1" colsep="0">5.</entry><entry VJ="1" colname="col2" colsep="0">Wirtschafts- und Sozialkunde</entry><entry VJ="1" colname="col3">mit 10 Prozent.</entry></row></tbody></tgroup></table></P><P>(2) Die Abschlussprüfung ist bestanden, wenn die Prüfungsleistungen, auch unter Berücksichtigung einer mündlichen Ergänzungsprüfung nach § 16 wie folgt bewertet worden sind: <DL Font="normal" Type="arabic"><DT>1.</DT><DD Font="normal"><LA Size="normal">im Gesamtergebnis von Teil 1 und Teil 2 mit mindestens &quot;ausreichend&quot;,</LA></DD><DT>2.</DT><DD Font="normal"><LA Size="normal">im Ergebnis von Teil 2 mit mindestens &quot;ausreichend&quot;,</LA></DD><DT>3.</DT><DD Font="normal"><LA Size="normal">in mindestens drei Prüfungsbereichen von Teil 2 mit mindestens &quot;ausreichend&quot; und</LA></DD><DT>4.</DT><DD Font="normal"><LA Size="normal">in keinem Prüfungsbereich von Teil 2 mit &quot;ungenügend&quot;.</LA></DD></DL></P></Content></text></textdaten></norm>
<norm builddate="20210731213111" doknr="BJNR216600020BJNE001800000"><metadaten><jurabk>FintMechAusbV</jurabk><enbez>§ 16</enbez><titel format="XML">Mündliche Ergänzungsprüfung</titel></metadaten><textdaten><text format="XML"><Content><P>(1) Der Prüfling kann in einem Prüfungsbereich eine mündliche Ergänzungsprüfung beantragen.</P><P>(2) Dem Antrag ist stattzugeben, <DL Type="arabic"><DT>1.</DT><DD Font="normal"><LA>wenn er für einen der folgenden Prüfungsbereiche gestellt worden ist: <DL Type="alpha"><DT>a)</DT><DD Font="normal"><LA>Auftrags- und Fertigungssteuerung,</LA></DD><DT>b)</DT><DD Font="normal"><LA>Interieurtechnologien oder</LA></DD><DT>c)</DT><DD Font="normal"><LA>Wirtschafts- und Sozialkunde,</LA></DD></DL></LA></DD><DT>2.</DT><DD Font="normal"><LA>wenn der benannte Prüfungsbereich schlechter als mit „ausreichend“ bewertet worden ist und</LA></DD><DT>3.</DT><DD Font="normal"><LA>wenn die mündliche Ergänzungsprüfung für das Bestehen der Abschlussprüfung den Ausschlag geben kann.</LA></DD></DL>Die mündliche Ergänzungsprüfung darf nur in einem einzigen Prüfungsbereich durchgeführt werden.</P><P>(3) Die mündliche Ergänzungsprüfung soll 15 Minuten dauern.</P><P>(4) Bei der Ermittlung des Ergebnisses für den Prüfungsbereich sind das bisherige Ergebnis und das Ergebnis der mündlichen Ergänzungsprüfung im Verhältnis 2:1 zu gewichten.</P></Content></text></textdaten></norm>
<norm builddate="20210731213111" doknr="BJNR216600020BJNG000300000"><metadaten><jurabk>FintMechAusbV</jurabk><gliederungseinheit><gliederungskennzahl>030</gliederungskennzahl><gliederungsbez>Abschnitt 3</gliederungsbez><gliederungstitel>Zusatzqualifikation Additive Fertigungsverfahren</gliederungstitel></gliederungseinheit></metadaten><textdaten/></norm>
<norm builddate="20210731213111" doknr="BJNR216600020BJNE001900000"><metadaten><jurabk>FintMechAusbV</jurabk><enbez>§ 17</enbez><titel format="XML">Inhalt der Zusatzqualifikation</titel></metadaten><textdaten><text format="XML"><Content><P>(1) Über das in § 4 beschriebene Ausbildungsberufsbild hinaus kann die Ausbildung in der Zusatzqualifikation Additive Fertigungsverfahren vereinbart werden.</P><P>(2) Gegenstand der Zusatzqualifikation sind die in der Anlage Abschnitt C genannten Fertigkeiten, Kenntnisse und Fähigkeiten.</P></Content></text></textdaten></norm>
<norm builddate="20210731213111" doknr="BJNR216600020BJNE002000000"><metadaten><jurabk>FintMechAusbV</jurabk><enbez>§ 18</enbez><titel format="XML">Prüfung der Zusatzqualifikation</titel></metadaten><textdaten><text format="XML"><Content><P>(1) Die Zusatzqualifikation wird auf Antrag des oder der Auszubildenden geprüft, wenn der oder die Auszubildende glaubhaft gemacht hat, dass ihm oder ihr die erforderlichen Fertigkeiten, Kenntnisse und Fähigkeiten vermittelt worden sind. Die Prüfung findet im Rahmen der Abschlussprüfung als gesonderte Prüfung statt.</P><P>(2) Die Prüfung der Zusatzqualifikation erstreckt sich auf die in der Anlage unter Abschnitt C genannten Fertigkeiten, Kenntnisse und Fähigkeiten.</P><P>(3) In der Prüfung der Zusatzqualifikation hat der Prüfling nachzuweisen, dass er in der Lage ist, <DL Type="arabic"><DT>1.</DT><DD Font="normal"><LA>parametrische 3-D-Datensätze zu erstellen und anzuwenden,</LA></DD><DT>2.</DT><DD Font="normal"><LA>additive Fertigungsanlagen einzurichten und zu betreiben sowie</LA></DD><DT>3.</DT><DD Font="normal"><LA>die Qualität der Produkte zu prüfen und zu sichern.</LA></DD></DL></P></Content></text></textdaten></norm>
<norm builddate="20210731213111" doknr="BJNR216600020BJNE002100000"><metadaten><jurabk>FintMechAusbV</jurabk><enbez>§ 19</enbez><titel format="XML">Durchführung und Bestehen der Prüfung der Zusatzqualifikation</titel></metadaten><textdaten><text format="XML"><Content><P>(1) In der Prüfung wird mit dem Prüfling zur Zusatzqualifikation Additive Fertigung ein fallbezogenes Fachgespräch geführt.</P><P>(2) Zur Vorbereitung auf das fallbezogene Fachgespräch hat der Prüfling eigenständig im Ausbildungsbetrieb eine praxisbezogene Aufgabe durchzuführen. Die eigenständige Durchführung ist von dem oder der Ausbildenden zu bestätigen.</P><P>(3) Zu der praxisbezogenen Aufgabe hat der Prüfling einen Report zu erstellen. In dem Report hat er die Aufgabenstellung, die Zielsetzung, die Planung, das Vorgehen und das Ergebnis der praxisbezogenen Aufgabe zu beschreiben und den Prozess, der zu dem Ergebnis geführt hat, zu reflektieren. Der Report darf höchstens drei Seiten umfassen.</P><P>(4) Den Report soll der Prüfling mit einer Anlage ergänzen. Die Anlage besteht aus Visualisierungen zu der praxisbezogenen Aufgabe. Sie darf höchstens fünf Seiten umfassen.</P><P>(5) Das fallbezogene Fachgespräch wird mit einer Darstellung der praxisbezogenen Aufgabe und des Lösungswegs durch den Prüfling eingeleitet. Ausgehend von der praxisbezogenen Aufgabe und dem dazu erstellten Report entwickelt der Prüfungsausschuss das fallbezogene Fachgespräch so, dass die Anforderungen der Zusatzqualifikation nachgewiesen werden können.</P><P>(6) Das fallbezogene Fachgespräch dauert höchstens 20 Minuten.</P><P>(7) Bewertet wird nur die Leistung, die der Prüfling im fallbezogenen Fachgespräch erbringt.</P><P>(8) Die Prüfung der Zusatzqualifikation Additive Fertigung ist bestanden, wenn die Prüfungsleistung mit mindestens „ausreichend“ bewertet worden ist.</P></Content></text></textdaten></norm>
<norm builddate="20210731213111" doknr="BJNR216600020BJNG000400000"><metadaten><jurabk>FintMechAusbV</jurabk><gliederungseinheit><gliederungskennzahl>040</gliederungskennzahl><gliederungsbez>Abschnitt 4</gliederungsbez><gliederungstitel>Schlussvorschriften</gliederungstitel></gliederungseinheit></metadaten><textdaten/></norm>
<norm builddate="20210731213111" doknr="BJNR216600020BJNE002200000"><metadaten><jurabk>FintMechAusbV</jurabk><enbez>§ 20</enbez><titel format="XML">Inkrafttreten, Außerkrafttreten</titel></metadaten><textdaten><text format="XML"><Content><P>Diese Verordnung tritt am 1. August 2021 in Kraft. Gleichzeitig tritt die Verordnung über die Berufsausbildung zum Fahrzeuginnenausstatter/zur Fahrzeuginnenausstatterin vom 21. Juli 2003 (BGBl. I S. 1512) außer Kraft.</P></Content></text></textdaten></norm>
<norm builddate="20210731213111" doknr="BJNR216600020BJNE002300000"><metadaten><jurabk>FintMechAusbV</jurabk><enbez>Anlage</enbez><titel format="XML">(zu § 3)<BR/>Ausbildungsrahmenplan für die Berufsausbildung zum Fahrzeuginterieur-Mechaniker und zur Fahrzeuginterieur-Mechanikerin</titel></metadaten><textdaten><text format="XML"><Content><P><noindex><kommentar typ="Fundstelle">(Fundstelle: BGBl. I 2020, 2171 - 2177)</kommentar></noindex></P><BR/><table frame="all" tabstyle="Ausbildung" tocentry="%yes;"><Title Align="left" Class="S1"><B>Abschnitt A: berufsprofilgebende Fertigkeiten, Kenntnisse und Fähigkeiten</B><BR/><BR/></Title><tgroup align="left" char="" charoff="50" cols="5" colsep="1" rowsep="1"><colspec align="center" colname="col1" colnum="1" colwidth=".75*"/><colspec colname="col2" colnum="2" colwidth="4.5*"/><colspec colname="col3" colnum="3" colwidth="8.5*"/><colspec align="center" colname="col4" colnum="4" colwidth="1.5*"/><colspec align="center" colname="col5" colnum="5" colwidth="1.5*"/><thead valign="bottom"><row><entry VJ="1" align="center" colname="col1" morerows="1" valign="middle">Lfd.<BR/> Nr.</entry><entry VJ="1" align="center" colname="col2" morerows="1" valign="middle">Teil des<BR/> Ausbildungsberufsbildes</entry><entry VJ="1" align="center" colname="col3" morerows="1" valign="middle">Zu vermittelnde<BR/> Fertigkeiten, Kenntnisse und Fähigkeiten</entry><entry VJ="1" align="center" nameend="col5" namest="col4" valign="middle">zeitliche Richtwerte<BR/> in Wochen im</entry></row><row><entry VJ="1" align="center" colname="col4" valign="middle">1. bis 18.<BR/> Monat</entry><entry VJ="1" align="center" colname="col5" valign="middle">19. bis 36.<BR/> Monat</entry></row><row><entry VJ="1" align="center" colname="col1" valign="middle">1</entry><entry VJ="1" align="center" colname="col2" valign="middle">2</entry><entry VJ="1" align="center" colname="col3" valign="middle">3</entry><entry VJ="1" align="center" nameend="col5" namest="col4" valign="middle">4</entry></row></thead><tbody valign="top"><row><entry VJ="1" colname="col1">1</entry><entry VJ="1" colname="col2">Anwenden und Erstellen von technischen Unterlagen<BR/> (§ 4 Absatz 2 Nummer 1)</entry><entry VJ="1" colname="col3"><DL Font="normal" Type="alpha"><DT>a)</DT><DD Font="normal"><LA Size="normal">Arten, Aufbau und Funktionen von Fahrzeuginterieur unterscheiden</LA></DD><DT>b)</DT><DD Font="normal"><LA Size="normal">Funktionsmaße von Bauteilen ermitteln und Grundsätze der maßgerechten und ergonomischen Gestaltung anwenden</LA></DD><DT>c)</DT><DD Font="normal"><LA Size="normal">Normen, insbesondere Zeichnungs- und Materialnormen, anwenden</LA></DD><DT>d)</DT><DD Font="normal"><LA Size="normal">Skizzen, Schablonen und Materiallisten prüfen und erstellen</LA></DD><DT>e)</DT><DD Font="normal"><LA Size="normal">technische Zeichnungen prüfen und anwenden</LA></DD><DT>f)</DT><DD Font="normal"><LA Size="normal">Fertigungsvorschriften einhalten sowie Merkblätter und Richtlinien beachten</LA></DD></DL></entry><entry VJ="1" colname="col4" valign="middle">4</entry><entry VJ="1" colname="col5"/></row><row rowsep="0"><entry VJ="1" colname="col1">2</entry><entry VJ="1" colname="col2">Planen und Organisieren von Arbeitsabläufen<BR/> (§ 4 Absatz 2 Nummer 2)</entry><entry VJ="1" colname="col3" rowsep="1"><DL Font="normal" Type="alpha"><DT>a)</DT><DD Font="normal"><LA Size="normal">Arbeitsaufträge auf Umsetzbarkeit prüfen, Auftragsunterlagen bearbeiten</LA></DD><DT>b)</DT><DD Font="normal"><LA Size="normal">Arbeitsschritte unter Berücksichtigung betrieblicher Abläufe sowie funktionaler und fertigungstechnischer Gesichtspunkte festlegen</LA></DD><DT>c)</DT><DD Font="normal"><LA Size="normal">Arbeitsplätze unter Berücksichtigung des Materialflusses nach ergonomischen und sicherheitsrelevanten Gesichtspunkten einrichten</LA></DD><DT>d)</DT><DD Font="normal"><LA Size="normal">Werk- und Hilfsstoffe sowie Arbeitsmittel auftragsbezogen und termingerecht bereitstellen</LA></DD></DL></entry><entry VJ="1" colname="col4" rowsep="1" valign="middle">6</entry><entry VJ="1" colname="col5" rowsep="1"/></row><row><entry VJ="1" colname="col1"/><entry VJ="1" colname="col2"/><entry VJ="1" colname="col3"><DL Font="normal" Type="alpha"><DT>e)</DT><DD Font="normal"><LA Size="normal">Arbeitsabläufe unter Berücksichtigung organisatorischer, ergonomischer und wirtschaftlicher Gesichtspunkte planen, optimieren und dokumentieren</LA></DD><DT>f)</DT><DD Font="normal"><LA Size="normal">Materialbedarf ermitteln, Zeitaufwand abschätzen, terminliche Vorgaben einhalten</LA></DD><DT>g)</DT><DD Font="normal"><LA Size="normal">Sachverhalte darstellen, fremdsprachliche Fachbegriffe anwenden und Arbeitsergebnisse präsentieren</LA></DD></DL></entry><entry VJ="1" colname="col4"/><entry VJ="1" colname="col5" valign="middle">8</entry></row><row rowsep="0"><entry VJ="1" colname="col1">3</entry><entry VJ="1" colname="col2">Auswählen sowie Be- und Verarbeiten von Werk- und Hilfsstoffen<BR/> (§ 4 Absatz 2 Nummer 3)</entry><entry VJ="1" colname="col3" rowsep="1"><DL Font="normal" Type="alpha"><DT>a)</DT><DD Font="normal"><LA Size="normal">Werk- und Hilfsstoffe sowie Zubehör, insbesondere textile Faserstoffe, Garne, Zwirne, textile Flächengebilde, Leder und Kunstleder, Verbundstoffe und Folien, nach Eigenschaften und Wirtschaftlichkeit auswählen und nach ihrem Verwendungszweck einsetzen</LA></DD><DT>b)</DT><DD Font="normal"><LA Size="normal">Bezugsmaterialien messen, anzeichnen, schneiden, spannen und verbinden</LA></DD><DT>c)</DT><DD Font="normal"><LA Size="normal">Kaschiermittel auswählen und Kaschiertechniken anwenden</LA></DD><DT>d)</DT><DD Font="normal"><LA Size="normal">Holz und Holzwerkstoffe, Metalle, Kunststoffe und Verbundwerkstoffe nach Eigenschaften und Verwendungszweck unterscheiden</LA></DD><DT>e)</DT><DD Font="normal"><LA Size="normal">Kunststoffe und Verbundwerkstoffe, insbesondere durch Schneiden, Sägen, Bohren, Kleben und Klammern, be- und verarbeiten</LA></DD><DT>f)</DT><DD Font="normal"><LA Size="normal">Metalle, insbesondere durch Sägen, Feilen, Bohren und Abkanten, bearbeiten</LA></DD><DT>g)</DT><DD Font="normal"><LA Size="normal">Metallteile, insbesondere durch Schrauben, Nieten und Kleben, verbinden</LA></DD><DT>h)</DT><DD Font="normal"><LA Size="normal">Verbindungen zwischen Holz- und Holzwerkstoffen, Metallen, Kunststoffen und Verbundwerkstoffen herstellen</LA></DD><DT>i)</DT><DD Font="normal"><LA Size="normal">Klebstoffe nach Verwendungszweck unter Beachtung von Verarbeitungs- und Sicherheitsvorschriften auswählen und einsetzen</LA></DD></DL></entry><entry VJ="1" colname="col4" rowsep="1" valign="middle"><BR/><BR/><BR/><BR/><BR/><BR/><BR/><BR/><BR/><BR/><BR/><BR/> 10</entry><entry VJ="1" colname="col5" rowsep="1"/></row><row><entry VJ="1" colname="col1"/><entry VJ="1" colname="col2"/><entry VJ="1" colname="col3"><DL Font="normal" Type="alpha"><DT>j)</DT><DD Font="normal"><LA Size="normal">Werk- und Hilfsstoffe sortieren, auf Qualität, Schäden und Fehler prüfen sowie unter Beachtung von Lagerkriterien lagern</LA></DD><DT>k)</DT><DD Font="normal"><LA Size="normal">Arten der Veredelung sowie Zurichtungsmaßnahmen unterscheiden, Auswirkungen bei der Weiterverarbeitung berücksichtigen</LA></DD></DL></entry><entry VJ="1" colname="col4"/><entry VJ="1" colname="col5" valign="middle">6</entry></row><row><entry VJ="1" colname="col1">4</entry><entry VJ="1" colname="col2">Handhaben von Werkzeugen sowie Einrichten und Bedienen von Maschinen<BR/> (§ 4 Absatz 2 Nummer 4)</entry><entry VJ="1" colname="col3"><DL Font="normal" Type="alpha"><DT>a)</DT><DD Font="normal"><LA Size="normal">Werkzeuge, Maschinen und Zusatzeinrichtungen auswählen und einsetzen</LA></DD><DT>b)</DT><DD Font="normal"><LA Size="normal">Handwerkzeuge und handgeführte Maschinen handhaben</LA></DD><DT>c)</DT><DD Font="normal"><LA Size="normal">Maschinen einrichten, Funktionen prüfen, Maschinen in Betrieb nehmen und bedienen, Zusatzeinrichtungen einsetzen</LA></DD><DT>d)</DT><DD Font="normal"><LA Size="normal">Störungen feststellen und Maßnahmen zur Störungsbeseitigung veranlassen</LA></DD><DT>e)</DT><DD Font="normal"><LA Size="normal">Werkzeuge und Maschinen pflegen und warten, Wartungspläne berücksichtigen</LA></DD><DT>f)</DT><DD Font="normal"><LA Size="normal">Hebe- und Transportmittel auswählen und einsetzen</LA></DD><DT>g)</DT><DD Font="normal"><LA Size="normal">Maschinenparameter einstellen und maschinelle Prozesse überwachen</LA></DD></DL></entry><entry VJ="1" colname="col4" valign="middle">6</entry><entry VJ="1" colname="col5"/></row><row rowsep="0"><entry VJ="1" colname="col1">5</entry><entry VJ="1" colname="col2">Montieren und Demontieren von Bauteilen und Baugruppen<BR/> (§ 4 Absatz 2 Nummer 5)</entry><entry VJ="1" colname="col3" rowsep="1"><DL Font="normal" Type="alpha"><DT>a)</DT><DD Font="normal"><LA Size="normal">Werk- und Hilfsstoffe für die Montage, insbesondere Gleit- und Schmiermittel, auswählen</LA></DD><DT>b)</DT><DD Font="normal"><LA Size="normal">Schraubverbindungen herstellen, Anzugsverfahren, Drehmomente und Drehwinkel einhalten</LA></DD></DL></entry><entry VJ="1" colname="col4" rowsep="1" valign="middle">4</entry><entry VJ="1" colname="col5" rowsep="1"/></row><row><entry VJ="1" colname="col1"/><entry VJ="1" colname="col2"/><entry VJ="1" colname="col3"><DL Font="normal" Type="alpha"><DT>c)</DT><DD Font="normal"><LA Size="normal">Bauteile und Baugruppen montagegerecht lagern sowie nach Zeichnung und Kennzeichnung den Montagevorgängen zuordnen</LA></DD><DT>d)</DT><DD Font="normal"><LA Size="normal">Bauteile auf Materialfehler, Oberflächenschutz und Oberflächengüte sichtprüfen</LA></DD><DT>e)</DT><DD Font="normal"><LA Size="normal">Funktionen von Einbauteilen, insbesondere Baugruppen und Sicherheitseinrichtungen, prüfen und einstellen</LA></DD><DT>f)</DT><DD Font="normal"><LA Size="normal">Bauteile und Baugruppen nach technischen Unterlagen sowie unter Beachtung teilespezifischer Montagebedingungen montieren und demontieren</LA></DD><DT>g)</DT><DD Font="normal"><LA Size="normal">Bodenbeläge und Fahrzeughimmel montieren und demontieren, Verkleidungen befestigen</LA></DD><DT>h)</DT><DD Font="normal"><LA Size="normal">Zierteile, Schalter, Abdeckungen und Blenden montieren und demontieren</LA></DD><DT>i)</DT><DD Font="normal"><LA Size="normal">Bauteile mit Sicherungsstiften, Splinten, Bolzen, Sprengringen und Clipsen sichern</LA></DD></DL></entry><entry VJ="1" colname="col4"/><entry VJ="1" colname="col5" valign="middle">16</entry></row><row rowsep="0"><entry VJ="1" colname="col1">6</entry><entry VJ="1" colname="col2">Einbauen und Prüfen steuerungstechnischer Elemente<BR/> (§ 4 Absatz 2 Nummer 6)</entry><entry VJ="1" colname="col3" rowsep="1"><DL Font="normal" Type="alpha"><DT>a)</DT><DD Font="normal"><LA Size="normal">elektrische Leitungen, Bauteile, Baugruppen und Hochvoltkomponenten identifizieren, Sicherheitsbestimmungen einhalten</LA></DD><DT>b)</DT><DD Font="normal"><LA Size="normal">elektrische Stromlaufpläne anwenden, Klemmenbezeichnungen und Schaltzeichen zuordnen</LA></DD><DT>c)</DT><DD Font="normal"><LA Size="normal">elektrische Leitungen und Bauteile elektronisch prüfen</LA></DD><DT>d)</DT><DD Font="normal"><LA Size="normal">pneumatische und elektrische Leitungen nach Montage- und Anschlussplänen verlegen, befestigen und anschließen</LA></DD></DL></entry><entry VJ="1" colname="col4" rowsep="1" valign="middle">4</entry><entry VJ="1" colname="col5" rowsep="1"/></row><row><entry VJ="1" colname="col1"/><entry VJ="1" colname="col2"/><entry VJ="1" colname="col3"><DL Font="normal" Type="alpha"><DT>e)</DT><DD Font="normal"><LA Size="normal">pneumatische und elektrische Komponenten montieren und demontieren</LA></DD><DT>f)</DT><DD Font="normal"><LA Size="normal">Baugruppen in Betrieb nehmen und auf Funktion prüfen</LA></DD></DL></entry><entry VJ="1" colname="col4"/><entry VJ="1" colname="col5" valign="middle">8</entry></row><row><entry VJ="1" colname="col1">7</entry><entry VJ="1" colname="col2">Konfektionieren, Vorrichten und Zuschneiden von Werkstoffen<BR/> (§ 4 Absatz 2 Nummer 7)</entry><entry VJ="1" colname="col3"><DL Font="normal" Type="alpha"><DT>a)</DT><DD Font="normal"><LA Size="normal">geometrische Körper zur Schablonenherstellung konstruieren und abwickeln</LA></DD><DT>b)</DT><DD Font="normal"><LA Size="normal">Formteile aus Polsterwerkstoffen unter Beachtung der Oberflächenbeschaffenheit und Werkstoffstabilität mit Hilfe von Zeichnungen und Schablonen kleben und umformen</LA></DD><DT>c)</DT><DD Font="normal"><LA Size="normal">Polsterfüllstoffe, insbesondere Schaumstoffe und Faserverbundstoffe, vorrichten</LA></DD><DT>d)</DT><DD Font="normal"><LA Size="normal">Zuschnittschablonen konstruieren, anfertigen und beschriften</LA></DD><DT>e)</DT><DD Font="normal"><LA Size="normal">Zuschnittschablonen unter Beachtung rationeller Einteilung, Qualität und Musterverlauf auflegen, Schnittkonturen markieren</LA></DD><DT>f)</DT><DD Font="normal"><LA Size="normal">Bezugsmaterialien und Hilfsstoffe schnittmustergerecht zuschneiden, kontrollieren und kennzeichnen</LA></DD></DL></entry><entry VJ="1" colname="col4" valign="middle">16</entry><entry VJ="1" colname="col5"/></row><row><entry VJ="1" colname="col1">8</entry><entry VJ="1" colname="col2">Aufbauen und Beziehen von Fahrzeuginterieur<BR/> (§ 4 Absatz 2 Nummer 8)</entry><entry VJ="1" colname="col3"><DL Font="normal" Type="alpha"><DT>a)</DT><DD Font="normal"><LA Size="normal">Arten und Aufbau von Polsterteilen unterscheiden, Polstertechniken auswählen</LA></DD><DT>b)</DT><DD Font="normal"><LA Size="normal">Sitzgestelle, Trägerteile und Oberflächen vorbereiten und Funktionen prüfen</LA></DD><DT>c)</DT><DD Font="normal"><LA Size="normal">Polstergrund und Unterfederungen anbringen und aufbauen, Polsterungen mit Vliesen in verschiedenen Dichten und Stärken abdecken</LA></DD><DT>d)</DT><DD Font="normal"><LA Size="normal">Hand- und Maschinennähte unter ergonomischen Gesichtspunkten herstellen und kontrollieren, Grifftechniken anwenden</LA></DD><DT>e)</DT><DD Font="normal"><LA Size="normal">Bezüge mit verschiedenen Nahtbildern, insbesondere Verbund-, Keder-, Kapp- und Ziernähten, anfertigen</LA></DD><DT>f)</DT><DD Font="normal"><LA Size="normal">Verbindungselemente, insbesondere Klett- und Klebebänder, Einhängeprofile, Druckknöpfe, Ösen, Clipse und Verschlüsse, einarbeiten</LA></DD><DT>g)</DT><DD Font="normal"><LA Size="normal">Polsterteile zur Oberflächengestaltung aufteilen</LA></DD><DT>h)</DT><DD Font="normal"><LA Size="normal">Polsterteile von Hand und mit maschineller Unterstützung beziehen</LA></DD><DT>i)</DT><DD Font="normal"><LA Size="normal">Bezüge und Abschlusspolsterungen am Rahmen befestigen</LA></DD></DL></entry><entry VJ="1" colname="col4" valign="middle">20</entry><entry VJ="1" colname="col5"/></row><row><entry VJ="1" colname="col1">9</entry><entry VJ="1" colname="col2">Überwachen und Sichern rechnergestützter Fertigungsprozesse<BR/> (§ 4 Absatz 2 Nummer 9)</entry><entry VJ="1" colname="col3"><DL Font="normal" Type="alpha"><DT>a)</DT><DD Font="normal"><LA Size="normal">Aufbau und Funktionszusammenhänge von vernetzten Produktionsanlagen unterscheiden</LA></DD><DT>b)</DT><DD Font="normal"><LA Size="normal">Vorgaben der Produktionsplanung beachten und bei der Umsetzung der Planungsvorgaben mitwirken</LA></DD><DT>c)</DT><DD Font="normal"><LA Size="normal">Standards für Fertigungsprozesse festlegen</LA></DD><DT>d)</DT><DD Font="normal"><LA Size="normal">Anlagen einrichten, Funktionen prüfen, Anlagen in Betrieb nehmen und bedienen, Zusatzeinrichtungen einsetzen</LA></DD><DT>e)</DT><DD Font="normal"><LA Size="normal">Kennzahlen der rechnergestützten Produktion überwachen, Fertigungsprozesse optimieren und Maßnahmen dokumentieren</LA></DD><DT>f)</DT><DD Font="normal"><LA Size="normal">Anlagenparameter einstellen und automatisierte Prozesse überwachen</LA></DD><DT>g)</DT><DD Font="normal"><LA Size="normal">Materialflusssysteme unterscheiden</LA></DD><DT>h)</DT><DD Font="normal"><LA Size="normal">Materialfluss sicherstellen, Störungen feststellen und Maßnahmen zu deren Beseitigung ergreifen</LA></DD><DT>i)</DT><DD Font="normal"><LA Size="normal">Anlagen pflegen und warten, Wartungspläne berücksichtigen, bei Störungen Maßnahmen zur Behebung ergreifen</LA></DD></DL></entry><entry VJ="1" colname="col4"/><entry VJ="1" colname="col5" valign="middle">16</entry></row><row rowsep="0"><entry VJ="1" colname="col1">10</entry><entry VJ="1" colname="col2">Anfertigen und Konfektionieren von Musterteilen<BR/> (§ 4 Absatz 2 Nummer 10)</entry><entry VJ="1" colname="col3" rowsep="1"><DL Font="normal" Type="alpha"><DT>a)</DT><DD Font="normal"><LA Size="normal">Skizzen und Modellbeschreibungen zur Herstellung von Musterteilen auf Umsetzbarkeit prüfen</LA></DD><DT>b)</DT><DD Font="normal"><LA Size="normal">Musterteile fertigen, Verarbeitungstechniken unter Berücksichtigung von Material, Modell und Funktion anwenden</LA></DD></DL></entry><entry VJ="1" colname="col4" rowsep="1" valign="middle">4</entry><entry VJ="1" colname="col5" rowsep="1"/></row><row><entry VJ="1" colname="col1"/><entry VJ="1" colname="col2"/><entry VJ="1" colname="col3"><DL Font="normal" Type="alpha"><DT>c)</DT><DD Font="normal"><LA Size="normal">Umsetzungsvorschläge unter Berücksichtigung von technischen Vorgaben, aktuellen Trends, Einsatz, Funktion, Flächengestaltung und Kundenanforderungen erarbeiten</LA></DD><DT>d)</DT><DD Font="normal"><LA Size="normal">Musterteile analysieren, Modellfehler feststellen und dokumentieren, Möglichkeiten zur Fehlerbehebung und Modelloptimierung vorschlagen</LA></DD><DT>e)</DT><DD Font="normal"><LA Size="normal">technische Unterlagen für die Serienfertigung vorbereiten</LA></DD><DT>f)</DT><DD Font="normal"><LA Size="normal">bei technischen Innovationen mitwirken, insbesondere Vorschläge einbringen</LA></DD></DL></entry><entry VJ="1" colname="col4"/><entry VJ="1" colname="col5" valign="middle">8</entry></row><row><entry VJ="1" colname="col1">11</entry><entry VJ="1" colname="col2">Nacharbeiten und Instandsetzen von Fahrzeuginterieur<BR/> (§ 4 Absatz 2 Nummer 11)</entry><entry VJ="1" colname="col3"><DL Font="normal" Type="alpha"><DT>a)</DT><DD Font="normal"><LA Size="normal">Ursachen von Störungen, Fehlern und Schäden ermitteln und dokumentieren</LA></DD><DT>b)</DT><DD Font="normal"><LA Size="normal">Durchführbarkeit von Reparaturen beurteilen, Reparaturvorschläge erarbeiten</LA></DD><DT>c)</DT><DD Font="normal"><LA Size="normal">schadhaftes Fahrzeuginterieur austauschen und instand setzen</LA></DD><DT>d)</DT><DD Font="normal"><LA Size="normal">Interieur reinigen und pflegen, Gebrauchs- und Pflegeanleitungen einhalten</LA></DD><DT>e)</DT><DD Font="normal"><LA Size="normal">Bezüge erneuern, ergänzen und aufarbeiten</LA></DD></DL></entry><entry VJ="1" colname="col4"/><entry VJ="1" colname="col5" valign="middle">10</entry></row><row rowsep="0"><entry VJ="1" colname="col1">12</entry><entry VJ="1" colname="col2">Durchführen von qualitätssichernden Maßnahmen<BR/> (§ 4 Absatz 2 Nummer 12)</entry><entry VJ="1" colname="col3" rowsep="1"><DL Font="normal" Type="alpha"><DT>a)</DT><DD Font="normal"><LA Size="normal">Mess- und Prüfgeräte sowie manuelle Mess- und Prüfverfahren auswählen, Messungen und Prüfungen durchführen und bewerten, Ergebnisse dokumentieren</LA></DD><DT>b)</DT><DD Font="normal"><LA Size="normal">Qualität kontrollieren und beurteilen, insbesondere Fertigmaße, Funktionen und Verarbeitung, Toleranzen beachten</LA></DD></DL></entry><entry VJ="1" colname="col4" rowsep="1" valign="middle">4</entry><entry VJ="1" colname="col5" rowsep="1"/></row><row><entry VJ="1" colname="col1"/><entry VJ="1" colname="col2"/><entry VJ="1" colname="col3"><DL Font="normal" Type="alpha"><DT>c)</DT><DD Font="normal"><LA Size="normal">automatisierte Mess- und Prüfverfahren auswählen, Messungen und Prüfungen durchführen und bewerten, Ergebnisse dokumentieren</LA></DD><DT>d)</DT><DD Font="normal"><LA Size="normal">Qualitätsabweichungen und deren Ursachen feststellen sowie Maßnahmen zur Behebung ergreifen und dokumentieren</LA></DD><DT>e)</DT><DD Font="normal"><LA Size="normal">Methoden der Qualitätssicherung zur Einhaltung von Qualitätsstandards und Sicherheitsvorgaben anwenden</LA></DD><DT>f)</DT><DD Font="normal"><LA Size="normal">Produktions- und Qualitätsdaten dokumentieren, Grundsätze der Produkthaftung einhalten</LA></DD><DT>g)</DT><DD Font="normal"><LA Size="normal">zur kontinuierlichen Verbesserung von Arbeitsabläufen beitragen</LA></DD><DT>h)</DT><DD Font="normal"><LA Size="normal">Zusammenhänge zwischen qualitätssichernden Maßnahmen, Produktivität, Wirtschaftlichkeit und Kundenzufriedenheit berücksichtigen</LA></DD></DL></entry><entry VJ="1" colname="col4"/><entry VJ="1" colname="col5" valign="middle">6</entry></row></tbody></tgroup></table><BR/><BR/><table frame="all" tabstyle="Ausbildung" tocentry="%yes;"><Title Align="left" Class="S1"><B>Abschnitt B: integrative Fertigkeiten, Kenntnisse und Fähigkeiten</B><BR/><BR/></Title><tgroup align="left" char="" charoff="50" cols="5"><colspec align="center" colname="col1" colnum="1" colsep="1" colwidth=".75*"/><colspec colname="col2" colnum="2" colsep="1" colwidth="4.5*"/><colspec align="justify" colname="col3" colnum="3" colsep="1" colwidth="8.5*"/><colspec align="center" colname="col4" colnum="4" colwidth="1.5*"/><colspec align="center" colname="col5" colnum="5" colwidth="1.5*"/><thead valign="bottom"><row rowsep="1"><entry VJ="1" colname="col1" morerows="1" valign="middle">Lfd. Nr.</entry><entry VJ="1" align="center" colname="col2" morerows="1" valign="middle">Teil des<BR/> Ausbildungsberufsbildes</entry><entry VJ="1" align="center" colname="col3" morerows="1" valign="middle">Zu vermittelnde<BR/> Fertigkeiten, Kenntnisse und Fähigkeiten</entry><entry VJ="1" nameend="col5" namest="col4" valign="middle">zeitliche Richtwerte<BR/> in Wochen im</entry></row><row><entry VJ="1" colname="col4" colsep="1" rowsep="1" valign="middle">1. bis 18.<BR/> Monat</entry><entry VJ="1" colname="col5" rowsep="1" valign="middle">19.bis 36.<BR/> Monat</entry></row><row rowsep="1"><entry VJ="1" colname="col1">1</entry><entry VJ="1" align="center" colname="col2">2</entry><entry VJ="1" align="center" colname="col3">3</entry><entry VJ="1" nameend="col5" namest="col4" valign="middle">4</entry></row></thead><tbody valign="top"><row><entry VJ="1" colname="col1">1</entry><entry VJ="1" colname="col2">Organisation des Ausbildungsbetriebes, Berufsbildung sowie Arbeits- und Tarifrecht<BR/> (§ 4 Absatz 3 Nummer 1)</entry><entry VJ="1" colname="col3"><DL Font="normal" Type="alpha"><DT>a)</DT><DD Font="normal"><LA Size="normal">den Aufbau und die grundlegenden Arbeits- und Geschäftsprozesse des Ausbildungsbetriebes erläutern</LA></DD><DT>b)</DT><DD Font="normal"><LA Size="normal">Rechte und Pflichten aus dem Ausbildungsvertrag sowie Dauer und Beendigung des Ausbildungsverhältnisses erläutern und Aufgaben der im System der dualen Berufsausbildung Beteiligten beschreiben</LA></DD><DT>c)</DT><DD Font="normal"><LA Size="normal">die Bedeutung, die Funktion und die Inhalte der Ausbildungsordnung und des betrieblichen Ausbildungsplans erläutern sowie zu deren Umsetzung beitragen</LA></DD><DT>d)</DT><DD Font="normal"><LA Size="normal">die für den Ausbildungsbetrieb geltenden arbeits-, sozial-, tarif- und mitbestimmungsrechtlichen Vorschriften erläutern</LA></DD><DT>e)</DT><DD Font="normal"><LA Size="normal">Grundlagen, Aufgaben und Arbeitsweise der betriebsverfassungs- oder personalvertretungsrechtlichen Organe des Ausbildungsbetriebes erläutern</LA></DD><DT>f)</DT><DD Font="normal"><LA Size="normal">Beziehungen des Ausbildungsbetriebes und seiner Beschäftigten zu Wirtschaftsorganisationen und Gewerkschaften erläutern</LA></DD><DT>g)</DT><DD Font="normal"><LA Size="normal">Positionen der eigenen Entgeltabrechnung erläutern</LA></DD><DT>h)</DT><DD Font="normal"><LA Size="normal">wesentliche Inhalte von Arbeitsverträgen erläutern</LA></DD><DT>i)</DT><DD Font="normal"><LA Size="normal">Möglichkeiten des beruflichen Aufstiegs und der beruflichen Weiterentwicklung erläutern</LA></DD></DL></entry><entry VJ="1" colname="col4"/><entry VJ="1" colname="col5"/></row><row><entry VJ="1" colname="col1" rowsep="1">2</entry><entry VJ="1" colname="col2" rowsep="1">Sicherheit und<BR/> Gesundheit bei der Arbeit<BR/> (§ 4 Absatz 3 Nummer 2)</entry><entry VJ="1" colname="col3" rowsep="1"><DL Font="normal" Type="alpha"><DT>a)</DT><DD Font="normal"><LA Size="normal">Rechte und Pflichten aus den berufsbezogenen Arbeitsschutz- und Unfallverhütungsvorschriften kennen und diese Vorschriften anwenden</LA></DD><DT>b)</DT><DD Font="normal"><LA Size="normal">Gefährdungen von Sicherheit und Gesundheit am Arbeitsplatz und auf dem Arbeitsweg prüfen und beurteilen</LA></DD><DT>c)</DT><DD Font="normal"><LA Size="normal">sicheres und gesundheitsgerechtes Arbeiten erläutern</LA></DD><DT>d)</DT><DD Font="normal"><LA Size="normal">technische und organisatorische Maßnahmen zur Vermeidung von Gefährdungen sowie von psychischen und physischen Belastungen für sich und andere, auch präventiv, ergreifen</LA></DD><DT>e)</DT><DD Font="normal"><LA Size="normal">ergonomische Arbeitsweisen beachten und anwenden</LA></DD><DT>f)</DT><DD Font="normal"><LA Size="normal">Verhaltensweisen bei Unfällen beschreiben und erste Maßnahmen bei Unfällen einleiten</LA></DD><DT>g)</DT><DD Font="normal"><LA Size="normal">betriebsbezogene Vorschriften des vorbeugenden Brandschutzes anwenden, Verhaltensweisen bei Bränden beschreiben und erste Maßnahmen zur Brandbekämpfung ergreifen</LA></DD></DL></entry><entry VJ="1" nameend="col5" namest="col4"/></row><row><entry VJ="1" colname="col1" rowsep="1">3</entry><entry VJ="1" colname="col2" rowsep="1">Umweltschutz und Nachhaltigkeit<BR/> (§ 4 Absatz 3 Nummer 3)</entry><entry VJ="1" colname="col3" rowsep="1"><DL Font="normal" Type="alpha"><DT>a)</DT><DD Font="normal"><LA Size="normal">Möglichkeiten zur Vermeidung betriebsbedingter Belastungen für Umwelt und Gesellschaft im eigenen Aufgabenbereich erkennen und zu deren Weiterentwicklung beitragen</LA></DD><DT>b)</DT><DD Font="normal"><LA Size="normal">bei Arbeitsprozessen und im Hinblick auf Produkte, Waren oder Dienstleistungen Materialien und Energie unter wirtschaftlichen, umweltverträglichen und sozialen Gesichtspunkten der Nachhaltigkeit nutzen</LA></DD><DT>c)</DT><DD Font="normal"><LA Size="normal">für den Ausbildungsbetrieb geltende Regelungen des Umweltschutzes einhalten</LA></DD><DT>d)</DT><DD Font="normal"><LA Size="normal">Abfälle vermeiden sowie Stoffe und Materialien einer umweltschonenden Wiederverwertung oder Entsorgung zuführen</LA></DD><DT>e)</DT><DD Font="normal"><LA Size="normal">Vorschläge für nachhaltiges Handeln für den eigenen Arbeitsbereich entwickeln</LA></DD><DT>f)</DT><DD Font="normal"><LA Size="normal">unter Einhaltung betrieblicher Regelungen im Sinne einer ökonomischen, ökologischen und sozial nachhaltigen Entwicklung zusammenarbeiten und adressatengerecht kommunizieren</LA></DD></DL></entry><entry VJ="1" align="left" nameend="col5" namest="col4">während<BR/> der gesamten<BR/> Ausbildung</entry></row><row><entry VJ="1" colname="col1">4</entry><entry VJ="1" colname="col2">Digitalisierte Arbeitswelt<BR/> (§ 4 Absatz 3 Nummer 4)</entry><entry VJ="1" colname="col3"><DL Font="normal" Type="alpha"><DT>a)</DT><DD Font="normal"><LA Size="normal">mit eigenen und betriebsbezogenen Daten sowie mit Daten Dritter umgehen und dabei die Vorschriften zum Datenschutz und zur Datensicherheit einhalten</LA></DD><DT>b)</DT><DD Font="normal"><LA Size="normal">Risiken bei der Nutzung von digitalen Medien und informationstechnischen Systemen einschätzen und bei deren Nutzung betriebliche Regelungen einhalten</LA></DD><DT>c)</DT><DD Font="normal"><LA Size="normal">ressourcenschonend, adressatengerecht und effizient kommunizieren sowie Kommunikationsergebnisse dokumentieren</LA></DD><DT>d)</DT><DD Font="normal"><LA Size="normal">Störungen in Kommunikationsprozessen erkennen und zu ihrer Lösung beitragen</LA></DD><DT>e)</DT><DD Font="normal"><LA Size="normal">Informationen in digitalen Netzen recherchieren und aus digitalen Netzen beschaffen sowie Informationen, auch fremde, prüfen, bewerten und auswählen</LA></DD><DT>f)</DT><DD Font="normal"><LA Size="normal">Lern- und Arbeitstechniken sowie Methoden des selbstgesteuerten Lernens anwenden, digitale Lernmedien nutzen und Erfordernisse des lebensbegleitenden Lernens erkennen und ableiten</LA></DD><DT>g)</DT><DD Font="normal"><LA Size="normal">Aufgaben zusammen mit Beteiligten, einschließlich der Beteiligten anderer Arbeits- und Geschäftsbereiche, auch unter Nutzung digitaler Medien, planen, bearbeiten und gestalten</LA></DD><DT>h)</DT><DD Font="normal"><LA Size="normal">Wertschätzung anderer unter Berücksichtigung gesellschaftlicher Vielfalt praktizieren</LA></DD></DL></entry><entry VJ="1" colname="col4"/><entry VJ="1" colname="col5"/></row></tbody></tgroup></table><BR/><BR/><table frame="all" tabstyle="Ausbildung" tocentry="%yes;"><Title Align="left" Class="S1"><B>Abschnitt C: Zusatzqualifikation Additive Fertigungsverfahren</B><BR/><BR/></Title><tgroup align="left" char="" charoff="50" cols="5" colsep="1" rowsep="1"><colspec align="center" colname="col1" colnum="1" colwidth=".75*"/><colspec colname="col2" colnum="2" colwidth="4.5*"/><colspec colname="col3" colnum="3" colwidth="8.5*"/><colspec colname="col4" colnum="4" colwidth="1.5*"/><colspec colname="col5" colnum="5" colwidth="1.5*"/><thead valign="bottom"><row><entry VJ="1" align="center" colname="col1" valign="middle">Lfd.<BR/> Nr.</entry><entry VJ="1" align="center" colname="col2" valign="middle">Teil der<BR/> Zusatzqualifikation</entry><entry VJ="1" align="center" colname="col3" valign="middle">Zu vermittelnde<BR/> Fertigkeiten, Kenntnisse und Fähigkeiten</entry><entry VJ="1" align="center" nameend="col5" namest="col4" valign="middle">zeitliche Richtwerte<BR/> in Wochen</entry></row><row><entry VJ="1" align="center" colname="col1" valign="middle">1</entry><entry VJ="1" align="center" colname="col2" valign="middle">2</entry><entry VJ="1" align="center" colname="col3" valign="middle">3</entry><entry VJ="1" align="center" nameend="col5" namest="col4" valign="middle">4</entry></row></thead><tbody valign="top"><row><entry VJ="1" colname="col1">1</entry><entry VJ="1" colname="col2">Modellieren von Bauteilen</entry><entry VJ="1" colname="col3"><DL Font="normal" Type="alpha"><DT>a)</DT><DD Font="normal"><LA Size="normal">Bauteile durch Programme zum computergestützten Konstruieren (CAD) erstellen</LA></DD><DT>b)</DT><DD Font="normal"><LA Size="normal">für digitale 3-D-Modelle parametrische Datensätze entwickeln</LA></DD><DT>c)</DT><DD Font="normal"><LA Size="normal">Gestaltungsprinzipien zur additiven Fertigung einhalten, Gestaltungsmöglichkeiten nutzen</LA></DD></DL></entry><entry VJ="1" align="center" morerows="2" nameend="col5" namest="col4" valign="middle">8</entry></row><row><entry VJ="1" colname="col1">2</entry><entry VJ="1" colname="col2">Vorbereiten von additiver Fertigung</entry><entry VJ="1" colname="col3"><DL Font="normal" Type="alpha"><DT>a)</DT><DD Font="normal"><LA Size="normal">Verfahren zur additiven Fertigung auswählen</LA></DD><DT>b)</DT><DD Font="normal"><LA Size="normal">3-D-Datensätze konvertieren und für das Verfahren anpassen</LA></DD><DT>c)</DT><DD Font="normal"><LA Size="normal">verfahrensspezifische Produktionsabläufe planen</LA></DD><DT>d)</DT><DD Font="normal"><LA Size="normal">Maschine zur Herstellung einrichten</LA></DD></DL></entry></row><row><entry VJ="1" colname="col1">3</entry><entry VJ="1" colname="col2">Additives Fertigen von Produkten</entry><entry VJ="1" colname="col3"><DL Font="normal" Type="alpha"><DT>a)</DT><DD Font="normal"><LA Size="normal">additive Fertigungsverfahren anwenden, Probebauteile erstellen und bewerten</LA></DD><DT>b)</DT><DD Font="normal"><LA Size="normal">Prozessparameter anpassen und optimieren</LA></DD><DT>c)</DT><DD Font="normal"><LA Size="normal">Prozesse kontrollieren, überwachen und protokollieren, Maßnahmen der Qualitätssicherung durchführen</LA></DD><DT>d)</DT><DD Font="normal"><LA Size="normal">Fehler- und Mängelbeseitigung veranlassen sowie Maßnahmen dokumentieren</LA></DD><DT>e)</DT><DD Font="normal"><LA Size="normal">Daten des Konfigurations- und Änderungsmanagements pflegen, technische Dokumentationen sichern</LA></DD><DT>f)</DT><DD Font="normal"><LA Size="normal">verfahrensspezifische Vorschriften zur Arbeitssicherheit und zum Umweltschutz einhalten</LA></DD></DL></entry></row></tbody></tgroup></table></Content></text></textdaten></norm>
</dokumente>