<?xml version="1.0" encoding="UTF-8" ?><!DOCTYPE dokumente SYSTEM "http://www.gesetze-im-internet.de/dtd/1.01/gii-norm.dtd">
<dokumente builddate="20130405125141" doknr="BJNR007270937"><norm builddate="20130405125141" doknr="BJNR007270937"><metadaten><jurabk>ElbVwGrHmbV</jurabk><ausfertigung-datum manuell="ja">1937-06-30</ausfertigung-datum><fundstelle typ="amtlich"><periodikum>RGBl I</periodikum><zitstelle>1937, 727</zitstelle></fundstelle><langue>Verordnung über die Verwaltung der Elbe im Gebiet Groß-Hamburg</langue></metadaten><textdaten><text format="XML"><Content><P/></Content></text><fussnoten><Content><P>(+++ Textnachweis Geltung ab:  1. 1.1964 +++)</P></Content></fussnoten></textdaten></norm>
<norm builddate="20130405125141" doknr="BJNR007270937BJNE000100326"><metadaten><jurabk>ElbVwGrHmbV</jurabk><enbez>Eingangsformel</enbez></metadaten><textdaten><text format="XML"><Content><P>Auf Grund des § 14 des Gesetzes über Groß-Hamburg und andere Gebietsbereinigungen vom 26. Januar 1937 (Reichsgesetzbl. I S. 91) wird verordnet:</P></Content></text></textdaten></norm>
<norm builddate="20130405125141" doknr="BJNR007270937BJNE000200326"><metadaten><jurabk>ElbVwGrHmbV</jurabk><enbez>§ 1</enbez></metadaten><textdaten><text format="XML"><Content><P>(1) Die nach dem Zusatzvertrag mit Hamburg (Nachtrag vom 18. Februar 1922, Reichsgesetzbl. I S. 222, in der Fassung des Zweiten Nachtrags vom 22. Dezember 1928, Reichsgesetzbl. 1929 II S. 1) zu §§ 11 und 12 dem Land Hamburg übertragene Verwaltung und Unterhaltung des Elblaufs wird von der bisherigen Grenze bei Blankenese gegenüber der Einmündung der Alten Süderelbe <DL Font="normal" Type="arabic"><DT/><DD Font="normal"><LA Size="normal">im Westen bis zu der durch das Gesetz über Groß-Hamburg und andere Gebietsbereinigungen vom 26. Januar 1937 (Reichsgesetzblatt I S. 91) festgelegten Gebietsgrenze Groß-Hamburgs,</LA><LA Size="normal">im Süden bis zu der für das Hauptfahrwasser geplanten, durch den Leitdamm und das Ufer von Finkenwerder bereits ausgebauten Regulierungslinie</LA></DD>  </DL>erweitert. Die Bestimmungen des Zusatzvertrags zu §§ 11 und 12 Ziffer 1, 2 und 3 finden auf das erweiterte Gebiet entsprechende Anwendung.</P><P>(2) Die Verwaltung und Unterhaltung des Leitdamms und des Grenzstackes Nr. 81 sowie der beiden Leuchtfeuer &quot;Tinsdahl&quot; und &quot;Wittenbergen&quot; verbleibt dem <I>Reich (Reichswasserstraßenverwaltung).</I></P></Content> </text><fussnoten/></textdaten></norm>
<norm builddate="20130405125141" doknr="BJNR007270937BJNE000300326"><metadaten><jurabk>ElbVwGrHmbV</jurabk><enbez>§ 2</enbez></metadaten><textdaten><text format="XML"><Content><P>Der <I>Reichsverkehrsminister</I> kann im Einvernehmen mit dem <I>Reichsminister der Finanzen</I> die Übertragung der Verwaltung oder Unterhaltung der <I>Reichswasserstraßen</I> im Gebiet Groß-Hamburg abweichend von der Regelung des § 1 oder der sonstigen gesetzlichen Regelung anordnen oder widerrufen.</P></Content></text></textdaten></norm>
<norm builddate="20130405125141" doknr="BJNR007270937BJNE000400326"><metadaten><jurabk>ElbVwGrHmbV</jurabk><enbez>§ 3</enbez></metadaten><textdaten><text format="XML"><Content><P>Der <I>Reichsverkehrsminister</I> erläßt die zur Durchführung ... dieser Verordnung erforderlichen Rechts- und Verwaltungsvorschriften.</P></Content></text><fussnoten/></textdaten></norm>
<norm builddate="20130405125141" doknr="BJNR007270937BJNE000500326"><metadaten><jurabk>ElbVwGrHmbV</jurabk><enbez>§ 4</enbez></metadaten><textdaten><text format="XML"><Content><P>Diese Verordnung tritt am 1. Juli 1937 in Kraft.</P></Content></text></textdaten></norm>
<norm builddate="20130405125141" doknr="BJNR007270937BJNE000600326"><metadaten><jurabk>ElbVwGrHmbV</jurabk><enbez>Schlußformel</enbez></metadaten><textdaten><text format="XML"><Content><P><SP>Der Reichsminister des Innern</SP> <BR/><SP>Der Reichsverkehrsminister</SP></P></Content></text></textdaten></norm>
</dokumente>