<?xml version="1.0" encoding="UTF-8" ?><!DOCTYPE dokumente SYSTEM "http://www.gesetze-im-internet.de/dtd/1.01/gii-norm.dtd">
<dokumente builddate="20260127215502" doknr="BJNR002220968"><norm builddate="20260127215502" doknr="BJNR002220968"><metadaten><jurabk>ProMusPlErl</jurabk><ausfertigung-datum manuell="ja">1968-03-07</ausfertigung-datum><fundstelle typ="amtlich"><periodikum>BGBl I</periodikum><zitstelle>1968, 222</zitstelle></fundstelle><langue>Erlaß über die Stiftung der PRO MUSICA-Plakette</langue></metadaten><textdaten><text format="XML"><Content><P/></Content></text><fussnoten><Content><P><BR/> <pre xml:space="preserve">(+++ Textnachweis ab: 22.3.1968 +++)<BR/>(+++ Hinweis: Zu den Richtlinien vgl. BGBl I 1968, 222 (ProMusPlRL 1134-8-1) <BR/>+++)<BR/><BR/></pre></P></Content></fussnoten></textdaten></norm>
<norm builddate="20260127215502" doknr="BJNR002220968BJNE000100304"><metadaten><jurabk>ProMusPlErl</jurabk><enbez>(XXXX)</enbez></metadaten><textdaten><text format="XML"><Content><P>Als Auszeichnung für Vereinigungen von Musikliebhabern, die sich in langjährigem Wirken besondere Verdienste um die Pflege des instrumentalen Musizierens und damit um die Förderung des kulturellen Lebens erworben haben, stifte ich die <DL Font="normal" Type="arabic"><DT/><DD Font="normal"><LA Size="normal">PRO MUSICA-Plakette.</LA></DD></DL>Die Einzelheiten der Verleihung werden durch besondere Richtlinien festgelegt.</P></Content></text></textdaten></norm>
<norm builddate="20260127215502" doknr="BJNR002220968BJNE000200304"><metadaten><jurabk>ProMusPlErl</jurabk><enbez>Schlußformel</enbez></metadaten><textdaten><text format="XML"><Content><P><SP>Der Bundespräsident</SP> <BR/><SP>Der Bundeskanzler</SP> <BR/><SP>Der Bundesminister des Innern</SP></P></Content></text></textdaten></norm>
</dokumente>