<?xml version="1.0" encoding="UTF-8" ?><!DOCTYPE dokumente SYSTEM "http://www.gesetze-im-internet.de/dtd/1.01/gii-norm.dtd">
<dokumente builddate="20161206221530" doknr="BJNR266700016"><norm builddate="20161206221530" doknr="BJNR266700016"><metadaten><jurabk>SGB5§291VerlV</jurabk><ausfertigung-datum manuell="ja">2016-11-28</ausfertigung-datum><fundstelle typ="amtlich"><periodikum>BGBl I</periodikum><zitstelle>2016, 2667</zitstelle></fundstelle><langue>Verordnung zur Verlängerung der Frist nach § 291 Absatz 2b Satz 6 des Fünften Buches Sozialgesetzbuch</langue></metadaten><textdaten><fussnoten><Content><P><BR/> <pre xml:space="preserve">(+++ Textnachweis ab: 3.12.2016 +++)<BR/><BR/></pre></P></Content></fussnoten></textdaten></norm>
<norm builddate="20161206221530" doknr="BJNR266700016BJNE000100000"><metadaten><jurabk>SGB5§291VerlV</jurabk><enbez>Eingangsformel</enbez></metadaten><textdaten><text format="XML"><Content><P>Auf Grund des § 291 Absatz 2b Satz 9 des Fünften Buches Sozialgesetzbuch, der durch Artikel 1 Nummer 10 Buchstabe e Doppelbuchstabe aa des Gesetzes vom 21. Dezember 2015 (BGBl. I S. 2408) eingefügt worden ist, verordnet das Bundesministerium für Gesundheit:</P></Content></text></textdaten></norm>
<norm builddate="20161206221530" doknr="BJNR266700016BJNE000200000"><metadaten><jurabk>SGB5§291VerlV</jurabk><enbez>§ 1</enbez><titel format="XML">Verlängerung der Frist</titel></metadaten><textdaten><text format="XML"><Content><P>Die in § 291 Absatz 2b Satz 6 des Fünften Buches Sozialgesetzbuch genannte Frist wird bis zum 30. Juni 2017 verlängert.</P></Content></text></textdaten></norm>
<norm builddate="20161206221530" doknr="BJNR266700016BJNE000300000"><metadaten><jurabk>SGB5§291VerlV</jurabk><enbez>§ 2</enbez><titel format="XML">Inkrafttreten</titel></metadaten><textdaten><text format="XML"><Content><P>Diese Verordnung tritt am Tag nach der Verkündung in Kraft.</P></Content></text></textdaten></norm>
</dokumente>