<?xml version="1.0" encoding="UTF-8" ?><!DOCTYPE dokumente SYSTEM "http://www.gesetze-im-internet.de/dtd/1.01/gii-norm.dtd">
<dokumente builddate="20190411212015" doknr="BJNR211450965"><norm builddate="20190411212015" doknr="BJNR211450965"><metadaten><jurabk>LetztwillVfgÜbk Haag</jurabk><ausfertigung-datum manuell="ja">1961-10-05</ausfertigung-datum><fundstelle typ="amtlich"><periodikum>BGBl II</periodikum><zitstelle>1965, 1145</zitstelle></fundstelle><langue>Übereinkommen über das auf die Form letztwilliger Verfügungen anzuwendende Recht</langue></metadaten><textdaten><fussnoten><Content><P>G v. 27.8.1965 II 1144 <BR/>Inkraft gem. Bek. v. 29.12.1965, 1966 II 11 am 1.1.1966</P></Content></fussnoten></textdaten></norm>
</dokumente>