<?xml version="1.0" encoding="UTF-8" ?><!DOCTYPE dokumente SYSTEM "http://www.gesetze-im-internet.de/dtd/1.01/gii-norm.dtd">
<dokumente builddate="20120625151525" doknr="BJNR066220005"><norm builddate="20120625151525" doknr="BJNR066220005"><metadaten><jurabk>EU-RhÜbkProt</jurabk><ausfertigung-datum manuell="ja">2001-10-16</ausfertigung-datum><fundstelle typ="amtlich"><periodikum>BGBl II</periodikum><zitstelle>2005, 662</zitstelle></fundstelle><langue>Protokoll - vom Rat gemäß Artikel 34 des Vertrags über die Europäische Union erstellt - zu dem Übereinkommen über die Rechtshilfe in Strafsachen zwischen den Mitgliedstaaten der Europäischen Union</langue></metadaten><textdaten><fussnoten><Content><P>G v. 22.7.2005 II 650 <BR/>In Kraft gem. Bek. v. 22.9.2006 II 1379 mWv 2.2.2006</P></Content></fussnoten></textdaten></norm>
</dokumente>