<?xml version="1.0" encoding="UTF-8" ?><!DOCTYPE dokumente SYSTEM "http://www.gesetze-im-internet.de/dtd/1.01/gii-norm.dtd">
<dokumente builddate="20130405125908" doknr="BJNR018010971"><norm builddate="20130405125908" doknr="BJNR018010971"><metadaten><jurabk>BeiratsV</jurabk><amtabk>BeiratsV</amtabk><ausfertigung-datum manuell="ja">1971-11-11</ausfertigung-datum><fundstelle typ="amtlich"><periodikum>BGBl I</periodikum><zitstelle>1971, 1801</zitstelle></fundstelle><langue>Verordnung über die Errichtung eines Beirates für Ausbildungsförderung</langue><standangabe checked="ja"><standtyp>Stand</standtyp><standkommentar>Zuletzt geändert durch Art. 29 G v. 23.12.2003 I 2848</standkommentar></standangabe></metadaten><textdaten><fussnoten><Content><P>(+++ Textnachweis ab: 20.11.1971 +++) <BR/>(+++ Änderungen aufgrund EinigVtr vgl. § 2 +++)</P><P><BR/> Die V ist in dem in Art. 3 des Einigungsvertrages genannten Gebiet gem. Anl. I Kap. XVI Sachgeb. B Abschn. II Eingangssatz EinigVtr v. 31. 8.1990 iVm Art. 1 G v. 23.9.1990 II 885, 1132 am 1.1.1991 in Kraft getreten.</P></Content></fussnoten></textdaten></norm>
<norm builddate="20130405125908" doknr="BJNR018010971BJNE000100327"><metadaten><jurabk>BeiratsV</jurabk><enbez>Eingangsformel</enbez></metadaten><textdaten><text format="XML"><Content><P>Auf Grund des § 44 Abs. 1 des Bundesausbildungsförderungsgesetzes vom 26. August 1971 (Bundesgesetzbl. I S. 1409) wird mit Zustimmung des Bundesrates verordnet:</P></Content></text></textdaten></norm>
<norm builddate="20130405125908" doknr="BJNR018010971BJNE000203310"><metadaten><jurabk>BeiratsV</jurabk><enbez>§ 1</enbez><titel format="parat">Errichtung des Beirates</titel></metadaten><textdaten><text format="XML"><Content><P>Bei dem Bundesministerium für Bildung und Forschung wird ein Beirat für Ausbildungsförderung errichtet.</P></Content></text><fussnoten/></textdaten></norm>
<norm builddate="20130405125908" doknr="BJNR018010971BJNE000304310"><metadaten><jurabk>BeiratsV</jurabk><enbez>§ 2</enbez><titel format="parat">Mitglieder des Beirates</titel></metadaten><textdaten><text format="XML"><Content><P>Dem Beirat gehören an <DL Font="normal" Type="arabic"><DT>1.</DT><DD Font="normal"><LA Size="normal">vier Vertreter aus den Lehrkörpern der Ausbildungsstätten,</LA></DD> <DT>2.</DT><DD Font="normal"><LA Size="normal">fünf Vertreter aus dem Kreis der Auszubildenden,</LA></DD> <DT>3.</DT><DD Font="normal"><LA Size="normal">zwei Vertreter der Rechts-, Wirtschafts- oder Sozialwissenschaften,</LA></DD> <DT>4.</DT><DD Font="normal"><LA Size="normal">je ein Vertreter der Arbeitgeber und Arbeitnehmer,</LA></DD> <DT>5.</DT><DD Font="normal"><LA Size="normal">ein Vertreter der Elternschaft,</LA></DD> <DT>6.</DT><DD Font="normal"><LA Size="normal">vier Vertreter der Obersten Landesbehörden für Ausbildungsförderung,</LA></DD> <DT>7.</DT><DD Font="normal"><LA Size="normal">zwei Vertreter der Bundesvereinigung der kommunalen Spitzenverbände,</LA></DD> <DT>8.</DT><DD Font="normal"><LA Size="normal">ein Vertreter der Bundesagentur für Arbeit,</LA></DD> <DT>9.</DT><DD Font="normal"><LA Size="normal">ein Vertreter des Deutschen Studentenwerkes e.V..</LA></DD> </DL></P></Content></text><fussnoten/></textdaten></norm>
<norm builddate="20130405125908" doknr="BJNR018010971BJNE000403310"><metadaten><jurabk>BeiratsV</jurabk><enbez>§ 3</enbez><titel format="parat">Berufung und Dauer der Mitgliedschaft</titel></metadaten><textdaten><text format="XML"><Content><P>(1) Die Mitglieder des Beirates werden von dem Bundesministerium für Bildung und Forschung in der Regel für die Dauer von 4 Jahren berufen. Die Mitglieder nach § 2 Nr. 2, die den Kreis der Schüler vertreten, werden in der Regel für die Dauer von zwei Jahren berufen. Die Mitglieder nach § 2 Nr. 1, 2 und 6 werden auf Vorschlag des Bundesrates, die übrigen Mitglieder mit seiner Zustimmung berufen.</P><P>(2) Das Bundesministerium für Bildung und Forschung kann mit Zustimmung des Bundesrates durch Erklärung gegenüber einem Mitglied dessen Mitgliedschaft vorzeitig beenden, wenn sich die Verhältnisse wesentlich verändert haben, die für die Berufung in den Beirat maßgebend waren.</P></Content> </text><fussnoten/></textdaten></norm>
<norm builddate="20130405125908" doknr="BJNR018010971BJNE000503310"><metadaten><jurabk>BeiratsV</jurabk><enbez>§ 4</enbez><titel format="parat">Aufgaben des Beirates</titel></metadaten><textdaten><text format="XML"><Content><P>Der Beirat berät das Bundesministerium für Bildung und Forschung nach Maßgabe des § 44 Abs. 1 des Gesetzes durch gutachtliche Stellungnahmen.</P></Content></text><fussnoten/></textdaten></norm>
<norm builddate="20130405125908" doknr="BJNR018010971BJNE000603310"><metadaten><jurabk>BeiratsV</jurabk><enbez>§ 5</enbez><titel format="parat">Geschäftsordnung</titel></metadaten><textdaten><text format="XML"><Content><P>Der Beirat gibt sich eine Geschäftsordnung, die der Zustimmung des Bundesministeriums für Bildung und Forschung bedarf.</P></Content></text><fussnoten/></textdaten></norm>
<norm builddate="20130405125908" doknr="BJNR018010971BJNE000703310"><metadaten><jurabk>BeiratsV</jurabk><enbez>§ 6</enbez><titel format="parat">Geschäftsführung</titel></metadaten><textdaten><text format="XML"><Content><P>Die Geschäfte des Beirates führt das Bundesministerium für Bildung und Forschung.</P></Content></text><fussnoten/></textdaten></norm>
<norm builddate="20130405125908" doknr="BJNR018010971BJNE000902301"><metadaten><jurabk>BeiratsV</jurabk><enbez>§ 7</enbez><titel format="parat">Inkrafttreten</titel></metadaten><textdaten><text format="XML"><Content><P>Diese Verordnung tritt am Tag nach der Verkündung in Kraft.</P></Content></text><fussnoten/></textdaten></norm>
<norm builddate="20130405125908" doknr="BJNR018010971BJNE001000327"><metadaten><jurabk>BeiratsV</jurabk><enbez>Schlußformel</enbez></metadaten><textdaten><text format="XML"><Content><P><SP>Der Bundesminister für Jugend, Familie und Gesundheit</SP></P></Content></text></textdaten></norm>
</dokumente>