<?xml version="1.0" encoding="UTF-8" ?><!DOCTYPE dokumente SYSTEM "http://www.gesetze-im-internet.de/dtd/1.01/gii-norm.dtd">
<dokumente builddate="20120625150631" doknr="BJNR200430965"><norm builddate="20120625150631" doknr="BJNR200430965"><metadaten><jurabk>EuAstroOrgÜbk</jurabk><ausfertigung-datum manuell="ja">1962-10-05</ausfertigung-datum><fundstelle typ="amtlich"><periodikum>BGBl II</periodikum><zitstelle>1965, 43</zitstelle></fundstelle><langue>Übereinkommen zur Gründung einer Europäischen Organisation für
Astronomische Forschung in der Südlichen Hemisphäre</langue></metadaten><textdaten><text format="decorated"/><fussnoten><Content><P>Inkraft gem. Bek. v. 30.11.1964 II 1965, 43 mWv 17.1.1964</P></Content></fussnoten></textdaten></norm>
</dokumente>