<?xml version="1.0" encoding="UTF-8" ?><!DOCTYPE dokumente SYSTEM "http://www.gesetze-im-internet.de/dtd/1.01/gii-norm.dtd">
<dokumente builddate="20130405132844" doknr="BJNR328800998"><norm builddate="20130405132844" doknr="BJNR328800998"><metadaten><jurabk>BKOrgErl1998Bek</jurabk><ausfertigung-datum manuell="ja">1998-10-27</ausfertigung-datum><fundstelle typ="amtlich"><periodikum>BGBl I</periodikum><zitstelle>1998, 3288</zitstelle></fundstelle><langue>Bekanntmachung des Organisationserlasses
des Bundeskanzlers</langue><standangabe checked="ja"><standtyp>Aufh</standtyp><standkommentar>Organisationserlass teilweise aufgeh. durch Ziff. II Nr. 1 Eingangssatz d. Organisationserlasses v. 22.11.2005 I 3197</standkommentar></standangabe></metadaten><textdaten><fussnoten><Content><P>(+++ Textnachweis ab: 27.10.1998 +++)</P></Content></fussnoten></textdaten></norm>
<norm builddate="20130405132844" doknr="BJNR328800998BJNE000100311"><metadaten><jurabk>BKOrgErl1998Bek</jurabk><enbez>Eingangsformel</enbez></metadaten><textdaten><text format="XML"><Content><P>Nachstehend mache ich den Organisationserlaß des Bundeskanzlers vom 27. Oktober 1998 bekannt, der mit Wirkung vom 27. Oktober 1998 in Kraft tritt: <BR/>&quot;Gemäß § 9 der Geschäftsordnung der Bundesregierung ordne ich mit sofortiger Wirkung an:</P></Content></text></textdaten></norm>
<norm builddate="20130405132844" doknr="BJNR328800998BJNE000200311"><metadaten><jurabk>BKOrgErl1998Bek</jurabk><enbez>I.</enbez></metadaten><textdaten><text format="XML"><Content><P>Das bisherige Bundesministerium für Verkehr und das bisherige Bundesministerium für Raumordnung, Bauwesen und Städtebau werden zu einem neuen Bundesministerium für Verkehr, Bau- und Wohnungswesen zusammengelegt.</P></Content></text></textdaten></norm>
<norm builddate="20130405132844" doknr="BJNR328800998BJNE000300311"><metadaten><jurabk>BKOrgErl1998Bek</jurabk><enbez>II.</enbez></metadaten><textdaten><text format="XML"><Content><P>Es erhalten <DL Font="normal" Type="arabic"><DT>1.</DT><DD Font="normal"><LA Size="normal">das Bundesministerium für Wirtschaft die Bezeichnung Bundesministerium für Wirtschaft und Technologie;</LA></DD> <DT>2.</DT><DD Font="normal"><LA Size="normal">das Bundesministerium für Bildung, Wissenschaft, Forschung und Technologie die Bezeichnung Bundesministerium für Bildung und Forschung.</LA></DD> </DL></P></Content></text></textdaten></norm>
<norm builddate="20130405132844" doknr="BJNR328800998BJNE000400311"><metadaten><jurabk>BKOrgErl1998Bek</jurabk><enbez>III.</enbez></metadaten><textdaten><text format="XML"><Content><P>Es wird ein Beauftragter der Bundesregierung für Angelegenheiten der neuen Länder bestellt. Diese Aufgabe übernimmt ein Staatsminister beim Bundeskanzler. <BR/>Dazu wird dem Geschäftsbereich des Bundeskanzlers aus dem Geschäftsbereich des Bundesministeriums für Wirtschaft und Technologie die Zuständigkeit des Beauftragten der Bundesregierung für die neuen Bundesländer übertragen.</P></Content></text></textdaten></norm>
<norm builddate="20130405132844" doknr="BJNR328800998BJNE000500311"><metadaten><jurabk>BKOrgErl1998Bek</jurabk><enbez>IV.</enbez></metadaten><textdaten><text format="XML"><Content><P>Es wird ein Beauftragter der Bundesregierung für Angelegenheiten der Kultur und der Medien bestellt; dies geschieht unter Wahrung der Kulturhoheit der Länder und soweit der Bund zuständig ist. Der Beauftragte untersteht dem Bundeskanzler unmittelbar. <BR/>Dem Beauftragten werden übertragen <DL Font="normal" Type="arabic"><DT>1.</DT><DD Font="normal"><LA Size="normal">aus dem Geschäftsbereich des Bundesministeriums des Innern die Zuständigkeiten für<DL Font="normal" Type="arabic"><DT>a)</DT><DD Font="normal"><LA Size="normal">Kultur und Medien (außer der Zuständigkeit für Kirchen und Religionsgemeinschaften); eingeschlossen ist die Zuständigkeit für die Pflege des Kulturguts für Vertriebene und Flüchtlinge (§ 96 Bundesvertriebenengesetz) sowie die kulturelle Betreuung für heimatlose Ausländer und fremde Volksgruppen;</LA></DD> <DT>b)</DT><DD Font="normal"><LA Size="normal">Gedenkstätten;</LA></DD> </DL></LA></DD> <DT>2.</DT><DD Font="normal"><LA Size="normal">aus dem Geschäftsbereich des Bundesministeriums für Wirtschaft und Technologie die Zuständigkeit für Medien- und Filmwirtschaft, Verlagswesen;</LA></DD> <DT>3.</DT><DD Font="normal"><LA Size="normal">aus dem Geschäftsbereich des Bundesministeriums für Verkehr, Bau- und Wohnungswesen die Zuständigkeiten für<DL Font="normal" Type="arabic"><DT>a)</DT><DD Font="normal"><LA Size="normal">Hauptstadtkulturförderung in Berlin;</LA></DD> <DT>b)</DT><DD Font="normal"><LA Size="normal">kulturelle Angelegenheiten im Blick auf die Region der Bundesstadt Bonn;</LA></DD> </DL></LA></DD> <DT>4.</DT><DD Font="normal"><LA Size="normal">aus dem Geschäftsbereich des Bundesministeriums für Bildung und Forschung die Zuständigkeit für Medienpolitik.</LA></DD> </DL>Der Beauftragte führt seine inneren Verwaltungsangelegenheiten selbständig. In seinem Geschäftsbereich vertritt er die Bundesrepublik Deutschland gerichtlich und außergerichtlich.</P></Content></text></textdaten></norm>
<norm builddate="20130405132844" doknr="BJNR328800998BJNE000600311"><metadaten><jurabk>BKOrgErl1998Bek</jurabk><enbez>V.</enbez></metadaten><textdaten><text format="XML"><Content><P>Dem Bundesministerium für Finanzen werden übertragen aus dem Geschäftsbereich des Bundesministeriums für Wirtschaft und Technologie die Zuständigkeiten für <DL Font="normal" Type="arabic"><DT>a)</DT><DD Font="normal"><LA Size="normal">Europapolitik; ohne: EU-Mittelstandspolitik, EU-Forschungspolitik, Agrarpolitik, Industrie- und Energiepolitik, EG-Binnenmarkt;</LA></DD> <DT>b)</DT><DD Font="normal"><LA Size="normal">den Jahreswirtschaftsbericht, den Konjunkturrat für die öffentliche Hand, die wirtschaftswissenschaftlichen Forschungsinstitute, den Sachverständigenrat für die Beurteilung der gesamtwirtschaftlichen Entwicklung sowie die Mitzuständigkeit für den ECOFIN-Rat und den EU-Währungsausschuß;</LA></DD> <DT>c)</DT><DD Font="normal"><LA Size="normal">gesamtwirtschaftliche Analysen und Projektionen, Wirtschaftsstatistik;</LA></DD> <DT>d)</DT><DD Font="normal"><LA Size="normal">die Garantien für politische ungebundene Finanzkredite und das Multilaterale Investitionsabkommen (MAI) der OECD aus dem Bereich Außenwirtschaftspolitik und Entwicklungszusammenarbeit;</LA></DD> <DT>e)</DT><DD Font="normal"><LA Size="normal">institutionelle Fragen der OECD aus dem Bereich Außenwirtschaftspolitik.</LA></DD> </DL>Jedoch erhält die Federführung für Angelegenheiten der Lome-Abkommen das Bundesministerium für wirtschaftliche Zusammenarbeit und Entwicklung. <BR/>Dem Bundesministerium der Finanzen und dem Bundesministerium für wirtschaftliche Zusammenarbeit und Entwicklung werden übertragen aus dem Geschäftsbereich des Bundesministeriums für Wirtschaft und Technologie die Zuständigkeiten für Beratung/Technische Hilfe zugunsten Osteuropas und GUS.</P></Content></text></textdaten></norm>
<norm builddate="20130405132844" doknr="BJNR328800998BJNE000700311"><metadaten><jurabk>BKOrgErl1998Bek</jurabk><enbez>VI.</enbez></metadaten><textdaten><text format="XML"><Content><P>Dem Bundesminister für Wirtschaft und Technologie werden aus dem Geschäftsbereich des Bundesministeriums für Bildung und Forschung übertragen die Zuständigkeiten für die indirekte Forschungsförderung, für die Förderung technologieorientierter Unternehmensgründungen und für die angewandte Energieforschung.</P></Content></text></textdaten></norm>
<norm builddate="20130405132844" doknr="BJNR328800998BJNE000800311"><metadaten><jurabk>BKOrgErl1998Bek</jurabk><enbez>VII.</enbez></metadaten><textdaten><text format="XML"><Content><P>Dem Bundesministerium für Gesundheit wird aus dem Geschäftsbereich des Bundesministeriums für Arbeit und Sozialordnung übertragen die Zuständigkeit für Pflegeversicherung.</P></Content></text></textdaten></norm>
<norm builddate="20130405132844" doknr="BJNR328800998BJNE000900311"><metadaten><jurabk>BKOrgErl1998Bek</jurabk><enbez>VIII.</enbez></metadaten><textdaten><text format="XML"><Content><P>Dem Bundesministerium für Arbeit und Sozialordnung wird aus dem Geschäftsbereich des Bundesministeriums für Gesundheit übertragen die Zuständigkeit für Sozialrecht/Sozialhilfe.</P></Content></text></textdaten></norm>
<norm builddate="20130405132844" doknr="BJNR328800998BJNE001000311"><metadaten><jurabk>BKOrgErl1998Bek</jurabk><enbez>IX.</enbez></metadaten><textdaten><text format="XML"><Content><P>Die Einzelheiten des Überganges werden zwischen den beteiligten Mitgliedern der Bundesregierung geregelt und dem Chef des Bundeskanzleramtes mitgeteilt.&quot;</P></Content></text></textdaten></norm>
<norm builddate="20130405132844" doknr="BJNR328800998BJNE001100311"><metadaten><jurabk>BKOrgErl1998Bek</jurabk><enbez>Schlußformel</enbez></metadaten><textdaten><text format="XML"><Content><P><SP>Der Chef des Bundeskanzleramtes</SP></P></Content></text></textdaten></norm>
</dokumente>