<?xml version="1.0" encoding="UTF-8" ?><!DOCTYPE dokumente SYSTEM "http://www.gesetze-im-internet.de/dtd/1.01/gii-norm.dtd">
<dokumente builddate="20120625154925" doknr="BJNR265620999"><norm builddate="20120625154925" doknr="BJNR265620999"><metadaten><jurabk>BIHDurchrVbgBek</jurabk><ausfertigung-datum manuell="ja">1999-11-08</ausfertigung-datum><fundstelle typ="amtlich"><periodikum>BGBl II</periodikum><zitstelle>1999, 2656</zitstelle></fundstelle><langue>Bekanntmachung der Vereinbarung zwischen dem Innenministerium der
Bundesrepublik Deutschland, dem Innenministerium der Republik Kroatien,
der Regierung der Republik Österreich, dem Schweizerischen Bundesrat
und der Regierung der Republik Slowenien über die Gestattung der
Durchreise und Durchbeförderung bosnisch-herzegowinischer Kriegsflüchtlinge</langue></metadaten><textdaten><text format="decorated"/></textdaten></norm>
</dokumente>