<?xml version="1.0" encoding="UTF-8" ?><!DOCTYPE dokumente SYSTEM "http://www.gesetze-im-internet.de/dtd/1.01/gii-norm.dtd">
<dokumente builddate="20240617214518" doknr="BJNR081800021"><norm builddate="20240617214518" doknr="BJNR081800021"><metadaten><jurabk>LobbyRG</jurabk><amtabk>LobbyRG</amtabk><ausfertigung-datum manuell="ja">2021-04-16</ausfertigung-datum><fundstelle typ="amtlich"><periodikum>BGBl I</periodikum><zitstelle>2021, 818</zitstelle></fundstelle><kurzue>Lobbyregistergesetz</kurzue><langue>Gesetz zur Einführung eines Lobbyregisters für die Interessenvertretung gegenüber dem Deutschen Bundestag und gegenüber der Bundesregierung</langue><standangabe checked="ja"><standtyp>Stand</standtyp><standkommentar>Zuletzt geändert durch Art. 4 G v. 12.6.2024 I Nr. 190</standkommentar></standangabe></metadaten><textdaten><fussnoten><Content><P><BR/> <pre xml:space="preserve">(+++ Textnachweis ab: 1.1.2022 +++)<BR/><BR/></pre></P></Content></fussnoten></textdaten></norm>
<norm builddate="20240617214518" doknr="BJNR081800021BJNE000100000"><metadaten><jurabk>LobbyRG</jurabk><enbez>Eingangsformel</enbez></metadaten><textdaten><text format="XML"><Content><P>Der Bundestag hat das folgende Gesetz beschlossen:</P></Content></text></textdaten></norm>
<norm builddate="20240617214519" doknr="BJNR081800021BJNE000201377"><metadaten><jurabk>LobbyRG</jurabk><enbez>§ 1</enbez><titel format="XML">Anwendungsbereich</titel></metadaten><textdaten><text format="XML"><Content><P>(1) Dieses Gesetz gilt für die Interessenvertretung gegenüber den Organen, Gremien, Mitgliedern, Fraktionen oder Gruppen des Deutschen Bundestages und für die Interessenvertretung gegenüber der Bundesregierung.</P><P>(2) Die Regelungen für die Interessenvertretung gegenüber den Organen, Gremien, Mitgliedern, Fraktionen oder Gruppen des Deutschen Bundestages gelten ebenfalls für Kontakte zu deren Mitarbeiterinnen und Mitarbeitern. Die Regelungen für die Interessenvertretung gegenüber der Bundesregierung gelten ebenfalls für die Kontakte zu Parlamentarischen Staatssekretärinnen und Parlamentarischen Staatssekretären, Staatssekretärinnen und Staatssekretären, Abteilungsleiterinnen und Abteilungsleitern, Unterabteilungsleiterinnen und Unterabteilungsleitern sowie Referatsleiterinnen und Referatsleitern.</P><P>(3) Interessenvertretung ist jede Kontaktaufnahme zum Zweck der unmittelbaren oder mittelbaren Einflussnahme auf den Willensbildungs- oder Entscheidungsprozess der Organe, Gremien, Mitglieder, Fraktionen oder Gruppen des Deutschen Bundestages oder zum Zweck der unmittelbaren oder mittelbaren Einflussnahme auf den Willensbildungs- oder Entscheidungsprozess der Bundesregierung.</P><P>(4) Interessenvertreterinnen oder Interessenvertreter sind alle natürlichen oder juristischen Personen, Personengesellschaften oder sonstigen Organisationen, auch in Form von Netzwerken, Plattformen oder anderen Formen kollektiver Tätigkeiten, die Interessenvertretung nach Absatz 3 selbst betreiben oder in Auftrag geben.</P></Content></text><fussnoten/></textdaten></norm>
<norm builddate="20240617214519" doknr="BJNR081800021BJNE000301377"><metadaten><jurabk>LobbyRG</jurabk><enbez>§ 2</enbez><titel format="XML">Registrierungspflicht</titel></metadaten><textdaten><text format="XML"><Content><P>(1) Interessenvertreterinnen oder Interessenvertreter nach § 1 Absatz 4 müssen die Angaben nach § 3 Absatz 1 und 2 in einem öffentlichen Verzeichnis (Lobbyregister) gemäß Satz 2 eintragen, wenn <DL Font="normal" Type="arabic"><DT>1.</DT><DD Font="normal"><LA Size="normal">die Interessenvertretung regelmäßig betrieben wird,</LA></DD><DT>2.</DT><DD Font="normal"><LA Size="normal">die Interessenvertretung auf Dauer angelegt ist,</LA></DD><DT>3.</DT><DD Font="normal"><LA Size="normal">die Interessenvertretung geschäftsmäßig für Dritte betrieben wird,</LA></DD><DT>4.</DT><DD Font="normal"><LA Size="normal">innerhalb der jeweils letzten drei Monate mehr als 30 unterschiedliche Interessenvertretungskontakte aufgenommen wurden oder</LA></DD><DT>5.</DT><DD Font="normal"><LA Size="normal">die Interessenvertretung bei Gewährung einer Gegenleistung in Auftrag gegeben wird.</LA></DD></DL>Die Eintragung ist unverzüglich vorzunehmen, sobald eine der in Satz 1 genannten Voraussetzungen vorliegt.</P><P>(2) Interessenvertreterinnen oder Interessenvertreter nach Absatz 1 müssen sich bei Interessenvertretung gegenüber den Organen, Gremien, Mitgliedern, Fraktionen oder Gruppen des Deutschen Bundestages nicht eintragen, wenn und soweit sie <DL Font="normal" Type="arabic"><DT>1.</DT><DD Font="normal"><LA Size="normal">natürliche Personen sind, die mit ihrer Eingabe ausschließlich persönliche Interessen formulieren, unabhängig davon, ob es sich zugleich um unternehmerische oder sonstige Interessen handelt,</LA></DD><DT>2.</DT><DD Font="normal"><LA Size="normal">Anliegen von ausschließlich lokalem Charakter geltend machen, soweit nicht mehr als zwei Wahlkreise unmittelbar betroffen sind,</LA></DD><DT>3.</DT><DD Font="normal"><LA Size="normal">eine Petition nach Artikel 17 des Grundgesetzes einreichen,</LA></DD><DT>4.</DT><DD Font="normal"><LA Size="normal">an öffentlichen Anhörungen der Ausschüsse, öffentlichen Kongressen oder anderen öffentlichen Veranstaltungen der Organe, Gremien, Mitglieder, Fraktionen oder Gruppen des Deutschen Bundestages teilnehmen,</LA></DD><DT>5.</DT><DD Font="normal"><LA Size="normal">direkten und individuellen Ersuchen der Organe, Gremien, Mitglieder, Fraktionen oder Gruppen des Deutschen Bundestages um Sachinformationen, Daten oder Fachwissen nachkommen,</LA></DD><DT>6.</DT><DD Font="normal"><LA Size="normal">als natürliche Personen ein öffentliches Amt oder Mandat oder als juristische Personen des öffentlichen Rechts öffentliche Aufgaben wahrnehmen,</LA></DD><DT>7.</DT><DD Font="normal"><LA Size="normal">als Arbeitgeber- oder Arbeitnehmerverband (Artikel 9 Absatz 3 des Grundgesetzes) Einfluss auf Arbeits- und Wirtschaftsbedingungen nehmen,</LA></DD><DT>8.</DT><DD Font="normal"><LA Size="normal">Rechtsberatung oder -vertretung für einen Dritten oder sich selbst erbringen, einschließlich der Erstattung wissenschaftlicher Gutachten oder an die Allgemeinheit gerichteter Darstellung und Erörterung von Rechtsfragen, es sei denn, dass die Vertretung auf den Erlass, die Änderung oder die Unterlassung einer rechtlichen Regelung durch den Deutschen Bundestag oder einer Entscheidung durch die Bundesregierung außerhalb eines Verwaltungs-, Vertrags- oder Vergabeverfahrens gerichtet ist,</LA></DD><DT>9.</DT><DD Font="normal"><LA Size="normal">als politische Parteien nach dem Parteiengesetz oder als deren Jugendorganisationen tätig werden,</LA></DD><DT>10.</DT><DD Font="normal"><LA Size="normal">als Einrichtungen zur gesellschaftspolitischen und demokratischen Bildungsarbeit (politische Stiftungen) tätig werden, soweit der jeweilige Haushaltsgesetzgeber Globalzuschüsse zur Erfüllung ihrer satzungsmäßigen Aufgaben gewährt,</LA></DD><DT>11.</DT><DD Font="normal"><LA Size="normal">als Mittlerorganisationen der auswärtigen Kultur- und Bildungspolitik tätig werden, soweit sie institutionell mit Mitteln des Bundeshaushaltes gefördert werden,</LA></DD><DT>12.</DT><DD Font="normal"><LA Size="normal">als Kirche, andere Religionsgemeinschaft oder Weltanschauungsgemeinschaft tätig werden,</LA></DD><DT>13.</DT><DD Font="normal"><LA Size="normal">einer nach Artikel 5 Absatz 1 Satz 2 des Grundgesetzes geschützten Tätigkeit nachgehen,</LA></DD><DT>14.</DT><DD Font="normal"><LA Size="normal">als kommunaler Spitzenverband auf Bundes- oder Landesebene tätig sind,</LA></DD><DT>15.</DT><DD Font="normal"><LA Size="normal">als eine in Deutschland anerkannte nationale Minderheit, als niederdeutsche Sprechergruppe, als deutsche Minderheit in Dänemark oder als Organisation oder Einrichtung der vorgenannten Gruppen tätig werden,</LA></DD><DT>16.</DT><DD Font="normal"><LA Size="normal">über keine dauerhafte Vertretung in Deutschland verfügen und sich für Menschenrechte, Demokratie, Rechtsstaatlichkeit, humanitäre Belange oder Fragen der Nachhaltigkeit einsetzen und ihr Wirken primär auf andere Länder oder Weltregionen ausgerichtet ist oder</LA></DD><DT>17.</DT><DD Font="normal"><LA Size="normal">diplomatische oder konsularische Tätigkeiten wahrnehmen.</LA></DD></DL></P><P>(3) Interessenvertreterinnen oder Interessenvertreter müssen sich bei Interessenvertretung gegenüber der Bundesregierung nicht eintragen, wenn und soweit sie <DL Font="normal" Type="arabic"><DT>1.</DT><DD Font="normal"><LA Size="normal">einen Anspruch auf gesetzlich geregelten Informationszugang geltend machen,</LA></DD><DT>2.</DT><DD Font="normal"><LA Size="normal">eine Bürgeranfrage stellen,</LA></DD><DT>3.</DT><DD Font="normal"><LA Size="normal">an Besuchsprogrammen, Vorträgen, Konferenzen und sonstigen öffentlichen Veranstaltungen der Bundesregierung teilnehmen,</LA></DD><DT>4.</DT><DD Font="normal"><LA Size="normal">für die von der Bundesregierung eingerichteten Sachverständigenräte und sonstigen Expertengremien tätig sind,</LA></DD><DT>5.</DT><DD Font="normal"><LA Size="normal">direkten und individuellen Ersuchen der Bundesregierung um Sachinformationen, Daten oder Fachwissen nachkommen oder</LA></DD><DT>6.</DT><DD Font="normal"><LA Size="normal">einer der in Absatz 2 Nummer 1, 3 oder 6 bis 17 genannten Tätigkeiten nachgehen.</LA></DD></DL></P><P>(4) Der Eintragungspflicht unterliegt auch nicht, wer für die unter Absatz 2 Nummer 7, 11, 12, 15 oder 16 genannten Interessenvertreterinnen und Interessenvertreter im Rahmen ihrer dort bezeichneten Tätigkeiten tätig wird.</P><P>(5) Alle Interessenvertreterinnen und Interessenvertreter, die von der Registrierungspflicht nach Absatz 2 oder 3 ausgenommen sind, können sich freiwillig registrieren. Bei der freiwilligen Registrierung nach Satz 1 müssen die Interessenvertreterinnen und Interessenvertreter die Angaben nach § 3 Absatz 1 und 2 im Lobbyregister eintragen.</P></Content></text><fussnoten/></textdaten></norm>
<norm builddate="20240617214519" doknr="BJNR081800021BJNE000401377"><metadaten><jurabk>LobbyRG</jurabk><enbez>§ 3</enbez><titel format="XML">Registerinhalt</titel></metadaten><textdaten><text format="XML"><Content><P>(1) Interessenvertreterinnen und Interessenvertreter stellen im Lobbyregister die folgenden Informationen bereit: <DL Font="normal" Type="arabic"><DT>1.</DT><DD Font="normal"><LA Size="normal">wenn sie natürliche Personen sind <DL Font="normal" Type="alpha"><DT>a)</DT><DD Font="normal"><LA Size="normal">Familienname, Vorname, optional der akademische Grad, optional der Künstler- oder Ordensname,</LA></DD><DT>b)</DT><DD Font="normal"><LA Size="normal">Geburtsdatum und Geburtsort,</LA></DD><DT>c)</DT><DD Font="normal"><LA Size="normal">Anschrift,</LA></DD><DT>d)</DT><DD Font="normal"><LA Size="normal">elektronische Kontaktdaten,</LA></DD><DT>e)</DT><DD Font="normal"><LA Size="normal">gegebenenfalls die Firma oder Bezeichnung des Unternehmens,</LA></DD><DT>f)</DT><DD Font="normal"><LA Size="normal">Mitgliedschaften, die im Zusammenhang mit der Interessenvertretung stehen,</LA></DD><DT>g)</DT><DD Font="normal"><LA Size="normal">Familienname, Vorname, optional der akademische Grad, optional der Künstler- oder Ordensname der Personen, die mit der Interessenvertretung nicht nur bei Gelegenheit betraut sind und die Interessenvertretung unmittelbar ausüben,</LA></DD></DL></LA></DD><DT>2.</DT><DD Font="normal"><LA Size="normal">wenn sie juristische Personen, Personengesellschaften oder sonstige Organisationen sind <DL Font="normal" Type="alpha"><DT>a)</DT><DD Font="normal"><LA Size="normal">Firma, Name oder Bezeichnung der Organisation, deren Webseite, elektronische Kontaktdaten, Anschrift und gegebenenfalls die Anschrift und die elektronischen Kontaktdaten der Geschäftsstelle am Sitz des Deutschen Bundestages und der Bundesregierung,</LA></DD><DT>b)</DT><DD Font="normal"><LA Size="normal">Rechtsform oder Art der Organisation,</LA></DD><DT>c)</DT><DD Font="normal"><LA Size="normal">Familienname, Vorname, optional der akademische Grad, optional der Künstler- oder Ordensname und elektronische Kontaktdaten aller gesetzlichen Vertretungen oder sonstigen vertretungsberechtigen Personen,</LA></DD><DT>d)</DT><DD Font="normal"><LA Size="normal">Familienname, Vorname, optional der akademische Grad, optional der Künstler- oder Ordensname der Personen, die mit der Interessenvertretung nicht nur bei Gelegenheit betraut sind und die Interessenvertretung unmittelbar ausüben,</LA></DD><DT>e)</DT><DD Font="normal"><LA Size="normal">Mitgliederzahl, aufgeschlüsselt nach natürlichen Personen, juristischen Personen, Personengesellschaften und sonstigen Organisationen,</LA></DD><DT>f)</DT><DD Font="normal"><LA Size="normal">Mitgliedschaften, die im Zusammenhang mit der Interessenvertretung stehen,</LA></DD><DT>g)</DT><DD Font="normal"><LA Size="normal">optional für juristische Personen des öffentlichen Rechts die Angabe, mit der Wahrnehmung von Interessenvertretung im Sinne von § 1 Absatz 3 gesetzlich beauftragt zu sein,</LA></DD></DL></LA></DD><DT>3.</DT><DD Font="normal"><LA Size="normal">bei den in den Nummern 1 und 2 Buchstabe c und d aufgeführten natürlichen Personen ergänzend allgemeine Angaben <DL Font="normal" Type="alpha"><DT>a)</DT><DD Font="normal"><LA Size="normal">über ein aktuell oder zuletzt wahrgenommenes Amt als Mitglied der Bundesregierung, das nicht länger als fünf Jahre zurückliegt,</LA></DD><DT>b)</DT><DD Font="normal"><LA Size="normal">über ein aktuell oder zuletzt wahrgenommenes Amt als Parlamentarische Staatssekretärin oder Parlamentarischer Staatssekretär, das nicht länger als fünf Jahre zurückliegt,</LA></DD><DT>c)</DT><DD Font="normal"><LA Size="normal">über eine aktuell oder zuletzt bestehende Mitgliedschaft im Deutschen Bundestag, die nicht länger als fünf Jahre zurückliegt, sofern die Person nicht zugleich ein Amt nach Buchstabe a oder b wahrgenommen hat,</LA></DD><DT>d)</DT><DD Font="normal"><LA Size="normal">über eine aktuell oder zuletzt ausgeübte Funktion für ein Mitglied des Deutschen Bundestages, die nicht länger als fünf Jahre zurückliegt,</LA></DD><DT>e)</DT><DD Font="normal"><LA Size="normal">über eine aktuell oder zuletzt ausgeübte Funktion für eine Fraktion oder Gruppe im Deutschen Bundestag, die nicht länger als fünf Jahre zurückliegt, oder</LA></DD><DT>f)</DT><DD Font="normal"><LA Size="normal">über eine aktuell oder zuletzt ausgeübte Funktion oder ein aktuell oder zuletzt ausgeübtes Amt in der Bundesverwaltung, die oder das nicht länger als fünf Jahre zurückliegt,</LA></DD></DL></LA><LA Size="normal">sowie gegebenenfalls die Angabe des Zeitpunkts der Beendigung dieser Tätigkeit,</LA></DD><DT>4.</DT><DD Font="normal"><LA Size="normal">Interessen- und Vorhabenbereiche sowie Beschreibung der zum Zweck der Interessenvertretung ausgeübten Tätigkeit,</LA></DD><DT>5.</DT><DD Font="normal"><LA Size="normal">zur Darstellung der bezweckten Einflussnahme <DL Font="normal" Type="alpha"><DT>a)</DT><DD Font="normal"><LA Size="normal">die Angabe der aktuellen, geplanten oder angestrebten Regelungsvorhaben auf Bundesebene oder auf Ebene der Europäischen Union, hinsichtlich derer gegenüber den Adressatinnen und Adressaten nach § 1 Absatz 1 und 2 Interessenvertretung betrieben wird, gegebenenfalls unter Angabe des Titels der geltenden Regelung, auf die sich die Interessenvertretung jeweils bezieht, sowie die Angabe der betroffenen Interessen- und Vorhabenbereiche nach Nummer 4 sowie</LA></DD><DT>b)</DT><DD Font="normal"><LA Size="normal">grundlegende Stellungnahmen und Gutachten zu den angegebenen Regelungsvorhaben in anonymisierter und hinsichtlich des Textinhalts maschinenlesbarer Form, die gegenüber mindestens einer der Adressatinnen oder einem der Adressaten nach § 1 Absatz 1 und 2 abgegeben wurden, soweit sie innerhalb formalisierter Beteiligungsverfahren nicht veröffentlicht werden, unter Angabe des Zeitpunkts und einer abstrakten Bezeichnung der Adressatinnen und Adressaten nach § 1 Absatz 1 und 2; grundlegende Stellungnahmen und Gutachten sind insbesondere solche, die wesentliche Argumente oder Positionen in Bezug auf konkrete Regelungsvorhaben enthalten,</LA></DD></DL></LA></DD><DT>6.</DT><DD Font="normal"><LA Size="normal">Anzahl der Beschäftigten im Bereich der Interessenvertretung, sofern diese Beschäftigten mindestens 10 Prozent ihrer Tätigkeit im Bereich der Interessenvertretung ausüben, ausgedrückt in Vollzeitäquivalenten auf der Grundlage von Schätzungen für die jeweiligen Beschäftigten, bezogen auf das letzte abgelaufene Geschäftsjahr,</LA></DD><DT>7.</DT><DD Font="normal"><LA Size="normal">Beginn und Ende des laufenden sowie des letzten und des vorletzten abgelaufenen Geschäftsjahres,</LA></DD><DT>8.</DT><DD Font="normal"><LA Size="normal">Finanzangaben, jeweils bezogen auf das letzte abgelaufene Geschäftsjahr, und zwar <DL Font="normal" Type="alpha"><DT>a)</DT><DD Font="normal"><LA Size="normal">folgende Kategorien der Hauptfinanzierungsquellen in absteigender Reihenfolge ihres Anteils an den Gesamteinnahmen: <DL Font="normal" Type="a-alpha"><DT>aa)</DT><DD Font="normal"><LA Size="normal">wirtschaftliche Tätigkeit,</LA></DD><DT>bb)</DT><DD Font="normal"><LA Size="normal">öffentliche Zuwendungen,</LA></DD><DT>cc)</DT><DD Font="normal"><LA Size="normal">Schenkungen und sonstige lebzeitige Zuwendungen,</LA></DD><DT>dd)</DT><DD Font="normal"><LA Size="normal">Mitgliedsbeiträge und</LA></DD><DT>ee)</DT><DD Font="normal"><LA Size="normal">Sonstiges,</LA></DD></DL></LA></DD><DT>b)</DT><DD Font="normal"><LA Size="normal">Angaben zu den jährlichen finanziellen Aufwendungen im Bereich der Interessenvertretung in Stufen von jeweils 10 000 Euro,</LA></DD><DT>c)</DT><DD Font="normal"><LA Size="normal">Angaben zu einzelnen Zuwendungen und Zuschüssen der deutschen öffentlichen Hand, der Europäischen Union, ihrer Mitgliedstaaten oder von Drittstaaten, die den primären Unternehmens- und Organisationszweck betreffen, in Stufen von jeweils 10 000 Euro, sofern der Gesamtwert von 10 000 Euro bezogen auf eine Zuwendungsgeberin oder einen Zuwendungsgeber im jeweiligen Geschäftsjahr überschritten wird, und zwar <DL Font="normal" Indent="6" Type="a-alpha"><DT>aa)</DT><DD Font="normal"><LA Size="normal">Name und Sitz der Zuwendungsgeberin oder des Zuwendungsgebers und</LA></DD><DT>bb)</DT><DD Font="normal"><LA Size="normal">eine kurze Beschreibung der Leistung,</LA></DD></DL></LA></DD><DT>d)</DT><DD Font="normal"><LA Size="normal">Angaben zu Schenkungen und sonstigen lebzeitigen Zuwendungen von Dritten, und zwar <DL Font="normal" Indent="6" Type="a-alpha"><DT>aa)</DT><DD Font="normal"><LA Size="normal">deren Gesamtsumme in Stufen von 10 000 Euro,</LA></DD><DT>bb)</DT><DD Font="normal"><LA Size="normal">in Stufen von jeweils 10 000 Euro jeden Betrag unter Angabe von Familienname und Vorname, Firma oder Bezeichnung der Geberin oder des Gebers, der den Gesamtwert von 10 000 Euro bezogen auf eine Geberin oder einen Geber im jeweiligen Geschäftsjahr und zugleich 10 Prozent bezogen auf die jährliche Gesamtsumme nach Doppelbuchstabe aa übersteigt, sowie</LA></DD><DT>cc)</DT><DD Font="normal"><LA Size="normal">eine kurze Beschreibung der Leistung,</LA></DD></DL></LA></DD><DT>e)</DT><DD Font="normal"><LA Size="normal">Angaben zu Mitgliedsbeiträgen, und zwar <DL Font="normal" Indent="6" Type="a-alpha"><DT>aa)</DT><DD Font="normal"><LA Size="normal">deren Gesamtsumme in Stufen von 10 000 Euro und</LA></DD><DT>bb)</DT><DD Font="normal"><LA Size="normal">Familienname und Vorname, Firma oder Bezeichnung der Beitragszahlerin oder des Beitragszahlers, wenn der jeweilige Mitgliedsbeitrag den Gesamtwert von 10 000 Euro bezogen auf eine Beitragszahlerin oder einen Beitragszahler im jeweiligen Geschäftsjahr und zugleich 10 Prozent bezogen auf die jährliche Gesamtsumme nach Doppelbuchstabe aa übersteigt,</LA></DD></DL></LA></DD><DT>f)</DT><DD Font="normal"><LA Size="normal">Jahresabschlüsse oder Rechenschaftsberichte von juristischen Personen, Personengesellschaften und Einzelkaufleuten. Soweit keine anderen Vorschriften bestehen und sofern die Gesamteinnahmen über 10 000 Euro liegen, müssen die Rechenschaftsberichte mindestens eine Einnahmen-Ausgaben-Rechnung umfassen. Sofern der Jahresabschluss oder der Rechenschaftsbericht des letzten abgelaufenen Geschäftsjahres noch nicht vorliegt, kann der Jahresabschluss oder Rechenschaftsbericht des vorletzten abgelaufenen Geschäftsjahres bereitgestellt werden. Der Jahresabschluss oder Rechenschaftsbericht des letzten abgelaufenen Geschäftsjahres ist unverzüglich nach seiner Aufstellung bereitzustellen.</LA></DD></DL></LA></DD></DL></P><P>(2) Interessenvertreterinnen und Interessenvertreter, die die Interessenvertretung im Auftrag betreiben, stellen im Lobbyregister ergänzend zu den Angaben nach Absatz 1 die folgenden Informationen bereit: <DL Font="normal" Type="arabic"><DT>1.</DT><DD Font="normal"><LA Size="normal">eine Beschreibung der beauftragten Interessenvertretung entsprechend den Angaben in Absatz 1 Nummer 4 und 5 Buchstabe a,</LA></DD><DT>2.</DT><DD Font="normal"><LA Size="normal">Angaben zur Identität von Auftraggeberinnen und Auftraggebern, für welche die Interessenvertretung betrieben wird, auch wenn diese nicht selbst eintragungspflichtig sind, sofern nicht ein Fall des § 2 Absatz 4 vorliegt; Absatz 1 Nummer 1 Buchstabe a und c bis e und Nummer 2 Buchstabe a bis c gilt entsprechend,</LA></DD><DT>3.</DT><DD Font="normal"><LA Size="normal">Angaben zu den für die jeweils beauftragte Interessenvertretung eingesetzten Personen oder Organisationen, <DL Font="normal" Type="alpha"><DT>a)</DT><DD Font="normal"><LA Size="normal">wenn selbst betraute Personen eingesetzt werden, Angabe der Personen nach Absatz 1 Nummer 1 Buchstabe g oder Nummer 2 Buchstabe d, die für den jeweiligen Auftrag eingesetzt werden,</LA></DD><DT>b)</DT><DD Font="normal"><LA Size="normal">wenn natürliche Personen oder juristische Personen, Personengesellschaften oder sonstige Organisationen als Unterauftragnehmerinnen oder Unterauftragnehmer eingesetzt werden und diese einen eigenen Registereintrag aufweisen, Angabe des entsprechenden Registereintrags,</LA></DD><DT>c)</DT><DD Font="normal"><LA Size="normal">wenn natürliche Personen als Unterauftragnehmerinnen oder Unterauftragnehmer eingesetzt werden und diese keinen eigenen Registereintrag aufweisen, Angaben zu Absatz 1 Nummer 1 Buchstabe a und c bis e; Absatz 1 Nummer 3 gilt entsprechend,</LA></DD><DT>d)</DT><DD Font="normal"><LA Size="normal">wenn juristische Personen, Personengesellschaften oder sonstige Organisationen als Unterauftragnehmerinnen oder Unterauftragnehmer eingesetzt werden und diese keinen eigenen Registereintrag aufweisen, Angaben gemäß Absatz 1 Nummer 2 Buchstabe a bis c und Angaben nach Buchstabe d ausschließlich hinsichtlich der für die jeweils beauftragte Interessenvertretung eingesetzten natürlichen Personen; Absatz 1 Nummer 3 gilt entsprechend,</LA></DD></DL></LA></DD><DT>4.</DT><DD Font="normal"><LA Size="normal">von der Auftraggeberin oder dem Auftraggeber je Auftrag erhaltene Finanzmittel bezogen auf das letzte abgelaufene Geschäftsjahr in Stufen von jeweils 50 000 Euro.</LA></DD></DL></P><P>(3) Die Interessenvertreterinnen und Interessenvertreter haben Änderungen bei den Angaben nach den Absätzen 1 und 2 unverzüglich, abweichend davon bei den Angaben nach Absatz 1 Nummer 5 Buchstabe b spätestens bis Ende des Quartals, einzutragen. Abweichend von Satz 1 sind Angaben nach Absatz 1 Nummer 1 Buchstabe f, Nummer 2 Buchstabe e und f, Nummer 6 bis 8 sowie Absatz 2 Nummer 4 spätestens sechs Monate nach dem Ende des Geschäftsjahres für das abgelaufene Geschäftsjahr zu aktualisieren. Bei der Aktualisierung nach Satz 2 ist zugleich der gesamte Registereintrag vollständig zu überprüfen und seine Richtigkeit gegenüber der registerführenden Stelle zu bestätigen.</P><P>(4) Durch jede Aktualisierung oder Änderung wird eine historische Version des jeweiligen Registereintrags im bis dahin vorhandenen Datenumfang erzeugt. Die historischen Versionen werden 18 Monate lang nach der jeweiligen Aktualisierung oder Änderung im Lobbyregister veröffentlicht und danach aus dem öffentlichen Register entfernt. Im Anschluss daran werden die Daten weitere 18 Monate bei der registerführenden Stelle gespeichert und danach gelöscht. Abweichend von den Sätzen 2 und 3 bleiben die Angaben nach Absatz 1 Nummer 5 für acht Jahre im öffentlichen Register sichtbar, nachdem sie aus der aktuellen Eintragsversion entfernt werden. Anschließend werden diese Angaben gelöscht. Die Registerdaten sind vor der endgültigen Löschung dem gemäß § 5 Absatz 4 des Bundesarchivgesetzes zuständigen Archiv zur Übernahme als Archivgut anzubieten.</P><P>(5) Neben dem aktiven Lobbyregister wird eine Liste früherer Interessenvertreterinnen und Interessenvertreter geführt und veröffentlicht. In diese Liste werden die Einträge derjenigen Interessenvertreterinnen und Interessenvertreter mit dem zuletzt vorhandenen Datenbestand übertragen, die dem Deutschen Bundestag anzeigen, dass sie keine Interessenvertretung mehr betreiben oder in Auftrag geben, oder deren Eintrag gemäß § 4 Absatz 5 Satz 3 in diese Liste übertragen wird. Ab dem Zeitpunkt der Übertragung des Eintrags einer Interessenvertreterin oder eines Interessenvertreters in die Liste nach Satz 1 gilt diese Interessenvertreterin oder dieser Interessenvertreter nicht mehr als im Lobbyregister eingetragene Interessenvertreterin oder eingetragener Interessenvertreter. Die Entfernung aus der Liste erfolgt nach Ablauf von 18 Monaten, die Daten werden weitere 18 Monate bei der registerführenden Stelle gespeichert und danach gelöscht. Abweichend von Satz 4 bleiben Angaben nach § 3 Absatz 1 Nummer 5 für acht Jahre ab der Übertragung des Registereintrags in die Liste nach Satz 1 im öffentlichen Register sichtbar, bevor sie gelöscht werden. Die Registerdaten sind vor der endgültigen Löschung dem gemäß § 5 Absatz 4 des Bundesarchivgesetzes zuständigen Archiv zur Übernahme als Archivgut anzubieten.</P></Content></text><fussnoten/></textdaten></norm>
<norm builddate="20240617214519" doknr="BJNR081800021BJNE000501377"><metadaten><jurabk>LobbyRG</jurabk><enbez>§ 4</enbez><titel format="XML">Registereinrichtung und Registerführung</titel></metadaten><textdaten><text format="XML"><Content><P>(1) Das Lobbyregister wird elektronisch beim Deutschen Bundestag eingerichtet und geführt. Der Deutsche Bundestag und die Bundesregierung schließen eine Verwaltungsvereinbarung über die Einzelheiten der Führung des Lobbyregisters.</P><P>(2) Die Interessenvertreterinnen und Interessenvertreter nehmen die Eintragung, Änderungen und Aktualisierungen sowie das Hochladen von Dokumenten elektronisch unter Nutzung des im Internet angebotenen Zugangs beim Deutschen Bundestag vor. Sie bestätigen die Richtigkeit und Vollständigkeit der Angaben bei der Eintragung und bei der Aktualisierung nach § 3 Absatz 3 Satz 2 und 3 gegenüber der registerführenden Stelle. Handelt es sich bei der Interessenvertreterin oder dem Interessenvertreter um eine juristische Person oder Personenvereinigung im Sinne von § 30 Absatz 1 des Gesetzes über Ordnungswidrigkeiten, hat die Bestätigung nach Satz 2 durch eine Leitungsperson im Sinne des § 30 Absatz 1 Nummer 1 bis 4 des Gesetzes über Ordnungswidrigkeiten zu erfolgen. Handelt es sich um sonstige Organisationen nach § 1 Absatz 4, hat die Bestätigung durch eine von der jeweiligen Organisation bestimmte vertretungsberechtigte Person zu erfolgen. Die Eintragungen und Textinhalte werden in einer von der registerführenden Stelle vorgegebenen Form maschinenlesbar und mit einer Suchfunktion veröffentlicht, mit Ausnahme der Angaben nach § 3 Absatz 1 Nummer 1 Buchstabe b bis d, der elektronischen Kontaktdaten nach § 3 Absatz 1 Nummer 2 Buchstabe c sowie der Anschrift und der elektronischen Kontaktdaten, wenn es sich um eine natürliche Person handelt.</P><P>(3) Die registerführende Stelle überwacht den Inhalt des Registers. Die alleinige Verantwortlichkeit der Interessenvertreterinnen und Interessenvertreter für ihre jeweiligen Einträge bleibt unberührt. Die registerführende Stelle ist berechtigt, bei offensichtlich unrichtigen oder widersprüchlichen Angaben oder konkreten Hinweisen auf möglicherweise unrichtige Angaben Nachweise für veröffentlichte Angaben zu fordern. Offensichtlich missbräuchliche Einträge kann sie vollständig oder teilweise aus dem öffentlichen Register entfernen. Aus dem öffentlichen Register entfernte Einträge werden 36 Monate nach der Entfernung gelöscht.</P><P>(4) Der Zeitpunkt der Eintragung in das Lobbyregister sowie der Zeitpunkt der letzten Änderung und Aktualisierung werden automatisch ausgewiesen.</P><P>(5) Werden die Angaben nach § 3 Absatz 1 und 2 nicht gemäß § 3 Absatz 3 Satz 2 aktualisiert und wird der gesamte Registereintrag nicht gemäß § 3 Absatz 3 Satz 3 vollständig überprüft sowie seine Richtigkeit bestätigt, werden die betroffenen Interessenvertreterinnen und Interessenvertreter durch elektronische Benachrichtigung aufgefordert, dies nachzuholen. Kommen sie dieser Aufforderung innerhalb von 30 Tagen nicht nach, wird die Eintragung als „nicht aktualisiert“ gekennzeichnet. Kommen sie der Aufforderung nach Satz 1 auch innerhalb von weiteren 120 Tagen nicht nach, werden sie elektronisch darüber benachrichtigt, dass die Eintragung in 30 Tagen in die Liste nach § 3 Absatz 5 übertragen wird.</P><P>(6) Über die Begrenzung des Absatzes 2 Satz 5 hinaus beschränkt die registerführende Stelle auf schriftlichen Antrag die Veröffentlichung der eingetragenen Angaben (§ 3 Absatz 1 und 2) vollständig oder teilweise, wenn ihr die Interessenvertreterin oder der Interessenvertreter darlegt, dass der Veröffentlichung unter Berücksichtigung aller Umstände des Einzelfalls überwiegende schutzwürdige Interessen der Interessenvertreterin oder des Interessenvertreters oder der nach § 3 Absatz 1 Nummer 1 und 2 sowie Absatz 2 Nummer 2 und 3 einzutragenden Personen entgegenstehen. Schutzwürdige Interessen liegen vor, wenn Tatsachen die Annahme rechtfertigen, dass die Veröffentlichung in Satz 1 genannte Personen der Gefahr aussetzen würde, Opfer eines Verbrechens oder eines Vergehens nach den §§ 124, 223, 224, 240 oder 241 des Strafgesetzbuches zu werden. Gegen eine ablehnende Entscheidung kann Widerspruch bei der registerführenden Stelle eingelegt werden.</P><P>(7) Bei der Führung des Registers wird durch geeignete technische und organisatorische Maßnahmen sichergestellt, dass die Vertraulichkeit nicht öffentlicher Angaben gewahrt wird. Eine Nutzung bleibt unberührt, soweit dieses zur ordnungsgemäßen Registerführung und für Verfahren nach § 7 erforderlich ist. Auf individuelle Anfrage von Mitgliedern des Deutschen Bundestages und Bundesministerien darf Auskunft darüber erteilt werden, ob und gegebenenfalls mit welchen Angaben eine Eintragung vorliegt. Im Übrigen bestehen keine Informationszugangsansprüche auf Grundlage anderer Rechtsvorschriften in Bezug auf die nicht öffentlichen Inhalte des Registers und sonstige hiermit in Verbindung stehenden Informationen.</P></Content></text><fussnoten/></textdaten></norm>
<norm builddate="20240617214519" doknr="BJNR081800021BJNE000601377"><metadaten><jurabk>LobbyRG</jurabk><enbez>§ 5</enbez><titel format="XML">Grundsätze integrer Interessenvertretung</titel></metadaten><textdaten><text format="XML"><Content><P>(1) Interessenvertretung im Sinne des Gesetzes darf nur auf Basis von Offenheit, Transparenz, Ehrlichkeit und Integrität stattfinden.</P><P>(2) Der Deutsche Bundestag und die Bundesregierung legen unter Beteiligung der Zivilgesellschaft einen Verhaltenskodex fest, der Vorgaben für eine Ausübung von Interessenvertretung auf der Grundlage der in Absatz 1 genannten Grundsätze enthält.</P><P>(3) Interessenvertreterinnen und Interessenvertreter akzeptieren diesen Verhaltenskodex durch ihre Eintragung im Lobbyregister. Die Angabe weiterer Verhaltenskodizes als ergänzende Grundlage für die Interessenvertretung ist möglich.</P><P>(4) Interessenvertretung muss bei jedem Kontakt gegenüber den Organen, Gremien, Mitgliedern, Fraktionen oder Gruppen des Deutschen Bundestages oder der Bundesregierung transparent erfolgen. Interessenvertreterinnen und Interessenvertreter müssen <DL Font="normal" Type="arabic"><DT>1.</DT><DD Font="normal"><LA Size="normal">ihre Identität und ihr Anliegen sowie gegebenenfalls die Identität und das Anliegen ihrer Auftraggeberin oder ihres Auftraggebers sowie im Falle eines Unterauftragsverhältnisses die Identität und das Anliegen der Hauptauftraggeberin oder des Hauptauftraggebers offenlegen,</LA></DD><DT>2.</DT><DD Font="normal"><LA Size="normal">über sich und ihren Auftrag bei der Interessenvertretung zutreffende Angaben machen.</LA></DD></DL></P><P>(5) Eingetragene Interessenvertreterinnen und Interessenvertreter haben auf ihre Eintragung bei dem erstmaligen Kontakt mit den jeweiligen Organen, Gremien, Mitgliedern, Fraktionen oder Gruppen des Deutschen Bundestages oder mit den jeweiligen Mitgliedern der Bundesregierung hinzuweisen sowie die Verhaltenskodizes zu benennen, auf deren Grundlage Interessenvertretung betrieben wird.</P><P>(6) Vereinbarungen, durch die eine Vergütung oder ihre Höhe vom Erfolg der Interessenvertretung abhängig gemacht wird (Erfolgshonorar), sind unzulässig.</P><P>(7) Interessenvertreterinnen und Interessenvertreter stellen sicher, dass sämtliche Informationen, die bei der Registrierung und danach im Rahmen der in den Anwendungsbereich des Registers fallenden Tätigkeiten bereitgestellt werden, richtig, vollständig, aktuell und nicht irreführend sind und dass notwendige ergänzende Informationen und Aktualisierungen, die von der registerführenden Stelle angefordert werden, unverzüglich zur Verfügung gestellt werden.</P><P>(8) Stellt die registerführende Stelle nach Durchführung eines entsprechenden Prüfverfahrens fest, dass eine Interessenvertreterin oder ein Interessenvertreter nicht unerheblich gegen den Verhaltenskodex nach Absatz 2 verstoßen hat, wird diese Feststellung unter Angabe der Art des Verstoßes durch Nennung der entsprechenden Ziffer des Verhaltenskodex im Register veröffentlicht. Gegen die Feststellung kann Widerspruch bei der registerführenden Stelle eingelegt werden. Auf die im Rahmen des Widerspruchsverfahrens entstehenden Unterlagen ist § 3 Absatz 4 Satz 6 entsprechend anzuwenden. Nach Ablauf von 24 Monaten nach Veröffentlichung des Verstoßes wird der Hinweis im Register gelöscht.</P><P>(9) Die registerführende Stelle informiert das Bundesministerium des Innern und für Heimat über die Einleitung eines Prüfverfahrens nach § 5 Absatz 8 Satz 1 unter Nennung der entsprechenden Ziffer des Verhaltenskodex nach § 5 Absatz 2. Steht ein möglicher Verstoß gegen den Verhaltenskodex auch oder ausschließlich im Zusammenhang mit der Interessenvertretung gegenüber der Bundesregierung, so übermittelt die registerführende Stelle dem Bundesministerium des Innern und für Heimat zusätzlich Stellungnahmen der Interessenvertreterin oder des Interessenvertreters und gibt ihm Gelegenheit zur Stellungnahme; § 1 Absatz 2 Satz 2 gilt entsprechend. Das Bundesministerium des Innern und für Heimat darf die übermittelten Daten ausschließlich im Rahmen des Prüfverfahrens zu Aufklärungszwecken verarbeiten. Soweit die Prüfverfahren auch andere Bundesministerien oder das Bundeskanzleramt betreffen, darf das Bundesministerium des Innern und für Heimat die jeweiligen Informationen an diese Stellen weiterleiten.</P><P>(10) Eingetragene Interessenvertreterinnen und Interessenvertreter können öffentlich die Bezeichnung „registrierte Interessenvertreterin“ oder „registrierter Interessenvertreter“ verwenden, wenn die Eintragung der Angaben nach § 3 Absatz 1 und 2 erfolgt ist, die Eintragung keine Kennzeichnung „nicht aktualisiert“ enthält und im Register kein Hinweis auf einen Verstoß nach § 5 Absatz 8 veröffentlicht ist.</P></Content></text><fussnoten/></textdaten></norm>
<norm builddate="20240617214519" doknr="BJNR081800021BJNE000701377"><metadaten><jurabk>LobbyRG</jurabk><enbez>§ 6</enbez><titel format="XML">Zugang zu den Gebäuden des Deutschen Bundestages und Teilnahme an öffentlichen Anhörungen</titel></metadaten><textdaten><text format="XML"><Content><P>(1) Der Deutsche Bundestag kann sich vorbehalten, Zugangsberechtigungen für Interessenvertreterinnen und Interessenvertreter nur zu erteilen, wenn eine entsprechende Eintragung der Angaben nach § 3 Absatz 1 und 2 erfolgt ist und die Eintragung keine Kennzeichnung „nicht aktualisiert“ und keine Feststellung eines Verstoßes nach § 5 Absatz 8 enthält. Ein Anspruch auf die Erteilung von Zugangsberechtigungen besteht nicht. Den Zugang regelt der Präsident des Deutschen Bundestages.</P><P>(2) Eine Teilnahme an öffentlichen Anhörungen der Ausschüsse des Deutschen Bundestages als Auskunftsperson soll bei eingetragenen Interessenvertreterinnen und Interessenvertretern nur stattfinden, wenn die Eintragung keine Kennzeichnung „nicht aktualisiert“ und keine Feststellung eines Verstoßes nach § 5 Absatz 8 enthält.</P><P>(3) Eine Beteiligung nach § 47 der Gemeinsamen Geschäftsordnung der Bundesministerien soll bei eingetragenen Interessenvertreterinnen und Interessenvertretern nicht durchgeführt werden, wenn die Eintragung die Kennzeichnung „nicht aktualisiert“ oder die Feststellung eines Verstoßes nach § 5 Absatz 8 enthält.</P></Content></text><fussnoten/></textdaten></norm>
<norm builddate="20240617214519" doknr="BJNR081800021BJNE000802311"><metadaten><jurabk>LobbyRG</jurabk><enbez>§ 7</enbez><titel format="XML">Bußgeldvorschriften</titel></metadaten><textdaten><text format="XML"><Content><P>(1) Ordnungswidrig handelt, wer <DL Font="normal" Type="arabic"><DT>1.</DT><DD Font="normal"><LA Size="normal">entgegen § 2 Absatz 1 Satz 1 oder entgegen § 3 Absatz 3 Satz 1 eine Angabe oder eine Änderung nicht, nicht richtig, nicht vollständig oder nicht rechtzeitig einträgt,</LA></DD><DT>2.</DT><DD Font="normal"><LA Size="normal">entgegen § 2 Absatz 5 Satz 2 eine Angabe nicht richtig oder nicht vollständig einträgt,</LA></DD><DT>3.</DT><DD Font="normal"><LA Size="normal">entgegen § 3 Absatz 3 Satz 2 eine Angabe nicht, nicht richtig, nicht vollständig oder nicht rechtzeitig aktualisiert oder</LA></DD><DT>4.</DT><DD Font="normal"><LA Size="normal">entgegen § 4 Absatz 2 Satz 2, auch in Verbindung mit den Sätzen 3 oder 4, eine Bestätigung nicht, nicht richtig, nicht vollständig oder nicht rechtzeitig vornimmt.</LA></DD></DL></P><P>(2) Ordnungswidrig handelt, wer eine in Absatz 1 bezeichnete Handlung fahrlässig begeht.</P><P>(3) Die Ordnungswidrigkeit kann in den Fällen des Absatzes 1 mit einer Geldbuße bis zu fünfzigtausend Euro und in den Fällen des Absatzes 2 mit einer Geldbuße bis zu zwanzigtausend Euro geahndet werden.</P><P>(4) Verwaltungsbehörde im Sinne des § 36 Absatz 1 Nummer 1 des Gesetzes über Ordnungswidrigkeiten ist der Direktor beim Deutschen Bundestag.</P></Content></text><fussnoten/></textdaten></norm>
<norm builddate="20240617214519" doknr="BJNR081800021BJNE000901377"><metadaten><jurabk>LobbyRG</jurabk><enbez>§ 8</enbez><titel format="XML">Übergangsvorschrift</titel></metadaten><textdaten><text format="XML"><Content><P>(1) Eintragungen nach § 2 Absatz 1, die innerhalb von zwei Monaten nach Inkrafttreten des Gesetzes vorgenommen werden, gelten als unverzüglich im Sinne des § 2 Absatz 1 Satz 2.</P><P>(2) Eintragungen, die vor dem 1. März 2024 vorgenommen worden sind, sind bis einschließlich 30. Juni 2024 an die neue Rechtslage anzupassen und zu ergänzen. Die Richtigkeit der dort gemachten Angaben ist gegenüber der registerführenden Stelle zu bestätigen. Eintragungen, die nicht innerhalb dieser Frist aktualisiert werden, werden danach in die Liste nach § 3 Absatz 5 übertragen. Sofern die Angaben nach § 3 Absatz 1 Nummer 8 Buchstabe a bis e für das letzte abgelaufene Geschäftsjahr bis zum Ablauf der Frist nach Satz 1 noch nicht vorliegen, können zunächst die Angaben für das vorletzte abgelaufene Geschäftsjahr bereitgestellt werden. Die Aktualisierungsverpflichtung nach § 3 Absatz 3 Satz 2 in Verbindung mit § 4 Absatz 5 gilt entsprechend.</P><P>(3) Zu Schenkungen von Dritten, die vor dem 1. März 2024 erfolgt sind, dürfen Angaben nach § 3 Absatz 1 Nummer 8 Buchstabe d in anonymisierter Form erfolgen.</P></Content></text><fussnoten/></textdaten></norm>
<norm builddate="20240617214519" doknr="BJNR081800021BJNE001001377"><metadaten><jurabk>LobbyRG</jurabk><enbez>§ 9</enbez><titel format="XML">Bericht und Evaluierung</titel></metadaten><textdaten><text format="XML"><Content><P>(1) Die registerführende Stelle erstellt alle zwei Jahre, erstmalig zum 31. März 2025, einen Bericht über die Führung des Lobbyregisters, der anschließend der Bundesregierung und dem Deutschen Bundestag vorgelegt wird.</P><P>(2) Der Deutsche Bundestag und die Bundesregierung überprüfen die Auswirkungen dieses Gesetzes erstmalig fünf Jahre nach Inkrafttreten des Gesetzes und veröffentlichen die Ergebnisse der Überprüfung.</P></Content></text><fussnoten/></textdaten></norm>
<norm builddate="20240617214519" doknr="BJNR081800021BJNE001100000"><metadaten><jurabk>LobbyRG</jurabk><enbez>§ 10</enbez><titel format="XML">Inkrafttreten</titel></metadaten><textdaten><text format="XML"><Content><P>Dieses Gesetz tritt am 1. Januar 2022 in Kraft.</P></Content></text></textdaten></norm>
</dokumente>