<?xml version="1.0" encoding="UTF-8" ?><!DOCTYPE dokumente SYSTEM "http://www.gesetze-im-internet.de/dtd/1.01/gii-norm.dtd">
<dokumente builddate="20221020213546" doknr="BJNR204050955"><norm builddate="20221020213546" doknr="BJNR204050955"><metadaten><jurabk>KrBesReglVtr</jurabk><ausfertigung-datum manuell="ja">1954-10-23</ausfertigung-datum><fundstelle typ="amtlich"><periodikum>BGBl II</periodikum><zitstelle>1955, 405</zitstelle></fundstelle><langue>Vertrag zur Regelung aus Krieg und Besatzung entstandener Fragen
(in der gemäß Liste IV zu dem am 23. Oktober 1954 in Paris unterzeichneten
Protokoll über die Beendigung des Besatzungsregimes in der
Bundesrepublik Deutschland geänderten Fassung)</langue></metadaten><textdaten><text format="decorated"/><fussnoten><Content><P>G v. 24.3.1955 II 213 <BR/>Inkraft gem. Bek. v. 5.5.1955 II 628 mWv 5.5.1955 12 Uhr mittags <BR/>Überschrift: Diese Vorschrift gilt nicht in Berlin (West) gem. § 3 Nr. 2 G v. 25.9.1990 I 2106 und nicht in dem in Artikel 3 des Einigungsvertrages genannten Gebiet gem. Artikel 11 und Anl. I Kap. I Nr. 2 EinigVtr v. 31.8.1990 iVm Art. 1 G v. 23.9.1990 II 885, 908</P></Content></fussnoten></textdaten></norm>
</dokumente>