<?xml version="1.0" encoding="UTF-8" ?><!DOCTYPE dokumente SYSTEM "http://www.gesetze-im-internet.de/dtd/1.01/gii-norm.dtd">
<dokumente builddate="20130405131731" doknr="BJNR172200999"><norm builddate="20130405131731" doknr="BJNR172200999"><metadaten><jurabk>Münz10DMBek 1999-07-14</jurabk><ausfertigung-datum manuell="ja">1999-07-14</ausfertigung-datum><fundstelle typ="amtlich"><periodikum>BGBl I</periodikum><zitstelle>1999, 1722</zitstelle></fundstelle><langue>Bekanntmachung über die Ausprägung von Bundesmünzen im Nennwert von
10 Deutschen Mark
(Gedenkmünze &quot;Weimar - Kulturstadt Europas/250. Geburtstag Goethes&quot;)</langue></metadaten><textdaten><text format="XML"><Content><P/></Content></text><fussnoten><Content><P>(+++ Textnachweis ab: 30. 7.1999 +++)</P></Content></fussnoten></textdaten></norm>
<norm builddate="20130405131731" doknr="BJNR172200999BJNE000100305"><metadaten><jurabk>Münz10DMBek 1999-07-14</jurabk><enbez>(XXXX)</enbez></metadaten><textdaten><text format="XML"><Content><P>Auf Grund des § 6 des Gesetzes über die Ausprägung von Scheidemünzen in der im Bundesgesetzblatt Teil III, Gliederungsnummer 690-1, veröffentlichten bereinigten Fassung, hat die Bundesregierung beschlossen, zum Thema &quot;Weimar - Kulturstadt Europas&quot; und anläßlich des Jubiläums &quot;250. Geburtstag Goethes&quot; eine Bundesmünze (Gedenkmünze) im Nennwert von 10 Deutschen Mark prägen zu lassen.<BR/>Die Auflage der Münze beträgt 3,8 Millionen Stück, darunter 0,8 Millionen Stück in Spiegelglanz. Die Prägung in Normalausführung (Stempelglanz) erfolgt in den Staatlichen Münzen Baden-Württemberg, Prägestätte Stuttgart. Die Herstellung in Spiegelglanz wird von allen fünf deutschen Münzämtern zu gleichen Teilen realisiert.<BR/>Die Münze wird ab 12. August 1999 in den Verkehr gebracht. Sie besteht aus einer Legierung von 925 Tausendteilen Silber und 75 Tausendteilen Kupfer, hat einen Durchmesser von 32,5 Millimetern und eine Masse (Gewicht) von 15,5 Gramm. Das Gepräge auf beiden Seiten ist erhaben und wird von einem schützenden, glatten Randstab umgeben.<BR/>Die Bildseite zeigt eine Porträt-Büste des jungen Goethe nach dem Relief von Johann Peter Melchior von 1775. In einem Schriftfeld sind die Namen von Persönlichkeiten des Weimarer Lebens - von Cranach bis Klee - konzentrisch angeordnet. Die Umschrift lautet: <BR/>&quot;GOETHE&quot; und &quot;WEIMAR - KULTURSTADT EUROPAS&quot;.<BR/>Die Wertseite trägt einen Adler, die Jahreszahl 1999, das Münzzeichen &quot;F&quot; der Staatlichen Münzen Baden-Württemberg, Prägestätte Stuttgart und die Umschrift: <DL Font="normal" Type="arabic"><DT/><DD Font="normal"><LA Size="normal"><DL Font="normal" Type="arabic"><DT/><DD Font="normal"><LA Size="normal">&quot;BUNDESREPUBLIK DEUTSCHLAND<DL Font="normal" Type="arabic"><DT/><DD Font="normal"><LA Size="normal">10 DEUTSCHE MARK&quot;.</LA></DD></DL></LA></DD></DL></LA></DD></DL>Bei den Münzen in der Qualität Spiegelglanz erscheinen die Münzzeichen &quot;A&quot;, &quot;D&quot;, &quot;F&quot;, &quot;G&quot; und &quot;J&quot;.<BR/>Der glatte Münzrand enthält in vertiefter Prägung die Inschrift: <DL Font="normal" Type="arabic"><DT/><DD Font="normal"><LA Size="normal"><DL Font="normal" Type="arabic"><DT/><DD Font="normal"><LA Size="normal">&quot;WIRKE GUT SO WIRKST DU LÄNGER&quot;<DL Font="normal" Type="arabic"><DT/><DD Font="normal"><LA Size="normal">(Goethe Ausspruch).</LA></DD></DL></LA></DD></DL></LA></DD></DL>Der Entwurf der Münze stammt von Herrn Frantisek Chochola, Hamburg.</P><P><SP>Der Bundesminister der Finanzen</SP></P><P><ABWFORMAT typ="E"/><kommentar typ="Fundstelle">(Inhalt: nicht darstellbare Abbildung der Münze, <BR/>Fundstelle: BGBl. I 1999, 1722)</kommentar></P></Content></text></textdaten></norm>
</dokumente>