<?xml version="1.0" encoding="UTF-8" ?><!DOCTYPE dokumente SYSTEM "http://www.gesetze-im-internet.de/dtd/1.01/gii-norm.dtd">
<dokumente builddate="20120625154612" doknr="BJNR170200006"><norm builddate="20120625154612" doknr="BJNR170200006"><metadaten><jurabk>SGB2§20Abs2Bek 2006</jurabk><ausfertigung-datum manuell="ja">2006-07-20</ausfertigung-datum><fundstelle typ="amtlich"><periodikum>BGBl I</periodikum><zitstelle>2006, 1702</zitstelle></fundstelle><langue>Bekanntmachung über die Höhe der Regelleistung nach § 20 Abs. 2
des Zweiten Buches Sozialgesetzbuch für die Zeit ab 1. Juli 2006</langue><standangabe checked="ja"><standtyp>Sonst</standtyp><standkommentar>Nach Maßgabe der Entscheidungsformel mit GG unvereinbar gem. BVerfGE v. 9.2.2010 I 193 - 1 BvL 1/09, 1 BvL 3/09,1 BvL 4/09 -</standkommentar></standangabe></metadaten><textdaten><text format="XML"><Content><P/></Content></text><fussnoten><Content><P>(+++ Textnachweis ab: 24.7.2006 +++)</P></Content></fussnoten></textdaten></norm>
<norm builddate="20120625154612" doknr="BJNR170200006BJNE000100000"><metadaten><jurabk>SGB2§20Abs2Bek 2006</jurabk><enbez>(XXXX)</enbez></metadaten><textdaten><text format="XML"><Content><P>Nach § 20 Abs. 4 Satz 3 des Zweiten Buches Sozialgesetzbuch (Artikel 1 des Gesetzes vom 24. Dezember 2003, BGBl. I S. 2954, 2955, das zuletzt durch Artikel 1 des Gesetzes vom 24. März 2006 (BGBl. I S. 558) geändert worden ist, wird hiermit Folgendes bekannt gemacht: <BR/>Die Höhe der monatlichen Regelleistung nach § 20 Abs. 2 des Zweiten Buches Sozialgesetzbuch beträgt für die Zeit ab 1. Juli 2006 für Personen, die allein stehend oder allein erziehend sind oder deren Partner minderjährig ist, 345 Euro.</P></Content></text></textdaten></norm>
<norm builddate="20120625154612" doknr="BJNR170200006BJNE000200000"><metadaten><jurabk>SGB2§20Abs2Bek 2006</jurabk><enbez>Schlussformel</enbez></metadaten><textdaten><text format="XML"><Content><P>Bundesministerium für Arbeit und Soziales</P></Content></text></textdaten></norm>
</dokumente>