<?xml version="1.0" encoding="UTF-8" ?><!DOCTYPE dokumente SYSTEM "http://www.gesetze-im-internet.de/dtd/1.01/gii-norm.dtd">
<dokumente builddate="20201209213600" doknr="BJNR630300020"><norm builddate="20201209213600" doknr="BJNR630300020"><metadaten><jurabk>VKFVÄndBek 2021</jurabk><ausfertigung-datum manuell="ja">2020-10-08</ausfertigung-datum><fundstelle typ="amtlich"><periodikum>BAnz</periodikum><zitstelle>AT 29.10.2020 B3</zitstelle></fundstelle><langue>Bekanntmachung der Änderung des Kostensatzes nach § 20 der Verwaltungskostenfeststellungsverordnung</langue></metadaten><textdaten><fussnoten><Content><P><BR/> <pre xml:space="preserve">(+++ Textnachweis ab: 29.10.2020 +++)<BR/><BR/></pre></P></Content></fussnoten></textdaten></norm>
<norm builddate="20201209213600" doknr="BJNR630300020BJNE000100000"><metadaten><jurabk>VKFVÄndBek 2021</jurabk><enbez>(XXXX)</enbez></metadaten><textdaten><text format="XML"><Content><P>Der Kostensatz nach § 20 Satz 1 der Verwaltungskostenfeststellungsverordnung beträgt ab dem 1. Januar 2021 je Mitarbeiterin und Mitarbeiter der gemeinsamen Einrichtungen monatlich 194,31 Euro.</P></Content></text></textdaten></norm>
<norm builddate="20201209213600" doknr="BJNR630300020BJNE000200000"><metadaten><jurabk>VKFVÄndBek 2021</jurabk><enbez>Schlussformel</enbez></metadaten><textdaten><text format="XML"><Content><P>Bundesministerium für Arbeit und Soziales</P></Content></text></textdaten></norm>
</dokumente>