<?xml version="1.0" encoding="UTF-8" ?><!DOCTYPE dokumente SYSTEM "http://www.gesetze-im-internet.de/dtd/1.01/gii-norm.dtd">
<dokumente builddate="20200418212502" doknr="BJNR013900017"><norm builddate="20200418212502" doknr="BJNR013900017"><metadaten><jurabk>IMLebensmFPrV</jurabk><amtabk>IMLebensmFPrV</amtabk><ausfertigung-datum manuell="ja">2017-01-31</ausfertigung-datum><fundstelle typ="amtlich"><periodikum>BGBl I</periodikum><zitstelle>2017, 139</zitstelle></fundstelle><kurzue>Industriemeister-Lebensmittel-Fortbildungsprüfungsverordnung</kurzue><langue>Verordnung über die Prüfung zum anerkannten Fortbildungsabschluss Geprüfter Industriemeister – Fachrichtung Lebensmittel und Geprüfte Industriemeisterin – Fachrichtung Lebensmittel</langue><standangabe checked="ja"><standtyp>Stand</standtyp><standkommentar>Geändert durch Art. 79 V v. 9.12.2019 I 2153</standkommentar></standangabe><standangabe checked="ja"><standtyp>Sonst</standtyp><standkommentar>Ersetzt V 806-21-7-31 v. 21.8.1985 I 1695 (LMIndMeistPrV)</standkommentar></standangabe></metadaten><textdaten><fussnoten><Content><P><BR/> <pre xml:space="preserve">(+++ Textnachweis ab: 1.7.2017 +++)<BR/> <BR/>(+++ Zur Anwendung vgl. §§ 1 u. 3 FortbVenÄndV6AnwV +++)<BR/> <BR/>(+++ Zur Anwendung vgl. § 18 Abs. 2 +++)<BR/><BR/></pre></P></Content></fussnoten></textdaten></norm>
<norm builddate="20200418212502" doknr="BJNR013900017BJNE000100000"><metadaten><jurabk>IMLebensmFPrV</jurabk><enbez>Eingangsformel</enbez></metadaten><textdaten><text format="XML"><Content><P>Auf Grund des § 53 Absatz 1 in Verbindung mit Absatz 2 des Berufsbildungsgesetzes, dessen Absatz 1 zuletzt durch Artikel 436 Nummer 4 Buchstabe a der Verordnung vom 31. August 2015 (BGBl. I S. 1474) geändert worden ist, verordnet das Bundesministerium für Bildung und Forschung nach Anhörung des Hauptausschusses des Bundesinstituts für Berufsbildung im Einvernehmen mit dem Bundesministerium für Wirtschaft und Energie:</P></Content></text></textdaten></norm>
<norm builddate="20200418212502" doknr="BJNR013900017BJNE000201128"><metadaten><jurabk>IMLebensmFPrV</jurabk><enbez>Inhaltsübersicht</enbez></metadaten><textdaten><text format="XML"><TOC><table colsep="0" frame="none" pgwide="1" rowsep="0" tocentry="%yes;"><tgroup align="left" char="" charoff="50" cols="2"><colspec colname="col1" colnum="1" colwidth="9*"/><colspec colname="col2" colnum="2" colwidth="71*"/><tbody valign="top"><row><entry VJ="1" colname="col1">§  1</entry><entry VJ="1" colname="col2">Ziel der Prüfung und Bezeichnung des Fortbildungsabschlusses</entry></row><row><entry VJ="1" colname="col1">§  2</entry><entry VJ="1" colname="col2">Teile des Fortbildungsabschlusses und Gliederung der Prüfung</entry></row><row><entry VJ="1" colname="col1">§  3</entry><entry VJ="1" colname="col2">Nachweis des Erwerbs der berufs- und arbeitspädagogischen Qualifikationen</entry></row><row><entry VJ="1" colname="col1">§  4</entry><entry VJ="1" colname="col2">Voraussetzungen für die Zulassung zu den Prüfungsteilen</entry></row><row><entry VJ="1" colname="col1">§  5</entry><entry VJ="1" colname="col2">Prüfungsteil „Fachrichtungsübergreifende Basisqualifikationen“</entry></row><row><entry VJ="1" colname="col1">§  6</entry><entry VJ="1" colname="col2">Qualifikationsinhalte der Prüfungsbereiche</entry></row><row><entry VJ="1" colname="col1">§  7</entry><entry VJ="1" colname="col2">Prüfungsteil „Handlungsspezifische Qualifikationen“</entry></row><row><entry VJ="1" colname="col1">§  8</entry><entry VJ="1" colname="col2">Gliederung des Prüfungsteils</entry></row><row><entry VJ="1" colname="col1">§  9</entry><entry VJ="1" colname="col2">Situationsaufgaben im schriftlichen Teil, Bearbeitungsdauer</entry></row><row><entry VJ="1" colname="col1">§ 10</entry><entry VJ="1" colname="col2">Situationsaufgabe aus dem Handlungsbereich „Technik“</entry></row><row><entry VJ="1" colname="col1">§ 11</entry><entry VJ="1" colname="col2">Situationsaufgabe aus dem Handlungsbereich „Organisation“</entry></row><row><entry VJ="1" colname="col1">§ 12</entry><entry VJ="1" colname="col2">Fachgespräch</entry></row><row><entry VJ="1" colname="col1">§ 13</entry><entry VJ="1" colname="col2">Befreiung von einzelnen Prüfungsbestandteilen</entry></row><row><entry VJ="1" colname="col1">§ 14</entry><entry VJ="1" colname="col2">Bewerten der Prüfungsleistungen</entry></row><row><entry VJ="1" colname="col1">§ 15</entry><entry VJ="1" colname="col2">Bestehen der Prüfung, Gesamtnote</entry></row><row><entry VJ="1" colname="col1">§ 16</entry><entry VJ="1" colname="col2">Zeugnisse</entry></row><row><entry VJ="1" colname="col1">§ 17</entry><entry VJ="1" colname="col2">Wiederholung der Prüfung</entry></row><row><entry VJ="1" colname="col1">§ 18</entry><entry VJ="1" colname="col2">Übergangsvorschriften</entry></row><row><entry VJ="1" colname="col1">§ 19</entry><entry VJ="1" colname="col2">Inkrafttreten, Außerkrafttreten</entry></row></tbody></tgroup></table></TOC></text><fussnoten><Content><P>(+++ Zur Anwendung vgl. §§ 1 u. 3 FortbVenÄndV6AnwV +++)</P></Content></fussnoten></textdaten></norm>
<norm builddate="20200418212502" doknr="BJNR013900017BJNE000300000"><metadaten><jurabk>IMLebensmFPrV</jurabk><enbez>§ 1</enbez><titel format="XML">Ziel der Prüfung und Bezeichnung des Fortbildungsabschlusses</titel></metadaten><textdaten><text format="XML"><Content><P>(1) Mit der Prüfung zum anerkannten Fortbildungsabschluss Geprüfter Industriemeister – Fachrichtung Lebensmittel und Geprüfte Industriemeisterin – Fachrichtung Lebensmittel soll die auf einen beruflichen Aufstieg abzielende Erweiterung der beruflichen Handlungsfähigkeit nachgewiesen werden.</P><P>(2) Die Prüfung wird von der zuständigen Stelle durchgeführt.</P><P>(3) Durch die Erweiterung der beruflichen Handlungsfähigkeit soll der Geprüfte Industriemeister – Fachrichtung Lebensmittel oder die Geprüfte Industriemeisterin – Fachrichtung Lebensmittel in der Lage sein, in Betrieben unterschiedlicher Größe sowie in verschiedenen Bereichen und Tätigkeitsfeldern eines Betriebes Sach-, Organisations- und Führungsaufgaben wahrzunehmen und sich auf Änderungen von Methoden und Systemen in der Produktion, auf neue Strukturen der Arbeitsorganisation und auf neue Methoden der Organisationsentwicklung, der Personalführung und -entwicklung einzustellen sowie den technisch-organisatorischen Wandel im Betrieb mitzugestalten. Zur erweiterten beruflichen Handlungsfähigkeit gehören im Einzelnen folgende Aufgaben: <DL Type="arabic"><DT>1.</DT><DD Font="normal"><LA>Sachaufgaben: <DL Type="alpha"><DT>a)</DT><DD Font="normal"><LA>die lebensmittelspezifischen Produktionsprozesse überwachen und optimieren,</LA></DD><DT>b)</DT><DD Font="normal"><LA>die In- und Außerbetriebnahme von Produktionsanlagen organisieren und überwachen,</LA></DD><DT>c)</DT><DD Font="normal"><LA>den Einsatz von Betriebs- und Produktionsmitteln koordinieren und deren Erhaltung und Betriebsbereitschaft sowie deren Werterhalt sicherstellen,</LA></DD><DT>d)</DT><DD Font="normal"><LA>den Werterhalt von Rohwaren, Zusatz- und Hilfsstoffen sowie von Halbfabrikaten, Lebensmitteln und Verpackungsmaterialien bei Transport und Lagerung sicherstellen,</LA></DD><DT>e)</DT><DD Font="normal"><LA>Maßnahmen zur Vermeidung und Behebung von Betriebsstörungen einleiten und die Energieversorgung für die Produktionsabläufe sichern,</LA></DD><DT>f)</DT><DD Font="normal"><LA>bei der Einrichtung von Arbeitsstätten und der Gestaltung von Arbeitsplätzen unter Beachtung ergonomischer Gesichtspunkte und entsprechender Vorschriften mitwirken,</LA></DD><DT>g)</DT><DD Font="normal"><LA>technologische Weiterentwicklungen im Unternehmen umsetzen und</LA></DD><DT>h)</DT><DD Font="normal"><LA>bei der Entwicklung von Vorschlägen für neue technische Konzepte und Spezifikationen mitarbeiten und den kontinuierlichen Verbesserungsprozess mitgestalten;</LA></DD></DL></LA></DD><DT>2.</DT><DD Font="normal"><LA>Organisationsaufgaben: <DL Type="alpha"><DT>a)</DT><DD Font="normal"><LA>die Arbeitsabläufe zur Herstellung von Lebensmitteln planen und überwachen sowie sich an der Planung und Umsetzung neuer Produktionsprozesse beteiligen,</LA></DD><DT>b)</DT><DD Font="normal"><LA>die Kontrollen der ein- und ausgehenden Produkte sowie die Dokumentationen der Produktionsprozesse sicherstellen,</LA></DD><DT>c)</DT><DD Font="normal"><LA>Kostenpläne aufstellen sowie die Kostenentwicklung überwachen und auf einen wirtschaftlichen Ablauf achten,</LA></DD><DT>d)</DT><DD Font="normal"><LA>bei der Auswahl und Beschaffung von Geräten, Maschinen und Produktionsanlagen mitwirken,</LA></DD><DT>e)</DT><DD Font="normal"><LA>Qualitäts- und Quantitätsvorgaben planen und deren fristgemäße Einhaltung gewährleisten,</LA></DD><DT>f)</DT><DD Font="normal"><LA>die Rückverfolgbarkeit von Produkten und Prozessen sicherstellen,</LA></DD><DT>g)</DT><DD Font="normal"><LA>die Instandhaltung in Abstimmung mit den zuständigen Mitarbeitern und Mitarbeiterinnen sowie mit den beteiligten betrieblichen Bereichen koordinieren und überwachen,</LA></DD><DT>h)</DT><DD Font="normal"><LA>die Einhaltung der Arbeitssicherheits-, Umwelt-, Gesundheits- und Hygienevorschriften sicherstellen;</LA></DD></DL></LA></DD><DT>3.</DT><DD Font="normal"><LA>Führungsaufgaben: <DL Type="alpha"><DT>a)</DT><DD Font="normal"><LA>die Mitarbeiter und Mitarbeiterinnen im Sinne der Unternehmensziele führen und ihnen Aufgaben unter Berücksichtigung betrieblicher Vorgaben, nach betriebswirtschaftlichen und arbeitsrechtlichen Gesichtspunkten und unter Berücksichtigung ihrer individuellen Eignung, ihrer Kompetenzen und ihrer Interessen zuordnen, sie zu selbstständigem, verantwortlichem Handeln anleiten, ihre Motivation fördern und sie an Entscheidungsprozessen beteiligen,</LA></DD><DT>b)</DT><DD Font="normal"><LA>bei der Planung des Personalbedarfs und bei Stellenbesetzungen mitwirken,</LA></DD><DT>c)</DT><DD Font="normal"><LA>Arbeitsgruppen betreuen und moderieren,</LA></DD><DT>d)</DT><DD Font="normal"><LA>die ziel- und lösungsorientierte Kooperation und Kommunikation zwischen und mit den Mitarbeitern und Mitarbeiterinnen, mit den Führungskräften sowie mit dem Betriebsrat fördern,</LA></DD><DT>e)</DT><DD Font="normal"><LA>Mitarbeiter und Mitarbeiterinnen sowie Gruppen von Mitarbeitern und Mitarbeiterinnen beurteilen, Personalentwicklungsmaßnahmen fördern sowie Unterweisungen durchführen und veranlassen,</LA></DD><DT>f)</DT><DD Font="normal"><LA>die Innovationsbereitschaft der Mitarbeiter und Mitarbeiterinnen fördern; neue Mitarbeiter und Mitarbeiterinnen in ihre Arbeitsbereiche einführen,</LA></DD><DT>g)</DT><DD Font="normal"><LA>die Ausbildung der zugeteilten Auszubildenden vorbereiten und organisieren und die Durchführung der Ausbildung sicherstellen sowie</LA></DD><DT>h)</DT><DD Font="normal"><LA>Qualitätsziele umsetzen sowie das qualitätsbewusste Handeln und die Kundenorientierung der Mitarbeiter und Mitarbeiterinnen fördern.</LA></DD></DL></LA></DD></DL></P><P>(4) Die erfolgreich abgelegte Prüfung nach § 2 Absatz 1 Nummer 1 führt zusammen mit dem erbrachten Nachweis nach § 2 Absatz 1 Nummer 2 zum anerkannten Fortbildungsabschluss Geprüfter Industriemeister – Fachrichtung Lebensmittel oder Geprüfte Industriemeisterin – Fachrichtung Lebensmittel.</P></Content></text></textdaten></norm>
<norm builddate="20200418212502" doknr="BJNR013900017BJNE000400000"><metadaten><jurabk>IMLebensmFPrV</jurabk><enbez>§ 2</enbez><titel format="XML">Teile des Fortbildungsabschlusses und Gliederung der Prüfung</titel></metadaten><textdaten><text format="XML"><Content><P>(1) Für den Fortbildungsabschluss zum Geprüften Industriemeister – Fachrichtung Lebensmittel und zur Geprüften Industriemeisterin – Fachrichtung Lebensmittel ist Folgendes erforderlich: <DL Type="arabic"><DT>1.</DT><DD Font="normal"><LA>das erfolgreiche Ablegen der im Rahmen dieser Verordnung geregelten Prüfung zum Geprüften Industriemeister – Fachrichtung Lebensmittel und zur Geprüften Industriemeisterin – Fachrichtung Lebensmittel,</LA></DD><DT>2.</DT><DD Font="normal"><LA>der Nachweis des Erwerbs der berufs- und arbeitspädagogischen Qualifikationen nach § 3.</LA></DD></DL></P><P>(2) Die Prüfung nach Absatz 1 Nummer 1 gliedert sich in zwei aufeinander aufbauende Prüfungsteile: <DL Type="arabic"><DT>1.</DT><DD Font="normal"><LA>Prüfungsteil „Fachrichtungsübergreifende Basisqualifikationen“ nach § 5 und</LA></DD><DT>2.</DT><DD Font="normal"><LA>Prüfungsteil „Handlungsspezifische Qualifikationen“ nach § 7.</LA></DD></DL></P></Content></text></textdaten></norm>
<norm builddate="20200418212502" doknr="BJNR013900017BJNE000501128"><metadaten><jurabk>IMLebensmFPrV</jurabk><enbez>§ 3</enbez><titel format="XML">Nachweis des Erwerbs der berufs- und arbeitspädagogischen Qualifikationen</titel></metadaten><textdaten><text format="XML"><Content><P>(1) Den Erwerb der berufs- und arbeitspädagogischen Qualifikationen hat die zu prüfende Person nachzuweisen durch <DL Font="normal" Type="arabic"><DT>1.</DT><DD Font="normal"><LA Size="normal">eine erfolgreich abgelegte Prüfung nach § 4 der nach dem Berufsbildungsgesetz erlassenen Ausbilder-Eignungsverordnung oder</LA></DD><DT>2.</DT><DD Font="normal"><LA Size="normal">eine andere erfolgreich abgelegte vergleichbare Prüfung vor einer öffentlichen oder staatlich anerkannten Bildungseinrichtung oder vor einem staatlichen Prüfungsausschuss.</LA></DD></DL></P><P>(2) Der Nachweis des Erwerbs der berufs- und arbeitspädagogischen Qualifikationen ist vor Beginn der letzten Prüfungsleistung vorzulegen.</P></Content></text><fussnoten><Content><P>(+++ Zur Anwendung vgl. §§ 1 u. 3 FortbVenÄndV6AnwV +++)</P></Content></fussnoten></textdaten></norm>
<norm builddate="20200418212502" doknr="BJNR013900017BJNE000600000"><metadaten><jurabk>IMLebensmFPrV</jurabk><enbez>§ 4</enbez><titel format="XML">Voraussetzungen für die Zulassung zu den Prüfungsteilen</titel></metadaten><textdaten><text format="XML"><Content><P>(1) Zur Prüfung im Prüfungsteil „Fachrichtungsübergreifende Basisqualifikationen“ ist zuzulassen, wer Folgendes nachweist: <DL Type="arabic"><DT>1.</DT><DD Font="normal"><LA>eine erfolgreich abgelegte Abschluss- oder Gesellenprüfung in einem anerkannten Ausbildungsberuf, der den Ernährungsberufen zugeordnet ist,</LA></DD><DT>2.</DT><DD Font="normal"><LA>eine erfolgreich abgelegte Abschluss- oder Gesellenprüfung in einem sonstigen anerkannten Ausbildungsberuf und eine auf die Berufsausbildung folgende mindestens einjährige Berufspraxis oder</LA></DD><DT>3.</DT><DD Font="normal"><LA>eine mindestens vierjährige Berufspraxis.</LA></DD></DL></P><P>(2) Zur Prüfung im Prüfungsteil „Handlungsspezifische Qualifikationen“ ist zuzulassen, wer Folgendes nachweist: <DL Type="arabic"><DT>1.</DT><DD Font="normal"><LA>das Ablegen des Prüfungsteils „Fachrichtungsübergreifende Basisqualifikationen“, das nicht länger als fünf Jahre zurückliegt, und</LA></DD><DT>2.</DT><DD Font="normal"><LA>über die in Absatz 1 Nummer 1 genannte Voraussetzung hinaus mindestens ein Jahr Berufspraxis und über die in Absatz 1 Nummer 2 bis 3 genannten Voraussetzungen hinaus mindestens ein weiteres Jahr Berufspraxis.</LA></DD></DL></P><P>(3) Die Berufspraxis nach den Absätzen 1 und 2 soll wesentliche Bezüge zu den Aufgaben eines Geprüften Industriemeisters – Fachrichtung Lebensmittel und einer Geprüften Industriemeisterin – Fachrichtung Lebensmittel nach § 1 Absatz 3 aufweisen.</P><P>(4) Abweichend von den Absätzen 1 und 2 ist zur Prüfung auch zuzulassen, wer durch Vorlage von Zeugnissen oder auf andere Weise glaubhaft macht, Fertigkeiten, Kenntnisse und Fähigkeiten erworben zu haben, die der beruflichen Handlungsfähigkeit vergleichbar sind und die Zulassung zur Prüfung rechtfertigen.</P></Content></text></textdaten></norm>
<norm builddate="20200418212502" doknr="BJNR013900017BJNE000701128"><metadaten><jurabk>IMLebensmFPrV</jurabk><enbez>§ 5</enbez><titel format="XML">Prüfungsteil „Fachrichtungsübergreifende Basisqualifikationen“</titel></metadaten><textdaten><text format="XML"><Content><P>(1) Im Prüfungsteil „Fachrichtungsübergreifende Basisqualifikationen“ werden folgende Prüfungsbereiche geprüft: <DL Font="normal" Type="arabic"><DT>1.</DT><DD Font="normal"><LA Size="normal">rechtsbewusstes Handeln,</LA></DD><DT>2.</DT><DD Font="normal"><LA Size="normal">betriebswirtschaftliches Handeln,</LA></DD><DT>3.</DT><DD Font="normal"><LA Size="normal">Anwenden von Methoden der Information, Kommunikation und Planung,</LA></DD><DT>4.</DT><DD Font="normal"><LA Size="normal">Zusammenarbeit im Betrieb und</LA></DD><DT>5.</DT><DD Font="normal"><LA Size="normal">Berücksichtigung naturwissenschaftlicher und technischer Gesetzmäßigkeiten.</LA></DD></DL></P><P>(2) Der zu prüfenden Person werden anwendungsbezogene Aufgaben gestellt. Sie hat die Aufgaben schriftlich unter Aufsicht zu bearbeiten.</P><P>(3) Die Bearbeitungsdauer für die schriftlichen Aufgaben in den Prüfungsbereichen nach Absatz 1 soll insgesamt höchstens acht Stunden betragen; sie soll je Prüfungsbereich mindestens 90 Minuten betragen.</P><P>(4) Wurden in höchstens zwei schriftlichen Prüfungen in den Prüfungsbereichen nach Absatz 1 mangelhafte Leistungen erbracht, so ist in diesen Prüfungsbereichen eine mündliche Ergänzungsprüfung anzubieten. Bei einer oder mehreren ungenügenden Prüfungsleistungen ist keine mündliche Ergänzungsprüfung möglich. Die Aufgabenstellung in der Ergänzungsprüfung soll anwendungsbezogen sein und je Prüfungsbereich und für die zu prüfende Person nicht länger als 20 Minuten dauern. Die Bewertung der mündlichen Ergänzungsprüfung und die Bewertung der schriftlichen Prüfungsleistung in dem Prüfungsbereich, in dem die Ergänzungsprüfung durchgeführt wurde, werden zu einer Bewertung zusammengefasst. Dabei wird die Bewertung der schriftlichen Prüfungsleistung doppelt gewichtet.</P></Content></text><fussnoten><Content><P>(+++ Zur Anwendung vgl. §§ 1 u. 3 FortbVenÄndV6AnwV +++)</P></Content></fussnoten></textdaten></norm>
<norm builddate="20200418212502" doknr="BJNR013900017BJNE000801128"><metadaten><jurabk>IMLebensmFPrV</jurabk><enbez>§ 6</enbez><titel format="XML">Qualifikationsinhalte der Prüfungsbereiche</titel></metadaten><textdaten><text format="XML"><Content><P>(1) Im Prüfungsbereich „Rechtsbewusstes Handeln“ soll die zu prüfende Person nachweisen, dass sie in der Lage ist, einschlägige Rechtsvorschriften zu berücksichtigen. Dazu gehört, die Arbeitsbedingungen der Mitarbeiter und Mitarbeiterinnen unter arbeitsrechtlichen Aspekten zu gestalten sowie die Arbeitssicherheit, den Gesundheitsschutz und den Umweltschutz nach rechtlichen Grundlagen zu gewährleisten und die Zusammenarbeit mit den entsprechenden Institutionen sicherzustellen. ln diesem Rahmen können folgende Qualifikationsinhalte geprüft werden: <DL Font="normal" Type="arabic"><DT>1.</DT><DD Font="normal"><LA Size="normal">Berücksichtigen arbeitsrechtlicher Vorschriften und Bestimmungen bei der Gestaltung individueller Arbeitsverhältnisse und bei Fehlverhalten von Mitarbeitern und Mitarbeiterinnen, insbesondere unter Berücksichtigung des Arbeitsvertragsrechts, des Tarifvertragsrechts und betrieblicher Vereinbarungen,</LA></DD><DT>2.</DT><DD Font="normal"><LA Size="normal">Berücksichtigen der Vorschriften des Betriebsverfassungsgesetzes, insbesondere der Beteiligungsrechte betriebsverfassungsrechtlicher Organe,</LA></DD><DT>3.</DT><DD Font="normal"><LA Size="normal">Berücksichtigen rechtlicher Bestimmungen hinsichtlich der Sozialversicherung, der Entgeltfindung sowie der Arbeitsförderung,</LA></DD><DT>4.</DT><DD Font="normal"><LA Size="normal">Berücksichtigen von arbeitsschutz- und arbeitssicherheitsrechtlichen Vorschriften und Bestimmungen in Abstimmung mit betrieblichen und außerbetrieblichen Institutionen,</LA></DD><DT>5.</DT><DD Font="normal"><LA Size="normal">Berücksichtigen der Vorschriften des Umweltrechts, insbesondere hinsichtlich des Gewässer- und Bodenschutzes, der Kreislaufwirtschaft, der Luftreinhaltung, der Lärmvermeidung und des Lärmschutzes, des Strahlenschutzes und des Schutzes vor gefährlichen Stoffen und</LA></DD><DT>6.</DT><DD Font="normal"><LA Size="normal">Berücksichtigen einschlägiger wirtschaftsrechtlicher Vorschriften und Bestimmungen, insbesondere hinsichtlich der Produktverantwortung, der Produkthaftung sowie des Datenschutzes.</LA></DD></DL></P><P>(2) Im Prüfungsbereich „Betriebswirtschaftliches Handeln“ soll die zu prüfende Person nachweisen, dass sie in der Lage ist, betriebswirtschaftliche Gesichtspunkte im Rahmen praxisbezogener Handlungen zu berücksichtigen und volkswirtschaftliche Zusammenhänge aufzuzeigen sowie Unternehmensformen darzustellen. Weiterhin sollen die Fähigkeiten nachgewiesen werden, betriebliche Abläufe nach wirtschaftlichen Gesichtspunkten planen, beurteilen und beeinflussen zu können. ln diesem Rahmen können folgende Qualifikationsinhalte geprüft werden: <DL Font="normal" Type="arabic"><DT>1.</DT><DD Font="normal"><LA Size="normal">Berücksichtigen der ökonomischen Handlungsprinzipien von Unternehmen unter Einbeziehung volkswirtschaftlicher Zusammenhänge und sozialer Wirkungen,</LA></DD><DT>2.</DT><DD Font="normal"><LA Size="normal">Berücksichtigen der Grundsätze betrieblicher Aufbau- und Ablauforganisation,</LA></DD><DT>3.</DT><DD Font="normal"><LA Size="normal">Anwenden von Methoden der Organisationsentwicklung,</LA></DD><DT>4.</DT><DD Font="normal"><LA Size="normal">Berücksichtigen von Methoden der Entgeltfindung und der kontinuierlichen betrieblichen Verbesserung und</LA></DD><DT>5.</DT><DD Font="normal"><LA Size="normal">Unterscheiden von Kostenarten-, Kostenstellen- und Kostenträgerrechnung sowie Durchführen von Kalkulationsverfahren.</LA></DD></DL></P><P>(3) Im Prüfungsbereich „Anwenden von Methoden der Information, Kommunikation und Planung“ soll die zu prüfende Person nachweisen, dass sie in der Lage ist, Projekte und Prozesse zu analysieren, zu planen und transparent zu machen. Dazu gehört, Daten aufbereiten, technische Unterlagen erstellen sowie entsprechende Planungstechniken einsetzen zu können. Weiterhin soll die Fähigkeit nachgewiesen werden, angemessene Präsentationstechniken anwenden zu können. In diesem Rahmen können folgende Qualifikationsinhalte geprüft werden: <DL Font="normal" Type="arabic"><DT>1.</DT><DD Font="normal"><LA Size="normal">Erfassen, Analysieren und Aufbereiten von Prozess- und Produktionsdaten mittels EDV-Systemen und Bewerten visualisierter Daten,</LA></DD><DT>2.</DT><DD Font="normal"><LA Size="normal">Bewerten von Planungstechniken und Analysemethoden sowie Bewerten ihrer Anwendungsmöglichkeiten,</LA></DD><DT>3.</DT><DD Font="normal"><LA Size="normal">Anwenden von Präsentationstechniken,</LA></DD><DT>4.</DT><DD Font="normal"><LA Size="normal">Erstellen von technischen Unterlagen, Entwürfen, Statistiken, Tabellen und Diagrammen,</LA></DD><DT>5.</DT><DD Font="normal"><LA Size="normal">Anwenden von Projektmanagementmethoden und</LA></DD><DT>6.</DT><DD Font="normal"><LA Size="normal">Auswählen und Anwenden von Informations- und Kommunikationsformen sowie von Informations- und Kommunikationsmitteln.</LA></DD></DL></P><P>(4) Im Prüfungsbereich „Zusammenarbeit im Betrieb“ soll die zu prüfende Person nachweisen, dass sie in der Lage ist, Zusammenhänge des Sozialverhaltens zu erkennen, ihre Auswirkungen auf die Zusammenarbeit zu beurteilen und durch angemessene Maßnahmen auf eine zielorientierte, effiziente und vertrauensvolle Zusammenarbeit hinzuwirken. Dazu gehört, die Leistungsbereitschaft der Mitarbeiter und Mitarbeiterinnen fördern sowie betriebliche Probleme und soziale Konflikte lösen zu können. Es soll ferner die Fähigkeit nachgewiesen werden, Führungsgrundsätze berücksichtigen und angemessene Führungstechniken anwenden zu können. In diesem Rahmen können folgende Qualifikationsinhalte geprüft werden: <DL Font="normal" Type="arabic"><DT>1.</DT><DD Font="normal"><LA Size="normal">Beurteilen und Fördern der beruflichen Entwicklung des Einzelnen unter Beachtung des bisherigen Berufsweges und unter Berücksichtigung persönlicher und sozialer Gegebenheiten,</LA></DD><DT>2.</DT><DD Font="normal"><LA Size="normal">Beurteilen und Berücksichtigen des Einflusses der Arbeitsorganisation und des Arbeitsplatzes auf das Sozialverhalten des Einzelnen und auf das Betriebsklima sowie Ergreifen von Maßnahmen zu deren Verbesserung,</LA></DD><DT>3.</DT><DD Font="normal"><LA Size="normal">Beurteilen von Einflüssen der Gruppenstruktur auf das Gruppenverhalten und auf die Zusammenarbeit sowie Entwickeln und Umsetzen von Alternativen,</LA></DD><DT>4.</DT><DD Font="normal"><LA Size="normal">Auseinandersetzen mit eigenem und fremdem Führungsverhalten, Umsetzen von Führungsgrundsätzen,</LA></DD><DT>5.</DT><DD Font="normal"><LA Size="normal">Anwenden von Führungsmethoden und -techniken einschließlich Vereinbaren entsprechender Handlungsspielräume, um Leistungsbereitschaft und Zusammenarbeit der Mitarbeiter und Mitarbeiterinnen zu fördern und</LA></DD><DT>6.</DT><DD Font="normal"><LA Size="normal">Fördern der Kommunikation und Kooperation durch Anwenden von Methoden zur Lösung betrieblicher Probleme und sozialer Konflikte.</LA></DD></DL></P><P>(5) Im Prüfungsbereich „Berücksichtigung naturwissenschaftlicher und technischer Gesetzmäßigkeiten“ soll die zu prüfende Person nachweisen, dass sie in der Lage ist, einschlägige naturwissenschaftliche und technische Gesetzmäßigkeiten zur Lösung technischer Probleme einzubeziehen sowie mathematische, physikalische, chemische und technische Kenntnisse und Fertigkeiten zur Lösung von Aufgaben aus der betrieblichen Praxis anzuwenden. In diesem Rahmen können folgende Qualifikationsinhalte geprüft werden: <DL Font="normal" Type="arabic"><DT>1.</DT><DD Font="normal"><LA Size="normal">Berücksichtigen der Auswirkungen naturwissenschaftlicher und technischer Gesetzmäßigkeiten auf Materialien, Maschinen und Prozesse sowie auf Mensch und Umwelt,</LA></DD><DT>2.</DT><DD Font="normal"><LA Size="normal">Verwenden unterschiedlicher Energieformen im Betrieb sowie Beachten der damit zusammenhängenden Auswirkungen auf Mensch und Umwelt,</LA></DD><DT>3.</DT><DD Font="normal"><LA Size="normal">Berechnen betriebs- und fertigungstechnischer Größen bei Belastungen und Bewegungen und</LA></DD><DT>4.</DT><DD Font="normal"><LA Size="normal">Anwenden von statistischen Verfahren und Durchführen von einfachen statistischen Berechnungen sowie die graphische Darstellung dieser Verfahren und Berechnungen.</LA></DD></DL></P></Content></text><fussnoten><Content><P>(+++ Zur Anwendung vgl. §§ 1 u. 3 FortbVenÄndV6AnwV +++)</P></Content></fussnoten></textdaten></norm>
<norm builddate="20200418212502" doknr="BJNR013900017BJNE000900000"><metadaten><jurabk>IMLebensmFPrV</jurabk><enbez>§ 7</enbez><titel format="XML">Prüfungsteil „Handlungsspezifische Qualifikationen“</titel></metadaten><textdaten><text format="XML"><Content><P>Der Prüfungsteil „Handlungsspezifische Qualifikationen“ umfasst die folgenden Handlungsbereiche und Qualifikationsschwerpunkte: <DL Type="arabic"><DT>1.</DT><DD Font="normal"><LA>Handlungsbereich „Technik“ mit den Qualifikationsschwerpunkten <DL Type="alpha"><DT>a)</DT><DD Font="normal"><LA>Lebensmitteltechnologie,</LA></DD><DT>b)</DT><DD Font="normal"><LA>Betriebstechnik und</LA></DD><DT>c)</DT><DD Font="normal"><LA>Warenmanagement,</LA></DD></DL></LA></DD><DT>2.</DT><DD Font="normal"><LA>Handlungsbereich „Organisation“ mit den Qualifikationsschwerpunkten <DL Type="alpha"><DT>a)</DT><DD Font="normal"><LA>betriebliches Kostenwesen,</LA></DD><DT>b)</DT><DD Font="normal"><LA>Planung, Steuerung und Kommunikation und</LA></DD><DT>c)</DT><DD Font="normal"><LA>Arbeits-, Umwelt- und Gesundheitsschutz sowie Lebensmittelsicherheit,</LA></DD></DL></LA></DD><DT>3.</DT><DD Font="normal"><LA>Handlungsbereich „Führung und Personal“ mit den Qualifikationsschwerpunkten <DL Type="alpha"><DT>a)</DT><DD Font="normal"><LA>Personalführung,</LA></DD><DT>b)</DT><DD Font="normal"><LA>Personalentwicklung und</LA></DD><DT>c)</DT><DD Font="normal"><LA>Qualitätsmanagement.</LA></DD></DL></LA></DD></DL></P></Content></text></textdaten></norm>
<norm builddate="20200418212502" doknr="BJNR013900017BJNE001000000"><metadaten><jurabk>IMLebensmFPrV</jurabk><enbez>§ 8</enbez><titel format="XML">Gliederung des Prüfungsteils</titel></metadaten><textdaten><text format="XML"><Content><P>Der Prüfungsteil besteht aus <DL Type="arabic"><DT>1.</DT><DD Font="normal"><LA>einem schriftlichen Teil nach den §§ 9 bis 11 und</LA></DD><DT>2.</DT><DD Font="normal"><LA>einem Fachgespräch nach § 12.</LA></DD></DL></P></Content></text></textdaten></norm>
<norm builddate="20200418212502" doknr="BJNR013900017BJNE001101128"><metadaten><jurabk>IMLebensmFPrV</jurabk><enbez>§ 9</enbez><titel format="XML">Situationsaufgaben im schriftlichen Teil, Bearbeitungsdauer</titel></metadaten><textdaten><text format="XML"><Content><P>(1) Im schriftlichen Teil wird je eine Situationsaufgabe zu den Handlungsbereichen „Technik“ (§ 10) und „Organisation“ (§ 11) gestellt. Die Situationsaufgaben sollen auch die fachrichtungsübergreifenden Basisqualifikationen nach § 5 berücksichtigen.</P><P>(2) Die Bearbeitungsdauer beträgt <DL Font="normal" Type="arabic"><DT>1.</DT><DD Font="normal"><LA Size="normal">für die Situationsaufgabe aus dem Handlungsbereich „Technik“ mindestens 270 Minuten und</LA></DD><DT>2.</DT><DD Font="normal"><LA Size="normal">für die Situationsaufgabe aus dem Handlungsbereich „Organisation“ mindestens 240 Minuten.</LA></DD></DL></P><P>(3) Für beide Situationsaufgaben sollen insgesamt nicht mehr als 10 Stunden veranschlagt werden.</P><P>(4) Wurde in höchstens einer schriftlichen Situationsaufgabe eine mangelhafte Prüfungsleistung erbracht, so ist für den Handlungsbereich dieser Situationsaufgabe eine mündliche Ergänzungsprüfung anzubieten. Bei einer oder mehreren ungenügenden Prüfungsleistungen ist eine Ergänzungsprüfung nicht möglich. Die Aufgabenstellung in der Ergänzungsprüfung soll anwendungsbezogen sein. Die Aufgabe muss aus dem Handlungsbereich stammen, in dem die mangelhafte Prüfungsleistung erbracht wurde. Die Ergänzungsprüfung soll für die zu prüfende Person nicht länger als 20 Minuten dauern. Die Bewertung der mündlichen Ergänzungsprüfung und die Bewertung der mangelhaften schriftlichen Prüfungsleistung werden zu einer Bewertung zusammengefasst. Dabei wird die Bewertung der schriftlichen Prüfungsleistung doppelt gewichtet.</P></Content></text><fussnoten><Content><P>(+++ Zur Anwendung vgl. §§ 1 u. 3 FortbVenÄndV6AnwV +++)</P></Content></fussnoten></textdaten></norm>
<norm builddate="20200418212502" doknr="BJNR013900017BJNE001201128"><metadaten><jurabk>IMLebensmFPrV</jurabk><enbez>§ 10</enbez><titel format="XML">Situationsaufgabe aus dem Handlungsbereich „Technik“</titel></metadaten><textdaten><text format="XML"><Content><P>(1) In der Situationsaufgabe aus dem Handlungsbereich „Technik“ soll mindestens einer der Qualifikationsschwerpunkte „Lebensmitteltechnologie“, „Betriebstechnik“ und „Warenmanagement“ den Kern bilden. Die in den Qualifikationsschwerpunkten zu prüfenden Qualifikationsinhalte richten sich nach den Absätzen 4 bis 6.</P><P>(2) Die Situationsaufgabe soll darüber hinaus Qualifikationsinhalte aus den Qualifikationsschwerpunkten der Handlungsbereiche „Organisation“ sowie „Führung und Personal“ integrativ berücksichtigen.</P><P>(3) In die Situationsaufgaben aus den Handlungsbereichen „Organisation“ sowie „Führung und Personal“ sollen diejenigen Qualifikationsinhalte aus den Qualifikationsschwerpunkten des Handlungsbereiches „Technik“ integriert werden, die nicht in der Situationsaufgabe nach Absatz 1 geprüft wurden.</P><P>(4) Im Qualifikationsschwerpunkt „Lebensmitteltechnologie“ soll die zu prüfende Person nachweisen, dass sie in der Lage ist, Herstellungsprozesse von Lebensmitteln zu planen, zu organisieren und zu steuern. Dazu gehört, Zusammenhänge und Optimierungsmöglichkeiten erkennen und entsprechende Maßnahmen einleiten zu können. In diesem Rahmen können folgende Qualifikationsinhalte geprüft werden: <DL Font="normal" Type="arabic"><DT>1.</DT><DD Font="normal"><LA Size="normal">Bewerten, Auswählen, Einsetzen und Optimieren von Fertigungstechnologien der Lebensmittelindustrie,</LA></DD><DT>2.</DT><DD Font="normal"><LA Size="normal">Bewerten, Auswählen, Einsetzen und Optimieren von Verpackungstechnologien und -materialien,</LA></DD><DT>3.</DT><DD Font="normal"><LA Size="normal">Durchführen von verfahrensspezifischen Berechnungen,</LA></DD><DT>4.</DT><DD Font="normal"><LA Size="normal">Steuern von biochemischen und chemischen Prozessen und</LA></DD><DT>5.</DT><DD Font="normal"><LA Size="normal">Umsetzen von Produktentwicklungen vom Labor- in den Produktionsmaßstab unter Berücksichtigung von Wirtschaftlichkeit, Spezifikationen, Rohstoffen, Rezepturen und Arbeitsabläufen sowie Prüfen, Bewerten und Dokumentieren von Produktionsversuchen, Produkten und Prozessen.</LA></DD></DL></P><P>(5) Im Qualifikationsschwerpunkt „Betriebstechnik“ soll die zu prüfende Person nachweisen, dass sie in der Lage ist, Anlagen, Maschinen und Einrichtungen funktionsgerecht und ressourceneffizient unter Berücksichtigung der Auswirkungen auf Mensch und Umwelt einzusetzen und dass er oder sie in der Lage ist, die Instandhaltung von Anlagen, Maschinen und Einrichtungen zu planen, zu organisieren und zu steuern. Weiterhin soll die Fähigkeit nachgewiesen werden, Störungsanalysen durchführen und entsprechende Maßnahmen einleiten zu können. In diesem Rahmen können folgende Qualifikationsinhalte geprüft werden: <DL Font="normal" Type="arabic"><DT>1.</DT><DD Font="normal"><LA Size="normal">Analysieren von Prozessen auf der Basis von verfahrenstechnischen Grundoperationen,</LA></DD><DT>2.</DT><DD Font="normal"><LA Size="normal">Vermeiden, Erkennen und Beheben von Störungen,</LA></DD><DT>3.</DT><DD Font="normal"><LA Size="normal">Anwenden und Überwachen von Mess-, Steuer- und Regelungseinrichtungen,</LA></DD><DT>4.</DT><DD Font="normal"><LA Size="normal">Mitwirken bei der Sicherstellung einer effizienten Energienutzung und</LA></DD><DT>5.</DT><DD Font="normal"><LA Size="normal">Mitwirken bei der Auswahl und beim Funktionserhalt von Fertigungsmaschinen und -anlagen sowie von Transport- und Fördermitteln.</LA></DD></DL></P><P>(6) Im Qualifikationsschwerpunkt „Warenmanagement“ soll die zu prüfende Person nachweisen, dass sie in der Lage ist, die prozess- und produktgerechte Verwendung von Roh-, Zusatz- und Hilfsstoffen, von Betriebsstoffen sowie von Verpackungsmaterialien sicherzustellen. Weiterhin soll die Fähigkeit nachgewiesen werden, die Lagerung und den Transport von Produkten spezifikationsgerecht gewährleisten zu können. In diesem Rahmen können folgende Qualifikationsinhalte geprüft werden: <DL Font="normal" Type="arabic"><DT>1.</DT><DD Font="normal"><LA Size="normal">Mitwirken bei der Erstellung von Spezifikationen,</LA></DD><DT>2.</DT><DD Font="normal"><LA Size="normal">Mitwirken bei der Beschaffung von Roh-, Zusatz- und Hilfsstoffen sowie von Betriebsstoffen,</LA></DD><DT>3.</DT><DD Font="normal"><LA Size="normal">Mitwirken bei der Festlegung von Verfahren sowie Veranlassen der Eingangskontrolle, Auswerten der Ergebnisse und Ableiten von Konsequenzen,</LA></DD><DT>4.</DT><DD Font="normal"><LA Size="normal">Festlegen der Lager- und Transportbedingungen von Roh-, Zusatz- und Hilfsstoffen, von Halb- und Fertigprodukten und von Betriebsstoffen und Verpackungsmaterialien sowie Sicherstellen der Einhaltung dieser Bedingungen,</LA></DD><DT>5.</DT><DD Font="normal"><LA Size="normal">Festlegen des Einsatzes von Roh-, Zusatz- und Hilfsstoffen vor und während der Fertigung sowie Beurteilen von Auswirkungen auf den Fertigungsprozess beim Einsatz von neuen Rohwaren und Technologien und</LA></DD><DT>6.</DT><DD Font="normal"><LA Size="normal">Einschätzen von Alternativen bei Rohstoffmangel und Entscheiden über deren Einsatz sowie über Prozessanpassungen.</LA></DD></DL></P></Content></text><fussnoten><Content><P>(+++ Zur Anwendung vgl. §§ 1 u. 3 FortbVenÄndV6AnwV +++)</P></Content></fussnoten></textdaten></norm>
<norm builddate="20200418212502" doknr="BJNR013900017BJNE001301128"><metadaten><jurabk>IMLebensmFPrV</jurabk><enbez>§ 11</enbez><titel format="XML">Situationsaufgabe aus dem Handlungsbereich „Organisation“</titel></metadaten><textdaten><text format="XML"><Content><P>(1) In der Situationsaufgabe aus dem Handlungsbereich „Organisation“ soll mindestens einer der Qualifikationsschwerpunkte „Betriebliches Kostenwesen“, „Planung, Steuerung und Kommunikation“ und „Arbeits-, Umwelt- und Gesundheitsschutz sowie Lebensmittelsicherheit“ den Kern bilden. Die in den Qualifikationsschwerpunkten zu prüfenden Qualifikationsinhalte richten sich nach den Absätzen 3 bis 5.</P><P>(2) Die Situationsaufgabe soll darüber hinaus Qualifikationsinhalte aus den Qualifikationsschwerpunkten des Handlungsbereichs „Technik“ sowie Qualifikationsinhalte aus den Qualifikationsschwerpunkten des Handlungsbereichs „Führung und Personal“ integrativ berücksichtigen.</P><P>(3) Im Qualifikationsschwerpunkt „Betriebliches Kostenwesen“ soll die zu prüfende Person nachweisen, dass sie in der Lage ist, betriebswirtschaftliche Zusammenhänge und kostenrelevante Einflussfaktoren zu erfassen und zu beurteilen. Dazu gehört, Möglichkeiten der Kostenbeeinflussung aufzeigen und Maßnahmen zum kostenbewussten Handeln planen, organisieren, einleiten und überwachen zu können. Ferner soll die Fähigkeit nachgewiesen werden, Kalkulationsverfahren und Methoden der Zeitwirtschaft anwenden und organisatorische sowie personelle Maßnahmen auch in ihrer Bedeutung als Kostenfaktoren beurteilen und berücksichtigen zu können. In diesem Rahmen können folgende Qualifikationsinhalte geprüft werden: <DL Font="normal" Type="arabic"><DT>1.</DT><DD Font="normal"><LA Size="normal">Planen, Erfassen, Analysieren und Bewerten der Kosten nach vorgegebenen Plandaten,</LA></DD><DT>2.</DT><DD Font="normal"><LA Size="normal">Überwachen und Einhalten des zugeteilten Budgets,</LA></DD><DT>3.</DT><DD Font="normal"><LA Size="normal">Beeinflussen der Kosten, insbesondere unter Berücksichtigung alternativer Fertigungskonzepte und bedarfsgerechter Lagerwirtschaft,</LA></DD><DT>4.</DT><DD Font="normal"><LA Size="normal">Fördern des kostenbewussten Handelns der Mitarbeiter und Mitarbeiterinnen bei unterschiedlichen Formen der Arbeitsorganisation,</LA></DD><DT>5.</DT><DD Font="normal"><LA Size="normal">Erstellen und Auswerten der Betriebsabrechnung durch die Kostenarten-, Kostenstellen- und Kostenträgerrechnung,</LA></DD><DT>6.</DT><DD Font="normal"><LA Size="normal">Anwenden von Kalkulationsverfahren einschließlich der Deckungsbeitragsrechnung und</LA></DD><DT>7.</DT><DD Font="normal"><LA Size="normal">Anwenden von Methoden der Zeitwirtschaft.</LA></DD></DL></P><P>(4) Im Qualifikationsschwerpunkt „Planung, Steuerung und Kommunikation“ soll die zu prüfende Person nachweisen, dass sie in der Lage ist, die Bedeutung von Planungs-, Steuerungs- und Kommunikationssystemen zu erkennen und anforderungsgerecht auszuwählen sowie entsprechende Systeme zur Überwachung von Planungszielen und Prozessen anzuwenden. Weiterhin soll die Fähigkeit nachgewiesen werden, Methoden der Kommunikation im Betrieb anwenden zu können. In diesem Rahmen können folgende Qualifikationsinhalte geprüft werden: <DL Font="normal" Type="arabic"><DT>1.</DT><DD Font="normal"><LA Size="normal">Optimieren von Aufbau- und Ablaufstrukturen von Planungs-, Steuerungs- und Kommunikationssystemen sowie Aktualisieren der Stammdaten für diese Systeme,</LA></DD><DT>2.</DT><DD Font="normal"><LA Size="normal">Erstellen, Anpassen und Umsetzen von Produktions-, Mengen-, Termin-, Kapazitäts- und Personaleinsatzplanungen,</LA></DD><DT>3.</DT><DD Font="normal"><LA Size="normal">Anwenden der Systeme für die Arbeitsablaufplanung, die Materialflussgestaltung, die Produktionsprogrammplanung und die Auftragsdisposition einschließlich der dazugehörigen Zeit- und Datenermittlung,</LA></DD><DT>4.</DT><DD Font="normal"><LA Size="normal">Anwenden von Informations- und Kommunikationssystemen,</LA></DD><DT>5.</DT><DD Font="normal"><LA Size="normal">Anwenden von Logistiksystemen, insbesondere im Rahmen der Produkt- und Materialdisposition und</LA></DD><DT>6.</DT><DD Font="normal"><LA Size="normal">Durchführen von zielgruppen- und situationsgerechter Kommunikation mit Kunden und Lieferanten sowie mit Behörden und Institutionen.</LA></DD></DL></P><P>(5) Im Qualifikationsschwerpunkt „Arbeits-, Umwelt- und Gesundheitsschutz sowie Lebensmittelsicherheit“ soll die zu prüfende Person nachweisen, dass sie in der Lage ist, einschlägige Gesetze, Vorschriften und Bestimmungen in ihrer Bedeutung zu erkennen und ihre Einhaltung sicherzustellen. Die zu prüfende Person soll auch nachweisen, in der Lage zu sein, Gefahren vorbeugen und Störungen erkennen und analysieren zu können sowie Maßnahmen zur Vermeidung von Gefahren und zur Beseitigung von Störungen einleiten zu können. Weiterhin soll die Fähigkeit nachgewiesen werden, sicherstellen zu können, dass sich die Mitarbeiter und Mitarbeiterinnen arbeits-, umwelt-, gesundheits- und verbraucherschutzbewusst verhalten und entsprechend handeln können. In diesem Rahmen können folgende Qualifikationsinhalte geprüft werden: <DL Font="normal" Type="arabic"><DT>1.</DT><DD Font="normal"><LA Size="normal">Überprüfen und Gewährleisten der Arbeitssicherheit, des Umwelt- und des Gesundheitsschutzes im Betrieb,</LA></DD><DT>2.</DT><DD Font="normal"><LA Size="normal">Überprüfen und Gewährleisten der Lebensmittelsicherheit und des Verbraucherschutzes,</LA></DD><DT>3.</DT><DD Font="normal"><LA Size="normal">Fördern der Bereitschaft der Mitarbeiter und Mitarbeiterinnen zur Gewährleistung der Arbeitssicherheit und des betrieblichen Umwelt- und Gesundheitsschutzes sowie der Lebensmittelsicherheit,</LA></DD><DT>4.</DT><DD Font="normal"><LA Size="normal">Planen und Durchführen von Unterweisungen in Arbeitssicherheit, in Umwelt- und Gesundheitsschutz sowie in Lebensmittelsicherheit,</LA></DD><DT>5.</DT><DD Font="normal"><LA Size="normal">Überwachen der Lagerung, Verwendung und Entsorgung von umweltbelastenden und gesundheitsgefährdenden Betriebsmitteln, Einrichtungen, Werk- und Hilfsstoffen,</LA></DD><DT>6.</DT><DD Font="normal"><LA Size="normal">Planen, Vorschlagen, Einleiten und Überprüfen von Maßnahmen zur Verbesserung der Arbeitssicherheit sowie zur Reduzierung und Vermeidung von Unfällen und von Umwelt- und Gesundheitsbelastungen und</LA></DD><DT>7.</DT><DD Font="normal"><LA Size="normal">Planen, Vorschlagen, Einleiten und Überprüfen von Maßnahmen zur Verbesserung der Vorgaben zur Lebensmittelsicherheit.</LA></DD></DL></P></Content></text><fussnoten><Content><P>(+++ Zur Anwendung vgl. §§ 1 u. 3 FortbVenÄndV6AnwV +++)</P></Content></fussnoten></textdaten></norm>
<norm builddate="20200418212502" doknr="BJNR013900017BJNE001401128"><metadaten><jurabk>IMLebensmFPrV</jurabk><enbez>§ 12</enbez><titel format="XML">Fachgespräch</titel></metadaten><textdaten><text format="XML"><Content><P>(1) Im Fachgespräch wird eine Situationsaufgabe aus dem Handlungsbereich „Führung und Personal“ gestellt. Die zu prüfende Person soll nachweisen, dass sie in der Lage ist, betriebliche Aufgabenstellungen zu analysieren, zu strukturieren und einer begründeten Lösung zuzuführen. Die Lösungsvorschläge sollen in einer Präsentation erläutert werden.</P><P>(2) Das Fachgespräch soll für die zu prüfende Person mindestens 30 Minuten und höchstens 45 Minuten dauern; davon soll die Präsentation mindestens 10 Minuten und höchstens 15 Minuten dauern. Die Vorbereitungszeit beträgt höchstens 45 Minuten.</P><P>(3) In der Situationsaufgabe soll mindestens einer der Qualifikationsschwerpunkte „Personalführung“, „Personalentwicklung“ und „Qualitätsmanagement“ den Kern bilden. Die in den Qualifikationsschwerpunkten zu prüfenden Qualifikationsinhalte richten sich nach den Absätzen 5 bis 7.</P><P>(4) Die Situationsaufgabe soll darüber hinaus diejenigen Qualifikationsinhalte des Handlungsbereichs „Technik“ und des Handlungsbereichs „Organisation“ integrativ berücksichtigen, die nicht schriftlich geprüft wurden. Die Situationsaufgabe soll auch die fachrichtungsübergreifenden Basisqualifikationen nach § 5 berücksichtigen.</P><P>(5) Im Qualifikationsschwerpunkt „Personalführung“ soll die zu prüfende Person nachweisen, dass sie in der Lage ist, den Personalbedarf zu ermitteln und den Personaleinsatz entsprechend den Anforderungen sicherzustellen. Dazu gehört, die Mitarbeiter und Mitarbeiterinnen zielgerichtet durch die Anwendung geeigneter Methoden zu verantwortlichem Handeln hinführen zu können. In diesem Rahmen können folgende Qualifikationsinhalte geprüft werden: <DL Font="normal" Type="arabic"><DT>1.</DT><DD Font="normal"><LA Size="normal">Ermitteln und Bestimmen des qualitativen und quantitativen Personalbedarfs unter Berücksichtigung technischer und organisatorischer Veränderungen,</LA></DD><DT>2.</DT><DD Font="normal"><LA Size="normal">Auswählen und Einsetzen der Mitarbeiter und Mitarbeiterinnen unter Berücksichtigung ihrer persönlichen Daten, ihrer Eignung und ihrer Interessen sowie der betrieblichen Anforderungen,</LA></DD><DT>3.</DT><DD Font="normal"><LA Size="normal">Erstellen und Umsetzen von Einarbeitungsplänen,</LA></DD><DT>4.</DT><DD Font="normal"><LA Size="normal">Erstellen von Anforderungsprofilen, Stellenplanungen und -beschreibungen sowie von Funktionsbeschreibungen,</LA></DD><DT>5.</DT><DD Font="normal"><LA Size="normal">Delegieren von Aufgaben und der damit verbundenen Verantwortung,</LA></DD><DT>6.</DT><DD Font="normal"><LA Size="normal">Fördern der Kommunikations- und Kooperationsbereitschaft,</LA></DD><DT>7.</DT><DD Font="normal"><LA Size="normal">Anwenden von Führungsmethoden und -mitteln zur Bewältigung betrieblicher Aufgaben und zum Lösen von Problemen und Konflikten,</LA></DD><DT>8.</DT><DD Font="normal"><LA Size="normal">Beteiligen der Mitarbeiter und Mitarbeiterinnen am kontinuierlichen Verbesserungsprozess und</LA></DD><DT>9.</DT><DD Font="normal"><LA Size="normal">Einrichten, Moderieren und Steuern von Arbeits- und Projektgruppen.</LA></DD></DL></P><P>(6) Im Qualifikationsschwerpunkt „Personalentwicklung“ soll die zu prüfende Person nachweisen, dass sie in der Lage ist, auf der Grundlage einer qualitativen und quantitativen Personalplanung eine systematische Personalentwicklung durchführen zu können. Dazu gehören die Fähigkeiten, Personalentwicklungspotenziale einschätzen und Personalentwicklungs- und Qualifizierungsziele festlegen zu können. Weiterhin soll die Fähigkeit nachgewiesen werden, entsprechende Maßnahmen planen, realisieren, hinsichtlich ihrer Ergebnisse überprüfen und die Umsetzung im Betrieb fördern zu können. In diesem Rahmen können folgende Qualifikationsinhalte geprüft werden: <DL Font="normal" Type="arabic"><DT>1.</DT><DD Font="normal"><LA Size="normal">Ermitteln des quantitativen und des qualitativen Personalentwicklungsbedarfs,</LA></DD><DT>2.</DT><DD Font="normal"><LA Size="normal">Festlegen von Personalentwicklungszielen,</LA></DD><DT>3.</DT><DD Font="normal"><LA Size="normal">Durchführen von Potenzialeinschätzungen nach vorgegebenen Kriterien,</LA></DD><DT>4.</DT><DD Font="normal"><LA Size="normal">Planen, Durchführen und Veranlassen von Maßnahmen der Personalentwicklung unter Berücksichtigung des betrieblichen Bedarfs und der Mitarbeiterinteressen,</LA></DD><DT>5.</DT><DD Font="normal"><LA Size="normal">Überprüfen der Ergebnisse aus Maßnahmen der Personalentwicklung und</LA></DD><DT>6.</DT><DD Font="normal"><LA Size="normal">Beraten, Fördern und Unterstützen von Mitarbeitern und Mitarbeiterinnen hinsichtlich ihrer beruflichen Entwicklung.</LA></DD></DL></P><P>(7) Im Qualifikationsschwerpunkt „Qualitätsmanagement“ soll die zu prüfende Person nachweisen, dass sie in der Lage ist, die Qualitätsziele durch Anwendung entsprechender Methoden und durch Förderung des qualitätsbewussten Handelns der Mitarbeiter und Mitarbeiterinnen erreichen und sichern zu können. Dazu gehören die Fähigkeiten, bei der Realisierung eines Qualitätsmanagementsystems mitwirken und zu dessen Verbesserung und Weiterentwicklung beitragen zu können. In diesem Rahmen können folgende Qualifikationsinhalte geprüft werden: <DL Font="normal" Type="arabic"><DT>1.</DT><DD Font="normal"><LA Size="normal">Berücksichtigen des Einflusses von Qualitätsmanagementsystemen auf Unternehmen,</LA></DD><DT>2.</DT><DD Font="normal"><LA Size="normal">Beschreiben betrieblicher Prozesse und Definieren von Anforderungen im Rahmen des Qualitätsmanagements,</LA></DD><DT>3.</DT><DD Font="normal"><LA Size="normal">Fördern des qualitätsbewussten Handelns der Mitarbeiter und Mitarbeiterinnen,</LA></DD><DT>4.</DT><DD Font="normal"><LA Size="normal">Anwenden von Methoden zur Sicherung und kontinuierlichen Verbesserung der Qualität,</LA></DD><DT>5.</DT><DD Font="normal"><LA Size="normal">Umsetzen der Qualitätsziele und der Kundenvorgaben und</LA></DD><DT>6.</DT><DD Font="normal"><LA Size="normal">Vor- und Nachbereiten sowie Begleiten von Audits.</LA></DD></DL></P></Content></text><fussnoten><Content><P>(+++ Zur Anwendung vgl. §§ 1 u. 3 FortbVenÄndV6AnwV +++)</P></Content></fussnoten></textdaten></norm>
<norm builddate="20200418212502" doknr="BJNR013900017BJNE001501128"><metadaten><jurabk>IMLebensmFPrV</jurabk><enbez>§ 13</enbez><titel format="XML">Befreiung von einzelnen Prüfungsbestandteilen</titel></metadaten><textdaten><text format="XML"><Content><P>Wird die zu prüfende Person nach § 56 Absatz 2 des Berufsbildungsgesetzes von der Ablegung einzelner Prüfungsbestandteile befreit, bleiben diese Prüfungsbestandteile für die Anwendung der §§ 14 und 15 außer Betracht. Für die übrigen Prüfungsbestandteile erhöhen sich die Anteile nach § 14 Absatz 2 Satz 2 oder § 15 Absatz 4 Satz 1 entsprechend ihrem Verhältnis zueinander. Allein diese Prüfungsbestandteile sind den Entscheidungen des Prüfungsausschusses zugrunde zu legen.</P></Content></text><fussnoten><Content><P>(+++ Zur Anwendung vgl. §§ 1 u. 3 FortbVenÄndV6AnwV +++)</P></Content></fussnoten></textdaten></norm>
<norm builddate="20200418212502" doknr="BJNR013900017BJNE001601128"><metadaten><jurabk>IMLebensmFPrV</jurabk><enbez>§ 14</enbez><titel format="XML">Bewerten der Prüfungsleistungen</titel></metadaten><textdaten><text format="XML"><Content><P>(1) Jede Prüfungsleistung ist nach Maßgabe der Anlage 1 mit Punkten zu bewerten.</P><P>(2) Im Prüfungsteil „Fachrichtungsübergreifende Basisqualifikationen“ sind die Prüfungsleistungen für jeden Prüfungsbereich einzeln zu bewerten. Aus den einzelnen Bewertungen ist als Bewertung für den Prüfungsteil das arithmetische Mittel zu berechnen.</P><P>(3) Im Prüfungsteil „Handlungsspezifische Qualifikationen“ sind als Prüfungsleistungen zu bewerten: <DL Font="normal" Type="arabic"><DT>1.</DT><DD Font="normal"><LA Size="normal">im schriftlichen Teil <DL Font="normal" Type="alpha"><DT>a)</DT><DD Font="normal"><LA Size="normal">die Situationsaufgabe nach § 10 und</LA></DD><DT>b)</DT><DD Font="normal"><LA Size="normal">die Situationsaufgabe nach § 11 und</LA></DD></DL></LA></DD><DT>2.</DT><DD Font="normal"><LA Size="normal">das Fachgespräch nach § 12.</LA></DD></DL></P></Content></text><fussnoten><Content><P>(+++ Zur Anwendung vgl. §§ 1 u. 3 FortbVenÄndV6AnwV +++)</P></Content></fussnoten></textdaten></norm>
<norm builddate="20200418212502" doknr="BJNR013900017BJNE001701128"><metadaten><jurabk>IMLebensmFPrV</jurabk><enbez>§ 15</enbez><titel format="XML">Bestehen der Prüfung, Gesamtnote</titel></metadaten><textdaten><text format="XML"><Content><P>(1) Die Prüfung ist bestanden, wenn ohne Rundung in den folgenden Prüfungsleistungen jeweils mindestens 50 Punkte erreicht worden sind: <DL Font="normal" Type="arabic"><DT>1.</DT><DD Font="normal"><LA Size="normal">im Prüfungsteil „Fachrichtungsübergreifende Basisqualifikationen“ in jedem Prüfungsbereich und</LA></DD><DT>2.</DT><DD Font="normal"><LA Size="normal">im Prüfungsteil „Handlungsspezifische Qualifikationen“ <DL Font="normal" Type="alpha"><DT>a)</DT><DD Font="normal"><LA Size="normal">im schriftlichen Teil <DL Font="normal" Type="a-alpha"><DT>aa)</DT><DD Font="normal"><LA Size="normal">in der Situationsaufgabe nach § 10 und</LA></DD><DT>bb)</DT><DD Font="normal"><LA Size="normal">in der Situationsaufgabe nach § 11 und</LA></DD></DL></LA></DD><DT>b)</DT><DD Font="normal"><LA Size="normal">im Fachgespräch nach § 12.</LA></DD></DL></LA></DD></DL></P><P>(2) Ist die Prüfung bestanden, so wird die Bewertung für den Prüfungsteil „Fachrichtungsübergreifende Basisqualifikationen“ und die Bewertung der Situationsaufgabe, in der eine mündliche Ergänzungsprüfung durchgeführt wurde, kaufmännisch auf eine ganze Zahl gerundet.</P><P>(3) Den Bewertungen für den Prüfungsteil „Fachrichtungsübergreifende Basisqualifikationen“, für jede der Situationsaufgaben und für das Fachgespräch ist nach der Anlage 1 die jeweilige Note als Dezimalzahl zuzuordnen.</P><P>(4) Für die Bildung einer Gesamtnote ist aus den einzelnen Bewertungen für den Prüfungsteil „Fachrichtungsübergreifende Basisqualifikationen“, der Situationsaufgabe nach § 10, der Situationsaufgabe nach § 11 sowie für das Fachgespräch nach § 12 das arithmetische Mittel zu berechnen. Die Gesamtpunktzahl ist kaufmännisch auf eine ganze Zahl zu runden. Der gerundeten Gesamtpunktzahl wird nach der Anlage 1 eine Note als Dezimalzahl und die Note in Worten zugeordnet. Die zugeordnete Note ist die Gesamtnote.</P></Content></text><fussnoten><Content><P>(+++ Zur Anwendung vgl. §§ 1 u. 3 FortbVenÄndV6AnwV +++)</P></Content></fussnoten></textdaten></norm>
<norm builddate="20200418212502" doknr="BJNR013900017BJNE001801128"><metadaten><jurabk>IMLebensmFPrV</jurabk><enbez>§ 16</enbez><titel format="XML">Zeugnisse</titel></metadaten><textdaten><text format="XML"><Content><P>(1) Wer die Prüfung nach § 15 Absatz 1 bestanden hat, erhält von der zuständigen Stelle zwei Zeugnisse nach der Anlage 2 Teil A und B.</P><P>(2) Auf dem Zeugnis mit den Inhalten nach der Anlage 2 Teil B sind die Noten als Dezimalzahlen mit einer Nachkommastelle und die Gesamtnote als Dezimalzahl mit einer Nachkommastelle und in Worten anzugeben. Jede Befreiung nach § 13 ist mit Ort, Datum und Bezeichnung des Prüfungsgremiums der anderen vergleichbaren Prüfung anzugeben.</P><P>(3) Die Zeugnisse können zusätzliche nicht amtliche Bemerkungen zur Information (Bemerkungen) enthalten, insbesondere <DL Font="normal" Type="arabic"><DT>1.</DT><DD Font="normal"><LA Size="normal">über den erworbenen Abschluss oder</LA></DD><DT>2.</DT><DD Font="normal"><LA Size="normal">auf Antrag der geprüften Person über während oder anlässlich der Fortbildung erworbene besondere oder zusätzliche Fertigkeiten, Kenntnisse und Fähigkeiten.</LA></DD></DL></P></Content></text><fussnoten><Content><P>(+++ Zur Anwendung vgl. §§ 1 u. 3 FortbVenÄndV6AnwV +++)</P></Content></fussnoten></textdaten></norm>
<norm builddate="20200418212502" doknr="BJNR013900017BJNE001901128"><metadaten><jurabk>IMLebensmFPrV</jurabk><enbez>§ 17</enbez><titel format="XML">Wiederholung der Prüfung</titel></metadaten><textdaten><text format="XML"><Content><P>(1) Ist die Prüfung nicht bestanden, kann sie zweimal wiederholt werden. Ist ein Prüfungsteil nicht bestanden, kann er zweimal wiederholt werden.</P><P>(2) Die zu prüfende Person hat die Wiederholungsprüfung bei der zuständigen Stelle zu beantragen.</P><P>(3) Wer die Wiederholung einer Prüfung innerhalb von zwei Jahren, gerechnet vom Tag der nicht bestandenen Prüfung an, beantragt, ist von denjenigen Prüfungsbestandteilen zu befreien, die mit mindestens „ausreichend“ bewertet wurden.</P><P>(4) Auf Antrag können im Fall der Wiederholung einer nicht bestandenen Prüfung auch bereits bestandene Prüfungsbestandteile wiederholt werden. In diesem Fall gilt nur das Ergebnis der letzten Prüfung.</P></Content></text><fussnoten><Content><P>(+++ Zur Anwendung vgl. §§ 1 u. 3 FortbVenÄndV6AnwV +++) <BR/>(+++ § 17 Abs. 4: zur Anwendung vgl. § 18 Abs. 2 +++)</P></Content></fussnoten></textdaten></norm>
<norm builddate="20200418212502" doknr="BJNR013900017BJNE002000000"><metadaten><jurabk>IMLebensmFPrV</jurabk><enbez>§ 18</enbez><titel format="XML">Übergangsvorschriften</titel></metadaten><textdaten><text format="XML"><Content><P>(1) Vor Ablauf des 30. Juni 2017 angemeldete Prüfungen zum anerkannten Abschluss „Geprüfter Industriemeister – Fachrichtung Lebensmittel“ und „Geprüfte Industriemeisterin – Fachrichtung Lebensmittel“ werden nach der Verordnung über die Prüfung zum anerkannten Abschluss Geprüfter Industriemeister/Geprüfte Industriemeisterin – Fachrichtung Lebensmittel vom 21. August 1985 (BGBl. I S. 1695), die zuletzt durch Artikel 29 der Verordnung vom 26. März 2014 (BGBl. I S. 274) geändert worden ist, bis zum 31. Dezember 2020 nach den bisherigen Vorschriften zu Ende geführt.</P><P>(2) Die Wiederholungsprüfung kann auf Antrag des Prüfungsteilnehmers oder der Prüfungsteilnehmerin auch nach dieser Verordnung durchgeführt werden; § 17 Absatz 4 ist in diesem Fall nicht anzuwenden.</P></Content></text></textdaten></norm>
<norm builddate="20200418212502" doknr="BJNR013900017BJNE002100000"><metadaten><jurabk>IMLebensmFPrV</jurabk><enbez>§ 19</enbez><titel format="XML">Inkrafttreten, Außerkrafttreten</titel></metadaten><textdaten><text format="XML"><Content><P>Diese Verordnung tritt am 1. Juli 2017 in Kraft. Gleichzeitig tritt die Verordnung über die Prüfung zum anerkannten Abschluss Geprüfter Industriemeister/Geprüfte Industriemeisterin – Fachrichtung Lebensmittel vom 21. August 1985 (BGBl. I S. 1695), die zuletzt durch Artikel 29 der Verordnung vom 26. März 2014 (BGBl. I S. 274) geändert worden ist, außer Kraft.</P></Content></text></textdaten></norm>
<norm builddate="20200418212502" doknr="BJNR013900017BJNE002200128"><metadaten><jurabk>IMLebensmFPrV</jurabk><enbez>Anlage 1</enbez><titel format="XML">(zu den §§ 14 und 15)<BR/>Bewertungsmaßstab und -schlüssel</titel></metadaten><textdaten><text format="XML"><Content><P><noindex><kommentar typ="Fundstelle">(Fundstelle: BGBl. I 2019, 2425 – 2426)</kommentar></noindex><BR/><BR/></P><table colsep="1" frame="all" pgwide="1" rowsep="1" tabstyle="Bewertung" tocentry="%yes;"><tgroup align="left" char="" charoff="50" cols="4"><colspec align="center" colname="col1" colnum="1" colwidth="26*"/><colspec align="center" colname="col2" colnum="2" colwidth="26*"/><colspec align="center" colname="col3" colnum="3" colwidth="33*"/><colspec align="justify" colname="col4" colnum="4" colwidth="74*"/><thead valign="bottom"><row><entry VJ="1" colname="col1" valign="middle">Punkte</entry><entry VJ="1" colname="col2" valign="middle">Note<BR/>als Dezimalzahl</entry><entry VJ="1" colname="col3" valign="middle">Note<BR/> in Worten</entry><entry VJ="1" align="center" colname="col4" valign="middle">Definition</entry></row></thead><tbody valign="top"><row><entry VJ="1" colname="col1" valign="middle">100</entry><entry VJ="1" colname="col2" valign="middle">1,0</entry><entry VJ="1" colname="col3" morerows="4" valign="middle">sehr gut</entry><entry VJ="1" colname="col4" morerows="4" valign="middle">eine Leistung, die den Anforderungen in besonderem Maß entspricht</entry></row><row><entry VJ="1" colname="col1" valign="middle">98 und 99</entry><entry VJ="1" colname="col2" valign="middle">1,1</entry></row><row><entry VJ="1" colname="col1" valign="middle">96 und 97</entry><entry VJ="1" colname="col2" valign="middle">1,2</entry></row><row><entry VJ="1" colname="col1" valign="middle">94 und 95</entry><entry VJ="1" colname="col2" valign="middle">1,3</entry></row><row><entry VJ="1" colname="col1" valign="middle">92 und 93</entry><entry VJ="1" colname="col2" valign="middle">1,4</entry></row><row><entry VJ="1" colname="col1" valign="middle">91</entry><entry VJ="1" colname="col2" valign="middle">1,5</entry><entry VJ="1" colname="col3" morerows="9" valign="middle">gut</entry><entry VJ="1" colname="col4" morerows="9" valign="middle">eine Leistung, die den Anforderungen voll entspricht</entry></row><row><entry VJ="1" colname="col1" valign="middle">90</entry><entry VJ="1" colname="col2" valign="middle">1,6</entry></row><row><entry VJ="1" colname="col1" valign="middle">89</entry><entry VJ="1" colname="col2" valign="middle">1,7</entry></row><row><entry VJ="1" colname="col1" valign="middle">88</entry><entry VJ="1" colname="col2" valign="middle">1,8</entry></row><row><entry VJ="1" colname="col1" valign="middle">87</entry><entry VJ="1" colname="col2" valign="middle">1,9</entry></row><row><entry VJ="1" colname="col1" valign="middle">85 und 86</entry><entry VJ="1" colname="col2" valign="middle">2,0</entry></row><row><entry VJ="1" colname="col1" valign="middle">84</entry><entry VJ="1" colname="col2" valign="middle">2,1</entry></row><row><entry VJ="1" colname="col1" valign="middle">83</entry><entry VJ="1" colname="col2" valign="middle">2,2</entry></row><row><entry VJ="1" colname="col1" valign="middle">82</entry><entry VJ="1" colname="col2" valign="middle">2,3</entry></row><row><entry VJ="1" colname="col1" valign="middle">81</entry><entry VJ="1" colname="col2" valign="middle">2,4</entry></row><row><entry VJ="1" colname="col1" valign="middle">79 und 80</entry><entry VJ="1" colname="col2" valign="middle">2,5</entry><entry VJ="1" colname="col3" morerows="9" valign="middle">befriedigend</entry><entry VJ="1" colname="col4" morerows="9" valign="middle">eine Leistung, die den Anforderungen im Allgemeinen entspricht</entry></row><row><entry VJ="1" colname="col1" valign="middle">78</entry><entry VJ="1" colname="col2" valign="middle">2,6</entry></row><row><entry VJ="1" colname="col1" valign="middle">77</entry><entry VJ="1" colname="col2" valign="middle">2,7</entry></row><row><entry VJ="1" colname="col1" valign="middle">75 und 76</entry><entry VJ="1" colname="col2" valign="middle">2,8</entry></row><row><entry VJ="1" colname="col1" valign="middle">74</entry><entry VJ="1" colname="col2" valign="middle">2,9</entry></row><row><entry VJ="1" colname="col1" valign="middle">72 und 73</entry><entry VJ="1" colname="col2" valign="middle">3,0</entry></row><row><entry VJ="1" colname="col1" valign="middle">71</entry><entry VJ="1" colname="col2" valign="middle">3,1</entry></row><row><entry VJ="1" colname="col1" valign="middle">70</entry><entry VJ="1" colname="col2" valign="middle">3,2</entry></row><row><entry VJ="1" colname="col1" valign="middle">68 und 69</entry><entry VJ="1" colname="col2" valign="middle">3,3</entry></row><row><entry VJ="1" colname="col1" valign="middle">67</entry><entry VJ="1" colname="col2" valign="middle">3,4</entry></row><row><entry VJ="1" colname="col1" valign="middle">65 und 66</entry><entry VJ="1" colname="col2" valign="middle">3,5</entry><entry VJ="1" colname="col3" morerows="9" valign="middle">ausreichend</entry><entry VJ="1" colname="col4" morerows="9" valign="middle">eine Leistung, die zwar Mängel aufweist, aber im Ganzen den Anforderungen noch entspricht</entry></row><row><entry VJ="1" colname="col1" valign="middle">63 und 64</entry><entry VJ="1" colname="col2" valign="middle">3,6</entry></row><row><entry VJ="1" colname="col1" valign="middle">62</entry><entry VJ="1" colname="col2" valign="middle">3,7</entry></row><row><entry VJ="1" colname="col1" valign="middle">60 und 61</entry><entry VJ="1" colname="col2" valign="middle">3,8</entry></row><row><entry VJ="1" colname="col1" valign="middle">58 und 59</entry><entry VJ="1" colname="col2" valign="middle">3,9</entry></row><row><entry VJ="1" colname="col1" valign="middle">56 und 57</entry><entry VJ="1" colname="col2" valign="middle">4,0</entry></row><row><entry VJ="1" colname="col1" valign="middle">55</entry><entry VJ="1" colname="col2" valign="middle">4,1</entry></row><row><entry VJ="1" colname="col1" valign="middle">53 und 54</entry><entry VJ="1" colname="col2" valign="middle">4,2</entry></row><row><entry VJ="1" colname="col1" valign="middle">51 und 52</entry><entry VJ="1" colname="col2" valign="middle">4,3</entry></row><row><entry VJ="1" colname="col1" valign="middle">50</entry><entry VJ="1" colname="col2" valign="middle">4,4</entry></row><row><entry VJ="1" colname="col1" valign="middle">48 und 49</entry><entry VJ="1" colname="col2" valign="middle">4,5</entry><entry VJ="1" colname="col3" morerows="9" valign="middle">mangelhaft</entry><entry VJ="1" colname="col4" morerows="9" valign="middle">eine Leistung, die den Anforderungen nicht entspricht, jedoch erkennen lässt, dass gewisse Grundkenntnisse noch vorhanden sind</entry></row><row><entry VJ="1" colname="col1" valign="middle">46 und 47</entry><entry VJ="1" colname="col2" valign="middle">4,6</entry></row><row><entry VJ="1" colname="col1" valign="middle">44 und 45</entry><entry VJ="1" colname="col2" valign="middle">4,7</entry></row><row><entry VJ="1" colname="col1" valign="middle">42 und 43</entry><entry VJ="1" colname="col2" valign="middle">4,8</entry></row><row><entry VJ="1" colname="col1" valign="middle">40 und 41</entry><entry VJ="1" colname="col2" valign="middle">4,9</entry></row><row><entry VJ="1" colname="col1" valign="middle">38 und 39</entry><entry VJ="1" colname="col2" valign="middle">5,0</entry></row><row><entry VJ="1" colname="col1" valign="middle">36 und 37</entry><entry VJ="1" colname="col2" valign="middle">5,1</entry></row><row><entry VJ="1" colname="col1" valign="middle">34 und 35</entry><entry VJ="1" colname="col2" valign="middle">5,2</entry></row><row><entry VJ="1" colname="col1" valign="middle">32 und 33</entry><entry VJ="1" colname="col2" valign="middle">5,3</entry></row><row><entry VJ="1" colname="col1" valign="middle">30 und 31</entry><entry VJ="1" colname="col2" valign="middle">5,4</entry></row><row><entry VJ="1" colname="col1" valign="middle">25 bis 29</entry><entry VJ="1" colname="col2" valign="middle">5,5</entry><entry VJ="1" colname="col3" morerows="5" valign="middle">ungenügend</entry><entry VJ="1" colname="col4" morerows="5" valign="middle">eine Leistung, die den Anforderungen nicht entspricht und bei der selbst Grundkenntnisse fehlen</entry></row><row><entry VJ="1" colname="col1" valign="middle">20 bis 24</entry><entry VJ="1" colname="col2" valign="middle">5,6</entry></row><row><entry VJ="1" colname="col1" valign="middle">15 bis 19</entry><entry VJ="1" colname="col2" valign="middle">5,7</entry></row><row><entry VJ="1" colname="col1" valign="middle">10 bis 14</entry><entry VJ="1" colname="col2" valign="middle">5,8</entry></row><row><entry VJ="1" colname="col1" valign="middle">5 bis 9</entry><entry VJ="1" colname="col2" valign="middle">5,9</entry></row><row><entry VJ="1" colname="col1" valign="middle">0 bis 4</entry><entry VJ="1" colname="col2" valign="middle">6,0</entry></row></tbody></tgroup></table></Content></text><fussnoten><Content><P>(+++ Zur Anwendung vgl. §§ 1 u. 3 FortbVenÄndV6AnwV +++)</P></Content></fussnoten></textdaten></norm>
<norm builddate="20200418212502" doknr="BJNR013900017BJNE002300128"><metadaten><jurabk>IMLebensmFPrV</jurabk><enbez>Anlage 2</enbez><titel format="XML">(zu § 16)<BR/>Zeugnisinhalte</titel></metadaten><textdaten><text format="XML"><Content><P><noindex><kommentar typ="Fundstelle">(Fundstelle: BGBl. I 2019, 2426)</kommentar></noindex><BR/><BR/></P><P><SP>Teil A – Zeugnis ohne Prüfungsergebnisse:</SP><DL Font="normal" Type="arabic"><DT>1.</DT><DD Font="normal"><LA Size="normal">Bezeichnung der ausstellenden Behörde,</LA></DD><DT>2.</DT><DD Font="normal"><LA Size="normal">Name und Geburtsdatum der zu prüfenden Person,</LA></DD><DT>3.</DT><DD Font="normal"><LA Size="normal">Datum des Bestehens der Prüfung,</LA></DD><DT>4.</DT><DD Font="normal"><LA Size="normal">Bezeichnung des erworbenen Fortbildungsabschlusses nach § 1 Absatz 4,</LA></DD><DT>5.</DT><DD Font="normal"><LA Size="normal">Bezeichnung und Fundstelle dieser Fortbildungsordnung nach den Angaben im Bundesgesetzblatt unter Berücksichtigung erfolgter Änderungen dieser Verordnung,</LA></DD><DT>6.</DT><DD Font="normal"><LA Size="normal">Datum der Ausstellung des Zeugnisses samt Unterschrift der zuständigen Stelle.</LA></DD></DL></P><P><SP>Teil B – Zeugnis mit Prüfungsergebnissen:</SP></P><P>Alle Angaben des Teils A sowie zusätzlich: <DL Font="normal" Type="arabic"><DT>1.</DT><DD Font="normal"><LA Size="normal">zum Prüfungsteil „Fachrichtungsübergreifende Basisqualifikationen“ <DL Font="normal" Type="alpha"><DT>a)</DT><DD Font="normal"><LA Size="normal">Benennung dieses Prüfungsteils und Bewertung mit Note sowie</LA></DD><DT>b)</DT><DD Font="normal"><LA Size="normal">Benennung der fünf Prüfungsbereiche und Bewertung mit Punkten,</LA></DD></DL></LA></DD><DT>2.</DT><DD Font="normal"><LA Size="normal">zum Prüfungsteil „Handlungsspezifische Qualifikationen“ <DL Font="normal" Type="alpha"><DT>a)</DT><DD Font="normal"><LA Size="normal">Benennung dieses Prüfungsteils sowie</LA></DD><DT>b)</DT><DD Font="normal"><LA Size="normal">Benennung der drei Handlungsbereiche nach § 7 und Bewertung in Punkten und als Note,</LA></DD></DL></LA></DD><DT>3.</DT><DD Font="normal"><LA Size="normal">die errechnete Gesamtpunktzahl für die gesamte Prüfung,</LA></DD><DT>4.</DT><DD Font="normal"><LA Size="normal">die Gesamtnote als Dezimalzahl,</LA></DD><DT>5.</DT><DD Font="normal"><LA Size="normal">die Gesamtnote in Worten,</LA></DD><DT>6.</DT><DD Font="normal"><LA Size="normal">Befreiungen nach § 13,</LA></DD><DT>7.</DT><DD Font="normal"><LA Size="normal">Vorliegen des Nachweises über den Erwerb der berufs- und arbeitspädagogischen Qualifikationen nach § 3 Absatz 2.</LA></DD></DL></P></Content></text><fussnoten><Content><P>(+++ Zur Anwendung vgl. §§ 1 u. 3 FortbVenÄndV6AnwV +++)</P></Content></fussnoten></textdaten></norm>
</dokumente>