<?xml version="1.0" encoding="UTF-8" ?><!DOCTYPE dokumente SYSTEM "http://www.gesetze-im-internet.de/dtd/1.01/gii-norm.dtd">
<dokumente builddate="20240424214531" doknr="BJNR522730005"><norm builddate="20240424214531" doknr="BJNR522730005"><metadaten><jurabk>LuftVODV 225</jurabk><ausfertigung-datum manuell="ja">2005-11-21</ausfertigung-datum><fundstelle typ="amtlich"><periodikum>BAnz</periodikum><zitstelle>2005, Nr 227, 16330</zitstelle></fundstelle><fundstelle typ="amtlich"><periodikum>BAnz</periodikum><zitstelle>2005, 16330</zitstelle></fundstelle><langue>Zweihundertfünfundzwanzigste Durchführungsverordnung zur Luftverkehrs-Ordnung (Festlegung von Flugverfahren für An- und Abflüge nach Sichtflugregeln zum und vom Verkehrsflughafen Friedrichshafen)</langue></metadaten><textdaten><text format="decorated"/><fussnoten><Content><P>Wegen nicht darstellbarer Zeichen nur mit der Überschrift aufgenommen.</P></Content></fussnoten></textdaten></norm>
</dokumente>