<?xml version="1.0" encoding="UTF-8" ?><!DOCTYPE dokumente SYSTEM "http://www.gesetze-im-internet.de/dtd/1.01/gii-norm.dtd">
<dokumente builddate="20220201213001" doknr="BJNR001040990"><norm builddate="20220201213001" doknr="BJNR001040990"><metadaten><jurabk>GlAppMstrV</jurabk><amtabk>GlAppMstrV</amtabk><ausfertigung-datum manuell="ja">1990-01-11</ausfertigung-datum><fundstelle typ="amtlich"><periodikum>BGBl I</periodikum><zitstelle>1990, 104</zitstelle></fundstelle><kurzue>Glasapparatebauermeisterverordnung</kurzue><langue>Verordnung über das Berufsbild und über die Prüfungsanforderungen im
praktischen und im fachtheoretischen Teil der Meisterprüfung für das
Glasapparatebauer-Handwerk</langue><standangabe checked="ja"><standtyp>Stand</standtyp><standkommentar>Geändert durch Art. 2 Abs. 8 V v. 18.1.2022 I 39</standkommentar></standangabe></metadaten><textdaten><text format="XML"><Content><P/></Content></text><fussnoten><Content><P>(+++ Textnachweis ab:  1. 5.1990 +++)</P></Content></fussnoten></textdaten></norm>
<norm builddate="20220201213001" doknr="BJNR001040990BJNE000400308"><metadaten><jurabk>GlAppMstrV</jurabk><enbez>Eingangsformel</enbez></metadaten><textdaten><text format="XML"><Content><P>Auf Grund des § 45 der Handwerksordnung in der Fassung der Bekanntmachung vom 28. Dezember 1965 (BGBl. 1966 I S. 1), der zuletzt durch Artikel 24 Nr. 1 des Gesetzes vom 18. März 1975 (BGBl. I S. 705) geändert worden ist, verordnet der Bundesminister für Wirtschaft im Einvernehmen mit dem Bundesminister für Bildung und Wissenschaft:</P></Content></text></textdaten></norm>
<norm builddate="20220201213001" doknr="BJNR001040990BJNG000100308"><metadaten><jurabk>GlAppMstrV</jurabk><gliederungseinheit><gliederungskennzahl>010</gliederungskennzahl><gliederungsbez>1. Abschnitt</gliederungsbez><gliederungstitel>Berufsbild</gliederungstitel></gliederungseinheit></metadaten><textdaten><text format="XML"><Content><P/></Content></text></textdaten></norm>
<norm builddate="20220201213001" doknr="BJNR001040990BJNE000500308"><metadaten><jurabk>GlAppMstrV</jurabk><enbez>§ 1</enbez><titel format="parat">Berufsbild</titel></metadaten><textdaten><text format="XML"><Content><P>(1) Dem Glasapparatebauer-Handwerk sind folgende Tätigkeiten zuzurechnen: <DL Font="normal" Type="arabic"><DT>1.</DT><DD Font="normal"><LA Size="normal">Entwurf, Konstruktion und Herstellung von Instrumenten, Meßgeräten und Apparaturen aus verschiedenen Gläsern sowie aus glasverwandten und anderen Werkstoffen,</LA></DD> <DT>2.</DT><DD Font="normal"><LA Size="normal">Wartung und Instandsetzung der in Nummer 1 genannten Instrumente, Meßgeräte und Apparaturen,</LA></DD> <DT>3.</DT><DD Font="normal"><LA Size="normal">Herstellung von Gebrauchs- und Kunstgegenständen aus Glas.</LA></DD> </DL> </P><P>(2) Dem Glasapparatebauer-Handwerk sind folgende Kenntnisse und Fertigkeiten zuzurechnen: <DL Font="normal" Type="arabic"><DT>1.</DT><DD Font="normal"><LA Size="normal">Kenntnisse über die Funktion, die Einsatz- und Betriebsbedingungen sowie die meßtechnische Anwendung der herzustellenden Geräte,</LA></DD> <DT>2.</DT><DD Font="normal"><LA Size="normal">Kenntnisse über die Herstellung von Glas,</LA></DD> <DT>3.</DT><DD Font="normal"><LA Size="normal">Kenntnisse der Arten, Sorten, Kennzeichnung, Daten und Verwendung von Gläsern und der mit ihnen verschmelzbaren Metalle und Keramiken,</LA></DD> <DT>4.</DT><DD Font="normal"><LA Size="normal">Kenntnisse der Werk-, Betriebs- und Hilfsstoffe,</LA></DD> <DT>5.</DT><DD Font="normal"><LA Size="normal">Kenntnisse der gebräuchlichsten Brenngase, ihrer Handhabung und Lagerung,</LA></DD> <DT>6.</DT><DD Font="normal"><LA Size="normal">Kenntnisse der Flächen-, Volumen- und Druckberechnungen,</LA></DD> <DT>7.</DT><DD Font="normal"><LA Size="normal">Kenntnisse der Volumen- und Temperaturmessungen,</LA></DD> <DT>8.</DT><DD Font="normal"><LA Size="normal">Kenntnisse über lösbare Verbindungsteile, insbesondere Schliffe, sowie über Absperrhähne und -ventile,</LA></DD> <DT>9.</DT><DD Font="normal"><LA Size="normal">Kenntnisse über das Justieren, Graduieren, Kalibrieren, Wachsen sowie Ätzen,</LA></DD> <DT>10.</DT><DD Font="normal"><LA Size="normal">Kenntnisse über Vakuumtechnik,</LA></DD> <DT>11.</DT><DD Font="normal"><LA Size="normal">Kenntnisse der berufsbezogenen Eich- und Normvorschriften,</LA></DD> <DT>12.</DT><DD Font="normal"><LA Size="normal">Kenntnisse der berufsbezogenen Vorschriften der Arbeitssicherheit und des Arbeitsschutzes,</LA></DD> <DT>13.</DT><DD Font="normal"><LA Size="normal">Kenntnisse über die berufsbezogenen Vorschriften des Umwelt-, insbesondere des Immissionsschutzes,</LA></DD> <DT>14.</DT><DD Font="normal"><LA Size="normal">Kenntnisse über Energieeinsparung,</LA></DD> <DT>15.</DT><DD Font="normal"><LA Size="normal">Lesen und Anfertigen von Skizzen und Zeichnungen,</LA></DD> <DT>16.</DT><DD Font="normal"><LA Size="normal">manuelles und maschinelles Heißverformen des Glases, insbesondere durch Biegen, Einblasen, Erweitern, Verbinden und Einschmelzen,</LA></DD> <DT>17.</DT><DD Font="normal"><LA Size="normal">Erkennen, Vermeiden und Beseitigen von Spannungen in Gläsern,</LA></DD> <DT>18.</DT><DD Font="normal"><LA Size="normal">Kaltbearbeiten des Glases, insbesondere durch Schleifen, Bohren, Trennen, Verspiegeln und Einfärben,</LA></DD> <DT>19.</DT><DD Font="normal"><LA Size="normal">Verschmelzen von Glas mit Metallen und Keramiken,</LA></DD> <DT>20.</DT><DD Font="normal"><LA Size="normal">Gestalten von Gebrauchs- und Kunstgegenständen aus Glas,</LA></DD> <DT>21.</DT><DD Font="normal"><LA Size="normal">Warten und Instandhalten der berufsbezogenen Maschinen, Werkzeuge und Geräte.</LA></DD> </DL></P></Content></text></textdaten></norm>
<norm builddate="20220201213001" doknr="BJNR001040990BJNG000200308"><metadaten><jurabk>GlAppMstrV</jurabk><gliederungseinheit><gliederungskennzahl>020</gliederungskennzahl><gliederungsbez>2. Abschnitt</gliederungsbez><gliederungstitel>Prüfungsanforderungen in den
Teilen I und II der Meisterprüfung</gliederungstitel></gliederungseinheit></metadaten><textdaten><text format="XML"><Content><P/></Content></text></textdaten></norm>
<norm builddate="20220201213001" doknr="BJNR001040990BJNE000600308"><metadaten><jurabk>GlAppMstrV</jurabk><enbez>§ 2</enbez><titel format="parat">Gliederung, Dauer und Bestehen der praktischen
Prüfung (Teil I)</titel></metadaten><textdaten><text format="XML"><Content><P>(1) In Teil I sind eine Meisterprüfungsarbeit anzufertigen und eine Arbeitsprobe auszuführen. Bei der Bestimmung der Meisterprüfungsarbeit sollen die Vorschläge des Prüflings nach Möglichkeit berücksichtigt werden.</P><P>(2) Die Anfertigung der Meisterprüfungsarbeit soll nicht länger als sieben Arbeitstage, die Ausführung der Arbeitsprobe nicht länger als acht Stunden dauern.</P><P>(3) Mindestvoraussetzung für das Bestehen des Teils I sind jeweils ausreichende Leistungen in der Meisterprüfungsarbeit und in der Arbeitsprobe.</P></Content>  </text></textdaten></norm>
<norm builddate="20220201213001" doknr="BJNR001040990BJNE000700308"><metadaten><jurabk>GlAppMstrV</jurabk><enbez>§ 3</enbez><titel format="parat">Meisterprüfungsarbeit</titel></metadaten><textdaten><text format="XML"><Content><P>(1) Als Meisterprüfungsarbeit sind zwei der nachstehend genannten Arbeiten anzufertigen: <DL Font="normal" Type="arabic"><DT>1.</DT><DD Font="normal"><LA Size="normal">Herstellen einer dreistufigen Diffusionspumpe nach Zeichnung,</LA></DD> <DT>2.</DT><DD Font="normal"><LA Size="normal">Anfertigen einer Glockenbodenkolonne mit 5 Böden und unverspiegeltem Vakuummantel,</LA></DD> <DT>3.</DT><DD Font="normal"><LA Size="normal">Anfertigen eines Kolonnenkopfes als Dampfteiler oder Flüssigkeitsteiler mit Vakuummantel,</LA></DD> <DT>4.</DT><DD Font="normal"><LA Size="normal">Herstellen eines vollständigen Extraktionsapparates nach Soxhlet, 1.000 ml Inhalt,</LA></DD> <DT>5.</DT><DD Font="normal"><LA Size="normal">Anfertigen eines Dreikugelkühlers nach Soxhlet, Durchmesser der einzelnen Kugeln 60, 90 und 120 mm, mit Schliffhülse und Schliffkern NS 29/32,</LA></DD> <DT>6.</DT><DD Font="normal"><LA Size="normal">Anfertigen eines mehrwandigen Reaktionsgefäßes, höchstens 2.000 ml Inhalt,</LA></DD> <DT>7.</DT><DD Font="normal"><LA Size="normal">Anfertigen einer Siedepunktbestimmungsapparatur,</LA></DD> <DT>8.</DT><DD Font="normal"><LA Size="normal">Anfertigen eines Dünnschichtverdampfers,</LA></DD> <DT>9.</DT><DD Font="normal"><LA Size="normal">Anfertigen einer Apparatur zur Flüssig-Flüssigextraktion für spezifisch leichtere oder spezifisch schwerere Lösungsmittel,</LA></DD> <DT>10.</DT><DD Font="normal"><LA Size="normal">Anfertigen eines Wärmetauschers.</LA></DD> </DL> </P><P>(2) Der Prüfling hat vor Anfertigung der Meisterprüfungsarbeit dem Meisterprüfungsausschuß die Skizzen mit Maßangaben und eine Vorkalkulation zur Genehmigung vorzulegen.</P><P>(3) Die maßstabsgerechten Zeichnungen mit Maßangaben und die Nachkalkulation sind bei der Bewertung der Meisterprüfungsarbeit zu berücksichtigen.</P></Content> </text></textdaten></norm>
<norm builddate="20220201213001" doknr="BJNR001040990BJNE000800308"><metadaten><jurabk>GlAppMstrV</jurabk><enbez>§ 4</enbez><titel format="parat">Arbeitsprobe</titel></metadaten><textdaten><text format="XML"><Content><P>(1) Als Arbeitsprobe sind zwei der nachstehend genannten Arbeiten auszuführen: <DL Font="normal" Type="arabic"><DT>1.</DT><DD Font="normal"><LA Size="normal">Anfertigen eines Dreiwegehahnes, 10 mm Bohrung, mit Hohlstopfen, ungeschliffen,</LA></DD> <DT>2.</DT><DD Font="normal"><LA Size="normal">Anfertigen eines Durchgangshahnes, 15 mm Bohrung, mit Hohlstopfen, geschliffen,</LA></DD> <DT>3.</DT><DD Font="normal"><LA Size="normal">Blasen des Mittelteils eines Extraktionsapparates nach Soxhlet, 500 ml Inhalt,</LA></DD> <DT>4.</DT><DD Font="normal"><LA Size="normal">Anfertigen eines Vier-Hals-Kolbens, 2.000 ml Inhalt, Mittelhals mit Schliffhülse NS 45/40, Seitenhälse mit Schliffhülsen NS 29/32,</LA></DD> <DT>5.</DT><DD Font="normal"><LA Size="normal">Anfertigen eines heizbaren Schliffwinkels, <ABWFORMAT typ="A"/>90 Grad, mit Schliffhülse und Schliffkern NS 29/32,</LA></DD> <DT>6.</DT><DD Font="normal"><LA Size="normal">Anfertigen eines heizbaren Tropftrichters mit Druckausgleich, 500 ml Inhalt,</LA></DD> <DT>7.</DT><DD Font="normal"><LA Size="normal">Anfertigen eines Intensivkühlers, Mantellänge 250 mm,</LA></DD> <DT>8.</DT><DD Font="normal"><LA Size="normal">Herstellen einer Metall-Glas-Verbindung,</LA></DD> <DT>9.</DT><DD Font="normal"><LA Size="normal">Einschleifen eines Hahnrohlings, 6 mm Bohrung.</LA></DD> </DL>Die Arbeiten nach Nummer 3 bis 7 sind unter Verwendung fertiger Normschliffe und Rundkolben auszuführen.</P><P>(2) In der Arbeitsprobe sind die wichtigsten Fertigkeiten und Kenntnisse zu prüfen, die in der Meisterprüfungsarbeit nicht oder nur unzureichend nachgewiesen werden konnten.</P></Content> </text></textdaten></norm>
<norm builddate="20220201213001" doknr="BJNR001040990BJNE000900308"><metadaten><jurabk>GlAppMstrV</jurabk><enbez>§ 5</enbez><titel format="parat">Prüfung der fachtheoretischen Kenntnisse
(Teil II)</titel></metadaten><textdaten><text format="XML"><Content><P>(1) In Teil II sind Kenntnisse in den folgenden fünf Prüfungsfächern nachzuweisen: <DL Font="normal" Type="arabic"><DT>1.</DT><DD Font="normal"><LA Size="normal">Technische Mathematik:</LA><LA Size="normal">Berechnen von Körpern, Flächen, Ausdehnungen, Drücken, Winkeln und Drehzahlen;</LA></DD>  <DT>2.</DT><DD Font="normal"><LA Size="normal">Technisches Zeichnen:<DL Font="normal" Type="arabic"><DT>a)</DT><DD Font="normal"><LA Size="normal">Anfertigen von maßstabsgerechten Zeichnungen der Glasapparate,</LA></DD> <DT>b)</DT><DD Font="normal"><LA Size="normal">Skizzieren eines Glasapparates mit Bemaßung;</LA></DD> </DL></LA></DD> <DT>3.</DT><DD Font="normal"><LA Size="normal">Fachtechnologie:<DL Font="normal" Type="arabic"><DT>a)</DT><DD Font="normal"><LA Size="normal">Wirkungsweise und Anwendung von Glasinstrumenten und Glasapparaturen,</LA></DD> <DT>b)</DT><DD Font="normal"><LA Size="normal">Heißbearbeitung, einschließlich Verschmelzungen mit Metall und Keramik,</LA></DD> <DT>c)</DT><DD Font="normal"><LA Size="normal">Kaltbearbeitung, insbesondere Trennen, Schleifen, Bohren und Verspiegeln,</LA></DD> <DT>d)</DT><DD Font="normal"><LA Size="normal">lösbare Verbindungsteile, insbesondere Schliffe, sowie Absperrhähne und -ventile,</LA></DD> <DT>e)</DT><DD Font="normal"><LA Size="normal">Justieren, Graduieren, Einfärben, Wachsen, Ätzen und Kalibrieren,</LA></DD> <DT>f)</DT><DD Font="normal"><LA Size="normal">Vakuumtechnik,</LA></DD> <DT>g)</DT><DD Font="normal"><LA Size="normal">berufsbezogene Eich- und Normvorschriften,</LA></DD> <DT>h)</DT><DD Font="normal"><LA Size="normal">berufsbezogene Vorschriften der Arbeitssicherheit und des Arbeitsschutzes,</LA></DD> <DT>i)</DT><DD Font="normal"><LA Size="normal">berufsbezogene Vorschriften des Umwelt-, insbesondere des Immissionsschutzes,</LA></DD> <DT>k)</DT><DD Font="normal"><LA Size="normal">berufsbezogene Werkzeuge, Maschinen und Geräte;</LA></DD> </DL></LA></DD> <DT>4.</DT><DD Font="normal"><LA Size="normal">Werkstoffkunde:<DL Font="normal" Type="arabic"><DT>a)</DT><DD Font="normal"><LA Size="normal">Rohstoffe und Herstellung von Glas,</LA></DD> <DT>b)</DT><DD Font="normal"><LA Size="normal">Halbzeuge,</LA></DD> <DT>c)</DT><DD Font="normal"><LA Size="normal">Arten, Sorten, Kennzeichnung und Daten der Gläser und der mit ihnen verschmelzbaren Metalle und Keramiken sowie ihre Verwendung und ihr Einsatz,</LA></DD> <DT>d)</DT><DD Font="normal"><LA Size="normal">Anwendung und Einsatz von Hilfs- und Betriebsstoffen, insbesondere unter Berücksichtigung der Umweltverträglichkeit,</LA></DD> <DT>e)</DT><DD Font="normal"><LA Size="normal">gebräuchliche Säuren und Laugen in der Glasverarbeitung;</LA></DD> </DL></LA></DD> <DT>5.</DT><DD Font="normal"><LA Size="normal">Kalkulation:</LA><LA Size="normal">Kostenermittlung unter Einbeziehung aller für die Preisbildung wesentlichen Faktoren.</LA></DD>  </DL> </P><P>(2) Die Prüfung ist schriftlich und mündlich durchzuführen.</P><P>(3) Die schriftliche Prüfung soll insgesamt nicht länger als zwölf Stunden, die mündliche je Prüfling nicht länger als eine halbe Stunde dauern. In der schriftlichen Prüfung soll an einem Tag nicht länger als sechs Stunden geprüft werden.</P><P>(4) Der Prüfling ist von der mündlichen Prüfung auf Antrag zu befreien, wenn er im Durchschnitt mindestens gute schriftliche Leistungen erbracht hat.</P><P>(5) Mindestvoraussetzung für das Bestehen des Teils II sind jeweils ausreichende Leistungen in jedem der Prüfungsfächer nach Absatz 1 Nr. 3 und 4.</P></Content>   </text></textdaten></norm>
<norm builddate="20220201213001" doknr="BJNR001040990BJNG000300308"><metadaten><jurabk>GlAppMstrV</jurabk><gliederungseinheit><gliederungskennzahl>030</gliederungskennzahl><gliederungsbez>3. Abschnitt</gliederungsbez><gliederungstitel>Übergangs- und Schlußvorschriften</gliederungstitel></gliederungseinheit></metadaten><textdaten><text format="XML"><Content><P/></Content></text></textdaten></norm>
<norm builddate="20220201213001" doknr="BJNR001040990BJNE001000308"><metadaten><jurabk>GlAppMstrV</jurabk><enbez>§ 6</enbez><titel format="parat">Übergangsvorschrift</titel></metadaten><textdaten><text format="XML"><Content><P>Die bei Inkrafttreten dieser Verordnung laufenden Prüfungsverfahren werden nach den bisherigen Vorschriften zu Ende geführt.</P></Content></text></textdaten></norm>
<norm builddate="20220201213001" doknr="BJNR001040990BJNE001101128"><metadaten><jurabk>GlAppMstrV</jurabk><enbez>§ 7</enbez><titel format="XML">Weitere Anforderungen</titel></metadaten><textdaten><text format="XML"><Content><P>(1) Die Vorschriften der Meisterprüfungsverfahrensverordnung bleiben unberührt.</P><P>(2) Die Prüfung in den Teilen III und IV der Meisterprüfung bestimmt sich nach der Allgemeinen Meisterprüfungsverordnung.</P></Content></text><fussnoten/></textdaten></norm>
<norm builddate="20220201213001" doknr="BJNR001040990BJNE001201128"><metadaten><jurabk>GlAppMstrV</jurabk><enbez>§ 8</enbez><titel format="XML">(weggefallen)</titel></metadaten><textdaten><text format="XML"><Content><P/></Content></text><fussnoten/></textdaten></norm>
<norm builddate="20220201213001" doknr="BJNR001040990BJNE001300308"><metadaten><jurabk>GlAppMstrV</jurabk><enbez>§ 9</enbez><titel format="parat">Inkrafttreten</titel></metadaten><textdaten><text format="XML"><Content><P>(1) Diese Verordnung tritt am 1. Mai 1990 in Kraft.</P><P>(2) Die auf Grund des § 122 der Handwerksordnung weiter anzuwendenden Vorschriften sind, soweit sie Gegenstände dieser Verordnung regeln, nicht mehr anzuwenden.</P></Content> </text></textdaten></norm>
</dokumente>