<?xml version="1.0" encoding="UTF-8" ?><!DOCTYPE dokumente SYSTEM "http://www.gesetze-im-internet.de/dtd/1.01/gii-norm.dtd">
<dokumente builddate="20240719215038" doknr="BJNR254310013"><norm builddate="20240719215038" doknr="BJNR254310013"><metadaten><jurabk>BBPlG</jurabk><amtabk>BBPlG</amtabk><ausfertigung-datum manuell="ja">2013-07-23</ausfertigung-datum><fundstelle typ="amtlich"><periodikum>BGBl I</periodikum><zitstelle>2013, 2543; 2014, 148, 271</zitstelle></fundstelle><kurzue>Bundesbedarfsplangesetz</kurzue><langue>Gesetz über den Bundesbedarfsplan</langue><standangabe checked="ja"><standtyp>Stand</standtyp><standkommentar>Zuletzt geändert durch Art. 1 G v. 16.7.2024 I Nr. 239</standkommentar></standangabe><standangabe checked="ja"><standtyp>Sonst</standtyp><standkommentar>Das G tritt gem. Art. 5 Abs. 1 G v. 23.7.2013 I 2543 am 27.7.2013 in Kraft. Abweichend davon ist § 1 iVm Nr. 33 der Anlage gem. Bek. v. 18.2.2014 I 148 am 8.1.2014 u. § 1 iVm Nr. 29 der Anlage gem. Bek. v. 17.3.2014 I 271 am 7.3.2014 in Kraft getreten.</standkommentar></standangabe></metadaten><textdaten><fussnoten><Content><P><BR/> <pre xml:space="preserve">(+++ Textnachweis ab: 27.7.2013 +++)<BR/>(+++ Zur Anwendung vgl. § 3 +++)<BR/><BR/></pre>Das G wurde als Artikel 1 des G v. 23.7.2013 I 2543 vom Bundestag beschlossen.</P></Content></fussnoten></textdaten></norm>
<norm builddate="20240719215038" doknr="BJNR254310013BJNE000102377"><metadaten><jurabk>BBPlG</jurabk><enbez>§ 1</enbez><titel format="XML">Gegenstand des Bundesbedarfsplans</titel></metadaten><textdaten><text format="XML"><Content><P>(1) Für die in der Anlage zu diesem Gesetz aufgeführten Vorhaben, die der Anpassung, Entwicklung und dem Ausbau der Übertragungsnetze zur Einbindung von Elektrizität aus erneuerbaren Energiequellen, zur Interoperabilität der Elektrizitätsnetze innerhalb der Europäischen Union, zum Anschluss neuer Kraftwerke oder zur Vermeidung struktureller Engpässe im Übertragungsnetz dienen, werden die energiewirtschaftliche Notwendigkeit und der vordringliche Bedarf zur Gewährleistung eines sicheren und zuverlässigen Netzbetriebs als Bundesbedarfsplan gemäß § 12e des Energiewirtschaftsgesetzes festgestellt. Die Realisierung dieser Vorhaben ist aus Gründen eines überragenden öffentlichen Interesses und im Interesse der öffentlichen Gesundheit und Sicherheit erforderlich.</P><P>(2) Zu den Vorhaben nach Absatz 1 gehören auch die für den Betrieb von Energieleitungen notwendigen Anlagen einschließlich der notwendigen Änderungen an den Netzverknüpfungspunkten. Die Vorhaben beginnen und enden jeweils an den Netzverknüpfungspunkten.</P></Content></text><fussnoten/></textdaten></norm>
<norm builddate="20240719215038" doknr="BJNR254310013BJNE000208311"><metadaten><jurabk>BBPlG</jurabk><enbez>§ 2</enbez><titel format="XML">Gekennzeichnete Vorhaben</titel></metadaten><textdaten><text format="XML"><Content><P>(1) Die im Bundesbedarfsplan mit „A1“ gekennzeichneten Vorhaben sind länderübergreifend im Sinne von § 2 Absatz 1 des Netzausbaubeschleunigungsgesetzes Übertragungsnetz. Die im Bundesbedarfsplan mit „A2“ gekennzeichneten Vorhaben sind grenzüberschreitend im Sinne von § 2 Absatz 1 des Netzausbaubeschleunigungsgesetzes Übertragungsnetz.</P><P>(2) Die im Bundesbedarfsplan mit „B“ gekennzeichneten Vorhaben können als Pilotprojekte für eine verlustarme Übertragung hoher Leistungen über große Entfernungen nach § 12b Absatz 1 Satz 4 Nummer 3 Buchstabe a des Energiewirtschaftsgesetzes errichtet und betrieben werden.</P><P>(3) Die im Bundesbedarfsplan mit „C“ gekennzeichneten Vorhaben sind Offshore-Anbindungsleitungen im Sinne von § 2 Absatz 1 des Netzausbaubeschleunigungsgesetzes Übertragungsnetz. Sie werden im Küstenmeer als Seekabel und landeinwärts bis zu den im Bundesbedarfsplan festgelegten Netzverknüpfungspunkten als Freileitung oder Erdkabel errichtet und betrieben oder geändert.</P><P>(4) Die im Bundesbedarfsplan mit „D“ gekennzeichneten Vorhaben sind als Pilotprojekte für den Einsatz von Hochtemperaturleiterseilen nach § 12b Absatz 1 Satz 3 Nummer 3 Buchstabe b des Energiewirtschaftsgesetzes zu errichten und zu betreiben oder zu ändern. Die für die Zulassung des Vorhabens zuständige Behörde kann den Einsatz von Hochtemperaturleiterseilen bei Vorhaben des Bundesbedarfsplans, die nicht unter Satz 1 fallen, genehmigen, soweit dies technisch und wirtschaftlich effizient ist.</P><P>(5) Die im Bundesbedarfsplan mit „E“ gekennzeichneten Vorhaben zur Höchstspannungs-Gleichstrom-Übertragung sind nach Maßgabe des § 3 als Erdkabel zu errichten und zu betreiben oder zu ändern.</P><P>(6) Die im Bundesbedarfsplan mit „F“ gekennzeichneten Vorhaben zur Höchstspannungs-Drehstrom-Übertragung können als Pilotprojekte nach Maßgabe des § 4 als Erdkabel errichtet und betrieben oder geändert werden.</P><P>(7) Bei der Zulassung der im Bundesbedarfsplan mit „G“ gekennzeichneten Vorhaben oder Einzelmaßnahmen ist nach § 5a Absatz 4 des Netzausbaubeschleunigungsgesetzes Übertragungsnetz aufgrund ihrer besonderen Eilbedürftigkeit auf eine Bundesfachplanung zu verzichten. Vorhaben im Sinne von Absatz 5 sollen ebenfalls mit „G“ gekennzeichnet werden, wenn eine Angabe nach § 12b Absatz 3a des Energiewirtschaftsgesetzes vorliegt und wenn und soweit sie <DL Type="arabic"><DT>1.</DT><DD Font="normal"><LA>dieselben Netzverknüpfungspunkte haben <DL Type="alpha"><DT>a)</DT><DD Font="normal"><LA>wie ein weiteres Vorhaben im Sinne von Absatz 5, dessen festgelegter Trassenkorridor nachrichtlich in den Bundesnetzplan gemäß § 17 des Netzausbaubeschleunigungsgesetzes Übertragungsnetz aufgenommen worden ist, oder</LA></DD><DT>b)</DT><DD Font="normal"><LA>wie ein durch Landesplanungen oder nach Landesrecht bestimmter Leitungsverlauf für Erdkabel zur Höchstspannungs-Gleichstrom-Übertragung oder</LA></DD></DL></LA></DD><DT>2.</DT><DD Font="normal"><LA>räumlich weit überwiegend <DL Type="alpha"><DT>a)</DT><DD Font="normal"><LA>einem weiteren Vorhaben im Sinne von Absatz 5 entsprechen, dessen festgelegter Trassenkorridor nachrichtlich in den Bundesnetzplan gemäß § 17 des Netzausbaubeschleunigungsgesetzes Übertragungsnetz aufgenommen worden ist, oder</LA></DD><DT>b)</DT><DD Font="normal"><LA>einem durch Landesplanungen oder nach Landesrecht bestimmten Leitungsverlauf für Erdkabel zur Höchstspannungs-Gleichstrom-Übertragung entsprechen.</LA></DD></DL></LA></DD></DL>Satz 2 ist für den länderübergreifenden landseitigen Teil von Vorhaben im Sinne von Absatz 3 entsprechend anzuwenden.</P><P>(8) Bei den im Bundesbedarfsplan mit „H“ gekennzeichneten Vorhaben stehen die energiewirtschaftliche Notwendigkeit und der vordringliche Bedarf für Leerrohre fest, die nach Maßgabe des § 18 Absatz 3 des Netzausbaubeschleunigungsgesetzes Übertragungsnetz zugelassen werden.</P></Content></text><fussnoten/></textdaten></norm>
<norm builddate="20240719215038" doknr="BJNR254310013BJNE000305377"><metadaten><jurabk>BBPlG</jurabk><enbez>§ 3</enbez><titel format="XML">Erdkabel für Leitungen zur Höchstspannungs-Gleichstrom-Übertragung</titel></metadaten><textdaten><text format="XML"><Content><P>(1) Leitungen zur Höchstspannungs-Gleichstrom-Übertragung der im Bundesbedarfsplan mit „E“ gekennzeichneten Vorhaben sind nach Maßgabe dieser Vorschrift als Erdkabel zu errichten und zu betreiben oder zu ändern.</P><P>(2) Die Leitung kann auf technisch und wirtschaftlich effizienten Teilabschnitten als Freileitung errichtet und betrieben oder geändert werden, soweit <DL Font="normal" Type="arabic"><DT>1.</DT><DD Font="normal"><LA Size="normal">ein Erdkabel gegen die Verbote des § 44 Absatz 1 auch in Verbindung mit Absatz 5 des Bundesnaturschutzgesetzes verstieße und mit dem Einsatz einer Freileitung eine zumutbare Alternative im Sinne des § 45 Absatz 7 Satz 2 des Bundesnaturschutzgesetzes gegeben ist,</LA></DD><DT>2.</DT><DD Font="normal"><LA Size="normal">ein Erdkabel nach § 34 Absatz 2 des Bundesnaturschutzgesetzes unzulässig wäre und mit dem Einsatz einer Freileitung eine zumutbare Alternative im Sinne des § 34 Absatz 3 Nummer 2 des Bundesnaturschutzgesetzes gegeben ist, oder</LA></DD><DT>3.</DT><DD Font="normal"><LA Size="normal">die Leitung in oder unmittelbar neben der Trasse einer bestehenden oder bereits zugelassenen Hoch- oder Höchstspannungsfreileitung errichtet und betrieben oder geändert werden soll und der Einsatz einer Freileitung voraussichtlich keine zusätzlichen erheblichen Umweltauswirkungen hat.</LA></DD></DL>Auf Verlangen der für die Bundesfachplanung oder Zulassung des Vorhabens zuständigen Behörde müssen die Leitungen auf Teilabschnitten unter den Voraussetzungen des Satzes 1 als Freileitung errichtet und betrieben oder geändert werden.</P><P>(3) Sofern Gebietskörperschaften, auf deren Gebiet ein Trassenkorridor voraussichtlich verlaufen wird, in der Antragskonferenz nach § 7 des Netzausbaubeschleunigungsgesetzes Übertragungsnetz aufgrund örtlicher Belange die Prüfung des Einsatzes einer Freileitung verlangen, ist vom Träger des Vorhabens zu prüfen, ob die Leitung auf Teilabschnitten in dieser Gebietskörperschaft abweichend von Absatz 2 als Freileitung errichtet und betrieben oder geändert werden kann. Sofern die Prüfung ergibt, dass dies möglich ist, und der Träger des Vorhabens dies bei der Vorlage der erforderlichen Unterlagen nach § 8 des Netzausbaubeschleunigungsgesetzes Übertragungsnetz vorschlägt, ist die Errichtung und der Betrieb oder die Änderung einer Leitung als Freileitung auf Teilabschnitten innerhalb der betreffenden Gebietskörperschaft abweichend von Absatz 2 zulässig. Auf Verlangen der für die Bundesfachplanung oder Zulassung des Vorhabens zuständigen Behörde müssen die Leitungen auf Teilabschnitten als Freileitung errichtet und betrieben oder geändert werden. Die Sätze 1 bis 3 sind nur anzuwenden bei Antragskonferenzen nach § 7 des Netzausbaubeschleunigungsgesetzes Übertragungsnetz, die vor dem 29. Juli 2022 durchgeführt worden sind.</P><P>(4) Die Errichtung und der Betrieb oder die Änderung als Freileitung nach Absatz 2 und 3 ist unzulässig, wenn die Leitung <DL Font="normal" Type="arabic"><DT>1.</DT><DD Font="normal"><LA Size="normal">in einem Abstand von weniger als 400 Metern zu Wohngebäuden errichtet werden soll, die im Geltungsbereich eines Bebauungsplans oder im unbeplanten Innenbereich im Sinne des § 34 des Baugesetzbuchs liegen, falls diese Gebiete vorwiegend dem Wohnen dienen, oder</LA></DD><DT>2.</DT><DD Font="normal"><LA Size="normal">in einem Abstand von weniger als 200 Metern zu Wohngebäuden errichtet werden soll, die im Außenbereich im Sinne des § 35 des Baugesetzbuchs liegen.</LA></DD></DL>Satz 1 ist weder für die nachträgliche Änderung oder Erweiterung der Leitung noch für den nachträglichen Ersatz- und Parallelneubau anzuwenden.</P><P>(5) Als Erdkabel im Sinne dieser Vorschrift gelten alle Erdleitungen einschließlich Kabeltunnel, Nebenbauwerken und gasisolierter Rohrleitungen. Kunststoffisolierte Erdkabel mit einer Nennspannung von mehr als 320 Kilovolt bis zu 525 Kilovolt erfüllen die Anforderungen an die technische Sicherheit im Sinne des § 49 des Energiewirtschaftsgesetzes.</P><P>(6) Für Leitungen zur Höchstspannungs-Drehstrom-Übertragung, die der Anbindung von Stromrichteranlagen im Rahmen des im Bundesbedarfsplan mit „E“ gekennzeichneten Vorhabens dienen, ist § 4 entsprechend anzuwenden.</P></Content></text><fussnoten/></textdaten></norm>
<norm builddate="20240719215038" doknr="BJNR254310013BJNE000703377"><metadaten><jurabk>BBPlG</jurabk><enbez>§ 4</enbez><titel format="XML">Erdkabel für Leitungen zur Höchstspannungs-Drehstrom-Übertragung</titel></metadaten><textdaten><text format="XML"><Content><P>(1) Um den Einsatz von Erdkabeln im Drehstrom-Übertragungsnetz als Pilotprojekte zu testen, können die im Bundesbedarfsplan mit „F“ gekennzeichneten Vorhaben zur Höchstspannungs-Drehstrom-Übertragung nach Maßgabe dieser Vorschrift als Erdkabel errichtet und betrieben oder geändert werden.</P><P>(2) Im Falle des Neubaus kann eine Höchstspannungs-Drehstrom-Übertragungsleitung eines Vorhabens nach Absatz 1 auf technisch und wirtschaftlich effizienten Teilabschnitten als Erdkabel errichtet und betrieben oder geändert werden, wenn <DL Font="normal" Type="arabic"><DT>1.</DT><DD Font="normal"><LA Size="normal">die Leitung in einem Abstand von weniger als 400 Metern zu Wohngebäuden errichtet werden soll, die im Geltungsbereich eines Bebauungsplans oder im unbeplanten Innenbereich im Sinne des § 34 des Baugesetzbuchs liegen, falls diese Gebiete vorwiegend dem Wohnen dienen,</LA></DD><DT>2.</DT><DD Font="normal"><LA Size="normal">die Leitung in einem Abstand von weniger als 200 Metern zu Wohngebäuden errichtet werden soll, die im Außenbereich im Sinne des § 35 des Baugesetzbuchs liegen,</LA></DD><DT>3.</DT><DD Font="normal"><LA Size="normal">eine Freileitung gegen die Verbote des § 44 Absatz 1 auch in Verbindung mit Absatz 5 des Bundesnaturschutzgesetzes verstieße und mit dem Einsatz von Erdkabeln eine zumutbare Alternative im Sinne des § 45 Absatz 7 Satz 2 des Bundesnaturschutzgesetzes gegeben ist,</LA></DD><DT>4.</DT><DD Font="normal"><LA Size="normal">eine Freileitung nach § 34 Absatz 2 des Bundesnaturschutzgesetzes unzulässig wäre und mit dem Einsatz von Erdkabeln eine zumutbare Alternative im Sinne des § 34 Absatz 3 Nummer 2 des Bundesnaturschutzgesetzes gegeben ist oder</LA></DD><DT>5.</DT><DD Font="normal"><LA Size="normal">die Leitung eine Bundeswasserstraße im Sinne von § 1 Absatz 1 Nummer 1 des Bundeswasserstraßengesetzes queren soll, deren zu querende Breite mindestens 300 Meter beträgt; bei der Bemessung der Breite ist § 1 Absatz 6 des Bundeswasserstraßengesetzes nicht anzuwenden.</LA></DD></DL>Der Einsatz von Erdkabeln ist auch dann zulässig, wenn die Voraussetzungen nach Satz 1 nicht auf der gesamten Länge der jeweiligen technisch und wirtschaftlich effizienten Teilabschnitte vorliegen. Auf Verlangen der für die Bundesfachplanung oder Zulassung des Vorhabens zuständigen Behörde muss die Leitung auf dem jeweiligen technisch und wirtschaftlich effizienten Teilabschnitt nach Maßgabe dieser Vorschrift als Erdkabel errichtet und betrieben oder geändert werden.</P><P>(3) Als Erdkabel im Sinne dieser Vorschrift gelten alle Erdleitungen einschließlich Kabeltunnel, Nebenbauwerken und gasisolierter Rohrleitungen.</P><P>(4) Vor dem 31. Dezember 2015 beantragte Planfeststellungsverfahren werden nach den bis dahin geltenden Vorschriften zu Ende geführt. Sie werden nur dann als Planfeststellungsverfahren in der ab dem 31. Dezember 2015 geltenden Fassung dieses Gesetzes fortgeführt, wenn der Träger des Vorhabens dies beantragt.</P></Content></text><fussnoten><Content><P>(+++ § 4: Zur Anwendung vgl. § 3 Abs. 6 +++)</P></Content></fussnoten></textdaten></norm>
<norm builddate="20240719215038" doknr="BJNR254310013BJNE000803377"><metadaten><jurabk>BBPlG</jurabk><enbez>§ 5</enbez><titel format="XML">Berichtspflicht der Übertragungsnetzbetreiber</titel></metadaten><textdaten><text format="XML"><Content><P>(1) Über die in den Vorhaben nach § 2 Absatz 2 bis 8 gewonnenen Erfahrungen legt der jeweils verantwortliche Betreiber des Übertragungsnetzes der Bundesnetzagentur jährlich einen Bericht vor, in dem die technische Durchführbarkeit, Wirtschaftlichkeit und Umweltauswirkungen dieser Vorhaben bewertet werden. Der erste Bericht ist im zweiten Jahr nach der Inbetriebnahme des jeweils ersten Teilabschnitts eines solchen Vorhabens vorzulegen.</P><P>(2) Der Bericht kann mit dem gemeinsamen Netzentwicklungsplan nach § 12b Absatz 1 Satz 1 des Energiewirtschaftsgesetzes verbunden werden.</P><P>(3) Auf Verlangen haben die Betreiber von Übertragungsnetzen dem Bundesministerium für Wirtschaft und Klimaschutz über den Sachstand bei den Vorhaben nach § 2 Absatz 2 bis 8 und die gewonnenen Erfahrungen mit dem Einsatz von Erdkabeln nach den §§ 3 und 4 zu berichten.</P></Content></text><fussnoten/></textdaten></norm>
<norm builddate="20240719215038" doknr="BJNR254310013BJNE000403377"><metadaten><jurabk>BBPlG</jurabk><enbez>§ 6</enbez><titel format="XML">Rechtsschutz</titel></metadaten><textdaten><text format="XML"><Content><P>Für die in den Bundesbedarfsplan aufgenommenen Vorhaben ist § 50 Absatz 1 Nummer 6 der Verwaltungsgerichtsordnung anzuwenden. Dies ist auch anzuwenden für <DL Type="arabic"><DT>1.</DT><DD Font="normal"><LA>auf diese Vorhaben bezogene Veränderungssperren, Zulassungen des vorzeitigen Baubeginns und Anzeigeverfahren und</LA></DD><DT>2.</DT><DD Font="normal"><LA>Genehmigungen nach dem Bundes-Immissionsschutzgesetz für Stromrichteranlagen, die dem Betrieb von Vorhaben aus dem Bundesbedarfsplan dienen.</LA></DD></DL></P></Content></text><fussnoten/></textdaten></norm>
<norm builddate="20240719215038" doknr="BJNR254310013BJNE000611377"><metadaten><jurabk>BBPlG</jurabk><enbez>Anlage (zu § 1 Absatz 1)</enbez><titel format="XML">Bundesbedarfsplan</titel></metadaten><textdaten><text format="XML"><Content><P><noindex><kommentar typ="Fundstelle">(Fundstelle: BGBl. I 2015, 2495 - 2497; <BR/> bzgl. der einzelnen Änderungen vgl. Fußnote)</kommentar></noindex></P><BR/><P>Vorhaben, für die die energiewirtschaftliche Notwendigkeit und der vordringliche Bedarf bestehen: <BR/><BR/><table colsep="1" frame="all" pgwide="1" rowsep="1" tocentry="%yes;"><tgroup align="left" char="" charoff="50" cols="3"><colspec align="center" colname="col1" colnum="1" colwidth="10*"/><colspec align="justify" colname="col2" colnum="2" colwidth="128.5*"/><colspec colname="col3" colnum="3" colwidth="21.50*"/><thead valign="bottom"><row><entry VJ="1" align="center" colname="col1">Nr.</entry><entry VJ="1" align="center" colname="col2">Vorhaben</entry><entry VJ="1" align="center" colname="col3">Kennzeichnung</entry></row></thead><tbody valign="top"><row><entry VJ="1" colname="col1"> 1</entry><entry VJ="1" colname="col2">Höchstspannungsleitung Emden Ost – Osterath; Gleichstrom</entry><entry VJ="1" colname="col3">A1, B, E</entry></row><row><entry VJ="1" colname="col1"> 2</entry><entry VJ="1" colname="col2">Höchstspannungsleitung Osterath – Philippsburg; Gleichstrom</entry><entry VJ="1" colname="col3">A1, B</entry></row><row><entry VJ="1" colname="col1"> 3</entry><entry VJ="1" colname="col2">Höchstspannungsleitung Brunsbüttel – Großgartach; Gleichstrom</entry><entry VJ="1" colname="col3">A1, B, E</entry></row><row><entry VJ="1" colname="col1"> 4</entry><entry VJ="1" colname="col2">Höchstspannungsleitung Wilster – Bergrheinfeld/West; Gleichstrom</entry><entry VJ="1" colname="col3">A1, B, E</entry></row><row><entry VJ="1"> 5</entry><entry VJ="1">Höchstspannungsleitung Wolmirstedt – Isar; Gleichstrom</entry><entry VJ="1" align="justify">A1, B, E</entry></row><row><entry VJ="1" morerows="3"> 5a</entry><entry VJ="1" rowsep="0">Höchstspannungsleitung Klein Rogahn/Stralendorf/Warsow/Holthusen/Schossin – Isar; Gleichstrom</entry><entry VJ="1" align="justify" rowsep="0">A1, B, E</entry></row><row><entry VJ="1" rowsep="0">mit den Bestandteilen</entry><entry VJ="1" align="justify" rowsep="0"/></row><row><entry VJ="1" rowsep="0">– Klein Rogahn/Stralendorf/Warsow/Holthusen/Schossin – Landkreis Börde</entry><entry VJ="1" align="justify" rowsep="0"/></row><row><entry VJ="1">– Landkreis Börde – Isar</entry><entry VJ="1" align="justify">G</entry></row><row><entry VJ="1" colname="col1"> 6</entry><entry VJ="1" colname="col2">Höchstspannungsleitung Conneforde – Landkreis Cloppenburg – Merzen/Neuenkirchen; Drehstrom, Nennspannung 380 kV</entry><entry VJ="1" colname="col3">F</entry></row><row><entry VJ="1" colname="col1" morerows="4"> 7</entry><entry VJ="1" colname="col2" rowsep="0">Höchstspannungsleitung Stade – Sottrum – Grafschaft Hoya – Landesbergen; Drehstrom Nennspannung 380 kV</entry><entry VJ="1" colname="col3" rowsep="0">F</entry></row><row><entry VJ="1" rowsep="0">mit den Einzelmaßnahmen</entry><entry VJ="1" rowsep="0"/></row><row><entry VJ="1" rowsep="0">– Maßnahme Stade – Sottrum</entry><entry VJ="1" rowsep="0"/></row><row><entry VJ="1" rowsep="0">– Maßnahme Sottrum – Grafschaft Hoya</entry><entry VJ="1" rowsep="0"/></row><row><entry VJ="1">– Maßnahme Grafschaft Hoya – Landesbergen</entry><entry VJ="1"/></row><row><entry VJ="1" colname="col1" morerows="6"> 8</entry><entry VJ="1" colname="col2" rowsep="0">Höchstspannungsleitung Brunsbüttel – Barlt – Heide – Husum – Klixbüll – Bundesgrenze (DK); Drehstrom Nennspannung 380 kV</entry><entry VJ="1" colname="col3" rowsep="0">–</entry></row><row><entry VJ="1" rowsep="0">mit den Einzelmaßnahmen</entry><entry VJ="1" rowsep="0"/></row><row><entry VJ="1" rowsep="0">– Maßnahme Barlt – Heide</entry><entry VJ="1" rowsep="0"/></row><row><entry VJ="1" rowsep="0">– Maßnahme Brunsbüttel – Barlt</entry><entry VJ="1" rowsep="0"/></row><row><entry VJ="1" rowsep="0">– Maßnahme Heide – Husum</entry><entry VJ="1" rowsep="0"/></row><row><entry VJ="1" rowsep="0">– Maßnahme Husum – Klixbüll</entry><entry VJ="1" rowsep="0"/></row><row><entry VJ="1">– Maßnahme Klixbüll – Grenze DK</entry><entry VJ="1"/></row><row><entry VJ="1" colname="col1"> 9</entry><entry VJ="1" colname="col2">Höchstspannungsleitung Hamm-Uentrop – Kruckel; Drehstrom Nennspannung 380 kV</entry><entry VJ="1" colname="col3">–</entry></row><row><entry VJ="1" colname="col1" morerows="3">10</entry><entry VJ="1" colname="col2" rowsep="0">Höchstspannungsleitung Wolmirstedt – Helmstedt Ost – Wahle; Drehstrom Nennspannung 380 kV</entry><entry VJ="1" colname="col3" rowsep="0">A1</entry></row><row><entry VJ="1" rowsep="0">mit den Einzelmaßnahmen</entry><entry VJ="1" rowsep="0"/></row><row><entry VJ="1" rowsep="0">– Maßnahme Wolmirstedt – Helmstedt Ost – Hattorf – Wahle</entry><entry VJ="1" rowsep="0"/></row><row><entry VJ="1">– Maßnahme Wolmirstedt – Helmstedt Ost – Salzgitter</entry><entry VJ="1"/></row><row><entry VJ="1" colname="col1">11</entry><entry VJ="1" colname="col2">Höchstspannungsleitung Bertikow – Pasewalk; Drehstrom Nennspannung 380 kV</entry><entry VJ="1" colname="col3">A1</entry></row><row><entry VJ="1" colname="col1">12</entry><entry VJ="1" colname="col2">Höchstspannungsleitung Vieselbach – Eisenach – Mecklar; Drehstrom Nennspannung 380 kV</entry><entry VJ="1" colname="col3">A1</entry></row><row><entry VJ="1" colname="col1">13</entry><entry VJ="1" colname="col2">Höchstspannungsleitung Pulgar – Vieselbach; Drehstrom Nennspannung 380 kV</entry><entry VJ="1" colname="col3">A1</entry></row><row><entry VJ="1" colname="col1">14</entry><entry VJ="1" colname="col2">Höchstspannungsleitung Röhrsdorf – Weida – Remptendorf; Drehstrom Nennspannung 380 kV</entry><entry VJ="1" colname="col3">A1</entry></row><row><entry VJ="1" colname="col1">15</entry><entry VJ="1" colname="col2">Höchstspannungsleitung Punkt Metternich – Niederstedem; Drehstrom Nennspannung 380 kV</entry><entry VJ="1" colname="col3">–</entry></row><row><entry VJ="1" colname="col1">16</entry><entry VJ="1" colname="col2">(aufgehoben)</entry><entry VJ="1" colname="col3"/></row><row><entry VJ="1" colname="col1">17</entry><entry VJ="1" colname="col2">Höchstspannungsleitung Mecklar – Dipperz – Bergrheinfeld West; Drehstrom Nennspannung 380 kV</entry><entry VJ="1" colname="col3">A1, F</entry></row><row><entry VJ="1" colname="col1">18</entry><entry VJ="1" colname="col2">Höchstspannungsleitung Redwitz – Mechlenreuth – Etzenricht – Schwandorf; Drehstrom Nennspannung 380 kV</entry><entry VJ="1" colname="col3">–</entry></row><row><entry VJ="1" colname="col1" morerows="6">19</entry><entry VJ="1" colname="col2" rowsep="0">Höchstspannungsleitung Urberach – Pfungstadt – Weinheim – G380 – Altlußheim – Daxlanden; Drehstrom Nennspannung 380 kV</entry><entry VJ="1" colname="col3" rowsep="0">A1</entry></row><row><entry VJ="1" rowsep="0">mit den Einzelmaßnahmen</entry><entry VJ="1" rowsep="0"/></row><row><entry VJ="1" rowsep="0">– Maßnahme Urberach – Pfungstadt – Weinheim</entry><entry VJ="1" rowsep="0"/></row><row><entry VJ="1" rowsep="0">– Maßnahme Weinheim – Daxlanden</entry><entry VJ="1" rowsep="0"/></row><row><entry VJ="1" rowsep="0">– Maßnahme Weinheim – G380</entry><entry VJ="1" rowsep="0"/></row><row><entry VJ="1" rowsep="0">– Maßnahme G380 – Altlußheim</entry><entry VJ="1" rowsep="0"/></row><row><entry VJ="1">– Maßnahme Altlußheim – Daxlanden</entry><entry VJ="1"/></row><row><entry VJ="1" colname="col1" morerows="3">20</entry><entry VJ="1" colname="col2" rowsep="0">Höchstspannungsleitung Grafenrheinfeld – Kupferzell – Großgartach; Drehstrom Nennspannung 380 kV</entry><entry VJ="1" colname="col3" rowsep="0">A1</entry></row><row><entry VJ="1" rowsep="0">mit den Einzelmaßnahmen</entry><entry VJ="1" rowsep="0"/></row><row><entry VJ="1" rowsep="0">– Maßnahme Grafenrheinfeld – Kupferzell</entry><entry VJ="1" rowsep="0">G</entry></row><row><entry VJ="1">– Maßnahme Großgartach – Kupferzell</entry><entry VJ="1"/></row><row><entry VJ="1" colname="col1">21</entry><entry VJ="1" colname="col2">Höchstspannungsleitung Daxlanden – Kuppenheim – Bühl – Eichstetten; Drehstrom Nennspannung 380 kV</entry><entry VJ="1" colname="col3">D</entry></row><row><entry VJ="1">22</entry><entry VJ="1" align="left">Höchstspannungsleitung Großgartach – Endersbach; Drehstrom Nennspannung 380 kV</entry><entry VJ="1" align="justify">–</entry></row><row><entry VJ="1">23</entry><entry VJ="1">Höchstspannungsleitung Herbertingen – Waldshut-Tiengen – Waldshut-Tiengen/Weilheim mit Abzweig Pfullendorf/Wald und Abzweig Beuren; Drehstrom Nennspannung 380 kV</entry><entry VJ="1" align="justify">–</entry></row><row><entry VJ="1" colname="col1">24</entry><entry VJ="1" colname="col2">Höchstspannungsleitung Punkt Rommelsbach – Herbertingen; Drehstrom Nennspannung 380 kV</entry><entry VJ="1" colname="col3">–</entry></row><row><entry VJ="1" colname="col1">25</entry><entry VJ="1" colname="col2">Höchstspannungsleitung Punkt Wullenstetten – Punkt Niederwangen; Drehstrom Nennspannung 380 kV</entry><entry VJ="1" colname="col3">A1</entry></row><row><entry VJ="1" colname="col1">26</entry><entry VJ="1" colname="col2">Höchstspannungsleitung Bärwalde – Schmölln; Drehstrom Nennspannung 380 kV</entry><entry VJ="1" colname="col3">–</entry></row><row><entry VJ="1" colname="col1">27</entry><entry VJ="1" colname="col2">Höchstspannungsleitung Abzweig Welsleben – Förderstedt; Drehstrom Nennspannung 380 kV</entry><entry VJ="1" colname="col3">–</entry></row><row><entry VJ="1" colname="col1">28</entry><entry VJ="1" colname="col2">Höchstspannungsleitung Abzweig Parchim Süd – Neuburg; Drehstrom Nennspannung 380 kV</entry><entry VJ="1" colname="col3">–</entry></row><row><entry VJ="1" colname="col1">29</entry><entry VJ="1" colname="col2">Höchstspannungsleitung Anbindung Offshore-Windpark Kriegers Flak (DK) mit Verbindung Offshore-Windpark Kriegers Flak (DK) – Offshore-Windpark Baltic 2 (Combined Grid Solution); Gleichstrom, Drehstrom</entry><entry VJ="1" colname="col3">B</entry></row><row><entry VJ="1" colname="col1">30</entry><entry VJ="1" colname="col2">Höchstspannungsleitung Oberzier – Bundesgrenze (BE); Gleichstrom</entry><entry VJ="1" colname="col3">B, E</entry></row><row><entry VJ="1" colname="col1">31</entry><entry VJ="1" colname="col2">Höchstspannungsleitung Wilhelmshaven – Conneforde; Drehstrom Nennspannung 380 kV</entry><entry VJ="1" colname="col3">F</entry></row><row><entry VJ="1" morerows="5">32</entry><entry VJ="1" align="left" rowsep="0">Höchstspannungsleitung Altheim – Bundesgrenze (AT) – Pleinting mit Abzweigen Markt Tann/Gemeinde Zeilarn – Pirach und Matzenhof – Simbach; Drehstrom Nennspannung 380 kV</entry><entry VJ="1" align="justify" rowsep="0" valign="bottom"/></row><row><entry VJ="1" align="left" rowsep="0">mit den Einzelmaßnahmen</entry><entry VJ="1" rowsep="0"/></row><row><entry VJ="1" align="left" rowsep="0">– Maßnahme Altheim – Bundesgrenze (AT)</entry><entry VJ="1" rowsep="0"/></row><row><entry VJ="1" align="left" rowsep="0">– Maßnahme Bundesgrenze (AT) – Pleinting</entry><entry VJ="1" rowsep="0">F</entry></row><row><entry VJ="1" align="left" rowsep="0">– Maßnahme Abzweig Markt Tann/Gemeinde Zeilarn – Pirach</entry><entry VJ="1" rowsep="0">F</entry></row><row><entry VJ="1" align="left">– Maßnahme Abzweig Matzenhof – Simbach</entry><entry VJ="1"/></row><row><entry VJ="1" colname="col1">33</entry><entry VJ="1" colname="col2">Höchstspannungsleitung Schleswig-Holstein – Südnorwegen (NO) (NORD.LINK); Gleichstrom</entry><entry VJ="1" colname="col3">B</entry></row><row><entry VJ="1" colname="col1">34</entry><entry VJ="1" colname="col2">Höchstspannungsleitung Emden Ost – Conneforde; Drehstrom Nennspannung 380 kV</entry><entry VJ="1" colname="col3">F</entry></row><row><entry VJ="1" colname="col1">35</entry><entry VJ="1" colname="col2">Höchstspannungsleitung Birkenfeld – Mast 115A; Drehstrom Nennspannung 380 kV</entry><entry VJ="1" colname="col3">–</entry></row><row><entry VJ="1" colname="col1">36</entry><entry VJ="1" colname="col2">(aufgehoben)</entry><entry VJ="1" colname="col3"/></row><row><entry VJ="1" colname="col1">37</entry><entry VJ="1" colname="col2">(aufgehoben)</entry><entry VJ="1" colname="col3">–</entry></row><row><entry VJ="1" colname="col1">38</entry><entry VJ="1" colname="col2">Höchstspannungsleitung Dollern – Alfstedt – Hagen im Bremischen/Schwanewede – Elsfleth West; Drehstrom Nennspannung 380 kV</entry><entry VJ="1" colname="col3">–</entry></row><row><entry VJ="1" colname="col1" morerows="4">39</entry><entry VJ="1" colname="col2" rowsep="0">Höchstspannungsleitung Güstrow – Parchim Süd – Perleberg – Stendal West – Wolmirstedt; Drehstrom Nennspannung 380 kV</entry><entry VJ="1" colname="col3" rowsep="0">–</entry></row><row><entry VJ="1" rowsep="0">mit den Einzelmaßnahmen</entry><entry VJ="1" rowsep="0"/></row><row><entry VJ="1" rowsep="0">– Maßnahme Güstrow – Parchim Süd</entry><entry VJ="1" rowsep="0"/></row><row><entry VJ="1" rowsep="0">– Maßnahme Parchim Süd – Perleberg</entry><entry VJ="1" rowsep="0"/></row><row><entry VJ="1">– Maßnahme Perleberg – Stendal West – Wolmirstedt</entry><entry VJ="1"/></row><row><entry VJ="1" colname="col1">40</entry><entry VJ="1" colname="col2">Höchstspannungsleitung Punkt Neuravensburg – Bundesgrenze (AT); Drehstrom Nennspannung 380 kV</entry><entry VJ="1" colname="col3">A2</entry></row><row><entry VJ="1" morerows="3">41</entry><entry VJ="1" align="left" rowsep="0">Höchstspannungsleitung Raitersaich – Altdorf b. Nürnberg/Winkelhaid – Sittling – Altheim; Drehstrom Nennspannung 380 kV</entry><entry VJ="1" align="justify" rowsep="0">F</entry></row><row><entry VJ="1" align="left" rowsep="0">mit den Einzelmaßnahmen</entry><entry VJ="1" align="justify" rowsep="0"/></row><row><entry VJ="1" align="left" rowsep="0">– Maßnahme Raitersaich – Altdorf b. Nürnberg/Winkelhaid</entry><entry VJ="1" align="justify" rowsep="0"/></row><row><entry VJ="1" align="left">– Maßnahme Altdorf b. Nürnberg/Winkelhaid – Sittling – Altheim</entry><entry VJ="1" align="justify"/></row><row><entry VJ="1" colname="col1" morerows="4">42</entry><entry VJ="1" colname="col2" rowsep="0">Höchstspannungsleitung Kreis Segeberg – Lübeck – Siems mit Abzweig Ratekau – Göhl; Drehstrom Nennspannung 380 kV</entry><entry VJ="1" colname="col3" rowsep="0">F</entry></row><row><entry VJ="1" rowsep="0">mit den Einzelmaßnahmen</entry><entry VJ="1" rowsep="0"/></row><row><entry VJ="1" rowsep="0">– Maßnahme Kreis Segeberg – Lübeck</entry><entry VJ="1" rowsep="0"/></row><row><entry VJ="1" rowsep="0">– Maßnahme Lübeck – Siems</entry><entry VJ="1" rowsep="0"/></row><row><entry VJ="1">– Maßnahme Abzweig Ratekau – Göhl</entry><entry VJ="1"/></row><row><entry VJ="1" colname="col1">43</entry><entry VJ="1" colname="col2">Höchstspannungsleitung Borken – Mecklar; Drehstrom Nennspannung 380 kV</entry><entry VJ="1" colname="col3">–</entry></row><row><entry VJ="1">44</entry><entry VJ="1" align="left">Höchstspannungsleitung Schraplau/Obhausen – Wolkramshausen – Vieselbach; Drehstrom Nennspannung 380 kV</entry><entry VJ="1" align="justify">A1</entry></row><row><entry VJ="1" colname="col1">45</entry><entry VJ="1" colname="col2">Höchstspannungsleitung Borken – Twistetal; Drehstrom Nennspannung 380 kV</entry><entry VJ="1" colname="col3">–</entry></row><row><entry VJ="1" colname="col1">46</entry><entry VJ="1" colname="col2">Höchstspannungsleitung Redwitz – Landesgrenze Bayern/Thüringen (Punkt Tschirn); Drehstrom Nennspannung 380 kV</entry><entry VJ="1" colname="col3">–</entry></row><row><entry VJ="1" colname="col1">47</entry><entry VJ="1" colname="col2">Höchstspannungsleitung Oberbachern – Ottenhofen; Drehstrom Nennspannung 380 kV</entry><entry VJ="1" colname="col3">–</entry></row><row><entry VJ="1" morerows="4">48</entry><entry VJ="1" align="left" rowsep="0">Höchstspannungsleitung Heide West – Polsum; Gleichstrom</entry><entry VJ="1" align="justify" rowsep="0">A1, B, E, H</entry></row><row><entry VJ="1" align="left" rowsep="0">mit den Bestandteilen</entry><entry VJ="1" rowsep="0"/></row><row><entry VJ="1" align="left" rowsep="0">– Heide West – B 431 südlich Roßkopp (Wewelsfleth)</entry><entry VJ="1" rowsep="0"/></row><row><entry VJ="1" align="left" rowsep="0">– B 431 südlich Roßkopp (Wewelsfleth) – L 111 östlich Allwörden (Freiburg (Elbe)/Wischhafen)</entry><entry VJ="1" rowsep="0">G</entry></row><row><entry VJ="1" align="left">– L 111 östlich Allwörden (Freiburg (Elbe)/Wischhafen) – Polsum</entry><entry VJ="1"/></row><row><entry VJ="1">49</entry><entry VJ="1" align="left">Höchstspannungsleitung Wilhelmshaven/Landkreis Friesland – Lippetal/Welver/Hamm; Gleichstrom</entry><entry VJ="1" align="justify">A1, B, E, H</entry></row><row><entry VJ="1">50</entry><entry VJ="1" align="left">Höchstspannungsleitung Brunsbüttel – Büttel – Wilster West – Amt Geest und Marsch Südholstein; Drehstrom Nennspannung 380 kV</entry><entry VJ="1" align="justify">–</entry></row><row><entry VJ="1" rowsep="0" valign="middle">51</entry><entry VJ="1" align="left" rowsep="0">Höchstspannungsleitung Hamburg Nord – Hamburg Ost – Ämter Büchen/Breitenfelde/Schwarzenbek-Land; Drehstrom Nennspannung 380 kV</entry><entry VJ="1" rowsep="0">A1</entry></row><row><entry VJ="1" align="left" rowsep="0"/><entry VJ="1" align="left" rowsep="0">mit den Einzelmaßnahmen</entry><entry VJ="1" rowsep="0"/></row><row><entry VJ="1" align="left" rowsep="0"/><entry VJ="1" align="left" rowsep="0">– Hamburg Nord – Hamburg Ost</entry><entry VJ="1" rowsep="0"/></row><row><entry VJ="1" align="left"/><entry VJ="1" align="left">– Hamburg Ost – Ämter Büchen/Breitenfelde/Schwarzenbek-Land</entry><entry VJ="1"/></row><row><entry VJ="1" rowsep="0">52</entry><entry VJ="1" align="left" rowsep="0">Höchstspannungsleitung Güstrow – Bentwisch – Sanitz/Gnewitz/Dettmannsdorf/Marlow; Drehstrom Nennspannung 380 kV</entry><entry VJ="1" rowsep="0">–</entry></row><row><entry VJ="1" align="left" rowsep="0"/><entry VJ="1" align="left" rowsep="0">mit den Einzelmaßnahmen</entry><entry VJ="1" rowsep="0"/></row><row><entry VJ="1" align="left" rowsep="0"/><entry VJ="1" align="left" rowsep="0">– Güstrow – Bentwisch</entry><entry VJ="1" rowsep="0"/></row><row><entry VJ="1" align="left"/><entry VJ="1" align="left">– Bentwisch – Sanitz/Gnewitz/Dettmannsdorf/Marlow</entry><entry VJ="1"/></row><row><entry VJ="1">53</entry><entry VJ="1" align="left">Höchstspannungsleitung Güstrow – Siedenbrünzow –<BR/>Iven/Krusenfelde/Krien/Spantekow/Werder/Bartow – Pasewalk Nord – Pasewalk;<BR/>Drehstrom Nennspannung 380 kV</entry><entry VJ="1">–</entry></row><row><entry VJ="1">54</entry><entry VJ="1" align="left">Höchstspannungsleitung Conneforde – Unterweser; Drehstrom Nennspannung 380 kV</entry><entry VJ="1" align="justify">–</entry></row><row><entry VJ="1">55</entry><entry VJ="1" align="left">Höchstspannungsleitung Elsfleth West – Ganderkesee/Lemwerder/Berne – Ganderkesee; Drehstrom Nennspannung 380 kV</entry><entry VJ="1" align="justify">-</entry></row><row><entry VJ="1">56</entry><entry VJ="1" align="left">Höchstspannungsleitung Conneforde – Ovelgönne/Rastede/Wiefelstede/Westerstede – Elsfleth West – Bezirk Bremen-West/Lilienthal/Ritterhude – Samtgemeinde Sottrum; Drehstrom Nennspannung 380 kV</entry><entry VJ="1">–</entry></row><row><entry VJ="1">57</entry><entry VJ="1" align="left">Höchstspannungsleitung Dollern – Samtgemeinde Sottrum – Grafschaft Hoya – Ovenstädt – Eickum – Bechterdissen; Drehstrom Nennspannung 380 kV</entry><entry VJ="1">–</entry></row><row><entry VJ="1">58</entry><entry VJ="1" align="left">Höchstspannungsleitung Ämter Büchen/Breitenfelde/Schwarzenbek-Land –<BR/>Lüneburg/Samtgemeinde Gellersen/Samtgemeinde Ilmenau – Stadorf – Wahle;<BR/>Drehstrom Nennspannung 380 kV</entry><entry VJ="1">–</entry></row><row><entry VJ="1" rowsep="0">59</entry><entry VJ="1" align="left" rowsep="0">Höchstspannungsleitung Landesbergen – Lehrte – Mehrum Nord – Vechelde – Salzgitter; Drehstrom Nennspannung 380 kV</entry><entry VJ="1" rowsep="0">–</entry></row><row><entry VJ="1" align="left" rowsep="0"/><entry VJ="1" align="left" rowsep="0">mit den Einzelmaßnahmen</entry><entry VJ="1" rowsep="0"/></row><row><entry VJ="1" align="left" rowsep="0"/><entry VJ="1" align="left" rowsep="0">– Landesbergen – Lehrte – Mehrum Nord</entry><entry VJ="1" rowsep="0"/></row><row><entry VJ="1" align="left" rowsep="0"/><entry VJ="1" align="left" rowsep="0">– Mehrum Nord – Vechelde</entry><entry VJ="1" rowsep="0"/></row><row><entry VJ="1" align="left"/><entry VJ="1" align="left">– Vechelde – Salzgitter</entry><entry VJ="1"/></row><row><entry VJ="1">60</entry><entry VJ="1" align="left">Höchstspannungsleitung Siedenbrünzow – Güstrow – Putlitz Süd – Putlitz – Perleberg – Stendal West – Wolmirstedt – Schwanebeck/Huy – Klostermansfeld – Schraplau/Obhausen – Lauchstädt;<BR/>Drehstrom Nennspannung 380 kV</entry><entry VJ="1">A1</entry></row><row><entry VJ="1">61</entry><entry VJ="1" align="left">Höchstspannungsleitung Ragow – Streumen; Drehstrom Nennspannung 380 kV</entry><entry VJ="1" align="justify">A1</entry></row><row><entry VJ="1">62</entry><entry VJ="1" align="left">Höchstspannungsleitung Graustein – Bärwalde; Drehstrom Nennspannung 380 kV</entry><entry VJ="1" align="justify">–</entry></row><row><entry VJ="1">63</entry><entry VJ="1" align="left">Höchstspannungsleitung Hanekenfähr – Gronau; Drehstrom Nennspannung 380 kV</entry><entry VJ="1" align="justify">A1</entry></row><row><entry VJ="1">64</entry><entry VJ="1" align="left">Höchstspannungsleitung Hattingen – Bezirk Ronsdorf (Wuppertal);<BR/>Drehstrom Nennspannung 380 kV</entry><entry VJ="1" align="justify">–</entry></row><row><entry VJ="1" morerows="3">65</entry><entry VJ="1" align="left" rowsep="0">Höchstspannungsleitung Borken – Gießen Nord – Karben; Drehstrom Nennspannung 380 kV</entry><entry VJ="1" align="justify" rowsep="0">–</entry></row><row><entry VJ="1" align="left" rowsep="0">mit den Einzelmaßnahmen</entry><entry VJ="1" align="justify" rowsep="0"/></row><row><entry VJ="1" align="left" rowsep="0">– Maßnahme Borken – Gießen Nord</entry><entry VJ="1" align="justify" rowsep="0"/></row><row><entry VJ="1" align="left">– Maßnahme Gießen Nord – Karben</entry><entry VJ="1" align="justify"/></row><row><entry VJ="1">66</entry><entry VJ="1" align="left">Höchstspannungsleitung Großkrotzenburg – Dettingen – Urberach; Drehstrom Nennspannung 380 kV</entry><entry VJ="1" align="justify">–</entry></row><row><entry VJ="1">67</entry><entry VJ="1" align="left">Höchstspannungsleitung Bürstadt – BASF (Ludwigshafen am Rhein); Drehstrom Nennspannung 380 kV</entry><entry VJ="1" align="justify">A1, G</entry></row><row><entry VJ="1">68</entry><entry VJ="1" align="left">Höchstspannungsleitung Höpfingen – Hüffenhardt; Drehstrom Nennspannung 380 kV</entry><entry VJ="1" align="justify">–</entry></row><row><entry VJ="1">69</entry><entry VJ="1" align="left">Höchstspannungsleitung Güstrow – Schweden (Hansa PowerBridge); Gleichstrom</entry><entry VJ="1" align="justify">B</entry></row><row><entry VJ="1">70</entry><entry VJ="1" align="left">Höchstspannungsleitung Fedderwarden – Vereinigtes Königreich (NeuConnect); Gleichstrom</entry><entry VJ="1" align="justify">B</entry></row><row><entry VJ="1">71</entry><entry VJ="1" align="left">Höchstspannungsleitung Landkreis Trier-Saarburg – Bundesgrenze (LU); Drehstrom Nennspannung 380 kV</entry><entry VJ="1" align="justify">A2, G</entry></row><row><entry VJ="1">72</entry><entry VJ="1" align="left">Höchstspannungsleitung Eichstetten – Bundesgrenze (FR); Drehstrom Nennspannung 380 kV</entry><entry VJ="1" align="justify">A2, G</entry></row><row><entry VJ="1" morerows="3">73</entry><entry VJ="1" align="left" rowsep="0">Höchstspannungsleitung Wilhelmshaven/Landkreis Friesland – Fedderwarden – Conneforde; Drehstrom Nennspannung 380 kV</entry><entry VJ="1" align="justify" rowsep="0">–</entry></row><row><entry VJ="1" align="left" rowsep="0">mit den Einzelmaßnahmen</entry><entry VJ="1" align="justify" rowsep="0"/></row><row><entry VJ="1" align="left" rowsep="0">– Wilhelmshaven/Landkreis Friesland – Fedderwarden</entry><entry VJ="1" align="justify" rowsep="0"/></row><row><entry VJ="1" align="left">– Wilhelmshaven/Landkreis Friesland – Conneforde</entry><entry VJ="1" align="justify"/></row><row><entry VJ="1">74</entry><entry VJ="1" align="left">Höchstspannungsleitung Punkt Blatzheim – Oberzier; Drehstrom Nennspannung 380 kV</entry><entry VJ="1" align="justify">–</entry></row><row><entry VJ="1" rowsep="0">75</entry><entry VJ="1" align="left" rowsep="0">Höchstspannungsleitung Siersdorf – Zukunft/Verlautenheide – Zukunft – Verlautenheide; Drehstrom Nennspannung 380 kV</entry><entry VJ="1" rowsep="0">–</entry></row><row><entry VJ="1" align="left" rowsep="0"/><entry VJ="1" align="left" rowsep="0">mit den Einzelmaßnahmen</entry><entry VJ="1" rowsep="0"/></row><row><entry VJ="1" align="left" rowsep="0"/><entry VJ="1" align="left" rowsep="0">– Siersdorf – Zukunft/Verlautenheide</entry><entry VJ="1" rowsep="0"/></row><row><entry VJ="1" align="left"/><entry VJ="1" align="left">– Zukunft – Verlautenheide</entry><entry VJ="1"/></row><row><entry VJ="1">76</entry><entry VJ="1" align="left">Höchstspannungsleitung Kriftel – Farbwerke Höchst-Süd; Drehstrom Nennspannung 380 kV</entry><entry VJ="1" align="justify">–</entry></row><row><entry VJ="1">77</entry><entry VJ="1" align="left">Höchstspannungsleitung Isar – Altheim; Drehstrom Nennspannung 380 kV</entry><entry VJ="1" align="justify">F</entry></row><row><entry VJ="1" morerows="4">78</entry><entry VJ="1" align="left" rowsep="0">Höchstspannungsleitung Grenzkorridor II – Hanekenfähr (DolWin4); Gleichstrom</entry><entry VJ="1" align="justify" rowsep="0">B, E</entry></row><row><entry VJ="1" align="left" rowsep="0">mit den Bestandteilen</entry><entry VJ="1" align="justify" rowsep="0"/></row><row><entry VJ="1" align="left" rowsep="0">– Grenzkorridor II – Emden</entry><entry VJ="1" align="justify" rowsep="0"/></row><row><entry VJ="1" align="left" rowsep="0">– Emden – Wietmarschen/Geeste</entry><entry VJ="1" align="justify" rowsep="0">A2, G</entry></row><row><entry VJ="1" align="left">– Wietmarschen/Geeste – Hanekenfähr</entry><entry VJ="1" align="justify"/></row><row><entry VJ="1" morerows="3">79</entry><entry VJ="1" align="left" rowsep="0">Höchstspannungsleitung Grenzkorridor II – Hanekenfähr (BorWin4); Gleichstrom mit den Bestandteilen</entry><entry VJ="1" align="justify" rowsep="0">B, E</entry></row><row><entry VJ="1" align="left" rowsep="0">– Grenzkorridor II – Emden</entry><entry VJ="1" align="justify" rowsep="0"/></row><row><entry VJ="1" align="left" rowsep="0">– Emden – Wietmarschen/Geeste</entry><entry VJ="1" align="justify" rowsep="0">A2, G</entry></row><row><entry VJ="1" align="left">– Wietmarschen/Geeste – Hanekenfähr</entry><entry VJ="1" align="justify"/></row><row><entry VJ="1">80</entry><entry VJ="1" align="left">Höchstspannungsleitung Grenzkorridor V – Büttel (BorWin6); Gleichstrom</entry><entry VJ="1" align="justify">B</entry></row><row><entry VJ="1">81</entry><entry VJ="1">Höchstspannungsleitung Hemmingstedt/Lieth/Lohe-Rickelshof/Wöhrden – Klein Rogahn/Stralendorf/Warsow/Holthusen/Schossin; Gleichstrom</entry><entry VJ="1">A1, B, E</entry></row><row><entry VJ="1">81a</entry><entry VJ="1">Höchstspannungsleitung Pöschendorf/Hadenfeld/Kaisborstel/Agethorst/Mehlbek – Klein Rogahn/Stralendorf/Warsow/Holthusen/Schossin; Gleichstrom</entry><entry VJ="1">A1, B, E</entry></row><row><entry VJ="1" rowsep="0">81b</entry><entry VJ="1" rowsep="0">Höchstspannungsleitung Grenzkorridor N-V – Pöschendorf/Hadenfeld/Kaisborstel/Agethorst/Mehlbek; Gleichstrom mit den Bestandteilen</entry><entry VJ="1" rowsep="0">B, E</entry></row><row><entry VJ="1" align="left" rowsep="0"/><entry VJ="1" rowsep="0">– Grenzkorridor N-V – Hemmingstedt/Epenwöhrden</entry><entry VJ="1" rowsep="0"/></row><row><entry VJ="1" align="left"/><entry VJ="1">– Hemmingstedt/Epenwöhrden – Pöschendorf/Hadenfeld/Kaisborstel/Agethorst/Mehlbek</entry><entry VJ="1">A2, G</entry></row><row><entry VJ="1" rowsep="0">81c</entry><entry VJ="1" rowsep="0">Höchstspannungsleitung Grenzkorridor N-V – Pöschendorf/Hadenfeld/Kaisborstel/Agethorst/Mehlbek; Gleichstrom mit den Bestandteilen</entry><entry VJ="1" rowsep="0">B, E</entry></row><row><entry VJ="1" align="left" rowsep="0"/><entry VJ="1" rowsep="0">– Grenzkorridor N-V – Hemmingstedt/Epenwöhrden</entry><entry VJ="1" rowsep="0"/></row><row><entry VJ="1" align="left"/><entry VJ="1">– Hemmingstedt/Epenwöhrden – Pöschendorf/Hadenfeld/Kaisborstel/Agethorst/Mehlbek</entry><entry VJ="1">A2, G</entry></row><row><entry VJ="1" rowsep="0">81d</entry><entry VJ="1" rowsep="0">Höchstspannungsleitung Grenzkorridor N-V – Ämter Büchen/Breitenfelde/Schwarzenbek-Land; Gleichstrom mit den Bestandteilen</entry><entry VJ="1" rowsep="0">B, E</entry></row><row><entry VJ="1" align="left" rowsep="0"/><entry VJ="1" rowsep="0">– Grenzkorridor N-V – Hemmingstedt/Epenwöhrden</entry><entry VJ="1" rowsep="0"/></row><row><entry VJ="1" align="left" rowsep="0"/><entry VJ="1" rowsep="0">– Hemmingstedt/Epenwöhrden – Seth/Leezen/Groß Niendorf/Travenbrück</entry><entry VJ="1" rowsep="0">A2, G</entry></row><row><entry VJ="1" align="left" rowsep="0"/><entry VJ="1" rowsep="0">– Seth/Leezen/Groß Niendorf/Travenbrück – Ämter Büchen/Breitenfelde/Schwarzenbek-Land</entry><entry VJ="1" rowsep="0">A2, G</entry></row><row><entry VJ="1" rowsep="0">81e</entry><entry VJ="1" rowsep="0">Höchstspannungsleitung Grenzkorridor N-V – Ämter Büchen/Breitenfelde/Schwarzenbek-Land; Gleichstrom mit den Bestandteilen</entry><entry VJ="1" rowsep="0">B, E</entry></row><row><entry VJ="1" align="left" rowsep="0"/><entry VJ="1" rowsep="0">– Grenzkorridor N-V – Hemmingstedt/Epenwöhrden</entry><entry VJ="1" rowsep="0"/></row><row><entry VJ="1" align="left" rowsep="0"/><entry VJ="1" rowsep="0">– Hemmingstedt/Epenwöhrden – Seth/Leezen/Groß Niendorf/Travenbrück</entry><entry VJ="1" rowsep="0">A2, G</entry></row><row><entry VJ="1" align="left"/><entry VJ="1">– Seth/Leezen/Groß Niendorf/Travenbrück – Ämter Büchen/Breitenfelde/Schwarzenbek-Land</entry><entry VJ="1">A2, G</entry></row><row><entry VJ="1" rowsep="0">81f</entry><entry VJ="1" rowsep="0">Höchstspannungsleitung Grenzkorridor N-V – Wiemersdorf/Hardebek; Gleichstrom mit den Bestandteilen</entry><entry VJ="1" rowsep="0">B, E</entry></row><row><entry VJ="1" align="left" rowsep="0"/><entry VJ="1" rowsep="0">– Grenzkorridor N-V – Hemmingstedt/Epenwöhrden</entry><entry VJ="1" rowsep="0"/></row><row><entry VJ="1" align="left" rowsep="0"/><entry VJ="1" rowsep="0">– Hemmingstedt/Epenwöhrden – Hagen/Fuhlendorf/Bad Bramstedt/Bimöhlen</entry><entry VJ="1" rowsep="0">A2, G</entry></row><row><entry VJ="1" align="left"/><entry VJ="1">– Hagen/Fuhlendorf/Bad Bramstedt/Bimöhlen – Wiemersdorf/Hardebek</entry><entry VJ="1">A2, G</entry></row><row><entry VJ="1">82</entry><entry VJ="1" align="left">Höchstspannungsleitung Ovelgönne/Rastede/Wiefelstede/Westerstede – Bürstadt; Gleichstrom</entry><entry VJ="1">A1, B, E</entry></row><row><entry VJ="1">82a</entry><entry VJ="1">Höchstspannungsleitung Ovelgönne/Rastede/Wiefelstede/Westerstede – Hofheim am Taunus; Gleichstrom</entry><entry VJ="1">A1, B, E</entry></row><row><entry VJ="1" rowsep="0">82b</entry><entry VJ="1" rowsep="0">Höchstspannungsleitung Grenzkorridor N-III – Kriftel; Gleichstrom mit den Bestandteilen</entry><entry VJ="1" rowsep="0">B, E</entry></row><row><entry VJ="1" align="left" rowsep="0"/><entry VJ="1" rowsep="0">– Grenzkorridor N-III – Ovelgönne/Rastede/Wiefelstede/Westerstede</entry><entry VJ="1" rowsep="0"/></row><row><entry VJ="1" align="left"/><entry VJ="1">– Ovelgönne/Rastede/Wiefelstede/Westerstede – Kriftel</entry><entry VJ="1">A1</entry></row><row><entry VJ="1" rowsep="0">82c</entry><entry VJ="1" rowsep="0">Höchstspannungsleitung Grenzkorridor N-III – Bürstadt/Biblis/Groß-Rohrheim/Gernsheim/Biebesheim am Rhein; Gleichstrom mit den Bestandteilen</entry><entry VJ="1" rowsep="0">B, E</entry></row><row><entry VJ="1" align="left" rowsep="0"/><entry VJ="1" rowsep="0">– Grenzkorridor N-III – Ovelgönne/Rastede/Wiefelstede/Westerstede</entry><entry VJ="1" rowsep="0"/></row><row><entry VJ="1" align="left"/><entry VJ="1">– Ovelgönne/Rastede/Wiefelstede/Westerstede – Bürstadt/Biblis/Groß-Rohrheim/Gernsheim/Biebesheim am Rhein</entry><entry VJ="1">A1</entry></row><row><entry VJ="1">83</entry><entry VJ="1" align="left">Höchstspannungsleitung Sanitz/Gnewitz/Dettmannsdorf/Marlow – Schweden (Hansa PowerBridge II); Gleichstrom</entry><entry VJ="1">B</entry></row><row><entry VJ="1">84</entry><entry VJ="1" align="left">Höchstspannungsleitung Lübeck – Ämter Büchen/Breitenfelde/Schwarzenbek-Land; Drehstrom Nennspannung 380 kV</entry><entry VJ="1">–</entry></row><row><entry VJ="1">85</entry><entry VJ="1" align="left">Höchstspannungsleitung Güstrow – Wessin – Görries – Klein Rogahn/Stralendorf/Warsow/Holthusen/Schossin – Ämter Büchen/Breitenfelde/Schwarzenbek-Land – Krümmel; Drehstrom Nennspannung 380 kV</entry><entry VJ="1">A1, G</entry></row><row><entry VJ="1">86</entry><entry VJ="1" align="left">Höchstspannungsleitung Emden Ost – Bundesgrenze (NL);<BR/>Drehstrom Nennspannung 380 kV</entry><entry VJ="1">A2</entry></row><row><entry VJ="1" rowsep="0">87</entry><entry VJ="1" rowsep="0">Höchstspannungsleitungen Netzausbau und Verstärkung Berlin, Drehstrom, Nennspannung 380 kV mit den Bestandteilen</entry><entry VJ="1" rowsep="0"/></row><row><entry VJ="1" align="justify" rowsep="0"/><entry VJ="1" align="left" rowsep="0"><DL Font="normal" Type="Dash"><DT>–</DT><DD Font="normal"><LA Size="normal">Höchstspannungsleitungen Punkt Biesdorf Süd – Wuhlheide</LA></DD></DL></entry><entry VJ="1" rowsep="0"/></row><row><entry VJ="1" align="justify" rowsep="0"/><entry VJ="1" align="left" rowsep="0"><DL Font="normal" Type="Dash"><DT>–</DT><DD Font="normal"><LA Size="normal">Thyrow – Großbeeren/Blankenfelde-Mahlow – Schönefeld mit Abzweig Bezirk Steglitz-Zehlendorf (Berlin) – Bezirke Mitte/Friedrichshain-Kreuzberg (Berlin)</LA></DD></DL></entry><entry VJ="1" rowsep="0">A1, F, G</entry></row><row><entry VJ="1" align="justify" rowsep="0"/><entry VJ="1" align="left" rowsep="0"><DL Font="normal" Type="Dash"><DT>–</DT><DD Font="normal"><LA Size="normal">Malchow – Bezirke Mitte/Reinickendorf (Berlin) – Reuter</LA></DD></DL></entry><entry VJ="1" rowsep="0">A1, F, G</entry></row><row><entry VJ="1" align="justify"/><entry VJ="1" align="left"><DL Font="normal" Type="Dash"><DT>–</DT><DD Font="normal"><LA Size="normal">Reuter – Teufelsbruch</LA></DD></DL></entry><entry VJ="1">F</entry></row><row><entry VJ="1">88</entry><entry VJ="1" align="left">Höchstspannungsleitung Landesbergen – Grohnde – Vörden – Würgassen – Sandershausen Ost – Bergshausen – Borken; Drehstrom Nennspannung 380 kV</entry><entry VJ="1">A1</entry></row><row><entry VJ="1">89</entry><entry VJ="1" align="left">Höchstspannungsleitung Westerkappeln – Gersteinwerk; Drehstrom Nennspannung 380 kV</entry><entry VJ="1">–</entry></row><row><entry VJ="1">90</entry><entry VJ="1" align="left">Höchstspannungsleitung Gersteinwerk – Lippe – Mengede; Drehstrom Nennspannung 380 kV</entry><entry VJ="1">–</entry></row><row><entry VJ="1">91</entry><entry VJ="1" align="left">Höchstspannungsleitung Emscherbruch – Hüllen – Eiberg – Bochum – Hattingen; Drehstrom Nennspannung 380 kV</entry><entry VJ="1">–</entry></row><row><entry VJ="1">92</entry><entry VJ="1" align="left">Höchstspannungsleitung Walsum – Beeck; Drehstrom Nennspannung 380 kV</entry><entry VJ="1">–</entry></row><row><entry VJ="1">93</entry><entry VJ="1" align="left">Höchstspannungsleitung Lauchstädt – Leuna/Merseburg/Weißenfels – Pulgar; Drehstrom Nennspannung 380 kV</entry><entry VJ="1">A1</entry></row><row><entry VJ="1">94</entry><entry VJ="1" align="left">Höchstspannungsleitung Sechtem – Ließem – Weißenthurm; Drehstrom Nennspannung 380 kV</entry><entry VJ="1">A1</entry></row><row><entry VJ="1">95</entry><entry VJ="1" align="left">Höchstspannungsleitung Dahlem – Bundesgrenze (BE); Gleichstrom</entry><entry VJ="1">B, E</entry></row><row><entry VJ="1">96</entry><entry VJ="1" align="left">Höchstspannungsleitung Aschaffenburg – Urberach; Drehstrom Nennspannung 380 kV</entry><entry VJ="1">A1</entry></row><row><entry VJ="1">97</entry><entry VJ="1" align="left">Höchstspannungsleitung Uchtelfangen – Ensdorf – Bundesgrenze (FR); Drehstrom Nennspannung 380 kV</entry><entry VJ="1">A2, G</entry></row><row><entry VJ="1">98</entry><entry VJ="1" align="left">Höchstspannungsleitung Punkt Fraulautern – Saarwellingen/Saarlouis/Dillingen (Saar) – Diefflen; Drehstrom Nennspannung 380 kV</entry><entry VJ="1">–</entry></row><row><entry VJ="1">99</entry><entry VJ="1" align="left">Höchstspannungsleitung Waldshut-Tiengen – Bundesgrenze (CH); Drehstrom Nennspannung 380 kV</entry><entry VJ="1"/></row></tbody></tgroup></table></P><P><B>Kennzeichnung</B><table frame="none" pgwide="1" tocentry="%yes;"><tgroup align="left" char="" charoff="50" cols="3"><colspec colname="col1" colwidth="5.36*"/><colspec colname="col2" colwidth="4.44*"/><colspec colname="col3" colwidth="150.21*"/><tbody valign="top"><row><entry VJ="1" colname="col1" colsep="0" rowsep="0">A1</entry><entry VJ="1" colname="col2" colsep="0" rowsep="0">=</entry><entry VJ="1" colname="col3" rowsep="0">Länderübergreifende Leitung im Sinne von § 2 Absatz 1 Satz 1</entry></row><row><entry VJ="1" colname="col1" colsep="0" rowsep="0">A2</entry><entry VJ="1" colname="col2" colsep="0" rowsep="0">=</entry><entry VJ="1" colname="col3" rowsep="0">Grenzüberschreitende Leitung im Sinne von § 2 Absatz 1 Satz 2</entry></row><row><entry VJ="1" colname="col1" colsep="0" rowsep="0">B</entry><entry VJ="1" colname="col2" colsep="0" rowsep="0">=</entry><entry VJ="1" colname="col3" rowsep="0">Pilotprojekt für verlustarme Übertragung hoher Leistungen über große Entfernungen im Sinne von § 2 Absatz 2</entry></row><row><entry VJ="1" colname="col1" colsep="0" rowsep="0">C</entry><entry VJ="1" colname="col2" colsep="0" rowsep="0">=</entry><entry VJ="1" colname="col3" rowsep="0">Offshore-Anbindungsleitung im Sinne von § 2 Absatz 3</entry></row><row><entry VJ="1" colname="col1" colsep="0" rowsep="0">D</entry><entry VJ="1" colname="col2" colsep="0" rowsep="0">=</entry><entry VJ="1" colname="col3" rowsep="0">Pilotprojekt für Hochtemperaturleiterseile im Sinne von § 2 Absatz 4</entry></row><row><entry VJ="1" colname="col1" colsep="0" rowsep="0">E</entry><entry VJ="1" colname="col2" colsep="0" rowsep="0">=</entry><entry VJ="1" colname="col3" rowsep="0">Erdkabel für Leitungen zur Höchstspannungs-Gleichstrom-Übertragung im Sinne von § 2 Absatz 5</entry></row><row><entry VJ="1" colname="col1" colsep="0" rowsep="0">F</entry><entry VJ="1" colname="col2" colsep="0" rowsep="0">=</entry><entry VJ="1" colname="col3" rowsep="0">Pilotprojekt für Erdkabel zur Höchstspannungs-Drehstrom-Übertragung im Sinne von § 2 Absatz 6</entry></row><row><entry VJ="1" colsep="0" rowsep="0">G</entry><entry VJ="1" colsep="0" rowsep="0">=</entry><entry VJ="1" rowsep="0">Kennzeichnung für den Verzicht auf die Bundesfachplanung im Sinne von § 2 Absatz 7</entry></row><row><entry VJ="1" colsep="0">H</entry><entry VJ="1" colsep="0">=</entry><entry VJ="1">Kennzeichnung für die Leerrohrmöglichkeit im Sinne von § 2 Absatz 8</entry></row></tbody></tgroup></table></P></Content></text><fussnoten/></textdaten></norm>
</dokumente>