<?xml version="1.0" encoding="UTF-8" ?><!DOCTYPE dokumente SYSTEM "http://www.gesetze-im-internet.de/dtd/1.01/gii-norm.dtd">
<dokumente builddate="20120625145856" doknr="BJNR203290978"><norm builddate="20120625145856" doknr="BJNR203290978"><metadaten><jurabk>EuRHiÜbkVtr FRA</jurabk><ausfertigung-datum manuell="ja">1974-10-24</ausfertigung-datum><fundstelle typ="amtlich"><periodikum>BGBl II</periodikum><zitstelle>1978, 329</zitstelle></fundstelle><langue>Vertrag zwischen der Bundesrepublik Deutschland und der Französischen
Republik zu dem Europäischen Übereinkommen vom 20. April 1959 über die
Rechtshilfe in Strafsachen</langue></metadaten><textdaten><text format="decorated"/><fussnoten><Content><P>G v. 28.3.1978 II 328 <BR/>Inkraft gem. Bek. v. 10.11.1980 II 1435 mWv 1.1.1981</P></Content></fussnoten></textdaten></norm>
</dokumente>