<?xml version="1.0" encoding="UTF-8" ?><!DOCTYPE dokumente SYSTEM "http://www.gesetze-im-internet.de/dtd/1.01/gii-norm.dtd">
<dokumente builddate="20130405132214" doknr="BJNR219700010"><norm builddate="20130405132214" doknr="BJNR219700010"><metadaten><jurabk>StipGDV</jurabk><amtabk>StipV</amtabk><ausfertigung-datum manuell="ja">2010-12-20</ausfertigung-datum><fundstelle typ="amtlich"><periodikum>BGBl I</periodikum><zitstelle>2010, 2197</zitstelle></fundstelle><kurzue>Stipendienprogramm-Verordnung</kurzue><langue>Verordnung zur Durchführung des Stipendienprogramm-Gesetzes</langue><standangabe checked="ja"><standtyp>Stand</standtyp><standkommentar>Geändert durch Art. 2 V v. 29.11.2011 I 2450</standkommentar></standangabe></metadaten><textdaten><fussnoten><Content><P><BR/> <pre xml:space="preserve">(+++ Textnachweis ab: 23.12.2010 +++)<BR/><BR/></pre></P></Content></fussnoten></textdaten></norm>
<norm builddate="20130405132214" doknr="BJNR219700010BJNE000100000"><metadaten><jurabk>StipGDV</jurabk><enbez>Eingangsformel</enbez></metadaten><textdaten><text format="XML"><Content><P>Auf Grund des § 14 Nummer 1, 2, 7 und 8 des Stipendienprogramm-Gesetzes vom 21. Juli 2010 (BGBl. I S. 957) verordnet die Bundesregierung:</P></Content></text></textdaten></norm>
<norm builddate="20130405132214" doknr="BJNR219700010BJNE000200000"><metadaten><jurabk>StipGDV</jurabk><enbez>§ 1</enbez><titel format="XML">Bewerbungs- und Auswahlverfahren</titel></metadaten><textdaten><text format="XML"><Content><P>Die Hochschulen schreiben ihre zu vergebenden Stipendien mindestens einmal im Jahr aus. Spätestens mit der Ausschreibung machen die Hochschulen in allgemein zugänglicher Form bekannt <DL Type="arabic"><DT>1.</DT><DD Font="normal"><LA>die voraussichtliche Zahl und gegebenenfalls die Zweckbindung der zur Verfügung stehenden Stipendien,</LA></DD><DT>2.</DT><DD Font="normal"><LA>die Form der Bewerbung und die Stelle, bei der sie einzureichen ist,</LA></DD><DT>3.</DT><DD Font="normal"><LA>die von den Bewerbern beizubringenden Unterlagen,</LA></DD><DT>4.</DT><DD Font="normal"><LA>den Ablauf des Auswahlverfahrens und</LA></DD><DT>5.</DT><DD Font="normal"><LA>die Bewerbungsfristen.</LA></DD></DL>Vorschriften der Hochschulen zur weiteren Ausgestaltung der Bewerbungs- und Auswahlverfahren bleiben unberührt.</P></Content></text></textdaten></norm>
<norm builddate="20130405132214" doknr="BJNR219700010BJNE000300000"><metadaten><jurabk>StipGDV</jurabk><enbez>§ 2</enbez><titel format="XML">Auswahlkriterien</titel></metadaten><textdaten><text format="XML"><Content><P>(1) Leistung und Begabung im Sinne des § 3 Satz 1 des Gesetzes können insbesondere wie folgt nachgewiesen werden: <DL Type="arabic"><DT>1.</DT><DD Font="normal"><LA>für Studienanfängerinnen und Studienanfänger durch <DL Type="alpha"><DT>a)</DT><DD Font="normal"><LA>die Durchschnittsnote der Hochschulzugangsberechtigung unter besonderer Berücksichtigung der für das gewählte Studienfach relevanten Einzelnoten oder</LA></DD><DT>b)</DT><DD Font="normal"><LA>die besondere Qualifikation, die zum Studium an dieser Hochschule berechtigt,</LA></DD></DL></LA></DD><DT>2.</DT><DD Font="normal"><LA>für bereits immatrikulierte Studierende durch die bisher erbrachten Studienleistungen, insbesondere die erreichten ECTS-Punkte oder Ergebnisse einer Zwischenprüfung oder eines Vordiploms, für Studierende eines Master-Studiengangs auch die Abschlussnote des vorausgegangenen Studiums,</LA></DD></DL></P><P>(2) Bei der Gesamtbetrachtung des Potenzials der Bewerberin oder des Bewerbers sollen außerdem insbesondere berücksichtigt werden <DL Type="arabic"><DT>1.</DT><DD Font="normal"><LA>besondere Erfolge, Auszeichnungen und Preise, eine vorangegangene Berufstätigkeit und Praktika,</LA></DD><DT>2.</DT><DD Font="normal"><LA>außerschulisches oder außerfachliches Engagement wie eine ehrenamtliche Tätigkeit, gesellschaftliches, soziales, hochschulpolitisches oder politisches Engagement oder die Mitwirkung in Religionsgesellschaften, Verbänden oder Vereinen,</LA></DD><DT>3.</DT><DD Font="normal"><LA>besondere persönliche oder familiäre Umstände wie Krankheiten und Behinderungen, die Betreuung eigener Kinder, insbesondere als alleinerziehendes Elternteil, oder pflegebedürftiger naher Angehöriger, die Mitarbeit im familiären Betrieb, studienbegleitende Erwerbstätigkeiten, familiäre Herkunft oder ein Migrationshintergrund.</LA></DD></DL></P></Content></text></textdaten></norm>
<norm builddate="20130405132214" doknr="BJNR219700010BJNE000400000"><metadaten><jurabk>StipGDV</jurabk><enbez>§ 3</enbez><titel format="XML">Regelmäßige Begabungs- und Leistungsüberprüfung</titel></metadaten><textdaten><text format="XML"><Content><P>Die Hochschulen prüfen mindestens einmal jährlich, ob die Begabung und Leistung der Stipendiatin oder des Stipendiaten eine Fortgewähr des Stipendiums rechtfertigt. Sie legen hierzu im Bewilligungsbescheid den Zeitpunkt und die Art der Nachweise fest, welche die Stipendiatin oder der Stipendiat erbringen muss, um diese Prüfung zu ermöglichen. Besondere persönliche oder familiäre Umstände, unter denen die Leistung erbracht wurde, werden berücksichtigt.</P></Content></text></textdaten></norm>
<norm builddate="20130405132214" doknr="BJNR219700010BJNE000501310"><metadaten><jurabk>StipGDV</jurabk><enbez>§ 4</enbez><titel format="XML">(weggefallen)</titel></metadaten><textdaten><text format="XML"><Content><P>-</P></Content></text><fussnoten/></textdaten></norm>
<norm builddate="20130405132214" doknr="BJNR219700010BJNE000600000"><metadaten><jurabk>StipGDV</jurabk><enbez>§ 5</enbez><titel format="XML">Beirat</titel></metadaten><textdaten><text format="XML"><Content><P>(1) Der Beirat besteht aus zwölf Mitgliedern. Das Bundesministerium für Bildung und Forschung beruft: <DL Type="arabic"><DT>1.</DT><DD Font="normal"><LA>zwei Vertreterinnen oder Vertreter der zuständigen obersten Landesbehörden,</LA></DD><DT>2.</DT><DD Font="normal"><LA>zwei Vertreterinnen oder Vertreter der Hochschulen,</LA></DD><DT>3.</DT><DD Font="normal"><LA>zwei Vertreterinnen oder Vertreter der Studierenden,</LA></DD><DT>4.</DT><DD Font="normal"><LA>zwei Vertreterinnen oder Vertreter der privaten Mittelgeber,</LA></DD><DT>5.</DT><DD Font="normal"><LA>je eine Vertreterin oder einen Vertreter der Arbeitgeber und Arbeitnehmer,</LA></DD><DT>6.</DT><DD Font="normal"><LA>eine Vertreterin oder einen Vertreter der Wissenschaft sowie</LA></DD><DT>7.</DT><DD Font="normal"><LA>eine Vertreterin oder einen Vertreter des Deutschen Studentenwerk e. V.</LA></DD></DL>Die Mitglieder nach Satz 2 Nummer 1 und 3 werden auf Vorschlag des Bundesrates, die Mitglieder nach Nummer 2 auf Vorschlag der Hochschulrektorenkonferenz berufen. Das Bundesministerium für Bildung und Forschung kann ein Mitglied vorzeitig abberufen, wenn sich die Verhältnisse wesentlich verändert haben, die für die Berufung in den Beirat maßgebend waren.</P><P>(2) Die Geschäfte des Beirates führt das Bundesministerium für Bildung und Forschung oder eine von diesem beauftragte Stelle. Der Beirat gibt sich eine Geschäftsordnung, die der Zustimmung des Bundesministeriums für Bildung und Forschung bedarf.</P></Content></text></textdaten></norm>
<norm builddate="20130405132214" doknr="BJNR219700010BJNE000700000"><metadaten><jurabk>StipGDV</jurabk><enbez>§ 6</enbez><titel format="XML">Inkrafttreten</titel></metadaten><textdaten><text format="XML"><Content><P>Diese Verordnung tritt am Tag nach der Verkündung in Kraft.</P></Content></text></textdaten></norm>
<norm builddate="20130405132214" doknr="BJNR219700010BJNE000800000"><metadaten><jurabk>StipGDV</jurabk><enbez>Schlussformel</enbez></metadaten><textdaten><text format="XML"><Content><P>Der Bundesrat hat zugestimmt.</P></Content></text></textdaten></norm>
</dokumente>