<?xml version="1.0" encoding="UTF-8" ?><!DOCTYPE dokumente SYSTEM "http://www.gesetze-im-internet.de/dtd/1.01/gii-norm.dtd">
<dokumente builddate="20120625150631" doknr="BJNR353100004"><norm builddate="20120625150631" doknr="BJNR353100004"><metadaten><jurabk>BeitrLV 2005</jurabk><ausfertigung-datum manuell="ja">2004-12-17</ausfertigung-datum><fundstelle typ="amtlich"><periodikum>BGBl I</periodikum><zitstelle>2004, 3531</zitstelle></fundstelle><kurzue>Beitragsverordnung Landwirtschaft 2005</kurzue><langue>Verordnung zur Bestimmung der Beiträge und der Beitragszuschüsse in der
Alterssicherung der Landwirte für 2005</langue></metadaten><textdaten><text format="XML"><Content><P/></Content></text><fussnoten><Content><P><BR/> <pre xml:space="preserve">(+++ Textnachweis ab:  1. 1.2005 +++)<BR/><BR/></pre></P></Content></fussnoten></textdaten></norm>
<norm builddate="20120625150631" doknr="BJNR353100004BJNE000100000"><metadaten><jurabk>BeitrLV 2005</jurabk><enbez>Eingangsformel</enbez></metadaten><textdaten><text format="XML"><Content><P>Auf Grund des § 35 Abs. 1 und des § 69 in Verbindung mit § 68 sowie auf Grund des § 120 des Gesetzes über die Alterssicherung der Landwirte vom 29. Juli 1994 (BGBl. I S. 1890, 1891), von denen § 69 zuletzt durch Artikel 48 Nr. 5 geändert und § 68 durch Artikel 48 Nr. 4 des Gesetzes vom 21. Dezember 2000 (BGBl. I S. 1983) neu gefasst worden sind, verordnet die Bundesregierung:</P></Content></text></textdaten></norm>
<norm builddate="20120625150631" doknr="BJNR353100004BJNE000200000"><metadaten><jurabk>BeitrLV 2005</jurabk><enbez>§ 1</enbez><titel format="parat">Beitrag in der Alterssicherung der Landwirte</titel></metadaten><textdaten><text format="XML"><Content><P>(1) Der Beitrag in der Alterssicherung der Landwirte beträgt für das Kalenderjahr 2005 monatlich 199 Euro.</P><P>(2) Der Beitrag in der Alterssicherung der Landwirte beträgt für das Beitrittsgebiet für das Kalenderjahr 2005 monatlich 168 Euro.</P></Content> </text></textdaten></norm>
<norm builddate="20120625150631" doknr="BJNR353100004BJNE000300000"><metadaten><jurabk>BeitrLV 2005</jurabk><enbez>§ 2</enbez><titel format="parat">Beitragszuschuss in der Alterssicherung der Landwirte</titel></metadaten><textdaten><text format="XML"><Content><P>(1) In Anlage 1 des Gesetzes über die Alterssicherung der Landwirte wird der monatliche Zuschussbetrag für das Kalenderjahr 2005 wie folgt festgesetzt: <BR/><BR/><table frame="none" tocentry="%yes;"><tgroup align="left" char="" charoff="50" cols="4" colsep="0" rowsep="0"><colspec colname="col1" colnum="1" colwidth="50.50*"/><colspec colname="COLSPEC1" colnum="2" colwidth="22.54*"/><colspec align="right" colname="col2" colnum="3" colwidth="58.83*"/><colspec colname="COLSPEC0" colnum="4" colwidth="23.83*"/><thead valign="bottom"><row><entry VJ="1" align="left" colsep="0" valign="top">Einkommensklasse</entry><entry VJ="1" align="center" colsep="0" valign="top"/><entry VJ="1" align="center" colsep="1" nameend="COLSPEC0" namest="col2">Monatlicher Zuschussbetrag</entry></row></thead><tbody valign="top"><row><entry VJ="1" align="right"/><entry VJ="1" align="right"/><entry VJ="1"/><entry VJ="1" align="right"/></row><row><entry VJ="1" align="right" colsep="0" valign="top">bis 8.220 Euro</entry><entry VJ="1" align="right"/><entry VJ="1" colsep="0" valign="top">119 Euro </entry><entry VJ="1" align="right"/></row><row><entry VJ="1" align="right" colsep="0" valign="top">8.221 - 8.740 Euro</entry><entry VJ="1" align="right"/><entry VJ="1" colsep="0" valign="top">111 Euro </entry><entry VJ="1" align="right"/></row><row><entry VJ="1" align="right" colsep="0" valign="top">8.741 - 9.260 Euro</entry><entry VJ="1" align="right"/><entry VJ="1" colsep="0" valign="top">103 Euro </entry><entry VJ="1" align="right"/></row><row><entry VJ="1" align="right" colsep="0" valign="top">9.261 - 9.780 Euro</entry><entry VJ="1" align="right"/><entry VJ="1" colsep="0" valign="top">96 Euro </entry><entry VJ="1" align="right"/></row><row><entry VJ="1" align="right" colsep="0" valign="top">9.781 - 10.300 Euro</entry><entry VJ="1" align="right"/><entry VJ="1" colsep="0" valign="top">88 Euro </entry><entry VJ="1" align="right"/></row><row><entry VJ="1" align="right" colsep="0" valign="top">10.301 - 10.820 Euro</entry><entry VJ="1" align="right"/><entry VJ="1" colsep="0" valign="top">80 Euro </entry><entry VJ="1" align="right"/></row><row><entry VJ="1" align="right" colsep="0" valign="top">10.821 - 11.340 Euro</entry><entry VJ="1" align="right"/><entry VJ="1" colsep="0" valign="top">72 Euro </entry><entry VJ="1" align="right"/></row><row><entry VJ="1" align="right" colsep="0" valign="top">11.341 - 11.860 Euro</entry><entry VJ="1" align="right"/><entry VJ="1" colsep="0" valign="top">64 Euro </entry><entry VJ="1" align="right"/></row><row><entry VJ="1" align="right" colsep="0" valign="top">11.861 - 12.380 Euro</entry><entry VJ="1" align="right"/><entry VJ="1" colsep="0" valign="top">56 Euro </entry><entry VJ="1" align="right"/></row><row><entry VJ="1" align="right" colsep="0" valign="top">12.381 - 12.900 Euro</entry><entry VJ="1" align="right"/><entry VJ="1" colsep="0" valign="top">48 Euro </entry><entry VJ="1" align="right"/></row><row><entry VJ="1" align="right" colsep="0" valign="top">12.901 - 13.420 Euro</entry><entry VJ="1" align="right"/><entry VJ="1" colsep="0" valign="top">40 Euro </entry><entry VJ="1" align="right"/></row><row><entry VJ="1" align="right" colsep="0" valign="top">13.421 - 13.940 Euro</entry><entry VJ="1" align="right"/><entry VJ="1" colsep="0" valign="top">32 Euro </entry><entry VJ="1" align="right"/></row><row><entry VJ="1" align="right" colsep="0" valign="top">13.941 - 14.460 Euro</entry><entry VJ="1" align="right"/><entry VJ="1" colsep="0" valign="top">24 Euro </entry><entry VJ="1" align="right"/></row><row><entry VJ="1" align="right" colsep="0" valign="top">14.461 - 14.980 Euro</entry><entry VJ="1" align="right"/><entry VJ="1" colsep="0" valign="top">16 Euro </entry><entry VJ="1" align="right"/></row><row><entry VJ="1" align="right" colsep="0" valign="top">14.981 - 15.500 Euro</entry><entry VJ="1" align="right"/><entry VJ="1" colsep="0" valign="top">8 Euro.</entry><entry VJ="1" align="right"/></row></tbody></tgroup></table></P><P>(2) In Anlage 1 des Gesetzes über die Alterssicherung der Landwirte wird der monatliche Zuschussbetrag für das Beitrittsgebiet für das Kalenderjahr 2005 wie folgt festgesetzt: <BR/><BR/><table frame="none" tocentry="%yes;"><tgroup align="left" char="" charoff="50" cols="4" colsep="0" rowsep="0"><colspec colname="col1" colnum="1" colwidth="50.46*"/><colspec colname="COLSPEC1" colnum="2" colwidth="22.52*"/><colspec align="right" colname="col2" colnum="3" colwidth="59.20*"/><colspec colname="COLSPEC0" colnum="4" colwidth="23.52*"/><thead valign="bottom"><row><entry VJ="1" align="left" colsep="0" valign="top">Einkommensklasse</entry><entry VJ="1" align="center" colsep="0" valign="top"/><entry VJ="1" align="center" colsep="1" nameend="COLSPEC0" namest="col2">Monatlicher Zuschussbetrag (Ost)</entry></row></thead><tbody valign="top"><row><entry VJ="1" align="right"/><entry VJ="1" align="right"/><entry VJ="1"/><entry VJ="1" align="right"/></row><row><entry VJ="1" align="right">bis 8.220 Euro</entry><entry VJ="1" align="right"/><entry VJ="1">101 Euro </entry><entry VJ="1" align="right"/></row><row><entry VJ="1" align="right">8.221 - 8.740 Euro</entry><entry VJ="1" align="right"/><entry VJ="1">94 Euro </entry><entry VJ="1" align="right"/></row><row><entry VJ="1" align="right">8.741 - 9.260 Euro</entry><entry VJ="1" align="right"/><entry VJ="1">87 Euro </entry><entry VJ="1" align="right"/></row><row><entry VJ="1" align="right">9.261 - 9.780 Euro</entry><entry VJ="1" align="right"/><entry VJ="1">81 Euro </entry><entry VJ="1" align="right"/></row><row><entry VJ="1" align="right">9.781 - 10.300 Euro</entry><entry VJ="1" align="right"/><entry VJ="1">74 Euro </entry><entry VJ="1" align="right"/></row><row><entry VJ="1" align="right">10.301 - 10.820 Euro</entry><entry VJ="1" align="right"/><entry VJ="1">67 Euro </entry><entry VJ="1" align="right"/></row><row><entry VJ="1" align="right">10.821 - 11.340 Euro</entry><entry VJ="1" align="right"/><entry VJ="1">60 Euro </entry><entry VJ="1" align="right"/></row><row><entry VJ="1" align="right">11.341 - 11.860 Euro</entry><entry VJ="1" align="right"/><entry VJ="1">54 Euro </entry><entry VJ="1" align="right"/></row><row><entry VJ="1" align="right">11.861 - 12.380 Euro</entry><entry VJ="1" align="right"/><entry VJ="1">47 Euro </entry><entry VJ="1" align="right"/></row><row><entry VJ="1" align="right">12.381 - 12.900 Euro</entry><entry VJ="1" align="right"/><entry VJ="1">40 Euro </entry><entry VJ="1" align="right"/></row><row><entry VJ="1" align="right">12.901 - 13.420 Euro</entry><entry VJ="1" align="right"/><entry VJ="1">34 Euro </entry><entry VJ="1" align="right"/></row><row><entry VJ="1" align="right">13.421 - 13.940 Euro</entry><entry VJ="1" align="right"/><entry VJ="1">27 Euro </entry><entry VJ="1" align="right"/></row><row><entry VJ="1" align="right">13.941 - 14.460 Euro</entry><entry VJ="1" align="right"/><entry VJ="1">20 Euro </entry><entry VJ="1" align="right"/></row><row><entry VJ="1" align="right">14.461 - 14.980 Euro</entry><entry VJ="1" align="right"/><entry VJ="1">13 Euro </entry><entry VJ="1" align="right"/></row><row><entry VJ="1" align="right">14.981 - 15.500 Euro</entry><entry VJ="1" align="right"/><entry VJ="1">7 Euro.</entry><entry VJ="1" align="right"/></row></tbody></tgroup></table></P></Content></text></textdaten></norm>
<norm builddate="20120625150631" doknr="BJNR353100004BJNE000400000"><metadaten><jurabk>BeitrLV 2005</jurabk><enbez>§ 3</enbez><titel format="parat">Inkrafttreten</titel></metadaten><textdaten><text format="XML"><Content><P>Diese Verordnung tritt am 1. Januar 2005 in Kraft.</P></Content></text></textdaten></norm>
<norm builddate="20120625150631" doknr="BJNR353100004BJNE000500000"><metadaten><jurabk>BeitrLV 2005</jurabk><enbez>Schlussformel</enbez></metadaten><textdaten><text format="XML"><Content><P>Der Bundesrat hat zugestimmt.</P></Content></text></textdaten></norm>
</dokumente>