<?xml version="1.0" encoding="UTF-8" ?><!DOCTYPE dokumente SYSTEM "http://www.gesetze-im-internet.de/dtd/1.01/gii-norm.dtd">
<dokumente builddate="20171108221606" doknr="BJNR286800016"><norm builddate="20171108221606" doknr="BJNR286800016"><metadaten><jurabk>Münz20EuroBek 2016-12-01/3</jurabk><ausfertigung-datum manuell="ja">2016-12-01</ausfertigung-datum><fundstelle typ="amtlich"><periodikum>BGBl I</periodikum><zitstelle>2016, 2868</zitstelle></fundstelle><langue>Bekanntmachung über die Ausprägung von deutschen Euro-Gedenkmünzen im Nennwert von 20 Euro (Gedenkmünze „125. Geburtstag Otto Dix“)</langue></metadaten><textdaten><fussnoten><Content><P><BR/> <pre xml:space="preserve">(+++ Textnachweis ab: 16.12.2016 +++)<BR/><BR/></pre></P></Content></fussnoten></textdaten></norm>
<norm builddate="20171108221606" doknr="BJNR286800016BJNE000100000"><metadaten><jurabk>Münz20EuroBek 2016-12-01/3</jurabk><enbez>(XXXX)</enbez></metadaten><textdaten><text format="XML"><Content><P>Gemäß den §§ 2, 4 und 5 des Münzgesetzes vom 16. Dezember 1999 (BGBl. I S. 2402) hat die Bundesregierung beschlossen, eine deutsche Euro-Gedenkmünze „125. Geburtstag Otto Dix“ im Nennwert von 20 Euro prägen zu lassen.</P><P>Die Auflage der Münze beträgt ca. 1,2 Millionen Stück, davon ca. 0,2 Millionen Stück in Spiegelglanzqualität. Die Prägung erfolgt durch die Staatlichen Münzen Baden-Württemberg, Prägestätte Karlsruhe.</P><P>Die Münze wird ab dem 3. November 2016 in den Verkehr gebracht. Sie besteht aus einer Legierung von 925 Tausendteilen Silber und 75 Tausendteilen Kupfer, hat einen Durchmesser von 32,5 Millimetern und eine Masse von 18 Gramm. Das Gepräge auf beiden Seiten ist erhaben und wird von einem schützenden, glatten Randstab umgeben.</P><P>Die Bildseite würdigt Werk und Schaffen von Otto Dix. Sie zeigt ein Relief, das in virtuoser Collage Portrait, ein bildnerisches Zitat eines Hauptmotivs seines Schaffens und seine Signatur verbindet.</P><P>Die Wertseite zeigt einen Adler, den Schriftzug „BUNDESREPUBLIK DEUTSCHLAND“, Wertziffer und Wertbezeichnung, das Prägezeichen „G“ der Staatlichen Münzen Baden-Württemberg, Prägestätte Karlsruhe, die Jahreszahl 2016, die zwölf Europasterne sowie die Angabe „SILBER 925“.</P><P>Der glatte Münzrand enthält in vertiefter Prägung die Inschrift:</P><P>„DU MUSST ALLES SELBER SEIN ! “.</P><P>Der Entwurf stammt von dem Künstler Friedrich Brenner aus Diedorf.</P></Content></text></textdaten></norm>
<norm builddate="20171108221606" doknr="BJNR286800016BJNE000200000"><metadaten><jurabk>Münz20EuroBek 2016-12-01/3</jurabk><enbez>Schlussformel</enbez></metadaten><textdaten><text format="XML"><Content><P><SP>Der Bundesminister der Finanzen</SP></P></Content></text></textdaten></norm>
<norm builddate="20171108221606" doknr="BJNR286800016BJNE000300000"><metadaten><jurabk>Münz20EuroBek 2016-12-01/3</jurabk><enbez>(XXXX)</enbez></metadaten><textdaten><text format="XML"><Content><P><noindex><kommentar typ="Fundstelle">(Fundstelle: BGBl. I 2016, 2868)</kommentar></noindex></P><BR/><table frame="none" pgwide="1" tocentry="%yes;"><tgroup align="left" char="" charoff="50" cols="2"><colspec colname="col1" colsep="0" colwidth="50*"/><colspec colname="col2" colwidth="50*"/><tbody valign="top"><row><entry VJ="1" align="center" colname="col1"><IMG Align="center" Height="867" Pos="inline" SRC="bgbl1_2016_j2868-1_0010.jpg" Type="TIF" Units="300" Width="887" alt=""/></entry><entry VJ="1" align="center" colname="col2"><IMG Align="center" Height="867" Pos="inline" SRC="bgbl1_2016_j2868-1_0020.jpg" Type="TIF" Units="300" Width="887" alt=""/></entry></row></tbody></tgroup></table></Content></text></textdaten></norm>
</dokumente>