<?xml version="1.0" encoding="UTF-8" ?><!DOCTYPE dokumente SYSTEM "http://www.gesetze-im-internet.de/dtd/1.01/gii-norm.dtd">
<dokumente builddate="20120625145642" doknr="BJNR005990919"><norm builddate="20120625145642" doknr="BJNR005990919"><metadaten><jurabk>BierStGemBY/BAG</jurabk><ausfertigung-datum manuell="ja">1919-06-24</ausfertigung-datum><fundstelle typ="amtlich"><periodikum>RGBl</periodikum><zitstelle>1919, 599</zitstelle></fundstelle><langue>Gesetz über den Eintritt der Freistaaten Bayern und Baden in die
Biersteuergemeinschaft</langue></metadaten><textdaten><text format="decorated"/><fussnoten><Content><P>Partielles Recht für: Bayern, Baden-Württemberg (ehemaliges Baden) und Rheinland-Pfalz (Regierungsbezirk Pfalz) <BR/>Überschrift: Gemäß § 3 Abs. 2 G 114-2 vom 10.7.1958 I 437 nur Überschrift aufgenommen. Nach Auffassung der Länderkommission zur Rechtsbereinigung enthalten § 2 Abs. 1 u. 2 und § 8 Bundesrecht</P></Content></fussnoten></textdaten></norm>
</dokumente>