<?xml version="1.0" encoding="UTF-8" ?><!DOCTYPE dokumente SYSTEM "http://www.gesetze-im-internet.de/dtd/1.01/gii-norm.dtd">
<dokumente builddate="20120625153448" doknr="BJNR501230967"><norm builddate="20120625153448" doknr="BJNR501230967"><metadaten><jurabk>BVwAKDVerwAnO</jurabk><ausfertigung-datum manuell="ja">1967-06-26</ausfertigung-datum><fundstelle typ="amtlich"><periodikum>BAnz</periodikum><zitstelle>1967, Nr 123</zitstelle></fundstelle><langue>Anordnung über die Wahrnehmung von Aufgaben durch das Bundesamt bei der Ermittlung anerkannter Kriegsdienstverweigerer, die sich der Zivildienstüberwachung entziehen</langue><standangabe checked="ja"><standtyp>Stand</standtyp><standkommentar>Geändert durch Art. 1 Nr. 2 Buchst. a, f u. i u. Art. 5 G v. 25.6.1973 I 669</standkommentar></standangabe></metadaten><textdaten><fussnoten><Content><P>(+++ Textnachweis Geltung ab: 1.7.1973 +++)</P><P><BR/> Überschrift: IdF d. Art. 1 Nr. 2 Buchst. a, f u. i u. Art. 5 G v. 25.6.1973 I 669 mWv 1.7.1973</P></Content></fussnoten></textdaten></norm>
<norm builddate="20120625153448" doknr="BJNR501230967BJNE000100304"><metadaten><jurabk>BVwAKDVerwAnO</jurabk><enbez>I.</enbez></metadaten><textdaten><text format="XML"><Content><P>Auf Grund des § 1 Abs. 3 des Gesetzes über die Errichtung des Bundesverwaltungsamtes vom 28. Dezember 1959 (Bundesgesetzbl. I S. 829) beauftrage ich mit Zustimmung des Bundesministers des Innern das Bundesamt, in der von der Ermittlungszentrale herausgegebenen Ermittlungsliste auf Ersuchen der den Zivildienst durchführenden Stelle auch anerkannte Kriegsdienstverweigerer auszuschreiben, die sich der Zivildienstüberwachung durch Nichterfüllung ihrer Meldepflicht oder ihrer Pflicht nach § 23 Abs. 2 Satz 2 des Gesetzes über den Zivildienst in der Fassung vom 16. Juli 1965 (Bundesgesetzbl. I S. 983) entziehen.</P></Content></text><fussnoten/></textdaten></norm>
<norm builddate="20120625153448" doknr="BJNR501230967BJNE000200304"><metadaten><jurabk>BVwAKDVerwAnO</jurabk><enbez>II.</enbez></metadaten><textdaten><text format="XML"><Content><P>Das für die Ermittlung von Wehrpflichtigen, die sich der Erfassung entziehen, festgelegte Verfahren ist entsprechend anzuwenden. Alle nicht gelöschten Ermittlungsersuchen sind in den Ermittlungslisten nur bis zum Ende des Kalendervierteljahres weiterzuführen, in dem seit der erstmaligen Ausschreibung drei Jahre abgelaufen sind.</P></Content></text></textdaten></norm>
<norm builddate="20120625153448" doknr="BJNR501230967BJNE000300304"><metadaten><jurabk>BVwAKDVerwAnO</jurabk><enbez>III.</enbez></metadaten><textdaten><text format="XML"><Content><P>Diese Anordnung tritt am Tage nach ihrer Verkündung im Bundesanzeiger in Kraft.</P></Content></text></textdaten></norm>
<norm builddate="20120625153448" doknr="BJNR501230967BJNE000400304"><metadaten><jurabk>BVwAKDVerwAnO</jurabk><enbez>Schlußformel</enbez></metadaten><textdaten><text format="XML"><Content><P>Der Bundesminister für Arbeit und Sozialordnung</P></Content></text></textdaten></norm>
</dokumente>