<?xml version="1.0" encoding="UTF-8" ?><!DOCTYPE dokumente SYSTEM "http://www.gesetze-im-internet.de/dtd/1.01/gii-norm.dtd">
<dokumente builddate="20120625155009" doknr="BJNR139720994"><norm builddate="20120625155009" doknr="BJNR139720994"><metadaten><jurabk>OstSUmwSchÜbk 1992</jurabk><ausfertigung-datum manuell="ja">1992-04-09</ausfertigung-datum><fundstelle typ="amtlich"><periodikum>BGBl II</periodikum><zitstelle>1994, 1397</zitstelle></fundstelle><kurzue>Helsinki-Übereinkommen</kurzue><langue>Übereinkommen von 1992 über den Schutz der Meeresumwelt des Ostseegebiets</langue></metadaten><textdaten><text format="decorated"/><fussnoten><Content><P>G v. 23.8.1994 II 1355</P><P><BR/> In Kraft gem. Bek. v. 6.12.1999 II 23 mWv 17.1.2000</P></Content></fussnoten></textdaten></norm>
</dokumente>