<?xml version="1.0" encoding="UTF-8" ?><!DOCTYPE dokumente SYSTEM "http://www.gesetze-im-internet.de/dtd/1.01/gii-norm.dtd">
<dokumente builddate="20120625151525" doknr="BJNR029420009"><norm builddate="20120625151525" doknr="BJNR029420009"><metadaten><jurabk>UNSekrSitzAbkÄndProtG</jurabk><ausfertigung-datum manuell="ja">2009-04-01</ausfertigung-datum><fundstelle typ="amtlich"><periodikum>BGBl II</periodikum><zitstelle>2009, 294</zitstelle></fundstelle><langue>Gesetz zu dem Protokoll vom 7. Dezember 2005 zur Änderung des Abkommens vom 20. Juni 1996 zwischen der Regierung der Bundesrepublik Deutschland, den Vereinten Nationen und dem Sekretariat des Rahmenübereinkommens der Vereinten Nationen über Klimaänderungen über den Sitz des Sekretariats des Übereinkommens</langue></metadaten><textdaten/></norm>
</dokumente>