<?xml version="1.0" encoding="UTF-8" ?><!DOCTYPE dokumente SYSTEM "http://www.gesetze-im-internet.de/dtd/1.01/gii-norm.dtd">
<dokumente builddate="20120625154941" doknr="BJNR309409997"><norm builddate="20120625154941" doknr="BJNR309409997"><metadaten><jurabk>RdFunkAuslG</jurabk><ausfertigung-datum manuell="ja">1997-12-16</ausfertigung-datum><fundstelle typ="amtlich"><periodikum>BGBl I</periodikum><zitstelle>1997, 3094</zitstelle></fundstelle><langue>Gesetz über den deutschen Auslandsrundfunk</langue></metadaten><textdaten><text format="XML"><Content><P/></Content></text><fussnoten><Content><P>(+++ Textnachweis ab: 24.12.1997 +++)</P><P><BR/> Art. 1: DWG 2251-5 <BR/>Art. 2 und 3: Änderungsvorschriften <BR/>Art. 4: Übergangsregelung <BR/>Art. 5: Aufhebungsvorschrift <BR/>Art. 6: Inkrafttreten</P></Content></fussnoten></textdaten></norm>
<norm builddate="20120625154941" doknr="BJNR309409997BJNE000100305"><metadaten><jurabk>RdFunkAuslG</jurabk><gliederungseinheit><gliederungskennzahl>000</gliederungskennzahl><gliederungsbez>-</gliederungsbez><gliederungstitel/></gliederungseinheit><enbez>Inhaltsübersicht</enbez></metadaten><textdaten><text format="XML"><Content><P> <table frame="none" pgwide="1" tocentry="%yes;">
	<tgroup align="left" char="" charoff="50" cols="1" colsep="0" rowsep="0">
		<colspec colname="col1" colnum="1" colwidth="100*"/>
		<tbody valign="top">
			<row>
				<entry VJ="1" align="center" colsep="0" valign="top">Artikel 1</entry>
			</row>
			<row>
				<entry VJ="1" align="center" colsep="0" valign="top">Gesetz über die Rundfunkanstalt des Bundesrechts &quot;Deutsche Welle&quot; (Deutsche-Welle-Gesetz - DWG)</entry>
			</row>
			<row>
				<entry VJ="1" align="center" colsep="0" valign="top">Artikel 2</entry>
			</row>
			<row>
				<entry VJ="1" align="center" colsep="0" valign="top">Änderung personalvertretungsrechtlicher Bestimmungen</entry>
			</row>
			<row>
				<entry VJ="1" align="center" colsep="0" valign="top">Artikel 3</entry>
			</row>
			<row>
				<entry VJ="1" align="center" colsep="0" valign="top">Änderung des Bundesdatenschutzgesetzes</entry>
			</row>
			<row>
				<entry VJ="1" align="center" colsep="0" valign="top">Artikel 4</entry>
			</row>
			<row>
				<entry VJ="1" align="center" colsep="0" valign="top">Übergangsregelungen</entry>
			</row>
			<row>
				<entry VJ="1" align="center" colsep="0" valign="top">Artikel 5</entry>
			</row>
			<row>
				<entry VJ="1" align="center" colsep="0" valign="top">Aufhebung des Gesetzes über die Errichtung von Rundfunkanstalten des Bundesrechts</entry>
			</row>
			<row>
				<entry VJ="1" align="center" colsep="0" valign="top">Artikel 6</entry>
			</row>
			<row>
				<entry VJ="1" align="center" colsep="0" valign="top">Inkrafttreten</entry>
			</row>
		</tbody>
	</tgroup>
</table> </P></Content></text></textdaten></norm>
<norm builddate="20120625154941" doknr="BJNR309409997BJNG000200305"><metadaten><jurabk>RdFunkAuslG</jurabk><gliederungseinheit><gliederungskennzahl>010</gliederungskennzahl><gliederungsbez>Art 1</gliederungsbez><gliederungstitel>Gesetz über die Rundfunkanstalt des Bundesrechts
&quot;Deutsche Welle&quot; (Deutsche-Welle-Gesetz - DWG)</gliederungstitel></gliederungseinheit></metadaten><textdaten><text format="XML"><Content><P/></Content></text><fussnoten/></textdaten></norm>
<norm builddate="20120625154941" doknr="BJNR309409997BJNG000300305"><metadaten><jurabk>RdFunkAuslG</jurabk><gliederungseinheit><gliederungskennzahl>020</gliederungskennzahl><gliederungsbez>Art 2</gliederungsbez><gliederungstitel>Änderung personalvertretungsrechtlicher
Bestimmungen</gliederungstitel></gliederungseinheit></metadaten><textdaten><text format="XML"><Content><P/></Content></text></textdaten></norm>
<norm builddate="20120625154941" doknr="BJNR309409997BJNE000800305"><metadaten><jurabk>RdFunkAuslG</jurabk><gliederungseinheit><gliederungskennzahl>020</gliederungskennzahl><gliederungsbez>Art 2</gliederungsbez><gliederungstitel/></gliederungseinheit><enbez>(XXXX) §§ 1 und 2</enbez><titel format="XML">(weggefallen)</titel></metadaten><textdaten><text format="XML"><Content><P>-</P></Content></text><fussnoten/></textdaten></norm>
<norm builddate="20120625154941" doknr="BJNR309409997BJNE000900305"><metadaten><jurabk>RdFunkAuslG</jurabk><gliederungseinheit><gliederungskennzahl>020</gliederungskennzahl><gliederungsbez>Art 2</gliederungsbez></gliederungseinheit><enbez>§ 3</enbez><titel format="parat">Rückkehr zum einheitlichen Verordnungsrang</titel></metadaten><textdaten><text format="XML"><Content><P>§ 51 der Wahlordnung zum Bundespersonalvertretungsgesetz kann auf Grund der Ermächtigung des § 115 Bundespersonalvertretungsgesetz durch Rechtsverordnung wieder geändert werden.</P></Content></text></textdaten></norm>
<norm builddate="20120625154941" doknr="BJNR309409997BJNG000400305"><metadaten><jurabk>RdFunkAuslG</jurabk><gliederungseinheit><gliederungskennzahl>030</gliederungskennzahl><gliederungsbez>Art 3</gliederungsbez><gliederungstitel/></gliederungseinheit></metadaten><textdaten><text format="XML"><Content><P/></Content></text><fussnoten/></textdaten></norm>
<norm builddate="20120625154941" doknr="BJNR309409997BJNG000500305"><metadaten><jurabk>RdFunkAuslG</jurabk><gliederungseinheit><gliederungskennzahl>040</gliederungskennzahl><gliederungsbez>Art 4</gliederungsbez><gliederungstitel>Übergangsregelungen</gliederungstitel></gliederungseinheit></metadaten><textdaten><text format="XML"><Content><P>(1) Mit dem Inkrafttreten dieses Gesetzes gelten die derzeitigen Amtszeiten der Gremien der Deutschen Welle als beendet.</P><P>(2) Der Rundfunkrat ist innerhalb von drei Monaten nach Inkrafttreten dieses Gesetzes neu zu bilden. Artikel 1 § 29 Abs. 4 gilt entsprechend. Bis zum ersten Zusammentritt des neugebildeten Rundfunkrates nimmt der bisher bestehende Rundfunkrat die Aufgaben nach Artikel 1 mit den sich daraus ergebenden Rechten und Pflichten wahr.</P><P>(3) Die in Artikel 1 § 31 Abs. 2 genannten staatlichen Organe wählen oder benennen gemäß Artikel 1 § 36 Abs. 1 Nr. 1 innerhalb von drei Monaten nach Inkrafttreten dieses Gesetzes die Mitglieder des Verwaltungsrates. Der nach Absatz 2 Satz 1 neugebildete Rundfunkrat wählt gemäß Artikel 1 § 36 Abs. 1 Nr. 2 innerhalb von zwei Monaten nach seinem ersten Zusammentritt die Mitglieder des Verwaltungsrates. Artikel 1 § 29 Abs. 4 gilt entsprechend. Bis zum ersten Zusammentritt des neugebildeten Verwaltungsrates nimmt der bisher bestehende Verwaltungsrat die Aufgaben nach Artikel 1 mit den sich daraus ergebenden Rechten und Pflichten wahr.</P><P>(4) Bis zur erstmaligen Wahl der örtlichen Personalräte und des Gesamtpersonalrats nach § 90 des Bundespersonalvertretungsgesetzes bleiben die zur Zeit des Inkrafttretens dieses Gesetzes bestehenden Personalvertretungen im Amt. Entsprechendes gilt für die zu diesem Zeitpunkt bestehenden Jugend- und Auszubildendenvertretungen. Die gemäß § 90 Nr. 2 Satz 2 des Bundespersonalvertretungsgesetzes erforderliche Mitwirkung obliegt dem zur Zeit des Inkrafttretens dieses Gesetzes amtierenden Gesamtpersonalrat. Diesem obliegt auch die Bestellung aller Wahlvorstände und ihrer Vorsitzenden für die erstmaligen Wahlen im Sinne der Sätze 1 und 2.</P></Content>   </text></textdaten></norm>
<norm builddate="20120625154941" doknr="BJNR309409997BJNG000600305"><metadaten><jurabk>RdFunkAuslG</jurabk><gliederungseinheit><gliederungskennzahl>050</gliederungskennzahl><gliederungsbez>Art 5</gliederungsbez><gliederungstitel/></gliederungseinheit></metadaten><textdaten><text format="XML"><Content><P/></Content></text><fussnoten/></textdaten></norm>
<norm builddate="20120625154941" doknr="BJNR309409997BJNG000700305"><metadaten><jurabk>RdFunkAuslG</jurabk><gliederungseinheit><gliederungskennzahl>060</gliederungskennzahl><gliederungsbez>Art 6</gliederungsbez><gliederungstitel>Inkrafttreten</gliederungstitel></gliederungseinheit></metadaten><textdaten><text format="XML"><Content><P>(1) Die Artikel 1 bis 5 treten bis auf Artikel 1 §§ 44 bis 57 am Tage nach der Verkündung in Kraft.</P><P>(2) Artikel 1 §§ 44 bis 57 tritt am 1. Januar 1998 in Kraft.</P></Content> </text></textdaten></norm>
</dokumente>