<?xml version="1.0" encoding="UTF-8" ?><!DOCTYPE dokumente SYSTEM "http://www.gesetze-im-internet.de/dtd/1.01/gii-norm.dtd">
<dokumente builddate="20130405131314" doknr="BJNR129210005"><norm builddate="20130405131314" doknr="BJNR129210005"><metadaten><jurabk>ÄndSchnAusbV</jurabk><ausfertigung-datum manuell="ja">2005-05-09</ausfertigung-datum><fundstelle typ="amtlich"><periodikum>BGBl I</periodikum><zitstelle>2005, 1292</zitstelle></fundstelle><langue>Verordnung über die Berufsausbildung zum Änderungsschneider/zur
Änderungsschneiderin</langue></metadaten><textdaten><text format="XML"><Content><P/></Content></text><fussnoten><Content><P><BR/> <pre xml:space="preserve">(+++ Textnachweis ab:  1. 8.2005 +++)<BR/><BR/></pre>Die V wurde als Artikel 1 der V v. 9.5.2005 I 1292 vom Bundesministerium für Wirtschaft und Arbeit im Einvernehmen mit dem Bundesministerium für Bildung und Forschung erlassen. Sie tritt gem. Art. 4 dieser V am 1.8.2005 in Kraft. <BR/>Diese Rechtsverordnung ist eine Ausbildungsordnung im Sinne des § 4 des Berufsbildungsgesetzes und des § 25 der Handwerksordnung. Die Ausbildungsordnung und der damit abgestimmte, von der Ständigen Konferenz der Kultusminister der Länder in der Bundesrepublik Deutschland beschlossene Rahmenlehrplan für die Berufsschule werden demnächst als Beilage zum Bundesanzeiger veröffentlicht.</P></Content></fussnoten></textdaten></norm>
<norm builddate="20130405131314" doknr="BJNR129210005BJNE000100000"><metadaten><jurabk>ÄndSchnAusbV</jurabk><enbez>§ 1</enbez><titel format="parat">Staatliche Anerkennung des Ausbildungsberufes</titel></metadaten><textdaten><text format="XML"><Content><P>Der Ausbildungsberuf Änderungsschneider/Änderungsschneiderin wird <DL Font="normal" Type="arabic"><DT>1.</DT><DD Font="normal"><LA Size="normal">nach § 4 des Berufsbildungsgesetzes sowie</LA></DD> <DT>2.</DT><DD Font="normal"><LA Size="normal">nach § 25 der Handwerksordnung für die Ausbildung für das Gewerbe Nummer 37, Änderungsschneider, der Anlage B der Handwerksordnung</LA></DD> </DL>staatlich anerkannt.</P></Content></text></textdaten></norm>
<norm builddate="20130405131314" doknr="BJNR129210005BJNE000200000"><metadaten><jurabk>ÄndSchnAusbV</jurabk><enbez>§ 2</enbez><titel format="parat">Ausbildungsdauer</titel></metadaten><textdaten><text format="XML"><Content><P>Die Ausbildung dauert zwei Jahre.</P></Content></text></textdaten></norm>
<norm builddate="20130405131314" doknr="BJNR129210005BJNE000300000"><metadaten><jurabk>ÄndSchnAusbV</jurabk><enbez>§ 3</enbez><titel format="parat">Zielsetzung der Berufsausbildung</titel></metadaten><textdaten><text format="XML"><Content><P>Die in dieser Verordnung genannten Fertigkeiten, Kenntnisse und Fähigkeiten sollen bezogen auf Arbeits- und Geschäftsprozesse vermittelt werden. Sie sollen so vermittelt werden, dass die Auszubildenden zur Ausübung einer qualifizierten beruflichen Tätigkeit im Sinne von § 1 Abs. 3 des Berufsbildungsgesetzes befähigt werden, die insbesondere selbstständiges Planen, Durchführen und Kontrollieren sowie das Handeln im betrieblichen Gesamtzusammenhang einschließt. Die in Satz 2 beschriebene Befähigung ist auch in den Prüfungen nach den §§ 8 und 9 nachzuweisen.</P></Content></text></textdaten></norm>
<norm builddate="20130405131314" doknr="BJNR129210005BJNE000400000"><metadaten><jurabk>ÄndSchnAusbV</jurabk><enbez>§ 4</enbez><titel format="parat">Ausbildungsberufsbild</titel></metadaten><textdaten><text format="XML"><Content><P>Gegenstand der Berufsausbildung sind mindestens die folgenden Fertigkeiten, Kenntnisse und Fähigkeiten: <DL Font="normal" Type="arabic"><DT>1.</DT><DD Font="normal"><LA Size="normal">Berufsbildung, Arbeits- und Tarifrecht,</LA></DD> <DT>2.</DT><DD Font="normal"><LA Size="normal">Aufbau und Organisation des Ausbildungsbetriebes,</LA></DD> <DT>3.</DT><DD Font="normal"><LA Size="normal">Sicherheit und Gesundheitsschutz bei der Arbeit,</LA></DD> <DT>4.</DT><DD Font="normal"><LA Size="normal">Umweltschutz,</LA></DD> <DT>5.</DT><DD Font="normal"><LA Size="normal">Planen und Vorbereiten von Arbeitsabläufen,</LA></DD> <DT>6.</DT><DD Font="normal"><LA Size="normal">Beraten von Kunden,</LA></DD> <DT>7.</DT><DD Font="normal"><LA Size="normal">Instandhalten von Geräten, Maschinen und Zusatzeinrichtungen,</LA></DD> <DT>8.</DT><DD Font="normal"><LA Size="normal">Zurichten von Kleinstücken und Hilfsstoffen,</LA></DD> <DT>9.</DT><DD Font="normal"><LA Size="normal">Zurichten von Großstücken und Hilfsstoffen,</LA></DD> <DT>10.</DT><DD Font="normal"><LA Size="normal">Ausführen von Näharbeiten,</LA></DD> <DT>11.</DT><DD Font="normal"><LA Size="normal">Ändern von Heimtextilien,</LA></DD> <DT>12.</DT><DD Font="normal"><LA Size="normal">Ausführen von Bügelarbeiten,</LA></DD> <DT>13.</DT><DD Font="normal"><LA Size="normal">Durchführen von qualitätssichernden Maßnahmen.</LA></DD> </DL></P></Content></text></textdaten></norm>
<norm builddate="20130405131315" doknr="BJNR129210005BJNE000500000"><metadaten><jurabk>ÄndSchnAusbV</jurabk><enbez>§ 5</enbez><titel format="XML">Ausbildungsrahmenplan</titel></metadaten><textdaten><text format="XML"><Content><P>Die in § 4 genannten Fertigkeiten, Kenntnisse und Fähigkeiten sollen nach der in der Anlage enthaltenen Anleitung zur sachlichen und zeitlichen Gliederung der Berufsausbildung (Ausbildungsrahmenplan) vermittelt werden. Eine von dem Ausbildungsrahmenplan abweichende sachliche und zeitliche Gliederung des Ausbildungsinhaltes ist insbesondere zulässig, soweit betriebspraktische Besonderheiten die Abweichung erfordern.</P></Content></text></textdaten></norm>
<norm builddate="20130405131315" doknr="BJNR129210005BJNE000600000"><metadaten><jurabk>ÄndSchnAusbV</jurabk><enbez>§ 6</enbez><titel format="parat">Ausbildungsplan</titel></metadaten><textdaten><text format="XML"><Content><P>Die Ausbildenden haben unter Zugrundelegung des Ausbildungsrahmenplans für die Auszubildenden einen Ausbildungsplan zu erstellen.</P></Content></text></textdaten></norm>
<norm builddate="20130405131315" doknr="BJNR129210005BJNE000700000"><metadaten><jurabk>ÄndSchnAusbV</jurabk><enbez>§ 7</enbez><titel format="parat">Schriftlicher Ausbildungsnachweis</titel></metadaten><textdaten><text format="XML"><Content><P>Die Auszubildenden haben einen schriftlichen Ausbildungsnachweis zu führen. Ihnen ist Gelegenheit zu geben, den schriftlichen Ausbildungsnachweis während der Ausbildungszeit zu führen. Die Ausbildenden haben den schriftlichen Ausbildungsnachweis regelmäßig durchzusehen.</P></Content></text></textdaten></norm>
<norm builddate="20130405131315" doknr="BJNR129210005BJNE000800000"><metadaten><jurabk>ÄndSchnAusbV</jurabk><enbez>§ 8</enbez><titel format="parat">Zwischenprüfung</titel></metadaten><textdaten><text format="XML"><Content><P>(1) Zur Ermittlung des Ausbildungsstandes ist eine Zwischenprüfung durchzuführen. Sie soll zu Beginn des zweiten Ausbildungsjahres stattfinden.</P><P>(2) Die Zwischenprüfung erstreckt sich auf die in der Anlage für das erste Ausbildungsjahr aufgeführten Fertigkeiten, Kenntnisse und Fähigkeiten sowie auf den im Berufsschulunterricht entsprechend dem Rahmenlehrplan zu vermittelnden Lehrstoff, soweit er für die Berufsausbildung wesentlich ist.</P><P>(3) Der Prüfling soll in insgesamt höchstens vier Stunden zwei Arbeitsaufgaben, die Kundenaufträgen entsprechen, durchführen und mit betriebsüblichen Unterlagen dokumentieren. Für die Arbeitsaufgaben kommen insbesondere in Betracht: <DL Font="normal" Type="arabic"><DT>1.</DT><DD Font="normal"><LA Size="normal">Ändern der Länge eines Kleinstücks mit Stoßband,</LA></DD> <DT>2.</DT><DD Font="normal"><LA Size="normal">Ändern der Weite eines Kleinstücks mit Austausch eines Reißverschlusses.</LA></DD> </DL>Bei der Durchführung der Arbeitsaufgaben und der Dokumentation soll der Prüfling zeigen, dass er Arbeitsschritte planen, Arbeitsmittel festlegen, Grundsätze der Kundenorientierung sowie Aspekte der Sicherheit und des Gesundheitsschutzes bei der Arbeit, des Umweltschutzes und der Wirtschaftlichkeit berücksichtigen kann.</P></Content>  </text></textdaten></norm>
<norm builddate="20130405131315" doknr="BJNR129210005BJNE000900000"><metadaten><jurabk>ÄndSchnAusbV</jurabk><enbez>§ 9</enbez><titel format="parat">Gesellenprüfung/Abschlussprüfung</titel></metadaten><textdaten><text format="XML"><Content><P>(1) Die Gesellenprüfung/Abschlussprüfung erstreckt sich auf die in der Anlage aufgeführten Fertigkeiten, Kenntnisse und Fähigkeiten sowie auf den im Berufsschulunterricht vermittelten Lehrstoff, soweit er für die Berufsausbildung wesentlich ist.</P><P>(2) Der Prüfling soll im praktischen Teil der Prüfung in insgesamt höchstens sieben Stunden eine Arbeitsaufgabe, die einem Kundenauftrag entspricht, durchführen, mit betriebsüblichen Unterlagen dokumentieren sowie hierüber während dieser Zeit in insgesamt höchstens 15 Minuten ein Fachgespräch führen, das aus mehreren Gesprächsphasen bestehen kann. Für die Arbeitsaufgabe kommt insbesondere in Betracht: <BR/>Durchführen von Änderungsarbeiten an einem oder mehreren gefütterten Großstücken mit Schlitzen und Knöpfen unter Berücksichtigung folgender Einzelarbeiten: <BR/>Änderung der Länge, Änderung der Ärmellänge vor der Hand, Änderung der Weite von Seitennähten, Austauschen eines aushakbaren Reißverschlusses sowie Durchführen der erforderlichen Bügelarbeiten. <BR/>Bei der Durchführung der Arbeitsaufgabe, der Dokumentation und des Fachgesprächs soll der Prüfling zeigen, dass er Arbeitsabläufe unter Beachtung wirtschaftlicher, technischer und organisatorischer Vorgaben selbstständig und kundenorientiert planen und durchführen, dabei Arbeitsergebnisse kontrollieren und dokumentieren, Maßnahmen zur Sicherheit und zum Gesundheitsschutz bei der Arbeit und zum Umweltschutz ergreifen und die für die Arbeitsaufgabe relevanten fachlichen Hintergründe aufzeigen sowie die Vorgehensweise bei der Ausführung der Arbeitsaufgabe begründen kann.</P><P>(3) Der Prüfling soll im schriftlichen Teil der Prüfung in den Prüfungsbereichen Änderungen, Auftragsbearbeitung sowie Wirtschafts- und Sozialkunde praxisbezogene Aufgaben bearbeiten. Es kommen Aufgaben insbesondere aus folgenden Gebieten in Betracht: <DL Font="normal" Type="arabic"><DT>1.</DT><DD Font="normal"><LA Size="normal">im Prüfungsbereich Änderungen:<DL Font="normal" Type="arabic"><DT>a)</DT><DD Font="normal"><LA Size="normal">Werk-, Hilfsstoffe und Zubehör sowie Materialeigenschaften,</LA></DD> <DT>b)</DT><DD Font="normal"><LA Size="normal">Näh- und Bügeltechniken,</LA></DD> <DT>c)</DT><DD Font="normal"><LA Size="normal">leistungs- und materialbezogene Berechnungen,</LA></DD> <DT>d)</DT><DD Font="normal"><LA Size="normal">Geräte, Maschinen und Zusatzeinrichtungen,</LA></DD> <DT>e)</DT><DD Font="normal"><LA Size="normal">Qualitätssicherung;</LA></DD> </DL></LA></DD> <DT>2.</DT><DD Font="normal"><LA Size="normal">im Prüfungsbereich Auftragsbearbeitung:<DL Font="normal" Type="arabic"><DT>a)</DT><DD Font="normal"><LA Size="normal">Kundenberatung,</LA></DD> <DT>b)</DT><DD Font="normal"><LA Size="normal">Änderungsmöglichkeiten,</LA></DD> <DT>c)</DT><DD Font="normal"><LA Size="normal">Arbeitsplanung,</LA></DD> <DT>d)</DT><DD Font="normal"><LA Size="normal">Kalkulation und Abrechnung;</LA></DD> </DL></LA></DD> <DT>3.</DT><DD Font="normal"><LA Size="normal">im Prüfungsbereich Wirtschafts- und Sozialkunde:</LA><LA Size="normal">allgemeine wirtschaftliche und gesellschaftliche Zusammenhänge der Berufs- und Arbeitswelt.</LA></DD>  </DL> </P><P>(4) Die schriftliche Prüfung dauert höchstens: <BR/><table frame="none" tocentry="%yes;">
		<tgroup align="left" char="" charoff="50" cols="3" colsep="0" rowsep="0">
			<colspec colname="col1" colnum="1" colwidth="5*"/>
			<colspec colname="col2" colnum="2" colwidth="50*"/>
			<colspec colname="col3" colnum="3" colwidth="20*"/>
			<tbody valign="top">
				<row>
					<entry VJ="1" align="left" colsep="0" valign="top">1.</entry>
					<entry VJ="1" align="left" colsep="0" valign="top">im Prüfungsbereich Änderungen</entry>
					<entry VJ="1" align="right" colsep="0" valign="bottom">120 Minuten,</entry>
				</row>
				<row>
					<entry VJ="1" align="left" colsep="0" valign="top">2.</entry>
					<entry VJ="1" align="left" colsep="0" valign="top">im Prüfungsbereich Auftragsbearbeitung</entry>
					<entry VJ="1" align="right" colsep="0" valign="bottom">60 Minuten,</entry>
				</row>
				<row>
					<entry VJ="1" align="left" colsep="0" valign="top">3.</entry>
					<entry VJ="1" align="left" colsep="0" valign="top">im Prüfungsbereich Wirtschafts- und Sozialkunde</entry>
					<entry VJ="1" align="right" colsep="0" valign="bottom">60 Minuten.</entry>
				</row>
			</tbody>
		</tgroup>
	</table> </P><P>(5) Der schriftliche Teil der Prüfung ist auf Antrag des Prüflings oder nach Ermessen des Prüfungsausschusses in einzelnen Prüfungsbereichen durch eine mündliche Prüfung zu ergänzen, wenn diese für das Bestehen der Prüfung den Ausschlag geben kann. Bei der Ermittlung der Ergebnisse für die mündlich geprüften Prüfungsbereiche sind die jeweiligen bisherigen Ergebnisse und die entsprechenden Ergebnisse der mündlichen Ergänzungsprüfung im Verhältnis 2 : 1 zu gewichten.</P><P>(6) Innerhalb des schriftlichen Teils der Prüfung sind die Prüfungsbereiche wie folgt zu gewichten: <BR/><table frame="none" tocentry="%yes;">
		<tgroup align="left" char="" charoff="50" cols="3" colsep="0" rowsep="0">
			<colspec colname="col1" colnum="1" colwidth="5*"/>
			<colspec colname="col2" colnum="2" colwidth="50*"/>
			<colspec colname="col3" colnum="3" colwidth="20*"/>
			<tbody valign="top">
				<row>
					<entry VJ="1" align="left" colsep="0" valign="top">1.</entry>
					<entry VJ="1" align="left" colsep="0" valign="top">Prüfungsbereich Änderungen</entry>
					<entry VJ="1" align="right" colsep="0" valign="top">50 Prozent,</entry>
				</row>
				<row>
					<entry VJ="1" align="left" colsep="0" valign="top">2.</entry>
					<entry VJ="1" align="left" colsep="0" valign="top">Prüfungsbereich Auftragsbearbeitung</entry>
					<entry VJ="1" align="right" colsep="0" valign="top">30 Prozent,</entry>
				</row>
				<row>
					<entry VJ="1" align="left" colsep="0" valign="top">3.</entry>
					<entry VJ="1" align="left" colsep="0" valign="top">Prüfungsbereich Wirtschafts- und Sozialkunde</entry>
					<entry VJ="1" align="right" colsep="0" valign="top">20 Prozent.</entry>
				</row>
			</tbody>
		</tgroup>
	</table> </P><P>(7) Die Prüfung ist bestanden, wenn <DL Font="normal" Type="arabic"><DT>1.</DT><DD Font="normal"><LA Size="normal">im praktischen Teil der Prüfung und</LA></DD> <DT>2.</DT><DD Font="normal"><LA Size="normal">im schriftlichen Teil der Prüfung</LA></DD> </DL>jeweils mindestens ausreichende Leistungen erbracht wurden. In zwei der Prüfungsbereiche des schriftlichen Teils der Prüfung müssen mindestens ausreichende Leistungen, in dem weiteren Prüfungsbereich des schriftlichen Teils der Prüfung dürfen keine ungenügenden Leistungen erbracht worden sein.</P></Content>     </text></textdaten></norm>
<norm builddate="20130405131315" doknr="BJNR129210005BJNE001000000"><metadaten><jurabk>ÄndSchnAusbV</jurabk><enbez>Anlage</enbez><titel format="XML">(zu § 5)<BR/>Ausbildungsrahmenplan für die Berufsausbildung zum Änderungsschneider/zur Änderungsschneiderin</titel></metadaten><textdaten><text format="XML"><Content><P><ABWFORMAT typ="A"/><kommentar typ="Fundstelle">(Fundstelle: BGBl. I 2005, 1295 - 1298)</kommentar><BR/><table frame="all"><tgroup cols="5" colsep="1" rowsep="1"><colspec align="center" colname="col1" colnum="1" colwidth="50"/><colspec colname="col2" colnum="2" colwidth="150"/><colspec colname="col3" colnum="3" colwidth="300"/><colspec align="center" colname="col4" colnum="4" colwidth="70"/><colspec align="center" colname="col5" colnum="5" colwidth="70"/><tbody><row><entry align="left" morerows="1" valign="top">Lfd. Nr.</entry><entry morerows="1" valign="top">Teil des Ausbildungsberufsbildes</entry><entry morerows="1">Zu vermittelnde Fertigkeiten, Kenntnisse und Fähigkeiten</entry><entry nameend="col5" namest="col4">Zeitliche Richtwerte in Wochen im Ausbildungsjahr</entry></row><row><entry>1</entry><entry>2</entry></row><row><entry>1</entry><entry align="center">2</entry><entry align="center">3</entry><entry nameend="col5" namest="col4">4</entry></row><row><entry valign="top">1</entry><entry valign="top">Berufsbildung, Arbeits- und Tarifrecht<BR/>(§ 4 Nr. 1)</entry><entry><DL><DT>a)</DT><DD><LA>Bedeutung des Ausbildungsvertrages, insbesondere Abschluss, Dauer und Beendigung, erklären</LA></DD><DT>b)</DT><DD><LA>gegenseitige Rechte und Pflichten aus dem Ausbildungsvertrag nennen</LA></DD><DT>c)</DT><DD><LA>Möglichkeiten der beruflichen Fortbildung nennen</LA></DD><DT>d)</DT><DD><LA>wesentliche Teile des Arbeitsvertrages nennen</LA></DD><DT>e)</DT><DD><LA>wesentliche Bestimmungen der für den ausbildenden Betrieb geltenden Tarifverträge nennen</LA></DD></DL></entry><entry align="left" morerows="3" nameend="col5" namest="col4">während der gesamten Ausbildung zu vermitteln</entry></row><row><entry valign="top">2</entry><entry valign="top">Aufbau und Organisation des Ausbildungsbetriebes<BR/>(§ 4 Nr. 2)</entry><entry><DL><DT>a)</DT><DD><LA>Aufbau und Aufgaben des ausbildenden Betriebes erläutern</LA></DD><DT>b)</DT><DD><LA>Grundfunktionen des ausbildenden Betriebes wie Beschaffung, Fertigung, Absatz und Verwaltung erklären</LA></DD><DT>c)</DT><DD><LA>Beziehungen des ausbildenden Betriebes und seiner Beschäftigten zu Wirtschaftsorganisationen, Berufsvertretungen und Gewerkschaften nennen</LA></DD><DT>d)</DT><DD><LA>Grundlagen, Aufgaben und Arbeitsweise der betriebsverfassungs- oder personalvertretungsrechtlichen Organe des ausbildenden Betriebes beschreiben</LA></DD></DL></entry></row><row><entry valign="top">3</entry><entry valign="top">Sicherheit und Gesundheitsschutz bei der Arbeit<BR/>(§ 4 Nr. 3)</entry><entry><DL><DT>a)</DT><DD><LA>Gefährdung von Sicherheit und Gesundheit am Arbeitsplatz feststellen und Maßnahmen zu ihrer Vermeidung ergreifen</LA></DD><DT>b)</DT><DD><LA>berufsbezogene Arbeitsschutz- und Unfallverhütungsvorschriften anwenden</LA></DD><DT>c)</DT><DD><LA>Verhaltensweisen bei Unfällen beschreiben sowie erste Maßnahmen einleiten</LA></DD><DT>d)</DT><DD><LA>Vorschriften des vorbeugenden Brandschutzes anwenden; Verhaltensweisen bei Bränden beschreiben und Maßnahmen zur Brandbekämpfung ergreifen</LA></DD></DL></entry></row><row><entry valign="top">4</entry><entry valign="top">Umweltschutz<BR/>(§ 4 Nr. 4)</entry><entry>Zur Vermeidung betriebsbedingter Umweltbelastungen im beruflichen Einwirkungsbereich beitragen, insbesondere<DL><DT>a)</DT><DD><LA>mögliche Umweltbelastungen durch den Ausbildungsbetrieb und seinen Beitrag zum Umweltschutz an Beispielen erklären</LA></DD><DT>b)</DT><DD><LA>für den Ausbildungsbetrieb geltende Regelungen des Umweltschutzes anwenden</LA></DD><DT>c)</DT><DD><LA>Möglichkeiten der wirtschaftlichen und umweltschonenden Energie- und Materialverwendung nutzen</LA></DD><DT>d)</DT><DD><LA>Abfälle vermeiden; Stoffe und Materialien einer umweltschonenden Entsorgung zuführen</LA></DD></DL></entry></row><row><entry morerows="1" valign="top">5</entry><entry morerows="1" valign="top">Planen und Vorbereiten von Arbeitsabläufen<BR/>(§ 4 Nr. 5)</entry><entry><DL><DT>a)</DT><DD><LA>Arbeitsabläufe unter Berücksichtigung von Terminen und betriebswirtschaftlichen Aspekten festlegen</LA></DD><DT>b)</DT><DD><LA>Arbeitsplatz ergonomisch einrichten</LA></DD><DT>c)</DT><DD><LA>Werk- und Hilfsstoffe sowie Zubehör und Arbeitsgeräte auswählen und bereitstellen, Materialbedarf ermitteln</LA></DD><DT>d)</DT><DD><LA>Geräte, Maschinen und Zusatzeinrichtungen nach ihrem Einsatz unterscheiden, auswählen und einrichten</LA></DD><DT>e)</DT><DD><LA>Arbeitsabläufe im Team abstimmen</LA></DD><DT>f)</DT><DD><LA>Änderungsteile, Werk- und Hilfsstoffe sowie Zubehör sortieren und lagern</LA></DD></DL></entry><entry>6</entry><entry> </entry></row><row><entry><DL><DT>g)</DT><DD><LA>Produktinformationen beurteilen, Produkteigenschaften von Werk- und Hilfsstoffen berücksichtigen</LA></DD><DT>h)</DT><DD><LA>Änderungsmöglichkeiten an Großstücken feststellen, Alternativen unter Berücksichtigung der Modellgestaltung und unter Einhaltung der Modelltreue vorschlagen</LA></DD><DT>i)</DT><DD><LA>Eingang von Werk- und Hilfsstoffen sowie Zubehör auf Vollständigkeit und Mängel prüfen und dokumentieren</LA></DD><DT>j)</DT><DD><LA>Bestände prüfen, Nachbestellungen vornehmen</LA></DD></DL></entry><entry> </entry><entry>4</entry></row><row><entry morerows="1" valign="top">6</entry><entry morerows="1" valign="top">Beraten von Kunden<BR/>(§ 4 Nr. 6)</entry><entry><DL><DT>a)</DT><DD><LA>Kundenwünsche ermitteln</LA></DD><DT>b)</DT><DD><LA>Änderungsaufträge annehmen, Anlieferungszustand von Änderungsteilen prüfen und dokumentieren</LA></DD><DT>c)</DT><DD><LA>Änderungen abstecken und markieren, insbesondere Längen und Weiten</LA></DD></DL></entry><entry>5</entry><entry> </entry></row><row><entry><DL><DT>d)</DT><DD><LA>Änderungsaufträge auf Umsetzbarkeit prüfen und annehmen</LA></DD><DT>e)</DT><DD><LA>Kunden über Änderungsmöglichkeiten und Kosten informieren</LA></DD><DT>f)</DT><DD><LA>Aufträge und Termine abstimmen</LA></DD><DT>g)</DT><DD><LA>Reklamationen und Beschwerden entgegennehmen und bearbeiten, Beteiligte informieren</LA></DD><DT>h)</DT><DD><LA>Zahlungsverkehr, insbesondere Barzahlungen, abwickeln</LA></DD></DL></entry><entry> </entry><entry>5</entry></row><row><entry morerows="1" valign="top">7</entry><entry morerows="1" valign="top">Instandhalten von Geräten, Maschinen und Zusatzeinrichtungen<BR/>(§ 4 Nr. 7)</entry><entry><DL><DT>a)</DT><DD><LA>Pflege- und Instandhaltungsintervalle beachten, Geräte, Maschinen und Zusatzeinrichtungen pflegen, Funktionen prüfen</LA></DD><DT>b)</DT><DD><LA>Störungen an Geräten, Maschinen und Zusatzeinrichtungen feststellen und Fehlerbeseitigung einleiten</LA></DD></DL></entry><entry>2</entry><entry> </entry></row><row><entry><DL><DT>c)</DT><DD><LA>Störungen feststellen, Fehler beseitigen und Fehlerbeseitigung veranlassen</LA></DD><DT>d)</DT><DD><LA>Bügelgeräte, insbesondere Dampferzeuger, betriebsbereit halten</LA></DD></DL></entry><entry> </entry><entry>2</entry></row><row><entry valign="top">8</entry><entry valign="top">Zurichten von Kleinstücken und Hilfsstoffen<BR/>(§ 4 Nr. 8)</entry><entry><DL><DT>a)</DT><DD><LA>Schnitte von Änderungsteilen unterscheiden, Änderungen dem Schnitt anpassen</LA></DD><DT>b)</DT><DD><LA>Änderungen markieren, nahttypenspezifische Trennung vornehmen, glatt bügeln und abzeichnen</LA></DD><DT>c)</DT><DD><LA>Kleinteile und Hilfsstoffe zuschneiden</LA></DD></DL></entry><entry>5</entry><entry> </entry></row><row><entry valign="top">9</entry><entry valign="top">Zurichten von Großstücken und Hilfsstoffen<BR/>(§ 4 Nr. 9)</entry><entry><DL><DT>a)</DT><DD><LA>Modellschnitte unterscheiden</LA></DD><DT>b)</DT><DD><LA>Schnittschablonen erstellen und anwenden</LA></DD><DT>c)</DT><DD><LA>Schnitte abnehmen, insbesondere bei Neufütterungen</LA></DD><DT>d)</DT><DD><LA>Bereiche von Großstücken freilegen, nach Markierungen abzeichnen und zurechtschneiden</LA></DD></DL></entry><entry> </entry><entry>6</entry></row><row><entry morerows="1" valign="top">10</entry><entry morerows="1" valign="top">Ausführen von Näharbeiten<BR/>(§ 4 Nr. 10)</entry><entry><DL><DT>a)</DT><DD><LA>Einnadel- und Mehrnadelnähmaschinen, insbesondere Overlock-, Blindstich- oder Kettenstichmaschine, nach ihrem Einsatz unterscheiden und handhaben</LA></DD><DT>b)</DT><DD><LA>Garne und Nadeln nach Art und Stärke auswählen</LA></DD><DT>c)</DT><DD><LA>Ober- und Unterfaden auswechseln sowie Fadenspannung und Stichlänge prüfen und regulieren</LA></DD><DT>d)</DT><DD><LA>Handsticharten, insbesondere Heft-, Saum- und Staffierstiche, ausführen</LA></DD><DT>e)</DT><DD><LA>Kleinstücke enger- und weitermachen, kürzen und verlängern</LA></DD><DT>f)</DT><DD><LA>Reparaturen an Kleinstücken durchführen, insbesondere an Schlitzen, Manschetten, Bündchen, Aufschlägen und Knopflöchern</LA></DD><DT>g)</DT><DD><LA>offene und verdeckte Reißverschlüsse in Kleinstücken austauschen</LA></DD><DT>h)</DT><DD><LA>Nähte fertigen, insbesondere Saum-, Einfass-, Zickzack- und Kappnähte</LA></DD></DL></entry><entry>23</entry><entry> </entry></row><row><entry><DL><DT>i)</DT><DD><LA>Verarbeitungstechniken festlegen, insbesondere Stich- und Nahtarten</LA></DD><DT>j)</DT><DD><LA>Zubehör, insbesondere Knöpfe, Borten, Haken und Ösen, annähen, Druckknöpfe anbringen</LA></DD><DT>k)</DT><DD><LA>offene, verdeckte und aushakbare Reißverschlüsse an Großstücken austauschen</LA></DD><DT>l)</DT><DD><LA>Schrägstreifen schneiden und zusammensetzen</LA></DD><DT>m)</DT><DD><LA>Aufhänger und Knopfschlingen anfertigen</LA></DD><DT>n)</DT><DD><LA>Änderungsteile mit Futter ausstaffieren</LA></DD><DT>o)</DT><DD><LA>Großstücke enger- und weitermachen, kürzen, verlängern und modernisieren</LA></DD><DT>p)</DT><DD><LA>Reparaturen an Großstücken durchführen, insbesondere an Schlitzen, Manschetten, Bündchen und Aufschlägen</LA></DD></DL></entry><entry> </entry><entry>24</entry></row><row><entry valign="top">11</entry><entry valign="top">Ändern von Heimtextilien<BR/>(§ 4 Nr. 11)</entry><entry><DL><DT>a)</DT><DD><LA>Vorhänge und Decken ändern, insbesondere kürzen und verlängern</LA></DD><DT>b)</DT><DD><LA>Bezüge ändern</LA></DD></DL></entry><entry> </entry><entry>4</entry></row><row><entry morerows="1" valign="top">12</entry><entry morerows="1" valign="top">Ausführen von Bügelarbeiten<BR/>(§ 4 Nr. 12)</entry><entry><DL><DT>a)</DT><DD><LA>Wirkungen von Temperatur, Dampf, Zeit und Druck auf Werk- und Hilfsstoffe prüfen</LA></DD><DT>b)</DT><DD><LA>Temperatur, Dampf, Behandlungsdauer und Druck einstellen, überwachen und regulieren</LA></DD><DT>c)</DT><DD><LA>Bügelgeräte und Vorrichtungen handhaben</LA></DD><DT>d)</DT><DD><LA>Nähte und Abnäher ausbügeln</LA></DD><DT>e)</DT><DD><LA>Werk- und Hilfsstoffe bügeln</LA></DD><DT>f)</DT><DD><LA>Einlagen an Änderungsteilen einbügeln und fixieren</LA></DD><DT>g)</DT><DD><LA>Fixiereffekte und Festigkeit von Verbindungen prüfen und korrigieren</LA></DD></DL></entry><entry>8</entry><entry> </entry></row><row><entry><DL><DT>h)</DT><DD><LA>empfindliche Stoffe, insbesondere Samt, dämpfen und bügeln</LA></DD><DT>i)</DT><DD><LA>Änderungsteile unter Berücksichtigung von Form und Aussehen bügeln</LA></DD></DL></entry><entry> </entry><entry>4</entry></row><row><entry morerows="1" valign="top">13</entry><entry morerows="1" valign="top">Durchführen von qualitätssichernden Maßnahmen<BR/>(§ 4 Nr. 13)</entry><entry><DL><DT>a)</DT><DD><LA>Ziele, Aufgaben und Bedeutung von qualitätssichernden Maßnahmen unterscheiden</LA></DD><DT>b)</DT><DD><LA>Zwischenkontrollen durchführen</LA></DD><DT>c)</DT><DD><LA>Qualitätsvorgaben einhalten</LA></DD><DT>d)</DT><DD><LA>Änderungsteile für die Übergabe vorbereiten</LA></DD></DL></entry><entry>3</entry><entry> </entry></row><row><entry><DL><DT>e)</DT><DD><LA>Endkontrolle durchführen, Arbeitsdaten und Zeiten dokumentieren</LA></DD><DT>f)</DT><DD><LA>Ursachen von Qualitätsmängeln feststellen, Lösungen zur Fehlerbeseitigung festlegen, Korrektur- und Vorbeugungsmaßnahmen durchführen</LA></DD><DT>g)</DT><DD><LA>zur kontinuierlichen Verbesserung von Arbeitsabläufen beitragen</LA></DD></DL></entry><entry> </entry><entry>3</entry></row></tbody></tgroup></table></P></Content></text></textdaten></norm>
</dokumente>