<?xml version="1.0" encoding="UTF-8" ?><!DOCTYPE dokumente SYSTEM "http://www.gesetze-im-internet.de/dtd/1.01/gii-norm.dtd">
<dokumente builddate="20231128213531" doknr="BJNR051200993"><norm builddate="20231128213531" doknr="BJNR051200993"><metadaten><jurabk>EWRAbkAG</jurabk><ausfertigung-datum manuell="ja">1993-04-27</ausfertigung-datum><fundstelle typ="amtlich"><periodikum>BGBl I</periodikum><zitstelle>1993, 512 (1529)</zitstelle></fundstelle><kurzue>EWR-Ausführungsgesetz</kurzue><langue>Gesetz zur Ausführung des Abkommens vom 2. Mai 1992 über den Europäischen Wirtschaftsraum</langue><standangabe checked="ja"><standtyp>Stand</standtyp><standkommentar>Zuletzt geändert durch Art. 8 G v. 31.3.2016 I 518</standkommentar></standangabe><standangabe checked="ja"><standtyp>Sonst</standtyp><standkommentar>Das G tritt nach seinem Art. 117 Satz 1 iVm Bek. v. 16.12.1993 I 2436 mWv 1.1.1994 in Kraft.</standkommentar></standangabe></metadaten><textdaten><fussnoten><Content><P><BR/> <pre xml:space="preserve">(+++ Textnachweis ab: 1.1.1994 +++)<BR/><BR/></pre></P></Content></fussnoten></textdaten></norm>
<norm builddate="20231128213531" doknr="BJNR051200993BJNE000100308"><metadaten><jurabk>EWRAbkAG</jurabk><enbez>Eingangsformel</enbez></metadaten><textdaten><text format="XML"><Content><P>Der Bundestag hat mit Zustimmung des Bundesrates das folgende Gesetz beschlossen:</P></Content></text></textdaten></norm>
<norm builddate="20231128213531" doknr="BJNR051200993BJNE000202307"><metadaten><jurabk>EWRAbkAG</jurabk><enbez>(XXXX) Art 1 bis 113</enbez><titel format="XML">(weggefallen)</titel></metadaten><textdaten><fussnoten/></textdaten></norm>
<norm builddate="20231128213531" doknr="BJNR051200993BJNE000300308"><metadaten><jurabk>EWRAbkAG</jurabk><enbez>Art 114</enbez><titel format="parat">Rückkehr zum einheitlichen Verordnungsrang</titel></metadaten><textdaten><text format="XML"><Content><P>Die auf Artikeln 3, 5, 6, 9, 11, 12, 15, 16, 17, 19 bis 32, 38, 42, 48, 54 bis 56, 58, 60 bis 64, 70, 71, 73, 74, 77, 79, 82, 84, 85, 87 bis 93, 95 bis 100, 102, 103, 107 bis 113 beruhenden Teile der dort geänderten Rechtsverordnungen können auf Grund der jeweils einschlägigen Ermächtigung durch Rechtsverordnung geändert werden.</P></Content></text></textdaten></norm>
<norm builddate="20231128213531" doknr="BJNR051200993BJNE000403377"><metadaten><jurabk>EWRAbkAG</jurabk><enbez>Art 115</enbez><titel format="XML">Übergangsvorschriften</titel></metadaten><textdaten><text format="XML"><Content><P><DL Font="normal" Type="arabic"><DT>1.</DT><DD Font="normal"><LA Size="normal">(weggefallen)</LA></DD><DT>2.</DT><DD Font="normal"><LA Size="normal">Auf Handelsvertretervertragsverhältnisse, die vor dem 1. Januar 1993 begründet sind, ist Artikel 40 Nr. 1 dieses Gesetzes erst ab dem 1. Januar 1994 anzuwenden.</LA></DD><DT>3.</DT><DD Font="normal"><LA Size="normal">Artikel 41 Nr. 3 Buchstaben a bis c ist auf den Prospekt eines Emittenten mit Sitz in Island erst mit dem Beginn des Tages anzuwenden, an dem der betreffende Staat der Richtlinie 80/390/EWG vom 17. März 1980 zur Koordinierung der Bedingungen für die Erstellung, die Kontrolle und die Verbreitung des Prospekts, der für die Zulassung von Wertpapieren zur amtlichen Notierung an einer Wertpapierbörse zu veröffentlichen ist (ABl. EG Nr. L 100 S. 1), geändert durch die Richtlinie 87/345/EWG des Rates vom 22. Juni 1987 zur Änderung der Richtlinie 80/390/EWG zur Koordinierung der Bedingungen für die Erstellung, die Kontrolle und die Verbreitung des Prospekts, der für die Zulassung von Wertpapieren zur amtlichen Notierung an einer Wertpapierbörse zu veröffentlichen ist (ABl. EG Nr. L 185 S. 81) und durch die Richtlinie 90/211/EWG des Rates vom 23. April 1990 zur Änderung der Richtlinie 80/390/EWG hinsichtlich der gegenseitigen Anerkennung der Prospekte für öffentliche Angebote als Börsenprospekte (ABl. EG Nr. L 112 S. 24), nachgekommen ist, spätestens am 1. Januar 1995. Das Wahlrecht des Emittenten nach Artikel 41 Nr. 3 Buchstabe d besteht hinsichtlich Islands erst mit Beginn des Tages, an dem Island der in Satz 1 genannten Richtlinie nachgekommen ist, spätestens am 1. Januar 1995. Der Bundesminister der Finanzen gibt diesen Tag im Bundesgesetzblatt bekannt.</LA></DD><DT>4.</DT><DD Font="normal"><LA Size="normal">§ 58 der in Artikel 42 geänderten Börsenzulassungs-Verordnung kann auf den in Island veröffentlichten Zwischenbericht eines Emittenten mit Sitz in Island oder in einem Staat außerhalb des Europäischen Wirtschaftsraums angewendet werden, bis Island der Richtlinie 82/121/EWG des Rates vom 15. Februar 1982 über regelmäßige Informationen, die von Gesellschaften zu veröffentlichen sind, deren Aktien zur amtlichen Notierung an einer Wertpapierbörse zugelassen sind (ABl. EG Nr. L 48 S. 26), nachgekommen ist, spätestens bis zum 1. Januar 1995. Der Bundesminister der Finanzen gibt diesen Tag im Bundesgesetzblatt bekannt.</LA></DD><DT>5.</DT><DD Font="normal"><LA Size="normal">(weggefallen)</LA></DD><DT>6.</DT><DD Font="normal"><LA Size="normal">(weggefallen)</LA></DD><DT>7.</DT><DD Font="normal"><LA Size="normal">(weggefallen)</LA></DD></DL></P></Content></text><fussnoten/></textdaten></norm>
<norm builddate="20231128213531" doknr="BJNR051200993BJNE000500308"><metadaten><jurabk>EWRAbkAG</jurabk><enbez>Art 116</enbez><titel format="parat">Neufassung geänderter Gesetze und Verordnungen</titel></metadaten><textdaten><text format="XML"><Content><P>Der jeweils zuständige Bundesminister kann den Wortlaut eines durch dieses Gesetz geänderten Gesetzes oder einer durch dieses Gesetz geänderten Verordnung in der vom Inkrafttreten dieses Gesetzes an geltenden Fassung im Bundesgesetzblatt bekanntmachen.</P></Content></text><fussnoten/></textdaten></norm>
<norm builddate="20231128213531" doknr="BJNR051200993BJNE000600308"><metadaten><jurabk>EWRAbkAG</jurabk><enbez>Art 117</enbez><titel format="parat">Inkrafttreten</titel></metadaten><textdaten><text format="XML"><Content><P>Dieses Gesetz tritt an dem Tage in Kraft, an dem das Abkommen über den Europäischen Wirtschaftsraum für die Bundesrepublik Deutschland in Kraft tritt. Der Tag des Inkrafttretens des Gesetzes wird im Bundesgesetzblatt bekanntgegeben.</P></Content></text><fussnoten/></textdaten></norm>
</dokumente>