<?xml version="1.0" encoding="UTF-8" ?><!DOCTYPE dokumente SYSTEM "http://www.gesetze-im-internet.de/dtd/1.01/gii-norm.dtd">
<dokumente builddate="20120803043514" doknr="BJNR131020010"><norm builddate="20120803043514" doknr="BJNR131020010"><metadaten><jurabk>DBAAbkMYSG</jurabk><ausfertigung-datum manuell="ja">2010-11-15</ausfertigung-datum><fundstelle typ="amtlich"><periodikum>BGBl II</periodikum><zitstelle>2010, 1310</zitstelle></fundstelle><langue>Gesetz zu dem Abkommen vom 23. Februar 2010 zwischen der Bundesrepublik Deutschland und Malaysia zur Vermeidung der Doppelbesteuerung und zur Verhinderung der Steuerverkürzung auf dem Gebiet der Steuern vom Einkommen</langue></metadaten><textdaten/></norm>
</dokumente>