<?xml version="1.0" encoding="UTF-8" ?><!DOCTYPE dokumente SYSTEM "http://www.gesetze-im-internet.de/dtd/1.01/gii-norm.dtd">
<dokumente builddate="20120625153954" doknr="BJNR207700983"><norm builddate="20120625153954" doknr="BJNR207700983"><metadaten><jurabk>SchlTSchÜbkG</jurabk><ausfertigung-datum manuell="ja">1983-12-09</ausfertigung-datum><fundstelle typ="amtlich"><periodikum>BGBl II</periodikum><zitstelle>1983, 770</zitstelle></fundstelle><langue>Gesetz zu dem Europäischen Übereinkommen vom 10. Mai 1979 über den Schutz
von Schlachttieren</langue></metadaten><textdaten><text format="decorated"/></textdaten></norm>
</dokumente>