<?xml version="1.0" encoding="UTF-8" ?><!DOCTYPE dokumente SYSTEM "http://www.gesetze-im-internet.de/dtd/1.01/gii-norm.dtd">
<dokumente builddate="20120625152257" doknr="BJNR216690973"><norm builddate="20120625152257" doknr="BJNR216690973"><metadaten><jurabk>TonTrÜbkG</jurabk><ausfertigung-datum manuell="ja">1973-12-10</ausfertigung-datum><fundstelle typ="amtlich"><periodikum>BGBl II</periodikum><zitstelle>1973, 1669</zitstelle></fundstelle><langue>Gesetz zu dem Übereinkommen vom 29. Oktober 1971 zum Schutz der Hersteller von Tonträgern gegen die unerlaubte Vervielfältigung ihrer Tonträger</langue></metadaten><textdaten><text format="XML"><Content><P/></Content></text><fussnoten><Content><P>(+++ Textnachweis ab: 14.12.1973 +++)</P></Content></fussnoten></textdaten></norm>
<norm builddate="20120625152257" doknr="BJNR216690973BJNE000100304"><metadaten><jurabk>TonTrÜbkG</jurabk><enbez>Art 1</enbez></metadaten><textdaten><text format="XML"><Content><P>Dem in Genf am 29. Oktober 1971 von der Bundesrepublik Deutschland unterzeichneten Übereinkommen zum Schutz der Hersteller von Tonträgern gegen die unerlaubte Vervielfältigung ihrer Tonträger wird zugestimmt. Das Übereinkommen wird nachstehend veröffentlicht.</P></Content></text></textdaten></norm>
<norm builddate="20120625152257" doknr="BJNR216690973BJNE000200304"><metadaten><jurabk>TonTrÜbkG</jurabk><enbez>Art 2</enbez></metadaten><textdaten><text format="XML"><Content><P>(1) Angehörige eines Vertragsstaats des Übereinkommens und Unternehmen mit Sitz in einem Vertragsstaat des Übereinkommens genießen vom Zeitpunkt des Inkrafttretens des Übereinkommens für die Bundesrepublik Deutschland an für ihre Tonträger die in § 85 des Urheberrechtsgesetzes vom 9. September 1965 (Bundesgesetzbl. I S. 1273), zuletzt geändert durch <I>das Gesetz zur Änderung des Urheberrechtsgesetzes vom 10. November 1972 (Bundesgesetzbl. I S. 2081),</I> vorgesehenen Rechte mit der Maßgabe, daß Schutz nur gegen die in Artikel 2 des Übereinkommens genannten Handlungen gewährt wird. Bei Verletzung dieser Rechte ist auch § 108 Nr. 5 des Urheberrechtsgesetzes anzuwenden.</P><P>(2) § 136 des Urheberrechtsgesetzes ist entsprechend anzuwenden.</P></Content></text></textdaten></norm>
<norm builddate="20120625152257" doknr="BJNR216690973BJNE000300304"><metadaten><jurabk>TonTrÜbkG</jurabk><enbez>Art 3</enbez></metadaten><textdaten><text format="XML"><Content><P>Dieses Gesetz gilt auch im Land Berlin, sofern das Land Berlin die Anwendung dieses Gesetzes feststellt.</P></Content></text></textdaten></norm>
<norm builddate="20120625152257" doknr="BJNR216690973BJNE000400304"><metadaten><jurabk>TonTrÜbkG</jurabk><enbez>Art 4</enbez></metadaten><textdaten><text format="XML"><Content><P>(1) Dieses Gesetz tritt am Tage nach seiner Verkündung in Kraft.</P><P>(2) Der Tag, an dem das Übereinkommen nach seinem Artikel 11 für die Bundesrepublik Deutschland in Kraft tritt, ist im Bundesgesetzblatt bekanntzugeben.</P></Content> </text></textdaten></norm>
</dokumente>