<?xml version="1.0" encoding="UTF-8" ?><!DOCTYPE dokumente SYSTEM "http://www.gesetze-im-internet.de/dtd/1.01/gii-norm.dtd">
<dokumente builddate="20260115215512" doknr="BJNR051400004"><norm builddate="20260115215512" doknr="BJNR051400004"><metadaten><jurabk>DPMAV 2004</jurabk><amtabk>DPMAV</amtabk><ausfertigung-datum manuell="ja">2004-04-01</ausfertigung-datum><fundstelle typ="amtlich"><periodikum>BGBl I</periodikum><zitstelle>2004, 514</zitstelle></fundstelle><kurzue>DPMA-Verordnung</kurzue><langue>Verordnung über das Deutsche Patent- und Markenamt</langue><standangabe checked="ja"><standtyp>Stand</standtyp><standkommentar>Zuletzt geändert durch Art. 9 G v. 11.1.2026 I Nr. 9</standkommentar></standangabe></metadaten><textdaten><fussnoten><Content><P><BR/> <pre xml:space="preserve">(+++ Textnachweis ab: 1.6.2004 +++)<BR/><BR/></pre></P></Content></fussnoten></textdaten></norm>
<norm builddate="20260115215512" doknr="BJNR051400004BJNE000100000"><metadaten><jurabk>DPMAV 2004</jurabk><jurabk>DPMAV</jurabk><enbez>Eingangsformel</enbez></metadaten><textdaten><text format="XML"><Content><P>Auf Grund <DL Font="normal" Type="arabic"><DT>-</DT><DD Font="normal"><LA Size="normal">des § 27 Abs. 5, der §§ 28, 29 Abs. 3, des § 34 Abs. 6 und 8, des § 43 Abs. 8 Nr. 2 und des § 63 Abs. 4 des Patentgesetzes in der Fassung der Bekanntmachung vom 16. Dezember 1980 (BGBl. 1981 I S. 1), von denen § 27 Abs. 5 zuletzt durch Artikel 7 Nr. 10, § 29 Abs. 3 durch Artikel 7 Nr. 12, § 34 Abs. 6 und 8 durch Artikel 7 Nr. 16 Buchstabe a bis c sowie § 63 Abs. 4 zuletzt durch Artikel 7 Nr. 27 Buchstabe b Doppelbuchstabe bb des Gesetzes vom 13. Dezember 2001 (BGBl. I S. 3656) und § 28 durch Artikel 2 Abs. 7 Nr. 1 des Gesetzes vom 12. März 2004 (BGBl. I S. 390) geändert worden sind,</LA></DD> <DT>-</DT><DD Font="normal"><LA Size="normal">des § 4 Abs. 4 und 7, § 10 Abs. 2 und des § 29 des Gebrauchsmustergesetzes in der Fassung der Bekanntmachung vom 28. August 1986 (BGBl. I S. 1455), von denen § 4 Abs. 4 und 7 durch Artikel 8 Nr. 1 Buchstabe a, c und d sowie § 10 Abs. 2 durch Artikel 8 Nr. 5 des Gesetzes vom 13. Dezember 2001 (BGBl. I S. 3656), § 29 durch Artikel 2 Abs. 8 Nr. 3 des Gesetzes vom 12. März 2004 (BGBl. I S. 390) geändert worden sind,</LA></DD> <DT>-</DT><DD Font="normal"><LA Size="normal">des § 65 sowie des § 138 Abs. 2 des Markengesetzes vom 25. Oktober 1994 (BGBl. I S. 3084, 1995 I S. 156), von denen § 138 Abs. 2 durch Artikel 9 Nr. 32 des Gesetzes vom 13. Dezember 2001 (BGBl. I S. 3656) und § 65 Abs. 1 Nr. 1 durch Artikel 2 Abs. 9 Nr. 7 des Gesetzes vom 12. März 2004 (BGBl. I S. 390) geändert worden sind,</LA></DD> <DT>-</DT><DD Font="normal"><LA Size="normal">des § 3 Abs. 3 und des § 4 Abs. 4 des Halbleiterschutzgesetzes vom 22. Oktober 1987 (BGBl. I S. 2294) in Verbindung mit § 10 Abs. 2 des Gebrauchsmustergesetzes in der Fassung der Bekanntmachung vom 28. August 1986 (BGBl. I S. 1455), von denen § 3 Abs. 3 durch Artikel 2 Abs. 15 des Gesetzes vom 12. März 2004 (BGBl. I S. 390) geändert worden ist, und</LA></DD> <DT>-</DT><DD Font="normal"><LA Size="normal">des § 26 Abs. 1, 2 und 4 des Geschmacksmustergesetzes vom 12. März 2004 (BGBl. I S. 390)</LA></DD> </DL>sowie in Verbindung mit Artikel 28 des Gesetzes vom 16. Juli 1998 (BGBl. I S. 1827) und Artikel 29 des Gesetzes vom 13. Dezember 2001 (BGBl. I S. 3656) verordnet das Bundesministerium der Justiz:</P></Content></text></textdaten></norm>
<norm builddate="20260115215512" doknr="BJNR051400004BJNE000206360"><metadaten><jurabk>DPMAV 2004</jurabk><jurabk>DPMAV</jurabk><enbez>Inhaltsübersicht</enbez></metadaten><textdaten><text format="XML"><Content><P><table frame="none" pgwide="1" tocentry="%yes;"><tgroup align="left" char="" charoff="50" cols="3" colsep="0" rowsep="0"><colspec colname="col1" colnum="1" colwidth="5*"/><colspec colname="col2" colnum="2" colwidth="10*"/><colspec colname="col3" colnum="3" colwidth="95*"/><tbody valign="top"><row><entry VJ="1" align="left" colsep="0" nameend="col3" namest="col1" valign="top">Abschnitt 1</entry></row><row><entry VJ="1" align="left" colsep="0" valign="top"> </entry><entry VJ="1" align="left" colsep="0" nameend="col3" namest="col2" valign="top">Organisation, Befugnisse</entry></row><row><entry VJ="1" align="left" colsep="0" nameend="col2" namest="col1" valign="top">§ 1</entry><entry VJ="1" align="left" colsep="0" valign="top">Leitung, Aufsicht, Übertragung von Verordnungsermächtigungen</entry></row><row><entry VJ="1" align="left" colsep="0" nameend="col2" namest="col1" valign="top">§ 2</entry><entry VJ="1" align="left" colsep="0" valign="top">Prüfungsstellen und Patentabteilungen</entry></row><row><entry VJ="1" align="left" colsep="0" nameend="col2" namest="col1" valign="top">§ 3</entry><entry VJ="1" align="left" colsep="0" valign="top">Gebrauchsmusterstelle und Gebrauchsmusterabteilungen</entry></row><row><entry VJ="1" align="left" colsep="0" nameend="col2" namest="col1" valign="top">§ 4</entry><entry VJ="1" align="left" colsep="0" valign="top">Topografiestelle und Topografieabteilung</entry></row><row><entry VJ="1" align="left" colsep="0" nameend="col2" namest="col1" valign="top">§ 5</entry><entry VJ="1" align="left" colsep="0" valign="top">Markenstellen und Markenabteilungen</entry></row><row><entry VJ="1" align="left" colsep="0" nameend="col2" namest="col1" valign="top">§ 6</entry><entry VJ="1" align="left" colsep="0" valign="top">Designstellen und Designabteilungen</entry></row><row><entry VJ="1" align="left" colsep="0" nameend="col3" namest="col1" valign="top">Abschnitt 2</entry></row><row><entry VJ="1" align="left" colsep="0" valign="top"> </entry><entry VJ="1" align="left" colsep="0" nameend="col3" namest="col2" valign="top">Verfahrensvorschriften</entry></row><row><entry VJ="1" align="left" colsep="0" nameend="col2" namest="col1" valign="top">§ 7</entry><entry VJ="1" align="left" colsep="0" valign="top">DIN-Normen</entry></row><row><entry VJ="1" align="left" colsep="0" nameend="col2" namest="col1" valign="top">§ 8</entry><entry VJ="1" align="left" colsep="0" valign="top">Behandlung von Eingängen, Empfangsbestätigung</entry></row><row><entry VJ="1" align="left" colsep="0" nameend="col2" namest="col1" valign="top">§ 9</entry><entry VJ="1" align="left" colsep="0" valign="top">Formblätter</entry></row><row><entry VJ="1" align="left" colsep="0" nameend="col2" namest="col1" valign="top">§ 10</entry><entry VJ="1" align="left" colsep="0" valign="top">Originale</entry></row><row><entry VJ="1" align="left" colsep="0" nameend="col2" namest="col1" valign="top">§ 11</entry><entry VJ="1" align="left" colsep="0" valign="top">Übermittlung durch Telefax</entry></row><row><entry VJ="1" align="left" colsep="0" nameend="col2" namest="col1" valign="top">§ 12</entry><entry VJ="1" align="left" colsep="0" valign="top">Einreichung elektronischer Dokumente</entry></row><row><entry VJ="1" align="left" colsep="0" nameend="col2" namest="col1" valign="top">§ 13</entry><entry VJ="1" align="left" colsep="0" valign="top">Vertretung</entry></row><row><entry VJ="1" align="left" colsep="0" nameend="col2" namest="col1" valign="top">§ 14</entry><entry VJ="1" align="left" colsep="0" valign="top">Mehrere Beteiligte, mehrere Vertreter</entry></row><row><entry VJ="1" align="left" colsep="0" nameend="col2" namest="col1" valign="top">§ 15</entry><entry VJ="1" align="left" colsep="0" valign="top">Vollmachten</entry></row><row><entry VJ="1" align="left" colsep="0" nameend="col2" namest="col1" valign="top">§ 16</entry><entry VJ="1" align="left" colsep="0" valign="top">Kennnummern für Anmelder, Vertreter und Angestelltenvollmachten</entry></row><row><entry VJ="1" align="left" colsep="0" nameend="col2" namest="col1" valign="top">§ 17</entry><entry VJ="1" align="left" colsep="0" valign="top">Sonstige Erfordernisse für Anträge und Eingaben</entry></row><row><entry VJ="1" align="left" colsep="0" nameend="col2" namest="col1" valign="top">§ 18</entry><entry VJ="1" align="left" colsep="0" valign="top">Fristen</entry></row><row><entry VJ="1" nameend="col2" namest="col1">§ 18a</entry><entry VJ="1">Fristberechnung bei Feiertagen</entry></row><row><entry VJ="1" align="left" colsep="0" nameend="col2" namest="col1" valign="top">§ 19</entry><entry VJ="1" align="left" colsep="0" valign="top">Entscheidung nach Lage der Akten</entry></row><row><entry VJ="1" align="left" colsep="0" nameend="col2" namest="col1" valign="top">§ 20</entry><entry VJ="1" align="left" colsep="0" valign="top">Form der Ausfertigungen und Abschriften; formlose Mitteilungen</entry></row><row><entry VJ="1" align="left" colsep="0" nameend="col2" namest="col1" valign="top">§ 21</entry><entry VJ="1" align="left" colsep="0" valign="top">Zustellung und formlose Übersendung</entry></row><row><entry VJ="1" align="left" colsep="0" nameend="col2" namest="col1" valign="top">§ 22</entry><entry VJ="1" align="left" colsep="0" valign="top">Akteneinsicht</entry></row><row><entry VJ="1" align="left" colsep="0" nameend="col2" namest="col1" valign="top">§ 23</entry><entry VJ="1" align="left" colsep="0" valign="top">(weggefallen)</entry></row><row><entry VJ="1" align="left" colsep="0" nameend="col2" namest="col1" valign="top">§ 24</entry><entry VJ="1" align="left" colsep="0" valign="top">Verfahrenskostenhilfe</entry></row><row><entry VJ="1" align="left" colsep="0" nameend="col2" namest="col1" valign="top">§ 25</entry><entry VJ="1" align="left" colsep="0" valign="top">Urkunden, Schmuckurkunden</entry></row><row><entry VJ="1" align="left" colsep="0" nameend="col2" namest="col1" valign="top">§ 26</entry><entry VJ="1" align="left" colsep="0" valign="top">Berichtigung der Register und Veröffentlichungen</entry></row><row><entry VJ="1" align="left" colsep="0" nameend="col2" namest="col1" valign="top">§ 27</entry><entry VJ="1" align="left" colsep="0" valign="top">Änderungen von Namen oder Anschriften</entry></row><row><entry VJ="1" align="left" colsep="0" nameend="col2" namest="col1" valign="top">§ 28</entry><entry VJ="1" align="left" colsep="0" valign="top">Eintragung eines Rechtsübergangs</entry></row><row><entry VJ="1" align="left" colsep="0" nameend="col2" namest="col1" valign="top">§ 29</entry><entry VJ="1" align="left" colsep="0" valign="top">Eintragung von dinglichen Rechten</entry></row><row><entry VJ="1" align="left" colsep="0" nameend="col2" namest="col1" valign="top">§ 30</entry><entry VJ="1" align="left" colsep="0" valign="top">Maßnahmen der Zwangsvollstreckung, Insolvenzverfahren</entry></row><row><entry VJ="1" align="left" colsep="0" nameend="col2" namest="col1" valign="top">§ 31</entry><entry VJ="1" align="left" colsep="0" valign="top">Aufbewahrung von eingereichten Gegenständen oder Unterlagen</entry></row><row><entry VJ="1" align="left" colsep="0" nameend="col3" namest="col1" valign="top">Abschnitt 3</entry></row><row><entry VJ="1" align="left" colsep="0" nameend="col3" namest="col1" valign="top">Schlussvorschriften</entry></row><row><entry VJ="1" align="left" colsep="0" nameend="col2" namest="col1" valign="top">§ 32</entry><entry VJ="1" align="left" colsep="0" valign="top">Übergangsregelung aus Anlass des Inkrafttretens dieser Verordnung</entry></row><row><entry VJ="1" align="left" colsep="0" nameend="col2" namest="col1" valign="top">§ 33</entry><entry VJ="1" align="left" colsep="0" valign="top">Übergangsregelung für künftige Änderungen</entry></row><row><entry VJ="1" align="left" colsep="0" nameend="col2" namest="col1" valign="top">§ 34</entry><entry VJ="1" align="left" colsep="0" valign="top">Inkrafttreten, Außerkrafttreten</entry></row></tbody></tgroup></table></P></Content></text><fussnoten/></textdaten></norm>
<norm builddate="20260115215512" doknr="BJNR051400004BJNG000100000"><metadaten><jurabk>DPMAV 2004</jurabk><jurabk>DPMAV</jurabk><gliederungseinheit><gliederungskennzahl>010</gliederungskennzahl><gliederungsbez>Abschnitt 1</gliederungsbez><gliederungstitel>Organisation, Befugnisse</gliederungstitel></gliederungseinheit></metadaten><textdaten><text format="XML"><Content><P/></Content></text></textdaten></norm>
<norm builddate="20260115215512" doknr="BJNR051400004BJNE000305129"><metadaten><jurabk>DPMAV 2004</jurabk><jurabk>DPMAV</jurabk><enbez>§ 1</enbez><titel format="XML">Leitung, Aufsicht, Übertragung von Verordnungsermächtigungen</titel></metadaten><textdaten><text format="XML"><Content><P>(1) Der Präsident oder die Präsidentin leitet und beaufsichtigt den gesamten Geschäftsbetrieb des Deutschen Patent- und Markenamts und wirkt auf die gleichmäßige Behandlung der Geschäfte und auf die Beachtung gleicher Grundsätze hin.</P><P>(2) Die Ermächtigungen in § 27 Abs. 5, § 29 Abs. 3, § 34 Abs. 6 und 8 sowie in § 63 Abs. 4 des Patentgesetzes, in § 4 Abs. 4 und 7 sowie § 10 Abs. 2 des Gebrauchsmustergesetzes, in § 3 Abs. 3 sowie in § 4 Abs. 4 des Halbleiterschutzgesetzes in Verbindung mit § 10 Abs. 2 des Gebrauchsmustergesetzes, in § 65 Absatz 1 Nummer 2 bis 13 sowie § 138 Absatz 1 des Markengesetzes in der vor dem 16. Januar 2026 geltenden Fassung, in § 26 Absatz 1 Nummer 2 bis 9 und Absatz 2 des Designgesetzes werden auf das Deutsche Patent- und Markenamt übertragen.</P></Content></text><fussnoten/></textdaten></norm>
<norm builddate="20260115215512" doknr="BJNR051400004BJNE000400000"><metadaten><jurabk>DPMAV 2004</jurabk><jurabk>DPMAV</jurabk><enbez>§ 2</enbez><titel format="parat">Prüfungsstellen und Patentabteilungen</titel></metadaten><textdaten><text format="XML"><Content><P>(1) Der Präsident oder die Präsidentin bestimmt den Geschäftskreis der Prüfungsstellen und Patentabteilungen sowie die Vorsitzenden und stellvertretenden Vorsitzenden der Patentabteilungen und regelt das Verfahren zur Klassifizierung der Anmeldungen.</P><P>(2) Die Vorsitzenden der Patentabteilungen leiten die Geschäfte in den Verfahren vor ihren Patentabteilungen. In den Verfahren vor den Patentabteilungen übernimmt, soweit die jeweiligen Vorsitzenden nichts anderes bestimmt haben, ein Prüfer oder eine Prüferin die Berichterstattung. Die Berichterstattung umfasst den Vortrag in der Sitzung und die Vorbereitung der Beschlüsse und Gutachten. Die Vorsitzenden prüfen die Entwürfe der Beschlüsse und Gutachten für ihre Patentabteilung und stellen sie fest. Über sachliche Meinungsverschiedenheiten beschließt die jeweilige Patentabteilung.</P><P>(3) In Verfahren vor der Patentabteilung bedarf es der Beratung und Abstimmung in einer Sitzung für <DL Font="normal" Type="arabic"><DT>1.</DT><DD Font="normal"><LA Size="normal">Beschlüsse, durch die über die Aufrechterhaltung, den Widerruf oder die Beschränkung des Patents entschieden wird,</LA></DD> <DT>2.</DT><DD Font="normal"><LA Size="normal">Beschlüsse über die Erteilung eines ergänzenden Schutzzertifikats oder die Zurückweisung der Zertifikatsanmeldung,</LA></DD> <DT>3.</DT><DD Font="normal"><LA Size="normal">die Festsetzung der Vergütung nach § 23 Abs. 4 und 6 des Patentgesetzes,</LA></DD> <DT>4.</DT><DD Font="normal"><LA Size="normal">Beschlüsse über die Gewährung von Verfahrenskostenhilfe für Verfahrensgebühren in Beschränkungs- und Einspruchsverfahren sowie über die Beiordnung eines Vertreters nach § 133 des Patentgesetzes,</LA></DD> <DT>5.</DT><DD Font="normal"><LA Size="normal">Gutachten und Beschlüsse, durch welche die Abgabe eines Gutachtens abgelehnt wird.</LA></DD> </DL> </P><P>Von einer Sitzung kann ausnahmsweise abgesehen werden, sofern die jeweils zuständigen Vorsitzenden sie nicht für erforderlich halten.</P><P>(4) Die Patentabteilungen entscheiden nach Stimmenmehrheit; bei Stimmengleichheit gibt die Stimme ihrer Vorsitzenden den Ausschlag.</P></Content>   </text></textdaten></norm>
<norm builddate="20260115215512" doknr="BJNR051400004BJNE000500000"><metadaten><jurabk>DPMAV 2004</jurabk><jurabk>DPMAV</jurabk><enbez>§ 3</enbez><titel format="parat">Gebrauchsmusterstelle und Gebrauchsmusterabteilungen</titel></metadaten><textdaten><text format="XML"><Content><P>(1) Der Präsident oder die Präsidentin bestimmt den Geschäftskreis der Gebrauchsmusterstelle und der Gebrauchsmusterabteilungen sowie die Vorsitzenden und stellvertretenden Vorsitzenden der Gebrauchsmusterabteilungen und regelt das Verfahren zur Klassifizierung der Anmeldungen.</P><P>(2) Die Vorsitzenden der Gebrauchsmusterabteilungen leiten die Geschäfte in den Verfahren vor ihren Gebrauchsmusterabteilungen. In den Verfahren vor den Gebrauchsmusterabteilungen übernimmt, soweit die jeweiligen Vorsitzenden nichts anderes bestimmt haben, ein Prüfer oder eine Prüferin die Berichterstattung. Die Berichterstattung umfasst den Vortrag in der Sitzung und die Vorbereitung der Beschlüsse und Gutachten. Die Vorsitzenden prüfen die Entwürfe der Beschlüsse und Gutachten für ihre Gebrauchsmusterabteilung und stellen sie fest. Über sachliche Meinungsverschiedenheiten beschließt die jeweilige Gebrauchsmusterabteilung.</P><P>(3) In Verfahren vor der Gebrauchsmusterabteilung bedarf es der Beratung und Abstimmung in einer Sitzung für <DL Font="normal" Type="arabic"><DT>1.</DT><DD Font="normal"><LA Size="normal">Beschlüsse, durch die über den Löschungsantrag entschieden wird,</LA></DD> <DT>2.</DT><DD Font="normal"><LA Size="normal">Gutachten und Beschlüsse, durch welche die Abgabe eines Gutachtens abgelehnt wird.</LA></DD> </DL>Von einer Sitzung kann ausnahmsweise abgesehen werden, sofern die jeweils zuständigen Vorsitzenden sie nicht für erforderlich halten.</P><P>(4) Die Gebrauchsmusterabteilungen entscheiden nach Stimmenmehrheit; bei Stimmengleichheit gibt die Stimme ihrer Vorsitzenden den Ausschlag.</P></Content>   </text></textdaten></norm>
<norm builddate="20260115215512" doknr="BJNR051400004BJNE000600000"><metadaten><jurabk>DPMAV 2004</jurabk><jurabk>DPMAV</jurabk><enbez>§ 4</enbez><titel format="parat">Topografiestelle und Topografieabteilung</titel></metadaten><textdaten><text format="XML"><Content><P>(1) Der Präsident oder die Präsidentin bestimmt den Geschäftskreis der Topografiestelle und der Topografieabteilung sowie den oder die Vorsitzende und den oder die stellvertretende Vorsitzende der Topografieabteilung.</P><P>(2) Der oder die Vorsitzende der Topografieabteilung leitet die Geschäfte in den Verfahren vor der Topografieabteilung. In den Verfahren vor der Topografieabteilung übernimmt, soweit der oder die Vorsitzende nichts anderes bestimmt hat, ein technisches Mitglied die Berichterstattung. Die Berichterstattung umfasst den Vortrag in der Sitzung und die Vorbereitung der Beschlüsse und Gutachten. Der oder die Vorsitzende prüft die Entwürfe der Beschlüsse und Gutachten für die Topografieabteilung und stellt sie fest. Über sachliche Meinungsverschiedenheiten beschließt die Topografieabteilung.</P><P>(3) In Verfahren vor der Topografieabteilung bedarf es der Beratung und Abstimmung in einer Sitzung für <DL Font="normal" Type="arabic"><DT>1.</DT><DD Font="normal"><LA Size="normal">Beschlüsse, durch die über den Löschungsantrag entschieden wird, und</LA></DD> <DT>2.</DT><DD Font="normal"><LA Size="normal">Gutachten und Beschlüsse, durch welche die Abgabe eines Gutachtens abgelehnt wird.</LA></DD> </DL>Von einer Sitzung kann ausnahmsweise abgesehen werden, sofern der oder die Vorsitzende sie nicht für erforderlich hält.</P><P>(4) Die Topografieabteilung entscheidet nach Stimmenmehrheit; bei Stimmengleichheit gibt die Stimme des oder der Vorsitzenden den Ausschlag.</P></Content>   </text></textdaten></norm>
<norm builddate="20260115215512" doknr="BJNR051400004BJNE000701360"><metadaten><jurabk>DPMAV 2004</jurabk><jurabk>DPMAV</jurabk><enbez>§ 5</enbez><titel format="XML">Markenstellen und Markenabteilungen</titel></metadaten><textdaten><text format="XML"><Content><P>(1) Der Präsident oder die Präsidentin bestimmt den Geschäftskreis der Markenstellen und Markenabteilungen sowie die Vorsitzenden und stellvertretenden Vorsitzenden der Markenabteilungen und regelt das Verfahren zur Klassifizierung der Anmeldungen.</P><P>(2) Die Vorsitzenden der Markenabteilungen leiten die Geschäfte in den Verfahren vor ihren Markenabteilungen; sie bestimmen die weiteren Mitglieder und die Berichterstatter.</P><P>(3) In Verfahren vor der Markenabteilung bedarf es der Beratung und Abstimmung in einer Sitzung für <DL Font="normal" Type="arabic"><DT>1.</DT><DD Font="normal"><LA Size="normal">Beschlüsse nach den §§ 53 und 57 des Markengesetzes und</LA></DD><DT>2.</DT><DD Font="normal"><LA Size="normal">Aufgaben der Markenabteilungen, die nicht von den Vorsitzenden allein bearbeitet werden oder von ihnen an Angehörige der Markenabteilung nach § 56 Abs. 3 Satz 3 des Markengesetzes übertragen worden sind.</LA></DD></DL>Von der Beratung kann abgesehen werden, wenn die jeweils zuständigen Vorsitzenden sie nicht für erforderlich halten.</P><P>(4) Die Markenabteilungen entscheiden nach Stimmenmehrheit; bei Stimmengleichheit gibt die Stimme ihrer Vorsitzenden den Ausschlag.</P></Content></text><fussnoten/></textdaten></norm>
<norm builddate="20260115215512" doknr="BJNR051400004BJNE000803360"><metadaten><jurabk>DPMAV 2004</jurabk><jurabk>DPMAV</jurabk><enbez>§ 6</enbez><titel format="XML">Designstellen und Designabteilungen</titel></metadaten><textdaten><text format="XML"><Content><P>(1) Der Präsident oder die Präsidentin bestimmt den Geschäftskreis der Designstellen und der Designabteilungen sowie die Vorsitzenden und stellvertretenden Vorsitzenden der Designabteilungen und regelt das Verfahren zur Klassifizierung der Anmeldung.</P><P>(2) Der Vorsitzende der jeweiligen Designabteilung leitet die Geschäfte in den Verfahren vor seiner Designabteilung. Er bestimmt die weiteren Mitglieder und die Berichterstatter.</P><P>(3) In Verfahren vor den Designabteilungen bedarf es der Beratung und Abstimmung der jeweiligen Mitglieder in einer Sitzung für <DL Font="normal" Type="arabic"><DT>1.</DT><DD Font="normal"><LA Size="normal">Beschlüsse, durch die über den Antrag auf Feststellung oder Erklärung der Nichtigkeit entschieden wird,</LA></DD><DT>2.</DT><DD Font="normal"><LA Size="normal">Beschlüsse, in denen dem Vorsitzenden oder einem Angehörigen der Designabteilung Angelegenheiten der Designabteilung zur alleinigen Entscheidung übertragen werden.</LA></DD></DL>Von der Sitzung kann abgesehen werden, wenn der jeweils zuständige Vorsitzende sie nicht für erforderlich hält. Die Entscheidung über den Antrag auf Feststellung oder Erklärung der Nichtigkeit kann nicht übertragen werden.</P><P>(4) Die Designabteilungen entscheiden nach Stimmenmehrheit; bei Stimmengleichheit gibt die Stimme ihres jeweiligen Vorsitzenden den Ausschlag.</P></Content></text><fussnoten/></textdaten></norm>
<norm builddate="20260115215512" doknr="BJNR051400004BJNG000200000"><metadaten><jurabk>DPMAV 2004</jurabk><jurabk>DPMAV</jurabk><gliederungseinheit><gliederungskennzahl>020</gliederungskennzahl><gliederungsbez>Abschnitt 2</gliederungsbez><gliederungstitel>Verfahrensvorschriften</gliederungstitel></gliederungseinheit></metadaten><textdaten><text format="XML"><Content><P/></Content></text></textdaten></norm>
<norm builddate="20260115215512" doknr="BJNR051400004BJNE000900000"><metadaten><jurabk>DPMAV 2004</jurabk><jurabk>DPMAV</jurabk><enbez>§ 7</enbez><titel format="parat">DIN-Normen</titel></metadaten><textdaten><text format="XML"><Content><P>DIN-Normen, auf die in dieser Verordnung verwiesen wird, sind im Beuth-Verlag GmbH, Berlin und Köln, erschienen und beim Deutschen Patent- und Markenamt in München archivmäßig gesichert niedergelegt.</P></Content></text></textdaten></norm>
<norm builddate="20260115215512" doknr="BJNR051400004BJNE001002123"><metadaten><jurabk>DPMAV 2004</jurabk><jurabk>DPMAV</jurabk><enbez>§ 8</enbez><titel format="XML">Behandlung von Eingängen, Empfangsbestätigung</titel></metadaten><textdaten><text format="XML"><Content><P>(1) In den Akten wird der Tag des Eingangs vermerkt.</P><P>(2) Bei Schutzrechtsanmeldungen übermittelt das Deutsche Patent- und Markenamt dem Anmelder unverzüglich eine Empfangsbestätigung, die das angemeldete Schutzrecht bezeichnet und das Aktenzeichen der Anmeldung sowie den Tag des Eingangs der Anmeldung angibt.</P></Content></text><fussnoten/></textdaten></norm>
<norm builddate="20260115215512" doknr="BJNR051400004BJNE001101360"><metadaten><jurabk>DPMAV 2004</jurabk><jurabk>DPMAV</jurabk><enbez>§ 9</enbez><titel format="XML">Formblätter</titel></metadaten><textdaten><text format="XML"><Content><P>(1) Das Deutsche Patent- und Markenamt gibt für Schutzrechtsanmeldungen und andere Anträge Formblätter heraus, die in Papier oder elektronischer Form zur Verfügung gestellt werden. Die Formblätter sollen verwendet werden, soweit dies nicht ohnehin zwingend vorgeschrieben ist.</P><P>(2) Formblätter sollen so ausgefüllt sein, dass sie die maschinelle Erfassung und Bearbeitung gestatten.</P><P>(3) Die in Verordnungen des Deutschen Patent- und Markenamts zwingend vorgeschriebenen Formblätter werden über die Internetseite des Deutschen Patent- und Markenamts www.dpma.de bekannt gemacht.</P></Content></text><fussnoten/></textdaten></norm>
<norm builddate="20260115215512" doknr="BJNR051400004BJNE001201360"><metadaten><jurabk>DPMAV 2004</jurabk><jurabk>DPMAV</jurabk><enbez>§ 10</enbez><titel format="XML">Originale</titel></metadaten><textdaten><text format="XML"><Content><P>(1) Originale von Anträgen und Eingaben sind unterschrieben einzureichen.</P><P>(2) Für die Schriftstücke ist dauerhaftes, nicht durchscheinendes Papier im Format 21 x 29,7 Zentimeter (DIN A4) zu verwenden. Die Schrift muss leicht lesbar und dokumentenecht sein. Vom oberen und vom linken Seitenrand jedes Blattes ist ein Randabstand von mindestens 2,5 Zentimeter einzuhalten. Die Blätter eines Schriftstücks sollen fortlaufend nummeriert sein.</P></Content></text><fussnoten/></textdaten></norm>
<norm builddate="20260115215512" doknr="BJNR051400004BJNE001300000"><metadaten><jurabk>DPMAV 2004</jurabk><jurabk>DPMAV</jurabk><enbez>§ 11</enbez><titel format="parat">Übermittlung durch Telefax</titel></metadaten><textdaten><text format="XML"><Content><P>(1) Das unterschriebene Original kann auch durch Telefax übermittelt werden.</P><P>(2) Das Deutsche Patent- und Markenamt kann die Wiederholung der Übermittlung durch Telefax oder das Einreichen des Originals verlangen, wenn es begründete Zweifel an der Vollständigkeit der Übermittlung oder der Übereinstimmung des Originals mit dem übermittelten Telefax hat oder wenn die Qualität der Wiedergabe den Anforderungen des Deutschen Patent- und Markenamts nicht entspricht.</P></Content> </text></textdaten></norm>
<norm builddate="20260115215512" doknr="BJNR051400004BJNE001404360"><metadaten><jurabk>DPMAV 2004</jurabk><jurabk>DPMAV</jurabk><enbez>§ 12</enbez><titel format="XML">Einreichung elektronischer Dokumente</titel></metadaten><textdaten><text format="XML"><Content><P>Elektronische Dokumente sind nach Maßgabe der Verordnung über den elektronischen Rechtsverkehr beim Deutschen Patent- und Markenamt einzureichen. Deren Bestimmungen gehen insoweit den Bestimmungen dieser Verordnung vor.</P></Content></text><fussnoten/></textdaten></norm>
<norm builddate="20260115215512" doknr="BJNR051400004BJNE001500000"><metadaten><jurabk>DPMAV 2004</jurabk><jurabk>DPMAV</jurabk><enbez>§ 13</enbez><titel format="parat">Vertretung</titel></metadaten><textdaten><text format="XML"><Content><P>(1) Beteiligte können sich in jeder Lage des Verfahrens durch Bevollmächtigte vertreten lassen.</P><P>(2) Die Bevollmächtigung eines Zusammenschlusses von Vertretern gilt, wenn nicht einzelne Personen, die in dem Zusammenschluss tätig sind, ausdrücklich als Vertreter bezeichnet sind, als Bevollmächtigung aller in dem Zusammenschluss tätigen Vertreter.</P></Content> </text></textdaten></norm>
<norm builddate="20260115215512" doknr="BJNR051400004BJNE001600000"><metadaten><jurabk>DPMAV 2004</jurabk><jurabk>DPMAV</jurabk><enbez>§ 14</enbez><titel format="parat">Mehrere Beteiligte, mehrere Vertreter</titel></metadaten><textdaten><text format="XML"><Content><P>(1) Falls mehrere Personen ohne gemeinsamen Vertreter gemeinschaftlich an einem Verfahren beteiligt oder mehrere Vertreter mit unterschiedlicher Anschrift bestellt sind, ist anzugeben, wer für alle Beteiligten als zustellungs- und empfangsbevollmächtigt bestimmt ist; diese Erklärung ist von allen Anmeldern oder Vertretern zu unterzeichnen. Fehlt eine solche Angabe, so gilt die Person als zustellungs- und empfangsbevollmächtigt, die zuerst genannt ist.</P><P>(2) Falls von einem Beteiligten mehrere Vertreter bestellt sind, ist anzugeben, welcher dieser Vertreter als zustellungs- und empfangsbevollmächtigt bestimmt ist. Fehlt eine solche Bestimmung, so ist derjenige Vertreter zustellungs- und empfangsbevollmächtigt, der zuerst genannt ist.</P><P>(3) Absatz 2 gilt entsprechend, wenn mehrere gemeinschaftlich an einem Verfahren beteiligte Personen mehrere Vertreter als gemeinsame Vertreter bestimmt haben.</P><P>(4) Die Absätze 2 und 3 gelten nicht, wenn ein Zusammenschluss von Vertretern mit der Vertretung beauftragt worden ist. In diesem Fall reicht die Angabe des Namens des Zusammenschlusses aus. Hat ein solcher Zusammenschluss mehrere Anschriften, so ist anzugeben, welche Anschrift maßgebend ist. Fehlt eine solche Angabe, so ist diejenige Anschrift maßgebend, die zuerst genannt ist.</P></Content>   </text></textdaten></norm>
<norm builddate="20260115215512" doknr="BJNR051400004BJNE001701360"><metadaten><jurabk>DPMAV 2004</jurabk><jurabk>DPMAV</jurabk><enbez>§ 15</enbez><titel format="XML">Vollmachten</titel></metadaten><textdaten><text format="XML"><Content><P>(1) Bevollmächtigte, soweit sie nicht nur zum Empfang von Zustellungen oder Mitteilungen ermächtigt sind, haben beim Deutschen Patent- und Markenamt eine vom Vollmachtgeber unterschriebene Vollmachtsurkunde einzureichen. Eine Beglaubigung der Unterschrift ist nicht erforderlich.</P><P>(2) Die Vollmacht kann sich auf die Bevollmächtigung zur Vertretung in allen das jeweilige Schutzrecht betreffenden Angelegenheiten erstrecken. Sie kann sich auch auf mehrere Anmeldungen, Schutzrechte oder Verfahren erstrecken. In diesen Fällen muss nur ein Exemplar der Vollmachtsurkunde eingereicht werden.</P><P>(3) Vollmachtsurkunden müssen auf prozessfähige, mit ihrem bürgerlichen Namen bezeichnete Personen lauten. Die Bevollmächtigung eines Zusammenschlusses von Vertretern unter Angabe des Namens dieses Zusammenschlusses ist zulässig.</P><P>(4) Das Deutsche Patent- und Markenamt hat das Fehlen einer Vollmacht oder Mängel der Vollmacht von Amts wegen zu berücksichtigen, wenn nicht Rechtsanwälte, Patentanwälte, Erlaubnisscheininhaber oder in den Fällen des § 155 der Patentanwaltsordnung Patentassessoren als Bevollmächtigte auftreten.</P></Content></text><fussnoten/></textdaten></norm>
<norm builddate="20260115215512" doknr="BJNR051400004BJNE001801360"><metadaten><jurabk>DPMAV 2004</jurabk><jurabk>DPMAV</jurabk><enbez>§ 16</enbez><titel format="XML">Kennnummern für Anmelder, Vertreter und Angestelltenvollmachten</titel></metadaten><textdaten><text format="XML"><Content><P>Zur Erleichterung der Bearbeitung von Anmeldungen teilt das Deutsche Patent- und Markenamt den Anmeldern, den Vertretern und den eingereichten Angestelltenvollmachten Kennnummern zu. Die Kennnummern sollen in den vom Deutschen Patent- und Markenamt herausgegebenen Formularen angegeben werden, sofern dies vorgesehen ist.</P></Content></text><fussnoten/></textdaten></norm>
<norm builddate="20260115215512" doknr="BJNR051400004BJNE001901360"><metadaten><jurabk>DPMAV 2004</jurabk><jurabk>DPMAV</jurabk><enbez>§ 17</enbez><titel format="XML">Sonstige Erfordernisse für Anträge und Eingaben</titel></metadaten><textdaten><text format="XML"><Content><P>(1) Nach Mitteilung des Aktenzeichens ist dieses auf allen Anträgen und Eingaben anzugeben. Auf allen Bestandteilen einer an das Deutsche Patent- und Markenamt gerichteten Sendung ist anzugeben, zu welchem Antrag oder zu welcher Eingabe sie gehören.</P><P>(2) In mehrseitigen Verfahren vor dem Deutschen Patent- und Markenamt sind allen Schriftstücken Abschriften für die übrigen Beteiligten beizufügen. Kommt ein Beteiligter dieser Verpflichtung nicht nach, steht es im Ermessen des Deutschen Patent- und Markenamts, ob es die erforderliche Zahl von Abschriften auf Kosten dieses Beteiligten anfertigt oder dazu auffordert, Abschriften nachzureichen. Die Sätze 1 und 2 sind nicht anzuwenden auf Patent-, Gebrauchsmuster- und Topografieverfahren; das Deutsche Patent- und Markenamt kann in diesen Fällen die Beteiligten jedoch auffordern, Abschriften nachzureichen.</P></Content></text><fussnoten/></textdaten></norm>
<norm builddate="20260115215512" doknr="BJNR051400004BJNE002000000"><metadaten><jurabk>DPMAV 2004</jurabk><jurabk>DPMAV</jurabk><enbez>§ 18</enbez><titel format="parat">Fristen</titel></metadaten><textdaten><text format="XML"><Content><P>(1) Die vom Deutschen Patent- und Markenamt bestimmten oder auf Antrag gewährten Fristen sollen mindestens einen Monat, bei Beteiligten, die im Inland weder Sitz, Niederlassung oder Wohnsitz haben, mindestens zwei Monate betragen.</P><P>(2) Eine Fristverlängerung kann bei Angabe von ausreichenden Gründen gewährt werden.</P><P>(3) Weitere Fristverlängerungen werden nur gewährt, wenn ein berechtigtes Interesse glaubhaft gemacht wird. In Verfahren mit mehreren Beteiligten soll außerdem das Einverständnis der anderen Beteiligten glaubhaft gemacht werden.</P></Content>  </text></textdaten></norm>
<norm builddate="20260115215512" doknr="BJNR051400004BJNE003700360"><metadaten><jurabk>DPMAV 2004</jurabk><jurabk>DPMAV</jurabk><enbez>§ 18a</enbez><titel format="XML">Fristberechnung bei Feiertagen</titel></metadaten><textdaten><text format="XML"><Content><P>Ist beim Deutschen Patent- und Markenamt innerhalb einer Frist eine Willenserklärung abzugeben, eine Leistung zu bewirken oder eine Verfahrenshandlung vorzunehmen und fällt der letzte Tag der Frist auf einen an mindestens einer der Dienststellen des Deutschen Patent- und Markenamts geltenden gesetzlichen Feiertag, so tritt an dessen Stelle der nächste Werktag.</P></Content></text><fussnoten/></textdaten></norm>
<norm builddate="20260115215512" doknr="BJNR051400004BJNE002100000"><metadaten><jurabk>DPMAV 2004</jurabk><jurabk>DPMAV</jurabk><enbez>§ 19</enbez><titel format="parat">Entscheidung nach Lage der Akten</titel></metadaten><textdaten><text format="XML"><Content><P>(1) Über Anträge oder Erinnerungen ohne Begründung kann im einseitigen Verfahren nach Ablauf von einem Monat nach Eingang nach Lage der Akten entschieden werden, wenn in dem Antrag oder der Erinnerung keine spätere Begründung oder eine spätere Begründung ohne Antrag auf Gewährung einer Frist nach § 18 angekündigt worden ist.</P><P>(2) Über Anträge, Widersprüche oder Erinnerungen ohne Begründung kann im mehrseitigen Verfahren nach Lage der Akten entschieden werden, wenn in dem Antrag, dem Widerspruch oder der Erinnerung keine spätere Begründung oder eine spätere Begründung ohne Antrag auf Gewährung einer Frist nach § 18 angekündigt worden ist und wenn der andere Beteiligte innerhalb der Fristen des § 18 Abs. 1 keine Stellungnahme abgibt oder eine spätere Stellungnahme ohne Antrag auf Gewährung einer Frist nach § 18 ankündigt. Wird der Antrag, der Widerspruch oder die Erinnerung zurückgewiesen, muss eine Stellungnahme der anderen Beteiligten nicht abgewartet werden.</P></Content> </text></textdaten></norm>
<norm builddate="20260115215512" doknr="BJNR051400004BJNE002202123"><metadaten><jurabk>DPMAV 2004</jurabk><jurabk>DPMAV</jurabk><enbez>§ 20</enbez><titel format="XML">Form der Ausfertigungen und Abschriften; formlose Mitteilungen</titel></metadaten><textdaten><text format="XML"><Content><P>(1) Ausfertigungen von Dokumenten enthalten in der Kopfzeile die Angabe „Deutsches Patent- und Markenamt“, am Schluss die Bezeichnung der zuständigen Stelle oder Abteilung, den Namen und gegebenenfalls die Amtsbezeichnung der Person, die das Dokument unterzeichnet hat. Sie werden von der Person unterschrieben, die die Ausfertigung hergestellt hat. Der Unterschrift steht ein Namensabdruck zusammen mit einem Abdruck des Dienstsiegels des Deutschen Patent- und Markenamts gleich. Für die Ausfertigung elektronischer Dokumente gilt die Verordnung über die elektronische Aktenführung bei dem Patentamt, dem Patentgericht und dem Bundesgerichtshof vom 10. Februar 2010 (BGBl. I S. 83) in ihrer jeweils geltenden Fassung.</P><P>(2) Absatz 1 Satz 1 und 4 ist auf Abschriften entsprechend anzuwenden.</P><P>(3) Formlose Mitteilungen, die mit Hilfe elektronischer Einrichtungen erstellt werden, enthalten die Angabe „Deutsches Patent- und Markenamt“ in der Kopfzeile, den Hinweis, dass die Mitteilung elektronisch erstellt wurde und daher nicht unterschrieben ist, und die Angabe der zuständigen Stelle.</P></Content></text><fussnoten/></textdaten></norm>
<norm builddate="20260115215512" doknr="BJNR051400004BJNE002302123"><metadaten><jurabk>DPMAV 2004</jurabk><jurabk>DPMAV</jurabk><enbez>§ 21</enbez><titel format="XML">Zustellung und formlose Übersendung</titel></metadaten><textdaten><text format="XML"><Content><P>(1) Soweit durch Gesetz oder Rechtsverordnung eine Zustellung nicht vorgesehen ist, werden Bescheide und sonstige Mitteilungen des Deutschen Patent- und Markenamts formlos übersandt.</P><P>(2) Als formlose Übermittlung gilt auch die Übersendung durch Telefax. Die Übermittlung kann auch elektronisch erfolgen, soweit der Empfänger hierfür einen Zugang eröffnet. § 5 Absatz 1 und 2 der Verordnung über den elektronischen Rechtsverkehr beim Deutschen Patent- und Markenamt bleibt unberührt.</P></Content></text><fussnoten/></textdaten></norm>
<norm builddate="20260115215512" doknr="BJNR051400004BJNE002404360"><metadaten><jurabk>DPMAV 2004</jurabk><jurabk>DPMAV</jurabk><enbez>§ 22</enbez><titel format="XML">Akteneinsicht</titel></metadaten><textdaten><text format="XML"><Content><P>(1) Über den Antrag auf Einsicht in die Akten sowie in die zu den Akten gehörenden Muster, Modelle und Probestücke nach § 31 Abs. 1 Satz 1 des Patentgesetzes, § 8 Abs. 5 Satz 2 des Gebrauchsmustergesetzes, § 4 Abs. 3 des Halbleiterschutzgesetzes in Verbindung mit § 8 Abs. 5 Satz 2 des Gebrauchsmustergesetzes, § 62 Abs. 1 und 2 des Markengesetzes sowie § 22 Absatz 1 Satz 2 des Designgesetzes entscheidet die Stelle des Deutschen Patent- und Markenamts, die für die Bearbeitung der Sache, über welche die Akten geführt werden, zuständig ist oder, sofern die Bearbeitung abgeschlossen ist, zuletzt zuständig war, sofern nicht durch Gesetz oder Rechtsverordnung etwas anderes bestimmt ist.</P><P>(2) Die Einsicht in das Original der Akten von Anmeldungen und von erteilten oder eingetragenen Schutzrechten, die nicht elektronisch geführt werden, wird nur in den Dienstgebäuden des Deutschen Patent- und Markenamts gewährt. Auf Antrag wird die Akteneinsicht durch die Erteilung von Ablichtungen oder Ausdrucken der gesamten Akte oder von Teilen der Akte gewährt. Die Ablichtungen oder Ausdrucke werden auf Verlangen beglaubigt.</P><P>(3) Soweit der Inhalt von Akten des Deutschen Patent- und Markenamts auf Mikrofilm aufgenommen ist, wird Einsicht in die Akten dadurch gewährt, dass der Mikrofilm zur Verfügung gestellt wird.</P><P>(4) Flächenmäßige Musterabschnitte können abweichend von Absatz 2 nur bei der mit der Führung des Designregisters beauftragten Stelle des Deutschen Patent- und Markenamts eingesehen werden. Satz 1 gilt auch für Modelle, die nach § 7 Abs. 6 des Designgesetzes in seiner bis zum 1. Juni 2004 geltenden Fassung eingereicht worden sind.</P></Content></text><fussnoten/></textdaten></norm>
<norm builddate="20260115215512" doknr="BJNR051400004BJNE002501360"><metadaten><jurabk>DPMAV 2004</jurabk><jurabk>DPMAV</jurabk><enbez>§ 23</enbez><titel format="XML">(weggefallen)</titel></metadaten><textdaten><text format="XML"><Content><P/></Content></text><fussnoten/></textdaten></norm>
<norm builddate="20260115215512" doknr="BJNR051400004BJNE002601360"><metadaten><jurabk>DPMAV 2004</jurabk><jurabk>DPMAV</jurabk><enbez>§ 24</enbez><titel format="XML">Verfahrenskostenhilfe</titel></metadaten><textdaten><text format="XML"><Content><P>(1) Über den Antrag auf Gewährung von Verfahrenskostenhilfe nach § 135 des Patentgesetzes entscheidet nach dessen § 27 Abs. 1 Nr. 2 und Abs. 4 die Patentabteilung.</P><P>(2) Über den Antrag auf Gewährung von Verfahrenskostenhilfe nach § 21 Abs. 2 des Gebrauchsmustergesetzes in Verbindung mit § 135 des Patentgesetzes, nach § 11 Abs. 2 des Halbleiterschutzgesetzes in Verbindung mit § 21 Abs. 2 des Gebrauchsmustergesetzes und § 135 des Patentgesetzes sowie nach § 24 des Designgesetzes entscheidet die Stelle des Deutschen Patent- und Markenamts, die für die Bearbeitung der Sache zuständig ist oder, sofern das Schutzrecht bereits eingetragen ist, zuletzt zuständig war, sofern nicht durch Rechtsverordnung etwas anderes bestimmt ist.</P></Content></text><fussnoten/></textdaten></norm>
<norm builddate="20260115215512" doknr="BJNR051400004BJNE002701360"><metadaten><jurabk>DPMAV 2004</jurabk><jurabk>DPMAV</jurabk><enbez>§ 25</enbez><titel format="XML">Urkunden, Schmuckurkunden</titel></metadaten><textdaten><text format="XML"><Content><P>(1) Das Deutsche Patent- und Markenamt fertigt für die Schutzrechtsinhaber gedruckte Urkunden über die Erteilung des Patents, die Eintragung des Gebrauchsmusters, der Marke, des Designs sowie des Schutzes der Topografie in das jeweilige Register.</P><P>(2) Den Patentinhabern wird auf Antrag eine kostenpflichtige Schmuckurkunde ausgefertigt.</P></Content></text><fussnoten/></textdaten></norm>
<norm builddate="20260115215512" doknr="BJNR051400004BJNE002800000"><metadaten><jurabk>DPMAV 2004</jurabk><jurabk>DPMAV</jurabk><enbez>§ 26</enbez><titel format="parat">Berichtigung der Register und Veröffentlichungen</titel></metadaten><textdaten><text format="XML"><Content><P>(1) In dem Berichtigungsantrag sind anzugeben: <DL Font="normal" Type="arabic"><DT>1.</DT><DD Font="normal"><LA Size="normal">das Aktenzeichen des Schutzrechts,</LA></DD> <DT>2.</DT><DD Font="normal"><LA Size="normal">der Name und die Anschrift des Inhabers des Schutzrechts,</LA></DD> <DT>3.</DT><DD Font="normal"><LA Size="normal">falls der Inhaber des Schutzrechts einen Vertreter bestellt hat, der Name und die Anschrift des Vertreters,</LA></DD> <DT>4.</DT><DD Font="normal"><LA Size="normal">die Bezeichnung des Fehlers, der berichtigt werden soll,</LA></DD> <DT>5.</DT><DD Font="normal"><LA Size="normal">die einzutragende Berichtigung.</LA></DD> </DL> </P><P>(2) Enthalten mehrere Eintragungen von Schutzrechten desselben Inhabers denselben Fehler, so kann der Antrag auf Berichtigung dieses Fehlers für alle Eintragungen gemeinsam gestellt werden.</P><P>(3) Die Absätze 1 und 2 sind entsprechend auf die Berichtigung von Veröffentlichungen anzuwenden.</P></Content> </text></textdaten></norm>
<norm builddate="20260115215512" doknr="BJNR051400004BJNE002901360"><metadaten><jurabk>DPMAV 2004</jurabk><jurabk>DPMAV</jurabk><enbez>§ 27</enbez><titel format="XML">Änderungen von Namen oder Anschriften</titel></metadaten><textdaten><text format="XML"><Content><P>(1) In dem Antrag auf Eintragung von Änderungen des Namens oder der Anschrift des Inhabers eines eingetragenen Schutzrechts sind anzugeben: <DL Font="normal" Type="arabic"><DT>1.</DT><DD Font="normal"><LA Size="normal">das Aktenzeichen des Schutzrechts,</LA></DD><DT>2.</DT><DD Font="normal"><LA Size="normal">der Name, der Sitz und die Anschrift des Inhabers des Schutzrechts in der im Register eingetragenen Form,</LA></DD><DT>3.</DT><DD Font="normal"><LA Size="normal">falls der Inhaber des Schutzrechts einen Vertreter bestellt hat, der Name, der Sitz und die Anschrift des Vertreters,</LA></DD><DT>4.</DT><DD Font="normal"><LA Size="normal">der Name, der Sitz und die Anschrift in der neu in das Register einzutragenden Form.</LA></DD></DL></P><P>(2) Betrifft die Änderung mehrere eingetragene Schutzrechte desselben Inhabers, so kann der Antrag auf Eintragung der Änderung für alle Schutzrechte gemeinsam gestellt werden.</P><P>(3) Die Absätze 1 und 2 sowie § 13 sind entsprechend auf Anträge zur Eintragung von Änderungen des Namens oder der Anschrift eines Vertreters oder eines Zustellungsbevollmächtigten anzuwenden.</P></Content></text><fussnoten/></textdaten></norm>
<norm builddate="20260115215512" doknr="BJNR051400004BJNE003005360"><metadaten><jurabk>DPMAV 2004</jurabk><jurabk>DPMAV</jurabk><enbez>§ 28</enbez><titel format="XML">Eintragung eines Rechtsübergangs</titel></metadaten><textdaten><text format="XML"><Content><P>(1) Der Antrag auf Eintragung eines Rechtsübergangs nach § 30 Abs. 3 des Patentgesetzes, § 8 Abs. 4 des Gebrauchsmustergesetzes, § 4 Abs. 2 des Halbleiterschutzgesetzes in Verbindung mit § 8 Abs. 4 des Gebrauchsmustergesetzes, § 27 Abs. 3 des Markengesetzes und § 29 Abs. 3 des Designgesetzes soll unter Verwendung des vom Deutschen Patent- und Markenamt herausgegebenen Formblatts gestellt werden.</P><P>(2) In dem Antrag sind anzugeben: <DL Font="normal" Type="arabic"><DT>1.</DT><DD Font="normal"><LA Size="normal">das Aktenzeichen des Schutzrechts,</LA></DD><DT>2.</DT><DD Font="normal"><LA Size="normal">der Name, der Sitz und die Anschrift des Inhabers des Schutzrechts in der im Register eingetragenen Form,</LA></DD><DT>3.</DT><DD Font="normal"><LA Size="normal">Angaben über die Rechtsnachfolger entsprechend § 4 Abs. 2 Nr. 1, Abs. 3 der Patentverordnung, § 3 Abs. 2 Nr. 1, Abs. 3 der Gebrauchsmusterverordnung, § 5 Abs. 1 bis 4 der Markenverordnung, § 6 Absatz 1 bis 4 der Designverordnung und § 3 Absatz 1 Nummer 5, Absatz 2, 6 Nummer 1 und 2 der Halbleiterschutzverordnung,</LA></DD><DT>4.</DT><DD Font="normal"><LA Size="normal">falls die Rechtsnachfolger einen Vertreter bestellt haben, der Name und die Anschrift des Vertreters nach Maßgabe des § 13.</LA></DD></DL></P><P>(3) Für den Nachweis des Rechtsübergangs reicht es aus, <DL Font="normal" Type="arabic"><DT>1.</DT><DD Font="normal"><LA Size="normal">dass der Antrag von den eingetragenen Inhabern oder ihren Vertretern und von den Rechtsnachfolgern oder ihren Vertretern unterschrieben ist oder</LA></DD><DT>2.</DT><DD Font="normal"><LA Size="normal">dass dem Antrag, wenn er von den Rechtsnachfolgern gestellt wird,<DL Font="normal" Type="arabic"><DT>a)</DT><DD Font="normal"><LA Size="normal">eine von den eingetragenen Inhabern oder ihren Vertretern unterschriebene Erklärung beigefügt ist, dass sie der Eintragung der Rechtsnachfolge zustimmen, oder</LA></DD><DT>b)</DT><DD Font="normal"><LA Size="normal">Unterlagen beigefügt sind, aus denen sich die Rechtsnachfolge ergibt, wie zum Beispiel ein Übertragungsvertrag oder eine Erklärung über die Übertragung, wenn die entsprechenden Unterlagen von den eingetragenen Inhabern oder ihren Vertretern und von den Rechtsnachfolgern oder ihren Vertretern unterschrieben sind.</LA></DD></DL></LA></DD></DL></P><P>(4) Für die in Absatz 3 genannten Anträge und Erklärungen sollen die vom Deutschen Patent- und Markenamt herausgegebenen Formulare verwendet werden. Wird ein Antrag auf Eintragung eines Rechtsübergangs allein von den Rechtsnachfolgern gestellt und liegt dem Deutschen Patent- und Markenamt keine Erklärung nach Absatz 3 Nummer 2 Buchstabe a vor, so räumt das Deutsche Patent- und Markenamt dem eingetragenen Inhaber vor der Eintragung des Rechtsübergangs eine angemessene Frist zur Stellungnahme ein.</P><P>(5) In den Fällen des Absatzes 3 ist eine Beglaubigung der Erklärung oder der Unterschriften nicht erforderlich.</P><P>(6) Das Deutsche Patent- und Markenamt kann in den Fällen des Absatzes 3 weitere Nachweise verlangen, wenn sich begründete Zweifel an dem Rechtsübergang ergeben.</P><P>(7) Der Nachweis des Rechtsübergangs auf andere Weise als nach Absatz 3 bleibt unberührt.</P><P>(8) Der Antrag auf Eintragung des Rechtsübergangs kann für mehrere Schutzrechte gemeinsam gestellt werden.</P></Content></text><fussnoten/></textdaten></norm>
<norm builddate="20260115215512" doknr="BJNR051400004BJNE003100000"><metadaten><jurabk>DPMAV 2004</jurabk><jurabk>DPMAV</jurabk><enbez>§ 29</enbez><titel format="parat">Eintragung von dinglichen Rechten</titel></metadaten><textdaten><text format="XML"><Content><P>(1) Dem Antrag auf Eintragung einer Verpfändung oder eines sonstigen dinglichen Rechts an dem durch die Eintragung eines gewerblichen Schutzrechts begründeten Rechts sind die erforderlichen Nachweise beizufügen.</P><P>(2) Beim Übergang von dinglichen Rechten ist § 28 Abs. 2 bis 8 entsprechend anzuwenden.</P></Content> </text></textdaten></norm>
<norm builddate="20260115215512" doknr="BJNR051400004BJNE003200000"><metadaten><jurabk>DPMAV 2004</jurabk><jurabk>DPMAV</jurabk><enbez>§ 30</enbez><titel format="parat">Maßnahmen der Zwangsvollstreckung, Insolvenzverfahren</titel></metadaten><textdaten><text format="XML"><Content><P>(1) Der Antrag auf Eintragung einer Maßnahme der Zwangsvollstreckung in das Register kann vom Inhaber des eingetragenen Schutzrechts oder von demjenigen, der die Zwangsvollstreckung betreibt, gestellt werden. Dem Antrag sind die erforderlichen Nachweise beizufügen.</P><P>(2) Dem Antrag auf Eintragung eines Insolvenzverfahrens in das Register sind die erforderlichen Nachweise beizufügen.</P></Content> </text></textdaten></norm>
<norm builddate="20260115215512" doknr="BJNR051400004BJNE003303360"><metadaten><jurabk>DPMAV 2004</jurabk><jurabk>DPMAV</jurabk><enbez>§ 31</enbez><titel format="XML">Aufbewahrung von eingereichten Gegenständen oder Unterlagen</titel></metadaten><textdaten><text format="XML"><Content><P>Über Muster, Modelle, Probestücke und ähnliche Unterlagen, deren Rückgabe nicht beantragt worden ist, verfügt das Deutsche Patent- und Markenamt, <DL Font="normal" Type="arabic"><DT>1.</DT><DD Font="normal"><LA Size="normal">wenn die Anmeldung des Patents, der Topografie, der Marke oder des eingetragenen Designs zurückgewiesen oder zurückgenommen worden ist, nach Ablauf eines Jahres nach unanfechtbarer Zurückweisung oder Zurücknahme;</LA></DD><DT>2.</DT><DD Font="normal"><LA Size="normal">wenn das Patent erteilt oder widerrufen worden ist, nach Ablauf eines Jahres nach Eintritt der Unanfechtbarkeit des Beschlusses über die Erteilung oder den Widerruf;</LA></DD><DT>3.</DT><DD Font="normal"><LA Size="normal">wenn die Topografie eingetragen worden ist, nach Ablauf von drei Jahren nach Beendigung der Schutzfrist;</LA></DD><DT>4.</DT><DD Font="normal"><LA Size="normal">wenn die Marke eingetragen worden ist, nach Ablauf eines Jahres nach Eintragung oder, wenn Widerspruch eingelegt worden ist, nach Ablauf eines Jahres nach dem Eintritt der Unanfechtbarkeit der Entscheidung über den Widerspruch;</LA></DD><DT>5.</DT><DD Font="normal"><LA Size="normal">wenn das Design eingetragen worden ist, nach Ablauf von drei Jahren nach Beendigung der Schutzfrist.</LA></DD></DL></P></Content></text><fussnoten/></textdaten></norm>
<norm builddate="20260115215512" doknr="BJNR051400004BJNG000300000"><metadaten><jurabk>DPMAV 2004</jurabk><jurabk>DPMAV</jurabk><gliederungseinheit><gliederungskennzahl>030</gliederungskennzahl><gliederungsbez>Abschnitt 3</gliederungsbez><gliederungstitel>Schlussvorschriften</gliederungstitel></gliederungseinheit></metadaten><textdaten><text format="XML"><Content><P/></Content></text></textdaten></norm>
<norm builddate="20260115215512" doknr="BJNR051400004BJNE003400000"><metadaten><jurabk>DPMAV 2004</jurabk><jurabk>DPMAV</jurabk><enbez>§ 32</enbez><titel format="parat">Übergangsregelung aus Anlass des Inkrafttretens dieser Verordnung</titel></metadaten><textdaten><text format="XML"><Content><P>Für Anträge, die vor Inkrafttreten dieser Verordnung eingereicht worden sind, finden die Vorschriften der Verordnung über das Deutsche Patent- und Markenamt vom 5. September 1968 (BGBl. I S. 997), zuletzt geändert durch Artikel 24 des Gesetzes vom 13. Dezember 2001 (BGBl. I S. 3656), weiter Anwendung.</P></Content></text></textdaten></norm>
<norm builddate="20260115215512" doknr="BJNR051400004BJNE003500000"><metadaten><jurabk>DPMAV 2004</jurabk><jurabk>DPMAV</jurabk><enbez>§ 33</enbez><titel format="parat">Übergangsregelung für künftige Änderungen</titel></metadaten><textdaten><text format="XML"><Content><P>Für Anträge, die vor Inkrafttreten von Änderungen dieser Verordnung eingereicht worden sind, gelten die Vorschriften dieser Verordnung jeweils in ihrer bis dahin geltenden Fassung.</P></Content></text></textdaten></norm>
<norm builddate="20260115215512" doknr="BJNR051400004BJNE003600000"><metadaten><jurabk>DPMAV 2004</jurabk><jurabk>DPMAV</jurabk><enbez>§ 34</enbez><titel format="parat">Inkrafttreten, Außerkrafttreten</titel></metadaten><textdaten><text format="XML"><Content><P>(1) Diese Verordnung tritt vorbehaltlich des Absatzes 2 am 1. Juni 2004 in Kraft.</P><P>(2) § 1 Abs. 2 tritt am Tage nach der Verkündung in Kraft.</P></Content> </text><fussnoten/></textdaten></norm>
</dokumente>