<?xml version="1.0" encoding="UTF-8" ?><!DOCTYPE dokumente SYSTEM "http://www.gesetze-im-internet.de/dtd/1.01/gii-norm.dtd">
<dokumente builddate="20130405130849" doknr="BJNR094200995"><norm builddate="20130405130849" doknr="BJNR094200995"><metadaten><jurabk>GebrMG§6Abs2Bek</jurabk><ausfertigung-datum manuell="ja">1995-07-06</ausfertigung-datum><fundstelle typ="amtlich"><periodikum>BGBl I</periodikum><zitstelle>1995, 942</zitstelle></fundstelle><langue>Bekanntmachung zu § 6 Abs. 2 des Gebrauchsmustergesetzes</langue></metadaten><textdaten><text format="XML"><Content><P/></Content></text><fussnoten><Content><P>(+++ Textnachweis ab: 25.7.1995 +++)</P></Content></fussnoten></textdaten></norm>
<norm builddate="20130405130849" doknr="BJNR094200995BJNE000100305"><metadaten><jurabk>GebrMG§6Abs2Bek</jurabk><enbez>(XXXX)</enbez></metadaten><textdaten><text format="XML"><Content><P>Auf Grund des § 6 Abs. 2 des Gebrauchsmustergesetzes in der Fassung der Bekanntmachung vom 28. August 1986 (BGBl. I S. 1455) in Verbindung mit § 41 Abs. 2 des Patentgesetzes in der Fassung der Bekanntmachung vom 16. Dezember 1980 (BGBl. 1981 I S. 1), der durch Artikel 13 Abs. 1 des Markenrechtsreformgesetzes vom 25. Oktober 1994 (BGBl. I S. 3082, 1995 I S. 156) eingefügt worden ist, wird bekanntgemacht, daß Deutsche auf Grund einer ersten Anmeldung einer Erfindung beim Deutschen Patentamt für eine Gebrauchsmusteranmeldung <DL Font="normal" Type="arabic"><DT/><DD Font="normal"><LA Size="normal">in dem tatsächlichen Herrschaftsbereich der Behörden in Taiwan</LA></DD></DL>bei dem dortigen Patentamt ein Prioritätsrecht genießen.</P><P>Die Bundesministerin der Justiz</P></Content></text></textdaten></norm>
</dokumente>