<?xml version="1.0" encoding="UTF-8" ?><!DOCTYPE dokumente SYSTEM "http://www.gesetze-im-internet.de/dtd/1.01/gii-norm.dtd">
<dokumente builddate="20131008093657" doknr="BJNR091820010"><norm builddate="20131008093657" doknr="BJNR091820010"><metadaten><jurabk>SozSichAbkBRAG</jurabk><ausfertigung-datum manuell="ja">2010-08-05</ausfertigung-datum><fundstelle typ="amtlich"><periodikum>BGBl II</periodikum><zitstelle>2010, 918</zitstelle></fundstelle><langue>Gesetz zu dem Abkommen vom 3. Dezember 2009 zwischen der Bundesrepublik Deutschland und der Föderativen Republik Brasilien über Soziale Sicherheit</langue></metadaten><textdaten><fussnoten><Content><P><BR/> <pre xml:space="preserve">(+++ Textnachweis ab: 19.8.2010 +++)<BR/><BR/></pre></P></Content></fussnoten></textdaten></norm>
<norm builddate="20131008093657" doknr="BJNR091820010BJNE000100000"><metadaten><jurabk>SozSichAbkBRAG</jurabk><enbez>Eingangsformel</enbez></metadaten><textdaten><text format="XML"><Content><P>Der Bundestag hat mit Zustimmung des Bundesrates das folgende Gesetz beschlossen:</P></Content></text></textdaten></norm>
<norm builddate="20131008093657" doknr="BJNR091820010BJNE000200000"><metadaten><jurabk>SozSichAbkBRAG</jurabk><enbez>Art 1</enbez></metadaten><textdaten><text format="XML"><Content><P>Folgenden in Berlin am 3. Dezember 2009 unterzeichneten zwischenstaatlichen Übereinkünften wird zugestimmt:<DL Font="normal" Type="arabic"><DT>1.</DT><DD Font="normal"><LA Size="normal">dem Abkommen zwischen der Bundesrepublik Deutschland und der Föderativen Republik Brasilien über Soziale Sicherheit,</LA></DD><DT>2.</DT><DD Font="normal"><LA Size="normal">der Vereinbarung zur Durchführung des Abkommens vom 3. Dezember 2009 zwischen der Bundesrepublik Deutschland und der Föderativen Republik Brasilien über Soziale Sicherheit.</LA></DD></DL>Das Abkommen und die Durchführungsvereinbarung werden nachstehend veröffentlicht.</P></Content></text></textdaten></norm>
<norm builddate="20131008093657" doknr="BJNR091820010BJNE000300000"><metadaten><jurabk>SozSichAbkBRAG</jurabk><enbez>Art 2</enbez></metadaten><textdaten><text format="XML"><Content><P>Die Bundesregierung wird ermächtigt, durch Rechtsverordnung mit Zustimmung des Bundesrates Vereinbarungen zur Durchführung des Abkommens sowie Änderungen der in Artikel 1 Nummer 2 genannten Durchführungsvereinbarung in Kraft zu setzen. Im Übrigen wird die Bundesregierung ermächtigt, die zur Durchführung des Abkommens erforderlichen innerstaatlichen Regelungen zu treffen. Dabei können zur Anwendung und Durchführung des Abkommens insbesondere über folgende Gegenstände Regelungen getroffen werden: <DL Font="normal" Type="arabic"><DT>1.</DT><DD Font="normal"><LA Size="normal">Aufklärungs-, Anzeige- und Mitteilungspflichten sowie das Bereitstellen von Beweismitteln zwischen den mit der Durchführung des Abkommens befassten Stellen sowie zwischen diesen und den betroffenen Personen,</LA></DD><DT>2.</DT><DD Font="normal"><LA Size="normal">das Ausstellen, die Vorlage und Übermittlung von Bescheinigungen sowie die Verwendung von Vordrucken,</LA></DD><DT>3.</DT><DD Font="normal"><LA Size="normal">die Zuständigkeit der Versicherungsträger oder anderer im Abkommen genannter Stellen und Behörden.</LA></DD></DL></P></Content></text></textdaten></norm>
<norm builddate="20131008093657" doknr="BJNR091820010BJNE000400000"><metadaten><jurabk>SozSichAbkBRAG</jurabk><enbez>Art 3</enbez></metadaten><textdaten><text format="XML"><Content><P>(1) Dieses Gesetz tritt am Tag nach der Verkündung in Kraft.</P><P>(2) Der Tag, an dem das Abkommen nach seinem Artikel 26 Absatz 2 und die Vereinbarung zur Durchführung des Abkommens nach ihrem Artikel 8 Absatz 2 in Kraft treten, ist im Bundesgesetzblatt bekannt zu geben.</P></Content></text></textdaten></norm>
</dokumente>