<?xml version="1.0" encoding="UTF-8" ?><!DOCTYPE dokumente SYSTEM "http://www.gesetze-im-internet.de/dtd/1.01/gii-norm.dtd">
<dokumente builddate="20220729213005" doknr="BJNR017620985"><norm builddate="20220729213005" doknr="BJNR017620985"><metadaten><jurabk>SaatArtVerzV 1985</jurabk><ausfertigung-datum manuell="ja">1985-08-27</ausfertigung-datum><fundstelle typ="amtlich"><periodikum>BGBl I</periodikum><zitstelle>1985, 1762</zitstelle></fundstelle><langue>Verordnung über das Artenverzeichnis zum Saatgutverkehrsgesetz</langue><standangabe checked="ja"><standtyp>Neuf</standtyp><standkommentar>Neugefasst durch Bek. v. 27.10.2004 I 2696;</standkommentar></standangabe><standangabe checked="ja"><standtyp>Stand</standtyp><standkommentar>zuletzt geändert durch Art. 1 V v. 28.9.2021 I 4595</standkommentar></standangabe></metadaten><textdaten><text format="XML"><Content><P><noindex>Diese Verordnung dient der Umsetzung folgender Richtlinien: <DL Font="normal" Type="arabic"><DT>-</DT><DD Font="normal"><LA Size="normal">Richtlinie 66/401/EWG des Rates vom 14. Juni 1966 über den Verkehr mit Futterpflanzensaatgut (ABl. EG Nr. 125 S. 2298/66), zuletzt geändert durch die Richtlinie 2004/55/EG (ABl. EU Nr. L 114 S. 18);</LA></DD><DT>-</DT><DD Font="normal"><LA Size="normal">Richtlinie 66/402/EWG des Rates vom 14. Juni 1966 über den Verkehr mit Getreidesaatgut (ABl. EG Nr. 125 S. 2309/66), zuletzt geändert durch die Richtlinie 2003/61/EG (ABl. EU Nr. L 165 S. 23);</LA></DD><DT>-</DT><DD Font="normal"><LA Size="normal">Richtlinie 68/193/EWG des Rates vom 9. April 1968 über den Verkehr mit vegetativem Vermehrungsgut von Reben (ABl. EG Nr. L 93 S. 15), zuletzt geändert durch die Verordnung (EG) Nr. 1829/2003 (ABl. EU Nr. L 268 S. 1);</LA></DD><DT>-</DT><DD Font="normal"><LA Size="normal">Richtlinie 92/33/EWG des Rates vom 28. April 1992 über das Inverkehrbringen von Gemüsepflanzgut und Gemüsevermehrungsmaterial mit Ausnahme von Saatgut (ABl. EG Nr. L 157 S. 1), zuletzt geändert durch die Richtlinie 2003/61/EG (ABl. EU Nr. L 165 S. 23);</LA></DD><DT>-</DT><DD Font="normal"><LA Size="normal">Richtlinie 92/34/EWG des Rates vom 28. April 1992 über das Inverkehrbringen von Vermehrungsmaterial und Pflanzen von Obstarten zur Fruchterzeugung (ABl. EG Nr. L 157 S. 10), zuletzt geändert durch die Richtlinie 2003/111/EG (ABl. EU Nr. L 311 S. 12);</LA></DD><DT>-</DT><DD Font="normal"><LA Size="normal">Richtlinie 98/56/EG des Rates vom 20. Juli 1998 über das Inverkehrbringen von Vermehrungsmaterial von Zierpflanzen (ABl. EG Nr. L 226 S. 16), zuletzt geändert durch die Richtlinie 2003/61/EG (ABl. EU Nr. L 165 S. 23);</LA></DD><DT>-</DT><DD Font="normal"><LA Size="normal">Richtlinie 2002/54/EG des Rates vom 13. Juni 2002 über den Verkehr mit Betarübensaatgut (ABl. EG Nr. L 193 S. 12), zuletzt geändert durch die Richtlinie 2003/61/EG (ABl. EU Nr. L 165 S. 23);</LA></DD><DT>-</DT><DD Font="normal"><LA Size="normal">Richtlinie 2002/56/EG des Rates vom 13. Juni 2002 über den Verkehr mit Pflanzkartoffeln (ABl. EG Nr. L 193 S. 60), zuletzt geändert durch die Richtlinie 2003/61/EG (ABl. EU Nr. L 165 S. 23);</LA></DD><DT>-</DT><DD Font="normal"><LA Size="normal">Richtlinie 2002/57/EG des Rates vom 13. Juni 2002 über den Verkehr mit Saatgut von Öl- und Faserpflanzen (ABl. EG Nr. L 193 S. 74), zuletzt geändert durch die Richtlinie 2003/61/EG (ABl. EU Nr. L 165 S. 23).</LA></DD></DL></noindex></P></Content></text><fussnoten><Content><P><BR/> <pre xml:space="preserve">(+++ Textnachweis Geltung ab: 18.5.1988 +++)<BR/>(+++ Amtliche Hinweise des Normgebers auf EG-Recht:<BR/>     Umsetzung der<BR/>       EWGRL 401/66    (CELEX Nr: 31966L0401)<BR/>       EWGRL 402/66    (CELEX Nr: 31966L0402)<BR/>       EWGRL 193/68    (CELEX Nr: 31968L0193)<BR/>       EWGRL 33/92     (CELEX Nr: 31992L0033)<BR/>       EWGRL 34/92     (CELEX Nr: 31992L0034)<BR/>       EGRL 56/98      (CELEX Nr: 31998L0056)<BR/>       EGRL 54/2002    (CELEX Nr: 32002L0054)<BR/>       EGRL 56/2002    (CELEX Nr: 32002L0056)<BR/>       EGRL 57/2002    (CELEX Nr: 32002L0057) vgl. Bek. v. 27.10.2004 I 2696<BR/>     Umsetzung der<BR/>       EGRL 72/2007    (CELEX Nr: 32007L0072) vgl. V v. 23.7.2008 I 1410 +++) <BR/><BR/></pre></P></Content></fussnoten></textdaten></norm>
<norm builddate="20220729213005" doknr="BJNR017620985BJNE000201377"><metadaten><jurabk>SaatArtVerzV 1985</jurabk><enbez>§ 1</enbez></metadaten><textdaten><text format="XML"><Content><P>Das Artenverzeichnis zum Saatgutverkehrsgesetz erhält die Fassung der Anlage.</P></Content></text><fussnoten/></textdaten></norm>
<norm builddate="20220729213005" doknr="BJNR017620985BJNE000404377"><metadaten><jurabk>SaatArtVerzV 1985</jurabk><enbez>§ 2</enbez></metadaten><textdaten><text format="XML"><Content><P>Als im Artenverzeichnis aufgeführt gelten auch Unterlagen und andere Pflanzenteile anderer als der in Nummer 2 der Anlage genannten Gemüsearten oder deren Hybriden, soweit sie mit Material von Pflanzen der in Nummer 2 der Anlage genannten Gemüsearten oder deren Hybriden veredelt werden oder veredelt werden sollen.</P></Content></text><fussnoten/></textdaten></norm>
<norm builddate="20220729213005" doknr="BJNR017620985BJNE000802377"><metadaten><jurabk>SaatArtVerzV 1985</jurabk><enbez>§ 2a</enbez></metadaten><textdaten><text format="XML"><Content><P>(weggefallen)</P></Content></text><fussnoten/></textdaten></norm>
<norm builddate="20220729213005" doknr="BJNR017620985BJNE000502377"><metadaten><jurabk>SaatArtVerzV 1985</jurabk><enbez>§ 3</enbez></metadaten><textdaten><text format="XML"><Content><P>(Inkrafttreten)</P></Content></text><fussnoten/></textdaten></norm>
<norm builddate="20220729213005" doknr="BJNR017620985BJNE000722119"><metadaten><jurabk>SaatArtVerzV 1985</jurabk><enbez>Anlage</enbez><titel format="XML">Artenverzeichnis zum Saatgutverkehrsgesetz</titel></metadaten><textdaten><text format="XML"><Content><P><noindex><kommentar typ="Fundstelle">(Fundstelle: BGBl. I 2004, 2698 - 2702;<BR/>bzgl. der einzelnen Änderungen vgl. Fußnote)</kommentar></noindex><BR/><BR/><table frame="none" tocentry="%yes;"><tgroup align="left" char="" charoff="50" cols="3" colsep="0" rowsep="0"><colspec colname="col1" colnum="1" colwidth="0.92*"/><colspec colname="col2" colnum="2" colwidth="0.96*"/><colspec colname="col3" colnum="3" colwidth="1.11*"/><tbody valign="top"><row><entry VJ="1" valign="top"><B>1</B></entry><entry VJ="1" nameend="col3" namest="col2"><B>Landwirtschaftliche Arten</B></entry></row><row><entry VJ="1" valign="top">1.1</entry><entry VJ="1">Getreide</entry><entry VJ="1"> </entry></row><row><entry VJ="1" valign="top">1.1.1</entry><entry VJ="1">Avena nuda L.</entry><entry VJ="1">Nackthafer</entry></row><row><entry VJ="1" valign="top">1.1.1a</entry><entry VJ="1">Avena sativa L. (einschließlich Avena byzantina K. Koch)</entry><entry VJ="1" valign="top">Saathafer, Hafer (einschließlich Mittelmeerhafer)</entry></row><row><entry VJ="1" valign="top">1.1.1b</entry><entry VJ="1">Avena strigosa Schreb.</entry><entry VJ="1">Rauhafer</entry></row><row><entry VJ="1" valign="top">1.1.2</entry><entry VJ="1">Hordeum vulgare L. sensu lato</entry><entry VJ="1">Gerste</entry></row><row><entry VJ="1" valign="top">1.1.3</entry><entry VJ="1">Secale cereale L.</entry><entry VJ="1">Roggen</entry></row><row><entry VJ="1">1.1.4</entry><entry VJ="1">Sorghum bicolor (L.) Moench subsp. bicolor</entry><entry VJ="1">Sorghum</entry></row><row><entry VJ="1">1.1.5</entry><entry VJ="1">Sorghum bicolor (L.) Moench subsp. drummondii (Steud.) de Wet ex Davidse</entry><entry VJ="1">Sudangras</entry></row><row><entry VJ="1">1.1.6</entry><entry VJ="1">Sorghum bicolor (L.) Moench subsp. bicolor x Sorghum bicolor (L.) Moench subsp. drummondii (Steud.) de Wet ex Davidse</entry><entry VJ="1">Hybriden aus der Kreuzung von Sorghum x Sudangras</entry></row><row><entry VJ="1" valign="top">1.1.7</entry><entry VJ="1" valign="top">xTriticosecale Wittm. ex A. Camus</entry><entry VJ="1">Triticale (Hybriden aus der Kreuzung einer Art der Gattung Triticum mit einer Art der Gattung Secale)</entry></row><row><entry VJ="1" valign="top">1.1.8</entry><entry VJ="1">Triticum aestivum L. subsp. aestivum</entry><entry VJ="1">Weichweizen</entry></row><row><entry VJ="1" valign="top">1.1.9</entry><entry VJ="1" align="justify">Triticum turgidum L. subsp. durum (Desf.) van Slageren</entry><entry VJ="1">Hartweizen</entry></row><row><entry VJ="1" valign="top">1.1.10</entry><entry VJ="1" align="justify">Triticum aestivum L. subsp. spelta (L.) Thell.</entry><entry VJ="1">Spelz, Dinkel</entry></row><row><entry VJ="1" valign="top">1.1.11</entry><entry VJ="1">Zea mays L.<BR/>außer Zea mays L. convar. microsperma Koern. Zea mays L. convar. everta Sturt. und Zea mays L. convar. saccharata Koern.</entry><entry VJ="1" valign="top">Mais<BR/>außer Perlmais, Puffmais (Popcorn), Zuckermais und Mais für Zierzwecke</entry></row><row><entry VJ="1" valign="top">1.2</entry><entry VJ="1">Futterpflanzen</entry><entry VJ="1"> </entry></row><row><entry VJ="1" valign="top">1.2.1</entry><entry VJ="1">Gräser</entry><entry VJ="1"> </entry></row><row><entry VJ="1" valign="top">1.2.1.1</entry><entry VJ="1">Agrostis canina L.</entry><entry VJ="1">Hundsstraußgras</entry></row><row><entry VJ="1" valign="top">1.2.1.2</entry><entry VJ="1">Agrostis capillaris L.</entry><entry VJ="1">Rotes Straußgras</entry></row><row><entry VJ="1" valign="top">1.2.1.3</entry><entry VJ="1">Agrostis gigantea Roth</entry><entry VJ="1">Weißes Straußgras</entry></row><row><entry VJ="1" valign="top">1.2.1.4</entry><entry VJ="1">Agrostis stolonifera L.</entry><entry VJ="1">Flechtstraußgras</entry></row><row><entry VJ="1" valign="top">1.2.1.5</entry><entry VJ="1">Alopecurus pratensis L.</entry><entry VJ="1">Wiesenfuchsschwanz</entry></row><row><entry VJ="1" valign="top">1.2.1.6</entry><entry VJ="1">Arrhenatherum elatius (L.) P. Beauv. ex J. Presl &amp; C. Presl</entry><entry VJ="1" valign="top">Glatthafer</entry></row><row><entry VJ="1" valign="top">1.2.1.7</entry><entry VJ="1">Dactylis glomerata L.</entry><entry VJ="1">Knaulgras</entry></row><row><entry VJ="1" valign="top">1.2.1.8</entry><entry VJ="1">Festuca arundinacea Schreber</entry><entry VJ="1">Rohrschwingel</entry></row><row><entry VJ="1" valign="top">1.2.1.9</entry><entry VJ="1">Festuca filiformis Pourr.</entry><entry VJ="1">Haar-Schaf-schwingel</entry></row><row><entry VJ="1" valign="top">1.2.1.9.a</entry><entry VJ="1">Festuca ovina L.</entry><entry VJ="1">Schafschwingel</entry></row><row><entry VJ="1" valign="top">1.2.1.9.b</entry><entry VJ="1">Festuca trachyphylla (Hack.) Hack.</entry><entry VJ="1">Raublättriger Schafschwingel</entry></row><row><entry VJ="1" valign="top">1.2.1.10</entry><entry VJ="1">Festuca pratensis Huds.</entry><entry VJ="1">Wiesenschwingel</entry></row><row><entry VJ="1" valign="top">1.2.1.11</entry><entry VJ="1">Festuca rubra L. sensu lato</entry><entry VJ="1">Ausläuferrotschwingel, Horstrotschwingel</entry></row><row><entry VJ="1" valign="top">1.2.1.11a</entry><entry VJ="1" valign="top">xFestulolium Asch. &amp; Graebn.</entry><entry VJ="1">Festulolium (Hybriden aus der Kreuzungeiner Art der Gattung Festucamit einer Art der GattungLolium)</entry></row><row><entry VJ="1" valign="top">1.2.1.12</entry><entry VJ="1">Lolium x hybridum Hausskn.</entry><entry VJ="1">Bastardweidelgras</entry></row><row><entry VJ="1" valign="top">1.2.1.13</entry><entry VJ="1">Lolium multiflorum Lam.</entry><entry VJ="1">Einjähriges und Welsches Weidelgras</entry></row><row><entry VJ="1" valign="top">1.2.1.14</entry><entry VJ="1">Lolium perenne L.</entry><entry VJ="1">Deutsches Weidelgras</entry></row><row><entry VJ="1" valign="top">1.2.1.15</entry><entry VJ="1">Phleum nodosum L.</entry><entry VJ="1">Zwiebellieschgras, Knollentimothe</entry></row><row><entry VJ="1" valign="top">1.2.1.16</entry><entry VJ="1">Phleum pratense L.</entry><entry VJ="1">Wiesenlieschgras</entry></row><row><entry VJ="1" valign="top">1.2.1.17</entry><entry VJ="1">Poa nemoralis L.</entry><entry VJ="1">Hainrispe</entry></row><row><entry VJ="1" valign="top">1.2.1.18</entry><entry VJ="1">Poa palustris L.</entry><entry VJ="1">Sumpfrispe</entry></row><row><entry VJ="1" valign="top">1.2.1.19</entry><entry VJ="1">Poa pratensis L.</entry><entry VJ="1">Wiesenrispe</entry></row><row><entry VJ="1" valign="top">1.2.1.20</entry><entry VJ="1">Poa trivialis L.</entry><entry VJ="1">Gemeine Rispe</entry></row><row><entry VJ="1" valign="top">1.2.1.21</entry><entry VJ="1">Trisetum flavescens (L.) P. Beauv.</entry><entry VJ="1">Goldhafer</entry></row><row><entry VJ="1" valign="top">1.2.2</entry><entry VJ="1">Leguminosen</entry><entry VJ="1"> </entry></row><row><entry VJ="1" valign="top">1.2.2.0</entry><entry VJ="1">Galega orientalis Lam.</entry><entry VJ="1">Geißraute</entry></row><row><entry VJ="1" valign="top">1.2.2.1</entry><entry VJ="1">Lotus corniculatus L.</entry><entry VJ="1">Hornklee</entry></row><row><entry VJ="1" valign="top">1.2.2.2</entry><entry VJ="1">Lupinus albus L.</entry><entry VJ="1">Weiße Lupine</entry></row><row><entry VJ="1" valign="top">1.2.2.3</entry><entry VJ="1">Lupinus angustifolius L.</entry><entry VJ="1">Blaue Lupine, Schmalblättrige Lupine</entry></row><row><entry VJ="1" valign="top">1.2.2.4</entry><entry VJ="1">Lupinus luteus L.</entry><entry VJ="1">Gelbe Lupine</entry></row><row><entry VJ="1" valign="top">1.2.2.5</entry><entry VJ="1">Medicago lupulina L.</entry><entry VJ="1">Gelbklee (Hopfenklee)</entry></row><row><entry VJ="1" valign="top">1.2.2.6</entry><entry VJ="1">Medicago sativa L.</entry><entry VJ="1">Blaue Luzerne</entry></row><row><entry VJ="1" valign="top">1.2.2.7</entry><entry VJ="1">Medicago x varia T. Martyn</entry><entry VJ="1">Bastardluzerne, Sandluzerne</entry></row><row><entry VJ="1" valign="top">1.2.2.8</entry><entry VJ="1">Onobrychis viciifolia Scop.</entry><entry VJ="1">Esparsette</entry></row><row><entry VJ="1" valign="top">1.2.2.9</entry><entry VJ="1">Pisum sativum L. (partim)</entry><entry VJ="1">Futtererbse</entry></row><row><entry VJ="1" valign="top">1.2.2.10</entry><entry VJ="1">Trifolium alexandrinum L.</entry><entry VJ="1">Alexandriner Klee</entry></row><row><entry VJ="1" valign="top">1.2.2.11</entry><entry VJ="1">Trifolium hybridum L.</entry><entry VJ="1">Schwedenklee</entry></row><row><entry VJ="1" valign="top">1.2.2.12</entry><entry VJ="1">Trifolium incarnatum L.</entry><entry VJ="1">Inkarnatklee</entry></row><row><entry VJ="1" valign="top">1.2.2.13</entry><entry VJ="1">Trifolium pratense L.</entry><entry VJ="1">Rotklee</entry></row><row><entry VJ="1" valign="top">1.2.2.14</entry><entry VJ="1">Trifolium repens L.</entry><entry VJ="1">Weißklee</entry></row><row><entry VJ="1" valign="top">1.2.2.15</entry><entry VJ="1">Trifolium resupinatum L.</entry><entry VJ="1">Persischer Klee</entry></row><row><entry VJ="1" valign="top">1.2.2.16</entry><entry VJ="1">Vicia faba L. (partim)</entry><entry VJ="1">Ackerbohne</entry></row><row><entry VJ="1" valign="top">1.2.2.17</entry><entry VJ="1">Vicia pannonica Crantz</entry><entry VJ="1">Pannonische Wicke</entry></row><row><entry VJ="1" valign="top">1.2.2.18</entry><entry VJ="1">Vicia sativa L.</entry><entry VJ="1">Saatwicke</entry></row><row><entry VJ="1" valign="top">1.2.2.19</entry><entry VJ="1">Vicia villosa Roth</entry><entry VJ="1">Zottelwicke</entry></row><row><entry VJ="1" valign="top">1.2.3</entry><entry VJ="1">Sonstige Futterpflanzen</entry><entry VJ="1"> </entry></row><row><entry VJ="1" morerows="1" valign="top">1.2.3.1</entry><entry VJ="1">Brassica napus L. var. napobrassica (L.) Rchb.</entry><entry VJ="1" valign="top">Kohlrübe</entry></row><row><entry VJ="1">(partim)</entry><entry VJ="1">außer Steckrübe</entry></row><row><entry VJ="1" valign="top">1.2.3.2</entry><entry VJ="1">Brassica oleracea L. convar. acephala (DC.) Alef. var. medullosa Thell. und var. viridis L.</entry><entry VJ="1" valign="top">Futterkohl</entry></row><row><entry VJ="1" valign="top">1.2.3.3</entry><entry VJ="1">Phacelia tanacetifolia Benth.</entry><entry VJ="1">Phazelie</entry></row><row><entry VJ="1" valign="top">1.2.3.4</entry><entry VJ="1">Raphanus sativus L. var. oleiformis Pers.</entry><entry VJ="1">Ölrettich</entry></row><row><entry VJ="1" valign="top">1.3</entry><entry VJ="1">Öl- und Faserpflanzen</entry><entry VJ="1"> </entry></row><row><entry VJ="1" valign="top">1.3.1</entry><entry VJ="1">Brassica juncea (L.) Czern.</entry><entry VJ="1">Sareptasenf, außer zur Nutzung als Blattgemüse</entry></row><row><entry VJ="1" valign="top">1.3.2</entry><entry VJ="1">Brassica napus L. (partim)</entry><entry VJ="1">Raps</entry></row><row><entry VJ="1" valign="top">1.3.3</entry><entry VJ="1">Brassica nigra (L.) W. D. J. Koch</entry><entry VJ="1">Schwarzer Senf</entry></row><row><entry VJ="1" morerows="1" valign="top">1.3.4</entry><entry VJ="1">Brassica rapa L. var.</entry><entry VJ="1"> </entry></row><row><entry VJ="1">silvestris (Lam.) Briggs</entry><entry VJ="1">Rübsen<BR/>außer zur Nutzung als Blattgemüse</entry></row><row><entry VJ="1" valign="top">1.3.5</entry><entry VJ="1">Cannabis sativa L.</entry><entry VJ="1">Hanf<BR/>außer für Zierzwecke</entry></row><row><entry VJ="1" valign="top">1.3.6</entry><entry VJ="1">Glycine max (L.) Merr.</entry><entry VJ="1">Sojabohne</entry></row><row><entry VJ="1" valign="top">1.3.7</entry><entry VJ="1">Helianthus annuus L.</entry><entry VJ="1">Sonnenblume<BR/>außer für Zierzwecke</entry></row><row><entry VJ="1" valign="top">1.3.8</entry><entry VJ="1">Linum usitatissimum L.</entry><entry VJ="1">Lein</entry></row><row><entry VJ="1" valign="top">1.3.9</entry><entry VJ="1">Papaver somniferum L.</entry><entry VJ="1">Schlafmohn, Mohn<BR/>außer für Zierzwecke</entry></row><row><entry VJ="1" valign="top">1.3.10</entry><entry VJ="1">Sinapis alba L.</entry><entry VJ="1">Weißer Senf</entry></row><row><entry VJ="1" valign="top">1.4</entry><entry VJ="1">Rüben</entry><entry VJ="1"> </entry></row><row><entry VJ="1" valign="top">1.4.1</entry><entry VJ="1">Beta vulgaris L. var. crassa Mansf.</entry><entry VJ="1">Runkelrübe</entry></row><row><entry VJ="1" valign="top">1.4.2</entry><entry VJ="1">Beta vulgaris L. var. altissima Döll</entry><entry VJ="1">Zuckerrübe</entry></row><row><entry VJ="1" valign="top">1.5</entry><entry VJ="1">Kartoffel</entry><entry VJ="1"> </entry></row><row><entry VJ="1" valign="top">1.5.1</entry><entry VJ="1">Solanum tuberosum L.</entry><entry VJ="1">Kartoffel</entry></row><row><entry VJ="1" valign="top">1.6</entry><entry VJ="1">Rebe</entry><entry VJ="1"> </entry></row><row><entry VJ="1" valign="top">1.6.1</entry><entry VJ="1">Vitis L.</entry><entry VJ="1">Rebe<BR/>außer für Zierzwecke</entry></row><row><entry VJ="1" nameend="col3" namest="col1"> <table frame="none" pgwide="1" tocentry="%yes;"><tgroup align="left" char="" charoff="50" cols="4"><colspec colname="col1" colwidth="9*"/><colspec colname="col2" colwidth="55*"/><colspec colname="col3" colwidth="53*"/><colspec colname="col4" colwidth="47*"/><thead valign="bottom"><row><entry VJ="1" colsep="0" rowsep="0" valign="top"><B>2</B></entry><entry VJ="1" align="center" colsep="0" nameend="col4" namest="col2" rowsep="0"><B>Gemüsearten außer für Zierzwecke</B><BR/> (einschließlich aller Hybriden der nachfolgend aufgeführten Arten und Gruppen)</entry></row><row><entry VJ="1" colname="col1" colsep="0" rowsep="0"/><entry VJ="1" align="center" colname="col2" colsep="0" rowsep="0">Art<BR/> botanische Bezeichnung</entry><entry VJ="1" align="center" colname="col3" colsep="0" rowsep="0">Gruppe nach ICNCP<FnR ID="F814042_02_BJNR017620985BJNE000722119"/><BR/> oder Sorte</entry><entry VJ="1" align="center" colname="col4" rowsep="0">deutsche<BR/> Bezeichnung</entry></row></thead><tbody valign="top"><row><entry VJ="1" colname="col1" colsep="0" rowsep="0">2.1</entry><entry VJ="1" colname="col2" colsep="0" rowsep="0"><I>Allium cepa</I> L.</entry><entry VJ="1" colname="col3" colsep="0" rowsep="0"><DL Font="normal" Type="Dash"><DT>–</DT><DD Font="normal"><LA Size="normal">Cepa-Gruppe</LA></DD><DT>–</DT><DD Font="normal"><LA Size="normal">Aggregatum-Gruppe</LA></DD></DL></entry><entry VJ="1" colname="col4" rowsep="0"><DL Font="normal" Type="Dash"><DT>–</DT><DD Font="normal"><LA Size="normal">Zwiebel, Echalion</LA></DD><DT>–</DT><DD Font="normal"><LA Size="normal">Schalotte</LA></DD></DL></entry></row><row><entry VJ="1" colname="col1" colsep="0" rowsep="0">2.2</entry><entry VJ="1" colname="col2" colsep="0" rowsep="0"><I>Allium fistulosum</I> L.</entry><entry VJ="1" colname="col3" colsep="0" rowsep="0">alle Sorten</entry><entry VJ="1" colname="col4" rowsep="0">Winterheckenzwiebel</entry></row><row><entry VJ="1" colname="col1" colsep="0" rowsep="0">2.3</entry><entry VJ="1" colname="col2" colsep="0" rowsep="0"><I>Allium porrum</I> L.</entry><entry VJ="1" colname="col3" colsep="0" rowsep="0">alle Sorten</entry><entry VJ="1" colname="col4" rowsep="0">Porree</entry></row><row><entry VJ="1" colname="col1" colsep="0" rowsep="0">2.4</entry><entry VJ="1" colname="col2" colsep="0" rowsep="0"><I>Allium sativum</I> L.</entry><entry VJ="1" colname="col3" colsep="0" rowsep="0">alle Sorten</entry><entry VJ="1" colname="col4" rowsep="0">Knoblauch</entry></row><row><entry VJ="1" colname="col1" colsep="0" rowsep="0">2.5</entry><entry VJ="1" colname="col2" colsep="0" rowsep="0"><I>Allium schoenoprasum</I> L.</entry><entry VJ="1" colname="col3" colsep="0" rowsep="0">alle Sorten</entry><entry VJ="1" colname="col4" rowsep="0">Schnittlauch</entry></row><row><entry VJ="1" colname="col1" colsep="0" rowsep="0">2.6</entry><entry VJ="1" colname="col2" colsep="0" rowsep="0"><I>Anthriscus cerefolium</I> (L.) Hoffm.</entry><entry VJ="1" colname="col3" colsep="0" rowsep="0">alle Sorten</entry><entry VJ="1" colname="col4" rowsep="0">Kerbel</entry></row><row><entry VJ="1" colname="col1" colsep="0" rowsep="0">2.7</entry><entry VJ="1" colname="col2" colsep="0" rowsep="0"><I>Apium graveolens</I> L.</entry><entry VJ="1" colname="col3" colsep="0" rowsep="0"><DL Font="normal" Type="Dash"><DT>–</DT><DD Font="normal"><LA Size="normal">Sellerie-Gruppe</LA></DD><DT>–</DT><DD Font="normal"><LA Size="normal">Knollensellerie-Gruppe</LA></DD></DL></entry><entry VJ="1" colname="col4" rowsep="0"><DL Font="normal" Type="Dash"><DT>–</DT><DD Font="normal"><LA Size="normal">Sellerie</LA></DD><DT>–</DT><DD Font="normal"><LA Size="normal">Knollensellerie</LA></DD></DL></entry></row><row><entry VJ="1" colname="col1" colsep="0" rowsep="0">2.8</entry><entry VJ="1" colname="col2" colsep="0" rowsep="0"><I>Asparagus officinalis</I> L.</entry><entry VJ="1" colname="col3" colsep="0" rowsep="0">alle Sorten</entry><entry VJ="1" colname="col4" rowsep="0">Spargel</entry></row><row><entry VJ="1" colname="col1" colsep="0" rowsep="0">2.9</entry><entry VJ="1" colname="col2" colsep="0" rowsep="0"><I>Beta vulgaris</I> L.</entry><entry VJ="1" colname="col3" colsep="0" rowsep="0"><DL Font="normal" Type="Dash"><DT>–</DT><DD Font="normal"><LA Size="normal">Rote-Rüben-Gruppe</LA></DD><DT>–</DT><DD Font="normal"><LA Size="normal">Blattmangold-Gruppe</LA></DD></DL></entry><entry VJ="1" colname="col4" rowsep="0"><DL Font="normal" Type="Dash"><DT>–</DT><DD Font="normal"><LA Size="normal">Rote Rübe, Rote Bete</LA></DD><DT>–</DT><DD Font="normal"><LA Size="normal">Mangold</LA></DD></DL></entry></row><row><entry VJ="1" colname="col1" colsep="0" rowsep="0">2.10</entry><entry VJ="1" colname="col2" colsep="0" rowsep="0"><I>Brassica oleracea</I> L.</entry><entry VJ="1" colname="col3" colsep="0" rowsep="0"><DL Font="normal" Type="Dash"><DT>–</DT><DD Font="normal"><LA Size="normal">Grünkohl-Gruppe</LA></DD><DT>–</DT><DD Font="normal"><LA Size="normal">Blumenkohl- oder<BR/> Karfiol-Gruppe</LA></DD><DT>–</DT><DD Font="normal"><LA Size="normal">Capitata-Gruppe</LA></DD><DT>–</DT><DD Font="normal"><LA Size="normal">Rosenkohl- oder<BR/> Kohlsprossen-Gruppe</LA></DD><DT>–</DT><DD Font="normal"><LA Size="normal">Kohlrabi-Gruppe</LA></DD><DT>–</DT><DD Font="normal"><LA Size="normal">Wirsing- oder<BR/> Wirsingkohl-Gruppe</LA></DD><DT>–</DT><DD Font="normal"><LA Size="normal">Brokkoli-Gruppe</LA></DD><DT>–</DT><DD Font="normal"><LA Size="normal">Palmkohl-Gruppe</LA></DD><DT>–</DT><DD Font="normal"><LA Size="normal">Tronchuda-Gruppe</LA></DD></DL></entry><entry VJ="1" colname="col4" rowsep="0"><DL Font="normal" Type="Dash"><DT>–</DT><DD Font="normal"><LA Size="normal">Grünkohl</LA></DD><DT>–</DT><DD Font="normal"><LA Size="normal">Blumenkohl<BR/></LA></DD><DT>–</DT><DD Font="normal"><LA Size="normal">Rotkohl, Weißkohl</LA></DD><DT>–</DT><DD Font="normal"><LA Size="normal">Rosenkohl<BR/></LA></DD><DT>–</DT><DD Font="normal"><LA Size="normal">Kohlrabi</LA></DD><DT>–</DT><DD Font="normal"><LA Size="normal">Wirsing<BR/></LA></DD><DT>–</DT><DD Font="normal"><LA Size="normal">Brokkoli</LA></DD><DT>–</DT><DD Font="normal"><LA Size="normal">Palmkohl</LA></DD><DT>–</DT><DD Font="normal"><LA Size="normal">portugiesischer Kohl</LA></DD></DL></entry></row><row><entry VJ="1" colname="col1" colsep="0" rowsep="0">2.11</entry><entry VJ="1" colname="col2" colsep="0" rowsep="0"><I>Brassica rapa</I> L.</entry><entry VJ="1" colname="col3" colsep="0" rowsep="0"><DL Font="normal" Type="Dash"><DT>–</DT><DD Font="normal"><LA Size="normal">Chinakohl-Gruppe</LA></DD><DT>–</DT><DD Font="normal"><LA Size="normal">Herbstrüben-, Mairüben-<BR/> oder Stoppelrüben-Gruppe</LA></DD></DL></entry><entry VJ="1" colname="col4" rowsep="0"><DL Font="normal" Type="Dash"><DT>–</DT><DD Font="normal"><LA Size="normal">Chinakohl</LA></DD><DT>–</DT><DD Font="normal"><LA Size="normal">Herbstrübe, Mairübe,<BR/> Stoppelrübe</LA></DD></DL></entry></row><row><entry VJ="1" colname="col1" colsep="0" rowsep="0">2.12</entry><entry VJ="1" colname="col2" colsep="0" rowsep="0"><I>Capsicum annuum</I> L.</entry><entry VJ="1" colname="col3" colsep="0" rowsep="0">alle Sorten</entry><entry VJ="1" colname="col4" rowsep="0">Chili, Paprika, Pfefferoni</entry></row><row><entry VJ="1" colname="col1" colsep="0" rowsep="0">2.13</entry><entry VJ="1" colname="col2" colsep="0" rowsep="0"><I>Cichorium endivia</I> L.</entry><entry VJ="1" colname="col3" colsep="0" rowsep="0">alle Sorten</entry><entry VJ="1" colname="col4" rowsep="0">Endivie</entry></row><row><entry VJ="1" colname="col1" colsep="0" rowsep="0">2.14</entry><entry VJ="1" colname="col2" colsep="0" rowsep="0"><I>Cichorium intybus</I> L.</entry><entry VJ="1" colname="col3" colsep="0" rowsep="0"><DL Font="normal" Type="Dash"><DT>–</DT><DD Font="normal"><LA Size="normal">Chicorée- oder<BR/> Zichorie-Gruppe</LA></DD><DT>–</DT><DD Font="normal"><LA Size="normal">Blattzichorie-Gruppe</LA></DD><DT>–</DT><DD Font="normal"><LA Size="normal">Wurzelzichorie- oder<BR/> Industriezichorie-Gruppe</LA></DD></DL></entry><entry VJ="1" colname="col4" rowsep="0"><DL Font="normal" Type="Dash"><DT>–</DT><DD Font="normal"><LA Size="normal">Chicorée, Zichorie<BR/></LA></DD><DT>–</DT><DD Font="normal"><LA Size="normal">Blattzichorie</LA></DD><DT>–</DT><DD Font="normal"><LA Size="normal">Wurzelzichorie,<BR/> Industriezichorie</LA></DD></DL></entry></row><row><entry VJ="1" colname="col1" colsep="0" rowsep="0">2.15</entry><entry VJ="1" colname="col2" colsep="0" rowsep="0"><I>Citrullus lanatus</I><BR/> (Thunb.) Matsum. et Nakai</entry><entry VJ="1" colname="col3" colsep="0" rowsep="0">alle Sorten</entry><entry VJ="1" colname="col4" rowsep="0">Wassermelone</entry></row><row><entry VJ="1" colname="col1" colsep="0" rowsep="0">2.16</entry><entry VJ="1" colname="col2" colsep="0" rowsep="0"><I>Cucumis melo</I> L.</entry><entry VJ="1" colname="col3" colsep="0" rowsep="0">alle Sorten</entry><entry VJ="1" colname="col4" rowsep="0">Melone, Zuckermelone</entry></row><row><entry VJ="1" colname="col1" colsep="0" rowsep="0">2.17</entry><entry VJ="1" colname="col2" colsep="0" rowsep="0"><I>Cucumis sativus</I> L.</entry><entry VJ="1" colname="col3" colsep="0" rowsep="0"><DL Font="normal" Type="Dash"><DT>–</DT><DD Font="normal"><LA Size="normal">Gurken- oder<BR/> Salatgurken-Gruppe</LA></DD><DT>–</DT><DD Font="normal"><LA Size="normal">Einlegegurken-Gruppe</LA></DD></DL></entry><entry VJ="1" colname="col4" rowsep="0"><DL Font="normal" Type="Dash"><DT>–</DT><DD Font="normal"><LA Size="normal">Gurke, Salatgurke<BR/></LA></DD><DT>–</DT><DD Font="normal"><LA Size="normal">Einlegegurke</LA></DD></DL></entry></row><row><entry VJ="1" colname="col1" colsep="0" rowsep="0">2.18</entry><entry VJ="1" colname="col2" colsep="0" rowsep="0"><I>Cucurbita maxima</I> Duchesne</entry><entry VJ="1" colname="col3" colsep="0" rowsep="0">alle Sorten</entry><entry VJ="1" colname="col4" rowsep="0">Riesenkürbis</entry></row><row><entry VJ="1" colname="col1" colsep="0" rowsep="0">2.19</entry><entry VJ="1" colname="col2" colsep="0" rowsep="0"><I>Cucurbita pepo</I> L.</entry><entry VJ="1" colname="col3" colsep="0" rowsep="0">alle Sorten</entry><entry VJ="1" colname="col4" rowsep="0">Gartenkürbis, einschließlich<BR/> reifer Gartenkürbis, Patisson oder Zucchini, einschließlich<BR/> unreifer Patisson</entry></row><row><entry VJ="1" colname="col1" colsep="0" rowsep="0">2.20</entry><entry VJ="1" colname="col2" colsep="0" rowsep="0"><I>Cynara cardunculus</I> L.</entry><entry VJ="1" colname="col3" colsep="0" rowsep="0"><DL Font="normal" Type="Dash"><DT>–</DT><DD Font="normal"><LA Size="normal">Artischocken-Gruppe</LA></DD><DT>–</DT><DD Font="normal"><LA Size="normal">Cardy- oder Kardonenartischocken-Gruppe</LA></DD></DL></entry><entry VJ="1" colname="col4" rowsep="0"><DL Font="normal" Type="Dash"><DT>–</DT><DD Font="normal"><LA Size="normal">Artischocke</LA></DD><DT>–</DT><DD Font="normal"><LA Size="normal">Cardy, Kardonenartischocke</LA></DD></DL></entry></row><row><entry VJ="1" colname="col1" colsep="0" rowsep="0">2.21</entry><entry VJ="1" colname="col2" colsep="0" rowsep="0"><I>Daucus carota</I> L.</entry><entry VJ="1" colname="col3" colsep="0" rowsep="0">alle Sorten</entry><entry VJ="1" colname="col4" rowsep="0">Karotte, Möhre, Futtermöhre</entry></row><row><entry VJ="1" colname="col1" colsep="0" rowsep="0">2.22</entry><entry VJ="1" colname="col2" colsep="0" rowsep="0"><I>Foeniculum vulgare</I> Mill.</entry><entry VJ="1" colname="col3" colsep="0" rowsep="0">Azoricum-Gruppe</entry><entry VJ="1" colname="col4" rowsep="0">Knollenfenchel</entry></row><row><entry VJ="1" colname="col1" colsep="0" rowsep="0">2.23</entry><entry VJ="1" colname="col2" colsep="0" rowsep="0"><I>Lactuca sativa</I> L.</entry><entry VJ="1" colname="col3" colsep="0" rowsep="0">alle Sorten</entry><entry VJ="1" colname="col4" rowsep="0">Salat</entry></row><row><entry VJ="1" colname="col1" colsep="0" rowsep="0">2.24</entry><entry VJ="1" colname="col2" colsep="0" rowsep="0"><I>Petroselinum crispum</I><BR/> (Mill.) Nyman ex A. W. Hill</entry><entry VJ="1" colname="col3" colsep="0" rowsep="0"><DL Font="normal" Type="Dash"><DT>–</DT><DD Font="normal"><LA Size="normal">Blattpetersilien-Gruppe</LA></DD><DT>–</DT><DD Font="normal"><LA Size="normal">Wurzelpetersilien-Gruppe</LA></DD></DL></entry><entry VJ="1" colname="col4" rowsep="0"><DL Font="normal" Type="Dash"><DT>–</DT><DD Font="normal"><LA Size="normal">Blattpetersilie</LA></DD><DT>–</DT><DD Font="normal"><LA Size="normal">Wurzelpetersilie</LA></DD></DL></entry></row><row><entry VJ="1" colname="col1" colsep="0" rowsep="0">2.25</entry><entry VJ="1" colname="col2" colsep="0" rowsep="0"><I>Phaseolus coccineus</I> L.</entry><entry VJ="1" colname="col3" colsep="0" rowsep="0">alle Sorten</entry><entry VJ="1" colname="col4" rowsep="0">Prunkbohne, Feuerbohne</entry></row><row><entry VJ="1" colname="col1" colsep="0" rowsep="0">2.26</entry><entry VJ="1" colname="col2" colsep="0" rowsep="0"><I>Phaseolus vulgaris</I> L.</entry><entry VJ="1" colname="col3" colsep="0" rowsep="0"><DL Font="normal" Type="Dash"><DT>–</DT><DD Font="normal"><LA Size="normal">Stangenbohnen-Gruppe</LA></DD><DT>–</DT><DD Font="normal"><LA Size="normal">Buschbohnen-Gruppe</LA></DD></DL></entry><entry VJ="1" colname="col4" rowsep="0"><DL Font="normal" Type="Dash"><DT>–</DT><DD Font="normal"><LA Size="normal">Stangenbohne</LA></DD><DT>–</DT><DD Font="normal"><LA Size="normal">Buschbohne</LA></DD></DL></entry></row><row><entry VJ="1" colname="col1" colsep="0" rowsep="0">2.27</entry><entry VJ="1" colname="col2" colsep="0" rowsep="0"><I>Pisum sativum</I> L.</entry><entry VJ="1" colname="col3" colsep="0" rowsep="0"><DL Font="normal" Type="Dash"><DT>–</DT><DD Font="normal"><LA Size="normal">Schalerbsen-Gruppe</LA></DD><DT>–</DT><DD Font="normal"><LA Size="normal">Markerbsen- oder<BR/> Runzelerbsen-Gruppe</LA></DD><DT>–</DT><DD Font="normal"><LA Size="normal">Zuckererbsen-Gruppe</LA></DD></DL></entry><entry VJ="1" colname="col4" rowsep="0"><DL Font="normal" Type="Dash"><DT>–</DT><DD Font="normal"><LA Size="normal">Schalerbse</LA></DD><DT>–</DT><DD Font="normal"><LA Size="normal">Markerbse<BR/></LA></DD><DT>–</DT><DD Font="normal"><LA Size="normal">Zuckererbse</LA></DD></DL></entry></row><row><entry VJ="1" colname="col1" colsep="0" rowsep="0">2.28</entry><entry VJ="1" colname="col2" colsep="0" rowsep="0"><I>Raphanus sativus</I> L.</entry><entry VJ="1" colname="col3" colsep="0" rowsep="0"><DL Font="normal" Type="Dash"><DT>–</DT><DD Font="normal"><LA Size="normal">Radieschen-Gruppe</LA></DD><DT>–</DT><DD Font="normal"><LA Size="normal">Rettich-Gruppe</LA></DD></DL></entry><entry VJ="1" colname="col4" rowsep="0"><DL Font="normal" Type="Dash"><DT>–</DT><DD Font="normal"><LA Size="normal">Radieschen</LA></DD><DT>–</DT><DD Font="normal"><LA Size="normal">Rettich</LA></DD></DL></entry></row><row><entry VJ="1" colname="col1" colsep="0" rowsep="0">2.29</entry><entry VJ="1" colname="col2" colsep="0" rowsep="0"><I>Rheum rhabarbarum</I> L.</entry><entry VJ="1" colname="col3" colsep="0" rowsep="0">alle Sorten</entry><entry VJ="1" colname="col4" rowsep="0">Rhabarber</entry></row><row><entry VJ="1" colname="col1" colsep="0" rowsep="0">2.30</entry><entry VJ="1" colname="col2" colsep="0" rowsep="0"><I>Scorzonera hispanica</I> L.</entry><entry VJ="1" colname="col3" colsep="0" rowsep="0">alle Sorten</entry><entry VJ="1" colname="col4" rowsep="0">Schwarzwurzel</entry></row><row><entry VJ="1" colname="col1" colsep="0" rowsep="0">2.31</entry><entry VJ="1" colname="col2" colsep="0" rowsep="0"><I>Solanum lycopersicum</I> L.</entry><entry VJ="1" colname="col3" colsep="0" rowsep="0">alle Sorten</entry><entry VJ="1" colname="col4" rowsep="0">Tomate</entry></row><row><entry VJ="1" colname="col1" colsep="0" rowsep="0">2.32</entry><entry VJ="1" colname="col2" colsep="0" rowsep="0"><I>Solanum melongena</I> L.</entry><entry VJ="1" colname="col3" colsep="0" rowsep="0">alle Sorten</entry><entry VJ="1" colname="col4" rowsep="0">Aubergine, Eierfrucht</entry></row><row><entry VJ="1" colname="col1" colsep="0" rowsep="0">2.33</entry><entry VJ="1" colname="col2" colsep="0" rowsep="0"><I>Spinacia oleracea</I> L.</entry><entry VJ="1" colname="col3" colsep="0" rowsep="0">alle Sorten</entry><entry VJ="1" colname="col4" rowsep="0">Spinat</entry></row><row><entry VJ="1" colname="col1" colsep="0" rowsep="0">2.34</entry><entry VJ="1" colname="col2" colsep="0" rowsep="0"><I>Valerianella locusta</I> (L.) Laterr.</entry><entry VJ="1" colname="col3" colsep="0" rowsep="0">alle Sorten</entry><entry VJ="1" colname="col4" rowsep="0">Rapunzel, Feldsalat</entry></row><row><entry VJ="1" colname="col1" colsep="0" rowsep="0">2.35</entry><entry VJ="1" colname="col2" colsep="0" rowsep="0"><I>Vicia faba</I> L.</entry><entry VJ="1" colname="col3" colsep="0" rowsep="0">alle Sorten</entry><entry VJ="1" colname="col4" rowsep="0">Dicke Bohne, Puffbohne</entry></row><row><entry VJ="1" colname="col1" colsep="0">2.36</entry><entry VJ="1" colname="col2" colsep="0"><I>Zea mays</I> L.</entry><entry VJ="1" colname="col3" colsep="0"><DL Font="normal" Type="Dash"><DT>–</DT><DD Font="normal"><LA Size="normal">Zuckermais-Gruppe</LA></DD><DT>–</DT><DD Font="normal"><LA Size="normal">Puffmais-Gruppe</LA></DD></DL></entry><entry VJ="1" colname="col4"><DL Font="normal" Type="Dash"><DT>–</DT><DD Font="normal"><LA Size="normal">Zuckermais</LA></DD><DT>–</DT><DD Font="normal"><LA Size="normal">Puffmais</LA></DD></DL></entry></row></tbody></tgroup></table><FnArea Line="1" Size="normal"><FnR ID="F814042_02_BJNR017620985BJNE000722119"/></FnArea></entry></row><row><entry VJ="1" nameend="col3" namest="col1"> </entry></row><row><entry VJ="1" valign="top"><B>3</B></entry><entry VJ="1" nameend="col3" namest="col2"><B>Zierpflanzenarten</B></entry></row><row><entry VJ="1"> </entry><entry VJ="1" nameend="col3" namest="col2">Zierpflanzen im Sinne des Artikels 1 Abs. 1 der Richtlinie 98/56/EG des Rates vom 20. Juli 1998 über das Inverkehrbringen von Vermehrungsmaterial von Zierpflanzen (ABl. EG Nr. L 226 S. 16)</entry></row><row><entry VJ="1" nameend="col3" namest="col1"> </entry></row><row><entry VJ="1" valign="top"><B>4</B></entry><entry VJ="1" nameend="col3" namest="col2"><B>Obstarten außer für Zierzwecke</B></entry></row><row><entry VJ="1" valign="top">4.1</entry><entry VJ="1">Castanea sativa Mill.</entry><entry VJ="1">Esskastanie</entry></row><row><entry VJ="1" valign="top">4.2</entry><entry VJ="1">Citrus L.</entry><entry VJ="1">Zitrus</entry></row><row><entry VJ="1" valign="top">4.3</entry><entry VJ="1">Corylus avellana L.</entry><entry VJ="1">Haselnuss</entry></row><row><entry VJ="1" valign="top">4.4</entry><entry VJ="1">Cydonia oblonga Mill.</entry><entry VJ="1">Quitte</entry></row><row><entry VJ="1" valign="top">4.5</entry><entry VJ="1">Ficus carica L.</entry><entry VJ="1">Feige</entry></row><row><entry VJ="1" valign="top">4.6</entry><entry VJ="1">Fortunella Swingle</entry><entry VJ="1">Kumquat</entry></row><row><entry VJ="1" valign="top">4.7</entry><entry VJ="1">Fragaria L.</entry><entry VJ="1">Erdbeere</entry></row><row><entry VJ="1" valign="top">4.8</entry><entry VJ="1">Juglans regia L.</entry><entry VJ="1">Walnuss</entry></row><row><entry VJ="1" valign="top">4.9</entry><entry VJ="1">Malus Mill.</entry><entry VJ="1">Apfel</entry></row><row><entry VJ="1" valign="top">4.10</entry><entry VJ="1">Olea europaea L.</entry><entry VJ="1">Ölbaum</entry></row><row><entry VJ="1" valign="top">4.11</entry><entry VJ="1">Pistacia vera L.</entry><entry VJ="1">Pistazie</entry></row><row><entry VJ="1" valign="top">4.12</entry><entry VJ="1">Poncirus Raf.</entry><entry VJ="1">Bitterorange</entry></row><row><entry VJ="1" valign="top">4.13</entry><entry VJ="1">Prunus amygdalus Batsch</entry><entry VJ="1">Mandel</entry></row><row><entry VJ="1" valign="top">4.14</entry><entry VJ="1">Prunus armeniaca L.</entry><entry VJ="1">Aprikose</entry></row><row><entry VJ="1" valign="top">4.15</entry><entry VJ="1">Prunus avium (L.) L.</entry><entry VJ="1">Süßkirsche</entry></row><row><entry VJ="1" valign="top">4.16</entry><entry VJ="1">Prunus cerasus L.</entry><entry VJ="1">Sauerkirsche</entry></row><row><entry VJ="1" valign="top">4.17</entry><entry VJ="1">Prunus domestica L.</entry><entry VJ="1">Pflaume</entry></row><row><entry VJ="1" valign="top">4.18</entry><entry VJ="1">Prunus persica (L.) Batsch</entry><entry VJ="1">Pfirsich</entry></row><row><entry VJ="1" valign="top">4.19</entry><entry VJ="1">Prunus salicina Lindl.</entry><entry VJ="1">Japanische Pflaume</entry></row><row><entry VJ="1" valign="top">4.20</entry><entry VJ="1">Pyrus L.</entry><entry VJ="1">Birne</entry></row><row><entry VJ="1" valign="top">4.21</entry><entry VJ="1">Ribes L.</entry><entry VJ="1">Johannisbeere, Stachelbeere, Jostabeere</entry></row><row><entry VJ="1" valign="top">4.22</entry><entry VJ="1">Rubus L.</entry><entry VJ="1">Himbeere, Brombeere</entry></row><row><entry VJ="1" valign="top">4.23</entry><entry VJ="1">Vaccinium L.</entry><entry VJ="1">Heidelbeere, Preiselbeere</entry></row></tbody></tgroup></table></P></Content><Footnotes><Footnote FnZ="*" Group="manuell" ID="F814042_02_BJNR017620985BJNE000722119" Pos="normal">ICNCP – Internationaler Code der Nomenklatur der Kulturpflanzen (International Code of Nomenclature for Cultivated Plants).</Footnote></Footnotes></text><fussnoten/></textdaten></norm>
</dokumente>