<?xml version="1.0" encoding="UTF-8" ?><!DOCTYPE dokumente SYSTEM "http://www.gesetze-im-internet.de/dtd/1.01/gii-norm.dtd">
<dokumente builddate="20120807043542" doknr="BJNR005010996"><norm builddate="20120807043542" doknr="BJNR005010996"><metadaten><jurabk>BBVAnpG95Art3Abs3Bek</jurabk><ausfertigung-datum manuell="ja">1995-12-29</ausfertigung-datum><fundstelle typ="amtlich"><periodikum>BGBl I</periodikum><zitstelle>1996, 50</zitstelle></fundstelle><langue>Bekanntmachung zu Artikel 3 Abs. 3 des Bundesbesoldungs- und
-versorgungsanpassungsgesetzes 1995</langue></metadaten><textdaten><text format="XML"><Content><P/></Content></text><fussnoten><Content><P>(+++ Textnachweis ab: 24. 1.1996 +++)</P></Content></fussnoten></textdaten></norm>
<norm builddate="20120807043542" doknr="BJNR005010996BJNE000100310"><metadaten><jurabk>BBVAnpG95Art3Abs3Bek</jurabk><enbez>(XXXX)</enbez></metadaten><textdaten><text format="XML"><Content><P>Auf Grund des Artikels 3 Abs. 3 des Bundesbesoldungs- und versorgungsanpassungsgesetzes 1995 vom 18. Dezember 1995 (BGBl. I S. 1942) werden die mit Wirkung vom 1. Mai 1995 an geltenden Sätze der Mehrarbeitsvergütung nach der Verordnung über die Gewährung von Mehrarbeitsvergütung für Beamte bekanntgemacht: <BR/><table frame="none" tocentry="%yes;"><tgroup align="left" char="" charoff="50" cols="3" colsep="0" rowsep="0"><colspec colname="col1" colnum="1" colwidth="5*"/><colspec colname="col2" colnum="2" colwidth="40*"/><colspec colname="col3" colnum="3" colwidth="35*"/><tbody valign="top"><row><entry VJ="1" align="left" colsep="0" valign="top">1.</entry><entry VJ="1" align="left" colsep="0" nameend="col3" namest="col2" valign="top">§ 4 Abs. 1:</entry></row><row><entry VJ="1" align="left" colsep="0" morerows="3" valign="top"> </entry><entry VJ="1" align="left" colsep="0" valign="top">A 1 bis A 4</entry><entry VJ="1" align="right" colsep="0" valign="top">16,95 Deutsche Mark,</entry></row><row><entry VJ="1" align="left" colsep="0" valign="top">A 5 bis A 8</entry><entry VJ="1" align="right" colsep="0" valign="top">20,03 Deutsche Mark,</entry></row><row><entry VJ="1" align="left" colsep="0" valign="top">A 9 bis A 12</entry><entry VJ="1" align="right" colsep="0" valign="top">27,49 Deutsche Mark,</entry></row><row><entry VJ="1" align="left" colsep="0" valign="top">A 13 bis A 16</entry><entry VJ="1" align="right" colsep="0" valign="top">37,89 Deutsche Mark;</entry></row><row><entry VJ="1" align="left" colsep="0" valign="top">2.</entry><entry VJ="1" align="left" colsep="0" nameend="col3" namest="col2" valign="top">§ 4 Abs. 3:</entry></row><row><entry VJ="1" align="left" colsep="0" morerows="3" valign="top"> </entry><entry VJ="1" align="left" colsep="0" valign="top">Nummer 1</entry><entry VJ="1" align="right" colsep="0" valign="top">25,59 Deutsche Mark,</entry></row><row><entry VJ="1" align="left" colsep="0" valign="top">Nummer 2</entry><entry VJ="1" align="right" colsep="0" valign="top">31,70 Deutsche Mark,</entry></row><row><entry VJ="1" align="left" colsep="0" valign="top">Nummer 3</entry><entry VJ="1" align="right" colsep="0" valign="top">37,64 Deutsche Mark,</entry></row><row><entry VJ="1" align="left" colsep="0" valign="top">Nummern 4 und 5</entry><entry VJ="1" align="right" colsep="0" valign="top">43,96 Deutsche Mark.</entry></row></tbody></tgroup></table></P><P><SP>Bundesministerium des Innern</SP></P></Content></text></textdaten></norm>
</dokumente>