<?xml version="1.0" encoding="UTF-8" ?><!DOCTYPE dokumente SYSTEM "http://www.gesetze-im-internet.de/dtd/1.01/gii-norm.dtd">
<dokumente builddate="20150907220210" doknr="BJNR391000994"><norm builddate="20150907220210" doknr="BJNR391000994"><metadaten><jurabk>TreuhUntÜV</jurabk><amtabk>TreuhUntÜV</amtabk><ausfertigung-datum manuell="ja">1994-12-20</ausfertigung-datum><fundstelle typ="amtlich"><periodikum>BGBl I</periodikum><zitstelle>1994, 3910</zitstelle></fundstelle><kurzue>Treuhandunternehmensübertragungsverordnung</kurzue><langue>Verordnung zur Übertragung von unternehmensbezogenen Aufgaben und
Unternehmensbeteiligungen der Treuhandanstalt</langue><standangabe checked="ja"><standtyp>Stand</standtyp><standkommentar>Zuletzt geändert durch Art. 592 V v. 31.8.2015 I 1474</standkommentar></standangabe></metadaten><textdaten><fussnoten><Content><P><BR/> <pre xml:space="preserve">(+++ Textnachweis ab: 29.12.1994 +++)<BR/><BR/></pre></P></Content></fussnoten></textdaten></norm>
<norm builddate="20150907220210" doknr="BJNR391000994BJNE000100000"><metadaten><jurabk>TreuhUntÜV</jurabk><enbez>Eingangsformel</enbez></metadaten><textdaten><text format="XML"><Content><P>Auf Grund des § 23a Abs. 1, 2 und 3 Satz 3 Halbsatz 2 des Treuhandgesetzes, der durch Artikel 1 Nr. 9 des Gesetzes vom 9. August 1994 (BGBl. I S. 2062) eingefügt worden ist, verordnet die Bundesregierung:</P></Content></text></textdaten></norm>
<norm builddate="20150907220210" doknr="BJNR391000994BJNE000204377"><metadaten><jurabk>TreuhUntÜV</jurabk><enbez>§ 1</enbez><titel format="XML">Übertragung von Aufgaben</titel></metadaten><textdaten><text format="XML"><Content><P>(1) Die der Treuhandanstalt auf Grund des Treuhandgesetzes und des Artikels 25 des Einigungsvertrages zugewiesenen unternehmensbezogenen Aufgaben werden zu den in § 2 genannten Zeitpunkten auf das Bundesministerium der Finanzen übertragen, soweit die in § 2 bezeichneten Unternehmen einschließlich ihrer Beteiligungen betroffen sind. Das Bundesministerium der Finanzen nimmt diese Aufgaben im Einvernehmen mit dem Bundesministerium für Wirtschaft und Energie und dem jeweils zuständigen Bundesministerium wahr.</P><P>(2) Von der Aufgabenübertragung nach Absatz 1 ausgenommen sind <DL Font="normal" Type="arabic"><DT>1.</DT><DD Font="normal"><LA Size="normal">die Wahrnehmung der Rechte und Pflichten aus Verträgen über die Privatisierung von Unternehmen oder Unternehmensteilen,</LA></DD><DT>2.</DT><DD Font="normal"><LA Size="normal">die Abwicklung von Unternehmen oder Unternehmensteilen,</LA></DD><DT>3.</DT><DD Font="normal"><LA Size="normal">die Rückübertragung von Unternehmen oder Unternehmensteilen nach dem Vermögensgesetz sowie</LA></DD><DT>4.</DT><DD Font="normal"><LA Size="normal">die Wahrnehmung der Rechte und Pflichten aus Verwaltungsvereinbarungen mit den in Artikel 1 Abs. 1 des Einigungsvertrages genannten Ländern oder dem Land Berlin zur Komplementärfinanzierung von Maßnahmen zur Beseitigung von ökologischen Altlasten und von Maßnahmen zur Verbesserung der Umwelt im Rahmen des § 249h des Arbeitsförderungsgesetzes, soweit diese sich auf die in Anlage 1 bis 3 bezeichneten Gesellschaften und ihre Unternehmensbeteiligungen beziehen.</LA></DD></DL></P></Content></text><fussnoten/></textdaten></norm>
<norm builddate="20150907220210" doknr="BJNR391000994BJNE000300000"><metadaten><jurabk>TreuhUntÜV</jurabk><enbez>§ 2</enbez><titel format="parat">Übertragung von Unternehmensbeteiligungen</titel></metadaten><textdaten><text format="XML"><Content><P>(1) Die Geschäftsanteile der Treuhandanstalt an der im Handelsregister des Amtsgerichts Berlin-Charlottenburg unter HRB 53659 eingetragenen BMGB Beteiligungs-Management-Gesellschaft Berlin mbH mit Sitz in Berlin werden mit Wirkung vom 30. Dezember 1994 auf den Bund übertragen.</P><P>(2) Die Geschäfts- und Gesellschaftsanteile der Treuhandanstalt an den in Anlage 1 bis 4 bezeichneten Gesellschaften werden mit Wirkung vom 31. Dezember 1994 auf die BMGB Beteiligungs-Management-Gesellschaft Berlin mbH übertragen.</P><P>(3) Die Geschäftsanteile der Treuhandanstalt an den in Anlage 5 bezeichneten Gesellschaften werden mit Wirkung vom 1. Januar 1995 auf die Lausitzer und Mitteldeutsche Bergbau-Verwaltungsgesellschaft mbH übertragen.</P><P>(4) Die Aktien der Treuhandanstalt an der im Handelsregister des Amtsgerichts Berlin-Charlottenburg unter HRB 34165 eingetragenen Deutsche Kreditbank Aktiengesellschaft mit Sitz in Berlin werden mit Wirkung vom 1. Januar 1995 auf den Bund übertragen.</P></Content>   </text></textdaten></norm>
<norm builddate="20150907220210" doknr="BJNR391000994BJNE000400000"><metadaten><jurabk>TreuhUntÜV</jurabk><enbez>§ 3</enbez><titel format="parat">Haftung im Innenverhältnis</titel></metadaten><textdaten><text format="XML"><Content><P>(1) Im Innenverhältnis haftet für die nach § 23a Abs. 3 des Treuhandgesetzes auf den jeweiligen Rechtsnachfolger übergegangenen Verbindlichkeiten allein der Bund, soweit es sich um Verbindlichkeiten aus Finanzierungszusagen der Treuhandanstalt unmittelbar zugunsten von Unternehmen handelt.</P><P>(2) Ferner haftet im Innenverhältnis allein der Bund für die nach § 23a Abs. 3 des Treuhandgesetzes auf den jeweiligen Rechtsnachfolger übergegangenen Verbindlichkeiten, soweit diese nicht durch das übertragene Vermögen gedeckt sind.</P></Content> </text></textdaten></norm>
<norm builddate="20150907220210" doknr="BJNR391000994BJNE000500000"><metadaten><jurabk>TreuhUntÜV</jurabk><enbez>§ 4</enbez><titel format="parat">Inkrafttreten</titel></metadaten><textdaten><text format="XML"><Content><P>Diese Verordnung tritt am Tage nach der Verkündung in Kraft.</P></Content></text></textdaten></norm>
<norm builddate="20150907220210" doknr="BJNR391000994BJNE000600000"><metadaten><jurabk>TreuhUntÜV</jurabk><enbez>Anlage 1</enbez><titel format="parat">(zu § 2 Abs. 2)</titel></metadaten><textdaten><text format="XML"><Content><P><ABWFORMAT typ="A"/><kommentar typ="Fundstelle">Fundstelle des Originaltextes: BGBl. I 1994, 3911</kommentar> <BR/> <BR/><table frame="topbot" tocentry="%yes;">
	<tgroup align="left" char="" charoff="50" cols="4" colsep="1" rowsep="1">
		<colspec colname="col1" colnum="1" colwidth="40*"/>
		<colspec colname="col2" colnum="2" colwidth="15*"/>
		<colspec colname="col3" colnum="3" colwidth="25*"/>
		<colspec colname="col4" colnum="4" colwidth="25*"/>
		<thead valign="bottom">
			<row>
				<entry VJ="1" align="left" colsep="0" valign="top">Firma</entry>
				<entry VJ="1" align="left" colsep="0" valign="top">Sitz</entry>
				<entry VJ="1" align="left" colsep="0" valign="top">Handelsregister-Nummer</entry>
				<entry VJ="1" align="left" colsep="0" valign="top">Amtsgericht</entry>
			</row>
		</thead>
		<tbody valign="top">
			<row>
				<entry VJ="1" align="left" colsep="0" valign="top">Horst Plaschna Management GmbH &amp; Co. Beteiligungs-sanierungs- und -Verkaufs KG</entry>
				<entry VJ="1" align="center" colsep="0" valign="bottom">Berlin</entry>
				<entry VJ="1" align="left" colsep="0" valign="bottom">HRA 24351</entry>
				<entry VJ="1" align="left" colsep="0" valign="bottom">Berlin-Charlottenburg</entry>
			</row>
			<row>
				<entry VJ="1" align="left" colsep="0" valign="top">Horst Plaschna Management GmbH</entry>
				<entry VJ="1" align="center" colsep="0" valign="bottom">Berlin</entry>
				<entry VJ="1" align="left" colsep="0" valign="bottom">HRB 42167</entry>
				<entry VJ="1" align="left" colsep="0" valign="bottom">Berlin-Charlottenburg</entry>
			</row>
			<row>
				<entry VJ="1" align="left" colsep="0" valign="top">H.W. Urban GmbH &amp; Co. Management KG</entry>
				<entry VJ="1" align="center" colsep="0" valign="bottom">Berlin</entry>
				<entry VJ="1" align="left" colsep="0" valign="bottom">HRA 24592</entry>
				<entry VJ="1" align="left" colsep="0" valign="bottom">Berlin-Charlottenburg</entry>
			</row>
			<row>
				<entry VJ="1" align="left" colsep="0" valign="top">H.W. Urban GmbH</entry>
				<entry VJ="1" align="center" colsep="0" valign="bottom">Berlin</entry>
				<entry VJ="1" align="left" colsep="0" valign="bottom">HRB 43075</entry>
				<entry VJ="1" align="left" colsep="0" valign="bottom">Berlin-Charlottenburg</entry>
			</row>
			<row>
				<entry VJ="1" align="left" colsep="0" valign="top">EREL Verwaltungs GmbH &amp; Co. Management KG</entry>
				<entry VJ="1" align="center" colsep="0" valign="bottom">Berlin</entry>
				<entry VJ="1" align="left" colsep="0" valign="bottom">HRA 25348</entry>
				<entry VJ="1" align="left" colsep="0" valign="bottom">Berlin-Charlottenburg</entry>
			</row>
			<row>
				<entry VJ="1" align="left" colsep="0" valign="top">EREL Verwaltungs GmbH</entry>
				<entry VJ="1" align="center" colsep="0" valign="bottom">Berlin</entry>
				<entry VJ="1" align="left" colsep="0" valign="bottom">HRB 46310</entry>
				<entry VJ="1" align="left" colsep="0" valign="bottom">Berlin-Charlottenburg</entry>
			</row>
			<row>
				<entry VJ="1" align="left" colsep="0" valign="top">EFBE Verwaltungs GmbH &amp; Co. Management KG</entry>
				<entry VJ="1" align="center" colsep="0" valign="bottom">Berlin</entry>
				<entry VJ="1" align="left" colsep="0" valign="bottom">HRA 25405</entry>
				<entry VJ="1" align="left" colsep="0" valign="bottom">Berlin-Charlottenburg</entry>
			</row>
			<row>
				<entry VJ="1" align="left" colsep="0" valign="top">EFBE Verwaltungs GmbH</entry>
				<entry VJ="1" align="center" colsep="0" valign="bottom">Berlin</entry>
				<entry VJ="1" align="left" colsep="0" valign="bottom">HRB 46309</entry>
				<entry VJ="1" align="left" colsep="0" valign="bottom">Berlin-Charlottenburg</entry>
			</row>
			<row>
				<entry VJ="1" align="left" colsep="0" valign="top">Schröder &amp; Partner GmbH &amp; Co. Management KG</entry>
				<entry VJ="1" align="center" colsep="0" valign="bottom">Berlin</entry>
				<entry VJ="1" align="left" colsep="0" valign="bottom">HRA 25204</entry>
				<entry VJ="1" align="left" colsep="0" valign="bottom">Berlin-Charlottenburg</entry>
			</row>
			<row>
				<entry VJ="1" align="left" colsep="0" valign="top">Schröder &amp; Partner GmbH</entry>
				<entry VJ="1" align="center" colsep="0" valign="bottom">Berlin</entry>
				<entry VJ="1" align="left" colsep="0" valign="bottom">HRB 46996</entry>
				<entry VJ="1" align="left" colsep="0" valign="bottom">Berlin-Charlottenburg</entry>
			</row>
		</tbody>
	</tgroup>
</table> </P></Content></text></textdaten></norm>
<norm builddate="20150907220210" doknr="BJNR391000994BJNE000700000"><metadaten><jurabk>TreuhUntÜV</jurabk><enbez>Anlage 2</enbez><titel format="parat">(zu § 2 Abs. 2)</titel></metadaten><textdaten><text format="XML"><Content><P><ABWFORMAT typ="A"/><kommentar typ="Fundstelle">Fundstelle des Originaltextes: BGBl. I 1994, 3911</kommentar> <BR/> <BR/><table frame="topbot" tocentry="%yes;">
	<tgroup align="left" char="" charoff="50" cols="4" colsep="1" rowsep="1">
		<colspec colname="col1" colnum="1" colwidth="40*"/>
		<colspec colname="col2" colnum="2" colwidth="20*"/>
		<colspec colname="col3" colnum="3" colwidth="25*"/>
		<colspec colname="col4" colnum="4" colwidth="25*"/>
		<thead valign="bottom">
			<row>
				<entry VJ="1" align="left" colsep="0" valign="top">Firma</entry>
				<entry VJ="1" align="left" colsep="0" valign="top">Sitz</entry>
				<entry VJ="1" align="left" colsep="0" valign="top">Handelsregister-Nummer</entry>
				<entry VJ="1" align="left" colsep="0" valign="top">Amtsgericht</entry>
			</row>
		</thead>
		<tbody valign="top">
			<row>
				<entry VJ="1" align="left" colsep="0" valign="top">MKM Mansfelder Kupfer und Messing GmbH</entry>
				<entry VJ="1" align="left" colsep="0" valign="bottom">Hettstedt</entry>
				<entry VJ="1" align="left" colsep="0" valign="bottom">HRB 7208</entry>
				<entry VJ="1" align="left" colsep="0" valign="bottom">Halle-Saalkreis</entry>
			</row>
			<row>
				<entry VJ="1" align="left" colsep="0" valign="top">Dampfkesselbau Hohenthurm GmbH</entry>
				<entry VJ="1" align="left" colsep="0" valign="bottom">Hohenthurm</entry>
				<entry VJ="1" align="left" colsep="0" valign="bottom">HRB  554</entry>
				<entry VJ="1" align="left" colsep="0" valign="bottom">Halle-Saalkreis</entry>
			</row>
		</tbody>
	</tgroup>
</table> </P></Content></text></textdaten></norm>
<norm builddate="20150907220210" doknr="BJNR391000994BJNE000800000"><metadaten><jurabk>TreuhUntÜV</jurabk><enbez>Anlage 3</enbez><titel format="parat">(zu § 2 Abs. 2)</titel></metadaten><textdaten><text format="XML"><Content><P><ABWFORMAT typ="A"/><kommentar typ="Fundstelle">Fundstelle des Originaltextes: BGBl. I 1994, 3911</kommentar> <BR/> <BR/><table frame="topbot" tocentry="%yes;">
	<tgroup align="left" char="" charoff="50" cols="4" colsep="1" rowsep="1">
		<colspec colname="col1" colnum="1" colwidth="40*"/>
		<colspec colname="col2" colnum="2" colwidth="20*"/>
		<colspec colname="col3" colnum="3" colwidth="25*"/>
		<colspec colname="col4" colnum="4" colwidth="25*"/>
		<thead valign="bottom">
			<row>
				<entry VJ="1" align="left" colsep="0" valign="top">Firma</entry>
				<entry VJ="1" align="left" colsep="0" valign="top">Sitz</entry>
				<entry VJ="1" align="left" colsep="0" valign="top">Handelsregister-Nummer</entry>
				<entry VJ="1" align="left" colsep="0" valign="top">Amtsgericht</entry>
			</row>
		</thead>
		<tbody valign="top">
			<row>
				<entry VJ="1" align="left" colsep="0" valign="top">SKET Schwermaschinenbau Magdeburg GmbH</entry>
				<entry VJ="1" align="left" colsep="0" valign="bottom">Magdeburg</entry>
				<entry VJ="1" align="left" colsep="0" valign="bottom">HRB  145</entry>
				<entry VJ="1" align="left" colsep="0" valign="bottom">Magdeburg</entry>
			</row>
			<row>
				<entry VJ="1" align="left" colsep="0" valign="top">EKO Stahl GmbH</entry>
				<entry VJ="1" align="left" colsep="0" valign="bottom">Eisenhüttenstadt</entry>
				<entry VJ="1" align="left" colsep="0" valign="bottom">HRB 3883</entry>
				<entry VJ="1" align="left" colsep="0" valign="bottom">Frankfurt/Oder</entry>
			</row>
			<row>
				<entry VJ="1" align="left" colsep="0" valign="top">Kali und Salz Gesellschaft mit beschränkter Haftung</entry>
				<entry VJ="1" align="left" colsep="0" valign="bottom">Sondershausen</entry>
				<entry VJ="1" align="left" colsep="0" valign="bottom">HRB 2999</entry>
				<entry VJ="1" align="left" colsep="0" valign="bottom">Mühlhausen</entry>
			</row>
			<row>
				<entry VJ="1" align="left" colsep="0" valign="top">Caprolactam Leuna GmbH</entry>
				<entry VJ="1" align="left" colsep="0" valign="bottom">Leuna</entry>
				<entry VJ="1" align="left" colsep="0" valign="bottom">HRB 7846</entry>
				<entry VJ="1" align="left" colsep="0" valign="bottom">Halle-Saalkreis</entry>
			</row>
		</tbody>
	</tgroup>
</table> </P></Content></text></textdaten></norm>
<norm builddate="20150907220210" doknr="BJNR391000994BJNE000900000"><metadaten><jurabk>TreuhUntÜV</jurabk><enbez>Anlage 4</enbez><titel format="parat">(zu § 2 Abs. 2)</titel></metadaten><textdaten><text format="XML"><Content><P><ABWFORMAT typ="A"/><kommentar typ="Fundstelle">Fundstelle des Originaltextes: BGBl. I 1994, 3912</kommentar> <BR/> <BR/><table frame="topbot" tocentry="%yes;">
	<tgroup align="left" char="" charoff="50" cols="4" colsep="1" rowsep="1">
		<colspec colname="col1" colnum="1" colwidth="40*"/>
		<colspec colname="col2" colnum="2" colwidth="20*"/>
		<colspec colname="col3" colnum="3" colwidth="25*"/>
		<colspec colname="col4" colnum="4" colwidth="25*"/>
		<thead valign="bottom">
			<row>
				<entry VJ="1" align="left" colsep="0" valign="top">Firma</entry>
				<entry VJ="1" align="left" colsep="0" valign="top">Sitz</entry>
				<entry VJ="1" align="left" colsep="0" valign="top">Handelsregister-Nummer</entry>
				<entry VJ="1" align="left" colsep="0" valign="top">Amtsgericht</entry>
			</row>
		</thead>
		<tbody valign="top">
			<row>
				<entry VJ="1" align="left" colsep="0" valign="top">GVV - Gesellschaft zur Verwahrung und Verwertung von stillgelegten Bergwerksbetrieben mbH</entry>
				<entry VJ="1" align="left" colsep="0" valign="bottom">Erfurt</entry>
				<entry VJ="1" align="left" colsep="0" valign="bottom">HRB 5405</entry>
				<entry VJ="1" align="left" colsep="0" valign="bottom">Erfurt</entry>
			</row>
			<row>
				<entry VJ="1" align="left" colsep="0" valign="top">Energiewerke Nord GmbH</entry>
				<entry VJ="1" align="left" colsep="0" valign="bottom">Rubenow</entry>
				<entry VJ="1" align="left" colsep="0" valign="bottom">HRB 90</entry>
				<entry VJ="1" align="left" colsep="0" valign="bottom">Stralsund</entry>
			</row>
			<row>
				<entry VJ="1" align="left" colsep="0" valign="top">Lausitzer und Mitteldeutsche Bergbau-Verwaltungsgesellschaft mbH</entry>
				<entry VJ="1" align="left" colsep="0" valign="bottom">Berlin</entry>
				<entry VJ="1" align="left" colsep="0" valign="bottom">HRB 52334</entry>
				<entry VJ="1" align="left" colsep="0" valign="bottom">Berlin-Charlottenburg</entry>
			</row>
		</tbody>
	</tgroup>
</table> </P></Content></text></textdaten></norm>
<norm builddate="20150907220210" doknr="BJNR391000994BJNE001000000"><metadaten><jurabk>TreuhUntÜV</jurabk><enbez>Anlage 5</enbez><titel format="parat">(zu § 2 Abs. 3)</titel></metadaten><textdaten><text format="XML"><Content><P><ABWFORMAT typ="A"/><kommentar typ="Fundstelle">Fundstelle des Originaltextes: BGBl. I 1994, 3912</kommentar> <BR/> <BR/><table frame="topbot" tocentry="%yes;">
	<tgroup align="left" char="" charoff="50" cols="4" colsep="1" rowsep="1">
		<colspec colname="col1" colnum="1" colwidth="40*"/>
		<colspec colname="col2" colnum="2" colwidth="20*"/>
		<colspec colname="col3" colnum="3" colwidth="25*"/>
		<colspec colname="col4" colnum="4" colwidth="25*"/>
		<thead valign="bottom">
			<row>
				<entry VJ="1" align="left" colsep="0" valign="top">Firma</entry>
				<entry VJ="1" align="left" colsep="0" valign="top">Sitz</entry>
				<entry VJ="1" align="left" colsep="0" valign="top">Handelsregister-Nummer</entry>
				<entry VJ="1" align="left" colsep="0" valign="top">Amtsgericht</entry>
			</row>
		</thead>
		<tbody valign="top">
			<row>
				<entry VJ="1" align="left" colsep="0" valign="top">Lausitzer Bergbau-Verwaltungsgesellschaft mbH</entry>
				<entry VJ="1" align="left" colsep="0" valign="bottom">Brieske</entry>
				<entry VJ="1" align="left" colsep="0" valign="bottom">HRB 3327</entry>
				<entry VJ="1" align="left" colsep="0" valign="bottom">Cottbus</entry>
			</row>
			<row>
				<entry VJ="1" align="left" colsep="0" valign="top">Mitteldeutsche Bergbau-Verwaltungsgesellschaft mbH</entry>
				<entry VJ="1" align="left" colsep="0" valign="bottom">Bitterfeld</entry>
				<entry VJ="1" align="left" colsep="0" valign="bottom">HRB 2467</entry>
				<entry VJ="1" align="left" colsep="0" valign="bottom">Dessau</entry>
			</row>
		</tbody>
	</tgroup>
</table> </P></Content></text></textdaten></norm>
</dokumente>