<?xml version="1.0" encoding="UTF-8" ?><!DOCTYPE dokumente SYSTEM "http://www.gesetze-im-internet.de/dtd/1.01/gii-norm.dtd">
<dokumente builddate="20241231222148" doknr="BJNR015410021"><norm builddate="20241231222148" doknr="BJNR015410021"><metadaten><jurabk>RentÜG</jurabk><amtabk>RentÜG</amtabk><ausfertigung-datum manuell="ja">2021-02-11</ausfertigung-datum><fundstelle typ="amtlich"><periodikum>BGBl I</periodikum><zitstelle>2021, 154</zitstelle></fundstelle><kurzue>Rentenübersichtsgesetz</kurzue><langue>Gesetz zur Entwicklung und Einführung einer Digitalen Rentenübersicht</langue><standangabe checked="ja"><standtyp>Stand</standtyp><standkommentar>Geändert durch Art. 65 G v. 23.10.2024 I Nr. 323</standkommentar></standangabe></metadaten><textdaten><fussnoten><Content><P><BR/> <pre xml:space="preserve">(+++ Textnachweis ab: 18.2.2021 +++)<BR/><BR/></pre>Das G wurde als Artikel 1 des G v. 11.2.2021 I 154 vom Bundestag beschlossen. Es tritt gem. Art. 13 Abs. 1 dieses G am 18.2.2021 in Kraft.</P></Content></fussnoten></textdaten></norm>
<norm builddate="20241231222148" doknr="BJNR015410021BJNE000100000"><metadaten><jurabk>RentÜG</jurabk><enbez>§ 1</enbez><titel format="XML">Zweck</titel></metadaten><textdaten><text format="XML"><Content><P>Die Digitale Rentenübersicht dient der Verbesserung des Kenntnisstandes der Bürgerinnen und Bürger über ihre jeweilige Altersvorsorge und enthält Informationen insbesondere über deren Höhe. Die Informationen sollen verlässlich, verständlich und möglichst vergleichbar sein.</P></Content></text></textdaten></norm>
<norm builddate="20241231222148" doknr="BJNR015410021BJNE000201126"><metadaten><jurabk>RentÜG</jurabk><enbez>§ 2</enbez><titel format="XML">Begriffsbestimmungen</titel></metadaten><textdaten><text format="XML"><Content><P>Für dieses Gesetz gelten die folgenden Begriffsbestimmungen: <DL Font="normal" Type="arabic"><DT>1.</DT><DD Font="normal"><LA Size="normal">Altersvorsorgeprodukte: alle Versicherungen, Zusagen und Verträge, auf deren Grundlage Leistungen der gesetzlichen, betrieblichen oder privaten Altersvorsorge in der Zukunft erbracht werden; dabei <DL Font="normal" Type="alpha"><DT>a)</DT><DD Font="normal"><LA Size="normal">sind zur gesetzlichen Altersvorsorge die gesetzliche Rentenversicherung, die Alterssicherung der Landwirte, die berufsständische Versorgung und die Versorgung der Beamten, Richter und Soldaten zu zählen,</LA></DD><DT>b)</DT><DD Font="normal"><LA Size="normal">ist betriebliche Altersvorsorge als betriebliche Altersversorgung im Sinne des § 1 des Betriebsrentengesetzes zu verstehen und</LA></DD><DT>c)</DT><DD Font="normal"><LA Size="normal">sind zur privaten Altersvorsorge insbesondere die nach den §§ 5 und 5a des Altersvorsorgeverträge-Zertifizierungsgesetzes zertifizierten Altersvorsorge- und Basisrentenverträge zu zählen sowie private Lebensversicherungsverträge, die einmalige oder wiederkehrende Erlebensfallleistungen mit rentennahem Beginn des Leistungsbezugs erbringen,</LA></DD></DL></LA></DD><DT>2.</DT><DD Font="normal"><LA Size="normal">Vorsorgeeinrichtungen: alle Anbieter, Träger oder Stellen, die gesetzliche, betriebliche oder private Altersvorsorgeprodukte anbieten,</LA></DD><DT>3.</DT><DD Font="normal"><LA Size="normal">Standmitteilungen: alle Renteninformationen oder vergleichbare Informationen, die Vorsorgeeinrichtungen ihren Kundinnen und Kunden regelmäßig zur Verfügung stellen, um über die Höhe der Altersvorsorgeansprüche zu informieren,</LA></DD><DT>4.</DT><DD Font="normal"><LA Size="normal">erreichte Altersvorsorgeansprüche: die bis zum Stichtag der Standmitteilung erworbenen Ansprüche aus Altersvorsorgeprodukten (Altersvorsorgeansprüche) bei Beginn des Leistungsbezugs oder bei Ablauf des Vertrages unter der Annahme, dass keine weiteren Ansprüche erworben werden,</LA></DD><DT>5.</DT><DD Font="normal"><LA Size="normal">erreichbare Altersvorsorgeansprüche: die Altersvorsorgeansprüche bei Beginn des Leistungsbezugs oder bei Ablauf des Vertrages unter der Annahme, dass bis dahin weitere Ansprüche erworben werden; ist ein weiterer Erwerb von Ansprüchen insbesondere aus vertraglichen oder versicherungsrechtlichen Gründen nicht vorgesehen oder zu erwarten, entsprechen die erreichbaren Altersvorsorgeansprüche den erreichten Altersvorsorgeansprüchen,</LA></DD><DT>6.</DT><DD Font="normal"><LA Size="normal">garantierte Werte: die erreichten oder erreichbaren Altersvorsorgeansprüche, die nach geltendem Recht mindestens entstanden sind oder entstehen werden oder vertraglich zugesichert sind,</LA></DD><DT>7.</DT><DD Font="normal"><LA Size="normal">prognostizierte Werte: die erreichten oder erreichbaren Altersvorsorgeansprüche, die sich unter Zugrundelegung einer realistischen Einschätzung der künftigen Entwicklung ergeben können,</LA></DD><DT>8.</DT><DD Font="normal"><LA Size="normal">Identifikationsnummer: die einer natürlichen Person vom Bundeszentralamt für Steuern nach § 139b der Abgabenordnung zugeteilte Identifikationsnummer.</LA></DD></DL></P></Content></text><fussnoten/></textdaten></norm>
<norm builddate="20241231222148" doknr="BJNR015410021BJNE000301126"><metadaten><jurabk>RentÜG</jurabk><enbez>§ 3</enbez><titel format="XML">Zentrale Stelle für die Digitale Rentenübersicht</titel></metadaten><textdaten><text format="XML"><Content><P>(1) Es wird eine Zentrale Stelle für die Digitale Rentenübersicht errichtet, die ein elektronisches Portal betreibt, über das die Digitale Rentenübersicht abgerufen werden kann.</P><P>(2) Die Digitale Rentenübersicht enthält Informationen über die individuellen Altersvorsorgeansprüche in der gesetzlichen, betrieblichen und privaten Altersvorsorge der oder des Nutzenden. Dafür werden von der Zentralen Stelle für die Digitale Rentenübersicht die nach § 5 Absatz 1 von den Vorsorgeeinrichtungen übermittelten Informationen zusammengestellt und zu einem Gesamtüberblick nach § 5 Absatz 3 zusammengeführt. Die Digitale Rentenübersicht wird den Nutzenden in einem elektronischen Format zur Verfügung gestellt, das ihnen die Weiterverarbeitung ermöglicht.</P><P>(3) Die Informationen in der Digitalen Rentenübersicht sollen von der Zentralen Stelle für die Digitale Rentenübersicht klar, prägnant, verständlich und schlüssig dargestellt werden. Die Darstellung soll möglichst übersichtlich und nutzerfreundlich sein. Die Zentrale Stelle für die Digitale Rentenübersicht hat sowohl für die Digitale Rentenübersicht als auch für das elektronische Portal die jeweils geltenden Vorgaben zur Barrierefreiheit nach dem Behindertengleichstellungsgesetz, insbesondere die §§ 4 und 12a des Behindertengleichstellungsgesetzes, sowie die auf Grundlage des Behindertengleichstellungsgesetzes erlassenen Rechtsverordnungen zur Barrierefreiheit, insbesondere die Barrierefreie-Informationstechnik-Verordnung, zu beachten.</P><P>(4) Die Zentrale Stelle für die Digitale Rentenübersicht erteilt Bürgerinnen und Bürgern Auskunft zu ihren Verfahren und zur Zusammenführung der Informationen. Sie erteilt keine Auskünfte über die Altersvorsorgeansprüche aus den einzelnen Altersvorsorgeprodukten der jeweiligen Vorsorgeeinrichtungen. Die Zentrale Stelle für die Digitale Rentenübersicht erteilt Vorsorgeeinrichtungen Auskunft über die Anwendung dieses Gesetzes.</P><P>(5) Die Zentrale Stelle für die Digitale Rentenübersicht hat die Nutzung der Digitalen Rentenübersicht für statistische Zwecke zu erfassen und auszuwerten.</P></Content></text><fussnoten/></textdaten></norm>
<norm builddate="20241231222148" doknr="BJNR015410021BJNE000400000"><metadaten><jurabk>RentÜG</jurabk><enbez>§ 4</enbez><titel format="XML">Grundsätze der Digitalen Rentenübersicht</titel></metadaten><textdaten><text format="XML"><Content><P>(1) Bürgerinnen und Bürger können die Digitale Rentenübersicht über das Portal der Zentralen Stelle für die Digitale Rentenübersicht abfragen. Die Digitale Rentenübersicht wird den Nutzenden von der Zentralen Stelle für die Digitale Rentenübersicht ausschließlich elektronisch zur Verfügung gestellt.</P><P>(2) Die Zentrale Stelle für die Digitale Rentenübersicht fragt nach Abfrage der oder des Nutzenden die in § 5 Absatz 1 genannten Informationen bei den angebundenen Vorsorgeeinrichtungen unter Angabe der Identifikationsnummer der oder des Nutzenden an. Sind bei der Vorsorgeeinrichtung die in § 5 Absatz 1 genannten Daten zu der oder dem Nutzenden gespeichert und kann die Vorsorgeeinrichtung eine Zuordnung der oder des Nutzenden anhand der Identifikationsnummer vornehmen, werden die in § 5 Absatz 1 genannten Daten unter Angabe der Identifikationsnummer der Zentralen Stelle für die Digitale Rentenübersicht übermittelt. Sind bei der Vorsorgeeinrichtung keine Daten nach § 5 Absatz 1 vorhanden oder kann sie eine eindeutige Zuordnung der Anfrage nicht vornehmen, meldet die Vorsorgeeinrichtung dies unter Angabe der Identifikationsnummer der Zentralen Stelle für die Digitale Rentenübersicht. In diesem Fall hat die Vorsorgeeinrichtung die mit der Anfrage durch die Zentrale Stelle für die Digitale Rentenübersicht übermittelten personenbezogenen Daten unmittelbar nach Beantwortung der Anfrage zu löschen, soweit die Vorsorgeeinrichtung diese Daten nicht bereits in einem anderen Zusammenhang rechtmäßig erhoben hat.</P></Content></text></textdaten></norm>
<norm builddate="20241231222148" doknr="BJNR015410021BJNE000500000"><metadaten><jurabk>RentÜG</jurabk><enbez>§ 5</enbez><titel format="XML">Inhalte der Digitalen Rentenübersicht</titel></metadaten><textdaten><text format="XML"><Content><P>(1) Auf Anfrage der Zentralen Stelle für die Digitale Rentenübersicht nach § 4 Absatz 2 übermitteln die angebundenen Vorsorgeeinrichtungen die folgenden Informationen zu den Altersvorsorgeprodukten der Nutzenden: <DL Type="arabic"><DT>1.</DT><DD Font="normal"><LA>die letzte verfügbare Standmitteilung,</LA></DD><DT>2.</DT><DD Font="normal"><LA>allgemeine Angaben zur Vorsorgeeinrichtung, für Rückfragen zum jeweiligen Altersvorsorgeanspruch insbesondere Kontaktinformationen der Vorsorgeeinrichtung sowie das bei der Vorsorgeeinrichtung verwendete Kennzeichen der Kundin oder des Kunden,</LA></DD><DT>3.</DT><DD Font="normal"><LA>allgemeine Angaben zum Altersvorsorgeprodukt, insbesondere Angaben zur Bezeichnung, zur Art, zur Zuordnung zur gesetzlichen, betrieblichen oder privaten Altersvorsorge, zur Art der Auszahlung der Leistung sowie zum Zeitpunkt der Leistungsgewährung sowie den Stichtag der Angaben,</LA></DD><DT>4.</DT><DD Font="normal"><LA>wertmäßige Angaben zu den erreichten und erreichbaren Altersvorsorgeansprüchen, differenziert nach der Art der Auszahlung als Einmalbetrag oder laufende Rente sowie differenziert nach garantierten und prognostizierten Werten, soweit diese in den Standmitteilungen ausgewiesen werden,</LA></DD><DT>5.</DT><DD Font="normal"><LA>weitere Angaben zum Leistungsumfang, insbesondere, ob das Altersvorsorgeprodukt eine Invaliditäts- oder Hinterbliebenenabsicherung oder beides umfasst, ob auf die Leistungen nach jeweils geltender Rechtslage Steuern oder Sozialabgaben oder beides zu entrichten sind und ob die Leistungen in der Rentenbezugsphase angepasst werden.</LA></DD></DL></P><P>(2) Die Standmitteilung nach Absatz 1 Nummer 1 ist in einem geeigneten Dokumentenformat, die Daten nach Absatz 1 Nummer 2 bis 5 sind in einem standardisierten Datensatz zu übermitteln, die jeweils von der Zentralen Stelle für die Digitale Rentenübersicht vorgegeben werden. Die wertmäßigen Angaben müssen stets mit denen in der Standmitteilung nach Absatz 1 Nummer 1 übereinstimmen.</P><P>(3) Die Zentrale Stelle für die Digitale Rentenübersicht fasst wertmäßige Angaben der Altersvorsorgeansprüche zu einem Gesamtüberblick zusammen. Der Gesamtüberblick soll den Nutzenden ermöglichen, die insgesamt erreichten und erreichbaren individuellen Altersvorsorgeansprüche einzuschätzen.</P><P>(4) Aus der Zusammenfassung von erreichten und erreichbaren Werten in einem Gesamtüberblick können keine Ansprüche gegen die Vorsorgeeinrichtungen oder die Zentrale Stelle für die Digitale Rentenübersicht abgeleitet werden. In der Darstellung für Nutzende ist in deutlicher Form darauf hinzuweisen, dass sowohl aus den Angaben zu den erreichten und erreichbaren Werten der einzelnen Altersvorsorgeprodukte als auch aus dem dargestellten Gesamtüberblick keine Ansprüche abgeleitet werden können und die tatsächliche Höhe der Altersvorsorgeansprüche abweichen kann.</P></Content></text></textdaten></norm>
<norm builddate="20241231222148" doknr="BJNR015410021BJNE000600000"><metadaten><jurabk>RentÜG</jurabk><enbez>§ 6</enbez><titel format="XML">Entwicklung und erste Betriebsphase</titel></metadaten><textdaten><text format="XML"><Content><P>(1) Die Zentrale Stelle für die Digitale Rentenübersicht entwickelt unter Beachtung der Vorgaben dieses Gesetzes die inhaltliche und technische Ausgestaltung des Portals und der Digitalen Rentenübersicht.</P><P>(2) Die Digitale Rentenübersicht wird in einer ersten Betriebsphase von der Zentralen Stelle für die Digitale Rentenübersicht mit freiwillig angebundenen Vorsorgeeinrichtungen und freiwillig teilnehmenden Nutzenden erprobt und evaluiert.</P><P>(3) Die erste Betriebsphase soll 21 Monate nach Inkrafttreten dieses Gesetzes beginnen und nach zwölf Monaten enden. Vor Abschluss der ersten Betriebsphase legt die Zentrale Stelle für die Digitale Rentenübersicht dem Steuerungsgremium nach § 9 einen Evaluierungsbericht über die Erfahrungen und Ergebnisse der ersten Betriebsphase vor.</P></Content></text></textdaten></norm>
<norm builddate="20241231222148" doknr="BJNR015410021BJNE000700000"><metadaten><jurabk>RentÜG</jurabk><enbez>§ 7</enbez><titel format="XML">Anbindung der Vorsorgeeinrichtungen</titel></metadaten><textdaten><text format="XML"><Content><P>(1) Vorsorgeeinrichtungen können sich freiwillig an die Zentrale Stelle für die Digitale Rentenübersicht anbinden. Die Zentrale Stelle für die Digitale Rentenübersicht lehnt eine Anbindung ab, wenn die anbindungswillige Stelle keine Vorsorgeeinrichtung im Sinne des § 2 Nummer 2 ist. Ist eine Vorsorgeeinrichtung durch eine unionsrechtliche oder bundesrechtliche Regelung oder durch eine aufgrund einer solchen Regelung erlassenen Verordnung verpflichtet, mindestens jährlich Standmitteilungen zu übermitteln, so ist sie ab dem Stichtag, der in der aufgrund des § 13 Absatz 3 erlassenen Verordnung festgelegt wird, auch verpflichtet, sich an die Zentrale Stelle für die Digitale Rentenübersicht anzubinden. Die dem Landesrecht unterliegenden Vorsorgeeinrichtungen der Versorgung von Beamten und Richtern sowie der berufsständischen Versorgungswerke entscheiden vorbehaltlich anderweitiger landesrechtlicher Regelungen selbstständig über eine Anbindung an die Zentrale Stelle für die Digitale Rentenübersicht.</P><P>(2) Die Anbindung der Vorsorgeeinrichtungen dient der Anfrage von Informationen durch die Zentrale Stelle für die Digitale Rentenübersicht und der Übermittlung der in § 5 Absatz 1 genannten Informationen durch die Vorsorgeeinrichtungen an die Zentrale Stelle für die Digitale Rentenübersicht. Die Vorsorgeeinrichtungen können Dritte mit der Anbindung nach Absatz 1 und der Übermittlung nach § 4 Absatz 2 an die Zentrale Stelle für die Digitale Rentenübersicht beauftragen.</P><P>(3) Die Kosten, die den Vorsorgeeinrichtungen durch die Anbindung und die Übermittlung von Informationen an die Zentrale Stelle für die Digitale Rentenübersicht entstehen, werden diesen nicht erstattet.</P></Content></text></textdaten></norm>
<norm builddate="20241231222148" doknr="BJNR015410021BJNE000801126"><metadaten><jurabk>RentÜG</jurabk><enbez>§ 8</enbez><titel format="XML">Gestaltung der Zentralen Stelle für die Digitale Rentenübersicht</titel></metadaten><textdaten><text format="XML"><Content><P>(1) Die Zentrale Stelle für die Digitale Rentenübersicht wird bei der Deutschen Rentenversicherung Bund eingerichtet. Damit erhält die Deutsche Rentenversicherung Bund die Aufgabe, das Portal zu betreiben, die Digitale Rentenübersicht den Bürgerinnen und Bürgern zur Verfügung zu stellen und diese weiterzuentwickeln.</P><P>(2) Der Bund beteiligt sich an den Verwaltungsaufwendungen der Deutschen Rentenversicherung Bund für die Erfüllung der Aufgaben nach diesem Gesetz in Höhe von bis zu 6,8 Millionen Euro im Jahr 2024, in Höhe von bis zu 7,3 Millionen Euro im Jahr 2025, in Höhe von bis zu 7,9 Millionen Euro im Jahr 2026 und in Höhe von bis zu 8,6 Millionen Euro jährlich ab dem Jahr 2027. Etwaige Ausgleichsansprüche, die ab dem Jahr 2024 für davor liegende Zeiträume vorliegen, gelten mit der Beteiligung nach Satz 1 als abgegolten.</P><P>(3) Die Zentrale Stelle für die Digitale Rentenübersicht steht unter Rechtsaufsicht des Bundesministeriums für Arbeit und Soziales. Das Bundesministerium für Arbeit und Soziales kann die Aufsicht ganz oder teilweise dem Bundesamt für Soziale Sicherung übertragen. Die Vorschriften über die Selbstverwaltung der Träger der Sozialversicherung finden keine Anwendung in Bezug auf die inhaltliche Ausgestaltung der Digitalen Rentenübersicht.</P></Content></text><fussnoten/></textdaten></norm>
<norm builddate="20241231222148" doknr="BJNR015410021BJNE000900000"><metadaten><jurabk>RentÜG</jurabk><enbez>§ 9</enbez><titel format="XML">Steuerungsgremium</titel></metadaten><textdaten><text format="XML"><Content><P>(1) Bei der Zentralen Stelle für die Digitale Rentenübersicht wird ein Steuerungsgremium gebildet. Das Steuerungsgremium hat, ungeachtet der in den Sätzen 3 bis 5 geregelten Befugnisse, grundsätzlich die Aufgabe, die Zentrale Stelle für die Digitale Rentenübersicht bei der Erfüllung ihrer Aufgaben zu unterstützen und zu beraten. Die Zentrale Stelle für die Digitale Rentenübersicht entscheidet über die grundlegenden Fragen der inhaltlichen Ausgestaltung der Digitalen Rentenübersicht und die Darstellung im Portal im Einvernehmen mit dem Steuerungsgremium auf Vorlage der Zentralen Stelle für die Digitale Rentenübersicht. Dies gilt auch für die grundlegende inhaltliche Weiterentwicklung. Entscheidungen über die technische Ausgestaltung der Datensätze und der Schnittstellen trifft die Zentrale Stelle für die Digitale Rentenübersicht im Benehmen mit dem Steuerungsgremium.</P><P>(2) Das Steuerungsgremium setzt sich aus Vertreterinnen und Vertretern der gesetzlichen, betrieblichen und privaten Altersvorsorge, der Verbraucherschutzorganisationen sowie des Bundesministeriums für Arbeit und Soziales und des Bundesministeriums der Finanzen zusammen.</P></Content></text></textdaten></norm>
<norm builddate="20241231222148" doknr="BJNR015410021BJNE001000000"><metadaten><jurabk>RentÜG</jurabk><enbez>§ 10</enbez><titel format="XML">Fachbeiräte</titel></metadaten><textdaten><text format="XML"><Content><P>Zu ihrer weiteren Unterstützung und Beratung kann die Zentrale Stelle für die Digitale Rentenübersicht Fachbeiräte einsetzen. Zu bestimmten Fragestellungen setzt die Zentrale Stelle für die Digitale Rentenübersicht auf Beschluss des Steuerungsgremiums Fachbeiräte ein.</P></Content></text></textdaten></norm>
<norm builddate="20241231222148" doknr="BJNR015410021BJNE001100000"><metadaten><jurabk>RentÜG</jurabk><enbez>§ 11</enbez><titel format="XML">Verarbeitung der Identifikationsnummer</titel></metadaten><textdaten><text format="XML"><Content><P>Die angebundenen Vorsorgeeinrichtungen sind berechtigt, die Identifikationsnummern bei ihren Kundinnen und Kunden zu erheben. Nur die angebundenen Träger der gesetzlichen Rentenversicherung, der Alterssicherung der Landwirte und die berufsständischen Versorgungseinrichtungen können nach § 22a Absatz 2 Satz 10 des Einkommensteuergesetzes die Identifikationsnummern ihrer Kundinnen und Kunden erheben. Die angebundenen Vorsorgeeinrichtungen sind berechtigt, eine rechtmäßig erhobene Identifikationsnummer ihrer Kundinnen und Kunden zur Durchführung dieses Gesetzes zu verarbeiten, auch wenn sie zu einem anderen Zweck erhoben wurde. Entsprechendes gilt für die Datenstelle der Rentenversicherung sowie für die mit der Anbindung und Übermittlung nach § 4 Absatz 2 an die Zentrale Stelle für die Digitale Rentenübersicht beauftragten Dritten.</P></Content></text></textdaten></norm>
<norm builddate="20241231222148" doknr="BJNR015410021BJNE001200000"><metadaten><jurabk>RentÜG</jurabk><enbez>§ 12</enbez><titel format="XML">Datenschutz</titel></metadaten><textdaten><text format="XML"><Content><P>(1) Die Nutzung des Portals erfordert eine sichere elektronische Authentifizierung der oder des Nutzenden nach dem jeweils aktuellen Stand der Technik.</P><P>(2) Die Zentrale Stelle für die Digitale Rentenübersicht darf mit Einwilligung der Nutzenden deren personenbezogene Daten einschließlich deren Identifikationsnummern verarbeiten, soweit dies zur Erfüllung ihrer Aufgaben nach diesem Gesetz erforderlich ist. Die Zentrale Stelle für die Digitale Rentenübersicht holt vor Durchführung der Anfragen bei den Vorsorgeeinrichtungen von den authentifizierten Nutzenden die Einwilligung ein, dass die personenbezogenen Daten einschließlich der Identifikationsnummer für die Zwecke der Anfrage nach § 5 Absatz 1 verarbeitet werden dürfen.</P><P>(3) Die Zentrale Stelle für die Digitale Rentenübersicht bietet den Nutzenden nach abschließender Bearbeitung einer Abfrage die Möglichkeit zur freiwilligen Speicherung ihrer Daten in Nutzerkonten an. Die Nutzenden sind darauf in geeigneter Weise hinzuweisen. Verzichtet der oder die Nutzende auf ein solches Nutzerkonto, sind die Daten zu löschen.</P></Content></text></textdaten></norm>
<norm builddate="20241231222148" doknr="BJNR015410021BJNE001301126"><metadaten><jurabk>RentÜG</jurabk><enbez>§ 13</enbez><titel format="XML">Verordnungsermächtigung</titel></metadaten><textdaten><text format="XML"><Content><P>(1) Das Bundesministerium für Arbeit und Soziales wird ermächtigt, im Einvernehmen mit dem Bundesministerium der Finanzen durch Rechtsverordnung ohne Zustimmung des Bundesrates Näheres zu regeln <DL Font="normal" Type="arabic"><DT>1.</DT><DD Font="normal"><LA Size="normal">zum Inhalt und Umfang der in § 3 bestimmten Aufgaben der Zentralen Stelle für die Digitale Rentenübersicht,</LA></DD><DT>2.</DT><DD Font="normal"><LA Size="normal">zum Verfahren für die Authentifizierung der Nutzenden nach § 12 Absatz 1,</LA></DD><DT>3.</DT><DD Font="normal"><LA Size="normal">zu Inhalt, Art und Form der statistischen Erfassung und Auswertung von Daten nach § 3 Absatz 5 sowie zu deren Übermittlung an das Bundesministerium für Arbeit und Soziales.</LA></DD></DL></P><P>(2) Die Bundesregierung wird ermächtigt, durch Rechtsverordnung ohne Zustimmung des Bundesrates Näheres zu regeln <DL Font="normal" Type="arabic"><DT>1.</DT><DD Font="normal"><LA Size="normal">zum Verfahren der Anbindung der Vorsorgeeinrichtungen an die Zentrale Stelle für die Digitale Rentenübersicht nach § 7,</LA></DD><DT>2.</DT><DD Font="normal"><LA Size="normal">zum Verfahren der Anfragen der Zentralen Stelle für die Digitale Rentenübersicht bei den Vorsorgeeinrichtungen und der Übermittlung der Daten nach § 5 Absatz 1, insbesondere zu Schnittstellen, technischen Regeln, Aufzeichnungs-, Aufbewahrungs-, Bescheinigungs- sowie Anzeige- und Mitteilungspflichten der Vorsorgeeinrichtungen,</LA></DD><DT>3.</DT><DD Font="normal"><LA Size="normal">zum Datenaustausch zwischen der Zentralen Stelle für die Digitale Rentenübersicht und den Vorsorgeeinrichtungen nach diesem Gesetz, insbesondere zum Inhalt und Aufbau der für die Durchführung des Verfahrens zu übermittelnden Datensätze,</LA></DD><DT>4.</DT><DD Font="normal"><LA Size="normal">zur Konkretisierung der Begriffsbestimmungen nach § 2 und zur Konkretisierung des Inhalts der Digitalen Rentenübersicht nach § 5,</LA></DD><DT>5.</DT><DD Font="normal"><LA Size="normal">zu den Aufgaben, der Zusammensetzung, der Berufung und den Rechten und Pflichten der Mitglieder, der Amtsdauer und dem Verfahren für Beschlüsse des Steuerungsgremiums nach § 9.</LA></DD></DL></P><P>(3) Die Bundesregierung wird ermächtigt, durch Rechtsverordnung ohne Zustimmung des Bundesrates den Stichtag für die verpflichtende Anbindung nach § 7 Absatz 1 Satz 3 festzulegen. Es sollen Übergangsfristen gewährt werden.</P></Content></text><fussnoten/></textdaten></norm>
</dokumente>