<?xml version="1.0" encoding="UTF-8" ?><!DOCTYPE dokumente SYSTEM "http://www.gesetze-im-internet.de/dtd/1.01/gii-norm.dtd">
<dokumente builddate="20220201213029" doknr="BJNR198700019"><norm builddate="20220201213029" doknr="BJNR198700019"><metadaten><jurabk>KfzTechMstrV 2020</jurabk><amtabk>KfzTechMstrV</amtabk><ausfertigung-datum manuell="ja">2019-11-28</ausfertigung-datum><fundstelle typ="amtlich"><periodikum>BGBl I</periodikum><zitstelle>2019, 1987</zitstelle></fundstelle><kurzue>Kraftfahrzeugtechnikermeisterverordnung</kurzue><langue>Verordnung über die Meisterprüfung in den Teilen I und II im Kraftfahrzeugtechniker-Handwerk</langue><standangabe checked="ja"><standtyp>Stand</standtyp><standkommentar>Zuletzt geändert durch Art. 2 Abs. 88 V v. 18.1.2022 I 39</standkommentar></standangabe><standangabe checked="ja"><standtyp>Sonst</standtyp><standkommentar>Ersetzt V 7110-3-140 v. 10.8.2000 I 1286 (KfzTechMstrV)</standkommentar></standangabe></metadaten><textdaten><fussnoten><Content><P><BR/> <pre xml:space="preserve">(+++ Textnachweis ab: 1.7.2020 +++)<BR/><BR/></pre></P></Content></fussnoten></textdaten></norm>
<norm builddate="20220201213029" doknr="BJNR198700019BJNE000100000"><metadaten><jurabk>KfzTechMstrV 2020</jurabk><jurabk>KfzTechMstrV</jurabk><enbez>Eingangsformel</enbez></metadaten><textdaten><text format="XML"><Content><P>Auf Grund des § 45 Absatz 1 der Handwerksordnung in der Fassung der Bekanntmachung vom 24. September 1998 (BGBl. I S. 3074; 2006 I S. 2095), der zuletzt durch Artikel 283 der Verordnung vom 31. August 2015 (BGBl. I S. 1474) geändert worden ist, verordnet das Bundesministerium für Wirtschaft und Energie im Einvernehmen mit dem Bundesministerium für Bildung und Forschung:</P></Content></text></textdaten></norm>
<norm builddate="20220201213029" doknr="BJNR198700019BJNE000200000"><metadaten><jurabk>KfzTechMstrV 2020</jurabk><jurabk>KfzTechMstrV</jurabk><enbez>§ 1</enbez><titel format="XML">Gegenstand</titel></metadaten><textdaten><text format="XML"><Content><P>Diese Verordnung regelt das Meisterprüfungsberufsbild sowie die in der Prüfung in den Teilen I und II der Meisterprüfung im Kraftfahrzeugtechniker-Handwerk zu stellenden Anforderungen.</P></Content></text></textdaten></norm>
<norm builddate="20220201213029" doknr="BJNR198700019BJNE000300000"><metadaten><jurabk>KfzTechMstrV 2020</jurabk><jurabk>KfzTechMstrV</jurabk><enbez>§ 2</enbez><titel format="XML">Meisterprüfungsberufsbild</titel></metadaten><textdaten><text format="XML"><Content><P>In den Teilen I und II der Meisterprüfung im Kraftfahrzeugtechniker-Handwerk hat der Prüfling den Teil seiner beruflichen Handlungskompetenz nachzuweisen, der sich auf wesentliche Tätigkeiten seines Gewerbes und die erforderlichen fachtheoretischen Kenntnisse bezieht. Grundlage dafür sind folgende Fertigkeiten und Kenntnisse: <DL Type="arabic"><DT>1.</DT><DD Font="normal"><LA>einen Betrieb im Kraftfahrzeugtechniker-Handwerk führen und organisieren und dabei technische, kaufmännische und personalwirtschaftliche Entscheidungen treffen und begründen, insbesondere unter Berücksichtigung <DL Type="alpha"><DT>a)</DT><DD Font="normal"><LA>der Kostenstrukturen,</LA></DD><DT>b)</DT><DD Font="normal"><LA>der Wettbewerbssituation,</LA></DD><DT>c)</DT><DD Font="normal"><LA>der betrieblichen Aus- und Weiterbildung,</LA></DD><DT>d)</DT><DD Font="normal"><LA>der Betriebsorganisation,</LA></DD><DT>e)</DT><DD Font="normal"><LA>des Qualitätsmanagements,</LA></DD><DT>f)</DT><DD Font="normal"><LA>des Arbeitsschutzrechtes,</LA></DD><DT>g)</DT><DD Font="normal"><LA>des Datenschutzes,</LA></DD><DT>h)</DT><DD Font="normal"><LA>der Datenverarbeitung,</LA></DD><DT>i)</DT><DD Font="normal"><LA>des Umweltschutzes,</LA></DD><DT>j)</DT><DD Font="normal"><LA>der Ressourceneffizienz und</LA></DD><DT>k)</DT><DD Font="normal"><LA>technologischer sowie gesellschaftlicher Entwicklungen, insbesondere digitaler Technologien,</LA></DD></DL></LA></DD><DT>2.</DT><DD Font="normal"><LA>Konzepte für Betriebsstätten einschließlich Betriebs- und Lagerausstattung sowie für logistische Geschäfts- und Arbeitsprozesse entwickeln und umsetzen,</LA></DD><DT>3.</DT><DD Font="normal"><LA>Kundenwünsche und jeweilige auftragsbezogene Rahmenbedingungen ermitteln, Anforderungen ableiten, Kunden beraten, Serviceleistungen anbieten, Lösungen entwickeln, Verhandlungen führen und Ziele festlegen, Leistungen kalkulieren und Angebote erstellen sowie Verträge schließen,</LA></DD><DT>4.</DT><DD Font="normal"><LA>Geschäfts- und Arbeitsprozesse zur Leistungserbringung planen, organisieren und überwachen,</LA></DD><DT>5.</DT><DD Font="normal"><LA>Leistungen erbringen, insbesondere <DL Type="alpha"><DT>a)</DT><DD Font="normal"><LA>Fahrzeuge, Fahrzeugbaugruppen, Fahrzeug- und Karosseriebauteile sowie verknüpfte Fahrzeugsysteme anhand von standardisierten Merkmalen identifizieren, überprüfen und instand halten,</LA></DD><DT>b)</DT><DD Font="normal"><LA>mechanische, pneumatische, hydraulische, elektrische, elektronische und mechatronische Systeme, insbesondere Antriebs-, Brems-, Steuerungs-, Fahrwerks-, Sicherheits-, Komfort-, Assistenz- und Zusatzsysteme, überprüfen, instand halten, nachrüsten und vernetzen,</LA></DD><DT>c)</DT><DD Font="normal"><LA>Karosserie-, Struktur- und Lackschäden beurteilen und instand setzen sowie</LA></DD><DT>d)</DT><DD Font="normal"><LA>Softwarestände ermitteln, zwischenspeichern und aktualisieren sowie Fahrzeugbauteile codieren und kalibrieren,</LA></DD></DL></LA></DD><DT>6.</DT><DD Font="normal"><LA>technische, organisatorische und rechtliche Gesichtspunkte bei der Leistungserbringung berücksichtigen, insbesondere <DL Type="alpha"><DT>a)</DT><DD Font="normal"><LA>die Fahrzeugtechnologien sowie vernetzten Kommunikations- und Informationstechnologien,</LA></DD><DT>b)</DT><DD Font="normal"><LA>die Diagnose-, Überprüfungs- und Instandhaltungstechniken,</LA></DD><DT>c)</DT><DD Font="normal"><LA>die berufsbezogenen Rechtsvorschriften und technischen Normen,</LA></DD><DT>d)</DT><DD Font="normal"><LA>die allgemein anerkannten Regeln der Technik,</LA></DD><DT>e)</DT><DD Font="normal"><LA>das Fachpersonal und Material sowie die Geräte, Maschinen und Werkzeuge sowie</LA></DD><DT>f)</DT><DD Font="normal"><LA>die Möglichkeiten zum Einsatz von Auszubildenden,</LA></DD></DL></LA></DD><DT>7.</DT><DD Font="normal"><LA>Hersteller- und Produktinformationen beachten,</LA></DD><DT>8.</DT><DD Font="normal"><LA>fahrzeugbezogene Dokumente, insbesondere Pläne, Zeichnungen, Protokolle sichten, anfertigen, bewerten und anwenden,</LA></DD><DT>9.</DT><DD Font="normal"><LA>Arten und Eigenschaften von zu bearbeitenden und verarbeitenden Materialien berücksichtigen,</LA></DD><DT>10.</DT><DD Font="normal"><LA>Unteraufträge, unter Berücksichtigung von Qualität und Rechtsvorschriften, vergeben und deren Ausführung kontrollieren,</LA></DD><DT>11.</DT><DD Font="normal"><LA>Qualitätskontrollen durchführen, Fehler, Mängel und Störungen analysieren und beseitigen, Ergebnisse bewerten und dokumentieren sowie</LA></DD><DT>12.</DT><DD Font="normal"><LA>erbrachte Leistungen kontrollieren, dokumentieren und übergeben sowie Nachkalkulationen durchführen, Auftragsabwicklung auswerten und Protokolle erläutern.</LA></DD></DL></P></Content></text></textdaten></norm>
<norm builddate="20220201213029" doknr="BJNR198700019BJNE000400000"><metadaten><jurabk>KfzTechMstrV 2020</jurabk><jurabk>KfzTechMstrV</jurabk><enbez>§ 3</enbez><titel format="XML">Ziel und Gliederung der Prüfung in Teil I</titel></metadaten><textdaten><text format="XML"><Content><P>(1) In der Prüfung in Teil I hat der Prüfling umfängliche und zusammenhängende berufliche Aufgaben zu lösen und dabei nachzuweisen, dass er wesentliche Tätigkeiten des Kraftfahrzeugtechniker-Handwerks meisterhaft verrichtet.</P><P>(2) Die Prüfung in Teil I gliedert sich in folgende Prüfungsbereiche: <DL Type="arabic"><DT>1.</DT><DD Font="normal"><LA>ein Meisterprüfungsprojekt nach § 4 und ein darauf bezogenes Fachgespräch nach § 5 sowie</LA></DD><DT>2.</DT><DD Font="normal"><LA>eine Situationsaufgabe nach § 6.</LA></DD></DL></P></Content></text></textdaten></norm>
<norm builddate="20220201213029" doknr="BJNR198700019BJNE000500000"><metadaten><jurabk>KfzTechMstrV 2020</jurabk><jurabk>KfzTechMstrV</jurabk><enbez>§ 4</enbez><titel format="XML">Meisterprüfungsprojekt</titel></metadaten><textdaten><text format="XML"><Content><P>(1) Der Prüfling hat ein Meisterprüfungsprojekt durchzuführen, das einem Kundenauftrag entspricht. Das Meisterprüfungsprojekt besteht aus Planungs-, Durchführungs-, Kontroll- und Dokumentationsarbeiten.</P><P>(2) Als Meisterprüfungsprojekt sind Arbeiten an einem Fahrzeug durchzuführen, das in mindestens zwei der nachfolgenden vernetzten Systeme mindestens jeweils einen Fehler aufweist: <DL Type="arabic"><DT>1.</DT><DD Font="normal"><LA>Antriebssystem,</LA></DD><DT>2.</DT><DD Font="normal"><LA>Bremssystem,</LA></DD><DT>3.</DT><DD Font="normal"><LA>Steuerungssystem,</LA></DD><DT>4.</DT><DD Font="normal"><LA>Fahrwerkssystem,</LA></DD><DT>5.</DT><DD Font="normal"><LA>Sicherheitssysteme,</LA></DD><DT>6.</DT><DD Font="normal"><LA>Komfortsysteme,</LA></DD><DT>7.</DT><DD Font="normal"><LA>Assistenzsysteme oder</LA></DD><DT>8.</DT><DD Font="normal"><LA>Zusatzsysteme.</LA></DD></DL>Dabei sind die folgenden Arbeitsschritte durchzuführen: <DL Type="arabic"><DT>1.</DT><DD Font="normal"><LA>ein Fahrzeug vom Kunden annehmen, dessen Anliegen aufnehmen und analysieren, das Fahrzeug anhand von standardisierten Merkmalen identifizieren und überprüfen, den Kunden beraten, einen Kostenvoranschlag erstellen und erläutern, einen Werkstattauftrag erstellen und den Instandsetzungsweg vorgeben,</LA></DD><DT>2.</DT><DD Font="normal"><LA>Fehler und Schäden an einem Fahrzeug mit seinen Fahrzeugsystemen diagnostizieren, beurteilen und beheben, Fahrzeugsysteme einstellen, abschließende Mess- und Prüfprotokolle erstellen, bewerten und erläutern, den Kundenauftrag auf Erweiterungen prüfen und diese mit abwickeln sowie</LA></DD><DT>3.</DT><DD Font="normal"><LA>die Qualitätskontrolle durchführen, eine Rechnung erstellen und dem Kunden erläutern sowie dem Kunden das Fahrzeug übergeben.</LA></DD></DL></P><P>(3) Die auftragsbezogenen Anforderungen an das Meisterprüfungsprojekt im Einzelnen werden vom Meisterprüfungsausschuss festgelegt.</P><P>(4) Anhand der Anforderungen erarbeitet der Prüfling ein Umsetzungskonzept für den Kundenauftrag einschließlich einer Zeitplanung und einer Materialbedarfsplanung. Das Umsetzungskonzept hat er vor der Durchführung des Meisterprüfungsprojekts dem Meisterprüfungsausschuss zur Genehmigung vorzulegen. Der Meisterprüfungsausschuss prüft, ob das Umsetzungskonzept den auftragsbezogenen Anforderungen entspricht.</P><P>(5) Für die Bearbeitung des Meisterprüfungsprojekts stehen dem Prüfling vier Stunden zur Verfügung.</P><P>(6) Für die Bewertung des Meisterprüfungsprojekts werden die einzelnen Bestandteile wie folgt gewichtet: <DL Type="arabic"><DT>1.</DT><DD Font="normal"><LA>die Planungsarbeiten anhand der Planungsunterlagen, bestehend aus Kalkulation und Werkstattauftrag, mit 30 Prozent,</LA></DD><DT>2.</DT><DD Font="normal"><LA>die Durchführungsarbeiten mit 50 Prozent und</LA></DD><DT>3.</DT><DD Font="normal"><LA>die Kontroll- und die Dokumentationsarbeiten anhand der Dokumentationsunterlagen, bestehend aus Mess- und Prüfprotokollen sowie Prüfberichten, mit 20 Prozent.</LA></DD></DL></P></Content></text></textdaten></norm>
<norm builddate="20220201213029" doknr="BJNR198700019BJNE000600000"><metadaten><jurabk>KfzTechMstrV 2020</jurabk><jurabk>KfzTechMstrV</jurabk><enbez>§ 5</enbez><titel format="XML">Fachgespräch</titel></metadaten><textdaten><text format="XML"><Content><P>(1) Im Fachgespräch hat der Prüfling nachzuweisen, dass er in der Lage ist, <DL Type="arabic"><DT>1.</DT><DD Font="normal"><LA>die fachlichen Zusammenhänge aufzuzeigen, die dem Meisterprüfungsprojekt zugrunde liegen,</LA></DD><DT>2.</DT><DD Font="normal"><LA>Kunden zu beraten, insbesondere im Hinblick auf den jeweiligen Kundenwunsch; dabei hat der Prüfling wirtschaftliche Aspekte sowie rechtliche und technische Anforderungen in das Beratungsgespräch einzubeziehen,</LA></DD><DT>3.</DT><DD Font="normal"><LA>sein Vorgehen bei der Planung und Durchführung des Meisterprüfungsprojekts zu begründen und</LA></DD><DT>4.</DT><DD Font="normal"><LA>mit dem Meisterprüfungsprojekt verbundene berufsbezogene Probleme sowie deren Lösungen darzustellen und dabei aktuelle Entwicklungen im Kraftfahrzeugtechniker-Handwerk zu berücksichtigen.</LA></DD></DL></P><P>(2) Das Fachgespräch soll höchstens 30 Minuten dauern.</P></Content></text></textdaten></norm>
<norm builddate="20220201213029" doknr="BJNR198700019BJNE000700000"><metadaten><jurabk>KfzTechMstrV 2020</jurabk><jurabk>KfzTechMstrV</jurabk><enbez>§ 6</enbez><titel format="XML">Situationsaufgabe</titel></metadaten><textdaten><text format="XML"><Content><P>(1) Die Situationsaufgabe orientiert sich an einem Kundenauftrag und vervollständigt den Nachweis der beruflichen Handlungskompetenz für die Meisterprüfung im Kraftfahrzeugtechniker-Handwerk.</P><P>(2) Der Meisterprüfungsausschuss legt eine Situationsaufgabe fest, die zu keinem der im Meisterprüfungsprojekt ausgewählten Systeme Bezug hat. Für diese Situationsaufgabe wählt er aus den drei folgenden Arbeiten zwei Arbeiten aus: <DL Type="arabic"><DT>1.</DT><DD Font="normal"><LA>Fehler und Schäden an einer Baugruppe diagnostizieren,</LA></DD><DT>2.</DT><DD Font="normal"><LA>eine Baugruppe instand setzen oder</LA></DD><DT>3.</DT><DD Font="normal"><LA>die Systeme einer Baugruppe einstellen.</LA></DD></DL></P><P>(3) Für die Bearbeitung der Situationsaufgabe stehen dem Prüfling zwei Stunden zur Verfügung.</P><P>(4) Jede Arbeit nach Absatz 2 Satz 2 Nummer 1 bis 3 wird jeweils gesondert bewertet. Die Gesamtbewertung der Situationsaufgabe entspricht dem arithmetischen Mittel der Bewertungen der ausgeführten Arbeiten nach Absatz 2.</P></Content></text></textdaten></norm>
<norm builddate="20220201213029" doknr="BJNR198700019BJNE000800000"><metadaten><jurabk>KfzTechMstrV 2020</jurabk><jurabk>KfzTechMstrV</jurabk><enbez>§ 7</enbez><titel format="XML">Gewichtung; Bestehen der Prüfung in Teil I</titel></metadaten><textdaten><text format="XML"><Content><P>(1) Das Meisterprüfungsprojekt, das Fachgespräch und die Situationsaufgabe werden gesondert bewertet. Für das Gesamtergebnis der Prüfung in Teil I der Meisterprüfung werden zunächst die Bewertung des Meisterprüfungsprojekts und die Bewertung des Fachgesprächs im Verhältnis 3:1 gewichtet. Anschließend wird das hieraus folgende Ergebnis mit der Bewertung der Situationsaufgabe im Verhältnis 2:1 gewichtet.</P><P>(2) Der Prüfling hat den Teil I der Meisterprüfung bestanden, wenn <DL Type="arabic"><DT>1.</DT><DD Font="normal"><LA>das Meisterprüfungsprojekt, das Fachgespräch und die Situationsaufgabe jeweils mit mindestens 30 Punkten bewertet worden ist und</LA></DD><DT>2.</DT><DD Font="normal"><LA>das Gesamtergebnis der Prüfung mindestens „ausreichend“ ist.</LA></DD></DL></P></Content></text></textdaten></norm>
<norm builddate="20220201213029" doknr="BJNR198700019BJNE000900000"><metadaten><jurabk>KfzTechMstrV 2020</jurabk><jurabk>KfzTechMstrV</jurabk><enbez>§ 8</enbez><titel format="XML">Ziel und Gliederung der Prüfung in Teil II</titel></metadaten><textdaten><text format="XML"><Content><P>(1) In Teil II der Meisterprüfung hat der Prüfling umfängliche und zusammenhängende berufliche Aufgaben zu lösen und dabei nachzuweisen, dass er die erforderlichen fachtheoretischen Kenntnisse im Kraftfahrzeugtechniker-Handwerk anwendet. Grundlage für den Nachweis bilden die Qualifikationen in den folgenden Handlungsfeldern: <DL Type="arabic"><DT>1.</DT><DD Font="normal"><LA>nach Maßgabe des § 9 „Anforderungen von Kunden eines Betriebs im Kraftfahrzeugtechniker-Handwerk analysieren, Lösungen erarbeiten und anbieten“,</LA></DD><DT>2.</DT><DD Font="normal"><LA>nach Maßgabe des § 10 „Leistungen eines Betriebs im Kraftfahrzeugtechniker-Handwerk erbringen kontrollieren und übergeben“ und</LA></DD><DT>3.</DT><DD Font="normal"><LA>nach Maßgabe des § 11 „Einen Betrieb im Kraftfahrzeugtechniker-Handwerk führen und organisieren“.</LA></DD></DL></P><P>(2) Der Prüfling hat in jedem der drei Handlungsfelder mindestens eine fallbezogene Aufgabe zu bearbeiten, die den Anforderungen des Absatzes 1 entspricht. Bei jeder Aufgabenstellung können die Qualifikationen der drei Handlungsfelder handlungsfeldübergreifend verknüpft werden.</P><P>(3) Die Aufgaben sind schriftlich zu bearbeiten.</P><P>(4) Für die Bearbeitung der Aufgaben stehen dem Prüfling in jedem Handlungsfeld drei Stunden zur Verfügung. Eine Prüfungsdauer von sechs Stunden an einem Tag darf nicht überschritten werden.</P></Content></text></textdaten></norm>
<norm builddate="20220201213029" doknr="BJNR198700019BJNE001000000"><metadaten><jurabk>KfzTechMstrV 2020</jurabk><jurabk>KfzTechMstrV</jurabk><enbez>§ 9</enbez><titel format="XML">Handlungsfeld „Anforderungen von Kunden eines Betriebs im Kraftfahrzeugtechniker-Handwerk analysieren, Lösungen erarbeiten und anbieten“</titel></metadaten><textdaten><text format="XML"><Content><P>(1) Im Handlungsfeld „Anforderungen von Kunden eines Betriebs im Kraftfahrzeugtechniker-Handwerk analysieren, Lösungen erarbeiten und anbieten“ hat der Prüfling nachzuweisen, dass er in der Lage ist, in einem Betrieb im Kraftfahrzeugtechniker-Handwerk Anforderungen erfolgs-, kunden- und qualitätsorientiert, auch unter Anwendung von Informations- und Kommunikationstechnologien, zu analysieren, Lösungen zu planen und anzubieten. Dabei hat er wirtschaftliche, ökologische und ressourceneffiziente Gesichtspunkte sowie die allgemein anerkannten Regeln der Technik zu berücksichtigen. Bei der jeweiligen Aufgabenstellung sollen mehrere der in Absatz 2 genannten Qualifikationen verknüpft werden.</P><P>(2) Das Handlungsfeld „Anforderungen von Kunden eines Betriebs im Kraftfahrzeugtechniker-Handwerk analysieren, Lösungen erarbeiten und anbieten“ besteht aus folgenden Qualifikationen: <DL Type="arabic"><DT>1.</DT><DD Font="normal"><LA>Kundenwünsche und auftragsbezogene Rahmenbedingungen zu deren Erfüllung analysieren und bewerten und daraus Anforderungen ableiten; hierzu zählen insbesondere <DL Type="alpha"><DT>a)</DT><DD Font="normal"><LA>Vorgehensweise zur strukturierten Ermittlung der Kundenwünsche und jeweilige auftragsbezogenen Rahmenbedingungen erläutern und bewerten, insbesondere unter Berücksichtigung von Faktoren für eine zielorientierte Gesprächsführung,</LA></DD><DT>b)</DT><DD Font="normal"><LA>mechanische, pneumatische, hydraulische, elektrische, elektronische und mechatronische Systeme, insbesondere Antriebs-, Brems-, Steuerungs-, Fahrwerks-, Sicherheits-, Komfort-, Assistenz- und Zusatzsysteme, überprüfen und analysieren,</LA></DD><DT>c)</DT><DD Font="normal"><LA>Mess- und Prüfverfahren zur Feststellung der Kundenbeanstandungen an Fahrzeugen erläutern und bewerten sowie</LA></DD><DT>d)</DT><DD Font="normal"><LA>Ergebnisse dokumentieren und bewerten, daraus Anforderungen für die Umsetzung ableiten,</LA></DD></DL></LA></DD><DT>2.</DT><DD Font="normal"><LA>Lösungsmöglichkeiten entwickeln, erläutern und begründen; hierzu zählen insbesondere <DL Type="alpha"><DT>a)</DT><DD Font="normal"><LA>Möglichkeiten und Notwendigkeiten des Einsatzes von Materialien, Bauteilen, Maschinen, Werkzeugen, Geräten und Personal, auch unter Berücksichtigung von Fahrzeugtechnologien, Diagnose-, Überprüfungs- und Instandhaltungstechniken sowie Kommunikations- und Informationstechnologien, entwickeln, erläutern und begründen,</LA></DD><DT>b)</DT><DD Font="normal"><LA>Sicherheits-, Gesundheits- und Haftungsrisiken bewerten und Konsequenzen ableiten,</LA></DD><DT>c)</DT><DD Font="normal"><LA>Hersteller- und Produktinformationen, Schaltpläne und technische Dokumentationen anwenden und bewerten,</LA></DD><DT>d)</DT><DD Font="normal"><LA>Kriterien für die Vergabe von Unteraufträgen festlegen, insbesondere unter Berücksichtigung von Qualität und Rechtsvorschriften, sowie Angebote bewerten und</LA></DD><DT>e)</DT><DD Font="normal"><LA>Vor- und Nachteile verschiedener Lösungsmöglichkeiten im Hinblick auf Anforderungen, kostenbezogene, technische, rechtliche sowie sicherheitsrelevante Gesichtspunkte erläutern und abwägen; Lösung auswählen sowie Auswahl begründen und</LA></DD></DL></LA></DD><DT>3.</DT><DD Font="normal"><LA>Angebote kalkulieren, erstellen und erläutern sowie Leistungen mit dem Kunden vereinbaren; hierzu zählen insbesondere <DL Type="alpha"><DT>a)</DT><DD Font="normal"><LA>Personal-, Material- und Geräteaufwand auf der Grundlage der Planungen kalkulieren,</LA></DD><DT>b)</DT><DD Font="normal"><LA>auf der Grundlage entwickelter Lösungsmöglichkeiten Angebotspositionen bestimmen und zu Angebotspaketen zusammenfassen, Preise kalkulieren,</LA></DD><DT>c)</DT><DD Font="normal"><LA>Vertragsbedingungen unter Berücksichtigung von Haftungsbestimmungen formulieren und beurteilen,</LA></DD><DT>d)</DT><DD Font="normal"><LA>Angebotsunterlagen vorbereiten, Angebote erstellen und</LA></DD><DT>e)</DT><DD Font="normal"><LA>Angebotspositionen und Vertragsbedingungen dem Kunden erläutern und begründen.</LA></DD></DL></LA></DD></DL></P></Content></text></textdaten></norm>
<norm builddate="20220201213029" doknr="BJNR198700019BJNE001100000"><metadaten><jurabk>KfzTechMstrV 2020</jurabk><jurabk>KfzTechMstrV</jurabk><enbez>§ 10</enbez><titel format="XML">Handlungsfeld „Leistungen eines Betriebs im Kraftfahrzeugtechniker-Handwerk erbringen, kontrollieren und übergeben“</titel></metadaten><textdaten><text format="XML"><Content><P>(1) Im Handlungsfeld „Leistungen eines Betriebs im Kraftfahrzeugtechniker-Handwerk erbringen, kontrollieren und übergeben“ hat der Prüfling nachzuweisen, dass er in der Lage ist, Leistungen eines Betriebs im Kraftfahrzeugtechniker-Handwerk erfolgs-, kunden- und qualitätsorientiert, auch unter Anwendung von Informations- und Kommunikationstechnologien, zu erbringen, zu kontrollieren und zu übergeben. Dabei hat er wirtschaftliche, ökologische, ressourceneffiziente, sicherheitsrelevante und ergonomische Gesichtspunkte sowie die allgemein anerkannten Regeln der Technik zu berücksichtigen. Bei der jeweiligen Aufgabenstellung sollen mehrere der in Absatz 2 genannten Qualifikationen verknüpft werden.</P><P>(2) Das Handlungsfeld „Leistungen eines Betriebs im Kraftfahrzeugtechniker-Handwerk erbringen, kontrollieren und übergeben“ besteht aus folgenden Qualifikationen: <DL Type="arabic"><DT>1.</DT><DD Font="normal"><LA>die Erbringung der Leistungen vorbereiten; hierzu zählen insbesondere <DL Type="alpha"><DT>a)</DT><DD Font="normal"><LA>Methoden der Arbeitsplanung und -organisation erläutern, auswählen und Auswahl begründen; dabei unter Berücksichtigung einzusetzender Diagnose- und Instandsetzungsverfahren den Einsatz von Personal, Material, Geräten, Maschinen und Werkzeugen planen,</LA></DD><DT>b)</DT><DD Font="normal"><LA>mögliche Fehler und Störungen, auch in der Zusammenarbeit mit anderen Gewerben, vorhersehen und Auswirkungen bewerten sowie Lösungen entwickeln,</LA></DD><DT>c)</DT><DD Font="normal"><LA>Anwendungshinweise, Hersteller- und Produktinformationen für Fahrzeuge, Geräte, Maschinen, Werkzeuge sowie Bauteile, Materialien und Betriebs-, Hilfs- und Gefahrstoffe auswerten und erläutern sowie</LA></DD><DT>d)</DT><DD Font="normal"><LA>Schaltpläne und technische Dokumentationen anwenden und bewerten,</LA></DD></DL></LA></DD><DT>2.</DT><DD Font="normal"><LA>die Leistungen erbringen; hierzu zählen insbesondere <DL Type="alpha"><DT>a)</DT><DD Font="normal"><LA>berufsbezogene Rechtsvorschriften und technische Normen sowie allgemein anerkannte Regeln der Technik anwenden und beurteilen,</LA></DD><DT>b)</DT><DD Font="normal"><LA>Maßnahmen zur Gefahrenvermeidung und -beseitigung erläutern und Folgen ableiten,</LA></DD><DT>c)</DT><DD Font="normal"><LA>Fehler und Mängel in der Erbringung der Leistungen erläutern sowie Maßnahmen zur Beseitigung ableiten und</LA></DD><DT>d)</DT><DD Font="normal"><LA>Vorgehensweise zur Erbringung von Leistungen, insbesondere die Instandhaltung von Antriebs-, Brems-, Steuerungs-, Fahrwerks-, Sicherheits-, Komfort-, Assistenz- und Zusatzsystemen unter Berücksichtigung von Diagnose- und Instandsetzungsverfahren, erläutern und begründen sowie</LA></DD></DL></LA></DD><DT>3.</DT><DD Font="normal"><LA>die Leistungen kontrollieren, dokumentieren, übergeben und abrechnen; hierzu zählen insbesondere <DL Type="alpha"><DT>a)</DT><DD Font="normal"><LA>Kriterien zur Feststellung der Qualität der erbrachten Leistungen erläutern,</LA></DD><DT>b)</DT><DD Font="normal"><LA>Leistungen dokumentieren,</LA></DD><DT>c)</DT><DD Font="normal"><LA>Mess- und Prüfergebnisse dokumentieren und bewerten,</LA></DD><DT>d)</DT><DD Font="normal"><LA>Vorgehensweise zur Übergabe der Leistungen erläutern und Kunden über Handhabung, Pflege und Wartung informieren,</LA></DD><DT>e)</DT><DD Font="normal"><LA>Leistungen abrechnen,</LA></DD><DT>f)</DT><DD Font="normal"><LA>auftragsbezogene Nachkalkulationen durchführen und Konsequenzen ableiten,</LA></DD><DT>g)</DT><DD Font="normal"><LA>Möglichkeiten der Herstellung von Kundenzufriedenheit und der Kundenbindung erläutern und beurteilen sowie</LA></DD><DT>h)</DT><DD Font="normal"><LA>Auftragserweiterung und Serviceleistungen erläutern und bewerten.</LA></DD></DL></LA></DD></DL></P></Content></text></textdaten></norm>
<norm builddate="20220201213029" doknr="BJNR198700019BJNE001200000"><metadaten><jurabk>KfzTechMstrV 2020</jurabk><jurabk>KfzTechMstrV</jurabk><enbez>§ 11</enbez><titel format="XML">Handlungsfeld „Einen Betrieb im Kraftfahrzeugtechniker-Handwerk führen und organisieren“</titel></metadaten><textdaten><text format="XML"><Content><P>(1) Im Handlungsfeld „Einen Betrieb im Kraftfahrzeugtechniker-Handwerk führen und organisieren“ hat der Prüfling nachzuweisen, dass er in der Lage ist, Aufgaben der Betriebsführung und der Betriebsorganisation in einem Betrieb im Kraftfahrzeugtechniker-Handwerk unter Berücksichtigung der Rechtsvorschriften, auch unter Anwendung von Informations- und Kommunikationstechnologien, wahrzunehmen. Dabei hat er den Nutzen inner- und zwischenbetrieblicher Kooperationen, insbesondere den Nutzen gewerbeübergreifender Zusammenarbeit, zu prüfen und zu bewerten. Bei der jeweiligen Aufgabenstellung sollen mehrere der in Absatz 2 genannten Qualifikationen verknüpft werden.</P><P>(2) Das Handlungsfeld „Einen Betrieb im Kraftfahrzeugtechniker-Handwerk führen und organisieren“ besteht aus folgenden Qualifikationen: <DL Type="arabic"><DT>1.</DT><DD Font="normal"><LA>betriebliche Kosten analysieren und für die Preisgestaltung und Effizienzsteigerung nutzen; hierzu zählen insbesondere <DL Type="alpha"><DT>a)</DT><DD Font="normal"><LA>betriebliche Kosten ermitteln, dabei betriebswirtschaftliche Zusammenhänge berücksichtigen,</LA></DD><DT>b)</DT><DD Font="normal"><LA>betriebliche Kostenstrukturen überprüfen,</LA></DD><DT>c)</DT><DD Font="normal"><LA>betriebliche Kennzahlen ermitteln und vergleichen,</LA></DD><DT>d)</DT><DD Font="normal"><LA>Maßnahmen zur Effizienzsteigerung ableiten und</LA></DD><DT>e)</DT><DD Font="normal"><LA>Stundenverrechnungssätze anhand vorgegebener Kostenstrukturen berechnen,</LA></DD></DL></LA></DD><DT>2.</DT><DD Font="normal"><LA>Marketingmaßnahmen zur Kundengewinnung und -pflege erarbeiten; hierzu zählen insbesondere <DL Type="alpha"><DT>a)</DT><DD Font="normal"><LA>Auswirkungen technologischer, wirtschaftlicher, rechtlicher und gesellschaftlicher Entwicklungen sowie veränderter Kundenanforderungen auf das Leistungsangebot darstellen und begründen,</LA></DD><DT>b)</DT><DD Font="normal"><LA>Möglichkeiten der Auftragsbeschaffung darstellen und Marketingmaßnahmen zur Kundengewinnung und -pflege entwickeln,</LA></DD><DT>c)</DT><DD Font="normal"><LA>Informationen über Produkte und über das Leistungsspektrum des Betriebs im Kraftfahrzeugtechniker-Handwerk erstellen sowie</LA></DD><DT>d)</DT><DD Font="normal"><LA>informations- und kommunikationsgestützte Vertriebswege ermitteln und bewerten,</LA></DD></DL></LA></DD><DT>3.</DT><DD Font="normal"><LA>betriebliches Qualitätsmanagement entwickeln; hierzu zählen insbesondere <DL Type="alpha"><DT>a)</DT><DD Font="normal"><LA>Bedeutung des betrieblichen Qualitätsmanagements darstellen und beurteilen,</LA></DD><DT>b)</DT><DD Font="normal"><LA>Qualitätsmanagementsysteme unterscheiden und beurteilen,</LA></DD><DT>c)</DT><DD Font="normal"><LA>Maßnahmen zur Kontrolle und Dokumentation der Leistungen erläutern, begründen und bewerten, insbesondere unter Berücksichtigung von Qualitätsstandards, Rechtsvorschriften und technischen Normen,</LA></DD><DT>d)</DT><DD Font="normal"><LA>Maßnahmen zur kontinuierlichen Verbesserung von Arbeits- und Geschäftsprozessen festlegen und bewerten sowie</LA></DD><DT>e)</DT><DD Font="normal"><LA>Maßnahmen zur Rückverfolgbarkeit von Produkten erläutern,</LA></DD></DL></LA></DD><DT>4.</DT><DD Font="normal"><LA>Personal unter Berücksichtigung gewerbespezifischer Bedingungen planen und anleiten, Personalentwicklung planen; hierzu zählen insbesondere <DL Type="alpha"><DT>a)</DT><DD Font="normal"><LA>Einsatz von Personal disponieren,</LA></DD><DT>b)</DT><DD Font="normal"><LA>Einsatz von Auszubildenden auf der Grundlage des betrieblichen Ausbildungsplans disponieren,</LA></DD><DT>c)</DT><DD Font="normal"><LA>Methoden zur Anleitung von Personal erläutern,</LA></DD><DT>d)</DT><DD Font="normal"><LA>Qualifikationsbedarfe ermitteln und</LA></DD><DT>e)</DT><DD Font="normal"><LA>Maßnahmen zur fortlaufenden Qualifizierung, insbesondere unter Berücksichtigung des Berufslaufbahnkonzepts im Kraftfahrzeugtechniker-Handwerk planen sowie</LA></DD></DL></LA></DD><DT>5.</DT><DD Font="normal"><LA>Betriebs- und Lagerausstattung sowie Abläufe planen; hierzu zählen insbesondere <DL Type="alpha"><DT>a)</DT><DD Font="normal"><LA>Durchführung einer Gefährdungsbeurteilung erläutern, Folgen aus dem Ergebnis ableiten,</LA></DD><DT>b)</DT><DD Font="normal"><LA>Ausstattung des Betriebes im Kraftfahrzeugtechniker-Handwerk und der Fahrzeuge sowie betriebsspezifische Maßnahmen, insbesondere unter Berücksichtigung der Vorschriften der Unfallverhütung, des Arbeitsschutzes, der Gefahrstoffe, des Gefahrgutes, der Ressourceneffizienz sowie des Umweltschutzes, planen und begründen,</LA></DD><DT>c)</DT><DD Font="normal"><LA>Instandhaltung von Werkzeugen, Geräten, Maschinen und Fahrzeugen planen und dokumentieren unter Beachtung von Wartungs-  und Prüffristen,</LA></DD><DT>d)</DT><DD Font="normal"><LA>Betriebsabläufe planen und verbessern unter Berücksichtigung der Nachfrage, der betrieblichen Auslastung, des Einsatzes von Personal, Material und Werkzeugen, Geräten, Maschinen und Fahrzeugen sowie</LA></DD><DT>e)</DT><DD Font="normal"><LA>Betriebs-, Lager-, Fahrzeug- und Werkstattausstattung unter Berücksichtigung logistischer Aspekte planen.</LA></DD></DL></LA></DD></DL></P></Content></text></textdaten></norm>
<norm builddate="20220201213029" doknr="BJNR198700019BJNE001300000"><metadaten><jurabk>KfzTechMstrV 2020</jurabk><jurabk>KfzTechMstrV</jurabk><enbez>§ 12</enbez><titel format="XML">Gewichtung; Bestehen der Prüfung in Teil II</titel></metadaten><textdaten><text format="XML"><Content><P>(1) Für das Gesamtergebnis der Prüfung in Teil II der Meisterprüfung ist das arithmetische Mittel der Bewertungen der Handlungsfelder nach den §§ 9 bis 11 zu bilden.</P><P>(2) Wurden in höchstens zwei der drei Handlungsfelder jeweils mindestens 30 und weniger als 50 Punkte erreicht, so kann in einem dieser Handlungsfelder eine mündliche Ergänzungsprüfung durchgeführt werden, wenn diese für das Bestehen der Prüfung in Teil II der Meisterprüfung ausschlaggebend ist.</P><P>(3) Der Prüfling hat den Teil II der Meisterprüfung bestanden, wenn <DL Type="arabic"><DT>1.</DT><DD Font="normal"><LA>jedes der Handlungsfelder mit mindestens 30 Punkten bewertet worden ist,</LA></DD><DT>2.</DT><DD Font="normal"><LA>nach durchgeführter Ergänzungsprüfung nach Absatz 2 höchstens ein Handlungsfeld mit weniger als 50 Punkten bewertet worden ist und</LA></DD><DT>3.</DT><DD Font="normal"><LA>das Gesamtergebnis der Prüfung mindestens „ausreichend“ ist.</LA></DD></DL></P></Content></text></textdaten></norm>
<norm builddate="20220201213029" doknr="BJNR198700019BJNE001401128"><metadaten><jurabk>KfzTechMstrV 2020</jurabk><jurabk>KfzTechMstrV</jurabk><enbez>§ 13</enbez><titel format="XML">Allgemeine Prüfungs- und Verfahrensregelungen, weitere Regelungen zur Meisterprüfung</titel></metadaten><textdaten><text format="XML"><Content><P>(1) Die Vorschriften der Meisterprüfungsverfahrensverordnung bleiben unberührt.</P><P>(2) Die Prüfung in den Teilen III und IV der Meisterprüfung bestimmt sich nach der Allgemeinen Meisterprüfungsverordnung vom 26. Oktober 2011 (BGBl. I S. 2149) in der jeweils geltenden Fassung.</P></Content></text><fussnoten/></textdaten></norm>
<norm builddate="20220201213029" doknr="BJNR198700019BJNE001501128"><metadaten><jurabk>KfzTechMstrV 2020</jurabk><jurabk>KfzTechMstrV</jurabk><enbez>§ 14</enbez><titel format="XML">Übergangsvorschrift</titel></metadaten><textdaten><text format="XML"><Content><P>(1) Die bis zum Ablauf des 30. Juni 2020 begonnenen Prüfungsverfahren werden nach den bisherigen Vorschriften zu Ende geführt. Erfolgt die Anmeldung zur Prüfung bis zum Ablauf des 31. Dezember 2021, so sind auf Verlangen des Prüflings die bis zum Ablauf des 30. Juni 2020 geltenden Vorschriften weiter anzuwenden.</P><P>(2) Prüflinge, die die Prüfung nach den bis zum Ablauf des 30. Juni 2020 geltenden Vorschriften nicht bestanden haben und sich bis zum Ablauf des 30. Juni 2023 zu einer Wiederholungsprüfung anmelden, können auf Verlangen die Wiederholungsprüfung nach den bis zum Ablauf des 30. Juni 2020 geltenden Vorschriften ablegen.</P></Content></text><fussnoten/></textdaten></norm>
<norm builddate="20220201213029" doknr="BJNR198700019BJNE001600000"><metadaten><jurabk>KfzTechMstrV 2020</jurabk><jurabk>KfzTechMstrV</jurabk><enbez>§ 15</enbez><titel format="XML">Inkrafttreten, Außerkrafttreten</titel></metadaten><textdaten><text format="XML"><Content><P>Diese Verordnung tritt am 1. Juli 2020 in Kraft. Gleichzeitig tritt die Kraftfahrzeugtechnikermeisterverordnung vom 10. August 2000 (BGBl. I S. 1286), die durch Artikel 1 der Verordnung vom 17. November 2011 (BGBl. I S. 2234) geändert worden ist, außer Kraft.</P></Content></text></textdaten></norm>
</dokumente>