<?xml version="1.0" encoding="UTF-8" ?><!DOCTYPE dokumente SYSTEM "http://www.gesetze-im-internet.de/dtd/1.01/gii-norm.dtd">
<dokumente builddate="20131008093420" doknr="BJNR000450976"><norm builddate="20131008093420" doknr="BJNR000450976"><metadaten><jurabk>OldenbG</jurabk><ausfertigung-datum manuell="ja">1976-01-09</ausfertigung-datum><fundstelle typ="amtlich"><periodikum>BGBl I</periodikum><zitstelle>1976, 45</zitstelle></fundstelle><langue>Gesetz über die Regelung der Landeszugehörigkeit des Verwaltungsbezirks
Oldenburg und des Landkreises Schaumburg-Lippe nach Artikel 29 Abs. 3 Satz 2
des Grundgesetzes</langue></metadaten><textdaten><text format="XML"><Content><P/></Content></text><fussnoten><Content><P>(+++ Textnachweis ab: 14. 1.1976 +++)</P></Content></fussnoten></textdaten></norm>
<norm builddate="20131008093420" doknr="BJNR000450976BJNE000100304"><metadaten><jurabk>OldenbG</jurabk><enbez>Eingangsformel</enbez></metadaten><textdaten><text format="XML"><Content><P>Der Bundestag hat mit der Mehrheit seiner Mitglieder das folgende Gesetz beschlossen:</P></Content></text></textdaten></norm>
<norm builddate="20131008093420" doknr="BJNR000450976BJNE000200304"><metadaten><jurabk>OldenbG</jurabk><enbez>§ 1</enbez></metadaten><textdaten><text format="XML"><Content><P>Der Verwaltungsbezirk Oldenburg und der Landkreis Schaumburg-Lippe - nach dem Gebietsstand vom 9. April 1956 - verbleiben beim Land Niedersachsen.</P></Content></text></textdaten></norm>
<norm builddate="20131008093420" doknr="BJNR000450976BJNE000300304"><metadaten><jurabk>OldenbG</jurabk><enbez>§ 2</enbez></metadaten><textdaten><text format="XML"><Content><P>Dieses Gesetz gilt nach Maßgabe des § 13 Abs. 1 des Dritten Überleitungsgesetzes vom 4. Januar 1952 (Bundesgesetzbl. I S. 1) auch im Land Berlin.</P></Content></text></textdaten></norm>
<norm builddate="20131008093420" doknr="BJNR000450976BJNE000400304"><metadaten><jurabk>OldenbG</jurabk><enbez>§ 3</enbez></metadaten><textdaten><text format="XML"><Content><P>Dieses Gesetz tritt am Tage nach der Verkündung in Kraft.</P></Content></text></textdaten></norm>
</dokumente>