<?xml version="1.0" encoding="UTF-8" ?><!DOCTYPE dokumente SYSTEM "http://www.gesetze-im-internet.de/dtd/1.01/gii-norm.dtd">
<dokumente builddate="20161011221002" doknr="BJNR081420000"><norm builddate="20161011221002" doknr="BJNR081420000"><metadaten><jurabk>EGFinSchAProtG</jurabk><ausfertigung-datum manuell="ja">2000-07-10</ausfertigung-datum><fundstelle typ="amtlich"><periodikum>BGBl II</periodikum><zitstelle>2000, 814 (2007 II 794)</zitstelle></fundstelle><kurzue>EG-Finanzschutz-Auslegungsprotokollgesetz</kurzue><langue>Gesetz zu dem Protokoll vom 29. November 1996 aufgrund von Artikel K.3 des Vertrags über die Europäische Union betreffend die Auslegung des Übereinkommens über den Schutz der finanziellen Interessen der Europäischen Gemeinschaften durch den Gerichtshof der Europäischen Gemeinschaften im Wege der Vorabentscheidung</langue><standangabe checked="ja"><standtyp>Stand</standtyp><standkommentar>Geändert durch Art. 2 G v. 21.10.2002 II 2722; 2016 II 1110</standkommentar></standangabe><standangabe checked="ja"><standtyp>Sonst</standtyp><standkommentar>Art. 2 tritt gem. Art. 3 Satz 2 iVm Abschn. I Bek. v. 27.4.2007 II 794 mWv 17.10.2002 in Kraft</standkommentar></standangabe></metadaten><textdaten><fussnoten><Content><P><BR/> <pre xml:space="preserve">(+++ Textnachweis ab: 13.7.2000 +++)<BR/><BR/></pre></P></Content></fussnoten></textdaten></norm>
<norm builddate="20161011221002" doknr="BJNR081420000BJNE000100305"><metadaten><jurabk>EGFinSchAProtG</jurabk><enbez>Eingangsformel</enbez></metadaten><textdaten><text format="XML"><Content><P>Der Bundestag hat mit Zustimmung des Bundesrates das folgende Gesetz beschlossen:</P></Content></text></textdaten></norm>
<norm builddate="20161011221002" doknr="BJNR081420000BJNE000200305"><metadaten><jurabk>EGFinSchAProtG</jurabk><enbez>Art 1</enbez></metadaten><textdaten><text format="XML"><Content><P>Dem in Brüssel am 29. November 1996 von der Bundesrepublik Deutschland unterzeichneten Protokoll aufgrund von Artikel K.3 des Vertrags über die Europäische Union betreffend die Auslegung des Übereinkommens über den Schutz der finanziellen Interessen der Europäischen Gemeinschaften durch den Gerichtshof der Europäischen Gemeinschaften im Wege der Vorabentscheidung und den hierzu abgegebenen Erklärungen wird zugestimmt. Das Protokoll und die Erklärungen werden nachstehend veröffentlicht.</P></Content></text></textdaten></norm>
<norm builddate="20161011221002" doknr="BJNR081420000BJNE000301377"><metadaten><jurabk>EGFinSchAProtG</jurabk><enbez>Art 2</enbez></metadaten><textdaten><text format="XML"><Content><P>(1) Jedes Gericht kann dem Gerichtshof der Europäischen Gemeinschaften eine Frage zur Vorabentscheidung vorlegen, die sich ihm in einem schwebenden Verfahren stellt, und die sich auf die Auslegung des Übereinkommens über den Schutz der finanziellen Interessen der Europäischen Gemeinschaften, des ersten Protokolls vom 27. September 1996 oder des Zweiten Protokolls vom 19. Juni 1997 zu diesem Übereinkommen bezieht, wenn es eine Entscheidung darüber zum Erlass seiner Entscheidung für erforderlich hält.</P><P>(2) Ein Gericht, dessen Entscheidungen selbst nicht mehr mit Rechtsmitteln des innerstaatlichen Rechts angefochten werden können, hat dem Gerichtshof der Europäischen Gemeinschaften zur Vorabentscheidung Fragen nach Absatz 1 vorzulegen, wenn es eine Entscheidung darüber zum Erlass seiner Entscheidung für erforderlich hält.</P></Content> </text><fussnoten/></textdaten></norm>
<norm builddate="20161011221002" doknr="BJNR081420000BJNE000400305"><metadaten><jurabk>EGFinSchAProtG</jurabk><enbez>Art 3</enbez></metadaten><textdaten><text format="XML"><Content><P>Dieses Gesetz tritt mit Ausnahme des Artikels 2 am Tage seiner Verkündung in Kraft. Artikel 2 tritt an dem Tag in Kraft, an dem das Protokoll nach seinem Artikel 4 Abs. 3 für die Bundesrepublik Deutschland in Kraft tritt. Der Tag des Inkrafttretens ist im Bundesgesetzblatt bekannt zu geben.</P></Content></text><fussnoten/></textdaten></norm>
</dokumente>