<?xml version="1.0" encoding="UTF-8" ?><!DOCTYPE dokumente SYSTEM "http://www.gesetze-im-internet.de/dtd/1.01/gii-norm.dtd">
<dokumente builddate="20230127213028" doknr="BJNR103600009"><norm builddate="20230127213028" doknr="BJNR103600009"><metadaten><jurabk>FlugBelWertV</jurabk><amtabk>FlugBelWertV</amtabk><ausfertigung-datum manuell="ja">2009-04-20</ausfertigung-datum><fundstelle typ="amtlich"><periodikum>BGBl I</periodikum><zitstelle>2009, 1036</zitstelle></fundstelle><kurzue>Flugzeugbeleihungswertermittlungsverordnung</kurzue><langue>Verordnung über die Ermittlung der Beleihungswerte von Flugzeugen nach § 26d Absatz 1 und 2 des Pfandbriefgesetzes</langue><standangabe checked="ja"><standtyp>Stand</standtyp><standkommentar>Geändert durch Art. 7 V v. 4.10.2022 I 1614</standkommentar></standangabe></metadaten><textdaten><fussnoten><Content><P><BR/> <pre xml:space="preserve">(+++ Textnachweis ab: 15.5.2009 +++)<BR/><BR/></pre></P></Content></fussnoten></textdaten></norm>
<norm builddate="20230127213028" doknr="BJNR103600009BJNE000100000"><metadaten><jurabk>FlugBelWertV</jurabk><enbez>Eingangsformel</enbez></metadaten><textdaten><text format="XML"><Content><P>Auf Grund des § 26d Absatz 3 Satz 1 und 2 des Pfandbriefgesetzes, der durch Artikel 1 Nummer 24 des Gesetzes vom 20. März 2009 (BGBl. I S. 607) eingefügt worden ist, verordnet das Bundesministerium der Finanzen im Einvernehmen mit dem Bundesministerium der Justiz nach Anhörung der Spitzenverbände der Kreditwirtschaft:</P></Content></text></textdaten></norm>
<norm builddate="20230127213028" doknr="BJNR103600009BJNG000100000"><metadaten><jurabk>FlugBelWertV</jurabk><gliederungseinheit><gliederungskennzahl>010</gliederungskennzahl><gliederungsbez>Teil 1</gliederungsbez><gliederungstitel>Allgemeine Bestimmungen und Verfahrensgrundsätze</gliederungstitel></gliederungseinheit></metadaten><textdaten/></norm>
<norm builddate="20230127213028" doknr="BJNR103600009BJNE000200000"><metadaten><jurabk>FlugBelWertV</jurabk><enbez>§ 1</enbez><titel format="XML">Anwendungsbereich</titel></metadaten><textdaten><text format="XML"><Content><P>Bei der Ermittlung der Flugzeugbeleihungswerte nach § 26d Absatz 1 und 2 des Pfandbriefgesetzes und bei der Erhebung der für die Wertermittlung erforderlichen Daten sind die Vorschriften dieser Verordnung anzuwenden.</P></Content></text></textdaten></norm>
<norm builddate="20230127213028" doknr="BJNR103600009BJNE000300000"><metadaten><jurabk>FlugBelWertV</jurabk><enbez>§ 2</enbez><titel format="XML">Gegenstand der Wertermittlung</titel></metadaten><textdaten><text format="XML"><Content><P>Gegenstand der Flugzeugbeleihungswertermittlung sind Flugzeuge im Sinne des § 1 Absatz 2 Satz 1 Nummer 1 des Luftverkehrsgesetzes, die in einem öffentlichen Register eingetragen sind.</P></Content></text></textdaten></norm>
<norm builddate="20230127213028" doknr="BJNR103600009BJNE000400000"><metadaten><jurabk>FlugBelWertV</jurabk><enbez>§ 3</enbez><titel format="XML">Grundsatz der Flugzeugbeleihungswertermittlung</titel></metadaten><textdaten><text format="XML"><Content><P>(1) Der Wert, der der Beleihung zugrunde gelegt wird (Flugzeugbeleihungswert), ist der Wert des Flugzeugs, der erfahrungsgemäß unabhängig von vorübergehenden, etwa konjunkturell bedingten Wertschwankungen am maßgeblichen Markt und unter Ausschaltung von spekulativen Elementen bei einer Veräußerung voraussichtlich erzielt werden kann.</P><P>(2) Bei der Ermittlung des Flugzeugbeleihungswerts sind die dauernden Eigenschaften des Flugzeugs, sein Alter und seine Einsatzmöglichkeiten zu berücksichtigen.</P></Content></text></textdaten></norm>
<norm builddate="20230127213028" doknr="BJNR103600009BJNE000500000"><metadaten><jurabk>FlugBelWertV</jurabk><enbez>§ 4</enbez><titel format="XML">Verfahren zur Ermittlung von Beleihungswerten für Flugzeuge</titel></metadaten><textdaten><text format="XML"><Content><P>(1) Zur Ermittlung des Flugzeugbeleihungswerts für ein Flugzeug sind der aktuelle Marktwert (§ 9), der durchschnittliche Marktwert der letzten zehn Jahre (§ 10) sowie der Wert bei ausgeglichenen Marktbedingungen und durchschnittlichem Zustand (§ 11) des zu bewertenden Flugzeugs heranzuziehen.</P><P>(2) Der Flugzeugbeleihungswert darf weder den aktuellen Marktwert des Flugzeugs, den durchschnittlichen Marktwert der letzten zehn Jahre noch den nach § 11 ermittelten Wert bei ausgeglichenen Marktbedingungen und durchschnittlichem Zustand übersteigen. Sind Marktwerte nur für einen kürzeren Zeitraum als zehn Jahre verfügbar, ist der durchschnittliche Marktwert für diesen kürzeren Zeitraum zu ermitteln; in diesen Fällen ist Satz 1 mit der Maßgabe anzuwenden, dass der nach § 11 ermittelte Wert bei ausgeglichenen Marktbedingungen und durchschnittlichem Zustand um 10 Prozent zu mindern ist. Ist für ein Flugzeugmuster kein durchschnittlicher Marktwert ermittelbar, gilt Satz 2 entsprechend.</P><P>(3) Ist ein aktueller Marktwert nach § 9 nicht zu ermitteln, ist ein anderes angemessenes Verfahren anzuwenden. In diesen Fällen darf der Flugzeugbeleihungswert den um 25 Prozent geminderten Wert bei ausgeglichenen Marktbedingungen und durchschnittlichem Zustand nicht überschreiten.</P></Content></text></textdaten></norm>
<norm builddate="20230127213028" doknr="BJNR103600009BJNG000200000"><metadaten><jurabk>FlugBelWertV</jurabk><gliederungseinheit><gliederungskennzahl>020</gliederungskennzahl><gliederungsbez>Teil 2</gliederungsbez><gliederungstitel>Gutachten und Gutachter</gliederungstitel></gliederungseinheit></metadaten><textdaten/></norm>
<norm builddate="20230127213028" doknr="BJNR103600009BJNE000600000"><metadaten><jurabk>FlugBelWertV</jurabk><enbez>§ 5</enbez><titel format="XML">Gutachten</titel></metadaten><textdaten><text format="XML"><Content><P>(1) Der Flugzeugbeleihungswert ist mittels eines Gutachtens zu ermitteln.</P><P>(2) Das Gutachten muss durch einen oder mehrere Gutachter erstellt werden, die von der Pfandbriefbank allgemein oder von Fall zu Fall bestimmt werden. In besonderen Fällen, etwa im Rahmen von Kooperationen oder bei Portfoliokäufen, können für andere Kreditinstitute erstellte Gutachten zugrunde gelegt werden, wenn <DL Type="arabic"><DT>1.</DT><DD Font="normal"><LA>diese Gutachten den Bestimmungen dieser Verordnung entsprechen,</LA></DD><DT>2.</DT><DD Font="normal"><LA>ein nicht mit der Kreditentscheidung befasster, fachlich kundiger Mitarbeiter der Pfandbriefbank eine Plausibilitätsprüfung, auch im Hinblick auf die einzelnen angesetzten Bewertungsparameter, durchführt und</LA></DD><DT>3.</DT><DD Font="normal"><LA>das Ergebnis der Plausibilitätsprüfung dokumentiert wird.</LA></DD></DL>Gutachten, die vom Darlehensnehmer oder Flugzeugeigentümer vorgelegt oder in Auftrag gegeben worden sind, dürfen nicht zugrunde gelegt werden.</P><P>(3) Im Gutachten ist auf die in § 4 genannten Parameter einzugehen.</P><P>(4) Im Gutachten sind das Flugzeugmuster und seine praktische Verwendbarkeit, insbesondere hinsichtlich Nutzlast-Reichweite-Profil, Leistungsdaten und Treibstoffverbrauch, unter Berücksichtigung der vorhandenen Ausrüstung, insbesondere auch in Bezug auf Flugsicherungs- und Navigationsausrüstung, Triebwerkshersteller und Triebwerksvariante sowie Leistungsvariante (Berücksichtigung der höchstzulässigen Abflugmasse), darzustellen. Auf Vorzüge und Mängel des Flugzeugs ist hinzuweisen.</P><P>(5) Bei der Ermittlung des aktuellen Marktwerts, des durchschnittlichen Marktwerts der letzten zehn Jahre sowie des Wertes bei ausgeglichenen Marktbedingungen und durchschnittlichem Zustand kann das Gutachten auf die Schätzung eines im Bereich der Flugzeugwertermittlung tätigen und anerkannten Schätzers Bezug nehmen. Falls eine Besichtigung durch einen anerkannten technischen Sachverständigen vorgenommen worden ist, kann das Gutachten auch auf den Besichtigungsbericht Bezug nehmen.</P></Content></text></textdaten></norm>
<norm builddate="20230127213028" doknr="BJNR103600009BJNE000700000"><metadaten><jurabk>FlugBelWertV</jurabk><enbez>§ 6</enbez><titel format="XML">Besichtigung</titel></metadaten><textdaten><text format="XML"><Content><P>(1) Das zu bewertende Flugzeug ist im Rahmen der Wertermittlung zu besichtigen. Dabei sind sämtliche gemäß den Regelungen der Luftverkehrs-Zulassungs-Ordnung an Bord mitzuführende Flugzeugpapiere einzusehen. Hierbei sind die Ausstattungsmerkmale von Flugzeugzelle, Flugzeugausrüstung und Triebwerken zu ermitteln; der Wartungszustand ist festzustellen. Die Besichtigung kann auch durch einen anerkannten technischen Sachverständigen erfolgen.</P><P>(2) Auf eine Besichtigung kann verzichtet werden, wenn das Flugzeug erstmals abgeliefert und vom Betreiber abgenommen worden ist oder der Pfandbriefbank von dem Flugzeugeigentümer die Wartung im Rahmen eines vom Hersteller und der jeweils zuständigen Luftfahrtbehörde zugelassenen Wartungsprogramms zugesichert und zur Bewertung ein aktueller Wartungsnachweis vorgelegt wird. Aus dem Wartungsnachweis muss sich ergeben, dass das Flugzeug einem von der zuständigen Luftfahrtbehörde zugelassenen Wartungsprogramm unterliegt und von einem von der jeweiligen Luftfahrtbehörde zugelassenen Wartungsbetrieb gewartet wird. Die Wartung im Rahmen eines zugelassenen Wartungsprogramms gilt als zugesichert im Sinne des Satzes 1, wenn das Flugzeug in einem Luftfahrtunternehmen mit der in § 20 Absatz 4 des Luftverkehrsgesetzes genannten Betriebsgenehmigung betrieben wird.</P></Content></text></textdaten></norm>
<norm builddate="20230127213028" doknr="BJNR103600009BJNE000800000"><metadaten><jurabk>FlugBelWertV</jurabk><enbez>§ 7</enbez><titel format="XML">Gutachter</titel></metadaten><textdaten><text format="XML"><Content><P>(1) Der Gutachter muss nach seiner Ausbildung und beruflichen Tätigkeit über besondere Kenntnisse und Erfahrungen auf dem Gebiet der Bewertung von Flugzeugen verfügen. Bei der Auswahl des Gutachters hat sich die Pfandbriefbank davon zu überzeugen, dass der Gutachter neben langjähriger Berufserfahrung in der Bewertung von Flugzeugen speziell über die zur Erstellung von Flugzeugbeleihungswert-Gutachten notwendigen Kenntnisse, insbesondere bezüglich des Flugzeugmarkts, verfügt. Bei Gutachtern, die bei der International Society of Transport Aircraft Trading (ISTAT) zertifiziert sind, gelten die notwendigen Kenntnisse als nachgewiesen.</P><P>(2) Wenn der Gutachter die Besichtigung nicht selbst vornimmt, ist eine technische oder ingenieurmäßige Berufsausbildung nicht erforderlich.</P></Content></text></textdaten></norm>
<norm builddate="20230127213028" doknr="BJNR103600009BJNE000900000"><metadaten><jurabk>FlugBelWertV</jurabk><enbez>§ 8</enbez><titel format="XML">Unabhängigkeit des Gutachters</titel></metadaten><textdaten><text format="XML"><Content><P>(1) Der Gutachter muss sowohl vom Kreditakquisitions- und Kreditentscheidungsprozess als auch von Vermittlung, Verkauf, Vermietung und Vercharterung des zu bewertenden Flugzeugs unabhängig sein. Er darf nicht in einem verwandtschaftlichen, sonstigen rechtlichen oder wirtschaftlichen Verhältnis zum Darlehensnehmer stehen und darf kein eigenes Interesse am Ergebnis des Gutachtens haben. Der Gutachter darf auch nicht den Beleihungswert festsetzen oder den Kredit bearbeiten. Die Sätze 1 bis 3 gelten auch für anerkannte Schätzer oder technische Sachverständige, auf deren Schätzung oder Besichtigungsbericht im Gutachten Bezug genommen wird.</P><P>(2) Gutachten von bei der Pfandbriefbank angestellten Gutachtern dürfen nur dann der Flugzeugbeleihungswertermittlung zugrunde gelegt werden, wenn die betreffenden Gutachter im Rahmen der Aufbauorganisation der Pfandbriefbank nur der Geschäftsleitung verantwortlich sind oder ausschließlich Teil einer Gutachtereinheit sind, die unmittelbar der Geschäftsleitung unterstellt ist, oder Teil einer alle betreffenden Gutachter zusammenfassenden Einheit und auch im Übrigen bis einschließlich der Ebene der Geschäftsleitung nicht einem Bereich der Pfandbriefbank zugeordnet sind, in dem Flugzeugkreditgeschäfte entweder angebahnt oder zum Gegenstand des einzigen Votums gemacht werden.</P></Content></text></textdaten></norm>
<norm builddate="20230127213028" doknr="BJNR103600009BJNG000300000"><metadaten><jurabk>FlugBelWertV</jurabk><gliederungseinheit><gliederungskennzahl>030</gliederungskennzahl><gliederungsbez>Teil 3</gliederungsbez><gliederungstitel>Wertermittlungsverfahren</gliederungstitel></gliederungseinheit></metadaten><textdaten/></norm>
<norm builddate="20230127213028" doknr="BJNR103600009BJNE001000000"><metadaten><jurabk>FlugBelWertV</jurabk><enbez>§ 9</enbez><titel format="XML">Aktueller Marktwert</titel></metadaten><textdaten><text format="XML"><Content><P>(1) Der aktuelle Marktwert ist der geschätzte Betrag, für welchen ein Flugzeug am Bewertungsstichtag zwischen einem verkaufsbereiten Verkäufer und einem kaufbereiten Erwerber unter den gegebenen Marktverhältnissen nach angemessenem Vermarktungszeitraum in einer Transaktion im gewöhnlichen Geschäftsverkehr verkauft werden könnte, wobei jede Partei mit Sachkenntnis, Umsicht und ohne Zwang handelt.</P><P>(2) Für die Ermittlung des aktuellen Marktwerts ist von einem Flugzeug auszugehen, das keinem Leasingvertrag unterliegt. Wenn aus den Verkäufen gleichartiger Flugzeuge ein Basispreis abgeleitet worden ist, ist dieser den Besonderheiten des zu bewertenden Flugzeugs anzupassen.</P></Content></text></textdaten></norm>
<norm builddate="20230127213028" doknr="BJNR103600009BJNE001100000"><metadaten><jurabk>FlugBelWertV</jurabk><enbez>§ 10</enbez><titel format="XML">Durchschnittlicher Marktwert</titel></metadaten><textdaten><text format="XML"><Content><P>(1) Der durchschnittliche Marktwert ist der Durchschnittsbetrag der Marktwerte eines gleichartigen Flugzeugs für die zugrunde zu legenden letzten Kalenderjahre vor dem Jahr der Wertermittlung.</P><P>(2) § 9 Absatz 2 gilt entsprechend.</P></Content></text></textdaten></norm>
<norm builddate="20230127213028" doknr="BJNR103600009BJNE001200000"><metadaten><jurabk>FlugBelWertV</jurabk><enbez>§ 11</enbez><titel format="XML">Wert bei ausgeglichenen Marktbedingungen und durchschnittlichem Zustand</titel></metadaten><textdaten><text format="XML"><Content><P>(1) Der Wert bei ausgeglichenen Marktbedingungen und durchschnittlichem Zustand ist der geschätzte Betrag, für welchen ein Flugzeug am Bewertungsstichtag unter der Annahme eines durchschnittlichen Wartungszustandes und eines durchschnittlichen Gesamtzustandes zwischen einem verkaufsbereiten Verkäufer und einem kaufbereiten Erwerber bei ausgeglichenen Marktverhältnissen nach angemessenem Vermarktungszeitraum in einer Transaktion im gewöhnlichen Geschäftsverkehr verkauft werden könnte, wobei jede Partei mit Sachkenntnis, Umsicht und ohne Zwang handelt.</P><P>(2) § 9 Absatz 2 ist entsprechend anzuwenden.</P></Content></text></textdaten></norm>
<norm builddate="20230127213028" doknr="BJNR103600009BJNG000400000"><metadaten><jurabk>FlugBelWertV</jurabk><gliederungseinheit><gliederungskennzahl>040</gliederungskennzahl><gliederungsbez>Teil 4</gliederungsbez><gliederungstitel>Überprüfung der Flugzeug- beleihungswertermittlung und Inkrafttreten</gliederungstitel></gliederungseinheit></metadaten><textdaten/></norm>
<norm builddate="20230127213028" doknr="BJNR103600009BJNE001301119"><metadaten><jurabk>FlugBelWertV</jurabk><enbez>§ 12</enbez><titel format="XML">Überprüfung der Grundlagen der Flugzeugbeleihungswertermittlung</titel></metadaten><textdaten><text format="XML"><Content><P>(1) Der Flugzeugbeleihungswert ist längstens jährlich zu überwachen. Bestehen Anhaltspunkte, dass sich die Grundlagen der Flugzeugbeleihungswertermittlung nicht nur unerheblich verschlechtert haben, sind diese zu überprüfen. Dies gilt insbesondere dann, wenn das allgemeine Preisniveau auf dem jeweiligen Flugzeugmarkt in einem die Sicherheit der Beleihung gefährdenden Umfang gesunken ist. Eine Überprüfung ist auch dann vorzunehmen, wenn die auf dem Beleihungsobjekt abgesicherte Forderung einen wesentlichen Leistungsrückstand von mindestens 90 Tagen aufweist. Der Flugzeugbeleihungswert ist bei Bedarf zu mindern.</P><P>(2) Soweit nach anderen Vorschriften eine weitergehende Verpflichtung zur Überprüfung des Flugzeugbeleihungswerts besteht, bleibt diese unberührt.</P></Content></text><fussnoten/></textdaten></norm>
<norm builddate="20230127213028" doknr="BJNR103600009BJNE001400000"><metadaten><jurabk>FlugBelWertV</jurabk><enbez>§ 13</enbez><titel format="XML">Inkrafttreten</titel></metadaten><textdaten><text format="XML"><Content><P>Diese Verordnung tritt am Tag nach der Verkündung in Kraft.</P></Content></text></textdaten></norm>
</dokumente>