<?xml version="1.0" encoding="UTF-8" ?><!DOCTYPE dokumente SYSTEM "http://www.gesetze-im-internet.de/dtd/1.01/gii-norm.dtd">
<dokumente builddate="20231107213501" doknr="BJNR0910O0023"><norm builddate="20231107213501" doknr="BJNR0910O0023"><metadaten><jurabk>UNAIDSBüroVbgV</jurabk><ausfertigung-datum manuell="ja">2023-05-25</ausfertigung-datum><fundstelle typ="amtlich"><periodikum>BGBl II</periodikum><zitstelle>2023, Nr. 145</zitstelle></fundstelle><langue>Verordnung zu der Vereinbarung zwischen der Regierung der Bundesrepublik Deutschland und dem Freiwilligenprogramm der Vereinten Nationen (UNV) über die Errichtung eines Büros des Gemeinsamen Programms der Vereinten Nationen für HIV/Aids (UNAIDS) in Bonn</langue><standangabe checked="ja"><standtyp>Aufh</standtyp><standkommentar>Die V tritt gem. Art. 3 Abs. 3 an dem Tag außer Kraft, an dem die Vereinbarung außer Kraft tritt</standkommentar></standangabe></metadaten><textdaten><fussnoten><Content><P><BR/> <pre xml:space="preserve"> <BR/>(+++ Textnachweis ab: 2.6.2023 +++)<BR/><BR/></pre>Vereinbarung in Kraft gem. Bek. v. 3.8.2023 II Nr. 227 mWv 4.7.2023</P></Content></fussnoten></textdaten></norm>
<norm builddate="20231107213501" doknr="BJNR0910O0023BJNE000100000"><metadaten><jurabk>UNAIDSBüroVbgV</jurabk><enbez>Eingangsformel</enbez></metadaten><textdaten><text format="XML"><Content><P>Auf Grund des Artikels 2 Absatz 2 des Gesetzes zu dem Abkommen vom 10. November 1995 zwischen der Bundesrepublik Deutschland und den Vereinten Nationen über den Sitz des Freiwilligenprogramms der Vereinten Nationen (BGBl. 1996 II S. 903) verordnet die Bundesregierung:</P></Content></text></textdaten></norm>
<norm builddate="20231107213501" doknr="BJNR0910O0023BJNE000200000"><metadaten><jurabk>UNAIDSBüroVbgV</jurabk><enbez>Art 1</enbez></metadaten><textdaten><text format="XML"><Content><P>Die durch Notenwechsel vom 17. August 2022 und 3. März 2023 geschlossene Vereinbarung zwischen der Regierung der Bundesrepublik Deutschland und dem Freiwilligenprogramm der Vereinten Nationen über die Errichtung eines Büros des Gemeinsamen Programms der Vereinten Nationen für HIV/Aids (UNAIDS) in Bonn wird hiermit in Kraft gesetzt. Der Notenwechsel wird nachstehend veröffentlicht.</P></Content></text></textdaten></norm>
<norm builddate="20231107213501" doknr="BJNR0910O0023BJNE000300000"><metadaten><jurabk>UNAIDSBüroVbgV</jurabk><enbez>Art 2</enbez></metadaten><textdaten><text format="XML"><Content><P>(1) Gemäß Artikel 4 Absatz 2 des Abkommens vom 10. November 1995 zwischen der Bundesrepublik Deutschland und den Vereinten Nationen über den Sitz des Freiwilligenprogramms der Vereinten Nationen (BGBl. 1996 II S. 903, 905) gilt dieses Abkommen sinngemäß für das Büro von UNAIDS in Bonn.</P><P>(2) Artikel 3 des Gesetzes zu dem Abkommen vom 10. November 1995 zwischen der Bundesrepublik Deutschland und den Vereinten Nationen über den Sitz des Freiwilligenprogramms der Vereinten Nationen (BGBl. 1996 II S. 903) ist in vollem Umfang anzuwenden.</P></Content></text></textdaten></norm>
<norm builddate="20231107213501" doknr="BJNR0910O0023BJNE000400000"><metadaten><jurabk>UNAIDSBüroVbgV</jurabk><enbez>Art 3</enbez></metadaten><textdaten><text format="XML"><Content><P>(1) Diese Verordnung tritt am Tag nach der Verkündung in Kraft.</P><P>(2) Der Tag, an dem die durch Notenwechsel geschlossene Vereinbarung nach der Inkrafttretensklausel derdeutschen Antwortnote in Kraft tritt, ist im Bundesgesetzblatt bekannt zu geben.</P><P>(3) Diese Verordnung tritt an dem Tag außer Kraft, an dem die Vereinbarung außer Kraft tritt. Der Tag des Außerkrafttretens ist im Bundesgesetzblatt bekannt zu geben.</P></Content></text></textdaten></norm>
<norm builddate="20231107213501" doknr="BJNR0910O0023BJNE000500000"><metadaten><jurabk>UNAIDSBüroVbgV</jurabk><enbez>Schlussformel</enbez></metadaten><textdaten><text format="XML"><Content><P>Der Bundesrat hat zugestimmt.</P></Content></text></textdaten></norm>
</dokumente>