<?xml version="1.0" encoding="UTF-8" ?><!DOCTYPE dokumente SYSTEM "http://www.gesetze-im-internet.de/dtd/1.01/gii-norm.dtd">
<dokumente builddate="20151125215648" doknr="BJNR015570987"><norm builddate="20151125215648" doknr="BJNR015570987"><metadaten><jurabk>TierSchKomV</jurabk><ausfertigung-datum manuell="ja">1987-06-23</ausfertigung-datum><fundstelle typ="amtlich"><periodikum>BGBl I</periodikum><zitstelle>1987, 1557</zitstelle></fundstelle><kurzue>Tierschutzkommissions-Verordnung</kurzue><langue>Verordnung über die Tierschutzkommission beim Bundesministerium für Ernährung und Landwirtschaft</langue><standangabe checked="ja"><standtyp>Stand</standtyp><standkommentar>Zuletzt geändert durch Art. 393 V v. 31.8.2015 I 1474</standkommentar></standangabe></metadaten><textdaten><fussnoten><Content><P><BR/> <pre xml:space="preserve">(+++ Textnachweis ab: 1.7.1987 +++)<BR/><BR/></pre>Langüberschrift: IdF d. Art. 376 Nr. 1 V v. 29.10.2001 I 2785 mWv 6.11.2001, d. Art. 418 Nr. 1 V v. 31.10.2006 I 2407 mWv 8.11.2006 u. d. Art. 393 Nr. 1 V v. 31.8.2015 I 1474 mWv 8.9.2015</P></Content></fussnoten></textdaten></norm>
<norm builddate="20151125215648" doknr="BJNR015570987BJNE000100328"><metadaten><jurabk>TierSchKomV</jurabk><enbez>Eingangsformel</enbez></metadaten><textdaten><text format="XML"><Content><P>Auf Grund des § 16b Abs. 2 des Tierschutzgesetzes in der Fassung der Bekanntmachung vom 18. August 1986 (BGBl. I S. 1319) wird verordnet:</P></Content></text></textdaten></norm>
<norm builddate="20151125215648" doknr="BJNR015570987BJNE000204301"><metadaten><jurabk>TierSchKomV</jurabk><enbez>§ 1</enbez><titel format="XML">Aufgaben</titel></metadaten><textdaten><text format="XML"><Content><P>Die Tierschutzkommission berät das Bundesministerium für Ernährung und Landwirtschaft (Bundesministerium) in Fragen des Tierschutzes, insbesondere vor dem Erlaß von Rechtsverordnungen und allgemeinen Verwaltungsvorschriften nach dem Tierschutzgesetz. Auf Ersuchen des Bundesministeriums nimmt sie zu Fällen grundsätzlicher Bedeutung bei der Genehmigung von Versuchsvorhaben nach § 43 der Tierschutz-Versuchstierverordnung Stellung.</P></Content></text><fussnoten/></textdaten></norm>
<norm builddate="20151125215648" doknr="BJNR015570987BJNE000300328"><metadaten><jurabk>TierSchKomV</jurabk><enbez>§ 2</enbez><titel format="parat">Zusammensetzung</titel></metadaten><textdaten><text format="XML"><Content><P>Die Tierschutzkommission besteht aus zwölf Mitgliedern. Ihr gehören an: <BR/>vier Sachverständige überregionaler Tierschutzverbände, <BR/>ein Sachverständiger eines überregionalen Tierhalterverbandes, <BR/>ein Sachverständiger der Deutschen Forschungsgemeinschaft, <BR/>je ein Wissenschaftler aus dem Bereich <DL Font="normal" Type="arabic"><DT/><DD Font="normal"><LA Size="normal">der Geisteswissenschaften,</LA><LA Size="normal">der Verhaltenskunde,</LA><LA Size="normal">der Tierhaltung,</LA><LA Size="normal">der biomedizinischen Grundlagenforschung,</LA><LA Size="normal">der Medizin und</LA><LA Size="normal">der Veterinärmedizin.</LA></DD>      </DL></P></Content></text></textdaten></norm>
<norm builddate="20151125215648" doknr="BJNR015570987BJNE000401377"><metadaten><jurabk>TierSchKomV</jurabk><enbez>§ 3</enbez><titel format="parat">Berufung der Mitglieder</titel></metadaten><textdaten><text format="XML"><Content><P>(1) Die Mitglieder werden vom Bundesministerium für vier Jahre berufen. Wiederberufung ist zulässig.</P><P>(2) Für ein Mitglied, daß vorzeitig ausscheidet, wird ein Ersatzmitglied berufen, dessen Mitgliedschaft zu dem Zeitpunkt endet, an dem die Berufung des ausgeschiedenen Mitglieds nach Absatz 1 Satz 1 geendet hätte.</P></Content> </text><fussnoten/></textdaten></norm>
<norm builddate="20151125215648" doknr="BJNR015570987BJNE000500328"><metadaten><jurabk>TierSchKomV</jurabk><enbez>§ 4</enbez><titel format="parat">Wahl des Vorsitzenden</titel></metadaten><textdaten><text format="XML"><Content><P>Die Mitglieder wählen aus ihrer Mitte mit einfacher Mehrheit den Vorsitzenden und dessen Vertreter.</P></Content></text></textdaten></norm>
<norm builddate="20151125215648" doknr="BJNR015570987BJNE000601377"><metadaten><jurabk>TierSchKomV</jurabk><enbez>§ 5</enbez><titel format="parat">Geschäftsführung</titel></metadaten><textdaten><text format="XML"><Content><P>Das Bundesministerium führt die Geschäfte der Tierschutzkommission und lädt im Benehmen mit dem Vorsitzenden mindestens einmal jährlich zu den Sitzungen ein. Vorschläge des Vorsitzenden im Rahmen des § 1 hat er in die Tagesordnung aufzunehmen.</P></Content></text><fussnoten/></textdaten></norm>
<norm builddate="20151125215648" doknr="BJNR015570987BJNE000706301"><metadaten><jurabk>TierSchKomV</jurabk><enbez>§ 6</enbez><titel format="XML">Beteiligung des Bundesministers und anderer Beauftragter</titel></metadaten><textdaten><text format="XML"><Content><P>Das Bundesministerium und seine Beauftragten und - soweit ihre Belange berührt sind - je ein Beauftragter der Bundesministerien für Wirtschaft und Energie, für Bildung und Forschung und ein Beauftragter der für das Veterinärwesen zuständigen obersten Landesbehörden können jederzeit an den Sitzungen der Tierschutzkommission teilnehmen.</P></Content></text><fussnoten/></textdaten></norm>
<norm builddate="20151125215648" doknr="BJNR015570987BJNE000800328"><metadaten><jurabk>TierSchKomV</jurabk><enbez>§ 7</enbez><titel format="parat">Sachverständige</titel></metadaten><textdaten><text format="XML"><Content><P>Die Tierschutzkommission kann zu ihren Beratungen weitere Sachverständige heranziehen.</P></Content></text></textdaten></norm>
<norm builddate="20151125215648" doknr="BJNR015570987BJNE000900328"><metadaten><jurabk>TierSchKomV</jurabk><enbez>§ 8</enbez><titel format="XML">Ehrenamtliche Tätigkeit
<BR/>
Verfahrensbestimmungen</titel></metadaten><textdaten><text format="XML"><Content><P>(1) Die Mitglieder üben ihre Tätigkeit ehrenamtlich aus.</P><P>(2) Die §§ 83 bis 86, 89 bis 93 des Verwaltungsverfahrensgesetzes gelten entsprechend.</P></Content> </text></textdaten></norm>
<norm builddate="20151125215648" doknr="BJNR015570987BJNE001001377"><metadaten><jurabk>TierSchKomV</jurabk><enbez>§ 9</enbez><titel format="parat">(weggefallen)</titel></metadaten><textdaten><text format="XML"><Content><P>-</P></Content></text><fussnoten/></textdaten></norm>
<norm builddate="20151125215648" doknr="BJNR015570987BJNE001100328"><metadaten><jurabk>TierSchKomV</jurabk><enbez>§ 10</enbez><titel format="parat">Inkrafttreten</titel></metadaten><textdaten><text format="XML"><Content><P>Diese Verordnung tritt am Tage nach der Verkündung in Kraft.</P></Content></text></textdaten></norm>
<norm builddate="20151125215648" doknr="BJNR015570987BJNE001200328"><metadaten><jurabk>TierSchKomV</jurabk><enbez>Schlußformel</enbez></metadaten><textdaten><text format="XML"><Content><P><SP>Der Bundesminister für Ernährung, Landwirtschaft und Forsten</SP></P></Content></text></textdaten></norm>
</dokumente>