<?xml version="1.0" encoding="UTF-8" ?><!DOCTYPE dokumente SYSTEM "http://www.gesetze-im-internet.de/dtd/1.01/gii-norm.dtd">
<dokumente builddate="20220211212503" doknr="BJNR050200016"><norm builddate="20220211212503" doknr="BJNR050200016"><metadaten><jurabk>ProdSG2011V 1</jurabk><amtabk>1. ProdSV</amtabk><ausfertigung-datum manuell="ja">2016-03-17</ausfertigung-datum><fundstelle typ="amtlich"><periodikum>BGBl I</periodikum><zitstelle>2016, 502</zitstelle></fundstelle><kurzue>Verordnung über elektrische Betriebsmittel</kurzue><langue>Erste Verordnung zum Produktsicherheitsgesetz<FnR ID="F793385_01_BJNR050200016"/></langue><standangabe checked="ja"><standtyp>Stand</standtyp><standkommentar>Geändert durch Art. 20 G v. 27.7.2021 I 3146</standkommentar></standangabe><standangabe checked="ja"><standtyp>Sonst</standtyp><standkommentar>Ersetzt V 8053-4-1 v. 11.6.1979 I 629 (TechArbmGV 1)</standkommentar></standangabe></metadaten><textdaten><text format="XML"><Footnotes><Footnote FnZ="1" Group="column" ID="F793385_01_BJNR050200016" Pos="exp"><noindex>Diese Verordnung dient der Umsetzung der Richtlinie 2014/35/EU des Europäischen Parlaments und des Rates vom 26. Februar 2014 zur Harmonisierung der Rechtsvorschriften der Mitgliedstaaten über die Bereitstellung elektrischer Betriebsmittel zur Verwendung innerhalb bestimmter Spannungsgrenzen auf dem Markt (ABl. L 96 vom 29.3.2014, S. 357).</noindex></Footnote></Footnotes></text><fussnoten><Content><P><BR/> <pre xml:space="preserve">(+++ Textnachweis ab: 20.4.2016 +++)<BR/>(+++ Zur Anwendung vgl. § 2 S. 2 +++)<BR/> <BR/>(+++ Amtlicher Hinweis des Normgebers auf EG-Recht:<BR/>     Umsetzung der<BR/>       EURL 35/2104            (CELEX Nr: 32014L0035) +++)<BR/><BR/></pre></P></Content></fussnoten></textdaten></norm>
<norm builddate="20220211212503" doknr="BJNR050200016BJNE000100000"><metadaten><jurabk>ProdSG2011V 1</jurabk><jurabk>1. ProdSV</jurabk><enbez>Eingangsformel</enbez></metadaten><textdaten><text format="XML"><Content><P>Auf Grund des § 8 Absatz 1 des Produktsicherheitsgesetzes vom 8. November 2011 (BGBl. I S. 2178, 2179; 2012 I S. 131), der durch Artikel 435 Nummer 1 der Verordnung vom 31. August 2015 (BGBl. I S. 1474) geändert worden ist, verordnet das Bundesministerium für Arbeit und Soziales im Einvernehmen mit dem Bundesministerium für Wirtschaft und Energie, dem Bundesministerium für Ernährung und Landwirtschaft, dem Bundesministerium für Umwelt, Naturschutz, Bau und Reaktorsicherheit, dem Bundesministerium für Verkehr und digitale Infrastruktur und dem Bundesministerium der Verteidigung nach Anhörung des Ausschusses für Produktsicherheit:</P></Content></text></textdaten></norm>
<norm builddate="20220211212503" doknr="BJNR050200016BJNE000200000"><metadaten><jurabk>ProdSG2011V 1</jurabk><jurabk>1. ProdSV</jurabk><enbez>Inhaltsübersicht</enbez></metadaten><textdaten><text format="XML"><TOC><Ident Class="S0">Abschnitt 1</Ident><Title Align="auto" Class="S0">Allgemeine Vorschriften</Title><table colsep="0" frame="none" pgwide="1" rowsep="0" tocentry="%yes;"><tgroup align="left" char="" charoff="50" cols="2"><colspec colname="col1" colwidth="20*"/><colspec colname="col2" colwidth="140*"/><tbody valign="top"><row><entry VJ="1" colname="col1">§  1</entry><entry VJ="1" colname="col2">Anwendungsbereich</entry></row><row><entry VJ="1" colname="col1">§  2</entry><entry VJ="1" colname="col2">Begriffsbestimmungen</entry></row><row><entry VJ="1" colname="col1">§  3</entry><entry VJ="1" colname="col2">Bereitstellung auf dem Markt</entry></row><row><entry VJ="1" colname="col1">§  4</entry><entry VJ="1" colname="col2">Konformitätsvermutung auf der Grundlage harmonisierter Normen</entry></row><row><entry VJ="1" colname="col1">§  5</entry><entry VJ="1" colname="col2">Konformitätsvermutung auf der Grundlage internationaler Normen</entry></row><row><entry VJ="1" colname="col1">§  6</entry><entry VJ="1" colname="col2">Konformitätsvermutung auf der Grundlage nationaler Normen</entry></row></tbody></tgroup></table><Ident Class="S0">Abschnitt 2</Ident><Title Align="auto" Class="S0">Pflichten der Wirtschaftsakteure</Title><table colsep="0" frame="none" pgwide="1" rowsep="0" tocentry="%yes;"><tgroup align="left" char="" charoff="50" cols="2"><colspec colname="col1" colwidth="20*"/><colspec colname="col2" colwidth="140*"/><tbody valign="top"><row><entry VJ="1" colname="col1">§  7</entry><entry VJ="1" colname="col2">Allgemeine Pflichten des Herstellers</entry></row><row><entry VJ="1" colname="col1">§  8</entry><entry VJ="1" colname="col2">Besondere Kennzeichnungs- und Informationspflichten des Herstellers</entry></row><row><entry VJ="1" colname="col1">§  9</entry><entry VJ="1" colname="col2">Bevollmächtigter des Herstellers</entry></row><row><entry VJ="1" colname="col1">§ 10</entry><entry VJ="1" colname="col2">Allgemeine Pflichten des Einführers</entry></row><row><entry VJ="1" colname="col1">§ 11</entry><entry VJ="1" colname="col2">Besondere Kennzeichnungs- und Informationspflichten des Einführers</entry></row><row><entry VJ="1" colname="col1">§ 12</entry><entry VJ="1" colname="col2">Pflichten des Händlers</entry></row><row><entry VJ="1" colname="col1">§ 13</entry><entry VJ="1" colname="col2">Einführer oder Händler als Hersteller</entry></row><row><entry VJ="1" colname="col1">§ 14</entry><entry VJ="1" colname="col2">Angabe der Wirtschaftsakteure</entry></row></tbody></tgroup></table><Ident Class="S0">Abschnitt 3</Ident><Title Align="auto" Class="S0">Marktüberwachung</Title><table colsep="0" frame="none" pgwide="1" rowsep="0" tocentry="%yes;"><tgroup align="left" char="" charoff="50" cols="2"><colspec colname="col1" colwidth="20*"/><colspec colname="col2" colwidth="140*"/><tbody valign="top"><row><entry VJ="1" colname="col1">§ 15</entry><entry VJ="1" colname="col2">Korrekturmaßnahmen der Wirtschaftsakteure</entry></row><row><entry VJ="1" colname="col1">§ 16</entry><entry VJ="1" colname="col2">Vorläufige Maßnahmen der Marktüberwachungsbehörde</entry></row><row><entry VJ="1" colname="col1">§ 17</entry><entry VJ="1" colname="col2">Konforme elektrische Betriebsmittel, die ein Risiko darstellen</entry></row><row><entry VJ="1" colname="col1">§ 18</entry><entry VJ="1" colname="col2">Formale Nichtkonformität</entry></row></tbody></tgroup></table><Ident Class="S0">Abschnitt 4</Ident><Title Align="auto" Class="S0">Ordnungswidrigkeiten,<BR/>Straftaten und Schlussbestimmungen</Title><table colsep="0" frame="none" pgwide="1" rowsep="0" tocentry="%yes;"><tgroup align="left" char="" charoff="50" cols="2"><colspec colname="col1" colwidth="20*"/><colspec colname="col2" colwidth="140*"/><tbody valign="top"><row><entry VJ="1" colname="col1">§ 19</entry><entry VJ="1" colname="col2">Ordnungswidrigkeiten</entry></row><row><entry VJ="1" colname="col1">§ 20</entry><entry VJ="1" colname="col2">Straftaten</entry></row><row><entry VJ="1" colname="col1">§ 21</entry><entry VJ="1" colname="col2">Übergangsvorschriften</entry></row><row><entry VJ="1" colname="col1">§ 22</entry><entry VJ="1" colname="col2">Inkrafttreten, Außerkrafttreten</entry></row></tbody></tgroup></table></TOC></text></textdaten></norm>
<norm builddate="20220211212503" doknr="BJNR050200016BJNG000100000"><metadaten><jurabk>ProdSG2011V 1</jurabk><jurabk>1. ProdSV</jurabk><gliederungseinheit><gliederungskennzahl>010</gliederungskennzahl><gliederungsbez>Abschnitt 1</gliederungsbez><gliederungstitel>Allgemeine Vorschriften</gliederungstitel></gliederungseinheit></metadaten><textdaten/></norm>
<norm builddate="20220211212503" doknr="BJNR050200016BJNE000300000"><metadaten><jurabk>ProdSG2011V 1</jurabk><jurabk>1. ProdSV</jurabk><enbez>§ 1</enbez><titel format="XML">Anwendungsbereich</titel></metadaten><textdaten><text format="XML"><Content><P>(1) Diese Verordnung ist auf neue elektrische Betriebsmittel, die auf dem Markt bereitgestellt werden, anzuwenden, sofern diese elektrischen Betriebsmittel zur Verwendung bei einer Nennspannung zwischen 50 und 1 000 Volt für Wechselstrom und zwischen 75 und 1 500 Volt für Gleichstrom vorgesehen sind.</P><P>(2) Diese Verordnung ist nicht anzuwenden auf <DL Type="arabic"><DT>1.</DT><DD Font="normal"><LA>elektrische Betriebsmittel zur Verwendung in explosionsfähiger Atmosphäre,</LA></DD><DT>2.</DT><DD Font="normal"><LA>elektro-radiologische und elektro-medizinische Betriebsmittel,</LA></DD><DT>3.</DT><DD Font="normal"><LA>elektrische Teile von Personen- und Lastenaufzügen,</LA></DD><DT>4.</DT><DD Font="normal"><LA>Elektrizitätszähler,</LA></DD><DT>5.</DT><DD Font="normal"><LA>Haushaltssteckvorrichtungen,</LA></DD><DT>6.</DT><DD Font="normal"><LA>Vorrichtungen zur Stromversorgung von elektrischen Weidezäunen,</LA></DD><DT>7.</DT><DD Font="normal"><LA>elektrische Betriebsmittel unter dem Aspekt der Funkentstörung,</LA></DD><DT>8.</DT><DD Font="normal"><LA>spezielle elektrische Betriebsmittel, die zur Verwendung auf Schiffen, in Flugzeugen oder in Eisenbahnen bestimmt sind und den Sicherheitsbestimmungen internationaler Einrichtungen entsprechen, denen die Mitgliedstaaten angehören,</LA></DD><DT>9.</DT><DD Font="normal"><LA>kunden- und anwendungsspezifisch angefertigte Erprobungsmodule, die von Fachleuten ausschließlich in Forschungs- und Entwicklungseinrichtungen für Forschungs- und Entwicklungszwecke verwendet werden.</LA></DD></DL></P></Content></text></textdaten></norm>
<norm builddate="20220211212503" doknr="BJNR050200016BJNE000401126"><metadaten><jurabk>ProdSG2011V 1</jurabk><jurabk>1. ProdSV</jurabk><enbez>§ 2</enbez><titel format="XML">Begriffsbestimmungen</titel></metadaten><textdaten><text format="XML"><Content><P>Im Sinne dieser Verordnung ist <DL Type="arabic"><DT>1.</DT><DD Font="normal"><LA>EU-Konformitätserklärung: eine Erklärung gemäß Artikel 15 der Richtlinie 2014/35/EU des Europäischen Parlaments und des Rates vom 26. Februar 2014 zur Harmonisierung der Rechtsvorschriften der Mitgliedstaaten über die Bereitstellung elektrischer Betriebsmittel zur Verwendung innerhalb bestimmter Spannungsgrenzen auf dem Markt (ABl. L 96 vom 29.3.2014, S. 357),</LA></DD><DT>2.</DT><DD Font="normal"><LA>harmonisierte Norm: eine harmonisierte Norm im Sinne des Artikels 2 Nummer 1 Buchstabe c der Verordnung (EU) Nr. 1025/2012 des Europäischen Parlaments und des Rates vom 25. Oktober 2012 zur europäischen Normung, zur Änderung der Richtlinien 89/686/EWG und 93/15/EWG des Rates sowie der Richtlinien 94/9/EG, 94/25/EG, 95/16/EG, 97/23/EG, 98/34/EG, 2004/22/EG, 2007/23/EG, 2009/23/EG und 2009/105/EG des Europäischen Parlaments und des Rates und zur Aufhebung des Beschlusses 87/95/EWG des Rates und des Beschlusses Nr. 1673/2006/EG des Europäischen Parlaments und des Rates (ABl. L 316 vom 14.11.2012, S. 12),</LA></DD><DT>3.</DT><DD Font="normal"><LA>Hersteller: jede natürliche oder juristische Person, die ein elektrisches Betriebsmittel herstellt oder entwickeln oder herstellen lässt und dieses elektrische Betriebsmittel unter ihrem eigenen Namen oder ihrer eigenen Handelsmarke vermarktet,</LA></DD><DT>4.</DT><DD Font="normal"><LA>technische Spezifikation: ein Dokument, in dem die technischen Anforderungen vorgeschrieben sind, denen ein elektrisches Betriebsmittel genügen muss.</LA></DD></DL>Im Übrigen sind die Begriffsbestimmungen des § 2 des Produktsicherheitsgesetzes vom 27. Juli 2021 (BGBl. I S. 3146) anzuwenden.</P></Content></text><fussnoten/></textdaten></norm>
<norm builddate="20220211212503" doknr="BJNR050200016BJNE000500000"><metadaten><jurabk>ProdSG2011V 1</jurabk><jurabk>1. ProdSV</jurabk><enbez>§ 3</enbez><titel format="XML">Bereitstellung auf dem Markt</titel></metadaten><textdaten><text format="XML"><Content><P>Elektrische Betriebsmittel dürfen nur dann auf dem Markt bereitgestellt werden, wenn sie <DL Type="arabic"><DT>1.</DT><DD Font="normal"><LA>mit den in Anhang I der Richtlinie 2014/35/EU genannten Sicherheitszielen übereinstimmen,</LA></DD><DT>2.</DT><DD Font="normal"><LA>entsprechend dem in der Europäischen Union geltenden Stand der Sicherheitstechnik hergestellt sind und</LA></DD><DT>3.</DT><DD Font="normal"><LA>bei ordnungsgemäßer Installation und Instandhaltung und bei bestimmungsgemäßer Verwendung die Gesundheit und Sicherheit von Menschen, Haus- und Nutztiere sowie Güter nicht gefährden.</LA></DD></DL></P></Content></text></textdaten></norm>
<norm builddate="20220211212503" doknr="BJNR050200016BJNE000600000"><metadaten><jurabk>ProdSG2011V 1</jurabk><jurabk>1. ProdSV</jurabk><enbez>§ 4</enbez><titel format="XML">Konformitätsvermutung auf der Grundlage harmonisierter Normen</titel></metadaten><textdaten><text format="XML"><Content><P>Bei elektrischen Betriebsmitteln, die harmonisierten Normen oder Teilen dieser Normen entsprechen, deren Fundstellen im Amtsblatt der Europäischen Union veröffentlicht worden sind, wird vermutet, dass sie die Anforderungen nach § 3 erfüllen, soweit diese von den betreffenden Normen oder von Teilen dieser Normen abgedeckt sind.</P></Content></text></textdaten></norm>
<norm builddate="20220211212503" doknr="BJNR050200016BJNE000700000"><metadaten><jurabk>ProdSG2011V 1</jurabk><jurabk>1. ProdSV</jurabk><enbez>§ 5</enbez><titel format="XML">Konformitätsvermutung auf der Grundlage internationaler Normen</titel></metadaten><textdaten><text format="XML"><Content><P>Bei elektrischen Betriebsmitteln, die den Sicherheitsbestimmungen der von der Internationalen Elektrotechnischen Kommission festgelegten internationalen Normen entsprechen, deren Fundstellen im Amtsblatt der Europäischen Union veröffentlicht worden sind, wird vermutet, dass sie die Anforderungen nach § 3 erfüllen.</P></Content></text></textdaten></norm>
<norm builddate="20220211212503" doknr="BJNR050200016BJNE000800000"><metadaten><jurabk>ProdSG2011V 1</jurabk><jurabk>1. ProdSV</jurabk><enbez>§ 6</enbez><titel format="XML">Konformitätsvermutung auf der Grundlage nationaler Normen</titel></metadaten><textdaten><text format="XML"><Content><P>Sofern keine harmonisierten Normen nach § 4 und keine internationalen Normen nach § 5 veröffentlicht worden sind, wird bei elektrischen Betriebsmitteln, die entsprechend den Sicherheitsbestimmungen der im herstellenden Mitgliedstaat geltenden Normen hergestellt worden sind, vermutet, dass sie die Anforderungen nach § 3 erfüllen, wenn die im herstellenden Mitgliedstaat geltenden Normen dem deutschen Sicherheitsniveau entsprechen.</P></Content></text></textdaten></norm>
<norm builddate="20220211212503" doknr="BJNR050200016BJNG000200000"><metadaten><jurabk>ProdSG2011V 1</jurabk><jurabk>1. ProdSV</jurabk><gliederungseinheit><gliederungskennzahl>020</gliederungskennzahl><gliederungsbez>Abschnitt 2</gliederungsbez><gliederungstitel>Pflichten der Wirtschaftsakteure</gliederungstitel></gliederungseinheit></metadaten><textdaten/></norm>
<norm builddate="20220211212503" doknr="BJNR050200016BJNE000900000"><metadaten><jurabk>ProdSG2011V 1</jurabk><jurabk>1. ProdSV</jurabk><enbez>§ 7</enbez><titel format="XML">Allgemeine Pflichten des Herstellers</titel></metadaten><textdaten><text format="XML"><Content><P>(1) Der Hersteller stellt sicher, wenn er elektrische Betriebsmittel in den Verkehr bringt, dass sie nach den Anforderungen von § 3 entworfen und hergestellt wurden.</P><P>(2) Der Hersteller darf elektrische Betriebsmittel nur in den Verkehr bringen, wenn die technischen Unterlagen nach Anhang III Nummer 2 der Richtlinie 2014/35/EU erstellt wurden und das Konformitätsbewertungsverfahren nach Anhang III Nummer 1 der Richtlinie 2014/35/EU durchgeführt wurde. Wurde mit dem Konformitätsbewertungsverfahren nachgewiesen, dass das elektrische Betriebsmittel die Anforderungen nach § 3 erfüllt, so stellt der Hersteller für das elektrische Betriebsmittel eine EU-Konformitätserklärung aus und bringt die CE-Kennzeichnung gemäß § 7 des Produktsicherheitsgesetzes an.</P><P>(3) Der Hersteller muss die technischen Unterlagen und die EU-Konformitätserklärung ab dem Inverkehrbringen des elektrischen Betriebsmittels für die Dauer von zehn Jahren für die Marktüberwachungsbehörden bereithalten.</P><P>(4) Der Hersteller hat durch geeignete Verfahren dafür zu sorgen, dass bei Serienfertigung stets Konformität mit den Anforderungen dieser Verordnung sichergestellt ist. Änderungen am Entwurf oder an den Merkmalen eines elektrischen Betriebsmittels sowie Änderungen der in den §§ 4 bis 6 genannten Normen oder anderer technischer Spezifikationen, auf die in der EU-Konformitätserklärung verwiesen wird, sind angemessen zu berücksichtigen.</P><P>(5) Wenn es der Hersteller angesichts der Risiken, die mit einem von ihm auf dem Markt bereitgestellten elektrischen Betriebsmittel verbunden sind, als angemessen betrachtet, nimmt er zum Schutz der Gesundheit und Sicherheit der Endnutzer Stichproben, prüft diese und untersucht Beschwerden hinsichtlich nichtkonformer elektrischer Betriebsmittel. Erforderlichenfalls führt er ein Verzeichnis der Beschwerden sowie der Rückrufe von elektrischen Betriebsmitteln. Der Hersteller hält die Händler über die Überwachungstätigkeiten auf dem Laufenden.</P><P>(6) Hat der Hersteller Grund zu der Annahme, dass ein von ihm in den Verkehr gebrachtes elektrisches Betriebsmittel nicht den Anforderungen dieser Verordnung entspricht, ergreift er unverzüglich die erforderlichen Korrekturmaßnahmen, um die Konformität herzustellen, oder er nimmt das elektrische Betriebsmittel zurück oder ruft es zurück. Sind mit dem elektrischen Betriebsmittel Risiken verbunden, so informiert der Hersteller unverzüglich die Marktüberwachungsbehörden der Mitgliedstaaten der Europäischen Union, in denen er das elektrische Betriebsmittel auf dem Markt bereitgestellt hat, insbesondere über die Risiken, die Art der Nichtkonformität und die ergriffenen Korrekturmaßnahmen.</P></Content></text></textdaten></norm>
<norm builddate="20220211212503" doknr="BJNR050200016BJNE001000000"><metadaten><jurabk>ProdSG2011V 1</jurabk><jurabk>1. ProdSV</jurabk><enbez>§ 8</enbez><titel format="XML">Besondere Kennzeichnungs- und Informationspflichten des Herstellers</titel></metadaten><textdaten><text format="XML"><Content><P>(1) Der Hersteller hat dafür zu sorgen, dass seine elektrischen Betriebsmittel beim Inverkehrbringen eine Typen-, Chargen- oder Seriennummer oder eine andere Information zu ihrer Identifikation tragen. Falls dies aufgrund der Größe oder der Art des elektrischen Betriebsmittels nicht möglich ist, hat der Hersteller dafür zu sorgen, dass die zur Identifikation erforderliche Information auf der Verpackung oder in den dem elektrischen Betriebsmittel beigefügten Unterlagen angegeben wird.</P><P>(2) Der Hersteller hat beim Inverkehrbringen seinen Namen, seinen eingetragenen Handelsnamen oder seine eingetragene Handelsmarke sowie seine Postanschrift auf dem elektrischen Betriebsmittel anzubringen. Falls dies aufgrund der Größe oder der Art des elektrischen Betriebsmittels nicht möglich ist, müssen diese Kontaktdaten auf der Verpackung oder in den dem elektrischen Betriebsmittel beigefügten Unterlagen angegeben werden. Bei der Postanschrift handelt es sich um die Anschrift einer zentralen Stelle, unter der der Hersteller kontaktiert werden kann. Die Kontaktdaten sind in einer Sprache zu verfassen, die von den Endnutzern und den Marktüberwachungsbehörden leicht verstanden werden kann.</P><P>(3) Der Hersteller hat dafür zu sorgen, dass dem elektrischen Betriebsmittel die Betriebsanleitung und die Sicherheitsinformationen in deutscher Sprache beigefügt sind.</P><P>(4) Alle Kennzeichnungen, die Betriebsanleitung und die Sicherheitsinformationen müssen klar, verständlich und deutlich sein.</P><P>(5) Der Hersteller ist verpflichtet, der Marktüberwachungsbehörde auf deren Verlangen alle Informationen und Unterlagen auf Papier oder elektronisch zur Verfügung zu stellen, die für den Nachweis der Konformität des elektrischen Betriebsmittels mit den Anforderungen dieser Verordnung erforderlich sind. Die Informationen und Unterlagen müssen in deutscher Sprache oder in einer Sprache, die von der Marktüberwachungsbehörde leicht verstanden werden kann, abgefasst sein. Der Hersteller arbeitet mit der Marktüberwachungsbehörde auf deren Verlangen bei allen Maßnahmen zur Abwendung von Risiken zusammen, die mit den elektrischen Betriebsmitteln verbunden sind, die er in den Verkehr gebracht hat.</P></Content></text></textdaten></norm>
<norm builddate="20220211212503" doknr="BJNR050200016BJNE001100000"><metadaten><jurabk>ProdSG2011V 1</jurabk><jurabk>1. ProdSV</jurabk><enbez>§ 9</enbez><titel format="XML">Bevollmächtigter des Herstellers</titel></metadaten><textdaten><text format="XML"><Content><P>(1) Der Hersteller kann schriftlich einen Bevollmächtigten benennen.</P><P>(2) Der Bevollmächtigte nimmt die ihm vom Hersteller übertragenen Pflichten für diesen wahr.</P><P>(3) Ein Hersteller, der einen Bevollmächtigten einsetzt, muss diesem mindestens die folgenden Pflichten übertragen: <DL Type="arabic"><DT>1.</DT><DD Font="normal"><LA>die Pflicht, die technischen Unterlagen sowie die EU-Konformitätserklärung nach § 7 Absatz 3 bereitzuhalten,</LA></DD><DT>2.</DT><DD Font="normal"><LA>die Pflicht, der Marktüberwachungsbehörde die Informationen und Unterlagen nach § 8 Absatz 5 zur Verfügung zu stellen, und</LA></DD><DT>3.</DT><DD Font="normal"><LA>die Pflicht, mit der Marktüberwachungsbehörde auf deren Verlangen bei allen Maßnahmen zur Abwendung der Risiken, die mit den elektrischen Betriebsmitteln verbunden sind, die zum Aufgabenbereich des Bevollmächtigten gehören, zusammenzuarbeiten.</LA></DD></DL></P><P>(4) Die Pflicht gemäß § 7 Absatz 1 und die Pflicht zur Erstellung der technischen Unterlagen gemäß § 7 Absatz 2 darf der Hersteller nicht auf einen Bevollmächtigten übertragen.</P></Content></text></textdaten></norm>
<norm builddate="20220211212503" doknr="BJNR050200016BJNE001200000"><metadaten><jurabk>ProdSG2011V 1</jurabk><jurabk>1. ProdSV</jurabk><enbez>§ 10</enbez><titel format="XML">Allgemeine Pflichten des Einführers</titel></metadaten><textdaten><text format="XML"><Content><P>(1) Der Einführer darf nur elektrische Betriebsmittel in den Verkehr bringen, die die Anforderungen dieser Verordnung erfüllen.</P><P>(2) Der Einführer darf ein elektrisches Betriebsmittel erst in den Verkehr bringen, wenn er sichergestellt hat, dass <DL Type="arabic"><DT>1.</DT><DD Font="normal"><LA>der Hersteller das Konformitätsbewertungsverfahren nach Anhang III Nummer 1 der Richtlinie 2014/35/EU durchgeführt hat,</LA></DD><DT>2.</DT><DD Font="normal"><LA>der Hersteller die technischen Unterlagen erstellt hat,</LA></DD><DT>3.</DT><DD Font="normal"><LA>das elektrische Betriebsmittel mit der CE-Kennzeichnung versehen ist,</LA></DD><DT>4.</DT><DD Font="normal"><LA>dem elektrischen Betriebsmittel die Betriebsanleitung und die Sicherheitsinformationen in deutscher Sprache beigefügt sind und</LA></DD><DT>5.</DT><DD Font="normal"><LA>der Hersteller die Pflichten nach § 8 Absatz 1 und 2 erfüllt hat.</LA></DD></DL></P><P>(3) Hat der Einführer Grund zu der Annahme, dass ein elektrisches Betriebsmittel nicht den Anforderungen nach § 3 entspricht, darf er dieses elektrische Betriebsmittel erst in den Verkehr bringen, wenn die Konformität hergestellt ist. Ist mit dem elektrischen Betriebsmittel ein Risiko verbunden, so informiert der Einführer den Hersteller und die Marktüberwachungsbehörden darüber.</P><P>(4) Solange sich ein elektrisches Betriebsmittel im Verantwortungsbereich des Einführers befindet, ist dieser dafür verantwortlich, dass die Lagerungs- und Transportbedingungen die Übereinstimmung des elektrischen Betriebsmittels mit den Anforderungen nach § 3 nicht beeinträchtigen.</P><P>(5) Wenn es der Einführer angesichts der Risiken, die mit einem von ihm auf dem Markt bereitgestellten elektrischen Betriebsmittel verbunden sind, als angemessen betrachtet, nimmt er zum Schutz der Gesundheit und Sicherheit der Endnutzer Stichproben, prüft diese und untersucht Beschwerden hinsichtlich nichtkonformer elektrischer Betriebsmittel. Erforderlichenfalls führt er ein Verzeichnis der Beschwerden sowie der Rückrufe von elektrischen Betriebsmitteln. Der Einführer hält die Händler über diese Überwachungstätigkeiten auf dem Laufenden.</P><P>(6) Hat der Einführer Grund zu der Annahme, dass ein von ihm in den Verkehr gebrachtes elektrisches Betriebsmittel nicht den Anforderungen dieser Verordnung entspricht, ergreift er unverzüglich die erforderlichen Korrekturmaßnahmen, um die Konformität herzustellen, oder er nimmt das elektrische Betriebsmittel zurück oder ruft es zurück. Sind mit dem elektrischen Betriebsmittel Risiken verbunden, so informiert der Einführer unverzüglich die Marktüberwachungsbehörden der Mitgliedstaaten der Europäischen Union, in denen er das elektrische Betriebsmittel auf dem Markt bereitgestellt hat, insbesondere über die Risiken, die Art der Nichtkonformität und die ergriffenen Korrekturmaßnahmen.</P></Content></text></textdaten></norm>
<norm builddate="20220211212503" doknr="BJNR050200016BJNE001300000"><metadaten><jurabk>ProdSG2011V 1</jurabk><jurabk>1. ProdSV</jurabk><enbez>§ 11</enbez><titel format="XML">Besondere Kennzeichnungs- und Informationspflichten des Einführers</titel></metadaten><textdaten><text format="XML"><Content><P>(1) Der Einführer hat beim Inverkehrbringen seinen Namen, seinen eingetragenen Handelsnamen oder seine eingetragene Handelsmarke sowie seine Postanschrift auf dem elektrischen Betriebsmittel anzubringen. Falls dies aufgrund der Größe oder der Art des elektrischen Betriebsmittels nicht möglich ist, müssen diese Kontaktdaten auf der Verpackung oder in den dem elektrischen Betriebsmittel beigefügten Unterlagen angegeben werden. Die Kontaktdaten sind in einer Sprache zu verfassen, die von den Endnutzern und den Marktüberwachungsbehörden leicht verstanden werden kann.</P><P>(2) Der Einführer hat ab dem Inverkehrbringen des elektrischen Betriebsmittels für die Dauer von zehn Jahren eine Kopie der EU-Konformitätserklärung für die Marktüberwachungsbehörde bereitzuhalten und dafür zu sorgen, dass er auf deren Verlangen die technischen Unterlagen vorlegen kann.</P><P>(3) Der Einführer ist verpflichtet, der Marktüberwachungsbehörde auf deren Verlangen alle Informationen und Unterlagen auf Papier oder elektronisch zur Verfügung zu stellen, die für den Nachweis der Konformität des elektrischen Betriebsmittels mit den Anforderungen dieser Verordnung erforderlich sind. Die Informationen und Unterlagen müssen in deutscher Sprache oder in einer Sprache, die von der Marktüberwachungsbehörde leicht verstanden werden kann, abgefasst sein. Der Einführer arbeitet mit der Marktüberwachungsbehörde auf deren Verlangen bei allen Maßnahmen zur Abwendung von Risiken zusammen, die mit den elektrischen Betriebsmitteln verbunden sind, die er in den Verkehr gebracht hat.</P></Content></text></textdaten></norm>
<norm builddate="20220211212503" doknr="BJNR050200016BJNE001400000"><metadaten><jurabk>ProdSG2011V 1</jurabk><jurabk>1. ProdSV</jurabk><enbez>§ 12</enbez><titel format="XML">Pflichten des Händlers</titel></metadaten><textdaten><text format="XML"><Content><P>(1) Der Händler muss die Anforderungen dieser Verordnung mit der gebührenden Sorgfalt berücksichtigen, wenn er ein elektrisches Betriebsmittel auf dem Markt bereitstellt.</P><P>(2) Bevor der Händler ein elektrisches Betriebsmittel auf dem Markt bereitstellt, hat er zu überprüfen, ob <DL Type="arabic"><DT>1.</DT><DD Font="normal"><LA>das elektrische Betriebsmittel mit der CE-Kennzeichnung versehen ist,</LA></DD><DT>2.</DT><DD Font="normal"><LA>dem elektrischen Betriebsmittel die Betriebsanleitung und die Sicherheitsinformationen in deutscher Sprache beigefügt sind und</LA></DD><DT>3.</DT><DD Font="normal"><LA>der Hersteller seine Pflichten nach § 8 Absatz 1 und 2 und der Einführer seine Pflichten nach § 11 Absatz 1 erfüllt hat.</LA></DD></DL></P><P>(3) Hat der Händler Grund zu der Annahme, dass ein elektrisches Betriebsmittel nicht den Anforderungen nach § 3 entspricht, darf er dieses elektrische Betriebsmittel erst auf dem Markt bereitstellen, wenn die Konformität hergestellt ist. Ist mit dem elektrischen Betriebsmittel ein Risiko verbunden, so informiert der Händler außerdem den Hersteller oder den Einführer sowie die Marktüberwachungsbehörden darüber.</P><P>(4) Solange sich ein elektrisches Betriebsmittel im Verantwortungsbereich des Händlers befindet, ist dieser dafür verantwortlich, dass die Lagerungs- und Transportbedingungen die Übereinstimmung des elektrischen Betriebsmittels mit den Anforderungen nach § 3 nicht beeinträchtigen.</P><P>(5) Hat der Händler Grund zu der Annahme, dass ein von ihm auf dem Markt bereitgestelltes elektrisches Betriebsmittel nicht den Anforderungen dieser Verordnung entspricht, hat er sicherzustellen, dass die erforderlichen Maßnahmen ergriffen werden, um die Konformität herzustellen, oder dass das elektrische Betriebsmittel zurückgenommen oder zurückgerufen wird. Sind mit dem elektrischen Betriebsmittel Risiken verbunden, so informiert der Händler unverzüglich die Marktüberwachungsbehörden der Mitgliedstaaten, in denen er das elektrische Betriebsmittel auf dem Markt bereitgestellt hat, insbesondere über die Risiken, die Art der Nichtkonformität und die ergriffenen Korrekturmaßnahmen.</P><P>(6) Der Händler ist verpflichtet, der Marktüberwachungsbehörde auf deren Verlangen alle Informationen und Unterlagen auf Papier oder elektronisch zur Verfügung zu stellen, die für den Nachweis der Konformität des elektrischen Betriebsmittels mit den Anforderungen dieser Verordnung erforderlich sind. Der Händler arbeitet mit der Marktüberwachungsbehörde auf deren Verlangen bei allen Maßnahmen zur Abwendung von Risiken zusammen, die mit den elektrischen Betriebsmitteln verbunden sind, die er auf dem Markt bereitgestellt hat.</P></Content></text></textdaten></norm>
<norm builddate="20220211212503" doknr="BJNR050200016BJNE001500000"><metadaten><jurabk>ProdSG2011V 1</jurabk><jurabk>1. ProdSV</jurabk><enbez>§ 13</enbez><titel format="XML">Einführer oder Händler als Hersteller</titel></metadaten><textdaten><text format="XML"><Content><P>Auf einen Einführer oder einen Händler sind die §§ 7 und 8 entsprechend anzuwenden, wenn er <DL Type="arabic"><DT>1.</DT><DD Font="normal"><LA>ein elektrisches Betriebsmittel unter eigenem Namen oder eigener Handelsmarke in den Verkehr bringt oder</LA></DD><DT>2.</DT><DD Font="normal"><LA>ein auf dem Markt befindliches elektrisches Betriebsmittel so verändert, dass die Konformität mit den Anforderungen dieser Verordnung beeinträchtigt werden kann.</LA></DD></DL></P></Content></text></textdaten></norm>
<norm builddate="20220211212503" doknr="BJNR050200016BJNE001600000"><metadaten><jurabk>ProdSG2011V 1</jurabk><jurabk>1. ProdSV</jurabk><enbez>§ 14</enbez><titel format="XML">Angabe der Wirtschaftsakteure</titel></metadaten><textdaten><text format="XML"><Content><P>(1) Der Wirtschaftsakteur nennt den Marktüberwachungsbehörden auf deren Verlangen die Wirtschaftsakteure, <DL Type="arabic"><DT>1.</DT><DD Font="normal"><LA>von denen er ein elektrisches Betriebsmittel bezogen hat und</LA></DD><DT>2.</DT><DD Font="normal"><LA>an die er ein elektrisches Betriebsmittel abgegeben hat.</LA></DD></DL></P><P>(2) Der Wirtschaftsakteur muss die Angaben nach Absatz 1 für die Dauer von zehn Jahren nach dem Bezug des elektrischen Betriebsmittels sowie nach der Abgabe des elektrischen Betriebsmittels vorlegen können.</P></Content></text></textdaten></norm>
<norm builddate="20220211212503" doknr="BJNR050200016BJNG000300000"><metadaten><jurabk>ProdSG2011V 1</jurabk><jurabk>1. ProdSV</jurabk><gliederungseinheit><gliederungskennzahl>030</gliederungskennzahl><gliederungsbez>Abschnitt 3</gliederungsbez><gliederungstitel>Marktüberwachung</gliederungstitel></gliederungseinheit></metadaten><textdaten/></norm>
<norm builddate="20220211212503" doknr="BJNR050200016BJNE001700000"><metadaten><jurabk>ProdSG2011V 1</jurabk><jurabk>1. ProdSV</jurabk><enbez>§ 15</enbez><titel format="XML">Korrekturmaßnahmen der Wirtschaftsakteure</titel></metadaten><textdaten><text format="XML"><Content><P>(1) Hat die Marktüberwachungsbehörde Grund zu der Annahme, dass ein elektrisches Betriebsmittel ein Risiko für die Gesundheit oder Sicherheit von Menschen oder für Haus- und Nutztiere oder Güter darstellt, so beurteilt sie, ob das elektrische Betriebsmittel die Anforderungen dieser Verordnung erfüllt. Die Wirtschaftsakteure sind verpflichtet, zu diesem Zweck im erforderlichen Umfang mit den Marktüberwachungsbehörden zusammenzuarbeiten.</P><P>(2) Gelangt die Marktüberwachungsbehörde zu dem Ergebnis, dass das elektrische Betriebsmittel die Anforderungen dieser Verordnung nicht erfüllt, fordert sie unverzüglich den betreffenden Wirtschaftsakteur auf, innerhalb einer von ihr festgesetzten, der Art des Risikos angemessenen Frist alle geeigneten Korrekturmaßnahmen zu ergreifen, um die Übereinstimmung des elektrischen Betriebsmittels mit diesen Anforderungen herzustellen, oder das elektrische Betriebsmittel zurückzunehmen oder zurückzurufen.</P><P>(3) Hat die Marktüberwachungsbehörde Grund zu der Annahme, dass die beanstandeten elektrischen Betriebsmittel auch in anderen Mitgliedstaaten der Europäischen Union auf dem Markt bereitgestellt werden, informiert sie die Bundesanstalt für Arbeitsschutz und Arbeitsmedizin über das Ergebnis der Beurteilung nach Absatz 1 und die Maßnahmen, die zu ergreifen sie den Wirtschaftsakteur aufgefordert hat. Die Bundesanstalt für Arbeitsschutz und Arbeitsmedizin leitet die Informationen der Marktüberwachungsbehörde unverzüglich der Europäischen Kommission und den übrigen Mitgliedstaaten der Europäischen Union zu.</P><P>(4) Der Wirtschaftsakteur gewährleistet, dass sich die Korrekturmaßnahmen, die er ergreift, auf sämtliche betroffenen elektrischen Betriebsmittel erstrecken, die er in der Europäischen Union auf dem Markt bereitgestellt hat.</P></Content></text></textdaten></norm>
<norm builddate="20220211212503" doknr="BJNR050200016BJNE001800000"><metadaten><jurabk>ProdSG2011V 1</jurabk><jurabk>1. ProdSV</jurabk><enbez>§ 16</enbez><titel format="XML">Vorläufige Maßnahmen der Marktüberwachungsbehörde</titel></metadaten><textdaten><text format="XML"><Content><P>(1) Ergreift der Wirtschaftsakteur innerhalb der nach § 15 Absatz 2 Satz 1 festgesetzten Frist keine geeigneten Korrekturmaßnahmen, so trifft die Marktüberwachungsbehörde alle geeigneten vorläufigen Maßnahmen, um die Bereitstellung des elektrischen Betriebsmittels auf dem Markt einzuschränken, oder sie untersagt die Bereitstellung auf dem Markt oder sorgt dafür, dass das elektrische Betriebsmittel zurückgenommen oder zurückgerufen wird.</P><P>(2) Hat die Marktüberwachungsbehörde Grund zu der Annahme, dass die beanstandeten elektrischen Betriebsmittel auch in anderen Mitgliedstaaten der Europäischen Union auf dem Markt bereitgestellt werden, informiert sie die Bundesanstalt für Arbeitsschutz und Arbeitsmedizin unverzüglich über die vorläufigen Maßnahmen nach Absatz 1. Die Bundesanstalt für Arbeitsschutz und Arbeitsmedizin leitet die Informationen der Marktüberwachungsbehörde unverzüglich der Europäischen Kommission und den übrigen Mitgliedstaaten der Europäischen Union zu.</P><P>(3) Die Informationen der Marktüberwachungsbehörde gemäß Absatz 2 Satz 1 müssen alle verfügbaren Angaben enthalten, insbesondere die Daten für die Identifizierung des betreffenden elektrischen Betriebsmittels, dessen Herkunft, die Art der behaupteten Nichtkonformität und des Risikos sowie die Art und Dauer der ergriffenen vorläufigen Maßnahmen sowie die Argumente des betreffenden Wirtschaftsakteurs. Die Marktüberwachungsbehörde gibt insbesondere an, ob die Nichtkonformität darauf zurückzuführen ist, dass <DL Type="arabic"><DT>1.</DT><DD Font="normal"><LA>das elektrische Betriebsmittel die Anforderungen nach § 3 nicht erfüllt oder</LA></DD><DT>2.</DT><DD Font="normal"><LA>die in den §§ 4 bis 6 genannten Normen, bei deren Einhaltung eine Konformitätsvermutung gilt, mangelhaft sind.</LA></DD></DL></P><P>(4) Wird die Marktüberwachungsbehörde von der Bundesanstalt für Arbeitsschutz und Arbeitsmedizin darüber informiert, dass in einem anderen Mitgliedstaat der Europäischen Union eine vorläufige Maßnahme nach Artikel 19 Absatz 4 der Richtlinie 2014/35/EU getroffen wurde, trifft die Marktüberwachungsbehörde, sofern sie diese Maßnahme für gerechtfertigt hält, alle geeigneten vorläufigen Maßnahmen nach Absatz 1. Sie informiert die Bundesanstalt für Arbeitsschutz und Arbeitsmedizin darüber sowie über alle weiteren ihr vorliegenden Informationen hinsichtlich der Nichtkonformität des elektrischen Betriebsmittels. Sofern die Marktüberwachungsbehörde die von dem anderen Mitgliedstaat getroffene vorläufige Maßnahme nicht für gerechtfertigt hält, informiert sie die Bundesanstalt für Arbeitsschutz und Arbeitsmedizin innerhalb von zwei Monaten darüber und gibt ihre Einwände an. Die Bundesanstalt für Arbeitsschutz und Arbeitsmedizin leitet die Informationen gemäß den Sätzen 2 und 3 unverzüglich der Europäischen Kommission und den übrigen Mitgliedstaaten der Europäischen Union zu.</P><P>(5) Liegen der Marktüberwachungsbehörde innerhalb von drei Monaten nach einer Information gemäß Absatz 2 Satz 1 oder nach Erhalt einer Information gemäß Absatz 4 Satz 1 keine Informationen über einen Einwand gegen eine von ihr oder einem anderen Mitgliedstaat der Europäischen Union getroffene vorläufige Maßnahme vor, so gilt diese vorläufige Maßnahme als gerechtfertigt. Die Marktüberwachungsbehörde trifft in diesem Fall unverzüglich geeignete beschränkende Maßnahmen, wie etwa die Rücknahme des elektrischen Betriebsmittels.</P></Content></text></textdaten></norm>
<norm builddate="20220211212503" doknr="BJNR050200016BJNE001900000"><metadaten><jurabk>ProdSG2011V 1</jurabk><jurabk>1. ProdSV</jurabk><enbez>§ 17</enbez><titel format="XML">Konforme elektrische Betriebsmittel, die ein Risiko darstellen</titel></metadaten><textdaten><text format="XML"><Content><P>(1) Stellt die Marktüberwachungsbehörde im Rahmen einer Beurteilung nach § 15 Absatz 1 fest, dass ein elektrisches Betriebsmittel ein Risiko für die Gesundheit oder Sicherheit von Menschen oder für Haus- und Nutztiere oder Güter darstellt, obwohl das elektrische Betriebsmittel den Anforderungen dieser Verordnung genügt, so fordert sie den betreffenden Wirtschaftsakteur dazu auf, innerhalb einer der Art des Risikos angemessenen Frist alle geeigneten Korrekturmaßnahmen zu ergreifen, um dafür zu sorgen, dass das elektrische Betriebsmittel beim Inverkehrbringen kein Risiko mehr darstellt oder dass das elektrische Betriebsmittel zurückgenommen oder zurückgerufen wird.</P><P>(2) Die Marktüberwachungsbehörde informiert die Bundesanstalt für Arbeitsschutz und Arbeitsmedizin über die Feststellung und die Maßnahmen, die zu ergreifen sie den Wirtschaftsakteur aufgefordert hat. Die Information umfasst alle verfügbaren Angaben, insbesondere die Daten für die Identifizierung des betreffenden elektrischen Betriebsmittels, dessen Herkunft, dessen Lieferkette, die Art des Risikos sowie die Art und Dauer der ergriffenen Maßnahmen.</P><P>(3) Der Wirtschaftsakteur gewährleistet, dass sich die Korrekturmaßnahmen, die er ergreift, auf sämtliche betroffenen elektrischen Betriebsmittel erstrecken, die er in der Europäischen Union auf dem Markt bereitgestellt hat.</P><P>(4) Die Bundesanstalt für Arbeitsschutz und Arbeitsmedizin leitet die Information gemäß Absatz 2 unverzüglich der Europäischen Kommission und den übrigen Mitgliedstaaten der Europäischen Union zu.</P></Content></text></textdaten></norm>
<norm builddate="20220211212503" doknr="BJNR050200016BJNE002000000"><metadaten><jurabk>ProdSG2011V 1</jurabk><jurabk>1. ProdSV</jurabk><enbez>§ 18</enbez><titel format="XML">Formale Nichtkonformität</titel></metadaten><textdaten><text format="XML"><Content><P>(1) Unabhängig von den Korrekturmaßnahmen nach § 15 fordert die Marktüberwachungsbehörde den betreffenden Wirtschaftsakteur dazu auf, die folgenden Fälle der Nichtkonformität zu korrigieren: <DL Type="arabic"><DT>1.</DT><DD Font="normal"><LA>die CE-Kennzeichnung wurde nicht oder unter Verletzung von § 7 des Produktsicherheitsgesetzes angebracht,</LA></DD><DT>2.</DT><DD Font="normal"><LA>die EU-Konformitätserklärung wurde nicht oder nicht ordnungsgemäß ausgestellt,</LA></DD><DT>3.</DT><DD Font="normal"><LA>die technischen Unterlagen sind nicht verfügbar oder nicht vollständig,</LA></DD><DT>4.</DT><DD Font="normal"><LA>die Angaben des Herstellers gemäß § 8 Absatz 2 oder des Einführers gemäß § 11 Absatz 1 fehlen, sind falsch oder unvollständig oder</LA></DD><DT>5.</DT><DD Font="normal"><LA>eine andere formale Anforderung nach den §§ 7, 8, 10 oder § 11 ist nicht erfüllt.</LA></DD></DL></P><P>(2) Besteht die Nichtkonformität gemäß Absatz 1 weiter, trifft die Marktüberwachungsbehörde alle geeigneten Maßnahmen, um die Bereitstellung des elektrischen Betriebsmittels auf dem Markt einzuschränken, oder sie untersagt die Bereitstellung auf dem Markt oder sorgt dafür, dass das elektrische Betriebsmittel zurückgerufen oder zurückgenommen wird.</P></Content></text></textdaten></norm>
<norm builddate="20220211212503" doknr="BJNR050200016BJNG000400000"><metadaten><jurabk>ProdSG2011V 1</jurabk><jurabk>1. ProdSV</jurabk><gliederungseinheit><gliederungskennzahl>040</gliederungskennzahl><gliederungsbez>Abschnitt 4</gliederungsbez><gliederungstitel>Ordnungswidrigkeiten, Straftaten und Schlussbestimmungen</gliederungstitel></gliederungseinheit></metadaten><textdaten/></norm>
<norm builddate="20220211212503" doknr="BJNR050200016BJNE002101126"><metadaten><jurabk>ProdSG2011V 1</jurabk><jurabk>1. ProdSV</jurabk><enbez>§ 19</enbez><titel format="XML">Ordnungswidrigkeiten</titel></metadaten><textdaten><text format="XML"><Content><P>(1) Ordnungswidrig im Sinne des § 28 Absatz 1 Nummer 7 Buchstabe a des Produktsicherheitsgesetzes handelt, wer vorsätzlich oder fahrlässig <DL Type="arabic"><DT>1.</DT><DD Font="normal"><LA>entgegen § 7 Absatz 2 Satz 1 ein elektrisches Betriebsmittel in den Verkehr bringt,</LA></DD><DT>2.</DT><DD Font="normal"><LA>entgegen § 8 Absatz 1 Satz 1 nicht dafür sorgt, dass ein elektrisches Betriebsmittel eine dort genannte Nummer oder eine andere Information trägt,</LA></DD><DT>3.</DT><DD Font="normal"><LA>entgegen § 8 Absatz 1 Satz 2 nicht dafür sorgt, dass eine dort genannte Information angegeben wird,</LA></DD><DT>4.</DT><DD Font="normal"><LA>entgegen § 8 Absatz 2 Satz 1 oder § 11 Absatz 1 Satz 1 dort genannte Daten nicht, nicht richtig, nicht vollständig oder nicht rechtzeitig anbringt,</LA></DD><DT>5.</DT><DD Font="normal"><LA>entgegen § 8 Absatz 3 nicht dafür sorgt, dass einem elektrischen Betriebsmittel eine Betriebsanleitung und die Sicherheitsinformationen beigefügt sind, oder</LA></DD><DT>6.</DT><DD Font="normal"><LA>entgegen § 10 Absatz 2 Nummer 1, 3 oder Nummer 4 ein elektrisches Betriebsmittel in den Verkehr bringt.</LA></DD></DL></P><P>(2) Ordnungswidrig im Sinne des § 28 Absatz 1 Nummer 7 Buchstabe b des Produktsicherheitsgesetzes handelt, wer vorsätzlich oder fahrlässig <DL Type="arabic"><DT>1.</DT><DD Font="normal"><LA>entgegen § 7 Absatz 3, auch in Verbindung mit § 9 Absatz 3 Nummer 1, oder entgegen § 11 Absatz 2 eine technische Unterlage, eine EU-Konformitätserklärung oder eine dort genannte Kopie nicht oder nicht mindestens zehn Jahre bereithält,</LA></DD><DT>2.</DT><DD Font="normal"><LA>entgegen § 8 Absatz 5 Satz 1, auch in Verbindung mit § 9 Absatz 3 Nummer 2, entgegen § 11 Absatz 3 Satz 1 oder § 12 Absatz 6 Satz 1 eine Information oder eine Unterlage nicht, nicht richtig, nicht vollständig, nicht in der vorgeschriebenen Weise oder nicht rechtzeitig zur Verfügung stellt oder</LA></DD><DT>3.</DT><DD Font="normal"><LA>entgegen § 14 Absatz 1 einen Wirtschaftsakteur nicht oder nicht rechtzeitig nennt.</LA></DD></DL></P></Content></text><fussnoten/></textdaten></norm>
<norm builddate="20220211212503" doknr="BJNR050200016BJNE002201126"><metadaten><jurabk>ProdSG2011V 1</jurabk><jurabk>1. ProdSV</jurabk><enbez>§ 20</enbez><titel format="XML">Straftaten</titel></metadaten><textdaten><text format="XML"><Content><P>Wer eine in § 19 Absatz 1 bezeichnete vorsätzliche Handlung beharrlich wiederholt oder durch eine solche vorsätzliche Handlung Leben oder Gesundheit eines anderen oder fremde Sachen von bedeutendem Wert gefährdet, ist nach § 29 des Produktsicherheitsgesetzes strafbar.</P></Content></text><fussnoten/></textdaten></norm>
<norm builddate="20220211212503" doknr="BJNR050200016BJNE002300000"><metadaten><jurabk>ProdSG2011V 1</jurabk><jurabk>1. ProdSV</jurabk><enbez>§ 21</enbez><titel format="XML">Übergangsvorschriften</titel></metadaten><textdaten><text format="XML"><Content><P>Elektrische Betriebsmittel, die die Anforderungen der Richtlinie 2006/95/EG des Europäischen Parlaments und des Rates vom 12. Dezember 2006 zur Angleichung der Rechtsvorschriften der Mitgliedstaaten betreffend elektrische Betriebsmittel zur Verwendung innerhalb bestimmter Spannungsgrenzen (ABl. L 374 vom 27.12.2006, S. 10), die durch die Richtlinie <NB>2014/35/EU</NB> aufgehoben worden ist, erfüllen und vor dem 20. April 2016 in den Verkehr gebracht wurden, dürfen auf dem Markt bereitgestellt werden.</P></Content></text></textdaten></norm>
<norm builddate="20220211212503" doknr="BJNR050200016BJNE002400000"><metadaten><jurabk>ProdSG2011V 1</jurabk><jurabk>1. ProdSV</jurabk><enbez>§ 22</enbez><titel format="XML">Inkrafttreten, Außerkrafttreten</titel></metadaten><textdaten><text format="XML"><Content><P>Diese Verordnung tritt am 20. April 2016 in Kraft. Gleichzeitig tritt die Verordnung über die Bereitstellung elektrischer Betriebsmittel zur Verwendung innerhalb bestimmter Spannungsgrenzen auf dem Markt vom 11. Juni 1979 (BGBl. I S. 629), die zuletzt durch Artikel 15 des Gesetzes vom 8. November 2011 (BGBl. I S. 2178) geändert worden ist, außer Kraft.</P></Content></text></textdaten></norm>
<norm builddate="20220211212503" doknr="BJNR050200016BJNE002500000"><metadaten><jurabk>ProdSG2011V 1</jurabk><jurabk>1. ProdSV</jurabk><enbez>Schlussformel</enbez></metadaten><textdaten><text format="XML"><Content><P>Der Bundesrat hat zugestimmt.</P></Content></text></textdaten></norm>
</dokumente>