<?xml version="1.0" encoding="UTF-8" ?><!DOCTYPE dokumente SYSTEM "http://www.gesetze-im-internet.de/dtd/1.01/gii-norm.dtd">
<dokumente builddate="20170816221107" doknr="BJNR277900001"><norm builddate="20170816221107" doknr="BJNR277900001"><metadaten><jurabk>LAP-hDBiblV</jurabk><amtabk>LAP-hDBiblV</amtabk><ausfertigung-datum manuell="ja">2001-10-25</ausfertigung-datum><fundstelle typ="amtlich"><periodikum>BGBl I</periodikum><zitstelle>2001, 2779</zitstelle></fundstelle><langue>Verordnung über die Laufbahn, Ausbildung und Prüfung für den höheren Dienst an wissenschaftlichen Bibliotheken des Bundes</langue><standangabe checked="ja"><standtyp>Stand</standtyp><standkommentar>Zuletzt geändert durch Art. 17 G v. 29.3.2017 I 626</standkommentar></standangabe></metadaten><textdaten><fussnoten><Content><P><BR/> <pre xml:space="preserve">(+++ Textnachweis ab: 7.11.2001 +++)<BR/><BR/></pre></P></Content></fussnoten></textdaten></norm>
<norm builddate="20170816221107" doknr="BJNR277900001BJNE002700000"><metadaten><jurabk>LAP-hDBiblV</jurabk><enbez>Eingangsformel</enbez></metadaten><textdaten><text format="XML"><Content><P>Auf Grund des § 15 Abs. 1 Nr. 2 des Bundesbeamtengesetzes in der Fassung der Bekanntmachung vom 31. März 1999 (BGBl. I S. 675) in Verbindung mit § 2 Abs. 4 der Bundeslaufbahnverordnung in der Fassung der Bekanntmachung vom 8. März 1990 (BGBl. I S. 449, 863), der durch Artikel 1 Nr. 1 Buchstabe b der Verordnung vom 15. April 1999 (BGBl. I S. 706) neu gefasst worden ist, verordnet das Bundesministerium des Innern:</P></Content></text></textdaten></norm>
<norm builddate="20170816221107" doknr="BJNR277900001BJNE002800000"><metadaten><jurabk>LAP-hDBiblV</jurabk><enbez>Inhaltsübersicht</enbez></metadaten><textdaten><text format="XML"><Content><P> <table frame="none" pgwide="1" tocentry="%yes;">
		<tgroup align="left" char="" charoff="50" cols="3" colsep="0" rowsep="0">
			<colspec colname="col1" colnum="1" colwidth="5*"/>
			<colspec colname="col2" colnum="2" colwidth="10*"/>
			<colspec colname="col3" colnum="3" colwidth="85*"/>
			<tbody valign="top">
				<row>
					<entry VJ="1" align="left" colsep="0" nameend="col3" namest="col1" valign="top">Kapitel 1</entry>
				</row>
				<row>
					<entry VJ="1" align="left" colsep="0" valign="top"> </entry>
					<entry VJ="1" align="left" colsep="0" nameend="col3" namest="col2" valign="top">Laufbahn und Ausbildung</entry>
				</row>
				<row>
					<entry VJ="1" align="left" colsep="0" nameend="col2" namest="col1" valign="top">§ 1</entry>
					<entry VJ="1" align="left" colsep="0" valign="top">Laufbahnämter</entry>
				</row>
				<row>
					<entry VJ="1" align="left" colsep="0" nameend="col2" namest="col1" valign="top">§ 2</entry>
					<entry VJ="1" align="left" colsep="0" valign="top">Ziel des Vorbereitungsdienstes</entry>
				</row>
				<row>
					<entry VJ="1" align="left" colsep="0" nameend="col2" namest="col1" valign="top">§ 3</entry>
					<entry VJ="1" align="left" colsep="0" valign="top">Einstellungsbehörden, Ausbildungsbibliotheken</entry>
				</row>
				<row>
					<entry VJ="1" align="left" colsep="0" nameend="col2" namest="col1" valign="top">§ 4</entry>
					<entry VJ="1" align="left" colsep="0" valign="top">Einstellungsvoraussetzungen</entry>
				</row>
				<row>
					<entry VJ="1" align="left" colsep="0" nameend="col2" namest="col1" valign="top">§ 5</entry>
					<entry VJ="1" align="left" colsep="0" valign="top">Ausschreibung, Bewerbung</entry>
				</row>
				<row>
					<entry VJ="1" align="left" colsep="0" nameend="col2" namest="col1" valign="top">§ 6</entry>
					<entry VJ="1" align="left" colsep="0" valign="top">Auswahlverfahren</entry>
				</row>
				<row>
					<entry VJ="1" align="left" colsep="0" nameend="col2" namest="col1" valign="top">§ 7</entry>
					<entry VJ="1" align="left" colsep="0" valign="top">Einstellung in den Vorbereitungsdienst</entry>
				</row>
				<row>
					<entry VJ="1" align="left" colsep="0" nameend="col2" namest="col1" valign="top">§ 8</entry>
					<entry VJ="1" align="left" colsep="0" valign="top">Rechtsstellung während des Vorbereitungsdienstes</entry>
				</row>
				<row>
					<entry VJ="1" align="left" colsep="0" nameend="col2" namest="col1" valign="top">§ 9</entry>
					<entry VJ="1" align="left" colsep="0" valign="top">Dauer, Inhalt, Gliederung und Abschluss des Vorbereitungsdienstes</entry>
				</row>
				<row>
					<entry VJ="1" align="left" colsep="0" nameend="col2" namest="col1" valign="top">§ 10</entry>
					<entry VJ="1" align="left" colsep="0" valign="top">Verlängerung und Verkürzung des Vorbereitungsdienstes</entry>
				</row>
				<row>
					<entry VJ="1" align="left" colsep="0" nameend="col2" namest="col1" valign="top">§ 11</entry>
					<entry VJ="1" align="left" colsep="0" valign="top">Schwerbehinderte Menschen</entry>
				</row>
				<row>
					<entry VJ="1" align="left" colsep="0" nameend="col2" namest="col1" valign="top">§ 12</entry>
					<entry VJ="1" align="left" colsep="0" valign="top">Urlaub während des Vorbereitungsdienstes</entry>
				</row>
				<row>
					<entry VJ="1" align="left" colsep="0" nameend="col2" namest="col1" valign="top">§ 13</entry>
					<entry VJ="1" align="left" colsep="0" valign="top">Ausbildungsakte</entry>
				</row>
				<row>
					<entry VJ="1" align="left" colsep="0" nameend="col2" namest="col1" valign="top">§ 14</entry>
					<entry VJ="1" align="left" colsep="0" valign="top">Ziel der praktischen Ausbildung</entry>
				</row>
				<row>
					<entry VJ="1" align="left" colsep="0" nameend="col2" namest="col1" valign="top">§ 15</entry>
					<entry VJ="1" align="left" colsep="0" valign="top">Durchführung der praktischen Ausbildung</entry>
				</row>
				<row>
					<entry VJ="1" align="left" colsep="0" nameend="col2" namest="col1" valign="top">§ 16</entry>
					<entry VJ="1" align="left" colsep="0" valign="top">Ausbildungsleitung, Ausbilderinnen und Ausbilder</entry>
				</row>
				<row>
					<entry VJ="1" align="left" colsep="0" nameend="col2" namest="col1" valign="top">§ 17</entry>
					<entry VJ="1" align="left" colsep="0" valign="top">Bewertung während der praktischen Ausbildung</entry>
				</row>
				<row>
					<entry VJ="1" align="left" colsep="0" nameend="col2" namest="col1" valign="top">§ 18</entry>
					<entry VJ="1" align="left" colsep="0" valign="top">Durchführung der theoretischen Ausbildung</entry>
				</row>
				<row>
					<entry VJ="1" align="left" colsep="0" nameend="col3" namest="col1" valign="top">Kapitel 2</entry>
				</row>
				<row>
					<entry VJ="1" align="left" colsep="0" valign="top"> </entry>
					<entry VJ="1" align="left" colsep="0" nameend="col3" namest="col2" valign="top">Erwerb der Laufbahnbefähigung</entry>
				</row>
				<row>
					<entry VJ="1" align="left" colsep="0" nameend="col2" namest="col1" valign="top">§ 19</entry>
					<entry VJ="1" align="left" colsep="0" valign="top">Prüfung</entry>
				</row>
				<row>
					<entry VJ="1" align="left" colsep="0" nameend="col2" namest="col1" valign="top">§ 20</entry>
					<entry VJ="1" align="left" colsep="0" valign="top">Wiederholung</entry>
				</row>
				<row>
					<entry VJ="1" align="left" colsep="0" nameend="col2" namest="col1" valign="top">§ 21</entry>
					<entry VJ="1" align="left" colsep="0" valign="top">Ende des Vorbereitungsdienstes</entry>
				</row>
				<row>
					<entry VJ="1" align="left" colsep="0" nameend="col3" namest="col1" valign="top">Kapitel 3</entry>
				</row>
				<row>
					<entry VJ="1" align="left" colsep="0" valign="top"> </entry>
					<entry VJ="1" align="left" colsep="0" nameend="col3" namest="col2" valign="top">Aufstieg</entry>
				</row>
				<row>
					<entry VJ="1" align="left" colsep="0" nameend="col2" namest="col1" valign="top">§ 22</entry>
					<entry VJ="1" align="left" colsep="0" valign="top">Aufstieg, Auswahlverfahren</entry>
				</row>
				<row>
					<entry VJ="1" align="left" colsep="0" nameend="col2" namest="col1" valign="top">§ 23</entry>
					<entry VJ="1" align="left" colsep="0" valign="top">Einführung</entry>
				</row>
				<row>
					<entry VJ="1" align="left" colsep="0" nameend="col2" namest="col1" valign="top">§ 24</entry>
					<entry VJ="1" align="left" colsep="0" valign="top">Rechtsstellung nach bestandener Aufstiegsprüfung</entry>
				</row>
				<row>
					<entry VJ="1" align="left" colsep="0" nameend="col3" namest="col1" valign="top">Kapitel 4</entry>
				</row>
				<row>
					<entry VJ="1" align="left" colsep="0" valign="top"> </entry>
					<entry VJ="1" align="left" colsep="0" nameend="col3" namest="col2" valign="top">Sonstige Vorschriften</entry>
				</row>
				<row>
					<entry VJ="1" align="left" colsep="0" nameend="col2" namest="col1" valign="top">§ 25</entry>
					<entry VJ="1" align="left" colsep="0" valign="top">Übergangsregelung</entry>
				</row>
				<row>
					<entry VJ="1" align="left" colsep="0" nameend="col2" namest="col1" valign="top">§ 26</entry>
					<entry VJ="1" align="left" colsep="0" valign="top">Inkrafttreten</entry>
				</row>
			</tbody>
		</tgroup>
	</table> </P></Content></text></textdaten></norm>
<norm builddate="20170816221107" doknr="BJNR277900001BJNG000500000"><metadaten><jurabk>LAP-hDBiblV</jurabk><gliederungseinheit><gliederungskennzahl>010</gliederungskennzahl><gliederungsbez>Kapitel 1</gliederungsbez><gliederungstitel>Laufbahn und Ausbildung</gliederungstitel></gliederungseinheit></metadaten><textdaten><text format="XML"><Content><P/></Content></text></textdaten></norm>
<norm builddate="20170816221107" doknr="BJNR277900001BJNE000100000"><metadaten><jurabk>LAP-hDBiblV</jurabk><enbez>§ 1</enbez><titel format="parat">Laufbahnämter</titel></metadaten><textdaten><text format="XML"><Content><P>(1) Die Laufbahn des höheren Dienstes an wissenschaftlichen Bibliotheken des Bundes umfasst den Vorbereitungsdienst, die Probezeit und alle Ämter dieser Laufbahn.</P><P>(2) Die Beamtinnen und Beamten führen in der Laufbahn folgende Dienst- und Amtsbezeichnungen: <BR/><table frame="none" tocentry="%yes;">
		<tgroup align="left" char="" charoff="50" cols="4" colsep="0" rowsep="0">
			<colspec colname="col1" colnum="1" colwidth="5*"/>
			<colspec colname="col2" colnum="2" colwidth="5*"/>
			<colspec colname="col3" colnum="3" colwidth="45*"/>
			<colspec colname="col4" colnum="4" colwidth="55*"/>
			<tbody valign="top">
				<row>
					<entry VJ="1" align="left" colsep="0" valign="top">1.</entry>
					<entry VJ="1" align="left" colsep="0" nameend="col3" namest="col2" valign="top">im Vorbereitungsdienst</entry>
					<entry VJ="1" align="left" colsep="0" valign="top">Bibliotheksreferendarin/ Bibliotheksreferendar,</entry>
				</row>
				<row>
					<entry VJ="1" align="left" colsep="0" valign="top">2.</entry>
					<entry VJ="1" align="left" colsep="0" nameend="col3" namest="col2" valign="top">in der Probezeit bis zur Anstellung</entry>
					<entry VJ="1" align="left" colsep="0" valign="top">Bibliotheksrätin zur Anstellung (z. A.)/Bibliotheksrat zur Anstellung (z. A.),</entry>
				</row>
				<row>
					<entry VJ="1" align="left" colsep="0" valign="top">3.</entry>
					<entry VJ="1" align="left" colsep="0" nameend="col3" namest="col2" valign="top">im Eingangsamt (Besoldungsgruppe A 13)</entry>
					<entry VJ="1" align="left" colsep="0" valign="top">Bibliotheksrätin/Bibliotheksrat,</entry>
				</row>
				<row>
					<entry VJ="1" align="left" colsep="0" valign="top">4.</entry>
					<entry VJ="1" align="left" colsep="0" nameend="col3" namest="col2" valign="top">in den Beförderungsämtern der</entry>
					<entry VJ="1" align="left" colsep="0" valign="top"> </entry>
				</row>
				<row>
					<entry VJ="1" align="left" colsep="0" valign="top"> </entry>
					<entry VJ="1" align="left" colsep="0" valign="top">a)</entry>
					<entry VJ="1" align="left" colsep="0" valign="top">Besoldungsgruppe A 14</entry>
					<entry VJ="1" align="left" colsep="0" valign="top">Bibliotheksoberrätin/ Bibliotheksoberrat,</entry>
				</row>
				<row>
					<entry VJ="1" align="left" colsep="0" valign="top"> </entry>
					<entry VJ="1" align="left" colsep="0" valign="top">b)</entry>
					<entry VJ="1" align="left" colsep="0" valign="top">Besoldungsgruppe A 15</entry>
					<entry VJ="1" align="left" colsep="0" valign="top">Bibliotheksdirektorin/ Bibliotheksdirektor,</entry>
				</row>
				<row>
					<entry VJ="1" align="left" colsep="0" valign="top"> </entry>
					<entry VJ="1" align="left" colsep="0" valign="top">c)</entry>
					<entry VJ="1" align="left" colsep="0" valign="top">Besoldungsgruppe A 16</entry>
					<entry VJ="1" align="left" colsep="0" valign="top">Leitende Bibliotheksdirektorin/Leitender Bibliotheksdirektor.</entry>
				</row>
			</tbody>
		</tgroup>
	</table> </P><P>(3) Die Ämter der Laufbahn sind regelmäßig zu durchlaufen.</P></Content>  </text></textdaten></norm>
<norm builddate="20170816221107" doknr="BJNR277900001BJNE000200000"><metadaten><jurabk>LAP-hDBiblV</jurabk><enbez>§ 2</enbez><titel format="parat">Ziel des Vorbereitungsdienstes</titel></metadaten><textdaten><text format="XML"><Content><P>Der Vorbereitungsdienst soll die Beamtinnen und Beamten befähigen, die Aufgaben der Laufbahn des höheren Dienstes an wissenschaftlichen Bibliotheken des Bundes in allen Arbeitsbereichen des Bibliothekswesens wahrzunehmen. Der Vorbereitungsdienst vermittelt neben dem Fachwissen insbesondere auch die Grundlagen für das zur Aufgabenwahrnehmung erforderliche Verständnis für kulturelle, rechtliche, politische, wirtschaftliche, technische und soziale Fragen.</P></Content></text></textdaten></norm>
<norm builddate="20170816221107" doknr="BJNR277900001BJNE000300000"><metadaten><jurabk>LAP-hDBiblV</jurabk><enbez>§ 3</enbez><titel format="parat">Einstellungsbehörden, Ausbildungsbibliotheken</titel></metadaten><textdaten><text format="XML"><Content><P>(1) Einstellungsbehörden sind die obersten Bundesbehörden, die Bundesanstalt Die Deutsche Bibliothek und die Stiftung Preußischer Kulturbesitz. Ihnen obliegen die Durchführung des Auswahlverfahrens und die Einstellung; sie treffen die Entscheidungen über Verkürzung und Verlängerung des Vorbereitungsdienstes und der Aufstiegsausbildung. Die Einstellungsbehörden sind die für die beamtenrechtlichen Entscheidungen zuständigen Dienstbehörden. Ihnen obliegen auch die Bedarfsermittlung, die Ausschreibung und die Betreuung der Referendarinnen und Referendare.</P><P>(2) Ausbildungsbibliotheken sind die Bundesanstalt Die Deutsche Bibliothek, die Staatsbibliothek zu Berlin Preußischer Kulturbesitz, die Bibliothek des Ibero-Amerikanischen Instituts Preußischer Kulturbesitz, die Bibliothek des Deutschen Bundestages und die Universitätsbibliotheken der Universitäten der Bundeswehr. Der Beauftragte der Bundesregierung für Angelegenheiten der Kultur und der Medien kann bei Bedarf weitere wissenschaftliche Bibliotheken, deren Abteilungen durch Beamtinnen oder Beamte des höheren Bibliotheksdienstes geleitet werden und die die Gewähr dafür bieten, dass die Anforderungen nach den §§ 14 bis 17 erfüllt werden, als Ausbildungsbibliotheken anerkennen.</P></Content> </text></textdaten></norm>
<norm builddate="20170816221107" doknr="BJNR277900001BJNE000401310"><metadaten><jurabk>LAP-hDBiblV</jurabk><enbez>§ 4</enbez><titel format="XML">Einstellungsvoraussetzungen</titel></metadaten><textdaten><text format="XML"><Content><P>In den Vorbereitungsdienst kann eingestellt werden, wer <DL Font="normal" Type="arabic"><DT>1.</DT><DD Font="normal"><LA Size="normal">die gesetzlichen Voraussetzungen für die Berufung in das Bundesbeamtenverhältnis erfüllt und</LA></DD><DT>2.</DT><DD Font="normal"><LA Size="normal">ein für die Laufbahn des höheren Dienstes an wissenschaftlichen Bibliotheken des Bundes geeignetes Studium an einer wissenschaftlichen Hochschule, dessen Mindest- oder Regelstudienzeit nicht weniger als drei Jahre beträgt und dabei Zeiten einer in den Studiengang eingeordneten berufspraktischen Ausbildung oder Tätigkeit nicht umfasst, mit einer Staatsprüfung oder, soweit üblich, mit einer Hochschulprüfung abgeschlossen hat. Bewerberinnen und Bewerber mit Hochschulabschluss außerhalb des Geltungsbereiches der Bundeslaufbahnverordnung können eingestellt werden, wenn der Hochschulabschluss gleichwertig ist.</LA></DD></DL></P></Content></text><fussnoten/></textdaten></norm>
<norm builddate="20170816221107" doknr="BJNR277900001BJNE000500000"><metadaten><jurabk>LAP-hDBiblV</jurabk><enbez>§ 5</enbez><titel format="parat">Ausschreibung, Bewerbung</titel></metadaten><textdaten><text format="XML"><Content><P>(1) Die Bewerberinnen und Bewerber werden durch Stellenausschreibung ermittelt.</P><P>(2) Bewerbungen um Einstellung in den Vorbereitungsdienst sind an die jeweilige Einstellungsbehörde zu richten. Der Bewerbung sind beizufügen: <DL Font="normal" Type="arabic"><DT>1.</DT><DD Font="normal"><LA Size="normal">ein tabellarischer Lebenslauf,</LA></DD> <DT>2.</DT><DD Font="normal"><LA Size="normal">ein Lichtbild, das nicht älter als sechs Monate sein soll,</LA></DD> <DT>3.</DT><DD Font="normal"><LA Size="normal">Ablichtungen<DL Font="normal" Type="arabic"><DT>a)</DT><DD Font="normal"><LA Size="normal">des Zeugnisses der allgemeinen Hochschulreife oder des Nachweises eines entsprechenden Bildungsstandes,</LA></DD> <DT>b)</DT><DD Font="normal"><LA Size="normal">des Zeugnisses über die Staatsprüfung oder die Hochschulprüfung,</LA></DD> <DT>c)</DT><DD Font="normal"><LA Size="normal">der Bescheinigungen der Hochschule über die Vorlesungen, die die Bewerberin oder der Bewerber belegt hat, und über die Übungen und Seminare, an denen sie oder er teilgenommen hat,</LA></DD> <DT>d)</DT><DD Font="normal"><LA Size="normal">etwaiger weiterer Unterlagen über besondere wissenschaftliche oder informationstechnische Kenntnisse und Fähigkeiten und</LA></DD> <DT>e)</DT><DD Font="normal"><LA Size="normal">der Zeugnisse über die bisherigen Beschäftigungen sowie</LA></DD> </DL></LA></DD> <DT>4.</DT><DD Font="normal"><LA Size="normal">gegebenenfalls eine Ablichtung des Schwerbehindertenausweises oder des Bescheides über die Gleichstellung als schwerbehinderter Mensch.</LA></DD> </DL></P></Content> </text></textdaten></norm>
<norm builddate="20170816221107" doknr="BJNR277900001BJNE000600000"><metadaten><jurabk>LAP-hDBiblV</jurabk><enbez>§ 6</enbez><titel format="parat">Auswahlverfahren</titel></metadaten><textdaten><text format="XML"><Content><P>(1) Vor der Entscheidung über die Einstellung in den Vorbereitungsdienst wird in einem Auswahlverfahren festgestellt, ob die Bewerberinnen und Bewerber auf Grund ihrer wissenschaftlichen Qualifikation und persönlichen Eigenschaften für die Einstellung in den Vorbereitungsdienst der Laufbahn geeignet sind.</P><P>(2) Zum Auswahlverfahren wird zugelassen, wer nach den eingereichten Unterlagen die in der Ausschreibung genannten Voraussetzungen erfüllt. Übersteigt die Zahl dieser Bewerberinnen und Bewerber das Dreifache der Zahl der Ausbildungsplätze, kann die Zahl der an dem Auswahlverfahren Teilnehmenden bis auf das Dreifache der Zahl der Ausbildungsplätze beschränkt werden. Dabei wird zugelassen, wer nach den eingereichten Unterlagen, insbesondere unter Berücksichtigung der in den ausbildungsrelevanten Fächern erzielten Zeugnisnoten, am besten geeignet erscheint. Schwerbehinderte Menschen werden, wenn sie die in der Ausschreibung genannten Voraussetzungen erfüllen, grundsätzlich zum Auswahlverfahren zugelassen. Frauen und Männer werden in einem ausgewogenen Verhältnis berücksichtigt.</P><P>(3) Wer nicht zum Auswahlverfahren zugelassen wird, erhält von der jeweiligen Einstellungsbehörde die Bewerbungsunterlagen mit einer schriftlichen Ablehnung zurück.</P><P>(4) Das Auswahlverfahren wird bei der Einstellungsbehörde von einer unabhängigen Auswahlkommission durchgeführt und besteht aus einem schriftlichen und einem mündlichen Teil.</P><P>(5) Die Auswahlkommission besteht aus drei Beamtinnen oder Beamten des höheren Bibliotheksdienstes, von denen eine oder einer zur Vorsitzenden oder zum Vorsitzenden zu bestellen ist. Die Mitglieder sind unabhängig und an Weisungen nicht gebunden. Die Auswahlkommission entscheidet mit Stimmenmehrheit. Stimmenthaltung ist nicht zulässig. Bei Bedarf können mehrere Kommissionen eingerichtet werden; gleiche Auswahlmaßstäbe sind sicherzustellen. Ersatzmitglieder sind in hinreichender Zahl zu bestellen.</P><P>(6) Die Auswahlkommission bewertet die Ergebnisse und legt für jedes Auswahlverfahren eine Rangfolge der geeigneten Bewerberinnen und Bewerber fest. Sind mehrere Kommissionen eingerichtet, wird eine Rangfolge aller Bewerberinnen und Bewerber festgelegt. Absatz 3 gilt entsprechend.</P><P>(7) Die Einstellungsbehörden bestellen die Mitglieder und Ersatzmitglieder der Auswahlkommission für die Dauer von drei Jahren; Wiederbestellung ist zulässig.</P></Content>      </text></textdaten></norm>
<norm builddate="20170816221107" doknr="BJNR277900001BJNE000702116"><metadaten><jurabk>LAP-hDBiblV</jurabk><enbez>§ 7</enbez><titel format="XML">Einstellung in den Vorbereitungsdienst</titel></metadaten><textdaten><text format="XML"><Content><P>(1) Die Einstellungsbehörden entscheiden unter Berücksichtigung des Ergebnisses des Auswahlverfahrens über die Einstellung von Bewerberinnen und Bewerbern.</P><P>(2) Vor der Einstellung haben die Bewerberinnen und Bewerber folgende weitere Unterlagen beizubringen: <DL Font="normal" Type="arabic"><DT>1.</DT><DD Font="normal"><LA Size="normal">ein amtsärztliches Gesundheitszeugnis oder ein Gesundheitszeugnis einer beamteten Vertrauensärztin oder eines beamteten Vertrauensarztes oder einer Personalärztin oder eines Personalarztes aus neuester Zeit, in dem auch zur Beamtendiensttauglichkeit Stellung genommen wird,</LA></DD><DT>2.</DT><DD Font="normal"><LA Size="normal">eine Ausfertigung der Geburtsurkunde, auf Verlangen auch einen Nachweis der Staatsangehörigkeit,</LA></DD><DT>3.</DT><DD Font="normal"><LA Size="normal">gegebenenfalls Ausfertigungen der Eheurkunde oder der Lebenspartnerschaftsurkunde und der Geburtsurkunden der Kinder,</LA></DD><DT>4.</DT><DD Font="normal"><LA Size="normal">ein Führungszeugnis nach § 30 des Bundeszentralregistergesetzes zur unmittelbaren Vorlage bei der Einstellungsbehörde und</LA></DD><DT>5.</DT><DD Font="normal"><LA Size="normal">eine Erklärung der Bewerberin oder des Bewerbers darüber, ob sie oder er<DL Font="normal" Type="arabic"><DT>a)</DT><DD Font="normal"><LA Size="normal">in geordneten wirtschaftlichen Verhältnissen lebt und</LA></DD><DT>b)</DT><DD Font="normal"><LA Size="normal">in einem Ermittlungs- oder sonstigen Strafverfahren beschuldigt wird.</LA></DD></DL></LA></DD></DL>Die Kosten des Gesundheitszeugnisses trägt die jeweilige Einstellungsbehörde.</P></Content></text><fussnoten/></textdaten></norm>
<norm builddate="20170816221107" doknr="BJNR277900001BJNE000800000"><metadaten><jurabk>LAP-hDBiblV</jurabk><enbez>§ 8</enbez><titel format="parat">Rechtsstellung während des Vorbereitungsdienstes</titel></metadaten><textdaten><text format="XML"><Content><P>(1) Mit der Einstellung in den Vorbereitungsdienst werden - unter Berufung in das Beamtenverhältnis auf Widerruf - die Bewerberinnen zu Bibliotheksreferendarinnen und die Bewerber zu Bibliotheksreferendaren ernannt.</P><P>(2) Die Referendarinnen und Referendare unterstehen der Dienstaufsicht der jeweiligen Einstellungsbehörde. Während der Abordnung zu anderen Behörden unterstehen sie zusätzlich auch deren Dienstaufsicht.</P></Content> </text></textdaten></norm>
<norm builddate="20170816221107" doknr="BJNR277900001BJNE000900000"><metadaten><jurabk>LAP-hDBiblV</jurabk><enbez>§ 9</enbez><titel format="parat">Dauer, Inhalt, Gliederung und Abschluss des Vorbereitungsdienstes</titel></metadaten><textdaten><text format="XML"><Content><P>(1) Der Vorbereitungsdienst dauert zwei Jahre. Er umfasst die praktische Ausbildung in bibliothekarischen Schwerpunktbereichen und die theoretische Ausbildung.</P><P>(2) Die theoretische Ausbildung dauert zwölf Monate und findet an einer Hochschule statt.</P><P>(3) Die praktische Ausbildung umfasst das Praktikum I (großes Praktikum) von zehn Monaten und das Praktikum II (kleines Praktikum) von zwei Monaten.</P><P>(4) Die Reihenfolge der einzelnen Ausbildungsabschnitte wird in einem von der jeweiligen Einstellungsbehörde aufgestellten Ausbildungsplan festgelegt, der der Referendarin oder dem Referendar zu Beginn des Vorbereitungsdienstes ausgehändigt wird.</P><P>(5) Wird die Ausbildung wegen einer Erkrankung oder aus anderen zwingenden Gründen unterbrochen, können Ausbildungsabschnitte verkürzt oder verlängert und Abweichungen vom Ausbildungsplan zugelassen werden, um eine zielgerechte Fortsetzung des Vorbereitungsdienstes zu ermöglichen.</P><P>(6) Der Vorbereitungsdienst schließt mit der Laufbahnprüfung ab.</P></Content>     </text></textdaten></norm>
<norm builddate="20170816221107" doknr="BJNR277900001BJNE001001310"><metadaten><jurabk>LAP-hDBiblV</jurabk><enbez>§ 10</enbez><titel format="XML">Verlängerung und Verkürzung des Vorbereitungsdienstes</titel></metadaten><textdaten><text format="XML"><Content><P>(1) Der Vorbereitungsdienst ist im Einzelfall zu verlängern, wenn die Ausbildung <DL Font="normal" Type="arabic"><DT>1.</DT><DD Font="normal"><LA Size="normal">wegen einer Erkrankung,</LA></DD><DT>2.</DT><DD Font="normal"><LA Size="normal">wegen eines Beschäftigungsverbots für die Zeit vor oder nach einer Entbindung nach mutterschutzrechtlichen Vorschriften oder wegen einer Elternzeit,</LA></DD><DT>3.</DT><DD Font="normal"><LA Size="normal">durch Ableistung des Grundwehrdienstes oder eines Ersatzdienstes oder</LA></DD><DT>4.</DT><DD Font="normal"><LA Size="normal">aus anderen zwingenden Gründen</LA></DD></DL>unterbrochen worden und bei Verkürzung von Ausbildungsabschnitten die zielgerechte Fortsetzung des Vorbereitungsdienstes nicht gewährleistet ist.</P><P>(2) Der Vorbereitungsdienst kann - nach Anhörung der Referendarinnen und Referendare - in den Fällen des Absatzes 1 Nr. 1 und 4 höchstens zweimal um nicht mehr als insgesamt zwölf Monate verlängert werden. Die Verlängerung soll so bemessen werden, dass die Laufbahnprüfung zusammen mit den Referendarinnen und Referendaren, die zu einem späteren Zeitpunkt eingestellt worden sind, abgelegt werden kann.</P><P>(3) Bei Nichtbestehen der in § 19 Abs. 1 genannten Prüfung richtet sich die Verlängerung des Vorbereitungsdienstes nach § 20 Satz 3 bis 5.</P><P>(4) Die praktische Ausbildung kann um Zeiten einer beruflichen Tätigkeit auf den in § 15 Abs. 2 genannten Gebieten verkürzt werden, soweit Aufgaben der Laufbahn des höheren Dienstes an wissenschaftlichen Bibliotheken wahrgenommen wurden. Die Verkürzung darf sechs Monate nicht überschreiten.</P></Content></text><fussnoten/></textdaten></norm>
<norm builddate="20170816221107" doknr="BJNR277900001BJNE001100000"><metadaten><jurabk>LAP-hDBiblV</jurabk><enbez>§ 11</enbez><titel format="parat">Schwerbehinderte Menschen</titel></metadaten><textdaten><text format="XML"><Content><P>(1) Schwerbehinderten Menschen werden im Auswahlverfahren sowie für die Erbringung von Leistungsnachweisen die ihrer Behinderung angemessenen Erleichterungen gewährt. Hierauf sind sie rechtzeitig hinzuweisen. Art und Umfang der zu gewährenden Erleichterungen sind mit den schwerbehinderten Menschen und der Schwerbehindertenvertretung rechtzeitig, sofern dies zeitlich noch möglich ist, zu erörtern. Die Erleichterungen dürfen nicht dazu führen, dass die Anforderungen herabgesetzt werden. Die Sätze 1 bis 4 werden auch bei aktuellen Behinderungen, die nicht unter den Schutz des Neunten Buches Sozialgesetzbuch fallen, angewandt.</P><P>(2) Im Auswahlverfahren wird die Schwerbehindertenvertretung nicht beteiligt, wenn der schwerbehinderte Mensch eine Beteiligung ablehnt.</P></Content> </text></textdaten></norm>
<norm builddate="20170816221107" doknr="BJNR277900001BJNE001200000"><metadaten><jurabk>LAP-hDBiblV</jurabk><enbez>§ 12</enbez><titel format="parat">Urlaub während des Vorbereitungsdienstes</titel></metadaten><textdaten><text format="XML"><Content><P>Urlaub wird auf den Vorbereitungsdienst angerechnet.</P></Content></text></textdaten></norm>
<norm builddate="20170816221107" doknr="BJNR277900001BJNE001300000"><metadaten><jurabk>LAP-hDBiblV</jurabk><enbez>§ 13</enbez><titel format="parat">Ausbildungsakte</titel></metadaten><textdaten><text format="XML"><Content><P>Für die Referendarinnen und Referendare sind Personalteilakten &quot;Ausbildung&quot; zu führen, in die der Ausbildungsplan, die Leistungsnachweise, Lehrgangsklausuren und Bewertungen aufzunehmen sind.</P></Content></text></textdaten></norm>
<norm builddate="20170816221107" doknr="BJNR277900001BJNE001400000"><metadaten><jurabk>LAP-hDBiblV</jurabk><enbez>§ 14</enbez><titel format="parat">Ziel der praktischen Ausbildung</titel></metadaten><textdaten><text format="XML"><Content><P>(1) In den Praktika erwerben die Referendarinnen und Referendare berufliche Kenntnisse und Erfahrungen sowie Fähigkeiten und Kenntnisse, die zur selbständigen Erfüllung der Aufgaben der Laufbahn erforderlich sind.</P><P>(2) Während der Praktika werden die Referendarinnen und Referendare in den Schwerpunktbereichen der Laufbahn des höheren Dienstes an wissenschaftlichen Bibliotheken des Bundes mit den Aufgaben der Bibliotheken vertraut gemacht. Je nach ihrem Ausbildungsstand sollen die Referendarinnen und Referendare einzelne Geschäftsvorgänge, die typisch für die Aufgaben der Laufbahn sind, selbständig bearbeiten und an dienstlichen Veranstaltungen und internen Fortbildungsveranstaltungen, die ihrer Ausbildung förderlich sind, teilnehmen.</P><P>(3) Tätigkeiten, die nicht dem Ziel der Ausbildung entsprechen, dürfen den Referendarinnen und Referendaren nicht übertragen werden.</P><P>(4) Die Ausbildungsbibliotheken koordinieren die praktische Ausbildung.</P></Content>   </text></textdaten></norm>
<norm builddate="20170816221107" doknr="BJNR277900001BJNE001500000"><metadaten><jurabk>LAP-hDBiblV</jurabk><enbez>§ 15</enbez><titel format="parat">Durchführung der praktischen Ausbildung</titel></metadaten><textdaten><text format="XML"><Content><P>(1) Die Praktika werden bei folgenden Stellen durchgeführt: <DL Font="normal" Type="arabic"><DT>1.</DT><DD Font="normal"><LA Size="normal">Praktikum I bei der jeweils eigenen Bibliothek und</LA></DD> <DT>2.</DT><DD Font="normal"><LA Size="normal">Praktikum II bei einer anderen der in § 3 Abs. 2 genannten Bibliotheken.</LA></DD> </DL>In begründeten Ausnahmefällen können auch beide Praktika bei der jeweils eigenen Bibliothek, einer der anderen Bibliotheken nach § 3 Abs. 2 oder bei einer Universitätsbibliothek eines Landes durchgeführt werden.</P><P>(2) Die praktische Ausbildung umfasst insbesondere folgende Bereiche: <DL Font="normal" Type="arabic"><DT>1.</DT><DD Font="normal"><LA Size="normal">Bestandsaufbau,</LA></DD> <DT>2.</DT><DD Font="normal"><LA Size="normal">Bestandserschließung,</LA></DD> <DT>3.</DT><DD Font="normal"><LA Size="normal">Benutzungs-, Informations- und Beratungsdienst,</LA></DD> <DT>4.</DT><DD Font="normal"><LA Size="normal">Einsatz der Informationstechnik in Bibliotheken,</LA></DD> <DT>5.</DT><DD Font="normal"><LA Size="normal">Bibliotheksbau und technische Einrichtungen sowie</LA></DD> <DT>6.</DT><DD Font="normal"><LA Size="normal">Organisation, allgemeine Verwaltung und Leitungsaufgaben.</LA></DD> </DL> </P><P>(3) Jede Ausbildungsbibliothek erstellt einen Ausbildungsplan, der Art und Dauer der Tätigkeit der Referendarinnen und Referendare während der Ausbildung in den einzelnen Bereichen der Bibliothek regelt. Der Ausbildungsplan ist der jeweiligen Einstellungsbehörde vorzulegen; die Referendarinnen und Referendare erhalten eine Ausfertigung.</P><P>(4) Die Referendarinnen und Referendare sollen, soweit es die personellen Verhältnisse bei der jeweiligen Ausbildungsbibliothek zulassen, gegen Mitte und gegen Ende des großen Praktikums (Praktikum I) jeweils eine schriftliche Arbeit aus einem Fachgebiet der Ausbildungsstelle innerhalb einer Frist von zwei Wochen fertigen. Die Arbeiten werden von der Leiterin oder dem Leiter der Ausbildungsstelle oder einer von ihr oder ihm beauftragten Person im Benehmen mit der Ausbildungsleitung ausgewählt, zugeteilt und beurteilt und mit einer der in § 17 festgesetzten Noten und Punktzahlen bewertet. Nach der Bewertung sind die Arbeiten mit den Referendarinnen und Referendaren zu besprechen.</P></Content>  </text></textdaten></norm>
<norm builddate="20170816221107" doknr="BJNR277900001BJNE001600000"><metadaten><jurabk>LAP-hDBiblV</jurabk><enbez>§ 16</enbez><titel format="parat">Ausbildungsleitung, Ausbilderinnen und Ausbilder</titel></metadaten><textdaten><text format="XML"><Content><P>(1) Jede Ausbildungsbibliothek bestellt eine Beamtin oder einen Beamten des höheren Dienstes als Ausbildungsleitung, die für die ordnungsgemäße Durchführung des Praktikums verantwortlich ist, sowie eine Vertretung. Außerdem werden auf Vorschlag der Ausbildungsleitung Ausbilderinnen oder Ausbilder bestellt.</P><P>(2) Die Ausbildungsleitung lenkt und überwacht die Ausbildung der Referendarinnen und Referendare; sie stellt eine sorgfältige Ausbildung sicher. Sie führt regelmäßig Besprechungen mit den Referendarinnen und Referendaren und den Ausbilderinnen und Ausbildern durch und berät sie in Fragen der Ausbildung.</P><P>(3) Ausbilderinnen und Ausbildern dürfen nicht mehr Referendarinnen und Referendare zugewiesen werden, als sie mit Sorgfalt ausbilden können. Soweit erforderlich, werden sie von anderen Dienstgeschäften entlastet. Die Referendarinnen und Referendare werden am Arbeitsplatz unterwiesen und angeleitet. Die Ausbilderinnen und Ausbilder unterrichten die Ausbildungsleitung regelmäßig über den erreichten Ausbildungsstand.</P></Content>  </text></textdaten></norm>
<norm builddate="20170816221107" doknr="BJNR277900001BJNE001701116"><metadaten><jurabk>LAP-hDBiblV</jurabk><enbez>§ 17</enbez><titel format="XML">Bewertung während der praktischen Ausbildung</titel></metadaten><textdaten><text format="XML"><Content><P>(1) Jede Ausbildungsbibliothek gibt über die Leistungen und den Befähigungsstand der Referendarinnen und Referendare unter Berücksichtigung von Arbeiten nach § 15 Abs. 4 eine schriftliche oder elektronische Bewertung ab. Die Bewertung soll Auskunft über die fachlichen Kenntnisse, die Allgemeinbildung, die berufliche Eignung und über das Persönlichkeitsbild geben; auf besondere Fähigkeiten oder Mängel ist hinzuweisen. Die Leistungen der Referendarinnen und Referendare sind mit folgenden Noten zu bewerten: <BR/><table frame="none" tocentry="%yes;"><tgroup align="left" char="" charoff="50" cols="2" colsep="0" rowsep="0"><colspec colname="col1" colnum="1" colwidth="200"/><colspec colname="col2" colnum="2" colwidth="300"/><tbody valign="top"><row><entry VJ="1">sehr gut (1)<BR/>15 bis 14 Punkte</entry><entry VJ="1">eine Leistung, die den Anforderungen in besonderem Maße entspricht,</entry></row><row><entry VJ="1">gut (2)<BR/>13 bis 11 Punkte</entry><entry VJ="1">eine Leistung, die den Anforderungen voll entspricht,</entry></row><row><entry VJ="1">befriedigend (3)<BR/>10 bis 8 Punkte</entry><entry VJ="1">eine Leistung, die im Allgemeinen den Anforderungen entspricht,</entry></row><row><entry VJ="1">ausreichend (4) 7<BR/>7 bis 5 Punkte</entry><entry VJ="1">eine Leistung, die zwar Mängel aufweist, aber im Ganzen den Anforderungen noch entspricht,</entry></row><row><entry VJ="1">mangelhaft (5)<BR/>4 bis 2 Punkte</entry><entry VJ="1">eine Leistung, die den Anforderungen nicht entspricht, jedoch erkennen lässt, dass die notwendigen Grundkenntnisse vorhanden sind und die Mängel in absehbarer Zeit behoben werden könnten,</entry></row><row><entry VJ="1">ungenügend (6)<BR/>1 bis 0 Punkte</entry><entry VJ="1">eine Leistung, die den Anforderungen nicht entspricht und bei der selbst die Grundkenntnisse so lückenhaft sind, dass die Mängel in absehbarer Zeit nicht behoben werden könnten.</entry></row></tbody></tgroup></table></P><P>(2) Die Bewertung nach Absatz 1 wird auf der Grundlage eines Entwurfs mit den Referendarinnen und Referendaren besprochen. Sie ist ihnen zu eröffnen. Die Referendarinnen und Referendare erhalten eine Ausfertigung der Bewertung und können zu ihr schriftlich oder elektronisch Stellung nehmen.</P></Content></text><fussnoten/></textdaten></norm>
<norm builddate="20170816221107" doknr="BJNR277900001BJNE001800000"><metadaten><jurabk>LAP-hDBiblV</jurabk><enbez>§ 18</enbez><titel format="parat">Durchführung der theoretischen Ausbildung</titel></metadaten><textdaten><text format="XML"><Content><P>(1) Die Referendarinnen und Referendare werden für die theoretische Ausbildung einer geeigneten Hochschule zugewiesen.</P><P>(2) Die theoretische Ausbildung soll sich insbesondere auf folgende Gebiete erstrecken: <DL Font="normal" Type="arabic"><DT>1.</DT><DD Font="normal"><LA Size="normal">Grundlagen der Informationswissenschaft,</LA></DD> <DT>2.</DT><DD Font="normal"><LA Size="normal">Organisation der Wissenschaft und des Bildungswesens, Kulturpolitik,</LA></DD> <DT>3.</DT><DD Font="normal"><LA Size="normal">Rechts- und Verwaltungskunde,</LA></DD> <DT>4.</DT><DD Font="normal"><LA Size="normal">Organisation und Betrieb von Bibliotheken (Verwaltung, Management und Personalführung, Bestandsaufbau und -erschließung, Benutzungs- und Beratungsdienst, Öffentlichkeitsarbeit),</LA></DD> <DT>5.</DT><DD Font="normal"><LA Size="normal">Bibliotheksbau, -einrichtung und -technik,</LA></DD> <DT>6.</DT><DD Font="normal"><LA Size="normal">Informationstechnik,</LA></DD> <DT>7.</DT><DD Font="normal"><LA Size="normal">Bibliotheksgeschichte,</LA></DD> <DT>8.</DT><DD Font="normal"><LA Size="normal">deutsches und ausländisches Bibliothekswesen der Gegenwart,</LA></DD> <DT>9.</DT><DD Font="normal"><LA Size="normal">Informations- und Dokumentationswesen,</LA></DD> <DT>10.</DT><DD Font="normal"><LA Size="normal">Buch- und Medienkunde und</LA></DD> <DT>11.</DT><DD Font="normal"><LA Size="normal">Allgemein- und Fachbibliographien, Informationsvermittlung.</LA></DD> </DL></P></Content> </text></textdaten></norm>
<norm builddate="20170816221107" doknr="BJNR277900001BJNG000200000"><metadaten><jurabk>LAP-hDBiblV</jurabk><gliederungseinheit><gliederungskennzahl>020</gliederungskennzahl><gliederungsbez>Kapitel 2</gliederungsbez><gliederungstitel>Erwerb der Laufbahnbefähigung</gliederungstitel></gliederungseinheit></metadaten><textdaten><text format="XML"><Content><P/></Content></text></textdaten></norm>
<norm builddate="20170816221107" doknr="BJNR277900001BJNE001900000"><metadaten><jurabk>LAP-hDBiblV</jurabk><enbez>§ 19</enbez><titel format="parat">Prüfung</titel></metadaten><textdaten><text format="XML"><Content><P>(1) Zum Abschluss der theoretischen Ausbildung legen die Referendarinnen und Referendare die Prüfung für die Laufbahn des höheren Bibliotheksdienstes des Sitzlandes der Hochschule, der sie zugewiesen sind, ab.</P><P>(2) Mit dem Bestehen der in Absatz 1 genannten Prüfung erwerben die Referendarinnen und Referendare die Befähigung für die Laufbahn des höheren Dienstes an wissenschaftlichen Bibliotheken des Bundes.</P></Content> </text></textdaten></norm>
<norm builddate="20170816221107" doknr="BJNR277900001BJNE002000000"><metadaten><jurabk>LAP-hDBiblV</jurabk><enbez>§ 20</enbez><titel format="parat">Wiederholung</titel></metadaten><textdaten><text format="XML"><Content><P>Referendarinnen und Referendare, die die Prüfung im Sinne des § 19 Abs. 1 nicht bestanden haben oder deren Prüfung als nicht bestanden gilt, können die Prüfung einmal wiederholen. Die zuständige oberste Dienstbehörde kann in begründeten Ausnahmefällen eine zweite Wiederholung zulassen. Sie bestimmt auf Vorschlag des jeweiligen Prüfungsausschusses, um welche Zeit der Vorbereitungsdienst verlängert wird und welche Ausbildungsabschnitte zu wiederholen sind. Die weitere Ausbildung muss mindestens sechs Monate dauern und darf ein Jahr nicht übersteigen. Der Vorbereitungsdienst wird bis zum Ablauf der Wiederholungsfrist verlängert.</P></Content></text></textdaten></norm>
<norm builddate="20170816221107" doknr="BJNR277900001BJNE002100000"><metadaten><jurabk>LAP-hDBiblV</jurabk><enbez>§ 21</enbez><titel format="parat">Ende des Vorbereitungsdienstes</titel></metadaten><textdaten><text format="XML"><Content><P>(1) Mit dem Bestehen oder endgültigen Nichtbestehen der in § 19 Abs. 1 genannten Prüfung endet der Vorbereitungsdienst. Maßgebend ist der Tag der schriftlichen Bekanntgabe des Prüfungsergebnisses.</P><P>(2) Das Bestehen der Prüfung im Sinne des § 19 Abs. 1 begründet keinen Anspruch auf Übernahme in das Beamtenverhältnis auf Probe.</P></Content> </text></textdaten></norm>
<norm builddate="20170816221107" doknr="BJNR277900001BJNG000300000"><metadaten><jurabk>LAP-hDBiblV</jurabk><gliederungseinheit><gliederungskennzahl>030</gliederungskennzahl><gliederungsbez>Kapitel 3</gliederungsbez><gliederungstitel>Aufstieg</gliederungstitel></gliederungseinheit></metadaten><textdaten><text format="XML"><Content><P/></Content></text></textdaten></norm>
<norm builddate="20170816221107" doknr="BJNR277900001BJNE002201310"><metadaten><jurabk>LAP-hDBiblV</jurabk><enbez>§ 22</enbez><titel format="XML">Aufstieg, Auswahlverfahren</titel></metadaten><textdaten><text format="XML"><Content><P>(1) Beamtinnen und Beamte der Laufbahn des gehobenen Dienstes an wissenschaftlichen Bibliotheken und Dokumentationsstellen können gemäß § 36 der Bundeslaufbahnverordnung zum Aufstieg in die Laufbahn des höheren Dienstes an wissenschaftlichen Bibliotheken des Bundes zugelassen werden.</P><P>(2) In einem Auswahlverfahren wird von einer Auswahlkommission die Eignung für die künftige Laufbahn festgestellt. § 6 Abs. 4 bis 7 gilt entsprechend.</P><P>(3) Über die Zulassung zum Aufstieg entscheidet die zuständige oberste Dienstbehörde auf Grund des Ergebnisses des Auswahlverfahrens.</P></Content></text><fussnoten/></textdaten></norm>
<norm builddate="20170816221107" doknr="BJNR277900001BJNE002300000"><metadaten><jurabk>LAP-hDBiblV</jurabk><enbez>§ 23</enbez><titel format="parat">Einführung</titel></metadaten><textdaten><text format="XML"><Content><P>(1) Die Aufstiegsbeamtinnen und -beamten nehmen zur Einführung in die neue Laufbahn gemeinsam mit den Referendarinnen und Referendaren an der Ausbildung teil. § 8 Abs. 2 Satz 2 und die §§ 9 bis 19 Abs. 1 gelten entsprechend.</P><P>(2) Die Einführung schließt mit der Aufstiegsprüfung ab; diese entspricht der in § 19 Abs. 1 genannten Prüfung. § 20 gilt entsprechend.</P></Content> </text></textdaten></norm>
<norm builddate="20170816221107" doknr="BJNR277900001BJNE002400000"><metadaten><jurabk>LAP-hDBiblV</jurabk><enbez>§ 24</enbez><titel format="parat">Rechtsstellung nach bestandener Aufstiegsprüfung</titel></metadaten><textdaten><text format="XML"><Content><P>Nach bestandener Aufstiegsprüfung bleiben die Beamtinnen und Beamten bis zur Verleihung des Eingangsamtes der neuen Laufbahn in ihrer bisherigen Rechtsstellung.</P></Content></text></textdaten></norm>
<norm builddate="20170816221107" doknr="BJNR277900001BJNG000400000"><metadaten><jurabk>LAP-hDBiblV</jurabk><gliederungseinheit><gliederungskennzahl>040</gliederungskennzahl><gliederungsbez>Kapitel 4</gliederungsbez><gliederungstitel>Sonstige Vorschriften</gliederungstitel></gliederungseinheit></metadaten><textdaten><text format="XML"><Content><P/></Content></text></textdaten></norm>
<norm builddate="20170816221107" doknr="BJNR277900001BJNE002500000"><metadaten><jurabk>LAP-hDBiblV</jurabk><enbez>§ 25</enbez><titel format="parat">Übergangsregelung</titel></metadaten><textdaten><text format="XML"><Content><P>Ausbildung und Prüfung der vor Inkrafttreten dieser Verordnung in den Vorbereitungsdienst eingestellten Referendarinnen und Referendare richten sich nach den bisherigen Vorschriften. Dies gilt für Aufstiegsbeamtinnen und Aufstiegsbeamte entsprechend.</P></Content></text></textdaten></norm>
<norm builddate="20170816221107" doknr="BJNR277900001BJNE002600000"><metadaten><jurabk>LAP-hDBiblV</jurabk><enbez>§ 26</enbez><titel format="parat">Inkrafttreten</titel></metadaten><textdaten><text format="XML"><Content><P>Diese Verordnung tritt am Tag nach der Verkündung in Kraft.</P></Content></text></textdaten></norm>
</dokumente>