<?xml version="1.0" encoding="UTF-8" ?><!DOCTYPE dokumente SYSTEM "http://www.gesetze-im-internet.de/dtd/1.01/gii-norm.dtd">
<dokumente builddate="20230405213022" doknr="BJNR011400991"><norm builddate="20230405213022" doknr="BJNR011400991"><metadaten><jurabk>ARV 1991</jurabk><amtabk>ARV</amtabk><ausfertigung-datum manuell="ja">1991-05-21</ausfertigung-datum><fundstelle typ="amtlich"><periodikum>BGBl I</periodikum><zitstelle>1991, 1140 (GMBl 1994, 19)</zitstelle></fundstelle><kurzue>Auslandsreisekostenverordnung</kurzue><langue>Verordnung über die Reisekostenvergütung bei Auslandsdienstreisen</langue><standangabe checked="ja"><standtyp>Stand</standtyp><standkommentar>Zuletzt geändert durch Art. 1 V v. 27.3.2021 I 660</standkommentar></standangabe></metadaten><textdaten><fussnoten><Content><P><BR/> <pre xml:space="preserve">(+++ Textnachweis ab: 1.1.1991 +++)<BR/><BR/></pre></P></Content></fussnoten></textdaten></norm>
<norm builddate="20230405213022" doknr="BJNR011400991BJNE000100308"><metadaten><jurabk>ARV 1991</jurabk><jurabk>ARV</jurabk><enbez>Eingangsformel</enbez></metadaten><textdaten><text format="XML"><Content><P>Auf Grund des § 20 Abs. 3 des Bundesreisekostengesetzes in der Fassung der Bekanntmachung vom 13. November 1973 (BGBl. I S. 1621), der durch Artikel 2 Nr. 2 des Gesetzes vom 11. Dezember 1990 (BGBl. I S. 2682) geändert worden ist, verordnet der Bundesminister des Innern:</P></Content></text></textdaten></norm>
<norm builddate="20230405213022" doknr="BJNR011400991BJNE000202116"><metadaten><jurabk>ARV 1991</jurabk><jurabk>ARV</jurabk><enbez>§ 1</enbez><titel format="XML">Geltung des Bundesreisekostengesetzes, Dienstreiseanordnung und -genehmigung</titel></metadaten><textdaten><text format="XML"><Content><P>(1) Wenn und soweit in dieser Verordnung nichts Abweichendes bestimmt ist, gelten die Vorschriften des Bundesreisekostengesetzes.</P><P>(2) Auslandsdienstreisen der Bundesbeamten, in den Bundesdienst abgeordneten anderen Beamten sowie der Soldaten bedürfen der schriftlichen oder elektronischen Anordnung oder Genehmigung durch die oberste Dienstbehörde oder die von ihr ermächtigte Behörde, es sei denn, daß eine Anordnung oder Genehmigung nach dem Amt des Auslandsdienstreisenden oder dem Wesen des Dienstgeschäfts nicht in Betracht kommt.</P></Content></text><fussnoten/></textdaten></norm>
<norm builddate="20230405213022" doknr="BJNR011400991BJNE000305360"><metadaten><jurabk>ARV 1991</jurabk><jurabk>ARV</jurabk><enbez>§ 2</enbez><titel format="XML">Kostenerstattung</titel></metadaten><textdaten><text format="XML"><Content><P>(1) Bei Bahnreisen werden die Kosten für das Benutzen der ersten Klasse erstattet. Abweichend von Satz 1 werden bei Reisen innerhalb der Europäischen Union, zwischen der Europäischen Union und der Schweiz, Liechtenstein, Norwegen und dem Vereinigten Königreich sowie innerhalb und zwischen den genannten Staaten Fahrtkosten für das Benutzen der ersten Klasse erst ab einer Fahrzeit von 2 Stunden erstattet.</P><P>(2) Die Kosten für das Benutzen der niedrigsten Beförderungsklasse werden erstattet bei <DL Font="normal" Type="arabic"><DT>1.</DT><DD Font="normal"><LA Size="normal">Flugreisen innerhalb Europas (Anlage) oder</LA></DD><DT>2.</DT><DD Font="normal"><LA Size="normal">Flugreisen mit einer reinen Flugzeit von weniger als 4 Stunden.</LA></DD></DL>Ab einer reinen Flugzeit von 4 Stunden können die Kosten einer höheren Beförderungsklasse erstattet werden, sofern es sich nicht um Flugreisen nach Satz 1 Nummer 1 handelt. Für besondere dienstliche und persönliche Ausnahmefälle kann die oberste Dienstbehörde oder die von ihr ermächtigte Behörde eine von Satz 1 abweichende Regelung treffen.</P><P>(3) Bei Schiffsreisen werden neben dem Fahrpreis die Kosten für das Benutzen einer Zwei-Bett-Kabine im Zwischen- oder Oberdeck erstattet.</P></Content></text><fussnoten/></textdaten></norm>
<norm builddate="20230405213022" doknr="BJNR011400991BJNE000405377"><metadaten><jurabk>ARV 1991</jurabk><jurabk>ARV</jurabk><enbez>§ 3</enbez><titel format="XML">Auslandstagegeld, Auslandsübernachtungsgeld</titel></metadaten><textdaten><text format="XML"><Content><P>(1) Die Auslandstage- und Auslandsübernachtungsgelder werden für Auslandsdienstreisen mit einer Abwesenheit von 24 Stunden in Höhe der Beträge gezahlt, die auf Grund von Erhebungen durch allgemeine Verwaltungsvorschriften nach § 16 des Bundesreisekostengesetzes festgesetzt und im Gemeinsamen Ministerialblatt veröffentlicht werden. In den Fällen des § 9 Absatz 4a Satz 3 Nummer 2 und 3 des Einkommensteuergesetzes beträgt das Auslandstagegeld jeweils 80 Prozent des Auslandstagegeldes nach Satz 1; bei mehreren Auslandsdienstreisen an einem Kalendertag werden die Abwesenheitszeiten an diesem Tag addiert. In begründeten Ausnahmefällen kann von Satz 1 hinsichtlich des Auslandsübernachtungsgeldes abgewichen werden, wenn die nachgewiesenen notwendigen Übernachtungskosten das jeweilige Auslandsübernachtungsgeld übersteigen.</P><P>(2) Für die in den allgemeinen Verwaltungsvorschriften nach Absatz 1 nach nicht aufgeführten Übersee- und Außengebiete eines Landes sind die Auslandstage- und Auslandsübernachtungsgelder des Mutterlandes maßgebend. Für die in den allgemeinen Verwaltungsvorschriften nach Absatz 1 und in Satz 1 nicht erfaßten Gebiete oder Länder ist das Auslandstage- und Auslandsübernachtungsgeld von Luxemburg maßgebend. Absatz 1 gilt entsprechend.</P><P>(3) (weggefallen)</P></Content></text><fussnoten/></textdaten></norm>
<norm builddate="20230405213022" doknr="BJNR011400991BJNE000502310"><metadaten><jurabk>ARV 1991</jurabk><jurabk>ARV</jurabk><enbez>§ 4</enbez><titel format="XML">Grenzübertritt</titel></metadaten><textdaten><text format="XML"><Content><P>(1) Das Auslandstage- und Auslandsübernachtungsgeld oder Inlandstage- und Inlandsübernachtungsgeld bestimmt sich nach dem Land, das der Auslandsdienstreisende vor 24 Uhr Ortszeit zuletzt erreicht. Wird bei Auslandsdienstreisen das Inland vor 24 Uhr Ortszeit zuletzt erreicht, wird Auslandstagegeld für das Land des letzten Geschäfts-, Dienst- oder Wohnortes im Ausland gezahlt.</P><P>(2) Bei Flugreisen gilt ein Land in dem Zeitpunkt als erreicht, in dem das Flugzeug dort landet; Zwischenlandungen bleiben unberücksichtigt, es sei denn, daß durch sie Übernachtungen notwendig werden. Erstreckt sich eine Flugreise über mehr als zwei Kalendertage, ist für die Tage, die zwischen dem Tag des Abflugs und dem Tag der Landung liegen, das Auslandstagegeld für Österreich maßgebend.</P><P>(3) Bei Schiffsreisen ist das Auslandstagegeld für Luxemburg, für die Tage der Ein- und Ausschiffung das für den Hafenort geltende Auslands- oder Inlandstagegeld maßgebend.</P><P>(4) Die in den Absätzen 1 und 2 Satz 1 auf das jeweilige Land bezogenen Vorschriften sind auch für Orte anzuwenden, für die besondere Auslandstage- und Auslandsübernachtungsgelder nach § 3 Abs. 1 Satz 1 festgesetzt worden sind.</P></Content></text><fussnoten/></textdaten></norm>
<norm builddate="20230405213022" doknr="BJNR011400991BJNE000603360"><metadaten><jurabk>ARV 1991</jurabk><jurabk>ARV</jurabk><enbez>§ 5</enbez><titel format="XML">Reisekostenvergütung bei längerem Aufenthalt am Geschäftsort, Kostenerstattung für das Beschaffen klimagerechter Bekleidung</titel></metadaten><textdaten><text format="XML"><Content><P>(1) Dauert der Aufenthalt an demselben ausländischen Geschäftsort ohne Hin- und Rückreisetage länger als 14 Tage, ist das Auslandstagegeld nach § 3 Abs. 1 und 2 vom 15. Tage an um 10 vom Hundert zu ermäßigen. Die oberste Dienstbehörde kann abweichend von Satz 1 in begründeten Ausnahmefällen von der Ermäßigung absehen. Reisebeihilfen für Heimfahrten werden in entsprechender Anwendung des § 13 der Auslandstrennungsgeldverordnung gezahlt; an die Stelle des Dienstortes tritt der Geschäftsort.</P><P>(2) Bei Auslandsdienstreisen mit mehr als 5 Tagen Aufenthalt am ausländischen Geschäftsort in einer Klimazone mit einem vom mitteleuropäischen erheblich abweichenden Klima werden die Kosten für das Beschaffen klimagerechter Bekleidung bis zur Höhe von 12,6 Prozent des Endgrundgehaltes der Besoldungsgruppe A 13 nach Anlage IV des Bundesbesoldungsgesetzes erstattet. § 21 Absatz 3 und 4 der Auslandsumzugskostenverordnung ist entsprechend anzuwenden, es sei denn, dass aus jahreszeitlichen Gründen klimagerechte Bekleidung nicht beschafft zu werden braucht.</P><P>(3) Bei Auslandsdienstreisen von mehr als 8 Tagen Dauer werden die nachgewiesenen notwendigen Kosten für die Reinigung der Bekleidung erstattet.</P></Content></text><fussnoten/></textdaten></norm>
<norm builddate="20230405213022" doknr="BJNR011400991BJNE000703377"><metadaten><jurabk>ARV 1991</jurabk><jurabk>ARV</jurabk><enbez>§ 6</enbez><titel format="XML">Erkrankung während der Auslandsdienstreise</titel></metadaten><textdaten><text format="XML"><Content><P>Erkrankt ein Auslandsdienstreisender und kann er deswegen nicht an seinen Wohnort zurückkehren, wird Reisekostenvergütung weitergezahlt. Wird er in ein nicht am Wohnort oder in dessen Nähe gelegenes Krankenhaus aufgenommen, erhält er für jeden vollen Kalendertag des Krankenhausaufenthaltes nur Ersatz der notwendigen Auslagen für die Unterkunft am Geschäftsort; bei Aufnahme in ein ausländisches Krankenhaus erhält er darüber hinaus 10 vom Hundert des Auslandstagegeldes nach § 3 Abs. 1 und 2, bei Aufnahme in ein inländisches Krankenhaus 10 vom Hundert des Tagegeldes nach § 6 Absatz 1 Satz 1 und 2 des Bundesreisekostengesetzes in Verbindung mit § 9 Absatz 4a Satz 2 und 3 Nummer 1 des Einkommensteuergesetzes.</P></Content></text><fussnoten/></textdaten></norm>
<norm builddate="20230405213022" doknr="BJNR011400991BJNE000801360"><metadaten><jurabk>ARV 1991</jurabk><jurabk>ARV</jurabk><enbez>(XXXX)§§ 7 und 8</enbez><titel format="XML">(weggefallen)</titel></metadaten><textdaten><text format="XML"><Content><P/></Content></text><fussnoten/></textdaten></norm>
<norm builddate="20230405213022" doknr="BJNR011400991BJNE008100360"><metadaten><jurabk>ARV 1991</jurabk><jurabk>ARV</jurabk><enbez>Anlage</enbez><titel format="XML">(zu § 2 Absatz 2 Satz 1 Nummer 1)<BR/>Liste der Staaten Europas</titel></metadaten><textdaten><text format="XML"><Content><P><noindex><kommentar typ="Fundstelle">(Fundestelle: BGBl. I 2021, 661)</kommentar></noindex></P><P>Zu Europa im Sinne des § 2 Absatz 2 Satz 1 Nummer 1 gehören die folgenden Staaten:</P><P><table colsep="0" frame="none" pgwide="0" rowsep="0" tabstyle="anlage" tocentry="%yes;"><tgroup align="left" char="" charoff="50" cols="1"><colspec colname="col1" colwidth="100*"/><tbody valign="top"><row><entry VJ="1" colname="col1">Albanien</entry></row><row><entry VJ="1" colname="col1">Andorra</entry></row><row><entry VJ="1" colname="col1">Belgien</entry></row><row><entry VJ="1" colname="col1">Bosnien und Herzegowina</entry></row><row><entry VJ="1" colname="col1">Bulgarien</entry></row><row><entry VJ="1" colname="col1">Dänemark<FnR ID="F815836_01_BJNR011400991BJNE008100360"/></entry></row><row><entry VJ="1" colname="col1">Deutschland</entry></row><row><entry VJ="1" colname="col1">Estland</entry></row><row><entry VJ="1" colname="col1">Finnland</entry></row><row><entry VJ="1" colname="col1">Frankreich<FnR ID="F815836_02_BJNR011400991BJNE008100360"/></entry></row><row><entry VJ="1" colname="col1">Griechenland</entry></row><row><entry VJ="1" colname="col1">Irland</entry></row><row><entry VJ="1" colname="col1">Island</entry></row><row><entry VJ="1" colname="col1">Italien<FnR ID="F815836_03_BJNR011400991BJNE008100360"/></entry></row><row><entry VJ="1" colname="col1">Kasachstan<FnR ID="F815836_04_BJNR011400991BJNE008100360"/></entry></row><row><entry VJ="1" colname="col1">Kosovo</entry></row><row><entry VJ="1" colname="col1">Kroatien</entry></row><row><entry VJ="1" colname="col1">Lettland</entry></row><row><entry VJ="1" colname="col1">Liechtenstein</entry></row><row><entry VJ="1" colname="col1">Litauen</entry></row><row><entry VJ="1" colname="col1">Luxemburg</entry></row><row><entry VJ="1" colname="col1">Malta</entry></row><row><entry VJ="1" colname="col1">Republik Moldau</entry></row><row><entry VJ="1" colname="col1">Monaco</entry></row><row><entry VJ="1" colname="col1">Montenegro</entry></row><row><entry VJ="1" colname="col1">Niederlande<FnR ID="F815836_02_BJNR011400991BJNE008100360"/></entry></row><row><entry VJ="1" colname="col1" rowsep="0">Nordmazedonien</entry></row><row><entry VJ="1" colname="col1" rowsep="0">Norwegen</entry></row><row><entry VJ="1" colname="col1" rowsep="0">Österreich</entry></row><row><entry VJ="1" colname="col1" rowsep="0">Polen</entry></row><row><entry VJ="1" colname="col1" rowsep="0">Portugal<FnR ID="F815836_05_BJNR011400991BJNE008100360"/></entry></row><row><entry VJ="1" colname="col1" rowsep="0">Rumänien</entry></row><row><entry VJ="1" colname="col1" rowsep="0">Russische Föderation<FnR ID="F815836_06_BJNR011400991BJNE008100360"/></entry></row><row><entry VJ="1" colname="col1" rowsep="0">San Marino</entry></row><row><entry VJ="1" colname="col1" rowsep="0">Schweden</entry></row><row><entry VJ="1" colname="col1" rowsep="0">Schweiz</entry></row><row><entry VJ="1" colname="col1" rowsep="0">Serbien</entry></row><row><entry VJ="1" colname="col1" rowsep="0">Slowakei</entry></row><row><entry VJ="1" colname="col1" rowsep="0">Slowenien</entry></row><row><entry VJ="1" colname="col1" rowsep="0">Spanien<FnR ID="F815836_07_BJNR011400991BJNE008100360"/></entry></row><row><entry VJ="1" colname="col1" rowsep="0">Tschechien</entry></row><row><entry VJ="1" colname="col1" rowsep="0">Türkei<FnR ID="F815836_04_BJNR011400991BJNE008100360"/></entry></row><row><entry VJ="1" colname="col1" rowsep="0">Ukraine</entry></row><row><entry VJ="1" colname="col1" rowsep="0">Ungarn</entry></row><row><entry VJ="1" colname="col1" rowsep="0">Vatikanstadt</entry></row><row><entry VJ="1" colname="col1" rowsep="0">Vereinigtes Königreich<FnR ID="F815836_02_BJNR011400991BJNE008100360"/></entry></row><row><entry VJ="1" colname="col1">Weißrussland</entry></row></tbody></tgroup></table></P></Content><Footnotes><Footnote FnZ="1" Group="page" ID="F815836_01_BJNR011400991BJNE008100360" Pos="exp">Ohne Grönland.</Footnote><Footnote FnZ="2" Group="page" ID="F815836_02_BJNR011400991BJNE008100360" Pos="exp">Ohne Überseegebiete.</Footnote><Footnote FnZ="3" Group="page" ID="F815836_03_BJNR011400991BJNE008100360" Pos="exp">Ohne Pelagische Inseln.</Footnote><Footnote FnZ="4" Group="page" ID="F815836_04_BJNR011400991BJNE008100360" Pos="exp">Staatsgebiet auf dem europäischen Kontinent.</Footnote><Footnote FnZ="5" Group="page" ID="F815836_05_BJNR011400991BJNE008100360" Pos="exp">Ohne Azoren und Madeira.</Footnote><Footnote FnZ="6" Group="page" ID="F815836_06_BJNR011400991BJNE008100360" Pos="exp">Staatsgebiet westlich der traditionellen Grenze, die entlang des Urals, an der Grenze zu Kasachstan über das Kaspische Meer und von dort entlang der Staatsgrenzen zu Aserbaidschan und Georgien sowie des Nordkaukasus zum Schwarzen Meer verläuft.</Footnote><Footnote FnZ="7" Group="page" ID="F815836_07_BJNR011400991BJNE008100360" Pos="exp">Einschließlich Balearen, ohne Kanaren.</Footnote></Footnotes></text><fussnoten/></textdaten></norm>
</dokumente>