<?xml version="1.0" encoding="UTF-8" ?><!DOCTYPE dokumente SYSTEM "http://www.gesetze-im-internet.de/dtd/1.01/gii-norm.dtd">
<dokumente builddate="20130405124627" doknr="BJNR002240979"><norm builddate="20130405124627" doknr="BJNR002240979"><metadaten><jurabk>PrLagerhBeihV</jurabk><ausfertigung-datum manuell="ja">1979-02-20</ausfertigung-datum><fundstelle typ="amtlich"><periodikum>BGBl I</periodikum><zitstelle>1979, 224</zitstelle></fundstelle><langue>Verordnung über die Gewährung von Beihilfen für die private Lagerhaltung
bestimmter Milcherzeugnisse</langue><standangabe checked="ja"><standtyp>Stand</standtyp><standkommentar>Zuletzt geändert durch Art. 50 G v. 2.8.1994 I 2018</standkommentar></standangabe></metadaten><textdaten><fussnoten><Content><P>(+++ Textnachweis ab: 1.4.1982 +++) <BR/>Überschrift: IdF d. Art. 1 Nr. 1 V v. 6.7.1988 I 1018 mWv 16.7.1988</P></Content></fussnoten></textdaten></norm>
<norm builddate="20130405124627" doknr="BJNR002240979BJNE000100328"><metadaten><jurabk>PrLagerhBeihV</jurabk><enbez>Eingangsformel</enbez></metadaten><textdaten><text format="XML"><Content><P>Auf Grund des § 6 Abs. 1 Nr. 11 und des § 9 des Gesetzes zur Durchführung der gemeinsamen Marktorganisationen vom 31. August 1972 (BGBl. I S. 1617), die durch Artikel 38 Nr. 1 des Gesetzes vom 18. März 1975 (BGBl. I S. 705) geändert worden sind, sowie auf Grund des § 10 Abs. 1 und der §§ 12 und 26 Abs. 2 Nr. 2 des Gesetzes zur Durchführung der gemeinsamen Marktorganisationen wird im Einvernehmen mit den Bundesministern der Finanzen und für Wirtschaft verordnet:</P></Content></text></textdaten></norm>
<norm builddate="20130405124627" doknr="BJNR002240979BJNE000201308"><metadaten><jurabk>PrLagerhBeihV</jurabk><enbez>§ 1</enbez><titel format="parat">Anwendungsbereich</titel></metadaten><textdaten><text format="XML"><Content><P>Die Vorschriften dieser Verordnung gelten für die Durchführung der Rechtsakte des Rates und der Kommission der Europäischen Gemeinschaften im Rahmen der gemeinsamen Marktorganisation für Milch und Milcherzeugnisse hinsichtlich der Gewährung von Beihilfen für die private Lagerhaltung von Butter, Rahm, lagerfähigen Käsesorten und Magermilchpulver.</P></Content></text><fussnoten/></textdaten></norm>
<norm builddate="20130405124627" doknr="BJNR002240979BJNE000301308"><metadaten><jurabk>PrLagerhBeihV</jurabk><enbez>§ 2</enbez><titel format="parat">Zuständigkeit</titel></metadaten><textdaten><text format="XML"><Content><P>Zuständig für die Durchführung dieser Verordnung und der in § 1 genannten Rechtsakte ist die Bundesanstalt für Landwirtschaft und Ernährung (Bundesanstalt).</P></Content></text><fussnoten/></textdaten></norm>
<norm builddate="20130405124627" doknr="BJNR002240979BJNE000400328"><metadaten><jurabk>PrLagerhBeihV</jurabk><enbez>§ 3</enbez><titel format="parat">Form der Verträge</titel></metadaten><textdaten><text format="XML"><Content><P>Die nach den in § 1 genannten Rechtsakten abzuschließenden Lagerverträge haben dem von der Bundesanstalt im Bundesanzeiger bekanntgemachten Muster zu entsprechen.</P></Content></text></textdaten></norm>
<norm builddate="20130405124627" doknr="BJNR002240979BJNE000501308"><metadaten><jurabk>PrLagerhBeihV</jurabk><enbez>§ 4</enbez><titel format="parat">Gewährung der Beihilfe</titel></metadaten><textdaten><text format="XML"><Content><P>(1) Anträge auf Gewährung der Beihilfe sind nach dem von der Bundesanstalt im Bundesanzeiger bekanntgemachten Muster zu stellen.</P><P>(2) Die Bundesanstalt setzt die Beihilfe durch Bescheid fest.</P></Content> </text><fussnoten/></textdaten></norm>
<norm builddate="20130405124627" doknr="BJNR002240979BJNE000602308"><metadaten><jurabk>PrLagerhBeihV</jurabk><enbez>§ 5</enbez></metadaten><textdaten><text format="XML"><Content><P>-</P></Content></text><fussnoten/></textdaten></norm>
<norm builddate="20130405124627" doknr="BJNR002240979BJNE000701308"><metadaten><jurabk>PrLagerhBeihV</jurabk><enbez>§ 6</enbez><titel format="parat">Aufzeichnungs-, Anzeige- und Aufbewahrungspflichten</titel></metadaten><textdaten><text format="XML"><Content><P>Unbeschadet weitergehender Bestimmungen in den in § 1 genannten Rechtsakten ist der Einlagerer verpflichtet, <DL Font="normal" Type="arabic"><DT>1.</DT><DD Font="normal"><LA Size="normal">ordnungsgemäß kaufmännische Bücher zu führen,</LA></DD> <DT>2.</DT><DD Font="normal"><LA Size="normal">gesonderte Aufzeichnungen zu machen über den Zugang und Abgang oder den sonstigen Verbleib sowie den Bestand an Butter, Rahm, lagerfähigen Käsesorten oder Magermilchpulver, der Gegenstand eines Lagervertrages ist,</LA></DD> <DT>3.</DT><DD Font="normal"><LA Size="normal">jede Veränderung hinsichtlich der Voraussetzungen für die Gewährung der Beihilfe der Bundesanstalt unverzüglich mitzuteilen,</LA></DD> <DT>4.</DT><DD Font="normal"><LA Size="normal">der Bundesanstalt nach dem von dieser im Bundesanzeiger bekanntgemachten Muster den Zugang und Abgang oder den sonstigen Verbleib sowie den Bestand<DL Font="normal" Type="arabic"><DT>a)</DT><DD Font="normal"><LA Size="normal">an Butter und Rahm bis zum fünften Tag eines jeden Monats für den vorangegangenen Monat,</LA></DD> <DT>b)</DT><DD Font="normal"><LA Size="normal">an lagerfähigen Käsesorten oder Magermilchpulver innerhalb der in den in § 1 genannten Rechtsakten vorgeschriebenen Frist</LA></DD> </DL></LA><LA Size="normal">zu melden, soweit er Gegenstand eines Lagervertrages ist,</LA></DD>  <DT>5.</DT><DD Font="normal"><LA Size="normal">die in den Nummern 1 und 2 genannten Unterlagen und die sich darauf beziehenden geschäftlichen Belege sieben Jahre lang aufzubewahren, soweit nicht längere Aufbewahrungsfristen nach anderen Vorschriften bestehen,</LA></DD> <DT>6.</DT><DD Font="normal"><LA Size="normal">der Bundesanstalt vor der Herstellung von Rahm, der Gegenstand eines Lagervertrages werden soll, den für die Herstellung vorgesehenen Betrieb, Ort und Zeitraum spätestens drei Werktage vor Beginn der Herstellung anzuzeigen.</LA></DD> </DL></P></Content></text><fussnoten/></textdaten></norm>
<norm builddate="20130405124627" doknr="BJNR002240979BJNE000801308"><metadaten><jurabk>PrLagerhBeihV</jurabk><enbez>§ 7</enbez><titel format="parat">Duldungs- und Mitwirkungspflichten</titel></metadaten><textdaten><text format="XML"><Content><P>Zum Zwecke der Überwachung hat der Einlagerer den Beauftragten der Bundesanstalt das Betreten der Geschäfts-, Betriebs- und angemieteten Lagerräume, die Aufnahme der Bestände an Butter, Rahm, lagerfähigen Käsesorten und Magermilchpulver, die Gegenstand eines Lagervertrages sind, sowie die Entnahme von Proben aus den eingelagerten Butter- und Rahmmengen während der Geschäfts- und Betriebszeit zu gestatten, auf Verlangen die in Betracht kommenden kaufmännischen Bücher, besonderen Aufzeichnungen, Belege und sonstigen Schriftstücke zur Einsicht vorzulegen, Auskunft zu erteilen und die erforderliche Unterstützung zu gewähren. Der Einlagerer hat im Falle automatischer Buchführung auf seine Kosten auf Verlangen Listen mit den erforderlichen Angaben auszudrucken.</P></Content></text><fussnoten/></textdaten></norm>
<norm builddate="20130405124627" doknr="BJNR002240979BJNE000901308"><metadaten><jurabk>PrLagerhBeihV</jurabk><enbez>§ 8</enbez></metadaten><textdaten><text format="XML"><Content><P>-</P></Content></text><fussnoten/></textdaten></norm>
<norm builddate="20130405124627" doknr="BJNR002240979BJNE001101308"><metadaten><jurabk>PrLagerhBeihV</jurabk><enbez>§ 9</enbez><titel format="parat">Inkrafttreten</titel></metadaten><textdaten><text format="XML"><Content><P>Diese Verordnung tritt am 1. April 1979 in Kraft.</P></Content></text><fussnoten/></textdaten></norm>
<norm builddate="20130405124627" doknr="BJNR002240979BJNE001200328"><metadaten><jurabk>PrLagerhBeihV</jurabk><enbez>Schlußformel</enbez></metadaten><textdaten><text format="XML"><Content><P><SP>Der Bundesminister für Ernährung, Landwirtschaft und Forsten</SP></P></Content></text></textdaten></norm>
</dokumente>