<?xml version="1.0" encoding="UTF-8" ?><!DOCTYPE dokumente SYSTEM "http://www.gesetze-im-internet.de/dtd/1.01/gii-norm.dtd">
<dokumente builddate="20120625153427" doknr="BJNR223310962"><norm builddate="20120625153427" doknr="BJNR223310962"><metadaten><jurabk>SVkAbk CHE</jurabk><ausfertigung-datum manuell="ja">1962-05-04</ausfertigung-datum><fundstelle typ="amtlich"><periodikum>BGBl II</periodikum><zitstelle>1962, 2331</zitstelle></fundstelle><langue>Abkommen zwischen der Regierung der Bundesrepublik Deutschland und dem
schweizerischen Bundesrat über die Abschaffung des Sichtvermerkszwangs für
Flüchtlinge</langue></metadaten><textdaten><text format="decorated"/><fussnoten><Content><P>V v. 13.12.1962 II 2330 <BR/>In Kraft gem. § 3 V v. 13.12.1962 mWv 15.5.1962</P></Content></fussnoten></textdaten></norm>
</dokumente>