<?xml version="1.0" encoding="UTF-8" ?><!DOCTYPE dokumente SYSTEM "http://www.gesetze-im-internet.de/dtd/1.01/gii-norm.dtd">
<dokumente builddate="20160101220407" doknr="BJNR123800012"><norm builddate="20160101220407" doknr="BJNR123800012"><metadaten><jurabk>BDGPNEDV</jurabk><amtabk>BDGPNEDV</amtabk><ausfertigung-datum manuell="ja">2012-05-25</ausfertigung-datum><fundstelle typ="amtlich"><periodikum>BGBl I</periodikum><zitstelle>2012, 1238</zitstelle></fundstelle><langue>Verordnung zur Durchführung des Bundesdisziplinargesetzes bei der Bundesanstalt für Post und Telekommunikation Deutsche Bundespost und der Museumsstiftung Post und Telekommunikation</langue><standangabe checked="ja"><standtyp>Stand</standtyp><standkommentar>Geändert durch Art. 1 V v. 22.12.2015 I 2575</standkommentar></standangabe></metadaten><textdaten><fussnoten><Content><P><BR/> <pre xml:space="preserve">(+++ Textnachweis ab: 12.6.2012 +++)<BR/><BR/></pre>Überschrift: IdF d. Art. 1 Nr. 1 V v. 22.12.2015 I 2575 mWv 1.1.2016</P></Content></fussnoten></textdaten></norm>
<norm builddate="20160101220407" doknr="BJNR123800012BJNE000100000"><metadaten><jurabk>BDGPNEDV</jurabk><enbez>Eingangsformel</enbez></metadaten><textdaten><text format="XML"><Content><P>Auf Grund des § 83 Absatz 1 Satz 2 des Bundesdisziplinargesetzes vom 9. Juli 2001 (BGBl. I S. 1510) verordnet das Bundesministerium der Finanzen im Einvernehmen mit dem Bundesministerium des Innern:</P></Content></text></textdaten></norm>
<norm builddate="20160101220407" doknr="BJNR123800012BJNE000201116"><metadaten><jurabk>BDGPNEDV</jurabk><enbez>§ 1</enbez><titel format="XML">Zuständigkeitsübertragung</titel></metadaten><textdaten><text format="XML"><Content><P>(1) Es werden übertragen die Befugnisse des Bundesministeriums der Finanzen als oberste Dienstbehörde<DL Font="normal" Type="arabic"><DT>1.</DT><DD Font="normal"><LA Size="normal">der Beamtinnen und Beamten der Bundesanstalt für Post und Telekommunikation Deutsche Bundespost auf die Präsidentin oder den Präsidenten der Bundesanstalt für Post und Telekommunikation Deutsche Bundespost und</LA></DD><DT>2.</DT><DD Font="normal"><LA Size="normal">der Beamtinnen und Beamten der Museumsstiftung Post und Telekom auf das Kuratorium der Museumsstiftung Post und Telekommunikation.</LA></DD></DL></P><P>(2) Absatz 1 gilt nicht<DL Font="normal" Type="arabic"><DT>1.</DT><DD Font="normal"><LA Size="normal">für die Beamtinnen und Beamten der Bundesanstalt für Post und Telekommunikation Deutsche Bundespost in Ämtern oberhalb der Besoldungsgruppe A 16 sowie für die Präsidentin oder den Präsidenten der Bundesanstalt für Post und Telekommunikation Deutsche Bundespost und</LA></DD><DT>2.</DT><DD Font="normal"><LA Size="normal">für die Beamtinnen und Beamten der Museumsstiftung Post und Telekom in Ämtern oberhalb der Besoldungsgruppe A 13 sowie für die Kuratorin oder den Kurator der Museumsstiftung Post und Telekommunikation.</LA></DD></DL></P><P>(3) Das Bundesministerium der Finanzen behält sich vor, die Befugnisse im Einzelfall selbst wahrzunehmen.</P></Content></text><fussnoten/></textdaten></norm>
<norm builddate="20160101220407" doknr="BJNR123800012BJNE000300000"><metadaten><jurabk>BDGPNEDV</jurabk><enbez>§ 2</enbez><titel format="XML">Übergangsvorschrift</titel></metadaten><textdaten><text format="XML"><Content><P>Behördliche oder gerichtliche Disziplinarverfahren, die vor dem Inkrafttreten dieser Verordnung eingeleitet worden sind, werden nach bisherigem Recht fortgeführt.</P></Content></text></textdaten></norm>
<norm builddate="20160101220407" doknr="BJNR123800012BJNE000400000"><metadaten><jurabk>BDGPNEDV</jurabk><enbez>§ 3</enbez><titel format="XML">Inkrafttreten, Außerkrafttreten</titel></metadaten><textdaten><text format="XML"><Content><P>Diese Verordnung tritt am Tag nach der Verkündung in Kraft. Gleichzeitig tritt die Verordnung zur Durchführung des Bundesdisziplinargesetzes bei der Bundesanstalt für Post und Telekommunikation Deutsche Bundespost vom 28. Juni 1996 (BGBl. I S. 921), die zuletzt durch Artikel 5 des Gesetzes vom 14. September 2005 (BGBl. I S. 2746) geändert worden ist, außer Kraft.</P></Content></text></textdaten></norm>
</dokumente>