<?xml version="1.0" encoding="UTF-8" ?><!DOCTYPE dokumente SYSTEM "http://www.gesetze-im-internet.de/dtd/1.01/gii-norm.dtd">
<dokumente builddate="20200928212513" doknr="BJNR208700981"><norm builddate="20200928212513" doknr="BJNR208700981"><metadaten><jurabk>LMeerSchÜbkG</jurabk><ausfertigung-datum manuell="ja">1981-09-18</ausfertigung-datum><fundstelle typ="amtlich"><periodikum>BGBl II</periodikum><zitstelle>1981, 870</zitstelle></fundstelle><langue>Gesetz zu dem Übereinkommen vom 4. Juni 1974 zur Verhütung der Meeresverschmutzung vom Lande aus</langue><standangabe checked="ja"><standtyp>Stand</standtyp><standkommentar>Zuletzt geändert durch Art. 115 V v. 19.6.2020 I 1328</standkommentar></standangabe></metadaten><textdaten><fussnoten><Content><P><BR/> <pre xml:space="preserve">(+++ Textnachweis ab: 27.9.1981 +++)<BR/><BR/></pre></P></Content></fussnoten></textdaten></norm>
<norm builddate="20200928212513" doknr="BJNR208700981BJNE000100319"><metadaten><jurabk>LMeerSchÜbkG</jurabk><enbez>Eingangsformel</enbez></metadaten><textdaten><text format="XML"><Content><P>Der Bundestag hat mit Zustimmung des Bundesrates das folgende Gesetz beschlossen:</P></Content></text></textdaten></norm>
<norm builddate="20200928212513" doknr="BJNR208700981BJNE000200319"><metadaten><jurabk>LMeerSchÜbkG</jurabk><enbez>Art 1</enbez></metadaten><textdaten><text format="XML"><Content><P><I>Dem in Paris am 11. Juni 1974 von der Bundesrepublik Deutschland unterzeichneten Übereinkommen vom 4. Juni 1974 zur Verhütung der Meeresverschmutzung vom Lande aus wird zugestimmt. Das Übereinkommen wird nachstehend veröffentlicht.</I></P></Content></text><fussnoten><Content><P>Art. 1 Kursivdruck: Betr. Inkraftsetzung d. Übereinkommen BGBl. II 1981 S. 871</P></Content></fussnoten></textdaten></norm>
<norm builddate="20200928212513" doknr="BJNR208700981BJNE000305116"><metadaten><jurabk>LMeerSchÜbkG</jurabk><enbez>Art 2</enbez></metadaten><textdaten><text format="XML"><Content><P>Das Bundesministerium für Umwelt, Naturschutz und nukleare Sicherheit wird ermächtigt, im Einvernehmen mit dem Bundesministerium für Verkehr und digitale Infrastruktur und dem Bundesministerium für Wirtschaft und Energie durch Rechtsverordnung mit Zustimmung des Bundesrates Änderungen der Anlage A des in Artikel 1 dieses Gesetzes genannten Übereinkommens nach dessen Artikel 18, die sich im Rahmen der Ziele des Übereinkommens halten, in Kraft zu setzen.</P></Content></text><fussnoten/></textdaten></norm>
<norm builddate="20200928212513" doknr="BJNR208700981BJNE000400319"><metadaten><jurabk>LMeerSchÜbkG</jurabk><enbez>Art 3</enbez></metadaten><textdaten><text format="XML"><Content><P>Vor der Erteilung von Genehmigungen für die Errichtung und den Betrieb von Rohrleitungen, die vom Hoheitsgebiet der Bundesrepublik Deutschland ausgehend Stoffe im Sinne des Übereinkommens in die Hohe See einleiten, sind das Deutsche Hydrographische Institut und die übrigen beteiligten Behörden des Bundes zu hören.</P></Content></text></textdaten></norm>
<norm builddate="20200928212513" doknr="BJNR208700981BJNE000500319"><metadaten><jurabk>LMeerSchÜbkG</jurabk><enbez>Art 4</enbez></metadaten><textdaten><text format="XML"><Content><P>Dieses Gesetz gilt auch im Land Berlin, sofern das Land Berlin die Anwendung dieses Gesetzes feststellt. Rechtsverordnungen, die auf Grund dieses Gesetzes erlassen werden, gelten im Land Berlin nach § 14 des Dritten Überleitungsgesetzes.</P></Content></text></textdaten></norm>
<norm builddate="20200928212513" doknr="BJNR208700981BJNE000600319"><metadaten><jurabk>LMeerSchÜbkG</jurabk><enbez>Art 5</enbez></metadaten><textdaten><text format="XML"><Content><P>(1) Dieses Gesetz tritt am Tag nach seiner Verkündung in Kraft.</P><P>(2)</P></Content> </text><fussnoten/></textdaten></norm>
</dokumente>