<?xml version="1.0" encoding="UTF-8" ?><!DOCTYPE dokumente SYSTEM "http://www.gesetze-im-internet.de/dtd/1.01/gii-norm.dtd">
<dokumente builddate="20130405133212" doknr="DDNR514790990"><norm builddate="20130405133212" doknr="DDNR514790990"><metadaten><jurabk>NatPMSchweizV</jurabk><ausfertigung-datum manuell="ja">1990-09-12</ausfertigung-datum><fundstelle typ="amtlich"><periodikum>GBl DDR</periodikum><zitstelle>1990, SDr 1479</zitstelle></fundstelle><langue>Verordnung über die Festsetzung von Naturschutzgebieten und einem
Landschaftsschutzgebiet von zentraler Bedeutung als Naturpark &quot;Märkische
Schweiz&quot;</langue></metadaten><textdaten><text format="XML"><Content><P/></Content></text><fussnoten><Content><P>Fortgeltendes Recht der ehem. Deutschen Demokratischen Republik gem. Art. 3 Nr. 30 Buchst. n EinigVtrVbg v. 18.9.1990 II 1239 nach Maßgabe d. Art. 9 EinigVtr v. 31.8.1990 iVm Art. 1 G v. 23.9.1990 II 885, 889 mWv 3.10.1990. <BR/>(+++ Maßgaben aufgrund EinigVtr vgl. NatPMSchweizV Anhang EV +++) <BR/>(+++ Textnachweis Geltung ab:  3.10.1990 +++)</P></Content></fussnoten></textdaten></norm>
<norm builddate="20130405133212" doknr="DDNR514790990BJNE000100307"><metadaten><jurabk>NatPMSchweizV</jurabk><enbez>Eingangsformel</enbez></metadaten><textdaten><text format="XML"><Content><P>Auf Grund des Art. 6 § 6 Nr. 1 des Umweltrahmengesetzes vom 29. Juni 1990 (GBl. I Nr. 42 S. 649) in Verbindung mit §§ 12, 13, 15 und 16 des Bundesnaturschutzgesetzes wird verordnet:</P></Content></text></textdaten></norm>
<norm builddate="20130405133212" doknr="DDNR514790990BJNE000200307"><metadaten><jurabk>NatPMSchweizV</jurabk><enbez>§ 1</enbez><titel format="parat">Festsetzung</titel></metadaten><textdaten><text format="XML"><Content><P>(1) In dem in § 2 näher bezeichneten Umfang werden im Bereich der Märkischen Schweiz Naturschutzgebiete von zentraler Bedeutung und ein Landschaftsschutzgebiet von zentraler Bedeutung als Naturpark festgesetzt.</P><P>(2) Der Naturpark erhält die Bezeichnung &quot;Naturpark Märkische Schweiz&quot;.</P></Content> </text></textdaten></norm>
<norm builddate="20130405133212" doknr="DDNR514790990BJNE000300307"><metadaten><jurabk>NatPMSchweizV</jurabk><enbez>§ 2</enbez><titel format="parat">Flächenbeschreibung und Abgrenzung</titel></metadaten><textdaten><text format="XML"><Content><P>(1) Der Naturpark Märkische Schweiz ist ein an unterschiedlichen Waldbestockungen, vielfältig strukturierten Agrarlandschaften und Gewässern reiches Gebiet. Es ist ein typischer Ausschnitt aus dem Endmoränenbogen des Frankfurter Stadiums der Weichselvereisung. Daraus ergibt sich die starke Reliefierung und eine besonders große Mannigfaltigkeit an Lebensräumen für Pflanzen und Tiere. Das Gebiet hat auf Grund einer besonderen Ausstattung und seiner Lage im Umland von Berlin einen hervorragenden Stellenwert für Erholung und Tourismus.</P><P>(2) Alle den Naturpark begrenzenden Straßen und Wege sind einschließlich beider Banketten Bestandteile des Naturparkes. <BR/>Zur Grenzbeschreibung werden topographische Karten im M 1:25.000 (1: BDS - Karten und 2: Volkswirtschaftskarten) verwendet. Die Bezeichnung der Verkehrsstraßen erfolgt auf der Grundlage der Straßenkarte des Bezirkes Frankfurt (Oder) im M 1:100.000 (3:). <BR/>Der Naturpark Märkische Schweiz ist folgendermaßen im Uhrzeigersinn begrenzt: <DL Font="normal" Type="arabic"><DT>1.</DT><DD Font="normal"><LA Size="normal">Ausgangspunkt</LA><LA Size="normal">Der Ausgangspunkt befindet sich hinter dem Ortsausgangsschild in Müncheberg auf Höhe der Abfahrt nach Fürstenwalde auf der linken Fahrbahnseite der Fernverkehrsstraße F 1.</LA></DD>   </DL><BR/><table frame="none" tocentry="%yes;">
	<tgroup align="left" char="" charoff="50" cols="5" colsep="0" rowsep="0">
		<colspec colname="col1" colnum="1" colwidth="10*"/>
		<colspec colname="col2" colnum="2" colwidth="5*"/>
		<colspec colname="col3" colnum="3" colwidth="25*"/>
		<colspec colname="col4" colnum="4" colwidth="25*"/>
		<colspec colname="col5" colnum="5" colwidth="25*"/>
		<tbody valign="top">
			<row>
				<entry VJ="1" align="left" colsep="0" valign="top">Ausgangspunkt</entry>
				<entry VJ="1" align="left" colsep="0" valign="top">1:</entry>
				<entry VJ="1" align="left" colsep="0" valign="top">N-33-125-A-c</entry>
				<entry VJ="1" align="left" colsep="0" valign="top">Hochwert</entry>
				<entry VJ="1" align="left" colsep="0" valign="top">5819-21</entry>
			</row>
			<row>
				<entry VJ="1" align="left" colsep="0" morerows="3" valign="top"> </entry>
				<entry VJ="1" align="left" colsep="0" morerows="1" valign="top"> </entry>
				<entry VJ="1" align="left" colsep="0" valign="top">Buckow/Märk.</entry>
				<entry VJ="1" align="left" colsep="0" valign="top">Rechtswert</entry>
				<entry VJ="1" align="left" colsep="0" valign="top">3439-24</entry>
			</row>
			<row>
				<entry VJ="1" align="left" colsep="0" valign="top">Schweiz</entry>
				<entry VJ="1" align="left" colsep="0" valign="top"> </entry>
				<entry VJ="1" align="left" colsep="0" valign="top"> </entry>
			</row>
			<row>
				<entry VJ="1" align="left" colsep="0" valign="top">2:</entry>
				<entry VJ="1" align="left" colsep="0" valign="top">0810-13</entry>
				<entry VJ="1" align="left" colsep="0" valign="top">Hochwert</entry>
				<entry VJ="1" align="left" colsep="0" valign="top">5818-38</entry>
			</row>
			<row>
				<entry VJ="1" align="left" colsep="0" valign="top"> </entry>
				<entry VJ="1" align="left" colsep="0" valign="top"> </entry>
				<entry VJ="1" align="left" colsep="0" valign="top">Rechtswert</entry>
				<entry VJ="1" align="left" colsep="0" valign="top">5439-25</entry>
			</row>
		</tbody>
	</tgroup>
</table> <DL Font="normal" Type="arabic"><DT>2.</DT><DD Font="normal"><LA Size="normal">Südgrenze</LA><LA Size="normal">die Fernverkehrsstraße F 1 Richtung Berlin bis 0,25 km vor dem Abzweig der Landstraße Richtung Kienbaum (11,5 km);</LA></DD>   </DL><BR/><table frame="none" tocentry="%yes;">
	<tgroup align="left" char="" charoff="50" cols="5" colsep="0" rowsep="0">
		<colspec colname="col1" colnum="1" colwidth="20*"/>
		<colspec colname="col2" colnum="2" colwidth="5*"/>
		<colspec colname="col3" colnum="3" colwidth="20*"/>
		<colspec colname="col4" colnum="4" colwidth="20*"/>
		<colspec colname="col5" colnum="5" colwidth="20*"/>
		<tbody valign="top">
			<row>
				<entry VJ="1" align="left" colsep="0" valign="top">Orientierungspunkt</entry>
				<entry VJ="1" align="left" colsep="0" valign="top">1:</entry>
				<entry VJ="1" align="left" colsep="0" valign="top">N-33-124-D-b</entry>
				<entry VJ="1" align="left" colsep="0" valign="top">Hochwert</entry>
				<entry VJ="1" align="left" colsep="0" valign="top">5817-12</entry>
			</row>
			<row>
				<entry VJ="1" align="left" colsep="0" morerows="2" valign="top"> </entry>
				<entry VJ="1" align="left" colsep="0" valign="top"> </entry>
				<entry VJ="1" align="left" colsep="0" valign="top">Kagel</entry>
				<entry VJ="1" align="left" colsep="0" valign="top">Rechtswert</entry>
				<entry VJ="1" align="left" colsep="0" valign="top">3428-23</entry>
			</row>
			<row>
				<entry VJ="1" align="left" colsep="0" valign="top">2:</entry>
				<entry VJ="1" align="left" colsep="0" valign="top">0809-42</entry>
				<entry VJ="1" align="left" colsep="0" valign="top">Hochwert</entry>
				<entry VJ="1" align="left" colsep="0" valign="top">5816-34</entry>
			</row>
			<row>
				<entry VJ="1" align="left" colsep="0" valign="top"> </entry>
				<entry VJ="1" align="left" colsep="0" valign="top"> </entry>
				<entry VJ="1" align="left" colsep="0" valign="top">Rechtswert</entry>
				<entry VJ="1" align="left" colsep="0" valign="top">5428-24</entry>
			</row>
		</tbody>
	</tgroup>
</table> <DL Font="normal" Type="arabic"><DT>3.</DT><DD Font="normal"><LA Size="normal">Westgrenze</LA><LA Size="normal">vom Orientierungspunkt an der Fernverkehrsstraße F 1 den Fahrweg am NW-Rand des Roten Luches in Richtung NE (3,5 km) bis zum Abzweig des Fahrweges nach Sophienfelde; der Fahrweg über Sophienfelde in Richtung N bis zur Eisenbahnlinie Berlin - Kietz (3,3 km) am westlichen Waldrand; die Eisenbahnlinie 0,25 km in Richtung Müncheberg bis zur Waldkante auf der Nordseite der Bahnlinie; die Waldkante Richtung N (0,35 km) bis zum Fahrweg nach Anitz; der Fahrweg nach Anitz Richtung W (0,6 km), die Ortsverbindungsstraße über Garzau bis zur Kreuzung der Landstraße Rehfelde - Strausberg (3,0 km); die Landstraße (3: Landstraße II. Ordnung Nr. 140) Richtung Strausberg (0,12 km) bis zum Abzweig der Ortsverbindungsstraße nach Hohenstein (4,2 km); die Landstraße (3: Landstraße I. Ordnung Nr. 71) nach Ruhlsdorf (1,6 km) bis zum nördlichen Abzweig des Fahrweges nach Klosterdorf; der Fahrweg nach Klosterdorf (1,2 km) bis zur Feldgehölzhecke, die den Fahrweg von W nach E kreuzt;</LA></DD>   </DL><BR/><table frame="none" tocentry="%yes;">
	<tgroup align="left" char="" charoff="50" cols="5" colsep="0" rowsep="0">
		<colspec colname="col1" colnum="1" colwidth="30*"/>
		<colspec colname="col2" colnum="2" colwidth="5*"/>
		<colspec colname="col3" colnum="3" colwidth="20*"/>
		<colspec colname="col4" colnum="4" colwidth="20*"/>
		<colspec colname="col5" colnum="5" colwidth="20*"/>
		<tbody valign="top">
			<row>
				<entry VJ="1" align="left" colsep="0" valign="top">Orientierungspunkt</entry>
				<entry VJ="1" align="left" colsep="0" valign="top">1:</entry>
				<entry VJ="1" align="left" colsep="0" valign="top">N-33-124-B-d</entry>
				<entry VJ="1" align="left" colsep="0" valign="top">Hochwert</entry>
				<entry VJ="1" align="left" colsep="0" valign="top">5828-12</entry>
			</row>
			<row>
				<entry VJ="1" align="left" colsep="0" valign="top"> </entry>
				<entry VJ="1" align="left" colsep="0" valign="top"> </entry>
				<entry VJ="1" align="left" colsep="0" valign="top">Strausberg</entry>
				<entry VJ="1" align="left" colsep="0" valign="top">Rechtswert</entry>
				<entry VJ="1" align="left" colsep="0" valign="top">3431-04</entry>
			</row>
			<row>
				<entry VJ="1" align="left" colsep="0" valign="top"> </entry>
				<entry VJ="1" align="left" colsep="0" valign="top">2:</entry>
				<entry VJ="1" align="left" colsep="0" valign="top">0809-24</entry>
				<entry VJ="1" align="left" colsep="0" valign="top">Hochwert</entry>
				<entry VJ="1" align="left" colsep="0" valign="top">5827-29</entry>
			</row>
			<row>
				<entry VJ="1" align="left" colsep="0" valign="top"> </entry>
				<entry VJ="1" align="left" colsep="0" valign="top"> </entry>
				<entry VJ="1" align="left" colsep="0" valign="top"> </entry>
				<entry VJ="1" align="left" colsep="0" valign="top">Rechtswert</entry>
				<entry VJ="1" align="left" colsep="0" valign="top">5431-04</entry>
			</row>
		</tbody>
	</tgroup>
</table> <DL Font="normal" Type="arabic"><DT/><DD Font="normal"><LA Size="normal">Feldgehölz gleichzeitig Gemarkungsgrenze zu Klosterdorf; die Gemarkungsgrenze (4,6 km) in Richtung N bis Kähnsdorf; (das Feldgehölz (0,32 km) Richtung E bis zur Waldkante; der Fahrweg (4,28 km) an den westlichen Grenzen der Abteilungen 5150, 5147, 5144, 5183, 5179, 5175, 5172 (von S nach N) des Forstreviers 5,01 Prötzel, Oberförsterei 05 Heidekrug, bis zur Ortsverbindungsstraße Kosterdorf - Kähnsdorf - Prötzel in Kähnsdorf);</LA><LA Size="normal">die Ortsverbindungslinie von Kähnsdorf nach Prötzel (2,0 km);</LA></DD>   </DL><BR/><table frame="none" tocentry="%yes;">
	<tgroup align="left" char="" charoff="50" cols="5" colsep="0" rowsep="0">
		<colspec colname="col1" colnum="1" colwidth="30*"/>
		<colspec colname="col2" colnum="2" colwidth="5*"/>
		<colspec colname="col3" colnum="3" colwidth="20*"/>
		<colspec colname="col4" colnum="4" colwidth="20*"/>
		<colspec colname="col5" colnum="5" colwidth="20*"/>
		<tbody valign="top">
			<row>
				<entry VJ="1" align="left" colsep="0" valign="top">Orientierungspunkt </entry>
				<entry VJ="1" align="left" colsep="0" valign="top">1:</entry>
				<entry VJ="1" align="left" colsep="0" valign="top">N-33-124-B-b</entry>
				<entry VJ="1" align="left" colsep="0" valign="top">Hochwert</entry>
				<entry VJ="1" align="left" colsep="0" valign="top">5834-20</entry>
			</row>
			<row>
				<entry VJ="1" align="left" colsep="0" valign="top"> </entry>
				<entry VJ="1" align="left" colsep="0" valign="top"> </entry>
				<entry VJ="1" align="left" colsep="0" valign="top">Strausberg Nord</entry>
				<entry VJ="1" align="left" colsep="0" valign="top">Rechtswert</entry>
				<entry VJ="1" align="left" colsep="0" valign="top">3431-01</entry>
			</row>
			<row>
				<entry VJ="1" align="left" colsep="0" valign="top"> </entry>
				<entry VJ="1" align="left" colsep="0" valign="top">2:</entry>
				<entry VJ="1" align="left" colsep="0" valign="top">0809-22</entry>
				<entry VJ="1" align="left" colsep="0" valign="top">Hochwert</entry>
				<entry VJ="1" align="left" colsep="0" valign="top">5833-33</entry>
			</row>
			<row>
				<entry VJ="1" align="left" colsep="0" valign="top"> </entry>
				<entry VJ="1" align="left" colsep="0" valign="top"> </entry>
				<entry VJ="1" align="left" colsep="0" valign="top"> </entry>
				<entry VJ="1" align="left" colsep="0" valign="top">Rechtswert</entry>
				<entry VJ="1" align="left" colsep="0" valign="top">5431-00</entry>
			</row>
		</tbody>
	</tgroup>
</table> <DL Font="normal" Type="arabic"><DT>4.</DT><DD Font="normal"><LA Size="normal">Nordgrenze</LA><LA Size="normal">die Landstraße (3: Landstraße 1. Ordnung Nr. 69) in der Ortslage Prötzel bis zur Landstraße (3. Landstraße I. Ordnung Nr. 68) nach Müncheberg (0,7 km); die Landstraße I. Ordnung Nr. 68 nach Prädikow (2,0 km);</LA></DD>   </DL><BR/><table frame="none" tocentry="%yes;">
	<tgroup align="left" char="" charoff="50" cols="5" colsep="0" rowsep="0">
		<colspec colname="col1" colnum="1" colwidth="30*"/>
		<colspec colname="col2" colnum="2" colwidth="5*"/>
		<colspec colname="col3" colnum="3" colwidth="20*"/>
		<colspec colname="col4" colnum="4" colwidth="20*"/>
		<colspec colname="col5" colnum="5" colwidth="20*"/>
		<tbody valign="top">
			<row>
				<entry VJ="1" align="left" colsep="0" valign="top">Orientierungspunkt</entry>
				<entry VJ="1" align="left" colsep="0" valign="top">1:</entry>
				<entry VJ="1" align="left" colsep="0" valign="top">N-33-125-A-a</entry>
				<entry VJ="1" align="left" colsep="0" valign="top">Hochwert</entry>
				<entry VJ="1" align="left" colsep="0" valign="top">5834-00</entry>
			</row>
			<row>
				<entry VJ="1" align="left" colsep="0" valign="top"> </entry>
				<entry VJ="1" align="left" colsep="0" valign="top"> </entry>
				<entry VJ="1" align="left" colsep="0" valign="top">Reichenow</entry>
				<entry VJ="1" align="left" colsep="0" valign="top">Rechtswert</entry>
				<entry VJ="1" align="left" colsep="0" valign="top">3433-13</entry>
			</row>
			<row>
				<entry VJ="1" align="left" colsep="0" valign="top"> </entry>
				<entry VJ="1" align="left" colsep="0" valign="top">2:</entry>
				<entry VJ="1" align="left" colsep="0" valign="top">0810-11</entry>
				<entry VJ="1" align="left" colsep="0" valign="top">Hochwert</entry>
				<entry VJ="1" align="left" colsep="0" valign="top">5833-17</entry>
			</row>
			<row>
				<entry VJ="1" align="left" colsep="0" valign="top"> </entry>
				<entry VJ="1" align="left" colsep="0" valign="top"> </entry>
				<entry VJ="1" align="left" colsep="0" valign="top"> </entry>
				<entry VJ="1" align="left" colsep="0" valign="top">Rechtswert</entry>
				<entry VJ="1" align="left" colsep="0" valign="top">5433-14</entry>
			</row>
		</tbody>
	</tgroup>
</table> <DL Font="normal" Type="arabic"><DT/><DD Font="normal"><LA Size="normal">der Fahrweg von Prädikow nach Ihlow (4,0 km) bis zur Landstraße (3: Landstraße II. Ordnung Nr. 138); die Landstraße II. Ordnung Nr. 138 von Ihlow nach Reichenberg (3,3 km) bis zur Landstraße (3: Landstraße I. Ordnung Nr. 71) nach Ringenwalde; die Landstraße I. Ordnung Nr. 71 von Reichenberg über Ringenwalde bis zum Abzweig des Fahrweges nach Altfriedland (2,75 km);</LA></DD>  </DL><BR/><table frame="none" tocentry="%yes;">
	<tgroup align="left" char="" charoff="50" cols="5" colsep="0" rowsep="0">
		<colspec colname="col1" colnum="1" colwidth="30*"/>
		<colspec colname="col2" colnum="2" colwidth="5*"/>
		<colspec colname="col3" colnum="3" colwidth="20*"/>
		<colspec colname="col4" colnum="4" colwidth="20*"/>
		<colspec colname="col5" colnum="5" colwidth="20*"/>
		<tbody valign="top">
			<row>
				<entry VJ="1" align="left" colsep="0" valign="top">Orientierungspunkt</entry>
				<entry VJ="1" align="left" colsep="0" valign="top">1:</entry>
				<entry VJ="1" align="left" colsep="0" valign="top">N-33-125-A-b</entry>
				<entry VJ="1" align="left" colsep="0" valign="top">Hochwert</entry>
				<entry VJ="1" align="left" colsep="0" valign="top">5832-08</entry>
			</row>
			<row>
				<entry VJ="1" align="left" colsep="0" valign="top"> </entry>
				<entry VJ="1" align="left" colsep="0" valign="top"> </entry>
				<entry VJ="1" align="left" colsep="0" valign="top">Marxwalde</entry>
				<entry VJ="1" align="left" colsep="0" valign="top">Rechtswert</entry>
				<entry VJ="1" align="left" colsep="0" valign="top">3442-20</entry>
			</row>
			<row>
				<entry VJ="1" align="left" colsep="0" valign="top"> </entry>
				<entry VJ="1" align="left" colsep="0" valign="top">2:</entry>
				<entry VJ="1" align="left" colsep="0" valign="top">0810-12</entry>
				<entry VJ="1" align="left" colsep="0" valign="top">Hochwert</entry>
				<entry VJ="1" align="left" colsep="0" valign="top">5631-24</entry>
			</row>
			<row>
				<entry VJ="1" align="left" colsep="0" valign="top"> </entry>
				<entry VJ="1" align="left" colsep="0" valign="top"> </entry>
				<entry VJ="1" align="left" colsep="0" valign="top"> </entry>
				<entry VJ="1" align="left" colsep="0" valign="top">Rechtswert</entry>
				<entry VJ="1" align="left" colsep="0" valign="top">5442-21</entry>
			</row>
		</tbody>
	</tgroup>
</table> <DL Font="normal" Type="arabic"><DT/><DD Font="normal"><LA Size="normal">der Fahrweg nach Altfriedland von Ringenwalde Richtung E bis zur Fernverkehrsstraße F 167 (3,65 km);</LA><LA Size="normal">(nördliche Grenzen der Abteilungen 2824, 2823, 2816, 2822, 2821 (von W nach E) des Forstreviers 2.08 Altfriedland der Oberförsterei 02 Seelow);</LA><LA Size="normal">der Fahrweg am Westufer des Klostersees bei Altfriedland in Richtung N bis zur Landstraße (3: Landstraße I. Ordnung Nr. 71) Gottesgabe - Neufriedland (2,1 km);</LA></DD>    </DL><BR/><table frame="none" tocentry="%yes;">
	<tgroup align="left" char="" charoff="50" cols="5" colsep="0" rowsep="0">
		<colspec colname="col1" colnum="1" colwidth="30*"/>
		<colspec colname="col2" colnum="2" colwidth="5*"/>
		<colspec colname="col3" colnum="3" colwidth="20*"/>
		<colspec colname="col4" colnum="4" colwidth="20*"/>
		<colspec colname="col5" colnum="5" colwidth="20*"/>
		<tbody valign="top">
			<row>
				<entry VJ="1" align="left" colsep="0" valign="top">Orientierungspunkt</entry>
				<entry VJ="1" align="left" colsep="0" valign="top">1:</entry>
				<entry VJ="1" align="left" colsep="0" valign="top">N-33-125-A-b</entry>
				<entry VJ="1" align="left" colsep="0" valign="top">Hochwert</entry>
				<entry VJ="1" align="left" colsep="0" valign="top">5834-34</entry>
			</row>
			<row>
				<entry VJ="1" align="left" colsep="0" valign="top"> </entry>
				<entry VJ="1" align="left" colsep="0" valign="top"> </entry>
				<entry VJ="1" align="left" colsep="0" valign="top">Marxwalde</entry>
				<entry VJ="1" align="left" colsep="0" valign="top">Rechtswert</entry>
				<entry VJ="1" align="left" colsep="0" valign="top">3446-09</entry>
			</row>
			<row>
				<entry VJ="1" align="left" colsep="0" valign="top"> </entry>
				<entry VJ="1" align="left" colsep="0" valign="top">2:</entry>
				<entry VJ="1" align="left" colsep="0" valign="top">0810-12</entry>
				<entry VJ="1" align="left" colsep="0" valign="top">Hochwert</entry>
				<entry VJ="1" align="left" colsep="0" valign="top">5834-11</entry>
			</row>
			<row>
				<entry VJ="1" align="left" colsep="0" valign="top"> </entry>
				<entry VJ="1" align="left" colsep="0" valign="top"> </entry>
				<entry VJ="1" align="left" colsep="0" valign="top"> </entry>
				<entry VJ="1" align="left" colsep="0" valign="top">Rechtswert</entry>
				<entry VJ="1" align="left" colsep="0" valign="top">5446-09</entry>
			</row>
		</tbody>
	</tgroup>
</table> <DL Font="normal" Type="arabic"><DT/><DD Font="normal"><LA Size="normal">die Landstraße I. Ordnung Nr. 71 Richtung E bis zum Quappendorfer Kanal (1,45 km); der Quappendorfer Kanal in Richtung E (0,75 km);</LA></DD>  </DL><BR/><table frame="none" tocentry="%yes;">
	<tgroup align="left" char="" charoff="50" cols="5" colsep="0" rowsep="0">
		<colspec colname="col1" colnum="1" colwidth="30*"/>
		<colspec colname="col2" colnum="2" colwidth="5*"/>
		<colspec colname="col3" colnum="3" colwidth="20*"/>
		<colspec colname="col4" colnum="4" colwidth="20*"/>
		<colspec colname="col5" colnum="5" colwidth="20*"/>
		<tbody valign="top">
			<row>
				<entry VJ="1" align="left" colsep="0" valign="top">Orientierungspunkt</entry>
				<entry VJ="1" align="left" colsep="0" valign="top">1:</entry>
				<entry VJ="1" align="left" colsep="0" valign="top">N-33-125-A-b</entry>
				<entry VJ="1" align="left" colsep="0" valign="top">Hochwert</entry>
				<entry VJ="1" align="left" colsep="0" valign="top">5834-28</entry>
			</row>
			<row>
				<entry VJ="1" align="left" colsep="0" valign="top"> </entry>
				<entry VJ="1" align="left" colsep="0" valign="top"> </entry>
				<entry VJ="1" align="left" colsep="0" valign="top">Marxwalde</entry>
				<entry VJ="1" align="left" colsep="0" valign="top">Rechtswert</entry>
				<entry VJ="1" align="left" colsep="0" valign="top">3448-12</entry>
			</row>
			<row>
				<entry VJ="1" align="left" colsep="0" valign="top"> </entry>
				<entry VJ="1" align="left" colsep="0" valign="top">2:</entry>
				<entry VJ="1" align="left" colsep="0" valign="top">0810-12</entry>
				<entry VJ="1" align="left" colsep="0" valign="top">Hochwert</entry>
				<entry VJ="1" align="left" colsep="0" valign="top">5834-04</entry>
			</row>
			<row>
				<entry VJ="1" align="left" colsep="0" valign="top"> </entry>
				<entry VJ="1" align="left" colsep="0" valign="top"> </entry>
				<entry VJ="1" align="left" colsep="0" valign="top"> </entry>
				<entry VJ="1" align="left" colsep="0" valign="top">Rechtswert</entry>
				<entry VJ="1" align="left" colsep="0" valign="top">5448-13</entry>
			</row>
		</tbody>
	</tgroup>
</table> <DL Font="normal" Type="arabic"><DT>5.</DT><DD Font="normal"><LA Size="normal">Ostgrenze</LA><LA Size="normal">vom Quappendorfer Kanal nach S (4,0 km) entlang dem Waldweg 0,25 km parallel dem Ostufer des Kietzer Sees bis zur Fernverkehrsstraße F 167;</LA></DD>   </DL><BR/><table frame="none" tocentry="%yes;">
	<tgroup align="left" char="" charoff="50" cols="5" colsep="0" rowsep="0">
		<colspec colname="col1" colnum="1" colwidth="30*"/>
		<colspec colname="col2" colnum="2" colwidth="5*"/>
		<colspec colname="col3" colnum="3" colwidth="20*"/>
		<colspec colname="col4" colnum="4" colwidth="20*"/>
		<colspec colname="col5" colnum="5" colwidth="20*"/>
		<tbody valign="top">
			<row>
				<entry VJ="1" align="left" colsep="0" valign="top">Orientierungspunkt</entry>
				<entry VJ="1" align="left" colsep="0" valign="top">1:</entry>
				<entry VJ="1" align="left" colsep="0" valign="top">N-33-125-A-b</entry>
				<entry VJ="1" align="left" colsep="0" valign="top">Hochwert</entry>
				<entry VJ="1" align="left" colsep="0" valign="top">5831-20</entry>
			</row>
			<row>
				<entry VJ="1" align="left" colsep="0" valign="top"> </entry>
				<entry VJ="1" align="left" colsep="0" valign="top"> </entry>
				<entry VJ="1" align="left" colsep="0" valign="top">Marxwalde</entry>
				<entry VJ="1" align="left" colsep="0" valign="top">Rechtswert</entry>
				<entry VJ="1" align="left" colsep="0" valign="top">3446-22</entry>
			</row>
			<row>
				<entry VJ="1" align="left" colsep="0" valign="top"> </entry>
				<entry VJ="1" align="left" colsep="0" valign="top">2:</entry>
				<entry VJ="1" align="left" colsep="0" valign="top">0810-12</entry>
				<entry VJ="1" align="left" colsep="0" valign="top">Hochwert</entry>
				<entry VJ="1" align="left" colsep="0" valign="top">5830-36</entry>
			</row>
			<row>
				<entry VJ="1" align="left" colsep="0" valign="top"> </entry>
				<entry VJ="1" align="left" colsep="0" valign="top"> </entry>
				<entry VJ="1" align="left" colsep="0" valign="top"> </entry>
				<entry VJ="1" align="left" colsep="0" valign="top">Rechtswert</entry>
				<entry VJ="1" align="left" colsep="0" valign="top">3446-22</entry>
			</row>
		</tbody>
	</tgroup>
</table> <DL Font="normal" Type="arabic"><DT/><DD Font="normal"><LA Size="normal">der Fahrweg nach Hermersdorf in Richtung S bis zur Kreisgrenze (2,3 km);</LA><LA Size="normal">(westliche Grenzen der Abteilungen 2736, <ABWFORMAT typ="A"/>2727a(hoch)1 a(hoch)2 <ABWFORMAT typ="A"/>a(hoch)9 a(hoch)10, 2731, 2727a(hoch)5 des Forstreviers 2.07 Marxwalde der Oberförsterei 02 Seelow);</LA><LA Size="normal">die Kreisgrenze nach S bis zur Eisenbahnlinie Berlin - Kietz (7,5 km); die Eisenbahnlinie Richtung Berlin bis zum Münchehofer Weg (3,95 km); der Münchehofer Weg Richtung S bis zur nördlichen Grenze der Versuchsflächen des Instituts für Obstzüchtung (1,1 km); der Fahrweg an der Grenze der Versuchsflächen bis zum ehemaligen Bahndamm, die nördliche Grenze der Versuchsflächen und die Betriebsgeländegrenze des Forschungszentrums für Bodenfruchtbarkeit Müncheberg bis zum Dahmsdorfer Weg (2,0 km);</LA></DD>    </DL><BR/><table frame="none" tocentry="%yes;">
	<tgroup align="left" char="" charoff="50" cols="5" colsep="0" rowsep="0">
		<colspec colname="col1" colnum="1" colwidth="30*"/>
		<colspec colname="col2" colnum="2" colwidth="5*"/>
		<colspec colname="col3" colnum="3" colwidth="20*"/>
		<colspec colname="col4" colnum="4" colwidth="20*"/>
		<colspec colname="col5" colnum="5" colwidth="20*"/>
		<tbody valign="top">
			<row>
				<entry VJ="1" align="left" colsep="0" valign="top">Orientierungspunkt</entry>
				<entry VJ="1" align="left" colsep="0" valign="top">1:</entry>
				<entry VJ="1" align="left" colsep="0" valign="top">N-33-125-A-c</entry>
				<entry VJ="1" align="left" colsep="0" valign="top">Hochwert</entry>
				<entry VJ="1" align="left" colsep="0" valign="top">5821-25</entry>
			</row>
			<row>
				<entry VJ="1" align="left" colsep="0" valign="top"> </entry>
				<entry VJ="1" align="left" colsep="0" valign="top"> </entry>
				<entry VJ="1" align="left" colsep="0" valign="top">Buckow/Märk. Schweiz</entry>
				<entry VJ="1" align="left" colsep="0" valign="top">Rechtswert</entry>
				<entry VJ="1" align="left" colsep="0" valign="top">3439-31</entry>
			</row>
			<row>
				<entry VJ="1" align="left" colsep="0" valign="top"> </entry>
				<entry VJ="1" align="left" colsep="0" valign="top">2:</entry>
				<entry VJ="1" align="left" colsep="0" valign="top">0810-13</entry>
				<entry VJ="1" align="left" colsep="0" valign="top">Hochwert</entry>
				<entry VJ="1" align="left" colsep="0" valign="top">5821-03</entry>
			</row>
			<row>
				<entry VJ="1" align="left" colsep="0" valign="top"> </entry>
				<entry VJ="1" align="left" colsep="0" valign="top"> </entry>
				<entry VJ="1" align="left" colsep="0" valign="top"> </entry>
				<entry VJ="1" align="left" colsep="0" valign="top">Rechtswert</entry>
				<entry VJ="1" align="left" colsep="0" valign="top">5439-32</entry>
			</row>
		</tbody>
	</tgroup>
</table> <DL Font="normal" Type="arabic"><DT/><DD Font="normal"><LA Size="normal">der Dahmsdorfer Weg bis zur Landstraße (3: Landstraße I. Ordnung Nr. 68) am Eingang des FZB Müncheberg (0,3 km); die Seestraße gegenüber dem FZB Müncheberg und der Fahrweg am Waldrand Richtung Fernverkehrsstraße F 1 (2,0 km) zum Ausgangspunkt zurück.</LA></DD> </DL> </P><P>(3) Die Grenze des Naturparkes ist in einer Karte M 1:50.000, die als Anlage Bestandteil dieser Verordnung ist, dargestellt. Darüber hinaus sind die Grenzen des Naturparkes in Karten M 1:25.000 rot eingetragen, die bei der obersten Naturschutzbehörde archivmäßig verwahrt werden und auf die Bezug genommen wird. Weitere Ausfertigungen befinden sich bei den Kreisverwaltungen Strausberg und Seelow und der Naturparkverwaltung. Bei den genannten Behörden sind die Karten während der Sprechzeiten allgemein zugänglich.</P></Content> </text></textdaten></norm>
<norm builddate="20130405133212" doknr="DDNR514790990BJNE000400307"><metadaten><jurabk>NatPMSchweizV</jurabk><enbez>§ 3</enbez><titel format="parat">Schutzzweck</titel></metadaten><textdaten><text format="XML"><Content><P>Mit der Festsetzung zum Naturpark wird bezweckt: <DL Font="normal" Type="arabic"><DT>1.</DT><DD Font="normal"><LA Size="normal">die Erhaltung und Verbesserung der sich aus den natürlichen Bedingungen ergebenden wertvollen und vielgestaltigen Landschaftsstrukturen,</LA></DD> <DT>2.</DT><DD Font="normal"><LA Size="normal">Sicherung der Nachhaltigkeit der Erholungsfunktionen bei gleichzeitiger Erfüllung der Naturschutzanliegen,</LA></DD> <DT>3.</DT><DD Font="normal"><LA Size="normal">Erhaltung und Verbesserung der Wasserqualität und der Ufergestaltung der Seen,</LA></DD> <DT>4.</DT><DD Font="normal"><LA Size="normal">Erhaltung und teilweise Renaturierung der Fließgewässer,</LA></DD> <DT>5.</DT><DD Font="normal"><LA Size="normal">Förderung einer dem Anliegen des Erholungswesens und des Naturschutzes entsprechenden ökologisch orientierten Land- und Forstwirtschaft,</LA></DD> <DT>6.</DT><DD Font="normal"><LA Size="normal">Erhaltung und Wiederherstellung der landschaftstypischen und historisch gewachsenen reichstrukturierten Agrarräume des Gebietes,</LA></DD> <DT>7.</DT><DD Font="normal"><LA Size="normal">Erhalt, Pflege und Entwicklung der vielfältigen Lebensräume insbesondere für die gefährdeten Organismenarten und eines umfassenden Biotopverbundsystems.</LA></DD> </DL></P></Content></text></textdaten></norm>
<norm builddate="20130405133212" doknr="DDNR514790990BJNE000500307"><metadaten><jurabk>NatPMSchweizV</jurabk><enbez>§ 4</enbez><titel format="parat">Schutzzonen</titel></metadaten><textdaten><text format="XML"><Content><P>(1) Das Gebiet des Naturparkes ist in zwei Schutzzonen gegliedert, die Schutzzone II (Entwicklungs- und Pflegezone) und die Schutzzone III (Erholungszone). Die Schutzzone I (Kernzone) ist nicht ausgewiesen.</P><P>(2) Die Flächen der Schutzzone werden als Naturschutzgebiete von zentraler Bedeutung ausgewiesen. Nachfolgende Gebiete gehören zur <B>Schutzzone II:</B><DL Font="normal" Type="arabic"><DT>1.</DT><DD Font="normal"><LA Size="normal"><B>Naturschutzgebiet &quot;Stobbertal&quot;</B></LA><LA Size="normal">Der Ausgangspunkt ist die Stobberbrücke an der &quot;Güntherquelle&quot; am Ortsausgang von Buckow. Dem Fahrweg in Richtung Pritzhagener Mühle folgend, hinter derselben nach links der östlichen und nördlichen Grundstücksgrenze des Kinderheimes folgend zur Fahrstraße von Haus Tornow nach Pritzhagen, dieser Richtung N nach Pritzhagen bis zur Waldgrenze, dieser Richtung E bis zum Anfang der Höllenkehle einschließlich der aufgelassenen Kiesgrube folgend, nach S der westlichen Ortslage von Julianenhof und der Waldgrenze unter Einschluß des Offenhanges bis zum Fahrweg, der von Reichenberg kommt, diesen in Richtung S bis zum Fahrweg zwischen Eichendorfer Mühle und Lappnower Mühle, diesen in N-E-Richtung bis zur Stobberbrücke an der Lappnower Mühle. Von hier bildet das linksseitige Ufer des Stobber die Grenze flußabwärts bis zum Beginn der Karlsdorfer-Teichanlagen. Von hier bildet die stobberseitige Grenze der Teichanlagen die Grenze bis zur Fernverkehrsstraße F 167. Die F 167 in Richtung S bis zu dem nach S abgehenden Fahrweg nach Hermersdorf.</LA><LA Size="normal">Von diesem nach 200 m den rechten abbiegenden Waldweg folgend, entlang der N-Grenze der Unterabteilung <ABWFORMAT typ="A"/>2736b(hoch)1, der N-W-Grenze der Unterabteilung <ABWFORMAT typ="A"/>2738a(hoch)1 und a(hoch)2 sowie der N-Grenze der Unterabteilungen <ABWFORMAT typ="A"/>2734a(hoch)4 und <ABWFORMAT typ="A"/>a(hoch)5, 2739a(hoch)4, 2740(hoch)2 und a(hoch)1 zur Straße zwischen Hermersdorf und der Lappnower Mühle führt.</LA><LA Size="normal">Auf der Fahrstraße nach Hermersdorf in Richtung S. Von dieser nach SW den Waldweg entlang den N-W-Grenzen der Unterabteilungen <ABWFORMAT typ="A"/>2801b(hoch)5, b(hoch)4, b(hoch)2, <ABWFORMAT typ="A"/>3536a(hoch)2 und a(hoch)1 und der N-Grenze der Unterabteilung <ABWFORMAT typ="A"/>3532a(hoch)4 und a(hoch)1 bis zur NW-Ecke der Ackerfläche &quot;Dünne Wiese&quot;, dem Waldrand nach S. und dann nach SE folgend.</LA><LA Size="normal">Entlang der N-Grenzen der Unterabteilungen <ABWFORMAT typ="A"/>3525a(hoch)5, <ABWFORMAT typ="A"/>a(hoch)4 bis zur Brücke über den Hohen Graben. Von dieser den Fahrweg Richtung Eichendorfer Mühle.</LA><LA Size="normal">Von diesem den Waldweg nach W (nach links) abbiegend, der zwischen den Abteilungen 3520 und 3521 auf den Weg zwischen Münchehofe und der Eichendorfer Mühle mündet. Auf diesem nach N (rechts) abbiegend bis zum Fahrweg zwischen der Alten Mühle und der Eichendorfer Mühle, diesem nach SW bis zur Alten Mühle folgend.</LA><LA Size="normal">Von hier den Fahrweg Richtung Pritzhagener Mühle, von diesem in den Waldweg Richtung Buckow am kleinen Barschpfuhl und Postluch vorbei bis zur Scheune von Elsholz. Von hier den Fahrweg Richtung Stobber bis Hangkante der Talabsenkung dem westlichen Rand des Flurstückes 2/193 folgend, das zum Naturschutzgebiet gehört. Von hier der Hangkante bis zum Ufer des Stobbers so folgend, daß die Flurstücke 2/192, 2/191 und 2/181 im Naturschutzgebiet liegen. Von hier verläuft die Grenze des Naturschutzgebietes entlang der rechten Uferlinie des Stobbers an den Grenzen der Flurstücke 2/177, 2/178 und 2/179 bis zum Ausgangspunkt dieser Beschreibung.</LA></DD><DT>2.</DT><DD Font="normal"><LA Size="normal"><B>Naturschutzgebiet &quot;Klobichsee&quot;</B><DL Font="normal" Type="arabic"><DT>a)</DT><DD Font="normal"><LA Size="normal">Ostgrenze</LA><LA Size="normal">vom Ausgangspunkt Alte Mühle dem Fahrweg folgend Richtung Münchehofe bis Südwestkante Waldrand. Wanderweg in südwestliche Richtung bis Feldweg folgend bis zur Zaungrenze Kinderferienlager am Ortseingang Münchehofe. Der verlängerten Zaungrenze in Richtung Südwest folgend bis zum Seeufer Großer Klobichsee. Uferlinie folgend südwärts bis zur Waldkante südlich der 1. Badestelle. Von dort der Fahrweg Richtung West bis Weggabelung. Fahrweg Richtung Südwest bis Anschluß an Verbindungsweg Dahmsdorf - Münchehofe.</LA></DD><DT>b)</DT><DD Font="normal"><LA Size="normal">Südgrenze</LA><LA Size="normal">Verbindungsweg Dahmsdorf - Münchehofe Richtung Dahmsdorf. Abzweig Richtung Waldsieversdorf in westliche Richtung bis Weggabelung hinter Einzelgehöft. Wanderweg in nördliche Richtung bis Weggabelung unterhalb der Köterberge.</LA></DD><DT>c)</DT><DD Font="normal"><LA Size="normal">Süd-Westgrenze</LA><LA Size="normal">Wanderweg folgend in nordwestliche Richtung bis zur Weggabelung zwischen den Abteilungen 6112 und 6113. Wanderweg in nördlicher Richtung bis zur alten Berliner Straße.</LA></DD><DT>d)</DT><DD Font="normal"><LA Size="normal">Nord-Westgrenze</LA><LA Size="normal">Alte Berliner Straße in nordöstlicher Richtung folgend bis Alte Mühle.</LA></DD></DL></LA></DD><DT>3.</DT><DD Font="normal"><LA Size="normal"><B>Naturschutzgebiet &quot;Ruhlsdorfer Bruch&quot;</B><DL Font="normal" Type="arabic"><DT>a)</DT><DD Font="normal"><LA Size="normal">Westgrenze</LA><LA Size="normal">Ausgangspunkt ist die Brücke neben der damaligen Hohensteiner Mühle nordöstlich des Hauses. Von dort in nördlicher Richtung der Fahrweg nach Hohenstein bis Nordosteckpunkt Flurstück 15/28.</LA></DD><DT>b)</DT><DD Font="normal"><LA Size="normal">Nordgrenze</LA><LA Size="normal">Nordseite Flurstück 15/28 folgend bis Feldweg zu Verbindungsstraße Hohenstein - Ruhlsdorf. Feldweg folgend in südlicher Richtung bis Böschungsoberkante folgend in östlicher Richtung bis Feldweg nördlich Ruhlsdorfer See. Von dort Uferlinie Ruhlsdorfer See folgend bis Nordspitze Ruhlsdorfer See. Entlang Böschungsoberkante bis zum Schnittpunkt mit Weg Verbindungsstraße Ruhlsdorf - Bollersdorf zum Ruhlsdorfer Bruch. Weiter in östlicher Richtung entlang Waldkante bis zu deren Ostende. Weiter entlang Hangoberkante bis zur Gemarkungsgrenze zwischen Ruhlsdorf und Bollersdorf.</LA></DD><DT>c)</DT><DD Font="normal"><LA Size="normal">Ostgrenze</LA><LA Size="normal">Gemarkungsgrenze Ruhlsdorf südlich folgend bis Gemarkungsschnittpunkt Hasenholz - Bollersdorf - Ruhlsdorf.</LA></DD><DT>d)</DT><DD Font="normal"><LA Size="normal">Südgrenze</LA><LA Size="normal">Gemarkungsgrenze Hasenholz - Ruhlsdorf folgend bis zum Feldweg von Hasenholz zum Ruhlsdorfer Bruch. Dem Feldweg folgend bis Feldhecke westlich des Feldweges. Entlang der Feldhecke in Richtung West bis zur Oberkante der Böschung am Ruhlsdorfer Bruch.</LA><LA Size="normal">Der südlichen Böschungsoberkante folgend bis zum Verbindungsweg zwischen Garzin und Hohenstein. Diesem Verbindungsweg in südlicher Richtung folgend bis zur Verlängerung des südlich vom Mühlenberg gelegenen Grabens.</LA><LA Size="normal">Entlang des Grabens südlich des Mühlenberges bis zum nördlichen Ortsrand Garzin.</LA></DD><DT>e)</DT><DD Font="normal"><LA Size="normal">Westgrenze</LA><LA Size="normal">In Fließrichtung des Grabens bis zur Einmündung in den Haussee. Von dort in nordöstliche Richtung dem Entwässerungsgraben des Ruhlsdorfer Bruchs folgend bis zum Ausgangspunkt Brücke an der Hohensteiner Mühle.</LA></DD></DL></LA></DD><DT>4.</DT><DD Font="normal"><LA Size="normal"><B>Naturschutzgebiet &quot;Gummitz und Großer Schlagenthinsee&quot;</B><DL Font="normal" Type="arabic"><DT>a)</DT><DD Font="normal"><LA Size="normal">Ostgrenze</LA><LA Size="normal">der Dahmsdorfer Weg von der Eisenbahnlinie beginnend nach S (0,54 km) bis zum nördlichen Feldrand am Bruch; der Feldrand bis zur Landstraße (0,28 km); der Uferstreifen des Großen Schlagenthinsees bis zur Koppel (0,3 km); der Koppelzaun bis zum Fahrweg (0,12 km);</LA></DD><DT>b)</DT><DD Font="normal"><LA Size="normal">Südgrenze</LA><LA Size="normal">der Fahrweg in Richtung SW über den Diebsgraben am Waldrand (nordwestliche Grenze der Unterabteilung <ABWFORMAT typ="A"/>3109a(hoch)4, nördliche Grenze Unterabteilung <ABWFORMAT typ="A"/>3110a(hoch)1 und a(hoch)3, bis zur Mausbrücke am Torfstich (1,5 km); der südliche Rand des Torfstichs und die südliche Kante des Gumnitzbruchs (1,2 km);</LA></DD></DL></LA></DD></DL><BR/><table frame="none" tocentry="%yes;"><tgroup align="left" char="" charoff="50" cols="4" colsep="0" rowsep="0"><colspec colname="col1" colnum="1" colwidth="30*"/><colspec colname="col2" colnum="2" colwidth="20.00*"/><colspec colname="col3" colnum="3" colwidth="20.00*"/><colspec colname="col4" colnum="4" colwidth="20.00*"/><tbody valign="top"><row><entry VJ="1" align="left" colsep="0" valign="top">Orientierungspunkt</entry><entry VJ="1" align="left" colsep="0" valign="top">0810-134</entry><entry VJ="1" align="left" colsep="0" valign="top">Hochwert</entry><entry VJ="1" align="left" colsep="0" valign="top">5819-44</entry></row><row><entry VJ="1" align="left" colsep="0" valign="top"> </entry><entry VJ="1" align="left" colsep="0" valign="top"> </entry><entry VJ="1" align="left" colsep="0" valign="top">Rechtswert</entry><entry VJ="1" align="left" colsep="0" valign="top">5437-76</entry></row></tbody></tgroup></table><DL Font="normal" Type="arabic"><DT/><DD Font="normal"><LA Size="normal"><DL Font="normal" Type="arabic"><DT/><DD Font="normal"><LA Size="normal">der Fahrweg Richtung W (1,35 km)</LA><LA Size="normal">(südliche Grenze oder Abteilungen <ABWFORMAT typ="A"/>3164a(hoch)2, 3165a(hoch)1, <ABWFORMAT typ="A"/>a(hoch)2, 3113)</LA></DD></DL></LA></DD></DL><BR/><table frame="none" tocentry="%yes;"><tgroup align="left" char="" charoff="50" cols="4" colsep="0" rowsep="0"><colspec colname="col1" colnum="1" colwidth="30*"/><colspec colname="col2" colnum="2" colwidth="20.00*"/><colspec colname="col3" colnum="3" colwidth="20.00*"/><colspec colname="col4" colnum="4" colwidth="20.00*"/><tbody valign="top"><row><entry VJ="1" align="left" colsep="0" valign="top">Orientierungspunkt</entry><entry VJ="1" align="left" colsep="0" valign="top">0810-134</entry><entry VJ="1" align="left" colsep="0" valign="top">Hochwert</entry><entry VJ="1" align="left" colsep="0" valign="top">5819-36</entry></row><row><entry VJ="1" align="left" colsep="0" valign="top"> </entry><entry VJ="1" align="left" colsep="0" valign="top"> </entry><entry VJ="1" align="left" colsep="0" valign="top">Rechtswert</entry><entry VJ="1" align="left" colsep="0" valign="top">5436-54</entry></row></tbody></tgroup></table><DL Font="normal" Type="arabic"><DT/><DD Font="normal"><LA Size="normal"><DL Font="normal" Type="arabic"><DT>c)</DT><DD Font="normal"><LA Size="normal">Westgrenze</LA><LA Size="normal">der Fahrweg Richtung N (0,4 km)</LA></DD></DL></LA></DD></DL><BR/><table frame="none" tocentry="%yes;"><tgroup align="left" char="" charoff="50" cols="4" colsep="0" rowsep="0"><colspec colname="col1" colnum="1" colwidth="30*"/><colspec colname="col2" colnum="2" colwidth="20.00*"/><colspec colname="col3" colnum="3" colwidth="20.00*"/><colspec colname="col4" colnum="4" colwidth="20.00*"/><tbody valign="top"><row><entry VJ="1" align="left" colsep="0" valign="top">Orientierungspunkt</entry><entry VJ="1" align="left" colsep="0" valign="top">0810-134</entry><entry VJ="1" align="left" colsep="0" valign="top">Hochwert</entry><entry VJ="1" align="left" colsep="0" valign="top">5819-77</entry></row><row><entry VJ="1" align="left" colsep="0" valign="top"> </entry><entry VJ="1" align="left" colsep="0" valign="top"> </entry><entry VJ="1" align="left" colsep="0" valign="top">Rechtswert</entry><entry VJ="1" align="left" colsep="0" valign="top">5436-53</entry></row></tbody></tgroup></table><DL Font="normal" Type="arabic"><DT/><DD Font="normal"><LA Size="normal"><DL Font="normal" Type="arabic"><DT>d)</DT><DD Font="normal"><LA Size="normal">Nord-Westgrenze</LA><LA Size="normal">der Fahrweg Richtung E entlang der nördlichen Grenze der Gumnitzwiesen bis zum östlichen Waldrand der Kiefernforsten (1,7 km); der Waldrand Richtung N (östliche Grenze der Abteilung 3111) bis zum Fahrweg Hoppegarten - Schlagenthin (1,0 km); der Fahrweg nach Schlagenthin (0,6 km) bis zur Ahornallee; die Ahornallee Richtung S (0,3 km) bis zur Südgrenze des einzelnen Grundstücks;</LA></DD></DL></LA></DD></DL><BR/><table frame="none" tocentry="%yes;"><tgroup align="left" char="" charoff="50" cols="4" colsep="0" rowsep="0"><colspec colname="col1" colnum="1" colwidth="1.30*"/><colspec colname="COLSPEC0" colnum="2" colwidth="0.90*"/><colspec colname="col2" colnum="3" colwidth="0.90*"/><colspec colname="col3" colnum="4" colwidth="0.90*"/><tbody valign="top"><row><entry VJ="1">Orientierungspunkt</entry><entry VJ="1">0810-134</entry><entry VJ="1">Hochwert</entry><entry VJ="1">5820-91</entry></row><row><entry VJ="1"> </entry><entry VJ="1"/><entry VJ="1">Rechtswert</entry><entry VJ="1">5438-25</entry></row></tbody></tgroup></table><DL Font="normal" Type="arabic"><DT/><DD Font="normal"><LA Size="normal"><DL Font="normal" Type="arabic"><DT/><DD Font="normal"><LA Size="normal">die südliche Grenze der Ortslage Schlagenthin (S-Grenze der Flurstücken 118 (Weg), 122, S-E-Grenze 128, W-N-Grenze 143 der Flur 22 der Gemarkung Müncheberg) bis zur nördlichen Kante des Großen Schlagenthinsees (0,75 km);</LA><LA Size="normal">die Nord-Kante des Großen Schlagenthinsees Richtung E bis zum letzten Grundstück gegenüber der Dahmsdorfer Straße (N-Grenze des Flurstücks 174/4 bis Anfang Flurstück 174/1 der Flur 22 der Gemarkung Müncheberg) (0,9 km); die Grundstücksgrenze über die Eberswalder Straße zur rechten Fahrbahnseite der Straße nach Dahmsdorf; die westliche Grenze des Bruchs des Kleinen Schlagenthinsees bis zur Eisenbahnlinie (0,8 km); die rechte Seite der Bahnlinie Richtung E bis zum Ausgangspunkt (0,35 km).</LA></DD></DL></LA></DD><DT>5.</DT><DD Font="normal"><LA Size="normal"><B>Naturschutzgebiet &quot;Gartzsee&quot;</B><DL Font="normal" Type="arabic"><DT>a)</DT><DD Font="normal"><LA Size="normal">Nordgrenze</LA><LA Size="normal">Ausgangspunkt ist Schnittpunkt zwischen Verbindungsstraße Waldsieversdorf - Buckow. Von dort Wanderweg in Richtung bis Nordostgrenze Flurstück 80.</LA></DD><DT>b)</DT><DD Font="normal"><LA Size="normal">Ostgrenze</LA><LA Size="normal">Ostgrenze Flurstück 80 entlang Waldweg in östliche Richtung bis Weggabelung. Von dort in südlicher Richtung bis Weggabelung.</LA></DD><DT>c)</DT><DD Font="normal"><LA Size="normal">Südgrenze</LA><LA Size="normal">Weggabelung bis Verbindungsstraße Waldsieversdorf- Buckow.</LA></DD><DT>d</DT><DD Font="normal"><LA Size="normal">Westgrenze</LA><LA Size="normal">Verbindungsstraße Waldsieversdorf - Buckow bis zum Ausgangspunkt.</LA></DD></DL></LA></DD><DT>6.</DT><DD Font="normal"><LA Size="normal"><B>Naturschutzgebiet &quot;Tiergarten&quot;</B><DL Font="normal" Type="arabic"><DT>a)</DT><DD Font="normal"><LA Size="normal">Ostgrenze</LA><LA Size="normal">Ausgangspunkt ist die Schnittstelle zwischen Eberswalder Chaussee und gepflastertem Fahrweg nördlich Tiergarten. Von dort entlang Eberswalder Chaussee Richtung Waldsieversdorf bis nördliche Waldkante Kiefernforst südwestlich der Chaussee. Weiter entlang Kiefernforst bis südseitige Uferkante Stobber.</LA></DD><DT>b)</DT><DD Font="normal"><LA Size="normal">Südgrenze</LA><LA Size="normal">Uferkante Stobber entlang bis Stobberbrücke. Entlang Hecke in nordwestlicher Richtung bis Waldkante. Waldkante folgend in westliche Richtung bis Fahrweg entlang des nordwestlichen Randes Rotes Luch.</LA></DD><DT>c)</DT><DD Font="normal"><LA Size="normal">Nord-Westgrenze</LA><LA Size="normal">Fahrweg an nordwestlichen Rand Rotes Luch bis Ausgangspunkt Eberswalder Chaussee.</LA></DD></DL></LA></DD></DL></P><P>(3) Die <B>Schutzzone III</B> wird als Landschaftsschutzgebiet von zentraler Bedeutung ausgewiesen. Die Schutzzone III umfaßt die nicht in Abs. 2 genannten Flächen des Naturparkes.</P><P>(4) Die Grenzen der Schutzzonen sind in den in § 2 Abs. 3 genannten Karten eingetragen.</P></Content></text></textdaten></norm>
<norm builddate="20130405133212" doknr="DDNR514790990BJNE000600307"><metadaten><jurabk>NatPMSchweizV</jurabk><enbez>§ 5</enbez><titel format="parat">Gebote</titel></metadaten><textdaten><text format="XML"><Content><P>(1) Zur Erreichung des Schutzzweckes im Landschaftsschutzgebiet ist es im Naturpark geboten, <DL Font="normal" Type="arabic"><DT>1.</DT><DD Font="normal"><LA Size="normal">alle Maßnahmen auf die Erhaltung und Förderung des besonderen Landschaftscharakters auszurichten, insbesondere die landschaftsverträgliche Einbindung aller vorhandenen und zu planenden Erholungs- und Tourismuseinrichtungen sowie die Entwicklung der Infrastruktur in den Ortschaften zu gewährleisten,</LA></DD> <DT>2.</DT><DD Font="normal"><LA Size="normal">die Naturparkverwaltung an allen Planungen, die den Schutzzweck berühren, zu beteiligen,</LA></DD> <DT>3.</DT><DD Font="normal"><LA Size="normal">Planung und Bewirtschaftung der Wälder zur Sicherung der Erholungsfunktion auf die Schaffung von vielfältigen und den Standortbedingungen angepaßten Waldstrukturen, wie ausgeglichenes Altersklassenverhältnis, Hebung der Baumartenvielfalt, Förderung natürlicher Regeneration und kleinflächige Kahlschläge, auszurichten,</LA></DD> <DT>4.</DT><DD Font="normal"><LA Size="normal">bei der Nutzung der landwirtschaftlichen Flächen eine betriebs- und flächenspezifisch ausgeglichene Nährstoffbilanz durchzusetzen,</LA></DD> <DT>5.</DT><DD Font="normal"><LA Size="normal">den Flurholzanbau zur Verbesserung der Strukturen der Agrarfläche zu entwickeln und dabei einheimische, standortgerechte Gehölze einschließlich Obstgehölze vorrangig zu verwenden,</LA></DD> <DT>6.</DT><DD Font="normal"><LA Size="normal">die Bestandsregulierung von Tierarten im Einvernehmen mit der Naturparkverwaltung vorzunehmen.</LA></DD> </DL> </P><P>(2) Darüber hinaus ist es zur Erreichung des Schutzzweckes in den Naturschutzgebieten geboten, <DL Font="normal" Type="arabic"><DT>1.</DT><DD Font="normal"><LA Size="normal">alle Maßnahmen dem Schutzzweck gemäß § 3 dieser Verordnung unterzuordnen,</LA></DD> <DT>2.</DT><DD Font="normal"><LA Size="normal">die forstliche Bewirtschaftung bevorzugt auf eine naturnahe Waldbewirtschaftung auszurichten,</LA></DD> <DT>3.</DT><DD Font="normal"><LA Size="normal">landwirtschaftliche Flächen grundsätzlich extensiv zu bewirtschaften,</LA></DD> <DT>4.</DT><DD Font="normal"><LA Size="normal">die Erholungsnutzung so zu gestalten, daß Beeinträchtigungen der Naturausstattung vermieden oder verringert werden,</LA></DD> <DT>5.</DT><DD Font="normal"><LA Size="normal">die Bestandsregulierung von Tierarten nach Maßgabe der Naturparkverwaltung vorzunehmen.</LA></DD> </DL> </P><P>(3) Zur Umsetzung der in den Absätzen 1 und 2 genannten Gebote sowie zur Erhaltung, Pflege und Entwicklung des Naturparkes soll in angemessener Frist ein Pflege- und Entwicklungsplan erstellt werden.</P></Content></text></textdaten></norm>
<norm builddate="20130405133212" doknr="DDNR514790990BJNE000700307"><metadaten><jurabk>NatPMSchweizV</jurabk><enbez>§ 6</enbez><titel format="parat">Verbote</titel></metadaten><textdaten><text format="XML"><Content><P>(1) Im Naturpark ist es verboten, <DL Font="normal" Type="arabic"><DT>1.</DT><DD Font="normal"><LA Size="normal">außerhalb der dafür zugelassenen Plätze zu biwakieren, zu zelten, Wohnwagen abzustellen, Feuerstellen einzurichten oder Feuer anzuzünden,</LA></DD> <DT>2.</DT><DD Font="normal"><LA Size="normal">Gebäude und bauliche Anlagen, auch solche, die einer bauaufsichtlichen Genehmigung oder eines wasserbehördlichen Verfahrens nicht bedürfen, außerhalb der für eine Bebauung vorgesehenen Gebiete zu errichten oder zu ändern,</LA></DD> <DT>3.</DT><DD Font="normal"><LA Size="normal">Nutzungsänderungen von baulichen Anlagen oder Flächen außerhalb der Ortslagen ohne Genehmigung der Naturparkverwaltung vorzunehmen,</LA></DD> <DT>4.</DT><DD Font="normal"><LA Size="normal">Meliorations- und wasserbauliche Maßnahmen ohne Genehmigung der Naturparkverwaltung durchzuführen,</LA></DD> <DT>5.</DT><DD Font="normal"><LA Size="normal">Werbeeinrichtungen, Tafeln oder Inschriften außerhalb der Ortslagen anzubringen, soweit sie nicht dem Schutz des Naturparkes, dem Verkehr oder Ortshinweisen dienen,</LA></DD> <DT>6.</DT><DD Font="normal"><LA Size="normal">vom 1. Februar bis zum 31. Juli eines jeden Jahres im Umkreis von 300 m um die Brutplätze von Adlern, Kranichen, Schwarzstörchen, Großfalken und Uhus sowie im Umkreis von 150 m um die Fortpflanzungs- und Vermehrungsstätten anderer vom Aussterben bedrohter Tierarten ohne Genehmigung der Naturparkverwaltung Wirtschafts- oder Pflegemaßnahmen durchzuführen.</LA></DD> </DL> </P><P>(2) Darüber hinaus ist es in der <B>Schutzzone II</B> verboten, <DL Font="normal" Type="arabic"><DT>1.</DT><DD Font="normal"><LA Size="normal">Flächen und Wege mit Kraftfahrzeugen zu befahren sowie die Wege zu verlassen,</LA></DD> <DT>2.</DT><DD Font="normal"><LA Size="normal">mineralische Dünger und Biozide anzuwenden,</LA></DD> <DT>3.</DT><DD Font="normal"><LA Size="normal">die Lebens- und Zufluchtstätten der Tiere oder die Standorte der Pflanzen zu stören, zu beseitigen oder zu verändern,</LA></DD> <DT>4.</DT><DD Font="normal"><LA Size="normal">Pflanzen oder Pflanzenbestandteile zu entnehmen,</LA></DD> <DT>5.</DT><DD Font="normal"><LA Size="normal">Pflanzen oder Tiere auszusetzen,</LA></DD> <DT>6.</DT><DD Font="normal"><LA Size="normal">Hunde frei laufen zu lassen, soweit dies nicht im Rahmen der ordnungsgemäßen Jagdausübung geschieht,</LA></DD> <DT>7.</DT><DD Font="normal"><LA Size="normal">Lager-, Camping- oder Zeltplätze einzurichten, sowie Zelte oder andere für die Unterkunft geeignete Einrichtungen auch nur kurzfristig auf- oder abzustellen,</LA></DD> <DT>8.</DT><DD Font="normal"><LA Size="normal">Kleingärten, Sport- oder Reitplätze anzulegen, Reitsprunggeräte, Zäune oder sonstige Einfriedungen zu errichten,</LA></DD> <DT>9.</DT><DD Font="normal"><LA Size="normal">Gebäude und bauliche Anlagen zu errichten, auch solche die einer bauaufsichtlichen Genehmigung oder eines wasserbehördlichen Verfahrens nicht bedürfen,</LA></DD> <DT>10.</DT><DD Font="normal"><LA Size="normal">fischereiliche Intensivnutzung (z.B. Düngung, Zufütterung und Netzkäfighälterung) durchzuführen.</LA></DD> </DL></P></Content></text></textdaten></norm>
<norm builddate="20130405133212" doknr="DDNR514790990BJNE000800307"><metadaten><jurabk>NatPMSchweizV</jurabk><enbez>§ 7</enbez><titel format="parat">Ausnahmen</titel></metadaten><textdaten><text format="XML"><Content><P>(1) Ausgenommen von den Verboten des § 6 sind, <DL Font="normal" Type="arabic"><DT>1.</DT><DD Font="normal"><LA Size="normal">unaufschiebbare Maßnahmen zum Schutz der Bevölkerung sowie zur Abwehr von Gefahren für Leib und Leben von Menschen und für erhebliche Sachwerte,</LA></DD> <DT>2.</DT><DD Font="normal"><LA Size="normal">Maßnahmen der Naturparkverwaltung, die ausschließlich dem Zweck des § 3 dienen,</LA></DD> <DT>3.</DT><DD Font="normal"><LA Size="normal">das Befahren der gesperrten Straßen und Wege mit Kraftfahrzeugen durch Angehörige von staatlichen Verwaltungen oder deren Beauftragte bei zwingend notwendigen Dienstfahrten sowie durch Sonstige mit Genehmigung der Naturparkverwaltung,</LA></DD> <DT>4.</DT><DD Font="normal"><LA Size="normal">die im Sinne des Bundesnaturschutzgesetzes (§ 8 Abs. 7) ordnungsgemäße landwirtschaftliche Bodennutzung der bisher landwirtschaftlich genutzten Flächen, soweit in dem gemäß § 5 Abs. 3 zu erstellenden Pflege- und Entwicklungsplan nicht etwas anderes vorgesehen ist,</LA></DD> <DT>5.</DT><DD Font="normal"><LA Size="normal">die bisherige bestimmungsgemäße Nutzung von baulichen Anlagen einschließlich der dazugehörigen Flächen.</LA></DD> </DL> </P><P>(2) Weiter bleiben die zum Zeitpunkt des Inkrafttretens der Verordnung auf Grund besonderer Genehmigungen und Rechte zulässigen Maßnahmen unberührt. Soweit diese Maßnahmen mit dem Schutzzweck des Naturparkes (§ 3) nicht vereinbar sind, sollen sie im Rahmen der rechtlichen Möglichkeiten so schnell wie möglich abgebaut werden.</P></Content></text></textdaten></norm>
<norm builddate="20130405133212" doknr="DDNR514790990BJNE000900307"><metadaten><jurabk>NatPMSchweizV</jurabk><enbez>§ 8</enbez><titel format="parat">Befreiungen</titel></metadaten><textdaten><text format="XML"><Content><P>(1) Von den Verboten des § 6 kann auf Antrag im Einzelfall Befreiung gewährt werden, wenn <DL Font="normal" Type="arabic"><DT>1.</DT><DD Font="normal"><LA Size="normal">die Durchführung der Vorschrift<DL Font="normal" Type="arabic"><DT>a)</DT><DD Font="normal"><LA Size="normal">zu einer nicht beabsichtigten Härte führen würde und die Abweichung mit dem Schutzzweck des Naturparkes (§ 3) zu vereinbaren ist oder</LA></DD> <DT>b)</DT><DD Font="normal"><LA Size="normal">zu einer nicht gewollten Beeinträchtigung von Natur und Landschaft führen würde oder</LA></DD> </DL></LA></DD> <DT>2.</DT><DD Font="normal"><LA Size="normal">überwiegende Gründe des Gemeinwohls die Befreiung erfordern.</LA></DD> </DL> </P><P>(2) Zuständig für die Erteilung der Befreiung ist die Aufsichtsbehörde der Naturparkverwaltung. Die Aufsichtsbehörde kann diese Aufgabe ganz oder teilweise delegieren.</P></Content></text></textdaten></norm>
<norm builddate="20130405133212" doknr="DDNR514790990BJNE001000307"><metadaten><jurabk>NatPMSchweizV</jurabk><enbez>§ 9</enbez><titel format="parat">Einvernehmen</titel></metadaten><textdaten><text format="XML"><Content><P>Das Einvernehmen mit der Naturparkverwaltung ist herzustellen bei, <DL Font="normal" Type="arabic"><DT>1.</DT><DD Font="normal"><LA Size="normal">Maßnahmen zur Unterhaltung der Straßen und Wege sowie Gewässer,</LA></DD> <DT>2.</DT><DD Font="normal"><LA Size="normal">Erweiterungen und Neuanlagen von Freizeiteinrichtungen und</LA></DD> <DT>3.</DT><DD Font="normal"><LA Size="normal">der Aufstellung von Bauleitplänen.</LA></DD> </DL></P></Content></text></textdaten></norm>
<norm builddate="20130405133212" doknr="DDNR514790990BJNE001100307"><metadaten><jurabk>NatPMSchweizV</jurabk><enbez>§ 10</enbez><titel format="parat">Entschädigung für Nutzungsbeschränkungen</titel></metadaten><textdaten><text format="XML"><Content><P>Werden Eigentümern oder anderen Nutzungsberechtigten durch diese Verordnung oder durch Maßnahmen auf Grund dieser Verordnung Beschränkungen ihrer Nutzungsrechte oder Pflichten in einem Ausmaß auferlegt, das über die Sozialbindung des Eigentums hinausgeht, so haben sie Anspruch auf Entschädigung. Diese muß die Vermögensnachteile, die durch die Maßnahmen verursacht wurden, angemessen ausgleichen.</P></Content></text></textdaten></norm>
<norm builddate="20130405133212" doknr="DDNR514790990BJNE001200307"><metadaten><jurabk>NatPMSchweizV</jurabk><enbez>§ 11</enbez><titel format="parat">Vorrang dieser Verordnung</titel></metadaten><textdaten><text format="XML"><Content><P>Die Bestimmungen dieser Verordnung gehen den Bestimmungen der bestehenden naturschutzrechtlichen Beschlüsse, Verordnungen oder Anordnungen für dieses Gebiet vor.</P></Content></text></textdaten></norm>
<norm builddate="20130405133212" doknr="DDNR514790990BJNE001300307"><metadaten><jurabk>NatPMSchweizV</jurabk><enbez>§ 12</enbez><titel format="parat">Schlußbestimmung</titel></metadaten><textdaten><text format="XML"><Content><P>Diese Verordnung tritt mit Wirkung vom 1. Oktober 1990 in Kraft.</P></Content></text></textdaten></norm>
<norm builddate="20130405133212" doknr="DDNR514790990BJNE001400307"><metadaten><jurabk>NatPMSchweizV</jurabk><enbez>Schlußformel</enbez></metadaten><textdaten><text format="XML"><Content><P><B>Der Ministerrat der Deutschen Demokratischen Republik</B></P></Content></text></textdaten></norm>
<norm builddate="20130405133212" doknr="DDNR514790990BJNE001500307"><metadaten><jurabk>NatPMSchweizV</jurabk><enbez>Anlage</enbez></metadaten><textdaten><text format="XML"><Content><P><ABWFORMAT typ="E"/><kommentar typ="Fundstelle">(Inhalt: nicht darstellbare Karte, <BR/>Fundstelle: GBl. 1990, Sonderdruck Nr. 1479)</kommentar></P></Content>
</text></textdaten></norm>
<norm builddate="20130405133212" doknr="DDNR514790990BJNE888800301"><metadaten><jurabk>NatPMSchweizV</jurabk><enbez>Anhang EV</enbez><titel format="XML">Auszug aus Artikel 3 der Vereinbarung zur Durchführung und
Auslegung des Einigungsvertrages vom 18.9.1990 (EinigVtrVbg)
<BR/>
(BGBl. II 1990, 885, 1239)</titel></metadaten><textdaten><text format="XML"><Content><P><noindex> Artikel 3 <BR/>Das nachfolgend aufgeführte Recht der Deutschen Demokratischen Republik bleibt nach Wirksamwerden des Beitritts in Kraft. Artikel 9 Abs. 4 des Vertrags gilt entsprechend. ... <DL Font="normal" Type="arabic"><DT>1.</DT><DD Font="normal"><LA Size="normal">bis 29. ...</LA></DD> </DL>Zu Kapitel XII <BR/>(Geschäftsbereich des Bundesministers für Umwelt, Naturschutz und Reaktorsicherheit) <DL Font="normal" Type="arabic"><DT>30.</DT><DD Font="normal"><LA Size="normal"><DL Font="normal" Type="arabic"><DT>a)</DT><DD Font="normal"><LA Size="normal">bis m) ...</LA></DD> <DT>n)</DT><DD Font="normal"><LA Size="normal">Verordnung über die Festsetzung von Naturschutzgebieten und einem Landschaftsschutzgebiet von zentraler Bedeutung als Naturpark &quot;Märkische Schweiz&quot; vom 12. September 1990 (Sonderdruck Nr. 1479 des Gesetzblattes)</LA></DD> </DL></LA><LA Size="normal">mit folgender Maßgabe:</LA><LA Size="normal">Die Verordnungen gelten mit der Maßgabe, daß sie auf den Neubau, den Ausbau und die Unterhaltung von Bundesverkehrswegen keine Anwendung finden. Bei der Durchführung der genannten Maßnahmen ist der Schutzzweck der Verordnungen zu berücksichtigen.</LA></DD>   </DL>... </noindex></P></Content></text></textdaten></norm>
</dokumente>