<?xml version="1.0" encoding="UTF-8" ?><!DOCTYPE dokumente SYSTEM "http://www.gesetze-im-internet.de/dtd/1.01/gii-norm.dtd">
<dokumente builddate="20150326223506" doknr="BJNR029500015"><norm builddate="20150326223506" doknr="BJNR029500015"><metadaten><jurabk>BBiG2005§73AnO 2015</jurabk><ausfertigung-datum manuell="ja">2015-03-10</ausfertigung-datum><fundstelle typ="amtlich"><periodikum>BGBl I</periodikum><zitstelle>2015, 295</zitstelle></fundstelle><langue>Anordnung über die Bestimmung der zuständigen Stelle nach § 73 des Berufsbildungsgesetzes</langue></metadaten><textdaten><fussnoten><Content><P><BR/> <pre xml:space="preserve">(+++ Textnachweis ab: 14.3.2015 +++)<BR/><BR/></pre></P></Content></fussnoten></textdaten></norm>
<norm builddate="20150326223506" doknr="BJNR029500015BJNE000100000"><metadaten><jurabk>BBiG2005§73AnO 2015</jurabk><enbez>Eingangsformel</enbez></metadaten><textdaten><text format="XML"><Content><P>Nach § 73 Absatz 1 Nummer 2 des Berufsbildungsgesetzes vom 23. März 2005 (BGBl. I S. 931) und nach § 1 Absatz 1 Satz 1 und § 3 Absatz 1 des Gesetzes über die Bundesanstalt für Immobilienaufgaben vom 9. Dezember 2004 (BGBl. I S. 3235) bestimmt das Bundesministerium der Finanzen:</P></Content></text></textdaten></norm>
<norm builddate="20150326223506" doknr="BJNR029500015BJNE000200000"><metadaten><jurabk>BBiG2005§73AnO 2015</jurabk><enbez>§ 1</enbez></metadaten><textdaten><text format="XML"><Content><P>Zuständige Stelle für die Berufsausbildungsverhältnisse bei der Bundesanstalt für Immobilienaufgaben in dem anerkannten Ausbildungsberuf „Kaufmann für Büromanagement und Kauffrau für Büromanagement“ ist die Industrie- und Handelskammer.</P></Content></text></textdaten></norm>
<norm builddate="20150326223506" doknr="BJNR029500015BJNE000300000"><metadaten><jurabk>BBiG2005§73AnO 2015</jurabk><enbez>§ 2</enbez></metadaten><textdaten><text format="XML"><Content><P>Diese Anordnung tritt am Tag nach der Bekanntmachung in Kraft.</P></Content></text></textdaten></norm>
</dokumente>