<?xml version="1.0" encoding="UTF-8" ?><!DOCTYPE dokumente SYSTEM "http://www.gesetze-im-internet.de/dtd/1.01/gii-norm.dtd">
<dokumente builddate="20120625150004" doknr="BJNR213950934"><norm builddate="20120625150004" doknr="BJNR213950934"><metadaten><jurabk>UrhRSchFrVerlG</jurabk><ausfertigung-datum manuell="ja">1934-12-13</ausfertigung-datum><fundstelle typ="amtlich"><periodikum>RGBl II</periodikum><zitstelle>1934, 1395</zitstelle></fundstelle><langue>Gesetz zur Verlängerung der Schutzfristen im Urheberrecht</langue></metadaten><textdaten><text format="XML"><Content><P/></Content></text><fussnoten><Content><P>(+++ Textnachweis Geltung ab:  1. 1.1964 +++)</P></Content></fussnoten></textdaten></norm>
<norm builddate="20120625150004" doknr="BJNR213950934BJNE000100304"><metadaten><jurabk>UrhRSchFrVerlG</jurabk><enbez>Eingangsformel</enbez></metadaten><textdaten><text format="XML"><Content><P>Die Reichsregierung hat das folgende Gesetz beschlossen, das hiermit verkündet wird:</P></Content></text></textdaten></norm>
<norm builddate="20120625150004" doknr="BJNR213950934BJNE000200304"><metadaten><jurabk>UrhRSchFrVerlG</jurabk><enbez>§ 1</enbez></metadaten><textdaten><text format="XML"><Content><P>(1) Die Schutzfristen im Urheberrecht, die dreißig Jahre betragen, werden auf fünfzig Jahre verlängert.</P><P>(2) ...</P></Content> </text><fussnoten/></textdaten></norm>
<norm builddate="20120625150004" doknr="BJNR213950934BJNE000300304"><metadaten><jurabk>UrhRSchFrVerlG</jurabk><enbez>§ 2</enbez></metadaten><textdaten><text format="XML"><Content><P>(1) Die Verlängerung der Schutzdauer tritt auch für die bereits geschaffenen Werke ein, die beim Inkrafttreten dieses Gesetzes noch urheberrechtlich geschützt sind.</P><P>(2) Wurde das Urheberrecht vor Inkrafttreten dieses Gesetzes ganz oder teilweise einem anderen übertragen, so erstreckt sich diese Verfügung im Zweifel nicht auf die Dauer der Verlängerung der Schutzfrist. Wer jedoch vor dem Inkrafttreten ein Urheberrecht erworben oder die Erlaubnis zur Ausübung einer urheberrechtlichen Befugnis erhalten hat, bleibt weiterhin gegen angemessene Vergütung zur Nutzung des Werkes berechtigt.</P></Content> </text></textdaten></norm>
</dokumente>