<?xml version="1.0" encoding="UTF-8" ?><!DOCTYPE dokumente SYSTEM "http://www.gesetze-im-internet.de/dtd/1.01/gii-norm.dtd">
<dokumente builddate="20130405132047" doknr="BJNR208220990"><norm builddate="20130405132047" doknr="BJNR208220990"><metadaten><jurabk>GDtWahlVDVtr</jurabk><ausfertigung-datum manuell="ja">1990-08-03</ausfertigung-datum><fundstelle typ="amtlich"><periodikum>BGBl II</periodikum><zitstelle>1990, 822</zitstelle></fundstelle><langue>Vertrag zur Vorbereitung und Durchführung der ersten gesamtdeutschen Wahl
des Deutschen Bundestages zwischen der Bundesrepublik Deutschland und der
Deutschen Demokratischen Republik</langue></metadaten><textdaten><text format="XML"><Content><P/></Content></text><fussnoten><Content><P>G v. 29.8.1990 II 813 <BR/>Inkraft gem. Bek. v. 5.9.1990 II 686 mWv 3.9.1990 <BR/> <BR/>(+++ Textnachweis ab:  3. 9.1990 +++)</P></Content></fussnoten></textdaten></norm>
<norm builddate="20130405132047" doknr="BJNR208220990BJNE000100308"><metadaten><jurabk>GDtWahlVDVtr</jurabk><enbez>Eingangsformel</enbez></metadaten><textdaten><text format="XML"><Content><P><DL Font="normal" Type="arabic"><DT/><DD Font="normal"><LA Size="normal"><DL Font="normal" Type="arabic"><DT/><DD Font="normal"><LA Size="normal"><DL Font="normal" Type="arabic"><DT>Die Bundesrepublik Deutschland</DT><DD Font="normal"><LA Size="normal">und</LA></DD> </DL></LA></DD></DL></LA></DD></DL>die Deutsche Demokratische Republik, <BR/>eingedenk des bei der Schaffung der Währungs-, Wirtschafts- und Sozialunion zum Ausdruck gebrachten Wunsches zur Herstellung der staatlichen Einheit nach Artikel 23 des Grundgesetzes der Bundesrepublik Deutschland, <BR/>in dem Willen, als wichtigen Schritt zur Herstellung der deutschen Einheit die Wahl des Deutschen Bundestages durch das ganze deutsche Volk vorzubereiten, <BR/>unter Berücksichtigung der Tatsache, daß die Wahl des deutschen Bundestages in dem nach Artikel 39 Abs. 1 Satz 3 des Grundgesetzes der Bundesrepublik Deutschland festgelegten Zeitraum stattzufinden hat, <BR/>in dem Wunsch, daß die bevorstehende Wahl als gesamtdeutsche Wahl aufgrund eines einheitlichen Wahlrechts durchgeführt wird und deshalb der Geltungsbereich des Bundeswahlgesetzes auf das Gebiet der Deutschen Demokratischen Republik erstreckt werden sollte, <BR/>in dem Bewußtsein, daß hierbei Änderungen und Anpassungen des Bundeswahlgesetzes erforderlich sind, <BR/>sind übereingekommen, einen Vertrag über die Vorbereitung und Durchführung der ersten gesamtdeutschen Wahl des Deutschen Bundestages mit den nachfolgenden Bestimmungen zu schließen:</P></Content></text></textdaten></norm>
<norm builddate="20130405132047" doknr="BJNR208220990BJNE000200308"><metadaten><jurabk>GDtWahlVDVtr</jurabk><enbez>Art 1</enbez></metadaten><textdaten><text format="XML"><Content><P>(1) Für die erste gesamtdeutsche Wahl wird der Geltungsbereich des Bundeswahlgesetzes der Bundesrepublik Deutschland in der Fassung der Bekanntmachung vom 1. September 1975 (BGBl. I S. 2325), zuletzt geändert durch Gesetz vom 11. Juni 1990 (BGBl. I S. 1015), und des Wahlprüfungsgesetzes vom 12. März 1951 (BGBl. I S. 166), zuletzt geändert durch Artikel 3 des Gesetzes vom 24. Juni 1975 (BGBl. I S. 1593), auf das Gebiet der Länder Mecklenburg-Vorpommern, Brandenburg, Sachsen-Anhalt, Sachsen und Thüringen sowie auf das Gebiet von Berlin (Ost) erstreckt. Das Bundeswahlgesetz gilt mit den in der Anlage bezeichneten Änderungen und Maßgaben.</P><P>(2) Im Hinblick auf die erste gesamtdeutsche Wahl werden in dem vorbezeichneten Gebiet ferner § 2 Abs. 1, § 5, §§ 18 bis 21 und § 39 Abs. 2 des Parteiengesetzes der Bundesrepublik Deutschland in der Fassung der Bekanntmachung vom 3. März 1989 (BGBl. I S. 327) angewendet. § 20 wird mit der Maßgabe angewendet, daß auch die Wahlergebnisse der Volkskammerwahl vom 18. März 1990 zugrundegelegt werden.</P><P>(3) Politische Vereinigungen im Sinne des Gesetzes über die Wahlen zur Volkskammer der Deutschen Demokratischen Republik am 18. März 1990 vom 20. Februar 1990 (GBl. I S. 60) werden den Parteien im Sinne des § 2 Abs. 1 des Parteiengesetzes der Bundesrepublik Deutschland gleichgestellt.</P></Content>  </text></textdaten></norm>
<norm builddate="20130405132047" doknr="BJNR208220990BJNE000300308"><metadaten><jurabk>GDtWahlVDVtr</jurabk><enbez>Art 2</enbez></metadaten><textdaten><text format="XML"><Content><P>Die zur Durchführung des Bundeswahlgesetzes erlassene Bundeswahlordnung in der Fassung der Bekanntmachung vom 7. Dezember 1989 (BGBl. 1990 I S. 1, 142), zuletzt geändert durch Verordnung vom 25. Juni 1990 (BGBl. I S. 1199), sowie die Bundeswahlgeräteverordnung vom 3. September 1975 (BGBl. I S. 2459), zuletzt geändert durch Artikel 2 der Verordnung vom 15. November 1989 (BGBl. I S. 1981), gelten auch für die Länder Mecklenburg-Vorpommern, Brandenburg, Sachsen-Anhalt, Sachsen und Thüringen sowie für Berlin (Ost). Der Bundesminister des Innern nimmt die mit Rücksicht auf die in Artikel 1 getroffene Regelung notwendigen Änderungen vor und erläßt im Benehmen mit dem Minister des Innern der Deutschen Demokratischen Republik erforderlichenfalls Anpassungsvorschriften für die Länder Mecklenburg-Vorpommern, Brandenburg, Sachsen-Anhalt, Sachsen und Thüringen sowie für Berlin (Ost).</P></Content></text></textdaten></norm>
<norm builddate="20130405132047" doknr="BJNR208220990BJNE000400308"><metadaten><jurabk>GDtWahlVDVtr</jurabk><enbez>Art 3</enbez></metadaten><textdaten><text format="XML"><Content><P>Für die Vorbereitung und Durchführung der Wahl wird Berlin als ein Land behandelt.</P></Content></text></textdaten></norm>
<norm builddate="20130405132047" doknr="BJNR208220990BJNE000500308"><metadaten><jurabk>GDtWahlVDVtr</jurabk><enbez>Art 4</enbez></metadaten><textdaten><text format="XML"><Content><P>Die Zuständigkeit des Bundeswahlleiters und des Bundeswahlausschusses nach den Vorschriften des Bundeswahlgesetzes und der Bundeswahlordnung erstreckt sich auch auf das Gebiet der Länder Mecklenburg-Vorpommern, Brandenburg, Sachsen-Anhalt, Sachsen und Thüringen sowie auf Berlin (Ost). Der Bundeswahlleiter beruft zwei zusätzliche Mitglieder mit Wohnsitz in der Deutschen Demokratischen Republik in den Bundeswahlausschuß.</P></Content></text></textdaten></norm>
<norm builddate="20130405132047" doknr="BJNR208220990BJNE000600308"><metadaten><jurabk>GDtWahlVDVtr</jurabk><enbez>Art 5</enbez></metadaten><textdaten><text format="XML"><Content><P>Die Parteien genießen bei der Wahlvorbereitung volle Betätigungsfreiheit im Rahmen der Gesetze, soweit sie nicht vom Bundesverfassungsgericht nach Artikel 21 Abs. 2 Satz 2 des Grundgesetzes im Gebiet der Bundesrepublik Deutschland für verfassungswidrig erklärt oder gemäß § 21 des Parteiengesetzes der Deutschen Demokratischen Republik vom 21. Februar 1990 (GBl. I S. 66), geändert durch Gesetz vom 31. Mai 1990 (GBl. I S. 275), vor dem Inkrafttreten dieses Vertrages vom Großen Senat des Obersten Gerichts im Gebiet der Deutschen Demokratischen Republik verboten worden sind.</P></Content></text></textdaten></norm>
<norm builddate="20130405132047" doknr="BJNR208220990BJNE000700308"><metadaten><jurabk>GDtWahlVDVtr</jurabk><enbez>Art 6</enbez></metadaten><textdaten><text format="XML"><Content><P>Die im bisherigen Geltungsbereich des Bundeswahlgesetzes bereits vorgenommenen Wahlvorbereitungshandlungen, insbesondere die Aufstellung der Bewerber, bleiben unberührt, soweit nicht die Regelung des Artikels 3 eine Neuvornahme erfordert.</P></Content></text></textdaten></norm>
<norm builddate="20130405132047" doknr="BJNR208220990BJNE000800308"><metadaten><jurabk>GDtWahlVDVtr</jurabk><enbez>Art 7</enbez></metadaten><textdaten><text format="XML"><Content><P>Entsprechend dem Viermächte-Abkommen vom 3. September 1971 wird dieser Vertrag in Übereinstimmung mit den festgelegten Verfahren auf Berlin (West) ausgedehnt.</P></Content></text></textdaten></norm>
<norm builddate="20130405132047" doknr="BJNR208220990BJNE000900308"><metadaten><jurabk>GDtWahlVDVtr</jurabk><enbez>Art 8</enbez></metadaten><textdaten><text format="XML"><Content><P>Dieser Vertrag einschließlich der Anlage tritt an dem Tag in Kraft, an dem die Regierungen der Vertragsparteien einander mitgeteilt haben, daß die erforderlichen verfassungsrechtlichen und sonstigen innerstaatlichen Voraussetzungen für das Inkrafttreten erfüllt sind.</P></Content></text></textdaten></norm>
<norm builddate="20130405132047" doknr="BJNR208220990BJNE001000308"><metadaten><jurabk>GDtWahlVDVtr</jurabk><enbez>Schlußformel</enbez></metadaten><textdaten><text format="XML"><Content><P>Geschehen in Berlin am 3. August 1990 in zwei Urschriften in deutscher Sprache.<BR/><table frame="none"><tgroup align="center" cols="2" colsep="0" rowsep="0"><colspec colname="col1" colnum="1" colwidth="200"/><colspec colname="col2" colnum="2" colwidth="220"/><tbody><row><entry>Für die</entry><entry>Für die</entry></row><row><entry>Bundesrepublik Deutschland</entry><entry>Deutsche Demokratische Republik</entry></row><row><entry>Schäuble</entry><entry>Günther Krause</entry></row></tbody></tgroup></table></P></Content></text></textdaten></norm>
<norm builddate="20130405132047" doknr="BJNR208220990BJNE001100308"><metadaten><jurabk>GDtWahlVDVtr</jurabk><enbez>Anlage</enbez></metadaten><textdaten><text format="XML"><Content><P><noindex><ABWFORMAT typ="A"/><kommentar typ="Fundstelle">Fundstelle des Originaltextes: BGBl. II 1990, 824 - 825<BR/></kommentar></noindex><noindex><BR/><DL Font="normal" Type="arabic"><DT/><DD Font="normal"><LA Size="normal"><DL Font="normal" Type="arabic"><DT/><DD Font="normal"><LA Size="normal"><DL Font="normal" Type="arabic"><DT/><DD Font="normal"><LA Size="normal"><DL Font="normal" Type="arabic"><DT/><DD Font="normal"><LA Size="normal"><DL Font="normal" Type="arabic"><DT/><DD Font="normal"><LA Size="normal"><DL Font="normal" Type="arabic"><DT/><DD Font="normal"><LA Size="normal"><DL Font="normal" Type="arabic"><DT/><DD Font="normal"><LA Size="normal"><DL Font="normal" Type="arabic"><DT/><DD Font="normal"><LA Size="normal">I.</LA><LA Size="normal">Das Bundeswahlgesetz in der Fassung der Bekanntmachung vom 1. September 1975 (BGBl. I S. 2325), zuletzt geändert durch Gesetz vom 11. Juni 1990 (BGBl. I S. 1015), wird wie folgt geändert:</LA><LA Size="normal">1.</LA></DD></DL></LA></DD></DL></LA></DD></DL></LA></DD></DL></LA></DD></DL></LA></DD></DL></LA></DD></DL></LA><LA Size="normal">In § 1 Abs. 1 wird die Zahl &quot;518&quot; durch die Zahl &quot;656&quot; ersetzt; in § 1 Abs. 2 wird die Zahl &quot;259&quot; durch die Zahl &quot;328&quot; ersetzt.</LA></DD><DT>2.</DT><DD Font="normal"><LA Size="normal">§ 53 wird wie folgt gefaßt:<DL Font="normal" Type="arabic"><DT/><DD Font="normal"><LA Size="normal"><DL Font="normal" Type="arabic"><DT/><DD Font="normal"><LA Size="normal"><DL Font="normal" Type="arabic"><DT/><DD Font="normal"><LA Size="normal"><DL Font="normal" Type="arabic"><DT/><DD Font="normal"><LA Size="normal"><DL Font="normal" Type="arabic"><DT/><DD Font="normal"><LA Size="normal"><DL Font="normal" Type="arabic"><DT/><DD Font="normal"><LA Size="normal"><DL Font="normal" Type="arabic"><DT/><DD Font="normal"><LA Size="normal">&quot;§ 53</LA></DD></DL></LA></DD></DL></LA></DD></DL></LA></DD></DL></LA></DD></DL></LA></DD></DL></LA><LA Size="normal">Übergangsregelungen für die Wahl zum 12. Deutschen Bundestag</LA></DD></DL></LA><LA Size="normal">(1) Der Bundeswahlausschuß besteht abweichend von § 9 Abs. 2 Satz 1 aus dem Bundeswahlleiter und acht von ihm berufenen Wahlberechtigten als Beisitzern.</LA><LA Size="normal">(2) Landeslisten verschiedener Parteien, die in keinem Land - ausgenommen Berlin - nebeneinander Listenwahlvorschläge einreichen, können durch Erklärung gegenüber dem Bundeswahlleiter verbunden werden. Die Erklärung ist gemeinsam von den Vertrauenspersonen und den stellvertretenden Vertrauenspersonen aller beteiligten Landeslisten spätestens am zwanzigsten Tag vor der Wahl schriftlich bis 18 Uhr abzugeben. Für das weitere Verfahren gilt § 29 Abs. 2 und 3 entsprechend. § 6 Abs. 6 und § 7 Abs. 2 und 3 gelten für verbundene Landeslisten verschiedener Parteien entsprechend.</LA><LA Size="normal">(3) Die in den nachstehend genannten Bestimmungen dieses Gesetzes festgelegten Fristen werden für die Wahl zum 12. Deutschen Bundestag wie folgt abgekürzt:<DL Font="normal" Type="arabic"><DT>1.</DT><DD Font="normal"><LA Size="normal">In § 18 tritt<DL Font="normal" Type="arabic"><DT>a)</DT><DD Font="normal"><LA Size="normal">in Absatz 2 Satz 1 an Stelle des neunzigsten Tages der siebenundvierzigste Tag,</LA></DD><DT>b)</DT><DD Font="normal"><LA Size="normal">in Absatz 4 an Stelle des zweiundsiebzigsten Tages der siebenunddreißigste Tag.</LA></DD></DL></LA></DD><DT>2.</DT><DD Font="normal"><LA Size="normal">In § 19 tritt an Stelle des sechsundsechzigsten Tages der vierunddreißigste Tag.</LA></DD><DT>3.</DT><DD Font="normal"><LA Size="normal">In § 26 tritt<DL Font="normal" Type="arabic"><DT>a)</DT><DD Font="normal"><LA Size="normal">in Absatz 1 Satz 1 an Stelle des achtundfünfzigsten Tages der dreißigste Tag,</LA></DD><DT>b)</DT><DD Font="normal"><LA Size="normal">in Absatz 2 Satz 5 an Stelle des zweiundfünfzigsten Tages der vierundzwanzigste Tag,</LA></DD><DT>c)</DT><DD Font="normal"><LA Size="normal">in Absatz 3 an Stelle des achtundvierzigsten Tages der zwanzigste Tag.</LA></DD></DL></LA></DD><DT>4.</DT><DD Font="normal"><LA Size="normal">In § 28 tritt<DL Font="normal" Type="arabic"><DT>a)</DT><DD Font="normal"><LA Size="normal">in Absatz 1 Satz 1 an Stelle des achtundfünfzigsten Tages der dreißigste Tag,</LA></DD><DT>b)</DT><DD Font="normal"><LA Size="normal">in Absatz 2 Satz 5 an Stelle des zweiundfünfzigsten Tages der vierundzwanzigste Tag,</LA></DD><DT>c)</DT><DD Font="normal"><LA Size="normal">in Absatz 3 an Stelle des achtundvierzigsten Tages der zwanzigste Tag.</LA></DD></DL></LA></DD><DT>5.</DT><DD Font="normal"><LA Size="normal">In § 29 tritt<DL Font="normal" Type="arabic"><DT>a)</DT><DD Font="normal"><LA Size="normal">in Absatz 1 an Stelle des vierunddreißigsten Tages der zwanzigste Tag,</LA></DD><DT>b)</DT><DD Font="normal"><LA Size="normal">in Absatz 2 Satz 1 an Stelle des dreißigsten Tages der sechzehnte Tag,</LA></DD><DT>c)</DT><DD Font="normal"><LA Size="normal">in Absatz 3 an Stelle des sechsundzwanzigsten Tages der fünfzehnte Tag.</LA></DD></DL></LA></DD></DL></LA><LA Size="normal">(4) § 18 Abs. 2 Satz 1 gilt mit der Maßgabe, daß auch die Vertretung in der Volkskammer zu berücksichtigen ist und die Wörter &quot;mit mindestens fünf Abgeordneten&quot; entfallen.&quot;</LA></DD><DT>3.</DT><DD Font="normal"><LA Size="normal">Die Anlage zu dem Gesetz wird durch die im Anhang genannten und beschriebenen Wahlkreise 257 bis 328 ergänzt.<DL Font="normal" Type="arabic"><DT/><DD Font="normal"><LA Size="normal"><DL Font="normal" Type="arabic"><DT/><DD Font="normal"><LA Size="normal"><DL Font="normal" Type="arabic"><DT/><DD Font="normal"><LA Size="normal"><DL Font="normal" Type="arabic"><DT/><DD Font="normal"><LA Size="normal"><DL Font="normal" Type="arabic"><DT/><DD Font="normal"><LA Size="normal"><DL Font="normal" Type="arabic"><DT/><DD Font="normal"><LA Size="normal"><DL Font="normal" Type="arabic"><DT/><DD Font="normal"><LA Size="normal">II.</LA></DD></DL></LA></DD></DL></LA></DD></DL></LA></DD></DL></LA></DD></DL></LA></DD></DL></LA></DD></DL></LA></DD></DL><BR/>Für die Anwendung des Bundeswahlgesetzes auf die Vorbereitung und Durchführung der Wahl in den Ländern Mecklenburg-Vorpommern, Brandenburg, Sachsen-Anhalt, Sachsen und Thüringen sowie in Berlin gelten folgende Maßgaben: <DL Font="normal" Type="arabic"><DT>1.</DT><DD Font="normal"><LA Size="normal">Die Zuständigkeiten der Landesregierung nach § 8 Abs. 3 sowie § 9 Abs. 1 und Abs. 2 Satz 2, 2. Halbsatz werden wahrgenommen<DL Font="normal" Type="arabic"><DT>a)</DT><DD Font="normal"><LA Size="normal">in Berlin gemeinsam vom Senat und Magistrat oder der von ihnen bestimmten Stelle,</LA></DD><DT>b)</DT><DD Font="normal"><LA Size="normal">in den Ländern Mecklenburg-Vorpommern, Brandenburg, Sachsen-Anhalt, Sachsen und Thüringen vom Minister des Innern der Deutschen Demokratischen Republik oder der von ihm bestimmten Stelle.</LA></DD></DL></LA></DD><DT>2.</DT><DD Font="normal"><LA Size="normal">Deutsche im Sinne der §§ 12 und 15 des Bundeswahlgesetzes sind in den Ländern Mecklenburg-Vorpommern, Brandenburg, Sachsen-Anhalt, Sachsen und Thüringen sowie in Berlin (Ost) Personen, die nach der Rechtsordnung der Deutschen Demokratischen Republik Bürger der Deutschen Demokratischen Republik oder Bürger der Bundesrepublik Deutschland einschließlich Berlin (West) sind.</LA></DD><DT>3.</DT><DD Font="normal"><LA Size="normal">§ 12 Abs. 2 Satz 1 Nr. 1 gilt für vergleichbare Dienst- und Arbeitsverhältnisse der Deutschen Demokratischen Republik entsprechend. Für die Anwendung der Nummern 2 und 3 ist auch eine frühere Wohnung oder ein früherer Aufenthalt im Gebiet der Länder Mecklenburg-Vorpommern, Brandenburg, Sachsen-Anhalt, Sachsen und Thüringen oder in Berlin (Ost) zu berücksichtigen.</LA></DD><DT>4.</DT><DD Font="normal"><LA Size="normal">In den Ländern Mecklenburg-Vorpommern, Brandenburg, Sachsen-Anhalt, Sachsen und Thüringen sowie in Berlin (Ost) gilt anstelle von § 13 Nr. 2 und 3 folgendes:</LA><LA Size="normal">&quot;Vom Wahlrecht ausgeschlossen sind Bürger, die wegen einer psychischen Erkrankung oder schwerer Fehlentwicklung der Persönlichkeit von Krankheitswert oder wegen intellektueller Schädigung unter vorläufiger Vormundschaft oder unter Gebrechlichkeitspflegschaft stehen. Entsprechendes gilt bei Bürgern, die aus den gleichen Gründen auf der Grundlage der geltenden Rechtsvorschriften unbefristet in eine Einrichtung für psychisch Kranke eingewiesen sind.&quot;</LA></DD><DT>5.</DT><DD Font="normal"><LA Size="normal">Für die Feststellung der Parteieigenschaft durch den Bundeswahlausschuß nach § 18 ist auch für das Gebiet der Länder Mecklenburg-Vorpommern, Brandenburg, Sachsen-Anhalt, Sachsen und Thüringen sowie für Berlin (Ost) § 2 Abs. 1 des Parteiengesetzes der Bundesrepublik Deutschland in der Fassung der Bekanntmachung vom 3. März 1989 (BGBl. I S. 327) maßgeblich.</LA></DD><DT>6.</DT><DD Font="normal"><LA Size="normal">Anstelle der Versicherung an Eides Statt (§ 21 Abs. 6, § 27 Abs. 5, § 36 Abs. 2) ist im Bereich der Rechtsordnung der Deutschen Demokratischen Republik die Versicherung der Wahrheit im Sinne von § 231 des Strafgesetzbuches der Deutschen Demokratischen Republik abzugeben.</LA></DD><DT>7.</DT><DD Font="normal"><LA Size="normal">§ 27 Abs. 1 Satz 2 gilt in den Ländern Mecklenburg-Vorpommern, Brandenburg, Sachsen-Anhalt, Sachsen und Thüringen mit der Maßgabe, daß die Zahl der Wahlberechtigten bei der Volkskammerwahl am 18. März 1990 zugrundezulegen ist.</LA><LA Size="normal">In Berlin sind 2.000 Unterschriften beizubringen.</LA></DD><DT>8.</DT><DD Font="normal"><LA Size="normal">§ 30 Abs. 3 Satz 1 gilt in den Ländern Mecklenburg-Vorpommern, Brandenburg, Sachsen-Anhalt, Sachsen und Thüringen mit der Maßgabe, daß sich die Reihenfolge der Landeslisten von Parteien, die in der Volkskammer vertreten sind, nach der Anzahl der Stimmen richtet, die sie bei der Wahl zur Volkskammer am 18. März 1990 erreicht haben.</LA><LA Size="normal">In Berlin richtet sich die Reihenfolge der Landeslisten von Parteien, die im Deutschen Bundestag oder in der Volkskammer vertreten sind, nach der Gesamtzahl der Zweitstimmen bei der letzten Wahl zum Abgeordnetenhaus von Berlin und der Stimmen bei der Wahl zur Volkskammer am 18. März 1990.</LA></DD><DT>9.</DT><DD Font="normal"><LA Size="normal">§ 36 Abs. 4 gilt für die Deutsche Post entsprechend.</LA></DD><DT>10.</DT><DD Font="normal"><LA Size="normal">§ 49a wird in den Ländern Mecklenburg-Vorpommern, Brandenburg, Sachsen-Anhalt, Sachsen und Thüringen sowie in Berlin (Ost) mit der Maßgabe angewendet, daß Ordnungsstrafen im Sinne des Gesetzes zur Bekämpfung von Ordnungswidrigkeiten vom 12. Januar 1968 (GBl. S. 101), zuletzt geändert durch Gesetz vom 29. Juli 1990 (GBl. I S. 526) in Höhe bis zu 100.000 Deutsche Mark verhängt werden können.</LA></DD></DL></noindex></P></Content></text></textdaten></norm>
<norm builddate="20130405132047" doknr="BJNR208220990BJNE001200308"><metadaten><jurabk>GDtWahlVDVtr</jurabk><enbez>Anhang</enbez></metadaten><textdaten><text format="XML"><Content><P><ABWFORMAT typ="A"/><kommentar typ="Fundstelle">Fundstelle des Originaltextes: BGBl. II 1990, 826 - 830</kommentar><BR/><table frame="none"><tgroup cols="3" colsep="0" rowsep="0"><colspec colname="col1" colnum="1" colwidth="34.000000pt"/><colspec colname="col2" colnum="2" colwidth="196.000000pt"/><colspec colname="col3" colnum="3" colwidth="376.000000pt"/><tbody valign="top"><row rowsep="1"><entry align="center" nameend="col3" namest="col1" valign="top">Ergänzung der Anlage zum Bundeswahlgesetz</entry></row><row><entry nameend="col3" namest="col1" valign="top">Wahlkreis</entry></row><row rowsep="1"><entry>Nr.</entry><entry valign="top">Name</entry><entry valign="top">Gebiet des Wahlkreises</entry></row><row><entry>257</entry><entry valign="top">Berlin - Mitte - Prenzlauer Berg - Weißensee I</entry><entry valign="top">Stadtbezirk Mitte<BR/>Stadtbezirk Prenzlauer Berg<BR/>vom Stadtbezirk Weißensee<BR/>die Wohnbezirke: 3-36</entry></row><row><entry>258</entry><entry valign="top">Berlin - Pankow Hohenschönhausen Weißensee II</entry><entry valign="top">Stadtbezirk Pankow<BR/>Stadtbezirk Hohenschönhausen<BR/>vom Stadtbezirk Weißensee<BR/>die Ortsteile Blankenburg, Karow,<BR/>Heinersdorf und die Wohnbezirke:<BR/>1, 2, 41-48, 73, 74, 80</entry></row><row><entry>259</entry><entry valign="top">Berlin - Friedrichshain - Treptow - Lichtenberg I Stadtbezirk Friedrichshain</entry><entry valign="top">Stadtbezirk Treptow<BR/>vom Stadtbezirk Lichtenberg<BR/>die Wohnbezirke: 10, 13-19, 22, 23</entry></row><row><entry>260</entry><entry valign="top">Berlin - Köpenick - Lichtenberg II</entry><entry valign="top">Stadtbezirk Köpenick<BR/>vom Stadtbezirk Lichtenberg<BR/>die Wohnbezirke: 1, 11, 12, 26-73,<BR/>202-210</entry></row><row><entry>261</entry><entry valign="top">Berlin - Hellersdorf - Mahrzahn</entry><entry valign="top">Stadtbezirk Hellersdorf<BR/>Stadtbezirk Mahrzahn</entry></row><row><entry nameend="col3" namest="col1" valign="top"> </entry></row><row><entry> </entry><entry valign="top"> </entry><entry valign="top"><B>Mecklenburg-Vorpommern</B></entry></row><row><entry nameend="col3" namest="col1" valign="top"> </entry></row><row><entry>262</entry><entry valign="top">Wismar - Gadebusch - Grevesmühlen - Doberan - Bützow</entry><entry valign="top">Stadtkreis Wismar<BR/>Landkreis Wismar<BR/>Landkreis Bad Doberan<BR/>Landkreis Grevesmühlen<BR/>Landkreis Bützow<BR/>Landkreis Gadebusch</entry></row><row><entry>263</entry><entry valign="top">Schwerin - Hagenow</entry><entry valign="top">Stadtkreis Schwerin<BR/>Landkreis Schwerin<BR/>Landkreis Hagenow</entry></row><row><entry>264</entry><entry valign="top">Güstrow - Sternberg Lübz - Parchim - Ludwigslust</entry><entry valign="top">Landkreis Güstrow<BR/>Landkreis Ludwigslust<BR/>Landkreis Parchim<BR/>Landkreis Lübz<BR/>Landkreis Sternberg</entry></row><row><entry>265</entry><entry valign="top">Rostock</entry><entry valign="top">Stadtkreis Rostock</entry></row><row><entry>266</entry><entry valign="top">Rostock, Land - Ribnitz-Damgarten - Teterow - Malchin</entry><entry valign="top">Landkreis Rostock<BR/>Landkreis Malchin<BR/>Landkreis Ribnitz-Damgarten<BR/>Landkreis Teterow</entry></row><row><entry>267</entry><entry valign="top">Stralsund - Rügen - Grimmen</entry><entry valign="top">Stadtkreis Stralsund<BR/>Landkreis Stralsund<BR/>Landkreis Rügen<BR/>Landkreis Grimmen</entry></row><row><entry>268</entry><entry valign="top">Greifswald - Wolgast - Demmin</entry><entry valign="top">Stadtkreis Greifswald<BR/>Landkreis Greifswald<BR/>Landkreis Wolgast<BR/>Landkreis Demmin</entry></row><row><entry>269</entry><entry valign="top">Neubrandenburg - Altentreptow - Waren - Röbel</entry><entry valign="top">Stadtkreis Neubrandenburg<BR/>Landkreis Neubrandenburg<BR/>Landkreis Waren<BR/>Landkreis Altentreptow<BR/>Landkreis Röbel</entry></row><row><entry>270</entry><entry valign="top">Neustrelitz - Strasburg - Pasewalk - Ueckermünde - Anklam</entry><entry valign="top">Landkreis Neustrelitz<BR/>Landkreis Ueckermünde<BR/>Landkreis Pasewalk<BR/>Landkreis Anklam<BR/>Landkreis Strasburg</entry></row><row><entry nameend="col3" namest="col1" valign="top"> </entry></row><row><entry> </entry><entry valign="top"> </entry><entry valign="top"><B>Brandenburg</B></entry></row><row><entry nameend="col3" namest="col1" valign="top"> </entry></row><row><entry>271</entry><entry valign="top">Neuruppin - Kyritz - Wittstock - Pritzwalk - Perleberg</entry><entry valign="top">Landkreis Neuruppin<BR/>Landkreis Perleberg<BR/>Landkreis Kyritz<BR/>Landkreis Pritzwalk<BR/>Landkreis Wittstock</entry></row><row><entry>272</entry><entry valign="top">Prenzlau - Angermünde Schwedt - Templin - Gransee</entry><entry valign="top">Landkreis Prenzlau<BR/>Landkreis Schwedt<BR/>Landkreis Gransee<BR/>Landkreis Templin<BR/>Landkreis Angermünde</entry></row><row><entry>273</entry><entry valign="top">Oranienburg - Nauen</entry><entry valign="top">Landkreis Oranienburg<BR/>Landkreis Nauen</entry></row><row><entry>274</entry><entry valign="top">Eberswalde - Bernau - Bad Freienwalde</entry><entry valign="top">Landkreis Eberswalde<BR/>Landkreis Bernau<BR/>Landkreis Bad Freienwalde</entry></row><row><entry>275</entry><entry valign="top">Brandenburg - Rathenow - Belzig</entry><entry valign="top">Stadtkreis Brandenburg<BR/>Landkreis Brandenburg<BR/>Landkreis Rathenow<BR/>Landkreis Belzig</entry></row><row><entry>276</entry><entry valign="top">Potsdam</entry><entry valign="top">Stadtkreis Potsdam<BR/>Landkreis Potsdam</entry></row><row><entry>277</entry><entry valign="top">Fürstenwalde - Strausberg - Seelow</entry><entry valign="top">Landkreis Fürstenwalde<BR/>Landkreis Strausberg<BR/>Landkreis Seelow</entry></row><row><entry>278</entry><entry valign="top">Luckenwalde - Zossen - Jüterbog - Königs Wusterhausen</entry><entry valign="top">Landkreis Luckenwalde<BR/>Landkreis Zossen<BR/>Landkreis Jüterbog<BR/>Landkreis Königs Wusterhausen</entry></row><row><entry>279</entry><entry valign="top">Frankfurt/Oder - Eisenhüttenstadt - Beeskow</entry><entry valign="top">Stadtkreis Frankfurt/Oder<BR/>Stadtkreis Eisenhüttenstadt<BR/>Landkreis Eisenhüttenstadt<BR/>Landkreis Beeskow</entry></row><row><entry>280</entry><entry valign="top">Cottbus - Guben - Forst</entry><entry valign="top">Stadtkreis Cottbus<BR/>Landkreis Cottbus<BR/>Landkreis Guben<BR/>Landkreis Forst</entry></row><row><entry>281</entry><entry valign="top">Senftenberg - Calau - Spremberg</entry><entry valign="top">Landkreis Senftenberg<BR/>Landkreis Calau<BR/>Landkreis Spremberg</entry></row><row><entry>282</entry><entry valign="top">Bad Liebenwerda - Finsterwalde - Herzberg - Lübben - Luckau</entry><entry valign="top">Landkreis Bad Liebenwerda<BR/>Landkreis Finsterwalde<BR/>Landkreis Herzberg<BR/>Landkreis Lübben<BR/>Landkreis Luckau</entry></row><row><entry nameend="col3" namest="col1" valign="top"> </entry></row><row><entry> </entry><entry valign="top"> </entry><entry valign="top"><B>Sachsen-Anhalt</B></entry></row><row><entry nameend="col3" namest="col1" valign="top"> </entry></row><row><entry>283</entry><entry valign="top">Altmark</entry><entry valign="top">Landkreis Stendal<BR/>Landkreis Salzwedel<BR/>Landkreis Osterburg<BR/>Landkreis Gardelegen<BR/>Landkreis Klötze</entry></row><row><entry>284</entry><entry valign="top">Elbe-Havel-Gebiet und Haldensleben - Wolmirstedt</entry><entry valign="top">Landkreis Burg<BR/>Landkreis Genthin<BR/>Landkreis Havelberg<BR/>Landkreis Haldensleben<BR/>Landkreis Wolmirstedt</entry></row><row><entry>285</entry><entry valign="top">Harz und Vorharzgebiet</entry><entry valign="top">Landkreis Wernigerode<BR/>Landkreis Halberstadt<BR/>Landkreis Oschersleben</entry></row><row><entry>286</entry><entry valign="top">Magdeburg</entry><entry valign="top">vom Stadtkreis Magdeburg<BR/>die Wohngebiete:<BR/>Neustädter See, Kannstieg,<BR/>Rothensee, Alte Neustadt, Neue<BR/>Neustadt, Nordfront, Birkenweiler,<BR/>Neustädter Feld, Nordwest,<BR/>Neuolvenstedt, Altolvenstedt,<BR/>Stadtfeld, Stadtzentrum,<BR/>Cracau/Werder, Heumarkt, Prester,<BR/>Ottersleben, Lemsdorf, Diesdorf,<BR/>Kroatenweg, Lindenweiler</entry></row><row><entry>287</entry><entry valign="top">Magdeburg - Schönebeck - Wanzleben - Staßfurt</entry><entry valign="top">vom Stadtkreis Magdeburg die Wohngebiete:<BR/>Buckau, Fermersleben, Salbke,<BR/>Westerhüsen, Leipziger Straße,<BR/>Hopfengarten, Reform<BR/>Landkreis Schönebeck<BR/>Landkreis Wanzleben<BR/>Landkreis Staßfurt</entry></row><row><entry>288</entry><entry valign="top">Wittenberg - Gräfenhainichen - Jessen - Roßlau</entry><entry valign="top">Landkreis Wittenberg<BR/>Landkreis Gräfenhainichen<BR/>Landkreis Roßlau<BR/>Landkreis Jessen</entry></row><row><entry>289</entry><entry valign="top">Dessau - Bitterfeld</entry><entry valign="top">Stadtkreis Dessau<BR/>Landkreis Bitterfeld</entry></row><row><entry>290</entry><entry valign="top">Bernburg - Aschersleben - Köthen - Zerbst</entry><entry valign="top">Landkreis Bernburg<BR/>Landkreis Aschersleben<BR/>Landkreis Koethen<BR/>Landkreis Zerbst</entry></row><row><entry>291</entry><entry valign="top">Halle-Altstadt</entry><entry valign="top">vom Stadtkreis Halle<BR/>die Stadtgebiete:<BR/>Ost, Süd, West</entry></row><row><entry>292</entry><entry valign="top">Halle-Neustadt - Saalkreis - Eisleben</entry><entry valign="top">vom Stadtkreis Halle<BR/>das Stadtgebiet Halle-Neustadt<BR/>Landkreis Saalkreis<BR/>Landkreis Eisleben</entry></row><row><entry>293</entry><entry valign="top">Merseburg - Querfurt - Nebra - Naumburg I</entry><entry valign="top">Landkreis Merseburg<BR/>Landkreis Querfurt<BR/>Landkreis Nebra<BR/>vom Landkreis Naumburg die Gemeinden:<BR/>Naumburg, Burgholzhausen,<BR/>Burkersroda, Eckartsberga,<BR/>Größnitz, Hassenhausen,<BR/>Herrengosserstedt, Kleinheringen,<BR/>Kleinjena, Klosterhäßeler, Lißdorf,<BR/>Möllern, Spielberg, Taugwitz,<BR/>Tromsdorf, Wischroda</entry></row><row><entry>294</entry><entry valign="top">Zeitz - Naumburg II - Weißenfels - Hohenmölsen</entry><entry valign="top">Landkreis Zeitz<BR/>Landkreis Weißenfels<BR/>vom Landkreis Naumburg die Gemeinden:<BR/>Abtlöbnitz, Casekirchen, Crölpa-Löbschütz, Eulau, Flemmingen,<BR/>Gieckau, Görschen, Janisroda, Bad<BR/>Kösen, Leislau, Löbitz, Mertendorf,<BR/>Molau, Neidschütz, Pödelist,<BR/>Prießnitz, Schieben, Schönburg,<BR/>Utenbach, Wethau, Wettaburg,<BR/>Landkreis Hohenmölsen</entry></row><row><entry>295</entry><entry valign="top">Sangerhausen - Hettstedt - Quedlinburg</entry><entry valign="top">Landkreis Sangerhausen<BR/>Landkreis Quedlinburg<BR/>Landkreis Hettstedt</entry></row><row><entry nameend="col3" namest="col1" valign="top"> </entry></row><row><entry> </entry><entry valign="top"> </entry><entry valign="top"><B>Thüringen</B></entry></row><row><entry nameend="col3" namest="col1" valign="top"> </entry></row><row><entry>296</entry><entry valign="top">Nordhausen - Worbis - Heiligenstadt</entry><entry valign="top">Landkreis Nordhausen<BR/>Landkreis Worbis<BR/>Landkreis Heiligenstadt</entry></row><row><entry>297</entry><entry valign="top">Eisenach - Mühlhausen</entry><entry valign="top">Landkreis Eisenach<BR/>Landkreis Mühlhausen</entry></row><row><entry>298</entry><entry valign="top">Sömmerda - Artern - Sondershausen - Langensalza</entry><entry valign="top">Landkreis Sömmerda<BR/>Landkreis Artern<BR/>Landkreis Sondershausen<BR/>Landkreis Langensalza</entry></row><row><entry>299</entry><entry valign="top">Gotha - Arnstadt</entry><entry valign="top">Landkreis Gotha<BR/>Landkreis Arnstadt</entry></row><row><entry>300</entry><entry valign="top">Erfurt</entry><entry valign="top">Stadtkreis Erfurt</entry></row><row><entry>301</entry><entry valign="top">Weimar - Apolda - Erfurt, Land</entry><entry valign="top">Stadtkreis Weimar<BR/>Landkreis Weimar<BR/>Landkreis Apolda<BR/>Landkreis Erfurt</entry></row><row><entry>302</entry><entry valign="top">Jena - Rudolstadt - Stadtroda</entry><entry valign="top">Stadtkreis Jena<BR/>Landkreis Jena<BR/>Landkreis Rudolstadt<BR/>Landkreis Stadtroda</entry></row><row><entry>303</entry><entry valign="top">Gera, Stadt - Eisenberg - Gera, Land I</entry><entry valign="top">Stadtkreis Gera<BR/>Landkreis Eisenberg<BR/>vom Landkreis Gera die Gemeinden:<BR/>Aga, Bocka, Burkersdorf b. Weida,<BR/>Caaschwitz, Cretzschwitz, Crimla,<BR/>Falke, Forstwolfersdorf, Frießnitz,<BR/>Gleina, Groß Ebersdorf, Hain,<BR/>Hartmannsdorf, Hohenölsen,<BR/>Hundhaupten, Kauern, Köfeln, Bad<BR/>Köstritz, Kraftsdorf, Lederhose,<BR/>Lindenkreuz, Mosen, Münchenbernsdorf,<BR/>Neundorf, Niederndorf,<BR/>Niederpöllnitz, Reichardtsdorf,<BR/>Roben, Röpsen, Rohna, Rüdersdorf,<BR/>Saara, Schömberg, Schwarzbach,<BR/>Steinsdorf, Teichwitz, Thränitz,<BR/>Töppeln, Trebnitz, Weida, Weißig,<BR/>Wolfsgefährt, Wünschendorf, Zedlitz</entry></row><row><entry>304</entry><entry valign="top">Altenburg - Schmölln - Greiz - Gera, Land II</entry><entry valign="top">Landkreis Altenburg<BR/>Landkreis Greiz<BR/>Landkreis Schmölln<BR/>vom Landkreis Gera<BR/>die Gemeinden:<BR/>Bethenhausen, Brahmenau, Braunichswalde,<BR/>Endschütz, Gauern,<BR/>Großenstein, Hermsdorf,<BR/>Hilbersdorf, Hirschfeld, Korbußen,<BR/>Linda b. Weida, Pölzig, Reichstädt,<BR/>Ronneburg, Rückersdorf, Schwaara,<BR/>Seelingstädt, Söllmnitz,<BR/>Friedmannsdorf, Paitzdorf</entry></row><row><entry>305</entry><entry valign="top">Saalfeld - Pößneck - Schleiz - Lobenstein - Zeulenroda</entry><entry valign="top">Landkreis Saalfeld<BR/>Landkreis Schleiz<BR/>Landkreis Pößneck<BR/>Landkreis Lobenstein<BR/>Landkreis Zeulenroda</entry></row><row><entry>306</entry><entry valign="top">Meiningen - Bad Salzungen - Hildburghausen - Sonneberg</entry><entry valign="top">Landkreis Meiningen<BR/>Landkreis Bad Salzungen<BR/>Landkreis Hildburghausen<BR/>Landkreis Sonneberg</entry></row><row><entry>307</entry><entry valign="top">Suhl - Schmalkalden - Ilmenau - Neuhaus</entry><entry valign="top">Stadtkreis Suhl<BR/>Landkreis Suhl<BR/>Landkreis Schmalkalden<BR/>Landkreis Ilmenau<BR/>Landkreis Neuhaus</entry></row><row><entry nameend="col3" namest="col1" valign="top"> </entry></row><row><entry> </entry><entry valign="top"> </entry><entry valign="top"><B>Sachsen</B></entry></row><row><entry nameend="col3" namest="col1" valign="top"> </entry></row><row><entry>308</entry><entry valign="top">Delitzsch - Eilenburg - Torgau - Wurzen</entry><entry valign="top">Landkreis Delitzsch<BR/>Landkreis Torgau<BR/>Landkreis Eilenburg<BR/>Landkreis Wurzen</entry></row><row><entry>309</entry><entry valign="top">Leipzig I</entry><entry valign="top">vom Stadtkreis Leipzig<BR/>die Stadtbezirke: Mitte, Nord,<BR/>Nord-Ost, West<BR/>mit den Wohnbezirken: 702-729</entry></row><row><entry>310</entry><entry valign="top">Leipzig II</entry><entry valign="top">vom Stadtkreis Leipzig<BR/>die Stadtbezirke: Süd-Ost, Süd,<BR/>Süd-West, West II mit den<BR/>Wohnbezirken: 730-755</entry></row><row><entry>311</entry><entry valign="top">Leipzig, Land - Borna - Geithain</entry><entry valign="top">Landkreis Leipzig<BR/>Landkreis Borna<BR/>Landkreis Geithain</entry></row><row><entry>312</entry><entry valign="top">Döbeln - Grimma - Oschatz</entry><entry valign="top">Landkreis Döbeln<BR/>Landkreis Grimma<BR/>Landkreis Oschatz</entry></row><row><entry>313</entry><entry valign="top">Meißen - Riesa - Großenhain</entry><entry valign="top">Landkreis Meißen<BR/>Landkreis Riesa<BR/>Landkreis Großenhain</entry></row><row><entry>314</entry><entry valign="top">Hoyerswerda - Kamenz - Weißwasser</entry><entry valign="top">Landkreis Hoyerswerda<BR/>Landkreis Kamenz<BR/>Landkreis Weißwasser</entry></row><row><entry>315</entry><entry valign="top">Görlitz - Zittau - Niesky</entry><entry valign="top">Stadtkreis Görlitz<BR/>Landkreis Görlitz<BR/>Landkreis Zittau<BR/>Landkreis Niesky</entry></row><row><entry>316</entry><entry valign="top">Bautzen - Löbau</entry><entry valign="top">Landkreis Bautzen<BR/>Landkreis Löbau</entry></row><row><entry>317</entry><entry valign="top">Pirna - Sebnitz - Bischofswerda</entry><entry valign="top">Landkreis Pirna<BR/>Landkreis Bischofswerda<BR/>Landkreis Sebnitz</entry></row><row><entry>318</entry><entry valign="top">Dresden I</entry><entry valign="top">vom Stadtkreis Dresden<BR/>die Stadtbezirke:<BR/>Ost I, Ost II, Süd I, West II,<BR/>Süd II</entry></row><row><entry>319</entry><entry valign="top">Dresden II</entry><entry valign="top">vom Stadtkreis Dresden<BR/>die Stadtbezirke:<BR/>Mitte I, Mitte II, Nord I,<BR/>Nord II, West I</entry></row><row><entry>320</entry><entry valign="top">Dresden, Land -Freital - Dippoldiswalde</entry><entry valign="top">Landkreis Dresden<BR/>Landkreis Freital<BR/>Landkreis Dippoldiswalde</entry></row><row><entry>321</entry><entry valign="top">Freiberg - Brand-Erbisdorf - Flöha - Marienberg</entry><entry valign="top">Landkreis Freiberg<BR/>Landkreis Marienberg<BR/>Landkreis Flöha<BR/>Landkreis Brand-Erbisdorf</entry></row><row><entry>322</entry><entry valign="top">Glauchau - Rochlitz - Hohenstein-Ernstthal - Hainichen</entry><entry valign="top">Landkreis Glauchau<BR/>Landkreis Hainichen<BR/>Landkreis Hohenstein-Ernstthal<BR/>Landkreis Rochlitz</entry></row><row><entry>323</entry><entry valign="top">Chemnitz I</entry><entry valign="top">vom Stadtkreis Chemnitz<BR/>die Stadtbezirke:<BR/>Mitte-Nord, West, Süd I<BR/>mit den Stimmbezirken:<BR/>270-285, 320-343</entry></row><row><entry>324</entry><entry valign="top">Chemnitz II - Chemnitz, Land</entry><entry valign="top">vom Stadtkreis Chemnitz<BR/>der Stadtbezirk Süd II<BR/>mit den Stimmbezirken:<BR/>200-263, 290-314, 600-682<BR/>Landkreis Chemnitz</entry></row><row><entry>325</entry><entry valign="top">Annaberg - Stollberg - Zschopau</entry><entry valign="top">Landkreis Annaberg<BR/>Landkreis Stollberg<BR/>Landkreis Zschopau</entry></row><row><entry>326</entry><entry valign="top">Aue - Schwarzenberg - Zwickau, Land</entry><entry valign="top">Landkreis Aue<BR/>Landkreis Zwickau<BR/>Landkreis Schwarzenberg</entry></row><row><entry>327</entry><entry valign="top">Zwickau - Werdau - Reichenbach</entry><entry valign="top">Stadtkreis Zwickau<BR/>Landkreis Werdau<BR/>Landkreis Reichenbach</entry></row><row><entry>328</entry><entry valign="top">Plauen - Oelsnitz - Auerbach - Klingenthal</entry><entry valign="top">Stadtkreis Plauen<BR/>Landkreis Plauen<BR/>Landkreis Auerbach<BR/>Landkreis Oelsnitz<BR/>Landkreis Klingenthal</entry></row></tbody></tgroup></table></P></Content></text></textdaten></norm>
</dokumente>