<?xml version="1.0" encoding="UTF-8" ?><!DOCTYPE dokumente SYSTEM "http://www.gesetze-im-internet.de/dtd/1.01/gii-norm.dtd">
<dokumente builddate="20160607215518" doknr="BJNR120900000"><norm builddate="20160607215518" doknr="BJNR120900000"><metadaten><jurabk>ZustAOBeih</jurabk><amtabk>ZustAO Beih</amtabk><ausfertigung-datum manuell="ja">2000-01-27</ausfertigung-datum><fundstelle typ="amtlich"><periodikum>BGBl I</periodikum><zitstelle>2000, 1209</zitstelle></fundstelle><kurzue>BMF-Zuständigkeitsanordnung - Beihilfe</kurzue><langue>Anordnung über die Übertragung von Zuständigkeiten auf dem Gebiet der Festsetzung von Beihilfen sowie für den Erlass von Widerspruchsbescheiden und die Vertretung des Dienstherrn bei Klagen aus dem Beamtenverhältnis für Versorgungsempfänger des Bundes</langue><standangabe checked="ja"><standtyp>Stand</standtyp><standkommentar>Geändert durch AnO v. 25.10.2001 I 3227</standkommentar></standangabe></metadaten><textdaten><fussnoten><Content><P>(+++ Textnachweis ab: 1.2.2000 +++)</P></Content></fussnoten></textdaten></norm>
<norm builddate="20160607215518" doknr="BJNR120900000BJNE000100305"><metadaten><jurabk>ZustAOBeih</jurabk><enbez>Eingangsformel</enbez></metadaten><textdaten><text format="XML"><Content><P>Im Namen und im Einvernehmen mit <DL Font="normal" Type="arabic"><DT>-</DT><DD Font="normal"><LA Size="normal">dem Chef des Bundespräsidialamtes,</LA></DD> <DT>-</DT><DD Font="normal"><LA Size="normal">dem Direktor beim Deutschen Bundestag,</LA></DD> <DT>-</DT><DD Font="normal"><LA Size="normal">dem Direktor des Bundesrates,</LA></DD> <DT>-</DT><DD Font="normal"><LA Size="normal">der Präsidentin des Bundesverfassungsgerichts,</LA></DD> <DT>-</DT><DD Font="normal"><LA Size="normal">dem Chef des Bundeskanzleramtes,</LA></DD> <DT>-</DT><DD Font="normal"><LA Size="normal">der Präsidentin des Bundesrechnungshofs,</LA></DD> <DT>-</DT><DD Font="normal"><LA Size="normal">dem Auswärtigen Amt,</LA></DD> <DT>-</DT><DD Font="normal"><LA Size="normal">dem Bundesministerium des Innern,</LA></DD> <DT>-</DT><DD Font="normal"><LA Size="normal">dem Bundesministerium der Justiz,</LA></DD> <DT>-</DT><DD Font="normal"><LA Size="normal">dem Bundesministerium für Wirtschaft und Technologie,</LA></DD> <DT>-</DT><DD Font="normal"><LA Size="normal">dem Bundesministerium für Ernährung, Landwirtschaft und Forsten,</LA></DD> <DT>-</DT><DD Font="normal"><LA Size="normal">dem Bundesministerium für Arbeit und Sozialordnung,</LA></DD> <DT>-</DT><DD Font="normal"><LA Size="normal">dem Bundesministerium für Verkehr, Bau- und Wohnungswesen,</LA></DD> <DT>-</DT><DD Font="normal"><LA Size="normal">dem Bundesministerium für Gesundheit,</LA></DD> <DT>-</DT><DD Font="normal"><LA Size="normal">dem Bundesministerium für Umwelt, Naturschutz und Reaktorsicherheit,</LA></DD> <DT>-</DT><DD Font="normal"><LA Size="normal">dem Bundesministerium für Familie, Senioren, Frauen und Jugend,</LA></DD> <DT>-</DT><DD Font="normal"><LA Size="normal">dem Bundesministerium für Bildung und Forschung,</LA></DD> <DT>-</DT><DD Font="normal"><LA Size="normal">dem Bundesministerium für wirtschaftliche Zusammenarbeit und Entwicklung,</LA></DD> <DT>-</DT><DD Font="normal"><LA Size="normal">dem Presse- und Informationsamt der Bundesregierung,</LA></DD> <DT>-</DT><DD Font="normal"><LA Size="normal">dem Beauftragten der Bundesregierung für die Angelegenheiten der Kultur und der Medien,</LA></DD> <DT>-</DT><DD Font="normal"><LA Size="normal">der Deutschen Bibliothek,</LA></DD> <DT>-</DT><DD Font="normal"><LA Size="normal">der Stiftung Preußischer Kulturbesitz,</LA></DD> <DT>-</DT><DD Font="normal"><LA Size="normal">der Stiftung Haus der Geschichte der Bundesrepublik Deutschland</LA></DD> </DL>ordne ich gemäß § 17 Abs. 5 der Beihilfevorschriften (BhV) des Bundes vom 10. Juli 1995 (GMBl. S. 470) und des § 174 Abs. 3 sowie § 172 des Bundesbeamtengesetzes in der Fassung der Bekanntmachung vom 31. März 1999 (BGBl. I S. 675), in Verbindung mit § 126 Abs. 3 Nr. 2 Satz 2 des Beamtenrechtsrahmengesetzes in der Fassung der Bekanntmachung vom 31. März 1999 (BGBl. I S. 654), Folgendes an:</P></Content></text></textdaten></norm>
<norm builddate="20160607215518" doknr="BJNR120900000BJNE000200305"><metadaten><jurabk>ZustAOBeih</jurabk><enbez>I.</enbez></metadaten><textdaten><text format="XML"><Content><P><DL Font="normal" Type="arabic"><DT>1.</DT><DD Font="normal"><LA Size="normal">Die Oberfinanzdirektionen, Zoll- und Verbrauchsteuerabteilung, entscheiden nach Maßgabe der anliegenden Übersicht als Festsetzungsstellen über die Beihilfeanträge von Versorgungsempfängern des Bundes. Örtlich zuständig ist die Oberfinanzdirektion, in deren Bezirk sich der Hauptwohnsitz des Versorgungsempfängers befindet. Für beihilfeberechtigte Halbwaisen ist der Hauptwohnsitz des Elternteils maßgebend; bei mehreren hinterbliebenen Vollwaisen der Hauptwohnsitz der jüngsten beihilfeberechtigten Waise. Abweichend von Satz 1 entscheidet über Beihilfeanträge von Versorgungsempfängern mit Hauptwohnsitz im Oberfinanzbezirk Berlin die Oberfinanzdirektion Cottbus, in den Oberfinanzbezirken Düsseldorf und Münster die Oberfinanzdirektion Köln sowie über Beihilfeanträge von Versorgungsempfängern mit Hauptwohnsitz im Ausland bis auf weiteres das Bundesamt für Finanzen.</LA></DD> <DT>2.</DT><DD Font="normal"><LA Size="normal">Die Festsetzungsstellen sind nicht zu Entscheidungen befugt, die nach den Vorschriften den obersten Dienstbehörden vorbehalten sind.</LA></DD> </DL></P></Content></text></textdaten></norm>
<norm builddate="20160607215518" doknr="BJNR120900000BJNE000300305"><metadaten><jurabk>ZustAOBeih</jurabk><enbez>II.</enbez></metadaten><textdaten><text format="XML"><Content><P>Abschnitt I gilt entsprechend für Beihilfeanträge ehemaliger Bundespräsidenten, Bundeskanzler, Bundesminister und Parlamentarischer Staatssekretäre.</P></Content></text></textdaten></norm>
<norm builddate="20160607215518" doknr="BJNR120900000BJNE000400305"><metadaten><jurabk>ZustAOBeih</jurabk><enbez>III.</enbez></metadaten><textdaten><text format="XML"><Content><P><DL Font="normal" Type="arabic"><DT>1.</DT><DD Font="normal"><LA Size="normal">Auf Grund des § 172 des Bundesbeamtengesetzes in Verbindung mit § 126 Abs. 3 Nr. 2 Satz 2 des Beamtenrechtsrahmengesetzes sind für die Entscheidung über Widersprüche auf dem Gebiet der nach dieser Anordnung übertragenen Beihilfe die in Abschnitt I Nr. 1 genannten Stellen zuständig, soweit sie den mit dem Widerspruch angefochtenen Bescheid erlassen oder den Erlass eines Verwaltungsaktes abgelehnt haben. Die obersten Dienstbehörden behalten sich vor, im Einzelfall über einen Widerspruch selbst zu entscheiden.</LA></DD> <DT>2.</DT><DD Font="normal"><LA Size="normal">Auf Grund des § 174 Abs. 3 des Bundesbeamtengesetzes wird die Vertretung des Dienstherrn bei Klagen auf dem Gebiet der Beihilfe den in Abschnitt I Nr. 1 genannten Stellen übertragen, soweit sie nach dieser Anordnung für den Erlass von Widerspruchsbescheiden zuständig sind. Die obersten Dienstbehörden behalten sich vor, im Einzelfall oder in Gruppen von Fällen die Vertretung abweichend zu regeln oder die Vertretung selbst zu übernehmen.</LA></DD> </DL></P></Content></text></textdaten></norm>
<norm builddate="20160607215518" doknr="BJNR120900000BJNE000500305"><metadaten><jurabk>ZustAOBeih</jurabk><enbez>IV.</enbez></metadaten><textdaten><text format="XML"><Content><P>Die nach dieser Anordnung zuständigen Stellen führen den im Rahmen der Aufgabenübertragung erforderlich werdenden Schriftwechsel mit den obersten Dienstbehörden (§ 49 des Beamtenversorgungsgesetzes und Tz. 49.1.2 der Allgemeinen Verwaltungsvorschrift vom 3. November 1980 - GBMl. S. 742) unmittelbar.</P></Content></text></textdaten></norm>
<norm builddate="20160607215518" doknr="BJNR120900000BJNE000600305"><metadaten><jurabk>ZustAOBeih</jurabk><enbez>V.</enbez></metadaten><textdaten><text format="XML"><Content><P>Die Anordnung tritt am 1. Februar 2000 in Kraft.</P></Content></text></textdaten></norm>
<norm builddate="20160607215518" doknr="BJNR120900000BJNE000700305"><metadaten><jurabk>ZustAOBeih</jurabk><enbez>Schlussformel</enbez></metadaten><textdaten><text format="XML"><Content><P><SP>Der Bundesminister der Finanzen</SP></P></Content></text></textdaten></norm>
<norm builddate="20160607215518" doknr="BJNR120900000BJNE000801320"><metadaten><jurabk>ZustAOBeih</jurabk><enbez>Übersicht</enbez></metadaten><textdaten><text format="XML"><Content><P><ABWFORMAT typ="A"/><kommentar typ="Fundstelle"> Fundstelle des Originaltextes: BGBl. I 2000, 1211 - 1212;<BR/>bzgl. der einzelnen Änderungen vgl. Fußnote </kommentar> <BR/><table frame="all" tocentry="%yes;">
	<tgroup align="left" char="" charoff="50" cols="2" colsep="1" rowsep="0">
		<colspec colname="col1" colnum="1" colwidth="40*"/>
		<colspec colname="col2" colnum="2" colwidth="30*"/>
		<thead valign="bottom">
			<row rowsep="1">
				<entry VJ="1" align="center" colsep="0" valign="top">Versorgungsempfänger aus dem Dienstbereich</entry>
				<entry VJ="1" align="center" colsep="0" valign="top">Festsetzung von Beihilfen</entry>
			</row>
		</thead>
		<tbody valign="top">
			<row>
				<entry VJ="1" align="left" colsep="0" valign="top">1.</entry>
				<entry VJ="1" align="left" colsep="0" valign="top"> </entry>
			</row>
			<row>
				<entry VJ="1" align="left" colsep="0" valign="top">Bundespräsidialamt</entry>
				<entry VJ="1" align="left" colsep="0" valign="top">Oberfinanzdirektionen</entry>
			</row>
			<row>
				<entry VJ="1" align="left" colsep="0" valign="top">2.</entry>
				<entry VJ="1" align="left" colsep="0" valign="top"> </entry>
			</row>
			<row>
				<entry VJ="1" align="left" colsep="0" valign="top">Verwaltung des Deutschen Bundestages</entry>
				<entry VJ="1" align="left" colsep="0" valign="top">Oberfinanzdirektionen</entry>
			</row>
			<row>
				<entry VJ="1" align="left" colsep="0" valign="top">3.</entry>
				<entry VJ="1" align="left" colsep="0" valign="top"> </entry>
			</row>
			<row>
				<entry VJ="1" align="left" colsep="0" valign="top">Verwaltung des Bundesrates</entry>
				<entry VJ="1" align="left" colsep="0" valign="top">Oberfinanzdirektionen</entry>
			</row>
			<row>
				<entry VJ="1" align="left" colsep="0" valign="top">4.</entry>
				<entry VJ="1" align="left" colsep="0" valign="top"> </entry>
			</row>
			<row>
				<entry VJ="1" align="left" colsep="0" valign="top">Bundesverfassungsgericht</entry>
				<entry VJ="1" align="left" colsep="0" valign="top">Bundesverfassungs-</entry>
			</row>
			<row>
				<entry VJ="1" align="left" colsep="0" valign="top">5.</entry>
				<entry VJ="1" align="left" colsep="0" valign="top"> </entry>
			</row>
			<row>
				<entry VJ="1" align="left" colsep="0" valign="top">Bundeskanzleramt</entry>
				<entry VJ="1" align="left" colsep="0" valign="top">Oberfinanzdirektionen</entry>
			</row>
			<row>
				<entry VJ="1" align="left" colsep="0" valign="top">5.1</entry>
				<entry VJ="1" align="left" colsep="0" valign="top"> </entry>
			</row>
			<row>
				<entry VJ="1" align="left" colsep="0" valign="top">Angehörige des Bundesnachrichtendienstes</entry>
				<entry VJ="1" align="left" colsep="0" valign="top">Oberfinanzdirektionen</entry>
			</row>
			<row>
				<entry VJ="1" align="left" colsep="0" valign="top">6.</entry>
				<entry VJ="1" align="left" colsep="0" valign="top"> </entry>
			</row>
			<row>
				<entry VJ="1" align="left" colsep="0" valign="top">Auswärtiges Amt</entry>
				<entry VJ="1" align="left" colsep="0" valign="top">Oberfinanzdirektionen</entry>
			</row>
			<row>
				<entry VJ="1" align="left" colsep="0" valign="top">7.</entry>
				<entry VJ="1" align="left" colsep="0" valign="top"> </entry>
			</row>
			<row>
				<entry VJ="1" align="left" colsep="0" valign="top">Bundesministerium des Innern</entry>
				<entry VJ="1" align="left" colsep="0" valign="top"> </entry>
			</row>
			<row>
				<entry VJ="1" align="left" colsep="0" valign="top">7.1</entry>
				<entry VJ="1" align="left" colsep="0" valign="top"> </entry>
			</row>
			<row>
				<entry VJ="1" align="left" colsep="0" valign="top">Angehörige des Ministeriums</entry>
				<entry VJ="1" align="left" colsep="0" valign="top">Oberfinanzdirektionen</entry>
			</row>
			<row>
				<entry VJ="1" align="left" colsep="0" valign="top">7.2</entry>
				<entry VJ="1" align="left" colsep="0" valign="top"> </entry>
			</row>
			<row>
				<entry VJ="1" align="left" colsep="0" valign="top">Angehörige nachgeordneter Dienststellen und des ehemaligen Bundesverbandes für den Selbstschutz</entry>
				<entry VJ="1" align="left" colsep="0" valign="top">Oberfinanzdirektionen</entry>
			</row>
			<row>
				<entry VJ="1" align="left" colsep="0" valign="top">8.</entry>
				<entry VJ="1" align="left" colsep="0" valign="top"> </entry>
			</row>
			<row>
				<entry VJ="1" align="left" colsep="0" valign="top">Bundesministerium der Justiz</entry>
				<entry VJ="1" align="left" colsep="0" valign="top"> </entry>
			</row>
			<row>
				<entry VJ="1" align="left" colsep="0" valign="top">8.1</entry>
				<entry VJ="1" align="left" colsep="0" valign="top"> </entry>
			</row>
			<row>
				<entry VJ="1" align="left" colsep="0" valign="top">Angehörige des Ministeriums</entry>
				<entry VJ="1" align="left" colsep="0" valign="top">Bundesministerium der Justiz</entry>
			</row>
			<row>
				<entry VJ="1" align="left" colsep="0" valign="top">8.2</entry>
				<entry VJ="1" align="left" colsep="0" valign="top"> </entry>
			</row>
			<row>
				<entry VJ="1" align="left" colsep="0" valign="top">Zum Dienstbereich des Ministeriums gehörende Gerichte und Behörden</entry>
				<entry VJ="1" align="left" colsep="0" valign="top">Oberfinanzdirektionen</entry>
			</row>
			<row>
				<entry VJ="1" align="left" colsep="0" valign="top">9.</entry>
				<entry VJ="1" align="left" colsep="0" valign="top"> </entry>
			</row>
			<row>
				<entry VJ="1" align="left" colsep="0" valign="top">Bundesministerium der Finanzen</entry>
				<entry VJ="1" align="left" colsep="0" valign="top"> </entry>
			</row>
			<row>
				<entry VJ="1" align="left" colsep="0" valign="top">9.1</entry>
				<entry VJ="1" align="left" colsep="0" valign="top"> </entry>
			</row>
			<row>
				<entry VJ="1" align="left" colsep="0" valign="top">Angehörige des Ministeriums</entry>
				<entry VJ="1" align="left" colsep="0" valign="top">Oberfinanzdirektionen</entry>
			</row>
			<row>
				<entry VJ="1" align="left" colsep="0" valign="top">9.2</entry>
				<entry VJ="1" align="left" colsep="0" valign="top"> </entry>
			</row>
			<row>
				<entry VJ="1" align="left" colsep="0" valign="top">Angehörige nachgeordneter Dienststellen</entry>
				<entry VJ="1" align="left" colsep="0" valign="top">Oberfinanzdirektionen</entry>
			</row>
			<row>
				<entry VJ="1" align="left" colsep="0" valign="top">9.3</entry>
				<entry VJ="1" align="left" colsep="0" valign="top"> </entry>
			</row>
			<row>
				<entry VJ="1" align="left" colsep="0" valign="top">Bundesdruckerei GmbH (Versorgungsempfängerbestand ab 1.1.1998)</entry>
				<entry VJ="1" align="left" colsep="0" valign="top">Oberfinanzdirektionen (s. auch Nr. 26.1)</entry>
			</row>
			<row>
				<entry VJ="1" align="left" colsep="0" valign="top">10.</entry>
				<entry VJ="1" align="left" colsep="0" valign="top"> </entry>
			</row>
			<row>
				<entry VJ="1" align="left" colsep="0" valign="top">Bundesministerium für Wirtschaft und Technologie</entry>
				<entry VJ="1" align="left" colsep="0" valign="top"> </entry>
			</row>
			<row>
				<entry VJ="1" align="left" colsep="0" valign="top">10.1</entry>
				<entry VJ="1" align="left" colsep="0" valign="top"> </entry>
			</row>
			<row>
				<entry VJ="1" align="left" colsep="0" valign="top">Angehörige des Ministeriums</entry>
				<entry VJ="1" align="left" colsep="0" valign="top">Oberfinanzdirektionen</entry>
			</row>
			<row>
				<entry VJ="1" align="left" colsep="0" valign="top">10.2</entry>
				<entry VJ="1" align="left" colsep="0" valign="top"> </entry>
			</row>
			<row>
				<entry VJ="1" align="left" colsep="0" valign="top">Angehörige nachgeordneter Dienststellen ohne Regulierungsbehörde für Telekommunikation und Post</entry>
				<entry VJ="1" align="left" colsep="0" valign="top">Oberfinanzdirektionen</entry>
			</row>
			<row>
				<entry VJ="1" align="left" colsep="0" valign="top">11.</entry>
				<entry VJ="1" align="left" colsep="0" valign="top"> </entry>
			</row>
			<row>
				<entry VJ="1" align="left" colsep="0" valign="top">Bundesministerium für Ernährung, Landwirtschaft und Forsten</entry>
				<entry VJ="1" align="left" colsep="0" valign="top"> </entry>
			</row>
			<row>
				<entry VJ="1" align="left" colsep="0" valign="top">11.1</entry>
				<entry VJ="1" align="left" colsep="0" valign="top"> </entry>
			</row>
			<row>
				<entry VJ="1" align="left" colsep="0" valign="top">Angehörige des Ministeriums</entry>
				<entry VJ="1" align="left" colsep="0" valign="top">Oberfinanzdirektionen</entry>
			</row>
			<row>
				<entry VJ="1" align="left" colsep="0" valign="top">11.2</entry>
				<entry VJ="1" align="left" colsep="0" valign="top"> </entry>
			</row>
			<row>
				<entry VJ="1" align="left" colsep="0" valign="top">Angehörige nachgeordneter Dienststellen</entry>
				<entry VJ="1" align="left" colsep="0" valign="top">Oberfinanzdirektionen</entry>
			</row>
			<row>
				<entry VJ="1" align="left" colsep="0" valign="top">12.</entry>
				<entry VJ="1" align="left" colsep="0" valign="top"> </entry>
			</row>
			<row>
				<entry VJ="1" align="left" colsep="0" valign="top">Bundesministerium für Arbeit und Sozialordnung</entry>
				<entry VJ="1" align="left" colsep="0" valign="top">Oberfinanzdirektionen</entry>
			</row>
			<row>
				<entry VJ="1" align="left" colsep="0" valign="top">13.</entry>
				<entry VJ="1" align="left" colsep="0" valign="top"> </entry>
			</row>
			<row>
				<entry VJ="1" align="left" colsep="0" valign="top">Bundesministerium für Familie, Senioren, Frauen und Jugend</entry>
				<entry VJ="1" align="left" colsep="0" valign="top"> </entry>
			</row>
			<row>
				<entry VJ="1" align="left" colsep="0" valign="top">13.1</entry>
				<entry VJ="1" align="left" colsep="0" valign="top"> </entry>
			</row>
			<row>
				<entry VJ="1" align="left" colsep="0" valign="top">Angehörige des Ministeriums</entry>
				<entry VJ="1" align="left" colsep="0" valign="top">Oberfinanzdirektionen</entry>
			</row>
			<row>
				<entry VJ="1" align="left" colsep="0" valign="top">13.2</entry>
				<entry VJ="1" align="left" colsep="0" valign="top"> </entry>
			</row>
			<row>
				<entry VJ="1" align="left" colsep="0" valign="top">Angehörige nachgeordneter Dienststellen</entry>
				<entry VJ="1" align="left" colsep="0" valign="top">Oberfinanzdirektionen</entry>
			</row>
			<row>
				<entry VJ="1" align="left" colsep="0" valign="top">14.</entry>
				<entry VJ="1" align="left" colsep="0" valign="top"> </entry>
			</row>
			<row>
				<entry VJ="1" align="left" colsep="0" valign="top">Bundesministerium für Gesundheit</entry>
				<entry VJ="1" align="left" colsep="0" valign="top"> </entry>
			</row>
			<row>
				<entry VJ="1" align="left" colsep="0" valign="top">14.1</entry>
				<entry VJ="1" align="left" colsep="0" valign="top"> </entry>
			</row>
			<row>
				<entry VJ="1" align="left" colsep="0" valign="top">Angehörige des Ministeriums</entry>
				<entry VJ="1" align="left" colsep="0" valign="top">Oberfinanzdirektionen</entry>
			</row>
			<row>
				<entry VJ="1" align="left" colsep="0" valign="top">14.2</entry>
				<entry VJ="1" align="left" colsep="0" valign="top"> </entry>
			</row>
			<row>
				<entry VJ="1" align="left" colsep="0" valign="top">Angehörige nachgeordneter Dienststellen</entry>
				<entry VJ="1" align="left" colsep="0" valign="top">Oberfinanzdirektionen</entry>
			</row>
			<row>
				<entry VJ="1" align="left" colsep="0" valign="top">15.</entry>
				<entry VJ="1" align="left" colsep="0" valign="top"> </entry>
			</row>
			<row>
				<entry VJ="1" align="left" colsep="0" valign="top">Bundesministerium für Bildung und Forschung</entry>
				<entry VJ="1" align="left" colsep="0" valign="top"> </entry>
			</row>
			<row>
				<entry VJ="1" align="left" colsep="0" valign="top">15.1</entry>
				<entry VJ="1" align="left" colsep="0" valign="top"> </entry>
			</row>
			<row>
				<entry VJ="1" align="left" colsep="0" valign="top">Angehörige des Ministeriums</entry>
				<entry VJ="1" align="left" colsep="0" valign="top">Oberfinanzdirektionen</entry>
			</row>
			<row>
				<entry VJ="1" align="left" colsep="0" valign="top">15.2</entry>
				<entry VJ="1" align="left" colsep="0" valign="top"> </entry>
			</row>
			<row>
				<entry VJ="1" align="left" colsep="0" valign="top">Angehörige des Bundesinstituts für Berufsbildung und des ehemaligen Bundesinstituts für Berufsbildungsforschung, der Deutschen Historischen Institute Paris und Rom und des Kunsthistorischen Instituts Florenz</entry>
				<entry VJ="1" align="left" colsep="0" valign="top">Oberfinanzdirektionen</entry>
			</row>
			<row>
				<entry VJ="1" align="left" colsep="0" valign="top">16.</entry>
				<entry VJ="1" align="left" colsep="0" valign="top"> </entry>
			</row>
			<row>
				<entry VJ="1" align="left" colsep="0" valign="top">Bundesministerium für wirtschaftliche Zusammenarbeit und Entwicklung</entry>
				<entry VJ="1" align="left" colsep="0" valign="top">Oberfinanzdirektionen</entry>
			</row>
			<row>
				<entry VJ="1" align="left" colsep="0" valign="top">17.</entry>
				<entry VJ="1" align="left" colsep="0" valign="top"> </entry>
			</row>
			<row>
				<entry VJ="1" align="left" colsep="0" valign="top">Bundesministerium für Umwelt, Naturschutz und Reaktorsicherheit</entry>
				<entry VJ="1" align="left" colsep="0" valign="top"> </entry>
			</row>
			<row>
				<entry VJ="1" align="left" colsep="0" valign="top">17.1</entry>
				<entry VJ="1" align="left" colsep="0" valign="top"> </entry>
			</row>
			<row>
				<entry VJ="1" align="left" colsep="0" valign="top">Angehörige des Ministeriums</entry>
				<entry VJ="1" align="left" colsep="0" valign="top">Oberfinanzdirektionen</entry>
			</row>
			<row>
				<entry VJ="1" align="left" colsep="0" valign="top">17.2</entry>
				<entry VJ="1" align="left" colsep="0" valign="top"> </entry>
			</row>
			<row>
				<entry VJ="1" align="left" colsep="0" valign="top">Angehörige nachgeordneter Dienststellen</entry>
				<entry VJ="1" align="left" colsep="0" valign="top">Oberfinanzdirektionen</entry>
			</row>
			<row>
				<entry VJ="1" align="left" colsep="0" valign="top">18.</entry>
				<entry VJ="1" align="left" colsep="0" valign="top"> </entry>
			</row>
			<row>
				<entry VJ="1" align="left" colsep="0" valign="top">Presse- und Informationsamt der Bundesregierung</entry>
				<entry VJ="1" align="left" colsep="0" valign="top">Oberfinanzdirektionen</entry>
			</row>
			<row>
				<entry VJ="1" align="left" colsep="0" valign="top">19.</entry>
				<entry VJ="1" align="left" colsep="0" valign="top"> </entry>
			</row>
			<row>
				<entry VJ="1" align="left" colsep="0" valign="top">Beauftragter der Bundesregierung für die Angelegenheiten der Kultur und der Medien einschließlich nachgeordneter Bereich (Bundesarchiv, Bundesinstitut für ostdeutsche Kultur und Geschichte)</entry>
				<entry VJ="1" align="left" colsep="0" valign="top">Oberfinanzdirektionen</entry>
			</row>
			<row>
				<entry VJ="1" align="left" colsep="0" valign="top">19.1</entry>
				<entry VJ="1" align="left" colsep="0" valign="top"> </entry>
			</row>
			<row>
				<entry VJ="1" align="left" colsep="0" valign="top">Angehörige der Deutschen Bibliothek, der Stiftung Preußischer Kulturbesitz, der Stiftung Haus der Geschichte der Bundesrepublik Deutschland, der Theodor-Heuss-Stiftung, der Willy-Brandt-Stiftung und der Otto von Bismarck-Stiftung Stiftung Jüdisches Museum Berlin</entry>
				<entry VJ="1" align="left" colsep="0" valign="top">Oberfinanzdirektionen</entry>
			</row>
			<row>
				<entry VJ="1" align="left" colsep="0" valign="top">20.</entry>
				<entry VJ="1" align="left" colsep="0" valign="top"> </entry>
			</row>
			<row>
				<entry VJ="1" align="left" colsep="0" valign="top">Bundesrechnungshof</entry>
				<entry VJ="1" align="left" colsep="0" valign="top">Oberfinanzdirektionen</entry>
			</row>
			<row>
				<entry VJ="1" align="left" colsep="0" valign="top">20.1</entry>
				<entry VJ="1" align="left" colsep="0" valign="top"> </entry>
			</row>
			<row>
				<entry VJ="1" align="left" colsep="0" valign="top">Prüfungsämter des Bundes Oberfinanzdirektionen</entry>
				<entry VJ="1" align="left" colsep="0" valign="top"> </entry>
			</row>
			<row>
				<entry VJ="1" align="left" colsep="0" valign="top">21.</entry>
				<entry VJ="1" align="left" colsep="0" valign="top"> </entry>
			</row>
			<row>
				<entry VJ="1" align="left" colsep="0" valign="top">Ehemaliges Bundesministerium für Angelegenheiten des Bundesrates und der Länder</entry>
				<entry VJ="1" align="left" colsep="0" valign="top">Oberfinanzdirektionen</entry>
			</row>
			<row>
				<entry VJ="1" align="left" colsep="0" valign="top">22.</entry>
				<entry VJ="1" align="left" colsep="0" valign="top"> </entry>
			</row>
			<row>
				<entry VJ="1" align="left" colsep="0" valign="top">Ehemaliges Bundesschatzministerium</entry>
				<entry VJ="1" align="left" colsep="0" valign="top">Oberfinanzdirektionen</entry>
			</row>
			<row>
				<entry VJ="1" align="left" colsep="0" valign="top">23.</entry>
				<entry VJ="1" align="left" colsep="0" valign="top"> </entry>
			</row>
			<row>
				<entry VJ="1" align="left" colsep="0" valign="top">Ehemaliges Bundesministerium für die Angelegenheiten des Bundesverteidigungsrates</entry>
				<entry VJ="1" align="left" colsep="0" valign="top">Oberfinanzdirektionen</entry>
			</row>
			<row>
				<entry VJ="1" align="left" colsep="0" valign="top">24.</entry>
				<entry VJ="1" align="left" colsep="0" valign="top"> </entry>
			</row>
			<row>
				<entry VJ="1" align="left" colsep="0" valign="top">Ehemalige Bundesministerien für besondere Aufgaben</entry>
				<entry VJ="1" align="left" colsep="0" valign="top">Oberfinanzdirektionen</entry>
			</row>
			<row>
				<entry VJ="1" align="left" colsep="0" valign="top">25.</entry>
				<entry VJ="1" align="left" colsep="0" valign="top"> </entry>
			</row>
			<row>
				<entry VJ="1" align="left" colsep="0" valign="top">Ehemaliges Bundesministerium für innerdeutsche Beziehungen</entry>
				<entry VJ="1" align="left" colsep="0" valign="top">Oberfinanzdirektionen</entry>
			</row>
			<row>
				<entry VJ="1" align="left" colsep="0" valign="top">26.</entry>
				<entry VJ="1" align="left" colsep="0" valign="top"> </entry>
			</row>
			<row>
				<entry VJ="1" align="left" colsep="0" valign="top">Ehemaliges Bundesministerium für Post und Telekommunikation</entry>
				<entry VJ="1" align="center" colsep="0" valign="top">-</entry>
			</row>
			<row>
				<entry VJ="1" align="left" colsep="0" valign="top">26.1</entry>
				<entry VJ="1" align="left" colsep="0" valign="top"> </entry>
			</row>
			<row>
				<entry VJ="1" align="left" colsep="0" valign="top">Bundesdruckerei (Versorgungsempfängerbestand am 31.12.1997)</entry>
				<entry VJ="1" align="left" colsep="0" valign="top">Regulierungsbehörde für Telekommunikation und Post (s. auch Nr. 9.3)</entry>
			</row>
			<row>
				<entry VJ="1" align="left" colsep="0" valign="top">27.</entry>
				<entry VJ="1" align="left" colsep="0" valign="top"> </entry>
			</row>
			<row rowsep="1">
				<entry VJ="1" align="left" colsep="0" valign="top">Ehemaliges Bundesministerium für Raumordnung, Bauwesen und Städtebau (Versorgungsempfängerbestand am 31.12.1998)</entry>
				<entry VJ="1" align="left" colsep="0" valign="top">Oberfinanzdirektionen</entry>
			</row>
			<row>
				<entry VJ="1" align="left" colsep="0" nameend="col2" namest="col1" valign="top">Anmerkung: An die Stelle der Oberfinanzdirektionen tritt in den Fällen des Abschnitts I Nr. 1 Satz 4 der Anordnung das Bundesamt für Finanzen.</entry>
			</row>
		</tbody>
	</tgroup>
</table> </P></Content></text><fussnoten/></textdaten></norm>
</dokumente>