<?xml version="1.0" encoding="UTF-8" ?><!DOCTYPE dokumente SYSTEM "http://www.gesetze-im-internet.de/dtd/1.01/gii-norm.dtd">
<dokumente builddate="20230705213507" doknr="BJNR506700021"><norm builddate="20230705213507" doknr="BJNR506700021"><metadaten><jurabk>LuftVStAbsenkV 2022</jurabk><amtabk>LuftVStAbsenkV 2022</amtabk><ausfertigung-datum manuell="ja">2021-12-01</ausfertigung-datum><fundstelle typ="amtlich"><periodikum>BGBl I</periodikum><zitstelle>2021, 5067</zitstelle></fundstelle><kurzue>Luftverkehrsteuer-Absenkungsverordnung 2022</kurzue><langue>Verordnung zur Absenkung der Steuersätze im Jahr 2022 nach § 11 Absatz 2 des Luftverkehrsteuergesetzes</langue></metadaten><textdaten><fussnoten><Content><P><BR/> <pre xml:space="preserve">(+++ Textnachweis ab: 1.1.2022 +++)<BR/><BR/></pre></P></Content></fussnoten></textdaten></norm>
<norm builddate="20230705213507" doknr="BJNR506700021BJNE000100000"><metadaten><jurabk>LuftVStAbsenkV 2022</jurabk><enbez>Eingangsformel</enbez></metadaten><textdaten><text format="XML"><Content><P>Auf Grund des § 11 Absatz 2 des Luftverkehrsteuergesetzes, der zuletzt durch Artikel 198 Nummer 1 der Verordnung vom 19. Juni 2020 (BGBl. I S. 1328) geändert worden ist, verordnet das Bundesministerium der Finanzen im Einvernehmen mit dem Bundesministerium für Umwelt, Naturschutz und nukleare Sicherheit, dem Bundesministerium für Verkehr und digitale Infrastruktur und dem Bundesministerium für Wirtschaft und Energie:</P></Content></text></textdaten></norm>
<norm builddate="20230705213507" doknr="BJNR506700021BJNE000200000"><metadaten><jurabk>LuftVStAbsenkV 2022</jurabk><enbez>§ 1</enbez><titel format="XML">Steuersätze 2022</titel></metadaten><textdaten><text format="XML"><Content><P>Unter Einbeziehung des Luftverkehrs in den Handel mit Treibhausgasemissionszertifikaten werden die Steuersätze des § 11 Absatz 1 Nummer 1 bis 3 des Gesetzes für das Jahr 2022 abgesenkt. Die Steuer beträgt je Fluggast für Flüge mit einem Zielort <DL Type="arabic"><DT>1.</DT><DD Font="normal"><LA><!-- SPLIT UMBAU : [Text: in einem Land der Anlage 1 zu dem Gesetz:][Element: <Split/>




][Text: 12,77 Euro,]--><table colsep="0" frame="none" pgwide="1" rowsep="0"><tgroup cols="2"><colspec align="left" colname="leftSplit"/><colspec align="right" colname="rightSplit"/><tbody Class="Split"><row><entry colname="leftSplit">in einem Land der Anlage 1 zu dem Gesetz:</entry><entry colname="rightSplit" valign="bottom">12,77 Euro,</entry></row></tbody></tgroup></table></LA></DD><DT>2.</DT><DD Font="normal"><LA><!-- SPLIT UMBAU : [Text: in einem Land der Anlage 2 zu dem Gesetz:][Element: <Split/>




][Text: 32,35 Euro,]--><table colsep="0" frame="none" pgwide="1" rowsep="0"><tgroup cols="2"><colspec align="left" colname="leftSplit"/><colspec align="right" colname="rightSplit"/><tbody Class="Split"><row><entry colname="leftSplit">in einem Land der Anlage 2 zu dem Gesetz:</entry><entry colname="rightSplit" valign="bottom">32,35 Euro,</entry></row></tbody></tgroup></table></LA></DD><DT>3.</DT><DD Font="normal"><LA><!-- SPLIT UMBAU : [Text: in anderen Ländern:][Element: <Split/>




][Text: 58,23 Euro.]--><table colsep="0" frame="none" pgwide="1" rowsep="0"><tgroup cols="2"><colspec align="left" colname="leftSplit"/><colspec align="right" colname="rightSplit"/><tbody Class="Split"><row><entry colname="leftSplit">in anderen Ländern:</entry><entry colname="rightSplit" valign="bottom">58,23 Euro.</entry></row></tbody></tgroup></table></LA></DD></DL></P></Content></text></textdaten></norm>
<norm builddate="20230705213507" doknr="BJNR506700021BJNE000300000"><metadaten><jurabk>LuftVStAbsenkV 2022</jurabk><enbez>§ 2</enbez><titel format="XML">Inkrafttreten</titel></metadaten><textdaten><text format="XML"><Content><P>Diese Verordnung tritt am 1. Januar 2022 in Kraft.</P></Content></text></textdaten></norm>
</dokumente>