<?xml version="1.0" encoding="UTF-8" ?><!DOCTYPE dokumente SYSTEM "http://www.gesetze-im-internet.de/dtd/1.01/gii-norm.dtd">
<dokumente builddate="20120625153245" doknr="BJNR010410988"><norm builddate="20120625153245" doknr="BJNR010410988"><metadaten><jurabk>AUG§1Abs2Bek 07-1988</jurabk><ausfertigung-datum manuell="ja">1988-07-01</ausfertigung-datum><fundstelle typ="amtlich"><periodikum>BGBl I</periodikum><zitstelle>1988, 1041</zitstelle></fundstelle><langue>Bekanntmachung über die Feststellung der Gegenseitigkeit gemäß § 1 Abs. 2
des Auslandsunterhaltsgesetzes</langue></metadaten><textdaten><text format="XML"><Content><P/></Content></text><fussnoten><Content><P>(+++ Textnachweis ab: 19. 7.1988 +++)</P></Content></fussnoten></textdaten></norm>
<norm builddate="20120625153245" doknr="BJNR010410988BJNE000100325"><metadaten><jurabk>AUG§1Abs2Bek 07-1988</jurabk><enbez>(XXXX)</enbez></metadaten><textdaten><text format="XML"><Content><P>Auf Grund des § 1 Abs. 2 des Auslandsunterhaltsgesetzes vom 19. Dezember 1986 (BGBl. I S. 2563) wird bekanntgemacht, daß die Gegenseitigkeit im Sinne dieses Gesetzes im Verhältnis zu folgenden Staaten verbürgt ist: <BR/>In den Vereinigten Staaten von Amerika: <BR/>Alaska <BR/>Florida <BR/>Wyoming <BR/>Diese Bekanntmachung ergeht im Anschluß an die Bekanntmachung vom 14. März 1988 (BGBl. I S. 351).<BR/><BR/><SP>Der Bundesminister der Justiz</SP></P></Content></text></textdaten></norm>
</dokumente>