<?xml version="1.0" encoding="UTF-8" ?><!DOCTYPE dokumente SYSTEM "http://www.gesetze-im-internet.de/dtd/1.01/gii-norm.dtd">
<dokumente builddate="20240216214507" doknr="BJNR0290A0024"><norm builddate="20240216214507" doknr="BJNR0290A0024"><metadaten><jurabk>SGB5EÜV</jurabk><ausfertigung-datum manuell="ja">2024-02-09</ausfertigung-datum><fundstelle typ="amtlich"><periodikum>BGBl I</periodikum><zitstelle>2024, Nr. 41</zitstelle></fundstelle><langue>Verordnung zur Übertragung der Ermächtigung zum Erlass einer Rechtsverordnung nach dem Fünften Buch Sozialgesetzbuch auf die Kassenärztliche Bundesvereinigung</langue></metadaten><textdaten><fussnoten><Content><P><BR/> <pre xml:space="preserve">(+++ Textnachweis ab: 16.2.2024 +++)<BR/><BR/></pre></P></Content></fussnoten></textdaten></norm>
<norm builddate="20240216214507" doknr="BJNR0290A0024BJNE000100000"><metadaten><jurabk>SGB5EÜV</jurabk><enbez>Eingangsformel</enbez></metadaten><textdaten><text format="XML"><Content><P>Auf Grund des § 370a Absatz 4 Satz 4 des Fünften Buches Sozialgesetzbuch – Gesetzliche Krankenversicherung –, der durch Artikel 1 Nummer 65 des Gesetzes vom 3. Juni 2021 (BGBl. I S. 1309) eingefügt worden ist, verordnet das Bundesministerium für Gesundheit:</P></Content></text></textdaten></norm>
<norm builddate="20240216214507" doknr="BJNR0290A0024BJNE000200000"><metadaten><jurabk>SGB5EÜV</jurabk><enbez>§ 1</enbez><titel format="XML">Übertragung der Verordnungsermächtigung</titel></metadaten><textdaten><text format="XML"><Content><P>Die in § 370a Absatz 4 Satz 2 und 3 des Fünften Buches Sozialgesetzbuch enthaltene Ermächtigung zum Erlass einer Rechtsverordnung wird auf die Kassenärztliche Bundesvereinigung übertragen.</P></Content></text></textdaten></norm>
<norm builddate="20240216214507" doknr="BJNR0290A0024BJNE000300000"><metadaten><jurabk>SGB5EÜV</jurabk><enbez>§ 2</enbez><titel format="XML">Inkrafttreten</titel></metadaten><textdaten><text format="XML"><Content><P>Diese Verordnung tritt am Tag nach der Verkündung in Kraft.</P></Content></text></textdaten></norm>
</dokumente>