<?xml version="1.0" encoding="UTF-8" ?><!DOCTYPE dokumente SYSTEM "http://www.gesetze-im-internet.de/dtd/1.01/gii-norm.dtd">
<dokumente builddate="20120625153134" doknr="BJNR210790986"><norm builddate="20120625153134" doknr="BJNR210790986"><metadaten><jurabk>IntWarenBezÜbkÄndProt</jurabk><ausfertigung-datum manuell="ja">1986-06-24</ausfertigung-datum><fundstelle typ="amtlich"><periodikum>BGBl II</periodikum><zitstelle>1986, 1079</zitstelle></fundstelle><langue>Änderungsprotokoll zum Internationalen Übereinkommen über das
Harmonisierte System zur Bezeichnung und Codierung der Waren</langue></metadaten><textdaten><text format="decorated"/><fussnoten><Content><P>V v. 10.12.1986 II 1067 <BR/>Inkraft gem. Bek. v. 4.5.1988 II 530 mWv 1.1.1988</P></Content></fussnoten></textdaten></norm>
</dokumente>