<?xml version="1.0" encoding="UTF-8" ?><!DOCTYPE dokumente SYSTEM "http://www.gesetze-im-internet.de/dtd/1.01/gii-norm.dtd">
<dokumente builddate="20200325212503" doknr="BJNR149000010"><norm builddate="20200325212503" doknr="BJNR149000010"><metadaten><jurabk>SportFortbV</jurabk><ausfertigung-datum manuell="ja">2010-11-02</ausfertigung-datum><fundstelle typ="amtlich"><periodikum>BGBl I</periodikum><zitstelle>2010, 1490</zitstelle></fundstelle><langue>Verordnung über die Prüfung zum anerkannten Fortbildungsabschluss Geprüfter Sportfachwirt und Geprüfte Sportfachwirtin</langue><standangabe checked="ja"><standtyp>Stand</standtyp><standkommentar>Zuletzt geändert durch Art. 55 V v. 9.12.2019 I 2153</standkommentar></standangabe></metadaten><textdaten><fussnoten><Content><P><BR/> <pre xml:space="preserve">(+++ Textnachweis ab: 1.7.2011 +++)<BR/><BR/></pre>(+++ Zur Anwendung vgl. §§ 1 u. 3 FortbVenÄndV6AnwV +++)</P></Content></fussnoten></textdaten></norm>
<norm builddate="20200325212503" doknr="BJNR149000010BJNE000100000"><metadaten><jurabk>SportFortbV</jurabk><enbez>Eingangsformel</enbez></metadaten><textdaten><text format="XML"><Content><P>Auf Grund des § 53 Absatz 1 in Verbindung mit Absatz 2 und des § 30 Absatz 5 des Berufsbildungsgesetzes, von denen § 53 Absatz 1 durch Artikel 232 Nummer 3 Buchstabe a der Verordnung vom 31. Oktober 2006 (BGBl. I S. 2407) geändert worden ist, verordnet das Bundesministerium für Bildung und Forschung nach Anhörung des Hauptausschusses des Bundesinstituts für Berufsbildung im Einvernehmen mit dem Bundesministerium für Wirtschaft und Technologie:</P></Content></text></textdaten></norm>
<norm builddate="20200325212503" doknr="BJNR149000010BJNE000200000"><metadaten><jurabk>SportFortbV</jurabk><enbez>§ 1</enbez><titel format="XML">Ziel der Prüfung und Bezeichnung des Fortbildungsabschlusses</titel></metadaten><textdaten><text format="XML"><Content><P>(1) Die zuständige Stelle kann berufliche Fortbildungsprüfungen zum „Geprüften Sportfachwirt“ und zur „Geprüften Sportfachwirtin“ nach den §§ 2 bis 10 durchführen, in denen die auf einen beruflichen Aufstieg abzielende Erweiterung der beruflichen Handlungsfähigkeit nachzuweisen ist.</P><P>(2) Durch die Prüfung ist festzustellen, ob die notwendigen Qualifikationen und Erfahrungen vorhanden sind, um in den verschiedenen Bereichen der Sportwirtschaft, insbesondere in Sportvereinen, Sportverbänden und Sportunternehmen, eigenständig umfassende und verantwortliche Aufgaben der Planung, Steuerung und Kontrolle unter Nutzung betriebs- und personalwirtschaftlicher Steuerungsinstrumente auszuüben. Des Weiteren ist nachzuweisen, dass die Chancen der branchenübergreifenden Zusammenarbeit, der Kooperation mit Partnern sowie des Sponsorings erkannt und genutzt werden. Regionale, nationale sowie internationale Entwicklungen und Trends sind zu berücksichtigen. Es ist festzustellen, dass folgende Aufgaben eigenständig und verantwortlich unter Beachtung wirtschaftlicher, rechtlicher und sozialer Zusammenhänge wahrgenommen werden können: <DL Type="arabic"><DT>1.</DT><DD Font="normal"><LA>Leitung und Geschäftsführung in Sportvereinen und -verbänden sowie in öffentlichen Verwaltungen,</LA></DD><DT>2.</DT><DD Font="normal"><LA>Leitung von wirtschaftlichen Geschäftsbetrieben des Sports, wie Sportanlagen, Agenturen und Veranstalter, bewegungstherapeutischen Einrichtungen, Sport- und Gesundheitszentren.</LA></DD></DL> Hierzu gehören insbesondere: <DL Type="arabic"><DT>1.</DT><DD Font="normal"><LA>Entwicklung und Umsetzung von allgemeinen sowie zielgruppenspezifischen Angeboten und Projekten,</LA></DD><DT>2.</DT><DD Font="normal"><LA>Konzeption und Organisation von regionalen, nationalen und internationalen Veranstaltungen im Sport,</LA></DD><DT>3.</DT><DD Font="normal"><LA>Planung, Konzeption und Durchführung von Marketingmaßnahmen,</LA></DD><DT>4.</DT><DD Font="normal"><LA>Personal- und Organisationsentwicklung,</LA></DD><DT>5.</DT><DD Font="normal"><LA>Personalführung und Qualifizierung der Mitarbeiter durch Aus- und Weiterbildung.</LA></DD></DL></P><P>(3) Die erfolgreich abgelegte Prüfung führt zum anerkannten Fortbildungsabschluss „Geprüfter Sportfachwirt“ oder „Geprüfte Sportfachwirtin“.</P></Content></text></textdaten></norm>
<norm builddate="20200325212503" doknr="BJNR149000010BJNE000300000"><metadaten><jurabk>SportFortbV</jurabk><enbez>§ 2</enbez><titel format="XML">Zulassungsvoraussetzungen</titel></metadaten><textdaten><text format="XML"><Content><P>(1) Zur Prüfung im Prüfungsteil „Wirtschaftsbezogene Qualifikationen“ ist zuzulassen, wer <DL Type="arabic"><DT>1.</DT><DD Font="normal"><LA>eine mit Erfolg abgelegte Abschlussprüfung in einem anerkannten kaufmännischen oder verwaltenden Ausbildungsberuf der Sportwirtschaft oder</LA></DD><DT>2.</DT><DD Font="normal"><LA>eine mit Erfolg abgelegte Abschlussprüfung in einem anerkannten kaufmännischen oder verwaltenden Ausbildungsberuf und danach eine mindestens einjährige Berufspraxis oder</LA></DD><DT>3.</DT><DD Font="normal"><LA>eine mit Erfolg abgelegte Abschlussprüfung in einem anderen anerkannten Ausbildungsberuf und danach eine mindestens zweijährige Berufspraxis oder</LA></DD><DT>4.</DT><DD Font="normal"><LA>eine mindestens vierjährige Berufspraxis</LA></DD></DL>nachweist.</P><P>(2) Zur Prüfung im Prüfungsteil „Handlungsspezifische Qualifikationen“ ist zuzulassen, wer Folgendes nachweist: <DL Type="arabic"><DT>1.</DT><DD Font="normal"><LA>die Ablegung des Prüfungsteils „Wirtschaftsbezogene Qualifikationen“, die nicht länger als fünf Jahre zurückliegt, und</LA></DD><DT>2.</DT><DD Font="normal"><LA>mindestens ein Jahr Berufspraxis im Fall des Absatzes 1 Nummer 1 oder ein weiteres Jahr Berufspraxis zu den in Absatz 1 Nummer 2 bis 4 genannten Zulassungsvoraussetzungen.</LA></DD></DL></P><P>(3) Die Berufspraxis nach Absatz 1 und 2 muss inhaltlich wesentliche Bezüge zu den in § 1 Absatz 2 genannten Aufgaben haben. Dabei sind auch ehrenamtliche Tätigkeiten zu berücksichtigen.</P><P>(4) Abweichend von Absatz 1 und Absatz 2 Nummer 2 ist zur Prüfung zuzulassen, wer durch Vorlage von Zeugnissen oder auf andere Weise glaubhaft macht, Fertigkeiten, Kenntnisse und Fähigkeiten (berufliche Handlungsfähigkeit) erworben zu haben, die die Zulassung zur Prüfung rechtfertigen.</P></Content></text></textdaten></norm>
<norm builddate="20200325212503" doknr="BJNR149000010BJNE000401128"><metadaten><jurabk>SportFortbV</jurabk><enbez>§ 3</enbez><titel format="XML">Gliederung und Durchführung der Prüfung</titel></metadaten><textdaten><text format="XML"><Content><P>(1) Die Prüfung gliedert sich in die Prüfungsteile: <DL Font="normal" Type="arabic"><DT>1.</DT><DD Font="normal"><LA Size="normal">Wirtschaftsbezogene Qualifikationen,</LA></DD><DT>2.</DT><DD Font="normal"><LA Size="normal">Handlungsspezifische Qualifikationen.</LA></DD></DL></P><P>(2) Der Prüfungsteil „Wirtschaftsbezogene Qualifikationen“ gliedert sich in folgende Qualifikationsbereiche: <DL Font="normal" Type="arabic"><DT>1.</DT><DD Font="normal"><LA Size="normal">Volks- und Betriebswirtschaft nach § 4 Absatz 1,</LA></DD><DT>2.</DT><DD Font="normal"><LA Size="normal">Rechnungswesen nach § 4 Absatz 2,</LA></DD><DT>3.</DT><DD Font="normal"><LA Size="normal">Recht und Steuern nach § 4 Absatz 3,</LA></DD><DT>4.</DT><DD Font="normal"><LA Size="normal">Unternehmensführung nach § 4 Absatz 4.</LA></DD></DL></P><P>(3) Der Prüfungsteil „Handlungsspezifische Qualifikationen“ gliedert sich in folgende Handlungsbereiche: <DL Font="normal" Type="arabic"><DT>1.</DT><DD Font="normal"><LA Size="normal">Leitung und Vermarktung von Vereinen und Sportanlagen nach § 5 Absatz 1,</LA></DD><DT>2.</DT><DD Font="normal"><LA Size="normal">Entwicklung und Umsetzung von allgemeinen sowie zielgruppenspezifischen Angeboten und Projekten im Sport nach § 5 Absatz 2,</LA></DD><DT>3.</DT><DD Font="normal"><LA Size="normal">Konzeption und Organisation von regionalen, nationalen und internationalen Veranstaltungen im Sport nach § 5 Absatz 3,</LA></DD><DT>4.</DT><DD Font="normal"><LA Size="normal">Planung, Konzeption und Durchführung von Maßnahmen des Marketings und der Mittelbeschaffung nach § 5 Absatz 4,</LA></DD><DT>5.</DT><DD Font="normal"><LA Size="normal">Führung und Zusammenarbeit nach § 5 Absatz 5.</LA></DD></DL></P><P>(4) In den Qualifikationsbereichen nach Absatz 2 ist schriftlich in Form von anwendungsbezogenen Aufgaben nach § 4 zu prüfen. In den Handlungsbereichen nach Absatz 3 ist schriftlich in Form von handlungsorientierten Aufgabenstellungen nach § 5 sowie mündlich zu prüfen. Die Teilprüfung „Handlungsspezifische Qualifikationen“ ist erst nach dem Ablegen der Teilprüfung „Wirtschaftsbezogene Qualifikationen“ durchzuführen.</P><P>(5) Die mündliche Prüfung gliedert sich in eine Präsentation und ein situationsbezogenes Fachgespräch. Es soll auch nachgewiesen werden, dass angemessen und sachgerecht mit Gesprächspartnern kommuniziert werden kann und dabei argumentations- und präsentationstechnische Instrumente sachgerecht eingesetzt werden können.</P><P>(6) In der Präsentation soll nachgewiesen werden, dass eine komplexe Problemstellung der betrieblichen Praxis dargestellt, beurteilt und gelöst werden kann. Die Themenstellung soll sich auf die Handlungsbereiche nach Absatz 3 beziehen. Die Dauer der Präsentation soll dabei zehn Minuten nicht überschreiten. Die Präsentation geht mit einem Drittel in die Bewertung der mündlichen Prüfung ein.</P><P>(7) Das Thema der Präsentation wird von der zu prüfenden Person selbst formuliert und zusammen mit einer Kurzbeschreibung dem Prüfungsausschuss bei der ersten schriftlichen Prüfungsleistung der „Handlungsspezifischen Qualifikationen“ eingereicht.</P><P>(8) Ausgehend von der Präsentation soll in dem Fachgespräch nachgewiesen werden, in Situationen der verschiedenen Bereiche der Sportwirtschaft, insbesondere in Sportvereinen, Sportverbänden und Sportunternehmen, Wissen anwenden und sachgerechte Lösungen vorschlagen zu können. Das Fachgespräch soll in der Regel 20 Minuten nicht überschreiten.</P><P>(9) Die mündliche Prüfung nach Absatz 5 ist nur durchzuführen, wenn in den schriftlichen Prüfungsleistungen nach Absatz 4 mindestens ausreichende Leistungen erbracht wurden.</P></Content></text><fussnoten><Content><P>(+++ Zur Anwendung vgl. §§ 1 u. 3 FortbVenÄndV6AnwV +++)</P></Content></fussnoten></textdaten></norm>
<norm builddate="20200325212503" doknr="BJNR149000010BJNE000500000"><metadaten><jurabk>SportFortbV</jurabk><enbez>§ 4</enbez><titel format="XML">Wirtschaftsbezogene Qualifikationen</titel></metadaten><textdaten><text format="XML"><Content><P>(1) Im Qualifikationsbereich „Volks- und Betriebswirtschaft“ sollen zum einen grundlegende volkswirtschaftliche Zusammenhänge und ihre Bedeutung für die betriebliche Praxis beurteilt werden können. Zum anderen müssen grundlegende betriebliche Funktionen und Funktionsbereiche und deren Zusammenwirken im Betrieb verstanden werden. Weiterhin soll der Vorgang einer Existenzgründung erfasst und in seiner Gesamtheit strukturiert werden können. In diesem Rahmen können folgende Qualifikationsinhalte geprüft werden: <DL Font="normal" Type="arabic"><DT>1.</DT><DD Font="normal"><LA Size="normal">volkswirtschaftliche Grundlagen,</LA></DD><DT>2.</DT><DD Font="normal"><LA Size="normal">betriebliche Funktionen und deren Zusammenwirken,</LA></DD><DT>3.</DT><DD Font="normal"><LA Size="normal">Existenzgründung und Unternehmensrechtsformen,</LA></DD><DT>4.</DT><DD Font="normal"><LA Size="normal">Unternehmenszusammenschlüsse.</LA></DD></DL></P><P>(2) Im Qualifikationsbereich „Rechnungswesen“ soll die Fähigkeit nachgewiesen werden, die Bedeutung des Rechnungswesens als Dokumentations-, Entscheidungs- und Kontrollinstrument für die Unternehmensführung darstellen und begründen zu können. Dazu gehören insbesondere, die bilanziellen Zusammenhänge sowie die Kostenrechnung in Grundzügen erläutern und anwenden zu können. Außerdem sollen erarbeitete Kennzahlen für eine Aussage über die Unternehmenssituation ausgewertet werden können. In diesem Rahmen können folgende Qualifikationsinhalte geprüft werden: <DL Font="normal" Type="arabic"><DT>1.</DT><DD Font="normal"><LA Size="normal">grundlegende Aspekte des Rechnungswesens,</LA></DD><DT>2.</DT><DD Font="normal"><LA Size="normal">Finanzbuchhaltung,</LA></DD><DT>3.</DT><DD Font="normal"><LA Size="normal">Kosten- und Leistungsrechnung,</LA></DD><DT>4.</DT><DD Font="normal"><LA Size="normal">Auswertung der betriebswirtschaftlichen Kennzahlen,</LA></DD><DT>5.</DT><DD Font="normal"><LA Size="normal">Planungsrechnung.</LA></DD></DL></P><P>(3) Im Qualifikationsbereich „Recht und Steuern“ sollen allgemeine Kenntnisse des Bürgerlichen Rechts und des Handelsrechts sowie Kenntnisse des Arbeitsrechts nachgewiesen werden. Weiterhin sollen an unternehmenstypischen Beispielen und Situationen mögliche Vertragsgestaltungen vorbereitet und deren Auswirkungen bewertet werden können. Es müssen außerdem die Grundzüge des unternehmensrelevanten Steuerrechts verstanden werden. In diesem Rahmen können folgende Qualifikationsinhalte geprüft werden: <DL Font="normal" Type="arabic"><DT>1.</DT><DD Font="normal"><LA Size="normal">rechtliche Zusammenhänge,</LA></DD><DT>2.</DT><DD Font="normal"><LA Size="normal">steuerrechtliche Bestimmungen.</LA></DD></DL></P><P>(4) Im Qualifikationsbereich „Unternehmensführung“ soll die Fähigkeit nachgewiesen werden, die Inhalte der Betriebsorganisation, der Personalführung und -entwicklung sowie der Planungs- und Analysemethoden im betrieblichen Umfeld zu kennen, deren Auswirkungen auf die Unternehmensführung erläutern und in Teilumfängen anwenden zu können. In diesem Rahmen können folgende Qualifikationsinhalte geprüft werden: <DL Font="normal" Type="arabic"><DT>1.</DT><DD Font="normal"><LA Size="normal">Betriebsorganisation,</LA></DD><DT>2.</DT><DD Font="normal"><LA Size="normal">Personalführung,</LA></DD><DT>3.</DT><DD Font="normal"><LA Size="normal">Personalentwicklung.</LA></DD></DL></P><P>(5) Die schriftliche Prüfung besteht für jeden Qualifikationsbereich aus einer unter Aufsicht anzufertigenden Arbeit, deren Mindestbearbeitungszeiten jeweils betragen: <BR/><table frame="none" pgwide="1" tocentry="%yes;"><tgroup align="left" char="" charoff="50" cols="3"><colspec colname="col1" colwidth="0.12*"/><colspec colname="col2" colwidth="1.44*"/><colspec colname="col3" colwidth="1.44*"/><tbody valign="top"><row><entry VJ="1" colsep="0" rowsep="0">1.</entry><entry VJ="1" colsep="0" rowsep="0">Volks- und Betriebswirtschaft</entry><entry VJ="1" colsep="0" rowsep="0">60 Minuten,</entry></row><row><entry VJ="1" colsep="0" rowsep="0">2.</entry><entry VJ="1" colsep="0" rowsep="0">Rechnungswesen</entry><entry VJ="1" colsep="0" rowsep="0">90 Minuten,</entry></row><row><entry VJ="1" colsep="0" rowsep="0">3.</entry><entry VJ="1" colsep="0" rowsep="0">Recht und Steuern</entry><entry VJ="1" colsep="0" rowsep="0">60 Minuten,</entry></row><row><entry VJ="1" colsep="0" rowsep="0">4.</entry><entry VJ="1" colsep="0" rowsep="0">Unternehmensführung</entry><entry VJ="1" colsep="0" rowsep="0">90 Minuten.</entry></row></tbody></tgroup></table>Die Gesamtdauer soll jedoch 330 Minuten nicht überschreiten.</P><P>(6) Wurden in nicht mehr als einem Qualifikationsbereich mangelhafte Prüfungsleistungen erbracht, ist in diesem Qualifikationsbereich eine mündliche Ergänzungsprüfung anzubieten. Bei einer oder mehreren ungenügenden Leistungen besteht diese Möglichkeit nicht. Die Ergänzungsprüfung soll anwendungsbezogen durchgeführt werden und in der Regel nicht länger als 15 Minuten dauern. Die Bewertungen der schriftlichen Prüfungsleistung und der mündlichen Ergänzungsprüfung werden zu einer Note zusammengefasst. Dabei wird die Bewertung der schriftlichen Prüfungsleistung doppelt gewichtet.</P></Content></text></textdaten></norm>
<norm builddate="20200325212503" doknr="BJNR149000010BJNE000600000"><metadaten><jurabk>SportFortbV</jurabk><enbez>§ 5</enbez><titel format="XML">Handlungsspezifische Qualifikationen</titel></metadaten><textdaten><text format="XML"><Content><P>(1) Im Handlungsbereich „Leitung und Vermarktung von Vereinen und Sportanlagen“ soll die Fähigkeit nachgewiesen werden, Managementtechniken zur effektiven Prozesssteuerung im Geschäftsbetrieb einzusetzen. Strategien sollen entwickelt und deren Auswirkungen auf die Organisation aufgezeigt werden. Marktchancen sollen erkannt und eingeschätzt werden, um unternehmerische Entscheidungen vorzubereiten und zu treffen. Ziele sollen formuliert, Zielgruppen bestimmt und die jeweiligen Marktgegebenheiten beobachtet und analysiert werden. In diesem Rahmen können folgende Qualifikationsinhalte geprüft werden: <DL Type="arabic"><DT>1.</DT><DD Font="normal"><LA>Entwickeln und Umsetzen von Strategien,</LA></DD><DT>2.</DT><DD Font="normal"><LA>Bewerten von Organisationsstrukturen,</LA></DD><DT>3.</DT><DD Font="normal"><LA>Planen und Steuern von Geschäftsprozessen,</LA></DD><DT>4.</DT><DD Font="normal"><LA>Erstellen des Finanzplans, Aufstellen des Haushaltsplans sowie Vorbereiten des Jahresabschlusses,</LA></DD><DT>5.</DT><DD Font="normal"><LA>Ermitteln und Auswerten betriebsrelevanter Kennzahlen,</LA></DD><DT>6.</DT><DD Font="normal"><LA>Beobachten und Analysieren bestehender und potenzieller Märkte und Zielgruppen.</LA></DD></DL></P><P>(2) Im Handlungsbereich „Entwicklung und Umsetzung von allgemeinen sowie zielgruppenspezifischen Angeboten und Projekten im Sport“ soll die Fähigkeit nachgewiesen werden, Konzepte für Angebote zu entwickeln. Angebote sollen geplant, umgesetzt und einem kontinuierlichen Qualitätssicherungsprozess unterzogen werden. Dabei sind die Rahmenbedingungen zu berücksichtigen und die sport- und bewegungsbezogenen Trends zu beachten. Projekte sollen geplant, durchgeführt und kontrolliert werden. Es sollen Förderprogramme genutzt und Kooperationen begründet werden. In diesem Rahmen können folgende Qualifikationsinhalte geprüft werden: <DL Type="arabic"><DT>1.</DT><DD Font="normal"><LA>Bestimmen relevanter Zielgruppen,</LA></DD><DT>2.</DT><DD Font="normal"><LA>Erkennen und Beurteilen von Trends und Innovationen,</LA></DD><DT>3.</DT><DD Font="normal"><LA>Entwickeln, Kalkulieren und Realisieren allgemeiner und zielgruppenspezifischer Sportangebote und Projekte,</LA></DD><DT>4.</DT><DD Font="normal"><LA>Planen und Einsetzen von Personal, Dienstleistern und Ressourcen,</LA></DD><DT>5.</DT><DD Font="normal"><LA>Festlegen von Qualitätsstandards und Durchführen der Qualitätssicherung,</LA></DD><DT>6.</DT><DD Font="normal"><LA>Nutzen von Fördermöglichkeiten und Kooperationen.</LA></DD></DL></P><P>(3) Im Handlungsbereich „Konzeption und Organisation von regionalen, nationalen und internationalen Veranstaltungen im Sport“ soll die Fähigkeit nachgewiesen werden, Konzepte für Veranstaltungen, unter Berücksichtigung der betrieblichen, rechtlichen und gesellschaftlichen Rahmenbedingungen, zu erstellen. Veranstaltungen sollen geplant, umgesetzt und hinsichtlich der Zielerreichung überprüft werden. Schlussfolgerungen und sich ergebende Maßnahmen sollen aus der Bewertung der Ergebnisse abgeleitet werden. In diesem Rahmen können folgende Qualifikationsinhalte geprüft werden: <DL Type="arabic"><DT>1.</DT><DD Font="normal"><LA>Beurteilen von Veranstaltungen im Hinblick auf die eigene Unternehmensphilosophie,</LA></DD><DT>2.</DT><DD Font="normal"><LA>Entwickeln und Umsetzen von Konzepten für unterschiedliche Arten von Veranstaltungen im Sport, unter Einbindung von Verbänden und Organisationen,</LA></DD><DT>3.</DT><DD Font="normal"><LA>Erarbeiten von Finanzierungs- und Organisationsplänen sowie Konzepten für die Vermarktung,</LA></DD><DT>4.</DT><DD Font="normal"><LA>Überprüfen der veranstaltungsspezifischen Zielsetzungen, Dokumentieren der Ergebnisse und Ableiten von Schlussfolgerungen.</LA></DD></DL></P><P>(4) Im Handlungsbereich „Planung, Konzeption und Durchführung von Maßnahmen des Marketings und der Mittelbeschaffung“ soll die Fähigkeit nachgewiesen werden, unter Berücksichtigung der Unternehmensphilosophie strategische und operative Ziele festzulegen. Aus diesen sollen Marketing-, Sponsoring- und Fundraisingmaßnahmen abgeleitet und umgesetzt werden. Des Weiteren soll der Erfolg der Maßnahmen überprüft und bewertet werden. In diesem Rahmen können folgende Qualifikationsinhalte geprüft werden: <DL Type="arabic"><DT>1.</DT><DD Font="normal"><LA>Erarbeiten und Definieren strategischer und operativer Marketing-, Sponsoring- und Fundraisingziele sowie zielführender Maßnahmen,</LA></DD><DT>2.</DT><DD Font="normal"><LA>Umsetzen von Marketing-, Sponsoring- und Fundraisingmaßnahmen,</LA></DD><DT>3.</DT><DD Font="normal"><LA>Nachbereiten der Maßnahmen und Bewerten des Erfolgs,</LA></DD><DT>4.</DT><DD Font="normal"><LA>Nutzen relevanter Instrumente der Marktforschung.</LA></DD></DL></P><P>(5) Im Handlungsbereich „Führung und Zusammenarbeit“ soll die Fähigkeit nachgewiesen werden, zielorientiert mit Mitarbeitern, Auszubildenden, Geschäftspartnern und Kunden zu kommunizieren. Dabei soll gezeigt werden, dass Mitarbeiter, Auszubildende und Projektgruppen geführt werden können. Des Weiteren soll bei Verhandlungen und in Konfliktfällen lösungsorientiert gehandelt werden. Methoden der Kommunikation und Motivationsförderung sollen dabei berücksichtigt werden. In diesem Rahmen können folgende Qualifikationsinhalte geprüft werden: <DL Type="arabic"><DT>1.</DT><DD Font="normal"><LA>Erläutern der Zusammenarbeit, Kommunikation und Kooperation,</LA></DD><DT>2.</DT><DD Font="normal"><LA>Durchführen von Mitarbeitergesprächen,</LA></DD><DT>3.</DT><DD Font="normal"><LA>Anwenden des Konfliktmanagements,</LA></DD><DT>4.</DT><DD Font="normal"><LA>Umsetzen der Mitarbeiterförderung,</LA></DD><DT>5.</DT><DD Font="normal"><LA>Planen und Durchführen der Ausbildung,</LA></DD><DT>6.</DT><DD Font="normal"><LA>Vorbereiten und Durchführen der Moderation von Projektgruppen,</LA></DD><DT>7.</DT><DD Font="normal"><LA>Einsetzen von Präsentationstechniken.</LA></DD></DL></P><P>(6) Die schriftliche Prüfung der in den Absätzen 1 bis 5 beschriebenen Handlungsbereiche wird auf der Grundlage einer betrieblichen Situationsbeschreibung mit zwei aufeinander abgestimmten, gleichgewichtig daraus abgeleiteten Aufgabenstellungen durchgeführt. Die gesamte Bearbeitungsdauer soll 480 Minuten nicht unterschreiten und 510 Minuten nicht überschreiten. Die Punktebewertung für das Ergebnis der schriftlichen Prüfungsleistung ist aus den beiden schriftlichen Teilergebnissen gleichgewichtig zu bilden.</P></Content></text></textdaten></norm>
<norm builddate="20200325212503" doknr="BJNR149000010BJNE000701128"><metadaten><jurabk>SportFortbV</jurabk><enbez>§ 6</enbez><titel format="XML">Befreiung von einzelnen Prüfungsbestandteilen</titel></metadaten><textdaten><text format="XML"><Content><P>Wird die zu prüfende Person nach § 56 Absatz 2 des Berufsbildungsgesetzes von der Ablegung einzelner Prüfungsbestandteile befreit, bleiben diese Prüfungsbestandteile für die Anwendung der §§ 7 und 8 außer Betracht. Für die übrigen Prüfungsbestandteile erhöhen sich die Anteile nach § 7 Absatz 2 Satz 2 oder Absatz 3 Satz 3 oder § 8 Absatz 4 Satz 2 entsprechend ihrem Verhältnis zueinander. Allein diese Prüfungsbestandteile sind den Entscheidungen des Prüfungsausschusses zugrunde zu legen.</P></Content></text><fussnoten><Content><P>(+++ Zur Anwendung vgl. §§ 1 u. 3 FortbVenÄndV6AnwV +++)</P></Content></fussnoten></textdaten></norm>
<norm builddate="20200325212503" doknr="BJNR149000010BJNE000801128"><metadaten><jurabk>SportFortbV</jurabk><enbez>§ 7</enbez><titel format="XML">Bewertung der Prüfungsleistungen</titel></metadaten><textdaten><text format="XML"><Content><P>(1) Jede Prüfungsleistung ist nach Maßgabe der Anlage 1 mit Punkten zu bewerten.</P><P>(2) Im Prüfungsteil „Wirtschaftsbezogene Qualifikationen“ ist die Prüfungsleistung für jeden Qualifikationsbereich einzeln zu bewerten. Aus den einzelnen Bewertungen ist als Bewertung für den jeweiligen Prüfungsteil das arithmetische Mittel zu berechnen.</P><P>(3) Im Prüfungsteil „Handlungsspezifische Qualifikationen“ sind als Prüfungsleistungen zu bewerten: <DL Font="normal" Type="arabic"><DT>1.</DT><DD Font="normal"><LA Size="normal">die schriftliche Situationsaufgabe nach § 5 Absatz 6 Satz 1,</LA></DD><DT>2.</DT><DD Font="normal"><LA Size="normal">nach Maßgabe der Sätze 2 und 3 <DL Font="normal" Type="alpha"><DT>a)</DT><DD Font="normal"><LA Size="normal">das situationsbezogene Fachgespräch nach § 3 Absatz 5 Satz 1 und</LA></DD><DT>b)</DT><DD Font="normal"><LA Size="normal">die Präsentation nach § 3 Absatz 5 Satz 1.</LA></DD></DL></LA></DD></DL>Aus den einzelnen Bewertungen des situationsbezogenen Fachgesprächs und der Präsentation wird als zusammengefasste Bewertung das gewichtete arithmetische Mittel berechnet. Dabei sind die Bewertungen wie folgt zu gewichten: <DL Font="normal" Type="arabic"><DT>1.</DT><DD Font="normal"><LA Size="normal">die Bewertung des situationsbezogenen Fachgesprächs mit zwei Dritteln und</LA></DD><DT>2.</DT><DD Font="normal"><LA Size="normal">die Bewertung der Präsentation mit einem Drittel.</LA></DD></DL></P></Content></text><fussnoten><Content><P>(+++ Zur Anwendung vgl. §§ 1 u. 3 FortbVenÄndV6AnwV +++)</P></Content></fussnoten></textdaten></norm>
<norm builddate="20200325212503" doknr="BJNR149000010BJNE001500128"><metadaten><jurabk>SportFortbV</jurabk><enbez>§ 8</enbez><titel format="XML">Bestehen der Prüfung, Gesamtnote</titel></metadaten><textdaten><text format="XML"><Content><P>(1) Die Prüfung ist bestanden, wenn ohne Rundung in den folgenden Prüfungsleistungen jeweils mindestens 50 Punkte erreicht worden sind: <DL Font="normal" Type="arabic"><DT>1.</DT><DD Font="normal"><LA Size="normal">in jedem Qualifikationsbereich des Prüfungsteils „Wirtschaftsbezogene Qualifikationen“,</LA></DD><DT>2.</DT><DD Font="normal"><LA Size="normal">im Prüfungsteil „Handlungsspezifische Qualifikationen“ <DL Font="normal" Type="alpha"><DT>a)</DT><DD Font="normal"><LA Size="normal">in der schriftlichen Situationsaufgabe und</LA></DD><DT>b)</DT><DD Font="normal"><LA Size="normal">in der zusammengefassten Bewertung für das situationsbezogene Fachgespräch und der Präsentation.</LA></DD></DL></LA></DD></DL></P><P>(2) Ist die Prüfung bestanden, sind die folgenden Bewertungen jeweils kaufmännisch auf eine ganze Zahl zu runden: <DL Font="normal" Type="arabic"><DT>1.</DT><DD Font="normal"><LA Size="normal">die Bewertungen für den Prüfungsteil „Wirtschaftsbezogene Qualifikationen“ sowie</LA></DD><DT>2.</DT><DD Font="normal"><LA Size="normal">die zusammengefasste Bewertung für das situationsbezogene Fachgespräch und der Präsentation.</LA></DD></DL></P><P>(3) Den Bewertungen für den Prüfungsteil „Wirtschaftsbezogene Qualifikationen“, der Bewertung für die schriftliche Situationsaufgabe sowie der zusammengefassten Bewertung für das situationsbezogene Fachgespräch und der Präsentation ist nach Anlage 1 die jeweilige Note als Dezimalzahl zuzuordnen.</P><P>(4) Für die Bildung einer Gesamtnote ist als Gesamtpunktzahl das gewichtete arithmetische Mittel zu berechnen. Dabei sind die Bewertungen wie folgt zu gewichten: <DL Font="normal" Type="arabic"><DT>1.</DT><DD Font="normal"><LA Size="normal">die Bewertung für den Prüfungsteil „Wirtschaftsbezogene Qualifikationen“ mit 25 Prozent,</LA></DD><DT>2.</DT><DD Font="normal"><LA Size="normal">im Prüfungsteil „Handlungsspezifische Qualifikationen“ <DL Font="normal" Type="alpha"><DT>a)</DT><DD Font="normal"><LA Size="normal">die Bewertung der schriftlichen Situationsaufgabe mit 50 Prozent und</LA></DD><DT>b)</DT><DD Font="normal"><LA Size="normal">die zusammengefasste Bewertung für das situationsbezogene Fachgespräch und der Präsentation mit 25 Prozent.</LA></DD></DL></LA></DD></DL>Die Gesamtpunktzahl ist kaufmännisch auf eine ganze Zahl zu runden. Der gerundeten Gesamtpunktzahl ist nach Anlage 1 die Note als Dezimalzahl und die Note in Worten zuzuordnen. Die zugeordnete Note ist die Gesamtnote.</P></Content></text><fussnoten><Content><P>(+++ Zur Anwendung vgl. §§ 1 u. 3 FortbVenÄndV6AnwV +++)</P></Content></fussnoten></textdaten></norm>
<norm builddate="20200325212503" doknr="BJNR149000010BJNE001600128"><metadaten><jurabk>SportFortbV</jurabk><enbez>§ 9</enbez><titel format="XML">Zeugnisse</titel></metadaten><textdaten><text format="XML"><Content><P>(1) Wer die Prüfung nach § 8 Absatz 1 bestanden hat, erhält von der zuständigen Stelle zwei Zeugnisse nach Maßgabe der Anlage 2 Teil A und B.</P><P>(2) Auf dem Zeugnis mit den Inhalten nach Anlage 2 Teil B sind die Noten als Dezimalzahlen mit einer Nachkommastelle und die Gesamtnote als Dezimalzahl mit einer Nachkommastelle und in Worten anzugeben. Jede Befreiung nach § 6 ist mit Ort, Datum und der Bezeichnung des Prüfungsgremiums der anderen vergleichbaren Prüfung anzugeben.</P><P>(3) Die Zeugnisse können zusätzliche nicht amtliche Bemerkungen zur Information (Bemerkungen) enthalten, insbesondere <DL Font="normal" Type="arabic"><DT>1.</DT><DD Font="normal"><LA Size="normal">über den erworbenen Abschluss oder</LA></DD><DT>2.</DT><DD Font="normal"><LA Size="normal">auf Antrag der geprüften Person über während oder anlässlich der Fortbildung erworbene besondere oder zusätzliche Fertigkeiten, Kenntnisse und Fähigkeiten.</LA></DD></DL></P></Content></text><fussnoten><Content><P>(+++ Zur Anwendung vgl. §§ 1 u. 3 FortbVenÄndV6AnwV +++)</P></Content></fussnoten></textdaten></norm>
<norm builddate="20200325212503" doknr="BJNR149000010BJNE000901128"><metadaten><jurabk>SportFortbV</jurabk><enbez>§ 10</enbez><titel format="XML">Wiederholung der Prüfung</titel></metadaten><textdaten><text format="XML"><Content><P>(1) Ist die Prüfung nicht bestanden, kann sie zweimal wiederholt werden. Einzelne Prüfungsteile können vor Abschluss des jeweiligen Prüfungsverfahrens wiederholt werden.</P><P>(2) Wer auf Antrag an einer Wiederholungsprüfung teilnimmt und sich innerhalb von zwei Jahren, gerechnet vom Tage der nicht bestandenen Prüfung an, dazu anmeldet, ist von einzelnen Prüfungsleistungen zu befreien, wenn die dort in einer vorangegangenen Prüfung erbrachten Leistungen mindestens ausreichend sind. Der Antrag kann sich auch darauf richten, bestandene Prüfungsleistungen einmal zu wiederholen. Werden bestandene Prüfungsleistungen erneut geprüft, gilt in diesem Fall das Ergebnis der letzten Prüfung.</P></Content></text><fussnoten><Content><P>(+++ Zur Anwendung vgl. §§ 1 u. 3 FortbVenÄndV6AnwV +++)</P></Content></fussnoten></textdaten></norm>
<norm builddate="20200325212503" doknr="BJNR149000010BJNE001001128"><metadaten><jurabk>SportFortbV</jurabk><enbez>§ 11</enbez><titel format="XML">Ausbildereignung</titel></metadaten><textdaten><text format="XML"><Content><P>(1) Die zu prüfende Person kann nach erfolgreichem Abschluss des Prüfungsteils „Handlungsspezifische Qualifikationen“ beantragen, eine zusätzliche Prüfung zum Nachweis der berufs- und arbeitspädagogischen Qualifikationen abzulegen. Diese besteht aus der Präsentation einer Ausbildungssituation und einem Fachgespräch mit einer Dauer von höchstens 30 Minuten. Die zu prüfende Person wählt hierfür eine berufstypische Ausbildungssituation aus. Die Präsentation soll 15 Minuten nicht übersteigen. Die Auswahl und Gestaltung der Ausbildungssituation sind in dem Fachgespräch zu erläutern. Anstelle der Präsentation kann eine Ausbildungssituation auch praktisch durchgeführt werden. Die zusätzliche Prüfung ist bestanden, wenn mindestens ausreichende Leistungen erbracht wurden.</P><P>(2) Wer den Prüfungsteil „Handlungsspezifische Qualifikationen“ bestanden hat, ist vom schriftlichen Teil der Prüfung der nach dem Berufsbildungsgesetz erlassenen Ausbilder-Eignungsverordnung befreit. Wer auch die zusätzliche Prüfung nach Absatz 1 bestanden hat, hat die berufs- und arbeitspädagogischen Fertigkeiten, Kenntnisse und Fähigkeiten nach dem Berufsbildungsgesetz nachgewiesen. Im Falle des Satzes 2 ist der zu prüfenden Person das Zeugnis nach § 5 der Ausbilder-Eignungsverordnung auszustellen.</P></Content></text><fussnoten><Content><P>(+++ Zur Anwendung vgl. §§ 1 u. 3 FortbVenÄndV6AnwV +++)</P></Content></fussnoten></textdaten></norm>
<norm builddate="20200325212503" doknr="BJNR149000010BJNE001101128"><metadaten><jurabk>SportFortbV</jurabk><enbez>§ 12</enbez><titel format="XML">Übergangsvorschriften</titel></metadaten><textdaten><text format="XML"><Content><P>(1) Begonnene Prüfungsverfahren zum Sportfachwirt und zur Sportfachwirtin (IHK) können bis zum 31. Dezember 2014 nach den bisherigen Vorschriften zu Ende geführt werden. Im Übrigen kann bei der Anmeldung zur Prüfung bis zum Ablauf des 30. Juni 2013 die Anwendung der bisherigen Vorschriften beantragt werden.</P><P>(2) Die zuständige Stelle kann auf Antrag des Prüfungsteilnehmers oder der Prüfungsteilnehmerin die Wiederholungsprüfung nach dieser Verordnung durchführen; § 8 Absatz 2 findet in diesem Fall keine Anwendung.</P></Content></text><fussnoten><Content><P>(+++ Zur Anwendung vgl. §§ 1 u. 3 FortbVenÄndV6AnwV +++)</P></Content></fussnoten></textdaten></norm>
<norm builddate="20200325212503" doknr="BJNR149000010BJNE001201128"><metadaten><jurabk>SportFortbV</jurabk><enbez>§ 13</enbez><titel format="XML">Inkrafttreten</titel></metadaten><textdaten><text format="XML"><Content><P>Diese Verordnung tritt am 1. Juli 2011 in Kraft.</P></Content></text><fussnoten><Content><P>(+++ Zur Anwendung vgl. §§ 1 u. 3 FortbVenÄndV6AnwV +++)</P></Content></fussnoten></textdaten></norm>
<norm builddate="20200325212503" doknr="BJNR149000010BJNE001302128"><metadaten><jurabk>SportFortbV</jurabk><enbez>Anlage 1</enbez><titel format="XML">(zu den §§ 7 und 8)<BR/>Bewertungsmaßstab und -schlüssel</titel></metadaten><textdaten><text format="XML"><Content><P><noindex><kommentar typ="Fundstelle">(Fundstelle: BGBl. I 2019, 2347 – 2348)</kommentar></noindex><BR/><BR/></P><table colsep="1" frame="all" pgwide="1" rowsep="1" tabstyle="Bewertung" tocentry="%yes;"><tgroup align="left" char="" charoff="50" cols="4"><colspec align="center" colname="col1" colnum="1" colwidth="26*"/><colspec align="center" colname="col2" colnum="2" colwidth="26*"/><colspec align="center" colname="col3" colnum="3" colwidth="33*"/><colspec align="justify" colname="col4" colnum="4" colwidth="74*"/><thead valign="bottom"><row><entry VJ="1" colname="col1" valign="middle">Punkte</entry><entry VJ="1" colname="col2" valign="middle">Note<BR/>als Dezimalzahl</entry><entry VJ="1" colname="col3" valign="middle">Note<BR/> in Worten</entry><entry VJ="1" align="center" colname="col4" valign="middle">Definition</entry></row></thead><tbody valign="top"><row><entry VJ="1" colname="col1" valign="middle">100</entry><entry VJ="1" colname="col2" valign="middle">1,0</entry><entry VJ="1" colname="col3" morerows="4" valign="middle">sehr gut</entry><entry VJ="1" colname="col4" morerows="4" valign="middle">eine Leistung, die den Anforderungen in besonderem Maß entspricht</entry></row><row><entry VJ="1" colname="col1" valign="middle">98 und 99</entry><entry VJ="1" colname="col2" valign="middle">1,1</entry></row><row><entry VJ="1" colname="col1" valign="middle">96 und 97</entry><entry VJ="1" colname="col2" valign="middle">1,2</entry></row><row><entry VJ="1" colname="col1" valign="middle">94 und 95</entry><entry VJ="1" colname="col2" valign="middle">1,3</entry></row><row><entry VJ="1" colname="col1" valign="middle">92 und 93</entry><entry VJ="1" colname="col2" valign="middle">1,4</entry></row><row><entry VJ="1" colname="col1" valign="middle">91</entry><entry VJ="1" colname="col2" valign="middle">1,5</entry><entry VJ="1" colname="col3" morerows="9" valign="middle">gut</entry><entry VJ="1" colname="col4" morerows="9" valign="middle">eine Leistung, die den Anforderungen voll entspricht</entry></row><row><entry VJ="1" colname="col1" valign="middle">90</entry><entry VJ="1" colname="col2" valign="middle">1,6</entry></row><row><entry VJ="1" colname="col1" valign="middle">89</entry><entry VJ="1" colname="col2" valign="middle">1,7</entry></row><row><entry VJ="1" colname="col1" valign="middle">88</entry><entry VJ="1" colname="col2" valign="middle">1,8</entry></row><row><entry VJ="1" colname="col1" valign="middle">87</entry><entry VJ="1" colname="col2" valign="middle">1,9</entry></row><row><entry VJ="1" colname="col1" valign="middle">85 und 86</entry><entry VJ="1" colname="col2" valign="middle">2,0</entry></row><row><entry VJ="1" colname="col1" valign="middle">84</entry><entry VJ="1" colname="col2" valign="middle">2,1</entry></row><row><entry VJ="1" colname="col1" valign="middle">83</entry><entry VJ="1" colname="col2" valign="middle">2,2</entry></row><row><entry VJ="1" colname="col1" valign="middle">82</entry><entry VJ="1" colname="col2" valign="middle">2,3</entry></row><row><entry VJ="1" colname="col1" valign="middle">81</entry><entry VJ="1" colname="col2" valign="middle">2,4</entry></row><row><entry VJ="1" colname="col1" valign="middle">79 und 80</entry><entry VJ="1" colname="col2" valign="middle">2,5</entry><entry VJ="1" colname="col3" morerows="9" valign="middle">befriedigend</entry><entry VJ="1" colname="col4" morerows="9" valign="middle">eine Leistung, die den Anforderungen im Allgemeinen entspricht</entry></row><row><entry VJ="1" colname="col1" valign="middle">78</entry><entry VJ="1" colname="col2" valign="middle">2,6</entry></row><row><entry VJ="1" colname="col1" valign="middle">77</entry><entry VJ="1" colname="col2" valign="middle">2,7</entry></row><row><entry VJ="1" colname="col1" valign="middle">75 und 76</entry><entry VJ="1" colname="col2" valign="middle">2,8</entry></row><row><entry VJ="1" colname="col1" valign="middle">74</entry><entry VJ="1" colname="col2" valign="middle">2,9</entry></row><row><entry VJ="1" colname="col1" valign="middle">72 und 73</entry><entry VJ="1" colname="col2" valign="middle">3,0</entry></row><row><entry VJ="1" colname="col1" valign="middle">71</entry><entry VJ="1" colname="col2" valign="middle">3,1</entry></row><row><entry VJ="1" colname="col1" valign="middle">70</entry><entry VJ="1" colname="col2" valign="middle">3,2</entry></row><row><entry VJ="1" colname="col1" valign="middle">68 und 69</entry><entry VJ="1" colname="col2" valign="middle">3,3</entry></row><row><entry VJ="1" colname="col1" valign="middle">67</entry><entry VJ="1" colname="col2" valign="middle">3,4</entry></row><row><entry VJ="1" colname="col1" valign="middle">65 und 66</entry><entry VJ="1" colname="col2" valign="middle">3,5</entry><entry VJ="1" colname="col3" morerows="9" valign="middle">ausreichend</entry><entry VJ="1" colname="col4" morerows="9" valign="middle">eine Leistung, die zwar Mängel aufweist, aber im Ganzen den Anforderungen noch entspricht</entry></row><row><entry VJ="1" colname="col1" valign="middle">63 und 64</entry><entry VJ="1" colname="col2" valign="middle">3,6</entry></row><row><entry VJ="1" colname="col1" valign="middle">62</entry><entry VJ="1" colname="col2" valign="middle">3,7</entry></row><row><entry VJ="1" colname="col1" valign="middle">60 und 61</entry><entry VJ="1" colname="col2" valign="middle">3,8</entry></row><row><entry VJ="1" colname="col1" valign="middle">58 und 59</entry><entry VJ="1" colname="col2" valign="middle">3,9</entry></row><row><entry VJ="1" colname="col1" valign="middle">56 und 57</entry><entry VJ="1" colname="col2" valign="middle">4,0</entry></row><row><entry VJ="1" colname="col1" valign="middle">55</entry><entry VJ="1" colname="col2" valign="middle">4,1</entry></row><row><entry VJ="1" colname="col1" valign="middle">53 und 54</entry><entry VJ="1" colname="col2" valign="middle">4,2</entry></row><row><entry VJ="1" colname="col1" valign="middle">51 und 52</entry><entry VJ="1" colname="col2" valign="middle">4,3</entry></row><row><entry VJ="1" colname="col1" valign="middle">50</entry><entry VJ="1" colname="col2" valign="middle">4,4</entry></row><row><entry VJ="1" colname="col1" valign="middle">48 und 49</entry><entry VJ="1" colname="col2" valign="middle">4,5</entry><entry VJ="1" colname="col3" morerows="9" valign="middle">mangelhaft</entry><entry VJ="1" colname="col4" morerows="9" valign="middle">eine Leistung, die den Anforderungen nicht entspricht, jedoch erkennen lässt, dass gewisse Grundkenntnisse noch vorhanden sind</entry></row><row><entry VJ="1" colname="col1" valign="middle">46 und 47</entry><entry VJ="1" colname="col2" valign="middle">4,6</entry></row><row><entry VJ="1" colname="col1" valign="middle">44 und 45</entry><entry VJ="1" colname="col2" valign="middle">4,7</entry></row><row><entry VJ="1" colname="col1" valign="middle">42 und 43</entry><entry VJ="1" colname="col2" valign="middle">4,8</entry></row><row><entry VJ="1" colname="col1" valign="middle">40 und 41</entry><entry VJ="1" colname="col2" valign="middle">4,9</entry></row><row><entry VJ="1" colname="col1" valign="middle">38 und 39</entry><entry VJ="1" colname="col2" valign="middle">5,0</entry></row><row><entry VJ="1" colname="col1" valign="middle">36 und 37</entry><entry VJ="1" colname="col2" valign="middle">5,1</entry></row><row><entry VJ="1" colname="col1" valign="middle">34 und 35</entry><entry VJ="1" colname="col2" valign="middle">5,2</entry></row><row><entry VJ="1" colname="col1" valign="middle">32 und 33</entry><entry VJ="1" colname="col2" valign="middle">5,3</entry></row><row><entry VJ="1" colname="col1" valign="middle">30 und 31</entry><entry VJ="1" colname="col2" valign="middle">5,4</entry></row><row><entry VJ="1" colname="col1" valign="middle">25 bis 29</entry><entry VJ="1" colname="col2" valign="middle">5,5</entry><entry VJ="1" colname="col3" morerows="5" valign="middle">ungenügend</entry><entry VJ="1" colname="col4" morerows="5" valign="middle">eine Leistung, die den Anforderungen nicht entspricht und bei der selbst Grundkenntnisse fehlen</entry></row><row><entry VJ="1" colname="col1" valign="middle">20 bis 24</entry><entry VJ="1" colname="col2" valign="middle">5,6</entry></row><row><entry VJ="1" colname="col1" valign="middle">15 bis 19</entry><entry VJ="1" colname="col2" valign="middle">5,7</entry></row><row><entry VJ="1" colname="col1" valign="middle">10 bis 14</entry><entry VJ="1" colname="col2" valign="middle">5,8</entry></row><row><entry VJ="1" colname="col1" valign="middle">5 bis 9</entry><entry VJ="1" colname="col2" valign="middle">5,9</entry></row><row><entry VJ="1" colname="col1" valign="middle">0 bis 4</entry><entry VJ="1" colname="col2" valign="middle">6,0</entry></row></tbody></tgroup></table></Content></text><fussnoten><Content><P>(+++ Zur Anwendung vgl. §§ 1 u. 3 FortbVenÄndV6AnwV +++)</P></Content></fussnoten></textdaten></norm>
<norm builddate="20200325212503" doknr="BJNR149000010BJNE001402128"><metadaten><jurabk>SportFortbV</jurabk><enbez>Anlage 2</enbez><titel format="XML">(zu § 9)<BR/>Zeugnisinhalte</titel></metadaten><textdaten><text format="XML"><Content><P><noindex><kommentar typ="Fundstelle">(Fundstelle: BGBl. I 2019, 2348 – 2349)</kommentar></noindex><BR/><BR/></P><P><SP>Teil A – Zeugnis ohne Prüfungsergebnisse:</SP><DL Font="normal" Type="arabic"><DT>1.</DT><DD Font="normal"><LA Size="normal">Bezeichnung der ausstellenden Behörde,</LA></DD><DT>2.</DT><DD Font="normal"><LA Size="normal">Name und Geburtsdatum der geprüften Person,</LA></DD><DT>3.</DT><DD Font="normal"><LA Size="normal">Datum des Bestehens der Prüfung,</LA></DD><DT>4.</DT><DD Font="normal"><LA Size="normal">Bezeichnung des erworbenen Fortbildungsabschlusses nach § 1 Absatz 3,</LA></DD><DT>5.</DT><DD Font="normal"><LA Size="normal">Bezeichnung und Fundstelle dieser Fortbildungsordnung nach den Angaben im Bundesgesetzblatt unter Berücksichtigung erfolgter Änderungen dieser Verordnung,</LA></DD><DT>6.</DT><DD Font="normal"><LA Size="normal">Datum der Ausstellung des Zeugnisses samt Unterschrift der zuständigen Stelle.</LA></DD></DL></P><P><SP>Teil B – Zeugnis mit Prüfungsergebnissen:</SP></P><P>Alle Angaben des Teils A sowie zusätzlich: <DL Font="normal" Type="arabic"><DT>1.</DT><DD Font="normal"><LA Size="normal">zum Prüfungsteil „Wirtschaftsbezogene Qualifikationen“ <DL Font="normal" Type="alpha"><DT>a)</DT><DD Font="normal"><LA Size="normal">Benennung und Bewertung dieses Prüfungsteils mit Punkten und Note sowie</LA></DD><DT>b)</DT><DD Font="normal"><LA Size="normal">Benennung und Bewertung der vier Qualifikationsbereiche mit Punkten,</LA></DD></DL></LA></DD><DT>2.</DT><DD Font="normal"><LA Size="normal">zum Prüfungsteil „Handlungsspezifische Qualifikationen“ <DL Font="normal" Type="alpha"><DT>a)</DT><DD Font="normal"><LA Size="normal">Benennung des Prüfungsteils,</LA></DD><DT>b)</DT><DD Font="normal"><LA Size="normal">Benennung der schriftlichen Situationsaufgabe mit Punkten und Note sowie</LA></DD><DT>c)</DT><DD Font="normal"><LA Size="normal">Benennung des situationsbezogenen Fachgesprächs mit Präsentation mit Punkten und Note,</LA></DD></DL></LA></DD><DT>3.</DT><DD Font="normal"><LA Size="normal">die errechnete Gesamtpunktzahl für die gesamte Prüfung,</LA></DD><DT>4.</DT><DD Font="normal"><LA Size="normal">die Gesamtnote als Dezimalzahl,</LA></DD><DT>5.</DT><DD Font="normal"><LA Size="normal">die Gesamtnote in Worten,</LA></DD><DT>6.</DT><DD Font="normal"><LA Size="normal">Befreiungen nach § 6,</LA></DD><DT>7.</DT><DD Font="normal"><LA Size="normal">Bescheinigung der Befreiung vom schriftlichen Teil der Prüfung nach der Ausbilder-Eignungsverordnung nach § 11 Absatz 2 Satz 1.</LA></DD></DL></P></Content></text><fussnoten><Content><P>(+++ Zur Anwendung vgl. §§ 1 u. 3 FortbVenÄndV6AnwV +++)</P></Content></fussnoten></textdaten></norm>
</dokumente>