<?xml version="1.0" encoding="UTF-8" ?><!DOCTYPE dokumente SYSTEM "http://www.gesetze-im-internet.de/dtd/1.01/gii-norm.dtd">
<dokumente builddate="20241231222432" doknr="BJNR1570A0024"><norm builddate="20241231222432" doknr="BJNR1570A0024"><metadaten><jurabk>TÄHAV 2025</jurabk><amtabk>TÄHAV</amtabk><ausfertigung-datum manuell="ja">2024-11-01</ausfertigung-datum><fundstelle typ="amtlich"><periodikum>BGBl. I</periodikum><zitstelle>2024, Nr. 343</zitstelle></fundstelle><kurzue>Tierärztliche-Hausapothekenverordnung</kurzue><langue>Verordnung über tierärztliche Hausapotheken<FnR ID="F831578_01_BJNR1570A0024"/></langue><standangabe checked="ja"><standtyp>Sonst</standtyp><standkommentar>Ersetzt V 2121-50-1-15 v. 8.7.2009 I 1760 (TÄHAV)</standkommentar></standangabe></metadaten><textdaten><text format="XML"><Footnotes><Footnote FnZ="*" Group="column" ID="F831578_01_BJNR1570A0024" Pos="normal"><noindex>Notifiziert gemäß der Richtlinie (EU) 2015/1535 des Europäischen Parlaments und des Rates vom 9. September 2015 über ein Informationsverfahren auf dem Gebiet der technischen Vorschriften und der Vorschriften für die Dienste der Informationsgesellschaft (ABl. L 241 vom 17.9.2015, S. 1).</noindex></Footnote></Footnotes></text><fussnoten><Content><P><BR/> <pre xml:space="preserve">(+++ Textnachweis ab: 1.1.2025 +++)<BR/> <BR/>(+++ Zur Anwendung vgl. § 16 +++)<BR/> <BR/>(+++ Amtlicher Hinweis des Normgebers auf EG-Recht:<BR/>     Notifizierung gem. der<BR/>       EURL 2015/1535            (CELEX Nr: 32015L1535) +++)<BR/><BR/></pre></P></Content></fussnoten></textdaten></norm>
<norm builddate="20241231222432" doknr="BJNR1570A0024BJNE000100000"><metadaten><jurabk>TÄHAV 2025</jurabk><jurabk>TÄHAV</jurabk><enbez>Eingangsformel</enbez></metadaten><textdaten><text format="XML"><Content><P>Das Bundesministerium für Ernährung und Landwirtschaft verordnet auf Grund <DL Type="Dash"><DT>–</DT><DD Font="normal"><LA>der §§ 20 und 52 Absatz 1 Nummer 2, 4, 7 und 9, Nummer 9 in Verbindung mit Absatz 2, sowie des § 61 Absatz 1 des Tierarzneimittelgesetzes vom 27. September 2021 (BGBl. I S. 4530) im Einvernehmen mit dem Bundesministerium für Gesundheit und</LA></DD><DT>–</DT><DD Font="normal"><LA>des § 62 Absatz 2 in Verbindung mit Absatz 3 des Tierarzneimittelgesetzes vom 27. September 2021 (BGBl. I S. 4530), § 62 Absatz 2 und 3 neugefasst durch Artikel 2 Nummer 3 des Gesetzes vom 20. Februar 2024 (BGBl. 2024 I Nr. 53), im Einvernehmen mit dem Bundesministerium für Gesundheit und dem Bundesministerium für Wirtschaft und Klimaschutz:</LA></DD></DL></P></Content></text></textdaten></norm>
<norm builddate="20241231222432" doknr="BJNR1570A0024BJNE000200000"><metadaten><jurabk>TÄHAV 2025</jurabk><jurabk>TÄHAV</jurabk><enbez>§ 1</enbez><titel format="XML">Anwendungsbereich</titel></metadaten><textdaten><text format="XML"><Content><P>Die Vorschriften dieser Verordnung gelten für <DL Type="arabic"><DT>1.</DT><DD Font="normal"><LA>die Zubereitung von Tierarzneimitteln,</LA></DD><DT>2.</DT><DD Font="normal"><LA>den Erwerb, die Prüfung, die Lagerung und die Abgabe von <DL Type="alpha"><DT>a)</DT><DD Font="normal"><LA>Tierarzneimitteln,</LA></DD><DT>b)</DT><DD Font="normal"><LA>Arzneimitteln nach § 2 Absatz 1, 2 und 3a des Arzneimittelgesetzes (Humanarzneimittel) oder</LA></DD><DT>c)</DT><DD Font="normal"><LA>veterinärmedizintechnischen Produkten nach § 3 Absatz 3 des Tierarzneimittelgesetzes</LA></DD></DL>durch Tierärztinnen und Tierärzte und durch Apotheken der tierärztlichen Bildungsstätten sowie</LA></DD><DT>3.</DT><DD Font="normal"><LA>die Verschreibung und Anwendung von in Nummer 1 und 2 bezeichneten Erzeugnissen oder Produkten durch Tierärztinnen und Tierärzte.</LA></DD></DL></P></Content></text></textdaten></norm>
<norm builddate="20241231222432" doknr="BJNR1570A0024BJNE000300000"><metadaten><jurabk>TÄHAV 2025</jurabk><jurabk>TÄHAV</jurabk><enbez>§ 2</enbez><titel format="XML">Begriffsbestimmungen</titel></metadaten><textdaten><text format="XML"><Content><P>Im Sinne dieser Verordnung ist <DL Type="arabic"><DT>1.</DT><DD Font="normal"><LA>ein Betriebsraum jeder Raum, in dem Tierarzneimittel zubereitet oder Tierarzneimittel, Humanarzneimittel oder veterinärmedizintechnische Produkte geprüft, gelagert, verpackt oder abgegeben werden,</LA></DD><DT>2.</DT><DD Font="normal"><LA>Umwidmung eine Anwendung, Abgabe oder Verschreibung eines Tierarzneimittels oder eines Humanarzneimittels bei Tieren durch die Tierärztin oder den Tierarzt <DL Type="alpha"><DT>a)</DT><DD Font="normal"><LA>bei nicht der Lebensmittelgewinnung dienenden Tierarten nach den Bestimmungen des Artikels 112 der Verordnung (EU) 2019/6 des Europäischen Parlaments und des Rates vom 11. Dezember 2018 über Tierarzneimittel und zur Aufhebung der Richtlinie 2001/82/EG (ABl. L 4 vom 7.1.2019, S. 43; L 163 vom 20.6.2019, S. 112; L 326 vom 8.10.2020, S. 15; L 241 vom 8.7.2021, S. 17; L 151 vom 2.6.2022, S. 74), die zuletzt durch die Delegierte Verordnung (EU) 2023/183 (ABl. L 26 vom 30.1.2023, S. 7) geändert worden ist,</LA></DD><DT>b)</DT><DD Font="normal"><LA>bei der Lebensmittelgewinnung dienenden landlebenden Tierarten nach den Bestimmungen des Artikels 113 der Verordnung (EU) 2019/6 und</LA></DD><DT>c)</DT><DD Font="normal"><LA>bei der Lebensmittelgewinnung dienenden, im Wasser lebenden Tierarten nach den Bestimmungen des Artikels 114 der Verordnung (EU) 2019/6.</LA></DD></DL></LA></DD></DL></P></Content></text></textdaten></norm>
<norm builddate="20241231222432" doknr="BJNR1570A0024BJNE000400000"><metadaten><jurabk>TÄHAV 2025</jurabk><jurabk>TÄHAV</jurabk><enbez>§ 3</enbez><titel format="XML">Verantwortlichkeiten</titel></metadaten><textdaten><text format="XML"><Content><P>(1) Die Tierärztin oder der Tierarzt, die oder der den Betrieb der tierärztlichen Hausapotheke der zuständigen Behörde nach § 79 Absatz 1 in Verbindung mit Absatz 2 des Tierarzneimittelgesetzes angezeigt hat, ist für den ordnungsgemäßen Betrieb der tierärztlichen Hausapotheke verantwortlich.</P><P>(2) Jede Tierärztin und jeder Tierarzt, die oder der in einer tierärztlichen Hausapotheke tätig wird, ist entsprechend Art und Umfang der Tätigkeit für die Einhaltung der Vorschriften für den ordnungsgemäßen Betrieb der tierärztlichen Hausapotheke verantwortlich und hat insbesondere die Regeln der veterinärmedizinischen Wissenschaft unter besonderer Berücksichtigung einer ordnungsgemäßen Behandlung von Tieren oder Tierbeständen zu beachten. Bei der Zubereitung von Tierarzneimitteln sowie der Prüfung, Lagerung oder Abgabe von Tierarzneimitteln, Humanarzneimitteln oder veterinärmedizintechnischen Produkten hat die Tierärztin oder der Tierarzt die Regeln der pharmazeutischen Wissenschaft zu beachten.</P><P>(3) Wendet die Tierärztin oder der Tierarzt antibiotisch wirksame Tierarzneimittel, Humanarzneimittel oder veterinärmedizintechnische Produkte zur Metaphylaxe an, hat sie oder er die wissenschaftlichen Leitlinien nach Artikel 107 Absatz 4 der Verordnung (EU) 2019/6 zur Metaphylaxe zu beachten.</P><P>(4) Hilfskräfte dürfen im Rahmen des Betriebs einer tierärztlichen Hausapotheke nur ihrer Ausbildung und ihren Kenntnissen entsprechend sowie unter der Verantwortung einer Tierärztin oder eines Tierarztes beschäftigt werden.</P><P>(5) Tierarzneimittel, Humanarzneimittel oder veterinärmedizintechnische Produkte, die nicht für den Verkehr außerhalb der Apotheken freigegeben sind, dürfen nur von einer Tierärztin oder einem Tierarzt oder auf deren oder dessen ausdrückliche Weisung für den betreffenden Einzelfall an Tierhalterinnen und Tierhalter abgegeben werden.</P></Content></text></textdaten></norm>
<norm builddate="20241231222432" doknr="BJNR1570A0024BJNE000500000"><metadaten><jurabk>TÄHAV 2025</jurabk><jurabk>TÄHAV</jurabk><enbez>§ 4</enbez><titel format="XML">Betriebsräume und Ausstattung</titel></metadaten><textdaten><text format="XML"><Content><P>(1) Wer eine tierärztliche Hausapotheke betreibt, muss über geeignete Betriebsräume verfügen.</P><P>(2) Die Betriebsräume müssen der jeweiligen tierärztlichen Tätigkeit entsprechend nach Art, Zahl, Anordnung, Größe und Einrichtung so beschaffen sein, dass sie eine sachgerechte Prüfung, Lagerung oder Abgabe der Tierarzneimittel, Humanarzneimittel oder veterinärmedizintechnischen Produkte oder von Tätigkeiten nach § 14 Absatz 2 Nummer 2 des Tierarzneimittelgesetzes ermöglichen. Die Betriebsräume müssen sich in einem ordnungsgemäßen baulichen und hygienischen Zustand befinden, insbesondere sauber, trocken und gut belüftbar sein.</P><P>(3) Betriebsräume dürfen nur für die in § 1 genannten Zwecke und für tierärztliche Tätigkeiten verwendet werden.</P><P>(4) In den Betriebsräumen müssen die Geräte vorhanden sein, die für den ordnungsgemäßen Betrieb der betreffenden tierärztlichen Hausapotheke benötigt werden. Die Geräte müssen in einwandfreiem Zustand gehalten werden.</P><P>(5) In den Betriebsräumen müssen die Rechtsvorschriften über den Verkehr mit Tierarzneimitteln, Humanarzneimitteln, Betäubungsmitteln, die Arzneimittelpreisverordnung und, soweit entsprechend Art und Umfang der Tätigkeit erforderlich, die amtliche Ausgabe des Arzneibuches in der jeweils aktuellen Fassung schriftlich oder elektronisch verfügbar sein.</P></Content></text></textdaten></norm>
<norm builddate="20241231222432" doknr="BJNR1570A0024BJNE000600000"><metadaten><jurabk>TÄHAV 2025</jurabk><jurabk>TÄHAV</jurabk><enbez>§ 5</enbez><titel format="XML">Prüfung</titel></metadaten><textdaten><text format="XML"><Content><P>(1) Die Tierärztin oder der Tierarzt hat sich zu vergewissern, dass Tierarzneimittel, Humanarzneimittel oder veterinärmedizintechnische Produkte, die von ihr oder ihm vorrätig gehalten, abgegeben oder angewendet werden, einwandfrei beschaffen sind. Zum Nachweis der einwandfreien Beschaffenheit hat die Tierärztin oder der Tierarzt die Tierarzneimittel, Humanarzneimittel oder veterinärmedizintechnischen Produkte zu prüfen oder unter ihrer oder seiner Verantwortung prüfen zu lassen.</P><P>(2) Die Prüfung nach Absatz 1 kann durch eine Prüfung von Stichproben ersetzt werden, wenn die Tierarzneimittel, Humanarzneimittel oder veterinärmedizintechnischen Produkte bezogen werden <DL Type="arabic"><DT>1.</DT><DD Font="normal"><LA>von Herstellerinnen und Herstellern,</LA></DD><DT>2.</DT><DD Font="normal"><LA>von Inhaberinnen und Inhabern einer Großhandelsvertriebserlaubnis,</LA></DD><DT>3.</DT><DD Font="normal"><LA>aus Apotheken,</LA></DD><DT>4.</DT><DD Font="normal"><LA>aus tierärztlichen Hausapotheken gemäß § 10.</LA></DD></DL>Dabei darf von einer über die Sinnenprüfung hinausgehenden Prüfung abgesehen werden, wenn sich keine Anhaltspunkte ergeben haben, die Zweifel an der einwandfreien Beschaffenheit begründen.</P><P>(3) Ergibt die Prüfung, dass ein Tierarzneimittel, ein Humanarzneimittel oder ein veterinärmedizintechnisches Produkt nicht einwandfrei beschaffen ist oder das Verfallsdatum abgelaufen ist, so haben die Tierärztin oder der Tierarzt sicherzustellen, dass dieses Tierarzneimittel, Humanarzneimittel oder dieses veterinärmedizintechnische Produkt der Vernichtung zugeführt wird. Bis zur Übergabe zum Zwecke der Vernichtung ist das Tierarzneimittel, das Humanarzneimittel oder das veterinärmedizintechnische Produkt unter Kenntlichmachung der erforderlichen Vernichtung von der Tierärztin oder dem Tierarzt gesondert aufzubewahren.</P></Content></text></textdaten></norm>
<norm builddate="20241231222432" doknr="BJNR1570A0024BJNE000700000"><metadaten><jurabk>TÄHAV 2025</jurabk><jurabk>TÄHAV</jurabk><enbez>§ 6</enbez><titel format="XML">Lagerung</titel></metadaten><textdaten><text format="XML"><Content><P>(1) Die Tierärztin oder der Tierarzt muss alle Tierarzneimittel, Humanarzneimittel oder veterinärmedizintechnischen Produkte in Betriebsräumen an einem einzigen Standort lagern. Abweichend von Satz 1 dürfen Tierarzneimittel, Humanarzneimittel oder veterinärmedizintechnische Produkte auch in anderen Betriebsräumen gelagert werden, die sich in Zoologischen Gärten, Tierheimen, Versuchstierhaltungen, Tierkliniken, Hochschulen, Besamungsstationen oder höchstens einer Untereinheit der Praxis befinden, wenn <DL Type="arabic"><DT>1.</DT><DD Font="normal"><LA>die Tierarzneimittel, Humanarzneimittel oder veterinärmedizintechnischen Produkte ausschließlich zur arzneilichen Versorgung der dort vorhandenen oder, im Falle einer Untereinheit der Praxis, von dort behandelten Tieren bestimmt sind und</LA></DD><DT>2.</DT><DD Font="normal"><LA>die Betriebsräume ausschließlich der Verfügungsgewalt der Tierärztin oder des Tierarztes unterstehen.</LA></DD></DL>Die Praxis und die Untereinheit der Praxis müssen innerhalb desselben Kreises oder derselben kreisfreien Stadt oder in einem benachbarten Kreis oder einer benachbarten kreisfreien Stadt liegen.</P><P>(2) Tierarzneimittel, Humanarzneimittel oder veterinärmedizintechnische Produkte sind in übersichtlicher Anordnung und getrennt von anderen Mitteln zu lagern. Sie sind so zu lagern, dass ihre einwandfreie Beschaffenheit erhalten bleibt und sie Unbefugten nicht zugänglich sind.</P></Content></text></textdaten></norm>
<norm builddate="20241231222432" doknr="BJNR1570A0024BJNE000800000"><metadaten><jurabk>TÄHAV 2025</jurabk><jurabk>TÄHAV</jurabk><enbez>§ 7</enbez><titel format="XML">Abgabebehältnisse</titel></metadaten><textdaten><text format="XML"><Content><P>(1) Tierarzneimittel oder Humanarzneimittel dürfen nur in Behältnissen abgegeben werden, die gewährleisten, dass die einwandfreie Beschaffenheit der Tierarzneimittel oder Humanarzneimittel nicht beeinträchtigt wird. Ist die Abgabe von veterinärmedizintechnischen Produkten in Behältnissen erforderlich, gilt Satz 1 entsprechend.</P><P>(2) Die Tierärztin oder der Tierarzt hat Behältnisse zu kennzeichnen: <DL Type="arabic"><DT>1.</DT><DD Font="normal"><LA>für Zubereitungen nach Artikel 2 Absatz 6 Buchstabe b der Verordnung (EU) 2019/6 mit dem Datum der Zubereitung und den Angaben nach Artikel 10 Absatz 1 Buchstabe b, e, f, g, h sowie i der Verordnung (EU) 2019/6,</LA></DD><DT>2.</DT><DD Font="normal"><LA>für Teilmengen von <DL Type="alpha"><DT>a)</DT><DD Font="normal"><LA>Tierarzneimitteln, die nach § 14 Absatz 2 Nummer 2 des Tierarzneimittelgesetzes keiner Herstellungserlaubnis bedürfen, und</LA></DD><DT>b)</DT><DD Font="normal"><LA>Humanarzneimitteln im Zusammenhang mit Tätigkeiten, die denen nach § 14 Absatz 2 Nummer 2 des Tierarzneimittelgesetzes entsprechen,</LA></DD></DL>mit den Angaben nach Artikel 88 Absatz 3 der Verordnung (EU) 2019/6.</LA></DD></DL></P></Content></text></textdaten></norm>
<norm builddate="20241231222432" doknr="BJNR1570A0024BJNE000900000"><metadaten><jurabk>TÄHAV 2025</jurabk><jurabk>TÄHAV</jurabk><enbez>§ 8</enbez><titel format="XML">Außenpraxis</titel></metadaten><textdaten><text format="XML"><Content><P>(1) Tierarzneimittel, Humanarzneimittel oder veterinärmedizintechnische Produkte dürfen von der Tierärztin oder dem Tierarzt in der Außenpraxis nur in allseits geschlossenen Transportbehältnissen mitgeführt werden, die Schutz bieten vor einer nachteiligen Beeinflussung, insbesondere durch Licht, Temperatur, Witterungseinflüssen oder Verunreinigungen. Die Transportbehältnisse dürfen Unbefugten nicht zugänglich sein. Von Herstellerinnen und Herstellern oder von Inhaberinnen und Inhabern einer Großhandelsvertriebserlaubnis oder aus Apotheken bezogene Tierarzneimittel oder Humanarzneimittel dürfen von der Tierärztin oder dem Tierarzt nur in dem jeweiligen Originalbehältnis mitgeführt werden. Abweichend von Satz 3 dürfen Abgabebehältnisse nach § 7 Absatz 2 zur unmittelbaren Abgabe an Tierhalterinnen und Tierhalter der zu behandelnden Tiere mitgeführt werden.</P><P>(2) Die Tierärztin oder der Tierarzt darf Tierarzneimittel, Humanarzneimittel oder veterinärmedizintechnische Produkte nur in einer solchen Menge mit sich führen, die dem regelmäßigen täglichen Bedarf der tierärztlichen Tätigkeit entsprechen.</P></Content></text></textdaten></norm>
<norm builddate="20241231222432" doknr="BJNR1570A0024BJNE001000000"><metadaten><jurabk>TÄHAV 2025</jurabk><jurabk>TÄHAV</jurabk><enbez>§ 9</enbez><titel format="XML">Abgabe</titel></metadaten><textdaten><text format="XML"><Content><P>(1) Apothekenpflichtige <DL Type="arabic"><DT>1.</DT><DD Font="normal"><LA>Tierarzneimittel,</LA></DD><DT>2.</DT><DD Font="normal"><LA>Humanarzneimittel und</LA></DD><DT>3.</DT><DD Font="normal"><LA>veterinärmedizintechnische Produkte</LA></DD></DL>dürfen von Tierärztinnen und Tierärzten an Tierhalterinnen und Tierhalter nur im Rahmen einer ordnungsgemäßen Behandlung von Tieren oder Tierbeständen abgegeben werden. Die Tierärztin oder der Tierarzt hat sich vor der Abgabe von der Möglichkeit der ordnungsgemäßen Anwendung durch die Tierhalterin oder den Tierhalter zu vergewissern.</P><P>(2) Eine Behandlung im Sinne des Absatzes 1 Satz 1 schließt insbesondere ein, dass nach den Regeln der veterinärmedizinischen Wissenschaft <DL Type="arabic"><DT>1.</DT><DD Font="normal"><LA>eine Untersuchung oder eine andere gleichwertige Prüfung des Gesundheitszustandes der Tiere oder des Tierbestandes in angemessenem Umfang von der Tierärztin oder von dem Tierarzt durchgeführt worden ist und</LA></DD><DT>2.</DT><DD Font="normal"><LA>die Anwendung und der Behandlungserfolg tierärztlich kontrolliert werden.</LA></DD></DL>Im Falle der Behandlung mit einem antibiotisch wirksamen Tierarzneimittel, Humanarzneimittel oder veterinärmedizintechnischen Produkt ist in jedem Behandlungsfall eine tierärztliche klinische Untersuchung oder eine andere gleichwertige tierärztliche Prüfung des Gesundheitszustandes der zu behandelnden Tiere durchzuführen.</P><P>(3) Als Tierbestand gelten auch Tiere verschiedener Eigentümer oder Besitzer, wenn die Tiere gemeinsam gehalten oder auf Weiden zusammengebracht werden.</P></Content></text></textdaten></norm>
<norm builddate="20241231222432" doknr="BJNR1570A0024BJNE001100000"><metadaten><jurabk>TÄHAV 2025</jurabk><jurabk>TÄHAV</jurabk><enbez>§ 10</enbez><titel format="XML">Abgabe kleiner Mengen zwischen tierärztlichen Hausapotheken</titel></metadaten><textdaten><text format="XML"><Content><P>Betreiberinnen und Betreiber zweier tierärztlicher Hausapotheken dürfen im Einzelfall kleine Mengen von Tierarzneimitteln unmittelbar untereinander abgeben ohne im Besitz einer Großhandelsvertriebserlaubnis zu sein, wenn <DL Type="arabic"><DT>1.</DT><DD Font="normal"><LA>die tierärztlichen Hausapotheken innerhalb desselben Kreises, derselben kreisfreien Stadt oder in einem benachbarten Kreis oder einer benachbarten kreisfreien Stadt liegen und</LA></DD><DT>2.</DT><DD Font="normal"><LA>die notwendige arzneiliche Versorgung der zu behandelnden Tiere mit Tierarzneimitteln ernstlich gefährdet ist.</LA></DD></DL>Kleine Menge im Sinne des Satzes 1 ist die für eine Behandlung notwendige Menge oder die kleinste verfügbare Packungseinheit. Satz 1 Nummer 1 gilt nicht für die Abgabe kleiner Mengen zwischen den Betreiberinnen und Betreibern zweier tierärztlicher Hausapotheken, die ausschließlich für die arzneiliche Versorgung von Tieren in wissenschaftlich geleiteten zoologischen Gärten betrieben werden.</P></Content></text></textdaten></norm>
<norm builddate="20241231222432" doknr="BJNR1570A0024BJNE001200000"><metadaten><jurabk>TÄHAV 2025</jurabk><jurabk>TÄHAV</jurabk><enbez>§ 11</enbez><titel format="XML">Informationspflichten</titel></metadaten><textdaten><text format="XML"><Content><P>(1) Wird ein Tierarzneimittel oder Humanarzneimittel oder ein im Sinne des § 22 Absatz 1 des Tierarzneimittelgesetzes zulassungspflichtiges veterinärmedizintechnisches Produkt von der Tierärztin oder von dem Tierarzt bei Tieren, die der Gewinnung von Lebensmitteln dienen, angewendet oder zur Anwendung bei diesen Tieren von ihr oder ihm selbst oder auf ihre oder seine ausdrückliche Weisung abgegeben, so hat die Tierärztin oder der Tierarzt die Tierhalterin oder den Tierhalter unverzüglich auf die Einhaltung <DL Type="arabic"><DT>1.</DT><DD Font="normal"><LA>der in den Zulassungsbedingungen oder in den Registrierungsbedingungen angegebenen Wartezeit oder</LA></DD><DT>2.</DT><DD Font="normal"><LA>auf die nach Artikel 115 Absatz 1 oder 4 der Verordnung (EU) 2019/6 festgelegte Wartezeit</LA></DD></DL>hinzuweisen oder hinweisen zu lassen.</P><P>(2) Bei Tierarten, die Artikel 115 Absatz 1 der Verordnung (EU) 2019/6 nicht unterfallen, ist die Wartezeit so zu bemessen, dass die in Tabelle 1 des Anhangs der Verordnung (EU) Nr. 37/2010 der Kommission vom 22. Dezember 2009 über pharmakologisch wirksame Stoffe und ihre Einstufung hinsichtlich der Rückstandshöchstmengen in Lebensmitteln tierischen Ursprungs (ABl. L 15 vom 20.1.2010, S. 1; L 293 vom 11.11.2010, S. 72) in der jeweils geltenden Fassung festgesetzten Höchstmengen nicht überschritten werden. Die Tierärztin oder der Tierarzt hat die Tierhalterin oder den Tierhalter unverzüglich auf die Einhaltung dieser Wartezeit hinzuweisen oder hinweisen zu lassen.</P><P>(3) Wird ein registriertes homöopathisches Humanarzneimittel von der Tierärztin oder von dem Tierarzt bei Tieren, die der Gewinnung von Lebensmitteln dienen, angewendet oder zur Anwendung bei diesen Tieren von ihr oder ihm selbst oder auf ihre oder seine ausdrückliche Weisung abgegeben, so hat die Tierärztin oder der Tierarzt eine Wartezeit festzulegen. Die Wartezeit kann auf null Tage festgelegt werden, wenn <DL Type="arabic"><DT>1.</DT><DD Font="normal"><LA>das homöopathische Humanarzneimittel im Einklang mit homöopathischen Arzneibüchern zubereitet wurde und pharmakologisch wirksame Stoffe enthält, die den in Tabelle 1 des Anhangs der Verordnung (EU) Nr. 37/2010 angegebenen Konzentrationen entsprechen, oder</LA></DD><DT>2.</DT><DD Font="normal"><LA>die Konzentration der verwendeten pharmakologisch wirksamen Stoffe jeweils ein Zehntausendstel nicht übersteigt.</LA></DD></DL></P><P>(4) Absatz 3 gilt entsprechend, wenn ein registriertes homöopathisches Tierarzneimittel bei anderen als den in der Packungsbeilage angegebenen Zieltierarten angewendet oder für diese abgegeben wird, soweit die Anwendung oder Abgabe für Tiere erfolgt, die der Gewinnung von Lebensmitteln dienen.</P></Content></text></textdaten></norm>
<norm builddate="20241231222432" doknr="BJNR1570A0024BJNE001300000"><metadaten><jurabk>TÄHAV 2025</jurabk><jurabk>TÄHAV</jurabk><enbez>§ 12</enbez><titel format="XML">Umwidmungsverbote</titel></metadaten><textdaten><text format="XML"><Content><P>(1) Die Umwidmung von Tierarzneimitteln oder Humanarzneimitteln, die Cephalosporine der dritten oder vierten Generation oder Fluorchinolone enthalten, ist verboten <DL Type="arabic"><DT>1.</DT><DD Font="normal"><LA>bei Hund oder Katze abweichend von Artikel 112 der Verordnung (EU) 2019/6 und</LA></DD><DT>2.</DT><DD Font="normal"><LA>bei Rind, Schwein, Pute oder Huhn abweichend von Artikel 113 der Verordnung (EU) 2019/6.</LA></DD></DL>Satz 1 gilt nicht, sofern es im Rahmen der Behandlung zu einem Wechsel des in den Zulassungsbedingungen genannten Anwendungsgebietes, nicht aber der in den Zulassungsbedingungen genannten Tierart kommt.</P><P>(2) Die Umwidmung von Colistin enthaltenden und nach den Zulassungsbedingungen zur oralen Anwendung bestimmten Tierarzneimitteln ist verboten bei der Lebensmittelgewinnung dienenden Tieren abweichend von Artikel 113 der Verordnung (EU) 2019/6.</P><P>(3) Die Absätze 1 und 2 gelten nicht, sofern im Einzelfall die notwendige arzneiliche Versorgung der Tiere ernstlich gefährdet ist. In diesem Fall ist von der Tierärztin oder vom Tierarzt ein Nachweis zu führen, der die Gründe aufführt, warum die notwendige arzneiliche Versorgung der Tiere ernstlich gefährdet gewesen ist.</P></Content></text></textdaten></norm>
<norm builddate="20241231222432" doknr="BJNR1570A0024BJNE001400000"><metadaten><jurabk>TÄHAV 2025</jurabk><jurabk>TÄHAV</jurabk><enbez>§ 13</enbez><titel format="XML">Antibiogrammpflicht</titel></metadaten><textdaten><text format="XML"><Content><P>(1) In Fällen des Satzes 2 hat die Tierärztin oder der Tierarzt unverzüglich im Rahmen der Behandlung von Tiergruppen der Tierarten Rind, Schwein, Huhn oder Pute, die in einer Stallabteilung oder in einem umfriedeten Bereich im Freien gehalten werden, mit einem antibiotisch wirksamen Tierarzneimittel oder Humanarzneimittel die Empfindlichkeit der die Erkrankung verursachenden bakteriellen Erreger gegen antibiotisch wirksame Stoffe nach Maßgabe des § 14 zu untersuchen oder untersuchen zu lassen (Antibiogramm). Das Antibiogramm ist zu erstellen <DL Type="arabic"><DT>1.</DT><DD Font="normal"><LA>bei Wechsel des antibiotisch wirksamen Tierarzneimittels oder Humanarzneimittels im Verlauf einer Behandlung,</LA></DD><DT>2.</DT><DD Font="normal"><LA>bei einer Behandlung mit einem antibiotisch wirksamen Tierarzneimittel oder Humanarzneimittel, die häufiger als einmal in bestimmten Alters- oder Produktionsabschnitten stattfindet,</LA></DD><DT>3.</DT><DD Font="normal"><LA>bei kombinierter Verabreichung von antibiotisch wirksamen Tierarzneimitteln oder Humanarzneimitteln bei einer Indikation, ausgenommen ein zugelassenes Tierarzneimittel, das eine Kombination von antibiotischen Wirkstoffen enthält,</LA></DD><DT>4.</DT><DD Font="normal"><LA>in den Fällen des Artikels 113 Absatz 1 Buchstabe a, b und c der Verordnung (EU) 2019/6 oder</LA></DD><DT>5.</DT><DD Font="normal"><LA>bei der Behandlung mit Tierarzneimitteln, die Cephalosporine der dritten oder vierten Generation, Fluorchinolone oder Colistin enthalten.</LA></DD></DL>Satz 2 Nummer 4 gilt nicht, sofern es im Rahmen der Behandlung zu einem Wechsel des in den Zulassungsbedingungen genannten Anwendungsgebietes, nicht aber der in den Zulassungsbedingungen genannten Tierart kommt.</P><P>(2) In Fällen des Satzes 2 hat die Tierärztin oder der Tierarzt unverzüglich auch im Rahmen der Behandlung einzelner Tiere der Tierarten Rind, Schwein oder Pferd mit einem antibiotisch wirksamen Tierarzneimittel oder Humanarzneimittel die Empfindlichkeit der die Erkrankung verursachenden bakteriellen Erreger gegen antibiotisch wirksame Stoffe nach Maßgabe des § 14 zu untersuchen oder untersuchen zu lassen (Antibiogramm). Das Antibiogramm ist zu erstellen <DL Type="arabic"><DT>1.</DT><DD Font="normal"><LA>in den Fällen des Artikels 113 Absatz 1 Buchstabe a, b und c der Verordnung (EU) 2019/6 oder</LA></DD><DT>2.</DT><DD Font="normal"><LA>bei der Behandlung mit Tierarzneimitteln, die Cephalosporine der dritten oder vierten Generation, Fluorchinolone oder Colistin enthalten.</LA></DD></DL>Satz 2 Nummer 1 gilt nicht, sofern es im Rahmen der Behandlung zu einem Wechsel des in den Zulassungsbedingungen genannten Anwendungsgebietes, nicht aber der in den Zulassungsbedingungen genannten Tierart kommt. Satz 2 Nummer 2 gilt nicht, soweit im Rahmen tierärztlicher Bestandsbetreuung für die zu behandelnden Einzeltiere aussagekräftige, repräsentative Kenntnisse zur Resistenzlage vorliegen, die die Notwendigkeit des Einsatzes von Tierarzneimitteln, die diese Wirkstoffgruppen enthalten, rechtfertigen.</P><P>(3) In Fällen des Satzes 2 hat die Tierärztin oder der Tierarzt unverzüglich im Rahmen der Behandlung einzelner Tiere der Tierarten Pferd, Hund oder Katze, ausgenommen herrenlose Katzen, mit einem antibiotisch wirksamen Tierarzneimittel oder Humanarzneimittel die Empfindlichkeit der die Erkrankung verursachenden bakteriellen Erreger gegen die antibiotisch wirksamen Stoffe nach Maßgabe des § 14 zu untersuchen oder untersuchen zu lassen (Antibiogramm). Das Antibiogramm ist zu erstellen <DL Type="arabic"><DT>1.</DT><DD Font="normal"><LA>in den Fällen des Artikels 112 Absatz 1 Buchstabe a und b der Verordnung (EU) 2019/6 oder</LA></DD><DT>2.</DT><DD Font="normal"><LA>bei der Behandlung mit Tierarzneimitteln, die Cephalosporine der dritten oder vierten Generation, oder Fluorchinolone oder Colistin enthalten.</LA></DD></DL>Satz 2 Nummer 1 gilt nicht, sofern es im Rahmen der Behandlung zu einem Wechsel des in den Zulassungsbedingungen genannten Anwendungsgebietes, nicht aber der in den Zulassungsbedingungen genannten Tierart kommt. Satz 2 Nummer 2 gilt nicht, soweit im Rahmen tierärztlicher Bestandsbetreuung für die zu behandelnden Einzeltiere aussagekräftige, repräsentative Kenntnisse zur Resistenzlage vorliegen, die die Notwendigkeit des Einsatzes von Tierarzneimitteln, die diese Wirkstoffgruppen enthalten, rechtfertigen.</P><P>(4) Abweichend von den Absätzen 1 bis 3 ist ein Antibiogramm nicht zu erstellen, wenn nach dem Stand der veterinärmedizinischen Wissenschaft <DL Type="arabic"><DT>1.</DT><DD Font="normal"><LA>die Probenahme mit der Gefahr einer zusätzlichen Beeinträchtigung des Gesundheitszustandes des zu behandelnden Tieres verbunden wäre,</LA></DD><DT>2.</DT><DD Font="normal"><LA>der Erreger nicht mittels zellfreier künstlicher Medien kultiviert werden kann, oder</LA></DD><DT>3.</DT><DD Font="normal"><LA>für die Bestimmung der Empfindlichkeit des Erregers keine geeignete Methode verfügbar ist.</LA></DD></DL>In diesem Fall ist von der Tierärztin oder vom Tierarzt ein Nachweis zu führen, der die Gründe enthält, warum ein Antibiogramm nicht erstellt worden ist.</P></Content></text></textdaten></norm>
<norm builddate="20241231222432" doknr="BJNR1570A0024BJNE001500000"><metadaten><jurabk>TÄHAV 2025</jurabk><jurabk>TÄHAV</jurabk><enbez>§ 14</enbez><titel format="XML">Verfahren zur Erstellung eines Antibiogramms</titel></metadaten><textdaten><text format="XML"><Content><P>(1) Zur Erstellung eines Antibiogramms nach § 13 Absatz 1 Satz 2, Absatz 2 Satz 2 und Absatz 3 Satz 2 hat die Tierärztin oder der Tierarzt nach verfügbaren, national oder international anerkannten Verfahren, ansonsten nach in der wissenschaftlichen Literatur beschriebenen Verfahren <DL Type="arabic"><DT>1.</DT><DD Font="normal"><LA>Proben von den zu behandelnden Tieren zu entnehmen oder unter seiner Aufsicht entnehmen zu lassen,</LA></DD><DT>2.</DT><DD Font="normal"><LA>aus den Proben die die Erkrankung verursachenden bakteriellen Erreger unter Berücksichtigung des Krankheitsbildes zu isolieren oder isolieren zu lassen und</LA></DD><DT>3.</DT><DD Font="normal"><LA>die isolierten bakteriellen Erreger auf ihre Empfindlichkeit gegen antibiotisch wirksame Stoffe zu untersuchen oder untersuchen zu lassen.</LA></DD></DL>Die Proben nach Nummer 1 müssen für die Isolierung der die Erkrankung verursachenden bakteriellen Erreger zur anschließenden Erstellung eines Antibiogramms geeignet sein.</P><P>(2) Bei der Beprobung einer Tiergruppe ist bei der Auswahl der Tiere darauf zu achten, dass sie repräsentativ für das klinische Bild der Erkrankung der zu behandelnden Tiergruppe sind.</P><P>(3) Über die Probenahme, Isolierung von bakteriellen Erregern und Untersuchung ihrer Empfindlichkeit gegenüber Stoffen mit antibiotischer Wirkung ist von der Tierärztin oder vom Tierarzt ein Nachweis zu führen, der folgende Angaben enthalten muss: <DL Type="arabic"><DT>1.</DT><DD Font="normal"><LA>das Datum der Probenahme,</LA></DD><DT>2.</DT><DD Font="normal"><LA>den Namen und die Anschrift der Tierhalterin oder des Tierhalters, die Identität der beprobten Tiere und die Probenmatrix,</LA></DD><DT>3.</DT><DD Font="normal"><LA>die Bezeichnung des verwendeten Tests,</LA></DD><DT>4.</DT><DD Font="normal"><LA>das Datum des Untersuchungsbeginns und das Datum des Untersuchungsendes,</LA></DD><DT>5.</DT><DD Font="normal"><LA>den Befund, das quantitative Ergebnis und die qualitative Bewertung der Empfindlichkeitstestung.</LA></DD></DL></P></Content></text></textdaten></norm>
<norm builddate="20241231222432" doknr="BJNR1570A0024BJNE001600000"><metadaten><jurabk>TÄHAV 2025</jurabk><jurabk>TÄHAV</jurabk><enbez>§ 15</enbez><titel format="XML">Dokumentation über Erwerb, Abgabe und Anwendung</titel></metadaten><textdaten><text format="XML"><Content><P>(1) Die Tierärztin oder der Tierarzt hat über den Erwerb sowie die Abgabe von verschreibungspflichtigen Tierarzneimitteln die Nachweise zu den Angaben nach Artikel 103 Absatz 3 der Verordnung (EU) 2019/6 zu führen. Satz 1 gilt entsprechend für <DL Type="arabic"><DT>1.</DT><DD Font="normal"><LA>nicht verschreibungspflichtige und apothekenpflichtige Tierarzneimittel,</LA></DD><DT>2.</DT><DD Font="normal"><LA>verschreibungspflichtige sowie nicht verschreibungspflichtige und apothekenpflichtige, veterinärmedizintechnische Produkte sowie</LA></DD><DT>3.</DT><DD Font="normal"><LA>verschreibungspflichtige sowie nicht verschreibungspflichtige und apothekenpflichtige Humanarzneimittel.</LA></DD></DL>Satz 1 gilt nicht für Tätigkeiten nach § 14 Absatz 2 Nummer 2 des Tierarzneimittelgesetzes.</P><P>(2) Bei der Behandlung von Tieren, die der Gewinnung von Lebensmitteln dienen, ist im Fall der Abgabe sowie der Anwendung sowohl von verschreibungspflichtigen als auch von nicht verschreibungspflichtigen und apothekenpflichtigen <DL Type="arabic"><DT>1.</DT><DD Font="normal"><LA>Tierarzneimitteln,</LA></DD><DT>2.</DT><DD Font="normal"><LA>Humanarzneimitteln oder</LA></DD><DT>3.</DT><DD Font="normal"><LA>veterinärmedizintechnischen Produkten</LA></DD></DL>von der Tierärztin oder dem Tierarzt unverzüglich eine tierärztliche Verschreibung nach Artikel 105 Absatz 5 der Verordnung (EU) 2019/6 zu fertigen. Die tierärztliche Verschreibung dient gleichzeitig als tierärztliche Behandlungsanweisung nach § 44 Absatz 2 des Tierarzneimittelgesetzes.</P><P>(3) Bei der Behandlung von Tieren, die nicht der Gewinnung von Lebensmitteln dienen, ist im Fall der Abgabe von verschreibungspflichtigen <DL Type="arabic"><DT>1.</DT><DD Font="normal"><LA>Tierarzneimitteln,</LA></DD><DT>2.</DT><DD Font="normal"><LA>Humanarzneimitteln oder</LA></DD><DT>3.</DT><DD Font="normal"><LA>veterinärmedizintechnischen Produkten</LA></DD></DL>von der Tierärztin oder vom Tierarzt unverzüglich eine tierärztliche Verschreibung nach Artikel 105 Absatz 5 der Verordnung (EU) 2019/6 zu fertigen.</P><P>(4) Als Nachweise über den Erwerb von Tierarzneimitteln, Humanarzneimitteln oder veterinärmedizintechnischen Produkten gilt die geordnete Zusammenstellung der Lieferscheine, Rechnungen oder Warenbegleitscheine, aus denen sich die Informationen nach Artikel 103 Absatz 3 der Verordnung (EU) 2019/6 zu ergeben haben. Als Nachweise über die Abgabe und Anwendung gelten insbesondere Aufzeichnungen im Tagebuch der Praxis oder in der Patientenkartei.</P><P>(5) Die zuständige Behörde kann anordnen, dass die Tierärztin oder der Tierarzt für Tierarzneimittel, Humanarzneimittel oder veterinärmedizintechnische Produkte, die bei Tieren, die der Gewinnung von Lebensmitteln dienen, angewendet und abgegeben werden, weitergehende Nachweise zu führen hat. Eine Anordnung nach Satz 1 darf nur für den Fall ergehen, dass <DL Type="arabic"><DT>1.</DT><DD Font="normal"><LA>der zuständigen Behörde Tatsachen bekannt sind, die darauf schließen lassen, dass Vorschriften über den Verkehr mit Tierarzneimitteln, Humanarzneimitteln oder veterinärmedizintechnischen Produkten, einschließlich deren Verschreibung oder Anwendung, nicht beachtet worden sind, oder</LA></DD><DT>2.</DT><DD Font="normal"><LA>die vorgelegten Unterlagen nicht den Nachweis über den ordnungsgemäßen Bezug und den Verbleib der Tierarzneimittel, Humanarzneimittel oder veterinärmedizintechnischen Produkte erlauben.</LA></DD></DL>Die Nachweise nach Satz 1 sind auf Verlangen der Behörde nach Tierhalterinnen und Tierhaltern geordnet vorzulegen.</P></Content></text></textdaten></norm>
<norm builddate="20241231222432" doknr="BJNR1570A0024BJNE001700000"><metadaten><jurabk>TÄHAV 2025</jurabk><jurabk>TÄHAV</jurabk><enbez>§ 16</enbez><titel format="XML">Allgemeine Dokumentationspflichten</titel></metadaten><textdaten><text format="XML"><Content><P>(1) Die tierärztlichen Verschreibungen und die Nachweise sind von der Tierärztin oder vom Tierarzt in übersichtlicher und allgemein verständlicher Form sowie zeitlich geordnet zu führen sowie der zuständigen Behörde auf Verlangen vorzulegen. Sie können auch als elektronisches Dokument geführt und aufbewahrt werden. Bei der Aufbewahrung der elektronisch geführten Dokumente muss sichergestellt sein, dass die Daten während der Aufbewahrungszeit jederzeit lesbar gemacht werden können und unveränderlich sind.</P><P>(2) Nach Ablauf der in Artikel 103 Absatz 5 der Verordnung (EU) 2019/6 genannten Frist sind die Daten zu löschen, wenn sie für die Zweckerfüllung nicht mehr erforderlich sind.</P></Content></text><fussnoten><Content><P>(+++ § 16: Zur Geltung vgl. § 18 Abs. 3 S. 2 +++)</P></Content></fussnoten></textdaten></norm>
<norm builddate="20241231222432" doknr="BJNR1570A0024BJNE001800000"><metadaten><jurabk>TÄHAV 2025</jurabk><jurabk>TÄHAV</jurabk><enbez>§ 17</enbez><titel format="XML">Übermittlung an den Tierhalter</titel></metadaten><textdaten><text format="XML"><Content><P>(1) Die Tierärztin oder der Tierarzt hat der Tierhalterin oder dem Tierhalter die tierärztliche Verschreibung nach § 15 Absatz 2 Satz 1 unverzüglich auszuhändigen oder als elektronisches Dokument unverzüglich zu übermitteln. Im Falle der elektronischen Nachweisführung ist sicherzustellen, dass die Authentizität der Daten bei der Tierhalterin oder dem Tierhalter nachvollzogen werden kann. Die nach Satz 1 an die Tierhalterin oder den Tierhalter ausgehändigte oder elektronisch übermittelte tierärztliche Verschreibung muss zusätzlich die Angabe „Nicht zur Vorlage in der Apotheke bestimmt!“ enthalten.</P><P>(2) Im Falle der Übermittlung der tierärztlichen Verschreibung nach § 15 Absatz 2 an die Tierhalterin oder den Tierhalter in elektronischer Form ist die Authentizität der Daten auch in der tierärztlichen Praxis sicherzustellen.</P></Content></text></textdaten></norm>
<norm builddate="20241231222432" doknr="BJNR1570A0024BJNE001900000"><metadaten><jurabk>TÄHAV 2025</jurabk><jurabk>TÄHAV</jurabk><enbez>§ 18</enbez><titel format="XML">Bezug über die Apotheke</titel></metadaten><textdaten><text format="XML"><Content><P>(1) Verschreibungspflichtige Tierarzneimittel, verschreibungspflichtige Humanarzneimittel oder verschreibungspflichtige veterinärmedizintechnische Produkte, die von der Tierärztin oder dem Tierarzt nicht selbst angewendet oder abgegeben werden, müssen <DL Type="arabic"><DT>1.</DT><DD Font="normal"><LA>wenn sie zur Anwendung bei Tieren bestimmt sind, die der Gewinnung von Lebensmitteln dienen, in drei Ausfertigungen (Original und zwei Doppel) und</LA></DD><DT>2.</DT><DD Font="normal"><LA>wenn sie zur Anwendung bei Tieren bestimmt sind, die nicht der Gewinnung von Lebensmitteln dienen, in zwei Ausfertigungen (Original und ein Doppel)</LA></DD></DL>verschrieben werden.</P><P>(2) Das Original der tierärztlichen Verschreibung sowie das für die Apotheke bestimmte erste Doppel sind der Tierhalterin oder dem Tierhalter auszuhändigen.</P><P>(3) Im Fall des Absatzes 1 Nummer 1 verbleibt das zweite Doppel bei der Tierärztin oder dem Tierarzt. § 16 gilt entsprechend.</P></Content></text></textdaten></norm>
<norm builddate="20241231222432" doknr="BJNR1570A0024BJNE002000000"><metadaten><jurabk>TÄHAV 2025</jurabk><jurabk>TÄHAV</jurabk><enbez>§ 19</enbez><titel format="XML">Apotheken der tierärztlichen Bildungsstätten</titel></metadaten><textdaten><text format="XML"><Content><P>(1) Die Vorschriften dieser Verordnung sind auf Apotheken der tierärztlichen Bildungsstätten, die der Ausbildung der Studierenden der Veterinärmedizin und der arzneilichen Versorgung tierärztlich behandelter Tiere im Hochschulbereich dienen, entsprechend anzuwenden.</P><P>(2) Die Leiterin oder der Leiter der Apotheke der tierärztlichen Bildungsstätte hat die nach den Vorschriften dieser Verordnung der Tierärztin oder dem Tierarzt obliegenden Verpflichtungen zu erfüllen. Sie oder er darf sich durch eine Apothekerin oder einen Apotheker vertreten lassen.</P><P>(3) Tierarzneimittel, Humanarzneimittel und veterinärmedizintechnische Produkte dürfen nur zu den in Absatz 1 bezeichneten Zwecken erworben, hergestellt, gelagert oder abgegeben werden.</P></Content></text></textdaten></norm>
<norm builddate="20241231222432" doknr="BJNR1570A0024BJNE002100000"><metadaten><jurabk>TÄHAV 2025</jurabk><jurabk>TÄHAV</jurabk><enbez>§ 20</enbez><titel format="XML">Ordnungswidrigkeiten</titel></metadaten><textdaten><text format="XML"><Content><P>Ordnungswidrig im Sinne des § 89 Absatz 2 Nummer 15 des Tierarzneimittelgesetzes handelt, wer vorsätzlich oder fahrlässig <DL Type="arabic"><DT>1.</DT><DD Font="normal"><LA>entgegen § 4 Absatz 3 einen Betriebsraum verwendet,</LA></DD><DT>2.</DT><DD Font="normal"><LA>entgegen § 5 Absatz 3 Satz 1 nicht sicherstellt, dass ein Tierarzneimittel, Humanarzneimittel oder veterinärmedizintechnisches Produkt einer Vernichtung zugeführt wird,</LA></DD><DT>3.</DT><DD Font="normal"><LA>entgegen § 5 Absatz 3 Satz 2 ein dort genanntes Tierarzneimittel, Humanarzneimittel oder veterinärmedizintechnisches Produkt nicht, nicht richtig oder nicht in der vorgeschriebenen Weise aufbewahrt,</LA></DD><DT>4.</DT><DD Font="normal"><LA>entgegen § 6 Absatz 1 Satz 1 ein Tierarzneimittel, Humanarzneimittel oder veterinärmedizintechnisches Produkt nicht, nicht richtig oder nicht in der vorgeschriebenen Weise lagert,</LA></DD><DT>5.</DT><DD Font="normal"><LA>entgegen § 8 Absatz 1 Satz 1 oder Absatz 2 ein Tierarzneimittel, Humanarzneimittel oder veterinärmedizintechnisches Produkt mitführt,</LA></DD><DT>6.</DT><DD Font="normal"><LA>entgegen § 11 Absatz 1 auf die Wartezeit nicht, nicht richtig oder nicht rechtzeitig hinweist oder nicht, nicht richtig oder nicht rechtzeitig hinweisen lässt,</LA></DD><DT>7.</DT><DD Font="normal"><LA>entgegen § 12 Absatz 1 Satz 1 oder Absatz 2 ein dort genanntes Tierarzneimittel oder Humanarzneimittel umwidmet,</LA></DD><DT>8.</DT><DD Font="normal"><LA>entgegen § 13 Absatz 1 Satz 1, Absatz 2 Satz 1 oder Absatz 3 Satz 1 eine Untersuchung nicht, nicht richtig, nicht in der vorgeschriebenen Weise oder nicht rechtzeitig vornimmt oder nicht, nicht richtig, nicht in der vorgeschriebenen Weise oder nicht rechtzeitig vornehmen lässt,</LA></DD><DT>9.</DT><DD Font="normal"><LA>entgegen § 12 Absatz 3 Satz 2, § 13 Absatz 4 Satz 2, § 14 Absatz 3 oder § 15 Absatz 1 Satz 1 einen Nachweis nicht, nicht richtig oder nicht vollständig führt,</LA></DD><DT>10.</DT><DD Font="normal"><LA>entgegen § 15 Absatz 2 Satz 1 oder Absatz 3 eine Verschreibung nicht, nicht richtig, nicht vollständig oder nicht rechtzeitig fertigt,</LA></DD><DT>11.</DT><DD Font="normal"><LA>entgegen § 16 Absatz 1 Satz 1 eine Verschreibung oder einen Nachweis nicht, nicht richtig, nicht vollständig oder nicht in der vorgeschriebenen Weise führt oder nicht, nicht richtig, nicht vollständig oder nicht rechtzeitig vorlegt oder</LA></DD><DT>12.</DT><DD Font="normal"><LA>entgegen § 17 Absatz 1 Satz 1 eine Verschreibung nicht, nicht richtig oder nicht rechtzeitig aushändigt oder nicht, nicht richtig, nicht in der vorgeschriebenen Weise oder nicht rechtzeitig übermittelt.</LA></DD></DL></P></Content></text></textdaten></norm>
<norm builddate="20241231222432" doknr="BJNR1570A0024BJNE002200000"><metadaten><jurabk>TÄHAV 2025</jurabk><jurabk>TÄHAV</jurabk><enbez>§ 21</enbez><titel format="XML">Inkrafttreten, Außerkrafttreten</titel></metadaten><textdaten><text format="XML"><Content><P>Diese Verordnung tritt am 1. Januar 2025 in Kraft. Gleichzeitig tritt die Verordnung über tierärztliche Hausapotheken in der Fassung der Bekanntmachung vom 8. Juli 2009 (BGBl. I S. 1760), die durch Artikel 1 der Verordnung vom 21. Februar 2018 (BGBl. I S. 213) geändert worden ist, außer Kraft.</P></Content></text></textdaten></norm>
<norm builddate="20241231222432" doknr="BJNR1570A0024BJNE002300000"><metadaten><jurabk>TÄHAV 2025</jurabk><jurabk>TÄHAV</jurabk><enbez>Schlussformel</enbez></metadaten><textdaten><text format="XML"><Content><P>Der Bundesrat hat zugestimmt.</P></Content></text></textdaten></norm>
</dokumente>