<?xml version="1.0" encoding="UTF-8" ?><!DOCTYPE dokumente SYSTEM "http://www.gesetze-im-internet.de/dtd/1.01/gii-norm.dtd">
<dokumente builddate="20131202132508" doknr="BJNR013250976"><norm builddate="20131202132508" doknr="BJNR013250976"><metadaten><jurabk>FluLärmHopstV</jurabk><ausfertigung-datum manuell="ja">1976-05-26</ausfertigung-datum><fundstelle typ="amtlich"><periodikum>BGBl I</periodikum><zitstelle>1976, 1325</zitstelle></fundstelle><langue>Verordnung über die Festsetzung des Lärmschutzbereichs für den
militärischen Flugplatz Hopsten</langue><standangabe checked="ja"><standtyp>Stand</standtyp><standkommentar>Zuletzt geändert durch Art. 1 V v. 12.7.1991 I 1516</standkommentar></standangabe></metadaten><textdaten><fussnoten><Content><P>(+++ Textnachweis Geltung ab: 24.7.1980 +++)</P></Content></fussnoten></textdaten></norm>
<norm builddate="20131202132508" doknr="BJNR013250976BJNE000100319"><metadaten><jurabk>FluLärmHopstV</jurabk><enbez>Eingangsformel</enbez></metadaten><textdaten><text format="XML"><Content><P>Auf Grund des § 4 Abs. 1 des Gesetzes zum Schutz gegen Fluglärm vom 30. März 1971 (Bundesgesetzblatt I S. 282), geändert durch Artikel 70 des Einführungsgesetzes zum Strafgesetzbuch vom 2. März 1974 (Bundesgesetzbl. I S. 469), wird im Einvernehmen mit dem Bundesminister der Verteidigung und mit Zustimmung des Bundesrates verordnet:</P></Content></text></textdaten></norm>
<norm builddate="20131202132508" doknr="BJNR013250976BJNE000200319"><metadaten><jurabk>FluLärmHopstV</jurabk><enbez>§ 1</enbez></metadaten><textdaten><text format="XML"><Content><P>Zum Schutz der Allgemeinheit vor Gefahren, erheblichen Nachteilen und erheblichen Belästigungen durch Fluglärm in der Umgebung des militärischen Flugplatzes Hopsten wird der in § 2 bestimmte Lärmschutzbereich festgesetzt.</P></Content></text></textdaten></norm>
<norm builddate="20131202132508" doknr="BJNR013250976BJNE000300319"><metadaten><jurabk>FluLärmHopstV</jurabk><enbez>§ 2</enbez></metadaten><textdaten><text format="XML"><Content><P>Der Lärmschutzbereich mit seinen zwei Schutzzonen wird nach Anlage 1 bestimmt durch die interpolierten Verbindungslinien zwischen den Kurvenpunkten, soweit diese Linien außerhalb des Flugplatzgeländes verlaufen.</P></Content></text></textdaten></norm>
<norm builddate="20131202132508" doknr="BJNR013250976BJNE000400319"><metadaten><jurabk>FluLärmHopstV</jurabk><enbez>§ 3</enbez></metadaten><textdaten><text format="XML"><Content><P>(1) Liegt eine bauliche Anlage zu einem Teil im Lärmschutzbereich, so gilt sie als ganz im Lärmschutzbereich gelegen. Liegt eine bauliche Anlage zu einem Teil in der Schutzzone 1, so gilt sie als ganz in dieser Schutzzone gelegen.</P><P>(2) Auf die Errichtung einer baulichen Anlage ist Absatz 1 entsprechend anzuwenden.</P></Content> </text></textdaten></norm>
<norm builddate="20131202132508" doknr="BJNR013250976BJNE000501308"><metadaten><jurabk>FluLärmHopstV</jurabk><enbez>§ 4</enbez></metadaten><textdaten><text format="XML"><Content><P>(1) Der nach § 2 bestimmte Lärmschutzbereich ist in einer topographischen Karte im Maßstab 1:50.000 und in Karten im Maßstab 1:5.000 dargestellt. Die topographische Karte ist in verkleinerter Form als Anlage 2 dieser Verordnung beigefügt. Die topographische Karte und die Karten im Maßstab 1:5.000 sind beim Regierungspräsidenten Münster, Domplatz 1, 4400 Münster, zu jedermanns Einsicht archivmäßig gesichert niedergelegt.</P><P>(2) Die Karten im Maßstab 1 : 5.000 über den Lärmschutzbereich nach der bis zum Ablauf des 23. Juli 1980 und nach der bis zum 23. Juli 1991 geltenden Fassung dieser Verordnung bleiben an gleicher Stelle zu jedermanns Einsicht archivmäßig gesichert niedergelegt.</P></Content> </text><fussnoten/></textdaten></norm>
<norm builddate="20131202132508" doknr="BJNR013250976BJNE000600319"><metadaten><jurabk>FluLärmHopstV</jurabk><enbez>§ 5</enbez></metadaten><textdaten><text format="XML"><Content><P>Diese Verordnung tritt am Tag nach der Verkündung in Kraft.</P></Content></text></textdaten></norm>
<norm builddate="20131202132508" doknr="BJNR013250976BJNE000700319"><metadaten><jurabk>FluLärmHopstV</jurabk><enbez>Schlußformel</enbez></metadaten><textdaten><text format="XML"><Content><P><SP>Der Bundesminister des Innern</SP></P></Content></text></textdaten></norm>
<norm builddate="20131202132508" doknr="BJNR013250976BJNE000801308"><metadaten><jurabk>FluLärmHopstV</jurabk><enbez>Anlage 1</enbez><titel format="XML">(zu § 2 der Verordnung über die Festsetzung des Lärmschutzbereichs für den militärischen Flugplatz Hopsten in der Fassung der Zweiten Änderungsverordnung vom 12. Juli 1991)<BR/>Lärmschutzbereich - Zweite Änderung</titel></metadaten><textdaten><text format="XML"><Content><P><ABWFORMAT typ="A"/><kommentar typ="Fundstelle">(Fundstelle des Originaltextes: BGBl. I 1991, 1517 - 1521)</kommentar><BR/><table frame="none"><tgroup align="center" cols="9" colsep="0" rowsep="0"><colspec colname="col1" colnum="1" colwidth="54.000000pt"/><colspec colname="col2" colnum="2" colwidth="104.000000pt"/><colspec colname="col3" colnum="3" colwidth="104.000000pt"/><colspec colname="col4" colnum="4" colwidth="54.000000pt"/><colspec colname="col5" colnum="5" colwidth="104.000000pt"/><colspec colname="col6" colnum="6" colwidth="104.000000pt"/><colspec colname="col7" colnum="7" colwidth="54.000000pt"/><colspec colname="col8" colnum="8" colwidth="104.000000pt"/><colspec colname="col9" colnum="9" colwidth="104.000000pt"/><tbody><row><entry align="left" nameend="col2" namest="col1">Koordinatensystem:</entry><entry align="left" nameend="col4" namest="col3">Gauß - Krüger:</entry><entry align="left" nameend="col9" namest="col5">Y = Rechtswert</entry></row><row><entry nameend="col2" namest="col1"> </entry><entry nameend="col4" namest="col3"> </entry><entry align="left" nameend="col9" namest="col5">X = Hochwert</entry></row><row><entry align="left" nameend="col2" namest="col1">Interpolation:</entry><entry align="left" nameend="col9" namest="col3">Polynom 3. Grades mit stetigem Tangentenübergang</entry></row><row><entry align="left" nameend="col9" namest="col1"> </entry></row><row><entry align="left" nameend="col9" namest="col1">Kurvenpunkte der Schutzzone 1 (Militärischer Flugplatz Hopsten)</entry></row><row><entry align="center">Nr.</entry><entry>Y</entry><entry>X</entry><entry align="center">Nr.</entry><entry>Y</entry><entry>X</entry><entry align="center">Nr.</entry><entry>Y</entry><entry align="center">X</entry></row><row><entry align="left" nameend="col9" namest="col1"/></row><row><entry>1</entry><entry>3399689.5</entry><entry>5800943.9</entry><entry>51</entry><entry>3400661.3</entry><entry>5805930.6</entry><entry>101</entry><entry>3401644.4</entry><entry align="center">5802138.0</entry></row><row><entry>2</entry><entry>3399722.5</entry><entry>5801080.0</entry><entry>52</entry><entry>3400718.5</entry><entry>5805931.9</entry><entry>102</entry><entry>3401601.4</entry><entry align="center">5801983.9</entry></row><row><entry>3</entry><entry>3399754.2</entry><entry>5801216.4</entry><entry>53</entry><entry>3400775.6</entry><entry>5805928.4</entry><entry>103</entry><entry>3401560.4</entry><entry align="center">5801829.3</entry></row><row><entry>4</entry><entry>3399784.9</entry><entry>5801352.9</entry><entry>54</entry><entry>3400890.2</entry><entry>5805918.7</entry><entry>104</entry><entry>3401520.7</entry><entry align="center">5801674.6</entry></row><row><entry>5</entry><entry>3399815.8</entry><entry>5801489.4</entry><entry>55</entry><entry>3401004.3</entry><entry>5805918.1</entry><entry>105</entry><entry>3401501.1</entry><entry align="center">5801597.3</entry></row><row><entry>6</entry><entry>3399845.6</entry><entry>5801626.1</entry><entry>56</entry><entry>3401118.3</entry><entry>5805928.2</entry><entry>106</entry><entry>3401491.5</entry><entry align="center">5801558.6</entry></row><row><entry>7</entry><entry>3399863.8</entry><entry>5801765.3</entry><entry>57</entry><entry>3401175.6</entry><entry>5805929.8</entry><entry>107</entry><entry>3401484.0</entry><entry align="center">5801519.5</entry></row><row><entry>8</entry><entry>3399869.1</entry><entry>5801906.7</entry><entry>58</entry><entry>3401232.5</entry><entry>5805921.9</entry><entry>108</entry><entry>3401479.9</entry><entry align="center">5801490.3</entry></row><row><entry>9</entry><entry>3399874.0</entry><entry>5802048.1</entry><entry>59</entry><entry>3401275.4</entry><entry>5805906.3</entry><entry>109</entry><entry>3401473.5</entry><entry align="center">5801449.8</entry></row><row><entry>10</entry><entry>3399878.3</entry><entry>5802189.5</entry><entry>60</entry><entry>3401314.7</entry><entry>5805883.0</entry><entry>110</entry><entry>3401465.9</entry><entry align="center">5801362.4</entry></row><row><entry align="center" nameend="col9" namest="col1"> </entry></row><row><entry>11</entry><entry>3399881.2</entry><entry>5802330.8</entry><entry>61</entry><entry>3401349.7</entry><entry>5805853.7</entry><entry>111</entry><entry>3401461.3</entry><entry align="center">5801203.8</entry></row><row><entry>12</entry><entry>3399882.4</entry><entry>5802472.3</entry><entry>62</entry><entry>3401380.4</entry><entry>5805820.1</entry><entry>112</entry><entry>3401457.2</entry><entry align="center">5801045.0</entry></row><row><entry>13</entry><entry>3399882.3</entry><entry>5802544.1</entry><entry>63</entry><entry>3401407.0</entry><entry>5805783.7</entry><entry>113</entry><entry>3401455.1</entry><entry align="center">5800886.1</entry></row><row><entry>14</entry><entry>3399881.7</entry><entry>5802613.8</entry><entry>64</entry><entry>3401430.1</entry><entry>5805745.1</entry><entry>114</entry><entry>3401454.5</entry><entry align="center">5800727.3</entry></row><row><entry>15</entry><entry>3399878.9</entry><entry>5802755.1</entry><entry>65</entry><entry>3401450.4</entry><entry>5805704.9</entry><entry>115</entry><entry>3401454.5</entry><entry align="center">5800568.4</entry></row><row><entry>16</entry><entry>3399873.5</entry><entry>5802896.6</entry><entry>66</entry><entry>3401468.4</entry><entry>5805663.6</entry><entry>116</entry><entry>3401454.6</entry><entry align="center">5800489.0</entry></row><row><entry>17</entry><entry>3399875.6</entry><entry>5803037.7</entry><entry>67</entry><entry>3401494.8</entry><entry>5805595.5</entry><entry>117</entry><entry>3401454.9</entry><entry align="center">5800409.6</entry></row><row><entry>18</entry><entry>3399881.8</entry><entry>5803178.7</entry><entry>68</entry><entry>3401520.0</entry><entry>5805526.9</entry><entry>118</entry><entry>3401455.3</entry><entry align="center">5800352.1</entry></row><row><entry>19</entry><entry>3399897.2</entry><entry>5803319.4</entry><entry>69</entry><entry>3401546.7</entry><entry>5805458.5</entry><entry>119</entry><entry>3401456.1</entry><entry align="center">5800294.7</entry></row><row><entry>20</entry><entry>3399912.1</entry><entry>5803460.0</entry><entry>70</entry><entry>3401576.3</entry><entry>5805391.4</entry><entry>120</entry><entry>3401456.9</entry><entry align="center">5800250.6</entry></row><row><entry align="center" nameend="col9" namest="col1"> </entry></row><row><entry>21</entry><entry>3399922.8</entry><entry>5803602.7</entry><entry>71</entry><entry>3401613.7</entry><entry>5805330.2</entry><entry>121</entry><entry>3401453.0</entry><entry align="center">5800171.2</entry></row><row><entry>22</entry><entry>3399926.7</entry><entry>5803745.3</entry><entry>72</entry><entry>3401653.7</entry><entry>5805280.2</entry><entry>122</entry><entry>3401445.5</entry><entry align="center">5800092.2</entry></row><row><entry>23</entry><entry>3399923.7</entry><entry>5803887.7</entry><entry>73</entry><entry>3401678.7</entry><entry>5805230.2</entry><entry>123</entry><entry>3401422.8</entry><entry align="center">5799934.1</entry></row><row><entry>24</entry><entry>3399915.1</entry><entry>5804030.0</entry><entry>74</entry><entry>3401693.3</entry><entry>5805194.0</entry><entry>124</entry><entry>3401394.5</entry><entry align="center">5799778.3</entry></row><row><entry>25</entry><entry>3399903.8</entry><entry>5804172.2</entry><entry>75</entry><entry>3401700.5</entry><entry>5805159.6</entry><entry>125</entry><entry>3401365.4</entry><entry align="center">5799622.7</entry></row><row><entry>26</entry><entry>3399895.2</entry><entry>5804314.5</entry><entry>76</entry><entry>3401707.6</entry><entry>5805125.2</entry><entry>126</entry><entry>3401339.5</entry><entry align="center">5799466.5</entry></row><row><entry>27</entry><entry>3399893.2</entry><entry>5804455.5</entry><entry>77</entry><entry>3401712.9</entry><entry>5805051.3</entry><entry>127</entry><entry>3401319.0</entry><entry align="center">5799309.6</entry></row><row><entry>28</entry><entry>3399897.9</entry><entry>5804596.1</entry><entry>78</entry><entry>3401713.4</entry><entry>5804977.1</entry><entry>128</entry><entry>3401304.0</entry><entry align="center">5799152.0</entry></row><row><entry>29</entry><entry>3399907.4</entry><entry>5804736.3</entry><entry>79</entry><entry>3401714.0</entry><entry>5804827.8</entry><entry>129</entry><entry>3401293.7</entry><entry align="center">5798993.7</entry></row><row><entry>30</entry><entry>3399918.2</entry><entry>5804871.0</entry><entry>80</entry><entry>3401714.4</entry><entry>5804678.3</entry><entry>130</entry><entry>3401286.3</entry><entry align="center">5798834.8</entry></row><row><entry align="center" nameend="col9" namest="col1"> </entry></row><row><entry>31</entry><entry>3399924.3</entry><entry>5804943.6</entry><entry>81</entry><entry>3401715.9</entry><entry>5804540.6</entry><entry>131</entry><entry>3401277.7</entry><entry align="center">5798676.1</entry></row><row><entry>32</entry><entry>3399930.5</entry><entry>5805016.2</entry><entry>82</entry><entry>3401718.8</entry><entry>5804403.0</entry><entry>132</entry><entry>3401263.1</entry><entry align="center">5798518.3</entry></row><row><entry>33</entry><entry>3399933.4</entry><entry>5805051.8</entry><entry>83</entry><entry>3401724.5</entry><entry>5804265.5</entry><entry>133</entry><entry>3401235.4</entry><entry align="center">5798362.3</entry></row><row><entry>34</entry><entry>3399936.4</entry><entry>5805087.5</entry><entry>84</entry><entry>3401733.7</entry><entry>5804128.2</entry><entry>134</entry><entry>3401194.5</entry><entry align="center">5798208.5</entry></row><row><entry>35</entry><entry>3399941.8</entry><entry>5805122.5</entry><entry>85</entry><entry>3401747.0</entry><entry>5803991.1</entry><entry>135</entry><entry>3401172.9</entry><entry align="center">5798131.7</entry></row><row><entry>36</entry><entry>3399960.4</entry><entry>5805154.8</entry><entry>86</entry><entry>3401761.0</entry><entry>5803854.1</entry><entry>136</entry><entry>3401151.7</entry><entry align="center">5798054.9</entry></row><row><entry>37</entry><entry>3399980.3</entry><entry>5805189.6</entry><entry>87</entry><entry>3401765.3</entry><entry>5803716.4</entry><entry>137</entry><entry>3401140.4</entry><entry align="center">5798012.8</entry></row><row><entry>38</entry><entry>3400000.1</entry><entry>5805224.6</entry><entry>88</entry><entry>3401770.7</entry><entry>5803578.9</entry><entry>138</entry><entry>3401129.2</entry><entry align="center">5797970.6</entry></row><row><entry>39</entry><entry>3400039.3</entry><entry>5805294.6</entry><entry>89</entry><entry>3401781.9</entry><entry>5803441.8</entry><entry>139</entry><entry>3401118.2</entry><entry align="center">5797928.4</entry></row><row><entry>40</entry><entry>3400109.4</entry><entry>5805405.1</entry><entry>90</entry><entry>3401797.5</entry><entry>5803304.9</entry><entry>140</entry><entry>3401112.8</entry><entry align="center">5797907.3</entry></row><row><entry align="center" nameend="col9" namest="col1"> </entry></row><row><entry>41</entry><entry>3400164.8</entry><entry>5805491.2</entry><entry>91</entry><entry>3401812.7</entry><entry>5803167.9</entry><entry>141</entry><entry>3401107.3</entry><entry align="center">5797886.1</entry></row><row><entry>42</entry><entry>3400219.4</entry><entry>5805577.6</entry><entry>92</entry><entry>3401822.5</entry><entry>5803030.7</entry><entry>142</entry><entry>3401102.6</entry><entry align="center">5797867.7</entry></row><row><entry>43</entry><entry>3400301.3</entry><entry>5805694.6</entry><entry>93</entry><entry>3401823.9</entry><entry>5802892.9</entry><entry>143</entry><entry>3401093.0</entry><entry align="center">5797851.4</entry></row><row><entry>44</entry><entry>3400351.8</entry><entry>5805756.2</entry><entry>94</entry><entry>3401814.4</entry><entry>5802754.7</entry><entry>144</entry><entry>3401079.6</entry><entry align="center">5797839.5</entry></row><row><entry>45</entry><entry>3400407.6</entry><entry>5805813.0</entry><entry>95</entry><entry>3401803.1</entry><entry>5802675.2</entry><entry>145</entry><entry>3401066.3</entry><entry align="center">5797827.4</entry></row><row><entry>46</entry><entry>3400439.6</entry><entry>5805840.3</entry><entry>96</entry><entry>3401793.0</entry><entry>5802636.4</entry><entry>146</entry><entry>3401039.8</entry><entry align="center">5797803.3</entry></row><row><entry>47</entry><entry>3400473.8</entry><entry>5805865.1</entry><entry>97</entry><entry>3401780.9</entry><entry>5802598.1</entry><entry>147</entry><entry>3401013.5</entry><entry align="center">5797779.0</entry></row><row><entry>48</entry><entry>3400510.0</entry><entry>5805886.7</entry><entry>98</entry><entry>3401757.1</entry><entry>5802521.7</entry><entry>148</entry><entry>3400953.6</entry><entry align="center">5797739.4</entry></row><row><entry>49</entry><entry>3400548.2</entry><entry>5805904.6</entry><entry>99</entry><entry>3401734.0</entry><entry>5802445.1</entry><entry>149</entry><entry>3400853.6</entry><entry align="center">5797684.4</entry></row><row><entry>50</entry><entry>3400603.7</entry><entry>5805922.0</entry><entry>100</entry><entry>3401688.8</entry><entry>5802291.7</entry><entry>150</entry><entry>3400783.6</entry><entry align="center">5797639.3</entry></row><row><entry align="center" nameend="col9" namest="col1"> </entry></row><row><entry>151</entry><entry>3400724.6</entry><entry>5797579.2</entry><entry>181</entry><entry>3399820.9</entry><entry>5797197.8</entry><entry>211</entry><entry>3399520.8</entry><entry align="center">5800227.8</entry></row><row><entry>152</entry><entry>3400678.1</entry><entry>5797514.2</entry><entry>182</entry><entry>3399777.9</entry><entry>5797254.5</entry><entry>212</entry><entry>3399542.1</entry><entry align="center">5800373.6</entry></row><row><entry>153</entry><entry>3400633.8</entry><entry>5797447.6</entry><entry>183</entry><entry>3399737.3</entry><entry>5797312.9</entry><entry>213</entry><entry>3399574.1</entry><entry align="center">5800517.1</entry></row><row><entry>154</entry><entry>3400590.7</entry><entry>5797379.9</entry><entry>184</entry><entry>3399661.0</entry><entry>5797433.2</entry><entry>214</entry><entry>3399614.9</entry><entry align="center">5800658.9</entry></row><row><entry>155</entry><entry>3400547.7</entry><entry>5797312.2</entry><entry>185</entry><entry>3399589.2</entry><entry>5797556.7</entry><entry>215</entry><entry>3399653.2</entry><entry align="center">5800801.2</entry></row><row><entry>156</entry><entry>3400503.2</entry><entry>5797245.8</entry><entry>186</entry><entry>3399521.8</entry><entry>5797683.2</entry><entry>216</entry><entry>3399689.5</entry><entry align="center">5800943.9</entry></row><row><entry>157</entry><entry>3400454.5</entry><entry>5797182.4</entry><entry>187</entry><entry>3399456.8</entry><entry>5797811.5</entry><entry> </entry><entry> </entry><entry align="center"> </entry></row><row><entry>158</entry><entry>3400427.7</entry><entry>5797153.2</entry><entry>188</entry><entry>3399392.3</entry><entry>5797940.0</entry><entry> </entry><entry> </entry><entry align="center"> </entry></row><row><entry>159</entry><entry>3400399.5</entry><entry>5797125.6</entry><entry>189</entry><entry>3399357.1</entry><entry>5797999.8</entry><entry> </entry><entry> </entry><entry align="center"> </entry></row><row><entry>160</entry><entry>3400369.6</entry><entry>5797099.8</entry><entry>190</entry><entry>3399334.7</entry><entry>5798037.8</entry><entry> </entry><entry> </entry><entry align="center"> </entry></row><row><entry align="center" nameend="col9" namest="col1"> </entry></row><row><entry>161</entry><entry>3400337.9</entry><entry>5797076.0</entry><entry>191</entry><entry>3399312.1</entry><entry>5798075.7</entry><entry> </entry><entry> </entry><entry align="center"> </entry></row><row><entry>162</entry><entry>3400304.6</entry><entry>5797054.4</entry><entry>192</entry><entry>3399298.7</entry><entry>5798109.9</entry><entry> </entry><entry> </entry><entry align="center"> </entry></row><row><entry>163</entry><entry>3400270.0</entry><entry>5797035.3</entry><entry>193</entry><entry>3399298.7</entry><entry>5798145.4</entry><entry> </entry><entry> </entry><entry align="center"> </entry></row><row><entry>164</entry><entry>3400234.0</entry><entry>5797019.1</entry><entry>194</entry><entry>3399298.7</entry><entry>5798180.9</entry><entry> </entry><entry> </entry><entry align="center"> </entry></row><row><entry>165</entry><entry>3400196.4</entry><entry>5797006.2</entry><entry>195</entry><entry>3399298.6</entry><entry>5798216.3</entry><entry> </entry><entry> </entry><entry align="center"> </entry></row><row><entry>166</entry><entry>3400171.0</entry><entry>5797000.0</entry><entry>196</entry><entry>3399298.3</entry><entry>5798287.1</entry><entry> </entry><entry> </entry><entry align="center"> </entry></row><row><entry>167</entry><entry>3400145.5</entry><entry>5796995.9</entry><entry>197</entry><entry>3399297.7</entry><entry>5798357.8</entry><entry> </entry><entry> </entry><entry align="center"> </entry></row><row><entry>168</entry><entry>3400120.1</entry><entry>5796994.3</entry><entry>198</entry><entry>3399295.6</entry><entry>5798499.3</entry><entry> </entry><entry> </entry><entry align="center"> </entry></row><row><entry>169</entry><entry>3400094.7</entry><entry>5796995.3</entry><entry>199</entry><entry>3399294.3</entry><entry>5798640.9</entry><entry> </entry><entry> </entry><entry align="center"> </entry></row><row><entry>170</entry><entry>3400069.2</entry><entry>5796999.2</entry><entry>200</entry><entry>3399301.2</entry><entry>5798782.9</entry><entry> </entry><entry> </entry><entry align="center"> </entry></row><row><entry align="center" nameend="col9" namest="col1"> </entry></row><row><entry>171</entry><entry>3400043.8</entry><entry>5797006.2</entry><entry>201</entry><entry>3399320.5</entry><entry>5798925.9</entry><entry> </entry><entry> </entry><entry align="center"> </entry></row><row><entry>172</entry><entry>3400019.6</entry><entry>5797015.9</entry><entry>202</entry><entry>3399348.4</entry><entry>5799069.3</entry><entry> </entry><entry> </entry><entry align="center"> </entry></row><row><entry>173</entry><entry>3399996.8</entry><entry>5797027.7</entry><entry>203</entry><entry>3399379.3</entry><entry>5799212.2</entry><entry> </entry><entry> </entry><entry align="center"> </entry></row><row><entry>174</entry><entry>3399975.2</entry><entry>5797041.3</entry><entry>204</entry><entry>3399409.7</entry><entry>5799355.2</entry><entry> </entry><entry> </entry><entry align="center"> </entry></row><row><entry>175</entry><entry>3399954.7</entry><entry>5797056.5</entry><entry>205</entry><entry>3399436.8</entry><entry>5799498.8</entry><entry> </entry><entry> </entry><entry align="center"> </entry></row><row><entry>176</entry><entry>3399935.0</entry><entry>5797073.0</entry><entry>206</entry><entry>3399459.7</entry><entry>5799643.1</entry><entry> </entry><entry> </entry><entry align="center"> </entry></row><row><entry>177</entry><entry>3399916.0</entry><entry>5797090.6</entry><entry>207</entry><entry>3399478.1</entry><entry>5799788.1</entry><entry> </entry><entry> </entry><entry align="center"> </entry></row><row><entry>178</entry><entry>3399890.8</entry><entry>5797116.1</entry><entry>208</entry><entry>3399492.6</entry><entry>5799933.8</entry><entry> </entry><entry> </entry><entry align="center"> </entry></row><row><entry>179</entry><entry>3399866.7</entry><entry>5797142.6</entry><entry>209</entry><entry>3399499.6</entry><entry>5800013.8</entry><entry> </entry><entry> </entry><entry align="center"> </entry></row><row><entry>180</entry><entry>3399843.4</entry><entry>5797169.8</entry><entry>210</entry><entry>3399506.8</entry><entry>5800093.8</entry><entry align="left"/><entry> </entry><entry align="center"> </entry></row><row><entry align="center" nameend="col9" namest="col1"> </entry></row><row><entry align="left" nameend="col9" namest="col1">Kurvenpunkte der Schutzzone 2 (Militärischer Flugplatz Hopsten)</entry></row><row><entry>Nr.</entry><entry>Y</entry><entry>X</entry><entry>Nr.</entry><entry>Y</entry><entry>X</entry><entry>Nr.</entry><entry>Y</entry><entry align="center">X</entry></row></tbody></tgroup></table></P><P><table frame="none"><tgroup align="center" cols="9" colsep="0" rowsep="0"><colspec colname="col1" colnum="1" colwidth="50.000000pt"/><colspec colname="col2" colnum="2" colwidth="100.000000pt"/><colspec colname="col3" colnum="3" colwidth="100.000000pt"/><colspec colname="col4" colnum="4" colwidth="50.000000pt"/><colspec colname="col5" colnum="5" colwidth="100.000000pt"/><colspec colname="col6" colnum="6" colwidth="100.000000pt"/><colspec colname="col7" colnum="7" colwidth="50.000000pt"/><colspec colname="col8" colnum="8" colwidth="100.000000pt"/><colspec colname="col9" colnum="9" colwidth="100.000000pt"/><tbody><row><entry align="left" nameend="col9" namest="col1"/></row><row><entry>1</entry><entry>3403030.1</entry><entry>5801775.8</entry><entry>51</entry><entry>3401791.2</entry><entry>5796313.9</entry><entry>101</entry><entry>3399308.9</entry><entry>5794453.9</entry></row><row><entry>2</entry><entry>3403005.2</entry><entry>5801632.7</entry><entry>52</entry><entry>3401693.1</entry><entry>5796203.8</entry><entry>102</entry><entry>3399243.3</entry><entry>5794598.7</entry></row><row><entry>3</entry><entry>3402978.7</entry><entry>5801489.8</entry><entry>53</entry><entry>3401595.6</entry><entry>5796093.2</entry><entry>103</entry><entry>3399216.6</entry><entry>5794674.7</entry></row><row><entry>4</entry><entry>3402964.8</entry><entry>5801418.5</entry><entry>54</entry><entry>3401505.2</entry><entry>5795977.6</entry><entry>104</entry><entry>3399194.0</entry><entry>5794751.9</entry></row><row><entry>5</entry><entry>3402950.7</entry><entry>5801347.2</entry><entry>55</entry><entry>3401465.0</entry><entry>5795917.8</entry><entry>105</entry><entry>3399156.0</entry><entry>5794898.7</entry></row><row><entry>6</entry><entry>3402943.2</entry><entry>5801295.2</entry><entry>56</entry><entry>3401427.8</entry><entry>5795856.1</entry><entry>106</entry><entry>3399123.9</entry><entry>5795046.5</entry></row><row><entry>7</entry><entry>3402936.2</entry><entry>5801254.8</entry><entry>57</entry><entry>3401394.5</entry><entry>5795793.1</entry><entry>107</entry><entry>3399084.6</entry><entry>5795193.0</entry></row><row><entry>8</entry><entry>3402928.4</entry><entry>5801203.6</entry><entry>58</entry><entry>3401364.3</entry><entry>5795728.6</entry><entry>108</entry><entry>3399064.6</entry><entry>5795266.1</entry></row><row><entry>9</entry><entry>3402920.7</entry><entry>5801131.4</entry><entry>59</entry><entry>3401337.6</entry><entry>5795662.8</entry><entry>109</entry><entry>3399051.5</entry><entry>5795340.8</entry></row><row><entry>10</entry><entry>3402912.8</entry><entry>5801059.0</entry><entry>60</entry><entry>3401313.7</entry><entry>5795595.9</entry><entry>110</entry><entry>3399046.4</entry><entry>5795416.7</entry></row><row><entry nameend="col9" namest="col1"> </entry></row><row><entry>11</entry><entry>3402896.1</entry><entry>5800914.6</entry><entry>61</entry><entry>3401294.3</entry><entry>5795534.3</entry><entry>111</entry><entry>3399041.2</entry><entry>5795492.6</entry></row><row><entry>12</entry><entry>3402878.5</entry><entry>5800770.4</entry><entry>62</entry><entry>3401251.1</entry><entry>5795426.7</entry><entry>112</entry><entry>3399031.3</entry><entry>5795644.5</entry></row><row><entry>13</entry><entry>3402861.0</entry><entry>5800624.9</entry><entry>63</entry><entry>3401215.7</entry><entry>5795344.1</entry><entry>113</entry><entry>3399021.5</entry><entry>5795795.7</entry></row><row><entry>14</entry><entry>3402844.4</entry><entry>5800479.3</entry><entry>64</entry><entry>3401173.7</entry><entry>5795264.1</entry><entry>114</entry><entry>3399009.4</entry><entry>5795946.7</entry></row><row><entry>15</entry><entry>3402829.2</entry><entry>5800333.6</entry><entry>65</entry><entry>3401151.1</entry><entry>5795202.1</entry><entry>115</entry><entry>3398994.5</entry><entry>5796097.4</entry></row><row><entry>16</entry><entry>3402816.0</entry><entry>5800187.5</entry><entry>66</entry><entry>3401133.3</entry><entry>5795121.2</entry><entry>116</entry><entry>3398977.1</entry><entry>5796247.9</entry></row><row><entry>17</entry><entry>3402803.8</entry><entry>5800041.4</entry><entry>67</entry><entry>3401119.9</entry><entry>5795061.2</entry><entry>117</entry><entry>3398956.9</entry><entry>5796398.0</entry></row><row><entry>18</entry><entry>3402784.4</entry><entry>5799896.2</entry><entry>68</entry><entry>3401094.4</entry><entry>5794986.2</entry><entry>118</entry><entry>3398931.8</entry><entry>5796547.6</entry></row><row><entry>19</entry><entry>3402763.4</entry><entry>5799751.1</entry><entry>69</entry><entry>3401064.4</entry><entry>5794913.1</entry><entry>119</entry><entry>3398902.5</entry><entry>5796700.1</entry></row><row><entry>20</entry><entry>3402741.1</entry><entry>5799608.2</entry><entry>70</entry><entry>3401032.0</entry><entry>5794833.5</entry><entry>120</entry><entry>3398870.2</entry><entry>5796851.6</entry></row><row><entry nameend="col9" namest="col1"> </entry></row><row><entry>21</entry><entry>3402717.6</entry><entry>5799465.6</entry><entry>71</entry><entry>3400999.8</entry><entry>5794753.9</entry><entry>121</entry><entry>3398853.1</entry><entry>5796926.9</entry></row><row><entry>22</entry><entry>3402693.0</entry><entry>5799323.1</entry><entry>72</entry><entry>3400953.6</entry><entry>5794669.0</entry><entry>122</entry><entry>3398835.5</entry><entry>5797002.2</entry></row><row><entry>23</entry><entry>3402668.4</entry><entry>5799180.6</entry><entry>73</entry><entry>3400888.6</entry><entry>5794579.0</entry><entry>123</entry><entry>3398826.5</entry><entry>5797039.8</entry></row><row><entry>24</entry><entry>3402641.6</entry><entry>5799038.5</entry><entry>74</entry><entry>3400828.6</entry><entry>5794514.0</entry><entry>124</entry><entry>3398817.4</entry><entry>5797077.3</entry></row><row><entry>25</entry><entry>3402615.3</entry><entry>5798896.4</entry><entry>75</entry><entry>3400753.6</entry><entry>5794439.0</entry><entry>125</entry><entry>3398808.3</entry><entry>5797114.7</entry></row><row><entry>26</entry><entry>3402602.3</entry><entry>5798825.3</entry><entry>76</entry><entry>3400653.6</entry><entry>5794344.0</entry><entry>126</entry><entry>3398799.0</entry><entry>5797152.2</entry></row><row><entry>27</entry><entry>3402589.5</entry><entry>5798754.1</entry><entry>77</entry><entry>3400553.6</entry><entry>5794264.0</entry><entry>127</entry><entry>3398777.6</entry><entry>5797185.6</entry></row><row><entry>28</entry><entry>3402578.5</entry><entry>5798691.8</entry><entry>78</entry><entry>3400453.6</entry><entry>5794183.9</entry><entry>128</entry><entry>3398755.2</entry><entry>5797218.3</entry></row><row><entry>29</entry><entry>3402564.3</entry><entry>5798608.9</entry><entry>79</entry><entry>3400353.6</entry><entry>5794113.9</entry><entry>129</entry><entry>3398710.5</entry><entry>5797283.7</entry></row><row><entry>30</entry><entry>3402540.2</entry><entry>5798463.5</entry><entry>80</entry><entry>3400253.6</entry><entry>5794048.9</entry><entry>130</entry><entry>3398623.6</entry><entry>5797415.8</entry></row><row><entry nameend="col9" namest="col1"> </entry></row><row><entry>31</entry><entry>3402517.2</entry><entry>5798318.0</entry><entry>81</entry><entry>3400153.6</entry><entry>5793988.9</entry><entry>131</entry><entry>3398550.6</entry><entry>5797552.8</entry></row><row><entry>32</entry><entry>3402495.4</entry><entry>5798172.4</entry><entry>82</entry><entry>3400053.6</entry><entry>5793943.9</entry><entry>132</entry><entry>3398521.4</entry><entry>5797623.5</entry></row><row><entry>33</entry><entry>3402481.6</entry><entry>5798026.0</entry><entry>83</entry><entry>3399953.5</entry><entry>5793903.9</entry><entry>133</entry><entry>3398496.6</entry><entry>5797695.9</entry></row><row><entry>34</entry><entry>3402481.6</entry><entry>5797878.3</entry><entry>84</entry><entry>3399853.5</entry><entry>5793883.9</entry><entry>134</entry><entry>3398454.6</entry><entry>5797842.8</entry></row><row><entry>35</entry><entry>3402483.6</entry><entry>5797804.1</entry><entry>85</entry><entry>3399777.1</entry><entry>5793873.5</entry><entry>135</entry><entry>3398414.1</entry><entry>5797990.1</entry></row><row><entry>36</entry><entry>3402487.1</entry><entry>5797730.0</entry><entry>86</entry><entry>3399737.4</entry><entry>5793867.5</entry><entry>136</entry><entry>3398394.2</entry><entry>5798062.2</entry></row><row><entry>37</entry><entry>3402489.4</entry><entry>5797693.2</entry><entry>87</entry><entry>3399699.9</entry><entry>5793871.3</entry><entry>137</entry><entry>3398367.0</entry><entry>5798131.8</entry></row><row><entry>38</entry><entry>3402486.4</entry><entry>5797656.5</entry><entry>88</entry><entry>3399681.7</entry><entry>5793876.6</entry><entry>138</entry><entry>3398353.9</entry><entry>5798170.2</entry></row><row><entry>39</entry><entry>3402470.6</entry><entry>5797584.8</entry><entry>89</entry><entry>3399664.2</entry><entry>5793884.1</entry><entry>139</entry><entry>3398340.6</entry><entry>5798208.6</entry></row><row><entry>40</entry><entry>3402443.8</entry><entry>5797489.3</entry><entry>90</entry><entry>3399646.8</entry><entry>5793893.8</entry><entry>140</entry><entry>3398339.0</entry><entry>5798248.4</entry></row><row><entry nameend="col9" namest="col1"> </entry></row><row><entry>41</entry><entry>3402403.8</entry><entry>5797379.3</entry><entry>91</entry><entry>3399630.4</entry><entry>5793905.1</entry><entry>141</entry><entry>3398347.8</entry><entry>5798289.4</entry></row><row><entry>42</entry><entry>3402353.8</entry><entry>5797279.3</entry><entry>92</entry><entry>3399614.5</entry><entry>5793918.3</entry><entry>142</entry><entry>3398356.0</entry><entry>5798328.5</entry></row><row><entry>43</entry><entry>3402298.8</entry><entry>5797179.3</entry><entry>93</entry><entry>3399599.5</entry><entry>5793932.3</entry><entry>143</entry><entry>3398364.1</entry><entry>5798367.6</entry></row><row><entry>44</entry><entry>3402243.8</entry><entry>5797079.3</entry><entry>94</entry><entry>3399585.8</entry><entry>5793947.3</entry><entry>144</entry><entry>3398372.1</entry><entry>5798406.7</entry></row><row><entry>45</entry><entry>3402213.8</entry><entry>5797009.3</entry><entry>95</entry><entry>3399572.6</entry><entry>5793962.8</entry><entry>145</entry><entry>3398379.9</entry><entry>5798445.8</entry></row><row><entry>46</entry><entry>3402174.2</entry><entry>5796937.0</entry><entry>96</entry><entry>3399548.5</entry><entry>5793995.6</entry><entry>146</entry><entry>3398395.0</entry><entry>5798524.2</entry></row><row><entry>47</entry><entry>3402108.7</entry><entry>5796794.3</entry><entry>97</entry><entry>3399526.5</entry><entry>5794030.2</entry><entry>147</entry><entry>3398409.7</entry><entry>5798602.6</entry></row><row><entry>48</entry><entry>3402042.1</entry><entry>5796657.6</entry><entry>98</entry><entry>3399488.4</entry><entry>5794099.8</entry><entry>148</entry><entry>3398436.7</entry><entry>5798759.9</entry></row><row><entry>49</entry><entry>3401969.9</entry><entry>5796546.6</entry><entry>99</entry><entry>3399454.6</entry><entry>5794171.7</entry><entry>149</entry><entry>3398460.5</entry><entry>5798917.7</entry></row><row><entry>50</entry><entry>3401884.1</entry><entry>5796427.7</entry><entry>100</entry><entry>3399379.2</entry><entry>5794311.5</entry><entry>150</entry><entry>3398481.5</entry><entry>5799075.8</entry></row><row><entry nameend="col9" namest="col1"> </entry></row><row><entry>151</entry><entry>3398499.2</entry><entry>5799234.6</entry><entry>201</entry><entry>3399043.3</entry><entry>5805043.4</entry><entry>251</entry><entry>3400047.0</entry><entry>5809201.1</entry></row><row><entry>152</entry><entry>3398513.9</entry><entry>5799390.1</entry><entry>202</entry><entry>3399056.5</entry><entry>5805080.6</entry><entry>252</entry><entry>3400076.8</entry><entry>5809237.8</entry></row><row><entry>153</entry><entry>3398526.9</entry><entry>5799545.8</entry><entry>203</entry><entry>3399069.4</entry><entry>5805117.8</entry><entry>253</entry><entry>3400113.7</entry><entry>5809267.4</entry></row><row><entry>154</entry><entry>3398538.9</entry><entry>5799701.5</entry><entry>204</entry><entry>3399094.0</entry><entry>5805191.6</entry><entry>254</entry><entry>3400153.3</entry><entry>5809293.0</entry></row><row><entry>155</entry><entry>3398550.8</entry><entry>5799857.3</entry><entry>205</entry><entry>3399117.4</entry><entry>5805265.8</entry><entry>255</entry><entry>3400195.6</entry><entry>5809313.8</entry></row><row><entry>156</entry><entry>3398564.7</entry><entry>5800012.9</entry><entry>206</entry><entry>3399139.8</entry><entry>5805340.3</entry><entry>256</entry><entry>3400238.6</entry><entry>5809327.9</entry></row><row><entry>157</entry><entry>3398581.7</entry><entry>5800168.2</entry><entry>207</entry><entry>3399161.6</entry><entry>5805415.0</entry><entry>257</entry><entry>3400283.4</entry><entry>5809335.2</entry></row><row><entry>158</entry><entry>3398603.0</entry><entry>5800322.5</entry><entry>208</entry><entry>3399181.6</entry><entry>5805471.1</entry><entry>258</entry><entry>3400328.7</entry><entry>5809335.2</entry></row><row><entry>159</entry><entry>3398629.6</entry><entry>5800475.7</entry><entry>209</entry><entry>3399204.9</entry><entry>5805525.8</entry><entry>259</entry><entry>3400373.5</entry><entry>5809328.4</entry></row><row><entry>160</entry><entry>3398663.5</entry><entry>5800627.1</entry><entry>210</entry><entry>3399224.8</entry><entry>5805558.9</entry><entry>260</entry><entry>3400446.0</entry><entry>5809304.2</entry></row><row><entry nameend="col9" namest="col1"> </entry></row><row><entry>161</entry><entry>3398711.8</entry><entry>5800774.9</entry><entry>211</entry><entry>3399258.2</entry><entry>5805630.8</entry><entry>261</entry><entry>3400513.6</entry><entry>5809268.4</entry></row><row><entry>162</entry><entry>3398757.1</entry><entry>5800923.5</entry><entry>212</entry><entry>3399296.5</entry><entry>5805700.3</entry><entry>262</entry><entry>3400577.5</entry><entry>5809225.2</entry></row><row><entry>163</entry><entry>3398799.9</entry><entry>5801072.7</entry><entry>213</entry><entry>3399317.7</entry><entry>5805734.8</entry><entry>263</entry><entry>3400638.0</entry><entry>5809177.5</entry></row><row><entry>164</entry><entry>3398840.4</entry><entry>5801222.5</entry><entry>214</entry><entry>3399339.9</entry><entry>5805768.6</entry><entry>264</entry><entry>3400755.9</entry><entry>5809073.5</entry></row><row><entry>165</entry><entry>3398878.7</entry><entry>5801372.7</entry><entry>215</entry><entry>3399386.7</entry><entry>5805834.6</entry><entry>265</entry><entry>3400874.0</entry><entry>5808969.9</entry></row><row><entry>166</entry><entry>3398897.1</entry><entry>5801448.0</entry><entry>216</entry><entry>3399435.9</entry><entry>5805900.0</entry><entry>266</entry><entry>3400941.6</entry><entry>5808918.1</entry></row><row><entry>167</entry><entry>3398915.0</entry><entry>5801523.3</entry><entry>217</entry><entry>3399485.1</entry><entry>5805965.4</entry><entry>267</entry><entry>3400976.9</entry><entry>5808893.7</entry></row><row><entry>168</entry><entry>3398927.3</entry><entry>5801571.9</entry><entry>218</entry><entry>3399533.6</entry><entry>5806030.4</entry><entry>268</entry><entry>3401006.5</entry><entry>5808862.8</entry></row><row><entry>169</entry><entry>3398952.7</entry><entry>5801673.7</entry><entry>219</entry><entry>3399557.9</entry><entry>5806063.1</entry><entry>269</entry><entry>3401037.5</entry><entry>5808837.8</entry></row><row><entry>170</entry><entry>3398965.9</entry><entry>5801727.9</entry><entry>220</entry><entry>3399577.5</entry><entry>5806098.8</entry><entry>270</entry><entry>3401072.6</entry><entry>5808819.0</entry></row><row><entry nameend="col9" namest="col1"> </entry></row><row><entry>171</entry><entry>3398974.0</entry><entry>5801783.0</entry><entry>221</entry><entry>3399586.6</entry><entry>5806138.2</entry><entry>271</entry><entry>3401092.3</entry><entry>5808813.6</entry></row><row><entry>172</entry><entry>3398979.4</entry><entry>5801823.7</entry><entry>222</entry><entry>3399595.6</entry><entry>5806177.7</entry><entry>272</entry><entry>3401112.0</entry><entry>5808811.1</entry></row><row><entry>173</entry><entry>3398986.6</entry><entry>5801903.0</entry><entry>223</entry><entry>3399604.4</entry><entry>5806217.2</entry><entry>273</entry><entry>3401131.9</entry><entry>5808811.8</entry></row><row><entry>174</entry><entry>3398987.6</entry><entry>5801982.6</entry><entry>224</entry><entry>3399613.1</entry><entry>5806256.7</entry><entry>274</entry><entry>3401151.9</entry><entry>5808815.7</entry></row><row><entry>175</entry><entry>3398989.1</entry><entry>5802140.5</entry><entry>225</entry><entry>3399629.8</entry><entry>5806336.3</entry><entry>275</entry><entry>3401191.9</entry><entry>5808825.0</entry></row><row><entry>176</entry><entry>3398990.2</entry><entry>5802298.2</entry><entry>226</entry><entry>3399645.8</entry><entry>5806416.0</entry><entry>276</entry><entry>3401232.8</entry><entry>5808826.9</entry></row><row><entry>177</entry><entry>3398989.0</entry><entry>5802455.9</entry><entry>227</entry><entry>3399661.1</entry><entry>5806496.2</entry><entry>277</entry><entry>3401313.2</entry><entry>5808841.5</entry></row><row><entry>178</entry><entry>3398985.6</entry><entry>5802613.6</entry><entry>228</entry><entry>3399675.5</entry><entry>5806576.5</entry><entry>278</entry><entry>3401393.7</entry><entry>5808862.0</entry></row><row><entry>179</entry><entry>3398979.6</entry><entry>5802771.2</entry><entry>229</entry><entry>3399700.8</entry><entry>5806729.6</entry><entry>279</entry><entry>3401434.5</entry><entry>5808870.1</entry></row><row><entry>180</entry><entry>3398970.2</entry><entry>5802928.8</entry><entry>230</entry><entry>3399722.8</entry><entry>5806883.1</entry><entry>280</entry><entry>3401475.9</entry><entry>5808873.9</entry></row><row><entry nameend="col9" namest="col1"> </entry></row><row><entry>181</entry><entry>3398964.1</entry><entry>5803008.7</entry><entry>231</entry><entry>3399740.3</entry><entry>5807037.2</entry><entry>281</entry><entry>3401516.0</entry><entry>5808870.2</entry></row><row><entry>182</entry><entry>3398955.6</entry><entry>5803047.9</entry><entry>232</entry><entry>3399756.0</entry><entry>5807191.5</entry><entry>282</entry><entry>3401554.2</entry><entry>5808857.3</entry></row><row><entry>183</entry><entry>3398943.6</entry><entry>5803086.2</entry><entry>233</entry><entry>3399770.2</entry><entry>5807345.9</entry><entry>283</entry><entry>3401588.1</entry><entry>5808835.9</entry></row><row><entry>184</entry><entry>3398944.6</entry><entry>5803125.2</entry><entry>234</entry><entry>3399783.5</entry><entry>5807500.5</entry><entry>284</entry><entry>3401617.4</entry><entry>5808808.4</entry></row><row><entry>185</entry><entry>3398945.9</entry><entry>5803164.2</entry><entry>235</entry><entry>3399796.2</entry><entry>5807655.3</entry><entry>285</entry><entry>3401640.2</entry><entry>5808780.4</entry></row><row><entry>186</entry><entry>3398949.6</entry><entry>5803342.2</entry><entry>236</entry><entry>3399809.0</entry><entry>5807810.0</entry><entry>286</entry><entry>3401660.6</entry><entry>5808750.5</entry></row><row><entry>187</entry><entry>3398960.6</entry><entry>5803398.1</entry><entry>237</entry><entry>3399821.8</entry><entry>5807964.8</entry><entry>287</entry><entry>3401679.1</entry><entry>5808719.6</entry></row><row><entry>188</entry><entry>3398975.1</entry><entry>5803553.7</entry><entry>238</entry><entry>3399834.2</entry><entry>5808119.7</entry><entry>288</entry><entry>3401696.3</entry><entry>5808687.9</entry></row><row><entry>189</entry><entry>3398988.5</entry><entry>5803677.9</entry><entry>239</entry><entry>3399849.4</entry><entry>5808274.3</entry><entry>289</entry><entry>3401711.8</entry><entry>5808657.0</entry></row><row><entry>190</entry><entry>3399002.3</entry><entry>5803802.2</entry><entry>240</entry><entry>3399868.1</entry><entry>5808428.6</entry><entry>290</entry><entry>3401723.4</entry><entry>5808624.4</entry></row><row><entry nameend="col9" namest="col1"> </entry></row><row><entry>191</entry><entry>3399009.1</entry><entry>5803865.0</entry><entry>241</entry><entry>3399879.2</entry><entry>5808508.2</entry><entry>291</entry><entry>3401728.6</entry><entry>5808590.3</entry></row><row><entry>192</entry><entry>3399024.9</entry><entry>5804020.6</entry><entry>242</entry><entry>3399891.5</entry><entry>5808587.6</entry><entry>292</entry><entry>3401733.8</entry><entry>5808556.2</entry></row><row><entry>193</entry><entry>3399037.7</entry><entry>5804176.3</entry><entry>243</entry><entry>3399919.5</entry><entry>5808745.0</entry><entry>293</entry><entry>3401743.8</entry><entry>5808488.0</entry></row><row><entry>194</entry><entry>3399047.2</entry><entry>5804332.2</entry><entry>244</entry><entry>3399935.5</entry><entry>5808822.2</entry><entry>294</entry><entry>3401753.6</entry><entry>5808419.7</entry></row><row><entry>195</entry><entry>3399052.1</entry><entry>5804488.2</entry><entry>245</entry><entry>3399953.4</entry><entry>5808900.2</entry><entry>295</entry><entry>3401773.8</entry><entry>5808283.4</entry></row><row><entry>196</entry><entry>3399052.5</entry><entry>5804644.6</entry><entry>246</entry><entry>3399972.9</entry><entry>5808976.7</entry><entry>296</entry><entry>3401795.6</entry><entry>5808147.4</entry></row><row><entry>197</entry><entry>3399048.8</entry><entry>5804801.0</entry><entry>247</entry><entry>3399994.8</entry><entry>5809052.6</entry><entry>297</entry><entry>3401819.9</entry><entry>5808012.4</entry></row><row><entry>198</entry><entry>3399045.1</entry><entry>5804882.8</entry><entry>248</entry><entry>3400006.6</entry><entry>5809090.1</entry><entry>298</entry><entry>3401848.2</entry><entry>5807878.4</entry></row><row><entry>199</entry><entry>3399040.3</entry><entry>5804964.6</entry><entry>249</entry><entry>3400019.2</entry><entry>5809127.4</entry><entry>299</entry><entry>3401881.6</entry><entry>5807745.7</entry></row><row><entry>200</entry><entry>3399037.7</entry><entry>5805004.1</entry><entry>250</entry><entry>3400032.6</entry><entry>5809164.4</entry><entry>300</entry><entry>3401919.0</entry><entry>5807613.9</entry></row><row><entry nameend="col9" namest="col1"> </entry></row><row><entry>301</entry><entry>3401959.0</entry><entry>5807482.8</entry><entry>321</entry><entry>3403229.0</entry><entry>5805716.5</entry><entry>341</entry><entry>3403216.3</entry><entry>5804065.1</entry></row><row><entry>302</entry><entry>3401985.5</entry><entry>5807400.4</entry><entry>322</entry><entry>3403242.9</entry><entry>5805683.1</entry><entry>342</entry><entry>3403215.4</entry><entry>5803922.5</entry></row><row><entry>303</entry><entry>3402016.5</entry><entry>5807319.6</entry><entry>323</entry><entry>3403248.1</entry><entry>5805647.3</entry><entry>343</entry><entry>3403215.2</entry><entry>5803779.8</entry></row><row><entry>304</entry><entry>3402055.8</entry><entry>5807206.2</entry><entry>324</entry><entry>3403252.7</entry><entry>5805611.5</entry><entry>344</entry><entry>3403215.0</entry><entry>5803638.4</entry></row><row><entry>305</entry><entry>3402108.7</entry><entry>5807070.2</entry><entry>325</entry><entry>3403273.9</entry><entry>5805540.2</entry><entry>345</entry><entry>3403214.4</entry><entry>5803496.9</entry></row><row><entry>306</entry><entry>3402170.7</entry><entry>5806939.2</entry><entry>326</entry><entry>3403283.9</entry><entry>5805480.2</entry><entry>346</entry><entry>3403214.4</entry><entry>5803355.5</entry></row><row><entry>307</entry><entry>3402243.8</entry><entry>5806814.0</entry><entry>327</entry><entry>3403303.9</entry><entry>5805380.2</entry><entry>347</entry><entry>3403211.5</entry><entry>5803214.1</entry></row><row><entry>308</entry><entry>3402285.6</entry><entry>5806753.9</entry><entry>328</entry><entry>3403318.9</entry><entry>5805280.2</entry><entry>348</entry><entry>3403206.5</entry><entry>5803072.8</entry></row><row><entry>309</entry><entry>3402331.1</entry><entry>5806696.4</entry><entry>329</entry><entry>3403323.9</entry><entry>5805180.2</entry><entry>349</entry><entry>3403198.4</entry><entry>5802931.5</entry></row><row><entry>310</entry><entry>3402381.3</entry><entry>5806640.5</entry><entry>330</entry><entry>3403323.9</entry><entry>5805080.2</entry><entry>350</entry><entry>3403188.8</entry><entry>5802790.3</entry></row><row><entry nameend="col9" namest="col1"> </entry></row><row><entry>311</entry><entry>3402434.4</entry><entry>5806587.3</entry><entry>331</entry><entry>3403314.6</entry><entry>5804977.9</entry><entry>351</entry><entry>3403176.2</entry><entry>5802643.8</entry></row><row><entry>312</entry><entry>3402539.9</entry><entry>5806490.1</entry><entry>332</entry><entry>3403304.0</entry><entry>5804916.7</entry><entry>352</entry><entry>3403160.9</entry><entry>5802497.7</entry></row><row><entry>313</entry><entry>3402648.2</entry><entry>5806395.5</entry><entry>333</entry><entry>3403288.4</entry><entry>5804845.8</entry><entry>353</entry><entry>3403132.8</entry><entry>5802353.7</entry></row><row><entry>314</entry><entry>3402760.8</entry><entry>5806304.9</entry><entry>334</entry><entry>3403271.5</entry><entry>5804775.0</entry><entry>354</entry><entry>3403105.1</entry><entry>5802209.5</entry></row><row><entry>315</entry><entry>3402867.4</entry><entry>5806208.8</entry><entry>335</entry><entry>3403243.4</entry><entry>5804634.0</entry><entry>355</entry><entry>3403079.4</entry><entry>5802065.1</entry></row><row><entry>316</entry><entry>3402966.2</entry><entry>5806105.4</entry><entry>336</entry><entry>3403232.3</entry><entry>5804563.4</entry><entry>356</entry><entry>3403054.7</entry><entry>5801920.4</entry></row><row><entry>317</entry><entry>3403056.7</entry><entry>5805994.4</entry><entry>337</entry><entry>3403223.3</entry><entry>5804492.5</entry><entry>357</entry><entry>3403030.1</entry><entry>5801775.8</entry></row><row><entry>318</entry><entry>3403138.9</entry><entry>5805875.5</entry><entry>338</entry><entry>3403221.1</entry><entry>5804421.3</entry><entry> </entry><entry> </entry><entry> </entry></row><row><entry>319</entry><entry>3403177.0</entry><entry>5805812.8</entry><entry>339</entry><entry>3403219.8</entry><entry>5804350.1</entry><entry> </entry><entry> </entry><entry> </entry></row><row><entry>320</entry><entry>3403212.4</entry><entry>5805748.7</entry><entry>340</entry><entry>3403217.7</entry><entry>5804207.6</entry><entry/><entry> </entry><entry> </entry></row></tbody></tgroup></table></P></Content></text><fussnoten/></textdaten></norm>
<norm builddate="20131202132508" doknr="BJNR013250976BJNE000901308"><metadaten><jurabk>FluLärmHopstV</jurabk><enbez>Anlage 2</enbez><titel format="parat">(zu § 4 Abs. 1 der Verordnung über die Festsetzung des
Lärmschutzbereichs für den militärischen Flugplatz Hopsten
in der Fassung der Zweiten Änderungsverordnung vom 12. Juli 1991)</titel></metadaten><textdaten><text format="XML"><Content><P><noindex><kommentar typ="Fundstelle"><BR/>(Fundstelle: BGBl. I 1991, 1522 - 1523)</kommentar></noindex><BR/><BR/><IMG Align="center" Pos="block" SRC="bgbl1_1991_j1522_0010.jpg" alt=""/><BR/><BR/><IMG Align="center" Pos="block" SRC="bgbl1_1991_j1523_0010.jpg" alt=""/></P></Content></text><fussnoten/></textdaten></norm>
</dokumente>