<?xml version="1.0" encoding="UTF-8" ?><!DOCTYPE dokumente SYSTEM "http://www.gesetze-im-internet.de/dtd/1.01/gii-norm.dtd">
<dokumente builddate="20250918215503" doknr="BJNR233300017"><norm builddate="20250918215503" doknr="BJNR233300017"><metadaten><jurabk>KPBV</jurabk><amtabk>KPBV</amtabk><ausfertigung-datum manuell="ja">2017-07-12</ausfertigung-datum><fundstelle typ="amtlich"><periodikum>BGBl I</periodikum><zitstelle>2017, 2333</zitstelle></fundstelle><kurzue>Klinische Prüfung-Bewertungsverfahren-Verordnung</kurzue><langue>Verordnung über das Verfahren zur Zusammenarbeit der Bundesoberbehörden und der Ethik-Kommissionen bei der Bewertung von Anträgen auf Genehmigung von klinischen Prüfungen mit Arzneimitteln<FnR ID="BJNR233300017_01"/></langue><standangabe checked="ja"><standtyp>Stand</standtyp><standkommentar>Zuletzt geändert durch Art. 2 V v. 16.9.2025 I Nr. 215</standkommentar></standangabe><standangabe checked="ja"><standtyp>Sonst</standtyp><standkommentar>Die §§ 5 bis 12 sind gem. Art. 13 Abs. 2 u. 3 G v. 12.7.2017 I 2333 iVm Bek. v. 7.10.2021 I 4648 mWv 31.1.2022 in Kraft getreten.</standkommentar></standangabe></metadaten><textdaten><text format="XML"><Footnotes><Footnote FnZ="*" Group="column" ID="BJNR233300017_01" Pos="normal" Postfix=")"><noindex>Diese Verordnung dient der Durchführung der Verordnung (EU) Nr. 536/2014 des Europäischen Parlaments und des Rates vom 16. April 2014 über klinische Prüfungen mit Humanarzneimitteln und zur Aufhebung der Richtlinie 2001/20/EG (ABl. L 158 vom 27.5.2014, S. 1; L 311 vom 17.11.2016, S. 25).</noindex></Footnote></Footnotes></text><fussnoten><Content><P><BR/> <pre xml:space="preserve">(+++ Textnachweis ab: 15.7.2017 +++)<BR/>(+++ Amtlicher Hinweis des Normgebers auf EG-Recht:<BR/>     Durchführung der<BR/>       EUV 536/2014            (CELEX Nr: 32014R0536) +++)<BR/>(+++ EU-Vollzitate: vgl. Liste EU-Rechtsakte V v. 16.9.2025 I Nr. 215 +++)<BR/><BR/></pre>Die §§ 5 bis 12 treten gem. § 13 Abs. 2 sechs Monate nach der Veröffentlichung der Mitteilung der Europäischen Kommission über die Funktionsfähigkeit des EU-Portals und der Datenbank nach Artkel 82 der Verordnung (EU) Nr. 536/2014 im  Amtsblatt der Europäischen Union in Kraft (zum Inkrafttreten vgl. Standangabe). <BR/>Überschrift: IdF d. Art. 7 Nr. 1 G v. 23.10.2024 I Nr. 324 mWv 30.10.2024 u. d. Art. 2 Nr. 1 V v. 16.9.2025 I Nr. 215 mWv 19.9.2025</P></Content></fussnoten></textdaten></norm>
<norm builddate="20250918215503" doknr="BJNR233300017BJNE000100000"><metadaten><jurabk>KPBV</jurabk><enbez>Eingangsformel</enbez></metadaten><textdaten><text format="XML"><Content><P>Auf Grund des § 41b Absatz 1 des Arzneimittelgesetzes, der durch Artikel 1 Nummer 8 des Gesetzes vom 20. Dezember 2016 (BGBl. I S. 3048) eingefügt worden ist, verordnet das Bundesministerium für Gesundheit:</P></Content></text></textdaten></norm>
<norm builddate="20250918215503" doknr="BJNR233300017BJNG000100000"><metadaten><jurabk>KPBV</jurabk><gliederungseinheit><gliederungskennzahl>010</gliederungskennzahl><gliederungsbez>Abschnitt 1</gliederungsbez><gliederungstitel>Allgemeine Vorschriften</gliederungstitel></gliederungseinheit></metadaten><textdaten/></norm>
<norm builddate="20250918215503" doknr="BJNR233300017BJNE000202130"><metadaten><jurabk>KPBV</jurabk><enbez>§ 1</enbez><titel format="XML">Anwendungsbereich</titel></metadaten><textdaten><text format="XML"><Content><P>(1) Diese Verordnung regelt <DL Font="normal" Type="arabic"><DT>1.</DT><DD Font="normal"><LA Size="normal">das Verfahren bei der Bearbeitung von Anträgen auf die Genehmigung von klinischen Prüfungen im Sinne des Artikels 2 Absatz 2 Nummer 2 der Verordnung (EU) Nr. 536/2014,</LA></DD><DT>2.</DT><DD Font="normal"><LA Size="normal">die Zusammenarbeit zwischen der zuständigen Bundesoberbehörde und der nach den Geschäftsverteilungsplänen gemäß § 41b Absatz 2 des Arzneimittelgesetzes oder nach § 41c Absatz 3 des Arzneimittelgesetzes zuständigen Ethik-Kommission (zuständige Ethik-Kommission),</LA></DD><DT>3.</DT><DD Font="normal"><LA Size="normal">die Registrierung von öffentlich-rechtlichen Ethik-Kommissionen der Länder für das Bewertungsverfahren und</LA></DD><DT>4.</DT><DD Font="normal"><LA Size="normal">die Festlegung der Gebühren- und Rahmensätze für die Stellungnahmen und Bewertungsberichte der zuständigen Ethik-Kommission.</LA></DD></DL></P><P>(2) Die zuständige Bundesoberbehörde und die zuständige Ethik-Kommission arbeiten bei der Wahrnehmung der Aufgaben nach der Verordnung (EU) Nr. 536/2014 zusammen. Sie wirken gemeinsam auf ein effektives Verwaltungsverfahren hin. Insbesondere stellt die zuständige Bundesoberbehörde sicher, dass die zuständige Ethik-Kommission mit dem Eingang eines Antrags im EU-Portal nach Artikel 80 der Verordnung (EU) Nr. 536/2014, bei dem die Bundesrepublik Deutschland berichterstattender oder betroffener Mitgliedstaat der Europäischen Union ist, unverzüglich, spätestens jedoch am folgenden Werktag, nach Maßgabe der Geschäftsverteilungspläne gemäß § 41b Absatz 2 des Arzneimittelgesetzes oder nach § 41c Absatz 3 des Arzneimittelgesetzes festgestellt und zeitgleich hierüber sowie über den Antragseingang unterrichtet wird sowie zugleich Zugriff auf die für die Wahrnehmung ihrer Aufgaben notwendigen Angaben und Unterlagen erhält. Satz 3 gilt für den Eingang von ergänzenden Antragsunterlagen oder antragsbezogenen Informationen des Sponsors, den Eingang einer Entscheidung, eines Bewertungsberichts oder einer sonstigen antragsbezogenen Mitteilung des berichterstattenden Mitgliedstaats der Europäischen Union im EU-Portal nach Artikel 80 der Verordnung (EU) Nr. 536/2014 entsprechend.</P></Content></text><fussnoten><Content><P>(+++ EU-Vollzitate: vgl. Liste EU-Rechtsakte V v. 16.9.2025 I Nr. 215 +++)</P></Content></fussnoten></textdaten></norm>
<norm builddate="20250918215503" doknr="BJNR233300017BJNG000200000"><metadaten><jurabk>KPBV</jurabk><gliederungseinheit><gliederungskennzahl>020</gliederungskennzahl><gliederungsbez>Abschnitt 2</gliederungsbez><gliederungstitel>Registrierungsverfahren</gliederungstitel></gliederungseinheit></metadaten><textdaten/></norm>
<norm builddate="20250918215503" doknr="BJNR233300017BJNE000301130"><metadaten><jurabk>KPBV</jurabk><enbez>§ 2</enbez><titel format="XML">Registrierungsantrag</titel></metadaten><textdaten><text format="XML"><Content><P>Der Antrag auf Registrierung als Ethik-Kommission zur Teilnahme an dem Verfahren zur Bewertung eines Antrags auf Genehmigung einer klinischen Prüfung ist von den nach Gesetz oder nach der Satzung des Trägers der jeweiligen Ethik-Kommission zur Vertretung der Ethik-Kommission Berechtigten beim Bundesinstitut für Arzneimittel und Medizinprodukte elektronisch zu stellen. Das Bundesinstitut für Arzneimittel und Medizinprodukte wird ermächtigt, im Einvernehmen mit dem Paul-Ehrlich-Institut die Anforderungen an Form und Inhalt des elektronischen Antrags auf Registrierung nach Maßgabe der gesetzlichen Registrierungsvoraussetzungen in einer Bekanntmachung festzulegen. Die Bekanntmachung wird im Bundesanzeiger veröffentlicht. Das Bundesinstitut für Arzneimittel und Medizinprodukte kann einen Nachweis über Regelungen zum Erreichen einer paritätischen Besetzung der Ethik-Kommission mit Frauen und Männern sowie Angaben zur Anzahl der im jeweils vergangenen Kalenderjahr durch die Ethik-Kommission bearbeiteten Anträge auf Genehmigung klinischer Prüfungen, zur Anzahl der Mitarbeiter und Mitarbeiterinnen der Geschäftsstelle der Ethik-Kommission und zu den Geschäftszeiten der Geschäftsstelle der Ethik-Kommission verlangen.</P></Content></text><fussnoten/></textdaten></norm>
<norm builddate="20250918215503" doknr="BJNR233300017BJNE000401130"><metadaten><jurabk>KPBV</jurabk><enbez>§ 3</enbez><titel format="XML">Registrierungsvoraussetzungen</titel></metadaten><textdaten><text format="XML"><Content><P>(1) Die nach § 41a Absatz 3 Nummer 1 des Arzneimittelgesetzes für die Bewertung klinischer Prüfungen erforderliche aktuelle wissenschaftliche Expertise kann sich aus dem Fachwissen sowohl der Mitglieder der Ethik-Kommission als auch der externen Sachverständigen, die hinzugezogen werden können, ergeben. Es muss sichergestellt sein, dass die Mitglieder der Ethik-Kommission und die hinzugezogenen externen Sachverständigen zusammen über die erforderliche Qualifikation für die Bewertung klinischer Prüfungen, die durch entsprechende Fortbildungen zu gewährleisten ist, sowie über die nach § 36 Absatz 1 Satz 2 und 3 des Strahlenschutzgesetzes jeweils erforderliche Fachkompetenz verfügen. Sowohl die Mitglieder der Ethik-Kommission als auch die hinzugezogenen externen Sachverständigen sollen über ausreichende Kenntnisse der englischen Sprache verfügen.</P><P>(2) Der jeweils zu beteiligende Laie darf weder zu den übrigen in § 41a Absatz 3 Nummer 2 des Arzneimittelgesetzes genannten Personen oder zu den hinzugezogenen externen Sachverständigen gehören noch über eine Befugnis zur Heilkunde oder eine pharmazeutische Ausbildung verfügen.</P><P>(3) Mit dem Ziel der gleichberechtigten Teilhabe von Frauen und Männern im Sinne von § 41a Absatz 3 Nummer 3 des Arzneimittelgesetzes ist eine paritätische Besetzung der Ethik-Kommission anzustreben. Bei einer Wahl des Vorsitzes sollen weibliche und männliche Mitglieder zur Wahl stehen.</P><P>(4) Die Geschäftsordnung soll neben den in § 41a Absatz 3 Nummer 4 des Arzneimittelgesetzes genannten Regelungen insbesondere Regelungen zu Tätigkeitsberichten, Sitzungsprotokollen und Aufbewahrungsfristen treffen. Aus der Geschäftsordnung soll hervorgehen, dass die Ethik-Kommission so organisiert ist, dass sie Stellungnahmen und Bewertungsberichte entsprechend den gesetzlichen Anforderungen und im Rahmen der durch das Recht der Europäischen Union vorgegebenen Fristen erstellen und übermitteln kann. Die Geschäftsordnung regelt die Fristen für die Abgabe der jährlichen Erklärung über finanzielle Interessen der Mitglieder der Ethik-Kommission und der hinzugezogenen externen Sachverständigen und die antragsbezogenen Erklärungen zu persönlichen und finanziellen Interessen der Mitglieder der Ethik-Kommission und der hinzugezogenen externen Sachverständigen sowie den Ausschluss befangener Mitglieder von der Beratung und Abstimmung im Zusammenhang mit der Genehmigung von klinischen Prüfungen. In der Geschäftsordnung ist festzulegen, dass die Ethik-Kommission ihre Bewertung nach anerkannten aktuellen wissenschaftlichen Verfahren und Kriterien sowie gemäß maßgeblichen internationalen ethischen Normen und Standards vornimmt.</P><P>(5) Die Geschäftsstelle der Ethik-Kommission nach § 41a Absatz 3 Nummer 5 des Arzneimittelgesetzes muss über ausreichendes Personal verfügen, um die Erreichbarkeit während der üblichen Geschäftszeiten sicherzustellen. Das Personal der Geschäftsstelle soll über ausreichende Kenntnisse der englischen Sprache verfügen.</P><P>(6) Zu der sachlichen Ausstattung nach § 41a Absatz 3 Nummer 6 des Arzneimittelgesetzes gehören insbesondere die erforderliche informationstechnische Ausstattung und die Ausstattung, um Abstimmungsverfahren per Telekommunikation durchzuführen.</P><P>(7) Die Mitglieder der Ethik-Kommission und die hinzugezogenen externen Sachverständigen geben zu jedem von der Ethik-Kommission zu bewertenden Antrag auf Genehmigung einer klinischen Prüfung folgende Erklärungen ab: <DL Font="normal" Type="arabic"><DT>1.</DT><DD Font="normal"><LA Size="normal">die als Anlage 1 beigefügte Erklärung zu persönlichen und finanziellen Interessen nach § 41a Absatz 3 Nummer 7 des Arzneimittelgesetzes sowie</LA></DD><DT>2.</DT><DD Font="normal"><LA Size="normal">die als Anlage 2 beigefügte jährliche Erklärung zu finanziellen Interessen nach Artikel 9 der Verordnung (EU) Nr. 536/2014.</LA></DD></DL>Alle entsprechenden Daten sind in der Geschäftsstelle der Ethik-Kommission vertraulich zu behandeln.</P></Content></text><fussnoten><Content><P>(+++ EU-Vollzitate: vgl. Liste EU-Rechtsakte V v. 16.9.2025 I Nr. 215 +++)</P></Content></fussnoten></textdaten></norm>
<norm builddate="20250918215503" doknr="BJNR233300017BJNG000300000"><metadaten><jurabk>KPBV</jurabk><gliederungseinheit><gliederungskennzahl>030</gliederungskennzahl><gliederungsbez>Abschnitt 3</gliederungsbez><gliederungstitel>Geschäftsverteilungsplan</gliederungstitel></gliederungseinheit></metadaten><textdaten/></norm>
<norm builddate="20250918215503" doknr="BJNR233300017BJNE000502130"><metadaten><jurabk>KPBV</jurabk><enbez>§ 4</enbez><titel format="XML">Geschäftsverteilungsplan</titel></metadaten><textdaten><text format="XML"><Content><P>(1) Der Geschäftsverteilungsplan legt die Reihenfolge fest, in der die registrierten Ethik-Kommissionen für die Bearbeitung eines Antrags auf Genehmigung einer klinischen Prüfung zuständig sind. Der Geschäftsverteilungsplan berücksichtigt bei der Festlegung der Reihenfolge insbesondere die Gesamtzahl der registrierten Ethik-Kommissionen sowie ihre jeweilige jährliche Kapazität. Der Geschäftsverteilungsplan kann darüber hinaus eine Mindestzahl von Anträgen auf Genehmigung einer klinischen Prüfung festlegen, für die jede registrierte Ethik-Kommission zuständig ist. Die festgelegte Reihenfolge der Zuständigkeit darf nur durch eine Änderung des Geschäftsverteilungsplans nach § 41b Absatz 2 Satz 3 oder 4 des Arzneimittelgesetzes geändert werden. Die registrierten Ethik-Kommissionen oder die von den registrierten Ethik-Kommissionen benannte Stelle müssen den Geschäftsverteilungsplan und Änderungen des Geschäftsverteilungsplans an das Bundesinstitut für Arzneimittel und Medizinprodukte übersenden. Das Bundesinstitut für Arzneimittel und Medizinprodukte veröffentlicht über ein Internetportal den Geschäftsverteilungsplan und Änderungen des Geschäftsverteilungsplans binnen eines Monats nach dessen und deren Übersendung. Der Geschäftsverteilungsplan und Änderungen des Geschäftsverteilungsplans gelten ab dem Zeitpunkt der Veröffentlichung.</P><P>(2) Der Geschäftsverteilungsplan legt fest, dass sich die Zuständigkeit einer registrierten Ethik-Kommission für ein wissenschaftliches Beratungsgespräch, das im Vorfeld eines Antrags auf Genehmigung einer klinischen Prüfung durch die zuständige Bundesoberbehörde unter Beteiligung einer registrierten Ethik-Kommission nach Maßgabe von § 25 Absatz 2 des Verwaltungsverfahrensgesetzes durchgeführt wird, bereits nach Absatz 1 Satz 1 richtet. Dies gilt entsprechend, wenn das wissenschaftliche Beratungsgespräch nur durch eine registrierte Ethik-Kommission durchgeführt wird. Die für das Beratungsgespräch zuständige Ethik-Kommission bleibt im Fall eines nachfolgenden Genehmigungsverfahrens zuständig.</P><P>(3) Der Geschäftsverteilungsplan legt fest, dass im Fall des Artikels 6 Absatz 8 Unterabsatz 5 oder des Artikels 7 Absatz 3 Unterabsatz 4 der Verordnung (EU) Nr. 536/2014 bei erneuter Einreichung des Antrags auf Genehmigung der klinischen Prüfung die registrierte Ethik-Kommission zuständig ist, die für den hinfälligen Antrag zuständig war.</P><P>(4) Der Geschäftsverteilungsplan legt fest, dass für die Bewertung von wesentlichen Änderungen einer klinischen Prüfung nach den Artikeln 15 bis 24 der Verordnung (EU) Nr. 536/2014 die registrierte Ethik-Kommission zuständig bleibt, die für den Antrag auf Genehmigung der klinischen Prüfung zuständig war.</P><P>(5) Der Geschäftsverteilungsplan legt fest, dass für das Verfahren bei späterer Hinzufügung eines zusätzlichen betroffenen Mitgliedstaats der Europäischen Union nach Artikel 14 der Verordnung (EU) Nr. 536/2014 die registrierte Ethik-Kommission zuständig ist, die für den Antrag auf Genehmigung der klinischen Prüfung zuständig war, sofern die Bundesrepublik Deutschland als berichterstattender Mitgliedstaat der Europäischen Union oder als betroffener Mitgliedstaat der Europäischen Union an dem Verfahren auf Genehmigung der klinischen Prüfung beteiligt war.</P><P>(6) Der Geschäftsverteilungsplan berücksichtigt, dass für einen Antrag auf Genehmigung einer klinischen Prüfung, in deren Rahmen ein radioaktiver Stoff oder ionisierende Strahlung angewendet wird und dafür eine Genehmigung nach § 31 des Strahlenschutzgesetzes oder eine Anzeige nach § 32 des Strahlenschutzgesetzes erforderlich ist, eine Ethik-Kommission zuständig ist, die die Anforderungen nach § 36 Absatz 1 Satz 1 und 2 des Strahlenschutzgesetzes erfüllt und die Anforderungen nach § 36 Absatz 1 Satz 3 des Strahlenschutzgesetzes sicherstellt.</P></Content></text><fussnoten/></textdaten></norm>
<norm builddate="20250918215503" doknr="BJNR233300017BJNG000400000"><metadaten><jurabk>KPBV</jurabk><gliederungseinheit><gliederungskennzahl>040</gliederungskennzahl><gliederungsbez>Abschnitt 4</gliederungsbez><gliederungstitel>Genehmigungsverfahren</gliederungstitel></gliederungseinheit></metadaten><textdaten/></norm>
<norm builddate="20250918215503" doknr="BJNR233300017BJNE000602130"><metadaten><jurabk>KPBV</jurabk><enbez>§ 5</enbez><titel format="XML">Validierung</titel></metadaten><textdaten><text format="XML"><Content><P>(1) Die zuständige Ethik-Kommission gibt ihre Stellungnahme nach § 40 Absatz 3 Satz 2 des Arzneimittelgesetzes oder ihre Bewertung nach § 40 Absatz 3 Satz 5 des Arzneimittelgesetzes gegenüber der zuständigen Bundesoberbehörde innerhalb von acht Tagen, nachdem der Antrag auf Genehmigung einer klinischen Prüfung über das EU-Portal nach Artikel 80 der Verordnung (EU) Nr. 536/2014 eingereicht wurde, ab, wenn die Bundesrepublik Deutschland berichterstattender Mitgliedstaat der Europäischen Union ist. Ist die Bundesrepublik Deutschland betroffener Mitgliedstaat der Europäischen Union, hat die Abgabe innerhalb von vier Tagen nach Einreichung des Antrags auf Genehmigung einer klinischen Prüfung zu erfolgen. Im Fall einer Mitteilung an den Sponsor nach Artikel 5 Absatz 5 Unterabsatz 1 der Verordnung (EU) Nr. 536/2014 gibt die zuständige Ethik-Kommission ihre Stellungnahme nach § 40 Absatz 3 Satz 2 des Arzneimittelgesetzes oder ihre Bewertung nach § 40 Absatz 3 Satz 5 des Arzneimittelgesetzes zu der Stellungnahme des Sponsors oder zu dem vom Sponsor ergänzten Antragsdossier innerhalb von drei Tagen nach deren Eingang über das EU-Portal nach Artikel 80 der Verordnung (EU) Nr. 536/2014 gegenüber der zuständigen Bundesoberbehörde ab.</P><P>(1a) Stellt die zuständige Ethik-Kommission fest, dass die Anzeige der Anwendung radioaktiver Stoffe oder ionisierender Strahlung nach § 32 des Strahlenschutzgesetzes unzulässig ist, weil es sich um eine nach § 31 des Strahlenschutzgesetzes genehmigungsbedürftige Anwendung radioaktiver Stoffe oder ionisierender Strahlung handelt, so teilt sie dies der zuständigen Bundesoberbehörde unverzüglich mit.</P><P>(2) Ist die Bundesrepublik Deutschland berichterstattender Mitgliedstaat der Europäischen Union, gibt die zuständige Bundesoberbehörde gegenüber dem Sponsor die Mitteilungen nach Artikel 5 Absatz 5 Unterabsatz 1 und 2 der Verordnung (EU) Nr. 536/2014 ab.</P><P>(3) Ist die Bundesrepublik Deutschland betroffener Mitgliedstaat der Europäischen Union, gibt die zuständige Bundesoberbehörde gegenüber dem berichterstattenden Mitgliedstaat der Europäischen Union die Anmerkungen nach Artikel 5 Absatz 3 Unterabsatz 2 der Verordnung (EU) Nr. 536/2014 ab.</P></Content></text><fussnoten/></textdaten></norm>
<norm builddate="20250918215503" doknr="BJNR233300017BJNE000702130"><metadaten><jurabk>KPBV</jurabk><enbez>§ 6</enbez><titel format="XML">Prüfung der nach Artikel 6 der Verordnung (EU) Nr. 536/2014 in Teil I des Bewertungsberichts zu behandelnden Aspekte</titel></metadaten><textdaten><text format="XML"><Content><P>(1) Ist die Bundesrepublik Deutschland berichterstattender Mitgliedstaat der Europäischen Union und ist kein anderer Mitgliedstaat der Europäischen Union an dem Verfahren zur Genehmigung der klinischen Prüfung beteiligt, so übermittelt die zuständige Ethik-Kommission die Stellungnahme nach § 40 Absatz 4 Satz 3 des Arzneimittelgesetzes innerhalb von 21 Tagen ab dem Tag der Validierung im Sinne des Artikels 5 Absatz 6 der Verordnung (EU) Nr. 536/2014 an die zuständige Bundesoberbehörde.</P><P>(2) Ist die Bundesrepublik Deutschland berichterstattender Mitgliedstaat der Europäischen Union und ist mindestens ein weiterer Mitgliedstaat der Europäischen Union an dem Verfahren zur Genehmigung einer klinischen Prüfung beteiligt, so übermittelt die zuständige Ethik-Kommission die Stellungnahme nach § 40 Absatz 4 Satz 3 des Arzneimittelgesetzes innerhalb von 21 Tagen ab dem Tag der Validierung im Sinne des Artikels 5 Absatz 6 der Verordnung (EU) Nr. 536/2014 an die zuständige Bundesoberbehörde.</P><P>(3) Ist die Bundesrepublik Deutschland berichterstattender Mitgliedstaat der Europäischen Union, kann die zuständige Bundesoberbehörde im Benehmen mit der zuständigen Ethik-Kommission die Frist nach Maßgabe des Artikels 6 Absatz 7 der Verordnung (EU) Nr. 536/2014 verlängern. Die zuständige Bundesoberbehörde teilt der zuständigen Ethik-Kommission die entsprechend verlängerten Fristen für ihre Stellungnahme mit.</P><P>(4) Ist die Bundesrepublik Deutschland betroffener Mitgliedstaat der Europäischen Union, übermittelt die zuständige Ethik-Kommission die Stellungnahme nach § 40 Absatz 4 Satz 3 des Arzneimittelgesetzes innerhalb von sieben Tagen nach Abschluss der Phase der Erstbewertung durch den berichterstattenden Mitgliedstaat der Europäischen Union nach Artikel 6 Absatz 5 Unterabsatz 1 Buchstabe a der Verordnung (EU) Nr. 536/2014 an die zuständige Bundesoberbehörde.</P><P>(5) Ist die Bundesrepublik Deutschland berichterstattender Mitgliedstaat der Europäischen Union, ist die zuständige Ethik-Kommission von der zuständigen Bundesoberbehörde in die Phase der Konsolidierung im Sinne von Artikel 6 Absatz 5 Unterabsatz 1 Buchstabe c der Verordnung (EU) Nr. 536/2014 einzubeziehen. In diesem Fall übermittelt die zuständige Ethik-Kommission ihre Stellungnahme nach § 40 Absatz 4 Satz 3 des Arzneimittelgesetzes einschließlich einer etwaigen Bitte um Ersuchen des Sponsors um zusätzliche Informationen zu den in Teil I des Bewertungsberichts zu behandelnden Aspekten innerhalb von vier Tagen nach Abschluss der Phase der koordinierten Überprüfung nach Artikel 6 Absatz 5 Unterabsatz 1 Buchstabe b der Verordnung (EU) Nr. 536/2014 an die zuständige Bundesoberbehörde.</P><P>(6) Ist die Bundesrepublik Deutschland berichterstattender Mitgliedstaat der Europäischen Union, kann die zuständige Bundesoberbehörde den Sponsor nach Artikel 6 Absatz 8 Unterabsatz 1 der Verordnung (EU) Nr. 536/2014 um zusätzliche Informationen zu den in Teil I des Bewertungsberichts zu behandelnden Aspekten ersuchen.</P><P>(7) Hat der berichterstattende Mitgliedstaat der Europäischen Union den Sponsor um zusätzliche Informationen nach Artikel 6 Absatz 8 Unterabsatz 1 der Verordnung (EU) Nr. 536/2014 ersucht, übermittelt die zuständige Ethik-Kommission ihre Stellungnahme nach § 40 Absatz 4 Satz 3 des Arzneimittelgesetzes zu allen zusätzlich vom Sponsor übermittelten Informationen innerhalb von acht Tagen an die zuständige Bundesoberbehörde, nachdem die zusätzlichen Informationen des Sponsors über das EU-Portal nach Artikel 80 der Verordnung (EU) Nr. 536/2014 eingegangen sind.</P><P>(8) Ist die Bundesrepublik Deutschland berichterstattender Mitgliedstaat der Europäischen Union, ist die zuständige Ethik-Kommission von der zuständigen Bundesoberbehörde auch in die Phase der weiteren Konsolidierung im Sinne von Artikel 6 Absatz 8 Unterabsatz 4 der Verordnung (EU) Nr. 536/2014 einzubeziehen. Die zuständige Ethik-Kommission übermittelt ihre Stellungnahme nach § 40 Absatz 4 Satz 3 des Arzneimittelgesetzes im Rahmen dieser weiteren Konsolidierung innerhalb von vier Tagen nach Abschluss der koordinierten Überprüfung im Sinne von Artikel 6 Absatz 8 Unterabsatz 4 der Verordnung (EU) Nr. 536/2014 an die zuständige Bundesoberbehörde.</P></Content></text><fussnoten><Content><P>(+++ EU-Vollzitate: vgl. Liste EU-Rechtsakte V v. 16.9.2025 I Nr. 215 +++)</P></Content></fussnoten></textdaten></norm>
<norm builddate="20250918215503" doknr="BJNR233300017BJNE000802130"><metadaten><jurabk>KPBV</jurabk><enbez>§ 7</enbez><titel format="XML">Prüfung der nach Artikel 7 der Verordnung (EU) Nr. 536/2014 in Teil II des Bewertungsberichts zu behandelnden Aspekte</titel></metadaten><textdaten><text format="XML"><Content><P>(1) Die zuständige Ethik-Kommission kann den Sponsor nach Artikel 7 Absatz 2 Unterabsatz 2, Absatz 3 Unterabsatz 5 der Verordnung (EU) Nr. 536/2014 um zusätzliche Informationen zu den in Teil II des Bewertungsberichts zu behandelnden Aspekten ersuchen.</P><P>(2) Die zuständige Ethik-Kommission übermittelt der zuständigen Bundesoberbehörde für die Erstellung der Entscheidung nach Artikel 8 Absatz 1 Unterabsatz 1 der Verordnung (EU) Nr. 536/2014 elektronisch ein klares Votum im Sinne einer Zustimmung, einer Zustimmung mit Auflagen im Sinne des Artikels 8 Absatz 1 Unterabsatz 3 der Verordnung (EU) Nr. 536/2014 oder einer Ablehnung der Vertretbarkeit der Durchführung der klinischen Prüfung zu den in Teil II des Bewertungsberichts zu behandelnden Aspekten sowie eine entsprechende Begründung.</P><P>(3) Ist die Bundesrepublik Deutschland berichterstattender Mitgliedstaat der Europäischen Union und ist kein weiterer Mitgliedstaat der Europäischen Union an dem Verfahren zur Genehmigung der klinischen Prüfung beteiligt, übermittelt die zuständige Ethik-Kommission das in Absatz 2 genannte Votum innerhalb von 26 Tagen ab dem Tag der Validierung im Sinne von Artikel 5 Absatz 6 der Verordnung (EU) Nr. 536/2014 oder, im Fall eines in Absatz 1 genannten Ersuchens, innerhalb von acht Tagen ab dem Tag des Eingangs der Stellungnahme des Sponsors an die zuständige Bundesoberbehörde. Entscheidend ist jeweils das spätere Fristende.</P></Content></text><fussnoten/></textdaten></norm>
<norm builddate="20250918215503" doknr="BJNR233300017BJNE000901130"><metadaten><jurabk>KPBV</jurabk><enbez>§ 8</enbez><titel format="XML">Hinzufügung eines zusätzlichen Mitgliedstaats der Europäischen Union</titel></metadaten><textdaten><text format="XML"><Content><P>(1) Wünscht der Sponsor eine genehmigte klinische Prüfung nach Artikel 14 der Verordnung (EU) Nr. 536/2014 auf die Bundesrepublik Deutschland auszuweiten, so übermittelt die zuständige Ethik-Kommission ihre Stellungnahme nach § 40 Absatz 4 Satz 3 des Arzneimittelgesetzes in Verbindung mit § 40c Absatz 1 des Arzneimittelgesetzes innerhalb von 42 Tagen nach dem Tag der Einreichung des Antrags nach Artikel 14 Absatz 1 der Verordnung (EU) Nr. 536/2014 an die zuständige Bundesoberbehörde.</P><P>(2) Ist die Bundesrepublik Deutschland berichterstattender Mitgliedstaat der Europäischen Union, so kann die zuständige Bundesoberbehörde den Sponsor nach Artikel 14 Absatz 6 Unterabsatz 1 der Verordnung (EU) Nr. 536/2014 um zusätzliche Informationen zu den in Teil I des Bewertungsberichts zu behandelnden Aspekten ersuchen. Benötigt die zuständige Ethik-Kommission zusätzliche Informationen des Sponsors zu den in Teil I des Bewertungsberichts zu behandelnden Aspekten, so teilt sie dies der zuständigen Bundesoberbehörde innerhalb von 49 Tagen nach dem Tag der Einreichung des Antrags nach Artikel 14 Absatz 1 der Verordnung (EU) Nr. 536/2014 mit.</P><P>(3) Wünscht der Sponsor eine genehmigte klinische Prüfung nach Artikel 14 der Verordnung (EU) Nr. 536/2014 auf die Bundesrepublik Deutschland auszuweiten, kann die zuständige Ethik-Kommission den Sponsor nach Artikel 14 Absatz 7 Satz 2, Absatz 8 Unterabsatz 5 der Verordnung (EU) Nr. 536/2014 um zusätzliche Informationen zu den in Teil II des Bewertungsberichts zu behandelnden Aspekten ersuchen.</P><P>(4) Die zuständige Ethik-Kommission übermittelt der zuständigen Bundesoberbehörde für die Erstellung der Entscheidung nach Artikel 14 Absatz 3 der Verordnung (EU) Nr. 536/2014 elektronisch ein klares Votum im Sinne einer Zustimmung, einer Zustimmung mit Auflagen im Sinne des Artikels 14 Absatz 3 Unterabsatz 2 der Verordnung (EU) Nr. 536/2014 oder einer Ablehnung der Vertretbarkeit der Durchführung der klinischen Prüfung zu den in Teil II des Bewertungsberichts zu behandelnden Aspekten sowie eine entsprechende Begründung.</P></Content></text><fussnoten><Content><P>(+++ EU-Vollzitate: vgl. Liste EU-Rechtsakte V v. 16.9.2025 I Nr. 215 +++)</P></Content></fussnoten></textdaten></norm>
<norm builddate="20250918215503" doknr="BJNR233300017BJNE001001130"><metadaten><jurabk>KPBV</jurabk><enbez>§ 9</enbez><titel format="XML">Wesentliche Änderung einer klinischen Prüfung</titel></metadaten><textdaten><text format="XML"><Content><P>(1) Die zuständige Ethik-Kommission gibt bei einem Antrag auf Genehmigung einer wesentlichen Änderung einer klinischen Prüfung nach den Artikeln 15 bis 24 der Verordnung (EU) Nr. 536/2014, der Aspekte betrifft, die in Teil I des Bewertungsberichts zu behandeln sind, ihre Stellungnahme nach § 40 Absatz 3 Satz 2 des Arzneimittelgesetzes in Verbindung mit § 40c Absatz 1 des Arzneimittelgesetzes gegenüber der zuständigen Bundesoberbehörde innerhalb von vier Tagen, nachdem der Antrag über das EU-Portal nach Artikel 80 der Verordnung (EU) Nr. 536/2014 eingereicht wurde, ab, wenn die Bundesrepublik Deutschland berichterstattender Mitgliedstaat der Europäischen Union ist. Ist die Bundesrepublik Deutschland betroffener Mitgliedstaat der Europäischen Union, hat die Abgabe innerhalb von drei Tagen nach Einreichung des Antrags auf Genehmigung einer wesentlichen Änderung zu erfolgen.</P><P>(2) Ist die Bundesrepublik Deutschland betroffener Mitgliedstaat der Europäischen Union, gibt die zuständige Bundesoberbehörde gegenüber dem berichterstattenden Mitgliedstaat der Europäischen Union die Anmerkungen nach Artikel 17 Absatz 1 Unterabsatz 2 der Verordnung (EU) Nr. 536/2014 ab.</P><P>(3) Ist die Bundesrepublik Deutschland berichterstattender Mitgliedstaat der Europäischen Union, gibt die zuständige Bundesoberbehörde gegenüber dem Sponsor die Mitteilungen nach Artikel 17 Absatz 4 Unterabsatz 1 und 2 der Verordnung (EU) Nr. 536/2014 ab.</P><P>(4) Ist die Bundesrepublik Deutschland berichterstattender Mitgliedstaat der Europäischen Union, übermittelt die zuständige Ethik-Kommission die Stellungnahme nach § 40 Absatz 4 Satz 3 des Arzneimittelgesetzes in Verbindung mit § 40c Absatz 1 des Arzneimittelgesetzes innerhalb von 17 Tagen ab dem Tag der Validierung im Sinne von Artikel 17 Absatz 5 der Verordnung (EU) Nr. 536/2014 an die zuständige Bundesoberbehörde.</P><P>(5) Ist die Bundesrepublik Deutschland berichterstattender Mitgliedstaat der Europäischen Union, kann die zuständige Bundesoberbehörde im Benehmen mit der zuständigen Ethik-Kommission die Frist nach Maßgabe des Artikels 18 Absatz 5 der Verordnung (EU) Nr. 536/2014 verlängern. Die zuständige Bundesoberbehörde teilt der zuständigen Ethik-Kommission die entsprechend verlängerten Fristen für ihre Stellungnahme mit.</P><P>(6) Ist die Bundesrepublik Deutschland betroffener Mitgliedstaat der Europäischen Union, übermittelt die zuständige Ethik-Kommission die Stellungnahme nach § 40 Absatz 4 Satz 3 des Arzneimittelgesetzes in Verbindung mit § 40c Absatz 1 des Arzneimittelgesetzes innerhalb von zehn Tagen nach Abschluss der Phase der Erstbewertung durch den berichterstattenden Mitgliedstaat der Europäischen Union nach Artikel 18 Absatz 4 Unterabsatz 1 Buchstabe a der Verordnung (EU) Nr. 536/2014 an die zuständige Bundesoberbehörde.</P><P>(7) Ist die Bundesrepublik Deutschland berichterstattender Mitgliedstaat der Europäischen Union, ist die zuständige Ethik-Kommission von der zuständigen Bundesoberbehörde in die Phase der Konsolidierung im Sinne von Artikel 18 Absatz 4 Unterabsatz 1 Buchstabe c der Verordnung (EU) Nr. 536/2014 einzubeziehen. In diesem Fall übermittelt die zuständige Ethik-Kommission ihre Stellungnahme nach § 40 Absatz 4 Satz 3 des Arzneimittelgesetzes in Verbindung mit § 40c Absatz 1 des Arzneimittelgesetzes innerhalb von vier Tagen nach Abschluss der Phase der koordinierten Überprüfung nach Artikel 18 Absatz 4 Unterabsatz 1 Buchstabe b der Verordnung (EU) Nr. 536/2014 an die zuständige Bundesoberbehörde.</P><P>(8) Ist die Bundesrepublik Deutschland berichterstattender Mitgliedstaat der Europäischen Union, kann die zuständige Bundesoberbehörde den Sponsor nach Artikel 18 Absatz 6 der Verordnung (EU) Nr. 536/2014 um zusätzliche Informationen zu den in Teil I des Bewertungsberichts zu behandelnden Aspekten ersuchen.</P><P>(9) Hat der berichterstattende Mitgliedstaat der Europäischen Union den Sponsor um zusätzliche Informationen nach Artikel 18 Absatz 6 Unterabsatz 1 der Verordnung (EU) Nr. 536/2014 ersucht, übermittelt die zuständige Ethik-Kommission ihre Stellungnahme nach § 40 Absatz 4 Satz 3 des Arzneimittelgesetzes in Verbindung mit § 40c Absatz 1 des Arzneimittelgesetzes zu allen zusätzlich vom Sponsor übermittelten Informationen innerhalb von acht Tagen an die zuständige Bundesoberbehörde, nachdem die zusätzlichen Informationen des Sponsors nach Artikel 18 Absatz 6 Unterabsatz 4 und 6 der Verordnung (EU) Nr. 536/2014 über das EU-Portal nach Artikel 80 der Verordnung (EU) Nr. 536/2014 eingegangen sind.</P><P>(10) Ist die Bundesrepublik Deutschland berichterstattender Mitgliedstaat der Europäischen Union, ist die zuständige Ethik-Kommission von der zuständigen Bundesoberbehörde auch in die Phase der weiteren Konsolidierung im Sinne von Artikel 18 Absatz 6 Unterabsatz 4 der Verordnung (EU) Nr. 536/2014 einzubeziehen. Die zuständige Ethik-Kommission übermittelt ihre Stellungnahme nach § 40 Absatz 4 Satz 3 des Arzneimittelgesetzes in Verbindung mit § 40c Absatz 1 des Arzneimittelgesetzes im Rahmen dieser weiteren Konsolidierung innerhalb von vier Tagen nach Abschluss der koordinierten Überprüfung im Sinne von Artikel 18 Absatz 6 Unterabsatz 4 der Verordnung (EU) Nr. 536/2014 an die zuständige Bundesoberbehörde.</P><P>(11) Für die in Artikel 20 Absatz 5 Unterabsatz 1 der Verordnung (EU) Nr. 536/2014 genannte Entscheidung übermittelt die zuständige Ethik-Kommission der zuständigen Bundesoberbehörde zu der wesentlichen Änderung innerhalb von 34 Tagen ab dem Tag der Validierung im Sinne des Artikels 20 Absatz 4 der Verordnung (EU) Nr. 536/2014 elektronisch ein Votum in Form einer Zustimmung, einer Zustimmung unter Auflagen im Sinne des Artikels 20 Absatz 5 Unterabsatz 3 der Verordnung (EU) Nr. 536/2014 oder einer Ablehnung.</P><P>(12) Die zuständige Ethik-Kommission kann den Sponsor nach Artikel 20 Absatz 6 Unterabsatz 1 und 6 sowie Artikel 22 Absatz 2 und 3 Unterabsatz 5 der Verordnung (EU) Nr. 536/2014 um zusätzliche Informationen zu den in Teil II des Bewertungsberichts zu behandelnden Aspekten ersuchen. Im Fall eines Ersuchens nach Artikel 20 Absatz 6 Unterabsatz 1 und 6 der Verordnung (EU) Nr. 536/2014 übermittelt die zuständige Ethik-Kommission ihr in Absatz 11 genanntes Votum innerhalb von 65 Tagen ab dem Tag der Validierung im Sinne des Artikels 20 Absatz 4 der Verordnung (EU) Nr. 536/2014 an die zuständige Bundesoberbehörde.</P></Content></text><fussnoten><Content><P>(+++ EU-Vollzitate: vgl. Liste EU-Rechtsakte V v. 16.9.2025 I Nr. 215 +++)</P></Content></fussnoten></textdaten></norm>
<norm builddate="20250918215503" doknr="BJNR233300017BJNE001100000"><metadaten><jurabk>KPBV</jurabk><enbez>§ 10</enbez><titel format="XML">Bewertungsverfahren nach Artikel 44 der Verordnung (EU) Nr. 536/2014</titel></metadaten><textdaten><text format="XML"><Content><P>Die zuständige Ethik-Kommission übermittelt ihre Bewertung nach § 40c Absatz 2 des Arzneimittelgesetzes an die zuständige Bundesoberbehörde.</P></Content></text><fussnoten/></textdaten></norm>
<norm builddate="20250918215503" doknr="BJNR233300017BJNE001200000"><metadaten><jurabk>KPBV</jurabk><enbez>§ 11</enbez><titel format="XML">Korrekturmaßnahmen</titel></metadaten><textdaten><text format="XML"><Content><P>Die zuständige Bundesoberbehörde informiert die zuständige Ethik-Kommission über beabsichtigte Korrekturmaßnahmen nach § 42 Absatz 2 bis 4 des Arzneimittelgesetzes. Die zuständige Ethik-Kommission gibt ihre Stellungnahme nach § 42 Absatz 5 des Arzneimittelgesetzes innerhalb von sieben Tagen nach dem Tag, an dem sie von der zuständigen Bundesoberbehörde informiert wurde, gegenüber der zuständigen Bundesoberbehörde ab.</P></Content></text><fussnoten/></textdaten></norm>
<norm builddate="20250918215503" doknr="BJNR233300017BJNG000500000"><metadaten><jurabk>KPBV</jurabk><gliederungseinheit><gliederungskennzahl>050</gliederungskennzahl><gliederungsbez>Abschnitt 5</gliederungsbez><gliederungstitel>Gebühren</gliederungstitel></gliederungseinheit></metadaten><textdaten/></norm>
<norm builddate="20250918215503" doknr="BJNR233300017BJNE001303130"><metadaten><jurabk>KPBV</jurabk><enbez>§ 12</enbez><titel format="XML">Gebühren</titel></metadaten><textdaten><text format="XML"><Content><P>(1) Der zuständigen Ethik-Kommission stehen die nach dem in der Anlage 3 enthaltenen Gebührenverzeichnis festgelegten Gebühren und Rahmensätze im Zusammenhang mit klinischen Prüfungen zu.</P><P>(2) Im Übrigen gelten für die zuständigen Ethik-Kommissionen der Länder die gebührenrechtlichen Regelungen der Länder.</P><P>(3) Die zuständige Bundesoberbehörde überweist den auf der Grundlage von § 40 Absatz 6 Satz 2 des Arzneimittelgesetzes für die zuständige Ethik-Kommission vereinnahmten Betrag innerhalb von 21 Tagen an den Träger der zuständigen Ethik-Kommission. Die Frist nach Satz 1 beginnt mit dem Tag, an dem <DL Font="normal" Type="arabic"><DT>1.</DT><DD Font="normal"><LA Size="normal">die zuständige Bundesoberbehörde den in Satz 1 genannten Betrag vereinnahmt hat und</LA></DD><DT>2.</DT><DD Font="normal"><LA Size="normal">die Bestandskraft des Gebührenbescheides über die Gesamtgebühr eingetreten ist.</LA></DD></DL>Entscheidend ist jeweils das spätere Ereignis.</P></Content></text><fussnoten/></textdaten></norm>
<norm builddate="20250918215503" doknr="BJNR233300017BJNG000600000"><metadaten><jurabk>KPBV</jurabk><gliederungseinheit><gliederungskennzahl>060</gliederungskennzahl><gliederungsbez>Abschnitt 6</gliederungsbez><gliederungstitel>Schlussbestimmungen</gliederungstitel></gliederungseinheit></metadaten><textdaten/></norm>
<norm builddate="20250918215503" doknr="BJNR233300017BJNE001400000"><metadaten><jurabk>KPBV</jurabk><enbez>§ 13</enbez><titel format="XML">Inkrafttreten</titel></metadaten><textdaten><text format="XML"><Content><P>(1) Diese Verordnung tritt vorbehaltlich des Absatzes 2 am Tag nach der Verkündung in Kraft.</P><P>(2) Die §§ 5 bis 12 treten sechs Monate nach der Veröffentlichung der Mitteilung der Europäischen Kommission über die Funktionsfähigkeit des EU-Portals und der Datenbank nach Artikel 82 der Verordnung (EU) Nr. 536/2014 im Amtsblatt der Europäischen Union in Kraft.</P><P>(3) Das Bundesministerium für Gesundheit gibt den Tag des Inkrafttretens nach Absatz 2 im Bundesgesetzblatt bekannt.</P></Content></text></textdaten></norm>
<norm builddate="20250918215503" doknr="BJNR233300017BJNE001500000"><metadaten><jurabk>KPBV</jurabk><enbez>Schlussformel</enbez></metadaten><textdaten><text format="XML"><Content><P>Der Bundesrat hat zugestimmt.</P></Content></text></textdaten></norm>
<norm builddate="20250918215503" doknr="BJNR233300017BJNE001601130"><metadaten><jurabk>KPBV</jurabk><enbez>Anlage 1</enbez><titel format="XML">(zu § 3)<BR/>Antragsbezogene Erklärung zu persönlichen und finanziellen Interessen (§ 41a Absatz 3 Nummer 7 des Arzneimittelgesetzes)</titel></metadaten><textdaten><text format="XML"><Content><P><noindex><kommentar typ="Fundstelle">(Fundstelle: BGBl. I 2017, 2339)</kommentar></noindex></P><BR/><table frame="none" pgwide="1" tocentry="%yes;"><tgroup align="left" char="" charoff="50" cols="3"><colspec colname="col1" colwidth="4*"/><colspec colname="col2" colwidth="88*"/><colspec colname="col3" colwidth="73*"/><tbody valign="top"><row><entry VJ="1" colname="col1" colsep="0" rowsep="0"><B>1.</B></entry><entry VJ="1" colsep="0" nameend="col3" namest="col2" rowsep="0"><SP><B>Angaben zu persönlichen Verhältnissen</B></SP></entry></row><row><entry VJ="1" colname="col1" colsep="0" rowsep="0"/><entry VJ="1" colsep="0" nameend="col3" namest="col2" rowsep="0"><B>Anrede</B></entry></row><row><entry VJ="1" colname="col1" colsep="0" rowsep="0"/><entry VJ="1" colsep="0" nameend="col3" namest="col2" rowsep="0"><B>(Titel) Vorname Nachname</B></entry></row><row><entry VJ="1" colname="col1" colsep="0" rowsep="0"/><entry VJ="1" colname="col2" colsep="0" rowsep="0"><B>Adresse</B></entry><entry VJ="1" colname="col3" rowsep="0"/></row><row><entry VJ="1" colname="col1" colsep="0" rowsep="0"/><entry VJ="1" colsep="0" nameend="col3" namest="col2" rowsep="0"><B>Kontaktdaten (Telefon, E-Mail)</B></entry></row><row><entry VJ="1" colname="col1" colsep="0" rowsep="0"/><entry VJ="1" colsep="0" nameend="col3" namest="col2" rowsep="0"><B>Aktuelle(s) Beschäftigung(sverhältnis(se)) (ggf. Name des Unternehmens, Tätigkeit)</B></entry></row><row><entry VJ="1" colname="col1" colsep="0" rowsep="0"/><entry VJ="1" colname="col2" colsep="0" rowsep="0"><B>Mitglied der Ethik-Kommission</B>  <F>☐</F></entry><entry VJ="1" colname="col3" rowsep="0"><B>externer Sachverständiger</B>  <F>☐</F></entry></row><row><entry VJ="1" colname="col1" colsep="0" rowsep="0"><B>2.</B></entry><entry VJ="1" colsep="0" nameend="col3" namest="col2" rowsep="0"><SP><B>Angaben zur klinischen Prüfung</B></SP></entry></row><row><entry VJ="1" colname="col1" colsep="0" rowsep="0"/><entry VJ="1" colname="col2" colsep="0" rowsep="0"><B>Name des Sponsors</B></entry><entry VJ="1" colname="col3" rowsep="0"/></row><row><entry VJ="1" colname="col1" colsep="0" rowsep="0"/><entry VJ="1" colname="col2" colsep="0" rowsep="0"><B>Titel der klinischen Prüfung</B></entry><entry VJ="1" colname="col3" rowsep="0"/></row><row><entry VJ="1" colname="col1" colsep="0"/><entry VJ="1" colname="col2" colsep="0"><B>EU-Prüfungsnummer</B></entry><entry VJ="1" colname="col3"/></row></tbody></tgroup></table><table frame="none" pgwide="1" tocentry="%yes;"><tgroup align="left" char="" charoff="50" cols="7"><colspec colname="col1" colwidth="4*"/><colspec colname="col2" colwidth="5*"/><colspec colname="col3" colwidth="25*"/><colspec colname="col4" colwidth="48*"/><colspec colname="col5" colwidth="10*"/><colspec colname="col6" colwidth="25*"/><colspec colname="col7" colwidth="48*"/><tbody valign="top"><row><entry VJ="1" colname="col1" colsep="0" rowsep="0"><B>3.</B></entry><entry VJ="1" colsep="0" nameend="col7" namest="col2" rowsep="0"><SP><B>Angaben zu persönlichen und finanziellen Interessen</B></SP></entry></row><row><entry VJ="1" colname="col1" colsep="0" rowsep="0"/><entry VJ="1" colname="col2" colsep="0" rowsep="0">1.</entry><entry VJ="1" align="justify" colsep="0" nameend="col7" namest="col3" rowsep="0">Sind Sie an der vorliegenden klinischen Prüfung beteiligt oder werden Sie an dieser beteiligt sein?</entry></row><row><entry VJ="1" colname="col1" colsep="0" rowsep="0"/><entry VJ="1" colname="col2" colsep="0" rowsep="0"/><entry VJ="1" colname="col3" colsep="0" rowsep="0">Ja</entry><entry VJ="1" colname="col4" colsep="0" rowsep="0"><F>☐</F></entry><entry VJ="1" colname="col5" colsep="0" rowsep="0"/><entry VJ="1" colname="col6" colsep="0" rowsep="0">Nein</entry><entry VJ="1" colname="col7" rowsep="0"><F>☐</F></entry></row><row><entry VJ="1" colname="col1" colsep="0" rowsep="0"/><entry VJ="1" colname="col2" colsep="0" rowsep="0">2.</entry><entry VJ="1" colsep="0" nameend="col7" namest="col3" rowsep="0">Haben Sie durch die klinische Prüfung einen finanziellen oder persönlichen Nutzen?</entry></row><row><entry VJ="1" colname="col1" colsep="0" rowsep="0"/><entry VJ="1" colname="col2" colsep="0" rowsep="0"/><entry VJ="1" colname="col3" colsep="0" rowsep="0">Ja</entry><entry VJ="1" colname="col4" colsep="0" rowsep="0"><F>☐</F></entry><entry VJ="1" colname="col5" colsep="0" rowsep="0"/><entry VJ="1" colname="col6" colsep="0" rowsep="0">Nein</entry><entry VJ="1" colname="col7" rowsep="0"><F>☐</F></entry></row><row><entry VJ="1" colname="col1" colsep="0" rowsep="0"/><entry VJ="1" colname="col2" colsep="0" rowsep="0">3.</entry><entry VJ="1" align="justify" colsep="0" nameend="col7" namest="col3" rowsep="0">Liegt ein Interessenkonflikt in Bezug auf die zu bewertende klinische Prüfung, den Sponsor, die beteiligten pharmazeutischen Unternehmen, die Prüfstelle, die an der klinischen Prüfung beteiligten Prüfer, die Personen, die die klinische Prüfung finanzieren, oder eine andere Person, die an der Durchführung der klinischen Prüfung beteiligt ist, vor?</entry></row><row><entry VJ="1" colname="col1" colsep="0" rowsep="0"/><entry VJ="1" colname="col2" colsep="0" rowsep="0"/><entry VJ="1" colname="col3" colsep="0" rowsep="0">Ja</entry><entry VJ="1" colname="col4" colsep="0" rowsep="0"><F>☐</F></entry><entry VJ="1" colname="col5" colsep="0" rowsep="0"/><entry VJ="1" colname="col6" colsep="0" rowsep="0">Nein</entry><entry VJ="1" colname="col7" rowsep="0"><F>☐</F></entry></row><row><entry VJ="1" colname="col1" colsep="0" rowsep="0"/><entry VJ="1" colname="col2" colsep="0" rowsep="0"/><entry VJ="1" colsep="0" nameend="col7" namest="col3" rowsep="0">Sind Sie frei von jeder anderen unzulässigen Beeinflussung?</entry></row><row><entry VJ="1" colname="col1" colsep="0"/><entry VJ="1" colname="col2" colsep="0"/><entry VJ="1" colname="col3" colsep="0">Ja</entry><entry VJ="1" colname="col4" colsep="0"><F>☐</F></entry><entry VJ="1" colname="col5" colsep="0"/><entry VJ="1" colname="col6" colsep="0">Nein</entry><entry VJ="1" colname="col7"><F>☐</F></entry></row></tbody></tgroup></table><table frame="none" pgwide="1" tocentry="%yes;"><tgroup align="left" char="" charoff="50" cols="5"><colspec colname="col1" colwidth="29*"/><colspec colname="col2" colwidth="48*"/><colspec colname="col3" colwidth="11*"/><colspec colname="col4" colwidth="29*"/><colspec colname="col5" colwidth="48*"/><tbody valign="top"><row><entry VJ="1" colsep="0" nameend="col5" namest="col1" rowsep="0">Alle oben angegebenen Daten werden in der Geschäftsstelle der Ethik-Kommission vertraulich behandelt.<FnR ID="F799480_02_BJNR233300017BJNE001601130"/></entry></row><row><entry VJ="1" colsep="0" nameend="col5" namest="col1" rowsep="0">Ich erkläre hiermit nach bestem Wissen und Gewissen, dass die Angaben wahrheitsgemäß sind.</entry></row><row><entry VJ="1" colname="col1" colsep="0" rowsep="0">Datum</entry><entry VJ="1" colname="col2" colsep="0" rowsep="0"/><entry VJ="1" colname="col3" colsep="0" rowsep="0"/><entry VJ="1" colname="col4" colsep="0" rowsep="0">Name</entry><entry VJ="1" colname="col5" rowsep="0"/></row><row><entry VJ="1" colsep="0" nameend="col2" namest="col1" rowsep="1"/><entry VJ="1" colname="col3" colsep="0" rowsep="0"/><entry VJ="1" nameend="col5" namest="col4" rowsep="1"/></row><row><entry VJ="1" nameend="col5" namest="col1"/></row></tbody></tgroup></table><P><FnArea Line="1" Size="normal"><FnR ID="F799480_02_BJNR233300017BJNE001601130"/></FnArea></P></Content><Footnotes><Footnote FnZ="*" Group="manuell" ID="F799480_02_BJNR233300017BJNE001601130" Pos="normal">Davon unberührt bleiben gesetzliche Ansprüche auf die Herausgabe von Informationen.</Footnote></Footnotes></text><fussnoten/></textdaten></norm>
<norm builddate="20250918215503" doknr="BJNR233300017BJNE001701130"><metadaten><jurabk>KPBV</jurabk><enbez>Anlage 2</enbez><titel format="XML">(zu § 3)<BR/>Jährliche Erklärung zu finanziellen Interessen (Artikel 9 Absatz 1 Unterabsatz 2 der Verordnung (EU) Nr. 536/2014)</titel></metadaten><textdaten><text format="XML"><Content><P><noindex><kommentar typ="Fundstelle">(Fundstelle: BGBl. I 2017, 2340 - 2342)</kommentar></noindex></P><BR/><table frame="none" pgwide="1" tocentry="%yes;"><tgroup align="left" char="" charoff="50" cols="5"><colspec colname="col1" colwidth="4*"/><colspec colname="col2" colwidth="25.5*"/><colspec colname="col3" colwidth="57*"/><colspec colname="col4" colwidth="25.5*"/><colspec colname="col5" colwidth="51*"/><tbody valign="top"><row><entry VJ="1" colname="col1" colsep="0" rowsep="0"><B>1.</B></entry><entry VJ="1" nameend="col5" namest="col2" rowsep="0"><SP><B>Angaben zu persönlichen Verhältnissen</B></SP></entry></row><row><entry VJ="1" colname="col1" colsep="0" rowsep="0"/><entry VJ="1" nameend="col5" namest="col2" rowsep="0"><B>Anrede</B></entry></row><row><entry VJ="1" colname="col1" colsep="0" rowsep="0"/><entry VJ="1" nameend="col5" namest="col2" rowsep="0"><B>(Titel) Vorname Nachname</B></entry></row><row><entry VJ="1" colname="col1" colsep="0" rowsep="0"/><entry VJ="1" nameend="col5" namest="col2" rowsep="0"><B>Adresse</B></entry></row><row><entry VJ="1" colname="col1" colsep="0" rowsep="0"/><entry VJ="1" nameend="col5" namest="col2" rowsep="0"><B>Kontaktdaten (Telefon, E-Mail)</B></entry></row><row><entry VJ="1" colname="col1" colsep="0" rowsep="0"/><entry VJ="1" nameend="col5" namest="col2" rowsep="0"><B>Aktuelle(s) Beschäftigung(sverhältnis(se)) (ggf. Name des Unternehmens, Tätigkeit)</B></entry></row><row><entry VJ="1" colname="col1" colsep="0" rowsep="0"/><entry VJ="1" colsep="0" nameend="col3" namest="col2" rowsep="0"><B>Mitglied der Ethik-Kommission</B>  <F>☐</F></entry><entry VJ="1" nameend="col5" namest="col4" rowsep="0"><B>externer Sachverständiger</B>  <F>☐</F></entry></row><row><entry VJ="1" colname="col1" colsep="0" rowsep="0"/><entry VJ="1" align="justify" nameend="col5" namest="col2" rowsep="0">Haben sich Änderungen gegenüber Ihrer Erklärung zu Ihren finanziellen Interessen aus dem vorangegangenen Kalenderjahr <U>      </U> ergeben?</entry></row><row><entry VJ="1" colname="col1" colsep="0" rowsep="0"/><entry VJ="1" colname="col2" colsep="0" rowsep="0">Ja</entry><entry VJ="1" colname="col3" colsep="0" rowsep="0"><F>☐</F></entry><entry VJ="1" colname="col4" colsep="0" rowsep="0">Nein</entry><entry VJ="1" colname="col5" rowsep="0"><F>☐</F></entry></row><row><entry VJ="1" colname="col1" colsep="0"/><entry VJ="1" align="justify" nameend="col5" namest="col2">Falls „Ja“ oder im Fall der erstmaligen Abgabe der Erklärung oder im Fall der fehlenden Abgabe der Erklärung im vorangegangenen Kalenderjahr, beantworten Sie bitte die Fragen 2 Buchstabe a bis f.</entry></row></tbody></tgroup></table><table frame="none" pgwide="1" tocentry="%yes;"><tgroup align="left" char="" charoff="50" cols="8"><colspec colname="col1" colwidth="3.79*"/><colspec colname="col2" colwidth="5.10*"/><colspec colname="col3" colwidth="25.51*"/><colspec colname="col4" colwidth="26.53*"/><colspec colname="col5" colwidth="25.51*"/><colspec colname="col6" colwidth="25.51*"/><colspec colname="col7" colwidth="51.02*"/><colspec colname="col8" colwidth="2.04*"/><tbody valign="top"><row><entry VJ="1" colname="col1" colsep="0" rowsep="0"><B>2.</B></entry><entry VJ="1" colsep="0" nameend="col7" namest="col2" rowsep="0"><SP><B>Angaben zu beruflichen und finanziellen Verhältnissen</B></SP></entry><entry VJ="1" colname="col8" rowsep="0"/></row><row><entry VJ="1" colname="col1" colsep="0" rowsep="0"/><entry VJ="1" colname="col2" colsep="0" rowsep="0"><B>a)</B></entry><entry VJ="1" colsep="0" nameend="col7" namest="col3" rowsep="0"><B>Beschäftigungsverhältnisse</B><FnR ID="F799480_03_BJNR233300017BJNE001701130"/></entry><entry VJ="1" colname="col8" rowsep="0"/></row><row><entry VJ="1" colname="col1" colsep="0" rowsep="0"/><entry VJ="1" colname="col2" colsep="0" rowsep="0"/><entry VJ="1" align="justify" colsep="0" nameend="col7" namest="col3" rowsep="0">Sind Sie gegenwärtig oder waren Sie innerhalb der vergangenen drei Kalenderjahre, abgesehen von dem/den unter 1. genannten Beschäftigungsverhältnis/sen, in einer Organisation im Gesundheitswesen (pharmazeutisches Unternehmen<FnR ID="F799480_04_BJNR233300017BJNE001701130"/>, Universität, Interessenverband, Auftragsforschungsinstitut, Hersteller, Forschungseinrichtung) beschäftigt?</entry><entry VJ="1" colname="col8" rowsep="0"/></row><row><entry VJ="1" colname="col1" colsep="0" rowsep="0"/><entry VJ="1" colname="col2" colsep="0" rowsep="0"/><entry VJ="1" colname="col3" colsep="0" rowsep="0">Ja</entry><entry VJ="1" colname="col4" colsep="0" rowsep="0"><F>☐</F></entry><entry VJ="1" colname="col5" colsep="0" rowsep="0"/><entry VJ="1" colname="col6" colsep="0" rowsep="0">Nein</entry><entry VJ="1" colname="col7" colsep="0" rowsep="0"><F>☐</F></entry><entry VJ="1" colname="col8" rowsep="0"/></row><row><entry VJ="1" colname="col1" colsep="0" rowsep="0"/><entry VJ="1" colname="col2" colsep="0" rowsep="0"/><entry VJ="1" colsep="0" nameend="col7" namest="col3" rowsep="1">Falls „Ja“, ergänzen Sie bitte die nachfolgenden Angaben:</entry><entry VJ="1" colname="col8" rowsep="0"/></row><row><entry VJ="1" colname="col1" colsep="0" rowsep="0"/><entry VJ="1" colname="col2" colsep="1" rowsep="0"/><entry VJ="1" align="center" colsep="1" nameend="col4" namest="col3" rowsep="1">Name der Organisation</entry><entry VJ="1" align="center" colsep="1" nameend="col6" namest="col5" rowsep="1">Zeitraum (Monat/Jahr)</entry><entry VJ="1" align="center" colname="col7" colsep="1" rowsep="1">Funktion</entry><entry VJ="1" colname="col8" rowsep="0"/></row><row><entry VJ="1" colname="col1" colsep="0" rowsep="0"/><entry VJ="1" colname="col2" colsep="1" rowsep="0"/><entry VJ="1" colsep="1" nameend="col4" namest="col3" rowsep="1"/><entry VJ="1" colsep="1" nameend="col6" namest="col5" rowsep="1"/><entry VJ="1" colname="col7" colsep="1" rowsep="1"/><entry VJ="1" colname="col8" rowsep="0"/></row><row><entry VJ="1" colname="col1" colsep="0" rowsep="0"/><entry VJ="1" colname="col2" colsep="1" rowsep="0"/><entry VJ="1" colsep="1" nameend="col4" namest="col3" rowsep="1"/><entry VJ="1" colsep="1" nameend="col6" namest="col5" rowsep="1"/><entry VJ="1" colname="col7" colsep="1" rowsep="1"/><entry VJ="1" colname="col8" rowsep="0"/></row><row><entry VJ="1" colname="col1" colsep="0" rowsep="0"/><entry VJ="1" colname="col2" colsep="1" rowsep="0"/><entry VJ="1" colsep="1" nameend="col4" namest="col3" rowsep="1"/><entry VJ="1" colsep="1" nameend="col6" namest="col5" rowsep="1"/><entry VJ="1" colname="col7" colsep="1" rowsep="1"/><entry VJ="1" colname="col8" rowsep="0"/></row><row><entry VJ="1" colname="col1" colsep="0" rowsep="0"/><entry VJ="1" colname="col2" colsep="0" rowsep="0"><B>b)</B></entry><entry VJ="1" colsep="0" nameend="col7" namest="col3" rowsep="0"><B>Beratungsverhältnisse</B><FnR ID="F799480_05_BJNR233300017BJNE001701130"/></entry><entry VJ="1" colname="col8" rowsep="0"/></row><row><entry VJ="1" colname="col1" colsep="0" rowsep="0"/><entry VJ="1" colname="col2" colsep="0" rowsep="0"/><entry VJ="1" align="justify" colsep="0" nameend="col7" namest="col3" rowsep="0">Sind Sie gegenwärtig oder waren Sie innerhalb der vergangenen drei Kalenderjahre in einer Organisation im Gesundheitswesen oder für eine Organisation im Gesundheitswesen beratend tätig?</entry><entry VJ="1" colname="col8" rowsep="0"/></row><row><entry VJ="1" colname="col1" colsep="0" rowsep="0"/><entry VJ="1" colname="col2" colsep="0" rowsep="0"/><entry VJ="1" colname="col3" colsep="0" rowsep="0">Ja</entry><entry VJ="1" colname="col4" colsep="0" rowsep="0"><F>☐</F></entry><entry VJ="1" colname="col5" colsep="0" rowsep="0"/><entry VJ="1" colname="col6" colsep="0" rowsep="0">Nein</entry><entry VJ="1" colname="col7" colsep="0" rowsep="0"><F>☐</F></entry><entry VJ="1" colname="col8" rowsep="0"/></row><row><entry VJ="1" colname="col1" colsep="0" rowsep="0"/><entry VJ="1" colname="col2" colsep="0" rowsep="0"/><entry VJ="1" colsep="0" nameend="col7" namest="col3" rowsep="1">Falls „Ja“, ergänzen Sie bitte die nachfolgenden Angaben:</entry><entry VJ="1" colname="col8" rowsep="0"/></row><row><entry VJ="1" colname="col1" colsep="0" rowsep="0"/><entry VJ="1" colname="col2" colsep="1" rowsep="0"/><entry VJ="1" align="center" colsep="1" nameend="col4" namest="col3" rowsep="1">Name der Organisation</entry><entry VJ="1" align="center" colsep="1" nameend="col6" namest="col5" rowsep="1">Zeitraum (Monat/Jahr)</entry><entry VJ="1" align="center" colname="col7" colsep="1" rowsep="1">Funktion</entry><entry VJ="1" colname="col8" rowsep="0"/></row><row><entry VJ="1" colname="col1" colsep="0" rowsep="0"/><entry VJ="1" colname="col2" colsep="1" rowsep="0"/><entry VJ="1" colsep="1" nameend="col4" namest="col3" rowsep="1"/><entry VJ="1" colsep="1" nameend="col6" namest="col5" rowsep="1"/><entry VJ="1" colname="col7" colsep="1" rowsep="1"/><entry VJ="1" colname="col8" rowsep="0"/></row><row><entry VJ="1" colname="col1" colsep="0" rowsep="0"/><entry VJ="1" colname="col2" colsep="1" rowsep="0"/><entry VJ="1" colsep="1" nameend="col4" namest="col3" rowsep="1"/><entry VJ="1" colsep="1" nameend="col6" namest="col5" rowsep="1"/><entry VJ="1" colname="col7" colsep="1" rowsep="1"/><entry VJ="1" colname="col8" rowsep="0"/></row><row><entry VJ="1" colname="col1" colsep="0" rowsep="0"/><entry VJ="1" colname="col2" colsep="1" rowsep="0"/><entry VJ="1" colsep="1" nameend="col4" namest="col3" rowsep="1"/><entry VJ="1" colsep="1" nameend="col6" namest="col5" rowsep="1"/><entry VJ="1" colname="col7" colsep="1" rowsep="1"/><entry VJ="1" colname="col8" rowsep="0"/></row><row><entry VJ="1" colname="col1" colsep="0" rowsep="0"/><entry VJ="1" colname="col2" colsep="0" rowsep="0"><B>c)</B></entry><entry VJ="1" colsep="0" nameend="col7" namest="col3" rowsep="0"><B>Drittmittel oder sonstige Unterstützung</B></entry><entry VJ="1" colname="col8" rowsep="0"/></row><row><entry VJ="1" colname="col1" colsep="0" rowsep="0"/><entry VJ="1" colname="col2" colsep="0" rowsep="0"/><entry VJ="1" align="justify" colsep="0" nameend="col7" namest="col3" rowsep="0">Erhalten Sie derzeit oder erhielten Sie innerhalb der vergangenen drei Kalenderjahre direkt oder indirekt finanzielle, personelle oder sonstige Unterstützung für Forschungsaktivitäten oder für andere wissenschaftliche Tätigkeiten wie z. B. Gutachten oder Patentanmeldungen?</entry><entry VJ="1" colname="col8" rowsep="0"/></row><row><entry VJ="1" colname="col1" colsep="0" rowsep="0"/><entry VJ="1" colname="col2" colsep="0" rowsep="0"/><entry VJ="1" colname="col3" colsep="0" rowsep="0">Ja</entry><entry VJ="1" colname="col4" colsep="0" rowsep="0"><F>☐</F></entry><entry VJ="1" colname="col5" colsep="0" rowsep="0"/><entry VJ="1" colname="col6" colsep="0" rowsep="0">Nein</entry><entry VJ="1" colname="col7" colsep="0" rowsep="0"><F>☐</F></entry><entry VJ="1" colname="col8" rowsep="0"/></row><row><entry VJ="1" colname="col1" colsep="0" rowsep="0"/><entry VJ="1" colname="col2" colsep="0" rowsep="0"/><entry VJ="1" colsep="0" nameend="col7" namest="col3" rowsep="1">Falls „Ja“, ergänzen Sie bitte die nachfolgenden Angaben:</entry><entry VJ="1" colname="col8" rowsep="0"/></row><row><entry VJ="1" colname="col1" colsep="0" rowsep="0"/><entry VJ="1" colname="col2" colsep="1" rowsep="0"/><entry VJ="1" align="center" colsep="1" nameend="col4" namest="col3" rowsep="1">Name des Unterstützers</entry><entry VJ="1" align="center" colsep="1" nameend="col6" namest="col5" rowsep="1">Art und Zweck der Unterstützung</entry><entry VJ="1" align="center" colname="col7" colsep="1" rowsep="1">Zeitraum (Monat/Jahr)</entry><entry VJ="1" colname="col8" rowsep="0"/></row><row><entry VJ="1" colname="col1" colsep="0" rowsep="0"/><entry VJ="1" colname="col2" colsep="1" rowsep="0"/><entry VJ="1" colsep="1" nameend="col4" namest="col3" rowsep="1"/><entry VJ="1" colsep="1" nameend="col6" namest="col5" rowsep="1"/><entry VJ="1" colname="col7" colsep="1" rowsep="1"/><entry VJ="1" colname="col8" rowsep="0"/></row><row><entry VJ="1" colname="col1" colsep="0" rowsep="0"/><entry VJ="1" colname="col2" colsep="1" rowsep="0"/><entry VJ="1" colsep="1" nameend="col4" namest="col3" rowsep="1"/><entry VJ="1" colsep="1" nameend="col6" namest="col5" rowsep="1"/><entry VJ="1" colname="col7" colsep="1" rowsep="1"/><entry VJ="1" colname="col8" rowsep="0"/></row><row><entry VJ="1" colname="col1" colsep="0" rowsep="0"/><entry VJ="1" colname="col2" colsep="1" rowsep="0"/><entry VJ="1" colsep="1" nameend="col4" namest="col3" rowsep="1"/><entry VJ="1" colsep="1" nameend="col6" namest="col5" rowsep="1"/><entry VJ="1" colname="col7" colsep="1" rowsep="1"/><entry VJ="1" colname="col8" rowsep="0"/></row><row><entry VJ="1" colname="col1" colsep="0" rowsep="0"/><entry VJ="1" colname="col2" colsep="0" rowsep="0"><B>d)</B></entry><entry VJ="1" colsep="0" nameend="col7" namest="col3" rowsep="0"><B>Beteiligungen</B></entry><entry VJ="1" colname="col8" rowsep="0"/></row><row><entry VJ="1" colname="col1" colsep="0" rowsep="0"/><entry VJ="1" colname="col2" colsep="0" rowsep="0"/><entry VJ="1" align="justify" colsep="0" nameend="col7" namest="col3" rowsep="0">Halten Sie eine finanzielle Beteiligung (z. B. Aktien) an einer Organisation im Gesundheitswesen (Investmentfonds ausgenommen)?</entry><entry VJ="1" colname="col8" rowsep="0"/></row><row><entry VJ="1" colname="col1" colsep="0" rowsep="0"/><entry VJ="1" colname="col2" colsep="0" rowsep="0"/><entry VJ="1" colname="col3" colsep="0" rowsep="0">Ja</entry><entry VJ="1" colname="col4" colsep="0" rowsep="0"><F>☐</F></entry><entry VJ="1" colname="col5" colsep="0" rowsep="0"/><entry VJ="1" colname="col6" colsep="0" rowsep="0">Nein</entry><entry VJ="1" colname="col7" colsep="0" rowsep="0"><F>☐</F></entry><entry VJ="1" colname="col8" rowsep="0"/></row><row><entry VJ="1" colname="col1" colsep="0" rowsep="0"/><entry VJ="1" colname="col2" colsep="0" rowsep="0"/><entry VJ="1" colsep="0" nameend="col7" namest="col3" rowsep="1">Falls „Ja“, ergänzen Sie bitte die nachfolgenden Angaben:</entry><entry VJ="1" colname="col8" rowsep="0"/></row><row><entry VJ="1" colname="col1" colsep="0" rowsep="0"/><entry VJ="1" colname="col2" colsep="1" rowsep="0"/><entry VJ="1" colsep="1" nameend="col7" namest="col3" rowsep="1">Name der Organisation</entry><entry VJ="1" colname="col8" rowsep="0"/></row><row><entry VJ="1" colname="col1" colsep="0" rowsep="0"/><entry VJ="1" colname="col2" colsep="1" rowsep="0"/><entry VJ="1" colsep="1" nameend="col7" namest="col3" rowsep="1"/><entry VJ="1" colname="col8" rowsep="0"/></row><row><entry VJ="1" colname="col1" colsep="0" rowsep="0"/><entry VJ="1" colname="col2" colsep="1" rowsep="0"/><entry VJ="1" colsep="1" nameend="col7" namest="col3" rowsep="1"/><entry VJ="1" colname="col8" rowsep="0"/></row><row><entry VJ="1" colname="col1" colsep="0" rowsep="0"/><entry VJ="1" colname="col2" colsep="1" rowsep="0"/><entry VJ="1" colsep="1" nameend="col7" namest="col3" rowsep="1"/><entry VJ="1" colname="col8" rowsep="0"/></row><row><entry VJ="1" colname="col1" colsep="0" rowsep="0"/><entry VJ="1" colname="col2" colsep="0" rowsep="0"><B>e)</B></entry><entry VJ="1" colsep="0" nameend="col7" namest="col3" rowsep="0"><B>Patente</B></entry><entry VJ="1" colname="col8" rowsep="0"/></row><row><entry VJ="1" colname="col1" colsep="0" rowsep="0"/><entry VJ="1" colname="col2" colsep="0" rowsep="0"/><entry VJ="1" colsep="0" nameend="col7" namest="col3" rowsep="0">Halten Sie ein Patent für ein Arzneimittel/einen Wirkstoff?</entry><entry VJ="1" colname="col8" rowsep="0"/></row><row><entry VJ="1" colname="col1" colsep="0" rowsep="0"/><entry VJ="1" colname="col2" colsep="0" rowsep="0"/><entry VJ="1" colname="col3" colsep="0" rowsep="0">Ja</entry><entry VJ="1" colname="col4" colsep="0" rowsep="0"><F>☐</F></entry><entry VJ="1" colname="col5" colsep="0" rowsep="0"/><entry VJ="1" colname="col6" colsep="0" rowsep="0">Nein</entry><entry VJ="1" colname="col7" colsep="0" rowsep="0"><F>☐</F></entry><entry VJ="1" colname="col8" rowsep="0"/></row><row><entry VJ="1" colname="col1" colsep="0" rowsep="0"/><entry VJ="1" colname="col2" colsep="0" rowsep="0"/><entry VJ="1" colsep="0" nameend="col7" namest="col3" rowsep="1">Falls „Ja“, ergänzen Sie bitte die nachfolgenden Angaben:</entry><entry VJ="1" colname="col8" rowsep="0"/></row><row><entry VJ="1" colname="col1" colsep="0" rowsep="0"/><entry VJ="1" colname="col2" colsep="1" rowsep="0"/><entry VJ="1" align="center" colsep="1" nameend="col5" namest="col3" rowsep="1">Name des pharmazeutischen Unternehmens/des Herstellers</entry><entry VJ="1" align="center" colsep="1" nameend="col7" namest="col6" rowsep="1">Name des Arzneimittels/Wirkstoffs</entry><entry VJ="1" colname="col8" rowsep="0"/></row><row><entry VJ="1" colname="col1" colsep="0" rowsep="0"/><entry VJ="1" colname="col2" colsep="1" rowsep="0"/><entry VJ="1" colsep="1" nameend="col5" namest="col3" rowsep="1"/><entry VJ="1" colsep="1" nameend="col7" namest="col6" rowsep="1"/><entry VJ="1" colname="col8" rowsep="0"/></row><row><entry VJ="1" colname="col1" colsep="0" rowsep="0"/><entry VJ="1" colname="col2" colsep="1" rowsep="0"/><entry VJ="1" colsep="1" nameend="col5" namest="col3" rowsep="1"/><entry VJ="1" colsep="1" nameend="col7" namest="col6" rowsep="1"/><entry VJ="1" colname="col8" rowsep="0"/></row><row><entry VJ="1" colname="col1" colsep="0" rowsep="0"/><entry VJ="1" colname="col2" colsep="1" rowsep="0"/><entry VJ="1" colsep="1" nameend="col5" namest="col3" rowsep="1"/><entry VJ="1" colsep="1" nameend="col7" namest="col6" rowsep="1"/><entry VJ="1" colname="col8" rowsep="0"/></row><row><entry VJ="1" colname="col1" colsep="0" rowsep="0"/><entry VJ="1" colname="col2" colsep="0" rowsep="0"><B>f)</B></entry><entry VJ="1" colsep="0" nameend="col7" namest="col3" rowsep="0"><B>Prüfer</B></entry><entry VJ="1" colname="col8" rowsep="0"/></row><row><entry VJ="1" colname="col1" colsep="0" rowsep="0"/><entry VJ="1" colname="col2" colsep="0" rowsep="0"/><entry VJ="1" align="justify" colsep="0" nameend="col7" namest="col3" rowsep="0">Sind oder waren Sie innerhalb der vergangenen drei Kalenderjahre Prüfer bei einer klinischen Prüfung?</entry><entry VJ="1" colname="col8" rowsep="0"/></row><row><entry VJ="1" colname="col1" colsep="0"/><entry VJ="1" colname="col2" colsep="0"/><entry VJ="1" colname="col3" colsep="0">Ja</entry><entry VJ="1" colname="col4" colsep="0"><F>☐</F></entry><entry VJ="1" colname="col5" colsep="0"/><entry VJ="1" colname="col6" colsep="0">Nein</entry><entry VJ="1" colname="col7" colsep="0"><F>☐</F></entry><entry VJ="1" colname="col8"/></row></tbody></tgroup></table><table frame="none" pgwide="1" tocentry="%yes;"><tgroup align="left" char="" charoff="50" cols="7"><colspec colname="col1" colwidth="3.93*"/><colspec colname="col2" colwidth="5.10*"/><colspec colname="col3" colwidth="38.45*"/><colspec colname="col4" colwidth="38.59*"/><colspec colname="col5" colwidth="38.45*"/><colspec colname="col6" colwidth="38.45*"/><colspec colname="col7" colwidth="2.04*"/><tbody valign="top"><row><entry VJ="1" colname="col1" colsep="0" rowsep="0"/><entry VJ="1" colname="col2" colsep="0" rowsep="0"/><entry VJ="1" colsep="0" nameend="col6" namest="col3" rowsep="1">Falls „Ja“, ergänzen Sie bitte die nachfolgenden Angaben:</entry><entry VJ="1" colname="col7" rowsep="0"/></row><row><entry VJ="1" colname="col1" colsep="0" rowsep="0"/><entry VJ="1" colname="col2" colsep="1" rowsep="0"/><entry VJ="1" align="center" colname="col3" colsep="1" rowsep="1">Name des Sponsors</entry><entry VJ="1" align="center" colname="col4" colsep="1" rowsep="1">Zeitraum (Monat/Jahr)</entry><entry VJ="1" align="center" colname="col5" colsep="1" rowsep="1">Produktname</entry><entry VJ="1" align="center" colname="col6">Therapeutische Indikation</entry><entry VJ="1" colname="col7" rowsep="0"/></row><row><entry VJ="1" colname="col1" colsep="0" rowsep="0"/><entry VJ="1" colname="col2" colsep="1" rowsep="0"/><entry VJ="1" colname="col3" colsep="1" rowsep="1"/><entry VJ="1" colname="col4" colsep="1" rowsep="1"/><entry VJ="1" colname="col5" colsep="1" rowsep="1"/><entry VJ="1" colname="col6" colsep="1" rowsep="1"/><entry VJ="1" colname="col7" rowsep="0"/></row><row><entry VJ="1" colname="col1" colsep="0" rowsep="0"/><entry VJ="1" colname="col2" colsep="1" rowsep="0"/><entry VJ="1" colname="col3" colsep="1" rowsep="1"/><entry VJ="1" colname="col4" colsep="1" rowsep="1"/><entry VJ="1" colname="col5" colsep="1" rowsep="1"/><entry VJ="1" colname="col6" colsep="1" rowsep="1"/><entry VJ="1" colname="col7" rowsep="0"/></row><row><entry VJ="1" colname="col1" colsep="0" rowsep="0"/><entry VJ="1" colname="col2" colsep="1" rowsep="0"/><entry VJ="1" colname="col3" colsep="1" rowsep="1"/><entry VJ="1" colname="col4" colsep="1" rowsep="1"/><entry VJ="1" colname="col5" colsep="1" rowsep="1"/><entry VJ="1" colname="col6" colsep="1" rowsep="1"/><entry VJ="1" colname="col7" rowsep="0"/></row><row><entry VJ="1" colname="col1" colsep="0"/><entry VJ="1" colname="col2" colsep="0"/><entry VJ="1" colname="col3" colsep="0"/><entry VJ="1" colname="col4" colsep="0"/><entry VJ="1" colname="col5" colsep="0"/><entry VJ="1" colname="col6" colsep="0"/><entry VJ="1" colname="col7"/></row></tbody></tgroup></table><table frame="none" pgwide="1" tocentry="%yes;"><tgroup align="left" char="" charoff="50" cols="5"><colspec colname="col1" colwidth="5*"/><colspec colname="col2" colwidth="75*"/><colspec colname="col3" colwidth="10*"/><colspec colname="col4" colwidth="73*"/><colspec colname="col5" colwidth="2*"/><tbody valign="top"><row><entry VJ="1" colname="col1" colsep="0" rowsep="0"><B>3.</B></entry><entry VJ="1" colsep="0" nameend="col4" namest="col2" rowsep="0"><SP><B>Datenschutz</B></SP></entry><entry VJ="1" rowsep="0"/></row><row><entry VJ="1" colname="col1" colsep="0" rowsep="0"/><entry VJ="1" colsep="0" nameend="col4" namest="col2" rowsep="0">Alle oben angegebenen Daten werden in der Geschäftsstelle der Ethik-Kommission vertraulich behandelt.<FnR ID="F799480_06_BJNR233300017BJNE001701130"/></entry><entry VJ="1" colname="col5" rowsep="0"/></row><row><entry VJ="1" colname="col1" colsep="0" rowsep="0"/><entry VJ="1" align="justify" colsep="0" nameend="col4" namest="col2" rowsep="0">Ich erkläre hiermit nach bestem Wissen und Gewissen, dass die Angaben wahrheitsgemäß sind und außer den oben angegebenen Interessen und ___________________________________________ (ggf. hier weitere Angaben einfügen) keine weiteren Tatsachen vorliegen, die geeignet sind, die Auswirkungen auf die Unparteilichkeit haben könnten.</entry><entry VJ="1" colname="col5" rowsep="0"/></row><row><entry VJ="1" colname="col1" colsep="0"/><entry VJ="1" align="justify" colsep="0" nameend="col4" namest="col2">Ich verpflichte mich, jede Änderung der vorstehenden Angaben unverzüglich gegenüber der Geschäftsstelle der Ethik-Kommission anzuzeigen.</entry><entry VJ="1" colname="col5"/></row></tbody></tgroup></table><table frame="none" pgwide="1" tocentry="%yes;"><tgroup align="left" char="" charoff="50" cols="5"><colspec colname="col1" colwidth="29*"/><colspec colname="col2" colwidth="48*"/><colspec colname="col3" colwidth="11*"/><colspec colname="col4" colwidth="29*"/><colspec colname="col5" colwidth="48*"/><tbody valign="top"><row><entry VJ="1" colname="col1" colsep="0" rowsep="0">Datum</entry><entry VJ="1" colname="col2" colsep="0" rowsep="0"/><entry VJ="1" colname="col3" colsep="0" rowsep="0"/><entry VJ="1" colname="col4" colsep="0" rowsep="0">Name</entry><entry VJ="1" colname="col5" rowsep="0"/></row><row><entry VJ="1" colsep="0" nameend="col2" namest="col1" rowsep="1"> </entry><entry VJ="1" colname="col3" colsep="0" rowsep="0"> </entry><entry VJ="1" nameend="col5" namest="col4" rowsep="1"> </entry></row><row><entry VJ="1" nameend="col5" namest="col1"/></row></tbody></tgroup></table><P><FnArea Line="1" Size="normal"><FnR ID="F799480_03_BJNR233300017BJNE001701130"/><FnR ID="F799480_04_BJNR233300017BJNE001701130"/><FnR ID="F799480_05_BJNR233300017BJNE001701130"/><FnR ID="F799480_06_BJNR233300017BJNE001701130"/></FnArea></P></Content><Footnotes><Footnote FnZ="1" Group="manuell" ID="F799480_03_BJNR233300017BJNE001701130" Pos="exp">Beschäftigung meint jede Form einer Tätigkeit in Teil- oder Vollzeit, bezahlt oder unbezahlt in einer Organisation im Gesundheitswesen.</Footnote><Footnote FnZ="2" Group="manuell" ID="F799480_04_BJNR233300017BJNE001701130" Pos="exp">Pharmazeutisches Unternehmen ist jede natürliche oder juristische Person oder Personengesellschaft, die Arzneimittel erforscht, entwickelt, herstellt, in Verkehr bringt oder vertreibt. Dies schließt Unternehmen ein, auf die durch Vertrag Tätigkeiten im Zusammenhang mit der Erforschung, Entwicklung, Herstellung, dem Inverkehrbringen und der Bereitstellung von Arzneimitteln übertragen werden.</Footnote><Footnote FnZ="3" Group="manuell" ID="F799480_05_BJNR233300017BJNE001701130" Pos="exp">Beratungsverhältnis meint jede beratende Tätigkeit ungeachtet ihrer vertraglichen Grundlage und ihrer Vergütung.</Footnote><Footnote FnZ="4" Group="manuell" ID="F799480_06_BJNR233300017BJNE001701130" Pos="exp">Davon unberührt bleiben gesetzliche Ansprüche auf die Herausgabe von Informationen.</Footnote></Footnotes></text><fussnoten/></textdaten></norm>
<norm builddate="20250918215503" doknr="BJNR233300017BJNE001802130"><metadaten><jurabk>KPBV</jurabk><enbez>Anlage 3</enbez><titel format="XML">(zu § 12)<BR/>Verzeichnis über die Höhe der Gebühren der Ethik-Kommissionen</titel></metadaten><textdaten><text format="XML"><Content><P><noindex><kommentar typ="Fundstelle">(Fundstelle: Fundstelle: BGBl. 2024 I Nr. 324, S. 27 – 28)</kommentar></noindex></P><BR/><table colsep="1" frame="all" pgwide="1" tocentry="%yes;"><tgroup align="left" char="" charoff="50" cols="3"><colspec colname="col1" colwidth="13*"/><colspec align="justify" colname="col2" colwidth="125*"/><colspec align="right" colname="col3" colwidth="27*"/><thead valign="bottom"><row rowsep="1"><entry VJ="1" align="center" colname="col1">Nummer</entry><entry VJ="1" align="center" colname="col2">Gebührenpflichtige Leistung</entry><entry VJ="1" align="center" colname="col3">Gebühr in Euro</entry></row></thead><tbody valign="top"><row><entry VJ="1" colname="col1" rowsep="0"><B>1</B></entry><entry VJ="1" colname="col2" rowsep="0"><B>Bewertung von Teil I</B></entry><entry VJ="1" colname="col3" rowsep="0"/></row><row><entry VJ="1" colname="col1" rowsep="0">1.1</entry><entry VJ="1" colname="col2" rowsep="0">Mononationale klinische Prüfung oder multinationale klinische Prüfung mit der Bundesrepublik Deutschland als betroffenem Mitgliedstaat der Europäischen Union</entry><entry VJ="1" colname="col3" rowsep="0">2 700</entry></row><row><entry VJ="1" colname="col1" rowsep="0">1.1.1</entry><entry VJ="1" colname="col2" rowsep="0">Prüfpläne mit integriertem Studienprotokoll für jede zusätzliche Teilstudie</entry><entry VJ="1" colname="col3" rowsep="0">2 000</entry></row><row><entry VJ="1" colname="col1" rowsep="0">1.2</entry><entry VJ="1" colname="col2" rowsep="0">Multinationale klinische Prüfung mit der Bundesrepublik Deutschland als berichterstattendem Mitgliedstaat der Europäischen Union</entry><entry VJ="1" colname="col3" rowsep="0">3 650</entry></row><row><entry VJ="1" colname="col1" rowsep="0">1.2.1</entry><entry VJ="1" colname="col2" rowsep="0">Prüfpläne mit integrierten Studienprotokollen für jede zusätzliche Teilstudie</entry><entry VJ="1" colname="col3" rowsep="0">2 500</entry></row><row><entry VJ="1" colname="col1" rowsep="0">1.3</entry><entry VJ="1" colname="col2" rowsep="0">Erneute Bewertung bei späterer Hinzuziehung eines betroffenen Mitgliedstaats der Europäischen Union bei einer klinischen Prüfung mit der Bundesrepublik Deutschland als berichterstattendem Mitgliedstaat der Europäischen Union</entry><entry VJ="1" colname="col3" rowsep="0">1 800</entry></row><row><entry VJ="1" colname="col1" rowsep="0">1.4</entry><entry VJ="1" colname="col2" rowsep="0">Erneute Bewertung bei späterer Hinzuziehung eines zusätzlichen betroffenen Mitgliedstaats der Europäischen Union bei einer klinischen Prüfung mit der Bundesrepublik Deutschland als betroffenem Mitgliedstaat der Europäischen Union</entry><entry VJ="1" colname="col3" rowsep="0">1 600</entry></row><row><entry VJ="1" colname="col1" rowsep="0">1.5</entry><entry VJ="1" colname="col2" rowsep="0">Erhöhung der jeweiligen Gebühr nach den Nummern 1.1 bis 1.4 bei Arzneimitteln für neuartige Therapien</entry><entry VJ="1" colname="col3" rowsep="0">jeweils auf<BR/> das 1,3-fache<BR/> der Gebühr</entry></row><row><entry VJ="1" colname="col1" rowsep="0"><B>2</B></entry><entry VJ="1" colname="col2" rowsep="0"><B>Bewertung von Teil II und Erstellung des Bewertungsberichts</B></entry><entry VJ="1" colname="col3" rowsep="0"/></row><row><entry VJ="1" colname="col1" rowsep="0">2.1</entry><entry VJ="1" colname="col2" rowsep="0">Bewertung von Teil II und Erstellung des Bewertungsberichts bei gleichzeitiger Einreichung mit Teil I ohne Prüfer und Prüfstellen</entry><entry VJ="1" colname="col3" rowsep="0">2 700</entry></row><row><entry VJ="1" colname="col1" rowsep="0">2.1.1</entry><entry VJ="1" colname="col2" rowsep="0">Bewertung von Teil II und Erstellung des Bewertungsberichts bei getrennter Einreichung von Teil I ohne Prüfer und Prüfstellen</entry><entry VJ="1" colname="col3" rowsep="0">3 800</entry></row><row><entry VJ="1" colname="col1" rowsep="0">2.2</entry><entry VJ="1" colname="col2" rowsep="0">Einmalige Bewertung der grundsätzlichen Anforderungen an die Eignung der an der klinischen Prüfung mitwirkenden Personen</entry><entry VJ="1" colname="col3" rowsep="0">400</entry></row><row><entry VJ="1" colname="col1" rowsep="0">2.2.1</entry><entry VJ="1" colname="col2" rowsep="0">Bewertung des einzelnen Prüfers</entry><entry VJ="1" colname="col3" rowsep="0">65</entry></row><row><entry VJ="1" colname="col1" rowsep="0">2.2.2</entry><entry VJ="1" colname="col2" rowsep="0">Je Nachforderung zur Bewertung des einzelnen Prüfers</entry><entry VJ="1" colname="col3" rowsep="0">55</entry></row><row><entry VJ="1" colname="col1" rowsep="0">2.3</entry><entry VJ="1" colname="col2" rowsep="0">Einmalige Bewertung der grundsätzlichen Anforderungen an die Eignung der Prüfstelle</entry><entry VJ="1" colname="col3" rowsep="0">400</entry></row><row><entry VJ="1" colname="col1" rowsep="0">2.3.1</entry><entry VJ="1" colname="col2" rowsep="0">Bewertung der einzelnen Prüfstelle</entry><entry VJ="1" colname="col3" rowsep="0">150</entry></row><row><entry VJ="1" colname="col1" rowsep="0">2.3.2</entry><entry VJ="1" colname="col2" rowsep="0">Je Nachforderung zur Bewertung der einzelnen Prüfstelle</entry><entry VJ="1" colname="col3" rowsep="0">55</entry></row><row><entry VJ="1" colname="col1" rowsep="0"><B>3</B></entry><entry VJ="1" colname="col2" rowsep="0"><B>Bewertung einer wesentlichen Änderung</B></entry><entry VJ="1" colname="col3" rowsep="0"/></row><row><entry VJ="1" colname="col1" rowsep="0">3.1</entry><entry VJ="1" colname="col2" rowsep="0">Wesentliche Änderung zu Teil I</entry><entry VJ="1" colname="col3" rowsep="0"/></row><row><entry VJ="1" colname="col1" rowsep="0">3.1.1</entry><entry VJ="1" colname="col2" rowsep="0">Mononationale klinische Prüfung oder multinationale klinische Prüfung mit der Bundesrepublik Deutschland als betroffenem Mitgliedstaat der Europäischen Union</entry><entry VJ="1" colname="col3" rowsep="0">1 500</entry></row><row><entry VJ="1" colname="col1" rowsep="0">3.1.2</entry><entry VJ="1" colname="col2" rowsep="0">Multinationale klinische Prüfung mit der Bundesrepublik Deutschland als berichterstattendem Mitgliedstaat der Europäischen Union</entry><entry VJ="1" colname="col3" rowsep="0">2 000</entry></row><row><entry VJ="1" colname="col1" rowsep="0">3.2</entry><entry VJ="1" colname="col2" rowsep="0">Wesentliche Änderung zu Teil II</entry><entry VJ="1" colname="col3" rowsep="0"/></row><row><entry VJ="1" colname="col1" rowsep="0">3.2.1</entry><entry VJ="1" colname="col2" rowsep="0">Hinzufügung oder Änderung einer Prüfstelle</entry><entry VJ="1" colname="col3" rowsep="0">150</entry></row><row><entry VJ="1" colname="col1" rowsep="0">3.2.2</entry><entry VJ="1" colname="col2" rowsep="0">Änderung des Hauptprüfers einer Prüfstelle</entry><entry VJ="1" colname="col3" rowsep="0">65</entry></row><row><entry VJ="1" colname="col1" rowsep="0">3.2.3</entry><entry VJ="1" colname="col2" rowsep="0">Sonstige inhaltliche substantielle Änderung</entry><entry VJ="1" colname="col3" rowsep="0">1 150</entry></row><row><entry VJ="1" colname="col1" rowsep="0"><B>4</B></entry><entry VJ="1" colname="col2" rowsep="0"><B>Prüfung einer nicht genehmigungspflichtigen Änderung zu Teil II durch</B></entry><entry VJ="1" colname="col3" rowsep="0">nach Zeitaufwand<BR/> anhand der<BR/> folgenden<BR/> Stundensätze:</entry></row><row><entry VJ="1" colname="col1" rowsep="0"/><entry VJ="1" colname="col2" rowsep="0">a) Verwaltungsmitarbeiter</entry><entry VJ="1" colname="col3" rowsep="0">zu a) 76</entry></row><row><entry VJ="1" colname="col1" rowsep="0"/><entry VJ="1" colname="col2" rowsep="0">b) Wissenschaftlicher Mitarbeiter</entry><entry VJ="1" colname="col3" rowsep="0">zu b) 96</entry></row><row><entry VJ="1" colname="col1" rowsep="0"/><entry VJ="1" colname="col2" rowsep="0">c) Hochschullehrer</entry><entry VJ="1" colname="col3" rowsep="0">zu c) 126</entry></row><row><entry VJ="1" colname="col1" rowsep="0"><B>5</B></entry><entry VJ="1" colname="col2" rowsep="0"><B>Beteiligung eines externen Sachverständigen für die Bewertung nach Artikel 6 Absatz 7 oder Artikel 18 Absatz 5 der Verordnung (EU) Nr. 536/2014</B></entry><entry VJ="1" colname="col3" rowsep="0">500</entry></row><row><entry VJ="1" colname="col1" rowsep="0"><B>6</B></entry><entry VJ="1" colname="col2" rowsep="0"><B>Bewertung Jahresbericht</B></entry><entry VJ="1" colname="col3" rowsep="0">1 250</entry></row><row><entry VJ="1" colname="col1" rowsep="0"><B>7</B></entry><entry VJ="1" colname="col2" rowsep="0"><B>Wissenschaftliche Beratung vor Antragstellung durch</B></entry><entry VJ="1" colname="col3" rowsep="0">nach Zeitaufwand anhand der<BR/> folgenden<BR/> Stundensätze:</entry></row><row><entry VJ="1" colname="col1" rowsep="0"/><entry VJ="1" colname="col2" rowsep="0">a) Verwaltungsmitarbeiter</entry><entry VJ="1" colname="col3" rowsep="0">zu a) 76</entry></row><row><entry VJ="1" colname="col1" rowsep="0"/><entry VJ="1" colname="col2" rowsep="0">b) Wissenschaftliche Mitarbeiter</entry><entry VJ="1" colname="col3" rowsep="0">zu b) 96</entry></row><row><entry VJ="1" colname="col1" rowsep="0"/><entry VJ="1" colname="col2" rowsep="0">c) Hochschullehrer</entry><entry VJ="1" colname="col3" rowsep="0">zu c) 126</entry></row><row><entry VJ="1" colname="col1" rowsep="0"><B>8</B></entry><entry VJ="1" colname="col2" rowsep="0"><B>Stellungnahme zu Korrekturmaßnahmen durch</B></entry><entry VJ="1" colname="col3" rowsep="0">nach Zeitaufwand<BR/>anhand der<BR/> folgenden<BR/> Stundensätze:</entry></row><row><entry VJ="1" colname="col1" rowsep="0"/><entry VJ="1" colname="col2" rowsep="0">a) Verwaltungsmitarbeiter</entry><entry VJ="1" colname="col3" rowsep="0">zu a) 76</entry></row><row><entry VJ="1" colname="col1" rowsep="0"/><entry VJ="1" colname="col2" rowsep="0">b) Wissenschaftliche Mitarbeiter</entry><entry VJ="1" colname="col3" rowsep="0">zu b) 96</entry></row><row><entry VJ="1" colname="col1" rowsep="0"/><entry VJ="1" colname="col2" rowsep="0">c) Hochschullehrer</entry><entry VJ="1" colname="col3" rowsep="0">zu c) 126</entry></row><row><entry VJ="1" colname="col1" rowsep="0"><B>9</B></entry><entry VJ="1" colname="col2" rowsep="0"><B>Ermäßigung der jeweils vorgesehenen Gebühr, wenn ein Antrag zurückgenommen wird oder als hinfällig nach der Verordnung (EU) Nr. 536/2014 gilt</B></entry><entry VJ="1" colname="col3" rowsep="0"/></row><row><entry VJ="1" colname="col1" rowsep="0">9.1</entry><entry VJ="1" colname="col2" rowsep="0">bis zum Abschluss der Validierung</entry><entry VJ="1" colname="col3" rowsep="0">um 50 Prozent</entry></row><row><entry VJ="1" colname="col1" rowsep="0">9.2</entry><entry VJ="1" colname="col2" rowsep="0">nach Abschluss der Validierung bis zum Abschluss der Bewertung</entry><entry VJ="1" colname="col3" rowsep="0">um 25 Prozent</entry></row><row><entry VJ="1" colname="col1" rowsep="0"><B>10</B></entry><entry VJ="1" colname="col2" rowsep="0"><B>Bewertung eines im EU-Portal nach Artikel 80 der Verordnung (EU) Nr. 536/2014 als „Transitional trial“ gekennzeichneten Antrags auf Genehmigung einer klinischen Prüfung nach der Verordnung (EU) Nr. 536/2014</B></entry><entry VJ="1" colname="col3" rowsep="0"/></row><row><entry VJ="1" colname="col1" rowsep="0">10.1</entry><entry VJ="1" colname="col2" rowsep="0">durch eine Ethik-Kommission, die nicht für die zustimmende Bewertung der klinischen Prüfung nach § 42 Absatz 1 Satz 1 und 2 des Arzneimittelgesetzes in der bis zum 26. Januar 2022 geltenden Fassung zuständig war</entry><entry VJ="1" colname="col3" rowsep="0">50 Prozent der<BR/> nach Nummer 1<BR/> oder Nummer 2<BR/> jeweils vorgesehenen Gebühr</entry></row><row><entry VJ="1" colname="col1">10.2</entry><entry VJ="1" colname="col2">durch die Ethik-Kommission, die bereits für die zustimmende Bewertung der klinischen Prüfung nach § 42 Absatz 1 Satz 1 und 2 des Arzneimittelgesetzes in der bis zum 26. Januar 2022 geltenden Fassung zuständig war</entry><entry VJ="1" colname="col3">30 Prozent der<BR/> nach Nummer 1<BR/> oder Nummer 2<BR/> jeweils vorgesehenen Gebühr</entry></row></tbody></tgroup></table></Content></text><fussnoten/></textdaten></norm>
</dokumente>