<?xml version="1.0" encoding="UTF-8" ?><!DOCTYPE dokumente SYSTEM "http://www.gesetze-im-internet.de/dtd/1.01/gii-norm.dtd">
<dokumente builddate="20120625152511" doknr="BJNR208090986"><norm builddate="20120625152511" doknr="BJNR208090986"><metadaten><jurabk>EuVtrÜbkG</jurabk><ausfertigung-datum manuell="ja">1986-07-25</ausfertigung-datum><fundstelle typ="amtlich"><periodikum>BGBl II</periodikum><zitstelle>1986, 809</zitstelle></fundstelle><langue>Gesetz zu dem Übereinkommen vom 19. Juni 1980 über das auf vertragliche
Schuldverhältnisse anzuwendende Recht</langue></metadaten><textdaten><text format="decorated"/></textdaten></norm>
</dokumente>