<?xml version="1.0" encoding="UTF-8" ?><!DOCTYPE dokumente SYSTEM "http://www.gesetze-im-internet.de/dtd/1.01/gii-norm.dtd">
<dokumente builddate="20130405130920" doknr="BJNR100150954"><norm builddate="20130405130920" doknr="BJNR100150954"><metadaten><jurabk>BPostErnAnO</jurabk><ausfertigung-datum manuell="ja">1954-02-10</ausfertigung-datum><fundstelle typ="amtlich"><periodikum>BGBl I</periodikum><zitstelle>1954, 15</zitstelle></fundstelle><langue>Anordnung über die Ernennung und Entlassung von Beamten der Deutschen
Bundespost und der Bundesdruckerei</langue></metadaten><textdaten><text format="XML"><Content><P/></Content></text><fussnoten><Content><P>Überschrift: Gilt auch im Saarland gem. § 13 Abs. 4 G v. 23.12.1956 101-2</P></Content></fussnoten></textdaten></norm>
<norm builddate="20130405130920" doknr="BJNR100150954BJNE000100328"><metadaten><jurabk>BPostErnAnO</jurabk><enbez>I.</enbez></metadaten><textdaten><text format="XML"><Content><P>Auf Grund des Artikels I der Anordnung des Bundespräsidenten über die Ernennung und Entlassung der Bundesbeamten und Bundesrichter vom 17. Mai 1950 (Bundesgesetzbl. S. 209) ergänzt durch die Anordnung vom 13. Juni 1953 (Bundesgesetzbl. I S. 383) übertrage ich widerruflich die Ausübung des Rechts zur Ernennung und Entlassung der planmäßigen Beamten der Besoldungsgruppen A 1 bis A 10 und der entsprechenden <I>nichtplanmäßigen</I> Beamten <DL Font="normal" Type="arabic"><DT/><DD Font="normal"><LA Size="normal">den Präsidenten<DL Font="normal" Type="arabic"><DT/><DD Font="normal"><LA Size="normal">des Fernmeldetechnischen Zentralamts,</LA><LA Size="normal">des Posttechnischen Zentralamts,</LA><LA Size="normal">des Sozialamts der Deutschen Bundespost,</LA><LA Size="normal">der Oberpostdirektionen sowie</LA></DD>    </DL></LA><LA Size="normal">dem Präsidenten der Bundesdruckerei</LA></DD>  </DL>je für ihren Dienstbereich.</P></Content></text><fussnoten><Content><P>I.: A v. 17.5.1950 2030-11; Bezeichnung d. Besoldungsgruppen geändert und &quot;Präsidenten der Bundesdruckerei&quot; anstelle von &quot;Direktor der Bundesdruckerei&quot; gem. § 63 Abs. 2 BBesG 2032-1; vergl. jetzt A v. 14.7.1975 I 1915 2030-11-47; Kursivdruck überholt; den nichtplanmäßigen Beamten entsprechen jetzt Beamte auf Widerruf u. auf Probe</P></Content></fussnoten></textdaten></norm>
<norm builddate="20130405130920" doknr="BJNR100150954BJNE000200328"><metadaten><jurabk>BPostErnAnO</jurabk><enbez>II.</enbez></metadaten><textdaten><text format="XML"><Content><P>Für besondere Fälle behalte ich mir die Ernennung und Entlassung der in Ziffer I genannten Beamten der Deutschen Bundespost und der Bundesdruckerei vor.</P></Content></text></textdaten></norm>
<norm builddate="20130405130920" doknr="BJNR100150954BJNE000300328"><metadaten><jurabk>BPostErnAnO</jurabk><enbez>III.</enbez></metadaten><textdaten><text format="XML"><Content><P>-</P></Content></text><fussnoten/></textdaten></norm>
<norm builddate="20130405130920" doknr="BJNR100150954BJNE000400328"><metadaten><jurabk>BPostErnAnO</jurabk><enbez>Schlußformel</enbez></metadaten><textdaten><text format="XML"><Content><P><SP>Der Bundesminister für das Post- und Fernmeldewesen</SP></P></Content></text></textdaten></norm>
</dokumente>