<?xml version="1.0" encoding="UTF-8" ?><!DOCTYPE dokumente SYSTEM "http://www.gesetze-im-internet.de/dtd/1.01/gii-norm.dtd">
<dokumente builddate="20120625150720" doknr="BJNR216700002"><norm builddate="20120625150720" doknr="BJNR216700002"><metadaten><jurabk>HZvNG</jurabk><amtabk>HZvNG</amtabk><ausfertigung-datum manuell="ja">2002-06-21</ausfertigung-datum><fundstelle typ="amtlich"><periodikum>BGBl I</periodikum><zitstelle>2002, 2167</zitstelle></fundstelle><kurzue>Hüttenknappschaftliches Zusatzversicherungs-Neuregelungs-Gesetz</kurzue><langue>Gesetz zur Einführung einer kapitalgedeckten Hüttenknappschaftlichen
Zusatzversicherung und zur Änderung anderer Gesetze</langue></metadaten><textdaten><text format="XML"><Content><P/></Content></text><fussnoten><Content><P><BR/> <pre xml:space="preserve">(+++ Textnachweis ab:  1. 7.2002 +++)<BR/>Art. 1: HZvG 2002 FNA 822-15<BR/>Art. 2: Anpassungsvorschrift<BR/>Art. 3 bis 22: Änderungsvorschriften<BR/>Art. 23: Aufhebungsvorschriften<BR/>Art. 24: Bekanntmachungsermächtigung<BR/>Art. 25: Inkrafttreten</pre></P></Content></fussnoten></textdaten></norm>
<norm builddate="20120625150720" doknr="BJNR216700002BJNE000100305"><metadaten><jurabk>HZvNG</jurabk><enbez>Eingangsformel</enbez></metadaten><textdaten><text format="XML"><Content><P>Der Bundestag hat mit Zustimmung des Bundesrates das folgende Gesetz beschlossen:</P></Content></text></textdaten></norm>
<norm builddate="20120625150720" doknr="BJNR216700002BJNE000200305"><metadaten><jurabk>HZvNG</jurabk><enbez>Inhaltsübersicht</enbez></metadaten><textdaten><text format="XML"><Content><P><table frame="none"><tgroup cols="2" colsep="0" rowsep="0"><colspec colname="col1" colnum="1" colwidth="150"/><colspec colname="col2" colnum="2" colwidth="400"/><tbody valign="top"><row><entry>Artikel 1</entry><entry>Gesetz zur Neuregelung der Hüttenknappschaftlichen Zusatzversicherung im Saarland (Hüttenknappschaftliches Zusatzversicherungs-Gesetz - HZvG)</entry></row><row><entry>Artikel 2</entry><entry>Anpassung der Zusatzrenten der Hüttenknappschaftlichen Zusatzversicherung im Saarland zum 1. Juli 2002</entry></row><row><entry>Artikel 3</entry><entry>Änderung des Gesetzes zur Verbesserung der betrieblichen Altersversorgung</entry></row><row><entry>Artikel 4</entry><entry>Änderung des Versicherungsaufsichtsgesetzes</entry></row><row><entry>Artikel 5</entry><entry>Änderung des Ersten Buches Sozialgesetzbuch</entry></row><row><entry>Artikel 6</entry><entry>Änderung des Vierten Buches Sozialgesetzbuch</entry></row><row><entry>Artikel 7</entry><entry>Änderung des Fünften Buches Sozialgesetzbuch</entry></row><row><entry>Artikel 8</entry><entry>Änderung des Sechsten Buches Sozialgesetzbuch</entry></row><row><entry>Artikel 9</entry><entry>Änderung des Siebten Buches Sozialgesetzbuch</entry></row><row><entry>Artikel 10</entry><entry>Weitere Änderung des Siebten Buches Sozialgesetzbuch</entry></row><row><entry>Artikel 11</entry><entry>Änderung des Zehnten Buches Sozialgesetzbuch</entry></row><row><entry>Artikel 12</entry><entry>Änderung des Elften Buches Sozialgesetzbuch</entry></row><row><entry>Artikel 13</entry><entry>Änderung des Verwaltungsverfahrensgesetzes</entry></row><row><entry>Artikel 14</entry><entry>Änderung des Bundesbesoldungsgesetzes</entry></row><row><entry>Artikel 15</entry><entry>Änderung des Entwicklungshelfer-Gesetzes</entry></row><row><entry>Artikel 16</entry><entry>Änderung des Gesetzes zur Durchführung der Gemeinsamen Marktorganisationen</entry></row><row><entry>Artikel 17</entry><entry>Änderung des Arbeitsschutzgesetzes</entry></row><row><entry>Artikel 18</entry><entry>Änderung des Fremdrentengesetzes</entry></row><row><entry>Artikel 19</entry><entry>Änderung des Gesetzes über die Alterssicherung der Landwirte</entry></row><row><entry>Artikel 20</entry><entry>Änderung des Künstlersozialversicherungsgesetzes</entry></row><row><entry>Artikel 21</entry><entry>Änderung des Gesetzes zu dem Vertrag vom 10. März 1956 zwischen der Bundesrepublik Deutschland und der Föderativen Volksrepublik Jugoslawien über die Regelung gewisser Forderungen aus der Sozialversicherung</entry></row><row><entry>Artikel 22</entry><entry>Änderung des Gesetzes zu dem Abkommen vom 9. Oktober 1975 zwischen der Bundesrepublik Deutschland und der Volksrepublik Polen über Renten- und Unfallversicherung nebst der Vereinbarung hierzu vom 9. Oktober 1975</entry></row><row><entry>Artikel 23</entry><entry>Aufhebung von Verordnungen</entry></row><row><entry>Artikel 24</entry><entry>Neubekanntmachung des Vierten Buches Sozialgesetzbuch</entry></row><row><entry>Artikel 25</entry><entry>Inkrafttreten, Außerkrafttreten</entry></row></tbody></tgroup></table></P></Content></text></textdaten></norm>
<norm builddate="20120625150720" doknr="BJNR216700002BJNE000300305"><metadaten><jurabk>HZvNG</jurabk><enbez>Art 1</enbez></metadaten><textdaten><text format="XML"><Content><P>-</P></Content></text><fussnoten/></textdaten></norm>
<norm builddate="20120625150720" doknr="BJNR216700002BJNE000400305"><metadaten><jurabk>HZvNG</jurabk><enbez>Art 2</enbez><titel format="parat">Anpassung der Zusatzrenten der Hüttenknappschaftlichen
Zusatzversicherung im Saarland zum 1. Juli 2002</titel></metadaten><textdaten><text format="XML"><Content><P>Zum 1. Juli 2002 werden die Zusatzrenten der Hüttenknappschaftlichen Zusatzversicherung im Saarland um den Vomhundertsatz angepasst, um den sich der aktuelle Rentenwert in der gesetzlichen Rentenversicherung zum 1. Juli 2002 verändert. Das Bundesministerium für Arbeit und Sozialordnung gibt den Vomhundertsatz nach Satz 1 im Bundesanzeiger bekannt.</P></Content></text></textdaten></norm>
<norm builddate="20120625150720" doknr="BJNR216700002BJNE000500305"><metadaten><jurabk>HZvNG</jurabk><enbez>(XXXX) Art 3 bis 23</enbez></metadaten><textdaten><text format="XML"><Content><P/></Content></text><fussnoten/></textdaten></norm>
<norm builddate="20120625150720" doknr="BJNR216700002BJNE000600305"><metadaten><jurabk>HZvNG</jurabk><enbez>Art 24</enbez><titel format="parat">Neubekanntmachung des Vierten Buches Sozialgesetzbuch</titel></metadaten><textdaten><text format="XML"><Content><P>Das Bundesministerium für Arbeit und Sozialordnung kann den Wortlaut des Vierten Buches Sozialgesetzbuch in der vom 1. Juli 2002 an geltenden Fassung im Bundesgesetzblatt bekannt machen.</P></Content></text><fussnoten/></textdaten></norm>
<norm builddate="20120625150720" doknr="BJNR216700002BJNE000700305"><metadaten><jurabk>HZvNG</jurabk><enbez>Art 25</enbez><titel format="parat">Inkrafttreten, Außerkrafttreten</titel></metadaten><textdaten><text format="XML"><Content><P>(1) Dieses Gesetz tritt am 1. Juli 2002 in Kraft, soweit in den folgenden Absätzen nicht etwas anderes bestimmt ist.</P><P>(2) bis (6)</P><P>(7) Mit Wirkung vom 1. April 2002 tritt Artikel 2 in Kraft.</P><P>(8) Am Tage nach der Verkündung treten Artikel 1 § 31, Artikel 6 Nr. 8, Artikel 8 Nr. 6, 9 Buchstabe a und Nr. 10 Buchstabe a, Artikel 9 Nr. 3 und 16 hinsichtlich § 218b Abs. 3, Artikel 11 Nr. 2 Buchstabe a und Nr. 4 bis 6, Artikel 13 Nr. 2, Artikel 16 und 20 Nr. 4 Buchstabe b in Kraft.</P><P>(9) bis (11)</P></Content>    </text><fussnoten/></textdaten></norm>
</dokumente>