<?xml version="1.0" encoding="UTF-8" ?><!DOCTYPE dokumente SYSTEM "http://www.gesetze-im-internet.de/dtd/1.01/gii-norm.dtd">
<dokumente builddate="20120625152257" doknr="BJNR062820006"><norm builddate="20120625152257" doknr="BJNR062820006"><metadaten><jurabk>PrümVtr</jurabk><ausfertigung-datum manuell="ja">2005-05-27</ausfertigung-datum><fundstelle typ="amtlich"><periodikum>BGBl II</periodikum><zitstelle>2006, 628</zitstelle></fundstelle><langue>Vertrag zwischen dem Königreich Belgien, der Bundesrepublik Deutschland, dem Königreich Spanien, der Französischen Republik, dem Großherzogtum Luxemburg, dem Königreich der Niederlande und der Republik Österreich über die Vertiefung der grenzüberschreitenden Zusammenarbeit, insbesondere zur Bekämpfung des Terrorismus, der grenzüberschreitenden Kriminalität und der illegalen Migration</langue></metadaten><textdaten><fussnoten><Content><P>G v. 10.7.2006 II 626 <BR/>In Kraft gem. Bek. v. 21.6.2007 II 857 mWv 23.11.2006</P></Content></fussnoten></textdaten></norm>
</dokumente>