<?xml version="1.0" encoding="UTF-8" ?><!DOCTYPE dokumente SYSTEM "http://www.gesetze-im-internet.de/dtd/1.01/gii-norm.dtd">
<dokumente builddate="20160330215527" doknr="BJNR044900016"><norm builddate="20160330215527" doknr="BJNR044900016"><metadaten><jurabk>WvGeflpestMonV</jurabk><amtabk>WvGeflpestMonV</amtabk><ausfertigung-datum manuell="ja">2016-03-08</ausfertigung-datum><fundstelle typ="amtlich"><periodikum>BGBl I</periodikum><zitstelle>2016, 449</zitstelle></fundstelle><kurzue>Wildvogel-Geflügelpest-Monitoring-Verordnung</kurzue><langue>Verordnung zur Durchführung eines Monitorings auf das Virus der Geflügelpest bei Wildvögeln</langue></metadaten><textdaten><fussnoten><Content><P><BR/> <pre xml:space="preserve">(+++ Textnachweis ab: 17.3.2016 +++)<BR/><BR/></pre></P></Content></fussnoten></textdaten></norm>
<norm builddate="20160330215527" doknr="BJNR044900016BJNE000100000"><metadaten><jurabk>WvGeflpestMonV</jurabk><enbez>Eingangsformel</enbez></metadaten><textdaten><text format="XML"><Content><P>Auf Grund des § 10 Absatz 2 des Tiergesundheitsgesetzes vom 22. Mai 2013 (BGBl. I S. 1324) verordnet das Bundesministerium für Ernährung und Landwirtschaft:</P></Content></text></textdaten></norm>
<norm builddate="20160330215527" doknr="BJNR044900016BJNE000200000"><metadaten><jurabk>WvGeflpestMonV</jurabk><enbez>§ 1</enbez><titel format="XML">Monitoring</titel></metadaten><textdaten><text format="XML"><Content><P>(1) Die Länder führen jährlich in den Monaten September bis Januar des Folgejahres ein Monitoring zur Untersuchung von Wildvögeln, insbesondere von Arten aus der Ordnung Gänsevögel, auf die in § 1 Absatz 1 Nummer 1 und 3 der Geflügelpest-Verordnung bezeichneten Viren durch. Soweit in dem in Satz 1 genannten Zeitraum keine hinreichende Probenzahl untersucht werden kann, dürfen auch in den übrigen Monaten eines Jahres gewonnene Proben untersucht werden.</P><P>(2) Für die im Rahmen des Monitorings nach Absatz 1 durchzuführenden Untersuchungen sind <DL Type="arabic"><DT>1.</DT><DD Font="normal"><LA>während der Monate September bis Januar des Folgejahres <DL Type="alpha"><DT>a)</DT><DD Font="normal"><LA>mittels kombiniertem Rachen- und Kloakentupfer Proben von den Wildvogelarten im Sinne des Absatzes 1 Satz 1, für die Jagdzeiten festgesetzt sind, oder</LA></DD><DT>b)</DT><DD Font="normal"><LA>frische Proben von beobachtet abgesetztem Kot von den übrigen Wildvogelarten im Sinne des Absatzes 1 Satz 1,</LA></DD></DL></LA></DD><DT>2.</DT><DD Font="normal"><LA>während der übrigen Monate eines Jahres frische Proben von beobachtet abgesetztem Kot von sämtlichen Wildvogelarten im Sinne des Absatzes 1 Satz 1</LA></DD></DL>zu gewinnen. Bei der Gewinnung, Lagerung und Beförderung der Proben sind die Vorgaben der Anlage 1 zu beachten.</P><P>(3) Die Gesamtzahl der im jeweiligen Land mindestens zu untersuchenden Proben bestimmt sich nach der Anlage 2. Der Anteil der Kotproben an der Gesamtzahl der jeweils zu untersuchenden Proben darf 50 vom Hundert nicht überschreiten.</P><P>(4) Die Länder übermitteln dem Bundesministerium für Ernährung und Landwirtschaft jährlich bis zum 1. April des Folgejahres die im Rahmen des Monitorings erzielten Ergebnisse, aufgeschlüsselt nach den untersuchten Wildvogelarten und den jeweils ermittelten Subtypen des nachgewiesenen Virus.</P></Content></text></textdaten></norm>
<norm builddate="20160330215527" doknr="BJNR044900016BJNE000300000"><metadaten><jurabk>WvGeflpestMonV</jurabk><enbez>§ 2</enbez><titel format="XML">Duldungs- und Mitwirkungspflichten</titel></metadaten><textdaten><text format="XML"><Content><P>Jagdausübungsberechtigte haben nach näherer Anweisung der zuständigen Behörde <DL Type="arabic"><DT>1.</DT><DD Font="normal"><LA>Proben nach Anlage 1 Teil 1 von im Rahmen der Ausübung der Jagd erlegten Wildvögeln zu entnehmen und</LA></DD><DT>2.</DT><DD Font="normal"><LA>der von der zuständigen Behörde bestimmten Untersuchungseinrichtung zur virologischen Untersuchung auf das Virus zuzuleiten.</LA></DD></DL></P></Content></text></textdaten></norm>
<norm builddate="20160330215527" doknr="BJNR044900016BJNE000400000"><metadaten><jurabk>WvGeflpestMonV</jurabk><enbez>§ 3</enbez><titel format="XML">Inkrafttreten</titel></metadaten><textdaten><text format="XML"><Content><P>Diese Verordnung tritt am Tag nach der Verkündung in Kraft.</P></Content></text></textdaten></norm>
<norm builddate="20160330215527" doknr="BJNR044900016BJNE000500000"><metadaten><jurabk>WvGeflpestMonV</jurabk><enbez>Schlussformel</enbez></metadaten><textdaten><text format="XML"><Content><P>Der Bundesrat hat zugestimmt.</P></Content></text></textdaten></norm>
<norm builddate="20160330215527" doknr="BJNR044900016BJNE000600000"><metadaten><jurabk>WvGeflpestMonV</jurabk><enbez>Anlage 1</enbez><titel format="XML">(zu § 1 Absatz 2)<BR/>Vorgaben für das im Rahmen des Monitorings zu untersuchende Probenmaterial</titel></metadaten><textdaten><text format="XML"><Content><P><noindex><kommentar typ="Fundstelle">(Fundstelle: BGBl. I 2016, 450)</kommentar></noindex></P><BR/><Title Align="justify" Class="S1">Teil 1</Title><P><DL Type="arabic"><DT>1.</DT><DD Font="normal"><LA>Kombinierte Rachen- und Kloakentupferproben nach Kapitel IV Nummer 4 Buchstabe a Satz 5 und 7 und Nummer 5 des Anhangs der Entscheidung 2006/437/EG der Kommission vom 4. August 2006 über die Genehmigung eines Handbuchs zur Diagnose der Aviären Influenza gemäß der Richtlinie 2005/94/EG des Rates (ABl. L 237 vom 31.8.2006, S. 1).</LA></DD><DT>2.</DT><DD Font="normal"><LA>Für den Transport der Proben gelten die Mindestanforderungen nach Kapitel XII des Anhangs der Entscheidung 2006/437/EG.</LA></DD></DL></P><Title Align="justify" Class="S1">Teil 2</Title><P>Für den Transport der Proben gelten die Mindestanforderungen gemäß Kapitel XII des Anhangs der Entscheidung 2006/437/EG.</P></Content></text></textdaten></norm>
<norm builddate="20160330215527" doknr="BJNR044900016BJNE000700000"><metadaten><jurabk>WvGeflpestMonV</jurabk><enbez>Anlage 2</enbez><titel format="XML">(zu § 1 Absatz 3)<BR/>Probenschlüssel für die Untersuchungen auf Geflügelpest-Virus bei Wildvögeln</titel></metadaten><textdaten><text format="XML"><Content><P><noindex><kommentar typ="Fundstelle">(Fundstelle: BGBl. I 2016, 451)</kommentar></noindex></P><BR/><table colsep="1" pgwide="1" rowsep="1" tocentry="%yes;"><tgroup align="left" char="" charoff="50" cols="2"><colspec colname="col1" colwidth="56.00*"/><colspec align="center" colname="col2" colwidth="56*"/><thead valign="bottom"><row><entry VJ="1" align="center" colname="col1">Land</entry><entry VJ="1" align="center" colname="col2">Mindestprobenzahl</entry></row></thead><tbody valign="top"><row><entry VJ="1" colname="col1">Baden-Württemberg</entry><entry VJ="1" colname="col2">170</entry></row><row><entry VJ="1" colname="col1">Bayern</entry><entry VJ="1" colname="col2">750</entry></row><row><entry VJ="1" colname="col1">Brandenburg</entry><entry VJ="1" colname="col2">100</entry></row><row><entry VJ="1" colname="col1">Hamburg</entry><entry VJ="1" colname="col2">100</entry></row><row><entry VJ="1" colname="col1">Hessen</entry><entry VJ="1" colname="col2">110</entry></row><row><entry VJ="1" colname="col1">Mecklenburg-Vorpommern</entry><entry VJ="1" colname="col2"> 90</entry></row><row><entry VJ="1" colname="col1">Niedersachsen</entry><entry VJ="1" colname="col2">750</entry></row><row><entry VJ="1" colname="col1">Nordrhein-Westfalen</entry><entry VJ="1" colname="col2">750</entry></row><row><entry VJ="1" colname="col1">Rheinland-Pfalz</entry><entry VJ="1" colname="col2"> 60</entry></row><row><entry VJ="1" colname="col1">Sachsen</entry><entry VJ="1" colname="col2"> 70</entry></row><row><entry VJ="1" colname="col1">Sachsen-Anhalt</entry><entry VJ="1" colname="col2"> 50</entry></row><row><entry VJ="1" colname="col1">Schleswig-Holstein</entry><entry VJ="1" colname="col2">450</entry></row><row><entry VJ="1" colname="col1">Thüringen</entry><entry VJ="1" colname="col2"> 50</entry></row></tbody></tgroup></table></Content></text></textdaten></norm>
</dokumente>