<?xml version="1.0" encoding="UTF-8" ?><!DOCTYPE dokumente SYSTEM "http://www.gesetze-im-internet.de/dtd/1.01/gii-norm.dtd">
<dokumente builddate="20241231222433" doknr="BJNR1740B0024"><norm builddate="20241231222433" doknr="BJNR1740B0024"><metadaten><jurabk>SGB7§178Abs1V 3</jurabk><ausfertigung-datum manuell="ja">2024-11-26</ausfertigung-datum><fundstelle typ="amtlich"><periodikum>BGBl. I</periodikum><zitstelle>2024, Nr. 372</zitstelle></fundstelle><langue>Dritte Verordnung zur Neufestsetzung der Neurenten-Faktoren nach § 178 Absatz 1 des Siebten Buches Sozialgesetzbuch</langue></metadaten><textdaten><fussnoten><Content><P><BR/> <pre xml:space="preserve">(+++ Textnachweis ab: 1.1.2025 +++)<BR/><BR/></pre>Die V wurde als Artikel 1 der V v. 26.11.2024 I Nr. 372 vom Bundesministerium für Arbeit und Soziales beschlossen. Sie ist gem. Art. 3 dieser V am 1.1.2025 in Kraft getreten. <BR/></P></Content></fussnoten></textdaten></norm>
<norm builddate="20241231222433" doknr="BJNR1740B0024BJNE000100000"><metadaten><jurabk>SGB7§178Abs1V 3</jurabk><enbez>(XXXX)</enbez></metadaten><textdaten><text format="XML"><Content><P>Die Faktoren zur Berechnung der Rentenlasten, die nach § 178 Absatz 1 des Siebten Buches Sozialgesetzbuch von jeder Berufsgenossenschaft jährlich zu tragen sind, betragen das 5,5fache ihrer Neurenten für Arbeitsunfälle und das 3,6fache ihrer mit dem Latenzfaktor gewichteten Neurenten für Berufskrankheiten.</P></Content></text></textdaten></norm>
</dokumente>