<?xml version="1.0" encoding="UTF-8" ?><!DOCTYPE dokumente SYSTEM "http://www.gesetze-im-internet.de/dtd/1.01/gii-norm.dtd">
<dokumente builddate="20171127221024" doknr="BJNR377400017"><norm builddate="20171127221024" doknr="BJNR377400017"><metadaten><jurabk>SGB5§291Abs2bSatz14VerlV</jurabk><ausfertigung-datum manuell="ja">2017-11-13</ausfertigung-datum><fundstelle typ="amtlich"><periodikum>BGBl I</periodikum><zitstelle>2017, 3774</zitstelle></fundstelle><langue>Verordnung zur Verlängerung der Frist nach § 291 Absatz 2b Satz 14 des Fünften Buches Sozialgesetzbuch</langue></metadaten><textdaten><fussnoten><Content><P><BR/> <pre xml:space="preserve">(+++ Textnachweis ab: 25.11.2017 +++)<BR/><BR/></pre></P></Content></fussnoten></textdaten></norm>
<norm builddate="20171127221024" doknr="BJNR377400017BJNE000100000"><metadaten><jurabk>SGB5§291Abs2bSatz14VerlV</jurabk><enbez>Eingangsformel</enbez></metadaten><textdaten><text format="XML"><Content><P>Auf Grund des § 291 Absatz 2b Satz 15 des Fünften Buches Sozialgesetzbuch, der durch Artikel 1 Nummer 10 Buchstabe e Doppelbuchstabe bb des Gesetzes vom 21. Dezember 2015 (BGBl. I S. 2408) eingefügt worden ist, verordnet das Bundesministerium für Gesundheit:</P></Content></text></textdaten></norm>
<norm builddate="20171127221024" doknr="BJNR377400017BJNE000200000"><metadaten><jurabk>SGB5§291Abs2bSatz14VerlV</jurabk><enbez>§ 1</enbez><titel format="XML">Verlängerung der Frist</titel></metadaten><textdaten><text format="XML"><Content><P>Die sich aus § 291 Absatz 2b Satz 14 des Fünften Buches Sozialgesetzbuch ergebende Frist, bis zu deren Ablauf die Prüfung nach § 291 Absatz 2b Satz 3 des Fünften Buches Sozialgesetzbuch sanktionslos unterbleiben kann, wird bis zum 31. Dezember 2018 verlängert.</P></Content></text></textdaten></norm>
<norm builddate="20171127221024" doknr="BJNR377400017BJNE000300000"><metadaten><jurabk>SGB5§291Abs2bSatz14VerlV</jurabk><enbez>§ 2</enbez><titel format="XML">Inkrafttreten</titel></metadaten><textdaten><text format="XML"><Content><P>Diese Verordnung tritt am Tag nach der Verkündung in Kraft.</P></Content></text></textdaten></norm>
<norm builddate="20171127221024" doknr="BJNR377400017BJNE000400000"><metadaten><jurabk>SGB5§291Abs2bSatz14VerlV</jurabk><enbez>Schlussformel</enbez></metadaten><textdaten><text format="XML"><Content><P>Der Bundesrat hat zugestimmt.</P></Content></text></textdaten></norm>
</dokumente>