<?xml version="1.0" encoding="UTF-8" ?><!DOCTYPE dokumente SYSTEM "http://www.gesetze-im-internet.de/dtd/1.01/gii-norm.dtd">
<dokumente builddate="20220731213206" doknr="BJNR043310022"><norm builddate="20220731213206" doknr="BJNR043310022"><metadaten><jurabk>LTAusbV</jurabk><amtabk>LTAusbV</amtabk><ausfertigung-datum manuell="ja">2022-03-14</ausfertigung-datum><fundstelle typ="amtlich"><periodikum>BGBl I</periodikum><zitstelle>2022, 433</zitstelle></fundstelle><kurzue>Lokführer- und Transportausbildungsverordnung</kurzue><langue>Verordnung über die Berufsausbildung zum Eisenbahner im Betriebsdienst Lokführer und Transport und zur Eisenbahnerin im Betriebsdienst Lokführerin und Transport<FnR ID="F820957_01_BJNR043310022"/></langue></metadaten><textdaten><text format="XML"><Footnotes><Footnote FnZ="*" Group="column" ID="F820957_01_BJNR043310022" Pos="exp"><noindex>Diese Rechtsverordnung ist eine Ausbildungsordnung im Sinne des § 4 des Berufsbildungsgesetzes. Die Ausbildungsordnung und der damit abgestimmte, von der Ständigen Konferenz der Kultusminister der Länder in der Bundesrepublik Deutschland beschlossene Rahmenlehrplan für die Berufsschule werden demnächst im amtlichen Teil des Bundesanzeigers veröffentlicht.</noindex></Footnote></Footnotes></text><fussnoten><Content><P><BR/> <pre xml:space="preserve">(+++ Textnachweis ab: 1.8.2022 +++)<BR/><BR/></pre>Die V wurde als Artikel 1 der V v. 14.3.2022 I 433 vom Bundesministerium für Wirtschaft und Klimaschutz im Einvernehmen mit dem Bundesministerium für Bildung und Forschung erlassen. Sie tritt gem. Art. 3 Satz 1 dieser V am 1.8.2022 in Kraft.</P></Content></fussnoten></textdaten></norm>
<norm builddate="20220731213206" doknr="BJNR043310022BJNE000100000"><metadaten><jurabk>LTAusbV</jurabk><enbez>Inhaltsübersicht</enbez></metadaten><textdaten><text format="XML"><Content><TOC><Ident Class="S0">Abschnitt 1</Ident><P/><Title Align="auto" Class="S0">Gegenstand, Dauer und<BR/> Gliederung der Berufsausbildung</Title><P/><table colsep="0" frame="none" pgwide="1" rowsep="0" tocentry="%yes;"><tgroup align="left" char="" charoff="50" cols="2"><colspec colname="col1" colnum="1" colwidth="10*"/><colspec colname="col2" colnum="2" colwidth="70*"/><tbody valign="top"><row><entry VJ="1" colname="col1">§  1</entry><entry VJ="1" colname="col2">Staatliche Anerkennung des Ausbildungsberufes</entry></row><row><entry VJ="1" colname="col1">§  2</entry><entry VJ="1" colname="col2">Dauer der Berufsausbildung</entry></row><row><entry VJ="1" colname="col1">§  3</entry><entry VJ="1" colname="col2">Begriffsbestimmungen</entry></row><row><entry VJ="1" colname="col1">§  4</entry><entry VJ="1" colname="col2">Gegenstand der Berufsausbildung und Ausbildungsrahmenplan</entry></row><row><entry VJ="1" colname="col1">§  5</entry><entry VJ="1" colname="col2">Struktur der Berufsausbildung und Ausbildungsberufsbild</entry></row><row><entry VJ="1" colname="col1">§  6</entry><entry VJ="1" colname="col2">Ausbildungsplan</entry></row></tbody></tgroup></table><P/><Ident Class="S0">Abschnitt 2</Ident><P/><Title Align="auto" Class="S0">Abschlussprüfung</Title><P/><table colsep="0" frame="none" pgwide="1" rowsep="0" tocentry="%yes;"><tgroup align="left" char="" charoff="50" cols="2"><colspec colname="col1" colnum="1" colwidth="10*"/><colspec colname="col2" colnum="2" colwidth="70*"/><tbody valign="top"><row><entry VJ="1" colname="col1">§  7</entry><entry VJ="1" colname="col2">Aufteilung in zwei Teile und Zeitpunkt</entry></row><row><entry VJ="1" colname="col1">§  8</entry><entry VJ="1" colname="col2">Inhalt des Teiles 1</entry></row><row><entry VJ="1" colname="col1">§  9</entry><entry VJ="1" colname="col2">Prüfungsbereich des Teiles 1</entry></row><row><entry VJ="1" colname="col1">§ 10</entry><entry VJ="1" colname="col2">Inhalt des Teiles 2</entry></row><row><entry VJ="1" colname="col1">§ 11</entry><entry VJ="1" colname="col2">Prüfungsbereiche des Teiles 2</entry></row><row><entry VJ="1" colname="col1">§ 12</entry><entry VJ="1" colname="col2">Prüfungsbereich „Prüfen von Triebfahrzeugen“</entry></row><row><entry VJ="1" colname="col1">§ 13</entry><entry VJ="1" colname="col2">Prüfungsbereich „Zug- und Rangierfahrten durchführen“</entry></row><row><entry VJ="1" colname="col1">§ 14</entry><entry VJ="1" colname="col2">Prüfungsbereich „Eisenbahnbetrieb im Regelbetrieb sowie bei Abweichungen und Störungen“</entry></row><row><entry VJ="1" colname="col1">§ 15</entry><entry VJ="1" colname="col2">Prüfungsbereich „Wirtschafts- und Sozialkunde“</entry></row><row><entry VJ="1" colname="col1">§ 16</entry><entry VJ="1" colname="col2">Gewichtung der Prüfungsbereiche und Anforderungen für das Bestehen der Abschlussprüfung</entry></row><row><entry VJ="1" colname="col1">§ 17</entry><entry VJ="1" colname="col2">Mündliche Ergänzungsprüfung</entry></row></tbody></tgroup></table><P/><Ident Class="S0">Abschnitt 3</Ident><P/><Title Align="auto" Class="S0">Weitere Berufsausbildung</Title><P/><table colsep="0" frame="none" pgwide="1" rowsep="0" tocentry="%yes;"><tgroup align="left" char="" charoff="50" cols="2"><colspec colname="col1" colnum="1" colwidth="10*"/><colspec colname="col2" colnum="2" colwidth="70*"/><tbody valign="top"><row><entry VJ="1" colname="col1">§ 18</entry><entry VJ="1" colname="col2">Anrechnung von Ausbildungszeiten<P/></entry></row></tbody></tgroup></table><table colsep="0" frame="none" pgwide="1" rowsep="0" tocentry="%yes;"><tgroup align="left" char="" charoff="50" cols="2"><colspec colname="col1" colnum="1" colwidth="10.78*"/><colspec colname="col2" colnum="2" colwidth="69.22*"/><tbody valign="top"><row><entry VJ="1" colname="col1">Anlage</entry><entry VJ="1" colname="col2">Ausbildungsrahmenplan für die Berufsausbildung zum Eisenbahner im Betriebsdienst Lokführer und Transport und zur Eisenbahnerin im Betriebsdienst Lokführerin und Transport</entry></row></tbody></tgroup></table></TOC></Content></text></textdaten></norm>
<norm builddate="20220731213206" doknr="BJNR043310022BJNG000100000"><metadaten><jurabk>LTAusbV</jurabk><gliederungseinheit><gliederungskennzahl>010</gliederungskennzahl><gliederungsbez>Abschnitt 1</gliederungsbez><gliederungstitel>Gegenstand, Dauer und Gliederung der Berufsausbildung</gliederungstitel></gliederungseinheit></metadaten><textdaten/></norm>
<norm builddate="20220731213206" doknr="BJNR043310022BJNE000200000"><metadaten><jurabk>LTAusbV</jurabk><enbez>§ 1</enbez><titel format="XML">Staatliche Anerkennung des Ausbildungsberufes</titel></metadaten><textdaten><text format="XML"><Content><P>Der Ausbildungsberuf mit der Berufsbezeichnung des Eisenbahners im Betriebsdienst Lokführer und Transport und der Eisenbahnerin im Betriebsdienst Lokführerin und Transport wird nach § 4 Absatz 1 des Berufsbildungsgesetzes staatlich anerkannt.</P></Content></text></textdaten></norm>
<norm builddate="20220731213206" doknr="BJNR043310022BJNE000300000"><metadaten><jurabk>LTAusbV</jurabk><enbez>§ 2</enbez><titel format="XML">Dauer der Berufsausbildung</titel></metadaten><textdaten><text format="XML"><Content><P>Die Berufsausbildung dauert drei Jahre.</P></Content></text></textdaten></norm>
<norm builddate="20220731213206" doknr="BJNR043310022BJNE000400000"><metadaten><jurabk>LTAusbV</jurabk><enbez>§ 3</enbez><titel format="XML">Begriffsbestimmungen</titel></metadaten><textdaten><text format="XML"><Content><P>(1) Abweichungen im Sinne dieser Verordnung sind alle Änderungen der Planung des Eisenbahnbetriebs, wie zum Beispiel ein Gleiswechsel oder eine Umleitung.</P><P>(2) Störungen im Sinne dieser Verordnung sind unerwartete technische Ereignisse im Eisenbahnbetrieb, die die Sicherheit des Eisenbahnbetriebs beeinträchtigen können, wie zum Beispiel eine Signalstörung oder eine Störung am Fahrzeug.</P><P>(3) Herstellen der Fahrbereitschaft im Sinne dieser Verordnung ist die Vorbereitung zur Durchführung einer Rangierfahrt, wie zum Beispiel das Entfernen der Sicherungselemente.</P><P>(4) Herstellen der Abfahrbereitschaft im Sinne dieser Verordnung ist die Vorbereitung zur Durchführung einer Zugfahrt, wie zum Beispiel eine Bremsprobe oder eine Wagenprüfung.</P></Content></text></textdaten></norm>
<norm builddate="20220731213206" doknr="BJNR043310022BJNE000500000"><metadaten><jurabk>LTAusbV</jurabk><enbez>§ 4</enbez><titel format="XML">Gegenstand der Berufsausbildung und Ausbildungsrahmenplan</titel></metadaten><textdaten><text format="XML"><Content><P>(1) Gegenstand der Berufsausbildung sind mindestens die im Ausbildungsrahmenplan (Anlage) genannten Fertigkeiten, Kenntnisse und Fähigkeiten.</P><P>(2) Von der Organisation der Berufsausbildung, wie sie im Ausbildungsrahmenplan vorgegeben ist, darf von den Ausbildenden abgewichen werden, wenn und soweit betriebspraktische Besonderheiten oder Gründe, die in der Person des oder der Auszubildenden liegen, die Abweichung erfordern.</P><P>(3) Die im Ausbildungsrahmenplan genannten Fertigkeiten, Kenntnisse und Fähigkeiten sollen von den Ausbildenden so vermittelt werden, dass die Auszubildenden die berufliche Handlungsfähigkeit nach § 1 Absatz 3 des Berufsbildungsgesetzes erlangen. Die berufliche Handlungsfähigkeit schließt insbesondere selbständiges Planen, Durchführen und Kontrollieren bei der Ausübung der beruflichen Aufgaben ein.</P></Content></text></textdaten></norm>
<norm builddate="20220731213206" doknr="BJNR043310022BJNE000600000"><metadaten><jurabk>LTAusbV</jurabk><enbez>§ 5</enbez><titel format="XML">Struktur der Berufsausbildung und Ausbildungsberufsbild</titel></metadaten><textdaten><text format="XML"><Content><P>(1) Die Berufsausbildung gliedert sich in: <DL Type="arabic"><DT>1.</DT><DD Font="normal"><LA>berufsübergreifende berufsprofilgebende Fertigkeiten, Kenntnisse und Fähigkeiten,</LA></DD><DT>2.</DT><DD Font="normal"><LA>berufsprofilgebende Fertigkeiten, Kenntnisse und Fähigkeiten sowie</LA></DD><DT>3.</DT><DD Font="normal"><LA>berufsübergreifende, integrativ zu vermittelnde Fertigkeiten, Kenntnisse und Fähigkeiten.</LA></DD></DL>Die Fertigkeiten, Kenntnisse und Fähigkeiten sind in Berufsbildpositionen gebündelt.</P><P>(2) Die Berufsbildpositionen der berufsübergreifenden berufsprofilgebenden Fertigkeiten, Kenntnisse und Fähigkeiten sind: <DL Type="arabic"><DT>1.</DT><DD Font="normal"><LA>die Sicherheitsrichtlinien für den Eisenbahnbetrieb anwenden,</LA></DD><DT>2.</DT><DD Font="normal"><LA>rechtliche Regelungen einhalten; die Rollen der Beteiligten im Eisenbahnbetrieb und ihre Aufgaben im Eisenbahnsystem verstehen und unterscheiden,</LA></DD><DT>3.</DT><DD Font="normal"><LA>Fahrzeuge sowie Bahn- und Gleisanlagen einschließlich technischer Serviceeinrichtungen nach ihren Zwecken unterscheiden,</LA></DD><DT>4.</DT><DD Font="normal"><LA>Steuerung und Sicherung der Zugfolge, Fahrwegelemente und Fahrstraßen in ihrer Funktion beschreiben und unterscheiden,</LA></DD><DT>5.</DT><DD Font="normal"><LA>Zugbeeinflussungssysteme beschreiben und unterscheiden, Zugbeeinflussungsanlagen bedienen und</LA></DD><DT>6.</DT><DD Font="normal"><LA>am Notfallmanagement mitwirken.</LA></DD></DL></P><P>(3) Die Berufsbildpositionen der berufsprofilgebenden Fertigkeiten, Kenntnisse und Fähigkeiten sind: <DL Type="arabic"><DT>1.</DT><DD Font="normal"><LA>Aufträge entgegennehmen und die für die Ausführung notwendigen Arbeitsmittel auf ihre Einsatzfähigkeit prüfen,</LA></DD><DT>2.</DT><DD Font="normal"><LA>Fahrzeuge vor und nach der Fahrt prüfen,</LA></DD><DT>3.</DT><DD Font="normal"><LA>Bremsen prüfen und bedienen,</LA></DD><DT>4.</DT><DD Font="normal"><LA>Zug- und Rangierfahrten im Regelfall durchführen,</LA></DD><DT>5.</DT><DD Font="normal"><LA>Zug- und Rangierfahrten bei Abweichungen und Störungen durchführen,</LA></DD><DT>6.</DT><DD Font="normal"><LA>Verkehrs-, Personal- und Fahrzeugdispositionen sowie Planung innerhalb des Aufgabengebietes beschreiben und</LA></DD><DT>7.</DT><DD Font="normal"><LA>Güter transportieren und Personen befördern.</LA></DD></DL></P><P>(4) Die Berufsbildpositionen der berufsübergreifenden, integrativ zu vermittelnden Fertigkeiten, Kenntnisse und Fähigkeiten sind: <DL Type="arabic"><DT>1.</DT><DD Font="normal"><LA>Organisation des Ausbildungsbetriebes, Berufsbildung sowie Arbeits- und Tarifrecht,</LA></DD><DT>2.</DT><DD Font="normal"><LA>Sicherheit und Gesundheit bei der Arbeit,</LA></DD><DT>3.</DT><DD Font="normal"><LA>Umweltschutz und Nachhaltigkeit,</LA></DD><DT>4.</DT><DD Font="normal"><LA>digitalisierte Arbeitswelt,</LA></DD><DT>5.</DT><DD Font="normal"><LA>Mitwirken an logistischen und betrieblichen Prozessen sowie an Qualitäts- und Sicherheitsmanagementprozessen und</LA></DD><DT>6.</DT><DD Font="normal"><LA>Durchführen von betrieblicher und technischer Kommunikation sowie von Kundenkommunikation.</LA></DD></DL></P><P>(5) Die Fertigkeiten, Kenntnisse und Fähigkeiten der in den Absätzen 2 und 3 genannten Berufsbildpositionen sind in einem der folgenden Einsatzgebiete zu vermitteln: <DL Type="arabic"><DT>1.</DT><DD Font="normal"><LA>Güterverkehr und</LA></DD><DT>2.</DT><DD Font="normal"><LA>Personenverkehr.</LA></DD></DL>Der Ausbildende legt fest, in welchem Einsatzgebiet die Vermittlung erfolgt.</P></Content></text></textdaten></norm>
<norm builddate="20220731213206" doknr="BJNR043310022BJNE000700000"><metadaten><jurabk>LTAusbV</jurabk><enbez>§ 6</enbez><titel format="XML">Ausbildungsplan</titel></metadaten><textdaten><text format="XML"><Content><P>Die Ausbildenden haben spätestens zu Beginn der Ausbildung auf der Grundlage des Ausbildungsrahmenplans für jeden Auszubildenden und für jede Auszubildende einen Ausbildungsplan zu erstellen.</P></Content></text></textdaten></norm>
<norm builddate="20220731213206" doknr="BJNR043310022BJNG000200000"><metadaten><jurabk>LTAusbV</jurabk><gliederungseinheit><gliederungskennzahl>020</gliederungskennzahl><gliederungsbez>Abschnitt 2</gliederungsbez><gliederungstitel>Abschlussprüfung</gliederungstitel></gliederungseinheit></metadaten><textdaten/></norm>
<norm builddate="20220731213206" doknr="BJNR043310022BJNE000800000"><metadaten><jurabk>LTAusbV</jurabk><enbez>§ 7</enbez><titel format="XML">Aufteilung in zwei Teile und Zeitpunkt</titel></metadaten><textdaten><text format="XML"><Content><P>(1) Die Abschlussprüfung besteht aus den Teilen 1 und 2.</P><P>(2) Teil 1 soll im vierten Ausbildungshalbjahr stattfinden.</P><P>(3) Teil 2 findet am Ende der Berufsausbildung statt.</P><P>(4) Wird die Ausbildungsdauer verkürzt, so soll Teil 1 der Abschlussprüfung spätestens vier Monate vor dem Zeitpunkt von Teil 2 der Abschlussprüfung stattfinden.</P><P>(5) Den jeweiligen Zeitpunkt legt die zuständige Stelle fest.</P></Content></text></textdaten></norm>
<norm builddate="20220731213206" doknr="BJNR043310022BJNE000900000"><metadaten><jurabk>LTAusbV</jurabk><enbez>§ 8</enbez><titel format="XML">Inhalt des Teiles 1</titel></metadaten><textdaten><text format="XML"><Content><P>Teil 1 der Abschlussprüfung erstreckt sich auf <DL Type="arabic"><DT>1.</DT><DD Font="normal"><LA>die im Ausbildungsrahmenplan für die ersten 18 Monate genannten Fertigkeiten, Kenntnisse und Fähigkeiten sowie</LA></DD><DT>2.</DT><DD Font="normal"><LA>den im Berufsschulunterricht zu vermittelnden Lehrstoff, soweit er den im Ausbildungsrahmenplan genannten Fertigkeiten, Kenntnissen und Fähigkeiten entspricht.</LA></DD></DL></P></Content></text></textdaten></norm>
<norm builddate="20220731213206" doknr="BJNR043310022BJNE001000000"><metadaten><jurabk>LTAusbV</jurabk><enbez>§ 9</enbez><titel format="XML">Prüfungsbereich des Teiles 1</titel></metadaten><textdaten><text format="XML"><Content><P>(1) Teil 1 der Abschlussprüfung findet im Prüfungsbereich „Gesamtsystem Eisenbahn und Zugvorbereitung“ statt.</P><P>(2) Im Prüfungsbereich „Gesamtsystem Eisenbahn und Zugvorbereitung“ besteht die Prüfung aus zwei Teilen.</P><P>(3) Im ersten Teil hat der Prüfling nachzuweisen, dass er in der Lage ist, <DL Type="arabic"><DT>1.</DT><DD Font="normal"><LA>mit den am Eisenbahnbetrieb Beteiligten zu kommunizieren und sich mit ihnen zu verständigen,</LA></DD><DT>2.</DT><DD Font="normal"><LA>die eigene Sicherheit im Eisenbahnbetrieb zu gewährleisten,</LA></DD><DT>3.</DT><DD Font="normal"><LA>Zweck und Aufbau von Bahnanlagen zu beschreiben,</LA></DD><DT>4.</DT><DD Font="normal"><LA>Zugbeeinflussungssysteme sowie Kommunikationssysteme zu unterscheiden,</LA></DD><DT>5.</DT><DD Font="normal"><LA>die rechtlichen Vorschriften für den Eisenbahnbetrieb einzuhalten und</LA></DD><DT>6.</DT><DD Font="normal"><LA>die Funktion und Bedeutung von Signalen, von Fahrstraßen und von Rangierstraßen sowie die Grundlagen des Rad-Schiene-Systems zu beschreiben.</LA></DD></DL>Die Aufgaben müssen praxisbezogen sein. Der Prüfling hat die Aufgaben schriftlich zu bearbeiten. Die Prüfungszeit beträgt 60 Minuten.</P><P>(4) Im zweiten Teil hat der Prüfling nachzuweisen, dass er in der Lage ist, <DL Type="arabic"><DT>1.</DT><DD Font="normal"><LA>eine fahrzeugspezifische Bremsprobe durchzuführen,</LA></DD><DT>2.</DT><DD Font="normal"><LA>Zugdaten zu erfassen und die dazugehörigen betrieblichen Dokumente zu erstellen,</LA></DD><DT>3.</DT><DD Font="normal"><LA>eine fahrzeugspezifische, wagentechnische Behandlung durchzuführen sowie</LA></DD><DT>4.</DT><DD Font="normal"><LA>Arbeitsschutzbestimmungen bei Aufenthalten und Arbeiten im Gleisbereich einzuhalten.</LA></DD></DL>Der Prüfling hat eine Arbeitsaufgabe durchzuführen. Während der Durchführung wird mit ihm ein situatives Fachgespräch über die Arbeitsaufgabe geführt. Die Prüfungszeit beträgt insgesamt 90 Minuten. Das situative Fachgespräch dauert höchstens 10 Minuten.</P><P>(5) Bei der Ermittlung des Ergebnisses für den Prüfungsbereich sind die Bewertungen wie folgt zu gewichten: <DL Type="arabic"><DT>1.</DT><DD Font="normal"><LA>die Bewertung für den ersten Teil mit 50 Prozent und</LA></DD><DT>2.</DT><DD Font="normal"><LA>die Bewertung für den zweiten Teil mit 50 Prozent.</LA></DD></DL></P></Content></text></textdaten></norm>
<norm builddate="20220731213206" doknr="BJNR043310022BJNE001100000"><metadaten><jurabk>LTAusbV</jurabk><enbez>§ 10</enbez><titel format="XML">Inhalt des Teiles 2</titel></metadaten><textdaten><text format="XML"><Content><P>(1) Teil 2 der Abschlussprüfung erstreckt sich auf <DL Type="arabic"><DT>1.</DT><DD Font="normal"><LA>die im Ausbildungsrahmenplan genannten Fertigkeiten, Kenntnisse und Fähigkeiten sowie</LA></DD><DT>2.</DT><DD Font="normal"><LA>den im Berufsschulunterricht zu vermittelnden Lehrstoff, soweit er den im Ausbildungsrahmenplan genannten Fertigkeiten, Kenntnissen und Fähigkeiten entspricht.</LA></DD></DL></P><P>(2) In Teil 2 der Abschlussprüfung sollen Fertigkeiten, Kenntnisse und Fähigkeiten, die bereits Gegenstand von Teil 1 der Abschlussprüfung waren, nur insoweit einbezogen werden, als es für die Feststellung der beruflichen Handlungsfähigkeit erforderlich ist.</P></Content></text></textdaten></norm>
<norm builddate="20220731213206" doknr="BJNR043310022BJNE001200000"><metadaten><jurabk>LTAusbV</jurabk><enbez>§ 11</enbez><titel format="XML">Prüfungsbereiche des Teiles 2</titel></metadaten><textdaten><text format="XML"><Content><P>Teil 2 der Abschlussprüfung findet in den folgenden Prüfungsbereichen statt: <DL Type="arabic"><DT>1.</DT><DD Font="normal"><LA>„Prüfen von Triebfahrzeugen“,</LA></DD><DT>2.</DT><DD Font="normal"><LA>„Zug- und Rangierfahrten durchführen“,</LA></DD><DT>3.</DT><DD Font="normal"><LA>„Eisenbahnbetrieb im Regelbetrieb sowie bei Abweichungen und Störungen“ sowie</LA></DD><DT>4.</DT><DD Font="normal"><LA>„Wirtschafts- und Sozialkunde“.</LA></DD></DL></P></Content></text></textdaten></norm>
<norm builddate="20220731213206" doknr="BJNR043310022BJNE001300000"><metadaten><jurabk>LTAusbV</jurabk><enbez>§ 12</enbez><titel format="XML">Prüfungsbereich „Prüfen von Triebfahrzeugen“</titel></metadaten><textdaten><text format="XML"><Content><P>(1) Im Prüfungsbereich „Prüfen von Triebfahrzeugen“ hat der Prüfling nachzuweisen, dass er in der Lage ist, <DL Type="arabic"><DT>1.</DT><DD Font="normal"><LA>Fahrzeuge in Betrieb zu nehmen und Fahrbereitschaft herzustellen,</LA></DD><DT>2.</DT><DD Font="normal"><LA>Störungen zu lokalisieren und Maßnahmen zu deren Behebung einzuleiten,</LA></DD><DT>3.</DT><DD Font="normal"><LA>Fahrzeuge außer Betrieb zu nehmen und abzustellen sowie</LA></DD><DT>4.</DT><DD Font="normal"><LA>Maßnahmen zur Sicherheit und zum Gesundheitsschutz bei der Arbeit, zur Nachhaltigkeit und zum Umweltschutz durchzuführen.</LA></DD></DL></P><P>(2) Der Prüfling hat eine Arbeitsaufgabe durchzuführen. Während der Durchführung wird mit ihm ein situatives Fachgespräch über die Arbeitsaufgabe geführt.</P><P>(3) Die Prüfungszeit beträgt insgesamt 90 Minuten. Das situative Fachgespräch dauert höchsten 10 Minuten.</P></Content></text></textdaten></norm>
<norm builddate="20220731213206" doknr="BJNR043310022BJNE001400000"><metadaten><jurabk>LTAusbV</jurabk><enbez>§ 13</enbez><titel format="XML">Prüfungsbereich „Zug- und Rangierfahrten durchführen“</titel></metadaten><textdaten><text format="XML"><Content><P>(1) Im Prüfungsbereich „Zug- und Rangierfahrten durchführen“ besteht die Prüfung aus zwei Teilen.</P><P>(2) Im ersten Teil hat der Prüfling nachzuweisen, dass er in der Lage ist, Rangierfahrten sicher durchzuführen und dabei <DL Type="arabic"><DT>1.</DT><DD Font="normal"><LA>den Arbeitsauftrag für die Rangierarbeiten umzusetzen und die Rangierfahrten zu planen,</LA></DD><DT>2.</DT><DD Font="normal"><LA>die Fahrbereitschaft der Rangierfahrten festzustellen,</LA></DD><DT>3.</DT><DD Font="normal"><LA>Rangierfahrten als Triebfahrzeugführer oder Triebfahrzeugführerin durchzuführen,</LA></DD><DT>4.</DT><DD Font="normal"><LA>eine energiesparende Fahrweise anzustreben sowie Abweichungen und Störungen zu erkennen,</LA></DD><DT>5.</DT><DD Font="normal"><LA>Maßnahmen bei Abweichungen und Störungen zu ergreifen und</LA></DD><DT>6.</DT><DD Font="normal"><LA>Maßnahmen zur Sicherheit und zum Gesundheitsschutz bei der Arbeit, zur Nachhaltigkeit und zum Umweltschutz durchzuführen.</LA></DD></DL>Für den Nachweis nach Satz 1 Nummer 1 bis 6 ist eines der folgenden Gebiete zugrunde zu legen: <DL Type="arabic"><DT>1.</DT><DD Font="normal"><LA>Güterverkehr oder</LA></DD><DT>2.</DT><DD Font="normal"><LA>Personenverkehr.</LA></DD></DL>Bei der Aufgabenstellung ist das Einsatzgebiet nach § 5 Absatz 5 zu berücksichtigen, in dem der Prüfling überwiegend ausgebildet wurde. Für den Nachweis nach Satz 1 Nummer 1 bis 6 hat der Prüfling einen betrieblichen Auftrag durchzuführen und mit praxisbezogenen Unterlagen zu dokumentieren. Vor der Durchführung des betrieblichen Auftrags hat der Ausbildende dem Prüfungsausschuss die Aufgabenstellung einschließlich eines geplanten Bearbeitungszeitraums zur Genehmigung vorzulegen. Nach der Durchführung wird mit dem Prüfling auf der Grundlage der Dokumentation ein auftragsbezogenes Fachgespräch über den betrieblichen Auftrag geführt. Die Prüfungszeit für den betrieblichen Auftrag beträgt 120 Minuten. Das auftragsbezogene Fachgespräch dauert höchstens 25 Minuten.</P><P>(3) Im zweiten Teil hat der Prüfling nachzuweisen, dass er in der Lage ist, eine Zugfahrt sicher durchzuführen und dabei <DL Type="arabic"><DT>1.</DT><DD Font="normal"><LA>die Abfahrbereitschaft des Zuges herzustellen,</LA></DD><DT>2.</DT><DD Font="normal"><LA>eine Zugfahrt als Triebfahrzeugführer oder Triebfahrzeugführerin durchzuführen,</LA></DD><DT>3.</DT><DD Font="normal"><LA>den Fahrplan einzuhalten und eine energiesparende Fahrweise anzustreben,</LA></DD><DT>4.</DT><DD Font="normal"><LA>Abweichungen und Störungen zu erkennen,</LA></DD><DT>5.</DT><DD Font="normal"><LA>Maßnahmen bei Abweichungen und Störungen zu ergreifen und</LA></DD><DT>6.</DT><DD Font="normal"><LA>Maßnahmen zur Sicherheit und zum Gesundheitsschutz bei der Arbeit, zur Nachhaltigkeit und zum Umweltschutz durchzuführen.</LA></DD></DL>Für den Nachweis nach Satz 1 Nummer 1 bis 6 ist eines der folgenden Gebiete zugrunde zu legen: <DL Type="arabic"><DT>1.</DT><DD Font="normal"><LA>Güterverkehr oder</LA></DD><DT>2.</DT><DD Font="normal"><LA>Personenverkehr.</LA></DD></DL>Bei der Aufgabenstellung ist das Einsatzgebiet nach § 5 Absatz 5 zu berücksichtigen, in dem der Prüfling überwiegend ausgebildet wurde. Der Prüfling hat eine Arbeitsaufgabe durchzuführen. Nach der Durchführung wird mit ihm ein auftragsbezogenes Fachgespräch über die Arbeitsaufgabe zu Abweichungen und Störungen geführt. Die Zugfahrt kann digital mittels eines Simulationsprogramms abgebildet werden. Vorher ist dem Prüfling Gelegenheit zu geben, sich in dieses Simulationsprogramm einzuarbeiten. Die Prüfungszeit beträgt insgesamt 75 Minuten. Das auftragsbezogene Fachgespräch dauert höchstens 15 Minuten.</P><P>(4) Bei der Ermittlung des Ergebnisses für den Prüfungsbereich sind die Bewertungen wie folgt zu gewichten: <DL Type="arabic"><DT>1.</DT><DD Font="normal"><LA>die Bewertung für den ersten Teil mit 30 Prozent und</LA></DD><DT>2.</DT><DD Font="normal"><LA>die Bewertung für den zweiten Teil mit 70 Prozent.</LA></DD></DL></P></Content></text></textdaten></norm>
<norm builddate="20220731213206" doknr="BJNR043310022BJNE001500000"><metadaten><jurabk>LTAusbV</jurabk><enbez>§ 14</enbez><titel format="XML">Prüfungsbereich „Eisenbahnbetrieb im Regelbetrieb sowie bei Abweichungen und Störungen“</titel></metadaten><textdaten><text format="XML"><Content><P>(1) Im Prüfungsbereich „Eisenbahnbetrieb im Regelbetrieb sowie bei Abweichungen und Störungen“ hat der Prüfling nachzuweisen, dass er in der Lage ist, <DL Type="arabic"><DT>1.</DT><DD Font="normal"><LA>den Eisenbahnbetrieb mit verschiedenen Betriebsverfahren darzustellen und dabei die Bedeutung der Sicherheit und der Kommunikation für den Eisenbahnbetrieb herauszustellen,</LA></DD><DT>2.</DT><DD Font="normal"><LA>den allgemeinen Aufbau von Triebfahrzeugen zu beschreiben und diese nach ihren Antriebssystemen, Sicherheitseinrichtungen und Bremssystemen zu unterscheiden,</LA></DD><DT>3.</DT><DD Font="normal"><LA>Zugbeeinflussungssysteme und Kommunikationseinrichtungen zu beschreiben,</LA></DD><DT>4.</DT><DD Font="normal"><LA>zu befahrende Infrastrukturen zu beschreiben und</LA></DD><DT>5.</DT><DD Font="normal"><LA>mit Abweichungen, Unregelmäßigkeiten, Störungen und Unfällen umzugehen.</LA></DD></DL></P><P>(2) Die Aufgaben müssen praxisbezogen sein. Der Prüfling hat die Aufgaben schriftlich zu bearbeiten.</P><P>(3) Die Prüfungszeit beträgt 180 Minuten.</P></Content></text></textdaten></norm>
<norm builddate="20220731213206" doknr="BJNR043310022BJNE001600000"><metadaten><jurabk>LTAusbV</jurabk><enbez>§ 15</enbez><titel format="XML">Prüfungsbereich „Wirtschafts- und Sozialkunde“</titel></metadaten><textdaten><text format="XML"><Content><P>(1) Im Prüfungsbereich „Wirtschafts- und Sozialkunde“ hat der Prüfling nachzuweisen, dass er in der Lage ist, allgemeine wirtschaftliche und gesellschaftliche Zusammenhänge der Berufs- und Arbeitswelt darzustellen und zu beurteilen.</P><P>(2) Die Aufgaben müssen praxisbezogen sein. Der Prüfling hat die Aufgaben schriftlich zu bearbeiten.</P><P>(3) Die Prüfungszeit beträgt 60 Minuten.</P></Content></text></textdaten></norm>
<norm builddate="20220731213206" doknr="BJNR043310022BJNE001700000"><metadaten><jurabk>LTAusbV</jurabk><enbez>§ 16</enbez><titel format="XML">Gewichtung der Prüfungsbereiche und Anforderungen für das Bestehen der Abschlussprüfung</titel></metadaten><textdaten><text format="XML"><Content><P>(1) Die Bewertungen der einzelnen Prüfungsbereiche sind wie folgt zu gewichten: <DL Type="arabic"><DT>1.</DT><DD Font="normal"><LA><!-- SPLIT UMBAU : [Text: „Gesamtsystem Eisenbahn][Element: <BR/>





][Text:  und Zugvorbereitung“ ][Element: 





<Split/>





][Text: mit 20 Prozent,]--><table colsep="0" frame="none" pgwide="1" rowsep="0"><tgroup cols="2"><colspec align="left" colname="leftSplit"/><colspec align="right" colname="rightSplit"/><tbody Class="Split"><row><entry colname="leftSplit">„Gesamtsystem Eisenbahn<BR/> und Zugvorbereitung“</entry><entry colname="rightSplit" valign="bottom">mit 20 Prozent,</entry></row></tbody></tgroup></table></LA></DD><DT>2.</DT><DD Font="normal"><LA><!-- SPLIT UMBAU : [Text: „Prüfen von Triebfahrzeugen“ ][Element: <Split/>





][Text: mit 20 Prozent,]--><table colsep="0" frame="none" pgwide="1" rowsep="0"><tgroup cols="2"><colspec align="left" colname="leftSplit"/><colspec align="right" colname="rightSplit"/><tbody Class="Split"><row><entry colname="leftSplit">„Prüfen von Triebfahrzeugen“</entry><entry colname="rightSplit" valign="bottom">mit 20 Prozent,</entry></row></tbody></tgroup></table></LA></DD><DT>3.</DT><DD Font="normal"><LA><!-- SPLIT UMBAU : [Text: „Zug- und Rangierfahrten][Element: <BR/>





][Text:  durchführen“ ][Element: 





<Split/>





][Text: mit 30 Prozent,]--><table colsep="0" frame="none" pgwide="1" rowsep="0"><tgroup cols="2"><colspec align="left" colname="leftSplit"/><colspec align="right" colname="rightSplit"/><tbody Class="Split"><row><entry colname="leftSplit">„Zug- und Rangierfahrten<BR/> durchführen“</entry><entry colname="rightSplit" valign="bottom">mit 30 Prozent,</entry></row></tbody></tgroup></table></LA></DD><DT>4.</DT><DD Font="normal"><LA><!-- SPLIT UMBAU : [Text: „Eisenbahnbetrieb im Regelbetrieb][Element: <BR/>





][Text:  sowie bei Abweichungen und][Element: <BR/>][Text:  Störungen“ 
][Element: 





<Split/>





][Text: mit 20 Prozent][Element: <BR/>]--><table colsep="0" frame="none" pgwide="1" rowsep="0"><tgroup cols="2"><colspec align="left" colname="leftSplit"/><colspec align="right" colname="rightSplit"/><tbody Class="Split"><row><entry colname="leftSplit">„Eisenbahnbetrieb im Regelbetrieb<BR/> sowie bei Abweichungen und<BR/> Störungen“</entry><entry colname="rightSplit" valign="bottom">mit 20 Prozent<BR/></entry></row></tbody></tgroup></table><!-- SPLIT UMBAU : [Text:  ][Element: <Split/>





][Text: sowie    ]--><table colsep="0" frame="none" pgwide="1" rowsep="0"><tgroup cols="2"><colspec align="left" colname="leftSplit"/><colspec align="right" colname="rightSplit"/><tbody Class="Split"><row><entry colname="leftSplit"/><entry colname="rightSplit" valign="bottom">sowie    </entry></row></tbody></tgroup></table></LA></DD><DT>5.</DT><DD Font="normal"><LA><!-- SPLIT UMBAU : [Text: „Wirtschafts- und Sozialkunde“ ][Element: <Split/>





][Text: mit 10 Prozent.]--><table colsep="0" frame="none" pgwide="1" rowsep="0"><tgroup cols="2"><colspec align="left" colname="leftSplit"/><colspec align="right" colname="rightSplit"/><tbody Class="Split"><row><entry colname="leftSplit">„Wirtschafts- und Sozialkunde“</entry><entry colname="rightSplit" valign="bottom">mit 10 Prozent.</entry></row></tbody></tgroup></table></LA></DD></DL></P><P>(2) Die Abschlussprüfung ist bestanden, wenn die Prüfungsleistungen – auch unter Berücksichtigung einer mündlichen Ergänzungsprüfung nach § 17 – wie folgt bewertet worden sind: <DL Type="arabic"><DT>1.</DT><DD Font="normal"><LA>im Gesamtergebnis von Teil 1 und Teil 2 mit mindestens „ausreichend“,</LA></DD><DT>2.</DT><DD Font="normal"><LA>im Ergebnis von Teil 2 mit mindestens „ausreichend“,</LA></DD><DT>3.</DT><DD Font="normal"><LA>im Prüfungsbereich „Zug- und Rangierfahrten durchführen“ mit mindestens „ausreichend“,</LA></DD><DT>4.</DT><DD Font="normal"><LA>im Prüfungsbereich „Eisenbahnbetrieb im Regelbetrieb sowie bei Abweichungen und Störungen“ mit mindestens „ausreichend“,</LA></DD><DT>5.</DT><DD Font="normal"><LA>in mindestens einem weiteren Prüfungsbereich von Teil 2 mit mindestens „ausreichend“ und</LA></DD><DT>6.</DT><DD Font="normal"><LA>in keinem Prüfungsbereich von Teil 2 mit „ungenügend“.</LA></DD></DL>Über das Bestehen ist ein Beschluss nach § 42 Absatz 1 Nummer 3 des Berufsbildungsgesetzes zu fassen.</P></Content></text></textdaten></norm>
<norm builddate="20220731213206" doknr="BJNR043310022BJNE001800000"><metadaten><jurabk>LTAusbV</jurabk><enbez>§ 17</enbez><titel format="XML">Mündliche Ergänzungsprüfung</titel></metadaten><textdaten><text format="XML"><Content><P>(1) Der Prüfling kann in einem Prüfungsbereich eine mündliche Ergänzungsprüfung beantragen.</P><P>(2) Dem Antrag ist stattzugeben, <DL Type="arabic"><DT>1.</DT><DD Font="normal"><LA>wenn er für einen der folgenden Prüfungsbereiche gestellt worden ist: <DL Type="alpha"><DT>a)</DT><DD Font="normal"><LA>„Eisenbahnbetrieb im Regelbetrieb sowie bei Abweichungen und Störungen“ oder</LA></DD><DT>b)</DT><DD Font="normal"><LA>„Wirtschafts- und Sozialkunde“,</LA></DD></DL></LA></DD><DT>2.</DT><DD Font="normal"><LA>wenn der benannte Prüfungsbereich schlechter als mit „ausreichend“ bewertet worden ist und</LA></DD><DT>3.</DT><DD Font="normal"><LA>wenn die mündliche Ergänzungsprüfung für das Bestehen der Abschlussprüfung den Ausschlag geben kann.</LA></DD></DL>Die mündliche Ergänzungsprüfung darf nur in einem einzigen Prüfungsbereich durchgeführt werden.</P><P>(3) Die mündliche Ergänzungsprüfung soll 15 Minuten dauern.</P><P>(4) Bei der Ermittlung des Ergebnisses für den Prüfungsbereich sind das bisherige Ergebnis und das Ergebnis der mündlichen Ergänzungsprüfung im Verhältnis 2 : 1 zu gewichten.</P></Content></text></textdaten></norm>
<norm builddate="20220731213206" doknr="BJNR043310022BJNG000300000"><metadaten><jurabk>LTAusbV</jurabk><gliederungseinheit><gliederungskennzahl>030</gliederungskennzahl><gliederungsbez>Abschnitt 3</gliederungsbez><gliederungstitel>Weitere Berufsausbildung</gliederungstitel></gliederungseinheit></metadaten><textdaten/></norm>
<norm builddate="20220731213206" doknr="BJNR043310022BJNE001900000"><metadaten><jurabk>LTAusbV</jurabk><enbez>§ 18</enbez><titel format="XML">Anrechnung von Ausbildungszeiten</titel></metadaten><textdaten><text format="XML"><Content><P>Eine erfolgreich abgeschlossene Berufsausbildung zum Eisenbahner in der Zugverkehrssteuerung und zur Eisenbahnerin in der Zugverkehrssteuerung nach der Zugverkehrssteuerungsausbildungsordnung vom 14. März 2022 (BGBl. I S. 433, 447) ist im Umfang von 24 Monaten auf die Berufsausbildung zum Eisenbahner im Betriebsdienst Lokführer und Transport und zur Eisenbahnerin im Betriebsdienst Lokführerin und Transport anzurechnen, wenn die Vertragsparteien dies vereinbaren.</P></Content></text></textdaten></norm>
<norm builddate="20220731213206" doknr="BJNR043310022BJNE002000000"><metadaten><jurabk>LTAusbV</jurabk><enbez>Anlage</enbez><titel format="XML">(zu § 4 Absatz 1)<BR/>Ausbildungsrahmenplan für die Berufsausbildung zum Eisenbahner im Betriebsdienst Lokführer und Transport und zur Eisenbahnerin im Betriebsdienst Lokführerin und Transport</titel></metadaten><textdaten><text format="XML"><Content><P><noindex><kommentar typ="Fundstelle">(Fundstelle: BGBl. I 2022, 438 - 446)</kommentar></noindex></P><P/><table frame="all" pgwide="1" tabstyle="Ausbildung" tocentry="%yes;"><Title Align="left" Class="S1"><B>Abschnitt A: berufsübergreifende berufsprofilgebende Fertigkeiten, Kenntnisse und Fähigkeiten</B></Title><tgroup align="left" char="" charoff="50" cols="5" colsep="1" rowsep="1"><colspec align="center" colname="col1" colnum="1" colwidth=".75*"/><colspec colname="col2" colnum="2" colwidth="4.5*"/><colspec colname="col3" colnum="3" colwidth="8.5*"/><colspec align="center" colname="col4" colnum="4" colwidth="1.5*"/><colspec align="center" colname="col5" colnum="5" colwidth="1.5*"/><thead valign="bottom"><row><entry VJ="1" align="center" colname="col1" morerows="1" valign="middle">Lfd.<BR/> Nr.</entry><entry VJ="1" align="center" colname="col2" morerows="1" valign="middle">Berufsbildpositionen</entry><entry VJ="1" align="center" colname="col3" morerows="1" valign="middle">Fertigkeiten, Kenntnisse und Fähigkeiten</entry><entry VJ="1" align="center" nameend="col5" namest="col4" valign="middle">Zeitliche Richtwerte<BR/> in Wochen im</entry></row><row><entry VJ="1" align="center" colname="col4" valign="middle">1. bis 18.<BR/> Monat</entry><entry VJ="1" align="center" colname="col5" valign="middle">19. bis 36.<BR/> Monat</entry></row><row><entry VJ="1" align="center" colname="col1" valign="middle">1</entry><entry VJ="1" align="center" colname="col2" valign="middle">2</entry><entry VJ="1" align="center" colname="col3" valign="middle">3</entry><entry VJ="1" align="center" nameend="col5" namest="col4" valign="middle">4</entry></row></thead><tbody valign="top"><row><entry VJ="1" colname="col1">1</entry><entry VJ="1" colname="col2">Die Sicherheitsrichtlinien<BR/> für den Eisenbahnbetrieb<BR/> anwenden<BR/> (§ 5 Absatz 2 Nummer 1)</entry><entry VJ="1" colname="col3"><DL Font="normal" Indent="5" Type="alpha"><DT>a)</DT><DD Font="normal"><LA Size="normal">die geschichtliche Entwicklung der Eisenbahn und des Eisenbahnbetriebs und ihre Bedeutung für die Sicherheit des Eisenbahnbetriebs der Gegenwart und der Zukunft einordnen</LA></DD><DT>b)</DT><DD Font="normal"><LA Size="normal">die Umsetzung europäischer Sicherheitsrichtlinien in nationales Eisenbahnrecht und in betriebliche Sicherheitsmanagementsysteme beschreiben</LA></DD><DT>c)</DT><DD Font="normal"><LA Size="normal">den Aufbau eines betrieblichen Sicherheitsmanagementsystems beschreiben</LA></DD><DT>d)</DT><DD Font="normal"><LA Size="normal">die Sicherheitsrichtlinien über das Sicherheitsmanagement auch fachübergreifend anwenden</LA></DD><DT>e)</DT><DD Font="normal"><LA Size="normal">den Grundsatz „Sicherheit vor Pünktlichkeit“ beachten</LA></DD><DT>f)</DT><DD Font="normal"><LA Size="normal">Sicherheit im Eisenbahnbetrieb als eisenbahnsystemische Gemeinschaftsaufgabe ausarbeiten, gestalten und organisieren</LA></DD><DT>g)</DT><DD Font="normal"><LA Size="normal">zur kontinuierlichen Verbesserung des Sicherheitsmanagementsystems beitragen</LA></DD></DL></entry><entry VJ="1" colname="col4" valign="middle">7</entry><entry VJ="1" colname="col5"/></row><row><entry VJ="1" colname="col1">2</entry><entry VJ="1" colname="col2">Rechtliche Regelungen<BR/> einhalten; die Rollen<BR/> der Beteiligten im<BR/> Eisenbahnbetrieb und<BR/> ihre Aufgaben im<BR/> Eisenbahnsystem verstehen und unterscheiden<BR/> (§ 5 Absatz 2 Nummer 2)</entry><entry VJ="1" colname="col3"><DL Font="normal" Indent="5" Type="alpha"><DT>a)</DT><DD Font="normal"><LA Size="normal">den Zusammenhang zwischen europäischen und nationalen gesetzlichen Vorgaben und Verordnungen sowie den betrieblich-technischen Regelwerken darstellen</LA></DD><DT>b)</DT><DD Font="normal"><LA Size="normal">die betrieblich-technischen Regelwerke anwenden</LA></DD><DT>c)</DT><DD Font="normal"><LA Size="normal">Verhaltens- und Arbeitsschutzregeln für Mitarbeiter und Mitarbeiterinnen im Eisenbahnbetrieb anwenden, branchen- und betriebsinterne Vorschriften der Unfallversicherungsträger beachten</LA></DD><DT>d)</DT><DD Font="normal"><LA Size="normal">die grundsätzlichen Funktionen im Eisenbahnbetrieb, insbesondere Zuständigkeiten, Abgrenzungen und Doppelfunktionen, unterscheiden</LA></DD><DT>e)</DT><DD Font="normal"><LA Size="normal">das Zusammenwirken der vorgegebenen Rollen im Eisenbahnbetrieb für einen sicheren Eisenbahnbetrieb beschreiben</LA></DD><DT>f)</DT><DD Font="normal"><LA Size="normal">die für das Sicherheitsmanagementsystem relevanten Beteiligten und deren Verantwortlichkeiten, insbesondere Zuständigkeiten, Rechenschaftspflichten und Befugnisse, unterscheiden</LA></DD><DT>g)</DT><DD Font="normal"><LA Size="normal">Fahrpläne anwenden</LA></DD></DL></entry><entry VJ="1" colname="col4" valign="middle">5</entry><entry VJ="1" colname="col5"/></row><row><entry VJ="1" colname="col1">3</entry><entry VJ="1" colname="col2">Fahrzeuge sowie<BR/> Bahn- und Gleisanlagen<BR/> einschließlich technischer<BR/> Serviceeinrichtungen<BR/> nach ihren Zwecken<BR/> unterscheiden<BR/> (§ 5 Absatz 2 Nummer 3)</entry><entry VJ="1" colname="col3"><DL Font="normal" Indent="5" Type="alpha"><DT>a)</DT><DD Font="normal"><LA Size="normal">Triebfahrzeuge, Wagen und Nebenfahrzeuge für den Personen- und Gütertransport unterscheiden und für den jeweiligen Einsatz- und Verwendungszweck auswählen</LA></DD><DT>b)</DT><DD Font="normal"><LA Size="normal">den Aufbau der Fahrzeuge nach ihrem Verwendungszweck sowie die Energieversorgung und die Steuerung der Fahrzeuge unterscheiden</LA></DD><DT>c)</DT><DD Font="normal"><LA Size="normal">den Aufbau der Gleisanlagen, insbesondere Fahrbahn mit Unterbau, Oberbau, Weichen und Kreuzungen, sowie Bauwerke mit Tunneln, Brücken und Einschnitten beschreiben</LA></DD><DT>d)</DT><DD Font="normal"><LA Size="normal">Serviceeinrichtungen, insbesondere Tankanlagen, Besandungsanlagen, Gleiswaagen, Instandhaltungseinrichtungen, Schiebebühnen sowie Anlagen zur Ver- und Entsorgung von Betriebsmitteln, unterscheiden</LA></DD><DT>e)</DT><DD Font="normal"><LA Size="normal">Anlagen der freien Strecke und des Bahnhofs unterscheiden; Einteilung nach Bahnanlagen für Personenverkehr und Güterverkehr vornehmen</LA></DD><DT>f)</DT><DD Font="normal"><LA Size="normal">Bahnstromanlagen unterscheiden</LA></DD><DT>g)</DT><DD Font="normal"><LA Size="normal">Bahnübergänge nach Art der Sicherung unterscheiden</LA></DD><DT>h)</DT><DD Font="normal"><LA Size="normal">physikalische Bedingungen und Rad-Schiene-System erläutern, Elemente am Fahrzeug und Fahrweg zur Spurführung beschreiben</LA></DD><DT>i)</DT><DD Font="normal"><LA Size="normal">den Einfluss von Witterungs- und Umwelteinflüssen auf die Sicherheit des Eisenbahnbetriebs berücksichtigen</LA></DD><DT>j)</DT><DD Font="normal"><LA Size="normal">die Vor- und Nachteile des Schienenverkehrs im Vergleich zu anderen Verkehrsträgern erkennen</LA></DD></DL></entry><entry VJ="1" colname="col4" valign="middle">7</entry><entry VJ="1" colname="col5"/></row><row><entry VJ="1" colname="col1">4</entry><entry VJ="1" colname="col2">Steuerung und Sicherung<BR/> der Zugfolge,<BR/> Fahrwegelemente und<BR/> Fahrstraßen in ihrer<BR/> Funktion beschreiben und<BR/> unterscheiden<BR/> (§ 5 Absatz 2 Nummer 4)</entry><entry VJ="1" colname="col3"><DL Font="normal" Indent="5" Type="alpha"><DT>a)</DT><DD Font="normal"><LA Size="normal">Signalsysteme sowie einzelne Anlagen und Techniken, auch nach ihrem Verwendungszweck, unterscheiden</LA></DD><DT>b)</DT><DD Font="normal"><LA Size="normal">verschiedene Blockeinrichtungen und ihre Wirkungsweise unterscheiden</LA></DD><DT>c)</DT><DD Font="normal"><LA Size="normal">die Regeln zum Fahren im Raumabstand sowie die Regeln der Fahrstraßensicherung im Bahnhof und auf der freien Strecke anwenden</LA></DD><DT>d)</DT><DD Font="normal"><LA Size="normal">Zug- und Rangierfahrstraßen unterscheiden</LA></DD><DT>e)</DT><DD Font="normal"><LA Size="normal">Besonderheiten bei Abweichungen und bei Störungen beachten</LA></DD></DL></entry><entry VJ="1" colname="col4" valign="middle">7</entry><entry VJ="1" colname="col5"/></row><row><entry VJ="1" colname="col1" morerows="1">5</entry><entry VJ="1" colname="col2" morerows="1">Zugbeeinflussungssysteme beschreiben und<BR/> unterscheiden,<BR/> Zugbeeinflussungsanlagen bedienen<BR/> (§ 5 Absatz 2 Nummer 5)</entry><entry VJ="1" colname="col3"><DL Font="normal" Indent="5" Type="alpha"><DT>a)</DT><DD Font="normal"><LA Size="normal">Zugbeeinflussungssysteme, deren Aufbau und deren Funktion beschreiben</LA></DD><DT>b)</DT><DD Font="normal"><LA Size="normal">Unterschiede von Zugbeeinflussungssystemen in der Wirkungsweise und Bedienung beschreiben</LA></DD></DL></entry><entry VJ="1" colname="col4" valign="middle">4</entry><entry VJ="1" colname="col5"/></row><row><entry VJ="1" colname="col3"><DL Font="normal" Indent="5" Type="alpha"><DT>c)</DT><DD Font="normal"><LA Size="normal">Zugbeeinflussungsanlagen an Fahrzeugen oder Strecken bedienen</LA></DD><DT>d)</DT><DD Font="normal"><LA Size="normal">Abweichungen vom Regelbetrieb sowie Störungen erkennen und Maßnahmen einleiten</LA></DD></DL></entry><entry VJ="1" colname="col4"/><entry VJ="1" colname="col5" valign="middle">4</entry></row><row><entry VJ="1" colname="col1">6</entry><entry VJ="1" colname="col2">Am Notfallmanagement<BR/> mitwirken<BR/> (§ 5 Absatz 2 Nummer 6)</entry><entry VJ="1" colname="col3"><DL Font="normal" Indent="5" Type="alpha"><DT>a)</DT><DD Font="normal"><LA Size="normal">Gefahrensituationen und Gefahren erkennen und beurteilen sowie Maßnahmen zur Abwehr nach dem betrieblichen Regelwerk einleiten</LA></DD><DT>b)</DT><DD Font="normal"><LA Size="normal">Nothaltauftrag abgeben</LA></DD><DT>c)</DT><DD Font="normal"><LA Size="normal">Maßnahmen zum Eigenschutz sowie zur Selbst- und Fremdrettung ergreifen</LA></DD><DT>d)</DT><DD Font="normal"><LA Size="normal">Sperrungen von Gleisen veranlassen</LA></DD><DT>e)</DT><DD Font="normal"><LA Size="normal">gefahrgutspezifische Maßnahmen ergreifen</LA></DD><DT>f)</DT><DD Font="normal"><LA Size="normal">Notfallmeldekette auslösen und einhalten; Hilfe anfordern</LA></DD><DT>g)</DT><DD Font="normal"><LA Size="normal">Aufträge des Notfallmanagements im Verantwortungsbereich ausführen</LA></DD><DT>h)</DT><DD Font="normal"><LA Size="normal">Evakuierung von Reisezügen sowie begleiteten Güterzügen, insbesondere unter Berücksichtigung von mobilitätseingeschränkten Personen, durchführen</LA></DD><DT>i)</DT><DD Font="normal"><LA Size="normal">Gesamtvorgang dokumentieren</LA></DD><DT>j)</DT><DD Font="normal"><LA Size="normal">eigenes Verhalten bei Gefahren im Eisenbahnbetrieb reflektieren und vorbeugende Maßnahmen vorschlagen</LA></DD><DT>k)</DT><DD Font="normal"><LA Size="normal">die Rollen der Beteiligten im Notfallmanagement beschreiben</LA></DD><DT>l)</DT><DD Font="normal"><LA Size="normal">mit psychisch belastenden Ereignissen umgehen</LA></DD></DL></entry><entry VJ="1" colname="col4"/><entry VJ="1" colname="col5" valign="middle">4</entry></row></tbody></tgroup></table><P/><table frame="all" pgwide="1" tabstyle="Ausbildung" tocentry="%yes;"><Title Align="left" Class="S1"><B>Abschnitt B: berufsprofilgebende Fertigkeiten, Kenntnisse und Fähigkeiten</B></Title><tgroup align="left" char="" charoff="50" cols="5" colsep="1" rowsep="1"><colspec align="center" colname="col1" colnum="1" colwidth=".75*"/><colspec colname="col2" colnum="2" colwidth="4.5*"/><colspec colname="col3" colnum="3" colwidth="8.5*"/><colspec align="center" colname="col4" colnum="4" colwidth="1.5*"/><colspec align="center" colname="col5" colnum="5" colwidth="1.5*"/><thead valign="bottom"><row><entry VJ="1" align="center" colname="col1" morerows="1" valign="middle">Lfd.<BR/> Nr.</entry><entry VJ="1" align="center" colname="col2" morerows="1" valign="middle">Berufsbildpositionen</entry><entry VJ="1" align="center" colname="col3" morerows="1" valign="middle">Fertigkeiten, Kenntnisse und Fähigkeiten</entry><entry VJ="1" align="center" nameend="col5" namest="col4" valign="middle">Zeitliche Richtwerte<BR/> in Wochen im</entry></row><row><entry VJ="1" align="center" colname="col4" valign="middle">1. bis 18.<BR/> Monat</entry><entry VJ="1" align="center" colname="col5" valign="middle">19. bis 36.<BR/> Monat</entry></row><row><entry VJ="1" align="center" colname="col1" valign="middle">1</entry><entry VJ="1" align="center" colname="col2" valign="middle">2</entry><entry VJ="1" align="center" colname="col3" valign="middle">3</entry><entry VJ="1" align="center" nameend="col5" namest="col4" valign="middle">4</entry></row></thead><tbody valign="top"><row><entry VJ="1" colname="col1">1</entry><entry VJ="1" colname="col2">Aufträge entgegennehmen und die für die Ausführung notwendigen Arbeitsmittel<BR/> auf ihre Einsatzfähigkeit<BR/> prüfen<BR/> (§ 5 Absatz 3 Nummer 1)</entry><entry VJ="1" colname="col3"><DL Font="normal" Indent="5" Type="alpha"><DT>a)</DT><DD Font="normal"><LA Size="normal">persönliche Schutzausrüstung auf ihre Funktionsfähigkeit und Vollständigkeit prüfen</LA></DD><DT>b)</DT><DD Font="normal"><LA Size="normal">Schichtantrittsmeldung durchführen und für die Durchführung der Schicht erforderliche Gespräche mit der Disposition situationsgerecht führen</LA></DD><DT>c)</DT><DD Font="normal"><LA Size="normal">Dienst- und Arbeitsaufträge sowie Rangieraufträge entgegennehmen und umsetzen</LA></DD><DT>d)</DT><DD Font="normal"><LA Size="normal">betriebliche und technische Weisungen aktualisieren und einsehen</LA></DD><DT>e)</DT><DD Font="normal"><LA Size="normal">betriebliche Unterlagen, insbesondere Fahrplanunterlagen, aktualisieren und für die Fahrt nutzen</LA></DD><DT>f)</DT><DD Font="normal"><LA Size="normal">Arbeitsmittel und Unterlagen auf Funktionsfähigkeit und Vollständigkeit prüfen</LA></DD></DL></entry><entry VJ="1" colname="col4" valign="middle">4</entry><entry VJ="1" colname="col5"/></row><row><entry VJ="1" colname="col1" rowsep="0">2</entry><entry VJ="1" colname="col2" rowsep="0">Fahrzeuge vor und nach der Fahrt prüfen<BR/> (§ 5 Absatz 3 Nummer 2)</entry><entry VJ="1" colname="col3"><DL Font="normal" Indent="5" Type="alpha"><DT>a)</DT><DD Font="normal"><LA Size="normal">Sichtprüfungen auf Schäden an Fahrzeugen durchführen</LA></DD><DT>b)</DT><DD Font="normal"><LA Size="normal">bei Störungen an Fahrzeugen Ursachen suchen und Maßnahmen ergreifen, Störungen dokumentieren und melden</LA></DD></DL></entry><entry VJ="1" colname="col4" valign="middle">8</entry><entry VJ="1" colname="col5"/></row><row><entry VJ="1" colname="col1"/><entry VJ="1" colname="col2"/><entry VJ="1" colname="col3"><DL Font="normal" Indent="5" Type="alpha"><DT>c)</DT><DD Font="normal"><LA Size="normal">Fälligkeiten von Vorbereitungs- und Abschlussarbeiten prüfen</LA></DD><DT>d)</DT><DD Font="normal"><LA Size="normal">Sichtprüfungen auf Schäden am Triebfahrzeug durchführen</LA></DD><DT>e)</DT><DD Font="normal"><LA Size="normal">bei Störungen am Triebfahrzeug Ursachen suchen und Maßnahmen ergreifen, Störungen dokumentieren und melden</LA></DD><DT>f)</DT><DD Font="normal"><LA Size="normal">Füllstände der Betriebsstoffe und deren Einsatzfähigkeit prüfen, Betriebsstoffe ergänzen</LA></DD><DT>g)</DT><DD Font="normal"><LA Size="normal">Fahrzeugdokumente einsehen, Einsatzfähigkeit des Fahrzeuges feststellen und Fahrzeug in Betrieb nehmen</LA></DD><DT>h)</DT><DD Font="normal"><LA Size="normal">örtliche Anschlussleitungen der Landversorgung entfernen; laufende Arbeiten am Fahrzeug ausschließen</LA></DD><DT>i)</DT><DD Font="normal"><LA Size="normal">Bremseinrichtungen am Triebfahrzeug, Sicherheits- und Zugbeeinflussungseinrichtungen am Fahrzeug und Funktionsfähigkeit der Kommunikationsmittel prüfen</LA></DD><DT>j)</DT><DD Font="normal"><LA Size="normal">Abschlussarbeiten, insbesondere Sicherung des Fahrzeuges, durchführen</LA></DD><DT>k)</DT><DD Font="normal"><LA Size="normal">Fahrzeuge übergeben und übernehmen</LA></DD></DL></entry><entry VJ="1" colname="col4"/><entry VJ="1" colname="col5" valign="middle">14</entry></row><row><entry VJ="1" colname="col1" morerows="1">3</entry><entry VJ="1" colname="col2" morerows="1">Bremsen prüfen und<BR/> bedienen<BR/> (§ 5 Absatz 3 Nummer 3)</entry><entry VJ="1" colname="col3"><DL Font="normal" Indent="5" Type="alpha"><DT>a)</DT><DD Font="normal"><LA Size="normal">Arten von Bremsen unterscheiden, deren Bauteile zuordnen und ihre Funktionsweise beschreiben</LA></DD><DT>b)</DT><DD Font="normal"><LA Size="normal">Wirkungsweisen von Bremsen beschreiben</LA></DD><DT>c)</DT><DD Font="normal"><LA Size="normal">Arten von Bremsproben unterscheiden</LA></DD><DT>d)</DT><DD Font="normal"><LA Size="normal">Bremsen für die Zugfahrt einstellen</LA></DD><DT>e)</DT><DD Font="normal"><LA Size="normal">Fälligkeiten von Bremsproben feststellen</LA></DD><DT>f)</DT><DD Font="normal"><LA Size="normal">Bremsproben durchführen</LA></DD><DT>g)</DT><DD Font="normal"><LA Size="normal">Zustand der Bremsen kontrollieren, Funktionsfähigkeit von Bremseinrichtungen überprüfen, Funktionsfähigkeit sicherstellen</LA></DD><DT>h)</DT><DD Font="normal"><LA Size="normal">Bremsprobensignale anwenden</LA></DD><DT>i)</DT><DD Font="normal"><LA Size="normal">bei Störungen Maßnahmen ergreifen</LA></DD><DT>j)</DT><DD Font="normal"><LA Size="normal">bei Rangierfahrten Züge, Zugteile und Fahrzeuge gegen unbeabsichtigtes Bewegen festlegen und sichern</LA></DD></DL></entry><entry VJ="1" colname="col4" valign="middle">8</entry><entry VJ="1" colname="col5"/></row><row><entry VJ="1" colname="col3"><DL Font="normal" Indent="5" Type="alpha"><DT>k)</DT><DD Font="normal"><LA Size="normal">während der Fahrt Bremse zum Verzögern, zum Geschwindigkeit Halten sowie zum Anhalten bedienen</LA></DD><DT>l)</DT><DD Font="normal"><LA Size="normal">bei Zugfahrten Züge, Zugteile und Fahrzeuge festlegen und sichern</LA></DD></DL></entry><entry VJ="1" colname="col4"/><entry VJ="1" colname="col5" valign="middle">8</entry></row><row rowsep="0"><entry VJ="1" colname="col1">4</entry><entry VJ="1" colname="col2">Zug- und Rangierfahrten<BR/> im Regelfall durchführen<BR/> (§ 5 Absatz 3 Nummer 4)</entry><entry VJ="1" colname="col3"><DL Font="normal" Indent="5" Type="alpha"><DT>a)</DT><DD Font="normal"><LA Size="normal">Fahrzeuge unter Beachtung unterschiedlicher Kuppeleinrichtungen kuppeln</LA></DD><DT>b)</DT><DD Font="normal"><LA Size="normal">Vorbereitung von Rangierfahrten abschließen</LA></DD><DT>c)</DT><DD Font="normal"><LA Size="normal">Vorbereitung von Zügen abschließen, insbesondere durch wagentechnische Behandlung, Erstellen der Wagenliste und des Bremszettels</LA></DD></DL></entry><entry VJ="1" colname="col4" valign="middle"/><entry VJ="1" colname="col5"/></row><row><entry VJ="1" colname="col1" morerows="1"/><entry VJ="1" colname="col2" morerows="1"/><entry VJ="1" colname="col3"><DL Font="normal" Indent="5" Type="alpha"><DT>d)</DT><DD Font="normal"><LA Size="normal">Signale und Geschwindigkeitsvorgaben bei Rangierfahrten beachten</LA></DD><DT>e)</DT><DD Font="normal"><LA Size="normal">Fahrweg beim Rangieren beobachten</LA></DD><DT>f)</DT><DD Font="normal"><LA Size="normal">den Einfluss von Witterungs- und Umwelteinflüssen auf die Sicherheit der Rangierfahrt berücksichtigen</LA></DD><DT>g)</DT><DD Font="normal"><LA Size="normal">den Einfluss der Geschwindigkeit auf die Sicherheit der Rangierfahrt berücksichtigen</LA></DD><DT>h)</DT><DD Font="normal"><LA Size="normal">unterschiedliche Geschwindigkeitsvorgaben beim Rangieren berücksichtigen</LA></DD><DT>i)</DT><DD Font="normal"><LA Size="normal">örtliche Regeln für das Bedienen von Bahnanlagen, insbesondere von Fahrwegelementen und Zusatzanlagen, beachten</LA></DD><DT>j)</DT><DD Font="normal"><LA Size="normal">Rollen im Rangierbetrieb unterscheiden; Rangierbewegungen mit allen Beteiligten vereinbaren</LA></DD><DT>k)</DT><DD Font="normal"><LA Size="normal">Rangierfahrten als Rangierbegleiter durchführen</LA></DD><DT>l)</DT><DD Font="normal"><LA Size="normal">während der Rangierfahrt mit der Weichenwärterin oder dem Weichenwärter und der auftraggebenden Stelle unter Einhaltung der Kommunikationsregeln verständigen</LA></DD></DL></entry><entry VJ="1" colname="col4"><BR/><BR/><BR/><BR/><BR/><BR/><BR/> 9</entry><entry VJ="1" colname="col5"/></row><row><entry VJ="1" colname="col3"><DL Font="normal" Indent="5" Type="alpha"><DT>m)</DT><DD Font="normal"><LA Size="normal">vorhandene Zugdaten, insbesondere Bremszettel, auf Vollständigkeit prüfen; Zugdaten zusammenstellen und anwenden</LA></DD><DT>n)</DT><DD Font="normal"><LA Size="normal">Fahrzeuge während der Fahrt bedienen</LA></DD><DT>o)</DT><DD Font="normal"><LA Size="normal">Unterschiede beim Fahrverhalten von Personen- und Güterzügen beschreiben</LA></DD><DT>p)</DT><DD Font="normal"><LA Size="normal">energieeffizient bremsen und beschleunigen; Streckentopografie auch unter Nutzung von digitalen Medien nutzen</LA></DD><DT>q)</DT><DD Font="normal"><LA Size="normal">Signale und Geschwindigkeitsvorgaben bei Zugfahrten beachten und den Grundsatz der Signalabhängigkeit verstehen</LA></DD><DT>r)</DT><DD Font="normal"><LA Size="normal">Fahrweg und Strecke bei Zugfahrten beobachten</LA></DD><DT>s)</DT><DD Font="normal"><LA Size="normal">den Einfluss von Witterungs- und Umwelteinflüssen auf die Sicherheit der Zugfahrt berücksichtigen</LA></DD><DT>t)</DT><DD Font="normal"><LA Size="normal">den Einfluss der Geschwindigkeit auf die Sicherheit der Zugfahrt berücksichtigen</LA></DD><DT>u)</DT><DD Font="normal"><LA Size="normal">Rangierfahrten als Triebfahrzeugführer durchführen</LA></DD><DT>v)</DT><DD Font="normal"><LA Size="normal">während der Zugfahrt mit Fahrdienstleitung und der auftraggebenden Stelle unter Einhaltung der Kommunikationsregeln verständigen</LA></DD><DT>w)</DT><DD Font="normal"><LA Size="normal">Geschwindigkeiten unter besonderen Bedingungen einhalten</LA></DD></DL></entry><entry VJ="1" colname="col4"/><entry VJ="1" colname="col5" valign="middle">16</entry></row><row rowsep="0"><entry VJ="1" colname="col1">5</entry><entry VJ="1" colname="col2">Zug- und Rangierfahrten<BR/> bei Abweichungen und<BR/> Störungen durchführen<BR/> (§ 5 Absatz 3 Nummer 5)</entry><entry VJ="1" colname="col3"><DL Font="normal" Indent="5" Type="alpha"><DT>a)</DT><DD Font="normal"><LA Size="normal">Abweichungen und Störungen bei Rangierfahrten erkennen, beurteilen, Ursachen feststellen und Maßnahmen ergreifen; Gefahren abwehren</LA></DD><DT>b)</DT><DD Font="normal"><LA Size="normal">mit betriebsleitenden Stellen unter Einhaltung der Kommunikationsregeln verständigen</LA></DD><DT>c)</DT><DD Font="normal"><LA Size="normal">Unregelmäßigkeiten bei Rangierfahrten feststellen, kommunizieren und Maßnahmen ergreifen</LA></DD></DL></entry><entry VJ="1" colname="col4" valign="top"><BR/><BR/><BR/><BR/><BR/> 9</entry><entry VJ="1" colname="col5"/></row><row><entry VJ="1" colname="col1" morerows="1"/><entry VJ="1" colname="col2" morerows="1"/><entry VJ="1" colname="col3"><DL Font="normal" Indent="5" Type="alpha"><DT>d)</DT><DD Font="normal"><LA Size="normal">bei gefährlichen Ereignissen bei Rangierfahrten Maßnahmen einleiten</LA></DD></DL></entry><entry VJ="1" colname="col4"/><entry VJ="1" colname="col5"/></row><row><entry VJ="1" colname="col3"><DL Font="normal" Indent="5" Type="alpha"><DT>e)</DT><DD Font="normal"><LA Size="normal">Abweichungen und Störungen bei Zugfahrten erkennen, beurteilen, Ursachen feststellen und Maßnahmen ergreifen; Gefahren abwehren</LA></DD><DT>f)</DT><DD Font="normal"><LA Size="normal">Unregelmäßigkeiten beim Transport feststellen, kommunizieren und Maßnahmen ergreifen</LA></DD><DT>g)</DT><DD Font="normal"><LA Size="normal">Halt aus unvorhergesehenem Anlass durchführen</LA></DD><DT>h)</DT><DD Font="normal"><LA Size="normal">Maßnahmen für die Sicherheit des Eisenbahnbetriebs und der beteiligten Personen ergreifen, insbesondere Triebfahrzeuge und Züge sichern, Streckensperrungen und Abschalten des Fahrstroms veranlassen</LA></DD><DT>i)</DT><DD Font="normal"><LA Size="normal">bei gefährlichen Ereignissen bei Zugfahrten Maßnahmen einleiten</LA></DD><DT>j)</DT><DD Font="normal"><LA Size="normal">Vorbedingungen für die Weiterfahrt prüfen; Ergebnis der Prüfung und Konsequenzen kommunizieren</LA></DD><DT>k)</DT><DD Font="normal"><LA Size="normal">Fahrt auf besonderen Auftrag fortsetzen</LA></DD></DL></entry><entry VJ="1" colname="col4"/><entry VJ="1" colname="col5" valign="middle">20</entry></row><row><entry VJ="1" colname="col1" morerows="1">6</entry><entry VJ="1" colname="col2" morerows="1">Verkehrs-, Personal- und Fahrzeugdispositionen<BR/> sowie Planung innerhalb<BR/> des Aufgabengebietes<BR/> beschreiben<BR/> (§ 5 Absatz 3 Nummer 6)</entry><entry VJ="1" colname="col3"><DL Font="normal" Indent="5" Type="alpha"><DT>a)</DT><DD Font="normal"><LA Size="normal">Grundlagen der Einsatzplanung unter Berücksichtigung von Fahr- und Ruhezeiten erläutern</LA></DD><DT>b)</DT><DD Font="normal"><LA Size="normal">Einhaltung der eigenen Fahr- und Ruhezeiten sicherstellen; Abweichungen frühzeitig kommunizieren</LA></DD></DL></entry><entry VJ="1" colname="col4" valign="middle">2</entry><entry VJ="1" colname="col5"/></row><row><entry VJ="1" colname="col3"><DL Font="normal" Indent="5" Type="alpha"><DT>c)</DT><DD Font="normal"><LA Size="normal">Dispositionsentscheidungen, insbesondere bei Abweichungen von der Einsatzplanung, nachvollziehen</LA></DD><DT>d)</DT><DD Font="normal"><LA Size="normal">die Organisation der Umläufe der Fahrzeuge und der Zuführung der Fahrzeuge in die Werkstätten beschreiben</LA></DD><DT>e)</DT><DD Font="normal"><LA Size="normal">die Anpassung der Fahrpläne unter Beachtung von Sonderzügen und Baustellen beschreiben</LA></DD></DL></entry><entry VJ="1" colname="col4"/><entry VJ="1" colname="col5" valign="middle">2</entry></row><row><entry VJ="1" colname="col1" morerows="1">7</entry><entry VJ="1" colname="col2" morerows="1">Güter transportieren und Personen befördern<BR/> (§ 5 Absatz 3 Nummer 7)</entry><entry VJ="1" colname="col3"><DL Font="normal" Indent="5" Type="alpha"><DT>a)</DT><DD Font="normal"><LA Size="normal">Beförderungsdokumente auf Vollständigkeit prüfen</LA></DD><DT>b)</DT><DD Font="normal"><LA Size="normal">Zugbildungskriterien, insbesondere nach Gefahrgutvorschriften, anwenden</LA></DD><DT>c)</DT><DD Font="normal"><LA Size="normal">betriebliche Erfordernisse und Kundenwünsche miteinander in Einklang bringen, dabei Belange mobilitätseingeschränkter Fahrgäste, insbesondere von Menschen mit Behinderungen, berücksichtigen</LA></DD></DL></entry><entry VJ="1" colname="col4" valign="middle">2</entry><entry VJ="1" colname="col5"/></row><row><entry VJ="1" colname="col3"><DL Font="normal" Indent="5" Type="alpha"><DT>d)</DT><DD Font="normal"><LA Size="normal">Inhalte von Beförderungsbedingungen, insbesondere Fahrgastrechte und Kundenvorgaben, berücksichtigen</LA></DD><DT>e)</DT><DD Font="normal"><LA Size="normal">Inhalte von Frachtverträgen im Güterverkehr berücksichtigen</LA></DD><DT>f)</DT><DD Font="normal"><LA Size="normal">Inhalte von Verkehrsverträgen, insbesondere in Verkehrsverbünden, berücksichtigen</LA></DD><DT>g)</DT><DD Font="normal"><LA Size="normal">mit Kundinnen und Kunden kommunizieren</LA></DD></DL></entry><entry VJ="1" colname="col4"/><entry VJ="1" colname="col5" valign="middle">2</entry></row></tbody></tgroup></table><P/><table frame="all" pgwide="1" tabstyle="Ausbildung" tocentry="%yes;"><Title Align="left" Class="S1"><B>Abschnitt C: berufsübergreifende, integrativ zu vermittelnde Fertigkeiten, Kenntnisse und Fähigkeiten</B></Title><tgroup align="left" char="" charoff="50" cols="5" colsep="1" rowsep="1"><colspec align="center" colname="col1" colnum="1" colwidth=".75*"/><colspec colname="col2" colnum="2" colwidth="4.5*"/><colspec colname="col3" colnum="3" colwidth="8.5*"/><colspec align="center" colname="col4" colnum="4" colwidth="1.5*"/><colspec align="center" colname="col5" colnum="5" colwidth="1.5*"/><thead valign="bottom"><row><entry VJ="1" align="center" colname="col1" valign="middle">Lfd.<BR/> Nr.</entry><entry VJ="1" align="center" colname="col2" valign="middle">Berufsbildpositionen</entry><entry VJ="1" align="center" colname="col3" valign="middle">Fertigkeiten, Kenntnisse und Fähigkeiten</entry><entry VJ="1" align="center" nameend="col5" namest="col4" valign="middle">Zeitliche Zuordnung</entry></row><row><entry VJ="1" align="center" colname="col1" valign="middle">1</entry><entry VJ="1" align="center" colname="col2" valign="middle">2</entry><entry VJ="1" align="center" colname="col3" valign="middle">3</entry><entry VJ="1" align="center" nameend="col5" namest="col4" valign="middle">4</entry></row></thead><tbody valign="top"><row><entry VJ="1" colname="col1">1</entry><entry VJ="1" colname="col2">Organisation des<BR/> Ausbildungsbetriebes,<BR/> Berufsbildung sowie<BR/> Arbeits- und Tarifrecht<BR/> (§ 5 Absatz 4 Nummer 1)</entry><entry VJ="1" colname="col3"><DL Font="normal" Indent="5" Type="alpha"><DT>a)</DT><DD Font="normal"><LA Size="normal">den Aufbau und die grundlegenden Arbeits- und Geschäftsprozesse des Ausbildungsbetriebes erläutern</LA></DD><DT>b)</DT><DD Font="normal"><LA Size="normal">Rechte und Pflichten aus dem Ausbildungsvertrag sowie Dauer und Beendigung des Ausbildungsverhältnisses erläutern und Aufgaben der im System der dualen Berufsausbildung Beteiligten beschreiben</LA></DD><DT>c)</DT><DD Font="normal"><LA Size="normal">die Bedeutung, die Funktion und die Inhalte der Ausbildungsordnung und des betrieblichen Ausbildungsplans erläutern sowie zu deren Umsetzung beitragen</LA></DD><DT>d)</DT><DD Font="normal"><LA Size="normal">die für den Ausbildungsbetrieb geltenden arbeits-, sozial-, tarif- und mitbestimmungsrechtlichen Vorschriften erläutern</LA></DD><DT>e)</DT><DD Font="normal"><LA Size="normal">Grundlagen, Aufgaben und Arbeitsweise der betriebsverfassungs- oder personalvertretungsrechtlichen Organe des Ausbildungsbetriebes erläutern</LA></DD><DT>f)</DT><DD Font="normal"><LA Size="normal">Beziehungen des Ausbildungsbetriebes und seiner Beschäftigten zu Wirtschaftsorganisationen und Gewerkschaften erläutern</LA></DD><DT>g)</DT><DD Font="normal"><LA Size="normal">Positionen der eigenen Entgeltabrechnung erläutern</LA></DD><DT>h)</DT><DD Font="normal"><LA Size="normal">wesentliche Inhalte von Arbeitsverträgen erläutern</LA></DD><DT>i)</DT><DD Font="normal"><LA Size="normal">Möglichkeiten des beruflichen Aufstiegs und der beruflichen Weiterentwicklung erläutern</LA></DD></DL></entry><entry VJ="1" align="left" morerows="2" nameend="col5" namest="col4" rowsep="0" valign="bottom">während<BR/> der gesamten<BR/> Ausbildung<BR/><BR/><BR/><BR/><BR/><BR/><BR/></entry></row><row><entry VJ="1" colname="col1">2</entry><entry VJ="1" colname="col2">Sicherheit und Gesundheit bei der Arbeit<BR/> (§ 5 Absatz 4 Nummer 2)</entry><entry VJ="1" colname="col3"><DL Font="normal" Indent="5" Type="alpha"><DT>a)</DT><DD Font="normal"><LA Size="normal">Rechte und Pflichten aus den berufsbezogenen Arbeitsschutz- und Unfallverhütungsvorschriften kennen und diese Vorschriften anwenden</LA></DD><DT>b)</DT><DD Font="normal"><LA Size="normal">Gefährdungen von Sicherheit und Gesundheit am Arbeitsplatz und auf dem Arbeitsweg prüfen und beurteilen</LA></DD><DT>c)</DT><DD Font="normal"><LA Size="normal">sicheres und gesundheitsgerechtes Arbeiten erläutern</LA></DD><DT>d)</DT><DD Font="normal"><LA Size="normal">technische und organisatorische Maßnahmen zur Vermeidung von Gefährdungen sowie von psychischen und physischen Belastungen für sich und andere, auch präventiv, ergreifen</LA></DD><DT>e)</DT><DD Font="normal"><LA Size="normal">ergonomische Arbeitsweisen beachten und anwenden</LA></DD><DT>f)</DT><DD Font="normal"><LA Size="normal">Verhaltensweisen bei Unfällen beschreiben sowie erste Maßnahmen bei Unfällen einleiten</LA></DD><DT>g)</DT><DD Font="normal"><LA Size="normal">betriebsbezogene Vorschriften des vorbeugenden Brandschutzes anwenden, Verhaltensweisen bei Bränden beschreiben und erste Maßnahmen zur Brandbekämpfung ergreifen</LA></DD></DL></entry></row><row rowsep="0"><entry VJ="1" colname="col1">3</entry><entry VJ="1" colname="col2">Umweltschutz und<BR/> Nachhaltigkeit<BR/> (§ 5 Absatz 4 Nummer 3)</entry><entry VJ="1" colname="col3"><DL Font="normal" Indent="5" Type="alpha"><DT>a)</DT><DD Font="normal"><LA Size="normal">Möglichkeiten zur Vermeidung betriebsbedingter Belastungen für Umwelt und Gesellschaft im eigenen Aufgabenbereich erkennen und zu deren Weiterentwicklung beitragen</LA></DD><DT>b)</DT><DD Font="normal"><LA Size="normal">bei Arbeitsprozessen und im Hinblick auf Produkte, Waren oder Dienstleistungen, Materialien und Energie unter wirtschaftlichen, umweltverträglichen und sozialen Gesichtspunkten der Nachhaltigkeit nutzen</LA></DD></DL></entry></row><row><entry VJ="1" colname="col1"/><entry VJ="1" colname="col2"/><entry VJ="1" colname="col3"><DL Font="normal" Indent="5" Type="alpha"><DT>c)</DT><DD Font="normal"><LA Size="normal">für den Ausbildungsbetrieb geltende Regelungen des Umweltschutzes einhalten</LA></DD><DT>d)</DT><DD Font="normal"><LA Size="normal">Abfälle vermeiden sowie Stoffe und Materialien einer umweltschonenden Wiederverwertung oder Entsorgung zuführen</LA></DD><DT>e)</DT><DD Font="normal"><LA Size="normal">Vorschläge für nachhaltiges Handeln für den eigenen Arbeitsbereich entwickeln</LA></DD><DT>f)</DT><DD Font="normal"><LA Size="normal">unter Einhaltung betrieblicher Regelungen im Sinne einer ökonomischen, ökologischen und sozial nachhaltigen Entwicklung zusammenarbeiten und adressatengerecht kommunizieren</LA></DD></DL></entry><entry VJ="1" morerows="1" nameend="col5" namest="col4"/></row><row><entry VJ="1" colname="col1">4</entry><entry VJ="1" colname="col2">Digitalisierte Arbeitswelt<BR/> (§ 5 Absatz 4 Nummer 4)</entry><entry VJ="1" colname="col3"><DL Font="normal" Indent="5" Type="alpha"><DT>a)</DT><DD Font="normal"><LA Size="normal">mit eigenen und betriebsbezogenen Daten sowie mit Daten Dritter umgehen und dabei die Vorschriften zum Datenschutz und zur Datensicherheit einhalten</LA></DD><DT>b)</DT><DD Font="normal"><LA Size="normal">Risiken bei der Nutzung von digitalen Medien und informationstechnischen Systemen einschätzen und bei deren Nutzung betriebliche Regelungen einhalten</LA></DD><DT>c)</DT><DD Font="normal"><LA Size="normal">ressourcenschonend, adressatengerecht und effizient kommunizieren sowie Kommunikationsergebnisse dokumentieren</LA></DD><DT>d)</DT><DD Font="normal"><LA Size="normal">Störungen in Kommunikationsprozessen erkennen und zu ihrer Lösung beitragen</LA></DD><DT>e)</DT><DD Font="normal"><LA Size="normal">Informationen in digitalen Netzen recherchieren und aus digitalen Netzen beschaffen sowie Informationen, auch fremde, prüfen, bewerten und auswählen</LA></DD><DT>f)</DT><DD Font="normal"><LA Size="normal">Lern- und Arbeitstechniken sowie Methoden des selbstgesteuerten Lernens anwenden, digitale Lernmedien nutzen und Erfordernisse des lebensbegleitenden Lernens erkennen und ableiten</LA></DD><DT>g)</DT><DD Font="normal"><LA Size="normal">Aufgaben zusammen mit Beteiligten, einschließlich der Beteiligten anderer Arbeits- und Geschäftsbereiche, auch unter Nutzung digitaler Medien, planen, bearbeiten und gestalten</LA></DD><DT>h)</DT><DD Font="normal"><LA Size="normal">Wertschätzung anderer unter Berücksichtigung gesellschaftlicher Vielfalt praktizieren</LA></DD></DL></entry></row></tbody></tgroup></table><table frame="all" pgwide="1" tabstyle="Ausbildung" tocentry="%yes;"><tgroup align="left" char="" charoff="50" cols="5" colsep="1" rowsep="1"><colspec align="center" colname="col1" colnum="1" colwidth=".75*"/><colspec colname="col2" colnum="2" colwidth="4.5*"/><colspec colname="col3" colnum="3" colwidth="8.5*"/><colspec align="center" colname="col4" colnum="4" colwidth="1.5*"/><colspec align="center" colname="col5" colnum="5" colwidth="1.5*"/><thead valign="bottom"><row><entry VJ="1" align="center" colname="col1" morerows="1" valign="middle"/><entry VJ="1" align="center" colname="col2" morerows="1" valign="middle"/><entry VJ="1" align="center" colname="col3" morerows="1" valign="middle"/><entry VJ="1" align="center" nameend="col5" namest="col4" valign="middle">Zeitliche Richtwerte<BR/> in Wochen im</entry></row><row><entry VJ="1" align="center" colname="col4" valign="middle">1. bis 18.<BR/> Monat</entry><entry VJ="1" align="center" colname="col5" valign="middle">19. bis 36.<BR/> Monat</entry></row></thead><tbody valign="top"><row><entry VJ="1" colname="col1" morerows="1" rowsep="0">5</entry><entry VJ="1" colname="col2" morerows="1" rowsep="0">Mitwirken an logistischen<BR/> und betrieblichen Prozessen<BR/> sowie an Qualitäts- und<BR/> Sicherheitsmanagementprozessen<BR/> (§ 5 Absatz 4 Nummer 5)</entry><entry VJ="1" colname="col3"><DL Font="normal" Indent="5" Type="alpha"><DT>a)</DT><DD Font="normal"><LA Size="normal">Aufträge annehmen, Auftragsabwicklungen planen und mit vor- und nachgelagerten Bereichen abstimmen, die organisatorischen Schnittstellen beachten, die Planungsunterlagen anwenden</LA></DD><DT>b)</DT><DD Font="normal"><LA Size="normal">das betriebliche Sicherheitsmanagementsystem als Teil der Sicherheitskultur beschreiben</LA></DD></DL></entry><entry VJ="1" colname="col4" valign="middle">2</entry><entry VJ="1" colname="col5"/></row><row rowsep="0"><entry VJ="1" colname="col3"><DL Font="normal" Indent="5" Type="alpha"><DT>c)</DT><DD Font="normal"><LA Size="normal">vorlaufenden, begleitenden und nachlaufenden Informationsfluss sicherstellen; Dokumentationen erstellen, Leistungen nachweisen</LA></DD><DT>d)</DT><DD Font="normal"><LA Size="normal">Soll-Ist-Vergleiche mit Planungsdaten im eigenen Aufgabengebiet, insbesondere hinsichtlich des Fahrplanes und des Energieeinsatzes, durchführen; Arbeitsergebnisse und -durchführungen hinsichtlich Wirtschaftlichkeit und Qualität bewerten</LA></DD></DL></entry><entry VJ="1" colname="col4"/><entry VJ="1" colname="col5"/></row></tbody></tgroup></table><table frame="all" pgwide="1" tabstyle="Ausbildung" tocentry="%yes;"><tgroup align="left" char="" charoff="50" cols="5" colsep="1" rowsep="1"><colspec align="center" colname="col1" colnum="1" colwidth=".75*"/><colspec colname="col2" colnum="2" colwidth="4.5*"/><colspec colname="col3" colnum="3" colwidth="8.5*"/><colspec align="center" colname="col4" colnum="4" colwidth="1.5*"/><colspec align="center" colname="col5" colnum="5" colwidth="1.5*"/><thead valign="bottom"><row><entry VJ="1" align="center" colname="col1" morerows="1" valign="middle">Lfd.<BR/> Nr.</entry><entry VJ="1" align="center" colname="col2" morerows="1" valign="middle">Berufsbildpositionen</entry><entry VJ="1" align="center" colname="col3" morerows="1" valign="middle">Fertigkeiten, Kenntnisse und Fähigkeiten</entry><entry VJ="1" align="center" nameend="col5" namest="col4" valign="middle">Zeitliche Richtwerte<BR/> in Wochen im</entry></row><row><entry VJ="1" align="center" colname="col4" valign="middle">1. bis 18.<BR/> Monat</entry><entry VJ="1" align="center" colname="col5" valign="middle">19. bis 36.<BR/> Monat</entry></row><row><entry VJ="1" align="center" colname="col1" valign="middle">1</entry><entry VJ="1" align="center" colname="col2" valign="middle">2</entry><entry VJ="1" align="center" colname="col3" valign="middle">3</entry><entry VJ="1" align="center" nameend="col5" namest="col4" valign="middle">4</entry></row></thead><tbody valign="top"><row><entry VJ="1" colname="col1"/><entry VJ="1" colname="col2"/><entry VJ="1" colname="col3"><DL Font="normal" Indent="5" Type="alpha"><DT>e)</DT><DD Font="normal"><LA Size="normal">Maßnahmen bei Störungen in der Transportkette sowie bei der Minderung der Qualität der Dienstleistung ergreifen</LA></DD><DT>f)</DT><DD Font="normal"><LA Size="normal">das Qualitätsmanagementsystem anwenden</LA></DD><DT>g)</DT><DD Font="normal"><LA Size="normal">zur kontinuierlichen Verbesserung von Arbeitsvorgängen im eigenen Arbeitsbereich beitragen</LA></DD></DL></entry><entry VJ="1" colname="col4"/><entry VJ="1" colname="col5" valign="top">4</entry></row><row><entry VJ="1" colname="col1" morerows="1">6</entry><entry VJ="1" colname="col2" morerows="1">Durchführen von<BR/> betrieblicher und technischer<BR/> Kommunikation sowie von<BR/> Kundenkommunikation<BR/> (§ 5 Absatz 4 Nummer 6)</entry><entry VJ="1" colname="col3"><DL Font="normal" Indent="5" Type="alpha"><DT>a)</DT><DD Font="normal"><LA Size="normal">Einrichtungen des Zug- und Rangierfunks sowie andere Kommunikationseinrichtungen nutzen</LA></DD><DT>b)</DT><DD Font="normal"><LA Size="normal">die innerbetrieblichen Regelwerke für das eigene Aufgabengebiet anwenden</LA></DD><DT>c)</DT><DD Font="normal"><LA Size="normal">Gespräche mit Vorgesetzten, Mitarbeiterinnen und Mitarbeitern sowie im Team situationsgerecht führen, Sachverhalte zielgruppengerecht aufbereiten, deutsche Fachausdrücke anwenden</LA></DD></DL></entry><entry VJ="1" colname="col4" valign="middle">4</entry><entry VJ="1" colname="col5"/></row><row><entry VJ="1" colname="col3"><DL Font="normal" Indent="5" Type="alpha"><DT>d)</DT><DD Font="normal"><LA Size="normal">die digitalen Systeme für das eigene Aufgabengebiet nutzen</LA></DD><DT>e)</DT><DD Font="normal"><LA Size="normal">die Informationsquellen für das eigene Aufgabengebiet nutzen, Informationen recherchieren, beschaffen und bewerten</LA></DD><DT>f)</DT><DD Font="normal"><LA Size="normal">fremdsprachige Fachausdrücke anwenden</LA></DD></DL></entry><entry VJ="1" colname="col4"/><entry VJ="1" colname="col5" valign="middle">4</entry></row></tbody></tgroup></table></Content></text></textdaten></norm>
</dokumente>