<?xml version="1.0" encoding="UTF-8" ?><!DOCTYPE dokumente SYSTEM "http://www.gesetze-im-internet.de/dtd/1.01/gii-norm.dtd">
<dokumente builddate="20120625152930" doknr="BJNR004000955"><norm builddate="20120625152930" doknr="BJNR004000955"><metadaten><jurabk>AnlGBlnV</jurabk><ausfertigung-datum manuell="ja">1955-07-01</ausfertigung-datum><fundstelle typ="amtlich"><periodikum>BGBl I</periodikum><zitstelle>1955, 400</zitstelle></fundstelle><langue>Verordnung zur Erstreckung des Anleihe-Gesetzes von 1950 auf das Land
Berlin</langue></metadaten><textdaten><text format="XML"><Content><P/></Content></text><fussnoten><Content><P>Überschrift: Für Berlin vgl. GVBl. 1955 S. 757 <BR/> <BR/>(+++ Textnachweis Geltung ab:  1. 1.1964 +++)</P></Content></fussnoten></textdaten></norm>
<norm builddate="20120625152930" doknr="BJNR004000955BJNE000100307"><metadaten><jurabk>AnlGBlnV</jurabk><enbez>Eingangsformel</enbez></metadaten><textdaten><text format="XML"><Content><P>Auf Grund des § 15 Abs. 2 des Dritten Überleitungsgesetzes vom 4. Januar 1952 (Bundesgesetzblatt I S. 1) verordnet die Bundesregierung mit Zustimmung des Bundesrates:</P></Content></text></textdaten></norm>
<norm builddate="20120625152930" doknr="BJNR004000955BJNE000200307"><metadaten><jurabk>AnlGBlnV</jurabk><enbez>§ 1</enbez></metadaten><textdaten><text format="XML"><Content><P>Das Anleihe-Gesetz von 1950 vom 29. März 1951 (Bundesgesetzbl. I S. 218) gilt auch im Land Berlin, sofern es im Land Berlin in Kraft gesetzt wird. Rechtsverordnungen, die auf Grund dieses Gesetzes erlassen werden, gelten im Land Berlin nach § 14 des Dritten Überleitungsgesetzes.</P></Content></text><fussnoten/></textdaten></norm>
<norm builddate="20120625152930" doknr="BJNR004000955BJNE000300307"><metadaten><jurabk>AnlGBlnV</jurabk><enbez>§ 2</enbez></metadaten><textdaten><text format="XML"><Content><P>Diese Verordnung tritt am Tage nach ihrer Verkündung in Kraft.</P></Content></text></textdaten></norm>
</dokumente>