<?xml version="1.0" encoding="UTF-8" ?><!DOCTYPE dokumente SYSTEM "http://www.gesetze-im-internet.de/dtd/1.01/gii-norm.dtd">
<dokumente builddate="20120625153804" doknr="BJNR014160983"><norm builddate="20120625153804" doknr="BJNR014160983"><metadaten><jurabk>WZG§4ARABSATBek</jurabk><ausfertigung-datum manuell="ja">1983-11-30</ausfertigung-datum><fundstelle typ="amtlich"><periodikum>BGBl I</periodikum><zitstelle>1983, 1416</zitstelle></fundstelle><langue>Bekanntmachung zu § 4 des Warenzeichengesetzes</langue></metadaten><textdaten><text format="XML"><Content><P/></Content></text><fussnoten><Content><P>(+++ Textnachweis ab:  9.12.1983 +++)</P></Content></fussnoten></textdaten></norm>
<norm builddate="20120625153804" doknr="BJNR014160983BJNE000100307"><metadaten><jurabk>WZG§4ARABSATBek</jurabk><enbez>(XXXX)</enbez></metadaten><textdaten><text format="XML"><Content><P>(1) Auf Grund des § 4 Abs. 2 Nr. 3a des Warenzeichengesetzes in der Fassung der Bekanntmachung vom 2. Januar 1968 (BGBl. I S. 1, 29) wird bekanntgemacht, daß die Bezeichnungen, Abkürzungen und das Kennzeichen der Arabischen Fernmeldesatellitenorganisation &quot;ARABSAT&quot; (Anlage) von der Eintragung als Warenzeichen ausgeschlossen sind.</P><P>(2) Diese Bekanntmachung ergeht im Anschluß an die Bekanntmachung vom 4. Oktober 1983 (BGBl. I S. 1252).</P></Content></text></textdaten></norm>
<norm builddate="20120625153804" doknr="BJNR014160983BJNE000900307"><metadaten><jurabk>WZG§4ARABSATBek</jurabk><enbez>Schlussformel</enbez></metadaten><textdaten><text format="XML"><Content><P>Der Bundesminister der Justiz</P></Content></text></textdaten></norm>
<norm builddate="20120625153804" doknr="BJNR014160983BJNE000200307"><metadaten><jurabk>WZG§4ARABSATBek</jurabk><enbez>Anlage</enbez></metadaten><textdaten><text format="XML"><Content><P><noindex><kommentar typ="Hinweis">(Inhalt: Nicht darstellbare Bezeichnungen und Kennzeichen,</kommentar></noindex><BR/><noindex><kommentar typ="Fundstelle">Fundstelle: BGBl. I 1983, 1416)</kommentar></noindex></P></Content></text></textdaten></norm>
</dokumente>