<?xml version="1.0" encoding="UTF-8" ?><!DOCTYPE dokumente SYSTEM "http://www.gesetze-im-internet.de/dtd/1.01/gii-norm.dtd">
<dokumente builddate="20130405124945" doknr="BJNR005360982"><norm builddate="20130405124945" doknr="BJNR005360982"><metadaten><jurabk>HeizölLBV</jurabk><amtabk>HeizölLBV</amtabk><ausfertigung-datum manuell="ja">1982-04-26</ausfertigung-datum><fundstelle typ="amtlich"><periodikum>BGBl I</periodikum><zitstelle>1982, 536</zitstelle></fundstelle><kurzue>Heizöl-Lieferbeschränkungs-Verordnung</kurzue><langue>Verordnung über Lieferbeschränkungen für leichtes Heizöl in einer Versorgungskrise</langue></metadaten><textdaten><text format="XML"><Content><P/></Content></text><fussnoten><Content><P>(+++ Textnachweis ab:  1. 5.1982 +++) <BR/>(+++ Zur Anwendung vgl. § 20 +++)</P></Content></fussnoten></textdaten></norm>
<norm builddate="20130405124945" doknr="BJNR005360982BJNE000700326"><metadaten><jurabk>HeizölLBV</jurabk><enbez>Eingangsformel</enbez></metadaten><textdaten><text format="XML"><Content><P>Auf Grund des § 1 Abs. 1 und 3 und des § 2 Abs. 1 und 3 in Verbindung mit § 3 Abs. 1 und 3 des Energiesicherungsgesetzes 1975 vom 20. Dezember 1974 (BGBl. I S. 3681), das durch Gesetz vom 19. Dezember 1979 (BGBl. I S. 2305) zuletzt geändert worden ist, verordnet die Bundesregierung mit Zustimmung des Bundesrates:</P></Content></text></textdaten></norm>
<norm builddate="20130405124945" doknr="BJNR005360982BJNG000100326"><metadaten><jurabk>HeizölLBV</jurabk><gliederungseinheit><gliederungskennzahl>010</gliederungskennzahl><gliederungsbez>1. Abschnitt</gliederungsbez><gliederungstitel>Liefer- und Bezugsbeschränkungen
für leichtes Heizöl</gliederungstitel></gliederungseinheit></metadaten><textdaten><text format="XML"><Content><P/></Content></text></textdaten></norm>
<norm builddate="20130405124945" doknr="BJNR005360982BJNE000800326"><metadaten><jurabk>HeizölLBV</jurabk><enbez>§ 1</enbez><titel format="parat">Liefer- und Bezugsbeschränkungen</titel></metadaten><textdaten><text format="XML"><Content><P>(1) Heizölhändler und im Betrieb von Heizölhändlern Beschäftigte dürfen leichtes Heizöl an Abnehmer nur bis zu der Menge liefern, die sich aus einer Verordnung nach § 2 und in den Fällen besonderen Bedarfs aus einer Bescheinigung nach § 3 Abs. 4 ergibt. Abnehmer dürfen leichtes Heizöl nur bis zu dieser Menge beziehen.</P><P>(2) Heizölhändler ist, wer gewerbsmäßig in eigenem oder in fremdem Namen leichtes Heizöl liefert. Abnehmer ist, wer leichtes Heizöl zum Zweck des Endverbrauchs bezieht.</P></Content> </text></textdaten></norm>
<norm builddate="20130405124945" doknr="BJNR005360982BJNE000900326"><metadaten><jurabk>HeizölLBV</jurabk><enbez>§ 2</enbez><titel format="parat">Umfang der Lieferung und des Bezugs</titel></metadaten><textdaten><text format="XML"><Content><P>(1) Durch Verordnung werden bestimmt <DL Font="normal" Type="arabic"><DT>1.</DT><DD Font="normal"><LA Size="normal">die Menge, bis zu der leichtes Heizöl geliefert und bezogen werden darf, in einem Vomhundertsatz einer Referenzmenge, die nach den §§ 4 bis 7 zu ermitteln ist,</LA></DD> <DT>2.</DT><DD Font="normal"><LA Size="normal">die Verwendungszwecke und Zeiträume, für die Liefer- und Bezugsbeschränkungen gelten.</LA></DD> </DL> </P><P>(2) In der Verordnung kann für den überwiegenden Teil der Abnehmer ein Regelvomhundertsatz festgelegt und bestimmt werden, daß insbesondere für folgende Verwendungszwecke höhere Vomhundertsätze gelten: <DL Font="normal" Type="arabic"><DT>1.</DT><DD Font="normal"><LA Size="normal">Verwendung von leichtem Heizöl in Krankenhäusern, Heimen für Behinderte oder für Klein- und Kleinstkinder, in Kindergärten sowie Alten- und Pflegeheimen.</LA></DD> <DT>2.</DT><DD Font="normal"><LA Size="normal">Verwendung von leichtem Heizöl in einer Heizölverbrauchsanlage ausschließlich zu öffentlichen, gewerblichen, landwirtschaftlichen oder freiberuflichen Zwecken. Die Beheizung von Räumen fällt nur dann darunter, wenn zur Erfüllung dieser Zwecke eine bestimmte Mindesttemperatur in den Räumen erforderlich ist, die bei Belieferung nach dem Regelvomhundertsatz nicht erreicht werden kann.</LA></DD> <DT>3.</DT><DD Font="normal"><LA Size="normal">Verwendung von leichtem Heizöl in einer Heizölverbrauchsanlage teils zu einem in Nummer 2 bezeichneten Zweck, teils zur sonstigen Raumheizung und Warmwasserbereitung.</LA></DD> </DL> </P><P>(3) Werden nach Absatz 2 für bestimmte Verwendungszwecke höhere Vomhundertsätze festgesetzt oder bleiben sie von Liefer- und Bezugsbeschränkungen nach Absatz 1 ausgenommen, so stellen die zuständigen Stellen den Abnehmern für Heizölverbrauchsanlagen, die diesen Zwecken dienen, auf Antrag eine Bescheinigung über den Verwendungszweck der Heizölverbrauchsanlage nach dem Muster der Anlage 1 aus. Der Abnehmer hat nachzuweisen, daß seine Anlage einem der in Absatz 2 genannten Verwendungszwecke dient. Bei Zugehörigkeit des Abnehmers zu einer Industrie- und Handelskammer, Handwerkskammer oder Landwirtschaftskammer kann dieser Nachweis durch eine Bestätigung der zuständigen Kammer erbracht werden, daß die Anlage einem der in Absatz 2 genannten Zwecke dient.</P></Content></text></textdaten></norm>
<norm builddate="20130405124945" doknr="BJNR005360982BJNE001000326"><metadaten><jurabk>HeizölLBV</jurabk><enbez>§ 3</enbez><titel format="parat">Fälle besonderen Bedarfs</titel></metadaten><textdaten><text format="XML"><Content><P>(1) Führt eine Bezugsbeschränkung nach § 2 zu einer unzumutbaren Härte, so können die zuständigen Stellen dem Abnehmer auf Antrag ein zusätzliches Bezugsrecht (in Litern) in dem Umfang bewilligen, der zur Beseitigung der Härte erforderlich ist. Eine unzumutbare Härte liegt vor, wenn die Bezugsbeschränkung erhebliche persönliche oder wirtschaftliche Nachteile zur Folge hat, die über das der Allgemeinheit zugemutete Maß hinausgehen.</P><P>(2) In gleicher Weise können die zuständigen Stellen ein zusätzliches Bezugsrecht bewilligen, wenn sonst die Erfüllung öffentlicher oder im öffentlichen Interesse liegender Aufgaben erheblich gefährdet wäre.</P><P>(3) Der Abnehmer hat die Voraussetzungen der Absätze 1 oder 2 glaubhaft zu machen. Bei Zugehörigkeit des Abnehmers zu einer Industrie- und Handelskammer, Handwerkskammer oder Landwirtschaftskammer kann das Vorliegen erheblicher wirtschaftlicher Nachteile durch eine Bescheinigung der zuständigen Kammer glaubhaft gemacht werden.</P><P>(4) Über das nach den Absätzen 1 und 2 bewilligte Bezugsrecht erhält der Abnehmer eine Bescheinigung nach dem Muster der Anlage 2.</P></Content>   </text></textdaten></norm>
<norm builddate="20130405124945" doknr="BJNR005360982BJNG000200326"><metadaten><jurabk>HeizölLBV</jurabk><gliederungseinheit><gliederungskennzahl>020</gliederungskennzahl><gliederungsbez>2. Abschnitt</gliederungsbez><gliederungstitel>Ermittlung der Referenzmengen</gliederungstitel></gliederungseinheit></metadaten><textdaten><text format="XML"><Content><P/></Content></text></textdaten></norm>
<norm builddate="20130405124945" doknr="BJNR005360982BJNE001100326"><metadaten><jurabk>HeizölLBV</jurabk><enbez>§ 4</enbez><titel format="parat">Referenzmenge auf Grund bisherigen Bezugs und
Referenzzeit</titel></metadaten><textdaten><text format="XML"><Content><P>(1) Die Referenzmenge ist, soweit sich nicht aus den §§ 5 bis 7 etwas anderes ergibt, nach der Menge leichten Heizöls zu bestimmen, die in der Referenzzeit für die Heizölverbrauchsanlage des Abnehmers bezogen worden ist. Die Referenzmenge beträgt ein Drittel dieser Menge (in Litern).</P><P>(2) Die Referenzzeit beträgt 36 Monate. Ihr Beginn und ihr Ende werden durch Verordnung festgelegt.</P></Content> </text></textdaten></norm>
<norm builddate="20130405124945" doknr="BJNR005360982BJNE001200326"><metadaten><jurabk>HeizölLBV</jurabk><enbez>§ 5</enbez><titel format="parat">Referenzmenge bei Neu- und Zusatzbedarf für Raumheizung</titel></metadaten><textdaten><text format="XML"><Content><P>(1) Bei Heizölverbrauchsanlagen, die der Raumheizung dienen und die nach Beendigung der Referenzzeit neu in Betrieb genommen werden, errechnet sich die Referenzmenge (in Litern), indem die Fläche (in Quadratmetern) der zur Beheizung eingerichteten Räume mit einem Faktor multipliziert wird, der durch Verordnung bestimmt wird. Entsteht bei Raumheizungsanlagen nach Beendigung der Referenzzeit durch bauliche Erweiterungen ein zusätzlicher Bedarf, so wird die Fläche der zur Beheizung eingerichteten zusätzlichen Räume mit diesem Faktor multipliziert. In der Verordnung können für die verschiedenen Arten und nach dem Alter der Gebäude unterschiedliche Faktoren bestimmt werden.</P><P>(2) Dienen solche Raumheizungsanlagen auch der zentralen Warmwasserversorgung, so wird die nach Absatz 1 errechnete Menge um 22 vom Hundert erhöht.</P><P>(3) Bei Neubauten wird die nach Absatz 1 errechnete Menge im ersten Jahr nach Fertigstellung um 15 vom Hundert, im zweiten Jahr um 5 vom Hundert erhöht.</P><P>(4) Ist der neue oder zusätzliche Bedarf während der Referenzzeit aufgetreten und ist die nach den Absätzen 1 bis 3 für die Gesamtfläche der zur Beheizung eingerichteten Räume ermittelte Menge größer als die nach § 4 ermittelte Menge, so kann diese um die Unterschiedsmenge erhöht werden.</P><P>(5) Über die nach den Absätzen 1 bis 4 ermittelte Referenzmenge stellen die zuständigen Stellen dem Abnehmer auf Antrag eine Bescheinigung nach dem Muster der Anlage 3 aus. Der Abnehmer hat die hierfür erforderlichen Angaben glaubhaft zu machen. Er hat im Falle des Absatzes 4 außerdem anzugeben, bei welchen Heizölhändlern und in welchen Mengen er in der Referenzzeit leichtes Heizöl bezogen hat.</P></Content>    </text></textdaten></norm>
<norm builddate="20130405124945" doknr="BJNR005360982BJNE001300326"><metadaten><jurabk>HeizölLBV</jurabk><enbez>§ 6</enbez><titel format="parat">Referenzmenge bei Neu- und Zusatzbedarf für öffentliche,
gewerbliche, landwirtschaftliche und freiberufliche Zwecke</titel></metadaten><textdaten><text format="XML"><Content><P>(1) Bei Heizölverbrauchsanlagen, ausgenommen Raumheizungsanlagen, die ganz oder teilweise öffentlichen, gewerblichen, landwirtschaftlichen oder freiberuflichen Zwecken dienen und die nach Beendigung der Referenzzeit neu in Betrieb genommen werden, bemißt sich die Referenzmenge nach dem Jahresverbrauch vergleichbarer Anlagen. Das gleiche gilt, wenn bei solchen Anlagen nach Beendigung der Referenzzeit durch bauliche Erweiterungen oder durch Veränderungen im Betrieb ein zusätzlicher Bedarf für diese Zwecke entsteht.</P><P>(2) Ist der neue oder zusätzliche Bedarf während der Referenzzeit aufgetreten und ist die nach Absatz 1 ermittelte Menge größer als die nach § 4 ermittelte Menge, so kann diese um die Unterschiedsmenge erhöht werden.</P><P>(3) Über die nach den Absätzen 1 und 2 ermittelte Referenzmenge erhält der Abnehmer auf Antrag eine Bescheinigung nach dem Muster der Anlage 3. Er hat die erforderlichen Angaben glaubhaft zu machen. Bei Zugehörigkeit des Abnehmers zu einer Industrie- und Handelskammer, Handwerkskammer oder Landwirtschaftskammer kann der Jahresverbrauch vergleichbarer Anlagen durch eine Bestätigung der zuständigen Kammer glaubhaft gemacht werden. Im Falle des Absatzes 2 hat der Abnehmer außerdem anzugeben, bei welchen Heizölhändlern und in welchen Mengen er in der Referenzzeit leichtes Heizöl bezogen hat.</P></Content>  </text></textdaten></norm>
<norm builddate="20130405124945" doknr="BJNR005360982BJNE001400326"><metadaten><jurabk>HeizölLBV</jurabk><enbez>§ 7</enbez><titel format="parat">Referenzmenge bei Wechsel des Abnehmers</titel></metadaten><textdaten><text format="XML"><Content><P>(1) Hat bei einer Heizölverbrauchsanlage der Abnehmer während oder nach Beendigung der Referenzzeit gewechselt, so kann der neue Abnehmer die nach § 4 ermittelte Referenzmenge des bisherigen Abnehmers übernehmen. Die zuständigen Stellen bescheinigen dem neuen Abnehmer auf Antrag die Übernahme der Heizölverbrauchsanlage nach dem Muster der Anlage 4. Der neue Abnehmer hat die erforderlichen Angaben glaubhaft zu machen.</P><P>(2) Im übrigen ist bei einem Wechsel des Abnehmers während oder nach Beendigung der Referenzzeit die Referenzmenge des neuen Abnehmers nach den §§ 5 und 6 zu bestimmen.</P></Content> </text></textdaten></norm>
<norm builddate="20130405124945" doknr="BJNR005360982BJNG000300326"><metadaten><jurabk>HeizölLBV</jurabk><gliederungseinheit><gliederungskennzahl>030</gliederungskennzahl><gliederungsbez>3. Abschnitt</gliederungsbez><gliederungstitel>Sonstige Vorschriften für
Heizölhändler</gliederungstitel></gliederungseinheit></metadaten><textdaten><text format="XML"><Content><P/></Content></text></textdaten></norm>
<norm builddate="20130405124945" doknr="BJNR005360982BJNE001500326"><metadaten><jurabk>HeizölLBV</jurabk><enbez>§ 8</enbez><titel format="parat">Lieferpflicht</titel></metadaten><textdaten><text format="XML"><Content><P>(1) Heizölhändler sind verpflichtet, Abnehmern leichtes Heizöl gegen Bezahlung zu liefern, soweit entsprechende Mengen verfügbar sind.</P><P>(2) Heizölhändler sind berechtigt, die Höhe ihrer Lieferungen so zu bemessen, daß sie unter Berücksichtigung der erwarteten Nachfrage die Abnehmer gleichmäßig versorgen können. Zur Verweigerung einer Lieferung sind sie nur berechtigt, wenn die insgesamt zur Heizölverbrauchsanlage des Abnehmers gehörenden Vorratsbehälter noch zu 20 vom Hundert ihres Fassungsvermögens gefüllt sind und die verfügbaren Mengen unter Berücksichtigung der erwarteten Nachfrage zur Deckung des Bedarfs schlechter versorgter Abnehmer benötigt werden.</P><P>(3) Heizölhändler dürfen Neukunden gegenüber bisherigen Kunden nicht benachteiligen.</P></Content>  </text></textdaten></norm>
<norm builddate="20130405124945" doknr="BJNR005360982BJNE001600326"><metadaten><jurabk>HeizölLBV</jurabk><enbez>§ 9</enbez><titel format="parat">Anordnung der Belieferung von Abnehmern</titel></metadaten><textdaten><text format="XML"><Content><P>Die zuständigen Stellen können gegenüber Heizölhändlern, die ihre Lieferpflicht nach § 8 verletzen, auf Antrag anordnen, ihrer Lieferpflicht nachzukommen.</P></Content></text></textdaten></norm>
<norm builddate="20130405124945" doknr="BJNR005360982BJNE001700326"><metadaten><jurabk>HeizölLBV</jurabk><enbez>§ 10</enbez><titel format="parat">Feststellung der Bezugsrechte der Abnehmer durch
Heizölhändler</titel></metadaten><textdaten><text format="XML"><Content><P>(1) Heizölhändler haben, bevor sie Abnehmer beliefern, deren Bezugsrecht auf folgende Weise festzustellen: <DL Font="normal" Type="arabic"><DT>1.</DT><DD Font="normal"><LA Size="normal">Zunächst stellen sie die Referenzmenge des Abnehmers fest.<DL Font="normal" Type="arabic"><DT>a)</DT><DD Font="normal"><LA Size="normal">Für die Feststellung der Referenzmenge nach § 4 Abs. 1 ziehen sie ihre Lieferaufzeichnungen über die Belieferung des Abnehmers während der Referenzzeit heran. Hierbei dürfen nur Lieferungen berücksichtigt werden, bei denen der Name des Abnehmers und die Lieferanschrift mit dem Namen und der Anschrift, an die geliefert werden soll, übereinstimmen, außer wenn der Abnehmer eine Bescheinigung nach dem Muster der Anlage 4 darüber vorlegt, daß er die Referenzmenge eines früheren Abnehmers übernommen hat.</LA></DD> <DT>b)</DT><DD Font="normal"><LA Size="normal">Hat der Abnehmer leichtes Heizöl während der Referenzzeit bei anderen Heizölhändlern bezogen, so ist diese Menge auf Grund einer Bescheinigung nach dem Muster der Anlage 3 festzustellen, die der Abnehmer vorzulegen hat.</LA></DD> <DT>c)</DT><DD Font="normal"><LA Size="normal">Auch Referenzmengen, die nach den §§ 5 und 6 ermittelt worden sind, sind an Hand von Bescheinigungen nach dem Muster der Anlage 3 festzustellen.</LA></DD> </DL></LA></DD> <DT>2.</DT><DD Font="normal"><LA Size="normal">Nach der Referenzmenge des Abnehmers errechnet der Heizölhändler, welche Menge leichten Heizöls dem in einer Verordnung nach § 2 bestimmten Vomhundertsatz entspricht. Dabei darf ein höherer als der Regelvomhundertsatz nur angewandt werden, wenn der Abnehmer eine Bescheinigung nach dem Muster der Anlage 1 vorlegt.</LA></DD> <DT>3.</DT><DD Font="normal"><LA Size="normal">Über ein zusätzliches Bezugsrecht nach § 3 muß der Heizölhändler sich eine Bescheinigung nach dem Muster der Anlage 2 vorlegen lassen.</LA></DD> </DL> </P><P>(2) Sind nach Absatz 1 Bescheinigungen vorzulegen, dann dürfen Heizölhändler nur gegen Vorlage der Originale dieser Bescheinigungen liefern. Die auf Grund von Bescheinigungen nach Anlage 2 oder 3 gelieferten Mengen haben sie darin einzutragen.</P></Content></text></textdaten></norm>
<norm builddate="20130405124945" doknr="BJNR005360982BJNE001800326"><metadaten><jurabk>HeizölLBV</jurabk><enbez>§ 11</enbez><titel format="parat">Eintragungen in die Lieferaufzeichnungen der
Heizölhändler</titel></metadaten><textdaten><text format="XML"><Content><P>(1) Heizölhändler haben bei Lieferungen von leichtem Heizöl, die auf Grund einer bei ihnen bezogenen Referenzmenge erfolgen, diese Menge in ihren Lieferaufzeichnungen neben den jeweiligen Liefermengen einzutragen.</P><P>(2) Liefern Heizölhändler leichtes Heizöl gegen Vorlage von Bescheinigungen, so haben sie in ihren Lieferaufzeichnungen neben den jeweiligen Liefermengen die Art der Bescheinigungen einzutragen.</P><P>(3) Bei Lieferungen von leichtem Heizöl, die teilweise auf Grund einer bei ihnen bezogenen Referenzmenge und teilweise gegen Vorlage einer Bescheinigung nach dem Muster der Anlage 2 oder 3 erfolgen, haben Heizölhändler in ihre Lieferaufzeichnungen die gelieferten Mengen entsprechend aufgeschlüsselt einzutragen.</P></Content>  </text></textdaten></norm>
<norm builddate="20130405124945" doknr="BJNR005360982BJNE001900326"><metadaten><jurabk>HeizölLBV</jurabk><enbez>§ 12</enbez><titel format="parat">Bescheinigungen der Heizölhändler über Lieferungen
in der Referenzzeit</titel></metadaten><textdaten><text format="XML"><Content><P>(1) Heizölhändler sind verpflichtet, Abnehmern, die sie während der Referenzzeit mit leichtem Heizöl beliefert haben, auf Verlangen unverzüglich und unentgeltlich Bescheinigungen nach dem Muster der Anlage 3 über die von ihnen gelieferten Teile der Referenzmenge auszustellen. Haben Heizölhändler schon vor Ausstellung der Bescheinigungen Lieferungen auf Grund dieser Referenzmengen vorgenommen, haben sie die gelieferten Mengen in die Bescheinigungen einzutragen.</P><P>(2) Heizölhändler haben die Ausstellung der Bescheinigungen in die Lieferaufzeichnungen über Lieferungen in der Referenzzeit einzutragen.</P><P>(3) Nach Ausstellung einer Bescheinigung darf auch der Aussteller nur noch gegen Vorlage der Bescheinigung liefern.</P><P>(4) Heizölhändler dürfen Bescheinigungen nach Absatz 1 Abnehmern nur einmal ausstellen.</P></Content>   </text></textdaten></norm>
<norm builddate="20130405124945" doknr="BJNR005360982BJNE002000326"><metadaten><jurabk>HeizölLBV</jurabk><enbez>§ 13</enbez><titel format="parat">Anordnung der Ausstellung einer Bescheinigung
nach § 12</titel></metadaten><textdaten><text format="XML"><Content><P>Die zuständigen Stellen können gegenüber Heizölhändlern, die ihre Pflicht nach § 12 Abs. 1 Satz 1 verletzen, auf Antrag anordnen, ihrer Pflicht zur Ausstellung von Bescheinigungen nachzukommen.</P></Content></text></textdaten></norm>
<norm builddate="20130405124945" doknr="BJNR005360982BJNG000400326"><metadaten><jurabk>HeizölLBV</jurabk><gliederungseinheit><gliederungskennzahl>040</gliederungskennzahl><gliederungsbez>4. Abschnitt</gliederungsbez><gliederungstitel>Verfahrensvorschriften</gliederungstitel></gliederungseinheit></metadaten><textdaten><text format="XML"><Content><P/></Content></text></textdaten></norm>
<norm builddate="20130405124945" doknr="BJNR005360982BJNE002100326"><metadaten><jurabk>HeizölLBV</jurabk><enbez>§ 14</enbez><titel format="parat">Verfahren, wenn Bescheinigungen nicht erlangt werden
können oder abhanden gekommen sind</titel></metadaten><textdaten><text format="XML"><Content><P>(1) Die zuständigen Stellen können Abnehmern, die keine Bescheinigung nach § 12 Abs. 1 erhalten, auf Antrag eine Bescheinigung nach dem Muster der Anlage 3 über die Referenzmenge oder den Teil davon ausstellen, den die Abnehmer von Heizölhändlern, von denen keine Bescheinigung erlangt werden kann, während der Referenzzeit bezogen haben.</P><P>(2) Die Abnehmer haben die von diesen Heizölhändlern bezogene Menge durch Vorlage der Rechnungen dieser Händler nachzuweisen. Sind nicht mehr alle Rechnungen vorhanden und können die von den Händlern bezogenen Mengen nicht auf andere Weise nachgewiesen werden, wird der entsprechende Teil der Referenzmenge nach den §§ 5 und 6 berechnet.</P><P>(3) Die zuständigen Stellen können bei Verlust einer Bescheinigung nach dem Muster der Anlage 3 auf Antrag eine Ersatzbescheinigung über den noch nicht ausgenutzten Teil der ursprünglich bescheinigten Referenzmenge ausstellen. Der Abnehmer hat den Verlust, die Angaben über die in der Bescheinigung eingetragene Referenzmenge und die noch nicht ausgenutzte Menge glaubhaft zu machen.</P></Content>  </text></textdaten></norm>
<norm builddate="20130405124945" doknr="BJNR005360982BJNE002200326"><metadaten><jurabk>HeizölLBV</jurabk><enbez>§ 15</enbez><titel format="parat">Zuständige Stellen</titel></metadaten><textdaten><text format="XML"><Content><P>Zuständige Stellen sind die nach § 4 Abs. 5 des Energiesicherungsgesetzes 1975 bestimmten Stellen.</P></Content></text></textdaten></norm>
<norm builddate="20130405124945" doknr="BJNR005360982BJNG000500326"><metadaten><jurabk>HeizölLBV</jurabk><gliederungseinheit><gliederungskennzahl>050</gliederungskennzahl><gliederungsbez>5. Abschnitt</gliederungsbez><gliederungstitel>Nachweis des Bezugs von leichtem
Heizöl</gliederungstitel></gliederungseinheit></metadaten><textdaten><text format="XML"><Content><P/></Content></text></textdaten></norm>
<norm builddate="20130405124945" doknr="BJNR005360982BJNE002300326"><metadaten><jurabk>HeizölLBV</jurabk><enbez>§ 16</enbez><titel format="parat">Aufbewahrungsempfehlung an Abnehmer</titel></metadaten><textdaten><text format="XML"><Content><P>(1) Heizölhändler haben die ihren Abnehmern ausgestellten Lieferrechnungen über leichtes Heizöl mit der Lieferanschrift und folgender deutlich lesbarer Aufschrift zu versehen: <DL Font="normal" Type="arabic"><DT/><DD Font="normal"><LA Size="normal">&quot;Es wird empfohlen, diese Rechnung als Bezugsmengennachweis für den Fall einer Heizölbewirtschaftung vier Jahre aufzubewahren&quot;.</LA></DD> </DL> </P><P>(2) Die Rechnungen sollen von den Abnehmern vier Jahre aufbewahrt werden.</P></Content></text></textdaten></norm>
<norm builddate="20130405124945" doknr="BJNR005360982BJNE002400326"><metadaten><jurabk>HeizölLBV</jurabk><enbez>§ 17</enbez><titel format="parat">Aufzeichnungs- und Aufbewahrungspflicht der
Heizölhändler</titel></metadaten><textdaten><text format="XML"><Content><P>(1) Heizölhändler haben Aufzeichnungen darüber zu führen, an welche Abnehmer (Name oder Firma, Anschrift), wann, in welcher Menge und an welche Lieferanschrift sie leichtes Heizöl geliefert haben, soweit sich die Angaben nicht aus den nach Handels- oder Steuerrecht erforderlichen Büchern oder sonstigen Unterlagen ergeben.</P><P>(2) Unbeschadet weitergehender Aufbewahrungsfristen sind die Aufzeichnungen vier Jahre aufzubewahren.</P></Content> </text></textdaten></norm>
<norm builddate="20130405124945" doknr="BJNR005360982BJNG000600326"><metadaten><jurabk>HeizölLBV</jurabk><gliederungseinheit><gliederungskennzahl>060</gliederungskennzahl><gliederungsbez>6. Abschnitt</gliederungsbez><gliederungstitel>Schlußvorschriften</gliederungstitel></gliederungseinheit></metadaten><textdaten><text format="XML"><Content><P/></Content></text></textdaten></norm>
<norm builddate="20130405124945" doknr="BJNR005360982BJNE002500326"><metadaten><jurabk>HeizölLBV</jurabk><enbez>§ 18</enbez><titel format="parat">Ordnungswidrigkeiten</titel></metadaten><textdaten><text format="XML"><Content><P>Ordnungswidrig im Sinne des § 15 Abs. 1 Nr. 1 des Energiesicherungsgesetzes 1975 handelt, wer vorsätzlich oder fahrlässig <DL Font="normal" Type="arabic"><DT>1.</DT><DD Font="normal"><LA Size="normal">entgegen § 1 Abs. 1 leichtes Heizöl liefert oder bezieht,</LA></DD> <DT>2.</DT><DD Font="normal"><LA Size="normal">gegenüber den zuständigen Stellen nach § 5 Abs. 5 Satz 3 oder nach § 6 Abs. 3 Satz 4 zur Ermittlung der Referenzmenge nicht richtige oder nicht vollständige Angaben macht oder nach § 3 Abs. 3 Satz 1 zur Begründung eines besonderen Bedarfs oder nach § 5 Abs. 5 Satz 2, § 6 Abs. 3 Satz 2 oder § 7 Abs. 1 Satz 3 zur Ermittlung der Referenzmenge nicht richtige Angaben macht,</LA></DD> <DT>3.</DT><DD Font="normal"><LA Size="normal">entgegen § 10 Abs. 2 Satz 1 ohne Vorlage des Originals eine Bescheinigung liefert,</LA></DD> <DT>4.</DT><DD Font="normal"><LA Size="normal">entgegen § 10 Abs. 2 Satz 2, § 11 oder § 12 Abs. 1 Satz 2 oder Abs. 2 Angaben nicht, nicht richtig oder nicht vollständig einträgt,</LA></DD> <DT>5.</DT><DD Font="normal"><LA Size="normal">entgegen § 12 Abs. 1 Satz 1 eine Bescheinigung nicht richtig oder nicht unverzüglich ausstellt,</LA></DD> <DT>6.</DT><DD Font="normal"><LA Size="normal">entgegen § 12 Abs. 4 eine Bescheinigung mehr als einmal ausstellt oder</LA></DD> <DT>7.</DT><DD Font="normal"><LA Size="normal">entgegen § 17 Abs. 1 oder 2 Aufzeichnungen nicht, nicht richtig oder nicht vollständig führt oder nicht aufbewahrt.</LA></DD> </DL></P></Content></text></textdaten></norm>
<norm builddate="20130405124945" doknr="BJNR005360982BJNE002600326"><metadaten><jurabk>HeizölLBV</jurabk><enbez>§ 19</enbez><titel format="parat">Berlin-Klausel</titel></metadaten><textdaten><text format="XML"><Content><P>Diese Verordnung gilt nach § 14 des Dritten Überleitungsgesetzes in Verbindung mit § 17 des Energiesicherungsgesetzes 1975 auch im Land Berlin.</P></Content></text></textdaten></norm>
<norm builddate="20130405124945" doknr="BJNR005360982BJNE002700326"><metadaten><jurabk>HeizölLBV</jurabk><enbez>§ 20</enbez><titel format="parat">Inkrafttreten und Anwendung dieser Verordnung,
Übergangsregelung</titel></metadaten><textdaten><text format="XML"><Content><P>(1) Diese Verordnung tritt mit Ausnahme der §§ 16 und 17 am Tage nach der Verkündung in Kraft. Die §§ 16 und 17 treten am 1. September 1982 in Kraft.</P><P>(2) Voraussetzung für die Anwendung dieser Verordnung mit Ausnahme der §§ 16 und 17 ist <DL Font="normal" Type="arabic"><DT>1.</DT><DD Font="normal"><LA Size="normal">die Feststellung der Bundesregierung, daß die Energieversorgung im Sinne des § 1 Abs. 1 oder § 2 Abs. 3 des Energiesicherungsgesetzes 1975 gefährdet oder gestört ist,</LA></DD> <DT>2.</DT><DD Font="normal"><LA Size="normal">der Erlaß einer Verordnung nach dem Energiesicherungsgesetz 1975, die diese Verordnung ergänzt.</LA></DD> </DL> </P><P>(3) Beginnt die Referenzzeit vor dem 1. Mai 1983, so beträgt sie abweichend von § 4 Abs. 2 24 Monate. Die Referenzmenge beträgt in diesem Fall abweichend von § 4 Abs. 1 Satz 2 die Hälfte der Menge, die in der Referenzzeit für die Heizölverbrauchsanlage des Abnehmers bezogen worden ist. Soweit in anderen Vorschriften auf § 4 Abs. 1 Satz 2 und Abs. 2 verwiesen wird, treten an die Stelle dieser Vorschriften bis zum 1. Mai 1983 die Sätze 1 und 2.</P></Content> </text><fussnoten/></textdaten></norm>
<norm builddate="20130405124945" doknr="BJNR005360982BJNE002800326"><metadaten><jurabk>HeizölLBV</jurabk><enbez>Anlage 1</enbez></metadaten><textdaten><text format="XML"><Content><P><ABWFORMAT typ="A"/><kommentar typ="Fundstelle">Fundstelle des Originaltextes: BGBl. I 1982, 541</kommentar><BR/><pre xml:space="preserve"> <BR/>-------------------------------------------------------------------------------<BR/>I Aussteller/Anschrift                                     I Ort<BR/>I                                                          I-------------------<BR/>I                                                          I Datum<BR/>-------------------------------------------------------------------------------<BR/>Bescheinigung über erhöhte Bezugsberechtigung<BR/>von leichtem Heizöl gemäß § 2 HeizölLBV (B 1)<BR/>-------------------------------------------------------------------------------<BR/>I für den Zeitraum von - bis<BR/>I------------------------------------------------------------------------------<BR/>I Name, Anschrift des Antragstellers<BR/>I<BR/>I<BR/>-------------------------------------------------------------------------------<BR/>Betr.: Heizölverbrauchsanlage(n)<BR/>-------------------------------------------------------------------------------<BR/>I Lieferanschrift: Ort, Straße, Hausnummer<BR/>I<BR/>-------------------------------------------------------------------------------<BR/>Dem Antragsteller wird für diese Heizölverbrauchsanlage(n) folgender<BR/>Verwendungszweck bescheinigt:<BR/>----  Verwendung von leichtem Heizöl in Krankenhäusern, Heimen für<BR/>I  I  Behinderte oder für Klein- und Kleinstkinder, in Kindergärten<BR/>----  sowie Alten- und Pflegeheimen.<BR/>----  Verwendung von leichtem Heizöl in einer Heizölverbrauchsanlage<BR/>I  I  ausschließlich zu den in § 2 Abs. 2 Nr. 2 HeizölLBV genannten<BR/>----  Zwecken.<BR/>----  Verwendung von leichtem Heizöl in einer Heizölverbrauchsanlage<BR/>I  I  teils zu einem im § 2 Abs. 2 Nr. 2 HeizölLBV bezeichneten Zweck,<BR/>----  teils zur sonstigen Raumheizung und Warmwasserbereitung.<BR/> <BR/>                     Dienstsiegel<BR/> <BR/>-------------------------<BR/>     Unterschrift</pre></P></Content></text></textdaten></norm>
<norm builddate="20130405124945" doknr="BJNR005360982BJNE002900326"><metadaten><jurabk>HeizölLBV</jurabk><enbez>Anlage 2</enbez></metadaten><textdaten><text format="XML"><Content><P><ABWFORMAT typ="A"/><kommentar typ="Fundstelle">Fundstelle des Originaltextes: BGBl. I 1982, 542</kommentar><BR/><pre xml:space="preserve"> <BR/>-------------------------------------------------------------------------------<BR/>I Aussteller/Anschrift                                     I Ort<BR/>I                                                          I-------------------<BR/>I                                                          I Datum<BR/>-------------------------------------------------------------------------------<BR/>Bescheinigung über zusätzliches Bezugsrecht für leichtes Heizöl in<BR/>Fällen besonderen Bedarfs gemäß § 3 HeizölLBV (B 2)<BR/>-------------------------------------------------------------------------------<BR/>I für den Zeitraum von - bis<BR/>I------------------------------------------------------------------------------<BR/>I Name, Anschrift des Antragstellers<BR/>I<BR/>I<BR/>-------------------------------------------------------------------------------<BR/>Betr.: Heizölverbrauchsanlage(n)<BR/>-------------------------------------------------------------------------------<BR/>I Lieferanschrift: Ort, Straße, Hausnummer<BR/>I<BR/>-------------------------------------------------------------------------------<BR/>Der Antragsteller ist berechtigt, für diese Heizölverbrauchsanlage(n)<BR/>zusätzlich zu seiner ihm nach § 2 HeizölLBV zustehenden Menge zu beziehen:<BR/>----------------------------------<BR/>I<BR/>I            Liter leichtes Heizöl<BR/>----------------------------------<BR/> <BR/>                     Dienstsiegel<BR/> <BR/>-------------------------<BR/>     Unterschrift<BR/>-------------------------------------------------------------------------------<BR/>Auf das zusätzliche Bezugsrecht gelieferte Mengen:<BR/>1.<BR/>      ------------------ Liter<BR/>Rest<BR/>      ------------------ Liter     -------------------------    Firmenstempel<BR/>                                      Datum, Unterschrift<BR/>2.<BR/>      ------------------ Liter<BR/>Rest<BR/>      ------------------ Liter     -------------------------    Firmenstempel<BR/>                                      Datum, Unterschrift<BR/>3.<BR/>      ------------------ Liter<BR/>Rest<BR/>      ------------------ Liter     -------------------------    Firmenstempel<BR/>                                      Datum, Unterschrift</pre></P></Content></text></textdaten></norm>
<norm builddate="20130405124945" doknr="BJNR005360982BJNE003000326"><metadaten><jurabk>HeizölLBV</jurabk><enbez>Anlage 3</enbez></metadaten><textdaten><text format="XML"><Content><P><ABWFORMAT typ="A"/><kommentar typ="Fundstelle">Fundstelle des Originaltextes: BGBl. I 1982, 543</kommentar><BR/><pre xml:space="preserve"> <BR/>-------------------------------------------------------------------------------<BR/>I Aussteller/Anschrift                                     I Ort<BR/>I                                                          I-------------------<BR/>I                                                          I Datum<BR/>-------------------------------------------------------------------------------<BR/>Bescheinigung über Referenzmenge an leichtem Heizöl (B 3)<BR/>-------------------------------------------------------------------------------<BR/>I für den Zeitraum der Lieferbeschränkung von - bis<BR/>I------------------------------------------------------------------------------<BR/>I Name, Anschrift des Antragstellers<BR/>I<BR/>I<BR/>-------------------------------------------------------------------------------<BR/>Betr.: Heizölverbrauchsanlage(n)<BR/>-------------------------------------------------------------------------------<BR/>I Lieferanschrift: Ort, Straße, Hausnummer<BR/>I<BR/>-------------------------------------------------------------------------------<BR/>--------------------------------------------------------<BR/>I Die Referenzmenge beträgt:<BR/>I                             Liter<BR/>I-------------------------------------------------------<BR/>I Der vom Aussteller gelieferte bzw. bestätigte Teil der<BR/>I Referenzmenge beträgt:<BR/>I                             Liter<BR/>--------------------------------------------------------<BR/> <BR/>                     Dienstsiegel<BR/>                         oder<BR/>                    Firmenstempel<BR/> <BR/>-------------------------<BR/>     Unterschrift<BR/>-------------------------------------------------------------------------------<BR/>Auf die Referenzmenge bzw. den Teil der Referenzmenge gelieferte Mengen:<BR/>1.<BR/>      ------------------ Liter<BR/>Rest<BR/>      ------------------ Liter     -------------------------    Firmenstempel<BR/>                                      Datum, Unterschrift<BR/>2.<BR/>      ------------------ Liter<BR/>Rest<BR/>      ------------------ Liter     -------------------------    Firmenstempel<BR/>                                      Datum, Unterschrift<BR/>3.<BR/>      ------------------ Liter<BR/>Rest<BR/>      ------------------ Liter     -------------------------    Firmenstempel<BR/>                                      Datum, Unterschrift</pre></P></Content></text></textdaten></norm>
<norm builddate="20130405124945" doknr="BJNR005360982BJNE003100326"><metadaten><jurabk>HeizölLBV</jurabk><enbez>Anlage 4</enbez></metadaten><textdaten><text format="XML"><Content><P><ABWFORMAT typ="A"/><kommentar typ="Fundstelle">Fundstelle des Originaltextes: BGBl. I 1982, 544</kommentar><BR/><pre xml:space="preserve"> <BR/>-------------------------------------------------------------------------------<BR/>I Aussteller/Anschrift                                     I Ort<BR/>I                                                          I-------------------<BR/>I                                                          I Datum<BR/>-------------------------------------------------------------------------------<BR/>Bescheinigung der Übernahme einer Heizölverbrauchsanlage<BR/>(Wechsel des Abnehmers) gemäß § 7 Abs. 1 HeizölLBV (B 4)<BR/>-------------------------------------------------------------------------------<BR/>I Name, Anschrift des Antragstellers                         I Übernahmedatum I<BR/>I                                                            I                I<BR/>I                                                            ------------------<BR/>I<BR/>-------------------------------------------------------------------------------<BR/>Betr.: Heizölverbrauchsanlage(n)<BR/>-------------------------------------------------------------------------------<BR/>I Lieferanschrift: Ort, Straße, Hausnummer<BR/>I<BR/>-------------------------------------------------------------------------------<BR/>Bisheriger Abnehmer:<BR/>-------------------------------------------------------------------------------<BR/>I Name, Anschrift<BR/>I<BR/>I<BR/>-------------------------------------------------------------------------------<BR/> <BR/>                     Dienstsiegel<BR/> <BR/>-------------------------<BR/>     Unterschrift</pre></P></Content></text></textdaten></norm>
</dokumente>