<?xml version="1.0" encoding="UTF-8" ?><!DOCTYPE dokumente SYSTEM "http://www.gesetze-im-internet.de/dtd/1.01/gii-norm.dtd">
<dokumente builddate="20230705213503" doknr="BJNR0690A0023"><norm builddate="20230705213503" doknr="BJNR0690A0023"><metadaten><jurabk>BBiG2005§73AnO 2023</jurabk><ausfertigung-datum manuell="ja">2023-04-18</ausfertigung-datum><fundstelle typ="amtlich"><periodikum>BGBl I</periodikum><zitstelle>2023, Nr. 105</zitstelle></fundstelle><langue>Anordnung über die Bestimmung der zuständigen Stelle nach § 73 des Berufsbildungsgesetzes</langue></metadaten><textdaten><fussnoten><Content><P><BR/> <pre xml:space="preserve">(+++ Textnachweis ab: 25.4.2023 +++)<BR/><BR/></pre></P></Content></fussnoten></textdaten></norm>
<norm builddate="20230705213503" doknr="BJNR0690A0023BJNE000100000"><metadaten><jurabk>BBiG2005§73AnO 2023</jurabk><enbez>I.</enbez></metadaten><textdaten><text format="XML"><Content><P>Nach § 73 Absatz 1 des Berufsbildungsgesetzes in der Fassung der Bekanntmachung vom 4. Mai 2020 (BGBl. I S. 920) sowie § 1 Absatz 3 des Gesetzes über die Errichtung des Bundesverwaltungsamtes in der im Bundesgesetzblatt Teil III, Gliederungsnummer 200-2, veröffentlichten bereinigten Fassung, bestimme ich im Einvernehmen mit dem Bundesministerium des Innern und für Heimat das Bundesverwaltungsamt zur zuständigen Stelle für meinen Geschäftsbereich.</P></Content></text></textdaten></norm>
<norm builddate="20230705213503" doknr="BJNR0690A0023BJNE000200000"><metadaten><jurabk>BBiG2005§73AnO 2023</jurabk><enbez>II.</enbez></metadaten><textdaten><text format="XML"><Content><P>Diese Anordnung tritt am Tag nach der Bekanntmachung in Kraft.</P></Content></text></textdaten></norm>
<norm builddate="20230705213503" doknr="BJNR0690A0023BJNE000300000"><metadaten><jurabk>BBiG2005§73AnO 2023</jurabk><enbez>Schlussformel</enbez></metadaten><textdaten><text format="XML"><Content><P><SP>Bundesministerium für Wohnen, Stadtentwicklung und Bauwesen</SP></P></Content></text></textdaten></norm>
</dokumente>