<?xml version="1.0" encoding="UTF-8" ?><!DOCTYPE dokumente SYSTEM "http://www.gesetze-im-internet.de/dtd/1.01/gii-norm.dtd">
<dokumente builddate="20130405130225" doknr="BJNR026600008"><norm builddate="20130405130225" doknr="BJNR026600008"><metadaten><jurabk>LuftEBV 2008</jurabk><amtabk>LuftEBV</amtabk><ausfertigung-datum manuell="ja">2008-02-22</ausfertigung-datum><fundstelle typ="amtlich"><periodikum>BGBl I</periodikum><zitstelle>2008, 266</zitstelle></fundstelle><kurzue>Luftfahrzeug-Elektronik-Betriebs-Verordnung</kurzue><langue>Verordnung zur Regelung des Betriebs von nicht als Luftfahrtgerät zugelassenen elektronischen Geräten in Luftfahrzeugen</langue><standangabe checked="ja"><standtyp>Sonst</standtyp><standkommentar>Die V ersetzt V v. 1.3.1999 I 239 (LuftEBV)</standkommentar></standangabe></metadaten><textdaten><fussnoten><Content><P><BR/> <pre xml:space="preserve">(+++ Textnachweis ab: 7.3.2008 +++)<BR/><BR/></pre></P></Content></fussnoten></textdaten></norm>
<norm builddate="20130405130225" doknr="BJNR026600008BJNE000100000"><metadaten><jurabk>LuftEBV 2008</jurabk><jurabk>LuftEBV</jurabk><enbez>Eingangsformel</enbez></metadaten><textdaten><text format="XML"><Content><P>Auf Grund des § 32 Abs. 1 Satz 1 Nr. 7a in Verbindung mit § 27 Abs. 3 Satz 2 des Luftverkehrsgesetzes in der Fassung der Bekanntmachung vom 10. Mai 2007 (BGBl. I S. 698) verordnet das Bundesministerium für Verkehr, Bau und Stadtentwicklung:</P></Content></text></textdaten></norm>
<norm builddate="20130405130225" doknr="BJNR026600008BJNE000200000"><metadaten><jurabk>LuftEBV 2008</jurabk><jurabk>LuftEBV</jurabk><enbez>§ 1</enbez><titel format="XML">Verbotsausnahmen gemäß § 27 Abs. 3 des Luftverkehrsgesetzes</titel></metadaten><textdaten><text format="XML"><Content><P>(1) Ausgenommen von dem Verbot des Betriebs elektronischer Geräte in Luftfahrzeugen gemäß § 27 Abs. 3 Satz 1 des Luftverkehrsgesetzes sind <DL Type="arabic"><DT>1.</DT><DD Font="normal"><LA>elektronische Geräte aus dem Bereich der Medizintechnik, deren Betrieb zur Aufrechterhaltung, Unterstützung oder Überwachung von Körperfunktionen erforderlich ist,</LA></DD><DT>2.</DT><DD Font="normal"><LA>elektronische Geräte, die ausschließlich durch geräteeigene Solarzellen oder Knopfzellen mit Energie versorgt werden und nicht über eine Sendefunktion verfügen,</LA></DD><DT>3.</DT><DD Font="normal"><LA>tragbare satellitengestützte Navigations- und Aufzeichnungsgeräte,</LA></DD><DT>4.</DT><DD Font="normal"><LA>sonstige elektronische Geräte ohne Sendefunktion wie tragbare Computer, elektronische Informations- und Unterhaltungsgeräte, Geräte zur Foto- und Videoaufzeichnung, soweit sie nicht während des Rollens, des Starts, des Endanflugs und der Landung betrieben werden, und</LA></DD><DT>5.</DT><DD Font="normal"><LA>elektronische Geräte mit Sendefunktion, solange das Luftfahrzeug an einer Parkposition steht und die Triebwerke nicht in Betrieb sind.</LA></DD></DL></P><P>(2) Elektronisches Gerät im Sinne dieser Verordnung ist ein transportables Gerät, das elektronische Schaltkreise enthält und mittels eigener Energieversorgung betrieben oder aus einer Bordsteckdose versorgt wird. Betrieb eines elektronischen Geräts bedeutet die Versorgung der Schaltkreise eines derartigen Geräts mit elektrischer Energie; hierzu gehören auch jene Betriebsarten, die ein internes Weiterarbeiten des Geräts zulassen (z. B. Stumm- oder Bereitschaftsschaltungen), nicht jedoch solche Betriebsarten, die lediglich Einschaltvorgänge vorbereiten, steuern oder der Erhaltung gespeicherter Daten dienen. Sendefunktion bedeutet die beabsichtigte Ausstrahlung von elektromagnetischen Wellen im Frequenzbereich bis 300 Gigahertz; die Ausstrahlung von Licht oder Wärme wie etwa bei einer Infrarotschnittstelle ist darin nicht eingeschlossen.</P></Content></text></textdaten></norm>
<norm builddate="20130405130225" doknr="BJNR026600008BJNE000300000"><metadaten><jurabk>LuftEBV 2008</jurabk><jurabk>LuftEBV</jurabk><enbez>§ 2</enbez><titel format="XML">Weitergehende Freistellungen</titel></metadaten><textdaten><text format="XML"><Content><P>(1) Der Luftfahrzeughalter kann von den Beschränkungen des § 1 Abs. 1 Nr. 4 zweiter Halbsatz Befreiungen erteilen sowie den Betrieb von elektronischen Geräten mit Sendefunktion allgemein oder im Einzelfall über § 1 Abs. 1 Nr. 5 hinausgehend zulassen, wenn der Luftfahrzeughersteller oder ein Entwicklungsbetrieb dem Luftfahrzeughalter die Verträglichkeit der unter § 1 Abs. 1 Nr. 4 und 5 genannten Geräte mit der Bordelektronik unter Berücksichtigung der verwendeten Frequenzen und Sendeleistungen nachgewiesen hat. Der Luftfahrzeughalter hat den verantwortlichen Luftfahrzeugführer vor Antritt des Fluges über Inhalt und Umfang der Befreiung oder Zulassung zu unterrichten.</P><P>(2) Bei Luftfahrzeugen mit weniger als 5,7 Tonnen Höchstabflugmasse, die nicht in einem Luftfahrtunternehmen betrieben werden, kann auch der verantwortliche Luftfahrzeugführer von den Beschränkungen des § 1 Abs. 1 Nr. 4 zweiter Halbsatz Befreiungen erteilen sowie den Betrieb von Geräten mit Sendefunktion im Einzelfall über § 1 Abs. 1 Nr. 5 hinausgehend zulassen, wenn in mindestens einem Bodenversuch nachgewiesen worden ist, dass in dem eingesetzten Luftfahrzeug eine Störung der Bordelektronik durch den Betrieb des betreffenden Geräts nicht auftritt. Als derartige Störung ist jede Beeinflussung anzusehen, die zu Verfälschungen oder Ausfällen von Anzeigen, Kommunikationseinrichtungen, Kontroll- oder Steuersignalen des Luftfahrzeuges führt.</P></Content></text></textdaten></norm>
<norm builddate="20130405130225" doknr="BJNR026600008BJNE000400000"><metadaten><jurabk>LuftEBV 2008</jurabk><jurabk>LuftEBV</jurabk><enbez>§ 3</enbez><titel format="XML">Befugnisse des verantwortlichen Luftfahrzeugführers</titel></metadaten><textdaten><text format="XML"><Content><P>Die Befugnisse des verantwortlichen Luftfahrzeugführers gemäß § 12 des Luftsicherheitsgesetzes bleiben unberührt.</P></Content></text></textdaten></norm>
<norm builddate="20130405130225" doknr="BJNR026600008BJNE000500000"><metadaten><jurabk>LuftEBV 2008</jurabk><jurabk>LuftEBV</jurabk><enbez>§ 4</enbez><titel format="XML">Hinweispflicht</titel></metadaten><textdaten><text format="XML"><Content><P>Spätestens vor dem Anlassen der Triebwerke, während des Abrollens zum Start und vor Beginn des Endanflugs sind die Fluggäste vom Luftfahrzeughalter oder von der Luftfahrzeugbesatzung in geeigneter Weise über die für elektronische Geräte geltenden Betriebseinschränkungen und Verbote zu unterrichten.</P></Content></text></textdaten></norm>
<norm builddate="20130405130225" doknr="BJNR026600008BJNE000600000"><metadaten><jurabk>LuftEBV 2008</jurabk><jurabk>LuftEBV</jurabk><enbez>§ 5</enbez><titel format="XML">Inkrafttreten, Außerkrafttreten</titel></metadaten><textdaten><text format="XML"><Content><P>(1) Diese Verordnung tritt am Tag nach der Verkündung in Kraft.</P><P>(2) -</P></Content></text><fussnoten/></textdaten></norm>
<norm builddate="20130405130225" doknr="BJNR026600008BJNE000700000"><metadaten><jurabk>LuftEBV 2008</jurabk><jurabk>LuftEBV</jurabk><enbez>Schlussformel</enbez></metadaten><textdaten><text format="XML"><Content><P>Der Bundesrat hat zugestimmt.</P></Content></text></textdaten></norm>
</dokumente>