<?xml version="1.0" encoding="UTF-8" ?><!DOCTYPE dokumente SYSTEM "http://www.gesetze-im-internet.de/dtd/1.01/gii-norm.dtd">
<dokumente builddate="20181218212011" doknr="BJNR203100018"><norm builddate="20181218212011" doknr="BJNR203100018"><metadaten><jurabk>ALBeitrBek 2019</jurabk><ausfertigung-datum manuell="ja">2018-11-27</ausfertigung-datum><fundstelle typ="amtlich"><periodikum>BGBl I</periodikum><zitstelle>2018, 2031</zitstelle></fundstelle><langue>Bekanntmachung der Beiträge und der Beitragszuschüsse in der Alterssicherung der Landwirte für das Jahr 2019</langue></metadaten><textdaten><fussnoten><Content><P><BR/> <pre xml:space="preserve">(+++ Textnachweis ab: 4.12.2018 +++)<BR/><BR/></pre></P></Content></fussnoten></textdaten></norm>
<norm builddate="20181218212011" doknr="BJNR203100018BJNE000100000"><metadaten><jurabk>ALBeitrBek 2019</jurabk><enbez>(XXXX)</enbez></metadaten><textdaten><text format="XML"><Content><P>Auf Grund des § 33 Absatz 1 und der §§ 68, 114 und 120 des Gesetzes über die Alterssicherung der Landwirte, von denen § 33 Absatz 1 und § 68 zuletzt durch Artikel 17 Nummer 13 und 23 geändert und § 120 durch Artikel 17 Nummer 38 des Gesetzes vom 20. April 2007 (BGBl. I S. 554) neu gefasst worden sind, sowie § 114 zuletzt durch Artikel 7 Nummer 11 des Gesetzes vom 17. Juli 2017 (BGBl. I S. 2575) geändert worden ist, wird bekannt gemacht: <BR/><BR/><DL Font="normal" Type="arabic"><DT>1.</DT><DD Font="normal"><LA Size="normal">Der Beitrag in der Alterssicherung der Landwirte beträgt für das Kalenderjahr 2019 monatlich 253 Euro.</LA></DD><DT>2.</DT><DD Font="normal"><LA Size="normal">Der Beitrag in der Alterssicherung der Landwirte beträgt für das Beitrittsgebiet für das Kalenderjahr 2019 monatlich 234 Euro.</LA></DD><DT>3.</DT><DD Font="normal"><LA Size="normal">Der monatliche Zuschussbetrag für das Kalenderjahr 2019 wird wie folgt festgesetzt: <BR/><BR/><table frame="top" pgwide="1" tocentry="%yes;"><tgroup align="left" char="" charoff="50" cols="3"><colspec colname="col1" colnum="1" colwidth="9*"/><colspec align="center" colname="col2" colnum="2" colwidth="50*"/><colspec align="center" colname="col3" colnum="3" colwidth="30*"/><thead valign="bottom"><row rowsep="1"><entry VJ="1" align="center" nameend="col2" namest="col1" valign="middle">Einkommensklasse</entry><entry VJ="1" align="center" colname="col3" valign="middle">monatlicher <BR/>Zuschussbetrag</entry></row></thead><tbody valign="top"><row><entry VJ="1" align="right" colname="col1" colsep="0" rowsep="0">bis</entry><entry VJ="1" align="center" colname="col2" colsep="0" rowsep="0">8 220 Euro</entry><entry VJ="1" colname="col3" rowsep="0">152 Euro,</entry></row><row><entry VJ="1" colname="col1" colsep="0" rowsep="0"/><entry VJ="1" colname="col2" colsep="0" rowsep="0"> 8 221 bis  8 740 Euro</entry><entry VJ="1" colname="col3" rowsep="0">142 Euro,</entry></row><row><entry VJ="1" colname="col1" colsep="0" rowsep="0"/><entry VJ="1" colname="col2" colsep="0" rowsep="0"> 8 741 bis  9 260 Euro</entry><entry VJ="1" colname="col3" rowsep="0">132 Euro,</entry></row><row><entry VJ="1" colname="col1" colsep="0" rowsep="0"/><entry VJ="1" colname="col2" colsep="0" rowsep="0"> 9 261 bis  9 780 Euro</entry><entry VJ="1" colname="col3" rowsep="0">121 Euro,</entry></row><row><entry VJ="1" colname="col1" colsep="0" rowsep="0"/><entry VJ="1" colname="col2" colsep="0" rowsep="0"> 9 781 bis 10 300 Euro</entry><entry VJ="1" colname="col3" rowsep="0">111 Euro,</entry></row><row><entry VJ="1" colname="col1" colsep="0" rowsep="0"/><entry VJ="1" colname="col2" colsep="0" rowsep="0">10 301 bis 10 820 Euro</entry><entry VJ="1" colname="col3" rowsep="0">101 Euro,</entry></row><row><entry VJ="1" colname="col1" colsep="0" rowsep="0"/><entry VJ="1" colname="col2" colsep="0" rowsep="0">10 821 bis 11 340 Euro</entry><entry VJ="1" colname="col3" rowsep="0"> 91 Euro,</entry></row><row><entry VJ="1" colname="col1" colsep="0" rowsep="0"/><entry VJ="1" colname="col2" colsep="0" rowsep="0">11 341 bis 11 860 Euro</entry><entry VJ="1" colname="col3" rowsep="0"> 81 Euro,</entry></row><row><entry VJ="1" colname="col1" colsep="0" rowsep="0"/><entry VJ="1" colname="col2" colsep="0" rowsep="0">11 861 bis 12 380 Euro</entry><entry VJ="1" colname="col3" rowsep="0"> 71 Euro,</entry></row><row><entry VJ="1" colname="col1" colsep="0" rowsep="0"/><entry VJ="1" colname="col2" colsep="0" rowsep="0">12 381 bis 12 900 Euro</entry><entry VJ="1" colname="col3" rowsep="0"> 61 Euro,</entry></row><row><entry VJ="1" colname="col1" colsep="0" rowsep="0"/><entry VJ="1" colname="col2" colsep="0" rowsep="0">12 901 bis 13 420 Euro</entry><entry VJ="1" colname="col3" rowsep="0"> 51 Euro,</entry></row><row><entry VJ="1" colname="col1" colsep="0" rowsep="0"/><entry VJ="1" colname="col2" colsep="0" rowsep="0">13 421 bis 13 940 Euro</entry><entry VJ="1" colname="col3" rowsep="0"> 40 Euro,</entry></row><row><entry VJ="1" colname="col1" colsep="0" rowsep="0"/><entry VJ="1" colname="col2" colsep="0" rowsep="0">13 941 bis 14 460 Euro</entry><entry VJ="1" colname="col3" rowsep="0"> 30 Euro,</entry></row><row><entry VJ="1" colname="col1" colsep="0" rowsep="0"/><entry VJ="1" colname="col2" colsep="0" rowsep="0">14 461 bis 14 980 Euro</entry><entry VJ="1" colname="col3" rowsep="0"> 20 Euro,</entry></row><row><entry VJ="1" colname="col1" colsep="0"/><entry VJ="1" colname="col2" colsep="0">14 981 bis 15 500 Euro</entry><entry VJ="1" colname="col3"> 10 Euro.</entry></row></tbody></tgroup></table><BR/></LA></DD><DT>4.</DT><DD Font="normal"><LA Size="normal">Der monatliche Zuschussbetrag für das Beitrittsgebiet für das Kalenderjahr 2019 wird wie folgt festgesetzt: <BR/><BR/><table frame="top" pgwide="1" tocentry="%yes;"><tgroup align="left" char="" charoff="50" cols="3"><colspec colname="col1" colnum="1" colwidth="9*"/><colspec align="center" colname="col2" colnum="2" colwidth="50*"/><colspec align="center" colname="col3" colnum="3" colwidth="30*"/><thead valign="bottom"><row rowsep="1"><entry VJ="1" align="center" colsep="1" nameend="col2" namest="col1" valign="middle">Einkommensklasse</entry><entry VJ="1" align="center" colname="col3" valign="middle">monatlicher <BR/>Zuschussbetrag <BR/>(Ost)</entry></row></thead><tbody valign="top"><row><entry VJ="1" align="right" colname="col1" colsep="0" rowsep="0">bis</entry><entry VJ="1" align="center" colname="col2" colsep="0" rowsep="0">8 220 Euro</entry><entry VJ="1" colname="col3" rowsep="0">140 Euro,</entry></row><row><entry VJ="1" colname="col1" colsep="0" rowsep="0"/><entry VJ="1" colname="col2" colsep="0" rowsep="0"> 8 221 bis  8 740 Euro</entry><entry VJ="1" colname="col3" rowsep="0">131 Euro,</entry></row><row><entry VJ="1" colname="col1" colsep="0" rowsep="0"/><entry VJ="1" colname="col2" colsep="0" rowsep="0"> 8 741 bis  9 260 Euro</entry><entry VJ="1" colname="col3" rowsep="0">122 Euro,</entry></row><row><entry VJ="1" colname="col1" colsep="0" rowsep="0"/><entry VJ="1" colname="col2" colsep="0" rowsep="0"> 9 261 bis  9 780 Euro</entry><entry VJ="1" colname="col3" rowsep="0">112 Euro,</entry></row><row><entry VJ="1" colname="col1" colsep="0" rowsep="0"/><entry VJ="1" colname="col2" colsep="0" rowsep="0"> 9 781 bis 10 300 Euro</entry><entry VJ="1" colname="col3" rowsep="0">103 Euro,</entry></row><row><entry VJ="1" colname="col1" colsep="0" rowsep="0"/><entry VJ="1" colname="col2" colsep="0" rowsep="0">10 301 bis 10 820 Euro</entry><entry VJ="1" colname="col3" rowsep="0"> 94 Euro,</entry></row><row><entry VJ="1" colname="col1" colsep="0" rowsep="0"/><entry VJ="1" colname="col2" colsep="0" rowsep="0">10 821 bis 11 340 Euro</entry><entry VJ="1" colname="col3" rowsep="0"> 84 Euro,</entry></row><row><entry VJ="1" colname="col1" colsep="0" rowsep="0"/><entry VJ="1" colname="col2" colsep="0" rowsep="0">11 341 bis 11 860 Euro</entry><entry VJ="1" colname="col3" rowsep="0"> 75 Euro,</entry></row><row><entry VJ="1" colname="col1" colsep="0" rowsep="0"/><entry VJ="1" colname="col2" colsep="0" rowsep="0">11 861 bis 12 380 Euro</entry><entry VJ="1" colname="col3" rowsep="0"> 66 Euro,</entry></row><row><entry VJ="1" colname="col1" colsep="0" rowsep="0"/><entry VJ="1" colname="col2" colsep="0" rowsep="0">12 381 bis 12 900 Euro</entry><entry VJ="1" colname="col3" rowsep="0"> 56 Euro,</entry></row><row><entry VJ="1" colname="col1" colsep="0" rowsep="0"/><entry VJ="1" colname="col2" colsep="0" rowsep="0">12 901 bis 13 420 Euro</entry><entry VJ="1" colname="col3" rowsep="0"> 47 Euro,</entry></row><row><entry VJ="1" colname="col1" colsep="0" rowsep="0"/><entry VJ="1" colname="col2" colsep="0" rowsep="0">13 421 bis 13 940 Euro</entry><entry VJ="1" colname="col3" rowsep="0"> 37 Euro,</entry></row><row><entry VJ="1" colname="col1" colsep="0" rowsep="0"/><entry VJ="1" colname="col2" colsep="0" rowsep="0">13 941 bis 14 460 Euro</entry><entry VJ="1" colname="col3" rowsep="0"> 28 Euro,</entry></row><row><entry VJ="1" colname="col1" colsep="0" rowsep="0"/><entry VJ="1" colname="col2" colsep="0" rowsep="0">14 461 bis 14 980 Euro</entry><entry VJ="1" colname="col3" rowsep="0"> 19 Euro,</entry></row><row><entry VJ="1" colname="col1" colsep="0"/><entry VJ="1" colname="col2" colsep="0">14 981 bis 15 500 Euro</entry><entry VJ="1" colname="col3">  9 Euro.</entry></row></tbody></tgroup></table></LA></DD></DL></P></Content></text></textdaten></norm>
<norm builddate="20181218212011" doknr="BJNR203100018BJNE000200000"><metadaten><jurabk>ALBeitrBek 2019</jurabk><enbez>Schlussformel</enbez></metadaten><textdaten><text format="XML"><Content><P><SP>Bundesministerium für Arbeit und Soziales</SP></P></Content></text></textdaten></norm>
</dokumente>