<?xml version="1.0" encoding="UTF-8" ?><!DOCTYPE dokumente SYSTEM "http://www.gesetze-im-internet.de/dtd/1.01/gii-norm.dtd">
<dokumente builddate="20120625152305" doknr="BJNR203950985"><norm builddate="20120625152305" doknr="BJNR203950985"><metadaten><jurabk>DBA ISR 1980</jurabk><amtabk>DBA ISR 1980</amtabk><ausfertigung-datum manuell="ja">1980-05-29</ausfertigung-datum><fundstelle typ="amtlich"><periodikum>BGBl II</periodikum><zitstelle>1985, 395</zitstelle></fundstelle><langue>Abkommen zwischen der Bundesrepublik Deutschland und dem Staat Israel zur
Vermeidung der Doppelbesteuerung auf dem Gebiete der Nachlaß- und
Erbschaftsteuern</langue></metadaten><textdaten><text format="decorated"/><fussnoten><Content><P>G v. 20.2.1985 II 395 <BR/>Inkraft gem. Bek. v. 5.9.1985 II 1117 mWv 2.10.1985</P></Content></fussnoten></textdaten></norm>
</dokumente>