<?xml version="1.0" encoding="UTF-8" ?><!DOCTYPE dokumente SYSTEM "http://www.gesetze-im-internet.de/dtd/1.01/gii-norm.dtd">
<dokumente builddate="20120625151335" doknr="BJNR006720994"><norm builddate="20120625151335" doknr="BJNR006720994"><metadaten><jurabk>AutGAAPolAbkG</jurabk><ausfertigung-datum manuell="ja">1994-01-07</ausfertigung-datum><fundstelle typ="amtlich"><periodikum>BGBl II</periodikum><zitstelle>1994, 67</zitstelle></fundstelle><langue>Gesetz zu dem Abkommen vom 29. Juli 1992 zwischen der Bundesrepublik
Deutschland und der Republik Polen über den Autobahnzusammenschluß und den Bau
von Grenzabfertigungsanlagen für den neuen Grenzübergang im Raum Görlitz und
Zgorzelec</langue></metadaten><textdaten><text format="XML"><Content><P/></Content></text><fussnoten><Content><P>(+++ Textnachweis ab: 16. 1.1994 +++)</P></Content></fussnoten></textdaten></norm>
<norm builddate="20120625151335" doknr="BJNR006720994BJNE000100307"><metadaten><jurabk>AutGAAPolAbkG</jurabk><enbez>Eingangsformel</enbez></metadaten><textdaten><text format="XML"><Content><P>Der Bundestag hat mit Zustimmung des Bundesrates das folgende Gesetz beschlossen:</P></Content></text></textdaten></norm>
<norm builddate="20120625151335" doknr="BJNR006720994BJNE000200307"><metadaten><jurabk>AutGAAPolAbkG</jurabk><enbez>Art 1</enbez></metadaten><textdaten><text format="XML"><Content><P>Dem in Warschau am 29. Juli 1992 unterzeichneten Abkommen zwischen der Bundesrepublik Deutschland und der Republik Polen über den Autobahnzusammenschluß und den Bau von Grenzabfertigungsanlagen für den neuen Grenzübergang im Raum Görlitz und Zgorzelec sowie dem dazugehörigen Protokoll vom selben Tage wird zugestimmt. Das Abkommen und das Protokoll werden nachstehend veröffentlicht.</P></Content></text></textdaten></norm>
<norm builddate="20120625151335" doknr="BJNR006720994BJNE000300307"><metadaten><jurabk>AutGAAPolAbkG</jurabk><enbez>Art 2</enbez></metadaten><textdaten><text format="XML"><Content><P>(1) Auf die in Artikel 9 Abs. 1 des Abkommens bezeichneten Umsätze findet deutsches Umsatzsteuerrecht Anwendung.</P><P>(2) Für die in Artikel 9 Abs. 2 Satz 1 des Abkommens genannten Waren werden außer Zöllen keine Eingangsabgaben erhoben. Dies gilt nicht bei der Einfuhr für die öffentlichen Bauverwaltungen.</P><P>(3) Die in Artikel 9 des Abkommens vorgesehenen steuerlichen Bestimmungen sind mit Wirkung vom 1. August 1992 anzuwenden.</P></Content>  </text></textdaten></norm>
<norm builddate="20120625151335" doknr="BJNR006720994BJNE000400307"><metadaten><jurabk>AutGAAPolAbkG</jurabk><enbez>Art 3</enbez></metadaten><textdaten><text format="XML"><Content><P>(1) Dieses Gesetz tritt am Tage nach seiner Verkündung in Kraft.</P><P>(2) Der Tag, an dem das Abkommen nach seinem Artikel 12 Abs. 2 in Kraft tritt, ist im Bundesgesetzblatt bekanntzugeben.</P></Content> </text></textdaten></norm>
</dokumente>