<?xml version="1.0" encoding="UTF-8" ?><!DOCTYPE dokumente SYSTEM "http://www.gesetze-im-internet.de/dtd/1.01/gii-norm.dtd">
<dokumente builddate="20190430212004" doknr="BJNR189700017"><norm builddate="20190430212004" doknr="BJNR189700017"><metadaten><jurabk>HArchDVDV 2017</jurabk><amtabk>HArchDVDV</amtabk><ausfertigung-datum manuell="ja">2017-06-19</ausfertigung-datum><fundstelle typ="amtlich"><periodikum>BGBl I</periodikum><zitstelle>2017, 1896, 1897</zitstelle></fundstelle><langue>Verordnung über den Vorbereitungsdienst für den höheren Archivdienst des Bundes</langue><standangabe checked="ja"><standtyp>Stand</standtyp><standkommentar>Geändert durch Art. 2 V v. 23.4.2019 I 517</standkommentar></standangabe><standangabe checked="ja"><standtyp>Sonst</standtyp><standkommentar>Ersetzt V 2030-8-5-8 v. 13.7.2016 I 1775 (HArchDVDV)</standkommentar></standangabe></metadaten><textdaten><fussnoten><Content><P><BR/> <pre xml:space="preserve">(+++ Textnachweis ab: 30.6.2017 +++)<BR/>(+++ Zur Anwendung vgl. § 17 +++)<BR/><BR/></pre>Die V wurde als Art. 2 der V v. 19.6.2017 I 1896 von der Beauftragten der Bundesregierung für Kultur und Medien im Einvernehmen mit dem Hessischen Ministerium für Wissenschaft und Kunst beschlossen. Sie ist gem. Art. 3 Satz 1 dieser V am 30.6.2017 in Kraft getreten.</P></Content></fussnoten></textdaten></norm>
<norm builddate="20190430212004" doknr="BJNR189700017BJNE000100000"><metadaten><jurabk>HArchDVDV 2017</jurabk><jurabk>HArchDVDV</jurabk><enbez>Inhaltsübersicht</enbez></metadaten><textdaten><text format="XML"><Content><TOC><Ident Class="S0">Abschnitt 1</Ident><Title Align="auto" Class="S0">Allgemeines</Title><table colsep="0" frame="none" pgwide="1" rowsep="0" tocentry="%yes;"><tgroup align="left" char="" charoff="50" cols="2"><colspec colname="col1" colwidth="10*"/><colspec colname="col2" colwidth="70*"/><tbody valign="top"><row><entry VJ="1" colname="col1">§  1</entry><entry VJ="1" colname="col2">Ziel des Vorbereitungsdienstes</entry></row><row><entry VJ="1" colname="col1">§  2</entry><entry VJ="1" colname="col2">Einstellungsbehörden, Ausbildungsstellen, Dienstaufsicht</entry></row><row><entry VJ="1" colname="col1">§  3</entry><entry VJ="1" colname="col2">Nachteilsausgleich</entry></row><row><entry VJ="1" colname="col1">§  4</entry><entry VJ="1" colname="col2">Bewertung von Leistungen</entry></row></tbody></tgroup></table><P/><Ident Class="S0">Abschnitt 2</Ident><Title Align="auto" Class="S0">Einstellung in den Vorbereitungsdienst</Title><table colsep="0" frame="none" pgwide="1" rowsep="0" tocentry="%yes;"><tgroup align="left" char="" charoff="50" cols="2"><colspec colname="col1" colwidth="10*"/><colspec colname="col2" colwidth="70*"/><tbody valign="top"><row><entry VJ="1" colname="col1">§  5</entry><entry VJ="1" colname="col2">Einstellungsvoraussetzungen</entry></row><row><entry VJ="1" colname="col1">§  6</entry><entry VJ="1" colname="col2">Auswahlverfahren</entry></row><row><entry VJ="1" colname="col1">§  7</entry><entry VJ="1" colname="col2">Auswahlkommission</entry></row><row><entry VJ="1" colname="col1">§  8</entry><entry VJ="1" colname="col2">Durchführung des Auswahlverfahrens</entry></row><row><entry VJ="1" colname="col1">§  9</entry><entry VJ="1" colname="col2">Ergebnis des Auswahlverfahrens, Rangfolge</entry></row></tbody></tgroup></table><P/><Ident Class="S0">Abschnitt 3</Ident><Title Align="auto" Class="S0">Ausbildung</Title><table colsep="0" frame="none" pgwide="1" rowsep="0" tocentry="%yes;"><tgroup align="left" char="" charoff="50" cols="2"><colspec colname="col1" colwidth="10*"/><colspec colname="col2" colwidth="70*"/><tbody valign="top"><row><entry VJ="1" colname="col1">§ 10</entry><entry VJ="1" colname="col2">Dauer und Gliederung des Vorbereitungsdienstes; Laufbahnprüfung</entry></row><row><entry VJ="1" colname="col1">§ 11</entry><entry VJ="1" colname="col2">Leistungspunkte nach dem Europäischen System zur Übertragung und Akkumulierung von Studienleistungen</entry></row><row><entry VJ="1" colname="col1">§ 12</entry><entry VJ="1" colname="col2">Modulhandbücher</entry></row><row><entry VJ="1" colname="col1">§ 13</entry><entry VJ="1" colname="col2">Ausbildungsleitung</entry></row><row><entry VJ="1" colname="col1">§ 14</entry><entry VJ="1" colname="col2">Modulverantwortliche, Prüfende</entry></row><row><entry VJ="1" colname="col1">§ 15</entry><entry VJ="1" colname="col2">Berufspraktische Studien</entry></row><row><entry VJ="1" colname="col1">§ 16</entry><entry VJ="1" colname="col2">Studienleistungen und Modulprüfungen in den berufspraktischen Studien</entry></row><row><entry VJ="1" colname="col1">§ 17</entry><entry VJ="1" colname="col2">Bewertung der Modulprüfungen und der Gesamtleistung in den berufspraktischen Studien</entry></row><row><entry VJ="1" colname="col1">§ 18</entry><entry VJ="1" colname="col2">Transferphase, Transferarbeit, Bewertung</entry></row><row><entry VJ="1" colname="col1">§ 19</entry><entry VJ="1" colname="col2">Verhinderung, Rücktritt, Säumnis</entry></row><row><entry VJ="1" colname="col1">§ 20</entry><entry VJ="1" colname="col2">Täuschung, Ordnungsverstoß</entry></row><row><entry VJ="1" colname="col1">§ 21</entry><entry VJ="1" colname="col2">Prüfungsakte</entry></row><row><entry VJ="1" colname="col1"/><entry VJ="1" colname="col2"/></row></tbody></tgroup></table><P/><Ident Class="S0">Abschnitt 4</Ident><Title Align="auto" Class="S0">Schlussvorschrift</Title><table colsep="0" frame="none" pgwide="1" rowsep="0" tocentry="%yes;"><tgroup align="left" char="" charoff="50" cols="2"><colspec colname="col1" colwidth="10*"/><colspec colname="col2" colwidth="70*"/><tbody valign="top"><row><entry VJ="1" colname="col1">§ 22</entry><entry VJ="1" colname="col2">Übergangsvorschrift</entry></row></tbody></tgroup></table></TOC><P/></Content></text></textdaten></norm>
<norm builddate="20190430212004" doknr="BJNR189700017BJNG000100000"><metadaten><jurabk>HArchDVDV 2017</jurabk><jurabk>HArchDVDV</jurabk><gliederungseinheit><gliederungskennzahl>010</gliederungskennzahl><gliederungsbez>Abschnitt 1</gliederungsbez><gliederungstitel>Allgemeines</gliederungstitel></gliederungseinheit></metadaten><textdaten/></norm>
<norm builddate="20190430212004" doknr="BJNR189700017BJNE000201311"><metadaten><jurabk>HArchDVDV 2017</jurabk><jurabk>HArchDVDV</jurabk><enbez>§ 1</enbez><titel format="XML">Ziel des Vorbereitungsdienstes</titel></metadaten><textdaten><text format="XML"><Content><P>(1) Der Vorbereitungsdienst vermittelt die wissenschaftlichen Methoden und Kenntnisse, die für die Erfüllung der Aufgaben im höheren Archivdienst des Bundes erforderlich sind. Diese Aufgaben umfassen insbesondere leitende, koordinierende und organisatorische Tätigkeiten im Hinblick auf die Beratung der öffentlichen Stellen des Bundes bei der Verwaltung ihrer Unterlagen, die Übernahme, Bewertung, Erschließung und Zugänglichmachung von Archivgut, die Betreuung der Benutzerinnen und Benutzer von Archiven sowie die Bestandserhaltung. Die Referendarinnen und Referendare sollen zu verantwortlichem Handeln im freiheitlichen, demokratischen und sozialen Rechtsstaat befähigt werden. Hierzu gehört auch die Fähigkeit zur Zusammenarbeit im föderalen und im europäischen Raum. Allgemeine berufliche Fähigkeiten, insbesondere die Fähigkeiten zu leitender Tätigkeit, zur Kommunikation, zur Teamarbeit, zum kritischen Überprüfen des eigenen Handelns und zum selbstständigen und wirtschaftlichen Handeln sowie soziale Kompetenz, sind zu fördern.</P><P>(2) Die Referendarinnen und Referendare sollen befähigt werden, sich eigenständig weiterzubilden, um den sich ständig wandelnden Herausforderungen des höheren Archivdienstes gerecht zu werden.</P></Content></text><fussnoten/></textdaten></norm>
<norm builddate="20190430212004" doknr="BJNR189700017BJNE000301311"><metadaten><jurabk>HArchDVDV 2017</jurabk><jurabk>HArchDVDV</jurabk><enbez>§ 2</enbez><titel format="XML">Einstellungsbehörden, Ausbildungsstellen, Dienstaufsicht</titel></metadaten><textdaten><text format="XML"><Content><P>(1) Einstellungsbehörden sind das Bundesarchiv, die oder der Bundesbeauftragte für die Unterlagen des Staatssicherheitsdienstes der ehemaligen Deutschen Demokratischen Republik (die oder der Bundesbeauftragte) und die Stiftung Preußischer Kulturbesitz. Sie haben insbesondere folgende Aufgaben: <DL Type="arabic"><DT>1.</DT><DD Font="normal"><LA>die Ausschreibung der zu besetzenden Stellen und</LA></DD><DT>2.</DT><DD Font="normal"><LA>die Entscheidung über eine Verkürzung oder Verlängerung des Vorbereitungsdienstes.</LA></DD></DL></P><P>(2) Ausbildungsstellen sind das Bundesarchiv, die oder der Bundesbeauftragte und das Geheime Staatsarchiv – Stiftung Preußischer Kulturbesitz. Sie haben insbesondere folgende Aufgaben: <DL Type="arabic"><DT>1.</DT><DD Font="normal"><LA>die Organisation und Durchführung der berufspraktischen Studien einschließlich der damit verbundenen Modulprüfungen und</LA></DD><DT>2.</DT><DD Font="normal"><LA>die Betreuung der Referendarinnen und Referendare während der Transferphase (§ 18) in Zusammenarbeit mit der Archivschule Marburg – Hochschule für Archivwissenschaft (Archivschule Marburg).</LA></DD></DL></P><P>(3) Die Einstellungsbehörde kann ihre Aufgaben auf die Ausbildungsstelle übertragen.</P><P>(4) Während der Ausbildung an der Archivschule Marburg unterstehen die Referendarinnen und Referendare neben der Dienstaufsicht ihrer Einstellungsbehörde auch der Dienstaufsicht der Archivschule Marburg.</P></Content></text><fussnoten/></textdaten></norm>
<norm builddate="20190430212004" doknr="BJNR189700017BJNE000400000"><metadaten><jurabk>HArchDVDV 2017</jurabk><jurabk>HArchDVDV</jurabk><enbez>§ 3</enbez><titel format="XML">Nachteilsausgleich</titel></metadaten><textdaten><text format="XML"><Content><P>(1) Die Einstellungsbehörde gewährt Menschen mit Beeinträchtigungen, die die Umsetzung der nachzuweisenden Kenntnisse einschränken, im Auswahlverfahren sowie bei Studien- und Prüfungsleistungen auf Antrag einen angemessenen Nachteilsausgleich. Die Einstellungsbehörde hat Menschen mit solchen Beeinträchtigungen rechtzeitig auf diese Vorschrift hinzuweisen.</P><P>(2) Als Nachteilsausgleich kommt insbesondere die Verlängerung von Bearbeitungszeiten in Betracht. Art und Umfang des Nachteilsausgleichs sind mit den Betroffenen und der Schwerbehindertenvertretung rechtzeitig zu erörtern.</P><P>(3) Die inhaltlichen Anforderungen an das Auswahlverfahren sowie an die Studien- und Prüfungsleistungen dürfen nicht herabgesetzt werden.</P><P>(4) Gewährte Nachteilsausgleiche sind zu dokumentieren.</P></Content></text></textdaten></norm>
<norm builddate="20190430212004" doknr="BJNR189700017BJNE000500000"><metadaten><jurabk>HArchDVDV 2017</jurabk><jurabk>HArchDVDV</jurabk><enbez>§ 4</enbez><titel format="XML">Bewertung von Leistungen</titel></metadaten><textdaten><text format="XML"><Content><P>(1) Leistungen werden wie folgt bewertet: <table colsep="1" frame="all" pgwide="0" rowsep="1" tocentry="%yes;"><tgroup align="left" char="" charoff="50" cols="4"><colspec colname="c1" colwidth="4*"/><colspec colname="c2" colwidth="21*"/><colspec colname="c3" colwidth="20*"/><colspec colname="c4" colwidth="35*"/><thead valign="bottom"><row><entry VJ="1" align="center" colsep="1" rowsep="1"/><entry VJ="1" align="center" colsep="1" rowsep="1">Rangpunktzahl</entry><entry VJ="1" align="center" colsep="1" rowsep="1">Note</entry><entry VJ="1" align="center" colsep="1" rowsep="1">Notendefinition</entry></row><row><entry VJ="1" align="center" colsep="1" rowsep="1"/><entry VJ="1" align="center" colsep="1" rowsep="1">1</entry><entry VJ="1" align="center" colsep="1" rowsep="1">2</entry><entry VJ="1" align="center" colsep="1" rowsep="1">3</entry></row></thead><tbody valign="top"><row><entry VJ="1" align="center" colsep="1" rowsep="1">1</entry><entry VJ="1" align="right" colsep="1" rowsep="1">15 bis 14</entry><entry VJ="1" align="justify" colsep="1" rowsep="1">sehr gut</entry><entry VJ="1" align="left" colsep="1" rowsep="1">eine Leistung, die den Anforderungen in besonderem Maß entspricht</entry></row><row><entry VJ="1" align="center" colsep="1" rowsep="1">2</entry><entry VJ="1" align="right" colsep="1" rowsep="1">13 bis 11</entry><entry VJ="1" align="justify" colsep="1" rowsep="1">gut</entry><entry VJ="1" align="left" colsep="1" rowsep="1">eine Leistung, die den Anforderungen voll entspricht</entry></row><row><entry VJ="1" align="center" colsep="1" rowsep="1">3</entry><entry VJ="1" align="right" colsep="1" rowsep="1">10 bis 8</entry><entry VJ="1" align="justify" colsep="1" rowsep="1">befriedigend</entry><entry VJ="1" align="left" colsep="1" rowsep="1">eine Leistung, die den Anforderungen entspricht</entry></row><row><entry VJ="1" align="center" colsep="1" rowsep="1">4</entry><entry VJ="1" align="right" colsep="1" rowsep="1">7 bis 5</entry><entry VJ="1" align="justify" colsep="1" rowsep="1">ausreichend</entry><entry VJ="1" align="left" colsep="1" rowsep="1">eine Leistung, die zwar Mängel aufweist, aber im Ganzen den Anforderungen noch entspricht</entry></row><row><entry VJ="1" align="center" colsep="1" rowsep="1">5</entry><entry VJ="1" align="right" colsep="1" rowsep="1">4 bis 2</entry><entry VJ="1" align="justify" colsep="1" rowsep="1">mangelhaft</entry><entry VJ="1" align="left" colsep="1" rowsep="1">eine Leistung, die den Anforderungen nicht entspricht, jedoch erkennen lässt, dass die notwendigen Grundkenntnisse vorhanden sind und die Mängel in absehbarer Zeit behoben werden können</entry></row><row><entry VJ="1" align="center" colsep="1" rowsep="1">6</entry><entry VJ="1" align="right" colsep="1" rowsep="1">1 bis 0</entry><entry VJ="1" align="justify" colsep="1" rowsep="1">ungenügend</entry><entry VJ="1" align="left" colsep="1" rowsep="1">eine Leistung, die den Anforderungen nicht entspricht und bei der selbst die Grundkenntnisse so lückenhaft sind, dass die Mängel in absehbarer Zeit nicht behoben werden können</entry></row></tbody></tgroup></table></P><P>(2) Es werden nur ganze Rangpunkte vergeben. Durchschnittsrangpunktzahlen mit Nachkommawerten werden kaufmännisch auf ganze Rangpunktzahlen gerundet.</P></Content></text></textdaten></norm>
<norm builddate="20190430212004" doknr="BJNR189700017BJNG000200000"><metadaten><jurabk>HArchDVDV 2017</jurabk><jurabk>HArchDVDV</jurabk><gliederungseinheit><gliederungskennzahl>020</gliederungskennzahl><gliederungsbez>Abschnitt 2</gliederungsbez><gliederungstitel>Einstellung in den Vorbereitungsdienst</gliederungstitel></gliederungseinheit></metadaten><textdaten/></norm>
<norm builddate="20190430212004" doknr="BJNR189700017BJNE000601311"><metadaten><jurabk>HArchDVDV 2017</jurabk><jurabk>HArchDVDV</jurabk><enbez>§ 5</enbez><titel format="XML">Einstellungsvoraussetzungen</titel></metadaten><textdaten><text format="XML"><Content><P>In den Vorbereitungsdienst kann eingestellt werden, wer über die allgemeinen beamtenrechtlichen Einstellungsvoraussetzungen verfügt und zudem <DL Font="normal" Type="arabic"><DT>1.</DT><DD Font="normal"><LA Size="normal">einen Mastergrad oder einen gleichwertigen Abschluss erlangt hat in <DL Font="normal" Type="alpha"><DT>a)</DT><DD Font="normal"><LA Size="normal">einem Studium der Geschichts-, der Rechts-, der Sozial- oder der Verwaltungswissenschaften oder</LA></DD><DT>b)</DT><DD Font="normal"><LA Size="normal">einem anderen Hochschulstudium, das geeignet ist, die Befähigung für den höheren Archivdienst zu vermitteln,</LA></DD></DL></LA></DD><DT>2.</DT><DD Font="normal"><LA Size="normal">über folgende Fremdsprachenkenntnisse verfügt: <DL Font="normal" Type="alpha"><DT>a)</DT><DD Font="normal"><LA Size="normal">Kenntnisse der englischen Sprache mindestens auf dem Niveau B2 des Gemeinsamen Europäischen Referenzrahmens für Sprachen,</LA></DD><DT>b)</DT><DD Font="normal"><LA Size="normal">Kenntnisse der französischen Sprache oder Kenntnisse einer anderen modernen Fremdsprache mindestens auf dem Niveau A2 des Gemeinsamen Europäischen Referenzrahmens für Sprachen sowie</LA></DD><DT>c)</DT><DD Font="normal"><LA Size="normal">Grundkenntnisse der lateinischen Sprache,</LA></DD></DL></LA></DD><DT>3.</DT><DD Font="normal"><LA Size="normal">eine breite Allgemeinbildung hat, die sich auf die wesentlichen politischen, wirtschaftlichen, sozialen und kulturellen Themen erstreckt, und</LA></DD><DT>4.</DT><DD Font="normal"><LA Size="normal">über gute Kenntnisse der neueren und neuesten Geschichte verfügt.</LA></DD></DL></P></Content></text><fussnoten/></textdaten></norm>
<norm builddate="20190430212004" doknr="BJNR189700017BJNE000701311"><metadaten><jurabk>HArchDVDV 2017</jurabk><jurabk>HArchDVDV</jurabk><enbez>§ 6</enbez><titel format="XML">Auswahlverfahren</titel></metadaten><textdaten><text format="XML"><Content><P>(1) Über die Einstellung in den Vorbereitungsdienst entscheidet die Einstellungsbehörde auf der Grundlage eines Auswahlverfahrens, in dem die Eignung und Befähigung der Bewerberinnen und Bewerber für den Vorbereitungsdienst festgestellt wird. Insbesondere wird festgestellt, ob sie über das Allgemein- und Fachwissen, die Sprachkenntnisse, die kognitiven, methodischen und sozialen Fähigkeiten, die charakterlichen Merkmale und die Leistungsmotivation verfügen, das oder die für die Erfüllung der Aufgaben im höheren Archivdienst erforderlich ist oder sind.</P><P>(2) Wird die Zahl der am Auswahlverfahren Teilnehmenden nach § 10a Absatz 3 der Bundeslaufbahnverordnung beschränkt, so wird zugelassen, wer nach den eingereichten Unterlagen am besten geeignet erscheint. Bei der Zulassungsentscheidung sind insbesondere die Zeugnisnoten in den Fächern zu berücksichtigen, die für den Vorbereitungsdienst relevant sind. Zusätzlich werden nach Maßgabe des § 165 Satz 3 und 4 des Neunten Buches Sozialgesetzbuch schwerbehinderte Menschen und gleichgestellte behinderte Menschen zugelassen, wenn sie die in der Ausschreibung genannten Voraussetzungen erfüllen.</P><P>(3) Wer zum Auswahlverfahren nicht zugelassen wird oder daran erfolglos teilgenommen hat, erhält eine schriftliche Mitteilung über die Ablehnung. Die Bewerbungsunterlagen werden vernichtet.</P></Content></text><fussnoten/></textdaten></norm>
<norm builddate="20190430212004" doknr="BJNR189700017BJNE000801311"><metadaten><jurabk>HArchDVDV 2017</jurabk><jurabk>HArchDVDV</jurabk><enbez>§ 7</enbez><titel format="XML">Auswahlkommission</titel></metadaten><textdaten><text format="XML"><Content><P>(1) Für die Durchführung des Auswahlverfahrens richtet die Ausbildungsstelle eine Auswahlkommission ein.</P><P>(2) Die Auswahlkommission besteht aus drei Angehörigen des höheren Archivdienstes, darunter die Ausbildungsleiterin oder der Ausbildungsleiter (§ 13).</P><P>(3) Die Mitglieder der Auswahlkommission und eine ausreichende Zahl von Ersatzmitgliedern werden vor jedem Auswahlverfahren bestellt. Wiederbestellung ist zulässig. Bei der Besetzung der Auswahlkommission werden Frauen und Männer in einem ausgewogenen Verhältnis berücksichtigt.</P><P>(4) Die Mitglieder der Auswahlkommission sind bei ihren Entscheidungen unabhängig und nicht weisungsgebunden.</P><P>(5) Die Auswahlkommission entscheidet mit Stimmenmehrheit. Stimmenthaltung ist nicht zulässig.</P></Content></text><fussnoten/></textdaten></norm>
<norm builddate="20190430212004" doknr="BJNR189700017BJNE000900000"><metadaten><jurabk>HArchDVDV 2017</jurabk><jurabk>HArchDVDV</jurabk><enbez>§ 8</enbez><titel format="XML">Durchführung des Auswahlverfahrens</titel></metadaten><textdaten><text format="XML"><Content><P>(1) Das Auswahlverfahren besteht aus einem bis zu 30-minütigen Einzelgespräch der Auswahlkommission mit der Bewerberin oder dem Bewerber in Form eines teilstrukturierten Interviews. Es dient <DL Type="arabic"><DT>1.</DT><DD Font="normal"><LA>der Feststellung der Kenntnisse und Fähigkeiten der Bewerberin oder des Bewerbers, insbesondere im Hinblick auf die methodische Herangehensweise an fachliche Themen,</LA></DD><DT>2.</DT><DD Font="normal"><LA>der Feststellung der persönlichen Eignung der Bewerberin oder des Bewerbers, insbesondere im Hinblick auf Auftreten, Kommunikationsverhalten und Belastbarkeit.</LA></DD></DL></P><P>(2) Der Bewerberin oder dem Bewerber werden Fragen zum bisherigen Werdegang, zur Motivation, zu Arbeitsmethoden, zum Fachwissen und zur Allgemeinbildung sowie zur sozialen Kompetenz gestellt. Die Fragen zum Fachwissen leiten sich aus den Aufgaben im höheren Archivdienst des Bundes ab.</P><P>(3) Die Antworten der Bewerberin oder des Bewerbers sowie die persönliche Eignung, die sich aus den Antworten und aus dem persönlichen Eindruck ergibt, den die Auswahlkommission von der Bewerberin oder dem Bewerber gewonnen hat, werden gesondert bewertet.</P></Content></text></textdaten></norm>
<norm builddate="20190430212004" doknr="BJNR189700017BJNE001000000"><metadaten><jurabk>HArchDVDV 2017</jurabk><jurabk>HArchDVDV</jurabk><enbez>§ 9</enbez><titel format="XML">Ergebnis des Auswahlverfahrens, Rangfolge</titel></metadaten><textdaten><text format="XML"><Content><P>(1) Die Auswahlkommission stellt für jede Bewerberin und jeden Bewerber das Ergebnis fest, indem sie aus den Rangpunkten, die sie für die Antworten der Bewerberin oder des Bewerbers und für die persönliche Eignung vergeben hat, die Durchschnittsrangpunktzahl bildet.</P><P>(2) Anhand des Ergebnisses des Auswahlverfahrens legt die Auswahlkommission die für die Einstellung maßgebliche Rangfolge der geeigneten Bewerberinnen und Bewerber fest.</P></Content></text></textdaten></norm>
<norm builddate="20190430212004" doknr="BJNR189700017BJNG000300000"><metadaten><jurabk>HArchDVDV 2017</jurabk><jurabk>HArchDVDV</jurabk><gliederungseinheit><gliederungskennzahl>030</gliederungskennzahl><gliederungsbez>Abschnitt 3</gliederungsbez><gliederungstitel>Ausbildung</gliederungstitel></gliederungseinheit></metadaten><textdaten/></norm>
<norm builddate="20190430212004" doknr="BJNR189700017BJNE001101311"><metadaten><jurabk>HArchDVDV 2017</jurabk><jurabk>HArchDVDV</jurabk><enbez>§ 10</enbez><titel format="XML">Dauer und Gliederung des Vorbereitungsdienstes; Laufbahnprüfung</titel></metadaten><textdaten><text format="XML"><Content><P>(1) Der Vorbereitungsdienst dauert zwei Jahre. Er besteht aus folgenden Ausbildungsphasen:<BR/><BR/><table colsep="1" frame="all" rowsep="1" tocentry="%yes;"><tgroup align="left" char="" charoff="50" cols="4"><colspec align="center" colname="col1" colwidth="5*"/><colspec colname="col2" colwidth="26*"/><colspec colname="col3" colwidth="28*"/><colspec colname="col4" colwidth="16*"/><thead valign="bottom"><row><entry VJ="1" colname="col1"/><entry VJ="1" align="center" colname="col2">Ausbildungsphase</entry><entry VJ="1" align="center" colname="col3">Durchführende Stelle</entry><entry VJ="1" align="center" colname="col4">Dauer</entry></row><row><entry VJ="1" colname="col1"/><entry VJ="1" align="center" colname="col2">1</entry><entry VJ="1" align="center" colname="col3">2</entry><entry VJ="1" align="center" colname="col4">3</entry></row></thead><tbody valign="top"><row><entry VJ="1" colname="col1">1</entry><entry VJ="1" colname="col2">berufspraktische Studien</entry><entry VJ="1" colname="col3">Bundesarchiv, die oder der Bundesbeauftragte für Stasiunterlagen oder Geheimes Staatsarchiv – Preußischer Kulturbesitz</entry><entry VJ="1" colname="col4"> 8 Monate</entry></row><row><entry VJ="1" colname="col1">2</entry><entry VJ="1" colname="col2">Fachstudien</entry><entry VJ="1" colname="col3">Archivschule Marburg</entry><entry VJ="1" colname="col4">12 Monate</entry></row><row><entry VJ="1" colname="col1">3</entry><entry VJ="1" colname="col2">Transferphase</entry><entry VJ="1" colname="col3">Archivschule Marburg und Bundesarchiv, die oder der Bundesbeauftragte für Stasiunterlagen oder Geheimes Staatsarchiv – Preußischer Kulturbesitz</entry><entry VJ="1" colname="col4"> 3 Monate</entry></row><row><entry VJ="1" colname="col1">4</entry><entry VJ="1" colname="col2">Prüfungsphase</entry><entry VJ="1" colname="col3">Archivschule Marburg</entry><entry VJ="1" colname="col4"> 1 Monat</entry></row></tbody></tgroup></table></P><P>(2) Die berufspraktischen Studien unterteilen sich in vier Module: <DL Font="normal" Type="arabic"><DT>1.</DT><DD Font="normal"><LA Size="normal">Archivorganisation und -management,</LA></DD><DT>2.</DT><DD Font="normal"><LA Size="normal">Überlieferungsbildung,</LA></DD><DT>3.</DT><DD Font="normal"><LA Size="normal">Erschließung und Vermittlung von Archivgut,</LA></DD><DT>4.</DT><DD Font="normal"><LA Size="normal">archivalische Quellen und ihre Erhaltung.</LA></DD></DL></P><P>(3) Inhalt und Durchführung der Fachstudien richten sich nach den §§ 11 und 12 der Ausbildungs- und Prüfungsordnung für den Laufbahnzweig Archivrecht im höheren allgemeinen Verwaltungsdienst in Hessen vom 24. November 2016 (Staatsanzeiger für das Land Hessen S. 1614) sowie nach der Studienordnung für das Referendariat im höheren Archivdienst an der Archivschule Marburg – Hochschule für Archivwissenschaft vom 10. Dezember 2017 (Staatsanzeiger für das Land Hessen S. 123).</P><P>(4) Inhalt und Durchführung der Prüfungsphase richten sich nach den §§ 14 bis 27 der Ausbildungs- und Prüfungsordnung für den Laufbahnzweig Archivdienst im höheren allgemeinen Verwaltungsdienst in Hessen.</P><P>(5) Die archivarische Staatsprüfung nach § 14 Absatz 1 Satz 1 der Ausbildungs- und Prüfungsordnung für den Laufbahnzweig Archivdienst im höheren allgemeinen Verwaltungsdienst in Hessen ist die Laufbahnprüfung für den höheren Archivdienst des Bundes.</P></Content></text><fussnoten/></textdaten></norm>
<norm builddate="20190430212004" doknr="BJNR189700017BJNE001200000"><metadaten><jurabk>HArchDVDV 2017</jurabk><jurabk>HArchDVDV</jurabk><enbez>§ 11</enbez><titel format="XML">Leistungspunkte nach dem Europäischen System zur Übertragung und Akkumulierung von Studienleistungen</titel></metadaten><textdaten><text format="XML"><Content><P>(1) Für erfolgreich absolvierte Module werden Leistungspunkte nach dem Europäischen System zur Übertragung und Akkumulierung von Studienleistungen vergeben. Ein Leistungspunkt entspricht einem durchschnittlichen Arbeitsaufwand von 30 Stunden.</P><P>(2) Für den Vorbereitungsdienst können insgesamt 120 Leistungspunkte vergeben werden. Davon können 40 Leistungspunkte für die berufspraktischen Studien und 15 Leistungspunkte für die Transferphase vergeben werden.</P></Content></text></textdaten></norm>
<norm builddate="20190430212004" doknr="BJNR189700017BJNE001301311"><metadaten><jurabk>HArchDVDV 2017</jurabk><jurabk>HArchDVDV</jurabk><enbez>§ 12</enbez><titel format="XML">Modulhandbücher</titel></metadaten><textdaten><text format="XML"><Content><P>(1) Das Modulhandbuch für die berufspraktischen Studien und für die Transferphase erstellt die Ausbildungsstelle. Das Modulhandbuch ist zu veröffentlichen. Im Modulhandbuch wird für jedes Modul insbesondere Folgendes festgelegt: <DL Type="arabic"><DT>1.</DT><DD Font="normal"><LA>die Lehrinhalte und die Lernziele,</LA></DD><DT>2.</DT><DD Font="normal"><LA>die Lehr- und die Lernformen,</LA></DD><DT>3.</DT><DD Font="normal"><LA>Zahl und Form der abzulegenden Modulprüfungen,</LA></DD><DT>4.</DT><DD Font="normal"><LA>der jeweilige durchschnittliche Arbeitsaufwand in Zeitstunden sowie</LA></DD><DT>5.</DT><DD Font="normal"><LA>die Dauer des Moduls.</LA></DD></DL></P><P>(2) Als Modulhandbuch für die Fachstudien gilt Anlage 2 der Studienordnung für das Referendariat im höheren Archivdienst an der Archivschule Marburg – Hochschule für Archivwissenschaft vom 10. Dezember 2017 (Staatsanzeiger für das Land Hessen S. 123) entsprechend.</P></Content></text><fussnoten/></textdaten></norm>
<norm builddate="20190430212004" doknr="BJNR189700017BJNE001400000"><metadaten><jurabk>HArchDVDV 2017</jurabk><jurabk>HArchDVDV</jurabk><enbez>§ 13</enbez><titel format="XML">Ausbildungsleitung</titel></metadaten><textdaten><text format="XML"><Content><P>Die Ausbildungsstelle bestellt eine Angehörige oder einen Angehörigen des höheren Archivdienstes zur Ausbildungsleiterin oder zum Ausbildungsleiter. Diese oder dieser <DL Type="arabic"><DT>1.</DT><DD Font="normal"><LA>stellt die ordnungsgemäße Durchführung der berufspraktischen Studien und der Transferphase sicher,</LA></DD><DT>2.</DT><DD Font="normal"><LA>stellt für jede Referendarin und für jeden Referendar einen Ausbildungsplan auf,</LA></DD><DT>3.</DT><DD Font="normal"><LA>weist den Ausbildenden Referendarinnen und Referendare zur Ausbildung zu, jedoch nicht mehr, als die Ausbildenden mit Sorgfalt ausbilden können,</LA></DD><DT>4.</DT><DD Font="normal"><LA>bestellt <DL Type="alpha"><DT>a)</DT><DD Font="normal"><LA>die Modulverantwortlichen und weitere Prüfende (§ 14 Absatz 2) sowie die Ausbildenden und die Lehrenden für jedes Modul der berufspraktischen Studien,</LA></DD><DT>b)</DT><DD Font="normal"><LA>eine Modulverantwortliche oder einen Modulverantwortlichen und, sofern erforderlich, eine Projektbetreuerin oder einen Projektbetreuer für die Transferphase,</LA></DD></DL></LA></DD><DT>5.</DT><DD Font="normal"><LA>führt regelmäßig Besprechungen mit den Referendarinnen und Referendaren durch und berät sie in Fragen der Ausbildung.</LA></DD></DL></P></Content></text></textdaten></norm>
<norm builddate="20190430212004" doknr="BJNR189700017BJNE001500000"><metadaten><jurabk>HArchDVDV 2017</jurabk><jurabk>HArchDVDV</jurabk><enbez>§ 14</enbez><titel format="XML">Modulverantwortliche, Prüfende</titel></metadaten><textdaten><text format="XML"><Content><P>(1) Die oder der Modulverantwortliche <DL Type="arabic"><DT>1.</DT><DD Font="normal"><LA>betreut und berät die Ausbildenden und die Lehrenden sowie die Referendarinnen und Referendare in allen inhaltlichen Fragen des Moduls,</LA></DD><DT>2.</DT><DD Font="normal"><LA>erstellt im Einvernehmen mit der Ausbildungsleitung die Aufgaben für die Modulprüfungen,</LA></DD><DT>3.</DT><DD Font="normal"><LA>nimmt die Modulprüfungen ab und bewertet sie.</LA></DD></DL></P><P>(2) Sofern dies aus fachlichen Gründen erforderlich ist, bestellt die Ausbildungsleitung eine Angehörige oder einen Angehörigen des höheren Archivdienstes aus der Ausbildungsstelle als weitere Prüferin oder weiteren Prüfer. Für Prüfungen, die keine archivarischen Fachkenntnisse erfordern, kann die Ausbildungsleitung auch eine Vertreterin oder einen Vertreter der Ausbildungsstelle bestellen, die oder der in dem Fach, in dem sie oder er die Referendarinnen und Referendare prüft, <DL Type="arabic"><DT>1.</DT><DD Font="normal"><LA>ein Hochschulstudium absolviert hat und</LA></DD><DT>2.</DT><DD Font="normal"><LA>über eine mehrjährige Berufserfahrung verfügt.</LA></DD></DL></P></Content></text></textdaten></norm>
<norm builddate="20190430212004" doknr="BJNR189700017BJNE001601311"><metadaten><jurabk>HArchDVDV 2017</jurabk><jurabk>HArchDVDV</jurabk><enbez>§ 15</enbez><titel format="XML">Berufspraktische Studien</titel></metadaten><textdaten><text format="XML"><Content><P>(1) In den berufspraktischen Studien sollen die Referendarinnen und Referendare mit den Aufgaben, den Methoden und der Organisation in einem öffentlichen Archiv vertraut gemacht und auf die Übernahme von Führungsaufgaben vorbereitet werden. Sie sollen insbesondere <DL Type="arabic"><DT>1.</DT><DD Font="normal"><LA>lernen, geeignete Methoden der Überlieferungsbildung und der Erschließung von Archivgut anzuwenden,</LA></DD><DT>2.</DT><DD Font="normal"><LA>Verfahren der Bestandserhaltung und der Magazinierung sowie archivische IT-Systeme kennenlernen,</LA></DD><DT>3.</DT><DD Font="normal"><LA>Kompetenzen und Fähigkeiten im Hinblick auf die Bereitstellung und Nutzung von Archivgut erwerben,</LA></DD><DT>4.</DT><DD Font="normal"><LA>archivwissenschaftliche und archivpraktische Fragen schriftlich und mündlich erörtern,</LA></DD><DT>5.</DT><DD Font="normal"><LA>Führungskompetenzen erwerben sowie</LA></DD><DT>6.</DT><DD Font="normal"><LA>in ihrer Eigenverantwortlichkeit und Selbständigkeit gefördert werden.</LA></DD></DL></P><P>(2) Die berufspraktischen Studien werden in der Ausbildungsstelle durchgeführt. Die Ausbildungsstelle kann bestimmen, dass berufspraktische Studien in weiteren Einrichtungen durchgeführt werden. Voraussetzung dafür ist, dass <DL Type="arabic"><DT>1.</DT><DD Font="normal"><LA>die jeweilige Einrichtung die mit der Ausbildungsstelle abgestimmten fachlichen Schwerpunkte des jeweiligen Praktikums hinreichend vermitteln kann und</LA></DD><DT>2.</DT><DD Font="normal"><LA>die Ausbildungsleitung im Einvernehmen mit der jeweiligen Einrichtung bei Bedarf weitere der Einrichtung angehörende Prüferinnen oder Prüfer bestellt, die die in § 14 Absatz 1 Nummer 2 und 3 genannten Aufgaben wahrnehmen.</LA></DD></DL></P></Content></text><fussnoten/></textdaten></norm>
<norm builddate="20190430212004" doknr="BJNR189700017BJNE001700000"><metadaten><jurabk>HArchDVDV 2017</jurabk><jurabk>HArchDVDV</jurabk><enbez>§ 16</enbez><titel format="XML">Studienleistungen und Modulprüfungen in den berufspraktischen Studien</titel></metadaten><textdaten><text format="XML"><Content><P>(1) Soweit die Ausbildungsinhalte nicht durch Lehrveranstaltungen vermittelt werden, sind die Referendarinnen und Referendare verpflichtet, sich die Ausbildungsinhalte eigenständig durch Selbststudien anzueignen.</P><P>(2) In jedem Modul ist eine Modulprüfung abzulegen. Die Modulprüfung kann aus mehreren Prüfungsteilen bestehen. Ist eine Prüfung ohne Aufsicht abzulegen, hat die Referendarin oder der Referendar eine unterschriebene Erklärung abzugeben, dass sie oder er die Prüfungsleistung selbstständig erbracht hat.</P><P>(3) In jedem Modul sind Studienleistungen zu erbringen. Die Studienleistungen werden nicht bewertet.</P></Content></text></textdaten></norm>
<norm builddate="20190430212004" doknr="BJNR189700017BJNE001801311"><metadaten><jurabk>HArchDVDV 2017</jurabk><jurabk>HArchDVDV</jurabk><enbez>§ 17</enbez><titel format="XML">Bewertung der Modulprüfungen und der Gesamtleistung in den berufspraktischen Studien</titel></metadaten><textdaten><text format="XML"><Content><P>(1) Die oder der Modulverantwortliche bewertet die Modulprüfungen. Besteht eine Modulprüfung aus mehreren Prüfungsteilen, wird jeder Prüfungsteil gesondert bewertet und eine Durchschnittsrangpunktzahl der Modulprüfung berechnet.</P><P>(2) Wird eine Modulprüfung oder ein Prüfungsteil in einer anderen Einrichtung durchgeführt, so wird die Modulprüfung oder der Prüfungsteil durch die weitere Prüferin oder den weiteren Prüfer dieser Einrichtung im Benehmen mit der oder dem Modulverantwortlichen der Einstellungsbehörde bewertet.</P><P>(3) Eine Modulprüfung ist bestanden, wenn sie mindestens mit fünf Rangpunkten bewertet worden ist.</P><P>(4) Modulprüfungen und Prüfungsteile können jeweils einmal wiederholt werden. Wiederholungsprüfungen sind zeitnah nach der nicht bestandenen Prüfung anzubieten. Eine bestandene Modulprüfung oder ein bestandener Prüfungsteil kann nicht wiederholt werden.</P><P>(5) Die Bewertungen nach Absatz 1 werden der Archivschule Marburg mitgeteilt.</P><P>(6) Ist eine Modulprüfung oder ein Prüfungsteil nicht bestanden und kann sie oder er nicht mehr wiederholt werden, erhält die Referendarin oder der Referendar einen Bescheid über das endgültige Nichtbestehen. Der Bescheid ist mit einer Rechtsbehelfsbelehrung zu versehen.</P><P>(7) Die Ausbildungsstelle ermittelt die Rangpunktzahl der in den berufspraktischen Studien erbrachten Gesamtleistung aus den einzelnen Modulprüfungen. Die Rangpunktzahl der Gesamtleistung wird der Archivschule Marburg mitgeteilt; die Referendarin oder der Referendar erhält eine Kopie der Mitteilung.</P></Content></text><fussnoten><Content><P>(+++ § 17 Abs. 6: Zur Anwendung vgl. § 20 Abs. 2 +++)</P></Content></fussnoten></textdaten></norm>
<norm builddate="20190430212004" doknr="BJNR189700017BJNE001900000"><metadaten><jurabk>HArchDVDV 2017</jurabk><jurabk>HArchDVDV</jurabk><enbez>§ 18</enbez><titel format="XML">Transferphase, Transferarbeit, Bewertung</titel></metadaten><textdaten><text format="XML"><Content><P>(1) In der Transferphase sollen die Referendarinnen und Referendare nachweisen, dass sie praxisrelevante Fragestellungen selbstständig mit archivwissenschaftlichen Methoden bearbeiten können.</P><P>(2) Die Referendarinnen und Referendare werden in der Transferphase von der oder dem Modulverantwortlichen in Zusammenarbeit mit einer Dozentin oder einem Dozenten der Archivschule Marburg betreut.</P><P>(3) Die Transferphase schließt mit einer Transferarbeit ab. Die Referendarin oder der Referendar hat das Thema der Transferarbeit mit der Ausbildungsstelle und der Archivschule Marburg abzustimmen und es spätestens drei Monate vor Beginn der Transferphase bei der Archivschule Marburg einzureichen.</P><P>(4) Die Transferarbeit ist bei der Ausbildungsstelle und bei der Archivschule Marburg innerhalb der von der Ausbildungsstelle und der Archivschule Marburg festgelegten Fristen jeweils in einer schriftlichen und einer elektronischen Fassung einzureichen. Die schriftliche Fassung ist mit der von der Referendarin oder dem Referendar unterschriebenen Erklärung zu versehen, dass die Transferarbeit selbständig verfasst worden ist, dass nur die angegebenen Quellen verwendet worden sind und dass die schriftliche und die elektronische Fassung übereinstimmen.</P><P>(5) Die Transferarbeit ist von der oder dem Modulverantwortlichen und von einer Dozentin oder einem Dozenten der Archivschule Marburg unabhängig voneinander jeweils in Form eines Gutachtens zu bewerten. Eine Kopie des von der oder dem Modulverantwortlichen verfassten Gutachtens ist der Archivschule Marburg zu übermitteln. Die Ermittlung der Durchschnittsrangpunktzahl und die Bekanntgabe der Note richten sich nach § 13 Absatz 5 Satz 2 bis 5 der Ausbildungs- und Prüfungsordnung für den Laufbahnzweig Archivdienst im höheren allgemeinen Verwaltungsdienst in Hessen.</P></Content></text></textdaten></norm>
<norm builddate="20190430212004" doknr="BJNR189700017BJNE002001311"><metadaten><jurabk>HArchDVDV 2017</jurabk><jurabk>HArchDVDV</jurabk><enbez>§ 19</enbez><titel format="XML">Verhinderung, Rücktritt, Säumnis</titel></metadaten><textdaten><text format="XML"><Content><P>(1) Ist eine Referendarin oder ein Referendar durch eine Erkrankung oder durch sonstige nicht zu vertretende Umstände gehindert, eine Modulprüfung oder einen Prüfungsteil ganz oder teilweise abzulegen, hat sie oder er dies unverzüglich glaubhaft zu machen. Eine Erkrankung ist durch Vorlage eines ärztlichen Attests nachzuweisen. Auf Verlangen der Einstellungsbehörde hat die Referendarin oder der Referendar ein amtsärztliches Attest oder das Attest einer Ärztin oder eines Arztes vorzulegen, die oder der von der Einstellungsbehörde beauftragt worden ist.</P><P>(2) Liegt ein wichtiger Grund vor, kann die Referendarin oder der Referendar mit Genehmigung der Einstellungsbehörde von der Modulprüfung oder dem Prüfungsteil zurücktreten.</P><P>(3) Bei Verhinderung nach Absatz 1 oder Rücktritt nach Absatz 2 bestimmt die Einstellungsbehörde nach pflichtgemäßem Ermessen, <DL Type="arabic"><DT>1.</DT><DD Font="normal"><LA>wann die Modulprüfung oder der Prüfungsteil nachzuholen ist oder</LA></DD><DT>2.</DT><DD Font="normal"><LA>ob der bereits erbrachte Teil der Modulprüfung oder des Prüfungsteils bewertet wird.</LA></DD></DL></P><P>(4) Versäumt die Referendarin oder der Referendar eine Modulprüfung oder einen Prüfungsteil ohne Genehmigung der Einstellungsbehörde, entscheidet die Einstellungsbehörde nach pflichtgemäßem Ermessen, ob die Modulprüfung oder der Prüfungsteil <DL Type="arabic"><DT>1.</DT><DD Font="normal"><LA>nachzuholen ist oder</LA></DD><DT>2.</DT><DD Font="normal"><LA>für nicht bestanden erklärt wird.</LA></DD></DL></P><P>(5) Vor einer Entscheidung nach Absatz 3 oder Absatz 4 ist die Referendarin oder der Referendar anzuhören. Wird die Prüfung für nicht bestanden erklärt und kann sie nicht mehr wiederholt werden, erhält die Referendarin oder der Referendar einen Bescheid über das endgültige Nichtbestehen. Der Bescheid ist mit einer Rechtsbehelfsbelehrung zu versehen.</P></Content></text><fussnoten/></textdaten></norm>
<norm builddate="20190430212004" doknr="BJNR189700017BJNE002101311"><metadaten><jurabk>HArchDVDV 2017</jurabk><jurabk>HArchDVDV</jurabk><enbez>§ 20</enbez><titel format="XML">Täuschung, Ordnungsverstoß</titel></metadaten><textdaten><text format="XML"><Content><P>(1) Eine Referendarin oder ein Referendar, die oder der bei einer Modulprüfung oder einem Prüfungsteil täuscht, eine Täuschung versucht, an einer Täuschung oder an einem Täuschungsversuch mitwirkt oder sonst gegen die Ordnung verstößt, soll die Prüfung unter dem Vorbehalt einer abweichenden Entscheidung der Einstellungsbehörde fortsetzen dürfen. Bei einem erheblichen Ordnungsverstoß kann die Referendarin oder der Referendar von der Prüfung ausgeschlossen werden.</P><P>(2) Die Einstellungsbehörde entscheidet nach Anhörung der Referendarin oder des Referendars über das Vorliegen einer Täuschung oder eines sonstigen Ordnungsverstoßes. Liegt eine Täuschung oder ein Ordnungsverstoß vor, entscheidet die Einstellungsbehörde nach pflichtgemäßem Ermessen, ob <DL Type="arabic"><DT>1.</DT><DD Font="normal"><LA>die Modulprüfung oder der Prüfungsteil zu wiederholen ist,</LA></DD><DT>2.</DT><DD Font="normal"><LA>die Modulprüfung oder der Prüfungsteil teilweise mit null Rangpunkten bewertet wird,</LA></DD><DT>3.</DT><DD Font="normal"><LA>der Prüfungsteil für nicht bestanden erklärt wird oder</LA></DD><DT>4.</DT><DD Font="normal"><LA>die gesamte Modulprüfung für nicht bestanden erklärt wird.</LA></DD></DL>§ 17 Absatz 6 gilt entsprechend.</P><P>(3) Wird eine Täuschung erst nach Abschluss der Laufbahnprüfung festgestellt oder kann sie erst nach Abschluss der Laufbahnprüfung nachgewiesen werden, so kann die Einstellungsbehörde den Prüfungsteil oder die gesamte Modulprüfung innerhalb von drei Jahren nach dem Tag, der auf die mündliche Prüfung nach § 20 Absatz 1 Satz 2 der Ausbildungs- und Prüfungsordnung für den Laufbahnzweig Archivdienst im höheren allgemeinen Verwaltungsdienst in Hessen folgt, mit schriftlichem Bescheid für nicht bestanden erklären. Der Bescheid ist mit einer Rechtsbehelfsbelehrung zu versehen.</P><P>(4) Vor einer Entscheidung nach Absatz 2 oder Absatz 3 ist die Referendarin oder der Referendar anzuhören.</P></Content></text><fussnoten/></textdaten></norm>
<norm builddate="20190430212004" doknr="BJNR189700017BJNE002201311"><metadaten><jurabk>HArchDVDV 2017</jurabk><jurabk>HArchDVDV</jurabk><enbez>§ 21</enbez><titel format="XML">Prüfungsakte</titel></metadaten><textdaten><text format="XML"><Content><P>(1) Die Ausbildungsstelle führt zu jeder Referendarin und zu jedem Referendar eine Prüfungsakte über die berufspraktischen Studien und über die Transferphase.</P><P>(2) In die Prüfungsakte sind zu nehmen: <DL Type="arabic"><DT>1.</DT><DD Font="normal"><LA>die schriftlichen Prüfungsleistungen sowie deren Bewertungen,</LA></DD><DT>2.</DT><DD Font="normal"><LA>die Protokolle über die mündlichen Prüfungsleistungen,</LA></DD><DT>3.</DT><DD Font="normal"><LA>ein Exemplar der Mitteilungen der Bewertung der Prüfungsleistungen und der Gesamtleistung in den berufspraktischen Studien (§ 17 Absatz 5 und 7 Satz 2 erster Halbsatz),</LA></DD><DT>4.</DT><DD Font="normal"><LA>die Gutachten zur Bewertung der Transferarbeit (§ 18 Absatz 5 Satz 1) sowie</LA></DD><DT>5.</DT><DD Font="normal"><LA>die Dokumentationen gewährter Nachteilsausgleiche (§ 3 Absatz 4).</LA></DD></DL></P><P>(3) Die Prüfungsakte ist nach Beendigung der Laufbahnprüfung mindestens fünf und höchstens zehn Jahre aufzubewahren. Die Aufbewahrungsfrist beginnt an dem Tag, der auf die letzte Abschlussprüfung folgt.</P><P>(4) Die Referendarin oder der Referendar kann nach jeder Prüfung, sobald ihr oder ihm die jeweilige Bewertung mitgeteilt worden ist, Einsicht in ihre oder seine Prüfungsakte nehmen.</P></Content></text><fussnoten/></textdaten></norm>
<norm builddate="20190430212004" doknr="BJNR189700017BJNG000400000"><metadaten><jurabk>HArchDVDV 2017</jurabk><jurabk>HArchDVDV</jurabk><gliederungseinheit><gliederungskennzahl>040</gliederungskennzahl><gliederungsbez>Abschnitt 4</gliederungsbez><gliederungstitel>Schlussvorschrift</gliederungstitel></gliederungseinheit></metadaten><textdaten/></norm>
<norm builddate="20190430212004" doknr="BJNR189700017BJNE002300000"><metadaten><jurabk>HArchDVDV 2017</jurabk><jurabk>HArchDVDV</jurabk><enbez>§ 22</enbez><titel format="XML">Übergangsvorschrift</titel></metadaten><textdaten><text format="XML"><Content><P>Für Referendarinnen und Referendare, die vor dem Inkrafttreten dieser Verordnung mit dem Vorbereitungsdienst begonnen haben, ist die Verordnung über den Vorbereitungsdienst für den höheren Archivdienst des Bundes vom 13. Juli 2016 (BGBl. I S. 1775) weiter anzuwenden.</P></Content></text></textdaten></norm>
</dokumente>