<?xml version="1.0" encoding="UTF-8" ?><!DOCTYPE dokumente SYSTEM "http://www.gesetze-im-internet.de/dtd/1.01/gii-norm.dtd">
<dokumente builddate="20120625151435" doknr="BJNR202580991"><norm builddate="20120625151435" doknr="BJNR202580991"><metadaten><jurabk>StreitkrAVtr SUN</jurabk><ausfertigung-datum manuell="ja">1990-10-12</ausfertigung-datum><fundstelle typ="amtlich"><periodikum>BGBl II</periodikum><zitstelle>1990, 1256; 1991 II 258</zitstelle></fundstelle><langue>Vertrag zwischen der Bundesrepublik Deutschland und der Union der
Sozialistischen Sowjetrepubliken über die Bedingungen des befristeten
Aufenthalts und die Modalitäten des planmäßigen Abzugs der sowjetischen Truppen
aus dem Gebiet der Bundesrepublik Deutschland</langue></metadaten><textdaten><text format="decorated"/><fussnoten><Content><P>G v. 21.12.1990; 1991 II 256 <BR/>Inkraft gem. Bek. v. 15.5.1991 II 723 mWv 6.5.1991</P></Content></fussnoten></textdaten></norm>
</dokumente>