<?xml version="1.0" encoding="UTF-8" ?><!DOCTYPE dokumente SYSTEM "http://www.gesetze-im-internet.de/dtd/1.01/gii-norm.dtd">
<dokumente builddate="20130405125410" doknr="BJNR010170992"><norm builddate="20130405125410" doknr="BJNR010170992"><metadaten><jurabk>RAV 1992</jurabk><amtabk>RAV 1992</amtabk><ausfertigung-datum manuell="ja">1992-06-05</ausfertigung-datum><fundstelle typ="amtlich"><periodikum>BGBl I</periodikum><zitstelle>1992, 1017</zitstelle></fundstelle><kurzue>Rentenanpassungsverordnung 1992</kurzue><langue>Verordnung zur Anpassung der Renten im Gebiet der Bundesrepublik
Deutschland ohne das in Artikel 3 des Einigungsvertrages genannte Gebiet im
Jahre 1992 und zur vierten Anpassung der Renten in dem in Artikel 3 des
Einigungsvertrages genannten Gebiet</langue></metadaten><textdaten><text format="XML"><Content><P/></Content></text><fussnoten><Content><P>(+++ Textnachweis ab:  1. 7.1992 +++)</P></Content></fussnoten></textdaten></norm>
<norm builddate="20130405125410" doknr="BJNR010170992BJNE000100314"><metadaten><jurabk>RAV 1992</jurabk><enbez>Eingangsformel</enbez></metadaten><textdaten><text format="XML"><Content><P>Auf Grund <DL Font="normal" Type="arabic"><DT>-</DT><DD Font="normal"><LA Size="normal">des § 69 Abs. 1 des Sechsten Buches Sozialgesetzbuch (Artikel 1 des Gesetzes vom 18. Dezember 1989, BGBl. I S. 2261),</LA></DD> <DT>-</DT><DD Font="normal"><LA Size="normal">des § 255b Abs. 1 des Sechsten Buches Sozialgesetzbuch (Artikel 1 des Gesetzes vom 25. Juli 1991, BGBl. I S. 1606),</LA></DD> <DT>-</DT><DD Font="normal"><LA Size="normal">des § 558 Abs. 3 und des § 579 Abs. 2 der Reichsversicherungsordnung, zuletzt geändert durch Artikel 6 Nr. 2 und 7 des Gesetzes vom 18. Dezember 1989 (BGBl. I S. 2261),</LA></DD> <DT>-</DT><DD Font="normal"><LA Size="normal">der §§ 1151, 1153 der Reichsversicherungsordnung, die durch Artikel 8 Nr. 14 des Gesetzes vom 25. Juli 1991 (BGBl. I S. 1606) eingefügt worden sind,</LA></DD> <DT>-</DT><DD Font="normal"><LA Size="normal">des § 4 Abs. 11 des Gesetzes über eine Altershilfe für Landwirte, angefügt durch Artikel 17 Nr. 5 Buchstabe c des Gesetzes vom 18. Dezember 1989 (BGBl. I S. 2261)</LA></DD> </DL>verordnet die Bundesregierung, auf Grund <DL Font="normal" Type="arabic"><DT>-</DT><DD Font="normal"><LA Size="normal">des § 2 Abs. 2 des Gesetzes zur Zahlung eines Sozialzuschlags zu Renten im Beitrittsgebiet (Artikel 40 des Gesetzes vom 25. Juli 1991, BGBl. I S. 1606)</LA></DD> </DL>verordnet der Bundesminister für Arbeit und Sozialordnung im Einvernehmen mit dem Bundesminister der Finanzen und dem Bundesminister für Familie und Senioren und auf Grund <DL Font="normal" Type="arabic"><DT>-</DT><DD Font="normal"><LA Size="normal">des § 281b Satz 1 Nr. 2 des Sechsten Buches Sozialgesetzbuch (Artikel 1 des Gesetzes vom 25. Juli 1991, BGBl. I S. 1606)</LA></DD> </DL>verordnet der Bundesminister für Arbeit und Sozialordnung:</P></Content></text></textdaten></norm>
<norm builddate="20130405125410" doknr="BJNR010170992BJNE000200314"><metadaten><jurabk>RAV 1992</jurabk><enbez>§ 1</enbez><titel format="parat">Anpassung des aktuellen Rentenwerts und des
aktuellen Rentenwerts (Ost)</titel></metadaten><textdaten><text format="XML"><Content><P>(1) Der aktuelle Rentenwert beträgt vom 1. Juli 1992 an 42,63 Deutsche Mark.</P><P>(2) Der aktuelle Rentenwert (Ost) beträgt vom 1. Juli 1992 an 26,57 Deutsche Mark.</P></Content> </text></textdaten></norm>
<norm builddate="20130405125410" doknr="BJNR010170992BJNE000300314"><metadaten><jurabk>RAV 1992</jurabk><enbez>§ 2</enbez><titel format="parat">Anpassungsfaktor in der Unfallversicherung</titel></metadaten><textdaten><text format="XML"><Content><P>(1) Der Anpassungsfaktor für die zum 1. Juli 1992 anzupassenden Geldleistungen der gesetzlichen Unfallversicherung für Arbeitsunfälle im Sinne des § 579 der Reichsversicherungsordnung beträgt 1,0305.</P><P>(2) Die vom Jahresarbeitsverdienst abhängigen Geldleistungen und das Pflegegeld der gesetzlichen Unfallversicherung für Arbeitsunfälle im Sinne des § 1153 der Reichsversicherungsordnung, die vor dem 1. Juli 1992 eingetreten sind, werden zum 1. Juli 1992 angepaßt. Der Anpassungsfaktor beträgt 1,1273.</P></Content> </text></textdaten></norm>
<norm builddate="20130405125410" doknr="BJNR010170992BJNE000400314"><metadaten><jurabk>RAV 1992</jurabk><enbez>§ 3</enbez><titel format="parat">Pflegegeld in der Unfallversicherung</titel></metadaten><textdaten><text format="XML"><Content><P>Das Pflegegeld der gesetzlichen Unfallversicherung beträgt vom 1. Juli 1992 an <DL Font="normal" Type="arabic"><DT>1.</DT><DD Font="normal"><LA Size="normal">für Arbeitsunfälle, für die § 558 Abs. 3 der Reichsversicherungsordnung anzuwenden ist, zwischen 488 Deutsche Mark und 1.951 Deutsche Mark monatlich,</LA></DD> <DT>2.</DT><DD Font="normal"><LA Size="normal">für Arbeitsunfälle, für die § 1151 der Reichsversicherungsordnung anzuwenden ist, zwischen 300 Deutsche Mark und 1.200 Deutsche Mark monatlich.</LA></DD> </DL></P></Content></text></textdaten></norm>
<norm builddate="20130405125410" doknr="BJNR010170992BJNE000500314"><metadaten><jurabk>RAV 1992</jurabk><enbez>§ 4</enbez><titel format="parat">Anpassung in der Altershilfe für Landwirte</titel></metadaten><textdaten><text format="XML"><Content><P>Die in § 4 Abs. 1 Satz 1 des Gesetzes über eine Altershilfe für Landwirte bestimmten Beträge für das Altersgeld und das vorzeitige Altersgeld betragen vom 1. Juli 1992 an <DL Font="normal" Type="arabic"><DT>1.</DT><DD Font="normal"><LA Size="normal">für den verheirateten Berechtigten 674,30 Deutsche Mark monatlich,</LA></DD> <DT>2.</DT><DD Font="normal"><LA Size="normal">für den unverheirateten Berechtigten 449,80 Deutsche Mark monatlich.</LA></DD> </DL></P></Content></text></textdaten></norm>
<norm builddate="20130405125410" doknr="BJNR010170992BJNE000600314"><metadaten><jurabk>RAV 1992</jurabk><enbez>§ 5</enbez><titel format="parat">Angleichungsfaktoren für den Versorgungsausgleich
in der Rentenversicherung</titel></metadaten><textdaten><text format="XML"><Content><P>Die Angleichungsfaktoren zur Ermittlung des Wertes von angleichungsdynamischen Anrechten nach § 3 Abs. 2 Nr. 1 Buchstabe a des Versorgungsausgleichs-Überleitungsgesetzes betragen bei einer Entscheidung über den Versorgungsausgleich in der Zeit vom 1. Juli 1992 bis zum 31. Dezember 1992 <DL Font="normal" Type="arabic"><DT>1.</DT><DD Font="normal"><LA Size="normal">bei einem Ehezeitende in der Zeit vom 1. Juli 1990 bis</LA></DD>  </DL><BR/><table frame="none" tocentry="%yes;">
	<tgroup align="left" char="" charoff="50" cols="2" colsep="0" rowsep="0">
		<colspec colname="col1" colnum="1" colwidth="40*"/>
		<colspec colname="col2" colnum="2" colwidth="15*"/>
		<tbody valign="top">
			<row>
				<entry VJ="1" align="left" colsep="0" valign="top">zum 31. Dezember 1990</entry>
				<entry VJ="1" align="left" colsep="0" valign="top">1,5466474,</entry>
			</row>
		</tbody>
	</tgroup>
</table> <DL Font="normal" Type="arabic"><DT>2.</DT><DD Font="normal"><LA Size="normal">bei einem Ehezeitende in der Zeit vom 1. Januar 1991</LA></DD>  </DL><BR/><table frame="none" tocentry="%yes;">
	<tgroup align="left" char="" charoff="50" cols="2" colsep="0" rowsep="0">
		<colspec colname="col1" colnum="1" colwidth="40*"/>
		<colspec colname="col2" colnum="2" colwidth="15*"/>
		<tbody valign="top">
			<row>
				<entry VJ="1" align="left" colsep="0" valign="top">bis zum 30. Juni 1991</entry>
				<entry VJ="1" align="left" colsep="0" valign="top">1,3443611,</entry>
			</row>
		</tbody>
	</tgroup>
</table> <DL Font="normal" Type="arabic"><DT>3.</DT><DD Font="normal"><LA Size="normal">bei einem Ehezeitende in der Zeit vom 1. Juli 1991 bis</LA></DD>  </DL><BR/><table frame="none" tocentry="%yes;">
	<tgroup align="left" char="" charoff="50" cols="2" colsep="0" rowsep="0">
		<colspec colname="col1" colnum="1" colwidth="40*"/>
		<colspec colname="col2" colnum="2" colwidth="15*"/>
		<tbody valign="top">
			<row>
				<entry VJ="1" align="left" colsep="0" valign="top">zum 31. Dezember 1991</entry>
				<entry VJ="1" align="left" colsep="0" valign="top">1,2235106,</entry>
			</row>
		</tbody>
	</tgroup>
</table> <DL Font="normal" Type="arabic"><DT>4.</DT><DD Font="normal"><LA Size="normal">bei einem Ehezeitende in der Zeit vom 1. Januar 1992</LA></DD>  </DL><BR/><table frame="none" tocentry="%yes;">
	<tgroup align="left" char="" charoff="50" cols="2" colsep="0" rowsep="0">
		<colspec colname="col1" colnum="1" colwidth="40*"/>
		<colspec colname="col2" colnum="2" colwidth="15*"/>
		<tbody valign="top">
			<row>
				<entry VJ="1" align="left" colsep="0" valign="top">bis zum 30. Juni 1992</entry>
				<entry VJ="1" align="left" colsep="0" valign="top">1,0958128.</entry>
			</row>
		</tbody>
	</tgroup>
</table> </P></Content></text></textdaten></norm>
<norm builddate="20130405125410" doknr="BJNR010170992BJNE000700314"><metadaten><jurabk>RAV 1992</jurabk><enbez>§ 6</enbez><titel format="parat">Grenzbeträge für die Zahlung eines Sozialzuschlags</titel></metadaten><textdaten><text format="XML"><Content><P>Die in § 2 Abs. 1 Nr. 1 und 2 des Gesetzes zur Zahlung eines Sozialzuschlags zu Renten im Beitrittsgebiet bestimmten Beträge betragen vom 1. Juli 1992 an <DL Font="normal" Type="arabic"><DT>1.</DT><DD Font="normal"><LA Size="normal">bei Alleinstehenden 658 Deutsche Mark monatlich,</LA></DD> <DT>2.</DT><DD Font="normal"><LA Size="normal">bei Verheirateten 1.054 Deutsche Mark monatlich.</LA></DD> </DL></P></Content></text></textdaten></norm>
<norm builddate="20130405125410" doknr="BJNR010170992BJNE000800314"><metadaten><jurabk>RAV 1992</jurabk><enbez>§ 7</enbez><titel format="parat">Inkrafttreten</titel></metadaten><textdaten><text format="XML"><Content><P>Diese Verordnung tritt am 1. Juli 1992 in Kraft.</P></Content></text></textdaten></norm>
<norm builddate="20130405125410" doknr="BJNR010170992BJNE000900314"><metadaten><jurabk>RAV 1992</jurabk><enbez>Schlußformel</enbez></metadaten><textdaten><text format="XML"><Content><P>Der Bundesrat hat zugestimmt.</P></Content></text></textdaten></norm>
</dokumente>