<?xml version="1.0" encoding="UTF-8" ?><!DOCTYPE dokumente SYSTEM "http://www.gesetze-im-internet.de/dtd/1.01/gii-norm.dtd">
<dokumente builddate="20251211215541" doknr="BJNR317300001"><norm builddate="20251211215541" doknr="BJNR317300001"><metadaten><jurabk>UKlaG</jurabk><amtabk>UKlaG</amtabk><ausfertigung-datum manuell="ja">2001-11-26</ausfertigung-datum><fundstelle typ="amtlich"><periodikum>BGBl I</periodikum><zitstelle>2001, 3138, 3173</zitstelle></fundstelle><kurzue>Unterlassungsklagengesetz</kurzue><langue>Gesetz über Unterlassungsklagen bei Verbraucherrechts- und anderen Verstößen</langue><standangabe checked="ja"><standtyp>Neuf</standtyp><standkommentar>Neugefasst durch Bek. v. 27.8.2002 I 3422, 4346;</standkommentar></standangabe><standangabe checked="ja"><standtyp>Stand</standtyp><standkommentar>zuletzt geändert durch Art. 18 G v. 8.12.2025 I Nr. 318</standkommentar></standangabe></metadaten><textdaten><fussnoten><Content><P><BR/> <pre xml:space="preserve">(+++ Textnachweis ab: 1.1.2002 +++)<BR/> <BR/>(+++ Amtlicher Hinweis des Normgebers auf EG-Recht:<BR/>     Umsetzung der <BR/>       EURL 2020/1828 (CELEX Nr: 32020L1828) vgl. Bek. v. 1.11.2023 I Nr. 296 <BR/>+++)<BR/><BR/></pre>Das G wurde als Art. 3 G 400-2/10 v. 26.11.2001 I 3138 (SchuldRModG) vom Bundestag beschlossen. Es ist gem. Art. 9 Abs. 1 Satz 3 dieses G am 1.1.2002 in Kraft getreten.</P></Content></fussnoten></textdaten></norm>
<norm builddate="20251211215541" doknr="BJNR317300001BJNG000101377"><metadaten><jurabk>UKlaG</jurabk><gliederungseinheit><gliederungskennzahl>010</gliederungskennzahl><gliederungsbez>Abschnitt 1</gliederungsbez><gliederungstitel>Ansprüche bei Verbraucherrechts- und
anderen Verstößen</gliederungstitel></gliederungseinheit></metadaten><textdaten><text format="XML"><Content><P/></Content></text><fussnoten/></textdaten></norm>
<norm builddate="20251211215541" doknr="BJNR317300001BJNE000101377"><metadaten><jurabk>UKlaG</jurabk><enbez>§ 1</enbez><titel format="parat">Unterlassungs- und Widerrufsanspruch
bei Allgemeinen Geschäftsbedingungen</titel></metadaten><textdaten><text format="XML"><Content><P>Wer in Allgemeinen Geschäftsbedingungen Bestimmungen, die nach den §§ 307 bis 309 des Bürgerlichen Gesetzbuchs unwirksam sind, verwendet oder für den rechtsgeschäftlichen Verkehr empfiehlt, kann auf Unterlassung und im Fall des Empfehlens auch auf Widerruf in Anspruch genommen werden.</P></Content></text><fussnoten/></textdaten></norm>
<norm builddate="20251211215541" doknr="BJNR317300001BJNE002100144"><metadaten><jurabk>UKlaG</jurabk><enbez>§ 1a</enbez><titel format="XML">Unterlassungsanspruch wegen der Beschränkung der Haftung bei Zahlungsverzug</titel></metadaten><textdaten><text format="XML"><Content><P>Wer in anderer Weise als durch Verwendung oder Empfehlung von Allgemeinen Geschäftsbedingungen den Vorschriften des § 271a Absatz 1 bis 3, des § 286 Absatz 5 oder des § 288 Absatz 6 des Bürgerlichen Gesetzbuchs zuwiderhandelt, kann auf Unterlassung in Anspruch genommen werden.</P></Content></text><fussnoten/></textdaten></norm>
<norm builddate="20251211215541" doknr="BJNR317300001BJNE002509129"><metadaten><jurabk>UKlaG</jurabk><enbez>§ 2</enbez><titel format="XML">Ansprüche bei verbraucherschutzgesetzwidrigen Praktiken</titel></metadaten><textdaten><text format="XML"><Content><P>(1) Wer in anderer Weise als durch Verwendung oder Empfehlung von Allgemeinen Geschäftsbedingungen Vorschriften zuwiderhandelt, die dem Schutz der Verbraucher dienen (Verbraucherschutzgesetze), kann im Interesse des Verbraucherschutzes auf Unterlassung und Beseitigung in Anspruch genommen werden. Werden die Zuwiderhandlungen in einem Unternehmen von einem Mitarbeiter oder Beauftragten begangen, so ist der Unterlassungsanspruch oder der Beseitigungsanspruch auch gegen den Inhaber des Unternehmens begründet. Bei Zuwiderhandlungen gegen die in Absatz 2 Nummer 13 genannten Vorschriften richtet sich der Beseitigungsanspruch nach den entsprechenden datenschutzrechtlichen Vorschriften.</P><P>(2) Verbraucherschutzgesetze im Sinne dieser Vorschrift sind insbesondere <DL Font="normal" Type="arabic"><DT>1.</DT><DD Font="normal"><LA Size="normal">die Vorschriften des Bürgerlichen Rechts, die für folgende Verträge zwischen Unternehmern und Verbrauchern gelten: <DL Font="normal" Type="alpha"><DT>a)</DT><DD Font="normal"><LA Size="normal">außerhalb von Geschäftsräumen geschlossene Verträge,</LA></DD><DT>b)</DT><DD Font="normal"><LA Size="normal">Fernabsatzverträge,</LA></DD><DT>c)</DT><DD Font="normal"><LA Size="normal">Verträge im elektronischen Geschäftsverkehr,</LA></DD><DT>d)</DT><DD Font="normal"><LA Size="normal">Verbraucherverträge über digitale Produkte,</LA></DD><DT>e)</DT><DD Font="normal"><LA Size="normal">Kaufverträge,</LA></DD><DT>f)</DT><DD Font="normal"><LA Size="normal">Teilzeit-Wohnrechteverträge, Verträge über langfristige Urlaubsprodukte sowie Vermittlungsverträge und Tauschsystemverträge,</LA></DD><DT>g)</DT><DD Font="normal"><LA Size="normal">Verbraucherdarlehensverträge, Finanzierungshilfen und Ratenlieferungsverträge,</LA></DD><DT>h)</DT><DD Font="normal"><LA Size="normal">Bauverträge,</LA></DD><DT>i)</DT><DD Font="normal"><LA Size="normal">Pauschalreiseverträge, Verträge über die Vermittlung von Reisen und verbundener Reiseleistungen,</LA></DD><DT>j)</DT><DD Font="normal"><LA Size="normal">Darlehensvermittlungsverträge sowie</LA></DD><DT>k)</DT><DD Font="normal"><LA Size="normal">Zahlungsdiensteverträge,</LA></DD></DL></LA></DD><DT>2.</DT><DD Font="normal"><LA Size="normal">die Vorschriften des Fernunterrichtsschutzgesetzes,</LA></DD><DT>3.</DT><DD Font="normal"><LA Size="normal">diejenigen Vorschriften des Digitale-Dienste-Gesetzes, die das Verhältnis zwischen Anbietern von elektronischen Informations- und Kommunikationsdiensten und Verbrauchern regeln, die §§ 8, 9, 70, 74 und 98 des Medienstaatsvertrags vom 14. bis 28. April 2020, die §§ 4, 5, 5a, 5b und 6 des Jugendmedienschutz-Staatsvertrags vom 10. bis 27. September 2002 und die §§ 10 und 11 des Deutsche-Welle-Gesetzes,</LA></DD><DT>4.</DT><DD Font="normal"><LA Size="normal">diejenigen Vorschriften des Telekommunikation-Digitale-Dienste-Datenschutz-Gesetzes, die das Verhältnis zwischen Unternehmern und Verbrauchern regeln,</LA></DD><DT>5.</DT><DD Font="normal"><LA Size="normal">die Vorschriften des Arzneimittelgesetzes, die das Verhältnis zwischen Unternehmern und Verbrauchern regeln,</LA></DD><DT>6.</DT><DD Font="normal"><LA Size="normal">die §§ 3 bis 13 des Heilmittelwerbegesetzes,</LA></DD><DT>7.</DT><DD Font="normal"><LA Size="normal">diejenigen Vorschriften des Kapitalanlagegesetzbuchs, die das Verhältnis zwischen Kapitalverwaltungsgesellschaften und Verbrauchern regeln,</LA></DD><DT>8.</DT><DD Font="normal"><LA Size="normal">diejenigen Vorschriften des Abschnitts 11 des Wertpapierhandelsgesetzes, die das Verhältnis zwischen Wertpapierdienstleistungsunternehmen und Verbrauchern regeln,</LA></DD><DT>9.</DT><DD Font="normal"><LA Size="normal">die Vorschriften des Rechtsdienstleistungsgesetzes,</LA></DD><DT>10.</DT><DD Font="normal"><LA Size="normal">§ 79 Absatz 2 und 3 sowie § 80 des Erneuerbare-Energien-Gesetzes,</LA></DD><DT>11.</DT><DD Font="normal"><LA Size="normal">die Vorschriften des Wohn- und Betreuungsvertragsgesetzes,</LA></DD><DT>12.</DT><DD Font="normal"><LA Size="normal">§ 2 Absatz 2 sowie die §§ 36 und 37 des Verbraucherstreitbeilegungsgesetzes,</LA></DD><DT>13.</DT><DD Font="normal"><LA Size="normal">die Vorschriften der Verordnung (EU) 2016/679 des Europäischen Parlaments und des Rates vom 27. April 2016 zum Schutz natürlicher Personen bei der Verarbeitung personenbezogener Daten, zum freien Datenverkehr und zur Aufhebung der Richtlinie 95/46/EG (Datenschutz-Grundverordnung) (ABl. L 119 vom 4.5.2016, S. 1; L 314 vom 22.11.2016, S. 72; L 127 vom 23.5.2018, S. 2; L 074 vom 4.3.2021, S. 35) in der jeweils geltenden Fassung, die für die Verarbeitung von Daten von Verbrauchern durch Unternehmer gelten,</LA></DD><DT>14.</DT><DD Font="normal"><LA Size="normal">§ 31 des Bundesdatenschutzgesetzes,</LA></DD><DT>15.</DT><DD Font="normal"><LA Size="normal">diejenigen Vorschriften des Zahlungskontengesetzes, die das Verhältnis zwischen Zahlungsdienstleistern und Verbrauchern regeln,</LA></DD><DT>16.</DT><DD Font="normal"><LA Size="normal">diejenigen Vorschriften des Telekommunikationsgesetzes, die das Verhältnis zwischen Anbietern von öffentlich zugänglichen Telekommunikationsleistungen und Verbrauchern regeln,</LA></DD><DT>17.</DT><DD Font="normal"><LA Size="normal">die Vorschriften des Produkthaftungsgesetzes,</LA></DD><DT>18.</DT><DD Font="normal"><LA Size="normal">die Vorschriften der Verordnung (EG) Nr. 2027/97 des Rates vom 9. Oktober 1997 über die Haftung bei der Beförderung von Fluggästen und deren Gepäck im Luftverkehr (ABl. L 285 vom 17.10.1997, S. 1), die zuletzt durch die Verordnung (EG) Nr. 889/2002 (ABl. L 140 vom 30.5.2002, S. 2), geändert worden ist, in der jeweils geltenden Fassung,</LA></DD><DT>19.</DT><DD Font="normal"><LA Size="normal">die Vorschriften der Preisangabenverordnung,</LA></DD><DT>20.</DT><DD Font="normal"><LA Size="normal">die §§ 3 bis 7 des Produktsicherheitsgesetzes, § 7 des Gasgerätedurchführungsgesetzes, § 7 des PSA-Durchführungsgesetzes und die Vorschriften der Verordnung über elektrische Betriebsmittel, der Verordnung über die Sicherheit von Spielzeug, der Verordnung über einfache Druckbehälter, der Maschinenverordnung, der Verordnung über Sportboote und Wassermotorräder, der Explosionsschutzverordnung, der Aufzugsverordnung, der Aerosolpackungsverordnung sowie der Druckgeräteverordnung, soweit diese Pflichten von Unternehmern zum Schutz der Verbraucher regeln,</LA></DD><DT>21.</DT><DD Font="normal"><LA Size="normal">die Vorschriften der Verordnung (EG) Nr. 178/2002 des Europäischen Parlaments und des Rates vom 28. Januar 2002 zur Festlegung der allgemeinen Grundsätze und Anforderungen des Lebensmittelrechts, zur Errichtung der Europäischen Behörde für Lebensmittelsicherheit und zur Festlegung von Verfahren zur Lebensmittelsicherheit (ABl. L 31 vom 1.2.2002, S. 1), die zuletzt durch die Verordnung (EU) 2019/1381 (ABl. L 231 vom 6.9.2019, S. 1) geändert worden ist, in der jeweils geltenden Fassung, soweit sie das Verhältnis zwischen Unternehmern und Verbrauchern regeln,</LA></DD><DT>22.</DT><DD Font="normal"><LA Size="normal">die Vorschriften der Verordnung (EG) Nr. 261/2004 des Europäischen Parlaments und des Rates vom 11. Februar 2004 über die gemeinsame Regelung für Ausgleichs und Unterstützungsleistungen für Fluggäste im Fall der Nichtbeförderung und bei Annullierung oder großer Verspätung von Flügen und zur Aufhebung der Verordnung (EWG) Nr. 295/91 (ABl. L 46 vom 17.2.2004, S. 1; L 119 vom 7.5.2019, S. 202) in der jeweils geltenden Fassung,</LA></DD><DT>23.</DT><DD Font="normal"><LA Size="normal">die Vorschriften der Verordnung (EG) Nr. 1107/2006 des Europäischen Parlaments und des Rates vom 5. Juli 2006 über die Rechte von behinderten Flugreisenden und Flugreisenden mit eingeschränkter Mobilität (ABl. L 204 vom 26.7.2006, S. 1; L 26 vom 26.1.2013, S. 34), in der jeweils geltenden Fassung,</LA></DD><DT>24.</DT><DD Font="normal"><LA Size="normal">die Vorschriften der Verordnung (EU) 2021/782 des Europäischen Parlaments und des Rates vom 29. April 2021 über die Rechte und Pflichten der Fahrgäste im Eisenbahnverkehr (ABl. L 172 vom 17.5.2021, S. 1), in der jeweils geltenden Fassung,</LA></DD><DT>25.</DT><DD Font="normal"><LA Size="normal">Artikel 23 der Verordnung (EG) Nr. 1008/2008 des Europäischen Parlaments und des Rates vom 24. September 2008 über gemeinsame Vorschriften für die Durchführung von Luftverkehrsdiensten in der Gemeinschaft (ABl. L 293 vom 31.10.2008, S. 3), die zuletzt durch die Delegierte Verordnung (EU) 2020/2115 (ABl. L 426 vom 17.12.2020, S. 4) geändert worden ist, in der jeweils geltenden Fassung,</LA></DD><DT>26.</DT><DD Font="normal"><LA Size="normal">die Artikel 1 bis 35 der Verordnung (EG) Nr. 1272/2008 des Europäischen Parlaments und des Rates vom 16. Dezember 2008 über die Einstufung, Kennzeichnung und Verpackung von Stoffen und Gemischen, zur Änderung und Aufhebung der Richtlinien 67/548/EWG und 1999/45/EG und zur Änderung der Verordnung (EG) Nr. 1907/2006 (ABl. L 353 vom 31.12.2008, S. 1; L 16 vom 20.1.2011, S. 1; L 94 vom 10.4.2015, S. 9; L 349 vom 21.12.2016, S. 1; L 190 vom 27.7.2018, S. 20; L 55 vom 25.2.2019, S. 18; L 117 vom 3.5.2019, S. 8), die zuletzt durch die Delegierte Verordnung (EU) 2021/1962 (ABl. L 400 vom 12.11.2021, S. 16) geändert worden ist, in der jeweils geltenden Fassung,</LA></DD><DT>27.</DT><DD Font="normal"><LA Size="normal">die §§ 20a, 36, 40 bis 41, 41b, 42, 53a und 111a des Energiewirtschaftsgesetzes,</LA></DD><DT>28.</DT><DD Font="normal"><LA Size="normal">die Vorschriften des Zahlungsdiensteaufsichtsgesetzes, die das Verhältnis zwischen E-Geldinstituten und Verbrauchern regeln,</LA></DD><DT>29.</DT><DD Font="normal"><LA Size="normal">die §§ 4 und 5 des Energieverbrauchsrelevante-Produkte-Gesetzes,</LA></DD><DT>30.</DT><DD Font="normal"><LA Size="normal">die §§ 1a, 6a, 7 bis 9, 59 Absatz 1 Satz 2 und 3 und Absatz 4 Satz 2, die §§ 152, 154 und 155, auch in Verbindung mit den §§ 176 und 177 Absatz 1 des Versicherungsvertragsgesetzes,</LA></DD><DT>31.</DT><DD Font="normal"><LA Size="normal">die VVG-Informationspflichtenverordnung,</LA></DD><DT>32.</DT><DD Font="normal"><LA Size="normal">die Vorschriften der Verordnung (EG) Nr. 392/2009 des Europäischen Parlaments und des Rates vom 23. April 2009 über die Unfallhaftung von Beförderern von Reisenden auf See (ABl. L 131 vom 28.5.2009, S. 24), die zuletzt durch die Verordnung (EU) 2019/1243 (ABl. L 198 vom 25.7.2019, S. 241) geändert worden ist, in der jeweils geltenden Fassung,</LA></DD><DT>33.</DT><DD Font="normal"><LA Size="normal">die Vorschriften der Verordnung (EU) 2021/1230 des Europäischen Parlaments und des Rates vom 14. Juli 2021 über grenzüberschreitende Zahlungen in der Union (ABl. L 274 vom 30.7.2021, S. 20), in der jeweils geltenden Fassung,</LA></DD><DT>34.</DT><DD Font="normal"><LA Size="normal">die Artikel 4 bis 7 der Verordnung (EU) 2020/740 des Europäischen Parlaments und des Rates vom 25. Mai 2020 über die Kennzeichnung von Reifen in Bezug auf die Kraftstoffeffizienz und andere Parameter, zur Änderung der Verordnung (EU) 2017/1369 und zur Aufhebung der Verordnung (EG) Nr. 1222/2009 (ABl. L 177 vom 5.6.2020, S. 1; L 241 vom 27.7.2020, S. 46; L 147 vom 30.4.2021, S. 23; L 382 vom 28.10.2021, S. 52), in der jeweils geltenden Fassung,</LA></DD><DT>35.</DT><DD Font="normal"><LA Size="normal">die Artikel 3 bis 8 und die Artikel 19 bis 21 der Verordnung (EG) Nr. 1223/2009 des Europäischen Parlaments und des Rates vom 30. November 2009 über kosmetische Mittel (ABl. L 342 vom 22.12.2009, S. 59; L 318 vom 15.11.2012, S. 74; L 72 vom 15.3.2013, S. 16), die zuletzt durch die Verordnung (EU) 2022/135 (ABl. L 22 vom 1.2.2022, S. 2) geändert worden ist, in der jeweils geltenden Fassung,</LA></DD><DT>36.</DT><DD Font="normal"><LA Size="normal">die Artikel 9 und 10 der Verordnung (EG) Nr. 66/2010 des Europäischen Parlaments und des Rates vom 25. November 2009 über das EU-Umweltzeichen (ABl. L 27 vom 30.1.2010, S. 1), die zuletzt durch die Verordnung (EU) 2017/1941 (ABl. L 275 vom 25.10.2017, S. 9) geändert worden ist, in der jeweils geltenden Fassung,</LA></DD><DT>37.</DT><DD Font="normal"><LA Size="normal">die Vorschriften der Verordnung (EU) Nr. 1177/2010 des Europäischen Parlaments und des Rates vom 24. November 2010 über die Fahrgastrechte im See- und Binnenschiffsverkehr und zur Änderung der Verordnung (EG) Nr. 2006/2004 (ABl. L 334 vom 17.12.2010, S. 1), in der jeweils geltenden Fassung,</LA></DD><DT>38.</DT><DD Font="normal"><LA Size="normal">die Vorschriften der Verordnung (EU) Nr. 181/2011 des Europäischen Parlaments und des Rates vom 16. Februar 2011 über die Fahrgastrechte im Kraftomnibusverkehr und zur Änderung der Verordnung (EG) Nr. 2006/2004 (ABl. L 55 vom 28.2.2011, S. 1), in der jeweils geltenden Fassung,</LA></DD><DT>39.</DT><DD Font="normal"><LA Size="normal">die Vorschriften der Verordnung (EU) Nr. 1169/2011 des Europäischen Parlaments und des Rates vom 25. Oktober 2011 betreffend die Information der Verbraucher über Lebensmittel und zur Änderung der Verordnungen (EG) Nr. 1924/2006 und (EG) Nr. 1925/2006 des Europäischen Parlaments und des Rates und zur Aufhebung der Richtlinie 87/250/EWG der Kommission, der Richtlinie 90/496/EWG des Rates, der Richtlinie 1999/10/EG der Kommission, der Richtlinie 2000/13/EG des Europäischen Parlaments und des Rates, der Richtlinien 2002/67/EG und 2008/5/EG der Kommission und der Verordnung (EG) Nr. 608/2004 der Kommission (ABl. L 304 vom 22.11.2011, S. 18; L 331 vom 18.11.2014, S. 41; L 50 vom 21.2.2015, S. 48; L 266 vom 30.9.2016, S. 7), die zuletzt durch die Verordnung (EU) 2015/2283 (ABl. L 327 vom 11.12.2015, S. 1) geändert worden ist, in der jeweils geltenden Fassung,</LA></DD><DT>40.</DT><DD Font="normal"><LA Size="normal">die §§ 4 bis 11 der Verordnung über Heizkostenabrechnung, die §§ 3 bis 5 der Fernwärme- oder Fernkälte-Verbrauchserfassungs- und -Abrechnungsverordnung und die §§ 29 bis 32 des Messstellenbetriebsgesetzes,</LA></DD><DT>41.</DT><DD Font="normal"><LA Size="normal">die §§ 11 bis 18 der Gasgrundversorgungsverordnung,</LA></DD><DT>42.</DT><DD Font="normal"><LA Size="normal">die §§ 11 bis 18 der Stromgrundversorgungsverordnung,</LA></DD><DT>43.</DT><DD Font="normal"><LA Size="normal">die Vorschriften der Verordnung (EU) Nr. 260/2012 des Europäischen Parlaments und des Rates vom 14. März 2012 zur Festlegung der technischen Vorschriften und der Geschäftsanforderungen für Überweisungen und Lastschriften in Euro und zur Änderung der Verordnung (EG) Nr. 924/2009 (ABl. L 94 vom 30.3.2012, S. 22), die durch die Verordnung (EU) Nr. 248/2014 (ABl. L 84 vom 20.3.2014, S. 1) geändert worden ist, in der jeweils geltenden Fassung,</LA></DD><DT>44.</DT><DD Font="normal"><LA Size="normal">die Vorschriften der Verordnung (EU) Nr. 531/2012 des Europäischen Parlaments und des Rates vom 13. Juni 2012 über das Roaming in öffentlichen Mobilfunknetzen in der Union (ABl. L 172 vom 30.6.2012, S. 10), in der jeweils geltenden Fassung,</LA></DD><DT>45.</DT><DD Font="normal"><LA Size="normal">die Vorschriften des Mess- und Eichgesetzes sowie der Mess- und Eichverordnung, soweit sie das Verhältnis zwischen Unternehmern und Verbrauchern regeln,</LA></DD><DT>46.</DT><DD Font="normal"><LA Size="normal">die Vorschriften der Verordnung (EU) Nr. 1286/2014 des Europäischen Parlaments und des Rates vom 26. November 2014 über Basisinformationsblätter für verpackte Anlageprodukte für Kleinanleger und Versicherungsanlageprodukte (PRIIP) (ABl. L 352 vom 9.12.2014, S. 1; L 358 vom 13.12.2014, S. 50), die zuletzt durch die Verordnung (EU) 2021/2259 (ABl. L 455 vom 20.12.2021, S. 1) geändert worden ist, in der jeweils geltenden Fassung,</LA></DD><DT>47.</DT><DD Font="normal"><LA Size="normal">die Vorschriften der Verordnung (EU) 2015/760 des Europäischen Parlaments und des Rates vom 29. April 2015 über europäische langfristige Investmentfonds (ABl. L 123 vom 19.5.2015, S. 98), die durch die Delegierte Verordnung (EU) 2018/480 (ABl. L 81 vom 23.3.2018, S. 1) geändert worden ist, in der jeweils geltenden Fassung,</LA></DD><DT>48.</DT><DD Font="normal"><LA Size="normal">die Vorschriften der Verordnung (EU) 2015/2120 des Europäischen Parlaments und des Rates vom 25. November 2015 über Maßnahmen zum Zugang zum offenen Internet und zur Änderung der Richtlinie 2002/22/EG über den Universaldienst und Nutzerrechte bei elektronischen Kommunikationsnetzen und -diensten sowie der Verordnung (EU) Nr. 531/2012 über das Roaming in öffentlichen Mobilfunknetzen in der Union (ABl. L 310 vom 26.11.2015, S. 1), die zuletzt durch die Verordnung (EU) 2018/1971 (ABl. L 321 vom 17.12.2018, S. 1) geändert worden ist, in der jeweils geltenden Fassung,</LA></DD><DT>49.</DT><DD Font="normal"><LA Size="normal">die Vorschriften des Kapitels II der Verordnung (EU) 2017/745 des Europäischen Parlaments und des Rates vom 5. April 2017 über Medizinprodukte, zur Änderung der Richtlinie 2001/83/EG, der Verordnung (EG) Nr. 178/2002 und der Verordnung (EG) Nr. 1223/2009 und zur Aufhebung der Richtlinien 90/385/EWG und 93/42/EWG des Rates (ABl. L 117 vom 5.5.2017, S. 1; L 117 vom 3.5.2019, S. 9; L 334 vom 27.12.2019, S. 165; L 241 vom 8.7.2021, S. 7), die zuletzt durch die Verordnung (EU) 2020/561 (ABl. L 130 vom 24.4.2020, S. 18) geändert worden ist, in der jeweils geltenden Fassung,</LA></DD><DT>50.</DT><DD Font="normal"><LA Size="normal">die Vorschriften des Kapitels II der Verordnung (EU) 2017/746 des Europäischen Parlaments und des Rates vom 5. April 2017 über In-vitro-Diagnostika und zur Aufhebung der Richtlinie 98/79/EG und des Beschlusses 2010/227/EU der Kommission (ABl. L 117 vom 5.5.2017, S. 176; L 117 vom 3.5.2019, S. 11; L 334 vom 27.12.2019, S. 167; L 233 vom 1.7.2021, S. 9), die zuletzt durch die Verordnung (EU) 2022/112 (ABl. L 19 vom 28.1.2022, S. 3) geändert worden ist, in der jeweils geltenden Fassung,</LA></DD><DT>51.</DT><DD Font="normal"><LA Size="normal">die Vorschriften der Verordnung (EU) 2017/1128 des Europäischen Parlaments und des Rates vom 14. Juni 2017 zur grenzüberschreitenden Portabilität von Online-Inhaltediensten im Binnenmarkt (ABl. L 168 vom 30.6.2017, S. 1; L 198 vom 28.7.2017, S. 42), in der jeweils geltenden Fassung,</LA></DD><DT>52.</DT><DD Font="normal"><LA Size="normal">die Vorschriften der Verordnung (EU) 2017/1129 des Europäischen Parlaments und des Rates vom 14. Juni 2017 über den Prospekt, der beim öffentlichen Angebot von Wertpapieren oder bei deren Zulassung zum Handel an einem geregelten Markt zu veröffentlichen ist, und zur Aufhebung der Richtlinie 2003/71/EG (ABl. L 168 vom 30.6.2017, S. 12), die zuletzt durch die Delegierte Verordnung (EU) 2021/528 (ABl. L 106 vom 26.3.2021, S. 32) geändert worden ist, in der jeweils geltenden Fassung,</LA></DD><DT>53.</DT><DD Font="normal"><LA Size="normal">die Vorschriften der Verordnung (EU) 2017/1131 des Europäischen Parlaments und des Rates vom 14. Juni 2017 über Geldmarktfonds (ABl. L 169 vom 30.6.2017, S. 8), die zuletzt durch die Delegierte Verordnung (EU) 2018/990 (ABl. L 177 vom 13.7.2018, S. 1) geändert worden ist, in der jeweils geltenden Fassung,</LA></DD><DT>54.</DT><DD Font="normal"><LA Size="normal">die Artikel 3 bis 6 der Verordnung (EU) 2017/1369 des Europäischen Parlaments und des Rates vom 4. Juli 2017 zur Festlegung eines Rahmens für die Energieverbrauchskennzeichnung und zur Aufhebung der Richtlinie 2010/30/EU (ABl. L 198 vom 28.7.2017, S. 1), die zuletzt durch die Verordnung (EU) 2020/740 (ABl. L 177 vom 5.6.2020, S. 1) geändert worden ist, in der jeweils geltenden Fassung,</LA></DD><DT>55.</DT><DD Font="normal"><LA Size="normal">die Artikel 3 bis 5 der Verordnung (EU) 2018/302 des Europäischen Parlaments und des Rates vom 28. Februar 2018 über Maßnahmen gegen ungerechtfertigtes Geoblocking und andere Formen der Diskriminierung aufgrund der Staatsangehörigkeit, des Wohnsitzes oder des Ortes der Niederlassung des Kunden innerhalb des Binnenmarkts und zur Änderung der Verordnungen (EG) Nr. 2006/2004 und (EU) 2017/2394 sowie der Richtlinie 2009/22/EG (ABl. L 60 I vom 2.3.2018, S. 1; L 66 vom 8.3.2018, S. 1), in der jeweils geltenden Fassung,</LA></DD><DT>56.</DT><DD Font="normal"><LA Size="normal">die Vorschriften der Verordnung (EU) 2022/1925 des Europäischen Parlaments und des Rates vom 14. September 2022 über bestreitbare und faire Märkte im digitalen Sektor und zur Änderung der Richtlinien (EU) 2019/1937 und (EU) 2020/1828 (Gesetz über digitale Märkte) (ABl. L 265 vom 12.10.2022, S. 1), in der jeweils geltenden Fassung und</LA></DD><DT>57.</DT><DD Font="normal"><LA Size="normal">die Vorschriften der Verordnung (EU) 2022/2065 des Europäischen Parlaments und des Rates vom 19. Oktober 2022 über einen Binnenmarkt für digitale Dienste und zur Änderung der Richtlinie 2000/31/EG (Gesetz über digitale Dienste) (ABl. L 277 vom 27.10.2022, S. 1), in der jeweils geltenden Fassung.</LA></DD></DL></P><P>(3) (weggefallen)</P></Content></text><fussnoten/></textdaten></norm>
<norm builddate="20251211215541" doknr="BJNR317300001BJNE003000360"><metadaten><jurabk>UKlaG</jurabk><enbez>§ 2a</enbez><titel format="XML">Unterlassungsanspruch bei Verstößen innerhalb der Europäischen Union</titel></metadaten><textdaten><text format="XML"><Content><P>Wer einen Verstoß im Sinne des Artikels 3 Nummer 5 der Verordnung (EU) 2017/2394 des Europäischen Parlaments und des Rates vom 12. Dezember 2017 über die Zusammenarbeit zwischen den für die Durchsetzung der Verbraucherschutzgesetze zuständigen nationalen Behörden und zur Aufhebung der Verordnung (EG) Nr. 2006/2004 (ABl. L 345 vom 27.12.2017, S. 1), die zuletzt durch die Richtlinie (EU) 2019/771 (ABl. L 136 vom 22.5.2019, S. 28) geändert worden ist, in der jeweils geltenden Fassung, begeht, kann auf Unterlassung in Anspruch genommen werden.</P></Content></text><fussnoten/></textdaten></norm>
<norm builddate="20251211215541" doknr="BJNR317300001BJNE001803360"><metadaten><jurabk>UKlaG</jurabk><enbez>§ 2b</enbez><titel format="XML">Unterlassungsanspruch nach dem Urheberrechtsgesetz</titel></metadaten><textdaten><text format="XML"><Content><P>Wer gegen § 95b Absatz 1 Satz 1 des Urheberrechtsgesetzes verstößt, kann auf Unterlassung in Anspruch genommen werden.</P></Content></text><fussnoten/></textdaten></norm>
<norm builddate="20251211215541" doknr="BJNR317300001BJNE002203360"><metadaten><jurabk>UKlaG</jurabk><enbez>§ 2c</enbez><titel format="XML">Missbräuchliche Geltendmachung von Ansprüchen</titel></metadaten><textdaten><text format="XML"><Content><P>Die Geltendmachung eines Anspruchs nach den §§ 1 bis 2b ist unzulässig, wenn sie unter Berücksichtigung der gesamten Umstände missbräuchlich ist, insbesondere wenn sie vorwiegend dazu dient, gegen den Anspruchsgegner einen Anspruch auf Ersatz von Aufwendungen oder Kosten der Rechtsverfolgung entstehen zu lassen. Eine missbräuchliche Geltendmachung ist im Zweifel anzunehmen, wenn <DL Font="normal" Type="arabic"><DT>1.</DT><DD Font="normal"><LA Size="normal">die Vereinbarung einer offensichtlich überhöhten Vertragsstrafe verlangt wird,</LA></DD><DT>2.</DT><DD Font="normal"><LA Size="normal">die vorgeschlagene Unterlassungsverpflichtung offensichtlich über die abgemahnte Rechtsverletzung hinausgeht,</LA></DD><DT>3.</DT><DD Font="normal"><LA Size="normal">mehrere Zuwiderhandlungen, die zusammen hätten abgemahnt werden können, einzeln abgemahnt werden oder</LA></DD><DT>4.</DT><DD Font="normal"><LA Size="normal">wegen einer Zuwiderhandlung, für die mehrere Zuwiderhandelnde verantwortlich sind, die Ansprüche gegen die Zuwiderhandelnden ohne sachlichen Grund nicht zusammen geltend gemacht werden.</LA></DD></DL>In diesen Fällen kann der Anspruchsgegner Ersatz der für seine Rechtsverteidigung erforderlichen Aufwendungen verlangen. Weitergehende Ersatzansprüche bleiben unberührt.</P></Content></text><fussnoten/></textdaten></norm>
<norm builddate="20251211215541" doknr="BJNR317300001BJNG001100360"><metadaten><jurabk>UKlaG</jurabk><gliederungseinheit><gliederungskennzahl>020</gliederungskennzahl><gliederungsbez>Abschnitt 2</gliederungsbez><gliederungstitel>Anspruchsberechtigte Stellen</gliederungstitel></gliederungseinheit></metadaten><textdaten><text format="XML"><Content><P/></Content></text><fussnoten/></textdaten></norm>
<norm builddate="20251211215541" doknr="BJNR317300001BJNE000308360"><metadaten><jurabk>UKlaG</jurabk><enbez>§ 3</enbez><titel format="XML">Anspruchsberechtigte Stellen</titel></metadaten><textdaten><text format="XML"><Content><P>(1) Die in den §§ 1 bis 2a bezeichneten Ansprüche auf Unterlassung, auf Widerruf und auf Beseitigung stehen zu: <DL Font="normal" Type="arabic"><DT>1.</DT><DD Font="normal"><LA Size="normal">den qualifizierten Verbraucherverbänden, die in der Liste nach § 4 eingetragen sind, und den qualifizierten Einrichtungen aus anderen Mitgliedstaaten der Europäischen Union, die in dem Verzeichnis der Europäischen Kommission nach Artikel 5 Absatz 1 Satz 4 der Richtlinie (EU) 2020/1828 des Europäischen Parlaments und des Rates vom 25. November 2020 über Verbandsklagen zum Schutz der Kollektivinteressen der Verbraucher und zur Aufhebung der Richtlinie 2009/22/EG (ABl. L 409 vom 4.12.2020, S. 1) eingetragen sind,</LA></DD><DT>2.</DT><DD Font="normal"><LA Size="normal">den qualifizierten Wirtschaftsverbänden, die in die Liste nach § 8b des Gesetzes gegen den unlauteren Wettbewerb eingetragen sind, soweit ihnen eine erhebliche Zahl von Unternehmern angehört, die Waren und Dienstleistungen gleicher oder verwandter Art auf demselben Markt vertreiben, und die Zuwiderhandlung die Interessen ihrer Mitglieder berührt,</LA></DD><DT>3.</DT><DD Font="normal"><LA Size="normal">den Industrie- und Handelskammern, den nach der Handwerksordnung errichteten Organisationen und anderen berufsständischen Körperschaften des öffentlichen Rechts sowie den Gewerkschaften im Rahmen der Erfüllung ihrer Aufgaben bei der Vertretung selbstständiger beruflicher Interessen.</LA></DD></DL>Für Ansprüche nach § 2a wird unwiderleglich vermutet, dass ein nach § 7 Absatz 3 des EU-Verbraucherschutzdurchführungsgesetzes benannter qualifizierter Wirtschaftsverband die Voraussetzungen des Absatzes 1 Satz 1 Nummer 2 erfüllt. Stellen nach Satz 1 Nummer 1 und 2 können die Ansprüche nicht geltend machen, solange ihre Eintragung ruht.</P><P>(2) Qualifizierte Verbraucherverbände und qualifizierte Wirtschaftsverbände nach Absatz 1 Satz 1 Nummer 1 und 2 können die Ansprüche nach den §§ 1 bis 2a nicht geltend machen, solange ihre Eintragung ruht. Die Ansprüche nach den §§ 1 bis 2a können nur an Stellen im Sinne des Absatzes 1 Satz 1 abgetreten werden.</P><P>(3) Die in Absatz 1 Satz 1 Nummer 1 bezeichneten Stellen können die folgenden Ansprüche nicht geltend machen: <DL Font="normal" Type="arabic"><DT>1.</DT><DD Font="normal"><LA Size="normal">Ansprüche nach § 1, wenn Allgemeine Geschäftsbedingungen gegenüber einem Unternehmer (§ 14 des Bürgerlichen Gesetzbuchs) oder einem öffentlichen Auftraggeber (§ 99 Nummer 1 bis 3 des Gesetzes gegen Wettbewerbsbeschränkungen) verwendet oder wenn Allgemeine Geschäftsbedingungen zur ausschließlichen Verwendung zwischen Unternehmern oder zwischen Unternehmern und öffentlichen Auftraggebern empfohlen werden,</LA></DD><DT>2.</DT><DD Font="normal"><LA Size="normal">Ansprüche nach § 1a, es sei denn, eine Zuwiderhandlung gegen § 288 Absatz 6 des Bürgerlichen Gesetzbuchs betrifft einen Anspruch eines Verbrauchers.</LA></DD></DL></P></Content></text><fussnoten/></textdaten></norm>
<norm builddate="20251211215541" doknr="BJNR317300001BJNE001902360"><metadaten><jurabk>UKlaG</jurabk><enbez>§ 3a</enbez><titel format="XML">Anspruchsberechtigte Verbände nach § 2b</titel></metadaten><textdaten><text format="XML"><Content><P>Der in § 2b bezeichnete Anspruch auf Unterlassung steht rechtsfähigen Verbänden zur nicht gewerbsmäßigen und nicht nur vorübergehenden Förderung der Interessen derjenigen zu, die durch § 95b Abs. 1 Satz 1 des Urheberrechtsgesetzes begünstigt werden. Der Anspruch kann nur an Verbände im Sinne des Satzes 1 abgetreten werden.</P></Content></text><fussnoten/></textdaten></norm>
<norm builddate="20251211215541" doknr="BJNR317300001BJNE000405360"><metadaten><jurabk>UKlaG</jurabk><enbez>§ 4</enbez><titel format="XML">Liste der qualifizierten Verbraucherverbände</titel></metadaten><textdaten><text format="XML"><Content><P>(1) Das Bundesamt für Justiz führt eine Liste der qualifizierten Verbraucherverbände und veröffentlicht sie in der jeweils aktuellen Fassung auf seiner Internetseite.</P><P>(2) Ein eingetragener Verein, zu dessen satzungsmäßigen Aufgaben es gehört, Interessen der Verbraucher durch nicht gewerbsmäßige Aufklärung und Beratung wahrzunehmen, wird auf seinen Antrag in die Liste eingetragen, wenn <DL Font="normal" Type="arabic"><DT>1.</DT><DD Font="normal"><LA Size="normal">er mindestens drei Verbände, die im gleichen Aufgabenbereich tätig sind, oder mindestens 75 natürliche Personen als Mitglieder hat,</LA></DD><DT>2.</DT><DD Font="normal"><LA Size="normal">er zum Zeitpunkt der Antragstellung seit mindestens einem Jahr im Vereinsregister eingetragen ist und ein Jahr seine satzungsmäßigen Aufgaben wahrgenommen hat,</LA></DD><DT>3.</DT><DD Font="normal"><LA Size="normal">auf Grund seiner bisherigen Tätigkeit sowie seiner personellen, sachlichen und finanziellen Ausstattung gesichert erscheint, dass er <DL Font="normal" Type="alpha"><DT>a)</DT><DD Font="normal"><LA Size="normal">seine satzungsgemäßen Aufgaben auch künftig dauerhaft wirksam und sachgerecht erfüllen wird und</LA></DD><DT>b)</DT><DD Font="normal"><LA Size="normal">seine Ansprüche nicht vorwiegend geltend machen wird, um für sich Einnahmen aus Abmahnungen oder Vertragsstrafen zu erzielen,</LA></DD></DL></LA></DD><DT>4.</DT><DD Font="normal"><LA Size="normal">den Mitgliedern keine Zuwendungen aus dem Vereinsvermögen gewährt werden und Personen, die für den Verein tätig sind, nicht durch unangemessen hohe Vergütungen oder andere Zuwendungen begünstigt werden.</LA></DD></DL>Es wird unwiderleglich vermutet, dass Verbraucherzentralen sowie andere Verbraucherverbände, wenn sie überwiegend mit öffentlichen Mitteln gefördert werden, diese Voraussetzungen erfüllen.</P><P>(3) Die Entscheidung über den Eintragungsantrag ist dem Antragsteller zuzustellen. Auf der Grundlage einer wirksamen dem Antrag stattgebenden Entscheidung ist der Verein unter Angabe des Namens, der Anschrift, des zuständigen Registergerichts, der Registernummer und des satzungsmäßigen Zwecks in die Liste einzutragen.</P><P>(4) Auf Antrag erteilt das Bundesamt für Justiz einem qualifizierten Verbraucherverband, der in der Liste eingetragen ist, eine Bescheinigung über ihre Eintragung.</P></Content></text><fussnoten/></textdaten></norm>
<norm builddate="20251211215541" doknr="BJNR317300001BJNE002601360"><metadaten><jurabk>UKlaG</jurabk><enbez>§ 4a</enbez><titel format="XML">Überprüfung der Eintragung in der Liste nach § 4</titel></metadaten><textdaten><text format="XML"><Content><P>(1) Das Bundesamt für Justiz überprüft von Amts wegen, ob ein qualifizierter Verbraucherverband, der in der Liste nach § 4 eingetragen ist, die Eintragungsvoraussetzungen nach § 4 Absatz 2 Satz 1 erfüllt, <DL Font="normal" Type="arabic"><DT>1.</DT><DD Font="normal"><LA Size="normal">nach Ablauf von zwei Jahren nach seiner Ersteintragung und danach jeweils nach Ablauf von fünf Jahren nach Abschluss der letzten Überprüfung oder</LA></DD><DT>2.</DT><DD Font="normal"><LA Size="normal">unabhängig von den Fristen nach Nummer 1, wenn begründete Zweifel am Vorliegen der Eintragungsvoraussetzungen bestehen.</LA></DD></DL></P><P>(2) Ergeben sich in einem Rechtstreit begründete Zweifel daran, ob ein qualifizierter Verbraucherverband, der in der Liste nach § 4 eingetragen ist, die Eintragungsvoraussetzungen nach § 4 Absatz 2 Satz 1 erfüllt, kann das Gericht das Bundesamt für Justiz zur Überprüfung der Eintragung auffordern und die Verhandlung bis zum Abschluss der Überprüfung aussetzen.</P><P>(3) Das Bundesamt für Justiz kann die qualifizierten Verbraucherverbände und deren Vorstandsmitglieder zur Befolgung der Pflichten im Verfahren zur Überprüfung der Eintragung durch die Festsetzung eines Zwangsgelds anhalten.</P></Content></text><fussnoten/></textdaten></norm>
<norm builddate="20251211215541" doknr="BJNR317300001BJNE002701360"><metadaten><jurabk>UKlaG</jurabk><enbez>§ 4b</enbez><titel format="XML">Berichtspflichten und Mitteilungspflichten der qualifizierten Verbraucherverbände</titel></metadaten><textdaten><text format="XML"><Content><P>(1) Die qualifizierten Verbraucherverbände, die in der Liste nach § 4 eingetragen sind, sind verpflichtet, dem Bundesamt für Justiz bis zum 30. Juni eines jeden Kalenderjahres für das vergangene Kalenderjahr zu berichten über <DL Font="normal" Type="arabic"><DT>1.</DT><DD Font="normal"><LA Size="normal">die Anzahl der von ihnen ausgesprochenen Abmahnungen zur Durchsetzung ihrer Ansprüche unter Angabe der den Abmahnungen zugrunde liegenden Zuwiderhandlungen,</LA></DD><DT>2.</DT><DD Font="normal"><LA Size="normal">die Anzahl der aufgrund von Abmahnungen vereinbarten strafbewehrten Unterlassungsverpflichtungen und die Höhe der vereinbarten Vertragstrafen,</LA></DD><DT>3.</DT><DD Font="normal"><LA Size="normal">die Gesamthöhe der entstandenen Ansprüche auf Aufwendungsersatz für Abmahnungen und die Gesamthöhe der Ansprüche auf verwirkte Vertragsstrafen sowie</LA></DD><DT>4.</DT><DD Font="normal"><LA Size="normal">die Anzahl ihrer Mitglieder zum 31. Dezember und deren Bezeichnung.</LA></DD></DL>Satz 1 Nummer 4 ist nicht anzuwenden auf qualifizierte Verbraucherverbände, für die die Vermutung nach § 4 Absatz 2 Satz 2 gilt.</P><P>(2) Das Bundesamt für Justiz kann die qualifizierten Verbraucherverbände und deren Vorstandsmitglieder zur Befolgung der Pflichten nach Absatz 1 durch die Festsetzung eines Zwangsgelds anhalten.</P><P>(3) Gerichte haben dem Bundesamt für Justiz Entscheidungen mitzuteilen, in denen festgestellt wird, dass ein qualifizierter Verbraucherverband, der in der Liste nach § 4 eingetragen ist, einen Anspruch missbräuchlich geltend gemacht hat.</P></Content></text><fussnoten/></textdaten></norm>
<norm builddate="20251211215541" doknr="BJNR317300001BJNE002801360"><metadaten><jurabk>UKlaG</jurabk><enbez>§ 4c</enbez><titel format="XML">Aufhebung der Eintragung in der Liste nach § 4</titel></metadaten><textdaten><text format="XML"><Content><P>(1) Die Eintragung eines qualifizierten Verbraucherverbands in der Liste nach § 4 ist mit Wirkung für die Zukunft aufzuheben, wenn <DL Font="normal" Type="arabic"><DT>1.</DT><DD Font="normal"><LA Size="normal">der qualifizierte Verbraucherverband dies beantragt oder</LA></DD><DT>2.</DT><DD Font="normal"><LA Size="normal">bei dem qualifizierten Verbraucherverband die Voraussetzungen für die Eintragung in der Liste nach § 4 Absatz 2 Satz 1 nicht vorlagen oder weggefallen sind.</LA></DD></DL></P><P>(2) Ist auf Grund tatsächlicher Anhaltspunkte damit zu rechnen, dass die Eintragung nach Absatz 1 Nummer 2 zurückzunehmen oder zu widerrufen ist, so soll das Bundesamt für Justiz das Ruhen der Eintragung für einen bestimmten Zeitraum anordnen. Das Ruhen darf für längstens drei Monate angeordnet werden. Ruht die Eintragung, ist dies in der Liste nach § 4 zu vermerken.</P><P>(3) Widerspruch und Anfechtungsklage gegen Entscheidungen nach Absatz 1 oder Absatz 2 haben keine aufschiebende Wirkung.</P><P>(4) Auf Antrag bescheinigt das Bundesamt für Justiz einem Dritten, der ein rechtliches Interesse daran hat, dass die Eintragung eines qualifizierten Verbraucherverbandes in der Liste nach § 4 ruht oder aufgehoben worden ist.</P></Content></text><fussnoten/></textdaten></norm>
<norm builddate="20251211215541" doknr="BJNR317300001BJNE002901360"><metadaten><jurabk>UKlaG</jurabk><enbez>§ 4d</enbez><titel format="XML">Liste der qualifizierten Einrichtungen für grenzüberschreitende Verbandsklagen</titel></metadaten><textdaten><text format="XML"><Content><P>(1) Das Bundesamt für Justiz führt eine Liste der qualifizierten Einrichtungen, die grenzüberschreitende Verbandsklagen nach Artikel 3 Nummer 7 der Richtlinie (EU) 2020/1828 erheben können. Es veröffentlicht die Liste in ihrer jeweils aktuellen Fassung auf seiner Internetseite. Es teilt der Europäischen Kommission zum 1. Dezember 2023 die bestehenden qualifizierten Einrichtungen unter Angabe des Namens oder der Firma und des satzungsmäßigen Zwecks mit und unterrichtet sie unverzüglich, wenn <DL Type="arabic"><DT>1.</DT><DD Font="normal"><LA>eine qualifizierte Einrichtung in die Liste neu eingetragen wurde,</LA></DD><DT>2.</DT><DD Font="normal"><LA>die Eintragung einer qualifizierten Einrichtung in der Liste aufgehoben wurde,</LA></DD><DT>3.</DT><DD Font="normal"><LA>der Name oder der Satzungszweck einer qualifizierten Einrichtung geändert wurde.</LA></DD></DL></P><P>(2) Eine nach inländischem Recht gegründete juristische Person des Privatrechts wird auf ihren Antrag in die Liste der qualifizierten Einrichtungen eingetragen, wenn <DL Type="arabic"><DT>1.</DT><DD Font="normal"><LA>ihr Satzungszweck auf den Schutz von Verbraucherinteressen, die in den Anwendungsbereich der Richtlinie (EU) 2020/1828 fallen, und nicht auf einen Erwerbszweck gerichtet ist,</LA></DD><DT>2.</DT><DD Font="normal"><LA>sie vor der Antragstellung mindestens ein Jahr zum Schutz von Verbraucherinteressen öffentlich tätig war,</LA></DD><DT>3.</DT><DD Font="normal"><LA>sie nicht aufgelöst werden muss oder aufgelöst wurde, insbesondere durch die Eröffnung eines Insolvenzverfahrens oder durch die Rechtskraft des Beschlusses, durch den die Eröffnung des Insolvenzverfahrens abgelehnt wurde,</LA></DD><DT>4.</DT><DD Font="normal"><LA>sie durch interne Verfahren sicherstellt, dass <DL Type="alpha"><DT>a)</DT><DD Font="normal"><LA>sie nicht unter dem Einfluss von anderen Personen als Verbrauchern steht, insbesondere nicht unter dem Einfluss von Unternehmern, die ein wirtschaftliches Interesse an Verbandsklagen nach der Richtlinie (EU) 2020/1828 haben, und</LA></DD><DT>b)</DT><DD Font="normal"><LA>Konflikte zwischen den Interessen Dritter, die Verbandsklagen nach der Richtlinie (EU) 2020/1828 aus wirtschaftlichem Interesse finanzieren, und den mit den finanzierten Klagen verfolgten Verbraucherinteressen vermieden werden und</LA></DD></DL></LA></DD><DT>5.</DT><DD Font="normal"><LA>sie auf ihrer Internetseite klare und verständliche Angaben veröffentlicht zu <DL Type="alpha"><DT>a)</DT><DD Font="normal"><LA>ihrer Rechtsform,</LA></DD><DT>b)</DT><DD Font="normal"><LA>ihrem Satzungszweck,</LA></DD><DT>c)</DT><DD Font="normal"><LA>ihrer Mitglieder- und Organisationsstruktur, insbesondere zu ihren Geschäftsführungsorganen,</LA></DD><DT>d)</DT><DD Font="normal"><LA>ihren Tätigkeiten,</LA></DD><DT>e)</DT><DD Font="normal"><LA>den internen Verfahren nach Nummer 4 sowie</LA></DD><DT>f)</DT><DD Font="normal"><LA>ihrer Finanzierung im Allgemeinen.</LA></DD></DL></LA></DD></DL>Aus den Angaben nach Satz 1 Nummer 5 muss für die Öffentlichkeit auch erkennbar sein, dass die qualifizierte Einrichtung alle Eintragungsvoraussetzungen nach Satz 1 erfüllt.</P><P>(3) Die Entscheidung über den Eintragungsantrag ist der Antragstellerin zuzustellen. Auf der Grundlage einer wirksamen, dem Antrag stattgebenden Entscheidung ist die juristische Person mit folgenden Angaben in die Liste einzutragen: <DL Type="arabic"><DT>1.</DT><DD Font="normal"><LA>Name,</LA></DD><DT>2.</DT><DD Font="normal"><LA>Anschrift und</LA></DD><DT>3.</DT><DD Font="normal"><LA>satzungsmäßiger Zweck.</LA></DD></DL>Ist die qualifizierte Einrichtung in einem Register eingetragen, so sind auch die Registernummer und die registerführende Stelle in der Liste anzugeben. § 4 Absatz 4 ist entsprechend anzuwenden.</P></Content></text><fussnoten/></textdaten></norm>
<norm builddate="20251211215541" doknr="BJNR317300001BJNE002005360"><metadaten><jurabk>UKlaG</jurabk><enbez>§ 4e</enbez><titel format="XML">Überprüfung und Aufhebung einer Eintragung in der Liste nach § 4d</titel></metadaten><textdaten><text format="XML"><Content><P>(1) Für die Überprüfung, ob eine qualifizierte Einrichtung, die in die Liste nach § 4d eingetragen ist, die Eintragungsvoraussetzungen nach § 4d Absatz 2 Satz 1 erfüllt, ist § 4a Absatz 1 und 3 entsprechend anzuwenden.</P><P>(2) Das Bundesamt für Justiz ist verpflichtet, die Eintragung einer qualifizierten Einrichtung in der Liste nach § 4d auch dann zu überprüfen, wenn die Europäische Kommission oder ein anderer Mitgliedstaat der Europäischen Union um die Überprüfung der Eintragung ersucht.</P><P>(3) Die Eintragung einer qualifizierten Einrichtung in die Liste nach § 4d ist aufzuheben, wenn <DL Type="arabic"><DT>1.</DT><DD Font="normal"><LA>die qualifizierte Einrichtung dies beantragt oder</LA></DD><DT>2.</DT><DD Font="normal"><LA>die Voraussetzungen für die Eintragung nach § 4d Absatz 2 nicht vorlagen oder weggefallen sind.</LA></DD></DL>§ 4c Absatz 3 und 4 ist entsprechend anzuwenden.</P></Content></text><fussnoten/></textdaten></norm>
<norm builddate="20251211215541" doknr="BJNR317300001BJNE003100360"><metadaten><jurabk>UKlaG</jurabk><enbez>§ 4f</enbez><titel format="XML">Verordnungsermächtigung</titel></metadaten><textdaten><text format="XML"><Content><P>Das Bundesministerium der Justiz wird ermächtigt, durch Rechtsverordnung ohne Zustimmung des Bundesrates die Einzelheiten zu regeln zu <DL Type="arabic"><DT>1.</DT><DD Font="normal"><LA>der Eintragung von eingetragenen Vereinen in die Liste der qualifizierten Verbraucherverbände nach § 4, insbesondere zu den in dem Verfahren bestehenden Mitwirkungs- und Nachweispflichten,</LA></DD><DT>2.</DT><DD Font="normal"><LA>der Überprüfung und Aufhebung von Eintragungen eines qualifizierten Verbraucherverbands in der Liste der qualifizierten Verbraucherverbände nach § 4, insbesondere zu den in diesem Verfahren bestehenden Mitwirkungs- und Nachweispflichten,</LA></DD><DT>3.</DT><DD Font="normal"><LA>den Berichtspflichten der qualifizierten Verbraucherverbände nach § 4b Absatz 1 und</LA></DD><DT>4.</DT><DD Font="normal"><LA>der Eintragung von juristischen Personen in die Liste der qualifizierten Einrichtungen für grenzüberschreitende Verbandsklagen nach § 4d, insbesondere zu den in diesem Verfahren bestehenden Mitwirkungs- und Nachweispflichten sowie</LA></DD><DT>5.</DT><DD Font="normal"><LA>der Überprüfung und Aufhebung von Eintragungen einer qualifizierten Einrichtung in der Liste, insbesondere zu den in diesem Verfahren bestehenden Mitwirkungs- und Nachweispflichten.</LA></DD></DL></P></Content></text><fussnoten/></textdaten></norm>
<norm builddate="20251211215541" doknr="BJNR317300001BJNG000202360"><metadaten><jurabk>UKlaG</jurabk><gliederungseinheit><gliederungskennzahl>030</gliederungskennzahl><gliederungsbez>Abschnitt 3</gliederungsbez><gliederungstitel>Verfahrensvorschriften</gliederungstitel></gliederungseinheit></metadaten><textdaten><text format="XML"><Content><P/></Content></text><fussnoten/></textdaten></norm>
<norm builddate="20251211215541" doknr="BJNR317300001BJNG000302360"><metadaten><jurabk>UKlaG</jurabk><gliederungseinheit><gliederungskennzahl>030010</gliederungskennzahl><gliederungsbez>Unterabschnitt 1</gliederungsbez><gliederungstitel>Allgemeine Vorschriften</gliederungstitel></gliederungseinheit></metadaten><textdaten><text format="XML"><Content><P/></Content></text><fussnoten/></textdaten></norm>
<norm builddate="20251211215541" doknr="BJNR317300001BJNE000504360"><metadaten><jurabk>UKlaG</jurabk><enbez>§ 5</enbez><titel format="XML">Anwendung der Zivilprozessordnung und anderer Vorschriften</titel></metadaten><textdaten><text format="XML"><Content><P>Auf das Verfahren sind die Vorschriften der Zivilprozessordnung und § 12 Absatz 1, 3 und 4, § 13 Absatz 1 bis 3 und 5 sowie § 13a des Gesetzes gegen den unlauteren Wettbewerb anzuwenden, soweit sich aus diesem Gesetz nicht etwas anderes ergibt.</P></Content></text><fussnoten/></textdaten></norm>
<norm builddate="20251211215541" doknr="BJNR317300001BJNE003200360"><metadaten><jurabk>UKlaG</jurabk><enbez>§ 5a</enbez><titel format="XML">Informationspflichten der qualifizierten Verbraucherverbände und qualifizierten Einrichtungen zu gerichtlichen Verfahren im Inland</titel></metadaten><textdaten><text format="XML"><Content><P>(1) Anspruchsberechtigte Stellen nach § 3 Absatz 1 Satz 1 Nummer 1, die Unterlassungsansprüche nach den §§ 1, 2 oder § 2a im Inland gerichtlich geltend machen, haben auf ihrer Internetseite spätestens mit der Einreichung des Antrags auf Erlass einer einstweiligen Verfügung oder mit der Einreichung einer Klage beim Gericht über den jeweils aktuellen Stand des Verfahrens zu berichten. Zu dem Verfahren sind dort während dessen Dauer mindestens folgende bekannte Tatsachen unverzüglich zu veröffentlichen: <DL Type="arabic"><DT>1.</DT><DD Font="normal"><LA>der Name oder die Firma und die Anschrift des Unternehmers, gegen den sich der Antrag auf Erlass einer einstweiligen Verfügung oder die Klage richtet,</LA></DD><DT>2.</DT><DD Font="normal"><LA>die behauptete Zuwiderhandlung des Unternehmers, zu deren Verhinderung oder Beendigung die einstweilige Verfügung beantragt oder die Klage eingereicht wurde,</LA></DD><DT>3.</DT><DD Font="normal"><LA>das Datum der Einreichung des Antrags auf Erlass der einstweiligen Verfügung oder der Klage beim Gericht,</LA></DD><DT>4.</DT><DD Font="normal"><LA>die Zustellung des Antrags auf Erlass einer einstweiligen Verfügung oder der einstweiligen Verfügung an den Antragsgegner oder das Datum der Klageerhebung,</LA></DD><DT>5.</DT><DD Font="normal"><LA>das Aktenzeichen des gerichtlichen Verfahrens,</LA></DD><DT>6.</DT><DD Font="normal"><LA>der Hinweis, dass die einstweilige Verfügung oder die Klage im Verbandsklageregister bekannt gemacht ist und</LA></DD><DT>7.</DT><DD Font="normal"><LA>das Datum der Beendigung des Verfahrens und die Art der Verfahrensbeendigung.</LA></DD></DL></P><P>(2) Wurde ein in Absatz 1 genanntes Verfahren durch unanfechtbaren Beschluss oder unanfechtbares Urteil beendet, so ist der Beschluss oder das Urteil mindestens sechs Monate auf der Internetseite der anspruchsberechtigten Stelle zu veröffentlichen.</P><P>(3) Die Kosten der Veröffentlichungen auf der Internetseite nach den Absätzen 1 und 2 sind Kosten des Rechtsstreits.</P></Content></text><fussnoten/></textdaten></norm>
<norm builddate="20251211215541" doknr="BJNR317300001BJNE000605360"><metadaten><jurabk>UKlaG</jurabk><enbez>§ 6</enbez><titel format="XML">Zuständigkeit und Verfahren</titel></metadaten><textdaten><text format="XML"><Content><P>(1) Für Klagen nach diesem Gesetz ist das Oberlandesgericht ausschließlich zuständig, in dessen Bezirk der Beklagte seine gewerbliche Niederlassung oder in Ermangelung einer solchen seinen Wohnsitz hat. Hat der Beklagte im Inland weder eine gewerbliche Niederlassung noch einen Wohnsitz, so ist das Gericht des inländischen Aufenthaltsorts zuständig, in Ermangelung eines solchen das Gericht, in dessen Bezirk <DL Font="normal" Type="arabic"><DT>1.</DT><DD Font="normal"><LA Size="normal">die nach den §§ 307 bis 309 des Bürgerlichen Gesetzbuchs unwirksamen Bestimmungen in Allgemeinen Geschäftsbedingungen verwendet wurden,</LA></DD><DT>2.</DT><DD Font="normal"><LA Size="normal">gegen Verbraucherschutzgesetze verstoßen wurde oder</LA></DD><DT>3.</DT><DD Font="normal"><LA Size="normal">gegen § 95b Absatz 1 Satz 1 des Urheberrechtsgesetzes verstoßen wurde.</LA></DD></DL>Das Oberlandesgericht entscheidet nach den für das erstinstanzliche Verfahren geltenden Vorschriften.</P><P>(2) Gegen die Urteile der Oberlandesgerichte findet die Revision wie gegen Berufungsurteile der Oberlandesgerichte statt.</P><P>(3) Die vorstehenden Absätze gelten nicht für Klagen, die einen Anspruch der in § 13 bezeichneten Art zum Gegenstand haben.</P></Content></text><fussnoten/></textdaten></norm>
<norm builddate="20251211215541" doknr="BJNR317300001BJNE003300360"><metadaten><jurabk>UKlaG</jurabk><enbez>§ 6a</enbez><titel format="XML">Bekanntmachungen im Verbandsklageregister zu einstweiligen Verfügungen und Klagen zur Durchsetzung von Unterlassungsansprüchen</titel></metadaten><textdaten><text format="XML"><Content><P>(1) Das Gericht macht zu einem Antrag auf Erlass einer einstweiligen Verfügung, der durch eine anspruchsberechtigte Stelle nach § 3 Absatz 1 Satz 1 Nummer 1 zur Sicherung oder Regelung von Ansprüchen nach den §§ 1 bis 2a gestellt wurde, unverzüglich nach der Zustellung des Antrags an den Antragsgegner Folgendes im Verbandsklageregister bekannt: <DL Type="arabic"><DT>1.</DT><DD Font="normal"><LA>die Bezeichnung des Antragstellers und des Antraggegners,</LA></DD><DT>2.</DT><DD Font="normal"><LA>die Bezeichnung des Gerichts,</LA></DD><DT>3.</DT><DD Font="normal"><LA>das Aktenzeichen des Verfahrens,</LA></DD><DT>4.</DT><DD Font="normal"><LA>die Angabe der behaupteten Zuwiderhandlung, die Anlass des Antrags auf Erlass einer einstweiligen Verfügung ist,</LA></DD><DT>5.</DT><DD Font="normal"><LA>das Datum des Eingangs des Antrags auf Erlass der einstweiligen Verfügung beim Gericht und</LA></DD><DT>6.</DT><DD Font="normal"><LA>das Datum der Zustellung des Antrags auf Erlass der einstweiligen Verfügung an den Antragsgegner.</LA></DD></DL>Wurde die einstweilige Verfügung erlassen, ohne dass der Antrag auf Erlass der einstweiligen Verfügung dem Antragsgegner zugestellt wurde, so sind die Angaben nach Satz 1 unverzüglich nach dem Erlass der einstweiligen Verfügung bekanntzumachen; an die Stelle der Angabe nach Satz 1 Nummer 6 tritt das Datum des Erlasses der einstweiligen Verfügung. In den Fällen des Satzes 2 hat der Antragsteller ergänzend die Zustellung der einstweiligen Verfügung im Verbandsklageregister bekannt zu machen. Die Bekanntmachung nach Satz 3 ist unverzüglich, nachdem dem Antragsteller die Zustellung bekannt ist, beim Bundesamt für Justiz zu beantragen. Dem Antrag sind eine Abschrift der einstweiligen Verfügung und der Zustellungsnachweis beizufügen.</P><P>(2) Zu einer Klage einer anspruchsberechtigten Stelle nach § 3 Absatz 1 Satz 1 Nummer 1 zur Durchsetzung eines Anspruchs nach den §§ 1 bis 2a ist vom Gericht im Verbandsklageregister unverzüglich nach der Erhebung der Klage bekannt zu machen: <DL Type="arabic"><DT>1.</DT><DD Font="normal"><LA>die Bezeichnung der Parteien,</LA></DD><DT>2.</DT><DD Font="normal"><LA>die Bezeichnung des Gerichts,</LA></DD><DT>3.</DT><DD Font="normal"><LA>das Aktenzeichen der Klage,</LA></DD><DT>4.</DT><DD Font="normal"><LA>die Angabe der behaupteten Zuwiderhandlung, gegen die die Klage gerichtet ist,</LA></DD><DT>5.</DT><DD Font="normal"><LA>das Datum der Anhängigkeit der Klage und</LA></DD><DT>6.</DT><DD Font="normal"><LA>das Datum der Rechtshängigkeit der Klage.</LA></DD></DL></P><P>(3) Unverzüglich bekanntzumachen sind durch das Gericht, bei dem das Verfahren beendet wurde, auch das Datum der Beendigung des Verfahrens und die Art der Beendigung. Wurde das Verfahren durch eine rechtskräftige Entscheidung beendet, so ist auch die Entscheidung bekannt zu machen.</P></Content></text><fussnoten/></textdaten></norm>
<norm builddate="20251211215541" doknr="BJNR317300001BJNE000701377"><metadaten><jurabk>UKlaG</jurabk><enbez>§ 7</enbez><titel format="parat">Veröffentlichungsbefugnis</titel></metadaten><textdaten><text format="XML"><Content><P>Wird der Klage stattgegeben, so kann dem Kläger auf Antrag die Befugnis zugesprochen werden, die Urteilsformel mit der Bezeichnung des verurteilten Beklagten auf dessen Kosten im Bundesanzeiger, im Übrigen auf eigene Kosten bekannt zu machen. Das Gericht kann die Befugnis zeitlich begrenzen.</P></Content></text><fussnoten/></textdaten></norm>
<norm builddate="20251211215541" doknr="BJNR317300001BJNG000402360"><metadaten><jurabk>UKlaG</jurabk><gliederungseinheit><gliederungskennzahl>030020</gliederungskennzahl><gliederungsbez>Unterabschnitt 2</gliederungsbez><gliederungstitel>Besondere Vorschriften für Klagen nach § 1</gliederungstitel></gliederungseinheit></metadaten><textdaten><text format="XML"><Content><P/></Content></text><fussnoten/></textdaten></norm>
<norm builddate="20251211215541" doknr="BJNR317300001BJNE000805123"><metadaten><jurabk>UKlaG</jurabk><enbez>§ 8</enbez><titel format="XML">Klageantrag und Anhörung</titel></metadaten><textdaten><text format="XML"><Content><P>(1) Der Klageantrag muss bei Klagen nach § 1 auch enthalten: <DL Font="normal" Type="arabic"><DT>1.</DT><DD Font="normal"><LA Size="normal">den Wortlaut der beanstandeten Bestimmungen in Allgemeinen Geschäftsbedingungen,</LA></DD><DT>2.</DT><DD Font="normal"><LA Size="normal">die Bezeichnung der Art der Rechtsgeschäfte, für die die Bestimmungen beanstandet werden.</LA></DD></DL></P><P>(2) Das Gericht hat vor der Entscheidung über eine Klage nach § 1 die Bundesanstalt für Finanzdienstleistungsaufsicht zu hören, wenn Gegenstand der Klage <DL Font="normal" Type="arabic"><DT>1.</DT><DD Font="normal"><LA Size="normal">Bestimmungen in Allgemeinen Versicherungsbedingungen sind oder</LA></DD><DT>2.</DT><DD Font="normal"><LA Size="normal">Bestimmungen in Allgemeinen Geschäftsbedingungen sind, für die nach dem Bausparkassengesetz oder dem Kapitalanlagegesetzbuch eine Genehmigung vorgesehen ist.</LA></DD></DL></P></Content></text><fussnoten/></textdaten></norm>
<norm builddate="20251211215541" doknr="BJNR317300001BJNE000902377"><metadaten><jurabk>UKlaG</jurabk><enbez>§ 9</enbez><titel format="parat">Besonderheiten der Urteilsformel</titel></metadaten><textdaten><text format="XML"><Content><P>Erachtet das Gericht die Klage nach § 1 für begründet, so enthält die Urteilsformel auch: <DL Font="normal" Type="arabic"><DT>1.</DT><DD Font="normal"><LA Size="normal">die beanstandeten Bestimmungen der Allgemeinen Geschäftsbedingungen im Wortlaut,</LA></DD> <DT>2.</DT><DD Font="normal"><LA Size="normal">die Bezeichnung der Art der Rechtsgeschäfte, für welche die den Unterlassungsanspruch begründenden Bestimmungen der Allgemeinen Geschäftsbedingungen nicht verwendet oder empfohlen werden dürfen,</LA></DD> <DT>3.</DT><DD Font="normal"><LA Size="normal">das Gebot, die Verwendung oder Empfehlung inhaltsgleicher Bestimmungen in Allgemeinen Geschäftsbedingungen zu unterlassen,</LA></DD> <DT>4.</DT><DD Font="normal"><LA Size="normal">für den Fall der Verurteilung zum Widerruf das Gebot, das Urteil in gleicher Weise bekannt zu geben, wie die Empfehlung verbreitet wurde.</LA></DD> </DL></P></Content></text><fussnoten/></textdaten></norm>
<norm builddate="20251211215541" doknr="BJNR317300001BJNE001001377"><metadaten><jurabk>UKlaG</jurabk><enbez>§ 10</enbez><titel format="parat">Einwendung wegen abweichender Entscheidung</titel></metadaten><textdaten><text format="XML"><Content><P>Der Verwender, dem die Verwendung einer Bestimmung untersagt worden ist, kann im Wege der Klage nach § 767 der Zivilprozessordnung einwenden, dass nachträglich eine Entscheidung des Bundesgerichtshofs oder des Gemeinsamen Senats der Obersten Gerichtshöfe des Bundes ergangen ist, welche die Verwendung dieser Bestimmung für dieselbe Art von Rechtsgeschäften nicht untersagt, und dass die Zwangsvollstreckung aus dem Urteil gegen ihn in unzumutbarer Weise seinen Geschäftsbetrieb beeinträchtigen würde.</P></Content></text><fussnoten/></textdaten></norm>
<norm builddate="20251211215541" doknr="BJNR317300001BJNE001101377"><metadaten><jurabk>UKlaG</jurabk><enbez>§ 11</enbez><titel format="parat">Wirkungen des Urteils</titel></metadaten><textdaten><text format="XML"><Content><P>Handelt der verurteilte Verwender einem auf § 1 beruhenden Unterlassungsgebot zuwider, so ist die Bestimmung in den Allgemeinen Geschäftsbedingungen als unwirksam anzusehen, soweit sich der betroffene Vertragsteil auf die Wirkung des Unterlassungsurteils beruft. Er kann sich jedoch auf die Wirkung des Unterlassungsurteils nicht berufen, wenn der verurteilte Verwender gegen das Urteil die Klage nach § 10 erheben könnte.</P></Content></text><fussnoten/></textdaten></norm>
<norm builddate="20251211215541" doknr="BJNR317300001BJNG000502360"><metadaten><jurabk>UKlaG</jurabk><gliederungseinheit><gliederungskennzahl>030030</gliederungskennzahl><gliederungsbez>Unterabschnitt 3</gliederungsbez><gliederungstitel>Besondere Vorschriften für Klagen nach § 2</gliederungstitel></gliederungseinheit></metadaten><textdaten><text format="XML"><Content><P/></Content></text><fussnoten/></textdaten></norm>
<norm builddate="20251211215541" doknr="BJNR317300001BJNE001202377"><metadaten><jurabk>UKlaG</jurabk><enbez>§ 12</enbez><titel format="parat">Einigungsstelle</titel></metadaten><textdaten><text format="XML"><Content><P>Für Klagen nach § 2 gelten § 15 des Gesetzes gegen den unlauteren Wettbewerb und die darin enthaltene Verordnungsermächtigung entsprechend.</P></Content></text><fussnoten/></textdaten></norm>
<norm builddate="20251211215541" doknr="BJNR317300001BJNE002301360"><metadaten><jurabk>UKlaG</jurabk><enbez>§ 12a</enbez><titel format="XML">Anhörung der Datenschutzbehörden in Verfahren über Ansprüche nach § 2</titel></metadaten><textdaten><text format="XML"><Content><P>Das Gericht hat vor einer Entscheidung in einem Verfahren über einen Anspruch nach § 2, das eine Zuwiderhandlung gegen ein Verbraucherschutzgesetz nach § 2 Absatz 2 Nummer 13 und 14 zum Gegenstand hat, die zuständige inländische Datenschutzbehörde zu hören. Satz 1 ist nicht anzuwenden, wenn über einen Antrag auf Erlass einer einstweiligen Verfügung ohne mündliche Verhandlung entschieden wird.</P></Content></text><fussnoten/></textdaten></norm>
<norm builddate="20251211215541" doknr="BJNR317300001BJNG000903360"><metadaten><jurabk>UKlaG</jurabk><gliederungseinheit><gliederungskennzahl>040</gliederungskennzahl><gliederungsbez>Abschnitt 4</gliederungsbez><gliederungstitel>Auskunft zur Durchsetzung von Ansprüchen</gliederungstitel></gliederungseinheit></metadaten><textdaten><text format="XML"><Content><P/></Content></text><fussnoten/></textdaten></norm>
<norm builddate="20251211215541" doknr="BJNR317300001BJNE001307360"><metadaten><jurabk>UKlaG</jurabk><enbez>§ 13</enbez><titel format="XML">Auskunftsanspruch der anspruchsberechtigten Stellen</titel></metadaten><textdaten><text format="XML"><Content><P>(1) Wer geschäftsmäßig Post-, Telekommunikations- oder digitale Dienste nach § 1 Absatz 4 Nummer 1 des Digitale-Dienste-Gesetzes erbringt oder an der Erbringung solcher Dienste mitwirkt, hat anspruchsberechtigten Stellen nach § 3 Absatz 1 Satz 1 auf deren Verlangen den Namen und die zustellfähige Anschrift eines an Post-, Telekommunikations- oder digitalen Diensten Beteiligten mitzuteilen, wenn diese Stellen schriftlich versichern, dass sie die Angaben zur Durchsetzung eines Anspruchs nach den §§ 1 bis 2b benötigen und nicht anderweitig beschaffen können.</P><P>(2) Der Anspruch besteht nur, soweit die Auskunft ausschließlich anhand der bei dem Auskunftspflichtigen vorhandenen Bestandsdaten erteilt werden kann. Die Auskunft darf nicht deshalb verweigert werden, weil der Beteiligte, dessen Angaben mitgeteilt werden sollen, in die Übermittlung nicht einwilligt.</P><P>(3) Der Auskunftspflichtige kann von dem Auskunftsberechtigten einen angemessenen Ausgleich für die Erteilung der Auskunft verlangen. Der Auskunftsberechtigte kann von dem Beteiligten, dessen Angaben mitgeteilt worden sind, Erstattung des gezahlten Ausgleichs verlangen, wenn er gegen diesen Beteiligten einen Anspruch nach den §§ 1 bis 2b hat.</P></Content></text><fussnoten/></textdaten></norm>
<norm builddate="20251211215541" doknr="BJNR317300001BJNE001707360"><metadaten><jurabk>UKlaG</jurabk><enbez>§ 13a</enbez><titel format="XML">Auskunftsanspruch sonstiger Betroffener</titel></metadaten><textdaten><text format="XML"><Content><P>Wer von einem anderen Unterlassung der Lieferung unbestellter Sachen, der Erbringung unbestellter sonstiger Leistungen, der Zusendung oder der sonstigen Übermittlung unverlangter Werbung verlangen kann, hat den Anspruch gemäß § 13 mit der Maßgabe, dass an die Stelle eines Anspruchs nach den §§ 1 bis 2b sein Anspruch aus Unterlassung nach den allgemeinen Vorschriften tritt.</P></Content></text><fussnoten/></textdaten></norm>
<norm builddate="20251211215541" doknr="BJNR317300001BJNG000604360"><metadaten><jurabk>UKlaG</jurabk><gliederungseinheit><gliederungskennzahl>050</gliederungskennzahl><gliederungsbez>Abschnitt 5</gliederungsbez><gliederungstitel>Außergerichtliche Schlichtung</gliederungstitel></gliederungseinheit></metadaten><textdaten><text format="XML"><Content><P/></Content></text><fussnoten/></textdaten></norm>
<norm builddate="20251211215541" doknr="BJNR317300001BJNE001416360"><metadaten><jurabk>UKlaG</jurabk><enbez>§ 14</enbez><titel format="XML">Schlichtungsverfahren und Verordnungsermächtigung</titel></metadaten><textdaten><text format="XML"><Content><P>(1) Bei Streitigkeiten aus der Anwendung <DL Font="normal" Type="arabic"><DT>1.</DT><DD Font="normal"><LA Size="normal">der Vorschriften des Bürgerlichen Gesetzbuchs betreffend Fernabsatzverträge über Finanzdienstleistungen,</LA></DD><DT>2.</DT><DD Font="normal"><LA Size="normal">der §§ 491 bis 508, 511 und 655a bis 655d des Bürgerlichen Gesetzbuchs sowie Artikel 247a § 1 des Einführungsgesetzes zum Bürgerlichen Gesetzbuche,</LA></DD><DT>3.</DT><DD Font="normal"><LA Size="normal">der Vorschriften betreffend Zahlungsdiensteverträge in <DL Font="normal" Type="alpha"><DT>a)</DT><DD Font="normal"><LA Size="normal">den §§ 675c bis 676c des Bürgerlichen Gesetzbuchs,</LA></DD><DT>b)</DT><DD Font="normal"><LA Size="normal">die Verordnung (EU) 2021/1230 des Europäischen Parlaments und des Rates vom 14. Juli 2021 über grenzüberschreitende Zahlungen in der Union (kodifizierter Text) (ABl. L 274 vom 30.7.2021, S. 20)</LA></DD><DT>c)</DT><DD Font="normal"><LA Size="normal">der Verordnung (EU) Nr. 260/2012 des Europäischen Parlaments und des Rates vom 14. März 2012 zur Festlegung der technischen Vorschriften und der Geschäftsanforderungen für Überweisungen und Lastschriften in Euro und zur Änderung der Verordnung (EG) Nr. 924/2009 (ABl. L 94 vom 30.3.2012, S. 22), die durch die Verordnung (EU) Nr. 248/2014 (ABl. L 84 vom 20.3.2014, S. 1) geändert worden ist,</LA></DD><DT>d)</DT><DD Font="normal"><LA Size="normal">der Verordnung (EU) 2015/751 des Europäischen Parlaments und des Rates vom 29. April 2015 über Interbankenentgelte für kartengebundene Zahlungsvorgänge (ABl. L 123 vom 19.5.2015, S. 1),</LA></DD></DL></LA></DD><DT>4.</DT><DD Font="normal"><LA Size="normal">der Vorschriften des Zahlungsdiensteaufsichtsgesetzes, soweit sie Pflichten von E-Geld-Emittenten oder Zahlungsdienstleistern gegenüber ihren Kunden begründen,</LA></DD><DT>5.</DT><DD Font="normal"><LA>der Vorschriften des Zahlungskontengesetzes, die das Verhältnis zwischen einem Zahlungsdienstleister und einem Verbraucher regeln,</LA></DD><DT>6.</DT><DD Font="normal"><LA Size="normal">der Vorschriften des Kapitalanlagegesetzbuchs, wenn an der Streitigkeit Verbraucher beteiligt sind, oder</LA></DD><DT>7.</DT><DD Font="normal"><LA Size="normal">sonstiger Vorschriften im Zusammenhang mit Verträgen, die Bankgeschäfte nach § 1 Absatz 1 Satz 2 des Kreditwesengesetzes oder Finanzdienstleistungen nach § 1 Absatz 1a Satz 2 des Kreditwesengesetzes betreffen, zwischen Verbrauchern und nach dem Kreditwesengesetz beaufsichtigten Unternehmen</LA></DD></DL>können die Beteiligten unbeschadet ihres Rechts, die Gerichte anzurufen, eine vom Bundesamt für Justiz für diese Streitigkeiten anerkannte private Verbraucherschlichtungsstelle oder die bei der Deutschen Bundesbank oder die bei der Bundesanstalt für Finanzdienstleistungsaufsicht eingerichtete Verbraucherschlichtungsstelle anrufen. Die bei der Deutschen Bundesbank eingerichtete Verbraucherschlichtungsstelle ist für die Streitigkeiten nach Satz 1 Nummer 1 bis 5 zuständig; die bei der Bundesanstalt für Finanzdienstleistungsaufsicht eingerichtete Verbraucherschlichtungsstelle ist für die Streitigkeiten nach Satz 1 Nummer 6 und 7 zuständig. Diese behördlichen Verbraucherschlichtungsstellen sind nur zuständig, wenn es für die Streitigkeit keine zuständige anerkannte Verbraucherschlichtungsstelle gibt.</P><P>(2) Jede Verbraucherschlichtungsstelle nach Absatz 1 muss mit mindestens zwei Schlichtern besetzt sein, die die Befähigung zum Richteramt haben. Die Schlichter müssen unabhängig sein und das Schlichtungsverfahren fair und unparteiisch führen. Sie sollen ihre Schlichtungsvorschläge am geltenden Recht ausrichten und sie sollen insbesondere die zwingenden Verbraucherschutzgesetze beachten. Für das Schlichtungsverfahren kann von einem Verbraucher kein Entgelt verlangt werden.</P><P>(3) Das Bundesamt für Justiz erkennt auf Antrag eine Schlichtungsstelle als private Verbraucherschlichtungsstelle nach Absatz 1 Satz 1 an, wenn <DL Font="normal" Type="arabic"><DT>1.</DT><DD Font="normal"><LA Size="normal">der Träger der Schlichtungsstelle ein eingetragener Verein ist,</LA></DD><DT>2.</DT><DD Font="normal"><LA Size="normal">die Schlichtungsstelle für die Streitigkeiten nach Absatz 1 Satz 1 zuständig ist und</LA></DD><DT>3.</DT><DD Font="normal"><LA Size="normal">die Organisation, Finanzierung und Verfahrensordnung der Schlichtungsstelle den Anforderungen dieses Gesetzes und der Rechtsverordnung entspricht, die auf Grund dieses Gesetzes erlassen wurde.</LA></DD></DL>Die Verfahrensordnung einer anerkannten Schlichtungsstelle kann nur mit Zustimmung des Bundesamts für Justiz geändert werden.</P><P>(4) Das Bundesamt für Justiz nimmt die Verbraucherschlichtungsstellen nach Absatz 1 in die Liste nach § 33 Absatz 1 des Verbraucherstreitbeilegungsgesetzes auf und macht die Anerkennung und den Widerruf oder die Rücknahme der Anerkennung im Bundesanzeiger bekannt.</P><P>(5) Das Bundesministerium der Justiz und für Verbraucherschutz regelt im Einvernehmen mit dem Bundesministerium der Finanzen durch Rechtsverordnung, die nicht der Zustimmung des Bundesrates bedarf, entsprechend den Anforderungen der Richtlinie 2013/11/EU des Europäischen Parlaments und des Rates vom 21. Mai 2013 über die alternative Beilegung verbraucherrechtlicher Streitigkeiten und zur Änderung der Verordnung (EG) Nr. 2006/2004 und der Richtlinie 2009/22/EG (ABl. L 165 vom 18.6.2013, S. 63) <DL Font="normal" Type="arabic"><DT>1.</DT><DD Font="normal"><LA Size="normal">die näheren Einzelheiten der Organisation und des Verfahrens der bei der Deutschen Bundesbank und der bei der Bundesanstalt für Finanzdienstleistungsaufsicht nach diesem Gesetz eingerichteten Verbraucherschlichtungsstellen, insbesondere auch die Kosten des Schlichtungsverfahrens für einen am Schlichtungsverfahren beteiligten Unternehmer,</LA></DD><DT>2.</DT><DD Font="normal"><LA Size="normal">die Voraussetzungen und das Verfahren für die Anerkennung einer privaten Verbraucherschlichtungsstelle und für die Aufhebung dieser Anerkennung sowie die Voraussetzungen und das Verfahren für die Zustimmung zur Änderung der Verfahrensordnung,</LA></DD><DT>3.</DT><DD Font="normal"><LA Size="normal">die Zusammenarbeit der behördlichen Verbraucherschlichtungsstellen und der privaten Verbraucherschlichtungsstellen mit <DL Font="normal" Type="alpha"><DT>a)</DT><DD Font="normal"><LA Size="normal">staatlichen Stellen, insbesondere der Bundesanstalt für Finanzdienstleistungsaufsicht, und</LA></DD><DT>b)</DT><DD Font="normal"><LA Size="normal">vergleichbaren Stellen zur außergerichtlichen Streitbeilegung in anderen Vertragsstaaten des Abkommens über den Europäischen Wirtschaftsraum.</LA></DD></DL></LA></DD></DL></P></Content></text><fussnoten/></textdaten></norm>
<norm builddate="20251211215541" doknr="BJNR317300001BJNG000703360"><metadaten><jurabk>UKlaG</jurabk><gliederungseinheit><gliederungskennzahl>060</gliederungskennzahl><gliederungsbez>Abschnitt 6</gliederungsbez><gliederungstitel>Anwendungsbereich</gliederungstitel></gliederungseinheit></metadaten><textdaten><text format="XML"><Content><P/></Content></text><fussnoten/></textdaten></norm>
<norm builddate="20251211215541" doknr="BJNR317300001BJNE001501377"><metadaten><jurabk>UKlaG</jurabk><enbez>§ 15</enbez><titel format="parat">Ausnahme für das Arbeitsrecht</titel></metadaten><textdaten><text format="XML"><Content><P>Dieses Gesetz findet auf das Arbeitsrecht keine Anwendung.</P></Content></text><fussnoten/></textdaten></norm>
<norm builddate="20251211215541" doknr="BJNR317300001BJNG000804360"><metadaten><jurabk>UKlaG</jurabk><gliederungseinheit><gliederungskennzahl>070</gliederungskennzahl><gliederungsbez>Abschnitt 7</gliederungsbez><gliederungstitel>Bußgeldvorschriften</gliederungstitel></gliederungseinheit></metadaten><textdaten><text format="XML"><Content><P/></Content></text><fussnoten/></textdaten></norm>
<norm builddate="20251211215541" doknr="BJNR317300001BJNE001605360"><metadaten><jurabk>UKlaG</jurabk><enbez>§ 16</enbez><titel format="XML">Bußgeldvorschriften</titel></metadaten><textdaten><text format="XML"><Content><P>(1) Ordnungswidrig handelt, wer vorsätzlich oder fahrlässig <DL Font="normal" Type="arabic"><DT>1.</DT><DD Font="normal"><LA Size="normal">entgegen § 4b Absatz 1 Satz 1, auch in Verbindung mit einer Rechtsverordnung nach § 4f Nummer 3, einen dort genannten Bericht nicht, nicht richtig, nicht vollständig oder nicht rechtzeitig erstattet,</LA></DD><DT>2.</DT><DD Font="normal"><LA Size="normal">einer Rechtsverordnung nach § 4f Nummer 1 oder 2 oder einer vollziehbaren Anordnung auf Grund einer solchen Rechtsverordnung zuwiderhandelt, soweit die Rechtsverordnung für einen bestimmten Tatbestand auf diese Bußgeldvorschrift verweist,</LA></DD><DT>3.</DT><DD Font="normal"><LA>entgegen § 5a Absatz 1 Satz 2 eine Tatsache nicht, nicht richtig, nicht vollständig oder nicht rechtzeitig veröffentlicht,</LA></DD><DT>4.</DT><DD Font="normal"><LA>entgegen § 5a Absatz 2 einen Beschluss oder ein Urteil nicht oder nicht mindestens sechs Monate veröffentlicht oder</LA></DD><DT>5.</DT><DD Font="normal"><LA>entgegen § 6a Absatz 1 Satz 3 die dort genannte Zustellung nicht oder nicht rechtzeitig bekannt macht.</LA></DD></DL></P><P>(2) Die Ordnungswidrigkeit kann mit einer Geldbuße bis zu hunderttausend Euro geahndet werden.</P><P>(3) Verwaltungsbehörde im Sinne des § 36 Absatz 1 Nummer 1 des Gesetzes über Ordnungswidrigkeiten ist das Bundesamt für Justiz.</P></Content></text><fussnoten/></textdaten></norm>
<norm builddate="20251211215541" doknr="BJNR317300001BJNG001001360"><metadaten><jurabk>UKlaG</jurabk><gliederungseinheit><gliederungskennzahl>080</gliederungskennzahl><gliederungsbez>Abschnitt 8</gliederungsbez><gliederungstitel>Überleitungsvorschriften</gliederungstitel></gliederungseinheit></metadaten><textdaten><text format="XML"><Content><P/></Content></text><fussnoten/></textdaten></norm>
<norm builddate="20251211215541" doknr="BJNR317300001BJNE002401360"><metadaten><jurabk>UKlaG</jurabk><enbez>§ 17</enbez><titel format="XML">Überleitungsvorschriften zu dem Gesetz zur Stärkung des fairen Wettbewerbs</titel></metadaten><textdaten><text format="XML"><Content><P>(1) Abweichend von § 4a Absatz 1 Nummer 1 sind die Eintragungsvoraussetzungen bei qualifizierten Einrichtungen, die vor dem 2. Dezember 2020 in die Liste nach § 4 eingetragen wurden und die am 2. Dezember 2020 schon länger als zwei Jahre in der Liste nach § 4 eingetragen sind, vom Bundesamt für Justiz im Zeitraum vom 2. Dezember 2020 bis zum 31. Dezember 2021 zu überprüfen.</P><P>(2) Die Berichtspflichten nach § 4b Absatz 1 sind erstmals für das Kalenderjahr 2021 zu erfüllen.</P></Content></text><fussnoten/></textdaten></norm>
<norm builddate="20251211215541" doknr="BJNR317300001BJNE003400360"><metadaten><jurabk>UKlaG</jurabk><enbez>§ 18</enbez><titel format="XML">Überleitungsvorschrift zum Gesetz zur Umsetzung der Richtlinie (EU) 2020/1820 über Verbandsklagen zum Schutz der Kollektivinteressen der Verbraucher und zur Aufhebung der Richtlinie 2009/22/EG</titel></metadaten><textdaten><text format="XML"><Content><P>(1) Die Liste der qualifizierten Einrichtungen nach § 4 wird in &quot;Liste der qualifizierten Verbraucherverbände nach § 4&quot; umbenannt. Die in dieser Liste eingetragenen qualifizierten Einrichtungen werden zu qualifizierten Verbraucherverbänden.</P><P>(2) § 6a ist nur auf Anträge auf Erlass einstweiliger Verfügungen und auf Klagen anzuwenden, die Zuwiderhandlungen betreffen, die nach dem 24. Juni 2023 drohen oder stattfanden.</P></Content></text><fussnoten/></textdaten></norm>
</dokumente>