<?xml version="1.0" encoding="UTF-8" ?><!DOCTYPE dokumente SYSTEM "http://www.gesetze-im-internet.de/dtd/1.01/gii-norm.dtd">
<dokumente builddate="20181123212005" doknr="BJNR066800009"><norm builddate="20181123212005" doknr="BJNR066800009"><metadaten><jurabk>MusikfachhPrErprV</jurabk><ausfertigung-datum manuell="ja">2009-03-24</ausfertigung-datum><fundstelle typ="amtlich"><periodikum>BGBl I</periodikum><zitstelle>2009, 668</zitstelle></fundstelle><langue>Verordnung über die Erprobung der Durchführung der Abschlussprüfung in zwei zeitlich auseinanderfallenden Teilen in der Berufsausbildung zum Musikfachhändler/zur Musikfachhändlerin</langue></metadaten><textdaten><fussnoten><Content><P><BR/> <pre xml:space="preserve">(+++ Textnachweis ab: 1.8.2009 +++)<BR/><BR/></pre></P></Content></fussnoten></textdaten></norm>
<norm builddate="20181123212005" doknr="BJNR066800009BJNE000100000"><metadaten><jurabk>MusikfachhPrErprV</jurabk><enbez>Eingangsformel</enbez></metadaten><textdaten><text format="XML"><Content><P>Auf Grund des § 6 des Berufsbildungsgesetzes vom 23. März 2005 (BGBl. I S. 931), der durch Artikel 232 Nummer 1 der Verordnung vom 31. Oktober 2006 (BGBl. I S. 2407) geändert worden ist, verordnet das Bundesministerium für Wirtschaft und Technologie nach Anhörung des Hauptausschusses des Bundesinstituts für Berufsbildung im Einvernehmen mit dem Bundesministerium für Bildung und Forschung:</P></Content></text></textdaten></norm>
<norm builddate="20181123212005" doknr="BJNR066800009BJNE000701313"><metadaten><jurabk>MusikfachhPrErprV</jurabk><enbez>§ 6</enbez><titel format="XML">Bestehende Berufsausbildungsverhältnisse</titel></metadaten><textdaten><text format="XML"><Content><P>(1) (weggefallen)</P><P>(2) Auf Berufsausbildungsverhältnisse, die bis zum Ablauf des 31. Juli 2015 begonnen werden, sind die Vorschriften dieser Verordnung weiter anzuwenden.</P></Content></text><fussnoten/></textdaten></norm>
<norm builddate="20181123212005" doknr="BJNR066800009BJNE000800000"><metadaten><jurabk>MusikfachhPrErprV</jurabk><enbez>§ 7</enbez><titel format="XML">Inkrafttreten, Außerkrafttreten</titel></metadaten><textdaten><text format="XML"><Content><P>Diese Verordnung tritt am 1. August 2009 in Kraft und mit Ausnahme von § 6 Absatz 2 mit Ablauf des 31. Juli 2015 außer Kraft.</P></Content></text></textdaten></norm>
</dokumente>