<?xml version="1.0" encoding="UTF-8" ?><!DOCTYPE dokumente SYSTEM "http://www.gesetze-im-internet.de/dtd/1.01/gii-norm.dtd">
<dokumente builddate="20210615213118" doknr="BJNR048200013"><norm builddate="20210615213118" doknr="BJNR048200013"><metadaten><jurabk>PflanzTechnAusbV</jurabk><amtabk>PflanzTechnAusbV</amtabk><ausfertigung-datum manuell="ja">2013-03-12</ausfertigung-datum><fundstelle typ="amtlich"><periodikum>BGBl I</periodikum><zitstelle>2013, 482</zitstelle></fundstelle><kurzue>Pflanzentechnologenausbildungsverordnung</kurzue><langue>Verordnung über die Berufsausbildung zum Pflanzentechnologen und zur Pflanzentechnologin<FnR ID="Fn_780241_01_BJNR048200013"/></langue></metadaten><textdaten><text format="XML"><Footnotes><Footnote FnZ="*" Group="column" ID="Fn_780241_01_BJNR048200013" Pos="normal"><noindex>Diese Rechtsverordnung ist eine Ausbildungsordnung im Sinne des § 4 des Berufsbildungsgesetzes. Die Ausbildungsordnung und der damit abgestimmte von der Ständigen Konferenz der Kultusminister der Länder in der Bundesrepublik Deutschland beschlossene Rahmenlehrplan für die Berufsschule werden demnächst im amtlichen Teil des Bundesanzeigers veröffentlicht.</noindex></Footnote></Footnotes></text><fussnoten><Content><P><BR/> <pre xml:space="preserve">(+++ Textnachweis ab: 1.8.2013 +++)<BR/><BR/></pre></P></Content></fussnoten></textdaten></norm>
<norm builddate="20210615213118" doknr="BJNR048200013BJNE000100000"><metadaten><jurabk>PflanzTechnAusbV</jurabk><enbez>Eingangsformel</enbez></metadaten><textdaten><text format="XML"><Content><P>Auf Grund des § 4 Absatz 1 in Verbindung mit § 5 des Berufsbildungsgesetzes, von denen § 4 Absatz 1 durch Artikel 232 Nummer 1 der Verordnung vom 31. Oktober 2006 (BGBl. I S. 2407) geändert worden ist, verordnet das Bundesministerium für Ernährung, Landwirtschaft und Verbraucherschutz im Einvernehmen mit dem Bundesministerium für Bildung und Forschung:</P></Content></text></textdaten></norm>
<norm builddate="20210615213118" doknr="BJNR048200013BJNE000200000"><metadaten><jurabk>PflanzTechnAusbV</jurabk><enbez>§ 1</enbez><titel format="XML">Staatliche Anerkennung des Ausbildungsberufes</titel></metadaten><textdaten><text format="XML"><Content><P>Der Ausbildungsberuf des Pflanzentechnologen und der Pflanzentechnologin wird nach § 4 Absatz 1 des Berufsbildungsgesetzes staatlich anerkannt.</P></Content></text></textdaten></norm>
<norm builddate="20210615213118" doknr="BJNR048200013BJNE000300000"><metadaten><jurabk>PflanzTechnAusbV</jurabk><enbez>§ 2</enbez><titel format="XML">Dauer der Berufsausbildung</titel></metadaten><textdaten><text format="XML"><Content><P>Die Ausbildung dauert drei Jahre.</P></Content></text></textdaten></norm>
<norm builddate="20210615213118" doknr="BJNR048200013BJNE000400000"><metadaten><jurabk>PflanzTechnAusbV</jurabk><enbez>§ 3</enbez><titel format="XML">Ausbildungsrahmenplan, Ausbildungsberufsbild</titel></metadaten><textdaten><text format="XML"><Content><P>(1) Gegenstand der Berufsausbildung sind mindestens die im Ausbildungsrahmenplan (Anlage) aufgeführten Fertigkeiten, Kenntnisse und Fähigkeiten (berufliche Handlungsfähigkeit). Eine von dem Ausbildungsrahmenplan abweichende Organisation der Ausbildung ist insbesondere zulässig, soweit betriebspraktische Besonderheiten die Abweichung erfordern.</P><P>(2) Die Berufsausbildung zum Pflanzentechnologen und zur Pflanzentechnologin gliedert sich wie folgt:<BR/><BR/><SP>Abschnitt A</SP><BR/><BR/> Berufsprofilgebende Fertigkeiten, Kenntnisse und Fähigkeiten: <DL Font="normal" Type="arabic"><DT>1.</DT><DD Font="normal"><LA Size="normal">Kulturpflanzen zu Versuchs- und Vermehrungszwecken anbauen, pflegen und ernten,</LA></DD><DT>2.</DT><DD Font="normal"><LA Size="normal">Versuche und Untersuchungsreihen planen, durchführen und dokumentieren,</LA></DD><DT>3.</DT><DD Font="normal"><LA Size="normal">Züchtungs- und Vermehrungsverfahren anwenden,</LA></DD><DT>4.</DT><DD Font="normal"><LA Size="normal">Maschinen und Geräte einsetzen, pflegen und warten; Arbeitsstoffe einsetzen,</LA></DD><DT>5.</DT><DD Font="normal"><LA Size="normal">Probennahme und -analyse durchführen,</LA></DD><DT>6.</DT><DD Font="normal"><LA Size="normal">Vorbereiten von Arbeitsabläufen, Arbeiten im Team, Organisation,</LA></DD><DT>7.</DT><DD Font="normal"><LA Size="normal">Qualitätssicherungssysteme anwenden,</LA></DD><DT>8.</DT><DD Font="normal"><LA Size="normal">Informations- und Kommunikationstechniken anwenden;</LA></DD></DL>die vorstehenden Fertigkeiten, Kenntnisse und Fähigkeiten sind prozessbezogen in mindestens zwei der folgenden Einsatzgebiete zu vermitteln: <DL Font="normal" Type="arabic"><DT>1.</DT><DD Font="normal"><LA Size="normal">Feldversuchswesen,</LA></DD><DT>2.</DT><DD Font="normal"><LA Size="normal">Gewächshaus,</LA></DD><DT>3.</DT><DD Font="normal"><LA Size="normal">Kulturlabor,</LA></DD><DT>4.</DT><DD Font="normal"><LA Size="normal">Pflanzenschutzversuchswesen,</LA></DD><DT>5.</DT><DD Font="normal"><LA Size="normal">Saatgutwesen,</LA></DD><DT>6.</DT><DD Font="normal"><LA Size="normal">Untersuchungslabor,</LA></DD><DT>7.</DT><DD Font="normal"><LA Size="normal">Zuchtgarten;</LA></DD></DL>die vorstehenden Einsatzgebiete werden vom Ausbildungsbetrieb festgelegt; eine ausschließliche Kombination der beiden Einsatzgebiete Saatgutwesen und Untersuchungslabor ist nicht möglich; andere Einsatzgebiete sind zulässig, wenn in ihnen die Fertigkeiten, Kenntnisse und Fähigkeiten nach diesem Abschnitt vermittelt werden;<BR/><BR/><SP>Abschnitt B</SP><BR/><BR/> Integrative Fertigkeiten, Kenntnisse und Fähigkeiten: <DL Font="normal" Type="arabic"><DT>1.</DT><DD Font="normal"><LA Size="normal">Aufbau und Organisation des Ausbildungsbetriebes,</LA></DD><DT>2.</DT><DD Font="normal"><LA Size="normal">Berufsbildung, Arbeits- und Tarifrecht,</LA></DD><DT>3.</DT><DD Font="normal"><LA Size="normal">Sicherheit und Gesundheitsschutz bei der Arbeit,</LA></DD><DT>4.</DT><DD Font="normal"><LA Size="normal">Umweltschutz,</LA></DD><DT>5.</DT><DD Font="normal"><LA Size="normal">Naturschutz, ökologische Zusammenhänge, Nachhaltigkeit.</LA></DD></DL></P></Content></text></textdaten></norm>
<norm builddate="20210615213118" doknr="BJNR048200013BJNE000500000"><metadaten><jurabk>PflanzTechnAusbV</jurabk><enbez>§ 4</enbez><titel format="XML">Durchführung der Berufsausbildung</titel></metadaten><textdaten><text format="XML"><Content><P>(1) Die in dieser Verordnung genannten Fertigkeiten, Kenntnisse und Fähigkeiten sollen so vermittelt werden, dass die Auszubildenden zur Ausübung einer qualifizierten beruflichen Tätigkeit im Sinne von § 1 Absatz 3 des Berufsbildungsgesetzes befähigt werden, die insbesondere selbstständiges Planen, Durchführen und Kontrollieren einschließt. Diese Befähigung ist auch in Prüfungen nach den §§ 5 und 6 nachzuweisen.</P><P>(2) Die Ausbildenden haben unter Zugrundelegung des Ausbildungsrahmenplans für die Auszubildenden einen Ausbildungsplan zu erstellen.</P><P>(3) Die Auszubildenden haben einen schriftlichen Ausbildungsnachweis zu führen. Ihnen ist Gelegenheit zu geben, den schriftlichen Ausbildungsnachweis während der Ausbildungszeit zu führen. Die Ausbildenden haben den schriftlichen Ausbildungsnachweis regelmäßig durchzusehen.</P></Content></text></textdaten></norm>
<norm builddate="20210615213118" doknr="BJNR048200013BJNE000600000"><metadaten><jurabk>PflanzTechnAusbV</jurabk><enbez>§ 5</enbez><titel format="XML">Zwischenprüfung</titel></metadaten><textdaten><text format="XML"><Content><P>(1) Zur Ermittlung des Ausbildungsstandes ist eine Zwischenprüfung durchzuführen. Sie soll vor dem Ende des zweiten Ausbildungsjahres stattfinden.</P><P>(2) Die Zwischenprüfung erstreckt sich auf die in der Anlage für die ersten drei Ausbildungshalbjahre aufgeführten Fertigkeiten, Kenntnisse und Fähigkeiten sowie auf den im Berufsschulunterricht zu vermittelnden Lehrstoff, soweit er für die Berufsausbildung wesentlich ist.</P><P>(3) Die Zwischenprüfung findet in den Prüfungsbereichen <DL Type="arabic"><DT>1.</DT><DD Font="normal"><LA>Pflanzenvermehrung,</LA></DD><DT>2.</DT><DD Font="normal"><LA>Pflanzenbau</LA></DD></DL>statt.</P><P>(4) Für den Prüfungsbereich Pflanzenvermehrung bestehen folgende Vorgaben: <DL Type="arabic"><DT>1.</DT><DD Font="normal"><LA>Der Prüfling soll nachweisen, dass er</LA><LA><DL Type="alpha"><DT>a)</DT><DD Font="normal"><LA>Substrate auswählen,</LA></DD><DT>b)</DT><DD Font="normal"><LA>Qualität von Pflanzenmaterial zur Vermehrung beurteilen,</LA></DD><DT>c)</DT><DD Font="normal"><LA>Pflanzenmaterial in Kultur nehmen,</LA></DD><DT>d)</DT><DD Font="normal"><LA>Pflegemaßnahmen durchführen,</LA></DD><DT>e)</DT><DD Font="normal"><LA>Daten erfassen und dokumentieren</LA></DD></DL></LA><LA>und dabei Kontaminationen vermeiden, Arbeitsschritte festlegen, Geräte, Maschinen und Arbeitsstoffe auswählen und einsetzen, Maßnahmen zur Sicherheit und zum Gesundheitsschutz bei der Arbeit, zur Qualitätssicherung und Wirtschaftlichkeit sowie zum Umweltschutz und zur Nachhaltigkeit ergreifen und seine Vorgehensweise begründen kann;</LA></DD><DT>2.</DT><DD Font="normal"><LA>der Prüfling soll eine Arbeitsprobe durchführen und hierüber ein auftragsbezogenes Fachgespräch führen; bei der Aufgabenstellung sind höchstens zwei der nach § 3 Absatz 2 Abschnitt A festgelegten Einsatzgebiete zu Grunde zu legen;</LA></DD><DT>3.</DT><DD Font="normal"><LA>die Prüfungszeit beträgt 90 Minuten; innerhalb dieser Zeit soll das Fachgespräch in höchstens 15 Minuten durchgeführt werden.</LA></DD></DL></P><P>(5) Für den Prüfungsbereich Pflanzenbau bestehen folgende Vorgaben: <DL Type="arabic"><DT>1.</DT><DD Font="normal"><LA>Der Prüfling soll nachweisen, dass er <DL Type="alpha"><DT>a)</DT><DD Font="normal"><LA>Verfahren zum Anbau, zur Pflege und zur Ernte von Kulturpflanzen darstellen,</LA></DD><DT>b)</DT><DD Font="normal"><LA>Maßnahmen zum Anbau, zur Pflege und zur Ernte von Kulturpflanzen planen</LA></DD></DL></LA><LA>und dabei Arbeitsschritte festlegen, fachspezifische Berechnungen durchführen, den Einsatz von Geräten, Maschinen und Arbeitsstoffen planen, Maßnahmen zur Sicherheit und zum Gesundheitsschutz bei der Arbeit, zur Qualitätssicherung und Wirtschaftlichkeit sowie zum Umweltschutz und zur Nachhaltigkeit berücksichtigen und die wesentlichen fachlichen Zusammenhänge aufzeigen kann;</LA></DD><DT>2.</DT><DD Font="normal"><LA>der Prüfling soll berufstypische Aufgaben schriftlich bearbeiten;</LA></DD><DT>3.</DT><DD Font="normal"><LA>die Prüfungszeit beträgt 90 Minuten.</LA></DD></DL></P></Content></text></textdaten></norm>
<norm builddate="20210615213118" doknr="BJNR048200013BJNE000700000"><metadaten><jurabk>PflanzTechnAusbV</jurabk><enbez>§ 6</enbez><titel format="XML">Abschlussprüfung</titel></metadaten><textdaten><text format="XML"><Content><P>(1) Durch die Abschlussprüfung ist festzustellen, ob der Prüfling die berufliche Handlungsfähigkeit erworben hat. In der Abschlussprüfung soll der Prüfling nachweisen, dass er die dafür erforderlichen beruflichen Fertigkeiten beherrscht, die notwendigen beruflichen Kenntnisse und Fähigkeiten besitzt und mit dem im Berufsschulunterricht zu vermittelnden, für die Berufsausbildung wesentlichen Lehrstoff vertraut ist. Die Ausbildungsordnung ist zu Grunde zu legen.</P><P>(2) Die Abschlussprüfung erstreckt sich auf die in der Anlage aufgeführten Fertigkeiten, Kenntnisse und Fähigkeiten sowie auf den im Berufsschulunterricht zu vermittelnden Lehrstoff, soweit er für die Berufsausbildung wesentlich ist.</P><P>(3) Die Abschlussprüfung besteht aus den Prüfungsbereichen: <DL Type="arabic"><DT>1.</DT><DD Font="normal"><LA>Versuchsdurchführung,</LA></DD><DT>2.</DT><DD Font="normal"><LA>Kultursteuerung,</LA></DD><DT>3.</DT><DD Font="normal"><LA>Züchtungsverfahren,</LA></DD><DT>4.</DT><DD Font="normal"><LA>Wirtschafts- und Sozialkunde.</LA></DD></DL></P><P>(4) Für den Prüfungsbereich Versuchsdurchführung bestehen folgende Vorgaben: <DL Type="arabic"><DT>1.</DT><DD Font="normal"><LA>Der Prüfling soll nachweisen, dass er <DL Type="alpha"><DT>a)</DT><DD Font="normal"><LA>Versuchspläne umsetzen,</LA></DD><DT>b)</DT><DD Font="normal"><LA>Pflanzenmaterial in Versuchen und Untersuchungsreihen einsetzen,</LA></DD><DT>c)</DT><DD Font="normal"><LA>Probennahmen durchführen,</LA></DD><DT>d)</DT><DD Font="normal"><LA>Maßnahmen zur Verhütung von Pflanzenschäden ergreifen,</LA></DD><DT>e)</DT><DD Font="normal"><LA>Daten erheben und dokumentieren,</LA></DD><DT>f)</DT><DD Font="normal"><LA>Ergebnisse darstellen</LA></DD></DL>und dabei Vorgaben, insbesondere zur Sicherung der statistischen Auswertbarkeit, beachten, fachspezifische Berechnungen durchführen, Arbeitsabläufe festlegen, Geräte, Maschinen und Arbeitsstoffe auswählen und einsetzen, Maßnahmen zur Sicherheit und zum Gesundheitsschutz bei der Arbeit, zur Qualitätssicherung sowie zum Umweltschutz und zur Nachhaltigkeit ergreifen und seine Vorgehensweise begründen kann;</LA></DD><DT>2.</DT><DD Font="normal"><LA>der Prüfling soll eine Arbeitsaufgabe durchführen und hierüber ein auftragsbezogenes Fachgespräch führen; bei der Aufgabenstellung sind höchstens zwei der nach § 3 Absatz 2 Abschnitt A festgelegten Einsatzgebiete zu Grunde zu legen;</LA></DD><DT>3.</DT><DD Font="normal"><LA>die Prüfungszeit beträgt 120 Minuten; innerhalb dieser Zeit soll das Fachgespräch in höchstens 15 Minuten durchgeführt werden.</LA></DD></DL></P><P>(5) Für den Prüfungsbereich Kultursteuerung bestehen folgende Vorgaben: <DL Type="arabic"><DT>1.</DT><DD Font="normal"><LA>Der Prüfling soll nachweisen, dass er <DL Type="alpha"><DT>a)</DT><DD Font="normal"><LA>Pflanzenmaterial hinsichtlich des Entwicklungsstandes beurteilen,</LA></DD><DT>b)</DT><DD Font="normal"><LA>Wachstumsfaktoren von Pflanzen entsprechend vorgegebener Kulturziele beeinflussen,</LA></DD><DT>c)</DT><DD Font="normal"><LA>Pflanzenentwicklung und Pflanzenwachstum steuern,</LA></DD><DT>d)</DT><DD Font="normal"><LA>Schaderreger erkennen und Maßnahmen ergreifen</LA></DD></DL>und dabei Kontaminationen vermeiden, Arbeitsabläufe festlegen, Geräte, Maschinen und Arbeitsstoffe auswählen und einsetzen, Maßnahmen zur Sicherheit und zum Gesundheitsschutz bei der Arbeit, zur Qualitätssicherung und Wirtschaftlichkeit sowie zum Umweltschutz und zur Nachhaltigkeit ergreifen und seine Vorgehensweise begründen kann;</LA></DD><DT>2.</DT><DD Font="normal"><LA>der Prüfling soll eine Arbeitsaufgabe durchführen und hierüber ein auftragsbezogenes Fachgespräch führen; bei der Aufgabenstellung sind höchstens zwei der nach § 3 Absatz 2 Abschnitt A festgelegten Einsatzgebiete zu Grunde zu legen;</LA></DD><DT>3.</DT><DD Font="normal"><LA>die Prüfungszeit beträgt 90 Minuten; innerhalb dieser Zeit soll das Fachgespräch in höchstens 15 Minuten durchgeführt werden.</LA></DD></DL></P><P>(6) Für den Prüfungsbereich Züchtungsverfahren bestehen folgende Vorgaben: <DL Type="arabic"><DT>1.</DT><DD Font="normal"><LA>Der Prüfling soll nachweisen, dass er <DL Type="alpha"><DT>a)</DT><DD Font="normal"><LA>Züchtungsmethoden unter Berücksichtigung ihrer biologischen Grundlagen darstellen,</LA></DD><DT>b)</DT><DD Font="normal"><LA>Vermehrungs- und Regenerationsverfahren auswählen</LA></DD></DL>und dabei verfahrensspezifische fachliche Hintergründe und Zusammenhänge aufzeigen, fachspezifische Berechnungen durchführen, berufsspezifische Vorschriften, insbesondere zum Sorten- und Saatgutrecht, berücksichtigen, Arbeitsabläufe festlegen, Maßnahmen zur Qualitätssicherung sowie zum Umweltschutz und zur Nachhaltigkeit ergreifen, die Bedeutung von genetischen Ressourcen darstellen und seine Vorgehensweise begründen kann;</LA></DD><DT>2.</DT><DD Font="normal"><LA>der Prüfling soll berufstypische Aufgaben schriftlich bearbeiten;</LA></DD><DT>3.</DT><DD Font="normal"><LA>die Prüfungszeit beträgt 120 Minuten.</LA></DD></DL></P><P>(7) Für den Prüfungsbereich Wirtschafts- und Sozialkunde bestehen folgende Vorgaben: <DL Type="arabic"><DT>1.</DT><DD Font="normal"><LA>Der Prüfling soll nachweisen, dass er allgemeine wirtschaftliche und gesellschaftliche Zusammenhänge der Berufs- und Arbeitswelt darstellen und beurteilen kann;</LA></DD><DT>2.</DT><DD Font="normal"><LA>der Prüfling soll Aufgaben schriftlich bearbeiten;</LA></DD><DT>3.</DT><DD Font="normal"><LA>die Prüfungszeit beträgt 60 Minuten.</LA></DD></DL></P><P>(8) Die einzelnen Prüfungsbereiche sind wie folgt zu gewichten: <DL Type="arabic"><DT>1.</DT><DD Font="normal"><LA><!-- SPLIT UMBAU : [Text: Prüfungsbereich Versuchsdurchführung][Element: <Split/>







][Text: 30 Prozent,]--><table colsep="0" frame="none" pgwide="1" rowsep="0"><tgroup cols="2"><colspec align="left" colname="leftSplit"/><colspec align="right" colname="rightSplit"/><tbody Class="Split"><row><entry colname="leftSplit">Prüfungsbereich Versuchsdurchführung</entry><entry colname="rightSplit" valign="bottom">30 Prozent,</entry></row></tbody></tgroup></table></LA></DD><DT>2.</DT><DD Font="normal"><LA><!-- SPLIT UMBAU : [Text: Prüfungsbereich Kultursteuerung][Element: <Split/>







][Text: 30 Prozent,]--><table colsep="0" frame="none" pgwide="1" rowsep="0"><tgroup cols="2"><colspec align="left" colname="leftSplit"/><colspec align="right" colname="rightSplit"/><tbody Class="Split"><row><entry colname="leftSplit">Prüfungsbereich Kultursteuerung</entry><entry colname="rightSplit" valign="bottom">30 Prozent,</entry></row></tbody></tgroup></table></LA></DD><DT>3.</DT><DD Font="normal"><LA><!-- SPLIT UMBAU : [Text: Prüfungsbereich Züchtungsverfahren][Element: <Split/>







][Text: 30 Prozent,]--><table colsep="0" frame="none" pgwide="1" rowsep="0"><tgroup cols="2"><colspec align="left" colname="leftSplit"/><colspec align="right" colname="rightSplit"/><tbody Class="Split"><row><entry colname="leftSplit">Prüfungsbereich Züchtungsverfahren</entry><entry colname="rightSplit" valign="bottom">30 Prozent,</entry></row></tbody></tgroup></table></LA></DD><DT>4.</DT><DD Font="normal"><LA><!-- SPLIT UMBAU : [Text: Prüfungsbereich Wirtschafts-][Element: <BR/>







][Text:  und Sozialkunde][Element: 







<Split/>







][Text: 10 Prozent.]--><table colsep="0" frame="none" pgwide="1" rowsep="0"><tgroup cols="2"><colspec align="left" colname="leftSplit"/><colspec align="right" colname="rightSplit"/><tbody Class="Split"><row><entry colname="leftSplit">Prüfungsbereich Wirtschafts-<BR/> und Sozialkunde</entry><entry colname="rightSplit" valign="bottom">10 Prozent.</entry></row></tbody></tgroup></table></LA></DD></DL></P><P>(9) Die Abschlussprüfung ist bestanden, wenn die Leistungen <DL Type="arabic"><DT>1.</DT><DD Font="normal"><LA>im Gesamtergebnis mit mindestens „ausreichend“,</LA></DD><DT>2.</DT><DD Font="normal"><LA>in mindestens drei Prüfungsbereichen mit mindestens „ausreichend“,</LA></DD><DT>3.</DT><DD Font="normal"><LA>in keinem Prüfungsbereich mit „ungenügend“</LA></DD></DL>bewertet worden sind.</P><P>(10) Auf Antrag des Prüflings ist die Prüfung in einem der mit schlechter als „ausreichend“ bewerteten Prüfungsbereiche, in denen Prüfungsleistungen mit eigener Anforderung und Gewichtung schriftlich zu erbringen sind, durch eine mündliche Prüfung von etwa 15 Minuten zu ergänzen, wenn dies für das Bestehen der Prüfung den Ausschlag geben kann. Bei der Ermittlung des Ergebnisses für diesen Prüfungsbereich sind das bisherige Ergebnis und das Ergebnis der mündlichen Ergänzungsprüfung im Verhältnis von 2:1 zu gewichten.</P></Content></text></textdaten></norm>
<norm builddate="20210615213118" doknr="BJNR048200013BJNE000800000"><metadaten><jurabk>PflanzTechnAusbV</jurabk><enbez>§ 7</enbez><titel format="XML">Bestehende Berufsausbildungsverhältnisse</titel></metadaten><textdaten><text format="XML"><Content><P>Berufsausbildungsverhältnisse, die bei Inkrafttreten dieser Verordnung bestehen, können unter Anrechnung der bisher zurückgelegten Ausbildungszeit nach den Vorschriften dieser Verordnung fortgesetzt werden, wenn die Vertragsparteien dies vereinbaren.</P></Content></text></textdaten></norm>
<norm builddate="20210615213118" doknr="BJNR048200013BJNE000900000"><metadaten><jurabk>PflanzTechnAusbV</jurabk><enbez>§ 8</enbez><titel format="XML">Inkrafttreten</titel></metadaten><textdaten><text format="XML"><Content><P>Diese Verordnung tritt am 1. August 2013 in Kraft.</P></Content></text></textdaten></norm>
<norm builddate="20210615213118" doknr="BJNR048200013BJNE001000000"><metadaten><jurabk>PflanzTechnAusbV</jurabk><enbez>Anlage</enbez><titel format="XML">(zu § 3 Absatz 1)<BR/>Ausbildungsrahmenplan<BR/>für die Berufsausbildung zum Pflanzentechnologen und zur Pflanzentechnologin</titel></metadaten><textdaten><text format="XML"><Content><P><noindex><kommentar typ="Fundstelle">(Fundstelle: BGBl. I 2013, 485 – 487)</kommentar></noindex></P><BR/><BR/><P><B>Abschnitt A: Berufsprofilgebende Fertigkeiten, Kenntnisse und Fähigkeiten</B><BR/><BR/><table frame="all" pgwide="1" tabstyle="tabelle1" tocentry="%yes;"><tgroup align="left" char="" charoff="50" cols="5" colsep="1" rowsep="1"><colspec align="center" colname="col1" colnum="1" colwidth="0.6*"/><colspec colname="col2" colnum="2" colwidth="3.0*"/><colspec align="justify" colname="col3" colnum="3" colwidth="7.3*"/><colspec align="center" colname="col4" colnum="4" colwidth="1.30*"/><colspec align="center" colname="col5" colnum="5" colwidth="1.30*"/><thead valign="bottom"><row><entry VJ="1" align="center" colname="col1" morerows="1" valign="middle">Lfd.<BR/> Nr.</entry><entry VJ="1" align="center" colname="col2" morerows="1" valign="middle">Teil des<BR/> Ausbildungsberufsbildes</entry><entry VJ="1" align="center" colname="col3" morerows="1" valign="middle">Zu vermittelnde<BR/> Fertigkeiten, Kenntnisse und Fähigkeiten</entry><entry VJ="1" align="center" colname="col4" nameend="col5" namest="col4" valign="middle">Zeitliche Richtwerte<BR/> in Wochen im</entry></row><row><entry VJ="1" align="center" colname="col4" valign="middle">1. bis 18.<BR/> Monat</entry><entry VJ="1" align="center" colname="col5" valign="middle">19. bis 36.<BR/> Monat</entry></row><row><entry VJ="1" align="center" colname="col1" valign="middle">1</entry><entry VJ="1" align="center" colname="col2" valign="middle">2</entry><entry VJ="1" align="center" colname="col3" valign="middle">3</entry><entry VJ="1" align="center" colname="col4" nameend="col5" namest="col4" valign="middle">4</entry></row></thead><tbody valign="top"><row><entry VJ="1" colname="col1" rowsep="0">1</entry><entry VJ="1" colname="col2" rowsep="0">Kulturpflanzen zu Versuchs- und<BR/> Vermehrungszwecken anbauen, pflegen und ernten<BR/> (§ 3 Absatz 2 Abschnitt A <BR/>Nummer 1)</entry><entry VJ="1" colname="col3"><DL Font="normal" Type="alpha"><DT>a)</DT><DD Font="normal"><LA Size="normal">Kultursubstrate hinsichtlich der Eignung für die Durchführung von Versuchen und Vermehrung beurteilen, auswählen und vorbereiten</LA></DD><DT>b)</DT><DD Font="normal"><LA Size="normal">Versuchs- und Vermehrungsmaterial vorbereiten und einsetzen</LA></DD><DT>c)</DT><DD Font="normal"><LA Size="normal">Pflanzenmaterial ausbringen, pflegen und ernten</LA></DD></DL></entry><entry VJ="1" colname="col4" valign="middle">30</entry><entry VJ="1" colname="col5"/></row><row><entry VJ="1" colname="col1"/><entry VJ="1" colname="col2"/><entry VJ="1" colname="col3"><DL Font="normal" Type="alpha"><DT>d)</DT><DD Font="normal"><LA Size="normal">Wachstumsfaktoren von Pflanzen nach Versuchs- und Vermehrungszielen beeinflussen</LA></DD><DT>e)</DT><DD Font="normal"><LA Size="normal">Maßnahmen des integrierten Pflanzenschutzes anwenden</LA></DD></DL></entry><entry VJ="1" colname="col4" valign="middle"/><entry VJ="1" colname="col5" valign="middle">10</entry></row><row><entry VJ="1" colname="col1" rowsep="0">2</entry><entry VJ="1" colname="col2" rowsep="0">Versuche und Untersuchungsreihen planen, durchführen und dokumentieren<BR/> (§ 3 Absatz 2 Abschnitt A <BR/>Nummer 2)</entry><entry VJ="1" colname="col3"><DL Font="normal" Type="alpha"><DT>a)</DT><DD Font="normal"><LA Size="normal">Merkmalsausprägungen von Pflanzenmaterial erheben und bonitieren</LA></DD><DT>b)</DT><DD Font="normal"><LA Size="normal">Berechnungen zur Vorbereitung und Umsetzung von Versuchen und Untersuchungsreihen durchführen</LA></DD><DT>c)</DT><DD Font="normal"><LA Size="normal">Versuchs- und Untersuchungsdaten erfassen und dokumentieren</LA></DD></DL></entry><entry VJ="1" colname="col4" valign="middle">10</entry><entry VJ="1" colname="col5"/></row><row><entry VJ="1" colname="col1"/><entry VJ="1" colname="col2"/><entry VJ="1" colname="col3"><DL Font="normal" Type="alpha"><DT>d)</DT><DD Font="normal"><LA Size="normal">Vorgaben und Pläne bei Versuchen und Untersuchungsreihen umsetzen, insbesondere in Bezug auf statistische Auswertungen</LA></DD><DT>e)</DT><DD Font="normal"><LA Size="normal">Versuche und Untersuchungsreihen planen und durchführen</LA></DD><DT>f)</DT><DD Font="normal"><LA Size="normal">Versuche und Untersuchungsreihen dokumentieren und Daten aufbereiten</LA></DD><DT>g)</DT><DD Font="normal"><LA Size="normal">Pflanzenmaterial nach Vorgabe selektieren</LA></DD></DL></entry><entry VJ="1" colname="col4" valign="middle"/><entry VJ="1" colname="col5" valign="middle">15</entry></row><row><entry VJ="1" colname="col1" rowsep="0">3</entry><entry VJ="1" colname="col2" morerows="1">Züchtungs- und Vermehrungsverfahren anwenden<BR/> (§ 3 Absatz 2 Abschnitt A <BR/>Nummer 3)</entry><entry VJ="1" colname="col3"><DL Font="normal" Type="alpha"><DT>a)</DT><DD Font="normal"><LA Size="normal">verfahrensspezifische Methoden zur Vermeidung von Kontaminationen anwenden</LA></DD><DT>b)</DT><DD Font="normal"><LA Size="normal">sortenfähiges Material prüfen</LA></DD></DL></entry><entry VJ="1" colname="col4" valign="middle">10</entry><entry VJ="1" colname="col5"/></row><row><entry VJ="1" colname="col1"/><entry VJ="1" colname="col3"><DL Font="normal" Type="alpha"><DT>c)</DT><DD Font="normal"><LA Size="normal">Verfahren zur Sortenentwicklung anwenden, dabei geeignete Züchtungs- und Vermehrungsverfahren durchführen</LA></DD><DT>d)</DT><DD Font="normal"><LA Size="normal">Vorgaben des Sortenrechtes umsetzen</LA></DD><DT>e)</DT><DD Font="normal"><LA Size="normal">Bedeutung von genetischer Vielfalt und Genbanken für die Pflanzenzüchtung darstellen</LA></DD></DL></entry><entry VJ="1" colname="col4" valign="middle"/><entry VJ="1" colname="col5" valign="middle">10</entry></row><row><entry VJ="1" colname="col1" rowsep="0">4</entry><entry VJ="1" colname="col2" morerows="1">Maschinen und Geräte einsetzen, pflegen und warten; Arbeitsstoffe einsetzen<BR/> (§ 3 Absatz 2 Abschnitt A <BR/>Nummer 4)</entry><entry VJ="1" colname="col3"><DL Font="normal" Type="alpha"><DT>a)</DT><DD Font="normal"><LA Size="normal">Maschinen, Geräte und technische Anlagen bedienen sowie Schutzmaßnahmen beachten</LA></DD><DT>b)</DT><DD Font="normal"><LA Size="normal">Arbeits- und Betriebsstoffe sowie Chemikalien annehmen, kennzeichnen, lagern, transportieren und einsetzen</LA></DD></DL></entry><entry VJ="1" colname="col4" valign="middle">10</entry><entry VJ="1" colname="col5"/></row><row><entry VJ="1" colname="col1"/><entry VJ="1" colname="col3"><DL Font="normal" Type="alpha"><DT>c)</DT><DD Font="normal"><LA Size="normal">Maschinen, Geräte und technische Anlagen reinigen, pflegen und prüfen sowie Störungen feststellen und Maßnahmen zu deren Beseitigung ergreifen</LA></DD><DT>d)</DT><DD Font="normal"><LA Size="normal">Wartung von Maschinen, Geräten und technischen Anlagen veranlassen</LA></DD></DL></entry><entry VJ="1" colname="col4" valign="middle"/><entry VJ="1" colname="col5" valign="middle">10</entry></row><row><entry VJ="1" colname="col1" morerows="1">5</entry><entry VJ="1" colname="col2" morerows="1">Probennahme und -analyse durchführen<BR/> (§ 3 Absatz 2 Abschnitt A <BR/>Nummer 5)</entry><entry VJ="1" colname="col3"><DL Font="normal" Type="alpha"><DT>a)</DT><DD Font="normal"><LA Size="normal">Probennahme unter Berücksichtigung von versuchs- und analysespezifischen Vorgaben durchführen</LA></DD><DT>b)</DT><DD Font="normal"><LA Size="normal">Methoden der Probenkonservierung und -lagerung anwenden</LA></DD><DT>c)</DT><DD Font="normal"><LA Size="normal">Proben zur Untersuchung vorbereiten</LA></DD></DL></entry><entry VJ="1" colname="col4" valign="middle">8</entry><entry VJ="1" colname="col5"/></row><row><entry VJ="1" colname="col3"><DL Font="normal" Type="alpha"><DT>d)</DT><DD Font="normal"><LA Size="normal">Analyseverfahren anwenden</LA></DD></DL></entry><entry VJ="1" colname="col4"/><entry VJ="1" colname="col5" valign="middle">10</entry></row><row><entry VJ="1" colname="col1" rowsep="0">6</entry><entry VJ="1" colname="col2" morerows="1">Vorbereiten von Arbeitsabläufen, Arbeiten im Team, Organisation<BR/> (§ 3 Absatz 2 Abschnitt A <BR/>Nummer 6)</entry><entry VJ="1" colname="col3"><DL Font="normal" Type="alpha"><DT>a)</DT><DD Font="normal"><LA Size="normal">Arbeitsaufträge entgegennehmen und prüfen, Arbeitsschritte planen, festlegen und dokumentieren</LA></DD><DT>b)</DT><DD Font="normal"><LA Size="normal">Arbeitsschritte innerbetrieblich abstimmen</LA></DD></DL></entry><entry VJ="1" colname="col4" valign="middle">4</entry><entry VJ="1" colname="col5"/></row><row><entry VJ="1" colname="col1"/><entry VJ="1" colname="col3"><DL Font="normal" Type="alpha"><DT>c)</DT><DD Font="normal"><LA Size="normal">Arbeitsabläufe eigenständig und im Team planen und umsetzen</LA></DD><DT>d)</DT><DD Font="normal"><LA Size="normal">Arbeitsergebnisse dokumentieren, kontrollieren und bewerten</LA></DD><DT>e)</DT><DD Font="normal"><LA Size="normal">Konflikte im Team lösen</LA></DD></DL></entry><entry VJ="1" colname="col4" valign="middle"/><entry VJ="1" colname="col5" valign="middle">9</entry></row><row><entry VJ="1" colname="col1" rowsep="0">7</entry><entry VJ="1" colname="col2" morerows="1">Qualitätssicherungssysteme anwenden<BR/> (§ 3 Absatz 2 Abschnitt A <BR/>Nummer 7)</entry><entry VJ="1" colname="col3"><DL Font="normal" Type="alpha"><DT>a)</DT><DD Font="normal"><LA Size="normal">Ziele, Aufgaben und Aufbau von Qualitätsmanagementsystemen erläutern</LA></DD></DL></entry><entry VJ="1" colname="col4" valign="middle">2</entry><entry VJ="1" colname="col5"/></row><row><entry VJ="1" colname="col1"/><entry VJ="1" colname="col3"><DL Font="normal" Type="alpha"><DT>b)</DT><DD Font="normal"><LA Size="normal">betriebliche Qualitätssicherungssysteme anwenden, insbesondere Qualität sichernde Vorbeuge- und Korrekturmaßnahmen einleiten und durchführen</LA></DD><DT>c)</DT><DD Font="normal"><LA Size="normal">Qualitätsstandards anwenden, Umsetzung überprüfen und beurteilen</LA></DD></DL></entry><entry VJ="1" colname="col4" valign="middle"/><entry VJ="1" colname="col5" valign="middle">8</entry></row><row><entry VJ="1" colname="col1" morerows="1">8</entry><entry VJ="1" colname="col2" morerows="1">Informations- und Kommunikations techniken anwenden<BR/> (§ 3 Absatz 2 Abschnitt A <BR/>Nummer 8)</entry><entry VJ="1" colname="col3"><DL Font="normal" Type="alpha"><DT>a)</DT><DD Font="normal"><LA Size="normal">Informationen beschaffen, auswerten und einordnen</LA></DD><DT>b)</DT><DD Font="normal"><LA Size="normal">betriebliche Kommunikations- und Informationssysteme nutzen, insbesondere arbeitsplatzspezifische Software anwenden</LA></DD><DT>c)</DT><DD Font="normal"><LA Size="normal">Daten erfassen, Regeln zum Datenschutz und zur Datensicherheit beachten</LA></DD></DL></entry><entry VJ="1" colname="col4" valign="middle">4</entry><entry VJ="1" colname="col5"/></row><row><entry VJ="1" colname="col3"><DL Font="normal" Type="alpha"><DT>d)</DT><DD Font="normal"><LA Size="normal">Daten sichern und pflegen</LA></DD><DT>e)</DT><DD Font="normal"><LA Size="normal">Sachverhalte darstellen und Gespräche situationsgerecht führen</LA></DD><DT>f)</DT><DD Font="normal"><LA Size="normal">berufsspezifische Fachbegriffe anwenden</LA></DD></DL></entry><entry VJ="1" colname="col4"/><entry VJ="1" colname="col5" valign="middle">6</entry></row></tbody></tgroup></table></P><BR/><BR/><P><B>Abschnitt B: Integrative Fertigkeiten, Kenntnisse und Fähigkeiten</B><BR/><BR/><table frame="all" pgwide="1" tabstyle="tabelle1" tocentry="%yes;"><tgroup align="left" char="" charoff="50" cols="5" colsep="1" rowsep="1"><colspec align="center" colname="col1" colnum="1" colwidth="0.6*"/><colspec colname="col2" colnum="2" colwidth="3.0*"/><colspec align="justify" colname="col3" colnum="3" colwidth="7.3*"/><colspec align="center" colname="col4" colnum="4" colwidth="1.30*"/><colspec align="center" colname="col5" colnum="5" colwidth="1.30*"/><thead valign="bottom"><row><entry VJ="1" align="center" colname="col1" morerows="1" valign="middle">Lfd.<BR/> Nr.</entry><entry VJ="1" align="center" colname="col2" morerows="1" valign="middle">Teil des<BR/> Ausbildungsberufsbildes</entry><entry VJ="1" align="center" colname="col3" morerows="1" valign="middle">Zu vermittelnde<BR/> Fertigkeiten, Kenntnisse und Fähigkeiten</entry><entry VJ="1" align="center" colname="col4" nameend="col5" namest="col4" valign="middle">Zeitliche Richtwerte<BR/> in Wochen im</entry></row><row><entry VJ="1" align="center" colname="col4" valign="middle">1. bis 18.<BR/> Monat</entry><entry VJ="1" align="center" colname="col5" valign="middle">19. bis 36.<BR/> Monat</entry></row><row><entry VJ="1" align="center" colname="col1" valign="middle">1</entry><entry VJ="1" align="center" colname="col2" valign="middle">2</entry><entry VJ="1" align="center" colname="col3" valign="middle">3</entry><entry VJ="1" align="center" colname="col4" nameend="col5" namest="col4" valign="middle">4</entry></row></thead><tbody valign="top"><row><entry VJ="1" colname="col1" rowsep="1">1</entry><entry VJ="1" colname="col2" rowsep="1">Aufbau und Organisation des Ausbildungsbetriebes<BR/> (§ 3 Absatz 2 Abschnitt B <BR/>Nummer 1)</entry><entry VJ="1" colname="col3"><DL Font="normal" Type="alpha"><DT>a)</DT><DD Font="normal"><LA Size="normal">Aufbau und Aufgaben des ausbildenden Betriebes erläutern</LA></DD><DT>b)</DT><DD Font="normal"><LA Size="normal">Grundfunktionen des ausbildenden Betriebes, wie Beschaffung, Fertigung, Absatz und Verwaltung erklären</LA></DD><DT>c)</DT><DD Font="normal"><LA Size="normal">Beziehungen des ausbildenden Betriebes und seiner Beschäftigten zu Wirtschaftsorganisationen, Berufsvertretungen und Gewerkschaften nennen</LA></DD><DT>d)</DT><DD Font="normal"><LA Size="normal">Grundlagen, Aufgabe und Arbeitsweise der betriebsverfassungs- und personalvertretungsrechtlichen Organe des ausbildenden Betriebes beschreiben</LA></DD></DL></entry><entry VJ="1" nameend="col5" namest="col4" rowsep="0" valign="middle"/></row><row><entry VJ="1" colname="col1" rowsep="1">2</entry><entry VJ="1" colname="col2" rowsep="1">Berufsbildung, Arbeits- und Tarifrecht<BR/> (§ 3 Absatz 2 Abschnitt B <BR/>Nummer 2)</entry><entry VJ="1" colname="col3"><DL Font="normal" Type="alpha"><DT>a)</DT><DD Font="normal"><LA Size="normal">Bedeutung des Ausbildungsvertrages, insbesondere Abschluss, Dauer und Beendigung, erklären</LA></DD><DT>b)</DT><DD Font="normal"><LA Size="normal">gegenseitige Rechte und Pflichten aus dem Ausbildungsvertrag nennen</LA></DD><DT>c)</DT><DD Font="normal"><LA Size="normal">Möglichkeiten der beruflichen Fortbildung nennen</LA></DD><DT>d)</DT><DD Font="normal"><LA Size="normal">wesentliche Teile des Arbeitsvertrages nennen</LA></DD><DT>e)</DT><DD Font="normal"><LA Size="normal">wesentliche Bestimmungen der für den ausbildenden Betrieb geltenden Tarifverträge nennen</LA></DD></DL></entry><entry VJ="1" colsep="0" nameend="col5" namest="col4" rowsep="0" valign="bottom"/></row><row><entry VJ="1" colname="col1" rowsep="1">3</entry><entry VJ="1" colname="col2" rowsep="1">Sicherheit und Gesundheitsschutz bei der Arbeit<BR/> (§ 3 Absatz 2 Abschnitt B <BR/>Nummer 3)</entry><entry VJ="1" colname="col3"><DL Font="normal" Type="alpha"><DT>a)</DT><DD Font="normal"><LA Size="normal">Gefährdung von Sicherheit und Gesundheit am Arbeitsplatz feststellen und Maßnahmen zu ihrer Vermeidung ergreifen</LA></DD><DT>b)</DT><DD Font="normal"><LA Size="normal">berufsbezogene Arbeitsschutz- und Unfallverhütungsvorschriften anwenden</LA></DD><DT>c)</DT><DD Font="normal"><LA Size="normal">Verhaltensweisen bei Unfällen beschreiben sowie erste Maßnahmen einleiten</LA></DD><DT>d)</DT><DD Font="normal"><LA Size="normal">Vorschriften des vorbeugenden Brandschutzes anwenden; Verhaltensweisen bei Bränden beschreiben und Maßnahmen zur Brandbekämpfung ergreifen</LA></DD></DL></entry><entry VJ="1" align="left" colsep="0" nameend="col5" namest="col4" rowsep="0" valign="middle">während <BR/>der gesamten<BR/> Ausbildung<BR/> zu vermitteln</entry></row><row><entry VJ="1" colname="col1" rowsep="1">4</entry><entry VJ="1" colname="col2" rowsep="1">Umweltschutz<BR/> (§ 3 Absatz 2 Abschnitt B <BR/>Nummer 4)</entry><entry VJ="1" colname="col3">Zur Vermeidung betriebsbedingter Umweltbelastungen im beruflichen Einwirkungsbereich beitragen, insbesondere <DL Font="normal" Type="alpha"><DT>a)</DT><DD Font="normal"><LA Size="normal">mögliche Umweltbelastungen durch den Ausbildungsbetrieb und seinen Beitrag zum Umweltschutz an Beispielen erklären</LA></DD><DT>b)</DT><DD Font="normal"><LA Size="normal">für den Ausbildungsbetrieb geltende Regelungen des Umweltschutzes anwenden</LA></DD><DT>c)</DT><DD Font="normal"><LA Size="normal">Möglichkeiten der wirtschaftlichen und umweltschonenden Energie- und Materialverwendung nutzen</LA></DD><DT>d)</DT><DD Font="normal"><LA Size="normal">Abfälle vermeiden, Stoffe und Materialien einer umweltschonenden Entsorgung zuführen</LA></DD></DL></entry><entry VJ="1" colname="col4" colsep="0" rowsep="0" valign="middle"/><entry VJ="1" colname="col5" rowsep="0"/></row><row><entry VJ="1" colname="col1">5</entry><entry VJ="1" colname="col2">Naturschutz, ökologische Zusammenhänge, Nachhaltigkeit<BR/> (§ 3 Absatz 2 Abschnitt B <BR/>Nummer 5)</entry><entry VJ="1" colname="col3"><DL Font="normal" Type="alpha"><DT>a)</DT><DD Font="normal"><LA Size="normal">Einflüsse und Auswirkungen von Pflanzenanbau auf das Ökosystem darstellen</LA></DD><DT>b)</DT><DD Font="normal"><LA Size="normal">Maßnahmen zur Erhaltung genetischer Ressourcen darstellen</LA></DD></DL></entry><entry VJ="1" colname="col4" colsep="0" valign="middle"/><entry VJ="1" colname="col5"/></row></tbody></tgroup></table></P></Content></text></textdaten></norm>
</dokumente>