<?xml version="1.0" encoding="UTF-8" ?><!DOCTYPE dokumente SYSTEM "http://www.gesetze-im-internet.de/dtd/1.01/gii-norm.dtd">
<dokumente builddate="20231122213503" doknr="BJNR1310A0023"><norm builddate="20231122213503" doknr="BJNR1310A0023"><metadaten><jurabk>BEG§172DV 65</jurabk><ausfertigung-datum manuell="ja">2023-10-26</ausfertigung-datum><fundstelle typ="amtlich"><periodikum>BGBl I</periodikum><zitstelle>2023, Nr. 305</zitstelle></fundstelle><langue>Fünfundsechzigste Verordnung zur Durchführung des § 172 des Bundesentschädigungsgesetzes</langue></metadaten><textdaten><fussnoten><Content><P><BR/> <pre xml:space="preserve">(+++ Textnachweis ab: 23.11.2023 +++)<BR/><BR/></pre></P></Content></fussnoten></textdaten></norm>
<norm builddate="20231122213503" doknr="BJNR1310A0023BJNE000100000"><metadaten><jurabk>BEG§172DV 65</jurabk><enbez>Eingangsformel</enbez></metadaten><textdaten><text format="XML"><Content><P>Auf Grund des § 172 Absatz 4 des Bundesentschädigungsgesetzes, der durch Artikel 84 Nummer 1 der Verordnung vom 29. Oktober 2001 (BGBl. I S. 2785) geändert worden ist, in Verbindung mit Artikel V Nummer 5 Absatz 1 des BEG-Schlussgesetzes vom 14. September 1965 (BGBl. I S. 1315) verordnet das Bundesministerium der Finanzen:</P></Content></text></textdaten></norm>
<norm builddate="20231122213503" doknr="BJNR1310A0023BJNE000200000"><metadaten><jurabk>BEG§172DV 65</jurabk><enbez>§ 1</enbez><titel format="XML">Höhe der Entschädigungsaufwendungen und Lastenanteile des Bundes und der elf alten Bundesländer (Länder) im Rechnungsjahr 2022</titel></metadaten><textdaten><text format="XML"><Content><P>(1) Die nach dem Bundesentschädigungsgesetz geleisteten Entschädigungsaufwendungen (Entschädigungsausgaben nach Abzug der mit diesen Ausgaben zusammenhängenden Einnahmen) betrugen im Rechnungsjahr 2022 – jeweils gerundet –:</P><P><table frame="none" pgwide="1" tocentry="%yes;"><tgroup align="left" char="" charoff="50" cols="3"><colspec colname="col1" colwidth="3*"/><colspec colname="col2" colwidth="135*"/><colspec align="right" colname="col3" colwidth="27*"/><tbody valign="top"><row><entry VJ="1" colname="col1" colsep="0" rowsep="0">–</entry><entry VJ="1" colname="col2" colsep="0" rowsep="0">in den Ländern (außer Berlin)</entry><entry VJ="1" colname="col3" rowsep="0">89 463 503 Euro,</entry></row><row><entry VJ="1" colname="col1" colsep="0" rowsep="0">–</entry><entry VJ="1" colname="col2" colsep="0" rowsep="0">in Berlin</entry><entry VJ="1" colname="col3"> 7 536 142 Euro,</entry></row><row><entry VJ="1" colname="col1" colsep="0">–</entry><entry VJ="1" colname="col2" colsep="0">insgesamt</entry><entry VJ="1" colname="col3">96 999 645 Euro.</entry></row></tbody></tgroup></table></P><P>(2) Der Lastenanteil des Bundes an den Entschädigungsaufwendungen beträgt – jeweils gerundet –:</P><P><table frame="none" pgwide="1" tocentry="%yes;"><tgroup align="left" char="" charoff="50" cols="3"><colspec colname="col1" colwidth="3*"/><colspec colname="col2" colwidth="135*"/><colspec align="right" colname="col3" colwidth="27*"/><tbody valign="top"><row><entry VJ="1" colname="col1" colsep="0" rowsep="0">–</entry><entry VJ="1" colname="col2" colsep="0" rowsep="0">in den Ländern (außer Berlin)</entry><entry VJ="1" colname="col3" rowsep="0">44 731 752 Euro,</entry></row><row><entry VJ="1" colname="col1" colsep="0" rowsep="0">–</entry><entry VJ="1" colname="col2" colsep="0" rowsep="0">in Berlin</entry><entry VJ="1" colname="col3">4 521 685 Euro,</entry></row><row><entry VJ="1" colname="col1" colsep="0">–</entry><entry VJ="1" colname="col2" colsep="0">insgesamt</entry><entry VJ="1" colname="col3">49 253 437 Euro.</entry></row></tbody></tgroup></table></P><P>Die Lastenanteile der Länder an den Entschädigungsaufwendungen betragen – jeweils gerundet –:</P><P><table frame="none" pgwide="1" tocentry="%yes;"><tgroup align="left" char="" charoff="50" cols="3"><colspec colname="col1" colwidth="3*"/><colspec colname="col2" colwidth="135*"/><colspec align="right" colname="col3" colwidth="27*"/><tbody valign="top"><row><entry VJ="1" colname="col1" colsep="0" rowsep="0">–</entry><entry VJ="1" colname="col2" colsep="0" rowsep="0">in Nordrhein‑Westfalen</entry><entry VJ="1" colname="col3" rowsep="0">12 435 404 Euro,</entry></row><row><entry VJ="1" colname="col1" colsep="0" rowsep="0">–</entry><entry VJ="1" colname="col2" colsep="0" rowsep="0">in Bayern</entry><entry VJ="1" colname="col3" rowsep="0"> 9 161 168 Euro,</entry></row><row><entry VJ="1" colname="col1" colsep="0" rowsep="0">–</entry><entry VJ="1" colname="col2" colsep="0" rowsep="0">in Baden‑Württemberg</entry><entry VJ="1" colname="col3" rowsep="0"> 7 731 530 Euro,</entry></row><row><entry VJ="1" colname="col1" colsep="0" rowsep="0">–</entry><entry VJ="1" colname="col2" colsep="0" rowsep="0">in Niedersachsen</entry><entry VJ="1" colname="col3" rowsep="0"> 5 584 761 Euro,</entry></row><row><entry VJ="1" colname="col1" colsep="0" rowsep="0">–</entry><entry VJ="1" colname="col2" colsep="0" rowsep="0">in Hessen</entry><entry VJ="1" colname="col3" rowsep="0"> 4 380 787 Euro,</entry></row><row><entry VJ="1" colname="col1" colsep="0" rowsep="0">–</entry><entry VJ="1" colname="col2" colsep="0" rowsep="0">in Rheinland‑Pfalz</entry><entry VJ="1" colname="col3" rowsep="0"> 2 853 205 Euro,</entry></row><row><entry VJ="1" colname="col1" colsep="0" rowsep="0">–</entry><entry VJ="1" colname="col2" colsep="0" rowsep="0">in Schleswig‑Holstein</entry><entry VJ="1" colname="col3" rowsep="0"> 2 026 729 Euro,</entry></row><row><entry VJ="1" colname="col1" colsep="0" rowsep="0">–</entry><entry VJ="1" colname="col2" colsep="0" rowsep="0">im Saarland</entry><entry VJ="1" colname="col3" rowsep="0">  680 776 Euro,</entry></row><row><entry VJ="1" colname="col1" colsep="0" rowsep="0">–</entry><entry VJ="1" colname="col2" colsep="0" rowsep="0">in Hamburg</entry><entry VJ="1" colname="col3" rowsep="0">1 293 595 Euro,</entry></row><row><entry VJ="1" colname="col1" colsep="0" rowsep="0">–</entry><entry VJ="1" colname="col2" colsep="0" rowsep="0">in Bremen</entry><entry VJ="1" colname="col3" rowsep="0">  467 834 Euro,</entry></row><row><entry VJ="1" colname="col1" colsep="0" rowsep="0">–</entry><entry VJ="1" colname="col2" colsep="0" rowsep="0">in Berlin</entry><entry VJ="1" colname="col3"> 1 130 421 Euro,</entry></row><row><entry VJ="1" colname="col1" colsep="0" rowsep="0">–</entry><entry VJ="1" colname="col2" colsep="0" rowsep="0">insgesamt</entry><entry VJ="1" colname="col3" rowsep="0">47 746 210 Euro,</entry></row><row><entry VJ="1" colname="col1" colsep="0">–</entry><entry VJ="1" colname="col2" colsep="0">insgesamt nach Korrektur der Rundungsdifferenzen</entry><entry VJ="1" colname="col3">47 746 208 Euro.</entry></row></tbody></tgroup></table></P><P>(3) Der Bund erstattet den Ländern, in denen die Entschädigungsaufwendungen den auf sie entfallenden Lastenanteil übersteigen, folgende Beträge – jeweils gerundet –:</P><P><table frame="none" pgwide="1" tocentry="%yes;"><tgroup align="left" char="" charoff="50" cols="3"><colspec colname="col1" colsep="0" colwidth="3*"/><colspec colname="col2" colsep="0" colwidth="135*"/><colspec align="right" colname="col3" colwidth="27*"/><tbody valign="top"><row rowsep="0"><entry VJ="1" colname="col1">–</entry><entry VJ="1" colname="col2">Nordrhein‑Westfalen</entry><entry VJ="1" colname="col3">12 552 056 Euro,</entry></row><row rowsep="0"><entry VJ="1" colname="col1">–</entry><entry VJ="1" colname="col2">Bayern</entry><entry VJ="1" colname="col3"> 7 018 908 Euro,</entry></row><row rowsep="0"><entry VJ="1" colname="col1">–</entry><entry VJ="1" colname="col2">Hessen</entry><entry VJ="1" colname="col3"> 4 969 776 Euro,</entry></row><row rowsep="0"><entry VJ="1" colname="col1">–</entry><entry VJ="1" colname="col2">Rheinland‑Pfalz</entry><entry VJ="1" colname="col3">25 047 777 Euro,</entry></row><row rowsep="0"><entry VJ="1" colname="col1">–</entry><entry VJ="1" colname="col2">Berlin</entry><entry VJ="1" colname="col3" rowsep="1"> 6 405 720 Euro,</entry></row><row><entry VJ="1" colname="col1">–</entry><entry VJ="1" colname="col2">insgesamt</entry><entry VJ="1" colname="col3">55 994 237 Euro.</entry></row></tbody></tgroup></table></P><P>(4) Die Länder, in denen die Entschädigungsaufwendungen den auf sie entfallenden Lastenanteil nicht erreichen, führen an den Bund folgende Beträge ab – jeweils gerundet –:</P><P><table frame="none" pgwide="1" tocentry="%yes;"><tgroup align="left" char="" charoff="50" cols="3"><colspec colname="col1" colwidth="3*"/><colspec colname="col2" colwidth="135*"/><colspec align="right" colname="col3" colwidth="27*"/><tbody valign="top"><row><entry VJ="1" colname="col1" colsep="0" rowsep="0">–</entry><entry VJ="1" colname="col2" colsep="0" rowsep="0">Baden‑Württemberg</entry><entry VJ="1" colname="col3" rowsep="0">  744 975 Euro,</entry></row><row><entry VJ="1" colname="col1" colsep="0" rowsep="0">–</entry><entry VJ="1" colname="col2" colsep="0" rowsep="0">Niedersachsen</entry><entry VJ="1" colname="col3" rowsep="0"> 2 698 395 Euro,</entry></row><row><entry VJ="1" colname="col1" colsep="0" rowsep="0">–</entry><entry VJ="1" colname="col2" colsep="0" rowsep="0">Schleswig‑Holstein</entry><entry VJ="1" colname="col3" rowsep="0"> 1 812 205 Euro,</entry></row><row><entry VJ="1" colname="col1" colsep="0" rowsep="0">–</entry><entry VJ="1" colname="col2" colsep="0" rowsep="0">Saarland</entry><entry VJ="1" colname="col3" rowsep="0">  352 816 Euro,</entry></row><row><entry VJ="1" colname="col1" colsep="0" rowsep="0">–</entry><entry VJ="1" colname="col2" colsep="0" rowsep="0">Hamburg</entry><entry VJ="1" colname="col3" rowsep="0">  814 255 Euro,</entry></row><row><entry VJ="1" colname="col1" colsep="0" rowsep="0">–</entry><entry VJ="1" colname="col2" colsep="0" rowsep="0">Bremen</entry><entry VJ="1" colname="col3">  318 155 Euro,</entry></row><row><entry VJ="1" colname="col1" colsep="0">–</entry><entry VJ="1" colname="col2" colsep="0">insgesamt</entry><entry VJ="1" colname="col3"> 6 740 801 Euro.</entry></row></tbody></tgroup></table></P><P>(5) Die nach Absatz 3 vom Bund zu erstattenden Beträge und die nach Absatz 4 an den Bund abzuführenden Beträge werden mit den Beträgen verrechnet, die nach den vorläufigen Abrechnungen der Entschädigungsaufwendungen bereits erstattet oder abgeführt worden sind.</P></Content></text></textdaten></norm>
<norm builddate="20231122213503" doknr="BJNR1310A0023BJNE000300000"><metadaten><jurabk>BEG§172DV 65</jurabk><enbez>§ 2</enbez><titel format="XML">Inkrafttreten</titel></metadaten><textdaten><text format="XML"><Content><P>Diese Verordnung tritt am siebten Tag nach der Verkündung in Kraft.</P></Content></text></textdaten></norm>
<norm builddate="20231122213504" doknr="BJNR1310A0023BJNE000400000"><metadaten><jurabk>BEG§172DV 65</jurabk><enbez>Schlussformel</enbez></metadaten><textdaten><text format="XML"><Content><P>Der Bundesrat hat zugestimmt.</P></Content></text></textdaten></norm>
</dokumente>