<?xml version="1.0" encoding="UTF-8" ?><!DOCTYPE dokumente SYSTEM "http://www.gesetze-im-internet.de/dtd/1.01/gii-norm.dtd">
<dokumente builddate="20131008093700" doknr="BJNR098620998"><norm builddate="20131008093700" doknr="BJNR098620998"><metadaten><jurabk>RheinBrückEschauVtrG</jurabk><ausfertigung-datum manuell="ja">1998-05-27</ausfertigung-datum><fundstelle typ="amtlich"><periodikum>BGBl II</periodikum><zitstelle>1998, 986</zitstelle></fundstelle><langue>Gesetz zu dem Vertrag vom 5. Juni 1996
zwischen der Bundesrepublik Deutschland und der
Französischen Republik über den Bau einer Straßenbrücke
über den Rhein zwischen Altenheim und Eschau</langue></metadaten><textdaten><text format="XML"><Content><P/></Content></text><fussnoten><Content><P>(+++ Textnachweis ab:  4. 6.1998 +++)</P></Content></fussnoten></textdaten></norm>
<norm builddate="20131008093700" doknr="BJNR098620998BJNE000100311"><metadaten><jurabk>RheinBrückEschauVtrG</jurabk><enbez>Eingangsformel</enbez></metadaten><textdaten><text format="XML"><Content><P>Der Bundestag hat mit Zustimmung des Bundesrates das folgende Gesetz beschlossen:</P></Content></text></textdaten></norm>
<norm builddate="20131008093700" doknr="BJNR098620998BJNE000200311"><metadaten><jurabk>RheinBrückEschauVtrG</jurabk><enbez>Art 1</enbez></metadaten><textdaten><text format="XML"><Content><P>Dem in Dijon am 5. Juni 1996 unterzeichneten Vertrag zwischen der Bundesrepublik Deutschland und der Französischen Republik über den Bau einer Straßenbrücke über den Rhein zwischen Altenheim und Eschau wird zugestimmt. Der Vertrag wird nachstehend veröffentlicht.</P></Content></text></textdaten></norm>
<norm builddate="20131008093700" doknr="BJNR098620998BJNE000300311"><metadaten><jurabk>RheinBrückEschauVtrG</jurabk><enbez>Art 2</enbez></metadaten><textdaten><text format="XML"><Content><P>(1) Bis zur Abnahme der Rheinbrücke gilt die Baustelle für die Anwendung des deutschen Umsatzsteuer- und Verbrauchsteuerrechts auf die in Artikel 9 Abs. 1 des Vertrags bezeichneten Umsätze und Warenbewegungen als französisches Hoheitsgebiet. Sie ist insoweit nicht als Inland und Steuergebiet anzusehen.</P><P>(2) Vom Zeitpunkt der Abnahme an für einen Zeitraum von zehn Jahren gilt die Rheinbrücke für die Anwendung des deutschen Umsatzsteuer- und Verbrauchsteuerrechts auf die in Artikel 9 Abs. 1 des Vertrags bezeichneten Umsätze und Warenbewegungen als französisches Hoheitsgebiet. Sie ist insoweit nicht als Inland und Steuergebiet anzusehen.</P></Content> </text></textdaten></norm>
<norm builddate="20131008093700" doknr="BJNR098620998BJNE000400311"><metadaten><jurabk>RheinBrückEschauVtrG</jurabk><enbez>Art 3</enbez></metadaten><textdaten><text format="XML"><Content><P>(1) Dieses Gesetz tritt am Tage nach seiner Verkündung in Kraft.</P><P>(2) Der Tag, an dem der Vertrag nach seinem Artikel 14 Abs. 2 in Kraft tritt, ist im Bundesgesetzblatt bekanntzugeben.</P></Content> </text></textdaten></norm>
</dokumente>