<?xml version="1.0" encoding="UTF-8" ?><!DOCTYPE dokumente SYSTEM "http://www.gesetze-im-internet.de/dtd/1.01/gii-norm.dtd">
<dokumente builddate="20250116224008" doknr="BJNR460200021"><norm builddate="20250116224008" doknr="BJNR460200021"><metadaten><jurabk>GaFöG</jurabk><amtabk>GaFöG</amtabk><ausfertigung-datum manuell="ja">2021-10-02</ausfertigung-datum><fundstelle typ="amtlich"><periodikum>BGBl I</periodikum><zitstelle>2021, 4602</zitstelle></fundstelle><kurzue>Ganztagsförderungsgesetz</kurzue><langue>Gesetz zur ganztägigen Förderung von Kindern im Grundschulalter</langue><standangabe checked="ja"><standtyp>Stand</standtyp><standkommentar>Geändert durch Art. 6 G v. 21.11.2024 I Nr. 361</standkommentar></standangabe></metadaten><textdaten><fussnoten><Content><P><BR/> <pre xml:space="preserve">(+++ Textnachweis ab: 12.10.2021 +++)<BR/><BR/></pre>Art. 4: Aufgeh. durch Art. 6 Nr. 1 G v. 21.11.2024 I Nr. 361 mWv 28.11.2024 <BR/>Art. 7 Abs. 6: Aufgeh. durch Art. 6 Nr. 1 G v. 21.11.2024 I Nr. 361 mWv 28.11.2024</P></Content></fussnoten></textdaten></norm>
<norm builddate="20250116224008" doknr="BJNR460200021BJNE000100000"><metadaten><jurabk>GaFöG</jurabk><enbez>Eingangsformel</enbez></metadaten><textdaten><text format="XML"><Content><P>Der Bundestag hat mit Zustimmung des Bundesrates das folgende Gesetz beschlossen:</P></Content></text></textdaten></norm>
<norm builddate="20250116224008" doknr="BJNR460200021BJNE000200000"><metadaten><jurabk>GaFöG</jurabk><enbez>(XXXX) Art 1 und 2</enbez><titel format="XML">(Änderungsvorschriften)</titel></metadaten><textdaten><text format="XML"><Content/></text></textdaten></norm>
<norm builddate="20250116224008" doknr="BJNR460200021BJNE000300000"><metadaten><jurabk>GaFöG</jurabk><enbez>Art 3</enbez><titel format="XML">Gesetz über Finanzhilfen des Bundes zum Ausbau ganztägiger Bildungs- und Betreuungsangebote für Kinder im Grundschulalter (Ganztagsfinanzhilfegesetz - GaFinHG)</titel></metadaten><textdaten><text format="XML"><Content/></text><fussnoten/></textdaten></norm>
<norm builddate="20250116224008" doknr="BJNR460200021BJNE000400000"><metadaten><jurabk>GaFöG</jurabk><enbez>(XXXX) Art 4 und 5</enbez><titel format="XML">(Änderungsvorschriften)</titel></metadaten><textdaten><text format="XML"><Content/></text></textdaten></norm>
<norm builddate="20250116224008" doknr="BJNR460200021BJNE000501126"><metadaten><jurabk>GaFöG</jurabk><enbez>Art 6</enbez><titel format="XML">Evaluation</titel></metadaten><textdaten><text format="XML"><Content><P>Die Bundesregierung evaluiert unter Beteiligung der Länder zum 31. Dezember 2027 und zum 31. Dezember 2030 die durch dieses Gesetz verursachten Investitionskosten und die Betriebskosten. Im Lichte der Ergebnisse der Evaluation werden Bund und Länder unter Beachtung der Aufgabenverantwortung Mehrbelastungen und Minderbelastungen der Länder angemessen ausgleichen.</P></Content></text><fussnoten/></textdaten></norm>
<norm builddate="20250116224008" doknr="BJNR460200021BJNE000601126"><metadaten><jurabk>GaFöG</jurabk><enbez>Art 7</enbez><titel format="XML">Inkrafttreten</titel></metadaten><textdaten><text format="XML"><Content><P>(1) Dieses Gesetz tritt vorbehaltlich der Absätze 2 bis 6 am Tag nach der Verkündung in Kraft.</P><P>(2) Artikel 1 Nummer 1 und 4 tritt am 1. Januar 2023 in Kraft.</P><P>(3) Artikel 1 Nummer 5 bis 8 tritt am 1. Juli 2022 in Kraft.</P><P>(4) Artikel 1 Nummer 2 und 3 tritt am 1. August 2026 in Kraft.</P><P>(5) Artikel 2 tritt am 1. August 2029 in Kraft.</P><P>(6) (weggefallen)</P></Content></text><fussnoten/></textdaten></norm>
</dokumente>