<?xml version="1.0" encoding="UTF-8" ?><!DOCTYPE dokumente SYSTEM "http://www.gesetze-im-internet.de/dtd/1.01/gii-norm.dtd">
<dokumente builddate="20200325212503" doknr="BJNR124900010"><norm builddate="20200325212503" doknr="BJNR124900010"><metadaten><jurabk>PharmIndMstrFortbV</jurabk><ausfertigung-datum manuell="ja">2010-08-26</ausfertigung-datum><fundstelle typ="amtlich"><periodikum>BGBl I</periodikum><zitstelle>2010, 1249</zitstelle></fundstelle><langue>Verordnung über die Prüfung zum anerkannten Fortbildungsabschluss Geprüfter Industriemeister – Fachrichtung Pharmazie und Geprüfte Industriemeisterin – Fachrichtung Pharmazie</langue><standangabe checked="ja"><standtyp>Stand</standtyp><standkommentar>Zuletzt geändert durch Art. 54 V v. 9.12.2019 I 2153</standkommentar></standangabe></metadaten><textdaten><fussnoten><Content><P><BR/> <pre xml:space="preserve">(+++ Textnachweis ab: 1.10.2010 +++)<BR/><BR/></pre>(+++ Zur Anwendung vgl. §§ 1 u. 3 FortbVenÄndV6AnwV +++)</P></Content></fussnoten></textdaten></norm>
<norm builddate="20200325212503" doknr="BJNR124900010BJNE000100000"><metadaten><jurabk>PharmIndMstrFortbV</jurabk><enbez>Eingangsformel</enbez></metadaten><textdaten><text format="XML"><Content><P>Auf Grund des § 53 Absatz 1 in Verbindung mit Absatz 2 des Berufsbildungsgesetzes vom 23. März 2005 (BGBl. I S. 931), dessen Absatz 1 durch Artikel 232 Nummer 3 Buchstabe a der Verordnung vom 31. Oktober 2006 (BGBl. I S. 2407) geändert worden ist, verordnet das Bundesministerium für Bildung und Forschung nach Anhörung des Hauptausschusses des Bundesinstituts für Berufsbildung im Einvernehmen mit dem Bundesministerium für Wirtschaft und Technologie:</P></Content></text></textdaten></norm>
<norm builddate="20200325212503" doknr="BJNR124900010BJNE000200000"><metadaten><jurabk>PharmIndMstrFortbV</jurabk><enbez>§ 1</enbez><titel format="XML">Ziel der Prüfung und Bezeichnung des Fortbildungsabschlusses</titel></metadaten><textdaten><text format="XML"><Content><P>(1) Zum Nachweis von Kenntnissen, Fertigkeiten und Erfahrungen, die durch die berufliche Fortbildung zum „Geprüften Industriemeister – Fachrichtung Pharmazie“ und zur „Geprüften Industriemeisterin – Fachrichtung Pharmazie“ erworben worden sind, kann die zuständige Stelle Prüfungen nach den §§ 2 bis 10 durchführen.</P><P>(2) Ziel der Prüfung ist der Nachweis der Qualifikation zum „Geprüften Industriemeister – Fachrichtung Pharmazie“ oder zur „Geprüften Industriemeisterin – Fachrichtung Pharmazie“ und damit die Befähigung, <DL Type="arabic"><DT>1.</DT><DD Font="normal"><LA>in Betrieben unterschiedlicher Größe sowie in verschiedenen Bereichen und Tätigkeitsfeldern eines Betriebes Sach-, Organisations- und Führungsaufgaben wahrzunehmen und</LA></DD><DT>2.</DT><DD Font="normal"><LA>sich auf Änderungen von Methoden und Systemen in der Produktion, auf neue Strukturen der Arbeitsorganisation und auf neue Methoden der Organisationsentwicklung, der Personalführung und -entwicklung einzustellen sowie den technisch-organisatorischen Wandel im Betrieb mitzugestalten.</LA></DD></DL></P><P>(3) Durch die Prüfung ist festzustellen, ob die Qualifikation vorhanden ist, folgende im Zusammenhang stehende Aufgaben eines „Geprüften Industriemeisters – Fachrichtung Pharmazie“ oder einer „Geprüften Industriemeisterin – Fachrichtung Pharmazie“ wahrnehmen zu können: <DL Type="arabic"><DT>1.</DT><DD Font="normal"><LA>Fertigungs- und Verpackungsprozesse überwachen; den Einsatz von Betriebs- und Produktionsmitteln koordinieren und deren Erhaltung und Betriebsbereitschaft sowie deren Werterhalt bei Transport und Lagerung sicherstellen; für die Einhaltung von Qualitäts- und Quantitätsvorgaben sorgen; Maßnahmen zur Vermeidung und Behebung von Betriebsstörungen einleiten; bei der Einrichtung von Arbeitsstätten und der Gestaltung von Arbeitsplätzen unter Beachtung ergonomischer Gesichtspunkte und entsprechender Vorschriften mitwirken; technologische Weiterentwicklungen im Unternehmen umsetzen, die In- und Außerbetriebnahme von Fertigungs- und Verpackungsanlagen organisieren und überwachen; bei der Entwicklung von Vorschlägen für neue technische Konzepte mitarbeiten und den kontinuierlichen Verbesserungsprozess mitgestalten;</LA></DD><DT>2.</DT><DD Font="normal"><LA>Arbeitsabläufe einschließlich des Einsatzes von Wirk-, Hilfs- und Betriebsstoffen planen und sich an der Planung und Umsetzung neuer Fertigungs- und Verpackungsprozesse beteiligen; die Kontrollen der ein- und ausgehenden Erzeugnisse hinsichtlich ihrer Quantität und Qualität sicherstellen; die Kostenentwicklung und den wirtschaftlichen Ablauf steuern; bei der Auswahl und Beschaffung von Apparaten, Anlagen und Einrichtungen mitwirken; für die Einhaltung von Terminen sorgen; die Instandhaltung in Abstimmung mit den zuständigen Mitarbeitern und Mitarbeiterinnen sowie den beteiligten betrieblichen Bereichen koordinieren und überwachen; die Einhaltung der Arbeitssicherheits-, Umwelt-, Gesundheits- und Hygienevorschriften gewährleisten;</LA></DD><DT>3.</DT><DD Font="normal"><LA>Mitarbeiter und Mitarbeiterinnen im Sinne der Unternehmensziele führen und ihnen Aufgaben unter Berücksichtigung betrieblicher Vorgaben, nach betriebswirtschaftlichen Gesichtspunkten und unter Berücksichtigung ihrer individuellen Eignung, Kompetenz und Interessen zuordnen; sie zu selbständigem, verantwortlichem Handeln anleiten, motivieren und an Entscheidungsprozessen beteiligen; bei der Planung des Personalbedarfs und bei Stellenbesetzungen mitwirken; Arbeitsgruppen betreuen und moderieren; die zielorientierte Kooperation und Kommunikation zwischen und mit den Mitarbeitern und Mitarbeiterinnen, mit den Führungskräften sowie mit dem Betriebsrat fördern; die Beurteilung Einzelner und einer Gruppe durchführen und entsprechende Personalentwicklungsmaßnahmen sowie Unterweisungen veranlassen; die Innovationsbereitschaft der Mitarbeiter und Mitarbeiterinnen fördern; neue Mitarbeiter und Mitarbeiterinnen in ihre Arbeitsbereiche einführen; die Ausbildung der zugeteilten Auszubildenden verantworten; Qualitätsmanagementziele kontinuierlich umsetzen sowie Qualitätsbewusstsein und Kundenorientierung der Mitarbeiter und Mitarbeiterinnen fördern.</LA></DD></DL></P><P>(4) Die erfolgreich abgelegte Prüfung führt zum anerkannten Fortbildungsabschluss „Geprüfter Industriemeister – Fachrichtung Pharmazie“ oder “Geprüfte Industriemeisterin – Fachrichtung Pharmazie“.</P></Content></text></textdaten></norm>
<norm builddate="20200325212503" doknr="BJNR124900010BJNE000300000"><metadaten><jurabk>PharmIndMstrFortbV</jurabk><enbez>§ 2</enbez><titel format="XML">Umfang der Industriemeisterqualifikation und Gliederung der Prüfung</titel></metadaten><textdaten><text format="XML"><Content><P>(1) Die Qualifikation zum „Geprüften Industriemeister – Fachrichtung Pharmazie“ und zur „Geprüften Industriemeisterin – Fachrichtung Pharmazie“ umfasst: <DL Type="arabic"><DT>1.</DT><DD Font="normal"><LA>Berufs- und arbeitspädagogische Qualifikationen,</LA></DD><DT>2.</DT><DD Font="normal"><LA>Fachrichtungsübergreifende Basisqualifikationen,</LA></DD><DT>3.</DT><DD Font="normal"><LA>Handlungsspezifische Qualifikationen.</LA></DD></DL></P><P>(2) Der Erwerb der berufs- und arbeitspädagogischen Eignung ist durch eine erfolgreich abgelegte Prüfung nach § 4 der nach dem Berufsbildungsgesetz erlassenen Ausbilder-Eignungsverordnung oder durch eine andere erfolgreich abgelegte vergleichbare Prüfung vor einer öffentlichen oder staatlich anerkannten Bildungseinrichtung oder vor einem staatlichen Prüfungsausschuss nachzuweisen. Der Prüfungsnachweis ist vor Beginn der letzten Prüfungsleistung zu erbringen.</P><P>(3) Die Prüfung zum „Geprüften Industriemeister – Fachrichtung Pharmazie“ und zur „Geprüften Industriemeisterin – Fachrichtung Pharmazie“ gliedert sich in die Prüfungsteile: <DL Type="arabic"><DT>1.</DT><DD Font="normal"><LA>Fachrichtungsübergreifende Basisqualifikationen,</LA></DD><DT>2.</DT><DD Font="normal"><LA>Handlungsspezifische Qualifikationen.</LA></DD></DL></P><P>(4) Im Prüfungsteil nach Absatz 3 Nummer 1 ist schriftlich in Form von anwendungsbezogenen Aufgabenstellungen gemäß § 4 zu prüfen. Im Prüfungsteil nach Absatz 3 Nummer 2 ist in Form von zwei handlungsspezifischen, integrierten Situationsaufgaben I und II sowie einer anwendungsbezogenen schriftlichen Ausarbeitung nach § 5 zu prüfen. Die Situationsaufgabe I wird schriftlich geprüft; die Situationsaufgabe II besteht aus einer schriftlichen Aufgabenstellung und einem Fachgespräch.</P></Content></text></textdaten></norm>
<norm builddate="20200325212503" doknr="BJNR124900010BJNE000400000"><metadaten><jurabk>PharmIndMstrFortbV</jurabk><enbez>§ 3</enbez><titel format="XML">Zulassungsvoraussetzungen</titel></metadaten><textdaten><text format="XML"><Content><P>(1) Zur Prüfung im Prüfungsteil „Fachrichtungsübergreifende Basisqualifikationen“ ist zuzulassen, wer Folgendes nachweist: <DL Type="arabic"><DT>1.</DT><DD Font="normal"><LA>eine mit Erfolg abgelegte Abschlussprüfung in einem anerkannten Ausbildungsberuf, der den Chemieberufen zugeordnet werden kann, oder</LA></DD><DT>2.</DT><DD Font="normal"><LA>eine mit Erfolg abgelegte Abschlussprüfung in einem sonstigen anerkannten Ausbildungsberuf und danach eine mindestens einjährige Berufspraxis oder</LA></DD><DT>3.</DT><DD Font="normal"><LA>eine mindestens vierjährige Berufspraxis.</LA></DD></DL></P><P>(2) Zur Prüfung im Prüfungsteil „Handlungsspezifische Qualifikationen“ ist zuzulassen, wer Folgendes nachweist: <DL Type="arabic"><DT>1.</DT><DD Font="normal"><LA>das Ablegen des Prüfungsteils „Fachrichtungsübergreifende Basisqualifikationen“, das nicht länger als fünf Jahre zurückliegt, und</LA></DD><DT>2.</DT><DD Font="normal"><LA>in den in Absatz 1 Nummer 1 bis 3 genannten Fällen zu den dort genannten Praxiszeiten mindestens ein weiteres Jahr Berufspraxis.</LA></DD></DL></P><P>(3) Die Berufspraxis nach den Absätzen 1 und 2 soll wesentliche Bezüge zu den Aufgaben eines „Geprüften Industriemeisters – Fachrichtung Pharmazie“ und einer „Geprüften Industriemeisterin – Fachrichtung Pharmazie“ nach § 1 Absatz 3 aufweisen.</P><P>(4) Abweichend von den in den Absätzen 1 und 2 genannten Voraussetzungen kann zur Prüfung auch zugelassen werden, wer durch Vorlage von Zeugnissen oder auf andere Weise glaubhaft macht, berufspraktische Qualifikationen erworben zu haben, die die Zulassung zur Prüfung rechtfertigen.</P></Content></text></textdaten></norm>
<norm builddate="20200325212503" doknr="BJNR124900010BJNE000500000"><metadaten><jurabk>PharmIndMstrFortbV</jurabk><enbez>§ 4</enbez><titel format="XML">Fachrichtungsübergreifende Basisqualifikationen</titel></metadaten><textdaten><text format="XML"><Content><P>(1) Im Prüfungsteil „Fachrichtungsübergreifende Basisqualifikationen“ ist in folgenden Prüfungsbereichen zu prüfen: <DL Type="arabic"><DT>1.</DT><DD Font="normal"><LA>Rechtsbewusstes Handeln,</LA></DD><DT>2.</DT><DD Font="normal"><LA>Betriebswirtschaftliches Handeln,</LA></DD><DT>3.</DT><DD Font="normal"><LA>Anwenden von Methoden der Information, Kommunikation und Planung,</LA></DD><DT>4.</DT><DD Font="normal"><LA>Zusammenarbeit im Betrieb.</LA></DD></DL></P><P>(2) Im Prüfungsbereich „Rechtsbewusstes Handeln“ soll die Fähigkeit nachgewiesen werden, einschlägige Rechtsvorschriften berücksichtigen zu können. Dazu gehört, die Arbeitsbedingungen der Mitarbeiter und Mitarbeiterinnen unter arbeitsrechtlichen Aspekten zu gestalten sowie die Arbeitssicherheit, den Gesundheitsschutz und den Umweltschutz nach rechtlichen Grundlagen zu gewährleisten und die Zusammenarbeit mit den entsprechenden Institutionen sicherzustellen. In diesem Rahmen können folgende Qualifikationsinhalte geprüft werden: <DL Type="arabic"><DT>1.</DT><DD Font="normal"><LA>Berücksichtigen arbeitsrechtlicher Vorschriften und Bestimmungen bei der Gestaltung individueller Arbeitsverhältnisse und bei Fehlverhalten von Mitarbeitern und Mitarbeiterinnen, insbesondere unter Berücksichtigung des Arbeitsvertragsrechts, des Tarifvertragsrechts und betrieblicher Vereinbarungen;</LA></DD><DT>2.</DT><DD Font="normal"><LA>Berücksichtigen der Vorschriften des Betriebsverfassungsgesetzes, insbesondere der Beteiligungsrechte betriebsverfassungsrechtlicher Organe;</LA></DD><DT>3.</DT><DD Font="normal"><LA>Berücksichtigen rechtlicher Bestimmungen hinsichtlich der Sozialversicherung, der Entgeltfindung sowie der Arbeitsförderung;</LA></DD><DT>4.</DT><DD Font="normal"><LA>Berücksichtigen arbeitsschutz- und arbeitssicherheitsrechtlicher Vorschriften und Bestimmungen in Abstimmung mit betrieblichen und außerbetrieblichen Institutionen;</LA></DD><DT>5.</DT><DD Font="normal"><LA>Berücksichtigen der Vorschriften des Umweltrechts, insbesondere hinsichtlich des Gewässer- und Bodenschutzes, der Abfallbeseitigung, der Luftreinhaltung und Lärmbekämpfung, des Strahlenschutzes und des Schutzes vor gefährlichen Stoffen;</LA></DD><DT>6.</DT><DD Font="normal"><LA>Berücksichtigen einschlägiger wirtschaftsrechtlicher Vorschriften und Bestimmungen, insbesondere hinsichtlich der Produktverantwortung, der Produkthaftung sowie des Datenschutzes.</LA></DD></DL></P><P>(3) Im Prüfungsbereich „Betriebswirtschaftliches Handeln“ soll die Fähigkeit nachgewiesen werden, betriebswirtschaftliche Gesichtspunkte im Rahmen praxisbezogener Handlungen berücksichtigen und volkswirtschaftliche Zusammenhänge aufzeigen sowie Unternehmensformen darstellen zu können. Weiterhin soll die Fähigkeit nachgewiesen werden, betriebliche Abläufe nach wirtschaftlichen Gesichtspunkten planen, beurteilen und beeinflussen zu können. In diesem Rahmen können folgende Qualifikationsinhalte geprüft werden: <DL Type="arabic"><DT>1.</DT><DD Font="normal"><LA>Berücksichtigen der ökonomischen Handlungsprinzipien von Unternehmen unter Einbeziehung volkswirtschaftlicher Zusammenhänge und sozialer Wirkungen;</LA></DD><DT>2.</DT><DD Font="normal"><LA>Berücksichtigen der Grundsätze betrieblicher Aufbau- und Ablauforganisation;</LA></DD><DT>3.</DT><DD Font="normal"><LA>Anwenden von Methoden der Organisationsentwicklung;</LA></DD><DT>4.</DT><DD Font="normal"><LA>Berücksichtigen von Methoden der Entgeltfindung und der kontinuierlichen betrieblichen Verbesserung;</LA></DD><DT>5.</DT><DD Font="normal"><LA>Unterscheiden von Kostenarten-, Kostenstellen- und Kostenträgerrechnung sowie Durchführen von Kalkulationsverfahren.</LA></DD></DL></P><P>(4) Im Prüfungsbereich „Anwenden von Methoden der Information, Kommunikation und Planung“ soll die Fähigkeit nachgewiesen werden, Projekte und Prozesse analysieren und transparent machen zu können. Dazu gehört, Daten aufbereiten, technische Unterlagen lesen sowie entsprechende Planungstechniken unterscheiden zu können. Es soll ferner die Fähigkeit nachgewiesen werden, angemessene Präsentationstechniken anwenden zu können.<BR/> In diesem Rahmen können folgende Qualifikationsinhalte geprüft werden: <DL Type="arabic"><DT>1.</DT><DD Font="normal"><LA>Erfassen, Analysieren und Aufbereiten von Prozess- und Produktionsdaten mit EDV-Systemen und Bewerten visualisierter Daten,</LA></DD><DT>2.</DT><DD Font="normal"><LA>Unterscheiden von Planungstechniken,</LA></DD><DT>3.</DT><DD Font="normal"><LA>Anwenden von Präsentationstechniken,</LA></DD><DT>4.</DT><DD Font="normal"><LA>Lesen von technischen Unterlagen und Erstellen von Statistiken, Tabellen und Diagrammen,</LA></DD><DT>5.</DT><DD Font="normal"><LA>Kennen von Projektmanagementmethoden,</LA></DD><DT>6.</DT><DD Font="normal"><LA>Anwenden von Informations- und Kommunikationsformen und Sicherstellen des Informationsflusses in der Prozesskette.</LA></DD></DL></P><P>(5) Im Prüfungsbereich „Zusammenarbeit im Betrieb“ soll die Fähigkeit nachgewiesen werden, Zusammenhänge des Sozialverhaltens erkennen, ihre Auswirkungen auf die Zusammenarbeit beurteilen und durch angemessene Maßnahmen auf eine zielorientierte, effiziente und vertrauensvolle Zusammenarbeit hinwirken zu können. Dazu gehört, die Leistungsbereitschaft der Mitarbeiter und Mitarbeiterinnen fördern sowie betriebliche Probleme und soziale Konflikte lösen zu können. Es soll ferner die Fähigkeit nachgewiesen werden, Führungsgrundsätze berücksichtigen und angemessene Führungstechniken anwenden zu können. In diesem Rahmen können folgende Qualifikationsinhalte geprüft werden: <DL Type="arabic"><DT>1.</DT><DD Font="normal"><LA>Beurteilen und Fördern der beruflichen Entwicklung des Einzelnen unter Beachtung des bisherigen Berufsweges und unter Berücksichtigung persönlicher und sozialer Gegebenheiten;</LA></DD><DT>2.</DT><DD Font="normal"><LA>Beurteilen und Berücksichtigen des Einflusses der Arbeitsorganisation und des Arbeitsplatzes auf das Sozialverhalten des Einzelnen und das Betriebsklima sowie Ergreifen von Maßnahmen zu deren Verbesserung;</LA></DD><DT>3.</DT><DD Font="normal"><LA>Beurteilen von Einflüssen der Gruppenstruktur auf das Gruppenverhalten und die Zusammenarbeit sowie Entwickeln und Umsetzen von Alternativen;</LA></DD><DT>4.</DT><DD Font="normal"><LA>Auseinandersetzen mit eigenem und fremdem Führungsverhalten, Umsetzen von Führungsgrundsätzen;</LA></DD><DT>5.</DT><DD Font="normal"><LA>Anwenden von Führungsmethoden und -techniken einschließlich Vereinbarungen entsprechender Handlungsspielräume, um Leistungsbereitschaft und Zusammenarbeit der Mitarbeiter und Mitarbeiterinnen zu fördern;</LA></DD><DT>6.</DT><DD Font="normal"><LA>Fördern der Kommunikation und Kooperation durch Anwenden von Methoden zur Lösung betrieblicher Probleme und sozialer Konflikte.</LA></DD></DL></P><P>(6) Die Bearbeitungsdauer für die schriftlichen Aufgaben in den in Absatz 1 Nummer 1 bis 4 genannten Prüfungsbereichen soll insgesamt höchstens sieben Stunden betragen, für jeden Prüfungsbereich mindestens 90 Minuten.</P><P>(7) Wurde in nicht mehr als einer schriftlichen Prüfungsleistung in den in Absatz 1 Nummer 1 bis 4 genannten Prüfungsbereichen eine mangelhafte Leistung erbracht, ist in diesem Prüfungsbereich eine mündliche Ergänzungsprüfung anzubieten. Bei einer oder mehreren ungenügenden schriftlichen Prüfungsleistungen besteht diese Möglichkeit nicht. Die Ergänzungsprüfung soll anwendungsbezogen durchgeführt werden und nicht länger als 20 Minuten dauern. Die Bewertung der schriftlichen Prüfungsleistung und die der mündlichen Ergänzungsprüfung werden zu einer Bewertung der Prüfungsleistung zusammengefasst. Dabei wird die Bewertung der schriftlichen Prüfungsleistung doppelt gewichtet.</P></Content></text></textdaten></norm>
<norm builddate="20200325212503" doknr="BJNR124900010BJNE000601128"><metadaten><jurabk>PharmIndMstrFortbV</jurabk><enbez>§ 5</enbez><titel format="XML">Handlungsspezifische Qualifikationen</titel></metadaten><textdaten><text format="XML"><Content><P>(1) Der Prüfungsteil „Handlungsspezifische Qualifikationen“ umfasst die Handlungsbereiche <DL Font="normal" Type="arabic"><DT>1.</DT><DD Font="normal"><LA Size="normal">Pharmazeutische Fertigung und Verpackung,</LA></DD><DT>2.</DT><DD Font="normal"><LA Size="normal">Organisation, Führung und Kommunikation,</LA></DD><DT>3.</DT><DD Font="normal"><LA Size="normal">Spezialisierungsgebiete.</LA></DD></DL></P><P>(2) Der Handlungsbereich „Pharmazeutische Fertigung und Verpackung“ gliedert sich in folgende Qualifikationsschwerpunkte: <DL Font="normal" Type="arabic"><DT>1.</DT><DD Font="normal"><LA Size="normal">Pharmazeutische Technologie,</LA></DD><DT>2.</DT><DD Font="normal"><LA Size="normal">Entwickeln und Herstellen von Darreichungsformen,</LA></DD><DT>3.</DT><DD Font="normal"><LA Size="normal">Pharmazeutische Qualitätssicherung.</LA></DD></DL></P><P>(3) Der Handlungsbereich „Organisation, Führung und Kommunikation“ gliedert sich in folgende Qualifikationsschwerpunkte: <DL Font="normal" Type="arabic"><DT>1.</DT><DD Font="normal"><LA Size="normal">Personalführung und -entwicklung,</LA></DD><DT>2.</DT><DD Font="normal"><LA Size="normal">Betriebliches Kostenwesen,</LA></DD><DT>3.</DT><DD Font="normal"><LA Size="normal">Verantwortliches Handeln im Betrieb (Responsible Care),</LA></DD><DT>4.</DT><DD Font="normal"><LA Size="normal">Qualitätsmanagement,</LA></DD><DT>5.</DT><DD Font="normal"><LA Size="normal">Information und Kommunikation.</LA></DD></DL></P><P>(4) Der Handlungsbereich „Spezialisierungsgebiete“ gliedert sich in folgende Wahlqualifikationsschwerpunkte: <DL Font="normal" Type="arabic"><DT>1.</DT><DD Font="normal"><LA Size="normal">Automatisierungs- und Prozessleittechnik,</LA></DD><DT>2.</DT><DD Font="normal"><LA Size="normal">Biotechnologie,</LA></DD><DT>3.</DT><DD Font="normal"><LA Size="normal">Betriebscontrolling,</LA></DD><DT>4.</DT><DD Font="normal"><LA Size="normal">Qualitätsmanagement im regulierten Umfeld.</LA></DD></DL></P><P>(5) Im Handlungsbereich „Pharmazeutische Fertigung und Verpackung“ wird unter Berücksichtigung der fachrichtungsübergreifenden Basisqualifikationen die Situationsaufgabe I nach Absatz 6 und im Handlungsbereich „Organisation, Führung und Kommunikation“ unter Berücksichtigung der fachrichtungsübergreifenden Basisqualifikationen die Situationsaufgabe II nach Absatz 7 gestellt. Die Situationsaufgabe I und die Situationsaufgabe II sind so zu gestalten, dass die Qualifikationsschwerpunkte der Handlungsbereiche nach Absatz 1 Nummer 1 und 2 mindestens einmal thematisiert werden. Im Handlungsbereich „Spezialisierungsgebiete“ ist eine schriftliche Ausarbeitung nach Absatz 8 anzufertigen.<BR/> Die Prüfungsdauer für die Bearbeitung der schriftlichen Situationsaufgabe I beträgt mindestens vier Stunden. Die Prüfungsdauer für die Bearbeitung der schriftlichen Aufgabenstellung in der Situationsaufgabe II beträgt mindestens zwei Stunden und für das Fachgespräch mindestens 30 Minuten, höchstens 45 Minuten; für das Fachgespräch sind 45 Minuten Vorbereitungszeit einzuräumen.<BR/> Die Prüfungsdauer für die Situationsaufgaben I und II darf insgesamt nicht mehr als acht Stunden betragen. Die Prüfungsdauer für die schriftliche Ausarbeitung im Handlungsbereich „Spezialisierungsgebiete“ beträgt mindestens 75 und höchstens 90 Minuten.</P><P>(6) Kern der Situationsaufgabe I ist mit etwa zwei Dritteln der Handlungsbereich „Pharmazeutische Fertigung und Verpackung“, wobei der Qualifikationsschwerpunkt „Pharmazeutische Technologie“ den Kernpunkt bilden soll. Qualifikationsschwerpunkte des Handlungsbereiches „Organisation, Führung und Kommunikation“ sind mit bis zu einem Drittel integrativ einzubeziehen. Im Einzelnen kann die Situationsaufgabe I folgende Qualifikationsinhalte aus dem Handlungsbereich „Pharmazeutische Fertigung und Verpackung“ mit den Schwerpunkten nach den folgenden Nummern 1 bis 3 umfassen: <DL Font="normal" Type="arabic"><DT>1.</DT><DD Font="normal"><LA Size="normal">Im Qualifikationsschwerpunkt „Pharmazeutische Technologie“ soll die Fähigkeit nachgewiesen werden, Prozesse der Fertigung, Verpackung und Lagerung pharmazeutischer Produkte unter Berücksichtigung von Produkt- und Anlagensicherheit, Arbeitssicherheit, Umweltschutz sowie Qualitätssicherung planen, organisieren und überwachen zu können; dazu gehört, unter Berücksichtigung chemischer, physikalischer, biotechnologischer und mathematischer Gesetzmäßigkeiten, Zusammenhänge sowie Optimierungsmöglichkeiten des Verfahrens zu erkennen und Maßnahmen einzuleiten; weiterhin soll die Fähigkeit nachgewiesen werden, bei Änderungen von Maschinen, Fertigungs- und Verpackungsanlagen sowie bei Veränderungen von Stoffen und Stoffparametern die Auswirkungen auf den Prozess erkennen und berücksichtigen zu können; in diesem Rahmen können folgende Qualifikationsinhalte geprüft werden: <DL Font="normal" Type="alpha"><DT>a)</DT><DD Font="normal"><LA Size="normal">Planen, Auswählen und Überwachen von Verfahren zur Fertigung und Verpackung sowie Arten der Lagerung fester, halbfester, flüssiger und steriler Arzneiformen,</LA></DD><DT>b)</DT><DD Font="normal"><LA Size="normal">Beurteilen von Aufbau, Funktionsprinzip und Einsatzmöglichkeiten von Maschinen, Fertigungs- und Verpackungsanlagen, technischen Hilfseinrichtungen, insbesondere Mess-, Steuerungs- und Regelungseinrichtungen, sowie deren sachgerechter Verwendung,</LA></DD><DT>c)</DT><DD Font="normal"><LA Size="normal">Mitwirken bei der Auswahl von Maschinen, Fertigungs- und Verpackungsanlagen, technischen Hilfseinrichtungen, insbesondere Mess-, Steuerungs- und Regelungseinrichtungen, Energien sowie Hilfs- und Betriebsstoffen unter Beachtung von technischen und wirtschaftlichen Gegebenheiten,</LA></DD><DT>d)</DT><DD Font="normal"><LA Size="normal">Koordinieren und Überwachen der Lagerung und des innerbetrieblichen Transports von Wirk-, Hilfs- und Betriebsstoffen, Bulkware und Fertigarzneimitteln,</LA></DD><DT>e)</DT><DD Font="normal"><LA Size="normal">Organisieren und Veranlassen von Maßnahmen zur Behebung von Störungen,</LA></DD><DT>f)</DT><DD Font="normal"><LA Size="normal">Planen und Veranlassen der vorbeugenden Instandhaltung sowie Organisieren, Überwachen und Koordinieren von Maßnahmen der Instandhaltung,</LA></DD><DT>g)</DT><DD Font="normal"><LA Size="normal">Beurteilen von Fertigungs- und Verpackungsverfahren hinsichtlich Produkt- und Anlagensicherheit, Arbeitssicherheit, Gesundheitsschutz, Umweltschutz sowie Auswählen und Einsetzen geeigneter Schutzmaßnahmen,</LA></DD><DT>h)</DT><DD Font="normal"><LA Size="normal">Erfassen, Aus- und Bewerten von Stoff- und Energiebilanzen sowie Prozessparametern zur Steuerung und Optimierung der Arbeitsabläufe;</LA></DD></DL></LA></DD><DT>2.</DT><DD Font="normal"><LA Size="normal">im Qualifikationsschwerpunkt „Entwickeln und Herstellen von Darreichungsformen“ soll die Fähigkeit nachgewiesen werden, bei der galenischen Entwicklung von Arzneimitteln mitwirken zu können; dazu gehört, Kenntnisse über Wirk- und Hilfsstoffe in Bezug auf ihre chemischen, physikalischen und pharmakologischen Eigenschaften, ihre Bioverfügbarkeiten und ihre Zusammensetzung in Arzneimitteln auf Entwicklungs- und Fertigungsverfahren umsetzen zu können; in diesem Rahmen können folgende Qualifikationsinhalte geprüft werden: <DL Font="normal" Type="alpha"><DT>a)</DT><DD Font="normal"><LA Size="normal">Mitwirken bei der Erstellung von Rezepturen unter Berücksichtigung der Eigenschaften pharmazeutischer Wirk- und Hilfsstoffe sowie ihrer Bedeutung in der Darreichungsform,</LA></DD><DT>b)</DT><DD Font="normal"><LA Size="normal">Mitwirken bei der verfahrenstechnischen Entwicklung zur Herstellung von Darreichungsformen,</LA></DD><DT>c)</DT><DD Font="normal"><LA Size="normal">Aus- und Bewerten von Messreihen,</LA></DD><DT>d)</DT><DD Font="normal"><LA Size="normal">Mitwirken bei der Herstellung von Kleinchargen für klinische Studien,</LA></DD><DT>e)</DT><DD Font="normal"><LA Size="normal">Mitwirken am Scale-up-Prozess,</LA></DD><DT>f)</DT><DD Font="normal"><LA Size="normal">Entwickeln von Herstellungs- und Verpackungsanweisungen;</LA></DD></DL></LA></DD><DT>3.</DT><DD Font="normal"><LA Size="normal">im Qualifikationsschwerpunkt „Pharmazeutische Qualitätssicherung“ soll die Fähigkeit nachgewiesen werden, Fertigung, Verpackung, Lagerung und innerbetrieblichen Transport von Arzneimitteln nach Vorgabe anerkannter pharmazeutischer Regeln steuern und dabei Maßnahmen der Qualitätssicherung planen, koordinieren und überwachen zu können; in diesem Rahmen können folgende Qualifikationsinhalte geprüft werden: <DL Font="normal" Type="alpha"><DT>a)</DT><DD Font="normal"><LA Size="normal">Mitwirken bei der Erstellung von betrieblichen Arbeitsanweisungen,</LA></DD><DT>b)</DT><DD Font="normal"><LA Size="normal">Umsetzen von Vorschriften, Richtlinien und Qualitätssicherungsmaßnahmen für die Fertigung und Verpackung von Arzneimitteln,</LA></DD><DT>c)</DT><DD Font="normal"><LA Size="normal">Sicherstellen der Umsetzung von Hygienevorschriften im pharmazeutischen Betrieb unter besonderer Berücksichtigung mikrobiologischer Aspekte der Betriebs- und Personalhygiene,</LA></DD><DT>d)</DT><DD Font="normal"><LA Size="normal">Sicherstellen der Durchführung von Inprozesskontrollen zur Qualitätssicherung,</LA></DD><DT>e)</DT><DD Font="normal"><LA Size="normal">Aus- und Bewerten der Ergebnisse von Inprozesskontrollen sowie von Prozessdaten,</LA></DD><DT>f)</DT><DD Font="normal"><LA Size="normal">Sicherstellen und Überwachen von Dokumentationen,</LA></DD><DT>g)</DT><DD Font="normal"><LA Size="normal">Erkennen von Messabweichungen, Bewerten des Einsatzes von Messeinrichtungen sowie Veranlassen und Organisieren von Maßnahmen zur Behebung von Störungen,</LA></DD><DT>h)</DT><DD Font="normal"><LA Size="normal">Nutzen von Instrumenten des Qualitätsmanagements zur kontinuierlichen Qualitätsverbesserung und Prozessoptimierung.</LA></DD></DL></LA></DD></DL></P><P>(7) Kern der schriftlichen Aufgabenstellung in der Situationsaufgabe II ist mit etwa zwei Dritteln der Handlungsbereich „Organisation, Führung und Kommunikation“, wobei die Qualifikationsschwerpunkte „Personalführung und -entwicklung“ und „Qualitätsmanagement“ besondere Berücksichtigung finden sollen. Qualifikationsschwerpunkte des Handlungsbereiches „Pharmazeutische Fertigung und Verpackung“ sind mit bis zu einem Drittel einzubeziehen. Grundlage des Fachgespräches ist die schriftlich gelöste Aufgabenstellung in der Situationsaufgabe II. Dabei soll unter Einsatz von Präsentationstechniken die Fähigkeit nachgewiesen werden, Arbeitsaufgaben zu analysieren, zu strukturieren und einer begründeten Lösung zuführen zu können. Im Einzelnen kann die Situationsaufgabe II folgende Qualifikationsinhalte aus dem Handlungsbereich „Organisation, Führung und Kommunikation“ mit den Schwerpunkten nach den folgenden Nummern 1 bis 5 umfassen: <DL Font="normal" Type="arabic"><DT>1.</DT><DD Font="normal"><LA Size="normal">Im Qualifikationsschwerpunkt „Personalführung und -entwicklung“ soll die Fähigkeit nachgewiesen werden, Personal einsetzen, führen, beurteilen und unter Beachtung der Qualifikationsanforderungen des Betriebes geeignete Maßnahmen zur weiteren beruflichen Entwicklung vorschlagen zu können; in diesem Rahmen können folgende Qualifikationsinhalte geprüft werden: <DL Font="normal" Type="alpha"><DT>a)</DT><DD Font="normal"><LA Size="normal">Ermitteln des qualitativen und quantitativen Personalbedarfs,</LA></DD><DT>b)</DT><DD Font="normal"><LA Size="normal">Auswählen und Einsetzen von Mitarbeitern und Mitarbeiterinnen,</LA></DD><DT>c)</DT><DD Font="normal"><LA Size="normal">Führen von Mitarbeitern und Mitarbeiterinnen,</LA></DD><DT>d)</DT><DD Font="normal"><LA Size="normal">Beurteilen von Mitarbeitern und Mitarbeiterinnen nach vorgegebenen Beurteilungssystemen,</LA></DD><DT>e)</DT><DD Font="normal"><LA Size="normal">Durchführen von Mitarbeitergesprächen und Festlegen von Zielvereinbarungen,</LA></DD><DT>f)</DT><DD Font="normal"><LA Size="normal">Anfertigen von Stellenbeschreibungen,</LA></DD><DT>g)</DT><DD Font="normal"><LA Size="normal">Ergreifen von Maßnahmen zur Qualifizierung der Mitarbeiter und Mitarbeiterinnen;</LA></DD></DL></LA></DD><DT>2.</DT><DD Font="normal"><LA Size="normal">im Qualifikationsschwerpunkt „Betriebliches Kostenwesen“ soll die Fähigkeit nachgewiesen werden, Kostenverantwortung übernehmen zu können; dazu gehört, kostenrelevante Einflussfaktoren hinsichtlich der Entstehung von Kosten, der Entwicklung von Kostenstrukturen, der Kalkulation von Kosten sowie der Kostenplanung beurteilen zu können; in diesem Rahmen können folgende Qualifikationsinhalte geprüft werden: <DL Font="normal" Type="alpha"><DT>a)</DT><DD Font="normal"><LA Size="normal">Erkennen und Beurteilen von Zusammenhängen des betrieblichen Rechnungswesens, insbesondere Kostenarten-, Kostenstellen-, Kostenträger- und Prozesskostenrechnung,</LA></DD><DT>b)</DT><DD Font="normal"><LA Size="normal">Anwenden von Kalkulationsverfahren,</LA></DD><DT>c)</DT><DD Font="normal"><LA Size="normal">Ermitteln von Zielgrößen, insbesondere Betriebsergebnis, Deckungsbeitrag und Kennzahlen,</LA></DD><DT>d)</DT><DD Font="normal"><LA Size="normal">Durchführen von Kostenkontrollen,</LA></DD><DT>e)</DT><DD Font="normal"><LA Size="normal">Einleiten von Maßnahmen zur Kostenbeeinflussung;</LA></DD></DL></LA></DD><DT>3.</DT><DD Font="normal"><LA Size="normal">im Qualifikationsschwerpunkt „Verantwortliches Handeln im Betrieb (Responsible Care)“ soll die Fähigkeit nachgewiesen werden, die Vernetzung ökonomischer, ökologischer und sozialer Faktoren berücksichtigen zu können; dazu gehört, in den Bereichen Arbeits- und Anlagensicherheit, Gesundheitsschutz sowie Umweltschutz im Rahmen gesetzlicher Vorschriften und betrieblicher Vorgaben verantwortlich handeln zu können; in diesem Rahmen können folgende Qualifikationsinhalte geprüft werden: <DL Font="normal" Type="alpha"><DT>a)</DT><DD Font="normal"><LA Size="normal">Überprüfen und Gewährleisten der Arbeits- und Anlagensicherheit, des Gesundheitsschutzes sowie des Umweltschutzes,</LA></DD><DT>b)</DT><DD Font="normal"><LA Size="normal">Erkennen von Schwachstellen im Bereich Arbeits- und Anlagensicherheit, Gesundheitsschutz und Umweltschutz sowie Einleiten vorbeugender Maßnahmen,</LA></DD><DT>c)</DT><DD Font="normal"><LA Size="normal">Fördern des verantwortlichen Handelns von Mitarbeitern und Mitarbeiterinnen im Betrieb,</LA></DD><DT>d)</DT><DD Font="normal"><LA Size="normal">Planen und Durchführen von Unterweisungen zur Arbeits- und Anlagensicherheit sowie zum Gesundheitsschutz und zum Umweltschutz,</LA></DD><DT>e)</DT><DD Font="normal"><LA Size="normal">Gewährleisten des Informationsaustausches über sicherheits- und umweltrelevante Vorgänge;</LA></DD></DL></LA></DD><DT>4.</DT><DD Font="normal"><LA Size="normal">im Qualifikationsschwerpunkt „Qualitätsmanagement“ soll die Fähigkeit nachgewiesen werden, Methoden und Techniken anwenden zu können, um qualitätsbewusst handeln und das Qualitätsmanagement weiter entwickeln zu können; in diesem Rahmen können folgende Qualifikationsinhalte geprüft werden: <DL Font="normal" Type="alpha"><DT>a)</DT><DD Font="normal"><LA Size="normal">Umsetzen von Kundenforderungen in Qualitätsziele und Qualitätsvorgaben,</LA></DD><DT>b)</DT><DD Font="normal"><LA Size="normal">Berücksichtigen rechtlicher und betrieblicher Vorgaben und Qualitätsnormen sowie deren Einhaltung im eigenen Verantwortungsbereich sicherstellen,</LA></DD><DT>c)</DT><DD Font="normal"><LA Size="normal">Beschreiben betrieblicher Prozesse und Vorbereiten von Audits und Zertifizierungen,</LA></DD><DT>d)</DT><DD Font="normal"><LA Size="normal">Nutzen von Instrumenten des Qualitätsmanagements zur kontinuierlichen Qualitätsverbesserung und Prozessoptimierung;</LA></DD></DL></LA></DD><DT>5.</DT><DD Font="normal"><LA Size="normal">im Qualifikationsschwerpunkt „Information und Kommunikation“ soll die Fähigkeit nachgewiesen werden, Methoden und Systeme der Information und Kommunikation im Betrieb anwenden zu können; in diesem Rahmen können folgende Qualifikationsinhalte geprüft werden: <DL Font="normal" Type="alpha"><DT>a)</DT><DD Font="normal"><LA Size="normal">Einsetzen von Planungs- und Steuerungssystemen zur Produktions-, Mengen-, Kapazitäts- und Terminplanung,</LA></DD><DT>b)</DT><DD Font="normal"><LA Size="normal">Vermitteln von Informationen und Anweisungen der Betriebsleitung,</LA></DD><DT>c)</DT><DD Font="normal"><LA Size="normal">Durchführen von Unterweisungen und Qualifizierungsmaßnahmen,</LA></DD><DT>d)</DT><DD Font="normal"><LA Size="normal">Kommunizieren mit Kunden,</LA></DD><DT>e)</DT><DD Font="normal"><LA Size="normal">Schaffen und Sicherstellen von Rahmenbedingungen für eine effiziente Kommunikation in der Gruppe.</LA></DD></DL></LA></DD></DL></P><P>(8) Im Handlungsbereich „Spezialisierungsgebiete“ ist in Form einer anwendungsbezogenen schriftlichen Ausarbeitung, die eine oder mehrere Aufgaben umfassen soll, zu prüfen. Dabei soll die Fähigkeit nachgewiesen werden, diese analysieren, strukturieren und einer begründeten Lösung zuführen zu können. Die zu prüfende Person bestimmt einen der nachfolgend genannten Wahlqualifikationsschwerpunkte, in dem geprüft werden soll. In der Ausarbeitung sind alle Qualifikationsinhalte des ausgewählten Schwerpunktes zu berücksichtigen. Im Einzelnen kann die Ausarbeitung folgende Qualifikationsinhalte des Handlungsbereiches „Spezialisierungsgebiete“ mit den Schwerpunkten nach den folgenden Nummern 1 bis 4 umfassen: <DL Font="normal" Type="arabic"><DT>1.</DT><DD Font="normal"><LA Size="normal">Im Wahlqualifikationsschwerpunkt „Automatisierungs- und Prozessleittechnik“ soll die Fähigkeit nachgewiesen werden, Prozessleitsysteme zur Fertigung, Verpackung und Lagerung pharmazeutischer Produkte einsetzen und optimieren zu können; in diesem Rahmen werden folgende Qualifikationsinhalte geprüft: <DL Font="normal" Type="alpha"><DT>a)</DT><DD Font="normal"><LA Size="normal">Mitwirken bei der Auswahl von Steuerungs-, Regelungs- und Prozessleitsystemen,</LA></DD><DT>b)</DT><DD Font="normal"><LA Size="normal">Sicherstellen der Kommunikation an der Schnittstelle zwischen Verfahrenstechnik und Prozessleittechnik unter Beachtung der Hierarchieebenen von Steuerungs-, Regelungs- und Prozessleitsystemen,</LA></DD><DT>c)</DT><DD Font="normal"><LA Size="normal">Optimieren von Steuerungs-, Regelungs- und Prozessleitsystemen;</LA></DD></DL></LA></DD><DT>2.</DT><DD Font="normal"><LA Size="normal">im Wahlqualifikationsschwerpunkt „Biotechnologie“ soll die Fähigkeit nachgewiesen werden, biotechnologische Prozessabläufe zur Wirkstoffgewinnung planen, koordinieren, sowie die besonderen Rahmenbedingungen beachten und gewährleisten zu können; in diesem Rahmen werden folgende Qualifikationsinhalte geprüft: <DL Font="normal" Type="alpha"><DT>a)</DT><DD Font="normal"><LA Size="normal">Optimieren von Produktionsverfahren und Prozessabläufen,</LA></DD><DT>b)</DT><DD Font="normal"><LA Size="normal">Mitwirken bei der Auswahl von Produktionsanlagen,</LA></DD><DT>c)</DT><DD Font="normal"><LA Size="normal">Sicherstellen der Produktion;</LA></DD></DL></LA></DD><DT>3.</DT><DD Font="normal"><LA Size="normal">im Wahlqualifikationsschwerpunkt „Betriebscontrolling“ soll die Fähigkeit nachgewiesen werden, betriebswirtschaftlich handeln zu können; in diesem Rahmen werden folgende Qualifikationsinhalte geprüft: <DL Font="normal" Type="alpha"><DT>a)</DT><DD Font="normal"><LA Size="normal">Darstellen betriebswirtschaftlicher Abläufe anhand von Geschäftsprozessen und Wertschöpfungsketten sowie Entwickeln von Optimierungsvorschlägen,</LA></DD><DT>b)</DT><DD Font="normal"><LA Size="normal">Nutzen betriebswirtschaftlicher Kennzahlen als Informations- und Steuerungsinstrument, insbesondere unter Beachtung von produktionswirtschaftlichen, personalwirtschaftlichen und logistischen Aspekten,</LA></DD><DT>c)</DT><DD Font="normal"><LA Size="normal">Ergreifen von Maßnahmen zur Kosten- und Leistungsbeeinflussung;</LA></DD></DL></LA></DD><DT>4.</DT><DD Font="normal"><LA Size="normal">im Wahlqualifikationsschwerpunkt „Qualitätsmanagement im regulierten Umfeld“ soll die Fähigkeit nachgewiesen werden, Koordinationsaufgaben zur Qualitätssicherung im Rahmen des unternehmensspezifischen QM-Systems wahrnehmen zu können; in diesem Rahmen werden folgende Qualifikationsinhalte geprüft: <DL Font="normal" Type="alpha"><DT>a)</DT><DD Font="normal"><LA Size="normal">Umsetzen von Anforderungen des betrieblichen Qualitätssicherungssystems in das betriebliche Dokumentationssystem und die technische Zulassungsdokumentation,</LA></DD><DT>b)</DT><DD Font="normal"><LA Size="normal">Entwickeln von Standardarbeitsanweisungen,</LA></DD><DT>c)</DT><DD Font="normal"><LA Size="normal">Entwickeln von Anweisungen und Plänen zur Personal- und Betriebshygiene,</LA></DD><DT>d)</DT><DD Font="normal"><LA Size="normal">Mitwirken beim Planen, Entwickeln, Organisieren und Dokumentieren von Kalibrierungen, Qualifizierungen und Validierungen,</LA></DD><DT>e)</DT><DD Font="normal"><LA Size="normal">Vorbereiten von internen und externen Inspektionen,</LA></DD><DT>f)</DT><DD Font="normal"><LA Size="normal">Durchführen von Selbstinspektionen, Bewerten der Ergebnisse, Einleiten von Maßnahmen und deren Umsetzung sicherstellen,</LA></DD><DT>g)</DT><DD Font="normal"><LA Size="normal">Mitwirken bei der Bearbeitung von internen und externen Reklamationen.</LA></DD></DL></LA></DD></DL></P><P>(9) Ist in der schriftlichen Situationsaufgabe I nach Absatz 6 oder in der schriftlichen Ausarbeitung nach Absatz 8 eine mangelhafte Prüfungsleistung erbracht worden, ist eine mündliche Ergänzungsprüfung anzubieten. Bei einer oder mehrerer ungenügender schriftlicher Prüfungsleistungen besteht diese Möglichkeit nicht. Die Ergänzungsprüfung soll handlungsspezifisch und integriert durchgeführt werden und nicht länger als 20 Minuten dauern. Die Bewertung der schriftlichen Prüfungsleistung und die der mündlichen Ergänzungsprüfung werden zu einer Bewertung der Prüfungsleistung zusammengefasst. Dabei wird die Bewertung der schriftlichen Prüfungsleistung doppelt gewichtet.</P></Content></text><fussnoten><Content><P>(+++ Zur Anwendung vgl. §§ 1 u. 3 FortbVenÄndV6AnwV +++)</P></Content></fussnoten></textdaten></norm>
<norm builddate="20200325212503" doknr="BJNR124900010BJNE000701128"><metadaten><jurabk>PharmIndMstrFortbV</jurabk><enbez>§ 6</enbez><titel format="XML">Befreiung von einzelnen Prüfungsbestandteilen</titel></metadaten><textdaten><text format="XML"><Content><P>Wird die zu prüfende Person nach § 56 Absatz 2 des Berufsbildungsgesetzes von der Ablegung einzelner Prüfungsbestandteile befreit, bleiben diese Prüfungsbestandteile für die Anwendung der §§ 7 und 8 außer Betracht. Für die übrigen Prüfungsbestandteile erhöhen sich die Anteile nach § 7 Absatz 2 Satz 2 oder Absatz 3 Satz 2 oder Satz 3 oder § 8 Absatz 4 entsprechend ihrem Verhältnis zueinander. Allein diese Prüfungsbestandteile sind den Entscheidungen des Prüfungsausschusses zugrunde zu legen.</P></Content></text><fussnoten><Content><P>(+++ Zur Anwendung vgl. §§ 1 u. 3 FortbVenÄndV6AnwV +++)</P></Content></fussnoten></textdaten></norm>
<norm builddate="20200325212503" doknr="BJNR124900010BJNE000801128"><metadaten><jurabk>PharmIndMstrFortbV</jurabk><enbez>§ 7</enbez><titel format="XML">Bewerten der Prüfungsleistungen</titel></metadaten><textdaten><text format="XML"><Content><P>(1) Jede Prüfungsleistung ist nach Maßgabe der Anlage 1 mit Punkten zu bewerten.</P><P>(2) Im Prüfungsteil „Fachrichtungsübergreifende Basisqualifikationen“ sind die Prüfungsleistungen für jeden Prüfungsbereich einzeln zu bewerten. Aus den einzelnen Bewertungen ist als Bewertung für den Prüfungsteil das arithmetische Mittel zu berechnen.</P><P>(3) Im Prüfungsteil „Handlungsspezifische Qualifikationen“ sind als Prüfungsleistungen zu bewerten: <DL Font="normal" Type="arabic"><DT>1.</DT><DD Font="normal"><LA Size="normal">die Situationsaufgabe I,</LA></DD><DT>2.</DT><DD Font="normal"><LA Size="normal">in der Situationsaufgabe II <DL Font="normal" Type="alpha"><DT>a)</DT><DD Font="normal"><LA Size="normal">die schriftliche Aufgabenstellung nach § 5 Absatz 7,</LA></DD><DT>b)</DT><DD Font="normal"><LA Size="normal">das Fachgespräch und</LA></DD></DL></LA></DD><DT>3.</DT><DD Font="normal"><LA Size="normal">die schriftliche Ausarbeitung im Handlungsbereich „Spezialisierungsgebiete“.</LA></DD></DL>Aus den Bewertungen für die schriftliche Aufgabenstellung und für das Fachgespräch ist als zusammengefasste Bewertung der Situationsaufgabe II das arithmetische Mittel zu berechnen. Aus der Bewertung der Situationsaufgabe I, der zusammengefassten Bewertung der Situationsaufgabe II und der Bewertung für die schriftliche Ausarbeitung im Handlungsbereich „Spezialisierungsgebiete“ ist als Bewertung des Prüfungsteils „Handlungsspezifische Qualifikationen“ das gewichtete arithmetische Mittel zu berechnen. Dabei sind die Bewertungen wie folgt zu gewichten: <DL Font="normal" Type="arabic"><DT>1.</DT><DD Font="normal"><LA Size="normal">die Situationsaufgabe I mit 45 Prozent,</LA></DD><DT>2.</DT><DD Font="normal"><LA Size="normal">die zusammengefasste Bewertung der Situationsaufgabe II mit 45 Prozent und</LA></DD><DT>3.</DT><DD Font="normal"><LA Size="normal">die schriftliche Ausarbeitung im Handlungsbereich „Spezialisierungsgebiete“ mit 10 Prozent.</LA></DD></DL></P></Content></text><fussnoten><Content><P>(+++ Zur Anwendung vgl. §§ 1 u. 3 FortbVenÄndV6AnwV +++)</P></Content></fussnoten></textdaten></norm>
<norm builddate="20200325212503" doknr="BJNR124900010BJNE001500128"><metadaten><jurabk>PharmIndMstrFortbV</jurabk><enbez>§ 8</enbez><titel format="XML">Bestehen der Prüfung, Gesamtnote</titel></metadaten><textdaten><text format="XML"><Content><P>(1) Die Prüfung ist bestanden, wenn ohne Rundung in den folgenden Prüfungsleistungen jeweils mindestens 50 Punkte erreicht worden sind: <DL Font="normal" Type="arabic"><DT>1.</DT><DD Font="normal"><LA Size="normal">in jedem Prüfungsbereich des Prüfungsteils „Fachrichtungsübergreifende Basisqualifikationen“,</LA></DD><DT>2.</DT><DD Font="normal"><LA Size="normal">im Prüfungsteil „Handlungsspezifische Qualifikationen“ <DL Font="normal" Type="alpha"><DT>a)</DT><DD Font="normal"><LA Size="normal">in der Situationsaufgabe I,</LA></DD><DT>b)</DT><DD Font="normal"><LA Size="normal">in der zusammengefassten Bewertung der Situationsaufgabe II und</LA></DD><DT>c)</DT><DD Font="normal"><LA Size="normal">in der schriftlichen Ausarbeitung im Handlungsbereich „Spezialisierungsgebiete“.</LA></DD></DL></LA></DD></DL></P><P>(2) Ist die Prüfung bestanden, so werden die folgenden Bewertungen jeweils kaufmännisch auf eine ganze Zahl gerundet: <DL Font="normal" Type="arabic"><DT>1.</DT><DD Font="normal"><LA Size="normal">die Bewertung für den Prüfungsteil „Fachrichtungsübergreifende Basisqualifikationen“,</LA></DD><DT>2.</DT><DD Font="normal"><LA Size="normal">die Bewertung für den Prüfungsteil „Handlungsspezifische Qualifikationen“,</LA></DD><DT>3.</DT><DD Font="normal"><LA Size="normal">die Bewertung der schriftlichen Situationsaufgabe I nach § 5 Absatz 6 oder der schriftlichen Ausarbeitung nach § 5 Absatz 8, wenn eine mündliche Ergänzungsprüfung durchgeführt wurde.</LA></DD></DL></P><P>(3) Der Bewertung für den Prüfungsteil „Fachrichtungsübergreifende Basisqualifikationen“, den Bewertungen für die Situationsaufgaben I und II und der Bewertung der schriftlichen Ausarbeitung im Handlungsbereich „Spezialisierungsgebiete“ ist nach Anlage 1 die jeweilige Note als Dezimalzahl zuzuordnen.</P><P>(4) Für die Bildung einer Gesamtnote ist als Gesamtpunktzahl das gewichtete arithmetische Mittel zu berechnen. Dabei werden die Bewertungen wie folgt gewichtet: <DL Font="normal" Type="arabic"><DT>1.</DT><DD Font="normal"><LA Size="normal">die Bewertung für den Prüfungsteil „Fachrichtungsübergreifende Basisqualifikationen“ mit 25 Prozent,</LA></DD><DT>2.</DT><DD Font="normal"><LA Size="normal">die Bewertung für den Prüfungsteil „Handlungsspezifische Qualifikationen“ mit 75 Prozent.</LA></DD></DL>Die Gesamtpunktzahl ist kaufmännisch auf eine ganze Zahl zu runden. Der gerundeten Gesamtpunktzahl ist nach Anlage 1 eine Note als Dezimalzahl und die Note in Worten zuzuordnen. Die zugeordnete Note ist die Gesamtnote.</P></Content></text><fussnoten><Content><P>(+++ Zur Anwendung vgl. §§ 1 u. 3 FortbVenÄndV6AnwV +++)</P></Content></fussnoten></textdaten></norm>
<norm builddate="20200325212503" doknr="BJNR124900010BJNE001600128"><metadaten><jurabk>PharmIndMstrFortbV</jurabk><enbez>§ 9</enbez><titel format="XML">Zeugnisse</titel></metadaten><textdaten><text format="XML"><Content><P>(1) Wer die Prüfung nach § 8 Absatz 1 bestanden hat, erhält von der zuständigen Stelle zwei Zeugnisse nach der Anlage 2 Teil A und B.</P><P>(2) Auf dem Zeugnis mit den Inhalten nach der Anlage 2 Teil B sind die Noten als Dezimalzahlen mit einer Nachkommastelle und die Gesamtnote als Dezimalzahl mit einer Nachkommastelle und in Worten anzugeben. Jede Befreiung nach § 6 ist mit Ort, Datum und Bezeichnung des Prüfungsgremiums der anderen vergleichbaren Prüfung anzugeben.</P><P>(3) Die Zeugnisse können zusätzliche nicht amtliche Bemerkungen zur Information (Bemerkungen) enthalten, insbesondere <DL Font="normal" Type="arabic"><DT>1.</DT><DD Font="normal"><LA Size="normal">über den erworbenen Abschluss oder</LA></DD><DT>2.</DT><DD Font="normal"><LA Size="normal">auf Antrag der geprüften Person über während oder anlässlich der Fortbildung erworbene besondere oder zusätzliche Fertigkeiten, Kenntnisse und Fähigkeiten.</LA></DD></DL></P></Content></text><fussnoten><Content><P>(+++ Zur Anwendung vgl. §§ 1 u. 3 FortbVenÄndV6AnwV +++)</P></Content></fussnoten></textdaten></norm>
<norm builddate="20200325212503" doknr="BJNR124900010BJNE000901128"><metadaten><jurabk>PharmIndMstrFortbV</jurabk><enbez>§ 10</enbez><titel format="XML">Wiederholung der Prüfung</titel></metadaten><textdaten><text format="XML"><Content><P>(1) Jeder nicht bestandene Prüfungsteil kann zweimal wiederholt werden.</P><P>(2) Wer an einer Wiederholungsprüfung teilnimmt und sich innerhalb von zwei Jahren, gerechnet vom Tage der Beendigung des nicht bestandenen Prüfungsteils an, zur Wiederholungsprüfung anmeldet, ist auf Antrag von der Prüfung in einzelnen Prüfungsbereichen, den einzeln zu prüfenden Situationsaufgaben I und II und der schriftlichen Ausarbeitung zu befreien, wenn die darin in einer vorangegangenen Prüfung erbrachten Leistungen ausgereicht haben.</P></Content></text><fussnoten><Content><P>(+++ Zur Anwendung vgl. §§ 1 u. 3 FortbVenÄndV6AnwV +++)</P></Content></fussnoten></textdaten></norm>
<norm builddate="20200325212503" doknr="BJNR124900010BJNE001001128"><metadaten><jurabk>PharmIndMstrFortbV</jurabk><enbez>§ 11</enbez><titel format="XML">Zusatzqualifikationen</titel></metadaten><textdaten><text format="XML"><Content><P>Wer die Prüfung nach dieser Verordnung bestanden hat, kann beantragen, die Prüfung in weiteren Spezialisierungsgebieten nach § 5 Absatz 4 abzulegen. Über die bestandene Prüfung ist eine Bescheinigung auszustellen. § 8 Absatz 1 gilt entsprechend.</P></Content></text><fussnoten><Content><P>(+++ Zur Anwendung vgl. §§ 1 u. 3 FortbVenÄndV6AnwV +++)</P></Content></fussnoten></textdaten></norm>
<norm builddate="20200325212503" doknr="BJNR124900010BJNE001101128"><metadaten><jurabk>PharmIndMstrFortbV</jurabk><enbez>§ 12</enbez><titel format="XML">Übergangsvorschrift</titel></metadaten><textdaten><text format="XML"><Content><P>Die bis zum Ablauf des 30. September 2010 begonnenen Prüfungsverfahren können nach den bisherigen Vorschriften zu Ende geführt werden. Auf Antrag kann die zuständige Stelle die Wiederholungsprüfung auch nach dieser Verordnung durchführen; § 8 Absatz 2 findet in diesem Fall keine Anwendung.</P></Content></text><fussnoten><Content><P>(+++ Zur Anwendung vgl. §§ 1 u. 3 FortbVenÄndV6AnwV +++)</P></Content></fussnoten></textdaten></norm>
<norm builddate="20200325212503" doknr="BJNR124900010BJNE001201128"><metadaten><jurabk>PharmIndMstrFortbV</jurabk><enbez>§ 13</enbez><titel format="XML">Inkrafttreten, Außerkrafttreten</titel></metadaten><textdaten><text format="XML"><Content><P>Diese Verordnung tritt am 1. Oktober 2010 in Kraft. Gleichzeitig tritt die Verordnung über die Prüfung zum anerkannten Abschluss Geprüfter Industriemeister/Geprüfte Industriemeisterin – Fachrichtung Pharmazie vom 19. Mai 1989 (BGBl. I S. 982), die zuletzt durch Artikel 22 der Verordnung vom 25. August 2009 (BGBl. I S. 2960) geändert worden ist, außer Kraft.</P></Content></text><fussnoten><Content><P>(+++ Zur Anwendung vgl. §§ 1 u. 3 FortbVenÄndV6AnwV +++)</P></Content></fussnoten></textdaten></norm>
<norm builddate="20200325212503" doknr="BJNR124900010BJNE001302128"><metadaten><jurabk>PharmIndMstrFortbV</jurabk><enbez>Anlage 1</enbez><titel format="XML">(zu den §§ 7 und 8)<BR/>Bewertungsmaßstab und -schlüssel</titel></metadaten><textdaten><text format="XML"><Content><P><noindex><kommentar typ="Fundstelle">(Fundstelle: BGBl. I 2019, 2343 – 2344)</kommentar></noindex><BR/><BR/></P><table colsep="1" frame="all" pgwide="1" rowsep="1" tabstyle="Bewertung" tocentry="%yes;"><tgroup align="left" char="" charoff="50" cols="4"><colspec align="center" colname="col1" colnum="1" colwidth="26*"/><colspec align="center" colname="col2" colnum="2" colwidth="26*"/><colspec align="center" colname="col3" colnum="3" colwidth="33*"/><colspec align="justify" colname="col4" colnum="4" colwidth="74*"/><thead valign="bottom"><row><entry VJ="1" colname="col1" valign="middle">Punkte</entry><entry VJ="1" colname="col2" valign="middle">Note<BR/>als Dezimalzahl</entry><entry VJ="1" colname="col3" valign="middle">Note<BR/> in Worten</entry><entry VJ="1" align="center" colname="col4" valign="middle">Definition</entry></row></thead><tbody valign="top"><row><entry VJ="1" colname="col1" valign="middle">100</entry><entry VJ="1" colname="col2" valign="middle">1,0</entry><entry VJ="1" colname="col3" morerows="4" valign="middle">sehr gut</entry><entry VJ="1" colname="col4" morerows="4" valign="middle">eine Leistung, die den Anforderungen in besonderem Maß entspricht</entry></row><row><entry VJ="1" colname="col1" valign="middle">98 und 99</entry><entry VJ="1" colname="col2" valign="middle">1,1</entry></row><row><entry VJ="1" colname="col1" valign="middle">96 und 97</entry><entry VJ="1" colname="col2" valign="middle">1,2</entry></row><row><entry VJ="1" colname="col1" valign="middle">94 und 95</entry><entry VJ="1" colname="col2" valign="middle">1,3</entry></row><row><entry VJ="1" colname="col1" valign="middle">92 und 93</entry><entry VJ="1" colname="col2" valign="middle">1,4</entry></row><row><entry VJ="1" colname="col1" valign="middle">91</entry><entry VJ="1" colname="col2" valign="middle">1,5</entry><entry VJ="1" colname="col3" morerows="9" valign="middle">gut</entry><entry VJ="1" colname="col4" morerows="9" valign="middle">eine Leistung, die den Anforderungen voll entspricht</entry></row><row><entry VJ="1" colname="col1" valign="middle">90</entry><entry VJ="1" colname="col2" valign="middle">1,6</entry></row><row><entry VJ="1" colname="col1" valign="middle">89</entry><entry VJ="1" colname="col2" valign="middle">1,7</entry></row><row><entry VJ="1" colname="col1" valign="middle">88</entry><entry VJ="1" colname="col2" valign="middle">1,8</entry></row><row><entry VJ="1" colname="col1" valign="middle">87</entry><entry VJ="1" colname="col2" valign="middle">1,9</entry></row><row><entry VJ="1" colname="col1" valign="middle">85 und 86</entry><entry VJ="1" colname="col2" valign="middle">2,0</entry></row><row><entry VJ="1" colname="col1" valign="middle">84</entry><entry VJ="1" colname="col2" valign="middle">2,1</entry></row><row><entry VJ="1" colname="col1" valign="middle">83</entry><entry VJ="1" colname="col2" valign="middle">2,2</entry></row><row><entry VJ="1" colname="col1" valign="middle">82</entry><entry VJ="1" colname="col2" valign="middle">2,3</entry></row><row><entry VJ="1" colname="col1" valign="middle">81</entry><entry VJ="1" colname="col2" valign="middle">2,4</entry></row><row><entry VJ="1" colname="col1" valign="middle">79 und 80</entry><entry VJ="1" colname="col2" valign="middle">2,5</entry><entry VJ="1" colname="col3" morerows="9" valign="middle">befriedigend</entry><entry VJ="1" colname="col4" morerows="9" valign="middle">eine Leistung, die den Anforderungen im Allgemeinen entspricht</entry></row><row><entry VJ="1" colname="col1" valign="middle">78</entry><entry VJ="1" colname="col2" valign="middle">2,6</entry></row><row><entry VJ="1" colname="col1" valign="middle">77</entry><entry VJ="1" colname="col2" valign="middle">2,7</entry></row><row><entry VJ="1" colname="col1" valign="middle">75 und 76</entry><entry VJ="1" colname="col2" valign="middle">2,8</entry></row><row><entry VJ="1" colname="col1" valign="middle">74</entry><entry VJ="1" colname="col2" valign="middle">2,9</entry></row><row><entry VJ="1" colname="col1" valign="middle">72 und 73</entry><entry VJ="1" colname="col2" valign="middle">3,0</entry></row><row><entry VJ="1" colname="col1" valign="middle">71</entry><entry VJ="1" colname="col2" valign="middle">3,1</entry></row><row><entry VJ="1" colname="col1" valign="middle">70</entry><entry VJ="1" colname="col2" valign="middle">3,2</entry></row><row><entry VJ="1" colname="col1" valign="middle">68 und 69</entry><entry VJ="1" colname="col2" valign="middle">3,3</entry></row><row><entry VJ="1" colname="col1" valign="middle">67</entry><entry VJ="1" colname="col2" valign="middle">3,4</entry></row><row><entry VJ="1" colname="col1" valign="middle">65 und 66</entry><entry VJ="1" colname="col2" valign="middle">3,5</entry><entry VJ="1" colname="col3" morerows="9" valign="middle">ausreichend</entry><entry VJ="1" colname="col4" morerows="9" valign="middle">eine Leistung, die zwar Mängel aufweist, aber im Ganzen den Anforderungen noch entspricht</entry></row><row><entry VJ="1" colname="col1" valign="middle">63 und 64</entry><entry VJ="1" colname="col2" valign="middle">3,6</entry></row><row><entry VJ="1" colname="col1" valign="middle">62</entry><entry VJ="1" colname="col2" valign="middle">3,7</entry></row><row><entry VJ="1" colname="col1" valign="middle">60 und 61</entry><entry VJ="1" colname="col2" valign="middle">3,8</entry></row><row><entry VJ="1" colname="col1" valign="middle">58 und 59</entry><entry VJ="1" colname="col2" valign="middle">3,9</entry></row><row><entry VJ="1" colname="col1" valign="middle">56 und 57</entry><entry VJ="1" colname="col2" valign="middle">4,0</entry></row><row><entry VJ="1" colname="col1" valign="middle">55</entry><entry VJ="1" colname="col2" valign="middle">4,1</entry></row><row><entry VJ="1" colname="col1" valign="middle">53 und 54</entry><entry VJ="1" colname="col2" valign="middle">4,2</entry></row><row><entry VJ="1" colname="col1" valign="middle">51 und 52</entry><entry VJ="1" colname="col2" valign="middle">4,3</entry></row><row><entry VJ="1" colname="col1" valign="middle">50</entry><entry VJ="1" colname="col2" valign="middle">4,4</entry></row><row><entry VJ="1" colname="col1" valign="middle">48 und 49</entry><entry VJ="1" colname="col2" valign="middle">4,5</entry><entry VJ="1" colname="col3" morerows="9" valign="middle">mangelhaft</entry><entry VJ="1" colname="col4" morerows="9" valign="middle">eine Leistung, die den Anforderungen nicht entspricht, jedoch erkennen lässt, dass gewisse Grundkenntnisse noch vorhanden sind</entry></row><row><entry VJ="1" colname="col1" valign="middle">46 und 47</entry><entry VJ="1" colname="col2" valign="middle">4,6</entry></row><row><entry VJ="1" colname="col1" valign="middle">44 und 45</entry><entry VJ="1" colname="col2" valign="middle">4,7</entry></row><row><entry VJ="1" colname="col1" valign="middle">42 und 43</entry><entry VJ="1" colname="col2" valign="middle">4,8</entry></row><row><entry VJ="1" colname="col1" valign="middle">40 und 41</entry><entry VJ="1" colname="col2" valign="middle">4,9</entry></row><row><entry VJ="1" colname="col1" valign="middle">38 und 39</entry><entry VJ="1" colname="col2" valign="middle">5,0</entry></row><row><entry VJ="1" colname="col1" valign="middle">36 und 37</entry><entry VJ="1" colname="col2" valign="middle">5,1</entry></row><row><entry VJ="1" colname="col1" valign="middle">34 und 35</entry><entry VJ="1" colname="col2" valign="middle">5,2</entry></row><row><entry VJ="1" colname="col1" valign="middle">32 und 33</entry><entry VJ="1" colname="col2" valign="middle">5,3</entry></row><row><entry VJ="1" colname="col1" valign="middle">30 und 31</entry><entry VJ="1" colname="col2" valign="middle">5,4</entry></row><row><entry VJ="1" colname="col1" valign="middle">25 bis 29</entry><entry VJ="1" colname="col2" valign="middle">5,5</entry><entry VJ="1" colname="col3" morerows="5" valign="middle">ungenügend</entry><entry VJ="1" colname="col4" morerows="5" valign="middle">eine Leistung, die den Anforderungen nicht entspricht und bei der selbst Grundkenntnisse fehlen</entry></row><row><entry VJ="1" colname="col1" valign="middle">20 bis 24</entry><entry VJ="1" colname="col2" valign="middle">5,6</entry></row><row><entry VJ="1" colname="col1" valign="middle">15 bis 19</entry><entry VJ="1" colname="col2" valign="middle">5,7</entry></row><row><entry VJ="1" colname="col1" valign="middle">10 bis 14</entry><entry VJ="1" colname="col2" valign="middle">5,8</entry></row><row><entry VJ="1" colname="col1" valign="middle">5 bis 9</entry><entry VJ="1" colname="col2" valign="middle">5,9</entry></row><row><entry VJ="1" colname="col1" valign="middle">0 bis 4</entry><entry VJ="1" colname="col2" valign="middle">6,0</entry></row></tbody></tgroup></table></Content></text><fussnoten><Content><P>(+++ Zur Anwendung vgl. §§ 1 u. 3 FortbVenÄndV6AnwV +++)</P></Content></fussnoten></textdaten></norm>
<norm builddate="20200325212503" doknr="BJNR124900010BJNE001402128"><metadaten><jurabk>PharmIndMstrFortbV</jurabk><enbez>Anlage 2</enbez><titel format="XML">(zu § 9)<BR/>Zeugnisinhalte</titel></metadaten><textdaten><text format="XML"><Content><P><noindex><kommentar typ="Fundstelle">(Fundstelle: BGBl. I 2019, 2344 – 2345)</kommentar></noindex><BR/><BR/></P><P><SP>Teil A – Zeugnis ohne Prüfungsergebnisse:</SP><DL Font="normal" Type="arabic"><DT>1.</DT><DD Font="normal"><LA Size="normal">Bezeichnung der ausstellenden Behörde,</LA></DD><DT>2.</DT><DD Font="normal"><LA Size="normal">Name und Geburtsdatum der zu prüfenden Person,</LA></DD><DT>3.</DT><DD Font="normal"><LA Size="normal">Datum des Bestehens der Prüfung,</LA></DD><DT>4.</DT><DD Font="normal"><LA Size="normal">Bezeichnung des erworbenen Fortbildungsabschlusses nach § 1 Absatz 4,</LA></DD><DT>5.</DT><DD Font="normal"><LA Size="normal">Bezeichnung und Fundstelle dieser Fortbildungsordnung nach den Angaben im Bundesgesetzblatt unter Berücksichtigung erfolgter Änderungen dieser Verordnung,</LA></DD><DT>6.</DT><DD Font="normal"><LA Size="normal">Datum der Ausstellung des Zeugnisses samt Unterschrift der zuständigen Stelle.</LA></DD></DL></P><P><SP>Teil B – Zeugnis mit Prüfungsergebnissen:</SP></P><P>Alle Angaben des Teils A sowie zusätzlich: <DL Font="normal" Type="arabic"><DT>1.</DT><DD Font="normal"><LA Size="normal">zum Prüfungsteil „Fachrichtungsübergreifende Basisqualifikationen“ <DL Font="normal" Type="alpha"><DT>a)</DT><DD Font="normal"><LA Size="normal">Benennung dieses Prüfungsteils und Bewertung mit Note sowie</LA></DD><DT>b)</DT><DD Font="normal"><LA Size="normal">Benennung der Prüfungsbereiche und Bewertung mit Punkten,</LA></DD></DL></LA></DD><DT>2.</DT><DD Font="normal"><LA Size="normal">zum Prüfungsteil „Handlungsspezifische Qualifikationen“ <DL Font="normal" Type="alpha"><DT>a)</DT><DD Font="normal"><LA Size="normal">Benennung dieses Prüfungsteils,</LA></DD><DT>b)</DT><DD Font="normal"><LA Size="normal">Benennung der Situationsaufgabe I im Handlungsbereich „Pharmazeutische Fertigung und Verpackung“ und Bewertung mit Punkten und Note,</LA></DD><DT>c)</DT><DD Font="normal"><LA Size="normal">Benennung der Situationsaufgabe II im Handlungsbereich „Organisation, Führung und Kommunikation“ und Bewertung mit Punkten und Note sowie</LA></DD><DT>d)</DT><DD Font="normal"><LA Size="normal">Benennung der schriftlichen Ausarbeitung im Handlungsbereich „Spezialisierungsgebiete“ mit Benennung des Wahlqualifikationsschwerpunkts und Bewertung mit Punkten und Note,</LA></DD></DL></LA></DD><DT>3.</DT><DD Font="normal"><LA Size="normal">die errechnete Gesamtpunktzahl für die gesamte Prüfung,</LA></DD><DT>4.</DT><DD Font="normal"><LA Size="normal">die Gesamtnote als Dezimalzahl,</LA></DD><DT>5.</DT><DD Font="normal"><LA Size="normal">die Gesamtnote in Worten,</LA></DD><DT>6.</DT><DD Font="normal"><LA Size="normal">Befreiungen nach § 6,</LA></DD><DT>7.</DT><DD Font="normal"><LA Size="normal">Vorliegen des Nachweises über den Erwerb der berufs- und arbeitspädagogischen Qualifikationen nach § 2 Absatz 2.</LA></DD></DL></P></Content></text><fussnoten><Content><P>(+++ Zur Anwendung vgl. §§ 1 u. 3 FortbVenÄndV6AnwV +++)</P></Content></fussnoten></textdaten></norm>
</dokumente>