<?xml version="1.0" encoding="UTF-8" ?><!DOCTYPE dokumente SYSTEM "http://www.gesetze-im-internet.de/dtd/1.01/gii-norm.dtd">
<dokumente builddate="20180116214021" doknr="BJNR397600017"><norm builddate="20180116214021" doknr="BJNR397600017"><metadaten><jurabk>BSV 2018</jurabk><amtabk>BSV 2018</amtabk><ausfertigung-datum manuell="ja">2017-12-18</ausfertigung-datum><fundstelle typ="amtlich"><periodikum>BGBl I</periodikum><zitstelle>2017, 3976</zitstelle></fundstelle><kurzue>Beitragssatzverordnung 2018</kurzue><langue>Verordnung zur Bestimmung der Beitragssätze in der gesetzlichen Rentenversicherung für das Jahr 2018</langue></metadaten><textdaten><fussnoten><Content><P><BR/> <pre xml:space="preserve">(+++ Textnachweis ab: 1.1.2018 +++)<BR/><BR/></pre></P></Content></fussnoten></textdaten></norm>
<norm builddate="20180116214021" doknr="BJNR397600017BJNE000100000"><metadaten><jurabk>BSV 2018</jurabk><enbez>Eingangsformel</enbez></metadaten><textdaten><text format="XML"><Content><P>Auf Grund des § 160 Nummer 1 in Verbindung mit § 158 Absatz 1 bis 3 des Sechsten Buches Sozialgesetzbuch – Gesetzliche Rentenversicherung –, von denen § 158 Absatz 1 zuletzt durch Artikel 1 Nummer 25 Buchstabe a des Gesetzes vom 9. Dezember 2004 (BGBl. I S. 3242), Absatz 2 zuletzt durch Artikel 5 Nummer 3 des Gesetzes vom 2. Dezember 2006 (BGBl. I S. 2742) und Absatz 3 durch Artikel 1 Nummer 25 Buchstabe b des Gesetzes vom 9. Dezember 2004 (BGBl. I S. 3242) geändert worden ist, verordnet die Bundesregierung:</P></Content></text></textdaten></norm>
<norm builddate="20180116214021" doknr="BJNR397600017BJNE000200000"><metadaten><jurabk>BSV 2018</jurabk><enbez>§ 1</enbez><titel format="XML">Beitragssätze in der Rentenversicherung</titel></metadaten><textdaten><text format="XML"><Content><P>Der Beitragssatz für das Jahr 2018 beträgt in der allgemeinen Rentenversicherung 18,6 Prozent und in der knappschaftlichen Rentenversicherung 24,7 Prozent.</P></Content></text></textdaten></norm>
<norm builddate="20180116214021" doknr="BJNR397600017BJNE000300000"><metadaten><jurabk>BSV 2018</jurabk><enbez>§ 2</enbez><titel format="XML">Inkrafttreten</titel></metadaten><textdaten><text format="XML"><Content><P>Diese Verordnung tritt am 1. Januar 2018 in Kraft.</P></Content></text></textdaten></norm>
<norm builddate="20180116214021" doknr="BJNR397600017BJNE000400000"><metadaten><jurabk>BSV 2018</jurabk><enbez>Schlussformel</enbez></metadaten><textdaten><text format="XML"><Content><P>Der Bundesrat hat zugestimmt.</P></Content></text></textdaten></norm>
</dokumente>