<?xml version="1.0" encoding="UTF-8" ?><!DOCTYPE dokumente SYSTEM "http://www.gesetze-im-internet.de/dtd/1.01/gii-norm.dtd">
<dokumente builddate="20120625154353" doknr="BJNR343800994"><norm builddate="20120625154353" doknr="BJNR343800994"><metadaten><jurabk>BSV 1995</jurabk><amtabk>BSV 1995</amtabk><ausfertigung-datum manuell="ja">1994-11-14</ausfertigung-datum><fundstelle typ="amtlich"><periodikum>BGBl I</periodikum><zitstelle>1994, 3438</zitstelle></fundstelle><kurzue>Beitragssatzverordnung 1995</kurzue><langue>Verordnung zur Bestimmung der Beitragssätze in der gesetzlichen
Rentenversicherung für 1995</langue></metadaten><textdaten><text format="XML"><Content><P/></Content></text><fussnoten><Content><P>(+++ Textnachweis ab:  1. 1.1995 +++)</P></Content></fussnoten></textdaten></norm>
<norm builddate="20120625154353" doknr="BJNR343800994BJNE000100000"><metadaten><jurabk>BSV 1995</jurabk><enbez>Eingangsformel</enbez></metadaten><textdaten><text format="XML"><Content><P>Auf Grund des § 160 des Sechsten Buches Sozialgesetzbuch - Gesetzliche Rentenversicherung - (Artikel 1 des Gesetzes vom 18. Dezember 1989, BGBl. I S. 2261) verordnet die Bundesregierung:</P></Content></text></textdaten></norm>
<norm builddate="20120625154353" doknr="BJNR343800994BJNE000200000"><metadaten><jurabk>BSV 1995</jurabk><enbez>§ 1</enbez><titel format="parat">Beitragssätze in der Rentenversicherung</titel></metadaten><textdaten><text format="XML"><Content><P>Der Beitragssatz für das Jahr 1995 beträgt in der Rentenversicherung der Arbeiter und der Angestellten 18,6 vom Hundert und in der knappschaftlichen Rentenversicherung 24,7 vom Hundert.</P></Content></text></textdaten></norm>
<norm builddate="20120625154353" doknr="BJNR343800994BJNE000300000"><metadaten><jurabk>BSV 1995</jurabk><enbez>§ 2</enbez><titel format="parat">Inkrafttreten</titel></metadaten><textdaten><text format="XML"><Content><P>Diese Verordnung tritt am 1. Januar 1995 in Kraft.</P></Content></text></textdaten></norm>
<norm builddate="20120625154353" doknr="BJNR343800994BJNE000400000"><metadaten><jurabk>BSV 1995</jurabk><enbez>Schlußformel</enbez></metadaten><textdaten><text format="XML"><Content><P>Der Bundesrat hat zugestimmt.</P></Content></text></textdaten></norm>
</dokumente>