<?xml version="1.0" encoding="UTF-8" ?><!DOCTYPE dokumente SYSTEM "http://www.gesetze-im-internet.de/dtd/1.01/gii-norm.dtd">
<dokumente builddate="20210831213044" doknr="BJNR050210998"><norm builddate="20210831213044" doknr="BJNR050210998"><metadaten><jurabk>BBodSchG</jurabk><amtabk>BBodSchG</amtabk><ausfertigung-datum manuell="ja">1998-03-17</ausfertigung-datum><fundstelle typ="amtlich"><periodikum>BGBl I</periodikum><zitstelle>1998, 502</zitstelle></fundstelle><kurzue>Bundes-Bodenschutzgesetz</kurzue><langue>Gesetz zum Schutz vor schädlichen Bodenveränderungen und zur Sanierung von Altlasten</langue><standangabe checked="ja"><standtyp>Stand</standtyp><standkommentar>Zuletzt geändert durch Art. 7 G v. 25.2.2021 I 306</standkommentar></standangabe></metadaten><textdaten><fussnoten><Content><P><BR/> <pre xml:space="preserve">(+++ Textnachweis ab: 1.3.1999 +++)<BR/><BR/></pre>Das G wurde als Artikel 1 G v. 17.3.1998 I 502 vom Bundestag mit Zustimmung des Bundesrates beschlossen und tritt gem. Art. 4 Satz 2 dieses G am 1.3.1999 in Kraft. Die Vorschriften, die zum Erlaß von Rechtsverordnungen ermächtigen sowie § 20 treten gem. Art. 4 Satz 1 am 25.3.1998 in Kraft.</P></Content></fussnoten></textdaten></norm>
<norm builddate="20210831213044" doknr="BJNR050210998BJNE000100000"><metadaten><jurabk>BBodSchG</jurabk><enbez>Inhaltsübersicht</enbez></metadaten><textdaten><text format="XML"><Content><P><table frame="none" pgwide="1" tocentry="%yes;"><tgroup align="left" char="" charoff="50" cols="2" colsep="0" rowsep="0"><colspec colname="col3" colnum="1" colwidth="12.50*"/><colspec colname="col4" colnum="2" colwidth="87.50*"/><tbody valign="top"><row><entry VJ="1" align="center" colsep="1" nameend="col4" namest="col3">Erster Teil</entry></row><row><entry VJ="1" align="center" colsep="1" nameend="col4" namest="col3">Allgemeine Vorschriften</entry></row><row><entry VJ="1" align="left" colsep="0" valign="top">§ 1</entry><entry VJ="1" align="left" colsep="0" valign="top">Zweck und Grundsätze des Gesetzes</entry></row><row><entry VJ="1" align="left" colsep="0" valign="top">§ 2</entry><entry VJ="1" align="left" colsep="0" valign="top">Begriffsbestimmungen</entry></row><row><entry VJ="1" align="left" colsep="0" valign="top">§ 3</entry><entry VJ="1" align="left" colsep="0" valign="top">Anwendungsbereich</entry></row><row><entry VJ="1"/><entry VJ="1"/></row><row><entry VJ="1" align="center" colsep="1" nameend="col4" namest="col3">Zweiter Teil</entry></row><row><entry VJ="1" align="center" colsep="1" nameend="col4" namest="col3">Grundsätze und Pflichten</entry></row><row><entry VJ="1" align="left" colsep="0" valign="top">§ 4</entry><entry VJ="1" align="left" colsep="0" valign="top">Pflichten zur Gefahrenabwehr</entry></row><row><entry VJ="1" align="left" colsep="0" valign="top">§ 5</entry><entry VJ="1" align="left" colsep="0" valign="top">Entsiegelung</entry></row><row><entry VJ="1" align="left" colsep="0" valign="top">§ 6</entry><entry VJ="1" align="left" colsep="0" valign="top">Auf- und Einbringen von Materialien auf oder in den Boden</entry></row><row><entry VJ="1" align="left" colsep="0" valign="top">§ 7</entry><entry VJ="1" align="left" colsep="0" valign="top">Vorsorgepflicht</entry></row><row><entry VJ="1" align="left" colsep="0" valign="top">§ 8</entry><entry VJ="1" align="left" colsep="0" valign="top">Werte und Anforderungen</entry></row><row><entry VJ="1" align="left" colsep="0" valign="top">§ 9</entry><entry VJ="1" align="left" colsep="0" valign="top">Gefährdungsabschätzung und Untersuchungsanordnungen</entry></row><row><entry VJ="1" align="left" colsep="0" valign="top">§ 10</entry><entry VJ="1" align="left" colsep="0" valign="top">Sonstige Anordnungen</entry></row><row><entry VJ="1"/><entry VJ="1"/></row><row><entry VJ="1" align="center" colsep="1" nameend="col4" namest="col3">Dritter Teil</entry></row><row><entry VJ="1" align="center" colsep="1" nameend="col4" namest="col3">Ergänzende Vorschriften für Altlasten</entry></row><row><entry VJ="1" align="left" colsep="0" valign="top">§ 11</entry><entry VJ="1" align="left" colsep="0" valign="top">Erfassung</entry></row><row><entry VJ="1" align="left" colsep="0" valign="top">§ 12</entry><entry VJ="1" align="left" colsep="0" valign="top">Information der Betroffenen</entry></row><row><entry VJ="1" align="left" colsep="0" valign="top">§ 13</entry><entry VJ="1" align="left" colsep="0" valign="top">Sanierungsuntersuchungen und Sanierungsplanung</entry></row><row><entry VJ="1" align="left" colsep="0" valign="top">§ 14</entry><entry VJ="1" align="left" colsep="0" valign="top">Behördliche Sanierungsplanung</entry></row><row><entry VJ="1" align="left" colsep="0" valign="top">§ 15</entry><entry VJ="1" align="left" colsep="0" valign="top">Behördliche Überwachung, Eigenkontrolle</entry></row><row><entry VJ="1" align="left" colsep="0" valign="top">§ 16</entry><entry VJ="1" align="left" colsep="0" valign="top">Ergänzende Anordnungen zur Altlastensanierung</entry></row><row><entry VJ="1"/><entry VJ="1"/></row><row><entry VJ="1" align="center" colsep="1" nameend="col4" namest="col3">Vierter Teil</entry></row><row><entry VJ="1" align="center" colsep="1" nameend="col4" namest="col3">Landwirtschaftliche Bodennutzung</entry></row><row><entry VJ="1" align="left" colsep="0" valign="top">§ 17</entry><entry VJ="1" align="left" colsep="0" valign="top">Gute fachliche Praxis in der Landwirtschaft</entry></row><row><entry VJ="1"/><entry VJ="1"/></row><row><entry VJ="1" align="center" colsep="1" nameend="col4" namest="col3">Fünfter Teil</entry></row><row><entry VJ="1" align="center" colsep="1" nameend="col4" namest="col3">Schlußvorschriften</entry></row><row><entry VJ="1" align="left" colsep="0" valign="top">§ 18</entry><entry VJ="1" align="left" colsep="0" valign="top">Sachverständige und Untersuchungsstellen</entry></row><row><entry VJ="1" align="left" colsep="0" valign="top">§ 19</entry><entry VJ="1" align="left" colsep="0" valign="top">Datenübermittlung</entry></row><row><entry VJ="1" align="left" colsep="0" valign="top">§ 20</entry><entry VJ="1" align="left" colsep="0" valign="top">Anhörung beteiligter Kreise</entry></row><row><entry VJ="1" align="left" colsep="0" valign="top">§ 21</entry><entry VJ="1" align="left" colsep="0" valign="top">Landesrechtliche Regelungen</entry></row><row><entry VJ="1" align="left" colsep="0" valign="top">§ 22</entry><entry VJ="1" align="left" colsep="0" valign="top">Erfüllung von bindenden Beschlüssen der Europäischen Gemeinschaften</entry></row><row><entry VJ="1" align="left" colsep="0" valign="top">§ 23</entry><entry VJ="1" align="left" colsep="0" valign="top">Landesverteidigung</entry></row><row><entry VJ="1" align="left" colsep="0" valign="top">§ 24</entry><entry VJ="1" align="left" colsep="0" valign="top">Kosten</entry></row><row><entry VJ="1" align="left" colsep="0" valign="top">§ 25</entry><entry VJ="1" align="left" colsep="0" valign="top">Wertausgleich</entry></row><row><entry VJ="1" align="left" colsep="0" valign="top">§ 26</entry><entry VJ="1" align="left" colsep="0" valign="top">Bußgeldvorschriften</entry></row></tbody></tgroup></table></P></Content></text></textdaten></norm>
<norm builddate="20210831213044" doknr="BJNR050210998BJNG000200000"><metadaten><jurabk>BBodSchG</jurabk><gliederungseinheit><gliederungskennzahl>010</gliederungskennzahl><gliederungsbez>Erster Teil</gliederungsbez><gliederungstitel>Allgemeine Vorschriften</gliederungstitel></gliederungseinheit></metadaten><textdaten><text format="XML"><Content><P/></Content></text></textdaten></norm>
<norm builddate="20210831213044" doknr="BJNR050210998BJNE000300000"><metadaten><jurabk>BBodSchG</jurabk><enbez>§ 1</enbez><titel format="parat">Zweck und Grundsätze des Gesetzes</titel></metadaten><textdaten><text format="XML"><Content><P>Zweck dieses Gesetzes ist es, nachhaltig die Funktionen des Bodens zu sichern oder wiederherzustellen. Hierzu sind schädliche Bodenveränderungen abzuwehren, der Boden und Altlasten sowie hierdurch verursachte Gewässerverunreinigungen zu sanieren und Vorsorge gegen nachteilige Einwirkungen auf den Boden zu treffen. Bei Einwirkungen auf den Boden sollen Beeinträchtigungen seiner natürlichen Funktionen sowie seiner Funktion als Archiv der Natur- und Kulturgeschichte so weit wie möglich vermieden werden.</P></Content></text></textdaten></norm>
<norm builddate="20210831213044" doknr="BJNR050210998BJNE000400000"><metadaten><jurabk>BBodSchG</jurabk><enbez>§ 2</enbez><titel format="parat">Begriffsbestimmungen</titel></metadaten><textdaten><text format="XML"><Content><P>(1) Boden im Sinne dieses Gesetzes ist die obere Schicht der Erdkruste, soweit sie Träger der in Absatz 2 genannten Bodenfunktionen ist, einschließlich der flüssigen Bestandteile (Bodenlösung) und der gasförmigen Bestandteile (Bodenluft), ohne Grundwasser und Gewässerbetten.</P><P>(2) Der Boden erfüllt im Sinne dieses Gesetzes <DL Font="normal" Type="arabic"><DT>1.</DT><DD Font="normal"><LA Size="normal">natürliche Funktionen als<DL Font="normal" Type="arabic"><DT>a)</DT><DD Font="normal"><LA Size="normal">Lebensgrundlage und Lebensraum für Menschen, Tiere, Pflanzen und Bodenorganismen,</LA></DD> <DT>b)</DT><DD Font="normal"><LA Size="normal">Bestandteil des Naturhaushalts, insbesondere mit seinen Wasser- und Nährstoffkreisläufen,</LA></DD> <DT>c)</DT><DD Font="normal"><LA Size="normal">Abbau-, Ausgleichs- und Aufbaumedium für stoffliche Einwirkungen auf Grund der Filter-, Puffer- und Stoffumwandlungseigenschaften, insbesondere auch zum Schutz des Grundwassers,</LA></DD> </DL></LA></DD> <DT>2.</DT><DD Font="normal"><LA Size="normal">Funktionen als Archiv der Natur- und Kulturgeschichte sowie</LA></DD> <DT>3.</DT><DD Font="normal"><LA Size="normal">Nutzungsfunktionen als<DL Font="normal" Type="arabic"><DT>a)</DT><DD Font="normal"><LA Size="normal">Rohstofflagerstätte,</LA></DD> <DT>b)</DT><DD Font="normal"><LA Size="normal">Fläche für Siedlung und Erholung,</LA></DD> <DT>c)</DT><DD Font="normal"><LA Size="normal">Standort für die land- und forstwirtschaftliche Nutzung,</LA></DD> <DT>d)</DT><DD Font="normal"><LA Size="normal">Standort für sonstige wirtschaftliche und öffentliche Nutzungen, Verkehr, Ver- und Entsorgung.</LA></DD> </DL> </LA></DD> </DL></P><P>(3) Schädliche Bodenveränderungen im Sinne dieses Gesetzes sind Beeinträchtigungen der Bodenfunktionen, die geeignet sind, Gefahren, erhebliche Nachteile oder erhebliche Belästigungen für den einzelnen oder die Allgemeinheit herbeizuführen.</P><P>(4) Verdachtsflächen im Sinne dieses Gesetzes sind Grundstücke, bei denen der Verdacht schädlicher Bodenveränderungen besteht.</P><P>(5) Altlasten im Sinne dieses Gesetzes sind <DL Font="normal" Type="arabic"><DT>1.</DT><DD Font="normal"><LA Size="normal">stillgelegte Abfallbeseitigungsanlagen sowie sonstige Grundstücke, auf denen Abfälle behandelt, gelagert oder abgelagert worden sind (Altablagerungen), und</LA></DD> <DT>2.</DT><DD Font="normal"><LA Size="normal">Grundstücke stillgelegter Anlagen und sonstige Grundstücke, auf denen mit umweltgefährdenden Stoffen umgegangen worden ist, ausgenommen Anlagen, deren Stillegung einer Genehmigung nach dem Atomgesetz bedarf (Altstandorte),</LA></DD> </DL>durch die schädliche Bodenveränderungen oder sonstige Gefahren für den einzelnen oder die Allgemeinheit hervorgerufen werden.</P><P>(6) Altlastverdächtige Flächen im Sinne dieses Gesetzes sind Altablagerungen und Altstandorte, bei denen der Verdacht schädlicher Bodenveränderungen oder sonstiger Gefahren für den einzelnen oder die Allgemeinheit besteht.</P><P>(7) Sanierung im Sinne dieses Gesetzes sind Maßnahmen <DL Font="normal" Type="arabic"><DT>1.</DT><DD Font="normal"><LA Size="normal">zur Beseitigung oder Verminderung der Schadstoffe (Dekontaminationsmaßnahmen),</LA></DD> <DT>2.</DT><DD Font="normal"><LA Size="normal">die eine Ausbreitung der Schadstoffe langfristig verhindern oder vermindern, ohne die Schadstoffe zu beseitigen (Sicherungsmaßnahmen),</LA></DD> <DT>3.</DT><DD Font="normal"><LA Size="normal">zur Beseitigung oder Verminderung schädlicher Veränderungen der physikalischen, chemischen oder biologischen Beschaffenheit des Bodens.</LA></DD> </DL> </P><P>(8) Schutz- und Beschränkungsmaßnahmen im Sinne dieses Gesetzes sind sonstige Maßnahmen, die Gefahren, erhebliche Nachteile oder erhebliche Belästigungen für den einzelnen oder die Allgemeinheit verhindern oder vermindern, insbesondere Nutzungsbeschränkungen.</P></Content>     </text></textdaten></norm>
<norm builddate="20210831213044" doknr="BJNR050210998BJNE000504116"><metadaten><jurabk>BBodSchG</jurabk><enbez>§ 3</enbez><titel format="XML">Anwendungsbereich</titel></metadaten><textdaten><text format="XML"><Content><P>(1) Dieses Gesetz findet auf schädliche Bodenveränderungen und Altlasten Anwendung, soweit <DL Font="normal" Type="arabic"><DT>1.</DT><DD Font="normal"><LA Size="normal">Vorschriften des Kreislaufwirtschaftsgesetzes über das Aufbringen von Abfällen zur Verwertung als Düngemittel im Sinne des § 2 des Düngegesetzes und der hierzu auf Grund des Kreislaufwirtschaftsgesetzes und des bis zum 1. Juni 2012 geltenden Kreislaufwirtschafts- und Abfallgesetzes erlassenen Rechtsverordnungen,</LA></DD><DT>2.</DT><DD Font="normal"><LA Size="normal">Vorschriften des Kreislaufwirtschaftsgesetzes über die Zulassung und den Betrieb von Abfallbeseitigungsanlagen zur Beseitigung von Abfällen sowie über die Stillegung von Deponien,</LA></DD><DT>3.</DT><DD Font="normal"><LA Size="normal">Vorschriften über die Beförderung gefährlicher Güter,</LA></DD><DT>4.</DT><DD Font="normal"><LA Size="normal">Vorschriften des Düngemittel- und Pflanzenschutzrechts,</LA></DD><DT>5.</DT><DD Font="normal"><LA Size="normal">Vorschriften des Gentechnikgesetzes,</LA></DD><DT>6.</DT><DD Font="normal"><LA Size="normal">Vorschriften des Zweiten Kapitels des Bundeswaldgesetzes und der Forst- und Waldgesetze der Länder,</LA></DD><DT>7.</DT><DD Font="normal"><LA Size="normal">Vorschriften des Flurbereinigungsgesetzes über das Flurbereinigungsgebiet, auch in Verbindung mit dem Landwirtschaftsanpassungsgesetz,</LA></DD><DT>8.</DT><DD Font="normal"><LA Size="normal">Vorschriften über Bau, Änderung, Unterhaltung und Betrieb von Verkehrswegen oder Vorschriften, die den Verkehr regeln,</LA></DD><DT>9.</DT><DD Font="normal"><LA Size="normal">Vorschriften des Bauplanungs- und Bauordnungsrechts,</LA></DD><DT>10.</DT><DD Font="normal"><LA Size="normal">Vorschriften des Bundesberggesetzes und der auf Grund dieses Gesetzes erlassenen Rechtsverordnungen über die Errichtung, Führung oder Einstellung eines Betriebes sowie</LA></DD><DT>11.</DT><DD Font="normal"><LA Size="normal">Vorschriften des Bundes-Immissionsschutzgesetzes und der auf Grund dieses Gesetzes erlassenen Rechtsverordnungen über die Errichtung und den Betrieb von Anlagen unter Berücksichtigung von Absatz 3</LA></DD></DL>Einwirkungen auf den Boden nicht regeln.</P><P>(2) Dieses Gesetz findet keine Anwendung auf Anlagen, Tätigkeiten, Geräte oder Vorrichtungen, Kernbrennstoffe und sonstige radioaktive Stoffe, Grundstücke, Teile von Grundstücken, Gewässer und Grubenbaue, soweit Rechtsvorschriften den Schutz vor den Gefahren der Kernenergie oder der Wirkung ionisierender Strahlen regeln. Dieses Gesetz gilt ferner nicht für das Aufsuchen, Bergen, Befördern, Lagern, Behandeln und Vernichten von Kampfmitteln.</P><P>(3) Im Hinblick auf das Schutzgut Boden gelten schädliche Bodenveränderungen im Sinne des § 2 Abs. 3 dieses Gesetzes und der auf Grund dieses Gesetzes erlassenen Rechtsverordnungen, soweit sie durch Immissionen verursacht werden, als schädliche Umwelteinwirkungen nach § 3 Abs. 1 des Bundes-Immissionsschutzgesetzes, im übrigen als sonstige Gefahren, erhebliche Nachteile oder erhebliche Belästigungen nach § 5 Abs. 1 Nr. 1 des Bundes-Immissionsschutzgesetzes. Zur näheren Bestimmung der immissionsschutzrechtlichen Vorsorgepflichten sind die in einer Rechtsverordnung nach § 8 Abs. 2 festgelegten Werte heranzuziehen, sobald in einer Rechtsverordnung oder in einer Verwaltungsvorschrift des Bundes bestimmt worden ist, welche Zusatzbelastungen durch den Betrieb einer Anlage nicht als ursächlicher Beitrag zum Entstehen schädlicher Bodenveränderungen anzusehen sind. In der Rechtsverordnung oder der Verwaltungsvorschrift soll gleichzeitig geregelt werden, daß bei Unterschreitung bestimmter Emissionsmassenströme auch ohne Ermittlung der Zusatzbelastung davon auszugehen ist, daß die Anlage nicht zu schädlichen Bodenveränderungen beiträgt.</P></Content></text><fussnoten/></textdaten></norm>
<norm builddate="20210831213044" doknr="BJNR050210998BJNG000600000"><metadaten><jurabk>BBodSchG</jurabk><gliederungseinheit><gliederungskennzahl>020</gliederungskennzahl><gliederungsbez>Zweiter Teil</gliederungsbez><gliederungstitel>Grundsätze und Pflichten</gliederungstitel></gliederungseinheit></metadaten><textdaten><text format="XML"><Content><P/></Content></text></textdaten></norm>
<norm builddate="20210831213044" doknr="BJNR050210998BJNE000700000"><metadaten><jurabk>BBodSchG</jurabk><enbez>§ 4</enbez><titel format="parat">Pflichten zur Gefahrenabwehr</titel></metadaten><textdaten><text format="XML"><Content><P>(1) Jeder, der auf den Boden einwirkt, hat sich so zu verhalten, daß schädliche Bodenveränderungen nicht hervorgerufen werden.</P><P>(2) Der Grundstückseigentümer und der Inhaber der tatsächlichen Gewalt über ein Grundstück sind verpflichtet, Maßnahmen zur Abwehr der von ihrem Grundstück drohenden schädlichen Bodenveränderungen zu ergreifen.</P><P>(3) Der Verursacher einer schädlichen Bodenveränderung oder Altlast sowie dessen Gesamtrechtsnachfolger, der Grundstückseigentümer und der Inhaber der tatsächlichen Gewalt über ein Grundstück sind verpflichtet, den Boden und Altlasten sowie durch schädliche Bodenveränderungen oder Altlasten verursachte Verunreinigungen von Gewässern so zu sanieren, daß dauerhaft keine Gefahren, erheblichen Nachteile oder erheblichen Belästigungen für den einzelnen oder die Allgemeinheit entstehen. Hierzu kommen bei Belastungen durch Schadstoffe neben Dekontaminations- auch Sicherungsmaßnahmen in Betracht, die eine Ausbreitung der Schadstoffe langfristig verhindern. Soweit dies nicht möglich oder unzumutbar ist, sind sonstige Schutz- und Beschränkungsmaßnahmen durchzuführen. Zur Sanierung ist auch verpflichtet, wer aus handelsrechtlichem oder gesellschaftsrechtlichem Rechtsgrund für eine juristische Person einzustehen hat, der ein Grundstück, das mit einer schädlichen Bodenveränderung oder einer Altlast belastet ist, gehört, und wer das Eigentum an einem solchen Grundstück aufgibt.</P><P>(4) Bei der Erfüllung der boden- und altlastenbezogenen Pflichten nach den Absätzen 1 bis 3 ist die planungsrechtlich zulässige Nutzung des Grundstücks und das sich daraus ergebende Schutzbedürfnis zu beachten, soweit dies mit dem Schutz der in § 2 Abs. 2 Nr. 1 und 2 genannten Bodenfunktionen zu vereinbaren ist. Fehlen planungsrechtliche Festsetzungen, bestimmt die Prägung des Gebiets unter Berücksichtigung der absehbaren Entwicklung das Schutzbedürfnis. Die bei der Sanierung von Gewässern zu erfüllenden Anforderungen bestimmen sich nach dem Wasserrecht.</P><P>(5) Sind schädliche Bodenveränderungen oder Altlasten nach dem 1. März 1999 eingetreten, sind Schadstoffe zu beseitigen, soweit dies im Hinblick auf die Vorbelastung des Bodens verhältnismäßig ist. Dies gilt für denjenigen nicht, der zum Zeitpunkt der Verursachung auf Grund der Erfüllung der für ihn geltenden gesetzlichen Anforderungen darauf vertraut hat, daß solche Beeinträchtigungen nicht entstehen werden, und sein Vertrauen unter Berücksichtigung der Umstände des Einzelfalles schutzwürdig ist.</P><P>(6) Der frühere Eigentümer eines Grundstücks ist zur Sanierung verpflichtet, wenn er sein Eigentum nach dem 1. März 1999 übertragen hat und die schädliche Bodenveränderung oder Altlast hierbei kannte oder kennen mußte. Dies gilt für denjenigen nicht, der beim Erwerb des Grundstücks darauf vertraut hat, daß schädliche Bodenveränderungen oder Altlasten nicht vorhanden sind, und sein Vertrauen unter Berücksichtigung der Umstände des Einzelfalles schutzwürdig ist.</P></Content>     </text></textdaten></norm>
<norm builddate="20210831213044" doknr="BJNR050210998BJNE000800000"><metadaten><jurabk>BBodSchG</jurabk><enbez>§ 5</enbez><titel format="parat">Entsiegelung</titel></metadaten><textdaten><text format="XML"><Content><P>Soweit die Vorschriften des Baurechts die Befugnisse der Behörden nicht regeln, wird die Bundesregierung ermächtigt, nach Anhörung der beteiligten Kreise (§ 20) durch Rechtsverordnung mit Zustimmung des Bundesrates Grundstückseigentümer zu verpflichten, bei dauerhaft nicht mehr genutzten Flächen, deren Versiegelung im Widerspruch zu planungsrechtlichen Festsetzungen steht, den Boden in seiner Leistungsfähigkeit im Sinne des § 1 so weit wie möglich und zumutbar zu erhalten oder wiederherzustellen. Bis zum Inkrafttreten einer Rechtsverordnung nach Satz 1 können durch die nach Landesrecht zuständigen Behörden im Einzelfall gegenüber den nach Satz 1 Verpflichteten Anordnungen zur Entsiegelung getroffen werden, wenn die in Satz 1 im übrigen genannten Voraussetzungen vorliegen.</P></Content></text><fussnoten/></textdaten></norm>
<norm builddate="20210831213044" doknr="BJNR050210998BJNE000900000"><metadaten><jurabk>BBodSchG</jurabk><enbez>§ 6</enbez><titel format="parat">Auf- und Einbringen von Materialien auf oder in
den Boden</titel></metadaten><textdaten><text format="XML"><Content><P>Die Bundesregierung wird ermächtigt, nach Anhörung der beteiligten Kreise (§ 20) durch Rechtsverordnung mit Zustimmung des Bundesrates zur Erfüllung der sich aus diesem Gesetz ergebenden Anforderungen an das Auf- und Einbringen von Materialien hinsichtlich der Schadstoffgehalte und sonstiger Eigenschaften, insbesondere <DL Font="normal" Type="arabic"><DT>1.</DT><DD Font="normal"><LA Size="normal">Verbote oder Beschränkungen nach Maßgabe von Merkmalen wie Art und Beschaffenheit der Materialien und des Bodens, Aufbringungsort und -zeit und natürliche Standortverhältnisse sowie</LA></DD> <DT>2.</DT><DD Font="normal"><LA Size="normal">Untersuchungen der Materialien oder des Bodens, Maßnahmen zur Vorbehandlung dieser Materialien oder geeignete andere Maßnahmen</LA></DD> </DL>zu bestimmen.</P></Content></text><fussnoten/></textdaten></norm>
<norm builddate="20210831213044" doknr="BJNR050210998BJNE001000000"><metadaten><jurabk>BBodSchG</jurabk><enbez>§ 7</enbez><titel format="parat">Vorsorgepflicht</titel></metadaten><textdaten><text format="XML"><Content><P>Der Grundstückseigentümer, der Inhaber der tatsächlichen Gewalt über ein Grundstück und derjenige, der Verrichtungen auf einem Grundstück durchführt oder durchführen läßt, die zu Veränderungen der Bodenbeschaffenheit führen können, sind verpflichtet, Vorsorge gegen das Entstehen schädlicher Bodenveränderungen zu treffen, die durch ihre Nutzung auf dem Grundstück oder in dessen Einwirkungsbereich hervorgerufen werden können. Vorsorgemaßnahmen sind geboten, wenn wegen der räumlichen, langfristigen oder komplexen Auswirkungen einer Nutzung auf die Bodenfunktionen die Besorgnis einer schädlichen Bodenveränderung besteht. Zur Erfüllung der Vorsorgepflicht sind Bodeneinwirkungen zu vermeiden oder zu vermindern, soweit dies auch im Hinblick auf den Zweck der Nutzung des Grundstücks verhältnismäßig ist. Anordnungen zur Vorsorge gegen schädliche Bodenveränderungen dürfen nur getroffen werden, soweit Anforderungen in einer Rechtsverordnung nach § 8 Abs. 2 festgelegt sind. Die Erfüllung der Vorsorgepflicht bei der landwirtschaftlichen Bodennutzung richtet sich nach § 17 Abs. 1 und 2, für die forstwirtschaftliche Bodennutzung richtet sie sich nach dem Zweiten Kapitel des Bundeswaldgesetzes und den Forst- und Waldgesetzen der Länder. Die Vorsorge für das Grundwasser richtet sich nach wasserrechtlichen Vorschriften. Bei bestehenden Bodenbelastungen bestimmen sich die zu erfüllenden Pflichten nach § 4.</P></Content></text></textdaten></norm>
<norm builddate="20210831213044" doknr="BJNR050210998BJNE001100000"><metadaten><jurabk>BBodSchG</jurabk><enbez>§ 8</enbez><titel format="parat">Werte und Anforderungen</titel></metadaten><textdaten><text format="XML"><Content><P>(1) Die Bundesregierung wird ermächtigt, nach Anhörung der beteiligten Kreise (§ 20) durch Rechtsverordnung mit Zustimmung des Bundesrates Vorschriften über die Erfüllung der sich aus § 4 ergebenden boden- und altlastenbezogenen Pflichten sowie die Untersuchung und Bewertung von Verdachtsflächen, schädlichen Bodenveränderungen, altlastverdächtigen Flächen und Altlasten zu erlassen. Hierbei können insbesondere <DL Font="normal" Type="arabic"><DT>1.</DT><DD Font="normal"><LA Size="normal">Werte, bei deren Überschreiten unter Berücksichtigung der Bodennutzung eine einzelfallbezogene Prüfung durchzuführen und festzustellen ist, ob eine schädliche Bodenveränderung oder Altlast vorliegt (Prüfwerte),</LA></DD> <DT>2.</DT><DD Font="normal"><LA Size="normal">Werte für Einwirkungen oder Belastungen, bei deren Überschreiten unter Berücksichtigung der jeweiligen Bodennutzung in der Regel von einer schädlichen Bodenveränderung oder Altlast auszugehen ist und Maßnahmen erforderlich sind (Maßnahmenwerte),</LA></DD> <DT>3.</DT><DD Font="normal"><LA Size="normal">Anforderungen an<DL Font="normal" Type="arabic"><DT>a)</DT><DD Font="normal"><LA Size="normal">die Abwehr schädlicher Bodenveränderungen; hierzu gehören auch Anforderungen an den Umgang mit ausgehobenem, abgeschobenem und behandeltem Bodenmaterial,</LA></DD> <DT>b)</DT><DD Font="normal"><LA Size="normal">die Sanierung des Bodens und von Altlasten, insbesondere an<DL Font="normal" Type="arabic"><DT>-</DT><DD Font="normal"><LA Size="normal">die Bestimmung des zu erreichenden Sanierungsziels,</LA></DD> <DT>-</DT><DD Font="normal"><LA Size="normal">den Umfang von Dekontaminations- und Sicherungsmaßnahmen, die langfristig eine Ausbreitung von Schadstoffen verhindern, sowie</LA></DD> <DT>-</DT><DD Font="normal"><LA Size="normal">Schutz- und Beschränkungsmaßnahmen</LA></DD> </DL></LA></DD> </DL></LA></DD> </DL>festgelegt werden.</P><P>(2) Die Bundesregierung wird ermächtigt, nach Anhörung der beteiligten Kreise (§ 20) durch Rechtsverordnung mit Zustimmung des Bundesrates zur Erfüllung der sich aus § 7 ergebenden Pflichten sowie zur Festlegung von Anforderungen an die damit verbundene Untersuchung und Bewertung von Flächen mit der Besorgnis einer schädlichen Bodenveränderung Vorschriften zu erlassen, insbesondere über <DL Font="normal" Type="arabic"><DT>1.</DT><DD Font="normal"><LA Size="normal">Bodenwerte, bei deren Überschreiten unter Berücksichtigung von geogenen oder großflächig siedlungsbedingten Schadstoffgehalten in der Regel davon auszugehen ist, daß die Besorgnis einer schädlichen Bodenveränderung besteht (Vorsorgewerte),</LA></DD> <DT>2.</DT><DD Font="normal"><LA Size="normal">zulässige Zusatzbelastungen und Anforderungen zur Vermeidung oder Verminderung von Stoffeinträgen.</LA></DD> </DL> </P><P>(3) Mit den in den Absätzen 1 und 2 genannten Werten sind Verfahren zur Ermittlung von umweltgefährdenden Stoffen in Böden, biologischen und anderen Materialien festzulegen. Diese Verfahren umfassen auch Anforderungen an eine repräsentative Probenahme, Probenbehandlung und Qualitätssicherung einschließlich der Ermittlung der Werte für unterschiedliche Belastungen.</P></Content> </text><fussnoten/></textdaten></norm>
<norm builddate="20210831213044" doknr="BJNR050210998BJNE001200000"><metadaten><jurabk>BBodSchG</jurabk><enbez>§ 9</enbez><titel format="parat">Gefährdungsabschätzung und Untersuchungsanordnungen</titel></metadaten><textdaten><text format="XML"><Content><P>(1) Liegen der zuständigen Behörde Anhaltspunkte dafür vor, daß eine schädliche Bodenveränderung oder Altlast vorliegt, so soll sie zur Ermittlung des Sachverhalts die geeigneten Maßnahmen ergreifen. Werden die in einer Rechtsverordnung nach § 8 Abs. 1 Satz 2 Nr. 1 festgesetzten Prüfwerte überschritten, soll die zuständige Behörde die notwendigen Maßnahmen treffen, um festzustellen, ob eine schädliche Bodenveränderung oder Altlast vorliegt. Im Rahmen der Untersuchung und Bewertung sind insbesondere Art und Konzentration der Schadstoffe, die Möglichkeit ihrer Ausbreitung in die Umwelt und ihrer Aufnahme durch Menschen, Tiere und Pflanzen sowie die Nutzung des Grundstücks nach § 4 Abs. 4 zu berücksichtigen. Der Grundstückseigentümer und, wenn dieser bekannt ist, auch der Inhaber der tatsächlichen Gewalt sind über die getroffenen Feststellungen und über die Ergebnisse der Bewertung auf Antrag schriftlich zu unterrichten.</P><P>(2) Besteht auf Grund konkreter Anhaltspunkte der hinreichende Verdacht einer schädlichen Bodenveränderung oder einer Altlast, kann die zuständige Behörde anordnen, daß die in § 4 Abs. 3, 5 und 6 genannten Personen die notwendigen Untersuchungen zur Gefährdungsabschätzung durchzuführen haben. Die zuständige Behörde kann verlangen, daß Untersuchungen von Sachverständigen oder Untersuchungsstellen nach § 18 durchgeführt werden. Sonstige Pflichten zur Mitwirkung der in § 4 Abs. 3, 5 und 6 genannten Personen sowie Duldungspflichten der nach § 12 Betroffenen bestimmen sich nach Landesrecht.</P></Content> </text></textdaten></norm>
<norm builddate="20210831213044" doknr="BJNR050210998BJNE001300000"><metadaten><jurabk>BBodSchG</jurabk><enbez>§ 10</enbez><titel format="parat">Sonstige Anordnungen</titel></metadaten><textdaten><text format="XML"><Content><P>(1) Zur Erfüllung der sich aus §§ 4 und 7 und den auf Grund von § 5 Satz 1, §§ 6 und 8 erlassenen Rechtsverordnungen ergebenden Pflichten kann die zuständige Behörde die notwendigen Maßnahmen treffen. Werden zur Erfüllung der Verpflichtung aus § 4 Abs. 3 und 6 Sicherungsmaßnahmen angeordnet, kann die zuständige Behörde verlangen, daß der Verpflichtete für die Aufrechterhaltung der Sicherungs- und Überwachungsmaßnahmen in der Zukunft Sicherheit leistet. Anordnungen zur Erfüllung der Pflichten nach § 7 dürfen getroffen werden, soweit Anforderungen in einer Rechtsverordnung festgelegt sind. Die zuständige Behörde darf eine Anordnung nicht treffen, wenn sie auch im Hinblick auf die berechtigten Nutzungsinteressen einzelner unverhältnismäßig wäre.</P><P>(2) Trifft die zuständige Behörde gegenüber dem Grundstückseigentümer oder dem Inhaber der tatsächlichen Gewalt zur Erfüllung der Pflichten nach § 4 Anordnungen zur Beschränkung der land- und forstwirtschaftlichen Bodennutzung sowie zur Bewirtschaftung von Böden, so hat sie, wenn diese nicht Verursacher der schädlichen Bodenveränderungen sind, für die nach zumutbaren innerbetrieblichen Anpassungsmaßnahmen verbliebenen wirtschaftlichen Nachteile nach Maßgabe des Landesrechts einen angemessenen Ausgleich zu gewähren, wenn die Nutzungsbeschränkung andernfalls zu einer über die damit verbundene allgemeine Belastung erheblich hinausgehenden besonderen Härte führen würde.</P></Content> </text></textdaten></norm>
<norm builddate="20210831213044" doknr="BJNR050210998BJNG001400000"><metadaten><jurabk>BBodSchG</jurabk><gliederungseinheit><gliederungskennzahl>030</gliederungskennzahl><gliederungsbez>Dritter Teil</gliederungsbez><gliederungstitel>Ergänzende Vorschriften für Altlasten</gliederungstitel></gliederungseinheit></metadaten><textdaten><text format="XML"><Content><P/></Content></text></textdaten></norm>
<norm builddate="20210831213044" doknr="BJNR050210998BJNE001500000"><metadaten><jurabk>BBodSchG</jurabk><enbez>§ 11</enbez><titel format="parat">Erfassung</titel></metadaten><textdaten><text format="XML"><Content><P>Die Länder können die Erfassung der Altlasten und altlastverdächtigen Flächen regeln.</P></Content></text><fussnoten/></textdaten></norm>
<norm builddate="20210831213044" doknr="BJNR050210998BJNE001600000"><metadaten><jurabk>BBodSchG</jurabk><enbez>§ 12</enbez><titel format="parat">Information der Betroffenen</titel></metadaten><textdaten><text format="XML"><Content><P>Die nach § 9 Abs. 2 Satz 1 zur Untersuchung der Altlast und die nach § 4 Abs. 3, 5 und 6 zur Sanierung der Altlast Verpflichteten haben die Eigentümer der betroffenen Grundstücke, die sonstigen betroffenen Nutzungsberechtigten und die betroffene Nachbarschaft (Betroffenen) von der bevorstehenden Durchführung der geplanten Maßnahmen zu informieren. Die zur Beurteilung der Maßnahmen wesentlichen vorhandenen Unterlagen sind zur Einsichtnahme zur Verfügung zu stellen. Enthalten Unterlagen Geschäfts- oder Betriebsgeheimnisse, muß ihr Inhalt, soweit es ohne Preisgabe des Geheimnisses geschehen kann, so ausführlich dargestellt sein, daß es den Betroffenen möglich ist, die Auswirkungen der Maßnahmen auf ihre Belange zu beurteilen.</P></Content></text></textdaten></norm>
<norm builddate="20210831213044" doknr="BJNR050210998BJNE001703116"><metadaten><jurabk>BBodSchG</jurabk><enbez>§ 13</enbez><titel format="XML">Sanierungsuntersuchungen und Sanierungsplanung</titel></metadaten><textdaten><text format="XML"><Content><P>(1) Bei Altlasten, bei denen wegen der Verschiedenartigkeit der nach § 4 erforderlichen Maßnahmen ein abgestimmtes Vorgehen notwendig ist oder von denen auf Grund von Art, Ausbreitung oder Menge der Schadstoffe in besonderem Maße schädliche Bodenveränderungen oder sonstige Gefahren für den einzelnen oder die Allgemeinheit ausgehen, soll die zuständige Behörde von einem nach § 4 Abs. 3, 5 oder 6 zur Sanierung Verpflichteten die notwendigen Untersuchungen zur Entscheidung über Art und Umfang der erforderlichen Maßnahmen (Sanierungsuntersuchungen) sowie die Vorlage eines Sanierungsplans verlangen, der insbesondere <DL Font="normal" Type="arabic"><DT>1.</DT><DD Font="normal"><LA Size="normal">eine Zusammenfassung der Gefährdungsabschätzung und der Sanierungsuntersuchungen,</LA></DD><DT>2.</DT><DD Font="normal"><LA Size="normal">Angaben über die bisherige und künftige Nutzung der zu sanierenden Grundstücke,</LA></DD><DT>3.</DT><DD Font="normal"><LA Size="normal">die Darstellung des Sanierungsziels und die hierzu erforderlichen Dekontaminations-, Sicherungs-, Schutz-, Beschränkungs- und Eigenkontrollmaßnahmen sowie die zeitliche Durchführung dieser Maßnahmen</LA></DD></DL>enthält. Die Bundesregierung wird ermächtigt, nach Anhörung der beteiligten Kreise (§ 20) durch Rechtsverordnung mit Zustimmung des Bundesrates Vorschriften über die Anforderungen an Sanierungsuntersuchungen sowie den Inhalt von Sanierungsplänen zu erlassen.</P><P>(2) Die zuständige Behörde kann verlangen, daß die Sanierungsuntersuchungen sowie der Sanierungsplan von einem Sachverständigen nach § 18 erstellt werden.</P><P>(3) Wer nach Absatz 1 einen Sanierungsplan vorzulegen hat, hat die nach § 12 Betroffenen frühzeitig, in geeigneter Weise und unaufgefordert über die geplanten Maßnahmen zu informieren. § 12 Satz 2 und 3 gilt entsprechend.</P><P>(4) Mit dem Sanierungsplan kann der Entwurf eines Sanierungsvertrages über die Ausführung des Plans vorgelegt werden, der die Einbeziehung Dritter vorsehen kann.</P><P>(5) Soweit entnommenes Bodenmaterial im Bereich der von der Altlastensanierung betroffenen Fläche wieder eingebracht werden soll, gilt § 28 Absatz 1 Satz 1 des Kreislaufwirtschaftsgesetzes nicht, wenn durch einen für verbindlich erklärten Sanierungsplan oder eine Anordnung zur Durchsetzung der Pflichten nach § 4 sichergestellt wird, daß das Wohl der Allgemeinheit nicht beeinträchtigt wird.</P><P>(6) Die zuständige Behörde kann den Plan, auch unter Abänderungen oder mit Nebenbestimmungen, für verbindlich erklären. Ein für verbindlich erklärter Plan schließt andere die Sanierung betreffende behördliche Entscheidungen mit Ausnahme von Zulassungsentscheidungen für Vorhaben, die nach § 1 in Verbindung mit der Anlage 1 des Gesetzes über die Umweltverträglichkeitsprüfung oder kraft Landesrechts einer Umweltverträglichkeitsprüfung unterliegen, mit ein, soweit sie im Einvernehmen mit der jeweils zuständigen Behörde erlassen und in dem für verbindlich erklärten Plan die miteingeschlossenen Entscheidungen aufgeführt werden.</P></Content></text><fussnoten/></textdaten></norm>
<norm builddate="20210831213044" doknr="BJNR050210998BJNE001800000"><metadaten><jurabk>BBodSchG</jurabk><enbez>§ 14</enbez><titel format="parat">Behördliche Sanierungsplanung</titel></metadaten><textdaten><text format="XML"><Content><P>Die zuständige Behörde kann den Sanierungsplan nach § 13 Abs. 1 selbst erstellen oder ergänzen oder durch einen Sachverständigen nach § 18 erstellen oder ergänzen lassen, wenn <DL Font="normal" Type="arabic"><DT>1.</DT><DD Font="normal"><LA Size="normal">der Plan nicht, nicht innerhalb der von der Behörde gesetzten Frist oder fachlich unzureichend erstellt worden ist,</LA></DD> <DT>2.</DT><DD Font="normal"><LA Size="normal">ein nach § 4 Abs. 3, 5 oder 6 Verpflichteter nicht oder nicht rechtzeitig herangezogen werden kann oder</LA></DD> <DT>3.</DT><DD Font="normal"><LA Size="normal">auf Grund der großflächigen Ausdehnung der Altlast, der auf der Altlast beruhenden weiträumigen Verunreinigung eines Gewässers oder auf Grund der Anzahl der nach § 4 Abs. 3, 5 oder 6 Verpflichteten ein koordiniertes Vorgehen erforderlich ist.</LA></DD> </DL>§ 13 Abs. 3 bis 6 gilt entsprechend.</P></Content></text></textdaten></norm>
<norm builddate="20210831213044" doknr="BJNR050210998BJNE001900000"><metadaten><jurabk>BBodSchG</jurabk><enbez>§ 15</enbez><titel format="parat">Behördliche Überwachung, Eigenkontrolle</titel></metadaten><textdaten><text format="XML"><Content><P>(1) Altlasten und altlastverdächtige Flächen unterliegen, soweit erforderlich, der Überwachung durch die zuständige Behörde. Bei Altstandorten und Altablagerungen bleibt die Wirksamkeit von behördlichen Zulassungsentscheidungen sowie von nachträglichen Anordnungen durch die Anwendung dieses Gesetzes unberührt.</P><P>(2) Liegt eine Altlast vor, so kann die zuständige Behörde von den nach § 4 Abs. 3, 5 oder 6 Verpflichteten, soweit erforderlich, die Durchführung von Eigenkontrollmaßnahmen, insbesondere Boden- und Wasseruntersuchungen, sowie die Einrichtung und den Betrieb von Meßstellen verlangen. Die Ergebnisse der Eigenkontrollmaßnahmen sind aufzuzeichnen und fünf Jahre lang aufzubewahren. Die zuständige Behörde kann eine längerfristige Aufbewahrung anordnen, soweit dies im Einzelfall erforderlich ist. Die zuständige Behörde kann Eigenkontrollmaßnahmen auch nach Durchführung von Dekontaminations-, Sicherungs- und Beschränkungsmaßnahmen anordnen. Sie kann verlangen, daß die Eigenkontrollmaßnahmen von einem Sachverständigen nach § 18 durchgeführt werden.</P><P>(3) Die Ergebnisse der Eigenkontrollmaßnahmen sind von den nach § 4 Abs. 3, 5 oder 6 Verpflichteten der zuständigen Behörde auf Verlangen mitzuteilen. Sie hat diese Aufzeichnungen und die Ergebnisse ihrer Überwachungsmaßnahmen fünf Jahre lang aufzubewahren.</P></Content>  </text></textdaten></norm>
<norm builddate="20210831213044" doknr="BJNR050210998BJNE002001116"><metadaten><jurabk>BBodSchG</jurabk><enbez>§ 16</enbez><titel format="XML">Ergänzende Anordnungen zur Altlastensanierung</titel></metadaten><textdaten><text format="XML"><Content><P>(1) Neben den im Zweiten Teil dieses Gesetzes vorgesehenen Anordnungen kann die zuständige Behörde zur Erfüllung der Pflichten, die sich aus dem Dritten Teil dieses Gesetzes ergeben, die erforderlichen Anordnungen treffen.</P><P>(2) Soweit ein für verbindlich erklärter Sanierungsplan im Sinne des § 13 Abs. 6 nicht vorliegt, schließen Anordnungen zur Durchsetzung der Pflichten nach § 4 andere die Sanierung betreffende behördliche Entscheidungen mit Ausnahme von Zulassungsentscheidungen für Vorhaben, die § 1 Absatz 1 Nummer 1 in Verbindung mit der Anlage 1 des Gesetzes über die Umweltverträglichkeitsprüfung oder kraft Landesrechts einer Umweltverträglichkeitsprüfung unterliegen, mit ein, soweit sie im Einvernehmen mit der jeweils zuständigen Behörde erlassen und in der Anordnung die miteingeschlossenen Entscheidungen aufgeführt werden.</P></Content></text><fussnoten/></textdaten></norm>
<norm builddate="20210831213044" doknr="BJNR050210998BJNG002100000"><metadaten><jurabk>BBodSchG</jurabk><gliederungseinheit><gliederungskennzahl>040</gliederungskennzahl><gliederungsbez>Vierter Teil</gliederungsbez><gliederungstitel>Landwirtschaftliche Bodennutzung</gliederungstitel></gliederungseinheit></metadaten><textdaten><text format="XML"><Content><P/></Content></text></textdaten></norm>
<norm builddate="20210831213044" doknr="BJNR050210998BJNE002200000"><metadaten><jurabk>BBodSchG</jurabk><enbez>§ 17</enbez><titel format="parat">Gute fachliche Praxis in der Landwirtschaft</titel></metadaten><textdaten><text format="XML"><Content><P>(1) Bei der landwirtschaftlichen Bodennutzung wird die Vorsorgepflicht nach § 7 durch die gute fachliche Praxis erfüllt. Die nach Landesrecht zuständigen landwirtschaftlichen Beratungsstellen sollen bei ihrer Beratungstätigkeit die Grundsätze der guten fachlichen Praxis nach Absatz 2 vermitteln.</P><P>(2) Grundsätze der guten fachlichen Praxis der landwirtschaftlichen Bodennutzung sind die nachhaltige Sicherung der Bodenfruchtbarkeit und Leistungsfähigkeit des Bodens als natürlicher Ressource. Zu den Grundsätzen der guten fachlichen Praxis gehört insbesondere, daß <DL Font="normal" Type="arabic"><DT>1.</DT><DD Font="normal"><LA Size="normal">die Bodenbearbeitung unter Berücksichtigung der Witterung grundsätzlich standortangepaßt zu erfolgen hat,</LA></DD> <DT>2.</DT><DD Font="normal"><LA Size="normal">die Bodenstruktur erhalten oder verbessert wird,</LA></DD> <DT>3.</DT><DD Font="normal"><LA Size="normal">Bodenverdichtungen, insbesondere durch Berücksichtigung der Bodenart, Bodenfeuchtigkeit und des von den zur landwirtschaftlichen Bodennutzung eingesetzten Geräten verursachten Bodendrucks, so weit wie möglich vermieden werden,</LA></DD> <DT>4.</DT><DD Font="normal"><LA Size="normal">Bodenabträge durch eine standortangepaßte Nutzung, insbesondere durch Berücksichtigung der Hangneigung, der Wasser- und Windverhältnisse sowie der Bodenbedeckung, möglichst vermieden werden,</LA></DD> <DT>5.</DT><DD Font="normal"><LA Size="normal">die naturbetonten Strukturelemente der Feldflur, insbesondere Hecken, Feldgehölze, Feldraine und Ackerterrassen, die zum Schutz des Bodens notwendig sind, erhalten werden,</LA></DD> <DT>6.</DT><DD Font="normal"><LA Size="normal">die biologische Aktivität des Bodens durch entsprechende Fruchtfolgegestaltung erhalten oder gefördert wird und</LA></DD> <DT>7.</DT><DD Font="normal"><LA Size="normal">der standorttypische Humusgehalt des Bodens, insbesondere durch eine ausreichende Zufuhr an organischer Substanz oder durch Reduzierung der Bearbeitungsintensität erhalten wird.</LA></DD> </DL> </P><P>(3) Die Pflichten nach § 4 werden durch die Einhaltung der in § 3 Abs. 1 genannten Vorschriften erfüllt; enthalten diese keine Anforderungen an die Gefahrenabwehr und ergeben sich solche auch nicht aus den Grundsätzen der guten fachlichen Praxis nach Absatz 2, so gelten die übrigen Bestimmungen dieses Gesetzes.</P></Content> </text></textdaten></norm>
<norm builddate="20210831213044" doknr="BJNR050210998BJNG002300000"><metadaten><jurabk>BBodSchG</jurabk><gliederungseinheit><gliederungskennzahl>050</gliederungskennzahl><gliederungsbez>Fünfter Teil</gliederungsbez><gliederungstitel>Schlußvorschriften</gliederungstitel></gliederungseinheit></metadaten><textdaten><text format="XML"><Content><P/></Content></text></textdaten></norm>
<norm builddate="20210831213044" doknr="BJNR050210998BJNE002400000"><metadaten><jurabk>BBodSchG</jurabk><enbez>§ 18</enbez><titel format="parat">Sachverständige und Untersuchungsstellen</titel></metadaten><textdaten><text format="XML"><Content><P>Sachverständige und Untersuchungsstellen, die Aufgaben nach diesem Gesetz wahrnehmen, müssen die für diese Aufgaben erforderliche Sachkunde und Zuverlässigkeit besitzen sowie über die erforderliche gerätetechnische Ausstattung verfügen. Die Länder können Einzelheiten der an Sachverständige und Untersuchungsstellen nach Satz 1 zu stellenden Anforderungen, Art und Umfang der von ihnen wahrzunehmenden Aufgaben, die Vorlage der Ergebnisse ihrer Tätigkeit und die Bekanntgabe von Sachverständigen, welche die Anforderungen nach Satz 1 erfüllen, regeln.</P></Content></text><fussnoten/></textdaten></norm>
<norm builddate="20210831213044" doknr="BJNR050210998BJNE002500000"><metadaten><jurabk>BBodSchG</jurabk><enbez>§ 19</enbez><titel format="parat">Datenübermittlung</titel></metadaten><textdaten><text format="XML"><Content><P>(1) Soweit eine Datenübermittlung zwischen Bund und Ländern zur Erfüllung der jeweiligen Aufgaben dieses Gesetzes notwendig ist, werden Umfang, Inhalt und Kosten des gegenseitigen Datenaustausches in einer Verwaltungsvereinbarung zwischen Bund und Ländern geregelt. Die Übermittlung personenbezogener Daten ist unzulässig.</P><P>(2) Der Bund kann unter Verwendung der von Ländern übermittelten Daten ein länderübergreifendes Bodeninformationssystem für Bundesaufgaben einrichten.</P></Content> </text></textdaten></norm>
<norm builddate="20210831213044" doknr="BJNR050210998BJNE002600000"><metadaten><jurabk>BBodSchG</jurabk><enbez>§ 20</enbez><titel format="parat">Anhörung beteiligter Kreise</titel></metadaten><textdaten><text format="XML"><Content><P>Soweit Ermächtigungen zum Erlaß von Rechtsverordnungen die Anhörung der beteiligten Kreise vorschreiben, ist ein jeweils auszuwählender Kreis von Vertretern der Wissenschaft, der Betroffenen, der Wirtschaft, Landwirtschaft, Forstwirtschaft, der Natur- und Umweltschutzverbände, des archäologischen Denkmalschutzes, der kommunalen Spitzenverbände und der für den Bodenschutz, die Altlasten, die geowissenschaftlichen Belange und die Wasserwirtschaft zuständigen obersten Landesbehörden zu hören. Sollen die in Satz 1 genannten Rechtsvorschriften Regelungen zur land- und forstwirtschaftlichen Bodennutzung enthalten, sind auch die für die Land- und Forstwirtschaft zuständigen obersten Landesbehörden zu hören.</P></Content></text></textdaten></norm>
<norm builddate="20210831213044" doknr="BJNR050210998BJNE002700000"><metadaten><jurabk>BBodSchG</jurabk><enbez>§ 21</enbez><titel format="parat">Landesrechtliche Regelungen</titel></metadaten><textdaten><text format="XML"><Content><P>(1) Zur Ausführung des Zweiten und Dritten Teils dieses Gesetzes können die Länder ergänzende Verfahrensregelungen erlassen.</P><P>(2) Die Länder können bestimmen, daß über die im Dritten Teil geregelten altlastverdächtigen Flächen und Altlasten hinaus bestimmte Verdachtsflächen <DL Font="normal" Type="arabic"><DT>1.</DT><DD Font="normal"><LA Size="normal">von der zuständigen Behörde zu erfassen und</LA></DD> <DT>2.</DT><DD Font="normal"><LA Size="normal">von den Verpflichteten der zuständigen Behörde mitzuteilen sind sowie</LA></DD> </DL>daß bei schädlichen Bodenveränderungen, von denen auf Grund von Art, Ausbreitung oder Menge der Schadstoffe in besonderem Maße Gefahren, erhebliche Nachteile oder erhebliche Belästigungen für den einzelnen oder die Allgemeinheit ausgehen, <DL Font="normal" Type="arabic"><DT>1.</DT><DD Font="normal"><LA Size="normal">Sanierungsuntersuchungen sowie die Erstellung von Sanierungsplänen und</LA></DD> <DT>2.</DT><DD Font="normal"><LA Size="normal">die Durchführung von Eigenkontrollmaßnahmen</LA></DD> </DL>verlangt werden können.</P><P>(3) Die Länder können darüber hinaus Gebiete, in denen flächenhaft schädliche Bodenveränderungen auftreten oder zu erwarten sind, und die dort zu ergreifenden Maßnahmen bestimmen sowie weitere Regelungen über gebietsbezogene Maßnahmen des Bodenschutzes treffen.</P><P>(4) Die Länder können bestimmen, daß für das Gebiet ihres Landes oder für bestimmte Teile des Gebiets Bodeninformationssysteme eingerichtet und geführt werden. Hierbei können insbesondere Daten von Dauerbeobachtungsflächen und Bodenzustandsuntersuchungen über die physikalische, chemische und biologische Beschaffenheit des Bodens und über die Bodennutzung erfaßt werden. Die Länder können regeln, daß Grundstückseigentümer und Inhaber der tatsächlichen Gewalt über ein Grundstück zur Duldung von Bodenuntersuchungen verpflichtet werden, die für Bodeninformationssysteme erforderlich sind. Hierbei ist auf die berechtigten Belange dieser Personen Rücksicht zu nehmen und Ersatz für Schäden vorzusehen, die bei Untersuchungen verursacht werden.</P></Content>   </text><fussnoten/></textdaten></norm>
<norm builddate="20210831213044" doknr="BJNR050210998BJNE002800000"><metadaten><jurabk>BBodSchG</jurabk><enbez>§ 22</enbez><titel format="parat">Erfüllung von bindenden Beschlüssen der Europäischen
Gemeinschaften</titel></metadaten><textdaten><text format="XML"><Content><P>(1) Zur Erfüllung von bindenden Beschlüssen der Europäischen Gemeinschaften kann die Bundesregierung zu dem in § 1 genannten Zweck mit Zustimmung des Bundesrates Rechtsverordnungen über die Festsetzung der in § 8 Abs. 1 und 2 genannten Werte einschließlich der notwendigen Maßnahmen zur Ermittlung und Überwachung dieser Werte erlassen.</P><P>(2) Die in Rechtsverordnungen nach Absatz 1 festgelegten Maßnahmen sind durch Anordnungen oder sonstige Entscheidungen der zuständigen Träger öffentlicher Verwaltungen nach diesem Gesetz oder nach anderen Rechtsvorschriften des Bundes und der Länder durchzusetzen; soweit planungsrechtliche Festlegungen vorgesehen sind, haben die zuständigen Planungsträger zu befinden, ob und inwieweit Planungen in Betracht zu ziehen sind.</P></Content> </text><fussnoten/></textdaten></norm>
<norm builddate="20210831213044" doknr="BJNR050210998BJNE002900000"><metadaten><jurabk>BBodSchG</jurabk><enbez>§ 23</enbez><titel format="parat">Landesverteidigung</titel></metadaten><textdaten><text format="XML"><Content><P>(1) Das Bundesministerium der Verteidigung kann Ausnahmen von diesem Gesetz und von den auf dieses Gesetz gestützten Rechtsverordnungen zulassen, soweit dies zwingende Gründe der Verteidigung oder die Erfüllung zwischenstaatlicher Verpflichtungen erfordern. Dabei ist der Schutz vor schädlichen Bodenveränderungen zu berücksichtigen.</P><P>(2) Die Bundesregierung wird ermächtigt, durch Rechtsverordnung mit Zustimmung des Bundesrates zu bestimmen, daß der Vollzug dieses Gesetzes und der auf dieses Gesetz gestützten Rechtsverordnungen im Geschäftsbereich des Bundesministeriums der Verteidigung und für die auf Grund völkerrechtlicher Verträge in der Bundesrepublik Deutschland stationierten Streitkräfte dem Bundesministerium der Verteidigung oder den von ihm bestimmten Stellen obliegt.</P></Content> </text><fussnoten/></textdaten></norm>
<norm builddate="20210831213044" doknr="BJNR050210998BJNE003001310"><metadaten><jurabk>BBodSchG</jurabk><enbez>§ 24</enbez><titel format="parat">Kosten</titel></metadaten><textdaten><text format="XML"><Content><P>(1) Die Kosten der nach § 9 Abs. 2, § 10 Abs. 1, §§ 12, 13, 14 Satz 1 Nr. 1, § 15 Abs. 2 und § 16 Abs. 1 angeordneten Maßnahmen tragen die zur Durchführung Verpflichteten. Bestätigen im Fall des § 9 Abs. 2 Satz 1 die Untersuchungen den Verdacht nicht oder liegen die Voraussetzungen des § 10 Abs. 2 vor, sind den zur Untersuchung Herangezogenen die Kosten zu erstatten, wenn sie die den Verdacht begründenden Umstände nicht zu vertreten haben. In den Fällen des § 14 Satz 1 Nr. 2 und 3 trägt derjenige die Kosten, von dem die Erstellung eines Sanierungsplans hätte verlangt werden können.</P><P>(2) Mehrere Verpflichtete haben unabhängig von ihrer Heranziehung untereinander einen Ausgleichsanspruch. Soweit nichts anderes vereinbart wird, hängt die Verpflichtung zum Ausgleich sowie der Umfang des zu leistenden Ausgleichs davon ab, inwieweit die Gefahr oder der Schaden vorwiegend von dem einen oder dem anderen Teil verursacht worden ist; § 426 Abs. 1 Satz 2 des Bürgerlichen Gesetzbuches findet entsprechende Anwendung. Der Ausgleichsanspruch verjährt in drei Jahren; die §§ 438, 548 und 606 des Bürgerlichen Gesetzbuchs sind nicht anzuwenden. Die Verjährung beginnt nach der Beitreibung der Kosten, wenn eine Behörde Maßnahmen selbst ausführt, im übrigen nach der Beendigung der Maßnahmen durch den Verpflichteten zu dem Zeitpunkt, zu dem der Verpflichtete von der Person des Ersatzpflichtigen Kenntnis erlangt. Der Ausgleichsanspruch verjährt ohne Rücksicht auf diese Kenntnis dreißig Jahre nach der Beendigung der Maßnahmen. Für Streitigkeiten steht der Rechtsweg vor den ordentlichen Gerichten offen.</P></Content> </text><fussnoten/></textdaten></norm>
<norm builddate="20210831213044" doknr="BJNR050210998BJNE003101116"><metadaten><jurabk>BBodSchG</jurabk><enbez>§ 25</enbez><titel format="XML">Wertausgleich</titel></metadaten><textdaten><text format="XML"><Content><P>(1) Soweit durch den Einsatz öffentlicher Mittel bei Maßnahmen zur Erfüllung der Pflichten nach § 4 der Verkehrswert eines Grundstücks nicht nur unwesentlich erhöht wird und der Eigentümer die Kosten hierfür nicht oder nicht vollständig getragen hat, hat er einen von der zuständigen Behörde festzusetzenden Wertausgleich in Höhe der maßnahmenbedingten Wertsteigerung an den öffentlichen Kostenträger zu leisten. Die Höhe des Ausgleichsbetrages wird durch die Höhe der eingesetzten öffentlichen Mittel begrenzt. Die Pflicht zum Wertausgleich entsteht nicht, soweit hinsichtlich der auf einem Grundstück vorhandenen schädlichen Bodenveränderungen oder Altlasten eine Freistellung von der Verantwortung oder der Kostentragungspflicht nach Artikel 1 § 4 Abs. 3 Satz 1 des Umweltrahmengesetzes vom 29. Juni 1990 (GBl. I Nr. 42 S. 649), zuletzt geändert durch Artikel 12 des Gesetzes vom 22. März 1991 (BGBl. I S. 766), in der jeweils geltenden Fassung erfolgt ist. Soweit Maßnahmen im Sinne des Satzes 1 in förmlich festgelegten Sanierungsgebieten oder Entwicklungsbereichen als Ordnungsmaßnahmen von der Gemeinde durchgeführt werden, wird die dadurch bedingte Erhöhung des Verkehrswertes im Rahmen des Ausgleichsbetrags nach § 154 des Baugesetzbuchs abgegolten.</P><P>(2) Die durch Sanierungsmaßnahmen bedingte Erhöhung des Verkehrswerts eines Grundstücks besteht aus dem Unterschied zwischen dem Wert, der sich für das Grundstück ergeben würde, wenn die Maßnahmen nicht durchgeführt worden wären (Anfangswert), und dem Verkehrswert, der sich für das Grundstück nach Durchführung der Erkundungs- und Sanierungsmaßnahmen ergibt (Endwert).</P><P>(3) Der Ausgleichsbetrag wird fällig, wenn die Sicherung oder Sanierung abgeschlossen und der Betrag von der zuständigen Behörde festgesetzt worden ist. Die Pflicht zum Wertausgleich erlischt, wenn der Betrag nicht bis zum Ende des vierten Jahres nach Abschluß der Sicherung oder Sanierung festgesetzt worden ist.</P><P>(4) Die zuständige Behörde hat von dem Wertausgleich nach Absatz 1 die Aufwendungen abzuziehen, die der Eigentümer für eigene Maßnahmen der Sicherung oder Sanierung oder die er für den Erwerb des Grundstücks im berechtigten Vertrauen darauf verwendet hat, daß keine schädlichen Bodenveränderungen oder Altlasten vorhanden sind. Kann der Eigentümer von Dritten Ersatz erlangen, so ist dies bei der Entscheidung nach Satz 1 zu berücksichtigen.</P><P>(5) Im Einzelfall kann von der Festsetzung eines Ausgleichsbetrages ganz oder teilweise abgesehen werden, wenn dies im öffentlichen Interesse oder zur Vermeidung unbilliger Härten geboten ist. Werden dem öffentlichen Kostenträger Kosten der Sicherung oder Sanierung erstattet, so muß insoweit von der Festsetzung des Ausgleichsbetrages abgesehen, ein festgesetzter Ausgleichsbetrag erlassen oder ein bereits geleisteter Ausgleichsbetrag erstattet werden.</P><P>(6) Der Ausgleichsbetrag ruht als öffentliche Last auf dem Grundstück. Das Bundesministerium der Justiz und für Verbraucherschutz wird ermächtigt, durch Rechtsverordnung mit Zustimmung des Bundesrates die Art und Weise, wie im Grundbuch auf das Vorhandensein der öffentlichen Last hinzuweisen ist, zu regeln.</P></Content></text><fussnoten/></textdaten></norm>
<norm builddate="20210831213044" doknr="BJNR050210998BJNE003201377"><metadaten><jurabk>BBodSchG</jurabk><enbez>§ 26</enbez><titel format="parat">Bußgeldvorschriften</titel></metadaten><textdaten><text format="XML"><Content><P>(1) Ordnungswidrig handelt, wer vorsätzlich oder fahrlässig <DL Font="normal" Type="arabic"><DT>1.</DT><DD Font="normal"><LA Size="normal">einer Rechtsverordnung nach § 5 Satz 1, §§ 6, 8 Abs. 1 oder § 22 Abs. 1 oder einer vollziehbaren Anordnung auf Grund einer solchen Rechtsverordnung zuwiderhandelt, soweit die Rechtsverordnung für einen bestimmten Tatbestand auf diese Bußgeldvorschrift verweist,</LA></DD> <DT>2.</DT><DD Font="normal"><LA Size="normal">einer vollziehbaren Anordnung nach § 10 Abs. 1 Satz 1 zuwiderhandelt, soweit sie sich auf eine Pflicht nach § 4 Abs. 3, 5 oder 6 bezieht,</LA></DD> <DT>3.</DT><DD Font="normal"><LA Size="normal">einer vollziehbaren Anordnung nach § 13 Abs. 1 oder § 15 Abs. 2 Satz 1, 3 oder 4 zuwiderhandelt oder</LA></DD> <DT>4.</DT><DD Font="normal"><LA Size="normal">entgegen § 15 Abs. 3 Satz 1 eine Mitteilung nicht, nicht richtig, nicht vollständig oder nicht rechtzeitig macht.</LA></DD> </DL> </P><P>(2) Die Ordnungswidrigkeit kann in den Fällen des Absatzes 1 Nr. 2 mit einer Geldbuße bis zu fünfzigtausend Euro, in den übrigen Fällen mit einer Geldbuße bis zu zehntausend Euro geahndet werden.</P></Content></text><fussnoten/></textdaten></norm>
</dokumente>