<?xml version="1.0" encoding="UTF-8" ?><!DOCTYPE dokumente SYSTEM "http://www.gesetze-im-internet.de/dtd/1.01/gii-norm.dtd">
<dokumente builddate="20231205213503" doknr="BJNR396200001"><norm builddate="20231205213503" doknr="BJNR396200001"><metadaten><jurabk>BFinHBRuaG</jurabk><ausfertigung-datum manuell="ja">2001-12-20</ausfertigung-datum><fundstelle typ="amtlich"><periodikum>BGBl I</periodikum><zitstelle>2001, 3955, 3962</zitstelle></fundstelle><langue>Gesetz über Finanzhilfen des Bundes nach Artikel 104a Abs. 4
des Grundgesetzes an die Länder Bremen, Hamburg,
Mecklenburg-Vorpommern, Niedersachsen sowie Schleswig-Holstein für
Seehäfen</langue><standangabe checked="ja"><standtyp>Stand</standtyp><standkommentar>Geändert durch Art. 3 G v. 14.8.2017 I 3122</standkommentar></standangabe></metadaten><textdaten><text format="XML"><Content><P/></Content></text><fussnoten><Content><P><BR/> <pre xml:space="preserve">(+++ Textnachweis ab:  1.1.2005 +++)<BR/><BR/></pre>Das G wurde als Artikel 9 G v. 20.12.2001 I 3955 (SFG) vom Bundestag mit Zustimmung des Bundesrates beschlossen. Es tritt gem. Art. 12 Abs. 2 dieses G am 1.1.2005 in Kraft.</P></Content></fussnoten></textdaten></norm>
<norm builddate="20231205213503" doknr="BJNR396200001BJNE000101124"><metadaten><jurabk>BFinHBRuaG</jurabk><enbez>§ 1</enbez></metadaten><textdaten><text format="XML"><Content><P>(1) Der Bund gewährt den Ländern Bremen, Hamburg, Mecklenburg-Vorpommern, Niedersachsen sowie Schleswig-Holstein Finanzhilfen für besonders bedeutsame Investitionen im Bereich der Seehäfen, insbesondere für Maßnahmen zur Verbesserung der wirtschaftlichen Infrastruktur von Seehäfen wie den Bau oder Ausbau von Hafenanlagen, von Verkehrswegen und öffentlichen Verkehrsflächen, in Höhe von jährlich insgesamt 38.346.000 Euro.</P><P>(2) Von dem Jahresbetrag nach Absatz 1 erhalten die Länder <BR/><table frame="none" tocentry="%yes;"><tgroup align="left" char="" charoff="50" cols="2" colsep="0" rowsep="0"><colspec colname="col1" colnum="1" colwidth="40*"/><colspec colname="col2" colnum="2" colwidth="30*"/><tbody valign="top"><row><entry VJ="1" align="left" colsep="0" valign="top">Bremen</entry><entry VJ="1" align="right" colsep="0" valign="top">10.737.000 Euro,</entry></row><row><entry VJ="1" align="left" colsep="0" valign="top">Hamburg</entry><entry VJ="1" align="right" colsep="0" valign="top">20.963.000 Euro,</entry></row><row><entry VJ="1" align="left" colsep="0" valign="top">Mecklenburg-Vorpommern</entry><entry VJ="1" align="right" colsep="0" valign="top">2.556.000 Euro,</entry></row><row><entry VJ="1" align="left" colsep="0" valign="top">Niedersachsen</entry><entry VJ="1" align="right" colsep="0" valign="top">2.045.000 Euro,</entry></row><row><entry VJ="1" align="left" colsep="0" valign="top">Schleswig-Holstein</entry><entry VJ="1" align="right" colsep="0" valign="top">2.045.000 Euro.</entry></row></tbody></tgroup></table></P></Content></text><fussnoten/></textdaten></norm>
<norm builddate="20231205213503" doknr="BJNR396200001BJNE000200000"><metadaten><jurabk>BFinHBRuaG</jurabk><enbez>§ 2</enbez></metadaten><textdaten><text format="XML"><Content><P>(1) Die Finanzhilfen des Bundes betragen 90 vom Hundert der förderungsfähigen Ausgaben.</P><P>(2) Von einem Land in einem Jahr nicht abgerufene Bundesmittel können in den Folgejahren bei Bedarf abgerufen werden.</P></Content> </text></textdaten></norm>
<norm builddate="20231205213503" doknr="BJNR396200001BJNE000300000"><metadaten><jurabk>BFinHBRuaG</jurabk><enbez>§ 3</enbez></metadaten><textdaten><text format="XML"><Content><P>Die Einzelheiten des Verfahrens zur Durchführung dieses Gesetzes werden durch Verwaltungsvereinbarung geregelt.</P></Content></text></textdaten></norm>
</dokumente>