<?xml version="1.0" encoding="UTF-8" ?><!DOCTYPE dokumente SYSTEM "http://www.gesetze-im-internet.de/dtd/1.01/gii-norm.dtd">
<dokumente builddate="20130405130258" doknr="BJNR029070974"><norm builddate="20130405130258" doknr="BJNR029070974"><metadaten><jurabk>Münz5DMBek 1974-11</jurabk><ausfertigung-datum manuell="ja">1974-11-06</ausfertigung-datum><fundstelle typ="amtlich"><periodikum>BGBl I</periodikum><zitstelle>1974, 2907</zitstelle></fundstelle><langue>Bekanntmachung über die Ausprägung von Bundesmünzen im Nennwert von 5
Deutschen Mark (Kant-Gedenkmünze)</langue></metadaten><textdaten><text format="XML"><Content><P/></Content></text></textdaten></norm>
<norm builddate="20130405130258" doknr="BJNR029070974BJNE000100307"><metadaten><jurabk>Münz5DMBek 1974-11</jurabk><enbez>(XXXX)</enbez></metadaten><textdaten><text format="XML"><Content><P>(1) Auf Grund des Gesetzes über die Ausprägung von Scheidemünzen vom 8. Juli 1950 (Bundesgesetzbl. I S. 323) ist aus Anlaß des 250. Geburtstages von Immanuel Kant eine Bundesmünze (Gedenkmünze) im Nennwert von 5 Deutschen Mark geprägt worden. Die Ausprägung erfolgte im Bayerischen Hauptmünzamt München, die Auflage beträgt 8 Millionen Stück.</P><P>(2) Die Münzen werden ab 4. Dezember 1974 in den Verkehr gebracht.</P><P>(3) Der Entwurf der Münze stammt von Frau Doris Waschk-Balz, 2 Hamburg-Övelgönne.</P><P>(4) Die Münze besteht aus einer Legierung von 625 Tausendteilen Feinsilber und 375 Tausendteilen Kupfer. Sie hat einen Durchmesser von 29 mm und ein Gewicht von 11,2 Gramm.</P><P>(5) Das Gepräge auf beiden Seiten ist erhaben und wird von einem schützenden glatten Randstab umgeben.</P><P>(6) Die Bildseite zeigt als Gesamtkomposition das Portrait Kants, den Namenszug des Philosophen und die Aufschrift <DL Font="normal" Type="arabic"><DT/><DD Font="normal"><LA Size="normal">&quot;<ABWFORMAT typ="A"/>geb. 1724 <ABWFORMAT typ="A"/>gest. 1804 IMMANUEL KANT&quot;.</LA></DD></DL>(7) Auf der Wertseite sind in der oberen rechten Hälfte der Münze der Adler - in stilistischer Übereinstimmung mit der Bildseite - und in der unteren Hälfte - von links nach rechts gestaffelt - die Aufschrift <DL Font="normal" Type="arabic"><DT/><DD Font="normal"><LA Size="normal">&quot;BUNDESREPUBLIK DEUTSCHLAND . 1974 . 5 DEUTSCHE MARK&quot;</LA></DD></DL>untergebracht.</P><P>(8) Das Münzzeichen &quot;D&quot; des Bayerischen Hauptmünzamtes ist am äußeren unteren Rand des Bogens der Wertziffer 5 angebracht.</P><P>(9) Der glatte Münzrand trägt die vertiefte Inschrift <DL Font="normal" Type="arabic"><DT/><DD Font="normal"><LA Size="normal">&quot;ACHTUNG FUERS MORALISCHE GESETZ&quot;.</LA></DD></DL>Zwischen den Wörtern &quot;GESETZ&quot; und &quot;ACHTUNG&quot; sind drei punktförmige Vertiefungen eingeprägt.</P><P>(10) Dies wird namens der Bundesregierung bekanntgemacht.</P></Content></text></textdaten></norm>
<norm builddate="20130405130258" doknr="BJNR029070974BJNE000200307"><metadaten><jurabk>Münz5DMBek 1974-11</jurabk><enbez>Schlußformel</enbez></metadaten><textdaten><text format="XML"><Content><P><SP>Der Bundesminister der Finanzen</SP></P></Content></text></textdaten></norm>
<norm builddate="20130405130258" doknr="BJNR029070974BJNE000300307"><metadaten><jurabk>Münz5DMBek 1974-11</jurabk><enbez>(XXXX)</enbez><titel format="parat">Abbildung der Münze</titel></metadaten><textdaten><text format="XML"><Content><P><ABWFORMAT typ="E"/>(Inhalt: nicht darstellbare Abbildung) <BR/><kommentar typ="Fundstelle">Fundstelle: BGBl I 1974, 2908</kommentar></P></Content></text></textdaten></norm>
</dokumente>