<?xml version="1.0" encoding="UTF-8" ?><!DOCTYPE dokumente SYSTEM "http://www.gesetze-im-internet.de/dtd/1.01/gii-norm.dtd">
<dokumente builddate="20120625150458" doknr="BJNR205260980"><norm builddate="20120625150458" doknr="BJNR205260980"><metadaten><jurabk>SeeSchIntÜbk1974Prot</jurabk><ausfertigung-datum manuell="ja">1978-02-17</ausfertigung-datum><fundstelle typ="amtlich"><periodikum>BGBl II</periodikum><zitstelle>1980, 526</zitstelle></fundstelle><langue>Protokoll von 1978 zu dem Internationalen Übereinkommen von 1974 zum
Schutz des menschlichen Lebens auf See</langue></metadaten><textdaten><text format="decorated"/><fussnoten><Content><P>V v. 26.3.1980 II 525 <BR/>Inkraft gem. Bek. v. 4.3.1981 II 140 mWv 1.5.1981 - mit Ausnahme von Kapitel I Regel 19 Buchstabe f Satz 2 der Anlage, die mWv 8.1.1982 in Kraft tritt, vgl. G v. 23.12.1981 II 1982, 2, Bek. v. 19.3.1982 II 410</P></Content></fussnoten></textdaten></norm>
</dokumente>