<?xml version="1.0" encoding="UTF-8" ?><!DOCTYPE dokumente SYSTEM "http://www.gesetze-im-internet.de/dtd/1.01/gii-norm.dtd">
<dokumente builddate="20200723213008" doknr="BJNR103710020"><norm builddate="20200723213008" doknr="BJNR103710020"><metadaten><jurabk>LuftVStG§19Abs3u5Bek 2020</jurabk><ausfertigung-datum manuell="ja">2020-05-18</ausfertigung-datum><fundstelle typ="amtlich"><periodikum>BGBl I</periodikum><zitstelle>2020, 1037</zitstelle></fundstelle><langue>Bekanntmachung nach § 19 Absatz 3 Satz 2 und 3 sowie nach § 19 Absatz 5 Satz 2 und 3 des Luftverkehrsteuergesetzes</langue></metadaten><textdaten><fussnoten><Content><P><BR/> <pre xml:space="preserve">(+++ Textnachweis ab: 22.5.2020 +++)<BR/><BR/></pre></P></Content></fussnoten></textdaten></norm>
<norm builddate="20200723213008" doknr="BJNR103710020BJNE000100000"><metadaten><jurabk>LuftVStG§19Abs3u5Bek 2020</jurabk><enbez>(XXXX)</enbez></metadaten><textdaten><text format="XML"><Content><P>Nach § 19 Absatz 3 Satz 2 und 3 sowie nach § 19 Absatz 5 Satz 2 und 3 des Luftverkehrsteuergesetzes, das zuletzt durch Artikel 1 des Gesetzes vom 12. Dezember 2019 (BGBl. I S. 2492) geändert worden ist, wird hiermit bekannt gemacht, dass die Europäische Kommission am 6. Februar 2020 die vor dem Hintergrund der Anhebung der Luftverkehrsteuer erforderlichen beihilferechtlichen Genehmigungen beschlossen und die Steuerbefreiung nach § 5 Nummer 4 des Luftverkehrsteuergesetzes sowie die Steuerermäßigung nach § 11 Absatz 3 des Luftverkehrsteuergesetzes als mit dem Binnenmarkt vereinbar angesehen hat. § 19 Absatz 3 Satz 1 und § 19 Absatz 5 Satz 1 des Luftverkehrsteuergesetzes sind damit seit 1. April 2020 nicht anzuwenden.</P></Content></text></textdaten></norm>
<norm builddate="20200723213008" doknr="BJNR103710020BJNE000200000"><metadaten><jurabk>LuftVStG§19Abs3u5Bek 2020</jurabk><enbez>Schlussformel</enbez></metadaten><textdaten><text format="XML"><Content><P><SP>Bundesministerium der Finanzen</SP></P></Content></text></textdaten></norm>
</dokumente>