<?xml version="1.0" encoding="UTF-8" ?><!DOCTYPE dokumente SYSTEM "http://www.gesetze-im-internet.de/dtd/1.01/gii-norm.dtd">
<dokumente builddate="20130405125205" doknr="BJNR007710958"><norm builddate="20130405125205" doknr="BJNR007710958"><metadaten><jurabk>BPräsAmtsbezAnO 1958-10-31</jurabk><ausfertigung-datum manuell="ja">1958-10-31</ausfertigung-datum><fundstelle typ="amtlich"><periodikum>BGBl I</periodikum><zitstelle>1958, 771</zitstelle></fundstelle><langue>Anordnung des Bundespräsidenten über die Festsetzung von
Amtsbezeichnungen</langue></metadaten><textdaten><text format="XML"><Content><P/></Content></text><fussnoten><Content><P>(+++ Textnachweis Geltung ab:  1. 1.1964 +++)</P></Content></fussnoten></textdaten></norm>
<norm builddate="20130405125205" doknr="BJNR007710958BJNE000100303"><metadaten><jurabk>BPräsAmtsbezAnO 1958-10-31</jurabk><enbez>(XXXX)</enbez></metadaten><textdaten><text format="XML"><Content><P>Gemäß § 81 Abs. 1 des Bundesbeamtengesetzes in der Fassung vom 18. September 1957 (Bundesgesetzbl. I S. 1337) setze ich folgende Amtsbezeichnungen für Beamte der Bundesanstalt für Bodenforschung fest: <DL Font="normal" Type="arabic"><DT/><DD Font="normal"><LA Size="normal">Präsident und Professor der Bundesanstalt für Bodenforschung,</LA><LA Size="normal">Leitender Direktor und Professor bei der Bundesanstalt für Bodenforschung,</LA><LA Size="normal">Direktor und Professor bei der Bundesanstalt für Bodenforschung,</LA><LA Size="normal">Oberregierungsgeologe,</LA><LA Size="normal">Regierungsgeologe.</LA></DD></DL></P></Content></text><fussnoten/></textdaten></norm>
</dokumente>