<?xml version="1.0" encoding="UTF-8" ?><!DOCTYPE dokumente SYSTEM "http://www.gesetze-im-internet.de/dtd/1.01/gii-norm.dtd">
<dokumente builddate="20120625152710" doknr="BJNR077820005"><norm builddate="20120625152710" doknr="BJNR077820005"><metadaten><jurabk>GII050778</jurabk><ausfertigung-datum manuell="ja">2005-08-12</ausfertigung-datum><fundstelle typ="amtlich"><periodikum>BGBl II</periodikum><zitstelle>2005, 778</zitstelle></fundstelle><langue>Gesetz zu dem OCCAR-Geheimschutzübereinkommen vom 24. September 2004</langue></metadaten><textdaten><text format="decorated"/><fussnoten><Content><P>*P Übereinkommen in Kraft gem. Bek. v. 10.5.2007 II 792 mWv 17.6.2006 *PE</P></Content></fussnoten></textdaten></norm>
</dokumente>