<?xml version="1.0" encoding="UTF-8" ?><!DOCTYPE dokumente SYSTEM "http://www.gesetze-im-internet.de/dtd/1.01/gii-norm.dtd">
<dokumente builddate="20120625152212" doknr="BJNR005450962"><norm builddate="20120625152212" doknr="BJNR005450962"><metadaten><jurabk>HHG§3V</jurabk><ausfertigung-datum manuell="ja">1962-08-01</ausfertigung-datum><fundstelle typ="amtlich"><periodikum>BGBl I</periodikum><zitstelle>1962, 545</zitstelle></fundstelle><langue>Verordnung über die Gleichstellung von Personen nach § 3 des
Häftlingshilfegesetzes</langue><standangabe checked="ja"><standtyp>Stand</standtyp><standkommentar>Geändert durch Art. 7 G v. 21.12.1992 I 2094</standkommentar></standangabe></metadaten><textdaten><fussnoten><Content><P>(+++ Textnachweis Geltung ab: 1.1.1964 +++) <BR/>(+++ Änderungen aufgrund EinigVtr vgl. § 1 +++)</P></Content></fussnoten></textdaten></norm>
<norm builddate="20120625152212" doknr="BJNR005450962BJNE000100319"><metadaten><jurabk>HHG§3V</jurabk><enbez>Eingangsformel</enbez></metadaten><textdaten><text format="XML"><Content><P>Auf Grund des § 3 Buchstabe b des Häftlingshilfegesetzes in der Fassung der Bekanntmachung vom 25. Juli 1960 (Bundesgesetzbl. I S. 578) verordnet die Bundesregierung mit Zustimmung des Bundesrates:</P></Content></text></textdaten></norm>
<norm builddate="20120625152212" doknr="BJNR005450962BJNE000203314"><metadaten><jurabk>HHG§3V</jurabk><enbez>§ 1</enbez></metadaten><textdaten><text format="XML"><Content><P>(1) Deutsche Staatsangehörige und deutsche Volkszugehörige erhalten auf Antrag Beschädigtenversorgung nach Maßgabe des § 4 des Häftlingshilfegesetzes, wenn sie aus den in § 1 Abs. 1 Nr. 1 des Häftlingshilfegesetzes genannten Gründen aus der sowjetischen Besatzungszone oder aus dem sowjetisch besetzten Sektor von Berlin geflüchtet sind oder dies versucht haben, eine gesundheitliche Schädigung infolge von Maßnahmen zur Verhinderung der Flucht erlitten haben und ihren Wohnsitz oder ständigen Aufenthalt im Geltungsbereich dieser Verordnung haben.</P><P>(2) Ist der Beschädigte an den Folgen der Schädigung gestorben, so erhalten seine Hinterbliebenen, die deutsche Staatsangehörige oder deutsche Volkszugehörige sind und ihren Wohnsitz oder ständigen Aufenthalt im Geltungsbereich dieser Verordnung haben, auf Antrag Hinterbliebenenversorgung nach Maßgabe des § 5 des Häftlingshilfegesetzes.</P><P>(3) Die §§ 2, 6, 10 Abs. 1, 3 bis 6, §§ 12, 13 und 18 des Häftlingshilfegesetzes sind sinngemäß anzuwenden.</P></Content>  </text><fussnoten/></textdaten></norm>
<norm builddate="20120625152212" doknr="BJNR005450962BJNE000300319"><metadaten><jurabk>HHG§3V</jurabk><enbez>§ 2</enbez></metadaten><textdaten><text format="XML"><Content><P>Diese Verordnung gilt nach § 14 des Dritten Überleitungsgesetzes vom 4. Januar 1952 (Bundesgesetzblatt I S. 1) in Verbindung mit § 15 des Häftlingshilfegesetzes auch im Land Berlin.</P></Content></text></textdaten></norm>
<norm builddate="20120625152212" doknr="BJNR005450962BJNE000400319"><metadaten><jurabk>HHG§3V</jurabk><enbez>§ 3</enbez></metadaten><textdaten><text format="XML"><Content><P>Diese Verordnung tritt mit dem Tag des Inkrafttretens des Häftlingshilfegesetzes in Kraft.</P></Content></text><fussnoten/></textdaten></norm>
</dokumente>