<?xml version="1.0" encoding="UTF-8" ?><!DOCTYPE dokumente SYSTEM "http://www.gesetze-im-internet.de/dtd/1.01/gii-norm.dtd">
<dokumente builddate="20130405124802" doknr="BJNR004540961"><norm builddate="20130405124802" doknr="BJNR004540961"><metadaten><jurabk>KVStGleichstV</jurabk><ausfertigung-datum manuell="ja">1961-04-17</ausfertigung-datum><fundstelle typ="amtlich"><periodikum>BGBl I</periodikum><zitstelle>1961, 454</zitstelle></fundstelle><langue>Verordnung über die kapitalverkehrsteuerliche Gleichstellung der
Europäischen Gemeinschaft für Kohle und Stahl, der Europäischen
Atomgemeinschaft und der Europäischen Investitionsbank mit dem Bund</langue></metadaten><textdaten><text format="XML"><Content><P/></Content></text><fussnoten><Content><P>(+++ Textnachweis Geltung ab:  1. 1.1964 +++)</P></Content></fussnoten></textdaten></norm>
<norm builddate="20130405124802" doknr="BJNR004540961BJNE000100304"><metadaten><jurabk>KVStGleichstV</jurabk><enbez>Eingangsformel</enbez></metadaten><textdaten><text format="XML"><Content><P>Auf Grund des § 29 Abs. 1 Nr. 3 des Kapitalverkehrsteuergesetzes in der Fassung der Bekanntmachung vom 24. Juli 1959 (Bundesgesetzbl. I S. 530) verordnet die Bundesregierung mit Zustimmung des Bundesrates:</P></Content></text></textdaten></norm>
<norm builddate="20130405124802" doknr="BJNR004540961BJNE000200304"><metadaten><jurabk>KVStGleichstV</jurabk><enbez>§ 1</enbez></metadaten><textdaten><text format="XML"><Content><P>Bei der Anwendung des Kapitalverkehrsteuergesetzes in der jeweils geltenden Fassung stehen folgende überstaatliche Einrichtungen dem Bund gleich: <DL Font="normal" Type="arabic"><DT>1.</DT><DD Font="normal"><LA Size="normal">Die Europäische Gemeinschaft für Kohle und Stahl,</LA></DD> <DT>2.</DT><DD Font="normal"><LA Size="normal">die Europäische Atomgemeinschaft,</LA></DD> <DT>3.</DT><DD Font="normal"><LA Size="normal">die auf Grund des Artikels 129 des Vertrages zur Gründung der Europäischen Wirtschaftsgemeinschaft errichtete Europäische Investitionsbank.</LA></DD> </DL></P></Content></text></textdaten></norm>
<norm builddate="20130405124802" doknr="BJNR004540961BJNE000300304"><metadaten><jurabk>KVStGleichstV</jurabk><enbez>§ 2</enbez></metadaten><textdaten><text format="XML"><Content><P>Diese Verordnung gilt nach § 14 des Dritten Überleitungsgesetzes vom 4. Januar 1952 (Bundesgesetzbl. I S. 1) in Verbindung mit Artikel 6 des Gesetzes zur Änderung verkehrsteuerrechtlicher Vorschriften vom 25. Mai 1959 (Bundesgesetzbl. I S. 261) auch im Land Berlin.</P></Content></text></textdaten></norm>
<norm builddate="20130405124802" doknr="BJNR004540961BJNE000400304"><metadaten><jurabk>KVStGleichstV</jurabk><enbez>§ 3</enbez></metadaten><textdaten><text format="XML"><Content><P>Diese Verordnung tritt am Tage nach ihrer Verkündung in Kraft.</P></Content></text></textdaten></norm>
</dokumente>