<?xml version="1.0" encoding="UTF-8" ?><!DOCTYPE dokumente SYSTEM "http://www.gesetze-im-internet.de/dtd/1.01/gii-norm.dtd">
<dokumente builddate="20250320223503" doknr="BJNR004200965"><norm builddate="20250320223503" doknr="BJNR004200965"><metadaten><jurabk>BRüGDV 1</jurabk><amtabk>1. DV-BRüG</amtabk><ausfertigung-datum manuell="ja">1965-05-14</ausfertigung-datum><fundstelle typ="amtlich"><periodikum>BGBl I</periodikum><zitstelle>1965, 420</zitstelle></fundstelle><langue>Erste Verordnung zur Durchführung des Bundesrückerstattungsgesetzes</langue><standangabe checked="ja"><standtyp>Stand</standtyp><standkommentar>Zuletzt geändert durch Art. 4 Abs. 11 G v. 22.9.2005 I 2809</standkommentar></standangabe></metadaten><textdaten><fussnoten><Content><P>Überschrift: Diese V gilt nicht im Saarland <BR/> <BR/>(+++ Textnachweis Geltung ab: 1.1.1966 +++)</P></Content></fussnoten></textdaten></norm>
<norm builddate="20250320223503" doknr="BJNR004200965BJNE000500319"><metadaten><jurabk>BRüGDV 1</jurabk><enbez>Eingangsformel</enbez></metadaten><textdaten><text format="XML"><Content><P>Auf Grund des § 29b Abs. 2 und des § 44a Abs. 1 Satz 2, Abs. 5 des Bundesgesetzes zur Regelung der rückerstattungsrechtlichen Geldverbindlichkeiten des Deutschen Reichs und gleichgestellter Rechtsträger (Bundesrückerstattungsgesetz - BRüG) vom 19. Juli 1957 (Bundesgesetzbl. I S. 734), zuletzt geändert durch Gesetz vom 2. Oktober 1964 (Bundesgesetzbl. I S. 809), verordnet die Bundesregierung mit Zustimmung des Bundesrates:</P></Content></text></textdaten></norm>
<norm builddate="20250320223503" doknr="BJNR004200965BJNG000100319"><metadaten><jurabk>BRüGDV 1</jurabk><gliederungseinheit><gliederungskennzahl>010</gliederungskennzahl><gliederungsbez>I.</gliederungsbez><gliederungstitel>Entziehung von Hausrat in den ehemals
besetzten Westgebieten</gliederungstitel></gliederungseinheit></metadaten><textdaten><text format="XML"><Content><P/></Content></text></textdaten></norm>
<norm builddate="20250320223503" doknr="BJNR004200965BJNE000600319"><metadaten><jurabk>BRüGDV 1</jurabk><enbez>§ 1</enbez></metadaten><textdaten><text format="XML"><Content><P>Als Entziehungsgebiete im Sinne des § 29b Abs. 1 und des § 44a Abs. 1 BRüG gelten der damalige Bereich <DL Font="normal" Type="arabic"><DT>1.</DT><DD Font="normal"><LA Size="normal">des Militärbefehlshabers in Frankreich,</LA></DD> <DT>2.</DT><DD Font="normal"><LA Size="normal">des Kommandanten im Heeresgebiet Südfrankreich,</LA></DD> <DT>3.</DT><DD Font="normal"><LA Size="normal">des Militärbefehlshabers in Belgien und Nordfrankreich,</LA></DD> <DT>4.</DT><DD Font="normal"><LA Size="normal">des Reichskommissars für die besetzten niederländischen Gebiete,</LA></DD> <DT>5.</DT><DD Font="normal"><LA Size="normal">des Chefs der Zivilverwaltung im Elsaß,</LA></DD> <DT>6.</DT><DD Font="normal"><LA Size="normal">des Chefs der Zivilverwaltung in Lothringen.</LA></DD> </DL></P></Content></text></textdaten></norm>
<norm builddate="20250320223503" doknr="BJNR004200965BJNE000700319"><metadaten><jurabk>BRüGDV 1</jurabk><enbez>§ 2</enbez></metadaten><textdaten><text format="XML"><Content><P>(1) Allgemeine Maßnahmen im Sinne des § 29b Abs. 1 und des § 44a Abs. 1 BRüG für die überwiegende Verbringung entzogenen Hausrats in das nach § 5 BRüG maßgebliche Gebiet sind getroffen worden für die in § 1 Nr. 1 bis 4 genannten Bereiche durch die Dienststelle Westen des Reichsministers für die besetzten Ostgebiete - sogenannte M-(Möbel-)Aktion. Darunter fallen auch Entziehungen durch andere Dienststellen des Reichs als die Dienststelle Westen, sofern der Hausrat im Rahmen der M-Aktion aus dem besetzten Gebiet verbracht worden ist.</P><P>(2) Auf Grund allgemeiner Maßnahmen im Sinne des § 29b Abs. 1 und des § 44a Abs. 1 BRüG überwiegend in das nach § 5 BRüG maßgebliche Gebiet gelangt ist auch der Hausrat, der in den in § 1 Nr. 5 und 6 genannten Bereichen durch den Chef der Zivilverwaltung entzogen und nachweislich an reichsdeutsche Erwerber (Privatpersonen oder Dienststellen) abgegeben wurde.</P></Content> </text></textdaten></norm>
<norm builddate="20250320223503" doknr="BJNR004200965BJNE000800319"><metadaten><jurabk>BRüGDV 1</jurabk><enbez>§ 3</enbez></metadaten><textdaten><text format="XML"><Content><P>(1) Als Beginn des Entziehungszeitraums im Sinne des § 29b Abs. 2 und des § 44a Abs. 1 BRüG kommt in Betracht <DL Font="normal" Type="arabic"><DT>1.</DT><DD Font="normal"><LA Size="normal">bei den in § 2 Abs. 1 genannten Maßnahmen<DL Font="normal" Type="arabic"><DT>a)</DT><DD Font="normal"><LA Size="normal">in den in § 1 Nr. 1, 3 und 4 bezeichneten Bereichen der 1. Januar 1942,</LA></DD> <DT>b)</DT><DD Font="normal"><LA Size="normal">in dem in § 1 Nr. 2 bezeichneten Bereich der 11. November 1942;</LA></DD> </DL></LA></DD> <DT>2.</DT><DD Font="normal"><LA Size="normal">bei den in § 2 Abs. 2 genannten Maßnahmen<DL Font="normal" Type="arabic"><DT>a)</DT><DD Font="normal"><LA Size="normal">in dem in § 1 Nr. 5 bezeichneten Bereich der 13. Juli 1940,</LA></DD> <DT>b)</DT><DD Font="normal"><LA Size="normal">in dem in § 1 Nr. 6 bezeichneten Bereich der 6. November 1940.</LA></DD> </DL> </LA></DD> </DL></P><P>(2) Das Ende des Entziehungszeitraums bestimmt sich nach dem Tage, an dem der Entziehungsort von der deutschen Besatzungsmacht geräumt wurde.</P></Content></text></textdaten></norm>
<norm builddate="20250320223503" doknr="BJNR004200965BJNG000200319"><metadaten><jurabk>BRüGDV 1</jurabk><gliederungseinheit><gliederungskennzahl>020</gliederungskennzahl><gliederungsbez>II.</gliederungsbez><gliederungstitel>Entziehung von Schmuck- und Edelmetallgegenständen
in den ehemals besetzten oder eingegliederten Gebieten</gliederungstitel></gliederungseinheit></metadaten><textdaten><text format="XML"><Content><P/></Content></text></textdaten></norm>
<norm builddate="20250320223503" doknr="BJNR004200965BJNE000900319"><metadaten><jurabk>BRüGDV 1</jurabk><enbez>§ 4</enbez></metadaten><textdaten><text format="XML"><Content><P>Als besetzte oder eingegliederte Gebiete im Sinne des § 29b Abs. 1 und des § 44a Abs. 1 BRüG gelten <DL Font="normal" Type="arabic"><DT>1.</DT><DD Font="normal"><LA Size="normal">die in § 1 genannten Gebiete,</LA></DD> <DT>2.</DT><DD Font="normal"><LA Size="normal">das Generalgouvernement nach dem Stande vom 1. August 1941 und die eingegliederten Ostgebiete einschließlich der Freien Stadt Danzig,</LA></DD> <DT>3.</DT><DD Font="normal"><LA Size="normal">die Reichskommissariate Ostland und Ukraine sowie der Bezirk Bialystok,</LA></DD> <DT>4.</DT><DD Font="normal"><LA Size="normal">das Protektorat Böhmen und Mähren,</LA></DD> <DT>5.</DT><DD Font="normal"><LA Size="normal">der Bereich des Militärbefehlshabers in Serbien,</LA></DD> <DT>6.</DT><DD Font="normal"><LA Size="normal">das Königreich Italien,</LA></DD> <DT>7.</DT><DD Font="normal"><LA Size="normal">das Königreich Griechenland.</LA></DD> </DL></P></Content></text><fussnoten/></textdaten></norm>
<norm builddate="20250320223503" doknr="BJNR004200965BJNE001000319"><metadaten><jurabk>BRüGDV 1</jurabk><enbez>§ 5</enbez></metadaten><textdaten><text format="XML"><Content><P>(1) Allgemeine Maßnahmen im Sinne des § 29b Abs. 1 und des § 44a Abs. 1 BRüG für die überwiegende Verbringung entzogener Schmuck- und Edelmetallgegenstände - außer Gebrauchssilber - in das nach § 5 BRüG maßgebliche Gebiet sind getroffen worden bei Entziehungen <DL Font="normal" Type="arabic"><DT>1.</DT><DD Font="normal"><LA Size="normal">durch Dienststellen der SS, der Sicherheitspolizei und des SD für die in § 1 Nr. 1 bis 4, § 4 Nr. 2 bis 7 genannten Bereiche,</LA></DD> <DT>2.</DT><DD Font="normal"><LA Size="normal">durch die Devisenschutzkommandos für die in § 1 Nr. 1 bis 4 genannten Bereiche,</LA></DD> <DT>3.</DT><DD Font="normal"><LA Size="normal">durch den &quot;Verwalter des dem Reich verfallenen Vermögens im Bereich des Militärbefehlshabers in Frankreich&quot; (Dienststelle Niedermeyer) für den in § 1 Nr. 1 genannten Bereich,</LA></DD> <DT>4.</DT><DD Font="normal"><LA Size="normal">durch Dienststellen der SS in den Konzentrationslagern Mauthausen und Natzweiler.</LA></DD> </DL> </P><P>(2) Allgemeine Maßnahmen im Sinne des Absatzes 1 liegen auch dann vor, wenn die Entziehung durch andere als die in Absatz 1 genannten Dienststellen des Reichs erfolgt ist, die entzogenen Schmuck- und Edelmetallgegenstände aber durch eine der in Absatz 1 genannten Dienststellen in das nach § 5 BRüG maßgebliche Gebiet verbracht worden sind.</P><P>(3) Auf die Wegnahme oder die Ablieferung von Schmuck- und Edelmetallgegenständen im Lager Theresienstadt findet Absatz 1 Nr. 1 keine Anwendung.</P></Content> </text><fussnoten/></textdaten></norm>
<norm builddate="20250320223503" doknr="BJNR004200965BJNE001100319"><metadaten><jurabk>BRüGDV 1</jurabk><enbez>§ 6</enbez></metadaten><textdaten><text format="XML"><Content><P>Als Entziehungszeiträume im Sinne des § 29b Abs. 2 und des § 44a Abs. 1 BRüG kommen in Betracht <DL Font="normal" Type="arabic"><DT>1.</DT><DD Font="normal"><LA Size="normal">bei den in § 5 Abs. 1 Nr. 1, 2 und 4 genannten Maßnahmen die Zeit der Besetzung des betreffenden Entziehungsortes durch die deutsche Besatzungsmacht, für den in § 4 Nr. 6 genannten Bereich jedoch erst ab 8. September 1943;</LA></DD> <DT>2.</DT><DD Font="normal"><LA Size="normal">bei den in § 5 Abs. 1 Nr. 3 genannten Maßnahmen die Zeit vom 1. Juli 1941 bis zum 17. August 1944.</LA></DD> </DL></P></Content></text></textdaten></norm>
<norm builddate="20250320223503" doknr="BJNR004200965BJNG000300319"><metadaten><jurabk>BRüGDV 1</jurabk><gliederungseinheit><gliederungskennzahl>030</gliederungskennzahl><gliederungsbez>III.</gliederungsbez><gliederungstitel>Verfahren</gliederungstitel></gliederungseinheit></metadaten><textdaten><text format="XML"><Content><P/></Content></text></textdaten></norm>
<norm builddate="20250320223503" doknr="BJNR004200965BJNE001202310"><metadaten><jurabk>BRüGDV 1</jurabk><enbez>§ 7</enbez></metadaten><textdaten><text format="XML"><Content><P>Zuständig für die Entgegennahme von Anträgen auf Gewährung eines Härteausgleichs gemäß § 44a Abs. 5 BRüG und zur Entscheidung darüber ist das Bundesamt für zentrale Dienste und offene Vermögensfragen.</P></Content></text><fussnoten/></textdaten></norm>
<norm builddate="20250320223503" doknr="BJNR004200965BJNE001300319"><metadaten><jurabk>BRüGDV 1</jurabk><enbez>§ 8</enbez></metadaten><textdaten><text format="XML"><Content><P>Anträge auf Gewährung eines Härteausgleichs gemäß § 44a BRüG müssen bis zum 23. Mai 1966 bei der in § 7 bezeichneten Behörde eingegangen sein. Soweit sich die Anträge auf Entziehungen in dem in § 4 Nr. 7 genannten Bereich beziehen, endet die Antragsfrist jedoch erst am 1. Januar 1967.</P></Content></text><fussnoten/></textdaten></norm>
<norm builddate="20250320223503" doknr="BJNR004200965BJNG000400319"><metadaten><jurabk>BRüGDV 1</jurabk><gliederungseinheit><gliederungskennzahl>040</gliederungskennzahl><gliederungsbez>IV.</gliederungsbez><gliederungstitel>Schlußvorschriften</gliederungstitel></gliederungseinheit></metadaten><textdaten><text format="XML"><Content><P/></Content></text></textdaten></norm>
<norm builddate="20250320223503" doknr="BJNR004200965BJNE001400319"><metadaten><jurabk>BRüGDV 1</jurabk><enbez>§ 9</enbez></metadaten><textdaten><text format="XML"><Content><P>(1) Diese Verordnung gilt nach § 14 des Dritten Überleitungsgesetzes vom 4. Januar 1952 (Bundesgesetzbl. I S. 1) in Verbindung mit Artikel III des Dritten Gesetzes zur Änderung des Bundesrückerstattungsgesetzes vom 2. Oktober 1964 (Bundesgesetzbl. I S. 809) auch im Land Berlin.</P><P>(2) Diese Verordnung gilt nicht im Saarland.</P></Content> </text></textdaten></norm>
<norm builddate="20250320223503" doknr="BJNR004200965BJNE001500319"><metadaten><jurabk>BRüGDV 1</jurabk><enbez>§ 10</enbez></metadaten><textdaten><text format="XML"><Content><P>Diese Verordnung tritt am Tag nach der Verkündung in Kraft.</P></Content></text></textdaten></norm>
</dokumente>