<?xml version="1.0" encoding="UTF-8" ?><!DOCTYPE dokumente SYSTEM "http://www.gesetze-im-internet.de/dtd/1.01/gii-norm.dtd">
<dokumente builddate="20130405132212" doknr="BJNR219600005"><norm builddate="20130405132212" doknr="BJNR219600005"><metadaten><jurabk>ReNoPatAusb-FachEigV</jurabk><amtabk>ReNoPatAusb-FachEigV</amtabk><ausfertigung-datum manuell="ja">2005-07-21</ausfertigung-datum><fundstelle typ="amtlich"><periodikum>BGBl I</periodikum><zitstelle>2005, 2196</zitstelle></fundstelle><langue>Verordnung über die fachliche Eignung für die Berufsausbildung der
Fachangestellten in Rechtsanwalt- und Patentanwaltschaft, Notariat und bei
Rechtsbeiständen</langue></metadaten><textdaten><text format="XML"><Content><P/></Content></text><fussnoten><Content><P><BR/> <pre xml:space="preserve">(+++ Textnachweis ab:  1. 4.2005 +++)<BR/><BR/></pre></P></Content></fussnoten></textdaten></norm>
<norm builddate="20130405132212" doknr="BJNR219600005BJNE000100000"><metadaten><jurabk>ReNoPatAusb-FachEigV</jurabk><enbez>Eingangsformel</enbez></metadaten><textdaten><text format="XML"><Content><P>Auf Grund des § 30 Abs. 4 Nr. 3 des Berufsbildungsgesetzes vom 23. März 2005 (BGBl. I S. 931) verordnet das Bundesministerium der Justiz nach Anhörung des Hauptausschusses des Bundesinstituts für Berufsbildung im Einvernehmen mit dem Bundesministerium für Bildung und Forschung:</P></Content></text></textdaten></norm>
<norm builddate="20130405132212" doknr="BJNR219600005BJNE000200000"><metadaten><jurabk>ReNoPatAusb-FachEigV</jurabk><enbez>§ 1</enbez></metadaten><textdaten><text format="XML"><Content><P>Die für die fachliche Eignung erforderlichen beruflichen Fertigkeiten, Kenntnisse und Fähigkeiten besitzt für den Ausbildungsberuf <DL Font="normal" Type="arabic"><DT>1.</DT><DD Font="normal"><LA Size="normal">Rechtsanwaltsfachangestellter/Rechtsanwaltsfachangestellte, wer zur Rechtsanwaltschaft zugelassen ist oder als Rechtsbeistand Mitglied einer Rechtsanwaltskammer ist,</LA></DD> <DT>2.</DT><DD Font="normal"><LA Size="normal">Notarfachangestellter/Notarfachangestellte, wer als Notarin oder als Notar bestellt ist,</LA></DD> <DT>3.</DT><DD Font="normal"><LA Size="normal">Rechtsanwalts- und Notarfachangestellter/Rechtsanwalts- und Notarfachangestellte, wer zur Rechtsanwaltschaft zugelassen und als Notarin oder als Notar bestellt ist,</LA></DD> <DT>4.</DT><DD Font="normal"><LA Size="normal">Patentanwaltsfachangestellter/Patentanwaltsfachangestellte, wer zur Patentanwaltschaft zugelassen ist.</LA></DD> </DL></P></Content></text></textdaten></norm>
<norm builddate="20130405132212" doknr="BJNR219600005BJNE000300000"><metadaten><jurabk>ReNoPatAusb-FachEigV</jurabk><enbez>§ 2</enbez></metadaten><textdaten><text format="XML"><Content><P>Diese Verordnung tritt mit Wirkung vom 1. April 2005 in Kraft.</P></Content></text><fussnoten/></textdaten></norm>
</dokumente>