<?xml version="1.0" encoding="UTF-8" ?><!DOCTYPE dokumente SYSTEM "http://www.gesetze-im-internet.de/dtd/1.01/gii-norm.dtd">
<dokumente builddate="20130405132018" doknr="BJNR204500000"><norm builddate="20130405132018" doknr="BJNR204500000"><metadaten><jurabk>1-DM-GoldmünzG</jurabk><ausfertigung-datum manuell="ja">2000-12-27</ausfertigung-datum><fundstelle typ="amtlich"><periodikum>BGBl I</periodikum><zitstelle>2000, 2045</zitstelle></fundstelle><langue>Gesetz über die Ausprägung einer 1-DM-Goldmünze
und die Errichtung der Stiftung &quot;Geld und Währung&quot;</langue></metadaten><textdaten><text format="XML"><Content><P/></Content></text><fussnoten><Content><P>(+++ Textnachweis ab: 31.12.2000 +++)</P></Content></fussnoten></textdaten></norm>
<norm builddate="20130405132018" doknr="BJNR204500000BJNG000100305"><metadaten><jurabk>1-DM-GoldmünzG</jurabk><gliederungseinheit><gliederungskennzahl>010</gliederungskennzahl><gliederungsbez>Erster Abschnitt</gliederungsbez><gliederungstitel>Ausgabe einer
1-DM Goldmünze</gliederungstitel></gliederungseinheit></metadaten><textdaten><text format="XML"><Content><P/></Content></text></textdaten></norm>
<norm builddate="20130405132018" doknr="BJNR204500000BJNE000400305"><metadaten><jurabk>1-DM-GoldmünzG</jurabk><enbez>§ 1</enbez><titel format="parat">Ausgabe durch die Deutsche Bundesbank</titel></metadaten><textdaten><text format="XML"><Content><P>Die Deutsche Bundesbank wird ermächtigt, zum Gedenken an die Deutsche Mark im eigenen Namen im Jahre 2001 eine Münze in Gold über 1 Deutsche Mark (1-DM-Goldmünze) mit einer Auflage von bis zu einer Million Stück herauszugeben.</P></Content></text></textdaten></norm>
<norm builddate="20130405132018" doknr="BJNR204500000BJNE000500305"><metadaten><jurabk>1-DM-GoldmünzG</jurabk><enbez>§ 2</enbez><titel format="parat">Gestalt der 1-DM-Goldmünze</titel></metadaten><textdaten><text format="XML"><Content><P>(1) Die Gestaltung der Wert- und Bildseite der 1-DM-Goldmünze ist mit Ausnahme der Umschrift auf der Bildseite mit der Gestalt der 1 DM-Bundesmünze identisch. Die Umschrift lautet &quot;Deutsche Bundesbank&quot;.</P><P>(2) Die Deutsche Bundesbank setzt im Benehmen mit dem Bundesministerium der Finanzen die technischen Merkmale der 1-DM-Goldmünze fest.</P><P>(3) Die Gestaltung und die technischen Merkmale der 1-DM-Goldmünze sind im Bundesanzeiger bekannt zu machen.</P></Content>  </text></textdaten></norm>
<norm builddate="20130405132018" doknr="BJNR204500000BJNE000600305"><metadaten><jurabk>1-DM-GoldmünzG</jurabk><enbez>§ 3</enbez><titel format="parat">Gesetzliches Zahlungsmittel</titel></metadaten><textdaten><text format="XML"><Content><P>Die 1-DM-Goldmünzen sind nach Maßgabe des § 4 bis zum Ablauf des 31. Dezember 2001 gesetzliches Zahlungsmittel.</P></Content></text></textdaten></norm>
<norm builddate="20130405132018" doknr="BJNR204500000BJNE000700305"><metadaten><jurabk>1-DM-GoldmünzG</jurabk><enbez>§ 4</enbez><titel format="parat">Annahme- und Umtauschpflicht</titel></metadaten><textdaten><text format="XML"><Content><P>(1) Die Deutsche Bundesbank ist verpflichtet, die 1-DM-Goldmünzen zum Nennwert in Zahlung zu nehmen oder in andere gesetzliche Zahlungsmittel umzutauschen.</P><P>(2) Für den Umtausch der 1-DM-Goldmünzen ab 1. Januar 2002 gilt die Bestimmung des § 1 Satz 2 des DM-Beendigungsgesetzes entsprechend.</P></Content> </text></textdaten></norm>
<norm builddate="20130405132018" doknr="BJNR204500000BJNE000800305"><metadaten><jurabk>1-DM-GoldmünzG</jurabk><enbez>§ 5</enbez><titel format="parat">Prägung und Vergütung</titel></metadaten><textdaten><text format="XML"><Content><P>(1) Die 1-DM-Goldmünzen werden von denjenigen Münzstätten der Länder ausgeprägt, die sich dazu bereit erklären und die von der Deutschen Bundesbank beauftragt werden. Das Verfahren bei der Ausprägung unterliegt der Aufsicht der Deutschen Bundesbank.</P><P>(2) Die Deutsche Bundesbank bestimmt im Benehmen mit den Münzstätten der Länder die Verteilung der auszuprägenden Mengen auf die einzelnen Münzstätten und die ihnen für die Prägung der Goldmünzen zu gewährende gleichmäßige und angemessene Vergütung.</P><P>(3) Die zur Ausprägung erforderlichen Münzmetalle werden den Münzstätten von der Deutschen Bundesbank zugewiesen.</P></Content>  </text></textdaten></norm>
<norm builddate="20130405132018" doknr="BJNR204500000BJNE000900305"><metadaten><jurabk>1-DM-GoldmünzG</jurabk><enbez>§ 6</enbez><titel format="parat">Inverkehrbringen</titel></metadaten><textdaten><text format="XML"><Content><P>Die 1-DM-Goldmünzen werden unbeschadet des Artikels 106 Abs. 2 Satz 1 des Vertrages zur Gründung der Europäischen Gemeinschaft durch die Deutsche Bundesbank und die Verkaufsstelle für Sammlermünzen bei der Bundesschuldenverwaltung in den Verkehr gebracht.</P></Content></text></textdaten></norm>
<norm builddate="20130405132018" doknr="BJNR204500000BJNE001000305"><metadaten><jurabk>1-DM-GoldmünzG</jurabk><enbez>§ 7</enbez><titel format="parat">Ausgabepreis</titel></metadaten><textdaten><text format="XML"><Content><P>Die Deutsche Bundesbank bestimmt den Ausgabepreis der 1-DM-Goldmünze nach dem Marktpreis für Gold am Tag vor der Erstausgabe zuzüglich eines marktüblichen Ausgabeaufschlags. Sie kann den Ausgabepreis wegen einer Änderung des Goldpreises im Absatzzeitraum verändern.</P></Content></text></textdaten></norm>
<norm builddate="20130405132018" doknr="BJNR204500000BJNE001100305"><metadaten><jurabk>1-DM-GoldmünzG</jurabk><enbez>§ 8</enbez><titel format="parat">Erlösverwendung</titel></metadaten><textdaten><text format="XML"><Content><P>(1) Der Nettoerlös aus dem Inverkehrbringen der 1-DM-Goldmünzen fließt bis zur Höhe von 100 Millionen DM der Stiftung &quot;Geld und Währung&quot; zu.</P><P>(2) Der den Betrag nach Absatz 1 übersteigende Nettoerlös fließt der Stiftung &quot;Preußischer Kulturbesitz&quot; zu. Er ist zweckgebunden für die Sanierung der Berliner Museumsinsel einzusetzen.</P><P>(3) Die Deutsche Bundesbank kehrt den Nettoerlös am 2. Januar 2002 aus.</P></Content>  </text></textdaten></norm>
<norm builddate="20130405132018" doknr="BJNR204500000BJNE001200305"><metadaten><jurabk>1-DM-GoldmünzG</jurabk><enbez>§ 9</enbez><titel format="parat">Anwendung der Bußgeldvorschriften des Münzgesetzes</titel></metadaten><textdaten><text format="XML"><Content><P>§ 13 des Münzgesetzes vom 16. Dezember 1999 (BGBl. I S. 2402) gilt nicht für die 1-DM-Goldmünzen.</P></Content></text></textdaten></norm>
<norm builddate="20130405132018" doknr="BJNR204500000BJNG000200305"><metadaten><jurabk>1-DM-GoldmünzG</jurabk><gliederungseinheit><gliederungskennzahl>020</gliederungskennzahl><gliederungsbez>Zweiter Abschnitt</gliederungsbez><gliederungstitel>Stiftung &quot;Geld und
Währung&quot;</gliederungstitel></gliederungseinheit></metadaten><textdaten><text format="XML"><Content><P/></Content></text></textdaten></norm>
<norm builddate="20130405132018" doknr="BJNR204500000BJNE001300305"><metadaten><jurabk>1-DM-GoldmünzG</jurabk><enbez>§ 10</enbez><titel format="parat">Errichtung der Stiftung</titel></metadaten><textdaten><text format="XML"><Content><P>(1) Unter dem Namen &quot;Geld und Währung&quot; wird eine rechtsfähige Stiftung des öffentlichen Rechts errichtet. Die Stiftung entsteht am 1. Januar 2002.</P><P>(2) Der Sitz der Stiftung ist Frankfurt am Main.</P></Content> </text></textdaten></norm>
<norm builddate="20130405132018" doknr="BJNR204500000BJNE001400305"><metadaten><jurabk>1-DM-GoldmünzG</jurabk><enbez>§ 11</enbez><titel format="parat">Stiftungszweck</titel></metadaten><textdaten><text format="XML"><Content><P>(1) Zweck der Stiftung ist, das Bewusstsein der Öffentlichkeit für die Bedeutung stabilen Geldes zu erhalten und zu fördern. Die Stiftung unterstützt zu diesem Zweck die wirtschaftswissenschaftliche und juristische Forschung insbesondere auf dem Gebiet des Geld- und Währungswesens.</P><P>(2) Der Erfüllung dieses Zwecks dienen insbesondere: <DL Font="normal" Type="arabic"><DT>1.</DT><DD Font="normal"><LA Size="normal">die Durchführung und Finanzierung von Forschungsprojekten;</LA></DD> <DT>2.</DT><DD Font="normal"><LA Size="normal">die Gewährung von Forschungsstipendien;</LA></DD> <DT>3.</DT><DD Font="normal"><LA Size="normal">die Förderung des wissenschaftlichen Meinungsaustauschs durch Veranstaltungen und Diskussionsforen mit deutscher und internationaler Beteiligung.</LA></DD> </DL></P></Content> </text></textdaten></norm>
<norm builddate="20130405132018" doknr="BJNR204500000BJNE001500305"><metadaten><jurabk>1-DM-GoldmünzG</jurabk><enbez>§ 12</enbez><titel format="parat">Stiftungsvermögen</titel></metadaten><textdaten><text format="XML"><Content><P>(1) Die Deutsche Bundesbank verwaltet das der Stiftung nach § 8 Abs. 1 zufließende Vermögen.</P><P>(2) Zur Erfüllung des Stiftungszwecks und zur Finanzierung der Verwaltungskosten verwendet die Stiftung die Erträge aus der Anlage des Vermögens nach Absatz 1.</P><P>(3) Die Stiftung ist berechtigt, Zuwendungen von dritter Seite anzunehmen.</P><P>(4) Im Falle der Beendigung der Stiftung fällt ihr Vermögen der Deutschen Bundesbank zu.</P></Content>   </text></textdaten></norm>
<norm builddate="20130405132018" doknr="BJNR204500000BJNE001600305"><metadaten><jurabk>1-DM-GoldmünzG</jurabk><enbez>§ 13</enbez><titel format="parat">Satzung</titel></metadaten><textdaten><text format="XML"><Content><P>Die Stiftung gibt sich im Einvernehmen mit der Deutschen Bundesbank und im Benehmen mit dem Bundesministerium der Finanzen eine Satzung, die vom Stiftungsrat mit einer Mehrheit von sechs Siebteln seiner Mitglieder beschlossen wird. Das Gleiche gilt für Änderungen der Satzung.</P></Content></text></textdaten></norm>
<norm builddate="20130405132018" doknr="BJNR204500000BJNE001700305"><metadaten><jurabk>1-DM-GoldmünzG</jurabk><enbez>§ 14</enbez><titel format="parat">Stiftungsorgane</titel></metadaten><textdaten><text format="XML"><Content><P>Organe der Stiftung sind der Stiftungsrat und der Vorstand.</P></Content></text></textdaten></norm>
<norm builddate="20130405132018" doknr="BJNR204500000BJNE001800305"><metadaten><jurabk>1-DM-GoldmünzG</jurabk><enbez>§ 15</enbez><titel format="parat">Stiftungsrat</titel></metadaten><textdaten><text format="XML"><Content><P>(1) Der Stiftungsrat besteht aus sieben Mitgliedern. Die Deutsche Bundesbank bestellt fünf Mitglieder. Das Bundesministerium der Finanzen bestellt zwei Mitglieder. Für jedes Mitglied ist ein Vertreter zu bestellen.</P><P>(2) Der Stiftungsrat wählt aus seinen Mitgliedern den Vorsitzenden und dessen Stellvertreter.</P><P>(3) Die Mitglieder des Stiftungsrates und deren Vertreter werden für die Dauer von vier Jahren bestellt. Wiederholte Bestellung ist zulässig. Scheidet ein Mitglied vorzeitig aus, ist für den Rest seiner Amtszeit ein Nachfolger zu bestellen.</P><P>(4) Der Stiftungsrat beschließt über alle grundsätzlichen Fragen, die zum Aufgabenbereich der Stiftung gehören, insbesondere über die Feststellung des Haushaltsplanes und die Jahresrechnung. Er stellt Richtlinien für die Vergabe und Verwendung der Stiftungsmittel auf und überwacht die Tätigkeit des Vorstandes. Das Nähere regelt die Satzung.</P><P>(5) Der Stiftungsrat ist beschlussfähig, wenn mehr als die Hälfte seiner Mitglieder anwesend ist. Beschlüsse werden mit einfacher Mehrheit gefasst; bei Stimmengleichheit entscheidet die Stimme des Vorsitzenden.</P></Content>    </text></textdaten></norm>
<norm builddate="20130405132018" doknr="BJNR204500000BJNE001900305"><metadaten><jurabk>1-DM-GoldmünzG</jurabk><enbez>§ 16</enbez><titel format="parat">Vorstand</titel></metadaten><textdaten><text format="XML"><Content><P>(1) Der Vorstand besteht aus drei Mitgliedern. Sie werden vom Stiftungsrat mit einer Mehrheit von sechs Siebteln für die Dauer von fünf Jahren bestellt.</P><P>(2) Der Vorstand führt die laufenden Geschäfte der Stiftung, insbesondere führt er die Beschlüsse des Stiftungsrates aus. Er ist ferner für den Einsatz und die Vergabe der Stiftungsmittel sowie für die Überwachung ihrer zweckentsprechenden und wirtschaftlichen Verwendung verantwortlich. Er vertritt die Stiftung gerichtlich und außergerichtlich. Das Nähere regelt die Satzung.</P></Content> </text></textdaten></norm>
<norm builddate="20130405132018" doknr="BJNR204500000BJNE002000305"><metadaten><jurabk>1-DM-GoldmünzG</jurabk><enbez>§ 17</enbez><titel format="parat">Neben- und ehrenamtliche Tätigkeit</titel></metadaten><textdaten><text format="XML"><Content><P>Die Mitglieder des Stiftungsrates und des Vorstandes sind, soweit sie nicht nebenamtlich tätig sind, ehrenamtlich tätig.</P></Content></text></textdaten></norm>
<norm builddate="20130405132018" doknr="BJNR204500000BJNE002100305"><metadaten><jurabk>1-DM-GoldmünzG</jurabk><enbez>§ 18</enbez><titel format="parat">Aufsicht</titel></metadaten><textdaten><text format="XML"><Content><P>(1) Die Stiftung untersteht der Rechtsaufsicht des Bundesministeriums der Finanzen.</P><P>(2) Für das Haushalts-, Kassen- und Rechnungswesen sowie für die Rechnungslegung der Stiftung finden die für die Bundesverwaltung geltenden Bestimmungen entsprechende Anwendung.</P></Content> </text></textdaten></norm>
<norm builddate="20130405132018" doknr="BJNR204500000BJNG000300305"><metadaten><jurabk>1-DM-GoldmünzG</jurabk><gliederungseinheit><gliederungskennzahl>030</gliederungskennzahl><gliederungsbez>Dritter Abschnitt</gliederungsbez></gliederungseinheit></metadaten><textdaten><text format="XML"><Content><P/></Content></text></textdaten></norm>
<norm builddate="20130405132018" doknr="BJNR204500000BJNE002200305"><metadaten><jurabk>1-DM-GoldmünzG</jurabk><enbez>§ 19</enbez><titel format="parat">Inkrafttreten</titel></metadaten><textdaten><text format="XML"><Content><P>Dieses Gesetz tritt am Tage nach der Verkündung in Kraft.</P></Content></text></textdaten></norm>
</dokumente>