<?xml version="1.0" encoding="UTF-8" ?><!DOCTYPE dokumente SYSTEM "http://www.gesetze-im-internet.de/dtd/1.01/gii-norm.dtd">
<dokumente builddate="20120625150026" doknr="BJNR211420991"><norm builddate="20120625150026" doknr="BJNR211420991"><metadaten><jurabk>WismutAGAbk</jurabk><ausfertigung-datum manuell="ja">1991-05-16</ausfertigung-datum><fundstelle typ="amtlich"><periodikum>BGBl II</periodikum><zitstelle>1991, 1142</zitstelle></fundstelle><langue>Abkommen zwischen der Regierung der Bundesrepublik Deutschland und der
Regierung der Union der Sozialistischen Sowjetrepubliken über die Beendigung
der Tätigkeit der Sowjetisch-Deutschen Aktiengesellschaft Wismut</langue></metadaten><textdaten><text format="decorated"/><fussnoten><Content><P>G v. 12.12.1991 II 1138 <BR/>In Kraft gem. Bek. v. 17.1.1992 II 96 mWv 20.12.1991</P></Content></fussnoten></textdaten></norm>
</dokumente>