<?xml version="1.0" encoding="UTF-8" ?><!DOCTYPE dokumente SYSTEM "http://www.gesetze-im-internet.de/dtd/1.01/gii-norm.dtd">
<dokumente builddate="20120625152854" doknr="BJNR208970986"><norm builddate="20120625152854" doknr="BJNR208970986"><metadaten><jurabk>ZT 1986</jurabk><ausfertigung-datum manuell="ja">1986-09-24</ausfertigung-datum><fundstelle typ="amtlich"><periodikum>BGBl II</periodikum><zitstelle>1986, 897</zitstelle></fundstelle><langue>Zolltarif (Anlage zu § 1 der Zolltarifverordnung vom 24.9.1986 II 896)</langue></metadaten><textdaten><text format="decorated"/><fussnoten><Content><P>Die Anlage ist gem. § 1 Abs. 3 Nr. 4 G v. 10.7.1958 114-2 von der Bereinigung ausgenommen; ihr Text wird nicht nachgewiesen.</P></Content></fussnoten></textdaten></norm>
</dokumente>