<?xml version="1.0" encoding="UTF-8" ?><!DOCTYPE dokumente SYSTEM "http://www.gesetze-im-internet.de/dtd/1.01/gii-norm.dtd">
<dokumente builddate="20140130222009" doknr="BJNR002720996"><norm builddate="20140130222009" doknr="BJNR002720996"><metadaten><jurabk>KatHiLAbkLITG</jurabk><ausfertigung-datum manuell="ja">1996-01-12</ausfertigung-datum><fundstelle typ="amtlich"><periodikum>BGBl II</periodikum><zitstelle>1996, 27</zitstelle></fundstelle><langue>Gesetz zu dem Abkommen vom 15. März 1994 zwischen der Bundesrepublik
Deutschland und der Republik Litauen über die gegenseitige Hilfeleistung bei
Katastrophen oder schweren Unglücksfällen</langue></metadaten><textdaten><text format="XML"><Content><P/></Content></text><fussnoten><Content><P>(+++ Textnachweis ab: 24.1.1996 +++)</P></Content></fussnoten></textdaten></norm>
<norm builddate="20140130222009" doknr="BJNR002720996BJNE000100310"><metadaten><jurabk>KatHiLAbkLITG</jurabk><enbez>Eingangsformel</enbez></metadaten><textdaten><text format="XML"><Content><P>Der Bundestag hat mit Zustimmung des Bundesrates das folgende Gesetz beschlossen:</P></Content></text></textdaten></norm>
<norm builddate="20140130222009" doknr="BJNR002720996BJNE000200310"><metadaten><jurabk>KatHiLAbkLITG</jurabk><enbez>Art 1</enbez></metadaten><textdaten><text format="XML"><Content><P>Dem in Bonn am 15. März 1994 unterzeichneten Abkommen zwischen der Bundesrepublik Deutschland und der Republik Litauen über die gegenseitige Hilfeleistung bei Katastrophen oder schweren Unglücksfällen wird zugestimmt. Das Abkommen wird nachstehend veröffentlicht.</P></Content></text></textdaten></norm>
<norm builddate="20140130222009" doknr="BJNR002720996BJNE000300310"><metadaten><jurabk>KatHiLAbkLITG</jurabk><enbez>Art 2</enbez></metadaten><textdaten><text format="XML"><Content><P>Wenn eine Hilfeleistung durch die Republik Litauen in der Bundesrepublik Deutschland auf der Grundlage der Kostenerstattung geleistet wird, richtet sich die Kostenträgerschaft danach, ob die jeweilige Hilfsmaßnahme in den Aufgabenbereich des Bundes oder der Länder fällt.</P></Content></text></textdaten></norm>
<norm builddate="20140130222009" doknr="BJNR002720996BJNE000400310"><metadaten><jurabk>KatHiLAbkLITG</jurabk><enbez>Art 3</enbez></metadaten><textdaten><text format="XML"><Content><P>(1) Dieses Gesetz tritt am Tage nach seiner Verkündung in Kraft.</P><P>(2) Der Tag, an dem das Abkommen nach seinem Artikel 15 Abs. 2 in Kraft tritt, ist im Bundesgesetzblatt bekanntzugeben.</P></Content> </text></textdaten></norm>
</dokumente>