<?xml version="1.0" encoding="UTF-8" ?><!DOCTYPE dokumente SYSTEM "http://www.gesetze-im-internet.de/dtd/1.01/gii-norm.dtd">
<dokumente builddate="20251006215005" doknr="BJNR103010022"><norm builddate="20251006215005" doknr="BJNR103010022"><metadaten><jurabk>BwFinSVermG</jurabk><amtabk>BwFinSVermG</amtabk><ausfertigung-datum manuell="ja">2022-07-01</ausfertigung-datum><fundstelle typ="amtlich"><periodikum>BGBl I</periodikum><zitstelle>2022, 1030</zitstelle></fundstelle><kurzue>Bundeswehrfinanzierungs- und sondervermögensgesetz</kurzue><langue>Gesetz zur Finanzierung der Bundeswehr und zur Errichtung eines „Sondervermögens Bundeswehr“</langue><standangabe checked="ja"><standtyp>Stand</standtyp><standkommentar>Zuletzt geändert durch Art. 6 G v. 30.9.2025 I Nr. 231</standkommentar></standangabe></metadaten><textdaten><fussnoten><Content><P><BR/> <pre xml:space="preserve">(+++ Textnachweis ab: 7.7.2022 +++)<BR/><BR/></pre>Das G wurde als Artikel 1 des G v. 1.7.2022 I 1030 vom Bundestag beschlossen. Es tritt gem. Art. 3 dieses G am 1.7.2022 in Kraft.</P></Content></fussnoten></textdaten></norm>
<norm builddate="20251006215005" doknr="BJNR103010022BJNE000100000"><metadaten><jurabk>BwFinSVermG</jurabk><enbez>§ 1</enbez><titel format="XML">Errichtung eines Sondervermögens und Finanzierung der Bundeswehr</titel></metadaten><textdaten><text format="XML"><Content><P>(1) Es wird ein Sondervermögen des Bundes mit der Bezeichnung „Sondervermögen Bundeswehr“ errichtet.</P><P>(2) Mit Hilfe des Sondervermögens werden im mehrjährigen Durchschnitt von maximal fünf Jahren 2 Prozent des Bruttoinlandsprodukts auf Basis der aktuellen Regierungsprognose für Verteidigungsausgaben nach NATO-Kriterien bereitgestellt.</P><P>(3) Nach Verausgabung des Sondervermögens werden aus dem Bundeshaushalt weiterhin die finanziellen Mittel bereitgestellt, um das Fähigkeitsprofil der Bundeswehr und den deutschen Beitrag zu den dann jeweils geltenden NATO-Fähigkeitszielen zu gewährleisten.</P></Content></text></textdaten></norm>
<norm builddate="20251006215005" doknr="BJNR103010022BJNE000200000"><metadaten><jurabk>BwFinSVermG</jurabk><enbez>§ 1a</enbez><titel format="XML">Weitere Maßnahmen zur Stärkung der Bündnis- und Verteidigungsfähigkeit</titel></metadaten><textdaten><text format="XML"><Content><P>(1) Unabhängig vom Sondervermögen werden zur Stärkung der Bündnis- und Verteidigungsfähigkeit Maßnahmen zur Cybersicherheit, zum Zivilschutz sowie zur Ertüchtigung und Stabilisierung von Partnern über den Bundeshaushalt finanziert.</P><P>(2) Die Bundesregierung legt eine Strategie zur Stärkung der Sicherheit im Cyber- und Informationsraum vor.</P></Content></text></textdaten></norm>
<norm builddate="20251006215005" doknr="BJNR103010022BJNE000301123"><metadaten><jurabk>BwFinSVermG</jurabk><enbez>§ 2</enbez><titel format="XML">Zweck des Sondervermögens</titel></metadaten><textdaten><text format="XML"><Content><P>Das Sondervermögen hat den Zweck, die Bündnis- und Verteidigungsfähigkeit zu stärken und dazu ab dem Jahr 2022 die Fähigkeitslücken der Bundeswehr zu schließen, um damit auch den deutschen Beitrag zu den geltenden NATO-Fähigkeitszielen gewährleisten zu können. Die Mittel des Sondervermögens sollen der Finanzierung von Ausrüstungsvorhaben der Bundeswehr dienen. Dies umfasst insbesondere bedeutsame Maßnahmen im Bereich der Rüstungsinvestitionen nebst mit diesen zusammenhängender Forschung, Munitionsausgaben, Infrastrukturprojekte sowie Projekte auf den Gebieten der Informationstechnologie, zum Schutz von und zur Sicherstellung des Zugangs zu Schlüsseltechnologie und Logistik für die Bundeswehr.</P></Content></text><fussnoten/></textdaten></norm>
<norm builddate="20251006215005" doknr="BJNR103010022BJNE000400000"><metadaten><jurabk>BwFinSVermG</jurabk><enbez>§ 3</enbez><titel format="XML">Stellung im Rechtsverkehr</titel></metadaten><textdaten><text format="XML"><Content><P>(1) Das Sondervermögen ist nicht rechtsfähig. Es kann unter seinem Namen im Rechtsverkehr handeln, klagen und verklagt werden. Der allgemeine Gerichtsstand des Sondervermögens ist der Sitz der Bundesregierung.</P><P>(2) Das Bundesministerium der Finanzen verwaltet das Sondervermögen. Es kann sich dabei anderer Bundesbehörden oder Dritter bedienen.</P><P>(3) Das Sondervermögen ist von dem übrigen Vermögen des Bundes, seinen Rechten und Verbindlichkeiten zu trennen. Der Bund haftet unmittelbar für die Verbindlichkeiten des Sondervermögens. Das Sondervermögen haftet nicht für die sonstigen Verbindlichkeiten des Bundes.</P></Content></text></textdaten></norm>
<norm builddate="20251006215005" doknr="BJNR103010022BJNE000501123"><metadaten><jurabk>BwFinSVermG</jurabk><enbez>§ 4</enbez><titel format="XML">Kreditermächtigung</titel></metadaten><textdaten><text format="XML"><Content><P>(1) Das Bundesministerium der Finanzen wird ermächtigt, zur Deckung der Ausgaben des Sondervermögens Kredite bis zur Höhe von 100 Milliarden Euro aufzunehmen. Die Kosten der Kreditaufnahme sind vom Sondervermögen zu tragen.</P><P>(2) Für Anschlussfinanzierungen wachsen dem Kreditrahmen nach Absatz 1 die Beträge aus getilgten Krediten wieder zu.</P><P>(3) Auf die Kreditermächtigung ist der Nennwert anzurechnen.</P></Content></text><fussnoten/></textdaten></norm>
<norm builddate="20251006215005" doknr="BJNR103010022BJNE000601123"><metadaten><jurabk>BwFinSVermG</jurabk><enbez>§ 5</enbez><titel format="XML">Wirtschaftsplan, Haushaltsrecht, Mittelverwendung</titel></metadaten><textdaten><text format="XML"><Content><P>(1) Alle Einnahmen und Ausgaben des Sondervermögens werden in einem Wirtschaftsplan veranschlagt. Der Wirtschaftsplan ist in Einnahmen und Ausgaben auszugleichen. Der Wirtschaftsplan für das Jahr 2022 ergibt sich aus der Anlage. Ab dem Wirtschaftsjahr 2023 wird der Wirtschaftsplan dem Haushaltsgesetz als Anlage beigefügt. Er wird ab dem Jahr 2023 zusammen mit dem Haushaltsgesetz festgestellt.</P><P>(2) Die Ausgaben sind übertragbar und bleiben für die jeweilige Zweckbestimmung über das Haushaltsjahr hinaus verfügbar. § 45 Absatz 3 der Bundeshaushaltsordnung ist nicht anwendbar.</P><P>(3) Verträge über Beschaffungsmaßnahmen und Entwicklungsvorhaben sowie Betreiberverträge, die ein Finanzvolumen von 25 Millionen Euro überschreiten, sind dem Haushaltsausschuss des Deutschen Bundestages zur Billigung vorzulegen. Bis zur Billigung des Haushaltsausschusses des Deutschen Bundestages sind Verträge zu der entsprechenden Maßnahme schwebend unwirksam.</P><P>(4) Der Deutsche Bundestag wählt für die Dauer einer Wahlperiode ein Gremium, das aus Mitgliedern des Haushaltsausschusses des Deutschen Bundestages besteht. Der Deutsche Bundestag bestimmt die Zahl der Mitglieder, die Zusammensetzung und die Arbeitsweise. Gewählt ist, wer die Mehrheit der Stimmen der Mitglieder des Deutschen Bundestages auf sich vereint. Scheidet ein Mitglied aus dem Deutschen Bundestag oder seiner Fraktion aus oder wird ein Mitglied zur Bundesministerin oder zum Bundesminister oder zur Parlamentarischen Staatssekretärin oder zum Parlamentarischen Staatssekretär ernannt, so verliert es seine Mitgliedschaft im Gremium. Für ein ausscheidendes Mitglied ist unverzüglich ein neues Mitglied zu wählen.</P><P>(5) Das Gremium wird vom Bundesministerium der Verteidigung über alle Fragen des „Sondervermögens Bundeswehr“ unterrichtet. Das Gremium beschließt über die Hinzuziehung weiterer Teilnehmer.</P><P>(6) Die Mitglieder des Gremiums sind zur Geheimhaltung aller Angelegenheiten verpflichtet, die ihnen bei ihrer Tätigkeit bekannt geworden sind. Dies gilt auch für die Teilnehmerinnen und Teilnehmer an den Sitzungen.</P></Content></text><fussnoten/></textdaten></norm>
<norm builddate="20251006215005" doknr="BJNR103010022BJNE000700000"><metadaten><jurabk>BwFinSVermG</jurabk><enbez>§ 6</enbez><titel format="XML">Jahresrechnung</titel></metadaten><textdaten><text format="XML"><Content><P>Das Bundesministerium der Finanzen legt jährlich zum Stichtag 31. Dezember Rechnung über die Einnahmen und Ausgaben sowie über das Vermögen und die Schulden des Sondervermögens. Die Rechnungen sind als Übersichten der Haushaltsrechnung des Bundes beizufügen.</P></Content></text></textdaten></norm>
<norm builddate="20251006215005" doknr="BJNR103010022BJNE000800000"><metadaten><jurabk>BwFinSVermG</jurabk><enbez>§ 7</enbez><titel format="XML">Verwaltungskosten</titel></metadaten><textdaten><text format="XML"><Content><P>Die Kosten für die Verwaltung des Sondervermögens trägt der Bund.</P></Content></text></textdaten></norm>
<norm builddate="20251006215005" doknr="BJNR103010022BJNE000900000"><metadaten><jurabk>BwFinSVermG</jurabk><enbez>§ 8</enbez><titel format="XML">Auflösung, Tilgungsplan</titel></metadaten><textdaten><text format="XML"><Content><P>(1) Das Sondervermögen gilt am 31. Dezember des Jahres als aufgelöst, in dem der Kreditrahmen nach § 4 vollständig ausgeschöpft wurde. Verbleibendes Vermögen fällt dem Bund zu. Verbleibende Schulden des Sondervermögens werden in die allgemeine Bundesschuld integriert.</P><P>(2) Nach vollständiger Inanspruchnahme der Kreditermächtigung im Sondervermögen, spätestens ab dem 1. Januar 2031, sind die vom Sondervermögen aufgenommenen Kredite innerhalb eines angemessenen Zeitraums zurückzuführen.</P></Content></text></textdaten></norm>
<norm builddate="20251006215005" doknr="BJNR103010022BJNE001000000"><metadaten><jurabk>BwFinSVermG</jurabk><enbez>Anlage</enbez><titel format="XML">(zu § 5 Absatz 1)<BR/>Wirtschaftsplan 2022 des „Sondervermögens Bundeswehr“</titel></metadaten><textdaten><text format="XML"><Content><P><noindex><kommentar typ="Fundstelle">(Fundstelle: BGBl. I 2022, 1032 - 1034)</kommentar></noindex></P><P Class="S0"><B><SP>Vorbemerkung</SP></B></P><P Class="S0"><B>Wesentliche finanzwirksame Schwerpunkte des Kapitels</B></P><P Class="S0">Veranschlagt sind die Einnahmen und Ausgaben des Bundes aus den Maßnahmen des Gesetzes zur Finanzierung der Bundeswehr und zur Errichtung eines „Sondervermögens Bundeswehr“. Mit den Maßnahmen des Wirtschaftsplans sollen bedeutsame Ausrüstungsvorhaben, insbesondere komplexe überjährige militärische Beschaffungen gesichert finanziert werden.</P><P Class="S0"><B>Wesentliche Ziele, die mit den veranschlagten Mitteln erreicht werden sollen</B></P><P Class="S0">Mit dem „Sondervermögen Bundeswehr“ soll sichergestellt werden, dass die Streitkräfte mit notwendigem Material ausgestattet werden, um ihren Verteidigungsauftrag erfüllen zu können.<BR/><table frame="top" pgwide="1" tabstyle="Zweckbestimmung" tocentry="%yes;"><tgroup align="left" char="" charoff="50" cols="6"><colspec colname="col1" colnum="1" colsep="0" colwidth="65*"/><colspec align="right" colname="col2" colnum="2" colsep="0" colwidth="20*"/><colspec align="right" colname="col3" colnum="3" colsep="0" colwidth="20*"/><colspec align="right" colname="col4" colnum="4" colsep="0" colwidth="20*"/><colspec align="right" colname="col5" colnum="5" colsep="0" colwidth="20*"/><colspec align="right" colname="col6" colnum="6" colwidth="15*"/><thead valign="bottom"><row rowsep="0"><entry VJ="1" align="center" colname="col1" colsep="1" rowsep="1" valign="middle">Überblick zur Anlage<BR/> „Sondervermögen Bundeswehr“</entry><entry VJ="1" align="center" colname="col2" colsep="1" rowsep="1" valign="middle">Soll<BR/> 2022<BR/> 1 000 €</entry><entry VJ="1" align="center" colname="col3" colsep="1" rowsep="1" valign="middle">Soll<BR/> 2021<BR/> 1 000 €</entry><entry VJ="1" align="center" colname="col4" colsep="1" rowsep="1" valign="middle">Veränderung<BR/> gegenüber<BR/> 2021<BR/> 1 000 €</entry><entry VJ="1" align="center" colname="col5" colsep="1" rowsep="1" valign="middle">Ausgabereste 2021<BR/> 1 000 €</entry><entry VJ="1" align="center" colname="col6" rowsep="1" valign="middle">Ist<BR/>2020<BR/> 1 000 €</entry></row></thead><tbody valign="top"><row rowsep="0"><entry VJ="1" nameend="col6" namest="col1"><B>Einnahmen</B></entry></row><row rowsep="0"><entry VJ="1" colname="col1">Übrige Einnahmen<Split Leader="1"/></entry><entry VJ="1" colname="col2" rowsep="1">90 000</entry><entry VJ="1" colname="col3" rowsep="1"/><entry VJ="1" colname="col4" rowsep="1"/><entry VJ="1" colname="col5"/><entry VJ="1" colname="col6"/></row><row rowsep="0"><entry VJ="1" colname="col1">Gesamteinnahmen<Split Leader="1"/></entry><entry VJ="1" colname="col2">90 000</entry><entry VJ="1" colname="col3"/><entry VJ="1" colname="col4"/><entry VJ="1" colname="col5"/><entry VJ="1" colname="col6"/></row><row rowsep="0"><entry VJ="1" colname="col1"><B>Ausgaben</B></entry><entry VJ="1" colname="col2"/><entry VJ="1" colname="col3"/><entry VJ="1" colname="col4"/><entry VJ="1" colname="col5"/><entry VJ="1" colname="col6"/></row><row rowsep="0"><entry VJ="1" colname="col1">Militärische Beschaffungen, Anlagen usw.<Split Leader="1"/></entry><entry VJ="1" colname="col2">90 000</entry><entry VJ="1" colname="col3"/><entry VJ="1" colname="col4"/><entry VJ="1" colname="col5"/><entry VJ="1" colname="col6"/></row><row rowsep="0"><entry VJ="1" colname="col1">Ausgaben für Investitionen<Split Leader="1"/></entry><entry VJ="1" colname="col2">–</entry><entry VJ="1" colname="col3"/><entry VJ="1" colname="col4"/><entry VJ="1" colname="col5"/><entry VJ="1" colname="col6"/></row><row rowsep="0"><entry VJ="1" colname="col1">Besondere Finanzierungsausgaben<Split Leader="1"/></entry><entry VJ="1" colname="col2" rowsep="1">–</entry><entry VJ="1" colname="col3" rowsep="1"/><entry VJ="1" colname="col4" rowsep="1"/><entry VJ="1" colname="col5" rowsep="1"/><entry VJ="1" colname="col6" rowsep="1"/></row><row rowsep="0"><entry VJ="1" colname="col1">Gesamtausgaben<Split Leader="1"/></entry><entry VJ="1" colname="col2">90 000</entry><entry VJ="1" colname="col3"/><entry VJ="1" colname="col4"/><entry VJ="1" colname="col5"/><entry VJ="1" colname="col6"/></row><row rowsep="0"><entry VJ="1" colname="col1">davon nicht flexibilisiert<Split Leader="1"/></entry><entry VJ="1" colname="col2">90 000</entry><entry VJ="1" colname="col3"/><entry VJ="1" colname="col4"/><entry VJ="1" colname="col5"/><entry VJ="1" colname="col6"/></row><row rowsep="0"><entry VJ="1" colname="col1"><B>Verpflichtungsermächtigung im<BR/>Wirtschaftsplan 2022 für künftige Jahre</B></entry><entry VJ="1" colname="col2"><BR/> 81 910 000</entry><entry VJ="1" colname="col3"/><entry VJ="1" colname="col4"/><entry VJ="1" colname="col5"/><entry VJ="1" colname="col6"/></row><row rowsep="0"><entry VJ="1" colname="col1">Erläuterung:</entry><entry VJ="1" colname="col2"/><entry VJ="1" colname="col3"/><entry VJ="1" colname="col4"/><entry VJ="1" colname="col5"/><entry VJ="1" colname="col6"/></row><row><entry VJ="1" align="justify" colname="col1">Die <I>kursiv</I> gekennzeichneten Vorhaben sind derzeit im Einzelplan 14 abgebildet. Sie werden teilweise erweitert und ab dem Haushaltsjahr 2023 in das Sondervermögen überführt.<BR/> Vor diesem Hintergrund sind Verpflichtungsermächtigungen in Höhe von nur 81,91 Mrd. Euro vorzusehen.</entry><entry VJ="1" colname="col2"/><entry VJ="1" colname="col3"/><entry VJ="1" colname="col4"/><entry VJ="1" colname="col5"/><entry VJ="1" colname="col6"/></row></tbody></tgroup></table><BR/><BR/><table frame="top" pgwide="1" tabstyle="Zweckbestimmung" tocentry="%yes;"><tgroup align="left" char="" charoff="50" cols="6"><colspec align="left" colname="col1" colnum="1" colsep="0" colwidth="1.2*"/><colspec align="justify" colname="col2" colnum="2" colsep="0" colwidth="5.6*"/><colspec align="right" colname="col3" colnum="3" colsep="0" colwidth="1.7*"/><colspec align="right" colname="col4" colnum="4" colsep="0" colwidth="1.2*"/><colspec align="right" colname="col5" colnum="5" colsep="0" colwidth="1.2*"/><colspec align="right" colname="col6" colnum="6" colwidth="1.2*"/><thead valign="bottom"><row rowsep="0"><entry VJ="1" align="center" colname="col1" colsep="1" rowsep="1" valign="middle">Titel<BR/> Funktion</entry><entry VJ="1" align="center" colsep="1" nameend="col3" namest="col2" rowsep="1" valign="middle"><SP>Zweckbestimmung</SP></entry><entry VJ="1" align="center" colname="col4" colsep="1" rowsep="1" valign="middle">Soll<BR/> 2022<BR/> 1 000 €</entry><entry VJ="1" align="center" colname="col5" colsep="1" rowsep="1" valign="middle">Soll 2021<BR/><I>Reste 2021</I><BR/> 1 000 €</entry><entry VJ="1" align="center" colname="col6" rowsep="1" valign="middle">Ist<BR/>2020<BR/> 1 000 €</entry></row></thead><tbody valign="top"><row rowsep="0"><entry VJ="1" colname="col1"/><entry VJ="1" nameend="col3" namest="col2"><B>Übrige Einnahmen</B></entry><entry VJ="1" colname="col4"/><entry VJ="1" colname="col5"/><entry VJ="1" align="right" colname="col6"/></row><row rowsep="0"><entry VJ="1" colname="col1">119 99</entry><entry VJ="1" nameend="col3" namest="col2">Vermischte Einnahmen</entry><entry VJ="1" colname="col4">–</entry><entry VJ="1" colname="col5"/><entry VJ="1" align="right" colname="col6"/></row><row rowsep="0"><entry VJ="1" colname="col1">325 01<BR/> -830</entry><entry VJ="1" nameend="col3" namest="col2">Einnahmen aus Krediten vom Kreditmarkt</entry><entry VJ="1" colname="col4">90 000</entry><entry VJ="1" colname="col5"/><entry VJ="1" align="right" colname="col6"/></row><row rowsep="0"><entry VJ="1" colname="col1"/><entry VJ="1" nameend="col3" namest="col2"><B>Ausgaben</B></entry><entry VJ="1" colname="col4"/><entry VJ="1" colname="col5"/><entry VJ="1" align="right" colname="col6"/></row><row rowsep="0"><entry VJ="1" colname="col1"/><entry VJ="1" nameend="col3" namest="col2">Haushaltsvermerk: <DL Font="normal" Type="arabic"><DT>1.</DT><DD Font="normal"><LA Size="normal">Die Ausgaben sind übertragbar.<BR/> § 45 Abs. 3 BHO ist nicht anzuwenden.</LA></DD><DT>2.</DT><DD Font="normal"><LA Size="normal">Alle Ausgabetitel sind zu Titel <NB>575 01</NB> einseitig deckungsfähig.</LA></DD><DT>3.</DT><DD Font="normal"><LA Size="normal">Für Beschaffungsvorhaben, die nicht bei den jeweiligen Titeln vorgesehen sind, dürfen Ausgaben und Verpflichtungsermächtigungen nur mit Einwilligung des Haushaltsausschusses des Deutschen Bundestages in Anspruch genommen werden.</LA></DD></DL></entry><entry VJ="1" colname="col4"/><entry VJ="1" colname="col5"/><entry VJ="1" colname="col6"/></row><row rowsep="0"><entry VJ="1" colname="col1"/><entry VJ="1" nameend="col3" namest="col2"><B>Wehrtechnische Forschung und Technologie</B></entry><entry VJ="1" colname="col4"/><entry VJ="1" colname="col5"/><entry VJ="1" colname="col6"/></row><row rowsep="0"><entry VJ="1" colname="col1">551 01<BR/> -036</entry><entry VJ="1" nameend="col3" namest="col2">Forschung, Entwicklung und Künstliche Intelligenz</entry><entry VJ="1" colname="col4">5 000</entry><entry VJ="1" colname="col5"/><entry VJ="1" colname="col6"/></row><row rowsep="0"><entry VJ="1" colname="col1"/><entry VJ="1" nameend="col3" namest="col2">Verpflichtungsermächtigung<BR/> fällig in künftigen Haushaltsjahren<Split Leader="1"/> 422 000 T€</entry><entry VJ="1" colname="col4"/><entry VJ="1" colname="col5"/><entry VJ="1" colname="col6"/></row><row rowsep="0"><entry VJ="1" colname="col1"/><entry VJ="1" nameend="col3" namest="col2">Erläuterungen:</entry><entry VJ="1" colname="col4"/><entry VJ="1" colname="col5"/><entry VJ="1" colname="col6"/></row><row rowsep="0"><entry VJ="1" colname="col1"/><entry VJ="1" nameend="col3" namest="col2">Veranschlagt sind die Vorhaben: <DL Font="normal" Type="alpha"><DT>a)</DT><DD Font="normal"><LA Size="normal">Land- und seegebundene robuste Navigation unter NAVWAR Bedingungen (LaSeRoNN)</LA></DD><DT>b)</DT><DD Font="normal"><LA Size="normal">Mobile robuste Navigation unter NAVWAR Bedingungen (MobiRoNN)</LA></DD><DT>c)</DT><DD Font="normal"><LA Size="normal">Überwachung und Sicherung großer Räume mittels KI</LA></DD></DL></entry><entry VJ="1" colname="col4"/><entry VJ="1" colname="col5"/><entry VJ="1" colname="col6"/></row><row rowsep="0"><entry VJ="1" colname="col1"/><entry VJ="1" nameend="col3" namest="col2"><B>Militärische Beschaffungen</B></entry><entry VJ="1" colname="col4"/><entry VJ="1" colname="col5"/><entry VJ="1" colname="col6"/></row><row rowsep="0"><entry VJ="1" colname="col1">554 03<BR/> -032</entry><entry VJ="1" nameend="col3" namest="col2">Beschaffung von Bekleidung und persönlicher Ausrüstung</entry><entry VJ="1" colname="col4">45 000</entry><entry VJ="1" colname="col5"/><entry VJ="1" colname="col6"/></row><row rowsep="0"><entry VJ="1" colname="col1"/><entry VJ="1" nameend="col3" namest="col2">Verpflichtungsermächtigung<BR/> fällig in künftigen Haushaltsjahren<Split Leader="1"/> 1 932 000 T€</entry><entry VJ="1" colname="col4"/><entry VJ="1" colname="col5"/><entry VJ="1" colname="col6"/></row><row rowsep="0"><entry VJ="1" colname="col1"/><entry VJ="1" nameend="col3" namest="col2">Erläuterungen:</entry><entry VJ="1" colname="col4"/><entry VJ="1" colname="col5"/><entry VJ="1" colname="col6"/></row><row rowsep="0"><entry VJ="1" colname="col1"/><entry VJ="1" nameend="col3" namest="col2">Veranschlagt sind die Vorhaben: <DL Font="normal" Type="alpha"><DT>a)</DT><DD Font="normal"><LA Size="normal">Sprechsätze mit Gehörschutz im Zusammenhang mit dem Gefechtshelm</LA></DD><DT>b)</DT><DD Font="normal"><LA Size="normal">Kampfschuhsystem Streitkräfte (KSS SK)</LA></DD><DT>c)</DT><DD Font="normal"><LA Size="normal"><I>Nachtsichtgeräte</I></LA></DD><DT>d)</DT><DD Font="normal"><LA Size="normal">Infanterist der Zukunft (IDZ ES) VJTF-Standard</LA></DD></DL></entry><entry VJ="1" colname="col4"/><entry VJ="1" colname="col5"/><entry VJ="1" colname="col6"/></row><row rowsep="0"><entry VJ="1" colname="col1"/><entry VJ="1" nameend="col3" namest="col2">Das <I>kursiv</I> gekennzeichnete Vorhaben ist derzeit im Einzelplan 14 abgebildet. Es wird ab dem Haushaltsjahr 2023 in das Sondervermögen überführt.</entry><entry VJ="1" colname="col4"/><entry VJ="1" colname="col5"/><entry VJ="1" colname="col6"/></row><row rowsep="0"><entry VJ="1" colname="col1">554 05<BR/> -032</entry><entry VJ="1" nameend="col3" namest="col2">Beschaffung Dimension Führungsfähigkeit/Digitalisierung</entry><entry VJ="1" colname="col4">10 000</entry><entry VJ="1" colname="col5"/><entry VJ="1" colname="col6"/></row><row rowsep="0"><entry VJ="1" colname="col1"/><entry VJ="1" nameend="col3" namest="col2">Verpflichtungsermächtigung<BR/> fällig in künftigen Haushaltsjahren<Split Leader="1"/> 20 742 000 T€</entry><entry VJ="1" colname="col4"/><entry VJ="1" colname="col5"/><entry VJ="1" colname="col6"/></row><row rowsep="0"><entry VJ="1" colname="col1"/><entry VJ="1" nameend="col3" namest="col2">Erläuterungen:</entry><entry VJ="1" colname="col4"/><entry VJ="1" colname="col5"/><entry VJ="1" colname="col6"/></row><row rowsep="0"><entry VJ="1" colname="col1"/><entry VJ="1" nameend="col3" namest="col2">Veranschlagt sind die Vorhaben: <DL Font="normal" Type="alpha"><DT>a)</DT><DD Font="normal"><LA Size="normal">Digitalisierung landbasierter Operationen (DLBO)-Basic</LA></DD><DT>b)</DT><DD Font="normal"><LA Size="normal">DLBO (Battle Management System, Gefechtsstände, Funkgeräte)</LA></DD><DT>c)</DT><DD Font="normal"><LA Size="normal">Taktisches Wide Area Network (TAWAN), erster Anteil</LA></DD><DT>d)</DT><DD Font="normal"><LA Size="normal">Rechenzentrumsverbund</LA></DD><DT>e)</DT><DD Font="normal"><LA Size="normal">Satellitenkommunikation (SATCOMBw) Stufe 2 und Stufe 3</LA></DD><DT>f)</DT><DD Font="normal"><LA Size="normal">German Mission Network 1 (Vernetzung der Bw verlegefähig)</LA></DD><DT>g)</DT><DD Font="normal"><LA Size="normal">German Mission Network 2 (Erhalt der Führungsfähigkeit Marine)</LA></DD><DT>h)</DT><DD Font="normal"><LA Size="normal">Funkgeräte PRC-117G</LA></DD></DL></entry><entry VJ="1" colname="col4"/><entry VJ="1" colname="col5"/><entry VJ="1" colname="col6"/></row><row rowsep="0"><entry VJ="1" colname="col1">554 07<BR/> -032</entry><entry VJ="1" nameend="col3" namest="col2">Beschaffung Dimension Land</entry><entry VJ="1" colname="col4">10 000</entry><entry VJ="1" colname="col5"/><entry VJ="1" colname="col6"/></row><row rowsep="0"><entry VJ="1" colname="col1"/><entry VJ="1" nameend="col3" namest="col2">Verpflichtungsermächtigung<BR/> fällig in künftigen Haushaltsjahren<Split Leader="1"/> 16 600 000 T€</entry><entry VJ="1" colname="col4"/><entry VJ="1" colname="col5"/><entry VJ="1" colname="col6"/></row><row rowsep="0"><entry VJ="1" colname="col1"/><entry VJ="1" nameend="col3" namest="col2">Erläuterungen:</entry><entry VJ="1" colname="col4"/><entry VJ="1" colname="col5"/><entry VJ="1" colname="col6"/></row><row rowsep="0"><entry VJ="1" colname="col1"/><entry VJ="1" nameend="col3" namest="col2">Veranschlagt sind die Vorhaben: <DL Font="normal" Type="alpha"><DT>a)</DT><DD Font="normal"><LA Size="normal">Optionsauslösung konsolidierte Nachrüstung aller restlichen PUMA 1. Los</LA></DD><DT>b)</DT><DD Font="normal"><LA Size="normal">Nachfolge Schützenpanzer MARDER</LA></DD><DT>c)</DT><DD Font="normal"><LA Size="normal">Schwerer Waffenträger Infanterie</LA></DD><DT>d)</DT><DD Font="normal"><LA Size="normal">Nachfolge Überschneefahrzeuge BV 206</LA></DD><DT>e)</DT><DD Font="normal"><LA Size="normal">Nachfolge luftverlegbare Fahrzeuge/Luftlandeplattformen (DEU/NLD)</LA></DD><DT>f)</DT><DD Font="normal"><LA Size="normal">Nachfolge TPz Fuchs</LA></DD><DT>g)</DT><DD Font="normal"><LA Size="normal">Main Ground Combat System</LA></DD><DT>h)</DT><DD Font="normal"><LA Size="normal">Sanitätsausstattung (Role 2b geschützt hoch mobil, Luftlanderettungszentrum leicht, Luftlanderettungszentrum Spezialeinsatz)</LA></DD></DL></entry><entry VJ="1" colname="col4"/><entry VJ="1" colname="col5"/><entry VJ="1" colname="col6"/></row><row rowsep="0"><entry VJ="1" colname="col1">554 12<BR/> -032</entry><entry VJ="1" nameend="col3" namest="col2">Beschaffung Dimension See</entry><entry VJ="1" colname="col4">10 000</entry><entry VJ="1" colname="col5"/><entry VJ="1" colname="col6"/></row><row rowsep="0"><entry VJ="1" colname="col1"/><entry VJ="1" nameend="col3" namest="col2">Verpflichtungsermächtigung<BR/> fällig in künftigen Haushaltsjahren<Split Leader="1"/> 8 806 000 T€</entry><entry VJ="1" colname="col4"/><entry VJ="1" colname="col5"/><entry VJ="1" colname="col6"/></row><row rowsep="0"><entry VJ="1" colname="col1"/><entry VJ="1" nameend="col3" namest="col2">Erläuterungen:</entry><entry VJ="1" colname="col4"/><entry VJ="1" colname="col5"/><entry VJ="1" colname="col6"/></row><row rowsep="0"><entry VJ="1" colname="col1"/><entry VJ="1" nameend="col3" namest="col2">Veranschlagt sind die Vorhaben: <DL Font="normal" Type="alpha"><DT>a)</DT><DD Font="normal"><LA Size="normal"><I>Korvette 130</I></LA></DD><DT>b)</DT><DD Font="normal"><LA Size="normal"><I>Fregatte 126</I></LA></DD><DT>c)</DT><DD Font="normal"><LA Size="normal">Future Naval Strike Missile (FNSM)</LA></DD><DT>d)</DT><DD Font="normal"><LA Size="normal">U-Boot Flugabwehrflugkörper (IDAS)</LA></DD><DT>e)</DT><DD Font="normal"><LA Size="normal">Unterwasserortung (SONIX)</LA></DD><DT>f)</DT><DD Font="normal"><LA Size="normal">Mehrzweckkampfboote</LA></DD><DT>g)</DT><DD Font="normal"><LA Size="normal"><I>Nachfolge Festrumpfschlauchboot (RHIB) 1010</I></LA></DD><DT>h)</DT><DD Font="normal"><LA Size="normal"><I>U 212 CD</I></LA></DD></DL></entry><entry VJ="1" colname="col4"/><entry VJ="1" colname="col5"/><entry VJ="1" colname="col6"/></row><row rowsep="0"><entry VJ="1" colname="col1"/><entry VJ="1" nameend="col3" namest="col2">Die <I>kursiv</I> gekennzeichneten Vorhaben sind derzeit im Einzelplan 14 abgebildet. Sie werden teilweise erweitert und ab dem Haushaltsjahr 2023 in das Sondervermögen überführt.</entry><entry VJ="1" colname="col4"/><entry VJ="1" colname="col5"/><entry VJ="1" colname="col6"/></row><row rowsep="0"><entry VJ="1" colname="col1">554 13<BR/> -036</entry><entry VJ="1" nameend="col3" namest="col2">Beschaffung Dimension Luft</entry><entry VJ="1" colname="col4">10 000</entry><entry VJ="1" colname="col5"/><entry VJ="1" colname="col6"/></row><row rowsep="0"><entry VJ="1" colname="col1"/><entry VJ="1" nameend="col3" namest="col2">Verpflichtungsermächtigung<BR/> fällig in künftigen Haushaltsjahren<Split Leader="1"/> 33 408 000 T€</entry><entry VJ="1" colname="col4"/><entry VJ="1" colname="col5"/><entry VJ="1" colname="col6"/></row><row rowsep="0"><entry VJ="1" colname="col1"/><entry VJ="1" nameend="col3" namest="col2">Erläuterungen:</entry><entry VJ="1" colname="col4"/><entry VJ="1" colname="col5"/><entry VJ="1" colname="col6"/></row><row rowsep="0"><entry VJ="1" colname="col1"/><entry VJ="1" nameend="col3" namest="col2">Veranschlagt sind die Vorhaben: <DL Font="normal" Type="alpha"><DT>a)</DT><DD Font="normal"><LA Size="normal">Entwicklung und Kauf EUROFIGHTER ECR</LA></DD><DT>b)</DT><DD Font="normal"><LA Size="normal">Nachfolge TORNADO, Anteil Beschaffung F-35 inkl. Bewaffnung</LA></DD><DT>c)</DT><DD Font="normal"><LA Size="normal">Beschaffung schwerer Transporthubschrauber</LA></DD><DT>d)</DT><DD Font="normal"><LA Size="normal">Leichter Unterstützungshubschrauber (LUH)</LA></DD><DT>e)</DT><DD Font="normal"><LA Size="normal">Bodengebundene Luftverteidigung (Nah- und Nächstbereich, Fähigkeitserhalt Patriot, mittlere und große Reichweite)</LA></DD><DT>f)</DT><DD Font="normal"><LA Size="normal">Weltraumbasiertes Frühwarnsystem (TWISTER) EVF</LA></DD><DT>g)</DT><DD Font="normal"><LA Size="normal">Beschaffung weiterer Seefernaufklärer</LA></DD><DT>h)</DT><DD Font="normal"><LA Size="normal"><I>Future Combat Air System (FCAS)</I></LA></DD><DT>i)</DT><DD Font="normal"><LA Size="normal">Bewaffnung HERON TP</LA></DD><DT>j)</DT><DD Font="normal"><LA Size="normal">Luftlageführungssysteme, diverse Radare</LA></DD><DT>k)</DT><DD Font="normal"><LA Size="normal">System Weltraumüberwachung und Lagezentrum mit Ausbaustufe 2</LA></DD></DL></entry><entry VJ="1" colname="col4"/><entry VJ="1" colname="col5"/><entry VJ="1" colname="col6"/></row><row rowsep="0"><entry VJ="1" colname="col1"/><entry VJ="1" nameend="col3" namest="col2">Das <I>kursiv</I> gekennzeichnete Vorhaben ist derzeit im Einzelplan 14 abgebildet. Es wird ab dem Haushaltsjahr 2023 in das Sondervermögen überführt.</entry><entry VJ="1" colname="col4"/><entry VJ="1" colname="col5"/><entry VJ="1" colname="col6"/></row><row rowsep="0"><entry VJ="1" colname="col1">575 01</entry><entry VJ="1" nameend="col3" namest="col2">Zinsen für Kreditaufnahmen am Geld- und Kapitalmarkt</entry><entry VJ="1" colname="col4"/><entry VJ="1" colname="col5"/><entry VJ="1" colname="col6"/></row><row><entry VJ="1" colname="col1"/><entry VJ="1" colname="col2"/><entry VJ="1" align="justify" colname="col3"/><entry VJ="1" colname="col4"/><entry VJ="1" colname="col5"/><entry VJ="1" colname="col6"/></row></tbody></tgroup></table></P></Content></text></textdaten></norm>
</dokumente>