<?xml version="1.0" encoding="UTF-8" ?><!DOCTYPE dokumente SYSTEM "http://www.gesetze-im-internet.de/dtd/1.01/gii-norm.dtd">
<dokumente builddate="20120625152751" doknr="BJNR070720007"><norm builddate="20120625152751" doknr="BJNR070720007"><metadaten><jurabk>DopingÜbkZProt</jurabk><ausfertigung-datum manuell="ja">2002-09-12</ausfertigung-datum><fundstelle typ="amtlich"><periodikum>BGBl II</periodikum><zitstelle>2007, 707</zitstelle></fundstelle><langue>Zusatzprotokoll zum Übereinkommen gegen Doping</langue></metadaten><textdaten><fussnoten><Content><P>G v. 16.5.2007 II 706</P><P><BR/> In Kraft gem. Bek. v. 22.5.2008 II 571 mWv. 1.5.2008</P></Content></fussnoten></textdaten></norm>
</dokumente>