<?xml version="1.0" encoding="UTF-8" ?><!DOCTYPE dokumente SYSTEM "http://www.gesetze-im-internet.de/dtd/1.01/gii-norm.dtd">
<dokumente builddate="20240331214113" doknr="BJNR324300013"><norm builddate="20240331214113" doknr="BJNR324300013"><metadaten><jurabk>BMVBSDelegatAnO 2013</jurabk><amtabk>BMVBSDelegatAnO</amtabk><ausfertigung-datum manuell="ja">2013-08-06</ausfertigung-datum><fundstelle typ="amtlich"><periodikum>BGBl I</periodikum><zitstelle>2013, 3243</zitstelle></fundstelle><kurzue>BMVBS-Delegationsanordnung</kurzue><langue>Anordnung über die Übertragung beamtenrechtlicher Zuständigkeiten im Geschäftsbereich des Bundesministeriums für Verkehr, Bau und Stadtentwicklung</langue><standangabe checked="ja"><standtyp>Stand</standtyp><standkommentar>Geändert durch § 6 Satz 2 AnO v. 26.2.2024 I Nr. 73</standkommentar></standangabe></metadaten><textdaten><fussnoten><Content><P><BR/> <pre xml:space="preserve">(+++ Textnachweis ab: 15.8.2013 +++)<BR/><BR/></pre></P></Content></fussnoten></textdaten></norm>
<norm builddate="20240331214113" doknr="BJNR324300013BJNE000100000"><metadaten><jurabk>BMVBSDelegatAnO 2013</jurabk><jurabk>BMVBSDelegatAnO</jurabk><enbez>Eingangsformel</enbez></metadaten><textdaten><text format="XML"><Content><P>Nach § 33 Absatz 5, § 34 Absatz 2 Satz 2, § 42 Absatz 1 Satz 2 und § 84 Satz 2 des Bundesdisziplinargesetzes vom 9. Juli 2001 (BGBl. I S. 1510) sowie nach § 126 Absatz 3 Satz 2 und § 127 Absatz 3 Satz 1 des Bundesbeamtengesetzes vom 5. Februar 2009 (BGBl. I S. 160) ordnet das Bundesministerium für Verkehr, Bau und Stadtentwicklung an:</P></Content></text></textdaten></norm>
<norm builddate="20240331214113" doknr="BJNR324300013BJNE000200000"><metadaten><jurabk>BMVBSDelegatAnO 2013</jurabk><jurabk>BMVBSDelegatAnO</jurabk><enbez>§ 1</enbez><titel format="XML">Übertragung von Zuständigkeiten auf dem Gebiet des Disziplinarrechts</titel></metadaten><textdaten><text format="XML"><Content><P>(1) Der Leiterin oder dem Leiter des Deutschen Wetterdienstes werden für ihren oder seinen Geschäftsbereich übertragen: <DL Type="arabic"><DT>1.</DT><DD Font="normal"><LA>gegenüber Beamtinnen und Beamten der Besoldungsgruppen A 2 bis A 16, C 2, C 3 und W 2: <DL Type="alpha"><DT>a)</DT><DD Font="normal"><LA>die Befugnis, Kürzungen der Dienstbezüge bis zum Höchstmaß festzusetzen,</LA></DD><DT>b)</DT><DD Font="normal"><LA>die Befugnis, Disziplinarklage zu erheben, und</LA></DD><DT>c)</DT><DD Font="normal"><LA>die Zuständigkeit für den Erlass des Widerspruchsbescheids,</LA></DD></DL></LA></DD><DT>2.</DT><DD Font="normal"><LA>die Disziplinarbefugnisse gegenüber Ruhestandsbeamtinnen und Ruhestandsbeamten der Besoldungsgruppen A 2 bis A 16, C 2, C 3 und W 2.</LA></DD></DL></P><P>(2) Den Leiterinnen und Leitern der übrigen nachgeordneten Behörden werden für den jeweiligen Geschäftsbereich übertragen: <DL Type="arabic"><DT>1.</DT><DD Font="normal"><LA>gegenüber Beamtinnen und Beamten der Besoldungsgruppen A 2 bis A 16: <DL Type="alpha"><DT>a)</DT><DD Font="normal"><LA>die Befugnis, Kürzungen der Dienstbezüge bis zum Höchstmaß festzusetzen,</LA></DD><DT>b)</DT><DD Font="normal"><LA>die Befugnis, Disziplinarklage zu erheben, und</LA></DD><DT>c)</DT><DD Font="normal"><LA>die Zuständigkeit für den Erlass des Widerspruchsbescheids,</LA></DD></DL></LA></DD><DT>2.</DT><DD Font="normal"><LA>die Disziplinarbefugnisse gegenüber Ruhestandsbeamtinnen und Ruhestandsbeamten der Besoldungsgruppen A 2 bis A 16.</LA></DD></DL>Satz 1 gilt nicht für die DFS Deutsche Flugsicherung GmbH.</P></Content></text></textdaten></norm>
<norm builddate="20240331214113" doknr="BJNR324300013BJNE000300000"><metadaten><jurabk>BMVBSDelegatAnO 2013</jurabk><jurabk>BMVBSDelegatAnO</jurabk><enbez>§ 2</enbez><titel format="XML">Übertragung von Zuständigkeiten in Widerspruchsverfahren in beamtenrechtlichen Angelegenheiten</titel></metadaten><textdaten><text format="XML"><Content><P>(1) Der DFS Deutsche Flugsicherung GmbH wird die Zuständigkeit für die Entscheidung über Widersprüche der bei ihr tätigen Beamtinnen und Beamten des Luftfahrt-Bundesamts gegen von ihr getroffene beamtenrechtliche Maßnahmen übertragen.</P><P>(2) Den übrigen nachgeordneten Behörden wird für den jeweiligen Geschäftsbereich die Zuständigkeit für die Entscheidung über Widersprüche gegen von ihnen getroffene beamtenrechtliche Maßnahmen übertragen.</P></Content></text></textdaten></norm>
<norm builddate="20240331214113" doknr="BJNR324300013BJNE000400000"><metadaten><jurabk>BMVBSDelegatAnO 2013</jurabk><jurabk>BMVBSDelegatAnO</jurabk><enbez>§ 3</enbez><titel format="XML">Vertretung bei Klagen aus dem Beamtenverhältnis</titel></metadaten><textdaten><text format="XML"><Content><P>Die Vertretung des Dienstherrn bei Klagen aus dem Beamtenverhältnis wird den in § 2 Absatz 2 genannten Behörden übertragen, soweit sie nach dieser Anordnung für die Entscheidung über Widersprüche zuständig sind.</P></Content></text></textdaten></norm>
<norm builddate="20240331214113" doknr="BJNR324300013BJNE000501311"><metadaten><jurabk>BMVBSDelegatAnO 2013</jurabk><jurabk>BMVBSDelegatAnO</jurabk><enbez>§ 4</enbez><titel format="XML">(weggefallen)</titel></metadaten><textdaten><text format="XML"><Content><P>-</P></Content></text><fussnoten/></textdaten></norm>
<norm builddate="20240331214113" doknr="BJNR324300013BJNE000601311"><metadaten><jurabk>BMVBSDelegatAnO 2013</jurabk><jurabk>BMVBSDelegatAnO</jurabk><enbez>§ 5</enbez><titel format="XML">(weggefallen)</titel></metadaten><textdaten><text format="XML"><Content><P>-</P></Content></text><fussnoten/></textdaten></norm>
<norm builddate="20240331214113" doknr="BJNR324300013BJNE000701311"><metadaten><jurabk>BMVBSDelegatAnO 2013</jurabk><jurabk>BMVBSDelegatAnO</jurabk><enbez>§ 6</enbez><titel format="XML">(weggefallen)</titel></metadaten><textdaten><text format="XML"><Content><P>-</P></Content></text><fussnoten/></textdaten></norm>
</dokumente>