<?xml version="1.0" encoding="UTF-8" ?><!DOCTYPE dokumente SYSTEM "http://www.gesetze-im-internet.de/dtd/1.01/gii-norm.dtd">
<dokumente builddate="20120625154329" doknr="BJNR328630006"><norm builddate="20120625154329" doknr="BJNR328630006"><metadaten><jurabk>BGL 2007</jurabk><amtabk>BGL 2007</amtabk><ausfertigung-datum manuell="ja">2006-12-21</ausfertigung-datum><fundstelle typ="amtlich"><periodikum>BGBl I</periodikum><zitstelle>2006, 3286</zitstelle></fundstelle><kurzue>Beitragsgesetz-Landwirtschaft 2007</kurzue><langue>Gesetz zur Bestimmung der
Beiträge und Beitragszuschüsse
in der Alterssicherung der Landwirte für 2007</langue></metadaten><textdaten><text format="XML"><Content><P/></Content></text><fussnoten><Content><P><BR/> <pre xml:space="preserve">(+++ Textnachweis ab: 1.1.2007 +++)<BR/> <BR/>Das G wurde als Artikel 2 des G v. 21.12.2004 I 3286 vom Bundestag erlassen. <BR/>Es ist gem. Art. 4 Abs. 1 am 1.1.2007 in Kraft getreten. <BR/><BR/></pre></P></Content></fussnoten></textdaten></norm>
<norm builddate="20120625154329" doknr="BJNR328630006BJNE000100000"><metadaten><jurabk>BGL 2007</jurabk><enbez>§ 1</enbez><titel format="parat">Beitrag in der Alterssicherung der Landwirte</titel></metadaten><textdaten><text format="XML"><Content><P>(1) Der Beitrag in der Alterssicherung der Landwirte beträgt für das Kalenderjahr 2007 monatlich 204 Euro.</P><P>(2) Der Beitrag in der Alterssicherung der Landwirte beträgt für das Beitrittsgebiet für das Kalenderjahr 2007 monatlich 176 Euro.</P></Content> </text></textdaten></norm>
<norm builddate="20120625154329" doknr="BJNR328630006BJNE000200000"><metadaten><jurabk>BGL 2007</jurabk><enbez>§ 2</enbez><titel format="parat">Beitragszuschuss in der Alterssicherung der Landwirte</titel></metadaten><textdaten><text format="XML"><Content><P>(1) In Anlage 1 des Gesetzes über die Alterssicherung der Landwirte wird der monatliche Zuschussbetrag für das Kalenderjahr 2007 wie folgt festgesetzt: <BR/><BR/><table frame="none" tocentry="%yes;"><tgroup align="center" char="" charoff="50" cols="2" colsep="0" rowsep="0"><colspec colname="col1" colnum="1" colwidth="1*"/><colspec colname="col2" colnum="2" colwidth="1*"/><tbody valign="top"><row><entry VJ="1" align="center">Einkommensklasse</entry><entry VJ="1">monatlicher Zuschussbetrag</entry></row><row><entry VJ="1">bis 8.220 Euro</entry><entry VJ="1">122 Euro</entry></row><row><entry VJ="1">8.221- 8.740 Euro</entry><entry VJ="1">114 Euro</entry></row><row><entry VJ="1">8.741- 9.260 Euro</entry><entry VJ="1">106 Euro</entry></row><row><entry VJ="1">9.261- 9.780 Euro</entry><entry VJ="1">98 Euro</entry></row><row><entry VJ="1">9.781-10.300 Euro</entry><entry VJ="1">90 Euro</entry></row><row><entry VJ="1">10.301-10.820 Euro</entry><entry VJ="1">82 Euro</entry></row><row><entry VJ="1">10.821-11.340 Euro</entry><entry VJ="1">73 Euro</entry></row><row><entry VJ="1">11.341-11.860 Euro</entry><entry VJ="1">65 Euro</entry></row><row><entry VJ="1">11.861-12.380 Euro</entry><entry VJ="1">57 Euro</entry></row><row><entry VJ="1">12.381-12.900 Euro</entry><entry VJ="1">49 Euro</entry></row><row><entry VJ="1">12.901-13.420 Euro</entry><entry VJ="1">41 Euro</entry></row><row><entry VJ="1">13.421-13.940 Euro</entry><entry VJ="1">33 Euro</entry></row><row><entry VJ="1">13.941-14.460 Euro</entry><entry VJ="1">24 Euro</entry></row><row><entry VJ="1">14.461-14.980 Euro</entry><entry VJ="1">16 Euro</entry></row><row><entry VJ="1">14.981-15.500 Euro</entry><entry VJ="1">8 Euro.</entry></row></tbody></tgroup></table></P><P>(2) In Anlage 1 des Gesetzes über die Alterssicherung der Landwirte wird der monatliche Zuschussbetrag für das Beitrittsgebiet für das Kalenderjahr 2007 wie folgt festgesetzt: <BR/><BR/><table frame="none" tocentry="%yes;"><tgroup align="center" char="" charoff="50" cols="2" colsep="0" rowsep="0"><colspec colname="col1" colnum="1" colwidth="1*"/><colspec colname="col2" colnum="2" colwidth="1*"/><tbody valign="top"><row><entry VJ="1">Einkommensklasse</entry><entry VJ="1">monatlicher Zuschussbetrag (Ost)</entry></row><row><entry VJ="1">bis 8.220 Euro</entry><entry VJ="1">106 Euro</entry></row><row><entry VJ="1">8.221- 8.740 Euro</entry><entry VJ="1">99 Euro</entry></row><row><entry VJ="1">8.741- 9.260 Euro</entry><entry VJ="1">92 Euro</entry></row><row><entry VJ="1">9.261- 9.780 Euro</entry><entry VJ="1">84 Euro</entry></row><row><entry VJ="1">9.781-10.300 Euro</entry><entry VJ="1">77 Euro</entry></row><row><entry VJ="1">10.301-10.820 Euro</entry><entry VJ="1">70 Euro</entry></row><row><entry VJ="1">10.821-11.340 Euro</entry><entry VJ="1">63 Euro</entry></row><row><entry VJ="1">11.341-11.860 Euro</entry><entry VJ="1">56 Euro</entry></row><row><entry VJ="1">11.861-12.380 Euro</entry><entry VJ="1">49 Euro</entry></row><row><entry VJ="1">12.381-12.900 Euro</entry><entry VJ="1">42 Euro</entry></row><row><entry VJ="1">12.901-13.420 Euro</entry><entry VJ="1">35 Euro</entry></row><row><entry VJ="1">13.421-13.940 Euro</entry><entry VJ="1">28 Euro</entry></row><row><entry VJ="1">13.941-14.460 Euro</entry><entry VJ="1">21 Euro</entry></row><row><entry VJ="1">14.461-14.980 Euro</entry><entry VJ="1">14 Euro</entry></row><row><entry VJ="1">14.981-15.500 Euro</entry><entry VJ="1">7 Euro.</entry></row></tbody></tgroup></table></P></Content></text></textdaten></norm>
</dokumente>