<?xml version="1.0" encoding="UTF-8" ?><!DOCTYPE dokumente SYSTEM "http://www.gesetze-im-internet.de/dtd/1.01/gii-norm.dtd">
<dokumente builddate="20180110214007" doknr="BJNR014240990"><norm builddate="20180110214007" doknr="BJNR014240990"><metadaten><jurabk>ChemGiftInfoV</jurabk><amtabk>ChemGiftInfoV</amtabk><ausfertigung-datum manuell="ja">1990-07-17</ausfertigung-datum><fundstelle typ="amtlich"><periodikum>BGBl I</periodikum><zitstelle>1990, 1424</zitstelle></fundstelle><kurzue>Giftinformationsverordnung</kurzue><langue>Verordnung über die Mitteilungspflichten nach § 16e des
Chemikaliengesetzes zur Vorbeugung und Information bei Vergiftungen</langue><standangabe checked="ja"><standtyp>Neuf</standtyp><standkommentar>Neugefasst durch Bek. v. 31.7.1996 I 1198;</standkommentar></standangabe><standangabe checked="ja"><standtyp>Stand</standtyp><standkommentar>zuletzt geändert durch Art. 4 G v. 18.7.2017 I 2774</standkommentar></standangabe></metadaten><textdaten><fussnoten><Content><P><BR/> <pre xml:space="preserve">(+++ Textnachweis ab: 1.8.1990 +++)<BR/><BR/></pre></P></Content></fussnoten></textdaten></norm>
<norm builddate="20180110214007" doknr="BJNR014240990BJNE000205360"><metadaten><jurabk>ChemGiftInfoV</jurabk><enbez>§ 1</enbez><titel format="XML">Anwendungsbereich</titel></metadaten><textdaten><text format="XML"><Content><P>Diese Verordnung trifft nähere Bestimmungen über Art, Umfang, Inhalt und Form von Mitteilungen an das Bundesinstitut für Risikobewertung, <DL Font="normal" Type="arabic"><DT>1.</DT><DD Font="normal"><LA Size="normal">die derjenige, der bestimmte Gemische oder ein Biozid-Produkt in den Verkehr bringt, nach § 16e Abs. 1 des Chemikaliengesetzes abzugeben hat,</LA></DD><DT>2.</DT><DD Font="normal"><LA Size="normal">die ein Arzt nach § 16e Abs. 2 des Chemikaliengesetzes bei Vergiftungsfällen abzugeben hat.</LA></DD></DL></P></Content></text><fussnoten/></textdaten></norm>
<norm builddate="20180110214007" doknr="BJNR014240990BJNE000307360"><metadaten><jurabk>ChemGiftInfoV</jurabk><enbez>§ 2</enbez><titel format="XML">Mitteilungspflicht beim Inverkehrbringen von Gemischen und Biozid-Produkten</titel></metadaten><textdaten><text format="XML"><Content><P>(1) Die Mitteilung nach § 16e Absatz 1 des Chemikaliengesetzes hat bei erstmaliger Mitteilung vor dem Inverkehrbringen und bei einer Änderungsmitteilung unverzüglich nach den Vorgaben des Anhangs VIII der Verordnung (EG) Nr. 1272/2008 des Europäischen Parlaments und des Rates vom 16. Dezember 2008 über die Einstufung, Kennzeichnung und Verpackung von Stoffen und Gemischen, zur Änderung und Aufhebung der Richtlinien 67/548/EWG und 1999/45/EG und zur Änderung der Verordnung (EG) Nr. 1907/2006 (ABl. L 353 vom 31.12.2008, S. 1; L 16 vom 20.1.2011, S. 1; L 94 vom 10.4.2015, S. 9), in der jeweils geltenden Fassung, unter Verwendung des in Anhang VIII Teil C der genannten Verordnung festgelegten Formats, zu erfolgen. Das Bundesinstitut für Risikobewertung bestätigt dem Mitteilenden den Eingang der Mitteilung.</P><P>(2) Bis zu drei Monate nachdem die Europäische Chemikalienagentur das in Absatz 1 genannte Format zur Verfügung gestellt hat, kann die Mitteilung abweichend von Absatz 1 unter Verwendung eines vom Bundesinstitut für Risikobewertung auf seiner Internetseite zur Verfügung zu stellenden Formats erfolgen, das inhaltlich den Vorgaben der bis zum 28. Juli 2017 geltenden Fassung dieser Verordnung entspricht. Das Bundesinstitut für Risikobewertung gibt den Zeitpunkt, zu dem die Europäische Chemikalienagentur das Format zur Verfügung gestellt hat, unverzüglich im elektronischen Bundesanzeiger bekannt.</P></Content></text><fussnoten/></textdaten></norm>
<norm builddate="20180110214007" doknr="BJNR014240990BJNE000404360"><metadaten><jurabk>ChemGiftInfoV</jurabk><enbez>§ 3</enbez><titel format="XML">Ärztliche Mitteilungspflicht bei Vergiftungen (§ 16e Abs. 2 des Chemikaliengesetzes)</titel></metadaten><textdaten><text format="XML"><Content><P>(1) Die Mitteilung nach § 16e Abs. 2 des Chemikaliengesetzes hat unter Verwendung des Formblattes nach der Anlage zu erfolgen und muß zumindest die Angaben zu den Nummern 1 bis 4 des Formblattes umfassen. Sie hat <DL Font="normal" Type="arabic"><DT>1.</DT><DD Font="normal"><LA Size="normal">bei akuten Erkrankungen nach Abschluß der Behandlung,</LA></DD><DT>2.</DT><DD Font="normal"><LA Size="normal">bei chronischen Erkrankungen nach Stellung der Diagnose,</LA></DD><DT>3.</DT><DD Font="normal"><LA Size="normal">bei einer Beratung im Zusammenhang mit einer Erkrankung nach Abschluß der Beratung,</LA></DD><DT>4.</DT><DD Font="normal"><LA Size="normal">sofern im Falle einer Erkrankung mit Todesfolge eine Obduktion durchgeführt wird, nach deren Abschluß</LA></DD></DL>unverzüglich zu erfolgen. Wenn zur Beratung ein Informations- und Behandlungszentrum für Vergiftungen hinzugezogen wird, ist eine Mitteilung nur von dem behandelnden Arzt vorzunehmen.</P><P>(2) Das Bundesinstitut für Risikobewertung kann die Übermittlung der Angaben nach Absatz 1 auch auf andere geeignete Weise zulassen.</P></Content></text><fussnoten/></textdaten></norm>
<norm builddate="20180110214007" doknr="BJNR014240990BJNE000502360"><metadaten><jurabk>ChemGiftInfoV</jurabk><enbez>§ 4</enbez><titel format="XML">Vertraulichkeit</titel></metadaten><textdaten><text format="XML"><Content><P>Alle nach § 2 und auf dem Formblatt nach der Anlage übermittelten Daten, einschließlich der freiwilligen Angaben, sind vertraulich zu behandeln. Die Angaben im Formblatt nach der Anlage dürfen nicht zur Herstellung eines Personenbezuges zum Patienten verarbeitet oder genutzt werden.</P></Content></text><fussnoten/></textdaten></norm>
<norm builddate="20180110214007" doknr="BJNR014240990BJNE000602308"><metadaten><jurabk>ChemGiftInfoV</jurabk><enbez>§ 5</enbez></metadaten><textdaten><text format="XML"><Content><P>(weggefallen)</P></Content></text></textdaten></norm>
<norm builddate="20180110214007" doknr="BJNR014240990BJNE000701308"><metadaten><jurabk>ChemGiftInfoV</jurabk><enbez>§ 6</enbez></metadaten><textdaten><text format="XML"><Content><P>(Inkrafttreten)</P></Content></text></textdaten></norm>
<norm builddate="20180110214007" doknr="BJNR014240990BJNE001107360"><metadaten><jurabk>ChemGiftInfoV</jurabk><enbez>Anlage</enbez><titel format="XML">(zu § 3 Absatz 1)</titel></metadaten><textdaten><text format="XML"><Content><P><ABWFORMAT typ="A"/><kommentar typ="Fundstelle">(Fundstelle: BGBl. I 2002, 2523;<BR/>bzgl. der einzelnen Änderungen vgl. Fußnote)</kommentar><BR/><pre xml:space="preserve"> <BR/>Bitte deutlich lesbar ausfüllen.<BR/>                                        ----------------------------------<BR/>                                        I                                I<BR/>                                        I                                I<BR/>An das                                  I                                I<BR/>Bundesinstitut für Risikobewertung      I                                I<BR/>Dokumentations- und Bewertungsstelle    I                                I<BR/>für Vergiftungen                        I                                I<BR/>Postfach 12 69 42                      I                                I<BR/>10609 Berlin                           I        Originalstempel,        I<BR/>                                        I         Tel.-Nr. und           I<BR/>                                        I    Unterschrift des Arztes     I<BR/>                                        I                                I<BR/>                                        ----------------------------------<BR/> <BR/>                     Mitteilung bei Vergiftungen<BR/>               nach § 16e Abs. 2 des Chemikaliengesetzes<BR/>(BfR: Telefon: +49 30 18412-3460, Fax: +49 30 18412-3929, E-Mail: giftdok@bfr.bund.de)<BR/> <BR/>1.<BR/>-------------------------------------------------------------------------------<BR/>I Alter .... Jahre  ----  männlich  ----  weiblich   I  Schwangerschaft:      I<BR/>I                   I  I            I  I             I  ----                  I<BR/>I                   ----            ----             I  I  I  Ja              I<BR/>I                                                    I  ----                  I<BR/>I Monate ..... (bei Kindern unter 3 Jahren)          I  ----                  I<BR/>I                                                    I  I  I  Nein            I<BR/>I                                                    I  ----                  I<BR/>-------------------------------------------------------------------------------<BR/>                                                     I Freiwillig auszufüllen I<BR/>                                                     --------------------------<BR/>2.  ----  Vergiftung                                   ----  Verdacht<BR/>    I  I                                               I  I<BR/>    ----                                               ----<BR/>-------------------------------------------------------------------------------<BR/>I Unbedingt Handelsname des Gemischs/des Biozid-Produkts oder              I<BR/>I Stoffname, aufgenommene Menge und Hersteller (Vertreiber) angeben;          I<BR/>I gegebenenfalls vermutete Ursache                                            I<BR/>-------------------------------------------------------------------------------<BR/>I                                                                             I<BR/>-------------------------------------------------------------------------------<BR/>I                                                                             I<BR/>-------------------------------------------------------------------------------<BR/>I                                                                             I<BR/>-------------------------------------------------------------------------------<BR/> <BR/>3. Exposition: ----            ----<BR/>               I  I akut       I  I chronisch<BR/>               ----            ----<BR/>   ----        ----            ----            ----          ----<BR/>   I  I oral   I  I inhalativ  I  I Haut       I  I Auge(n)  I  I Sonstiges<BR/>   ----        ----            ----            ----          ---- welche? ...<BR/> <BR/>-------------------------------------------------------------------------------<BR/>I Ätiologie: ---- akzidentell     ----            ----                        I<BR/>I            I  I (Unfall)        I  I gewerblich I  I Verwechslung           I<BR/>I            ----                 ----            ----                        I<BR/>I                                                                             I<BR/>I            ---- suizidale       ----            ----         ----           I<BR/>I            I  I Handlung        I  I Abusus     I  I Umwelt  I  I Sonstiges I<BR/>I            ----                 ----            ----         ----           I<BR/>I                                                                             I<BR/>I Ort:       ----                 ----            ----                        I<BR/>I            I  I Arbeitsplatz    I  I im Haus    I  I Schule                 I<BR/>I            ----                 ----            ----                        I<BR/>I                                                                             I<BR/>I            ----                 ----            ----                        I<BR/>I            I  I Kindergarten    I  I im Freien  I  I Sonstiges              I<BR/>I            ----                 ----            ----                        I<BR/>I                                                                             I<BR/>I Labor-Nachweis:    ----         ----                                        I<BR/>I                    I  I Ja      I  I Nein                                   I<BR/>I                    ----         ----                                        I<BR/>I                                                                             I<BR/>I Behandlung:        ----         ----            ----                        I<BR/>I                    I  I keine   I  I ambulant   I  I stationär              I<BR/>I                    ----         ----            ----                        I<BR/>I                                                                             I<BR/>I Verlauf: ----          ----               ----                ----          I<BR/>I          I  I nicht    I  I vollständige  I  I Defektheilung  I  I Tod      I<BR/>I          ---- bekannt  ---- Heilung       ----                ----          I<BR/>I                                                                             I<BR/>I          ----                                                               I<BR/>I          I  I Spätschäden (nicht auszuschließen)                            I<BR/>I          ----                                                               I<BR/>-------------------------------------------------------------------------------<BR/>                                               I Freiwillig auszufüllen       I<BR/>                                               --------------------------------<BR/> <BR/>-------------------------------------------------------------------------------<BR/>I 4. Symptome/Verlauf (stichwortartig)                                        I<BR/>I    ggf. anonymisierte Befunde, Epikrise(n)                                  I<BR/>I                                                                             I<BR/>I                                                                             I<BR/>I                                                                             I<BR/>I                                                                             I<BR/>I                                                                             I<BR/>I                                                                             I<BR/>-------------------------------------------------------------------------------</pre></P></Content></text><fussnoten/></textdaten></norm>
</dokumente>