<?xml version="1.0" encoding="UTF-8" ?><!DOCTYPE dokumente SYSTEM "http://www.gesetze-im-internet.de/dtd/1.01/gii-norm.dtd">
<dokumente builddate="20141010214507" doknr="BJNR194620007"><norm builddate="20141010214507" doknr="BJNR194620007"><metadaten><jurabk>SozSichAbkAUSErgAbkSchlProt</jurabk><ausfertigung-datum manuell="ja">2007-02-09</ausfertigung-datum><fundstelle typ="amtlich"><periodikum>BGBl II</periodikum><zitstelle>2007, 1946</zitstelle></fundstelle><langue>Schlussprotokoll zum Ergänzungsabkommen zwischen der Bundesrepublik Deutschland und Australien über die Soziale Sicherheit von vorübergehend im Hoheitsgebiet des anderen Staates beschäftigten Personen</langue></metadaten><textdaten><fussnoten><Content><P>G v. 8.12.2007 II 1938 <BR/>Inkraft gem. Bek. v. 7.11.2008 II 1404 mWv 1.10.2008</P></Content></fussnoten></textdaten></norm>
</dokumente>