<?xml version="1.0" encoding="UTF-8" ?><!DOCTYPE dokumente SYSTEM "http://www.gesetze-im-internet.de/dtd/1.01/gii-norm.dtd">
<dokumente builddate="20120625151455" doknr="BJNR006740992"><norm builddate="20120625151455" doknr="BJNR006740992"><metadaten><jurabk>StruktHiGAufhDEFASG</jurabk><ausfertigung-datum manuell="ja">1992-03-16</ausfertigung-datum><fundstelle typ="amtlich"><periodikum>BGBl I</periodikum><zitstelle>1992, 674</zitstelle></fundstelle><langue>Gesetz zur Aufhebung des Strukturhilfegesetzes und zur Aufstockung des Fonds &quot;Deutsche Einheit&quot;</langue><standangabe checked="ja"><standtyp>Stand</standtyp><standkommentar>Geändert durch Art. 1 G v. 25.8.1992 I 1547</standkommentar></standangabe></metadaten><textdaten><fussnoten><Content><P>(+++ Textnachweis ab: 31.12.1991 +++)</P></Content></fussnoten></textdaten></norm>
<norm builddate="20120625151455" doknr="BJNR006740992BJNE000100314"><metadaten><jurabk>StruktHiGAufhDEFASG</jurabk><enbez>Eingangsformel</enbez></metadaten><textdaten><text format="XML"><Content><P>Der Bundestag hat mit Zustimmung des Bundesrates das folgende Gesetz beschlossen:</P></Content></text></textdaten></norm>
<norm builddate="20120625151455" doknr="BJNR006740992BJNE000201308"><metadaten><jurabk>StruktHiGAufhDEFASG</jurabk><enbez>Art 1</enbez><titel format="parat">Aufhebung des Strukturhilfegesetzes</titel></metadaten><textdaten><text format="XML"><Content><P>(1) <I>Das Strukturhilfegesetz vom 20. Dezember 1988 (BGBl. I S. 2358) wird mit Ablauf des 31. Dezember 1991 aufgehoben.</I></P><P>(2) Der Bund leistet im Jahre 1992 als Finanzhilfe und einmalige pauschale Überbrückungshilfe an die Länder <BR/><table frame="none" tocentry="%yes;">
	<tgroup align="left" char="" charoff="50" cols="2" colsep="0" rowsep="0">
		<colspec colname="col1" colnum="1" colwidth="45*"/>
		<colspec colname="col2" colnum="2" colwidth="30*"/>
		<tbody valign="top">
			<row>
				<entry VJ="1" align="left" colsep="0" valign="top">Bayern</entry>
				<entry VJ="1" align="right" colsep="0" valign="top">96.700.000 DM,</entry>
			</row>
			<row>
				<entry VJ="1" align="left" colsep="0" valign="top">Berlin</entry>
				<entry VJ="1" align="right" colsep="0" valign="top">44.100.000 DM,</entry>
			</row>
			<row>
				<entry VJ="1" align="left" colsep="0" valign="top">Bremen</entry>
				<entry VJ="1" align="right" colsep="0" valign="top">38.600.000 DM,</entry>
			</row>
			<row>
				<entry VJ="1" align="left" colsep="0" valign="top">Hamburg</entry>
				<entry VJ="1" align="right" colsep="0" valign="top">69.200.000 DM,</entry>
			</row>
			<row>
				<entry VJ="1" align="left" colsep="0" valign="top">Niedersachsen</entry>
				<entry VJ="1" align="right" colsep="0" valign="top">399.200.000 DM,</entry>
			</row>
			<row>
				<entry VJ="1" align="left" colsep="0" valign="top">Nordrhein-Westfalen</entry>
				<entry VJ="1" align="right" colsep="0" valign="top">462.800.000 DM,</entry>
			</row>
			<row>
				<entry VJ="1" align="left" colsep="0" valign="top">Rheinland-Pfalz</entry>
				<entry VJ="1" align="right" colsep="0" valign="top">166.500.000 DM,</entry>
			</row>
			<row>
				<entry VJ="1" align="left" colsep="0" valign="top">Saarland</entry>
				<entry VJ="1" align="right" colsep="0" valign="top">68.600.000 DM,</entry>
			</row>
			<row>
				<entry VJ="1" align="left" colsep="0" valign="top">und Schleswig-Holstein</entry>
				<entry VJ="1" align="right" colsep="0" valign="top">154.300.000 DM.</entry>
			</row>
		</tbody>
	</tgroup>
</table> </P><P>(3) Auf Finanzhilfen, die bis zum 31. Dezember 1991 nach dem Strukturhilfegesetz gewährt worden sind, sowie auf die als pauschale Überbrückungshilfe nach Absatz 2 gewährten Finanzhilfen sind die Vorschriften des Strukturhilfegesetzes auch nach dem 31. Dezember 1991 anzuwenden.</P></Content>  </text><fussnoten><Content><P>Art. 1 Abs. 1 Kursivdruck: Aufhebungsvorschrift</P></Content></fussnoten></textdaten></norm>
<norm builddate="20120625151455" doknr="BJNR006740992BJNE000300314"><metadaten><jurabk>StruktHiGAufhDEFASG</jurabk><enbez>(XXXX) Art 2 und 3</enbez></metadaten><textdaten><text format="XML"><Content><P/></Content></text><fussnoten/></textdaten></norm>
<norm builddate="20120625151455" doknr="BJNR006740992BJNE000400314"><metadaten><jurabk>StruktHiGAufhDEFASG</jurabk><enbez>Art 4</enbez><titel format="parat">Inkrafttreten</titel></metadaten><textdaten><text format="XML"><Content><P>Dieses Gesetz tritt am 31. Dezember 1991 in Kraft.</P></Content></text></textdaten></norm>
</dokumente>