<?xml version="1.0" encoding="UTF-8" ?><!DOCTYPE dokumente SYSTEM "http://www.gesetze-im-internet.de/dtd/1.01/gii-norm.dtd">
<dokumente builddate="20230517213517" doknr="BJNR135900019"><norm builddate="20230517213517" doknr="BJNR135900019"><metadaten><jurabk>BMIBGebV</jurabk><amtabk>BMIBGebV</amtabk><ausfertigung-datum manuell="ja">2019-09-02</ausfertigung-datum><fundstelle typ="amtlich"><periodikum>BGBl I</periodikum><zitstelle>2019, 1359</zitstelle></fundstelle><kurzue>Besondere Gebührenverordnung BMI</kurzue><langue>Besondere Gebührenverordnung des Bundesministeriums des Innern, für Bau und Heimat für individuell zurechenbare öffentliche Leistungen in dessen Zuständigkeitsbereich</langue><standangabe checked="ja"><standtyp>Stand</standtyp><standkommentar>Zuletzt geändert durch Art. 1 V v. 10.9.2021 I 4229</standkommentar></standangabe></metadaten><textdaten><fussnoten><Content><P><BR/> <pre xml:space="preserve">(+++ Textnachweis ab: 1.10.2019 +++)<BR/><BR/></pre></P></Content></fussnoten></textdaten></norm>
<norm builddate="20230517213517" doknr="BJNR135900019BJNE000100000"><metadaten><jurabk>BMIBGebV</jurabk><enbez>Eingangsformel</enbez></metadaten><textdaten><text format="XML"><Content><P>Auf Grund des § 22 Absatz 4 Satz 1 in Verbindung mit Absatz 1 Satz 2 und 3 des Bundesgebührengesetzes vom 7. August 2013 (BGBl. I S. 3154) verordnet das Bundesministerium des Innern, für Bau und Heimat:</P></Content></text></textdaten></norm>
<norm builddate="20230517213517" doknr="BJNR135900019BJNE000200000"><metadaten><jurabk>BMIBGebV</jurabk><enbez>§ 1</enbez><titel format="XML">Erhebung von Gebühren und Auslagen</titel></metadaten><textdaten><text format="XML"><Content><P>Im Zuständigkeitsbereich des Bundesministeriums des Innern, für Bau und Heimat werden Gebühren und Auslagen für individuell zurechenbare öffentliche Leistungen (gebührenfähige Leistungen) erhoben, die auf Grund der folgenden Vorschriften erbracht werden: <DL Type="arabic"><DT>1.</DT><DD Font="normal"><LA>Bundespolizeigesetz,</LA></DD><DT>2.</DT><DD Font="normal"><LA>Verwaltungs-Vollstreckungsgesetz,</LA></DD><DT>3.</DT><DD Font="normal"><LA>BDBOS-Gesetz,</LA></DD><DT>4.</DT><DD Font="normal"><LA>BDBOS-Zertifizierungsverordnung,</LA></DD><DT>5.</DT><DD Font="normal"><LA>Laufbahnbefähigungsanerkennungsverordnung,</LA></DD><DT>6.</DT><DD Font="normal"><LA>Verordnung (EU) 2016/679 des Europäischen Parlaments und des Rates vom 27. April 2016 zum Schutz natürlicher Personen bei der Verarbeitung personenbezogener Daten, zum freien Datenverkehr und zur Aufhebung der Richtlinie 95/46/EG (Datenschutz-Grundverordnung),</LA></DD><DT>7.</DT><DD Font="normal"><LA>BSI-Gesetz,</LA></DD><DT>8.</DT><DD Font="normal"><LA>De-Mail-Gesetz,</LA></DD><DT>9.</DT><DD Font="normal"><LA>Verordnung zur Erteilung von Unbedenklichkeitsbescheinigungen,</LA></DD><DT>10.</DT><DD Font="normal"><LA>Waffengesetz,</LA></DD><DT>11.</DT><DD Font="normal"><LA>Allgemeine Waffengesetz-Verordnung.</LA></DD></DL></P></Content></text></textdaten></norm>
<norm builddate="20230517213517" doknr="BJNR135900019BJNE000300000"><metadaten><jurabk>BMIBGebV</jurabk><enbez>§ 2</enbez><titel format="XML">Höhe der Gebühren und Auslagen</titel></metadaten><textdaten><text format="XML"><Content><P>(1) Die Höhe der Gebühren und Auslagen richtet sich nach dem Gebühren- und Auslagenverzeichnis. Das Gebühren- und Auslagenverzeichnis regelt ferner die Tatbestände für eine Gebühren- und Auslagenbefreiung.</P><P>(2) Die nach dem Gebühren- und Auslagenverzeichnis zu erhebenden Gebühren und Auslagen umfassen jeweils auch die Kosten für die Festsetzung der Gebühren und Auslagen.</P><P>(3) Auslagen, die nicht im Gebühren- und Auslagenverzeichnis aufgeführt sind, sind mit der Gebühr abgegolten.</P></Content></text></textdaten></norm>
<norm builddate="20230517213517" doknr="BJNR135900019BJNE000402116"><metadaten><jurabk>BMIBGebV</jurabk><enbez>§ 3</enbez><titel format="XML">Zeitgebühr</titel></metadaten><textdaten><text format="XML"><Content><P>Sofern im Gebühren- und Auslagenverzeichnis nichts anderes bestimmt ist, gelten <DL Font="normal" Type="arabic"><DT>1.</DT><DD Font="normal"><LA Size="normal">für den Zeitaufwand von Verwaltungsbeschäftigten in der Bundesverwaltung die in der Anlage 1 Teil A der Allgemeinen Gebührenverordnung in der am 18. Februar 2021 geltenden Fassung bestimmten allgemeinen pauschalen Stundensätze für Verwaltungsbeschäftigte in der Bundesverwaltung und</LA></DD><DT>2.</DT><DD Font="normal"><LA Size="normal">für den Zeitaufwand von Polizeivollzugsbeamtinnen und -beamten des Bundes die allgemeinen pauschalen Stundensätze für Polizeivollzugsbeamtinnen und -beamte des Bundes nach Anlage 1 Teil A der Allgemeinen Gebührenverordnung in der am 18. Februar 2021 geltenden Fassung.</LA></DD></DL></P></Content></text><fussnoten/></textdaten></norm>
<norm builddate="20230517213517" doknr="BJNR135900019BJNE000500000"><metadaten><jurabk>BMIBGebV</jurabk><enbez>§ 4</enbez><titel format="XML">Übergangsvorschrift</titel></metadaten><textdaten><text format="XML"><Content><P>Für die Erhebung von Gebühren und Auslagen für eine gebührenfähige Leistung, die vor dem 1. Oktober 2019 beantragt oder begonnen, aber noch nicht vollständig erbracht wurde, ist das bis einschließlich zum 30. September 2019 geltende Recht weiter anzuwenden.</P></Content></text></textdaten></norm>
<norm builddate="20230517213517" doknr="BJNR135900019BJNE000600000"><metadaten><jurabk>BMIBGebV</jurabk><enbez>§ 5</enbez><titel format="XML">Inkrafttreten</titel></metadaten><textdaten><text format="XML"><Content><P>Diese Verordnung tritt am 1. Oktober 2019 in Kraft.</P></Content></text></textdaten></norm>
<norm builddate="20230517213517" doknr="BJNR135900019BJNE000701116"><metadaten><jurabk>BMIBGebV</jurabk><enbez>Anlage</enbez><titel format="XML">(zu § 2 Absatz 1)<BR/>Gebühren- und Auslagenverzeichnis</titel></metadaten><textdaten><text format="XML"><Content><P><noindex><kommentar typ="Fundstelle">(Fundstelle: BGBl. I 2021, 4229 - 4242)</kommentar></noindex></P><BR/><BR/><TOC><Title Align="auto" Class="S3">Inhaltsübersicht</Title><P/><table colsep="0" frame="none" pgwide="1" rowsep="0" tocentry="%yes;"><tgroup align="left" char="" charoff="50" cols="2"><colspec colname="col1" colwidth="20*"/><colspec align="justify" colname="col2" colwidth="145*"/><tbody valign="top"><row><entry VJ="1" colname="col1">Abschnitt  1</entry><entry VJ="1" colname="col2">Bundespolizeigesetz (BPolG)</entry></row><row><entry VJ="1" colname="col1">Abschnitt  2</entry><entry VJ="1" colname="col2">Verwaltungs-Vollstreckungsgesetz (VwVG)</entry></row><row><entry VJ="1" colname="col1">Abschnitt  3</entry><entry VJ="1" colname="col2">BDBOS-Gesetz (BDBOSG)</entry></row><row><entry VJ="1" colname="col1">Abschnitt  4</entry><entry VJ="1" colname="col2">BDBOS-Zertifizierungsverordnung (BDBOSZertV)</entry></row><row><entry VJ="1" colname="col1">Abschnitt  5</entry><entry VJ="1" colname="col2">Laufbahnbefähigungsanerkennungsverordnung (LBAV)</entry></row><row><entry VJ="1" colname="col1">Abschnitt  6</entry><entry VJ="1" colname="col2">Verordnung (EU) 2016/679 (Datenschutz-Grundverordnung – DS-GVO)</entry></row><row><entry VJ="1" colname="col1">Abschnitt  7</entry><entry VJ="1" colname="col2">BSI-Gesetz (BSIG)</entry></row><row><entry VJ="1" colname="col1">Abschnitt  8</entry><entry VJ="1" colname="col2">De-Mail-Gesetz (De-Mail-G)</entry></row><row><entry VJ="1" colname="col1">Abschnitt  9</entry><entry VJ="1" colname="col2">Verordnung zur Erteilung von Unbedenklichkeitsbescheinigungen (UnbBeschErtV)</entry></row><row><entry VJ="1" colname="col1">Abschnitt 10</entry><entry VJ="1" colname="col2">Waffengesetz (WaffG)</entry></row><row><entry VJ="1" colname="col1">Abschnitt 11</entry><entry VJ="1" colname="col2">Allgemeine Waffengesetz-Verordnung (AWaffV) </entry></row></tbody></tgroup></table></TOC><Title Align="center" Class="S1"><B>Abschnitt 1</B></Title><Title Align="auto"><B>Bundespolizeigesetz (BPolG)</B></Title><BR/><BR/><BR/><table colsep="1" frame="all" pgwide="1" rowsep="1" tocentry="%yes;"><tgroup align="left" char="" charoff="50" cols="3"><colspec colname="col1" colnum="1" colwidth="15*"/><colspec align="justify" colname="col2" colnum="2" colwidth="115*"/><colspec align="center" colname="col3" colnum="3" colwidth="35*"/><thead valign="bottom"><row valign="middle"><entry VJ="1" align="center" colname="col1">Nummer</entry><entry VJ="1" align="center" colname="col2">Gebühren- oder Auslagentatbestand</entry><entry VJ="1" align="center" colname="col3">Gebühren/Auslagen<BR/> in Euro</entry></row></thead><tbody valign="top"><row><entry VJ="1" colname="col1">1</entry><entry VJ="1" colname="col2">Abwehr von Gefahren nach § 14 BPolG</entry><entry VJ="1" colname="col3"/></row><row><entry VJ="1" colname="col1">1.1</entry><entry VJ="1" colname="col2">Polizeieinsätze</entry><entry VJ="1" colname="col3"/></row><row><entry VJ="1" colname="col1">1.1.1</entry><entry VJ="1" colname="col2">Polizeieinsatz, der durch eine vorsätzliche oder fahrlässige Schaffung einer Gefahrenlage veranlasst wurde</entry><entry VJ="1" colname="col3">nach Zeitaufwand</entry></row><row><entry VJ="1" colname="col1">1.1.2</entry><entry VJ="1" colname="col2">Polizeieinsatz, der durch ein vorsätzliches oder fahrlässiges Erwecken des Anscheins einer Gefahrenlage veranlasst wurde</entry><entry VJ="1" colname="col3">nach Zeitaufwand</entry></row><row><entry VJ="1" colname="col1">1.1.3</entry><entry VJ="1" colname="col2">Polizeieinsatz, der durch die missbräuchliche Auslösung einer Gefahrenmeldeanlage, Notrufanlage oder durch missbräuchliche Nutzung von Notrufzeichen veranlasst wurde</entry><entry VJ="1" colname="col3">nach Zeitaufwand</entry></row><row><entry VJ="1" colname="col1">1.1.4</entry><entry VJ="1" colname="col2">Polizeieinsatz, der durch die Auslösung einer Gefahrenmeldeanlage veranlasst wurde, wenn zum Zeitpunkt der Auslösung keine Anhaltspunkte dafür vorlagen, dass ein sachlicher Grund für die Betätigung einer solchen Anlage bestand</entry><entry VJ="1" colname="col3">nach Zeitaufwand</entry></row><row><entry VJ="1" colname="col1">1.1.5</entry><entry VJ="1" colname="col2">Suche oder Rettung einer Person, sofern die Gefahrenlage vorsätzlich oder grob fahrlässig herbeigeführt wurde; ein Einsatz zur Verhinderung eines Suizids ist ausgenommen</entry><entry VJ="1" colname="col3">nach Zeitaufwand</entry></row><row><entry VJ="1" colname="col1">1.1.6</entry><entry VJ="1" colname="col2">Suche nach einer als vermisst gemeldeten Person ab dem Zeitpunkt ihrer Rückkehr oder ihres Auffindens bis zur Einstellung der Suchmaßnahmen, wenn die Rückkehr oder das Auffinden der Polizei nicht unverzüglich mitgeteilt wird</entry><entry VJ="1" colname="col3">nach Zeitaufwand</entry></row><row><entry VJ="1" colname="col1">1.1.7</entry><entry VJ="1" colname="col2">Aufgreifen oder Auffinden einer betreuten oder unter Aufsicht stehenden abgängigen Person</entry><entry VJ="1" colname="col3">nach Zeitaufwand</entry></row><row><entry VJ="1" colname="col1">1.1.8</entry><entry VJ="1" colname="col2">Rettung oder Bergung von Tieren</entry><entry VJ="1" colname="col3">nach Zeitaufwand</entry></row><row><entry VJ="1" colname="col1">1.2</entry><entry VJ="1" colname="col2">Bei den Gebührentatbeständen der Nummer 1.1 sind neben den Gebühren folgende Kosten als Auslagen zu erheben:</entry><entry VJ="1" colname="col3"/></row><row><entry VJ="1" colname="col1">1.2.1</entry><entry VJ="1" colname="col2">Kosten für den Einsatz von Hubschraubern, Booten, Schiffen und Wasserwerfern</entry><entry VJ="1" colname="col3"/></row><row><entry VJ="1" colname="col1">1.2.2</entry><entry VJ="1" colname="col2">Kosten für die Reinigung verunreinigter Diensträume, Dienstfahrzeuge, Uniformen oder sonstiger Sachen, die im Dienstgebrauch verwendet werden</entry><entry VJ="1" colname="col3"/></row><row><entry VJ="1" colname="col1">1.2.3</entry><entry VJ="1" colname="col2">Kosten anderer Behörden und Dritter</entry><entry VJ="1" colname="col3"/></row><row><entry VJ="1" colname="col1">1.2.4</entry><entry VJ="1" colname="col2">Kosten für die Verpflegung der gefundenen, geretteten, aufgegriffenen oder aufgefundenen Person</entry><entry VJ="1" colname="col3"/></row><row><entry VJ="1" colname="col1">1.2.5</entry><entry VJ="1" colname="col2">Kosten für Kleidung für die gefundene, gerettete, aufgegriffene oder aufgefundene Person</entry><entry VJ="1" colname="col3"/></row><row><entry VJ="1" colname="col1">1.3</entry><entry VJ="1" colname="col2">Ordnungsverfügungen</entry><entry VJ="1" colname="col3"/></row><row><entry VJ="1" colname="col1">1.3.1</entry><entry VJ="1" colname="col2">Verfügung eines Mitführverbotes</entry><entry VJ="1" colname="col3">nach Zeitaufwand</entry></row><row><entry VJ="1" colname="col1">1.3.2</entry><entry VJ="1" colname="col2">Erteilung einer Meldeauflage</entry><entry VJ="1" colname="col3">nach Zeitaufwand</entry></row><row><entry VJ="1" colname="col1">2</entry><entry VJ="1" colname="col2">Unmittelbare Ausführung einer Maßnahme nach § 19 BPolG</entry><entry VJ="1" colname="col3"/></row><row><entry VJ="1" colname="col1">2.1</entry><entry VJ="1" colname="col2">Anordnung und Vollzug der unmittelbaren Ausführung einer Maßnahme</entry><entry VJ="1" colname="col3">nach Zeitaufwand</entry></row><row><entry VJ="1" colname="col1">2.2</entry><entry VJ="1" colname="col2">Bei dem Gebührentatbestand der Nummer 2.1 sind neben der Gebühr die in den Nummern 1.2.1 bis 1.2.3 bezeichneten Kosten als Auslagen zu erheben.</entry><entry VJ="1" colname="col3"/></row><row><entry VJ="1" colname="col1">3</entry><entry VJ="1" colname="col2">Erhebung von Telekommunikationsdaten nach § 22a BPolG, soweit die Gefahrenlage oder der Gefahrenverdacht vorsätzlich oder fahrlässig herbeigeführt wurde; das Auskunftsersuchen zur Verhinderung eines Suizids ist ausgenommen</entry><entry VJ="1" colname="col3"/></row><row><entry VJ="1" colname="col1">3.1</entry><entry VJ="1" colname="col2">Auskunftsersuchen bei Telekommunikationsdienstleistern nach § 22a Absatz 1 BPolG über nach dem Telekommunikationsgesetz erhobene Daten</entry><entry VJ="1" colname="col3">nach Zeitaufwand</entry></row><row><entry VJ="1" colname="col1">3.2</entry><entry VJ="1" colname="col2">Bei dem Gebührentatbestand der Nummer 3.1 sind neben der Gebühr folgende Kosten als Auslagen zu erheben:</entry><entry VJ="1" colname="col3"/></row><row><entry VJ="1" colname="col1">3.2.1</entry><entry VJ="1" colname="col2">Kosten anderer Behörden</entry><entry VJ="1" colname="col3"/></row><row><entry VJ="1" colname="col1">3.2.2</entry><entry VJ="1" colname="col2">Kosten Dritter bis zu dem sich nach § 23 JVEG ergebenden Betrag</entry><entry VJ="1" colname="col3"/></row><row><entry VJ="1" colname="col1">4</entry><entry VJ="1" colname="col2">Identitätsfeststellung nach § 23 Absatz 1 Nummer 5 BPolG</entry><entry VJ="1" colname="col3">57,85</entry></row><row><entry VJ="1" colname="col1">5</entry><entry VJ="1" colname="col2">Erkennungsdienstliche Maßnahme nach § 24 Absatz 1 BPolG bzw. § 81b zweite Variante StPO</entry><entry VJ="1" colname="col3">64,05</entry></row><row><entry VJ="1" colname="col1">6</entry><entry VJ="1" colname="col2">Zwangsweise Durchsetzung einer Vorladung nach § 25 Absatz 3 BPolG</entry><entry VJ="1" colname="col3"/></row><row><entry VJ="1" colname="col1">6.1</entry><entry VJ="1" colname="col2">Anordnung und Vollzug der zwangsweisen Durchsetzung einer Vorladung</entry><entry VJ="1" colname="col3">nach Zeitaufwand</entry></row><row><entry VJ="1" colname="col1">6.2</entry><entry VJ="1" colname="col2">Bei dem Gebührentatbestand der Nummer 6.1 sind neben der Gebühr die Kosten anderer Behörden und Dritter als Auslagen zu erheben.</entry><entry VJ="1" colname="col3"/></row><row><entry VJ="1" colname="col1">7</entry><entry VJ="1" colname="col2">Platzverweisung nach § 38 BPolG</entry><entry VJ="1" colname="col3"/></row><row><entry VJ="1" colname="col1">7.1</entry><entry VJ="1" colname="col2">Mündliche Platzverweisung in Verbindung mit Identitätsfeststellung nach § 23 Absatz 1 BPolG</entry><entry VJ="1" colname="col3">48,05</entry></row><row><entry VJ="1" colname="col1">7.2</entry><entry VJ="1" colname="col2">Schriftliche Platzverweisung</entry><entry VJ="1" colname="col3"/></row><row><entry VJ="1" colname="col1">7.2.1</entry><entry VJ="1" colname="col2">Erstmalige Platzverweisung</entry><entry VJ="1" colname="col3">96,05</entry></row><row><entry VJ="1" colname="col1">7.2.2</entry><entry VJ="1" colname="col2">Wiederholte Platzverweisung</entry><entry VJ="1" colname="col3">56,15</entry></row><row><entry VJ="1" colname="col1">8</entry><entry VJ="1" colname="col2">Gewahrsam nach § 39 BPolG; der Gewahrsam zum Schutz einer Person, die sich erkennbar unverschuldet in einem die freie Willensbestimmung ausschließenden Zustand oder sonst in hilfloser Lage befindet, ist ausgenommen</entry><entry VJ="1" colname="col3"/></row><row><entry VJ="1" colname="col1">8.1</entry><entry VJ="1" colname="col2">Anordnung des Gewahrsams</entry><entry VJ="1" colname="col3">79,80</entry></row><row><entry VJ="1" colname="col1">8.2</entry><entry VJ="1" colname="col2">Vollzug des Gewahrsams in der stationären Gewahrsamseinrichtung<BR/> (zusätzlich zur Gebühr nach Nummer 8.1)</entry><entry VJ="1" colname="col3">7,00 je angefangene<BR/>Viertelstunde</entry></row><row><entry VJ="1" colname="col1">8.3</entry><entry VJ="1" colname="col2">Bei den Gebührentatbeständen der Nummern 8.1 und 8.2 sind neben den Gebühren folgende Kosten als Auslagen zu erheben:</entry><entry VJ="1" colname="col3"/></row><row><entry VJ="1" colname="col1">8.3.1</entry><entry VJ="1" colname="col2">Kosten für die Reinigung verunreinigter Gewahrsamszellen, sonstiger Diensträume, Dienstfahrzeuge, Uniformen oder sonstiger Sachen, die im Dienstgebrauch verwendet werden</entry><entry VJ="1" colname="col3"/></row><row><entry VJ="1" colname="col1">8.3.2</entry><entry VJ="1" colname="col2">Kosten für die Begleitung oder das Transportieren von Personen, Tieren oder Sachen durch eine Polizeivollzugsbeamtin oder einen Polizeivollzugsbeamten des Bundes (PVB)</entry><entry VJ="1" colname="col3">16,91 je angefangene<BR/>Viertelstunde pro PVB</entry></row><row><entry VJ="1" colname="col1">8.3.3</entry><entry VJ="1" colname="col2">Kosten für die Aufbewahrung von Tieren oder Sachen</entry><entry VJ="1" colname="col3"/></row><row><entry VJ="1" colname="col1">8.3.4</entry><entry VJ="1" colname="col2">Kosten für eine ärztliche Untersuchung auf Haft- und Gewahrsamsfähigkeit</entry><entry VJ="1" colname="col3"/></row><row><entry VJ="1" colname="col1">8.3.5</entry><entry VJ="1" colname="col2">Kosten für die Verpflegung der in Gewahrsam genommenen Person</entry><entry VJ="1" colname="col3"/></row><row><entry VJ="1" colname="col1">8.3.6</entry><entry VJ="1" colname="col2">Kosten für Kleidung für die in Gewahrsam genommene Person</entry><entry VJ="1" colname="col3"/></row><row><entry VJ="1" colname="col1">8.3.7</entry><entry VJ="1" colname="col2">Kosten anderer Behörden und Dritter</entry><entry VJ="1" colname="col3"/></row><row><entry VJ="1" colname="col1">9</entry><entry VJ="1" colname="col2">Sicherstellung von Tieren oder Sachen nach § 47 BPolG</entry><entry VJ="1" colname="col3"/></row><row><entry VJ="1" colname="col1">9.1</entry><entry VJ="1" colname="col2">Anordnung und Vollzug der Sicherstellung von Tieren oder Sachen</entry><entry VJ="1" colname="col3">55,55</entry></row><row><entry VJ="1" colname="col1">9.2</entry><entry VJ="1" colname="col2">Bei dem Gebührentatbestand der Nummer 9.1 sind neben der Gebühr folgende Kosten als Auslagen zu erheben:</entry><entry VJ="1" colname="col3"/></row><row><entry VJ="1" colname="col1">9.2.1</entry><entry VJ="1" colname="col2">Kosten für die Reinigung verunreinigter Diensträume, Dienstfahrzeuge, Uniformen oder sonstiger Sachen, die im Dienstgebrauch verwendet werden</entry><entry VJ="1" colname="col3"/></row><row><entry VJ="1" colname="col1">9.2.2</entry><entry VJ="1" colname="col2">Kosten für das Transportieren von Tieren oder Sachen durch eine oder einen PVB</entry><entry VJ="1" colname="col3">16,91 je angefangene<BR/>Viertelstunde pro PVB</entry></row><row><entry VJ="1" colname="col1">9.2.3</entry><entry VJ="1" colname="col2">Kosten anderer Behörden und Dritter</entry><entry VJ="1" colname="col3"/></row><row><entry VJ="1" colname="col1">10</entry><entry VJ="1" colname="col2">Amtliche Verwahrung sichergestellter Fahrzeuge nach § 48 BPolG</entry><entry VJ="1" colname="col3"/></row><row><entry VJ="1" colname="col1">10.1</entry><entry VJ="1" colname="col2">eines Kraftfahrzeugs</entry><entry VJ="1" colname="col3">1,20 pro Tag</entry></row><row><entry VJ="1" colname="col1">10.2</entry><entry VJ="1" colname="col2">eines Kraftrads</entry><entry VJ="1" colname="col3">0,60 pro Tag</entry></row><row><entry VJ="1" colname="col1">10.3</entry><entry VJ="1" colname="col2">Bei den Gebührentatbeständen der Nummern 10.1 und 10.2 sind neben den Gebühren folgende Kosten als Auslagen zu erheben:</entry><entry VJ="1" colname="col3"/></row><row><entry VJ="1" colname="col1">10.3.1</entry><entry VJ="1" colname="col2">Kosten für die Reinigung verunreinigter Diensträume, Dienstfahrzeuge, Uniformen oder sonstiger Sachen, die im Dienstgebrauch verwendet werden</entry><entry VJ="1" colname="col3"/></row><row><entry VJ="1" colname="col1">10.3.2</entry><entry VJ="1" colname="col2">Kosten für das Transportieren von Tieren oder Sachen durch eine oder einen PVB</entry><entry VJ="1" colname="col3">16,91 je angefangene<BR/>Viertelstunde pro PVB</entry></row><row><entry VJ="1" colname="col1">10.3.3</entry><entry VJ="1" colname="col2">Kosten anderer Behörden und Dritter</entry><entry VJ="1" colname="col3"/></row><row><entry VJ="1" colname="col1">11</entry><entry VJ="1" colname="col2">Verwertung oder Vernichtung sichergestellter Sachen nach § 49 BPolG</entry><entry VJ="1" colname="col3"/></row><row><entry VJ="1" colname="col1">11.1</entry><entry VJ="1" colname="col2">Anordnung und Vollzug der Verwertung sichergestellter Sachen nach § 49 Absatz 3 Satz 1 BPolG</entry><entry VJ="1" colname="col3">77,10</entry></row><row><entry VJ="1" colname="col1">11.2</entry><entry VJ="1" colname="col2">Anordnung und Vollzug der Vernichtung sichergestellter Sachen</entry><entry VJ="1" colname="col3">nach Zeitaufwand</entry></row><row><entry VJ="1" colname="col1">11.3</entry><entry VJ="1" colname="col2">Bei den Gebührentatbeständen der Nummern 11.1 und 11.2 sind neben den Gebühren folgende Kosten als Auslagen zu erheben:</entry><entry VJ="1" colname="col3"/></row><row><entry VJ="1" colname="col1">11.3.1</entry><entry VJ="1" colname="col2">Kosten für die Reinigung verunreinigter Diensträume, Dienstfahrzeuge, Uniformen oder sonstiger Sachen, die im Dienstgebrauch verwendet werden</entry><entry VJ="1" colname="col3"/></row><row><entry VJ="1" colname="col1">11.3.2</entry><entry VJ="1" colname="col2">Kosten anderer Behörden und Dritter</entry><entry VJ="1" colname="col3"/></row><row><entry VJ="1" colname="col1">12</entry><entry VJ="1" colname="col2">Entscheidungen im Aufgabenbereich Grenzschutz nach § 2 BPolG, soweit diese Entscheidungen auf Antrag erfolgen oder sonst im Sinne des § 3 Absatz 2 BGebG individuell zurechenbar sind; ausgenommen ist die Schließung einer Grenzübergangsstelle</entry><entry VJ="1" colname="col3"/></row><row><entry VJ="1" colname="col1">12.1</entry><entry VJ="1" colname="col2">Zulassung einer Grenzübergangsstelle nach § 61 Absatz 1 BPolG</entry><entry VJ="1" colname="col3">nach Zeitaufwand</entry></row><row><entry VJ="1" colname="col1">12.2</entry><entry VJ="1" colname="col2">Grenzerlaubnis nach § 61 Absatz 3 BPolG; ausgenommen ist die Grenzerlaubnis für Rettungsflüge</entry><entry VJ="1" colname="col3">84,30</entry></row><row><entry VJ="1" colname="col1">12.3</entry><entry VJ="1" colname="col2">Die Kosten, die während des Transports von polizeilichen Kräften oder von Führungs- oder Einsatzmitteln im Zusammenhang mit einer Grenzerlaubnis nach § 61 Absatz 3 BPolG zur Durchführung der notwendigen Grenzübertrittskontrolle nach § 2 BPolG <DL Font="normal" Type="Dash"><DT>–</DT><DD Font="normal"><LA Size="normal">an einem Flugplatz oder Hafen entstehen, der nicht als Grenzübergangsstelle zugelassen ist, oder</LA></DD><DT>–</DT><DD Font="normal"><LA Size="normal">außerhalb festgesetzter Verkehrsstunden entstehen,</LA></DD></DL>sind als Auslagen zu erheben.</entry><entry VJ="1" colname="col3">16,91 je angefangene<BR/>Viertelstunde pro PVB</entry></row><row><entry VJ="1" colname="col1">13</entry><entry VJ="1" colname="col2">Bei den Gebührentatbeständen der Nummern 1 bis 12.2 sind neben den Gebühren auch die Kosten für Dolmetscher als Auslagen zu erheben.</entry><entry VJ="1" colname="col3"/></row></tbody></tgroup></table><BR/><Title Align="center" Class="S1"><B>Abschnitt 2</B></Title><Title Align="auto"><B>Verwaltungs-Vollstreckungsgesetz (VwVG)</B></Title><BR/><BR/><table colsep="1" frame="all" pgwide="1" rowsep="1" tocentry="%yes;"><tgroup align="left" char="" charoff="50" cols="3"><colspec colname="col1" colnum="1" colwidth="15*"/><colspec align="justify" colname="col2" colnum="2" colwidth="115*"/><colspec align="center" colname="col3" colnum="3" colwidth="35*"/><thead valign="bottom"><row valign="middle"><entry VJ="1" align="center" colname="col1">Nummer</entry><entry VJ="1" align="center" colname="col2">Gebühren- oder Auslagentatbestand</entry><entry VJ="1" align="center" colname="col3">Gebühren/Auslagen<BR/> in Euro</entry></row></thead><tbody valign="top"><row><entry VJ="1" colname="col1">1</entry><entry VJ="1" colname="col2">Verwaltungsvollstreckung eines vorausgehenden Verwaltungsaktes nach § 6 Absatz 1 VwVG durch die Bundespolizei</entry><entry VJ="1" colname="col3"/></row><row><entry VJ="1" colname="col1">1.1</entry><entry VJ="1" colname="col2">Mahnung nach § 3 Absatz 3 VwVG</entry><entry VJ="1" colname="col3">3,60</entry></row><row><entry VJ="1" colname="col1">1.2</entry><entry VJ="1" colname="col2">Ersatzvornahme einer vertretbaren Handlung nach § 10 VwVG</entry><entry VJ="1" colname="col3">nach Zeitaufwand</entry></row><row><entry VJ="1" colname="col1">1.3</entry><entry VJ="1" colname="col2">Zwangsgeld nach § 11 VwVG</entry><entry VJ="1" colname="col3">67,20</entry></row><row><entry VJ="1" colname="col1">1.4</entry><entry VJ="1" colname="col2">Unmittelbarer Zwang nach § 12 VwVG</entry><entry VJ="1" colname="col3">nach Zeitaufwand</entry></row><row><entry VJ="1" colname="col1">2</entry><entry VJ="1" colname="col2">Verwaltungsvollstreckung ohne vorausgehenden Verwaltungsakt nach § 6 Absatz 2 VwVG durch die Bundespolizei</entry><entry VJ="1" colname="col3"/></row><row><entry VJ="1" colname="col1">2.1</entry><entry VJ="1" colname="col2">Ersatzvornahme einer vertretbaren Handlung nach § 10 VwVG</entry><entry VJ="1" colname="col3">nach Zeitaufwand</entry></row><row><entry VJ="1" colname="col1">2.2</entry><entry VJ="1" colname="col2">Unmittelbarer Zwang nach § 12 VwVG</entry><entry VJ="1" colname="col3">nach Zeitaufwand</entry></row><row><entry VJ="1" colname="col1">3</entry><entry VJ="1" colname="col2">Bei den Gebührentatbeständen der Nummern 1 und 2.2 sind neben den Gebühren folgende Kosten als Auslagen zu erheben:</entry><entry VJ="1" colname="col3"/></row><row><entry VJ="1" colname="col1">3.1</entry><entry VJ="1" colname="col2">Kosten für Dolmetscher</entry><entry VJ="1" colname="col3"/></row><row><entry VJ="1" colname="col1">3.2</entry><entry VJ="1" colname="col2">bei den Gebührentatbeständen der Nummern 1.2, 1.4, 2.1 und 2.2:</entry><entry VJ="1" colname="col3"/></row><row><entry VJ="1" colname="col1">3.2.1</entry><entry VJ="1" colname="col2">Kosten für den Einsatz von Hubschraubern, Booten, Schiffen und Wasserwerfern</entry><entry VJ="1" colname="col3"/></row><row><entry VJ="1" colname="col1">3.2.2</entry><entry VJ="1" colname="col2">Kosten für die Reinigung verunreinigter Diensträume, Dienstfahrzeuge, Uniformen oder sonstiger Sachen, die im Dienstgebrauch verwendet werden</entry><entry VJ="1" colname="col3"/></row><row><entry VJ="1" colname="col1">3.2.3</entry><entry VJ="1" colname="col2">Kosten anderer Behörden und Dritter</entry><entry VJ="1" colname="col3"/></row></tbody></tgroup></table><BR/><BR/><Title Align="center" Class="S1"><B>Abschnitt 3</B></Title><Title Align="auto"><B>BDBOS-Gesetz (BDBOSG)</B></Title><BR/><BR/><table colsep="1" frame="all" pgwide="1" rowsep="1" tocentry="%yes;"><tgroup align="left" char="" charoff="50" cols="3"><colspec colname="col1" colnum="1" colwidth="15*"/><colspec align="justify" colname="col2" colnum="2" colwidth="115*"/><colspec align="center" colname="col3" colnum="3" colwidth="35*"/><thead valign="bottom"><row valign="middle"><entry VJ="1" align="center" colname="col1">Nummer</entry><entry VJ="1" align="center" colname="col2">Gebühren- oder Auslagentatbestand</entry><entry VJ="1" align="center" colname="col3">Gebühren/Auslagen<BR/> in Euro</entry></row></thead><tbody valign="top"><row><entry VJ="1" colname="col1">1</entry><entry VJ="1" colname="col2">Anordnung der Präsidentin/des Präsidenten der Bundesanstalt für den Digitalfunk der Behörden und Organisationen mit Sicherheitsaufgaben (BDBOS) zur Abwehr von netzspezifischen Gefahren nach § 15 Absatz 1 BDBOSG</entry><entry VJ="1" colname="col3">nach Zeitaufwand</entry></row><row><entry VJ="1" colname="col1">2</entry><entry VJ="1" colname="col2">Heranziehung von Dritten durch Heranziehungsbescheid, um notwendige Auskünfte nach § 15 Absatz 4 BDBOSG zu erlangen</entry><entry VJ="1" colname="col3">nach Zeitaufwand</entry></row><row><entry VJ="1" colname="col1">3</entry><entry VJ="1" colname="col2">Erteilung eines Zertifikats nach § 15a Absatz 2 Satz 1 BDBOSG</entry><entry VJ="1" colname="col3"/></row><row><entry VJ="1" colname="col1">3.1</entry><entry VJ="1" colname="col2">für eine Funkleitstelle</entry><entry VJ="1" colname="col3"/></row><row><entry VJ="1" colname="col1">3.1.1</entry><entry VJ="1" colname="col2">ohne technische Prüfung der Funkleitstelle durch die BDBOS</entry><entry VJ="1" colname="col3"/></row><row><entry VJ="1" colname="col1">3.1.1.1</entry><entry VJ="1" colname="col2">Erteilung des Zertifikats</entry><entry VJ="1" colname="col3">401,00</entry></row><row><entry VJ="1" colname="col1">3.1.1.2</entry><entry VJ="1" colname="col2">Prüfung daraufhin, ob die Funkleitstelle die nachzuweisenden Leistungsmerkmale aufweist (zusätzlich zur Gebühr nach Nummer 3.1.1.1)</entry><entry VJ="1" colname="col3">3,83<BR/> pro nachzuweisendem<BR/>Leistungsmerkmal</entry></row><row><entry VJ="1" colname="col1">3.1.2</entry><entry VJ="1" colname="col2">mit technischer Prüfung der Funkleitstelle durch die BDBOS</entry><entry VJ="1" colname="col3">nach Zeitaufwand</entry></row><row><entry VJ="1" colname="col1">3.2</entry><entry VJ="1" colname="col2">für ein sonstiges Endgerät</entry><entry VJ="1" colname="col3"/></row><row><entry VJ="1" colname="col1">3.2.1</entry><entry VJ="1" colname="col2">ohne technische Prüfung des sonstigen Endgerätes durch die BDBOS</entry><entry VJ="1" colname="col3"/></row><row><entry VJ="1" colname="col1">3.2.1.1</entry><entry VJ="1" colname="col2">Erteilung des Zertifikats</entry><entry VJ="1" colname="col3">334,00</entry></row><row><entry VJ="1" colname="col1">3.2.1.2</entry><entry VJ="1" colname="col2">Prüfung daraufhin, ob das sonstige Endgerät die nachzuweisenden Leistungsmerkmale aufweist (zusätzlich zur Gebühr nach Nummer 3.2.1.1)</entry><entry VJ="1" colname="col3">3,83<BR/> pro nachzuweisendem<BR/>Leistungsmerkmal</entry></row><row><entry VJ="1" colname="col1">3.2.2</entry><entry VJ="1" colname="col2">mit technischer Prüfung des sonstigen Endgerätes durch die BDBOS</entry><entry VJ="1" colname="col3">nach Zeitaufwand</entry></row><row><entry VJ="1" colname="col1">4</entry><entry VJ="1" colname="col2">Erteilung eines Änderungszertifikats nach § 15a Absatz 3 Satz 1 und 2 BDBOSG</entry><entry VJ="1" colname="col3"/></row><row><entry VJ="1" colname="col1">4.1</entry><entry VJ="1" colname="col2">für eine Funkleitstelle</entry><entry VJ="1" colname="col3"/></row><row><entry VJ="1" colname="col1">4.1.1</entry><entry VJ="1" colname="col2">ohne technische Prüfung der Funkleitstelle durch die BDBOS</entry><entry VJ="1" colname="col3"/></row><row><entry VJ="1" colname="col1">4.1.1.1</entry><entry VJ="1" colname="col2">Erteilung des Änderungszertifikats</entry><entry VJ="1" colname="col3">548,00</entry></row><row><entry VJ="1" colname="col1">4.1.1.2</entry><entry VJ="1" colname="col2">Prüfung daraufhin, ob die Änderung den Änderungsfallgruppen zuzuordnen ist (zusätzlich zur Gebühr nach Nummer 4.1.1.1)</entry><entry VJ="1" colname="col3">18,60<BR/> pro Änderungsfall-<BR/>gruppe</entry></row><row><entry VJ="1" colname="col1">4.1.1.3</entry><entry VJ="1" colname="col2">Prüfung daraufhin, ob die Funkleitstelle die nachzuweisenden Leistungsmerkmale aufweist (zusätzlich zu den Gebühren nach den Nummern 4.1.1.1 und 4.1.1.2)</entry><entry VJ="1" colname="col3">8,61<BR/> pro nachzuweisendem<BR/>Leistungsmerkmal</entry></row><row><entry VJ="1" colname="col1">4.1.2</entry><entry VJ="1" colname="col2">mit technischer Prüfung der Funkleitstelle durch die BDBOS</entry><entry VJ="1" colname="col3">nach Zeitaufwand</entry></row><row><entry VJ="1" colname="col1">4.2</entry><entry VJ="1" colname="col2">für ein sonstiges Endgerät</entry><entry VJ="1" colname="col3"/></row><row><entry VJ="1" colname="col1">4.2.1</entry><entry VJ="1" colname="col2">ohne technische Prüfung des sonstigen Endgerätes durch die BDBOS</entry><entry VJ="1" colname="col3"/></row><row><entry VJ="1" colname="col1">4.2.1.1</entry><entry VJ="1" colname="col2">Erteilung des Änderungszertifikats</entry><entry VJ="1" colname="col3">481,00</entry></row><row><entry VJ="1" colname="col1">4.2.1.2</entry><entry VJ="1" colname="col2">Prüfung daraufhin, ob die Änderung den Änderungsfallgruppen zuzuordnen ist (zusätzlich zur Gebühr nach Nummer 4.2.1.1)</entry><entry VJ="1" colname="col3">18,60<BR/> pro Änderungsfall-<BR/>gruppe</entry></row><row><entry VJ="1" colname="col1">4.2.1.3</entry><entry VJ="1" colname="col2">Prüfung daraufhin, ob das sonstige Endgerät die nachzuweisenden Leistungsmerkmale aufweist (zusätzlich zu den Gebühren nach den Nummern 4.2.1.1 und 4.2.1.2)</entry><entry VJ="1" colname="col3">8,61<BR/> pro nachzuweisendem<BR/>Leistungsmerkmal</entry></row><row><entry VJ="1" colname="col1">4.2.2</entry><entry VJ="1" colname="col2">mit technischer Prüfung des sonstigen Endgerätes durch die BDBOS</entry><entry VJ="1" colname="col3">nach Zeitaufwand</entry></row><row><entry VJ="1" colname="col1">5</entry><entry VJ="1" colname="col2">Entscheidung über die angezeigte Änderung eines zertifizierten Endgerätes nach § 15a Absatz 3 Satz 5 BDBOSG</entry><entry VJ="1" colname="col3">180,00</entry></row><row><entry VJ="1" colname="col1">6</entry><entry VJ="1" colname="col2">Ausnahmegenehmigung zur Verwendung nicht zertifizierter Endgeräte nach § 15a Absatz 4 Satz 1 BDBOSG</entry><entry VJ="1" colname="col3">593,00</entry></row></tbody></tgroup></table><BR/><BR/><Title Align="center" Class="S1"><B>Abschnitt 4</B></Title><Title Align="auto"><B>BDBOS-Zertifizierungsverordnung (BDBOSZertV)</B></Title><BR/><BR/><table colsep="1" frame="all" pgwide="1" rowsep="1" tocentry="%yes;"><tgroup align="left" char="" charoff="50" cols="3"><colspec colname="col1" colnum="1" colwidth="15*"/><colspec align="justify" colname="col2" colnum="2" colwidth="115*"/><colspec align="center" colname="col3" colnum="3" colwidth="35*"/><thead valign="bottom"><row valign="middle"><entry VJ="1" align="center" colname="col1">Nummer</entry><entry VJ="1" align="center" colname="col2">Gebühren- oder Auslagentatbestand</entry><entry VJ="1" align="center" colname="col3">Gebühren/Auslagen<BR/> in Euro</entry></row></thead><tbody valign="top"><row><entry VJ="1" colname="col1">1</entry><entry VJ="1" colname="col2">Gewährung des Zugangs zum geschützten Bereich der Internetseite der BDBOS nach § 6 Absatz 1 Satz 1 BDBOSZertV</entry><entry VJ="1" colname="col3">201,00</entry></row></tbody></tgroup></table><BR/><BR/><Title Align="center" Class="S1"><B>Abschnitt 5</B></Title><Title Align="auto"><B>Laufbahnbefähigungsanerkennungsverordnung (LBAV)</B></Title><BR/><BR/><table colsep="1" frame="all" pgwide="1" rowsep="1" tocentry="%yes;"><tgroup align="left" char="" charoff="50" cols="3"><colspec colname="col1" colnum="1" colwidth="15*"/><colspec align="justify" colname="col2" colnum="2" colwidth="115*"/><colspec align="center" colname="col3" colnum="3" colwidth="35*"/><thead valign="bottom"><row valign="middle"><entry VJ="1" align="center" colname="col1">Nummer</entry><entry VJ="1" align="center" colname="col2">Gebühren- oder Auslagentatbestand</entry><entry VJ="1" align="center" colname="col3">Gebühren/Auslagen<BR/> in Euro</entry></row></thead><tbody valign="top"><row><entry VJ="1" colname="col1">1</entry><entry VJ="1" colname="col2">Anerkennung einer Qualifikation als Laufbahnbefähigung</entry><entry VJ="1" colname="col3"/></row><row><entry VJ="1" colname="col1">1.1</entry><entry VJ="1" colname="col2">nach § 2 Absatz 1 Nummer 1 LBAV</entry><entry VJ="1" colname="col3">100,00</entry></row><row><entry VJ="1" colname="col1">1.2</entry><entry VJ="1" colname="col2">nach Durchführung einer Eignungsprüfung nach § 2 Absatz 1 Nummer 2 LBAV</entry><entry VJ="1" colname="col3">200,00</entry></row><row><entry VJ="1" colname="col1">1.3</entry><entry VJ="1" colname="col2">nach Durchführung eines Anpassungslehrgangs nach § 2 Absatz 1 Nummer 3 LBAV</entry><entry VJ="1" colname="col3">200,00</entry></row><row><entry VJ="1" colname="col1">1.4</entry><entry VJ="1" colname="col2">nach Durchführung sowohl einer Eignungsprüfung als auch eines Anpassungslehrgangs (§ 2 Absatz 1 Nummer 4 LBAV)</entry><entry VJ="1" colname="col3">300,00</entry></row></tbody></tgroup></table><BR/><BR/><Title Align="center" Class="S1"><B>Abschnitt 6</B></Title><Title Align="auto"><B>Verordnung (EU) 2016/679 (Datenschutz-Grundverordnung – DS-GVO)</B></Title><BR/><BR/><table colsep="1" frame="all" pgwide="1" rowsep="1" tocentry="%yes;"><tgroup align="left" char="" charoff="50" cols="3"><colspec colname="col1" colnum="1" colwidth="15*"/><colspec align="justify" colname="col2" colnum="2" colwidth="115*"/><colspec align="center" colname="col3" colnum="3" colwidth="35*"/><thead valign="bottom"><row valign="middle"><entry VJ="1" align="center" colname="col1">Nummer</entry><entry VJ="1" align="center" colname="col2">Gebühren- oder Auslagentatbestand</entry><entry VJ="1" align="center" colname="col3">Gebühren/Auslagen<BR/> in Euro</entry></row></thead><tbody valign="top"><row><entry VJ="1" colname="col1">1</entry><entry VJ="1" colname="col2">Bei offenkundig unbegründeten oder exzessiven Anträgen im Sinne von Artikel 12 Absatz 5 Satz 2 DS-GVO, sofern die Antragsbearbeitung nicht verweigert wird, die Erteilung von Auskünften, Mitteilungen und Informationen oder das Ergreifen von Maßnahmen nach den Artikeln 15 bis 22 und 34 DS-GVO</entry><entry VJ="1" colname="col3">nach Zeitaufwand</entry></row><row><entry VJ="1" colname="col1">2</entry><entry VJ="1" colname="col2">Die Zurverfügungstellung weiterer Kopien nach Artikel 15 Absatz 3 Satz 2 DS-GVO ist gebührenbefreit.</entry><entry VJ="1" colname="col3"/></row><row><entry VJ="1" colname="col1">3</entry><entry VJ="1" colname="col2">Konsultation der Aufsichtsbehörde bei Datenschutz-Folgenabschätzungen mit erhöhtem Risiko nach Artikel 36 DS-GVO</entry><entry VJ="1" colname="col3">nach Zeitaufwand</entry></row><row><entry VJ="1" colname="col1">4</entry><entry VJ="1" colname="col2">Genehmigung von Verhaltensregeln nach Artikel 40 Absatz 5 DS-GVO</entry><entry VJ="1" colname="col3">nach Zeitaufwand</entry></row><row><entry VJ="1" colname="col1">5</entry><entry VJ="1" colname="col2">Zertifizierung nach Artikel 42 Absatz 5 Satz 1 DS-GVO</entry><entry VJ="1" colname="col3">nach Zeitaufwand</entry></row><row><entry VJ="1" colname="col1">6</entry><entry VJ="1" colname="col2">Erteilung der Befugnis nach Artikel 43 Absatz 1 Satz 2 Buchstabe b DS-GVO in Verbindung mit § 39 BDSG, als Zertifizierungsstelle gemäß Artikel 43 Absatz 1 Satz 1 DS-GVO tätig zu werden</entry><entry VJ="1" colname="col3">nach Zeitaufwand</entry></row><row><entry VJ="1" colname="col1">7</entry><entry VJ="1" colname="col2">Genehmigung von geeigneten Garantien nach Artikel 46 Absatz 3 DS-GVO und verbindlichen internen Datenschutzvorschriften nach Artikel 47 DS-GVO</entry><entry VJ="1" colname="col3">nach Zeitaufwand</entry></row><row><entry VJ="1" colname="col1">8</entry><entry VJ="1" colname="col2">Beantwortung bei offenkundig unbegründeten oder – insbesondere im Fall von häufigen Wiederholungen – exzessiven Anfragen im Sinne von Artikel 57 Absatz 4 DS-GVO</entry><entry VJ="1" colname="col3">nach Zeitaufwand</entry></row><row><entry VJ="1" colname="col1">9</entry><entry VJ="1" colname="col2">Mit Ausnahme der Gebührenerhebung in Bußgeldverfahren nach Artikel 58 Absatz 2 Buchstabe i, Artikel 83 DS-GVO in Verbindung mit § 41 BDSG und § 107 OWiG sind Abhilfemaßnahmen nach Artikel 58 Absatz 2 DS-GVO gebührenbefreit.</entry><entry VJ="1" colname="col3"/></row></tbody></tgroup></table><BR/><BR/><Title Align="center" Class="S1"><B>Abschnitt 7</B></Title><Title Align="auto"><B>BSI-Gesetz (BSIG)</B></Title><BR/><BR/><BR/><table colsep="1" frame="all" pgwide="1" rowsep="1" tocentry="%yes;"><tgroup align="left" char="" charoff="50" cols="3"><colspec colname="col1" colnum="1" colwidth="16*"/><colspec align="justify" colname="col2" colnum="2" colwidth="114*"/><colspec align="center" colname="col3" colnum="3" colwidth="35*"/><thead valign="bottom"><row valign="middle"><entry VJ="1" align="center" colname="col1">Nummer</entry><entry VJ="1" align="center" colname="col2">Gebühren- oder Auslagentatbestand</entry><entry VJ="1" align="center" colname="col3">Gebühren/Auslagen<BR/> in Euro</entry></row></thead><tbody valign="top"><row><entry VJ="1" colname="col1">1</entry><entry VJ="1" colname="col2">Zertifizierungen und Zertifikate</entry><entry VJ="1" colname="col3"/></row><row><entry VJ="1" colname="col1">1.1</entry><entry VJ="1" colname="col2">Zertifizierung von Produkten und Standorten nach Common Criteria auf den verschiedenen EAL-Stufen (Evaluation Assurance Level – Stufen der Vertrauenswürdigkeit einer Sicherheitsleistung)</entry><entry VJ="1" colname="col3"/></row><row><entry VJ="1" colname="col1">1.1.1</entry><entry VJ="1" colname="col2">Erstzertifizierung von Produkten nach § 3 Absatz 1 Satz 2 Nummer 5 in Verbindung mit § 9 Absatz 2 Satz 1 und Absatz 4 BSIG</entry><entry VJ="1" colname="col3"/></row><row><entry VJ="1" colname="col1">1.1.1.1</entry><entry VJ="1" colname="col2">Produktklasse I (einfache IT-Produkte kleineren Umfangs)</entry><entry VJ="1" colname="col3"/></row><row><entry VJ="1" colname="col1">1.1.1.1.1</entry><entry VJ="1" colname="col2">EAL 1</entry><entry VJ="1" colname="col3">5 290,00</entry></row><row><entry VJ="1" colname="col1">1.1.1.1.2</entry><entry VJ="1" colname="col2">EAL 2</entry><entry VJ="1" colname="col3">7 677,00</entry></row><row><entry VJ="1" colname="col1">1.1.1.1.3</entry><entry VJ="1" colname="col2">EAL 3</entry><entry VJ="1" colname="col3">11 546,00</entry></row><row><entry VJ="1" colname="col1">1.1.1.1.4</entry><entry VJ="1" colname="col2">EAL 4</entry><entry VJ="1" colname="col3">14 051,00</entry></row><row><entry VJ="1" colname="col1">1.1.1.1.5</entry><entry VJ="1" colname="col2">EAL 5</entry><entry VJ="1" colname="col3">17 222,00</entry></row><row><entry VJ="1" colname="col1">1.1.1.1.6</entry><entry VJ="1" colname="col2">EAL 6</entry><entry VJ="1" colname="col3">20 589,00</entry></row><row><entry VJ="1" colname="col1">1.1.1.1.7</entry><entry VJ="1" colname="col2">EAL 7</entry><entry VJ="1" colname="col3">nach Zeitaufwand</entry></row><row><entry VJ="1" colname="col1">1.1.1.2</entry><entry VJ="1" colname="col2">Produktklasse II (IT-Produkte mittleren Umfangs und mittlerer Komplexität)</entry><entry VJ="1" colname="col3"/></row><row><entry VJ="1" colname="col1">1.1.1.2.1</entry><entry VJ="1" colname="col2">EAL 1</entry><entry VJ="1" colname="col3">7 802,00</entry></row><row><entry VJ="1" colname="col1">1.1.1.2.2</entry><entry VJ="1" colname="col2">EAL 2</entry><entry VJ="1" colname="col3">12 114,00</entry></row><row><entry VJ="1" colname="col1">1.1.1.2.3</entry><entry VJ="1" colname="col2">EAL 3</entry><entry VJ="1" colname="col3">18 096,00</entry></row><row><entry VJ="1" colname="col1">1.1.1.2.4</entry><entry VJ="1" colname="col2">EAL 4</entry><entry VJ="1" colname="col3">21 778,00</entry></row><row><entry VJ="1" colname="col1">1.1.1.2.5</entry><entry VJ="1" colname="col2">EAL 5</entry><entry VJ="1" colname="col3">26 661,00</entry></row><row><entry VJ="1" colname="col1">1.1.1.2.6</entry><entry VJ="1" colname="col2">EAL 6</entry><entry VJ="1" colname="col3">31 375,00</entry></row><row><entry VJ="1" colname="col1">1.1.1.2.7</entry><entry VJ="1" colname="col2">EAL 7</entry><entry VJ="1" colname="col3">nach Zeitaufwand</entry></row><row><entry VJ="1" colname="col1">1.1.1.3</entry><entry VJ="1" colname="col2">Produktklasse III (umfangreiche und komplexe IT-Produkte)</entry><entry VJ="1" colname="col3"/></row><row><entry VJ="1" colname="col1">1.1.1.3.1</entry><entry VJ="1" colname="col2">EAL 1</entry><entry VJ="1" colname="col3">10 126,00</entry></row><row><entry VJ="1" colname="col1">1.1.1.3.2</entry><entry VJ="1" colname="col2">EAL 2</entry><entry VJ="1" colname="col3">15 947,00</entry></row><row><entry VJ="1" colname="col1">1.1.1.3.3</entry><entry VJ="1" colname="col2">EAL 3</entry><entry VJ="1" colname="col3">24 313,00</entry></row><row><entry VJ="1" colname="col1">1.1.1.3.4</entry><entry VJ="1" colname="col2">EAL 4</entry><entry VJ="1" colname="col3">29 152,00</entry></row><row><entry VJ="1" colname="col1">1.1.1.3.5</entry><entry VJ="1" colname="col2">EAL 5</entry><entry VJ="1" colname="col3">35 378,00</entry></row><row><entry VJ="1" colname="col1">1.1.1.3.6</entry><entry VJ="1" colname="col2">EAL 6</entry><entry VJ="1" colname="col3">40 805,00</entry></row><row><entry VJ="1" colname="col1">1.1.1.3.7</entry><entry VJ="1" colname="col2">EAL 7</entry><entry VJ="1" colname="col3">nach Zeitaufwand</entry></row><row><entry VJ="1" colname="col1">1.1.1.4</entry><entry VJ="1" colname="col2">In allen Produktklassen</entry><entry VJ="1" colname="col3"/></row><row><entry VJ="1" colname="col1">1.1.1.4.1</entry><entry VJ="1" colname="col2">Zertifizierung nach § 3 Absatz 1 Satz 2 Nummer 5 in Verbindung mit § 9 Absatz 2 Satz 1 und Absatz 4 BSIG mit zusätzlichen einzelnen Anforderungen aus einer höheren EAL-Stufe (EAL X+)</entry><entry VJ="1" colname="col3">nach Zeitaufwand</entry></row><row><entry VJ="1" colname="col1">1.1.1.4.2</entry><entry VJ="1" colname="col2">Zertifizierung auf Basis speziell definierter Anforderungen an die Vertrauenswürdigkeit nach § 3 Absatz 1 Satz 2 Nummer 5 in Verbindung mit § 9 Absatz 2 Satz 1 und Absatz 4 BSIG</entry><entry VJ="1" colname="col3">nach Zeitaufwand</entry></row><row><entry VJ="1" colname="col1">1.1.2</entry><entry VJ="1" colname="col2">Re-Zertifizierung von Produkten (in der Regel mit Wiederverwendung von Nachweisen aus anderen BSI-Zertifizierungsverfahren) nach § 3 Absatz 1 Satz 2 Nummer 5 in Verbindung mit § 9 Absatz 2 Satz 1 und Absatz 4 BSIG</entry><entry VJ="1" colname="col3">nach Zeitaufwand</entry></row><row><entry VJ="1" colname="col1">1.1.3</entry><entry VJ="1" colname="col2">Maintenance-Verfahren für Produktzertifikate nach § 3 Absatz 1 Satz 2 Nummer 5 in Verbindung mit § 9 Absatz 2 Satz 1 und Absatz 4 BSIG</entry><entry VJ="1" colname="col3">787,00</entry></row><row><entry VJ="1" colname="col1">1.1.4</entry><entry VJ="1" colname="col2">Re-Assessment (Neubewertung eines bestehenden Produktzertifikats nach aktuellem Stand der Technik) nach § 3 Absatz 1 Satz 2 Nummer 5 in Verbindung mit § 9 Absatz 2 Satz 1 und Absatz 4 BSIG</entry><entry VJ="1" colname="col3">nach Zeitaufwand</entry></row><row><entry VJ="1" colname="col1">1.1.5</entry><entry VJ="1" colname="col2">Zertifizierung der auf den Standort bezogenen Anforderungen an die Vertrauenswürdigkeit für eine Produktzertifizierung nach § 3 Absatz 1 Satz 2 Nummer 5 in Verbindung mit § 9 Absatz 2 Satz 1 und Absatz 4 BSIG</entry><entry VJ="1" colname="col3"/></row><row><entry VJ="1" colname="col1">1.1.5.1</entry><entry VJ="1" colname="col2">Erstzertifizierung eines Standortes</entry><entry VJ="1" colname="col3">nach Zeitaufwand</entry></row><row><entry VJ="1" colname="col1">1.1.5.2</entry><entry VJ="1" colname="col2">Re-Zertifizierung eines Standortes</entry><entry VJ="1" colname="col3">nach Zeitaufwand</entry></row><row><entry VJ="1" colname="col1">1.1.5.3</entry><entry VJ="1" colname="col2">Maintenance-Verfahren für Standortzertifikate</entry><entry VJ="1" colname="col3">775,00</entry></row><row><entry VJ="1" colname="col1">1.2</entry><entry VJ="1" colname="col2">Zertifizierung von Schutzprofilen nach Common Criteria und anderen Prüfkriterien nach § 3 Absatz 1 Satz 2 Nummer 5 in Verbindung mit § 9 Absatz 2 Satz 1 und Absatz 4 BSIG</entry><entry VJ="1" colname="col3"/></row><row><entry VJ="1" colname="col1">1.2.1</entry><entry VJ="1" colname="col2">Erstzertifizierung eines Schutzprofils</entry><entry VJ="1" colname="col3">nach Zeitaufwand</entry></row><row><entry VJ="1" colname="col1">1.2.2</entry><entry VJ="1" colname="col2">Re-Zertifizierung eines Schutzprofils</entry><entry VJ="1" colname="col3">nach Zeitaufwand</entry></row><row><entry VJ="1" colname="col1">1.2.3</entry><entry VJ="1" colname="col2">Maintenance-Verfahren für Schutzprofilzertifikate</entry><entry VJ="1" colname="col3">724,00</entry></row><row><entry VJ="1" colname="col1">1.3</entry><entry VJ="1" colname="col2">Zertifizierung von Produkten und Systemen nach technischen Richtlinien des Bundesamtes für Sicherheit in der Informationstechnik (BSI) nach § 3 Absatz 1 Satz 2 Nummer 5 in Verbindung mit § 9 Absatz 2 Satz 1 und Absatz 4 BSIG</entry><entry VJ="1" colname="col3"/></row><row><entry VJ="1" colname="col1">1.3.1</entry><entry VJ="1" colname="col2">Erstzertifizierung eines Produkts</entry><entry VJ="1" colname="col3">2 398,00</entry></row><row><entry VJ="1" colname="col1">1.3.2</entry><entry VJ="1" colname="col2">Re-Zertifizierung eines Produkts</entry><entry VJ="1" colname="col3">1 075,00</entry></row><row><entry VJ="1" colname="col1">1.3.3</entry><entry VJ="1" colname="col2">Maintenance-Verfahren für Produktzertifikate</entry><entry VJ="1" colname="col3">425,00</entry></row><row><entry VJ="1" colname="col1">1.3.4</entry><entry VJ="1" colname="col2">Erstzertifizierung eines Systems</entry><entry VJ="1" colname="col3">2 936,00</entry></row><row><entry VJ="1" colname="col1">1.3.5</entry><entry VJ="1" colname="col2">Re-Zertifizierung eines Systems</entry><entry VJ="1" colname="col3">1 929,00</entry></row><row><entry VJ="1" colname="col1">1.3.6</entry><entry VJ="1" colname="col2">Überwachungsaudit für System-Zertifikate</entry><entry VJ="1" colname="col3">520,00</entry></row><row><entry VJ="1" colname="col1">1.4</entry><entry VJ="1" colname="col2">Zertifizierung von Systemen nach ISO 27001 auf der Basis von IT-Grundschutz nach § 3 Absatz 1 Satz 2 Nummer 5 in Verbindung mit § 9 Absatz 2 Satz 1 und Absatz 4 BSIG</entry><entry VJ="1" colname="col3"/></row><row><entry VJ="1" colname="col1">1.4.1</entry><entry VJ="1" colname="col2">Erstzertifizierung eines Systems</entry><entry VJ="1" colname="col3">2 978,00</entry></row><row><entry VJ="1" colname="col1">1.4.2</entry><entry VJ="1" colname="col2">Re-Zertifizierung eines Systems</entry><entry VJ="1" colname="col3">2 658,00</entry></row><row><entry VJ="1" colname="col1">1.5</entry><entry VJ="1" colname="col2">Zertifizierung einer Person gemäß Verfahrensbeschreibung des BSI nach § 3 Absatz 1 Satz 2 Nummer 5 in Verbindung mit § 9 Absatz 2 Satz 1 und Absatz 5 BSIG</entry><entry VJ="1" colname="col3"/></row><row><entry VJ="1" colname="col1">1.5.1</entry><entry VJ="1" colname="col2">Zertifizierung einer Person</entry><entry VJ="1" colname="col3">nach Zeitaufwand</entry></row><row><entry VJ="1" colname="col1">1.5.2</entry><entry VJ="1" colname="col2">Re-Zertifizierung einer Person</entry><entry VJ="1" colname="col3">221,00</entry></row><row><entry VJ="1" colname="col1">1.5.3</entry><entry VJ="1" colname="col2">Vor-Ort-Überwachung einer Person</entry><entry VJ="1" colname="col3">963,00</entry></row><row><entry VJ="1" colname="col1">1.6</entry><entry VJ="1" colname="col2">Zertifizierung von IT-Sicherheitsdienstleistern gemäß Verfahrensbeschreibung des BSI nach § 3 Absatz 1 Satz 2 Nummer 5 in Verbindung mit § 9 Absatz 2 Satz 1 und Absatz 5 BSIG</entry><entry VJ="1" colname="col3"/></row><row><entry VJ="1" colname="col1">1.6.1</entry><entry VJ="1" colname="col2">Systembegutachtung</entry><entry VJ="1" colname="col3">nach Zeitaufwand</entry></row><row><entry VJ="1" colname="col1">1.6.2</entry><entry VJ="1" colname="col2">Fachbegutachtung</entry><entry VJ="1" colname="col3">nach Zeitaufwand</entry></row><row><entry VJ="1" colname="col1">1.6.3</entry><entry VJ="1" colname="col2">Begutachtung zur Systemförderung</entry><entry VJ="1" colname="col3">1 485,00</entry></row><row><entry VJ="1" colname="col1">1.6.4</entry><entry VJ="1" colname="col2">Außerordentliche Begutachtung</entry><entry VJ="1" colname="col3">nach Zeitaufwand</entry></row><row><entry VJ="1" colname="col1">1.6.5</entry><entry VJ="1" colname="col2">Erweiterung des Geltungsbereichs einer Zertifizierung eines IT-Sicherheitsdienstleisters</entry><entry VJ="1" colname="col3">nach Zeitaufwand</entry></row><row><entry VJ="1" colname="col1">1.7</entry><entry VJ="1" colname="col2">Zertifizierung nach sonstigen Prüfstandards nach § 3 Absatz 1 Satz 2 Nummer 5 in Verbindung mit § 9 Absatz 2 Satz 1 und Absatz 4 BSIG</entry><entry VJ="1" colname="col3">nach Zeitaufwand</entry></row><row><entry VJ="1" colname="col1">1.8</entry><entry VJ="1" colname="col2">Anerkennung von Zertifikaten anderer Stellen nach § 3 Absatz 1 Satz 2 Nummer 5 in Verbindung mit § 9 Absatz 7 BSIG</entry><entry VJ="1" colname="col3">nach Zeitaufwand</entry></row><row><entry VJ="1" colname="col1">1.9</entry><entry VJ="1" colname="col2">Anerkennung von sachverständigen Stellen gemäß Verfahrensbeschreibung des BSI nach § 3 Absatz 1 Satz 2 Nummer 5 in Verbindung mit § 9 Absatz 6 BSIG</entry><entry VJ="1" colname="col3"/></row><row><entry VJ="1" colname="col1">1.9.1</entry><entry VJ="1" colname="col2">Systembegutachtung einer Stelle</entry><entry VJ="1" colname="col3">nach Zeitaufwand</entry></row><row><entry VJ="1" colname="col1">1.9.2</entry><entry VJ="1" colname="col2">Fachbegutachtung einer Stelle</entry><entry VJ="1" colname="col3">nach Zeitaufwand</entry></row><row><entry VJ="1" colname="col1">1.9.3</entry><entry VJ="1" colname="col2">Begutachtung zur Systemförderung einer Stelle</entry><entry VJ="1" colname="col3">1 449,00</entry></row><row><entry VJ="1" colname="col1">1.9.4</entry><entry VJ="1" colname="col2">Außerordentliche Begutachtung einer Stelle</entry><entry VJ="1" colname="col3">nach Zeitaufwand</entry></row><row><entry VJ="1" colname="col1">1.9.5</entry><entry VJ="1" colname="col2">Erweiterung des Geltungsbereichs einer Anerkennung</entry><entry VJ="1" colname="col3">nach Zeitaufwand</entry></row><row><entry VJ="1" colname="col1">1.10</entry><entry VJ="1" colname="col2">Digitale Zertifikate für den Betrieb von Krypto- und Sicherheitsmanagementsystemen nach § 3 Absatz 1 Satz 2 Nummer 8 BSIG</entry><entry VJ="1" colname="col3"/></row><row><entry VJ="1" colname="col1">1.10.1</entry><entry VJ="1" colname="col2">Erteilung eines digitalen Erstzertifikats</entry><entry VJ="1" colname="col3">nach Zeitaufwand</entry></row><row><entry VJ="1" colname="col1">1.10.2</entry><entry VJ="1" colname="col2">Erneuerung eines digitalen Zertifikats</entry><entry VJ="1" colname="col3">291,00</entry></row><row><entry VJ="1" colname="col1">2</entry><entry VJ="1" colname="col2">Prüfung und Bewertung der Sicherheit von informationstechnischen Systemen oder Komponenten nach § 3 Absatz 1 Satz 2 Nummer 5 BSIG</entry><entry VJ="1" colname="col3"/></row><row><entry VJ="1" colname="col1">2.1</entry><entry VJ="1" colname="col2">Informationssicherheitsrevision (IS-Revision)</entry><entry VJ="1" colname="col3"/></row><row><entry VJ="1" colname="col1">2.1.1</entry><entry VJ="1" colname="col2">IS-Kurzrevision</entry><entry VJ="1" colname="col3">4 315,00</entry></row><row><entry VJ="1" colname="col1">2.1.2</entry><entry VJ="1" colname="col2">IS-Partialrevision</entry><entry VJ="1" colname="col3">nach Zeitaufwand</entry></row><row><entry VJ="1" colname="col1">2.1.3</entry><entry VJ="1" colname="col2">IS-Querschnittsrevision</entry><entry VJ="1" colname="col3">nach Zeitaufwand</entry></row><row><entry VJ="1" colname="col1">2.2</entry><entry VJ="1" colname="col2">Sonstige Prüfungen und Bewertungen</entry><entry VJ="1" colname="col3">nach Zeitaufwand</entry></row><row><entry VJ="1" colname="col1">3</entry><entry VJ="1" colname="col2">Unterstützung, Beratung und Durchführung von technischen Prüfungen nach § 3 Absatz 1 Satz 2 Nummer 9 BSIG</entry><entry VJ="1" colname="col3">nach Zeitaufwand</entry></row><row><entry VJ="1" colname="col1">4</entry><entry VJ="1" colname="col2">Unterstützungshandlung nach § 3 Absatz 1 Satz 2 Nummer 12, 13 und 13a BSIG</entry><entry VJ="1" colname="col3">nach Zeitaufwand</entry></row><row><entry VJ="1" colname="col1">5</entry><entry VJ="1" colname="col2">Beratung nach § 3 Absatz 1 Satz 2 Nummer 14 BSIG</entry><entry VJ="1" colname="col3">nach Zeitaufwand</entry></row><row><entry VJ="1" colname="col1">6</entry><entry VJ="1" colname="col2">Freigabe eines IT-Sicherheitskennzeichens nach § 3 Absatz 1 Satz 2 Nummer 14a in Verbindung mit § 9c Absatz 5 BSIG</entry><entry VJ="1" colname="col3">nach Zeitaufwand</entry></row><row><entry VJ="1" colname="col1">7</entry><entry VJ="1" colname="col2">Prüfung der Eignung branchenspezifischer Sicherheitsstandards nach § 3 Absatz 1 Satz 2 Nummer 17 in Verbindung mit § 8a Absatz 2 BSIG</entry><entry VJ="1" colname="col3">nach Zeitaufwand</entry></row><row><entry VJ="1" colname="col1">8</entry><entry VJ="1" colname="col2">Bewertung von Sicherheitsmängeln nach § 3 Absatz 1 Satz 2 Nummer 17 in Verbindung mit § 8a Absatz 3 Satz 4 BSIG</entry><entry VJ="1" colname="col3">nach Zeitaufwand</entry></row><row><entry VJ="1" colname="col1">9</entry><entry VJ="1" colname="col2">Unterstützung bei der Wiederherstellung der Sicherheit oder Funktionsfähigkeit informationstechnischer Systeme in herausgehobenen Fällen nach § 3 Absatz 1 Satz 2 Nummer 18 in Verbindung mit § 5b BSIG</entry><entry VJ="1" colname="col3">nach Zeitaufwand</entry></row><row><entry VJ="1" colname="col1">10</entry><entry VJ="1" colname="col2">Empfehlungen für Identifizierungs- und Authentisierungsverfahren und Bewertung dieser Verfahren im Hinblick auf die Informationssicherheit nach § 3 Absatz 1 Satz 2 Nummer 19 BSIG</entry><entry VJ="1" colname="col3">nach Zeitaufwand</entry></row><row><entry VJ="1" colname="col1">11</entry><entry VJ="1" colname="col2">Beratung und Unterstützung von Betreibern Kritischer Infrastrukturen nach § 3 Absatz 3 BSIG</entry><entry VJ="1" colname="col3">nach Zeitaufwand</entry></row><row><entry VJ="1" colname="col1">12</entry><entry VJ="1" colname="col2">Bei den Gebührentatbeständen der Nummern 1 bis 11 sind neben den Gebühren die Kosten für Dienstreisen und für Dritte als Auslagen zu erheben.</entry><entry VJ="1" colname="col3"/></row></tbody></tgroup></table><BR/><BR/><Title Align="center" Class="S1"><B>Abschnitt 8</B></Title><Title Align="auto"><B>De-Mail-Gesetz (De-Mail-G)</B></Title><BR/><BR/><table colsep="1" frame="all" pgwide="1" rowsep="1" tocentry="%yes;"><tgroup align="left" char="" charoff="50" cols="3"><colspec colname="col1" colnum="1" colwidth="15*"/><colspec align="justify" colname="col2" colnum="2" colwidth="115*"/><colspec align="center" colname="col3" colnum="3" colwidth="35*"/><thead valign="bottom"><row valign="middle"><entry VJ="1" align="center" colname="col1">Nummer</entry><entry VJ="1" align="center" colname="col2">Gebühren- oder Auslagentatbestand</entry><entry VJ="1" align="center" colname="col3">Gebühren/Auslagen<BR/> in Euro</entry></row></thead><tbody valign="top"><row><entry VJ="1" colname="col1">1</entry><entry VJ="1" colname="col2">Akkreditierung und Erteilung des Gütezeichens nach § 17 Absatz 1 De-Mail-G durch das BSI</entry><entry VJ="1" colname="col3">nach Zeitaufwand</entry></row><row><entry VJ="1" colname="col1">2</entry><entry VJ="1" colname="col2">Erneuerung der Akkreditierung nach § 17 Absatz 3 De-Mail-G durch das BSI</entry><entry VJ="1" colname="col3">nach Zeitaufwand</entry></row><row><entry VJ="1" colname="col1">3</entry><entry VJ="1" colname="col2">Zertifikat nach § 18 Absatz 3 Nummer 4 De-Mail-G durch den Bundesbeauftragten für den Datenschutz und die Informationsfreiheit (BfDI)</entry><entry VJ="1" colname="col3"/></row><row><entry VJ="1" colname="col1">3.1</entry><entry VJ="1" colname="col2">Erteilung des Zertifikats durch den BfDI</entry><entry VJ="1" colname="col3">nach Zeitaufwand</entry></row><row><entry VJ="1" colname="col1">3.2</entry><entry VJ="1" colname="col2">Beim Gebührentatbestand nach Nummer 3.1 sind neben der Gebühr folgende Kosten als Auslagen zu erheben:</entry><entry VJ="1" colname="col3"/></row><row><entry VJ="1" colname="col1">3.2.1</entry><entry VJ="1" colname="col2">Kosten für Sachverständige</entry><entry VJ="1" colname="col3"/></row><row><entry VJ="1" colname="col1">3.2.2</entry><entry VJ="1" colname="col2">Kosten für Leistungen anderer Behörden und Dritter</entry><entry VJ="1" colname="col3"/></row><row><entry VJ="1" colname="col1">3.2.3</entry><entry VJ="1" colname="col2">Kosten für Dienstreisen</entry><entry VJ="1" colname="col3"/></row><row><entry VJ="1" colname="col1">4</entry><entry VJ="1" colname="col2">Prüfung der Gleichwertigkeit ausländischer Diensteanbieter nach § 19 Absatz 2 De-Mail-G durch das BSI</entry><entry VJ="1" colname="col3">nach Zeitaufwand</entry></row><row><entry VJ="1" colname="col1">5</entry><entry VJ="1" colname="col2">Untersagung oder teilweise Untersagung des Betriebes nach § 20 Absatz 3 De-Mail-G durch das BSI</entry><entry VJ="1" colname="col3">nach Zeitaufwand</entry></row><row><entry VJ="1" colname="col1">6</entry><entry VJ="1" colname="col2">Bei den Gebührentatbeständen der Nummern 1, 2, 4 und 5 sind neben den Gebühren die Kosten für Dienstreisen und für Dritte als Auslagen zu erheben.</entry><entry VJ="1" colname="col3"/></row></tbody></tgroup></table><BR/><BR/><Title Align="center" Class="S1"><B>Abschnitt 9</B></Title><Title Align="auto"><B>Verordnung zur Erteilung von Unbedenklichkeitsbescheinigungen (UnbBeschErtV)</B></Title><BR/><BR/><table colsep="1" frame="all" pgwide="1" rowsep="1" tocentry="%yes;"><tgroup align="left" char="" charoff="50" cols="3"><colspec colname="col1" colnum="1" colwidth="15*"/><colspec align="justify" colname="col2" colnum="2" colwidth="115*"/><colspec align="center" colname="col3" colnum="3" colwidth="35*"/><thead valign="bottom"><row valign="middle"><entry VJ="1" align="center" colname="col1">Nummer</entry><entry VJ="1" align="center" colname="col2">Gebühren- oder Auslagentatbestand</entry><entry VJ="1" align="center" colname="col3">Gebühren/Auslagen<BR/> in Euro</entry></row></thead><tbody valign="top"><row><entry VJ="1" colname="col1">1</entry><entry VJ="1" colname="col2">Erteilung einer Unbedenklichkeitsbescheinigung (Erstbescheinigung)</entry><entry VJ="1" colname="col3"/></row><row><entry VJ="1" colname="col1">1.1</entry><entry VJ="1" colname="col2">für den Hersteller einer Spieleinrichtung nach § 3 Absatz 1 Nummer 1 <NB>UnbBeschErtV</NB></entry><entry VJ="1" colname="col3">nach Zeitaufwand</entry></row><row><entry VJ="1" colname="col1">1.2</entry><entry VJ="1" colname="col2">für den Veranstalter nach § 3 Absatz 1 Nummer 2 UnbBeschErtV</entry><entry VJ="1" colname="col3">nach Zeitaufwand</entry></row><row><entry VJ="1" colname="col1">2</entry><entry VJ="1" colname="col2">Erteilung einer Unbedenklichkeitsbescheinigung (erneute Bescheinigung)</entry><entry VJ="1" colname="col3"/></row><row><entry VJ="1" colname="col1">2.1</entry><entry VJ="1" colname="col2">für den Hersteller einer Spieleinrichtung nach § 3 Absatz 1 Nummer 1 UnbBeschErtV</entry><entry VJ="1" colname="col3">nach Zeitaufwand</entry></row><row><entry VJ="1" colname="col1">2.2</entry><entry VJ="1" colname="col2">für den Veranstalter nach § 3 Absatz 1 Nummer 2 UnbBeschErtV</entry><entry VJ="1" colname="col3">nach Zeitaufwand</entry></row><row><entry VJ="1" colname="col1">3</entry><entry VJ="1" colname="col2">Abdruck der Unbedenklichkeitsbescheinigung bei jedem Nachbau einer Spieleinrichtung nach § 3 Absatz 2 UnbBeschErtV</entry><entry VJ="1" colname="col3">nach Zeitaufwand</entry></row><row><entry VJ="1" colname="col1">4</entry><entry VJ="1" colname="col2">Bei den Gebührentatbeständen der Nummern 1 bis 3 sind neben den Gebühren die Kosten eines nach § 1 Satz 3 UnbBeschErtV vom BKA mit der Durchführung der Prüfung beauftragten Fachinstituts und die Kosten für Dienstreisen des Spielausschusses als Auslagen zu erheben.</entry><entry VJ="1" colname="col3"/></row><row><entry VJ="1" colname="col1">5</entry><entry VJ="1" colname="col2">Änderung des Veranstaltungsplatzes bei einer erteilten Unbedenklichkeitsbescheinigung nach § 3 Absatz 1 in Verbindung mit § 4 Nummer 5 UnbBeschErtV</entry><entry VJ="1" colname="col3">nach Zeitaufwand</entry></row></tbody></tgroup></table><BR/><BR/><Title Align="center" Class="S1"><B>Abschnitt 10</B></Title><Title Align="auto"><B>Waffengesetz (WaffG)</B></Title><BR/><BR/><table colsep="1" frame="all" pgwide="1" rowsep="1" tocentry="%yes;"><tgroup align="left" char="" charoff="50" cols="3"><colspec colname="col1" colnum="1" colwidth="15*"/><colspec align="justify" colname="col2" colnum="2" colwidth="115*"/><colspec align="center" colname="col3" colnum="3" colwidth="35*"/><thead valign="bottom"><row valign="middle"><entry VJ="1" align="center" colname="col1">Nummer</entry><entry VJ="1" align="center" colname="col2">Gebühren- oder Auslagentatbestand; Gebühren- und Auslagenbefreiung</entry><entry VJ="1" align="center" colname="col3">Gebühren/Auslagen<BR/> in Euro</entry></row></thead><tbody valign="top"><row><entry VJ="1" colname="col1">1</entry><entry VJ="1" colname="col2">Feststellung durch das BKA nach § 2 Absatz 5 in Verbindung mit § 48 Absatz 3 WaffG, ob Gegenstände vom WaffG erfasst werden, mit Einstufung dieser Gegenstände nach Anlage 1 Abschnitt 1 und 3 sowie Anlage 2 WaffG</entry><entry VJ="1" colname="col3">nach Zeitaufwand</entry></row><row><entry VJ="1" colname="col1">2</entry><entry VJ="1" colname="col2">Feststellungen nach Nummer 1 auf Antrag von Behörden sind gebühren- und auslagenbefreit.</entry><entry VJ="1" colname="col3"/></row><row><entry VJ="1" colname="col1">3</entry><entry VJ="1" colname="col2">Bei dem Gebührentatbestand der Nummer 1 sind neben der Gebühr auch folgende Kosten des BKA als Auslagen zu erheben:</entry><entry VJ="1" colname="col3"/></row><row><entry VJ="1" colname="col1">3.1</entry><entry VJ="1" colname="col2">Kosten für die Veröffentlichung der Feststellung im Bundesanzeiger</entry><entry VJ="1" colname="col3"/></row><row><entry VJ="1" colname="col1">3.2</entry><entry VJ="1" colname="col2">Kosten anderer Behörden und Dritter, soweit diese vom BKA beauftragt wurden</entry><entry VJ="1" colname="col3"/></row><row><entry VJ="1" colname="col1">3.3</entry><entry VJ="1" colname="col2">Kosten für Eingangsabgaben, insbesondere Zölle und die Eingangsumsatzsteuer, sowie die mit den Eingangsabgaben im Zusammenhang stehenden Gebühren bei der Prüfung von Stoffen und Gegenständen, die dem BKA aus dem Ausland zugesandt werden</entry><entry VJ="1" colname="col3"/></row><row><entry VJ="1" colname="col1">4</entry><entry VJ="1" colname="col2">Erlaubnis durch das BVA</entry><entry VJ="1" colname="col3"/></row><row><entry VJ="1" colname="col1">4.1</entry><entry VJ="1" colname="col2">zum Erwerb und Besitz von Waffen oder Munition (Waffenbesitzkarte)</entry><entry VJ="1" colname="col3"/></row><row><entry VJ="1" colname="col1">4.1.1</entry><entry VJ="1" colname="col2">für eine Person einschließlich der Ersteintragung einer Erwerbs- und Besitzberechtigung für eine Waffe nach § 10 Absatz 1 Satz 1 in Verbindung mit § 48 Absatz 2 WaffG</entry><entry VJ="1" colname="col3"/></row><row><entry VJ="1" colname="col1">4.1.1.1</entry><entry VJ="1" colname="col2">für einen Waffensammler, in Verbindung mit § 17 Absatz 1 WaffG oder für einen Waffen- oder Munitionssachverständigen, in Verbindung mit § 18 WaffG</entry><entry VJ="1" colname="col3">nach Zeitaufwand</entry></row><row><entry VJ="1" colname="col1">4.1.1.2</entry><entry VJ="1" colname="col2">für eine sonstige natürliche Person einschließlich <DL Font="normal" Type="Dash"><DT>–</DT><DD Font="normal"><LA Size="normal">Jäger, in Verbindung mit § 13 WaffG,</LA></DD><DT>–</DT><DD Font="normal"><LA Size="normal">Sportschützen, in Verbindung mit § 14 WaffG,</LA></DD><DT>–</DT><DD Font="normal"><LA Size="normal">Brauchtumsschützen, in Verbindung mit § 16 WaffG,</LA></DD><DT>–</DT><DD Font="normal"><LA Size="normal">gefährdete Personen, in Verbindung mit § 19 WaffG oder</LA></DD><DT>–</DT><DD Font="normal"><LA Size="normal">Erben, in Verbindung mit § 20 WaffG</LA></DD></DL></entry><entry VJ="1" colname="col3">62,90</entry></row><row><entry VJ="1" colname="col1">4.1.2</entry><entry VJ="1" colname="col2">für mehrere Personen nach § 10 Absatz 2 Satz 1 in Verbindung mit § 48 Absatz 2 WaffG</entry><entry VJ="1" colname="col3">nach Zeitaufwand</entry></row><row><entry VJ="1" colname="col1">4.1.3</entry><entry VJ="1" colname="col2">für einen schießsportlichen Verein oder eine jagdliche Vereinigung als juristische Person nach § 10 Absatz 2 Satz 2 in Verbindung mit § 48 Absatz 2 WaffG (Vereins-Waffenbesitzkarte)</entry><entry VJ="1" colname="col3">nach Zeitaufwand</entry></row><row><entry VJ="1" colname="col1">4.2</entry><entry VJ="1" colname="col2">zum Erwerb und Besitz von Munition nach § 10 Absatz 3 Satz 2 in Verbindung mit § 48 Absatz 2 WaffG (Munitionserwerbsschein)</entry><entry VJ="1" colname="col3">nach Zeitaufwand</entry></row><row><entry VJ="1" colname="col1">4.3</entry><entry VJ="1" colname="col2">zum Führen einer Waffe nach § 10 Absatz 4 Satz 1 in Verbindung mit § 48 Absatz 2 WaffG (Waffenschein)</entry><entry VJ="1" colname="col3">nach Zeitaufwand</entry></row><row><entry VJ="1" colname="col1">4.4</entry><entry VJ="1" colname="col2">zum Führen von Schreckschuss-, Reizstoff- und Signalwaffen nach § 10 Absatz 4 Satz 4 in Verbindung mit § 48 Absatz 2 WaffG (Kleiner Waffenschein)</entry><entry VJ="1" colname="col3">38,90</entry></row><row><entry VJ="1" colname="col1">4.5</entry><entry VJ="1" colname="col2">zur gewerbsmäßigen Waffenherstellung und zum Waffenhandel nach § 21 Absatz 1 in Verbindung mit § 48 Absatz 2 WaffG</entry><entry VJ="1" colname="col3">nach Zeitaufwand</entry></row><row><entry VJ="1" colname="col1">4.6</entry><entry VJ="1" colname="col2">zum Schießen nach § 10 Absatz 5 in Verbindung mit § 48 Absatz 2 WaffG (Schießerlaubnis)</entry><entry VJ="1" colname="col3">nach Zeitaufwand</entry></row><row><entry VJ="1" colname="col1">4.7</entry><entry VJ="1" colname="col2">zum Schießen außerhalb von Schießstätten zur Brauchtumspflege nach § 16 Absatz 3 in Verbindung mit § 48 Absatz 2 WaffG</entry><entry VJ="1" colname="col3">nach Zeitaufwand</entry></row><row><entry VJ="1" colname="col1">4.8</entry><entry VJ="1" colname="col2">zum Erwerb von Schusswaffen oder von Munition für eine Person, die ihren gewöhnlichen Aufenthalt</entry><entry VJ="1" colname="col3"/></row><row><entry VJ="1" colname="col1">4.8.1</entry><entry VJ="1" colname="col2">in einem anderen Mitgliedstaat der Europäischen Union hat und Schusswaffen oder Munition in der Bundesrepublik Deutschland erwerben möchte, nach § 11 Absatz 1 in Verbindung mit § 48 Absatz 2 WaffG</entry><entry VJ="1" colname="col3">nach Zeitaufwand</entry></row><row><entry VJ="1" colname="col1">4.8.2</entry><entry VJ="1" colname="col2">in der Bundesrepublik Deutschland hat und Schusswaffen oder Munition in einem anderen Mitgliedstaat der Europäischen Union erwerben möchte, nach § 11 Absatz 2 in Verbindung mit § 48 Absatz 2 WaffG</entry><entry VJ="1" colname="col3">nach Zeitaufwand</entry></row><row><entry VJ="1" colname="col1">4.9</entry><entry VJ="1" colname="col2">für das Verbringen oder die Mitnahme von Waffen oder Munition nach, durch oder aus der Bundesrepublik Deutschland nach § 29 Absatz 1, § 30 Satz 1 oder § 32 Absatz 1 Satz 1, jeweils in Verbindung mit § 48 Absatz 2 WaffG</entry><entry VJ="1" colname="col3">49,40</entry></row><row><entry VJ="1" colname="col1">4.10</entry><entry VJ="1" colname="col2">zur Mitnahme von Schusswaffen oder Munition in einen anderen Mitgliedstaat nach § 32 Absatz 6 in Verbindung mit § 48 Absatz 2 WaffG (Europäischer Feuerwaffenpass)</entry><entry VJ="1" colname="col3">62,40</entry></row><row><entry VJ="1" colname="col1">4.11</entry><entry VJ="1" colname="col2">zum Erwerb, Führen, Schießen, Verbringen oder Mitnahme nach den Nummern 2.1 bis 2.10 durch Erteilung einer Ersatzausfertigung</entry><entry VJ="1" colname="col3">nach Zeitaufwand</entry></row><row><entry VJ="1" colname="col1">5</entry><entry VJ="1" colname="col2">Eintragung oder Austragung durch das BVA</entry><entry VJ="1" colname="col3"/></row><row><entry VJ="1" colname="col1">5.1</entry><entry VJ="1" colname="col2">Eintragung in eine bereits vorhandene Waffenbesitzkarte</entry><entry VJ="1" colname="col3"/></row><row><entry VJ="1" colname="col1">5.1.1</entry><entry VJ="1" colname="col2">der Erlaubnis zum Erwerb und Besitz einer Waffe oder von Munition nach § 10 Absatz 1 Satz 1 in Verbindung mit Anlage 1 Abschnitt 1 Unterabschnitt 1 Nummer 1.3 und in Verbindung mit § 48 Absatz 2 WaffG</entry><entry VJ="1" colname="col3">40,10</entry></row><row><entry VJ="1" colname="col1">5.1.2</entry><entry VJ="1" colname="col2">der Erlaubnis zum Erwerb und Besitz einer Waffe nach § 10 Absatz 1 Satz 1 oder der Erlaubnis zum Erwerb und Besitz von Munition nach § 10 Absatz 3 Satz 1 in Verbindung mit § 48 Absatz 2 WaffG</entry><entry VJ="1" colname="col3">45,25</entry></row><row><entry VJ="1" colname="col1">5.1.3</entry><entry VJ="1" colname="col2">der Erlaubnis zum Erwerb und Besitz eines wesentlichen Teils der Waffe nach § 10 Absatz 1 Satz 1 in Verbindung mit Anlage 1 Abschnitt 1 Unterabschnitt 1 Nummer 1.3 und in Verbindung mit § 48 Absatz 2 WaffG</entry><entry VJ="1" colname="col3">nach Zeitaufwand</entry></row><row><entry VJ="1" colname="col1">5.1.4</entry><entry VJ="1" colname="col2">des Überlassens einer Waffe an einen anderen Berechtigten nach § 10 Absatz 1 in Verbindung mit § 48 Absatz 2 WaffG</entry><entry VJ="1" colname="col3">44,70</entry></row><row><entry VJ="1" colname="col1">5.2</entry><entry VJ="1" colname="col2">Ein- oder Austragung einer Waffe in den oder aus dem Europäischen Feuerwaffenpass oder sonstige Änderungen nach § 32 Absatz 6 in Verbindung mit § 48 Absatz 2 WaffG</entry><entry VJ="1" colname="col3">45,30</entry></row><row><entry VJ="1" colname="col1">6</entry><entry VJ="1" colname="col2">Verlängerung durch das BVA</entry><entry VJ="1" colname="col3"/></row><row><entry VJ="1" colname="col1">6.1</entry><entry VJ="1" colname="col2">eines Waffenscheins nach § 10 Absatz 4 Satz 2 in Verbindung mit § 48 Absatz 2 WaffG</entry><entry VJ="1" colname="col3">nach Zeitaufwand</entry></row><row><entry VJ="1" colname="col1">6.2</entry><entry VJ="1" colname="col2">einer Erlaubnis für die Mitnahme von Waffen oder Munition nach oder durch die Bundesrepublik Deutschland nach § 32 Absatz 1 Satz 2 in Verbindung mit § 48 Absatz 2 WaffG</entry><entry VJ="1" colname="col3">nach Zeitaufwand</entry></row><row><entry VJ="1" colname="col1">7</entry><entry VJ="1" colname="col2">Genehmigung durch das BVA</entry><entry VJ="1" colname="col3"/></row><row><entry VJ="1" colname="col1">7.1</entry><entry VJ="1" colname="col2">einer Sportordnung</entry><entry VJ="1" colname="col3"/></row><row><entry VJ="1" colname="col1">7.1.1</entry><entry VJ="1" colname="col2">nach § 15a Absatz 2 Satz 1 und 2 WaffG</entry><entry VJ="1" colname="col3">nach Zeitaufwand</entry></row><row><entry VJ="1" colname="col1">7.1.2</entry><entry VJ="1" colname="col2">ohne gleichzeitige Anerkennung als Verband nach § 15a Absatz 3 WaffG</entry><entry VJ="1" colname="col3">nach Zeitaufwand</entry></row><row><entry VJ="1" colname="col1">7.2</entry><entry VJ="1" colname="col2">von Änderungen genehmigter Sportordnungen nach § 15a Absatz 2 Satz 3 und Absatz 3 WaffG</entry><entry VJ="1" colname="col3">nach Zeitaufwand</entry></row><row><entry VJ="1" colname="col1">8</entry><entry VJ="1" colname="col2">Anerkennung durch das BVA von Schießsportverbänden nach § 15 WaffG</entry><entry VJ="1" colname="col3">nach Zeitaufwand</entry></row><row><entry VJ="1" colname="col1">9</entry><entry VJ="1" colname="col2">Überprüfung, Überwachung, Prüfung oder Kontrolle</entry><entry VJ="1" colname="col3"/></row><row><entry VJ="1" colname="col1">9.1</entry><entry VJ="1" colname="col2">Regelüberprüfung der Voraussetzungen für eine Waffen- und Munitionserlaubnis</entry><entry VJ="1" colname="col3"/></row><row><entry VJ="1" colname="col1">9.1.1</entry><entry VJ="1" colname="col2">Regelüberprüfung der Voraussetzungen für eine Erlaubnis nach § 4 Absatz 3 und des Fortbestehens des Bedürfnisses nach § 4 Absatz 4 WaffG, jeweils in Verbindung mit § 48 Absatz 2 WaffG</entry><entry VJ="1" colname="col3"/></row><row><entry VJ="1" colname="col1">9.1.1.1</entry><entry VJ="1" colname="col2">für Personen mit bekannter Adresse</entry><entry VJ="1" colname="col3">81,35</entry></row><row><entry VJ="1" colname="col1">9.1.1.2</entry><entry VJ="1" colname="col2">für Personen mit unbekannter Adresse</entry><entry VJ="1" colname="col3">102,30</entry></row><row><entry VJ="1" colname="col1">9.1.2</entry><entry VJ="1" colname="col2">Regelüberprüfung der Voraussetzungen für eine Erlaubnis nach § 4 Absatz 3 und des Fortbestehens des Bedürfnisses nach § 4 Absatz 4 WaffG, jeweils in Verbindung mit § 40 Absatz 4 WaffG, bei Ausnahmen von den Verboten des Umgangs mit Waffen oder Munition der Anlage 2 Abschnitt 1 WaffG</entry><entry VJ="1" colname="col3">63,40</entry></row><row><entry VJ="1" colname="col1">9.2</entry><entry VJ="1" colname="col2">Überwachung des Vorliegens der Voraussetzungen für die Anerkennung von Schießsportverbänden nach § 15 Absatz 4 Satz 1 WaffG</entry><entry VJ="1" colname="col3">nach Zeitaufwand</entry></row><row><entry VJ="1" colname="col1">9.3</entry><entry VJ="1" colname="col2">Prüfung zum Nachweis der Fachkunde nach § 22 Absatz 1 in Verbindung mit § 48 Absatz 2 WaffG</entry><entry VJ="1" colname="col3">nach Zeitaufwand</entry></row><row><entry VJ="1" colname="col1">9.4</entry><entry VJ="1" colname="col2">Die verdachtsunabhängige Kontrolle der Aufbewahrung von Waffen oder Munition nach § 36 Absatz 3 WaffG durch das BVA ist gebührenbefreit.</entry><entry VJ="1" colname="col3"/></row><row><entry VJ="1" colname="col1">10</entry><entry VJ="1" colname="col2">Anordnung durch das BVA</entry><entry VJ="1" colname="col3"/></row><row><entry VJ="1" colname="col1">10.1</entry><entry VJ="1" colname="col2">zur nachträglichen Anbringung eines Kennzeichens an einer Schusswaffe nach § 25a in Verbindung mit § 48 Absatz 2 WaffG</entry><entry VJ="1" colname="col3">nach Zeitaufwand</entry></row><row><entry VJ="1" colname="col1">10.2</entry><entry VJ="1" colname="col2">notwendiger Ergänzungen der Sicherheitsstandards bei der Aufbewahrung von Schusswaffen oder Munition nach § 36 Absatz 6 in Verbindung mit § 48 Absatz 2 WaffG</entry><entry VJ="1" colname="col3">nach Zeitaufwand</entry></row><row><entry VJ="1" colname="col1">11</entry><entry VJ="1" colname="col2">nachträgliche Auflage zu einer Erlaubnis zum Erwerb und Besitz von Waffen und Munition</entry><entry VJ="1" colname="col3"/></row><row><entry VJ="1" colname="col1">11.1</entry><entry VJ="1" colname="col2">nach § 9 Absatz 2 Satz 2 WaffG</entry><entry VJ="1" colname="col3">nach Zeitaufwand</entry></row><row><entry VJ="1" colname="col1">11.2</entry><entry VJ="1" colname="col2">nach § 9 Absatz 2 Satz 2 WaffG in Verbindung mit § 40 Absatz 4 WaffG</entry><entry VJ="1" colname="col3">nach Zeitaufwand</entry></row><row><entry VJ="1" colname="col1">12</entry><entry VJ="1" colname="col2">Untersagen des Erwerbs und Besitzes von Waffen oder Munition (Waffenbesitzverbot) durch das BVA</entry><entry VJ="1" colname="col3"/></row><row><entry VJ="1" colname="col1">12.1</entry><entry VJ="1" colname="col2">deren Erwerb nach § 41 Absatz 1 in Verbindung mit § 48 Absatz 2 WaffG nicht der Erlaubnis bedarf</entry><entry VJ="1" colname="col3">nach Zeitaufwand</entry></row><row><entry VJ="1" colname="col1">12.2</entry><entry VJ="1" colname="col2">deren Erwerb nach § 41 Absatz 2 in Verbindung mit § 48 Absatz 2 WaffG der Erlaubnis bedarf</entry><entry VJ="1" colname="col3">nach Zeitaufwand</entry></row><row><entry VJ="1" colname="col1">13</entry><entry VJ="1" colname="col2">Sicherstellung, Einziehung, Verwertung, Vernichtung durch das BVA oder sonstige Anordnungen des BVA</entry><entry VJ="1" colname="col3"/></row><row><entry VJ="1" colname="col1">13.1</entry><entry VJ="1" colname="col2">Anordnung der dauerhaften Unbrauchbarmachung, des Überlassens an einen Berechtigten oder der Beseitigung der Verbotsmerkmale sowie jeweils der Nachweisführung darüber gegenüber der Behörde und gegebenenfalls die Sicherstellung von Erlaubnisurkunden, Waffen oder Munition, in den Fällen des § 46 Absatz 2 bis 4 in Verbindung mit § 48 Absatz 2 WaffG</entry><entry VJ="1" colname="col3">nach Zeitaufwand</entry></row><row><entry VJ="1" colname="col1">13.2</entry><entry VJ="1" colname="col2">Einziehung, Verwertung oder Vernichtung sichergestellter Waffen oder Munition nach § 46 Absatz 5 in Verbindung mit § 48 Absatz 2 WaffG</entry><entry VJ="1" colname="col3">nach Zeitaufwand</entry></row><row><entry VJ="1" colname="col1">14</entry><entry VJ="1" colname="col2">Ausnahmen</entry><entry VJ="1" colname="col3"/></row><row><entry VJ="1" colname="col1">14.1</entry><entry VJ="1" colname="col2">von Alterserfordernissen beim Umgang mit Waffen oder Munition nach § 3 Absatz 3 in Verbindung mit § 48 Absatz 2 WaffG</entry><entry VJ="1" colname="col3"/></row><row><entry VJ="1" colname="col1">14.1.1</entry><entry VJ="1" colname="col2">allgemein nach § 3 Absatz 3 WaffG</entry><entry VJ="1" colname="col3">nach Zeitaufwand</entry></row><row><entry VJ="1" colname="col1">14.1.2</entry><entry VJ="1" colname="col2">für den Einzelfall nach § 3 Absatz 3 WaffG</entry><entry VJ="1" colname="col3">nach Zeitaufwand</entry></row><row><entry VJ="1" colname="col1">14.2</entry><entry VJ="1" colname="col2">von waffenrechtlichen Erlaubnispflichten nach § 12 Absatz 5 in Verbindung mit § 48 Absatz 2 WaffG</entry><entry VJ="1" colname="col3">nach Zeitaufwand</entry></row><row><entry VJ="1" colname="col1">14.3</entry><entry VJ="1" colname="col2">für das Führen von Waffen zur Brauchtumspflege nach § 16 Absatz 2 in Verbindung mit § 48 Absatz 2 WaffG</entry><entry VJ="1" colname="col3">nach Zeitaufwand</entry></row><row><entry VJ="1" colname="col1">14.4</entry><entry VJ="1" colname="col2">von der Blockierpflicht für Erbwaffen nach § 20 Absatz 6 in Verbindung mit § 48 Absatz 2 WaffG</entry><entry VJ="1" colname="col3">nach Zeitaufwand</entry></row><row><entry VJ="1" colname="col1">14.5</entry><entry VJ="1" colname="col2">vom Mindestalter beim Schießen auf Schießstätten nach § 27 Absatz 4 in Verbindung mit § 48 Absatz 2 WaffG</entry><entry VJ="1" colname="col3">nach Zeitaufwand</entry></row><row><entry VJ="1" colname="col1">14.6</entry><entry VJ="1" colname="col2">von den Verboten des Umgangs mit Waffen oder Munition nach Anlage 2 Abschnitt 1 WaffG nach § 40 Absatz 4 WaffG</entry><entry VJ="1" colname="col3">nach Zeitaufwand</entry></row><row><entry VJ="1" colname="col1">14.7</entry><entry VJ="1" colname="col2">vom Verbot des Führens von Waffen bei öffentlichen Veranstaltungen nach § 42 Absatz 2 in Verbindung mit § 48 Absatz 2 WaffG</entry><entry VJ="1" colname="col3">nach Zeitaufwand</entry></row><row><entry VJ="1" colname="col1">14.8</entry><entry VJ="1" colname="col2">Die Erteilung einer Bescheinigung über Ausnahmen von waffenrechtlichen Vorschriften für Staatsgäste und andere Besucher nach § 56 Satz 1 WaffG durch das BVA ist gebührenbefreit.</entry><entry VJ="1" colname="col3"/></row></tbody></tgroup></table><BR/><BR/><Title Align="center" Class="S1"><B>Abschnitt 11</B></Title><Title Align="auto"><B>Allgemeine Waffengesetz-Verordnung (AWaffV)</B></Title><BR/><BR/><table colsep="1" frame="all" pgwide="1" rowsep="1" tocentry="%yes;"><tgroup align="left" char="" charoff="50" cols="3"><colspec colname="col1" colnum="1" colwidth="15*"/><colspec align="justify" colname="col2" colnum="2" colwidth="115*"/><colspec align="center" colname="col3" colnum="3" colwidth="35*"/><thead valign="bottom"><row valign="middle"><entry VJ="1" align="center" colname="col1">Nummer</entry><entry VJ="1" align="center" colname="col2">Gebühren- oder Auslagentatbestand</entry><entry VJ="1" align="center" colname="col3">Gebühren/Auslagen<BR/> in Euro</entry></row></thead><tbody valign="top"><row><entry VJ="1" colname="col1">1</entry><entry VJ="1" colname="col2">Anerkennung von Lehrgängen zur Vermittlung der Sachkunde im Umgang mit Waffen und Munition nach § 3 Absatz 2 AWaffV in Verbindung mit § 48 Absatz 2 WaffG</entry><entry VJ="1" colname="col3">nach Zeitaufwand</entry></row><row><entry VJ="1" colname="col1">2</entry><entry VJ="1" colname="col2">Feststellung, ob Schusswaffen nach § 6 Absatz 1 AWaffV vom sportlichen Schießen ausgeschlossen sind</entry><entry VJ="1" colname="col3">251,00</entry></row><row><entry VJ="1" colname="col1">3</entry><entry VJ="1" colname="col2">Ausnahme für vom sportlichen Schießen ausgeschlossene Schusswaffen nach § 6 Absatz 3 AWaffV in Verbindung mit § 48 Absatz 2 WaffG</entry><entry VJ="1" colname="col3">nach Zeitaufwand</entry></row><row><entry VJ="1" colname="col1">4</entry><entry VJ="1" colname="col2">Genehmigung von Abweichungen von den Anforderungen an die Aufbewahrung von Waffen oder Munition nach § 13 Absatz 5 bis 8 oder § 14 AWaffV, jeweils in Verbindung mit § 48 Absatz 2 WaffG</entry><entry VJ="1" colname="col3">nach Zeitaufwand</entry></row><row><entry VJ="1" colname="col1">5</entry><entry VJ="1" colname="col2">Verlängerung eines Europäischen Feuerwaffenpasses nach § 33 Absatz 1 Satz 2 AWaffV in Verbindung mit § 48 Absatz 2 WaffG</entry><entry VJ="1" colname="col3">nach Zeitaufwand</entry></row></tbody></tgroup></table></Content></text><fussnoten/></textdaten></norm>
</dokumente>