<?xml version="1.0" encoding="UTF-8" ?><!DOCTYPE dokumente SYSTEM "http://www.gesetze-im-internet.de/dtd/1.01/gii-norm.dtd">
<dokumente builddate="20131202132644" doknr="BJNR151200995"><norm builddate="20131202132644" doknr="BJNR151200995"><metadaten><jurabk>Münz10DMBek 1995-10</jurabk><ausfertigung-datum manuell="ja">1995-10-23</ausfertigung-datum><fundstelle typ="amtlich"><periodikum>BGBl I</periodikum><zitstelle>1995, 1512</zitstelle></fundstelle><langue>Bekanntmachung über die Ausprägung von Bundesmünzen im Nennwert von 10
Deutschen Mark (Gedenkmünze 800. Todestag Heinrichs des Löwen)</langue></metadaten><textdaten><text format="XML"><Content><P/></Content></text><fussnoten><Content><P>(+++ Textnachweis ab: 21.11.1995 +++)</P></Content></fussnoten></textdaten></norm>
<norm builddate="20131202132644" doknr="BJNR151200995BJNE000100310"><metadaten><jurabk>Münz10DMBek 1995-10</jurabk><enbez>(XXXX)</enbez></metadaten><textdaten><text format="XML"><Content><P>Auf Grund des § 6 des Gesetzes über die Ausprägung von Scheidemünzen in der im Bundesgesetzblatt Teil III, Gliederungsnummer 690-1, veröffentlichten bereinigten Fassung hat die Bundesregierung beschlossen, zum 800. Todestag Heinrichs des Löwen eine Bundesmünze (Gedenkmünze) im Nennwert von 10 Deutschen Mark prägen zu lassen. Die Auflage der Münze beträgt 6,9 Millionen Stück. Die Prägung erfolgt in der Staatlichen Münze Stuttgart.<BR/>Die Münze wird ab 5. Dezember 1995 in den Verkehr gebracht.<BR/>Die Münze besteht aus einer Legierung von 625 Tausendteilen Silber und 375 Tausendteilen Kupfer. Sie hat einen Durchmesser von 32,5 Millimetern und ein Gewicht von 15,5 Gramm.<BR/>Das Gepräge auf beiden Seiten ist erhaben und wird von einem schützenden glatten Randstab umgeben.<BR/>Die Bildseite zeigt den welfischen Löwen als Wappenzeichen Heinrichs, Sonne und Mond als Symbole christlichen Herrschaftsanspruchs, das Geburts- und Todesjahr <DL Font="normal" Type="arabic"><DT/><DD Font="normal"><LA Size="normal"><DL Font="normal" Type="arabic"><DT/><DD Font="normal"><LA Size="normal"><DL Font="normal" Type="arabic"><DT/><DD Font="normal"><LA Size="normal"><DL Font="normal" Type="arabic"><DT/><DD Font="normal"><LA Size="normal"><DL Font="normal" Type="arabic"><DT/><DD Font="normal"><LA Size="normal">&quot;1129/30 +1195&quot;</LA></DD></DL></LA></DD></DL></LA></DD></DL></LA></DD></DL></LA></DD></DL>und die Umschrift <DL Font="normal" Type="arabic"><DT/><DD Font="normal"><LA Size="normal"><DL Font="normal" Type="arabic"><DT/><DD Font="normal"><LA Size="normal"><DL Font="normal" Type="arabic"><DT/><DD Font="normal"><LA Size="normal"><DL Font="normal" Type="arabic"><DT/><DD Font="normal"><LA Size="normal"><DL Font="normal" Type="arabic"><DT/><DD Font="normal"><LA Size="normal">&quot;HEINRICVS DVX BAVARIE ET SAXONIE&quot;.</LA></DD></DL></LA></DD></DL></LA></DD></DL></LA></DD></DL></LA></DD></DL>Die Wertseite zeigt einen Adler, die Jahreszahl &quot;1995&quot;, das Münzzeichen &quot;F&quot; der Staatlichen Münze Stuttgart, die Aufschrift <DL Font="normal" Type="arabic"><DT/><DD Font="normal"><LA Size="normal"><DL Font="normal" Type="arabic"><DT/><DD Font="normal"><LA Size="normal"><DL Font="normal" Type="arabic"><DT/><DD Font="normal"><LA Size="normal"><DL Font="normal" Type="arabic"><DT/><DD Font="normal"><LA Size="normal"><DL Font="normal" Type="arabic"><DT/><DD Font="normal"><LA Size="normal">&quot;10 DEUTSCHE MARK&quot;</LA></DD></DL></LA></DD></DL></LA></DD></DL></LA></DD></DL></LA></DD></DL>und die Umschrift <DL Font="normal" Type="arabic"><DT/><DD Font="normal"><LA Size="normal"><DL Font="normal" Type="arabic"><DT/><DD Font="normal"><LA Size="normal"><DL Font="normal" Type="arabic"><DT/><DD Font="normal"><LA Size="normal"><DL Font="normal" Type="arabic"><DT/><DD Font="normal"><LA Size="normal"><DL Font="normal" Type="arabic"><DT/><DD Font="normal"><LA Size="normal">&quot;BUNDESREPUBLIK DEUTSCHLAND&quot;.</LA></DD></DL></LA></DD></DL></LA></DD></DL></LA></DD></DL></LA></DD></DL>Das Münzzeichen und die Jahreszahl befinden sich oberhalb des linken Adlerflügels.<BR/>Der glatte Münzrand enthält in vertiefter Prägung die Inschrift: <DL Font="normal" Type="arabic"><DT/><DD Font="normal"><LA Size="normal"><DL Font="normal" Type="arabic"><DT/><DD Font="normal"><LA Size="normal"><DL Font="normal" Type="arabic"><DT/><DD Font="normal"><LA Size="normal"><DL Font="normal" Type="arabic"><DT/><DD Font="normal"><LA Size="normal"><DL Font="normal" Type="arabic"><DT/><DD Font="normal"><LA Size="normal">&quot;HEINRICH DER LOEWE</LA><LA Size="normal">AUS KAISERLICHEM STAMM&quot;.</LA></DD></DL></LA></DD></DL></LA></DD></DL></LA></DD></DL></LA></DD></DL>Zwischen Ende und Anfang der Randschrift und zwischen den Worten &quot;LOEWE&quot; und &quot;AUS&quot; befindet sich je eine Löwenfigur.<BR/>Der Entwurf der Münze stammt von Hubert Klinkel, Würzburg.</P><P>Der Bundesminister der Finanzen</P></Content></text></textdaten></norm>
<norm builddate="20131202132645" doknr="BJNR151200995BJNE000200310"><metadaten><jurabk>Münz10DMBek 1995-10</jurabk><enbez>(XXXX)</enbez></metadaten><textdaten><text format="XML"><Content><P><noindex><kommentar typ="Fundstelle"><BR/>(Fundstelle: BGBl. I 1995, 1512)</kommentar></noindex><BR/><BR/><IMG Align="center" Pos="block" SRC="bgbl1_1995_j1512_0010.jpg" alt=""/><BR/><BR/></P></Content></text></textdaten></norm>
</dokumente>