<?xml version="1.0" encoding="UTF-8" ?><!DOCTYPE dokumente SYSTEM "http://www.gesetze-im-internet.de/dtd/1.01/gii-norm.dtd">
<dokumente builddate="20190403212006" doknr="BJNR036810019"><norm builddate="20190403212006" doknr="BJNR036810019"><metadaten><jurabk>USG2015§9Abs1S3Bek 2019</jurabk><ausfertigung-datum manuell="ja">2019-03-19</ausfertigung-datum><fundstelle typ="amtlich"><periodikum>BGBl I</periodikum><zitstelle>2019, 368</zitstelle></fundstelle><langue>Bekanntmachung nach § 9 Absatz 1 Satz 3 des Unterhaltssicherungsgesetzes</langue></metadaten><textdaten><fussnoten><Content><P><BR/> <pre xml:space="preserve">(+++ Textnachweis ab: 28.3.2019 +++)<BR/><BR/></pre></P></Content></fussnoten></textdaten></norm>
<norm builddate="20190403212006" doknr="BJNR036810019BJNE000100000"><metadaten><jurabk>USG2015§9Abs1S3Bek 2019</jurabk><enbez>(XXXX)</enbez></metadaten><textdaten><text format="XML"><Content><P>Nach § 9 Absatz 1 Satz 3 des Unterhaltssicherungsgesetzes vom 29. Juni 2015 (BGBl. I S. 1061, 1062), der durch Artikel 4 des Gesetzes vom 27. März 2017 (BGBl. I S. 562) geändert worden ist, werden als Anhang der ab 1. April 2019 und der ab 1. März 2020 jeweils geltende Tagessatz nach der Tabelle in Anlage 1 des Unterhaltssicherungsgesetzes bekannt gemacht.</P></Content></text></textdaten></norm>
<norm builddate="20190403212006" doknr="BJNR036810019BJNE000200000"><metadaten><jurabk>USG2015§9Abs1S3Bek 2019</jurabk><enbez>Schlussformel</enbez></metadaten><textdaten><text format="XML"><Content><P><SP>Die Bundesministerin der Verteidigung</SP></P></Content></text></textdaten></norm>
<norm builddate="20190403212006" doknr="BJNR036810019BJNE000300000"><metadaten><jurabk>USG2015§9Abs1S3Bek 2019</jurabk><enbez>Anhang</enbez></metadaten><textdaten><text format="XML"><Content><P><noindex><kommentar typ="Fundstelle">(Fundstelle: BGBl. I 2019, 369 - 370)</kommentar></noindex></P><BR/><Title Align="right"><B>Anlage 1</B></Title><BR/><Title Align="right">(zu § 9)</Title><BR/><Title Align="right">in der ab dem 1. April 2019 geltenden Fassung</Title><BR/><BR/><table colsep="1" frame="all" rowsep="1" tocentry="%yes;"><tgroup align="left" char="" charoff="50" cols="6"><colspec align="center" colname="col1" colnum="1" colwidth="8.00*"/><colspec colname="col2" colnum="2" colwidth="51.97*"/><colspec align="center" colname="col3" colnum="3" colwidth="25.99*"/><colspec align="center" colname="col4" colnum="4" colwidth="25.99*"/><colspec align="center" colname="col5" colnum="5" colwidth="25.99*"/><colspec align="center" colname="col6" colnum="6" colwidth="26.08*"/><thead valign="bottom"><row valign="middle"><entry VJ="1" colname="col1"/><entry VJ="1" align="center" colname="col2">Dienstgrad</entry><entry VJ="1" colname="col3" nameend="col6" namest="col3">Tagessatz</entry></row><row valign="middle"><entry VJ="1" colname="col1"/><entry VJ="1" align="center" colname="col2">1</entry><entry VJ="1" colname="col3">2</entry><entry VJ="1" colname="col4">3</entry><entry VJ="1" colname="col5">4</entry><entry VJ="1" colname="col6">5</entry></row><row valign="middle"><entry VJ="1" colname="col1"/><entry VJ="1" align="center" colname="col2"/><entry VJ="1" colname="col3">Reservistendienst<BR/> Leistende<BR/> ohne Kind</entry><entry VJ="1" colname="col4">Reservistendienst<BR/> Leistende<BR/> mit einem unter-<BR/> haltsberechtigten<BR/> Kind<FnR ID="f806554_01_BJNR036810019BJNE000300000"/></entry><entry VJ="1" colname="col5">Reservistendienst<BR/> Leistende<BR/> mit zwei unter-<BR/> haltsberechtigten<BR/> Kindern<SUP>1</SUP></entry><entry VJ="1" colname="col6">Reservistendienst<BR/> Leistende<BR/> mit drei unter-<BR/> haltsberechtigten<BR/> Kindern<SUP>1</SUP></entry></row></thead><tbody valign="top"><row><entry VJ="1" colname="col1">1</entry><entry VJ="1" colname="col2">Grenadier, Jäger, Panzerschütze, Panzergrenadier, Panzerjäger, Kanonier, Panzerkanonier, Pionier, Panzerpionier, Funker, Panzerfunker, Schütze, Flieger, Sanitätssoldat, Matrose, Gefreiter</entry><entry VJ="1" colname="col3"> 65,60 €</entry><entry VJ="1" colname="col4"> 77,16 €</entry><entry VJ="1" colname="col5"> 81,17 €</entry><entry VJ="1" colname="col6"> 91,60 €</entry></row><row><entry VJ="1" colname="col1">2</entry><entry VJ="1" colname="col2">Obergefreiter, Hauptgefreiter</entry><entry VJ="1" colname="col3"> 66,69 €</entry><entry VJ="1" colname="col4"> 78,42 €</entry><entry VJ="1" colname="col5"> 82,26 €</entry><entry VJ="1" colname="col6"> 92,47 €</entry></row><row><entry VJ="1" colname="col1">3</entry><entry VJ="1" colname="col2">Stabsgefreiter, Oberstabsgefreiter, Unteroffizier, Maat, Fahnenjunker, Seekadett</entry><entry VJ="1" colname="col3"> 67,10 €</entry><entry VJ="1" colname="col4"> 78,87 €</entry><entry VJ="1" colname="col5"> 82,54 €</entry><entry VJ="1" colname="col6"> 92,61 €</entry></row><row><entry VJ="1" colname="col1">4</entry><entry VJ="1" colname="col2">Stabsunteroffizier, Obermaat</entry><entry VJ="1" colname="col3"> 68,77 €</entry><entry VJ="1" colname="col4"> 80,61 €</entry><entry VJ="1" colname="col5"> 83,77 €</entry><entry VJ="1" colname="col6"> 93,35 €</entry></row><row><entry VJ="1" colname="col1">5</entry><entry VJ="1" colname="col2">Feldwebel, Bootsmann, Fähnrich, Fähnrich zur See, Oberfeldwebel, Oberbootsmann</entry><entry VJ="1" colname="col3"> 70,99 €</entry><entry VJ="1" colname="col4"> 83,12 €</entry><entry VJ="1" colname="col5"> 86,25 €</entry><entry VJ="1" colname="col6"> 95,75 €</entry></row><row><entry VJ="1" colname="col1">6</entry><entry VJ="1" colname="col2">Hauptfeldwebel, Hauptbootsmann, Oberfähnrich, Oberfähnrich zur See</entry><entry VJ="1" colname="col3"> 74,27 €</entry><entry VJ="1" colname="col4"> 86,81 €</entry><entry VJ="1" colname="col5"> 89,87 €</entry><entry VJ="1" colname="col6"> 99,33 €</entry></row><row><entry VJ="1" colname="col1">7</entry><entry VJ="1" colname="col2">Stabsfeldwebel, Stabsbootsmann, Oberstabsfeldwebel, Oberstabsbootsmann, Leutnant, Leutnant zur See</entry><entry VJ="1" colname="col3"> 79,12 €</entry><entry VJ="1" colname="col4"> 92,47 €</entry><entry VJ="1" colname="col5"> 95,50 €</entry><entry VJ="1" colname="col6">104,87 €</entry></row><row><entry VJ="1" colname="col1">8</entry><entry VJ="1" colname="col2">Oberleutnant, Oberleutnant zur See</entry><entry VJ="1" colname="col3"> 83,76 €</entry><entry VJ="1" colname="col4"> 97,45 €</entry><entry VJ="1" colname="col5">100,66 €</entry><entry VJ="1" colname="col6">109,76 €</entry></row><row><entry VJ="1" colname="col1">9</entry><entry VJ="1" colname="col2">Hauptmann, Kapitänleutnant</entry><entry VJ="1" colname="col3"> 92,96 €</entry><entry VJ="1" colname="col4">107,81 €</entry><entry VJ="1" colname="col5">110,90 €</entry><entry VJ="1" colname="col6">120,08 €</entry></row><row><entry VJ="1" colname="col1">10</entry><entry VJ="1" colname="col2">Stabshauptmann, Stabskapitänleutnant, Major, Korvettenkapitän, Stabsapotheker, Stabsarzt, Stabsveterinär</entry><entry VJ="1" colname="col3">110,78 €</entry><entry VJ="1" colname="col4">128,12 €</entry><entry VJ="1" colname="col5">131,25 €</entry><entry VJ="1" colname="col6">140,46 €</entry></row><row><entry VJ="1" colname="col1">11</entry><entry VJ="1" colname="col2">Oberstleutnant, Fregattenkapitän, Oberstabsapotheker, Oberstabsarzt, Oberstabsveterinär</entry><entry VJ="1" colname="col3">113,16 €</entry><entry VJ="1" colname="col4">130,91 €</entry><entry VJ="1" colname="col5">134,06 €</entry><entry VJ="1" colname="col6">143,06 €</entry></row><row><entry VJ="1" colname="col1">12</entry><entry VJ="1" colname="col2">Oberfeldapotheker, Flottillenapotheker, Oberfeldarzt, Flottillenarzt, Oberfeldveterinär</entry><entry VJ="1" colname="col3">131,40 €</entry><entry VJ="1" colname="col4">153,03 €</entry><entry VJ="1" colname="col5">156,09 €</entry><entry VJ="1" colname="col6">164,78 €</entry></row><row><entry VJ="1" colname="col1">13</entry><entry VJ="1" colname="col2">Oberst, Kapitän zur See, Oberstapotheker, Flottenapotheker, Oberstarzt, Flottenarzt, Oberstveterinär und höhere Dienstgrade</entry><entry VJ="1" colname="col3">141,51 €</entry><entry VJ="1" colname="col4">165,20 €</entry><entry VJ="1" colname="col5">168,22 €</entry><entry VJ="1" colname="col6">176,77 €</entry></row></tbody></tgroup></table><BR/><P><U>                                 </U><FnArea Line="1" Size="normal"><FnR ID="f806554_01_BJNR036810019BJNE000300000"/></FnArea></P><BR/><BR/><BR/><Title Align="left"><B>Anlage 1</B></Title><BR/><Title Align="left">(zu § 9)</Title><BR/><Title Align="left">in der ab dem 1. März 2020 geltenden Fassung</Title><BR/><BR/><table colsep="1" frame="all" rowsep="1" tocentry="%yes;"><tgroup align="left" char="" charoff="50" cols="6"><colspec align="center" colname="col1" colnum="1" colwidth="8*"/><colspec colname="col2" colnum="2" colwidth="52*"/><colspec align="center" colname="col3" colnum="3" colwidth="26*"/><colspec align="center" colname="col4" colnum="4" colwidth="26*"/><colspec align="center" colname="col5" colnum="5" colwidth="26*"/><colspec align="center" colname="col6" colnum="6" colwidth="26*"/><thead valign="bottom"><row valign="middle"><entry VJ="1" colname="col1"/><entry VJ="1" align="center" colname="col2">Dienstgrad</entry><entry VJ="1" colname="col3" nameend="col6" namest="col3">Tagessatz</entry></row><row valign="middle"><entry VJ="1" colname="col1"/><entry VJ="1" align="center" colname="col2">1</entry><entry VJ="1" colname="col3">2</entry><entry VJ="1" colname="col4">3</entry><entry VJ="1" colname="col5">4</entry><entry VJ="1" colname="col6">5</entry></row><row valign="middle"><entry VJ="1" colname="col1"/><entry VJ="1" align="center" colname="col2"/><entry VJ="1" colname="col3">Reservistendienst<BR/> Leistende<BR/> ohne Kind</entry><entry VJ="1" colname="col4">Reservistendienst<BR/> Leistende<BR/> mit einem unter-<BR/> haltsberechtigten<BR/> Kind<FnR ID="f806554_02_BJNR036810019BJNE000300000"/></entry><entry VJ="1" colname="col5">Reservistendienst<BR/> Leistende<BR/> mit zwei unter-<BR/> haltsberechtigten<BR/> Kindern<SUP>1</SUP></entry><entry VJ="1" colname="col6">Reservistendienst<BR/> Leistende<BR/> mit drei unter-<BR/> haltsberechtigten<BR/> Kindern<SUP>1</SUP></entry></row></thead><tbody valign="top"><row><entry VJ="1" colname="col1">1</entry><entry VJ="1" colname="col2">Grenadier, Jäger, Panzerschütze, Panzergrenadier, Panzerjäger, Kanonier, Panzerkanonier, Pionier, Panzerpionier, Funker, Panzerfunker, Schütze, Flieger, Sanitätssoldat, Matrose, Gefreiter</entry><entry VJ="1" colname="col3"> 66,30 €</entry><entry VJ="1" colname="col4"> 77,98 €</entry><entry VJ="1" colname="col5"> 82,03 €</entry><entry VJ="1" colname="col6"> 92,57 €</entry></row><row><entry VJ="1" colname="col1">2</entry><entry VJ="1" colname="col2">Obergefreiter, Hauptgefreiter</entry><entry VJ="1" colname="col3"> 67,40 €</entry><entry VJ="1" colname="col4"> 79,25 €</entry><entry VJ="1" colname="col5"> 83,13 €</entry><entry VJ="1" colname="col6"> 93,45 €</entry></row><row><entry VJ="1" colname="col1">3</entry><entry VJ="1" colname="col2">Stabsgefreiter, Oberstabsgefreiter, Unteroffizier, Maat, Fahnenjunker, Seekadett</entry><entry VJ="1" colname="col3"> 67,81 €</entry><entry VJ="1" colname="col4"> 79,71 €</entry><entry VJ="1" colname="col5"> 83,41 €</entry><entry VJ="1" colname="col6"> 93,59 €</entry></row><row><entry VJ="1" colname="col1">4</entry><entry VJ="1" colname="col2">Stabsunteroffizier, Obermaat</entry><entry VJ="1" colname="col3"> 69,50 €</entry><entry VJ="1" colname="col4"> 81,46 €</entry><entry VJ="1" colname="col5"> 84,66 €</entry><entry VJ="1" colname="col6"> 94,34 €</entry></row><row><entry VJ="1" colname="col1">5</entry><entry VJ="1" colname="col2">Feldwebel, Bootsmann, Fähnrich, Fähnrich zur See, Oberfeldwebel, Oberbootsmann</entry><entry VJ="1" colname="col3"> 71,74 €</entry><entry VJ="1" colname="col4"> 84,00 €</entry><entry VJ="1" colname="col5"> 87,16 €</entry><entry VJ="1" colname="col6"> 96,77 €</entry></row><row><entry VJ="1" colname="col1">6</entry><entry VJ="1" colname="col2">Hauptfeldwebel, Hauptbootsmann, Oberfähnrich, Oberfähnrich zur See</entry><entry VJ="1" colname="col3"> 75,06 €</entry><entry VJ="1" colname="col4"> 87,73 €</entry><entry VJ="1" colname="col5"> 90,82 €</entry><entry VJ="1" colname="col6">100,38 €</entry></row><row><entry VJ="1" colname="col1">7</entry><entry VJ="1" colname="col2">Stabsfeldwebel, Stabsbootsmann, Oberstabsfeldwebel, Oberstabsbootsmann, Leutnant, Leutnant zur See</entry><entry VJ="1" colname="col3"> 79,96 €</entry><entry VJ="1" colname="col4"> 93,45 €</entry><entry VJ="1" colname="col5"> 96,51 €</entry><entry VJ="1" colname="col6">105,98 €</entry></row><row><entry VJ="1" colname="col1">8</entry><entry VJ="1" colname="col2">Oberleutnant, Oberleutnant zur See</entry><entry VJ="1" colname="col3"> 84,65 €</entry><entry VJ="1" colname="col4"> 98,48 €</entry><entry VJ="1" colname="col5">101,73 €</entry><entry VJ="1" colname="col6">110,92 €</entry></row><row><entry VJ="1" colname="col1">9</entry><entry VJ="1" colname="col2">Hauptmann, Kapitänleutnant</entry><entry VJ="1" colname="col3"> 93,95 €</entry><entry VJ="1" colname="col4">108,95 €</entry><entry VJ="1" colname="col5">112,08 €</entry><entry VJ="1" colname="col6">121,35 €</entry></row><row><entry VJ="1" colname="col1">10</entry><entry VJ="1" colname="col2">Stabshauptmann, Stabskapitänleutnant, Major, Korvettenkapitän, Stabsapotheker, Stabsarzt, Stabsveterinär</entry><entry VJ="1" colname="col3">111,95 €</entry><entry VJ="1" colname="col4">129,48 €</entry><entry VJ="1" colname="col5">132,64 €</entry><entry VJ="1" colname="col6">141,95 €</entry></row><row><entry VJ="1" colname="col1">11</entry><entry VJ="1" colname="col2">Oberstleutnant, Fregattenkapitän, Oberstabsapotheker, Oberstabsarzt, Oberstabsveterinär</entry><entry VJ="1" colname="col3">114,36 €</entry><entry VJ="1" colname="col4">132,30 €</entry><entry VJ="1" colname="col5">135,48 €</entry><entry VJ="1" colname="col6">144,58 €</entry></row><row><entry VJ="1" colname="col1">12</entry><entry VJ="1" colname="col2">Oberfeldapotheker, Flottillenapotheker, Oberfeldarzt, Flottillenarzt, Oberfeldveterinär</entry><entry VJ="1" colname="col3">132,79 €</entry><entry VJ="1" colname="col4">154,65 €</entry><entry VJ="1" colname="col5">157,74 €</entry><entry VJ="1" colname="col6">166,53 €</entry></row><row><entry VJ="1" colname="col1">13</entry><entry VJ="1" colname="col2">Oberst, Kapitän zur See, Oberstapotheker, Flottenapotheker, Oberstarzt, Flottenarzt, Oberstveterinär und höhere Dienstgrade</entry><entry VJ="1" colname="col3">143,01 €</entry><entry VJ="1" colname="col4">166,95 €</entry><entry VJ="1" colname="col5">170,00 €</entry><entry VJ="1" colname="col6">178,64 €</entry></row></tbody></tgroup></table><BR/><P><U>                                 </U><FnArea Line="1" Size="normal"><FnR ID="f806554_02_BJNR036810019BJNE000300000"/></FnArea></P></Content><Footnotes><Footnote FnZ="1" Group="page" ID="f806554_01_BJNR036810019BJNE000300000" Pos="exp">Bei mehr als drei Kindern wird der Tagessatz für jedes weitere Kind um die Differenz des Tabellensatzes vom dritten zum zweiten Kind erhöht.<BR/> Stand: 1. April 2019</Footnote><Footnote FnZ="1" Group="page" ID="f806554_02_BJNR036810019BJNE000300000" Pos="exp">Bei mehr als drei Kindern wird der Tagessatz für jedes weitere Kind um die Differenz des Tabellensatzes vom dritten zum zweiten Kind erhöht.<BR/> Stand: 1. März 2020</Footnote></Footnotes></text></textdaten></norm>
</dokumente>