<?xml version="1.0" encoding="UTF-8" ?><!DOCTYPE dokumente SYSTEM "http://www.gesetze-im-internet.de/dtd/1.01/gii-norm.dtd">
<dokumente builddate="20201207213013" doknr="BJNR217800020"><norm builddate="20201207213013" doknr="BJNR217800020"><metadaten><jurabk>GPEV</jurabk><amtabk>GPEV</amtabk><ausfertigung-datum manuell="ja">2020-10-15</ausfertigung-datum><fundstelle typ="amtlich"><periodikum>BGBl I</periodikum><zitstelle>2020, 2178</zitstelle></fundstelle><kurzue>Garantieprämienerhebungsverordnung</kurzue><langue>Verordnung zur Erhebung von Garantieprämien für die ergänzende staatliche Absicherung von Reisegutscheinen wegen der COVID-19-Pandemie</langue></metadaten><textdaten><fussnoten><Content><P><BR/> <pre xml:space="preserve">(+++ Textnachweis ab: 20.10.2020 +++)<BR/><BR/></pre></P></Content></fussnoten></textdaten></norm>
<norm builddate="20201207213013" doknr="BJNR217800020BJNE000100000"><metadaten><jurabk>GPEV</jurabk><enbez>Eingangsformel</enbez></metadaten><textdaten><text format="XML"><Content><P>Auf Grund des Artikels 240 § 6 Absatz 8 des Einführungsgesetzes zum Bürgerlichen Gesetzbuche, der durch Artikel 1 des Gesetzes vom 10. Juli 2020 (BGBl. I S. 1643, 1870) eingefügt worden ist, verordnet die Bundesregierung:</P></Content></text></textdaten></norm>
<norm builddate="20201207213013" doknr="BJNR217800020BJNE000200000"><metadaten><jurabk>GPEV</jurabk><enbez>§ 1</enbez><titel format="XML">Anwendungsbereich</titel></metadaten><textdaten><text format="XML"><Content><P>Diese Verordnung regelt die Einzelheiten der Erhebung von Garantieprämien nach Artikel 240 § 6 Absatz 7 des Einführungsgesetzes zum Bürgerlichen Gesetzbuche für Reisegutscheine, die vom 31. Juli 2020 bis einschließlich 31. Dezember 2021 ausgegeben, angepasst oder umgetauscht worden sind.</P></Content></text></textdaten></norm>
<norm builddate="20201207213013" doknr="BJNR217800020BJNE000300000"><metadaten><jurabk>GPEV</jurabk><enbez>§ 2</enbez><titel format="XML">Höhe der Garantieprämie</titel></metadaten><textdaten><text format="XML"><Content><P>Die Höhe der Garantieprämie richtet sich nach dem Wert der ausgegebenen Reisegutscheine. Sie beträgt <DL Type="arabic"><DT>1.</DT><DD Font="normal"><LA>0,15 Prozent des Wertes aller von einem Reiseveranstalter nach Artikel 240 § 6 Absatz 1 des Einführungsgesetzes zum Bürgerlichen Gesetzbuche ausgegebenen, angepassten oder umgetauschten Gutscheine, wenn der Reiseveranstalter ein Kleinstunternehmen oder ein kleines oder mittleres Unternehmen im Sinne des Anhangs I der Verordnung (EU) Nr. 651/2014 der Kommission vom 17. Juni 2014 zur Feststellung der Vereinbarkeit bestimmter Gruppen von Beihilfen mit dem Binnenmarkt in Anwendung der Artikel 107 und 108 des Vertrags über die Arbeitsweise der Europäischen Union (ABl. L 187 vom 26.6.2014, S. 1; L 283 vom 27.9.2014, S. 65), die zuletzt durch die Verordnung (EU) 2020/972 (ABl. L 215 vom 7.7.2020, S. 3) geändert worden ist, ist, und</LA></DD><DT>2.</DT><DD Font="normal"><LA>0,25 Prozent des Wertes aller von einem Reiseveranstalter nach Artikel 240 § 6 Absatz 1 des Einführungsgesetzes zum Bürgerlichen Gesetzbuche ausgegebenen, angepassten oder umgetauschten Gutscheine, wenn der Reiseveranstalter nicht unter Nummer 1 fällt.</LA></DD></DL></P></Content></text></textdaten></norm>
<norm builddate="20201207213013" doknr="BJNR217800020BJNE000400000"><metadaten><jurabk>GPEV</jurabk><enbez>§ 3</enbez><titel format="XML">Mitteilungspflichten des Reiseveranstalters</titel></metadaten><textdaten><text format="XML"><Content><P>(1) Bietet ein Reiseveranstalter den Reisenden Reisegutscheine im Sinne des Artikels 240 § 6 Absatz 1 Satz 1 und 2 des Einführungsgesetzes zum Bürgerlichen Gesetzbuche an oder kommt er einem Verlangen von Reisenden nach Artikel 240 § 6 Absatz 1 Satz 5 des Einführungsgesetzes zum Bürgerlichen Gesetzbuche nach, so hat er dem Bundesamt für Justiz die Anzahl der von den Reisenden angenommenen und der angepassten oder umgetauschten Gutscheine sowie deren Gesamtwert mitzuteilen.</P><P>(2) Der Reiseveranstalter hat dem Bundesamt für Justiz zudem Folgendes mitzuteilen: <DL Type="arabic"><DT>1.</DT><DD Font="normal"><LA>die Anzahl der Beschäftigten, die im letzten Rechnungsabschluss vor dem 1. August 2020 ausgewiesen ist, und</LA></DD><DT>2.</DT><DD Font="normal"><LA>die Höhe des Jahresumsatzes oder der Jahresbilanzsumme, die im letzten Rechnungsabschluss vor dem 1. August 2020 ausgewiesen ist.</LA></DD></DL>Bei der Berechnung der Mitarbeiteranzahl und der Schwellenwerte sind die Vorgaben des Anhangs I der Verordnung (EU) Nr. 651/2014 zu beachten. Auf Nachfrage sind weitere Angaben mitzuteilen, die zur Ermittlung der Unternehmenskategorie erforderlich sind.</P><P>(3) Die Mitteilungen nach den Absätzen 1 und 2 haben spätestens bis einschließlich 15. Januar 2022 schriftlich oder elektronisch zu erfolgen.</P></Content></text></textdaten></norm>
<norm builddate="20201207213013" doknr="BJNR217800020BJNE000500000"><metadaten><jurabk>GPEV</jurabk><enbez>§ 4</enbez><titel format="XML">Erhebung der Garantieprämien</titel></metadaten><textdaten><text format="XML"><Content><P>(1) Die Garantieprämien werden von dem Bundesamt für Justiz erhoben. Ihre Höhe berechnet sich auf der Grundlage der von den Reiseveranstaltern gemäß § 3 gemeldeten Zahlen.</P><P>(2) Dem Bundesamt für Justiz wird zur Erfüllung der Aufgaben die Wahrnehmung des Zahlungsverkehrs als für Zahlungen zuständige Stelle gemäß § 70 der Bundeshaushaltsordnung übertragen. Das Bundesamt für Justiz kann sich bei der Erfüllung seiner Aufgaben geeigneter Dritter bedienen. Falls das Bundesamt für Justiz sich zur Erfüllung der Aufgaben eines Dritten bedient, kann es auch die Wahrnehmung des Zahlungsverkehrs als eine für Zahlungen zuständige Stelle gemäß § 70 der Bundeshaushaltsordnung an den Dritten übertragen. Die notwendigen Bestimmungen der Bundeshaushaltsordnung und die dazu erlassenen Ausführungsbestimmungen sind insoweit entsprechend anzuwenden. Das Nähere wird im Einvernehmen mit dem Bundesministerium der Finanzen bestimmt.</P></Content></text></textdaten></norm>
<norm builddate="20201207213013" doknr="BJNR217800020BJNE000600000"><metadaten><jurabk>GPEV</jurabk><enbez>§ 5</enbez><titel format="XML">Inkrafttreten</titel></metadaten><textdaten><text format="XML"><Content><P>Diese Verordnung tritt am Tag nach der Verkündung in Kraft.</P></Content></text></textdaten></norm>
</dokumente>