<?xml version="1.0" encoding="UTF-8" ?><!DOCTYPE dokumente SYSTEM "http://www.gesetze-im-internet.de/dtd/1.01/gii-norm.dtd">
<dokumente builddate="20120625150633" doknr="BJNR204260985"><norm builddate="20120625150633" doknr="BJNR204260985"><metadaten><jurabk>FMVtr 1982</jurabk><ausfertigung-datum manuell="ja">1982-11-06</ausfertigung-datum><fundstelle typ="amtlich"><periodikum>BGBl II</periodikum><zitstelle>1985, 426</zitstelle></fundstelle><langue>Internationaler Fernmeldevertrag Nairobi 1982</langue></metadaten><textdaten><text format="decorated"/><fussnoten><Content><P>G v. 4.3.1985 II 425 <BR/>Dieser Vertrag ersetzt im Verhältnis zwischen den Vertragsparteien den Internationalen Fernmeldevertrag v. 25.10.1973 II 1976, 1089 <BR/>In Kraft gem. Bek. v. 31.5.1995 II 507 mWv 6.12.1985</P></Content></fussnoten></textdaten></norm>
</dokumente>