<?xml version="1.0" encoding="UTF-8" ?><!DOCTYPE dokumente SYSTEM "http://www.gesetze-im-internet.de/dtd/1.01/gii-norm.dtd">
<dokumente builddate="20181123212002" doknr="BJNR030500015"><norm builddate="20181123212002" doknr="BJNR030500015"><metadaten><jurabk>BodVerkFKrV</jurabk><ausfertigung-datum manuell="ja">2015-03-13</ausfertigung-datum><fundstelle typ="amtlich"><periodikum>BGBl I</periodikum><zitstelle>2015, 305</zitstelle></fundstelle><langue>Verordnung über den anerkannten Umschulungsabschluss Geprüfte Fachkraft Bodenverkehrsdienst im Luftverkehr</langue><standangabe checked="ja"><standtyp>Stand</standtyp><standkommentar>Geändert durch Art. 1 V v. 1.3.2016 I 336</standkommentar></standangabe></metadaten><textdaten><fussnoten><Content><P><BR/> <pre xml:space="preserve">(+++ Textnachweis ab: 1.5.2015 +++)<BR/><BR/></pre></P></Content></fussnoten></textdaten></norm>
<norm builddate="20181123212002" doknr="BJNR030500015BJNE000100000"><metadaten><jurabk>BodVerkFKrV</jurabk><enbez>Eingangsformel</enbez></metadaten><textdaten><text format="XML"><Content><P>Auf Grund des § 58 des Berufsbildungsgesetzes, der durch Artikel 232 Nummer 1 der Verordnung vom 31. Oktober 2006 (BGBl. I S. 2407) geändert worden ist, in Verbindung mit § 1 Absatz 2 des Zuständigkeitsanpassungsgesetzes vom 16. August 2002 (BGBl. I S. 3165) und dem Organisationserlass vom 17. Dezember 2013 (BGBl. I S. 4310) verordnet das Bundesministerium für Bildung und Forschung nach Anhörung des Hauptausschusses des Bundesinstituts für Berufsbildung im Einvernehmen mit dem Bundesministerium für Wirtschaft und Energie:</P></Content></text></textdaten></norm>
<norm builddate="20181123212002" doknr="BJNR030500015BJNE000200000"><metadaten><jurabk>BodVerkFKrV</jurabk><enbez>§ 1</enbez><titel format="XML">Ziel der Umschulung, Umschulungsprüfung und Bezeichnung des Umschulungsabschlusses</titel></metadaten><textdaten><text format="XML"><Content><P>(1) Ziel der beruflichen Umschulung ist der Erwerb der beruflichen Handlungsfähigkeit im Sinne des § 1 Absatz 3 des Berufsbildungsgesetzes, um im Bereich der zivilen Luftfahrt auf Flughäfen unterschiedlicher Größe die folgenden operativen Aufgaben bei der Abfertigung von Luftfahrzeugen eigenständig und verantwortlich wahrnehmen zu können: <DL Type="arabic"><DT>1.</DT><DD Font="normal"><LA>Einweisen, Annehmen und Sichern von Luftfahrzeugen,</LA></DD><DT>2.</DT><DD Font="normal"><LA>Überprüfen und Bedienen der für die Abfertigung erforderlichen Geräte und Fahrzeuge sowie Anwenden von Informationssystemen,</LA></DD><DT>3.</DT><DD Font="normal"><LA>Handling von Luftfahrzeugen,</LA></DD><DT>4.</DT><DD Font="normal"><LA>Handling von Gepäck,</LA></DD><DT>5.</DT><DD Font="normal"><LA>Handling von Fracht und Post,</LA></DD><DT>6.</DT><DD Font="normal"><LA>Beachten und Einhalten der Vorschriften über Arbeits-, Umwelt- und Gesundheitsschutz bei der Abfertigung; Gewährleisten der Arbeitssicherheit,</LA></DD><DT>7.</DT><DD Font="normal"><LA>Beachten und Einhalten von luftfahrtrechtlichen Bestimmungen und sonstigen Regelungen,</LA></DD><DT>8.</DT><DD Font="normal"><LA>Kommunizieren mit den an der Abfertigung Beteiligten,</LA></DD><DT>9.</DT><DD Font="normal"><LA>Delegieren von Aufgaben und Anleiten von Mitarbeitern und Mitarbeiterinnen.</LA></DD></DL></P><P>(2) In der Umschulungsprüfung haben die Prüfungsteilnehmer und Prüfungsteilnehmerinnen die berufliche Handlungsfähigkeit nachzuweisen, um die qualifizierte berufliche Tätigkeit als Geprüfte Fachkraft Bodenverkehrsdienst im Luftverkehr in einer sich wandelnden Arbeitswelt ausüben zu können. Umschulungsprüfungen werden von der nach dem Berufsbildungsgesetz zuständigen Stelle durchgeführt.</P><P>(3) Die erfolgreich abgelegte Umschulungsprüfung führt zum anerkannten Umschulungsabschluss „Geprüfte Fachkraft Bodenverkehrsdienst im Luftverkehr“.</P></Content></text></textdaten></norm>
<norm builddate="20181123212002" doknr="BJNR030500015BJNE000301119"><metadaten><jurabk>BodVerkFKrV</jurabk><enbez>§ 2</enbez><titel format="XML">Zulassungsvoraussetzungen für die Umschulungsprüfung</titel></metadaten><textdaten><text format="XML"><Content><P>Zur Umschulungsprüfung ist zuzulassen, wer <DL Type="arabic"><DT>1.</DT><DD Font="normal"><LA>eine mit Erfolg abgelegte Abschluss- oder Gesellenprüfung in einem anerkannten Ausbildungsberuf oder eine mindestens vierjährige berufliche Tätigkeit nachweist oder durch Vorlage von Zeugnissen oder auf andere Weise glaubhaft macht, Fertigkeiten, Kenntnisse und Fähigkeiten erworben zu haben, die der beruflichen Handlungsfähigkeit vergleichbar sind und die Zulassung zur Umschulungsprüfung rechtfertigen, und</LA></DD><DT>2.</DT><DD Font="normal"><LA>eine Umschulung nach § 3 nachweist.</LA></DD></DL></P></Content></text><fussnoten/></textdaten></norm>
<norm builddate="20181123212002" doknr="BJNR030500015BJNE000400000"><metadaten><jurabk>BodVerkFKrV</jurabk><enbez>§ 3</enbez><titel format="XML">Art, Dauer und Inhalt der Umschulung</titel></metadaten><textdaten><text format="XML"><Content><P>(1) Die Umschulung gliedert sich in einen Umschulungslehrgang und eine betriebliche Umschulung.</P><P>(2) Der Umschulungslehrgang umfasst mindestens 616 Unterrichtsstunden. Es sind die in der Anlage 1 beschriebenen Fertigkeiten, Kenntnisse und Fähigkeiten in den dort genannten Qualifikationsschwerpunkten zu vermitteln.</P><P>(3) Die betriebliche Umschulung erfolgt im Bereich der zivilen Luftfahrt auf Flughäfen und umfasst mindestens 28 betriebliche Praxiswochen. Es sind die in der Anlage 2 beschriebenen Fertigkeiten, Kenntnisse und Fähigkeiten in den dort genannten Qualifikationsschwerpunkten zu vermitteln; dabei sind die jeweils einschlägigen Regelwerke, Normen und Bestimmungen zu berücksichtigen.</P><P>(4) Über die regelmäßige Teilnahme am Umschulungslehrgang und an der betrieblichen Umschulung ist jeweils eine Bescheinigung auszustellen.</P></Content></text></textdaten></norm>
<norm builddate="20181123212002" doknr="BJNR030500015BJNE000500000"><metadaten><jurabk>BodVerkFKrV</jurabk><enbez>§ 4</enbez><titel format="XML">Gliederung der Umschulungsprüfung</titel></metadaten><textdaten><text format="XML"><Content><P>(1) Die Umschulungsprüfung gliedert sich in zwei Prüfungsteile: <DL Type="arabic"><DT>1.</DT><DD Font="normal"><LA>„Theorie des Bodenverkehrsdienstes“ und</LA></DD><DT>2.</DT><DD Font="normal"><LA>„Praxis des Bodenverkehrsdienstes“.</LA></DD></DL></P><P>(2) Die Prüfungsteile können in beliebiger Reihenfolge an verschiedenen Prüfungsterminen geprüft werden; dabei ist mit dem letzten Prüfungsteil spätestens ein Jahr nach dem ersten Prüfungstag des bereits abgelegten Prüfungsteils zu beginnen.</P></Content></text></textdaten></norm>
<norm builddate="20181123212002" doknr="BJNR030500015BJNE000600000"><metadaten><jurabk>BodVerkFKrV</jurabk><enbez>§ 5</enbez><titel format="XML">Prüfungsteil „Theorie des Bodenverkehrsdienstes“</titel></metadaten><textdaten><text format="XML"><Content><P>(1) Im Prüfungsteil „Theorie des Bodenverkehrsdienstes“ ist in folgenden Prüfungsbereichen zu prüfen: <DL Type="arabic"><DT>1.</DT><DD Font="normal"><LA>Luftfahrzeuge,</LA></DD><DT>2.</DT><DD Font="normal"><LA>Rechtsvorschriften,</LA></DD><DT>3.</DT><DD Font="normal"><LA>Kommunikation und Kooperation.</LA></DD></DL></P><P>(2) Im Prüfungsbereich „Luftfahrzeuge“ können geprüft werden: <DL Type="arabic"><DT>1.</DT><DD Font="normal"><LA>Kenntnis der Merkmale ziviler Luftfahrzeuge,</LA></DD><DT>2.</DT><DD Font="normal"><LA>Kenntnis der prinzipiellen Anordnung der Laderäume, der Ausstiege, der Versorgungsanschlüsse sowie der Bedienelemente,</LA></DD><DT>3.</DT><DD Font="normal"><LA>Kenntnis und Anwendung von Ladeanweisungen,</LA></DD><DT>4.</DT><DD Font="normal"><LA>Durchführen fachspezifischer Berechnungen.</LA></DD></DL></P><P>(3) Im Prüfungsbereich „Rechtsvorschriften“ können geprüft werden: <DL Type="arabic"><DT>1.</DT><DD Font="normal"><LA>Kenntnis einschlägiger luftfahrtrechtlicher Bestimmungen,</LA></DD><DT>2.</DT><DD Font="normal"><LA>Kenntnis sonstiger Regelungen, insbesondere Regelungen zum Umgang mit gefährlichen Gütern und besonderen Ladungen,</LA></DD><DT>3.</DT><DD Font="normal"><LA>Kenntnis einschlägiger Arbeitsschutz-, Arbeitssicherheits- und Unfallverhütungsvorschriften,</LA></DD><DT>4.</DT><DD Font="normal"><LA>Kenntnis einschlägiger Regeln für den Gesundheits- und Umweltschutz,</LA></DD><DT>5.</DT><DD Font="normal"><LA>Kenntnis einschlägiger Grundlagen des Arbeits- und Sozialrechts.</LA></DD></DL></P><P>(4) Im Prüfungsbereich „Kommunikation und Kooperation“ können geprüft werden: <DL Type="arabic"><DT>1.</DT><DD Font="normal"><LA>Anwenden der englischen Sprache als Fremdsprache bei Fachaufgaben,</LA></DD><DT>2.</DT><DD Font="normal"><LA>Planen und Bearbeiten von Aufgaben im Team, Abstimmen und Auswerten der Ergebnisse,</LA></DD><DT>3.</DT><DD Font="normal"><LA>Kenntnis der Prozessabläufe bei der Abfertigung,</LA></DD><DT>4.</DT><DD Font="normal"><LA>Erkennen und Melden von Schäden und besonderen Vorkommnissen.</LA></DD></DL></P><P>(5) Die Prüfung im Prüfungsteil „Theorie des Bodenverkehrsdienstes“ ist schriftlich in Form von anwendungsbezogenen Aufgaben durchzuführen.</P><P>(6) Die Bearbeitungszeit für die Aufgaben soll betragen: <DL Type="arabic"><DT>1.</DT><DD Font="normal"><LA>im Prüfungsbereich „Luftfahrzeuge“ mindestens 120 Minuten,</LA></DD><DT>2.</DT><DD Font="normal"><LA>im Prüfungsbereich „Rechtsvorschriften“ mindestens 90 Minuten und</LA></DD><DT>3.</DT><DD Font="normal"><LA>im Prüfungsbereich „Kommunikation und Kooperation“ mindestens 60 Minuten.</LA></DD></DL>Insgesamt soll die Prüfungsdauer 300 Minuten nicht überschreiten.</P></Content></text></textdaten></norm>
<norm builddate="20181123212002" doknr="BJNR030500015BJNE000700000"><metadaten><jurabk>BodVerkFKrV</jurabk><enbez>§ 6</enbez><titel format="XML">Prüfungsteil „Praxis des Bodenverkehrsdienstes“</titel></metadaten><textdaten><text format="XML"><Content><P>(1) Im Prüfungsteil „Praxis des Bodenverkehrsdienstes“ ist in folgenden Prüfungsbereichen zu prüfen: <DL Type="arabic"><DT>1.</DT><DD Font="normal"><LA>Einweisen, Annehmen und Sichern von Luftfahrzeugen,</LA></DD><DT>2.</DT><DD Font="normal"><LA>Überprüfen und Bedienen der für die Abfertigung erforderlichen Geräte und Fahrzeuge sowie Anwenden von Informationssystemen,</LA></DD><DT>3.</DT><DD Font="normal"><LA>Abfertigen von Luftfahrzeugen,</LA></DD><DT>4.</DT><DD Font="normal"><LA>Baggage Handling,</LA></DD><DT>5.</DT><DD Font="normal"><LA>Kommunizieren und Kooperieren mit den an der Abfertigung Beteiligten sowie Übernehmen von verantwortlichen Organisationsaufgaben.</LA></DD></DL></P><P>(2) Im Prüfungsbereich „Einweisen, Annehmen und Sichern von Luftfahrzeugen“ können geprüft werden: <DL Type="arabic"><DT>1.</DT><DD Font="normal"><LA>Einweisen von Luftfahrzeugen zur Vorfeldposition,</LA></DD><DT>2.</DT><DD Font="normal"><LA>Annehmen von Luftfahrzeugen, Kommunizieren mit dem Cockpit,</LA></DD><DT>3.</DT><DD Font="normal"><LA>Anbringen und Entfernen von Sicherungsvorrichtungen.</LA></DD></DL></P><P>(3) Im Prüfungsbereich „Überprüfen und Bedienen der für die Abfertigung erforderlichen Geräte und Fahrzeuge sowie Anwenden von Informationssystemen“ können geprüft werden: <DL Type="arabic"><DT>1.</DT><DD Font="normal"><LA>Überprüfen der Betriebsbereitschaft und Verkehrssicherheit von Geräten und Fahrzeugen,</LA></DD><DT>2.</DT><DD Font="normal"><LA>Einsetzen von Geräten und Fahrzeugen nach deren Bestimmungen,</LA></DD><DT>3.</DT><DD Font="normal"><LA>Erkennen und Melden von Störungen und Schäden an Geräten und Fahrzeugen,</LA></DD><DT>4.</DT><DD Font="normal"><LA>Überprüfen der Funktionalität von Informationssystemen und Anwenden von Informationssystemen.</LA></DD></DL></P><P>(4) Im Prüfungsbereich „Abfertigen von Luftfahrzeugen“ können geprüft werden: <DL Type="arabic"><DT>1.</DT><DD Font="normal"><LA>Be- und Entladen von Luftfahrzeugen gemäß Ladeanweisungen,</LA></DD><DT>2.</DT><DD Font="normal"><LA>Cargo und Mail Handling,</LA></DD><DT>3.</DT><DD Font="normal"><LA>Sichern der Ladung,</LA></DD><DT>4.</DT><DD Font="normal"><LA>Abfertigen von gefährlichen Gütern und Sonderfrachten.</LA></DD></DL></P><P>(5) Im Prüfungsbereich „Baggage Handling“ können geprüft werden: <DL Type="arabic"><DT>1.</DT><DD Font="normal"><LA>Abfertigen des Gepäcks, Bearbeiten von Besonderheiten,</LA></DD><DT>2.</DT><DD Font="normal"><LA>Be- und Entladen der Lademitteleinheiten unter Berücksichtigung der Sortierkriterien,</LA></DD><DT>3.</DT><DD Font="normal"><LA>Bedienen von Gepäckfördereinrichtungen,</LA></DD><DT>4.</DT><DD Font="normal"><LA>Bearbeiten von Besonderheiten, Verfassen von Schadensmeldungen.</LA></DD></DL></P><P>(6) Im Prüfungsbereich „Kommunizieren und Kooperieren mit den an der Abfertigung Beteiligten sowie Übernehmen von verantwortlichen Organisationsaufgaben“ können geprüft werden: <DL Type="arabic"><DT>1.</DT><DD Font="normal"><LA>situationsgerechtes Kommunizieren,</LA></DD><DT>2.</DT><DD Font="normal"><LA>Koordinieren von Aufgaben.</LA></DD></DL></P><P>(7) Die Prüfung im Prüfungsteil „Praxis des Bodenverkehrsdienstes“ ist in Form von praxisorientierten Arbeitsproben und einem situativen Fachgespräch durchzuführen. Das situative Fachgespräch kann in mehrere Gesprächsphasen aufgeteilt werden und ist im Kontext der Arbeitsproben zu führen.</P><P>(8) Die Arbeitsproben sind so zu gestalten, dass sie sich jeweils auf einen Prüfungsbereich nach Absatz 1 Nummer 1 bis 5 beziehen. Je Prüfungsbereich können auch mehrere Arbeitsproben durchgeführt werden. Die Bearbeitungszeit für die Arbeitsproben beträgt insgesamt mindestens 240 Minuten und höchstens 330 Minuten.</P><P>(9) Im situativen Fachgespräch soll der Prüfungsteilnehmer oder die Prüfungsteilnehmerin die Fähigkeit nachweisen, dass er oder sie in der Lage ist, betriebspraktische Aufgabenstellungen zu analysieren und dazu Lösungsmöglichkeiten zu entwickeln. Das situative Fachgespräch soll sich auf Situationen beziehen, die während der Durchführung der Arbeitsproben entstehen, und deren Bewertung unterstützen. Das situative Fachgespräch soll in der Regel 20 Minuten dauern.</P></Content></text></textdaten></norm>
<norm builddate="20181123212002" doknr="BJNR030500015BJNE000801119"><metadaten><jurabk>BodVerkFKrV</jurabk><enbez>§ 7</enbez><titel format="XML">Befreiung von einzelnen Prüfungsbestandteilen</titel></metadaten><textdaten><text format="XML"><Content><P>Für die Befreiung von einzelnen Prüfungsbestandteilen ist § 62 Absatz 4 des Berufsbildungsgesetzes entsprechend anzuwenden.</P></Content></text><fussnoten/></textdaten></norm>
<norm builddate="20181123212002" doknr="BJNR030500015BJNE000901119"><metadaten><jurabk>BodVerkFKrV</jurabk><enbez>§ 8</enbez><titel format="XML">Bewertung der Prüfungsleistungen; Bestehen der Prüfung</titel></metadaten><textdaten><text format="XML"><Content><P>(1) Die Prüfung ist bestanden, wenn die Prüfungsleistung in jedem der geprüften Prüfungsbereiche nach den §§ 5 und 6 mit mindestens „ausreichend“ bewertet worden ist.</P><P>(2) Die beiden Prüfungsteile „Theorie des Bodenverkehrsdienstes“ und „Praxis des Bodenverkehrsdienstes“ sind gesondert mit Punkten zu bewerten.</P><P>(3) Im Prüfungsteil „Theorie des Bodenverkehrsdienstes“ sind die Prüfungsbereiche wie folgt zu gewichten: <table frame="none" pgwide="1" tocentry="%yes;"><tgroup align="left" char="" charoff="50" cols="3"><colspec colname="col1" colnum="1" colwidth="2*"/><colspec colname="col2" colnum="2" colwidth="30*"/><colspec colname="col3" colnum="3" colwidth="14*"/><tbody valign="top"><row><entry VJ="1" colname="col1" colsep="0" rowsep="0">1.</entry><entry VJ="1" colname="col2" colsep="0" rowsep="0">Luftfahrzeuge</entry><entry VJ="1" colname="col3" rowsep="0">mit 50 Prozent,</entry></row><row><entry VJ="1" colname="col1" colsep="0" rowsep="0">2.</entry><entry VJ="1" colname="col2" colsep="0" rowsep="0">Rechtsvorschriften</entry><entry VJ="1" colname="col3" rowsep="0">mit 25 Prozent,</entry></row><row><entry VJ="1" colname="col1" colsep="0">3.</entry><entry VJ="1" colname="col2" colsep="0">Kommunikation und Kooperation</entry><entry VJ="1" colname="col3">mit 25 Prozent.</entry></row></tbody></tgroup></table></P><P>(4) Im Prüfungsteil „Praxis des Bodenverkehrsdienstes“ sind für jeden Prüfungsbereich die jeweiligen praxisorientierten Arbeitsproben unter Berücksichtigung des situativen Fachgesprächs zu bewerten. Aus den Punktebewertungen der einzelnen Prüfungsleistungen ist eine Note zu bilden.</P><P>(5) Im Prüfungsteil „Praxis des Bodenverkehrsdienstes“ sind die Prüfungsbereiche wie folgt zu gewichten: <table frame="none" pgwide="1" tocentry="%yes;"><tgroup align="left" char="" charoff="50" cols="3"><colspec colname="col1" colnum="1" colwidth="2*"/><colspec colname="col2" colnum="2" colwidth="30*"/><colspec colname="col3" colnum="3" colwidth="14*"/><tbody valign="top"><row><entry VJ="1" colname="col1" colsep="0" rowsep="0">1.</entry><entry VJ="1" colname="col2" colsep="0" rowsep="0">Einweisen, Annehmen und Sichern von Luftfahrzeugen</entry><entry VJ="1" colname="col3" rowsep="0">mit 20 Prozent,</entry></row><row><entry VJ="1" colname="col1" colsep="0" rowsep="0">2.</entry><entry VJ="1" colname="col2" colsep="0" rowsep="0">Überprüfen und Bedienen der für die Abfertigung erforderlichen Geräte und Fahrzeuge sowie Anwenden von Informationssystemen</entry><entry VJ="1" colname="col3" rowsep="0"><BR/>mit 20 Prozent,</entry></row><row><entry VJ="1" colname="col1" colsep="0" rowsep="0">3.</entry><entry VJ="1" colname="col2" colsep="0" rowsep="0">Abfertigung von Luftfahrzeugen</entry><entry VJ="1" colname="col3" rowsep="0">mit 30 Prozent,</entry></row><row><entry VJ="1" colname="col1" colsep="0" rowsep="0">4.</entry><entry VJ="1" colname="col2" colsep="0" rowsep="0">Baggage Handling</entry><entry VJ="1" colname="col3" rowsep="0">mit 20 Prozent,</entry></row><row><entry VJ="1" colname="col1" colsep="0">5.</entry><entry VJ="1" colname="col2" colsep="0">Kommunizieren und Kooperieren mit den an der Abfertigung Beteiligten sowie Übernehmen von verantwortlichen Organisationsaufgaben</entry><entry VJ="1" colname="col3"><BR/>mit 10 Prozent.</entry></row></tbody></tgroup></table></P><P>(6) Aus den Noten der Prüfungsteile „Theorie des Bodenverkehrsdienstes“ und „Praxis des Bodenverkehrsdienstes“ ist eine Gesamtnote zu bilden. Dabei sind die Prüfungsteile wie folgt zu gewichten: <table frame="none" pgwide="1" tocentry="%yes;"><tgroup align="left" char="" charoff="50" cols="3"><colspec colname="col1" colnum="1" colwidth="2*"/><colspec colname="col2" colnum="2" colwidth="30*"/><colspec colname="col3" colnum="3" colwidth="14*"/><tbody valign="top"><row><entry VJ="1" colname="col1" colsep="0" rowsep="0">1.</entry><entry VJ="1" colname="col2" colsep="0" rowsep="0">„Theorie des Bodenverkehrsdienstes“</entry><entry VJ="1" colname="col3" rowsep="0">mit 40 Prozent,</entry></row><row><entry VJ="1" colname="col1" colsep="0">2.</entry><entry VJ="1" colname="col2" colsep="0">„Praxis des Bodenverkehrsdienstes“</entry><entry VJ="1" colname="col3">mit 60 Prozent.</entry></row></tbody></tgroup></table></P><P>(7) Ist die Prüfung bestanden, stellt die zuständige Stelle darüber ein Zeugnis aus.</P><P>(8) Ist die Prüfung bestanden, stellt die zuständige Stelle ein weiteres Zeugnis aus, in dem mindestens anzugeben sind: <DL Type="arabic"><DT>1.</DT><DD Font="normal"><LA>die Bezeichnung des Umschulungsabschlusses nach § 1 Absatz 3,</LA></DD><DT>2.</DT><DD Font="normal"><LA>die vollständige Bezeichnung und Fundstelle dieser Umschulungsverordnung nach den Angaben im Bundesgesetzblatt unter Berücksichtigung erfolgter Änderungen dieser Verordnung,</LA></DD><DT>3.</DT><DD Font="normal"><LA>die Prüfungsergebnisse nach § 8 Absatz 2 in Verbindung mit Absatz 6,</LA></DD><DT>4.</DT><DD Font="normal"><LA>die Prüfungsbereiche nach § 5 Absatz 1,</LA></DD><DT>5.</DT><DD Font="normal"><LA>die Prüfungsbereiche nach § 6 Absatz 1,</LA></DD><DT>6.</DT><DD Font="normal"><LA>die Befreiungen nach § 7; jede Befreiung ist mit Ort, Datum und der Bezeichnung des Prüfungsgremiums der anderweitig abgelegten Prüfung anzugeben.</LA></DD></DL></P></Content></text><fussnoten/></textdaten></norm>
<norm builddate="20181123212002" doknr="BJNR030500015BJNE001000000"><metadaten><jurabk>BodVerkFKrV</jurabk><enbez>§ 9</enbez><titel format="XML">Wiederholung der Prüfung</titel></metadaten><textdaten><text format="XML"><Content><P>(1) Ein Prüfungsteil, der bei der ersten Prüfung nicht bestanden ist, kann zweimal wiederholt werden.</P><P>(2) Wer auf Antrag an einer Wiederholungsprüfung teilnimmt und sich innerhalb von zwei Jahren, gerechnet vom Tag der Beendigung des nicht bestandenen Prüfungsteils an, zur Wiederholungsprüfung anmeldet, ist von der Prüfung in einzelnen Prüfungsbereichen freizustellen, wenn die darin in einer vorangegangenen Prüfung erbrachten Leistungen mit mindestens „ausreichend“ bewertet worden sind.</P></Content></text></textdaten></norm>
<norm builddate="20181123212002" doknr="BJNR030500015BJNE001100000"><metadaten><jurabk>BodVerkFKrV</jurabk><enbez>§ 10</enbez><titel format="XML">Übergangsvorschriften</titel></metadaten><textdaten><text format="XML"><Content><P>(1) Vor dem 1. Mai 2015 begonnene Prüfungsverfahren zum anerkannten Abschluss Geprüfter Flugzeugabfertiger nach der Verordnung über die Prüfung zum anerkannten Abschluß Geprüfter Flugzeugabfertiger vom 15. August 1977 (BGBl. I S. 1565), die durch Artikel 1 der Verordnung vom 15. Juli 1980 (BGBl. I S. 1014) geändert worden ist, können bis zum 30. April 2018 nach den bisherigen Vorschriften zu Ende geführt werden. Bei Prüfungen, die bis zum Ablauf des 31. Dezember 2015 angemeldet werden, kann der Prüfungsteilnehmer oder die Prüfungsteilnehmerin die Anwendung der bisherigen Vorschriften beantragen; diese Prüfungen sind bis zum 30. April 2018 zu Ende zu führen.</P><P>(2) Eine Wiederholungsprüfung für vor dem 1. Mai 2015 begonnene Prüfungsverfahren kann auf Antrag des Prüfungsteilnehmers oder der Prüfungsteilnehmerin auch nach dieser Verordnung durchgeführt werden; § 9 Absatz 2 findet keine Anwendung.</P></Content></text></textdaten></norm>
<norm builddate="20181123212002" doknr="BJNR030500015BJNE001200000"><metadaten><jurabk>BodVerkFKrV</jurabk><enbez>§ 11</enbez><titel format="XML">Inkrafttreten, Außerkrafttreten</titel></metadaten><textdaten><text format="XML"><Content><P>Diese Verordnung tritt am 1. Mai 2015 in Kraft. Gleichzeitig tritt die Verordnung über die Prüfung zum anerkannten Abschluß Geprüfter Flugzeugabfertiger vom 15. August 1977 (BGBl. I S. 1565), die durch Artikel 1 der Verordnung vom 15. Juli 1980 (BGBl. I S. 1014) geändert worden ist, außer Kraft.</P></Content></text></textdaten></norm>
<norm builddate="20181123212002" doknr="BJNR030500015BJNE001300000"><metadaten><jurabk>BodVerkFKrV</jurabk><enbez>Anlage 1</enbez><titel format="XML">(zu § 3 Absatz 2)<BR/>Umschulungslehrgang</titel></metadaten><textdaten><text format="XML"><Content><P><noindex><kommentar typ="Fundstelle">(Fundstelle: BGBl. I 2015, 309)</kommentar></noindex></P><BR/><P>Der Umschulungslehrgang gliedert sich in die folgenden fünf Qualifikationsschwerpunkte: <DL Font="normal" Type="arabic"><DT>1.</DT><DD Font="normal"><LA Size="normal">Luftfahrzeuge,</LA></DD><DT>2.</DT><DD Font="normal"><LA Size="normal">Luftfahrtrechtliche Bestimmungen und sonstige Regelungen,</LA></DD><DT>3.</DT><DD Font="normal"><LA Size="normal">Vorschriften über Arbeits-, Umwelt- und Gesundheitsschutz bei der Abfertigung, Gewährleisten der Arbeitssicherheit,</LA></DD><DT>4.</DT><DD Font="normal"><LA Size="normal">Kommunikation und Kooperation,</LA></DD><DT>5.</DT><DD Font="normal"><LA Size="normal">Arbeits- und sozialrechtliche Bestimmungen.</LA></DD></DL></P><BR/><BR/><table frame="none" pgwide="1" tocentry="%yes;"><tgroup align="left" char="" charoff="50" cols="3"><colspec colname="col1" colwidth="2*"/><colspec align="justify" colname="col2" colwidth="70*"/><colspec align="right" colname="col3" colwidth="8*"/><tbody valign="top"><row><entry VJ="1" align="justify" colsep="0" nameend="col2" namest="col1" rowsep="0">   (1) Der Qualifikationsschwerpunkt „Luftfahrzeuge“ umfasst folgende Qualifikationsinhalte:</entry><entry VJ="1" colname="col3" rowsep="0">32 Tage</entry></row><row><entry VJ="1" colname="col1" colsep="0" rowsep="0">a)</entry><entry VJ="1" colname="col2" colsep="0" rowsep="0">Kenntnis von Luftfahrzeugtypen und -versionen,</entry><entry VJ="1" colname="col3" rowsep="0"/></row><row><entry VJ="1" colname="col1" colsep="0" rowsep="0">b)</entry><entry VJ="1" colname="col2" colsep="0" rowsep="0">Kenntnis und Anwendung von Bezeichnungen und Codes,</entry><entry VJ="1" colname="col3" rowsep="0"/></row><row><entry VJ="1" colname="col1" colsep="0" rowsep="0">c)</entry><entry VJ="1" colname="col2" colsep="0" rowsep="0">Kenntnis und Berücksichtigung der Struktur von Luftfahrzeugen,</entry><entry VJ="1" colname="col3" rowsep="0"/></row><row><entry VJ="1" colname="col1" colsep="0" rowsep="0">d)</entry><entry VJ="1" colname="col2" colsep="0" rowsep="0">Kenntnis von Anordnung, Merkmalen und Funktionen der Laderäume und -einheiten sowie der Ausstiege,</entry><entry VJ="1" colname="col3" rowsep="0"/></row><row><entry VJ="1" colname="col1" colsep="0" rowsep="0">e)</entry><entry VJ="1" colname="col2" colsep="0" rowsep="0">Kenntnis und Zuordnung von Bedienelementen und Versorgungsanschlüssen,</entry><entry VJ="1" colname="col3" rowsep="0"/></row><row><entry VJ="1" colname="col1" colsep="0">f)</entry><entry VJ="1" colname="col2" colsep="0">Kenntnis und Anwendung von Ladeanweisungen.</entry><entry VJ="1" colname="col3"/></row></tbody></tgroup></table><BR/><BR/><table frame="none" pgwide="1" tocentry="%yes;"><tgroup align="left" char="" charoff="50" cols="3"><colspec colname="col1" colwidth="2*"/><colspec align="justify" colname="col2" colwidth="70*"/><colspec align="right" colname="col3" colwidth="8*"/><tbody valign="top"><row><entry VJ="1" align="justify" colsep="0" nameend="col2" namest="col1" rowsep="0">   (2) Der Qualifikationsschwerpunkt „Luftfahrtrechtliche Bestimmungen und sonstige Regelungen“ umfasst folgende Qualifikationsinhalte:</entry><entry VJ="1" colname="col3" rowsep="0"><BR/>11 Tage</entry></row><row><entry VJ="1" colname="col1" colsep="0" rowsep="0">a)</entry><entry VJ="1" colname="col2" colsep="0" rowsep="0">Beachten von Rechtsgrundlagen im Luftverkehr, insbesondere behördlichen Bestimmungen, Flughafenbenutzungsordnung und einschlägigen Bestimmungen des Luftsicherheitsgesetzes,</entry><entry VJ="1" colname="col3" rowsep="0"/></row><row><entry VJ="1" colname="col1" colsep="0" rowsep="0">b)</entry><entry VJ="1" colname="col2" colsep="0" rowsep="0">Kenntnis und Anwendung von Fachbegriffen und Abkürzungen im Luftverkehr,</entry><entry VJ="1" colname="col3" rowsep="0"/></row><row><entry VJ="1" colname="col1" colsep="0" rowsep="0">c)</entry><entry VJ="1" colname="col2" colsep="0" rowsep="0">Beachten von Vorschriften über gefährliche Güter und besondere Ladungen,</entry><entry VJ="1" colname="col3" rowsep="0"/></row><row><entry VJ="1" colname="col1" colsep="0">d)</entry><entry VJ="1" colname="col2" colsep="0">Kenntnis der Verkehrsgeografie.</entry><entry VJ="1" colname="col3"/></row></tbody></tgroup></table><BR/><BR/><table frame="none" pgwide="1" tocentry="%yes;"><tgroup align="left" char="" charoff="50" cols="3"><colspec colname="col1" colwidth="2*"/><colspec align="justify" colname="col2" colwidth="70*"/><colspec align="right" colname="col3" colwidth="8*"/><tbody valign="top"><row><entry VJ="1" align="justify" colsep="0" nameend="col2" namest="col1" rowsep="0">   (3) Der Qualifikationsschwerpunkt „Vorschriften über Arbeits-, Umwelt- und Gesundheitsschutz bei der Abfertigung, Gewährleisten der Arbeitssicherheit“ umfasst folgende Qualifikationsinhalte:</entry><entry VJ="1" colname="col3" rowsep="0"><BR/>11 Tage</entry></row><row><entry VJ="1" colname="col1" colsep="0" rowsep="0">a)</entry><entry VJ="1" colname="col2" colsep="0" rowsep="0">Anwenden von Arbeitsschutz-, Arbeitssicherheits- und Unfallverhütungsvorschriften,</entry><entry VJ="1" colname="col3" rowsep="0"/></row><row><entry VJ="1" colname="col1" colsep="0" rowsep="0">b)</entry><entry VJ="1" colname="col2" colsep="0" rowsep="0">Beachten von Regeln des Gesundheitsschutzes, Verstehen des Gesundheitsmanagements,</entry><entry VJ="1" colname="col3" rowsep="0"/></row><row><entry VJ="1" colname="col1" colsep="0" rowsep="0">c)</entry><entry VJ="1" colname="col2" colsep="0" rowsep="0">Anwenden von Regeln des Umweltschutzes, Verstehen des Umweltschutzmanagements,</entry><entry VJ="1" colname="col3" rowsep="0"/></row><row><entry VJ="1" colname="col1" colsep="0" rowsep="0">d)</entry><entry VJ="1" colname="col2" colsep="0" rowsep="0">Einleiten und Anwenden von Erste-Hilfe-Maßnahmen,</entry><entry VJ="1" colname="col3" rowsep="0"/></row><row><entry VJ="1" colname="col1" colsep="0">e)</entry><entry VJ="1" colname="col2" colsep="0">Anwenden von Vorschriften des Brandschutzes und Ergreifen von Maßnahmen zur Brandbekämpfung.</entry><entry VJ="1" colname="col3"/></row></tbody></tgroup></table><BR/><BR/><table frame="none" pgwide="1" tocentry="%yes;"><tgroup align="left" char="" charoff="50" cols="3"><colspec colname="col1" colwidth="2*"/><colspec align="justify" colname="col2" colwidth="70*"/><colspec align="right" colname="col3" colwidth="8*"/><tbody valign="top"><row><entry VJ="1" align="justify" colsep="0" nameend="col2" namest="col1" rowsep="0">   (4) Der Qualifikationsschwerpunkt „Kommunikation und Kooperation“ umfasst folgende Qualifikationsinhalte:</entry><entry VJ="1" colname="col3" rowsep="0"><BR/>21 Tage</entry></row><row><entry VJ="1" colname="col1" colsep="0" rowsep="0">a)</entry><entry VJ="1" colname="col2" colsep="0" rowsep="0">Kenntnis und Anwendung von Teamarbeit und Kooperation mit anderen Bereichen,</entry><entry VJ="1" colname="col3" rowsep="0"/></row><row><entry VJ="1" colname="col1" colsep="0" rowsep="0">b)</entry><entry VJ="1" colname="col2" colsep="0" rowsep="0">Beherrschen des Kommunikationsverhaltens und Umgehen mit Konflikten,</entry><entry VJ="1" colname="col3" rowsep="0"/></row><row><entry VJ="1" colname="col1" colsep="0" rowsep="0">c)</entry><entry VJ="1" colname="col2" colsep="0" rowsep="0">Anwenden fachspezifischer fremdsprachlicher Kenntnisse in englischer Sprache,</entry><entry VJ="1" colname="col3" rowsep="0"/></row><row><entry VJ="1" colname="col1" colsep="0" rowsep="0">d)</entry><entry VJ="1" colname="col2" colsep="0" rowsep="0">Erkennen und Melden von Schäden und besonderen Vorkommnissen,</entry><entry VJ="1" colname="col3" rowsep="0"/></row><row><entry VJ="1" colname="col1" colsep="0">e)</entry><entry VJ="1" colname="col2" colsep="0">Kenntnis von Prozessabläufen bei der Abfertigung.</entry><entry VJ="1" colname="col3"/></row></tbody></tgroup></table><BR/><BR/><table frame="none" pgwide="1" tocentry="%yes;"><tgroup align="left" char="" charoff="50" cols="3"><colspec colname="col1" colwidth="2*"/><colspec align="justify" colname="col2" colwidth="70*"/><colspec align="right" colname="col3" colwidth="8*"/><tbody valign="top"><row><entry VJ="1" align="justify" colsep="0" nameend="col2" namest="col1" rowsep="0">   (5) Der Qualifikationsschwerpunkt „Arbeits- und sozialrechtliche Bestimmungen“ umfasst folgende Qualifikationsinhalte:</entry><entry VJ="1" colname="col3" rowsep="0"><BR/>2 Tage</entry></row><row><entry VJ="1" colname="col1" colsep="0" rowsep="0">a)</entry><entry VJ="1" colname="col2" colsep="0" rowsep="0">Verstehen der Grundlagen des Berufsbildungsrechts,</entry><entry VJ="1" colname="col3" rowsep="0"/></row><row><entry VJ="1" colname="col1" colsep="0">b)</entry><entry VJ="1" colname="col2" colsep="0">Verstehen der Grundlagen des Arbeits- und Sozialrechts, insbesondere des Arbeitsvertragsrechts, des Betriebsverfassungs- und Tarifvertragsrechts sowie des Sozialversicherungsrechts.</entry><entry VJ="1" colname="col3"/></row></tbody></tgroup></table></Content></text></textdaten></norm>
<norm builddate="20181123212002" doknr="BJNR030500015BJNE001400000"><metadaten><jurabk>BodVerkFKrV</jurabk><enbez>Anlage 2</enbez><titel format="XML">(zu § 3 Absatz 3)<BR/>Betriebliche Umschulung</titel></metadaten><textdaten><text format="XML"><Content><P><noindex><kommentar typ="Fundstelle">(Fundstelle: BGBl. I 2015, 310 - 311)</kommentar></noindex></P><BR/><P>Die betriebliche Umschulung umfasst die folgenden sechs Qualifikationsschwerpunkte: <DL Font="normal" Type="arabic"><DT>1.</DT><DD Font="normal"><LA Size="normal">Einweisen, Annehmen und Sichern von Luftfahrzeugen,</LA></DD><DT>2.</DT><DD Font="normal"><LA Size="normal">Überprüfen und Bedienen der für die Abfertigung erforderlichen Geräte und Fahrzeuge sowie Anwenden von Informationssystemen,</LA></DD><DT>3.</DT><DD Font="normal"><LA Size="normal">Abfertigen von Luftfahrzeugen,</LA></DD><DT>4.</DT><DD Font="normal"><LA Size="normal">Baggage Handling,</LA></DD><DT>5.</DT><DD Font="normal"><LA Size="normal">Kommunizieren und Kooperieren mit den an der Abfertigung Beteiligten,</LA></DD><DT>6.</DT><DD Font="normal"><LA Size="normal">Übernehmen von verantwortlichen Organisationsaufgaben.</LA></DD></DL></P><BR/><BR/><table frame="none" pgwide="1" tocentry="%yes;"><tgroup align="left" char="" charoff="50" cols="3"><colspec colname="col1" colwidth="2*"/><colspec align="justify" colname="col2" colwidth="68*"/><colspec align="right" colname="col3" colwidth="14*"/><tbody valign="top"><row><entry VJ="1" align="justify" colsep="0" nameend="col2" namest="col1" rowsep="0">   (1) Der Qualifikationsschwerpunkt „Einweisen, Annehmen und Sichern von Luftfahrzeugen“ umfasst:</entry><entry VJ="1" colname="col3" rowsep="0"><BR/>13 Arbeitstage</entry></row><row><entry VJ="1" colname="col1" colsep="0" rowsep="0">a)</entry><entry VJ="1" colname="col2" colsep="0" rowsep="0">Einweisen von Luftfahrzeugen zur Vorfeldposition,</entry><entry VJ="1" colname="col3" rowsep="0"/></row><row><entry VJ="1" colname="col1" colsep="0" rowsep="0">b)</entry><entry VJ="1" colname="col2" colsep="0" rowsep="0">Annehmen von Luftfahrzeugen, Kommunizieren mit dem Cockpit,</entry><entry VJ="1" colname="col3" rowsep="0"/></row><row><entry VJ="1" colname="col1" colsep="0">c)</entry><entry VJ="1" colname="col2" colsep="0">Anbringen und Entfernen von Sicherungsvorrichtungen.</entry><entry VJ="1" colname="col3"/></row></tbody></tgroup></table><BR/><BR/><table frame="none" pgwide="1" tocentry="%yes;"><tgroup align="left" char="" charoff="50" cols="3"><colspec colname="col1" colwidth="2*"/><colspec align="justify" colname="col2" colwidth="68*"/><colspec align="right" colname="col3" colwidth="14*"/><tbody valign="top"><row><entry VJ="1" colsep="0" nameend="col2" namest="col1" rowsep="0">   (2) Der Qualifikationsschwerpunkt „Überprüfen und Bedienen der für die Abfertigung erforderlichen Geräte und Fahrzeuge sowie Anwenden von Informationssystemen“ umfasst:</entry><entry VJ="1" colname="col3" rowsep="0"><BR/>32 Arbeitstage</entry></row><row><entry VJ="1" colname="col1" colsep="0" rowsep="0">a)</entry><entry VJ="1" colname="col2" colsep="0" rowsep="0">Überprüfen der Betriebsbereitschaft und Verkehrssicherheit von Geräten und Fahrzeugen,</entry><entry VJ="1" colname="col3" rowsep="0"/></row><row><entry VJ="1" colname="col1" colsep="0" rowsep="0">b)</entry><entry VJ="1" colname="col2" colsep="0" rowsep="0">Einsetzen von Geräten und Fahrzeugen nach deren Bestimmungen,</entry><entry VJ="1" colname="col3" rowsep="0"/></row><row><entry VJ="1" colname="col1" colsep="0" rowsep="0">c)</entry><entry VJ="1" colname="col2" colsep="0" rowsep="0">Erkennen und Melden von Störungen und Schäden an Geräten und Fahrzeugen,</entry><entry VJ="1" colname="col3" rowsep="0"/></row><row><entry VJ="1" colname="col1" colsep="0">d)</entry><entry VJ="1" colname="col2" colsep="0">Überprüfen der Funktionalität von Informationssystemen und Anwenden von Informationssystemen.</entry><entry VJ="1" colname="col3"/></row></tbody></tgroup></table><BR/><BR/><table frame="none" pgwide="1" tocentry="%yes;"><tgroup align="left" char="" charoff="50" cols="3"><colspec colname="col1" colwidth="2*"/><colspec align="justify" colname="col2" colwidth="68*"/><colspec align="right" colname="col3" colwidth="14*"/><tbody valign="top"><row><entry VJ="1" colsep="0" nameend="col2" namest="col1" rowsep="0">   (3) Der Qualifikationsschwerpunkt „Abfertigen von Luftfahrzeugen“ umfasst:</entry><entry VJ="1" colname="col3" rowsep="0">75 Arbeitstage</entry></row><row><entry VJ="1" colname="col1" colsep="0" rowsep="0">a)</entry><entry VJ="1" colname="col2" colsep="0" rowsep="0">Öffnen, Schließen und Sichern der Laderaumtüren,</entry><entry VJ="1" colname="col3" rowsep="0"/></row><row><entry VJ="1" colname="col1" colsep="0" rowsep="0">b)</entry><entry VJ="1" colname="col2" colsep="0" rowsep="0">Be- und Entladen von Luftfahrzeugen gemäß Ladeanweisungen,</entry><entry VJ="1" colname="col3" rowsep="0"/></row><row><entry VJ="1" colname="col1" colsep="0" rowsep="0">c)</entry><entry VJ="1" colname="col2" colsep="0" rowsep="0">Cargo und Mail Handling an Luftfahrzeugen,</entry><entry VJ="1" colname="col3" rowsep="0"/></row><row><entry VJ="1" colname="col1" colsep="0" rowsep="0">d)</entry><entry VJ="1" colname="col2" colsep="0" rowsep="0">Sichern der Ladung,</entry><entry VJ="1" colname="col3" rowsep="0"/></row><row><entry VJ="1" colname="col1" colsep="0">e)</entry><entry VJ="1" colname="col2" colsep="0">Abfertigen von gefährlichen Gütern und Sonderfrachten.</entry><entry VJ="1" colname="col3"/></row></tbody></tgroup></table><BR/><BR/><table frame="none" pgwide="1" tocentry="%yes;"><tgroup align="left" char="" charoff="50" cols="3"><colspec colname="col1" colwidth="2*"/><colspec align="justify" colname="col2" colwidth="68*"/><colspec align="right" colname="col3" colwidth="14*"/><tbody valign="top"><row><entry VJ="1" colsep="0" nameend="col2" namest="col1" rowsep="0">   (4) Der Qualifikationsschwerpunkt „Baggage Handling“ umfasst:</entry><entry VJ="1" colname="col3" rowsep="0">15 Arbeitstage</entry></row><row><entry VJ="1" colsep="0" nameend="col2" namest="col1" rowsep="0">Outbound:</entry><entry VJ="1" colname="col3" rowsep="0"/></row><row><entry VJ="1" colname="col1" colsep="0" rowsep="0">a)</entry><entry VJ="1" colname="col2" colsep="0" rowsep="0">Abfertigen des Gepäcks und Bearbeiten von Besonderheiten,</entry><entry VJ="1" colname="col3" rowsep="0"/></row><row><entry VJ="1" colname="col1" colsep="0" rowsep="0">b)</entry><entry VJ="1" colname="col2" colsep="0" rowsep="0">Beladen der Lademitteleinheiten unter Berücksichtigung der Sortierkriterien und Sicherheitsverfahren,</entry><entry VJ="1" colname="col3" rowsep="0"/></row><row><entry VJ="1" colname="col1" colsep="0" rowsep="0">c)</entry><entry VJ="1" colname="col2" colsep="0" rowsep="0">Bedienen der Gepäckfördereinrichtungen,</entry><entry VJ="1" colname="col3" rowsep="0"/></row><row><entry VJ="1" colname="col1" colsep="0" rowsep="0">d)</entry><entry VJ="1" colname="col2" colsep="0" rowsep="0">Bearbeiten von Besonderheiten, Verfassen von Schadensmeldungen;</entry><entry VJ="1" colname="col3" rowsep="0"/></row><row><entry VJ="1" colsep="0" nameend="col2" namest="col1" rowsep="0">Inbound:</entry><entry VJ="1" colname="col3" rowsep="0"/></row><row><entry VJ="1" colname="col1" colsep="0" rowsep="0">a)</entry><entry VJ="1" colname="col2" colsep="0" rowsep="0">Abfertigen des Gepäcks und des Sondergepäcks und Bearbeiten anderer Besonderheiten,</entry><entry VJ="1" colname="col3" rowsep="0"/></row><row><entry VJ="1" colname="col1" colsep="0" rowsep="0">b)</entry><entry VJ="1" colname="col2" colsep="0" rowsep="0">Entladen der Lademitteleinheiten unter Berücksichtigung der Sortierkriterien,</entry><entry VJ="1" colname="col3" rowsep="0"/></row><row><entry VJ="1" colname="col1" colsep="0" rowsep="0">c)</entry><entry VJ="1" colname="col2" colsep="0" rowsep="0">Bedienen der Gepäckfördereinrichtungen,</entry><entry VJ="1" colname="col3" rowsep="0"/></row><row><entry VJ="1" colname="col1" colsep="0">d)</entry><entry VJ="1" colname="col2" colsep="0">Bearbeiten von Besonderheiten, Verfassen von Schadensmeldungen.</entry><entry VJ="1" colname="col3"/></row></tbody></tgroup></table><BR/><BR/><table frame="none" pgwide="1" tocentry="%yes;"><tgroup align="left" char="" charoff="50" cols="3"><colspec colname="col1" colwidth="2*"/><colspec align="justify" colname="col2" colwidth="68*"/><colspec align="right" colname="col3" colwidth="14*"/><tbody valign="top"><row><entry VJ="1" colsep="0" nameend="col2" namest="col1" rowsep="0">   (5) Der Qualifikationsschwerpunkt „Kommunizieren und Kooperieren mit den an der Abfertigung Beteiligten“ umfasst:</entry><entry VJ="1" colname="col3" rowsep="0"><BR/>3 Arbeitstage</entry></row><row><entry VJ="1" colname="col1" colsep="0" rowsep="0">a)</entry><entry VJ="1" colname="col2" colsep="0" rowsep="0">Situationsgerechtes Kommunizieren im Team sowie mit internen und externen Partnern,</entry><entry VJ="1" colname="col3" rowsep="0"/></row><row><entry VJ="1" colname="col1" colsep="0" rowsep="0">b)</entry><entry VJ="1" colname="col2" colsep="0" rowsep="0">Erteilen von Anweisungen und Auskünften auch in englischer Sprache,</entry><entry VJ="1" colname="col3" rowsep="0"/></row><row><entry VJ="1" colname="col1" colsep="0">c)</entry><entry VJ="1" colname="col2" colsep="0">Situationsgerechtes Anwenden von Kommunikationsmitteln und -regeln.</entry><entry VJ="1" colname="col3"/></row></tbody></tgroup></table><BR/><BR/><table frame="none" pgwide="1" tocentry="%yes;"><tgroup align="left" char="" charoff="50" cols="3"><colspec colname="col1" colwidth="2*"/><colspec align="justify" colname="col2" colwidth="68*"/><colspec align="right" colname="col3" colwidth="14*"/><tbody valign="top"><row><entry VJ="1" colsep="0" nameend="col2" namest="col1" rowsep="0">   (6) Der Qualifikationsschwerpunkt „Übernehmen von verantwortlichen Organisationsaufgaben“ umfasst:</entry><entry VJ="1" colname="col3" rowsep="0"><BR/>2 Arbeitstage</entry></row><row><entry VJ="1" colname="col1" colsep="0" rowsep="0">a)</entry><entry VJ="1" colname="col2" colsep="0" rowsep="0">Delegieren von Aufgaben,</entry><entry VJ="1" colname="col3" rowsep="0"/></row><row><entry VJ="1" colname="col1" colsep="0" rowsep="0">b)</entry><entry VJ="1" colname="col2" colsep="0" rowsep="0">Anleiten von Mitarbeitern und Mitarbeiterinnen,</entry><entry VJ="1" colname="col3" rowsep="0"/></row><row><entry VJ="1" colname="col1" colsep="0">c)</entry><entry VJ="1" colname="col2" colsep="0">Koordinieren von Aufgaben und Teams.</entry><entry VJ="1" colname="col3"/></row></tbody></tgroup></table></Content></text></textdaten></norm>
</dokumente>