<?xml version="1.0" encoding="UTF-8" ?><!DOCTYPE dokumente SYSTEM "http://www.gesetze-im-internet.de/dtd/1.01/gii-norm.dtd">
<dokumente builddate="20120625150252" doknr="BJNR211540991"><norm builddate="20120625150252" doknr="BJNR211540991"><metadaten><jurabk>KSEVtrG</jurabk><ausfertigung-datum manuell="ja">1991-12-12</ausfertigung-datum><fundstelle typ="amtlich"><periodikum>BGBl II</periodikum><zitstelle>1991, 1154</zitstelle></fundstelle><kurzue>KSE-Vertrag</kurzue><langue>Gesetz zu dem Vertrag vom 19. November 1990 über konventionelle
Streitkräfte in Europa</langue></metadaten><textdaten><text format="decorated"/></textdaten></norm>
</dokumente>