<?xml version="1.0" encoding="UTF-8" ?><!DOCTYPE dokumente SYSTEM "http://www.gesetze-im-internet.de/dtd/1.01/gii-norm.dtd">
<dokumente builddate="20130405131134" doknr="BJNR116600994"><norm builddate="20130405131134" doknr="BJNR116600994"><metadaten><jurabk>BPräsTHHStiftG</jurabk><ausfertigung-datum manuell="ja">1994-05-27</ausfertigung-datum><fundstelle typ="amtlich"><periodikum>BGBl I</periodikum><zitstelle>1994, 1166</zitstelle></fundstelle><langue>Gesetz über die Errichtung einer Stiftung
Bundespräsident-Theodor-Heuss-Haus</langue><standangabe checked="ja"><standtyp>Stand</standtyp><standkommentar>Geändert durch Art. 77 V v. 29.10.2001 I 2785</standkommentar></standangabe></metadaten><textdaten><fussnoten><Content><P><BR/> <pre xml:space="preserve">(+++ Textnachweis ab: 11.6.1994 +++)<BR/><BR/></pre></P></Content></fussnoten></textdaten></norm>
<norm builddate="20130405131134" doknr="BJNR116600994BJNE000100307"><metadaten><jurabk>BPräsTHHStiftG</jurabk><enbez>§ 1</enbez><titel format="parat">Rechtsform der Stiftung</titel></metadaten><textdaten><text format="XML"><Content><P>Unter dem Namen &quot;Stiftung Bundespräsident-Theodor-Heuss-Haus&quot; wird mit Sitz in Stuttgart eine rechtsfähige Stiftung des öffentlichen Rechts errichtet. Die Stiftung entsteht mit dem Inkrafttreten dieses Gesetzes.</P></Content></text></textdaten></norm>
<norm builddate="20130405131134" doknr="BJNR116600994BJNE000200307"><metadaten><jurabk>BPräsTHHStiftG</jurabk><enbez>§ 2</enbez><titel format="parat">Stiftungszweck</titel></metadaten><textdaten><text format="XML"><Content><P>(1) Zweck der Stiftung ist es, <DL Font="normal" Type="arabic"><DT>1.</DT><DD Font="normal"><LA Size="normal">das Andenken an das Wirken des ersten Bundespräsidenten der Bundesrepublik Deutschland, Theodor Heuss, für Freiheit und Einheit des deutschen Volkes, für Europa, für Verständigung und Versöhnung unter den Völkern zu wahren und einen Beitrag zum Verständnis der jüngeren Geschichte sowie der Entstehung der Bundesrepublik Deutschland zu leisten und</LA></DD> <DT>2.</DT><DD Font="normal"><LA Size="normal">den Nachlaß Theodor Heuss zu sammeln, zu pflegen, zu verwalten und für die Interessen der Allgemeinheit in Wissenschaft, Bildung und Politik auszuwerten.</LA></DD> </DL> </P><P>(2) Der Erfüllung dieses Zweckes dienen insbesondere folgende Maßnahmen: <DL Font="normal" Type="arabic"><DT>1.</DT><DD Font="normal"><LA Size="normal">Einrichtung, Unterhaltung und Ausbau der für die Öffentlichkeit zugänglichen Gedenkstätte &quot;Stiftung Bundespräsident-Theodor-Heuss-Haus&quot; in Stuttgart;</LA></DD> <DT>2.</DT><DD Font="normal"><LA Size="normal">Einrichtung und Unterhaltung eines Archivs nebst Forschungs- und Dokumentationsstelle in Stuttgart;</LA></DD> <DT>3.</DT><DD Font="normal"><LA Size="normal">Veröffentlichung von Archivbeständen und wissenschaftlichen Untersuchungen;</LA></DD> <DT>4.</DT><DD Font="normal"><LA Size="normal">Veranstaltungen im Sinne des Stiftungszweckes.</LA></DD> </DL></P></Content></text></textdaten></norm>
<norm builddate="20130405131134" doknr="BJNR116600994BJNE000300307"><metadaten><jurabk>BPräsTHHStiftG</jurabk><enbez>§ 3</enbez><titel format="parat">Stiftungsvermögen</titel></metadaten><textdaten><text format="XML"><Content><P>(1) Das Stiftungsvermögen bilden diejenigen unbeweglichen und beweglichen Vermögensgegenstände, die die Bundesrepublik Deutschland für Zwecke der Stiftung erwirbt.</P><P>(2) Die Stiftung ist berechtigt, Zuwendungen von dritter Seite anzunehmen.</P><P>(3) Zur Erfüllung des Stiftungszweckes (§ 2 Abs. 1) erhält die Stiftung einen jährlichen Zuschuß des Bundes nach Maßgabe des jeweiligen Bundeshaushaltes.</P><P>(4) Erträgnisse des Stiftungsvermögens und sonstige Einnahmen sind nur im Sinne des Stiftungszweckes zu verwenden.</P></Content>   </text></textdaten></norm>
<norm builddate="20130405131134" doknr="BJNR116600994BJNE000401320"><metadaten><jurabk>BPräsTHHStiftG</jurabk><enbez>§ 4</enbez><titel format="parat">Satzung</titel></metadaten><textdaten><text format="XML"><Content><P>Die Stiftung gibt sich eine Satzung, die vom Kuratorium mit einer Mehrheit von vier Fünfteln seiner Mitglieder beschlossen wird und der Genehmigung des Beauftragten der Bundesregierung für Angelegenheiten der Kultur und der Medien bedarf. Das gleiche gilt für Änderungen der Satzung.</P></Content></text><fussnoten/></textdaten></norm>
<norm builddate="20130405131134" doknr="BJNR116600994BJNE000500307"><metadaten><jurabk>BPräsTHHStiftG</jurabk><enbez>§ 5</enbez><titel format="parat">Organe der Stiftung</titel></metadaten><textdaten><text format="XML"><Content><P>Organe der Stiftung sind <DL Font="normal" Type="arabic"><DT>1.</DT><DD Font="normal"><LA Size="normal">das Kuratorium,</LA></DD> <DT>2.</DT><DD Font="normal"><LA Size="normal">der Vorstand.</LA></DD> </DL></P></Content></text></textdaten></norm>
<norm builddate="20130405131134" doknr="BJNR116600994BJNE000600307"><metadaten><jurabk>BPräsTHHStiftG</jurabk><enbez>§ 6</enbez><titel format="parat">Kuratorium</titel></metadaten><textdaten><text format="XML"><Content><P>(1) Das Kuratorium besteht aus fünf Mitgliedern, die vom Bundespräsidenten für die Dauer von fünf Jahren bestellt werden. Zwei Mitglieder werden von der Bundesregierung vorgeschlagen, je ein Mitglied wird von den Erben Theodor Heuss und von der Stadt Stuttgart vorgeschlagen; das fünfte Mitglied wählt der Bundespräsident aus. Für jedes der fünf Mitglieder ist in gleicher Weise ein Vertreter zu bestellen. Wiederholte Bestellung ist zulässig.</P><P>(2) Scheidet ein Kuratoriumsmitglied oder sein Vertreter vorzeitig aus, so kann eine Bestellung des Nachfolgers nur für den Rest der Zeit, für die das Mitglied oder der Vertreter bestellt war, erfolgen.</P><P>(3) Das Vorschlagsrecht der Erben Theodor Heuss ist bis auf die zweite Generation in direkter Abstammung von Theodor Heuss beschränkt. Danach fällt das Vorschlagsrecht an die Bundesregierung.</P><P>(4) Das Kuratorium wählt einen Vorsitzenden und dessen Stellvertreter.</P><P>(5) Das Kuratorium beschließt über alle grundsätzlichen Fragen, die zum Aufgabenbereich der Stiftung gehören. Es überwacht die Tätigkeit des Vorstandes. Das Nähere regelt die Satzung.</P></Content>    </text></textdaten></norm>
<norm builddate="20130405131134" doknr="BJNR116600994BJNE000701320"><metadaten><jurabk>BPräsTHHStiftG</jurabk><enbez>§ 7</enbez><titel format="parat">Vorstand</titel></metadaten><textdaten><text format="XML"><Content><P>(1) Der Vorstand besteht aus drei Mitgliedern. Sie werden vom Kuratorium mit einer Mehrheit von vier Fünfteln seiner Mitglieder bestellt, davon ein Vorstandsmitglied auf Vorschlag des Beauftragten der Bundesregierung für Angelegenheiten der Kultur und der Medien. Die Satzung kann bestimmen, daß das vom Beauftragten der Bundesregierung für Angelegenheiten der Kultur und der Medien vorgeschlagene Mitglied den Vorsitz des Vorstandes übernimmt.</P><P>(2) Der Vorstand führt die Beschlüsse des Kuratoriums aus und führt die Geschäfte der Stiftung. Er vertritt die Stiftung gerichtlich und außergerichtlich.</P><P>(3) Das Nähere regelt die Satzung.</P></Content>  </text><fussnoten/></textdaten></norm>
<norm builddate="20130405131134" doknr="BJNR116600994BJNE000800307"><metadaten><jurabk>BPräsTHHStiftG</jurabk><enbez>§ 8</enbez><titel format="parat">Neben- und ehrenamtliche Tätigkeit</titel></metadaten><textdaten><text format="XML"><Content><P>Die Mitglieder des Kuratoriums und des Vorstandes sind, soweit sie nicht nebenamtlich tätig sind, ehrenamtlich tätig.</P></Content></text></textdaten></norm>
<norm builddate="20130405131134" doknr="BJNR116600994BJNE000901320"><metadaten><jurabk>BPräsTHHStiftG</jurabk><enbez>§ 9</enbez><titel format="parat">Aufsicht, Haushalt, Rechnungsprüfung</titel></metadaten><textdaten><text format="XML"><Content><P>(1) Die Stiftung untersteht der Aufsicht des Beauftragten der Bundesregierung für Angelegenheiten der Kultur und der Medien. Bei der Erfüllung ihrer Aufgaben wird die Stiftung durch das Bundesarchiv unterstützt; Art und Umfang regelt der Beauftragte der Bundesregierung für Angelegenheiten der Kultur und der Medien im Benehmen mit dem Kuratorium.</P><P>(2) Für das Haushalts-, Kassen- und Rechnungswesen sowie für die Rechnungslegung der Stiftung finden die für die Bundesverwaltung geltenden Bestimmungen entsprechende Anwendung.</P></Content> </text><fussnoten/></textdaten></norm>
<norm builddate="20130405131134" doknr="BJNR116600994BJNE001000307"><metadaten><jurabk>BPräsTHHStiftG</jurabk><enbez>§ 10</enbez><titel format="parat">Beschäftigte</titel></metadaten><textdaten><text format="XML"><Content><P>(1) Die Geschäfte der Stiftung werden in der Regel durch Arbeitnehmer (Angestellte und Arbeiter) wahrgenommen.</P><P>(2) Auf die Arbeitnehmer der Stiftung sind die für Arbeitnehmer des Bundes jeweils geltenden Tarifverträge und sonstigen Bestimmungen anzuwenden.</P><P>(3) Der Stiftung kann durch Satzungsregelung das Recht, Beamte zu haben, verliehen werden.</P></Content>  </text></textdaten></norm>
<norm builddate="20130405131134" doknr="BJNR116600994BJNE001100307"><metadaten><jurabk>BPräsTHHStiftG</jurabk><enbez>§ 11</enbez><titel format="parat">Gebühren</titel></metadaten><textdaten><text format="XML"><Content><P>Die Stiftung kann zur Deckung des Verwaltungsaufwandes nach näherer Bestimmung der Satzung Gebühren für die Benutzung von Stiftungseinrichtungen erheben.</P></Content></text></textdaten></norm>
<norm builddate="20130405131134" doknr="BJNR116600994BJNE001200307"><metadaten><jurabk>BPräsTHHStiftG</jurabk><enbez>§ 12</enbez><titel format="parat">Dienstsiegel</titel></metadaten><textdaten><text format="XML"><Content><P>Die Stiftung führt ein Dienstsiegel.</P></Content></text></textdaten></norm>
<norm builddate="20130405131134" doknr="BJNR116600994BJNE001300307"><metadaten><jurabk>BPräsTHHStiftG</jurabk><enbez>§ 13</enbez><titel format="parat">Übernahme von Rechten und Pflichten</titel></metadaten><textdaten><text format="XML"><Content><P>Mit ihrem Entstehen übernimmt die &quot;Stiftung Bundespräsident-Theodor-Heuss-Haus&quot; die Rechte und Pflichten, welche für die Bundesrepublik Deutschland durch den mit den Erben Theodor Heuss geschlossenen Vertrag vom 29./30. Juni 1971 begründet worden sind. Damit soll der im Besitz der Archive vorhandene Nachlaß als Dauerleihgabe zur Verfügung gestellt werden.</P></Content></text></textdaten></norm>
<norm builddate="20130405131134" doknr="BJNR116600994BJNE001400307"><metadaten><jurabk>BPräsTHHStiftG</jurabk><enbez>§ 14</enbez><titel format="parat">Inkrafttreten</titel></metadaten><textdaten><text format="XML"><Content><P>Dieses Gesetz tritt am Tage nach der Verkündung in Kraft.</P></Content></text></textdaten></norm>
</dokumente>