<?xml version="1.0" encoding="UTF-8" ?><!DOCTYPE dokumente SYSTEM "http://www.gesetze-im-internet.de/dtd/1.01/gii-norm.dtd">
<dokumente builddate="20120625155201" doknr="BJNR216370990"><norm builddate="20120625155201" doknr="BJNR216370990"><metadaten><jurabk>GenfRKAbkZProt II</jurabk><ausfertigung-datum manuell="ja">1977-06-08</ausfertigung-datum><fundstelle typ="amtlich"><periodikum>BGBl II</periodikum><zitstelle>1990, 1637</zitstelle></fundstelle><langue>Zusatzprotokoll zu den Genfer Abkommen vom 12. August 1949 über den
Schutz der Opfer nicht internationaler bewaffneter Konflikte (Protokoll II)</langue></metadaten><textdaten><text format="decorated"/><fussnoten><Content><P>G v. 11.12.1990 II 1550 <BR/>Inkraft gem. Bek. v. 30.7.1991 II 968 mWv 14.8.1991</P></Content></fussnoten></textdaten></norm>
</dokumente>