<?xml version="1.0" encoding="UTF-8" ?><!DOCTYPE dokumente SYSTEM "http://www.gesetze-im-internet.de/dtd/1.01/gii-norm.dtd">
<dokumente builddate="20120625154416" doknr="BJNR004250895"><norm builddate="20120625154416" doknr="BJNR004250895"><metadaten><jurabk>SklHG</jurabk><ausfertigung-datum manuell="ja">1895-07-28</ausfertigung-datum><fundstelle typ="amtlich"><periodikum>RGBl</periodikum><zitstelle>1895, 425</zitstelle></fundstelle><langue>Gesetz betreffend die Bestrafung des Sklavenraubes und des Sklavenhandels</langue><standangabe checked="ja"><standtyp>Stand</standtyp><standkommentar>Zuletzt geändert durch Art. 54 G v. 8.12.2010 I 1864</standkommentar></standangabe></metadaten><textdaten><fussnoten><Content><P><BR/> <pre xml:space="preserve">(+++ Textnachweis Geltung ab: 1.1.1975 +++)<BR/><BR/></pre></P></Content></fussnoten></textdaten></norm>
<norm builddate="20120625154416" doknr="BJNR004250895BJNE000101360"><metadaten><jurabk>SklHG</jurabk><enbez>§ 1</enbez><titel format="XML">(weggefallen)</titel></metadaten><textdaten><text format="XML"><Content><P/></Content></text><fussnoten/></textdaten></norm>
<norm builddate="20120625154416" doknr="BJNR004250895BJNE000200303"><metadaten><jurabk>SklHG</jurabk><enbez>§ 2</enbez></metadaten><textdaten><text format="XML"><Content><P>Wer Sklavenhandel betreibt oder bei der diesem Handel dienenden Beförderung von Sklaven vorsätzlich mitwirkt, wird mit Freiheitsstrafe nicht unter einem Jahr bestraft. In minder schweren Fällen ist die Strafe Freiheitsstrafe von drei Monaten bis zu fünf Jahren.</P></Content></text><fussnoten/></textdaten></norm>
<norm builddate="20120625154416" doknr="BJNR004250895BJNE000300303"><metadaten><jurabk>SklHG</jurabk><enbez>(XXXX) §§ 3 bis 5</enbez></metadaten><textdaten><text format="XML"><Content><P/></Content></text><fussnoten/></textdaten></norm>
</dokumente>