<?xml version="1.0" encoding="UTF-8" ?><!DOCTYPE dokumente SYSTEM "http://www.gesetze-im-internet.de/dtd/1.01/gii-norm.dtd">
<dokumente builddate="20131008093838" doknr="BJNR208260976"><norm builddate="20131008093838" doknr="BJNR208260976"><metadaten><jurabk>EuPatÜbk</jurabk><ausfertigung-datum manuell="ja">1973-10-05</ausfertigung-datum><fundstelle typ="amtlich"><periodikum>BGBl II</periodikum><zitstelle>1976, 826</zitstelle></fundstelle><kurzue>Europäisches Patentübereinkommen</kurzue><langue>Übereinkommen über die Erteilung europäischer Patente</langue></metadaten><textdaten><text format="decorated"/><fussnoten><Content><P>G v. 21.6.1976 II 649 <BR/>In Kraft gem. Bek. v. 9.9.1977 II 792 mWv 7.10.1977 <BR/>Geändert durch Beschluß v. 21.12.1978, BGBl. II 1979, 349, mWv 1.3.1979 <BR/>Geändert durch Akte zur Revision von Artikel 63 des Übereinkommens v. 17.12.1991, BGBl. II 1993, 242, 243</P></Content></fussnoten></textdaten></norm>
</dokumente>