<?xml version="1.0" encoding="UTF-8" ?><!DOCTYPE dokumente SYSTEM "http://www.gesetze-im-internet.de/dtd/1.01/gii-norm.dtd">
<dokumente builddate="20221017214014" doknr="BJNR023160988"><norm builddate="20221017214014" doknr="BJNR023160988"><metadaten><jurabk>SprAuG</jurabk><amtabk>SprAuG</amtabk><ausfertigung-datum manuell="ja">1988-12-20</ausfertigung-datum><fundstelle typ="amtlich"><periodikum>BGBl I</periodikum><zitstelle>1988, 2312, 2316</zitstelle></fundstelle><kurzue>Sprecherausschußgesetz</kurzue><langue>Gesetz über Sprecherausschüsse der leitenden Angestellten</langue><standangabe checked="ja"><standtyp>Stand</standtyp><standkommentar>Zuletzt geändert durch Art. 6e G v. 16.9.2022 I 1454</standkommentar></standangabe></metadaten><textdaten><fussnoten><Content><P>Das G wurde als Artikel 2 d. G v. 20.12.1988 I 2312 vom Bundestag beschlossen. Es ist gem. Art. 7 dieses G am 1.1.1989 in Kraft getreten</P><P><BR/> (+++ Textnachweis ab: 1.1.1989 +++) <BR/>(+++ Maßgaben aufgrund EinigVtr nicht mehr anzuwenden gem. Art. 109 Nr. 3 Buchst. a DBuchst. ii G v. 8.12.2010 I 1864 mWv 15.12.2010 +++)</P></Content></fussnoten></textdaten></norm>
<norm builddate="20221017214014" doknr="BJNR023160988BJNG000100325"><metadaten><jurabk>SprAuG</jurabk><gliederungseinheit><gliederungskennzahl>010</gliederungskennzahl><gliederungsbez>Erster Teil</gliederungsbez><gliederungstitel>Allgemeine Vorschriften</gliederungstitel></gliederungseinheit></metadaten><textdaten><text format="XML"><Content><P/></Content></text></textdaten></norm>
<norm builddate="20221017214014" doknr="BJNR023160988BJNE001500325"><metadaten><jurabk>SprAuG</jurabk><enbez>§ 1</enbez><titel format="parat">Errichtung von Sprecherausschüssen</titel></metadaten><textdaten><text format="XML"><Content><P>(1) In Betrieben mit in der Regel mindestens zehn leitenden Angestellten (§ 5 Abs. 3 des Betriebsverfassungsgesetzes) werden Sprecherausschüsse der leitenden Angestellten gewählt.</P><P>(2) Leitende Angestellte eines Betriebs mit in der Regel weniger als zehn leitenden Angestellten gelten für die Anwendung dieses Gesetzes als leitende Angestellte des räumlich nächstgelegenen Betriebs desselben Unternehmens, der die Voraussetzungen des Absatzes 1 erfüllt.</P><P>(3) Dieses Gesetz findet keine Anwendung auf <DL Font="normal" Type="arabic"><DT>1.</DT><DD Font="normal"><LA Size="normal">Verwaltungen und Betriebe des Bundes, der Länder, der Gemeinden und sonstiger Körperschaften, Anstalten und Stiftungen des öffentlichen Rechts sowie</LA></DD> <DT>2.</DT><DD Font="normal"><LA Size="normal">Religionsgemeinschaften und ihre karitativen und erzieherischen Einrichtungen unbeschadet deren Rechtsform.</LA></DD> </DL></P></Content>  </text></textdaten></norm>
<norm builddate="20221017214014" doknr="BJNR023160988BJNE001600325"><metadaten><jurabk>SprAuG</jurabk><enbez>§ 2</enbez><titel format="parat">Zusammenarbeit</titel></metadaten><textdaten><text format="XML"><Content><P>(1) Der Sprecherausschuß arbeitet mit dem Arbeitgeber vertrauensvoll unter Beachtung der geltenden Tarifverträge zum Wohl der leitenden Angestellten und des Betriebs zusammen. Der Arbeitgeber hat vor Abschluß einer Betriebsvereinbarung oder sonstigen Vereinbarung mit dem Betriebsrat, die rechtliche Interessen der leitenden Angestellten berührt, den Sprecherausschuß rechtzeitig anzuhören.</P><P>(2) Der Sprecherausschuß kann dem Betriebsrat oder Mitgliedern des Betriebsrats das Recht einräumen, an Sitzungen des Sprecherausschusses teilzunehmen. Der Betriebsrat kann dem Sprecherausschuß oder Mitgliedern des Sprecherausschusses das Recht einräumen, an Sitzungen des Betriebsrats teilzunehmen. Einmal im Kalenderjahr soll eine gemeinsame Sitzung des Sprecherausschusses und des Betriebsrats stattfinden.</P><P>(3) Die Mitglieder des Sprecherausschusses dürfen in der Ausübung ihrer Tätigkeit nicht gestört oder behindert werden. Sie dürfen wegen ihrer Tätigkeit nicht benachteiligt oder begünstigt werden; dies gilt auch für ihre berufliche Entwicklung.</P><P>(4) Arbeitgeber und Sprecherausschuß haben Betätigungen zu unterlassen, durch die der Arbeitsablauf oder der Frieden des Betriebs beeinträchtigt werden. Sie haben jede parteipolitische Betätigung im Betrieb zu unterlassen; die Behandlung von Angelegenheiten tarifpolitischer, sozialpolitischer und wirtschaftlicher Art, die den Betrieb oder die leitenden Angestellten unmittelbar betreffen, wird hierdurch nicht berührt.</P></Content>   </text></textdaten></norm>
<norm builddate="20221017214014" doknr="BJNR023160988BJNG000200325"><metadaten><jurabk>SprAuG</jurabk><gliederungseinheit><gliederungskennzahl>020</gliederungskennzahl><gliederungsbez>Zweiter Teil</gliederungsbez><gliederungstitel>Sprecherausschuß, Versammlung der
leitenden Angestellten, Gesamt-, Unternehmens- und
Konzernsprecherausschuß</gliederungstitel></gliederungseinheit></metadaten><textdaten><text format="XML"><Content><P/></Content></text></textdaten></norm>
<norm builddate="20221017214014" doknr="BJNR023160988BJNG000300325"><metadaten><jurabk>SprAuG</jurabk><gliederungseinheit><gliederungskennzahl>020010</gliederungskennzahl><gliederungsbez>Erster Abschnitt</gliederungsbez><gliederungstitel>Wahl, Zusammensetzung und
Amtszeit des Sprecherausschusses</gliederungstitel></gliederungseinheit></metadaten><textdaten><text format="XML"><Content><P/></Content></text></textdaten></norm>
<norm builddate="20221017214014" doknr="BJNR023160988BJNE001700325"><metadaten><jurabk>SprAuG</jurabk><enbez>§ 3</enbez><titel format="parat">Wahlberechtigung und Wählbarkeit</titel></metadaten><textdaten><text format="XML"><Content><P>(1) Wahlberechtigt sind alle leitenden Angestellten des Betriebs.</P><P>(2) Wählbar sind alle leitenden Angestellten, die sechs Monate dem Betrieb angehören. Auf die sechsmonatige Betriebszugehörigkeit werden Zeiten angerechnet, in denen der leitende Angestellte unmittelbar vorher einem anderen Betrieb desselben Unternehmens oder Konzerns (§ 18 Abs. 1 des Aktiengesetzes) als Beschäftigter angehört hat. Nicht wählbar ist, wer <DL Font="normal" Type="arabic"><DT>1.</DT><DD Font="normal"><LA Size="normal">aufgrund allgemeinen Auftrags des Arbeitgebers Verhandlungspartner des Sprecherausschusses ist,</LA></DD> <DT>2.</DT><DD Font="normal"><LA Size="normal">nicht Aufsichtsratsmitglied der Arbeitnehmer nach § 6 Abs. 2 Satz 1 des Mitbestimmungsgesetzes in Verbindung mit § 105 Abs. 1 des Aktiengesetzes sein kann oder</LA></DD> <DT>3.</DT><DD Font="normal"><LA Size="normal">infolge strafgerichtlicher Verurteilung die Fähigkeit, Rechte aus öffentlichen Wahlen zu erlangen, nicht besitzt.</LA></DD> </DL></P></Content> </text></textdaten></norm>
<norm builddate="20221017214014" doknr="BJNR023160988BJNE001800325"><metadaten><jurabk>SprAuG</jurabk><enbez>§ 4</enbez><titel format="parat">Zahl der Sprecherausschußmitglieder</titel></metadaten><textdaten><text format="XML"><Content><P>(1) Der Sprecherausschuß besteht in Betrieben mit in der Regel <BR/><table frame="none" tocentry="%yes;">
	<tgroup align="left" char="" charoff="50" cols="2" colsep="0" rowsep="0">
		<colspec colname="col1" colnum="1" colwidth="50*"/>
		<colspec colname="col2" colnum="2" colwidth="40*"/>
		<tbody valign="top">
			<row>
				<entry VJ="1" align="left" colsep="0" valign="top">10 bis 20 leitenden Angestellten</entry>
				<entry VJ="1" align="right" colsep="0" valign="top">aus einer Person,</entry>
			</row>
			<row>
				<entry VJ="1" align="left" colsep="0" valign="top">21 bis 100 leitenden Angestellten</entry>
				<entry VJ="1" align="right" colsep="0" valign="top">aus drei Mitgliedern,</entry>
			</row>
			<row>
				<entry VJ="1" align="left" colsep="0" valign="top">101 bis 300 leitenden Angestellten</entry>
				<entry VJ="1" align="right" colsep="0" valign="top">aus fünf Mitgliedern,</entry>
			</row>
			<row>
				<entry VJ="1" align="left" colsep="0" valign="top">über 300 leitenden Angestellten</entry>
				<entry VJ="1" align="right" colsep="0" valign="top">aus sieben Mitgliedern.</entry>
			</row>
		</tbody>
	</tgroup>
</table> </P><P>(2) Männer und Frauen sollen entsprechend ihrem zahlenmäßigen Verhältnis im Sprecherausschuß vertreten sein.</P></Content> </text></textdaten></norm>
<norm builddate="20221017214014" doknr="BJNR023160988BJNE001900325"><metadaten><jurabk>SprAuG</jurabk><enbez>§ 5</enbez><titel format="parat">Zeitpunkt der Wahlen und Amtszeit</titel></metadaten><textdaten><text format="XML"><Content><P>(1) Die regelmäßigen Wahlen des Sprecherausschusses finden alle vier Jahre in der Zeit vom 1. März bis 31. Mai statt. Sie sind zeitgleich mit den regelmäßigen Betriebsratswahlen nach § 13 Abs. 1 des Betriebsverfassungsgesetzes einzuleiten.</P><P>(2) Außerhalb dieses Zeitraums ist der Sprecherausschuß zu wählen, wenn <DL Font="normal" Type="arabic"><DT>1.</DT><DD Font="normal"><LA Size="normal">im Betrieb ein Sprecherausschuß nicht besteht,</LA></DD> <DT>2.</DT><DD Font="normal"><LA Size="normal">der Sprecherausschuß durch eine gerichtliche Entscheidung aufgelöst ist,</LA></DD> <DT>3.</DT><DD Font="normal"><LA Size="normal">die Wahl des Sprecherausschusses mit Erfolg angefochten worden ist oder</LA></DD> <DT>4.</DT><DD Font="normal"><LA Size="normal">der Sprecherausschuß mit der Mehrheit seiner Mitglieder seinen Rücktritt beschlossen hat.</LA></DD> </DL> </P><P>(3) Hat außerhalb des in Absatz 1 festgelegten Zeitraums eine Wahl des Sprecherausschusses stattgefunden, ist der Sprecherausschuß in dem auf die Wahl folgenden nächsten Zeitraum der regelmäßigen Wahlen des Sprecherausschusses neu zu wählen. Hat die Amtszeit des Sprecherausschusses zu Beginn des in Absatz 1 festgelegten Zeitraums noch nicht ein Jahr betragen, ist der Sprecherausschuß in dem übernächsten Zeitraum der regelmäßigen Wahlen des Sprecherausschusses neu zu wählen.</P><P>(4) Die regelmäßige Amtszeit des Sprecherausschusses beträgt vier Jahre. Die Amtszeit beginnt mit der Bekanntgabe des Wahlergebnisses oder, wenn zu diesem Zeitpunkt noch ein Sprecherausschuß besteht, mit Ablauf von dessen Amtszeit. Die Amtszeit endet spätestens am 31. Mai des Jahres, in dem nach Absatz 1 die regelmäßigen Wahlen des Sprecherausschusses stattfinden. In dem Fall des Absatzes 3 Satz 2 endet die Amtszeit spätestens am 31. Mai des Jahres, in dem der Sprecherausschuß neu zu wählen ist.</P><P>(5) In dem Fall des Absatzes 2 Nr. 4 führt der Sprecherausschuß die Geschäfte weiter, bis der neue Sprecherausschuß gewählt und das Wahlergebnis bekanntgegeben ist.</P></Content>   </text></textdaten></norm>
<norm builddate="20221017214014" doknr="BJNR023160988BJNE002000325"><metadaten><jurabk>SprAuG</jurabk><enbez>§ 6</enbez><titel format="parat">Wahlvorschriften</titel></metadaten><textdaten><text format="XML"><Content><P>(1) Der Sprecherausschuß wird in geheimer und unmittelbarer Wahl gewählt.</P><P>(2) Die Wahl erfolgt nach den Grundsätzen der Verhältniswahl; wird nur ein Wahlvorschlag eingereicht, erfolgt die Wahl nach den Grundsätzen der Mehrheitswahl.</P><P>(3) In Betrieben, deren Sprecherausschuß aus einer Person besteht, wird dieser mit einfacher Stimmenmehrheit gewählt. In einem getrennten Wahlgang ist ein Ersatzmitglied zu wählen.</P><P>(4) Zur Wahl des Sprecherausschusses können die leitenden Angestellten Wahlvorschläge machen. Jeder Wahlvorschlag muß von mindestens einem Zwanzigstel der leitenden Angestellten, jedoch von mindestens drei leitenden Angestellten unterzeichnet sein; in Betrieben mit in der Regel bis zu zwanzig leitenden Angestellten genügt die Unterzeichnung durch zwei leitende Angestellte. In jedem Fall genügt die Unterzeichnung durch fünfzig leitende Angestellte.</P></Content>   </text></textdaten></norm>
<norm builddate="20221017214014" doknr="BJNR023160988BJNE002100325"><metadaten><jurabk>SprAuG</jurabk><enbez>§ 7</enbez><titel format="parat">Bestellung, Wahl und Aufgaben des Wahlvorstands</titel></metadaten><textdaten><text format="XML"><Content><P>(1) Spätestens zehn Wochen vor Ablauf seiner Amtszeit bestellt der Sprecherausschuß einen aus drei oder einer höheren ungeraden Zahl von leitenden Angestellten bestehenden Wahlvorstand und einen von ihnen als Vorsitzenden.</P><P>(2) Besteht in einem Betrieb, der die Voraussetzungen des § 1 Abs. 1 erfüllt, kein Sprecherausschuß, wird in einer Versammlung von der Mehrheit der anwesenden leitenden Angestellten des Betriebs ein Wahlvorstand gewählt. Zu dieser Versammlung können drei leitende Angestellte des Betriebs einladen und Vorschläge für die Zusammensetzung des Wahlvorstands machen. Der Wahlvorstand hat unverzüglich eine Abstimmung darüber herbeizuführen, ob ein Sprecherausschuß gewählt werden soll. Ein Sprecherausschuß wird gewählt, wenn dies die Mehrheit der leitenden Angestellten des Betriebs in einer Versammlung oder durch schriftliche Stimmabgabe verlangt.</P><P>(3) Zur Teilnahme an der Versammlung und der Abstimmung nach Absatz 2 sind die Angestellten berechtigt, die vom Wahlvorstand aus Anlaß der letzten Betriebsratswahl oder der letzten Wahl von Aufsichtsratsmitgliedern der Arbeitnehmer, falls diese Wahl später als die Betriebsratswahl stattgefunden hat, oder durch gerichtliche Entscheidung den leitenden Angestellten zugeordnet worden sind. Hat zuletzt oder im gleichen Zeitraum wie die nach Satz 1 maßgebende Wahl eine Wahl nach diesem Gesetz stattgefunden, ist die für diese Wahl erfolgte Zuordnung entscheidend.</P><P>(4) Der Wahlvorstand hat die Wahl unverzüglich einzuleiten, sie durchzuführen und nach Abschluß der Wahl öffentlich die Auszählung der Stimmen vorzunehmen, deren Ergebnis in einer Niederschrift festzustellen und es im Betrieb bekanntzugeben. Dem Arbeitgeber ist eine Abschrift der Wahlniederschrift zu übersenden.</P></Content>   </text></textdaten></norm>
<norm builddate="20221017214014" doknr="BJNR023160988BJNE002200325"><metadaten><jurabk>SprAuG</jurabk><enbez>§ 8</enbez><titel format="parat">Wahlanfechtung, Wahlschutz und Wahlkosten</titel></metadaten><textdaten><text format="XML"><Content><P>(1) Die Wahl kann beim Arbeitsgericht angefochten werden, wenn gegen wesentliche Vorschriften über das Wahlrecht, die Wählbarkeit oder das Wahlverfahren verstoßen worden ist und eine Berichtigung nicht erfolgt ist, es sei denn, daß durch den Verstoß das Wahlergebnis nicht geändert oder beeinflußt werden konnte. Zur Anfechtung berechtigt sind mindestens drei leitende Angestellte oder der Arbeitgeber. Die Wahlanfechtung ist nur innerhalb einer Frist von zwei Wochen, vom Tage der Bekanntgabe des Wahlergebnisses an gerechnet, zulässig.</P><P>(2) Niemand darf die Wahl des Sprecherausschusses behindern. Insbesondere darf kein leitender Angestellter in der Ausübung des aktiven und passiven Wahlrechts beschränkt werden. Niemand darf die Wahl des Sprecherausschusses durch Zufügung oder Androhung von Nachteilen oder durch Gewährung oder Versprechen von Vorteilen beeinflussen.</P><P>(3) Die Kosten der Wahl trägt der Arbeitgeber. Versäumnis von Arbeitszeit, die zur Ausübung des Wahlrechts, zur Betätigung im Wahlvorstand oder zur Tätigkeit als Vermittler (§ 18a des Betriebsverfassungsgesetzes) erforderlich ist, berechtigt den Arbeitgeber nicht zur Minderung des Arbeitsentgelts.</P></Content>  </text></textdaten></norm>
<norm builddate="20221017214014" doknr="BJNR023160988BJNE002300325"><metadaten><jurabk>SprAuG</jurabk><enbez>§ 9</enbez><titel format="parat">Ausschluß von Mitgliedern, Auflösung des Sprecherausschusses
und Erlöschen der Mitgliedschaft</titel></metadaten><textdaten><text format="XML"><Content><P>(1) Mindestens ein Viertel der leitenden Angestellten oder der Arbeitgeber können beim Arbeitsgericht den Ausschluß eines Mitglieds aus dem Sprecherausschuß oder die Auflösung des Sprecherausschusses wegen grober Verletzung seiner gesetzlichen Pflichten beantragen. Der Ausschluß eines Mitglieds kann auch vom Sprecherausschuß beantragt werden.</P><P>(2) Die Mitgliedschaft im Sprecherausschuß erlischt durch <DL Font="normal" Type="arabic"><DT>1.</DT><DD Font="normal"><LA Size="normal">Ablauf der Amtszeit,</LA></DD> <DT>2.</DT><DD Font="normal"><LA Size="normal">Niederlegung des Sprecherausschußamtes,</LA></DD> <DT>3.</DT><DD Font="normal"><LA Size="normal">Beendigung des Arbeitsverhältnisses,</LA></DD> <DT>4.</DT><DD Font="normal"><LA Size="normal">Verlust der Wählbarkeit,</LA></DD> <DT>5.</DT><DD Font="normal"><LA Size="normal">Ausschluß aus dem Sprecherausschuß oder Auflösung des Sprecherausschusses aufgrund einer gerichtlichen Entscheidung oder</LA></DD> <DT>6.</DT><DD Font="normal"><LA Size="normal">gerichtliche Entscheidung über die Feststellung der Nichtwählbarkeit nach Ablauf der in § 8 Abs. 1 Satz 3 bezeichneten Frist, es sei denn, der Mangel liegt nicht mehr vor.</LA></DD> </DL></P></Content> </text></textdaten></norm>
<norm builddate="20221017214014" doknr="BJNR023160988BJNE002400325"><metadaten><jurabk>SprAuG</jurabk><enbez>§ 10</enbez><titel format="parat">Ersatzmitglieder</titel></metadaten><textdaten><text format="XML"><Content><P>(1) Scheidet ein Mitglied des Sprecherausschusses aus, rückt ein Ersatzmitglied nach. Dies gilt entsprechend für die Stellvertretung eines zeitweilig verhinderten Mitglieds des Sprecherausschusses.</P><P>(2) Die Ersatzmitglieder werden der Reihe nach aus den nicht gewählten leitenden Angestellten derjenigen Vorschlagslisten entnommen, denen die zu ersetzenden Mitglieder angehören. Ist eine Vorschlagsliste erschöpft, ist das Ersatzmitglied derjenigen Vorschlagsliste zu entnehmen, auf die nach den Grundsätzen der Verhältniswahl der nächste Sitz entfallen würde. Ist das ausgeschiedene oder verhinderte Mitglied nach den Grundsätzen der Mehrheitswahl gewählt, bestimmt sich die Reihenfolge der Ersatzmitglieder nach der Höhe der erreichten Stimmenzahl.</P><P>(3) In dem Fall des § 6 Abs. 3 gilt Absatz 1 mit der Maßgabe, daß das gewählte Ersatzmitglied nachrückt oder die Stellvertretung übernimmt.</P></Content>  </text></textdaten></norm>
<norm builddate="20221017214014" doknr="BJNR023160988BJNG000400325"><metadaten><jurabk>SprAuG</jurabk><gliederungseinheit><gliederungskennzahl>020020</gliederungskennzahl><gliederungsbez>Zweiter Abschnitt</gliederungsbez><gliederungstitel>Geschäftsführung
des Sprecherausschusses</gliederungstitel></gliederungseinheit></metadaten><textdaten><text format="XML"><Content><P/></Content></text></textdaten></norm>
<norm builddate="20221017214014" doknr="BJNR023160988BJNE002500325"><metadaten><jurabk>SprAuG</jurabk><enbez>§ 11</enbez><titel format="parat">Vorsitzender</titel></metadaten><textdaten><text format="XML"><Content><P>(1) Der Sprecherausschuß wählt aus seiner Mitte den Vorsitzenden und dessen Stellvertreter.</P><P>(2) Der Vorsitzende vertritt den Sprecherausschuß im Rahmen der von diesem gefaßten Beschlüsse. Zur Entgegennahme von Erklärungen, die dem Sprecherausschuß gegenüber abzugeben sind, ist der Vorsitzende berechtigt. Im Falle der Verhinderung des Vorsitzenden nimmt sein Stellvertreter diese Aufgaben wahr.</P><P>(3) Der Sprecherausschuß kann die laufenden Geschäfte auf den Vorsitzenden oder andere Mitglieder des Sprecherausschusses Übertragen.</P></Content>  </text></textdaten></norm>
<norm builddate="20221017214014" doknr="BJNR023160988BJNE002601311"><metadaten><jurabk>SprAuG</jurabk><enbez>§ 12</enbez><titel format="XML">Sitzungen des Sprecherausschusses</titel></metadaten><textdaten><text format="XML"><Content><P>(1) Vor Ablauf einer Woche nach dem Wahltag hat der Wahlvorstand die Mitglieder des Sprecherausschusses zu der nach § 11 Abs. 1 vorgeschriebenen Wahl einzuberufen. Der Vorsitzende des Wahlvorstands leitet die Sitzung, bis der Sprecherausschuß aus seiner Mitte einen Wahlleiter zur Wahl des Vorsitzenden und seines Stellvertreters bestellt hat.</P><P>(2) Die weiteren Sitzungen beruft der Vorsitzende des Sprecherausschusses ein. Er setzt die Tagesordnung fest und leitet die Verhandlung. Der Vorsitzende hat die Mitglieder des Sprecherausschusses zu den Sitzungen rechtzeitig unter Mitteilung der Tagesordnung zu laden.</P><P>(3) Der Vorsitzende hat eine Sitzung einzuberufen und den Gegenstand, dessen Beratung beantragt ist, auf die Tagesordnung zu setzen, wenn dies ein Drittel der Mitglieder des Sprecherausschusses oder der Arbeitgeber beantragen.</P><P>(4) Der Arbeitgeber nimmt an den Sitzungen, die auf sein Verlangen anberaumt sind, und an den Sitzungen, zu denen er ausdrücklich eingeladen ist, teil.</P><P>(5) Die Sitzungen des Sprecherausschusses finden in der Regel während der Arbeitszeit statt. Der Sprecherausschuß hat bei der Anberaumung von Sitzungen auf die betrieblichen Notwendigkeiten Rücksicht zu nehmen. Der Arbeitgeber ist über den Zeitpunkt der Sitzung vorher zu verständigen. Die Sitzungen des Sprecherausschusses sind nicht öffentlich; § 2 Abs. 2 bleibt unberührt. Die Sitzungen des Sprecherausschusses finden als Präsenzsitzung statt.</P><P>(6) Abweichend von Absatz 5 Satz 5 kann die Teilnahme an einer Sitzung des Sprecherausschusses mittels Video- und Telefonkonferenz erfolgen, wenn <DL Font="normal" Type="arabic"><DT>1.</DT><DD Font="normal"><LA Size="normal">die Voraussetzungen für eine solche Teilnahme in der Geschäftsordnung unter Sicherung des Vorrangs der Präsenzsitzung festgelegt sind,</LA></DD><DT>2.</DT><DD Font="normal"><LA Size="normal">nicht mindestens ein Viertel der Mitglieder des Sprecherausschusses binnen einer von dem Vorsitzenden zu bestimmenden Frist diesem gegenüber widerspricht und</LA></DD><DT>3.</DT><DD Font="normal"><LA Size="normal">sichergestellt ist, dass Dritte vom Inhalt der Sitzung keine Kenntnis nehmen können.</LA></DD></DL>Eine Aufzeichnung der Sitzung ist unzulässig.</P><P>(7) Erfolgt die Sitzung des Sprecherausschusses mit der zusätzlichen Möglichkeit der Teilnahme mittels Video- und Telefonkonferenz, gilt auch eine Teilnahme vor Ort als erforderlich.</P></Content></text><fussnoten/></textdaten></norm>
<norm builddate="20221017214014" doknr="BJNR023160988BJNE002701311"><metadaten><jurabk>SprAuG</jurabk><enbez>§ 13</enbez><titel format="XML">Beschlüsse und Geschäftsordnung des Sprecherausschusses</titel></metadaten><textdaten><text format="XML"><Content><P>(1) Die Beschlüsse des Sprecherausschusses werden, soweit in diesem Gesetz nichts anderes bestimmt ist, mit der Mehrheit der Stimmen der anwesenden Mitglieder gefaßt. Mitglieder, die mittels Video- und Telefonkonferenz an der Beschlussfassung teilnehmen, gelten als anwesend. Bei Stimmengleichheit ist ein Antrag abgelehnt.</P><P>(2) Der Sprecherausschuß ist nur beschlußfähig, wenn mindestens die Hälfte seiner Mitglieder an der Beschlußfassung teilnimmt. Stellvertretung durch Ersatzmitglieder ist zulässig.</P><P>(3) Über jede Verhandlung des Sprecherausschusses ist eine Niederschrift anzufertigen, die mindestens den Wortlaut der Beschlüsse und die Stimmenmehrheit, mit der sie gefaßt sind, enthält. Die Niederschrift ist von dem Vorsitzenden und einem weiteren Mitglied zu unterzeichnen. Der Niederschrift ist eine Anwesenheitsliste beizufügen, in die sich jeder Teilnehmer eigenhändig einzutragen hat. Nimmt ein Mitglied des Sprecherausschusses mittels Video- und Telefonkonferenz an der Sitzung teil, so hat es seine Teilnahme gegenüber dem Vorsitzenden in Textform zu bestätigen. Die Bestätigung ist der Niederschrift beizufügen.</P><P>(4) Die Mitglieder des Sprecherausschusses haben das Recht, die Unterlagen des Sprecherausschusses jederzeit einzusehen.</P><P>(5) Sonstige Bestimmungen über die Geschäftsführung können in einer schriftlichen Geschäftsordnung getroffen werden, die der Sprecherausschuß mit der Mehrheit der Stimmen seiner Mitglieder beschließt.</P></Content></text><fussnoten/></textdaten></norm>
<norm builddate="20221017214014" doknr="BJNR023160988BJNE002800325"><metadaten><jurabk>SprAuG</jurabk><enbez>§ 14</enbez><titel format="parat">Arbeitsversäumnis und Kosten</titel></metadaten><textdaten><text format="XML"><Content><P>(1) Mitglieder des Sprecherausschusses sind von ihrer beruflichen Tätigkeit ohne Minderung des Arbeitsentgelts zu befreien, wenn und soweit es nach Umfang und Art des Betriebs zur ordnungsgemäßen Durchführung ihrer Aufgaben erforderlich ist.</P><P>(2) Die durch die Tätigkeit des Sprecherausschusses entstehenden Kosten trägt der Arbeitgeber. Für die Sitzungen und die laufende Geschäftsführung hat der Arbeitgeber in erforderlichem Umfang Räume, sachliche Mittel und Büropersonal zur Verfügung zu stellen.</P></Content> </text></textdaten></norm>
<norm builddate="20221017214014" doknr="BJNR023160988BJNG000500325"><metadaten><jurabk>SprAuG</jurabk><gliederungseinheit><gliederungskennzahl>020030</gliederungskennzahl><gliederungsbez>Dritter Abschnitt</gliederungsbez><gliederungstitel>Versammlung der leitenden
Angestellten</gliederungstitel></gliederungseinheit></metadaten><textdaten><text format="XML"><Content><P/></Content></text></textdaten></norm>
<norm builddate="20221017214014" doknr="BJNR023160988BJNE002900325"><metadaten><jurabk>SprAuG</jurabk><enbez>§ 15</enbez><titel format="parat">Zeitpunkt, Einberufung und Themen der Versammlung</titel></metadaten><textdaten><text format="XML"><Content><P>(1) Der Sprecherausschuß soll einmal im Kalenderjahr eine Versammlung der leitenden Angestellten einberufen und in ihr einen Tätigkeitsbericht erstatten. Auf Antrag des Arbeitgebers oder eines Viertels der leitenden Angestellten hat der Sprecherausschuß eine Versammlung der leitenden Angestellten einzuberufen und den beantragten Beratungsgegenstand auf die Tagesordnung zu setzen.</P><P>(2) Die Versammlung der leitenden Angestellten soll während der Arbeitszeit stattfinden. Sie wird vom Vorsitzenden des Sprecherausschusses geleitet. Sie ist nicht öffentlich.</P><P>(3) Der Arbeitgeber ist zu der Versammlung der leitenden Angestellten unter Mitteilung der Tagesordnung einzuladen. Er ist berechtigt, in der Versammlung zu sprechen. Er hat über Angelegenheiten der leitenden Angestellten und die wirtschaftliche Lage und Entwicklung des Betriebs zu berichten, soweit dadurch nicht Betriebs- oder Geschäftsgeheimnisse gefährdet werden.</P><P>(4) Die Versammlung der leitenden Angestellten kann dem Sprecherausschuß Anträge unterbreiten und zu seinen Beschlüssen Stellung nehmen. § 2 Abs. 4 gilt entsprechend.</P></Content>   </text></textdaten></norm>
<norm builddate="20221017214014" doknr="BJNR023160988BJNG000600325"><metadaten><jurabk>SprAuG</jurabk><gliederungseinheit><gliederungskennzahl>020040</gliederungskennzahl><gliederungsbez>Vierter Abschnitt</gliederungsbez><gliederungstitel>Gesamtsprecherausschuß</gliederungstitel></gliederungseinheit></metadaten><textdaten><text format="XML"><Content><P/></Content></text></textdaten></norm>
<norm builddate="20221017214014" doknr="BJNR023160988BJNE003000325"><metadaten><jurabk>SprAuG</jurabk><enbez>§ 16</enbez><titel format="parat">Errichtung, Mitgliederzahl und Stimmengewicht</titel></metadaten><textdaten><text format="XML"><Content><P>(1) Bestehen in einem Unternehmen mehrere Sprecherausschüsse, ist ein Gesamtsprecherausschuß zu errichten.</P><P>(2) In den Gesamtsprecherausschuß entsendet jeder Sprecherausschuß eines seiner Mitglieder. Satz 1 gilt entsprechend für die Abberufung. Durch Vereinbarung zwischen Gesamtsprecherausschuß und Arbeitgeber kann die Mitgliederzahl des Gesamtsprecherausschusses abweichend von Satz 1 geregelt werden.</P><P>(3) Der Sprecherausschuß hat für jedes Mitglied des Gesamtsprecherausschusses mindestens ein Ersatzmitglied zu bestellen und die Reihenfolge des Nachrückens festzulegen; § 10 Abs. 3 gilt entsprechend.</P><P>(4) Jedes Mitglied des Gesamtsprecherausschusses hat so viele Stimmen, wie in dem Betrieb, in dem es gewählt wurde, leitende Angestellte in der Wählerliste der leitenden Angestellten eingetragen sind. Ist ein Mitglied des Gesamtsprecherausschusses für mehrere Betriebe entsandt worden, hat es so viele Stimmen, wie in den Betrieben, für die es entsandt ist, leitende Angestellte in den Wählerlisten eingetragen sind. Sind für einen Betrieb mehrere Mitglieder des Sprecherausschusses entsandt worden, stehen diesen die Stimmen nach Satz 1 anteilig zu.</P></Content>   </text></textdaten></norm>
<norm builddate="20221017214014" doknr="BJNR023160988BJNE003100325"><metadaten><jurabk>SprAuG</jurabk><enbez>§ 17</enbez><titel format="parat">Ausschluß von Mitgliedern und Erlöschen der Mitgliedschaft</titel></metadaten><textdaten><text format="XML"><Content><P>(1) Mindestens ein Viertel der leitenden Angestellten des Unternehmens, der Gesamtsprecherausschuß oder der Arbeitgeber können beim Arbeitsgericht den Ausschluß eines Mitglieds aus dem Gesamtsprecherausschuß wegen grober Verletzung seiner gesetzlichen Pflichten beantragen.</P><P>(2) Die Mitgliedschaft im Gesamtsprecherausschuß endet mit Erlöschen der Mitgliedschaft im Sprecherausschuß, durch Amtsniederlegung, durch Ausschluß aus dem Gesamtsprecherausschuß aufgrund einer gerichtlichen Entscheidung oder Abberufung durch den Sprecherausschuß.</P></Content> </text></textdaten></norm>
<norm builddate="20221017214014" doknr="BJNR023160988BJNE003200325"><metadaten><jurabk>SprAuG</jurabk><enbez>§ 18</enbez><titel format="parat">Zuständigkeit</titel></metadaten><textdaten><text format="XML"><Content><P>(1) Der Gesamtsprecherausschuß ist zuständig für die Behandlung von Angelegenheiten, die das Unternehmen oder mehrere Betriebe des Unternehmens betreffen und nicht durch die einzelnen Sprecherausschüsse innerhalb ihrer Betriebe behandelt werden können. Er ist den Sprecherausschüssen nicht übergeordnet.</P><P>(2) Der Sprecherausschuß kann mit der Mehrheit der Stimmen seiner Mitglieder den Gesamtsprecherausschuß schriftlich beauftragen, eine Angelegenheit für ihn zu behandeln. Der Sprecherausschuß kann sich dabei die Entscheidungsbefugnis vorbehalten. Für den Widerruf der Beauftragung gilt Satz 1 entsprechend.</P><P>(3) Die Vorschriften über die Rechte und Pflichten des Sprecherausschusses und die Rechtsstellung seiner Mitglieder gelten entsprechend für den Gesamtsprecherausschuß.</P></Content>  </text></textdaten></norm>
<norm builddate="20221017214014" doknr="BJNR023160988BJNE003301311"><metadaten><jurabk>SprAuG</jurabk><enbez>§ 19</enbez><titel format="XML">Geschäftsführung</titel></metadaten><textdaten><text format="XML"><Content><P>(1) Für den Gesamtsprecherausschuß gelten § 10 Abs. 1, die §§ 11, 13 Abs. 1, 3 bis 5 und § 14 entsprechend.</P><P>(2) Ist ein Gesamtsprecherausschuß zu errichten, hat der Sprecherausschuß der Hauptverwaltung des Unternehmens oder, sofern ein solcher nicht besteht, der Sprecherausschuß des nach der Zahl der leitenden Angestellten größten Betriebs zu der Wahl des Vorsitzenden und des stellvertretenden Vorsitzenden des Gesamtsprecherausschusses einzuladen. Der Vorsitzende des einladenden Sprecherausschusses hat die Sitzung zu leiten, bis der Gesamtsprecherausschuß aus seiner Mitte einen Wahlleiter zur Wahl des Vorsitzenden und seines Stellvertreters bestellt hat. § 12 Absatz 2 bis 7 gilt entsprechend.</P><P>(3) Der Gesamtsprecherausschuß ist nur beschlußfähig, wenn mindestens die Hälfte seiner Mitglieder an der Beschlußfassung teilnimmt und die Teilnehmenden mindestens die Hälfte aller Stimmen vertreten. Stellvertretung durch Ersatzmitglieder ist zulässig.</P></Content></text><fussnoten/></textdaten></norm>
<norm builddate="20221017214014" doknr="BJNR023160988BJNG000700325"><metadaten><jurabk>SprAuG</jurabk><gliederungseinheit><gliederungskennzahl>020050</gliederungskennzahl><gliederungsbez>Fünfter Abschnitt</gliederungsbez><gliederungstitel>Unternehmenssprecherausschuß</gliederungstitel></gliederungseinheit></metadaten><textdaten><text format="XML"><Content><P/></Content></text></textdaten></norm>
<norm builddate="20221017214014" doknr="BJNR023160988BJNE003400325"><metadaten><jurabk>SprAuG</jurabk><enbez>§ 20</enbez><titel format="parat">Errichtung</titel></metadaten><textdaten><text format="XML"><Content><P>(1) Sind in einem Unternehmen mit mehreren Betrieben in der Regel insgesamt mindestens zehn leitende Angestellte beschäftigt, kann abweichend von § 1 Abs. 1 und 2 ein Unternehmenssprecherausschuß der leitenden Angestellten gewählt werden, wenn dies die Mehrheit der leitenden Angestellten des Unternehmens verlangt. Die §§ 2 bis 15 gelten entsprechend.</P><P>(2) Bestehen in dem Unternehmen Sprecherausschüsse, hat auf Antrag der Mehrheit der leitenden Angestellten des Unternehmens der Sprecherausschuß der Hauptverwaltung oder, sofern ein solcher nicht besteht, der Sprecherausschuß des nach der Zahl der leitenden Angestellten größten Betriebs einen Unternehmenswahlvorstand für die Wahl eines Unternehmenssprecherausschusses zu bestellen. Die Wahl des Unternehmenssprecherausschusses findet im nächsten Zeitraum der regelmäßigen Wahlen im Sinne des § 5 Abs. 1 Satz 1 statt. Die Amtszeit der Sprecherausschüsse endet mit der Bekanntgabe des Wahlergebnisses.</P><P>(3) Besteht ein Unternehmenssprecherausschuß, können auf Antrag der Mehrheit der leitenden Angestellten des Unternehmens Sprecherausschüsse gewählt werden. Der Unternehmenssprecherausschuß hat für jeden Betrieb, der die Voraussetzungen des § 1 Abs. 1 erfüllt, einen Wahlvorstand nach § 7 Abs. 1 zu bestellen. Die Wahl von Sprecherausschüssen findet im nächsten Zeitraum der regelmäßigen Wahlen im Sinne des § 5 Abs. 1 Satz 1 statt. Die Amtszeit des Unternehmenssprecherausschusses endet mit der Bekanntgabe des Wahlergebnisses eines Sprecherausschusses.</P><P>(4) Die Vorschriften über die Rechte und Pflichten des Sprecherausschusses und die Rechtsstellung seiner Mitglieder gelten entsprechend für den Unternehmenssprecherausschuß.</P></Content>   </text></textdaten></norm>
<norm builddate="20221017214014" doknr="BJNR023160988BJNG000800325"><metadaten><jurabk>SprAuG</jurabk><gliederungseinheit><gliederungskennzahl>020060</gliederungskennzahl><gliederungsbez>Sechster Abschnitt</gliederungsbez><gliederungstitel>Konzernsprecherausschuß</gliederungstitel></gliederungseinheit></metadaten><textdaten><text format="XML"><Content><P/></Content></text></textdaten></norm>
<norm builddate="20221017214014" doknr="BJNR023160988BJNE003500325"><metadaten><jurabk>SprAuG</jurabk><enbez>§ 21</enbez><titel format="parat">Errichtung, Mitgliederzahl und Stimmengewicht</titel></metadaten><textdaten><text format="XML"><Content><P>(1) Für einen Konzern (§ 18 Abs. 1 des Aktiengesetzes) kann durch Beschlüsse der einzelnen Gesamtsprecherausschüsse ein Konzernsprecherausschuß errichtet werden. Die Errichtung erfordert die Zustimmung der Gesamtsprecherausschüsse der Konzernunternehmen, in denen insgesamt mindestens 75 vom Hundert der leitenden Angestellten der Konzernunternehmen beschäftigt sind. Besteht in einem Konzernunternehmen nur ein Sprecherausschuß oder ein Unternehmenssprecherausschuß, tritt er an die Stelle des Gesamtsprecherausschusses und nimmt dessen Aufgaben nach den Vorschriften dieses Abschnitts wahr.</P><P>(2) In den Konzernsprecherausschuß entsendet jeder Gesamtsprecherausschuß eines seiner Mitglieder. Satz 1 gilt entsprechend für die Abberufung. Durch Vereinbarung zwischen Konzernsprecherausschuß und Arbeitgeber kann die Mitgliederzahl des Konzernsprecherausschusses abweichend von Satz 1 geregelt werden.</P><P>(3) Der Gesamtsprecherausschuß hat für jedes Mitglied des Konzernsprecherausschusses mindestens ein Ersatzmitglied zu bestellen und die Reihenfolge des Nachrückens festzulegen; nimmt der Sprecherausschuß oder der Unternehmenssprecherausschuß eines Konzernunternehmens die Aufgaben des Gesamtsprecherausschusses nach Absatz 1 Satz 3 wahr, gilt § 10 Abs. 3 entsprechend.</P><P>(4) Jedes Mitglied des Konzernsprecherausschusses hat so viele Stimmen, wie die Mitglieder des Gesamtsprecherausschusses, von dem es entsandt wurde, im Gesamtsprecherausschuß Stimmen haben. Ist ein Mitglied des Konzernsprecherausschusses von einem Sprecherausschuß oder Unternehmenssprecherausschuß entsandt worden, hat es so viele Stimmen, wie in dem Betrieb oder Konzernunternehmen, in dem es gewählt wurde, leitende Angestellte in der Wählerliste der leitenden Angestellten eingetragen sind. § 16 Abs. 4 Satz 2 und 3 gilt entsprechend.</P></Content>   </text></textdaten></norm>
<norm builddate="20221017214014" doknr="BJNR023160988BJNE003600325"><metadaten><jurabk>SprAuG</jurabk><enbez>§ 22</enbez><titel format="parat">Ausschluß von Mitgliedern und Erlöschen der Mitgliedschaft</titel></metadaten><textdaten><text format="XML"><Content><P>(1) Mindestens ein Viertel der leitenden Angestellten der Konzernunternehmen, der Konzernsprecherausschuß oder der Arbeitgeber können beim Arbeitsgericht den Ausschluß eines Mitglieds aus dem Konzernsprecherausschuß wegen grober Verletzung seiner gesetzlichen Pflichten beantragen.</P><P>(2) Die Mitgliedschaft im Konzernsprecherausschuß endet mit dem Erlöschen der Mitgliedschaft im Gesamtsprecherausschuß, durch Amtsniederlegung, durch Ausschluß aus dem Konzernsprecherausschuß aufgrund einer gerichtlichen Entscheidung oder Abberufung durch den Gesamtsprecherausschuß.</P></Content> </text></textdaten></norm>
<norm builddate="20221017214014" doknr="BJNR023160988BJNE003700325"><metadaten><jurabk>SprAuG</jurabk><enbez>§ 23</enbez><titel format="parat">Zuständigkeit</titel></metadaten><textdaten><text format="XML"><Content><P>(1) Der Konzernsprecherausschuß ist zuständig für die Behandlung von Angelegenheiten, die den Konzern oder mehrere Konzernunternehmen betreffen und nicht durch die einzelnen Gesamtsprecherausschüsse innerhalb ihrer Unternehmen geregelt werden können. Er ist den Gesamtsprecherausschüssen nicht übergeordnet.</P><P>(2) Der Gesamtsprecherausschuß kann mit der Mehrheit der Stimmen seiner Mitglieder den Konzernsprecherausschuß schriftlich beauftragen, eine Angelegenheit für ihn zu behandeln. Der Gesamtsprecherausschuß kann sich dabei die Entscheidungsbefugnis vorbehalten. Für den Widerruf der Beauftragung gilt Satz 1 entsprechend.</P></Content> </text></textdaten></norm>
<norm builddate="20221017214014" doknr="BJNR023160988BJNE003801311"><metadaten><jurabk>SprAuG</jurabk><enbez>§ 24</enbez><titel format="XML">Geschäftsführung</titel></metadaten><textdaten><text format="XML"><Content><P>(1) Für den Konzernsprecherausschuß gelten § 10 Abs. 1, die §§ 11, 13 Abs. 1, 3 bis 5, die §§ 14, 18 Abs. 3 und § 19 Abs. 3 entsprechend.</P><P>(2) Ist ein Konzernsprecherausschuß zu errichten, hat der Gesamtsprecherausschuß des herrschenden Unternehmens oder, sofern ein solcher nicht besteht, der Gesamtsprecherausschuß des nach der Zahl der leitenden Angestellten größten Konzernunternehmens zu der Wahl des Vorsitzenden und des stellvertretenden Vorsitzenden des Konzernsprecherausschusses einzuladen. Der Vorsitzende des einladenden Gesamtsprecherausschusses hat die Sitzung zu leiten, bis der Konzernsprecherausschuß aus seiner Mitte einen Wahlleiter zur Wahl des Vorsitzenden und seines Stellvertreters bestellt hat. § 12 Absatz 2 bis 7 gilt entsprechend.</P></Content></text><fussnoten/></textdaten></norm>
<norm builddate="20221017214014" doknr="BJNR023160988BJNG000900325"><metadaten><jurabk>SprAuG</jurabk><gliederungseinheit><gliederungskennzahl>030</gliederungskennzahl><gliederungsbez>Dritter Teil</gliederungsbez><gliederungstitel>Mitwirkung der leitenden Angestellten</gliederungstitel></gliederungseinheit></metadaten><textdaten><text format="XML"><Content><P/></Content></text></textdaten></norm>
<norm builddate="20221017214014" doknr="BJNR023160988BJNG001000325"><metadaten><jurabk>SprAuG</jurabk><gliederungseinheit><gliederungskennzahl>030010</gliederungskennzahl><gliederungsbez>Erster Abschnitt</gliederungsbez><gliederungstitel>Allgemeine Vorschriften</gliederungstitel></gliederungseinheit></metadaten><textdaten><text format="XML"><Content><P/></Content></text></textdaten></norm>
<norm builddate="20221017214014" doknr="BJNR023160988BJNE003900325"><metadaten><jurabk>SprAuG</jurabk><enbez>§ 25</enbez><titel format="parat">Aufgaben des Sprecherausschusses</titel></metadaten><textdaten><text format="XML"><Content><P>(1) Der Sprecherausschuß vertritt die Belange der leitenden Angestellten des Betriebs (§ 1 Abs. 1 und 2). Die Wahrnehmung eigener Belange durch den einzelnen leitenden Angestellten bleibt unberührt.</P><P>(2) Der Sprecherausschuß ist zur Durchführung seiner Aufgaben nach diesem Gesetz rechtzeitig und umfassend vom Arbeitgeber zu unterrichten. Auf Verlangen sind ihm die erforderlichen Unterlagen jederzeit zur Verfügung zu stellen.</P></Content> </text></textdaten></norm>
<norm builddate="20221017214014" doknr="BJNR023160988BJNE004000325"><metadaten><jurabk>SprAuG</jurabk><enbez>§ 26</enbez><titel format="parat">Unterstützung einzelner leitender Angestellter</titel></metadaten><textdaten><text format="XML"><Content><P>(1) Der leitende Angestellte kann bei der Wahrnehmung seiner Belange gegenüber dem Arbeitgeber ein Mitglied des Sprecherausschusses zur Unterstützung und Vermittlung hinzuziehen.</P><P>(2) Der leitende Angestellte hat das Recht, in die über ihn geführten Personalakten Einsicht zu nehmen. Er kann hierzu ein Mitglied des Sprecherausschusses hinzuziehen. Das Mitglied des Sprecherausschusses hat über den Inhalt der Personalakten Stillschweigen zu bewahren, soweit es von dem leitenden Angestellten im Einzelfall nicht von dieser Verpflichtung entbunden wird. Erklärungen des leitenden Angestellten zum Inhalt der Personalakten sind diesen auf sein Verlangen beizufügen.</P></Content> </text></textdaten></norm>
<norm builddate="20221017214014" doknr="BJNR023160988BJNE004101308"><metadaten><jurabk>SprAuG</jurabk><enbez>§ 27</enbez><titel format="parat">Grundsätze für die Behandlung der leitenden Angestellten</titel></metadaten><textdaten><text format="XML"><Content><P>(1) Arbeitgeber und Sprecherausschuss haben darüber zu wachen, dass alle leitenden Angestellten des Betriebs nach den Grundsätzen von Recht und Billigkeit behandelt werden, insbesondere, dass jede Benachteiligung von Personen aus Gründen ihrer Rasse oder wegen ihrer ethnischen Herkunft, ihrer Abstammung oder sonstigen Herkunft, ihrer Nationalität, ihrer Religion oder Weltanschauung, ihrer Behinderung, ihres Alters, ihrer politischen oder gewerkschaftlichen Betätigung oder Einstellung oder wegen ihres Geschlechts oder ihrer sexuellen Identität unterbleibt.</P><P>(2) Arbeitgeber und Sprecherausschuß haben die freie Entfaltung der Persönlichkeit der leitenden Angestellten des Betriebs zu schützen und zu fördern.</P></Content> </text><fussnoten/></textdaten></norm>
<norm builddate="20221017214014" doknr="BJNR023160988BJNE004201311"><metadaten><jurabk>SprAuG</jurabk><enbez>§ 28</enbez><titel format="XML">Richtlinien und Vereinbarungen</titel></metadaten><textdaten><text format="XML"><Content><P>(1) Arbeitgeber und Sprecherausschuß können Richtlinien über den Inhalt, den Abschluß oder die Beendigung von Arbeitsverhältnissen der leitenden Angestellten schriftlich vereinbaren. Werden Richtlinien in elektronischer Form geschlossen, haben Arbeitgeber und Sprecherausschuss abweichend von § 126a Absatz 2 des Bürgerlichen Gesetzesbuchs dasselbe Dokument elektronisch zu signieren.</P><P>(2) Der Inhalt der Richtlinien gilt für die Arbeitsverhältnisse unmittelbar und zwingend, soweit dies zwischen Arbeitgeber und Sprecherausschuß vereinbart ist. Abweichende Regelungen zugunsten leitender Angestellter sind zulässig. Werden leitenden Angestellten Rechte nach Satz 1 eingeräumt, so ist ein Verzicht auf sie nur mit Zustimmung des Sprecherausschusses zulässig. Vereinbarungen nach Satz 1 können, soweit nichts anderes vereinbart ist, mit einer Frist von drei Monaten gekündigt werden.</P></Content></text><fussnoten/></textdaten></norm>
<norm builddate="20221017214014" doknr="BJNR023160988BJNE004300325"><metadaten><jurabk>SprAuG</jurabk><enbez>§ 29</enbez><titel format="parat">Geheimhaltungspflicht</titel></metadaten><textdaten><text format="XML"><Content><P>(1) Die Mitglieder und Ersatzmitglieder des Sprecherausschusses sind verpflichtet, Betriebs- oder Geschäftsgeheimnisse, die ihnen wegen ihrer Zugehörigkeit zum Sprecherausschuß bekanntgeworden und vom Arbeitgeber ausdrücklich als geheimhaltungsbedürftig bezeichnet worden sind, nicht zu offenbaren und nicht zu verwerten. Dies gilt auch nach dem Ausscheiden aus dem Sprecherausschuß. Die Verpflichtung gilt nicht gegenüber Mitgliedern des Sprecherausschusses, des Gesamtsprecherausschusses, des Unternehmenssprecherausschusses, des Konzernsprecherausschusses und den Arbeitnehmervertretern im Aufsichtsrat.</P><P>(2) Absatz 1 gilt entsprechend für die Mitglieder und Ersatzmitglieder des Gesamtsprecherausschusses, des Unternehmenssprecherausschusses und des Konzernsprecherausschusses.</P></Content> </text></textdaten></norm>
<norm builddate="20221017214014" doknr="BJNR023160988BJNG001100325"><metadaten><jurabk>SprAuG</jurabk><gliederungseinheit><gliederungskennzahl>030020</gliederungskennzahl><gliederungsbez>Zweiter Abschnitt</gliederungsbez><gliederungstitel>Mitwirkungsrechte</gliederungstitel></gliederungseinheit></metadaten><textdaten><text format="XML"><Content><P/></Content></text></textdaten></norm>
<norm builddate="20221017214014" doknr="BJNR023160988BJNE004400325"><metadaten><jurabk>SprAuG</jurabk><enbez>§ 30</enbez><titel format="parat">Arbeitsbedingungen und Beurteilungsgrundsätze</titel></metadaten><textdaten><text format="XML"><Content><P>Der Arbeitgeber hat den Sprecherausschuß rechtzeitig in folgenden Angelegenheiten der leitenden Angestellten zu unterrichten: <DL Font="normal" Type="arabic"><DT>1.</DT><DD Font="normal"><LA Size="normal">Änderungen der Gehaltsgestaltung und sonstiger allgemeiner Arbeitsbedingungen;</LA></DD> <DT>2.</DT><DD Font="normal"><LA Size="normal">Einführung oder Änderung allgemeiner Beurteilungsgrundsätze.</LA></DD> </DL>Er hat die vorgesehenen Maßnahmen mit dem Sprecherausschuß zu beraten.</P></Content></text></textdaten></norm>
<norm builddate="20221017214014" doknr="BJNR023160988BJNE004500325"><metadaten><jurabk>SprAuG</jurabk><enbez>§ 31</enbez><titel format="parat">Personelle Maßnahmen</titel></metadaten><textdaten><text format="XML"><Content><P>(1) Eine beabsichtigte Einstellung oder personelle Veränderung eines leitenden Angestellten ist dem Sprecherausschuß rechtzeitig mitzuteilen.</P><P>(2) Der Sprecherausschuß ist vor jeder Kündigung eines leitenden Angestellten zu hören. Der Arbeitgeber hat ihm die Gründe für die Kündigung mitzuteilen. Eine ohne Anhörung des Sprecherausschusses ausgesprochene Kündigung ist unwirksam. Bedenken gegen eine ordentliche Kündigung hat der Sprecherausschuß dem Arbeitgeber spätestens innerhalb einer Woche, Bedenken gegen eine außerordentliche Kündigung unverzüglich, spätestens jedoch innerhalb von drei Tagen, unter Angabe der Gründe schriftlich mitzuteilen. Äußert er sich innerhalb der nach Satz 4 maßgebenden Frist nicht, so gilt dies als Einverständnis des Sprecherausschusses mit der Kündigung.</P><P>(3) Die Mitglieder des Sprecherausschusses sind verpflichtet, über die ihnen im Rahmen personeller Maßnahmen nach den Absätzen 1 und 2 bekanntgewordenen persönlichen Verhältnisse und Angelegenheiten der leitenden Angestellten, die ihrer Bedeutung oder ihrem Inhalt nach einer vertraulichen Behandlung bedürfen, Stillschweigen zu bewahren; § 29 Abs. 1 Satz 2 und 3 gilt entsprechend.</P></Content>  </text></textdaten></norm>
<norm builddate="20221017214014" doknr="BJNR023160988BJNE004600325"><metadaten><jurabk>SprAuG</jurabk><enbez>§ 32</enbez><titel format="parat">Wirtschaftliche Angelegenheiten</titel></metadaten><textdaten><text format="XML"><Content><P>(1) Der Unternehmer hat den Sprecherausschuß mindestens einmal im Kalenderhalbjahr über die wirtschaftlichen Angelegenheiten des Betriebs und des Unternehmens im Sinne des § 106 Abs. 3 des Betriebsverfassungsgesetzes zu unterrichten, soweit dadurch nicht die Betriebs- oder Geschäftsgeheimnisse des Unternehmens gefährdet werden. Satz 1 gilt nicht für Unternehmen und Betriebe im Sinne des § 118 Abs. 1 des Betriebsverfassungsgesetzes.</P><P>(2) Der Unternehmer hat den Sprecherausschuß über geplante Betriebsänderungen im Sinne des § 111 des Betriebsverfassungsgesetzes, die auch wesentliche Nachteile für leitende Angestellte zur Folge haben können, rechtzeitig und umfassend zu unterrichten. Entstehen leitenden Angestellten infolge der geplanten Betriebsänderung wirtschaftliche Nachteile, hat der Unternehmer mit dem Sprecherausschuß über Maßnahmen zum Ausgleich oder zur Milderung dieser Nachteile zu beraten.</P></Content> </text></textdaten></norm>
<norm builddate="20221017214014" doknr="BJNR023160988BJNG001200325"><metadaten><jurabk>SprAuG</jurabk><gliederungseinheit><gliederungskennzahl>040</gliederungskennzahl><gliederungsbez>Vierter Teil</gliederungsbez><gliederungstitel>Besondere Vorschriften</gliederungstitel></gliederungseinheit></metadaten><textdaten><text format="XML"><Content><P/></Content></text></textdaten></norm>
<norm builddate="20221017214014" doknr="BJNR023160988BJNE004700325"><metadaten><jurabk>SprAuG</jurabk><enbez>§ 33</enbez><titel format="parat">Seeschiffahrt</titel></metadaten><textdaten><text format="XML"><Content><P>(1) Auf Seeschiffahrtsunternehmen (§ 114 Abs. 2 des Betriebsverfassungsgesetzes) und ihre Betriebe ist dieses Gesetz anzuwenden, soweit sich aus den Absätzen 2 bis 4 nichts anderes ergibt.</P><P>(2) Sprecherausschüsse werden nur in den Landbetrieben von Seeschiffahrtsunternehmen gewählt.</P><P>(3) Leitende Angestellte im Sinne des § 1 Abs. 1 dieses Gesetzes sind in einem Seebetrieb (§ 114 Abs. 3 und 4 des Betriebsverfassungsgesetzes) nur die Kapitäne. Sie gelten für die Anwendung dieses Gesetzes als leitende Angestellte des Landbetriebs. Bestehen mehrere Landbetriebe, so gelten sie als leitende Angestellte des nach der Zahl der leitenden Angestellten größten Landbetriebs.</P><P>(4) Die Vorschriften über die Wahl des Sprecherausschusses finden auf Sprecherausschüsse in den Landbetrieben von Seeschiffahrtsunternehmen mit folgender Maßgabe Anwendung: <DL Font="normal" Type="arabic"><DT>1.</DT><DD Font="normal"><LA Size="normal">Die in § 7 Abs. 1 genannte Frist wird auf sechzehn Wochen verlängert.</LA></DD> <DT>2.</DT><DD Font="normal"><LA Size="normal">Die Frist für die Wahlanfechtung nach § 8 Abs. 1 Satz 3 beginnt für die leitenden Angestellten an Bord, wenn das Schiff nach Bekanntgabe des Wahlergebnisses erstmalig einen Hafen im Geltungsbereich dieses Gesetzes oder einen Hafen, in dem ein Seemannsamt seinen Sitz hat, anläuft. Nach Ablauf von drei Monaten seit Bekanntgabe des Wahlergebnisses ist eine Wahlanfechtung unzulässig. Die Wahlanfechtung kann auch zu Protokoll des Seemannsamtes erklärt werden. Die Anfechtungserklärung ist vom Seemannsamt unverzüglich an das für die Anfechtung zuständige Arbeitsgericht weiterzuleiten.</LA></DD></DL></P></Content>   </text></textdaten></norm>
<norm builddate="20221017214014" doknr="BJNR023160988BJNG001300325"><metadaten><jurabk>SprAuG</jurabk><gliederungseinheit><gliederungskennzahl>050</gliederungskennzahl><gliederungsbez>Fünfter Teil</gliederungsbez><gliederungstitel>Straf- und Bußgeldvorschriften</gliederungstitel></gliederungseinheit></metadaten><textdaten><text format="XML"><Content><P/></Content></text></textdaten></norm>
<norm builddate="20221017214014" doknr="BJNR023160988BJNE004800325"><metadaten><jurabk>SprAuG</jurabk><enbez>§ 34</enbez><titel format="parat">Straftaten gegen Vertretungsorgane der leitenden
Angestellten und ihre Mitglieder</titel></metadaten><textdaten><text format="XML"><Content><P>(1) Mit Freiheitsstrafe bis zu einem Jahr oder mit Geldstrafe wird bestraft, wer <DL Font="normal" Type="arabic"><DT>1.</DT><DD Font="normal"><LA Size="normal">eine Wahl des Sprecherausschusses oder des Unternehmenssprecherausschusses behindert oder durch Zufügung oder Androhung von Nachteilen oder durch Gewährung oder Versprechen von Vorteilen beeinflußt,</LA></DD> <DT>2.</DT><DD Font="normal"><LA Size="normal">die Tätigkeit des Sprecherausschusses, des Gesamtsprecherausschusses, des Unternehmenssprecherausschusses oder des Konzernsprecherausschusses behindert oder stört oder</LA></DD> <DT>3.</DT><DD Font="normal"><LA Size="normal">ein Mitglied oder ein Ersatzmitglied des Sprecherausschusses, des Gesamtsprecherausschusses, des Unternehmenssprecherausschusses oder des Konzernsprecherausschusses um seiner Tätigkeit willen benachteiligt oder begünstigt.</LA></DD> </DL> </P><P>(2) Die Tat wird nur auf Antrag des Sprecherausschusses, des Gesamtsprecherausschusses, des Unternehmenssprecherausschusses, des Konzernsprecherausschusses, des Wahlvorstands oder des Unternehmers verfolgt.</P></Content></text></textdaten></norm>
<norm builddate="20221017214014" doknr="BJNR023160988BJNE004900325"><metadaten><jurabk>SprAuG</jurabk><enbez>§ 35</enbez><titel format="parat">Verletzung von Geheimnissen</titel></metadaten><textdaten><text format="XML"><Content><P>(1) Wer unbefugt ein fremdes Betriebs- oder Geschäftsgeheimnis offenbart, das ihm in seiner Eigenschaft als Mitglied oder Ersatzmitglied des Sprecherausschusses, des Gesamtsprecherausschusses, des Unternehmenssprecherausschusses oder des Konzernsprecherausschusses bekanntgeworden und das vom Arbeitgeber ausdrücklich als geheimhaltungsbedürftig bezeichnet worden ist, wird mit Freiheitsstrafe bis zu einem Jahr oder mit Geldstrafe bestraft.</P><P>(2) Ebenso wird bestraft, wer unbefugt ein fremdes Geheimnis eines leitenden Angestellten oder eines anderen Arbeitnehmers, namentlich ein zu dessen persönlichen Lebensbereich gehörendes Geheimnis, offenbart, das ihm in seiner Eigenschaft als Mitglied oder Ersatzmitglied des Sprecherausschusses oder einer der in Absatz 1 genannten Vertretungen bekanntgeworden ist und über das nach den Vorschriften dieses Gesetzes Stillschweigen zu bewahren ist.</P><P>(3) Handelt der Täter gegen Entgelt oder in der Absicht, sich oder einen anderen zu bereichern oder einen anderen zu schädigen, so ist die Strafe Freiheitsstrafe bis zu zwei Jahren oder Geldstrafe. Ebenso wird bestraft, wer unbefugt ein fremdes Geheimnis, namentlich ein Betriebs- oder Geschäftsgeheimnis, zu dessen Geheimhaltung er nach den Absätzen 1 oder 2 verpflichtet ist, verwertet.</P><P>(4) Die Absätze 1 bis 3 sind auch anzuwenden, wenn der Täter das fremde Geheimnis nach dem Tode des Betroffenen unbefugt offenbart oder verwertet.</P><P>(5) Die Tat wird nur auf Antrag des Verletzten verfolgt. Stirbt der Verletzte, so geht das Antragsrecht nach § 77 Abs. 2 des Strafgesetzbuches auf die Angehörigen über, wenn das Geheimnis zum persönlichen Lebensbereich des Verletzten gehört; in anderen Fällen geht es auf die Erben über. Offenbart der Täter das Geheimnis nach dem Tode des Betroffenen, so gilt Satz 2 entsprechend.</P></Content>    </text></textdaten></norm>
<norm builddate="20221017214014" doknr="BJNR023160988BJNE005001308"><metadaten><jurabk>SprAuG</jurabk><enbez>§ 36</enbez><titel format="parat">Bußgeldvorschriften</titel></metadaten><textdaten><text format="XML"><Content><P>(1) Ordnungswidrig handelt, wer eine der in § 30 Satz 1, § 31 Abs. 1 oder § 32 Abs. 1 Satz 1 oder Abs. 2 Satz 1 genannten Unterrichtungs- oder Mitteilungspflichten nicht, wahrheitswidrig, unvollständig oder verspätet erfüllt.</P><P>(2) Die Ordnungswidrigkeit kann mit einer Geldbuße bis zu zehntausend Euro geahndet werden.</P></Content> </text><fussnoten/></textdaten></norm>
<norm builddate="20221017214014" doknr="BJNR023160988BJNG001400325"><metadaten><jurabk>SprAuG</jurabk><gliederungseinheit><gliederungskennzahl>060</gliederungskennzahl><gliederungsbez>Sechster Teil</gliederungsbez><gliederungstitel>Übergangs- und Schlußvorschriften</gliederungstitel></gliederungseinheit></metadaten><textdaten><text format="XML"><Content><P/></Content></text></textdaten></norm>
<norm builddate="20221017214014" doknr="BJNR023160988BJNE005100325"><metadaten><jurabk>SprAuG</jurabk><enbez>§ 37</enbez><titel format="parat">Erstmalige Wahlen nach diesem Gesetz</titel></metadaten><textdaten><text format="XML"><Content><P>(1) Die erstmaligen Wahlen des Sprecherausschusses oder des Unternehmenssprecherausschusses finden im Zeitraum der regelmäßigen Wahlen nach § 5 Abs. 1 im Jahre 1990 statt. § 7 Abs. 2 und 3 findet Anwendung.</P><P>(2) Auf Sprecherausschüsse, die aufgrund von Vereinbarungen gebildet worden sind und bei Inkrafttreten dieses Gesetzes bestehen, findet dieses Gesetz keine Anwendung. Sie bleiben bis zur Wahl nach Absatz 1, spätestens bis zum 31. Mai 1990, im Amt.</P></Content> </text></textdaten></norm>
<norm builddate="20221017214014" doknr="BJNR023160988BJNE005202308"><metadaten><jurabk>SprAuG</jurabk><enbez>§ 38</enbez><titel format="parat">Ermächtigung zum Erlaß von Wahlordnungen</titel></metadaten><textdaten><text format="XML"><Content><P>Das Bundesministerium für Arbeit und Soziales kann durch Rechtsverordnung zur Regelung des Wahlverfahrens Vorschriften über die in den §§ 3 bis 8, 20 und 33 bezeichneten Wahlen erlassen, insbesondere über <DL Font="normal" Type="arabic"><DT>1.</DT><DD Font="normal"><LA Size="normal">die Vorbereitung der Wahl, insbesondere die Aufstellung der Wählerlisten;</LA></DD> <DT>2.</DT><DD Font="normal"><LA Size="normal">die Frist für die Einsichtnahme in die Wählerlisten und die Erhebung von Einsprüchen gegen sie;</LA></DD> <DT>3.</DT><DD Font="normal"><LA Size="normal">die Vorschlagslisten und die Frist für ihre Einreichung;</LA></DD> <DT>4.</DT><DD Font="normal"><LA Size="normal">das Wahlausschreiben und die Fristen für seine Bekanntmachung;</LA></DD> <DT>5.</DT><DD Font="normal"><LA Size="normal">die Stimmabgabe;</LA></DD> <DT>6.</DT><DD Font="normal"><LA Size="normal">die Feststellung des Wahlergebnisses und die Fristen für seine Bekanntmachung;</LA></DD> <DT>7.</DT><DD Font="normal"><LA Size="normal">die Aufbewahrung der Wahlakten.</LA></DD> </DL></P></Content></text><fussnoten/></textdaten></norm>
<norm builddate="20221017214014" doknr="BJNR023160988BJNE005306126"><metadaten><jurabk>SprAuG</jurabk><enbez>§ 39</enbez><titel format="XML">Sonderregelung aus Anlass der COVID-19-Pandemie</titel></metadaten><textdaten><text format="XML"><Content><P>Eine Versammlung nach § 15 kann bis zum Ablauf des 7. April 2023 auch mittels audiovisueller Einrichtungen durchgeführt werden, wenn sichergestellt ist, dass nur teilnahmeberechtigte Personen Kenntnis von dem Inhalt der Versammlung nehmen können. Eine Aufzeichnung ist unzulässig.</P></Content></text><fussnoten/></textdaten></norm>
</dokumente>