<?xml version="1.0" encoding="UTF-8" ?><!DOCTYPE dokumente SYSTEM "http://www.gesetze-im-internet.de/dtd/1.01/gii-norm.dtd">
<dokumente builddate="20220201213019" doknr="BJNR082600008"><norm builddate="20220201213019" doknr="BJNR082600008"><metadaten><jurabk>TischlMstrV 2008</jurabk><amtabk>TischlMstrV</amtabk><ausfertigung-datum manuell="ja">2008-05-13</ausfertigung-datum><fundstelle typ="amtlich"><periodikum>BGBl I</periodikum><zitstelle>2008, 826</zitstelle></fundstelle><kurzue>Tischlermeisterverordnung</kurzue><langue>Verordnung über das Meisterprüfungsberufsbild und über die Prüfungsanforderungen in den Teilen I und II der Meisterprüfung im Tischler-Handwerk</langue><standangabe checked="ja"><standtyp>Stand</standtyp><standkommentar>Zuletzt geändert durch Art. 2 Abs. 65 V v. 18.1.2022 I 39</standkommentar></standangabe></metadaten><textdaten><fussnoten><Content><P><BR/> <pre xml:space="preserve">(+++ Textnachweis ab: 1.7.2008 +++)<BR/>(+++ Zur Anwendung vgl. § 10 +++)<BR/><BR/></pre></P></Content></fussnoten></textdaten></norm>
<norm builddate="20220201213019" doknr="BJNR082600008BJNE000100000"><metadaten><jurabk>TischlMstrV 2008</jurabk><jurabk>TischlMstrV</jurabk><enbez>Eingangsformel</enbez></metadaten><textdaten><text format="XML"><Content><P>Auf Grund des § 45 Abs. 1 der Handwerksordnung in der Fassung der Bekanntmachung vom 24. September 1998 (BGBl. I S. 3074, 2006 I S. 2095), der zuletzt durch Artikel 146 der Verordnung vom 31. Oktober 2006 (BGBl. I S. 2407) geändert worden ist, verordnet das Bundesministerium für Wirtschaft und Technologie im Einvernehmen mit dem Bundesministerium für Bildung und Forschung:</P></Content></text></textdaten></norm>
<norm builddate="20220201213019" doknr="BJNR082600008BJNE000200000"><metadaten><jurabk>TischlMstrV 2008</jurabk><jurabk>TischlMstrV</jurabk><enbez>§ 1</enbez><titel format="XML">Gliederung und Inhalt der Meisterprüfung</titel></metadaten><textdaten><text format="XML"><Content><P>Die Meisterprüfung im zulassungspflichtigen Tischler-Handwerk umfasst folgende selbständige Prüfungsteile: <DL Type="arabic"><DT>1.</DT><DD Font="normal"><LA>die Prüfung der meisterhaften Verrichtung wesentlicher Tätigkeiten (Teil I),</LA></DD><DT>2.</DT><DD Font="normal"><LA>die Prüfung der erforderlichen fachtheoretischen Kenntnisse (Teil II),</LA></DD><DT>3.</DT><DD Font="normal"><LA>die Prüfung der erforderlichen betriebswirtschaftlichen, kaufmännischen und rechtlichen Kenntnisse (Teil III) und</LA></DD><DT>4.</DT><DD Font="normal"><LA>die Prüfung der erforderlichen berufs- und arbeitspädagogischen Kenntnisse (Teil IV).</LA></DD></DL></P></Content></text></textdaten></norm>
<norm builddate="20220201213019" doknr="BJNR082600008BJNE000300000"><metadaten><jurabk>TischlMstrV 2008</jurabk><jurabk>TischlMstrV</jurabk><enbez>§ 2</enbez><titel format="XML">Meisterprüfungsberufsbild</titel></metadaten><textdaten><text format="XML"><Content><P>(1) Durch die Meisterprüfung wird festgestellt, ob der Prüfling befähigt ist, <DL Type="arabic"><DT>1.</DT><DD Font="normal"><LA>einen Betrieb selbständig zu führen,</LA></DD><DT>2.</DT><DD Font="normal"><LA>technische, kaufmännische und personalwirtschaftliche Leitungsaufgaben wahrzunehmen,</LA></DD><DT>3.</DT><DD Font="normal"><LA>die Ausbildung durchzuführen und</LA></DD></DL>seine berufliche Handlungskompetenz eigenverantwortlich umzusetzen und an neue Bedarfslagen in diesen Bereichen anzupassen.</P><P>(2) Im Tischler-Handwerk sind zum Zwecke der Meisterprüfung folgende Fertigkeiten und Kenntnisse als ganzheitliche Qualifikationen zu berücksichtigen: <DL Type="arabic"><DT>1.</DT><DD Font="normal"><LA>Kundenwünsche ermitteln, Kunden beraten, Serviceleistungen anbieten, Auftragsverhandlungen führen und Auftragsziele festlegen, Leistungen kalkulieren und Angebote erstellen, Verträge schließen,</LA></DD><DT>2.</DT><DD Font="normal"><LA>Aufgaben der technischen, kaufmännischen und personalwirtschaftlichen Betriebsführung wahrnehmen, insbesondere unter Berücksichtigung der Betriebsorganisation, der betrieblichen Aus- und Weiterbildung, des Qualitätsmanagements, des Arbeitsschutzrechtes, des Datenschutzes, des Umweltschutzes sowie von Informations- und Kommunikationstechniken,</LA></DD><DT>3.</DT><DD Font="normal"><LA>Auftragsabwicklungsprozesse planen, organisieren, durchführen und überwachen,</LA></DD><DT>4.</DT><DD Font="normal"><LA>Aufträge durchführen, insbesondere unter Berücksichtigung von gestalterischen Aspekten, Konstruktion, Fertigungs- und Montagetechniken, berufsbezogenen rechtlichen Vorschriften und technischen Normen sowie der allgemein anerkannten Regeln der Technik, Personal, Material, Maschinen und Geräten sowie von Möglichkeiten zum Einsatz von Auszubildenden,</LA></DD><DT>5.</DT><DD Font="normal"><LA>Entwürfe, Skizzen, Fertigungszeichnungen und Pläne, auch unter Einsatz von rechnergestützten Systemen, erstellen und präsentieren,</LA></DD><DT>6.</DT><DD Font="normal"><LA>statische Systeme erkennen und Plausibilitätsprüfungen durchführen; Bauunterlagen auswerten und für die zu erbringende Leistung nutzen sowie produktbezogene statische Berechnungen, die für einen Antrag in baubehördlichen Genehmigungsverfahren geeignet sind, erstellen und bewerten,</LA></DD><DT>7.</DT><DD Font="normal"><LA>Stilrichtungen sowie historische und zeitgemäße Formensprache in Architektur und Design bei Entwurf, Fertigung, Restaurierung und Rekonstruktion berücksichtigen,</LA></DD><DT>8.</DT><DD Font="normal"><LA>Möbel, Inneneinrichtungen und -ausbauten, insbesondere Büro- und Ladeneinrichtungen, Küchen, Wand- und Deckenverkleidungen, Böden sowie Messebauten gestalten, planen, konstruieren, fertigen, montieren und instand halten,</LA></DD><DT>9.</DT><DD Font="normal"><LA>fassadenabschließende Elemente und Bauelemente, insbesondere Fenster, Türen und Wintergärten, Treppen sowie Fahrzeugein- und -ausbauten gestalten, planen, konstruieren, fertigen, einbauen, montieren und instand halten,</LA></DD><DT>10.</DT><DD Font="normal"><LA>Restaurierungsarbeiten planen, durchführen und dokumentieren,</LA></DD><DT>11.</DT><DD Font="normal"><LA>Verwendung von montagefertigen Teilen, Erzeugnissen und Zukaufteilen bestimmen,</LA></DD><DT>12.</DT><DD Font="normal"><LA>Schließ- und Schutzsysteme auftragsbezogen planen, einbauen, montieren und instand halten,</LA></DD><DT>13.</DT><DD Font="normal"><LA>Produkte und Objekte einschließlich der elektro- und wassertechnischen Anschlüsse montieren, Montageabläufe gewerkspezifisch und -übergreifend koordinieren,</LA></DD><DT>14.</DT><DD Font="normal"><LA>Arten und Eigenschaften zu be- und verarbeitender Werkstoffe, insbesondere Holz, Holzwerk- und Kunststoffe sowie Glas und Trockenbaustoffe einschließlich der Verfahren zur Oberflächenbehandlung, bei der Gestaltung, Planung, Konstruktion, Fertigung, Montage und Instandhaltung berücksichtigen,</LA></DD><DT>15.</DT><DD Font="normal"><LA>Einsatz von Anlagen, Maschinen, Werkzeugen und Vorrichtungen planen und überwachen,</LA></DD><DT>16.</DT><DD Font="normal"><LA>Konzepte für Betriebsstätten einschließlich Betriebs- und Lagerausstattung sowie für logistische Prozesse entwickeln und umsetzen,</LA></DD><DT>17.</DT><DD Font="normal"><LA>Qualitäts- und Funktionsprüfungen durchführen, Ergebnisse bewerten und dokumentieren,</LA></DD><DT>18.</DT><DD Font="normal"><LA>Leistungen abnehmen und dokumentieren sowie Nachkalkulation durchführen.</LA></DD></DL></P></Content></text></textdaten></norm>
<norm builddate="20220201213019" doknr="BJNR082600008BJNE000400000"><metadaten><jurabk>TischlMstrV 2008</jurabk><jurabk>TischlMstrV</jurabk><enbez>§ 3</enbez><titel format="XML">Gliederung des Teils I</titel></metadaten><textdaten><text format="XML"><Content><P>Der Teil I der Meisterprüfung umfasst folgende Prüfungsbereiche: <DL Type="arabic"><DT>1.</DT><DD Font="normal"><LA>ein Meisterprüfungsprojekt und ein darauf bezogenes Fachgespräch,</LA></DD><DT>2.</DT><DD Font="normal"><LA>eine Situationsaufgabe.</LA></DD></DL></P></Content></text></textdaten></norm>
<norm builddate="20220201213019" doknr="BJNR082600008BJNE000500000"><metadaten><jurabk>TischlMstrV 2008</jurabk><jurabk>TischlMstrV</jurabk><enbez>§ 4</enbez><titel format="XML">Meisterprüfungsprojekt</titel></metadaten><textdaten><text format="XML"><Content><P>(1) Der Prüfling hat ein Meisterprüfungsprojekt durchzuführen, das einem Kundenauftrag entspricht. Vorschläge des Prüflings für den Kundenauftrag sollen berücksichtigt werden. Die auftragsbezogenen Kundenanforderungen werden vom Meisterprüfungsausschuss festgelegt. Auf dieser Grundlage erarbeitet der Prüfling ein Umsetzungskonzept einschließlich einer Zeit- und Materialbedarfsplanung. Dieses hat er vor der Durchführung des Meisterprüfungsprojekts dem Meisterprüfungsausschuss zur Genehmigung vorzulegen. Der Meisterprüfungsausschuss prüft, ob das Umsetzungskonzept den auftragsbezogenen Kundenanforderungen entspricht.</P><P>(2) Das Meisterprüfungsprojekt besteht aus Planungs-, Durchführungs- und Dokumentationsarbeiten.</P><P>(3) Als Meisterprüfungsprojekt ist für <DL Type="arabic"><DT>1.</DT><DD Font="normal"><LA>einen Innenausbau,</LA></DD><DT>2.</DT><DD Font="normal"><LA>eine Inneneinrichtung,</LA></DD><DT>3.</DT><DD Font="normal"><LA>ein Bauelement oder</LA></DD><DT>4.</DT><DD Font="normal"><LA>einen Fassadenabschluss</LA></DD></DL>ein Konzept einschließlich der Entwurfs- und Planungsunterlagen zu erstellen. Aus diesem Konzept ist ein Erzeugnis oder ein Teilerzeugnis zu kalkulieren, zu fertigen und zu dokumentieren.</P><P>(4) Die Entwurfs-, Planungs- und Kalkulationsunterlagen werden mit 40 Prozent, die durchgeführten Arbeiten mit 50 Prozent und die Dokumentationsunterlagen mit 10 Prozent gewichtet.</P></Content></text></textdaten></norm>
<norm builddate="20220201213019" doknr="BJNR082600008BJNE000600000"><metadaten><jurabk>TischlMstrV 2008</jurabk><jurabk>TischlMstrV</jurabk><enbez>§ 5</enbez><titel format="XML">Fachgespräch</titel></metadaten><textdaten><text format="XML"><Content><P>Nach Durchführung des Meisterprüfungsprojekts ist hierüber das Fachgespräch zu führen. Dabei soll der Prüfling nachweisen, dass er befähigt ist, <DL Type="arabic"><DT>1.</DT><DD Font="normal"><LA>die fachlichen Zusammenhänge, die dem Meisterprüfungsprojekt zugrunde liegen, aufzuzeigen,</LA></DD><DT>2.</DT><DD Font="normal"><LA>den Ablauf des Meisterprüfungsprojekts zu begründen,</LA></DD><DT>3.</DT><DD Font="normal"><LA>mit dem Meisterprüfungsprojekt verbundene berufsbezogene Probleme sowie deren Lösungen darzustellen und dabei in der Lage ist, neue Entwicklungen zu berücksichtigen.</LA></DD></DL></P></Content></text></textdaten></norm>
<norm builddate="20220201213019" doknr="BJNR082600008BJNE000700000"><metadaten><jurabk>TischlMstrV 2008</jurabk><jurabk>TischlMstrV</jurabk><enbez>§ 6</enbez><titel format="XML">Situationsaufgabe</titel></metadaten><textdaten><text format="XML"><Content><P>(1) Die Situationsaufgabe ist auftragsorientiert und vervollständigt den Qualifikationsnachweis für die Meisterprüfung im Tischler-Handwerk. Die Aufgabenstellung erfolgt durch den Meisterprüfungsausschuss.</P><P>(2) Als Situationsaufgabe ist unter besonderer Berücksichtigung funktioneller, materialbezogener, fertigungstechnischer und wirtschaftlicher Anforderungen ein Erzeugnis zu fertigen.</P></Content></text></textdaten></norm>
<norm builddate="20220201213019" doknr="BJNR082600008BJNE000800000"><metadaten><jurabk>TischlMstrV 2008</jurabk><jurabk>TischlMstrV</jurabk><enbez>§ 7</enbez><titel format="XML">Prüfungsdauer und Bestehen des Teils I</titel></metadaten><textdaten><text format="XML"><Content><P>(1) Die Durchführung des Meisterprüfungsprojekts soll nicht länger als 18 Arbeitstage, das Fachgespräch nicht länger als 30 Minuten und die Ausführung der Situationsaufgabe nicht länger als acht Stunden dauern.</P><P>(2) Meisterprüfungsprojekt, Fachgespräch und Situationsaufgabe werden gesondert bewertet. Die Prüfungsleistungen im Meisterprüfungsprojekt und im Fachgespräch werden im Verhältnis 3 : 1 gewichtet. Hieraus wird eine Gesamtbewertung gebildet. Diese Gesamtbewertung wird zum Prüfungsergebnis der Situationsaufgabe im Verhältnis 2 : 1 gewichtet.</P><P>(3) Mindestvoraussetzung für das Bestehen des Teils I der Meisterprüfung ist eine insgesamt ausreichende Prüfungsleistung, wobei die Prüfung weder im Meisterprüfungsprojekt noch im Fachgespräch noch in der Situationsaufgabe mit weniger als 30 Punkten bewertet worden sein darf.</P></Content></text></textdaten></norm>
<norm builddate="20220201213019" doknr="BJNR082600008BJNE000901360"><metadaten><jurabk>TischlMstrV 2008</jurabk><jurabk>TischlMstrV</jurabk><enbez>§ 8</enbez><titel format="XML">Gliederung, Prüfungsdauer und Bestehen des Teils II</titel></metadaten><textdaten><text format="XML"><Content><P>(1) Durch die Prüfung in Teil II soll der Prüfling in den in Absatz 2 Nr. 1 bis 4 genannten Handlungsfeldern seine Handlungskompetenz dadurch nachweisen, dass er berufsbezogene Probleme analysiert und bewertet sowie Lösungswege aufzeigt und dokumentiert und dabei aktuelle Entwicklungen berücksichtigt.</P><P>(2) In jedem der folgenden Handlungsfelder ist mindestens eine Aufgabe zu bearbeiten, die fallorientiert sein muss: <DL Font="normal" Type="arabic"><DT>1.</DT><DD Font="normal"><LA Size="normal">Gestaltung, Konstruktion und Fertigungstechnik<BR/></LA><LA Size="normal">Der Prüfling soll nachweisen, dass er in der Lage ist, gestalterische, konstruktions- und fertigungstechnische Aufgaben unter Berücksichtigung wirtschaftlicher und ökologischer Aspekte in einem Tischlerbetrieb zu bearbeiten. Dabei soll er berufsbezogene Sachverhalte analysieren und bewerten. Bei der jeweiligen Aufgabenstellung sollen mehrere der unter den Buchstaben a bis e aufgeführten Qualifikationen verknüpft werden: <DL Font="normal" Type="alpha"><DT>a)</DT><DD Font="normal"><LA Size="normal">konzeptionelle und funktionale Lösungen für die Fertigung unter Berücksichtigung der zu be- und verarbeitenden Werkstoffe einschließlich der Verfahren zur Oberflächenbehandlung sowie statischer Berechnungen erarbeiten, bewerten und korrigieren,</LA></DD><DT>b)</DT><DD Font="normal"><LA Size="normal">die Bedeutung von Stilrichtungen und der Kunstgeschichte sowie der historischen und zeitgemäßen Formensprache für die Gestaltung, Fertigung, Restaurierung und Rekonstruktion von Möbeln, Inneneinrichtungen sowie von fassadenabschließenden Elementen beschreiben und begründen,</LA></DD><DT>c)</DT><DD Font="normal"><LA Size="normal">Skizzen, Entwurfs- und Konstruktionszeichnungen anfertigen, bewerten und korrigieren,</LA></DD><DT>d)</DT><DD Font="normal"><LA Size="normal">Möbel und Inneneinrichtungen, insbesondere Büro- und Ladeneinrichtungen, Küchen sowie Messebauten, auch unter Berücksichtigung der Ergonomie konzipieren, Fertigungstechniken bestimmen und die Auswahl begründen,</LA></DD><DT>e)</DT><DD Font="normal"><LA Size="normal">Vorschläge für konstruktionstechnische Maßnahmen, insbesondere für fassadenabschließende Elemente und Bauelemente sowie für Wand- und Deckenverkleidungen, unter Berücksichtigung unterschiedlicher bauphysikalischer Gegebenheiten erarbeiten und begründen; konstruktionsspezifische Vorgaben bewerten und korrigieren;</LA></DD></DL></LA></DD><DT>2.</DT><DD Font="normal"><LA Size="normal">Montage und Instandhaltung<BR/></LA><LA Size="normal">Der Prüfling soll nachweisen, dass er Montageleistungen und Instandhaltungsmaßnahmen unter Berücksichtigung betrieblicher und baustellenbezogener Planungsbedingungen in Arbeitsaufträge umsetzen sowie die Durchführung veranlassen, koordinieren und kontrollieren kann. Bei der jeweiligen Aufgabenstellung sollen mehrere der unter den Buchstaben a bis g aufgeführten Qualifikationen verknüpft werden: <DL Font="normal" Type="alpha"><DT>a)</DT><DD Font="normal"><LA Size="normal">Ablaufpläne für Montagearbeiten einschließlich der zum Einsatz kommenden Werkzeuge und Maschinen konzipieren und begründen; vorgegebene Montagepläne prüfen, bewerten und korrigieren,</LA></DD><DT>b)</DT><DD Font="normal"><LA Size="normal">Konzepte für Transport, Baustelleneinrichtung, Sicherheit und Abfallentsorgung entwickeln, bewerten und korrigieren,</LA></DD><DT>c)</DT><DD Font="normal"><LA Size="normal">Notwendigkeit objektbezogener Zwischen- und Endkontrollen von Montagearbeiten und Instandhaltungsmaßnahmen darstellen und begründen,</LA></DD><DT>d)</DT><DD Font="normal"><LA Size="normal">Kriterien für die Koordination von Montageleistungen mit Auftraggebern und beteiligten Gewerken festlegen und begründen,</LA></DD><DT>e)</DT><DD Font="normal"><LA Size="normal">Montagetechniken beurteilen, Verwendungszwecken zuordnen und Zuordnung begründen,</LA></DD><DT>f)</DT><DD Font="normal"><LA Size="normal">Vorschläge für Maßnahmen des Wärme-, Feuchte-, Schall-, Rauch-, Brand- und Strahlenschutzes unter Berücksichtigung der Normen, Richtlinien und Vorschriften erarbeiten, begründen und korrigieren,</LA></DD><DT>g)</DT><DD Font="normal"><LA Size="normal">Schließ- und Schutzsysteme unterschiedlichen Verwendungszwecken zuordnen und Auswahl begründen;</LA></DD></DL></LA></DD><DT>3.</DT><DD Font="normal"><LA Size="normal">Auftragsabwicklung<BR/></LA><LA Size="normal">Der Prüfling soll nachweisen, dass er in der Lage ist, Auftragsabwicklungsprozesse, auch unter Anwendung branchenüblicher Software, erfolgs-, kunden- und qualitätsorientiert zu planen, deren Durchführung zu kontrollieren und sie abzuschließen. Bei der jeweiligen Aufgabenstellung sollen mehrere der unter den Buchstaben a bis j aufgeführten Qualifikationen verknüpft werden: <DL Font="normal" Type="alpha"><DT>a)</DT><DD Font="normal"><LA Size="normal">Möglichkeiten der Auftragsbeschaffung darstellen,</LA></DD><DT>b)</DT><DD Font="normal"><LA Size="normal">Angebotsunterlagen erstellen und Angebote auswerten, Angebotskalkulation durchführen,</LA></DD><DT>c)</DT><DD Font="normal"><LA Size="normal">Methoden und Verfahren der Arbeitsplanung und -organisation unter Berücksichtigung von Fertigung und Montage sowie des Einsatzes von Personal, Material und Geräten bewerten, dabei qualitätssichernde Aspekte darstellen sowie Schnittstellen zwischen Arbeitsbereichen und Gewerken berücksichtigen,</LA></DD><DT>d)</DT><DD Font="normal"><LA Size="normal">berufsbezogene rechtliche Vorschriften und technische Normen sowie anerkannte Regeln der Technik anwenden, insbesondere Haftung bei der Fertigung, der Montage, der Instandhaltung und bei Dienstleistungen beurteilen,</LA></DD><DT>e)</DT><DD Font="normal"><LA Size="normal">auftragsbezogenen Einsatz von Material, Maschinen und Geräten bestimmen und Auswahl begründen,</LA></DD><DT>f)</DT><DD Font="normal"><LA Size="normal">Zeichnungen und Ablaufpläne für die Fertigung erstellen, bewerten und korrigieren,</LA></DD><DT>g)</DT><DD Font="normal"><LA Size="normal">Unteraufträge vergeben und deren Durchführung kontrollieren,</LA></DD><DT>h)</DT><DD Font="normal"><LA Size="normal">Konstruktions-, Verfahrens-, Fertigungs- und Oberflächentechniken sowie Beschläge auswählen, bewerten und Verwendungszwecken zuordnen,</LA></DD><DT>i)</DT><DD Font="normal"><LA Size="normal">Mengen und Zeiten ermitteln und berechnen, Vor- und Nachkalkulation durchführen,</LA></DD><DT>j)</DT><DD Font="normal"><LA Size="normal">Kennzeichnung, Verpackung, Lagerung und Transport von Erzeugnissen bestimmen und begründen;</LA></DD></DL></LA></DD><DT>4.</DT><DD Font="normal"><LA Size="normal">Betriebsführung und Betriebsorganisation<BR/></LA><LA Size="normal">Der Prüfling soll nachweisen, dass er in der Lage ist, Aufgaben der Betriebsführung und Betriebsorganisation unter Berücksichtigung der rechtlichen Vorschriften, auch unter Anwendung von Informations- und Kommunikationssystemen, wahrzunehmen. Bei der jeweiligen Aufgabenstellung sollen mehrere der unter den Buchstaben a bis h aufgeführten Qualifikationen verknüpft werden: <DL Font="normal" Type="alpha"><DT>a)</DT><DD Font="normal"><LA Size="normal">betriebliche Kosten ermitteln, dabei betriebswirtschaftliche Zusammenhänge berücksichtigen,</LA></DD><DT>b)</DT><DD Font="normal"><LA Size="normal">betriebliche Kostenstrukturen überprüfen; betriebliche Kennzahlen ermitteln,</LA></DD><DT>c)</DT><DD Font="normal"><LA Size="normal">Marketingmaßnahmen zur Kundenpflege und zur Gewinnung neuer Kunden vor dem Hintergrund technischer und wirtschaftlicher Entwicklungen sowie Konzepte für den Umgang mit Kunden erarbeiten; Präsentationskonzepte erstellen,</LA></DD><DT>d)</DT><DD Font="normal"><LA Size="normal">betriebliches Qualitätsmanagement planen und darstellen,</LA></DD><DT>e)</DT><DD Font="normal"><LA Size="normal">personalwirtschaftliche Aufgaben darstellen; den Zusammenhang zwischen Personalverwaltung sowie Personalführung und -entwicklung aufzeigen,</LA></DD><DT>f)</DT><DD Font="normal"><LA Size="normal">betriebsspezifische Maßnahmen zur Einhaltung der arbeitsschutzrechtlichen Bestimmungen und des Umweltschutzes entwickeln; Gefahrenpotenziale beurteilen und Maßnahmen zur Gefahrenvermeidung und -beseitigung festlegen,</LA></DD><DT>g)</DT><DD Font="normal"><LA Size="normal">Betriebs- und Lagerausstattung sowie logistische Prozesse planen und darstellen,</LA></DD><DT>h)</DT><DD Font="normal"><LA Size="normal">Chancen und Risiken betrieblicher Kooperation darstellen und beurteilen.</LA></DD></DL></LA></DD></DL></P><P>(3) Die Prüfung in Teil II ist schriftlich durchzuführen. Sie soll in jedem Handlungsfeld nicht länger als drei Stunden dauern. Eine Prüfungsdauer von sechs Stunden täglich darf nicht überschritten werden.</P><P>(4) Die Gesamtbewertung des Teils II wird aus dem arithmetischen Mittel der Einzelbewertungen der Handlungsfelder gemäß Absatz 2 gebildet.</P><P>(5) Wurden in höchstens zwei der in Absatz 2 genannten Handlungsfelder jeweils mindestens 30 und weniger als 50 Punkte erreicht, kann in einem dieser Handlungsfelder eine mündliche Ergänzungsprüfung durchgeführt werden, wenn diese das Bestehen des Teils II der Meisterprüfung ermöglicht.</P><P>(6) Mindestvoraussetzung für das Bestehen des Teils II der Meisterprüfung ist eine insgesamt ausreichende Prüfungsleistung. Die Prüfung des Teils II ist nicht bestanden, wenn <DL Type="arabic"><DT>1.</DT><DD Font="normal"><LA>ein Handlungsfeld mit weniger als 30 Punkten bewertet worden ist oder</LA></DD><DT>2.</DT><DD Font="normal"><LA>nach durchgeführter Ergänzungsprüfung zwei Handlungsfelder jeweils mit weniger als 50 Punkten bewertet worden sind.</LA></DD></DL></P></Content></text><fussnoten><Content><P>(+++ § 8 Abs. 5 u. 6: Zur Anwendung vgl. § 10 +++)</P></Content></fussnoten></textdaten></norm>
<norm builddate="20220201213019" doknr="BJNR082600008BJNE001002128"><metadaten><jurabk>TischlMstrV 2008</jurabk><jurabk>TischlMstrV</jurabk><enbez>§ 9</enbez><titel format="XML">Allgemeine Prüfungs- und Verfahrensregelungen, weitere Regelungen zur Meisterprüfung</titel></metadaten><textdaten><text format="XML"><Content><P>(1) Die Vorschriften der Meisterprüfungsverfahrensverordnung bleiben unberührt.</P><P>(2) Die Prüfung in den Teilen III und IV der Meisterprüfung bestimmt sich nach der Allgemeinen Meisterprüfungsverordnung vom 26. Oktober 2011 (BGBl. I S. 2149) in der jeweils geltenden Fassung.</P></Content></text><fussnoten/></textdaten></norm>
<norm builddate="20220201213019" doknr="BJNR082600008BJNE001101360"><metadaten><jurabk>TischlMstrV 2008</jurabk><jurabk>TischlMstrV</jurabk><enbez>§ 10</enbez><titel format="XML">Übergangsvorschrift</titel></metadaten><textdaten><text format="XML"><Content><P>Die Regelungen des § 8 Absatz 5 und 6 gelten nicht für die bis zum 31. Dezember 2011 begonnenen Prüfungsverfahren. Diese werden nach den bisherigen Vorschriften zu Ende geführt.</P></Content></text><fussnoten/></textdaten></norm>
<norm builddate="20220201213019" doknr="BJNR082600008BJNE001200000"><metadaten><jurabk>TischlMstrV 2008</jurabk><jurabk>TischlMstrV</jurabk><enbez>§ 11</enbez><titel format="XML">Inkrafttreten, Außerkrafttreten</titel></metadaten><textdaten><text format="XML"><Content><P>Diese Verordnung tritt am 1. Juli 2008 in Kraft.</P></Content></text><fussnoten/></textdaten></norm>
</dokumente>