<?xml version="1.0" encoding="UTF-8" ?><!DOCTYPE dokumente SYSTEM "http://www.gesetze-im-internet.de/dtd/1.01/gii-norm.dtd">
<dokumente builddate="20130405132010" doknr="BJNR202930970"><norm builddate="20130405132010" doknr="BJNR202930970"><metadaten><jurabk>WOGeistEigÜbkuaG</jurabk><ausfertigung-datum manuell="ja">1970-06-05</ausfertigung-datum><fundstelle typ="amtlich"><periodikum>BGBl II</periodikum><zitstelle>1970, 293</zitstelle></fundstelle><langue>Gesetz über die am 14. Juli 1967 in Stockholm unterzeichneten Übereinkünfte auf dem Gebiet des geistigen Eigentums</langue><standangabe checked="ja"><standtyp>Stand</standtyp><standkommentar>Geändert durch Art. 16 G v. 25.10.1994 I 3082</standkommentar></standangabe></metadaten><textdaten><fussnoten><Content><P>(+++ Textnachweis ab: 12.6.1970 +++)</P></Content></fussnoten></textdaten></norm>
<norm builddate="20130405132010" doknr="BJNR202930970BJNE000100307"><metadaten><jurabk>WOGeistEigÜbkuaG</jurabk><enbez>Art 1</enbez></metadaten><textdaten><text format="XML"><Content><P>Den folgenden von der Bundesrepublik Deutschland am 14. Juli 1967 in Stockholm unterzeichneten Übereinkünften wird zugestimmt: <DL Font="normal" Type="arabic"><DT>1.</DT><DD Font="normal"><LA Size="normal">dem Übereinkommen zur Errichtung der Weltorganisation für geistiges Eigentum,</LA></DD> <DT>2.</DT><DD Font="normal"><LA Size="normal">der Stockholmer Fassung der Berner Übereinkunft vom 9. September 1886 zum Schutz von Werken der Literatur und Kunst (bisherige Fassung: Bundesgesetzbl. 1965 II S. 1213) mit Ausnahme der Artikel 1 bis 21 und des Protokolls betreffend die Entwicklungsländer,</LA></DD> <DT>3.</DT><DD Font="normal"><LA Size="normal">der Stockholmer Fassung der Pariser Verbandsübereinkunft vom 20. März 1883 zum Schutz des gewerblichen Eigentums (bisherige Fassung: Bundesgesetzbl. 1961 II S. 273),</LA></DD> <DT>4.</DT><DD Font="normal"><LA Size="normal">der Stockholmer Fassung des Madrider Abkommens vom 14. April 1891 über die internationale Registrierung von Marken (bisherige Fassung: Bundesgesetzbl. 1962 II S. 125),</LA></DD> <DT>5.</DT><DD Font="normal"><LA Size="normal">der Stockholmer Fassung des Abkommens von Nizza vom 15. Juni 1957 über die internationale Klassifikation von Waren und Dienstleistungen für die Eintragung von Marken (bisherige Fassung: Bundesgesetzbl. 1964 II S. 1217),</LA></DD> <DT>6.</DT><DD Font="normal"><LA Size="normal">der Stockholmer Zusatzvereinbarung zum Madrider Abkommen vom 14. April 1891 über die Unterdrückung falscher oder irreführender Herkunftsangaben auf Waren (Bundesgesetzbl. 1961 II S. 273, 293),</LA></DD> <DT>7.</DT><DD Font="normal"><LA Size="normal">der Stockholmer Ergänzungsvereinbarung zum Haager Abkommen vom 6. November 1925 über die internationale Hinterlegung gewerblicher Muster und Modelle (Reichsgesetzbl. 1937 II S. 583, 617).</LA></DD> </DL>Die Übereinkünfte werden nachstehend veröffentlicht.</P></Content></text></textdaten></norm>
<norm builddate="20130405132010" doknr="BJNR202930970BJNE000300307"><metadaten><jurabk>WOGeistEigÜbkuaG</jurabk><enbez>Art 2</enbez></metadaten><textdaten><text format="XML"><Content><P>Änderungen der Ausführungsordnung und Festsetzungen der Höhe von Gebühren, die die Versammlung des Verbandes für die internationale Registrierung von Marken gemäß Artikel 10 Abs. 2 Buchstabe a Ziffer iii der Stockholmer Fassung des Madrider Abkommens vom 14. April 1891 über die internationale Registrierung von Marken beschließt, sind im Bundesgesetzblatt bekanntzumachen.</P></Content></text><fussnoten/></textdaten></norm>
<norm builddate="20130405132010" doknr="BJNR202930970BJNE000400307"><metadaten><jurabk>WOGeistEigÜbkuaG</jurabk><enbez>Art 3</enbez></metadaten><textdaten><text format="XML"><Content><P>(1) Dieses Gesetz tritt am Tage nach seiner Verkündung in Kraft.</P><P>(2) Der Tag, an dem <DL Font="normal" Type="arabic"><DT>1.</DT><DD Font="normal"><LA Size="normal">das Übereinkommen zur Errichtung der Weltorganisation für geistiges Eigentum nach seinem Artikel 15,</LA></DD> <DT>2.</DT><DD Font="normal"><LA Size="normal">die Stockholmer Fassung der Berner Übereinkunft vom 9. September 1886 zum Schutz von Werken der Literatur und Kunst mit Ausnahme der Artikel 1 bis 21 und des Protokolls betreffend die Entwicklungsländer nach ihrem Artikel 28,</LA></DD> <DT>3.</DT><DD Font="normal"><LA Size="normal">die Stockholmer Fassung der Pariser Verbandsübereinkunft vom 20. März 1883 zum Schutz des gewerblichen Eigentums nach ihrem Artikel 21,</LA></DD> <DT>4.</DT><DD Font="normal"><LA Size="normal">die Stockholmer Fassung des Madrider Abkommens vom 14. April 1891 über die internationale Registrierung von Marken nach ihrem Artikel 15,</LA></DD> <DT>5.</DT><DD Font="normal"><LA Size="normal">die Stockholmer Fassung des Abkommens von Nizza vom 15. Juni 1957 über die internationale Klassifikation von Waren und Dienstleistungen für die Eintragung von Marken nach ihrem Artikel 9,</LA></DD> <DT>6.</DT><DD Font="normal"><LA Size="normal">die Stockholmer Zusatzvereinbarung zum Madrider Abkommen vom 14. April 1891 über die Unterdrückung falscher oder irreführender Herkunftsangaben auf Waren nach ihrem Artikel 5,</LA></DD> <DT>7.</DT><DD Font="normal"><LA Size="normal">die Stockholmer Ergänzungsvereinbarung zum Haager Abkommen vom 6. November 1925 über die internationale Hinterlegung gewerblicher Muster und Modelle nach ihrem Artikel 9</LA></DD> </DL>für die Bundesrepublik Deutschland in Kraft treten, ist im Bundesgesetzblatt bekanntzugeben.</P></Content> </text></textdaten></norm>
</dokumente>