<?xml version="1.0" encoding="UTF-8" ?><!DOCTYPE dokumente SYSTEM "http://www.gesetze-im-internet.de/dtd/1.01/gii-norm.dtd">
<dokumente builddate="20120625150709" doknr="BJNR219400969"><norm builddate="20120625150709" doknr="BJNR219400969"><metadaten><jurabk>EuRFVerhÜbk</jurabk><ausfertigung-datum manuell="ja">1965-01-22</ausfertigung-datum><fundstelle typ="amtlich"><periodikum>BGBl II</periodikum><zitstelle>1969, 1940</zitstelle></fundstelle><langue>Europäisches Übereinkommen zur Verhütung von Rundfunksendungen, die von
Sendestellen außerhalb der staatlichen Hoheitsgebiete gesendet werden</langue></metadaten><textdaten><text format="decorated"/><fussnoten><Content><P>G v. 26.9.1969 II 1939 <BR/>Inkraft gem. Bek. v. 24.4.1970 II 258 mWv 28.2.1970</P></Content></fussnoten></textdaten></norm>
</dokumente>