<?xml version="1.0" encoding="UTF-8" ?><!DOCTYPE dokumente SYSTEM "http://www.gesetze-im-internet.de/dtd/1.01/gii-norm.dtd">
<dokumente builddate="20211011213058" doknr="BJNR463000021"><norm builddate="20211011213058" doknr="BJNR463000021"><metadaten><jurabk>Münz25EuroBek 2021-09-15</jurabk><ausfertigung-datum manuell="ja">2021-09-15</ausfertigung-datum><fundstelle typ="amtlich"><periodikum>BGBl I</periodikum><zitstelle>2021, 4630</zitstelle></fundstelle><langue>Bekanntmachung über die Ausprägung von deutschen Euro-Gedenkmünzen im Nennwert von 25 Euro (Gedenkmünze „Weihnachten – Geburt Christi“)</langue></metadaten><textdaten><fussnoten><Content><P><BR/> <pre xml:space="preserve">(+++ Textnachweis ab: 11.10.2021 +++)<BR/><BR/></pre></P></Content></fussnoten></textdaten></norm>
<norm builddate="20211011213058" doknr="BJNR463000021BJNE000100000"><metadaten><jurabk>Münz25EuroBek 2021-09-15</jurabk><enbez>(XXXX)</enbez></metadaten><textdaten><text format="XML"><Content><P>Gemäß den §§ 2, 4 und 5 des Münzgesetzes vom 16. Dezember 1999 (BGBl. I S. 2402) hat die Bundesregierung beschlossen, zum Thema „Weihnachten – Geburt Christi“ eine deutsche Euro-Gedenkmünze im Nennwert von 25 Euro prägen zu lassen. Die Münze ist einem der wichtigsten Feste der Christenheit gewidmet.</P><P>Die Auflage der Münze beträgt ca. 1,2 Millionen Stück, davon ca. 0,2 Millionen Stück in Spiegelglanzqualität. Die Prägung erfolgt durch die Hamburgische Münze (Prägezeichen J).</P><P>Die Münze wird ab dem 18. November 2021 in den Verkehr gebracht. Sie besteht aus Feinsilber (Ag 999), hat einen Durchmesser von 30 Millimetern und eine Masse von 22 Gramm. Die Münze wird, erstmals in der Geschichte der Bundesrepublik Deutschland, als Tellerprägung (hier: konkave Wölbung der Bildseite) hergestellt.</P><P>Im Zentrum der Bildseite steht das Motiv der Heiligen Familie. Die Lebendigkeit der Familienkomposition strahlt auf das gesamte Münzbild aus. Der Reichtum des Heilsgeschehens findet sich in den verschiedenen Motiven im Randbereich, gekrönt durch den Stern von Bethlehem, wieder.</P><P>Die Wertseite zeigt einen Adler, den Schriftzug „BUNDESREPUBLIK DEUTSCHLAND“, Wertziffer und Wertbezeichnung, das Prägezeichen „J“ der Hamburgischen Münze, die Jahreszahl 2021 sowie die zwölf Europasterne.</P><P>Der Münzrand wird glatt und ohne Struktur ausgeführt.</P><P>Der Entwurf der Münze stammt von der Künstlerin Adelheid Fuss aus Potsdam.</P></Content></text></textdaten></norm>
<norm builddate="20211011213058" doknr="BJNR463000021BJNE000200000"><metadaten><jurabk>Münz25EuroBek 2021-09-15</jurabk><enbez>Schlussformel</enbez></metadaten><textdaten><text format="XML"><Content><P><SP>Der Bundesminister der Finanzen</SP></P></Content></text></textdaten></norm>
<norm builddate="20211011213058" doknr="BJNR463000021BJNE000300000"><metadaten><jurabk>Münz25EuroBek 2021-09-15</jurabk><enbez>(XXXX)</enbez></metadaten><textdaten><text format="XML"><Content><P><noindex><kommentar typ="Fundstelle">(Fundstelle: BGBl. I 2021, 4630)</kommentar></noindex></P><table frame="none" pgwide="1" tocentry="%yes;"><tgroup align="left" char="" charoff="50" cols="2"><colspec colname="col1" colwidth="1.00*"/><colspec colname="col2" colwidth="1.00*"/><tbody valign="top"><row><entry VJ="1" align="center" colname="col1" colsep="0"><IMG Align="center" Height="207" Pos="inline" SRC="bgbl1_2021_j4630-1_0010.jpg" Type="jpg" Units="72" Width="213" alt=""/></entry><entry VJ="1" align="center" colname="col2"><IMG Align="center" Height="207" Pos="inline" SRC="bgbl1_2021_j4630-1_0020.jpg" Type="jpg" Units="72" Width="213" alt=""/></entry></row></tbody></tgroup></table></Content></text></textdaten></norm>
</dokumente>