<?xml version="1.0" encoding="UTF-8" ?><!DOCTYPE dokumente SYSTEM "http://www.gesetze-im-internet.de/dtd/1.01/gii-norm.dtd">
<dokumente builddate="20200916213508" doknr="BJNR205380985"><norm builddate="20200916213508" doknr="BJNR205380985"><metadaten><jurabk>DSÜbkG</jurabk><ausfertigung-datum manuell="ja">1985-03-13</ausfertigung-datum><fundstelle typ="amtlich"><periodikum>BGBl II</periodikum><zitstelle>1985, 538</zitstelle></fundstelle><langue>Gesetz zu dem Übereinkommen vom 28. Januar 1981 zum Schutz des Menschen
bei der automatischen Verarbeitung personenbezogener Daten</langue><standangabe checked="ja"><standtyp>Stand</standtyp><standkommentar>Geändert durch Art. 70 V v. 19.6.2020 I 1328</standkommentar></standangabe></metadaten><textdaten><text format="XML"><Content><P/></Content></text><fussnoten><Content><P>(+++ Textnachweis ab: 20. 3.1985 +++)</P></Content></fussnoten></textdaten></norm>
<norm builddate="20200916213508" doknr="BJNR205380985BJNE000100308"><metadaten><jurabk>DSÜbkG</jurabk><enbez>Eingangsformel</enbez></metadaten><textdaten><text format="XML"><Content><P>Der Bundestag hat mit Zustimmung des Bundesrates das folgende Gesetz beschlossen:</P></Content></text></textdaten></norm>
<norm builddate="20200916213508" doknr="BJNR205380985BJNE000200308"><metadaten><jurabk>DSÜbkG</jurabk><enbez>Art 1</enbez></metadaten><textdaten><text format="XML"><Content><P>-</P></Content></text><fussnoten/></textdaten></norm>
<norm builddate="20200916213508" doknr="BJNR205380985BJNE000301116"><metadaten><jurabk>DSÜbkG</jurabk><enbez>Art 2</enbez></metadaten><textdaten><text format="XML"><Content><P>Die Aufgaben der von jeder Vertragspartei zum Zwecke der gegenseitigen Hilfeleistung nach Artikel 13 Abs. 2 Buchstabe a des Übereinkommens zu bezeichnenden Behörden nehmen für den Bereich des Bundes der Bundesminister des Innern, für Bau und Heimat und für den Bereich der Länder die von den Landesregierungen bezeichneten Stellen wahr.</P></Content></text><fussnoten/></textdaten></norm>
<norm builddate="20200916213508" doknr="BJNR205380985BJNE000400308"><metadaten><jurabk>DSÜbkG</jurabk><enbez>Art 3</enbez></metadaten><textdaten><text format="XML"><Content><P>Dieses Gesetz gilt auch im Land Berlin, sofern das Land Berlin die Anwendung dieses Gesetzes feststellt.</P></Content></text></textdaten></norm>
<norm builddate="20200916213508" doknr="BJNR205380985BJNE000500308"><metadaten><jurabk>DSÜbkG</jurabk><enbez>Art 4</enbez></metadaten><textdaten><text format="XML"><Content><P>(1) Dieses Gesetz tritt am Tage nach seiner Verkündung in Kraft.</P><P>(2)</P></Content> </text><fussnoten/></textdaten></norm>
</dokumente>