<?xml version="1.0" encoding="UTF-8" ?><!DOCTYPE dokumente SYSTEM "http://www.gesetze-im-internet.de/dtd/1.01/gii-norm.dtd">
<dokumente builddate="20160503215514" doknr="BJNR075000016"><norm builddate="20160503215514" doknr="BJNR075000016"><metadaten><jurabk>Münz2EuroBek 2016-04-04/1</jurabk><ausfertigung-datum manuell="ja">2016-04-04</ausfertigung-datum><fundstelle typ="amtlich"><periodikum>BGBl I</periodikum><zitstelle>2016, 750</zitstelle></fundstelle><langue>Bekanntmachung über die Ausprägung von deutschen Euro-Gedenkmünzen im Nennwert von 2 Euro (Gedenkmünze „30 Jahre Europaflagge“)</langue></metadaten><textdaten><fussnoten><Content><P><BR/> <pre xml:space="preserve">(+++ Textnachweis ab: 18.4.2016 +++)<BR/><BR/></pre></P></Content></fussnoten></textdaten></norm>
<norm builddate="20160503215514" doknr="BJNR075000016BJNE000100000"><metadaten><jurabk>Münz2EuroBek 2016-04-04/1</jurabk><enbez>(XXXX)</enbez></metadaten><textdaten><text format="XML"><Content><P>Auf Initiative der Europäischen Kommission geben die Mitgliedstaaten der Euro-Zone im zweiten Halbjahr 2015 zur Würdigung des 30-jährigen Bestehens der Europaflagge eine motivgleiche 2-Euro-Gedenkmünze heraus. Gemäß den §§ 2, 4 und 5 des Münzgesetzes vom 16. Dezember 1999 (BGBl. I S. 2402) hat die Bundesregierung vor diesem Hintergrund beschlossen, eine 2-Euro-Gedenkmünze „30 Jahre Europaflagge“ prägen zu lassen.</P><P>Die Münze wird ab dem 5. November 2015 in den Verkehr gebracht.</P><P>Die nationale Seite der Münze unterscheidet sich in den einzelnen Euro-Mitgliedstaaten nur durch den Namen des Ausgabelandes sowie die nationalen Münzzeichen.</P><P>Das Motiv der Bildseite wurde entsprechend dem von der Europäischen Kommission vorgeschlagenen Verfahren von den Bürgerinnen und Bürgern der Europäischen Union im Ergebnis einer Internet-Abstimmung als Sieger aus fünf Vorschlägen gewählt. Es wurde von dem griechischen Bildhauer Georgios Stamatopoulos entworfen und zeigt zwölf Sterne, die die Gestalt von Menschen annehmen und die Geburt eines neuen Europa begrüßen.</P><P>Die Wertseite der Münze, die Randschrift (Schriftzug „EINIGKEIT UND RECHT UND FREIHEIT“ sowie eine stilisierte Darstellung des Bundesadlers) und die technischen Parameter entsprechen der 2-Euro-Umlaufmünze.</P><P>Die Prägung der 2-Euro-Gedenkmünze erfolgt durch die fünf deutschen Münzstätten. Die für den Umlauf bestimmte Auflage beträgt 30 Millionen Stück. Daneben werden 125 000 Stück in der höherwertigen Prägequalität Spiegelglanz für Sammlerzwecke produziert.</P></Content></text></textdaten></norm>
<norm builddate="20160503215514" doknr="BJNR075000016BJNE000200000"><metadaten><jurabk>Münz2EuroBek 2016-04-04/1</jurabk><enbez>Schlussformel</enbez></metadaten><textdaten><text format="XML"><Content><P><SP>Der Bundesminister der Finanzen</SP></P></Content></text></textdaten></norm>
<norm builddate="20160503215514" doknr="BJNR075000016BJNE000300000"><metadaten><jurabk>Münz2EuroBek 2016-04-04/1</jurabk><enbez>(XXXX)</enbez></metadaten><textdaten><text format="XML"><Content><P><noindex><kommentar typ="Fundstelle">(Fundstelle: BGBl. I 2016, 750)</kommentar></noindex></P><BR/><BR/><table frame="none" tocentry="%yes;"><tgroup align="left" char="" charoff="50" cols="2"><colspec align="center" colname="col1" colsep="0" colwidth="2*"/><colspec align="center" colname="col2" colwidth="2*"/><tbody valign="top"><row><entry VJ="1" colname="col1"><IMG Align="center" Height="858" Pos="inline" SRC="bgbl1_2016_j0750-1_0010.jpg" Type="TIF" Units="300" Width="887" alt=""/></entry><entry VJ="1" colname="col2"><IMG Align="center" Height="854" Pos="inline" SRC="bgbl1_2016_j0750-1_0020.jpg" Type="TIF" Units="300" Width="883" alt=""/></entry></row></tbody></tgroup></table></Content></text></textdaten></norm>
</dokumente>