<?xml version="1.0" encoding="UTF-8" ?><!DOCTYPE dokumente SYSTEM "http://www.gesetze-im-internet.de/dtd/1.01/gii-norm.dtd">
<dokumente builddate="20250228223002" doknr="BJNR000790965"><norm builddate="20250228223002" doknr="BJNR000790965"><metadaten><jurabk>NSVerbG</jurabk><ausfertigung-datum manuell="ja">1965-03-17</ausfertigung-datum><fundstelle typ="amtlich"><periodikum>BGBl I</periodikum><zitstelle>1965, 79</zitstelle></fundstelle><langue>Gesetz zur Regelung der Verbindlichkeiten nationalsozialistischer Einrichtungen und der Rechtsverhältnisse an deren Vermögen</langue><standangabe checked="ja"><standtyp>Stand</standtyp><standkommentar>Zuletzt geändert durch Art. 2 Abs. 17 G v. 12.8.2005 I 2354</standkommentar></standangabe></metadaten><textdaten><fussnoten><Content><P>(+++ Textnachweis Geltung ab:  1. 4.1970 +++)</P><P><BR/> Das G gilt nicht in dem in Art. 3 des Einigungsvertrages genannten Gebiet gem. Anl. I Kap. IV Sachg. A Abschn. I Nr. 13 EinigVtr v. 31.8.1990 iVm Art. 1 G v. 23.9.1990 II 885, 964</P></Content></fussnoten></textdaten></norm>
<norm builddate="20250228223002" doknr="BJNR000790965BJNG000100312"><metadaten><jurabk>NSVerbG</jurabk><gliederungseinheit><gliederungskennzahl>010</gliederungskennzahl><gliederungsbez>Erster Teil</gliederungsbez><gliederungstitel>Ansprüche gegen die Nationalsozialistische
Deutsche Arbeiterpartei (NSDAP) und ihre Einrichtungen</gliederungstitel></gliederungseinheit></metadaten><textdaten><text format="XML"><Content><P/></Content></text></textdaten></norm>
<norm builddate="20250228223002" doknr="BJNR000790965BJNG000200312"><metadaten><jurabk>NSVerbG</jurabk><gliederungseinheit><gliederungskennzahl>010010</gliederungskennzahl><gliederungsbez>Erster Abschnitt</gliederungsbez><gliederungstitel>Allgemeine Vorschriften</gliederungstitel></gliederungseinheit></metadaten><textdaten><text format="XML"><Content><P/></Content></text></textdaten></norm>
<norm builddate="20250228223002" doknr="BJNR000790965BJNE000700312"><metadaten><jurabk>NSVerbG</jurabk><enbez>§ 1</enbez><titel format="parat">Dem Gesetz unterliegende Ansprüche</titel></metadaten><textdaten><text format="XML"><Content><P>Diesem Gesetz unterliegen die in § 3 Abs. 1 Nr. 4 des Allgemeinen Kriegsfolgengesetzes vom 5. November 1957 (Bundesgesetzbl. I S. 1747) einer gesetzlichen Regelung vorbehaltenen Ansprüche gegen nationalsozialistische Einrichtungen. Nationalsozialistische Einrichtungen im Sinne dieses Gesetzes sind <DL Font="normal" Type="arabic"><DT>1.</DT><DD Font="normal"><LA Size="normal">die ehemalige Nationalsozialistische Deutsche Arbeiterpartei (NSDAP), ihre Gliederungen, angeschlossenen Verbände und die übrigen Einrichtungen, die im Anhang zum Gesetz Nr. 2 des Kontrollrats aufgeführt sind,</LA></DD> <DT>2.</DT><DD Font="normal"><LA Size="normal">sonstige Einrichtungen, deren Vermögen, falls es im Bereich nur einer zur Übertragung von Vermögen auf Grund der Direktive Nr. 50 des Kontrollrats befugten Dienststelle (Übertragungsbehörde) im Geltungsbereich dieses Gesetzes belegen war, von dieser, falls es im Bereich mehrerer Übertragungsbehörden belegen war, von diesen sämtlichen Übertragungsbehörden einheitlich als Vermögen einer nationalsozialistischen Einrichtung behandelt worden ist.</LA></DD> </DL></P></Content></text></textdaten></norm>
<norm builddate="20250228223002" doknr="BJNR000790965BJNE000800312"><metadaten><jurabk>NSVerbG</jurabk><enbez>§ 2</enbez><titel format="parat">Auflösung</titel></metadaten><textdaten><text format="XML"><Content><P>Die Einrichtungen (§ 1) sind aufgelöst.</P></Content></text></textdaten></norm>
<norm builddate="20250228223002" doknr="BJNR000790965BJNE000900312"><metadaten><jurabk>NSVerbG</jurabk><enbez>§ 3</enbez><titel format="parat">Dem Gesetz nicht unterliegende Ansprüche</titel></metadaten><textdaten><text format="XML"><Content><P>(1) Dieses Gesetz ist nicht anzuwenden auf Ansprüche (§ 1), die in Gesetzen der Bundesrepublik Deutschland, ihrer Länder, der Verwaltung des Vereinigten Wirtschaftsgebietes oder in Gesetzen der Besatzungsmächte geregelt sind. Dies gilt insbesondere für Ansprüche, die im Bereich <DL Font="normal" Type="arabic"><DT>1.</DT><DD Font="normal"><LA Size="normal">der Geheimen Staatspolizei (Gestapo),</LA></DD> <DT>2.</DT><DD Font="normal"><LA Size="normal">der Waffen-SS,</LA></DD> <DT>3.</DT><DD Font="normal"><LA Size="normal">des Reichsarbeitsdienstes (RAD),</LA></DD> <DT>4.</DT><DD Font="normal"><LA Size="normal">der Organisation Todt (OT)</LA></DD> </DL>entstanden sind.</P><P>(2) Diesem Gesetz unterliegen vorbehaltlich des § 27 nicht Ansprüche, die sich auf Grund besatzungsrechtlicher Vorschriften oder Maßnahmen gegen denjenigen richten, der Vermögen einer Einrichtung (§ 1) gemäß der Direktive Nr. 50 des Kontrollrats erworben hat. Auf einem Vermögensgegenstand ruhende Ansprüche im Sinne von Artikel V Abs. 5 dieser Direktive sind nur folgende Ansprüche: <DL Font="normal" Type="arabic"><DT>1.</DT><DD Font="normal"><LA Size="normal">Ansprüche aus einem Recht an einem Grundstück, die durch dieses Recht gesicherten Ansprüche sowie Ansprüche aus einer öffentlichen Last des Grundstücks,</LA></DD> <DT>2.</DT><DD Font="normal"><LA Size="normal">Ansprüche aus der Nachkriegszeit (§ 5), die in einem rechtlichen oder wirtschaftlichen Zusammenhang mit einem Grundstück stehen,</LA></DD> <DT>3.</DT><DD Font="normal"><LA Size="normal">Ansprüche auf Zahlung eines Kaufpreises, einer Enteignungsentschädigung oder eines sonstigen Entgelts für ein Grundstück,</LA></DD> <DT>4.</DT><DD Font="normal"><LA Size="normal">Ansprüche auf Ersatz von Verwendungen auf das Grundstück, soweit dessen Wert dadurch erhöht worden ist.</LA></DD> </DL></P></Content> </text></textdaten></norm>
<norm builddate="20250228223002" doknr="BJNR000790965BJNE001000312"><metadaten><jurabk>NSVerbG</jurabk><enbez>§ 4</enbez><titel format="parat">Erlöschen von Ansprüchen</titel></metadaten><textdaten><text format="XML"><Content><P>Ansprüche (§ 1) erlöschen, soweit dieses Gesetz nichts anderes bestimmt. Ansprüche, die durch Rechte an Sachen oder an Rechten gesichert sind, gelten jedoch für diese Rechte als fortbestehend.</P></Content></text></textdaten></norm>
<norm builddate="20250228223002" doknr="BJNR000790965BJNG000300312"><metadaten><jurabk>NSVerbG</jurabk><gliederungseinheit><gliederungskennzahl>010020</gliederungskennzahl><gliederungsbez>Zweiter Abschnitt</gliederungsbez><gliederungstitel>Zu erfüllende Ansprüche</gliederungstitel></gliederungseinheit></metadaten><textdaten><text format="XML"><Content><P/></Content></text></textdaten></norm>
<norm builddate="20250228223002" doknr="BJNR000790965BJNE001100312"><metadaten><jurabk>NSVerbG</jurabk><enbez>§ 5</enbez><titel format="parat">Ansprüche aus der Nachkriegszeit</titel></metadaten><textdaten><text format="XML"><Content><P>Zu erfüllen sind <DL Font="normal" Type="arabic"><DT>1.</DT><DD Font="normal"><LA Size="normal">Ansprüche (§ 1), die nach dem 31. Juli 1945 durch Rechtsgeschäft begründet worden sind;</LA></DD> <DT>2.</DT><DD Font="normal"><LA Size="normal">Ansprüche (§ 1), die im Zusammenhang mit der Verwaltung im Geltungsbereich dieses Gesetzes belegenen Vermögens der in § 1 bezeichneten Einrichtungen kraft Gesetzes auf Grund einer nach dem 31. Juli 1945 begangenen Handlung oder Unterlassung entstanden sind;</LA></DD> <DT>3.</DT><DD Font="normal"><LA Size="normal">die nach dem 31. Juli 1945 entstandenen Ansprüche (§ 1) auf Zahlung einer Enteignungsentschädigung für im Geltungsbereich dieses Gesetzes belegene Grundstücke und grundstücksgleiche Rechte.</LA></DD> </DL></P></Content></text></textdaten></norm>
<norm builddate="20250228223002" doknr="BJNR000790965BJNE001200312"><metadaten><jurabk>NSVerbG</jurabk><enbez>§ 6</enbez><titel format="parat">Schadensersatzansprüche</titel></metadaten><textdaten><text format="XML"><Content><P>(1) Zu erfüllen sind <DL Font="normal" Type="arabic"><DT>1.</DT><DD Font="normal"><LA Size="normal">Ansprüche (§ 1) auf Zahlung von Renten, die auf einer Verletzung des Lebens, des Körpers, der Gesundheit oder der Freiheit beruhen, sowie Ansprüche aus der Kapitalisierung derartiger Renten, soweit Leistungen aus diesen Ansprüchen für die Zeit nach dem 31. Dezember 1960 geschuldet werden. Bei Rentenansprüchen, die auf Grund oder in sinngemäßer Anwendung des Gesetzes über den Ausgleich bürgerlich-rechtlicher Ansprüche vom 13. Dezember 1934 (Reichsgesetzbl. I S. 1235) zuerkannt worden sind, gilt dies mit der Maßgabe, daß sie in der Höhe zu erfüllen sind, in der sie nach den Vorschriften des bürgerlichen Rechts begründet wären;</LA></DD> <DT>2.</DT><DD Font="normal"><LA Size="normal">Ansprüche (§ 1), die auf einer Verletzung des Lebens, des Körpers, der Gesundheit oder der Freiheit beruhen und nicht auf Zahlung von Renten gerichtet sind, jedoch nicht über den Betrag der Leistungen hinaus, die das Bundesentschädigungsgesetz für Schäden dieser Art vorsieht,</LA></DD> </DL>sofern nicht wegen des Schadens Ansprüche entstanden sind, die bereits der Regelung des § 5 Abs. 1 des Allgemeinen Kriegsfolgengesetzes unterliegen.</P><P>(2) Absatz 1 ist nicht anzuwenden auf Ansprüche, die unmittelbar oder mittelbar auf nationalsozialistischen Gewaltmaßnahmen im Sinne des § 2 des Bundesentschädigungsgesetzes beruhen, oder auf Ansprüche zugunsten von Personen, die unter der nationalsozialistischen Gewaltherrschaft aus Gründen ihrer Nationalität geschädigt worden sind, sowie auf Ansprüche zugunsten der Hinterbliebenen dieser Personen.</P><P>(3) Absatz 1 ist ferner nicht anzuwenden, wenn die Verletzung bei der Vorbereitung oder Ausführung einer nationalsozialistischen Gewaltmaßnahme, an der sich der Verletzte beteiligt hatte, oder unmittelbar danach entstanden war.</P></Content>  </text></textdaten></norm>
<norm builddate="20250228223002" doknr="BJNR000790965BJNE001300312"><metadaten><jurabk>NSVerbG</jurabk><enbez>§ 7</enbez><titel format="parat">Versorgungsansprüche</titel></metadaten><textdaten><text format="XML"><Content><P>(1) Zu erfüllen sind Ansprüche (§ 1) auf Zahlung von Renten, die der Versorgung der Berechtigten dienen, soweit die Leistungen aus diesen Ansprüchen für die Zeit nach dem 31. Dezember 1960 geschuldet werden, wenn der Verpflichtete im Zeitpunkt der Begründung des Anspruchs keine nationalsozialistische Einrichtung im Sinne des Artikels I des Gesetzes Nr. 2 des Kontrollrats war.</P><P>(2) Der nach Absatz 1 zu erfüllende Anspruch wird jedoch begrenzt auf einen Betrag von 15 Deutsche Mark monatlich beim ursprünglich Berechtigten und von 10 Deutsche Mark monatlich bei Hinterbliebenen, vervielfacht mit der Zahl der Beschäftigungs- oder Dienstjahre. Dabei bleiben Zeiten, die einer anderen, mit Rücksicht auf ein Arbeits- oder Dienstverhältnis zustehenden Altersversorgung zugrunde zu legen sind, sowie Beschäftigungszeiten nach dem 8. Mai 1945 außer Betracht. Ergibt sich bei der Zusammenrechnung der Beschäftigungs- oder Dienstjahre der Bruchteil eines Jahres, so wird der Bruchteil auf ein volles Jahr aufgerundet.</P><P>(3) Auf die Leistungen nach Absatz 1 sind Leistungen aus einer nach dem 8. Mai 1945 begründeten Altersversorgung, die auf einem Arbeits- oder Dienstverhältnis beruht, anzurechnen, soweit sie 250 Deutsche Mark im Monat übersteigen.</P></Content>  </text></textdaten></norm>
<norm builddate="20250228223002" doknr="BJNR000790965BJNE001400312"><metadaten><jurabk>NSVerbG</jurabk><enbez>§ 8</enbez><titel format="parat">Ausgeschlossene Gläubigergruppen</titel></metadaten><textdaten><text format="XML"><Content><P>(1) Die §§ 6 und 7 finden keine Anwendung auf Ansprüche (§ 1) von Personen, die <DL Font="normal" Type="arabic"><DT>1.</DT><DD Font="normal"><LA Size="normal">nach dem 8. Mai 1945 durch ein deutsches Gericht im Geltungsbereich dieses Gesetzes zu einer Freiheitsstrafe von mehr als einem Jahr oder wegen einer vorsätzlichen Tat, die nach den Vorschriften über Friedensverrat, Hochverrat, Gefährdung des demokratischen Rechtsstaates oder Landesverrat und Gefährdung der äußeren Sicherheit strafbar ist, zu einer Freiheitsstrafe von sechs Monaten oder längerer Dauer verurteilt worden sind, oder</LA></DD> <DT>2.</DT><DD Font="normal"><LA Size="normal">durch ihr Verhalten gegen die Grundsätze der Menschlichkeit oder Rechtsstaatlichkeit verstoßen haben, oder</LA></DD> <DT>3.</DT><DD Font="normal"><LA Size="normal">sich gegen die freiheitliche demokratische Grundordnung im Sinne des Grundgesetzes betätigt haben,</LA></DD> </DL>sowie von Rechtsnachfolgern und Hinterbliebenen dieser Personen.</P><P>(2) § 7 findet ferner keine Anwendung, wenn und soweit die Erfüllung des Anspruchs (§ 1) nur wegen der engen Verbindung des Gläubigers zum Nationalsozialismus von einer Einrichtung (§ 1) übernommen worden ist.</P></Content> </text><fussnoten/></textdaten></norm>
<norm builddate="20250228223002" doknr="BJNR000790965BJNE001501301"><metadaten><jurabk>NSVerbG</jurabk><enbez>§ 9</enbez><titel format="parat">Wohnsitzvoraussetzungen</titel></metadaten><textdaten><text format="XML"><Content><P>(1) Ansprüche der in den §§ 6 und 7 bezeichneten Art sind nur unter der Voraussetzungen zu erfüllen, daß sie am 31. Dezember 1952 oder, falls sie später entstanden sind oder entstehen, im Zeitpunkt ihrer Entstehung zugestanden haben oder zustehen <DL Font="normal" Type="arabic"><DT>1.</DT><DD Font="normal"><LA Size="normal">natürlichen Personen, die am 31. Dezember 1952 ihren Wohnsitz oder ständigen Aufenthalt im Geltungsbereich dieses Gesetzes oder in einem Staat hatten, der die Regierung der Bundesrepublik Deutschland vor dem 1. April 1956 anerkannt hat;</LA></DD> <DT>2.</DT><DD Font="normal"><LA Size="normal">natürlichen Personen, die am 31. Dezember 1952 Angehörige eines Gläubigerstaates waren, dem gegenüber das Abkommen vom 27. Februar 1953 über deutsche Auslandsschulden (Bundesgesetzblatt II S. 331) wirksam ist oder wird;</LA></DD> <DT>3.</DT><DD Font="normal"><LA Size="normal">natürlichen Personen, die nach dem 31. Dezember 1952 aus der sowjetischen Besatzungszone oder aus dem sowjetisch besetzten Sektor von Berlin im Wege der Notaufnahme oder eines vergleichbaren Verfahrens zugezogen sind und am 31. Dezember 1961 ihren Wohnsitz oder ständigen Aufenthalt im Geltungsbereich dieses Gesetzes gehabt haben;</LA></DD> <DT>4.</DT><DD Font="normal"><LA Size="normal">natürlichen Personen, die nach dem 31. Dezember 1952 ihren Wohnsitz oder ständigen Aufenthalt im Geltungsbereich dieses Gesetzes genommen haben oder nehmen, sofern sie<DL Font="normal" Type="arabic"><DT>a)</DT><DD Font="normal"><LA Size="normal">anerkannte Vertriebene nach § 1 des Bundesvertriebenengesetzes sind und nicht mehr als sechs Monate vorher die zur Zeit unter fremder Verwaltung stehenden deutschen Ostgebiete oder das Gebiet desjenigen Staates, aus dem sie vertrieben oder ausgesiedelt worden sind, verlassen haben; hierbei werden solche Zeiten nicht mitgerechnet, in denen ein Vertriebener nach Verlassen eines der in § 1 Abs. 2 Nr. 3 des Bundesvertriebenengesetzes bezeichneten Staaten, aus dem er vertrieben oder ausgesiedelt worden ist, in einem anderen der dort bezeichneten Staaten sich aufgehalten hat, ferner nicht solche Zeiten, in denen er oder ein mit ihm ausgesiedelter Familienangehöriger im Anschluß an die Aussiedlung erkrankt und infolgedessen zur Fortsetzung der Reise außerstande war, sowie solche Zeiten, in denen er oder ein mit ihm ausgesiedelter Familienangehöriger in der sowjetischen Besatzungszone oder im sowjetisch besetzten Sektor von Berlin aus Gründen, die er nicht zu vertreten hat, gewaltsam festgehalten worden ist; oder</LA></DD> </DL></LA><LA Size="normal">b)<DL Font="normal" Type="arabic"><DT>c)</DT><DD Font="normal"><LA Size="normal">anerkannte Sowjetzonenflüchtlinge nach § 3 des Bundesvertriebenengesetzes sind, oder</LA></DD> <DT>d)</DT><DD Font="normal"><LA Size="normal">im Wege der Familienzusammenführung zu ihren Ehegatten oder als Minderjährige zu ihren Eltern oder als hilfsbedürftige Elternteile zu ihren Kindern zugezogen sind, vorausgesetzt, daß der nachträglich Zugezogene mit einer Person zusammengeführt wird, die schon am 31. Dezember 1952 im Geltungsbereich dieses Gesetz den Wohnsitz oder ständigen Aufenthalt hatte oder unter Buchstabe a, b oder c fällt; dabei sind im Verhältnis zwischen Eltern und Kinder auch Schwiegerkinder zu berücksichtigen, wenn das einzige oder letzte Kind verstorben oder verschollen ist.</LA></DD> </DL></LA></DD>  </DL>Die Ansprüche der unter Nummern 3 und 4 fallenden Personen auf Zahlung von Renten sind nur für die Zeit vom Ersten des Monats ab zu erfüllen, in dem sie unter den Voraussetzungen der Nummern 3 und 4 ihren Wohnsitz oder ständigen Aufenthalt im Geltungsbereich dieses Gesetzes genommen haben.</P><P>(2) Ansprüche, die zum Gesamtgut einer ehelichen Gütergemeinschaft oder zum gemeinschaftlichen Vermögen einer Erbengemeinschaft gehören, können auch dann geltend gemacht werden, wenn die Voraussetzungen des Absatzes 1 in der Person nur eines der Mitberechtigten gegeben sind.</P></Content> </text><fussnoten/></textdaten></norm>
<norm builddate="20250228223002" doknr="BJNR000790965BJNE001600312"><metadaten><jurabk>NSVerbG</jurabk><enbez>§ 10</enbez><titel format="parat">Ansprüche aus Grundstücksübereignungen</titel></metadaten><textdaten><text format="XML"><Content><P>Zu erfüllen sind Ansprüche (§ 1) auf Leistung eines Kaufpreises, einer Enteignungsentschädigung oder eines sonstigen Entgelts für im Geltungsbereich dieses Gesetzes belegene Grundstücke, die eine Einrichtung (§ 1) vor dem 1. August 1945 zu Eigentum erworben hat. Ansprüche, die nicht auf Geld oder auf einen Wertausgleich in Geld gerichtet sind, sind nach ihrem Schätzwert in Geld zu erfüllen. Für die Wertermittlung sind die Verhältnisse im Zeitpunkt des Vertragsabschlusses oder der Rechtskraft des Entschädigungsbeschlusses maßgeblich. Die Sätze 1 bis 3 gelten entsprechend für grundstücksgleiche Rechte.</P></Content></text></textdaten></norm>
<norm builddate="20250228223002" doknr="BJNR000790965BJNE001700312"><metadaten><jurabk>NSVerbG</jurabk><enbez>§ 11</enbez><titel format="parat">Ansprüche aus dinglichen Rechten</titel></metadaten><textdaten><text format="XML"><Content><P>Ansprüche (§ 1) aus dem Eigentum oder anderen Rechten an einer Sache oder an einem Recht mit Ausnahme der in den §§ 987 bis 992 des Bürgerlichen Gesetzbuchs geregelten Ansprüche sind zu erfüllen.</P></Content></text></textdaten></norm>
<norm builddate="20250228223002" doknr="BJNR000790965BJNE001800312"><metadaten><jurabk>NSVerbG</jurabk><enbez>§ 12</enbez><titel format="parat">Gesetzeskonkurrenz</titel></metadaten><textdaten><text format="XML"><Content><P>Ist ein Anspruch (§ 1) nach einer Vorschrift dieses Teils zu erfüllen, so steht dieser Erfüllungsverpflichtung nicht entgegen, daß der Anspruch nach einer anderen Vorschrift dieses Teils nicht oder nur in geringerem Umfang zu erfüllen ist.</P></Content></text></textdaten></norm>
<norm builddate="20250228223002" doknr="BJNR000790965BJNE001900312"><metadaten><jurabk>NSVerbG</jurabk><enbez>§ 13</enbez><titel format="parat">Zulässigkeit von Aufrechnungen</titel></metadaten><textdaten><text format="XML"><Content><P>Die Vorschriften dieses Gesetzes stehen der Aufrechnung mit einem Anspruch (§ 1), dessen Erfüllung in diesem Gesetz nicht vorgesehen ist, nicht entgegen.</P></Content></text></textdaten></norm>
<norm builddate="20250228223002" doknr="BJNR000790965BJNE002000312"><metadaten><jurabk>NSVerbG</jurabk><enbez>§ 14</enbez><titel format="parat">Umstellung von Reichsmarkansprüchen</titel></metadaten><textdaten><text format="XML"><Content><P>§ 14 des Umstellungsgesetzes tritt hinsichtlich der in den §§ 5, 6, 7 und 10 bezeichneten, bisher nicht umgestellten Ansprüche außer Kraft. Das gleiche gilt für die in § 4 Satz 2 bezeichneten, als fortbestehend geltenden Ansprüche.</P></Content></text></textdaten></norm>
<norm builddate="20250228223002" doknr="BJNR000790965BJNE002100312"><metadaten><jurabk>NSVerbG</jurabk><enbez>§ 15</enbez><titel format="parat">Anspruchsschuldner</titel></metadaten><textdaten><text format="XML"><Content><P>Anspruchsschuldner der nach den §§ 5, 6, 7 und 10 zu erfüllenden Ansprüche ist der Bund. Dies gilt nicht, wenn der Gläubiger von einem Dritten Befriedigung für seinen Anspruch verlangen kann.</P></Content></text></textdaten></norm>
<norm builddate="20250228223002" doknr="BJNR000790965BJNE002200312"><metadaten><jurabk>NSVerbG</jurabk><enbez>§ 16</enbez><titel format="parat">Anmeldung</titel></metadaten><textdaten><text format="XML"><Content><P>Auf Grund der nach diesem Gesetz zu erfüllenden Ansprüche können Leistungen vom Bund nur verlangt werden, soweit die Ansprüche bei der Anmeldestelle (§ 17) fristgerecht (§ 18) angemeldet worden sind.</P></Content></text></textdaten></norm>
<norm builddate="20250228223002" doknr="BJNR000790965BJNE002301301"><metadaten><jurabk>NSVerbG</jurabk><enbez>§ 17</enbez><titel format="parat">Anmeldestelle</titel></metadaten><textdaten><text format="XML"><Content><P>Anmeldestelle für die nach diesem Gesetz vom Bund zu erfüllenden Ansprüche ist das Bundesministerium der Finanzen oder eine von ihm zu bestimmende Behörde oder Anstalt seines Geschäftsbereichs.</P></Content></text><fussnoten/></textdaten></norm>
<norm builddate="20250228223002" doknr="BJNR000790965BJNE002401301"><metadaten><jurabk>NSVerbG</jurabk><enbez>§ 18</enbez><titel format="parat">Anmeldefrist, Nachsichtgewährung</titel></metadaten><textdaten><text format="XML"><Content><P>(1) Die in den §§ 5, 6, 7 und 10 bezeichneten Ansprüche können nur innerhalb einer Frist von einem Jahr nach Inkrafttreten dieses Gesetzes angemeldet werden. In Abweichung hiervon beginnt die Frist, <DL Font="normal" Type="arabic"><DT>1.</DT><DD Font="normal"><LA Size="normal">wenn der Anspruch nach dem Inkrafttreten dieses Gesetzes entsteht, mit seiner Entstehung;</LA></DD> <DT>2.</DT><DD Font="normal"><LA Size="normal">in den Fällen des § 9 Abs. 1 Nr. 2 mit dem Zeitpunkt, in dem nach Inkrafttreten dieses Gesetzes der Beitritt zum Abkommen vom 27. Februar 1953 über deutsche Auslandsschulden wirksam wird;</LA></DD> <DT>3.</DT><DD Font="normal"><LA Size="normal">in den Fällen des § 9 Abs. 1 Nr. 4 mit dem Zeitpunkt, in dem nach Inkrafttreten dieses Gesetzes der Wohnsitz oder ständige Aufenthalt begründet worden ist.</LA></DD> </DL>Die Frist gilt auch dann als gewahrt, wenn der Anspruch innerhalb der Frist bei einer unzuständigen Dienststelle im Geltungsbereich dieses Gesetzes angemeldet wird.</P><P>(2) War der Antragsteller ohne sein Verschulden verhindert, die Anmeldefrist einzuhalten, so ist ihm auf Antrag Nachsicht zu gewähren. Nach Ablauf eines Jahres, von dem Ende der versäumten Frist an gerechnet, kann Nachsichtgewährung nicht mehr beantragt werden.</P><P>(3) Ablehnende Entscheidungen der Oberfinanzdirektion München sind nach den Vorschriften des Verwaltungszustellungsgesetzes zuzustellen.</P></Content>  </text><fussnoten/></textdaten></norm>
<norm builddate="20250228223002" doknr="BJNR000790965BJNE002500312"><metadaten><jurabk>NSVerbG</jurabk><enbez>§ 19</enbez><titel format="parat">Klagefrist</titel></metadaten><textdaten><text format="XML"><Content><P>Lehnt die Anmeldestelle (§ 17) die Erfüllung eines nach § 16 angemeldeten Anspruchs ab, so kann der Anspruch nur innerhalb von sechs Monaten und nur vor dem Gericht geltend gemacht werden, das nach der Natur des Anspruchs zuständig ist. Entsprechendes gilt, wenn die Nachsichtgewährung nach § 18 Abs. 2 verlangt wird. Die Frist ist eine Notfrist im Sinne der Zivilprozeßordnung. Sie beginnt mit Zustellung des Ablehnungsbescheides; § 58 der Verwaltungsgerichtsordnung gilt entsprechend. Die Frist gilt auch dann als gewahrt, wenn der Anspruch bei einem unzuständigen Gericht geltend gemacht wird.</P></Content></text></textdaten></norm>
<norm builddate="20250228223002" doknr="BJNR000790965BJNG000400312"><metadaten><jurabk>NSVerbG</jurabk><gliederungseinheit><gliederungskennzahl>010030</gliederungskennzahl><gliederungsbez>Dritter Abschnitt</gliederungsbez><gliederungstitel>Sozialversicherungsrechtliche
Ansprüche</gliederungstitel></gliederungseinheit></metadaten><textdaten><text format="XML"><Content><P/></Content></text></textdaten></norm>
<norm builddate="20250228223002" doknr="BJNR000790965BJNE002600312"><metadaten><jurabk>NSVerbG</jurabk><enbez>§ 20</enbez><titel format="parat">Nachversicherung</titel></metadaten><textdaten><text format="XML"><Content><P>(1) Personen, die auf Grund des Gesetzes über die versicherungsrechtliche Stellung der im Dienste der Nationalsozialistischen Deutschen Arbeiterpartei Beschäftigten vom 4. März 1943 (Reichsgesetzbl. I S. 131) versicherungsfrei waren, gelten für die Zeiten der Versicherungsfreiheit, die vor dem 1. Januar 1943 liegen und für die nach § 7 des bezeichneten Gesetzes Beiträge für unwirksam erklärt worden sind, als nachversichert. Dies gilt auch für den Fall des Todes, wenn rentenberechtigte Hinterbliebene vorhanden sind.</P><P>(2) Die Nachversicherung gilt als in dem Versicherungszweig durchgeführt, zu dem die unwirksam gewordenen Beiträge entrichtet worden sind.</P><P>(3) Soweit eine Nachversicherung als durchgeführt gilt, gelten die daraus erworbenen Anwartschaften sowie Anwartschaften aus Beiträgen, die für Zeiten entrichtet sind, die vor den in Absatz 1 bezeichneten Zeiten liegen, zum 31. Dezember 1956 als erhalten, wenn der Versicherte infolge des rückwirkenden Eintritts von Versicherungsfreiheit nicht berechtigt war, für Zeiten seit dem 1. Januar 1943 freiwillige Beiträge zu entrichten. Satz 1 gilt als vor dem 1. Januar 1957 in Kraft getretene Vorschrift im Sinne des Artikels 2 § 42 Satz 2 des Arbeiterrentenversicherungs-Neuregelungsgesetzes, des Artikels 2 § 41 Satz 2 des Angestelltenversicherungs-Neuregelungsgesetzes und des Artikels 2 § 11 Satz 2 des Knappschaftsversicherungs-Neuregelungsgesetzes. Bei Anwendung der bezeichneten Vorschriften in Fällen des Satzes 1 bedarf es für die Zeit bis zum Ende des Jahres des Inkrafttreten dieses Gesetzes der Entrichtung von neun Monatsbeiträgen nicht.</P><P>(4) Die Weiterversicherung in den gesetzlichen Rentenversicherungen richtet sich nach den allgemeinen Vorschriften; hierbei gelten die Zeiten der Nachversicherung als Zeiten, für die Beiträge für eine rentenversicherungspflichtige Beschäftigung entrichtet sind.</P><P>(5) Die Gewährung von Leistungen richtet sich nach den Vorschriften, die für den nach Absatz 2 zuständigen Versicherungszweig gelten.</P></Content>    </text></textdaten></norm>
<norm builddate="20250228223002" doknr="BJNR000790965BJNE002700312"><metadaten><jurabk>NSVerbG</jurabk><enbez>§ 21</enbez><titel format="parat">Beginn des Rentenanspruchs</titel></metadaten><textdaten><text format="XML"><Content><P>Wird erst durch § 20 ein Anspruch auf Rente begründet oder übersteigt die unter Berücksichtigung des § 20 neu festgestellte Rente die bisherige Leistung, so ist im ersten Fall die Rente, im zweiten Fall der höhere Betrag frühestens vom Tag des Inkrafttreten dieses Gesetzes an zu gewähren.</P></Content></text></textdaten></norm>
<norm builddate="20250228223002" doknr="BJNR000790965BJNE002800312"><metadaten><jurabk>NSVerbG</jurabk><enbez>§ 22</enbez><titel format="parat">Rentenfeststellung</titel></metadaten><textdaten><text format="XML"><Content><P>Soweit bei Versicherungsfällen vor Inkrafttreten dieses Gesetzes bereits über den Rentenanspruch entschieden ist, ist die Leistung unter Berücksichtigung des § 20 auf Antrag neu festzustellen, wenn dies für den Berechtigten günstiger ist. § 21 findet Anwendung.</P></Content></text></textdaten></norm>
<norm builddate="20250228223002" doknr="BJNR000790965BJNE002900312"><metadaten><jurabk>NSVerbG</jurabk><enbez>§ 23</enbez><titel format="parat">Erstattungspflicht</titel></metadaten><textdaten><text format="XML"><Content><P>Den Trägern der gesetzlichen Rentenversicherung werden die Leistungen, die auf die in § 20 Abs. 1 bezeichneten Zeiten entfallen, vom Bund erstattet.</P></Content></text></textdaten></norm>
<norm builddate="20250228223002" doknr="BJNR000790965BJNE003001301"><metadaten><jurabk>NSVerbG</jurabk><enbez>§ 23a</enbez><titel format="parat">Nachversicherung in Sonderfällen</titel></metadaten><textdaten><text format="XML"><Content><P>(1) Personen, die nach Maßgabe des § 1242b der Reichsversicherungsordnung, des § 18 des Angestelltenversicherungsgesetzes in der bis zum 8. Mai 1945 geltenden Fassung in Verbindung mit § 20 der Verordnung über die Nachversicherung von freiwillig länger dienenden Soldaten der Wehrmacht und Angehörigen des Reichsarbeitsdienstes vom 21. Juli 1939 (Reichsgesetzbl. I S. 1314) bei Ausscheiden aus dem Dienstverhältnis ohne Versorgung in der gesetzlichen Rentenversicherung nachzuversichern gewesen wären, gelten für die zwei Jahre übersteigende Dienstzeit vor dem 1. Januar 1940 in der allgemeinen Rentenversicherung als nachversichert, es sei denn, daß die Nachversicherung für diese Zeit bereits erfolgt ist oder diese Zeit bei der Bemessung einer Versorgung nach beamtenrechtlichen Vorschriften oder Grundsätzen berücksichtigt wird. Dies gilt auch für den Fall des Todes, wenn rentenberechtigte Hinterbliebene vorhanden sind. Änderungen des § 20 der in Satz 1 bezeichneten Verordnung bleiben unberücksichtigt.</P><P>(2) Soweit eine Nachversicherung als durchgeführt gilt, gelten die daraus erworbenen Anwartschaften sowie Anwartschaften aus Beiträgen, die für Zeiten entrichtet sind, die vor den in Absatz 1 genannten Zeiten liegen, als bis zum 31. Dezember 1956 erhalten.</P><P>(3) Die Gewährung von Leistungen richtet sich nach den Vorschriften der allgemeinen Rentenversicherung.</P><P>(4) § 20 Abs. 4 und §§ 21 bis 23 gelten entsprechend.</P></Content>   </text><fussnoten/></textdaten></norm>
<norm builddate="20250228223002" doknr="BJNR000790965BJNG000500312"><metadaten><jurabk>NSVerbG</jurabk><gliederungseinheit><gliederungskennzahl>020</gliederungskennzahl><gliederungsbez>Zweiter Teil</gliederungsbez><gliederungstitel>Vermögenswerte der NSDAP und ihrer
Einrichtungen</gliederungstitel></gliederungseinheit></metadaten><textdaten><text format="XML"><Content><P/></Content></text></textdaten></norm>
<norm builddate="20250228223002" doknr="BJNR000790965BJNE003100312"><metadaten><jurabk>NSVerbG</jurabk><enbez>§ 24</enbez><titel format="parat">Vermögensübergang</titel></metadaten><textdaten><text format="XML"><Content><P>(1) Eigentum und sonstige Vermögensrechte einer Einrichtung (§ 1), über die noch nicht verfügt worden ist, werden mit Inkrafttreten dieses Gesetzes Vermögen des Bundes. Dies gilt nicht für Vermögensrechte, über welche die zur Durchführung der Direktive Nr. 50 des Kontrollrats zuständigen Stellen noch verfügen können.</P><P>(2) Eigentum und sonstige Vermögensrechte einer Einrichtung, <DL Font="normal" Type="arabic"><DT>1.</DT><DD Font="normal"><LA Size="normal">die auf Grund des Artikels 2 Abs. 1 der Anordnung der Alliierten Kommandatura Berlin vom 23. Januar 1956 - BK/O (56) 3 - (Gesetz- und Verordnungsblatt für Berlin S. 139) in der Fassung der Anordnung BK/O (57) 3 vom 26. Januar 1957 (Gesetz- und Verordnungsblatt für Berlin S. 178) auf das Land Berlin übergegangen sind,</LA></DD> <DT>2.</DT><DD Font="normal"><LA Size="normal">die auf Grund des Artikels 3 Abs. 1 der Verordnung Nr. 254 des Hohen Kommissars des Vereinigten Königreichs für Deutschland vom 18. Juni 1954 (Amtsblatt der Alliierten Hohen Kommission für Deutschland S. 3003) auf ein Land übertragen sind, oder</LA></DD> <DT>3.</DT><DD Font="normal"><LA Size="normal">die nach Artikel 1 der Verordnung Nr. 141 des Französischen Oberkommandos in Deutschland (Journal Officiel S. 1312) oder nach Artikel 9 der Verordnung Nr. 49-24 des Hohen Kommissars der Republik Frankreich im Saargebiet vom 28. Juni 1949 (Amtsblatt des Saarlandes S. 611) einem Land übergeben und die nicht auf eine Organisation nach den Artikel II oder III der Direktive Nr. 50 des Kontrollrats übertragen worden sind,</LA></DD> </DL>sind Vermögen des Landes.</P></Content> </text></textdaten></norm>
<norm builddate="20250228223002" doknr="BJNR000790965BJNG000600312"><metadaten><jurabk>NSVerbG</jurabk><gliederungseinheit><gliederungskennzahl>030</gliederungskennzahl><gliederungsbez>Dritter Teil</gliederungsbez><gliederungstitel>Schlußbestimmungen</gliederungstitel></gliederungseinheit></metadaten><textdaten><text format="XML"><Content><P/></Content></text></textdaten></norm>
<norm builddate="20250228223002" doknr="BJNR000790965BJNE003200312"><metadaten><jurabk>NSVerbG</jurabk><enbez>§ 25</enbez><titel format="parat">Hypothekengewinnabgabe</titel></metadaten><textdaten><text format="XML"><Content><P>Bei Anwendung des § 91 des Lastenausgleichsgesetzes auf Verbindlichkeit einer Einrichtung (§ 1) gilt diese als am 20. Juni 1948 noch bestehend.</P></Content></text></textdaten></norm>
<norm builddate="20250228223002" doknr="BJNR000790965BJNE003300312"><metadaten><jurabk>NSVerbG</jurabk><enbez>§ 26</enbez><titel format="parat">Umstellung und Hypothekengewinnabgabe in Sonderfällen</titel></metadaten><textdaten><text format="XML"><Content><P>§ 14 des Umstellungsgesetzes tritt hinsichtlich der Ansprüche außer Kraft, die sich gegen eine Einrichtung im Sinne von Artikel I des Gesetzes Nr. 2 des Kontrollrats richten, jedoch deshalb nicht der Regelung dieses Gesetzes unterliegen, weil das Vermögen der Einrichtung nicht einheitlich als Vermögen einer nationalsozialistischen Einrichtung behandelt worden ist (§ 1 Nr. 2). Bei Anwendung der §§ 91 und 92 des Lastenausgleichsgesetzes auf diese Ansprüche gilt die in Satz 1 bezeichnete Einrichtung als am 20. Juni 1948 noch bestehend.</P></Content></text></textdaten></norm>
<norm builddate="20250228223002" doknr="BJNR000790965BJNE003400312"><metadaten><jurabk>NSVerbG</jurabk><enbez>§ 27</enbez><titel format="parat">Verpflichtungen der Erwerber von Vermögen</titel></metadaten><textdaten><text format="XML"><Content><P>(1) Ist in den Fällen des § 3 Abs. 2 der Erwerber nach dem 20. Juni 1948 Schuldner eines noch nicht umgestellten Anspruchs geworden, tritt insoweit § 14 des Umstellungsgesetzes außer Kraft.</P><P>(2) § 3 Abs. 2 Satz 2 gilt auch, wenn Vermögen nicht einheitlich von sämtlichen Übertragungsbehörden als Vermögen einer nationalsozialistischen Einrichtung behandelt worden ist.</P><P>(3) Bei der Anwendung des § 91 des Lastenausgleichsgesetzes gilt der Erwerber im Sinne des Absatzes 1 eines mit Grundpfandrechten belasteten Grundstücks mit Wirkung vom 20. Juni 1948 als dessen Eigentümer sowie als Schuldner des durch ein solches Recht gesicherten Anspruchs. Dies gilt nicht, wenn bei Inkrafttreten des Gesetzes Nr. 2 des Kontrollrats der persönliche Schuldner nicht Eigentümer des Grundstücks war. § 91 Abs. 2 des Lastenausgleichsgesetzes bleibt unberührt.</P><P>(4) Bei der Anwendung des § 92 des Lastenausgleichsgesetzes gilt der Erwerber im Sinne des Absatzes 1 von Vermögen einer Einrichtung (§ 1), die ein Unternehmen im Sinne von § 161 Abs. 2 Nrn. 3 und 4 des Lastenausgleichsgesetzes war, mit Wirkung vom 20. Juni 1948 als Schuldner. Ist das Vermögen einer Einrichtung (§ 1) auf mehrere Erwerber übergegangen, so gelten diese insoweit als Schuldner, als nach den für § 92 des Lastenausgleichsgesetzes geltenden Grundsätzen ein Zusammenhang der Schuld mit dem auf den einzelnen Erwerber übergegangenen Grundbesitz anzunehmen sein würde.</P></Content>   </text></textdaten></norm>
<norm builddate="20250228223002" doknr="BJNR000790965BJNE003500312"><metadaten><jurabk>NSVerbG</jurabk><enbez>§ 28</enbez><titel format="parat">Außerkrafttreten von Vorschriften des Allgemeinen Kriegsfolgengesetzes</titel></metadaten><textdaten><text format="XML"><Content><P>Mit Inkrafttreten dieses Gesetzes findet § 3 Abs. 2 des Allgemeinen Kriegsfolgengesetzes keine Anwendung auf die in dessen § 3 Abs. 1 Nr. 4 bezeichneten Ansprüche.</P></Content></text></textdaten></norm>
<norm builddate="20250228223002" doknr="BJNR000790965BJNE003600312"><metadaten><jurabk>NSVerbG</jurabk><enbez>§ 29</enbez><titel format="parat">Londoner Schuldenabkommen</titel></metadaten><textdaten><text format="XML"><Content><P>Das Abkommen vom 27. Februar 1953 über deutsche Auslandsschulden und die zu seiner Ausführung ergangenen Vorschriften werden durch die Vorschriften dieses Gesetzes nicht berührt.</P></Content></text></textdaten></norm>
<norm builddate="20250228223002" doknr="BJNR000790965BJNE003700312"><metadaten><jurabk>NSVerbG</jurabk><enbez>§ 30</enbez><titel format="parat">Kosten anhängiger Gerichtsverfahren</titel></metadaten><textdaten><text format="XML"><Content><P>Soweit sich ein anhängiger Rechtsstreit durch dieses Gesetz erledigt, trägt jede Partei ihre außergerichtlichen Kosten und die Hälfte der gerichtlichen Auslagen. Gerichtsgebühren werden nicht erhoben.</P></Content></text></textdaten></norm>
<norm builddate="20250228223002" doknr="BJNR000790965BJNE003800312"><metadaten><jurabk>NSVerbG</jurabk><enbez>§ 31</enbez><titel format="parat">Freistellung von Verwaltungsgebühren</titel></metadaten><textdaten><text format="XML"><Content><P>Meldebehördliche Aufenthalts- und Wohnsitzbescheinigungen für Zwecke dieses Gesetzes sind gebührenfrei auszustellen.</P></Content></text></textdaten></norm>
<norm builddate="20250228223002" doknr="BJNR000790965BJNE003900312"><metadaten><jurabk>NSVerbG</jurabk><enbez>§ 32</enbez><titel format="parat">Amts- und Rechtshilfe</titel></metadaten><textdaten><text format="XML"><Content><P>Die Verwaltungsbehörden und Gerichte, die öffentlich-rechtlichen Körperschaften und Anstalten und die Organisationen der Selbstverwaltung der Wirtschaft haben den mit der Durchführung dieses Gesetzes befaßten Behörden Amts- und Rechtshilfe zu leisten. Für Rechtshilfe der Gerichte gelten die §§ 156 bis 168 des Gerichtsverfassungsgesetzes entsprechend.</P></Content></text></textdaten></norm>
<norm builddate="20250228223002" doknr="BJNR000790965BJNE004000312"><metadaten><jurabk>NSVerbG</jurabk><enbez>§ 33</enbez><titel format="parat">Geltung in Berlin</titel></metadaten><textdaten><text format="XML"><Content><P>Dieses Gesetz gilt nach Maßgabe des § 12 Abs. 1 und des § 13 Abs. 1 des Dritten Überleitungsgesetzes vom 4. Januar 1952 (Bundesgesetzbl. I S. 1) auch im Land Berlin; hierbei tritt in den §§ 25, 26 und 27 Abs. 3 und 4 an die Stelle des 20. Juni 1948 jeweils der 24. Juni 1948.</P></Content></text></textdaten></norm>
<norm builddate="20250228223002" doknr="BJNR000790965BJNE004100312"><metadaten><jurabk>NSVerbG</jurabk><enbez>§ 34</enbez><titel format="parat">Inkrafttreten</titel></metadaten><textdaten><text format="XML"><Content><P>Dieses Gesetz tritt am ersten Tage des auf die Verkündung folgenden dritten Kalendermonats in Kraft mit Ausnahme der §§ 20 bis 23, die am ersten Tage des auf die Verkündung folgenden Kalendermonats in Kraft treten.</P></Content></text></textdaten></norm>
</dokumente>