<?xml version="1.0" encoding="UTF-8" ?><!DOCTYPE dokumente SYSTEM "http://www.gesetze-im-internet.de/dtd/1.01/gii-norm.dtd">
<dokumente builddate="20120625151032" doknr="BJNR024680988"><norm builddate="20120625151032" doknr="BJNR024680988"><metadaten><jurabk>GrÄndStVtrBW/BY2Bek</jurabk><ausfertigung-datum manuell="ja">1988-12-15</ausfertigung-datum><fundstelle typ="amtlich"><periodikum>BGBl I</periodikum><zitstelle>1988, 2468</zitstelle></fundstelle><langue>Bekanntmachung über den Abschluß und das Inkrafttreten des Zweiten Staatsvertrages zwischen dem Freistaat Bayern und dem Land Baden-Württemberg über die Änderung der Landesgrenze</langue></metadaten><textdaten><text format="XML"><Content><P/></Content></text><fussnoten><Content><P>(+++ Textnachweis ab: 28.12.1988 +++)</P></Content></fussnoten></textdaten></norm>
<norm builddate="20120625151032" doknr="BJNR024680988BJNE000100326"><metadaten><jurabk>GrÄndStVtrBW/BY2Bek</jurabk><enbez>(XXXX)</enbez></metadaten><textdaten><text format="XML"><Content><P>Zwischen dem Freistaat Bayern und dem Land Baden-Württemberg wurde am 22. Oktober 1987 ein Zweiter Staatsvertrag über eine Änderung der Landesgrenze abgeschlossen. Diesem Vertrag haben der Landtag des Freistaates Bayern mit Beschluß vom 15. Juni 1988 - Bekanntmachung vom 11. November 1988 (Bayerisches Gesetz- und Verordnungsblatt S. 363) - und der Landtag des Landes Baden-Württemberg am 28. September 1988 - Gesetz vom 10. Oktober 1988 (Gesetzblatt für Baden-Württemberg S. 317) - zugestimmt. Der Staatsvertrag tritt nach seinem Artikel 28 Abs. 2 am 1. Januar 1989 in Kraft.<BR/>Gemäß § 2 Abs. 3 des Gesetzes über das Verfahren bei sonstigen Änderungen des Gebietsbestandes der Länder nach Artikel 29 Abs. 7 des Grundgesetzes vom 30. Juli 1979 (BGBl. I S. 1325) wird der Staatsvertrag nachstehend bekanntgemacht.<BR/><BR/><SP>Der Bundesminister des Innern</SP></P></Content></text></textdaten></norm>
</dokumente>