<?xml version="1.0" encoding="UTF-8" ?><!DOCTYPE dokumente SYSTEM "http://www.gesetze-im-internet.de/dtd/1.01/gii-norm.dtd">
<dokumente builddate="20131202132627" doknr="BJNR119600010"><norm builddate="20131202132627" doknr="BJNR119600010"><metadaten><jurabk>Münz10EuroBek 2010-08</jurabk><ausfertigung-datum manuell="ja">2010-08-13</ausfertigung-datum><fundstelle typ="amtlich"><periodikum>BGBl I</periodikum><zitstelle>2010, 1196</zitstelle></fundstelle><langue>Bekanntmachung über die Ausprägung von deutschen Euro-Gedenkmünzen im Nennwert von 10 Euro (Gedenkmünze „20 Jahre Deutsche Einheit“)</langue></metadaten><textdaten><fussnoten><Content><P><BR/> <pre xml:space="preserve">(+++ Textnachweis ab: 23.8.2010 +++)</pre></P></Content></fussnoten></textdaten></norm>
<norm builddate="20131202132627" doknr="BJNR119600010BJNE000100000"><metadaten><jurabk>Münz10EuroBek 2010-08</jurabk><enbez>(XXXX)</enbez></metadaten><textdaten><text format="XML"><Content><P>Gemäß den §§ 2, 4 und 5 des Münzgesetzes vom 16. Dezember 1999 (BGBl. I S. 2402) hat die Bundesregierung beschlossen, zum Thema „20 Jahre Deutsche Einheit“ eine deutsche Euro-Gedenkmünze im Nennwert von 10 Euro prägen zu lassen.</P><P>Die Auflage der Münze beträgt maximal 2 100 000 Stück in Normalprägung und maximal 200 000 Stück in Spiegelglanzausführung. Die Prägung erfolgt durch die Staatliche Münze Berlin.</P><P>Die Münze wird ab dem 2. September 2010 in den Verkehr gebracht. Sie besteht aus einer Legierung von 925 Tausendteilen Silber und 75 Tausendteilen Kupfer, hat einen Durchmesser von 32,5 Millimetern und eine Masse von 18 Gramm. Das Geprägte auf beiden Seiten ist erhaben und wird von einem schützenden, glatten Randstab umgeben.</P><P>Die Bildseite der Münze besticht durch grafische und inhaltliche Klarheit. Die zentrale Aussage „Wir sind ein Volk“ steht als Wille des deutschen Volkes zur Einheit im Mittelpunkt.</P><P>Die Wertseite zeigt einen Adler, den Schriftzug „BUNDESREPUBLIK DEUTSCHLAND“, die Wertziffer und Wertbezeichnung, die Jahreszahl 2010 sowie das Prägezeichen „A“ der Staatlichen Münze Berlin.</P><P>Der glatte Münzrand enthält in vertiefter Prägung die Inschrift:</P><P>„Einigkeit und Recht und Freiheit“.</P><P>Der Entwurf stammt vom Künstler Erich Ott aus München.</P></Content></text></textdaten></norm>
<norm builddate="20131202132627" doknr="BJNR119600010BJNE000200000"><metadaten><jurabk>Münz10EuroBek 2010-08</jurabk><enbez>Schlussformel</enbez></metadaten><textdaten><text format="XML"><Content><P><SP>Der Bundesminister der Finanzen</SP></P></Content></text></textdaten></norm>
<norm builddate="20131202132627" doknr="BJNR119600010BJNE000300000"><metadaten><jurabk>Münz10EuroBek 2010-08</jurabk><enbez>(XXXX)</enbez></metadaten><textdaten><text format="XML"><Content><table frame="none" tocentry="%yes;"><tgroup align="left" char="" charoff="50" cols="2"><colspec colname="col1" colwidth="3*"/><colspec colname="col2" colwidth="3*"/><tbody valign="top"><row><entry VJ="1" colname="col1"><IMG Height="945" Pos="inline" SRC="bgbl1_2010_j1196-1_0010.jpg" Type="TIF" Units="300" alt=""/></entry><entry VJ="1" colname="col2"><IMG Height="945" Pos="inline" SRC="bgbl1_2010_j1196-1_0020.jpg" Type="TIF" Units="300" alt=""/></entry></row></tbody></tgroup></table></Content></text></textdaten></norm>
</dokumente>