<?xml version="1.0" encoding="UTF-8" ?><!DOCTYPE dokumente SYSTEM "http://www.gesetze-im-internet.de/dtd/1.01/gii-norm.dtd">
<dokumente builddate="20230912213029" doknr="BJNR0F20A0023"><norm builddate="20230912213029" doknr="BJNR0F20A0023"><metadaten><jurabk>Münz10EuroBek 2023-08-11</jurabk><ausfertigung-datum manuell="ja">2023-08-11</ausfertigung-datum><fundstelle typ="amtlich"><periodikum>BGBl I</periodikum><zitstelle>2023, Nr. 242</zitstelle></fundstelle><langue>Bekanntmachung über die Ausprägung von deutschen Euro-Gedenkmünzen im Nennwert von 10 Euro (Gedenkmünze „Feuerwehr“)</langue></metadaten><textdaten><fussnoten><Content><P><BR/> <pre xml:space="preserve">(+++ Textnachweis ab: 12.9.2023 +++)<BR/><BR/></pre></P></Content></fussnoten></textdaten></norm>
<norm builddate="20230912213029" doknr="BJNR0F20A0023BJNE000100000"><metadaten><jurabk>Münz10EuroBek 2023-08-11</jurabk><enbez>(XXXX)</enbez></metadaten><textdaten><text format="XML"><Content><P>Gemäß den §§ 2, 4 und 5 des Münzgesetzes vom 16. Dezember 1999 (BGBl. I S. 2402) hat die Bundesregierung beschlossen, eine 10-Euro-Sammlermünze „Feuerwehr“ mit einem Kunststoffring in der Farbe Feuerrot prägen zu lassen. Die Münze bildet den zweiten Teil der fünfteiligen Serie „Im Dienst der Gesellschaft“, bei der im Zeitraum 2022 bis 2026 jährlich eine Münze erscheinen soll. Die Serie stellt die besondere Bedeutung von Berufsgruppen in den Fokus, die für das Funktionieren unserer Gesellschaft und das Leben jedes Einzelnen unverzichtbar sind.</P><P>Die Auflage der Münze beträgt maximal 1,3 Millionen Stück, davon circa 100 000 Stück in Spiegelglanzqualität. Die Münze wird zu gleichen Teilen in den Münzstätten Berlin, München, Stuttgart, Karlsruhe und Hamburg geprägt. Sie besteht aus drei Komponenten: Einem äußeren Ring und einem inneren Kern (Pille) aus Metall <NB>(CuNi25/CuNi19)</NB> sowie einem prägbaren, zwischen Ring und Pille eingefügten Polymerring. Die Münze hat einen Durchmesser von 28,75 Millimetern und eine Masse von 9,8 Gramm. Das Gepräge auf beiden Seiten ist erhaben und wird von einem schützenden, glatten Randstab umgeben.</P><P>Die Münze wird ab dem 11. Mai 2023 in den Verkehr gebracht.</P><P>Die Bildseite zeigt im Zentrum des roten Polymerrings einen Feuerwehrtrupp im Löschangriff in seiner kompletten persönlichen Schutzausrüstung. Außerhalb des Polymerrings werden im Münzrund neben dem Flammenmeer Elemente eines Feuerwehreinsatzes gezeigt: die Betreuung einer erfolgreich geretteten Person sowie die Drehleiter vor einer Stadtsilhouette. Hervorgehoben wird die unbedingt erforderliche Teamarbeit im Einsatz.</P><P>Die Wertseite zeigt einen Adler, den Schriftzug „BUNDESREPUBLIK DEUTSCHLAND“, Wertziffer und Wertbezeichnung, die Jahreszahl 2023, die zwölf Europasterne sowie – je nach Prägestätte – das Münzzeichen „A“ (Berlin), „D“ (München), „F“ (Stuttgart), „G“ (Karlsruhe) oder „J“ (Hamburg).</P><P>Der glatte Münzrand enthält in vertiefter Prägung die Inschrift:</P><P>„IM DIENST DER GESELLSCHAFT <F>●</F>“.</P><P>Der Entwurf der Bildseite stammt von dem Künstler Lorenz Crössmann aus Berlin. Die Wertseite, die bei allen Münzen der Serie identisch ist, wurde von dem Künstler Patrick Niesel aus Röthenbach a. d. Pegnitz gestaltet.</P></Content></text></textdaten></norm>
<norm builddate="20230912213029" doknr="BJNR0F20A0023BJNE000200000"><metadaten><jurabk>Münz10EuroBek 2023-08-11</jurabk><enbez>Schlussformel</enbez></metadaten><textdaten><text format="XML"><Content><P><SP>Der Bundesminister der Finanzen</SP></P></Content></text></textdaten></norm>
<norm builddate="20230912213029" doknr="BJNR0F20A0023BJNE000300000"><metadaten><jurabk>Münz10EuroBek 2023-08-11</jurabk><enbez>Anlage</enbez></metadaten><textdaten><text format="XML"><Content><P><noindex><kommentar typ="Fundstelle">(Fundstelle: BGBl. 2023 I Nr. 242, S. 2)</kommentar></noindex></P><table frame="none" pgwide="1" tocentry="%yes;"><tgroup align="left" char="" charoff="50" cols="2"><colspec colname="col1"/><colspec colname="col2"/><tbody valign="top"><row><entry VJ="1" align="center" colname="col1" colsep="0"><IMG Align="center" Height="865" Pos="inline" SRC="bgbl1_2023_j02420_0010.jpg" Type="jpg" Units="" Width="886" alt="Die Bildseite zeigt im Zentrum des roten Polymerrings einen Feuerwehrtrupp im Löschangriff in seiner kompletten persönlichen Schutzausrüstung. Außerhalb des Polymerrings werden im Münzrund neben dem Flammenmeer im oberen Bereich Elemente eines Feuerwehreinsatzes gezeigt: die Betreuung einer erfolgreich geretteten Person sowie die Drehleiter vor einer Stadtsilhouette. Der Schriftzug „Feuerwehr“ wird entlang des unteren Münzrunds gesetzt."/></entry><entry VJ="1" align="center" colname="col2"><IMG Align="center" Height="867" Pos="inline" SRC="bgbl1_2023_j02420_0020.jpg" Type="jpg" Units="" Width="886" alt="Die Wertseite zeigt im Zentrum des roten Polymerrings einen Adler. Über dem Adler befinden sich das Prägezeichen „G“, unter dem Adler die Jahreszahl „2023“. Außerhalb des Polymerrings ist im oberen umlaufendem Bereich der Schriftzug „Bundesrepublik Deutschland“, im unteren umlaufenden Bereich die Wertziffer „10“ und die Wertbezeichnung „Euro“, umgeben von den zwölf Europasternen, zu sehen."/></entry></row></tbody></tgroup></table></Content></text></textdaten></norm>
</dokumente>