<?xml version="1.0" encoding="UTF-8" ?><!DOCTYPE dokumente SYSTEM "http://www.gesetze-im-internet.de/dtd/1.01/gii-norm.dtd">
<dokumente builddate="20120625153202" doknr="BJNR053400010"><norm builddate="20120625153202" doknr="BJNR053400010"><metadaten><jurabk>WBGArt13InkrBek</jurabk><ausfertigung-datum manuell="ja">2010-04-29</ausfertigung-datum><fundstelle typ="amtlich"><periodikum>BGBl I</periodikum><zitstelle>2010, 534</zitstelle></fundstelle><langue>Bekanntmachung über das Inkrafttreten des Artikels 13 des Gesetzes zur Beschleunigung des Wirtschaftswachstums</langue></metadaten><textdaten/></norm>
</dokumente>