<?xml version="1.0" encoding="UTF-8" ?><!DOCTYPE dokumente SYSTEM "http://www.gesetze-im-internet.de/dtd/1.01/gii-norm.dtd">
<dokumente builddate="20200327212503" doknr="BJNR030200012"><norm builddate="20200327212503" doknr="BJNR030200012"><metadaten><jurabk>TourFachwPrV</jurabk><ausfertigung-datum manuell="ja">2012-02-09</ausfertigung-datum><fundstelle typ="amtlich"><periodikum>BGBl I</periodikum><zitstelle>2012, 302</zitstelle></fundstelle><langue>Verordnung über die Prüfung zum anerkannten Fortbildungsabschluss Geprüfter Tourismusfachwirt und Geprüfte Tourismusfachwirtin</langue><standangabe checked="ja"><standtyp>Stand</standtyp><standkommentar>Zuletzt geändert durch Art. 60 V v. 9.12.2019 I 2153</standkommentar></standangabe></metadaten><textdaten><fussnoten><Content><P><BR/> <pre xml:space="preserve">(+++ Textnachweis ab: 1.7.2012 +++)<BR/><BR/></pre>(+++ Zur Anwendung vgl. §§ 1 u. 3 FortbVenÄndV6AnwV +++)</P></Content></fussnoten></textdaten></norm>
<norm builddate="20200327212503" doknr="BJNR030200012BJNE000100000"><metadaten><jurabk>TourFachwPrV</jurabk><enbez>Eingangsformel</enbez></metadaten><textdaten><text format="XML"><Content><P>Auf Grund des § 53 Absatz 1 in Verbindung mit Absatz 2 und des § 30 Absatz 5 des Berufsbildungsgesetzes, von denen § 53 Absatz 1 durch Artikel 232 Nummer 3 Buchstabe a der Verordnung vom 31. Oktober 2006 (BGBl. I S. 2407) geändert worden ist, verordnet das Bundesministerium für Bildung und Forschung nach Anhörung des Hauptausschusses des Bundesinstituts für Berufsbildung im Einvernehmen mit dem Bundesministerium für Wirtschaft und Technologie:</P></Content></text></textdaten></norm>
<norm builddate="20200327212503" doknr="BJNR030200012BJNE000200000"><metadaten><jurabk>TourFachwPrV</jurabk><enbez>§ 1</enbez><titel format="XML">Ziel der Prüfung und Bezeichnung des Fortbildungsabschlusses</titel></metadaten><textdaten><text format="XML"><Content><P>(1) Die zuständige Stelle kann berufliche Fortbildungsprüfungen zum Geprüften Tourismusfachwirt und zur Geprüften Tourismusfachwirtin nach den §§ 2 bis 9 durchführen, in denen die auf einen beruflichen Aufstieg abzielende Erweiterung der beruflichen Handlungsfähigkeit nachzuweisen ist.</P><P>(2) Durch die Prüfung ist festzustellen, ob die notwendigen Kompetenzen vorhanden sind, um in den verschiedenen Bereichen der Tourismuswirtschaft, insbesondere in Tourismusunternehmen und Tourismusverbänden, herausgehobene eigenverantwortliche Fachaufgaben der Planung, Steuerung und Kontrolle unter Nutzung betriebs- und personalwirtschaftlicher Steuerungsinstrumente kunden- und dienstleistungsorientiert auszuüben sowie dies im Rahmen einer selbstständigen Tätigkeit zu tun. Auszubildende, Mitarbeiter und Teams sollen motiviert und geleitet werden. Ferner ist nachzuweisen, dass zur Gestaltung eines anforderungsgerechten Dienstleistungsprozesses die Möglichkeiten der Zusammenarbeit mit internen und externen Partnern erkannt und genutzt werden. Bei der Steuerung und Optimierung aller betrieblichen Vorgänge sind ethische, soziale, wirtschaftliche, rechtliche und ökologische Grundsätze zu beachten sowie regionale, nationale und internationale Rahmenbedingungen zu berücksichtigen. Hierzu gehören insbesondere: <DL Type="arabic"><DT>1.</DT><DD Font="normal"><LA>Erkennen von Trends und Entwicklungen des touristischen Marktes,</LA></DD><DT>2.</DT><DD Font="normal"><LA>Gestalten touristischer Leistungserstellungsprozesse,</LA></DD><DT>3.</DT><DD Font="normal"><LA>Konzipieren, Durchführen und Nachbereiten von Marketingmaßnahmen,</LA></DD><DT>4.</DT><DD Font="normal"><LA>Entwickeln, Umsetzen und Evaluieren von Projekten einschließlich des Planens und Durchführens von touristischen Veranstaltungen,</LA></DD><DT>5.</DT><DD Font="normal"><LA>Vorbereiten und Umsetzen unternehmerischer Entscheidungen sowie Entwickeln von Zielen für den eigenen Verantwortungsbereich,</LA></DD><DT>6.</DT><DD Font="normal"><LA>Ermitteln und Beurteilen steuerungsrelevanter Daten,</LA></DD><DT>7.</DT><DD Font="normal"><LA>Vorbereiten der Budget- und Investitionsplanung, Entwickeln und Umsetzen von Finanzierungs- und Investitionskonzepten,</LA></DD><DT>8.</DT><DD Font="normal"><LA>Planen, Organisieren, Steuern und Optimieren betrieblicher Abläufe und Prozesse,</LA></DD><DT>9.</DT><DD Font="normal"><LA>Einsetzen von Steuerungs- und Controllinginstrumenten zur Erfassung, Bewertung und Optimierung von Leistungserstellungsprozessen,</LA></DD><DT>10.</DT><DD Font="normal"><LA>Mitarbeiter führen, fördern und qualifizieren durch Aus- und Weiterbildung,</LA></DD><DT>11.</DT><DD Font="normal"><LA>Durchführen von Qualitätsmanagementprozessen.</LA></DD></DL></P><P>(3) Die erfolgreich abgelegte Prüfung führt zum anerkannten Fortbildungsabschluss „Geprüfter Tourismusfachwirt“ oder „Geprüfte Tourismusfachwirtin“.</P></Content></text></textdaten></norm>
<norm builddate="20200327212503" doknr="BJNR030200012BJNE000300000"><metadaten><jurabk>TourFachwPrV</jurabk><enbez>§ 2</enbez><titel format="XML">Zulassungsvoraussetzungen</titel></metadaten><textdaten><text format="XML"><Content><P>(1) Zur Prüfung ist zuzulassen, wer <DL Type="arabic"><DT>1.</DT><DD Font="normal"><LA>eine mit Erfolg abgelegte Abschlussprüfung in einem dreijährigen anerkannten Ausbildungsberuf der Tourismuswirtschaft und danach eine mindestens einjährige Berufspraxis oder</LA></DD><DT>2.</DT><DD Font="normal"><LA>eine mit Erfolg abgelegte Abschlussprüfung in einem anderen kaufmännischen oder verwaltenden anerkannten Ausbildungsberuf und danach eine mindestens zweijährige Berufspraxis oder</LA></DD><DT>3.</DT><DD Font="normal"><LA>eine mit Erfolg abgelegte Abschlussprüfung in einem anderen anerkannten Ausbildungsberuf und danach eine mindestens dreijährige Berufspraxis oder</LA></DD><DT>4.</DT><DD Font="normal"><LA>eine mindestens fünfjährige Berufspraxis</LA></DD></DL>nachweist.</P><P>(2) Die Berufspraxis nach Absatz 1 muss inhaltlich wesentliche Bezüge zu den in § 1 Absatz 2 genannten Aufgaben haben.</P><P>(3) Abweichend von Absatz 1 ist zur Prüfung zuzulassen, wer durch Vorlage von Zeugnissen oder auf andere Weise glaubhaft macht, Fertigkeiten, Kenntnisse und Fähigkeiten (berufliche Handlungsfähigkeit) erworben zu haben, die die Zulassung zur Prüfung rechtfertigen.</P></Content></text></textdaten></norm>
<norm builddate="20200327212503" doknr="BJNR030200012BJNE000401128"><metadaten><jurabk>TourFachwPrV</jurabk><enbez>§ 3</enbez><titel format="XML">Gliederung und Durchführung der Prüfung</titel></metadaten><textdaten><text format="XML"><Content><P>(1) Die Prüfung ist schriftlich und mündlich durchzuführen.</P><P>(2) Die Prüfung bezieht sich auf die folgenden Handlungsbereiche: <DL Type="arabic"><DT>1.</DT><DD Font="normal"><LA>Unternehmensführung und -entwicklung,</LA></DD><DT>2.</DT><DD Font="normal"><LA>Betriebswirtschaftliche Bewertung und Steuerung von Geschäftsprozessen,</LA></DD><DT>3.</DT><DD Font="normal"><LA>Personalführung und -entwicklung,</LA></DD><DT>4.</DT><DD Font="normal"><LA>Gestaltung des Marketingprozesses,</LA></DD><DT>5.</DT><DD Font="normal"><LA>Qualitäts- und Projektmanagement,</LA></DD><DT>6.</DT><DD Font="normal"><LA>Leistungserstellung im Tourismus.</LA></DD></DL></P><P>(3) Die schriftliche Prüfung wird in den im Absatz 2 genannten Handlungsbereichen auf der Grundlage einer betrieblichen Situationsbeschreibung mit zwei aufeinander abgestimmten, gleichgewichtig daraus abgeleiteten Aufgabenstellungen durchgeführt, wobei insgesamt alle sechs Handlungsbereiche thematisiert werden. Die gesamte Bearbeitungsdauer soll 600 Minuten nicht unterschreiten und 630 Minuten nicht überschreiten. Die Punktebewertung für das Ergebnis der schriftlichen Prüfungsleistung ist aus den beiden schriftlichen Teilergebnissen gleichgewichtig zu bilden.</P><P>(4) Nach bestandener schriftlicher Prüfung wird die mündliche Prüfung durchgeführt. Diese gliedert sich in eine Präsentation und ein Fachgespräch. Die Präsentation geht mit einem Drittel in die Bewertung der mündlichen Prüfung ein.</P><P>(5) Anhand der Präsentation soll nachgewiesen werden, dass eine komplexe Problemstellung der betrieblichen Praxis erfasst, dargestellt, beurteilt und gelöst werden kann. Die Themenstellung muss sich auf einen frei wählbaren Handlungsbereich nach Absatz 2 und dem Handlungsbereich „Personalführung und -entwicklung“ beziehen. In der Präsentation soll die Präsentationszeit dabei zehn Minuten nicht überschreiten.</P><P>(6) Das Thema der Präsentation wird von der zu prüfenden Person gewählt und mit einer Kurzbeschreibung dem Prüfungsausschuss bei der ersten schriftlichen Prüfungsleistung eingereicht.</P><P>(7) Im Fachgespräch soll ausgehend von der Präsentation nachgewiesen werden, dass auch in den weiteren in Absatz 2 aufgeführten Handlungsbereichen der Tourismuswirtschaft Wissen angewendet und Lösungen vorgeschlagen werden können. Das Fachgespräch soll nicht länger als 20 Minuten dauern.</P></Content></text><fussnoten><Content><P>(+++ Zur Anwendung vgl. §§ 1 u. 3 FortbVenÄndV6AnwV +++)</P></Content></fussnoten></textdaten></norm>
<norm builddate="20200327212503" doknr="BJNR030200012BJNE000500000"><metadaten><jurabk>TourFachwPrV</jurabk><enbez>§ 4</enbez><titel format="XML">Inhalte der Prüfung</titel></metadaten><textdaten><text format="XML"><Content><P>(1) Im Handlungsbereich „Unternehmensführung und -entwicklung“ soll die Fähigkeit nachgewiesen werden, Geschäftsprozesse der Tourismuswirtschaft mithilfe des Qualitätsmanagements zu analysieren und mitzugestalten sowie Teilprozesse zu steuern. Unternehmensziele und -strategien sollen unter Beachtung wirtschaftlicher und rechtlicher Rahmenbedingungen sowie der Aspekte der Qualitätsoptimierung und Nachhaltigkeit umgesetzt, evaluiert und kommuniziert werden. Vertriebsorientierte Strategien zur Stärkung der Marktposition sind unter Anwendung des Projektmanagements zu entwickeln und umzusetzen. Hierfür sollen unternehmerische Entscheidungen vorbereitet werden. Dabei soll die Fähigkeit nachgewiesen werden, Marktentwicklungen zu identifizieren und sich auf verändernde Markterfordernisse einzustellen sowie den Wandel im Unternehmen mitzugestalten und zu fördern. In diesem Rahmen können folgende Qualifikationsinhalte geprüft werden: <DL Type="arabic"><DT>1.</DT><DD Font="normal"><LA>Analysieren des eigenen betriebswirtschaftlichen Aufgabenbereichs und Entwicklung von Vorschlägen zur Umsetzung unternehmerischer Entscheidungen,</LA></DD><DT>2.</DT><DD Font="normal"><LA>Umsetzen betrieblicher Ziele und Strategien sowie Entwickeln und Evaluieren von daraus abgeleiteten Teilzielen,</LA></DD><DT>3.</DT><DD Font="normal"><LA>Beurteilen von Trendsignalen und Marktentwicklungen sowie Erarbeiten von daraus resultierenden Handlungsempfehlungen,</LA></DD><DT>4.</DT><DD Font="normal"><LA>Einordnen globaler wirtschaftlicher Zusammenhänge und Beurteilen der Auswirkungen auf die betrieblichen Angebote,</LA></DD><DT>5.</DT><DD Font="normal"><LA>Gestalten und Optimieren der Arbeitsprozesse und -abläufe unter wirtschaftlichen Gesichtspunkten.</LA></DD></DL></P><P>(2) Im Handlungsbereich „Betriebswirtschaftliche Bewertung und Steuerung von Geschäftsprozessen“ soll die Fähigkeit nachgewiesen werden, das Controlling als Dokumentations-, Informations- und Kontrollinstrument zur Optimierung betriebswirtschaftlicher Abläufe und Prozesse zu nutzen. Dabei sollen rechtliche Rahmenbedingungen, insbesondere branchenrelevante steuerrechtliche Regelungen, berücksichtigt werden. Weiter ist nachzuweisen, dass die Wirtschaftlichkeit von Leistungserstellungsprozessen im Tourismus analysiert und bewertet sowie steuerungsrelevante Daten ermittelt und interpretiert werden können. Zudem soll die Fähigkeit nachgewiesen werden, Konzepte zur Vorbereitung von Finanzierungs- und Investitionsentscheidungen zu entwickeln. In diesem Rahmen können folgende Qualifikationsinhalte geprüft werden: <DL Type="arabic"><DT>1.</DT><DD Font="normal"><LA>Beurteilen von Jahresabschlüssen zur Einschätzung der Unternehmenssituation,</LA></DD><DT>2.</DT><DD Font="normal"><LA>Interpretieren von betrieblichen Kennzahlen hinsichtlich der Verbesserung von Leistungserstellungsprozessen,</LA></DD><DT>3.</DT><DD Font="normal"><LA>Einsetzen von betrieblichen Steuerungsinstrumenten,</LA></DD><DT>4.</DT><DD Font="normal"><LA>Entwickeln von Konzepten zur Vorbereitung von Finanzierungs- und Investitionsentscheidungen,</LA></DD><DT>5.</DT><DD Font="normal"><LA>Aufstellen, Überwachen und Anpassen von Budgets.</LA></DD></DL></P><P>(3) Im Handlungsbereich „Personalführung und -entwicklung“ soll die Fähigkeit nachgewiesen werden, den Personalbedarf zu ermitteln, Personal zu gewinnen und den Personaleinsatz zu planen. Maßnahmen zur Mitarbeiterbindung und -entwicklung sollen entsprechend den betrieblichen Erfordernissen umgesetzt werden. Personalentwicklung soll unter Berücksichtigung von individuellen Qualifizierungs- und Fördermaßnahmen geplant, durchgeführt und bewertet werden. Dabei soll gezeigt werden, dass Mitarbeiter im Sinne der Unternehmensziele unter Berücksichtigung rechtlicher Rahmenbedingungen angeleitet und motiviert werden. Des Weiteren sollen Kommunikationsprozesse wertschätzend gestaltet werden und in Konfliktfällen soll lösungsorientiert gehandelt werden. Bei den Personalführungsmaßnahmen sind die arbeits-, haftungs- und tarifrechtlichen Vorschriften zu beachten. Die betriebliche Ausbildung soll geplant und durchgeführt werden. In diesem Rahmen können folgende Qualifikationsinhalte geprüft werden: <DL Type="arabic"><DT>1.</DT><DD Font="normal"><LA>Gewinnen, Auswählen und Einsetzen von Personal,</LA></DD><DT>2.</DT><DD Font="normal"><LA>Anleiten, Fördern und Motivieren von Mitarbeitern,</LA></DD><DT>3.</DT><DD Font="normal"><LA>Beurteilen von Mitarbeiterentwicklungspotenzialen sowie Empfehlen von individuellen Entwicklungszielen,</LA></DD><DT>4.</DT><DD Font="normal"><LA>verantwortungsvolles Umgehen mit Mitarbeitern und Empfehlen von Personalbindungsmaßnahmen,</LA></DD><DT>5.</DT><DD Font="normal"><LA>Anwenden von Methoden der Kommunikation, der Motivationsförderung und des Konfliktmanagements,</LA></DD><DT>6.</DT><DD Font="normal"><LA>Planen und Durchführen der Ausbildung.</LA></DD></DL></P><P>(4) Im Handlungsbereich „Gestaltung des Marketingprozesses“ soll die Fähigkeit nachgewiesen werden, auf Grundlage der Informationen der Marketingforschung Marketingziele unter Berücksichtigung des Unternehmensleitbildes, rechtlicher Rahmenbedingungen und der Marktsituation festzulegen. Für die Zielerreichung sollen Marketingstrategien und daraus resultierende Marketingkonzepte entwickelt und realisiert werden. Hierfür sollen Marketingmaßnahmen abgeleitet und unter Nutzung geeigneter Instrumente umgesetzt werden. Der Erfolg der Maßnahmen soll überprüft und bewertet werden. Daraus resultierend sollen Korrekturmaßnahmen eingeleitet werden. In diesem Rahmen können folgende Qualifikationsinhalte geprüft werden: <DL Type="arabic"><DT>1.</DT><DD Font="normal"><LA>Nutzen relevanter Methoden der Marketingforschung zur Absicherung von Marketingentscheidungen,</LA></DD><DT>2.</DT><DD Font="normal"><LA>Entwickeln von Marketingzielen und -strategien zur Verbesserung der Wettbewerbsposition,</LA></DD><DT>3.</DT><DD Font="normal"><LA>Umsetzen von zielgruppenspezifischen Marketingmaßnahmen unter Nutzung geeigneter Instrumente zur Erreichung der Marketingziele,</LA></DD><DT>4.</DT><DD Font="normal"><LA>Nachbereiten der Maßnahmen, Bewerten des Ergebnisses und Einleiten von Veränderungsprozessen zur Optimierung der Dienstleistung.</LA></DD></DL></P><P>(5) Im Handlungsbereich „Qualitäts- und Projektmanagement“ soll die Fähigkeit nachgewiesen werden, unter Berücksichtigung von Konzepten und Prinzipien des Qualitätsmanagements Maßnahmen der Qualitätssicherung umzusetzen und weiterzuentwickeln. Dabei sollen Qualitätsmanagementprozesse gesteuert, kontrolliert und optimiert sowie das Qualitätsbewusstsein der Mitarbeiter gefördert werden. Projekte sollen geleitet und Projektteams zusammengestellt werden. Dabei sind Prinzipien und Methoden des Projektmanagements umzusetzen sowie Moderations- und Präsentationstechniken einzusetzen. In diesem Rahmen können folgende Qualifikationsinhalte geprüft werden: <DL Type="arabic"><DT>1.</DT><DD Font="normal"><LA>Planen und Festlegen von Qualitätszielen,</LA></DD><DT>2.</DT><DD Font="normal"><LA>Anwenden von Qualitätsmanagementmethoden und -techniken,</LA></DD><DT>3.</DT><DD Font="normal"><LA>Planen und Steuern von qualitätssichernden und -verbessernden Maßnahmen,</LA></DD><DT>4.</DT><DD Font="normal"><LA>Planen, Durchführen, Kontrollieren und Evaluieren von unternehmens- und kundenbezogenen Projekten.</LA></DD></DL></P><P>(6) Im Handlungsbereich „Leistungserstellung im Tourismus“ soll die Fähigkeit nachgewiesen werden, touristische Leistungen kunden- und marktgerecht zu erstellen. Dabei sind die spezifischen Aufgaben und Tätigkeiten der beteiligten Unternehmen, Organisationen, Institutionen und Personen zu berücksichtigen sowie Kooperationen zu gestalten und zu nutzen. Bei der touristischen Leistungserstellung sind die betriebswirtschaftlichen und rechtlichen Anforderungen der Beteiligten sowie die politischen Rahmenbedingungen zu berücksichtigen. In diesem Rahmen können folgende Qualifikationsinhalte geprüft werden: <DL Type="arabic"><DT>1.</DT><DD Font="normal"><LA>Gestalten der Beziehungen mit unterschiedlichen touristischen Dienstleistern zur Optimierung des Angebotes,</LA></DD><DT>2.</DT><DD Font="normal"><LA>Berücksichtigen von Märkten, Marktstrukturen und Kundenbedürfnissen bei der Leistungserstellung,</LA></DD><DT>3.</DT><DD Font="normal"><LA>Entwickeln und Anbieten von touristischen Produkten,</LA></DD><DT>4.</DT><DD Font="normal"><LA>Planen und Umsetzen von Veranstaltungen unter Berücksichtigung spezifischer Rahmenbedingungen.</LA></DD></DL></P></Content></text></textdaten></norm>
<norm builddate="20200327212503" doknr="BJNR030200012BJNE000601128"><metadaten><jurabk>TourFachwPrV</jurabk><enbez>§ 5</enbez><titel format="XML">Befreiung von einzelnen Prüfungsbestandteilen</titel></metadaten><textdaten><text format="XML"><Content><P>Wird die zu prüfende Person nach § 56 Absatz 2 des Berufsbildungsgesetzes von der Ablegung einzelner Prüfungsbestandteile befreit, bleiben diese Prüfungsbestandteile für die Anwendung der §§ 6 und 7 außer Betracht. Für die übrigen Prüfungsbestandteile erhöhen sich die Anteile nach § 6 Absatz 2 Satz 2 oder Absatz 3 Satz 2 oder § 7 Absatz 4 entsprechend ihrem Verhältnis zueinander. Allein diese Prüfungsbestandteile sind den Entscheidungen des Prüfungsausschusses zugrunde zu legen.</P></Content></text><fussnoten><Content><P>(+++ Zur Anwendung vgl. §§ 1 u. 3 FortbVenÄndV6AnwV +++)</P></Content></fussnoten></textdaten></norm>
<norm builddate="20200327212503" doknr="BJNR030200012BJNE000701128"><metadaten><jurabk>TourFachwPrV</jurabk><enbez>§ 6</enbez><titel format="XML">Bewerten der Prüfungsleistungen</titel></metadaten><textdaten><text format="XML"><Content><P>(1) Jede Prüfungsleistung ist nach Maßgabe der Anlage 1 mit Punkten zu bewerten.</P><P>(2) In der schriftlichen Prüfung sind die Prüfungsleistungen in jeder der beiden Aufgabenstellungen nach § 3 Absatz 3 einzeln zu bewerten. Aus den beiden Bewertungen wird als Bewertung der schriftlichen Prüfung das arithmetische Mittel berechnet.</P><P>(3) In der mündlichen Prüfung sind als Prüfungsleistungen zu bewerten: <DL Type="arabic"><DT>1.</DT><DD Font="normal"><LA>die Präsentation nach § 3 Absatz 5 und</LA></DD><DT>2.</DT><DD Font="normal"><LA>das Fachgespräch nach § 3 Absatz 6.</LA></DD></DL>Aus den beiden Bewertungen wird als Bewertung der mündlichen Prüfung das gewichtete arithmetische Mittel berechnet. Dabei werden wie folgt gewichtet: <DL Type="arabic"><DT>1.</DT><DD Font="normal"><LA>die Bewertung der Präsentation mit einem Drittel und</LA></DD><DT>2.</DT><DD Font="normal"><LA>das Fachgespräch mit zwei Dritteln.</LA></DD></DL></P></Content></text><fussnoten><Content><P>(+++ Zur Anwendung vgl. §§ 1 u. 3 FortbVenÄndV6AnwV +++)</P></Content></fussnoten></textdaten></norm>
<norm builddate="20200327212503" doknr="BJNR030200012BJNE001400128"><metadaten><jurabk>TourFachwPrV</jurabk><enbez>§ 7</enbez><titel format="XML">Bestehen der Prüfung, Gesamtnote</titel></metadaten><textdaten><text format="XML"><Content><P>(1) Die Prüfung ist bestanden, wenn ohne Rundung in der schriftlichen Prüfung und in der mündlichen Prüfung jeweils mindestens 50 Punkte erreicht worden sind.</P><P>(2) Ist die Prüfung bestanden, werden die folgenden Bewertungen jeweils kaufmännisch auf eine ganze Zahl gerundet: <DL Type="arabic"><DT>1.</DT><DD Font="normal"><LA>die Bewertung für die schriftliche Prüfung sowie</LA></DD><DT>2.</DT><DD Font="normal"><LA>die Bewertung für die mündliche Prüfung.</LA></DD></DL></P><P>(3) Den Bewertungen für die schriftliche und für die mündliche Prüfung ist nach Anlage 1 die jeweilige Note als Dezimalzahl zuzuordnen.</P><P>(4) Für die Bildung einer Gesamtnote ist als Gesamtpunktzahl aus den Bewertungen für die schriftliche und die mündliche Prüfung das arithmetische Mittel zu berechnen. Die Gesamtpunktzahl ist kaufmännisch auf eine ganze Zahl zu runden. Der gerundeten Gesamtpunktzahl wird nach Anlage 1 die Note als Dezimalzahl und die Note in Worten zugeordnet. Die zugeordnete Note ist die Gesamtnote.</P></Content></text><fussnoten><Content><P>(+++ Zur Anwendung vgl. §§ 1 u. 3 FortbVenÄndV6AnwV +++)</P></Content></fussnoten></textdaten></norm>
<norm builddate="20200327212503" doknr="BJNR030200012BJNE001500128"><metadaten><jurabk>TourFachwPrV</jurabk><enbez>§ 8</enbez><titel format="XML">Zeugnisse</titel></metadaten><textdaten><text format="XML"><Content><P>(1) Wer die Prüfung nach § 7 Absatz 1 bestanden hat, erhält von der zuständigen Stelle zwei Zeugnisse nach Maßgabe der Anlage 2 Teil A und B.</P><P>(2) Auf dem Zeugnis mit den Inhalten nach Anlage 2 Teil B sind die Noten als Dezimalzahlen mit einer Nachkommastelle und die Gesamtnote als Dezimalzahl mit einer Nachkommastelle und in Worten anzugeben. Jede Befreiung nach § 5 ist mit Ort, Datum und der Bezeichnung des Prüfungsgremiums der anderen vergleichbaren Prüfung anzugeben.</P><P>(3) Die Zeugnisse können zusätzliche nicht amtliche Bemerkungen zur Information (Bemerkungen) enthalten, insbesondere <DL Type="arabic"><DT>1.</DT><DD Font="normal"><LA>über den erworbenen Abschluss oder</LA></DD><DT>2.</DT><DD Font="normal"><LA>auf Antrag der geprüften Person über während oder anlässlich der Fortbildung erworbene besondere oder zusätzliche Fertigkeiten, Kenntnisse und Fähigkeiten.</LA></DD></DL></P></Content></text><fussnoten><Content><P>(+++ Zur Anwendung vgl. §§ 1 u. 3 FortbVenÄndV6AnwV +++)</P></Content></fussnoten></textdaten></norm>
<norm builddate="20200327212503" doknr="BJNR030200012BJNE000801128"><metadaten><jurabk>TourFachwPrV</jurabk><enbez>§ 9</enbez><titel format="XML">Wiederholung der Prüfung</titel></metadaten><textdaten><text format="XML"><Content><P>(1) Ist die Prüfung nicht bestanden, kann sie zweimal wiederholt werden.</P><P>(2) Wer auf Antrag an einer Wiederholungsprüfung teilnimmt und sich innerhalb von zwei Jahren, gerechnet vom Tage der nicht bestandenen Prüfung an, dazu anmeldet, ist von der schriftlichen Prüfung zu befreien, wenn die dort in einer vorangegangenen Prüfung erbrachte Leistung mindestens ausreichend ist. Der Antrag kann sich auch darauf richten, die bestandene Prüfungsleistung einmal zu wiederholen. In diesem Fall gilt das Ergebnis der letzten Prüfung.</P></Content></text><fussnoten><Content><P>(+++ Zur Anwendung vgl. §§ 1 u. 3 FortbVenÄndV6AnwV +++)</P></Content></fussnoten></textdaten></norm>
<norm builddate="20200327212503" doknr="BJNR030200012BJNE000901128"><metadaten><jurabk>TourFachwPrV</jurabk><enbez>§ 10</enbez><titel format="XML">Ausbildereignung</titel></metadaten><textdaten><text format="XML"><Content><P>Wer die Prüfung zum Geprüften Tourismusfachwirt oder zur Geprüften Tourismusfachwirtin nach dieser Verordnung bestanden hat, ist vom schriftlichen Teil der Prüfung der nach dem Berufsbildungsgesetz erlassenen Ausbilder-Eignungsverordnung befreit.</P></Content></text><fussnoten><Content><P>(+++ Zur Anwendung vgl. §§ 1 u. 3 FortbVenÄndV6AnwV +++)</P></Content></fussnoten></textdaten></norm>
<norm builddate="20200327212503" doknr="BJNR030200012BJNE001001128"><metadaten><jurabk>TourFachwPrV</jurabk><enbez>§ 11</enbez><titel format="XML">Übergangsvorschriften</titel></metadaten><textdaten><text format="XML"><Content><P>(1) Begonnene Prüfungsverfahren zum Tourismusfachwirt (IHK)/zur Tourismusfachwirtin (IHK) können bis zum 31. Dezember 2015 nach den bisherigen Vorschriften zu Ende geführt werden. Im Übrigen kann bei der Anmeldung zur Prüfung bis zum Ablauf des 30. Juni 2014 die Anwendung der bisherigen Vorschriften beantragt werden.</P><P>(2) Die zuständige Stelle kann auf Antrag des Prüfungsteilnehmers oder der Prüfungsteilnehmerin die Wiederholungsprüfung nach dieser Verordnung durchführen; § 7 Absatz 2 findet in diesem Fall keine Anwendung.</P></Content></text><fussnoten><Content><P>(+++ Zur Anwendung vgl. §§ 1 u. 3 FortbVenÄndV6AnwV +++)</P></Content></fussnoten></textdaten></norm>
<norm builddate="20200327212503" doknr="BJNR030200012BJNE001101128"><metadaten><jurabk>TourFachwPrV</jurabk><enbez>§ 12</enbez><titel format="XML">Inkrafttreten</titel></metadaten><textdaten><text format="XML"><Content><P>Diese Verordnung tritt am 1. Juli 2012 in Kraft.</P></Content></text><fussnoten><Content><P>(+++ Zur Anwendung vgl. §§ 1 u. 3 FortbVenÄndV6AnwV +++)</P></Content></fussnoten></textdaten></norm>
<norm builddate="20200327212503" doknr="BJNR030200012BJNE001202128"><metadaten><jurabk>TourFachwPrV</jurabk><enbez>Anlage 1</enbez><titel format="XML">(zu den §§ 6 und 7)<BR/>Bewertungsmaßstab und -schlüssel</titel></metadaten><textdaten><text format="XML"><Content><P><noindex><kommentar typ="Fundstelle">(Fundstelle: BGBl. I 2019, 2363 - 2364)</kommentar></noindex></P><BR/><BR/><table colsep="1" frame="all" pgwide="1" rowsep="1" tabstyle="Bewertung" tocentry="%yes;"><tgroup align="left" char="" charoff="50" cols="4"><colspec align="center" colname="col1" colnum="1" colwidth="26*"/><colspec align="center" colname="col2" colnum="2" colwidth="26*"/><colspec align="center" colname="col3" colnum="3" colwidth="33*"/><colspec align="justify" colname="col4" colnum="4" colwidth="74*"/><thead valign="bottom"><row><entry VJ="1" colname="col1" valign="middle">Punkte</entry><entry VJ="1" colname="col2" valign="middle">Note<BR/>als Dezimalzahl</entry><entry VJ="1" colname="col3" valign="middle">Note<BR/> in Worten</entry><entry VJ="1" align="center" colname="col4" valign="middle">Definition</entry></row></thead><tbody valign="top"><row><entry VJ="1" colname="col1" valign="middle">100</entry><entry VJ="1" colname="col2" valign="middle">1,0</entry><entry VJ="1" colname="col3" morerows="4" valign="middle">sehr gut</entry><entry VJ="1" colname="col4" morerows="4" valign="middle">eine Leistung, die den Anforderungen in besonderem Maß entspricht</entry></row><row><entry VJ="1" colname="col1" valign="middle">98 und 99</entry><entry VJ="1" colname="col2" valign="middle">1,1</entry></row><row><entry VJ="1" colname="col1" valign="middle">96 und 97</entry><entry VJ="1" colname="col2" valign="middle">1,2</entry></row><row><entry VJ="1" colname="col1" valign="middle">94 und 95</entry><entry VJ="1" colname="col2" valign="middle">1,3</entry></row><row><entry VJ="1" colname="col1" valign="middle">92 und 93</entry><entry VJ="1" colname="col2" valign="middle">1,4</entry></row><row><entry VJ="1" colname="col1" valign="middle">91</entry><entry VJ="1" colname="col2" valign="middle">1,5</entry><entry VJ="1" colname="col3" morerows="9" valign="middle">gut</entry><entry VJ="1" colname="col4" morerows="9" valign="middle">eine Leistung, die den Anforderungen voll entspricht</entry></row><row><entry VJ="1" colname="col1" valign="middle">90</entry><entry VJ="1" colname="col2" valign="middle">1,6</entry></row><row><entry VJ="1" colname="col1" valign="middle">89</entry><entry VJ="1" colname="col2" valign="middle">1,7</entry></row><row><entry VJ="1" colname="col1" valign="middle">88</entry><entry VJ="1" colname="col2" valign="middle">1,8</entry></row><row><entry VJ="1" colname="col1" valign="middle">87</entry><entry VJ="1" colname="col2" valign="middle">1,9</entry></row><row><entry VJ="1" colname="col1" valign="middle">85 und 86</entry><entry VJ="1" colname="col2" valign="middle">2,0</entry></row><row><entry VJ="1" colname="col1" valign="middle">84</entry><entry VJ="1" colname="col2" valign="middle">2,1</entry></row><row><entry VJ="1" colname="col1" valign="middle">83</entry><entry VJ="1" colname="col2" valign="middle">2,2</entry></row><row><entry VJ="1" colname="col1" valign="middle">82</entry><entry VJ="1" colname="col2" valign="middle">2,3</entry></row><row><entry VJ="1" colname="col1" valign="middle">81</entry><entry VJ="1" colname="col2" valign="middle">2,4</entry></row><row><entry VJ="1" colname="col1" valign="middle">79 und 80</entry><entry VJ="1" colname="col2" valign="middle">2,5</entry><entry VJ="1" colname="col3" morerows="9" valign="middle">befriedigend</entry><entry VJ="1" colname="col4" morerows="9" valign="middle">eine Leistung, die den Anforderungen im Allgemeinen entspricht</entry></row><row><entry VJ="1" colname="col1" valign="middle">78</entry><entry VJ="1" colname="col2" valign="middle">2,6</entry></row><row><entry VJ="1" colname="col1" valign="middle">77</entry><entry VJ="1" colname="col2" valign="middle">2,7</entry></row><row><entry VJ="1" colname="col1" valign="middle">75 und 76</entry><entry VJ="1" colname="col2" valign="middle">2,8</entry></row><row><entry VJ="1" colname="col1" valign="middle">74</entry><entry VJ="1" colname="col2" valign="middle">2,9</entry></row><row><entry VJ="1" colname="col1" valign="middle">72 und 73</entry><entry VJ="1" colname="col2" valign="middle">3,0</entry></row><row><entry VJ="1" colname="col1" valign="middle">71</entry><entry VJ="1" colname="col2" valign="middle">3,1</entry></row><row><entry VJ="1" colname="col1" valign="middle">70</entry><entry VJ="1" colname="col2" valign="middle">3,2</entry></row><row><entry VJ="1" colname="col1" valign="middle">68 und 69</entry><entry VJ="1" colname="col2" valign="middle">3,3</entry></row><row><entry VJ="1" colname="col1" valign="middle">67</entry><entry VJ="1" colname="col2" valign="middle">3,4</entry></row><row><entry VJ="1" colname="col1" valign="middle">65 und 66</entry><entry VJ="1" colname="col2" valign="middle">3,5</entry><entry VJ="1" colname="col3" morerows="9" valign="middle">ausreichend</entry><entry VJ="1" colname="col4" morerows="9" valign="middle">eine Leistung, die zwar Mängel aufweist, aber im Ganzen den Anforderungen noch entspricht</entry></row><row><entry VJ="1" colname="col1" valign="middle">63 und 64</entry><entry VJ="1" colname="col2" valign="middle">3,6</entry></row><row><entry VJ="1" colname="col1" valign="middle">62</entry><entry VJ="1" colname="col2" valign="middle">3,7</entry></row><row><entry VJ="1" colname="col1" valign="middle">60 und 61</entry><entry VJ="1" colname="col2" valign="middle">3,8</entry></row><row><entry VJ="1" colname="col1" valign="middle">58 und 59</entry><entry VJ="1" colname="col2" valign="middle">3,9</entry></row><row><entry VJ="1" colname="col1" valign="middle">56 und 57</entry><entry VJ="1" colname="col2" valign="middle">4,0</entry></row><row><entry VJ="1" colname="col1" valign="middle">55</entry><entry VJ="1" colname="col2" valign="middle">4,1</entry></row><row><entry VJ="1" colname="col1" valign="middle">53 und 54</entry><entry VJ="1" colname="col2" valign="middle">4,2</entry></row><row><entry VJ="1" colname="col1" valign="middle">51 und 52</entry><entry VJ="1" colname="col2" valign="middle">4,3</entry></row><row><entry VJ="1" colname="col1" valign="middle">50</entry><entry VJ="1" colname="col2" valign="middle">4,4</entry></row><row><entry VJ="1" colname="col1" valign="middle">48 und 49</entry><entry VJ="1" colname="col2" valign="middle">4,5</entry><entry VJ="1" colname="col3" morerows="9" valign="middle">mangelhaft</entry><entry VJ="1" colname="col4" morerows="9" valign="middle">eine Leistung, die den Anforderungen nicht entspricht, jedoch erkennen lässt, dass gewisse Grundkenntnisse noch vorhanden sind</entry></row><row><entry VJ="1" colname="col1" valign="middle">46 und 47</entry><entry VJ="1" colname="col2" valign="middle">4,6</entry></row><row><entry VJ="1" colname="col1" valign="middle">44 und 45</entry><entry VJ="1" colname="col2" valign="middle">4,7</entry></row><row><entry VJ="1" colname="col1" valign="middle">42 und 43</entry><entry VJ="1" colname="col2" valign="middle">4,8</entry></row><row><entry VJ="1" colname="col1" valign="middle">40 und 41</entry><entry VJ="1" colname="col2" valign="middle">4,9</entry></row><row><entry VJ="1" colname="col1" valign="middle">38 und 39</entry><entry VJ="1" colname="col2" valign="middle">5,0</entry></row><row><entry VJ="1" colname="col1" valign="middle">36 und 37</entry><entry VJ="1" colname="col2" valign="middle">5,1</entry></row><row><entry VJ="1" colname="col1" valign="middle">34 und 35</entry><entry VJ="1" colname="col2" valign="middle">5,2</entry></row><row><entry VJ="1" colname="col1" valign="middle">32 und 33</entry><entry VJ="1" colname="col2" valign="middle">5,3</entry></row><row><entry VJ="1" colname="col1" valign="middle">30 und 31</entry><entry VJ="1" colname="col2" valign="middle">5,4</entry></row><row><entry VJ="1" colname="col1" valign="middle">25 bis 29</entry><entry VJ="1" colname="col2" valign="middle">5,5</entry><entry VJ="1" colname="col3" morerows="5" valign="middle">ungenügend</entry><entry VJ="1" colname="col4" morerows="5" valign="middle">eine Leistung, die den Anforderungen nicht entspricht und bei der selbst Grundkenntnisse fehlen</entry></row><row><entry VJ="1" colname="col1" valign="middle">20 bis 24</entry><entry VJ="1" colname="col2" valign="middle">5,6</entry></row><row><entry VJ="1" colname="col1" valign="middle">15 bis 19</entry><entry VJ="1" colname="col2" valign="middle">5,7</entry></row><row><entry VJ="1" colname="col1" valign="middle">10 bis 14</entry><entry VJ="1" colname="col2" valign="middle">5,8</entry></row><row><entry VJ="1" colname="col1" valign="middle">5 bis 9</entry><entry VJ="1" colname="col2" valign="middle">5,9</entry></row><row><entry VJ="1" colname="col1" valign="middle">0 bis 4</entry><entry VJ="1" colname="col2" valign="middle">6,0</entry></row></tbody></tgroup></table></Content></text><fussnoten><Content><P>(+++ Zur Anwendung vgl. §§ 1 u. 3 FortbVenÄndV6AnwV +++)</P></Content></fussnoten></textdaten></norm>
<norm builddate="20200327212503" doknr="BJNR030200012BJNE001302128"><metadaten><jurabk>TourFachwPrV</jurabk><enbez>Anlage 2</enbez><titel format="XML">(zu § 8)<BR/>Zeugnisinhalte</titel></metadaten><textdaten><text format="XML"><Content><P><noindex><kommentar typ="Fundstelle">(Fundstelle: BGBl. I 2019, 2364 - 2365)</kommentar></noindex></P><BR/><BR/><P><SP>Teil A – Zeugnis ohne Prüfungsergebnisse:</SP><DL Font="normal" Type="arabic"><DT>1.</DT><DD Font="normal"><LA Size="normal">Bezeichnung der ausstellenden Behörde,</LA></DD><DT>2.</DT><DD Font="normal"><LA Size="normal">Name und Geburtsdatum der geprüften Person,</LA></DD><DT>3.</DT><DD Font="normal"><LA Size="normal">Datum des Bestehens der Prüfung,</LA></DD><DT>4.</DT><DD Font="normal"><LA Size="normal">Bezeichnung des erworbenen Fortbildungsabschlusses nach § 1 Absatz 3,</LA></DD><DT>5.</DT><DD Font="normal"><LA Size="normal">Bezeichnung und Fundstelle dieser Fortbildungsordnung nach den Angaben im Bundesgesetzblatt unter Berücksichtigung erfolgter Änderungen dieser Verordnung,</LA></DD><DT>6.</DT><DD Font="normal"><LA Size="normal">Datum der Ausstellung des Zeugnisses samt Unterschrift der zuständigen Stelle.</LA></DD></DL></P><P><SP>Teil B – Zeugnis mit Prüfungsergebnissen:</SP></P><P>Alle Angaben des Teils A sowie zusätzlich: <DL Font="normal" Type="arabic"><DT>1.</DT><DD Font="normal"><LA Size="normal">Benennung der Handlungsbereiche <DL Font="normal" Type="alpha"><DT>a)</DT><DD Font="normal"><LA Size="normal">Unternehmensführung und -entwicklung,</LA></DD><DT>b)</DT><DD Font="normal"><LA Size="normal">Betriebswirtschaftliche Bewertung und Steuerung von Geschäftsprozessen,</LA></DD><DT>c)</DT><DD Font="normal"><LA Size="normal">Personalführung und -entwicklung,</LA></DD><DT>d)</DT><DD Font="normal"><LA Size="normal">Gestaltung des Marketingprozesses,</LA></DD><DT>e)</DT><DD Font="normal"><LA Size="normal">Qualitäts- und Projektmanagement,</LA></DD><DT>f)</DT><DD Font="normal"><LA Size="normal">Leistungserstellung im Tourismus,</LA></DD></DL></LA></DD><DT>2.</DT><DD Font="normal"><LA Size="normal">Benennung der schriftlichen Prüfung und Angabe des Prüfungsergebnisses in Punkten und Note,</LA></DD><DT>3.</DT><DD Font="normal"><LA Size="normal">Benennung der mündlichen Prüfung, Präsentation und Fachgespräch und Angabe des Prüfungsergebnisses in Punkten und Note,</LA></DD><DT>4.</DT><DD Font="normal"><LA Size="normal">die errechnete Gesamtpunktzahl für die gesamte Prüfung,</LA></DD><DT>5.</DT><DD Font="normal"><LA Size="normal">die Gesamtnote als Dezimalzahl,</LA></DD><DT>6.</DT><DD Font="normal"><LA Size="normal">die Gesamtnote in Worten,</LA></DD><DT>7.</DT><DD Font="normal"><LA Size="normal">Befreiungen nach § 5,</LA></DD><DT>8.</DT><DD Font="normal"><LA Size="normal">Bescheinigung der Befreiung vom schriftlichen Teil der Prüfung nach der Ausbilder-Eignungsverordnung nach § 10.</LA></DD></DL></P></Content></text><fussnoten><Content><P>(+++ Zur Anwendung vgl. §§ 1 u. 3 FortbVenÄndV6AnwV +++)</P></Content></fussnoten></textdaten></norm>
</dokumente>