<?xml version="1.0" encoding="UTF-8" ?><!DOCTYPE dokumente SYSTEM "http://www.gesetze-im-internet.de/dtd/1.01/gii-norm.dtd">
<dokumente builddate="20120625152644" doknr="BJNR213770961"><norm builddate="20120625152644" doknr="BJNR213770961"><metadaten><jurabk>StreitAbk GBR</jurabk><ausfertigung-datum manuell="ja">1959-08-03</ausfertigung-datum><fundstelle typ="amtlich"><periodikum>BGBl II</periodikum><zitstelle>1961, 1377</zitstelle></fundstelle><langue>Abkommen zwischen der Bundesrepublik Deutschland und dem Vereinigten
Königreich Großbritannien und Nordirland über die Beilegung von Streitigkeiten
bei Direktbeschaffungen</langue></metadaten><textdaten><text format="decorated"/><fussnoten><Content><P>G v. 18.8.1961 II 1183 <BR/>Inkraft gem. Bek. v. 16.6.1963 II 745 mWv 1.7.1963 <BR/>Überschrift: Diese Vorschrift gilt nicht in Berlin (West) gem. § 3 Nr. 6 Buchst. h G v. 25.9.1990 I 2106 und nicht in dem in Artikel 3 des Einigungsvertrages genannten Gebiet gem. Artikel 11 und Anl. I Kap. I Nr. 6 EinigVtr v. 31.8.1990 iVm Art. 1 G v. 23.9.1990 II 885, 908</P></Content></fussnoten></textdaten></norm>
</dokumente>