<?xml version="1.0" encoding="UTF-8" ?><!DOCTYPE dokumente SYSTEM "http://www.gesetze-im-internet.de/dtd/1.01/gii-norm.dtd">
<dokumente builddate="20200124213016" doknr="BJNR704380016"><norm builddate="20200124213016" doknr="BJNR704380016"><metadaten><jurabk>StrandschutzwerkSicherungsV</jurabk><amtabk>StrandschutzwerkSicherungsV</amtabk><ausfertigung-datum manuell="ja">2016-06-06</ausfertigung-datum><fundstelle typ="amtlich"><periodikum>VkBl</periodikum><zitstelle>2016, 438</zitstelle></fundstelle><kurzue>Strandschutzwerk-Sicherungsverordnung Borkum</kurzue><langue>Bekanntmachung der Verordnung über die Sicherung von Strandschutzwerken auf der Nordseeinsel Borkum</langue><standangabe checked="ja"><standtyp>Stand</standtyp><standkommentar>Geändert durch Art. 1 V v. 2.9.2019 VkBl. 628</standkommentar></standangabe></metadaten><textdaten><fussnoten><Content><P><BR/> <pre xml:space="preserve">(+++ Textnachweis ab: 1.7.2016 +++)<BR/><BR/></pre></P></Content></fussnoten></textdaten></norm>
<norm builddate="20200124213016" doknr="BJNR704380016BJNE000100000"><metadaten><jurabk>StrandschutzwerkSicherungsV</jurabk><enbez>Eingangsformel</enbez></metadaten><textdaten><text format="XML"><Content><P>Die Generaldirektion Wasserstraßen und Schifffahrt verordnet<DL Font="normal" Type="arabic"><DT>-</DT><DD Font="normal"><LA Size="normal">auf Grund des § 27 Absatz 1 des Bundeswasserstraßengesetzes in der Fassung der Bekanntmachung vom 23. Mai 2007 (BGBl. I S. 962; BGBl. 2008 I S. 1980), § 27 Absatz 1 geändert durch Artikel 522 Nummer 2 der Verordnung vom 31. August 2015 (BGBl. S. 1474), in Verbindung mit § 1 der Verordnung über die Übertragung der Ermächtigung zum Erlass von Strompolizeiverordnungen nach dem Bundeswasserstraßengesetz vom 15. April 1969 (BGBl. II S. 853), der durch Artikel 21 der Verordnung vom 02. Juni 2016 geändert worden ist und</LA></DD><DT>-</DT><DD Font="normal"><LA Size="normal">auf Grund des § 46 Satz 1 Nummer 3 des Bundeswasserstraßengesetzes in der Fassung der Bekanntmachung vom 23. Mai 2007 (BGBl. I S. 962; BGBl. 2008 I S. 1980), § 46 Satz 1 Nummer 3 geändert durch Artikel 522 Nummer 7 der Verordnung vom 31. August 2015 (BGBl. S. 1474), in Verbindung mit § 1 der Verordnung zur Übertragung der Ermächtigung zum Erlass von Rechtsverordnungen nach dem Bundeswasserstraßengesetz über die Regelung, Beschränkung oder Untersagung des Gemeingebrauchs vom 21. September 1971 (BGBl. I S. 1617), der zuletzt durch Artikel 24 der Verordnung vom 02. Juni 2016 geändert worden ist:</LA></DD></DL></P></Content></text></textdaten></norm>
<norm builddate="20200124213016" doknr="BJNR704380016BJNE000200000"><metadaten><jurabk>StrandschutzwerkSicherungsV</jurabk><enbez>§ 1</enbez><titel format="XML">Befahrensverbot</titel></metadaten><textdaten><text format="XML"><Content><P>(1) Das Befahren der als Promenadenweg ausgebauten Berme auf der Uferschutzmauer der Insel Borkum vom nördlichen Anfang (Buhne 1) bis einschließlich Buhne 28 und des anschließenden Asphaltdeckwerkes bis zum südlichen Ende (Buhne 35) sowie der dazugehörigen Buhnen mit Kraftfahrzeugen einschließlich Krafträdern, Kleinkrafträdern und Mobilitätshilfen ist verboten.</P><P>(2) Das Befahrensverbot ist durch das Schild 1 der Anlage zu dieser Verordnung, durch Zäune oder durch Schranken kenntlich gemacht.</P></Content></text></textdaten></norm>
<norm builddate="20200124213016" doknr="BJNR704380016BJNE000300000"><metadaten><jurabk>StrandschutzwerkSicherungsV</jurabk><enbez>§ 2</enbez><titel format="XML">Ausnahmen</titel></metadaten><textdaten><text format="XML"><Content><P>(1) Ausnahmen von dem Verbot des § 1 Absatz 1 können durch Einzelgenehmigung zugelassen werden.</P><P>(2) Eine Einzelgenehmigung wird dem Antragsteller unter dem Vorbehalt des Widerrufs schriftlich erteilt. Die Genehmigung kann mit Nebenbestimmungen versehen werden. Der Inhaber der Genehmigung hat den Genehmigungsbescheid mitzuführen und auf Verlangen den mit strompolizeilichen Vollzugsaufgaben beauftragten Bediensteten der Wasserstraßen- und Schifffahrtsverwaltung des Bundes zwecks Überprüfung auszuhändigen.</P><P>(3) In dringenden Fällen kann die Einzelgenehmigung mündlich erteilt werden.</P></Content></text></textdaten></norm>
<norm builddate="20200124213016" doknr="BJNR704380016BJNE000400000"><metadaten><jurabk>StrandschutzwerkSicherungsV</jurabk><enbez>§ 3</enbez><titel format="XML">Befreiungen</titel></metadaten><textdaten><text format="XML"><Content><P>Von dem Befahrensverbot des § 1 Absatz 1 sind die Bediensteten oder Beauftragten der Wasserstraßen- und Schifffahrtsverwaltung des Bundes, anderer Behörden, der Einrichtungen des Rettungs- und des Feuerwehrdienstes sowie sonstiger Hilfsorganisationen befreit, soweit das Befahren zur Erfüllung der dienstlichen Aufgaben erforderlich ist.</P></Content></text></textdaten></norm>
<norm builddate="20200124213016" doknr="BJNR704380016BJNE000500000"><metadaten><jurabk>StrandschutzwerkSicherungsV</jurabk><enbez>§ 4</enbez><titel format="XML">Zuständigkeit</titel></metadaten><textdaten><text format="XML"><Content><P>Ausnahmegenehmigungen nach § 2 erlässt das örtlich zuständige Wasserstraßen- und Schifffahrtsamt.</P></Content></text></textdaten></norm>
<norm builddate="20200124213016" doknr="BJNR704380016BJNE000601124"><metadaten><jurabk>StrandschutzwerkSicherungsV</jurabk><enbez>§ 5</enbez><titel format="XML">Ordnungswidrigkeiten</titel></metadaten><textdaten><text format="XML"><Content><P>Ordnungswidrig im Sinne des § 50 Absatz 1 Nummer 2 des Bundeswasserstraßengesetzes handelt, wer vorsätzlich oder fahrlässig<DL Font="normal" Type="arabic"><DT>1.</DT><DD Font="normal"><LA Size="normal">entgegen § 1 Absatz 1 die Berme, das Asphaltdeckwerk oder eine Buhne befährt,</LA></DD><DT>2.</DT><DD Font="normal"><LA Size="normal">einer vollziehbaren Auflage nach § 2 Absatz 2 Satz 2 zuwiderhandelt oder</LA></DD><DT>3.</DT><DD Font="normal"><LA Size="normal">entgegen § 2 Absatz 2 Satz 3 den Genehmigungsbescheid nicht mitführt oder nicht oder nicht rechtzeitig aushändigt.</LA></DD></DL></P></Content></text><fussnoten/></textdaten></norm>
<norm builddate="20200124213016" doknr="BJNR704380016BJNE000701124"><metadaten><jurabk>StrandschutzwerkSicherungsV</jurabk><enbez>§ 6</enbez><titel format="XML">Übergangsbestimmungen</titel></metadaten><textdaten><text format="XML"><Content><P>Schilder, die am 30. Juni 2016 aufgestellt sind, gelten neben den nach dieser Verordnung aufgestellten Schildern bis zum 31. Dezember 2021 fort. Im Umfang der sich aus den fortgeltenden Schildern ergebenden Verbote oder Berechtigungen ist die Verordnung über die Sicherung von Strandschutzwerken auf der Nordseeinsel Borkum vom 22. Februar 1973 (VkBl. 1973, 218) weiter anzuwenden.</P></Content></text><fussnoten/></textdaten></norm>
<norm builddate="20200124213016" doknr="BJNR704380016BJNE000800000"><metadaten><jurabk>StrandschutzwerkSicherungsV</jurabk><enbez>§ 7</enbez><titel format="XML">Inkrafttreten, Außerkrafttreten</titel></metadaten><textdaten><text format="XML"><Content><P>(1) Diese Verordnung tritt am Tage nach der Verkündung in Kraft.</P><P>(2) Gleichzeitig tritt die Verordnung über die Sicherung von Strandschutzwerken auf der Nordseeinsel Borkum vom 22. Februar 1973 (VkBl. 1973, 218) außer Kraft.</P></Content></text></textdaten></norm>
<norm builddate="20200124213016" doknr="BJNR704380016BJNE000900000"><metadaten><jurabk>StrandschutzwerkSicherungsV</jurabk><enbez>Anlage</enbez><titel format="XML">(zu § 1 Absatz 2)<BR/>Schild zur Kennzeichnung der Verbote</titel></metadaten><textdaten><text format="XML"><Content><P><noindex><kommentar typ="Fundstelle">(Fundstelle: VkBl. 2016, 439)</kommentar></noindex></P><BR/><BR/><P><IMG Align="center" Pos="block" SRC="vkbl_2016_juris-n_VkBl_2016_439_0010.jpg"/></P></Content></text></textdaten></norm>
</dokumente>