<?xml version="1.0" encoding="UTF-8" ?><!DOCTYPE dokumente SYSTEM "http://www.gesetze-im-internet.de/dtd/1.01/gii-norm.dtd">
<dokumente builddate="20130405125923" doknr="BJNR018570975"><norm builddate="20130405125923" doknr="BJNR018570975"><metadaten><jurabk>OrdenErl 4</jurabk><ausfertigung-datum manuell="ja">1975-06-27</ausfertigung-datum><fundstelle typ="amtlich"><periodikum>BGBl I</periodikum><zitstelle>1975, 1857</zitstelle></fundstelle><langue>Vierter Erlaß über die Genehmigung der Stiftung und Verleihung von Orden
und Ehrenzeichen</langue></metadaten><textdaten><text format="XML"><Content><P/></Content></text><fussnoten><Content><P>(+++ Textnachweis ab: 10. 7.1975 +++)</P></Content></fussnoten></textdaten></norm>
<norm builddate="20130405125923" doknr="BJNR018570975BJNE000100315"><metadaten><jurabk>OrdenErl 4</jurabk><enbez>Art 1</enbez></metadaten><textdaten><text format="XML"><Content><P>Auf Grund des § 3 Abs. 1 des Gesetzes über Titel, Orden und Ehrenzeichen vom 26. Juli 1957 (Bundesgesetzbl. I S. 844), zuletzt geändert durch Artikel 33 des Einführungsgesetzes zum Strafgesetzbuch vom 2. März 1974 (Bundesgesetzbl. I S. 469), genehmige ich die Stiftung und Verleihung der <DL Font="normal" Type="arabic"><DT/><DD Font="normal"><LA Size="normal"><SP>Goethe-Medaille</SP></LA></DD> </DL>des Goethe-Instituts zur Pflege deutscher Sprache und Kultur im Ausland e.V.</P></Content></text></textdaten></norm>
<norm builddate="20130405125923" doknr="BJNR018570975BJNE000200315"><metadaten><jurabk>OrdenErl 4</jurabk><enbez>Art 2</enbez></metadaten><textdaten><text format="XML"><Content><P>Ich genehmige die Stiftungsbestimmungen und die Verleihungsbedingungen (Statut und Ausführungsbestimmungen zum Statut) der Goethe-Medaille.</P></Content></text></textdaten></norm>
<norm builddate="20130405125923" doknr="BJNR018570975BJNE000300315"><metadaten><jurabk>OrdenErl 4</jurabk><enbez>Art 3</enbez></metadaten><textdaten><text format="XML"><Content><P>Das Statut und die Ausführungsbestimmungen zum Statut sowie die Abbildung der Goethe-Medaille werden vom Bundesminister des Innern im Bundesanzeiger veröffentlicht.</P></Content></text></textdaten></norm>
<norm builddate="20130405125923" doknr="BJNR018570975BJNE000400315"><metadaten><jurabk>OrdenErl 4</jurabk><enbez>Art 4</enbez></metadaten><textdaten><text format="XML"><Content><P>Jede Änderung der Stiftungsbestimmungen und der Verleihungsbedingungen der Goethe-Medaille und jede Änderung ihrer Form und ihrer Benennung bedarf meiner Genehmigung.</P></Content></text></textdaten></norm>
<norm builddate="20130405125923" doknr="BJNR018570975BJNE000500315"><metadaten><jurabk>OrdenErl 4</jurabk><enbez>Schlußformel</enbez></metadaten><textdaten><text format="XML"><Content><P><SP>Der Bundespräsident</SP> <BR/><SP>Der Bundesminister des Innern</SP> <BR/><SP>Der Bundesminister des Auswärtigen</SP></P></Content></text></textdaten></norm>
</dokumente>