<?xml version="1.0" encoding="UTF-8" ?><!DOCTYPE dokumente SYSTEM "http://www.gesetze-im-internet.de/dtd/1.01/gii-norm.dtd">
<dokumente builddate="20180122214014" doknr="BJNR401200017"><norm builddate="20180122214014" doknr="BJNR401200017"><metadaten><jurabk>PKHB 2018</jurabk><amtabk>PKHB 2018</amtabk><ausfertigung-datum manuell="ja">2017-12-15</ausfertigung-datum><fundstelle typ="amtlich"><periodikum>BGBl I</periodikum><zitstelle>2017, 4012</zitstelle></fundstelle><kurzue>Prozesskostenhilfebekanntmachung 2018</kurzue><langue>Bekanntmachung zu § 115 der Zivilprozessordnung</langue></metadaten><textdaten><fussnoten><Content><P><BR/> <pre xml:space="preserve">(+++ Textnachweis ab: 22.12.2017 +++)<BR/><BR/></pre></P></Content></fussnoten></textdaten></norm>
<norm builddate="20180122214014" doknr="BJNR401200017BJNE000100000"><metadaten><jurabk>PKHB 2018</jurabk><enbez>(XXXX)</enbez></metadaten><textdaten><text format="XML"><Content><P>Auf Grund des § 115 Absatz 1 Satz 5 der Zivilprozessordnung, der zuletzt durch Artikel 6 Nummer 2 des Gesetzes vom 24. März 2011 (BGBl. I S. 453) und Artikel 145 Nummer 2 der Verordnung vom 31. August 2015 (BGBl. I S. 1474) geändert worden ist, wird bekannt gemacht:</P><P>Die ab dem 1. Januar 2018 maßgebenden Beträge, die nach § 115 Absatz 1 Satz 3 Nummer 1 Buchstabe b und Nummer 2 der Zivilprozessordnung vom Einkommen der Partei abzusetzen sind, betragen <DL Type="arabic"><DT>1.</DT><DD Font="normal"><LA>für Parteien, die ein Einkommen aus Erwerbstätigkeit erzielen (§ 115 Absatz 1 Satz 3 Nummer 1 Buchstabe b der Zivilprozessordnung), 219 Euro,</LA></DD><DT>2.</DT><DD Font="normal"><LA>für die Partei und ihren Ehegatten oder ihren Lebenspartner (§ 115 Absatz 1 Satz 3 Nummer 2 Buchstabe a der Zivilprozessordnung) 481 Euro,</LA></DD><DT>3.</DT><DD Font="normal"><LA>für jede weitere Person, der die Partei auf Grund gesetzlicher Unterhaltspflicht Unterhalt leistet, in Abhängigkeit von deren Alter (§ 115 Absatz 1 Satz 3 Nummer 2 Buchstabe b der Zivilprozessordnung): <DL Type="alpha"><DT>a)</DT><DD Font="normal"><LA>Erwachsene 383 Euro,</LA></DD><DT>b)</DT><DD Font="normal"><LA>Jugendliche vom Beginn des 15. bis zur Vollendung des 18. Lebensjahres 364 Euro,</LA></DD><DT>c)</DT><DD Font="normal"><LA>Kinder vom Beginn des siebten bis zur Vollendung des 14. Lebensjahres 339 Euro,</LA></DD><DT>d)</DT><DD Font="normal"><LA>Kinder bis zur Vollendung des sechsten Lebensjahres 275 Euro.</LA></DD></DL></LA></DD></DL></P></Content></text></textdaten></norm>
<norm builddate="20180122214014" doknr="BJNR401200017BJNE000200000"><metadaten><jurabk>PKHB 2018</jurabk><enbez>Schlussformel</enbez></metadaten><textdaten><text format="XML"><Content><P><SP>Der Bundesminister der Justiz und für Verbraucherschutz</SP></P></Content></text></textdaten></norm>
</dokumente>