<?xml version="1.0" encoding="UTF-8" ?><!DOCTYPE dokumente SYSTEM "http://www.gesetze-im-internet.de/dtd/1.01/gii-norm.dtd">
<dokumente builddate="20120625153514" doknr="BJNR301030951"><norm builddate="20120625153514" doknr="BJNR301030951"><metadaten><jurabk>BTBRGGO</jurabk><ausfertigung-datum manuell="ja">1951-04-19</ausfertigung-datum><fundstelle typ="amtlich"><periodikum>BGBl II</periodikum><zitstelle>1951, 103</zitstelle></fundstelle><langue>Gemeinsame Geschäftsordnung des Bundestages und des Bundesrates für den
Ausschuß nach Artikel 77 des Grundgesetzes (Vermittlungsausschuß)</langue><standangabe checked="ja"><standtyp>Stand</standtyp><standkommentar>Zuletzt geändert durch Bek. v. 30.4.2003 I 677</standkommentar></standangabe></metadaten><textdaten><fussnoten><Content><P>(+++ Textnachweis ab: 11.2.1970 +++) <BR/>(+++ Geschäftsordnung ergänzt durch Bek. v. 12.11.1990 I 2557 (BTBRGGOÄndErgBek 1990) +++)</P></Content></fussnoten></textdaten></norm>
<norm builddate="20120625153514" doknr="BJNR301030951BJNE000100304"><metadaten><jurabk>BTBRGGO</jurabk><enbez>Eingangsformel</enbez></metadaten><textdaten><text format="XML"><Content><P>Zur Ausführung des Artikels 77 des Grundgesetzes hat der Bundestag mit Zustimmung des Bundesrates für den Vermittlungsausschuß die folgende Geschäftsordnung beschlossen:</P></Content></text><fussnoten/></textdaten></norm>
<norm builddate="20120625153514" doknr="BJNR301030951BJNE000201305"><metadaten><jurabk>BTBRGGO</jurabk><enbez>§ 1</enbez><titel format="parat">Ständige Mitglieder</titel></metadaten><textdaten><text format="XML"><Content><P>Bundestag und Bundesrat entsenden je 16 ihrer Mitglieder, die den ständigen Vermittlungsausschuß bilden.</P></Content></text><fussnoten/></textdaten></norm>
<norm builddate="20120625153514" doknr="BJNR301030951BJNE000300304"><metadaten><jurabk>BTBRGGO</jurabk><enbez>§ 2</enbez><titel format="parat">Vorsitz</titel></metadaten><textdaten><text format="XML"><Content><P>Der Ausschuß wählt je ein Mitglied des Bundestages und des Bundesrates, die im Vorsitz vierteljährlich sich abwechseln und einander vertreten.</P></Content></text></textdaten></norm>
<norm builddate="20120625153514" doknr="BJNR301030951BJNE000400304"><metadaten><jurabk>BTBRGGO</jurabk><enbez>§ 3</enbez><titel format="parat">Vertretung</titel></metadaten><textdaten><text format="XML"><Content><P>Für jedes Mitglied ist sein Vertreter zu bestellen. Auch die Vertreter müssen Mitglied der entsendenden Körperschaft sein. Sie dürfen an den Sitzungen nur teilnehmen, soweit eine Vertretung notwendig ist.</P></Content></text></textdaten></norm>
<norm builddate="20120625153514" doknr="BJNR301030951BJNE000500304"><metadaten><jurabk>BTBRGGO</jurabk><enbez>§ 4</enbez><titel format="parat">Wechsel der Mitglieder und Stellvertreter</titel></metadaten><textdaten><text format="XML"><Content><P>Die Mitglieder und ihre Stellvertreter können abberufen werden, jedoch ist der Wechsel eines Mitgliedes oder seines Stellvertreters im Wege der Abberufung nur viermal innerhalb der gleichen Wahlperiode des Bundestages zulässig.</P></Content></text></textdaten></norm>
<norm builddate="20120625153514" doknr="BJNR301030951BJNE000600304"><metadaten><jurabk>BTBRGGO</jurabk><enbez>§ 5</enbez><titel format="parat">Bundesregierung</titel></metadaten><textdaten><text format="XML"><Content><P>Die Mitglieder der Bundesregierung haben das Recht und auf Beschluß des Ausschusses die Pflicht, an den Sitzungen teilzunehmen.</P></Content></text></textdaten></norm>
<norm builddate="20120625153514" doknr="BJNR301030951BJNE000700304"><metadaten><jurabk>BTBRGGO</jurabk><enbez>§ 6</enbez><titel format="parat">Teilnahme anderer Personen</titel></metadaten><textdaten><text format="XML"><Content><P>Anderen Personen kann die Teilnahme an den Sitzungen nur durch Beschluß des Ausschusses gestattet werden.</P></Content></text></textdaten></norm>
<norm builddate="20120625153514" doknr="BJNR301030951BJNE000802377"><metadaten><jurabk>BTBRGGO</jurabk><enbez>§ 7</enbez><titel format="parat">Beschlußfähigkeit</titel></metadaten><textdaten><text format="XML"><Content><P>(1) Der Ausschuß ist beschlußfähig, wenn die Mitglieder unter Mitteilung der Tagesordnung mit einer Frist von mindestens fünf Tagen geladen und mindestens zwölf Mitglieder anwesend sind.</P><P>(2) Die Ladungsfrist beginnt mit der Abgabe der Ladung bei den für die Postverteilung zuständigen Stellen von Bundestag und Bundesrat.</P><P>(3) Ein Einigungsvorschlag kann nur beschlossen werden, wenn mindestens je sieben Mitglieder des Bundestages und des Bundesrates anwesend sind.</P></Content>  </text><fussnoten/></textdaten></norm>
<norm builddate="20120625153514" doknr="BJNR301030951BJNE000900304"><metadaten><jurabk>BTBRGGO</jurabk><enbez>§ 8</enbez><titel format="parat">Mehrheit</titel></metadaten><textdaten><text format="XML"><Content><P>Der Ausschuß faßt seine Beschlüsse mit der Mehrheit der Stimmen seiner anwesenden Mitglieder.</P></Content></text></textdaten></norm>
<norm builddate="20120625153514" doknr="BJNR301030951BJNE001000304"><metadaten><jurabk>BTBRGGO</jurabk><enbez>§ 9</enbez><titel format="parat">Unterausschüsse</titel></metadaten><textdaten><text format="XML"><Content><P>Der Ausschuß kann Unterausschüsse einsetzen.</P></Content></text></textdaten></norm>
<norm builddate="20120625153514" doknr="BJNR301030951BJNE001101307"><metadaten><jurabk>BTBRGGO</jurabk><enbez>§ 10</enbez><titel format="parat">Verfahren im Bundestag</titel></metadaten><textdaten><text format="XML"><Content><P>(1) Ein Einigungsvorschlag auf Änderung oder Aufhebung des vom Bundestag beschlossenen Gesetzes ist alsbald auf die Tagesordnung des Bundestages zu setzen. Ein vom Ausschuß bestimmtes Mitglied berichtet im Bundestag und im Bundesrat.</P><P>(2) Der Bundestag stimmt nur über den Einigungsvorschlag ab. Zu dem Vorschlag können vor der Abstimmung Erklärungen abgegeben werden. Ein anderer Antrag zur Sache ist nicht zulässig.</P><P>(3) Sieht der Einigungsvorschlag mehrere Änderungen des Gesetzesbeschlusses vor, so ist in ihm zu bestimmen, ob und inwieweit im Bundestag über Änderungen gemeinsam abzustimmen ist. Enthält der Einigungsvorschlag Änderungen des Grundgesetzes, ist jede Abweichung des Einigungsvorschlages vom Wortlaut des vom Bundestag gemäß Artikel 79 Abs. 2 des Grundgesetzes beschlossenen Gesetzes einzeln abzustimmen. Erfolgt eine Einzelabstimmung über mehrere Änderungen, so ist eine Schlußabstimmung über den Einigungsvorschlag im ganzen erforderlich.</P></Content>  </text><fussnoten/></textdaten></norm>
<norm builddate="20120625153514" doknr="BJNR301030951BJNE001200304"><metadaten><jurabk>BTBRGGO</jurabk><enbez>§ 11</enbez><titel format="parat">Verfahren im Falle eines Einigungsvorschlages auf
Bestätigung des Gesetzesbeschlusses</titel></metadaten><textdaten><text format="XML"><Content><P>Sieht der Einigungsvorschlag eine Bestätigung des vom Bundestag beschlossenen Gesetzes vor, so bedarf es keiner erneuten Beschlußfassung durch den Bundestag. Der Vorsitzende des Ausschusses hat den Vorschlag unverzüglich dem Präsidenten des Bundestages und des Bundesrates mitzuteilen.</P></Content></text><fussnoten/></textdaten></norm>
<norm builddate="20120625153514" doknr="BJNR301030951BJNE001300304"><metadaten><jurabk>BTBRGGO</jurabk><enbez>§ 12</enbez><titel format="parat">Abschluß des Verfahrens</titel></metadaten><textdaten><text format="XML"><Content><P>(1) Wird in der zweiten wegen der gleichen Sache einberufenen Sitzung ein Einigungsvorschlag nicht beschlossen, so kann jedes Mitglied den Abschluß des Verfahrens beantragen.</P><P>(2) Das Verfahren ist abgeschlossen, wenn in der folgenden Sitzung sich keine Mehrheit für einen Einigungsvorschlag findet.</P><P>(3) Auf andere Weise kann das Verfahren ohne Einigungsvorschlag nicht abgeschlossen werden.</P><P>(4) Der Vorsitzende hat den Abschluß des Verfahrens festzustellen und unverzüglich dem Präsidenten des Bundestages und des Bundesrates mitzuteilen.</P></Content>   </text><fussnoten/></textdaten></norm>
<norm builddate="20120625153514" doknr="BJNR301030951BJNE001400304"><metadaten><jurabk>BTBRGGO</jurabk><enbez>§ 13</enbez><titel format="parat">Außerkrafttreten</titel></metadaten><textdaten><text format="XML"><Content><P>Diese Geschäftsordnung tritt, wenn Bundestag oder Bundesrat ihre Aufhebung beschließen, sechs Monate nach der Beschlußfassung außer Kraft, es sei denn, daß der Bundestag vorher mit Zustimmung des Bundesrates eine Änderung beschließt.</P></Content></text></textdaten></norm>
</dokumente>