<?xml version="1.0" encoding="UTF-8" ?><!DOCTYPE dokumente SYSTEM "http://www.gesetze-im-internet.de/dtd/1.01/gii-norm.dtd">
<dokumente builddate="20200924212505" doknr="BJNR012340971"><norm builddate="20200924212505" doknr="BJNR012340971"><metadaten><jurabk>BzBlG</jurabk><amtabk>BzBlG</amtabk><ausfertigung-datum manuell="ja">1971-08-05</ausfertigung-datum><fundstelle typ="amtlich"><periodikum>BGBl I</periodikum><zitstelle>1971, 1234</zitstelle></fundstelle><kurzue>Benzinbleigesetz</kurzue><langue>Gesetz zur Verminderung von Luftverunreinigungen durch Bleiverbindungen in Ottokraftstoffen für Kraftfahrzeugmotore</langue><standangabe checked="ja"><standtyp>Stand</standtyp><standkommentar>Zuletzt geändert durch Art. 102 V v. 19.6.2020 I 1328</standkommentar></standangabe></metadaten><textdaten><fussnoten><Content><P><BR/> <pre xml:space="preserve">(+++ Textnachweis Geltung ab: 1.1.1977 +++)<BR/>(+++ Maßgaben aufgrund EinigVtr nicht mehr anzuwenden gem. Art. 109 Nr. 6 <BR/>     Buchst. a DBuchst. dd G v. 8.12.2010 I 1864 mWv 15.12.2010 +++)<BR/>(+++ Amtlicher Hinweis des Normgebers auf EG-Recht:<BR/>     Umsetzung der<BR/>       EWGRL 611/78 (CELEX Nr: 378L0611) +++)<BR/><BR/></pre></P></Content></fussnoten></textdaten></norm>
<norm builddate="20200924212505" doknr="BJNR012340971BJNE000100319"><metadaten><jurabk>BzBlG</jurabk><enbez>Eingangsformel</enbez></metadaten><textdaten><text format="XML"><Content><P>Der Bundestag hat mit Zustimmung des Bundesrates folgendes Gesetz beschlossen:</P></Content></text></textdaten></norm>
<norm builddate="20200924212505" doknr="BJNR012340971BJNE000200319"><metadaten><jurabk>BzBlG</jurabk><enbez>§ 1</enbez><titel format="XML">Zweck und Anwendungsbereich des Gesetzes</titel></metadaten><textdaten><text format="XML"><Content><P>(1) Zweck dieses Gesetzes ist es, zum Schutz der Gesundheit den Gehalt an Bleiverbindungen und anderen an Stelle von Blei zugesetzten Metallverbindungen in Ottokraftstoffen zu beschränken. Soweit es mit dem Schutz der Gesundheit vereinbar ist, sollen dabei Versorgungsstörungen, Wettbewerbsverzerrungen oder Nachteile hinsichtlich der Verwendbarkeit der Ottokraftstoffe vermieden werden.</P><P>(2) Dieses Gesetz ist anzuwenden auf Ottokraftstoffe, die für Kraftfahrzeugmotore bestimmt sind.</P></Content></text><fussnoten/></textdaten></norm>
<norm builddate="20200924212505" doknr="BJNR012340971BJNE000308116"><metadaten><jurabk>BzBlG</jurabk><enbez>§ 2</enbez><titel format="XML">Begrenzung und Verbot von Zusätzen mit Metallverbindungen</titel></metadaten><textdaten><text format="XML"><Content><P>(1) Ottokraftstoffe, deren Gehalt an Bleiverbindungen, berechnet als Blei, mehr als 0,15 Gramm im Liter (gemessen bei + 15 <ABWFORMAT typ="A"/>Grad C) beträgt, dürfen gewerbsmäßig oder im Rahmen wirtschaftlicher Unternehmungen nicht hergestellt, eingeführt oder sonst in den Geltungsbereich dieses Gesetzes verbracht werden. Ottokraftstoffe, deren Motoroktanzahl den Wert 85 und deren Researchoktanzahl den Wert 95 unterschreitet, dürfen ab 1. Februar 1988 nur in den Verkehr gebracht werden, wenn ihr Gehalt an Bleiverbindungen, berechnet als Blei, nicht mehr als 0,013 Gramm im Liter (gemessen bei + 15 <ABWFORMAT typ="A"/>Grad C) beträgt. Die Oktanzahlen nach Satz 2 sind nach dem hierfür in der Verordnung nach § 2a Abs. 3 vorgeschriebenen Prüfverfahren zu bestimmen. Dem Herstellen im Sinne dieses Gesetzes steht das Zusetzen von Bleiverbindungen gleich.</P><P>(2) Ottokraftstoffe, die nicht zugelassene Zusätze mit anderen Metallverbindungen enthalten, dürfen gewerbsmäßig oder im Rahmen wirtschaftlicher Unternehmungen nicht hergestellt, eingeführt oder sonst in den Geltungsbereich dieses Gesetzes verbracht werden. Absatz 1 Satz 4 gilt für diese Zusätze entsprechend. Das Bundesamt für Wirtschaft und Ausfuhrkontrolle (BAFA) kann auf Antrag im Einvernehmen mit dem Umweltbundesamt und dem Umweltbundesamt Zusätze nach Satz 1 bis zu einem bestimmten zulässigen Höchstgehalt im Ottokraftstoff zulassen, soweit dies mit dem Schutz der Allgemeinheit, insbesondere dem Schutz vor schädlichen Umwelteinwirkungen vereinbar ist. Die Zulassung kann unter Bedingungen erteilt, mit Auflagen verbunden und befristet werden. Sie kann widerrufen werden, wenn die Voraussetzungen für die Zulassung nicht mehr vorliegen. Das Bundesministerium für Umwelt, Naturschutz und nukleare Sicherheit erläßt im Einvernehmen mit dem Bundesministerium für Wirtschaft und Energie Verwaltungsvorschriften über die Grundsätze der Zulassung der Zusätze nach Satz 1.</P></Content></text><fussnoten/></textdaten></norm>
<norm builddate="20200924212505" doknr="BJNR012340971BJNE000400319"><metadaten><jurabk>BzBlG</jurabk><enbez>§ 2a</enbez><titel format="XML">Verbraucherschutz</titel></metadaten><textdaten><text format="XML"><Content><P>(1) Wer im geschäftlichen Verkehr Ottokraftstoffe an den Verbraucher veräußert, hat die vom Hersteller mindestens gewährleistete Qualität der angebotenen Ottokraftstoffe hinsichtlich der Auswirkungen auf das motorische Verhalten gemäß der Rechtsverordnung nach Absatz 3 durch Auszeichnung an den Zapfsäulen oder sonst an der Tankstelle deutlich sichtbar kenntlich zu machen. Der Lieferer hat den Auszeichnungspflichtigen über die Qualität des angelieferten Ottokraftstoffes zu unterrichten.</P><P>(2) Die Hersteller und gewerblichen Einführer von Kraftfahrzeugen haben die für ihre Ottomotoren empfohlenen Kraftstoffqualitäten gemäß der Rechtsverordnung nach Absatz 3 öffentlich bekanntzugeben.</P><P>(3) Die Bundesregierung wird ermächtigt, durch Rechtsverordnung, die nicht der Zustimmung des Bundesrates bedarf, Näheres über Form und Inhalt der Auszeichnung nach Absatz 1 Satz 1, der Unterrichtung nach Absatz 1 Satz 2 und der Bekanntgabe nach Absatz 2 zu bestimmen und festzulegen, auf welche noch im Betrieb befindlichen Kraftfahrzeuge sich die Verpflichtung nach Absatz 2 erstreckt.</P></Content></text><fussnoten/></textdaten></norm>
<norm builddate="20200924212505" doknr="BJNR012340971BJNE000507116"><metadaten><jurabk>BzBlG</jurabk><enbez>§ 3</enbez><titel format="XML">Ausnahmen</titel></metadaten><textdaten><text format="XML"><Content><P>(1) Das Bundesamt für Wirtschaft und Ausfuhrkontrolle (BAFA) kann auf Antrag Ausnahmen von dem Verbot des § 2 Abs. 1 bewilligen, soweit die Einhaltung des zulässigen Höchstgehalts an Bleiverbindungen zu einer erheblichen Gefährdung der Versorgung führen würde.</P><P>(2) Das Bundesamt für Wirtschaft und Ausfuhrkontrolle (BAFA) kann auf Antrag Ausnahmen von dem Verbot des § 2 Abs. 1 bewilligen, soweit die Einhaltung des zulässigen Höchstgehalts an Bleiverbindungen für den Antragsteller eine unzumutbare Härte bedeuten würde und die Ausnahmen dem Zweck des Gesetzes nicht zuwiderlaufen.</P><P>(2a) Das Bundesamt für Wirtschaft und Ausfuhrkontrolle (BAFA) kann auf Antrag Ausnahmen von dem Verbot des § 2 Abs. 1 ferner bewilligen <DL Font="normal" Type="arabic"><DT>1.</DT><DD Font="normal"><LA Size="normal">dem Hersteller für zur Ausfuhr bestimmte Ottokraftstoffe, soweit dadurch keine Gefährdung der Versorgung zu besorgen ist und das Recht des betreffenden Staates nicht entgegensteht,</LA></DD><DT>2.</DT><DD Font="normal"><LA Size="normal">dem Einführer oder Verbringer für zur Vermischung bestimmte Ottokraftstoffe, soweit der Gehalt der Mischung an Bleiverbindungen unter die Begrenzung des § 2 Abs. 1 abgesenkt wird.</LA></DD></DL></P><P>(3) Die Bewilligung kann unter Bedingungen erteilt und mit Auflagen verbunden werden; sie kann widerrufen werden. Die Bewilligung ist zu befristen, im Falle des Absatzes 2 bei einer Ausnahme von der Begrenzung auf 0,40 Gramm Blei im Liter längstens bis zum 31. Dezember 1973 und bei einer Ausnahme von der Begrenzung auf 0,15 Gramm Blei im Liter längstens bis zum 31. Dezember 1977.</P><P>(4) Das Bundesministerium für Umwelt, Naturschutz und nukleare Sicherheit erläßt im Einvernehmen mit dem Bundesministerium der Finanzen und dem Bundesministerium für Wirtschaft und Energie Verwaltungsvorschriften über die Grundsätze, die bei der Bewilligung der Ausnahmen zu beachten sind.</P></Content></text><fussnoten/></textdaten></norm>
<norm builddate="20200924212505" doknr="BJNR012340971BJNE000608116"><metadaten><jurabk>BzBlG</jurabk><enbez>§ 3a</enbez><titel format="XML">Abgabe zum Ausgleich von Wettbewerbsvorteilen bei Ausnahmebewilligung</titel></metadaten><textdaten><text format="XML"><Content><P>(1) Für eine Ausnahmebewilligung, die für einen Zeitraum zwischen dem 1. Januar 1976 und dem 31. Dezember 1977 nach § 3 Abs. 1 oder 2 erteilt wird, hat derjenige, dem die Ausnahme bewilligt wird, an den Bund eine Abgabe von 0,5 Cent je Liter Ottokraftstoff mit einem Bleigehalt bis 0,25 Gramm und eine Abgabe von einem Cent je Liter Ottokraftstoff mit einem höheren Bleigehalt zu entrichten. Die abgabenpflichtige Menge ist das Volumen bei + <ABWFORMAT typ="A"/>12 Grad C. Die Abgabe entsteht, wenn Ottokraftstoff im Rahmen der Ausnahmebewilligung in Herstellungsbetrieben oder Lagern hergestellt, eingeführt oder sonst in den Geltungsbereich dieses Gesetzes verbracht wird. Sie wird jeweils mit Ablauf des zweiten auf diesen Zeitpunkt folgenden Monats fällig.</P><P>(2) Der Schuldner hat für jeden Monat des Zeitraums, auf den die Ausnahmebewilligung befristet worden ist, dem zuständigen Hauptzollamt bis zum Ende des folgenden Monats anzumelden, ob und in welcher Höhe eine Abgabe entstanden ist. Geht die Anmeldung nicht oder nicht rechtzeitig ein, so wird vermutet, daß die Ausnahmebewilligung voll ausgenutzt worden und die Abgabe nach Absatz 1 entstanden ist. Die Abgabe ist unaufgefordert bis zum Fälligkeitstag an das zuständige Hauptzollamt zu entrichten. Soweit dieses Gesetz nichts anderes bestimmt, finden für die Festsetzung, Erhebung, Vollstreckung und das außergerichtliche Rechtsbehelfsverfahren die Vorschriften des Ersten bis Siebenten Teils der Abgabenordnung mit Ausnahme ihrer §§ 30, 76, 172 Abs. 1 Nr. 2, §§ 215 und 221 entsprechende Anwendung. Die Festsetzungsfrist beträgt ein Jahr. Sie beginnt mit Ablauf des Kalenderjahres, in dem die Abgabe entstanden ist. Für die Zahlungsverjährung gelten die §§ 228 bis 232 der Abgabenordnung entsprechend.</P><P>(3) Das Bundesministerium der Finanzen erläßt im Einvernehmen mit dem Bundesministerium für Umwelt, Naturschutz und nukleare Sicherheit und dem Bundesministerium für Wirtschaft und Energie Verwaltungsvorschriften über das bei der Festsetzung, Erhebung und Beitreibung der Abgabe anzuwendende Verfahren.</P></Content></text><fussnoten/></textdaten></norm>
<norm builddate="20200924212505" doknr="BJNR012340971BJNE000700319"><metadaten><jurabk>BzBlG</jurabk><enbez>§ 4</enbez><titel format="parat">Erklärung über die Beschaffenheit einzuführender Ottokraftstoffe</titel></metadaten><textdaten><text format="XML"><Content><P>(1) Bei der Einfuhr oder dem sonstigen Verbringen von Ottokraftstoffen in den Geltungsbereich dieses Gesetzes ist eine schriftliche Erklärung über die Beschaffenheit des Ottokraftstoffes mitzuführen und den Zolldienststellen vorzulegen. Der Einführer oder derjenige, der sonst Ottokraftstoffe in den Geltungsbereich dieses Gesetzes verbringt, hat diese Erklärung als Teil seiner geschäftlichen Unterlagen aufzubewahren.</P><P>(2) Die Bundesregierung wird ermächtigt, durch Rechtsverordnung mit Zustimmung des Bundesrates vorzuschreiben, welche Angaben über die Beschaffenheit des Ottokraftstoffs die schriftliche Erklärung nach Absatz 1 enthalten muß.</P></Content> </text><fussnoten/></textdaten></norm>
<norm builddate="20200924212505" doknr="BJNR012340971BJNE000800319"><metadaten><jurabk>BzBlG</jurabk><enbez>§ 5</enbez><titel format="parat">Überwachung</titel></metadaten><textdaten><text format="XML"><Content><P>(1) Eigentümer oder Betreiber von Anlagen, in denen Ottokraftstoffe gewerbsmäßig oder im Rahmen wirtschaftlicher Unternehmungen hergestellt werden, Eigentümer und Besitzer von Grundstücken, auf denen Ottokraftstoffe gewerbsmäßig oder im Rahmen wirtschaftlicher Unternehmungen gelagert werden, sowie diejenigen, die Ottokraftstoffe gewerbsmäßig oder im Rahmen wirtschaftlicher Unternehmungen einführen oder sonst in den Geltungsbereich dieses Gesetzes verbringen, haben der nach Landesrecht zuständigen Behörde auf Verlangen die Auskünfte zu erteilen, die zur Durchführung dieses Gesetzes oder einer auf Grund dieses Gesetzes erlassenen Rechtsverordnung erforderlich sind.</P><P>(2) Der zur Auskunft Verpflichtete kann die Auskunft auf solche Fragen verweigern, deren Beantwortung ihn selbst oder einen der in § 383 Abs. 1 Nr. 1 bis 3 der Zivilprozeßordnung bezeichneten Angehörigen der Gefahr strafgerichtlicher Verfolgung oder eines Verfahrens nach dem Gesetz über Ordnungswidrigkeiten aussetzen würde.</P><P>(3) Die von der zuständigen Behörde mit der Einholung von Auskünften beauftragten Personen sind im Rahmen des Absatzes 1 befugt, Grundstücke, Anlagen und Geschäftsräume des Auskunftspflichtigen zu betreten, dort Prüfungen und Besichtigungen vorzunehmen, Stichproben zu entnehmen und in die geschäftlichen Unterlagen des Auskunftspflichtigen Einsicht zu nehmen. Die Kosten, die bei der Entnahme der Proben und deren Untersuchung entstehen, trägt der Auskunftspflichtige.</P><P>(4) Auf die nach den Absätzen 1 und 3 erlangten Kenntnisse und Unterlagen sind §§ 93, 97, 105 Abs. 1, § 111 Abs. 5 in Verbindung mit § 105 Abs. 1 sowie § 116 Abs. 1 der Abgabenordnung nicht anzuwenden. Dies gilt nicht, soweit die Finanzbehörden die Kenntnisse für die Durchführung eines Verfahrens wegen einer Steuerstraftat sowie eines damit zusammenhängenden Besteuerungsverfahren benötigen, an deren Verfolgung ein zwingendes öffentliches Interesse besteht, oder soweit es sich um vorsätzlich falsche Angaben des Auskunftspflichtigen oder der für ihn tätigen Personen handelt.</P></Content>   </text><fussnoten/></textdaten></norm>
<norm builddate="20200924212505" doknr="BJNR012340971BJNE000900319"><metadaten><jurabk>BzBlG</jurabk><enbez>§ 6</enbez></metadaten><textdaten><text format="XML"><Content><P>-</P></Content></text><fussnoten/></textdaten></norm>
<norm builddate="20200924212505" doknr="BJNR012340971BJNE001002377"><metadaten><jurabk>BzBlG</jurabk><enbez>§ 7</enbez><titel format="parat">Ordnungswidrigkeiten</titel></metadaten><textdaten><text format="XML"><Content><P>(1) Ordnungswidrig handelt, wer vorsätzlich oder fahrlässig <DL Font="normal" Type="arabic"><DT>1.</DT><DD Font="normal"><LA Size="normal">Ottokraftstoffe,<DL Font="normal" Type="arabic"><DT>a)</DT><DD Font="normal"><LA Size="normal">die einen höheren als den nach § 2 Abs. 1 zulässigen Gehalt an Bleiverbindungen enthalten,</LA></DD> <DT>b)</DT><DD Font="normal"><LA Size="normal">die nicht zugelassene Zusätze mit anderen Metallverbindungen enthalten,</LA></DD> </DL></LA><LA Size="normal">gewerbsmäßig oder im Rahmen einer wirtschaftlichen Unternehmung herstellt, einführt, sonst in den Geltungsbereich dieses Gesetzes verbringt oder in den Verkehr bringt,</LA></DD>  <DT>2.</DT><DD Font="normal"><LA Size="normal"><DL Font="normal" Type="arabic"><DT>a)</DT><DD Font="normal"><LA Size="normal">entgegen § 2a Abs.1 Satz 1 die mindestens gewährleistete Qualität der angebotenen Ottokraftstoffe nicht oder nicht richtig kenntlich macht,</LA></DD> <DT>b)</DT><DD Font="normal"><LA Size="normal">entgegen § 2a Abs. 1 Satz 2 den Kennzeichnungspflichtigen nicht oder nicht richtig unterrichtet,</LA></DD> <DT>c)</DT><DD Font="normal"><LA Size="normal">entgegen § 2a Abs. 2 die empfohlenen Kraftstoffqualitäten nicht bekanntgibt.</LA></DD> </DL></LA></DD> <DT>3.</DT><DD Font="normal"><LA Size="normal">Entgegen § 4 Abs. 1 Satz 2 die schriftliche Erklärung des Herstellers nicht aufbewahrt,</LA></DD> <DT>4.</DT><DD Font="normal"><LA Size="normal">entgegen § 5 Abs. 1 eine Auskunft nicht, nicht richtig, nicht vollständig oder nicht rechtzeitig erteilt oder</LA></DD> <DT>5.</DT><DD Font="normal"><LA Size="normal">entgegen § 5 Abs. 3 eine Prüfung oder Besichtigung, die Entnahme von Stichproben oder die Einsicht in geschäftliche Unterlagen nicht gestattet.</LA></DD> </DL> </P><P>(2) Die Ordnungswidrigkeit kann mit einer Geldbuße bis zu fünfundzwanzigtausend Euro geahndet werden.</P><P>(3) Ottokraftstoffe, auf die sich eine Ordnungswidrigkeit nach Absatz 1 Nr. 1 bezieht, können eingezogen werden. § 23 des Gesetzes über Ordnungswidrigkeiten ist anzuwenden.</P></Content> </text><fussnoten/></textdaten></norm>
<norm builddate="20200924212505" doknr="BJNR012340971BJNE001100319"><metadaten><jurabk>BzBlG</jurabk><enbez>§ 8</enbez><titel format="parat">Einfuhr von Ottokraftstoffen zu Verteidigungszwecken</titel></metadaten><textdaten><text format="XML"><Content><P>Dieses Gesetz findet keine Anwendung auf die Einfuhr von Ottokraftstoffen mit einem höheren als dem in § 2 Abs. 1 festgelegten Gehalt an Bleiverbindungen, wenn die Einfuhr auf Grund entsprechender internationaler Vereinbarungen der Bundesrepublik Deutschland zu Verteidigungszwecken erforderlich ist.</P></Content></text></textdaten></norm>
<norm builddate="20200924212505" doknr="BJNR012340971BJNE001200319"><metadaten><jurabk>BzBlG</jurabk><enbez>§ 9</enbez><titel format="parat">Berlin-Klausel</titel></metadaten><textdaten><text format="XML"><Content><P>Dieses Gesetz gilt nach Maßgabe des § 13 Abs. 1 des Dritten Überleitungsgesetzes vom 4. Januar 1952 (Bundesgesetzbl. I S. 1) auch im Land Berlin. Rechtsverordnungen, die auf Grund dieses Gesetzes erlassen werden, gelten im Land Berlin nach § 14 des Dritten Überleitungsgesetzes.</P></Content></text></textdaten></norm>
<norm builddate="20200924212505" doknr="BJNR012340971BJNE001300319"><metadaten><jurabk>BzBlG</jurabk><enbez>§ 10</enbez><titel format="parat">Inkrafttreten</titel></metadaten><textdaten><text format="XML"><Content><P>Dieses Gesetz tritt am Tag nach seiner Verkündung in Kraft.</P></Content></text></textdaten></norm>
</dokumente>