<?xml version="1.0" encoding="UTF-8" ?><!DOCTYPE dokumente SYSTEM "http://www.gesetze-im-internet.de/dtd/1.01/gii-norm.dtd">
<dokumente builddate="20130405131529" doknr="BJNR152900012"><norm builddate="20130405131529" doknr="BJNR152900012"><metadaten><jurabk>BMinGErnAnO</jurabk><ausfertigung-datum manuell="ja">2012-07-11</ausfertigung-datum><fundstelle typ="amtlich"><periodikum>BGBl I</periodikum><zitstelle>2012, 1529</zitstelle></fundstelle><langue>Anordnung über die Ernennung und Entlassung der Bundesbeamtinnen und Bundesbeamten im Geschäftsbereich des Bundesministeriums für Gesundheit</langue></metadaten><textdaten><fussnoten><Content><P><BR/> <pre xml:space="preserve">(+++ Textnachweis ab: 19.7.2012 +++)<BR/><BR/></pre></P></Content></fussnoten></textdaten></norm>
<norm builddate="20130405131529" doknr="BJNR152900012BJNE000100000"><metadaten><jurabk>BMinGErnAnO</jurabk><enbez>I.</enbez></metadaten><textdaten><text format="XML"><Content><P>Nach Artikel 1 Absatz 1 Satz 2 der Anordnung des Bundespräsidenten über die Ernennung und Entlassung der Beamtinnen, Beamten, Richterinnen und Richter des Bundes vom 23. Juni 2004 (BGBl. I S. 1286) wird die Ausübung des Rechtes zur Ernennung und Entlassung der Bundesbeamtinnen und Bundesbeamten bis zur Besoldungsgruppe A 15 der Bundesbesoldungsordnung A (Anlage I des Bundesbesoldungsgesetzes) widerruflich übertragen auf: <DL Font="normal" Type="Dash"><DT>–</DT><DD Font="normal"><LA Size="normal">die Direktorin oder den Direktor der Bundeszentrale für gesundheitliche Aufklärung,</LA></DD><DT>–</DT><DD Font="normal"><LA Size="normal">die Direktorin oder den Direktor des Deutschen Instituts für medizinische Dokumentation und Information,</LA></DD><DT>–</DT><DD Font="normal"><LA Size="normal">die Präsidentin und Professorin oder den Präsidenten und Professor des Bundesinstituts für Arzneimittel und Medizinprodukte,</LA></DD><DT>–</DT><DD Font="normal"><LA Size="normal">die Präsidentin und Professorin oder den Präsidenten und Professor des Paul-Ehrlich-Instituts,</LA></DD><DT>–</DT><DD Font="normal"><LA Size="normal">die Präsidentin und Professorin oder den Präsidenten und Professor des Robert Koch-Instituts.</LA></DD></DL></P></Content></text></textdaten></norm>
<norm builddate="20130405131529" doknr="BJNR152900012BJNE000200000"><metadaten><jurabk>BMinGErnAnO</jurabk><enbez>II.</enbez></metadaten><textdaten><text format="XML"><Content><P>Diese Anordnung ist ab dem Tag nach der Verkündung anzuwenden. Von diesem Zeitpunkt an ist die Anordnung über die Ernennung und Entlassung der Bundesbeamtinnen und Bundesbeamten im Geschäftsbereich des Bundesministeriums für Gesundheit und Soziale Sicherung vom 6. Mai 2003 (BGBl. I S. 678) nicht mehr anzuwenden, soweit sie Regelungen für die Beamtinnen und Beamten der Bundeszentrale für gesundheitliche Aufklärung, des Deutschen Instituts für medizinische Dokumentation und Information, des Bundesinstituts für Arzneimittel und Medizinprodukte, des Paul-Ehrlich-Instituts und des Robert Koch-Instituts enthält.</P></Content></text></textdaten></norm>
<norm builddate="20130405131529" doknr="BJNR152900012BJNE000300000"><metadaten><jurabk>BMinGErnAnO</jurabk><enbez>Schlussformel</enbez></metadaten><textdaten><text format="XML"><Content><P><SP>Der Bundesminister für Gesundheit</SP></P></Content></text></textdaten></norm>
</dokumente>