<?xml version="1.0" encoding="UTF-8" ?><!DOCTYPE dokumente SYSTEM "http://www.gesetze-im-internet.de/dtd/1.01/gii-norm.dtd">
<dokumente builddate="20160623215501" doknr="BJNR000030973"><norm builddate="20160623215501" doknr="BJNR000030973"><metadaten><jurabk>WZG§4DZABek</jurabk><ausfertigung-datum manuell="ja">1972-12-18</ausfertigung-datum><fundstelle typ="amtlich"><periodikum>BGBl I</periodikum><zitstelle>1973, 3</zitstelle></fundstelle><langue>Bekanntmachung zu § 4 des Warenzeichengesetzes</langue></metadaten><textdaten><text format="XML"><Content><P/></Content></text><fussnoten><Content><P>(+++ Textnachweis ab:  6. 1.1973 +++)</P></Content></fussnoten></textdaten></norm>
<norm builddate="20160623215501" doknr="BJNR000030973BJNE000100303"><metadaten><jurabk>WZG§4DZABek</jurabk><enbez>(XXXX)</enbez></metadaten><textdaten><text format="XML"><Content><P>(1) Auf Grund des § 4 Abs. 2 Nr. 3 des Warenzeichengesetzes in der Fassung der Bekanntmachung vom 2. Januar 1968 (Bundesgesetzbl. I S. 1, 29), zuletzt geändert durch Gesetz vom 23. Juni 1970 (Bundesgesetzbl. I S. 805), wird in der Anlage ein Gewährzeichen bekanntgemacht, das in Algerien für Erzeugnisse des Weinbaus eingeführt ist.</P><P>(2) Diese Bekanntmachung ergeht im Anschluß an die Bekanntmachung vom 25. September 1972 (Bundesgesetzbl. I S. 1890).</P></Content></text></textdaten></norm>
<norm builddate="20160623215501" doknr="BJNR000030973BJNE000900303"><metadaten><jurabk>WZG§4DZABek</jurabk><enbez>Schlussformel</enbez></metadaten><textdaten><text format="XML"><Content><P>Der Bundesminister der Justiz</P></Content></text></textdaten></norm>
<norm builddate="20160623215501" doknr="BJNR000030973BJNE000200303"><metadaten><jurabk>WZG§4DZABek</jurabk><enbez>Anlage</enbez></metadaten><textdaten><text format="XML"><Content><P><noindex><kommentar typ="Fundstelle">Fundstelle: BGBl. I 1973, 3)</kommentar></noindex><BR/><BR/><B>Gewährzeichen des Algerischen &quot;Institut de la Vigne et du Vin&quot;</B><IMG Align="center" Pos="block" SRC="bgbl1_1973_j0003_0010.jpg"/></P></Content></text></textdaten></norm>
</dokumente>