<?xml version="1.0" encoding="UTF-8" ?><!DOCTYPE dokumente SYSTEM "http://www.gesetze-im-internet.de/dtd/1.01/gii-norm.dtd">
<dokumente builddate="20120625151713" doknr="BJNR206380952"><norm builddate="20120625151713" doknr="BJNR206380952"><metadaten><jurabk>IMFAbk</jurabk><ausfertigung-datum manuell="ja">1944-07-22</ausfertigung-datum><fundstelle typ="amtlich"><periodikum>BGBl II</periodikum><zitstelle>1952, 638</zitstelle></fundstelle><langue>Abkommen über den internationalen Währungsfonds</langue></metadaten><textdaten><text format="decorated"/><fussnoten><Content><P>G v. 28.7.1952 II 637 <BR/>In Kraft gem. Bek. v. 26.8.1952 II 728 mWv 14.8.1952</P></Content></fussnoten></textdaten></norm>
</dokumente>