<?xml version="1.0" encoding="UTF-8" ?><!DOCTYPE dokumente SYSTEM "http://www.gesetze-im-internet.de/dtd/1.01/gii-norm.dtd">
<dokumente builddate="20130405130939" doknr="BJNR101940985"><norm builddate="20130405130939" doknr="BJNR101940985"><metadaten><jurabk>BPräsAmtsbezAnO 1985-01</jurabk><ausfertigung-datum manuell="ja">1985-01-22</ausfertigung-datum><fundstelle typ="amtlich"><periodikum>BGBl I</periodikum><zitstelle>1985, 194</zitstelle></fundstelle><langue>Anordnung des Bundespräsidenten über die Festsetzung einer
Amtsbezeichnung</langue></metadaten><textdaten><text format="XML"><Content><P/></Content></text><fussnoten><Content><P>(+++ Textnachweis ab: 31. 1.1985 +++)</P></Content></fussnoten></textdaten></norm>
<norm builddate="20130405130939" doknr="BJNR101940985BJNE000100304"><metadaten><jurabk>BPräsAmtsbezAnO 1985-01</jurabk><enbez>(XXXX)</enbez></metadaten><textdaten><text format="XML"><Content><P>Gemäß § 81 Abs. 1 des Bundesbeamtengesetzes setze ich folgende Amtsbezeichnung fest: <BR/>Direktor beim Amt für den Militärischen Abschirmdienst <DL Font="normal" Type="arabic"><DT/><DD Font="normal"><LA Size="normal">- als der ständige Vertreter des Amtschefs -</LA></DD></DL></P></Content></text></textdaten></norm>
</dokumente>