<?xml version="1.0" encoding="UTF-8" ?><!DOCTYPE dokumente SYSTEM "http://www.gesetze-im-internet.de/dtd/1.01/gii-norm.dtd">
<dokumente builddate="20120625150407" doknr="BDNR001510946"><norm builddate="20120625150407" doknr="BDNR001510946"><metadaten><jurabk>UrtAufhV BA</jurabk><ausfertigung-datum manuell="ja">1946-12-23</ausfertigung-datum><fundstelle typ="amtlich"><periodikum>BAGVBl</periodikum><zitstelle>1946, 151</zitstelle></fundstelle><langue>Landesverordnung über die Aufhebung von Urteilen der Strafgerichte und
die Beseitigung nationalsozialistischer Eingriffe in die Strafrechtspflege</langue></metadaten><textdaten><text format="decorated"/><fussnoten><Content><P>Partielles Recht für (das ehemalige Land) Baden:</P></Content></fussnoten></textdaten></norm>
</dokumente>