<?xml version="1.0" encoding="UTF-8" ?><!DOCTYPE dokumente SYSTEM "http://www.gesetze-im-internet.de/dtd/1.01/gii-norm.dtd">
<dokumente builddate="20130405124529" doknr="BJNR001800950"><norm builddate="20130405124529" doknr="BJNR001800950"><metadaten><jurabk>WPapBerErstrV</jurabk><ausfertigung-datum manuell="ja">1950-05-12</ausfertigung-datum><fundstelle typ="amtlich"><periodikum>BGBl</periodikum><zitstelle>1950, 180</zitstelle></fundstelle><langue>Verordnung über die Erstreckung von Recht der Verwaltung des Vereinigten
Wirtschaftsgebiets auf dem Gebiet der Wertpapierbereinigung und des
Kapitalverkehrs auf die Länder Baden, Rheinland-Pfalz, Württemberg-Hohenzollern
und den bayerischen Kreis Lindau</langue></metadaten><textdaten><text format="XML"><Content><P/></Content></text><fussnoten><Content><P><BR/> <pre xml:space="preserve">(+++ Textnachweis Geltung ab: 1.1.1964 +++)<BR/><BR/></pre>Gilt nicht im Saarland, vgl. § 2 Abschn. VII Nr. 2 G v. 30.6.1959 I 313</P></Content></fussnoten></textdaten></norm>
<norm builddate="20130405124529" doknr="BJNR001800950BJNE000100304"><metadaten><jurabk>WPapBerErstrV</jurabk><enbez>Eingangsformel</enbez></metadaten><textdaten><text format="XML"><Content><P>Auf Grund des Artikels 127 des Grundgesetzes für die Bundesrepublik Deutschland verordnet die Bundesregierung mit Zustimmung der Regierungen der Länder Baden, Rheinland-Pfalz, Württemberg-Hohenzollern und des Kreispräsidenten von Lindau:</P></Content></text></textdaten></norm>
<norm builddate="20130405124529" doknr="BJNR001800950BJNE000200304"><metadaten><jurabk>WPapBerErstrV</jurabk><enbez>§ 1</enbez></metadaten><textdaten><text format="XML"><Content><P>Das Gesetz der Verwaltung des Vereinigten Wirtschaftsgebiets zur Bereinigung des Wertpapierwesens (Wertpapierbereinigungsgesetz) vom 19. August 1949 (WiGBl. S. 295) wird in den Ländern Baden, Rheinland-Pfalz und Württemberg-Hohenzollern sowie im bayerischen Kreis Lindau mit der Maßgabe in Kraft gesetzt, daß auch Wertpapiere in Kraft bleiben, für die eine Lieferbarkeitsbescheinigung nach <DL Font="normal" Type="arabic"><DT>a)</DT><DD Font="normal"><LA Size="normal">der Landesverordnung des Landes Baden über die Lieferbarkeit von Wertpapieren vom 17. Dezember 1949 (Badisches Gesetz- und Verordnungsblatt, Regierungsblatt der Landesregierung Baden, S. 513),</LA></DD> <DT>b)</DT><DD Font="normal"><LA Size="normal">der Landesverordnung des Landes Rheinland-Pfalz über die Lieferbarkeit von Wertpapieren vom 2. September 1949 (Gesetz- und Verordnungsblatt der Landesregierung Rheinland-Pfalz, Teil I, S. 418) oder</LA></DD> <DT>c)</DT><DD Font="normal"><LA Size="normal">der Verordnung des Finanzministeriums des Landes Württemberg-Hohenzollern über die Lieferbarkeit von Wertpapieren vom 1. Juni 1949 (Regierungsblatt für das Land Württemberg-Hohenzollern, Teil B, S. 341, 342)</LA></DD> </DL>bis zum 1. Oktober 1949 ausgestellt worden ist oder auf Grund eines bis zum 31. Januar 1950 gestellten Antrags bis zum 30. September 1950 ausgestellt wird.</P></Content></text></textdaten></norm>
<norm builddate="20130405124529" doknr="BJNR001800950BJNE000300304"><metadaten><jurabk>WPapBerErstrV</jurabk><enbez>§ 2</enbez></metadaten><textdaten><text format="XML"><Content><P>-</P></Content></text><fussnoten/></textdaten></norm>
<norm builddate="20130405124529" doknr="BJNR001800950BJNE000400304"><metadaten><jurabk>WPapBerErstrV</jurabk><enbez>§ 3</enbez></metadaten><textdaten><text format="XML"><Content><P>Diese Verordnung tritt am Tage nach ihrer Verkündung in Kraft.</P></Content></text></textdaten></norm>
</dokumente>