<?xml version="1.0" encoding="UTF-8" ?><!DOCTYPE dokumente SYSTEM "http://www.gesetze-im-internet.de/dtd/1.01/gii-norm.dtd">
<dokumente builddate="20120625154435" doknr="BJNR206000986"><norm builddate="20120625154435" doknr="BJNR206000986"><metadaten><jurabk>SozSichAbkZProt TUN</jurabk><ausfertigung-datum manuell="ja">1984-04-16</ausfertigung-datum><fundstelle typ="amtlich"><periodikum>BGBl II</periodikum><zitstelle>1986, 600</zitstelle></fundstelle><langue>Zusatzprotokoll zu dem Abkommen vom 16. April 1984 zwischen der
Bundesrepublik Deutschland und der Tunesischen Republik über Soziale Sicherheit</langue></metadaten><textdaten><text format="decorated"/><fussnoten><Content><P>G v. 10.4.1986 II 582 <BR/>Inkraft gem. Bek. v. 3.7.1986 II 747 mWv 1.8.1986</P></Content></fussnoten></textdaten></norm>
</dokumente>