<?xml version="1.0" encoding="UTF-8" ?><!DOCTYPE dokumente SYSTEM "http://www.gesetze-im-internet.de/dtd/1.01/gii-norm.dtd">
<dokumente builddate="20220228213021" doknr="BJNR021400022"><norm builddate="20220228213021" doknr="BJNR021400022"><metadaten><jurabk>TGewOpfGedenkBek</jurabk><ausfertigung-datum manuell="ja">2022-02-16</ausfertigung-datum><fundstelle typ="amtlich"><periodikum>BGBl I</periodikum><zitstelle>2022, 214</zitstelle></fundstelle><langue>Bekanntmachung über den Beschluss der Bundesregierung zur Einführung eines nationalen Gedenktages für die Opfer terroristischer Gewalt</langue></metadaten><textdaten><fussnoten><Content><P><BR/> <pre xml:space="preserve">(+++ Textnachweis ab: 25.2.2022 +++)<BR/><BR/></pre></P></Content></fussnoten></textdaten></norm>
<norm builddate="20220228213021" doknr="BJNR021400022BJNE000100000"><metadaten><jurabk>TGewOpfGedenkBek</jurabk><enbez>(XXXX)</enbez></metadaten><textdaten><text format="XML"><Content><P>Die Bundesregierung hat in ihrer Sitzung am 16. Februar 2022 beschlossen, ab dem Jahre 2022 jährlich am 11. März den „Nationalen Gedenktag für die Opfer terroristischer Gewalt“ zu begehen.</P></Content></text></textdaten></norm>
</dokumente>