<?xml version="1.0" encoding="UTF-8" ?><!DOCTYPE dokumente SYSTEM "http://www.gesetze-im-internet.de/dtd/1.01/gii-norm.dtd">
<dokumente builddate="20180405214511" doknr="BJNR073320001"><norm builddate="20180405214511" doknr="BJNR073320001"><metadaten><jurabk>EuRHiÜbkErgVtrCZEG</jurabk><ausfertigung-datum manuell="ja">2001-07-13</ausfertigung-datum><fundstelle typ="amtlich"><periodikum>BGBl II</periodikum><zitstelle>2001, 733 (2002 II 788)</zitstelle></fundstelle><langue>Gesetz zu dem Vertrag vom 2. Februar 2000 zwischen der
Bundesrepublik Deutschland und der Tschechischen Republik
über die Ergänzung des Europäischen Übereinkommens über die Rechtshilfe in
Strafsachen vom 20. April 1959 und die Erleichterung seiner Anwendung</langue></metadaten><textdaten><text format="XML"><Content><P/></Content></text><fussnoten><Content><P><BR/> <pre xml:space="preserve">(+++ Textnachweis ab: 20.7.2001 +++)<BR/><BR/></pre></P></Content></fussnoten></textdaten></norm>
<norm builddate="20180405214511" doknr="BJNR073320001BJNE000100000"><metadaten><jurabk>EuRHiÜbkErgVtrCZEG</jurabk><enbez>Art 1</enbez></metadaten><textdaten><text format="XML"><Content><P>Dem in Prag am 2. Februar 2000 unterzeichneten Vertrag zwischen der Bundesrepublik Deutschland und der Tschechischen Republik über die Ergänzung des Europäischen Übereinkommens über die Rechtshilfe in Strafsachen vom 20. April 1959 und die Erleichterung seiner Anwendung wird zugestimmt. Der Vertrag wird nachstehend veröffentlicht.</P></Content></text></textdaten></norm>
<norm builddate="20180405214511" doknr="BJNR073320001BJNE000200000"><metadaten><jurabk>EuRHiÜbkErgVtrCZEG</jurabk><enbez>Art 2</enbez></metadaten><textdaten><text format="XML"><Content><P>Die Polizeibehörden sind zur Stellung von Ersuchen im Sinne von Artikel 23 des Vertrags nur insoweit befugt, als sie nach innerstaatlichem Recht in eigener Zuständigkeit Anordnungen treffen können.</P></Content></text></textdaten></norm>
<norm builddate="20180405214511" doknr="BJNR073320001BJNE000300000"><metadaten><jurabk>EuRHiÜbkErgVtrCZEG</jurabk><enbez>Art 3</enbez></metadaten><textdaten><text format="XML"><Content><P>Rechtshilfeersuchen tschechischer Behörden, denen eine Zuwiderhandlung zugrunde liegt, die nach deutschem Recht eine Ordnungswidrigkeit wäre, werden so behandelt, als ob ihnen nach deutschem Recht eine mit Strafe bedrohte Handlung zugrunde läge. Die Bewilligungsbehörde kann der Verwaltungsbehörde, die für die Verfolgung der Zuwiderhandlung zuständig wäre, die Vornahme der Rechtshilfehandlung übertragen.</P></Content></text></textdaten></norm>
<norm builddate="20180405214511" doknr="BJNR073320001BJNE000400000"><metadaten><jurabk>EuRHiÜbkErgVtrCZEG</jurabk><enbez>Art 4</enbez></metadaten><textdaten><text format="XML"><Content><P>(1) Dieses Gesetz tritt mit Ausnahme der Artikel 2 und 3 am Tag nach seiner Verkündung in Kraft. Die Artikel 2 und 3 des Vertrages treten gleichzeitig mit dem Vertrag in Kraft.</P><P>(2) Der Tag, an dem der Vertrag nach seinem Artikel 34 Abs. 2 für die Bundesrepublik Deutschland in Kraft tritt, ist im Bundesgesetzblatt bekannt zu geben.</P></Content> </text></textdaten></norm>
</dokumente>