<?xml version="1.0" encoding="UTF-8" ?><!DOCTYPE dokumente SYSTEM "http://www.gesetze-im-internet.de/dtd/1.01/gii-norm.dtd">
<dokumente builddate="20120625154121" doknr="BJNR318000994"><norm builddate="20120625154121" doknr="BJNR318000994"><metadaten><jurabk>IntKonnBek 1994</jurabk><ausfertigung-datum manuell="ja">1994-10-12</ausfertigung-datum><fundstelle typ="amtlich"><periodikum>BGBl I</periodikum><zitstelle>1994, 3180</zitstelle></fundstelle><langue>Bekanntmachung nach Artikel 6 Abs. 3 des Einführungsgesetzes zum Handelsgesetzbuche</langue></metadaten><textdaten><text format="XML"><Content><P/></Content></text><fussnoten><Content><P>(+++ Textnachweis ab: 3.11.1994 +++)</P></Content></fussnoten></textdaten></norm>
<norm builddate="20120625154121" doknr="BJNR318000994BJNE000100320"><metadaten><jurabk>IntKonnBek 1994</jurabk><enbez>(XXXX)</enbez></metadaten><textdaten><text format="XML"><Content><P>Nach Artikel 6 Abs. 3 des Einführungsgesetzes zum Handelsgesetzbuche, der durch Artikel 5 Nr. 1 des Gesetzes vom 25. Juli 1986 (BGBl. I S. 1120) eingefügt worden ist, wird bekanntgegeben, daß das Protokoll vom 23. Februar 1968 zur Änderung des Internationalen Abkommens vom 25. August 1924 zur Vereinheitlichung von Regeln über Konnossemente für <BR/><table frame="none" tocentry="%yes;"><tgroup align="left" char="" charoff="50" cols="2" colsep="0" rowsep="0"><colspec colname="col1" colnum="1" colwidth="40*"/><colspec colname="col2" colnum="2" colwidth="50*"/><tbody valign="top"><row><entry VJ="1" align="left" colsep="0" valign="top">Australien</entry><entry VJ="1" align="left" colsep="0" valign="top">am 16. Oktober 1993 und</entry></row><row><entry VJ="1" align="left" colsep="0" valign="top">Mexiko</entry><entry VJ="1" align="left" colsep="0" valign="top">am 20. August 1994</entry></row></tbody></tgroup></table><BR/>in Kraft getreten ist.<BR/>Diese Bekanntmachung ergeht im Anschluß an die Bekanntmachung vom 18. März 1992 (BGBl. I S. 744).<BR/><SP>Bundesministerium der Justiz</SP></P></Content></text></textdaten></norm>
</dokumente>