<?xml version="1.0" encoding="UTF-8" ?><!DOCTYPE dokumente SYSTEM "http://www.gesetze-im-internet.de/dtd/1.01/gii-norm.dtd">
<dokumente builddate="20190721212510" doknr="BJNR011900992"><norm builddate="20190721212510" doknr="BJNR011900992"><metadaten><jurabk>THAKredG</jurabk><amtabk>THAKredG</amtabk><ausfertigung-datum manuell="ja">1992-07-03</ausfertigung-datum><fundstelle typ="amtlich"><periodikum>BGBl I</periodikum><zitstelle>1992, 1190</zitstelle></fundstelle><kurzue>Treuhandkreditaufnahmegesetz</kurzue><langue>Gesetz zur Regelung der Aufnahme von Krediten durch die Treuhandanstalt</langue><standangabe checked="ja"><standtyp>Stand</standtyp><standkommentar>Zuletzt geändert durch Art. 8 Abs. 1 G v. 8.7.2019 I 1002</standkommentar></standangabe></metadaten><textdaten><fussnoten><Content><P><BR/> <pre xml:space="preserve">(+++ Textnachweis ab:  1.1.1992 +++)<BR/><BR/></pre></P></Content></fussnoten></textdaten></norm>
<norm builddate="20190721212510" doknr="BJNR011900992BJNE000100314"><metadaten><jurabk>THAKredG</jurabk><enbez>Eingangsformel</enbez></metadaten><textdaten><text format="XML"><Content><P>Der Bundestag hat das folgende Gesetz beschlossen:</P></Content></text></textdaten></norm>
<norm builddate="20190721212510" doknr="BJNR011900992BJNE000200314"><metadaten><jurabk>THAKredG</jurabk><enbez>§ 1</enbez></metadaten><textdaten><text format="XML"><Content><P>(1) Die Treuhandanstalt wird ermächtigt, in den Wirtschaftsjahren 1992 bis 1994 Kredite bis zur Höhe von 30 Milliarden Deutsche Mark je Wirtschaftsjahr aufzunehmen. Die Übernahme von Altkrediten von Unternehmen, an denen die Treuhandanstalt direkt oder indirekt beteiligt ist, ist nicht auf den Kreditrahmen nach Satz 1 anzurechnen. Altkredite sind alle in der Mark-Schlußbilanz zum 30. Juni 1990 ausgewiesenen Kredite, die im Verhältnis 2 zu 1 in die DM-Eröffnungsbilanz übernommen wurden. Dem Kreditrahmen nach Satz 1 wachsen die Beträge zu, die zur Tilgung von in den Wirtschaftsjahren 1992 bis 1994 fällig werdenden Krediten erforderlich sind.</P><P>(2) Die Inanspruchnahme des Kreditrahmens nach Absatz 1 Satz 1 für die Wirtschaftsjahre 1993 und 1994 bedarf der Einwilligung des Haushaltsausschusses des Deutschen Bundestages, die vom Bundesminister der Finanzen eingeholt wird.</P></Content> </text></textdaten></norm>
<norm builddate="20190721212510" doknr="BJNR011900992BJNE000300314"><metadaten><jurabk>THAKredG</jurabk><enbez>§ 2</enbez></metadaten><textdaten><text format="XML"><Content><P>(1) Die Treuhandanstalt wird ermächtigt, ab Oktober eines Wirtschaftsjahres im Vorgriff auf den Kreditrahmen des nächsten Wirtschaftsjahres Kredite bis zur Höhe von fünf Milliarden Deutsche Mark aufzunehmen. Die danach aufgenommenen Kredite sind auf den Kreditrahmen des nächsten Wirtschaftsjahres anzurechnen. § 1 Abs. 2 findet keine Anwendung.</P><P>(2) Auf den Kreditrahmen nach § 1 Abs. 1 Satz 1 ist bei Schuldverschreibungen in abgezinster Form der Nettobetrag anzurechnen.</P><P>(3) Die Treuhandanstalt wird ermächtigt, zum Ankauf ihrer Schuldtitel im Wege der Marktpflege Kredite ohne Anrechnung auf den Kreditrahmen nach § 1 Abs. 1 Satz 1 aufzunehmen.</P></Content>  </text></textdaten></norm>
<norm builddate="20190721212510" doknr="BJNR011900992BJNE000400314"><metadaten><jurabk>THAKredG</jurabk><enbez>§ 3</enbez></metadaten><textdaten><text format="XML"><Content><P>Der Bundesminister der Finanzen kann den nicht ausgenutzten Kreditrahmen eines Wirtschaftsjahres auf das folgende Wirtschaftsjahr übertragen. Bei unabweisbarem Mehrbedarf kann er mit Einwilligung des Haushaltsausschusses des Deutschen Bundestages eine Überschreitung des jährlichen Kreditrahmens nach § 1 Abs. 1 Satz 1 um bis zu 8 Milliarden Deutsche Mark zulassen.</P></Content></text></textdaten></norm>
<norm builddate="20190721212510" doknr="BJNR011900992BJNE000500314"><metadaten><jurabk>THAKredG</jurabk><enbez>§ 4</enbez></metadaten><textdaten><text format="XML"><Content><P>Der Bund haftet für die von der Treuhandanstalt aufgenommenen Kredite.</P></Content></text></textdaten></norm>
<norm builddate="20190721212510" doknr="BJNR011900992BJNE000602125"><metadaten><jurabk>THAKredG</jurabk><enbez>§ 5</enbez></metadaten><textdaten><text format="XML"><Content><P>Artikel 1 Absatz 2 Buchstabe b der Verordnung (EU) 2017/1129 des Europäischen Parlaments und des Rates vom 14. Juni 2017 über den Prospekt, der beim öffentlichen Angebot von Wertpapieren oder bei deren Zulassung zum Handel an einem geregelten Markt zu veröffentlichen ist und zur Aufhebung der Richtlinie 2003/71/EG (ABl. L 168 vom 30.6.2017, S. 12) gilt auch für Schuldverschreibungen der Treuhandanstalt.</P></Content></text><fussnoten/></textdaten></norm>
<norm builddate="20190721212510" doknr="BJNR011900992BJNE000700314"><metadaten><jurabk>THAKredG</jurabk><enbez>§ 6</enbez></metadaten><textdaten><text format="XML"><Content><P>Dieses Gesetz tritt mit Wirkung vom 1. Januar 1992 in Kraft.</P></Content></text></textdaten></norm>
</dokumente>