<?xml version="1.0" encoding="UTF-8" ?><!DOCTYPE dokumente SYSTEM "http://www.gesetze-im-internet.de/dtd/1.01/gii-norm.dtd">
<dokumente builddate="20120625154330" doknr="BJNR208220959"><norm builddate="20120625154330" doknr="BJNR208220959"><metadaten><jurabk>LuftVGewRAbk</jurabk><ausfertigung-datum manuell="ja">1956-04-30</ausfertigung-datum><fundstelle typ="amtlich"><periodikum>BGBl II</periodikum><zitstelle>1959, 822</zitstelle></fundstelle><langue>Mehrseitiges Abkommen über gewerbliche Rechte im nichtplanmäßigen
Luftverkehr in Europa</langue></metadaten><textdaten><text format="decorated"/><fussnoten><Content><P>G v. 9.7.1959 II 821 Inkraft gem. Bek. v. 29.12.1959, 1960 II 146 mWv 11.12.1959</P></Content></fussnoten></textdaten></norm>
</dokumente>