<?xml version="1.0" encoding="UTF-8" ?><!DOCTYPE dokumente SYSTEM "http://www.gesetze-im-internet.de/dtd/1.01/gii-norm.dtd">
<dokumente builddate="20221206213021" doknr="BJNR213300022"><norm builddate="20221206213021" doknr="BJNR213300022"><metadaten><jurabk>Münz25EuroBek 2022-11-17</jurabk><ausfertigung-datum manuell="ja">2022-11-17</ausfertigung-datum><fundstelle typ="amtlich"><periodikum>BGBl I</periodikum><zitstelle>2022, 2133</zitstelle></fundstelle><langue>Bekanntmachung über die Ausprägung von deutschen Euro-Gedenkmünzen im Nennwert von 25 Euro (Gedenkmünze „Herrnhuter Stern“)</langue></metadaten><textdaten><fussnoten><Content><P><BR/> <pre xml:space="preserve">(+++ Textnachweis ab: 6.12.2022 +++)<BR/><BR/></pre></P></Content></fussnoten></textdaten></norm>
<norm builddate="20221206213021" doknr="BJNR213300022BJNE000100000"><metadaten><jurabk>Münz25EuroBek 2022-11-17</jurabk><enbez>(XXXX)</enbez></metadaten><textdaten><text format="XML"><Content><P>Gemäß den §§ 2, 4 und 5 des Münzgesetzes vom 16. Dezember 1999 (BGBl. I S. 2402) hat die Bundesregierung beschlossen, zum Thema „Herrnhuter Stern“ eine deutsche Euro-Gedenkmünze im Nennwert von 25 Euro prägen zu lassen. Die Münze ist die zweite Ausgabe im Rahmen der 2021 begonnenen Serie „Weihnachten“ (2021 bis 2025, eine Ausgabe pro Jahr). Die Münze wird ab dem 24. November 2022 in den Verkehr gebracht.</P><P>Die Auflage der Münze beträgt ca. 1,1 Millionen Stück, davon maximal 100 000 Stück in Spiegelglanzqualität. Die Prägung erfolgt durch die Staatliche Münze Berlin (Prägezeichen A).</P><P>Die Münze besteht aus Feinsilber (Ag 999), hat einen Durchmesser von 30 Millimetern und eine Masse von 22 Gramm. Die Münze wird als Tellerprägung (hier: konkave Wölbung der Bildseite) hergestellt.</P><P>Der Entwurf der Münze stammt von dem Künstler Martin Dašek aus Tschechien.</P><P>Die Bildseite zeigt als Hauptelemente den Herrnhuter Dachreiter und den Herrnhuter Stern. Das Glockengeläut des Herrnhuter Dachreiters folgt dem dynamisch entgegenstrebenden Stern. Der Entwurf verbindet damit den Hinweis auf örtlichen Ursprung mit weltweiter Wirkung.</P><P>Die Wertseite zeigt einen Adler, den Schriftzug „BUNDESREPUBLIK DEUTSCHLAND“, Wertziffer und Wertbezeichnung, die Jahreszahl „2022“, die zwölf Europasterne sowie das Prägezeichen „A“.</P><P>Der Münzrand wird glatt und ohne Struktur ausgeführt.</P></Content></text></textdaten></norm>
<norm builddate="20221206213021" doknr="BJNR213300022BJNE000200000"><metadaten><jurabk>Münz25EuroBek 2022-11-17</jurabk><enbez>Schlussformel</enbez></metadaten><textdaten><text format="XML"><Content><P><SP>Der Bundesminister der Finanzen</SP></P></Content></text></textdaten></norm>
<norm builddate="20221206213021" doknr="BJNR213300022BJNE000300000"><metadaten><jurabk>Münz25EuroBek 2022-11-17</jurabk><enbez>Anlage</enbez></metadaten><textdaten><text format="XML"><Content><P><noindex><kommentar typ="Fundstelle">(Fundstelle: BGBl. I 2022, 2133)</kommentar></noindex></P><table frame="none" pgwide="1" tocentry="%yes;"><tgroup align="left" char="" charoff="50" cols="2"><colspec colname="col1"/><colspec colname="col2"/><tbody valign="top"><row><entry VJ="1" align="center" colname="col1" colsep="0"><IMG Align="center" Height="207" Pos="inline" SRC="bgbl1_2022_j2133-1_0010.jpg" Type="jpg" Units="72" Width="213" alt=""/></entry><entry VJ="1" align="center" colname="col2"><IMG Align="center" Height="208" Pos="inline" SRC="bgbl1_2022_j2133-1_0020.jpg" Type="jpg" Units="72" Width="214" alt=""/></entry></row></tbody></tgroup></table></Content></text></textdaten></norm>
</dokumente>