<?xml version="1.0" encoding="UTF-8" ?><!DOCTYPE dokumente SYSTEM "http://www.gesetze-im-internet.de/dtd/1.01/gii-norm.dtd">
<dokumente builddate="20251023215004" doknr="BJNR0F70B0025"><norm builddate="20251023215004" doknr="BJNR0F70B0025"><metadaten><jurabk>StruKomLäG</jurabk><amtabk>StruKomLäG</amtabk><ausfertigung-datum manuell="ja">2025-10-20</ausfertigung-datum><fundstelle typ="amtlich"><periodikum>BGBl. I</periodikum><zitstelle>2025, Nr. 247</zitstelle></fundstelle><kurzue>Strukturkomponente-für-Länder-Gesetz</kurzue><langue>Gesetz zur Ausführung von Artikel 109 Absatz 3 Satz 6 und 7 des Grundgesetzes</langue></metadaten><textdaten><fussnoten><Content><P><BR/> <pre xml:space="preserve">(+++ Textnachweis ab: 24.10.2025 +++)<BR/><BR/></pre>Das G wurde als Artikel 1 des G v. 20.10.2025 I Nr. 247 vom Bundestag mit Zustimmung des Bundesrates beschlossen. Es tritt gem. Art. 5 dieses G am 24.10.2025 in Kraft.</P></Content></fussnoten></textdaten></norm>
<norm builddate="20251023215004" doknr="BJNR0F70B0025BJNE000100000"><metadaten><jurabk>StruKomLäG</jurabk><enbez>§ 1</enbez><titel format="XML">Grundlagen zur Bestimmung der für die Gesamtheit der Länder zulässigen strukturellen Kreditaufnahme</titel></metadaten><textdaten><text format="XML"><Content><P>Das zur Bestimmung der zulässigen strukturellen Kreditaufnahme nach Artikel 109 Absatz 3 Satz 6 des Grundgesetzes maßgebliche Bruttoinlandsprodukt wird durch das Statistische Bundesamt ermittelt. Zugrunde zu legen ist das nominale Bruttoinlandsprodukt des Jahres, das dem Jahr, für das der Haushalt aufgestellt wird, zwei Jahre vorangeht. Für das Jahr 2025 ist abweichend von Satz 2 das nominale Bruttoinlandsprodukt des Jahres 2024 zugrunde zu legen.</P></Content></text></textdaten></norm>
<norm builddate="20251023215004" doknr="BJNR0F70B0025BJNE000200000"><metadaten><jurabk>StruKomLäG</jurabk><enbez>§ 2</enbez><titel format="XML">Verteilung der zulässigen strukturellen Kreditaufnahme für die Ländergesamtheit auf die einzelnen Länder gemäß Artikel 109 Absatz 3 Satz 6 und 7 des Grundgesetzes</titel></metadaten><textdaten><text format="XML"><Content><P>(1) Die Verteilung der für die Gesamtheit der Länder nach § 1 zulässigen strukturellen Kreditaufnahme erfolgt zu zwei Dritteln nach dem Verhältnis der Steuereinnahmen gemäß § 7 Absatz 1 des Finanzausgleichsgesetzes vom 20. Dezember 2001 (BGBl. I S. 3955, 3956), das zuletzt durch Artikel 5 des Gesetzes vom 24. Februar 2025 (BGBl. 2025 I Nr. 57) geändert worden ist, unter Hinzurechnung von Zu- und Abschlägen gemäß § 10 des Finanzausgleichsgesetzes und zu einem Drittel nach dem Verhältnis der Einwohnerzahlen gemäß § 9 Absatz 1 des Finanzausgleichsgesetzes. Zugrunde zu legen sind jeweils die Daten des Jahres, das dem Jahr, für das der Haushalt aufgestellt wird, zwei Jahre vorangeht.Als Datengrundlage ist die Verordnung gemäß § 12 des Finanzausgleichsgesetzes des in Satz 2 genannten Jahres heranzuziehen. Die Berechnung der Verteilungsverhältnisse gemäß Satz 1 erfolgt durch das Bundesministerium der Finanzen. Sofern die in Satz 3 genannte Verordnung nicht vorliegt, ist als Datengrundlage die vorläufige Jahresrechnung heranzuziehen, die vom Bundesministerium der Finanzen zum Zweck der vierten Quartalsabrechnung gemäß § 14 Absatz 3 des Finanzausgleichsgesetzes im jeweils ersten Quartal des auf ein Ausgleichsjahr folgenden Jahres erstellt wird. Eine nachträgliche Korrekturberechnung erfolgt nicht.</P><P>(2) Abweichend von Absatz 1 sind für das Jahr 2025 für die Verteilung der für die Gesamtheit der Länder nach § 1 zulässigen strukturellen Kreditaufnahme in dem in Absatz 1 Satz 5 genannten Fall die folgenden Anteile vorzusehen: <table colsep="0" frame="none" pgwide="1" rowsep="0" tocentry="%yes;"><tgroup align="left" char="" charoff="50" cols="2"><colspec colname="col1" colnum="1" colwidth="70*"/><colspec align="right" colname="col2" colnum="2" colwidth="30*"/><tbody valign="top"><row><entry VJ="1" colname="col1">Nordrhein-Westfalen:</entry><entry VJ="1" colname="col2">21,185729515 Prozent</entry></row><row><entry VJ="1" colname="col1">Bayern:</entry><entry VJ="1" colname="col2">15,815236181 Prozent</entry></row><row><entry VJ="1" colname="col1">Baden-Württemberg:</entry><entry VJ="1" colname="col2">13,295583421 Prozent</entry></row><row><entry VJ="1" colname="col1">Niedersachsen:</entry><entry VJ="1" colname="col2">9,497367327 Prozent</entry></row><row><entry VJ="1" colname="col1">Hessen:</entry><entry VJ="1" colname="col2">7,403213757 Prozent</entry></row><row><entry VJ="1" colname="col1">Sachsen:</entry><entry VJ="1" colname="col2">4,716930888 Prozent</entry></row><row><entry VJ="1" colname="col1">Rheinland-Pfalz:</entry><entry VJ="1" colname="col2">4,724931493 Prozent</entry></row><row><entry VJ="1" colname="col1">Sachsen-Anhalt:</entry><entry VJ="1" colname="col2">2,505081662 Prozent</entry></row><row><entry VJ="1" colname="col1">Schleswig-Holstein:</entry><entry VJ="1" colname="col2">3,441987387 Prozent</entry></row><row><entry VJ="1" colname="col1">Thüringen:</entry><entry VJ="1" colname="col2">2,450648957 Prozent</entry></row><row><entry VJ="1" colname="col1">Brandenburg:</entry><entry VJ="1" colname="col2">3,033652425 Prozent</entry></row><row><entry VJ="1" colname="col1">Mecklenburg-Vorpommern:</entry><entry VJ="1" colname="col2">1,858958454 Prozent</entry></row><row><entry VJ="1" colname="col1">Saarland:</entry><entry VJ="1" colname="col2">1,173505842 Prozent</entry></row><row><entry VJ="1" colname="col1">Berlin:</entry><entry VJ="1" colname="col2">5,222546475 Prozent</entry></row><row><entry VJ="1" colname="col1">Hamburg:</entry><entry VJ="1" colname="col2">2,693224867 Prozent</entry></row><row><entry VJ="1" colname="col1">Bremen:</entry><entry VJ="1" colname="col2">0,981401349 Prozent</entry></row></tbody></tgroup></table>Absatz 1 Satz 6 bleibt unberührt.</P><P>(3) Das Bundesministerium der Finanzen berechnet ausgehend von der nach § 1 ermittelten zulässigen strukturellen Kreditaufnahme für die Gesamtheit der Länder unter Anwendung der nach den Absätzen 1 und 2 berechneten Verteilungsverhältnisse die zulässige strukturelle Kreditaufnahme für jedes einzelne Land. Die Ergebnisse stellt das Bundesministerium der Finanzen den Ländern jeweils zum 1. April eines Jahres zur Verfügung. Die ermittelte zulässige strukturelle Kreditaufnahme für jedes einzelne Land ist maßgeblich für das Haushaltsjahr, das dem Jahr der Berechnung folgt, und kann weder gänzlich noch teilweise in ein anderes Haushaltsjahr übertragen werden. Die für die Haushaltsjahre 2025 und 2026 maßgeblichen Ergebnisse werden abweichend von Satz 2 nach Inkrafttreten dieses Gesetzes zur Verfügung gestellt.</P></Content></text></textdaten></norm>
<norm builddate="20251023215004" doknr="BJNR0F70B0025BJNE000300000"><metadaten><jurabk>StruKomLäG</jurabk><enbez>§ 3</enbez><titel format="XML">Geltungsbeginn</titel></metadaten><textdaten><text format="XML"><Content><P>Die gemäß § 2 für jedes Land ermittelte zulässige strukturelle Kreditaufnahme kann erstmals für das Haushaltsjahr 2025 in Anspruch genommen werden.</P></Content></text></textdaten></norm>
</dokumente>