<?xml version="1.0" encoding="UTF-8" ?><!DOCTYPE dokumente SYSTEM "http://www.gesetze-im-internet.de/dtd/1.01/gii-norm.dtd">
<dokumente builddate="20120625154925" doknr="BJNR203750929"><norm builddate="20120625154925" doknr="BJNR203750929"><metadaten><jurabk>MindlohnÜbkG</jurabk><ausfertigung-datum manuell="ja">1929-05-10</ausfertigung-datum><fundstelle typ="amtlich"><periodikum>RGBl II</periodikum><zitstelle>1929, 375</zitstelle></fundstelle><langue>Gesetz betreffend das Internationale Übereinkommen über die Einrichtung
von Verfahren zur Festsetzung von Mindestlöhnen</langue></metadaten><textdaten><text format="XML"><Content><P/></Content></text><fussnoten><Content><P>(+++ Textnachweis Geltung ab:  1. 1.1964 +++)</P></Content></fussnoten></textdaten></norm>
<norm builddate="20120625154925" doknr="BJNR203750929BJNE000100301"><metadaten><jurabk>MindlohnÜbkG</jurabk><enbez>§ 1</enbez></metadaten><textdaten><text format="XML"><Content><P>(1) ... Für die Durchführung des Übereinkommens ist das <I>Hausarbeitsgesetz vom 27. Juni 1923 (Reichsgesetzbl. I S. 472 und 730)</I> maßgebend.</P><P>(2)</P></Content> </text><fussnoten><Content><P>§ 1 Abs. 1 Satz 2 Kursivdruck: HausarbeitsG aufgeh. durch § 41 G v. 23.3.1934 I 214, vgl. jetzt d. HeimarbeitsG HAG 804-1</P></Content></fussnoten></textdaten></norm>
<norm builddate="20120625154925" doknr="BJNR203750929BJNE000200301"><metadaten><jurabk>MindlohnÜbkG</jurabk><enbez>§ 2</enbez></metadaten><textdaten><text format="XML"><Content><P>(1) Dieses Gesetz tritt mit dem auf die Verkündung folgenden Tag in Kraft.</P><P>(2)</P></Content> </text><fussnoten/></textdaten></norm>
</dokumente>