<?xml version="1.0" encoding="UTF-8" ?><!DOCTYPE dokumente SYSTEM "http://www.gesetze-im-internet.de/dtd/1.01/gii-norm.dtd">
<dokumente builddate="20120625153907" doknr="BJNR206220992"><norm builddate="20120625153907" doknr="BJNR206220992"><metadaten><jurabk>DtPlJWAbkV</jurabk><ausfertigung-datum manuell="ja">1992-08-26</ausfertigung-datum><fundstelle typ="amtlich"><periodikum>BGBl II</periodikum><zitstelle>1992, 622</zitstelle></fundstelle><langue>Verordnung zu dem Abkommen vom 17. Juni 1991 zwischen der Regierung der
Bundesrepublik Deutschland und der Regierung der Republik Polen über das
Deutsch-Polnische Jugendwerk</langue><standangabe checked="ja"><standtyp>Sonst</standtyp><standkommentar>In Kraft gem. Bek. v. 20.4.1993 II 848 mWv 21.9.1992</standkommentar></standangabe></metadaten><textdaten><fussnoten><Content><P><BR/> <pre xml:space="preserve"> <BR/>(+++ Textnachweis ab:  8. 9.1992 +++)<BR/><BR/></pre></P></Content></fussnoten></textdaten></norm>
<norm builddate="20120625153907" doknr="BJNR206220992BJNE000100305"><metadaten><jurabk>DtPlJWAbkV</jurabk><enbez>Eingangsformel</enbez></metadaten><textdaten><text format="XML"><Content><P>Auf Grund des Artikels 3 des Gesetzes vom 22. Juni 1954 über den Beitritt der Bundesrepublik Deutschland zum Abkommen über die Vorrechte und Befreiungen der Sonderorganisationen der Vereinten Nationen vom 21. November 1947 und über die Gewährung von Vorrechten und Befreiungen an andere zwischenstaatliche Organisationen (BGBl. 1954 II S. 639), der durch das Gesetz vom 16. August 1980 (BGBl. 1980 II S. 941) neu gefaßt wurde, verordnet die Bundesregierung:</P></Content></text></textdaten></norm>
<norm builddate="20120625153907" doknr="BJNR206220992BJNE000200305"><metadaten><jurabk>DtPlJWAbkV</jurabk><enbez>Art 1</enbez></metadaten><textdaten><text format="XML"><Content><P>Dem Deutsch-Polnischen Jugendwerk werden die in Artikel 1 Abs. 2 und Artikel 10 des Abkommens vom 17. Juni 1991 zwischen der Regierung der Bundesrepublik Deutschland und der Regierung der Republik Polen über das Deutsch-Polnische Jugendwerk niedergelegten Vorrechte gewährt. Das Abkommen wird nachstehend veröffentlicht.</P></Content></text></textdaten></norm>
<norm builddate="20120625153907" doknr="BJNR206220992BJNE000300305"><metadaten><jurabk>DtPlJWAbkV</jurabk><enbez>Art 2</enbez></metadaten><textdaten><text format="XML"><Content><P>(1) Diese Verordnung tritt an dem Tage in Kraft, an dem das Abkommen nach seinem Artikel 13 für die Bundesrepublik Deutschland in Kraft tritt.</P><P>(2) Diese Verordnung tritt an dem Tage außer Kraft, an dem das Abkommen für die Bundesrepublik Deutschland außer Kraft tritt.</P><P>(3) Der Tag des Inkrafttretens und der Tag des Außerkrafttretens sind im Bundesgesetzblatt bekanntzugeben.</P></Content>  </text></textdaten></norm>
<norm builddate="20120625153907" doknr="BJNR206220992BJNE000400305"><metadaten><jurabk>DtPlJWAbkV</jurabk><enbez>Schlußformel</enbez></metadaten><textdaten><text format="XML"><Content><P>Der Bundesrat hat zugestimmt.</P></Content></text></textdaten></norm>
</dokumente>