<?xml version="1.0" encoding="UTF-8" ?><!DOCTYPE dokumente SYSTEM "http://www.gesetze-im-internet.de/dtd/1.01/gii-norm.dtd">
<dokumente builddate="20120625152955" doknr="BJNR206990970"><norm builddate="20120625152955" doknr="BJNR206990970"><metadaten><jurabk>GrAbfertVtr AUT 1967</jurabk><ausfertigung-datum manuell="ja">1967-05-31</ausfertigung-datum><fundstelle typ="amtlich"><periodikum>BGBl II</periodikum><zitstelle>1970, 699</zitstelle></fundstelle><langue>Vertrag zwischen der Bundesrepublik Deutschland und der Republik
Österreich über zoll- und paßrechtliche Fragen, die sich an der
deutsch-österreichischen Grenze bei Staustufen und Grenzbrücken ergeben</langue></metadaten><textdaten><text format="decorated"/><fussnoten><Content><P>G v. 3.7.1970 II 697 <BR/>Inkraft gem. Bek. v. 5.11.1970 II 1190 mWv 1.12.1970</P></Content></fussnoten></textdaten></norm>
</dokumente>