<?xml version="1.0" encoding="UTF-8" ?><!DOCTYPE dokumente SYSTEM "http://www.gesetze-im-internet.de/dtd/1.01/gii-norm.dtd">
<dokumente builddate="20120625150805" doknr="BJNR235100004"><norm builddate="20120625150805" doknr="BJNR235100004"><metadaten><jurabk>BMinUWidAnO 2004</jurabk><ausfertigung-datum manuell="ja">2004-09-06</ausfertigung-datum><fundstelle typ="amtlich"><periodikum>BGBl I</periodikum><zitstelle>2004, 2351</zitstelle></fundstelle><langue>Anordnung zur Übertragung von Zuständigkeiten in Angelegenheiten der
Unfallfürsorge nach dem Beamtenversorgungsgesetz einschließlich des Erlasses
von Widerspruchsbescheiden und der Vertretung des Dienstherrn bei Klagen aus
dem Beamtenverhältnis im Geschäftsbereich des Bundesministeriums für Umwelt,
Naturschutz und Reaktorsicherheit</langue></metadaten><textdaten><text format="XML"><Content><P/></Content></text><fussnoten><Content><P><BR/> <pre xml:space="preserve">(+++ Textnachweis ab:  1.10.2004 +++)<BR/><BR/></pre></P></Content></fussnoten></textdaten></norm>
<norm builddate="20120625150805" doknr="BJNR235100004BJNE000100000"><metadaten><jurabk>BMinUWidAnO 2004</jurabk><enbez>I.</enbez></metadaten><textdaten><text format="XML"><Content><P>Im Einvernehmen mit dem Bundesministerium der Finanzen übertrage ich dem Bundesamt für Finanzen die Zuständigkeiten für die Entscheidungen über die Erstattung von Sachschäden und besonderen Aufwendungen und des Heilverfahrens der Beamtinnen und Beamten des Bundesministeriums für Umwelt, Naturschutz und Reaktorsicherheit, des Umweltbundesamtes, des Bundesamtes für Strahlenschutz und des Bundesamtes für Naturschutz nach Abschnitt V des Beamtenversorgungsgesetzes sowie das Geltendmachen von Schadenersatzansprüchen nach § 87a des Bundesbeamtengesetzes.</P></Content></text></textdaten></norm>
<norm builddate="20120625150805" doknr="BJNR235100004BJNE000200000"><metadaten><jurabk>BMinUWidAnO 2004</jurabk><enbez>II.</enbez></metadaten><textdaten><text format="XML"><Content><P>Auf Grund des § 172 des Bundesbeamtengesetzes in Verbindung mit § 126 Abs. 3 Nr. 2 Satz 2 des Beamtenrechtsrahmengesetzes übertrage ich im Einvernehmen mit dem Bundesministerium der Finanzen dem Bundesamt für Finanzen die Befugnis, über Widersprüche gegen Verwaltungsakte nach Nr. I dieser Anordnung zu entscheiden.</P></Content></text></textdaten></norm>
<norm builddate="20120625150805" doknr="BJNR235100004BJNE000300000"><metadaten><jurabk>BMinUWidAnO 2004</jurabk><enbez>III.</enbez></metadaten><textdaten><text format="XML"><Content><P>Auf Grund des § 174 Abs. 3 des Bundesbeamtengesetzes übertrage ich im Einvernehmen mit dem Bundesministerium der Finanzen dem Bundesamt für Finanzen die Vertretung des Bundesministeriums für Umwelt, Naturschutz und Reaktorsicherheit bei Klagen, soweit es nach dieser Anordnung zur Entscheidung über Widersprüche zuständig ist.</P></Content></text></textdaten></norm>
<norm builddate="20120625150805" doknr="BJNR235100004BJNE000400000"><metadaten><jurabk>BMinUWidAnO 2004</jurabk><enbez>IV.</enbez></metadaten><textdaten><text format="XML"><Content><P>Diese Anordnung tritt mit Wirkung vom 1. Oktober 2004 in Kraft. Sie findet keine Anwendung auf Widersprüche, die vor ihrem Inkrafttreten eingelegt, oder auf Klagen, die vor ihrem Inkrafttreten erhoben worden sind.</P></Content></text></textdaten></norm>
<norm builddate="20120625150805" doknr="BJNR235100004BJNE000500000"><metadaten><jurabk>BMinUWidAnO 2004</jurabk><enbez>Schlußformel</enbez></metadaten><textdaten><text format="XML"><Content><P>Der Bundesminister für Umwelt, Naturschutz und Reaktorsicherheit</P></Content></text></textdaten></norm>
</dokumente>