<?xml version="1.0" encoding="UTF-8" ?><!DOCTYPE dokumente SYSTEM "http://www.gesetze-im-internet.de/dtd/1.01/gii-norm.dtd">
<dokumente builddate="20130405132830" doknr="BJNR320500006"><norm builddate="20130405132830" doknr="BJNR320500006"><metadaten><jurabk>HufBeschlV</jurabk><amtabk>HufBeschlV</amtabk><ausfertigung-datum manuell="ja">2006-12-15</ausfertigung-datum><fundstelle typ="amtlich"><periodikum>BGBl I</periodikum><zitstelle>2006, 3205</zitstelle></fundstelle><kurzue>Hufbeschlagverordnung</kurzue><langue>Verordnung über den Beschlag von Hufen und Klauen</langue></metadaten><textdaten><text format="XML"><Content><P/></Content></text><fussnoten><Content><P><BR/> <pre xml:space="preserve">(+++ Textnachweis ab: 22.12.2006 +++)<BR/><BR/></pre></P></Content></fussnoten></textdaten></norm>
<norm builddate="20130405132830" doknr="BJNR320500006BJNE000100000"><metadaten><jurabk>HufBeschlV</jurabk><enbez>Eingangsformel</enbez></metadaten><textdaten><text format="XML"><Content><P>Auf Grund des § 8 Abs. 1 des Hufbeschlaggesetzes vom 19. April 2006 (BGBl. I S. 900) verordnet das Bundesministerium für Ernährung, Landwirtschaft und Verbraucherschutz im Einvernehmen mit dem Bundesministerium für Wirtschaft und Technologie und dem Bundesministerium für Bildung und Forschung:</P></Content></text></textdaten></norm>
<norm builddate="20130405132830" doknr="BJNR320500006BJNE000200000"><metadaten><jurabk>HufBeschlV</jurabk><enbez>Inhaltsübersicht</enbez></metadaten><textdaten><text format="XML"><Content><P><table frame="none"><tgroup cols="2" colsep="0" rowsep="0"><colspec colname="col1" colnum="1" colwidth="0.122156*"/><colspec colname="col2" colnum="2" colwidth="1.877844*"/><tbody><row><entry nameend="col2" namest="col1">Abschnitt 1</entry></row><row><entry nameend="col2" namest="col1">Staatliche Anerkennung</entry></row><row><entry>§ 1</entry><entry>Staatlich anerkannter Hufbeschlagschmied/Staatlich anerkannte Hufbeschlagschmiedin</entry></row><row><entry>§ 2</entry><entry>Staatlich anerkannter Hufbeschlaglehrschmied/Staatlich anerkannte Hufbeschlaglehrschmiedin</entry></row><row><entry>§ 3</entry><entry>Staatlich anerkannte Hufbeschlagschule</entry></row><row><entry nameend="col2" namest="col1"> </entry></row><row><entry nameend="col2" namest="col1">Abschnitt 2</entry></row><row><entry nameend="col2" namest="col1">Ausbildung und Prüfung zum Hufbeschlagschmied/zur Hufbeschlagschmiedin und erforderliche Lehrgänge</entry></row><row><entry>§ 4</entry><entry>Ziel der Prüfung</entry></row><row><entry>§ 5</entry><entry>Zulassung zur Prüfung</entry></row><row><entry>§ 6</entry><entry>Einführungslehrgang</entry></row><row><entry>§ 7</entry><entry>Praktische Tätigkeit</entry></row><row><entry>§ 8</entry><entry>Vorbereitungslehrgang</entry></row><row><entry>§ 9</entry><entry>Prüfungsteile</entry></row><row><entry>§ 10</entry><entry>Praktischer Teil der Prüfung</entry></row><row><entry>§ 11</entry><entry>Theoretischer Teil der Prüfung</entry></row><row><entry>§ 12</entry><entry>Prüfungsausschuss</entry></row><row><entry>§ 13</entry><entry>Prüfungsverfahren</entry></row><row><entry>§ 14</entry><entry>Bewerten und Bestehen der Prüfung</entry></row><row><entry>§ 15</entry><entry>Wiederholung der Prüfung</entry></row><row><entry nameend="col2" namest="col1"> </entry></row><row><entry nameend="col2" namest="col1">Abschnitt 3</entry></row><row><entry nameend="col2" namest="col1">Prüfung zum Hufbeschlaglehrschmied/zur Hufbeschlaglehrschmiedin</entry></row><row><entry>§ 16</entry><entry>Ziel der Prüfung</entry></row><row><entry>§ 17</entry><entry>Zulassung zur Prüfung</entry></row><row><entry>§ 18</entry><entry>Prüfung</entry></row><row><entry>§ 19</entry><entry>Prüfungsausschuss</entry></row><row><entry>§ 20</entry><entry>Prüfungsverfahren</entry></row><row><entry>§ 21</entry><entry>Bewerten und Bestehen der Prüfung</entry></row><row><entry>§ 22</entry><entry>Wiederholung der Prüfung</entry></row><row><entry nameend="col2" namest="col1"> </entry></row><row><entry nameend="col2" namest="col1">Abschnitt 4</entry></row><row><entry nameend="col2" namest="col1">Schlussvorschriften</entry></row><row><entry>§ 23</entry><entry>Übergangsvorschriften</entry></row><row><entry>§ 24</entry><entry>Inkrafttreten</entry></row><row><entry nameend="col2" namest="col1"> </entry></row><row><entry nameend="col2" namest="col1">Anlage 1 (zu § 1 Abs. 1)</entry></row><row><entry nameend="col2" namest="col1">Anlage 2 (zu § 2 Abs. 1)</entry></row><row><entry nameend="col2" namest="col1">Anlage 3 (zu § 3)</entry></row><row><entry nameend="col2" namest="col1">Anlage 4 (zu § 14 Abs. 1 und § 21 Abs. 1)</entry></row><row><entry nameend="col2" namest="col1">Anlage 5 (zu § 14 Abs. 4)</entry></row><row><entry nameend="col2" namest="col1">Anlage 6 (zu § 21 Abs. 4)</entry></row></tbody></tgroup></table></P></Content></text></textdaten></norm>
<norm builddate="20130405132830" doknr="BJNR320500006BJNG000100000"><metadaten><jurabk>HufBeschlV</jurabk><gliederungseinheit><gliederungskennzahl>010</gliederungskennzahl><gliederungsbez>Abschnitt 1</gliederungsbez><gliederungstitel>Staatliche Anerkennung</gliederungstitel></gliederungseinheit></metadaten><textdaten><text format="XML"><Content><P/></Content></text></textdaten></norm>
<norm builddate="20130405132830" doknr="BJNR320500006BJNE000300000"><metadaten><jurabk>HufBeschlV</jurabk><enbez>§ 1</enbez><titel format="parat">Staatlich anerkannter Hufbeschlagschmied/Staatlich anerkannte
Hufbeschlagschmiedin</titel></metadaten><textdaten><text format="XML"><Content><P>(1) Als Hufbeschlagschmied/Hufbeschlagschmiedin ist durch die nach Landesrecht zuständige Behörde anzuerkennen, wer durch Vorlage der entsprechenden Unterlagen die Erfüllung der Voraussetzungen des § 4 Abs. 1 des Hufbeschlaggesetzes nachweist. Der Nachweis der nach § 4 Abs. 1 Nr. 2 des Hufbeschlaggesetzes erforderlichen praktischen Beschäftigung im Hufbeschlag kann auch mit einem Tätigkeitsnachweis nach § 7 Abs. 2 erbracht werden. Zur Beurteilung der nach § 4 Abs. 1 Nr. 4 des Hufbeschlaggesetzes erforderlichen Zuverlässigkeit ist mit dem Antrag auf Anerkennung ein Führungszeugnis zur Vorlage bei der für die Anerkennung zuständigen Behörde zu beantragen. Über die Anerkennung ist eine Urkunde nach dem Muster der Anlage 1 auszustellen.</P><P>(2) Personen, die nach § 5 Abs. 3 oder 4 oder nach § 23 Abs. 2 zur Prüfung zugelassen worden sind, sind für die staatliche Anerkennung von dem Einhalten der Voraussetzungen des § 4 Abs. 1 Nr. 1 und 2 des Hufbeschlaggesetzes befreit.</P></Content> </text></textdaten></norm>
<norm builddate="20130405132830" doknr="BJNR320500006BJNE000400000"><metadaten><jurabk>HufBeschlV</jurabk><enbez>§ 2</enbez><titel format="parat">Staatlich anerkannter Hufbeschlaglehrschmied/Staatlich anerkannte
Hufbeschlaglehrschmiedin</titel></metadaten><textdaten><text format="XML"><Content><P>(1) Als Hufbeschlaglehrschmied/Hufbeschlaglehrschmiedin ist durch die nach Landesrecht zuständige Behörde anzuerkennen, wer durch Vorlage der entsprechenden Unterlagen die Erfüllung der Voraussetzungen nach § 5 Abs. 1 des Hufbeschlaggesetzes nachweist. Der Nachweis des nach § 5 Abs. 1 Nr. 3 des Hufbeschlaggesetzes erforderlichen Besuchs von Fortbildungsveranstaltungen ist durch Teilnahmebestätigungen der Veranstalter zu erbringen. Die Veranstaltungen müssen einen eindeutigen Tätigkeitsbezug zum Huf- und Klauenbeschlag haben. Die nach § 5 Abs. 1 Nr. 4 des Hufbeschlaggesetzes erforderlichen berufs- und arbeitspädagogischen Kenntnisse können auch durch die Vorlage einer Bescheinigung über die erfolgreiche Teilnahme an einer Prüfung nach § 3 der Ausbildereignungsverordnung oder der erfolgreichen Absolvierung eines dem § 2 der Ausbildereignungsverordnung entsprechenden Teils einer Meisterprüfung nachgewiesen werden. Über die Anerkennung ist eine Urkunde nach dem Muster der Anlage 2 auszustellen.</P><P>(2) Personen, die nach § 17 Abs. 2 zur Prüfung zugelassen worden sind, sind für die staatliche Anerkennung von dem Einhalten der Voraussetzung des § 5 Abs. 1 Nr. 2 des Hufbeschlaggesetzes befreit.</P></Content> </text></textdaten></norm>
<norm builddate="20130405132830" doknr="BJNR320500006BJNE000500000"><metadaten><jurabk>HufBeschlV</jurabk><enbez>§ 3</enbez><titel format="parat">Staatlich anerkannte Hufbeschlagschule</titel></metadaten><textdaten><text format="XML"><Content><P>Eine Bildungseinrichtung ist durch die nach Landesrecht zuständige Behörde als Hufbeschlagschule anzuerkennen, wenn sie durch Vorlage der entsprechenden Unterlagen die Erfüllung der Voraussetzungen des § 6 Abs. 2 des Hufbeschlaggesetzes nachweist. Über die Anerkennung ist eine Urkunde nach dem Muster der Anlage 3 auszustellen.</P></Content></text></textdaten></norm>
<norm builddate="20130405132830" doknr="BJNR320500006BJNG000200000"><metadaten><jurabk>HufBeschlV</jurabk><gliederungseinheit><gliederungskennzahl>020</gliederungskennzahl><gliederungsbez>Abschnitt 2</gliederungsbez><gliederungstitel>Ausbildung und Prüfung zum Hufbeschlagschmied/zur
Hufbeschlagschmiedin und erforderliche Lehrgänge</gliederungstitel></gliederungseinheit></metadaten><textdaten><text format="XML"><Content><P/></Content></text></textdaten></norm>
<norm builddate="20130405132830" doknr="BJNR320500006BJNE000600000"><metadaten><jurabk>HufBeschlV</jurabk><enbez>§ 4</enbez><titel format="parat">Ziel der Prüfung</titel></metadaten><textdaten><text format="XML"><Content><P>Durch die Prüfung ist festzustellen, ob der Prüfling befähigt ist, den Anforderungen des § 4 Abs. 2 des Hufbeschlaggesetzes zu entsprechen.</P></Content></text></textdaten></norm>
<norm builddate="20130405132830" doknr="BJNR320500006BJNE000700000"><metadaten><jurabk>HufBeschlV</jurabk><enbez>§ 5</enbez><titel format="parat">Zulassung zur Prüfung</titel></metadaten><textdaten><text format="XML"><Content><P>(1) Zur Prüfung ist zuzulassen, wer eine mindestens zweijährige praktische Tätigkeit nach Maßgabe des § 7 und den Besuch der erforderlichen Lehrgänge nach Absatz 2 nachweist.</P><P>(2) Die erforderlichen Lehrgänge sind <DL Font="normal" Type="arabic"><DT>1.</DT><DD Font="normal"><LA Size="normal">ein anerkannter Einführungslehrgang nach § 6 und</LA></DD> <DT>2.</DT><DD Font="normal"><LA Size="normal">ein Vorbereitungslehrgang an einer Hufbeschlagschule nach § 8.</LA></DD> </DL> </P><P>(3) Gesellen und Gesellinnen des Metallbauerhandwerks, Fachrichtung Metallgestaltung, die im Kernbereich Hufbeschlag bei einem anerkannten Hufbeschlagschmied ausgebildet worden sind, sind abweichend von Absatz 1 zur Prüfung zuzulassen, wenn sie den Besuch eines Vorbereitungslehrgangs nach § 8 nachweisen.</P><P>(4) In Ausnahmefällen kann die zuständige Behörde einen Antragsteller bei Vorliegen erheblicher Vorkenntnisse zum Huf- und Klauenbeschlag nach Anhörung des Prüfungsausschusses von den Zulassungsvoraussetzungen zur Prüfung nach Absatz 1 teilweise befreien. Insbesondere kann die zweijährige praktische Tätigkeit auf bis zu zwölf Monate verkürzt werden, wenn der Antragsteller über einen Berufsabschluss im Bereich der Pferdehaltung verfügt. Eine Befreiung von dem Besuch des Vorbereitungslehrgangs nach § 8 ist nicht zulässig.</P><P>(5) Der Antrag auf Zulassung zur Prüfung ist schriftlich an die zuständige Behörde zu richten. Dem Antrag sind beizufügen: <DL Font="normal" Type="arabic"><DT>1.</DT><DD Font="normal"><LA Size="normal">Nachweise über die praktische Tätigkeit nach § 7,</LA></DD> <DT>2.</DT><DD Font="normal"><LA Size="normal">Nachweise über die Teilnahme an dem Einführungslehrgang nach § 6 und dem Vorbereitungslehrgang nach § 8 und</LA></DD> <DT>3.</DT><DD Font="normal"><LA Size="normal">eine Erklärung darüber, ob und wo sich die antragstellende Person bereits einer Prüfung zum Hufbeschlagschmied/zur Hufbeschlagschmiedin unterzogen oder zur Ablegung der Prüfung angemeldet hat.</LA></DD> </DL> </P><P>(6) In den Fällen einer Zulassung nach Absatz 3 sind <DL Font="normal" Type="arabic"><DT>1.</DT><DD Font="normal"><LA Size="normal">das Zeugnis der Abschlussprüfung der Berufsausbildung und eine Kopie der Urkunde über die staatliche Anerkennung der ausbildenden Person als Hufbeschlagschmied/als Hufbeschlagschmiedin,</LA></DD> <DT>2.</DT><DD Font="normal"><LA Size="normal">ein Nachweis über die Teilnahme an einem Vorbereitungslehrgang nach § 8 und</LA></DD> <DT>3.</DT><DD Font="normal"><LA Size="normal">eine Erklärung darüber, ob und wo sich die antragstellende Person bereits einer Prüfung zum Hufbeschlagschmied/zur Hufbeschlagschmiedin unterzogen oder zur Ablegung der Prüfung angemeldet hat,</LA></DD> </DL>vorzulegen.</P><P>(7) In den Fällen einer Zulassung nach Absatz 4 sind <DL Font="normal" Type="arabic"><DT>1.</DT><DD Font="normal"><LA Size="normal">eine Begründung für den Antrag auf die Befreiung von Zulassungsvoraussetzungen nach Absatz 1 für die Prüfung,</LA></DD> <DT>2.</DT><DD Font="normal"><LA Size="normal">ein Nachweis über die Teilnahme an einem Vorbereitungslehrgang nach § 8 und</LA></DD> <DT>3.</DT><DD Font="normal"><LA Size="normal">eine Erklärung darüber, ob und wo sich die antragstellende Person bereits einer Prüfung zum Hufbeschlagschmied/zur Hufbeschlagschmiedin unterzogen oder zur Ablegung der Prüfung angemeldet hat,</LA></DD> </DL>vorzulegen.</P><P>(8) Über die Zulassung zur Prüfung entscheidet die zuständige Behörde.</P></Content>     </text></textdaten></norm>
<norm builddate="20130405132830" doknr="BJNR320500006BJNE000800000"><metadaten><jurabk>HufBeschlV</jurabk><enbez>§ 6</enbez><titel format="parat">Einführungslehrgang</titel></metadaten><textdaten><text format="XML"><Content><P>(1) Der Einführungslehrgang dient der Vermittlung der notwendigen Grundlagen für die Aufnahme einer praktischen Tätigkeit im Bereich des Huf- und Klauenbeschlags. Er gliedert sich in einen theoretischen und einen praktischen Teil. Die Dauer des Lehrgangs soll insgesamt mindestens vier Wochen mit mindestens 160 Stunden betragen. Er soll grundsätzlich vor der Aufnahme einer praktischen Tätigkeit nach § 7 absolviert werden.</P><P>(2) Im theoretischen Teil des Lehrgangs sind insbesondere Kenntnisse zur Biologie, zur Evolution, zum Verhalten und zu den Ansprüchen der Huf- oder der Klauentiere, ihrer Nutzungsarten und zum Umgang mit dem Tier sowie zu den tätigkeitsbezogenen Inhalten der Tiergesundheit und zu den maßgeblichen Rechtsvorschriften, insbesondere in den Bereichen Tierschutz, Gesundheitsschutz und Arbeitssicherheit, zu vermitteln.</P><P>(3) Im praktischen Teil des Lehrgangs sind Grundfertigkeiten des Umgangs mit dem Tier, insbesondere dem Pferd, der Verwendung der Werkzeuge und des Einsatzes der Materialien des Huf- und Klauenbeschlags zu vermitteln. Außerdem sind Übungen an Hufpräparaten sowie Demonstrationen des Hufbeschlags unter Einbeziehung der Lehrgangsteilnehmer durchzuführen.</P><P>(4) Der Lehrgang bedarf der Anerkennung durch die zuständige Behörde. Die Anerkennung ist zu erteilen, wenn der Veranstalter des Lehrgangs nachweist, dass der Lehrgang die in den Absätzen 1 bis 3 dargestellten Anforderungen erfüllt. Der Nachweis ist insbesondere durch die Darstellung der zeitlichen und inhaltlichen Gliederung des Lehrgangs, der beabsichtigten Art und Weise der Vermittlung der Inhalte, der sachlichen Voraussetzungen und der Qualifikation der Lehrkräfte zu erbringen. Über die Anerkennung wird eine Urkunde mit einer Anerkennungsnummer ausgestellt. Bei Wegfall der für die Anerkennung maßgeblichen Gründe ist die Anerkennung zurückzunehmen.</P><P>(5) Die Teilnahme an dem Lehrgang ist von dem Veranstalter zu bestätigen. In der Bestätigung ist die Anerkennungsnummer des Lehrgangs anzugeben.</P></Content>    </text></textdaten></norm>
<norm builddate="20130405132830" doknr="BJNR320500006BJNE000900000"><metadaten><jurabk>HufBeschlV</jurabk><enbez>§ 7</enbez><titel format="parat">Praktische Tätigkeit</titel></metadaten><textdaten><text format="XML"><Content><P>(1) Im Verlauf der mindestens zweijährigen praktischen Tätigkeit sollen die maßgeblichen Fertigkeiten, Kenntnisse und Fähigkeiten (berufliche Handlungsfähigkeit) im Huf- und Klauenbeschlag mit dem Ziel erworben werden, dass der Prüfling sich in die einschlägigen Tätigkeiten eines Hufbeschlagschmieds/einer Hufbeschlagschmiedin eingearbeitet hat und so über die wesentlichen Voraussetzungen zur selbstständigen Ausübung des Huf- und Klauenbeschlags verfügt, die insbesondere das selbstständige Planen, Durchführen und Überprüfen der vorgenommenen Tätigkeiten einschließen. Zu den maßgeblichen Kenntnissen, Fertigkeiten und Fähigkeiten zählen insbesondere <DL Font="normal" Type="arabic"><DT>1.</DT><DD Font="normal"><LA Size="normal">ordnungsgemäßer und den Erfordernissen der Tiergesundheit und des Tierschutzes entsprechender Umgang mit dem Tier, insbesondere dem Pferd,</LA></DD> <DT>2.</DT><DD Font="normal"><LA Size="normal">Beurteilen der individuellen Situation des Hufs oder der Klaue im Zusammenhang mit der Gesamtsituation des Tieres,</LA></DD> <DT>3.</DT><DD Font="normal"><LA Size="normal">Beurteilen des Tieres im Stand und in der Bewegung vor und nach Bearbeitung,</LA></DD> <DT>4.</DT><DD Font="normal"><LA Size="normal">Erkennen und Beurteilen von Anomalien des Hufs oder der Klaue, der Huf- und Gliedmaßenstellung und des Bewegungsablaufs,</LA></DD> <DT>5.</DT><DD Font="normal"><LA Size="normal">Einsatz von Materialien und Umgang mit den Werkzeugen des Huf- und Klauenbeschlags,</LA></DD> <DT>6.</DT><DD Font="normal"><LA Size="normal">Bearbeiten des Hufs oder der Klaue zum Barhufgehen und Zubereiten des Hufs oder der Klaue zum Beschlag unter Berücksichtigung von Nutzungsart, Haltungsform, Gesundheitszustand und Alter des Tieres,</LA></DD> <DT>7.</DT><DD Font="normal"><LA Size="normal">Herstellen, Bearbeiten, Anpassen und Befestigen von Hufschutzmaterialien oder Klauenschutzmaterialien unter Berücksichtigung von Nutzungsart, Haltungsform, Gesundheitszustand und Alter des Tieres,</LA></DD> <DT>8.</DT><DD Font="normal"><LA Size="normal">Zusammenarbeit mit dem Tierarzt,</LA></DD> <DT>9.</DT><DD Font="normal"><LA Size="normal">Beratung und Information des Tierhalters,</LA></DD> <DT>10.</DT><DD Font="normal"><LA Size="normal">Dokumentation und Abrechnung der Arbeiten; Qualitätssicherung.</LA></DD> </DL>In Zusammenhang mit dem Erwerb der Fertigkeiten, Kenntnisse und Fähigkeiten soll die praktische Umsetzung der maßgeblichen berufsbezogenen Vorschriften, insbesondere des Tierschutzes, der Arbeitssicherheit, des Gesundheitsschutzes, des Umweltschutzes und der Haftung, verwirklicht werden.</P><P>(2) Die während der praktischen Tätigkeit erworbene berufliche Handlungsfähigkeit ist durch einen Tätigkeitsnachweis zu dokumentieren und durch die Unterschrift des Arbeitgebers zu bestätigen.</P></Content> </text></textdaten></norm>
<norm builddate="20130405132830" doknr="BJNR320500006BJNE001000000"><metadaten><jurabk>HufBeschlV</jurabk><enbez>§ 8</enbez><titel format="parat">Vorbereitungslehrgang</titel></metadaten><textdaten><text format="XML"><Content><P>(1) Der Besuch des Vorbereitungslehrgangs hat an einer nach § 6 Abs. 2 des Hufbeschlaggesetzes anerkannten Hufbeschlagschule zu erfolgen. Die Teilnahme an dem Vorbereitungslehrgang ist durch die Hufbeschlagschule zu bestätigen.</P><P>(2) Der Lehrgang dauert mindestens vier Monate und dient der Vertiefung und Festigung der im Einführungskurs und im Verlauf der praktischen Tätigkeit bei einem Hufbeschlagschmied/einer Hufbeschlagschmiedin erworbenen Fertigkeiten, Kenntnisse und Fähigkeiten. In ihm sollen auch berufsbezogene rechtliche, betriebswirtschaftliche, arbeitswirtschaftliche und biologische Zusammenhänge vermittelt werden. Der Lehrgang besteht aus einem praktischen und einem theoretischen Teil.</P><P>(3) Der praktische Teil des Lehrgangs umfasst mindestens 420 Stunden. In ihm sind insbesondere Kenntnisse, Fertigkeiten und Fähigkeiten des Huf- und Klauenbeschlags zu den Bereichen <DL Font="normal" Type="arabic"><DT>1.</DT><DD Font="normal"><LA Size="normal">Beurteilen des Tieres, insbesondere des Pferdes, vor und nach der Bearbeitung unter besonderer Berücksichtigung der Hufsituation,</LA></DD> <DT>2.</DT><DD Font="normal"><LA Size="normal">Information des Tierhalters über die spezifische Hufsituation unter Berücksichtigung der Ursachen und Folgen sowie die anschließende Beratung des Tierhalters über zu treffende Maßnahmen,</LA></DD> <DT>3.</DT><DD Font="normal"><LA Size="normal">Vorbereiten des Arbeitsablaufs,</LA></DD> <DT>4.</DT><DD Font="normal"><LA Size="normal">Abnahme des Hufschutzes oder des Klauenschutzes,</LA></DD> <DT>5.</DT><DD Font="normal"><LA Size="normal">Zubereiten des Hufs zum Barhufgehen,</LA></DD> <DT>6.</DT><DD Font="normal"><LA Size="normal">Zubereiten des Hufs oder der Klaue zur Anbringung von Schutzmaterialien,</LA></DD> <DT>7.</DT><DD Font="normal"><LA Size="normal">Auswahl der zu verwendenden Schutzmaterialien,</LA></DD> <DT>8.</DT><DD Font="normal"><LA Size="normal">Bearbeiten, Anpassen und Befestigen der Schutzmaterialien,</LA></DD> <DT>9.</DT><DD Font="normal"><LA Size="normal">Maßnahmen bei der Umstellung in der Art der Hufversorgung,</LA></DD> <DT>10.</DT><DD Font="normal"><LA Size="normal">Durchführung des Hufbeschlags nach den Nummern 1 bis 9, insbesondere auch für<DL Font="normal" Type="arabic"><DT>a)</DT><DD Font="normal"><LA Size="normal">Fohlen,</LA></DD> <DT>b)</DT><DD Font="normal"><LA Size="normal">unregelmäßige Hufe,</LA></DD> <DT>c)</DT><DD Font="normal"><LA Size="normal">besondere Gebrauchszwecke,</LA></DD> <DT>d)</DT><DD Font="normal"><LA Size="normal">erkrankte oder durch Erkrankungen veränderte Hufe in Zusammenarbeit mit dem Tierarzt/der Tierärztin,</LA></DD> <DT>e)</DT><DD Font="normal"><LA Size="normal">unregelmäßige Gliedmaßenstellungen und Bewegungsabläufe,</LA></DD> </DL></LA></DD> <DT>11.</DT><DD Font="normal"><LA Size="normal">Anwendung von Pflegemitteln,</LA></DD> <DT>12.</DT><DD Font="normal"><LA Size="normal">Schmieden von Hufeisen,</LA></DD> <DT>13.</DT><DD Font="normal"><LA Size="normal">Durchführen des Klauenbeschlags an Rindern oder an Präparaten</LA></DD> </DL>zu vermitteln und zu vertiefen.</P><P>(4) Der theoretische Teil des Vorbereitungslehrgangs umfasst mindestens 220 Stunden. In ihm sind insbesondere Kenntnisse zu den Gebieten <DL Font="normal" Type="arabic"><DT>1.</DT><DD Font="normal"><LA Size="normal">Evolution und Verhalten der Tiere, insbesondere des Pferdes,</LA></DD> <DT>2.</DT><DD Font="normal"><LA Size="normal">Ansprüche der Tiere an die Haltung und Fütterung,</LA></DD> <DT>3.</DT><DD Font="normal"><LA Size="normal">allgemeine Kenntnisse der Anatomie und Physiologie der Tiere und der Gliedmaßen, insbesondere der Zehen, des Hufs und der Klauen; rasse- und arttypische Besonderheiten,</LA></DD> <DT>4.</DT><DD Font="normal"><LA Size="normal">regelmäßige und unregelmäßige Hufe oder Klauen im gesunden und durch Erkrankung veränderten Zustand,</LA></DD> <DT>5.</DT><DD Font="normal"><LA Size="normal">Gliedmaßenstellungen und Bewegungsabläufe,</LA></DD> <DT>6.</DT><DD Font="normal"><LA Size="normal">Erkrankungen des Bewegungsapparats und des Hufs oder der Klaue sowie deren Beeinflussung durch die Bearbeitung,</LA></DD> <DT>7.</DT><DD Font="normal"><LA Size="normal">Pflege des beschlagenen und unbeschlagenen Hufs oder der beschlagenen und unbeschlagenen Klaue,</LA></DD> <DT>8.</DT><DD Font="normal"><LA Size="normal">Wechselwirkungen zwischen Gebrauchszweck und Hufbeschlag,</LA></DD> <DT>9.</DT><DD Font="normal"><LA Size="normal">Hufbeschlag bei regelmäßigen, unregelmäßigen und krankhaften Gliedmaßenstellungen und Bewegungsabläufen,</LA></DD> <DT>10.</DT><DD Font="normal"><LA Size="normal">Besonderheiten des Hufbeschlags bei Fohlen,</LA></DD> <DT>11.</DT><DD Font="normal"><LA Size="normal">Umgang mit schwierigen Pferden,</LA></DD> <DT>12.</DT><DD Font="normal"><LA Size="normal">Maßnahmen der Ersten Hilfe beim Tier, insbesondere bei Notfällen am Huf oder an der Klaue; Hygiene, Seuchenvorsorge,</LA></DD> <DT>13.</DT><DD Font="normal"><LA Size="normal">Beratung und Information der Tierhalter,</LA></DD> <DT>14.</DT><DD Font="normal"><LA Size="normal">betriebswirtschaftliche Kalkulationen; kaufmännische Betriebsführung; Betriebsgründung,</LA></DD> <DT>15.</DT><DD Font="normal"><LA Size="normal">Recht, insbesondere Tierschutzrecht, Tierseuchenrecht, Umweltschutzrecht, Steuerrecht, Versicherungsrecht, Haftungsrecht, Arbeitsrecht, Arzneimittelrecht,</LA></DD> <DT>16.</DT><DD Font="normal"><LA Size="normal">Organisation der Arbeit sowie des Arbeitskräfte-, Material- und Maschineneinsatzes; Arbeitsschutz und Arbeitssicherheit</LA></DD> </DL>zu vermitteln.</P></Content>   </text></textdaten></norm>
<norm builddate="20130405132830" doknr="BJNR320500006BJNE001100000"><metadaten><jurabk>HufBeschlV</jurabk><enbez>§ 9</enbez><titel format="parat">Prüfungsteile</titel></metadaten><textdaten><text format="XML"><Content><P>Die Prüfung besteht aus einem praktischen Teil nach Maßgabe des § 10 und einem theoretischen Teil nach Maßgabe des § 11.</P></Content></text></textdaten></norm>
<norm builddate="20130405132830" doknr="BJNR320500006BJNE001200000"><metadaten><jurabk>HufBeschlV</jurabk><enbez>§ 10</enbez><titel format="parat">Praktischer Teil der Prüfung</titel></metadaten><textdaten><text format="XML"><Content><P>(1) Der praktische Teil besteht aus den Prüfungsbereichen: <DL Font="normal" Type="arabic"><DT>1.</DT><DD Font="normal"><LA Size="normal">Durchführung eines Warmbeschlags mit Hufeisen nach Maßgabe des Absatzes 2,</LA></DD> <DT>2.</DT><DD Font="normal"><LA Size="normal">Durchführung eines Beschlags mit alternativen Hufschutzmaterialien nach Maßgabe des Absatzes 3,</LA></DD> <DT>3.</DT><DD Font="normal"><LA Size="normal">Durchführung einer Barhufversorgung nach Maßgabe des Absatzes 4 und</LA></DD> <DT>4.</DT><DD Font="normal"><LA Size="normal">Herstellung eines Huf- oder Klaueneisens nach Maßgabe des Absatzes 5.</LA></DD> </DL>Bei der Durchführung der Aufgaben der Prüfungsbereiche nach den Nummern 1 bis 3 soll, entsprechend dem Grundsatz der vollständigen Handlung, die Prüfung jeweils alle hierbei erforderlichen Tätigkeitsschritte umfassen. Hierzu gehören neben der unmittelbaren Durchführung der Maßnahme insbesondere auch <DL Font="normal" Type="arabic"><DT>1.</DT><DD Font="normal"><LA Size="normal">die Beurteilung und Vorstellung des Pferdes vor und nach der Bearbeitung,</LA></DD> <DT>2.</DT><DD Font="normal"><LA Size="normal">die Planung und Dokumentation der Bearbeitung,</LA></DD> <DT>3.</DT><DD Font="normal"><LA Size="normal">die notwendige Beratung und Information des Pferdehalters und</LA></DD> <DT>4.</DT><DD Font="normal"><LA Size="normal">die Beachtung des Tier- und des Arbeitsschutzes bei den Arbeiten.</LA></DD> </DL> </P><P>Die Prüfung kann durch den Prüfungsausschuss aus Gründen des Tierschutzes abgebrochen werden. Der abgebrochene Prüfungsbereich ist mit ungenügend zu bewerten, soweit der Abbruch durch den Prüfling zu vertreten ist.</P><P>(2) Bei der Durchführung des Warmbeschlags hat der Prüfling den vollständigen Beschlag eines Pferdes mit Hufeisen durchzuführen. In unmittelbarem Zusammenhang mit den Arbeiten hat der Prüfling sein Handeln dem Prüfungsausschuss darzustellen und seine Entscheidungen in einem anschließenden Fachgespräch zu erläutern. Für die Durchführung der Aufgabe stehen bis zu 150 Minuten zur Verfügung. Das anschließende Fachgespräch soll nicht länger als 30 Minuten dauern.</P><P>(3) Bei der Durchführung des Beschlags mit alternativen Hufschutzmaterialien hat der Prüfling zwei Hufe eines Pferdes mit alternativen Hufschutzmaterialien zu versehen. In unmittelbarem Zusammenhang mit den Arbeiten hat der Prüfling sein Handeln dem Prüfungsausschuss darzustellen. Für die Durchführung der Aufgabe stehen bis zu 120 Minuten zur Verfügung. Das anschließende Fachgespräch, das insbesondere den Bereich des alternativen Hufschutzes zum Gegenstand haben soll, soll nicht länger als 30 Minuten dauern.</P><P>(4) Bei der Durchführung der Barhufversorgung hat der Prüfling zwei Hufe eines Pferdes zum Barhufgehen zu bearbeiten. In unmittelbarem Zusammenhang mit den Arbeiten hat der Prüfling sein Handeln dem Prüfungsausschuss darzustellen. Für die Durchführung der Aufgabe stehen bis zu 45 Minuten zur Verfügung. Das anschließende Fachgespräch, das insbesondere den Bereich Barhufbearbeitung zum Gegenstand haben soll, soll nicht länger als 30 Minuten dauern.</P><P>(5) Bei der Herstellung eines Huf- oder Klaueneisens hat der Prüfling entsprechend den Vorgaben des Prüfungsausschusses ein Prüfungsstück aus Stabmaterial zu schmieden. Die Prüfungsaufgabe soll unter Einbeziehung zeitgemäßer Techniken Bezug zur gängigen Berufspraxis aufweisen. Für die Durchführung der Aufgabe stehen bis zu 90 Minuten zur Verfügung.</P></Content>    </text></textdaten></norm>
<norm builddate="20130405132830" doknr="BJNR320500006BJNE001300000"><metadaten><jurabk>HufBeschlV</jurabk><enbez>§ 11</enbez><titel format="parat">Theoretischer Teil der Prüfung</titel></metadaten><textdaten><text format="XML"><Content><P>(1) Der theoretische Teil der Prüfung besteht aus den Prüfungsbereichen: <DL Font="normal" Type="arabic"><DT>1.</DT><DD Font="normal"><LA Size="normal">Anfertigung eines Fallberichts nach Maßgabe des Absatzes 2 und</LA></DD> <DT>2.</DT><DD Font="normal"><LA Size="normal">schriftliche Arbeit nach Maßgabe des Absatzes 3.</LA></DD> </DL> </P><P>(2) Mit dem Fallbericht hat der Prüfling die Durchführung einer selbst gewählten Hufbeschlagarbeit oder Klauenbeschlagarbeit von einem besonderen fachlichen Interesse schriftlich und bildlich darzustellen. Er hat nach Erhalt der Prüfungszulassung zwei Themen dem Prüfungsausschuss vorzuschlagen, der ein Thema als Prüfungsbereichthema bestimmt. Der Fallbericht ist beim Prüfungsausschuss einzureichen, diesem in einem Prüfungsgespräch vorzustellen und mit ihm zu erörtern. Für die Erstellung des Fallberichts stehen dem Prüfling nach Erhalt des Themas mindestens 14 Tage zur Verfügung. Die Vorstellung und Erörterung des Berichts soll nicht länger als 30 Minuten dauern.</P><P>(3) In der schriftlichen Arbeit hat der Prüfling anhand inhaltsübergreifender Fragestellungen seine beruflichen Kenntnisse des Huf- und Klauenbeschlags unter Aufsicht, insbesondere zu folgenden Inhalten, nachzuweisen: <DL Font="normal" Type="arabic"><DT>1.</DT><DD Font="normal"><LA Size="normal">Evolution, Verhalten und Ansprüche der Tiere, insbesondere des Pferdes, Umgang mit Huf- und Klauentieren,</LA></DD> <DT>2.</DT><DD Font="normal"><LA Size="normal">Anatomie und Physiologie der Tiere, insbesondere des Pferdes, hauptsächlich des Bewegungsapparats mit Schwerpunkt Huf und Zehe,</LA></DD> <DT>3.</DT><DD Font="normal"><LA Size="normal">Erkrankungen des Bewegungsapparats, soweit der Hufbeschlag ihre Entstehung und Heilung beeinflusst,</LA></DD> <DT>4.</DT><DD Font="normal"><LA Size="normal">Grundsätze und Regeln für die Ausführung des Huf- und Klauenbeschlags bei regelmäßigen, unregelmäßigen, fehlerhaften und durch Erkrankung veränderten Hufen oder Klauen, Gliedmaßenstellungen und Bewegungsabläufen,</LA></DD> <DT>5.</DT><DD Font="normal"><LA Size="normal">Maßnahmen für besondere Gebrauchszwecke,</LA></DD> <DT>6.</DT><DD Font="normal"><LA Size="normal">Pflege beschlagener und unbeschlagener Hufe,</LA></DD> <DT>7.</DT><DD Font="normal"><LA Size="normal">Einrichtung des Arbeitsplatzes; Werkzeuge, Roh- und Werkstoffe sowie Fertigerzeugnisse des Huf- und Klauenbeschlags,</LA></DD> <DT>8.</DT><DD Font="normal"><LA Size="normal">Tiergesundheit und Tierschutz,</LA></DD> <DT>9.</DT><DD Font="normal"><LA Size="normal">Haftung des Hufbeschlagschmieds,</LA></DD> <DT>10.</DT><DD Font="normal"><LA Size="normal">Rechnungslegung und Kundenberatung.</LA></DD> </DL>Die schriftliche Arbeit soll nicht länger als 180 Minuten dauern. Sie ist durch eine mündliche Prüfung zu ergänzen, soweit diese für das Bestehen der Prüfung oder für die eindeutige Beurteilung der Prüfungsleistung von Bedeutung ist. Die Ergänzungsprüfung soll je Prüfling nicht länger als 30 Minuten dauern.</P></Content> </text></textdaten></norm>
<norm builddate="20130405132830" doknr="BJNR320500006BJNE001400000"><metadaten><jurabk>HufBeschlV</jurabk><enbez>§ 12</enbez><titel format="parat">Prüfungsausschuss</titel></metadaten><textdaten><text format="XML"><Content><P>(1) Die Prüfung wird vor einem Prüfungsausschuss der zuständigen Behörde abgelegt.</P><P>(2) Die nach Landesrecht zuständige Behörde richtet den Prüfungsausschuss ein und bestimmt seinen Sitz. Der Prüfungsausschuss besteht aus drei Mitgliedern; diese werden für die Dauer von drei Jahren berufen. Für jedes Mitglied ist mindestens eine stellvertretende Person zu bestimmen. Der Prüfungsausschuss darf nicht überwiegend durch Mitarbeiter von Hufbeschlagschulen besetzt werden.</P><P>(3) Zwei Mitglieder des Prüfungsausschusses müssen als Hufbeschlagschmiede/Hufbeschlagschmiedinnen staatlich anerkannt sein und den Huf- und Klauenbeschlag seit mindestens fünf Jahren ausüben. Das dritte Mitglied des Prüfungsausschusses muss ein Tierarzt mit der Befähigung eines Fachtierarztes für Pferde oder einer vergleichbaren Befähigung sein. Für die Berufung der Stellvertreter gelten die Sätze 1 und 2 entsprechend. Der Vorsitz des Prüfungsausschusses wird von den Mitgliedern des Prüfungsausschusses gewählt.</P><P>(4) An den Entscheidungen des Prüfungsausschusses müssen alle Ausschussmitglieder mitwirken. Die Beschlüsse des Prüfungsausschusses werden mit Stimmenmehrheit gefasst. Die Mitglieder des Prüfungsausschusses haben über die ihnen bei ihrer Tätigkeit bekannt gewordenen Tatsachen Verschwiegenheit zu bewahren.</P><P>(5) Die Tätigkeit im Prüfungsausschuss ist ehrenamtlich. Für bare Auslagen und für Zeitversäumnis ist, soweit eine Entschädigung nicht von anderer Seite gewährt wird, eine angemessene Entschädigung zu zahlen, deren Höhe von der zuständigen Behörde festgelegt wird.</P><P>(6) Die zuständige Behörde führt die Aufsicht über den Prüfungsausschuss. Sie ist berechtigt, Beauftragte zur Prüfung zu entsenden. Sie kann Mitglieder des Prüfungsausschusses, die sich als Prüfer einer erheblichen Pflichtverletzung schuldig gemacht haben, abberufen.</P><P>(7) Die zuständige Behörde kann Prüfungen, bei denen erhebliche Verstöße gegen die Prüfungsbestimmungen festgestellt werden, für ungültig erklären. Wird die Prüfung für ungültig erklärt, so ist das Prüfungszeugnis einzuziehen.</P></Content>      </text></textdaten></norm>
<norm builddate="20130405132830" doknr="BJNR320500006BJNE001500000"><metadaten><jurabk>HufBeschlV</jurabk><enbez>§ 13</enbez><titel format="parat">Prüfungsverfahren</titel></metadaten><textdaten><text format="XML"><Content><P>(1) Das den Vorsitz führende Mitglied des Prüfungsausschusses leitet die Prüfung und setzt die Prüfungstermine in Absprache mit der zuständigen Behörde fest. Die zuständige Behörde gibt die Prüfungstermine bekannt und bereitet die Prüfung vor.</P><P>(2) Die Prüflinge sind durch die zuständige Behörde mit einer Frist von mindestens zwei Wochen zu laden.</P><P>(3) Bei ordnungswidrigem Verhalten während der Prüfung, insbesondere bei Täuschungsversuchen, kann das den Vorsitz führende Mitglied des Prüfungsausschusses den Prüfling von der weiteren Teilnahme an der Prüfung ausschließen. Die Prüfung gilt in diesem Fall als nicht bestanden.</P><P>(4) Versäumt der Prüfling ohne ausreichende Entschuldigung Prüfungsteile oder Prüfungsbereiche ganz oder teilweise, so gilt die gesamte Prüfung als nicht bestanden. Die Entscheidung trifft das den Vorsitz führende Mitglied des Prüfungsausschusses.</P><P>(5) Die Ergebnisse der einzelnen Prüfungsleistungen nach § 10 Abs. 1 und § 11 Abs. 1 sind in der Niederschrift des Prüfungsausschusses auszuweisen.</P></Content>    </text></textdaten></norm>
<norm builddate="20130405132830" doknr="BJNR320500006BJNE001600000"><metadaten><jurabk>HufBeschlV</jurabk><enbez>§ 14</enbez><titel format="parat">Bewerten und Bestehen der Prüfung</titel></metadaten><textdaten><text format="XML"><Content><P>(1) Für die Bewertung der Leistungen in den Prüfungsteilen nach § 10 Abs. 1 und § 11 Abs. 1 ist die in Anlage 4 dargestellte sechsstufige Notenskala anzuwenden.</P><P>(2) Die Leistungen in den Prüfungsteilen nach § 10 Abs. 1 und § 11 Abs. 1 sind gesondert zu bewerten.</P><P>(3) Die Prüfung ist vorbehaltlich des Satzes 2 bestanden, wenn <DL Font="normal" Type="arabic"><DT>1.</DT><DD Font="normal"><LA Size="normal">in jedem der Prüfungsbereiche des praktischen Teils der Prüfung und</LA></DD> <DT>2.</DT><DD Font="normal"><LA Size="normal">in einem der Prüfungsbereiche des theoretischen Teils der Prüfung</LA></DD> </DL>mindestens ausreichende Leistungen erbracht worden sind. Wird eine der Leistungen der Prüfungsbereiche in den Prüfungsteilen nach § 10 Abs. 1 und § 11 Abs. 1 mit ungenügend bewertet, so ist die Prüfung insgesamt nicht bestanden.</P><P>(4) Über das Ergebnis der Prüfung ist dem Prüfling ein Prüfungszeugnis nach dem in der Anlage 5 enthaltenen Muster auszustellen.</P></Content>   </text></textdaten></norm>
<norm builddate="20130405132830" doknr="BJNR320500006BJNE001700000"><metadaten><jurabk>HufBeschlV</jurabk><enbez>§ 15</enbez><titel format="parat">Wiederholung der Prüfung</titel></metadaten><textdaten><text format="XML"><Content><P>(1) Eine Prüfung, die nicht bestanden ist, kann in einem Zeitraum von zwei Jahren nach dem Zeitpunkt der Mitteilung der Ergebnisse der ersten Prüfung zweimal wiederholt werden.</P><P>(2) In der Wiederholungsprüfung ist der Prüfling auf Antrag von der Prüfung in einzelnen Prüfungsbereichen zu befreien, in denen Leistungen in einer vorangegangenen Prüfung mindestens mit der Note &quot;ausreichend&quot; bewertet worden sind und er sich innerhalb von einem Jahr, gerechnet vom Tage der Bekanntgabe der Ergebnisse der nicht bestandenen Prüfung an, zur Wiederholungsprüfung anmeldet.</P><P>(3) Der Antrag auf Wiederholungsprüfung ist bei der gleichen Behörde zu stellen, bei der die vorausgegangene Prüfung erfolgte. In begründeten Fällen kann diese Behörde mit Zustimmung des Antragstellers die Prüfung bei einer anderen Behörde zulassen.</P></Content>  </text></textdaten></norm>
<norm builddate="20130405132830" doknr="BJNR320500006BJNG000300000"><metadaten><jurabk>HufBeschlV</jurabk><gliederungseinheit><gliederungskennzahl>030</gliederungskennzahl><gliederungsbez>Abschnitt 3</gliederungsbez><gliederungstitel>Prüfung zum Hufbeschlaglehrschmied/zur
Hufbeschlaglehrschmiedin</gliederungstitel></gliederungseinheit></metadaten><textdaten><text format="XML"><Content><P/></Content></text></textdaten></norm>
<norm builddate="20130405132830" doknr="BJNR320500006BJNE001800000"><metadaten><jurabk>HufBeschlV</jurabk><enbez>§ 16</enbez><titel format="parat">Ziel der Prüfung</titel></metadaten><textdaten><text format="XML"><Content><P>Durch die Prüfung zum Hufbeschlaglehrschmied/zur Hufbeschlaglehrschmiedin ist festzustellen, ob der Prüfling befähigt ist, den Anforderungen des § 5 Abs. 2 des Hufbeschlaggesetzes zu entsprechen.</P></Content></text></textdaten></norm>
<norm builddate="20130405132830" doknr="BJNR320500006BJNE001900000"><metadaten><jurabk>HufBeschlV</jurabk><enbez>§ 17</enbez><titel format="parat">Zulassung zur Prüfung</titel></metadaten><textdaten><text format="XML"><Content><P>(1) Zur Prüfung ist zuzulassen, wer <DL Font="normal" Type="arabic"><DT>1.</DT><DD Font="normal"><LA Size="normal">als Hufbeschlagschmied/Hufbeschlagschmiedin staatlich anerkannt ist und</LA></DD> <DT>2.</DT><DD Font="normal"><LA Size="normal">diesen Beruf seit der Anerkennung mindestens fünf Jahre hauptberuflich ausübt.</LA></DD> </DL>(2) Die zuständige Behörde kann nach Anhörung des Prüfungsausschusses im Einzelfall Ausnahmen von Absatz 1 Nr. 2 zulassen. Eine Zulassung zur Prüfung ohne das Vorliegen der staatlichen Anerkennung als Hufbeschlagschmied/Hufbeschlagschmiedin ist nicht zulässig.</P><P>(3) Der Antrag auf Zulassung zur Prüfung ist schriftlich an die zuständige Behörde zu richten. Dem Antrag sind beizufügen: <DL Font="normal" Type="arabic"><DT>1.</DT><DD Font="normal"><LA Size="normal">Nachweise über die Erfüllung der Voraussetzungen nach Absatz 1,</LA></DD> <DT>2.</DT><DD Font="normal"><LA Size="normal">eine Erklärung darüber, ob und wo sich die antragstellende Person bereits einer Prüfung zum Hufbeschlaglehrschmied/zur Hufbeschlaglehrschmiedin unterzogen oder zur Ablegung dieser Prüfung angemeldet hat.</LA></DD> </DL> </P><P>(4) In den Fällen der Zulassung nach Absatz 2 ist <DL Font="normal" Type="arabic"><DT>1.</DT><DD Font="normal"><LA Size="normal">eine Begründung für den Antrag auf Bewilligung der Ausnahme,</LA></DD> <DT>2.</DT><DD Font="normal"><LA Size="normal">eine Abschrift der Urkunde über die staatliche Anerkennung als Hufbeschlagschmied/als Hufbeschlagschmiedin und</LA></DD> <DT>3.</DT><DD Font="normal"><LA Size="normal">eine Erklärung darüber, ob und wo sich die antragstellende Person bereits einer Prüfung zum Hufbeschlaglehrschmied/zur Hufbeschlaglehrschmiedin unterzogen oder zur Ablegung dieser Prüfung angemeldet hat,</LA></DD> </DL>vorzulegen.</P><P>(5) Über die Zulassung zur Prüfung entscheidet die zuständige Behörde.</P></Content>  </text></textdaten></norm>
<norm builddate="20130405132830" doknr="BJNR320500006BJNE002000000"><metadaten><jurabk>HufBeschlV</jurabk><enbez>§ 18</enbez><titel format="parat">Prüfung</titel></metadaten><textdaten><text format="XML"><Content><P>(1) Die Hufbeschlaglehrschmiedprüfung besteht aus den Prüfungsteilen: <DL Font="normal" Type="arabic"><DT>1.</DT><DD Font="normal"><LA Size="normal">Anfertigung und Erörterung von Fallstudien nach Maßgabe des Absatzes 2,</LA></DD> <DT>2.</DT><DD Font="normal"><LA Size="normal">Durchführung einer orthopädischen Maßnahme nach Maßgabe des Absatzes 3,</LA></DD> <DT>3.</DT><DD Font="normal"><LA Size="normal">Nachweis der schmiedetechnischen Fertigkeiten nach Maßgabe des Absatzes 4 und</LA></DD> <DT>4.</DT><DD Font="normal"><LA Size="normal">Vorbereitung und Durchführung von praktischen und theoretischen Unterweisungen nach Maßgabe des Absatzes 5.</LA></DD> </DL> </P><P>(2) Innerhalb von zehn Tagen nach Erhalt der Zulassung zur Prüfung hat der Prüfling mindestens zwei Fallstudien über von ihm in Zusammenarbeit mit einem Tierarzt durchgeführte herausgehobene Behandlungsmaßnahmen an Huftieren - vorrangig Pferden - beim Prüfungsausschuss einzureichen. Eine der Fallstudien kann sich auch auf ein Klauentier - vorrangig Rind - beziehen. In den Fallstudien ist <DL Font="normal" Type="arabic"><DT>1.</DT><DD Font="normal"><LA Size="normal">das Erkennen der Beeinträchtigung oder Erkrankung des Hufs oder der Klaue und</LA></DD> <DT>2.</DT><DD Font="normal"><LA Size="normal">die daraus folgenden erforderlichen Maßnahmen, deren Durchführung und Ergebnis</LA></DD> </DL>schriftlich und bildlich zu dokumentieren. In ihnen ist auch auf Einsatzmöglichkeiten, Auswahl sowie Verwendung verschiedener praxisüblicher Hufschutzmaterialien einzugehen. Eine Stellungnahme des beteiligten Tierarztes ist der jeweiligen Fallstudie beizufügen. Die Fallstudien sind dem Prüfungsausschuss in einem Fachgespräch vorzustellen und mit ihm zu erörtern. Für das Fachgespräch stehen bis zu 30 Minuten zur Verfügung.</P><P>(3) Bei der Durchführung der orthopädischen Maßnahme hat der Prüfling ein Tier - vorrangig ein Pferd - unter Berücksichtigung des tierärztlichen Vorberichts und der Diagnose durch eine herausgehobene fachliche Arbeit zu versorgen. Für die Durchführung dieser Aufgabe stehen bis zu 360 Minuten zur Verfügung. Die Prüfung kann durch den Prüfungsausschuss aus Gründen des Tierschutzes abgebrochen werden. Der Prüfungsteil ist mit ungenügend zu bewerten, soweit der Abbruch durch den Prüfling zu vertreten ist.</P><P>(4) Beim Nachweis der schmiedetechnischen Fertigkeiten hat der Prüfling dem Prüfungsausschuss eine Sammlung von mindestens zehn unterschiedlichen selbst gefertigten Spezialeisen vorzulegen und nach Vorgabe des Prüfungsausschusses die Herstellung eines dieser Eisen vor diesem durchzuführen und dabei den Arbeitsprozess zu erläutern. Für die Herstellung des ausgewählten Spezialeisens, einschließlich der Erläuterung des Arbeitsprozesses, stehen bis zu 120 Minuten zur Verfügung.</P><P>(5) Bei der Vorbereitung und Durchführung von praktischen und theoretischen Unterweisungen hat der Prüfling jeweils eine praktische und theoretische Unterweisung zu Inhalten aus dem Vorbereitungslehrgang an einer Hufbeschlagschule im Rahmen eines laufenden Lehrgangs nach den Vorgaben des Prüfungsausschusses vorzubereiten und durchzuführen. In unmittelbarem Anschluss an die jeweilige Unterweisung hat der Prüfling die Vorbereitung und Durchführung unter fachlichen und pädagogischen Gesichtspunkten in einem Prüfungsgespräch zu erläutern. Die Dauer der einzelnen Unterweisung soll 45 Minuten betragen. Für das jeweilige Prüfungsgespräch stehen bis zu 15 Minuten zur Verfügung.</P></Content>   </text></textdaten></norm>
<norm builddate="20130405132830" doknr="BJNR320500006BJNE002100000"><metadaten><jurabk>HufBeschlV</jurabk><enbez>§ 19</enbez><titel format="parat">Prüfungsausschuss</titel></metadaten><textdaten><text format="XML"><Content><P>(1) Die Hufbeschlaglehrschmiedprüfung wird vor einem Prüfungsausschuss der zuständigen Behörde abgelegt.</P><P>(2) Die zuständige Behörde richtet nach Anhörung der in ihrem Gebiet zuständigen Tierärztekammer den Prüfungsausschuss ein und bestimmt seinen Sitz. Der Prüfungsausschuss besteht aus drei Mitgliedern; diese werden für die Dauer von fünf Jahren berufen. Für jedes Mitglied ist mindestens ein Stellvertreter/eine Stellvertreterin zu bestimmen.</P><P>(3) Ein Mitglied des Prüfungsausschusses muss als geprüfter Hufbeschlaglehrschmied/geprüfte Hufbeschlaglehrschmiedin anerkannt sein. Zwei Mitglieder des Prüfungsausschusses müssen Tierärzte mit der Befähigung eines Fachtierarztes für Pferde oder einer vergleichbaren Befähigung sein. Für die Berufung der Stellvertreter gelten die Sätze 1 und 2 entsprechend. Der Vorsitz des Prüfungsausschusses wird von den Mitgliedern des Prüfungsausschusses gewählt.</P><P>(4) An den Entscheidungen des Prüfungsausschusses müssen alle Ausschussmitglieder mitwirken. Die Beschlüsse des Prüfungsausschusses werden mit Stimmenmehrheit gefasst. Die Mitglieder des Prüfungsausschusses haben über die ihnen bei ihrer Tätigkeit bekannt gewordenen Tatsachen Verschwiegenheit zu bewahren.</P><P>(5) Die Tätigkeit im Prüfungsausschuss ist ehrenamtlich. Für bare Auslagen und für Zeitversäumnis ist, soweit eine Entschädigung nicht von anderer Seite gewährt wird, eine angemessene Entschädigung zu zahlen, deren Höhe von der zuständigen Behörde festgelegt wird.</P><P>(6) Die zuständige Behörde führt die Aufsicht über den Prüfungsausschuss. Sie ist berechtigt, Beauftragte zur Prüfung zu entsenden. Sie kann Mitglieder des Prüfungsausschusses, die sich als Prüfer einer erheblichen Pflichtverletzung schuldig gemacht haben, abberufen.</P><P>(7) Die zuständige Behörde kann Prüfungen, bei denen erhebliche Verstöße gegen die Prüfungsbestimmungen festgestellt werden, für ungültig erklären. Wird die Prüfung für ungültig erklärt, so ist das Prüfungszeugnis einzuziehen.</P></Content>      </text></textdaten></norm>
<norm builddate="20130405132830" doknr="BJNR320500006BJNE002200000"><metadaten><jurabk>HufBeschlV</jurabk><enbez>§ 20</enbez><titel format="parat">Prüfungsverfahren</titel></metadaten><textdaten><text format="XML"><Content><P>(1) Das den Vorsitz führende Mitglied des Prüfungsausschusses leitet die Prüfung und setzt die Prüfungstermine in Absprache mit der nach Landesrecht zuständigen Behörde fest. Die zuständige Behörde gibt die Prüfungstermine öffentlich bekannt und bereitet die Prüfung vor.</P><P>(2) Die Prüflinge sind durch die zuständige Behörde mit einer Frist von mindestens zwei Wochen zu laden. Mit der Ladung zur Prüfung sind den Prüflingen die Themen für die Prüfung nach § 18 Abs. 5 mitzuteilen.</P><P>(3) Bei ordnungswidrigem Verhalten während der Prüfung, insbesondere bei Täuschungsversuchen, kann das den Vorsitz führende Mitglied des Prüfungsausschusses den Prüfling von der weiteren Teilnahme an der Prüfung ausschließen. Die Prüfung gilt in diesem Fall als nicht bestanden.</P><P>(4) Versäumt der Prüfling ohne ausreichende Entschuldigung Prüfungsteile ganz oder teilweise, so gilt die gesamte Prüfung als nicht bestanden. Die Entscheidung trifft das den Vorsitz führende Mitglied des Prüfungsausschusses.</P><P>(5) Die Ergebnisse der einzelnen Prüfungsleistungen nach § 18 Abs. 1 sind in der Niederschrift des Prüfungsausschusses auszuweisen.</P></Content>    </text></textdaten></norm>
<norm builddate="20130405132830" doknr="BJNR320500006BJNE002300000"><metadaten><jurabk>HufBeschlV</jurabk><enbez>§ 21</enbez><titel format="parat">Bewerten und Bestehen der Prüfung</titel></metadaten><textdaten><text format="XML"><Content><P>(1) Für die Bewertung der Leistungen in den Prüfungsteilen nach § 18 Abs. 1 ist die in Anlage 4 dargestellte sechsstufige Notenskala anzuwenden.</P><P>(2) Die Leistungen in den Prüfungsteilen nach § 18 Abs. 1 sind gesondert zu bewerten.</P><P>(3) Die Prüfung ist vorbehaltlich des Satzes 2 bestanden, wenn in den Prüfungsteilen nach § 18 Abs. 2, 3 und 5 mindestens ausreichende Leistungen erbracht worden sind. Wird eine der Leistungen der Prüfungsteile nach § 18 Abs. 1 mit ungenügend bewertet, so ist die Prüfung insgesamt nicht bestanden.</P><P>(4) Über das Ergebnis der Prüfung ist dem Prüfling ein Prüfungszeugnis nach dem in der Anlage 6 enthaltenen Muster auszustellen.</P></Content>   </text></textdaten></norm>
<norm builddate="20130405132830" doknr="BJNR320500006BJNE002400000"><metadaten><jurabk>HufBeschlV</jurabk><enbez>§ 22</enbez><titel format="parat">Wiederholung der Prüfung</titel></metadaten><textdaten><text format="XML"><Content><P>(1) Eine Prüfung, die nicht bestanden ist, kann im Zeitraum von zwei Jahren nach der Bekanntgabe der Ergebnisse der ersten Prüfung zweimal wiederholt werden.</P><P>(2) In der Wiederholungsprüfung ist der Prüfling auf Antrag von der Prüfung in einzelnen Prüfungsteilen zu befreien, wenn seine Leistungen darin in einer vorangegangenen Prüfung mindestens mit der Note &quot;ausreichend&quot; bewertet worden sind und er sich innerhalb von einem Jahr, gerechnet vom Tage der Bekanntgabe der Ergebnisse der nicht bestandenen Prüfung an, zur Wiederholungsprüfung anmeldet.</P><P>(3) Der Antrag auf Wiederholungsprüfung ist bei der gleichen zuständigen Behörde zu stellen, bei der die vorausgegangene Prüfung erfolgte. In besonderen Fällen kann diese Behörde mit Zustimmung des Antragstellers die Prüfung bei einer anderen zuständigen Behörde zulassen.</P></Content>  </text></textdaten></norm>
<norm builddate="20130405132830" doknr="BJNR320500006BJNG000400000"><metadaten><jurabk>HufBeschlV</jurabk><gliederungseinheit><gliederungskennzahl>040</gliederungskennzahl><gliederungsbez>Abschnitt 4</gliederungsbez><gliederungstitel>Schlussvorschriften</gliederungstitel></gliederungseinheit></metadaten><textdaten><text format="XML"><Content><P/></Content></text></textdaten></norm>
<norm builddate="20130405132830" doknr="BJNR320500006BJNE002500000"><metadaten><jurabk>HufBeschlV</jurabk><enbez>§ 23</enbez><titel format="parat">Übergangsvorschriften</titel></metadaten><textdaten><text format="XML"><Content><P>(1) Die bei Inkrafttreten dieser Verordnung laufenden Prüfungsverfahren einschließlich der Wiederholungsprüfungen können auf Antrag des Prüflings bis längstens zum 22. Juni 2007 nach den bis dahin geltenden Vorschriften zu Ende geführt werden. Dabei gilt ein Prüfungsverfahren als eröffnet, wenn der Prüfling eine verbindliche Zusage für die Teilnahme an einem Vorbereitungslehrgang an einer anerkannten Hufbeschlagschule vorweisen kann, der nicht später als vier Wochen nach dem Inkrafttreten der Verordnung beginnt.</P><P>(2) Für einen Zeitraum von fünf Jahren nach Inkrafttreten dieser Verordnung sind Personen im Sinne des § 10 Abs. 2 Satz 1 des Hufbeschlaggesetzes abweichend von § 5 Abs. 1 zur Prüfung zum Hufbeschlagschmied/zur Hufbeschlagschmiedin zuzulassen, wenn sie den Besuch eines Vorbereitungslehrgangs nach § 8 nachweisen und ihre Tätigkeit seit mindestens zwei Jahren ununterbrochen gewerblich ausüben.</P></Content> </text></textdaten></norm>
<norm builddate="20130405132830" doknr="BJNR320500006BJNE002600000"><metadaten><jurabk>HufBeschlV</jurabk><enbez>§ 24</enbez><titel format="parat">Inkrafttreten</titel></metadaten><textdaten><text format="XML"><Content><P>Diese Verordnung tritt am Tage nach der Verkündung in Kraft.</P></Content></text></textdaten></norm>
<norm builddate="20130405132830" doknr="BJNR320500006BJNE002700000"><metadaten><jurabk>HufBeschlV</jurabk><enbez>Schlussformel</enbez></metadaten><textdaten><text format="XML"><Content><P>Der Bundesrat hat zugestimmt.</P></Content></text></textdaten></norm>
<norm builddate="20130405132830" doknr="BJNR320500006BJNE002800000"><metadaten><jurabk>HufBeschlV</jurabk><enbez>Anlage 1</enbez><titel format="parat">(zu § 1 Abs. 1)</titel></metadaten><textdaten><text format="XML"><Content><P><ABWFORMAT typ="A"/><kommentar typ="Fundstelle">Fundstelle des Originaltextes: BGBl. I 2006, 3213</kommentar><BR/><pre xml:space="preserve"> <BR/>                           Anerkennungsurkunde<BR/> <BR/>Nach § 4 Abs. 1 des Hufbeschlaggesetzes vom 19. April 2006 (BGBl. I S. 900)<BR/>wird<BR/> <BR/>Herr/Frau ....................................................................<BR/>geboren am ...................................................................<BR/> <BR/>                                  als<BR/> <BR/>                     Geprüfter Hufbeschlagschmied/<BR/>                    Geprüfte Hufbeschlagschmiedin *)<BR/> <BR/>                          staatlich anerkannt<BR/> <BR/>und ist zur selbstständigen Ausübung des Huf- und Klauenbeschlags berechtigt.<BR/> <BR/>................................ , den .......................................<BR/> <BR/>..............................................................................<BR/>                          (Unterschrift/Siegel)<BR/> <BR/>-----<BR/>*) Geschlechtsspezifische Bezeichnung verwenden.</pre></P></Content></text></textdaten></norm>
<norm builddate="20130405132830" doknr="BJNR320500006BJNE002900000"><metadaten><jurabk>HufBeschlV</jurabk><enbez>Anlage 2</enbez><titel format="parat">(zu § 2 Abs. 1)</titel></metadaten><textdaten><text format="XML"><Content><P><ABWFORMAT typ="A"/><kommentar typ="Fundstelle">Fundstelle des Originaltextes: BGBl. I 2006, 3214</kommentar><BR/><pre xml:space="preserve"> <BR/>                           Anerkennungsurkunde<BR/> <BR/>Nach § 5 Abs. 1 des Hufbeschlaggesetzes vom 19. April 2006 (BGBl. I S. 900)<BR/>wird<BR/> <BR/>Herr/Frau ....................................................................<BR/> <BR/>geboren am ...................................................................<BR/> <BR/>                                  als<BR/> <BR/>                     Geprüfter Hufbeschlaglehrschmied/<BR/>                    Geprüfte Hufbeschlaglehrschmiedin *)<BR/> <BR/>                          staatlich anerkannt.<BR/> <BR/>................................ , den .......................................<BR/> <BR/>..............................................................................<BR/>                          (Unterschrift/Siegel)<BR/> <BR/>-----<BR/>*) Geschlechtsspezifische Bezeichnung verwenden.</pre></P></Content></text></textdaten></norm>
<norm builddate="20130405132830" doknr="BJNR320500006BJNE003000000"><metadaten><jurabk>HufBeschlV</jurabk><enbez>Anlage 3</enbez><titel format="parat">(zu § 3)</titel></metadaten><textdaten><text format="XML"><Content><P><ABWFORMAT typ="A"/><kommentar typ="Fundstelle">Fundstelle des Originaltextes: BGBl. I 2006, 3215</kommentar><BR/><pre xml:space="preserve"> <BR/>                            Anerkennungsurkunde<BR/> <BR/>Nach § 6 Abs. 1 des Hufbeschlaggesetzes vom 19. April 2006 (BGBl. I S. 900)<BR/>wird<BR/> <BR/>                         nachfolgende Einrichtung *)<BR/>..............................................................................<BR/>..............................................................................<BR/>..............................................................................<BR/> <BR/>                                   als<BR/> <BR/>                             Hufbeschlagschule<BR/> <BR/>                           staatlich anerkannt.<BR/> <BR/>.................................. , den  ....................................<BR/> <BR/>..............................................................................<BR/>                          (Unterschrift/Siegel)<BR/> <BR/>-----<BR/>*) Bezeichnung der Einrichtung und Anschrift einfügen.</pre></P></Content></text></textdaten></norm>
<norm builddate="20130405132830" doknr="BJNR320500006BJNE003100000"><metadaten><jurabk>HufBeschlV</jurabk><enbez>Anlage 4</enbez><titel format="XML">(zu § 14 Abs. 1 und § 21 Abs. 1)
<BR/>
Bewertungsskala für die Bildung der Noten in den einzelnen Prüfungsleistungen 
der Prüfungen nach § 10 Abs. 1, § 11 Abs. 1 und § 18 Abs. 1</titel></metadaten><textdaten><text format="XML"><Content><P><ABWFORMAT typ="A"/><kommentar typ="Fundstelle">(Fundstelle des Originaltextes: BGBl. I 2006, 3216)</kommentar></P><P>Die einzelnen Leistungen in den Prüfungsteilen sind mit einer der folgenden Noten gemäß der verbalen Darstellung des Leistungsniveaus in Bezug auf die Anforderungen des § 4 Abs. 2 oder § 5 Abs. 2 des Hufbeschlaggesetzes zu bewerten: <BR/><table frame="none"><tgroup cols="2" colsep="0" rowsep="0"><colspec colname="col1" colnum="1" colwidth="0.351127*"/><colspec colname="col2" colnum="2" colwidth="1.648873*"/><tbody valign="top"><row><entry valign="top">Note 1 = sehr gut:</entry><entry valign="top">eine den Anforderungen in besonderem Maße entsprechende Leistung.</entry></row><row><entry valign="top">Note 2 = gut:</entry><entry valign="top">eine den Anforderungen voll entsprechende Leistung.</entry></row><row><entry valign="top">Note 3 = befriedigend:</entry><entry valign="top">eine den Anforderungen im Allgemeinen entsprechende Leistung.</entry></row><row><entry valign="top">Note 4 = ausreichend:</entry><entry valign="top">eine Leistung, die zwar Mängel aufweist, aber im Ganzen den Anforderungen noch entspricht.</entry></row><row><entry valign="top">Note 5 = mangelhaft:</entry><entry valign="top">eine Leistung, die den Anforderungen nicht entspricht, jedoch erkennen lässt, dass notwendige Grundlagen für die berufliche Handlungsfähigkeit vorhanden sind.</entry></row><row><entry valign="top">Note 6 = ungenügend:</entry><entry valign="top">eine Leistung, die den Anforderungen nicht entspricht und bei der selbst Grundlagen für die berufliche Handlungsfähigkeit fehlen.</entry></row></tbody></tgroup></table></P></Content></text></textdaten></norm>
<norm builddate="20130405132830" doknr="BJNR320500006BJNE003200000"><metadaten><jurabk>HufBeschlV</jurabk><enbez>Anlage 5</enbez><titel format="parat">(zu § 14 Abs. 4)</titel></metadaten><textdaten><text format="XML"><Content><P><ABWFORMAT typ="A"/><kommentar typ="Fundstelle">Fundstelle des Originaltextes: BGBl. I 2006, 3217</kommentar><BR/><pre xml:space="preserve"> <BR/>                              Prüfungszeugnis<BR/> <BR/>Herr/Frau ....................................................................<BR/>geboren am .................................. in .............................<BR/>                             hat am ....................<BR/><BR/> <BR/>vor dem Prüfungsausschuss der zuständigen Behörde des Landes .................<BR/>die in § 9 der Hufbeschlagverordnung vom 15. Dezember 2006 (BGBl. I S. 3205) <BR/>vorgeschriebene<BR/> <BR/>                                   Prüfung<BR/>                 zum Hufbeschlagschmied/zur Hufbeschlagschmiedin 1)<BR/> <BR/>mit folgenden Ergebnissen 2)<BR/>                        bestanden/nicht bestanden: 3)<BR/> <BR/>                              <B>Praktischer Teil</B><BR/>Durchführung eines Warmbeschlags nach § 10 Abs. 2<BR/>der Hufbeschlagverordnung:                          ..........................<BR/>Durchführung eines Beschlags mit alternativen<BR/>Hufschutzmaterialien nach § 10 Abs. 3<BR/>der Hufbeschlagverordnung:                          ..........................<BR/>Durchführung einer Barhufversorgung nach<BR/>§ 10 Abs. 4 der Hufbeschlagverordnung:              .......................... <BR/>Herstellung eines Huf- oder Klaueneisens<BR/>nach § 10 Abs. 5 der Hufbeschlagverordnung:         ..........................<BR/> <BR/>                             <B>Theoretischer Teil</B><BR/>Anfertigung eines Fallberichts nach<BR/>§ 11 Abs. 2 der Hufbeschlagverordnung:              ..........................<BR/>Schriftliche Arbeit nach § 11 Abs. 3<BR/>der Hufbeschlagverordnung:                          ..........................<BR/> <BR/>               ......................, den  ......................<BR/> <BR/>                   Der/Die Vorsitzende des Prüfungsausschusses<BR/> <BR/>               ...................................................<BR/>                              (Unterschrift/Siegel)<BR/> <BR/>-----<BR/>1) Geschlechtsspezifische Bezeichnung verwenden.<BR/>2) Noten (sehr gut, gut, befriedigend, ausreichend, mangelhaft, ungenügend).<BR/>3) Nichtzutreffendes bitte streichen.</pre></P></Content></text></textdaten></norm>
<norm builddate="20130405132830" doknr="BJNR320500006BJNE003300000"><metadaten><jurabk>HufBeschlV</jurabk><enbez>Anlage 6</enbez><titel format="parat">(zu § 21 Abs. 4)</titel></metadaten><textdaten><text format="XML"><Content><P><ABWFORMAT typ="A"/><kommentar typ="Fundstelle">Fundstelle des Originaltextes: BGBl. I 2006, 3218</kommentar><BR/><pre xml:space="preserve"> <BR/>                              Prüfungszeugnis<BR/> <BR/>Herr/Frau ....................................................................<BR/>geboren am .................................. in .............................<BR/>                             hat am ....................<BR/><BR/> <BR/>vor dem Prüfungsausschuss der zuständigen Behörde des Landes .................<BR/>die in § 18 der Hufbeschlagverordnung vom 15. Dezember 2006 (BGBl. I S. 3205) <BR/>vorgeschriebene<BR/> <BR/>                                   Prüfung<BR/>           zum Hufbeschlaglehrschmied/zur Hufbeschlaglehrschmiedin 1)<BR/> <BR/>mit folgenden Ergebnissen 2)<BR/>                        bestanden/nicht bestanden: 3)<BR/> <BR/>Anfertigung und Erörterung von Fallstudien nach § 18 Abs. 2<BR/>der Hufbeschlagverordnung:                                   .................<BR/>Durchführung einer orthopädischen Maßnahme nach § 18 Abs. 3<BR/>der Hufbeschlagverordnung:                                   .................<BR/>Nachweis der schmiedetechnischen Fertigkeiten nach § 18<BR/>Abs. 4 der Hufbeschlagverordnung:                            .................<BR/>Vorbereitung und Durchführung von praktischen und<BR/>theoretischen Unterweisungen nach § 18 Abs. 5 der<BR/>Hufbeschlagverordnung:                                      .................<BR/> <BR/>               ......................, den  ......................<BR/> <BR/>                   Der/Die Vorsitzende des Prüfungsausschusses<BR/> <BR/>               ...................................................<BR/>                              (Unterschrift/Siegel)<BR/> <BR/>-----<BR/>1) Geschlechtsspezifische Bezeichnung verwenden.<BR/>2) Noten (sehr gut, gut, befriedigend, ausreichend, mangelhaft, ungenügend).<BR/>3) Nichtzutreffendes bitte streichen.</pre></P></Content></text></textdaten></norm>
</dokumente>