<?xml version="1.0" encoding="UTF-8" ?><!DOCTYPE dokumente SYSTEM "http://www.gesetze-im-internet.de/dtd/1.01/gii-norm.dtd">
<dokumente builddate="20150119221516" doknr="BJNR170700014"><norm builddate="20150119221516" doknr="BJNR170700014"><metadaten><jurabk>FinAusglG2013DV 2</jurabk><ausfertigung-datum manuell="ja">2014-11-10</ausfertigung-datum><fundstelle typ="amtlich"><periodikum>BGBl I</periodikum><zitstelle>2014, 1707</zitstelle></fundstelle><langue>Zweite Verordnung zur Durchführung des Finanzausgleichsgesetzes im Ausgleichsjahr 2013</langue></metadaten><textdaten><fussnoten><Content><P><BR/> <pre xml:space="preserve">(+++ Textnachweis ab: 20.11.2014 +++)<BR/><BR/></pre></P></Content></fussnoten></textdaten></norm>
<norm builddate="20150119221516" doknr="BJNR170700014BJNE000100000"><metadaten><jurabk>FinAusglG2013DV 2</jurabk><enbez>Eingangsformel</enbez></metadaten><textdaten><text format="XML"><Content><P>Auf Grund des § 12 des Finanzausgleichsgesetzes vom 20. Dezember 2001 (BGBl. I S. 3955, 3956) verordnet das Bundesministerium der Finanzen:</P></Content></text></textdaten></norm>
<norm builddate="20150119221516" doknr="BJNR170700014BJNE000200000"><metadaten><jurabk>FinAusglG2013DV 2</jurabk><enbez>§ 1</enbez><titel format="XML">Feststellung der Länderanteile an der Umsatzsteuer im Ausgleichsjahr 2013</titel></metadaten><textdaten><text format="XML"><Content><P>Für das Ausgleichsjahr 2013 werden als Länderanteile an der Umsatzsteuer festgestellt: <BR/><BR/><table frame="none" pgwide="0" tocentry="%yes;"><tgroup align="left" char="" charoff="50" cols="2"><colspec colname="col1" colnum="1" colwidth="56*"/><colspec align="right" colname="col2" colnum="2" colwidth="44*"/><tbody valign="top"><row><entry VJ="1" colname="col1" colsep="0" rowsep="0">für Baden-Württemberg</entry><entry VJ="1" colname="col2" rowsep="0">10 042 486 595,79 Euro</entry></row><row><entry VJ="1" colname="col1" colsep="0" rowsep="0">für Bayern</entry><entry VJ="1" colname="col2" rowsep="0">11 891 575 596,46 Euro</entry></row><row><entry VJ="1" colname="col1" colsep="0" rowsep="0">für Berlin</entry><entry VJ="1" colname="col2" rowsep="0">3 629 665 123,92 Euro</entry></row><row><entry VJ="1" colname="col1" colsep="0" rowsep="0">für Brandenburg</entry><entry VJ="1" colname="col2" rowsep="0">3 624 772 413,74 Euro</entry></row><row><entry VJ="1" colname="col1" colsep="0" rowsep="0">für Bremen</entry><entry VJ="1" colname="col2" rowsep="0">739 460 346,15 Euro</entry></row><row><entry VJ="1" colname="col1" colsep="0" rowsep="0">für Hamburg</entry><entry VJ="1" colname="col2" rowsep="0">1 651 389 299,91 Euro</entry></row><row><entry VJ="1" colname="col1" colsep="0" rowsep="0">für Hessen</entry><entry VJ="1" colname="col2" rowsep="0">5 709 353 048,83 Euro</entry></row><row><entry VJ="1" colname="col1" colsep="0" rowsep="0">für Mecklenburg-Vorpommern</entry><entry VJ="1" colname="col2" rowsep="0">2 660 621 423,10 Euro</entry></row><row><entry VJ="1" colname="col1" colsep="0" rowsep="0">für Niedersachsen</entry><entry VJ="1" colname="col2" rowsep="0">8 808 035 737,72 Euro</entry></row><row><entry VJ="1" colname="col1" colsep="0" rowsep="0">für Nordrhein-Westfalen</entry><entry VJ="1" colname="col2" rowsep="0">16 753 049 640,41 Euro</entry></row><row><entry VJ="1" colname="col1" colsep="0" rowsep="0">für Rheinland-Pfalz</entry><entry VJ="1" colname="col2" rowsep="0">4 020 872 462,70 Euro</entry></row><row><entry VJ="1" colname="col1" colsep="0" rowsep="0">für das Saarland</entry><entry VJ="1" colname="col2" rowsep="0">1 254 239 813,61 Euro</entry></row><row><entry VJ="1" colname="col1" colsep="0" rowsep="0">für Sachsen</entry><entry VJ="1" colname="col2" rowsep="0">6 753 395 591,08 Euro</entry></row><row><entry VJ="1" colname="col1" colsep="0" rowsep="0">für Sachsen-Anhalt</entry><entry VJ="1" colname="col2" rowsep="0">3 748 413 279,29 Euro</entry></row><row><entry VJ="1" colname="col1" colsep="0" rowsep="0">für Schleswig-Holstein</entry><entry VJ="1" colname="col2" rowsep="0">2 910 682 344,28 Euro</entry></row><row><entry VJ="1" colname="col1" colsep="0">für Thüringen</entry><entry VJ="1" colname="col2">3 632 768 110,20 Euro.</entry></row></tbody></tgroup></table></P></Content></text></textdaten></norm>
<norm builddate="20150119221516" doknr="BJNR170700014BJNE000300000"><metadaten><jurabk>FinAusglG2013DV 2</jurabk><enbez>§ 2</enbez><titel format="XML">Abrechnung des Finanzausgleichs unter den Ländern im Ausgleichsjahr 2013</titel></metadaten><textdaten><text format="XML"><Content><P>Für das Ausgleichsjahr 2013 wird der Finanzausgleich unter den Ländern wie folgt festgestellt: <BR/><BR/><DL Font="normal" Type="arabic"><DT>1.</DT><DD Font="normal"><LA Size="normal">endgültige Ausgleichsbeiträge <BR/><BR/><table frame="none" pgwide="0" tocentry="%yes;"><tgroup align="left" char="" charoff="50" cols="2"><colspec colname="col1" colnum="1" colwidth="56*"/><colspec align="right" colname="col2" colnum="2" colwidth="44*"/><tbody valign="top"><row><entry VJ="1" colname="col1" colsep="0" rowsep="0">von Baden-Württemberg</entry><entry VJ="1" colname="col2" rowsep="0">2 415 133 275,21 Euro</entry></row><row><entry VJ="1" colname="col1" colsep="0" rowsep="0">von Bayern</entry><entry VJ="1" colname="col2" rowsep="0">4 306 758 766,69 Euro</entry></row><row><entry VJ="1" colname="col1" colsep="0">von Hessen</entry><entry VJ="1" colname="col2">1 701 623 141,70 Euro,</entry></row></tbody></tgroup></table><BR/><BR/></LA></DD><DT>2.</DT><DD Font="normal"><LA Size="normal">endgültige Ausgleichszuweisungen <BR/><BR/><table frame="none" pgwide="0" tocentry="%yes;"><tgroup align="left" char="" charoff="50" cols="2"><colspec colname="col1" colnum="1" colwidth="57*"/><colspec align="right" colname="col2" colnum="2" colwidth="43*"/><tbody valign="top"><row><entry VJ="1" colname="col1" colsep="0" rowsep="0">an Berlin</entry><entry VJ="1" colname="col2" rowsep="0">3 327 874 494,19 Euro</entry></row><row><entry VJ="1" colname="col1" colsep="0" rowsep="0">an Brandenburg</entry><entry VJ="1" colname="col2" rowsep="0">517 626 504,05 Euro</entry></row><row><entry VJ="1" colname="col1" colsep="0" rowsep="0">an Bremen</entry><entry VJ="1" colname="col2" rowsep="0">587 515 415,83 Euro</entry></row><row><entry VJ="1" colname="col1" colsep="0" rowsep="0">an Hamburg</entry><entry VJ="1" colname="col2" rowsep="0">88 368 500,78 Euro</entry></row><row><entry VJ="1" colname="col1" colsep="0" rowsep="0">an Mecklenburg-Vorpommern</entry><entry VJ="1" colname="col2" rowsep="0">460 533 383,98 Euro</entry></row><row><entry VJ="1" colname="col1" colsep="0" rowsep="0">an Niedersachsen</entry><entry VJ="1" colname="col2" rowsep="0">106 797 285,87 Euro</entry></row><row><entry VJ="1" colname="col1" colsep="0" rowsep="0">an Nordrhein-Westfalen</entry><entry VJ="1" colname="col2" rowsep="0">691 373 075,18 Euro</entry></row><row><entry VJ="1" colname="col1" colsep="0" rowsep="0">an Rheinland-Pfalz</entry><entry VJ="1" colname="col2" rowsep="0">242 356 575,32 Euro</entry></row><row><entry VJ="1" colname="col1" colsep="0" rowsep="0">an das Saarland</entry><entry VJ="1" colname="col2" rowsep="0">136 786 055,51 Euro</entry></row><row><entry VJ="1" colname="col1" colsep="0" rowsep="0">an Sachsen</entry><entry VJ="1" colname="col2" rowsep="0">994 620 279,53 Euro</entry></row><row><entry VJ="1" colname="col1" colsep="0" rowsep="0">an Sachsen-Anhalt</entry><entry VJ="1" colname="col2" rowsep="0">559 106 114,88 Euro</entry></row><row><entry VJ="1" colname="col1" colsep="0" rowsep="0">an Schleswig-Holstein</entry><entry VJ="1" colname="col2" rowsep="0">167 513 009,71 Euro</entry></row><row><entry VJ="1" colname="col1" colsep="0">an Thüringen</entry><entry VJ="1" colname="col2">543 044 488,74 Euro.</entry></row></tbody></tgroup></table></LA></DD></DL></P></Content></text></textdaten></norm>
<norm builddate="20150119221516" doknr="BJNR170700014BJNE000400000"><metadaten><jurabk>FinAusglG2013DV 2</jurabk><enbez>§ 3</enbez><titel format="XML">Abschlusszahlungen für 2013</titel></metadaten><textdaten><text format="XML"><Content><P>Zum Ausgleich der Unterschiede zwischen den vorläufig gezahlten und den endgültig festgestellten Länderanteilen an der Umsatzsteuer nach § 1, den vorläufig gezahlten und den endgültig festgestellten Ausgleichsbeiträgen und Ausgleichszuweisungen nach § 2 werden nach § 15 des Finanzausgleichsgesetzes mit dem Inkrafttreten dieser Verordnung fällig: <BR/><BR/><DL Font="normal" Type="arabic"><DT>1.</DT><DD Font="normal"><LA Size="normal">Überweisungen von zahlungspflichtigen Ländern: <BR/><BR/><table frame="none" pgwide="0" tocentry="%yes;"><tgroup align="left" char="" charoff="50" cols="2"><colspec colname="col1" colnum="1" colwidth="59*"/><colspec align="right" colname="col2" colnum="2" colwidth="41*"/><tbody valign="top"><row><entry VJ="1" colname="col1" colsep="0" rowsep="0">von Berlin</entry><entry VJ="1" colname="col2" rowsep="0">9 630 040,81 Euro</entry></row><row><entry VJ="1" colname="col1" colsep="0" rowsep="0">von Brandenburg</entry><entry VJ="1" colname="col2" rowsep="0">3 811 847,22 Euro</entry></row><row><entry VJ="1" colname="col1" colsep="0" rowsep="0">von Bremen</entry><entry VJ="1" colname="col2" rowsep="0">1 119 933,04 Euro</entry></row><row><entry VJ="1" colname="col1" colsep="0" rowsep="0">von Mecklenburg-Vorpommern</entry><entry VJ="1" colname="col2" rowsep="0">3 695 537,53 Euro</entry></row><row><entry VJ="1" colname="col1" colsep="0" rowsep="0">von Nordrhein-Westfalen</entry><entry VJ="1" colname="col2" rowsep="0">1 216 106,61 Euro</entry></row><row><entry VJ="1" colname="col1" colsep="0" rowsep="0">von Rheinland-Pfalz</entry><entry VJ="1" colname="col2" rowsep="0">588 034,05 Euro</entry></row><row><entry VJ="1" colname="col1" colsep="0" rowsep="0">von dem Saarland</entry><entry VJ="1" colname="col2" rowsep="0">1 093 716,41 Euro</entry></row><row><entry VJ="1" colname="col1" colsep="0" rowsep="0">von Sachsen</entry><entry VJ="1" colname="col2" rowsep="0">6 981 848,83 Euro</entry></row><row><entry VJ="1" colname="col1" colsep="0" rowsep="0">von Sachsen-Anhalt</entry><entry VJ="1" colname="col2" rowsep="0">3 802 993,30 Euro</entry></row><row><entry VJ="1" colname="col1" colsep="0" rowsep="0">von Schleswig-Holstein</entry><entry VJ="1" colname="col2" rowsep="0">1 560 648,50 Euro</entry></row><row><entry VJ="1" colname="col1" colsep="0">von Thüringen</entry><entry VJ="1" colname="col2">3 916 108,91 Euro,</entry></row></tbody></tgroup></table><BR/><BR/></LA></DD><DT>2.</DT><DD Font="normal"><LA Size="normal">Zahlungen an empfangsberechtigte Länder: <BR/><BR/><table frame="none" pgwide="0" tocentry="%yes;"><tgroup align="left" char="" charoff="50" cols="2"><colspec colname="col1" colnum="1" colwidth="56*"/><colspec align="right" colname="col2" colnum="2" colwidth="44*"/><tbody valign="top"><row><entry VJ="1" colname="col1" colsep="0" rowsep="0">an Baden-Württemberg</entry><entry VJ="1" colname="col2" rowsep="0">13 479 365,72 Euro</entry></row><row><entry VJ="1" colname="col1" colsep="0" rowsep="0">an Bayern</entry><entry VJ="1" colname="col2" rowsep="0">13 110 977,10 Euro</entry></row><row><entry VJ="1" colname="col1" colsep="0" rowsep="0">an Hamburg</entry><entry VJ="1" colname="col2" rowsep="0">1 279 158,12 Euro</entry></row><row><entry VJ="1" colname="col1" colsep="0" rowsep="0">an Hessen</entry><entry VJ="1" colname="col2" rowsep="0">8 883 734,64 Euro</entry></row><row><entry VJ="1" colname="col1" colsep="0">an Niedersachsen</entry><entry VJ="1" colname="col2">663 579,60 Euro.</entry></row></tbody></tgroup></table></LA></DD></DL></P></Content></text></textdaten></norm>
<norm builddate="20150119221516" doknr="BJNR170700014BJNE000500000"><metadaten><jurabk>FinAusglG2013DV 2</jurabk><enbez>§ 4</enbez><titel format="XML">Inkrafttreten, Außerkrafttreten</titel></metadaten><textdaten><text format="XML"><Content><P>Diese Verordnung tritt am siebenten Tag nach der Verkündung in Kraft. Gleichzeitig tritt die Erste Verordnung zur Durchführung des Finanzausgleichsgesetzes im Ausgleichsjahr 2013 vom 25. März 2013 (BGBl. I S. 601) außer Kraft.</P></Content></text></textdaten></norm>
<norm builddate="20150119221516" doknr="BJNR170700014BJNE000600000"><metadaten><jurabk>FinAusglG2013DV 2</jurabk><enbez>Schlussformel</enbez></metadaten><textdaten><text format="XML"><Content><P>Der Bundesrat hat zugestimmt.</P></Content></text></textdaten></norm>
</dokumente>