<?xml version="1.0" encoding="UTF-8" ?><!DOCTYPE dokumente SYSTEM "http://www.gesetze-im-internet.de/dtd/1.01/gii-norm.dtd">
<dokumente builddate="20250403224011" doknr="BJNR122210018"><norm builddate="20250403224011" doknr="BJNR122210018"><metadaten><jurabk>BImSchV 43</jurabk><amtabk>43. BImSchV</amtabk><ausfertigung-datum manuell="ja">2018-07-18</ausfertigung-datum><fundstelle typ="amtlich"><periodikum>BGBl I</periodikum><zitstelle>2018, 1222</zitstelle></fundstelle><kurzue>Verordnung über nationale Verpflichtungen zur Reduktion der Emissionen bestimmter Luftschadstoffe</kurzue><langue>Dreiundvierzigste Verordnung zur Durchführung des Bundes-Immissionsschutzgesetzes</langue><standangabe checked="ja"><standtyp>Stand</standtyp><standkommentar>Geändert durch Art. 1 V v. 25.02.2025 I Nr. 61</standkommentar></standangabe></metadaten><textdaten><text format="XML"><Content><P><noindex>Diese Verordnung dient der Umsetzung der Richtlinie (EU) 2016/2284 des Europäischen Parlaments und des Rates vom 14. Dezember 2016 über die Reduktion der nationalen Emissionen bestimmter Luftschadstoffe, zur Änderung der Richtlinie 2003/35/EG und zur Aufhebung der Richtlinie 2001/81/EG (ABl. L 344 vom 17.12.2016, S.1).</noindex></P></Content></text><fussnoten><Content><P><BR/> <pre xml:space="preserve">(+++ Textnachweis ab: 31.7.2018 +++)<BR/>(+++ Zur Anwendung vgl. § 5 Abs 4 +++)<BR/>(+++ Amtlicher Hinweis des Normgebers auf EG-Recht:<BR/>     Umsetzung der<BR/>       EURL 2016/2284            (CELEX Nr: 32016L2284) <BR/>       EURL 2024/299             (CELEX Nr: 32024L0299) +++)<BR/><BR/></pre>Die V wurde als Art. 1 der V v. 18.7.2018 I 1222 von der Bundesregierung mit  Zustimmung des Bundesrates erlassen. Sie tritt gem. Art. 3 dieser V am 31.7.2018 in Kraft.</P></Content></fussnoten></textdaten></norm>
<norm builddate="20250403224011" doknr="BJNR122210018BJNE000100000"><metadaten><jurabk>BImSchV 43</jurabk><jurabk>43. BImSchV</jurabk><enbez>§ 1</enbez><titel format="XML">Begriffsbestimmungen</titel></metadaten><textdaten><text format="XML"><Content><P>(1) „Emission“ im Sinne dieser Verordnung ist die Freisetzung von Stoffen aus einer Punktquelle oder einer diffusen Quelle in die Atmosphäre.</P><P>(2) „Feinstaub PM<SUB>2,5</SUB>“ im Sinne dieser Verordnung ist Feinstaub mit einem aerodynamischen Durchmesser von höchstens 2,5 Mikrometern.</P><P>(3) „Internationaler Seeverkehr“ im Sinne dieser Verordnung sind Fahrten auf See und in Küstengewässern von Wasserfahrzeugen unter beliebiger Flagge, ausgenommen Fischereifahrzeuge, die im Hoheitsgebiet eines Landes beginnen und im Hoheitsgebiet eines anderen Landes enden.</P><P>(4) „NMVOC“ im Sinne dieser Verordnung sind alle flüchtigen organischen Verbindungen außer Methan, die durch Reaktion mit Stickstoffoxiden bei Sonnenlicht photochemische Oxidantien erzeugen können.</P><P>(5) „NO<SUB>x</SUB>“ im Sinne dieser Verordnung sind Stickstoffmonoxid und Stickstoffdioxid, ausgedrückt als Stickstoffdioxid.</P><P>(6) „Ruß“ (black carbon) im Sinne dieser Verordnung sind kohlenstoffhaltige lichtabsorbierende Partikel.</P><P>(7) „SO<SUB>2</SUB>“ im Sinne dieser Verordnung umfasst neben Schwefeldioxid alle Schwefelverbindungen, einschließlich Schwefeltrioxid (SO<SUB>3</SUB>), Schwefelsäure (H<SUB>2</SUB>SO<SUB>4</SUB>) und reduzierter Schwefelverbindungen wie Schwefelwasserstoff (H<SUB>2</SUB>S), Merkaptane und Dimethylsulfide, ausgedrückt als Schwefeldioxid.</P><P>(8) „Start- und Landezyklus“ im Sinne dieser Verordnung ist der Zyklus, der sich aus Rollen, Starten, Steigflug, Anflug und Landung sowie allen anderen Manövern von Luftfahrzeugen ergibt, die unterhalb einer Höhe von 914,4 Metern stattfinden.</P></Content></text></textdaten></norm>
<norm builddate="20250403224011" doknr="BJNR122210018BJNE000200000"><metadaten><jurabk>BImSchV 43</jurabk><jurabk>43. BImSchV</jurabk><enbez>§ 2</enbez><titel format="XML">Verpflichtungen zur Emissionsreduktion</titel></metadaten><textdaten><text format="XML"><Content><P>(1) Die Bundesrepublik Deutschland ist verpflichtet, die jährlichen durch menschliche Tätigkeiten verursachten Emissionen von Luftschadstoffen gegenüber dem Jahr 2005 wie folgt zu reduzieren: <DL Type="arabic"><DT>1.</DT><DD Font="normal"><LA>ab dem Jahr 2020: <DL Type="alpha"><DT>a)</DT><DD Font="normal"><LA>SO<SUB>2</SUB>: 21 Prozent,</LA></DD><DT>b)</DT><DD Font="normal"><LA>NO<SUB>x</SUB>: 39 Prozent,</LA></DD><DT>c)</DT><DD Font="normal"><LA>NMVOC: 13 Prozent,</LA></DD><DT>d)</DT><DD Font="normal"><LA>NH<SUB>3</SUB>: 5 Prozent und</LA></DD><DT>e)</DT><DD Font="normal"><LA>Feinstaub PM<SUB>2,5</SUB>: 26 Prozent und</LA></DD></DL></LA></DD><DT>2.</DT><DD Font="normal"><LA>ab dem Jahr 2030: <DL Type="alpha"><DT>a)</DT><DD Font="normal"><LA>SO<SUB>2</SUB>: 58 Prozent,</LA></DD><DT>b)</DT><DD Font="normal"><LA>NO<SUB>x</SUB>: 65 Prozent,</LA></DD><DT>c)</DT><DD Font="normal"><LA>NMVOC: 28 Prozent,</LA></DD><DT>d)</DT><DD Font="normal"><LA>NH<SUB>3</SUB>: 29 Prozent und</LA></DD><DT>e)</DT><DD Font="normal"><LA>Feinstaub PM<SUB>2,5</SUB>: 43 Prozent.</LA></DD></DL></LA></DD></DL></P><P>(2) Folgende Emissionen werden nicht berücksichtigt: <DL Type="arabic"><DT>1.</DT><DD Font="normal"><LA>Emissionen von Flugzeugen außerhalb des Start- und Landezyklus;</LA></DD><DT>2.</DT><DD Font="normal"><LA>Emissionen aus dem internationalen Seeverkehr;</LA></DD><DT>3.</DT><DD Font="normal"><LA>Emissionen von NO<SUB>x</SUB> und NMVOC aus Tätigkeiten, die unter die Nomenklatur für die Berichterstattung des Übereinkommens von 1979 über weiträumige grenzüberschreitende Luftverunreinigung (BGBl. 1982 II S. 373, 374) gemäß den Kategorien 3B <NB>– Düngewirtschaft –</NB> und 3D – landwirtschaftliche Böden – mit Stand 2014 fallen.</LA></DD></DL></P></Content></text></textdaten></norm>
<norm builddate="20250403224011" doknr="BJNR122210018BJNE000300000"><metadaten><jurabk>BImSchV 43</jurabk><jurabk>43. BImSchV</jurabk><enbez>§ 3</enbez><titel format="XML">Indikative Emissionsmengen</titel></metadaten><textdaten><text format="XML"><Content><P>(1) Für das Jahr 2025 ist für die Emissionsmengen der in § 2 Absatz 1 aufgeführten Luftschadstoffe ein linearer Reduktionspfad einzuhalten. Dieser führt von den Emissionsmengen, die sich aus den Verpflichtungen zur Emissionsreduktion für das Jahr 2020 ergeben, zu den Emissionsmengen, die sich aus den Verpflichtungen zur Emissionsreduktion für das Jahr 2030 ergeben. § 2 Absatz 2 gilt entsprechend.</P><P>(2) Für die in § 2 Absatz 1 aufgeführten Luftschadstoffe kann anstelle eines linearen Reduktionspfads ein nichtlinearer Reduktionspfad gewählt werden, sofern <DL Type="arabic"><DT>1.</DT><DD Font="normal"><LA>dies wirtschaftlich oder technisch effizienter als der lineare Reduktionspfad ist und</LA></DD><DT>2.</DT><DD Font="normal"><LA>der Pfad sich ab dem Jahr 2025 schrittweise dem linearen Reduktionspfad annähert.</LA></DD></DL>Der Reduktionspfad ist im nationalen Luftreinhalteprogramm festzulegen und im Fall eines nichtlinearen Reduktionspfads zu begründen.</P></Content></text></textdaten></norm>
<norm builddate="20250403224011" doknr="BJNR122210018BJNE000400000"><metadaten><jurabk>BImSchV 43</jurabk><jurabk>43. BImSchV</jurabk><enbez>§ 4</enbez><titel format="XML">Nationales Luftreinhalteprogramm</titel></metadaten><textdaten><text format="XML"><Content><P>(1) Die Bundesregierung erstellt ein nationales Luftreinhalteprogramm. Das nationale Luftreinhalteprogramm enthält <DL Type="arabic"><DT>1.</DT><DD Font="normal"><LA>erforderliche Maßnahmen, um die Emissionsreduktion nach § 2 zu erzielen,</LA></DD><DT>2.</DT><DD Font="normal"><LA>zur Erfüllung der Verpflichtungen zur Emissionsreduktion für Feinstaub PM<SUB>2,5</SUB> vorrangig Maßnahmen zur Reduktion von Rußemissionen,</LA></DD><DT>3.</DT><DD Font="normal"><LA>eine Bewertung des voraussichtlichen Umfangs der Auswirkungen nationaler Emissionsquellen auf die Luftqualität in Deutschland und in benachbarten Mitgliedstaaten,</LA></DD><DT>4.</DT><DD Font="normal"><LA>eine abstrakte Darstellung der Zuständigkeiten der mit Luftreinhaltung befassten Behörden auf Bundesebene, auf Landesebene und auf kommunaler Ebene,</LA></DD><DT>5.</DT><DD Font="normal"><LA>eine Darstellung der bereits erzielten Fortschritte bei der Emissionsreduktion und bei der Verbesserung der Luftqualität und eine Darstellung, inwieweit diesbezügliche nationale Verpflichtungen und Verpflichtungen der Europäischen Union eingehalten wurden,</LA></DD><DT>6.</DT><DD Font="normal"><LA>eine Darstellung der voraussichtlichen Entwicklung der Emissionsreduktion und der Verbesserung der Luftqualität und eine Darstellung, inwieweit diesbezügliche nationale Verpflichtungen und Verpflichtungen der Europäischen Union eingehalten werden auf Grundlage bereits umgesetzter Maßnahmen,</LA></DD><DT>7.</DT><DD Font="normal"><LA>die Strategien und Maßnahmen, die in Betracht gezogen werden <DL Type="alpha"><DT>a)</DT><DD Font="normal"><LA>für die Erfüllung der Emissionsreduktionsverpflichtungen,</LA></DD><DT>b)</DT><DD Font="normal"><LA>für die Erfüllung der indikativen Emissionsmengen für das Jahr 2025 und</LA></DD><DT>c)</DT><DD Font="normal"><LA>zur weiteren Verbesserung der Luftqualität,</LA></DD></DL></LA></DD><DT>8.</DT><DD Font="normal"><LA>die Analyse der Strategien und Maßnahmen nach Nummer 7 und die angewandte Analysemethode; sofern verfügbar, eine Darstellung der einzelnen oder kombinierten Auswirkungen der Strategien und Maßnahmen auf die Emissionsreduktion, die Luftqualität und die Umwelt sowie eine Darstellung der damit verbundenen Unsicherheiten,</LA></DD><DT>9.</DT><DD Font="normal"><LA>die zur weiteren Verbesserung der Luftqualität ausgewählten Strategien und Maßnahmen sowie den Zeitplan der Verabschiedung, Durchführung und Überprüfung dieser Strategien und Maßnahmen mit Angabe der zuständigen Behörden,</LA></DD><DT>10.</DT><DD Font="normal"><LA>eine Erläuterung der Gründe für den Fall, dass die indikativen Emissionsmengen für das Jahr 2025 nicht erreicht werden können, ohne dass Maßnahmen getroffen werden müssten, die unverhältnismäßige Kosten verursachen,</LA></DD><DT>11.</DT><DD Font="normal"><LA>eine Festlegung des nichtlinearen Emissionspfads gemäß § 3 Absatz 2 für den Fall, dass die indikativen Emissionsmengen für das Jahr 2025 nicht erreicht werden können,</LA></DD><DT>12.</DT><DD Font="normal"><LA>für den Fall, dass die Flexibilisierungsregelungen gemäß den §§ 10 bis 13 in Anspruch genommen werden, einen Bericht darüber und über sämtliche damit verbundenen Umweltauswirkungen,</LA></DD><DT>13.</DT><DD Font="normal"><LA>den nationalen politischen Rahmen für Luftqualität und Luftreinhaltung, in dessen Kontext das Programm erarbeitet wurde, einschließlich der Schwerpunkte der nationalen Luftreinhaltepolitik und deren Verbindung zu Schwerpunkten in anderen Politikfeldern, einschließlich der Klimapolitik und gegebenenfalls der Landwirtschaft, der Industrie und des Verkehrs,</LA></DD><DT>14.</DT><DD Font="normal"><LA>eine Bewertung der Kohärenz ausgewählter Strategien und Maßnahmen mit Plänen und Programmen in anderen wichtigen Politikfeldern.</LA></DD></DL>Die Maßnahmen des nationalen Luftreinhalteprogramms müssen unter Berücksichtigung von Aufwand und Nutzen verhältnismäßig sein.</P><P>(2) Die Bundesregierung beschließt das nationale Luftreinhalteprogramm nach Anhörung der Länder und der beteiligten Kreise. Für die Anhörung der beteiligten Kreise gilt § 51 des Bundes-Immissionsschutzgesetzes entsprechend.</P><P>(3) Sofern erforderlich, werden bei der Erstellung des nationalen Luftreinhalteprogramms grenzüberschreitende Konsultationen zwischen dem Bundesministerium für Umwelt, Naturschutz und nukleare Sicherheit und den Behörden durchgeführt, die zuständig sind für die Erstellung und den Beschluss des nationalen Luftreinhalteprogramms in anderen Mitgliedstaaten der Europäischen Union.</P></Content></text><fussnoten><Content><P>(+++ § 4 Abs. 2 und 3: Zur Anwendung vgl. § 5 Abs. 4 +++)</P></Content></fussnoten></textdaten></norm>
<norm builddate="20250403224011" doknr="BJNR122210018BJNE000500000"><metadaten><jurabk>BImSchV 43</jurabk><jurabk>43. BImSchV</jurabk><enbez>§ 5</enbez><titel format="XML">Aktualisierung des nationalen Luftreinhalteprogramms</titel></metadaten><textdaten><text format="XML"><Content><P>(1) Die Bundesregierung aktualisiert das nationale Luftreinhalteprogramm mindestens alle vier Jahre.</P><P>(2) Die Bundesregierung aktualisiert die im nationalen Luftreinhalteprogramm festgelegten Strategien und Maßnahmen zur Emissionsreduktion innerhalb von 18 Monaten, nachdem das nationale Emissionsinventar oder die nationale Emissionsprognose oder deren Aktualisierungen nach § 17 der Europäischen Kommission und der Europäischen Umweltagentur übermittelt wurden, wenn den übermittelten Emissionsdaten zufolge <DL Type="arabic"><DT>1.</DT><DD Font="normal"><LA>die in § 2 genannten Verpflichtungen nicht erfüllt werden oder</LA></DD><DT>2.</DT><DD Font="normal"><LA>die Gefahr besteht, dass die in § 2 genannten Verpflichtungen nicht erfüllt werden.</LA></DD></DL></P><P>(3) Die Aktualisierungen des nationalen Luftreinhalteprogramms umfassen mindestens <DL Type="arabic"><DT>1.</DT><DD Font="normal"><LA>eine Bewertung der Fortschritte, die mit der Durchführung des Programms sowie der Emissionsreduktion und der Reduktion der Schadstoffkonzentrationen erzielt wurden, sowie</LA></DD><DT>2.</DT><DD Font="normal"><LA>alle erheblichen Veränderungen des politischen Kontextes, der Bewertungen des nationalen Luftreinhalteprogramms oder seines Durchführungszeitplans.</LA></DD></DL></P><P>(4) § 4 Absatz 2 und 3 gilt entsprechend.</P></Content></text></textdaten></norm>
<norm builddate="20250403224011" doknr="BJNR122210018BJNE000600000"><metadaten><jurabk>BImSchV 43</jurabk><jurabk>43. BImSchV</jurabk><enbez>§ 6</enbez><titel format="XML">Beteiligung der Öffentlichkeit</titel></metadaten><textdaten><text format="XML"><Content><P>(1) Das Bundesministerium für Umwelt, Naturschutz und nukleare Sicherheit beteiligt die Öffentlichkeit frühzeitig bei der Erstellung und Aktualisierung des nationalen Luftreinhalteprogramms. Es macht die Erstellung und Aktualisierung des nationalen Luftreinhalteprogramms in einem amtlichen Veröffentlichungsblatt sowie auf seiner Internetseite öffentlich bekannt. Der Bekanntmachung ist Folgendes beizufügen: <DL Type="arabic"><DT>1.</DT><DD Font="normal"><LA>der Entwurf des nationalen Luftreinhalteprogramms und</LA></DD><DT>2.</DT><DD Font="normal"><LA>Informationen über das Recht der Beteiligung am Entscheidungsverfahren, über einzuhaltende Fristen sowie darüber, an welche Stelle Stellungnahmen oder Fragen gerichtet werden können.</LA></DD></DL>Der Entwurf des ersten und des aktualisierten nationalen Luftreinhalteprogramms ist gleichzeitig mit der Bekanntmachung einen Monat am Dienstsitz des Bundesministeriums für Umwelt, Naturschutz und nukleare Sicherheit zur Einsicht auszulegen.</P><P>(2) Die Öffentlichkeit kann innerhalb eines Monats nach Ablauf der Auslegungsfrist zum Entwurf des neuen oder aktualisierten nationalen Luftreinhalteprogramms gegenüber dem Bundesministerium für Umwelt, Naturschutz und nukleare Sicherheit schriftlich oder elektronisch Stellung nehmen. Die Bundesregierung berücksichtigt fristgemäß eingegangene Stellungnahmen beim Beschluss des nationalen Luftreinhalteprogramms.</P><P>(3) Das Bundesministerium für Umwelt, Naturschutz und nukleare Sicherheit macht das beschlossene nationale Luftreinhalteprogramm einschließlich einer Darstellung des Ablaufs des Beteiligungsverfahrens und der Gründe und Erwägungen, auf denen der getroffene Beschluss beruht, in einem amtlichen Veröffentlichungsblatt sowie auf seiner Internetseite öffentlich bekannt. Eine Ausfertigung des Programms sowie die weiteren Informationen nach Satz 1 werden zwei Wochen am Dienstsitz des Bundesministeriums für Umwelt, Naturschutz und nukleare Sicherheit zur Einsicht ausgelegt.</P><P>(4) Die Absätze 1 bis 3 sind nicht anzuwenden, wenn es sich bei dem nationalen Luftreinhalteprogramm um einen Plan handelt, für den nach dem Gesetz über die Umweltverträglichkeitsprüfung in der Fassung der Bekanntmachung vom 24. Februar 2010 (BGBl. I S. 94), das zuletzt durch Artikel 2 des Gesetzes vom 8. September 2017 (BGBl. I S. 3370) geändert worden ist, eine Strategische Umweltprüfung durchzuführen ist.</P></Content></text></textdaten></norm>
<norm builddate="20250403224011" doknr="BJNR122210018BJNE000700000"><metadaten><jurabk>BImSchV 43</jurabk><jurabk>43. BImSchV</jurabk><enbez>§ 7</enbez><titel format="XML">Nationales Emissionsinventar</titel></metadaten><textdaten><text format="XML"><Content><P>(1) Das Umweltbundesamt erstellt für die in Anlage 1 Tabelle A aufgeführten Schadstoffe, für Luftschadstoffe aus dem Sektor Landwirtschaft nach Abstimmung mit dem Johann Heinrich von Thünen-Institut, ein nationales Emissionsinventar und aktualisiert dieses jährlich. Das nationale Emissionsinventar muss transparent, kohärent, vergleichbar zu dem nationalen Emissionsinventar des vorangegangenen Jahres, vollständig und genau sein.</P><P>(2) Das Umweltbundesamt erstellt für die in Anlage 1 Tabelle B aufgeführten Schadstoffe ein räumlich aufgeschlüsseltes nationales Emissionsinventar und ein Inventar großer Punktquellen und aktualisiert diese alle vier Jahre.</P><P>(3) Die Berechnung der Emissionen für das nationale Emissionsinventar erfolgt gemäß Anlage 2 Teil I.</P></Content></text></textdaten></norm>
<norm builddate="20250403224011" doknr="BJNR122210018BJNE000800000"><metadaten><jurabk>BImSchV 43</jurabk><jurabk>43. BImSchV</jurabk><enbez>§ 8</enbez><titel format="XML">Nationale Emissionsprognose</titel></metadaten><textdaten><text format="XML"><Content><P>(1) Das Umweltbundesamt erstellt für die in Anlage 1 Tabelle B aufgeführten Schadstoffe, für Luftschadstoffe aus dem Sektor Landwirtschaft nach Abstimmung mit dem Johann Heinrich von Thünen-Institut, eine nationale Emissionsprognose gemäß Anlage 2 Teil II und aktualisiert diese alle zwei Jahre. Die nationale Emissionsprognose muss transparent, kohärent, vergleichbar zu der vorangegangenen nationalen Emissionsprognose, vollständig und genau sein.</P><P>(2) Die nationale Emissionsprognose muss mindestens Folgendes umfassen: <DL Type="arabic"><DT>1.</DT><DD Font="normal"><LA>die genaue Angabe der beschlossenen oder geplanten Strategien und Maßnahmen zur Emissionsreduktion, die bei der Erstellung der Prognose berücksichtigt wurden,</LA></DD><DT>2.</DT><DD Font="normal"><LA>soweit angemessen, die Ergebnisse der für die nationale Emissionsprognose durchgeführten Sensitivitätsanalysen,</LA></DD><DT>3.</DT><DD Font="normal"><LA>eine Beschreibung der angewandten Methoden, Modelle, zugrunde liegenden Hypothesen sowie der wichtigsten Eingangs- und Ausgangsparameter.</LA></DD></DL></P></Content></text></textdaten></norm>
<norm builddate="20250403224011" doknr="BJNR122210018BJNE000900000"><metadaten><jurabk>BImSchV 43</jurabk><jurabk>43. BImSchV</jurabk><enbez>§ 9</enbez><titel format="XML">Informativer Inventarbericht</titel></metadaten><textdaten><text format="XML"><Content><P>(1) Das Umweltbundesamt erstellt nach dem Stand von Wissenschaft und Technik der Emissionsberichterstattung einen informativen Inventarbericht zu den in Anlage 1 Tabelle C aufgeführten Schadstoffen. Für Luftschadstoffe aus dem Sektor Landwirtschaft erfolgt dies nach Abstimmung mit dem Johann Heinrich von Thünen-Institut.</P><P>(2) Der informative Inventarbericht muss mindestens folgende Angaben enthalten: <DL Type="arabic"><DT>1.</DT><DD Font="normal"><LA>Beschreibungen und Quellenangaben zu den spezifischen Methoden, Hypothesen, Emissionsfaktoren und Aktivitätsdaten sowie die Gründe für ihre Wahl,</LA></DD><DT>2.</DT><DD Font="normal"><LA>eine Beschreibung der wichtigsten nationalen Kategorien von Emissionsquellen,</LA></DD><DT>3.</DT><DD Font="normal"><LA>Informationen über Unsicherheiten, Qualitätssicherung und Prüfung des nationalen Emissionsinventars und der nationalen Emissionsprognose,</LA></DD><DT>4.</DT><DD Font="normal"><LA>eine Beschreibung der Verfahrensregelungen für die Erstellung des Inventars,</LA></DD><DT>5.</DT><DD Font="normal"><LA>Neuberechnungen und geplante Verbesserungen des nationalen Emissionsinventars und der nationalen Emissionsprognose,</LA></DD><DT>6.</DT><DD Font="normal"><LA>Angaben über die Inanspruchnahme der Flexibilisierungsregelungen gemäß den §§ 10 bis 13,</LA></DD><DT>7.</DT><DD Font="normal"><LA>Angaben über die Gründe für die Abweichung von dem gemäß § 3 Absatz 1 festgelegten Reduktionspfad sowie die Maßnahmen, um auf diesen Pfad zurückzukehren,</LA></DD><DT>8.</DT><DD Font="normal"><LA>eine knappe Zusammenfassung zu den Angaben unter den Nummern 1 bis 7.</LA></DD></DL></P><P>(3) Der informative Inventarbericht wird vom Umweltbundesamt wie folgt aktualisiert: <DL Type="arabic"><DT>1.</DT><DD Font="normal"><LA>im Hinblick auf das nationale Emissionsinventar: jährlich,</LA></DD><DT>2.</DT><DD Font="normal"><LA>im Hinblick auf das räumlich aufgeschlüsselte nationale Emissionsinventar und auf das Inventar großer Punktquellen: alle vier Jahre und</LA></DD><DT>3.</DT><DD Font="normal"><LA>im Hinblick auf die nationale Emissionsprognose: alle zwei Jahre.</LA></DD></DL></P></Content></text></textdaten></norm>
<norm builddate="20250403224011" doknr="BJNR122210018BJNE001000000"><metadaten><jurabk>BImSchV 43</jurabk><jurabk>43. BImSchV</jurabk><enbez>§ 10</enbez><titel format="XML">Anpassung des nationalen Emissionsinventars im Hinblick auf die Einhaltung der Verpflichtungen zur Emissionsreduktion</titel></metadaten><textdaten><text format="XML"><Content><P>(1) Das Umweltbundesamt kann auf Grundlage einer Entscheidung nach § 14 Absatz 1 das nationale Emissionsinventar für SO<SUB>2</SUB>, NO<SUB>x</SUB>, NMVOC, NH<SUB>3</SUB> und Feinstaub PM<SUB>2,5</SUB> im Hinblick auf die Einhaltung der Verpflichtungen zur Emissionsreduktion anpassen, soweit die Anwendung verbesserter Methoden zur Ermittlung der Emission, die dem neuesten wissenschaftlichen Kenntnisstand entsprechen, dazu führt, dass die Verpflichtungen zur Emissionsreduktion nicht erfüllt werden können. Für Luftschadstoffe aus dem Sektor Landwirtschaft erfolgt dies nach Abstimmung mit dem Johann Heinrich von Thünen-Institut.</P><P>(2) Um festzustellen, ob die Anforderungen für eine Anpassung des nationalen Emissionsinventars erfüllt sind, gelten die Verpflichtungen zur Emissionsreduktion für die Jahre 2020 bis 2029 als am 4. Mai 2012 festgelegt.</P><P>(3) Sofern eine Anpassung des Inventars für die Berichtsjahre ab 2025 mit Sachlagen gemäß § 14 Absatz 4 Buchstabe b oder c begründet werden soll, ist zusätzlich nachzuweisen, dass die erheblich unterschiedlichen Emissionsfaktoren nicht auf die unzureichende innerstaatliche Umsetzung oder Durchführung quellenbezogener Rechtsvorschriften der Europäischen Union zur Reduktion der Luftverschmutzung zurückzuführen sind. Die Europäische Kommission ist zudem vor einer solchen Anpassung über diese unterschiedlichen Emissionsfaktoren zu unterrichten.</P></Content></text></textdaten></norm>
<norm builddate="20250403224011" doknr="BJNR122210018BJNE001100000"><metadaten><jurabk>BImSchV 43</jurabk><jurabk>43. BImSchV</jurabk><enbez>§ 11</enbez><titel format="XML">Mitteilung von Emissionen im Fall außergewöhnlicher meteorologischer Bedingungen</titel></metadaten><textdaten><text format="XML"><Content><P>Wenn die nationalen Verpflichtungen zur Emissionsreduktion in einem bestimmten Jahr auf Grund eines außergewöhnlich strengen Winters oder eines außergewöhnlich trockenen Sommers nicht erfüllt werden können, so kann das Umweltbundesamt auf Grundlage einer Entscheidung nach § 14 Absatz 1 bei der Übermittlung des nationalen Emissionsinventars im Nachhinein den Mittelwert der nationalen jährlichen Emissionen aus dem betreffenden Jahr sowie dem vorherigen und dem darauffolgenden Jahr zugrunde legen. In diesem Fall sind die nationalen Verpflichtungen zur Emissionsreduktion eingehalten, wenn der Mittelwert die nationale jährliche Emissionsmenge nicht übersteigt, die sich aus der nationalen Reduktionsverpflichtung ergibt.</P></Content></text></textdaten></norm>
<norm builddate="20250403224011" doknr="BJNR122210018BJNE001200000"><metadaten><jurabk>BImSchV 43</jurabk><jurabk>43. BImSchV</jurabk><enbez>§ 12</enbez><titel format="XML">Kompensation der Verpflichtungen zur Emissionsreduktion für SO<SUB>2</SUB>, NO<SUB>x</SUB> und Feinstaub PM<SUB>2,5</SUB> ab dem Jahr 2030</titel></metadaten><textdaten><text format="XML"><Content><P>Die Verpflichtungen zur Emissionsreduktion ab dem Jahr 2030 gelten für SO<SUB>2</SUB>, NO<SUB>x</SUB> oder Feinstaub PM<SUB>2,5</SUB> für einen Zeitraum von höchstens fünf Jahren als eingehalten, sofern nach Umsetzung aller kosteneffizienten Maßnahmen in dem betreffenden Zeitraum eine gleichwertige Emissionsreduktion bei einem anderen in § 2 Absatz 1 genannten Schadstoff erfolgt.</P></Content></text></textdaten></norm>
<norm builddate="20250403224011" doknr="BJNR122210018BJNE001300000"><metadaten><jurabk>BImSchV 43</jurabk><jurabk>43. BImSchV</jurabk><enbez>§ 13</enbez><titel format="XML">Einhaltung der Verpflichtungen zur Emissionsreduktion bei unvorhersehbaren Entwicklungen im Energiesektor</titel></metadaten><textdaten><text format="XML"><Content><P>Die Verpflichtungen zur Emissionsreduktion gelten für einen Zeitraum von höchstens drei Jahren als eingehalten, wenn <DL Type="arabic"><DT>1.</DT><DD Font="normal"><LA>sich die Nichteinhaltung der Verpflichtung zur Emissionsreduktion für die betreffenden Schadstoffe ergibt aus <DL Type="alpha"><DT>a)</DT><DD Font="normal"><LA>einer abrupten und außergewöhnlichen Unterbrechung von Kapazitäten im Stromversorgungs- oder Stromerzeugungssystem oder im Wärmeversorgungs- oder Wärmeerzeugungssystem oder</LA></DD><DT>b)</DT><DD Font="normal"><LA>einem abrupten und außergewöhnlichen Verlust von Kapazitäten im Stromversorgungs- oder Stromerzeugungssystem oder im Wärmeversorgungs- oder Wärmeerzeugungssystem und</LA></DD></DL></LA></DD><DT>2.</DT><DD Font="normal"><LA>die Unterbrechung oder der Verlust nach vernünftiger Einschätzung nicht vorhersehbar war.</LA></DD></DL></P></Content></text></textdaten></norm>
<norm builddate="20250403224011" doknr="BJNR122210018BJNE001400000"><metadaten><jurabk>BImSchV 43</jurabk><jurabk>43. BImSchV</jurabk><enbez>§ 14</enbez><titel format="XML">Inanspruchnahme der Flexibilisierungsregelungen im Hinblick auf die Einhaltung der Verpflichtungen zur Emissionsreduktion</titel></metadaten><textdaten><text format="XML"><Content><P>(1) Über die Inanspruchnahme der Flexibilisierungsregelungen nach den §§ 10 bis 13 entscheidet das Bundesministerium für Umwelt, Naturschutz und nukleare Sicherheit im Einvernehmen mit dem Bundesministerium für Ernährung und Landwirtschaft, dem Bundesministerium für Wirtschaft und Energie sowie dem Bundesministerium für Verkehr und digitale Infrastruktur.</P><P>(2) Das Umweltbundesamt teilt der Europäischen Kommission bis zum 15. Februar des betreffenden Berichtsjahres unter Nennung der Schadstoffe und Emittentensektoren mit, ob eine der in den §§ 10 bis 13 aufgeführten Flexibilisierungsregelungen in Anspruch genommen wird. Das Umweltbundesamt gibt, sofern verfügbar, den Umfang der Auswirkungen auf das nationale Emissionsinventar an.</P><P>(3) Das Umweltbundesamt übermittelt der Europäischen Kommission zur Inanspruchnahme der in § 10 enthaltenen Flexibilisierungsregelung mindestens die folgenden Unterlagen: <DL Type="arabic"><DT>1.</DT><DD Font="normal"><LA>den Nachweis, dass die betreffende nationale Emissionsreduktionsverpflichtung nicht erfüllt wird,</LA></DD><DT>2.</DT><DD Font="normal"><LA>den Nachweis, inwieweit die Anpassung des nationalen Emissionsinventars das Ausmaß der Nichterfüllung reduziert und zur Einhaltung der jeweiligen nationalen Emissionsreduktionsverpflichtung beiträgt,</LA></DD><DT>3.</DT><DD Font="normal"><LA>eine Schätzung, ob und wenn ja, wann die betreffende nationale Emissionsreduktionsverpflichtung erfüllt sein wird, auf der Grundlage der nationalen Emissionsprognose ohne Anpassung,</LA></DD><DT>4.</DT><DD Font="normal"><LA>den Nachweis, dass die Anpassung mit mindestens einem der folgenden Sachverhalte begründbar ist: <DL Type="alpha"><DT>a)</DT><DD Font="normal"><LA>mit neuen Kategorien von Emissionsquellen,</LA></DD><DT>b)</DT><DD Font="normal"><LA>mit der Neubestimmung von Emissionsfaktoren von Emissionen aus Quellen bestimmter Kategorien mit erheblich unterschiedlichen Emissionsfaktoren sowie</LA></DD><DT>c)</DT><DD Font="normal"><LA>mit einer signifikanten Änderung der Methoden zur Bestimmung von Emissionen aus Quellen bestimmter Kategorien.</LA></DD></DL></LA></DD></DL>Hierbei kann auf frühere Anpassungen verwiesen werden. Im Einzelnen ist Folgendes nachzuweisen: <DL Type="arabic"><DT>1.</DT><DD Font="normal"><LA>bei neuen Kategorien von Emissionsquellen: <DL Type="alpha"><DT>a)</DT><DD Font="normal"><LA>Nachweis, dass die neue Emissionsquellkategorie in der wissenschaftlichen Literatur anerkannt ist,</LA></DD><DT>b)</DT><DD Font="normal"><LA>Nachweis, dass diese Quellkategorie zu dem Zeitpunkt, an dem die Emissionsreduktionsverpflichtung festgelegt wurde, nicht im damaligen nationalen Emissionsinventar enthalten war,</LA></DD><DT>c)</DT><DD Font="normal"><LA>Nachweis, dass die Emissionen aus einer neuen Quellkategorie dazu beitragen, dass Deutschland seine Emissionsreduktionsverpflichtungen nicht erfüllen kann, zusammen mit einer ausführlichen Beschreibung der Methode, Daten und Emissionsfaktoren, anhand derer diese Schlussfolgerung gezogen wurde,</LA></DD></DL></LA></DD><DT>2.</DT><DD Font="normal"><LA>bei erheblich unterschiedlichen Emissionsfaktoren: <DL Type="alpha"><DT>a)</DT><DD Font="normal"><LA>Beschreibung der ursprünglichen Emissionsfaktoren, einschließlich einer eingehenden Beschreibung der wissenschaftlichen Grundlage für die seinerzeitige Ableitung des Emissionsfaktors,</LA></DD><DT>b)</DT><DD Font="normal"><LA>Nachweis, dass die Bestimmung der Emissionsreduktionen auf Basis der ursprünglichen Emissionsfaktoren erfolgte,</LA></DD><DT>c)</DT><DD Font="normal"><LA>Beschreibung der aktualisierten Emissionsfaktoren, einschließlich genauer Angaben zur wissenschaftlichen Grundlage für ihre Ableitung,</LA></DD><DT>d)</DT><DD Font="normal"><LA>Vergleich der anhand der ursprünglichen und der aktualisierten Emissionsfaktoren vorgenommenen Emissionsschätzungen, der zeigt, dass die Änderung der Emissionsfaktoren dazu beiträgt, dass Deutschland seine Reduktionsverpflichtungen nicht erfüllen kann,</LA></DD><DT>e)</DT><DD Font="normal"><LA>Gründe, aus denen die Änderungen der Emissionsfaktoren für signifikant gehalten werden,</LA></DD></DL></LA></DD><DT>3.</DT><DD Font="normal"><LA>bei signifikanter Änderung der Methoden zur Bestimmung von Emissionen aus Quellen bestimmter Kategorien: <DL Type="alpha"><DT>a)</DT><DD Font="normal"><LA>Beschreibung der ursprünglich angewandten Methode, einschließlich genauer Angaben zur wissenschaftlichen Grundlage für die Ableitung des Emissionsfaktors,</LA></DD><DT>b)</DT><DD Font="normal"><LA>Nachweis, dass die Bestimmung der Emissionsreduktionen auf Basis der ursprünglichen Methode erfolgte,</LA></DD><DT>c)</DT><DD Font="normal"><LA>Beschreibung der aktualisierten Methode, einschließlich einer eingehenden Beschreibung der wissenschaftlichen Grundlage für die Ableitung des Emissionsfaktors,</LA></DD><DT>d)</DT><DD Font="normal"><LA>Vergleich der anhand der ursprünglichen und der aktualisierten Methoden vorgenommenen Emissionsschätzungen, der zeigt, dass die Änderung der Methode dazu beiträgt, dass Deutschland seine Reduktionsverpflichtung nicht erfüllen kann,</LA></DD><DT>e)</DT><DD Font="normal"><LA>Gründe, aus denen die Änderung der Methode für signifikant gehalten wird.</LA></DD></DL></LA></DD><DT>4.</DT><DD Font="normal"><LA>bei einer Anpassung des Inventars für das Berichtsjahr 2025 und für die folgenden Berichtsjahre ein Nachweis gemäß § 10 Absatz 3.</LA></DD></DL>Bei Inanspruchnahme der in § 13 aufgeführten Flexibilisierungsregelung übermittelt das Umweltbundesamt der Europäischen Kommission folgende Unterlagen: <DL Type="arabic"><DT>1.</DT><DD Font="normal"><LA>den Nachweis, dass die Unterbrechung oder der Verlust an Kapazitäten nach vernünftiger Einschätzung nicht vorhersehbar war,</LA></DD><DT>2.</DT><DD Font="normal"><LA>den Nachweis, dass alle angemessenen Anstrengungen, einschließlich der Durchführung neuer Maßnahmen und Strategien, unternommen wurden und weiterhin unternommen werden, um den Zeitraum der Nichteinhaltung so kurz wie möglich zu halten, und</LA></DD><DT>3.</DT><DD Font="normal"><LA>den Nachweis, dass die Durchführung weiterer Maßnahmen und Strategien zusätzlich zu den unter Nummer 2 genannten Maßnahmen und Strategien <DL Type="alpha"><DT>a)</DT><DD Font="normal"><LA>unverhältnismäßige Kosten verursachen würde,</LA></DD><DT>b)</DT><DD Font="normal"><LA>die nationale Energieversorgungssicherheit erheblich gefährden würde oder</LA></DD><DT>c)</DT><DD Font="normal"><LA>einen erheblichen Teil der Bevölkerung der Gefahr der Energiearmut aussetzen würde.</LA></DD></DL></LA></DD></DL></P><P>(4) Das Umweltbundesamt nimmt eine Neuberechnung der angepassten Emissionen vor, um so weit wie möglich die Konsistenz der angepassten Emissionsdaten für jedes Jahr zu gewährleisten.</P></Content></text></textdaten></norm>
<norm builddate="20250403224011" doknr="BJNR122210018BJNE001500000"><metadaten><jurabk>BImSchV 43</jurabk><jurabk>43. BImSchV</jurabk><enbez>§ 15</enbez><titel format="XML">Monitoring der Auswirkungen der Luftverschmutzung</titel></metadaten><textdaten><text format="XML"><Content><P>(1) Für das Monitoring der negativen Auswirkungen der Luftverschmutzung auf Ökosysteme werden die Daten verwendet, die erhoben werden im Rahmen der Verordnung über Luftqualitätsstandards und Emissionshöchstmengen vom 2. August 2010 (BGBl. I S. 1065), im Rahmen des in Deutschland eingerichteten Netzwerkes zum Monitoring der Luftschadstoffwirkungen auf Oberflächengewässer des Übereinkommens vom 13. November 1979 über weiträumige grenzüberschreitende Luftverunreinigung (BGBl. 1982 II S. 373, 374; 1983 II S. 548) sowie der Verordnung über Erhebungen zum forstlichen Umweltmonitoring vom 20. Dezember 2013 (BGBl. I S. 4384) und von Erhebungen nach § 41a Absatz 6 Satz 1 Nummer 1 des Bundeswaldgesetzes, soweit sie jeweils nach Artikel 9 Absatz 1 der Richtlinie (EU) 2016/2284 des Europäischen Parlaments und des Rates vom 14. Dezember 2016 über die Reduktion der nationalen Emissionen bestimmter Luftschadstoffe, zur Änderung der Richtlinie 2003/35/EG und zur Aufhebung der Richtlinie 2001/81/EG (ABl. L 344 vom 17.12.2016, S. 1) erforderlich sind. Die für das Monitoring eingerichteten Standorte müssen jeweils repräsentativ sein für Süßwasserökosysteme, natürliche und naturnahe Ökosysteme sowie für Waldökosysteme.</P><P>(2) Die nach Landesrecht zuständigen Stellen übermitteln dem Umweltbundesamt die Daten nach Absatz 1. Sind die Daten nach Absatz 1 einer Stelle des Bundes im Rahmen der Verordnung über Erhebungen zum forstlichen Umweltmonitoring oder einer Erhebung nach § 41a Absatz 6 Satz 1 Nummer 1 des Bundeswaldgesetzes übermittelt worden, werden die Daten von dieser an das Umweltbundesamt weitergegeben. Die Übermittlung der Monitoringstandorte und der verwendeten Indikatoren an das Umweltbundesamt erfolgt ausgehend vom 31. März 2018 alle vier Jahre bis zum 31. März des jeweiligen Jahres. Die Übermittlung der Daten nach Absatz 1 Satz 1 an das Umweltbundesamt erfolgt erstmals bis zum 31. März 2019 und danach alle vier Jahre bis zum 31. März des jeweiligen Jahres.</P></Content></text></textdaten></norm>
<norm builddate="20250403224011" doknr="BJNR122210018BJNE001600000"><metadaten><jurabk>BImSchV 43</jurabk><jurabk>43. BImSchV</jurabk><enbez>§ 16</enbez><titel format="XML">Übermittlung des nationalen Luftreinhalteprogramms</titel></metadaten><textdaten><text format="XML"><Content><P>Das Umweltbundesamt übermittelt der Europäischen Kommission das beschlossene nationale Luftreinhalteprogramm bis zum 31. März 2019. Wird das nationale Luftreinhalteprogramm aktualisiert, so übermittelt das Umweltbundesamt der Europäischen Kommission das aktualisierte beschlossene Programm innerhalb von zwei Monaten nach dessen Beschluss.</P></Content></text></textdaten></norm>
<norm builddate="20250403224011" doknr="BJNR122210018BJNE001700000"><metadaten><jurabk>BImSchV 43</jurabk><jurabk>43. BImSchV</jurabk><enbez>§ 17</enbez><titel format="XML">Übermittlung des nationalen Emissionsinventars und der nationalen Emissionsprognose sowie des informativen Inventarberichts</titel></metadaten><textdaten><text format="XML"><Content><P>Das Umweltbundesamt übermittelt der Europäischen Kommission und der Europäischen Umweltagentur in Übereinstimmung mit der Berichterstattung an das Sekretariat des Übereinkommens über weiträumige grenzüberschreitende Luftverunreinigung <DL Type="arabic"><DT>1.</DT><DD Font="normal"><LA>das nationale Emissionsinventar,</LA></DD><DT>2.</DT><DD Font="normal"><LA>die nationale Emissionsprognose,</LA></DD><DT>3.</DT><DD Font="normal"><LA>das räumlich aufgeschlüsselte nationale Emissionsinventar,</LA></DD><DT>4.</DT><DD Font="normal"><LA>das Inventar großer Punktquellen und</LA></DD><DT>5.</DT><DD Font="normal"><LA>den informativen Inventarbericht.</LA></DD></DL>Die Übermittlung erfolgt gemäß den Berichterstattungsfristen in Anlage 1.</P></Content></text></textdaten></norm>
<norm builddate="20250403224011" doknr="BJNR122210018BJNE001800000"><metadaten><jurabk>BImSchV 43</jurabk><jurabk>43. BImSchV</jurabk><enbez>§ 18</enbez><titel format="XML">Übermittlung von Informationen zum Monitoring der Auswirkungen der Luftverschmutzung an die Europäische Kommission</titel></metadaten><textdaten><text format="XML"><Content><P>(1) Das Umweltbundesamt übermittelt der Europäischen Kommission und der Europäischen Umweltagentur <DL Type="arabic"><DT>1.</DT><DD Font="normal"><LA>die Monitoringstandorte gemäß § 15 Absatz 1 und die jeweiligen für die Auswirkungen der Luftverschmutzung verwendeten Indikatoren gemäß § 15 Absatz 2 sowie</LA></DD><DT>2.</DT><DD Font="normal"><LA>die Monitoringdaten gemäß § 15 Absatz 2.</LA></DD></DL></P><P>(2) Die Übermittlung der Monitoringstandorte und der jeweiligen für die Auswirkungen der Luftverschmutzung verwendeten Indikatoren nach Absatz 1 Nummer 1 erfolgt erstmals bis zum 30. Juni 2018 und danach alle vier Jahre bis zum 30. Juni des jeweiligen Jahres. Die Übermittlung der Monitoringdaten nach Absatz 1 Nummer 2 erfolgt erstmals bis zum 30. Juni 2019 und danach alle vier Jahre bis zum 30. Juni des jeweiligen Jahres.</P></Content></text></textdaten></norm>
<norm builddate="20250403224011" doknr="BJNR122210018BJNE001900000"><metadaten><jurabk>BImSchV 43</jurabk><jurabk>43. BImSchV</jurabk><enbez>§ 19</enbez><titel format="XML">Veröffentlichung des nationalen Luftreinhalteprogramms</titel></metadaten><textdaten><text format="XML"><Content><P>Das Umweltbundesamt veröffentlicht auf seiner Internetseite das beschlossene nationale Luftreinhalteprogramm und dessen Aktualisierungen.</P></Content></text></textdaten></norm>
<norm builddate="20250403224011" doknr="BJNR122210018BJNE002000000"><metadaten><jurabk>BImSchV 43</jurabk><jurabk>43. BImSchV</jurabk><enbez>§ 20</enbez><titel format="XML">Veröffentlichung des nationalen Emissionsinventars und der nationalen Emissionsprognose sowie des informativen Inventarberichts</titel></metadaten><textdaten><text format="XML"><Content><P>Das Umweltbundesamt veröffentlicht auf seiner Internetseite Folgendes: <DL Type="arabic"><DT>1.</DT><DD Font="normal"><LA>das nationale Emissionsinventar, gegebenenfalls einschließlich Anpassungen,</LA></DD><DT>2.</DT><DD Font="normal"><LA>die nationale Emissionsprognose,</LA></DD><DT>3.</DT><DD Font="normal"><LA>den informativen Inventarbericht sowie</LA></DD><DT>4.</DT><DD Font="normal"><LA>zusätzliche Berichte und Angaben, die der Europäischen Kommission gemäß den §§ 17 und 18 übermittelt werden.</LA></DD></DL></P></Content></text></textdaten></norm>
<norm builddate="20250403224011" doknr="BJNR122210018BJNE002101130"><metadaten><jurabk>BImSchV 43</jurabk><jurabk>43. BImSchV</jurabk><enbez>Anlage 1</enbez><titel format="XML">(zu § 7 Absatz 1 und 2, § 8 Absatz 1, § 9 Absatz 1 und § 17)<BR/>Überwachung von und Berichterstattung über Emissionen</titel></metadaten><textdaten><text format="XML"><Content><P><noindex><kommentar typ="Fundstelle">(Fundstelle: BGBl. I 2018, 1228 - 1229;<BR/>bzgl. der einzelnen Änderungen vgl. Fußnote)</kommentar></noindex></P><BR/><Title Align="auto"><B>Tabelle A</B></Title><table frame="all" pgwide="1" tocentry="%yes;"><tgroup align="left" char="" charoff="50" cols="5"><colspec colname="col1" colsep="1" colwidth="38*"/><colspec align="center" colname="col2" colwidth="5*"/><colspec colname="col3" colsep="1" colwidth="65*"/><colspec align="left" colname="col4" colsep="1" colwidth="39*"/><colspec align="center" colname="col5" colsep="1" colwidth="28*"/><thead valign="bottom"><row rowsep="1"><entry VJ="1" align="center" colname="col1"/><entry VJ="1" align="center" colsep="1" nameend="col3" namest="col2" valign="middle">Schadstoffe</entry><entry VJ="1" align="center" colname="col4" valign="middle">Zeitreihe</entry><entry VJ="1" align="center" colname="col5" valign="middle">Berichterstattungs-<BR/> frist gegenüber<BR/> der Europäischen<BR/> Kommission und<BR/> der Europäischen<BR/> Umweltagentur</entry></row></thead><tbody valign="top"><row><entry VJ="1" colname="col1" morerows="2" rowsep="1">Nationale Gesamt-<BR/> emissionen nach<BR/>Quellkategorien<FnR ID="F803352_11_BJNR122210018BJNE002101130"/><BR/>gemäß NFR<FnR ID="F803352_12_BJNR122210018BJNE002101130"/></entry><entry VJ="1" colname="col2" colsep="0" rowsep="0">–</entry><entry VJ="1" colname="col3" rowsep="0">SO<SUB>2</SUB>, NO<SUB>x</SUB>, NMVOC, NH<SUB>3</SUB>, CO<FnR ID="F803352_13_BJNR122210018BJNE002101130"/></entry><entry VJ="1" colname="col4" morerows="2" rowsep="1">Jährlich<BR/>ab dem Jahr 1990<BR/>bis zum Berichtsjahr<BR/>minus 2 (X-2)</entry><entry VJ="1" colname="col5" colsep="1" morerows="2" rowsep="1">15. Februar<FnR ID="F803352_20_BJNR122210018BJNE002101130"/></entry></row><row><entry VJ="1" colname="col2" colsep="0" rowsep="0">–</entry><entry VJ="1" colname="col3" rowsep="0">Schwermetalle (Cd, Hg, Pb)<FnR ID="F803352_14_BJNR122210018BJNE002101130"/></entry></row><row><entry VJ="1" colname="col2" colsep="0">–</entry><entry VJ="1" colname="col3">POP<FnR ID="F803352_15_BJNR122210018BJNE002101130"/> (PAK<FnR ID="F803352_16_BJNR122210018BJNE002101130"/>, Benzo[a]pyren,<BR/> Benzo(b)fluoranthen, Benzo(k)fluoranthen, Indeno(1, 2, 3-cd)pyren, Dioxine/Furane,<BR/>PCB<FnR ID="F803352_17_BJNR122210018BJNE002101130"/>, HCB<FnR ID="F803352_18_BJNR122210018BJNE002101130"/> insgesamt)</entry></row><row><entry VJ="1" colname="col1" colsep="1">Nationale Gesamt-<BR/> emissionen nach<BR/>Quellkategorien<SUP>1</SUP><BR/>gemäß NFR<SUP>2</SUP></entry><entry VJ="1" align="left" colsep="1" nameend="col3" namest="col2">PM<SUB>2,5</SUB>, PM<SUB>10</SUB><FnR ID="F803352_19_BJNR122210018BJNE002101130"/> und falls verfügbar Ruß</entry><entry VJ="1" colname="col4" colsep="1">Jährlich<BR/>ab dem Jahr 2000<BR/>bis zum Berichtsjahr<BR/> minus 2 (X-2)</entry><entry VJ="1" colname="col5" colsep="1">15. Februar<FnR ID="F803352_20_BJNR122210018BJNE002101130"/></entry></row></tbody></tgroup></table><BR/><P><U>       </U></P><FnArea Line="1" Size="normal"><FnR ID="F803352_11_BJNR122210018BJNE002101130"/><FnR ID="F803352_12_BJNR122210018BJNE002101130"/><FnR ID="F803352_13_BJNR122210018BJNE002101130"/><FnR ID="F803352_14_BJNR122210018BJNE002101130"/><FnR ID="F803352_15_BJNR122210018BJNE002101130"/><FnR ID="F803352_16_BJNR122210018BJNE002101130"/><FnR ID="F803352_17_BJNR122210018BJNE002101130"/><FnR ID="F803352_18_BJNR122210018BJNE002101130"/><FnR ID="F803352_19_BJNR122210018BJNE002101130"/><FnR ID="F803352_20_BJNR122210018BJNE002101130"/></FnArea><BR/><BR/><Title Align="auto"><B>Tabelle B</B></Title><table frame="all" pgwide="1" tocentry="%yes;"><tgroup align="left" char="" charoff="50" cols="5"><colspec colname="col1" colsep="1" colwidth="38*"/><colspec align="center" colname="col2" colwidth="5*"/><colspec colname="col3" colsep="1" colwidth="65*"/><colspec align="left" colname="col4" colsep="1" colwidth="39*"/><colspec align="center" colname="col5" colsep="1" colwidth="28*"/><thead valign="bottom"><row rowsep="1"><entry VJ="1" align="center" colname="col1"/><entry VJ="1" align="center" colsep="1" nameend="col3" namest="col2" valign="middle">Schadstoffe</entry><entry VJ="1" align="center" colname="col4" valign="middle">Zeitreihe/Zieljahre</entry><entry VJ="1" align="center" colname="col5" valign="middle">Berichterstattungs-<BR/> frist gegenüber<BR/> der Europäischen<BR/> Kommission und<BR/> der Europäischen<BR/> Umweltagentur</entry></row></thead><tbody valign="top"><row><entry VJ="1" colname="col1" morerows="3" rowsep="1">Nationale Rasterdaten<BR/> über Emissionen nach<BR/>Quellkategorien (GNFR)</entry><entry VJ="1" align="center" colname="col2" colsep="0" rowsep="0">–</entry><entry VJ="1" colname="col3" rowsep="0">SO<SUB>2</SUB>, NO<SUB>x</SUB>, NMVOC, CO, NH<SUB>3</SUB>, PM<SUB>10</SUB>, PM<SUB>2,5</SUB></entry><entry VJ="1" colname="col4" morerows="3" rowsep="1">Alle vier Jahre,<BR/>Berichtsjahr<BR/>minus 2 (X-2)<BR/> ab dem Jahr 2017</entry><entry VJ="1" align="center" colname="col5" colsep="1" morerows="3" rowsep="1">1. Mai<FnR ID="F803352_21_BJNR122210018BJNE002101130"/></entry></row><row><entry VJ="1" colname="col2" colsep="0" rowsep="0">–</entry><entry VJ="1" colname="col3" rowsep="0">Schwermetalle (Cd, Hg, Pb)</entry></row><row><entry VJ="1" colname="col2" colsep="0" rowsep="0">–</entry><entry VJ="1" colname="col3" rowsep="0">POP (PAK insgesamt, HCB, PCB,<BR/> Dioxine/Furane)</entry></row><row rowsep="1"><entry VJ="1" colname="col2" colsep="0">–</entry><entry VJ="1" colname="col3">Ruß (falls verfügbar)</entry></row><row><entry VJ="1" colname="col1" morerows="3" rowsep="1">Große Punktquellen nach Quellkategorien<BR/>(GNFR)</entry><entry VJ="1" align="center" colname="col2" colsep="0" rowsep="0">–</entry><entry VJ="1" colname="col3" rowsep="0">SO<SUB>2</SUB>, NO<SUB>x</SUB>, NMVOC, CO, NH<SUB>3</SUB>, PM<SUB>10</SUB>, PM<SUB>2,5</SUB></entry><entry VJ="1" colname="col4" morerows="3" rowsep="1">Alle vier Jahre,<BR/>Berichtsjahr<BR/>minus 2 (X-2)<BR/> ab dem Jahr 2017</entry><entry VJ="1" align="center" colname="col5" colsep="1" morerows="3" rowsep="1">1. Mai<FnR ID="F803352_21_BJNR122210018BJNE002101130"/></entry></row><row><entry VJ="1" colname="col2" colsep="0" rowsep="0">–</entry><entry VJ="1" colname="col3" rowsep="0">Schwermetalle (Cd, Hg, Pb)</entry></row><row><entry VJ="1" colname="col2" colsep="0" rowsep="0">–</entry><entry VJ="1" colname="col3" rowsep="0">POP (PAK insgesamt, HCB, PCB,<BR/> Dioxine/Furane)</entry></row><row rowsep="1"><entry VJ="1" colname="col2" colsep="0">–</entry><entry VJ="1" colname="col3">Ruß (falls verfügbar)</entry></row><row><entry VJ="1" colname="col1">Emissionsprognose nach Quellkategorien gemäß der Nomenklatur für die Berichterstattung (NFR)</entry><entry VJ="1" align="center" colname="col2" colsep="0">–</entry><entry VJ="1" colname="col3">SO<SUB>2</SUB>, NO<SUB>x</SUB>, NMVOC, NH<SUB>3</SUB>, PM<SUB>2,5</SUB> und,<BR/> falls verfügbar, Ruß</entry><entry VJ="1" colname="col4" colsep="1">Alle zwei Jahre für die Prognosejahre 2020,<BR/> 2025 und 2030 sowie,<BR/> sofern verfügbar, für die<BR/> Prognosejahre 2040 und<BR/> 2050 ab dem Jahr 2017</entry><entry VJ="1" align="center" colname="col5" colsep="1">15. März</entry></row></tbody></tgroup></table><BR/><P><U>       </U></P><FnArea Line="1" Size="normal"><FnR ID="F803352_21_BJNR122210018BJNE002101130"/></FnArea><BR/><BR/><Title Align="auto"><B>Tabelle C</B></Title><table frame="all" pgwide="1" tocentry="%yes;"><tgroup align="left" char="" charoff="50" cols="5"><colspec colname="col1" colsep="0" colwidth="38*"/><colspec align="center" colname="col2" colsep="0" colwidth="5*"/><colspec colname="col3" colsep="0" colwidth="65*"/><colspec align="left" colname="col4" colsep="0" colwidth="39*"/><colspec align="center" colname="col5" colsep="1" colwidth="28*"/><thead valign="bottom"><row rowsep="0"><entry VJ="1" align="center" colname="col1" colsep="1" rowsep="1"/><entry VJ="1" align="center" colsep="1" nameend="col3" namest="col2" rowsep="1" valign="middle">Schadstoffe</entry><entry VJ="1" align="center" colname="col4" colsep="1" rowsep="1" valign="middle">Zeitreihe/Zieljahre</entry><entry VJ="1" align="center" colname="col5" rowsep="1" valign="middle">Berichterstattungs-<BR/> frist gegenüber<BR/> der Europäischen<BR/> Kommission und<BR/> der Europäischen<BR/> Umweltagentur</entry></row></thead><tbody valign="top"><row rowsep="0"><entry VJ="1" colname="col1" colsep="1" morerows="3">Informativer Inventar-<BR/> bericht</entry><entry VJ="1" align="center" colname="col2">–</entry><entry VJ="1" colname="col3" colsep="1">SO<SUB>2</SUB>, NO<SUB>x</SUB>, NMVOC, CO, NH<SUB>3</SUB>, PM<SUB>10</SUB>, PM<SUB>2,5</SUB></entry><entry VJ="1" colname="col4" colsep="1" morerows="3">Jährlich<BR/>(wie in den Tabellen A bis C angegeben)</entry><entry VJ="1" align="center" colname="col5" colsep="1" morerows="3">15. März</entry></row><row rowsep="0"><entry VJ="1" colname="col2">–</entry><entry VJ="1" colname="col3" colsep="1">Schwermetalle (Cd, Hg, Pb) und Ruß</entry></row><row rowsep="0"><entry VJ="1" colname="col2">–</entry><entry VJ="1" colname="col3" colsep="1">POP (PAK insgesamt, Benzo[a]pyren, Benzo(b)fluoranthen, Benzo(k)fluoranthen, Indeno(1,2,3-cd)pyren, Dioxine/Furane, <BR/>PCB, HCB)</entry></row><row><entry VJ="1" colname="col2">–</entry><entry VJ="1" colname="col3" colsep="1">gegebenenfalls Schwermetalle (As, Cr, Cu, Ni, Se und Zn und ihre Verbindungen) und Gesamtschwebstaub</entry></row></tbody></tgroup></table></Content><Footnotes><Footnote FnZ="1" Group="manuell" ID="F803352_11_BJNR122210018BJNE002101130" Pos="exp">Natürliche Emissionen werden nach den Methoden gemeldet, die nach dem Stand von Wissenschaft und Technik festgelegt sind. Sie werden nicht in die nationalen Gesamtmengen eingerechnet, sondern gesondert gemeldet.</Footnote><Footnote FnZ="2" Group="manuell" ID="F803352_12_BJNR122210018BJNE002101130" Pos="exp">NFR: Nomenklatur für die Berichterstattung gemäß dem Übereinkommen von 1979 über weiträumige grenzüberschreitende Luftverunreinigung.</Footnote><Footnote FnZ="3" Group="manuell" ID="F803352_13_BJNR122210018BJNE002101130" Pos="exp">CO (Kohlenmonoxid).</Footnote><Footnote FnZ="4" Group="manuell" ID="F803352_14_BJNR122210018BJNE002101130" Pos="exp">Cd (Kadmium), Hg (Quecksilber), Pb (Blei).</Footnote><Footnote FnZ="5" Group="manuell" ID="F803352_15_BJNR122210018BJNE002101130" Pos="exp">POP (persistente organische Schadstoffe).</Footnote><Footnote FnZ="6" Group="manuell" ID="F803352_16_BJNR122210018BJNE002101130" Pos="exp">PAK (polyzyklische aromatische Kohlenwasserstoffe).</Footnote><Footnote FnZ="7" Group="manuell" ID="F803352_17_BJNR122210018BJNE002101130" Pos="exp">PCB (polychlorierte Biphenyle).</Footnote><Footnote FnZ="8" Group="manuell" ID="F803352_18_BJNR122210018BJNE002101130" Pos="exp">HCB (Hexachlorbenzol).</Footnote><Footnote FnZ="9" Group="manuell" ID="F803352_19_BJNR122210018BJNE002101130" Pos="exp">„PM<SUB>10</SUB>“ sind Partikel mit einem aerodynamischen Durchmesser von höchstens 10 Mikrometern (μm).</Footnote><Footnote FnZ="10" Group="manuell" ID="F803352_20_BJNR122210018BJNE002101130" Pos="exp">Enthält ein Bericht Fehler, so ist er spätestens vier Wochen nach Identifikation des Fehlers oder der Fehler mit einer genauen Erläuterung der vorgenommenen Änderungen erneut einzureichen.</Footnote><Footnote FnZ="1" Group="manuell" ID="F803352_21_BJNR122210018BJNE002101130" Pos="exp">Enthält ein Bericht Fehler, so ist er innerhalb von vier Wochen nach der Identifikation des Fehlers oder der Fehler mit einer genauen Erläuterung der vorgenommenen Änderungen erneut einzureichen.</Footnote></Footnotes></text><fussnoten/></textdaten></norm>
<norm builddate="20250403224011" doknr="BJNR122210018BJNE002201130"><metadaten><jurabk>BImSchV 43</jurabk><jurabk>43. BImSchV</jurabk><enbez>Anlage 2</enbez><titel format="XML">(zu § 7 Absatz 3 und § 8 Absatz 1)<BR/>Methoden für die Erstellung und Aktualisierung des nationalen Emissionsinventars und der nationalen Emissionsprognose</titel></metadaten><textdaten><text format="XML"><Content><P><noindex><kommentar typ="Fundstelle">(Fundstelle: BGBl. I 2018, 1230;<BR/>bzgl. der einzelnen Änderungen vgl. Fußnote)</kommentar></noindex></P><BR/><P>  <DL Font="normal" Indent="4.5" Type="Roman"><DT><B>I.</B></DT><DD Font="bold"><LA Size="normal"><B>Nationales Emissionsinventar</B><DL Font="normal" Type="arabic"><DT>1.</DT><DD Font="normal"><LA Size="normal">Die Emissionen aus ermittelten Schlüsselkategorien sind nach dem Stand von Wissenschaft und Technik zu berechnen.</LA></DD><DT>2.</DT><DD Font="normal"><LA Size="normal">Für Verkehrsemissionen berechnet und übermittelt das Umweltbundesamt die Emissionen nach Maßgabe der an das Statistische Amt der Europäischen Union übermittelten nationalen Energiebilanzen.</LA></DD><DT>3.</DT><DD Font="normal"><LA Size="normal">Emissionen aus dem Straßenverkehr werden anhand der in Deutschland verkauften Kraftstoffe berechnet und mitgeteilt. Die Emissionen aus dem Straßenverkehr können darüber hinaus auch auf Basis der in Deutschland verbrauchten Kraftstoffe oder der zurückgelegten Kilometer mitgeteilt werden.</LA></DD><DT>4.</DT><DD Font="normal"><LA Size="normal">Das Umweltbundesamt übermittelt die nationalen Jahresemissionen ausgedrückt in der anwendbaren Einheit, die nach dem Stand von Wissenschaft und Technik des Übereinkommens über weiträumige grenzüberschreitende Luftverunreinigung vorgegeben ist.</LA></DD></DL></LA></DD><DT><B>II.</B></DT><DD Font="normal"><LA Size="normal"><B>Nationale Emissionsprognose</B></LA><LA Size="normal"><BR/>Die nationale Emissionsprognose wird nach Quellkategorien gemäß NFR geschätzt und gemeldet. Falls dies auf Grund des Fehlens hinreichend detaillierter Daten nicht möglich ist, ist in den informativen Inventarbericht eine Begründung für die Berichterstattung auf einer stärker aggregierten Ebene aufzunehmen. Das Umweltbundesamt übermittelt für jeden Schadstoff gemäß dem Stand von Wissenschaft und Technik die Prognose für ein Szenario mit bereits beschlossenen Maßnahmen und gegebenenfalls für ein Szenario mit geplanten Maßnahmen. Die nationale Emissionsprognose stimmt mit dem nationalen jährlichen Emissionsinventar für das dritte vor dem Berichtsjahr liegende Jahr überein und ist mit den Prognosen, die gemäß der Verordnung (EU) Nr. 525/2013 des Europäischen Parlaments und des Rates vom 21. Mai 2013 über ein System für die Überwachung von Treibhausgasemissionen sowie für die Berichterstattung über diese Emissionen und über andere klimaschutzrelevante Informationen auf Ebene der Mitgliedstaaten und der Union und zur Aufhebung der Entscheidung Nr. 280/2004/EG (ABl. L 165 vom 18.6.2013, S. 13) übermittelt werden, so weit wie möglich zu harmonisieren. Die nationale Emissionsprognose ist kohärent mit dem Ergebnis des nationalen Luftreinhalteprogramms gemäß § 4.</LA></DD></DL></P></Content></text><fussnoten/></textdaten></norm>
</dokumente>