<?xml version="1.0" encoding="UTF-8" ?><!DOCTYPE dokumente SYSTEM "http://www.gesetze-im-internet.de/dtd/1.01/gii-norm.dtd">
<dokumente builddate="20220926213015" doknr="BJNR086800022"><norm builddate="20220926213015" doknr="BJNR086800022"><metadaten><jurabk>KryptoFAV</jurabk><amtabk>KryptoFAV</amtabk><ausfertigung-datum manuell="ja">2022-06-03</ausfertigung-datum><fundstelle typ="amtlich"><periodikum>BGBl I</periodikum><zitstelle>2022, 868</zitstelle></fundstelle><langue>Verordnung über Kryptofondsanteile<FnR ID="F821894_01_BJNR086800022"/></langue></metadaten><textdaten><text format="XML"><Footnotes><Footnote FnZ="*" Group="page" ID="F821894_01_BJNR086800022" Pos="exp"><noindex>Notifiziert gemäß der Richtlinie (EU) 2015/1535 des Europäischen Parlaments und des Rates vom 9. September 2015 über ein Informationsverfahren auf dem Gebiet der technischen Vorschriften und der Vorschriften für die Dienste der Informationsgesellschaft (ABl. L 241 vom 17.9.2015, S. 1).</noindex></Footnote></Footnotes></text><fussnoten><Content><P><BR/> <pre xml:space="preserve">(+++ Textnachweis ab: 18.6.2022 +++)<BR/>(+++ Amtlicher Hinweis des Normgebers auf EG-Recht:<BR/>     Notifizierung der<BR/>       EURL 2015/1535            (CELEX Nr: 32015L1535) +++)<BR/><BR/></pre></P></Content></fussnoten></textdaten></norm>
<norm builddate="20220926213015" doknr="BJNR086800022BJNE000100000"><metadaten><jurabk>KryptoFAV</jurabk><enbez>Eingangsformel</enbez></metadaten><textdaten><text format="XML"><Content><P>Auf Grund des § 95 Absatz 5 des Kapitalanlagegesetzbuchs vom 4. Juli 2013 (BGBl. I S. 1981), der durch Artikel 10 Nummer 2 Buchstabe d des Gesetzes vom 3. Juni 2021 (BGBl. I S. 1423) eingefügt worden ist, in Verbindung mit § 1 Absatz 2 des Zuständigkeitsanpassungsgesetzes vom 16. August 2002 (BGBl. I S. 3165) und dem Organisationserlass vom 8. Dezember 2021 (BGBl. I S. 5176), verordnen das Bundesministerium der Finanzen und das Bundesministerium der Justiz:</P></Content></text></textdaten></norm>
<norm builddate="20220926213015" doknr="BJNR086800022BJNE000200000"><metadaten><jurabk>KryptoFAV</jurabk><enbez>§ 1</enbez><titel format="XML">Kryptofondsanteile</titel></metadaten><textdaten><text format="XML"><Content><P>Anteile an Sondervermögen oder an einzelnen Anteilklassen eines Sondervermögens können vollständig oder teilweise auch als Kryptofondsanteile begeben werden. Kryptofondsanteile sind elektronische Anteilscheine, die in ein Kryptowertpapierregister eingetragen sind.</P></Content></text></textdaten></norm>
<norm builddate="20220926213015" doknr="BJNR086800022BJNE000300000"><metadaten><jurabk>KryptoFAV</jurabk><enbez>§ 2</enbez><titel format="XML">Anwendbare Vorschriften</titel></metadaten><textdaten><text format="XML"><Content><P>Auf Kryptofondsanteile sind § 4 Absatz 11, § 8 Absatz 2, die §§ 16 bis 23 mit Ausnahme von § 17 Absatz 1 Nummer 2 und 3, sowie die §§ 30 und 31 Absatz 1 und 2 Nummer 13 bis 15 des Gesetzes über elektronische Wertpapiere entsprechend anzuwenden mit der Maßgabe, dass <DL Type="arabic"><DT>1.</DT><DD Font="normal"><LA>an die Stelle des Kryptowertpapiers oder der Schuldverschreibung der Kryptofondsanteil tritt,</LA></DD><DT>2.</DT><DD Font="normal"><LA>an die Stelle der Emissionsbedingungen die Anlagebedingungen treten,</LA></DD><DT>3.</DT><DD Font="normal"><LA>an die Stelle des Berechtigten der Anleger tritt.</LA></DD></DL></P></Content></text></textdaten></norm>
<norm builddate="20220926213015" doknr="BJNR086800022BJNE000400000"><metadaten><jurabk>KryptoFAV</jurabk><enbez>§ 3</enbez><titel format="XML">Registerführende Stelle</titel></metadaten><textdaten><text format="XML"><Content><P>Abweichend von § 16 Absatz 2 des Gesetzes über elektronische Wertpapiere ist registerführende Stelle bei Kryptofondsanteilen die Verwahrstelle oder ein anderes von der Verwahrstelle beauftragtes Unternehmen, das gemäß § 1 Absatz 1a Satz 2 Nummer 8 in Verbindung mit § 32 Absatz 1 Satz 1 des Kreditwesengesetzes über eine Erlaubnis zur Kryptowertpapierregisterführung verfügt. Beauftragt die Verwahrstelle gemäß Satz 1 ein anderes Unternehmen, muss sie sicherstellen, dass sie ihren Aufgaben und Verpflichtungen gemäß den §§ 70 bis 78 Absatz 1 und § 79 oder gemäß den §§ 81 bis 89 Absatz 1 und den §§ 89a und 90 des Kapitalanlagegesetzbuchs nachkommen kann.</P></Content></text></textdaten></norm>
<norm builddate="20220926213015" doknr="BJNR086800022BJNE000500000"><metadaten><jurabk>KryptoFAV</jurabk><enbez>§ 4</enbez><titel format="XML">Inkrafttreten</titel></metadaten><textdaten><text format="XML"><Content><P>Diese Verordnung tritt am Tag nach der Verkündung in Kraft.</P></Content></text></textdaten></norm>
</dokumente>