<?xml version="1.0" encoding="UTF-8" ?><!DOCTYPE dokumente SYSTEM "http://www.gesetze-im-internet.de/dtd/1.01/gii-norm.dtd">
<dokumente builddate="20120625150021" doknr="BJNR212710967"><norm builddate="20120625150021" doknr="BJNR212710967"><metadaten><jurabk>KultgSchKonvABest</jurabk><ausfertigung-datum manuell="ja">1954-05-14</ausfertigung-datum><fundstelle typ="amtlich"><periodikum>BGBl II</periodikum><zitstelle>1967, 1271</zitstelle></fundstelle><langue>Ausführungsbestimmungen zur Konvention zum Schutz von Kulturgut bei
bewaffneten Konflikten</langue></metadaten><textdaten><text format="decorated"/><fussnoten><Content><P>G v. 11.4.1967 II 1233 <BR/>Inkraft gem. Bek. v. 26.10.1967 II 2471 mWv 11.11.1967</P></Content></fussnoten></textdaten></norm>
</dokumente>