<?xml version="1.0" encoding="UTF-8" ?><!DOCTYPE dokumente SYSTEM "http://www.gesetze-im-internet.de/dtd/1.01/gii-norm.dtd">
<dokumente builddate="20131008093903" doknr="BJNR246200997"><norm builddate="20131008093903" doknr="BJNR246200997"><metadaten><jurabk>MarkenG§8Bek 97-09</jurabk><ausfertigung-datum manuell="ja">1997-09-23</ausfertigung-datum><fundstelle typ="amtlich"><periodikum>BGBl I</periodikum><zitstelle>1997, 2462</zitstelle></fundstelle><langue>Bekanntmachung zu § 8 des Markengesetzes</langue></metadaten><textdaten><text format="XML"><Content><P/></Content></text><fussnoten><Content><P>(+++ Textnachweis ab: 16.10.1997 +++)</P></Content></fussnoten></textdaten></norm>
<norm builddate="20131008093903" doknr="BJNR246200997BJNE000100305"><metadaten><jurabk>MarkenG§8Bek 97-09</jurabk><enbez>(XXXX)</enbez></metadaten><textdaten><text format="XML"><Content><P>Auf Grund des § 8 Abs. 2 Nr. 8 des Markengesetzes vom 25. Oktober 1994 (BGBl. I S. 3082; 1995 I S. 156) wird bekanntgemacht, daß die folgenden Kennzeichen <DL Font="normal" Type="arabic"><DT>1.</DT><DD Font="normal"><LA Size="normal">Emblem der Eurasischen Patentorganisation (Anlage 1),</LA></DD><DT>2.</DT><DD Font="normal"><LA Size="normal">Name, Abkürzung, Emblem und Flagge des Internationalen Tierseuchenamts (Anlage 2),</LA></DD><DT>3.</DT><DD Font="normal"><LA Size="normal">Name, Abkürzung und Emblem des Gemeinsamen Programms der Vereinten Nationen gegen Aids (Anlage 3),</LA></DD><DT>4.</DT><DD Font="normal"><LA Size="normal">Name, Abkürzung und Emblem der Europäischen Investitionsbank (Anlage 4)</LA></DD></DL>von der Eintragung als Marke ausgeschlossen sind.</P><P>Diese Bekanntmachung ergeht im Anschluß an die Bekanntmachung vom 10. März 1997 (BGBl. I S. 551).</P><P>Bundesministerium der Justiz</P></Content></text></textdaten></norm>
<norm builddate="20131008093903" doknr="BJNR246200997BJNE000200305"><metadaten><jurabk>MarkenG§8Bek 97-09</jurabk><enbez>Anlage 1</enbez></metadaten><textdaten><text format="XML"><Content><P><noindex><kommentar typ="Fundstelle">(Fundstelle: BGBl. I 1997, 2462)</kommentar></noindex></P><P>Emblem der Eurasischen Patentorganisation <BR/><noindex><kommentar typ="Hinweis">... (nicht darstellbare Abbildung)</kommentar></noindex></P></Content></text></textdaten></norm>
<norm builddate="20131008093903" doknr="BJNR246200997BJNE000300305"><metadaten><jurabk>MarkenG§8Bek 97-09</jurabk><enbez>Anlage 2</enbez></metadaten><textdaten><text format="XML"><Content><P><noindex><kommentar typ="Fundstelle">(Fundstelle: BGBl. I 1997, 2463)</kommentar></noindex></P><P>Name, Abkürzung, Emblem und Flagge des Internationalen Tierseuchenamts - Weltorganisation für Tiergesundheit - <BR/><BR/>Name: <BR/><BR/>Office international des <ABWFORMAT typ="A"/>epizooties - französisch - <BR/><BR/>International Office of Epizootics - englisch - <BR/><BR/>Oficina Internacional de Epizootias - spanisch - <BR/><BR/><noindex><kommentar typ="Hinweis">... (nicht darstellbare Schriftzeichen)</kommentar></noindex> - russisch - <BR/><BR/>Organisation mondiale de la <ABWFORMAT typ="A"/>sante animale - französisch - <BR/><BR/>World organisation for animal health - englisch - <BR/><BR/>Organizacion mundial de sanidad animal - spanisch - <BR/><BR/><noindex><kommentar typ="Hinweis">... (nicht darstellbare Schriftzeichen)</kommentar></noindex> - russisch - <BR/><BR/><table frame="none" tocentry="%yes;"><tgroup align="left" char="" charoff="50" cols="3" colsep="0" rowsep="0"><colspec colname="col1" colnum="1" colwidth="10*"/><colspec colname="col2" colnum="2" colwidth="5.00*"/><colspec colname="col3" colnum="3" colwidth="50*"/><tbody valign="top"><row><entry VJ="1" align="left" colsep="0" nameend="col2" namest="col1" valign="top">Abkürzung:</entry><entry VJ="1" align="left" colsep="0" valign="top">OIE</entry></row><row><entry VJ="1" align="left" colsep="0" nameend="col2" namest="col1" valign="top"> </entry><entry VJ="1" align="left" colsep="0" valign="top"><noindex><kommentar typ="Hinweis">... (nicht darstellbare Schriftzeichen)</kommentar></noindex></entry></row><row><entry VJ="1" align="left" colsep="0" nameend="col3" namest="col1" valign="top">Emblem:</entry></row><row><entry VJ="1" align="left" colsep="0" valign="top">Farben:</entry><entry VJ="1" align="left" colsep="0" nameend="col3" namest="col2" valign="top">blau</entry></row><row><entry VJ="1" align="left" colsep="0" valign="top"> </entry><entry VJ="1" align="left" colsep="0" nameend="col3" namest="col2" valign="top">grün</entry></row><row><entry VJ="1" align="left" colsep="0" nameend="col3" namest="col1" valign="top"><noindex><kommentar typ="Hinweis">... (nicht darstellbare Abbildung)</kommentar></noindex></entry></row><row><entry VJ="1" align="left" colsep="0" nameend="col3" namest="col1" valign="top">Flagge:</entry></row><row><entry VJ="1" align="left" colsep="0" valign="top">Farben:</entry><entry VJ="1" align="left" colsep="0" nameend="col3" namest="col2" valign="top">blau</entry></row><row><entry VJ="1" align="left" colsep="0" valign="top"> </entry><entry VJ="1" align="left" colsep="0" nameend="col3" namest="col2" valign="top">grün</entry></row><row><entry VJ="1" align="left" colsep="0" nameend="col3" namest="col1" valign="top"><noindex><kommentar typ="Hinweis">... (nicht darstellbare Abbildung)</kommentar></noindex></entry></row></tbody></tgroup></table></P></Content></text></textdaten></norm>
<norm builddate="20131008093903" doknr="BJNR246200997BJNE000400305"><metadaten><jurabk>MarkenG§8Bek 97-09</jurabk><enbez>Anlage 3</enbez></metadaten><textdaten><text format="XML"><Content><P><noindex><kommentar typ="Fundstelle">(Fundstelle: BGBl. I 1997, 2464)</kommentar></noindex></P><P>Name, Abkürzung und Emblem des Gemeinsamen Programms der Vereinten Nationen gegen Aids <BR/><BR/>Name: <BR/><BR/>Joint United Nations Programme on HIV/AIDS - englisch - <BR/><BR/>Programme commun des Nations Unies sur le VIH/SIDA - französisch - <BR/><BR/>Programa Conjunto de las Naciones Unidas sobre el VIH/SIDA - spanisch - <BR/><BR/><table frame="none" tocentry="%yes;"><tgroup align="left" char="" charoff="50" cols="2" colsep="0" rowsep="0"><colspec colname="col1" colnum="1" colwidth="20*"/><colspec colname="col2" colnum="2" colwidth="30*"/><tbody valign="top"><row><entry VJ="1" align="left" colname="col1" colsep="0" morerows="2" valign="top">Abkürzung:</entry><entry VJ="1" align="left" colsep="0" valign="top">UNAIDS</entry></row><row><entry VJ="1" align="left" colsep="0" valign="top">ONUSIDA</entry></row><row><entry VJ="1" align="left" colsep="0" valign="top">ONUSIDA</entry></row><row><entry VJ="1" align="left" colsep="0" nameend="col2" namest="col1" valign="top"><noindex><kommentar typ="Hinweis">... (nicht darstellbare Embleme)</kommentar></noindex></entry></row><row><entry VJ="1" align="left" colsep="0" nameend="col2" namest="col1" valign="top">Emblem:</entry></row><row><entry VJ="1" align="left" colsep="0" nameend="col2" namest="col1" valign="top">schwarz-rot</entry></row><row><entry VJ="1" align="left" colsep="0" nameend="col2" namest="col1" valign="top">auf weißem Grund</entry></row><row><entry VJ="1" align="left" colsep="0" nameend="col2" namest="col1" valign="top"><noindex><kommentar typ="Hinweis">... (nicht darstellbares Emblem)</kommentar></noindex></entry></row></tbody></tgroup></table></P></Content></text></textdaten></norm>
<norm builddate="20131008093903" doknr="BJNR246200997BJNE000500305"><metadaten><jurabk>MarkenG§8Bek 97-09</jurabk><enbez>Anlage 4</enbez></metadaten><textdaten><text format="XML"><Content><P><noindex><ABWFORMAT typ="A"/><kommentar typ="Fundstelle">Fundstelle des Originaltextes: BGBl. I 1997, 2465<BR/></kommentar></noindex></P><P>Name, Abkürzung und Emblem der Europäischen Investitionsbank <BR/>Name: <BR/>DEN <ABWFORMAT typ="A"/>EUROPEISKE INVESTERINGSBANK <BR/>Den <ABWFORMAT typ="A"/>Europeiske Unions finansieringsinstitution <BR/>- dänisch - <BR/>EUROPÄISCHE INVESTITIONSBANK <BR/>Die Finanzierungsinstitution der Europäischen Union <BR/>- deutsch - <BR/><noindex><ABWFORMAT typ="A"/>... (nicht darstellbare Schriftzeichen)</noindex><BR/>- griechisch - <BR/>EUROPEAN INVESTMENT BANK <BR/>The European Union's financing institution <BR/>- englisch - <BR/>BANCO EUROPEO DE INVERSIONES <BR/>La <ABWFORMAT typ="A"/>institucion financiera de la <ABWFORMAT typ="A"/>Union Europea <BR/>- spanisch - <BR/>BANQUE EUROPEENNE D'INVESTISSEMENT <BR/>L'institution <ABWFORMAT typ="A"/>financiere de L'Union <ABWFORMAT typ="A"/>europeenne <BR/>- französisch - <BR/>BANCA EUROPEA PER GLI INVESTIMENTI <BR/>L'istituzione finanziaria dell'Unione europea <BR/>- italienisch - <BR/>EUROPESE INVESTERINGSBANK <BR/>Financieringsinstelling van de Europese Unie <BR/>- niederländisch - <BR/>BANCO EUROPEO DE INVESTIMENTO <BR/>A <ABWFORMAT typ="A"/>instituicao financeira da <ABWFORMAT typ="A"/>Uniao Europeia <BR/>- portugiesisch - <BR/>EUROOPAN INVESTOINTIPANKKI <BR/>Euroopan unionin rahoituslaitos <BR/>- finnisch - <BR/>EUROPEISKA INVESTERINGSBANKEN <BR/>Europeiska unionens finansinstitut <BR/>- schwedisch - <BR/>Emblem: <BR/><noindex><ABWFORMAT typ="A"/>... (nicht darstellbares Emblem)</noindex><BR/>Abkürzung: <BR/><noindex><ABWFORMAT typ="A"/>... (nicht darstellbare Abkürzung)</noindex></P></Content></text></textdaten></norm>
</dokumente>