<?xml version="1.0" encoding="UTF-8" ?><!DOCTYPE dokumente SYSTEM "http://www.gesetze-im-internet.de/dtd/1.01/gii-norm.dtd">
<dokumente builddate="20130405130919" doknr="BJNR100100972"><norm builddate="20130405130919" doknr="BJNR100100972"><metadaten><jurabk>BBiG§84AnO 3</jurabk><ausfertigung-datum manuell="ja">1971-12-16</ausfertigung-datum><fundstelle typ="amtlich"><periodikum>BGBl I</periodikum><zitstelle>1972, 10</zitstelle></fundstelle><langue>Anordnung über die Bestimmung der zuständigen Stelle nach § 84 des
Berufsbildungsgesetzes</langue></metadaten><textdaten><text format="XML"><Content><P/></Content></text><fussnoten><Content><P>(+++ Textnachweis ab: 13. 1.1972 +++)</P></Content></fussnoten></textdaten></norm>
<norm builddate="20130405130919" doknr="BJNR100100972BJNE000100327"><metadaten><jurabk>BBiG§84AnO 3</jurabk><enbez>I.</enbez></metadaten><textdaten><text format="XML"><Content><P>Auf Grund des § 84 Abs. 1 des Berufsbildungsgesetzes vom 14. August 1969 (Bundesgesetzbl. I S. 1112) in der Fassung des Änderungsgesetzes vom 12. März 1971 (Bundesgesetzbl. I S. 185) bestimme ich <DL Font="normal" Type="arabic"><DT/><DD Font="normal"><LA Size="normal">die Hauptstelle der Bundesanstalt für Arbeit</LA></DD> </DL>zur zuständigen Stelle für alle zum Geschäftsbereich der Bundesanstalt für Arbeit gehörenden Dienststellen.</P></Content></text></textdaten></norm>
<norm builddate="20130405130919" doknr="BJNR100100972BJNE000200327"><metadaten><jurabk>BBiG§84AnO 3</jurabk><enbez>II.</enbez></metadaten><textdaten><text format="XML"><Content><P>Diese Anordnung tritt am Tag nach ihrer Verkündung in Kraft.</P></Content></text></textdaten></norm>
<norm builddate="20130405130919" doknr="BJNR100100972BJNE000300327"><metadaten><jurabk>BBiG§84AnO 3</jurabk><enbez>Schlußformel</enbez></metadaten><textdaten><text format="XML"><Content><P><SP>Der Bundesminister für Arbeit und Sozialordnung</SP></P></Content></text></textdaten></norm>
</dokumente>