<?xml version="1.0" encoding="UTF-8" ?><!DOCTYPE dokumente SYSTEM "http://www.gesetze-im-internet.de/dtd/1.01/gii-norm.dtd">
<dokumente builddate="20160101220501" doknr="BJNR194700009"><norm builddate="20160101220501" doknr="BJNR194700009"><metadaten><jurabk>VersAusglKassG</jurabk><amtabk>VersAusglKassG</amtabk><ausfertigung-datum manuell="ja">2009-07-15</ausfertigung-datum><fundstelle typ="amtlich"><periodikum>BGBl I</periodikum><zitstelle>2009, 1939, 1947</zitstelle></fundstelle><langue>Gesetz über die Versorgungsausgleichskasse</langue><standangabe checked="ja"><standtyp>Stand</standtyp><standkommentar>Zuletzt geändert durch Art. 426 V v. 31.8.2015 I 1474</standkommentar></standangabe></metadaten><textdaten><fussnoten><Content><P><BR/> <pre xml:space="preserve">(+++ Textnachweis ab: 22.7.2009 +++)<BR/><BR/></pre>Das G wurde als Art. 9e des G v. 15.7.2009 I 1939 vom Bundestag beschlossen. Es ist gem. Art. 10 Abs. 1 dieses G am 22.7.2009 in Kraft getreten.</P></Content></fussnoten></textdaten></norm>
<norm builddate="20160101220501" doknr="BJNR194700009BJNE000100000"><metadaten><jurabk>VersAusglKassG</jurabk><enbez>§ 1</enbez><titel format="XML">Aufgabe</titel></metadaten><textdaten><text format="XML"><Content><P>Aufgabe der Versorgungsausgleichskasse ist es ausschließlich, die Versorgung der ausgleichsberechtigten Person bei der externen Teilung eines Anrechts im Sinne des Betriebsrentengesetzes durchzuführen, wenn die ausgleichsberechtigte Person ihr Wahlrecht hinsichtlich der Zielversorgung nach § 15 des Versorgungsausgleichsgesetzes nicht ausübt.</P></Content></text></textdaten></norm>
<norm builddate="20160101220501" doknr="BJNR194700009BJNE000201119"><metadaten><jurabk>VersAusglKassG</jurabk><enbez>§ 2</enbez><titel format="XML">Rechtsform, anzuwendendes Recht</titel></metadaten><textdaten><text format="XML"><Content><P>(1) Die Versorgungsausgleichskasse ist eine Pensionskasse im Sinne des § 232 des Versicherungsaufsichtsgesetzes in der Rechtsform eines Versicherungsvereins auf Gegenseitigkeit.</P><P>(2) Auf sie ist das Versicherungsaufsichtsgesetz anzuwenden, sofern dieses Gesetz nichts anderes bestimmt.</P></Content></text><fussnoten/></textdaten></norm>
<norm builddate="20160101220501" doknr="BJNR194700009BJNE000303119"><metadaten><jurabk>VersAusglKassG</jurabk><enbez>§ 3</enbez><titel format="XML">Besondere Bestimmungen</titel></metadaten><textdaten><text format="XML"><Content><P>(1) Die erstmalige Erlaubnis zum Geschäftsbetrieb durch die Bundesanstalt für Finanzdienstleistungsaufsicht bedarf der Zustimmung des Bundesministeriums für Arbeit und Soziales im Einvernehmen mit dem Bundesministerium der Finanzen und dem Bundesministerium der Justiz und für Verbraucherschutz. Das Bundesministerium für Arbeit und Soziales macht die Erteilung der Erlaubnis nach Satz 1 im Bundesgesetzblatt bekannt.</P><P>(2) Die Gründungsmitglieder der Versorgungsausgleichskasse brauchen abweichend von § 176 Satz 2 des Versicherungsaufsichtsgesetzes kein Versicherungsverhältnis mit dem Verein zu begründen. Die Mitgliedervertreterversammlung der Versorgungsausgleichskasse setzt sich aus den Gründungsmitgliedern zusammen. Die Mitgliedervertreterversammlung ergänzt sich im Wege der Kooptation.</P><P>(3) Das gebundene Vermögen der Versorgungsausgleichskasse darf in Versicherungsverträgen angelegt werden, die bei Lebensversicherungsunternehmen im Sinne des § 1 Absatz 2 Satz 1 des Altersvorsorgeverträge-Zertifizierungsgesetzes zur Deckung von Verpflichtungen gegenüber den Versorgungsberechtigten eingegangen werden. In diese Versicherungsverträge dürfen keine Abschluss- und Vertriebskosten eingerechnet werden.</P><P>(4) Die Versorgungsausgleichskasse gehört einem Sicherungsfonds nach § 221 Absatz 1 des Versicherungsaufsichtsgesetzes an.</P></Content></text><fussnoten/></textdaten></norm>
<norm builddate="20160101220501" doknr="BJNR194700009BJNE000401119"><metadaten><jurabk>VersAusglKassG</jurabk><enbez>§ 4</enbez><titel format="XML">Leistungsumfang</titel></metadaten><textdaten><text format="XML"><Content><P>(1) Die von der Versorgungsausgleichskasse durchgeführte Versicherung muss die Voraussetzungen nach § 1 Absatz 1 Satz 1 Nummer 2 und 4 Buchstabe a des Altersvorsorgeverträge-Zertifizierungsgesetzes erfüllen.</P><P>(2) Die Versorgungsausgleichskasse muss einen Zins in einer Höhe garantieren, die dem Höchstwert für den Rechnungszins nach <I>der gemäß § 235 Absatz 1 Satz 1 Nummer 4 des Versicherungsaufsichtsgesetzes erlassenen Rechtsverordnung</I> zum Zeitpunkt der Begründung des Anrechts bei der Versorgungsausgleichskasse entspricht.</P><P>(3) Ab Rentenbeginn müssen sämtliche auf den Rentenbestand entfallenden Überschussanteile zur Erhöhung der laufenden Leistungen verwendet werden.</P><P>(4) Die Versorgungsausgleichskasse kann angemessene Verwaltungskosten in Abzug bringen. Abschluss- und Vertriebskosten dürfen nicht erhoben werden.</P></Content></text><fussnoten><Content><P>§ 4 Abs. 2 (Kursivdruck): IdF d. Art. 2 Abs. 19 Nr. 3 G v. 1.4.2015 I 434 mWv 1.1.2016; aufgrund offensichtl. Unrichtigkeit (doppeltes Wort) wurden in der Änderungsanweisung die Wörter: &quot;nach der gemäß §  235 Absatz 1 Satz 1 Nummer 4 des Versicherungsaufsichtsgesetzes erlassenen Rechtsverordnung&quot; durch die Wörter: &quot;der gemäß § 235 Absatz 1 Satz 1 Nummer 4 des Versicherungsaufsichtsgesetzes erlassenen Rechtsverordnung&quot; ersetzt.</P></Content></fussnoten></textdaten></norm>
<norm builddate="20160101220501" doknr="BJNR194700009BJNE000501308"><metadaten><jurabk>VersAusglKassG</jurabk><enbez>§ 5</enbez><titel format="XML">Beschränkung des Anrechts</titel></metadaten><textdaten><text format="XML"><Content><P>(1) Ein bei der Versorgungsausgleichskasse bestehendes Anrecht ist nicht übertragbar, nicht beleihbar und nicht veräußerbar. Es darf vorbehaltlich des Satzes 3 nicht vorzeitig verwertet werden. Die Versorgungsausgleichskasse kann ein Anrecht ohne Zustimmung der ausgleichsberechtigten Person bis zu der Wertgrenze in § 3 Absatz 2 Satz 1 des Betriebsrentengesetzes abfinden.</P><P>(2) Eine Fortsetzung der Versorgung mit eigenen Beiträgen ist nicht möglich.</P></Content></text><fussnoten/></textdaten></norm>
<norm builddate="20160101220501" doknr="BJNR194700009BJNE000600000"><metadaten><jurabk>VersAusglKassG</jurabk><enbez>§ 6</enbez><titel format="XML">Bilanzierung von Rückdeckungsversicherungen</titel></metadaten><textdaten><text format="XML"><Content><P>Verträge, die von der Versorgungsausgleichskasse nach § 3 Absatz 3 bei Lebensversicherungsunternehmen eingegangen werden, sind abweichend von § 341b Absatz 1 bis 3 des Handelsgesetzbuchs mit dem Zeitwert unter Berücksichtigung des Grundsatzes der Vorsicht zu bewerten.</P></Content></text></textdaten></norm>
</dokumente>