<?xml version="1.0" encoding="UTF-8" ?><!DOCTYPE dokumente SYSTEM "http://www.gesetze-im-internet.de/dtd/1.01/gii-norm.dtd">
<dokumente builddate="20130405131703" doknr="BJNR169800006"><norm builddate="20130405131703" doknr="BJNR169800006"><metadaten><jurabk>WpÜGAnwendV</jurabk><ausfertigung-datum manuell="ja">2006-07-17</ausfertigung-datum><fundstelle typ="amtlich"><periodikum>BGBl I</periodikum><zitstelle>2006, 1698</zitstelle></fundstelle><kurzue>WpÜG-Anwendbarkeitsverordnung</kurzue><langue>Verordnung über die Anwendbarkeit von Vorschriften betreffend
Angebote im Sinne des § 1 Abs. 2 und 3 des Wertpapiererwerbs- und
Übernahmegesetzes</langue></metadaten><textdaten><text format="XML"><Content><P/></Content></text><fussnoten><Content><P>(+++ Textnachweis ab: 25.7.2006 +++)</P></Content></fussnoten></textdaten></norm>
<norm builddate="20130405131703" doknr="BJNR169800006BJNE000100000"><metadaten><jurabk>WpÜGAnwendV</jurabk><enbez>Eingangsformel</enbez></metadaten><textdaten><text format="XML"><Content><P>Auf Grund des § 1 Abs. 4 in Verbindung mit Abs. 2 und 3 des Wertpapiererwerbs- und Übernahmegesetzes vom 20. Dezember 2001 (BGBl. I S. 3822), der durch Artikel 1 Nr. 2 des Gesetzes vom 8. Juli 2006 (BGBl. I S. 1426) eingefügt worden ist, verordnet das Bundesministerium der Finanzen:</P></Content></text></textdaten></norm>
<norm builddate="20130405131703" doknr="BJNR169800006BJNE000200000"><metadaten><jurabk>WpÜGAnwendV</jurabk><enbez>§ 1</enbez><titel format="parat">Vorschriften betreffend Angebote im Sinne des § 1 Abs. 2 des
Wertpapiererwerbs- und Übernahmegesetzes</titel></metadaten><textdaten><text format="XML"><Content><P>Auf Angebote im Sinne des § 1 Abs. 2 des Wertpapiererwerbs- und Übernahmegesetzes sind die folgenden Vorschriften dieses Gesetzes sinngemäß anzuwenden, soweit nicht das ausländische Recht Abweichungen nötig macht: <DL Font="normal" Type="arabic"><DT>1.</DT><DD Font="normal"><LA Size="normal">die §§ 1 bis 9,</LA></DD> <DT>2.</DT><DD Font="normal"><LA Size="normal">§ 29,</LA></DD> <DT>3.</DT><DD Font="normal"><LA Size="normal">§ 30,</LA></DD> <DT>4.</DT><DD Font="normal"><LA Size="normal">§ 33,</LA></DD> <DT>5.</DT><DD Font="normal"><LA Size="normal">§ 33a,</LA></DD> <DT>6.</DT><DD Font="normal"><LA Size="normal">§ 33b,</LA></DD> <DT>7.</DT><DD Font="normal"><LA Size="normal">§ 33c,</LA></DD> <DT>8.</DT><DD Font="normal"><LA Size="normal">§ 33d,</LA></DD> <DT>9.</DT><DD Font="normal"><LA Size="normal">§ 34,</LA></DD> <DT>10.</DT><DD Font="normal"><LA Size="normal">§ 35 Abs. 1 Satz 4 in Verbindung mit § 10 Abs. 5 Satz 2 und 3,</LA></DD> <DT>11.</DT><DD Font="normal"><LA Size="normal">§ 35 Abs. 2 Satz 1 hinsichtlich der Verpflichtung zur Abgabe eines Angebots,</LA></DD> <DT>12.</DT><DD Font="normal"><LA Size="normal">§ 35 Abs. 2 Satz 2 in Verbindung mit § 14 Abs. 4 Satz 2 und 3,</LA></DD> <DT>13.</DT><DD Font="normal"><LA Size="normal">§ 35 Abs. 2 Satz 3,</LA></DD> <DT>14.</DT><DD Font="normal"><LA Size="normal">§ 35 Abs. 3,</LA></DD> <DT>15.</DT><DD Font="normal"><LA Size="normal">§ 36,</LA></DD> <DT>16.</DT><DD Font="normal"><LA Size="normal">§ 37,</LA></DD> <DT>17.</DT><DD Font="normal"><LA Size="normal">§ 38,</LA></DD> <DT>18.</DT><DD Font="normal"><LA Size="normal">§ 39,</LA></DD> <DT>19.</DT><DD Font="normal"><LA Size="normal">§ 39a,</LA></DD> <DT>20.</DT><DD Font="normal"><LA Size="normal">§ 39b,</LA></DD> <DT>21.</DT><DD Font="normal"><LA Size="normal">§ 39c und</LA></DD> <DT>22.</DT><DD Font="normal"><LA Size="normal">die §§ 40 bis 68.</LA></DD> </DL></P></Content></text></textdaten></norm>
<norm builddate="20130405131703" doknr="BJNR169800006BJNE000300000"><metadaten><jurabk>WpÜGAnwendV</jurabk><enbez>§ 2</enbez><titel format="parat">Vorschriften betreffend Angebote im Sinne des § 1 Abs. 3 des
Wertpapiererwerbs- und Übernahmegesetzes</titel></metadaten><textdaten><text format="XML"><Content><P>Auf Angebote im Sinne des § 1 Abs. 3 des Wertpapiererwerbs- und Übernahmegesetzes sind die folgenden Vorschriften dieses Gesetzes sinngemäß anzuwenden, soweit nicht das ausländische Recht Abweichungen nötig macht: <DL Font="normal" Type="arabic"><DT>1.</DT><DD Font="normal"><LA Size="normal">die §§ 1 bis 9,</LA></DD> <DT>2.</DT><DD Font="normal"><LA Size="normal">§ 31,</LA></DD> <DT>3.</DT><DD Font="normal"><LA Size="normal">§ 32,</LA></DD> <DT>4.</DT><DD Font="normal"><LA Size="normal">§ 33d,</LA></DD> <DT>5.</DT><DD Font="normal"><LA Size="normal">§ 34,</LA></DD> <DT>6.</DT><DD Font="normal"><LA Size="normal">§ 35 Abs. 1 Satz 1 bis 3, Satz 4 in Verbindung mit § 10 Abs. 2, 3 Satz 3, Abs. 4, 5 Satz 1 und Abs. 6,</LA></DD> <DT>7.</DT><DD Font="normal"><LA Size="normal">§ 35 Abs. 2 Satz 1 hinsichtlich der Verpflichtung zur Übermittlung und Veröffentlichung,</LA></DD> <DT>8.</DT><DD Font="normal"><LA Size="normal">§ 35 Abs. 2 Satz 2 in Verbindung mit § 14 Abs. 2 Satz 2, Abs. 3 und 4 Satz 1,</LA></DD> <DT>9.</DT><DD Font="normal"><LA Size="normal">§ 38,</LA></DD> <DT>10.</DT><DD Font="normal"><LA Size="normal">§ 39 und</LA></DD> <DT>11.</DT><DD Font="normal"><LA Size="normal">die §§ 40 bis 68.</LA></DD> </DL></P></Content></text></textdaten></norm>
<norm builddate="20130405131703" doknr="BJNR169800006BJNE000400000"><metadaten><jurabk>WpÜGAnwendV</jurabk><enbez>§ 3</enbez><titel format="parat">Inkrafttreten</titel></metadaten><textdaten><text format="XML"><Content><P>Diese Verordnung tritt am Tage nach der Verkündung in Kraft.</P></Content></text></textdaten></norm>
</dokumente>