<?xml version="1.0" encoding="UTF-8" ?><!DOCTYPE dokumente SYSTEM "http://www.gesetze-im-internet.de/dtd/1.01/gii-norm.dtd">
<dokumente builddate="20120625150725" doknr="BJNR003650954"><norm builddate="20120625150725" doknr="BJNR003650954"><metadaten><jurabk>ERPBürgschG</jurabk><ausfertigung-datum manuell="ja">1954-12-06</ausfertigung-datum><fundstelle typ="amtlich"><periodikum>BGBl I</periodikum><zitstelle>1954, 365</zitstelle></fundstelle><langue>Drittes Gesetz über die Übernahme von Sicherheitsleistungen und
Gewährleistungen zur Förderung der deutschen Wirtschaft</langue></metadaten><textdaten><text format="XML"><Content><P/></Content></text><fussnoten><Content><P>Überschrift: Im Saarland eingeführt am 1.12.1958 durch § 1 Nr. 17 V v. 28.11.1958 I 891, § 2 am 1.9.1957 durch § 1 V v. 26.8.1957 I 1255 <BR/> <BR/>(+++ Textnachweis Geltung ab:  1. 1.1964 +++)</P></Content></fussnoten></textdaten></norm>
<norm builddate="20120625150725" doknr="BJNR003650954BJNE000100307"><metadaten><jurabk>ERPBürgschG</jurabk><enbez>§ 1</enbez></metadaten><textdaten><text format="XML"><Content><P>-</P></Content></text><fussnoten/></textdaten></norm>
<norm builddate="20120625150725" doknr="BJNR003650954BJNE000200307"><metadaten><jurabk>ERPBürgschG</jurabk><enbez>§ 2</enbez></metadaten><textdaten><text format="XML"><Content><P>Der <I>Bundesminister für wirtschaftliche Zusammenarbeit</I> wird ermächtigt, namens der Bundesrepublik Deutschland für das ERP-Sondervermögen mit vorheriger Zustimmung des Bundesministers der Finanzen nach Maßgabe des § 2 des Gesetzes über die Verwaltung des ERP-Sondervermögens vom 31. August 1953 (Bundesgesetzbl. I S. 1312) Sicherheitsleistungen, Gewährleistungen und Bürgschaften bis zum Gesamtbetrag von <I>zweihundert</I> Millionen Deutsche Mark zu Lasten des ERP-Sondervermögens zu übernehmen. Diese Ermächtigung gilt für Sicherheitsleistungen, Gewährleistungen und Bürgschaften, die außerhalb des Rahmens des § 5 Abs. 3 des Gesetzes über die Verwaltung des ERP-Sondervermögens übernommen werden sollen.</P></Content></text><fussnoten><Content><P>§ 2 erster Kursivdruck: Jetzt Bundesminister für Wirtschaft <BR/>§ 2 zweiter Kursivdruck: Jetzt vierhundert, vgl. § 1 Abs. 1 ERPBürgschG 2 660-2</P></Content></fussnoten></textdaten></norm>
<norm builddate="20120625150725" doknr="BJNR003650954BJNE000300307"><metadaten><jurabk>ERPBürgschG</jurabk><enbez>§ 3</enbez></metadaten><textdaten><text format="XML"><Content><P>Dieses Gesetz gilt nach Maßgabe des § 13 des Dritten Überleitungsgesetzes vom 4. Januar 1952 (Bundesgesetzbl. I S. 1) auch im Land Berlin.</P></Content></text></textdaten></norm>
<norm builddate="20120625150725" doknr="BJNR003650954BJNE000400307"><metadaten><jurabk>ERPBürgschG</jurabk><enbez>§ 4</enbez></metadaten><textdaten><text format="XML"><Content><P>Dieses Gesetz tritt am Tage nach seiner Verkündung in Kraft.</P></Content></text></textdaten></norm>
</dokumente>