<?xml version="1.0" encoding="UTF-8" ?><!DOCTYPE dokumente SYSTEM "http://www.gesetze-im-internet.de/dtd/1.01/gii-norm.dtd">
<dokumente builddate="20130405131026" doknr="BJNR106620004"><norm builddate="20130405131026" doknr="BJNR106620004"><metadaten><jurabk>SozSichAbkMKDG</jurabk><ausfertigung-datum manuell="ja">2004-07-23</ausfertigung-datum><fundstelle typ="amtlich"><periodikum>BGBl II</periodikum><zitstelle>2004, 1066</zitstelle></fundstelle><langue>Gesetz zu dem Abkommen vom 8. Juli 2003 zwischen der Regierung der
Bundesrepublik Deutschland und der mazedonischen Regierung über Soziale
Sicherheit</langue></metadaten><textdaten><text format="XML"><Content><P/></Content></text><fussnoten><Content><P><BR/> <pre xml:space="preserve">(+++ Textnachweis ab: 28.7.2004 +++)<BR/><BR/></pre></P></Content></fussnoten></textdaten></norm>
<norm builddate="20130405131026" doknr="BJNR106620004BJNE000100000"><metadaten><jurabk>SozSichAbkMKDG</jurabk><enbez>Eingangsformel</enbez></metadaten><textdaten><text format="XML"><Content><P>Der Bundestag hat mit Zustimmung des Bundesrates das folgende Gesetz beschlossen:</P></Content></text></textdaten></norm>
<norm builddate="20130405131026" doknr="BJNR106620004BJNE000200000"><metadaten><jurabk>SozSichAbkMKDG</jurabk><enbez>Art 1</enbez></metadaten><textdaten><text format="XML"><Content><P>Folgenden in Skopje am 8. Juli 2003 unterzeichneten zwischenstaatlichen Übereinkünften wird zugestimmt: <DL Font="normal" Type="arabic"><DT>1.</DT><DD Font="normal"><LA Size="normal">dem Abkommen zwischen der Regierung der Bundesrepublik Deutschland und der mazedonischen Regierung über Soziale Sicherheit,</LA></DD> <DT>2.</DT><DD Font="normal"><LA Size="normal">der Vereinbarung zur Durchführung des Abkommens vom 8. Juli 2003 zwischen der Regierung der Bundesrepublik Deutschland und der mazedonischen Regierung über Soziale Sicherheit.</LA></DD> </DL>Das Abkommen und die Durchführungsvereinbarung werden nachstehend veröffentlicht.</P></Content></text></textdaten></norm>
<norm builddate="20130405131026" doknr="BJNR106620004BJNE000300000"><metadaten><jurabk>SozSichAbkMKDG</jurabk><enbez>Art 2</enbez></metadaten><textdaten><text format="XML"><Content><P>Die Bundesregierung wird ermächtigt, durch Rechtsverordnung mit Zustimmung des Bundesrates Vereinbarungen zur Durchführung des Abkommens sowie Änderungen der in Artikel 1 Nr. 2 genannten Durchführungsvereinbarung in Kraft zu setzen. Im Übrigen wird die Bundesregierung ermächtigt, die zur Durchführung des Abkommens erforderlichen innerstaatlichen Regelungen zu treffen. Dabei können zur Anwendung und Durchführung des Abkommens insbesondere über folgende Gegenstände Regelungen getroffen werden: <DL Font="normal" Type="arabic"><DT>1.</DT><DD Font="normal"><LA Size="normal">Aufklärungs-, Anzeige- und Mitteilungspflichten sowie das Bereitstellen von Beweismitteln zwischen den in Artikel 28 Abs. 1 des Abkommens genannten Stellen sowie zwischen diesen und den betroffenen Personen,</LA></DD> <DT>2.</DT><DD Font="normal"><LA Size="normal">das Ausstellen, die Vorlage und Übermittlung von Bescheinigungen sowie die Verwendung von Vordrucken,</LA></DD> <DT>3.</DT><DD Font="normal"><LA Size="normal">das Verfahren beim Erbringen von Geldleistungen,</LA></DD> <DT>4.</DT><DD Font="normal"><LA Size="normal">die Zuständigkeit der Versicherungsträger oder anderer in Artikel 28 Abs. 1 des Abkommens genannten Stellen,</LA></DD> <DT>5.</DT><DD Font="normal"><LA Size="normal">die gegenseitige Umrechnung von Versicherungszeiten nach den Rechtsvorschriften beider Vertragsstaaten.</LA></DD> </DL></P></Content></text></textdaten></norm>
<norm builddate="20130405131026" doknr="BJNR106620004BJNE000400000"><metadaten><jurabk>SozSichAbkMKDG</jurabk><enbez>Art 3</enbez></metadaten><textdaten><text format="XML"><Content><P>(1) Dieses Gesetz tritt am Tage nach seiner Verkündung in Kraft.</P><P>(2) Die Tage, an denen das Abkommen nach seinem Artikel 44 und die Vereinbarung zur Durchführung des Abkommens nach ihrem Artikel 13 Abs. 1 in Kraft treten, sind im Bundesgesetzblatt bekannt zu geben.</P></Content> </text></textdaten></norm>
</dokumente>