<?xml version="1.0" encoding="UTF-8" ?><!DOCTYPE dokumente SYSTEM "http://www.gesetze-im-internet.de/dtd/1.01/gii-norm.dtd">
<dokumente builddate="20120625153414" doknr="BJNR027600003"><norm builddate="20120625153414" doknr="BJNR027600003"><metadaten><jurabk>PfändfreiGrBek 2003</jurabk><ausfertigung-datum manuell="ja">2003-02-25</ausfertigung-datum><fundstelle typ="amtlich"><periodikum>BGBl I</periodikum><zitstelle>2003, 276</zitstelle></fundstelle><kurzue>Pfändungsfreigrenzenbekanntmachung 2003</kurzue><langue>Bekanntmachung zu § 850c der Zivilprozessordnung</langue></metadaten><textdaten><text format="XML"><Content><P/></Content></text><fussnoten><Content><P><BR/> <pre xml:space="preserve">(+++ Textnachweis ab: 27. 2.2003 +++)<BR/><BR/></pre></P></Content></fussnoten></textdaten></norm>
<norm builddate="20120625153414" doknr="BJNR027600003BJNE000100311"><metadaten><jurabk>PfändfreiGrBek 2003</jurabk><enbez>(XXXX)</enbez></metadaten><textdaten><text format="XML"><Content><P>Auf Grund des § 850c Abs. 2a Satz 2 der Zivilprozessordnung, der durch Artikel 1 Nr. 4 Buchstabe c des Gesetzes vom 13. Dezember 2001 (BGBl. I S. 3638) eingefügt worden ist, wird bekannt gemacht: <BR/>Die unpfändbaren Beträge nach § 850c Abs. 1 und 2 Satz 2 der Zivilprozessordnung bleiben für den Zeitraum vom 1. Juli 2003 bis zum 30. Juni 2005 unverändert.</P><P>Die Bundesministerin der Justiz</P></Content></text></textdaten></norm>
</dokumente>