<?xml version="1.0" encoding="UTF-8" ?><!DOCTYPE dokumente SYSTEM "http://www.gesetze-im-internet.de/dtd/1.01/gii-norm.dtd">
<dokumente builddate="20211012213012" doknr="BJNR185500016"><norm builddate="20211012213012" doknr="BJNR185500016"><metadaten><jurabk>MautVvfV</jurabk><amtabk>MautVvfV</amtabk><ausfertigung-datum manuell="ja">2016-07-21</ausfertigung-datum><fundstelle typ="amtlich"><periodikum>BGBl I</periodikum><zitstelle>2016, 1850, 1855</zitstelle></fundstelle><kurzue>Mautdienst-Vermittlungsverfahrens-Verordnung</kurzue><langue>Verordnung zur Regelung des Vermittlungsverfahrens nach dem Mautsystemgesetz</langue><standangabe checked="ja"><standtyp>Stand</standtyp><standkommentar>Geändert durch Art. 3 V v. 28.9.2021 I 4619</standkommentar></standangabe></metadaten><textdaten><fussnoten><Content><P><BR/> <pre xml:space="preserve">(+++ Textnachweis ab: 30.7.2016 +++)<BR/><BR/></pre>Die V wurde als Artikel 3 der V v. 21.7.2016 I 1850 vom Bundesministerium für Verkehr und digitale Infrastruktur mit Zustimmung des Bundesrates verordnet. Sie ist gem. Art. 4 dieser V am 30.7.2016 in Kraft getreten.</P></Content></fussnoten></textdaten></norm>
<norm builddate="20211012213012" doknr="BJNR185500016BJNG000100000"><metadaten><jurabk>MautVvfV</jurabk><gliederungseinheit><gliederungskennzahl>010</gliederungskennzahl><gliederungsbez>Abschnitt 1</gliederungsbez><gliederungstitel>Allgemeiner Teil</gliederungstitel></gliederungseinheit></metadaten><textdaten/></norm>
<norm builddate="20211012213012" doknr="BJNR185500016BJNE000100000"><metadaten><jurabk>MautVvfV</jurabk><enbez>§ 1</enbez><titel format="XML">Anwendungsbereich</titel></metadaten><textdaten><text format="XML"><Content><P>Diese Verordnung regelt das Verfahren zur Vermittlung bei Streitigkeiten zwischen den für die Erhebung einer Maut in Bund und Ländern zuständigen Behörden und registrierten Anbietern mautdienstbezogener Leistungen nach den §§ 28 bis 30 des Mautsystemgesetzes.</P></Content></text></textdaten></norm>
<norm builddate="20211012213012" doknr="BJNR185500016BJNE000200000"><metadaten><jurabk>MautVvfV</jurabk><enbez>§ 2</enbez><titel format="XML">Parteien</titel></metadaten><textdaten><text format="XML"><Content><P>Parteien des Vermittlungsverfahrens können nur ein registrierter Anbieter mautdienstbezogener Leistungen und eine für die Erhebung einer Maut in Bund und Ländern jeweils zuständige Behörde sein.</P></Content></text></textdaten></norm>
<norm builddate="20211012213012" doknr="BJNR185500016BJNE000301123"><metadaten><jurabk>MautVvfV</jurabk><enbez>§ 3</enbez><titel format="XML">Vermittlungsgegenstand</titel></metadaten><textdaten><text format="XML"><Content><P>(1) Die Vermittlungsstelle wird bei Streitigkeiten zwischen den Parteien im Zusammenhang mit der Zulassung nach § 10 des Mautsystemgesetzes und der beschränkten Zulassung nach § 11 des Mautsystemgesetzes auf Antrag tätig.</P><P>(2) Gegenstand der Vermittlung ist insbesondere die Prüfung, ob Vertragsbedingungen, welche eine für die Erhebung einer Maut in Bund und Ländern zuständige Behörde den Anbietern auferlegt, keine Diskriminierung beinhalten, und ob die Vergütung der Anbieter die Voraussetzungen von § 10a des Mautsystemgesetzes erfüllt.</P></Content></text><fussnoten/></textdaten></norm>
<norm builddate="20211012213012" doknr="BJNR185500016BJNG000200000"><metadaten><jurabk>MautVvfV</jurabk><gliederungseinheit><gliederungskennzahl>020</gliederungskennzahl><gliederungsbez>Abschnitt 2</gliederungsbez><gliederungstitel>Organisation der Vermittlungsstelle</gliederungstitel></gliederungseinheit></metadaten><textdaten/></norm>
<norm builddate="20211012213012" doknr="BJNR185500016BJNE000401123"><metadaten><jurabk>MautVvfV</jurabk><enbez>§ 4</enbez><titel format="XML">Vertretung des Vorsitzenden</titel></metadaten><textdaten><text format="XML"><Content><P>(1) Ist der Vorsitzende eines Spruchkörpers vorübergehend an der Ausübung des Vorsitzes gehindert, übt ein von der Behörde oder dem Privaten, dem die Errichtung und der Betrieb der Vermittlungsstelle übertragen wurde, mit Zustimmung des Bundesministeriums für Verkehr und digitale Infrastruktur zuvor bestellter Vertreter den Vorsitz aus.</P><P>(2) Ist der Vorsitzende dauerhaft an der Ausübung des Vorsitzes gehindert, bestimmt die Behörde oder der Private, dem die Errichtung und der Betrieb der Vermittlungsstelle übertragen wurde, mit Zustimmung des Bundesministeriums für Verkehr und digitale Infrastruktur einen neuen Vorsitzenden.</P></Content></text><fussnoten/></textdaten></norm>
<norm builddate="20211012213012" doknr="BJNR185500016BJNE000500000"><metadaten><jurabk>MautVvfV</jurabk><enbez>§ 5</enbez><titel format="XML">Beisitzer</titel></metadaten><textdaten><text format="XML"><Content><P>Nach Einleitung des Verfahrens fordert die Vermittlungsstelle die Parteien auf, jeweils einen Beisitzer zu benennen und benachrichtigt die jeweils andere Partei über den benannten Beisitzer.</P></Content></text></textdaten></norm>
<norm builddate="20211012213012" doknr="BJNR185500016BJNG000300000"><metadaten><jurabk>MautVvfV</jurabk><gliederungseinheit><gliederungskennzahl>030</gliederungskennzahl><gliederungsbez>Abschnitt 3</gliederungsbez><gliederungstitel>Vermittlungsverfahren</gliederungstitel></gliederungseinheit></metadaten><textdaten/></norm>
<norm builddate="20211012213012" doknr="BJNR185500016BJNE000600000"><metadaten><jurabk>MautVvfV</jurabk><enbez>§ 6</enbez><titel format="XML">Verfahrensgrundsätze</titel></metadaten><textdaten><text format="XML"><Content><P>(1) Das Vermittlungsverfahren wird in der Regel schriftlich durchgeführt.</P><P>(2) Die Vermittlungsstelle leitet alle Schriftsätze, Schriftstücke und sonstige Mitteilungen, die ihr im Rahmen der Einleitung und der Durchführung des Verfahrens von einer Partei vorgelegt werden, der jeweils anderen Partei zu. Die Parteien sind verpflichtet, Schriftsätze, Schriftstücke und sonstige Mitteilungen, die nicht elektronisch übermittelt werden, bei der Vermittlungsstelle in doppelter Ausfertigung in Papierform einzureichen.</P><P>(3) Die Vermittlungsstelle ist nach vorheriger Zustimmung der Parteien berechtigt, alle Schriftsätze, Schriftstücke und sonstige Mitteilungen des Vermittlungsverfahrens, einschließlich der Stellungnahme nach § 14 Absatz 1, elektronisch zu übermitteln sowie ihr im Rahmen des Vermittlungsverfahrens von einer Partei elektronisch übersandte Dokumente an die andere Partei elektronisch weiterzuleiten.</P><P>(4) Der Antragsteller kann seinen Antrag bis zum Abschluss des Verfahrens ohne Angabe von Gründen zurücknehmen.</P><P>(5) Auf Antrag einer Partei kann das Verfahren für bestimmte Zeit ausgesetzt werden. Die Aussetzung soll nicht länger als einen Monat andauern.</P><P>(6) Das Verfahren wird in deutscher Sprache geführt.</P><P>(7) Bei Zweifeln über die Anwendung und Auslegung dieser Verfahrensordnung entscheidet der Vorsitzende unter Berücksichtigung der Grundsätze der Zivilprozessordnung. Die Entscheidung ist zu begründen, wenn eine Partei dies beantragt.</P></Content></text></textdaten></norm>
<norm builddate="20211012213012" doknr="BJNR185500016BJNE000700000"><metadaten><jurabk>MautVvfV</jurabk><enbez>§ 7</enbez><titel format="XML">Antragstellung</titel></metadaten><textdaten><text format="XML"><Content><P>(1) Das Verfahren wird durch schriftlichen Antrag mindestens einer Partei bei der Vermittlungsstelle eingeleitet.</P><P>(2) Der Antrag nach Absatz 1 muss <DL Type="arabic"><DT>1.</DT><DD Font="normal"><LA>den Vermittlungsgegenstand und die Parteien genau bezeichnen und</LA></DD><DT>2.</DT><DD Font="normal"><LA>eine Sachverhaltsdarstellung enthalten.</LA></DD></DL></P><P>(3) Entspricht der Antrag nicht den Anforderungen des Absatzes 2, fordert die Vermittlungsstelle den Antragsteller schriftlich auf, innerhalb einer angemessenen Frist nach Zugang des Schreibens, die drei Wochen nicht überschreiten soll, den Antrag zu ergänzen. Die Frist kann auf Antrag verlängert werden.</P><P>(4) Erfolgt die Antragsergänzung nicht oder nicht fristgemäß, gilt der Antrag als zurückgenommen. Ein Vermittlungsverfahren wird in diesem Fall nicht durchgeführt.</P></Content></text></textdaten></norm>
<norm builddate="20211012213012" doknr="BJNR185500016BJNE000800000"><metadaten><jurabk>MautVvfV</jurabk><enbez>§ 8</enbez><titel format="XML">Ablehnung eines Antrags</titel></metadaten><textdaten><text format="XML"><Content><P>(1) Die Vermittlungsstelle lehnt einen Antrag auf Durchführung eines Vermittlungsverfahrens ab, wenn <DL Type="arabic"><DT>1.</DT><DD Font="normal"><LA>der Vermittlungsgegenstand gerichtlich anhängig ist oder in der Vergangenheit anhängig war,</LA></DD><DT>2.</DT><DD Font="normal"><LA>die Streitigkeit durch außergerichtlichen Vergleich beigelegt wurde,</LA></DD><DT>3.</DT><DD Font="normal"><LA>die streitgegenständliche Forderung von der anderen Partei bereits anerkannt wurde,</LA></DD><DT>4.</DT><DD Font="normal"><LA>der Antragsteller rechtswirksam auf die streitgegenständliche Forderung verzichtet hat,</LA></DD><DT>5.</DT><DD Font="normal"><LA>der Vermittlungsgegenstand bereits Gegenstand eines Vermittlungsverfahrens zwischen den Parteien ist oder war oder</LA></DD><DT>6.</DT><DD Font="normal"><LA>das Vermittlungsverfahren zur Beilegung des Streits mit dem Antragsgegner ungeeignet ist, insbesondere der Vermittlungsgegenstand eine kostengünstige und schnelle Einigung nicht erwarten lässt.</LA></DD></DL></P><P>(2) Die Ablehnung des Antrags auf Durchführung eines Vermittlungsverfahrens ist dem Antragsteller schriftlich und unter Angabe der Gründe mitzuteilen.</P></Content></text></textdaten></norm>
<norm builddate="20211012213012" doknr="BJNR185500016BJNE000900000"><metadaten><jurabk>MautVvfV</jurabk><enbez>§ 9</enbez><titel format="XML">Antragserwiderung</titel></metadaten><textdaten><text format="XML"><Content><P>(1) Die Vermittlungsstelle übermittelt dem Antragsgegner außer in den Fällen des § 8 den vollständigen Antrag und fordert ihn auf, innerhalb von vier Wochen nach Zugang des Schreibens hierauf schriftlich zu erwidern. Die Frist kann auf Antrag verlängert werden.</P><P>(2) Erfolgt die Antragserwiderung nicht innerhalb der in Absatz 1 bezeichneten Frist, gilt die Zustimmung zur Vermittlung als verweigert. Ein Vermittlungsverfahren wird in diesem Fall nicht durchgeführt.</P></Content></text></textdaten></norm>
<norm builddate="20211012213012" doknr="BJNR185500016BJNE001000000"><metadaten><jurabk>MautVvfV</jurabk><enbez>§ 10</enbez><titel format="XML">Durchführung des Vermittlungsverfahrens</titel></metadaten><textdaten><text format="XML"><Content><P>(1) Das Vermittlungsverfahren wird mit Zugang der Zustimmung des Antragsgegners zur Durchführung des Vermittlungsverfahrens bei der Vermittlungsstelle eröffnet, es sei denn, der Antragsteller hat seinen Antrag zuvor zurückgenommen.</P><P>(2) Die Erwiderung des Antragsgegners soll eine alle Tatsachen und Dokumente umfassende Darstellung seiner Haltung hinsichtlich des Vermittlungsgegenstandes enthalten.</P><P>(3) Die Vermittlungsstelle gibt dem Antragsteller binnen einer angemessenen Frist, die drei Wochen nicht überschreiten soll, Gelegenheit zur Stellungnahme auf die Erwiderung des Antragsgegners. Ebenso gibt sie dem Antragsgegner innerhalb einer angemessenen Frist, die drei Wochen nicht überschreiten soll, die Möglichkeit zur Erwiderung auf die Stellungnahme des Antragstellers nach Satz 1. Die Fristen der Sätze 1 und 2 können auf Antrag verlängert werden. In geeigneten Fällen kann die Vermittlungsstelle von der Aufforderung zur Stellungnahme absehen und ihre Stellungnahme nach § 14 Absatz 1 aufgrund der Aktenlage abgeben.</P><P>(4) Wenn die Vermittlungsstelle eine weitere Aufklärung des Sach- und Streitstandes für geboten hält, kann sie insbesondere von den Parteien unter Setzung angemessener Fristen ergänzende Auskünfte einholen. Eine Beweisaufnahme führt sie nicht durch.</P><P>(5) Erfolgen die Stellungnahme oder die Erwiderung nach Absatz 1 oder die Auskünfte nach Absatz 2 nicht innerhalb der dort bezeichneten Fristen, gibt die Vermittlungsstelle ihre Stellungnahme nach § 14 Absatz 1 aufgrund der Aktenlage ab. Anstelle der Stellungnahme nach Satz 1 kann die Vermittlungsstelle feststellen, dass das Verfahren nach § 16 Nummer 2 bis 4 beendet ist.</P></Content></text></textdaten></norm>
<norm builddate="20211012213012" doknr="BJNR185500016BJNE001100000"><metadaten><jurabk>MautVvfV</jurabk><enbez>§ 11</enbez><titel format="XML">Erörterungstermine</titel></metadaten><textdaten><text format="XML"><Content><P>(1) Beschließt die Vermittlungsstelle die Durchführung eines Erörterungstermins, setzt sie die Parteien hierüber sowie über Zeit und Ort des Erörterungstermins mindestens zwei Wochen vor dem Termin schriftlich in Kenntnis. Der Erörterungstermin unterbleibt, wenn eine der Parteien seiner Durchführung mindestens eine Woche vor dem Termin gegenüber der Vermittlungsstelle schriftlich widerspricht.</P><P>(2) Die Erörterungstermine sind nicht öffentlich. Sie werden in den Räumen der Vermittlungsstelle durchgeführt, sofern der Vorsitzende mit Zustimmung der Parteien nicht einen anderen Ort bestimmt.</P><P>(3) Der Vorsitzende leitet den Erörterungstermin nach freiem Ermessen. Es soll ein Vermittlungsgespräch durchgeführt werden. Eine Beweisaufnahme findet nicht statt.</P><P>(4) Jede der Parteien kann unter Angabe von Gründen eine Vertagung des Termins beantragen. Gibt die Vermittlungsstelle dem Antrag statt, setzt sie beide Parteien hiervon in Kenntnis und bestimmt einen neuen Termin.</P><P>(5) Die Parteien sind verpflichtet, zu dem Erörterungstermin zu erscheinen. Sie können an ihrer Stelle einen Vertreter entsenden. Erscheint eine Partei oder erscheinen beide Parteien nicht zu dem Erörterungstermin, gilt dies im Fall des Antragstellers als Antragsrücknahme und im Fall des Antragsgegners als Rücknahme der Zustimmung.</P></Content></text></textdaten></norm>
<norm builddate="20211012213012" doknr="BJNR185500016BJNE001200000"><metadaten><jurabk>MautVvfV</jurabk><enbez>§ 12</enbez><titel format="XML">Pflichten der Parteien</titel></metadaten><textdaten><text format="XML"><Content><P>Die Parteien zeigen der Vermittlungsstelle unverzüglich den Beginn gerichtlicher Verfahren zur Sache und wesentliche Veränderungen im laufenden Vermittlungsverfahren an.</P></Content></text></textdaten></norm>
<norm builddate="20211012213012" doknr="BJNR185500016BJNE001300000"><metadaten><jurabk>MautVvfV</jurabk><enbez>§ 13</enbez><titel format="XML">Form und Fristen</titel></metadaten><textdaten><text format="XML"><Content><P>(1) Einlassungen der Parteien bedürfen der Schriftform. Schriftform im Sinne dieser Verordnung ist auch durch die Verwendung elektronischer Post gewahrt.</P><P>(2) Die Vermittlungsstelle kann im Rahmen des Verfahrens Fristen setzen.</P></Content></text></textdaten></norm>
<norm builddate="20211012213012" doknr="BJNR185500016BJNE001400000"><metadaten><jurabk>MautVvfV</jurabk><enbez>§ 14</enbez><titel format="XML">Stellungnahme</titel></metadaten><textdaten><text format="XML"><Content><P>(1) Der Spruchkörper nimmt spätestens sechs Monate nach Eingang eines Antrags auf Vermittlung zu der Streitigkeit schriftlich Stellung. Die Stellungnahme ist kurz und verständlich zu begründen. Hierin ist aufzuzeigen, wie der Streit der Parteien aufgrund der Rechtslage unter Berücksichtigung von Treu und Glauben angemessen beigelegt werden kann.</P><P>(2) Die Stellungnahme des Spruchkörpers ist nicht verbindlich.</P></Content></text></textdaten></norm>
<norm builddate="20211012213012" doknr="BJNR185500016BJNE001501123"><metadaten><jurabk>MautVvfV</jurabk><enbez>§ 15</enbez><titel format="XML">Vertraulichkeit</titel></metadaten><textdaten><text format="XML"><Content><P>(1) Die Mitglieder des Spruchkörpers, die Mitarbeiter der Geschäftsstelle, die Parteien und die zu den Verfahren hinzugezogenen Bevollmächtigten oder Dritten sind verpflichtet, die Vertraulichkeit der übermittelten Informationen zu wahren. Sie bewahren erhaltene Informationen für andere unzugänglich auf und löschen diese, sobald sie nicht mehr für das Vermittlungsverfahren benötigt werden. Dies gilt insbesondere für alle im Vermittlungsverfahren von einer Partei geäußerten Einigungsvorschläge und deren Ablehnung, Ansichten, Zugeständnisse, sowie für die von der Vermittlungsstelle geäußerten Vorschläge und Ansichten, sofern diese schriftlich niedergelegt worden sind. Die Vertraulichkeit erstreckt sich nicht auf Informationen, die allgemein oder der anderen Partei oder den anderen Beteiligten bekannt oder sonst zugänglich sind oder waren.</P><P>(2) Soweit eine Partei oder Person aufgrund besonderer Rechtsverhältnisse verpflichtet ist, Dritte über Angelegenheiten des Verfahrens zu informieren, hat die Partei oder Person dies unverzüglich der Vermittlungsstelle offen zu legen.</P><P>(3) Die Vermittlungsstelle tauscht mit den Vermittlungsstellen der anderen Mitgliedstaaten der Europäischen Union und der anderen Vertragsstaaten des Abkommens über den Europäischen Wirtschaftsraum Informationen über ihre Arbeit, Leitlinien und Verfahren in nicht personenbezogener Form aus.</P></Content></text><fussnoten/></textdaten></norm>
<norm builddate="20211012213012" doknr="BJNR185500016BJNE001600000"><metadaten><jurabk>MautVvfV</jurabk><enbez>§ 16</enbez><titel format="XML">Beendigung des Verfahrens</titel></metadaten><textdaten><text format="XML"><Content><P>Das Verfahren ist beendet, wenn <DL Type="arabic"><DT>1.</DT><DD Font="normal"><LA>der Spruchkörper zu dem Sachverhalt Stellung genommen hat,</LA></DD><DT>2.</DT><DD Font="normal"><LA>sich die Parteien geeinigt haben,</LA></DD><DT>3.</DT><DD Font="normal"><LA>der Antragsteller seinen Antrag auf Vermittlung zurückgenommen hat oder</LA></DD><DT>4.</DT><DD Font="normal"><LA>der Antragsgegner seine Zustimmung zur Durchführung des Vermittlungsverfahrens zurückgenommen hat.</LA></DD></DL></P></Content></text></textdaten></norm>
<norm builddate="20211012213012" doknr="BJNR185500016BJNE001700000"><metadaten><jurabk>MautVvfV</jurabk><enbez>§ 17</enbez><titel format="XML">Hinzuziehung Dritter</titel></metadaten><textdaten><text format="XML"><Content><P>Die Vermittlungsstelle kann mit Zustimmung beider Parteien Sachverständige hinzuziehen und Gutachten einholen.</P></Content></text></textdaten></norm>
<norm builddate="20211012213012" doknr="BJNR185500016BJNE001800000"><metadaten><jurabk>MautVvfV</jurabk><enbez>§ 18</enbez><titel format="XML">Wiederaufnahme des Verfahrens</titel></metadaten><textdaten><text format="XML"><Content><P>Eine Wiederaufnahme des Verfahrens ist ausgeschlossen.</P></Content></text></textdaten></norm>
<norm builddate="20211012213012" doknr="BJNR185500016BJNG000400000"><metadaten><jurabk>MautVvfV</jurabk><gliederungseinheit><gliederungskennzahl>040</gliederungskennzahl><gliederungsbez>Abschnitt 4</gliederungsbez><gliederungstitel>Schlussbestimmungen</gliederungstitel></gliederungseinheit></metadaten><textdaten/></norm>
<norm builddate="20211012213012" doknr="BJNR185500016BJNE001900000"><metadaten><jurabk>MautVvfV</jurabk><enbez>§ 19</enbez><titel format="XML">Kosten</titel></metadaten><textdaten><text format="XML"><Content><P>(1) Die Parteien tragen die ihnen entstehenden Kosten einschließlich der Kosten für eine anwaltliche Vertretung und Sachverständige sowie für den von ihnen benannten Beisitzer. Beauftragen die Parteien einvernehmlich einen Sachverständigen, tragen sie die daraus entstehenden Kosten zu gleichen Teilen.</P><P>(2) Die übrigen Kosten der Vermittlungsstelle trägt das Bundesministerium für Verkehr und digitale Infrastruktur.</P></Content></text></textdaten></norm>
<norm builddate="20211012213012" doknr="BJNR185500016BJNE002000000"><metadaten><jurabk>MautVvfV</jurabk><enbez>§ 20</enbez><titel format="XML">Rechtsweg</titel></metadaten><textdaten><text format="XML"><Content><P>Die Einleitung eines Vermittlungsverfahrens berührt nicht das Recht der Parteien, den Rechtsweg zu beschreiten.</P></Content></text></textdaten></norm>
</dokumente>