<?xml version="1.0" encoding="UTF-8" ?><!DOCTYPE dokumente SYSTEM "http://www.gesetze-im-internet.de/dtd/1.01/gii-norm.dtd">
<dokumente builddate="20120625153905" doknr="BJNR123100998"><norm builddate="20120625153905" doknr="BJNR123100998"><metadaten><jurabk>VerjHemV</jurabk><ausfertigung-datum manuell="ja">1998-06-02</ausfertigung-datum><fundstelle typ="amtlich"><periodikum>BGBl I</periodikum><zitstelle>1998, 1231</zitstelle></fundstelle><langue>Verordnung über die Verjährungshemmung
bei Abgeltungsdarlehen</langue></metadaten><textdaten><text format="XML"><Content><P/></Content></text><fussnoten><Content><P>(+++ Textnachweis ab: 13. 6.1998 +++)</P></Content></fussnoten></textdaten></norm>
<norm builddate="20120625153905" doknr="BJNR123100998BJNE000100305"><metadaten><jurabk>VerjHemV</jurabk><enbez>Eingangsformel</enbez></metadaten><textdaten><text format="XML"><Content><P>Auf Grund des § 36a Satz 3 des Gesetzes über Maßnahmen auf dem Gebiete des Grundbuchwesens in der im Bundesgesetzblatt Teil III, Gliederungsnummer 315-11-6, veröffentlichten bereinigten Fassung, zuletzt geändert durch Artikel 4 des Gesetzes vom 4. Juli 1995 (BGBl. I S. 895), verordnet das Bundesministerium der Justiz im Einvernehmen mit dem Bundesministerium der Finanzen:</P></Content></text></textdaten></norm>
<norm builddate="20120625153905" doknr="BJNR123100998BJNE000200305"><metadaten><jurabk>VerjHemV</jurabk><enbez>§ 1</enbez><titel format="parat">Beendigung der Verjährungshemmung bei
Abgeltungsdarlehen</titel></metadaten><textdaten><text format="XML"><Content><P>Die in § 36a Satz 2 des Gesetzes über Maßnahmen auf dem Gebiete des Grundbuchwesens bestimmte Hemmung der Verjährung noch nicht verjährter Forderungen aus Abgeltungsdarlehen endet mit dem Ablauf des 31. Dezember 1999.</P></Content></text></textdaten></norm>
<norm builddate="20120625153905" doknr="BJNR123100998BJNE000300305"><metadaten><jurabk>VerjHemV</jurabk><enbez>§ 2</enbez><titel format="parat">Inkrafttreten</titel></metadaten><textdaten><text format="XML"><Content><P>Diese Verordnung tritt am Tage nach der Verkündung in Kraft.</P></Content></text></textdaten></norm>
</dokumente>