<?xml version="1.0" encoding="UTF-8" ?><!DOCTYPE dokumente SYSTEM "http://www.gesetze-im-internet.de/dtd/1.01/gii-norm.dtd">
<dokumente builddate="20250801215504" doknr="BJNR427000013"><norm builddate="20250801215504" doknr="BJNR427000013"><metadaten><jurabk>InstitutsVergV 2014</jurabk><amtabk>InstitutsVergV</amtabk><ausfertigung-datum manuell="ja">2013-12-16</ausfertigung-datum><fundstelle typ="amtlich"><periodikum>BGBl I</periodikum><zitstelle>2013, 4270</zitstelle></fundstelle><kurzue>Institutsvergütungsverordnung</kurzue><langue>Verordnung über die aufsichtsrechtlichen Anforderungen an Vergütungssysteme von Instituten<FnR ID="F1_783652_BJNR427000013"/></langue><standangabe checked="ja"><standtyp>Stand</standtyp><standkommentar>Zuletzt geändert durch Art. 1 V v. 14.2.2023 I Nr. 41</standkommentar></standangabe><standangabe checked="ja"><standtyp>Sonst</standtyp><standkommentar>Ersetzt V 7610-2-38 v. 6.10.2010 I 1374</standkommentar></standangabe></metadaten><textdaten><text format="XML"><Footnotes><Footnote FnZ="1" Group="column" ID="F1_783652_BJNR427000013" Pos="exp"><noindex>Diese Verordnung dient der Umsetzung der Richtlinie 2013/36/EU des Europäischen Parlaments und des Rates vom 26. Juni 2013 über den Zugang zur Tätigkeit von Kreditinstituten und die Beaufsichtigung von Kreditinstituten und Wertpapierfirmen, zur Änderung der Richtlinie 2002/87/EG und zur Aufhebung der Richtlinien 2006/48/EG und 2006/49/EG (ABl. L 176 vom 27.6.2013, S. 338) sowie der Anpassung des Aufsichtsrechts an die Verordnung (EU) Nr. 575/2013 des Europäischen Parlaments und des Rates vom 26. Juni 2013 über die Aufsichtsanforderungen an Kreditinstitute und Wertpapierfirmen und zur Änderung der Verordnung (EU) Nr. 646/2012 (ABl. L 176 vom 27.6.2013, S. 1).</noindex></Footnote></Footnotes></text><fussnoten><Content><P><BR/> <pre xml:space="preserve">(+++ Textnachweis ab: 1.1.2014 +++)<BR/>(+++ Amtlicher Hinweis des Normgebers auf EG-Recht:<BR/>     Umsetzung der<BR/>       EURL 36/2013            (CELEX Nr: 32013L0036)<BR/>     Anpassung der<BR/>       EUV 575/2013            (CELEX Nr: 32013R0575) +++)<BR/><BR/></pre></P></Content></fussnoten></textdaten></norm>
<norm builddate="20250801215504" doknr="BJNR427000013BJNE000100000"><metadaten><jurabk>InstitutsVergV 2014</jurabk><enbez>Eingangsformel</enbez></metadaten><textdaten><text format="XML"><Content><P>Auf Grund des § 25a Absatz 6 des Kreditwesengesetzes, der durch Artikel 1 Nummer 48 des Gesetzes vom 28. August 2013 (BGBl. I S. 3395) in das Kreditwesengesetz eingefügt worden ist, verordnet das Bundesministerium der Finanzen im Benehmen mit der Deutschen Bundesbank und nach Anhörung der Spitzenverbände der Institute:</P></Content></text></textdaten></norm>
<norm builddate="20250801215504" doknr="BJNR427000013BJNE000203128"><metadaten><jurabk>InstitutsVergV 2014</jurabk><enbez>Inhaltsübersicht</enbez></metadaten><textdaten><text format="XML"><TOC><Ident Class="S0">Abschnitt 1</Ident><Title Align="auto" Class="S0">Allgemeines</Title><table colsep="0" frame="none" pgwide="1" rowsep="0" tocentry="%yes;"><tgroup align="left" char="" charoff="50" cols="2"><colspec colname="col1" colwidth="3*"/><colspec colname="col2" colwidth="30*"/><tbody valign="top"><row><entry VJ="1" colname="col1">§  1</entry><entry VJ="1" colname="col2">Anwendungsbereich</entry></row><row><entry VJ="1" colname="col1">§  2</entry><entry VJ="1" colname="col2">Begriffsbestimmungen</entry></row></tbody></tgroup></table><Ident Class="S0">Abschnitt 2</Ident><Title Align="auto" Class="S0">Allgemeine Anforderungen an Vergütungssysteme</Title><table colsep="0" frame="none" pgwide="1" rowsep="0" tocentry="%yes;"><tgroup align="left" char="" charoff="50" cols="2"><colspec colname="col1" colwidth="3*"/><colspec colname="col2" colwidth="30*"/><tbody valign="top"><row><entry VJ="1" colname="col1">§  3</entry><entry VJ="1" colname="col2">Verantwortlichkeiten; Beteiligung der Kontrolleinheiten</entry></row><row><entry VJ="1" colname="col1">§  4</entry><entry VJ="1" colname="col2">Ausrichtung an der Strategie des Instituts</entry></row><row><entry VJ="1" colname="col1">§  5</entry><entry VJ="1" colname="col2">Angemessenheit der Vergütung und der Vergütungssysteme</entry></row><row><entry VJ="1" colname="col1">§  6</entry><entry VJ="1" colname="col2">Verhältnis von variabler zu fixer Vergütung; Billigung einer höheren Obergrenze gemäß § 25a Absatz 5 Satz 5 des Kreditwesengesetzes</entry></row><row><entry VJ="1" colname="col1">§  7</entry><entry VJ="1" colname="col2">Voraussetzungen für die Festsetzung des Gesamtbetrags der variablen Vergütung und die Erdienung zurückbehaltener Vergütungsbestandteile</entry></row><row><entry VJ="1" colname="col1">§  8</entry><entry VJ="1" colname="col2">Verbot der Einschränkung oder Aufhebung der Risikoadjustierung</entry></row><row><entry VJ="1" colname="col1">§  9</entry><entry VJ="1" colname="col2">Zusätzliche Anforderungen an die Vergütung der Mitarbeiter und Mitarbeiterinnen der Kontrolleinheiten</entry></row><row><entry VJ="1" colname="col1">§ 10</entry><entry VJ="1" colname="col2">Zusätzliche Anforderungen an die Vergütung von Geschäftsleitern und Geschäftsleiterinnen</entry></row><row><entry VJ="1" colname="col1">§ 11</entry><entry VJ="1" colname="col2">Grundsätze zu den Vergütungssystemen in den Organisationsrichtlinien; Dokumentationspflichten</entry></row><row><entry VJ="1" colname="col1">§ 12</entry><entry VJ="1" colname="col2">Überprüfung und Anpassung der Vergütungssysteme</entry></row><row><entry VJ="1" colname="col1">§ 13</entry><entry VJ="1" colname="col2">Information über die Vergütungssysteme</entry></row><row><entry VJ="1" colname="col1">§ 14</entry><entry VJ="1" colname="col2">Anpassung bestehender Vereinbarungen</entry></row><row><entry VJ="1" colname="col1">§ 15</entry><entry VJ="1" colname="col2">Aufgaben des Vergütungskontrollausschusses</entry></row><row><entry VJ="1" colname="col1">§ 16</entry><entry VJ="1" colname="col2">Offenlegung</entry></row></tbody></tgroup></table><Ident Class="S0">Abschnitt 3</Ident><Title Align="auto" Class="S0">Besondere Anforderungen an bedeutende Institute</Title><table colsep="0" frame="none" pgwide="1" rowsep="0" tocentry="%yes;"><tgroup align="left" char="" charoff="50" cols="2"><colspec colname="col1" colwidth="3*"/><colspec colname="col2" colwidth="30*"/><tbody valign="top"><row><entry VJ="1" colname="col1">§ 17</entry><entry VJ="1" colname="col2">(weggefallen)</entry></row><row><entry VJ="1" colname="col1">§ 18</entry><entry VJ="1" colname="col2">Anforderungen an Vergütungssysteme von Risikoträgern und Risikoträgerinnen in bedeutenden Instituten; Risikoausrichtung der Vergütungssysteme</entry></row><row><entry VJ="1" colname="col1">§ 19</entry><entry VJ="1" colname="col2">Ermittlung der variablen Vergütung (Ex-ante-Risikoadjustierung)</entry></row><row><entry VJ="1" colname="col1">§ 20</entry><entry VJ="1" colname="col2">Zurückbehaltung, Anspruchs- und Auszahlungsvoraussetzungen, Rückforderung (Ex-post-Risikoadjustierung)</entry></row><row><entry VJ="1" colname="col1">§ 21</entry><entry VJ="1" colname="col2">Vergütungen im Zusammenhang mit Ausgleichszahlungen</entry></row><row><entry VJ="1" colname="col1">§ 22</entry><entry VJ="1" colname="col2">Zusätzliche Leistungen zur Altersversorgung</entry></row><row><entry VJ="1" colname="col1">§ 23</entry><entry VJ="1" colname="col2">Vergütungsbeauftragte in bedeutenden Instituten</entry></row><row><entry VJ="1" colname="col1">§ 24</entry><entry VJ="1" colname="col2">Aufgaben der Vergütungsbeauftragten</entry></row><row><entry VJ="1" colname="col1">§ 25</entry><entry VJ="1" colname="col2">Personal- und Sachausstattung des Vergütungsbeauftragten</entry></row><row><entry VJ="1" colname="col1">§ 26</entry><entry VJ="1" colname="col2">Vergütungsbeauftragte in den Organisationsrichtlinien</entry></row></tbody></tgroup></table><Ident Class="S0">Abschnitt 4</Ident><Title Align="auto" Class="S0">Ergänzende Vorschriften für Gruppen</Title><table colsep="0" frame="none" pgwide="1" rowsep="0" tocentry="%yes;"><tgroup align="left" char="" charoff="50" cols="2"><colspec colname="col1" colwidth="3*"/><colspec colname="col2" colwidth="30*"/><tbody valign="top"><row><entry VJ="1" colname="col1">§ 27</entry><entry VJ="1" colname="col2">Gruppenweite Regelung der Vergütung</entry></row></tbody></tgroup></table><Ident Class="S0">Abschnitt 5</Ident><Title Align="auto" Class="S0">Schlussvorschriften</Title><table colsep="0" frame="none" pgwide="1" rowsep="0" tocentry="%yes;"><tgroup align="left" char="" charoff="50" cols="2"><colspec colname="col1" colwidth="3*"/><colspec colname="col2" colwidth="30*"/><tbody valign="top"><row><entry VJ="1" colname="col1">§ 28</entry><entry VJ="1" colname="col2">(weggefallen)</entry></row><row><entry VJ="1" colname="col1">§ 29</entry><entry VJ="1" colname="col2">Inkrafttreten, Außerkrafttreten</entry></row></tbody></tgroup></table></TOC></text><fussnoten/></textdaten></norm>
<norm builddate="20250801215504" doknr="BJNR427000013BJNG000100000"><metadaten><jurabk>InstitutsVergV 2014</jurabk><gliederungseinheit><gliederungskennzahl>010</gliederungskennzahl><gliederungsbez>Abschnitt 1</gliederungsbez><gliederungstitel>Allgemeines</gliederungstitel></gliederungseinheit></metadaten><textdaten/></norm>
<norm builddate="20250801215504" doknr="BJNR427000013BJNE000304130"><metadaten><jurabk>InstitutsVergV 2014</jurabk><enbez>§ 1</enbez><titel format="XML">Anwendungsbereich</titel></metadaten><textdaten><text format="XML"><Content><P>(1) Diese Verordnung gilt vorbehaltlich des Absatzes 3 für alle Institute gemäß § 1 Absatz 1b und § 53 Absatz 1 des Kreditwesengesetzes, auf die § 25a des Kreditwesengesetzes anzuwenden ist, und für die Vergütung sämtlicher Mitarbeiter und Mitarbeiterinnen dieser Institute gemäß § 2 Absatz 7. Auf Zweigniederlassungen von Unternehmen mit Sitz in einem anderen Staat des Europäischen Wirtschaftsraums gemäß § 53b Absatz 1 und 7 des Kreditwesengesetzes und auf Unternehmen, die ausschließlich Finanzdienstleistungen gemäß § 1 Absatz 1a Satz 2 Nummer 9 oder Nummer 10 des Kreditwesengesetzes erbringen, ist sie nicht anzuwenden.</P><P>(2) § 5 Absatz 6 und § 16 sind nicht anzuwenden auf Institute, die weder ein CRR-Kreditinstitut gemäß § 1 Absatz 3d Satz 1 des Kreditwesengesetzes noch bedeutend gemäß § 1 Absatz 3c des Kreditwesengesetzes sind.</P><P>(3) Abschnitt 3 gilt nur für bedeutende Institute gemäß § 1 Absatz 3c des Kreditwesengesetzes. Die §§ 18, 19 Absatz 1 Satz 1 und 2, Absatz 2 und 3, § 20 Absatz 1 und 3 bis 6 sowie die §§ 21 und 22 gelten auch für CRR-Kreditinstitute, die nicht bedeutend gemäß § 1 Absatz 3c des Kreditwesengesetzes sind, wenn <DL Type="arabic"><DT>1.</DT><DD Font="normal"><LA>sie übergeordnete Unternehmen sind, deren Bilanzsumme auf konsolidierter oder teilkonsolidierter Basis gemäß Artikel 18 der Verordnung (EU) Nr. 575/2013 des Europäischen Parlaments und des Rates vom 26. Juni 2013 über Aufsichtsanforderungen an Kreditinstitute und zur Änderung der Verordnung (EU) Nr. 648/2012 (ABl. L 176 vom 27.6.2013, S. 1; L 208 vom 2.8.2013, S. 68; L 321 vom 30.11.2013, S. 6; L 193 vom 21.7.2015, S. 166; L 20 vom 25.1.2017, S. 3; L 13 vom 17.1.2020, S. 58; L 335 vom 13.10.2020, S. 20; L 405 vom 2.12.2020, S. 79), die zuletzt durch die Verordnung (EU) 2020/873 (ABl. L 204 vom 26.6.2020, S. 4) geändert worden ist, 30 Milliarden Euro erreicht oder überschreitet, oder</LA></DD><DT>2.</DT><DD Font="normal"><LA>ihre Bilanzsumme im Durchschnitt zu den jeweiligen Stichtagen der letzten vier abgeschlossenen Geschäftsjahre 5 Milliarden Euro überschritten hat und die Institute mindestens eine der folgenden weiteren Voraussetzungen erfüllen: <DL Type="alpha"><DT>a)</DT><DD Font="normal"><LA>sie fallen weder unter die Befreiung des § 20 Absatz 1 des Sanierungs- und Abwicklungsgesetzes, noch unterliegen sie den vereinfachten Anforderungen der §§ 19 und 41 des Sanierungs- und Abwicklungsgesetzes;</LA></DD><DT>b)</DT><DD Font="normal"><LA>ihre Handelsbuchtätigkeiten zum Abschluss des letzten Geschäftsjahres gehen über einen geringen Umfang im Sinne des Artikels 94 Absatz 1 der Verordnung (EU) Nr. 575/2013 hinaus oder</LA></DD><DT>c)</DT><DD Font="normal"><LA>ihr Gesamtwert an Derivatepositionen, die mit Handelsabsicht gehalten werden, übersteigt zum Abschluss des letzten Geschäftsjahres 2 Prozent der gesamten bilanziellen und außerbilanziellen Vermögenswerte und ihr Gesamtwert an allen Derivatepositionen übersteigt 5 Prozent, wobei beide Werte gemäß Artikel 273a Absatz 3 der Verordnung (EU) Nr. 575/2013 berechnet werden.</LA></DD></DL></LA></DD></DL></P><P>(4) Diese Verordnung ist mit Ausnahme von § 16 Absatz 1 Satz 1 Nummer 1 und 3 nicht anzuwenden auf Vergütungen, die<DL Font="normal" Type="arabic"><DT>1.</DT><DD Font="normal"><LA Size="normal">durch Tarifvertrag vereinbart sind,</LA></DD><DT>2.</DT><DD Font="normal"><LA Size="normal">im Geltungsbereich eines Tarifvertrages durch Vereinbarung der Arbeitsvertragsparteien über die Anwendung der tarifvertraglichen Regelungen vereinbart sind oder</LA></DD><DT>3.</DT><DD Font="normal"><LA Size="normal">aufgrund eines Tarifvertrages in einer Betriebs- oder Dienstvereinbarung vereinbart sind.</LA></DD></DL></P></Content></text><fussnoten/></textdaten></norm>
<norm builddate="20250801215504" doknr="BJNR427000013BJNE000403128"><metadaten><jurabk>InstitutsVergV 2014</jurabk><enbez>§ 2</enbez><titel format="XML">Begriffsbestimmungen</titel></metadaten><textdaten><text format="XML"><Content><P>(1) Vergütung im Sinne dieser Verordnung sind <DL Font="normal" Type="arabic"><DT>1.</DT><DD Font="normal"><LA Size="normal">sämtliche finanziellen Leistungen, gleich welcher Art, einschließlich der Leistungen zur Altersversorgung,</LA></DD><DT>2.</DT><DD Font="normal"><LA Size="normal">sämtliche Sachbezüge, gleich welcher Art, einschließlich der Leistungen zur Altersversorgung, und</LA></DD><DT>3.</DT><DD Font="normal"><LA Size="normal">sämtliche Leistungen von Dritten,</LA></DD></DL>die ein Mitarbeiter oder eine Mitarbeiterin im Hinblick auf seine oder ihre berufliche Tätigkeit für das Institut erhält. Sachbezüge gemäß Satz 1 Nummer 2, die nach dem Einkommensteuergesetz nicht als Einkünfte aus nichtselbständiger Arbeit anzusehen sind oder gemäß § 8 Absatz 2 Satz 11 des Einkommensteuergesetzes außer Ansatz bleiben, müssen nicht berücksichtigt werden.</P><P>(2) Vergütungssysteme im Sinne dieser Verordnung sind die institutsinternen Regelungen zur Vergütung sowie deren tatsächliche Umsetzung und Anwendung durch das Institut.</P><P>(3) Variable Vergütung im Sinne dieser Verordnung ist der Teil der Vergütung, der nicht fix gemäß Absatz 6 ist. Ist eine eindeutige Zuordnung eines Vergütungsbestandteils zur fixen Vergütung gemäß Absatz 6 nicht möglich, gilt dieser Bestandteil als variable Vergütung.</P><P>(4) Zusätzliche Leistungen zur Altersversorgung im Sinne dieser Verordnung sind die Teile der variablen Vergütung, deren Gewährung einem Mitarbeiter oder einer Mitarbeiterin vom Institut nach dessen Ermessen als Altersversorgung zugesagt werden.</P><P>(5) Abfindungen sind Vergütungen, die ein Mitarbeiter oder eine Mitarbeiterin im Zusammenhang mit der vorzeitigen Beendigung des Arbeits-, Geschäftsbesorgungs- oder Dienstverhältnisses erhält.</P><P>(6) Fixe Vergütung im Sinne dieser Verordnung ist der Teil der Vergütung, <DL Font="normal" Type="arabic"><DT>1.</DT><DD Font="normal"><LA Size="normal">dessen Gewährung und Höhe keinem Ermessen unterliegt,</LA></DD><DT>2.</DT><DD Font="normal"><LA Size="normal">dessen Gewährung und Höhe dem Mitarbeiter oder der Mitarbeiterin keine Anreize für eine Risikoübernahme bieten,</LA></DD><DT>3.</DT><DD Font="normal"><LA Size="normal">bei dem die Voraussetzungen für die Gewährung und Höhe vorher festgelegt wurden,</LA></DD><DT>4.</DT><DD Font="normal"><LA Size="normal">bei dem die Voraussetzungen für die Gewährung und Höhe transparent für den Mitarbeiter oder die Mitarbeiterin sind,</LA></DD><DT>5.</DT><DD Font="normal"><LA Size="normal">dessen Gewährung und Höhe dauerhaft sind,</LA></DD><DT>6.</DT><DD Font="normal"><LA Size="normal">der nicht einseitig vom Institut verringert, ausgesetzt oder aufgehoben werden kann und</LA></DD><DT>7.</DT><DD Font="normal"><LA Size="normal">der nicht leistungsabhängig oder sonst vom Eintritt zuvor vereinbarter Bedingungen abhängig ausgestaltet ist.</LA></DD></DL>Als fixe Vergütung gelten auch finanzielle Leistungen oder Sachbezüge, die auf einer zuvor festgelegten allgemeinen, ermessensunabhängigen und institutsweiten Regelung beruhen, die nicht leistungsabhängig sind, keine Anreize für eine Risikoübernahme bieten und entweder einen Großteil der Mitarbeiter und Mitarbeiterinnen oder Mitarbeiter und Mitarbeiterinnen, die vorab festgelegte Kriterien erfüllen, begünstigen, sowie Zahlungen in Erfüllung gesetzlicher Verpflichtungen. Abweichend von Satz 1 Nummer 5 gelten bei Erfüllung der zusätzlichen Voraussetzungen gemäß Satz 4 auch Zulagen als fixe Vergütung, die <DL Font="normal" Type="arabic"><DT>1.</DT><DD Font="normal"><LA Size="normal">an ins Ausland entsandte Mitarbeiter und Mitarbeiterinnen für die Dauer ihres Auslandsaufenthalts entweder im Hinblick auf die dortigen Lebenshaltungskosten sowie die dortige Steuerlast gezahlt werden oder um die vertraglich vereinbarte fixe Vergütung gemäß Satz 1 an das für eine vergleichbare Tätigkeit im jeweiligen Markt übliche Vergütungsniveau anzupassen (Auslandszulage) oder</LA></DD><DT>2.</DT><DD Font="normal"><LA Size="normal">an Mitarbeiter und Mitarbeiterinnen im Hinblick auf eine vorübergehend übernommene anspruchsvollere Aufgabe, Funktion oder organisatorische Verantwortung gezahlt werden (Funktionszulage).</LA></DD></DL>Die Zulagen gemäß Satz 3 müssen folgende zusätzliche Voraussetzungen erfüllen, um als fixe Vergütung zu gelten: <DL Font="normal" Type="arabic"><DT>1.</DT><DD Font="normal"><LA Size="normal">Die Zulage wird aufgrund einer einheitlichen institutsweiten Regelung in vergleichbaren Fällen ermessensunabhängig an alle betroffenen Mitarbeiter und Mitarbeiterinnen geleistet;</LA></DD><DT>2.</DT><DD Font="normal"><LA Size="normal">die Höhe der Zulage basiert auf vorbestimmten Kriterien und</LA></DD><DT>3.</DT><DD Font="normal"><LA Size="normal">der Anspruch auf die Leistung der Zulage steht unter der auflösenden Bedingung des Wegfalls des jeweiligen Grundes ihrer Gewährung.</LA></DD></DL></P><P>(7) Mitarbeiter und Mitarbeiterinnen im Sinne dieser Verordnung sind alle Arbeitnehmer des Instituts gemäß § 5 Absatz 1 des Arbeitsgerichtsgesetzes sowie alle natürlichen Personen, <DL Font="normal" Type="arabic"><DT>1.</DT><DD Font="normal"><LA Size="normal">deren sich das Institut beim Betreiben von Bankgeschäften oder bei der Erbringung von Finanzdienstleistungen bedient, insbesondere aufgrund eines Arbeits-, Geschäftsbesorgungs- oder Dienstverhältnisses, oder</LA></DD><DT>2.</DT><DD Font="normal"><LA Size="normal">die im Rahmen einer Auslagerungsvereinbarung mit einem gruppenangehörigen Auslagerungsunternehmen unmittelbar an Dienstleistungen für das Institut beteiligt sind, um Bankgeschäfte zu betreiben oder Finanzdienstleistungen zu erbringen.</LA></DD></DL>Als Mitarbeiter und Mitarbeiterinnen im Sinne dieser Verordnung gelten auch Geschäftsleiter und Geschäftsleiterinnen gemäß § 1 Absatz 2 des Kreditwesengesetzes. Nicht als Mitarbeiter und Mitarbeiterinnen im Sinne dieser Verordnung gelten Handelsvertreter und Handelsvertreterinnen gemäß § 84 Absatz 1 des Handelsgesetzbuchs.</P><P>(8) Risikoträger und Risikoträgerinnen im Sinne dieser Verordnung sind solche gemäß § 1 Absatz 21 sowie § 25a Absatz 5b Satz 1 und 2 des Kreditwesengesetzes. Gruppen-Risikoträger und Gruppen-Risikoträgerinnen sind Mitarbeiter und Mitarbeiterinnen, deren berufliche Tätigkeit sich wesentlich auf das Gesamtrisikoprofil einer Gruppe gemäß Absatz 12 auswirkt.</P><P>(9) Vergütungsparameter im Sinne dieser Verordnung sind die quantitativen und qualitativen Bestimmungsfaktoren, anhand derer die Leistung und der Erfolg eines Mitarbeiters oder einer Mitarbeiterin oder einer Organisationseinheit oder der Gesamterfolg eines Instituts oder einer Gruppe gemessen werden.</P><P>(10) Erfolgsbeiträge im Sinne dieser Verordnung sind die auf der Grundlage von Vergütungsparametern ermittelten tatsächlichen Leistungen und Erfolge eines Mitarbeiters oder einer Mitarbeiterin oder einer Organisationseinheit oder der Gesamterfolg eines Instituts oder einer Gruppe, die in die Ermittlung der Höhe der variablen Vergütungsbestandteile einfließen. Erfolgsbeiträge können auch negativ sein.</P><P>(11) Kontrolleinheiten im Sinne dieser Verordnung sind diejenigen Organisationseinheiten unterhalb der Geschäftsleitung, die die geschäftsinitiierenden Organisationseinheiten, insbesondere die Bereiche Markt gemäß § 25c Absatz 4a Nummer 3 Buchstabe b des Kreditwesengesetzes und Handel, überwachen. Hierzu zählen die Bereiche Marktfolge gemäß § 25c Absatz 4a Nummer 3 Buchstabe b des Kreditwesengesetzes und Risikocontrolling. Weitere Kontrolleinheiten im Sinne dieser Verordnung sind die Einheiten mit Compliance-Funktion und die Interne Revision.</P><P>(12) Gruppen, übergeordnete Unternehmen und nachgeordnete Unternehmen im Sinne dieser Verordnung sind solche gemäß § 10a Absatz 1 und 2 des Kreditwesengesetzes.</P></Content></text><fussnoten/></textdaten></norm>
<norm builddate="20250801215504" doknr="BJNR427000013BJNG000200000"><metadaten><jurabk>InstitutsVergV 2014</jurabk><gliederungseinheit><gliederungskennzahl>020</gliederungskennzahl><gliederungsbez>Abschnitt 2</gliederungsbez><gliederungstitel>Allgemeine Anforderungen an Vergütungssysteme</gliederungstitel></gliederungseinheit></metadaten><textdaten/></norm>
<norm builddate="20250801215504" doknr="BJNR427000013BJNE000503128"><metadaten><jurabk>InstitutsVergV 2014</jurabk><enbez>§ 3</enbez><titel format="XML">Verantwortlichkeiten; Beteiligung der Kontrolleinheiten</titel></metadaten><textdaten><text format="XML"><Content><P>(1) Die Geschäftsleitung ist für die angemessene Ausgestaltung der Vergütungssysteme der Mitarbeiter und Mitarbeiterinnen, die keine Geschäftsleiter oder Geschäftsleiterinnen sind, nach Maßgabe des § 25a Absatz 1 Nummer 6 in Verbindung mit Absatz 5 des Kreditwesengesetzes und dieser Verordnung verantwortlich. Sie hat das Verwaltungs- oder Aufsichtsorgan mindestens einmal jährlich über die Ausgestaltung der Vergütungssysteme des Instituts zu informieren. Die Sätze 1 und 2 gelten bei bedeutenden Instituten gemäß § 1 Absatz 3c des Kreditwesengesetzes auch in Bezug auf den Prozess der Ermittlung der Risikoträger und Risikoträgerinnen gemäß § 25a Absatz 5b des Kreditwesengesetzes sowie der Gruppen-Risikoträger und Gruppen-Risikoträgerinnen gemäß § 27 Absatz 2 Satz 1. Dem oder der Vorsitzenden des Verwaltungs- oder Aufsichtsorgans ist ein entsprechendes Auskunftsrecht gegenüber der Geschäftsleitung einzuräumen.</P><P>(2) Das Verwaltungs- oder Aufsichtsorgan ist für die angemessene Ausgestaltung der Vergütungssysteme der Geschäftsleiter und Geschäftsleiterinnen nach Maßgabe des § 25a Absatz 1 Nummer 6 in Verbindung mit Absatz 5 des Kreditwesengesetzes und dieser Verordnung verantwortlich.</P><P>(3) Die Kontrolleinheiten und der Bereich Personal sind im Rahmen ihrer Aufgaben bei der Ausgestaltung und der Überwachung der Vergütungssysteme sowie in bedeutenden Instituten gemäß § 1 Absatz 3c des Kreditwesengesetzes auch in Bezug auf den Prozess der Ermittlung der Risikoträger und Risikoträgerinnen gemäß § 25a Absatz 5b des Kreditwesengesetzes sowie der Gruppen-Risikoträger und Gruppen-Risikoträgerinnen gemäß § 27 Absatz 2 Satz 1 angemessen zu beteiligen.</P></Content></text><fussnoten/></textdaten></norm>
<norm builddate="20250801215504" doknr="BJNR427000013BJNE000601118"><metadaten><jurabk>InstitutsVergV 2014</jurabk><enbez>§ 4</enbez><titel format="XML">Ausrichtung an der Strategie des Instituts</titel></metadaten><textdaten><text format="XML"><Content><P>Die Vergütungsstrategie und die Vergütungssysteme müssen auf die Erreichung der Ziele ausgerichtet sein, die in den Geschäfts- und Risikostrategien des jeweiligen Instituts niedergelegt sind. Dabei ist auch die Unternehmenskultur zu berücksichtigen. Die Vergütungsparameter müssen sich an den Strategien ausrichten und das Erreichen der strategischen Ziele unterstützen.</P></Content></text><fussnoten/></textdaten></norm>
<norm builddate="20250801215504" doknr="BJNR427000013BJNE000704128"><metadaten><jurabk>InstitutsVergV 2014</jurabk><enbez>§ 5</enbez><titel format="XML">Angemessenheit der Vergütung und der Vergütungssysteme</titel></metadaten><textdaten><text format="XML"><Content><P>(1) Die Vergütungssysteme sind angemessen ausgestaltet, wenn <DL Font="normal" Type="arabic"><DT>1.</DT><DD Font="normal"><LA Size="normal">Anreize für die Mitarbeiter und Mitarbeiterinnen, unverhältnismäßig hohe Risiken einzugehen, vermieden werden;</LA></DD><DT>2.</DT><DD Font="normal"><LA Size="normal">die Vergütungssysteme nicht der Überwachungsfunktion der Kontrolleinheiten und des für die Risikosteuerung zuständigen Mitglieds der Geschäftsleitung zuwiderlaufen;</LA></DD><DT>3.</DT><DD Font="normal"><LA Size="normal">sie die Verbraucherrechte und -interessen berücksichtigen; insbesondere dürfen nicht ausschließlich quantitative Vergütungsparameter verwendet werden, sofern unmittelbar Verbraucherinteressen betroffen sind;</LA></DD><DT>4.</DT><DD Font="normal"><LA Size="normal">sie nicht der Einhaltung der Verpflichtung zuwiderlaufen, bei der Erbringung von Beratungsleistungen gemäß § 511 des Bürgerlichen Gesetzbuchs im besten Interesse des Darlehensnehmers zu handeln; insbesondere darf die Vergütung nicht an Absatzziele in Bezug auf Immobiliar-Verbraucherdarlehensverträge gemäß § 491 Absatz 3 des Bürgerlichen Gesetzbuchs gekoppelt sein;</LA></DD><DT>5.</DT><DD Font="normal"><LA Size="normal">die Vergütung der für die Prüfung der Kreditwürdigkeit zuständigen Mitarbeiter und Mitarbeiterinnen nicht von der Zahl oder dem Anteil der genehmigten Anträge auf Abschluss eines Immobiliar-Verbraucherdarlehensvertrags gemäß § 491 Absatz 3 des Bürgerlichen Gesetzbuchs abhängt; und</LA></DD><DT>6.</DT><DD Font="normal"><LA>sie geschlechtsneutral sind, so dass eine Entgeltbenachteiligung wegen des Geschlechts bei gleicher oder gleichwertiger Arbeit ausgeschlossen ist.</LA></DD></DL></P><P>(2) In der Regel sind Vergütungssysteme nicht angemessen ausgestaltet, wenn trotz negativer Erfolgsbeiträge ein der Höhe nach unveränderter Anspruch auf die variable Vergütung besteht.</P><P>(3) Anreize, unverhältnismäßig hohe Risiken einzugehen, liegen insbesondere vor, wenn <DL Font="normal" Type="arabic"><DT>1.</DT><DD Font="normal"><LA Size="normal">eine signifikante Abhängigkeit der Mitarbeiter oder Mitarbeiterinnen von der variablen Vergütung besteht oder</LA></DD><DT>2.</DT><DD Font="normal"><LA Size="normal">einzelvertraglich für den Fall der Beendigung der Tätigkeit Ansprüche auf Leistungen begründet werden und diese Ansprüche selbst bei negativen individuellen Erfolgsbeiträgen oder bei Fehlverhalten der Höhe nach unverändert bleiben.</LA></DD></DL></P><P>(4) Vergütungssysteme laufen der Überwachungsfunktion der Kontrolleinheiten insbesondere zuwider, wenn sich die Höhe der variablen Vergütung von Mitarbeitern und Mitarbeiterinnen der Kontrolleinheiten und den Mitarbeitern und Mitarbeiterinnen der von ihnen kontrollierten Organisationseinheiten maßgeblich nach gleichlaufenden Vergütungsparametern bestimmt und die Gefahr eines Interessenkonfliktes besteht. Im Hinblick auf das für die Risikosteuerung zuständige Mitglied der Geschäftsleitung gilt dies entsprechend.</P><P>(5) Eine variable Vergütung darf nur garantiert werden <DL Font="normal" Type="arabic"><DT>1.</DT><DD Font="normal"><LA Size="normal">für die ersten zwölf Monate nach Aufnahme eines Arbeits-, Geschäftsbesorgungs- oder Dienstverhältnisses bei dem Institut,</LA></DD><DT>2.</DT><DD Font="normal"><LA Size="normal">unter der Voraussetzung, dass die unmittelbar vorangegangene Tätigkeit des Mitarbeiters oder der Mitarbeiterin nicht in derselben Gruppe erfolgte, und</LA></DD><DT>3.</DT><DD Font="normal"><LA Size="normal">unter der Bedingung, dass das Institut zum Zeitpunkt der Auszahlung die Anforderungen gemäß § 7 Absatz 1 Satz 3 erfüllt.</LA></DD></DL>In bedeutenden Instituten gemäß § 1 Absatz 3c des Kreditwesengesetzes sind die Anforderungen der §§ 20 und 22 darauf nicht anzuwenden. Bei der Berechnung des Verhältnisses zwischen der variablen und der fixen jährlichen Vergütung gemäß § 25a Absatz 5 des Kreditwesengesetzes kann eine garantierte variable Vergütung nur dann unberücksichtigt bleiben, wenn sie vor Beginn der Tätigkeit zugesagt worden ist.</P><P>(6) Abfindungen und vertraglich festgelegte Karenzentschädigungen für die Dauer eines nachvertraglichen Wettbewerbsverbots gelten als variable Vergütung. Das Institut hat in Bezug auf die Zusage von Abfindungen schriftlich oder elektronisch Grundsätze festzulegen, in denen insbesondere ein Höchstbetrag oder die Kriterien für die Bestimmung der Abfindungsbeträge zu regeln sind. Abfindungen sind im Einklang mit dem Rahmenkonzept gemäß § 11 Absatz 1 Nummer 3 zu gewähren und angemessen zu dokumentieren. Sie müssen vorbehaltlich Satz 5 der Leistung des Mitarbeiters oder der Mitarbeiterin im Zeitverlauf Rechnung tragen und dürfen negative Erfolgsbeiträge oder Fehlverhalten des Mitarbeiters oder der Mitarbeiterin nicht belohnen. Folgende Vergütungen fallen nicht in den Anwendungsbereich der §§ 7 und 20 und müssen bei der Berechnung des Verhältnisses der variablen zur fixen Vergütung gemäß § 25a Absatz 5 Satz 2 bis 5 des Kreditwesengesetzes nicht berücksichtigt werden: <DL Font="normal" Type="arabic"><DT>1.</DT><DD Font="normal"><LA Size="normal">Abfindungen, <DL Font="normal" Type="alpha"><DT>a)</DT><DD Font="normal"><LA Size="normal">auf die ein gesetzlicher Anspruch besteht,</LA></DD><DT>b)</DT><DD Font="normal"><LA Size="normal">die aufgrund eines Sozialplans gemäß § 112 Absatz 1 des Betriebsverfassungsgesetzes oder gemäß § 75 Absatz 3 Nummer 13 des Bundespersonalvertretungsgesetzes oder gemäß den entsprechenden landesrechtlichen Regelungen geleistet werden,</LA></DD><DT>c)</DT><DD Font="normal"><LA Size="normal">die aufgrund eines rechtskräftigen Urteils oder Prozessvergleichs zu leisten sind, oder</LA></DD><DT>d)</DT><DD Font="normal"><LA Size="normal">die im Fall einer einvernehmlichen oder institutsseitigen betriebsbedingten Vertragsbeendigung oder bei Abwendung eines unmittelbar drohenden gerichtlichen Verfahrens einen Betrag nicht überschreiten, der anhand einer vorher in den Grundsätzen gemäß Satz 2 festgelegten allgemeinen Formel berechnet wurde;</LA></DD></DL></LA></DD><DT>2.</DT><DD Font="normal"><LA Size="normal">vertraglich festgelegten Karenzentschädigungen für die Dauer eines nachvertraglichen Wettbewerbsverbots, sofern die Zahlungen vorbehaltlich § 74 Absatz 2 des Handelsgesetzbuchs die ursprünglich geschuldete Fixvergütung nicht überschreiten, und</LA></DD><DT>3.</DT><DD Font="normal"><LA Size="normal">sonstige Abfindungen, sofern das Institut der Aufsichtsbehörde gemäß § 1 Absatz 5 des Kreditwesengesetzes die Gründe für die Gewährung sowie die Angemessenheit des Betrages schlüssig dargelegt hat; bei Abfindungen bis zu einer Höhe, die <DL Font="normal" Type="alpha"><DT>a)</DT><DD Font="normal"><LA Size="normal">200 000 Euro nicht überschreitet und</LA></DD><DT>b)</DT><DD Font="normal"><LA Size="normal">nicht mehr als 200 Prozent der fixen Vergütung des Mitarbeiters oder der Mitarbeiterin im letzten abgeschlossenen Geschäftsjahr entspricht,</LA></DD></DL>gilt der Betrag als angemessen, und es kann auf eine Darlegung verzichtet werden.</LA></DD></DL>Setzt sich die Vergütung aus mehreren Bestandteilen gemäß den Nummern 1 bis 3 zusammen, so ist in jedem Fall eine Darlegung bei der Aufsichtsbehörde gemäß Nummer 3 notwendig.</P><P>(7) Zusätzliche variable Vergütungen, die zum Zweck der Bindung der Mitarbeiter und Mitarbeiterinnen an das Institut gewährt werden (Halteprämien), sind nur zulässig, wenn das Institut in der Lage ist, sein berechtigtes Interesse an der Gewährung von Halteprämien zu begründen. Sie müssen insbesondere den Anforderungen gemäß den §§ 4 und 7 genügen. Bei der Berechnung des Verhältnisses gemäß § 25a Absatz 5 des Kreditwesengesetzes sind Halteprämien entweder zeitanteilig oder mit dem Gesamtbetrag zum Zeitpunkt der Fälligkeit zu berücksichtigen. Bei Risikoträgern und Risikoträgerinnen von bedeutenden Instituten gemäß § 1 Absatz 3c des Kreditwesengesetzes sind zusätzlich auch die Anforderungen der §§ 20 und 22 einzuhalten.</P></Content></text><fussnoten><Content><P>(+++ § 5 Abs. 1 Nr. 2, 4 u. 5: Zur erstmaligen Anwendung  vgl. § 28 Abs. 1 +++) <BR/>(+++ § 5 Abs. 1 Nr. 3: Zur erstmaligen Anwendung vgl. § 28 Abs. 2 +++)</P></Content></fussnoten></textdaten></norm>
<norm builddate="20250801215504" doknr="BJNR427000013BJNE000802128"><metadaten><jurabk>InstitutsVergV 2014</jurabk><enbez>§ 6</enbez><titel format="XML">Verhältnis von variabler zu fixer Vergütung; Billigung einer höheren Obergrenze gemäß § 25a Absatz 5 Satz 5 des Kreditwesengesetzes</titel></metadaten><textdaten><text format="XML"><Content><P>(1) Besteht die Vergütung aus einer variablen und einer fixen Vergütung, müssen diese in einem angemessenen Verhältnis zueinander stehen. Das Verhältnis ist angemessen, wenn einerseits keine signifikante Abhängigkeit des Mitarbeiters oder der Mitarbeiterin von der variablen Vergütung besteht, die variable Vergütung aber andererseits einen wirksamen Verhaltensanreiz setzen kann.</P><P>(2) Das Institut hat eine angemessene Obergrenze für die variable Vergütung im Verhältnis zur fixen Vergütung festzulegen. Soweit anwendbar, ist § 25a Absatz 5 des Kreditwesengesetzes bei der Festlegung der Obergrenze zu beachten. Dabei kann auf höchstens 25 Prozent des Gesamtwerts der variablen Vergütung ein angemessener Diskontierungssatz angewendet werden, sofern dieser Anteil in Instrumenten gezahlt wird, die für mindestens fünf Jahre zurückbehalten werden.</P><P>(3) Im Zusammenhang mit der Zurückbehaltung darf ein Anspruch oder eine Anwartschaft auf den in Instrumenten zurückbehaltenen Vergütungsanteil gemäß Absatz 2 Satz 3 erst nach Ablauf des Zurückbehaltungszeitraums entstehen und während des Zurückbehaltungszeitraums lediglich ein Anspruch auf fehlerfreie Ermittlung des noch nicht zu einer Anwartschaft oder einem Anspruch erwachsenen Teils dieses Teils der variablen Vergütung bestehen, nicht aber auf diesen Teil der variablen Vergütung selbst.</P><P>(4) Wird gemäß § 25a Absatz 5 Satz 5 des Kreditwesengesetzes eine Erhöhung der Obergrenze für die variable Vergütung im Verhältnis zur fixen Vergütung gemäß Satz 2 angestrebt, muss das Institut in der Lage sein, der Aufsichtsbehörde gemäß § 1 Absatz 5 des Kreditwesengesetzes nachzuweisen, dass die vorgeschlagene höhere Obergrenze nicht die Einhaltung der Verpflichtungen des Instituts gemäß der Verordnung (EU) Nr. 575/2013, gemäß dem Kreditwesengesetz und gemäß dieser Verordnung beeinträchtigt, wobei besonderes Augenmerk auf die Eigenmittelverpflichtungen des Instituts zu legen ist.</P><P>(5) Übt ein Unternehmen als Anteilseigner, Eigentümer, Mitglied oder Träger seine Stimmrechte im Hinblick auf die Billigung einer höheren Obergrenze für die variable Vergütung im Verhältnis zur fixen Vergütung gemäß § 25a Absatz 5 des Kreditwesengesetzes für Mitarbeiter und Mitarbeiterinnen seines Tochterunternehmens aus, ist dessen Zustimmung zur Erhöhung nur dann wirksam, wenn diese entweder ihrerseits unter Einhaltung der Anforderungen aus § 25a Absatz 5 Satz 5 bis 9 des Kreditwesengesetzes zustande gekommen ist oder wenn die Erhöhung in Übereinstimmung mit der gruppenweiten Vergütungsstrategie gemäß § 27 Absatz 1 steht.</P></Content></text><fussnoten><Content><P>(+++ § 6 Abs. 2 Satz 2: Zur Anwendung vgl. § 28 Abs. 1 +++)</P></Content></fussnoten></textdaten></norm>
<norm builddate="20250801215504" doknr="BJNR427000013BJNE000903128"><metadaten><jurabk>InstitutsVergV 2014</jurabk><enbez>§ 7</enbez><titel format="XML">Voraussetzungen für die Festsetzung des Gesamtbetrags der variablen Vergütung und die Erdienung zurückbehaltener Vergütungsbestandteile</titel></metadaten><textdaten><text format="XML"><Content><P>(1) Der Gesamtbetrag der variablen Vergütungen gemäß § 45 Absatz 2 Nummer 10 des Kreditwesengesetzes muss in einem formalisierten, transparenten und nachvollziehbaren Prozess unter angemessener und ihrem Aufgabenbereich entsprechender Beteiligung der Kontrolleinheiten festgesetzt werden. Die Verantwortlichkeiten gemäß § 3 gelten entsprechend. Bei der Festsetzung des Gesamtbetrags <DL Font="normal" Type="arabic"><DT>1.</DT><DD Font="normal"><LA Size="normal">sind die Risikotragfähigkeit, die mehrjährige Kapitalplanung und die Ertragslage des Instituts und der Gruppe hinreichend zu berücksichtigen und</LA></DD><DT>2.</DT><DD Font="normal"><LA Size="normal">ist sicherzustellen, dass das Institut und die Gruppe in der Lage sind, <DL Font="normal" Type="alpha"><DT>a)</DT><DD Font="normal"><LA Size="normal">eine angemessene Eigenmittel- und Liquiditätsausstattung,</LA></DD><DT>b)</DT><DD Font="normal"><LA Size="normal">die kombinierten Kapitalpufferanforderungen gemäß § 10i des Kreditwesengesetzes und</LA></DD><DT>c)</DT><DD Font="normal"><LA Size="normal">sofern es sich um ein global systemrelevantes Institut handelt, die Anforderung an den Puffer der Verschuldungsquote gemäß § 10j des Kreditwesengesetzes</LA></DD></DL>dauerhaft aufrechtzuerhalten oder wiederherzustellen.</LA></DD></DL>(2) Eine Ermittlung und eine Erdienung von variabler Vergütung darf nur erfolgen, wenn und soweit zu den jeweiligen Zeitpunkten die Voraussetzungen gemäß Absatz 1 Satz 3 erfüllt sind. Ein späterer Ausgleich für eine Verringerung der variablen Vergütung ist nicht zulässig.</P></Content></text><fussnoten/></textdaten></norm>
<norm builddate="20250801215504" doknr="BJNR427000013BJNE001003128"><metadaten><jurabk>InstitutsVergV 2014</jurabk><enbez>§ 8</enbez><titel format="XML">Verbot der Einschränkung oder Aufhebung der Risikoadjustierung</titel></metadaten><textdaten><text format="XML"><Content><P>(1) Die Risikoadjustierung der variablen Vergütung darf seitens der Institute nicht durch Absicherungs- oder sonstige Gegenmaßnahmen eingeschränkt oder aufgehoben werden. Insbesondere dürfen keine Instrumente oder Methoden angewendet werden, durch die Anforderungen dieser Verordnung umgangen werden.</P><P>(2) Die Institute haben angemessene Compliance-Strukturen einzurichten, um Absicherungs- oder sonstige Gegenmaßnahmen seitens der Mitarbeiter und Mitarbeiterinnen zur Einschränkung oder Aufhebung der Risikoadjustierung der Vergütung zu verhindern. Angemessene Compliance-Strukturen bestehen insbesondere in einer Verpflichtung der Mitarbeiter und Mitarbeiterinnen, keine persönlichen Absicherungs- oder sonstigen Gegenmaßnahmen zu treffen, um die Risikoorientierung ihrer Vergütung einzuschränken oder aufzuheben, sowie bei bedeutenden Instituten gemäß § 1 Absatz 3c des Kreditwesengesetzes in der Verpflichtung der Risikoträger und Risikoträgerinnen, private Depotkonten anzuzeigen. Dabei ist die Einhaltung dieser Verpflichtung risikoorientiert zumindest stichprobenartig durch die Kontrolleinheiten mit Compliance-Funktion gemäß § 2 Absatz 11 zu überprüfen; bei bedeutenden Instituten gemäß § 1 Absatz 3c des Kreditwesengesetzes erfolgt die Überprüfung durch den Vergütungsbeauftragten gemäß den §§ 23 bis 25.</P></Content></text><fussnoten/></textdaten></norm>
<norm builddate="20250801215504" doknr="BJNR427000013BJNE001101118"><metadaten><jurabk>InstitutsVergV 2014</jurabk><enbez>§ 9</enbez><titel format="XML">Zusätzliche Anforderungen an die Vergütung der Mitarbeiter und Mitarbeiterinnen der Kontrolleinheiten</titel></metadaten><textdaten><text format="XML"><Content><P>(1) Die Vergütung der Mitarbeiter und Mitarbeiterinnen der Kontrolleinheiten muss so ausgestaltet sein, dass eine angemessene qualitative und quantitative Personalausstattung ermöglicht wird.</P><P>(2) Bei der Ausgestaltung der Vergütung der Mitarbeiter und Mitarbeiterinnen der Kontrolleinheiten ist sicherzustellen, dass der Schwerpunkt auf dem fixen Vergütungsbestandteil liegt.</P></Content></text><fussnoten/></textdaten></norm>
<norm builddate="20250801215504" doknr="BJNR427000013BJNE001201118"><metadaten><jurabk>InstitutsVergV 2014</jurabk><enbez>§ 10</enbez><titel format="XML">Zusätzliche Anforderungen an die Vergütung von Geschäftsleitern und Geschäftsleiterinnen</titel></metadaten><textdaten><text format="XML"><Content><P>(1) Das Verwaltungs- oder Aufsichtsorgan hat bei der Festsetzung der Vergütung des einzelnen Geschäftsleiters oder der einzelnen Geschäftsleiterin dafür zu sorgen, dass die Vergütung <DL Font="normal" Type="arabic"><DT>1.</DT><DD Font="normal"><LA Size="normal">in einem jeweils angemessenen Verhältnis zu den Aufgaben und Leistungen des Geschäftsleiters oder der Geschäftsleiterin sowie zur Lage des Instituts steht und</LA></DD><DT>2.</DT><DD Font="normal"><LA Size="normal">die übliche Vergütung nicht ohne besondere Gründe übersteigt.</LA></DD></DL></P><P>(2) Variable Vergütungen sollen eine mehrjährige Bemessungsgrundlage haben; für außerordentliche Entwicklungen soll das Verwaltungs- oder Aufsichtsorgan eine Begrenzungsmöglichkeit vereinbaren.</P><P>(3) Andere einschlägige bundes- oder landesgesetzliche Regelungen zur Vergütung von Geschäftsleitern und Geschäftsleiterinnen bleiben von den Absätzen 1 und 2 unberührt.</P><P>(4) Die Vergütung, die Geschäftsleiter und Geschäftsleiterinnen für ihre berufliche Tätigkeit bei dem Institut erhalten, muss abschließend im Anstellungsvertrag festgelegt werden. Der Anstellungsvertrag und spätere Änderungen bedürfen der Schriftform.</P></Content></text><fussnoten/></textdaten></norm>
<norm builddate="20250801215504" doknr="BJNR427000013BJNE001302128"><metadaten><jurabk>InstitutsVergV 2014</jurabk><enbez>§ 11</enbez><titel format="XML">Grundsätze zu den Vergütungssystemen in den Organisationsrichtlinien; Dokumentationspflichten</titel></metadaten><textdaten><text format="XML"><Content><P>(1) Das Institut hat in seinen Organisationsrichtlinien Grundsätze zu den Vergütungssystemen festzulegen. Die Grundsätze umfassen insbesondere <DL Font="normal" Type="arabic"><DT>1.</DT><DD Font="normal"><LA Size="normal">Angaben zur Ausgestaltung und Anpassung der Vergütungssysteme und zur Zusammensetzung der Vergütung,</LA></DD><DT>2.</DT><DD Font="normal"><LA Size="normal">die Regelungen der jeweiligen Zuständigkeiten und Entscheidungsbefugnisse der Geschäftsleitung, des Verwaltungs- oder Aufsichtsorgans, gegebenenfalls des Vergütungskontrollausschusses und des Vergütungsbeauftragten, der Kontrolleinheiten, des Bereichs Personal und der übrigen Organisationseinheiten im Rahmen von Entscheidungsprozessen sowie</LA></DD><DT>3.</DT><DD Font="normal"><LA Size="normal">ein Rahmenkonzept zur Festlegung und Genehmigung von Abfindungen einschließlich einer klaren Zuordnung von Zuständigkeiten und Entscheidungsbefugnissen unter Einbeziehung der Kontrolleinheiten und des Bereichs Personal im Rahmen ihrer jeweiligen Zuständigkeiten.</LA></DD></DL></P><P>(2) Die Institute haben Inhalte und Ergebnisse der Entscheidungsprozesse, in denen der Gesamtbetrag der variablen Vergütungen und dessen Verteilung im Institut festgelegt wurden, angemessen zu dokumentieren.</P><P>(3) Werden Zulagen der fixen Vergütung zugeordnet, sind die Gründe dafür zu dokumentieren. Dabei ist gesondert darauf einzugehen, wenn die Zulagen <DL Font="normal" Type="arabic"><DT>1.</DT><DD Font="normal"><LA Size="normal">im Ergebnis ausschließlich an Risikoträger und Risikoträgerinnen gezahlt werden,</LA></DD><DT>2.</DT><DD Font="normal"><LA Size="normal">im Ergebnis beschränkt sind auf Fälle, in denen das Verhältnis zwischen der variablen und der fixen jährlichen Vergütung die Obergrenze gemäß § 25a Absatz 5 des Kreditwesengesetzes übersteigen würde, sofern die Zulagen als variable Vergütung angesehen würden, oder</LA></DD><DT>3.</DT><DD Font="normal"><LA Size="normal">an Kennzahlen anknüpfen, die Näherungswerte für den Erfolg des Instituts sein können; in diesem Fall muss das Institut darlegen können, dass diese Kennzahlen tatsächlich nicht vom Erfolg des Instituts abhängen.</LA></DD></DL></P></Content></text><fussnoten/></textdaten></norm>
<norm builddate="20250801215504" doknr="BJNR427000013BJNE001403128"><metadaten><jurabk>InstitutsVergV 2014</jurabk><enbez>§ 12</enbez><titel format="XML">Überprüfung und Anpassung der Vergütungssysteme</titel></metadaten><textdaten><text format="XML"><Content><P>(1) Die Vergütungssysteme und die zugrunde gelegten Vergütungsparameter sind von dem Institut zumindest einmal jährlich auf ihre Angemessenheit, insbesondere auch ihre Vereinbarkeit mit den Geschäfts- und Risikostrategien, zu überprüfen. Dabei sind zumindest die diesbezüglichen Berichte der Internen Revision, der Prüfungsbericht des Abschlussprüfers gemäß § 26 Absatz 1 des Kreditwesengesetzes sowie in bedeutenden Instituten gemäß § 1 Absatz 3c des Kreditwesengesetzes dieser Verordnung der Vergütungskontrollbericht gemäß § 24 Absatz 3 heranzuziehen. Die Überprüfung ist schriftlich oder elektronisch zu dokumentieren und das Überprüfungsergebnis dem Verwaltungs- oder Aufsichtsorgan vorzulegen.</P><P>(2) Werden bei der Überprüfung Mängel festgestellt, ist zeitnah ein Maßnahmenplan zu erstellen und umzusetzen. Die ergriffenen Maßnahmen zur Behebung der festgestellten Mängel sind zu dokumentieren.</P></Content></text><fussnoten/></textdaten></norm>
<norm builddate="20250801215504" doknr="BJNR427000013BJNE001501118"><metadaten><jurabk>InstitutsVergV 2014</jurabk><enbez>§ 13</enbez><titel format="XML">Information über die Vergütungssysteme</titel></metadaten><textdaten><text format="XML"><Content><P>(1) Die Mitarbeiter und Mitarbeiterinnen müssen schriftlich über die Ausgestaltung der für sie maßgeblichen Vergütungssysteme und insbesondere über die Ausgestaltung der für sie relevanten Vergütungsparameter in Kenntnis gesetzt werden. Die Schriftform ist auch bei einer elektronischen Übermittlung gewahrt.</P><P>(2) Die weiteren Informationen zu den Vergütungssystemen, die gemäß Artikel 450 der Verordnung (EU) Nr. 575/2013 und ergänzend gemäß § 16 dieser Verordnung von den Instituten offenzulegen sind, sind allen Mitarbeitern und Mitarbeiterinnen zugänglich zu machen.</P></Content></text><fussnoten/></textdaten></norm>
<norm builddate="20250801215504" doknr="BJNR427000013BJNE001601118"><metadaten><jurabk>InstitutsVergV 2014</jurabk><enbez>§ 14</enbez><titel format="XML">Anpassung bestehender Vereinbarungen</titel></metadaten><textdaten><text format="XML"><Content><P>(1) Das Institut hat darauf hinzuwirken, dass bestehende<DL Font="normal" Type="arabic"><DT>1.</DT><DD Font="normal"><LA Size="normal">Verträge mit Mitarbeitern und Mitarbeiterinnen,</LA></DD><DT>2.</DT><DD Font="normal"><LA Size="normal">Betriebs- und Dienstvereinbarungen sowie</LA></DD><DT>3.</DT><DD Font="normal"><LA Size="normal">betriebliche Übungen,</LA></DD></DL>die mit dieser Verordnung nicht vereinbar sind, soweit rechtlich zulässig, angepasst werden.</P><P>(2) Die Anpassung hat auf Grundlage einer für Dritte nachvollziehbaren fundierten juristischen Begutachtung der Rechtslage und unter Berücksichtigung der konkreten Erfolgsaussichten zu erfolgen.</P></Content></text><fussnoten/></textdaten></norm>
<norm builddate="20250801215504" doknr="BJNR427000013BJNE001703128"><metadaten><jurabk>InstitutsVergV 2014</jurabk><enbez>§ 15</enbez><titel format="XML">Aufgaben des Vergütungskontrollausschusses</titel></metadaten><textdaten><text format="XML"><Content><P>(1) Hat das Institut einen Vergütungskontrollausschuss gemäß § 25d Absatz 7 Satz 1, 2 und 6 des Kreditwesengesetzes eingerichtet, so nimmt dieser insbesondere die Aufgaben gemäß den Absätzen 2 bis 5 sowie gemäß § 25d Absatz 12 Satz 1 des Kreditwesengesetzes wahr.</P><P>(2) Der Vergütungskontrollausschuss unterstützt das Verwaltungs- oder Aufsichtsorgan bei der angemessenen Ausgestaltung der Vergütungssysteme des Instituts für Geschäftsleiter und Geschäftsleiterinnen. Dies umfasst insbesondere auch <DL Font="normal" Type="arabic"><DT>1.</DT><DD Font="normal"><LA Size="normal">die Vorbereitung der Beschlüsse des Verwaltungs- oder Aufsichtsorgans zur Festsetzung des Gesamtbetrags der variablen Vergütungen gemäß § 45 Absatz 2 Nummer 10 des Kreditwesengesetzes unter Berücksichtigung des § 7 sowie zur Festlegung von angemessenen Vergütungsparametern, von Erfolgsbeiträgen, der Leistungs- und Zurückbehaltungszeiträume und der Voraussetzungen für einen vollständigen Verlust oder eine teilweise Reduzierung der zurückbehaltenen variablen Vergütung oder für eine Rückforderung bereits ausgezahlter variabler Vergütung sowie</LA></DD><DT>2.</DT><DD Font="normal"><LA Size="normal">die regelmäßige, mindestens jedoch jährliche Überprüfung, ob die vom Verwaltungs- oder Aufsichtsorgan beschlossenen Festlegungen zu den in Nummer 1 genannten Punkten noch angemessen sind; im Fall festgestellter Mängel ist zeitnah ein Maßnahmenplan zu erstellen.</LA></DD></DL></P><P>(3) Der Vergütungskontrollausschuss unterstützt das Verwaltungs- oder Aufsichtsorgan des Instituts ferner bei der Überwachung der angemessenen Ausgestaltung der Vergütungssysteme für die Mitarbeiter und Mitarbeiterinnen, die keine Geschäftsleiter oder Geschäftsleiterinnen sind, sowie in bedeutenden Instituten gemäß § 1 Absatz 3c des Kreditwesengesetzes auch bei der Überwachung des Prozesses der Ermittlung der Risikoträger und Risikoträgerinnen gemäß § 25a Absatz 5b des Kreditwesengesetzes sowie der Gruppen-Risikoträger und Gruppen-Risikoträgerinnen gemäß § 27 Absatz 2 Satz 1. Zu den diesbezüglichen Aufgaben des Vergütungskontrollausschusses zählt insbesondere die regelmäßige, mindestens jedoch jährliche Überprüfung, ob <DL Font="normal" Type="arabic"><DT>1.</DT><DD Font="normal"><LA Size="normal">der Gesamtbetrag der variablen Vergütungen gemäß § 45 Absatz 2 Nummer 10 des Kreditwesengesetzes unter Berücksichtigung des § 7 dieser Verordnung ermittelt ist,</LA></DD><DT>2.</DT><DD Font="normal"><LA Size="normal">die festgelegten Grundsätze zur Bemessung von Vergütungsparametern, Erfolgsbeiträgen sowie Leistungs- und Zurückbehaltungszeiträumen einschließlich der Voraussetzungen für einen vollständigen Verlust oder eine teilweise Reduzierung der variablen Vergütung angemessen sind und</LA></DD><DT>3.</DT><DD Font="normal"><LA Size="normal">die Vergütungssysteme der Mitarbeiter und Mitarbeiterinnen in den Kontrolleinheiten den Anforderungen dieser Verordnung entsprechen.</LA></DD></DL></P><P>(4) Im Rahmen seiner Aufgaben bewertet der Vergütungskontrollausschuss die Auswirkungen der Vergütungssysteme auf die Risiko-, Kapital- und Liquiditätssituation des Instituts sowie der Gruppe und überwacht, dass die Vergütungssysteme im Einklang mit den Anforderungen gemäß § 4 stehen.</P><P>(5) Der Vergütungskontrollausschuss hat das Aufsichts- oder Verwaltungsorgan bei der Erstellung der Beschlussvorschläge gemäß § 25a Absatz 5 Satz 6 des Kreditwesengesetzes zu unterstützen.</P></Content></text><fussnoten/></textdaten></norm>
<norm builddate="20250801215504" doknr="BJNR427000013BJNE001803128"><metadaten><jurabk>InstitutsVergV 2014</jurabk><enbez>§ 16</enbez><titel format="XML">Offenlegung</titel></metadaten><textdaten><text format="XML"><Content><P>(1) Unbeschadet der Offenlegungspflichten gemäß Artikel 450 der Verordnung (EU) Nr. 575/2013 haben bedeutende Institute gemäß § 1 Absatz 3c des Kreditwesengesetzes, unterteilt nach den jeweiligen Geschäftsbereichen des Instituts, folgende Informationen offenzulegen: <DL Font="normal" Type="arabic"><DT>1.</DT><DD Font="normal"><LA Size="normal">eine Darstellung der Vergütungssysteme mit <DL Font="normal" Type="alpha"><DT>a)</DT><DD Font="normal"><LA Size="normal">Erläuterungen dazu, wie die Anforderungen dieser Verordnung erfüllt werden, insbesondere die Anforderungen an die Ausgestaltung der Vergütungssysteme gemäß den §§ 4 bis 10,</LA></DD><DT>b)</DT><DD Font="normal"><LA Size="normal">gegebenenfalls einer Darstellung vorhandener Unterschiede und Besonderheiten in der Ausgestaltung der Vergütungssysteme von einzelnen Mitarbeiterkategorien und</LA></DD><DT>c)</DT><DD Font="normal"><LA Size="normal">gegebenenfalls einer Darstellung der wesentlichen Veränderungen in der Vergütungsstrategie einschließlich der Auswirkungen auf die jeweilige Zusammensetzung der variablen und fixen Vergütung,</LA></DD></DL></LA></DD><DT>2.</DT><DD Font="normal"><LA Size="normal">bei Einrichtung eines Vergütungskontrollausschusses gemäß § 15 Angaben zu seiner Zusammensetzung und seinen Aufgaben sowie Erläuterungen dazu, wie die Anforderungen an die Zusammenarbeit mit diesem Vergütungskontrollausschuss erfüllt werden, sowie</LA></DD><DT>3.</DT><DD Font="normal"><LA Size="normal">den Gesamtbetrag aller Vergütungen, unterteilt in fixe und variable Vergütung, sowie die Anzahl der Begünstigten der variablen Vergütung.</LA></DD></DL></P><P>(2) Unbeschadet der Offenlegungspflichten gemäß Artikel 450 der Verordnung (EU) Nr. 575/2013 haben Institute, die weder bedeutende Institute gemäß § 1 Absatz 3c des Kreditwesengesetzes sind noch in den Anwendungsbereich von Artikel 433b Absatz 2 der Verordnung (EU) Nr. 575/2013 fallen, den Gesamtbetrag aller Vergütungen, unterteilt in fixe und variable Vergütung, sowie die Anzahl der Begünstigten der variablen Vergütung offenzulegen.</P><P>(3) Die Institute haben unter Wahrung der in Absatz 4 genannten Grundsätze die in Absatz 1 genannten Informationen so detailliert darzustellen, dass die inhaltliche Übereinstimmung der Vergütungssysteme mit den Anforderungen dieser Verordnung nachvollziehbar ist. Auf die etwaige Einbindung externer Berater und Interessengruppen bei der Ausgestaltung der Vergütungssysteme ist einzugehen.</P><P>(4) Die Informationen gemäß Absatz 1 sind zusammen mit den Angaben gemäß Artikel 450 der Verordnung (EU) Nr. 575/2013 in deutscher Sprache sowie in verständlicher und transparenter Form offenzulegen. Institute, die eine Webseite betreiben, haben die Informationen gemäß Absatz 1 in jedem Fall dort offenzulegen. Die quantitativen Informationen sind in tabellarischer und, sofern dies zum besseren Verständnis erforderlich ist, auch in grafischer Form darzustellen. Wie detailliert die Informationen offenzulegen sind, ist abhängig von der Größe und der Vergütungsstruktur des Instituts sowie von Art, Umfang, Risikogehalt und Internationalität seiner Geschäftsaktivitäten. Bei der Offenlegung der Informationen gemäß Absatz 1 können die in Artikel 432 der Verordnung (EU) Nr. 575/2013 genannten Grundsätze zur Wesentlichkeit der Informationen, zum Schutz von Geschäftsgeheimnissen und zur Wahrung der Vertraulichkeit entsprechend angewendet werden.</P><P>(5) Absatz 2 gilt nicht für nachgeordnete Unternehmen, deren übergeordnetes Unternehmen <DL Font="normal" Type="arabic"><DT>1.</DT><DD Font="normal"><LA Size="normal">innerhalb des Europäischen Wirtschaftsraums ansässig ist oder</LA></DD><DT>2.</DT><DD Font="normal"><LA Size="normal">in einem Drittstaat ansässig ist und von diesem gleichwertige Angaben auf konsolidierter Basis veröffentlicht werden.</LA></DD></DL></P></Content></text><fussnoten/></textdaten></norm>
<norm builddate="20250801215504" doknr="BJNR427000013BJNG000301118"><metadaten><jurabk>InstitutsVergV 2014</jurabk><gliederungseinheit><gliederungskennzahl>030</gliederungskennzahl><gliederungsbez>Abschnitt 3</gliederungsbez><gliederungstitel>Besondere Anforderungen an bedeutende Institute</gliederungstitel></gliederungseinheit></metadaten><textdaten><fussnoten/></textdaten></norm>
<norm builddate="20250801215504" doknr="BJNR427000013BJNE001902118"><metadaten><jurabk>InstitutsVergV 2014</jurabk><enbez>§ 17</enbez><titel format="XML">(weggefallen)</titel></metadaten><textdaten><text format="XML"><Content><P/></Content></text><fussnoten/></textdaten></norm>
<norm builddate="20250801215504" doknr="BJNR427000013BJNE002003128"><metadaten><jurabk>InstitutsVergV 2014</jurabk><enbez>§ 18</enbez><titel format="XML">Anforderungen an Vergütungssysteme von Risikoträgern und Risikoträgerinnen in bedeutenden Instituten; Risikoausrichtung der Vergütungssysteme</titel></metadaten><textdaten><text format="XML"><Content><P>(1) Vergütungssysteme für Risikoträger und Risikoträgerinnen bedeutender Institute gemäß § 1 Absatz 3c des Kreditwesengesetzes müssen zusätzlich den besonderen Anforderungen der Absätze 3 bis 5 und der §§ 19 bis 22 entsprechen. Vergütungssysteme für Risikoträger und Risikoträgerinnen der in § 1 Absatz 3 Satz 2 genannten Institute müssen den gleichen besonderen Anforderungen wie die Institute nach Satz 1 entsprechen, mit Ausnahme der Anforderungen des § 19 Absatz 1 Satz 3 und 4 und des § 20 Absatz 2. Die §§ 20 und 22 sind dabei jeweils nicht auf die für ein Geschäftsjahr ermittelte variable Vergütung eines Risikoträgers oder einer Risikoträgerin anzuwenden, sofern diese nicht mehr als 50 000 Euro beträgt und nicht mehr als ein Drittel der Gesamtjahresvergütung des Risikoträgers oder der Risikoträgerin ausmacht.</P><P>(2) (weggefallen)</P><P>(3) Die variable Vergütung ist an den eingegangenen gegenwärtigen und zukünftigen Risiken auszurichten, wobei sicherzustellen ist, dass Anreize, Risiken einzugehen durch Anreize zur Risikosteuerung ausgeglichen werden. Dies umfasst sowohl die Ex-ante-Risikoadjustierung bei der Ermittlung der variablen Vergütung gemäß § 19 als auch die Ex-post-Risikoadjustierung bei der Auszahlung der variablen Vergütung gemäß § 20 und die Auszahlung von zusätzlichen Leistungen zur Altersversorgung gemäß § 22.</P><P>(4) Das Institut muss den Zeitrahmen der Risiko- und Erfolgsmessung über mehrere Jahre anlegen und an seinem Geschäftszyklus ausrichten. Bei der Festlegung des Bemessungszeitraums gemäß § 19 und des Zurückbehaltungszeitraums gemäß § 20 Absatz 1 und 2 und § 22 Absatz 1 Satz 1 sowie der Sperrfrist gemäß § 20 Absatz 5 muss das Institut seine Geschäftstätigkeit und die Stellung des jeweiligen Risikoträgers oder der jeweiligen Risikoträgerin angemessen berücksichtigen.</P><P>(5) Negative Abweichungen des Erfolgsbeitrags des Risikoträgers oder der Risikoträgerin, des Erfolgsbeitrags seiner oder ihrer Organisationseinheit oder des Gesamterfolgs des Instituts oder der Gruppe von den vereinbarten Zielen müssen die Höhe der variablen Vergütung verringern und auch zum vollständigen Verlust derselben führen können. Dies gilt auf Basis einer periodengerechten Zuordnung der negativen Abweichung zu einem Bemessungszeitraum sowohl für § 19 als auch für die §§ 20 und 22 Absatz 1. Der vollständige Verlust einer variablen Vergütung muss in jedem Fall eintreten, wenn der Risikoträger oder die Risikoträgerin <DL Font="normal" Type="arabic"><DT>1.</DT><DD Font="normal"><LA Size="normal">an einem Verhalten, das für das Institut zu erheblichen Verlusten, einer wesentlichen regulatorischen Sanktion oder einer wesentlichen aufsichtlichen Maßnahme geführt hat, maßgeblich beteiligt oder dafür verantwortlich war oder</LA></DD><DT>2.</DT><DD Font="normal"><LA Size="normal">relevante externe oder interne Regelungen in Bezug auf Eignung und Verhalten in schwerwiegendem Maß verletzt hat.</LA></DD></DL></P></Content></text><fussnoten><Content><P>(+++ § 18: Zur erstmaligen Anwendung vgl. § 28 Abs. 1 +++)</P></Content></fussnoten></textdaten></norm>
<norm builddate="20250801215504" doknr="BJNR427000013BJNE002101118"><metadaten><jurabk>InstitutsVergV 2014</jurabk><enbez>§ 19</enbez><titel format="XML">Ermittlung der variablen Vergütung (Ex-ante-Risikoadjustierung)</titel></metadaten><textdaten><text format="XML"><Content><P>(1) Bei der Ermittlung der variablen Vergütung sind der Gesamterfolg des Instituts oder, falls erforderlich, der Gruppe sowie der Erfolgsbeitrag der Organisationseinheit und der individuelle Erfolgsbeitrag angemessen zu berücksichtigen. Dabei ist ein angemessener Betrachtungszeitraum zugrunde zu legen, der mindestens ein Jahr betragen muss (Bemessungszeitraum). Bei Risikoträgern oder Risikoträgerinnen, die Geschäftsleiter oder Geschäftsleiterinnen sind, beträgt der Bemessungszeitraum mindestens drei Jahre. Dabei kann der Zurückbehaltungszeitraum auf den Bemessungszeitraum angerechnet werden, soweit er die Untergrenze aus § 20 Absatz 2 überschreitet; Satz 2 bleibt unberührt.</P><P>(2) Der individuelle Erfolgsbeitrag ist anhand der Erreichung von vereinbarten Zielen zu bestimmen, wobei sowohl quantitative als auch qualitative Vergütungsparameter angemessen berücksichtigt werden müssen. Die Vergütungsparameter sind so festzulegen, dass der Grad der Zielerreichung ermittelt werden kann. Insbesondere sitten- oder pflichtwidriges Verhalten darf nicht durch positive Erfolgsbeiträge ausgeglichen werden, sondern muss die Höhe der variablen Vergütung verringern.</P><P>(3) Für die Ermittlung des Gesamterfolgs des Instituts oder, falls erforderlich, der Gruppe, des Erfolgsbeitrags der jeweiligen Organisationseinheit und, soweit dies nicht mit einem unverhältnismäßigen Aufwand verbunden ist, des individuellen Erfolgsbeitrags sind insbesondere solche Vergütungsparameter zu verwenden, die dem Ziel eines nachhaltigen Erfolges Rechnung tragen. Dabei sind vor allem eingegangene Risiken, deren Laufzeiten sowie Kapital- und Liquiditätskosten zu berücksichtigen, wobei die Laufzeiten der Risiken nicht zwingend nachgebildet werden müssen.</P></Content></text><fussnoten><Content><P>(+++ § 19 Abs. 1: Zur erstmaligen Anwendung vgl. § 28 Abs. 1 +++)</P></Content></fussnoten></textdaten></norm>
<norm builddate="20250801215504" doknr="BJNR427000013BJNE002202128"><metadaten><jurabk>InstitutsVergV 2014</jurabk><enbez>§ 20</enbez><titel format="XML">Zurückbehaltung, Anspruchs- und Auszahlungsvoraussetzungen, Rückforderung (Ex-post-Risikoadjustierung)</titel></metadaten><textdaten><text format="XML"><Content><P>(1) Die Auszahlung eines erheblichen Teils, mindestens aber von 40 Prozent, der variablen Vergütung eines Risikoträgers oder einer Risikoträgerin muss über einen Zurückbehaltungszeitraum von mindestens vier Jahren gestreckt werden. Abhängig von der Stellung, den Aufgaben und den Tätigkeiten eines Risikoträgers oder einer Risikoträgerin sowie von der Höhe der variablen Vergütung und der Risiken, die ein Risikoträger oder eine Risikoträgerin begründen kann, erhöhen sich die Untergrenze des Zurückbehaltungszeitraums auf bis zu fünf Jahre und die Untergrenze des zurückzubehaltenden Anteils der variablen Vergütung auf bis zu 60 Prozent. Bei der Festlegung des Zurückbehaltungszeitraums und des zurückzubehaltenden Anteils der variablen Vergütung gemäß den Sätzen 1 und 2 sind der Geschäftszyklus, Art und Risikogehalt der Geschäftsaktivitäten, die diesbezüglich erwarteten Schwankungen, die Einflussnahmemöglichkeit der Risikoträger und Risikoträgerinnen hierauf sowie gegebenenfalls eine gemäß § 25a Absatz 5 des Kreditwesengesetzes gebilligte höhere Obergrenze für die variable Vergütung im Verhältnis zur fixen Vergütung zu berücksichtigen.</P><P>(2) Bei Risikoträgern oder Risikoträgerinnen, die Geschäftsleiter oder Geschäftsleiterinnen sind oder der der Geschäftsleitung unmittelbar nachgelagerten Führungsebene angehören, betragen die Untergrenzen gemäß Absatz 1 Satz 2 fünf Jahre und 60 Prozent.</P><P>(3) Jedes Institut hat in seinen Organisationsrichtlinien einen Schwellenwert für die jährliche variable Vergütung eines Risikoträgers oder einer Risikoträgerin in angemessener Höhe festzulegen, ab dessen Erreichen sich der Anteil der variablen Vergütung, dessen Auszahlung gemäß Absatz 1 Satz 1 zu strecken ist, auf mindestens 60 Prozent erhöht. Dieser Schwellenwert darf 500 000 Euro nicht überschreiten.</P><P>(4) Während des Zurückbehaltungszeitraums <DL Font="normal" Type="arabic"><DT>1.</DT><DD Font="normal"><LA Size="normal">darf der Anspruch oder die Anwartschaft auf diesen Vergütungsanteil nicht schneller als zeitanteilig entstehen,</LA></DD><DT>2.</DT><DD Font="normal"><LA Size="normal">besteht lediglich ein Anspruch auf fehlerfreie Ermittlung bezüglich des noch nicht zu einer Anwartschaft oder einem Anspruch erwachsenen Teils der variablen Vergütung, nicht aber auf diesen Teil der variablen Vergütung selbst, und</LA></DD><DT>3.</DT><DD Font="normal"><LA Size="normal">erfolgt eine nachträgliche Überprüfung, ob die ursprüngliche Ermittlung der variablen Vergütung gemäß § 19 auch rückblickend noch zutreffend erscheint; im Fall einer negativen Abweichung des Überprüfungsergebnisses ist die zurückbehaltene variable Vergütung entsprechend zu reduzieren.</LA></DD></DL></P><P>(5) Abhängig von den Aufgaben sowie der Tätigkeit und der Stellung eines Risikoträgers oder einer Risikoträgerin muss sich ein erheblicher Teil, mindestens aber 50 Prozent, jeder zurückbehaltenen und jeder nicht zurückbehaltenen variablen Vergütung aus den folgenden Bestandteilen zusammensetzen, die vorbehaltlich der Verfügbarkeit von Instrumenten gemäß Nummer 2 in einem ausgewogenen Verhältnis zueinander stehen müssen: <DL Font="normal" Type="arabic"><DT>1.</DT><DD Font="normal"><LA Size="normal">je nach Rechtsform des jeweiligen Instituts aus Aktien oder gleichwertigen Beteiligungen oder aus aktienbasierten oder gleichwertigen Instrumenten, die den Wert des Unternehmens nachhaltig widerspiegeln,</LA></DD><DT>2.</DT><DD Font="normal"><LA Size="normal">falls verfügbar, aus Instrumenten im Sinne der Delegierten Verordnung (EU) Nr. 527/2014 der Kommission vom 12. März 2014 zur Ergänzung der Richtlinie 2013/36/EU des Europäischen Parlaments und des Rates durch technische Regulierungsstandards zur Bezeichnung der Klassen von Instrumenten, die die Bonität eines Instituts unter der Annahme der Unternehmensfortführung angemessen widerspiegeln und die für eine Verwendung zu Zwecken der variablen Vergütung geeignet sind (ABl. L 148 vom 20.5.2014, S. 21).</LA></DD></DL>Die in Satz 1 genannten Instrumente sind mit einer angemessenen Sperrfrist von in der Regel mindestens einem Jahr zu versehen, nach deren Ablauf frühestens über den jeweiligen Anteil der variablen Vergütung verfügt werden darf.</P><P>(6) In den Fällen des § 18 Absatz 5 Satz 3 Nummer 1 und 2 hat das Institut auf Grundlage entsprechender Vereinbarungen mit den Risikoträgern und Risikoträgerinnen eine bereits ausgezahlte variable Vergütung zurückzufordern und Ansprüche auf die Auszahlung variabler Vergütung zum Erlöschen zu bringen. Dies gilt auf Basis einer periodengerechten Zuordnung des negativen Erfolgsbeitrags zu einem Bemessungszeitraum mindestens für einen Zeitraum, der mit der Auszahlung des nicht gemäß den Absätzen 1 und 2 zurückbehaltenen Anteils der variablen Vergütung beginnt und zwei Jahre nach Ablauf der Zurückbehaltungsfrist für den zuletzt gemäß Absatz 4 Satz 1 Nummer 1 erdienten Vergütungsbestandteil endet.</P></Content></text><fussnoten><Content><P>(+++ § 20: Zur erstmaligen Anwendung vgl. § 28 Abs. 1 +++)</P></Content></fussnoten></textdaten></norm>
<norm builddate="20250801215504" doknr="BJNR427000013BJNE002301118"><metadaten><jurabk>InstitutsVergV 2014</jurabk><enbez>§ 21</enbez><titel format="XML">Vergütungen im Zusammenhang mit Ausgleichszahlungen</titel></metadaten><textdaten><text format="XML"><Content><P>Vergütungen im Zusammenhang mit Ausgleichszahlungen für entgangene Ansprüche aus vorherigen Beschäftigungsverhältnissen gelten als garantierte variable Vergütung gemäß § 5 Absatz 5 und müssen unter Einbeziehung der besonderen Anforderungen gemäß den §§ 20 und 22 mit den langfristigen Interessen des Instituts in Einklang stehen.</P></Content></text><fussnoten><Content><P>(+++ § 21: Zur erstmaligen Anwendung vgl. § 28 Abs. 1 +++)</P></Content></fussnoten></textdaten></norm>
<norm builddate="20250801215504" doknr="BJNR427000013BJNE002401118"><metadaten><jurabk>InstitutsVergV 2014</jurabk><enbez>§ 22</enbez><titel format="XML">Zusätzliche Leistungen zur Altersversorgung</titel></metadaten><textdaten><text format="XML"><Content><P>(1) Zusätzliche Leistungen zur Altersversorgung, die anlässlich einer nicht ruhestandsbedingten Beendigung des Arbeits-, Geschäftsbesorgungs- oder Dienstverhältnisses an Risikoträger oder Risikoträgerinnen gewährt werden, müssen abweichend von § 20 in voller Höhe aus Instrumenten gemäß § 20 Absatz 5 Satz 1 Nummer 1 und 2 bestehen und vom Institut mindestens fünf Jahre zurückbehalten werden. § 18 Absatz 5 und § 20 Absatz 4 Nummer 2 und 3 gelten entsprechend.</P><P>(2) Zusätzliche Leistungen zur Altersversorgung, die anlässlich einer ruhestandsbedingten Beendigung des Arbeits-, Geschäftsbesorgungs- oder Dienstverhältnisses an Risikoträger oder Risikoträgerinnen geleistet werden, müssen abweichend von § 20 in voller Höhe aus Instrumenten gemäß § 20 Absatz 5 Satz 1 Nummer 1 und 2 bestehen und mit einer fünfjährigen Sperrfrist versehen sein. Über die Instrumente darf frühestens nach Ablauf der Sperrfrist verfügt werden. § 20 Absatz 6 gilt entsprechend.</P><P>(3) Für die Auszahlung der zusätzlichen Leistungen zur Altersversorgung gilt § 7 entsprechend.</P></Content></text><fussnoten><Content><P>(+++ § 22: Zur erstmaligen Anwendung vgl. § 28 Abs. 1 +++)</P></Content></fussnoten></textdaten></norm>
<norm builddate="20250801215504" doknr="BJNR427000013BJNE002501118"><metadaten><jurabk>InstitutsVergV 2014</jurabk><enbez>§ 23</enbez><titel format="XML">Vergütungsbeauftragte in bedeutenden Instituten</titel></metadaten><textdaten><text format="XML"><Content><P>(1) Bedeutende Institute haben eine angemessene, dauerhafte und wirksame Kontrolle der Vergütung der Mitarbeiter und Mitarbeiterinnen sicherzustellen. Hierfür hat die Geschäftsleitung nach Anhörung des Verwaltungs- oder Aufsichtsorgans einen Vergütungsbeauftragten oder eine Vergütungsbeauftragte zu bestellen. Vergütungsbeauftragte müssen die für ihre Tätigkeit erforderlichen Kenntnisse und Erfahrungen besitzen, insbesondere im Bereich der Vergütungssysteme und des Risikocontrollings. Zum Erhalt der zur Erfüllung ihrer Aufgaben erforderlichen Fachkunde sind Vergütungsbeauftragten die Teilnahme an Fort- und Weiterbildungsveranstaltungen zu ermöglichen und deren Kosten vom Institut zu übernehmen.</P><P>(2) Vergütungsbeauftragte werden für einen Zeitraum von mindestens 24 Monaten bestellt. Sie dürfen wegen der Erfüllung ihrer Aufgaben nicht benachteiligt werden. Ist gemäß Absatz 1 Satz 2 ein Vergütungsbeauftragter oder eine Vergütungsbeauftragte bestellt, so ist die Kündigung seines oder ihres Arbeitsverhältnisses während der Bestellung unzulässig, es sei denn, es liegen Tatsachen vor, die die verantwortliche Stelle zur Kündigung aus wichtigem Grund ohne Einhaltung einer Kündigungsfrist berechtigen. Nach der Abberufung als Vergütungsbeauftragter oder Vergütungsbeauftragte ist die Kündigung innerhalb eines Jahres nach der Beendigung der Bestellung unzulässig, es sei denn, die verantwortliche Stelle ist zur Kündigung aus wichtigem Grund ohne Einhaltung einer Kündigungsfrist berechtigt.</P><P>(3) Soll ein neuer Vergütungsbeauftragter oder eine neue Vergütungsbeauftragte bestellt werden, ist das Verwaltungs- oder Aufsichtsorgan rechtzeitig vorher zu informieren und anzuhören.</P><P>(4) Vergütungsbeauftragter oder Vergütungsbeauftragte dürfen nicht sein: <DL Font="normal" Type="arabic"><DT>1.</DT><DD Font="normal"><LA Size="normal">ein Geschäftsleiter oder eine Geschäftsleiterin des Instituts,</LA></DD><DT>2.</DT><DD Font="normal"><LA Size="normal">der oder die Compliance-Beauftragte des Instituts oder</LA></DD><DT>3.</DT><DD Font="normal"><LA Size="normal">ein Mitarbeiter oder eine Mitarbeiterin des Instituts, der oder die auch für die Ausgestaltung der Vergütungssysteme verantwortlich ist oder war und bei dem dadurch ein Interessenkonflikt vorliegt.</LA></DD></DL></P><P>(5) Vergütungsbeauftragte sind aufbauorganisatorisch auf einer ausreichend hohen Führungsebene unterhalb der Geschäftsleitung anzusiedeln.</P><P>(6) Für Vergütungsbeauftragte ist ein hinreichend qualifizierter Vertreter oder eine hinreichend qualifizierte Vertreterin zu bestimmen, auf den oder die die Regelungen der Absätze 1 bis 5 und der §§ 24 und 25 entsprechend anzuwenden sind.</P></Content></text><fussnoten/></textdaten></norm>
<norm builddate="20250801215504" doknr="BJNR427000013BJNE002602128"><metadaten><jurabk>InstitutsVergV 2014</jurabk><enbez>§ 24</enbez><titel format="XML">Aufgaben der Vergütungsbeauftragten</titel></metadaten><textdaten><text format="XML"><Content><P>(1) Vergütungsbeauftragte haben die Angemessenheit der Vergütungssysteme der Mitarbeiter und Mitarbeiterinnen, die keine Geschäftsleiter oder Geschäftsleiterinnen sind, nach Maßgabe dieser Verordnung, des § 25a Absatz 1 Satz 3 Nummer 6 und Absatz 5 des Kreditwesengesetzes, die Risikoträgerermittlung nach § 25a Absatz 5b des Kreditwesengesetzes sowie die Offenlegung nach § 16 und nach Artikel 450 der Verordnung (EU) Nr. 575/2013 ständig zu überwachen. Zu diesem Zweck sind sie mit den zur wirksamen Ausübung ihrer Tätigkeit erforderlichen Befugnissen auszustatten sowie in die laufenden Prozesse der Vergütungssysteme einzubinden. Dies gilt sowohl für die konzeptionelle Neu- und Weiterentwicklung als auch für die laufende Anwendung der Vergütungssysteme. In einem übergeordneten Unternehmen gilt dies darüber hinaus auch für die Regelungen zur gruppenweiten Vergütungsstrategie. Die Vergütungsbeauftragten sind verpflichtet, sich mit dem oder der Vorsitzenden des Vergütungskontrollausschusses oder, falls kein Vergütungskontrollausschuss eingerichtet wurde, mit dem oder der Vorsitzenden des Verwaltungs- oder Aufsichtsorgans eng abzustimmen.</P><P>(2) Vergütungsbeauftragte haben zudem das Verwaltungs- oder Aufsichtsorgan und dessen Vergütungskontrollausschuss bei deren Überwachungs- und Ausgestaltungsaufgaben hinsichtlich aller Vergütungssysteme zu unterstützen. Sie sind verpflichtet, dem oder der Vorsitzenden des Vergütungskontrollausschusses oder, falls kein Vergütungskontrollausschuss eingerichtet wurde, dem oder der Vorsitzenden des Aufsichts- oder Verwaltungsorgans Auskunft zu erteilen.</P><P>(3) Vergütungsbeauftragte haben mindestens einmal jährlich einen Bericht über die Angemessenheit der Ausgestaltung der Vergütungssysteme der Mitarbeiter und Mitarbeiterinnen, die keine Geschäftsleiter und Geschäftsleiterinnen sind, (Vergütungskontrollbericht) zu verfassen und diesen gleichzeitig der Geschäftsleitung, dem Verwaltungs- oder Aufsichtsorgan und dem Vergütungskontrollausschuss, sofern ein solcher eingerichtet ist, vorzulegen. Das Verwaltungs- oder Aufsichtsorgan oder der Vergütungskontrollausschuss bestimmt unbeschadet des Satzes 1 über den Turnus für die Erstellung des Vergütungskontrollberichtes. Soweit erforderlich, haben Vergütungsbeauftragte auch anlassbezogen Bericht zu erstatten.</P></Content></text><fussnoten/></textdaten></norm>
<norm builddate="20250801215504" doknr="BJNR427000013BJNE002701118"><metadaten><jurabk>InstitutsVergV 2014</jurabk><enbez>§ 25</enbez><titel format="XML">Personal- und Sachausstattung der Vergütungsbeauftragten</titel></metadaten><textdaten><text format="XML"><Content><P>(1) Die Institute müssen Vergütungsbeauftragten eine angemessene quantitative und qualitative Personal- und Sachausstattung zur Verfügung stellen. Vergütungsbeauftragten unterstellte Mitarbeiter und Mitarbeiterinnen müssen die für ihre Tätigkeit erforderlichen Kenntnisse und Erfahrungen besitzen, insbesondere im Bereich der Vergütungssysteme und des Risikocontrollings. Durch geeignete Maßnahmen ist zu gewährleisten, dass das Qualifikationsniveau dieser Mitarbeiter und Mitarbeiterinnen die Ausübung der Tätigkeit ermöglicht.</P><P>(2) Die Vergütungsbeauftragten gemäß Absatz 1 unterstellten Mitarbeiter und Mitarbeiterinnen sind jeweils mit den zur wirksamen Ausübung ihrer Tätigkeit erforderlichen Befugnissen auszustatten.</P></Content></text><fussnoten/></textdaten></norm>
<norm builddate="20250801215504" doknr="BJNR427000013BJNE002801118"><metadaten><jurabk>InstitutsVergV 2014</jurabk><enbez>§ 26</enbez><titel format="XML">Vergütungsbeauftragte in den Organisationsrichtlinien</titel></metadaten><textdaten><text format="XML"><Content><P>Die Aufgaben und die organisatorische Einbindung des Vergütungsbeauftragten sind in den Organisationsrichtlinien des Instituts gemäß § 11 darzustellen.</P></Content></text><fussnoten/></textdaten></norm>
<norm builddate="20250801215504" doknr="BJNR427000013BJNG000401118"><metadaten><jurabk>InstitutsVergV 2014</jurabk><gliederungseinheit><gliederungskennzahl>040</gliederungskennzahl><gliederungsbez>Abschnitt 4</gliederungsbez><gliederungstitel>Ergänzende Vorschriften für Gruppen</gliederungstitel></gliederungseinheit></metadaten><textdaten><fussnoten/></textdaten></norm>
<norm builddate="20250801215504" doknr="BJNR427000013BJNE002905130"><metadaten><jurabk>InstitutsVergV 2014</jurabk><enbez>§ 27</enbez><titel format="XML">Gruppenweite Regelung der Vergütung</titel></metadaten><textdaten><text format="XML"><Content><P>(1) Das übergeordnete Unternehmen einer Gruppe hat eine gruppenweite Vergütungsstrategie festzulegen, welche die Grundsätze für angemessene, transparente, geschlechtsneutrale und auf eine nachhaltige Entwicklung der Gruppe ausgerichtete Vergütungssysteme vorgibt. Die gruppenweite Vergütungsstrategie hat die Anforderungen des § 25a Absatz 5 des Kreditwesengesetzes und der §§ 4 bis 13 dieser Verordnung in Bezug auf alle Mitarbeiter und Mitarbeiterinnen der gruppenangehörigen Unternehmen umzusetzen, wobei in nachgeordneten Unternehmen sowohl § 1 dieser Verordnung als auch § 2 Absatz 7 bis 8b, 9a, 9e, 9g und 9h des Kreditwesengesetzes vorbehaltlich der Regelungen in den Absätzen 2 und 4 entsprechend gelten. Das übergeordnete Unternehmen hat die Offenlegungsanforderungen gemäß § 16 auf konsolidierter Ebene zu erfüllen. Unterliegt ein nachgeordnetes Unternehmen mit Sitz im Ausland nach der dortigen Rechtsordnung strengeren Anforderungen als im Inland, hat das übergeordnete Unternehmen dies bei der Festlegung der gruppenweiten Vergütungsstrategie zu berücksichtigen und darauf hinzuwirken, dass das nachgeordnete Unternehmen die strengeren Anforderungen einhält.</P><P>(2) Ist das übergeordnete Unternehmen bedeutend gemäß § 1 Absatz 3c des Kreditwesengesetzes, hat es auf Grundlage einer gruppenweiten Risikoanalyse in entsprechender Anwendung des § 25a Absatz 5b des Kreditwesengesetzes die Gruppen-Risikoträger und Gruppen-Risikoträgerinnen zu ermitteln. Bei der Festlegung der gruppenweiten Vergütungsstrategie gemäß Absatz 1 hat es zusätzlich zu den Anforderungen gemäß Absatz 1 in Bezug auf die Gruppen-Risikoträger und Gruppen-Risikoträgerinnen die Anforderungen des § 25a Absatz 5 des Kreditwesengesetzes sowie die Anforderungen gemäß § 18 Absatz 1 und 3 bis 5 und der §§ 19 bis 22 in Bezug auf die Gruppen-Risikoträger und Gruppen-Risikoträgerinnen umzusetzen. Institute gemäß § 1 Absatz 3 Satz 2 haben die Gruppen-Risikoträger und Gruppen-Risikoträgerinnen gemäß § 25a Absatz 5b Satz 1 des Kreditwesengesetzes zu ermitteln und die Anforderungen gemäß den Sätzen 1 und 2, mit Ausnahme von § 19 Absatz 1 Satz 3 und 4 sowie § 20 Absatz 2, zu erfüllen.</P><P>(3) Die Anforderungen gemäß Absatz 1 Satz 2 sowie Absatz 2 sind nicht auf folgende nachgeordnete Unternehmen anzuwenden: <DL Type="arabic"><DT>1.</DT><DD Font="normal"><LA>Unternehmen mit Sitz in der Europäischen Union, die an besondere Vergütungsanforderungen nach Maßgabe anderer Rechtsakte der Europäischen Union gebunden sind;</LA></DD><DT>2.</DT><DD Font="normal"><LA>Unternehmen mit Sitz in einem Drittstaat, die an besondere Vergütungsanforderungen nach Maßgabe anderer Rechtsakte der Europäischen Union gebunden wären, wenn sie ihren Sitz in der Europäischen Union hätten.</LA></DD></DL></P><P>(4) Abweichend von Absatz 3 ist hinsichtlich Mitarbeitern und Mitarbeiterinnen, die in einem nachgeordneten Unternehmen tätig sind, welches entweder eine Kapitalverwaltungsgesellschaft im Sinne von § 17 des Kapitalanlagegesetzbuches, eine EU-Verwaltungsgesellschaft im Sinne von § 1 Absatz 17 des Kapitalanlagegesetzbuches oder eine ausländische AIF-Verwaltungsgesellschaft im Sinne des § 1 Absatz 18 des Kapitalanlagegesetzbuches ist oder die im Anhang I Abschnitt A Nummer 2, 3, 4, 6 und 7 der Richtlinie 2014/65/EU des Europäischen Parlaments und des Rates vom 15. Mai 2014 über Märkte für Finanzinstrumente sowie zur Änderung der Richtlinien 2002/92/EG und 2011/61/EU (ABl. L 173 vom 12.6.2014, S. 349; L 74 vom 18.3.2015, S. 38; L 188 vom 13.7.2016, S. 28; L 273 vom 8.10.2016, S. 35; L 64 vom 10.3.2017, S. 116; L 278 vom 27.10.2017, S. 56), die zuletzt durch die Verordnung (EU) 2019/2115 (ABl. L 320 vom 11.12.2019, S. 1) geändert worden ist, aufgeführten Wertpapierdienstleistungen und Anlagetätigkeiten ausführt, in der gruppenweiten Vergütungsstrategie die Einhaltung der Anforderungen gemäß Absatz 1 Satz 2 sowie Absatz 2 sicherzustellen, sofern sich deren berufliche Tätigkeit direkt und wesentlich auf das Risikoprofil oder die Geschäftstätigkeit mindestens eines CRR-Kreditinstitutes der Gruppe auswirkt.</P><P>(5) Das übergeordnete Unternehmen hat die Einhaltung der gruppenweiten Vergütungsstrategie in den nachgeordneten Unternehmen sicherzustellen. Soweit geboten, hat das übergeordnete Unternehmen auf die Einrichtung eines Vergütungskontrollausschusses in den nachgeordneten Unternehmen hinzuwirken, der die Anforderungen des § 25d Absatz 12 des Kreditwesengesetzes und des § 15 dieser Verordnung erfüllt.</P><P>(6) Die Aufgaben des Vergütungsbeauftragten gemäß § 24 können zentral durch den Vergütungsbeauftragten des übergeordneten Unternehmens erfüllt werden. Bei nachgeordneten Unternehmen, die keine bedeutenden Institute gemäß § 1 Absatz 3c des Kreditwesengesetzes sind, kann auch die Überprüfung gemäß § 12 Absatz 1 zentral durch das übergeordnete Unternehmen durchgeführt werden.</P></Content></text><fussnoten><Content><P>(+++ § 27: Zur erstmaligen Anwendung vgl. § 28 Abs. 1 +++)</P></Content></fussnoten></textdaten></norm>
<norm builddate="20250801215504" doknr="BJNR427000013BJNG000500000"><metadaten><jurabk>InstitutsVergV 2014</jurabk><gliederungseinheit><gliederungskennzahl>050</gliederungskennzahl><gliederungsbez>Abschnitt 5</gliederungsbez><gliederungstitel>Schlussvorschriften</gliederungstitel></gliederungseinheit></metadaten><textdaten/></norm>
<norm builddate="20250801215504" doknr="BJNR427000013BJNE003002128"><metadaten><jurabk>InstitutsVergV 2014</jurabk><enbez>§ 28</enbez><titel format="XML">(weggefallen)</titel></metadaten><textdaten><text format="XML"><Content><P/></Content></text><fussnoten/></textdaten></norm>
<norm builddate="20250801215504" doknr="BJNR427000013BJNE003100000"><metadaten><jurabk>InstitutsVergV 2014</jurabk><enbez>§ 29</enbez><titel format="XML">Inkrafttreten, Außerkrafttreten</titel></metadaten><textdaten><text format="XML"><Content><P>Diese Verordnung tritt am 1. Januar 2014 in Kraft. Gleichzeitig tritt die Instituts-Vergütungsverordnung vom 6. Oktober 2010 (BGBl. I S. 1374) außer Kraft.</P></Content></text></textdaten></norm>
</dokumente>