<?xml version="1.0" encoding="UTF-8" ?><!DOCTYPE dokumente SYSTEM "http://www.gesetze-im-internet.de/dtd/1.01/gii-norm.dtd">
<dokumente builddate="20240422215011" doknr="BJNR0850A0024"><norm builddate="20240422215011" doknr="BJNR0850A0024"><metadaten><jurabk>GAPAusnV 2</jurabk><amtabk>2. GAPAusnV</amtabk><ausfertigung-datum manuell="ja">2024-04-17</ausfertigung-datum><fundstelle typ="amtlich"><periodikum>BGBl I</periodikum><zitstelle>2024, Nr. 133</zitstelle></fundstelle><kurzue>Zweite GAP-Ausnahme-Verordnung</kurzue><langue>Verordnung zur Durchführung der im Rahmen der Gemeinsamen Agrarpolitik geltenden Ausnahmeregelung hinsichtlich der Anwendung des Standards Nummer 8 für den guten landwirtschaftlichen und ökologischen Zustand für das Antragsjahr 2024</langue></metadaten><textdaten><fussnoten><Content><P><BR/> <pre xml:space="preserve">(+++ Textnachweis ab: 23.4.2024 +++)<BR/><BR/></pre></P></Content></fussnoten></textdaten></norm>
<norm builddate="20240422215011" doknr="BJNR0850A0024BJNE000100000"><metadaten><jurabk>GAPAusnV 2</jurabk><jurabk>2. GAPAusnV</jurabk><enbez>Eingangsformel</enbez></metadaten><textdaten><text format="XML"><Content><P>Das Bundesministerium für Ernährung und Landwirtschaft verordnet, in Verbindung mit § 1 Absatz 2 des Zuständigkeitsanpassungsgesetzes vom 16. August 2002 (BGBl. I S. 3165) und dem Organisationserlass vom 8. Dezember 2021 (BGBl. I S. 5176), auf Grund des <DL Type="Dash"><DT>–</DT><DD Font="normal"><LA>§ 9a Satz 1 in Verbindung mit § 9b Absatz 2 Satz 1 des Marktorganisationsgesetzes in der Fassung der Bekanntmachung vom 7. November 2017 (BGBl. I S. 3746) in Verbindung mit § 2 des GAP-Konditionalitäten-Gesetzes vom 16. Juli 2021 (BGBl. I S. 2996), im Einvernehmen mit dem Bundesministerium der Finanzen, dem Bundesministerium für Wirtschaft und Klimaschutz und dem Bundesministerium für Umwelt, Naturschutz, nukleare Sicherheit und Verbraucherschutz,</LA></DD><DT>–</DT><DD Font="normal"><LA>§ 6 Absatz 1 Nummer 2 in Verbindung mit Absatz 4 Satz 1 des Marktorganisationsgesetzes in der Fassung der Bekanntmachung vom 7. November 2017 (BGBl. I S. 3746) in Verbindung mit § 2 des GAP-Integriertes Verwaltungs- und Kontrollsystem-Gesetzes vom 10. August 2021 (BGBl. I S. 3523) im Einvernehmen mit dem Bundesministerium der Finanzen und dem Bundesministerium für Wirtschaft und Klimaschutz,</LA></DD><DT>–</DT><DD Font="normal"><LA>§ 6 Absatz 1 Nummer 2 in Verbindung mit Absatz 4 Satz 1 des Marktorganisationsgesetzes in der Fassung der Bekanntmachung vom 7. November 2017 (BGBl. I S. 3746) in Verbindung mit den §§ 2 und 20 Absatz 2 des GAP-Direktzahlungen-Gesetzes vom 16. Juli 2021 (BGBl. I S. 3003) im Einvernehmen mit dem Bundesministerium der Finanzen, dem Bundesministerium für Wirtschaft und Klimaschutz und dem Bundesministerium für Umwelt, Naturschutz, nukleare Sicherheit und Verbraucherschutz,</LA></DD><DT>–</DT><DD Font="normal"><LA>§ 23 Absatz 1 Nummer 2 in Verbindung mit § 11 Absatz 2 des GAP-Konditionalitäten-Gesetzes vom 16. Juli 2021 (BGBl. I S. 2996) im Einvernehmen mit dem Bundesministerium der Finanzen, dem Bundesministerium für Wirtschaft und Klimaschutz und dem Bundesministerium für Umwelt, Naturschutz, nukleare Sicherheit und Verbraucherschutz,</LA></DD><DT>–</DT><DD Font="normal"><LA>§ 17 Absatz 1 Satz 2 Nummer 1 und 2 Buchstabe a des GAP-Integriertes Verwaltungs- und Kontrollsystem-Gesetzes vom 10. August 2021 (BGBl. I S. 3523) im Einvernehmen mit dem Bundesministerium der Finanzen und dem Bundesministerium für Wirtschaft und Klimaschutz:</LA></DD></DL></P></Content></text></textdaten></norm>
<norm builddate="20240422215011" doknr="BJNR0850A0024BJNE000200000"><metadaten><jurabk>GAPAusnV 2</jurabk><jurabk>2. GAPAusnV</jurabk><enbez>§ 1</enbez><titel format="XML">Anwendungsbereich</titel></metadaten><textdaten><text format="XML"><Content><P>Diese Verordnung dient der Durchführung der Durchführungsverordnung (EU) 2024/587 der Kommission vom 12. Februar 2024 zur Ermöglichung einer Ausnahmeregelung von der Verordnung (EU) 2021/2115 des Europäischen Parlaments und des Rates hinsichtlich der Anwendung des Standards für den guten landwirtschaftlichen und ökologischen Zustand (GLÖZ-Standard) Nr. 8, der Fristen für die Förderfähigkeit von Ausgaben im Rahmen des EGFL und der Vorschriften für Änderungen von GAP-Strategieplänen zur Änderung bestimmter Öko-Regelungen für das Antragsjahr 2024 (ABl. L, 2024/587, 13.2.2024) in der jeweils geltenden Fassung.</P></Content></text></textdaten></norm>
<norm builddate="20240422215011" doknr="BJNR0850A0024BJNE000300000"><metadaten><jurabk>GAPAusnV 2</jurabk><jurabk>2. GAPAusnV</jurabk><enbez>§ 2</enbez><titel format="XML">Zusätzliche Anrechnungsmöglichkeit für Flächen mit stickstoffbindenden Pflanzen oder Zwischenfrüchten</titel></metadaten><textdaten><text format="XML"><Content><P>Zur Erfüllung der Verpflichtung nach § 11 des GAP-Konditionalitäten-Gesetzes in Verbindung mit § 19 der GAP-Konditionalitäten-Verordnung können zusätzlich zu den Anrechnungsmöglichkeiten nach § 20 Absatz 1 der GAP-Konditionalitäten-Verordnung für das Antragsjahr 2024 Flächen angerechnet werden, die <DL Type="arabic"><DT>1.</DT><DD Font="normal"><LA>für den Anbau von stickstoffbindenden Pflanzen als Hauptkultur oder</LA></DD><DT>2.</DT><DD Font="normal"><LA>für den Anbau von Zwischenfrüchten</LA></DD></DL>genutzt werden. In allen Fällen des Satzes 1 dürfen Pflanzenschutzmittel nicht angewendet werden. In den Fällen des Satzes 1 Nummer 2 muss der nach guter fachlicher Praxis etablierte Bestand bis mindestens 31. Dezember des Antragsjahres auf der Fläche vorhanden sein.</P></Content></text></textdaten></norm>
<norm builddate="20240422215011" doknr="BJNR0850A0024BJNE000400000"><metadaten><jurabk>GAPAusnV 2</jurabk><jurabk>2. GAPAusnV</jurabk><enbez>§ 3</enbez><titel format="XML">Berücksichtigung bei Öko-Regelungen</titel></metadaten><textdaten><text format="XML"><Content><P>Flächen, die von einem Betriebsinhaber zur Erfüllung der in § 2 Satz 1 Nummer 1 genannten Verpflichtung herangezogen werden und die Voraussetzungen hierfür erfüllen, sind für das Antragsjahr 2024 nicht nach Anlage 5 Nummer 2.1 der GAP-Direktzahlungen-Verordnung begünstigungsfähig für die Öko-Regelung nach § 20 Absatz 1 Nummer 2 des GAP-Direktzahlungen-Gesetzes. Für diese Flächen gelten für die Anwendung von Anlage 5 Nummer 2 der GAP-Direktzahlungen-Verordnung für das Antragsjahr 2024 die Bestimmungen für brachliegendes Ackerland.</P></Content></text></textdaten></norm>
<norm builddate="20240422215011" doknr="BJNR0850A0024BJNE000500000"><metadaten><jurabk>GAPAusnV 2</jurabk><jurabk>2. GAPAusnV</jurabk><enbez>§ 4</enbez><titel format="XML">Ergänzende Angaben im Sammelantrag</titel></metadaten><textdaten><text format="XML"><Content><P>Sofern ein Betriebsinhaber im Sammelantrag für das Jahr 2024 Flächen nach § 2 Satz 1 zur Erfüllung der dort genannten Verpflichtung angibt, hat er mit dem Sammelantrag Angaben zu den in § 21 Absatz 1 Nummer 4 GAPInVeKoS-Verordnung bezeichneten Einzelheiten zu übermitteln.</P></Content></text></textdaten></norm>
<norm builddate="20240422215011" doknr="BJNR0850A0024BJNE000600000"><metadaten><jurabk>GAPAusnV 2</jurabk><jurabk>2. GAPAusnV</jurabk><enbez>§ 5</enbez><titel format="XML">Inkrafttreten</titel></metadaten><textdaten><text format="XML"><Content><P>Diese Verordnung tritt am Tag nach der Verkündung in Kraft.</P></Content></text></textdaten></norm>
<norm builddate="20240422215011" doknr="BJNR0850A0024BJNE000700000"><metadaten><jurabk>GAPAusnV 2</jurabk><jurabk>2. GAPAusnV</jurabk><enbez>Schlussformel</enbez></metadaten><textdaten><text format="XML"><Content><P>Der Bundesrat hat zugestimmt.</P><P/></Content></text></textdaten></norm>
</dokumente>