<?xml version="1.0" encoding="UTF-8" ?><!DOCTYPE dokumente SYSTEM "http://www.gesetze-im-internet.de/dtd/1.01/gii-norm.dtd">
<dokumente builddate="20190924212504" doknr="BJNR138200019"><norm builddate="20190924212504" doknr="BJNR138200019"><metadaten><jurabk>Münz20EuroBek 2019-08-07/5</jurabk><ausfertigung-datum manuell="ja">2019-08-07</ausfertigung-datum><fundstelle typ="amtlich"><periodikum>BGBl I</periodikum><zitstelle>2019, 1382</zitstelle></fundstelle><langue>Bekanntmachung über die Ausprägung von deutschen Euro-Gedenkmünzen im Nennwert von 20 Euro (Gedenkmünze „100 Jahre Weimarer Reichsverfassung“)</langue></metadaten><textdaten><fussnoten><Content><P><BR/> <pre xml:space="preserve">(+++ Textnachweis ab: 16.9.2019 +++)<BR/><BR/></pre></P></Content></fussnoten></textdaten></norm>
<norm builddate="20190924212504" doknr="BJNR138200019BJNE000100000"><metadaten><jurabk>Münz20EuroBek 2019-08-07/5</jurabk><enbez>(XXXX)</enbez></metadaten><textdaten><text format="XML"><Content><P>Gemäß den §§ 2, 4 und 5 des Münzgesetzes vom 16. Dezember 1999 (BGBl. I S. 2402) hat die Bundesregierung beschlossen, zum Thema „100 Jahre Weimarer Reichsverfassung“ eine deutsche Euro-Gedenkmünze im Nennwert von 20 Euro prägen zu lassen. Die Münze würdigt das 100. Jubiläum des Inkrafttretens der ersten demokratischen Verfassung Deutschlands.</P><P>Die Auflage der Münze beträgt ca. 1,0 Millionen Stück, davon ca. 0,1 Millionen Stück in Spiegelglanzqualität. Die Prägung erfolgt durch die Staatliche Münze Berlin (Prägezeichen A).</P><P>Die Münze wird ab dem 8. August 2019 in den Verkehr gebracht. Sie besteht aus einer Legierung von 925 Tausendteilen Silber und 75 Tausendteilen Kupfer, hat einen Durchmesser von 32,5 Millimetern und eine Masse von 18 Gramm. Das Gepräge auf beiden Seiten ist erhaben und wird von einem schützenden, glatten Randstab umgeben.</P><P>Im Zentrum der Bildseite findet sich ein Ausschnitt der durch die Weimarer Reichsverfassung eingeführten Flagge, die – als erstes Motivelement auf einer Silbermünze der Bundesrepublik Deutschland – farbig dargestellt wird. Die Farbigkeit ist dabei nicht bloßes Dekor, sondern bringt die in den Reichsfarben symbolisierten Entscheidungen für die Republik und die Demokratie zum Ausdruck. Der in einer rosettenhaften Anordnung zitierte Artikel 1 der Reichsverfassung bringt die beiden zentralen Ergebnisse der Revolution von 1918 auf den Punkt: den Übergang von der Monarchie zur Republik und die Legitimation der Staatsgewalt durch das Prinzip der Volkssouveränität.</P><P>Die Wertseite zeigt einen Adler, den Schriftzug „BUNDESREPUBLIK DEUTSCHLAND“, Wertziffer und Wertbezeichnung, das Prägezeichen „A“ der Staatlichen Münze Berlin, die Jahreszahl 2019 sowie die zwölf Europasterne. Auf der Wertseite der Münze ist zusätzlich die Angabe „SILBER 925“ aufgeprägt.</P><P>Der glatte Münzrand enthält in vertiefter Prägung die Inschrift:</P><P>„NATIONALVERSAMMLUNG WEIMAR 1919 <F>●</F>“.</P><P>Der Entwurf stammt von dem Künstler Frantisek Chochola aus Hamburg.</P></Content></text></textdaten></norm>
<norm builddate="20190924212504" doknr="BJNR138200019BJNE000200000"><metadaten><jurabk>Münz20EuroBek 2019-08-07/5</jurabk><enbez>Schlussformel</enbez></metadaten><textdaten><text format="XML"><Content><P><SP>Der Bundesminister der Finanzen</SP></P></Content></text></textdaten></norm>
<norm builddate="20190924212504" doknr="BJNR138200019BJNE000300000"><metadaten><jurabk>Münz20EuroBek 2019-08-07/5</jurabk><enbez>(XXXX)</enbez></metadaten><textdaten><text format="XML"><Content><P><noindex><kommentar typ="Fundstelle">(Fundstelle: BGBl. I 2019, 1382)</kommentar></noindex></P><BR/><table colsep="0" frame="none" pgwide="1" rowsep="0" tocentry="%yes;"><tgroup align="left" char="" charoff="50" cols="2"><colspec align="center" colname="col1" colwidth="82.5*"/><colspec align="center" colname="col2" colwidth="82.5*"/><tbody valign="top"><row><entry VJ="1" colname="col1"><IMG Align="center" Height="208" Pos="inline" SRC="bgbl1_2019_j1382-1_0010.jpg" Type="jpg" Units="72" Width="213" alt=""/></entry><entry VJ="1" colname="col2"><IMG Align="center" Height="208" Pos="inline" SRC="bgbl1_2019_j1382-1_0020.jpg" Type="jpg" Units="72" Width="213" alt=""/></entry></row></tbody></tgroup></table></Content></text></textdaten></norm>
</dokumente>