<?xml version="1.0" encoding="UTF-8" ?><!DOCTYPE dokumente SYSTEM "http://www.gesetze-im-internet.de/dtd/1.01/gii-norm.dtd">
<dokumente builddate="20120625151350" doknr="BJNR208760965"><norm builddate="20120625151350" doknr="BJNR208760965"><metadaten><jurabk>UrkBefrÜbk Haag</jurabk><ausfertigung-datum manuell="ja">1961-10-05</ausfertigung-datum><fundstelle typ="amtlich"><periodikum>BGBl II</periodikum><zitstelle>1965, 876</zitstelle></fundstelle><langue>Übereinkommen zur Befreiung ausländischer öffentlicher Urkunden von der
Legalisation</langue></metadaten><textdaten><text format="decorated"/><fussnoten><Content><P>G v. 21.6.1965 II 875 <BR/>In Kraft gem. Bek. v. 12.2.1966 II 106 mWv 13.2.1966</P></Content></fussnoten></textdaten></norm>
</dokumente>