<?xml version="1.0" encoding="UTF-8" ?><!DOCTYPE dokumente SYSTEM "http://www.gesetze-im-internet.de/dtd/1.01/gii-norm.dtd">
<dokumente builddate="20130405124744" doknr="BJNR004200004"><norm builddate="20130405124744" doknr="BJNR004200004"><metadaten><jurabk>BAföGZustV 2004</jurabk><ausfertigung-datum manuell="ja">2004-01-06</ausfertigung-datum><fundstelle typ="amtlich"><periodikum>BGBl I</periodikum><zitstelle>2004, 42</zitstelle></fundstelle><kurzue>BAföG-AuslandszuständigkeitsV</kurzue><langue>Verordnung über die örtliche Zuständigkeit für Ausbildungsförderung im
Ausland</langue><standangabe checked="ja"><standtyp>Stand</standtyp><standkommentar>Geändert durch Art. 1 V v. 19.10.2011 I 2098</standkommentar></standangabe></metadaten><textdaten><text format="XML"><Content><P/></Content></text><fussnoten><Content><P><BR/> <pre xml:space="preserve">(+++ Textnachweis ab:  1. 4.2004 +++)<BR/><BR/></pre></P></Content></fussnoten></textdaten></norm>
<norm builddate="20130405124744" doknr="BJNR004200004BJNE000100000"><metadaten><jurabk>BAföGZustV 2004</jurabk><enbez>Eingangsformel</enbez></metadaten><textdaten><text format="XML"><Content><P>Auf Grund des § 45 Abs. 4 Satz 2 des Bundesausbildungsförderungsgesetzes in der Fassung der Bekanntmachung vom 6. Juni 1983 (BGBl. I S. 645, 1680), der zuletzt durch Artikel 1 Nr. 12 des Gesetzes vom 7. Mai 1999 (BGBl. I S. 850) geändert worden ist, verordnet das Bundesministerium für Bildung und Forschung:</P></Content></text></textdaten></norm>
<norm builddate="20130405124744" doknr="BJNR004200004BJNE000201310"><metadaten><jurabk>BAföGZustV 2004</jurabk><enbez>§ 1</enbez><titel format="XML">Örtliche Zuständigkeit</titel></metadaten><textdaten><text format="XML"><Content><P>(1) Das nach § 45 Abs. 4 des Bundesausbildungsförderungsgesetzes örtlich zuständige Amt für Ausbildungsförderung wird bestimmt für Auszubildende, die eine Ausbildungsstätte besuchen, die gelegen ist <DL Font="normal" Type="arabic"><DT>1.</DT><DD Font="normal"><LA Size="normal">in Asien mit Ausnahme von Armenien, Aserbaidschan, Kasachstan, Kirgisistan, Tadschikistan, Turkmenistan und Usbekistan, in Spanien oder der Türkei</LA><LA Size="normal">durch das Land Baden-Württemberg,</LA></DD><DT>2.</DT><DD Font="normal"><LA Size="normal">in Liechtenstein, Österreich oder der Schweiz</LA><LA Size="normal">durch das Land Bayern,</LA></DD><DT>3.</DT><DD Font="normal"><LA Size="normal">in Italien, San Marino oder Vatikanstadt</LA><LA Size="normal">durch das Land Berlin,</LA></DD><DT>4.</DT><DD Font="normal"><LA Size="normal">in Afrika oder Ozeanien</LA><LA Size="normal">durch das Land Brandenburg,</LA></DD><DT>5.</DT><DD Font="normal"><LA Size="normal">in Amerika mit Ausnahme der Vereinigten Staaten von Amerika und mit Ausnahme von Kanada</LA><LA Size="normal">durch das Land Bremen,</LA></DD><DT>6.</DT><DD Font="normal"><LA Size="normal">in den Vereinigten Staaten von Amerika</LA><LA Size="normal">durch das Land Hamburg,</LA></DD><DT>7.</DT><DD Font="normal"><LA Size="normal">in Albanien, Bosnien und Herzegowina, Griechenland, Kosovo, Kroatien, Mazedonien, Montenegro, Serbien, Slowenien, Zypern oder Australien</LA><LA Size="normal">durch das Land Hessen,</LA></DD><DT>8.</DT><DD Font="normal"><LA Size="normal">in Schweden</LA><LA Size="normal">durch das Land Mecklenburg-Vorpommern,</LA></DD><DT>9.</DT><DD Font="normal"><LA Size="normal">in Großbritannien oder Irland</LA><LA Size="normal">durch das Land Niedersachsen,</LA></DD><DT>10.</DT><DD Font="normal"><LA Size="normal">Belgien, Luxemburg oder den Niederlanden</LA><LA Size="normal">durch das Land Nordrhein-Westfalen,</LA></DD><DT>11.</DT><DD Font="normal"><LA Size="normal">in Andorra, Frankreich oder Monaco</LA><LA Size="normal">durch das Land Rheinland-Pfalz,</LA></DD><DT>12.</DT><DD Font="normal"><LA Size="normal">in Malta oder Portugal</LA><LA Size="normal">durch das Saarland,</LA></DD><DT>13.</DT><DD Font="normal"><LA Size="normal">in Finnland</LA><LA Size="normal">durch das Land Sachsen-Anhalt,</LA></DD><DT>14.</DT><DD Font="normal"><LA Size="normal">in Armenien, Aserbaidschan, Bulgarien, Estland, Georgien, Kasachstan, Kirgisistan, Lettland, Litauen, der Moldau, Polen, Rumänien, der Russischen Föderation, der Slowakei, Tadschikistan, Tschechien, Turkmenistan, der Ukraine, Ungarn, Usbekistan oder Weißrussland</LA><LA Size="normal">durch das Land Sachsen,</LA></DD><DT>15.</DT><DD Font="normal"><LA Size="normal">in Dänemark, Island oder Norwegen</LA><LA Size="normal">durch das Land Schleswig-Holstein,</LA></DD><DT>16.</DT><DD Font="normal"><LA Size="normal">in Kanada</LA><LA Size="normal">durch das Land Thüringen.</LA></DD></DL></P><P>(2) Wird ein neuer Staat gebildet, so besteht für Auszubildende, die eine auf seinem Gebiet gelegene Ausbildungsstätte besuchen, die örtliche Zuständigkeit des nach Absatz 1 bestimmten Amtes für Ausbildungsförderung fort.</P></Content></text><fussnoten/></textdaten></norm>
<norm builddate="20130405124744" doknr="BJNR004200004BJNE000301310"><metadaten><jurabk>BAföGZustV 2004</jurabk><enbez>§ 2</enbez><titel format="XML">Zeitlicher Anwendungsbereich</titel></metadaten><textdaten><text format="XML"><Content><P>Diese Verordnung gilt bei Entscheidungen über Bewilligungszeiträume, die nach dem 31. Dezember 2011 beginnen. Für Bewilligungszeiträume, die in der Zeit zwischen dem 31. März 2004 und dem 1. Januar 2012 begonnen haben, gilt diese Verordnung in der bis zum 31. Dezember 2011 geltenden Fassung.</P></Content></text><fussnoten/></textdaten></norm>
<norm builddate="20130405124744" doknr="BJNR004200004BJNE000400000"><metadaten><jurabk>BAföGZustV 2004</jurabk><enbez>§ 3</enbez><titel format="parat">Inkrafttreten, Außerkrafttreten</titel></metadaten><textdaten><text format="XML"><Content><P>Diese Verordnung tritt am 1. April 2004 in Kraft.</P></Content></text><fussnoten/></textdaten></norm>
<norm builddate="20130405124744" doknr="BJNR004200004BJNE000500000"><metadaten><jurabk>BAföGZustV 2004</jurabk><enbez>Schlussformel</enbez></metadaten><textdaten><text format="XML"><Content><P>Der Bundesrat hat zugestimmt.</P></Content></text></textdaten></norm>
</dokumente>