<?xml version="1.0" encoding="UTF-8" ?><!DOCTYPE dokumente SYSTEM "http://www.gesetze-im-internet.de/dtd/1.01/gii-norm.dtd">
<dokumente builddate="20241018215005" doknr="BJNR515520991"><norm builddate="20241018215005" doknr="BJNR515520991"><metadaten><jurabk>LuftVODV 106</jurabk><ausfertigung-datum manuell="ja">1991-08-02</ausfertigung-datum><fundstelle typ="amtlich"><periodikum>BAnz</periodikum><zitstelle>1991, Nr 155, 5630</zitstelle></fundstelle><fundstelle typ="amtlich"><periodikum>BAnz</periodikum><zitstelle>1991, 5630</zitstelle></fundstelle><langue>Einhundertsechste Durchführungsverordnung zur Luftverkehrs-Ordnung (Festlegung von Flugverfahren für An- und Abflüge nach Sichtflugregeln zum und vom Flughafen Erfurt-Weimar)</langue></metadaten><textdaten><text format="decorated"/><fussnoten><Content><P>Wegen nicht darstellbarer Zeichen nur mit der Überschrift aufgenommen <BR/>Rückwirkend in Kraft durch Art. 3 Nr. 2 G v. 23.7.1992 I 1370 mWv 5.9.1991 <BR/>Überschrift: IdF d. Art. 1 Nr. 1 V v. 23.2.2016 BAnz AT 09.03.2016 V1 mWv 10.3.2016</P></Content></fussnoten></textdaten></norm>
</dokumente>