<?xml version="1.0" encoding="UTF-8" ?><!DOCTYPE dokumente SYSTEM "http://www.gesetze-im-internet.de/dtd/1.01/gii-norm.dtd">
<dokumente builddate="20120625150425" doknr="BJNR209490965"><norm builddate="20120625150425" doknr="BJNR209490965"><metadaten><jurabk>ATAÜbk</jurabk><ausfertigung-datum manuell="ja">1961-12-06</ausfertigung-datum><fundstelle typ="amtlich"><periodikum>BGBl II</periodikum><zitstelle>1965, 949</zitstelle></fundstelle><kurzue>A.T.A.-Übereinkommen</kurzue><langue>Zollübereinkommen über das Carnet A.T.A. für die vorübergehende Einfuhr
von Waren</langue></metadaten><textdaten><text format="decorated"/><fussnoten><Content><P>G v. 11.7.1965 II 948 <BR/>Inkraft gem. Bek. v. 6.1.1966 II 52 mWv 16.1.1966</P></Content></fussnoten></textdaten></norm>
</dokumente>