<?xml version="1.0" encoding="UTF-8" ?><!DOCTYPE dokumente SYSTEM "http://www.gesetze-im-internet.de/dtd/1.01/gii-norm.dtd">
<dokumente builddate="20190315212503" doknr="BJNR078000016"><norm builddate="20190315212503" doknr="BJNR078000016"><metadaten><jurabk>KVAV</jurabk><amtabk>KVAV</amtabk><ausfertigung-datum manuell="ja">2016-04-18</ausfertigung-datum><fundstelle typ="amtlich"><periodikum>BGBl I</periodikum><zitstelle>2016, 780</zitstelle></fundstelle><kurzue>Krankenversicherungsaufsichtsverordnung</kurzue><langue>Verordnung betreffend die Aufsicht über die Geschäftstätigkeit in der privaten Krankenversicherung</langue><standangabe checked="ja"><standtyp>Stand</standtyp><standkommentar>Zuletzt geändert durch Art. 6 Abs. 9 G v. 19.12.2018 I 2672</standkommentar></standangabe></metadaten><textdaten><fussnoten><Content><P><BR/> <pre xml:space="preserve">(+++ Textnachweis ab: 22.4.2016 +++) <BR/>(+++ Zur Anwendung vgl. §§ 27 Abs. 2, 27 Abs. 6 +++) <BR/><BR/></pre></P></Content></fussnoten></textdaten></norm>
<norm builddate="20190315212503" doknr="BJNR078000016BJNE000100000"><metadaten><jurabk>KVAV</jurabk><enbez>Eingangsformel</enbez></metadaten><textdaten><text format="XML"><Content><P>Das Bundesministerium der Finanzen verordnet auf Grund <DL Type="Dash"><DT>–</DT><DD Font="normal"><LA>des § 160 Satz 1 Nummer 6 in Verbindung mit Satz 3 des Versicherungsaufsichtsgesetzes vom 1. April 2015 (BGBl. I S. 434),</LA></DD><DT>–</DT><DD Font="normal"><LA>des § 160 Satz 1 Nummer 1 bis 5 und 7 in Verbindung mit Satz 3 des Versicherungsaufsichtsgesetzes vom 1. April 2015 (BGBl. I S. 434) im Einvernehmen mit dem Bundesministerium der Justiz und für Verbraucherschutz:</LA></DD></DL></P></Content></text></textdaten></norm>
<norm builddate="20190315212503" doknr="BJNR078000016BJNE000200000"><metadaten><jurabk>KVAV</jurabk><enbez>Inhaltsübersicht</enbez></metadaten><textdaten><text format="XML"><TOC><Ident Class="S0">Kapitel 1</Ident><Title Align="auto" Class="S0">Methoden zur Berechnung<BR/> der Prämien und Rückstellungen</Title><table colsep="0" frame="none" pgwide="1" rowsep="0" tocentry="%yes;"><tgroup align="left" char="" charoff="50" cols="2"><colspec colname="col1" colwidth="10*"/><colspec align="justify" colname="col2" colwidth="70*"/><tbody valign="top"><row><entry VJ="1" colname="col1">§  1</entry><entry VJ="1" colname="col2">Versicherungsmathematische Methoden in der Krankenversicherung</entry></row><row><entry VJ="1" colname="col1">§  2</entry><entry VJ="1" colname="col2">Rechnungsgrundlagen</entry></row><row><entry VJ="1" colname="col1">§  3</entry><entry VJ="1" colname="col2">Gleiche Rechnungsgrundlagen</entry></row><row><entry VJ="1" colname="col1">§  4</entry><entry VJ="1" colname="col2">Rechnungszins</entry></row><row><entry VJ="1" colname="col1">§  5</entry><entry VJ="1" colname="col2">Ausscheideordnung</entry></row><row><entry VJ="1" colname="col1">§  6</entry><entry VJ="1" colname="col2">Kopfschäden</entry></row><row><entry VJ="1" colname="col1">§  7</entry><entry VJ="1" colname="col2">Sicherheitszuschlag</entry></row><row><entry VJ="1" colname="col1">§  8</entry><entry VJ="1" colname="col2">Grundsätze für die Bemessung der sonstigen Zuschläge</entry></row><row><entry VJ="1" colname="col1">§  9</entry><entry VJ="1" colname="col2">Dokumentationspflichten</entry></row><row><entry VJ="1" colname="col1">§ 10</entry><entry VJ="1" colname="col2">Prämienberechnung</entry></row><row><entry VJ="1" colname="col1">§ 11</entry><entry VJ="1" colname="col2">Berechnung der Prämien bei Prämienanpassung</entry></row></tbody></tgroup></table><Ident Class="S0">Kapitel 2</Ident><Title Align="auto" Class="S0">Tarifwechsel</Title><table colsep="0" frame="none" pgwide="1" rowsep="0" tocentry="%yes;"><tgroup align="left" char="" charoff="50" cols="2"><colspec colname="col1" colwidth="10*"/><colspec align="justify" colname="col2" colwidth="70*"/><tbody valign="top"><row><entry VJ="1" colname="col1">§ 12</entry><entry VJ="1" colname="col2">Tarife mit gleichartigem Versicherungsschutz</entry></row><row><entry VJ="1" colname="col1">§ 13</entry><entry VJ="1" colname="col2">Anrechnung der erworbenen Rechte und der Alterungsrückstellung bei einem Tarifwechsel</entry></row><row><entry VJ="1" colname="col1">§ 14</entry><entry VJ="1" colname="col2">Übertragungswert</entry></row></tbody></tgroup></table><Ident Class="S0">Kapitel 3</Ident><Title Align="auto" Class="S0">Prämienanpassung</Title><table colsep="0" frame="none" pgwide="1" rowsep="0" tocentry="%yes;"><tgroup align="left" char="" charoff="50" cols="2"><colspec colname="col1" colwidth="10*"/><colspec align="justify" colname="col2" colwidth="70*"/><tbody valign="top"><row><entry VJ="1" colname="col1">§ 15</entry><entry VJ="1" colname="col2">Verfahren zur Gegenüberstellung der erforderlichen und der kalkulierten Versicherungsleistungen</entry></row><row><entry VJ="1" colname="col1">§ 16</entry><entry VJ="1" colname="col2">Verfahren zur Gegenüberstellung der kalkulierten Sterbewahrscheinlichkeiten und der zuletzt veröffentlichten Sterbewahrscheinlichkeiten</entry></row><row><entry VJ="1" colname="col1">§ 17</entry><entry VJ="1" colname="col2">Vorlagefristen</entry></row></tbody></tgroup></table><Ident Class="S0">Kapitel 4</Ident><Title Align="auto" Class="S0">Alterungsrückstellung</Title><table colsep="0" frame="none" pgwide="1" rowsep="0" tocentry="%yes;"><tgroup align="left" char="" charoff="50" cols="2"><colspec colname="col1" colwidth="10*"/><colspec align="justify" colname="col2" colwidth="70*"/><tbody valign="top"><row><entry VJ="1" colname="col1">§ 18</entry><entry VJ="1" colname="col2">Alterungsrückstellung</entry></row><row><entry VJ="1" colname="col1">§ 19</entry><entry VJ="1" colname="col2">Ermittlung des Überzinses</entry></row><row><entry VJ="1" colname="col1">§ 20</entry><entry VJ="1" colname="col2">Verteilung der Direktgutschrift</entry></row><row><entry VJ="1" colname="col1">§ 21</entry><entry VJ="1" colname="col2">Verteilung des Betrages nach § 150 Absatz 4 des Versicherungsaufsichtsgesetzes</entry></row><row><entry VJ="1" colname="col1">§ 22</entry><entry VJ="1" colname="col2">Mindestzuführung zur Rückstellung für erfolgsabhängige Beitragsrückerstattung</entry></row></tbody></tgroup></table><Ident Class="S0">Kapitel 5</Ident><Title Align="auto" Class="S0">Mitteilungspflichten<BR/> und Ordnungswidrigkeiten</Title><table colsep="0" frame="none" pgwide="1" rowsep="0" tocentry="%yes;"><tgroup align="left" char="" charoff="50" cols="2"><colspec colname="col1" colwidth="10*"/><colspec align="justify" colname="col2" colwidth="70*"/><tbody valign="top"><row><entry VJ="1" colname="col1">§ 23</entry><entry VJ="1" colname="col2">Mitteilungspflichten von Daten zu den Versicherungsbeständen</entry></row><row><entry VJ="1" colname="col1">§ 24</entry><entry VJ="1" colname="col2">Ordnungswidrigkeiten</entry></row></tbody></tgroup></table><Ident Class="S0">Kapitel 6</Ident><Title Align="auto" Class="S0">Schlussvorschriften</Title><table colsep="0" frame="none" pgwide="1" rowsep="0" tocentry="%yes;"><tgroup align="left" char="" charoff="50" cols="3"><colspec colname="col1" colwidth="10*"/><colspec align="justify" colname="col2" colwidth="5*"/><colspec align="justify" colname="col3" colwidth="65*"/><tbody valign="top"><row><entry VJ="1" colname="col1">§ 25</entry><entry VJ="1" nameend="col3" namest="col2">Leistungen wegen Schwangerschaft und Mutterschaft</entry></row><row><entry VJ="1" colname="col1">§ 26</entry><entry VJ="1" nameend="col3" namest="col2">Ausnahmevorschrift</entry></row><row><entry VJ="1" colname="col1">§ 27</entry><entry VJ="1" nameend="col3" namest="col2">Übergangsvorschriften</entry></row><row><entry VJ="1" colname="col1">§ 28</entry><entry VJ="1" nameend="col3" namest="col2">Inkrafttreten</entry></row><row><entry VJ="1" nameend="col2" namest="col1">Anlage 1</entry><entry VJ="1" colname="col3">Prämienberechnung nach § 10 Absatz 5, § 11 Absatz 2 und § 13 Absatz 5</entry></row><row><entry VJ="1" nameend="col2" namest="col1">Anlage 2</entry><entry VJ="1" colname="col3">Berechnung des Grundkopfschadens und der erforderlichen Versicherungsleistungen nach § 15 Absatz 2 und 3</entry></row></tbody></tgroup></table></TOC></text></textdaten></norm>
<norm builddate="20190315212503" doknr="BJNR078000016BJNG000100000"><metadaten><jurabk>KVAV</jurabk><gliederungseinheit><gliederungskennzahl>010</gliederungskennzahl><gliederungsbez>Kapitel 1</gliederungsbez><gliederungstitel>Methoden zur Berechnung der Prämien und Rückstellungen</gliederungstitel></gliederungseinheit></metadaten><textdaten/></norm>
<norm builddate="20190315212503" doknr="BJNR078000016BJNE000300000"><metadaten><jurabk>KVAV</jurabk><enbez>§ 1</enbez><titel format="XML">Versicherungsmathematische Methoden in der Krankenversicherung</titel></metadaten><textdaten><text format="XML"><Content><P>Versicherungsmathematische Methoden zur Berechnung der Prämien und Rückstellungen in der nach Art der Lebensversicherung betriebenen Krankenversicherung sind die nach den anerkannten Regeln der Versicherungsmathematik unter Verwendung der in den §§ 2 und 4 bis 8 näher bezeichneten Rechnungsgrundlagen erfolgenden Berechnungen der Prämien und der Alterungsrückstellungen nach Maßgabe der §§ 3, 10, 11, 13, 14 und 18.</P></Content></text></textdaten></norm>
<norm builddate="20190315212503" doknr="BJNR078000016BJNE000400000"><metadaten><jurabk>KVAV</jurabk><enbez>§ 2</enbez><titel format="XML">Rechnungsgrundlagen</titel></metadaten><textdaten><text format="XML"><Content><P>(1) Rechnungsgrundlagen sind: <DL Type="arabic"><DT>1.</DT><DD Font="normal"><LA>der Rechnungszins,</LA></DD><DT>2.</DT><DD Font="normal"><LA>die Ausscheideordnung,</LA></DD><DT>3.</DT><DD Font="normal"><LA>die Kopfschäden,</LA></DD><DT>4.</DT><DD Font="normal"><LA>der Sicherheitszuschlag,</LA></DD><DT>5.</DT><DD Font="normal"><LA>die sonstigen Zuschläge und</LA></DD><DT>6.</DT><DD Font="normal"><LA>die Übertrittswahrscheinlichkeiten zur Berechnung des Übertragungswertes nach § 14.</LA></DD></DL></P><P>(2) Weitere Rechnungsgrundlagen sind die Krankheitsdauern und die Leistungstage, die Anzahl der Krankenhaus- und der Pflegetage, die Krankenhaus-, die Pflegehäufigkeiten, die Krankheits- und die Pflegekosten bezogen auf den Leistungstag sowie andere geeignete Rechnungsgrundlagen, die zur Festlegung der Kopfschäden oder Ausscheidewahrscheinlichkeiten erforderlich sind.</P><P>(3) Die Rechnungsgrundlagen sind mit ausreichenden Sicherheiten zu versehen.</P></Content></text></textdaten></norm>
<norm builddate="20190315212503" doknr="BJNR078000016BJNE000500000"><metadaten><jurabk>KVAV</jurabk><enbez>§ 3</enbez><titel format="XML">Gleiche Rechnungsgrundlagen</titel></metadaten><textdaten><text format="XML"><Content><P>Für die Berechnung der Prämie und der Alterungsrückstellung sind die gleichen Rechnungsgrundlagen zu verwenden.</P></Content></text></textdaten></norm>
<norm builddate="20190315212503" doknr="BJNR078000016BJNE000600000"><metadaten><jurabk>KVAV</jurabk><enbez>§ 4</enbez><titel format="XML">Rechnungszins</titel></metadaten><textdaten><text format="XML"><Content><P>Der Rechnungszins für die Prämienberechnung und die Berechnung der Alterungsrückstellung darf 3,5 Prozent nicht übersteigen.</P></Content></text></textdaten></norm>
<norm builddate="20190315212503" doknr="BJNR078000016BJNE000700000"><metadaten><jurabk>KVAV</jurabk><enbez>§ 5</enbez><titel format="XML">Ausscheideordnung</titel></metadaten><textdaten><text format="XML"><Content><P>(1) Die Ausscheideordnung enthält die Annahmen zur Sterbewahrscheinlichkeit und zu sonstigen Abgangswahrscheinlichkeiten, die unter dem Gesichtspunkt vorsichtiger Risikoeinschätzung festzulegen und regelmäßig zu überprüfen sind.</P><P>(2) In der privaten Pflege-Pflichtversicherung und bei Gewährung von Versicherung im Basistarif nach § 152 des Versicherungsaufsichtsgesetzes dürfen außer den Sterbewahrscheinlichkeiten sowie den Wahrscheinlichkeiten des Abgangs zur sozialen Pflegeversicherung und gesetzlichen Krankenversicherung keine weiteren Abgangswahrscheinlichkeiten berücksichtigt werden.</P></Content></text></textdaten></norm>
<norm builddate="20190315212503" doknr="BJNR078000016BJNE000801118"><metadaten><jurabk>KVAV</jurabk><enbez>§ 6</enbez><titel format="XML">Kopfschäden</titel></metadaten><textdaten><text format="XML"><Content><P>(1) Kopfschäden sind die im Beobachtungszeitraum auf einen Versicherten entfallenden durchschnittlichen Versicherungsleistungen; sie sind für jeden Tarif in Abhängigkeit vom Alter des Versicherten zu ermitteln. Der Beobachtungszeitraum erstreckt sich auf zusammenhängende zwölf Monate; er ist für jeden Tarif gesondert festzulegen und kann nur aus wichtigem Grund im unmittelbaren Anschluss an eine Prämienanpassung geändert werden.</P><P>(2) Werden bei Neueinführung eines Tarifs andere als die von der Bundesanstalt für Finanzdienstleistungsaufsicht (Bundesanstalt) veröffentlichten Wahrscheinlichkeitstafeln verwendet, so sind die ihnen zugrundeliegenden Annahmen durch geeignete Statistiken zu belegen. Weichen die tariflichen Leistungen von denen ab, die den von der Bundesanstalt veröffentlichten Tafeln zugrunde liegen, so sind die für den neuen Tarif vorgesehenen Kopfschäden entsprechend abzuändern.</P><P>(3) Bei der Ermittlung der rechnungsmäßigen Kopfschäden für einen bestehenden Tarif sind für die einzelnen Bestandsgruppen die tatsächlichen Schadenergebnisse früherer Jahre mit einzubeziehen und mathematisch-statistische Verfahren zum Ausgleich von Zufallsschwankungen zu verwenden. Ist wegen geringer Bestandsgröße der Ausgleich von Zufallsschwankungen auf diese Weise nicht zu erreichen, so sind Stütztarife zu verwenden. Liegen auch keine Stütztarife vor, so ist der Schadenbedarf nach mathematisch-statistischen Grundsätzen zu schätzen.</P><P>(4) Die Teilkopfschäden für Leistungen nach § 25 Satz 1 Nummer 2 sind für alle Alter gesondert zu ermitteln. Die entsprechenden rechnungsmäßigen Teilkopfschäden sind auf alle Alter gleichmäßig zu verteilen.</P></Content></text><fussnoten/></textdaten></norm>
<norm builddate="20190315212503" doknr="BJNR078000016BJNE000900000"><metadaten><jurabk>KVAV</jurabk><enbez>§ 7</enbez><titel format="XML">Sicherheitszuschlag</titel></metadaten><textdaten><text format="XML"><Content><P>In die Prämie ist ein Sicherheitszuschlag von mindestens 5 Prozent der Bruttoprämie einzurechnen, der nicht bereits in anderen Rechnungsgrundlagen enthalten sein darf.</P></Content></text></textdaten></norm>
<norm builddate="20190315212503" doknr="BJNR078000016BJNE001000000"><metadaten><jurabk>KVAV</jurabk><enbez>§ 8</enbez><titel format="XML">Grundsätze für die Bemessung der sonstigen Zuschläge</titel></metadaten><textdaten><text format="XML"><Content><P>(1) Die sonstigen Zuschläge umfassen <DL Type="arabic"><DT>1.</DT><DD Font="normal"><LA>die unmittelbaren Abschlusskosten,</LA></DD><DT>2.</DT><DD Font="normal"><LA>die mittelbaren Abschlusskosten,</LA></DD><DT>3.</DT><DD Font="normal"><LA>die Schadenregulierungskosten,</LA></DD><DT>4.</DT><DD Font="normal"><LA>die sonstigen Verwaltungskosten,</LA></DD><DT>5.</DT><DD Font="normal"><LA>den Zuschlag für eine erfolgsunabhängige Beitragsrückerstattung,</LA></DD><DT>6.</DT><DD Font="normal"><LA>bei substitutiven Krankenversicherungen den Zuschlag zur Umlage der Begrenzung der Beitragshöhe im Basistarif gemäß § 154 des Versicherungsaufsichtsgesetzes,</LA></DD><DT>7.</DT><DD Font="normal"><LA>für den Basistarif zusätzlich den Zuschlag zur Umlage der Mehraufwendungen durch Vorerkrankungen und</LA></DD><DT>8.</DT><DD Font="normal"><LA>den Zuschlag für den Standardtarif.</LA></DD></DL></P><P>(2) Für die Bemessung der sonstigen Zuschläge sind die tatsächlichen Aufwendungen jeweils gesondert zu erfassen. Die sonstigen Zuschläge sind so zu bemessen, dass sie die Aufwendungen rechnungsmäßig decken.</P><P>(3) Unmittelbare Abschlusskosten dürfen durch Zillmerung nur in einer solchen Höhe in die Prämien eingerechnet werden, dass die Gesamtalterungsrückstellung eines Zugangsjahres im Tarif höchstens vier Jahre und jede Einzelalterungsrückstellung nicht länger als fünfzehn Jahre und nicht länger als die Hälfte der tariflich vorgesehenen künftigen Vertragsdauer negativ ist. Ist außer in den Fällen des § 10 Absatz 4 vereinbart, dass sich die Prämie während der Vertragslaufzeit verändert, ohne dass dies durch Anpassungen der Prämie an eine Veränderung des tatsächlichen Schadenbedarfs oder Änderungen des Leistungsumfangs bedingt wäre, darf die Höhe der eingerechneten unmittelbaren Abschlusskosten nicht von der Höhe abweichen, die sich ohne diese Vereinbarung ergeben würde. Werden die unmittelbaren Abschlusskosten von Versicherungsverträgen teilweise durch einen laufenden Zuschlag gedeckt, darf dieser betragsmäßig während der Versicherungsdauer nur dann erhöht werden, wenn er nach Vollendung des 65. Lebensjahres entfällt.</P><P>(4) In die Prämien dürfen mit Ausnahme der Zillmerung und der Zuschläge gemäß Absatz 1 Nummer 6 und 8 nur altersunabhängige absolute Kostenzuschläge eingerechnet werden; die Einrechnung laufender Zuschläge für die unmittelbaren Abschlusskosten ist nach Maßgabe des Absatzes 3 Satz 3 zulässig. Soweit in Tarifen die altersmäßige Bestandsverteilung vom Gesamtbestand des Unternehmens erheblich abweicht, sind zur Ermittlung der Stückkostenzuschläge Modellbestände zu verwenden. Hierdurch entstehende Kostenunterdeckungen sind in den anderen, für den Neuzugang offenen Tarifen zu berücksichtigen. Zulässig ist auch ein Kostenzuschlagssystem, bei dem die prozentualen Kostenzuschläge bei Prämienanpassungen auf Dauer nur auf die Teilprämien bezogen werden, die der aktuellen Tarifprämie zum ursprünglichen Eintrittsalter entsprechen. Satz 1 gilt nicht für die Prämienberechnung für Kinder und Jugendliche, für Ausbildungs-, Krankenhaustagegeld-, Krankentagegeld-, Kurtagegeld- und Pflegetagegeldtarife.</P><P>(5) Soweit vereinbart, muss in die Prämien der Tarife, die zum Wechsel in den Standardtarif nach § 257 des Fünften Buches Sozialgesetzbuch berechtigen, ein gesonderter Zuschlag zur Gewährleistung der Beitragsgarantie im Standardtarif und des unternehmensübergreifenden Ausgleichs eingerechnet werden. Dieser Zuschlag entfällt für die Versicherten, die das 65. Lebensjahr vollendet haben.</P></Content></text><fussnoten><Content><P>(+++ § 8 Abs. 3 S. 3: Zur Anwendung vgl. § 27 Abs. 2 +++)</P></Content></fussnoten></textdaten></norm>
<norm builddate="20190315212503" doknr="BJNR078000016BJNE001100000"><metadaten><jurabk>KVAV</jurabk><enbez>§ 9</enbez><titel format="XML">Dokumentationspflichten</titel></metadaten><textdaten><text format="XML"><Content><P>Alle rechnungsmäßigen Ansätze hat das Versicherungsunternehmen in überprüfbarer Weise zu belegen.</P></Content></text></textdaten></norm>
<norm builddate="20190315212503" doknr="BJNR078000016BJNE001200000"><metadaten><jurabk>KVAV</jurabk><enbez>§ 10</enbez><titel format="XML">Prämienberechnung</titel></metadaten><textdaten><text format="XML"><Content><P>(1) Die Prämienberechnung hat nach den anerkannten Regeln der Versicherungsmathematik für jede versicherte Person altersabhängig getrennt für jeden Tarif mit einem dem Grunde und der Höhe nach einheitlichen Leistungsversprechen unter Verwendung der maßgeblichen Rechnungsgrundlagen und einer nach Einzelaltern erstellten Prämienstaffel zu erfolgen. Jede Beobachtungseinheit eines Tarifs hat das Versicherungsunternehmen getrennt zu kalkulieren. Es dürfen nur risikogerechte Prämien kalkuliert werden.</P><P>(2) Der Teil der Prämie, der zur Finanzierung des Übertragungswerts nach § 14 erforderlich ist, ist für den Vollversicherungsschutz jeder versicherten Person einheitlich zu kalkulieren.</P><P>(3) Abweichend von Absatz 1 dürfen Versicherte bis zur Vollendung des 16. Lebensjahres in der Altersgruppe der Kinder, bis zur Vollendung des 21. Lebensjahres in der Altersgruppe der Jugendlichen geführt werden. Dabei darf die Altersgruppe der Jugendlichen nicht mehr Alter umfassen als die der Kinder. In Ausbildungstarifen können Eintrittsaltersgruppen gebildet werden, die höchstens fünf Eintrittsalter umfassen.</P><P>(4) Planmäßig steigende Prämien dürfen für Versicherte kalkuliert werden, die das 21. Lebensjahr noch nicht vollendet haben, sowie in Ausbildungstarifen bis zum vollendeten 39. Lebensjahr der Versicherten.</P><P>(5) Für die Prämienberechnung des Neuzugangs sind die Formeln des Abschnitts A der Anlage 1 oder andere geeignete Formeln, die den anerkannten Regeln der Versicherungsmathematik entsprechen, zu verwenden.</P></Content></text></textdaten></norm>
<norm builddate="20190315212503" doknr="BJNR078000016BJNE001300000"><metadaten><jurabk>KVAV</jurabk><enbez>§ 11</enbez><titel format="XML">Berechnung der Prämien bei Prämienanpassung</titel></metadaten><textdaten><text format="XML"><Content><P>(1) Die Berechnung der Prämien bei Prämienanpassungen hat nach den für die Prämienberechnung geltenden Grundsätzen zu erfolgen. Dabei ist dem Versicherten der ihm kalkulatorisch zugerechnete Anteil der Alterungsrückstellung nach § 341f des Handelsgesetzbuchs vollständig prämienmindernd anzurechnen; dies gilt nicht für den Teil, der auf die Anwartschaft zur Prämienermäßigung nach § 150 Absatz 2 des Versicherungsaufsichtsgesetzes entfällt und der betragsmäßig anlässlich der Prämienanpassung unverändert bleibt, soweit er nicht prämienmindernd verwendet wird.</P><P>(2) Für die Prämienberechnung bei Prämienanpassungen sind die Formeln des Abschnitts B der Anlage 1 oder andere geeignete Formeln, die den anerkannten Regeln der Versicherungsmathematik entsprechen, zu verwenden. Eine dabei erforderliche Absenkung des Rechnungszinses um mehr als 0,4 Prozentpunkte kann stufenweise in Zeiträumen von 12 Monaten ab dem Zeitpunkt der Prämienanpassung erfolgen, wobei sich die Höchstzahl der Stufen aus der gleichmäßigen Verteilung der erforderlichen Absenkung auf Stufen von 0,3 Prozentpunkten ergibt. Weitere Möglichkeiten der Verwendung von Mitteln zur Begrenzung von Prämienerhöhungen bleiben unberührt. In die Prämien der Versicherten, die das 45. Lebensjahr vollendet haben, dürfen keine erneuten einmaligen Kosten eingerechnet werden.</P></Content></text></textdaten></norm>
<norm builddate="20190315212503" doknr="BJNR078000016BJNG000200000"><metadaten><jurabk>KVAV</jurabk><gliederungseinheit><gliederungskennzahl>020</gliederungskennzahl><gliederungsbez>Kapitel 2</gliederungsbez><gliederungstitel>Tarifwechsel</gliederungstitel></gliederungseinheit></metadaten><textdaten/></norm>
<norm builddate="20190315212503" doknr="BJNR078000016BJNE001400000"><metadaten><jurabk>KVAV</jurabk><enbez>§ 12</enbez><titel format="XML">Tarife mit gleichartigem Versicherungsschutz</titel></metadaten><textdaten><text format="XML"><Content><P>(1) Als Krankenversicherungstarife mit gleichartigem Versicherungsschutz, in die der Versicherte zu wechseln berechtigt ist, sind Tarife anzusehen, die gleiche Leistungsbereiche wie der bisherige Tarif umfassen und für die der Versicherte versicherungsfähig ist. Leistungsbereiche sind insbesondere: <DL Type="arabic"><DT>1.</DT><DD Font="normal"><LA>Kostenerstattung für ambulante Heilbehandlung,</LA></DD><DT>2.</DT><DD Font="normal"><LA>Kostenerstattung für stationäre Heilbehandlung sowie Krankenhaustagegeldversicherungen mit Kostenersatzfunktion,</LA></DD><DT>3.</DT><DD Font="normal"><LA>Kostenerstattung für Zahnbehandlung und Zahnersatz,</LA></DD><DT>4.</DT><DD Font="normal"><LA>Krankenhaustagegeld, soweit es nicht zu Nummer 2 gehört,</LA></DD><DT>5.</DT><DD Font="normal"><LA>Krankentagegeld,</LA></DD><DT>6.</DT><DD Font="normal"><LA>Kurtagegeld und Kostenerstattung für Kuren sowie</LA></DD><DT>7.</DT><DD Font="normal"><LA>Pflegekosten und -tagegeld.</LA></DD></DL></P><P>(2) Versicherungsfähigkeit ist eine personengebundene Eigenschaft des Versicherten, deren Wegfall zur Folge hat, dass der Versicherte bedingungsgemäß nicht mehr in diesem Tarif versichert bleiben kann.</P><P>(3) Keine Gleichartigkeit besteht <DL Type="arabic"><DT>1.</DT><DD Font="normal"><LA>zwischen einem gesetzlichen Versicherungsschutz mit Ergänzungsschutz der privaten Krankenversicherung und einer substitutiven Krankenversicherung sowie</LA></DD><DT>2.</DT><DD Font="normal"><LA>zwischen einem Versicherungsschutz in der Pflegekosten- und Pflegetagegeldversicherung ohne Pflegezulageberechtigung und einer Pflege-Zusatzversicherung mit Pflegezulageberechtigung gemäß § 127 des Elften Buches Sozialgesetzbuch.</LA></DD></DL></P><P>(4) Schließt der Versicherte unter Kündigung des bisherigen Vertrags gleichzeitig einen Vertrag über einen Basistarif bei einem anderen Krankenversicherer ab, sind Zusatzversicherungen, welche Leistungen abdecken, die im bisherigen Versicherungsschutz, nicht jedoch im Basistarif enthalten sind, und für die der Versicherte versicherungsfähig ist, als Tarife mit gleichartigem Versicherungsschutz anzusehen.</P></Content></text></textdaten></norm>
<norm builddate="20190315212503" doknr="BJNR078000016BJNE001500000"><metadaten><jurabk>KVAV</jurabk><enbez>§ 13</enbez><titel format="XML">Anrechnung der erworbenen Rechte und der Alterungsrückstellung bei einem Tarifwechsel</titel></metadaten><textdaten><text format="XML"><Content><P>(1) Bei einem Wechsel in Tarife mit gleichartigem Versicherungsschutz ist für jeden Leistungsbereich dem Versicherten der ihm kalkulatorisch zugerechnete Anteil der Alterungsrückstellung nach § 341f des Handelsgesetzbuchs mit Ausnahme des Teils, der auf die Anwartschaft zur Prämienermäßigung nach § 150 Absatz 2 des Versicherungsaufsichtsgesetzes entfällt und der betragsmäßig anlässlich des Tarifwechsels unverändert bleibt, vollständig prämienmindernd anzurechnen. Die Anrechnung kann so weit begrenzt werden, dass die für diesen Leistungsbereich zu zahlende anteilige Prämie die Prämie zum ursprünglichen Eintrittsalter nicht unterschreitet. In diesem Fall ist der nicht angerechnete Teil der Alterungsrückstellung der Rückstellung zur Prämienermäßigung im Alter des Versicherten gutzuschreiben. Das ursprüngliche Eintrittsalter ist das Alter des Versicherten, zu dem für ihn erstmals nach Vollendung des 21. Lebensjahres eine auf die gesamte Vertragslaufzeit bezogene Alterungsrückstellung bei dem Krankenversicherungsunternehmen gebildet worden ist.</P><P>(2) Bei Versicherten, die nach einem Wechsel gemäß § 204 Absatz 1 Nummer 2b des Versicherungsvertragsgesetzes im Basistarif versichert sind, wird bei einem Wechsel in Tarife mit gleichartigem Versicherungsschutz während der ersten 18 Monate seit Beginn der Versicherung im Basistarif abweichend von Absatz 1 Satz 1 nur die seit Beginn der Versicherung im Basistarif gebildete Alterungsrückstellung prämienmindernd angerechnet. Bei Versicherten, die nach einem Wechsel gemäß § 14 Absatz 5 Satz 2 im Basistarif eines dritten Krankenversicherers versichert sind, wird bei einem Wechsel in Tarife mit gleichartigem Versicherungsschutz nur der Betrag angerechnet, der seit dem erstmaligen Wechsel in den Basistarif entstanden ist. Der nicht angerechnete Teil der Alterungsrückstellung ist in diesen Fällen zugunsten der Senkung des Zuschlags gemäß § 8 Absatz 1 Nummer 7 zu verwenden.</P><P>(3) Der Wegfall eines Leistungsbereiches kann als Teilstorno angesehen werden. Dies gilt auch, wenn der Versicherte lediglich einen Teil des Tagegeldes innerhalb der Leistungsbereiche nach § 12 Absatz 1 Satz 2 Nummer 2 und 4 bis 7 kündigt. Ist der Versicherte bedingungsgemäß verpflichtet, seinen Versicherungsschutz herabzusetzen, ist ihm die vorhandene Alterungsrückstellung entsprechend Absatz 1 anzurechnen. Wenn eine Rückstellung für Beitragsermäßigung im Alter nicht zu bilden ist, ist die Alterungsrückstellung über die Begrenzung nach Absatz 1 Satz 2 hinaus prämienmindernd anzurechnen.</P><P>(4) Stellt der Versicherte nach einer Herabsetzung nach Absatz 3 Satz 3 seinen ursprünglichen Versicherungsschutz innerhalb von fünf Jahren ganz oder teilweise wieder her, ist der nach Absatz 1 Satz 3 zum Zeitpunkt der Herabsetzung gutgeschriebene Teil der Alterungsrückstellung sofort prämienmindernd anzurechnen.</P><P>(5) Für die Prämienberechnung bei Umstufungen sind die Formeln des Abschnitts B der Anlage 1 oder andere geeignete Formeln, die den anerkannten Regeln der Versicherungsmathematik entsprechen, zu verwenden. Bei einer Umstufung, die zu einer niedrigeren Prämie führt, sowie bei Wiederherstellung des ursprünglichen Versicherungsschutzes nach Absatz 4 dürfen nicht erneut einmalige Abschlusskosten eingerechnet werden.</P></Content></text></textdaten></norm>
<norm builddate="20190315212503" doknr="BJNR078000016BJNE001600000"><metadaten><jurabk>KVAV</jurabk><enbez>§ 14</enbez><titel format="XML">Übertragungswert</titel></metadaten><textdaten><text format="XML"><Content><P>(1) Der Übertragungswert gemäß § 146 Absatz 1 Nummer 5 des Versicherungsaufsichtsgesetzes für ab dem 1. Januar 2009 abgeschlossene Verträge berechnet sich als Summe aus <DL Type="arabic"><DT>1.</DT><DD Font="normal"><LA>der Alterungsrückstellung, die aus dem Beitragszuschlag nach § 149 des Versicherungsaufsichtsgesetzes entstanden ist, und</LA></DD><DT>2.</DT><DD Font="normal"><LA>der Alterungsrückstellung für die gekündigten Tarife bis zur Höhe der fiktiven Alterungsrückstellung; ergibt sich ein negativer Wert, wird er durch Null ersetzt.</LA></DD></DL>Die Alterungsrückstellung für die gekündigten Tarife ist die gemäß § 341f Absatz 1 des Handelsgesetzbuchs berechnete Alterungsrückstellung, mindestens jedoch der Betrag der Alterungsrückstellung, der sich bei gleichmäßiger Verteilung der kalkulierten Abschluss- und Vertriebskosten, die mittels Zillmerung finanziert werden, auf die ersten fünf Versicherungsjahre ergibt. Die fiktive Alterungsrückstellung ist die Alterungsrückstellung, die sich ergeben hätte, wenn der Versicherte von Beginn an im Basistarif versichert gewesen wäre. Bei ihrer Berechnung sind die Rechnungsgrundlagen des brancheneinheitlichen Basistarifs nach § 152 des Versicherungsaufsichtsgesetzes zu verwenden.</P><P>(2) Der Übertragungswert für vor dem 1. Januar 2009 abgeschlossene Verträge berechnet sich als Summe aus <DL Type="arabic"><DT>1.</DT><DD Font="normal"><LA>der Alterungsrückstellung, die aus dem Beitragszuschlag nach § 149 des Versicherungsaufsichtsgesetzes entstanden ist, und</LA></DD><DT>2.</DT><DD Font="normal"><LA>der Alterungsrückstellung für die gekündigten Tarife bis zur Höhe der fiktiven Alterungsrückstellung; ergibt sich ein negativer Wert, wird er durch Null ersetzt.</LA></DD></DL>Die Alterungsrückstellung für die gekündigten Tarife ist die gemäß § 341f Absatz 1 des Handelsgesetzbuchs berechnete Alterungsrückstellung. Die fiktive Alterungsrückstellung ist die Alterungsrückstellung, die sich ergeben hätte, wenn der Versicherte von Beginn an im Basistarif versichert gewesen wäre. Sie wird ermittelt aus dem anrechenbaren Alter des Versicherten und der zu diesem Alter und zu dem erreichten Alter gehörenden Alterungsrückstellung, die sich aus den Rechnungsgrundlagen der Erstkalkulation des brancheneinheitlichen Basistarifs gemäß § 152 des Versicherungsaufsichtsgesetzes ergibt; dabei wird ein brancheneinheitlicher Zillmersatz von drei Monatsbeiträgen zugrunde gelegt. Das anrechenbare Alter ergibt sich aus dem Vergleich der gezahlten Tarifbeiträge, ohne Berücksichtigung der aus der Rückstellung für Beitragsrückerstattung finanzierten Bestandteile, in den zum 8. Januar 2009 geführten Tarifen der substitutiven Krankenversicherung mit den dann gültigen Neugeschäftsbeiträgen.</P><P>(3) Für Versicherte, die unter Mitgabe eines Übertragungswertes gemäß Absatz 1 oder 2 zu einem anderen Unternehmen gewechselt sind, darf die Finanzierung erneuter Abschlusskosten durch Zillmerung nicht zu einer Reduzierung dieses Übertragungswertes führen. Dies gilt auch für eine gleichzeitig gewechselte private Pflege-Pflichtversicherung.</P><P>(4) Kündigt ein Versicherter, dessen Vertrag vor dem 1. Januar 2009 geschlossen wurde, seinen Vertrag und schließt gleichzeitig einen neuen Vertrag bei einem anderen Krankenversicherer, der die Mitgabe eines Übertragungswertes vorsieht, beschränkt sich der Übertragungswert abweichend von Absatz 2 auf den Betrag, der ab dem Wechsel in einen Tarif mit Übertragungswert aufgebaut wurde, sofern nicht Absatz 5 etwas anderes bestimmt. Der bei Wechseln aus dem Basistarif nicht gutgebrachte Teil der Alterungsrückstellung ist zugunsten der Senkung des Zuschlags gemäß § 8 Absatz 1 Nummer 7 zu verwenden.</P><P>(5) Ist der Vertrag vor dem 1. Januar 2009 abgeschlossen worden und wechselt der Versicherte gemäß § 204 Absatz 1 Satz 1 des Versicherungsvertragsgesetzes in den Basistarif des eigenen oder eines anderen Versicherers, berechnet sich der Übertragungswert nach Absatz 2. Bei einer Kündigung des Vertrages, in den der Versicherte nach Satz 1 gewechselt ist, mit gleichzeitigem Abschluss einer neuen Versicherung im Basistarif eines dritten Krankenversicherers berechnet sich der Übertragungswert gemäß Absatz 1, wenn zwischen dem Abschluss des zweiten und des dritten Vertrages mindestens 18 Monate verstrichen sind. Der bei Wechseln aus dem Basistarif nicht gutgebrachte Teil der Alterungsrückstellung ist zugunsten der Senkung des Zuschlags gemäß § 8 Absatz 1 Nummer 7 zu verwenden.</P><P>(6) Wechselt der Versicherte in der Pflege-Pflichtversicherung zu einem anderen Unternehmen, so gilt die Alterungsrückstellung als Übertragungswert im Sinne des § 148 Satz 2 des Versicherungsaufsichtsgesetzes.</P></Content></text></textdaten></norm>
<norm builddate="20190315212503" doknr="BJNR078000016BJNG000300000"><metadaten><jurabk>KVAV</jurabk><gliederungseinheit><gliederungskennzahl>030</gliederungskennzahl><gliederungsbez>Kapitel 3</gliederungsbez><gliederungstitel>Prämienanpassung</gliederungstitel></gliederungseinheit></metadaten><textdaten/></norm>
<norm builddate="20190315212503" doknr="BJNR078000016BJNE001700000"><metadaten><jurabk>KVAV</jurabk><enbez>§ 15</enbez><titel format="XML">Verfahren zur Gegenüberstellung der erforderlichen und der kalkulierten Versicherungsleistungen</titel></metadaten><textdaten><text format="XML"><Content><P>(1) Die Gegenüberstellung nach § 155 Absatz 3 Satz 1 und 2 des Versicherungsaufsichtsgesetzes ist jährlich und für jede Beobachtungseinheit eines Tarifs getrennt durchzuführen. Kinder und Jugendliche können als einheitliche Beobachtungseinheit zusammengefasst werden. Der Beobachtungszeitraum ist der nach § 6 Absatz 1 Satz 2 maßgebliche Zeitraum. Die erforderlichen Versicherungsleistungen sind aus den beobachteten abzuleiten. Hierzu sind die Leistungen und die zugehörigen Bestände auf die Beobachtungszeiträume abzugrenzen. Ferner sind Wartezeit- und Selektionsersparnisse sowie erhobene Risikozuschläge zu berücksichtigen.</P><P>(2) Die tatsächlichen Grundkopfschäden der letzten drei Beobachtungszeiträume sind nach der Formel des Abschnitts A der Anlage 2 zu ermitteln. Soweit sich im Tarif Leistungsänderungen ergeben haben, sind die tatsächlichen Grundkopfschäden auf das aktuelle Leistungsversprechen umzurechnen.</P><P>(3) Die Berechnung der erforderlichen Versicherungsleistungen erfolgt nach der Formel des Abschnitts B der Anlage 2. Bei der Gegenüberstellung nach § 155 Absatz 3 Satz 2 des Versicherungsaufsichtsgesetzes ist der tatsächliche, auf den 18 Monate nach Ende des letzten Beobachtungszeitraumes liegenden Zeitpunkt extrapolierte Grundkopfschaden mit dem Grundkopfschaden, der für das Ende dieses Zeitraumes rechnungsmäßig festgelegt ist, zu vergleichen. Die Verwendung gleichwertiger Verfahren zur Berechnung der erforderlichen Versicherungsleistungen ist zulässig, wenn das Versicherungsunternehmen zum Zeitpunkt der Einführung eines Tarifes dieses Verfahren der Aufsichtsbehörde unter Angabe der Formeln und Beifügung der versicherungsmathematischen Herleitung darlegt. Bei bestehenden Tarifen kann auf ein anderes Verfahren nur aus wichtigem Grund in unmittelbarem Anschluss an eine Prämienanpassung übergegangen werden; Satz 3 gilt entsprechend.</P><P>(4) Ist in einer Beobachtungseinheit eines Tarifes die Anzahl der Versicherten nicht ausreichend groß, um die Schadenerwartung statistisch gesichert zu ermitteln, ist die Gegenüberstellung der erforderlichen und der kalkulierten Versicherungsleistungen anhand des Schadenverlaufs der Tarife vorzunehmen, deren Rechnungsgrundlagen zur Erstkalkulation verwendet worden sind. Sind bei der Erstkalkulation die von der Bundesanstalt veröffentlichten Wahrscheinlichkeitstafeln verwendet worden, so sind die erforderlichen Versicherungsleistungen anhand dieser Wahrscheinlichkeitstafeln zu berechnen. Die von der Bundesanstalt veröffentlichten Wahrscheinlichkeitstafeln sind auch dann zu verwenden, wenn das Unternehmen auf die Rechnungsgrundlagen der Erstkalkulation nach Satz 1 nicht zurückgreifen kann. Ist die Erstkalkulation in anderer Weise vorgenommen worden, so sind die erforderlichen Versicherungsleistungen auf Grund vergleichbar aussagefähiger Grundlagen zu ermitteln.</P><P>(5) Abweichend von den Absätzen 3 und 4 sind zur Ermittlung der erforderlichen Versicherungsleistungen in den Tarifen der freiwilligen Pflegeversicherung die Ergebnisse der Statistik der Pflegepflichtversicherung des Verbandes der Privaten Krankenversicherung e. V. zu verwenden, solange in dem zu beobachtenden Tarif weniger als zehntausend natürliche Personen versichert sind. Ergibt die Statistik der Pflegepflichtversicherung, dass im abgelaufenen Kalenderjahr die tatsächlichen Pflegedauern oder Pflegehäufigkeiten von den rechnungsmäßigen Ansätzen in den technischen Berechnungsgrundlagen für die Pflegekrankenversicherung des Verbandes der Privaten Krankenversicherung e. V. um mehr als 10 Prozent abweichen, hat das Versicherungsunternehmen alle Prämien der Pflegetagegeldtarife und Pflegekostentarife zu überprüfen. Zusätzlich hat es die Prämien der Pflegekostentarife zu überprüfen, wenn im abgelaufenen Kalenderjahr nach der Statistik der Pflegepflichtversicherung die Pflegekosten pro Tag von dem rechnungsmäßigen Ansatz um mehr als 10 Prozent abweichen.</P></Content></text></textdaten></norm>
<norm builddate="20190315212503" doknr="BJNR078000016BJNE001800000"><metadaten><jurabk>KVAV</jurabk><enbez>§ 16</enbez><titel format="XML">Verfahren zur Gegenüberstellung der kalkulierten Sterbewahrscheinlichkeiten und der zuletzt veröffentlichten Sterbewahrscheinlichkeiten</titel></metadaten><textdaten><text format="XML"><Content><P>(1) Die Gegenüberstellung nach § 155 Absatz 4 des Versicherungsaufsichtsgesetzes ist jährlich und für jede Beobachtungseinheit eines Tarifs, bei der Sterbewahrscheinlichkeiten kalkulatorisch berücksichtigt werden, getrennt durchzuführen. Als Barwert der erforderlichen Sterbewahrscheinlichkeiten ist der Leistungsbarwert nach der Formel in Anlage 1 mit Rechnungszins und rechnungsmäßigen Kopfschäden der betrachteten Beobachtungseinheit sowie mit der zuletzt von der Bundesanstalt veröffentlichten Sterbetafel zu bestimmen. Als Barwert der kalkulierten Sterbewahrscheinlichkeiten ist der Leistungsbarwert nach der Formel in Anlage 1 mit Rechnungszins, rechnungsmäßigen Sterbewahrscheinlichkeiten und rechnungsmäßigen Kopfschäden der betrachteten Beobachtungseinheit zu bestimmen. Stornowahrscheinlichkeiten dürfen bei der Berechnung der Barwerte gemäß den Sätzen 2 und 3 nicht berücksichtigt werden. Für die Altersbereiche von 21 bis 45 Jahren, von 46 bis 70 Jahren sowie von 71 bis 95 Jahren ist jeweils das arithmetische Mittel der für die einzelnen Alter ermittelten Quotienten der gemäß Satz 2 bis 4 bestimmten Barwerte zu bilden. Als Ergebnis der Gegenüberstellung ist das Maximum der für die drei Altersbereiche gemäß Satz 5 ermittelten Werte anzusehen.</P><P>(2) Für Krankentagegeldtarife sind bei der Gegenüberstellung gemäß Absatz 1 die Altersbereiche von 21 bis 45 Jahren sowie von 46 bis 65 Jahren zu betrachten.</P></Content></text></textdaten></norm>
<norm builddate="20190315212503" doknr="BJNR078000016BJNE001900000"><metadaten><jurabk>KVAV</jurabk><enbez>§ 17</enbez><titel format="XML">Vorlagefristen</titel></metadaten><textdaten><text format="XML"><Content><P>(1) Spätestens vier Monate nach dem Ende des Beobachtungszeitraumes hat das Versicherungsunternehmen die kommentierte Gegenüberstellung der erforderlichen und der kalkulierten Versicherungsleistungen nach § 155 Absatz 3 Satz 2 des Versicherungsaufsichtsgesetzes dem Treuhänder und der Aufsichtsbehörde vorzulegen. Wird der in den Versicherungsbedingungen festgelegte Prozentsatz überschritten, jedoch von einer Neukalkulation abgesehen, so sind die Gegenüberstellungen der tatsächlichen und der rechnungsmäßigen Versicherungsleistungen der letzten vier Beobachtungszeiträume auf der Grundlage der aktuell gültigen Rechnungsgrundlagen beizufügen.</P><P>(2) Zugleich mit der Meldung gemäß Absatz 1 ist die Gegenüberstellung gemäß § 155 Absatz 4 des Versicherungsaufsichtsgesetzes dem Treuhänder und der Aufsichtsbehörde vorzulegen.</P><P>(3) Soweit die Gegenüberstellung der erforderlichen und der kalkulierten Versicherungsleistungen oder die Gegenüberstellung der erforderlichen und kalkulierten Sterbewahrscheinlichkeiten und die Überprüfung der Prämien die Notwendigkeit von Prämienanpassungen ergeben hat, hat das Versicherungsunternehmen die Herleitung der neuen Prämien für die Versicherten einschließlich der statistischen Nachweise für die Rechnungsgrundlagen dem Treuhänder spätestens zwölf Monate nach Abschluss des Beobachtungszeitraumes vorzulegen.</P></Content></text></textdaten></norm>
<norm builddate="20190315212503" doknr="BJNR078000016BJNG000400000"><metadaten><jurabk>KVAV</jurabk><gliederungseinheit><gliederungskennzahl>040</gliederungskennzahl><gliederungsbez>Kapitel 4</gliederungsbez><gliederungstitel>Alterungsrückstellung</gliederungstitel></gliederungseinheit></metadaten><textdaten/></norm>
<norm builddate="20190315212503" doknr="BJNR078000016BJNE002000000"><metadaten><jurabk>KVAV</jurabk><enbez>§ 18</enbez><titel format="XML">Alterungsrückstellung</titel></metadaten><textdaten><text format="XML"><Content><P>Bei der Berechnung der Alterungsrückstellung nach § 341f des Handelsgesetzbuchs und § 25 Absatz 5 der Versicherungsunternehmens-Rechnungslegungsverordnung ist die Summe der Einzelalterungsrückstellungen am Abschlussstichtag unter Berücksichtigung des Alters des Versicherten an diesem Stichtag zugrunde zu legen. Zur Berechnung der Alterungsrückstellungen nach Satz 1 ist auch ein Näherungsverfahren zulässig, bei dem das arithmetische Mittel der Einzelalterungsrückstellungen, die sich dadurch ergeben, dass die Versicherungsdauern auf ganze Jahre auf- und abgerundet werden, verwendet wird.</P></Content></text></textdaten></norm>
<norm builddate="20190315212503" doknr="BJNR078000016BJNE002100000"><metadaten><jurabk>KVAV</jurabk><enbez>§ 19</enbez><titel format="XML">Ermittlung des Überzinses</titel></metadaten><textdaten><text format="XML"><Content><P>(1) Zur Ermittlung des Überzinses, den ein Versicherungsunternehmen bei der nach Art der Lebensversicherung betriebenen Krankheitskosten- und freiwilligen Pflegekrankenversicherung erwirtschaftet, ist der Durchschnittszinssatz heranzuziehen. Der Durchschnittszinssatz errechnet sich aus der Summe der Erträge aus Kapitalanlagen (Posten I.3 im Formblatt 3 der Versicherungsunternehmens-Rechnungslegungsverordnung) vermindert um die Summe der Aufwendungen für Kapitalanlagen (Posten I.10 im Formblatt 3 der Versicherungsunternehmens-Rechnungslegungsverordnung) und sodann dividiert durch das arithmetische Mittel des Buchwertes der Kapitalanlagen (Posten C der Aktivseite im Formblatt 1 der Versicherungsunternehmens-Rechnungslegungsverordnung, Betrag am Ende des Vorjahres und am Ende des Geschäftsjahres).</P><P>(2) Soweit bei einem Versicherungsunternehmen keine einheitliche rechnungsmäßige Verzinsung der Alterungsrückstellungen erfolgt, ist für jede Bestandsgruppe mit einheitlicher rechnungsmäßiger Verzinsung der auf sie entfallende anteilige Überzins-Betrag zu ermitteln und bei der Verteilung zugrunde zu legen.</P></Content></text><fussnoten><Content><P>(+++ § 19: Zur Anwendung vgl. § 27 Abs. 6 +++)</P></Content></fussnoten></textdaten></norm>
<norm builddate="20190315212503" doknr="BJNR078000016BJNE002200000"><metadaten><jurabk>KVAV</jurabk><enbez>§ 20</enbez><titel format="XML">Verteilung der Direktgutschrift</titel></metadaten><textdaten><text format="XML"><Content><P>(1) Spätestens zum jeweiligen Bilanzstichtag ist, getrennt für jede Bestandsgruppe mit einheitlicher rechnungsmäßiger Verzinsung, der Betrag zu bestimmen, der nach § 150 Absatz 2 Satz 2 und 3 des Versicherungsaufsichtsgesetzes den Alterungsrückstellungen der Versicherten direkt gutzuschreiben ist; der Betrag wird auf die einzelnen Versicherten anteilig entsprechend den positiven Alterungsrückstellungen zum Ende des vorhergehenden Geschäftsjahres verteilt. Alterungsrückstellungen, die aus dem Beitragszuschlag nach § 149 des Versicherungsaufsichtsgesetzes sowie aus der Direktgutschrift nach § 150 Absatz 2 Satz 1 des Versicherungsaufsichtsgesetzes entstanden sind, bleiben bis zum Ende des Geschäftsjahres, in dem der Versicherte das 65. Lebensjahr vollendet, bei dieser Gutschrift unberücksichtigt.</P><P>(2) Endet der Versicherungsvertrag hinsichtlich eines Tarifs bedingungsgemäß spätestens mit Vollendung des 65. Lebensjahres, so ist ein nach § 150 Absatz 2 des Versicherungsaufsichtsgesetzes jährlich gutzuschreibender Betrag auf die anderen Tarife des Versicherten, die die Voraussetzungen des § 150 Absatz 1 des Versicherungsaufsichtsgesetzes erfüllen, zum Zeitpunkt der Gutschrift aufzuteilen. Bestehen derartige Tarife nicht, so ist der Betrag zur sofortigen oder auf höchstens fünf Jahre aufgeschobenen Prämienermäßigung zu verwenden.</P></Content></text><fussnoten><Content><P>(+++ § 20: Zur Anwendung vgl. § 27 Abs. 6 +++)</P></Content></fussnoten></textdaten></norm>
<norm builddate="20190315212503" doknr="BJNR078000016BJNE002300000"><metadaten><jurabk>KVAV</jurabk><enbez>§ 21</enbez><titel format="XML">Verteilung des Betrages nach § 150 Absatz 4 des Versicherungsaufsichtsgesetzes</titel></metadaten><textdaten><text format="XML"><Content><P>(1) Der nach § 150 Absatz 4 Satz 1 des Versicherungsaufsichtsgesetzes errechnete verbleibende Teilbetrag ist auf die Tarife, die zu den in § 150 Absatz 1 Satz 1 des Versicherungsaufsichtsgesetzes genannten Krankenversicherungen gehören, aufzuteilen. Verteilungsmaßstab ist die jeweilige Alterungsrückstellung zum Bilanzstichtag des Geschäftsjahres derjenigen Versicherten, die das 65. Lebensjahr vollendet haben. Alterungsrückstellungen, die aus dem Beitragszuschlag nach § 149 des Versicherungsaufsichtsgesetzes sowie aus der Direktgutschrift nach § 150 Absatz 2 Satz 1 des Versicherungsaufsichtsgesetzes entstanden sind, bleiben bis zum Ende des Geschäftsjahres, in dem der Versicherte das 65. Lebensjahr vollendet, bei dieser Gutschrift unberücksichtigt. Muss ein Betrag nach § 150 Absatz 4 des Versicherungsaufsichtsgesetzes im Geschäftsjahr verwendet werden und zahlen alle Versicherten des Tarifs, für den dieser Betrag festgestellt worden ist, höchstens eine Prämie, die der Prämie zum ursprünglichen Eintrittsalter entspricht, so kann der Betrag auf die anderen Tarife mit gleichartigem Versicherungsschutz unter Beachtung des Verteilungsmaßstabes nach Satz 2 verteilt werden. Zahlen auch alle Versicherten der Tarife mit gleichartigem Versicherungsschutz höchstens eine Prämie, die der Prämie zum ursprünglichen Eintrittsalter entspricht, kann der zu verwendende Betrag auf alle in Satz 1 bezeichneten Tarife aufgeteilt werden.</P><P>(2) Unterscheidet sich das Leistungsversprechen der Tarife nur durch eine unterschiedliche prozentuale Erstattung oder unterschiedliche absolute Selbstbehalte, so gelten diese Tarife bei der Aufteilung nach Absatz 1 als ein Tarif.</P><P>(3) Gruppenversicherungsverträge mit Anspruch auf Überschussbeteiligung auf Grund vertraglich vereinbarter Abrechnung sind von der Verteilung nach Absatz 1 Satz 4 ausgenommen. Bei diesen Verträgen ist die Gutschrift nach § 150 Absatz 1 des Versicherungsaufsichtsgesetzes bei der Ermittlung des Überschusses zu berücksichtigen. Soweit auf sie Beträge nach § 150 Absatz 2 und 4 des Versicherungsaufsichtsgesetzes entfallen, sind diese nur deren Versicherten gutzuschreiben.</P></Content></text><fussnoten><Content><P>(+++ § 21: Zur Anwendung vgl. § 27 Abs. 6 +++)</P></Content></fussnoten></textdaten></norm>
<norm builddate="20190315212503" doknr="BJNR078000016BJNE002402118"><metadaten><jurabk>KVAV</jurabk><enbez>§ 22</enbez><titel format="XML">Mindestzuführung zur Rückstellung für erfolgsabhängige Beitragsrückerstattung</titel></metadaten><textdaten><text format="XML"><Content><P>(1) Zur Sicherstellung einer ausreichenden Mindestzuführung müssen die Versicherungsunternehmen in der nach Art der Lebensversicherung betriebenen Krankenversicherung einen angemessenen Teil des Überschusses, der auf diese Versicherung entfällt, der Rückstellung für erfolgsabhängige Beitragsrückerstattung zuführen. Der Überschuss berechnet sich nach folgender Formel: <table colsep="0" frame="none" pgwide="0" rowsep="0" tocentry="%yes;"><tgroup align="left" char="" charoff="50" cols="1"><colspec colname="col1"/><tbody valign="top"><row><entry VJ="1" align="center" colname="col1">a1 + a3 – b1 – b3.</entry></row></tbody></tgroup></table>Dabei sind: <DL Font="normal" Indent="9" Type="arabic"><DT>a1 =</DT><DD Font="normal"><LA Size="normal">Betrag in der Nachweisung 231 Seite 2 Zeile 17 Spalte 01 der Versicherungsberichterstattungs-Verordnung,</LA></DD><DT>a3 =</DT><DD Font="normal"><LA Size="normal">Betrag in der Nachweisung 231 Seite 2 Zeile 17 Spalte 03 der Versicherungsberichterstattungs-Verordnung,</LA></DD><DT>b1 =</DT><DD Font="normal"><LA Size="normal">Betrag in der Nachweisung 231 Seite 2 Zeile 21 Spalte 01 der Versicherungsberichterstattungs-Verordnung,</LA></DD><DT>b3 =</DT><DD Font="normal"><LA Size="normal">Betrag in der Nachweisung 231 Seite 2 Zeile 21 Spalte 03 der Versicherungsberichterstattungs-Verordnung.</LA></DD></DL>Der Zuführungssatz beträgt 80 Prozent des nach den Sätzen 2 und 3 errechneten Überschusses. Die Mindestzuführung ist um die bereits nach § 150 Absatz 1 des Versicherungsaufsichtsgesetzes gutgeschriebenen Überzinsen zu vermindern.</P><P>(2) Zur Sicherstellung einer ausreichenden Mindestzuführung müssen die Versicherungsunternehmen in der privaten Pflegepflichtversicherung im Sinne des § 148 des Versicherungsaufsichtsgesetzes einen angemessenen Teil des Überschusses, der auf diese Versicherung entfällt, der Rückstellung für erfolgsabhängige Beitragsrückerstattung zuführen. Überschuss ist der Betrag in der Nachweisung 231 Seite 2 Zeile 17 Spalte 02 der Versicherungsberichterstattungs-Verordnung. Der Zuführungssatz beträgt 80 Prozent des Überschusses nach Satz 2.</P><P>(3) Zur Sicherstellung einer ausreichenden Mindestzuführung müssen die Versicherungsunternehmen in der geförderten Pflegevorsorge im Sinne des § 148 des Versicherungsaufsichtsgesetzes einen angemessenen Teil des Überschusses, der auf diese Versicherung entfällt, der Rückstellung für erfolgsabhängige Beitragsrückerstattung zuführen. Überschuss ist der Betrag in der Nachweisung 231 Seite 2 Zeile 17 Spalte 04 der Versicherungsberichterstattungs-Verordnung. Der Zuführungssatz beträgt 80 Prozent des Überschusses nach Satz 2. Die Mindestzuführung ist um den Betrag in der Nachweisung 231 Seite 2 Zeile 21 Spalte 04 der Versicherungsberichterstattungs-Verordnung zu vermindern.</P><P>(4) Zur Sicherstellung des durchschnittlichen Solvabilitätsbedarfs können die Mindestzuführungen vermindert werden, wenn für jedes der drei Vorjahre von folgender Summe mindestens 90 Prozent als Zuführung zur Rückstellung für erfolgsabhängige Beitragsrückerstattung, als Direktgutschrift nach § 150 Absatz 1 des Versicherungsaufsichtsgesetzes, als Zuführung zur Rückstellung für erfolgsunabhängige Beitragsrückerstattung in der privaten Pflegepflichtversicherung und als Einstellungen in Gewinnrücklagen (Formblatt 200 Seite 7 Zeile 24 Spalte 04 der Versicherungsberichterstattungs-Verordnung) verwendet wurden und für das Geschäftsjahr verwendet werden: <table colsep="0" frame="none" pgwide="0" rowsep="0" tocentry="%yes;"><tgroup align="left" char="" charoff="50" cols="1"><colspec colname="col1"/><tbody valign="top"><row><entry VJ="1" align="center" colname="col1">c1 + c2 + c3 + c4 + c6.</entry></row></tbody></tgroup></table>Dabei sind: <DL Font="normal" Indent="9" Type="arabic"><DT>c1 =</DT><DD Font="normal"><LA Size="normal">Betrag in der Nachweisung 231 Seite 1 Zeile 22 Spalte 02 der Versicherungsberichterstattungs-Verordnung,</LA></DD><DT>c2 =</DT><DD Font="normal"><LA Size="normal">Betrag in der Nachweisung 231 Seite 1 Zeile 18 Spalte 02 der Versicherungsberichterstattungs-Verordnung,</LA></DD><DT>c3 =</DT><DD Font="normal"><LA Size="normal">Betrag in der Nachweisung 231 Seite 1 Zeile 19 Spalte 02 der Versicherungsberichterstattungs-Verordnung,</LA></DD><DT>c4 =</DT><DD Font="normal"><LA Size="normal">Betrag in der Nachweisung 231 Seite 1 Zeile 20 Spalte 02 der Versicherungsberichterstattungs-Verordnung,</LA></DD><DT>c6 =</DT><DD Font="normal"><LA Size="normal">Betrag in der Nachweisung 231 Seite 1 Zeile 23 Spalte 02 der Versicherungsberichterstattungs-Verordnung.</LA></DD></DL>Der Betrag, um den die Mindestzuführung unterschritten wird, ist den Rücklagen zuzuweisen. Dabei dürfen die anrechnungsfähigen Eigenmittel im Geschäftsjahr höchstens das Minimum der nachfolgenden Beträge erreichen: <DL Font="normal" Type="arabic"><DT>1.</DT><DD Font="normal"><LA Size="normal">das Zweifache des Betrages der zu bildenden Solvabilitätskapitalanforderung,</LA></DD><DT>2.</DT><DD Font="normal"><LA Size="normal">die Solvabilitätskapitalanforderung des Geschäftsjahres, vervielfacht mit dem aus den drei vorangegangenen Geschäftsjahren gebildeten Durchschnitt der Verhältnisse von anrechnungsfähigen Eigenmitteln zur Solvabilitätskapitalanforderung.</LA></DD></DL></P><P>(5) Verfügt ein Krankenversicherungsunternehmen in einem Geschäftsjahr nicht mehr über anrechnungsfähige Eigenmittel in Höhe der Solvabilitätskapitalanforderung, so können unabhängig von den Voraussetzungen des Absatzes 4 Satz 1 die Mindestzuführungen zur Rückstellung für erfolgsabhängige Beitragsrückerstattung unterschritten werden, wenn der gesamte Überschuss nach Absatz 1 Satz 2 und 3, Absatz 2 Satz 2 und Absatz 3 Satz 2 zur Erhöhung der Rücklagen verwendet wird. In diesem Fall dürfen die Eigenmittel höchstens bis zu dem sich aus Absatz 4 Satz 4 ergebenden Grenzbetrag erhöht werden.</P><P>(6) Die anrechnungsfähigen Eigenmittel im Sinne der Absätze 4 und 5 berechnen sich nach § 89 Absatz 1 Satz 3 in Verbindung mit § 94 des Versicherungsaufsichtsgesetzes. Bei kleinen Versicherungsunternehmen im Sinne des § 211 des Versicherungsaufsichtsgesetzes sind abweichend von Satz 1 die Eigenmittel nach § 214 Absatz 1 Satz 1 Nummer 1 bis 3 und 8 Buchstabe a des Versicherungsaufsichtsgesetzes maßgeblich.</P><P>(7) Die Aufsichtsbehörde ist über alle für die Unterschreitung der Mindestzuführungen erheblichen Umstände unter Angabe der Gründe, die zu dieser Ausnahmesituation geführt haben, vorab zu unterrichten. Die Verpflichtung des Unternehmens zur Aufstellung eines Zuführungsplans bleibt unberührt.</P></Content></text><fussnoten><Content><P>(+++ § 22: Zur Anwendung vgl. § 27 Abs. 6 +++)</P></Content></fussnoten></textdaten></norm>
<norm builddate="20190315212503" doknr="BJNR078000016BJNG000500000"><metadaten><jurabk>KVAV</jurabk><gliederungseinheit><gliederungskennzahl>050</gliederungskennzahl><gliederungsbez>Kapitel 5</gliederungsbez><gliederungstitel>Mitteilungspflichten und Ordnungswidrigkeiten</gliederungstitel></gliederungseinheit></metadaten><textdaten/></norm>
<norm builddate="20190315212503" doknr="BJNR078000016BJNE002500000"><metadaten><jurabk>KVAV</jurabk><enbez>§ 23</enbez><titel format="XML">Mitteilungspflichten von Daten zu den Versicherungsbeständen</titel></metadaten><textdaten><text format="XML"><Content><P>(1) Versicherungsunternehmen mit Sitz im Inland, die die private Krankenversicherung betreiben, haben der Bundesanstalt anhand der Daten ihrer Versicherungsbestände jährlich folgende auf das jeweils vorangegangene Kalenderjahr bezogene Daten für die inländischen Versicherungsbestände mitzuteilen: <DL Type="arabic"><DT>1.</DT><DD Font="normal"><LA>aus allen nach Art der Lebensversicherung betriebenen Versicherungstarifen unter Eliminierung der Abgänge der erst während des Kalenderjahres zugegangenen Personen: <DL Type="alpha"><DT>a)</DT><DD Font="normal"><LA>die Anzahl der zu Beginn des Kalenderjahres versicherten natürlichen Personen der Krankenversicherung einschließlich der Pflegekrankenversicherung des Unternehmens und die zugehörigen Abgänge durch Tod, jeweils getrennt nach erreichtem Einzelalter und Geschlecht, wobei die Krankenversicherungen der Beihilfeberechtigten gesondert zu erfassen sind,</LA></DD><DT>b)</DT><DD Font="normal"><LA>die Anzahl der zu Beginn des Kalenderjahres versicherten natürlichen Personen in den Tarifen der substitutiven Krankenversicherung des Unternehmens und die zugehörigen Abgänge durch Stornierungen, jeweils getrennt für die Beihilfevollversicherung, für die sonstige Vollversicherung, für die Krankentagegeldversicherung und für die Pflegekrankenversicherung sowie zusätzlich getrennt nach erreichtem Einzelalter und Geschlecht;</LA></DD></DL></LA></DD><DT>2.</DT><DD Font="normal"><LA>aus allen Tarifen der substitutiven Krankenversicherung, jeweils getrennt nach Einzelalter und Geschlecht, unter Eliminierung der Werte der Neuzugänge der letzten drei Kalenderjahre und unter Eliminierung der Werte der Personen, deren Versicherung zum Zeitpunkt der Erfassung ruht: <DL Type="alpha"><DT>a)</DT><DD Font="normal"><LA>die Anzahl der versicherten Personen in dem Tarif,</LA></DD><DT>b)</DT><DD Font="normal"><LA>für die Kostenerstattung für ambulante Heilbehandlungen die abgegrenzten Rechnungsbeträge und die abgegrenzten Erstattungsbeträge, jeweils getrennt nach jeder absoluten und prozentualen Selbstbehaltstufe,</LA></DD><DT>c)</DT><DD Font="normal"><LA>für die Kostenerstattung für stationäre Heilbehandlung die abgegrenzten Rechnungsbeträge und die abgegrenzten Erstattungsbeträge, jeweils getrennt für Versicherte, die <DL Type="a-alpha"><DT>aa)</DT><DD Font="normal"><LA>nur allgemeine Krankenhausleistungen versichert haben,</LA></DD><DT>bb)</DT><DD Font="normal"><LA>zusätzlich zu Doppelbuchstabe aa Unterbringung im Zweibettzimmer und wahlärztliche Behandlung versichert haben,</LA></DD><DT>cc)</DT><DD Font="normal"><LA>zusätzlich zu Doppelbuchstabe aa Unterbringung im Einbettzimmer und wahlärztliche Behandlung versichert haben oder</LA></DD><DT>dd)</DT><DD Font="normal"><LA>zusätzlich zu Doppelbuchstabe aa Unterbringung im Einbettzimmer, wahlärztliche Behandlung und Ersatzkrankenhaustagegeld bei Nichtinanspruchnahme des Einbettzimmers versichert haben,</LA></DD></DL>wobei außerdem nach jeder absoluten und prozentualen Selbstbehaltstufe zu trennen ist,</LA></DD><DT>d)</DT><DD Font="normal"><LA>für die Kostenerstattung für Zahnbehandlung und Zahnersatz die abgegrenzten Rechnungsbeträge und die abgegrenzten Erstattungsbeträge, jeweils getrennt nach Zahnbehandlung und Zahnersatz einschließlich Kieferorthopädie sowie zusätzlich getrennt nach jeder absoluten und prozentualen Selbstbehaltstufe,</LA></DD><DT>e)</DT><DD Font="normal"><LA>für das Krankentagegeld die abgegrenzte Anzahl der Leistungstage, jeweils getrennt nach der Karenzzeit,</LA></DD><DT>f)</DT><DD Font="normal"><LA>für die Pflegekosten die abgegrenzte Anzahl der Pflegefälle, die abgegrenzte Anzahl der Pflegetage, die abgegrenzten Rechnungsbeträge und die abgegrenzten Erstattungsbeträge jeweils getrennt nach ambulanten und stationären Leistungen sowie zusätzlich getrennt nach jeder Pflegestufe,</LA></DD><DT>g)</DT><DD Font="normal"><LA>für die Pflegetagegelder die abgegrenzte Anzahl der Pflegefälle und die abgegrenzte Anzahl der Pflegetage.</LA></DD></DL></LA></DD></DL>Bei den Rechnungs- und Erstattungsbeträgen sind die Leistungen wegen Schwangerschaft und Mutterschaft jeweils getrennt auszuweisen; Entsprechendes gilt für die Leistungstage.</P><P>(2) Die Bundesanstalt gibt innerhalb der ersten zwei Monate eines jeden Kalenderjahres den Versicherern bekannt, für welche Tarife die Daten nach Absatz 1 bis spätestens vier Monate nach Ende des Kalenderjahres mitzuteilen sind. Erfolgt in einem Jahr keine Bekanntmachung der mitteilungspflichtigen Daten, so sind die Daten für die Tarife mitzuteilen, die im vorangegangenen Kalenderjahr mitzuteilen waren.</P><P>(3) Kleinere Vereine im Sinne des § 210 des Versicherungsaufsichtsgesetzes sind von der Mitteilungspflicht nach Absatz 1 befreit.</P></Content></text></textdaten></norm>
<norm builddate="20190315212503" doknr="BJNR078000016BJNE002600000"><metadaten><jurabk>KVAV</jurabk><enbez>§ 24</enbez><titel format="XML">Ordnungswidrigkeiten</titel></metadaten><textdaten><text format="XML"><Content><P>Ordnungswidrig im Sinne des § 332 Absatz 3 Nummer 5 des Versicherungsaufsichtsgesetzes handelt, wer vorsätzlich oder fahrlässig entgegen § 17 eine dort genannte Gegenüberstellung oder Herleitung der neuen Prämie nicht, nicht vollständig oder nicht rechtzeitig vorlegt.</P></Content></text></textdaten></norm>
<norm builddate="20190315212503" doknr="BJNR078000016BJNG000600000"><metadaten><jurabk>KVAV</jurabk><gliederungseinheit><gliederungskennzahl>060</gliederungskennzahl><gliederungsbez>Kapitel 6</gliederungsbez><gliederungstitel>Schlussvorschriften</gliederungstitel></gliederungseinheit></metadaten><textdaten/></norm>
<norm builddate="20190315212503" doknr="BJNR078000016BJNE002701118"><metadaten><jurabk>KVAV</jurabk><enbez>§ 25</enbez><titel format="XML">Leistungen wegen Schwangerschaft und Mutterschaft</titel></metadaten><textdaten><text format="XML"><Content><P>Als Leistungen wegen Schwangerschaft und Mutterschaft sind diejenigen Leistungen anzusehen, die <DL Font="normal" Type="arabic"><DT>1.</DT><DD Font="normal"><LA Size="normal">in dem Zeitraum anfallen, der acht Monate vor einer Geburt beginnt und einen Monat nach einer Geburt endet;</LA></DD><DT>2.</DT><DD Font="normal"><LA Size="normal">auf Grund des § 192 Absatz 5 Satz 2 des Versicherungsvertragsgesetzes erbracht werden in den dort maßgeblichen Zeiträumen.</LA></DD></DL>Davon ausgenommen sind Leistungen, für die das Versicherungsunternehmen nachweisen kann, dass sie nicht im Zusammenhang mit Schwangerschaft und Mutterschaft gestanden haben.</P></Content></text><fussnoten/></textdaten></norm>
<norm builddate="20190315212503" doknr="BJNR078000016BJNE002800000"><metadaten><jurabk>KVAV</jurabk><enbez>§ 26</enbez><titel format="XML">Ausnahmevorschrift</titel></metadaten><textdaten><text format="XML"><Content><P>Diese Verordnung findet mit Ausnahme der Regelung der § 5 Absatz 2, § 14 Absatz 6, § 22 Absatz 2 und 4 bis 7 sowie § 23 Absatz 1 Nummer 2 Buchstabe f und g keine Anwendung auf die Pflegepflichtversicherung.</P></Content></text></textdaten></norm>
<norm builddate="20190315212503" doknr="BJNR078000016BJNE002901118"><metadaten><jurabk>KVAV</jurabk><enbez>§ 27</enbez><titel format="XML">Übergangsvorschriften</titel></metadaten><textdaten><text format="XML"><Content><P>(1) Für die vor dem 1. Juli 1994 aufsichtsbehördlich genehmigten Tarife bestimmt sich die Bildung von Altersgruppen in den Prämienstaffeln nach den jeweiligen geschäftsplanmäßigen Regelungen. Bei Versicherungsverhältnissen, die nach dem 30. Juni 1994 und vor dem 27. November 1996 nach nicht aufsichtsbehördlich genehmigten Tarifen begründet worden sind, bestimmt sich die Altersgruppenbildung nach den für das Versicherungsverhältnis maßgebenden technischen Berechnungsgrundlagen.</P><P>(2) Auf vor dem 27. November 1996 geschlossene Verträge, bei denen die unmittelbaren Abschlusskosten durch einen laufenden Zuschlag gedeckt werden, findet § 8 Absatz 3 Satz 3 keine Anwendung.</P><P>(3) In Tarifen, die vor dem 21. Dezember 2012 eingeführt wurden, sind die Kopfschäden in Abhängigkeit vom Geschlecht und Alter des Versicherten zu ermitteln. Davon abweichend sind die Teilkopfschäden für Leistungen wegen Schwangerschaft und Mutterschaft aus den beobachteten Kopfschäden in Abhängigkeit vom Alter zu ermitteln und für jedes Alter die Teilkopfschäden entsprechend der Anzahl der Versicherten nach Geschlecht zu verteilen. Satz 2 gilt nicht für die freiwillige Pflegekrankenversicherung.</P><P>(4) In Tarifen, die vor dem 21. Dezember 2012 eingeführt wurden, müssen die rechnungsmäßigen Teilkopfschäden für Leistungen wegen Schwangerschaft und Mutterschaft geschlechtsunabhängig sein. Zur Festlegung dieser rechnungsmäßigen Teilkopfschäden dürfen innerhalb eines festgelegten zusammenhängenden Altersbereichs die gemäß Absatz 3 Satz 2 ermittelten Teilkopfschäden im Rahmen einer Glättung für alle Alter dieses Bereichs bis zur Höhe des Teilkopfschadens dieses Bereichs erhöht oder vermindert werden. Der sich auf Grund einer Glättung nach Satz 2 ergebende abgegrenzte Schaden darf nicht niedriger sein als der beobachtete abgegrenzte Schaden für Leistungen wegen Schwangerschaft und Mutterschaft. Darüber hinaus ist die geschlechtsunabhängige Verteilung der Leistungen wegen Schwangerschaft und Mutterschaft bei der Gegenüberstellung nach § 155 Absatz 3 Satz 1 und 2 des Versicherungsaufsichtsgesetzes zu berücksichtigen. Für Leistungen nach § 25 Satz 1 Nummer 2 ist die Glättung nach den Sätzen 2 und 3 gesondert durchzuführen mit der Maßgabe, dass die sich ergebenden rechnungsmäßigen Teilkopfschäden auf alle Alter gleichmäßig zu verteilen sind.</P><P>(5) In § 22 Absatz 4 Satz 3 Nummer 2 ist das Verhältnis der anrechnungsfähigen Eigenmittel zur Solvabilitätskapitalanforderung für Geschäftsjahre, die vor dem 1. Januar 2016 begonnen haben, jeweils anzusetzen mit dem Durchschnitt, der sich nach § 4 Absatz 2 Satz 3 Nummer 3 der Überschussverordnung vom 8. November 1996 (BGBl. I S. 1687), die durch Artikel 1 Nummer 3 der Verordnung vom 16. Dezember 2015 (BGBl. I S. 2345) aufgehoben worden ist, in der bis zum 31. Dezember 2015 geltenden Fassung für das nach dem 31. Dezember 2015 beginnende Geschäftsjahr ergeben würde.</P><P>(6) Die §§ 19 bis 22 sind erstmals für das nach dem 31. Dezember 2015 beginnende Geschäftsjahr anzuwenden. Für das Geschäftsjahr, das vor dem 1. Januar 2016 begonnen hat, ist die Überschussverordnung vom 8. November 1996 (BGBl. I S. 1687) in der bis zum 31. Dezember 2015 geltenden Fassung anzuwenden.</P></Content></text><fussnoten/></textdaten></norm>
<norm builddate="20190315212503" doknr="BJNR078000016BJNE003000000"><metadaten><jurabk>KVAV</jurabk><enbez>§ 28</enbez><titel format="XML">Inkrafttreten</titel></metadaten><textdaten><text format="XML"><Content><P>Diese Verordnung tritt am Tag nach der Verkündung in Kraft.</P></Content></text></textdaten></norm>
<norm builddate="20190315212503" doknr="BJNR078000016BJNE003100000"><metadaten><jurabk>KVAV</jurabk><enbez>Anlage 1</enbez><titel format="XML">(zu § 10 Absatz 5, § 11 Absatz 2 und § 13 Absatz 5)<BR/>Prämienberechnung nach § 10 Absatz 5, § 11 Absatz 2 und § 13 Absatz 5</titel></metadaten><textdaten><text format="XML"><Content><P><noindex><kommentar typ="Fundstelle">(Fundstelle: BGBl. I 2016,790 - 791)</kommentar></noindex></P><BR/><P><B>A. Prämienberechnung des Neuzugangs</B><DL Font="normal" Indent="5" Type="arabic"><DT><I>x</I></DT><DD Font="normal"><LA Size="normal">= Alter</LA></DD><DT><F>ω</F></DT><DD Font="normal"><LA Size="normal">= Endalter der Sterbetafel</LA></DD><DT><I>l<SUB>x</SUB></I></DT><DD Font="normal"><LA Size="normal">= Anzahl der Lebenden</LA></DD><DT><I>q<SUB>x</SUB></I></DT><DD Font="normal"><LA Size="normal">= Sterbenswahrscheinlichkeit</LA></DD><DT><I>w<SUB>x</SUB></I></DT><DD Font="normal"><LA Size="normal">= Stornowahrscheinlichkeit</LA></DD><DT><I>K<SUB>x</SUB></I></DT><DD Font="normal"><LA Size="normal">= Kopfschaden</LA></DD><DT><I><F>α</F></I><I><SUB>x</SUB></I></DT><DD Font="normal"><LA Size="normal">= einmalige unmittelbare Abschlusskosten, gemessen in Jahresprämien</LA></DD><DT><F>γ</F></DT><DD Font="normal"><LA Size="normal">= absolute Zuschläge</LA></DD><DT><F>Δ</F></DT><DD Font="normal"><LA Size="normal">= relative Zuschläge, gemessen in Prozent der Bruttoprämie</LA></DD><DT><I>i</I></DT><DD Font="normal"><LA Size="normal">= Rechnungszinsfuß</LA></DD></DL></P><P>Diskontierungsfaktor:</P><P><IMG Align="center" Height="20" Pos="inline" SRC="bgbl1_2016_j0780-1_0010_thumb.gif" Type="jpg" Units="72" Width="34" alt=""/></P><P>Ausscheideordnung:</P><P><I>l<SUB>x+1</SUB> = l<SUB>x</SUB> ·</I>(1 – <I>q<SUB>x</SUB> – w<SUB>x</SUB> </I>)</P><P>Diskontierte Lebende:</P><P><I>D<SUB>x</SUB> = l<SUB>x</SUB> · v<SUP>x</SUP></I></P><P>Rentenbarwert:</P><P><IMG Align="center" Height="22" Pos="inline" SRC="bgbl1_2016_j0780-1_0020_thumb.gif" Type="jpg" Units="72" Width="51" alt=""/></P><P>Leistungsbarwert:</P><P><IMG Align="center" Height="22" Pos="inline" SRC="bgbl1_2016_j0780-1_0030_thumb.gif" Type="jpg" Units="72" Width="69" alt=""/></P><P>Jährliche Nettoprämie:</P><P><IMG Align="center" Height="22" Pos="inline" SRC="bgbl1_2016_j0780-1_0040_thumb.gif" Type="jpg" Units="72" Width="32" alt=""/></P><P>Jährliche gezillmerte Bruttoprämie:</P><P><IMG Align="center" Height="32" Pos="inline" SRC="bgbl1_2016_j0780-1_0050_thumb.gif" Type="jpg" Units="72" Width="63" alt=""/></P><P><B>B. Prämienberechnung bei Prämienanpassungen und Umstufungen</B></P><P>Die Rechnungsgrundlagen, die vor dem Zeitpunkt der Prämienanpassung gegolten haben, werden mit einem hochgestellten „<I>a</I>“ gekennzeichnet.<table colsep="0" frame="none" rowsep="0" tocentry="%yes;"><tgroup align="left" char="" charoff="50" cols="2"><colspec colname="col1" colwidth="12.15*"/><colspec align="justify" colname="col2" colwidth="152.85*"/><tbody valign="top"><row><entry VJ="1" colname="col1"><IMG Align="center" Height="11" Pos="inline" SRC="bgbl1_2016_j0780-1_0060_thumb.gif" Type="jpg" Units="72" Width="10" alt=""/></entry><entry VJ="1" colname="col2">= einmalige Sanierungs- oder unmittelbare Abschlusskosten, gemessen im Mehrfachen der Differenz zwischen neuer und alter Jahresprämie des bereits Versicherten</entry></row><row><entry VJ="1" colname="col1"><I>u</I></entry><entry VJ="1" colname="col2">= erreichtes Alter zum Zeitpunkt der Prämienanpassung</entry></row><row><entry VJ="1" colname="col1"><IMG Align="center" Height="9" Pos="inline" SRC="bgbl1_2016_j0780-1_0070_thumb.gif" Type="jpg" Units="72" Width="11" alt=""/></entry><entry VJ="1" colname="col2">= bisher gezahlte Prämie</entry></row></tbody></tgroup></table></P><P>Jährliche Bruttoprämie eines u-jährigen Versicherten nach der Prämienanpassung:</P><P><IMG Align="center" Height="12" Pos="inline" SRC="bgbl1_2016_j0780-1_0080_thumb.gif" Type="jpg" Units="72" Width="213" alt=""/></P><P>mit</P><P><IMG Align="center" Height="11" Pos="inline" SRC="bgbl1_2016_j0780-1_0090_thumb.gif" Type="jpg" Units="72" Width="93" alt=""/></P><P><IMG Align="center" Height="10" Pos="inline" SRC="bgbl1_2016_j0780-1_0100_thumb.gif" Type="jpg" Units="72" Width="66" alt=""/></P><P><IMG Align="center" Height="10" Pos="inline" SRC="bgbl1_2016_j0780-1_0110_thumb.gif" Type="jpg" Units="72" Width="61" alt=""/></P><P>Der Ausdruck für <IMG Align="center" Height="11" Pos="inline" SRC="bgbl1_2016_j0780-1_0120_thumb.gif" Type="jpg" Units="72" Width="18" alt=""/> ändert sich entsprechend, wenn <DL Font="normal" Type="Dash"><DT>–</DT><DD Font="normal"><LA Size="normal">ein Kostenzuschlagssystem nach § 8 Absatz 4 Satz 4 verwendet wird,</LA></DD><DT>–</DT><DD Font="normal"><LA Size="normal">die einmaligen Sanierungskosten in anderer Weise eingerechnet werden,</LA></DD><DT>–</DT><DD Font="normal"><LA Size="normal">die unmittelbaren Abschlusskosten bei Umstufung in anderer Weise eingerechnet werden oder</LA></DD><DT>–</DT><DD Font="normal"><LA Size="normal">eine andere Formel für die Berechnung der Prämie des Neuzugangs nach § 10 Absatz 5 verwendet wird.</LA></DD></DL>Interpolationen der Rechenwerte auf den Zeitpunkt der Prämienanpassung oder der Umstufung sind zulässig.</P></Content></text></textdaten></norm>
<norm builddate="20190315212503" doknr="BJNR078000016BJNE003200000"><metadaten><jurabk>KVAV</jurabk><enbez>Anlage 2</enbez><titel format="XML">(zu § 15 Absatz 2 und 3)<BR/>Berechnung des Grundkopfschadens und der erforderlichen Versicherungsleistungen nach § 15 Absatz 2 und 3</titel></metadaten><textdaten><text format="XML"><Content><P><noindex><kommentar typ="Fundstelle">(Fundstelle: BGBl. I 2016, 792)</kommentar></noindex></P><BR/><P><B>A. Tatsächlicher Grundkopfschaden eines Beobachtungsjahres</B><DL Font="normal" Indent="5" Type="arabic"><DT><I>S</I></DT><DD Font="normal"><LA Size="normal">= abgegrenzter Schaden der Beobachtungseinheit im Beobachtungszeitraum abzüglich der Nettorisikozuschläge und einschließlich der geschlechtsunabhängig verteilten Leistungen wegen Schwangerschaft und Mutterschaft</LA></DD><DT><I>L<SUB>x</SUB></I></DT><DD Font="normal"><LA Size="normal">= abgegrenzter mittlerer Bestand der Beobachtungseinheit im Beobachtungszeitraum für das Alter <I>x</I></LA></DD><DT><I>k<SUB>x</SUB></I></DT><DD Font="normal"><LA Size="normal">= rechnungsmäßiger Profilwert für das Alter <I>x</I></LA></DD></DL></P><P>Tatsächlicher Grundkopfschaden:</P><P><IMG Align="center" Height="22" Pos="inline" SRC="bgbl1_2016_j0780-1_0130_thumb.gif" Type="jpg" Units="72" Width="52" alt=""/></P><P>Dabei wird über alle Alter <I>x</I> der Beobachtungseinheit summiert. Die Wirkungen von Wartezeit und Selektion sind ausreichend zu berücksichtigen.</P><P><B>B. Verfahren zur Berechnung der erforderlichen Versicherungsleistungen</B><DL Font="normal" Indent="21" Type="arabic"><DT><I>t − 2, t − 1, t</I></DT><DD Font="normal"><LA Size="normal">= die letzten drei Beobachtungszeiträume</LA></DD><DT><I>G<SUB>t−2</SUB>, G<SUB>t−1</SUB>, G<SUB>t</SUB></I></DT><DD Font="normal"><LA Size="normal">= tatsächliche Grundkopfschäden gemäß Abschnitt A, umgerechnet auf das Leistungsversprechen, das zum Extrapolationszeitpunkt gültig sein wird, und unter Zugrundelegung der aktuellen rechnungsmäßigen Profile</LA></DD></DL></P><P>Extrapolierter Grundkopfschaden:</P><P><IMG Align="center" Height="21" Pos="inline" SRC="bgbl1_2016_j0780-1_0140_thumb.gif" Type="jpg" Units="72" Width="166" alt=""/></P><P>Erforderliche Versicherungsleistungen:</P><P><IMG Align="center" Height="21" Pos="inline" SRC="bgbl1_2016_j0780-1_0150_thumb.gif" Type="jpg" Units="72" Width="79" alt=""/></P><P>mit <I>L<SUB>x</SUB></I> und <I>k<SUB>x</SUB></I> gemäß Abschnitt A und Summation über alle Alter <I>x</I>.</P></Content></text></textdaten></norm>
</dokumente>