<?xml version="1.0" encoding="UTF-8" ?><!DOCTYPE dokumente SYSTEM "http://www.gesetze-im-internet.de/dtd/1.01/gii-norm.dtd">
<dokumente builddate="20240308214005" doknr="BJNR04C0A0024"><norm builddate="20240308214005" doknr="BJNR04C0A0024"><metadaten><jurabk>Münz10EuroBek 2024-02-20</jurabk><ausfertigung-datum manuell="ja">2024-02-20</ausfertigung-datum><fundstelle typ="amtlich"><periodikum>BGBl I</periodikum><zitstelle>2024, Nr. 76</zitstelle></fundstelle><langue>Bekanntmachung über die Ausprägung von deutschen Euro-Gedenkmünzen im Nennwert von 10 Euro (Gedenkmünze &quot;Polizei&quot;)</langue></metadaten><textdaten><fussnoten><Content><P><BR/> <pre xml:space="preserve">(+++ Textnachweis ab: 8.3.2024 +++)<BR/><BR/></pre></P></Content></fussnoten></textdaten></norm>
<norm builddate="20240308214005" doknr="BJNR04C0A0024BJNE000100000"><metadaten><jurabk>Münz10EuroBek 2024-02-20</jurabk><enbez>(XXXX)</enbez></metadaten><textdaten><text format="XML"><Content><P>Gemäß den §§ 2, 4 und 5 des Münzgesetzes vom 16. Dezember 1999 (BGBl. I S. 2402) hat die Bundesregierung beschlossen, eine 10-Euro-Sammlermünze „Polizei“ mit einem Kunststoffring in der Farbe Blau prägen zu lassen. Die Münze bildet den dritten Teil der fünfteiligen Serie „Im Dienst der Gesellschaft“, bei der im Zeitraum 2022 bis 2026 jährlich eine Münze erscheinen soll. Die Serie stellt die besondere Bedeutung von Berufsgruppen in den Fokus, die für das Funktionieren unserer Gesellschaft und das Leben jedes Einzelnen unverzichtbar sind.</P><P>Die Münze wird zu gleichen Teilen in den Münzstätten Berlin, München, Stuttgart, Karlsruhe und Hamburg geprägt. Sie besteht aus drei Komponenten: Einem äußeren Ring und einem inneren Kern (Pille) aus Metall (CuNi25/CuNi19) sowie einem prägbaren, zwischen Ring und Pille eingefügten, Polymerring. Die Münze hat einen Durchmesser von 28,75 Millimetern und eine Masse von 9,8 Gramm. Das Gepräge auf beiden Seiten ist erhaben und wird von einem schützenden, glatten Randstab umgeben.</P><P>Die Bildseite stammt von dem Künstler Lorenz Crössmann aus Berlin. Sie zeigt im Zentrum – hervorgehoben durch den Polymerring – zwei an ihrer Dienstbekleidung erkennbare Einsatzkräfte. Sie zeigen sich für Bürgerinnen und Bürger ansprechbar und bringen das Serienthema „Im Dienst der Gesellschaft“ zum Ausdruck. Horizontal links und rechts dieses Duos befinden sich eine Einsatzkraft, die einen Hund führt und eine weitere, die auf einem Pferd sitzt sowie zur rechten eine Person in Entschärfer-Schutzkleidung hinter einem Fernlenkmanipulator und eine weitere auf einem Motorrad. Die Szenerie wird darüber ergänzt durch schematisierte Darstellungen von ländlichem und urbanem Raum. Am Münzrand oben befindet sich das Emblem des Polizeisterns. Eine neutrale Aussparung in Form eines Wappenschildes repräsentiert alle Polizeien der Länder und des Bundes. Unten am Münzrand befindet sich der Schriftzug „POLIZEI“.</P><P>Die Wertseite, die bei allen Münzen der Serie identisch ist, wurde von dem Künstler Patrick Niesel aus Röthenbach a. d. Pegnitz gestaltet. Sie zeigt einen Adler, den Schriftzug „BUNDESREPUBLIK DEUTSCHLAND“, Wertziffer und Wertbezeichnung, die Jahreszahl 2024, die zwölf Europasterne sowie – je nach Prägestätte – das Münzzeichen „A“ (Berlin), „D“ (München), „F“ (Stuttgart), „G“ (Karlsruhe) oder „J“ (Hamburg).</P><P>Der glatte Münzrand enthält in vertiefter Prägung die Inschrift:</P><P>„IM DIENST DER GESELLSCHAFT ●“.</P></Content></text></textdaten></norm>
<norm builddate="20240308214005" doknr="BJNR04C0A0024BJNE000200000"><metadaten><jurabk>Münz10EuroBek 2024-02-20</jurabk><enbez>Schlussformel</enbez></metadaten><textdaten><text format="XML"><Content><P><SP>Der Bundesminister der Finanzen</SP></P></Content></text></textdaten></norm>
<norm builddate="20240308214005" doknr="BJNR04C0A0024BJNE000300000"><metadaten><jurabk>Münz10EuroBek 2024-02-20</jurabk><enbez>(XXXX)</enbez></metadaten><textdaten><text format="XML"><Content><P><noindex><kommentar typ="Fundstelle">(Fundstelle: BGBl. 2024 I Nr. 76, S. 2)</kommentar></noindex></P><table frame="none" pgwide="1" tocentry="%yes;"><tgroup align="left" char="" charoff="50" cols="2"><colspec colname="col1"/><colspec colname="col2"/><tbody valign="top"><row><entry VJ="1" align="center" colname="col1" colsep="0"><IMG Align="center" Height="886" Pos="inline" SRC="bgbl1_2024_j00760_0010.jpg" Type="jpg" Units="" Width="886" alt="Die Bildseite zeigt im Zentrum – hervorgehoben durch den Polymerring – zwei an ihrer Dienstbekleidung erkennbare Einsatzkräfte. Sie zeigen sich für Bürgerinnen und Bürger ansprechbar und bringen das Serienthema „Im Dienst der Gesellschaft“ zum Ausdruck. Horizontal links und rechts dieses Duos befinden sich eine Einsatzkraft, die einen Hund führt und eine weitere, die auf einem Pferd sitzt sowie zur rechten eine Person in Entschärfer-Schutzkleidung hinter einem Fernlenkmanipulator und eine weitere auf einem Motorrad. Die Szenerie wird darüber ergänzt durch schematisierte Darstellungen von ländlichem und urbanem Raum. Am Münzrand oben befindet sich das Emblem des Polizeisterns. Eine neutrale Aussparung in Form eines Wappenschildes repräsentiert alle Polizeien der Länder und des Bundes. Unten am Münzrand befindet sich der Schriftzug „POLIZEI“."/></entry><entry VJ="1" align="center" colname="col2"><IMG Align="center" Height="884" Pos="inline" SRC="bgbl1_2024_j00760_0020.jpg" Type="jpg" Units="" Width="886" alt="Die Wertseite zeigt einen Adler, den Schriftzug „BUNDESREPUBLIK DEUTSCHLAND“, Wertziffer und Wertbezeichnung, die Jahreszahl 2024, die zwölf Europasterne sowie – je nach Prägestätte – das Münzzeichen „A“ (Berlin), „D“ (München), „F“ (Stuttgart), „G“ (Karlsruhe) oder „J“ (Hamburg)."/></entry></row></tbody></tgroup></table></Content></text></textdaten></norm>
</dokumente>