<?xml version="1.0" encoding="UTF-8" ?><!DOCTYPE dokumente SYSTEM "http://www.gesetze-im-internet.de/dtd/1.01/gii-norm.dtd">
<dokumente builddate="20250318223503" doknr="BJNR0540A0025"><norm builddate="20250318223503" doknr="BJNR0540A0025"><metadaten><jurabk>BBRErnAnO</jurabk><amtabk>BBRErnAnO</amtabk><ausfertigung-datum manuell="ja">2025-03-13</ausfertigung-datum><fundstelle typ="amtlich"><periodikum>BGBl I</periodikum><zitstelle>2025, Nr. 84</zitstelle></fundstelle><langue>Anordnung über die Befugnisse zur Ernennung und Entlassung der Beamtinnen und Beamten des Bundesamtes für Bauwesen und Raumordnung</langue></metadaten><textdaten><fussnoten><Content><P><BR/> <pre xml:space="preserve">(+++ Textnachweis ab: 8.12.2021 +++)<BR/><BR/></pre></P></Content></fussnoten></textdaten></norm>
<norm builddate="20250318223503" doknr="BJNR0540A0025BJNE000100000"><metadaten><jurabk>BBRErnAnO</jurabk><enbez>Eingangsformel</enbez></metadaten><textdaten><text format="XML"><Content><P>Nach Artikel 1 der Anordnung des Bundespräsidenten über die Ernennung und Entlassung der Beamtinnen, Beamten, Richterinnen und Richter des Bundes vom 23. Juni 2004 (BGBl. I S. 1286) ordne ich an:</P></Content></text></textdaten></norm>
<norm builddate="20250318223503" doknr="BJNR0540A0025BJNE000200000"><metadaten><jurabk>BBRErnAnO</jurabk><enbez>§ 1</enbez><titel format="XML">Ausübung des Rechts zur Ernennung und Entlassung</titel></metadaten><textdaten><text format="XML"><Content><P>Der Präsidentin oder dem Präsidenten des Bundesamtes für Bauwesen und Raumordnung wird die Ausübung des Rechtes zur Ernennung und Entlassung der Beamtinnen und Beamten des Bundes der Besoldungsgruppen bis einschließlich A 15 widerruflich übertragen.</P></Content></text></textdaten></norm>
<norm builddate="20250318223503" doknr="BJNR0540A0025BJNE000300000"><metadaten><jurabk>BBRErnAnO</jurabk><enbez>§ 2</enbez><titel format="XML">Vorbehaltsklausel</titel></metadaten><textdaten><text format="XML"><Content><P>Für besondere Fälle bleibt die Ernennung und Entlassung der unter § 1 genannten Beamtinnen und Beamten vorbehalten.</P></Content></text></textdaten></norm>
<norm builddate="20250318223503" doknr="BJNR0540A0025BJNE000400000"><metadaten><jurabk>BBRErnAnO</jurabk><enbez>§ 3</enbez><titel format="XML">Inkrafttreten</titel></metadaten><textdaten><text format="XML"><Content><P>Diese Anordnung tritt mit Wirkung vom 8. Dezember 2021 in Kraft.</P></Content></text></textdaten></norm>
<norm builddate="20250318223503" doknr="BJNR0540A0025BJNE000500000"><metadaten><jurabk>BBRErnAnO</jurabk><enbez>Schlussformel</enbez></metadaten><textdaten><text format="XML"><Content><P><SP>Die Bundesministerin für Wohnen, Stadtentwicklung und Bauwesen</SP></P></Content></text></textdaten></norm>
</dokumente>