<?xml version="1.0" encoding="UTF-8" ?><!DOCTYPE dokumente SYSTEM "http://www.gesetze-im-internet.de/dtd/1.01/gii-norm.dtd">
<dokumente builddate="20210615213125" doknr="BJNR062800013"><norm builddate="20210615213125" doknr="BJNR062800013"><metadaten><jurabk>MetTechAusbV</jurabk><ausfertigung-datum manuell="ja">2013-04-02</ausfertigung-datum><fundstelle typ="amtlich"><periodikum>BGBl I</periodikum><zitstelle>2013, 628</zitstelle></fundstelle><langue>Verordnung über die Berufsausbildung zur Fachkraft für Metalltechnik<FnR ID="F1_780451_BJNR062800013"/></langue></metadaten><textdaten><text format="XML"><Footnotes><Footnote FnZ="*" Group="column" ID="F1_780451_BJNR062800013" Pos="normal"><noindex>Diese Rechtsverordnung ist eine Ausbildungsordnung im Sinne des § 4 des Berufsbildungsgesetzes. Die Ausbildungsordnung und der damit abgestimmte von der Ständigen Konferenz der Kultusminister der Länder in der Bundesrepublik Deutschland beschlossene Rahmenlehrplan für die Berufsschule werden demnächst im amtlichen Teil des Bundesanzeigers veröffentlicht.</noindex></Footnote></Footnotes></text><fussnoten><Content><P><BR/> <pre xml:space="preserve">(+++ Textnachweis ab: 1.8.2013 +++)<BR/><BR/></pre></P></Content></fussnoten></textdaten></norm>
<norm builddate="20210615213125" doknr="BJNR062800013BJNE000100000"><metadaten><jurabk>MetTechAusbV</jurabk><enbez>Eingangsformel</enbez></metadaten><textdaten><text format="XML"><Content><P>Auf Grund des § 4 Absatz 1 in Verbindung mit Absatz 4 und § 5 des Berufsbildungsgesetzes, von denen § 4 Absatz 1 durch Artikel 232 Nummer 1 der Verordnung vom 31. Oktober 2006 (BGBl. I S. 2407) geändert worden ist, verordnet das Bundesministerium für Wirtschaft und Technologie im Einvernehmen mit dem Bundesministerium für Bildung und Forschung:</P></Content></text></textdaten></norm>
<norm builddate="20210615213125" doknr="BJNR062800013BJNE000200000"><metadaten><jurabk>MetTechAusbV</jurabk><enbez>§ 1</enbez><titel format="XML">Staatliche Anerkennung des Ausbildungsberufes</titel></metadaten><textdaten><text format="XML"><Content><P>Der Ausbildungsberuf Fachkraft für Metalltechnik wird nach § 4 Absatz 1 des Berufsbildungsgesetzes staatlich anerkannt.</P></Content></text></textdaten></norm>
<norm builddate="20210615213125" doknr="BJNR062800013BJNE000300000"><metadaten><jurabk>MetTechAusbV</jurabk><enbez>§ 2</enbez><titel format="XML">Dauer der Berufsausbildung</titel></metadaten><textdaten><text format="XML"><Content><P>Die Ausbildung dauert zwei Jahre.</P></Content></text></textdaten></norm>
<norm builddate="20210615213125" doknr="BJNR062800013BJNE000400000"><metadaten><jurabk>MetTechAusbV</jurabk><enbez>§ 3</enbez><titel format="XML">Struktur der Berufsausbildung</titel></metadaten><textdaten><text format="XML"><Content><P>Die Berufsausbildung gliedert sich in gemeinsame Ausbildungsinhalte und die Ausbildungsinhalte in den Fachrichtungen <DL Type="arabic"><DT>1.</DT><DD Font="normal"><LA>Montagetechnik,</LA></DD><DT>2.</DT><DD Font="normal"><LA>Konstruktionstechnik,</LA></DD><DT>3.</DT><DD Font="normal"><LA>Zerspanungstechnik,</LA></DD><DT>4.</DT><DD Font="normal"><LA>Umform- und Drahttechnik.</LA></DD></DL></P></Content></text></textdaten></norm>
<norm builddate="20210615213125" doknr="BJNR062800013BJNE000500000"><metadaten><jurabk>MetTechAusbV</jurabk><enbez>§ 4</enbez><titel format="XML">Ausbildungsrahmenplan, Ausbildungsberufsbild</titel></metadaten><textdaten><text format="XML"><Content><P>(1) Gegenstand der Berufsausbildung sind mindestens die im Ausbildungsrahmenplan (Anlage) aufgeführten Fertigkeiten, Kenntnisse und Fähigkeiten (berufliche Handlungsfähigkeit). Eine von dem Ausbildungsrahmenplan abweichende Organisation der Ausbildung ist insbesondere zulässig, soweit betriebspraktische Besonderheiten die Abweichung erfordern.</P><P>(2) Die Berufsausbildung zur Fachkraft für Metalltechnik gliedert sich wie folgt (Ausbildungsberufsbild):<BR/><SP>Abschnitt A</SP><BR/> Gemeinsame berufsprofilgebende Fertigkeiten, Kenntnisse und Fähigkeiten: <DL Type="arabic"><DT>1.</DT><DD Font="normal"><LA>Herstellen von Bauteilen,</LA></DD><DT>2.</DT><DD Font="normal"><LA>Warten von Betriebsmitteln,</LA></DD><DT>3.</DT><DD Font="normal"><LA>Steuerungstechnik,</LA></DD><DT>4.</DT><DD Font="normal"><LA>Anschlagen, Sichern und Transportieren,</LA></DD><DT>5.</DT><DD Font="normal"><LA>Montieren und Demontieren von Bauteilen und Baugruppen;</LA></DD></DL><SP>Abschnitt B</SP><BR/> Weitere berufsprofilgebende Fertigkeiten, Kenntnisse und Fähigkeiten in der Fachrichtung Montagetechnik: <DL Type="arabic"><DT>1.</DT><DD Font="normal"><LA>Planen und Vorbereiten von Montage- und Demontageprozessen,</LA></DD><DT>2.</DT><DD Font="normal"><LA>Montieren und Demontieren von Bauteilen und Baugruppen,</LA></DD><DT>3.</DT><DD Font="normal"><LA>Herstellen von Verbindungen,</LA></DD><DT>4.</DT><DD Font="normal"><LA>Überwachen und Optimieren von Montage- und Demontageprozessen;</LA></DD></DL><SP>Abschnitt C</SP><BR/> Weitere berufsprofilgebende Fertigkeiten, Kenntnisse und Fähigkeiten in der Fachrichtung Konstruktionstechnik: <DL Type="arabic"><DT>1.</DT><DD Font="normal"><LA>Planen und Vorbereiten von Montage- und Demontageprozessen,</LA></DD><DT>2.</DT><DD Font="normal"><LA>Montieren und Demontieren von Metallkonstruktionen,</LA></DD><DT>3.</DT><DD Font="normal"><LA>Trennen und Umformen,</LA></DD><DT>4.</DT><DD Font="normal"><LA>Fügen von Bauteilen,</LA></DD><DT>5.</DT><DD Font="normal"><LA>Aufbereiten und Schützen von Oberflächen;</LA></DD></DL><SP>Abschnitt D</SP><BR/> Weitere berufsprofilgebende Fertigkeiten, Kenntnisse und Fähigkeiten in der Fachrichtung Zerspanungstechnik: <DL Type="arabic"><DT>1.</DT><DD Font="normal"><LA>Planen von Fertigungsprozessen,</LA></DD><DT>2.</DT><DD Font="normal"><LA>Einrichten von Werkzeugmaschinen und Fertigungssystemen,</LA></DD><DT>3.</DT><DD Font="normal"><LA>Herstellen von Werkstücken,</LA></DD><DT>4.</DT><DD Font="normal"><LA>Überwachen und Optimieren von Fertigungsprozessen;</LA></DD></DL><SP>Abschnitt E</SP><BR/> Weitere berufsprofilgebende Fertigkeiten, Kenntnisse und Fähigkeiten in der Fachrichtung Umform- und Drahttechnik: <DL Type="arabic"><DT>1.</DT><DD Font="normal"><LA>Einrichten und Rüsten von Trenn- oder Umformmaschinen,</LA></DD><DT>2.</DT><DD Font="normal"><LA>Herstellen von Produkten,</LA></DD><DT>3.</DT><DD Font="normal"><LA>Überwachen und Optimieren von Produktionsprozessen,</LA></DD><DT>4.</DT><DD Font="normal"><LA>Oberflächen- und Wärmebehandlung;</LA></DD></DL><SP>Abschnitt F</SP><BR/> Integrative Fertigkeiten, Kenntnisse und Fähigkeiten: <DL Type="arabic"><DT>1.</DT><DD Font="normal"><LA>Berufsbildung, Arbeits- und Tarifrecht,</LA></DD><DT>2.</DT><DD Font="normal"><LA>Aufbau und Organisation des Ausbildungsbetriebes,</LA></DD><DT>3.</DT><DD Font="normal"><LA>Sicherheit und Gesundheitsschutz bei der Arbeit,</LA></DD><DT>4.</DT><DD Font="normal"><LA>Umweltschutz,</LA></DD><DT>5.</DT><DD Font="normal"><LA>Durchführen von qualitätssichernden Maßnahmen,</LA></DD><DT>6.</DT><DD Font="normal"><LA>Betriebliche und technische Kommunikation,</LA></DD><DT>7.</DT><DD Font="normal"><LA>Planen und Ausführen der Arbeit.</LA></DD></DL></P></Content></text></textdaten></norm>
<norm builddate="20210615213125" doknr="BJNR062800013BJNE000600000"><metadaten><jurabk>MetTechAusbV</jurabk><enbez>§ 5</enbez><titel format="XML">Durchführung der Berufsausbildung</titel></metadaten><textdaten><text format="XML"><Content><P>(1) Die in dieser Verordnung genannten Fertigkeiten, Kenntnisse und Fähigkeiten sollen so vermittelt werden, dass die Auszubildenden zur Ausübung einer qualifizierten beruflichen Tätigkeit im Sinne von § 1 Absatz 3 des Berufsbildungsgesetzes befähigt werden, die insbesondere selbstständiges Planen, Durchführen und Kontrollieren einschließt. Diese Befähigung ist auch in den Prüfungen nach den §§ 6, 7, 9, 11 und 13 nachzuweisen.</P><P>(2) Die Ausbildenden haben unter Zugrundelegung des Ausbildungsrahmenplans für die Auszubildenden einen Ausbildungsplan zu erstellen.</P><P>(3) Die Auszubildenden haben einen schriftlichen Ausbildungsnachweis zu führen. Ihnen ist Gelegenheit zu geben, den schriftlichen Ausbildungsnachweis während der Ausbildungszeit zu führen. Die Ausbildenden haben den schriftlichen Ausbildungsnachweis regelmäßig durchzusehen.</P></Content></text></textdaten></norm>
<norm builddate="20210615213125" doknr="BJNR062800013BJNE000700000"><metadaten><jurabk>MetTechAusbV</jurabk><enbez>§ 6</enbez><titel format="XML">Zwischenprüfung</titel></metadaten><textdaten><text format="XML"><Content><P>(1) Zur Ermittlung des Ausbildungsstandes ist eine Zwischenprüfung durchzuführen. Sie soll zum Anfang des zweiten Ausbildungsjahres stattfinden.</P><P>(2) Die Zwischenprüfung erstreckt sich auf die in der Anlage für das erste Ausbildungsjahr aufgeführten Fertigkeiten, Kenntnisse und Fähigkeiten sowie auf den im Berufsschulunterricht zu vermittelnden Lehrstoff, soweit er für die Berufsausbildung wesentlich ist. Die Zwischenprüfung findet im Prüfungsbereich Herstellen einer funktionsfähigen Baugruppe statt.</P><P>(3) Für den Prüfungsbereich Herstellen einer funktionsfähigen Baugruppe bestehen folgende Vorgaben: <DL Type="arabic"><DT>1.</DT><DD Font="normal"><LA>Der Prüfling soll nachweisen, dass er in der Lage ist, <DL Type="alpha"><DT>a)</DT><DD Font="normal"><LA>Arbeitsschritte zu planen, Arbeitsmittel und technische Unterlagen anzuwenden, technologische Kennwerte zu ermitteln, erforderliche Berechnungen durchzuführen,</LA></DD><DT>b)</DT><DD Font="normal"><LA>Sicherheit und Gesundheitsschutz bei der Arbeit und den Umweltschutz zu berücksichtigen,</LA></DD><DT>c)</DT><DD Font="normal"><LA>Bauteile manuell und maschinell zu bearbeiten, umzuformen und durch Schraubverbindungen zu fügen,</LA></DD><DT>d)</DT><DD Font="normal"><LA>Prüfmittel anzuwenden;</LA></DD></DL></LA></DD><DT>2.</DT><DD Font="normal"><LA>der Prüfling soll ein Prüfungsstück fertigen und darauf bezogene Aufgaben schriftlich bearbeiten;</LA></DD><DT>3.</DT><DD Font="normal"><LA>die Prüfungszeit beträgt für das Prüfungsstück sechs Stunden und für die schriftlich zu bearbeitenden Aufgaben 60 Minuten.</LA></DD></DL></P></Content></text></textdaten></norm>
<norm builddate="20210615213125" doknr="BJNR062800013BJNE000800000"><metadaten><jurabk>MetTechAusbV</jurabk><enbez>§ 7</enbez><titel format="XML">Abschlussprüfung in der Fachrichtung Montagetechnik</titel></metadaten><textdaten><text format="XML"><Content><P>(1) Durch die Abschlussprüfung ist festzustellen, ob der Prüfling die berufliche Handlungsfähigkeit erworben hat. In der Abschlussprüfung soll der Prüfling nachweisen, dass er die dafür erforderlichen beruflichen Fertigkeiten beherrscht, die notwendigen beruflichen Kenntnisse und Fähigkeiten besitzt und mit dem im Berufsschulunterricht zu vermittelnden, für die Berufsausbildung wesentlichen Lehrstoff vertraut ist. Die Ausbildungsordnung ist zugrunde zu legen.</P><P>(2) Die Abschlussprüfung erstreckt sich auf die in der Anlage in den Abschnitten A, B und F aufgeführten Fertigkeiten, Kenntnisse und Fähigkeiten sowie auf den im Berufsschulunterricht zu vermittelnden Lehrstoff, soweit er für die Berufsausbildung wesentlich ist.</P><P>(3) Die Abschlussprüfung besteht aus den Prüfungsbereichen: <DL Type="arabic"><DT>1.</DT><DD Font="normal"><LA>Montageauftrag,</LA></DD><DT>2.</DT><DD Font="normal"><LA>Auftrags- und Funktionsanalyse,</LA></DD><DT>3.</DT><DD Font="normal"><LA>Fertigungs- und Montagetechnik,</LA></DD><DT>4.</DT><DD Font="normal"><LA>Wirtschafts- und Sozialkunde.</LA></DD></DL></P><P>(4) Für den Prüfungsbereich Montageauftrag bestehen folgende Vorgaben: <DL Type="arabic"><DT>1.</DT><DD Font="normal"><LA>Der Prüfling soll nachweisen, dass er in der Lage ist, <DL Type="alpha"><DT>a)</DT><DD Font="normal"><LA>Art und Umfang von Aufträgen zu erfassen, Informationen für die Auftragsabwicklung zu beschaffen und zu nutzen,</LA></DD><DT>b)</DT><DD Font="normal"><LA>Fertigungsverfahren auszuwählen, Bauteile durch manuelle und maschinelle Verfahren zu fertigen, Aspekte zur Sicherheit und zum Gesundheitsschutz bei der Arbeit sowie Umweltschutzbestimmungen zu beachten,</LA></DD><DT>c)</DT><DD Font="normal"><LA>Baugruppen lage- und funktionsgerecht sowie unter Beachtung der Teilefolge zu montieren, auszurichten, zu befestigen und zu sichern,</LA></DD><DT>d)</DT><DD Font="normal"><LA>Funktionen an Baugruppen einzustellen,</LA></DD><DT>e)</DT><DD Font="normal"><LA>Prüfverfahren und Prüfmittel auszuwählen und anzuwenden, Einsatzfähigkeit von Prüfmitteln festzustellen, Funktionen zu prüfen und zu dokumentieren;</LA></DD></DL></LA></DD><DT>2.</DT><DD Font="normal"><LA>der Prüfling soll ein Prüfungsstück herstellen;</LA></DD><DT>3.</DT><DD Font="normal"><LA>die Prüfungszeit beträgt sieben Stunden.</LA></DD></DL></P><P>(5) Für den Prüfungsbereich Auftrags- und Funktionsanalyse bestehen folgende Vorgaben: <DL Type="arabic"><DT>1.</DT><DD Font="normal"><LA>Der Prüfling soll nachweisen, dass er in der Lage ist, <DL Type="alpha"><DT>a)</DT><DD Font="normal"><LA>einen Fertigungs- und Montageauftrag zu analysieren,</LA></DD><DT>b)</DT><DD Font="normal"><LA>technische Unterlagen auf Vollständigkeit und Richtigkeit zu prüfen und zu ergänzen, Fertigungs- und Montageschritte unter Berücksichtigung von Arbeitssicherheit und Umweltschutz zu planen sowie technische Regelwerke, Montagepläne, Richtlinien und Prüfvorschriften anzuwenden,</LA></DD><DT>c)</DT><DD Font="normal"><LA>die lage- und funktionsgerechte Montage von Baugruppen unter Beachtung der Teilefolge zu erläutern,</LA></DD><DT>d)</DT><DD Font="normal"><LA>Baugruppen zu übergeben und Funktionen zu erläutern,</LA></DD><DT>e)</DT><DD Font="normal"><LA>Verfahren und Parameter, Prüfmethoden und Prüfmittel festzulegen;</LA></DD></DL></LA></DD><DT>2.</DT><DD Font="normal"><LA>der Prüfling soll Aufgaben schriftlich bearbeiten;</LA></DD><DT>3.</DT><DD Font="normal"><LA>die Prüfungszeit beträgt 90 Minuten.</LA></DD></DL></P><P>(6) Für den Prüfungsbereich Fertigungs- und Montagetechnik bestehen folgende Vorgaben: <DL Type="arabic"><DT>1.</DT><DD Font="normal"><LA>Der Prüfling soll nachweisen, dass er in der Lage ist, <DL Type="alpha"><DT>a)</DT><DD Font="normal"><LA>Fertigungs-, Montage- und Fügeverfahren für die Herstellung von Bauteilen und Baugruppen, unter Berücksichtigung technischer, wirtschaftlicher und ökologischer Gesichtspunkte zu beurteilen und auszuwählen,</LA></DD><DT>b)</DT><DD Font="normal"><LA>die für die Fertigung und Montage erforderlichen technologischen Kennwerte zu ermitteln und zu berechnen,</LA></DD><DT>c)</DT><DD Font="normal"><LA>Werk- und Hilfsstoffe auftragsbezogen auszuwählen,</LA></DD><DT>d)</DT><DD Font="normal"><LA>Arbeitsschritte zu planen sowie Werkzeuge und Maschinen zuzuordnen;</LA></DD></DL></LA></DD><DT>2.</DT><DD Font="normal"><LA>der Prüfling soll Aufgaben schriftlich bearbeiten;</LA></DD><DT>3.</DT><DD Font="normal"><LA>die Prüfungszeit beträgt 60 Minuten.</LA></DD></DL></P><P>(7) Für den Prüfungsbereich Wirtschafts- und Sozialkunde bestehen folgende Vorgaben: <DL Type="arabic"><DT>1.</DT><DD Font="normal"><LA>Der Prüfling soll nachweisen, dass er in der Lage ist, allgemeine, wirtschaftliche und gesellschaftliche Zusammenhänge der Berufs- und Arbeitswelt darzustellen und zu beurteilen;</LA></DD><DT>2.</DT><DD Font="normal"><LA>der Prüfling soll praxisbezogene Aufgaben schriftlich bearbeiten;</LA></DD><DT>3.</DT><DD Font="normal"><LA>die Prüfungszeit beträgt 60 Minuten.</LA></DD></DL></P></Content></text></textdaten></norm>
<norm builddate="20210615213125" doknr="BJNR062800013BJNE000900000"><metadaten><jurabk>MetTechAusbV</jurabk><enbez>§ 8</enbez><titel format="XML">Gewichtungs- und Bestehensregelungen in der Fachrichtung Montagetechnik</titel></metadaten><textdaten><text format="XML"><Content><P>(1) Die Prüfungsbereiche sind wie folgt zu gewichten: <DL Font="normal" Type="arabic"><DT>1.</DT><DD Font="normal"><LA Size="normal"><table colsep="0" frame="none" pgwide="1" rowsep="0" tocentry="%yes;"><tgroup align="left" char="" charoff="50" cols="2"><colspec align="left" colname="leftSplit"/><colspec align="right" colname="rightSplit"/><tbody Class="Split" valign="top"><row><entry VJ="1" colname="leftSplit">Montageauftrag</entry><entry VJ="1" colname="rightSplit" valign="bottom">60 Prozent,</entry></row></tbody></tgroup></table></LA></DD><DT>2.</DT><DD Font="normal"><LA Size="normal"><table colsep="0" frame="none" pgwide="1" rowsep="0" tocentry="%yes;"><tgroup align="left" char="" charoff="50" cols="2"><colspec align="left" colname="leftSplit"/><colspec align="right" colname="rightSplit"/><tbody Class="Split" valign="top"><row><entry VJ="1" colname="leftSplit">Auftrags- und Funktionsanalyse</entry><entry VJ="1" colname="rightSplit" valign="bottom">20 Prozent,</entry></row></tbody></tgroup></table></LA></DD><DT>3.</DT><DD Font="normal"><LA Size="normal"><table colsep="0" frame="none" pgwide="1" rowsep="0" tocentry="%yes;"><tgroup align="left" char="" charoff="50" cols="2"><colspec align="left" colname="leftSplit"/><colspec align="right" colname="rightSplit"/><tbody Class="Split" valign="top"><row><entry VJ="1" colname="leftSplit">Fertigungs- und Montagetechnik</entry><entry VJ="1" colname="rightSplit" valign="bottom">10 Prozent,</entry></row></tbody></tgroup></table></LA></DD><DT>4.</DT><DD Font="normal"><LA Size="normal"><table colsep="0" frame="none" pgwide="1" rowsep="0" tocentry="%yes;"><tgroup align="left" char="" charoff="50" cols="2"><colspec align="left" colname="leftSplit"/><colspec align="right" colname="rightSplit"/><tbody Class="Split" valign="top"><row><entry VJ="1" colname="leftSplit">Wirtschafts- und Sozialkunde</entry><entry VJ="1" colname="rightSplit" valign="bottom">10 Prozent.</entry></row></tbody></tgroup></table></LA></DD></DL></P><P>(2) Die Abschlussprüfung ist bestanden, wenn die Leistungen <DL Font="normal" Type="arabic"><DT>1.</DT><DD Font="normal"><LA Size="normal">im Gesamtergebnis mit mindestens „ausreichend“,</LA></DD><DT>2.</DT><DD Font="normal"><LA Size="normal">in mindestens drei Prüfungsbereichen mit mindestens „ausreichend“ und</LA></DD><DT>3.</DT><DD Font="normal"><LA Size="normal">in keinem Prüfungsbereich mit „ungenügend“</LA></DD></DL>bewertet worden sind.</P><P>(3) Auf Antrag des Prüflings ist die Prüfung in einem der mit schlechter als „ausreichend“ bewerteten Prüfungsbereiche Auftrags- und Funktionsanalyse, Fertigungs- und Montagetechnik sowie Wirtschafts- und Sozialkunde durch eine mündliche Prüfung von etwa 15 Minuten zu ergänzen, wenn dies für das Bestehen der Prüfung den Ausschlag geben kann. Bei der Ermittlung des Ergebnisses für diesen Prüfungsbereich sind das bisherige Ergebnis und das Ergebnis der mündlichen Ergänzungsprüfung im Verhältnis 2:1 zu gewichten.</P></Content></text></textdaten></norm>
<norm builddate="20210615213125" doknr="BJNR062800013BJNE001000000"><metadaten><jurabk>MetTechAusbV</jurabk><enbez>§ 9</enbez><titel format="XML">Abschlussprüfung in der Fachrichtung Konstruktionstechnik</titel></metadaten><textdaten><text format="XML"><Content><P>(1) Durch die Abschlussprüfung ist festzustellen, ob der Prüfling die berufliche Handlungsfähigkeit erworben hat. In der Abschlussprüfung soll der Prüfling nachweisen, dass er die dafür erforderlichen beruflichen Fertigkeiten beherrscht, die notwendigen beruflichen Kenntnisse und Fähigkeiten besitzt und mit dem im Berufsschulunterricht zu vermittelnden, für die Berufsausbildung wesentlichen Lehrstoff vertraut ist. Die Ausbildungsordnung ist zugrunde zu legen.</P><P>(2) Die Abschlussprüfung erstreckt sich auf die in der Anlage in den Abschnitten A, C und F aufgeführten Fertigkeiten, Kenntnisse und Fähigkeiten sowie auf den im Berufsschulunterricht zu vermittelnden Lehrstoff, soweit er für die Berufsausbildung wesentlich ist.</P><P>(3) Die Abschlussprüfung besteht aus den Prüfungsbereichen: <DL Type="arabic"><DT>1.</DT><DD Font="normal"><LA>Konstruktionsauftrag,</LA></DD><DT>2.</DT><DD Font="normal"><LA>Fertigungstechnik,</LA></DD><DT>3.</DT><DD Font="normal"><LA>Auftragsanalyse und Arbeitsplanung,</LA></DD><DT>4.</DT><DD Font="normal"><LA>Wirtschafts- und Sozialkunde.</LA></DD></DL></P><P>(4) Für den Prüfungsbereich Konstruktionsauftrag bestehen folgende Vorgaben: <DL Type="arabic"><DT>1.</DT><DD Font="normal"><LA>Der Prüfling soll nachweisen, dass er in der Lage ist, <DL Type="alpha"><DT>a)</DT><DD Font="normal"><LA>Art und Umfang von Aufträgen zu erfassen, Informationen für die Auftragsabwicklung zu beschaffen und zu nutzen, Fertigungsverfahren auszuwählen,</LA></DD><DT>b)</DT><DD Font="normal"><LA>Bleche durch manuelle und maschinelle Verfahren zu bearbeiten und Fügeteile vorzubereiten, Aspekte zur Sicherheit und zum Gesundheitsschutz bei der Arbeit sowie Umweltschutzbestimmungen zu beachten,</LA></DD><DT>c)</DT><DD Font="normal"><LA>Bauteile auszurichten, zu montieren und unter Beachtung der Schweißfolge mit zwei unterschiedlichen Schweißverfahren zu fügen,</LA></DD><DT>d)</DT><DD Font="normal"><LA>Prüfverfahren und Prüfmittel auszuwählen, anzuwenden und zu dokumentieren, Einsatzfähigkeit von Prüfmitteln festzustellen;</LA></DD></DL></LA></DD><DT>2.</DT><DD Font="normal"><LA>der Prüfling soll ein Prüfungsstück herstellen;</LA></DD><DT>3.</DT><DD Font="normal"><LA>die Prüfungszeit beträgt sieben Stunden.</LA></DD></DL></P><P>(5) Für den Prüfungsbereich Fertigungstechnik bestehen folgende Vorgaben: <DL Type="arabic"><DT>1.</DT><DD Font="normal"><LA>Der Prüfling soll nachweisen, dass er in der Lage ist, <DL Type="alpha"><DT>a)</DT><DD Font="normal"><LA>verschiedene Fertigungs- und Fügeverfahren zu erläutern und auftragsbezogen auszuwählen,</LA></DD><DT>b)</DT><DD Font="normal"><LA>Werk- und Hilfsstoffe auftragsbezogen auszuwählen,</LA></DD><DT>c)</DT><DD Font="normal"><LA>fachliche Berechnungen durchzuführen;</LA></DD></DL></LA></DD><DT>2.</DT><DD Font="normal"><LA>der Prüfling soll Aufgaben schriftlich bearbeiten;</LA></DD><DT>3.</DT><DD Font="normal"><LA>die Prüfungszeit beträgt 90 Minuten.</LA></DD></DL></P><P>(6) Für den Prüfungsbereich Auftragsanalyse und Arbeitsplanung bestehen folgende Vorgaben: <DL Type="arabic"><DT>1.</DT><DD Font="normal"><LA>Der Prüfling soll nachweisen, dass er in der Lage ist, <DL Type="alpha"><DT>a)</DT><DD Font="normal"><LA>einen Konstruktionsauftrag zu analysieren,</LA></DD><DT>b)</DT><DD Font="normal"><LA>technische Unterlagen auf Vollständigkeit und Richtigkeit zu prüfen und zu ergänzen, Fertigungs- und Montageschritte unter Berücksichtigung von Arbeitssicherheit und Umweltschutz zu planen sowie technische Regelwerke, Montagepläne, Richtlinien und Prüfvorschriften anzuwenden,</LA></DD><DT>c)</DT><DD Font="normal"><LA>die lage- und funktionsgerechte Montage von Baugruppen unter Beachtung der Arbeitsfolge zu erläutern,</LA></DD><DT>d)</DT><DD Font="normal"><LA>Verfahren und Parameter, Prüfmethoden und Prüfmittel festzulegen;</LA></DD></DL></LA></DD><DT>2.</DT><DD Font="normal"><LA>der Prüfling soll Aufgaben schriftlich bearbeiten;</LA></DD><DT>3.</DT><DD Font="normal"><LA>die Prüfungszeit beträgt 60 Minuten.</LA></DD></DL></P><P>(7) Für den Prüfungsbereich Wirtschafts- und Sozialkunde bestehen folgende Vorgaben: <DL Type="arabic"><DT>1.</DT><DD Font="normal"><LA>Der Prüfling soll nachweisen, dass er in der Lage ist, allgemeine, wirtschaftliche und gesellschaftliche Zusammenhänge der Berufs- und Arbeitswelt darzustellen und zu beurteilen;</LA></DD><DT>2.</DT><DD Font="normal"><LA>der Prüfling soll praxisbezogene Aufgaben schriftlich bearbeiten;</LA></DD><DT>3.</DT><DD Font="normal"><LA>die Prüfungszeit beträgt 60 Minuten.</LA></DD></DL></P></Content></text></textdaten></norm>
<norm builddate="20210615213125" doknr="BJNR062800013BJNE001100000"><metadaten><jurabk>MetTechAusbV</jurabk><enbez>§ 10</enbez><titel format="XML">Gewichtungs- und Bestehensregelungen in der Fachrichtung Konstruktionstechnik</titel></metadaten><textdaten><text format="XML"><Content><P>(1) Die Prüfungsbereiche sind wie folgt zu gewichten: <DL Font="normal" Type="arabic"><DT>1.</DT><DD Font="normal"><LA Size="normal"><table colsep="0" frame="none" pgwide="1" rowsep="0" tocentry="%yes;"><tgroup align="left" char="" charoff="50" cols="2"><colspec align="left" colname="leftSplit"/><colspec align="right" colname="rightSplit"/><tbody Class="Split" valign="top"><row><entry VJ="1" colname="leftSplit">Konstruktionsauftrag</entry><entry VJ="1" colname="rightSplit" valign="bottom">60 Prozent,</entry></row></tbody></tgroup></table></LA></DD><DT>2.</DT><DD Font="normal"><LA Size="normal"><table colsep="0" frame="none" pgwide="1" rowsep="0" tocentry="%yes;"><tgroup align="left" char="" charoff="50" cols="2"><colspec align="left" colname="leftSplit"/><colspec align="right" colname="rightSplit"/><tbody Class="Split" valign="top"><row><entry VJ="1" colname="leftSplit">Fertigungstechnik</entry><entry VJ="1" colname="rightSplit" valign="bottom">20 Prozent,</entry></row></tbody></tgroup></table></LA></DD><DT>3.</DT><DD Font="normal"><LA Size="normal"><table colsep="0" frame="none" pgwide="1" rowsep="0" tocentry="%yes;"><tgroup align="left" char="" charoff="50" cols="2"><colspec align="left" colname="leftSplit"/><colspec align="right" colname="rightSplit"/><tbody Class="Split" valign="top"><row><entry VJ="1" colname="leftSplit">Auftragsanalyse und Arbeitsplanung</entry><entry VJ="1" colname="rightSplit" valign="bottom">10 Prozent,</entry></row></tbody></tgroup></table></LA></DD><DT>4.</DT><DD Font="normal"><LA Size="normal"><table colsep="0" frame="none" pgwide="1" rowsep="0" tocentry="%yes;"><tgroup align="left" char="" charoff="50" cols="2"><colspec align="left" colname="leftSplit"/><colspec align="right" colname="rightSplit"/><tbody Class="Split" valign="top"><row><entry VJ="1" colname="leftSplit">Wirtschafts- und Sozialkunde</entry><entry VJ="1" colname="rightSplit" valign="bottom">10 Prozent.</entry></row></tbody></tgroup></table></LA></DD></DL></P><P>(2) Die Abschlussprüfung ist bestanden, wenn die Leistungen <DL Font="normal" Type="arabic"><DT>1.</DT><DD Font="normal"><LA Size="normal">im Gesamtergebnis mit mindestens „ausreichend“,</LA></DD><DT>2.</DT><DD Font="normal"><LA Size="normal">in mindestens drei Prüfungsbereichen mit mindestens „ausreichend“ und</LA></DD><DT>3.</DT><DD Font="normal"><LA Size="normal">in keinem Prüfungsbereich mit „ungenügend“</LA></DD></DL>bewertet worden sind.</P><P>(3) Auf Antrag des Prüflings ist die Prüfung in einem der mit schlechter als „ausreichend“ bewerteten Prüfungsbereiche Fertigungstechnik, Auftragsanalyse und Arbeitsplanung sowie Wirtschafts- und Sozialkunde durch eine mündliche Prüfung von etwa 15 Minuten zu ergänzen, wenn dies für das Bestehen der Prüfung den Ausschlag geben kann. Bei der Ermittlung des Ergebnisses für diesen Prüfungsbereich sind das bisherige Ergebnis und das Ergebnis der mündlichen Ergänzungsprüfung im Verhältnis 2:1 zu gewichten.</P></Content></text></textdaten></norm>
<norm builddate="20210615213125" doknr="BJNR062800013BJNE001200000"><metadaten><jurabk>MetTechAusbV</jurabk><enbez>§ 11</enbez><titel format="XML">Abschlussprüfung in der Fachrichtung Zerspanungstechnik</titel></metadaten><textdaten><text format="XML"><Content><P>(1) Durch die Abschlussprüfung ist festzustellen, ob der Prüfling die berufliche Handlungsfähigkeit erworben hat. In der Abschlussprüfung soll der Prüfling nachweisen, dass er die dafür erforderlichen beruflichen Fertigkeiten beherrscht, die notwendigen beruflichen Kenntnisse und Fähigkeiten besitzt und mit dem im Berufsschulunterricht zu vermittelnden, für die Berufsausbildung wesentlichen Lehrstoff vertraut ist. Die Ausbildungsordnung ist zugrunde zu legen.</P><P>(2) Die Abschlussprüfung erstreckt sich auf die in der Anlage in den Abschnitten A, D und F aufgeführten Fertigkeiten, Kenntnisse und Fähigkeiten sowie auf den im Berufsschulunterricht zu vermittelnden Lehrstoff, soweit er für die Berufsausbildung wesentlich ist.</P><P>(3) Die Abschlussprüfung besteht aus den Prüfungsbereichen: <DL Font="normal" Type="arabic"><DT>1.</DT><DD Font="normal"><LA Size="normal">Fertigungsauftrag,</LA></DD><DT>2.</DT><DD Font="normal"><LA Size="normal"><I>Fertigungsstechnik</I>,</LA></DD><DT>3.</DT><DD Font="normal"><LA Size="normal">Arbeitsplanung,</LA></DD><DT>4.</DT><DD Font="normal"><LA Size="normal">Wirtschafts- und Sozialkunde.</LA></DD></DL></P><P>(4) Für den Prüfungsbereich Fertigungsauftrag bestehen folgende Vorgaben: <DL Font="normal" Type="arabic"><DT>1.</DT><DD Font="normal"><LA Size="normal">Der Prüfling soll nachweisen, dass er in der Lage ist, <DL Font="normal" Type="alpha"><DT>a)</DT><DD Font="normal"><LA Size="normal">Art und Umfang von Aufträgen zu erfassen, Informationen für die Auftragsabwicklung zu beschaffen,</LA></DD><DT>b)</DT><DD Font="normal"><LA Size="normal">Informationen für die Auftragsabwicklung zu nutzen, sicherheitsrelevante Vorgaben zu beachten, Auftragsabwicklungen zu planen und zu dokumentieren,</LA></DD><DT>c)</DT><DD Font="normal"><LA Size="normal">Fertigungsaufträge, insbesondere unter Berücksichtigung von Arbeitssicherheit, Umweltschutz, Qualitätsanforderungen und Terminvorgaben, durchzuführen,</LA></DD><DT>d)</DT><DD Font="normal"><LA Size="normal">Prüfverfahren und Prüfmittel auszuwählen und anzuwenden, Einsatzfähigkeit von Prüfmitteln festzustellen, Ergebnisse zu prüfen und zu dokumentieren;</LA></DD></DL></LA></DD><DT>2.</DT><DD Font="normal"><LA Size="normal">der Prüfling soll ein Prüfungsstück herstellen;</LA></DD><DT>3.</DT><DD Font="normal"><LA Size="normal">die Prüfungszeit beträgt sieben Stunden.</LA></DD></DL></P><P>(5) Für den Prüfungsbereich <I>Fertigungsstechnik</I> bestehen folgende Vorgaben: <DL Font="normal" Type="arabic"><DT>1.</DT><DD Font="normal"><LA Size="normal">Der Prüfling soll nachweisen, dass er in der Lage ist, einen Fertigungsauftrag zu analysieren, Fertigungsverfahren und Fertigungsparameter, Prüfmethoden und Prüfmittel festzulegen, Werkzeugmaschinen zuzuordnen und deren Wartung zu berücksichtigen, Fertigungstechniken anzuwenden, Arbeitsergebnisse zu dokumentieren;</LA></DD><DT>2.</DT><DD Font="normal"><LA Size="normal">der Prüfling soll Aufgaben schriftlich bearbeiten;</LA></DD><DT>3.</DT><DD Font="normal"><LA Size="normal">die Prüfungszeit beträgt 90 Minuten.</LA></DD></DL></P><P>(6) Für den Prüfungsbereich Arbeitsplanung bestehen folgende Vorgaben: <DL Font="normal" Type="arabic"><DT>1.</DT><DD Font="normal"><LA Size="normal">Der Prüfling soll nachweisen, dass er in der Lage ist, technische Unterlagen auf Vollständigkeit und Richtigkeit zu prüfen und zu ergänzen, Fertigungsschritte zu überprüfen und zu optimieren, das Einrichten von Werkzeugmaschinen unter Berücksichtigung von Arbeitssicherheit und Umweltschutz zu planen sowie technische Regelwerke, Richtlinien und Prüfvorschriften anzuwenden;</LA></DD><DT>2.</DT><DD Font="normal"><LA Size="normal">der Prüfling soll Aufgaben schriftlich bearbeiten;</LA></DD><DT>3.</DT><DD Font="normal"><LA Size="normal">die Prüfungszeit beträgt 60 Minuten.</LA></DD></DL></P><P>(7) Für den Prüfungsbereich Wirtschafts- und Sozialkunde bestehen folgende Vorgaben: <DL Font="normal" Type="arabic"><DT>1.</DT><DD Font="normal"><LA Size="normal">Der Prüfling soll nachweisen, dass er in der Lage ist, allgemeine, wirtschaftliche und gesellschaftliche Zusammenhänge der Berufs- und Arbeitswelt darzustellen und zu beurteilen;</LA></DD><DT>2.</DT><DD Font="normal"><LA Size="normal">der Prüfling soll praxisbezogene Aufgaben schriftlich bearbeiten;</LA></DD><DT>3.</DT><DD Font="normal"><LA Size="normal">die Prüfungszeit beträgt 60 Minuten.</LA></DD></DL></P></Content></text><fussnoten><Content><P><BR/> <pre xml:space="preserve">§ 11 Abs. 3 Nr. 2 u. Abs. 5 Eingangssatz Kursivdruck: Müßte richtig lauten <BR/>&quot;Fertigungstechnik&quot;</pre></P></Content></fussnoten></textdaten></norm>
<norm builddate="20210615213125" doknr="BJNR062800013BJNE001300000"><metadaten><jurabk>MetTechAusbV</jurabk><enbez>§ 12</enbez><titel format="XML">Gewichtungs- und Bestehensregelungen in der Fachrichtung Zerspanungstechnik</titel></metadaten><textdaten><text format="XML"><Content><P>(1) Die Prüfungsbereiche sind wie folgt zu gewichten: <DL Font="normal" Type="arabic"><DT>1.</DT><DD Font="normal"><LA Size="normal"><table colsep="0" frame="none" pgwide="1" rowsep="0" tocentry="%yes;"><tgroup align="left" char="" charoff="50" cols="2"><colspec align="left" colname="leftSplit"/><colspec align="right" colname="rightSplit"/><tbody Class="Split" valign="top"><row><entry VJ="1" colname="leftSplit">Fertigungsauftrag</entry><entry VJ="1" colname="rightSplit" valign="bottom">60 Prozent,</entry></row></tbody></tgroup></table></LA></DD><DT>2.</DT><DD Font="normal"><LA Size="normal"><table colsep="0" frame="none" pgwide="1" rowsep="0" tocentry="%yes;"><tgroup align="left" char="" charoff="50" cols="2"><colspec align="left" colname="leftSplit"/><colspec align="right" colname="rightSplit"/><tbody Class="Split" valign="top"><row><entry VJ="1" colname="leftSplit">Fertigungstechnik</entry><entry VJ="1" colname="rightSplit" valign="bottom">20 Prozent,</entry></row></tbody></tgroup></table></LA></DD><DT>3.</DT><DD Font="normal"><LA Size="normal"><table colsep="0" frame="none" pgwide="1" rowsep="0" tocentry="%yes;"><tgroup align="left" char="" charoff="50" cols="2"><colspec align="left" colname="leftSplit"/><colspec align="right" colname="rightSplit"/><tbody Class="Split" valign="top"><row><entry VJ="1" colname="leftSplit">Arbeitsplanung</entry><entry VJ="1" colname="rightSplit" valign="bottom">10 Prozent,</entry></row></tbody></tgroup></table></LA></DD><DT>4.</DT><DD Font="normal"><LA Size="normal"><table colsep="0" frame="none" pgwide="1" rowsep="0" tocentry="%yes;"><tgroup align="left" char="" charoff="50" cols="2"><colspec align="left" colname="leftSplit"/><colspec align="right" colname="rightSplit"/><tbody Class="Split" valign="top"><row><entry VJ="1" colname="leftSplit">Wirtschafts- und Sozialkunde</entry><entry VJ="1" colname="rightSplit" valign="bottom">10 Prozent.</entry></row></tbody></tgroup></table></LA></DD></DL></P><P>(2) Die Abschlussprüfung ist bestanden, wenn die Leistungen <DL Font="normal" Type="arabic"><DT>1.</DT><DD Font="normal"><LA Size="normal">im Gesamtergebnis mit mindestens „ausreichend“,</LA></DD><DT>2.</DT><DD Font="normal"><LA Size="normal">in mindestens drei Prüfungsbereichen mit mindestens „ausreichend“ und</LA></DD><DT>3.</DT><DD Font="normal"><LA Size="normal">in keinem Prüfungsbereich mit „ungenügend“</LA></DD></DL>bewertet worden sind.</P><P>(3) Auf Antrag des Prüflings ist die Prüfung in einem der mit schlechter als „ausreichend“ bewerteten Prüfungsbereiche Fertigungstechnik, Arbeitsplanung sowie Wirtschafts- und Sozialkunde durch eine mündliche Prüfung von etwa 15 Minuten zu ergänzen, wenn dies für das Bestehen der Prüfung den Ausschlag geben kann. Bei der Ermittlung des Ergebnisses für diesen Prüfungsbereich sind das bisherige Ergebnis und das Ergebnis der mündlichen Ergänzungsprüfung im Verhältnis 2:1 zu gewichten.</P></Content></text></textdaten></norm>
<norm builddate="20210615213125" doknr="BJNR062800013BJNE001400000"><metadaten><jurabk>MetTechAusbV</jurabk><enbez>§ 13</enbez><titel format="XML">Abschlussprüfung in der Fachrichtung Umform- und Drahttechnik</titel></metadaten><textdaten><text format="XML"><Content><P>(1) Durch die Abschlussprüfung ist festzustellen, ob der Prüfling die berufliche Handlungsfähigkeit erworben hat. In der Abschlussprüfung soll der Prüfling nachweisen, dass er die dafür erforderlichen beruflichen Fertigkeiten beherrscht, die notwendigen beruflichen Kenntnisse und Fähigkeiten besitzt und mit dem im Berufsschulunterricht zu vermittelnden, für die Berufsausbildung wesentlichen Lehrstoff vertraut ist. Die Ausbildungsordnung ist zugrunde zu legen.</P><P>(2) Die Abschlussprüfung erstreckt sich auf die in der Anlage in den Abschnitten A, E und F aufgeführten Fertigkeiten, Kenntnisse und Fähigkeiten sowie auf den im Berufsschulunterricht zu vermittelnden Lehrstoff, soweit er für die Berufsausbildung wesentlich ist.</P><P>(3) Die Abschlussprüfung besteht aus den Prüfungsbereichen: <DL Type="arabic"><DT>1.</DT><DD Font="normal"><LA>Produktionsauftrag,</LA></DD><DT>2.</DT><DD Font="normal"><LA>Auftragsanalyse und Arbeitsplanung,</LA></DD><DT>3.</DT><DD Font="normal"><LA>Produktionstechnik,</LA></DD><DT>4.</DT><DD Font="normal"><LA>Wirtschafts- und Sozialkunde.</LA></DD></DL></P><P>(4) Für den Prüfungsbereich Produktionsauftrag bestehen folgende Vorgaben: <DL Type="arabic"><DT>1.</DT><DD Font="normal"><LA>Der Prüfling soll nachweisen, dass er in der Lage ist, <DL Type="alpha"><DT>a)</DT><DD Font="normal"><LA>Informationen für die Auftragsabwicklung zu nutzen, sicherheitsrelevante Vorgaben zu beachten, Auftragsabwicklungen zu planen und zu dokumentieren, Geschwindigkeiten und Verformungen festzulegen,</LA></DD><DT>b)</DT><DD Font="normal"><LA>Produktionsanlagen unter Berücksichtigung von Arbeitssicherheit, Umweltschutz und Qualitätsanforderungen zu rüsten, anzufahren und zu betreiben,</LA></DD><DT>c)</DT><DD Font="normal"><LA>Umformwerkzeuge zu beurteilen und Maßkorrekturen durchzuführen,</LA></DD><DT>d)</DT><DD Font="normal"><LA>Prüfverfahren und Prüfmittel anzuwenden, Einsatzfähigkeit von Prüfmitteln festzustellen, Ergebnisse zu prüfen und zu dokumentieren,</LA></DD><DT>e)</DT><DD Font="normal"><LA>Produktionsanlagen zu überwachen und bei Abweichungen Korrekturmaßnahmen einzuleiten;</LA></DD></DL></LA></DD><DT>2.</DT><DD Font="normal"><LA>der Prüfling soll eine Arbeitsprobe durchführen;</LA></DD><DT>3.</DT><DD Font="normal"><LA>die Prüfungszeit beträgt 90 Minuten.</LA></DD></DL></P><P>(5) Für den Prüfungsbereich Auftragsanalyse und Arbeitsplanung bestehen folgende Vorgaben: <DL Type="arabic"><DT>1.</DT><DD Font="normal"><LA>Der Prüfling soll nachweisen, dass er in der Lage ist, <DL Type="alpha"><DT>a)</DT><DD Font="normal"><LA>einen Produktionsauftrag zu analysieren,</LA></DD><DT>b)</DT><DD Font="normal"><LA>technische Unterlagen anzuwenden,</LA></DD><DT>c)</DT><DD Font="normal"><LA>Eigenschaften und Zustände metallischer Werkstoffe zu beurteilen,</LA></DD><DT>d)</DT><DD Font="normal"><LA>Prüfverfahren und Prüfmittel auszuwählen und zu beurteilen,</LA></DD><DT>e)</DT><DD Font="normal"><LA>Werkstoffkennwerte zu ermitteln,</LA></DD><DT>f)</DT><DD Font="normal"><LA>fachliche Berechnungen durchzuführen;</LA></DD></DL></LA></DD><DT>2.</DT><DD Font="normal"><LA>der Prüfling soll Aufgaben schriftlich bearbeiten;</LA></DD><DT>3.</DT><DD Font="normal"><LA>die Prüfungszeit beträgt 90 Minuten.</LA></DD></DL></P><P>(6) Für den Prüfungsbereich Produktionstechnik bestehen folgende Vorgaben: <DL Type="arabic"><DT>1.</DT><DD Font="normal"><LA>Der Prüfling soll nachweisen, dass er in der Lage ist, <DL Type="alpha"><DT>a)</DT><DD Font="normal"><LA>Umformwerkzeuge zu unterscheiden und auszuwählen,</LA></DD><DT>b)</DT><DD Font="normal"><LA>Funktionen von Maschinen und Anlagen zu erläutern,</LA></DD><DT>c)</DT><DD Font="normal"><LA>Fehler im Produktionsablauf zu erkennen, Ursachen zu ermitteln und Maßnahmen zur Behebung vorzuschlagen,</LA></DD><DT>d)</DT><DD Font="normal"><LA>Ursachen für Qualitätsabweichungen festzustellen;</LA></DD></DL></LA></DD><DT>2.</DT><DD Font="normal"><LA>der Prüfling soll Aufgaben schriftlich bearbeiten;</LA></DD><DT>3.</DT><DD Font="normal"><LA>die Prüfungszeit beträgt 60 Minuten.</LA></DD></DL></P><P>(7) Für den Prüfungsbereich Wirtschafts- und Sozialkunde bestehen folgende Vorgaben: <DL Type="arabic"><DT>1.</DT><DD Font="normal"><LA>Der Prüfling soll nachweisen, dass er in der Lage ist, allgemeine, wirtschaftliche und gesellschaftliche Zusammenhänge der Berufs- und Arbeitswelt darzustellen und zu beurteilen;</LA></DD><DT>2.</DT><DD Font="normal"><LA>der Prüfling soll praxisbezogene Aufgaben schriftlich bearbeiten;</LA></DD><DT>3.</DT><DD Font="normal"><LA>die Prüfungszeit beträgt 60 Minuten.</LA></DD></DL></P></Content></text></textdaten></norm>
<norm builddate="20210615213125" doknr="BJNR062800013BJNE001500000"><metadaten><jurabk>MetTechAusbV</jurabk><enbez>§ 14</enbez><titel format="XML">Gewichtungs- und Bestehensregelungen in der Fachrichtung Umform- und Drahttechnik</titel></metadaten><textdaten><text format="XML"><Content><P>(1) Die Prüfungsbereiche sind wie folgt zu gewichten: <DL Font="normal" Type="arabic"><DT>1.</DT><DD Font="normal"><LA Size="normal"><table colsep="0" frame="none" pgwide="1" rowsep="0" tocentry="%yes;"><tgroup align="left" char="" charoff="50" cols="2"><colspec align="left" colname="leftSplit"/><colspec align="right" colname="rightSplit"/><tbody Class="Split" valign="top"><row><entry VJ="1" colname="leftSplit">Produktionsauftrag</entry><entry VJ="1" colname="rightSplit" valign="bottom">60 Prozent,</entry></row></tbody></tgroup></table></LA></DD><DT>2.</DT><DD Font="normal"><LA Size="normal"><table colsep="0" frame="none" pgwide="1" rowsep="0" tocentry="%yes;"><tgroup align="left" char="" charoff="50" cols="2"><colspec align="left" colname="leftSplit"/><colspec align="right" colname="rightSplit"/><tbody Class="Split" valign="top"><row><entry VJ="1" colname="leftSplit">Auftragsanalyse und Arbeitsplanung</entry><entry VJ="1" colname="rightSplit" valign="bottom">20 Prozent,</entry></row></tbody></tgroup></table></LA></DD><DT>3.</DT><DD Font="normal"><LA Size="normal"><table colsep="0" frame="none" pgwide="1" rowsep="0" tocentry="%yes;"><tgroup align="left" char="" charoff="50" cols="2"><colspec align="left" colname="leftSplit"/><colspec align="right" colname="rightSplit"/><tbody Class="Split" valign="top"><row><entry VJ="1" colname="leftSplit">Produktionstechnik</entry><entry VJ="1" colname="rightSplit" valign="bottom">10 Prozent,</entry></row></tbody></tgroup></table></LA></DD><DT>4.</DT><DD Font="normal"><LA Size="normal"><table colsep="0" frame="none" pgwide="1" rowsep="0" tocentry="%yes;"><tgroup align="left" char="" charoff="50" cols="2"><colspec align="left" colname="leftSplit"/><colspec align="right" colname="rightSplit"/><tbody Class="Split" valign="top"><row><entry VJ="1" colname="leftSplit">Wirtschafts- und Sozialkunde</entry><entry VJ="1" colname="rightSplit" valign="bottom">10 Prozent.</entry></row></tbody></tgroup></table></LA></DD></DL></P><P>(2) Die Abschlussprüfung ist bestanden, wenn die Leistungen <DL Font="normal" Type="arabic"><DT>1.</DT><DD Font="normal"><LA Size="normal">im Gesamtergebnis mit mindestens „ausreichend“,</LA></DD><DT>2.</DT><DD Font="normal"><LA Size="normal">in mindestens drei Prüfungsbereichen mit mindestens „ausreichend“ und</LA></DD><DT>3.</DT><DD Font="normal"><LA Size="normal">in keinem Prüfungsbereich mit „ungenügend“</LA></DD></DL>bewertet worden sind.</P><P>(3) Auf Antrag des Prüflings ist die Prüfung in einem der mit schlechter als „ausreichend“ bewerteten Prüfungsbereiche Auftragsanalyse und Arbeitsplanung, Produktionstechnik sowie Wirtschafts- und Sozialkunde durch eine mündliche Prüfung von etwa 15 Minuten zu ergänzen, wenn dies für das Bestehen der Prüfung den Ausschlag geben kann. Bei der Ermittlung des Ergebnisses für diesen Prüfungsbereich sind das bisherige Ergebnis und das Ergebnis der mündlichen Ergänzungsprüfung im Verhältnis 2:1 zu gewichten.</P></Content></text></textdaten></norm>
<norm builddate="20210615213125" doknr="BJNR062800013BJNE001600000"><metadaten><jurabk>MetTechAusbV</jurabk><enbez>§ 15</enbez><titel format="XML">Bestehende Berufsausbildungsverhältnisse</titel></metadaten><textdaten><text format="XML"><Content><P>Berufsausbildungsverhältnisse, die in den Berufsbildern der staatlich anerkannten Ausbildungsberufe Drahtwarenmacher und Drahtwarenmacherin, Drahtzieher und Drahtzieherin, Federmacher und Federmacherin, Fräser und Fräserin, Gerätezusammensetzer und Gerätezusammensetzerin, Kabeljungwerker und Kabeljungwerkerin, Maschinenzusammensetzer und Maschinenzusammensetzerin, Metallschleifer und Metallschleiferin, Revolverdreher und Revolverdreherin, Schleifer und Schleiferin sowie Teilezurichter und Teilezurichterin bei Inkrafttreten dieser Verordnung bestehen, können unter Anrechnung der bisher zurückgelegten Ausbildungszeit nach den Vorschriften dieser Verordnung fortgesetzt werden, wenn die Vertragsparteien dies vereinbaren und noch keine Zwischenprüfung abgelegt wurde.</P></Content></text></textdaten></norm>
<norm builddate="20210615213125" doknr="BJNR062800013BJNE001700000"><metadaten><jurabk>MetTechAusbV</jurabk><enbez>§ 16</enbez><titel format="XML">Fortsetzung der Berufsausbildung</titel></metadaten><textdaten><text format="XML"><Content><P>Die erfolgreich abgeschlossene Berufsausbildung zur Fachkraft für Metalltechnik kann in der <DL Type="arabic"><DT>1.</DT><DD Font="normal"><LA>Fachrichtung Montagetechnik in einem der Ausbildungsberufe Fertigungsmechaniker und Fertigungsmechanikerin sowie Industriemechaniker und Industriemechanikerin,</LA></DD><DT>2.</DT><DD Font="normal"><LA>Fachrichtung Konstruktionstechnik in einem der Ausbildungsberufe Anlagenmechaniker und Anlagenmechanikerin, Konstruktionsmechaniker und Konstruktionsmechanikerin sowie Metallbauer und Metallbauerin in der Fachrichtung Konstruktionstechnik,</LA></DD><DT>3.</DT><DD Font="normal"><LA>Fachrichtung Zerspanungstechnik in einem der Ausbildungsberufe Zerspanungsmechaniker und Zerspanungsmechanikerin sowie Feinwerkmechaniker und Feinwerkmechanikerin im Schwerpunkt Zerspanungstechnik,</LA></DD><DT>4.</DT><DD Font="normal"><LA>in der Fachrichtung Umform- und Drahttechnik im Ausbildungsberuf Stanz- und Umformmechaniker und Stanz- und Umformmechanikerin</LA></DD></DL>nach den Vorschriften dieser Berufe ab dem dritten Ausbildungsjahr fortgesetzt werden.</P></Content></text></textdaten></norm>
<norm builddate="20210615213125" doknr="BJNR062800013BJNE001800000"><metadaten><jurabk>MetTechAusbV</jurabk><enbez>§ 17</enbez><titel format="XML">Inkrafttreten</titel></metadaten><textdaten><text format="XML"><Content><P>Diese Verordnung tritt am 1. August 2013 in Kraft.</P></Content></text></textdaten></norm>
<norm builddate="20210615213125" doknr="BJNR062800013BJNE001900000"><metadaten><jurabk>MetTechAusbV</jurabk><enbez>Anlage</enbez><titel format="XML">(zu § 4 Absatz 1 Satz 1)<BR/>Ausbildungsrahmenplan für die Berufsausbildung zur Fachkraft für Metalltechnik</titel></metadaten><textdaten><text format="XML"><Content><P><noindex><kommentar typ="Fundstelle">(Fundstelle: BGBl. I 2013, 634 - 640)</kommentar></noindex></P><BR/><BR/><table frame="all" tabstyle="Ausbildung" tocentry="%yes;"><Title Align="left" Class="S1"><B>Abschnitt A: Gemeinsame berufsprofilgebende Fertigkeiten, Kenntnisse und Fähigkeiten</B></Title><tgroup align="left" char="" charoff="50" cols="5" colsep="1" rowsep="1"><colspec colname="col1" colnum="1" colwidth=".75*"/><colspec colname="col2" colnum="2" colwidth="4.5*"/><colspec colname="col3" colnum="3" colwidth="8.5*"/><colspec colname="col4" colnum="4" colwidth="1.5*"/><colspec colname="col5" colnum="5" colwidth="1.5*"/><thead valign="bottom"><row><entry VJ="1" align="center" colname="col1" morerows="1" valign="middle">Lfd.<BR/> Nr.</entry><entry VJ="1" align="center" colname="col2" morerows="1" valign="middle">Teil des<BR/> Ausbildungsberufsbildes</entry><entry VJ="1" align="center" colname="col3" morerows="1" valign="middle">Zu vermittelnde<BR/> Fertigkeiten, Kenntnisse und Fähigkeiten</entry><entry VJ="1" align="center" nameend="col5" namest="col4" valign="middle">Zeitliche Richtwerte<BR/> in Wochen<BR/> im Ausbildungsjahr</entry></row><row><entry VJ="1" align="center" colname="col4" valign="middle">1</entry><entry VJ="1" align="center" colname="col5" valign="middle">2</entry></row><row><entry VJ="1" align="center" colname="col1" valign="middle">1</entry><entry VJ="1" align="center" colname="col2" valign="middle">2</entry><entry VJ="1" align="center" colname="col3" valign="middle">3</entry><entry VJ="1" align="center" nameend="col5" namest="col4" valign="middle">4</entry></row></thead><tbody valign="top"><row><entry VJ="1" align="center" colname="col1">1</entry><entry VJ="1" colname="col2">Herstellen von Bauteilen<BR/> (§ 4 Absatz 2 Abschnitt A Nummer 1)</entry><entry VJ="1" colname="col3"><DL Font="normal" Type="alpha"><DT>a)</DT><DD Font="normal"><LA Size="normal">Werk- und Hilfsstoffe ihrer Verwendung nach unterscheiden, einsetzen und entsorgen</LA></DD><DT>b)</DT><DD Font="normal"><LA Size="normal">Betriebsbereitschaft von Werkzeugmaschinen einschließlich der Werkzeuge sicherstellen</LA></DD><DT>c)</DT><DD Font="normal"><LA Size="normal">Werkzeuge und Spannzeuge auswählen, Werkstücke ausrichten und spannen</LA></DD><DT>d)</DT><DD Font="normal"><LA Size="normal">Werkstücke durch manuelle und maschinelle Fertigungsverfahren herstellen</LA></DD><DT>e)</DT><DD Font="normal"><LA Size="normal">Bauteile durch Trennen und Umformen herstellen</LA></DD></DL></entry><entry VJ="1" align="center" colname="col4" valign="middle">18</entry><entry VJ="1" colname="col5"/></row><row><entry VJ="1" align="center" colname="col1">2</entry><entry VJ="1" colname="col2">Warten von Betriebsmitteln<BR/> (§ 4 Absatz 2 Abschnitt A Nummer 2)</entry><entry VJ="1" colname="col3"><DL Font="normal" Type="alpha"><DT>a)</DT><DD Font="normal"><LA Size="normal">Bestimmungen und Sicherheitsregeln beim Arbeiten mit elektrischen Anlagen, Geräten und Betriebsmitteln beachten</LA></DD><DT>b)</DT><DD Font="normal"><LA Size="normal">Betriebsmittel auf mechanische Beschädigungen sichtprüfen, instand setzen und die Instandsetzung veranlassen</LA></DD><DT>c)</DT><DD Font="normal"><LA Size="normal">Betriebsstoffe auswählen, anwenden und entsorgen</LA></DD><DT>d)</DT><DD Font="normal"><LA Size="normal">Betriebsmittel inspizieren, pflegen, warten und die Durchführung dokumentieren</LA></DD></DL></entry><entry VJ="1" align="center" colname="col4" valign="middle">4</entry><entry VJ="1" colname="col5"/></row><row><entry VJ="1" align="center" colname="col1" morerows="1">3</entry><entry VJ="1" colname="col2" morerows="1">Steuerungstechnik<BR/> (§ 4 Absatz 2 Abschnitt A Nummer 3)</entry><entry VJ="1" colname="col3"><DL Font="normal" Type="alpha"><DT>a)</DT><DD Font="normal"><LA Size="normal">Regelungs- und Steuerungssysteme in ihrer Funktion unterscheiden</LA></DD></DL></entry><entry VJ="1" align="center" colname="col4" valign="middle">2</entry><entry VJ="1" colname="col5"/></row><row><entry VJ="1" colname="col3"><DL Font="normal" Type="alpha"><DT>b)</DT><DD Font="normal"><LA Size="normal">Steuerungstechnik anwenden</LA></DD><DT>c)</DT><DD Font="normal"><LA Size="normal">Regelungs- und Steuerungskomponenten überwachen</LA></DD><DT>d)</DT><DD Font="normal"><LA Size="normal">bei Störungen erste Maßnahmen einleiten</LA></DD></DL></entry><entry VJ="1" colname="col4"/><entry VJ="1" align="center" colname="col5" valign="middle">3</entry></row><row><entry VJ="1" align="center" colname="col1">4</entry><entry VJ="1" colname="col2">Anschlagen, Sichern und Transportieren<BR/> (§ 4 Absatz 2 Abschnitt A Nummer 4)</entry><entry VJ="1" colname="col3"><DL Font="normal" Type="alpha"><DT>a)</DT><DD Font="normal"><LA Size="normal">Transport-, Anschlagmittel und Hebezeuge unter Berücksichtigung einschlägiger Vorschriften auswählen, anwenden oder deren Einsatz veranlassen</LA></DD><DT>b)</DT><DD Font="normal"><LA Size="normal">Transportgut absetzen, lagern und sichern</LA></DD></DL></entry><entry VJ="1" align="center" colname="col4" valign="middle">3</entry><entry VJ="1" colname="col5"/></row><row><entry VJ="1" align="center" colname="col1">5</entry><entry VJ="1" colname="col2">Montieren und Demontieren von Bauteilen und Baugruppen<BR/> (§ 4 Absatz 2 Abschnitt A Nummer 5)</entry><entry VJ="1" colname="col3"><DL Font="normal" Type="alpha"><DT>a)</DT><DD Font="normal"><LA Size="normal">Bauteile und Baugruppen identifizieren und unter Beachtung ihrer Funktion nach technischen Unterlagen zur Montage und Demontage prüfen und vorbereiten</LA></DD><DT>b)</DT><DD Font="normal"><LA Size="normal">Bauteile und Baugruppen nach technischen Unterlagen montieren und demontieren</LA></DD><DT>c)</DT><DD Font="normal"><LA Size="normal">lösbare Verbindungen, insbesondere Schraubverbindungen, unter Berücksichtigung der Montagerichtlinien herstellen</LA></DD><DT>d)</DT><DD Font="normal"><LA Size="normal">nichtlösbare Verbindungen, insbesondere durch Kleben, Nieten oder Schweißen, herstellen</LA></DD></DL></entry><entry VJ="1" align="center" colname="col4" valign="middle">16</entry><entry VJ="1" colname="col5"/></row></tbody></tgroup></table><P/><table frame="all" tabstyle="Ausbildung" tocentry="%yes;"><Title Align="left" Class="S1"><B>Abschnitt B: Weitere berufsprofilgebende Fertigkeiten, Kenntnisse und Fähigkeiten in der Fachrichtung Montagetechnik</B></Title><tgroup align="left" char="" charoff="50" cols="5" colsep="1" rowsep="1"><colspec colname="col1" colnum="1" colwidth=".75*"/><colspec colname="col2" colnum="2" colwidth="4.5*"/><colspec colname="col3" colnum="3" colwidth="8.5*"/><colspec colname="col4" colnum="4" colwidth="1.5*"/><colspec colname="col5" colnum="5" colwidth="1.5*"/><thead valign="bottom"><row><entry VJ="1" align="center" colname="col1" morerows="1" valign="middle">Lfd.<BR/> Nr.</entry><entry VJ="1" align="center" colname="col2" morerows="1" valign="middle">Teil des<BR/> Ausbildungsberufsbildes</entry><entry VJ="1" align="center" colname="col3" morerows="1" valign="middle">Zu vermittelnde<BR/> Fertigkeiten, Kenntnisse und Fähigkeiten</entry><entry VJ="1" align="center" nameend="col5" namest="col4" valign="middle">Zeitliche Richtwerte<BR/> in Wochen<BR/> im Ausbildungsjahr</entry></row><row><entry VJ="1" align="center" colname="col4" valign="middle">1</entry><entry VJ="1" align="center" colname="col5" valign="middle">2</entry></row><row><entry VJ="1" align="center" colname="col1" valign="middle">1</entry><entry VJ="1" align="center" colname="col2" valign="middle">2</entry><entry VJ="1" align="center" colname="col3" valign="middle">3</entry><entry VJ="1" align="center" nameend="col5" namest="col4" valign="middle">4</entry></row></thead><tbody valign="top"><row><entry VJ="1" align="center" colname="col1">1</entry><entry VJ="1" colname="col2">Planen und Vorbereiten von Montage- und Demontageprozessen<BR/> (§ 4 Absatz 2 Abschnitt B Nummer 1)</entry><entry VJ="1" colname="col3"><DL Font="normal" Type="alpha"><DT>a)</DT><DD Font="normal"><LA Size="normal">auftragsbezogene Unterlagen beschaffen und auf Vollständigkeit überprüfen</LA></DD><DT>b)</DT><DD Font="normal"><LA Size="normal">Schalt- und Funktionspläne verschiedener Systeme anwenden</LA></DD><DT>c)</DT><DD Font="normal"><LA Size="normal">Material entsprechend dem Montageprozess vorbereiten und bereitstellen</LA></DD></DL></entry><entry VJ="1" colname="col4"/><entry VJ="1" align="center" colname="col5" valign="middle">5</entry></row><row><entry VJ="1" align="center" colname="col1">2</entry><entry VJ="1" colname="col2">Montieren und Demontieren von Bauteilen und Baugruppen<BR/> (§ 4 Absatz 2 Abschnitt B Nummer 2)</entry><entry VJ="1" colname="col3"><DL Font="normal" Type="alpha"><DT>a)</DT><DD Font="normal"><LA Size="normal">Bauteile und Baugruppen unter Beachtung der Maß-, Form- und Lagetoleranzen funktionsgerecht ausrichten, fixieren und sichern</LA></DD><DT>b)</DT><DD Font="normal"><LA Size="normal">Montagewerkzeuge, insbesondere Drehmomentschlüssel, und Montagehilfsmittel einstellen und handhaben</LA></DD><DT>c)</DT><DD Font="normal"><LA Size="normal">Bauteile und Baugruppen lage- und funktionsgerecht sowie unter Beachtung der Teilefolge montieren und demontieren</LA></DD><DT>d)</DT><DD Font="normal"><LA Size="normal">elektrische und elektronische Bauteile und Baugruppen unter Beachtung der Sicherheitsvorschriften montieren</LA></DD><DT>e)</DT><DD Font="normal"><LA Size="normal">Funktionen an Baugruppen einstellen und prüfen</LA></DD><DT>f)</DT><DD Font="normal"><LA Size="normal">Baugruppen übergeben und Funktionen erläutern</LA></DD></DL></entry><entry VJ="1" colname="col4"/><entry VJ="1" align="center" colname="col5" valign="middle">14</entry></row><row><entry VJ="1" align="center" colname="col1">3</entry><entry VJ="1" colname="col2">Herstellen von Verbindungen<BR/> (§ 4 Absatz 2 Abschnitt B Nummer 3)</entry><entry VJ="1" colname="col3"><DL Font="normal" Type="alpha"><DT>a)</DT><DD Font="normal"><LA Size="normal">nichtlösbare Verbindungen, insbesondere durch Nieten, Löten und Kleben, auch aus unterschiedlichen Werkstoffen unter Berücksichtigung der Werkstoffverträglichkeit herstellen</LA></DD><DT>b)</DT><DD Font="normal"><LA Size="normal">lösbare Verbindungen sichern, Stift-, Klemm- und Steckverbindungen unter Berücksichtigung der Montagerichtlinien, der Werkstoffverträglichkeit und der Toleranz herstellen</LA></DD></DL></entry><entry VJ="1" colname="col4"/><entry VJ="1" align="center" colname="col5" valign="middle">12</entry></row><row><entry VJ="1" align="center" colname="col1">4</entry><entry VJ="1" colname="col2">Überwachen und Optimieren von Montage- und Demontageprozessen<BR/> (§ 4 Absatz 2 Abschnitt B Nummer 4)</entry><entry VJ="1" colname="col3"><DL Font="normal" Type="alpha"><DT>a)</DT><DD Font="normal"><LA Size="normal">Materialfluss im eigenen Arbeitsbereich sicherstellen, Störungen erkennen und Maßnahmen zu deren Beseitigung ergreifen</LA></DD><DT>b)</DT><DD Font="normal"><LA Size="normal">Montage- und Demontageschritte überprüfen und optimieren</LA></DD><DT>c)</DT><DD Font="normal"><LA Size="normal">Fehler im Montage- und Demontageprozess erkennen, Ursachen ermitteln, beheben und dokumentieren</LA></DD></DL></entry><entry VJ="1" colname="col4"/><entry VJ="1" align="center" colname="col5" valign="middle">10</entry></row></tbody></tgroup></table><P/><table frame="all" tabstyle="Ausbildung" tocentry="%yes;"><Title Align="left" Class="S1"><B>Abschnitt C: Weitere berufsprofilgebende Fertigkeiten, Kenntnisse und Fähigkeiten in der Fachrichtung Konstruktionstechnik</B></Title><tgroup align="left" char="" charoff="50" cols="5" colsep="1" rowsep="1"><colspec colname="col1" colnum="1" colwidth=".75*"/><colspec colname="col2" colnum="2" colwidth="4.5*"/><colspec colname="col3" colnum="3" colwidth="8.5*"/><colspec colname="col4" colnum="4" colwidth="1.5*"/><colspec colname="col5" colnum="5" colwidth="1.5*"/><thead valign="bottom"><row><entry VJ="1" align="center" colname="col1" morerows="1" valign="middle">Lfd.<BR/> Nr.</entry><entry VJ="1" align="center" colname="col2" morerows="1" valign="middle">Teil des<BR/> Ausbildungsberufsbildes</entry><entry VJ="1" align="center" colname="col3" morerows="1" valign="middle">Zu vermittelnde<BR/> Fertigkeiten, Kenntnisse und Fähigkeiten</entry><entry VJ="1" align="center" nameend="col5" namest="col4" valign="middle">Zeitliche Richtwerte<BR/> in Wochen<BR/> im Ausbildungsjahr</entry></row><row><entry VJ="1" align="center" colname="col4" valign="middle">1</entry><entry VJ="1" align="center" colname="col5" valign="middle">2</entry></row><row><entry VJ="1" align="center" colname="col1" valign="middle">1</entry><entry VJ="1" align="center" colname="col2" valign="middle">2</entry><entry VJ="1" align="center" colname="col3" valign="middle">3</entry><entry VJ="1" align="center" nameend="col5" namest="col4" valign="middle">4</entry></row></thead><tbody valign="top"><row><entry VJ="1" align="center" colname="col1">1</entry><entry VJ="1" colname="col2">Planen und Vorbereiten von Montage- und Demontageprozessen<BR/> (§ 4 Absatz 2 Abschnitt C Nummer 1)</entry><entry VJ="1" colname="col3"><DL Font="normal" Type="alpha"><DT>a)</DT><DD Font="normal"><LA Size="normal">Bearbeitungsverfahren unter Berücksichtigung der Werkstoffe auswählen</LA></DD><DT>b)</DT><DD Font="normal"><LA Size="normal">Werkzeuge und Maschinen, insbesondere unter Berücksichtigung des Werkstoffes, auswählen und einrichten</LA></DD><DT>c)</DT><DD Font="normal"><LA Size="normal">Fügeteile entsprechend den Fügeverfahren vorbereiten</LA></DD></DL></entry><entry VJ="1" colname="col4"/><entry VJ="1" align="center" colname="col5" valign="middle"><BR/><BR/><BR/>4</entry></row><row><entry VJ="1" align="center" colname="col1">2</entry><entry VJ="1" colname="col2">Montieren und Demontieren von Metallkonstruktionen<BR/> (§ 4 Absatz 2 Abschnitt C Nummer 2)</entry><entry VJ="1" colname="col3"><DL Font="normal" Type="alpha"><DT>a)</DT><DD Font="normal"><LA Size="normal">Bauteile und Baugruppen demontieren und hinsichtlich Lage und Funktionszuordnung kennzeichnen</LA></DD><DT>b)</DT><DD Font="normal"><LA Size="normal">Montageplatz und Baugruppen gegen Unfallgefahren sichern, Sicherheitseinrichtungen überprüfen</LA></DD><DT>c)</DT><DD Font="normal"><LA Size="normal">Metallkonstruktionen unter Berücksichtigung der Werkstoffkombinationen nach Vorgaben befestigen</LA></DD><DT>d)</DT><DD Font="normal"><LA Size="normal">Bauteile und Baugruppen unter Beachtung der Maßtoleranzen passen sowie durch Messen, Lehren und Sichtprüfen funktionsgerecht ausrichten und Lage sichern</LA></DD><DT>e)</DT><DD Font="normal"><LA Size="normal">Baugruppen übergeben und Funktionen erläutern</LA></DD></DL></entry><entry VJ="1" colname="col4"/><entry VJ="1" align="center" colname="col5" valign="middle">4</entry></row><row><entry VJ="1" align="center" colname="col1">3</entry><entry VJ="1" colname="col2">Trennen und Umformen<BR/> (§ 4 Absatz 2 Abschnitt C Nummer 3)</entry><entry VJ="1" colname="col3"><DL Font="normal" Type="alpha"><DT>a)</DT><DD Font="normal"><LA Size="normal">Bleche, Rohre oder Profile nach Zeichnungen und Schablonen vorrichten</LA></DD><DT>b)</DT><DD Font="normal"><LA Size="normal">Bleche, Rohre oder Profile handgeführt, maschinell und thermisch umformen und trennen</LA></DD><DT>c)</DT><DD Font="normal"><LA Size="normal">Hilfswerkzeuge nach Verwendungszweck auswählen und anwenden</LA></DD><DT>d)</DT><DD Font="normal"><LA Size="normal">Schnittflächen- und Oberflächengüte beurteilen</LA></DD><DT>e)</DT><DD Font="normal"><LA Size="normal">Fehler feststellen, beheben und Maßnahmen zu ihrer Vermeidung einleiten</LA></DD></DL></entry><entry VJ="1" colname="col4"/><entry VJ="1" align="center" colname="col5" valign="middle">5</entry></row><row><entry VJ="1" align="center" colname="col1">4</entry><entry VJ="1" colname="col2">Fügen von Bauteilen<BR/> (§ 4 Absatz 2 Abschnitt C Nummer 4)</entry><entry VJ="1" colname="col3"><DL Font="normal" Type="alpha"><DT>a)</DT><DD Font="normal"><LA Size="normal">Hilfskonstruktionen, Vorrichtungen und Schablonen anwenden</LA></DD><DT>b)</DT><DD Font="normal"><LA Size="normal">Schweißnähte thermisch vorbereiten und nachbehandeln</LA></DD><DT>c)</DT><DD Font="normal"><LA Size="normal">Bauteile und Baugruppen nach technischen Unterlagen fügen</LA></DD><DT>d)</DT><DD Font="normal"><LA Size="normal">Bauteile, insbesondere durch Schmelzschweißverfahren, entsprechend den Normen und Vorschriften fügen</LA></DD><DT>e)</DT><DD Font="normal"><LA Size="normal">Metallkonstruktionen, insbesondere durch Schrauben, Löten und Nieten, verbinden</LA></DD><DT>f)</DT><DD Font="normal"><LA Size="normal">Schweiß- und Lötverbindungen sichtprüfen</LA></DD></DL></entry><entry VJ="1" colname="col4"/><entry VJ="1" align="center" colname="col5" valign="middle">26</entry></row><row><entry VJ="1" align="center" colname="col1">5</entry><entry VJ="1" colname="col2">Aufbereiten und Schützen von Oberflächen<BR/> (§ 4 Absatz 2 Abschnitt C Nummer 5)</entry><entry VJ="1" colname="col3"><DL Font="normal" Type="alpha"><DT>a)</DT><DD Font="normal"><LA Size="normal">Oberflächen für das Auftragen von Konservierungs-, Korrosionsschutz- und Beschichtungsmitteln vorbereiten</LA></DD><DT>b)</DT><DD Font="normal"><LA Size="normal">Konservierungs-, Korrosionsschutz-, Beschichtungs- und Dämmmittel unter Beachtung der Verarbeitungsvorschriften auftragen und prüfen</LA></DD></DL></entry><entry VJ="1" colname="col4"/><entry VJ="1" align="center" colname="col5" valign="middle">2</entry></row></tbody></tgroup></table><P/><table frame="all" tabstyle="Ausbildung" tocentry="%yes;"><Title Align="left" Class="S1"><B>Abschnitt D: Weitere berufsprofilgebende Fertigkeiten, Kenntnisse und Fähigkeiten in der Fachrichtung Zerspanungstechnik</B></Title><tgroup align="left" char="" charoff="50" cols="5" colsep="1" rowsep="1"><colspec colname="col1" colnum="1" colwidth=".75*"/><colspec colname="col2" colnum="2" colwidth="4.5*"/><colspec colname="col3" colnum="3" colwidth="8.5*"/><colspec colname="col4" colnum="4" colwidth="1.5*"/><colspec colname="col5" colnum="5" colwidth="1.5*"/><thead valign="bottom"><row><entry VJ="1" align="center" colname="col1" morerows="1" valign="middle">Lfd.<BR/> Nr.</entry><entry VJ="1" align="center" colname="col2" morerows="1" valign="middle">Teil des<BR/> Ausbildungsberufsbildes</entry><entry VJ="1" align="center" colname="col3" morerows="1" valign="middle">Zu vermittelnde<BR/> Fertigkeiten, Kenntnisse und Fähigkeiten</entry><entry VJ="1" align="center" nameend="col5" namest="col4" valign="middle">Zeitliche Richtwerte<BR/> in Wochen<BR/> im Ausbildungsjahr</entry></row><row><entry VJ="1" align="center" colname="col4" valign="middle">1</entry><entry VJ="1" align="center" colname="col5" valign="middle">2</entry></row><row><entry VJ="1" align="center" colname="col1" valign="middle">1</entry><entry VJ="1" align="center" colname="col2" valign="middle">2</entry><entry VJ="1" align="center" colname="col3" valign="middle">3</entry><entry VJ="1" align="center" nameend="col5" namest="col4" valign="middle">4</entry></row></thead><tbody valign="top"><row><entry VJ="1" align="center" colname="col1">1</entry><entry VJ="1" colname="col2">Planen von Fertigungsprozessen<BR/> (§ 4 Absatz 2 Abschnitt D Nummer 1)</entry><entry VJ="1" colname="col3"><DL Font="normal" Type="alpha"><DT>a)</DT><DD Font="normal"><LA Size="normal">auftragsbezogene Unterlagen beschaffen und auf Vollständigkeit prüfen</LA></DD><DT>b)</DT><DD Font="normal"><LA Size="normal">Werkzeugmaschine nach Werkstückanforderung auswählen</LA></DD><DT>c)</DT><DD Font="normal"><LA Size="normal">Werkzeuge und Schneidstoffe unter Beachtung der Fertigungsverfahren, des zu bearbeitenden Werkstoffes, der Bearbeitungsstabilität und der Werkstückgeometrie festlegen</LA></DD><DT>d)</DT><DD Font="normal"><LA Size="normal">Fertigungsparameter in Abhängigkeit von Werkstück, Werkstoff, Werkzeug und Schneidstoff festlegen</LA></DD><DT>e)</DT><DD Font="normal"><LA Size="normal">CNC-Programme mit Standardwegbefehlen erstellen und optimieren</LA></DD></DL></entry><entry VJ="1" colname="col4"/><entry VJ="1" align="center" colname="col5" valign="middle">4<BR/></entry></row><row><entry VJ="1" align="center" colname="col1">2</entry><entry VJ="1" colname="col2">Einrichten von Werkzeugmaschinen und Fertigungssystemen<BR/> (§ 4 Absatz 2 Abschnitt D Nummer 2)</entry><entry VJ="1" colname="col3"><DL Font="normal" Type="alpha"><DT>a)</DT><DD Font="normal"><LA Size="normal">Werkstückspannmittel vorbereiten, montieren und ausrichten</LA></DD><DT>b)</DT><DD Font="normal"><LA Size="normal">Werkzeugspannmittel vorbereiten und Werkzeuge spannen</LA></DD><DT>c)</DT><DD Font="normal"><LA Size="normal">Werkzeugkorrekturdaten ermitteln und abspeichern</LA></DD><DT>d)</DT><DD Font="normal"><LA Size="normal">Fertigungsparameter einstellen und eingeben</LA></DD><DT>e)</DT><DD Font="normal"><LA Size="normal">Einrichtungen für Hilfs- und Betriebsstoffe vorbereiten</LA></DD><DT>f)</DT><DD Font="normal"><LA Size="normal">Schutzeinrichtungen montieren und Funktionsfähigkeit überprüfen</LA></DD><DT>g)</DT><DD Font="normal"><LA Size="normal">Testlauf durchführen und beurteilen</LA></DD></DL></entry><entry VJ="1" colname="col4"/><entry VJ="1" align="center" colname="col5" valign="middle">8</entry></row><row><entry VJ="1" align="center" colname="col1">3</entry><entry VJ="1" colname="col2">Herstellen von Werkstücken<BR/> (§ 4 Absatz 2 Abschnitt D Nummer 3)</entry><entry VJ="1" colname="col3"><DL Font="normal" Type="alpha"><DT>a)</DT><DD Font="normal"><LA Size="normal">Werkstücke unter Berücksichtigung der Form und der Werkstoffeigenschaften ausrichten und spannen</LA></DD><DT>b)</DT><DD Font="normal"><LA Size="normal">Werkstücke aus verschiedenen Werkstoffen mit spanabhebenden Fertigungsverfahren nach technischen Unterlagen unter Beachtung wirtschaftlicher Faktoren fertigen</LA></DD><DT>c)</DT><DD Font="normal"><LA Size="normal">Zerspanungsprozess unter Beachtung von Sicherheitsvorschriften durchführen</LA></DD><DT>d)</DT><DD Font="normal"><LA Size="normal">Werkstücke übergeben und Fertigungstechniken erläutern</LA></DD></DL></entry><entry VJ="1" colname="col4"/><entry VJ="1" align="center" colname="col5" valign="middle">20</entry></row><row><entry VJ="1" align="center" colname="col1">4</entry><entry VJ="1" colname="col2">Überwachen und Optimieren von Fertigungsprozessen<BR/> (§ 4 Absatz 2 Abschnitt D Nummer 4)</entry><entry VJ="1" colname="col3"><DL Font="normal" Type="alpha"><DT>a)</DT><DD Font="normal"><LA Size="normal">Fertigungsschritte überprüfen und optimieren</LA></DD><DT>b)</DT><DD Font="normal"><LA Size="normal">Fehler im Fertigungsablauf erkennen, Ursachen ermitteln, beheben und dokumentieren</LA></DD><DT>c)</DT><DD Font="normal"><LA Size="normal">maschinenbedingte Störungen beheben und Beseitigung veranlassen</LA></DD><DT>d)</DT><DD Font="normal"><LA Size="normal">Prüfpläne und betriebliche Prüfvorschriften anwenden, Ergebnisse dokumentieren</LA></DD><DT>e)</DT><DD Font="normal"><LA Size="normal">Optimieren von auftragsbezogenen Unterlagen veranlassen</LA></DD></DL></entry><entry VJ="1" colname="col4"/><entry VJ="1" align="center" colname="col5" valign="middle">9</entry></row></tbody></tgroup></table><P/><table frame="all" tabstyle="Ausbildung" tocentry="%yes;"><Title Align="left" Class="S1"><B>Abschnitt E: Weitere berufsprofilgebende Fertigkeiten, Kenntnisse und Fähigkeiten in der Fachrichtung Umform- und Drahttechnik</B></Title><tgroup align="left" char="" charoff="50" cols="5" colsep="1" rowsep="1"><colspec colname="col1" colnum="1" colwidth=".75*"/><colspec colname="col2" colnum="2" colwidth="4.5*"/><colspec colname="col3" colnum="3" colwidth="8.5*"/><colspec colname="col4" colnum="4" colwidth="1.5*"/><colspec colname="col5" colnum="5" colwidth="1.5*"/><thead valign="bottom"><row><entry VJ="1" align="center" colname="col1" morerows="1" valign="middle">Lfd.<BR/> Nr.</entry><entry VJ="1" align="center" colname="col2" morerows="1" valign="middle">Teil des<BR/> Ausbildungsberufsbildes</entry><entry VJ="1" align="center" colname="col3" morerows="1" valign="middle">Zu vermittelnde<BR/> Fertigkeiten, Kenntnisse und Fähigkeiten</entry><entry VJ="1" align="center" nameend="col5" namest="col4" valign="middle">Zeitliche Richtwerte<BR/> in Wochen<BR/> im Ausbildungsjahr</entry></row><row><entry VJ="1" align="center" colname="col4" valign="middle">1</entry><entry VJ="1" align="center" colname="col5" valign="middle">2</entry></row><row><entry VJ="1" align="center" colname="col1" valign="middle">1</entry><entry VJ="1" align="center" colname="col2" valign="middle">2</entry><entry VJ="1" align="center" colname="col3" valign="middle">3</entry><entry VJ="1" align="center" nameend="col5" namest="col4" valign="middle">4</entry></row></thead><tbody valign="top"><row><entry VJ="1" align="center" colname="col1">1</entry><entry VJ="1" colname="col2">Einrichten und Rüsten von Trenn- oder Umformmaschinen<BR/> (§ 4 Absatz 2 Abschnitt E Nummer 1)</entry><entry VJ="1" colname="col3"><DL Font="normal" Type="alpha"><DT>a)</DT><DD Font="normal"><LA Size="normal">Trenn- oder Umformverfahren produktbezogen auswählen</LA></DD><DT>b)</DT><DD Font="normal"><LA Size="normal">Werkzeuge und Hilfsmittel unter Berücksichtigung der Verfahren und Werkstoffe auswählen</LA></DD><DT>c)</DT><DD Font="normal"><LA Size="normal">Produktionsmaschinen und -anlagen rüsten und umrüsten</LA></DD><DT>d)</DT><DD Font="normal"><LA Size="normal">Vormaterial prüfen und beurteilen</LA></DD><DT>e)</DT><DD Font="normal"><LA Size="normal">Maschinen und Anlagen auf Betriebsbereitschaft prüfen und unter Berücksichtigung der Sicherheitsbestimmungen in Betrieb nehmen</LA></DD><DT>f)</DT><DD Font="normal"><LA Size="normal">spezifische Anforderungen an die zu fertigenden Produkte berücksichtigen, Testläufe fahren, Korrekturen durchführen</LA></DD></DL></entry><entry VJ="1" colname="col4"/><entry VJ="1" align="center" colname="col5" valign="middle">12</entry></row><row><entry VJ="1" align="center" colname="col1">2</entry><entry VJ="1" colname="col2">Herstellen von Produkten<BR/> (§ 4 Absatz 2 Abschnitt E Nummer 2)</entry><entry VJ="1" colname="col3"><DL Font="normal" Type="alpha"><DT>a)</DT><DD Font="normal"><LA Size="normal">Maß-, Form- oder Lagetoleranzen sowie Oberflächenbeschaffenheit prüfen</LA></DD><DT>b)</DT><DD Font="normal"><LA Size="normal">Produkte durch Trennen oder Umformen herstellen</LA></DD><DT>c)</DT><DD Font="normal"><LA Size="normal">Produktionsprozesse nach Verfahrensparametern, insbesondere Ziehgeschwindigkeit, Maßhaltigkeit und Oberflächenqualität, überwachen</LA></DD><DT>d)</DT><DD Font="normal"><LA Size="normal">Störungen und Abweichungen feststellen, beseitigen und Beseitigung veranlassen</LA></DD><DT>e)</DT><DD Font="normal"><LA Size="normal">Maschinen und Anlagen übergeben, dabei über Produktionsprozess, Produktionsstand sowie Veränderungen im Produktionsablauf informieren, Übergabe dokumentieren</LA></DD><DT>f)</DT><DD Font="normal"><LA Size="normal">Prozessdaten ermitteln und einstellen</LA></DD><DT>g)</DT><DD Font="normal"><LA Size="normal">Produkte übergeben und Funktionen erläutern</LA></DD></DL></entry><entry VJ="1" colname="col4"/><entry VJ="1" align="center" colname="col5" valign="middle">14</entry></row><row><entry VJ="1" align="center" colname="col1">3</entry><entry VJ="1" colname="col2">Überwachen und Optimieren von Produktionsprozessen<BR/> (§ 4 Absatz 2 Abschnitt E Nummer 3)</entry><entry VJ="1" colname="col3"><DL Font="normal" Type="alpha"><DT>a)</DT><DD Font="normal"><LA Size="normal">Materialfluss im eigenen Arbeitsbereich sicherstellen, Störungen erkennen und Maßnahmen zu deren Beseitigung ergreifen</LA></DD><DT>b)</DT><DD Font="normal"><LA Size="normal">Werkstoffkennwerte, insbesondere durch Zugversuch, ermitteln</LA></DD><DT>c)</DT><DD Font="normal"><LA Size="normal">Fehler im Produktionsablauf erkennen, Ursachen ermitteln und beheben</LA></DD><DT>d)</DT><DD Font="normal"><LA Size="normal">Verschleißteile austauschen und deren Austausch veranlassen</LA></DD><DT>e)</DT><DD Font="normal"><LA Size="normal">Zustand von Ziehwerkzeugen beurteilen, Ziehwerkzeuge aufbereiten und umarbeiten</LA></DD></DL></entry><entry VJ="1" colname="col4"/><entry VJ="1" align="center" colname="col5" valign="middle">12</entry></row><row><entry VJ="1" align="center" colname="col1">4</entry><entry VJ="1" colname="col2">Oberflächen- und Wärmebehandlung<BR/> (§ 4 Absatz 2 Abschnitt E Nummer 4)</entry><entry VJ="1" colname="col3"><DL Font="normal" Type="alpha"><DT>a)</DT><DD Font="normal"><LA Size="normal">produktspezifische Oberflächenbehandlungsanlagen und <BR/>-methoden unterscheiden und Oberflächengüte beurteilen</LA></DD><DT>b)</DT><DD Font="normal"><LA Size="normal">produktspezifische Wärmebehandlungsanlagen und <BR/>-methoden unterscheiden und Auswirkungen berücksichtigen</LA></DD></DL></entry><entry VJ="1" colname="col4"/><entry VJ="1" align="center" colname="col5" valign="middle">3</entry></row></tbody></tgroup></table><P/><table frame="all" tabstyle="Ausbildung" tocentry="%yes;"><Title Align="left" Class="S1"><B>Abschnitt F: Integrative Fertigkeiten, Kenntnisse und Fähigkeiten</B></Title><tgroup align="left" char="" charoff="50" cols="5" colsep="1" rowsep="1"><colspec colname="col1" colnum="1" colwidth=".75*"/><colspec colname="col2" colnum="2" colwidth="4.5*"/><colspec colname="col3" colnum="3" colwidth="8.5*"/><colspec colname="col4" colnum="4" colwidth="1.5*"/><colspec colname="col5" colnum="5" colwidth="1.5*"/><thead valign="bottom"><row><entry VJ="1" align="center" colname="col1" morerows="1" valign="middle">Lfd.<BR/> Nr.</entry><entry VJ="1" align="center" colname="col2" morerows="1" valign="middle">Teil des<BR/> Ausbildungsberufsbildes</entry><entry VJ="1" align="center" colname="col3" morerows="1" valign="middle">Zu vermittelnde<BR/> Fertigkeiten, Kenntnisse und Fähigkeiten</entry><entry VJ="1" align="center" nameend="col5" namest="col4" valign="middle">Zeitliche Richtwerte<BR/> in Wochen<BR/> im Ausbildungsjahr</entry></row><row><entry VJ="1" align="center" colname="col4" valign="middle">1</entry><entry VJ="1" align="center" colname="col5" valign="middle">2</entry></row><row><entry VJ="1" align="center" colname="col1" valign="middle">1</entry><entry VJ="1" align="center" colname="col2" valign="middle">2</entry><entry VJ="1" align="center" colname="col3" valign="middle">3</entry><entry VJ="1" align="center" nameend="col5" namest="col4" valign="middle">4</entry></row></thead><tbody valign="top"><row><entry VJ="1" align="center" colname="col1">1</entry><entry VJ="1" colname="col2">Berufsbildung, Arbeits- und Tarifrecht<BR/> (§ 4 Absatz 2 Abschnitt F Nummer 1)</entry><entry VJ="1" colname="col3"><DL Font="normal" Type="alpha"><DT>a)</DT><DD Font="normal"><LA Size="normal">Bedeutung des Ausbildungsvertrages, insbesondere Abschluss, Dauer und Beendigung, erklären</LA></DD><DT>b)</DT><DD Font="normal"><LA Size="normal">gegenseitige Rechte und Pflichten aus dem Ausbildungsvertrag nennen</LA></DD><DT>c)</DT><DD Font="normal"><LA Size="normal">Möglichkeiten der beruflichen Fortbildung nennen</LA></DD><DT>d)</DT><DD Font="normal"><LA Size="normal">wesentliche Teile des Arbeitsvertrages nennen</LA></DD><DT>e)</DT><DD Font="normal"><LA Size="normal">wesentliche Bestimmungen der für den ausbildenden Betrieb geltenden Tarifverträge nennen</LA></DD></DL></entry><entry VJ="1" align="left" colname="col4" morerows="3" nameend="col5" namest="col4" valign="middle">während<BR/>der gesamten<BR/>Ausbildung<BR/>zu vermitteln</entry></row><row><entry VJ="1" align="center" colname="col1">2</entry><entry VJ="1" colname="col2">Aufbau und Organisation des Ausbildungsbetriebes<BR/> (§ 4 Absatz 2 Abschnitt F Nummer 2)</entry><entry VJ="1" colname="col3"><DL Font="normal" Type="alpha"><DT>a)</DT><DD Font="normal"><LA Size="normal">Aufbau und Aufgaben des ausbildenden Betriebes erläutern</LA></DD><DT>b)</DT><DD Font="normal"><LA Size="normal">Grundfunktionen des ausbildenden Betriebes wie Beschaffung, Fertigung, Absatz und Verwaltung erklären</LA></DD><DT>c)</DT><DD Font="normal"><LA Size="normal">Beziehungen des ausbildenden Betriebes und seiner Belegschaft zu Wirtschaftsorganisationen, Berufsvertretungen und Gewerkschaften nennen</LA></DD><DT>d)</DT><DD Font="normal"><LA Size="normal">Grundlagen, Aufgaben und Arbeitsweise der betriebsverfassungs- oder personalvertretungsrechtlichen Organe des ausbildenden Betriebes beschreiben</LA></DD></DL></entry></row><row><entry VJ="1" align="center" colname="col1">3</entry><entry VJ="1" colname="col2">Sicherheit und Gesundheitsschutz bei der Arbeit<BR/> (§ 4 Absatz 2 Abschnitt F Nummer 3)</entry><entry VJ="1" colname="col3"><DL Font="normal" Type="alpha"><DT>a)</DT><DD Font="normal"><LA Size="normal">Gefährdung von Sicherheit und Gesundheit am Arbeitsplatz feststellen und Maßnahmen zu ihrer Vermeidung ergreifen</LA></DD><DT>b)</DT><DD Font="normal"><LA Size="normal">berufsbezogene Arbeitsschutz- und Unfallverhütungsvorschriften anwenden</LA></DD><DT>c)</DT><DD Font="normal"><LA Size="normal">Verhaltensweisen bei Unfällen beschreiben sowie erste Maßnahmen einleiten</LA></DD><DT>d)</DT><DD Font="normal"><LA Size="normal">Vorschriften des vorbeugenden Brandschutzes anwenden; Verhaltensweisen bei Bränden beschreiben und Maßnahmen zur Brandbekämpfung ergreifen</LA></DD></DL></entry></row><row><entry VJ="1" align="center" colname="col1">4</entry><entry VJ="1" colname="col2">Umweltschutz<BR/> (§ 4 Absatz 2 Abschnitt F Nummer 4)</entry><entry VJ="1" colname="col3">Zur Vermeidung betriebsbedingter Umweltbelastungen im beruflichen Einwirkungsbereich beitragen, insbesondere <DL Font="normal" Type="alpha"><DT>a)</DT><DD Font="normal"><LA Size="normal">mögliche Umweltbelastungen durch den Ausbildungsbetrieb und seinen Beitrag zum Umweltschutz an Beispielen erklären</LA></DD><DT>b)</DT><DD Font="normal"><LA Size="normal">für den Ausbildungsbetrieb geltende Regelungen des Umweltschutzes anwenden</LA></DD><DT>c)</DT><DD Font="normal"><LA Size="normal">Möglichkeiten der wirtschaftlichen und umweltschonenden Energie- und Materialverwendung nutzen</LA></DD><DT>d)</DT><DD Font="normal"><LA Size="normal">Abfälle vermeiden; Stoffe und Materialien einer umweltschonenden Entsorgung zuführen</LA></DD></DL></entry></row><row><entry VJ="1" align="center" colname="col1" morerows="1">5</entry><entry VJ="1" colname="col2" morerows="1">Durchführen von qualitätssichernden Maßnahmen<BR/> (§ 4 Absatz 2 Abschnitt F Nummer 5)</entry><entry VJ="1" colname="col3"><DL Font="normal" Type="alpha"><DT>a)</DT><DD Font="normal"><LA Size="normal">Arbeiten kundenorientiert durchführen</LA></DD><DT>b)</DT><DD Font="normal"><LA Size="normal">Prüfverfahren und Prüfmittel auswählen und anwenden, Einsatzfähigkeit von Prüfmitteln feststellen</LA></DD></DL></entry><entry VJ="1" align="center" colname="col4" valign="middle"><BR/>2<BR/></entry><entry VJ="1" colname="col5"/></row><row><entry VJ="1" colname="col3"><DL Font="normal" Type="alpha"><DT>c)</DT><DD Font="normal"><LA Size="normal">zur kontinuierlichen Verbesserung von Arbeitsvorgängen im eigenen Arbeitsbereich beitragen</LA></DD><DT>d)</DT><DD Font="normal"><LA Size="normal">Arbeitsergebnisse kontrollieren, beurteilen und dokumentieren</LA></DD><DT>e)</DT><DD Font="normal"><LA Size="normal">Ursachen von Qualitätsabweichungen feststellen</LA></DD><DT>f)</DT><DD Font="normal"><LA Size="normal">Korrekturmaßnahmen einleiten</LA></DD></DL></entry><entry VJ="1" colname="col4"/><entry VJ="1" align="center" colname="col5" valign="middle">3</entry></row><row><entry VJ="1" align="center" colname="col1" morerows="1">6</entry><entry VJ="1" colname="col2" morerows="1">Betriebliche und technische Kommunikation<BR/> (§ 4 Absatz 2 Abschnitt F Nummer 6)</entry><entry VJ="1" colname="col3"><DL Font="normal" Type="alpha"><DT>a)</DT><DD Font="normal"><LA Size="normal">Informationsquellen auswählen, Informationen beschaffen und auswerten</LA></DD><DT>b)</DT><DD Font="normal"><LA Size="normal">Daten und Dokumente auch unter Berücksichtigung des Datenschutzes pflegen, sichern und archivieren</LA></DD><DT>c)</DT><DD Font="normal"><LA Size="normal">technische Zeichnungen und Stücklisten auswerten und anwenden</LA></DD></DL></entry><entry VJ="1" align="center" colname="col4" valign="middle">3</entry><entry VJ="1" colname="col5"/></row><row><entry VJ="1" colname="col3"><DL Font="normal" Type="alpha"><DT>d)</DT><DD Font="normal"><LA Size="normal">Skizzen anfertigen</LA></DD><DT>e)</DT><DD Font="normal"><LA Size="normal">auftragsspezifische Dokumente sowie technische Unterlagen und berufsbezogene Vorschriften auswerten und anwenden</LA></DD><DT>f)</DT><DD Font="normal"><LA Size="normal">Sachverhalte darstellen, Protokolle anfertigen</LA></DD><DT>g)</DT><DD Font="normal"><LA Size="normal">Gespräche mit Kunden, Vorgesetzten und im Team situationsgerecht und zielorientiert führen, kulturelle Identitäten berücksichtigen</LA></DD><DT>h)</DT><DD Font="normal"><LA Size="normal">Konflikte erkennen, zur Konfliktlösung beitragen</LA></DD></DL></entry><entry VJ="1" colname="col4"/><entry VJ="1" align="center" colname="col5" valign="middle">3</entry></row><row><entry VJ="1" align="center" colname="col1" morerows="1">7</entry><entry VJ="1" colname="col2" morerows="1">Planen und Ausführen der Arbeit<BR/> (§ 4 Absatz 2 Abschnitt F Nummer 7)</entry><entry VJ="1" colname="col3"><DL Font="normal" Type="alpha"><DT>a)</DT><DD Font="normal"><LA Size="normal">Arbeitsplatz unter Berücksichtigung betrieblicher Vorgaben einrichten</LA></DD><DT>b)</DT><DD Font="normal"><LA Size="normal">Werkzeuge, Materialien und Hilfsmittel auswählen, termingerecht anfordern, prüfen, transportieren und bereitstellen</LA></DD><DT>c)</DT><DD Font="normal"><LA Size="normal">Aufgaben unter Beachtung der betrieblichen Vorgaben planen und durchführen</LA></DD><DT>d)</DT><DD Font="normal"><LA Size="normal">Instrumente zur Auftragsabwicklung sowie der Terminverfolgung anwenden</LA></DD><DT>e)</DT><DD Font="normal"><LA Size="normal">betriebswirtschaftlich relevante Daten erfassen</LA></DD><DT>f)</DT><DD Font="normal"><LA Size="normal">unterschiedliche Lerntechniken anwenden</LA></DD><DT>g)</DT><DD Font="normal"><LA Size="normal">Lösungsvarianten prüfen und darstellen</LA></DD></DL></entry><entry VJ="1" align="center" colname="col4" valign="middle">4</entry><entry VJ="1" colname="col5"/></row><row><entry VJ="1" colname="col3"><DL Font="normal" Type="alpha"><DT>h)</DT><DD Font="normal"><LA Size="normal">im Arbeitsbereich eigenen Qualifikationsbedarf feststellen, Qualifizierungsmöglichkeiten nutzen</LA></DD><DT>i)</DT><DD Font="normal"><LA Size="normal">Aufgaben im Team absprechen und durchführen</LA></DD></DL></entry><entry VJ="1" colname="col4"/><entry VJ="1" align="center" colname="col5" valign="middle">2</entry></row></tbody></tgroup></table></Content></text></textdaten></norm>
</dokumente>