<?xml version="1.0" encoding="UTF-8" ?><!DOCTYPE dokumente SYSTEM "http://www.gesetze-im-internet.de/dtd/1.01/gii-norm.dtd">
<dokumente builddate="20120625151026" doknr="BJNR264320994"><norm builddate="20120625151026" doknr="BJNR264320994"><metadaten><jurabk>ManövAbkCANIGBRÜbk</jurabk><ausfertigung-datum manuell="ja">1993-03-18</ausfertigung-datum><fundstelle typ="amtlich"><periodikum>BGBl II</periodikum><zitstelle>1994, 2643</zitstelle></fundstelle><langue>Übereinkommen zwischen der Bundesrepublik Deutschland, Kanada und dem
Vereinigten Königreich Großbritannien und Nordirland zur Außerkraftsetzung des
Abkommens vom 3. August 1959 über die Durchführung von Manövern und anderen
Übungen im Raume Soltau-Lüneburg in der durch das Abkommen vom 12. Mai 1970
geänderten Fassung</langue></metadaten><textdaten><text format="decorated"/><fussnoten><Content><P>G v. 28.9.1994 II 2594 <BR/>In Kraft gem. Bek. v. 30.6.1998 II 1691 mWv 29.3.1998</P></Content></fussnoten></textdaten></norm>
</dokumente>