<?xml version="1.0" encoding="UTF-8" ?><!DOCTYPE dokumente SYSTEM "http://www.gesetze-im-internet.de/dtd/1.01/gii-norm.dtd">
<dokumente builddate="20160815215529" doknr="BJNR178100016"><norm builddate="20160815215529" doknr="BJNR178100016"><metadaten><jurabk>BBFestV 2016</jurabk><amtabk>BBFestV 2016</amtabk><ausfertigung-datum manuell="ja">2016-07-19</ausfertigung-datum><fundstelle typ="amtlich"><periodikum>BGBl I</periodikum><zitstelle>2016, 1781</zitstelle></fundstelle><kurzue>Bundesbeteiligungs-Festlegungsverordnung 2016</kurzue><langue>Verordnung zur Festlegung der der Revision unterliegenden Bundesbeteiligung an den Kosten der Unterkunft und Heizung für das Jahr 2016</langue></metadaten><textdaten><fussnoten><Content><P><BR/> <pre xml:space="preserve">(+++ Textnachweis ab: 27.7.2016 +++)<BR/><BR/></pre></P></Content></fussnoten></textdaten></norm>
<norm builddate="20160815215529" doknr="BJNR178100016BJNE000100000"><metadaten><jurabk>BBFestV 2016</jurabk><enbez>Eingangsformel</enbez></metadaten><textdaten><text format="XML"><Content><P>Auf Grund des § 46 Absatz 7 Satz 1 des Zweiten Buches Sozialgesetzbuch – Grundsicherung für Arbeitsuchende – in der Fassung der Bekanntmachung vom 13. Mai 2011 (BGBl. I S. 850, 2094) verordnet das Bundesministerium für Arbeit und Soziales:</P></Content></text></textdaten></norm>
<norm builddate="20160815215529" doknr="BJNR178100016BJNE000200000"><metadaten><jurabk>BBFestV 2016</jurabk><enbez>§ 1</enbez><titel format="XML">Festlegung des Wertes nach § 46 Absatz 6 Satz 1 des Zweiten Buches Sozialgesetzbuch bis zum Jahr 2017</titel></metadaten><textdaten><text format="XML"><Content><P>Der Wert nach § 46 Absatz 6 Satz 1 des Zweiten Buches Sozialgesetzbuch wird auf Grund der durch die Länder ermittelten Gesamtausgaben für die Leistungen nach § 28 des Zweiten Buches Sozialgesetzbuch und nach § 6b des Bundeskindergeldgesetzes im Jahr 2015 rückwirkend zum 1. Januar 2016 für das Jahr 2016 sowie für das Jahr 2017 auf bundesdurchschnittlich 4,1 Prozentpunkte festgelegt. Von diesem Wert werden auf Grund der in den Ländern unterschiedlichen Ausgaben für diese Leistungen im Jahr 2015 rückwirkend zum 1. Januar 2016 für das Jahr 2016 sowie für das Jahr 2017 die folgenden länderspezifischen Werte abgeleitet:<BR/> 4,5 Prozentpunkte für Baden-Württemberg,<BR/> 3,6 Prozentpunkte für den Freistaat Bayern,<BR/> 2,9 Prozentpunkte für Berlin,<BR/> 3,0 Prozentpunkte für Brandenburg,<BR/> 6,2 Prozentpunkte für die Freie Hansestadt Bremen,<BR/> 7,7 Prozentpunkte für die Freie und Hansestadt Hamburg,<BR/> 3,7 Prozentpunkte für Hessen,<BR/> 4,2 Prozentpunkte für Mecklenburg-Vorpommern,<BR/> 5,0 Prozentpunkte für Niedersachsen,<BR/> 4,1 Prozentpunkte für Nordrhein-Westfalen,<BR/> 3,3 Prozentpunkte für Rheinland-Pfalz,<BR/> 4,5 Prozentpunkte für das Saarland,<BR/> 3,9 Prozentpunkte für den Freistaat Sachsen,<BR/> 3,3 Prozentpunkte für Sachsen-Anhalt,<BR/> 4,0 Prozentpunkte für Schleswig-Holstein,<BR/> 4,6 Prozentpunkte für den Freistaat Thüringen.</P></Content></text></textdaten></norm>
<norm builddate="20160815215529" doknr="BJNR178100016BJNE000300000"><metadaten><jurabk>BBFestV 2016</jurabk><enbez>§ 2</enbez><titel format="XML">Inkrafttreten</titel></metadaten><textdaten><text format="XML"><Content><P>Diese Verordnung tritt am Tag nach der Verkündung in Kraft.</P></Content></text></textdaten></norm>
<norm builddate="20160815215529" doknr="BJNR178100016BJNE000400000"><metadaten><jurabk>BBFestV 2016</jurabk><enbez>Schlussformel</enbez></metadaten><textdaten><text format="XML"><Content><P>Der Bundesrat hat zugestimmt.</P></Content></text></textdaten></norm>
</dokumente>