<?xml version="1.0" encoding="UTF-8" ?><!DOCTYPE dokumente SYSTEM "http://www.gesetze-im-internet.de/dtd/1.01/gii-norm.dtd">
<dokumente builddate="20250505223007" doknr="BJNR0820A0025"><norm builddate="20250505223007" doknr="BJNR0820A0025"><metadaten><jurabk>GasSpFüllstV 2025</jurabk><amtabk>GasSpFüllstV</amtabk><ausfertigung-datum manuell="ja">2025-05-05</ausfertigung-datum><fundstelle typ="amtlich"><periodikum>BGBl. I</periodikum><zitstelle>2025, Nr. 130</zitstelle></fundstelle><kurzue>Gasspeicherfüllstandsverordnung</kurzue><langue>Verordnung zur Anpassung der Füllstandsvorgaben für Gasspeicheranlagen</langue><standangabe checked="ja"><standtyp>Aufh</standtyp><standkommentar>V aufgeh. durch § 2 dieser V mit Ablauf d. 31.3.2027</standkommentar></standangabe></metadaten><textdaten><fussnoten><Content><P><BR/> <pre xml:space="preserve">(+++ Textnachweis ab: 6.5.2025 +++)<BR/><BR/></pre></P></Content></fussnoten></textdaten></norm>
<norm builddate="20250505223007" doknr="BJNR0820A0025BJNE000100000"><metadaten><jurabk>GasSpFüllstV 2025</jurabk><jurabk>GasSpFüllstV</jurabk><enbez>Eingangsformel</enbez></metadaten><textdaten><text format="XML"><Content><P>Das Bundesministerium für Wirtschaft und Klimaschutz verordnet aufgrund des § 35b Absatz 3 des Energiewirtschaftsgesetzes vom 7. Juli 2005 (BGBl. I S. 1970, 3621), das zuletzt durch Artikel 1 des Gesetzes vom 21. Februar 2025 (BGBl. 2025 I Nr. 51) geändert worden ist:</P></Content></text></textdaten></norm>
<norm builddate="20250505223007" doknr="BJNR0820A0025BJNE000200000"><metadaten><jurabk>GasSpFüllstV 2025</jurabk><jurabk>GasSpFüllstV</jurabk><enbez>§ 1</enbez><titel format="XML">Füllstandsvorgaben, Stichtage</titel></metadaten><textdaten><text format="XML"><Content><P>Abweichend von § 35b Absatz 1 Satz 2 des Energiewirtschaftsgesetzes ist zu den folgenden Stichtagen in jeder der genannten Gasspeicheranlagen im Sinne des § 35a Absatz 2 des Energiewirtschaftsgesetzes der jeweils genannte Füllstand als prozentualer Anteil am Arbeitsgasvolumen der jeweiligen Gasspeicheranlage vorzuhalten: <DL Type="arabic"><DT>1.</DT><DD Font="normal"><LA>am 1. November jeweils ein Füllstand von <DL Type="alpha"><DT>a)</DT><DD Font="normal"><LA>80 Prozent in jeder Gasspeicheranlage, die nicht von Buchstabe b erfasst ist,</LA></DD><DT>b)</DT><DD Font="normal"><LA>45 Prozent in jeder der Gasspeicheranlagen Bad Lauchstädt, Frankenthal, Hähnlein, Rehden, Stockstadt und Uelsen aufgrund ihrer deutlich geschwindigkeitsreduzierten Ein- und Ausspeicherleistung sowie ihrer geografischen Lage,</LA></DD></DL></LA></DD><DT>2.</DT><DD Font="normal"><LA>am 1. Februar jeweils ein Füllstand von <DL Type="alpha"><DT>a)</DT><DD Font="normal"><LA>30 Prozent in jeder Gasspeicheranlage, die nicht von Buchstabe b erfasst ist,</LA></DD><DT>b)</DT><DD Font="normal"><LA>40 Prozent in jeder der Gasspeicheranlagen Bierwang, Breitbrunn, Inzenham-West und Wolfersberg.</LA></DD></DL></LA></DD></DL></P></Content></text></textdaten></norm>
<norm builddate="20250505223007" doknr="BJNR0820A0025BJNE000300000"><metadaten><jurabk>GasSpFüllstV 2025</jurabk><jurabk>GasSpFüllstV</jurabk><enbez>§ 2</enbez><titel format="XML">Außerkrafttreten</titel></metadaten><textdaten><text format="XML"><Content><P>Diese Verordnung tritt mit Ablauf des 31. März 2027 außer Kraft.</P></Content></text></textdaten></norm>
<norm builddate="20250505223007" doknr="BJNR0820A0025BJNE000400000"><metadaten><jurabk>GasSpFüllstV 2025</jurabk><jurabk>GasSpFüllstV</jurabk><enbez>§ 3</enbez><titel format="XML">Inkrafttreten</titel></metadaten><textdaten><text format="XML"><Content><P>Diese Verordnung tritt am Tag nach der Verkündung in Kraft.</P></Content></text></textdaten></norm>
</dokumente>