<?xml version="1.0" encoding="UTF-8" ?><!DOCTYPE dokumente SYSTEM "http://www.gesetze-im-internet.de/dtd/1.01/gii-norm.dtd">
<dokumente builddate="20131202132505" doknr="BJNR010280992"><norm builddate="20131202132505" doknr="BJNR010280992"><metadaten><jurabk>Münz10DMBek 1992</jurabk><ausfertigung-datum manuell="ja">1992-06-04</ausfertigung-datum><fundstelle typ="amtlich"><periodikum>BGBl I</periodikum><zitstelle>1992, 1028</zitstelle></fundstelle><langue>Bekanntmachung über die Ausprägung von Bundesmünzen im Nennwert von 10
Deutschen Mark (Gedenkmünze 125. Geburtstag von Käthe Kollwitz)</langue></metadaten><textdaten><text format="XML"><Content><P/></Content></text><fussnoten><Content><P>(+++ Textnachweis ab: 17. 6.1992 +++)</P></Content></fussnoten></textdaten></norm>
<norm builddate="20131202132505" doknr="BJNR010280992BJNE000100314"><metadaten><jurabk>Münz10DMBek 1992</jurabk><enbez>(XXXX)</enbez></metadaten><textdaten><text format="XML"><Content><P>(1) Auf Grund des § 6 des Gesetzes über die Ausprägung von Scheidemünzen in der im Bundesgesetzblatt Teil III, Gliederungsnummer 690-1, veröffentlichten bereinigten Fassung hat die Bundesregierung beschlossen, zum 125. Geburtstag von Käthe Kollwitz eine Bundesmünze (Gedenkmünze) im Nennwert von 10 Deutschen Mark prägen zu lassen. Die Auflage der Münze beträgt 8,45 Millionen Stück. Die Prägung erfolgt in der Staatlichen Münze Karlsruhe.</P><P>(2) Die Münze wird ab 3. Juli 1992 in den Verkehr gebracht.</P><P>(3) Die Münze besteht aus einer Legierung von 625 Tausendteilen Silber und 375 Tausendteilen Kupfer. Sie hat einen Durchmesser von 32,5 Millimetern und ein Gewicht von 15,5 Gramm.</P><P>(4) Das Gepräge auf beiden Seiten ist erhaben und wird von einem schützenden glatten Randstab umgeben.</P><P>(5) Die Bildseite zeigt ein Selbstportrait von Käthe Kollwitz am Zeichenbrett aus einer Kohlezeichnung der Künstlerin von 1933. Die Umschrift lautet: <DL Font="normal" Type="arabic"><DT/><DD Font="normal"><LA Size="normal"><DL Font="normal" Type="arabic"><DT/><DD Font="normal"><LA Size="normal"><DL Font="normal" Type="arabic"><DT/><DD Font="normal"><LA Size="normal"><DL Font="normal" Type="arabic"><DT/><DD Font="normal"><LA Size="normal"><DL Font="normal" Type="arabic"><DT/><DD Font="normal"><LA Size="normal">&quot;KÄTHE KOLLWITZ</LA><LA Size="normal"><ABWFORMAT typ="A"/>* 1867 . 1945 +&quot;.</LA></DD></DL></LA></DD></DL></LA></DD></DL></LA></DD></DL></LA></DD></DL></P><P>(6) Die Wertseite trägt einen Adler, die Jahreszahl 1992, das Münzzeichen &quot;G&quot; der Staatlichen Münze Karlsruhe und die Umschrift: <DL Font="normal" Type="arabic"><DT/><DD Font="normal"><LA Size="normal"><DL Font="normal" Type="arabic"><DT/><DD Font="normal"><LA Size="normal"><DL Font="normal" Type="arabic"><DT/><DD Font="normal"><LA Size="normal"><DL Font="normal" Type="arabic"><DT/><DD Font="normal"><LA Size="normal">&quot;BUNDESREPUBLIK DEUTSCHLAND<DL Font="normal" Type="arabic"><DT/><DD Font="normal"><LA Size="normal">10 DEUTSCHE MARK&quot;.</LA></DD></DL></LA></DD></DL></LA></DD></DL></LA></DD></DL></LA></DD></DL></P><P>(7) Die Jahreszahl &quot;1992&quot; und das Münzzeichen &quot;G&quot; sind Teil der Umschrift. Das Münzzeichen befindet sich zwischen der Zahl 10 und der Adlerabbildung.</P><P>(8) Der glatte Münzrand enthält in vertiefter Prägung die Inschrift: <DL Font="normal" Type="arabic"><DT/><DD Font="normal"><LA Size="normal"><DL Font="normal" Type="arabic"><DT/><DD Font="normal"><LA Size="normal"><DL Font="normal" Type="arabic"><DT/><DD Font="normal"><LA Size="normal">&quot;ICH WILL WIRKEN IN DIESER ZEIT&quot;.</LA></DD></DL></LA></DD></DL></LA></DD></DL></P><P>(9) Zwischen Ende und Anfang der Randschrift befinden sich drei fünfzackige Sterne.</P><P>(10) Der Entwurf der Münze stammt von Reinhart Heinsdorff, Friedberg-Ottmaring.<BR/><BR/><SP>Der Bundesminister der Finanzen</SP></P></Content></text></textdaten></norm>
<norm builddate="20131202132505" doknr="BJNR010280992BJNE000200314"><metadaten><jurabk>Münz10DMBek 1992</jurabk><enbez>(XXXX)</enbez><titel format="parat">Abbildung der Münze</titel></metadaten><textdaten><text format="XML"><Content><P><noindex><kommentar typ="Fundstelle"><BR/>(Fundstelle: BGBl. I 1992, 1028)</kommentar></noindex><BR/><BR/><IMG Align="center" Pos="block" SRC="bgbl1_1992_j1028_0010.jpg" alt=""/><BR/><BR/></P></Content></text></textdaten></norm>
</dokumente>