<?xml version="1.0" encoding="UTF-8" ?><!DOCTYPE dokumente SYSTEM "http://www.gesetze-im-internet.de/dtd/1.01/gii-norm.dtd">
<dokumente builddate="20240424214524" doknr="BJNR513110995"><norm builddate="20240424214524" doknr="BJNR513110995"><metadaten><jurabk>LuftVODV 154</jurabk><ausfertigung-datum manuell="ja">1995-06-30</ausfertigung-datum><fundstelle typ="amtlich"><periodikum>BAnz</periodikum><zitstelle>1995, Nr 131, 7706</zitstelle></fundstelle><fundstelle typ="amtlich"><periodikum>BAnz</periodikum><zitstelle>1995, 7706</zitstelle></fundstelle><langue>Hundertvierundfünfzigste Durchführungsverordnung zur Luftverkehrs-Ordnung (Festlegung von Flugverfahren für An- und Abflüge nach Sichtflugregeln zum und vom Verkehrsflughafen Westerland/Sylt)</langue></metadaten><textdaten><text format="decorated"/><fussnoten><Content><P>Wegen nicht darstellbarer Zeichen nur mit der Überschrift aufgenommen</P></Content></fussnoten></textdaten></norm>
</dokumente>