<?xml version="1.0" encoding="UTF-8" ?><!DOCTYPE dokumente SYSTEM "http://www.gesetze-im-internet.de/dtd/1.01/gii-norm.dtd">
<dokumente builddate="20130405130056" doknr="BJNR022550985"><norm builddate="20130405130056" doknr="BJNR022550985"><metadaten><jurabk>AbgrV 1985</jurabk><amtabk>AbgrV</amtabk><ausfertigung-datum manuell="ja">1985-12-12</ausfertigung-datum><fundstelle typ="amtlich"><periodikum>BGBl I</periodikum><zitstelle>1985, 2255</zitstelle></fundstelle><kurzue>Abgrenzungsverordnung</kurzue><langue>Verordnung über die Abgrenzung der im Pflegesatz nicht zu berücksichtigenden Investitionskosten von den pflegesatzfähigen Kosten der Krankenhäuser</langue><standangabe checked="ja"><standtyp>Stand</standtyp><standkommentar>Zuletzt geändert durch Art. 6 G v. 21.7.2012 I 1613</standkommentar></standangabe></metadaten><textdaten><fussnoten><Content><P><BR/> <pre xml:space="preserve">(+++ Textnachweis ab: 1.1.1986 +++)<BR/>(+++ Maßgaben aufgrund EinigVtr nicht mehr anzuwenden gem. Art. 109 Nr. 3 <BR/>     Buchst. g DBuchst. ee G v. 8.12.2010 I 1864 mWv 15.12.2010 +++)<BR/><BR/></pre></P></Content></fussnoten></textdaten></norm>
<norm builddate="20130405130056" doknr="BJNR022550985BJNE000100326"><metadaten><jurabk>AbgrV 1985</jurabk><enbez>Eingangsformel</enbez></metadaten><textdaten><text format="XML"><Content><P>Auf Grund des § 16 Satz 1 des Krankenhausfinanzierungsgesetzes vom 29. Juni 1972 (BGBl. I S. 1009), der durch Artikel 1 Nr. 15 des Gesetzes vom 20. Dezember 1984 (BGBl. I S. 1716) neu gefaßt worden ist, verordnet die Bundesregierung mit Zustimmung des Bundesrates:</P></Content></text></textdaten></norm>
<norm builddate="20130405130056" doknr="BJNR022550985BJNE000200326"><metadaten><jurabk>AbgrV 1985</jurabk><enbez>§ 1</enbez><titel format="parat">Anwendungsbereich</titel></metadaten><textdaten><text format="XML"><Content><P>(1) Die nähere Abgrenzung der nach § 17 Abs. 4 Nr. 1 des Krankenhausfinanzierungsgesetzes im Pflegesatz nicht zu berücksichtigenden Investitionskosten von den pflegesatzfähigen Kosten richtet sich nach dieser Verordnung.</P><P>(2) Die Verordnung gilt nicht für <DL Font="normal" Type="arabic"><DT>1.</DT><DD Font="normal"><LA Size="normal">die Krankenhäuser, auf die das Krankenhausfinanzierungsgesetz nach seinem § 3 Satz 1 Nr. 1 bis 4 keine Anwendung findet,</LA></DD> <DT>2.</DT><DD Font="normal"><LA Size="normal">die Krankenhäuser, die nach § 5 Abs. 1 Nr. 2, 4 oder 7 des Krankenhausfinanzierungsgesetzes nicht gefördert werden, es sei denn, daß diese Krankenhäuser auf Grund Landesrechts nach § 5 Abs. 2 des Krankenhausfinanzierungsgesetzes gefördert werden.</LA></DD> </DL></P></Content> </text></textdaten></norm>
<norm builddate="20130405130056" doknr="BJNR022550985BJNE000302310"><metadaten><jurabk>AbgrV 1985</jurabk><enbez>§ 2</enbez><titel format="XML">Begriffsbestimmungen</titel></metadaten><textdaten><text format="XML"><Content><P>Im Sinne dieser Verordnung sind <DL Font="normal" Type="arabic"><DT>1.</DT><DD Font="normal"><LA Size="normal">Anlagegüter</LA><LA Size="normal">die Wirtschaftsgüter des zum Krankenhaus gehörenden Anlagevermögens,</LA></DD><DT>2.</DT><DD Font="normal"><LA Size="normal">Gebrauchsgüter</LA><LA Size="normal">die Anlagegüter mit einer durchschnittlichen Nutzungsdauer bis zu drei Jahren (Verzeichnis I der Anlage),</LA></DD><DT>3.</DT><DD Font="normal"><LA Size="normal">Verbrauchsgüter</LA><LA Size="normal">die Wirtschaftsgüter, die durch ihre bestimmungsgemäße Verwendung aufgezehrt oder unverwendbar werden oder die ausschließlich von einem Patienten genutzt werden und üblicherweise bei ihm verbleiben. Als Verbrauchsgüter gelten auch die wiederbeschafften, abnutzbaren beweglichen Anlagegüter, die einer selbständigen Nutzung fähig sind und deren Anschaffungs- oder Herstellungskosten für das einzelne Anlagegut ohne Umsatzsteuer 150 Euro nicht übersteigen.</LA></DD></DL></P></Content></text><fussnoten/></textdaten></norm>
<norm builddate="20130405130056" doknr="BJNR022550985BJNE000405360"><metadaten><jurabk>AbgrV 1985</jurabk><enbez>§ 3</enbez><titel format="XML">Zuordnungsgrundsätze</titel></metadaten><textdaten><text format="XML"><Content><P>(1) Pflegesatzfähig sind <DL Font="normal" Type="arabic"><DT>1.</DT><DD Font="normal"><LA Size="normal">die Kosten der Wiederbeschaffung von Gebrauchsgütern anteilig entsprechend ihrer Abschreibung,</LA></DD><DT>2.</DT><DD Font="normal"><LA Size="normal">sonstige Investitionskosten und ihnen gleichstehende Kosten nach Maßgabe der §§ 17 des Krankenhausfinanzierungsgesetzes und des § 8 der Bundespflegesatzverordnung in der am 31. Dezember 2012 geltenden Fassung,</LA></DD><DT>3.</DT><DD Font="normal"><LA Size="normal">die Kosten der Anschaffung oder Herstellung von Verbrauchsgütern,</LA></DD><DT>4.</DT><DD Font="normal"><LA Size="normal">die Kosten der Instandhaltung von Anlagegütern nach Maßgabe des § 4.</LA></DD></DL></P><P>(2) Nicht pflegesatzfähig sind <DL Font="normal" Type="arabic"><DT>1.</DT><DD Font="normal"><LA Size="normal">die Kosten<DL Font="normal" Type="arabic"><DT>a)</DT><DD Font="normal"><LA Size="normal">der Errichtung und Erstausstattung von Krankenhäusern mit Ausnahme der Kosten nach Absatz 1 Nr. 3,</LA></DD><DT>b)</DT><DD Font="normal"><LA Size="normal">der Ergänzung von Anlagegütern, soweit diese über die übliche Anpassung der vorhandenen Anlagegüter an die medizinische und technische Entwicklung wesentlich hinausgeht,</LA></DD></DL></LA></DD><DT>2.</DT><DD Font="normal"><LA Size="normal">die Kosten der Wiederbeschaffung von Anlagegütern mit einer durchschnittlichen Nutzungsdauer von mehr als drei Jahren (Verzeichnis II der Anlage) mit Ausnahme der Anlagegüter, die nach § 2 Nr. 3 Satz 2 als Verbrauchsgüter gelten,</LA></DD><DT>3.</DT><DD Font="normal"><LA Size="normal">(weggefallen)</LA></DD></DL>Absatz 1 Nr. 2 bleibt unberührt.</P><P>(3) Die durchschnittliche Nutzungsdauer eines Anlageguts ist auf der Grundlage der Nutzungsdauer bei einschichtigem Betrieb zu ermitteln.</P><P>(4) Einem Wirtschaftsgut sind die Lieferungen und Leistungen zuzurechnen, die üblicherweise notwendig sind, um das Wirtschaftsgut anzuschaffen oder herzustellen und in Benutzung zu nehmen.</P></Content></text><fussnoten/></textdaten></norm>
<norm builddate="20130405130056" doknr="BJNR022550985BJNE000503360"><metadaten><jurabk>AbgrV 1985</jurabk><enbez>§ 4</enbez><titel format="XML">Instandhaltungskosten</titel></metadaten><textdaten><text format="XML"><Content><P>(1) Instandhaltungskosten sind die Kosten der Erhaltung oder Wiederherstellung von Anlagegütern des Krankenhauses, wenn dadurch das Anlagegut in seiner Substanz nicht wesentlich vermehrt, in seinem Wesen nicht erheblich verändert, seine Nutzungsdauer nicht wesentlich verlängert oder über seinen bisherigen Zustand hinaus nicht deutlich verbessert wird.</P><P>(2) Zu den Kosten nach Absatz 1 gehören auch die Instandhaltungskosten für Anlagegüter, wenn <DL Font="normal" Type="arabic"><DT>1.</DT><DD Font="normal"><LA Size="normal">in baulichen Einheiten Gebäudeteile, betriebstechnische Anlagen und Einbauten oder</LA></DD><DT>2.</DT><DD Font="normal"><LA Size="normal">Außenanlagen</LA></DD></DL>vollständig oder überwiegend ersetzt werden (Verzeichnis III der Anlage). Für die Beurteilung des überwiegenden Ersetzens sind Maßnahmen, die im Rahmen eines einheitlichen Vorhabens in einem Zeitraum bis zu drei Jahren durchgeführt werden, zusammenzurechnen. Die nach Satz 1 abgegrenzten Kosten werden nach § 17 Absatz 4b Satz 3 des Krankenhausfinanzierungsgesetzes pauschal finanziert.</P></Content></text><fussnoten/></textdaten></norm>
<norm builddate="20130405130056" doknr="BJNR022550985BJNE000601310"><metadaten><jurabk>AbgrV 1985</jurabk><enbez>§ 5</enbez><titel format="parat">(weggefallen)</titel></metadaten><textdaten><text format="XML"><Content><P>-</P></Content></text><fussnoten/></textdaten></norm>
<norm builddate="20130405130056" doknr="BJNR022550985BJNE000700326"><metadaten><jurabk>AbgrV 1985</jurabk><enbez>§ 6</enbez><titel format="parat">Inkrafttreten und Übergangsvorschrift</titel></metadaten><textdaten><text format="XML"><Content><P>(1) Diese Verordnung tritt am 1. Januar 1986 in Kraft.</P><P>(2) Für die Zuordnung der Wirtschaftsgüter zu den kurz-, mittel- und langfristigen Anlagegütern im Sinne der Regelungen des Krankenhausfinanzierungsgesetzes in seiner bis zum 31. Dezember 1984 geltenden Fassung verbleibt es in den einzelnen Bundesländern bis zum Inkrafttreten von Landesrecht nach § 6 Abs. 3, § 7 Abs. 2 und § 11 des Krankenhausfinanzierungsgesetzes bei den Regelungen der Abgrenzungsverordnung vom 5. Dezember 1977 (BGBl. I S. 2355) mit Ausnahme ihres § 3 Abs. 4 und 5.</P><P>(3) Für die Pflegesatzfähigkeit der Kosten von Wirtschaftsgütern, die vor dem 1. Januar 1986 angeschafft oder im Krankenhaus hergestellt worden sind, verbleibt es bei der für diese Wirtschaftsgüter vorgenommenen Abgrenzung und Zuordnung sowie angenommenen Nutzungsdauer.</P></Content>  </text></textdaten></norm>
<norm builddate="20130405130056" doknr="BJNR022550985BJNE000800326"><metadaten><jurabk>AbgrV 1985</jurabk><enbez>Schlußformel</enbez></metadaten><textdaten><text format="XML"><Content><P><SP>Der Bundesminister für Arbeit und Sozialordnung</SP></P></Content></text></textdaten></norm>
<norm builddate="20130405130056" doknr="BJNR022550985BJNE000900326"><metadaten><jurabk>AbgrV 1985</jurabk><enbez>Anlage</enbez></metadaten><textdaten><text format="XML"><Content><P><ABWFORMAT typ="A"/><noindex><kommentar typ="Fundstelle">(Fundstelle: BGBl. I 1985, 2257)</kommentar></noindex><BR/><DL Font="normal" Type="arabic"><DT/><DD Font="normal"><LA Size="normal"><DL Font="normal" Type="arabic"><DT/><DD Font="normal"><LA Size="normal"><B>Verzeichnis I</B></LA></DD></DL></LA></DD></DL>Gebrauchsgüter im Sinne von § 2 Nr. 2 sind zum Beispiel <DL Font="normal" Type="arabic"><DT>1.</DT><DD Font="normal"><LA Size="normal">Dienst- und Schutzkleidung, Wäsche, Textilien,</LA></DD><DT>2.</DT><DD Font="normal"><LA Size="normal">Glas- und Porzellanartikel,</LA></DD><DT>3.</DT><DD Font="normal"><LA Size="normal">Geschirr,</LA></DD><DT>4.</DT><DD Font="normal"><LA Size="normal">sonstige Gebrauchsgüter des medizinischen Bedarfs wie</LA><LA Size="normal">Atembeutel</LA><LA Size="normal">Heizdecken und -kissen</LA><LA Size="normal">Hörkissen und -muscheln</LA><LA Size="normal">Magenpumpen</LA><LA Size="normal">Nadelhalter</LA><LA Size="normal">Narkosemasken</LA><LA Size="normal">Operationstisch-Auflagen, -Polster und -Decken</LA><LA Size="normal">Schienen</LA><LA Size="normal">Spezialkatheter und -kanülen</LA><LA Size="normal">Venendruckmesser</LA><LA Size="normal">Wassermatratzen,</LA></DD><DT>5.</DT><DD Font="normal"><LA Size="normal">sonstige Gebrauchsgüter des Wirtschafts- und Verwaltungsbedarfs wie</LA><LA Size="normal">Bild-, Ton- und Datenträger</LA><LA Size="normal">elektrische Küchenmesser, Dosenöffner und Quirle</LA><LA Size="normal">Warmhaltekannen.</LA></DD></DL>Das gilt nicht, soweit diese Güter nach § 2 Nr. 3 Satz 2 als Verbrauchsgüter gelten.</P><P><DL Font="normal" Type="arabic"><DT/><DD Font="normal"><LA Size="normal"><DL Font="normal" Type="arabic"><DT/><DD Font="normal"><LA Size="normal"><B>Verzeichnis II</B></LA></DD></DL></LA></DD></DL>Anlagegüter im Sinne von § 3 Abs. 2 Satz 1 Nr. 2 sind zum Beispiel <DL Font="normal" Type="arabic"><DT>1.</DT><DD Font="normal"><LA Size="normal">Einrichtungs- und Ausstattungsgegenstände wie</LA><LA Size="normal">Fahrzeuge</LA><LA Size="normal">Geräte, Apparate, Maschinen</LA><LA Size="normal">Instrumente</LA><LA Size="normal">Lampen</LA><LA Size="normal">Mobiliar</LA><LA Size="normal">Werkzeug,</LA></DD><DT>2.</DT><DD Font="normal"><LA Size="normal">sonstige Einrichtungs- und Ausstattungsgegenstände des medizinischen Bedarfs wie</LA><LA Size="normal">Extensionsbügel</LA><LA Size="normal">Gehgestelle</LA><LA Size="normal">Lehrmodelle</LA><LA Size="normal">Röntgenfilm-Kassetten,</LA></DD><DT>3.</DT><DD Font="normal"><LA Size="normal">sonstige Einrichtungs- und Ausstattungsgegenstände des Wirtschafts- und Verwaltungsbedarfs wie</LA><LA Size="normal">Bildtafeln</LA><LA Size="normal">Bücher</LA><LA Size="normal">Datenverarbeitungsanlagen</LA><LA Size="normal">Fernsehantennen</LA><LA Size="normal">Fernsprechapparate</LA><LA Size="normal">Kochtöpfe</LA><LA Size="normal">Küchenbleche</LA><LA Size="normal">Lautsprecher</LA><LA Size="normal">Projektionswände.</LA></DD></DL>Das gilt nicht, soweit diese Güter nach § 2 Nr. 3 Satz 2 als Verbrauchsgüter gelten.</P><P><DL Font="normal" Type="arabic"><DT/><DD Font="normal"><LA Size="normal"><DL Font="normal" Type="arabic"><DT/><DD Font="normal"><LA Size="normal"><B>Verzeichnis III</B></LA></DD></DL></LA></DD></DL>Im Sinne der Vorschrift des § 4 Nr. 2 über die Abgrenzung der Instandhaltungskosten sind <DL Font="normal" Type="arabic"><DT>1.</DT><DD Font="normal"><LA Size="normal"><SP>bauliche Einheiten</SP> zum Beispiel</LA><LA Size="normal">Dach</LA><LA Size="normal">Fassade</LA><LA Size="normal">Geschoß</LA><LA Size="normal">Treppenhaus,</LA></DD><DT>2.</DT><DD Font="normal"><LA Size="normal"><SP>Gebäudeteile</SP> zum Beispiel</LA><LA Size="normal">Anstrich</LA><LA Size="normal">Blitzschutzanlage</LA><LA Size="normal">Beton- und Steinverkleidungen</LA><LA Size="normal">Bodenbeläge</LA><LA Size="normal">Einbaumöbel</LA><LA Size="normal">Estrich</LA><LA Size="normal">Fenster</LA><LA Size="normal">Fliesen</LA><LA Size="normal">Güter des Rohbaus wie Maurer- und Zimmerarbeiten</LA><LA Size="normal">Rolläden</LA><LA Size="normal">Tapeten</LA><LA Size="normal">Türen,</LA></DD><DT>3.</DT><DD Font="normal"><LA Size="normal"><SP>betriebstechnische Anlagen und Einbauten</SP> zum Beispiel</LA><LA Size="normal">Belüftungs-, Entlüftungs- und Klimaanlagen</LA><LA Size="normal">Druckluft-, Vakuum- und Sauerstoffanlagen</LA><LA Size="normal">Fernsprechvermittlungsstellen</LA><LA Size="normal">Behälterförderanlagen</LA><LA Size="normal">Gasversorgungsanlagen</LA><LA Size="normal">Heizungsanlagen</LA><LA Size="normal">Sanitäre Installation</LA><LA Size="normal">Schwachstromanlagen</LA><LA Size="normal">Starkstromanlagen</LA><LA Size="normal">Warmwasserversorgungsanlagen,</LA></DD><DT>4.</DT><DD Font="normal"><LA Size="normal"><SP>Außenanlagen</SP> zum Beispiel</LA><LA Size="normal">Einfriedungen</LA><LA Size="normal">Grünanlagen</LA><LA Size="normal">Straßen-, Wege- und Platzbefestigungen</LA><LA Size="normal">Versorgungs- und Entsorgungsanlagen.</LA></DD></DL></P></Content></text></textdaten></norm>
</dokumente>