<?xml version="1.0" encoding="UTF-8" ?><!DOCTYPE dokumente SYSTEM "http://www.gesetze-im-internet.de/dtd/1.01/gii-norm.dtd">
<dokumente builddate="20120625152835" doknr="BJNR127820008"><norm builddate="20120625152835" doknr="BJNR127820008"><metadaten><jurabk>SkAufV EST</jurabk><ausfertigung-datum manuell="ja">2008-11-12</ausfertigung-datum><fundstelle typ="amtlich"><periodikum>BGBl II</periodikum><zitstelle>2008, 1278</zitstelle></fundstelle><kurzue>Verordnung zum deutsch-estnischen Streitkräfteaufenthaltsabkommen</kurzue><langue>Verordnung zu dem Abkommen vom 21. November 2007 zwischen der Regierung der Bundesrepublik Deutschland und der Regierung der Republik Estland über den vorübergehenden Aufenthalt von Mitgliedern der Streitkräfte der Bundesrepublik Deutschland und der Streitkräfte der Republik Estland auf dem Gebiet des jeweils anderen Staats</langue></metadaten><textdaten><fussnoten><Content><P>In Kraft gem. Bek. v. 5.2.2009 II 204 mWv 15.12.2008</P></Content></fussnoten></textdaten></norm>
</dokumente>