<?xml version="1.0" encoding="UTF-8" ?><!DOCTYPE dokumente SYSTEM "http://www.gesetze-im-internet.de/dtd/1.01/gii-norm.dtd">
<dokumente builddate="20120625150926" doknr="BJNR060320009"><norm builddate="20120625150926" doknr="BJNR060320009"><metadaten><jurabk>KiSchMaßnÜbk Haag</jurabk><ausfertigung-datum manuell="ja">1996-10-19</ausfertigung-datum><fundstelle typ="amtlich"><periodikum>BGBl II</periodikum><zitstelle>2009, 602, 603</zitstelle></fundstelle><langue>Übereinkommen über die Zuständigkeit, das anzuwendende Recht, die Anerkennung, Vollstreckung und Zusammenarbeit auf dem Gebiet der elterlichen Verantwortung und der Maßnahmen zum Schutz von Kindern</langue></metadaten><textdaten><fussnoten><Content><P>G v. 25.6.2009 II 602 <BR/> <BR/>In Kraft gem. Bek. v. 7.12.2010 II 1527 mWv 1.1.2011</P></Content></fussnoten></textdaten></norm>
</dokumente>