<?xml version="1.0" encoding="UTF-8" ?><!DOCTYPE dokumente SYSTEM "http://www.gesetze-im-internet.de/dtd/1.01/gii-norm.dtd">
<dokumente builddate="20230127213011" doknr="BJNR008340959"><norm builddate="20230127213011" doknr="BJNR008340959"><metadaten><jurabk>KapErhStG</jurabk><ausfertigung-datum manuell="ja">1959-12-30</ausfertigung-datum><fundstelle typ="amtlich"><periodikum>BGBl I</periodikum><zitstelle>1959, 834</zitstelle></fundstelle><fundstelle typ="amtlich"><periodikum>BStBl I</periodikum><zitstelle>1960, 14</zitstelle></fundstelle><langue>Gesetz über steuerrechtliche Maßnahmen bei Erhöhung des Nennkapitals aus
Gesellschaftsmitteln</langue><standangabe checked="ja"><standtyp>Neuf</standtyp><standkommentar>Neugefasst durch Bek. v. 10.10.1967 I 977;</standkommentar></standangabe><standangabe checked="ja"><standtyp>Stand</standtyp><standkommentar>zuletzt geändert durch Art. 38 G v. 16.12.2022 I 2294</standkommentar></standangabe></metadaten><textdaten><fussnoten><Content><P><BR/> <pre xml:space="preserve">(+++ Textnachweis Geltung ab: 1.1.1977 +++)<BR/><BR/></pre>Überschrift: IdF d. Art. 4 Abs. 1 Nr. 1 G v. 22.12.1983 I 1592 mWv 29.12.1983</P></Content></fussnoten></textdaten></norm>
<norm builddate="20230127213011" doknr="BJNR008340959BJNE000100303"><metadaten><jurabk>KapErhStG</jurabk><enbez>§ 1</enbez><titel format="parat">Steuern vom Einkommen und Ertrag der Anteilseigner</titel></metadaten><textdaten><text format="XML"><Content><P>Erhöht eine Kapitalgesellschaft im Sinne des § 1 Abs. 1 Nr. 1 des Körperschaftsteuergesetzes ihr Nennkapital durch Umwandlung von Rücklagen in Nennkapital, so gehört der Wert der neuen Anteilsrechte bei den Anteilseignern nicht zu den Einkünften im Sinne des § 2 Abs. 1 des Einkommensteuergesetzes.</P></Content></text><fussnoten/></textdaten></norm>
<norm builddate="20230127213011" doknr="BJNR008340959BJNE000200303"><metadaten><jurabk>KapErhStG</jurabk><enbez>§ 2</enbez></metadaten><textdaten><text format="XML"><Content><P>-</P></Content></text><fussnoten/></textdaten></norm>
<norm builddate="20230127213011" doknr="BJNR008340959BJNE000301301"><metadaten><jurabk>KapErhStG</jurabk><enbez>§ 3</enbez><titel format="parat">Anschaffungskosten nach Kapitalerhöhung</titel></metadaten><textdaten><text format="XML"><Content><P>Als Anschaffungskosten der vor der Erhöhung des Nennkapitals erworbenen Anteilsrechte und der auf sie entfallenen neuen Anteilsrechte gelten die Beträge, die sich für die einzelnen Anteilsrechte ergeben, wenn die Anschaffungskosten der vor der Erhöhung des Nennkapitals erworbenen Anteilsrechte auf diese und auf die auf sie entfallenen neuen Anteilsrechte nach dem Verhältnis der Anteile am Nennkapital verteilt werden.</P></Content></text><fussnoten/></textdaten></norm>
<norm builddate="20230127213011" doknr="BJNR008340959BJNE000400303"><metadaten><jurabk>KapErhStG</jurabk><enbez>§ 4</enbez><titel format="parat">Mitteilung der Erhöhung des Nennkapitals an das Finanzamt</titel></metadaten><textdaten><text format="XML"><Content><P>Die Kapitalgesellschaft hat die Erhöhung des Nennkapitals innerhalb von zwei Wochen nach der Eintragung des Beschlusses über die Erhöhung des Nennkapitals in das Handelsregister dem Finanzamt mitzuteilen und eine Abschrift des Beschlusses über die Erhöhung des Nennkapitals einzureichen.</P></Content></text><fussnoten/></textdaten></norm>
<norm builddate="20230127213011" doknr="BJNR008340959BJNE000501301"><metadaten><jurabk>KapErhStG</jurabk><enbez>§ 5</enbez></metadaten><textdaten><text format="XML"><Content><P>(weggefallen)</P></Content></text><fussnoten/></textdaten></norm>
<norm builddate="20230127213011" doknr="BJNR008340959BJNE000602301"><metadaten><jurabk>KapErhStG</jurabk><enbez>§ 6</enbez></metadaten><textdaten><text format="XML"><Content><P>(weggefallen)</P></Content></text><fussnoten/></textdaten></norm>
<norm builddate="20230127213011" doknr="BJNR008340959BJNE000703123"><metadaten><jurabk>KapErhStG</jurabk><enbez>§ 7</enbez><titel format="XML">Anteilsrechte an ausländischen Gesellschaften</titel></metadaten><textdaten><text format="XML"><Content><P>(1) § 1 ist auf den Wert neuer Anteilsrechte an ausländischen Gesellschaften anzuwenden, wenn <DL Font="normal" Type="arabic"><DT>1.</DT><DD Font="normal"><LA Size="normal">die ausländische Gesellschaft einer Aktiengesellschaft, einer Kommanditgesellschaft auf Aktien oder einer Gesellschaft mit beschränkter Haftung vergleichbar ist,</LA></DD><DT>2.</DT><DD Font="normal"><LA Size="normal">die neuen Anteilsrechte auf Maßnahmen beruhen, die eine Kapitalerhöhung aus Gesellschaftsmitteln nach den Vorschriften der §§ 207 bis 220 des Aktiengesetzes oder nach den Vorschriften des Gesetzes über die Kapitalerhöhung aus Gesellschaftsmitteln und über die Gewinn- und Verlustrechnung vom 23. Dezember 1959 (Bundesgesetzbl. I S. 789), <I>zuletzt geändert durch das Einführungsgesetz zum Strafgesetzbuch vom 2. März 1974 (Bundesgesetzbl. I S. 469),</I> entsprechen und</LA></DD><DT>3.</DT><DD Font="normal"><LA Size="normal">die neuen Anteilsrechte wirtschaftlich den Anteilsrechten entsprechen, die nach den in Nummer 2 bezeichneten Vorschriften ausgegeben werden.</LA></DD></DL>Der Erwerber der Anteilsrechte oder die ausländische Gesellschaft haben nachzuweisen, daß die Voraussetzungen der Nummern 1 bis 3 erfüllt sind. Zuständig für die Prüfung nach den Sätzen 1 und 2 ist die Finanzbehörde, die im Zeitpunkt der Antragstellung nach § 20 der Abgabenordnung für die Besteuerung der ausländischen Gesellschaft nach dem Einkommen örtlich zuständig ist. Ist im Zeitpunkt der Antragstellung nach § 20 der Abgabenordnung keine Finanzbehörde zuständig, ist das Bundeszentralamt für Steuern zuständig.</P><P>(2) (weggefallen)</P></Content></text><fussnoten/></textdaten></norm>
<norm builddate="20230127213011" doknr="BJNR008340959BJNE000802306"><metadaten><jurabk>KapErhStG</jurabk><enbez>§ 8</enbez></metadaten><textdaten><text format="XML"><Content><P>-</P></Content></text><fussnoten/></textdaten></norm>
<norm builddate="20230127213011" doknr="BJNR008340959BJNE000903123"><metadaten><jurabk>KapErhStG</jurabk><enbez>§ 8a</enbez><titel format="XML">Schlußvorschriften</titel></metadaten><textdaten><text format="XML"><Content><P>(1) Dieses Gesetz ist erstmals auf Kapitalerhöhungen anzuwenden, die in einem nach dem 31. Dezember 1976 abgelaufenen Wirtschaftsjahr der Kapitalgesellschaft wirksam werden. Ist eine Kapitalerhöhung in einem früheren Wirtschaftsjahr wirksam geworden, so treten in den Fällen der §§ 6 und 7 Abs. 2 des Gesetzes in der Fassung der Bekanntmachung vom 10. Oktober 1967 (Bundesgesetzbl. I S. 977) die in diesen Vorschriften bezeichneten Rechtsfolgen ein.</P><P>(2) Die §§ 5 und 6 sind letztmals auf die Rückzahlung von Nennkapital anzuwenden, wenn das Nennkapital in dem letzten Wirtschaftsjahr erhöht worden ist, in dem bei der Kapitalgesellschaft das Körperschaftsteuergesetz in der Fassung der Bekanntmachung vom 22. April 1999 (BGBl. I S. 817), das zuletzt durch Artikel 4 des Gesetzes vom 14. Juli 2000 (BGBl. I S. 1034) geändert worden ist, anzuwenden ist, soweit dafür eine Rücklage als verwendet gilt, die aus Gewinnen eines vor dem 1. Januar 1977 abgelaufenen Wirtschaftsjahrs gebildet worden ist.</P><P>(3) § 7 Absatz 2 ist letztmals auf die Rückzahlung von Nennkapital anzuwenden, wenn die Rückzahlung vor dem 1. Januar 2023 erfolgt ist.</P></Content></text><fussnoten/></textdaten></norm>
<norm builddate="20230127213011" doknr="BJNR008340959BJNE001001123"><metadaten><jurabk>KapErhStG</jurabk><enbez>§ 9</enbez><titel format="XML">(weggefallen)</titel></metadaten><textdaten><text format="XML"><Content/></text><fussnoten/></textdaten></norm>
<norm builddate="20230127213011" doknr="BJNR008340959BJNE001102306"><metadaten><jurabk>KapErhStG</jurabk><enbez>§ 10</enbez><titel format="parat">Anwendungszeitraum</titel></metadaten><textdaten><text format="XML"><Content><P>Die vorstehende Fassung dieses Gesetzes ist erstmals ab 1. Januar 1984 anzuwenden. Auf Aktien, die vor dem 1. Januar 1984 an Arbeitnehmer überlassen worden sind, ist § 8 Abs. 1 dieses Gesetzes in der vor dem 1. Januar 1984 jeweils geltenden Fassung weiter anzuwenden.</P></Content></text><fussnoten/></textdaten></norm>
<norm builddate="20230127213011" doknr="BJNR008340959BJNE001200306"><metadaten><jurabk>KapErhStG</jurabk><enbez>§ 11</enbez><titel format="parat">Inkrafttreten</titel></metadaten><textdaten><text format="XML"><Content><P>Dieses Gesetz tritt am Tage nach seiner Verkündung in Kraft.</P></Content></text><fussnoten/></textdaten></norm>
</dokumente>