<?xml version="1.0" encoding="UTF-8" ?><!DOCTYPE dokumente SYSTEM "http://www.gesetze-im-internet.de/dtd/1.01/gii-norm.dtd">
<dokumente builddate="20120808043345" doknr="BJNR009460972"><norm builddate="20120808043345" doknr="BJNR009460972"><metadaten><jurabk>AufgÜbertrV OFD Düsseld</jurabk><ausfertigung-datum manuell="ja">1972-06-21</ausfertigung-datum><fundstelle typ="amtlich"><periodikum>BGBl I</periodikum><zitstelle>1972, 946</zitstelle></fundstelle><langue>Verordnung zur Übertragung von Aufgaben der Oberfinanzdirektion
Düsseldorf</langue></metadaten><textdaten><text format="XML"><Content><P/></Content></text><fussnoten><Content><P>(+++ Textnachweis ab:  1. 7.1972 +++)</P></Content></fussnoten></textdaten></norm>
<norm builddate="20120808043345" doknr="BJNR009460972BJNE000100311"><metadaten><jurabk>AufgÜbertrV OFD Düsseld</jurabk><enbez>Eingangsformel</enbez></metadaten><textdaten><text format="XML"><Content><P>Auf Grund des § 8 Abs. 3 des Finanzverwaltungsgesetzes in der Fassung des Artikels 5 des Finanzanpassungsgesetzes vom 30. August 1971 (Bundesgesetzbl. I S. 1426) wird verordnet:</P></Content></text></textdaten></norm>
<norm builddate="20120808043345" doknr="BJNR009460972BJNE000200311"><metadaten><jurabk>AufgÜbertrV OFD Düsseld</jurabk><enbez>§ 1</enbez></metadaten><textdaten><text format="XML"><Content><P>Die Aufgaben der Bundesvermögensabteilung der Oberfinanzdirektion Düsseldorf werden auf die Bundesvermögensabteilung der Oberfinanzdirektion Köln übertragen. Sitz und Bezirk der örtlichen Behörden ändern sich hierdurch nicht.</P></Content></text></textdaten></norm>
<norm builddate="20120808043345" doknr="BJNR009460972BJNE000300311"><metadaten><jurabk>AufgÜbertrV OFD Düsseld</jurabk><enbez>§ 2</enbez></metadaten><textdaten><text format="XML"><Content><P>Diese Verordnung gilt nach Maßgabe des § 14 des Dritten Überleitungsgesetzes vom 4. Januar 1952 (Bundesgesetzbl. I S. 1) in Verbindung mit § 23 des Finanzverwaltungsgesetzes auch im Land Berlin.</P></Content></text></textdaten></norm>
<norm builddate="20120808043345" doknr="BJNR009460972BJNE000400311"><metadaten><jurabk>AufgÜbertrV OFD Düsseld</jurabk><enbez>§ 3</enbez></metadaten><textdaten><text format="XML"><Content><P>Diese Verordnung tritt am 1. Juli 1972 in Kraft.</P></Content></text></textdaten></norm>
<norm builddate="20120808043345" doknr="BJNR009460972BJNE000500311"><metadaten><jurabk>AufgÜbertrV OFD Düsseld</jurabk><enbez>Schlußformel</enbez></metadaten><textdaten><text format="XML"><Content><P><SP>Der Bundesminister für Wirtschaft und Finanzen</SP></P></Content></text></textdaten></norm>
</dokumente>