<?xml version="1.0" encoding="UTF-8" ?><!DOCTYPE dokumente SYSTEM "http://www.gesetze-im-internet.de/dtd/1.01/gii-norm.dtd">
<dokumente builddate="20120625150548" doknr="BJNR113690983"><norm builddate="20120625150548" doknr="BJNR113690983"><metadaten><jurabk>WZG§35BRBBek 1983</jurabk><ausfertigung-datum manuell="ja">1983-11-02</ausfertigung-datum><fundstelle typ="amtlich"><periodikum>BGBl I</periodikum><zitstelle>1983, 1369</zitstelle></fundstelle><langue>Bekanntmachung zu § 35 des Warenzeichengesetzes</langue></metadaten><textdaten><text format="XML"><Content><P/></Content></text><fussnoten><Content><P>(+++ Textnachweis ab: 15.11.1983 +++)</P></Content></fussnoten></textdaten></norm>
<norm builddate="20120625150548" doknr="BJNR113690983BJNE000100307"><metadaten><jurabk>WZG§35BRBBek 1983</jurabk><enbez>(XXXX)</enbez></metadaten><textdaten><text format="XML"><Content><P>Auf Grund des § 35 Abs. 3 Satz 2 des Warenzeichengesetzes in der Fassung der Bekanntmachung vom 2. Januar 1968 (BGBl. I S. 1, 29) wird gemäß einer Erklärung des Außenministeriums von Barbados bekanntgemacht: <BR/>Deutsche Staatsangehörige, die ein Warenzeichen in Barbados anmelden, brauchen nicht den Nachweis zu erbringen, daß sie für das Zeichen in dem Staat, in dem sich ihre Niederlassung befindet, den Markenschutz nachgesucht und erhalten haben.</P></Content></text></textdaten></norm>
<norm builddate="20120625150548" doknr="BJNR113690983BJNE000200307"><metadaten><jurabk>WZG§35BRBBek 1983</jurabk><enbez>Schlussformel</enbez></metadaten><textdaten><text format="XML"><Content><P>Der Bundesminister der Justiz</P></Content></text></textdaten></norm>
</dokumente>