<?xml version="1.0" encoding="UTF-8" ?><!DOCTYPE dokumente SYSTEM "http://www.gesetze-im-internet.de/dtd/1.01/gii-norm.dtd">
<dokumente builddate="20251201215002" doknr="BJNR181800020"><norm builddate="20251201215002" doknr="BJNR181800020"><metadaten><jurabk>KohleAusG</jurabk><ausfertigung-datum manuell="ja">2020-08-08</ausfertigung-datum><fundstelle typ="amtlich"><periodikum>BGBl I</periodikum><zitstelle>2020, 1818</zitstelle></fundstelle><kurzue>Kohleausstiegsgesetz</kurzue><langue>Gesetz zur Reduzierung und zur Beendigung der Kohleverstromung und zur Änderung weiterer Gesetze</langue><standangabe checked="ja"><standtyp>Stand</standtyp><standkommentar>Zuletzt geändert durch Art. 3 G v. 25.11.2025 I Nr. 283</standkommentar></standangabe></metadaten><textdaten><fussnoten><Content><P><BR/> <pre xml:space="preserve">(+++ Textnachweis ab: 14.8.2020 +++)<BR/> <BR/>Art. 1:                             KVBG 754-31<BR/>Art. 2 bis 9:                       Änderungsvorschriften<BR/>Art. 7 Nr. 6 Buchst. a DBuchst. bb: Aufgeh. durch Art. 23 Nr. 1 Buchst. a<BR/>                                    G v. 21.12.2020 I 3138<BR/>Art. 7 Nr. 28:                      Aufgeh. durch Art. 23 Nr. 1 Buchst. b<BR/>                                    G v. 21.12.2020 I 3138<BR/>Art. 10:                            Beihilferechtlicher Vorbehalt<BR/>Art. 11:                            Inkrafttreten<BR/>Art. 11 Abs. 3:                     Aufgeh. durch Art. 23 Nr. 2 <BR/>                                    G v. 21.12.2020 I 3138<BR/> <BR/>(+++ EU-Vollzitate: vgl. Liste EU-Rechtsakte G v. 25.11.2025 I Nr. 283 +++)</pre></P></Content></fussnoten></textdaten></norm>
<norm builddate="20251201215002" doknr="BJNR181800020BJNE000100000"><metadaten><jurabk>KohleAusG</jurabk><enbez>Eingangsformel</enbez></metadaten><textdaten><text format="XML"><Content><P>Der Bundestag hat das folgende Gesetz beschlossen:</P></Content></text></textdaten></norm>
<norm builddate="20251201215002" doknr="BJNR181800020BJNE000200000"><metadaten><jurabk>KohleAusG</jurabk><enbez>Inhaltsübersicht</enbez></metadaten><textdaten><text format="XML"><Content><TOC><table colsep="0" frame="none" pgwide="1" rowsep="0" tocentry="%yes;"><tgroup align="left" char="" charoff="50" cols="2"><colspec colname="col1" colwidth="14*"/><colspec colname="col2" colwidth="66*"/><tbody valign="top"><row><entry VJ="1" colname="col1">Artikel  1</entry><entry VJ="1" colname="col2">Gesetz zur Reduzierung und zur Beendigung der Kohleverstromung (Kohleverstromungsbeendigungsgesetz – KVBG)</entry></row><row><entry VJ="1" colname="col1">Artikel  2</entry><entry VJ="1" colname="col2">Änderung des Treibhausgas-Emissionshandelsgesetzes</entry></row><row><entry VJ="1" colname="col1">Artikel  3</entry><entry VJ="1" colname="col2">Änderung des Einkommensteuergesetzes</entry></row><row><entry VJ="1" colname="col1">Artikel  4</entry><entry VJ="1" colname="col2">Änderung des Energiewirtschaftsgesetzes</entry></row><row><entry VJ="1" colname="col1">Artikel  5</entry><entry VJ="1" colname="col2">Änderung der Kraft-Wärme-Kopplungsgesetz-Gebührenverordnung</entry></row><row><entry VJ="1" colname="col1">Artikel  6</entry><entry VJ="1" colname="col2">Änderung des Erneuerbare-Energien-Gesetzes</entry></row><row><entry VJ="1" colname="col1">Artikel  7</entry><entry VJ="1" colname="col2">Änderung des Kraft-Wärme-Kopplungsgesetzes</entry></row><row><entry VJ="1" colname="col1">Artikel  8</entry><entry VJ="1" colname="col2">Änderung der KWK-Ausschreibungsverordnung</entry></row><row><entry VJ="1" colname="col1">Artikel  9</entry><entry VJ="1" colname="col2">Änderung des Sechsten Buches Sozialgesetzbuch</entry></row><row><entry VJ="1" colname="col1">Artikel 10</entry><entry VJ="1" colname="col2">Beihilferechtlicher Vorbehalt</entry></row><row><entry VJ="1" colname="col1">Artikel 11</entry><entry VJ="1" colname="col2">Inkrafttreten</entry></row></tbody></tgroup></table></TOC></Content></text></textdaten></norm>
<norm builddate="20251201215002" doknr="BJNR181800020BJNE000300000"><metadaten><jurabk>KohleAusG</jurabk><enbez>Art 1</enbez><titel format="XML">Gesetz zur Reduzierung und zur Beendigung der Kohleverstromung (Kohleverstromungsbeendigungsgesetz - KVBG)</titel></metadaten><textdaten><text format="XML"><Content><P/></Content></text><fussnoten/></textdaten></norm>
<norm builddate="20251201215002" doknr="BJNR181800020BJNE000400000"><metadaten><jurabk>KohleAusG</jurabk><enbez>(XXXX) Art 2 bis 9</enbez><titel format="XML">Änderungsvorschriften</titel></metadaten><textdaten><text format="XML"><Content><P/></Content></text><fussnoten/></textdaten></norm>
<norm builddate="20251201215002" doknr="BJNR181800020BJNE000503128"><metadaten><jurabk>KohleAusG</jurabk><enbez>Art 10</enbez><titel format="XML">Beihilferechtlicher Vorbehalt</titel></metadaten><textdaten><text format="XML"><Content><P>Die Regelungen zur Entschädigung für die Stilllegung von Braunkohleanlagen nach den §§ 44 und 45 des Kohleverstromungsbeendigungsgesetzes vom 8. August 2020 (BGBl. I S. 1818), das zuletzt durch Artikel 2 des Gesetzes vom 25. November 2025 (BGBl. 2025 I Nr. 283) geändert worden ist, sowie die Regelungen zur Vergütung der Zeitlich gestreckten Stilllegung nach § 50 Absatz 1 Satz 2 des Kohleverstromungsbeendigungsgesetzes dürfen erst angewendet werden, wenn und soweit eine beihilferechtliche Genehmigung durch die Europäische Kommission vorliegt oder wenn und soweit die Europäische Kommission mitgeteilt hat, dass die beihilferechtliche Prüfung auf andere Weise zum Abschluss gebracht werden kann. Im Fall einer Genehmigung nach Satz 1 dürfen die in Satz 1 genannten Regelungen nur nach Maßgabe und für die Dauer der jeweiligen Genehmigung angewendet werden. Das Bundesministerium für Wirtschaft und Energie macht den Tag der Bekanntgabe der beihilferechtlichen Genehmigung jeweils im Bundesanzeiger bekannt.</P></Content></text><fussnoten/></textdaten></norm>
<norm builddate="20251201215002" doknr="BJNR181800020BJNE000600000"><metadaten><jurabk>KohleAusG</jurabk><enbez>Art 11</enbez><titel format="XML">Inkrafttreten</titel></metadaten><textdaten><text format="XML"><Content><P>(1) Dieses Gesetz tritt vorbehaltlich der Absätze 2 und 3 am Tag nach der Verkündung in Kraft.</P><P>(2) Abweichend von Absatz 1 tritt Artikel 4 Nummer 5 Buchstabe a und c und Nummer 8 am 1. Januar 2021 in Kraft.</P><P>(3) Abweichend von Absatz 1 tritt Artikel 7 Nummer 6 Buchstabe a Doppelbuchstabe bb und Nummer 28 zum 1. Januar 2023 in Kraft.</P></Content></text></textdaten></norm>
</dokumente>