<?xml version="1.0" encoding="UTF-8" ?><!DOCTYPE dokumente SYSTEM "http://www.gesetze-im-internet.de/dtd/1.01/gii-norm.dtd">
<dokumente builddate="20120625154222" doknr="BJNR075520996"><norm builddate="20120625154222" doknr="BJNR075520996"><metadaten><jurabk>EuHSchulBeschl 8/93</jurabk><ausfertigung-datum manuell="ja">1993-12-02</ausfertigung-datum><fundstelle typ="amtlich"><periodikum>BGBl II</periodikum><zitstelle>1996, 755</zitstelle></fundstelle><langue>Beschluß Nr. 8/93
des Obersten Rates vom 2. Dezember 1993 zur Änderung
des Artikels 37 der Gemeinsamen Vorschriften für das
Lehrpersonal und das Verwaltungspersonal des
Europäischen Hochschulinstituts</langue></metadaten><textdaten><text format="decorated"/><fussnoten><Content><P>G v. 2.5.1996 II 754 <BR/>In Kraft gem. Bek. v. 7.6.1996 II 7110 mWv 21.6.1996</P></Content></fussnoten></textdaten></norm>
</dokumente>