<?xml version="1.0" encoding="UTF-8" ?><!DOCTYPE dokumente SYSTEM "http://www.gesetze-im-internet.de/dtd/1.01/gii-norm.dtd">
<dokumente builddate="20220420213003" doknr="BJNR032100996"><norm builddate="20220420213003" doknr="BJNR032100996"><metadaten><jurabk>BwEhrZErlÄndErl 96</jurabk><ausfertigung-datum manuell="ja">1996-02-19</ausfertigung-datum><fundstelle typ="amtlich"><periodikum>BGBl I</periodikum><zitstelle>1996, 321</zitstelle></fundstelle><langue>Erlaß über die Genehmigung einer Änderung des Erlasses
über die Stiftung des Ehrenzeichens der Bundeswehr</langue></metadaten><textdaten><text format="XML"><Content><P/></Content></text><fussnoten><Content><P><BR/> <pre xml:space="preserve">(+++ Textnachweis ab: 1.3.1996 +++)<BR/><BR/></pre></P></Content></fussnoten></textdaten></norm>
<norm builddate="20220420213003" doknr="BJNR032100996BJNE000100310"><metadaten><jurabk>BwEhrZErlÄndErl 96</jurabk><enbez>(XXXX)</enbez></metadaten><textdaten><text format="XML"><Content><P>Der Bundesminister der Verteidigung hat am 29. Januar 1996 den Erlaß vom 6. November 1980, geändert am 18. Februar 1991, über die Stiftung des Ehrenzeichens der Bundeswehr geändert. Danach kann die Ehrenmedaille der Bundeswehr für treue Pflichterfüllung und überdurchschnittliche Leistungen nach einer Dienstzeit von sieben Monaten verliehen werden. <BR/>Nach Artikel 4 des Sechsten Erlasses über die Genehmigung der Stiftung und Verleihung von Orden und Ehrenzeichen vom 29. Oktober 1980 (BGBl. I S. 2053) genehmige ich diese Änderung. <BR/>Der Bundesminister der Verteidigung veröffentlicht den Erlaß zur Änderung des Erlasses über die Stiftung des Ehrenzeichens der Bundeswehr im Bundesanzeiger.</P><P> <SP>Der Bundespräsident</SP> <BR/><SP>Der Bundesminister der Verteidigung</SP> <BR/><SP>Der Bundesminister des Innern</SP></P></Content> </text></textdaten></norm>
</dokumente>