<?xml version="1.0" encoding="UTF-8" ?><!DOCTYPE dokumente SYSTEM "http://www.gesetze-im-internet.de/dtd/1.01/gii-norm.dtd">
<dokumente builddate="20150907220047" doknr="BJNR214170973"><norm builddate="20150907220047" doknr="BJNR214170973"><metadaten><jurabk>BinSchEÜbkG</jurabk><ausfertigung-datum manuell="ja">1973-09-11</ausfertigung-datum><fundstelle typ="amtlich"><periodikum>BGBl II</periodikum><zitstelle>1973, 1417</zitstelle></fundstelle><langue>Gesetz zu dem Übereinkommen vom 15. Februar 1966 über die Eichung von
Binnenschiffen</langue><standangabe checked="ja"><standtyp>Stand</standtyp><standkommentar>Zuletzt geändert durch Art. 16 V v. 31.8.2015 I 1474</standkommentar></standangabe></metadaten><textdaten><fussnoten><Content><P><BR/> <pre xml:space="preserve">(+++ Textnachweis ab: 16.9.1973 +++)<BR/><BR/></pre></P></Content></fussnoten></textdaten></norm>
<norm builddate="20150907220047" doknr="BJNR214170973BJNE000100314"><metadaten><jurabk>BinSchEÜbkG</jurabk><enbez>Eingangsformel</enbez></metadaten><textdaten><text format="XML"><Content><P>Der Bundestag hat mit Zustimmung des Bundesrates das folgende Gesetz beschlossen:</P></Content></text></textdaten></norm>
<norm builddate="20150907220047" doknr="BJNR214170973BJNE000200314"><metadaten><jurabk>BinSchEÜbkG</jurabk><enbez>Art 1</enbez></metadaten><textdaten><text format="XML"><Content><P>(1) Dem in Genf am 14. November 1966 von der Bundesrepublik Deutschland unterzeichneten Übereinkommen vom 15. Februar 1966 über die Eichung von Binnenschiffen wird zugestimmt. Das Übereinkommen wird nachstehend veröffentlicht.</P><P>(2) Das Übereinkommen gilt entsprechend Nummer 1 des Unterzeichnungsprotokolls nicht auf Binnenseen, die keine schiffbare Verbindung mit anderen Wasserstraßen haben.</P></Content> </text><fussnoten/></textdaten></norm>
<norm builddate="20150907220047" doknr="BJNR214170973BJNE000303377"><metadaten><jurabk>BinSchEÜbkG</jurabk><enbez>Art 2</enbez></metadaten><textdaten><text format="XML"><Content><P>(1) Das Bundesministerium für Verkehr und digitale Infrastruktur wird ermächtigt, Änderungen der Anlage des Übereinkommens nach dessen Artikel 17, die der Verwirklichung neuer technischer Erkenntnisse hinsichtlich der Eichung von Binnenschiffen im Sinne des Übereinkommens dienen oder das technische oder verwaltungsmäßige Verfahren betreffen, durch Rechtsverordnung mit Zustimmung des Bundesrates in Kraft zu setzen.</P><P>(2) Das Bundesministerium für Verkehr und digitale Infrastruktur wird ermächtigt, die zur Ausführung des Übereinkommens einschließlich seiner Anlage in ihrer jeweiligen Fassung erforderlichen allgemeinen Verwaltungsvorschriften mit Zustimmung des Bundesrates zu erlassen.</P><P>(3) Die Landesregierungen werden ermächtigt, die nach Artikel 2 Abs. 3 und nach Artikel 8 des Übereinkommens zuständigen Stellen für die Schiffseichung (Schiffsvermessung) auf Gewässern, die nicht Bundeswasserstraßen sind, durch Rechtsverordnung zu bestimmen.</P></Content></text><fussnoten/></textdaten></norm>
<norm builddate="20150907220047" doknr="BJNR214170973BJNE000400314"><metadaten><jurabk>BinSchEÜbkG</jurabk><enbez>Art 3</enbez></metadaten><textdaten><text format="XML"><Content><P>Dieses Gesetz gilt auch im Land Berlin, sofern das Land Berlin die Anwendung dieses Gesetzes feststellt. Rechtsverordnungen, die auf Grund dieses Gesetzes erlassen werden, gelten im Land Berlin nach § 14 des Dritten Überleitungsgesetzes vom 4. Januar 1952 (Bundesgesetzbl. I S. 1).</P></Content></text></textdaten></norm>
<norm builddate="20150907220047" doknr="BJNR214170973BJNE000500314"><metadaten><jurabk>BinSchEÜbkG</jurabk><enbez>Art 4</enbez></metadaten><textdaten><text format="XML"><Content><P>(1) Dieses Gesetz tritt am Tage nach seiner Verkündung in Kraft.</P><P>(2) Der Tag, an dem das Übereinkommen nach seinem Artikel 11 für die Bundesrepublik Deutschland in Kraft tritt, ist im Bundesgesetzblatt bekanntzugeben.</P><P>(3)</P><P>(4)</P></Content>   </text><fussnoten/></textdaten></norm>
</dokumente>