<?xml version="1.0" encoding="UTF-8" ?><!DOCTYPE dokumente SYSTEM "http://www.gesetze-im-internet.de/dtd/1.01/gii-norm.dtd">
<dokumente builddate="20130405125757" doknr="BJNR015980984"><norm builddate="20130405125757" doknr="BJNR015980984"><metadaten><jurabk>SchauHV</jurabk><amtabk>SchauHV</amtabk><ausfertigung-datum manuell="ja">1984-12-17</ausfertigung-datum><fundstelle typ="amtlich"><periodikum>BGBl I</periodikum><zitstelle>1984, 1598</zitstelle></fundstelle><kurzue>Schaustellerhaftpflichtverordnung</kurzue><langue>Verordnung über die Haftpflichtversicherung für Schausteller</langue><standangabe checked="ja"><standtyp>Stand</standtyp><standkommentar>Zuletzt geändert durch Art. 3 V v. 9.3.2010 I 264</standkommentar></standangabe></metadaten><textdaten><fussnoten><Content><P><BR/> <pre xml:space="preserve">(+++ Textnachweis ab: 1.1.1985 +++)</pre> <BR/></P></Content></fussnoten></textdaten></norm>
<norm builddate="20130405125757" doknr="BJNR015980984BJNE000100314"><metadaten><jurabk>SchauHV</jurabk><enbez>Eingangsformel</enbez></metadaten><textdaten><text format="XML"><Content><P>Auf Grund des § 55f der Gewerbeordnung in der Fassung der Bekanntmachung vom 1. Januar 1978 (BGBl. I S. 97), der durch Artikel 2 Nr. 16 des Gesetzes vom 25. Juli 1984 (BGBl. I S. 1008) eingefügt worden ist, verordnet der Bundesminister für Wirtschaft mit Zustimmung des Bundesrates:</P></Content></text></textdaten></norm>
<norm builddate="20130405125757" doknr="BJNR015980984BJNE000201377"><metadaten><jurabk>SchauHV</jurabk><enbez>§ 1</enbez><titel format="parat">Versicherungspflicht</titel></metadaten><textdaten><text format="XML"><Content><P>(1) Wer selbständig als Schausteller oder nach Schaustellerart eine nach Absatz 2 versicherungspflichtige Tätigkeit im Reisegewerbe ausübt, hat für sich und die in seinem Gewerbebetrieb beschäftigten Personen eine Haftpflichtversicherung zur Deckung der durch seine oder deren Tätigkeit verursachten Personen- und Sachschäden abzuschließen und für die Dauer seiner Tätigkeit aufrechtzuerhalten.</P><P>(2) Versicherungspflichtig sind: <DL Font="normal" Type="arabic"><DT>1.</DT><DD Font="normal"><LA Size="normal">Schaustellergeschäfte, mit denen Personen befördert oder bewegt werden,</LA></DD> <DT>2.</DT><DD Font="normal"><LA Size="normal">Schießgeschäfte,</LA></DD> <DT>3.</DT><DD Font="normal"><LA Size="normal">Schaufahren mit Kraftfahrzeugen, Steilwandbahnen,</LA></DD> <DT>4.</DT><DD Font="normal"><LA Size="normal">Zirkusse,</LA></DD> <DT>5.</DT><DD Font="normal"><LA Size="normal">Schaustellungen von gefährlichen Tieren,</LA></DD> <DT>6.</DT><DD Font="normal"><LA Size="normal">Reitbetriebe.</LA></DD> </DL> </P><P>(3) Die Mindesthöhe der Versicherungssummen beträgt je Schadenereignis <DL Font="normal" Type="arabic"><DT>1.</DT><DD Font="normal"><LA Size="normal">in den Fällen des Absatzes 2 Nummern 1 und 3 für Personenschäden 1.000.000 Euro und für Sachschäden 150.000 Euro,</LA></DD> <DT>2.</DT><DD Font="normal"><LA Size="normal">in den übrigen Fällen für Personenschäden 500.000 Euro und für Sachschäden 150.000 Euro.</LA></DD> </DL></P></Content> </text><fussnoten/></textdaten></norm>
<norm builddate="20130405125757" doknr="BJNR015980984BJNE000301377"><metadaten><jurabk>SchauHV</jurabk><enbez>§ 2</enbez><titel format="XML">Vorzeigen der Versicherungsunterlagen</titel></metadaten><textdaten><text format="XML"><Content><P>(1) Der Inhaber einer Reisegewerbekarte oder einer Zweitschrift (§ 60c Abs. 2 der Gewerbeordnung) ist verpflichtet, während der Ausübung des Gewerbebetriebs Unterlagen, aus denen sich das Bestehen der nach § 1 erforderlichen Haftpflichtversicherung ergibt, auf Verlangen den Beauftragten der zuständigen Behörde vorzuzeigen.</P><P>(2) Dies gilt auch für Gewerbetreibende aus einem anderen Mitgliedstaat der Europäischen Union oder einem anderen Vertragsstaat des Abkommens über den Europäischen Wirtschaftsraum, die der Versicherungspflicht nach § 1 unterliegen.</P></Content></text><fussnoten/></textdaten></norm>
<norm builddate="20130405125757" doknr="BJNR015980984BJNE000400314"><metadaten><jurabk>SchauHV</jurabk><enbez>§ 3</enbez><titel format="parat">Ordnungswidrigkeiten</titel></metadaten><textdaten><text format="XML"><Content><P>Ordnungswidrig im Sinne des § 145 Abs. 1 Nr. 2 der Gewerbeordnung handelt, wer vorsätzlich oder fahrlässig <DL Font="normal" Type="arabic"><DT>1.</DT><DD Font="normal"><LA Size="normal">entgegen § 1 eine Versicherung nicht oder nicht in der vorgeschriebenen Höhe abschließt oder aufrechterhält,</LA></DD> <DT>2.</DT><DD Font="normal"><LA Size="normal">entgegen § 2 die Versicherungsunterlagen auf Verlangen nicht vorzeigt.</LA></DD> </DL></P></Content></text></textdaten></norm>
<norm builddate="20130405125757" doknr="BJNR015980984BJNE000500314"><metadaten><jurabk>SchauHV</jurabk><enbez>§ 4</enbez><titel format="parat">Berlin-Klausel</titel></metadaten><textdaten><text format="XML"><Content><P>Diese Verordnung gilt nach § 14 des Dritten Überleitungsgesetzes in Verbindung mit § 156 der Gewerbeordnung auch im Land Berlin.</P></Content></text></textdaten></norm>
<norm builddate="20130405125757" doknr="BJNR015980984BJNE000600314"><metadaten><jurabk>SchauHV</jurabk><enbez>§ 5</enbez><titel format="parat">Inkrafttreten</titel></metadaten><textdaten><text format="XML"><Content><P>Diese Verordnung tritt am 1. Januar 1985 in Kraft.</P></Content></text></textdaten></norm>
</dokumente>