<?xml version="1.0" encoding="UTF-8" ?><!DOCTYPE dokumente SYSTEM "http://www.gesetze-im-internet.de/dtd/1.01/gii-norm.dtd">
<dokumente builddate="20231128213544" doknr="BJNR140600994"><norm builddate="20231128213544" doknr="BJNR140600994"><metadaten><jurabk>GleichberG 2</jurabk><amtabk>2. GleiBG</amtabk><ausfertigung-datum manuell="ja">1994-06-24</ausfertigung-datum><fundstelle typ="amtlich"><periodikum>BGBl I</periodikum><zitstelle>1994, 1406 (2103)</zitstelle></fundstelle><kurzue>Zweites Gleichberechtigungsgesetz</kurzue><langue>Gesetz zur Durchsetzung der Gleichberechtigung von Frauen und Männern</langue></metadaten><textdaten><text format="XML"><Content><P/></Content></text><fussnoten><Content><P>(+++ Textnachweis ab:  1. 9.1994 +++) <BR/> <BR/>Art. 1: FFöG 205-1-1 <BR/>Art. 2 bis 9: Änderungsvorschriften <BR/>Art. 10: BSchG 8054-1 <BR/>Art. 11: BGremBG 116-1 <BR/>Art. 12: Übergangsregelung <BR/>Art. 13: Inkrafttreten</P></Content></fussnoten></textdaten></norm>
<norm builddate="20231128213544" doknr="BJNR140600994BJNE000100307"><metadaten><jurabk>GleichberG 2</jurabk><enbez>Art 1</enbez><titel format="parat">Gesetz zur Förderung von Frauen und der Vereinbarkeit
von Familie und Beruf in der Bundesverwaltung und den
Gerichten des Bundes (Frauenfördergesetz - FFG)</titel></metadaten><textdaten><text format="XML"><Content><P>-</P></Content></text><fussnoten/></textdaten></norm>
<norm builddate="20231128213544" doknr="BJNR140600994BJNE000200307"><metadaten><jurabk>GleichberG 2</jurabk><enbez>(XXXX) Art 2 bis Art 9</enbez><titel format="XML">(weggefallen)</titel></metadaten><textdaten><text format="XML"><Content><P>-</P></Content></text><fussnoten/></textdaten></norm>
<norm builddate="20231128213544" doknr="BJNR140600994BJNE000300307"><metadaten><jurabk>GleichberG 2</jurabk><enbez>Art 10</enbez><titel format="parat">Gesetz zum Schutz der Beschäftigten vor sexueller
Belästigung am Arbeitsplatz (Beschäftigtenschutzgesetz)</titel></metadaten><textdaten><text format="XML"><Content><P>-</P></Content></text><fussnoten/></textdaten></norm>
<norm builddate="20231128213544" doknr="BJNR140600994BJNE000400307"><metadaten><jurabk>GleichberG 2</jurabk><enbez>Art 11</enbez><titel format="parat">Gesetz über die Berufung und Entsendung von
Frauen und Männern in Gremien im Einflußbereich des
Bundes (Bundesgremienbesetzungsgesetz - BGremBG)</titel></metadaten><textdaten><text format="XML"><Content><P>-</P></Content></text><fussnoten/></textdaten></norm>
<norm builddate="20231128213544" doknr="BJNR140600994BJNE000500307"><metadaten><jurabk>GleichberG 2</jurabk><enbez>Art 12</enbez><titel format="parat">Übergangsregelung</titel></metadaten><textdaten><text format="XML"><Content><P>Für die Artikel 7 und 8 gilt folgende Übergangsregelung: <DL Font="normal" Type="arabic"><DT>1.</DT><DD Font="normal"><LA Size="normal">In Fällen, in denen der Arbeitgeber vor dem 1. September 1994 gegen das Benachteiligungsverbot des § 611a Abs. 1 des Bürgerlichen Gesetzbuchs verstoßen hat, ist § 61b des Arbeitsgerichtsgesetzes nicht anzuwenden.</LA></DD> <DT>2.</DT><DD Font="normal"><LA Size="normal">Bei der Berechnung der in § 611a Abs. 4 des Bürgerlichen Gesetzbuchs bestimmten Frist bleiben Zeiten vor dem 1. September 1994 außer Betracht.</LA></DD> </DL></P></Content></text></textdaten></norm>
<norm builddate="20231128213544" doknr="BJNR140600994BJNE000600307"><metadaten><jurabk>GleichberG 2</jurabk><enbez>Art 13</enbez><titel format="parat">Inkrafttreten</titel></metadaten><textdaten><text format="XML"><Content><P>Dieses Gesetz tritt am 1. September 1994 in Kraft.</P></Content></text></textdaten></norm>
</dokumente>