<?xml version="1.0" encoding="UTF-8" ?><!DOCTYPE dokumente SYSTEM "http://www.gesetze-im-internet.de/dtd/1.01/gii-norm.dtd">
<dokumente builddate="20120625154715" doknr="BJNR011030957"><norm builddate="20120625154715" doknr="BJNR011030957"><metadaten><jurabk>SteinKAGSaarG</jurabk><ausfertigung-datum manuell="ja">1957-07-27</ausfertigung-datum><fundstelle typ="amtlich"><periodikum>BGBl I</periodikum><zitstelle>1957, 1103</zitstelle></fundstelle><langue>Gesetz über die Einbringung der Steinkohlenbergwerke im Saarland in eine
Aktiengesellschaft</langue></metadaten><textdaten><text format="XML"><Content><P/></Content></text><fussnoten><Content><P>(+++ Textnachweis Geltung ab:  1. 1.1964 +++)</P></Content></fussnoten></textdaten></norm>
<norm builddate="20120625154715" doknr="BJNR011030957BJNE000100314"><metadaten><jurabk>SteinKAGSaarG</jurabk><enbez>§ 1</enbez></metadaten><textdaten><text format="XML"><Content><P>Als neuer Rechtsträger für die Steinkohlenbergwerke im Saarland (Artikel 85 des Vertrags zwischen der Bundesrepublik Deutschland und der Französischen Republik zur Regelung der Saarfrage vom 27. Oktober 1956 - Saarvertrag - Bundesgesetzblatt II S. 1587) ist eine Aktiengesellschaft mit dem Sitz in Saarbrücken (Gesellschaft) zu errichten. Das Saarland ist berechtigt, sich an der Errichtung der Gesellschaft durch Übernahme von Aktien in Höhe von 26 vom Hundert des Grundkapitals zu beteiligen.</P></Content></text></textdaten></norm>
<norm builddate="20120625154715" doknr="BJNR011030957BJNE000200314"><metadaten><jurabk>SteinKAGSaarG</jurabk><enbez>§ 2</enbez></metadaten><textdaten><text format="XML"><Content><P>Die Bundesrepublik Deutschland bringt in die Gesellschaft gegen Gewährung von Aktien sämtliche beweglichen und unbeweglichen Vermögenswerte, Forderungen, Rechte und Interessen aller Art (Gegenstände), die dem Unternehmen &quot;Saarbergwerke&quot; zur Verfügung stehen oder von ihm verwaltet werden, und die im Zeitpunkt der Einbringung keinem anderen Rechtsträger als dem Unternehmen &quot;Saarbergwerke&quot;, der Saargruben-Aktiengesellschaft in Liquidation, dem Saarland oder der Bundesrepublik Deutschland zustehen, mit der Maßgabe ein, daß sämtliche Verpflichtungen des Unternehmens &quot;Saarbergwerke&quot; sowie der Saargruben-Aktiengesellschaft in Liquidation durch die Gesellschaft übernommen werden, abgesehen von den in Artikel 87 Abs. 1 des Saarvertrags von der Übernahme ausgenommenen Lieferverpflichtungen für Kohle.</P></Content></text></textdaten></norm>
<norm builddate="20120625154715" doknr="BJNR011030957BJNE000300314"><metadaten><jurabk>SteinKAGSaarG</jurabk><enbez>§ 3</enbez></metadaten><textdaten><text format="XML"><Content><P>Die gemäß § 2 eingebrachten Gegenstände gehen kraft Gesetzes auf die Gesellschaft im Zeitpunkt ihrer Eintragung in das Handelsregister über. Gleichzeitig gehen die gemäß § 2 übernommenen Verpflichtungen unter Befreiung des bisherigen Schuldners kraft Gesetzes auf die Gesellschaft über. Abgesehen von der Befreiung des bisherigen Schuldners werden die Rechte der Gläubiger, insbesondere ihre Ansprüche gegenüber einem Bürgen sowie ihre Rechte aus einem Pfandrecht, einer Hypothek oder einer sonstigen Sicherheit durch den Schuldübergang nicht berührt; § 418 des Bürgerlichen Gesetzbuchs findet keine Anwendung. Im Zeitpunkt der Eintragung der Gesellschaft in das Handelsregister erlischt das Unternehmen &quot;Saarbergwerke&quot;.</P></Content></text></textdaten></norm>
<norm builddate="20120625154715" doknr="BJNR011030957BJNE000400314"><metadaten><jurabk>SteinKAGSaarG</jurabk><enbez>§ 4</enbez></metadaten><textdaten><text format="XML"><Content><P>Bei einem Antrag auf Berichtigung des Grundbuchs durch Eintragung der Gesellschaft als Eigentümerin eines gemäß § 2 eingebrachten Grundstücks oder als Inhaberin eines gemäß § 2 eingebrachten Rechts genügt zum Nachweis, daß das Grundstück oder das Recht auf Grund des § 2 in die Gesellschaft eingebracht und auf Grund des § 3 auf sie übergegangen ist, eine schriftliche Erklärung der Gesellschaft, die nicht der Form des § 29 der Grundbuchordnung bedarf.</P></Content></text></textdaten></norm>
<norm builddate="20120625154715" doknr="BJNR011030957BJNE000500314"><metadaten><jurabk>SteinKAGSaarG</jurabk><enbez>§ 5</enbez></metadaten><textdaten><text format="XML"><Content><P>Dieses Gesetz gilt nach Maßgabe des § 13 Abs. 1 des Dritten Überleitungsgesetzes vom 4. Januar 1952 (Bundesgesetzbl. I S. 1) auch im Land Berlin.</P></Content></text></textdaten></norm>
<norm builddate="20120625154715" doknr="BJNR011030957BJNE000600314"><metadaten><jurabk>SteinKAGSaarG</jurabk><enbez>§ 6</enbez></metadaten><textdaten><text format="XML"><Content><P>Dieses Gesetz tritt am Tage nach seiner Verkündung in Kraft.</P></Content></text></textdaten></norm>
</dokumente>