<?xml version="1.0" encoding="UTF-8" ?><!DOCTYPE dokumente SYSTEM "http://www.gesetze-im-internet.de/dtd/1.01/gii-norm.dtd">
<dokumente builddate="20120625152754" doknr="BJNR254400999"><norm builddate="20120625152754" doknr="BJNR254400999"><metadaten><jurabk>BLG 2000</jurabk><amtabk>BLG 2000</amtabk><ausfertigung-datum manuell="ja">1999-12-22</ausfertigung-datum><fundstelle typ="amtlich"><periodikum>BGBl I</periodikum><zitstelle>1999, 2534, 2544</zitstelle></fundstelle><kurzue>Beitragsgesetz-Landwirtschaft 2000</kurzue><langue>Gesetz zur Bestimmung der Beträge und Beitragszuschüsse in der
Alterssicherung der Landwirte für 2000</langue></metadaten><textdaten><text format="XML"><Content><P/></Content></text><fussnoten><Content><P>(+++ Textnachweis ab:  1. 1.2000 +++)</P><P><BR/> Das G wurde als Artikel 25 G v. 22.12.1999 I 2534 vom Bundestag beschlossen. Es ist gem. Art. 27 Abs. 1 dieses G mWv 1.1.2000 in Kraft getreten.</P></Content></fussnoten></textdaten></norm>
<norm builddate="20120625152754" doknr="BJNR254400999BJNE000100310"><metadaten><jurabk>BLG 2000</jurabk><enbez>§ 1</enbez><titel format="parat">Beitrag in der Alterssicherung der Landwirte</titel></metadaten><textdaten><text format="XML"><Content><P>(1) Der Beitrag in der Alterssicherung der Landwirte beträgt für das Kalenderjahr 2000 monatlich 342 Deutsche Mark.</P><P>(2) Der Beitrag in der Alterssicherung der Landwirte beträgt für das Beitrittsgebiet für das Kalenderjahr 2000 monatlich 282 Deutsche Mark.</P></Content> </text></textdaten></norm>
<norm builddate="20120625152754" doknr="BJNR254400999BJNE000200310"><metadaten><jurabk>BLG 2000</jurabk><enbez>§ 2</enbez><titel format="parat">Beitragszuschuss in der Alterssicherung der Landwirte</titel></metadaten><textdaten><text format="XML"><Content><P>(1) In der Anlage 1 des Gesetzes über die Alterssicherung der Landwirte wird der monatliche Zuschussbetrag für das Kalenderjahr 2000 wie folgt festgesetzt: <BR/><table frame="none" tocentry="%yes;">
		<tgroup align="left" char="" charoff="50" cols="2" colsep="0" rowsep="0">
			<colspec colname="col1" colnum="1" colwidth="30*"/>
			<colspec colname="col2" colnum="2" colwidth="30*"/>
			<thead valign="bottom">
				<row>
					<entry VJ="1" align="center" colsep="0" valign="top">Einkommensklasse</entry>
					<entry VJ="1" align="center" colsep="0" valign="top">monatlicher Zuschussbetrag</entry>
				</row>
			</thead>
			<tbody valign="top">
				<row>
					<entry VJ="1" align="right" colsep="0" valign="top">bis 16.000 DM</entry>
					<entry VJ="1" align="center" colsep="0" valign="top">205 DM</entry>
				</row>
				<row>
					<entry VJ="1" align="right" colsep="0" valign="top">16.001-17.000 DM</entry>
					<entry VJ="1" align="center" colsep="0" valign="top">192 DM</entry>
				</row>
				<row>
					<entry VJ="1" align="right" colsep="0" valign="top">17.001-18.000 DM</entry>
					<entry VJ="1" align="center" colsep="0" valign="top">178 DM</entry>
				</row>
				<row>
					<entry VJ="1" align="right" colsep="0" valign="top">18.001-19.000 DM</entry>
					<entry VJ="1" align="center" colsep="0" valign="top">164 DM</entry>
				</row>
				<row>
					<entry VJ="1" align="right" colsep="0" valign="top">19.001-20.000 DM</entry>
					<entry VJ="1" align="center" colsep="0" valign="top">150 DM</entry>
				</row>
				<row>
					<entry VJ="1" align="right" colsep="0" valign="top">20.001-21.000 DM</entry>
					<entry VJ="1" align="center" colsep="0" valign="top">137 DM</entry>
				</row>
				<row>
					<entry VJ="1" align="right" colsep="0" valign="top">21.001-22.000 DM</entry>
					<entry VJ="1" align="center" colsep="0" valign="top">123 DM</entry>
				</row>
				<row>
					<entry VJ="1" align="right" colsep="0" valign="top">22.001-23.000 DM</entry>
					<entry VJ="1" align="center" colsep="0" valign="top">109 DM</entry>
				</row>
				<row>
					<entry VJ="1" align="right" colsep="0" valign="top">23.001-24.000 DM</entry>
					<entry VJ="1" align="center" colsep="0" valign="top">96 DM</entry>
				</row>
				<row>
					<entry VJ="1" align="right" colsep="0" valign="top">24.001-25.000 DM</entry>
					<entry VJ="1" align="center" colsep="0" valign="top">82 DM</entry>
				</row>
				<row>
					<entry VJ="1" align="right" colsep="0" valign="top">25.001-26.000 DM</entry>
					<entry VJ="1" align="center" colsep="0" valign="top">68 DM</entry>
				</row>
				<row>
					<entry VJ="1" align="right" colsep="0" valign="top">26.001-27.000 DM</entry>
					<entry VJ="1" align="center" colsep="0" valign="top">55 DM</entry>
				</row>
				<row>
					<entry VJ="1" align="right" colsep="0" valign="top">27.001-28.000 DM</entry>
					<entry VJ="1" align="center" colsep="0" valign="top">41 DM</entry>
				</row>
				<row>
					<entry VJ="1" align="right" colsep="0" valign="top">28.001-29.000 DM</entry>
					<entry VJ="1" align="center" colsep="0" valign="top">27 DM</entry>
				</row>
				<row>
					<entry VJ="1" align="right" colsep="0" valign="top">29.001-30.000 DM</entry>
					<entry VJ="1" align="center" colsep="0" valign="top">14 DM</entry>
				</row>
			</tbody>
		</tgroup>
	</table> <BR/>(2) In Anlage 1 des Gesetzes über die Alterssicherung der Landwirte wird der monatliche Zuschussbetrag für das Beitrittsgebiet für das Kalenderjahr 2000 wie folgt festgesetzt: <BR/><table frame="none" tocentry="%yes;">
	<tgroup align="left" char="" charoff="50" cols="2" colsep="0" rowsep="0">
		<colspec colname="col1" colnum="1" colwidth="30*"/>
		<colspec colname="col2" colnum="2" colwidth="30*"/>
		<thead valign="bottom">
			<row>
				<entry VJ="1" align="center" colsep="0" valign="top">Einkommensklasse</entry>
				<entry VJ="1" align="center" colsep="0" valign="top">monatlicher Zuschussbetrag (Ost)</entry>
			</row>
		</thead>
		<tbody valign="top">
			<row>
				<entry VJ="1" align="right" colsep="0" valign="top">bis 16.000 DM</entry>
				<entry VJ="1" align="center" colsep="0" valign="top">169 DM</entry>
			</row>
			<row>
				<entry VJ="1" align="right" colsep="0" valign="top">16.001-17.000 DM</entry>
				<entry VJ="1" align="center" colsep="0" valign="top">158 DM</entry>
			</row>
			<row>
				<entry VJ="1" align="right" colsep="0" valign="top">17.001-18.000 DM</entry>
				<entry VJ="1" align="center" colsep="0" valign="top">147 DM</entry>
			</row>
			<row>
				<entry VJ="1" align="right" colsep="0" valign="top">18.001-19.000 DM</entry>
				<entry VJ="1" align="center" colsep="0" valign="top">135 DM</entry>
			</row>
			<row>
				<entry VJ="1" align="right" colsep="0" valign="top">19.001-20.000 DM</entry>
				<entry VJ="1" align="center" colsep="0" valign="top">124 DM</entry>
			</row>
			<row>
				<entry VJ="1" align="right" colsep="0" valign="top">20.001-21.000 DM</entry>
				<entry VJ="1" align="center" colsep="0" valign="top">113 DM</entry>
			</row>
			<row>
				<entry VJ="1" align="right" colsep="0" valign="top">21.001-22.000 DM</entry>
				<entry VJ="1" align="center" colsep="0" valign="top">102 DM</entry>
			</row>
			<row>
				<entry VJ="1" align="right" colsep="0" valign="top">22.001-23.000 DM</entry>
				<entry VJ="1" align="center" colsep="0" valign="top">90 DM</entry>
			</row>
			<row>
				<entry VJ="1" align="right" colsep="0" valign="top">23.001-24.000 DM</entry>
				<entry VJ="1" align="center" colsep="0" valign="top">79 DM</entry>
			</row>
			<row>
				<entry VJ="1" align="right" colsep="0" valign="top">24.001-25.000 DM</entry>
				<entry VJ="1" align="center" colsep="0" valign="top">68 DM</entry>
			</row>
			<row>
				<entry VJ="1" align="right" colsep="0" valign="top">25.001-26.000 DM</entry>
				<entry VJ="1" align="center" colsep="0" valign="top">56 DM</entry>
			</row>
			<row>
				<entry VJ="1" align="right" colsep="0" valign="top">26.001-27.000 DM</entry>
				<entry VJ="1" align="center" colsep="0" valign="top">45 DM</entry>
			</row>
			<row>
				<entry VJ="1" align="right" colsep="0" valign="top">27.001-28.000 DM</entry>
				<entry VJ="1" align="center" colsep="0" valign="top">34 DM</entry>
			</row>
			<row>
				<entry VJ="1" align="right" colsep="0" valign="top">28.001-29.000 DM</entry>
				<entry VJ="1" align="center" colsep="0" valign="top">23 DM</entry>
			</row>
			<row>
				<entry VJ="1" align="right" colsep="0" valign="top">29.001-30.000 DM</entry>
				<entry VJ="1" align="center" colsep="0" valign="top">11 DM.</entry>
			</row>
		</tbody>
	</tgroup>
</table> </P></Content></text></textdaten></norm>
</dokumente>