<?xml version="1.0" encoding="UTF-8" ?><!DOCTYPE dokumente SYSTEM "http://www.gesetze-im-internet.de/dtd/1.01/gii-norm.dtd">
<dokumente builddate="20240424214531" doknr="BJNR522220992"><norm builddate="20240424214531" doknr="BJNR522220992"><metadaten><jurabk>LuftVODV 119</jurabk><ausfertigung-datum manuell="ja">1992-11-10</ausfertigung-datum><fundstelle typ="amtlich"><periodikum>BAnz</periodikum><zitstelle>1992, Nr 222, 8911</zitstelle></fundstelle><fundstelle typ="amtlich"><periodikum>BAnz</periodikum><zitstelle>1992, 8911</zitstelle></fundstelle><langue>Einhundertneunzehnte Durchführungsverordnung zur Luftverkehrs-Ordnung (Festlegung von Flugverfahren für Flüge nach Sichtflugregeln zum und vom Verkehrsflughafen Lübeck-Blankensee)</langue></metadaten><textdaten><text format="decorated"/><fussnoten><Content><P>Wegen nicht darstellbarer Zeichen nur mit Überschrift aufgenommen.</P></Content></fussnoten></textdaten></norm>
</dokumente>