<?xml version="1.0" encoding="UTF-8" ?><!DOCTYPE dokumente SYSTEM "http://www.gesetze-im-internet.de/dtd/1.01/gii-norm.dtd">
<dokumente builddate="20170818221038" doknr="BJNR121800005"><norm builddate="20170818221038" doknr="BJNR121800005"><metadaten><jurabk>AdKG</jurabk><amtabk>AdKG</amtabk><ausfertigung-datum manuell="ja">2005-05-01</ausfertigung-datum><fundstelle typ="amtlich"><periodikum>BGBl I</periodikum><zitstelle>2005, 1218</zitstelle></fundstelle><langue>Gesetz zur Errichtung der Akademie der Künste</langue><standangabe checked="ja"><standtyp>Stand</standtyp><standkommentar>Geändert durch Art. 78 G v. 29.3.2017 I 626</standkommentar></standangabe></metadaten><textdaten><text format="XML"><Content><P/></Content></text><fussnoten><Content><P>(+++ Textnachweis ab: 1.1.2006 +++)</P><P><BR/> Das G ist gem. Bek. v. 21.3.2006 I 571 am 1.1.2006 in Kraft getreten .</P></Content></fussnoten></textdaten></norm>
<norm builddate="20170818221038" doknr="BJNR121800005BJNE000100000"><metadaten><jurabk>AdKG</jurabk><enbez>§ 1</enbez><titel format="parat">Name, Sitz, Rechtsform</titel></metadaten><textdaten><text format="XML"><Content><P>Unter dem Namen &quot;Akademie der Künste&quot; wird mit Sitz in Berlin eine bundesunmittelbare, rechtsfähige Körperschaft des öffentlichen Rechts errichtet. Die Akademie der Künste verwaltet sich selbst.</P></Content></text></textdaten></norm>
<norm builddate="20170818221038" doknr="BJNR121800005BJNE000200000"><metadaten><jurabk>AdKG</jurabk><enbez>§ 2</enbez><titel format="parat">Aufgaben</titel></metadaten><textdaten><text format="XML"><Content><P>(1) Die Akademie der Künste dient der Repräsentation des Gesamtstaates auf dem Gebiet der Kunst und Kultur; sie hat die Aufgabe, die Künste zu fördern und die Sache der Kunst in der Gesellschaft zu vertreten. Die Akademie der Künste spricht aus selbständiger Verantwortung. Sie soll von der Hauptstadt Berlin ausgehend internationale Wirkung entfalten und sich als national bedeutsame Einrichtung der kulturellen Entwicklung sowie der Pflege des kulturellen Erbes widmen. Die Akademie der Künste berät und unterstützt die Bundesrepublik Deutschland in Angelegenheiten der Kunst und Kultur. Sie verfolgt ausschließlich und unmittelbar gemeinnützige Zwecke im Sinne des Abschnitts &quot;Steuerbegünstigte Zwecke&quot; der Abgabenordnung.</P><P>(2) Die Akademie der Künste setzt die Tradition der 1696 in Preußen gegründeten Akademie der Künste fort. Sie ist eine internationale Gemeinschaft von Künstlern, die zur Kunst ihrer Zeit beigetragen haben und deren Werk durch ihre Berufung in die Akademie der Künste gewürdigt wird. In die Akademie können auch Personen berufen werden, die sich um die Künste verdient gemacht haben.</P><P>(3) Die Akademie der Künste kann mit Zustimmung der die Rechtsaufsicht führenden obersten Bundesbehörde weitere Aufgaben im Sinne des Absatzes 1 übernehmen.</P></Content>  </text></textdaten></norm>
<norm builddate="20170818221038" doknr="BJNR121800005BJNE000300000"><metadaten><jurabk>AdKG</jurabk><enbez>§ 3</enbez><titel format="parat">Satzung</titel></metadaten><textdaten><text format="XML"><Content><P>(1) Die Akademie der Künste gibt sich eine Satzung, die der Genehmigung im Rahmen der Rechtsaufsicht bedarf. Das Gleiche gilt für Änderungen der Satzung.</P><P>(2) In der Satzung ist die Einrichtung eines Verwaltungsbeirates vorzusehen. Diesem gehören an: <DL Font="normal" Type="arabic"><DT>a)</DT><DD Font="normal"><LA Size="normal">der Bund als Zuschussgeber mit der Mehrheit der Stimmen,</LA></DD> <DT>b)</DT><DD Font="normal"><LA Size="normal">ein Vertreter des Landes Brandenburg,</LA></DD> <DT>c)</DT><DD Font="normal"><LA Size="normal">ein Vertreter des Landes Berlin,</LA></DD> <DT>d)</DT><DD Font="normal"><LA Size="normal">der Präsident oder die Präsidentin,</LA></DD> <DT>e)</DT><DD Font="normal"><LA Size="normal">die Geschäftsführung.</LA></DD> </DL>Der Verwaltungsbeirat ist mit den Wirtschafts- und Personalangelegenheiten der Akademie der Künste zu befassen.</P></Content> </text></textdaten></norm>
<norm builddate="20170818221038" doknr="BJNR121800005BJNE000400000"><metadaten><jurabk>AdKG</jurabk><enbez>§ 4</enbez><titel format="parat">Organe</titel></metadaten><textdaten><text format="XML"><Content><P>Die Organe der Akademie der Künste sind die Mitgliederversammlung, der Senat, der Präsident oder die Präsidentin.</P></Content></text></textdaten></norm>
<norm builddate="20170818221038" doknr="BJNR121800005BJNE000500000"><metadaten><jurabk>AdKG</jurabk><enbez>§ 5</enbez><titel format="parat">Mitglieder</titel></metadaten><textdaten><text format="XML"><Content><P>(1) Die Akademie der Künste hat höchstens 500 Mitglieder. Sie kann darüber hinaus Ehrenmitglieder berufen. Die Mitgliedschaft ist insbesondere nicht von der Staatsangehörigkeit, dem Wohnort oder der Sprache abhängig.</P><P>(2) Die Mitglieder werden von den Sektionen benannt, von der Mitgliederversammlung gewählt und vom Präsidenten oder von der Präsidentin berufen.</P><P>(3) Weitere Mitglieder, die zunächst keiner Sektion angehören, werden vom Senat vorgeschlagen, von der Mitgliederversammlung gewählt und vom Präsidenten oder von der Präsidentin berufen.</P><P>(4) Die Ehrenmitglieder werden vom Senat vorgeschlagen, von der Mitgliederversammlung gewählt und vom Präsidenten oder von der Präsidentin berufen.</P><P>(5) Die Einzelheiten regelt die Satzung.</P></Content>    </text></textdaten></norm>
<norm builddate="20170818221038" doknr="BJNR121800005BJNE000601116"><metadaten><jurabk>AdKG</jurabk><enbez>§ 6</enbez><titel format="XML">Mitgliederversammlung</titel></metadaten><textdaten><text format="XML"><Content><P>(1) Der Mitgliederversammlung der Akademie der Künste gehören alle Mitglieder an, die Ehrenmitglieder mit beratender Stimme. Die Mitgliederversammlung wird vom Präsidenten oder von der Präsidentin einberufen.</P><P>(2) Die Mitgliederversammlung soll mindestens einmal in jedem Kalenderjahr zusammentreten. Sie muss einberufen werden, wenn der Senat es beschließt oder mindestens 30 Mitglieder es schriftlich oder elektronisch verlangen.</P><P>(3) Die Mitgliederversammlung beschließt die Satzung mit der Mehrheit von zwei Dritteln der anwesenden Mitglieder.</P></Content></text><fussnoten/></textdaten></norm>
<norm builddate="20170818221038" doknr="BJNR121800005BJNE000700000"><metadaten><jurabk>AdKG</jurabk><enbez>§ 7</enbez><titel format="parat">Senat</titel></metadaten><textdaten><text format="XML"><Content><P>(1) Der Senat besteht aus dem Präsidenten oder der Präsidentin, dem Vizepräsidenten oder der Vizepräsidentin, den Direktoren oder den Direktorinnen der Sektionen sowie bis zu vier weiteren Mitgliedern der Akademie, die für die Dauer einer Amtszeit von drei Jahren von der Mitgliederversammlung gewählt werden. Ihre Wiederwahl ist möglich. Der Senat beschließt über alle wichtigen Fragen und Vorhaben der Akademie, insbesondere über den Wirtschaftsplan sowie die Auswahl der Geschäftsführung und Sekretäre oder Sekretärinnen. Hiervon ausgenommen sind die bestandsbezogenen Veranstaltungen des Archivs.</P><P>(2) Die näheren Einzelheiten regelt die Satzung.</P></Content> </text></textdaten></norm>
<norm builddate="20170818221038" doknr="BJNR121800005BJNE000800000"><metadaten><jurabk>AdKG</jurabk><enbez>§ 8</enbez><titel format="parat">Präsident oder Präsidentin</titel></metadaten><textdaten><text format="XML"><Content><P>(1) Der Präsident oder die Präsidentin vertritt die Akademie der Künste nach innen und außen. Er oder sie leitet die Mitgliederversammlung und die Sitzungen des Senats. Bei der Wahrnehmung dieser Aufgaben wird er oder sie von einem Präsidialsekretär oder einer Präsidialsekretärin unterstützt.</P><P>(2) Der Präsident oder die Präsidentin wird nach Maßgabe der Satzung durch den Vizepräsidenten oder die Vizepräsidentin vertreten.</P><P>(3) Der Präsident oder die Präsidentin und der Vizepräsident oder die Vizepräsidentin werden von der Mitgliederversammlung in geheimer Abstimmung aus dem Kreis der Mitglieder gewählt. Die Amtszeit beträgt jeweils drei Jahre. Ihre Wiederwahl ist möglich.</P></Content>  </text></textdaten></norm>
<norm builddate="20170818221038" doknr="BJNR121800005BJNE000900000"><metadaten><jurabk>AdKG</jurabk><enbez>§ 9</enbez><titel format="parat">Sektionen</titel></metadaten><textdaten><text format="XML"><Content><P>(1) Die Akademie der Künste hat sechs Sektionen: <BR/>Bildende Kunst <BR/>Baukunst <BR/>Musik <BR/>Literatur <BR/>Darstellende Kunst <BR/>Film- und Medienkunst.</P><P>(2) Jede Sektion hat höchstens 75 Mitglieder. Die Sektionen werden von einem Sektionsdirektor oder einer Sektionsdirektorin geleitet und im Senat vertreten. Die Sektionsdirektoren oder Sektionsdirektorinnen werden aus der Mitte der jeweiligen Sektion vorgeschlagen und von der Mitgliederversammlung für eine Amtszeit von drei Jahren gewählt. Ihre Wiederwahl ist möglich.</P><P>(3) Für die Sektionen und sektionsübergreifende Vorhaben sind Sekretäre oder Sekretärinnen tätig.</P><P>(4) Das Nähere regelt die Satzung. Sie kann auch eine von Absatz 1 abweichende Regelung über die Sektionen enthalten.</P></Content>   </text></textdaten></norm>
<norm builddate="20170818221038" doknr="BJNR121800005BJNE001000000"><metadaten><jurabk>AdKG</jurabk><enbez>§ 10</enbez><titel format="parat">Archiv</titel></metadaten><textdaten><text format="XML"><Content><P>(1) Die Akademie der Künste hat ein Archiv, für das im Rahmen der Geschäftsführung der Direktor oder die Direktorin des Archivs zuständig ist.</P><P>(2) Die Sammlungsgebiete des Archivs umfassen die Geschichte der Akademien der Künste in Berlin seit der Gründung der späteren Preußischen Akademie der Künste sowie sämtliche Kunstsparten.</P><P>(3) In der Satzung sind Einrichtung und Aufgaben eines Archiv-Rates zu regeln.</P></Content>  </text></textdaten></norm>
<norm builddate="20170818221038" doknr="BJNR121800005BJNE001100000"><metadaten><jurabk>AdKG</jurabk><enbez>§ 11</enbez><titel format="parat">Geschäftsführung</titel></metadaten><textdaten><text format="XML"><Content><P>Die Geschäftsführung der Akademie der Künste wird nach Maßgabe der Satzung unter Leitung des Präsidenten oder der Präsidentin durch hauptamtliche Beauftragte für die Bereiche Programm, Archiv und Verwaltung wahrgenommen.</P></Content></text></textdaten></norm>
<norm builddate="20170818221038" doknr="BJNR121800005BJNE001200000"><metadaten><jurabk>AdKG</jurabk><enbez>§ 12</enbez><titel format="parat">Beschäftigte</titel></metadaten><textdaten><text format="XML"><Content><P>(1) Die Akademie beschäftigt Arbeitnehmerinnen und Arbeitnehmer. Auf diese sind die für Arbeitnehmerinnen und Arbeitnehmer des Bundes jeweils geltenden Tarifverträge und sonstigen Bestimmungen anzuwenden.</P><P>(2) Die Satzung soll die Befristung der Funktionen der Mitglieder der Geschäftsführung, des Präsidialsekretärs oder der Präsidialsekretärin und der Sekretäre oder Sekretärinnen vorsehen.</P><P>(3) Die Akademie der Künste übernimmt alle Rechte und Pflichten aus den bestehenden Arbeits- und Ausbildungsverhältnissen der bisherigen landesunmittelbaren Körperschaft Akademie der Künste.</P></Content>  </text></textdaten></norm>
<norm builddate="20170818221038" doknr="BJNR121800005BJNE001300000"><metadaten><jurabk>AdKG</jurabk><enbez>§ 13</enbez><titel format="parat">Haushalt, Aufsicht, Rechnungsprüfung</titel></metadaten><textdaten><text format="XML"><Content><P>(1) Zur Erfüllung ihrer Aufgaben erhält die Akademie der Künste einen Bundeszuschuss nach Maßgabe des Bundeshaushalts. Die Akademie der Künste kann im Rahmen ihrer Zweckbestimmung Zuwendungen Dritter annehmen.</P><P>(2) Die auf Bundesebene für Kultur und Medien zuständige oberste Bundesbehörde führt die Rechtsaufsicht über die Akademie der Künste.</P><P>(3) Für das Haushalts-, Kassen- und Rechnungswesen sowie für die Rechnungslegung der Akademie der Künste werden die Bestimmungen entsprechend angewandt, die für die unmittelbare Bundesverwaltung gelten. Für besondere Funktionen kann in der Satzung die Gewährung von Aufwandsentschädigungen vorgesehen werden.</P></Content>  </text></textdaten></norm>
<norm builddate="20170818221038" doknr="BJNR121800005BJNE001400000"><metadaten><jurabk>AdKG</jurabk><enbez>§ 14</enbez><titel format="parat">Gebühren</titel></metadaten><textdaten><text format="XML"><Content><P>Die Akademie der Künste verlangt nach Maßgabe der Satzung Entgelte für die Benutzung ihrer Einrichtungen und für Veranstaltungen.</P></Content></text></textdaten></norm>
<norm builddate="20170818221038" doknr="BJNR121800005BJNE001500000"><metadaten><jurabk>AdKG</jurabk><enbez>§ 15</enbez><titel format="parat">Übernahme von Rechten und Pflichten</titel></metadaten><textdaten><text format="XML"><Content><P>(1) Die Akademie der Künste übernimmt als Gesamtrechtsnachfolgerin die Rechte und Pflichten, welche für die bisherige gemeinsame Körperschaft Akademie der Künste der Länder Berlin und Brandenburg begründet worden sind.</P><P>(2) Bis zur Neuwahl der Organe führen die Organe der bisherigen landesunmittelbaren Körperschaft Akademie der Künste ihre Geschäfte fort.</P><P>(3) Für die Zeit bis zum Inkrafttreten der nach § 3 vorgesehenen Satzung findet die Satzung vom 24. Oktober 1993 in der Fassung des Senatsbeschlusses vom 28. Januar 1994 entsprechende Anwendung.</P><P>(4) Die nichtrechtsfähige Stiftung Archiv der Akademie der Künste wird aufgelöst. Die Akademie der Künste übernimmt die Rechte und Pflichten, welche für die bisherige Stiftung Archiv der Akademie der Künste begründet worden sind.</P></Content>   </text></textdaten></norm>
<norm builddate="20170818221038" doknr="BJNR121800005BJNE001600000"><metadaten><jurabk>AdKG</jurabk><enbez>§ 16</enbez><titel format="parat">Inkrafttreten</titel></metadaten><textdaten><text format="XML"><Content><P>Dieses Gesetz tritt an dem Tag in Kraft, an dem der Staatsvertrag über die Auflösung der von den Ländern Berlin und Brandenburg getragenen Akademie der Künste in Kraft tritt. Die Beauftragte der Bundesregierung für Kultur und Medien gibt den Tag des Inkrafttretens im Bundesgesetzblatt bekannt.</P></Content></text><fussnoten/></textdaten></norm>
</dokumente>