<?xml version="1.0" encoding="UTF-8" ?><!DOCTYPE dokumente SYSTEM "http://www.gesetze-im-internet.de/dtd/1.01/gii-norm.dtd">
<dokumente builddate="20120625154531" doknr="BJNR200580987"><norm builddate="20120625154531" doknr="BJNR200580987"><metadaten><jurabk>RAuskÜbkZProtG</jurabk><ausfertigung-datum manuell="ja">1987-01-21</ausfertigung-datum><fundstelle typ="amtlich"><periodikum>BGBl II</periodikum><zitstelle>1987, 58</zitstelle></fundstelle><langue>Gesetz zum Zusatzprotokoll vom 15. März 1978 zum Europäischen
Übereinkommen betreffend Auskünfte über ausländisches Recht</langue></metadaten><textdaten><text format="decorated"/></textdaten></norm>
</dokumente>