<?xml version="1.0" encoding="UTF-8" ?><!DOCTYPE dokumente SYSTEM "http://www.gesetze-im-internet.de/dtd/1.01/gii-norm.dtd">
<dokumente builddate="20210106213016" doknr="BJNR307000020"><norm builddate="20210106213016" doknr="BJNR307000020"><metadaten><jurabk>BibuBAProFPrV</jurabk><amtabk>BibuBAProFPrV</amtabk><ausfertigung-datum manuell="ja">2020-12-18</ausfertigung-datum><fundstelle typ="amtlich"><periodikum>BGBl I</periodikum><zitstelle>2020, 3070</zitstelle></fundstelle><kurzue>Bilanzbuchhalter-Bachelor Professional in Bilanzbuchhaltung-Fortbildungsprüfungsverordnung</kurzue><langue>Verordnung über die Prüfung zum anerkannten Fortbildungsabschluss Geprüfter Bilanzbuchhalter und Geprüfte Bilanzbuchhalterin-Bachelor Professional in Bilanzbuchhaltung</langue><standangabe checked="ja"><standtyp>Sonst</standtyp><standkommentar>Ersetzt V 806-22-6-53 v. 26.10.2015 I 1819 (BibuchhFPrV)</standkommentar></standangabe></metadaten><textdaten><fussnoten><Content><P><BR/> <pre xml:space="preserve">(+++ Textnachweis ab: 24.12.2020 +++)<BR/><BR/></pre></P></Content></fussnoten></textdaten></norm>
<norm builddate="20210106213016" doknr="BJNR307000020BJNE000100000"><metadaten><jurabk>BibuBAProFPrV</jurabk><enbez>Eingangsformel</enbez></metadaten><textdaten><text format="XML"><Content><P>Das Bundesministerium für Bildung und Forschung verordnet jeweils nach Anhörung des Hauptausschusses des Bundesinstituts für Berufsbildung auf Grund <DL Type="Dash"><DT>–</DT><DD Font="normal"><LA>des § 53 Absatz 1 in Verbindung mit Absatz 2 und mit den §§ 53a und 53c sowie des § 53e Absatz 1 in Verbindung mit Absatz 2 des Berufsbildungsgesetzes in der Fassung der Bekanntmachung vom 4. Mai 2020 (BGBl. I S. 920) im Einvernehmen mit dem Bundesministerium für Wirtschaft und Energie und</LA></DD><DT>–</DT><DD Font="normal"><LA>des § 30 Absatz 5 des Berufsbildungsgesetzes in der Fassung der Bekanntmachung vom 4. Mai 2020 (BGBl. I S. 920):</LA></DD></DL></P></Content></text></textdaten></norm>
<norm builddate="20210106213016" doknr="BJNR307000020BJNE000200000"><metadaten><jurabk>BibuBAProFPrV</jurabk><enbez>Inhaltsübersicht</enbez></metadaten><textdaten><text format="XML"><Content><TOC><table colsep="0" frame="none" pgwide="1" rowsep="0" tocentry="%yes;"><tgroup align="left" char="" charoff="50" cols="2"><colspec colname="col1" colwidth="8*"/><colspec colname="col2" colwidth="72*"/><tbody valign="top"><row><entry VJ="1" colname="col1">§  1</entry><entry VJ="1" colname="col2">Gegenstand</entry></row><row><entry VJ="1" colname="col1">§  2</entry><entry VJ="1" colname="col2">Ziel der Prüfung zum Erwerb des Fortbildungsabschlusses und dessen Bezeichnung</entry></row><row><entry VJ="1" colname="col1">§  3</entry><entry VJ="1" colname="col2">Voraussetzung für die Zulassung zur Prüfung</entry></row><row><entry VJ="1" colname="col1">§  4</entry><entry VJ="1" colname="col2">Gliederung und Handlungsbereiche der Prüfung</entry></row><row><entry VJ="1" colname="col1">§  5</entry><entry VJ="1" colname="col2">Schriftliche Prüfung</entry></row><row><entry VJ="1" colname="col1">§  6</entry><entry VJ="1" colname="col2">Mündliche Prüfung</entry></row><row><entry VJ="1" colname="col1">§  7</entry><entry VJ="1" colname="col2">Handlungsbereiche</entry></row><row><entry VJ="1" colname="col1">§  8</entry><entry VJ="1" colname="col2">Befreiung von einzelnen Prüfungsbestandteilen</entry></row><row><entry VJ="1" colname="col1">§  9</entry><entry VJ="1" colname="col2">Bewerten der Prüfungsleistungen</entry></row><row><entry VJ="1" colname="col1">§ 10</entry><entry VJ="1" colname="col2">Bestehen der Prüfung, Gesamtnote</entry></row><row><entry VJ="1" colname="col1">§ 11</entry><entry VJ="1" colname="col2">Zeugnisse</entry></row><row><entry VJ="1" colname="col1">§ 12</entry><entry VJ="1" colname="col2">Wiederholung der Prüfung</entry></row><row><entry VJ="1" colname="col1">§ 13</entry><entry VJ="1" colname="col2">Ausbildereignung</entry></row><row><entry VJ="1" colname="col1">§ 14</entry><entry VJ="1" colname="col2">Zusatzqualifikation „Bilanzbuchhaltung International“</entry></row><row><entry VJ="1" colname="col1">§ 15</entry><entry VJ="1" colname="col2">Übergangsvorschriften</entry></row><row><entry VJ="1" colname="col1">§ 16</entry><entry VJ="1" colname="col2">Inkrafttreten, Außerkrafttreten</entry></row></tbody></tgroup></table><table colsep="0" frame="none" pgwide="1" rowsep="0" tocentry="%yes;"><tgroup align="left" char="" charoff="50" cols="2"><colspec colname="col1" colnum="1" colwidth="8*"/><colspec colname="col2" colnum="2" colwidth="72*"/><tbody valign="top"><row><entry VJ="1" colname="col1">Anlage 1</entry><entry VJ="1" colname="col2">Bewertungsmaßstab und -schlüssel</entry></row><row><entry VJ="1" colname="col1">Anlage 2</entry><entry VJ="1" colname="col2">Zeugnisinhalte</entry></row></tbody></tgroup></table></TOC></Content></text></textdaten></norm>
<norm builddate="20210106213016" doknr="BJNR307000020BJNE000300000"><metadaten><jurabk>BibuBAProFPrV</jurabk><enbez>§ 1</enbez><titel format="XML">Gegenstand</titel></metadaten><textdaten><text format="XML"><Content><P>Diese Verordnung regelt <DL Type="arabic"><DT>1.</DT><DD Font="normal"><LA>die Prüfung zum anerkannten Fortbildungsabschluss Geprüfter Bilanzbuchhalter-Bachelor Professional in Bilanzbuchhaltung oder Geprüfte Bilanzbuchhalterin-Bachelor Professional in Bilanzbuchhaltung und</LA></DD><DT>2.</DT><DD Font="normal"><LA>ergänzend zu dem Fortbildungsabschluss nach Nummer 1 die Prüfung zu dem anerkannten Anpassungsfortbildungsabschluss „Geprüfter Bilanzbuchhalter International oder Geprüfte Bilanzbuchhalterin International“.</LA></DD></DL></P></Content></text></textdaten></norm>
<norm builddate="20210106213016" doknr="BJNR307000020BJNE000400000"><metadaten><jurabk>BibuBAProFPrV</jurabk><enbez>§ 2</enbez><titel format="XML">Ziel der Prüfung zum Erwerb des Fortbildungsabschlusses und dessen Bezeichnung</titel></metadaten><textdaten><text format="XML"><Content><P>(1) Mit der erfolgreich abgelegten Prüfung zum anerkannten Fortbildungsabschluss Geprüfter Bilanzbuchhalter-Bachelor Professional in Bilanzbuchhaltung und Geprüfte Bilanzbuchhalterin-Bachelor Professional in Bilanzbuchhaltung wird die auf einen beruflichen Aufstieg abzielende Erweiterung der beruflichen Handlungsfähigkeit auf der zweiten beruflichen Fortbildungsstufe der höherqualifizierenden Berufsbildung nachgewiesen.</P><P>(2) Die Prüfung wird von der zuständigen Stelle durchgeführt.</P><P>(3) Durch die Prüfung ist festzustellen, ob die zu prüfende Person in der Lage ist, Fach- und Führungsfunktionen zu übernehmen, in denen zu verantwortende Leitungsprozesse von Organisationen eigenständig gesteuert werden, eigenständig ausgeführt werden und dafür Mitarbeiter und Mitarbeiterinnen geführt werden. Die zu prüfende Person soll in der Lage sein, eigenständig und verantwortlich die Aufgaben des kaufmännischen Rechnungswesens für Unternehmen und Institutionen unterschiedlicher Art, Größe und Rechtsform zu organisieren und durchzuführen. Zu diesen Aufgaben gehören: <DL Type="arabic"><DT>1.</DT><DD Font="normal"><LA>Jahresabschlüsse nach nationalem Recht erstellen und dabei Rechtsformen von Unternehmen und Institutionen beachten,</LA></DD><DT>2.</DT><DD Font="normal"><LA>Steuerrecht in den wesentlichen betrieblich relevanten Steuerarten anwenden,</LA></DD><DT>3.</DT><DD Font="normal"><LA>die wesentlichen Regelungen der International Financial Reporting Standards und der International Accounting Standards mit den entsprechenden nationalen Rechtsnormen vergleichen,</LA></DD><DT>4.</DT><DD Font="normal"><LA>Kosten- und Leistungsrechnung zielorientiert anwenden,</LA></DD><DT>5.</DT><DD Font="normal"><LA>das Zahlenwerk für Planungs- und Kontrollentscheidungen auswerten und interpretieren,</LA></DD><DT>6.</DT><DD Font="normal"><LA>ein internes Kontrollsystem in der Organisation und im Finanz- und Rechnungswesen sicherstellen,</LA></DD><DT>7.</DT><DD Font="normal"><LA>finanzwirtschaftliche Vorgänge planen und abwickeln,</LA></DD><DT>8.</DT><DD Font="normal"><LA>Mitarbeiter und Mitarbeiterinnen führen sowie deren berufliche Entwicklung fördern, Nachwuchskräfte ausbilden, Teamarbeit und Projektmanagement umsetzen sowie</LA></DD><DT>9.</DT><DD Font="normal"><LA>Berufsausbildung organisieren und durchführen.</LA></DD></DL></P><P>(4) Für den Erwerb der in Absatz 3 bezeichneten Fertigkeiten, Kenntnisse und Fähigkeiten bedarf es in der Regel eines Lernumfangs von insgesamt mindestens 1 200 Stunden. Der Lerninhalt bestimmt sich nach den Anforderungen der in § 4 Absatz 2 in Verbindung mit § 7 genannten Handlungsbereiche.</P><P>(5) Die erfolgreich abgelegte Prüfung führt zum anerkannten Fortbildungsabschluss Bachelor Professional in Bilanzbuchhaltung. Der Abschlussbezeichnung wird die weitere Abschlussbezeichnung „Geprüfter Bilanzbuchhalter“ oder „Geprüfte Bilanzbuchhalterin“ vorangestellt.</P></Content></text></textdaten></norm>
<norm builddate="20210106213016" doknr="BJNR307000020BJNE000500000"><metadaten><jurabk>BibuBAProFPrV</jurabk><enbez>§ 3</enbez><titel format="XML">Voraussetzung für die Zulassung zur Prüfung</titel></metadaten><textdaten><text format="XML"><Content><P>(1) Zur Prüfung ist zuzulassen, wer die Anforderungen des § 53c des Berufsbildungsgesetzes erfüllt und Folgendes nachweist: <DL Type="arabic"><DT>1.</DT><DD Font="normal"><LA>eine erfolgreich abgelegte Abschlussprüfung in einem anerkannten kaufmännischen oder verwaltenden Ausbildungsberuf mit einer Berufsausbildungsdauer von drei Jahren,</LA></DD><DT>2.</DT><DD Font="normal"><LA>einen der folgenden Abschlüsse: <DL Type="alpha"><DT>a)</DT><DD Font="normal"><LA>einen anerkannten Fortbildungsabschluss nach einer Regelung auf Grund des Berufsbildungsgesetzes als Fachwirt oder Fachwirtin oder als Fachkaufmann oder Fachkauffrau,</LA></DD><DT>b)</DT><DD Font="normal"><LA>einen Abschluss als Staatlich geprüfter Betriebswirt oder als Staatlich geprüfte Betriebswirtin oder</LA></DD><DT>c)</DT><DD Font="normal"><LA>einen wirtschaftswissenschaftlichen Diplom- oder Bachelorabschluss einer staatlichen oder staatlich anerkannten Hochschule oder einer Berufsakademie oder eines akkreditierten betriebswirtschaftlichen Ausbildungsganges einer Berufsakademie und eine darauf folgende, mindestens einjährige Berufspraxis oder</LA></DD></DL></LA></DD><DT>3.</DT><DD Font="normal"><LA>eine mindestens fünfjährige Berufspraxis.</LA></DD></DL>Die Berufspraxis nach Absatz 1 Satz 1 Nummer 2 Buchstabe c und Nummer 3 muss inhaltlich wesentliche Bezüge zu den in § 2 Absatz 3 genannten Aufgaben haben und dabei überwiegend im betrieblichen Finanz- und Rechnungswesen erworben worden sein.</P><P>(2) Abweichend von Absatz 1 ist zur Prüfung auch zuzulassen, wer durch Vorlage von Zeugnissen oder auf andere Weise glaubhaft macht, Fertigkeiten, Kenntnisse und Fähigkeiten erworben zu haben, die der beruflichen Handlungsfähigkeit vergleichbar sind und die Zulassung zur Prüfung rechtfertigen.</P></Content></text></textdaten></norm>
<norm builddate="20210106213016" doknr="BJNR307000020BJNE000600000"><metadaten><jurabk>BibuBAProFPrV</jurabk><enbez>§ 4</enbez><titel format="XML">Gliederung und Handlungsbereiche der Prüfung</titel></metadaten><textdaten><text format="XML"><Content><P>(1) Die Prüfung besteht aus einem schriftlichen Teil und einem mündlichen Teil.</P><P>(2) Die Prüfung erstreckt sich auf die folgenden Handlungsbereiche: <DL Type="arabic"><DT>1.</DT><DD Font="normal"><LA>Geschäftsvorfälle erfassen und nach Rechnungslegungsvorschriften zu Abschlüssen führen,</LA></DD><DT>2.</DT><DD Font="normal"><LA>Jahresabschlüsse aufbereiten und auswerten,</LA></DD><DT>3.</DT><DD Font="normal"><LA>betriebliche Sachverhalte steuerlich darstellen,</LA></DD><DT>4.</DT><DD Font="normal"><LA>Finanzmanagement des Unternehmens wahrnehmen, gestalten und überwachen,</LA></DD><DT>5.</DT><DD Font="normal"><LA>Kosten- und Leistungsrechnung zielorientiert anwenden,</LA></DD><DT>6.</DT><DD Font="normal"><LA>ein internes Kontrollsystem sicherstellen,</LA></DD><DT>7.</DT><DD Font="normal"><LA>Kommunikation, Führung und Zusammenarbeit mit internen und externen Partnern sicherstellen.</LA></DD></DL></P></Content></text></textdaten></norm>
<norm builddate="20210106213016" doknr="BJNR307000020BJNE000700000"><metadaten><jurabk>BibuBAProFPrV</jurabk><enbez>§ 5</enbez><titel format="XML">Schriftliche Prüfung</titel></metadaten><textdaten><text format="XML"><Content><P>(1) Die schriftliche Prüfung wird auf der Grundlage einer Beschreibung einer betrieblichen Situation durchgeführt.</P><P>(2) Die Prüfung besteht aus drei unter Aufsicht zu bearbeitenden Aufgabenstellungen.</P><P>(3) Die Bearbeitungszeit beträgt für jede Aufgabenstellung 240 Minuten.</P><P>(4) Die drei Aufgabenstellungen müssen aus der Beschreibung der betrieblichen Situation abgeleitet und aufeinander abgestimmt sein sowie der zu prüfenden Person eigenständige Lösungen ohne Antwortvorgaben ermöglichen. Die Aufgabenstellungen sind so zu gestalten, dass jeweils ein anderer Handlungsbereich nach § 4 Absatz 2 Nummer 1, 2 und 3 einen Schwerpunkt bildet und die übrigen Handlungsbereiche nach § 4 Absatz 2 insgesamt mindestens einmal in den drei Aufgabenstellungen situationsbezogen thematisiert werden.</P></Content></text></textdaten></norm>
<norm builddate="20210106213016" doknr="BJNR307000020BJNE000800000"><metadaten><jurabk>BibuBAProFPrV</jurabk><enbez>§ 6</enbez><titel format="XML">Mündliche Prüfung</titel></metadaten><textdaten><text format="XML"><Content><P>(1) Zur mündlichen Prüfung wird nur zugelassen, wer die schriftliche Prüfung bestanden hat.</P><P>(2) Die mündliche Prüfung ist innerhalb von zwei Jahren nach Bekanntgabe des Bestehens der schriftlichen Prüfung durchzuführen. Bei Überschreiten der Frist ist die schriftliche Prüfung erneut abzulegen.</P><P>(3) In der mündlichen Prüfung soll die zu prüfende Person nachweisen, dass sie in der Lage ist, angemessen und sachgerecht zu kommunizieren und Fachinhalte zu präsentieren.</P><P>(4) Die mündliche Prüfung besteht aus einer Präsentation und einem sich unmittelbar anschließenden Fachgespräch.</P><P>(5) In der Präsentation soll die zu prüfende Person nachweisen, dass sie in der Lage ist, ein komplexes Problem der betrieblichen Praxis zu erfassen, darzustellen, zu beurteilen und zu lösen. Die zu prüfende Person wählt selbst ein Thema für die Präsentation; das Thema muss aus dem Handlungsbereich „Jahresabschlüsse aufbereiten und auswerten“ stammen. Sie hat das Thema mit einer Kurzbeschreibung des Problems und einer inhaltlichen Gliederung dem Prüfungsausschuss zum Termin der dritten schriftlichen Prüfungsleistung einzureichen. Die Präsentation soll nicht länger als 15 Minuten dauern.</P><P>(6) Im Fachgespräch soll die zu prüfende Person, ausgehend von der Präsentation, nachweisen, dass sie in der Lage ist, Probleme der betrieblichen Praxis zu analysieren und Lösungsmöglichkeiten unter Beachtung der maßgebenden Einflussfaktoren zu bewerten. Im Fachgespräch sind neben dem Handlungsbereich „Jahresabschlüsse aufbereiten und auswerten“ andere Handlungsbereiche einzubeziehen. Das Fachgespräch soll nicht länger als 30 Minuten dauern.</P></Content></text></textdaten></norm>
<norm builddate="20210106213016" doknr="BJNR307000020BJNE000900000"><metadaten><jurabk>BibuBAProFPrV</jurabk><enbez>§ 7</enbez><titel format="XML">Handlungsbereiche</titel></metadaten><textdaten><text format="XML"><Content><P>(1) Im Handlungsbereich „Geschäftsvorfälle erfassen und nach Rechnungslegungsvorschriften zu Abschlüssen führen“ soll die zu prüfende Person nachweisen, dass sie in der Lage ist, nach deutschem Recht eine ordnungsgemäße Buchführung durchzuführen, den Jahresabschluss zu erstellen und die wesentlichen Regelungen des internationalen Bilanzrechts nach den International Financial Reporting Standards darzustellen. In diesem Handlungsbereich können folgende Qualifikationsinhalte geprüft werden: <DL Type="arabic"><DT>1.</DT><DD Font="normal"><LA>Geschäftsvorfälle vollständig, richtig, zeitgerecht und geordnet nach nationalen handels- und steuerrechtlichen Rechnungslegungsvorschriften erfassen und daraus Buchungen ableiten,</LA></DD><DT>2.</DT><DD Font="normal"><LA>die Buchführung so organisieren, dass sie einem sachverständigen Dritten innerhalb angemessener Zeit einen Überblick über die Geschäftsvorfälle und die Lage des Unternehmens vermitteln kann,</LA></DD><DT>3.</DT><DD Font="normal"><LA>Bilanzierung dem Grunde und der Höhe nach von Vermögensgegenständen, Schulden, Eigenkapital und Rechnungsabgrenzungsposten nach nationalen handels- und steuerrechtlichen Rechnungslegungsvorschriften durchführen,</LA></DD><DT>4.</DT><DD Font="normal"><LA>die wesentlichen Bilanzierungs- und Bewertungsunterschiede zwischen nationalem und internationalem Recht gegenüberstellen; das umfasst den jeweiligen Geltungsbereich sowie die Unterschiede zwischen den Zielen und Grundprinzipien in der Erst- und Folgebewertung von Sachanlagen, immateriellen Vermögenswerten und Finanzinstrumenten, in der Bewertung von Vorräten, in der Behandlung von Fertigungsaufträgen, latenten Steuern, Eigenkapital, Rückstellungen und Verbindlichkeiten,</LA></DD><DT>5.</DT><DD Font="normal"><LA>Aufwendungen und Erträge in der Gewinn- und Verlustrechnung nach nationalen handels- und steuerrechtlichen Rechnungslegungsvorschriften sowie die Ergebnisauswirkungen der Bewertungsmaßnahmen darstellen,</LA></DD><DT>6.</DT><DD Font="normal"><LA>Bestandteile des Jahresabschlusses, Inhalte und Aussagen der Bilanz, der Gewinn- und Verlustrechnung, der Kapitalflussrechnung, des Eigenkapitalspiegels und des Anhanges beherrschen und den Lagebericht erstellen sowie hierzu die Regelungen nach den International Financial Reporting Standards und den International Accounting Standards zuordnen und den Segmentbericht im Überblick erläutern,</LA></DD><DT>7.</DT><DD Font="normal"><LA>Grundzüge der Konzernrechnungslegung nach nationalen und internationalen Rechnungslegungsvorschriften erkennen und die Buchungen für die Kapitalkonsolidierung nach nationalem Bilanzrecht durchführen und</LA></DD><DT>8.</DT><DD Font="normal"><LA>bilanzielle Auswirkungen unterschiedlicher Gesellschaftsformen im Handels- und Steuerrecht berücksichtigen.</LA></DD></DL></P><P>(2) Im Handlungsbereich „Jahresabschlüsse aufbereiten und auswerten“ soll die zu prüfende Person nachweisen, dass sie in der Lage ist, die Zusammenhänge in der Rechnungslegung zu erkennen sowie Jahresabschlüsse für unternehmerische Zwecke zu analysieren und zu interpretieren. In diesem Handlungsbereich können folgende Qualifikationsinhalte geprüft werden: <DL Type="arabic"><DT>1.</DT><DD Font="normal"><LA>Jahresabschlüsse aufbereiten,</LA></DD><DT>2.</DT><DD Font="normal"><LA>Jahresabschlüsse mit Hilfe von Kennzahlen und Cashflow-Rechnungen analysieren und interpretieren,</LA></DD><DT>3.</DT><DD Font="normal"><LA>zeitliche und betriebliche Vergleiche von Jahresabschlüssen durchführen und die Einhaltung von Plan- und Normwerten überprüfen und</LA></DD><DT>4.</DT><DD Font="normal"><LA>Bedeutung von Ratings erkennen und Maßnahmen zur Verbesserung für das Unternehmen vorschlagen.</LA></DD></DL></P><P>(3) Im Handlungsbereich „Betriebliche Sachverhalte steuerlich darstellen“ soll die zu prüfende Person nachweisen, dass sie in der Lage ist, betriebliche Sachverhalte steuerlich zu bearbeiten. In diesem Handlungsbereich können folgende Qualifikationsinhalte geprüft werden: <DL Type="arabic"><DT>1.</DT><DD Font="normal"><LA>steuerliches Ergebnis aus dem handelsrechtlichen Ergebnis ableiten,</LA></DD><DT>2.</DT><DD Font="normal"><LA>Datensätze für das Verfahren zur elektronischen Übermittlung von Jahresabschlüssen nach dem Einkommensteuergesetz ableiten,</LA></DD><DT>3.</DT><DD Font="normal"><LA>den zu versteuernden Gewinn nach den einzelnen Gewinnermittlungsarten bestimmen,</LA></DD><DT>4.</DT><DD Font="normal"><LA>das körperschaftsteuerlich zu versteuernde Einkommen, die festzusetzende Körperschaftsteuer sowie die Abschlusszahlung und Erstattung der Körperschaftsteuer berechnen,</LA></DD><DT>5.</DT><DD Font="normal"><LA>Regelungen des Körperschaftsteuerrechts und des Einkommensteuerrechts in Abhängigkeit von der Rechtsform eines Unternehmens erläutern,</LA></DD><DT>6.</DT><DD Font="normal"><LA>die gewerbesteuerliche Bemessungsgrundlage entwickeln und für die Gewerbesteuererklärung aufbereiten sowie die Gewerbesteuer und die Gewerbesteuerrückstellung berechnen,</LA></DD><DT>7.</DT><DD Font="normal"><LA>Geschäftsvorfälle auf ihre umsatzsteuerliche Relevanz und auf ihre Vorsteuer prüfen sowie die Umsatzsteuervoranmeldungen und Umsatzsteuererklärungen vorbereiten,</LA></DD><DT>8.</DT><DD Font="normal"><LA>Vorschriften zum Verfahrensrecht anwenden und notwendige Anträge stellen,</LA></DD><DT>9.</DT><DD Font="normal"><LA>grundlegende nationale und binationale Verfahren zur Vermeidung einer Doppelbesteuerung im Ertragsteuerrecht gegenüberstellen sowie Verfahren zur Vermeidung einer Doppelbesteuerung im Ertragsteuerrecht beschreiben und</LA></DD><DT>10.</DT><DD Font="normal"><LA>Lohnsteuer, Grunderwerbsteuer und Grundsteuer in das betriebliche Geschehen einordnen.</LA></DD></DL></P><P>(4) Im Handlungsbereich „Finanzmanagement des Unternehmens wahrnehmen, gestalten und überwachen“ soll die zu prüfende Person nachweisen, dass sie in der Lage ist, die Methoden und Instrumente der Finanzierung und der Investitionsrechnungen anzuwenden. Dabei soll sie zeigen, dass sie die Bedeutung der betrieblichen Finanzwirtschaft als Erfolgsfaktor der Unternehmensführung in nationalen und internationalen Märkten erkennt. Des Weiteren soll sie Planungsrechnungen im Rahmen der Finanz- und Investitionsplanung erstellen und einsetzen. In diesem Handlungsbereich können folgende Qualifikationsinhalte geprüft werden: <DL Type="arabic"><DT>1.</DT><DD Font="normal"><LA>Ziele, Aufgaben und Instrumente des Finanzmanagements beschreiben und deren Einhaltung anhand ausgewählter Kennzahlen und Finanzierungsregeln beurteilen,</LA></DD><DT>2.</DT><DD Font="normal"><LA>Finanz- und Liquiditätsplanungen erstellen und Finanzkontrollen zur Sicherung der Zahlungsbereitschaft durchführen,</LA></DD><DT>3.</DT><DD Font="normal"><LA>Finanzierungsarten beherrschen sowie die Möglichkeiten und Methoden zur Kapitalbeschaffung unter Berücksichtigung der Rechtsform des Unternehmens auswählen und einsetzen,</LA></DD><DT>4.</DT><DD Font="normal"><LA>Investitionsbedarf feststellen und die optimale Investition mit Hilfe von Investitionsrechnungen ermitteln,</LA></DD><DT>5.</DT><DD Font="normal"><LA>Kreditrisiken erkennen sowie Instrumente zur Risikobegrenzung bewerten und einsetzen,</LA></DD><DT>6.</DT><DD Font="normal"><LA>Kredit- und Kreditsicherungsmöglichkeiten unter Einbeziehung einer Kreditwürdigkeitsprüfung und einer Tilgungsfähigkeitsberechnung darstellen sowie Kreditkonditionen verhandeln und</LA></DD><DT>7.</DT><DD Font="normal"><LA>die Formen des in- und ausländischen Zahlungsverkehrs auswählen und geschäftsvorgangsbezogen festlegen.</LA></DD></DL></P><P>(5) Im Handlungsbereich „Kosten- und Leistungsrechnung zielorientiert anwenden“ soll die zu prüfende Person nachweisen, dass sie in der Lage ist, die Kosten- und Leistungsrechnung zur Steuerung betrieblicher Prozesse, zur Vorbereitung unternehmerischer Entscheidungen sowie zu Bilanzierungszwecken einzusetzen. Dabei soll sie besonders den Zusammenhang zwischen Buchführung, Bilanzierung, Kosten- und Leistungsrechnung und Controlling darstellen. In diesem Handlungsbereich können folgende Qualifikationsinhalte geprüft werden: <DL Type="arabic"><DT>1.</DT><DD Font="normal"><LA>Methoden und Instrumente zur Erfassung von Kosten und Leistungen auswählen und anwenden,</LA></DD><DT>2.</DT><DD Font="normal"><LA>Verfahren zur Verrechnung der Kosten auf betriebliche Funktionsbereiche und auf Leistungen auswählen und anwenden,</LA></DD><DT>3.</DT><DD Font="normal"><LA>Methoden der kurzfristigen Erfolgsrechnung für betriebliche Analyse- und Steuerungszwecke auswählen und anwenden,</LA></DD><DT>4.</DT><DD Font="normal"><LA>Verfahren der Kosten- und Leistungsrechnung zur Lösung unterschiedlicher Problemstellungen und zur Entscheidungsvorbereitung zielorientiert anwenden und</LA></DD><DT>5.</DT><DD Font="normal"><LA>Grundzüge des Kostencontrollings und des Kostenmanagements für die Zusammenarbeit im betrieblichen Controlling erläutern.</LA></DD></DL></P><P>(6) Im Handlungsbereich „Ein internes Kontrollsystem sicherstellen“ soll die zu prüfende Person nachweisen, dass sie in der Lage ist, Risiken in der Unternehmung zu identifizieren, zu bewerten und Maßnahmen zur Risikominderung aufzuzeigen. In diesem Handlungsbereich können folgende Qualifikationsinhalte geprüft werden: <DL Type="arabic"><DT>1.</DT><DD Font="normal"><LA>Arten von Risiken identifizieren und dokumentieren,</LA></DD><DT>2.</DT><DD Font="normal"><LA>ein internes Kontrollsystem aufbauen,</LA></DD><DT>3.</DT><DD Font="normal"><LA>Methoden zur Beurteilung von Risiken einsetzen und</LA></DD><DT>4.</DT><DD Font="normal"><LA>Maßnahmen zur Vermeidung von Risiken ableiten.</LA></DD></DL></P><P>(7) Im Handlungsbereich „Kommunikation, Führung und Zusammenarbeit mit internen und externen Partnern sicherstellen“ soll die zu prüfende Person nachweisen, dass sie in der Lage ist, zielorientiert mit Mitarbeitern und Mitarbeiterinnen, Auszubildenden, Geschäftspartnern sowie Kunden zu kommunizieren und zu kooperieren, Methoden der Kommunikation und des Konfliktmanagements situationsgerecht einzusetzen, ethische Grundsätze zu berücksichtigen und Mitarbeiter und Mitarbeiterinnen, Auszubildende und Projektgruppen unter Beachtung der rechtlichen und betrieblichen Rahmenbedingungen und der Unternehmensziele zu führen und zu motivieren. In diesem Handlungsbereich können folgende Qualifikationsinhalte geprüft werden: <DL Type="arabic"><DT>1.</DT><DD Font="normal"><LA>mit internen und externen Partnern situationsgerecht kommunizieren sowie Präsentationstechniken zielgerichtet einsetzen,</LA></DD><DT>2.</DT><DD Font="normal"><LA>Kriterien für die Personalauswahl festlegen und begründen sowie bei der Personalrekrutierung mitwirken,</LA></DD><DT>3.</DT><DD Font="normal"><LA>den Personaleinsatz planen und steuern,</LA></DD><DT>4.</DT><DD Font="normal"><LA>Führungsmethoden situationsgerecht anwenden,</LA></DD><DT>5.</DT><DD Font="normal"><LA>Berufsausbildung planen und durchführen,</LA></DD><DT>6.</DT><DD Font="normal"><LA>die berufliche Entwicklung und Weiterbildung von Mitarbeitern und Mitarbeiterinnen fördern und</LA></DD><DT>7.</DT><DD Font="normal"><LA>den Arbeits- und Gesundheitsschutz gestalten.</LA></DD></DL></P></Content></text></textdaten></norm>
<norm builddate="20210106213016" doknr="BJNR307000020BJNE001000000"><metadaten><jurabk>BibuBAProFPrV</jurabk><enbez>§ 8</enbez><titel format="XML">Befreiung von einzelnen Prüfungsbestandteilen</titel></metadaten><textdaten><text format="XML"><Content><P>Wird die zu prüfende Person nach § 56 Absatz 2 des Berufsbildungsgesetzes von der Ablegung einzelner Prüfungsbestandteile befreit, bleiben diese Prüfungsbestandteile für die Anwendung der §§ 9 und 10 außer Betracht. Für die übrigen Prüfungsbestandteile erhöhen sich die Anteile nach § 9 Absatz 2 Satz 2 oder Absatz 3 Satz 2 oder § 10 Absatz 3 entsprechend ihrem Verhältnis zueinander. Allein diese Prüfungsbestandteile sind den Entscheidungen des Prüfungsausschusses zugrunde zu legen.</P></Content></text></textdaten></norm>
<norm builddate="20210106213016" doknr="BJNR307000020BJNE001100000"><metadaten><jurabk>BibuBAProFPrV</jurabk><enbez>§ 9</enbez><titel format="XML">Bewerten der Prüfungsleistungen</titel></metadaten><textdaten><text format="XML"><Content><P>(1) Jede Prüfungsleistung ist nach Maßgabe der Anlage 1 mit Punkten zu bewerten.</P><P>(2) In der schriftlichen Prüfung sind die drei Aufgabenstellungen nach § 5 Absatz 2 einzeln zu bewerten. Sind in den drei Aufgabenstellungen jeweils mindestens 50 Punkte erreicht worden, wird aus den einzelnen Bewertungen als Bewertung der schriftlichen Prüfung das arithmetische Mittel berechnet.</P><P>(3) In der mündlichen Prüfung sind zu bewerten: <DL Type="arabic"><DT>1.</DT><DD Font="normal"><LA>die Präsentation nach § 6 Absatz 5 und</LA></DD><DT>2.</DT><DD Font="normal"><LA>das Fachgespräch nach § 6 Absatz 6.</LA></DD></DL>Aus den beiden Bewertungen wird als Bewertung der mündlichen Prüfung das gewichtete arithmetische Mittel berechnet. Dabei werden gewichtet: <DL Type="arabic"><DT>1.</DT><DD Font="normal"><LA>die Bewertung der Präsentation mit einem Drittel und</LA></DD><DT>2.</DT><DD Font="normal"><LA>die Bewertung des Fachgesprächs mit zwei Dritteln.</LA></DD></DL></P></Content></text></textdaten></norm>
<norm builddate="20210106213016" doknr="BJNR307000020BJNE001200000"><metadaten><jurabk>BibuBAProFPrV</jurabk><enbez>§ 10</enbez><titel format="XML">Bestehen der Prüfung, Gesamtnote</titel></metadaten><textdaten><text format="XML"><Content><P>(1) Die Prüfung ist bestanden, wenn in jeder der drei Aufgabenstellungen der schriftlichen Prüfung und in der nicht gerundeten Bewertung der mündlichen Prüfung jeweils mindestens 50 Punkte erreicht worden sind.</P><P>(2) Ist die Prüfung bestanden, werden die folgenden Bewertungen jeweils kaufmännisch auf eine ganze Zahl gerundet: <DL Type="arabic"><DT>1.</DT><DD Font="normal"><LA>die Bewertung für die schriftliche Prüfung und</LA></DD><DT>2.</DT><DD Font="normal"><LA>die Bewertung für die mündliche Prüfung.</LA></DD></DL></P><P>(3) Für die Bildung einer Gesamtnote ist als Gesamtpunktzahl aus der Bewertung für die schriftliche Prüfung und der Bewertung für die mündliche Prüfung das arithmetische Mittel zu berechnen. Die Gesamtpunktzahl ist kaufmännisch auf eine ganze Zahl zu runden. Der gerundeten Gesamtpunktzahl wird nach Anlage 1 die Note als Dezimalzahl und die Note in Worten zugeordnet. Die zugeordnete Note ist die Gesamtnote.</P></Content></text></textdaten></norm>
<norm builddate="20210106213016" doknr="BJNR307000020BJNE001300000"><metadaten><jurabk>BibuBAProFPrV</jurabk><enbez>§ 11</enbez><titel format="XML">Zeugnisse</titel></metadaten><textdaten><text format="XML"><Content><P>(1) Wer die Prüfung nach § 10 Absatz 1 bestanden hat, erhält von der zuständigen Stelle zwei Zeugnisse nach Maßgabe der Anlage 2 Teil A und B.</P><P>(2) Auf dem Zeugnis mit den Inhalten nach Anlage 2 Teil B sind die Noten als Dezimalzahlen mit einer Nachkommastelle und die Gesamtnote als Dezimalzahl mit einer Nachkommastelle und in Worten anzugeben. Jede Befreiung nach § 8 ist mit Ort, Datum und der Bezeichnung des Prüfungsgremiums der anderen vergleichbaren Prüfung anzugeben.</P><P>(3) Die Zeugnisse können zusätzliche nicht amtliche Bemerkungen zur Information (Bemerkungen) enthalten, insbesondere <DL Type="arabic"><DT>1.</DT><DD Font="normal"><LA>über den erworbenen Abschluss oder</LA></DD><DT>2.</DT><DD Font="normal"><LA>auf Antrag der geprüften Person über während oder anlässlich der Fortbildung erworbene besondere oder zusätzliche Fertigkeiten, Kenntnisse und Fähigkeiten.</LA></DD></DL></P></Content></text></textdaten></norm>
<norm builddate="20210106213016" doknr="BJNR307000020BJNE001400000"><metadaten><jurabk>BibuBAProFPrV</jurabk><enbez>§ 12</enbez><titel format="XML">Wiederholung der Prüfung</titel></metadaten><textdaten><text format="XML"><Content><P>(1) Ist die schriftliche oder die mündliche Prüfung nicht bestanden, kann sie jeweils zweimal wiederholt werden.</P><P>(2) Die zu prüfende Person hat die Wiederholungsprüfung bei der zuständigen Stelle zu beantragen.</P><P>(3) Wer die Wiederholung der mündlichen Prüfung innerhalb von zwei Jahren, gerechnet vom Tag der nicht bestandenen Prüfung an, beantragt, ist von der schriftlichen Prüfung zu befreien, wenn die in der vorangegangenen schriftlichen Prüfung erbrachte Leistung mit mindestens „ausreichend“ bewertet worden ist.</P><P>(4) Auf Antrag kann im Fall der Wiederholung einer nicht bestandenen Prüfung auch eine bereits bestandene Prüfung wiederholt werden. In diesem Fall gilt nur das Ergebnis der letzten Prüfung.</P></Content></text><fussnoten><Content><P>(+++ § 12 Abs. 3: Zur Nichtanwendung vgl. § 15 Abs. 1 Satz 3 +++)</P></Content></fussnoten></textdaten></norm>
<norm builddate="20210106213016" doknr="BJNR307000020BJNE001500000"><metadaten><jurabk>BibuBAProFPrV</jurabk><enbez>§ 13</enbez><titel format="XML">Ausbildereignung</titel></metadaten><textdaten><text format="XML"><Content><P>Wer die Prüfung nach dieser Verordnung bestanden hat, ist vom schriftlichen Teil der Prüfung der Ausbilder-Eignungsverordnung befreit.</P></Content></text></textdaten></norm>
<norm builddate="20210106213016" doknr="BJNR307000020BJNE001600000"><metadaten><jurabk>BibuBAProFPrV</jurabk><enbez>§ 14</enbez><titel format="XML">Anpassungsfortbildungsabschluss „Geprüfter Bilanzbuchhalter International oder Geprüfte Bilanzbuchhalterin International“</titel></metadaten><textdaten><text format="XML"><Content><P>(1) Auf Antrag bei der zuständigen Stelle kann eine Prüfung zu dem Anpassungsfortbildungsabschluss „Geprüfter Bilanzbuchhalter International oder Geprüfte Bilanzbuchhalterin International“ abgelegt werden. Voraussetzung für die Zulassung zur Prüfung ist, dass der Antragsteller oder die Antragstellerin bereits <DL Type="arabic"><DT>1.</DT><DD Font="normal"><LA>die Prüfung zum Bilanzbuchhalter oder zur Bilanzbuchhalterin auf Grund einer Regelung einer zuständigen Stelle erfolgreich abgelegt hat,</LA></DD><DT>2.</DT><DD Font="normal"><LA>den anerkannten Fortbildungsabschluss Geprüfter Bilanzbuchhalter-Bachelor Professional in Bilanzbuchhaltung oder Geprüfte Bilanzbuchhalterin-<NB>Bachelor</NB> Professional in Bilanzbuchhaltung oder einen gleichwertigen Abschluss erworben hat oder</LA></DD><DT>3.</DT><DD Font="normal"><LA>einen wirtschaftswissenschaftlichen Abschluss an einer Hochschule erworben hat.</LA></DD></DL></P><P>(2) Die Prüfung wird als schriftliche Prüfung auf der Grundlage einer Beschreibung einer betrieblichen Situation durchgeführt.</P><P>(3) Sie besteht aus zwei unter Aufsicht zu bearbeitenden Aufgabenstellungen.</P><P>(4) Die Bearbeitungszeit beträgt für jede Aufgabenstellung 240 Minuten.</P><P>(5) Die beiden Aufgabenstellungen müssen aus der Beschreibung der betrieblichen Situation abgeleitet und aufeinander abgestimmt sein sowie eigenständige Lösungen ermöglichen.</P><P>(6) In der Prüfung hat die zu prüfende Person nachzuweisen, dass sie in der Lage ist, <DL Type="arabic"><DT>1.</DT><DD Font="normal"><LA>die Bilanzierung und Bewertung nach den in der Europäischen Union geltenden International Financial Reporting Standards und International Accounting Standards durchzuführen,</LA></DD><DT>2.</DT><DD Font="normal"><LA>alle weiteren erforderlichen Teile eines Abschlusses nach den jeweils geltenden Standards zu erstellen, unter Verwendung der englischsprachigen Fachbegriffe darzustellen und die Abschlüsse nach den anerkannten Methoden zu analysieren und</LA></DD><DT>3.</DT><DD Font="normal"><LA>außensteuerliche Sachverhalte sowie Sachverhalte der internationalen Finanzierung und des internationalen Zahlungsverkehrs zu bearbeiten.</LA></DD></DL>In diesem Rahmen können folgende Qualifikationsinhalte geprüft werden: <DL Type="arabic"><DT>1.</DT><DD Font="normal"><LA>Bilanzen erstellen,</LA></DD><DT>2.</DT><DD Font="normal"><LA>unterschiedliche Verfahren zur Ermittlung des Gesamtergebnisses anwenden,</LA></DD><DT>3.</DT><DD Font="normal"><LA>Ergebnis je Aktie ermitteln,</LA></DD><DT>4.</DT><DD Font="normal"><LA>Eigenkapitalveränderungsrechnung aufstellen,</LA></DD><DT>5.</DT><DD Font="normal"><LA>Kapitalflussrechnung erstellen,</LA></DD><DT>6.</DT><DD Font="normal"><LA>Anhang erstellen,</LA></DD><DT>7.</DT><DD Font="normal"><LA>Lagebericht erstellen,</LA></DD><DT>8.</DT><DD Font="normal"><LA>Segmente auswählen und den Segmentbericht erstellen,</LA></DD><DT>9.</DT><DD Font="normal"><LA>im Rahmen der Konzernrechnungslegung notwendige Konsolidierungen durchführen und einen Konzernabschluss erstellen,</LA></DD><DT>10.</DT><DD Font="normal"><LA>internationale Abschlüsse im Hinblick auf die Vermögens-, Finanz- und Ertragslage des Unternehmens analysieren und interpretieren sowie Zwischenberichterstattung durchführen,</LA></DD><DT>11.</DT><DD Font="normal"><LA>Finanzierungsmöglichkeiten der Unternehmen im Außenhandel ermitteln und Finanzierungsarten auf internationalen Märkten auswählen und anwenden,</LA></DD><DT>12.</DT><DD Font="normal"><LA>Methoden zur Vermeidung einer Doppelbesteuerung im Ertragsteuerrecht unter Beachtung des Außensteuerrechts darstellen,</LA></DD><DT>13.</DT><DD Font="normal"><LA>umsatzsteuerliche Vorschriften bei grenzüberschreitendem Waren- und Dienstleistungsverkehr beachten.</LA></DD></DL></P><P>(7) Jede Prüfungsleistung ist mit Punkten nach Maßgabe der Anlage 1 zu bewerten; die Prüfung ist bestanden, wenn in jeder Prüfungsleistung jeweils mindestens 50 Punkte erreicht worden sind.</P><P>(8) Die Prüfung kann zweimal wiederholt werden. Die zu prüfende Person hat die Wiederholungsprüfung bei der zuständigen Stelle zu beantragen.</P><P>(9) Die erfolgreich abgelegte Prüfung führt zum anerkannten Anpassungsfortbildungsabschluss „Geprüfter Bilanzbuchhalter International oder Geprüfte Bilanzbuchhalterin International“.</P><P>(10) Ist die Prüfung bestanden worden, stellt die zuständige Stelle Zeugnisse in entsprechender Anwendung des § 11 in Verbindung mit der Anlage 2 aus.</P></Content></text></textdaten></norm>
<norm builddate="20210106213016" doknr="BJNR307000020BJNE001700000"><metadaten><jurabk>BibuBAProFPrV</jurabk><enbez>§ 15</enbez><titel format="XML">Übergangsvorschriften</titel></metadaten><textdaten><text format="XML"><Content><P>(1) Nach der Bilanzbuchhalterprüfungsverordnung vom 26. Oktober 2015 (BGBl. I S. 1819), die durch Artikel 76 der Verordnung vom 9. Dezember 2019 (BGBl. I S. 2153) geändert worden ist, begonnene Prüfungsverfahren sind nach den Vorschriften der vorstehend bezeichneten Verordnung zu Ende zu führen. Die zuständige Stelle hat auf Antrag der zu prüfenden Person eine erforderliche Wiederholungsprüfung nach dieser Verordnung durchzuführen. § 12 Absatz 3 findet in diesem Fall Anwendung, wenn in jeder der drei Aufgabenstellungen der schriftlichen Prüfung mindestens 50 Punkte erreicht worden sind.</P><P>(2) Bei einer Anmeldung zur Prüfung ab dem <NB>1. Januar</NB> 2020 hat die zuständige Stelle auf Antrag der zu prüfenden Person die Prüfung nach dieser Verordnung durchzuführen. Nach der in Absatz 1 Satz 1 bezeichneten Bilanzbuchhalterprüfungsverordnung erfolgreich abgelegte Prüfungsbestandteile sind auf die nach dieser Verordnung erforderlichen Prüfungsbestandteile anzurechnen. Die schriftliche Prüfung wird dabei nur angerechnet, wenn in jeder der drei Aufgabenstellungen der schriftlichen Prüfung mindestens 50 Punkte erreicht worden sind.</P></Content></text></textdaten></norm>
<norm builddate="20210106213016" doknr="BJNR307000020BJNE001800000"><metadaten><jurabk>BibuBAProFPrV</jurabk><enbez>§ 16</enbez><titel format="XML">Inkrafttreten, Außerkrafttreten</titel></metadaten><textdaten><text format="XML"><Content><P>Diese Verordnung tritt am Tag nach der Verkündung in Kraft. Gleichzeitig tritt die Bilanzbuchhalterprüfungsverordnung vom 26. Oktober 2015 (BGBl. I S. 1819), die durch Artikel 76 der Verordnung vom 9. Dezember 2019 (BGBl. I S. 2153) geändert worden ist, außer Kraft.</P></Content></text></textdaten></norm>
<norm builddate="20210106213016" doknr="BJNR307000020BJNE001900000"><metadaten><jurabk>BibuBAProFPrV</jurabk><enbez>Anlage 1</enbez><titel format="XML">(zu den §§ 9, 10 und 14)<BR/>Bewertungsmaßstab und -schlüssel</titel></metadaten><textdaten><text format="XML"><Content><P><noindex><kommentar typ="Fundstelle">(Fundstelle: BGBl. I 2020, 3076 - 3077)</kommentar></noindex></P><table colsep="1" frame="all" rowsep="1" tocentry="%yes;"><tgroup align="left" char="" charoff="50" cols="4"><colspec align="center" colname="col1" colwidth="25*"/><colspec align="center" colname="col2" colwidth="25*"/><colspec align="center" colname="col3" colwidth="40*"/><colspec colname="col4" colwidth="75*"/><thead valign="bottom"><row><entry VJ="1" colname="col1" valign="middle">Punkte</entry><entry VJ="1" colname="col2">Note<BR/> als Dezimalzahl</entry><entry VJ="1" colname="col3" valign="middle">Note<BR/> in Worten</entry><entry VJ="1" align="center" colname="col4" valign="middle">Definition</entry></row></thead><tbody valign="top"><row><entry VJ="1" colname="col1">100</entry><entry VJ="1" colname="col2">1,0</entry><entry VJ="1" colname="col3" morerows="4" valign="middle">sehr gut</entry><entry VJ="1" align="justify" colname="col4" morerows="4" valign="middle">eine Leistung, die den Anforderungen in besonderem Maß entspricht</entry></row><row><entry VJ="1" colname="col1">98 und 99</entry><entry VJ="1" colname="col2">1,1</entry></row><row><entry VJ="1" colname="col1">96 und 97</entry><entry VJ="1" colname="col2">1,2</entry></row><row><entry VJ="1" colname="col1">94 und 95</entry><entry VJ="1" colname="col2">1,3</entry></row><row><entry VJ="1" colname="col1">92 und 93</entry><entry VJ="1" colname="col2">1,4</entry></row><row><entry VJ="1" colname="col1">91</entry><entry VJ="1" colname="col2">1,5</entry><entry VJ="1" colname="col3" morerows="9" valign="middle">gut</entry><entry VJ="1" align="justify" colname="col4" morerows="9" valign="middle">eine Leistung, die den Anforderungen voll entspricht</entry></row><row><entry VJ="1" colname="col1">90</entry><entry VJ="1" colname="col2">1,6</entry></row><row><entry VJ="1" colname="col1">89</entry><entry VJ="1" colname="col2">1,7</entry></row><row><entry VJ="1" colname="col1">88</entry><entry VJ="1" colname="col2">1,8</entry></row><row><entry VJ="1" colname="col1">87</entry><entry VJ="1" colname="col2">1,9</entry></row><row><entry VJ="1" colname="col1">85 und 86</entry><entry VJ="1" colname="col2">2,0</entry></row><row><entry VJ="1" colname="col1">84</entry><entry VJ="1" colname="col2">2,1</entry></row><row><entry VJ="1" colname="col1">83</entry><entry VJ="1" colname="col2">2,2</entry></row><row><entry VJ="1" colname="col1">82</entry><entry VJ="1" colname="col2">2,3</entry></row><row><entry VJ="1" colname="col1">81</entry><entry VJ="1" colname="col2">2,4</entry></row><row><entry VJ="1" colname="col1">79 und 80</entry><entry VJ="1" colname="col2">2,5</entry><entry VJ="1" colname="col3" morerows="9" valign="middle">befriedigend</entry><entry VJ="1" align="justify" colname="col4" morerows="9" valign="middle">eine Leistung, die den Anforderungen im Allgemeinen entspricht</entry></row><row><entry VJ="1" colname="col1">78</entry><entry VJ="1" colname="col2">2,6</entry></row><row><entry VJ="1" colname="col1">77</entry><entry VJ="1" colname="col2">2,7</entry></row><row><entry VJ="1" colname="col1">75 und 76</entry><entry VJ="1" colname="col2">2,8</entry></row><row><entry VJ="1" colname="col1">74</entry><entry VJ="1" colname="col2">2,9</entry></row><row><entry VJ="1" colname="col1">72 und 73</entry><entry VJ="1" colname="col2">3,0</entry></row><row><entry VJ="1" colname="col1">71</entry><entry VJ="1" colname="col2">3,1</entry></row><row><entry VJ="1" colname="col1">70</entry><entry VJ="1" colname="col2">3,2</entry></row><row><entry VJ="1" colname="col1">68 und 69</entry><entry VJ="1" colname="col2">3,3</entry></row><row><entry VJ="1" colname="col1">67</entry><entry VJ="1" colname="col2">3,4</entry></row><row><entry VJ="1" colname="col1">65 und 66</entry><entry VJ="1" colname="col2">3,5</entry><entry VJ="1" colname="col3" morerows="9" valign="middle">ausreichend</entry><entry VJ="1" align="justify" colname="col4" morerows="9" valign="middle">eine Leistung, die zwar Mängel aufweist, aber im Ganzen den Anforderungen noch entspricht</entry></row><row><entry VJ="1" colname="col1">63 und 64</entry><entry VJ="1" colname="col2">3,6</entry></row><row><entry VJ="1" colname="col1">62</entry><entry VJ="1" colname="col2">3,7</entry></row><row><entry VJ="1" colname="col1">60 und 61</entry><entry VJ="1" colname="col2">3,8</entry></row><row><entry VJ="1" colname="col1">58 und 59</entry><entry VJ="1" colname="col2">3,9</entry></row><row><entry VJ="1" colname="col1">56 und 57</entry><entry VJ="1" colname="col2">4,0</entry></row><row><entry VJ="1" colname="col1">55</entry><entry VJ="1" colname="col2">4,1</entry></row><row><entry VJ="1" colname="col1">53 und 54</entry><entry VJ="1" colname="col2">4,2</entry></row><row><entry VJ="1" colname="col1">51 und 52</entry><entry VJ="1" colname="col2">4,3</entry></row><row><entry VJ="1" colname="col1">50</entry><entry VJ="1" colname="col2">4,4</entry></row><row><entry VJ="1" colname="col1">48 und 49</entry><entry VJ="1" colname="col2">4,5</entry><entry VJ="1" colname="col3" morerows="9" valign="middle">mangelhaft</entry><entry VJ="1" align="justify" colname="col4" morerows="9" valign="middle">eine Leistung, die den Anforderungen nicht entspricht, jedoch erkennen lässt, dass gewisse Grundkenntnisse noch vorhanden sind</entry></row><row><entry VJ="1" colname="col1">46 und 47</entry><entry VJ="1" colname="col2">4,6</entry></row><row><entry VJ="1" colname="col1">44 und 45</entry><entry VJ="1" colname="col2">4,7</entry></row><row><entry VJ="1" colname="col1">42 und 43</entry><entry VJ="1" colname="col2">4,8</entry></row><row><entry VJ="1" colname="col1">40 und 41</entry><entry VJ="1" colname="col2">4,9</entry></row><row><entry VJ="1" colname="col1">38 und 39</entry><entry VJ="1" colname="col2">5,0</entry></row><row><entry VJ="1" colname="col1">36 und 37</entry><entry VJ="1" colname="col2">5,1</entry></row><row><entry VJ="1" colname="col1">34 und 35</entry><entry VJ="1" colname="col2">5,2</entry></row><row><entry VJ="1" colname="col1">32 und 33</entry><entry VJ="1" colname="col2">5,3</entry></row><row><entry VJ="1" colname="col1">30 und 31</entry><entry VJ="1" colname="col2">5,4</entry></row><row><entry VJ="1" colname="col1">25 bis 29</entry><entry VJ="1" colname="col2">5,5</entry><entry VJ="1" colname="col3" morerows="5" valign="middle">ungenügend</entry><entry VJ="1" align="justify" colname="col4" morerows="5" valign="middle">eine Leistung, die den Anforderungen nicht entspricht und bei der selbst Grundkenntnisse fehlen</entry></row><row><entry VJ="1" colname="col1">20 bis 24</entry><entry VJ="1" colname="col2">5,6</entry></row><row><entry VJ="1" colname="col1">15 bis 19</entry><entry VJ="1" colname="col2">5,7</entry></row><row><entry VJ="1" colname="col1">10 bis 14</entry><entry VJ="1" colname="col2">5,8</entry></row><row><entry VJ="1" colname="col1">5 bis 9</entry><entry VJ="1" colname="col2">5,9</entry></row><row><entry VJ="1" colname="col1">0 bis 4</entry><entry VJ="1" colname="col2">6,0</entry></row></tbody></tgroup></table></Content></text></textdaten></norm>
<norm builddate="20210106213016" doknr="BJNR307000020BJNE002000000"><metadaten><jurabk>BibuBAProFPrV</jurabk><enbez>Anlage 2</enbez><titel format="XML">(zu den §§ 11 und 14)<BR/>Zeugnisinhalte</titel></metadaten><textdaten><text format="XML"><Content><P><noindex><kommentar typ="Fundstelle">(Fundstelle: BGBl. I 2020, 3078)</kommentar></noindex></P><P><SP>Teil A – Zeugnis ohne Prüfungsergebnisse:</SP><DL Type="arabic"><DT>1.</DT><DD Font="normal"><LA>Bezeichnung der ausstellenden Behörde,</LA></DD><DT>2.</DT><DD Font="normal"><LA>Name und Geburtsdatum der geprüften Person,</LA></DD><DT>3.</DT><DD Font="normal"><LA>Datum des Bestehens der Prüfung,</LA></DD><DT>4.</DT><DD Font="normal"><LA>Bezeichnung des erworbenen Fortbildungsabschlusses nach § 2 Absatz 5,</LA></DD><DT>5.</DT><DD Font="normal"><LA>Bezeichnung und Fundstelle dieser Fortbildungsordnung nach den Angaben im Bundesgesetzblatt unter Berücksichtigung erfolgter Änderungen dieser Verordnung,</LA></DD><DT>6.</DT><DD Font="normal"><LA>Datum der Ausstellung des Zeugnisses samt Faksimile oder Unterschrift einer zeichnungsberechtigten Person der zuständigen Stelle.</LA></DD></DL></P><P><SP>Teil B – Zeugnis mit Prüfungsergebnissen:</SP></P><P>Alle Angaben des Teils A sowie zusätzlich: <DL Type="arabic"><DT>1.</DT><DD Font="normal"><LA>Angabe der Handlungsbereiche nach § 4 Absatz 2,</LA></DD><DT>2.</DT><DD Font="normal"><LA>Angabe der Prüfungsergebnisse der drei schriftlichen Aufgabenstellungen in der schriftlichen Prüfung,</LA></DD><DT>3.</DT><DD Font="normal"><LA>Angabe der Prüfungsergebnisse der Präsentation und des Fachgesprächs in der mündlichen Prüfung,</LA></DD><DT>4.</DT><DD Font="normal"><LA>die errechnete Gesamtpunktzahl für die gesamte Prüfung,</LA></DD><DT>5.</DT><DD Font="normal"><LA>die Gesamtnote als Dezimalzahl,</LA></DD><DT>6.</DT><DD Font="normal"><LA>die Gesamtnote in Worten,</LA></DD><DT>7.</DT><DD Font="normal"><LA>Befreiungen nach § 8,</LA></DD><DT>8.</DT><DD Font="normal"><LA>Bescheinigung der Befreiung vom schriftlichen Teil der Prüfung nach der Ausbilder-Eignungsverordnung nach § 13.</LA></DD></DL></P></Content></text></textdaten></norm>
</dokumente>