<?xml version="1.0" encoding="UTF-8" ?><!DOCTYPE dokumente SYSTEM "http://www.gesetze-im-internet.de/dtd/1.01/gii-norm.dtd">
<dokumente builddate="20210615213143" doknr="BJNR097600011"><norm builddate="20210615213143" doknr="BJNR097600011"><metadaten><jurabk>DruckverarbAusbV</jurabk><amtabk>DruckverarbAusbV</amtabk><ausfertigung-datum manuell="ja">2011-05-20</ausfertigung-datum><fundstelle typ="amtlich"><periodikum>BGBl I</periodikum><zitstelle>2011, 976</zitstelle></fundstelle><kurzue>Druckverarbeiter-Ausbildungsverordnung</kurzue><langue>Verordnung über die Berufsausbildung zum Medientechnologen Druckverarbeitung und zur Medientechnologin Druckverarbeitung<FnR ID="f775270_01_BJNR097600011"/></langue></metadaten><textdaten><text format="XML"><Footnotes><Footnote FnZ="*" Group="column" ID="f775270_01_BJNR097600011" Pos="normal" Postfix=")"><noindex>Diese Rechtsverordnung ist eine Ausbildungsordnung im Sinne des § 4 des Berufsbildungsgesetzes. Die Ausbildungsordnung und der damit abgestimmte von der Ständigen Konferenz der Kultusminister der Länder in der Bundesrepublik Deutschland beschlossene Rahmenlehrplan für die Berufsschule werden demnächst als Beilage zum Bundesanzeiger veröffentlicht.</noindex></Footnote></Footnotes></text><fussnoten><Content><P><BR/> <pre xml:space="preserve">(+++ Textnachweis ab: 1.8.2011 +++)<BR/><BR/></pre></P></Content></fussnoten></textdaten></norm>
<norm builddate="20210615213143" doknr="BJNR097600011BJNE000100000"><metadaten><jurabk>DruckverarbAusbV</jurabk><enbez>Eingangsformel</enbez></metadaten><textdaten><text format="XML"><Content><P>Auf Grund des § 4 Absatz 1 in Verbindung mit § 5 des Berufsbildungsgesetzes, von denen § 4 Absatz 1 durch Artikel 232 Nummer 1 der Verordnung vom 31. Oktober 2006 (BGBl. I S. 2407) geändert worden ist, verordnet das Bundesministerium für Wirtschaft und Technologie im Einvernehmen mit dem Bundesministerium für Bildung und Forschung:</P></Content></text></textdaten></norm>
<norm builddate="20210615213143" doknr="BJNR097600011BJNE000200000"><metadaten><jurabk>DruckverarbAusbV</jurabk><enbez>§ 1</enbez><titel format="XML">Staatliche Anerkennung des Ausbildungsberufes</titel></metadaten><textdaten><text format="XML"><Content><P>Der Ausbildungsberuf des Medientechnologen Druckverarbeitung und der Medientechnologin Druckverarbeitung wird nach § 4 Absatz 1 des Berufsbildungsgesetzes staatlich anerkannt.</P></Content></text></textdaten></norm>
<norm builddate="20210615213143" doknr="BJNR097600011BJNE000300000"><metadaten><jurabk>DruckverarbAusbV</jurabk><enbez>§ 2</enbez><titel format="XML">Dauer der Berufsausbildung</titel></metadaten><textdaten><text format="XML"><Content><P>Die Ausbildung dauert drei Jahre.</P></Content></text></textdaten></norm>
<norm builddate="20210615213143" doknr="BJNR097600011BJNE000400000"><metadaten><jurabk>DruckverarbAusbV</jurabk><enbez>§ 3</enbez><titel format="XML">Struktur der Berufsausbildung</titel></metadaten><textdaten><text format="XML"><Content><P>Die Berufsausbildung gliedert sich in <DL Font="normal" Type="arabic"><DT>1.</DT><DD Font="normal"><LA Size="normal">Pflichtqualifikationen nach § 4 Absatz 2 Abschnitt A und C,</LA></DD><DT>2.</DT><DD Font="normal"><LA Size="normal">zwei im Ausbildungsvertrag festzulegende Wahlqualifikationen nach § 4 Absatz 2 Abschnitt B Nummer 1 sowie</LA></DD><DT>3.</DT><DD Font="normal"><LA Size="normal">eine im Ausbildungsvertrag festzulegende Wahlqualifikation nach § 4 Absatz 2 Abschnitt B Nummer 2.</LA></DD></DL></P></Content></text></textdaten></norm>
<norm builddate="20210615213143" doknr="BJNR097600011BJNE000500000"><metadaten><jurabk>DruckverarbAusbV</jurabk><enbez>§ 4</enbez><titel format="XML">Ausbildungsrahmenplan, Ausbildungsberufsbild</titel></metadaten><textdaten><text format="XML"><Content><P>(1) Gegenstand der Berufsausbildung sind mindestens die im Ausbildungsrahmenplan (Anlage) aufgeführten Fertigkeiten, Kenntnisse und Fähigkeiten (berufliche Handlungsfähigkeit). Eine von dem Ausbildungsrahmenplan abweichende Organisation der Ausbildung ist insbesondere zulässig, soweit betriebspraktische Besonderheiten die Abweichung erfordern.</P><P>(2) Die Berufsausbildung zum Medientechnologen Druckverarbeitung und zur Medientechnologin Druckverarbeitung gliedert sich wie folgt (Ausbildungsberufsbild):<BR/><BR/><SP>Abschnitt A</SP><BR/><BR/> Berufsprofilgebende Fertigkeiten, Kenntnisse und Fähigkeiten in den Pflichtqualifikationen nach § 3 Nummer 1: <DL Font="normal" Type="arabic"><DT>1.</DT><DD Font="normal"><LA Size="normal">Planen des Ablaufs von Verarbeitungsaufträgen,</LA></DD><DT>2.</DT><DD Font="normal"><LA Size="normal">Rüsten und Konfigurieren von Verarbeitungsanlagen,</LA></DD><DT>3.</DT><DD Font="normal"><LA Size="normal">Steuern und Überwachen von Produktionsprozessen,</LA></DD><DT>4.</DT><DD Font="normal"><LA Size="normal">Verarbeitungstechnologien und -prozesse,</LA></DD><DT>5.</DT><DD Font="normal"><LA Size="normal">Instandhalten von Verarbeitungsanlagen;</LA></DD></DL><SP>Abschnitt B</SP><BR/><BR/> Weitere berufsprofilgebende Fertigkeiten, Kenntnisse und Fähigkeiten aus den Auswahllisten I und II: <DL Font="normal" Type="arabic"><DT>1.</DT><DD Font="normal"><LA Size="normal">zwei Wahlqualifikationen nach § 3 Nummer 2 aus der Auswahlliste I: <DL Font="normal" Type="arabic"><DT>I.1</DT><DD Font="normal"><LA Size="normal">Produktionsvorbereitung, Versandraumtechnik,</LA></DD><DT>I.2</DT><DD Font="normal"><LA Size="normal">Linienführung,</LA></DD><DT>I.3</DT><DD Font="normal"><LA Size="normal">Maschinentechnik und erweiterte Instandhaltung,</LA></DD><DT>I.4</DT><DD Font="normal"><LA Size="normal">Klebebindetechnik,</LA></DD><DT>I.5</DT><DD Font="normal"><LA Size="normal">Sammelhefttechnik,</LA></DD><DT>I.6</DT><DD Font="normal"><LA Size="normal">Spezielle Druckweiterverarbeitungsprozesse,</LA></DD><DT>I.7</DT><DD Font="normal"><LA Size="normal">Deckenbandfertigung;</LA></DD></DL></LA></DD><DT>2.</DT><DD Font="normal"><LA Size="normal">eine Wahlqualifikation nach § 3 Nummer 3 aus der Auswahlliste II: <DL Font="normal" Type="arabic"><DT>II.1</DT><DD Font="normal"><LA Size="normal">Zeitungsproduktion,</LA></DD><DT>II.2</DT><DD Font="normal"><LA Size="normal">Akzidenzproduktion,</LA></DD><DT>II.3</DT><DD Font="normal"><LA Size="normal">Buchproduktion;</LA></DD></DL></LA></DD></DL><SP>Abschnitt C</SP><BR/><BR/> Integrative Fertigkeiten, Kenntnisse und Fähigkeiten in den Pflichtqualifikationen nach § 3 Nummer 1: <DL Font="normal" Type="arabic"><DT>1.</DT><DD Font="normal"><LA Size="normal">Berufsbildung, Arbeits- und Tarifrecht,</LA></DD><DT>2.</DT><DD Font="normal"><LA Size="normal">Aufbau und Organisation des Ausbildungsbetriebes,</LA></DD><DT>3.</DT><DD Font="normal"><LA Size="normal">Sicherheit und Gesundheitsschutz bei der Arbeit,</LA></DD><DT>4.</DT><DD Font="normal"><LA Size="normal">Umweltschutz,</LA></DD><DT>5.</DT><DD Font="normal"><LA Size="normal">Betriebliche Kommunikation.</LA></DD></DL></P></Content></text></textdaten></norm>
<norm builddate="20210615213143" doknr="BJNR097600011BJNE000600000"><metadaten><jurabk>DruckverarbAusbV</jurabk><enbez>§ 5</enbez><titel format="XML">Durchführung der Berufsausbildung</titel></metadaten><textdaten><text format="XML"><Content><P>(1) Die in dieser Verordnung genannten Fertigkeiten, Kenntnisse und Fähigkeiten sollen so vermittelt werden, dass die Auszubildenden zur Ausübung einer qualifizierten beruflichen Tätigkeit im Sinne des § 1 Absatz 3 des Berufsbildungsgesetzes befähigt werden, die insbesondere selbstständiges Planen, Durchführen und Kontrollieren einschließt. Die in Satz 1 beschriebene Befähigung ist in den Prüfungen nach den §§ 6 und 7 nachzuweisen.</P><P>(2) Die Ausbildenden haben unter Zugrundelegung des Ausbildungsrahmenplans für die Auszubildenden einen Ausbildungsplan zu erstellen.</P><P>(3) Die Auszubildenden haben einen schriftlichen Ausbildungsnachweis zu führen. Ihnen ist Gelegenheit zu geben, den schriftlichen Ausbildungsnachweis während der Ausbildungszeit zu führen. Die Ausbildenden haben den schriftlichen Ausbildungsnachweis regelmäßig durchzusehen.</P></Content></text></textdaten></norm>
<norm builddate="20210615213143" doknr="BJNR097600011BJNE000700000"><metadaten><jurabk>DruckverarbAusbV</jurabk><enbez>§ 6</enbez><titel format="XML">Zwischenprüfung</titel></metadaten><textdaten><text format="XML"><Content><P>(1) Zur Ermittlung des Ausbildungsstandes ist eine Zwischenprüfung durchzuführen. Sie soll vor dem Ende des zweiten Ausbildungsjahres stattfinden.</P><P>(2) Die Zwischenprüfung erstreckt sich auf die in der Anlage für die ersten drei Ausbildungshalbjahre aufgeführten Fertigkeiten, Kenntnisse und Fähigkeiten sowie auf den im Berufsschulunterricht zu vermittelnden Lehrstoff, soweit er für die Berufsausbildung wesentlich ist.</P><P>(3) Die Zwischenprüfung findet in den Prüfungsbereichen <DL Type="arabic"><DT>1.</DT><DD Font="normal"><LA>Arbeitsplanung und</LA></DD><DT>2.</DT><DD Font="normal"><LA>Verarbeitungstechnik</LA></DD></DL>statt.</P><P>(4) Für den Prüfungsbereich Arbeitsplanung bestehen folgende Vorgaben: <DL Type="arabic"><DT>1.</DT><DD Font="normal"><LA>Der Prüfling soll nachweisen, dass er in der Lage ist, <DL Type="alpha"><DT>a)</DT><DD Font="normal"><LA>Arbeitsschritte zu planen, Arbeitsmittel festzulegen, Materialien auszuwählen, Anforderungen des Arbeits-, Gesundheits- und Umweltschutzes sowie der Wirtschaftlichkeit zu berücksichtigen,</LA></DD><DT>b)</DT><DD Font="normal"><LA>Auftragsdaten zu übernehmen und zu prüfen, Produkt- und Prozessdaten im Planungsprozess umzusetzen,</LA></DD><DT>c)</DT><DD Font="normal"><LA>Einrichte- und Steuerungsprozesse an Verarbeitungsmaschinen zu planen, dabei Wechselwirkungen von Vorprodukten, Materialien und Maschinen im Verarbeitungsprozess zu berücksichtigen,</LA></DD><DT>d)</DT><DD Font="normal"><LA>verarbeitungsspezifische Berechnungen durchzuführen;</LA></DD></DL></LA></DD><DT>2.</DT><DD Font="normal"><LA>der Prüfling soll praxisbezogene Aufgaben schriftlich bearbeiten;</LA></DD><DT>3.</DT><DD Font="normal"><LA>die Prüfungszeit beträgt 120 Minuten.</LA></DD></DL></P><P>(5) Für den Prüfungsbereich Verarbeitungstechnik bestehen folgende Vorgaben: <DL Type="arabic"><DT>1.</DT><DD Font="normal"><LA>Der Prüfling soll nachweisen, dass er in der Lage ist, <DL Type="alpha"><DT>a)</DT><DD Font="normal"><LA>betriebstypische Verarbeitungsaggregate nach Auftragsdaten und Vorgaben einzustellen,</LA></DD><DT>b)</DT><DD Font="normal"><LA>Prozesskontrollen sowie Mess- und Prüfvorgänge durchzuführen und deren Ergebnisse zur Optimierung des Verarbeitungsprozesses und des Verarbeitungsergebnisses zu nutzen,</LA></DD><DT>c)</DT><DD Font="normal"><LA>Probeprodukte manuell und maschinell zu fertigen,</LA></DD><DT>d)</DT><DD Font="normal"><LA>seine Arbeiten mit praxisüblichen Unterlagen zu dokumentieren;</LA></DD></DL></LA></DD><DT>2.</DT><DD Font="normal"><LA>der Prüfling soll eine Arbeitsaufgabe durchführen, dabei soll er zwei Verarbeitungsaggregate nach Vorgaben einstellen und seine Arbeiten dokumentieren;</LA></DD><DT>3.</DT><DD Font="normal"><LA>die Prüfungszeit beträgt vier Stunden.</LA></DD></DL></P></Content></text></textdaten></norm>
<norm builddate="20210615213143" doknr="BJNR097600011BJNE000800000"><metadaten><jurabk>DruckverarbAusbV</jurabk><enbez>§ 7</enbez><titel format="XML">Abschlussprüfung</titel></metadaten><textdaten><text format="XML"><Content><P>(1) Durch die Abschlussprüfung ist festzustellen, ob der Prüfling die berufliche Handlungsfähigkeit erworben hat. In der Abschlussprüfung soll der Prüfling nachweisen, dass er die dafür erforderlichen beruflichen Fertigkeiten beherrscht, die notwendigen beruflichen Kenntnisse und Fähigkeiten besitzt und mit dem im Berufsschulunterricht zu vermittelnden, für die Berufsausbildung wesentlichen Lehrstoff vertraut ist.</P><P>(2) Die Abschlussprüfung erstreckt sich auf die in der Anlage aufgeführten Fertigkeiten, Kenntnisse und Fähigkeiten sowie auf den im Berufsschulunterricht zu vermittelnden Lehrstoff, soweit er für die Berufsausbildung wesentlich ist. Die Ausbildungsordnung ist zugrunde zu legen.</P><P>(3) Die Abschlussprüfung besteht aus den Prüfungsbereichen <DL Type="arabic"><DT>1.</DT><DD Font="normal"><LA>Druckverarbeitung,</LA></DD><DT>2.</DT><DD Font="normal"><LA>Auftragsplanung und Kommunikation,</LA></DD><DT>3.</DT><DD Font="normal"><LA>Prozesstechnologie,</LA></DD><DT>4.</DT><DD Font="normal"><LA>Wirtschafts- und Sozialkunde.</LA></DD></DL></P><P>(4) Für den Prüfungsbereich Druckverarbeitung bestehen folgende Vorgaben: <DL Type="arabic"><DT>1.</DT><DD Font="normal"><LA>Der Prüfling soll nachweisen, dass er in der Lage ist, <DL Type="alpha"><DT>a)</DT><DD Font="normal"><LA>Prozessabläufe zu planen,</LA></DD><DT>b)</DT><DD Font="normal"><LA>Verarbeitungsanlagen hinsichtlich ihrer Grundeinstellungen zu justieren und maschinentechnische Zusammenhänge bei Funktionsprüfungen zu berücksichtigen,</LA></DD><DT>c)</DT><DD Font="normal"><LA>die für den Arbeitsauftrag benötigten Vorgaben und Materialien zum Einrichten von Verarbeitungsanlagen zu beschaffen sowie Verarbeitungsanlagen zu rüsten,</LA></DD><DT>d)</DT><DD Font="normal"><LA>die Produktion zu starten und zu steuern, das Produktionsergebnis zu prüfen, zu beurteilen und zu optimieren,</LA></DD><DT>e)</DT><DD Font="normal"><LA>Produkte in der vorgegebenen Qualität termingerecht, wirtschaftlich und unter Berücksichtigung der Anforderungen des Arbeits-, Gesundheits- und Umweltschutzes herzustellen,</LA></DD><DT>f)</DT><DD Font="normal"><LA>Maßnahmen zur Behebung von Störungen einzuleiten,</LA></DD><DT>g)</DT><DD Font="normal"><LA>Prozessdaten und die sich im Produktionsablauf ergebenden veränderten Produktionsbedingungen sowie maschinentechnischen Abweichungen zu kommunizieren und zu dokumentieren;</LA></DD></DL></LA></DD><DT>2.</DT><DD Font="normal"><LA>dem Prüfungsbereich ist folgende Tätigkeit zugrunde zu legen:</LA><LA>Herstellen eines Produkts auf einer integrierten Verarbeitungsanlage oder mit mehreren Einzelmaschinen entsprechend der im Ausbildungsvertrag festgelegten Wahlqualifikation nach § 4 Absatz 2 Abschnitt B Nummer 2; dabei ist eine der im Ausbildungsvertrag festgelegten Wahlqualifikationen nach § 4 Absatz 2 Abschnitt B Nummer 1 zu berücksichtigen;</LA></DD><DT>3.</DT><DD Font="normal"><LA>der Prüfling soll eine Arbeitsaufgabe sowie ein situatives Fachgespräch durchführen und seine Arbeiten mit praxisüblichen Unterlagen dokumentieren;</LA></DD><DT>4.</DT><DD Font="normal"><LA>die Prüfungszeit beträgt sieben Stunden, innerhalb dieser Zeit soll das situative Fachgespräch höchstens zehn Minuten dauern.</LA></DD></DL></P><P>(5) Für den Prüfungsbereich Auftragsplanung und Kommunikation bestehen folgende Vorgaben: <DL Type="arabic"><DT>1.</DT><DD Font="normal"><LA>Der Prüfling soll nachweisen, dass er in der Lage ist, <DL Type="alpha"><DT>a)</DT><DD Font="normal"><LA>Arbeitsabläufe unter Beachtung wirtschaftlicher, technischer, organisatorischer und personeller Vorgaben kundenorientiert zu planen, durchzuführen und zu dokumentieren,</LA></DD><DT>b)</DT><DD Font="normal"><LA>Arbeitsschritte unter Einbeziehung von Informationen vor- und nachgelagerter Produktionsbereiche zu planen,</LA></DD><DT>c)</DT><DD Font="normal"><LA>Maschinendaten auszuwerten und zu dokumentieren,</LA></DD><DT>d)</DT><DD Font="normal"><LA>Eigenschaften von Vorprodukten und Materialien sowie deren Wechselwirkungen untereinander und mit den eingesetzten Maschinen und Anlagen zu berücksichtigen,</LA></DD><DT>e)</DT><DD Font="normal"><LA>planungsrelevante Berechnungen durchzuführen;</LA></DD></DL></LA></DD><DT>2.</DT><DD Font="normal"><LA>der Prüfling soll praxisbezogene Aufgaben schriftlich bearbeiten;</LA></DD><DT>3.</DT><DD Font="normal"><LA>die Prüfungszeit beträgt 120 Minuten.</LA></DD></DL></P><P>(6) Für den Prüfungsbereich Prozesstechnologie bestehen folgende Vorgaben: <DL Type="arabic"><DT>1.</DT><DD Font="normal"><LA>Der Prüfling soll nachweisen, dass er in der Lage ist, <DL Type="alpha"><DT>a)</DT><DD Font="normal"><LA>Verarbeitungsprozesse hinsichtlich ihrer Einsatzgebiete zu unterscheiden und Hauptproduktgruppen zuzuordnen,</LA></DD><DT>b)</DT><DD Font="normal"><LA>verarbeitungsspezifische Parameter sowie Produktionsbedingungen in Bezug auf Verarbeitungsanlagen, Vorprodukte, Materialien, betriebliche Rahmenbedingungen und Produktionsvorgaben zu beurteilen und zu nutzen,</LA></DD><DT>c)</DT><DD Font="normal"><LA>qualitätssichernde Maßnahmen für die Optimierung des Verarbeitungsergebnisses anzuwenden sowie prozessbezogene Mess- und Prüfverfahren zu nutzen,</LA></DD><DT>d)</DT><DD Font="normal"><LA>Funktionen von Maschinenelementen sowie Maßnahmen zur Instandhaltung von Maschinen und Anlagen zu beurteilen,</LA></DD><DT>e)</DT><DD Font="normal"><LA>prozessbezogene Berechnungen durchzuführen;</LA></DD></DL></LA></DD><DT>2.</DT><DD Font="normal"><LA>der Prüfling soll praxisbezogene Aufgaben schriftlich bearbeiten;</LA></DD><DT>3.</DT><DD Font="normal"><LA>die Prüfungszeit beträgt 120 Minuten.</LA></DD></DL></P><P>(7) Für den Prüfungsbereich Wirtschafts- und Sozialkunde bestehen folgende Vorgaben: <DL Type="arabic"><DT>1.</DT><DD Font="normal"><LA>Der Prüfling soll nachweisen, dass er in der Lage ist, allgemeine wirtschaftliche und gesellschaftliche Zusammenhänge der Berufs- und Arbeitswelt darzustellen und zu beurteilen;</LA></DD><DT>2.</DT><DD Font="normal"><LA>der Prüfling soll praxisorientierte Aufgaben schriftlich bearbeiten;</LA></DD><DT>3.</DT><DD Font="normal"><LA>die Prüfungszeit beträgt 60 Minuten.</LA></DD></DL></P></Content></text></textdaten></norm>
<norm builddate="20210615213143" doknr="BJNR097600011BJNE000900000"><metadaten><jurabk>DruckverarbAusbV</jurabk><enbez>§ 8</enbez><titel format="XML">Gewichtungs- und Bestehensregelung</titel></metadaten><textdaten><text format="XML"><Content><P>(1) Die einzelnen Prüfungsbereiche sind wie folgt zu gewichten: <BR/><BR/><table frame="none" pgwide="1" tocentry="%yes;"><tgroup align="left" char="" charoff="50" cols="3"><colspec colname="col1" colwidth="0.07*"/><colspec colname="col2" colwidth="1.05*"/><colspec colname="col3" colwidth="1.87*"/><tbody valign="top"><row><entry VJ="1" colsep="0" rowsep="0">1.</entry><entry VJ="1" colsep="0" rowsep="0">Prüfungsbereich Druckverarbeitung</entry><entry VJ="1" rowsep="0">50 Prozent,<BR/><BR/></entry></row><row><entry VJ="1" colsep="0" rowsep="0">2.</entry><entry VJ="1" colsep="0" rowsep="0">Prüfungsbereich Auftragsplanung und Kommunikation</entry><entry VJ="1" rowsep="0">20 Prozent,<BR/><BR/></entry></row><row><entry VJ="1" colsep="0" rowsep="0">3.</entry><entry VJ="1" colsep="0" rowsep="0">Prüfungsbereich Prozesstechnologie</entry><entry VJ="1" rowsep="0">20 Prozent,<BR/><BR/></entry></row><row><entry VJ="1" colsep="0">4.</entry><entry VJ="1" colsep="0">Prüfungsbereich Wirtschafts- und Sozialkunde</entry><entry VJ="1">10 Prozent.</entry></row></tbody></tgroup></table></P><P>(2) Die Abschlussprüfung ist bestanden, wenn die Leistungen <DL Font="normal" Type="arabic"><DT>1.</DT><DD Font="normal"><LA Size="normal">im Gesamtergebnis mit mindestens „ausreichend“,</LA></DD><DT>2.</DT><DD Font="normal"><LA Size="normal">im Prüfungsbereich „Druckverarbeitung“ mit mindestens „ausreichend“,</LA></DD><DT>3.</DT><DD Font="normal"><LA Size="normal">in mindestens zwei weiteren Prüfungsbereichen mit mindestens „ausreichend“ und</LA></DD><DT>4.</DT><DD Font="normal"><LA Size="normal">in keinem Prüfungsbereich mit „ungenügend“</LA></DD></DL>bewertet worden sind.</P><P>(3) Auf Antrag des Prüflings ist die Prüfung in einem der schlechter als „ausreichend“ bewerteten Prüfungsbereiche „Auftragsplanung und Kommunikation“ oder „Prozesstechnologie“ oder „Wirtschafts- und Sozialkunde“ durch eine mündliche Prüfung von etwa 15 Minuten zu ergänzen, wenn dies für das Bestehen der Prüfung den Ausschlag geben kann. Bei der Ermittlung des Ergebnisses für diesen Prüfungsbereich sind das bisherige Ergebnis und das Ergebnis der mündlichen Ergänzungsprüfung im Verhältnis von 2:1 zu gewichten.</P></Content></text></textdaten></norm>
<norm builddate="20210615213143" doknr="BJNR097600011BJNE001000000"><metadaten><jurabk>DruckverarbAusbV</jurabk><enbez>§ 9</enbez><titel format="XML">Bestehende Berufsausbildungsverhältnisse</titel></metadaten><textdaten><text format="XML"><Content><P>Berufsausbildungsverhältnisse zum Buchbinder und zur Buchbinderin nach der Verordnung über die Berufsausbildung zum Buchbinder/zur Buchbinderin vom 8. Dezember 1995 (BGBl. I S. 1610), die durch die Verordnung vom 11. Juli 2001 (BGBl. I S. 1577) geändert worden ist, die bei Inkrafttreten dieser Verordnung bestehen, können, wenn noch keine Zwischenprüfung abgelegt wurde und die Vertragsparteien dies vereinbaren, unter Anrechnung der bisher zurückgelegten Ausbildungszeit nach den Vorschriften dieser Verordnung fortgesetzt werden.</P></Content></text></textdaten></norm>
<norm builddate="20210615213143" doknr="BJNR097600011BJNE001100000"><metadaten><jurabk>DruckverarbAusbV</jurabk><enbez>§ 10</enbez><titel format="XML">Anrechnungsregelung</titel></metadaten><textdaten><text format="XML"><Content><P>Nach erfolgreichem Abschluss der Berufsausbildung zum Maschinen- und Anlagenführer oder zur Maschinen- und Anlagenführerin im Schwerpunkt Druckweiter- und Papierverarbeitung kann die Ausbildungsdauer einer Berufsausbildung zum Medientechnologen Druckverarbeitung oder zur Medientechnologin Druckverarbeitung um zwei Jahre verkürzt werden.</P></Content></text></textdaten></norm>
<norm builddate="20210615213143" doknr="BJNR097600011BJNE001200000"><metadaten><jurabk>DruckverarbAusbV</jurabk><enbez>§ 11</enbez><titel format="XML">Inkrafttreten</titel></metadaten><textdaten><text format="XML"><Content><P>Diese Verordnung tritt am 1. August 2011 in Kraft.</P></Content></text></textdaten></norm>
<norm builddate="20210615213143" doknr="BJNR097600011BJNE001300000"><metadaten><jurabk>DruckverarbAusbV</jurabk><enbez>Anlage</enbez><titel format="XML">(zu § 4 Absatz 1 Satz 1)<BR/>Ausbildungsrahmenplan für die Berufsausbildung zum Medientechnologen Druckverarbeitung und zur Medientechnologin Druckverarbeitung</titel></metadaten><textdaten><text format="XML"><Content><P><noindex><kommentar typ="Fundstelle">(Fundstelle: BGBl. I 2011, 980 - 987)</kommentar></noindex></P><BR/><P><B><SP>Abschnitt A: Berufsprofilgebende Fertigkeiten, Kenntnisse und Fähigkeiten</SP></B></P><table frame="all" pgwide="1" tabstyle="tabelle1" tocentry="%yes;"><tgroup align="left" char="" charoff="50" cols="5" colsep="1" rowsep="1"><colspec align="center" colname="col1" colnum="1" colwidth="0.6*"/><colspec colname="col2" colnum="2" colwidth="3.0*"/><colspec colname="col3" colnum="3" colwidth="7.3*"/><colspec align="center" colname="col4" colnum="4" colwidth="1.3*"/><colspec align="center" colname="col5" colnum="5" colwidth="1.3*"/><thead valign="bottom"><row><entry VJ="1" align="center" colname="col1" morerows="1" valign="middle">Lfd.<BR/> Nr.</entry><entry VJ="1" align="center" colname="col2" morerows="1" valign="middle">Teil des<BR/> Ausbildungsberufsbildes</entry><entry VJ="1" align="center" colname="col3" morerows="1" valign="middle">Zu vermittelnde<BR/> Fertigkeiten, Kenntnisse und Fähigkeiten</entry><entry VJ="1" align="center" colname="col4" nameend="col5" namest="col4" valign="middle">Zeitliche Richtwerte<BR/> in Wochen im</entry></row><row><entry VJ="1" align="center" colname="col4" valign="middle">1. bis 18.<BR/> Monat</entry><entry VJ="1" align="center" colname="col5" valign="middle">19. bis 36.<BR/> Monat</entry></row><row><entry VJ="1" align="center" colname="col1" valign="middle">1</entry><entry VJ="1" align="center" colname="col2" valign="middle">2</entry><entry VJ="1" align="center" colname="col3" valign="middle">3</entry><entry VJ="1" align="center" colname="col4" nameend="col5" namest="col4" valign="middle">4</entry></row></thead><tbody valign="top"><row><entry VJ="1" colname="col1">1</entry><entry VJ="1" colname="col2">Planen des Ablaufs von Verarbeitungsaufträgen<BR/> (§ 4 Absatz 2<BR/> Abschnitt A<BR/>Nummer 1)</entry><entry VJ="1" colname="col3"><DL Type="alpha"><DT>a)</DT><DD Font="normal"><LA>Auftragsunterlagen auf Vollständigkeit prüfen und Realisierbarkeit der Produktionsvorgaben kontrollieren</LA></DD><DT>b)</DT><DD Font="normal"><LA>Vorprodukte auf Vollständigkeit und Verarbeitungsfähigkeit, Seiten- und Nutzenanordnung unter Berücksichtigung von Druckweiterverarbeitungsvorgaben und Ausschießregeln sowie Kontrollelemente für die Weiterverarbeitung prüfen</LA></DD><DT>c)</DT><DD Font="normal"><LA>Materialien für die Produktion auswählen und auf Verwendbarkeit prüfen</LA></DD><DT>d)</DT><DD Font="normal"><LA>Produktionsbedingungen, insbesondere bezüglich der Wechselwirkungen von Verarbeitungsanlagen, Materialien und Klima, beurteilen</LA></DD><DT>e)</DT><DD Font="normal"><LA>Maschinenbelegung planen und festlegen</LA></DD><DT>f)</DT><DD Font="normal"><LA>Produkt- und Prozessdaten bei der Planung von Aufträgen nutzen</LA></DD><DT>g)</DT><DD Font="normal"><LA>Materialfluss sowie material- und transportgerechte Lagerung von Produkten planen, dabei innerbetriebliche logistische Prozesse nutzen</LA></DD></DL></entry><entry VJ="1" colname="col4" valign="middle">22</entry><entry VJ="1" colname="col5"/></row><row><entry VJ="1" colname="col1">2</entry><entry VJ="1" colname="col2">Rüsten und<BR/> Konfigurieren von<BR/> Verarbeitungsanlagen<BR/> (§ 4 Absatz 2<BR/> Abschnitt A<BR/>Nummer 2)</entry><entry VJ="1" colname="col3"><DL Type="alpha"><DT>a)</DT><DD Font="normal"><LA>Auftragsdaten für die Maschinensteuerung übernehmen, Maschinen produkt- und produktionsorientiert einrichten</LA></DD><DT>b)</DT><DD Font="normal"><LA>Material bereitstellen, vorbereiten und handhaben</LA></DD><DT>c)</DT><DD Font="normal"><LA>Probeprodukte erstellen und Übereinstimmung mit den Anforderungen überprüfen, bei Abweichungen Maschineneinstellungen optimieren</LA></DD><DT>d)</DT><DD Font="normal"><LA>Prozesskontrollsysteme einstellen</LA></DD><DT>e)</DT><DD Font="normal"><LA>nach Freigabe Einrichtedaten dokumentieren und Produktion starten</LA></DD></DL></entry><entry VJ="1" colname="col4" valign="middle">28</entry><entry VJ="1" colname="col5"/></row><row><entry VJ="1" colname="col1">3</entry><entry VJ="1" colname="col2">Steuern und<BR/> Überwachen von<BR/> Produktionsprozessen<BR/> (§ 4 Absatz 2<BR/> Abschnitt A<BR/>Nummer 3)</entry><entry VJ="1" colname="col3"><DL Type="alpha"><DT>a)</DT><DD Font="normal"><LA>Produktion unter Berücksichtigung von Leistung und Ausschussminimierung steuern</LA></DD><DT>b)</DT><DD Font="normal"><LA>Prozesskontrolle durchführen, Störungen im Prozess und an Maschinen beheben, Materialfluss sicherstellen</LA></DD><DT>c)</DT><DD Font="normal"><LA>Wirkungszusammenhänge von Steuer- und Regelprozessen sowie Sensoren und mechanischen, pneumatischen, hydraulischen, elektrischen, elektronischen und elektro-pneumatischen Funktionen in Verarbeitungsanlagen und -aggregaten berücksichtigen</LA></DD><DT>d)</DT><DD Font="normal"><LA>Arbeitsergebnisse hinsichtlich der Einhaltung von Normen und Toleranzen prüfen und beurteilen</LA></DD><DT>e)</DT><DD Font="normal"><LA>qualitätssichernde Maßnahmen durchführen</LA></DD><DT>f)</DT><DD Font="normal"><LA>Fertigungsdaten protokollieren</LA></DD></DL></entry><entry VJ="1" colname="col4" valign="middle">28</entry><entry VJ="1" colname="col5"/></row><row><entry VJ="1" colname="col1">4</entry><entry VJ="1" colname="col2">Verarbeitungstechnologien und<BR/> -prozesse<BR/> (§ 4 Absatz 2<BR/> Abschnitt A<BR/>Nummer 4)</entry><entry VJ="1" colname="col3"><DL Type="alpha"><DT>a)</DT><DD Font="normal"><LA>Verarbeitungstechniken im Prozessablauf hinsichtlich der zu erzielenden Produktqualität einschließlich Kosten und Ressourcenschonung beurteilen</LA></DD><DT>b)</DT><DD Font="normal"><LA>Verarbeitungsmaschinen und -anlagen hinsichtlich Funktion, Aufbau, Steuerung und Regelung sowie Einsatzmöglichkeiten, Mengenausbringung und Kosten beurteilen</LA></DD><DT>c)</DT><DD Font="normal"><LA>Materialverhalten bezüglich des Fertigungsprozesses und der geforderten Qualität beurteilen</LA></DD><DT>d)</DT><DD Font="normal"><LA>Kombinierbarkeit von Aggregaten maschinen- und materialbezogen beurteilen</LA></DD><DT>e)</DT><DD Font="normal"><LA>technische Abläufe als integrierten Produktionsprozess unter Berücksichtigung wirtschaftlicher und ökologischer Aspekte darstellen</LA></DD></DL></entry><entry VJ="1" colname="col4"/><entry VJ="1" colname="col5" valign="middle">10</entry></row><row><entry VJ="1" colname="col1">5</entry><entry VJ="1" colname="col2">Instandhalten von<BR/> Verarbeitungsanlagen<BR/> (§ 4 Absatz 2<BR/> Abschnitt A<BR/>Nummer 5)</entry><entry VJ="1" colname="col3"><DL Type="alpha"><DT>a)</DT><DD Font="normal"><LA>Funktionen von Maschinenteilen unter Beachtung von Sicherheitsvorgaben, insbesondere von Sensoren, mechanischen, pneumatischen, hydraulischen, elektrischen, elektronischen und elektro-pneumatischen Maschinenelementen, prüfen</LA></DD><DT>b)</DT><DD Font="normal"><LA>Störungen an Maschinen und Einrichtungen feststellen und beschreiben, Fehler beseitigen und Behebung veranlassen</LA></DD><DT>c)</DT><DD Font="normal"><LA>Wartung durchführen, Verschleißteile austauschen</LA></DD><DT>d)</DT><DD Font="normal"><LA>Sicherheitseinrichtungen auf ihre Wirksamkeit überprüfen</LA></DD><DT>e)</DT><DD Font="normal"><LA>Änderungen an Maschineneinstellungen, Austausch von Maschinenteilen sowie Prüfergebnisse dokumentieren</LA></DD><DT>f)</DT><DD Font="normal"><LA>Werkzeuge und Arbeitsmittel inspizieren, pflegen und warten</LA></DD><DT>g)</DT><DD Font="normal"><LA>Schmierstoffe nach Verwendungszweck auswählen und unter Beachtung von Schmierplänen einsetzen</LA></DD></DL></entry><entry VJ="1" colname="col4"/><entry VJ="1" colname="col5" valign="middle">10</entry></row></tbody></tgroup></table><P><B><SP>Abschnitt B: Weitere berufsprofilgebende Fertigkeiten, Kenntnisse und Fähigkeiten aus den Wahlqualifikationen</SP></B></P><P><B>1. Auswahlliste I</B></P><table frame="all" pgwide="1" tabstyle="tabelle1" tocentry="%yes;"><tgroup align="left" char="" charoff="50" cols="5" colsep="1" rowsep="1"><colspec align="center" colname="col1" colnum="1" colwidth="0.6*"/><colspec colname="col2" colnum="2" colwidth="3.0*"/><colspec colname="col3" colnum="3" colwidth="7.3*"/><colspec align="center" colname="col4" colnum="4" colwidth="1.3*"/><colspec align="center" colname="col5" colnum="5" colwidth="1.3*"/><thead valign="bottom"><row><entry VJ="1" align="center" colname="col1" morerows="1" valign="middle">Lfd.<BR/> Nr.</entry><entry VJ="1" align="center" colname="col2" morerows="1" valign="middle">Teil des<BR/> Ausbildungsberufsbildes</entry><entry VJ="1" align="center" colname="col3" morerows="1" valign="middle">Zu vermittelnde<BR/> Fertigkeiten, Kenntnisse und Fähigkeiten</entry><entry VJ="1" align="center" colname="col4" nameend="col5" namest="col4" valign="middle">Zeitliche Richtwerte<BR/> in Wochen im</entry></row><row><entry VJ="1" align="center" colname="col4" valign="middle">1. bis 18.<BR/> Monat</entry><entry VJ="1" align="center" colname="col5" valign="middle">19. bis 36.<BR/> Monat</entry></row><row><entry VJ="1" align="center" colname="col1" valign="middle">1</entry><entry VJ="1" align="center" colname="col2" valign="middle">2</entry><entry VJ="1" align="center" colname="col3" valign="middle">3</entry><entry VJ="1" align="center" colname="col4" nameend="col5" namest="col4" valign="middle">4</entry></row></thead><tbody valign="top"><row rowsep="0"><entry VJ="1" colname="col1">I.1</entry><entry VJ="1" colname="col2">Produktionsvorbereitung,<BR/> Versandraumtechnik<BR/> (§ 4 Absatz 2<BR/> Abschnitt B<BR/> Nummer I.1)</entry><entry VJ="1" colname="col3"><DL Type="alpha"><DT>a)</DT><DD Font="normal"><LA>Beilagen und Vorprodukte auf Vollständigkeit, Beschädigungen und anhand von Mustern auf Richtigkeit prüfen</LA></DD><DT>b)</DT><DD Font="normal"><LA>logistische und personelle Maßnahmen zur störungsfreien und wirtschaftlichen Produktion einleiten</LA></DD><DT>c)</DT><DD Font="normal"><LA>Vorprodukte und Beilagen wickeln und palettieren</LA></DD><DT>d)</DT><DD Font="normal"><LA>Inlinefinishing-Aggregate einrichten</LA></DD><DT>e)</DT><DD Font="normal"><LA>Reihenfolge der beizulegenden Produkte bezogen auf Maschinenkonfigurationen und Anforderungen eines optimierten Produktionsablaufs festlegen</LA></DD></DL></entry><entry VJ="1" colname="col4"/><entry VJ="1" colname="col5"/></row><row><entry VJ="1" colname="col1"/><entry VJ="1" colname="col2"/><entry VJ="1" colname="col3"><DL Type="alpha"><DT>f)</DT><DD Font="normal"><LA>Weiterverarbeitungsanlagen unter Berücksichtigung von Format, Gewicht, Umfang, Oberflächenbeschaffenheit, Stellung und Anzahl von Klammern der zu verarbeitenden Vorprodukte und Prospekte einrichten und Probelauf durchführen</LA></DD><DT>g)</DT><DD Font="normal"><LA>Transportarbeiten durchführen, dabei Flurförderzeuge einsetzen</LA></DD><DT>h)</DT><DD Font="normal"><LA>Daten für Ausgabeprozesse aus vor- und nachgelagerten Abteilungen für einen optimierten Produktionsablauf prüfen, überarbeiten und übernehmen</LA></DD><DT>i)</DT><DD Font="normal"><LA>Produktion entsprechend der Touren und Bezirke programmgestützt planen</LA></DD><DT>j)</DT><DD Font="normal"><LA>Produktionsparameter an rechnergesteuerten Anlagen und Aggregaten einstellen und Daten übergeben</LA></DD><DT>k)</DT><DD Font="normal"><LA>Speicher für vorgefertigte Produkte warten und Reparaturen durchführen</LA></DD></DL></entry><entry VJ="1" colname="col4"/><entry VJ="1" colname="col5"><BR/><BR/><BR/> 13</entry></row><row><entry VJ="1" colname="col1">I.2</entry><entry VJ="1" colname="col2">Linienführung<BR/> (§ 4 Absatz 2<BR/> Abschnitt B<BR/> Nummer I.2)</entry><entry VJ="1" colname="col3"><DL Type="alpha"><DT>a)</DT><DD Font="normal"><LA>Personaleinsatz entsprechend der Produktionsanforderungen planen</LA></DD><DT>b)</DT><DD Font="normal"><LA>Personal nach Qualifikationsanforderungen einsetzen und während des Produktionsablaufes koordinieren</LA></DD><DT>c)</DT><DD Font="normal"><LA>Personal aggregatbezogen unterweisen und kontrollieren, Arbeitsergebnisse beurteilen</LA></DD><DT>d)</DT><DD Font="normal"><LA>Einhaltung von Produktionsvorgaben sicherstellen und dokumentieren</LA></DD><DT>e)</DT><DD Font="normal"><LA>Sicherheitsunterweisungen durchführen, Einhaltung von Arbeitsschutzvorschriften überprüfen</LA></DD></DL></entry><entry VJ="1" colname="col4"/><entry VJ="1" colname="col5" valign="middle">13</entry></row><row><entry VJ="1" colname="col1">I.3</entry><entry VJ="1" colname="col2">Maschinentechnik und erweiterte Instandhaltung<BR/> (§ 4 Absatz 2<BR/> Abschnitt B<BR/> Nummer I.3)</entry><entry VJ="1" colname="col3"><DL Type="alpha"><DT>a)</DT><DD Font="normal"><LA>technische Dokumentationen nutzen</LA></DD><DT>b)</DT><DD Font="normal"><LA>Anlagen und Anlagenteile inspizieren, Fehler, Beschädigungen und Störungen feststellen und eingrenzen, Maßnahmen zur Fehlerbehebung ergreifen</LA></DD><DT>c)</DT><DD Font="normal"><LA>mechanische Bauteile aus- und einbauen, instand setzen und Grundeinstellungen nach Vorgaben vornehmen</LA></DD><DT>d)</DT><DD Font="normal"><LA>Anlagen und Anlagenteile nach Wartungs- und Instandhaltungsplänen warten, Verschleißteile im Rahmen der vorbeugenden Instandhaltung austauschen und einstellen</LA></DD><DT>e)</DT><DD Font="normal"><LA>Funktionen von Kraftübertragungs- und Antriebselementen überprüfen, Störungen und deren Ursachen erkennen und Behebung veranlassen</LA></DD><DT>f)</DT><DD Font="normal"><LA>Grundeinstellungen und Austausch von Teilen sowie Prüfergebnisse dokumentieren</LA></DD></DL></entry><entry VJ="1" colname="col4"/><entry VJ="1" colname="col5" valign="middle">13</entry></row><row><entry VJ="1" colname="col1">I.4</entry><entry VJ="1" colname="col2">Klebebindetechnik<BR/> (§ 4 Absatz 2<BR/> Abschnitt B<BR/> Nummer I.4)</entry><entry VJ="1" colname="col3"><DL Type="alpha"><DT>a)</DT><DD Font="normal"><LA>Vorprodukte, insbesondere Falzbogen und Buchblöcke, sowie Weiterverarbeitungsmaterialien, bereitstellen</LA></DD><DT>b)</DT><DD Font="normal"><LA>Klebstoffe produkt- und materialbezogen auswählen, Klebstoffsysteme vorbereiten und auf Produkt abstimmen</LA></DD><DT>c)</DT><DD Font="normal"><LA>Klebebindeanlage einrichten und bedienen, Produktionsablauf überwachen, Fertigungsstörungen erkennen und beheben</LA></DD><DT>d)</DT><DD Font="normal"><LA>Zusatzaggregate in die Klebebindeanlage auftragsbezogen einbinden, einrichten und bedienen</LA></DD><DT>e)</DT><DD Font="normal"><LA>Arbeitsergebnisse prüfen, beurteilen und dokumentieren</LA></DD></DL></entry><entry VJ="1" colname="col4"/><entry VJ="1" colname="col5" valign="middle">13</entry></row><row><entry VJ="1" colname="col1">I.5</entry><entry VJ="1" colname="col2">Sammelhefttechnik<BR/> (§ 4 Absatz 2<BR/> Abschnitt B<BR/>Nummer I.5)</entry><entry VJ="1" colname="col3"><DL Type="alpha"><DT>a)</DT><DD Font="normal"><LA>Falzbogen und Weiterverarbeitungsmaterialien bereitstellen</LA></DD><DT>b)</DT><DD Font="normal"><LA>Sammelheftanlage einschließlich Drahtheft- und Schneideinrichtung auftragsbezogen einrichten und bedienen</LA></DD><DT>c)</DT><DD Font="normal"><LA>Zusatzaggregate in die Sammelheftanlage auftragsbezogen einbinden, einrichten und bedienen</LA></DD><DT>d)</DT><DD Font="normal"><LA>Produktionsablauf überwachen, Fertigungsstörungen erkennen und beheben</LA></DD><DT>e)</DT><DD Font="normal"><LA>Arbeitsergebnisse prüfen, beurteilen und dokumentieren</LA></DD></DL></entry><entry VJ="1" colname="col4"/><entry VJ="1" colname="col5" valign="middle">13</entry></row><row><entry VJ="1" colname="col1">I.6</entry><entry VJ="1" colname="col2">Spezielle Druckweiterverarbeitungsprozesse<BR/> (§ 4 Absatz 2<BR/> Abschnitt B<BR/> Nummer I.6)</entry><entry VJ="1" colname="col3"><DL Type="alpha"><DT>a)</DT><DD Font="normal"><LA>Vorprodukte für spezielle Druckweiterverarbeitungsprozesse, wie Mailing- oder Wandkalenderproduktion oder Einzelblattbindung oder Produktveredelung, bereitstellen</LA></DD><DT>b)</DT><DD Font="normal"><LA>Weiterverarbeitungsmaterialien auswählen, vorbereiten und auf Produkt abstimmen</LA></DD><DT>c)</DT><DD Font="normal"><LA>Verarbeitungsanlagen einrichten und bedienen, Produktionsablauf überwachen, Fertigungsstörungen erkennen und beheben</LA></DD><DT>d)</DT><DD Font="normal"><LA>Zusatzaggregate auftragsbezogen einbinden, einrichten und bedienen</LA></DD><DT>e)</DT><DD Font="normal"><LA>Arbeitsergebnisse prüfen, beurteilen und dokumentieren</LA></DD></DL></entry><entry VJ="1" colname="col4"/><entry VJ="1" colname="col5" valign="middle">13</entry></row><row><entry VJ="1" colname="col1">I.7</entry><entry VJ="1" colname="col2">Deckenbandfertigung<BR/> (§ 4 Absatz 2<BR/> Abschnitt B<BR/> Nummer I.7)</entry><entry VJ="1" colname="col3"><DL Type="alpha"><DT>a)</DT><DD Font="normal"><LA>Vorsatz- und Weiterverarbeitungsmaterialien bereitstellen</LA></DD><DT>b)</DT><DD Font="normal"><LA>Vorsatzklebeeinrichtung auftragsbezogen einrichten und bedienen</LA></DD><DT>c)</DT><DD Font="normal"><LA>Qualität der Schnittveredelung, insbesondere des Gold- und Farbschnitts, beurteilen</LA></DD><DT>d)</DT><DD Font="normal"><LA>Materialien für die Deckenfertigung zuschneiden und bereitstellen</LA></DD><DT>e)</DT><DD Font="normal"><LA>Buchdeckenautomat und Prägepresse auftragsbezogen einrichten und bedienen</LA></DD><DT>f)</DT><DD Font="normal"><LA>deckenbandspezifische Einrichtungen in einer Buchfertigungsstraße einschließlich vor- und nachgelagerter Zusatzaggregate auftragsbezogen einrichten und bedienen</LA></DD><DT>g)</DT><DD Font="normal"><LA>Produktionsablauf überwachen, Fertigungsstörungen erkennen und beheben</LA></DD><DT>h)</DT><DD Font="normal"><LA>Arbeitsergebnisse prüfen, beurteilen und dokumentieren</LA></DD></DL></entry><entry VJ="1" colname="col4"/><entry VJ="1" colname="col5" valign="middle">13</entry></row></tbody></tgroup></table><P><B>2. Auswahlliste II</B></P><table frame="all" pgwide="1" tabstyle="tabelle1" tocentry="%yes;"><tgroup align="left" char="" charoff="50" cols="5" colsep="1" rowsep="1"><colspec align="center" colname="col1" colnum="1" colwidth="0.6*"/><colspec colname="col2" colnum="2" colwidth="3.0*"/><colspec colname="col3" colnum="3" colwidth="7.3*"/><colspec align="center" colname="col4" colnum="4" colwidth="1.3*"/><colspec align="center" colname="col5" colnum="5" colwidth="1.3*"/><thead valign="bottom"><row><entry VJ="1" align="center" colname="col1" morerows="1" valign="middle">Lfd.<BR/> Nr.</entry><entry VJ="1" align="center" colname="col2" morerows="1" valign="middle">Teil des<BR/> Ausbildungsberufsbildes</entry><entry VJ="1" align="center" colname="col3" morerows="1" valign="middle">Zu vermittelnde<BR/> Fertigkeiten, Kenntnisse und Fähigkeiten</entry><entry VJ="1" align="center" colname="col4" nameend="col5" namest="col4" valign="middle">Zeitliche Richtwerte<BR/> in Wochen im</entry></row><row><entry VJ="1" align="center" colname="col4" valign="middle">1. bis 18.<BR/> Monat</entry><entry VJ="1" align="center" colname="col5" valign="middle">19. bis 36.<BR/> Monat</entry></row><row><entry VJ="1" align="center" colname="col1" valign="middle">1</entry><entry VJ="1" align="center" colname="col2" valign="middle">2</entry><entry VJ="1" align="center" colname="col3" valign="middle">3</entry><entry VJ="1" align="center" colname="col4" nameend="col5" namest="col4" valign="middle">4</entry></row></thead><tbody valign="top"><row rowsep="0"><entry VJ="1" colname="col1">II.1</entry><entry VJ="1" colname="col2">Zeitungsproduktion<BR/> (§ 4 Absatz 2<BR/> Abschnitt B<BR/> Nummer II.1)</entry><entry VJ="1" colname="col3"><DL Type="alpha"><DT>a)</DT><DD Font="normal"><LA>Produktionsprozess mit vorgelagerten Produktionsstufen abstimmen</LA></DD><DT>b)</DT><DD Font="normal"><LA>Produktionsunterlagen prüfen, Reihenfolge der Prozessabläufe entsprechend der spezifischen Zeitungsproduktion festlegen</LA></DD><DT>c)</DT><DD Font="normal"><LA>gelieferte Vorprodukte, insbesondere Beilagen, auf Verarbeitungsfähigkeit kontrollieren, eigene Vorproduktion zwischenspeichern, für die Hauptproduktion bereitstellen und innerbetrieblichen Transport disponieren</LA></DD></DL></entry><entry VJ="1" colname="col4"/><entry VJ="1" colname="col5"/></row><row><entry VJ="1" colname="col1"/><entry VJ="1" colname="col2"/><entry VJ="1" colname="col3"><DL Type="alpha"><DT>d)</DT><DD Font="normal"><LA>Verarbeitungsmaterialien termingerecht zuführen</LA></DD><DT>e)</DT><DD Font="normal"><LA>Produktionsmuster manuell und maschinell zusammenstellen, anhand der Produktionsmuster im Verarbeitungsprozess Qualität überprüfen und bei Verarbeitungsproblemen Entscheidungen für Alternativen treffen</LA></DD><DT>f)</DT><DD Font="normal"><LA>Einstecksysteme, Hand- und Stangenanleger, Transporteure, Produktübergabesysteme, Kreuzleger, Folieneinschlagmaschinen, Bindemaschinen, Verteil- und Abtransportsysteme, Kartenkleber und Adressiersysteme einrichten, dabei Prozessparameter eingeben und einstellen</LA></DD><DT>g)</DT><DD Font="normal"><LA>Zeitungsfertigungslinien anfahren, dabei Materialfluss und Zusammenspiel der Einzelaggregate für störungsfreie sowie termin- und qualitätsgerechte Produktion optimieren</LA></DD><DT>h)</DT><DD Font="normal"><LA>Produktionsablauf bei Änderungen aus vorgelagerten Produktionsstufen unter Berücksichtigung von Auslieferungsvorgaben anpassen</LA></DD><DT>i)</DT><DD Font="normal"><LA>bei Verarbeitungsproblemen Entscheidungen für Alternativen unter Berücksichtigung der Wechselwirkungen zwischen Materialien, klimatischen Einflüssen, veredelten Vorprodukten, Druckgeschwindigkeit und Versandraumprozessen treffen</LA></DD><DT>j)</DT><DD Font="normal"><LA>Zeitungsprodukt auf Vollständigkeit und Qualität beurteilen, Ergebnisse dokumentieren, Belegmuster archivieren</LA></DD><DT>k)</DT><DD Font="normal"><LA>Zeitungspakete fertigstellen und der Auslieferung zuführen, Zeitungen für den individualisierten Versand zustellfertig machen</LA></DD><DT>l)</DT><DD Font="normal"><LA>Ladepapiere ausfertigen und Ladungssicherung überprüfen, gesicherte Ladung an Beförderer übergeben</LA></DD><DT>m)</DT><DD Font="normal"><LA>Produktionsmittel für Folgeproduktionen vorrüsten, dabei steuer- und regeltechnische Einrichtungen überprüfen, Fehler beheben oder Behebung veranlassen</LA></DD></DL></entry><entry VJ="1" colname="col4"/><entry VJ="1" colname="col5" valign="middle">26<BR/><BR/><BR/><BR/><BR/><BR/><BR/><BR/><BR/><BR/></entry></row><row rowsep="0"><entry VJ="1" colname="col1">II.2</entry><entry VJ="1" colname="col2">Akzidenzproduktion<BR/> (§ 4 Absatz 2<BR/> Abschnitt B<BR/> Nummer II.2)</entry><entry VJ="1" colname="col3"><DL Type="alpha"><DT>a)</DT><DD Font="normal"><LA>Produktionsmittel einschließlich steuer- und regeltechnischer Einrichtungen überprüfen, Fehler beheben oder Behebung veranlassen</LA></DD><DT>b)</DT><DD Font="normal"><LA>Aufträge planen, mit vor- und nachgelagerten Produktionsstufen abstimmen</LA></DD><DT>c)</DT><DD Font="normal"><LA>Auftragsunterlagen hinsichtlich ihrer produkt- und weiterverarbeitungsspezifischen Anforderungen prüfen, Reihenfolge der Prozessabläufe entsprechend der spezifischen Akzidenzproduktion festlegen</LA></DD><DT>d)</DT><DD Font="normal"><LA>gelieferte Vorprodukte auf Verarbeitungsfähigkeit kontrollieren</LA></DD><DT>e)</DT><DD Font="normal"><LA>Verarbeitungsmaterialien auftragsbezogen einsetzen, im Verarbeitungsprozess auf Qualität überprüfen, bei Verarbeitungsproblemen Entscheidungen für Alternativen treffen</LA></DD><DT>f)</DT><DD Font="normal"><LA>Fertigungsmuster manuell und maschinell erstellen</LA></DD><DT>g)</DT><DD Font="normal"><LA>Verarbeitungsmaschinen und -anlagen der Akzidenzproduktion, insbesondere mit Trenn-, Falz-, Sammel-, Umform-, Füge- und Veredelungstechniken, prozessbezogen einrichten</LA></DD></DL></entry><entry VJ="1" colname="col4"/><entry VJ="1" colname="col5"/></row><row><entry VJ="1" colname="col1"/><entry VJ="1" colname="col2"/><entry VJ="1" colname="col3"><DL Type="alpha"><DT>h)</DT><DD Font="normal"><LA>Prozessparameter unter Berücksichtigung maschinenspezifischer Bedingungen eingeben und einstellen, für Wiederholaufträge dokumentieren</LA></DD><DT>i)</DT><DD Font="normal"><LA>Verarbeitungsmaschinen und -anlagen anfahren, dabei Materiallauf und Fertigungsgenauigkeit optimieren, Produktionsergebnisse im Arbeitsprozess analysieren, störungsfreie Produktion sicherstellen</LA></DD><DT>j)</DT><DD Font="normal"><LA>bei Verarbeitungsproblemen Entscheidungen für Alternativen unter Berücksichtigung der Wechselwirkungen zwischen Materialien, klimatischen Einflüssen, veredelten Vorprodukten und Fertigungsprozessen treffen</LA></DD><DT>k)</DT><DD Font="normal"><LA>Zwischenlagerung von Halbfertigprodukten und innerbetrieblichen Transport aufeinander abstimmen und optimieren</LA></DD><DT>l)</DT><DD Font="normal"><LA>Qualitätskontrollen nach Normen und Spezifikationen durchführen, Arbeitsergebnis in Bezug auf Verwendbarkeit und Qualität beurteilen, Resultate dokumentieren sowie Belegmuster archivieren</LA></DD><DT>m)</DT><DD Font="normal"><LA>Produkte lager- und versandfertig machen, dabei produktspezifische sowie standardisierte und individualisierte Versandbedingungen berücksichtigen</LA></DD></DL></entry><entry VJ="1" colname="col4"/><entry VJ="1" colname="col5">26</entry></row><row rowsep="0"><entry VJ="1" colname="col1">II.3</entry><entry VJ="1" colname="col2">Buchproduktion<BR/> (§ 4 Absatz 2<BR/> Abschnitt B<BR/> Nummer II.3)</entry><entry VJ="1" colname="col3"><DL Type="alpha"><DT>a)</DT><DD Font="normal"><LA>Produktionsmittel einschließlich steuer- und regeltechnischer Einrichtungen überprüfen, Fehler beheben oder Behebung veranlassen</LA></DD><DT>b)</DT><DD Font="normal"><LA>Aufträge planen, mit vor- und nachgelagerten Produktionsstufen abstimmen</LA></DD><DT>c)</DT><DD Font="normal"><LA>Auftragsunterlagen hinsichtlich ihrer produkt- und buchfertigungsspezifischen Anforderungen prüfen, Reihenfolge der Produktionsschritte entsprechend der spezifischen Buchproduktion festlegen</LA></DD><DT>d)</DT><DD Font="normal"><LA>gelieferte Druckbogen auf Verarbeitungsfähigkeit kontrollieren</LA></DD><DT>e)</DT><DD Font="normal"><LA>Materialien der Buchfertigung prüfen und auftragsbezogen einsetzen, im Verarbeitungsprozess auf Qualität überprüfen, bei Verarbeitungsproblemen Entscheidungen für Alternativen treffen</LA></DD><DT>f)</DT><DD Font="normal"><LA>Fertigungsmuster manuell und maschinell erstellen</LA></DD><DT>g)</DT><DD Font="normal"><LA>Bogenteile durch Einstecken, Umlegen, Ankleben und Einkleben vorrichten</LA></DD><DT>h)</DT><DD Font="normal"><LA>Verarbeitungsmaschinen, insbesondere Schneid-, Falz-, Zusammentrag- und Bindeaggregate einrichten, dabei Prozessparameter unter Berücksichtigung maschinenspezifischer Bedingungen eingeben und einstellen</LA></DD><DT>i)</DT><DD Font="normal"><LA>Buchfertigungsanlagen einschließlich Zusatzaggregaten einrichten, dabei anlagenspezifische Prozessparameter eingeben und einstellen, für Wiederholaufträge dokumentieren</LA></DD><DT>j)</DT><DD Font="normal"><LA>Verarbeitungsmaschinen und -anlagen anfahren, dabei Materiallauf und Fertigungsgenauigkeit optimieren, Produktionsergebnisse im Arbeitsprozess analysieren, störungsfreie Produktion sicherstellen</LA></DD></DL></entry><entry VJ="1" colname="col4"/><entry VJ="1" colname="col5" valign="bottom">26<BR/><BR/><BR/><BR/><BR/><BR/><BR/><BR/><BR/></entry></row><row><entry VJ="1" colname="col1"/><entry VJ="1" colname="col2"/><entry VJ="1" colname="col3"><DL Type="alpha"><DT>k)</DT><DD Font="normal"><LA>bei Verarbeitungsproblemen Entscheidungen für Alternativen unter Berücksichtigung der Wechselwirkungen zwischen Materialien, klimatischen Einflüssen, veredelten Vorprodukten und Fertigungsprozessen treffen</LA></DD><DT>l)</DT><DD Font="normal"><LA>Zwischenlagerung von Halbfertigprodukten und innerbetrieblichen Transport aufeinander abstimmen und optimieren</LA></DD><DT>m)</DT><DD Font="normal"><LA>Qualitätskontrollen nach Normen und Spezifikationen<BR/> durchführen, Verarbeitungsergebnis auf Verwendbarkeit und Qualität beurteilen, Ergebnisse dokumentieren, Belegmuster archivieren</LA></DD><DT>n)</DT><DD Font="normal"><LA>Bücher lager- und versandfertig machen, dabei produktspezifische sowie standardisierte und individualisierte Versandbedingungen berücksichtigen</LA></DD></DL></entry><entry VJ="1" colname="col4"/><entry VJ="1" colname="col5" valign="middle"/></row></tbody></tgroup></table><P><B><SP>Abschnitt C: Integrative Fertigkeiten, Kenntnisse und Fähigkeiten</SP></B></P><table frame="all" pgwide="1" tabstyle="tabelle1" tocentry="%yes;"><tgroup align="left" char="" charoff="50" cols="5" colsep="1" rowsep="1"><colspec align="center" colname="col1" colnum="1" colwidth="0.6*"/><colspec colname="col2" colnum="2" colwidth="3.0*"/><colspec colname="col3" colnum="3" colwidth="7.3*"/><colspec align="center" colname="col4" colnum="4" colwidth="1.3*"/><colspec align="center" colname="col5" colnum="5" colwidth="1.3*"/><thead valign="bottom"><row><entry VJ="1" align="center" colname="col1" morerows="1" valign="middle">Lfd.<BR/> Nr.</entry><entry VJ="1" align="center" colname="col2" morerows="1" valign="middle">Teil des<BR/> Ausbildungsberufsbildes</entry><entry VJ="1" align="center" colname="col3" morerows="1" valign="middle">Zu vermittelnde<BR/> Fertigkeiten, Kenntnisse und Fähigkeiten</entry><entry VJ="1" align="center" colname="col4" nameend="col5" namest="col4" valign="middle">Zeitliche Richtwerte<BR/> in Wochen im</entry></row><row><entry VJ="1" align="center" colname="col4" valign="middle">1. bis 18.<BR/> Monat</entry><entry VJ="1" align="center" colname="col5" valign="middle">19. bis 36.<BR/> Monat</entry></row><row><entry VJ="1" align="center" colname="col1" valign="middle">1</entry><entry VJ="1" align="center" colname="col2" valign="middle">2</entry><entry VJ="1" align="center" colname="col3" valign="middle">3</entry><entry VJ="1" align="center" colname="col4" nameend="col5" namest="col4" valign="middle">4</entry></row></thead><tbody valign="top"><row><entry VJ="1" colname="col1">1</entry><entry VJ="1" colname="col2">Berufsbildung, Arbeits-<BR/> und Tarifrecht<BR/> (§ 4 Absatz 2<BR/> Abschnitt C<BR/>Nummer 1)</entry><entry VJ="1" colname="col3"><DL Type="alpha"><DT>a)</DT><DD Font="normal"><LA>Bedeutung des Ausbildungsvertrages, insbesondere Abschluss, Dauer und Beendigung, erklären</LA></DD><DT>b)</DT><DD Font="normal"><LA>gegenseitige Rechte und Pflichten aus dem Ausbildungsvertrag nennen</LA></DD><DT>c)</DT><DD Font="normal"><LA>Möglichkeiten der beruflichen Fortbildung nennen</LA></DD><DT>d)</DT><DD Font="normal"><LA>wesentliche Teile des Arbeitsvertrages nennen</LA></DD><DT>e)</DT><DD Font="normal"><LA>wesentliche Bestimmungen der für den ausbildenden Betrieb geltenden Tarifverträge nennen</LA></DD></DL></entry><entry VJ="1" align="left" morerows="2" nameend="col5" namest="col4" rowsep="0" valign="middle"><BR/><BR/><BR/><BR/><BR/><BR/><BR/><BR/><BR/><BR/><BR/><BR/><BR/><BR/>während<BR/> der gesamten<BR/> Ausbildungszeit<BR/> zu vermitteln</entry></row><row><entry VJ="1" colname="col1">2</entry><entry VJ="1" colname="col2">Aufbau und<BR/> Organisation des<BR/> Ausbildungsbetriebes<BR/> (§ 4 Absatz 2<BR/> Abschnitt C<BR/>Nummer 2)</entry><entry VJ="1" colname="col3"><DL Type="alpha"><DT>a)</DT><DD Font="normal"><LA>Aufbau und Aufgaben des ausbildenden Betriebes erläutern</LA></DD><DT>b)</DT><DD Font="normal"><LA>Grundfunktionen des ausbildenden Betriebes wie Beschaffung, Fertigung, Absatz und Verwaltung erklären</LA></DD><DT>c)</DT><DD Font="normal"><LA>Beziehungen des ausbildenden Betriebes und seiner Beschäftigten zu Wirtschaftsorganisationen, Berufsvertretungen und Gewerkschaften nennen</LA></DD><DT>d)</DT><DD Font="normal"><LA>Grundlagen, Aufgaben und Arbeitsweise der betriebsverfassungs- oder personalvertretungsrechtlichen Organe des ausbildenden Betriebes beschreiben</LA></DD></DL></entry></row><row><entry VJ="1" colname="col1">3</entry><entry VJ="1" colname="col2">Sicherheit und<BR/> Gesundheitsschutz<BR/> bei der Arbeit<BR/> (§ 4 Absatz 2<BR/> Abschnitt C<BR/>Nummer 3)</entry><entry VJ="1" colname="col3"><DL Type="alpha"><DT>a)</DT><DD Font="normal"><LA>Gefährdungen von Sicherheit und Gesundheit am Arbeitsplatz feststellen und Maßnahmen zu ihrer Vermeidung ergreifen</LA></DD><DT>b)</DT><DD Font="normal"><LA>berufsbezogene Arbeitsschutz- und Unfallverhütungsvorschriften anwenden</LA></DD><DT>c)</DT><DD Font="normal"><LA>Verhaltensweisen bei Unfällen beschreiben sowie erste Maßnahmen einleiten</LA></DD><DT>d)</DT><DD Font="normal"><LA>Vorschriften des vorbeugenden Brandschutzes anwenden; Verhaltensweisen bei Bränden beschreiben und Maßnahmen der Brandbekämpfung ergreifen</LA></DD></DL></entry></row><row><entry VJ="1" colname="col1">4</entry><entry VJ="1" colname="col2">Umweltschutz<BR/> (§ 4 Absatz 2<BR/> Abschnitt C<BR/>Nummer 4)</entry><entry VJ="1" colname="col3">Zur Vermeidung betriebsbedingter Umweltbelastungen im beruflichen Einwirkungsbereich beitragen, insbesondere <DL Type="alpha"><DT>a)</DT><DD Font="normal"><LA>mögliche Umweltbelastungen durch den Ausbildungsbetrieb und seinen Beitrag zum Umweltschutz an Beispielen erklären</LA></DD><DT>b)</DT><DD Font="normal"><LA>für den Ausbildungsbetrieb geltende Regelungen des Umweltschutzes anwenden</LA></DD><DT>c)</DT><DD Font="normal"><LA>Möglichkeiten der wirtschaftlichen und umweltschonenden Energie- und Materialverwendung nutzen</LA></DD><DT>d)</DT><DD Font="normal"><LA>Abfälle vermeiden; Stoffe und Materialien einer umweltschonenden Entsorgung zuführen</LA></DD></DL></entry><entry VJ="1" nameend="col5" namest="col4"/></row><row><entry VJ="1" colname="col1">5</entry><entry VJ="1" colname="col2">Betriebliche<BR/> Kommunikation<BR/> (§ 4 Absatz 2<BR/> Abschnitt C<BR/>Nummer 5)</entry><entry VJ="1" colname="col3"><DL Type="alpha"><DT>a)</DT><DD Font="normal"><LA>Informationsquellen, insbesondere Dokumentationen, Handbücher, Fachberichte und Firmenunterlagen in deutscher und englischer Sprache, nutzen</LA></DD><DT>b)</DT><DD Font="normal"><LA>Dokumentationen zusammenstellen und ergänzen</LA></DD><DT>c)</DT><DD Font="normal"><LA>Informationen auswerten und bewerten</LA></DD><DT>d)</DT><DD Font="normal"><LA>Sachverhalte darstellen</LA></DD><DT>e)</DT><DD Font="normal"><LA>betriebsübliche schriftliche und mündliche Kommunikation durchführen, dabei deutsche und fremdsprachliche Fachbegriffe verwenden</LA></DD><DT>f)</DT><DD Font="normal"><LA>IT-gestützte Kommunikationssysteme nutzen</LA></DD><DT>g)</DT><DD Font="normal"><LA>Gespräche mit Vorgesetzten, Mitarbeitern und Mitarbeiterinnen sowie im Team situationsgerecht und zielorientiert führen, kulturelle Identitäten berücksichtigen</LA></DD><DT>h)</DT><DD Font="normal"><LA>im Team Aufgaben planen, abstimmen, Entscheidungen erarbeiten und Konflikte lösen</LA></DD><DT>i)</DT><DD Font="normal"><LA>Sachverhalte und Lösungen visualisieren und präsentieren</LA></DD><DT>j)</DT><DD Font="normal"><LA>mit vor- und nachgelagerten Bereichen und externen Partnern kommunizieren, Übergabeprozesse abstimmen, Reklamationen beurteilen</LA></DD></DL></entry><entry VJ="1" colname="col4"/><entry VJ="1" colname="col5" valign="middle">6</entry></row></tbody></tgroup></table></Content></text></textdaten></norm>
</dokumente>