<?xml version="1.0" encoding="UTF-8" ?><!DOCTYPE dokumente SYSTEM "http://www.gesetze-im-internet.de/dtd/1.01/gii-norm.dtd">
<dokumente builddate="20130405125755" doknr="BJNR015890988"><norm builddate="20130405125755" doknr="BJNR015890988"><metadaten><jurabk>Münz10DMBek 1988-08</jurabk><ausfertigung-datum manuell="ja">1988-08-10</ausfertigung-datum><fundstelle typ="amtlich"><periodikum>BGBl I</periodikum><zitstelle>1988, 1589</zitstelle></fundstelle><langue>Bekanntmachung über die Ausprägung von Bundesmünzen im Nennwert von 10
Deutschen Mark (Gedenkmünze Arthur Schopenhauer)</langue></metadaten><textdaten><text format="XML"><Content><P/></Content></text><fussnoten><Content><P>(+++ Textnachweis ab: 19. 8.1988 +++)</P></Content></fussnoten></textdaten></norm>
<norm builddate="20130405125755" doknr="BJNR015890988BJNE000100325"><metadaten><jurabk>Münz10DMBek 1988-08</jurabk><enbez>(XXXX)</enbez></metadaten><textdaten><text format="XML"><Content><P>Auf Grund des § 6 des Gesetzes über die Ausprägung von Scheidemünzen in der im Bundesgesetzblatt Teil III, Gliederungsnummer 690-1, veröffentlichten bereinigten Fassung hat die Bundesregierung beschlossen, zum 200. Geburtstag von Arthur Schopenhauer im Jahre 1988 eine Bundesmünze (Gedenkmünze) im Nennwert von 10 Deutschen Mark prägen zu lasen. Die Auflage der Münze beträgt 8,35 Millionen Stück. Die Prägung erfolgt im Bayerischen Hauptmünzamt München.<BR/>Die Münze wird ab 21. September 1988 in den Verkehr gebracht.<BR/>Die Münze besteht aus einer Legierung von 625 Tausendteilen Silber und 375 Tausendteilen Kupfer. Sie hat einen Durchmesser von 32,5 Millimetern und ein Gewicht von 15,5 Gramm.<BR/>Das Gepräge auf beiden Seiten ist erhaben und wird von einem schützenden glatten Randstab umgeben.<BR/>Die Bildseite zeigt das Porträt des Philosophen und die Umschrift: <DL Font="normal" Type="arabic"><DT/><DD Font="normal"><LA Size="normal"><DL Font="normal" Type="arabic"><DT/><DD Font="normal"><LA Size="normal">&quot;1788-1860 ARTHUR SCHOPENHAUER&quot;.</LA></DD></DL></LA></DD></DL>Die Wertseite trägt einen Adler, die Jahreszahl 1988, das Münzzeichen &quot;D&quot; des Bayerischen Hauptmünzamtes München und die Umschrift: <DL Font="normal" Type="arabic"><DT/><DD Font="normal"><LA Size="normal"><DL Font="normal" Type="arabic"><DT/><DD Font="normal"><LA Size="normal"><ABWFORMAT typ="A"/>&quot;.BUNDESREPUBLIK DEUTSCHLAND.<DL Font="normal" Type="arabic"><DT/><DD Font="normal"><LA Size="normal">10 DEUTSCHE MARK&quot;.</LA></DD></DL></LA></DD></DL></LA></DD></DL>Die Jahreszahl 1988 und das Münzzeichen &quot;D&quot; sind Teil der Umschrift; sie befinden sich links neben der Wertziffer 10.<BR/>Der glatte Münzrand enthält die vertiefte Inschrift: <DL Font="normal" Type="arabic"><DT/><DD Font="normal"><LA Size="normal"><DL Font="normal" Type="arabic"><DT/><DD Font="normal"><LA Size="normal">&quot;DIE WELT ALS WILLE UND VORSTELLUNG&quot;.</LA></DD></DL></LA></DD></DL>Zwischen Ende und Anfang der Randschrift ist ein Punkt eingeprägt.<BR/>Der Entwurf der Münze stammt von Hans Joa Dobler, Walda.<BR/><BR/><SP>Der Bundesminister der Finanzen</SP><BR/><BR/><ABWFORMAT typ="E"/><kommentar typ="Fundstelle">(Inhalt: nicht darstellbare Abbildung der Münze, <BR/>Fundstelle: BGBl. I 1988, 1589)</kommentar></P></Content></text></textdaten></norm>
</dokumente>