<?xml version="1.0" encoding="UTF-8" ?><!DOCTYPE dokumente SYSTEM "http://www.gesetze-im-internet.de/dtd/1.01/gii-norm.dtd">
<dokumente builddate="20151006215024" doknr="BJNR122000002"><norm builddate="20151006215024" doknr="BJNR122000002"><metadaten><jurabk>DÜGAufhG</jurabk><ausfertigung-datum manuell="ja">2002-03-26</ausfertigung-datum><fundstelle typ="amtlich"><periodikum>BGBl I</periodikum><zitstelle>2002, 1219, 1220</zitstelle></fundstelle><langue>Gesetz zur Aufhebung des Diskontsatz-Überleitungs-Gesetzes</langue><standangabe checked="ja"><standtyp>Stand</standtyp><standkommentar>Geändert durch Art. 338 V v. 31.8.2015 I 1474</standkommentar></standangabe></metadaten><textdaten><text format="XML"><Content><P/></Content></text><fussnoten><Content><P><BR/> <pre xml:space="preserve">(+++ Textnachweis ab: 4.4.2002 +++)<BR/><BR/></pre>Das G wurde als Artikel 4 des G v. 26.3.2002 I 1219 (VersKapAG) vom Bundestag mit Zustimmung des Bundesrates erlassen. Es ist gem. Art. 5 dieses G am 4.4.2002 in Kraft getreten.</P></Content></fussnoten></textdaten></norm>
<norm builddate="20151006215024" doknr="BJNR122000002BJNE000100305"><metadaten><jurabk>DÜGAufhG</jurabk><enbez>§ 1</enbez></metadaten><textdaten><text format="XML"><Content><P>-</P></Content></text><fussnoten/></textdaten></norm>
<norm builddate="20151006215024" doknr="BJNR122000002BJNE000201118"><metadaten><jurabk>DÜGAufhG</jurabk><enbez>§ 2</enbez><titel format="XML">Einführung neuer Zinssätze</titel></metadaten><textdaten><text format="XML"><Content><P>(1) Es werden ersetzt: <DL Font="normal" Type="arabic"><DT>1.</DT><DD Font="normal"><LA Size="normal">der &quot;Diskontsatz der Deutschen Bundesbank&quot; oder der &quot;Diskontsatz der Bank deutscher Länder&quot; jeweils durch den &quot;Basiszinssatz nach § 247 des Bürgerlichen Gesetzbuchs&quot;,</LA></DD><DT>2.</DT><DD Font="normal"><LA Size="normal">der &quot;Basiszinssatz&quot; durch den &quot;Basiszinssatz nach § 247 des Bürgerlichen Gesetzbuchs&quot;,</LA></DD><DT>3.</DT><DD Font="normal"><LA Size="normal">die &quot;Frankfurt Interbank Offered Rate für die Geldbeschaffung von ersten Adressen auf dem deutschen Markt (FIBOR)&quot; durch die &quot;EURO Interbank Offered Rate-Sätze für die Beschaffung von Sechsmonatsgeld von ersten Adressen in den Teilnehmerstaaten der Europäischen Währungsunion&quot;,</LA></DD><DT>4.</DT><DD Font="normal"><LA Size="normal">der &quot;Lombardsatz der Deutschen Bundesbank&quot; durch den &quot;Zinssatz der Spitzenrefinanzierungsfazilität der Europäischen Zentralbank (SFR-Zinssatz)&quot;,</LA></DD><DT>5.</DT><DD Font="normal"><LA Size="normal">der &quot;Zinssatz für Kassenkredite des Bundes&quot; durch den um 1,5 Prozentpunkte erhöhten Basiszinssatz nach § 247 des Bürgerlichen Gesetzbuchs.</LA></DD></DL></P><P>(2) Das Bundesministerium der Justiz und für Verbraucherschutz wird ermächtigt, durch Rechtsverordnung ohne Zustimmung des Bundesrates in Gesetzen und Rechtsverordnungen des Bundes die Bezeichnung von Bezugsgrößen und Zinssätzen nach Maßgabe des Absatzes 1 anzupassen.</P></Content></text><fussnoten/></textdaten></norm>
</dokumente>