<?xml version="1.0" encoding="UTF-8" ?><!DOCTYPE dokumente SYSTEM "http://www.gesetze-im-internet.de/dtd/1.01/gii-norm.dtd">
<dokumente builddate="20120625151516" doknr="BJNR030410993"><norm builddate="20120625151516" doknr="BJNR030410993"><metadaten><jurabk>BBiG§84AnO 18</jurabk><ausfertigung-datum manuell="ja">1993-02-17</ausfertigung-datum><fundstelle typ="amtlich"><periodikum>BGBl I</periodikum><zitstelle>1993, 304</zitstelle></fundstelle><langue>Anordnung über die Bestimmung der zuständigen Stelle nach § 84 des
Berufsbildungsgesetzes</langue></metadaten><textdaten><text format="XML"><Content><P/></Content></text><fussnoten><Content><P>(+++ Textnachweis ab: 13. 3.1993 +++)</P></Content></fussnoten></textdaten></norm>
<norm builddate="20120625151516" doknr="BJNR030410993BJNE000100333"><metadaten><jurabk>BBiG§84AnO 18</jurabk><enbez>I.</enbez></metadaten><textdaten><text format="XML"><Content><P>Auf Grund des § 84 Abs. 1 des Berufsbildungsgesetzes vom 14. August 1969 (BGBl. I S. 1112), der durch Artikel 1 Nr. 1 des Gesetzes vom 12. März 1971 (BGBl. I S. 185) geändert worden ist, sowie des § 1 Abs. 3 des Gesetzes über die Errichtung des Bundesverwaltungsamtes in der im Bundesgesetzblatt Teil III, Gliederungsnummer 200-2, veröffentlichten bereinigten Fassung bestimme ich im Einvernehmen mit dem Bundesministerium des Innern <BR/>das Bundesverwaltungsamt <BR/>zur zuständigen Stelle für den Geschäftsbereich des Bundesministeriums der Finanzen.</P></Content></text></textdaten></norm>
<norm builddate="20120625151516" doknr="BJNR030410993BJNE000200333"><metadaten><jurabk>BBiG§84AnO 18</jurabk><enbez>II.</enbez></metadaten><textdaten><text format="XML"><Content><P>Diese Anordnung tritt am Tage nach der Bekanntmachung in Kraft.</P></Content></text></textdaten></norm>
</dokumente>