<?xml version="1.0" encoding="UTF-8" ?><!DOCTYPE dokumente SYSTEM "http://www.gesetze-im-internet.de/dtd/1.01/gii-norm.dtd">
<dokumente builddate="20240326214012" doknr="BJNR141610994"><norm builddate="20240326214012" doknr="BJNR141610994"><metadaten><jurabk>BGA-NachfG</jurabk><amtabk>BGA-NachfG</amtabk><ausfertigung-datum manuell="ja">1994-06-24</ausfertigung-datum><fundstelle typ="amtlich"><periodikum>BGBl I</periodikum><zitstelle>1994, 1416</zitstelle></fundstelle><kurzue>BGA-Nachfolgegesetz</kurzue><langue>Gesetz über Nachfolgeeinrichtungen des Bundesgesundheitsamtes</langue><standangabe checked="ja"><standtyp>Stand</standtyp><standkommentar>Zuletzt geändert durch Art. 2 G v. 22.3.2024 I Nr. 102</standkommentar></standangabe></metadaten><textdaten><fussnoten><Content><P><BR/> <pre xml:space="preserve">(+++ Textnachweis ab: 1.7.1994 +++)<BR/><BR/></pre>Das G wurde als Artikel 1 G 2120-4-2 v. 24.6.1994 I 1416 (GNG) vom Bundestag beschlossen. Es ist gem. Art. 11 Satz 1 dieses G am 1.7.1994 in Kraft getreten.</P></Content></fussnoten></textdaten></norm>
<norm builddate="20240326214012" doknr="BJNR141610994BJNG000100307"><metadaten><jurabk>BGA-NachfG</jurabk><gliederungseinheit><gliederungskennzahl>010</gliederungskennzahl><gliederungsbez>-</gliederungsbez><gliederungstitel>Errichtung von Bundesinstituten, Aufgabenstellung,
Kostenerhebung, Dienstverhältnisse von Beamten und
Arbeitnehmern</gliederungstitel></gliederungseinheit></metadaten><textdaten><text format="XML"><Content><P/></Content></text></textdaten></norm>
<norm builddate="20240326214012" doknr="BJNR141610994BJNE000203130"><metadaten><jurabk>BGA-NachfG</jurabk><enbez>§ 1</enbez><titel format="XML">Bundesinstitut für Arzneimittel und Medizinprodukte</titel></metadaten><textdaten><text format="XML"><Content><P>(1) Im Geschäftsbereich des Bundesministeriums für Gesundheit wird ein &quot;Bundesinstitut für Arzneimittel und Medizinprodukte&quot; als selbständige Bundesoberbehörde errichtet.</P><P>(2) Der Sitz des Bundesinstitutes ist Bonn. Die Sitzentscheidung wird mit dem Vollzug der Entscheidung über den Sitz der Bundesregierung gemäß § 3 Abs. 2 des Berlin/Bonn-Gesetzes vom 26. April 1994 (BGBl. I S. 918) vollzogen. Bis zum Vollzug der Sitzentscheidung ist Sitz des Bundesinstitutes Berlin.</P><P>(3) Dieses Bundesinstitut wird insbesondere tätig auf folgenden Gebieten: <DL Font="normal" Type="arabic"><DT>1.</DT><DD Font="normal"><LA Size="normal">Zulassung von Fertigarzneimitteln im Sinne des § 4 Absatz 1 des Arzneimittelgesetzes auf der Grundlage der analytischen, pharmakologisch-toxikologischen und klinischen Prüfungen, soweit nicht das Paul-Ehrlich-Institut nach § 77 des Arzneimittelgesetzes zuständig ist,</LA></DD><DT>2.</DT><DD Font="normal"><LA Size="normal">Registrierung homöopathischer Arzneimittel im Sinne des § 4 Absatz 26 des Arzneimittelgesetzes,</LA></DD><DT>3.</DT><DD Font="normal"><LA Size="normal">Risikoerfassung und -bewertung sowie Durchführung von Maßnahmen nach dem Stufenplan,</LA></DD><DT>4.</DT><DD Font="normal"><LA Size="normal">Überwachung des Verkehrs mit Betäubungsmitteln,</LA></DD><DT>5.</DT><DD Font="normal"><LA Size="normal">Arbeiten zur medizinischen und technischen Sicherheit, Eignung und Leistung von Medizinprodukten,</LA></DD><DT>6.</DT><DD Font="normal"><LA Size="normal">zentrale Risikoerfassung sowie Durchführung von Maßnahmen zur Risikoabwehr bei Medizinprodukten,</LA></DD><DT>7.</DT><DD Font="normal"><LA Size="normal">Koordinierung des Datenzugangs im Gesundheitswesen für die forschungsbezogene Zusammenführung und Verknüpfung von Gesundheitsdaten.</LA></DD></DL></P></Content></text><fussnoten/></textdaten></norm>
<norm builddate="20240326214012" doknr="BJNR141610994BJNE000301310"><metadaten><jurabk>BGA-NachfG</jurabk><enbez>§ 2</enbez><titel format="parat">Robert Koch-Institut - Bundesinstitut für
Infektionskrankheiten und nicht übertragbare Krankheiten -</titel></metadaten><textdaten><text format="XML"><Content><P>(1) Im Geschäftsbereich des Bundesministeriums für Gesundheit wird unter dem Namen &quot;Robert Koch-Institut&quot; ein Bundesinstitut für Infektionskrankheiten und nicht übertragbare Krankheiten als selbständige Bundesoberbehörde errichtet.</P><P>(2) Der Sitz des Bundesinstitutes ist Berlin.</P><P>(3) Dieses Bundesinstitut wird insbesondere tätig auf folgenden Gebieten: <DL Font="normal" Type="arabic"><DT>1.</DT><DD Font="normal"><LA Size="normal">Erkennung, Verhütung und Bekämpfung von Übertragbaren und nicht übertragbaren Krankheiten,</LA></DD> <DT>2.</DT><DD Font="normal"><LA Size="normal">epidemiologische Untersuchungen auf dem Gebiet der übertragbaren und nicht übertragbaren Krankheiten einschließlich der Erkennung und Bewertung von Risiken sowie der Dokumentation und Information,</LA></DD> <DT>3.</DT><DD Font="normal"><LA Size="normal">Sammlung und Bewertung von Erkenntnissen und Erfahrungen zu HIV-Infektionen und AIDS-Erkrankungen einschließlich der gesellschaftlichen und sozialen Folgen,</LA></DD> <DT>4.</DT><DD Font="normal"><LA Size="normal">Gesundheitsberichterstattung,</LA></DD> <DT>5.</DT><DD Font="normal"><LA Size="normal">Risikoerfassung und -bewertung bei gentechnisch veränderten Organismen und Produkten, Humangenetik,</LA></DD> <DT>6.</DT><DD Font="normal"><LA Size="normal">gesundheitliche Fragen des Transports ansteckungsgefährlicher Stoffe,</LA></DD> <DT>7.</DT><DD Font="normal"><LA Size="normal">gesundheitliche Fragen des Transports gentechnisch veränderter Organismen und Produkte.</LA></DD> </DL></P></Content>  </text><fussnoten/></textdaten></norm>
<norm builddate="20240326214012" doknr="BJNR141610994BJNE000402320"><metadaten><jurabk>BGA-NachfG</jurabk><enbez>§ 3</enbez></metadaten><textdaten><text format="XML"><Content><P>(weggefallen)</P></Content></text><fussnoten/></textdaten></norm>
<norm builddate="20240326214012" doknr="BJNR141610994BJNE000502320"><metadaten><jurabk>BGA-NachfG</jurabk><enbez>§ 4</enbez><titel format="parat">Aufgabendurchführung</titel></metadaten><textdaten><text format="XML"><Content><P>(1) Die Bundesinstitute erledigen im Rahmen der ihnen jeweils durch die §§ 1 und 2 zugewiesenen Tätigkeitsgebiete die Verwaltungsaufgaben des Bundes, die ihnen durch Gesetz oder aufgrund eines Gesetzes zugewiesen werden, und unterstützen auf diesen Gebieten die zuständigen Bundesministerien.</P><P>(2) Die Bundesinstitute erledigen, soweit keine andere Zuständigkeit gesetzlich festgelegt ist, Aufgaben des Bundes in ihrem Zuständigkeitsbereich, mit deren Durchführung sie von dem Bundesministerium, zu dessen Geschäftsbereich sie gehören, oder mit dessen Zustimmung von der sachlich zuständigen obersten Bundesbehörde beauftragt werden.</P><P>(3) Auf den in den §§ 1 und 2 genannten Gebieten betreiben die Bundesinstitute zur Erfüllung ihrer Aufgaben wissenschaftliche Forschung und wirken bei der Entwicklung von Standards und Normen mit.</P><P>(4) Die Bundesinstitute informieren im Rahmen ihrer Zuständigkeit die Öffentlichkeit.</P></Content>   </text><fussnoten/></textdaten></norm>
<norm builddate="20240326214012" doknr="BJNR141610994BJNE000601320"><metadaten><jurabk>BGA-NachfG</jurabk><enbez>§ 5</enbez><titel format="parat">Fachaufsicht</titel></metadaten><textdaten><text format="XML"><Content><P>Soweit die Bundesinstitute Aufgaben aus einem anderen Geschäftsbereich als dem des Bundesministeriums, zu dessen Geschäftsbereich sie gehören, wahrnehmen, unterstehen sie den fachlichen Weisungen der sachlich zuständigen obersten Bundesbehörde.</P></Content></text><fussnoten/></textdaten></norm>
<norm builddate="20240326214012" doknr="BJNR141610994BJNE000705116"><metadaten><jurabk>BGA-NachfG</jurabk><enbez>§ 6</enbez><titel format="XML">(weggefallen)</titel></metadaten><textdaten><text format="XML"><Content><P/></Content></text><fussnoten/></textdaten></norm>
<norm builddate="20240326214012" doknr="BJNR141610994BJNE000801320"><metadaten><jurabk>BGA-NachfG</jurabk><enbez>§ 7</enbez><titel format="parat">Übernahme der Beamten und Arbeitnehmer</titel></metadaten><textdaten><text format="XML"><Content><P>Beamte und Arbeitnehmer des Bundesgesundheitsamtes, die zum Zeitpunkt der Errichtung der in den §§ 1 und 2 genannten Bundesinstitute Aufgaben wahrnehmen, die nach diesen Vorschriften den Bundesinstituten obliegen, sind vom selben Zeitpunkt an Beamte und Arbeitnehmer des zuständigen Bundesinstitutes.</P></Content></text><fussnoten/></textdaten></norm>
</dokumente>