<?xml version="1.0" encoding="UTF-8" ?><!DOCTYPE dokumente SYSTEM "http://www.gesetze-im-internet.de/dtd/1.01/gii-norm.dtd">
<dokumente builddate="20240117214520" doknr="BJNR113570976"><norm builddate="20240117214520" doknr="BJNR113570976"><metadaten><jurabk>BPolBG</jurabk><amtabk>BPolBG</amtabk><ausfertigung-datum manuell="ja">1976-06-03</ausfertigung-datum><fundstelle typ="amtlich"><periodikum>BGBl I</periodikum><zitstelle>1976, 1357</zitstelle></fundstelle><langue>Bundespolizeibeamtengesetz</langue><standangabe checked="ja"><standtyp>Stand</standtyp><standkommentar>Zuletzt geändert durch Art. 4 G v. 28.6.2021 I 2250</standkommentar></standangabe></metadaten><textdaten><fussnoten><Content><P>Das G wurde als Artikel 1 G 13.5 v. 3.6.1976 I 1357 (BGSPersG) vom Bundestag beschlossen. Es ist gem. Art. 5 dieses G am 1.7.1976 in Kraft getreten.</P><P><BR/> (+++ Textnachweis Geltung ab: 1.1.1977 +++)</P><P><BR/> (+++ Maßgaben aufgrund EinigVtr vgl. BPolBG Anhang EV +++)</P></Content></fussnoten></textdaten></norm>
<norm builddate="20240117214520" doknr="BJNR113570976BJNG000100314"><metadaten><jurabk>BPolBG</jurabk><gliederungseinheit><gliederungskennzahl>010</gliederungskennzahl><gliederungsbez>Abschnitt I</gliederungsbez><gliederungstitel>Gemeinsame Vorschriften</gliederungstitel></gliederungseinheit></metadaten><textdaten><text format="XML"><Content><P/></Content></text></textdaten></norm>
<norm builddate="20240117214520" doknr="BJNR113570976BJNE000403311"><metadaten><jurabk>BPolBG</jurabk><enbez>§ 1</enbez><titel format="XML">Anwendungsbereich</titel></metadaten><textdaten><text format="XML"><Content><P>(1) Dieses Gesetz gilt für die Polizeivollzugsbeamten in der Bundespolizei, im kriminalpolizeilichen Vollzugsdienst des Bundes und für den Inspekteur der Bereitschaftspolizeien der Länder. Polizeivollzugsbeamte im Sinne des Satzes 1 sind die mit polizeilichen Aufgaben betrauten und zur Anwendung unmittelbaren Zwanges befugten Beamten; welche dieser Beamtengruppen im einzelnen dazu gehören, bestimmt das Bundesministerium des Innern, für Bau und Heimat durch Rechtsverordnung.</P><P>(2) Dieses Gesetz gilt auch für die Polizeivollzugsbeamten beim Deutschen Bundestag.</P></Content></text><fussnoten/></textdaten></norm>
<norm builddate="20240117214520" doknr="BJNR113570976BJNE000500314"><metadaten><jurabk>BPolBG</jurabk><enbez>§ 2</enbez><titel format="parat">Anwendung beamtenrechtlicher Vorschriften</titel></metadaten><textdaten><text format="XML"><Content><P>Auf die Polizeivollzugsbeamten finden die für Bundesbeamte allgemein geltenden Vorschriften Anwendung, soweit in diesem Gesetz nichts anderes bestimmt ist.</P></Content></text></textdaten></norm>
<norm builddate="20240117214520" doknr="BJNR113570976BJNE000606311"><metadaten><jurabk>BPolBG</jurabk><enbez>§ 3</enbez><titel format="XML">Laufbahnen; Verordnungsermächtigung</titel></metadaten><textdaten><text format="XML"><Content><P>(1) Für die in § 1 bezeichneten Polizeivollzugsbeamten bestehen folgende Laufbahnen: <DL Font="normal" Type="arabic"><DT>1.</DT><DD Font="normal"><LA Size="normal">in der Bundespolizei:<DL Font="normal" Type="arabic"><DT>a)</DT><DD Font="normal"><LA Size="normal">die Laufbahn des mittleren Polizeivollzugsdienstes,</LA></DD><DT>b)</DT><DD Font="normal"><LA Size="normal">die Laufbahn des gehobenen Polizeivollzugsdienstes,</LA></DD><DT>c)</DT><DD Font="normal"><LA Size="normal">die Laufbahn des höheren Polizeivollzugsdienstes;</LA></DD></DL></LA></DD><DT>2.</DT><DD Font="normal"><LA Size="normal">im kriminalpolizeilichen Vollzugsdienst des Bundes:<DL Font="normal" Type="arabic"><DT>a)</DT><DD Font="normal"><LA Size="normal">die Laufbahn des gehobenen Kriminaldienstes,</LA></DD><DT>b)</DT><DD Font="normal"><LA Size="normal">die Laufbahn des höheren Kriminaldienstes;</LA></DD></DL></LA></DD><DT>3.</DT><DD Font="normal"><LA Size="normal">beim Deutschen Bundestag:<DL Font="normal" Type="arabic"><DT>a)</DT><DD Font="normal"><LA Size="normal">die Laufbahn des mittleren Polizeivollzugsdienstes,</LA></DD><DT>b)</DT><DD Font="normal"><LA Size="normal">die Laufbahn des gehobenen Polizeivollzugsdienstes,</LA></DD><DT>c)</DT><DD Font="normal"><LA Size="normal">die Laufbahn des höheren Polizeivollzugsdienstes.</LA></DD></DL></LA></DD></DL></P><P>(2) Die Bundesregierung wird ermächtigt, durch Rechtsverordnung ohne Zustimmung des Bundesrates allgemeine Vorschriften für die Laufbahnen zu erlassen, insbesondere Vorschriften über <DL Font="normal" Type="arabic"><DT>1.</DT><DD Font="normal"><LA Size="normal">die Gestaltung der Laufbahnen, einschließlich der regelmäßig zu durchlaufenden Ämter,</LA></DD><DT>2.</DT><DD Font="normal"><LA Size="normal">die Festlegung von Altersgrenzen,</LA></DD><DT>3.</DT><DD Font="normal"><LA Size="normal">den Erwerb der Laufbahnbefähigung,</LA></DD><DT>4.</DT><DD Font="normal"><LA Size="normal">die Grundsätze der Fortbildung,</LA></DD><DT>5.</DT><DD Font="normal"><LA Size="normal">die Voraussetzungen und das Verfahren für den Aufstieg und</LA></DD><DT>6.</DT><DD Font="normal"><LA Size="normal">die Voraussetzungen für den Laufbahnwechsel.</LA></DD></DL></P><P>(3) Das Bundesministerium des Innern, für Bau und Heimat wird ermächtigt, durch Rechtsverordnung ohne Zustimmung des Bundesrates besondere Vorschriften für die einzelnen Laufbahnen und Vorbereitungsdienste zu erlassen, insbesondere Vorschriften über <DL Font="normal" Type="arabic"><DT>1.</DT><DD Font="normal"><LA Size="normal">das Auswahlverfahren für die Einstellung in den Vorbereitungsdienst,</LA></DD><DT>2.</DT><DD Font="normal"><LA Size="normal">den Ablauf des Vorbereitungsdienstes, insbesondere über dessen Inhalte und Dauer,</LA></DD><DT>3.</DT><DD Font="normal"><LA Size="normal">die Prüfung und das Prüfungsverfahren, einschließlich der Prüfungsnoten, sowie</LA></DD><DT>4.</DT><DD Font="normal"><LA Size="normal">die Folgen der Nichtteilnahme an Prüfungen und die Folgen von Ordnungsverstößen.</LA></DD></DL></P></Content></text><fussnoten/></textdaten></norm>
<norm builddate="20240117214520" doknr="BJNR113570976BJNE000703310"><metadaten><jurabk>BPolBG</jurabk><enbez>§ 4</enbez><titel format="XML">Polizeidienstunfähigkeit</titel></metadaten><textdaten><text format="XML"><Content><P>(1) Der Polizeivollzugsbeamte ist dienstunfähig, wenn er den besonderen gesundheitlichen Anforderungen für den Polizeivollzugsdienst nicht mehr genügt und nicht zu erwarten ist, daß er seine volle Verwendungsfähigkeit innerhalb zweier Jahre wiedererlangt (Polizeidienstunfähigkeit), es sei denn, die auszuübende Funktion erfordert bei Beamten auf Lebenszeit diese besonderen gesundheitlichen Anforderungen auf Dauer nicht mehr uneingeschränkt.</P><P>(2) Die Polizeidienstunfähigkeit wird durch den Dienstvorgesetzten auf Grund des Gutachtens eines Amtsarztes oder eines beamteten Arztes, in der Bundespolizei eines beamteten Bundespolizeiarztes, festgestellt.</P><P>(3) Die Bundesregierung kann jährlich bestimmen, in welchem Umfang für die nach § 44 Abs. 2 bis 5 des Bundesbeamtengesetzes anderweitig zu verwendenden Polizeivollzugsbeamten freie, frei werdende und neu geschaffene Planstellen für Beamte des mittleren, des gehobenen und des höheren Dienstes beim Bund und bei den bundesunmittelbaren Körperschaften, Anstalten und Stiftungen des öffentlichen Rechts vorbehalten werden.</P></Content></text><fussnoten/></textdaten></norm>
<norm builddate="20240117214520" doknr="BJNR113570976BJNE000803311"><metadaten><jurabk>BPolBG</jurabk><enbez>§ 5</enbez><titel format="XML">Ruhestand wegen Erreichens der Altersgrenze</titel></metadaten><textdaten><text format="XML"><Content><P>(1) Polizeivollzugsbeamte auf Lebenszeit treten mit dem Ende des Monats in den Ruhestand, in dem sie das 62. Lebensjahr vollenden.</P><P>(2) Polizeivollzugsbeamte auf Lebenszeit, die vor dem 1. Januar 1952 geboren sind, treten mit dem Ende des Monats in den Ruhestand, in dem sie das 60. Lebensjahr vollenden. Für Polizeivollzugsbeamte, die nach dem 31. Dezember 1951 geboren sind, wird die Altersgrenze wie folgt angehoben: <BR/><BR/><table frame="all" pgwide="1" tabstyle="altersgrenze1" tocentry="%yes;"><tgroup align="left" char="" charoff="50" cols="4" colsep="1" rowsep="1"><colspec align="center" colname="col1" colnum="1" colwidth="2.5*"/><colspec align="center" colname="col2" colnum="2" colwidth="1.5*"/><colspec align="center" colname="col3" colnum="3" colwidth="1.5*"/><colspec align="center" colname="col4" colnum="4" colwidth="1.5*"/><thead valign="bottom"><row><entry VJ="1" align="center" colname="col1" morerows="1" valign="middle">Geburtsjahr<BR/> Geburtsmonat</entry><entry VJ="1" align="center" colname="col2" morerows="1" valign="middle">Anhebung<BR/> um Monate</entry><entry VJ="1" align="center" nameend="col4" namest="col3" valign="middle">Altersgrenze</entry></row><row><entry VJ="1" align="center" colname="col3" valign="middle">Jahr</entry><entry VJ="1" align="center" colname="col4" valign="middle">Monat</entry></row></thead><tbody valign="top"><row><entry VJ="1" colname="col1" rowsep="0">1952</entry><entry VJ="1" colname="col2" rowsep="0"/><entry VJ="1" colname="col3" rowsep="0"/><entry VJ="1" colname="col4" rowsep="0"/></row><row><entry VJ="1" colname="col1" rowsep="0">Januar</entry><entry VJ="1" colname="col2" rowsep="0"> 1</entry><entry VJ="1" colname="col3" rowsep="0">60</entry><entry VJ="1" colname="col4" rowsep="0"> 1</entry></row><row><entry VJ="1" colname="col1" rowsep="0">Februar</entry><entry VJ="1" colname="col2" rowsep="0"> 2</entry><entry VJ="1" colname="col3" rowsep="0">60</entry><entry VJ="1" colname="col4" rowsep="0"> 2</entry></row><row><entry VJ="1" colname="col1" rowsep="0">März</entry><entry VJ="1" colname="col2" rowsep="0"> 3</entry><entry VJ="1" colname="col3" rowsep="0">60</entry><entry VJ="1" colname="col4" rowsep="0"> 3</entry></row><row><entry VJ="1" colname="col1" rowsep="0">April</entry><entry VJ="1" colname="col2" rowsep="0"> 4</entry><entry VJ="1" colname="col3" rowsep="0">60</entry><entry VJ="1" colname="col4" rowsep="0"> 4</entry></row><row><entry VJ="1" colname="col1" rowsep="0">Mai</entry><entry VJ="1" colname="col2" rowsep="0"> 5</entry><entry VJ="1" colname="col3" rowsep="0">60</entry><entry VJ="1" colname="col4" rowsep="0"> 5</entry></row><row><entry VJ="1" colname="col1">Juni–Dezember</entry><entry VJ="1" colname="col2"> 6</entry><entry VJ="1" colname="col3">60</entry><entry VJ="1" colname="col4"> 6</entry></row><row><entry VJ="1" colname="col1">1953</entry><entry VJ="1" colname="col2"> 7</entry><entry VJ="1" colname="col3">60</entry><entry VJ="1" colname="col4"> 7</entry></row><row><entry VJ="1" colname="col1">1954</entry><entry VJ="1" colname="col2"> 8</entry><entry VJ="1" colname="col3">60</entry><entry VJ="1" colname="col4"> 8</entry></row><row><entry VJ="1" colname="col1">1955</entry><entry VJ="1" colname="col2"> 9</entry><entry VJ="1" colname="col3">60</entry><entry VJ="1" colname="col4"> 9</entry></row><row><entry VJ="1" colname="col1">1956</entry><entry VJ="1" colname="col2">10</entry><entry VJ="1" colname="col3">60</entry><entry VJ="1" colname="col4">10</entry></row><row><entry VJ="1" colname="col1">1957</entry><entry VJ="1" colname="col2">11</entry><entry VJ="1" colname="col3">60</entry><entry VJ="1" colname="col4">11</entry></row><row><entry VJ="1" colname="col1">1958</entry><entry VJ="1" colname="col2">12</entry><entry VJ="1" colname="col3">61</entry><entry VJ="1" colname="col4"> 0</entry></row><row><entry VJ="1" colname="col1">1959</entry><entry VJ="1" colname="col2">14</entry><entry VJ="1" colname="col3">61</entry><entry VJ="1" colname="col4"> 2</entry></row><row><entry VJ="1" colname="col1">1960</entry><entry VJ="1" colname="col2">16</entry><entry VJ="1" colname="col3">61</entry><entry VJ="1" colname="col4"> 4</entry></row><row><entry VJ="1" colname="col1">1961</entry><entry VJ="1" colname="col2">18</entry><entry VJ="1" colname="col3">61</entry><entry VJ="1" colname="col4"> 6</entry></row><row><entry VJ="1" colname="col1">1962</entry><entry VJ="1" colname="col2">20</entry><entry VJ="1" colname="col3">61</entry><entry VJ="1" colname="col4"> 8</entry></row><row><entry VJ="1" colname="col1">1963</entry><entry VJ="1" colname="col2">22</entry><entry VJ="1" colname="col3">61</entry><entry VJ="1" colname="col4">10</entry></row></tbody></tgroup></table></P><P>(3) § 147 Absatz 2 des Bundesbeamtengesetzes gilt entsprechend.</P></Content></text><fussnoten/></textdaten></norm>
<norm builddate="20240117214520" doknr="BJNR113570976BJNE000900314"><metadaten><jurabk>BPolBG</jurabk><enbez>§ 6</enbez></metadaten><textdaten><text format="XML"><Content><P>-</P></Content></text><fussnoten/></textdaten></norm>
<norm builddate="20240117214520" doknr="BJNR113570976BJNG000201310"><metadaten><jurabk>BPolBG</jurabk><gliederungseinheit><gliederungskennzahl>020</gliederungskennzahl><gliederungsbez>Abschnitt II</gliederungsbez><gliederungstitel>Polizeivollzugsbeamte in der Bundespolizei</gliederungstitel></gliederungseinheit></metadaten><textdaten><text format="XML"><Content><P/></Content></text><fussnoten/></textdaten></norm>
<norm builddate="20240117214520" doknr="BJNR113570976BJNE001001310"><metadaten><jurabk>BPolBG</jurabk><enbez>§ 7</enbez><titel format="parat">Ausbildung</titel></metadaten><textdaten><text format="XML"><Content><P>Die Polizeivollzugsbeamten erhalten eine Ausbildung, die sie für eine Verwendung im Polizeivollzugsdienst in der Bundespolizei und in den entsprechenden Laufbahnen des Polizeivollzugsdienstes der Länder befähigen soll.</P></Content></text><fussnoten/></textdaten></norm>
<norm builddate="20240117214520" doknr="BJNR113570976BJNE001103311"><metadaten><jurabk>BPolBG</jurabk><enbez>§ 8</enbez><titel format="XML">Versetzung</titel></metadaten><textdaten><text format="XML"><Content><P>(1) Die Versetzung eines Beamten, der noch nicht zehn Dienstjahre seit seiner Einstellung in der Bundespolizei vollendet hat, in den Polizeivollzugsdienst eines Landes bedarf nicht der Zustimmung des Beamten, wenn ein dienstliches Bedürfnis an der Versetzung besteht und das neue Amt einer gleichwertigen Laufbahn angehört wie das bisherige Amt und mit mindestens demselben Endgrundgehalt verbunden ist; zum Endgrundgehalt gehören auch Amtszulagen und ruhegehaltfähige Stellenzulagen.</P><P>(2) Der Polizeivollzugsbeamte kann auch in ein Amt einer Laufbahn außerhalb des Polizeivollzugsdienstes im öffentlichen Dienst des Bundes oder einer bundesunmittelbaren Körperschaft, Anstalt oder Stiftung des öffentlichen Rechts versetzt werden, wenn er es beantragt oder ein dienstliches Bedürfnis besteht und wenn er die Befähigung für diese Laufbahn besitzt. Besitzt er die Befähigung nicht, hat er die ihm gebotene Gelegenheit wahrzunehmen, während seiner Zugehörigkeit zur Bundespolizei die ergänzenden Kenntnisse und Fähigkeiten zu erwerben und die Befähigung durch erfolgreiche Unterweisung in den Aufgaben der neuen Laufbahn nachzuweisen. Die für die Gestaltung der neuen Laufbahn zuständige oberste Dienstbehörde trifft im Einvernehmen mit dem Bundesministerium des Innern, für Bau und Heimat Regelungen für die Unterweisung und für die Feststellung ihres erfolgreichen Abschlusses. § 28 Abs. 3 Satz 3 des Bundesbeamtengesetzes bleibt unberührt.</P><P>(3) Der Beamte ist vor einer Versetzung nach Absatz 1 oder 2 zu hören.</P></Content></text><fussnoten/></textdaten></norm>
<norm builddate="20240117214520" doknr="BJNR113570976BJNE001200314"><metadaten><jurabk>BPolBG</jurabk><enbez>§ 9</enbez><titel format="parat">Stellenvorbehalt</titel></metadaten><textdaten><text format="XML"><Content><P>Die Bundesregierung kann jährlich bestimmen, in welchem Umfange Beamten der Laufbahn des mittleren Polizeivollzugsdienstes in der Regel bis zur Besoldungsgruppe A 7 der Bundesbesoldungsordnung freie, frei werdende und neu geschaffene Planstellen für Beamte des mittleren Dienstes beim Bund und bei den bundesunmittelbaren Körperschaften, Anstalten und Stiftungen des öffentlichen Rechts vorbehalten werden.</P></Content></text></textdaten></norm>
<norm builddate="20240117214520" doknr="BJNR113570976BJNE001300314"><metadaten><jurabk>BPolBG</jurabk><enbez>§ 10</enbez><titel format="parat">Wohnen in Gemeinschaftsunterkunft und Teilnahme an der
Gemeinschaftsverpflegung</titel></metadaten><textdaten><text format="XML"><Content><P>(1) Die Polizeivollzugsbeamten, die noch nicht fünf Dienstjahre abgeleistet oder noch nicht das fünfundzwanzigste Lebensjahr vollendet haben, sind auf Anordnung des Dienstvorgesetzten verpflichtet, in einer Gemeinschaftsunterkunft zu wohnen und an einer Gemeinschaftsverpflegung teilzunehmen.</P><P>(2) Andere als in Absatz 1 bezeichnete Polizeivollzugsbeamte können aus Anlaß besonderer Einsätze sowie bei der Teilnahme an Lehrgängen und Übungen zum Wohnen in einer Gemeinschaftsunterkunft und zur Teilnahme an einer Gemeinschaftsverpflegung vorübergehend verpflichtet werden.</P></Content> </text></textdaten></norm>
<norm builddate="20240117214520" doknr="BJNR113570976BJNE001404311"><metadaten><jurabk>BPolBG</jurabk><enbez>§ 11</enbez><titel format="XML">Freizeitausgleich bei Einsätzen und Übungen</titel></metadaten><textdaten><text format="XML"><Content><P>Bei Einsätzen und bei Übungen von Verbänden, Einheiten oder Teileinheiten der Bundespolizei von einer Dauer von mehr als einem Tag wird anstelle einer Dienstbefreiung nach den §§ 87 und 88 des Bundesbeamtengesetzes ein einheitlicher Freizeitausgleich festgesetzt, der die Dauer des Einsatzes oder der Übung und die damit verbundene dienstliche Beanspruchung angemessen berücksichtigen muß. Die Entscheidung trifft das Bundesministerium des Innern, für Bau und Heimat oder die von ihm bestimmte Dienststelle. Der Freizeitausgleich soll gewährt werden, sobald die dienstlichen Verhältnisse es zulassen, möglichst innerhalb von drei Monaten.</P></Content></text><fussnoten/></textdaten></norm>
<norm builddate="20240117214520" doknr="BJNR113570976BJNE001501310"><metadaten><jurabk>BPolBG</jurabk><enbez>§ 12</enbez><titel format="parat">Erstattung der Kosten eines Studiums</titel></metadaten><textdaten><text format="XML"><Content><P>Hat ein Polizeivollzugsbeamter, der sich zum Eintritt in die Bundespolizei verpflichtet hat, auf Grund dieser Verpflichtung vor oder nach seiner Einstellung einen Studienplatz an einer Hochschule erlangt, so muß er die vom Dienstherrn getragenen Kosten des Studiums erstatten, wenn er entlassen wird, bevor er eine Dienstzeit von der dreifachen Dauer des Studiums abgeleistet hat; dies gilt nicht, wenn er wegen Polizeidienstunfähigkeit entlassen wird, die nicht auf eigenes grobes Verschulden zurückzuführen ist. Auf die Erstattung kann ganz oder teilweise verzichtet werden, wenn sie für den Beamten eine besondere Härte bedeuten würde.</P></Content></text><fussnoten/></textdaten></norm>
<norm builddate="20240117214520" doknr="BJNR113570976BJNE002000310"><metadaten><jurabk>BPolBG</jurabk><enbez>§ 12a</enbez><titel format="XML">Erstattung der Kosten einer Fortbildung</titel></metadaten><textdaten><text format="XML"><Content><P>(1) Endet das Beamtenverhältnis innerhalb von vier Jahren nach Abschluss einer Fortbildungsmaßnahme, so hat die ehemalige Beamtin oder der ehemalige Beamte die Kosten einer Fortbildung nach Maßgabe der folgenden Absätze zu erstatten, wenn die Fortbildungsmaßnahme insgesamt vier Wochen überschritten hat, die Kosten je Fortbildungstag 500 Euro überstiegen haben und das durch die Fortbildung erworbene Fachwissen außerhalb des bisherigen Tätigkeitsbereichs einsetzbar ist.</P><P>(2) Zu erstatten sind die für die Fortbildungsmaßnahme angefallenen Kosten mit Ausnahme der Reisekosten und des Trennungsgeldes. Der Erstattungsbetrag mindert sich für jedes volle Jahr, das die ehemalige Beamtin oder der ehemalige Beamte seit Abschluss der Fortbildungsmaßnahme bei ihrem oder seinem bisherigen Dienstherrn Dienst geleistet hat, um ein Viertel. Der Erstattungsbetrag wird vom bisherigen Dienstherrn durch schriftlichen Bescheid zur Erstattung festgesetzt und einen Monat nach Bekanntgabe des Bescheids fällig.</P><P>(3) Auf die Erstattung kann ganz oder teilweise verzichtet werden, wenn sie eine besondere Härte für die ehemalige Beamtin oder den ehemaligen Beamten bedeuten würde. Dies ist insbesondere anzunehmen bei einer Beendigung des Beamtenverhältnisses wegen Dienstunfähigkeit der ehemaligen Beamtin oder des ehemaligen Beamten, die nicht auf eigenes grobes Verschulden zurückzuführen ist.</P><P>(4) Die Entscheidung trifft die oberste Dienstbehörde der ehemaligen Beamtin oder des ehemaligen Beamten.</P></Content></text><fussnoten/></textdaten></norm>
<norm builddate="20240117214520" doknr="BJNR113570976BJNG000300314"><metadaten><jurabk>BPolBG</jurabk><gliederungseinheit><gliederungskennzahl>030</gliederungskennzahl><gliederungsbez>Abschnitt III</gliederungsbez><gliederungstitel>Übergangs- und Schlußvorschriften</gliederungstitel></gliederungseinheit></metadaten><textdaten><text format="XML"><Content><P/></Content></text></textdaten></norm>
<norm builddate="20240117214520" doknr="BJNR113570976BJNE001602310"><metadaten><jurabk>BPolBG</jurabk><enbez>§ 13</enbez><titel format="XML">(weggefallen)</titel></metadaten><textdaten><text format="XML"><Content><P>-</P></Content></text><fussnoten/></textdaten></norm>
<norm builddate="20240117214520" doknr="BJNR113570976BJNE001700314"><metadaten><jurabk>BPolBG</jurabk><enbez>§ 14</enbez><titel format="parat">Verweisungen und Bezeichnungen in anderen Vorschriften</titel></metadaten><textdaten><text format="XML"><Content><P><I>Wird in anderen Vorschriften auf Vorschriften und Bezeichnungen verwiesen, die durch dieses Gesetz geändert worden oder weggefallen sind, treten an ihre Stelle die Vorschriften und Bezeichnungen nach den geänderten Vorschriften.</I></P></Content></text><fussnoten/></textdaten></norm>
<norm builddate="20240117214520" doknr="BJNR113570976BJNE001801311"><metadaten><jurabk>BPolBG</jurabk><enbez>§ 15</enbez><titel format="XML">Verwaltungsvorschriften</titel></metadaten><textdaten><text format="XML"><Content><P>Das Bundesministerium des Innern, für Bau und Heimat erläßt die zur Durchführung dieses Gesetze erforderlichen allgemeinen Verwaltungsvorschriften.</P></Content></text><fussnoten/></textdaten></norm>
</dokumente>