<?xml version="1.0" encoding="UTF-8" ?><!DOCTYPE dokumente SYSTEM "http://www.gesetze-im-internet.de/dtd/1.01/gii-norm.dtd">
<dokumente builddate="20130405124906" doknr="BJNR005020978"><norm builddate="20130405124906" doknr="BJNR005020978"><metadaten><jurabk>BlauSchimmelV 1978</jurabk><ausfertigung-datum manuell="ja">1978-04-13</ausfertigung-datum><fundstelle typ="amtlich"><periodikum>BGBl I</periodikum><zitstelle>1978, 502</zitstelle></fundstelle><langue>Verordnung zur Bekämpfung der Blauschimmelkrankheit des Tabaks</langue><standangabe checked="ja"><standtyp>Stand</standtyp><standkommentar>Zuletzt geändert durch Art. 13 V v. 10.10.2012 I 2113</standkommentar></standangabe></metadaten><textdaten><fussnoten><Content><P>(+++ Textnachweis Geltung ab: 1.6.1988 +++)</P></Content></fussnoten></textdaten></norm>
<norm builddate="20130405124906" doknr="BJNR005020978BJNE000100326"><metadaten><jurabk>BlauSchimmelV 1978</jurabk><enbez>Eingangsformel</enbez></metadaten><textdaten><text format="XML"><Content><P>Auf Grund des § 3 Abs. 1 Nr. 1, 3, 6, 11 und 15 des Pflanzenschutzgesetzes in der Fassung der Bekanntmachung vom 2. Oktober 1975 (BGBl. I S. 2591, 1976 I S. 1059) wird im Einvernehmen mit dem Bundesminister für Jugend, Familie und Gesundheit mit Zustimmung des Bundesrates verordnet:</P></Content></text></textdaten></norm>
<norm builddate="20130405124906" doknr="BJNR005020978BJNE000200326"><metadaten><jurabk>BlauSchimmelV 1978</jurabk><enbez>§ 1</enbez></metadaten><textdaten><text format="XML"><Content><P>Verfügungsberechtigte und Besitzer von Tabakpflanzen sind verpflichtet, der zuständigen Behörde das Auftreten und den Verdacht des Auftretens der Blauschimmelkrankheit oder ihres Erregers, des Blauschimmelpilzes (Peronospora tabacina Adam), unter Angabe des Standorts, des Umfangs des Bestandes und der Herkunft der Pflanzen unverzüglich zu melden.</P></Content></text></textdaten></norm>
<norm builddate="20130405124906" doknr="BJNR005020978BJNE000300326"><metadaten><jurabk>BlauSchimmelV 1978</jurabk><enbez>§ 2</enbez></metadaten><textdaten><text format="XML"><Content><P>Verfügungsberechtigte und Besitzer von Tabakpflanzen sind verpflichtet, <DL Font="normal" Type="arabic"><DT>1.</DT><DD Font="normal"><LA Size="normal">vom Blauschimmelpilz befallene oder des Befalls mit dem Blauschimmelpilz verdächtige Tabaksämlinge unverzüglich zu vernichten,</LA></DD> <DT>2.</DT><DD Font="normal"><LA Size="normal">auf Anordnung der zuständigen Behörde<DL Font="normal" Type="arabic"><DT>a)</DT><DD Font="normal"><LA Size="normal">vom Blauschimmelpilz befallene oder des Befalls mit dem Blauschimmelpilz verdächtige Tabakpflanzen zu vernichten,</LA></DD> <DT>b)</DT><DD Font="normal"><LA Size="normal">die nach dem Abernten von Tabakpflanzen verbleibenden Reste zu vernichten,</LA></DD> <DT>c)</DT><DD Font="normal"><LA Size="normal">die Blauschimmelkrankheit zu bekämpfen,</LA></DD> </DL></LA></DD> <DT>3.</DT><DD Font="normal"><LA Size="normal">den Boden und die Räume, die zur Anzucht von Tabakpflanzen bestimmt sind, zu entseuchen, es sei denn, daß sie frei vom Blauschimmelpilz sind,</LA></DD> <DT>4.</DT><DD Font="normal"><LA Size="normal">Grundstücke, auf denen der Blauschimmelpilz aufgetreten ist, bis zum Ablauf der folgenden Vegetationsperiode von Tabakpflanzen freizuhalten.</LA></DD> </DL></P></Content></text></textdaten></norm>
<norm builddate="20130405124906" doknr="BJNR005020978BJNE000400326"><metadaten><jurabk>BlauSchimmelV 1978</jurabk><enbez>§ 3</enbez></metadaten><textdaten><text format="XML"><Content><P>Das Züchten und Halten des Blauschimmelpilzes sowie das Arbeiten mit diesem Schadorganismus sind verboten.</P></Content></text></textdaten></norm>
<norm builddate="20130405124906" doknr="BJNR005020978BJNE000501308"><metadaten><jurabk>BlauSchimmelV 1978</jurabk><enbez>§ 4</enbez></metadaten><textdaten><text format="XML"><Content><P>Die zuständige Behörde kann im Einzelfall Ausnahmen von <DL Font="normal" Type="arabic"><DT>1.</DT><DD Font="normal"><LA Size="normal">§ 2 Nr. 4 für nichtbefallene Teile von Grundstücken,</LA></DD> <DT>2.</DT><DD Font="normal"><LA Size="normal">§ 3 für wissenschaftliche Untersuchungen und Versuche und für Züchtungsvorhaben</LA></DD> </DL>genehmigen, soweit hierdurch die Bekämpfung des Blauschimmelpilzes nicht beeinträchtigt wird und keine Gefahr einer Ausbreitung dieses Schadorganismus entsteht.</P></Content></text><fussnoten/></textdaten></norm>
<norm builddate="20130405124906" doknr="BJNR005020978BJNE000603377"><metadaten><jurabk>BlauSchimmelV 1978</jurabk><enbez>§ 5</enbez></metadaten><textdaten><text format="XML"><Content><P>Ordnungswidrig im Sinne des § 68 Absatz 1 Nummer 3 Buchstabe a des Pflanzenschutzgesetzes handelt, wer vorsätzlich oder fahrlässig <DL Font="normal" Type="arabic"><DT>1.</DT><DD Font="normal"><LA Size="normal">entgegen § 1 die Meldung nicht, nicht unverzüglich, nicht richtig oder nicht vollständig erstattet,</LA></DD><DT>2.</DT><DD Font="normal"><LA Size="normal">entgegen § 2 Nr. 1 Tabaksämlinge nicht unverzüglich vernichtet,</LA></DD><DT>2a.</DT><DD Font="normal"><LA Size="normal">einer vollziehbaren Anordnung nach § 2 Nummer 2 zuwiderhandelt,</LA></DD><DT>3.</DT><DD Font="normal"><LA Size="normal">entgegen § 2 Nr. 3 den Boden oder einen Raum nicht entseucht,</LA></DD><DT>4.</DT><DD Font="normal"><LA Size="normal">entgegen § 2 Nr. 4 ein Grundstück nicht von Tabakpflanzen freihält,</LA></DD><DT>5.</DT><DD Font="normal"><LA Size="normal">entgegen § 3 den Blauschimmelpilz züchtet oder hält oder mit ihm arbeitet oder</LA></DD><DT>6.</DT><DD Font="normal"><LA Size="normal">einer mit einer Genehmigung nach § 4 verbundenen vollziehbaren Auflage zuwiderhandelt.</LA></DD></DL></P></Content></text><fussnoten/></textdaten></norm>
<norm builddate="20130405124906" doknr="BJNR005020978BJNE000801308"><metadaten><jurabk>BlauSchimmelV 1978</jurabk><enbez>§ 6</enbez></metadaten><textdaten><text format="XML"><Content><P>Diese Verordnung tritt am Tage nach der Verkündung in Kraft.</P></Content></text><fussnoten/></textdaten></norm>
<norm builddate="20130405124906" doknr="BJNR005020978BJNE000900326"><metadaten><jurabk>BlauSchimmelV 1978</jurabk><enbez>Schlußformel</enbez></metadaten><textdaten><text format="XML"><Content><P><SP>Der Bundesminister für Ernährung, Landwirtschaft und Forsten</SP></P></Content></text></textdaten></norm>
</dokumente>