<?xml version="1.0" encoding="UTF-8" ?><!DOCTYPE dokumente SYSTEM "http://www.gesetze-im-internet.de/dtd/1.01/gii-norm.dtd">
<dokumente builddate="20160503215515" doknr="BJNR075100016"><norm builddate="20160503215515" doknr="BJNR075100016"><metadaten><jurabk>Münz20EuroBek 2016-04-04/1</jurabk><ausfertigung-datum manuell="ja">2016-04-04</ausfertigung-datum><fundstelle typ="amtlich"><periodikum>BGBl I</periodikum><zitstelle>2016, 751</zitstelle></fundstelle><langue>Bekanntmachung über die Ausprägung von deutschen Euro-Gedenkmünzen im Nennwert von 20 Euro (Gedenkmünze „Rotkäppchen“)</langue></metadaten><textdaten><fussnoten><Content><P><BR/> <pre xml:space="preserve">(+++ Textnachweis ab: 18.4.2016 +++)<BR/><BR/></pre></P></Content></fussnoten></textdaten></norm>
<norm builddate="20160503215515" doknr="BJNR075100016BJNE000100000"><metadaten><jurabk>Münz20EuroBek 2016-04-04/1</jurabk><enbez>(XXXX)</enbez></metadaten><textdaten><text format="XML"><Content><P>Gemäß den §§ 2, 4 und 5 des Münzgesetzes vom 16. Dezember 1999 (BGBl. I S. 2402) hat die Bundesregierung beschlossen, zum Thema „Rotkäppchen“ eine deutsche Euro-Gedenkmünze im Nennwert von 20 Euro prägen zu lassen. Diese Münze ist die fünfte Ausgabe im Rahmen der 2012 begonnenen Serie „200 Jahre Grimms Märchen“. Am 20. Dezember 1812 erschien der erste Band der Kinder- und Hausmärchen der Gebrüder Grimm.</P><P>Die Auflage der Münze beträgt ca. 1,3 Millionen Stück, davon ca. 0,2 Millionen Stück in Spiegelglanzqualität. Die Prägung erfolgt durch die Staatliche Münze Berlin (Prägezeichen A).</P><P>Die Münze wird ab dem 4. Februar 2016 in den Verkehr gebracht. Sie besteht aus einer Legierung von 925 Tausendteilen Silber und 75 Tausendteilen Kupfer, hat einen Durchmesser von 32,5 Millimetern und eine Masse von 18 Gramm. Das Gepräge auf beiden Seiten ist erhaben und wird von einem schützenden, glatten Randstab umgeben.</P><P>Die Bildseite zeigt eine der typischsten Szenen des Märchens: Auf dem Weg zur Großmutter trifft Rotkäppchen auf den Wolf. Der Entwurf überzeugt durch seine gelungene Konzentration auf diese erste Begegnung. Der dunkle Wald mit seinen vertikal ineinander verflochtenen Strukturen symbolisiert das Unbekannte und Unbewusste der Märchenhandlung.</P><P>Die Wertseite zeigt einen Adler, den Schriftzug „BUNDESREPUBLIK DEUTSCHLAND“, Wertziffer und Wertbezeichnung, das Prägezeichen „A“ der Staatlichen Münze Berlin, die Jahreszahl 2016, die zwölf Europasterne sowie die Angabe „SILBER 925“.</P><P>Der glatte Münzrand enthält in vertiefter Prägung die Inschrift:</P><P>„…UND LAUF NICHT VOM WEG AB“.</P><P>Der Entwurf stammt von der Künstlerin Elena Gerber aus Berlin.</P></Content></text></textdaten></norm>
<norm builddate="20160503215515" doknr="BJNR075100016BJNE000200000"><metadaten><jurabk>Münz20EuroBek 2016-04-04/1</jurabk><enbez>Schlussformel</enbez></metadaten><textdaten><text format="XML"><Content><P><SP>Der Bundesminister der Finanzen</SP></P></Content></text></textdaten></norm>
<norm builddate="20160503215515" doknr="BJNR075100016BJNE000300000"><metadaten><jurabk>Münz20EuroBek 2016-04-04/1</jurabk><enbez>(XXXX)</enbez></metadaten><textdaten><text format="XML"><Content><P><noindex><kommentar typ="Fundstelle">(Fundstelle: BGBl. I 2016, 751)</kommentar></noindex></P><BR/><BR/><table frame="none" tocentry="%yes;"><tgroup align="left" char="" charoff="50" cols="2"><colspec colname="col1" colsep="0"/><colspec colname="col2"/><tbody valign="top"><row><entry VJ="1" colname="col1"><IMG Align="center" Height="867" Pos="inline" SRC="bgbl1_2016_j0751-1_0010.jpg" Type="TIF" Units="300" Width="887" alt=""/></entry><entry VJ="1" colname="col2"><IMG Align="center" Height="867" Pos="inline" SRC="bgbl1_2016_j0751-1_0020.jpg" Type="TIF" Units="300" Width="887" alt=""/></entry></row></tbody></tgroup></table></Content></text></textdaten></norm>
</dokumente>