<?xml version="1.0" encoding="UTF-8" ?><!DOCTYPE dokumente SYSTEM "http://www.gesetze-im-internet.de/dtd/1.01/gii-norm.dtd">
<dokumente builddate="20130405125208" doknr="BJNR007730950"><norm builddate="20130405125208" doknr="BJNR007730950"><metadaten><jurabk>ÜblG 1</jurabk><ausfertigung-datum manuell="ja">1950-11-28</ausfertigung-datum><fundstelle typ="amtlich"><periodikum>BGBl</periodikum><zitstelle>1950, 773</zitstelle></fundstelle><kurzue>Erstes Überleitungsgesetz</kurzue><langue>Erstes Gesetz zur Überleitung von Lasten und Deckungsmitteln auf den Bund</langue><standangabe checked="ja"><standtyp>Stand</standtyp><standkommentar>Zuletzt geändert durch Art. 2 Nr. 13 G v. 20.12.1991 I 2317</standkommentar></standangabe></metadaten><textdaten><fussnoten><Content><P>Überschrift: GVBl. Berlin 1955 S. 402; in Berlin idF v. 21.8.1951 I 779 nach Maßgabe der abweichenden Bestimmungen des § 2 Abs. 2 Drittes ÜberleitungsG gem. Art. I Abs. 3 u. Art. III Abs. 1 G v. 12.6.1952 GVBl. Berlin S. 393 in Kraft seit 27.6.1952; im Saarland nach Maßgabe u. idF d. § 1 Fünftes ÜberleitungsG in Kraft seit 1.1.1960</P><P><BR/> (+++ Maßgaben aufgrund EinigVtr vgl. ÜblG 1 Anhang EV +++) <BR/>(+++ Textnachweis Geltung ab:  1. 1.1976 +++)</P></Content></fussnoten></textdaten></norm>
<norm builddate="20130405125208" doknr="BJNR007730950BJNG000100322"><metadaten><jurabk>ÜblG 1</jurabk><gliederungseinheit><gliederungskennzahl>010</gliederungskennzahl><gliederungsbez>I.</gliederungsbez><gliederungstitel>Allgemeiner Teil</gliederungstitel></gliederungseinheit></metadaten><textdaten><text format="XML"><Content><P/></Content></text></textdaten></norm>
<norm builddate="20130405125208" doknr="BJNR007730950BJNE001100322"><metadaten><jurabk>ÜblG 1</jurabk><enbez>§ 1</enbez></metadaten><textdaten><text format="XML"><Content><P>(1) Der Bund trägt nach Maßgabe der §§ 21, 21a und 21b <DL Font="normal" Type="arabic"><DT>1.</DT><DD Font="normal"><LA Size="normal">die Aufwendungen für Besatzungskosten und Auftragsausgaben (§ 5),</LA></DD> <DT>2.</DT><DD Font="normal"><LA Size="normal">die in § 6 bezeichneten Aufwendungen,</LA></DD> <DT>3.</DT><DD Font="normal"><LA Size="normal">die Aufwendungen für die Kriegsfolgenhilfe (§§ 7 bis 13); für die in § 7 Abs. 2 Ziff. 3 genannten Personen trägt der Bund nur 80 vom Hundert der Fürsorgekosten (§§ 8 bis 10),</LA></DD> <DT>4.</DT><DD Font="normal"><LA Size="normal">die Aufwendungen für die Umsiedlung Heimatvertriebener und für die Auswanderung von Kriegsfolgenhilfe-Empfängern (§§ 14 und 14a),</LA></DD> <DT>5.</DT><DD Font="normal"><LA Size="normal">die Aufwendungen für die Rückführung von Deutschen (§ 15),</LA></DD> <DT>6.</DT><DD Font="normal"><LA Size="normal">die Aufwendungen für Grenzdurchgangslager (§ 16),</LA></DD> <DT>6a.</DT><DD Font="normal"><LA Size="normal">die Zuschüsse zur Kriegsgräberfürsorge, zum Suchdienst für Kriegsgefangene, Heimatvertriebene und heimatlose Ausländer und die Aufwendungen für den Rechtsschutz von Deutschen, die von ausländischen Behörden oder Gerichten im Zusammenhang mit den Kriegsereignissen verfolgt werden oder verurteilt worden sind,</LA></DD> <DT>7.</DT><DD Font="normal"><LA Size="normal">die Aufwendungen für verdrängte Angehörige des öffentlichen Dienstes und für ehemalige berufsmäßige Wehrmachtsangehörige,</LA></DD> <DT>8.</DT><DD Font="normal"><LA Size="normal">die Aufwendungen für Kriegsbeschädigte, Kriegshinterbliebene, ihnen gleichgestellte Personen und für Angehörige von Kriegsgefangenen, jedoch die Aufwendungen für die Kriegsopferfürsorge nach den §§ 25 bis 27e des Bundesversorgungsgesetzes nur zu 80 vom Hundert, soweit nicht die Leistungen der Kriegsopferfürsorge an Empfänger außerhalb des Geltungsbereiches dieses Gesetzes gewährt werden; die Aufwendungen umfassen auch die Kosten der Heilbehandlung in Versorgungskuranstalten, Versorgungsheilstätten für Tuberkulöse und in Versorgungskrankenhäusern innerhalb des Geltungsbereiches des Gesetzes nach näherer Bestimmung einer Rechtsverordnung der Bundesregierung, die der Zustimmung des Bundesrates bedarf,</LA></DD> <DT>9.</DT><DD Font="normal"><LA Size="normal">die Aufwendungen der Arbeitslosenfürsorge,</LA></DD> <DT>10.</DT><DD Font="normal"><LA Size="normal">die Zuschüsse zur Arbeitslosenversicherung,</LA></DD> <DT>11.</DT><DD Font="normal"><LA Size="normal">die Zuschüsse zu den Lasten der Sozialversicherung (§ 17).</LA></DD> </DL> </P><P>(2) Aufwendungen sind die Beträge, um die die nachgewiesenen Ausgaben die mit ihnen zusammenhängenden Einnahmen übersteigen.</P><P>(3) Die bei den Behörden der Gebietskörperschaften einschließlich der selbständigen landesunmittelbaren Verwaltungsträger entstehenden Verwaltungsausgaben werden nicht übernommen. Der Bund trägt jedoch <DL Font="normal" Type="arabic"><DT>1.</DT><DD Font="normal"><LA Size="normal">bei den in Absatz 1 Ziff. 3 bis 6 genannten Aufwendungen diejenigen persönlichen und sächlichen Verwaltungskosten, die im Zusammenhang mit der Unterbringung, Verpflegung und Heilbehandlung in Einrichtungen der geschlossenen Fürsorge oder in Durchgangs- oder Wohnlagern stehen,</LA></DD> <DT>2.</DT><DD Font="normal"><LA Size="normal">bei den in Absatz 1 Ziff. 8 bezeichneten Aufwendungen die Kosten für Bauvorhaben, die vor dem 1. April 1955 für Rechnung des Bundes begonnen, aber noch nicht beendet worden sind.</LA></DD> </DL></P></Content> </text><fussnoten/></textdaten></norm>
<norm builddate="20130405125208" doknr="BJNR007730950BJNE001200322"><metadaten><jurabk>ÜblG 1</jurabk><enbez>§ 2</enbez></metadaten><textdaten><text format="XML"><Content><P><I>(Durch Zeitablauf überholt)</I></P></Content></text></textdaten></norm>
<norm builddate="20130405125208" doknr="BJNR007730950BJNE001300322"><metadaten><jurabk>ÜblG 1</jurabk><enbez>§ 3</enbez></metadaten><textdaten><text format="XML"><Content><P>(1) Mit Wirkung ab 1. April 1950 gehen auf den Bund über: <DL Font="normal" Type="arabic"><DT>1.</DT><DD Font="normal"><LA Size="normal">die Umsatzsteuer,</LA></DD> <DT>2.</DT><DD Font="normal"><LA Size="normal">die der konkurrierenden Gesetzgebung unterworfenen Verbrauchsteuern mit Ausnahme der Biersteuer,</LA></DD> <DT>3.</DT><DD Font="normal"><LA Size="normal">die Beförderungsteuer,</LA></DD> <DT>4.</DT><DD Font="normal"><LA Size="normal">die einmaligen Zwecken dienenden Vermögensabgaben,</LA></DD> <DT>5.</DT><DD Font="normal"><LA Size="normal">der Ertrag der Monopole.</LA></DD> </DL> </P><P>(2) Mit Wirkung vom 21. September 1949 gehen von den Ländern Baden, Rheinland-Pfalz und Württemberg-Hohenzollern und vom bayerischen Kreis Lindau auf den Bund über: <DL Font="normal" Type="arabic"><DT>1.</DT><DD Font="normal"><LA Size="normal">die Zölle,</LA></DD> <DT>2.</DT><DD Font="normal"><LA Size="normal">die Umsatzausgleichsteuer,</LA></DD> <DT>3.</DT><DD Font="normal"><LA Size="normal">die Kaffeesteuer,</LA></DD> <DT>4.</DT><DD Font="normal"><LA Size="normal">die Teesteuer.</LA></DD> </DL> </P><P>(3) Die besondere Regelung für die Soforthilfeabgabe bleibt hiervon unberührt.</P></Content></text></textdaten></norm>
<norm builddate="20130405125208" doknr="BJNR007730950BJNE001400322"><metadaten><jurabk>ÜblG 1</jurabk><enbez>§ 4</enbez></metadaten><textdaten><text format="XML"><Content><P>(1) Die am 31. März 1950 in Geltung gewesenen bundes- und landesrechtlichen Bestimmungen über die in § 1 Abs. 1 aufgeführten Sachgebiete sind weiter anzuwenden, soweit in diesem Gesetz nichts anderes bestimmt ist oder nicht bundesgesetzliche Regelungen seit dem 1. April 1950 getroffen worden sind oder noch getroffen werden.</P><P>(2) Soweit die Länder oder Gemeinden (Gemeindeverbände) Ausgaben für die in § 1 Abs. 1 aufgeführten Sachgebiete nach § 21 für Rechnung des Bundes leisten, gilt folgendes: <DL Font="normal" Type="arabic"><DT>1.</DT><DD Font="normal"><LA Size="normal">Auf die für Rechnung des Bundes geleisteten Ausgaben und die mit ihnen zusammenhängenden Einnahmen sind die Vorschriften über das Haushaltsrecht des Bundes anzuwenden. Zur Vereinfachung des Verwaltungsverfahrens kann die Bundesregierung durch Rechtsverordnung, die der Zustimmung des Bundesrates bedarf, für bestimmte Sachgebiete Ausnahmen zulassen. Die für die Ausführung des Haushalts verantwortlichen Bundesbehörden können ihre Befugnisse auf die zuständigen obersten Landesbehörden übertragen und zulassen, daß auf die für Rechnung des Bundes zu leistenden Ausgaben und die mit ihnen zusammenhängenden Einnahmen die landesrechtlichen Vorschriften über die Kassen- und Buchführung der zuständigen Landes- und Gemeindebehörden angewendet werden.</LA></DD> <DT>2.</DT><DD Font="normal"><LA Size="normal">In Angelegenheiten von grundsätzlicher oder erheblicher finanzieller Bedeutung sind die obersten Landesbehörden hinsichtlich der wirtschaftlichen Verwaltung der Bundesmittel an die Weisungen der obersten Bundesbehörden gebunden. Der Vollzug der Weisungen ist durch die obersten Landesbehörden sicherzustellen.</LA></DD> </DL></P></Content> </text></textdaten></norm>
<norm builddate="20130405125208" doknr="BJNR007730950BJNG000200322"><metadaten><jurabk>ÜblG 1</jurabk><gliederungseinheit><gliederungskennzahl>020</gliederungskennzahl><gliederungsbez>II.</gliederungsbez><gliederungstitel>Besonderer Teil</gliederungstitel></gliederungseinheit></metadaten><textdaten><text format="XML"><Content><P/></Content></text></textdaten></norm>
<norm builddate="20130405125208" doknr="BJNR007730950BJNG000300322"><metadaten><jurabk>ÜblG 1</jurabk><gliederungseinheit><gliederungskennzahl>020010</gliederungskennzahl><gliederungsbez>1.</gliederungsbez><gliederungstitel>Besatzungslasten</gliederungstitel></gliederungseinheit></metadaten><textdaten><text format="XML"><Content><P/></Content></text></textdaten></norm>
<norm builddate="20130405125208" doknr="BJNR007730950BJNE001500322"><metadaten><jurabk>ÜblG 1</jurabk><enbez>§ 5</enbez></metadaten><textdaten><text format="XML"><Content><P>Besatzungskosten und Auftragsausgaben (§ 1 Abs. 1 Ziff. 1) sind die Aufwendungen für Zweckbestimmungen, die in dem der Bundesregierung vom Rat der Alliierten Hohen Kommission zugeleiteten Haushalt für die Besatzungskosten und Auftragsausgaben vorgesehen sind.</P></Content></text></textdaten></norm>
<norm builddate="20130405125208" doknr="BJNR007730950BJNE001600322"><metadaten><jurabk>ÜblG 1</jurabk><enbez>§ 6</enbez></metadaten><textdaten><text format="XML"><Content><P>(1) Aufwendungen im Sinne des § 1 Abs. 1 Ziff. 2 sind <DL Font="normal" Type="arabic"><DT>1.</DT><DD Font="normal"><LA Size="normal">Aufwendungen im Zusammenhang mit Lohn- und Gehaltszahlungen an Arbeitskräfte, die im Dienst der Besatzungsmächte stehen,</LA></DD> <DT>2.</DT><DD Font="normal"><LA Size="normal">Aufwendungen zur Durchführung der Entmilitarisierung,</LA></DD> <DT>3.</DT><DD Font="normal"><LA Size="normal">Aufwendungen im Zusammenhang mit der Durchführung von Besatzungsbauten,</LA></DD> <DT>4.</DT><DD Font="normal"><LA Size="normal">Aufwendungen im Zusammenhang mit der Inanspruchnahme von Grundstücken, Gebäuden und Gebäudeteilen (Nutzungen, Transport, Lagerung, Schaffung von Ersatzraum und dergleichen),</LA></DD> <DT>5.</DT><DD Font="normal"><LA Size="normal">Aufwendungen im Zusammenhang mit der Inanspruchnahme von Jagd- und Fischereirechten, soweit die Inanspruchnahme für die Zeit nach dem 31. März 1950 stattgefunden hat,</LA></DD> <DT>6.</DT><DD Font="normal"><LA Size="normal">Aufwendungen für den Bau, die Unterhaltung und die Wiederherstellung von Straßen und Brücken,</LA></DD> <DT>7.</DT><DD Font="normal"><LA Size="normal">Aufwendungen zum Ausgleich von Besatzungsschäden und Belegungsschäden an im Eigentum der Länder und sonstiger Gebietskörperschaften stehenden Grundstücken und beweglichen Sachen, soweit die Schäden nach dem 31. März 1950 entstanden sind,</LA></DD> <DT>8.</DT><DD Font="normal"><LA Size="normal">Aufwendungen zum Ausgleich von Härten, die sich im Zusammenhang mit der Inanspruchnahme von Grundstücken oder beweglichen Sachen oder durch Besatzungsschäden ergeben,</LA></DD> <DT>9.</DT><DD Font="normal"><LA Size="normal"><I>Aufwendungen zur Durchführung von Reparationen und Restitutionen,</I></LA></DD> <DT>10.</DT><DD Font="normal"><LA Size="normal"><I>Aufwendungen im Zusammenhang mit alliierter Gerichtsbarkeit,</I></LA></DD> <DT>11.</DT><DD Font="normal"><LA Size="normal"><I>Aufwendungen für Bewachung, Feuerwehr und polizeiliche Hilfseinrichtungen,</I></LA></DD> <DT>12.</DT><DD Font="normal"><LA Size="normal"><I>Aufwendungen für hygienische Zwecke, für Quarantäne und für Lazarette für heimatlose Ausländer.</I></LA></DD> </DL> </P><P>(2) Die in Absatz 1 bezeichneten Aufwendungen gehen auf den Bund nur insoweit über, als sie durch Anordnungen der Besatzungsmächte verursacht sind.</P><P>(3) <I>Die in Absatz 1 Ziff. 9 bis 12 bezeichneten Aufwendungen gehen nur für das Rechnungsjahr 1950 auf den Bund über.</I></P><P>(4) Die Bundesregierung wird ermächtigt, die in Absatz 1 bezeichneten Aufwendungen durch eine mit Zustimmung des Bundesrates zu erlassende Rechtsverordnung näher zu bestimmen.</P></Content>  </text></textdaten></norm>
<norm builddate="20130405125208" doknr="BJNR007730950BJNG000400322"><metadaten><jurabk>ÜblG 1</jurabk><gliederungseinheit><gliederungskennzahl>020020</gliederungskennzahl><gliederungsbez>2.</gliederungsbez><gliederungstitel>Kriegsfolgenhilfe</gliederungstitel></gliederungseinheit></metadaten><textdaten><text format="XML"><Content><P/></Content></text></textdaten></norm>
<norm builddate="20130405125208" doknr="BJNR007730950BJNE001701301"><metadaten><jurabk>ÜblG 1</jurabk><enbez>§ 7</enbez></metadaten><textdaten><text format="XML"><Content><P>(1) Aufwendungen der Kriegsfolgenhilfe sind die auf Grund gesetzlicher Anordnung von den Bezirksfürsorgeverbänden, den Landesfürsorgeverbänden oder den Ländern geleisteten Fürsorgekosten für Kriegsfolgenhilfe-Empfänger.</P><P>(2) Kriegsfolgenhilfe-Empfänger sind <DL Font="normal" Type="arabic"><DT>1.</DT><DD Font="normal"><LA Size="normal">Heimatvertriebene,</LA></DD> <DT>2.</DT><DD Font="normal"><LA Size="normal">Evakuierte,</LA></DD> <DT>3.</DT><DD Font="normal"><LA Size="normal">Zugewanderte aus der sowjetischen Besatzungszone und der Stadt Berlin,</LA></DD> <DT>4.</DT><DD Font="normal"><LA Size="normal">Ausländer und Staatenlose,</LA></DD> <DT>5.</DT><DD Font="normal"><LA Size="normal">Angehörige von Kriegsgefangenen und Vermißten.</LA></DD> </DL></P></Content> </text><fussnoten/></textdaten></norm>
<norm builddate="20130405125208" doknr="BJNR007730950BJNE001800322"><metadaten><jurabk>ÜblG 1</jurabk><enbez>§ 8</enbez></metadaten><textdaten><text format="XML"><Content><P>Fürsorgekosten sind die Pflichtleistungen, die im Rahmen der <I>Verordnung über die Fürsorgepflicht in der Fassung vom 20. August 1953 (Bundesgesetzblatt I S. 967), der Reichsgrundsätze über Voraussetzung, Art und Maß der öffentlichen Fürsorge in der Fassung vom 20. August 1953 (Bundesgesetzbl. I S. 967)</I> und der hierzu ergangenen Ausführungsvorschriften in Verbindung mit den durch die Fürsorgerechtsprechung entwickelten Grundsätzen nach den örtlich maßgebenden, über Anordnungen des Landes nicht hinausgehenden Richtsätzen und Richtlinien der öffentlichen Fürsorge gewährt werden.</P></Content></text><fussnoten><Content><P>§ 8 Kursivdruck: Reichsgrundsätze über Voraussetzung, Art und Maß der öffentlichen Fürsorge v. 4.12.1924 I 765 aufgeh. mit Ausnahme des § 6 Abs. 1 Buchst. d durch § 153 Abs. 2 Nr. 3 BSHG v. 30.6.1961 I 815, 841 2170-1; vgl. auch Abs. 3 u. 4 des vorgen. §; V über die Fürsorgepflicht v. 13.2.1924 I 100 aufgeh. durch § 153 Abs. 2 Nr. 2 BSHG v. 30.6.1961 I 815, 841 2170-1</P></Content></fussnoten></textdaten></norm>
<norm builddate="20130405125208" doknr="BJNR007730950BJNE001900322"><metadaten><jurabk>ÜblG 1</jurabk><enbez>§ 9</enbez></metadaten><textdaten><text format="XML"><Content><P>Fürsorgekosten sind sowohl Geldleistungen (laufende und einmalige Unterstützungen) als auch Sachleistungen der offenen und geschlossenen Fürsorge.</P></Content></text></textdaten></norm>
<norm builddate="20130405125208" doknr="BJNR007730950BJNE002000322"><metadaten><jurabk>ÜblG 1</jurabk><enbez>§ 10</enbez></metadaten><textdaten><text format="XML"><Content><P>Fürsorgekosten sind auch <DL Font="normal" Type="arabic"><DT>1.</DT><DD Font="normal"><LA Size="normal"><I>(durch Artikel 4 des Gesetzes über die Änderung und Ergänzung fürsorgerechtlicher Bestimmungen vom 20. August 1953 - Bundesgesetzbl. I S. 967 - überholt);</I></LA></DD> <DT>2.</DT><DD Font="normal"><LA Size="normal">die Kosten der Erholungsfürsorge für Mütter, Kinder und Jugendliche aus dem Kreise der Kriegsfolgenhilfe-Empfänger, wenn die Erholungsfürsorge nach Bescheinigung des Gesundheitsamtes zur Wiederherstellung der Gesundheit oder zur Verhütung einer erkennbar drohenden Gesundheitsschädigung notwendig ist;</LA></DD> <DT>3.</DT><DD Font="normal"><LA Size="normal">die auf Grund der folgenden Sonderbestimmungen auf dem Gebiet des Fürsorge- und Gesundheitswesens an die Personengruppen der Kriegsfolgenhilfe geleisteten Zahlungen, auch soweit diese über den örtlich maßgebenden Sätzen der allgemeinen öffentlichen Fürsorge liegen:<DL Font="normal" Type="arabic"><DT>a)</DT><DD Font="normal"><LA Size="normal"><I>Verordnung über Tuberkulosehilfe vom 8. September 1942 (Reichsgesetzbl. I S. 549),</I></LA></DD> <DT>b)</DT><DD Font="normal"><LA Size="normal"><I>Verordnung über die Fürsorge für Kriegsblinde und hirnverletzte Kriegsbeschädigte vom 28. Juni 1940 (Reichsgesetzbl. I S. 937),</I></LA></DD> <DT>c)</DT><DD Font="normal"><LA Size="normal">Gesetz zur Bekämpfung der Geschlechtskrankheiten vom 23. Juli 1953 (Bundesgesetzbl. I S. 700)</LA></DD> </DL></LA><LA Size="normal">mit ihren Ausführungsbestimmungen.</LA></DD>  </DL></P></Content></text><fussnoten/></textdaten></norm>
<norm builddate="20130405125208" doknr="BJNR007730950BJNE002101301"><metadaten><jurabk>ÜblG 1</jurabk><enbez>§ 11</enbez></metadaten><textdaten><text format="XML"><Content><P>(1) Zur Kriegsfolgenhilfe gehören auch - soweit nicht die Bestimmung des § 15 oder des § 16 in Betracht kommt - die Kosten allgemeiner Fürsorgemaßnahmen für den Transport und für die lagermäßige Unterbringung und Versorgung von Heimatvertriebenen, Evakuierten, Zugewanderten aus der sowjetischen Besatzungszone und der Stadt Berlin und von Ausländern sowie Staatenlosen bis zur wohnungsgemäßen Unterbringung am Übernahmeort. Diese Kosten gelten als Kriegsfolgenhilfe ohne Rücksicht darauf, ob sie für unterstützte oder nichtunterstützte Personen aufgewendet worden sind.</P><P>(2)</P></Content> </text><fussnoten/></textdaten></norm>
<norm builddate="20130405125208" doknr="BJNR007730950BJNE002200322"><metadaten><jurabk>ÜblG 1</jurabk><enbez>§ 12</enbez></metadaten><textdaten><text format="XML"><Content><P>Werden auf Grund landesrechtlicher Bestimmungen, die nach dem 8. Mai 1945 erlassen sind, an Stelle von Fürsorgeleistungen Leistungen gewährt, die nach anderen Grundsätzen als denen <I>der Verordnung über die Fürsorgepflicht in der Fassung vom 20. August 1953 (Bundesgesetzbl. I S. 967)</I> bemessen, insbesondere nicht von der im Einzelfall nachgewiesenen Hilfsbedürftigkeit abhängig gemacht worden sind, so übernimmt der Bund nur die Kosten, die bei Anwendung der Vorschriften der Fürsorgepflichtverordnung aufzuwenden gewesen wären. Das gleiche gilt für Fürsorgeleistungen, die Kriegsfolgenhilfe-Empfängern nach anderen Richtsätzen oder Richtlinien (§ 8) gewährt werden als den übrigen Empfängern der öffentlichen Fürsorge.</P></Content></text><fussnoten><Content><P>§ 12 Kursivdruck: V über die Fürsorgepflicht v. 13.2.1924 I 100 aufgeh. durch § 153 Abs. 2 Nr. 2 BSHG v. 30.6.1961 I 815, 841 2170-1</P></Content></fussnoten></textdaten></norm>
<norm builddate="20130405125208" doknr="BJNR007730950BJNE002300322"><metadaten><jurabk>ÜblG 1</jurabk><enbez>§ 13</enbez></metadaten><textdaten><text format="XML"><Content><P>Die Bundesregierung wird ermächtigt, mit Zustimmung des Bundesrates <DL Font="normal" Type="arabic"><DT>1.</DT><DD Font="normal"><LA Size="normal">die in § 7 genannten Personengruppen,</LA></DD> <DT>2.</DT><DD Font="normal"><LA Size="normal">die in den §§ 8 bis 12 aufgeführten Fürsorgekosten näher zu bestimmen.</LA></DD> </DL></P></Content></text></textdaten></norm>
<norm builddate="20130405125208" doknr="BJNR007730950BJNG000500322"><metadaten><jurabk>ÜblG 1</jurabk><gliederungseinheit><gliederungskennzahl>020030</gliederungskennzahl><gliederungsbez>3.</gliederungsbez><gliederungstitel>Umsiedlung und Auswanderung</gliederungstitel></gliederungseinheit></metadaten><textdaten><text format="XML"><Content><P/></Content></text></textdaten></norm>
<norm builddate="20130405125208" doknr="BJNR007730950BJNE002400322"><metadaten><jurabk>ÜblG 1</jurabk><enbez>§ 14</enbez></metadaten><textdaten><text format="XML"><Content><P>(1) Der Bund trägt die Kosten der Umsiedlung Heimatvertriebener im Sinne <I>des § 2 der Verordnung über die Umsiedlung von Heimatvertriebenen aus den Ländern Bayern, Niedersachsen und Schleswig-Holstein vom 29. November 1949 (Bundesgesetzbl. 1950 S. 4)</I> und der Personen, die durch Gesetz oder durch Rechtsverordnung auf Grund des Artikels 119 des Grundgesetzes in die Umsiedlung einbezogen werden.</P><P>(2) Als Umsiedlung gilt die Umsiedlung von Land zu Land, die Umsiedlung zum Zwecke der Familienzusammenführung und die Umsiedlung innerhalb des Landes, sowohl im Wege des Sammeltransportes wie des Einzeltransportes. Entsprechendes gilt für etwaige Umsiedlungen aus Gebieten außerhalb des Bundes in das Bundesgebiet.</P><P>(3) Kosten der Umsiedlung sind die Kosten des Transportes vom bisherigen Aufenthaltsort zum neuen Aufenthaltsort, der Verpflegung während der Reise, des Begleitpersonals und ein Überbrückungsgeld zur Deckung der ersten Bedürfnisse am Aufnahmeort, soweit diese Kosten nicht von anderer Seite, insbesondere von der Arbeitslosenversicherung zu tragen sind.</P></Content>  </text></textdaten></norm>
<norm builddate="20130405125208" doknr="BJNR007730950BJNE002500322"><metadaten><jurabk>ÜblG 1</jurabk><enbez>§ 14a</enbez></metadaten><textdaten><text format="XML"><Content><P>(1) Der Bund trägt die Kosten der Auswanderung von Kriegsfolgenhilfe-Empfängern. Als Kriegsfolgenhilfe-Empfänger gelten die in § 7 Abs. 2 genannten Personen auch dann, wenn sie nicht von den Fürsorgeverbänden unterstützt werden, aber andere Sozialleistungen erhalten, oder wenn sie hilfsbedürftig im Sinne <I>der Fürsorgepflichtverordnung (§ 8)</I> sind.</P><P>(2) Kosten der Auswanderung sind die Kosten des Transportes vom bisherigen Aufenthaltsort bis zum Grenzübertritt oder bis zur Einschiffung, der Verpflegung während der Reise, des Begleitpersonals, der vorgeschriebenen amtlichen Überprüfung und ärztlichen Untersuchung sowie der lagermäßigen Unterbringung und Versorgung.</P></Content> </text></textdaten></norm>
<norm builddate="20130405125208" doknr="BJNR007730950BJNG000600322"><metadaten><jurabk>ÜblG 1</jurabk><gliederungseinheit><gliederungskennzahl>020040</gliederungskennzahl><gliederungsbez>4.</gliederungsbez><gliederungstitel>Rückführung</gliederungstitel></gliederungseinheit></metadaten><textdaten><text format="XML"><Content><P/></Content></text></textdaten></norm>
<norm builddate="20130405125208" doknr="BJNR007730950BJNE002600322"><metadaten><jurabk>ÜblG 1</jurabk><enbez>§ 15</enbez></metadaten><textdaten><text format="XML"><Content><P>(1) Der Bund trägt die Kosten der Rückführung von Deutschen aus dem Ausland und aus den unter fremder Verwaltung stehenden deutschen Gebietsteilen und die Kosten der Durchführung der Verordnung über die Bereitstellung von Lagern und über die Verteilung der in das Bundesgebiet aufgenommenen Deutschen aus den unter fremder Verwaltung stehenden deutschen Gebietsteilen, aus Polen und der Tschechoslowakei auf die Länder des Bundesgebietes.</P><P>(2) Die Bundesregierung wird ermächtigt, mit Zustimmung des Bundesrates die Kosten der Rückführung im Sinne des Absatzes 1 näher zu bestimmen.</P></Content> </text></textdaten></norm>
<norm builddate="20130405125208" doknr="BJNR007730950BJNG000700322"><metadaten><jurabk>ÜblG 1</jurabk><gliederungseinheit><gliederungskennzahl>020050</gliederungskennzahl><gliederungsbez>5.</gliederungsbez><gliederungstitel>Grenzdurchgangslager</gliederungstitel></gliederungseinheit></metadaten><textdaten><text format="XML"><Content><P/></Content></text></textdaten></norm>
<norm builddate="20130405125208" doknr="BJNR007730950BJNE002700322"><metadaten><jurabk>ÜblG 1</jurabk><enbez>§ 16</enbez></metadaten><textdaten><text format="XML"><Content><P>Der Bund trägt die Kosten für die von der Bundesregierung als Grenzdurchgangslager von übergebietlicher Bedeutung anerkannten Einrichtungen.</P></Content></text></textdaten></norm>
<norm builddate="20130405125208" doknr="BJNR007730950BJNG000800322"><metadaten><jurabk>ÜblG 1</jurabk><gliederungseinheit><gliederungskennzahl>020051</gliederungskennzahl><gliederungsbez>5a.</gliederungsbez><gliederungstitel>Aufwendungen der Arbeitslosenfürsorge</gliederungstitel></gliederungseinheit></metadaten><textdaten><text format="XML"><Content><P/></Content></text></textdaten></norm>
<norm builddate="20130405125208" doknr="BJNR007730950BJNE002800322"><metadaten><jurabk>ÜblG 1</jurabk><enbez>(XXXX) §§ 16a bis 16c</enbez><titel format="XML">(weggefallen)</titel></metadaten><textdaten/></norm>
<norm builddate="20130405125208" doknr="BJNR007730950BJNG000900322"><metadaten><jurabk>ÜblG 1</jurabk><gliederungseinheit><gliederungskennzahl>020060</gliederungskennzahl><gliederungsbez>6.</gliederungsbez><gliederungstitel>Zuschüsse zu den Lasten der Sozialversicherung</gliederungstitel></gliederungseinheit></metadaten><textdaten><text format="XML"><Content><P/></Content></text></textdaten></norm>
<norm builddate="20130405125208" doknr="BJNR007730950BJNE002900322"><metadaten><jurabk>ÜblG 1</jurabk><enbez>§ 17</enbez></metadaten><textdaten><text format="XML"><Content><P>Zuschüsse zu den Lasten der Sozialversicherung (§ 1 Abs. 1 Ziff. 11) sind die auf Grund der folgenden Bestimmungen und der Verordnung über die Erstreckung von Sozialversicherungsrecht der Verwaltung des Vereinigten Wirtschaftsgebietes auf die Länder Baden, Rheinland-Pfalz, Württemberg-Hohenzollern und den bayerischen Kreis Lindau vom 12. Mai 1950 (Bundesgesetzbl. S. 179) zu leistenden Ausgaben: <DL Font="normal" Type="arabic"><DT>a)</DT><DD Font="normal"><LA Size="normal">Grundbeträge der Rentenversicherung der Arbeiter (§ 1 Abs. 2 des Sozialversicherungs-Anpassungsgesetzes vom 17. Juni 1949 - WiGBl. S. 99 -);</LA></DD> <DT>b)</DT><DD Font="normal"><LA Size="normal">Beträge in Höhe der Grundbeträge der Rentenversicherung der Arbeiter von jeder Knappschaftsvollrente, Witwenvollrente und Waisenrente der knappschaftlichen Rentenversicherung <I>(§ 1 Abs. 2 und § 5 Abs. 2 des Knappschaftsversicherungs-Anpassungsgesetzes vom 30. Juni 1949 - WiGBl. S. 202 -);</I></LA></DD> <DT>c)</DT><DD Font="normal"><LA Size="normal">Beträge, die zur dauernden Aufrechterhaltung der Leistungen der knappschaftlichen Rentenversicherung erforderlich sind (§ 18 des Sozialversicherungs-Anpassungsgesetzes und <I>§ 5 Abs. 4 des Knappschaftsversicherungs-Anpassungsgesetzes);</I></LA></DD> <DT>d)</DT><DD Font="normal"><LA Size="normal">Gemeinschaftshilfe des früheren Reichsstocks für Arbeitseinsatz an die knappschaftliche Krankenversicherung <I>(§ 15 des Sozialversicherungs-Anpassungsgesetzes und § 5 Abs. 3 des Knappschaftsversicherungs-Anpassungsgesetzes);</I></LA></DD> <DT>e)</DT><DD Font="normal"><LA Size="normal">Mehraufwendungen der Sozialversicherungsträger aus den Vorschriften des Gesetzes über die Behandlung der Verfolgten des Nationalsozialismus in der Sozialversicherung (§ 7 des Gesetzes über die Behandlung der Verfolgten des Nationalsozialismus in der Sozialversicherung vom 22. August 1949 - WiGBl. S. 263 -);</LA></DD> <DT>f)</DT><DD Font="normal"><LA Size="normal"><I>(entfällt);</I></LA></DD> <DT>g)</DT><DD Font="normal"><LA Size="normal">Kosten der Unfallversicherung für ehemalige Reichsbetriebe und für Betriebe der britischen Zone (Sozialversicherungsanordnung Nr. 9 vom 9. Juni 1947 - Arbeitsblatt für die britische Zone S. 233 -);</LA></DD> <DT>h)</DT><DD Font="normal"><LA Size="normal">Aufwendungen der Sozialversicherungsträger für Ausgleichsbeträge an die im Bundesgebiet wohnenden Berechtigten saarländischer Sozialversicherungsträger;</LA></DD> <DT>i)</DT><DD Font="normal"><LA Size="normal">Rentenauslagen für im Land Rheinland-Pfalz wohnende Berechtigte der früheren Lothringer Knappschaft.</LA></DD> </DL></P></Content></text><fussnoten/></textdaten></norm>
<norm builddate="20130405125208" doknr="BJNR007730950BJNG001000322"><metadaten><jurabk>ÜblG 1</jurabk><gliederungseinheit><gliederungskennzahl>030</gliederungskennzahl><gliederungsbez>III.</gliederungsbez><gliederungstitel>Übergangs- und Schlußbestimmungen</gliederungstitel></gliederungseinheit></metadaten><textdaten><text format="XML"><Content><P/></Content></text></textdaten></norm>
<norm builddate="20130405125208" doknr="BJNR007730950BJNE003000322"><metadaten><jurabk>ÜblG 1</jurabk><enbez>§ 18</enbez></metadaten><textdaten><text format="XML"><Content><P>(1) Für den Übergang der in § 1 Abs. 1 dieses Gesetzes genannten Ausgaben und der in § 3 dieses Gesetzes genannten Einnahmen ist Stichtag der 1. April 1950. Alle bis zum 31. März 1950 eingegangenen Einnahmen und geleisteten Ausgaben werden in den Haushaltsrechnungen der Länder nachgewiesen. Alle ab 1. April 1950 eingehenden Einnahmen und alle ab 1. April 1950 geleisteten Ausgaben werden in der Haushaltsrechnung des Bundes nachgewiesen. Ausgleichsverbindlichkeiten zwischen den Ländern sowie solche, die zwischen dem Bund und den Ländern vor dem 1. April 1950 entstanden sind, werden hiervon nicht betroffen.</P><P>(2) Wenn ein Land vor dem 1. April 1950 Mittel aufgewendet hat, um die fristgerechte Leistung von Zahlungen für den Monat April 1950 sicherzustellen, hat der Bund diese Mittel dem Land zu erstatten. Das gleiche gilt für Vorschüsse und Abschlagszahlungen der Länder an die auszahlenden Stellen, soweit die Vorschüsse und Abschlagszahlungen nicht für die Zeit bis zum 31. März 1950 verwendet worden sind.</P><P>(3) Außer den in den §§ 5 und 6 bezeichneten Aufwendungen für Besatzungskosten und Auftragsausgaben trägt der Bund auch die sonstigen Ausgaben, die von den Besatzungsmächten als Besatzungskosten und als Auftragsausgaben vorgeschrieben und in der Zeit nach dem 31. März 1950 zu leisten sind (Auslaufkosten). <I>§ 2 Ziff. 1 und Ziff. 2 finden entsprechende Anwendung.</I></P><P>(4) Soweit die von einem Land im Monat März 1950 gemachten Aufwendungen für Besatzungslasten hinter dem Durchschnittsbetrag der monatlichen Aufwendungen in der Zeit vom 1. Oktober 1949 bis 28. Februar 1950 zurückbleiben, hat das Land den Unterschiedsbetrag an den Bund abzuführen. Die Abführung unterbleibt, wenn und soweit das Land nachweist, daß der Rückgang der Ausgaben überwiegend auf Tatbeständen beruht, die von dem Land nicht beeinflußt werden können.</P><P>(5) Wenn in einem Lande bis zum 31. März 1950 fällige Zahlungen für Besatzungsleistungen durch ausdrückliche Erklärung oder durch Stillhalten der Besatzungsmacht über den 31. März 1950 hinaus gestundet sind oder nach Ablauf der Stundung vor dem 1. April 1950 im März 1950 nicht erfüllt sind, so fallen diese Verpflichtungen dem Land zur Last.</P><P>(6) Soweit die von einem Land bis zum 31. März 1950 geleisteten Ausgaben für sonstige Kriegsfolge- und Soziallasten <DL Font="normal" Type="arabic"><DT>1.</DT><DD Font="normal"><LA Size="normal">den seitherigen Landesanteil an den für die Zeit bis zum 31. März 1950 aufgewendeten Leistungen der Kriegsfolgenhilfe und Umsiedlung,</LA></DD> <DT>2.</DT><DD Font="normal"><LA Size="normal">die für die Zeit bis zum 31. März 1950 aufzuwendenden Leistungen (einschließlich Verwaltungskosten) für Kriegsbeschädigte, Kriegshinterbliebene und ihnen gleichgestellte Personen und für die Arbeitslosenfürsorge,</LA></DD> <DT>3.</DT><DD Font="normal"><LA Size="normal">die für die Zeit bis zum 31. März 1950 bestimmten Zuschüsse an die Träger der Sozialversicherung und an die Arbeitslosenversicherung</LA></DD> </DL>nicht decken, bleibt das Land mit dem Unterschiedsbetrag belastet.</P></Content>     </text><fussnoten><Content><P>§ 18 Abs. 3 Kursivdruck: § 2 durch Zeitablauf überholt.</P></Content></fussnoten></textdaten></norm>
<norm builddate="20130405125208" doknr="BJNR007730950BJNE003100322"><metadaten><jurabk>ÜblG 1</jurabk><enbez>§ 19</enbez></metadaten><textdaten><text format="XML"><Content><P>Für den Ertrag der Monopole gilt folgendes: <DL Font="normal" Type="arabic"><DT>1.</DT><DD Font="normal"><LA Size="normal">Der für das laufende Geschäftsjahr durch Zwischenbilanz nach kaufmännischen Grundsätzen zum 31. März 1950 festzustellende Reingewinn steht den Ländern zu. Er ist nach Abschluß des Geschäftsjahres an die Länder abzuführen.</LA></DD> <DT>2.</DT><DD Font="normal"><LA Size="normal">Beträge, die vor dem 1. April 1950 von den Ländern entnommen sind, sind auf den zum 31. März 1950 festzustellenden Reingewinn anzurechnen. Soweit sie den Reingewinn übersteigen, sind sie unmittelbar nach Abschluß der Zwischenbilanz durch die Länder dem Bund zu erstatten.</LA></DD> </DL></P></Content></text></textdaten></norm>
<norm builddate="20130405125208" doknr="BJNR007730950BJNE003200322"><metadaten><jurabk>ÜblG 1</jurabk><enbez>§ 20</enbez></metadaten><textdaten><text format="XML"><Content><P>(1) Auf Ersuchen des Bundesministers der Finanzen hat der Bundesrechnungshof eine Überprüfung vorzunehmen, ob in einem Lande das finanzielle Ergebnis der Überleitung <DL Font="normal" Type="arabic"><DT>a)</DT><DD Font="normal"><LA Size="normal">den Grundsätzen der §§ 18 und 19 dieses Gesetzes entspricht,</LA></DD> <DT>b)</DT><DD Font="normal"><LA Size="normal">durch Maßnahmen beeinflußt worden ist, die bei billiger Berücksichtigung der Interessen des Bundes und des Landes mit dem Sinn der Überleitungsregelung nicht vereinbar sind.</LA></DD> </DL>Solche Prüfungen sind gemeinsam mit der obersten Rechnungsprüfungsbehörde des Landes vorzunehmen. Die hierbei getroffenen Entscheidungen sind für die Beteiligten verbindlich.</P><P>(2) Zur Entscheidung von grundsätzlichen Fragen, die bei diesen Prüfungen auftreten, kann bei Meinungsverschiedenheiten jede der beteiligten obersten Rechnungsprüfungsbehörden den Vereinigten Senat (§ 10 des Gesetzes über Errichtung und Aufgaben des Bundesrechnungshofes vom 27. November 1950 - Bundesgesetzbl. S. 765 -) anrufen.</P></Content> </text></textdaten></norm>
<norm builddate="20130405125208" doknr="BJNR007730950BJNE003300322"><metadaten><jurabk>ÜblG 1</jurabk><enbez>§ 21</enbez></metadaten><textdaten><text format="XML"><Content><P>(1) Ausgaben für die in § 1 Abs. 1 Ziff. 1, 2, 7 bis 10 aufgeführten Sachgebiete sind für Rechnung des Bundes zu leisten. Die damit zusammenhängenden Einnahmen (§ 1 Abs. 2) sind an den Bund abzuführen.</P><P>(2) Die Vorschrift des Absatzes 1 gilt auch für die in § 1 Abs. 1 Ziff. 3 zweiter Halbsatz bezeichneten Aufwendungen.</P></Content> </text></textdaten></norm>
<norm builddate="20130405125208" doknr="BJNR007730950BJNE003400322"><metadaten><jurabk>ÜblG 1</jurabk><enbez>§ 21a</enbez></metadaten><textdaten><text format="XML"><Content><P>(1) Die im Geltungsbereich des Gesetzes entstehenden Aufwendungen für die in § 1 Abs. 1 Ziff. 3 bis 6 aufgeführten Sachgebiete werden vom Bund durch Leistung von Pauschbeträgen an die Länder abgegolten. Die Abgeltung erfolgt in den Fällen des § 1 Abs. 1 Ziff. 3 zweiter Halbsatz gemäß § 21b, im übrigen gemäß den nachfolgenden Absätzen.</P><P>(2) Der einem Land nach Absatz 1 zustehende Pauschbetrag wird nach einem Grundbetrag errechnet. Der Grundbetrag eines Landes ist die Summe der in den Monaten Juli 1953 bis Juni 1954 (Bezugszeitraum) in seinem Gebiet entstandenen Aufwendungen (Absatz 1). Hierbei werden die Aufwendungen für die in § 10 Ziff. <I>1,</I> 2, <I>3a</I> und 3c bezeichneten Sachgebiete mit 110 vom Hundert angesetzt; zu den Aufwendungen in diesem Sinne gehören auch die Aufwendungen für die in § 7 Abs. 2 Ziff. 3 genannten Personen.</P><P>(3) Maßgebend für die Errechnung der Grundbeträge sind <DL Font="normal" Type="arabic"><DT>1.</DT><DD Font="normal"><LA Size="normal">die nach den Vorschriften dieses Gesetzes für den Bezugszeitraum verrechneten und von den Landesabrechnungsstellen als sachlich richtig bestätigten Aufwendungen und</LA></DD> <DT>2.</DT><DD Font="normal"><LA Size="normal">die in dem Bezugszeitraum von den Trägern der gesetzlichen Rentenversicherung nach dem Erlaß des Reichsarbeitsministers vom 3. Juni 1944 (Amtliche Nachrichten des Reichsversicherungsamtes 1944 S. 150) geleisteten Aufwendungen der Tuberkulosehilfe für die in § 7 Abs. 2 genannten Personen, soweit diese Aufwendungen auf die Landesfürsorgeverbände übergegangen sind.</LA></DD> </DL>Erhebt der Bundesrechnungshof auf Grund seiner Prüfung Erinnerungen, gilt § 20 Abs. 1 Sätze 2 und 3 und Abs. 2 entsprechend.</P><P>(4) Der Pauschbetrag beträgt in vom Hundert des Grundbetrages: <BR/><table frame="none" tocentry="%yes;">
	<tgroup align="left" char="" charoff="50" cols="2" colsep="0" rowsep="0">
		<colspec colname="col1" colnum="1" colwidth="60*"/>
		<colspec colname="col2" colnum="2" colwidth="10*"/>
		<tbody valign="top">
			<row>
				<entry VJ="1" align="left" colsep="0" valign="top">im Rechnungsjahr 1955:</entry>
				<entry VJ="1" align="right" colsep="0" valign="top">100</entry>
			</row>
			<row>
				<entry VJ="1" align="left" colsep="0" valign="top">im Rechnungsjahr 1956:</entry>
				<entry VJ="1" align="right" colsep="0" valign="top">95</entry>
			</row>
			<row>
				<entry VJ="1" align="left" colsep="0" valign="top">im Rechnungsjahr 1957:</entry>
				<entry VJ="1" align="right" colsep="0" valign="top">90</entry>
			</row>
			<row>
				<entry VJ="1" align="left" colsep="0" valign="top">im Rechnungsjahr 1958:</entry>
				<entry VJ="1" align="right" colsep="0" valign="top">85</entry>
			</row>
			<row>
				<entry VJ="1" align="left" colsep="0" valign="top">im Rechnungsjahr 1959:</entry>
				<entry VJ="1" align="right" colsep="0" valign="top">80</entry>
			</row>
			<row>
				<entry VJ="1" align="left" colsep="0" valign="top">im Rechnungsjahr 1960:</entry>
				<entry VJ="1" align="right" colsep="0" valign="top">75</entry>
			</row>
			<row>
				<entry VJ="1" align="left" colsep="0" valign="top">im Rechnungsjahr 1961:</entry>
				<entry VJ="1" align="right" colsep="0" valign="top">70</entry>
			</row>
			<row>
				<entry VJ="1" align="left" colsep="0" valign="top">im Rechnungsjahr 1962:</entry>
				<entry VJ="1" align="right" colsep="0" valign="top">65</entry>
			</row>
			<row>
				<entry VJ="1" align="left" colsep="0" valign="top">im Rechnungsjahr 1963:</entry>
				<entry VJ="1" align="right" colsep="0" valign="top">60</entry>
			</row>
			<row>
				<entry VJ="1" align="left" colsep="0" valign="top">im Rechnungsjahr 1964:</entry>
				<entry VJ="1" align="right" colsep="0" valign="top">55</entry>
			</row>
			<row>
				<entry VJ="1" align="left" colsep="0" valign="top">im Rechnungsjahr 1965:</entry>
				<entry VJ="1" align="right" colsep="0" valign="top">45</entry>
			</row>
			<row>
				<entry VJ="1" align="left" colsep="0" valign="top">im Rechnungsjahr 1966:</entry>
				<entry VJ="1" align="right" colsep="0" valign="top">35</entry>
			</row>
			<row>
				<entry VJ="1" align="left" colsep="0" valign="top">im Rechnungsjahr 1967:</entry>
				<entry VJ="1" align="right" colsep="0" valign="top">25</entry>
			</row>
			<row>
				<entry VJ="1" align="left" colsep="0" valign="top">im Rechnungsjahr 1968:</entry>
				<entry VJ="1" align="right" colsep="0" valign="top">15</entry>
			</row>
		</tbody>
	</tgroup>
</table> <BR/>Ab 1. April 1969 fällt die Leistung von Pauschbeträgen weg.</P><P>(5) Die vorstehenden Bestimmungen gelten für die ab 1. April 1955 geleisteten Ausgaben und eingegangenen Einnahmen im Sinne des Absatzes 1. Die Pauschbeträge sind den Ländern in monatlichen Teilbeträgen zu überweisen; die Länder überweisen die Pauschbeträge den Landes- und Bezirksfürsorgeverbänden und den gegebenenfalls sonst beteiligten Aufgabenträgern zur Deckung der von ihnen zu gewährenden Leistungen der Kriegsfolgenhilfe.</P><P>(6) Die Bundesregierung setzt die Höhe der den einzelnen Ländern nach den vorstehenden Bestimmungen zustehenden Pauschbeträge durch Rechtsverordnung fest, die der Zustimmung des Bundesrates bedarf. Wird die Rechtsverordnung nicht vor dem 1. April 1955 verkündet, leistet der Bund monatlich Abschlagszahlungen in Höhe eines Zwölftels der in dem Bezugszeitraum zu Lasten des Bundeshaushalts verrechneten Aufwendungen.</P><P>(7) Führt die politische oder wirtschaftliche Entwicklung im Geltungsbereich des Gesetzes zu einer erheblichen Steigerung oder Minderung der im Absatz 1 bezeichneten Aufwendungen, sind die Pauschbeträge durch Rechtsverordnung der Bundesregierung, die der Zustimmung des Bundesrates bedarf, dieser Änderung anzupassen.</P></Content>      </text><fussnoten><Content><P>§ 21a Abs. 2: Kursivdruck s. Fußnote zu § 10 Nr. 3 Buchst. a) u. Text zu § 10 Nr. 1</P></Content></fussnoten></textdaten></norm>
<norm builddate="20130405125208" doknr="BJNR007730950BJNE003500322"><metadaten><jurabk>ÜblG 1</jurabk><enbez>§ 21b</enbez></metadaten><textdaten><text format="XML"><Content><P>(1) Für die in § 1 Abs. 1 Ziff. 3 zweiter Halbsatz bezeichneten Fürsorgekosten stehen den Ländern jährliche Pauschbeträge in Höhe der in ihrem Gebiet im Haushaltsjahr 1975 entstandenen Aufwendungen zu. Als Aufwendungen gelten auch Leistungen nach § 12 dieses Gesetzes und 75 vom Hundert der Leistungen nach den §§ 276 und 276a des Lastenausgleichsgesetzes in der Fassung der Bekanntmachung vom 1. Oktober 1969 (BGBl. I S. 1909), <I>zuletzt geändert durch Artikel 35 des Einführungsgesetzes zur Abgabenordnung vom 14. Dezember 1976 (BGBl. I S. 3341),</I> für die in § 7 Abs. 2 Ziff. 3 genannten Personen.</P><P>(2) Die Pauschbeträge sind in den Haushaltsjahren 1976 bis einschließlich 1981 in vierteljährlich im voraus fälligen Teilbeträgen an die Länder zu überweisen. Soweit die Länder nicht selbst Aufgabenträger sind, überweisen sie die Zahlungen an die beteiligten Aufgabenträger zur pauschalen Abgeltung der von ihnen zu gewährenden Leistungen. Ab 1. Januar 1982 fällt die Leistung von Pauschbeträgen weg.</P><P>(3) Für die Feststellung der Pauschbeträge gilt § 21a Abs. 3, Abs. 6 Satz 1 und Abs. 7 entsprechend; danach entfällt eine nachträgliche Verrechnung von Einnahmen und Ausgaben der pauschalierten Leistungsbereiche aus der Zeit vor dem 1. Januar 1976.</P></Content>  </text><fussnoten/></textdaten></norm>
<norm builddate="20130405125208" doknr="BJNR007730950BJNE003600322"><metadaten><jurabk>ÜblG 1</jurabk><enbez>§ 22</enbez></metadaten><textdaten><text format="XML"><Content><P>Die Ansprüche des Bundes auf den Ausgleich von Vorteilen, die den Ländern aus den Aufwendungen des Bundes auf Grund dieses Gesetzes zuwachsen, werden durch dieses Gesetz nicht berührt.</P></Content></text></textdaten></norm>
<norm builddate="20130405125208" doknr="BJNR007730950BJNE003700322"><metadaten><jurabk>ÜblG 1</jurabk><enbez>§ 23</enbez></metadaten><textdaten><text format="XML"><Content><P>(1) Mit Wirkung vom 1. April 1950 ab übernimmt der Bund die Anteile der Länder Baden, Rheinland-Pfalz, Württemberg-Hohenzollern und des bayerischen Kreises Lindau an den Ausgleichsforderungen der Bank deutscher Länder und der Postsparkassen unter sinngemäßer Anwendung der §§ 18 und 20. Die Vorschriften des § 5 Abs. 3 des Gesetzes über die Aufstellung und Ausführung des Bundeshaushaltsplans für das Rechnungsjahr 1949 sowie über die Haushaltsführung und über die vorläufige Rechnungsprüfung im Bereich der Bundesverwaltung (Haushaltsgesetz 1949 und Vorläufige Haushaltsordnung) vom 7. Juni 1950 (Bundesgesetzbl. S. 199) werden hierdurch nicht berührt.</P><P>(2) Der Bund stellt statt der Länder Baden, Rheinland-Pfalz, Württemberg-Hohenzollern und des bayerischen Kreises Lindau die Schuldverschreibungen aus, die auf Grund von Artikel II der Gesetze Nr. 67 und der Verordnung Nr. 223 der Militärregierungen der Bank deutscher Länder zu übergeben sind. Der Bund erhält die nach Artikel IV der Gesetze Nr. 67 und der Verordnung Nr. 223 der Militärregierungen von der Gebietskörperschaft Groß-Berlin auszustellenden Schuldverschreibungen in voller Höhe.</P></Content> </text><fussnoten/></textdaten></norm>
<norm builddate="20130405125208" doknr="BJNR007730950BJNE888800301"><metadaten><jurabk>ÜblG 1</jurabk><enbez>Anhang EV</enbez><titel format="XML">Auszug aus EinigVtr Anlage I Kapitel IV Sachgebiet B Abschnitt III
<BR/>
(BGBl. II 1990, 889, 994)
<BR/>
- Maßgaben für das beigetretene Gebiet (Art. 3 EinigVtr) -</titel></metadaten><textdaten><text format="XML"><Content><P><noindex> Abschnitt III <BR/>Bundesrecht tritt in dem in Artikel 3 des Vertrages genannten Gebiet mit folgenden Maßgaben in Kraft: <BR/>... <DL Font="normal" Type="arabic"><DT>2.</DT><DD Font="normal"><LA Size="normal">Erstes Überleitungsgesetz in der im Bundesgesetzblatt Teil III, Gliederungsnummer 603-3, veröffentlichten bereinigten Fassung, zuletzt geändert durch Artikel 1 des Gesetzes vom 8. Juni 1977 (BGBl. I S. 801)</LA><LA Size="normal">mit folgenden Maßgaben:<DL Font="normal" Type="arabic"><DT>a)</DT><DD Font="normal"><LA Size="normal">Bund und Länder tragen die Kosten der Rückführung, der Suchdienste, der Erstaufnahme, der vorläufigen Unterbringung und Eingliederung von Aussiedlern entsprechend der derzeitigen Praxis.</LA></DD> <DT>b)</DT><DD Font="normal"><LA Size="normal">§ 1 Abs. 1 Nr. 8, Abs. 2 und 3, § 4 Abs. 2 und § 21 treten in dem in Artikel 3 des Vertrages genannten Gebiet am 1. Januar 1991 in Kraft.</LA></DD> <DT>c)</DT><DD Font="normal"><LA Size="normal">Im übrigen findet das Gesetz keine Anwendung.</LA></DD> </DL></LA></DD>  </DL></noindex></P></Content></text></textdaten></norm>
</dokumente>