<?xml version="1.0" encoding="UTF-8" ?><!DOCTYPE dokumente SYSTEM "http://www.gesetze-im-internet.de/dtd/1.01/gii-norm.dtd">
<dokumente builddate="20150424222504" doknr="BJNR008819976"><norm builddate="20150424222504" doknr="BJNR008819976"><metadaten><jurabk>HöfeOÄndG 2</jurabk><ausfertigung-datum manuell="ja">1976-03-29</ausfertigung-datum><fundstelle typ="amtlich"><periodikum>BGBl I</periodikum><zitstelle>1976, 881 (1977 I 288)</zitstelle></fundstelle><langue>Zweites Gesetz zur Änderung der Höfeordnung</langue></metadaten><textdaten><text format="XML"><Content><P/></Content></text><fussnoten><Content><P>Art. 2: HöfeVfO 7811-6-1-2 <BR/>(+++ Textnachweis ab: 1.7.1976 +++)</P></Content></fussnoten></textdaten></norm>
<norm builddate="20150424222504" doknr="BJNR008819976BJNG000100328"><metadaten><jurabk>HöfeOÄndG 2</jurabk><gliederungseinheit><gliederungskennzahl>010</gliederungskennzahl><gliederungsbez>Art 1</gliederungsbez><gliederungstitel>Änderung der Höfeordnung</gliederungstitel></gliederungseinheit></metadaten><textdaten><text format="XML"><Content><P/></Content></text><fussnoten/></textdaten></norm>
<norm builddate="20150424222504" doknr="BJNR008819976BJNG000200328"><metadaten><jurabk>HöfeOÄndG 2</jurabk><gliederungseinheit><gliederungskennzahl>020</gliederungskennzahl><gliederungsbez>Art 2</gliederungsbez><gliederungstitel>Verfahrensrecht</gliederungstitel></gliederungseinheit></metadaten><textdaten><text format="XML"><Content><P/></Content></text><fussnoten/></textdaten></norm>
<norm builddate="20150424222504" doknr="BJNR008819976BJNG000300328"><metadaten><jurabk>HöfeOÄndG 2</jurabk><gliederungseinheit><gliederungskennzahl>030</gliederungskennzahl><gliederungsbez>Art 3</gliederungsbez><gliederungstitel>Übergangs- und Schlußvorschriften</gliederungstitel></gliederungseinheit></metadaten><textdaten><text format="XML"><Content><P/></Content></text></textdaten></norm>
<norm builddate="20150424222504" doknr="BJNR008819976BJNE000400328"><metadaten><jurabk>HöfeOÄndG 2</jurabk><gliederungseinheit><gliederungskennzahl>030</gliederungskennzahl><gliederungsbez>Art 3</gliederungsbez></gliederungseinheit><enbez>§ 1</enbez><titel format="parat">Überleitung altrechtlicher Höfe</titel></metadaten><textdaten><text format="XML"><Content><P>(1) War eine Besitzung nach den bisher geltenden Vorschriften ein Hof und ist sie im Zeitpunkt des Inkrafttretens dieses Gesetzes im Grundbuch als Hof eingetragen, so behält sie bis zur Löschung des Hofvermerks die Eigenschaft als Hof, sofern sie nach den Vorschriften dieses Gesetzes Hof ist oder auf Grund einer Erklärung des Eigentümers werden kann.</P><P>(2) War eine Besitzung, die nach den Vorschriften dieses Gesetzes weder Hof ist noch auf Grund einer Erklärung des Eigentümers werden kann, nach den bisher geltenden Vorschriften ein Hof und ist sie im Zeitpunkt des Inkrafttretens dieses Gesetzes im Grundbuch als Hof eingetragen, so gilt sie bis zur Löschung des Hofvermerks, längstens jedoch bis zum Ablauf des zweiten auf den Zeitpunkt des Inkrafttretens dieses Gesetzes folgenden Jahres, als Hof.</P></Content> </text></textdaten></norm>
<norm builddate="20150424222504" doknr="BJNR008819976BJNE000500328"><metadaten><jurabk>HöfeOÄndG 2</jurabk><gliederungseinheit><gliederungskennzahl>030</gliederungskennzahl><gliederungsbez>Art 3</gliederungsbez></gliederungseinheit><enbez>§ 2</enbez><titel format="parat">Überleitung altrechtlicher Ehegattenhöfe</titel></metadaten><textdaten><text format="XML"><Content><P>(1) Hat eine Besitzung die Hofeigenschaft behalten und war sie nach den bisher geltenden Vorschriften ein Ehegattenhof und als solcher im Zeitpunkt des Inkrafttretens dieses Gesetzes im Grundbuch eingetragen, so behält sie, wenn die Ehe zu diesem Zeitpunkt besteht, die Eigenschaft als Ehegattenhof.</P><P>(2) Steht ein Ehegattenhof nach Absatz 1 nicht im gemeinschaftlichen Eigentum der Ehegatten, so kann jeder von ihnen bis zum Ablauf des sechsten auf den Zeitpunkt des Inkrafttretens dieses Gesetzes folgenden Monats gegenüber dem Landwirtschaftsgericht erklären, daß die Besitzung kein Ehegattenhof mehr sein soll. Wird die Erklärung abgegeben, so verliert der Hof die Eigenschaft als Ehegattenhof rückwirkend mit dem Zeitpunkt des Inkrafttretens dieses Gesetzes.</P><P>(3) Die Erklärung nach Absatz 2 muß persönlich abgegeben werden. Sie bedarf notarieller Beurkundung. Das Gericht hat die Erklärung dem anderen Ehegatten nach den für Zustellungen von Amts wegen geltenden Vorschriften der Zivilprozeßordnung bekanntzumachen. Auf den Lauf der Erklärungsfrist sind die für die Verjährung geltenden Vorschriften der §§ 203, 206 des Bürgerlichen Gesetzbuchs entsprechend anzuwenden.</P></Content>  </text></textdaten></norm>
<norm builddate="20150424222504" doknr="BJNR008819976BJNE000600328"><metadaten><jurabk>HöfeOÄndG 2</jurabk><gliederungseinheit><gliederungskennzahl>030</gliederungskennzahl><gliederungsbez>Art 3</gliederungsbez></gliederungseinheit><enbez>§ 3</enbez><titel format="parat">Erbrechtliche Verhältnisse</titel></metadaten><textdaten><text format="XML"><Content><P>Für die erbrechtlichen Verhältnisse bleiben, wenn der Erblasser vor dem Inkrafttreten dieses Gesetzes gestorben ist, die bisher geltenden Vorschriften maßgebend, soweit nachfolgend nichts anderes bestimmt ist.</P></Content></text></textdaten></norm>
<norm builddate="20150424222504" doknr="BJNR008819976BJNE000700328"><metadaten><jurabk>HöfeOÄndG 2</jurabk><gliederungseinheit><gliederungskennzahl>030</gliederungskennzahl><gliederungsbez>Art 3</gliederungsbez></gliederungseinheit><enbez>§ 4</enbez><titel format="parat">Bestimmung des Hoferben</titel></metadaten><textdaten><text format="XML"><Content><P>An die Gültigkeit einer vor dem Inkrafttreten dieses Gesetzes getroffenen Verfügung von Todes wegen sind, wenn der Erblasser nach diesem Zeitpunkt gestorben ist, keine höheren als die nach diesem Gesetz vorgesehenen Anforderungen zu stellen.</P></Content></text></textdaten></norm>
<norm builddate="20150424222504" doknr="BJNR008819976BJNE000800328"><metadaten><jurabk>HöfeOÄndG 2</jurabk><gliederungseinheit><gliederungskennzahl>030</gliederungskennzahl><gliederungsbez>Art 3</gliederungsbez></gliederungseinheit><enbez>§ 5</enbez><titel format="parat">Überleitungsvorschrift zu § 13 HöfeO</titel></metadaten><textdaten><text format="XML"><Content><P>(1) Ist der Erbfall vor dem Inkrafttreten dieses Gesetzes eingetreten, so steht dies der Anwendung des § 13 der Höfeordnung in der Fassung dieses Gesetzes nicht entgegen, sofern die in dem bisher geltenden § 13 Abs. 1 der Höfeordnung bestimmte Frist bei Verkündung dieses Gesetzes noch nicht abgelaufen war und der den Anspruch begründende Tatbestand nach der Verkündung dieses Gesetzes erfüllt worden ist.</P><P>(2) Die Verjährung eines nach § 13 der Höfeordnung in der bisher geltenden Fassung entstandenen Anspruchs richtet sich nach diesem Gesetz, sofern er im Zeitpunkt des Inkrafttretens dieses Gesetzes noch nicht verjährt war.</P></Content> </text></textdaten></norm>
<norm builddate="20150424222504" doknr="BJNR008819976BJNE000900328"><metadaten><jurabk>HöfeOÄndG 2</jurabk><gliederungseinheit><gliederungskennzahl>030</gliederungskennzahl><gliederungsbez>Art 3</gliederungsbez></gliederungseinheit><enbez>§ 6</enbez><titel format="parat">Feststellung des Erbbrauchs</titel></metadaten><textdaten><text format="XML"><Content><P>Die Landesregierungen oder die von ihnen durch Rechtsverordnung bestimmten Stellen im Geltungsbereich der Höfeordnung werden ermächtigt, zur Sicherstellung einer einheitlichen Rechtsanwendung durch Rechtsverordnung die Geltung des Erbbrauchs (§ 6 Abs. 1 Satz 1 Nr. 3 der Höfeordnung in der Fassung dieses Gesetzes) in einzelnen Amtsgerichtsbezirken oder Gemeinden festzustellen. Soweit eine Verordnung nach Satz 1 nicht erlassen ist, bleiben für die Feststellung des Erbbrauchs die bisher geltenden Vorschriften maßgebend.</P></Content></text></textdaten></norm>
<norm builddate="20150424222504" doknr="BJNR008819976BJNE001000328"><metadaten><jurabk>HöfeOÄndG 2</jurabk><gliederungseinheit><gliederungskennzahl>030</gliederungskennzahl><gliederungsbez>Art 3</gliederungsbez></gliederungseinheit><enbez>§ 7</enbez></metadaten><textdaten><text format="XML"><Content><P>-</P></Content></text><fussnoten/></textdaten></norm>
<norm builddate="20150424222504" doknr="BJNR008819976BJNE001100328"><metadaten><jurabk>HöfeOÄndG 2</jurabk><gliederungseinheit><gliederungskennzahl>030</gliederungskennzahl><gliederungsbez>Art 3</gliederungsbez></gliederungseinheit><enbez>§ 8</enbez><titel format="parat">Geltungsbereich</titel></metadaten><textdaten><text format="XML"><Content><P>Dieses Gesetz gilt in den Ländern Hamburg, Niedersachsen, Nordrhein-Westfalen und Schleswig-Holstein.</P></Content></text></textdaten></norm>
<norm builddate="20150424222504" doknr="BJNR008819976BJNE001200328"><metadaten><jurabk>HöfeOÄndG 2</jurabk><gliederungseinheit><gliederungskennzahl>030</gliederungskennzahl><gliederungsbez>Art 3</gliederungsbez></gliederungseinheit><enbez>§ 9</enbez><titel format="parat">Inkrafttreten</titel></metadaten><textdaten><text format="XML"><Content><P>Dieses Gesetz tritt am 1. Juli 1976 in Kraft.</P></Content></text></textdaten></norm>
</dokumente>