<?xml version="1.0" encoding="UTF-8" ?><!DOCTYPE dokumente SYSTEM "http://www.gesetze-im-internet.de/dtd/1.01/gii-norm.dtd">
<dokumente builddate="20120625150647" doknr="BJNR366220994"><norm builddate="20120625150647" doknr="BJNR366220994"><metadaten><jurabk>ABZusPolAbkG</jurabk><ausfertigung-datum manuell="ja">1994-11-04</ausfertigung-datum><fundstelle typ="amtlich"><periodikum>BGBl II</periodikum><zitstelle>1994, 3662</zitstelle></fundstelle><langue>Gesetz zu dem Abkommen vom 23. April 1993 zwischen der Bundesrepublik
Deutschland und der Republik Polen über den Autobahnzusammenschluß im Raum
Frankfurt/Oder und Schwetig</langue></metadaten><textdaten><text format="XML"><Content><P/></Content></text><fussnoten><Content><P>(+++ Textnachweis ab: 16.11.1994 +++)</P></Content></fussnoten></textdaten></norm>
<norm builddate="20120625150648" doknr="BJNR366220994BJNE000100308"><metadaten><jurabk>ABZusPolAbkG</jurabk><enbez>Eingangsformel</enbez></metadaten><textdaten><text format="XML"><Content><P>Der Bundestag hat mit Zustimmung des Bundesrates das folgende Gesetz beschlossen:</P></Content></text></textdaten></norm>
<norm builddate="20120625150648" doknr="BJNR366220994BJNE000200308"><metadaten><jurabk>ABZusPolAbkG</jurabk><enbez>Art 1</enbez></metadaten><textdaten><text format="XML"><Content><P>Dem in Slubice am 23. April 1993 unterzeichneten Abkommen zwischen der Bundesrepublik Deutschland und der Republik Polen über den Autobahnzusammenschluß im Raum Frankfurt/Oder und Schwetig sowie dem dazugehörigen Protokoll vom selben Tage wird zugestimmt. Das Abkommen und das Protokoll werden nachstehend veröffentlicht.</P></Content></text></textdaten></norm>
<norm builddate="20120625150648" doknr="BJNR366220994BJNE000300308"><metadaten><jurabk>ABZusPolAbkG</jurabk><enbez>Art 2</enbez></metadaten><textdaten><text format="XML"><Content><P>(1) Auf die in Artikel 9 Abs. 1 des Abkommens bezeichneten Umsätze findet deutsches Umsatzsteuerrecht Anwendung.</P><P>(2) Für die in Artikel 9 Abs. 2 Satz 1 des Abkommens genannten Waren werden außer Zöllen keine Einfuhrabgaben erhoben. Dies gilt nicht bei der Einfuhr für die öffentlichen Bauverwaltungen.</P><P>(3) Die in Artikel 9 des Abkommens vorgesehenen steuerlichen Bestimmungen sind mit Wirkung vom 23. April 1993 anzuwenden.</P></Content>  </text></textdaten></norm>
<norm builddate="20120625150648" doknr="BJNR366220994BJNE000400308"><metadaten><jurabk>ABZusPolAbkG</jurabk><enbez>Art 3</enbez></metadaten><textdaten><text format="XML"><Content><P>(1) Dieses Gesetz tritt am Tage nach seiner Verkündung in Kraft.</P><P>(2) Der Tag, an dem das Abkommen nach seinem Artikel 13 Abs. 2 sowie das Protokoll in Kraft treten, ist im Bundesgesetzblatt bekanntzugeben.</P></Content> </text></textdaten></norm>
</dokumente>