<?xml version="1.0" encoding="UTF-8" ?><!DOCTYPE dokumente SYSTEM "http://www.gesetze-im-internet.de/dtd/1.01/gii-norm.dtd">
<dokumente builddate="20120625152807" doknr="BJNR040700998"><norm builddate="20120625152807" doknr="BJNR040700998"><metadaten><jurabk>OFDAufgÜbertrV</jurabk><ausfertigung-datum manuell="ja">1998-03-04</ausfertigung-datum><fundstelle typ="amtlich"><periodikum>BGBl I</periodikum><zitstelle>1998, 407</zitstelle></fundstelle><langue>Verordnung zur Übertragung von Aufgaben der
Oberfinanzdirektionen Berlin, Bremen, Chemnitz,
Düsseldorf, Erfurt, Frankfurt am Main, Hannover,
Kiel, Magdeburg, München, Münster, Rostock,
Saarbrücken und Stuttgart</langue></metadaten><textdaten><text format="XML"><Content><P/></Content></text><fussnoten><Content><P><BR/> <pre xml:space="preserve">(+++ Textnachweis ab:  1. 8.1998 +++)<BR/><BR/></pre>Die V ist mit dem GG vereinbar gem. BVerfGE v. 27.6.2002 - 2 BvF 4/98 -</P></Content></fussnoten></textdaten></norm>
<norm builddate="20120625152807" doknr="BJNR040700998BJNE000100310"><metadaten><jurabk>OFDAufgÜbertrV</jurabk><enbez>Eingangsformel</enbez></metadaten><textdaten><text format="XML"><Content><P>Auf Grund des § 8 Abs. 3 des Finanzverwaltungsgesetzes vom 30. August 1971 (BGBl. I S. 1426, 1427) verordnet das Bundesministerium der Finanzen im Benehmen mit den für die Finanzverwaltung zuständigen obersten Landesbehörden:</P></Content></text></textdaten></norm>
<norm builddate="20120625152807" doknr="BJNR040700998BJNE000200310"><metadaten><jurabk>OFDAufgÜbertrV</jurabk><enbez>§ 1</enbez></metadaten><textdaten><text format="XML"><Content><P>Die Aufgaben der Oberfinanzdirektionen gemäß § 8 Abs. 4 des Finanzverwaltungsgesetzes (Zoll- und Verbrauchsteuerabteilung) werden wie folgt übertragen: <BR/><table frame="none" tocentry="%yes;">
	<tgroup align="left" char="" charoff="50" cols="2" colsep="0" rowsep="0">
		<colspec colname="col1" colnum="1" colwidth="30*"/>
		<colspec colname="col2" colnum="2" colwidth="30*"/>
		<tbody valign="top">
			<row>
				<entry VJ="1" align="left" colsep="0" valign="top">von der Oberfinanzdirektion</entry>
				<entry VJ="1" align="left" colsep="0" valign="top">auf die Oberfinanzdirektion</entry>
			</row>
			<row>
				<entry VJ="1" align="left" colsep="0" valign="top">Berlin</entry>
				<entry VJ="1" align="left" colsep="0" valign="top">Cottbus</entry>
			</row>
			<row>
				<entry VJ="1" align="left" colsep="0" valign="top">Bremen</entry>
				<entry VJ="1" align="left" colsep="0" valign="top">Hannover</entry>
			</row>
			<row>
				<entry VJ="1" align="left" colsep="0" valign="top">Düsseldorf</entry>
				<entry VJ="1" align="left" colsep="0" valign="top">Köln</entry>
			</row>
			<row>
				<entry VJ="1" align="left" colsep="0" valign="top">Erfurt</entry>
				<entry VJ="1" align="left" colsep="0" valign="top">Chemnitz</entry>
			</row>
			<row>
				<entry VJ="1" align="left" colsep="0" valign="top">Frankfurt am Main</entry>
				<entry VJ="1" align="left" colsep="0" valign="top">Koblenz</entry>
			</row>
			<row>
				<entry VJ="1" align="left" colsep="0" valign="top">Kiel</entry>
				<entry VJ="1" align="left" colsep="0" valign="top">Hamburg</entry>
			</row>
			<row>
				<entry VJ="1" align="left" colsep="0" valign="top">Magdeburg</entry>
				<entry VJ="1" align="left" colsep="0" valign="top">Hannover</entry>
			</row>
			<row>
				<entry VJ="1" align="left" colsep="0" valign="top">München</entry>
				<entry VJ="1" align="left" colsep="0" valign="top">Nürnberg</entry>
			</row>
			<row>
				<entry VJ="1" align="left" colsep="0" valign="top">Münster</entry>
				<entry VJ="1" align="left" colsep="0" valign="top">Köln</entry>
			</row>
			<row>
				<entry VJ="1" align="left" colsep="0" valign="top">Rostock</entry>
				<entry VJ="1" align="left" colsep="0" valign="top">Hamburg</entry>
			</row>
			<row>
				<entry VJ="1" align="left" colsep="0" valign="top">Saarbrücken</entry>
				<entry VJ="1" align="left" colsep="0" valign="top">Koblenz</entry>
			</row>
			<row>
				<entry VJ="1" align="left" colsep="0" valign="top">Stuttgart</entry>
				<entry VJ="1" align="left" colsep="0" valign="top">Karlsruhe</entry>
			</row>
		</tbody>
	</tgroup>
</table> </P></Content></text></textdaten></norm>
<norm builddate="20120625152807" doknr="BJNR040700998BJNE000300310"><metadaten><jurabk>OFDAufgÜbertrV</jurabk><enbez>§ 2</enbez></metadaten><textdaten><text format="XML"><Content><P>Die Aufgaben der Oberfinanzdirektionen gemäß § 8 Abs. 5 des Finanzverwaltungsgesetzes (Bundesvermögensabteilung) werden wie folgt übertragen: <BR/><table frame="none" tocentry="%yes;">
	<tgroup align="left" char="" charoff="50" cols="2" colsep="0" rowsep="0">
		<colspec colname="col1" colnum="1" colwidth="30*"/>
		<colspec colname="col2" colnum="2" colwidth="30*"/>
		<tbody valign="top">
			<row>
				<entry VJ="1" align="left" colsep="0" valign="top">von der Oberfinanzdirektion</entry>
				<entry VJ="1" align="left" colsep="0" valign="top">auf die Oberfinanzdirektion</entry>
			</row>
			<row>
				<entry VJ="1" align="left" colsep="0" valign="top">Chemnitz</entry>
				<entry VJ="1" align="left" colsep="0" valign="top">Erfurt</entry>
			</row>
			<row>
				<entry VJ="1" align="left" colsep="0" valign="top">Frankfurt am Main</entry>
				<entry VJ="1" align="left" colsep="0" valign="top">Koblenz</entry>
			</row>
			<row>
				<entry VJ="1" align="left" colsep="0" valign="top">Hannover</entry>
				<entry VJ="1" align="left" colsep="0" valign="top">Magdeburg</entry>
			</row>
			<row>
				<entry VJ="1" align="left" colsep="0" valign="top">Kiel</entry>
				<entry VJ="1" align="left" colsep="0" valign="top">Rostock</entry>
			</row>
			<row>
				<entry VJ="1" align="left" colsep="0" valign="top">München</entry>
				<entry VJ="1" align="left" colsep="0" valign="top">Nürnberg</entry>
			</row>
			<row>
				<entry VJ="1" align="left" colsep="0" valign="top">Münster</entry>
				<entry VJ="1" align="left" colsep="0" valign="top">Köln</entry>
			</row>
			<row>
				<entry VJ="1" align="left" colsep="0" valign="top">Stuttgart</entry>
				<entry VJ="1" align="left" colsep="0" valign="top">Karlsruhe</entry>
			</row>
		</tbody>
	</tgroup>
</table> </P></Content></text></textdaten></norm>
<norm builddate="20120625152807" doknr="BJNR040700998BJNE000400310"><metadaten><jurabk>OFDAufgÜbertrV</jurabk><enbez>§ 3</enbez></metadaten><textdaten><text format="XML"><Content><P>Die Zuständigkeit der Oberfinanzpräsidenten nach § 1 Abs. 1 Nr. 2, Abs. 2 bis 4 des Vermögenszuordnungsgesetzes in der Fassung der Bekanntmachung vom 29. März 1994 (BGBl. I S. 709) bleibt unberührt.</P></Content></text></textdaten></norm>
<norm builddate="20120625152807" doknr="BJNR040700998BJNE000500310"><metadaten><jurabk>OFDAufgÜbertrV</jurabk><enbez>§ 4</enbez></metadaten><textdaten><text format="XML"><Content><P>Diese Verordnung tritt am 1. August 1998 in Kraft.</P></Content></text></textdaten></norm>
</dokumente>