<?xml version="1.0" encoding="UTF-8" ?><!DOCTYPE dokumente SYSTEM "http://www.gesetze-im-internet.de/dtd/1.01/gii-norm.dtd">
<dokumente builddate="20130405130338" doknr="BJNR031330975"><norm builddate="20130405130338" doknr="BJNR031330975"><metadaten><jurabk>BImSchV 7</jurabk><amtabk>7. BImSchV</amtabk><ausfertigung-datum manuell="ja">1975-12-18</ausfertigung-datum><fundstelle typ="amtlich"><periodikum>BGBl I</periodikum><zitstelle>1975, 3133</zitstelle></fundstelle><kurzue>Verordnung zur Auswurfbegrenzung von Holzstaub</kurzue><langue>Siebente Verordnung zur Durchführung des Bundes-Immissionsschutzgesetzes</langue></metadaten><textdaten><text format="XML"><Content><P/></Content></text><fussnoten><Content><P>(+++ Textnachweis ab:  1. 3.1976 +++)</P></Content></fussnoten></textdaten></norm>
<norm builddate="20130405130338" doknr="BJNR031330975BJNE000100319"><metadaten><jurabk>BImSchV 7</jurabk><enbez>Eingangsformel</enbez></metadaten><textdaten><text format="XML"><Content><P>Auf Grund des § 23 Abs. 1 des Bundes-Immissionsschutzgesetzes vom 15. März 1974 (Bundesgesetzbl. I S. 721, 1193), geändert durch § 1 Nr. 14 des Gesetzes zur Änderung des Einführungsgesetzes zum Strafgesetzbuch vom 15. August 1974 (Bundesgesetzbl. I S. 1942), wird von der Bundesregierung nach Anhörung der beteiligten Kreise mit Zustimmung des Bundesrates verordnet:</P></Content></text></textdaten></norm>
<norm builddate="20130405130338" doknr="BJNR031330975BJNE000200319"><metadaten><jurabk>BImSchV 7</jurabk><enbez>§ 1</enbez><titel format="parat">Anwendungsbereich</titel></metadaten><textdaten><text format="XML"><Content><P>Diese Verordnung gilt für die Errichtung, die Beschaffenheit und den Betrieb staub- oder späneemittierender Anlagen im Sinne des § 3 Abs. 5 Nr. 1 des Bundes-Immissionsschutzgesetzes zur Bearbeitung oder Verarbeitung von Holz oder Holzwerkstoffen einschließlich der zugehörigen Förder- und Lagereinrichtungen für Späne und Stäube. Sie gilt nicht für Anlagen, die einer Genehmigung nach § 4 des Bundes-Immissionsschutzgesetzes bedürfen.</P></Content></text></textdaten></norm>
<norm builddate="20130405130338" doknr="BJNR031330975BJNE000300319"><metadaten><jurabk>BImSchV 7</jurabk><enbez>§ 2</enbez><titel format="parat">Ausrüstung</titel></metadaten><textdaten><text format="XML"><Content><P>Anlagen im Sinne des § 1 sind bei ihrer Errichtung mit Abluftreinigungsanlagen auszurüsten, die ein Überschreiten des Emissionswertes nach § 4 ausschließen. Satz 1 gilt nicht, wenn ein Überschreiten des Emissionswertes nach § 4 durch andere Maßnahmen oder Betriebsweisen, insbesondere durch Verarbeitung von waldfrischem Holz, durch Naßschleifen oder durch Einsatz mechanischer Fördereinrichtungen bei jedem Betriebszustand ausgeschlossen wird.</P></Content></text></textdaten></norm>
<norm builddate="20130405130338" doknr="BJNR031330975BJNE000400319"><metadaten><jurabk>BImSchV 7</jurabk><enbez>§ 3</enbez><titel format="parat">Lagerung</titel></metadaten><textdaten><text format="XML"><Content><P>(1) Holzstaub und Späne sind in Bunkern, Silos oder sonstigen geschlossenen Räumen zu lagern.</P><P>(2) An Bunkern und Silos sind regelmäßig Füllstandskontrollen, gegebenenfalls mit Füllstandsmeßgeräten und Überfüllsicherungen, durchzuführen.</P><P>(3) Lagereinrichtungen im Sinne des Absatzes 1 und Filteranlagen sind so zu entleeren, daß Emissionen an Holzstaub oder Spänen soweit wie möglich vermieden werden, z.B. durch Abfüllen in geschlossene Behälter oder durch Befeuchten an der Austragsstelle.</P></Content>  </text></textdaten></norm>
<norm builddate="20130405130338" doknr="BJNR031330975BJNE000500319"><metadaten><jurabk>BImSchV 7</jurabk><enbez>§ 4</enbez><titel format="parat">Emissionswert</titel></metadaten><textdaten><text format="XML"><Content><P>(1) Anlagen im Sinne des § 1 sind so zu betreiben, daß die Massenkonzentration an Staub und Spänen in der Abluft, bezogen auf den Normzustand <ABWFORMAT typ="A"/>(0 Grad C; 1013 Millibar), <DL Font="normal" Type="arabic"><DT>1.</DT><DD Font="normal"><LA Size="normal">einen Wert von 50 Milligramm je Kubikmeter Abluft nicht überschreitet, wenn in der Abluft Schleifstaub oder ein Gemisch mit Schleifstaub enthalten ist oder</LA></DD> <DT>2.</DT><DD Font="normal"><LA Size="normal">einen aus dem folgenden Diagramm sich ergebenden Wert nicht überschreitet, wenn in der Abluft kein Schleifstaub, sondern anderer Staub oder Späne enthalten sind.</LA></DD> </DL><ABWFORMAT typ="E"/><kommentar typ="Fundstelle">(Inhalt: nicht darstellbare Abbildung, <BR/>Fundstelle: BGBl. I 1975, 3133)</kommentar></P><P>(2) Anlagen nach Absatz 1 Nr. 1, die nach dem 1. Januar 1977 errichtet werden, sind abweichend von Absatz 1 so zu betreiben, daß die Massenkonzentration an Staub und Spänen in der Abluft, bezogen auf den Normzustand, einen Wert von 20 Milligramm je Kubikmeter Abluft nicht überschreitet.</P><P>(3) Werden mehrere Anlagen in einem räumlichen und betrieblichen Zusammenhang betrieben, ist bei der Festlegung der zulässigen Massenkonzentration dieser Anlagen die Summe aller Volumenströme zugrunde zu legen.</P></Content>  
</text></textdaten></norm>
<norm builddate="20130405130338" doknr="BJNR031330975BJNE000600319"><metadaten><jurabk>BImSchV 7</jurabk><enbez>§ 5</enbez><titel format="parat">Weitergehende Anforderungen</titel></metadaten><textdaten><text format="XML"><Content><P>Die Befugnis der zuständigen Behörden, auf Grund des Bundes-Immissionsschutzgesetzes andere oder weitergehende Anordnungen zu treffen, bleibt unberührt.</P></Content></text></textdaten></norm>
<norm builddate="20130405130338" doknr="BJNR031330975BJNE000700319"><metadaten><jurabk>BImSchV 7</jurabk><enbez>§ 6</enbez><titel format="parat">Zulassung von Ausnahmen</titel></metadaten><textdaten><text format="XML"><Content><P>Die zuständige Behörde kann auf Antrag Ausnahmen von den Vorschriften der Verordnung zulassen, soweit unter Berücksichtigung der besonderen Umstände des Einzelfalles schädliche Umwelteinwirkungen nicht zu befürchten sind oder Gründe des Arbeitsschutzes dies erfordern.</P></Content></text></textdaten></norm>
<norm builddate="20130405130338" doknr="BJNR031330975BJNE000800319"><metadaten><jurabk>BImSchV 7</jurabk><enbez>§ 7</enbez><titel format="parat">Ordnungswidrigkeiten</titel></metadaten><textdaten><text format="XML"><Content><P>Ordnungswidrig im Sinne des § 62 Abs. 1 Nr. 7 des Bundes-Immissionsschutzgesetzes handelt, wer vorsätzlich oder fahrlässig <DL Font="normal" Type="arabic"><DT>1.</DT><DD Font="normal"><LA Size="normal">entgegen § 2 eine Anlage nicht mit einer Abluftreinigungsanlage ausrüstet,</LA></DD> <DT>2.</DT><DD Font="normal"><LA Size="normal">entgegen § 3 Holzstaub und Späne nicht in Bunkern, Silos oder sonstigen geschlossenen Räumen lagert, keine regelmäßigen Füllstandskontrollen durchführt, Bunker, Silos oder sonstige geschlossene Räume sowie Filteranlagen nicht so entleert, daß Emissionen so weit wie möglich vermieden werden oder</LA></DD> <DT>3.</DT><DD Font="normal"><LA Size="normal">entgegen § 4 <I>oder § 8</I> eine Anlage so betreibt, daß die zulässige Massenkonzentration an Staub in der Abluft überschritten wird.</LA></DD> </DL></P></Content></text><fussnoten><Content><P>§ 7 Nr. 3 Kursivdruck: Gegenstandslos</P></Content></fussnoten></textdaten></norm>
<norm builddate="20130405130338" doknr="BJNR031330975BJNE000900319"><metadaten><jurabk>BImSchV 7</jurabk><enbez>§ 8</enbez></metadaten><textdaten><text format="XML"><Content><P>-</P></Content></text><fussnoten/></textdaten></norm>
<norm builddate="20130405130338" doknr="BJNR031330975BJNE001000319"><metadaten><jurabk>BImSchV 7</jurabk><enbez>§ 9</enbez><titel format="parat">Berlin-Klausel</titel></metadaten><textdaten><text format="XML"><Content><P>Diese Verordnung gilt nach § 14 des Dritten Überleitungsgesetzes vom 4. Januar 1952 (Bundesgesetzbl. I S. 1) in Verbindung mit § 73 Satz 2 des Bundes-Immissionsschutzgesetzes auch im Land Berlin.</P></Content></text></textdaten></norm>
<norm builddate="20130405130338" doknr="BJNR031330975BJNE001100319"><metadaten><jurabk>BImSchV 7</jurabk><enbez>§ 10</enbez><titel format="parat">Inkrafttreten</titel></metadaten><textdaten><text format="XML"><Content><P>Diese Verordnung tritt am ersten Tag des auf die Verkündung folgenden dritten Kalendermonats in Kraft.</P></Content></text></textdaten></norm>
</dokumente>