<?xml version="1.0" encoding="UTF-8" ?><!DOCTYPE dokumente SYSTEM "http://www.gesetze-im-internet.de/dtd/1.01/gii-norm.dtd">
<dokumente builddate="20120625151127" doknr="BJNR053820011"><norm builddate="20120625151127" doknr="BJNR053820011"><metadaten><jurabk>DBAAREG</jurabk><ausfertigung-datum manuell="ja">2011-04-29</ausfertigung-datum><fundstelle typ="amtlich"><periodikum>BGBl II</periodikum><zitstelle>2011, 538</zitstelle></fundstelle><langue>Gesetz zu dem Abkommen vom 1. Juli 2010 zwischen der Bundesrepublik Deutschland und den Vereinigten Arabischen Emiraten zur Vermeidung der Doppelbesteuerung und der Steuerverkürzung auf dem Gebiet der Steuern vom Einkommen</langue></metadaten><textdaten><fussnoten><Content><P><BR/> <pre xml:space="preserve">(+++ Textnachweis ab: 6.5.2011 +++)<BR/><BR/></pre></P></Content></fussnoten></textdaten></norm>
<norm builddate="20120625151127" doknr="BJNR053820011BJNE000100000"><metadaten><jurabk>DBAAREG</jurabk><enbez>Eingangsformel</enbez></metadaten><textdaten><text format="XML"><Content><P>Der Bundestag hat mit Zustimmung des Bundesrates das folgende Gesetz beschlossen:</P></Content></text></textdaten></norm>
<norm builddate="20120625151127" doknr="BJNR053820011BJNE000200000"><metadaten><jurabk>DBAAREG</jurabk><enbez>Art 1</enbez></metadaten><textdaten><text format="XML"><Content><P>Dem in Berlin am 1. Juli 2010 unterzeichneten Abkommen zwischen der Bundesrepublik Deutschland und den Vereinigten Arabischen Emiraten zur Vermeidung der Doppelbesteuerung und der Steuerverkürzung auf dem Gebiet der Steuern vom Einkommen wird zugestimmt. Das Abkommen wird nachstehend veröffentlicht.</P></Content></text></textdaten></norm>
<norm builddate="20120625151127" doknr="BJNR053820011BJNE000300000"><metadaten><jurabk>DBAAREG</jurabk><enbez>Art 2</enbez></metadaten><textdaten><text format="XML"><Content><P>Soweit das Abkommen auf Grund seines Artikels 29 Absatz 2 für die Zeit vor seinem Inkrafttreten anzuwenden ist, sind bereits ergangene Steuerfestsetzungen zu ändern oder aufzuheben. Steuerfestsetzungen sowie ihre Aufhebung und Änderung sind insoweit auch zulässig, wenn die Festsetzungsfrist abgelaufen ist; dies gilt nur bis zum Ablauf des vierten Kalenderjahrs, das auf das Kalenderjahr folgt, in dem das Abkommen in Kraft getreten ist. Soweit sich bis zum Zeitpunkt des Inkrafttretens des Abkommens unter Berücksichtigung der jeweiligen Besteuerung in der Bundesrepublik Deutschland und in den Vereinigten Arabischen Emiraten insgesamt eine höhere Belastung ergibt, als sie nach den Rechtsvorschriften vor dem Inkrafttreten des Abkommens bestand, wird der Steuermehrbetrag nicht festgesetzt.</P></Content></text></textdaten></norm>
<norm builddate="20120625151127" doknr="BJNR053820011BJNE000400000"><metadaten><jurabk>DBAAREG</jurabk><enbez>Art 3</enbez></metadaten><textdaten><text format="XML"><Content><P>Die Bundesregierung wird ermächtigt, Verlängerungen der Geltungsdauer dieses Abkommens nach seinem Artikel 30 Absatz 1 Satz 2 und 3 mit Zustimmung des Bundesrates durch Rechtsverordnung in Kraft zu setzen.</P></Content></text></textdaten></norm>
<norm builddate="20120625151127" doknr="BJNR053820011BJNE000500000"><metadaten><jurabk>DBAAREG</jurabk><enbez>Art 4</enbez></metadaten><textdaten><text format="XML"><Content><P>(1) Dieses Gesetz tritt am Tag nach der Verkündung in Kraft.</P><P>(2) Der Tag, an dem das Abkommen nach seinem Artikel 29 Absatz 2 in Kraft tritt, ist im Bundesgesetzblatt bekannt zu geben.</P></Content></text></textdaten></norm>
</dokumente>