<?xml version="1.0" encoding="UTF-8" ?><!DOCTYPE dokumente SYSTEM "http://www.gesetze-im-internet.de/dtd/1.01/gii-norm.dtd">
<dokumente builddate="20131008093614" doknr="BJNR029820996"><norm builddate="20131008093614" doknr="BJNR029820996"><metadaten><jurabk>SozSichAbkZusAbkISRG</jurabk><ausfertigung-datum manuell="ja">1996-03-15</ausfertigung-datum><fundstelle typ="amtlich"><periodikum>BGBl II</periodikum><zitstelle>1996, 298</zitstelle></fundstelle><langue>Gesetz zu dem Zusatzabkommen vom 12. Februar 1995
zum Abkommen vom 17. Dezember 1973 zwischen der
Bundesrepublik Deutschland und dem Staat Israel
über Soziale Sicherheit</langue></metadaten><textdaten><text format="XML"><Content><P/></Content></text><fussnoten><Content><P>(+++ Textnachweis ab: 22. 3.1996 +++)</P></Content></fussnoten></textdaten></norm>
<norm builddate="20131008093614" doknr="BJNR029820996BJNE000100310"><metadaten><jurabk>SozSichAbkZusAbkISRG</jurabk><enbez>Eingangsformel</enbez></metadaten><textdaten><text format="XML"><Content><P>Der Bundestag hat mit Zustimmung des Bundesrates das folgende Gesetz beschlossen:</P></Content></text></textdaten></norm>
<norm builddate="20131008093614" doknr="BJNR029820996BJNE000200310"><metadaten><jurabk>SozSichAbkZusAbkISRG</jurabk><enbez>Art 1</enbez></metadaten><textdaten><text format="XML"><Content><P>Dem in Jerusalem am 12. Februar 1995 unterzeichneten Zusatzabkommen zum Abkommen vom 17. Dezember 1973 zwischen der Bundesrepublik Deutschland und dem Staat Israel über Soziale Sicherheit (BGBl. 1975 II S. 245), das durch das Änderungsabkommen vom 7. Januar 1986 (BGBl. 1986 II S. 862) geändert wurde, wird zugestimmt. Das Zusatzabkommen wird nachstehend veröffentlicht.</P></Content></text></textdaten></norm>
<norm builddate="20131008093614" doknr="BJNR029820996BJNE000300310"><metadaten><jurabk>SozSichAbkZusAbkISRG</jurabk><enbez>Art 2</enbez></metadaten><textdaten><text format="XML"><Content><P>Die Ausgaben für die Zahlung der auf Zeiten nach dem Fremdrentengesetz beruhenden Leistungen sind Ausgaben der Rentenversicherung für das Beitrittsgebiet.</P></Content></text></textdaten></norm>
<norm builddate="20131008093614" doknr="BJNR029820996BJNE000400310"><metadaten><jurabk>SozSichAbkZusAbkISRG</jurabk><enbez>Art 3</enbez></metadaten><textdaten><text format="XML"><Content><P>(1) Dieses Gesetz tritt am Tage seiner Verkündung in Kraft.</P><P>(2) Der Tag, an dem das Zusatzabkommen nach seinem Artikel 3 Abs. 2 in Kraft tritt, ist im Bundesgesetzblatt bekanntzugeben.</P></Content> </text></textdaten></norm>
</dokumente>