<?xml version="1.0" encoding="UTF-8" ?><!DOCTYPE dokumente SYSTEM "http://www.gesetze-im-internet.de/dtd/1.01/gii-norm.dtd">
<dokumente builddate="20150128220532" doknr="BJNR200400014"><norm builddate="20150128220532" doknr="BJNR200400014"><metadaten><jurabk>SBBFestV 2014</jurabk><amtabk>SBBFestV 2014</amtabk><ausfertigung-datum manuell="ja">2014-12-09</ausfertigung-datum><fundstelle typ="amtlich"><periodikum>BGBl I</periodikum><zitstelle>2014, 2004</zitstelle></fundstelle><kurzue>Sonderbundesbeteiligungs-Festlegungsverordnung 2014</kurzue><langue>Verordnung zur Festlegung der Höhe der Sonderentlastung von Kommunen mit besonderen Herausforderungen aus dem Zuzug aus anderen EU-Mitgliedstaaten über die Bundesbeteiligung an den Kosten der Unterkunft und Heizung für das Jahr 2014</langue></metadaten><textdaten><fussnoten><Content><P><BR/> <pre xml:space="preserve">(+++ Textnachweis ab: 13.12.2014 +++)<BR/><BR/></pre></P></Content></fussnoten></textdaten></norm>
<norm builddate="20150128220532" doknr="BJNR200400014BJNE000100000"><metadaten><jurabk>SBBFestV 2014</jurabk><enbez>Eingangsformel</enbez></metadaten><textdaten><text format="XML"><Content><P>Auf Grund des § 46 Absatz 7a Satz 2 des Zweiten Buches Sozialgesetzbuch – Grundsicherung für Arbeitsuchende –, der durch Artikel 4 des Gesetzes vom 2. Dezember 2014 (BGBl. I S. 1922) eingefügt worden ist, verordnet das Bundesministerium für Arbeit und Soziales:</P></Content></text></textdaten></norm>
<norm builddate="20150128220532" doknr="BJNR200400014BJNE000200000"><metadaten><jurabk>SBBFestV 2014</jurabk><enbez>§ 1</enbez><titel format="XML">Festlegung der Werte nach § 46 Absatz 7a Satz 2 des Zweiten Buches Sozialgesetzbuch im Jahr 2014</titel></metadaten><textdaten><text format="XML"><Content><P>Nach § 46 Absatz 7a Satz 1 des Zweiten Buches Sozialgesetzbuch erhöhen sich im Jahr 2014 die in § 46 Absatz 5 Satz 3 des Zweiten Buches Sozialgesetzbuch genannten Prozentsätze um 0,18 Prozentpunkte. Ausgehend von diesem Wert werden auf Grund der in den Ländern von Juni 2013 bis Juni 2014 unterschiedlichen Entwicklung der Zahl der Leistungsberechtigten aus Bulgarien und Rumänien folgende länderspezifische Werte festgelegt:<BR/> 0,38 Prozentpunkte für Baden-Württemberg,<BR/> 0,37 Prozentpunkte für den Freistaat Bayern,<BR/> 0,21 Prozentpunkte für Berlin,<BR/> 0,54 Prozentpunkte für die Freie Hansestadt Bremen,<BR/> 0,22 Prozentpunkte für die Freie und Hansestadt Hamburg,<BR/> 0,37 Prozentpunkte für Hessen,<BR/> 0,12 Prozentpunkte für Niedersachsen,<BR/> 0,16 Prozentpunkte für Nordrhein-Westfalen,<BR/> 0,32 Prozentpunkte für Rheinland-Pfalz.<BR/> Für die übrigen Länder bleiben die in § 46 Absatz 5 Satz 3 des Zweiten Buches Sozialgesetzbuch genannten Prozentsätze im Jahr 2014 unverändert.</P></Content></text></textdaten></norm>
<norm builddate="20150128220532" doknr="BJNR200400014BJNE000300000"><metadaten><jurabk>SBBFestV 2014</jurabk><enbez>§ 2</enbez><titel format="XML">Inkrafttreten</titel></metadaten><textdaten><text format="XML"><Content><P>Diese Verordnung tritt am Tag nach der Verkündung in Kraft.</P></Content></text></textdaten></norm>
<norm builddate="20150128220533" doknr="BJNR200400014BJNE000400000"><metadaten><jurabk>SBBFestV 2014</jurabk><enbez>Schlussformel</enbez></metadaten><textdaten><text format="XML"><Content><P>Der Bundesrat hat zugestimmt.</P></Content></text></textdaten></norm>
</dokumente>