<?xml version="1.0" encoding="UTF-8" ?><!DOCTYPE dokumente SYSTEM "http://www.gesetze-im-internet.de/dtd/1.01/gii-norm.dtd">
<dokumente builddate="20250801215502" doknr="BJNR178200016"><norm builddate="20250801215502" doknr="BJNR178200016"><metadaten><jurabk>PflSchSaatgAnwendV</jurabk><amtabk>PflSchSaatgAnwendV</amtabk><ausfertigung-datum manuell="ja">2016-07-22</ausfertigung-datum><fundstelle typ="amtlich"><periodikum>BGBl I</periodikum><zitstelle>2016, 1782</zitstelle></fundstelle><kurzue>Pflanzenschutz-Saatgutanwendungsverordnung</kurzue><langue>Verordnung über das Inverkehrbringen und die Aussaat von mit bestimmten Pflanzenschutzmitteln behandeltem Saatgut<FnR ID="F795004_01_BJNR178200016"/></langue><standangabe checked="ja"><standtyp>Sonst</standtyp><standkommentar>Ersetzt V 7823-7-8 v. 20.7.2015 BAnz AT 20.07.2015 V1, BAnz AT 23.07.2015 V1 (PflSchGetreidesaatgAnwendV)</standkommentar></standangabe></metadaten><textdaten><text format="XML"><Footnotes><Footnote FnZ="1" Group="page" ID="F795004_01_BJNR178200016" Pos="exp"><noindex>Notifiziert nach der Richtlinie (EU) 2015/1535 des Europäischen Parlaments und des Rates vom 9. September 2015 über ein Informationsverfahren auf dem Gebiet der technischen Vorschriften und der Vorschriften für die Dienste der Informationsgesellschaft (ABl. L 241 vom 17. 9. 2015, S. 1).</noindex></Footnote></Footnotes></text><fussnoten><Content><P><BR/> <pre xml:space="preserve">(+++ Textnachweis ab: 27.7.2016 +++)<BR/>(+++ Amtlicher Hinweis des Normgebers auf EG-Recht:<BR/>     Umsetzung der<BR/>       EURL 2015/1535            (CELEX Nr: 32015L1535) +++)<BR/><BR/></pre></P></Content></fussnoten></textdaten></norm>
<norm builddate="20250801215502" doknr="BJNR178200016BJNE000100000"><metadaten><jurabk>PflSchSaatgAnwendV</jurabk><enbez>Eingangsformel</enbez></metadaten><textdaten><text format="XML"><Content><P>Auf Grund des § 19 Absatz 2 und des § 32 Absatz 4 Nummer 1 des Pflanzenschutzgesetzes vom 6. Februar 2012 (BGBl. I S. 148, 1281), von denen § 19 Absatz 2 durch Artikel 375 Nummer 8 der Verordnung vom 31. August 2015 (BGBl. I S. 1474) und § 32 Absatz 4 durch Artikel 375 Nummer 14 der Verordnung vom 31. August 2015 (BGBl. I S. 1474) geändert worden sind, verordnet das Bundesministerium für Ernährung und Landwirtschaft:</P></Content></text></textdaten></norm>
<norm builddate="20250801215502" doknr="BJNR178200016BJNE000200000"><metadaten><jurabk>PflSchSaatgAnwendV</jurabk><enbez>§ 1</enbez><titel format="XML">Verbot der Einfuhr und des Inverkehrbringens</titel></metadaten><textdaten><text format="XML"><Content><P>(1) Saatgut für Wintergetreide, das mit einem Pflanzenschutzmittel, das den Wirkstoff Clothianidin, Imidacloprid oder Thiamethoxam enthält, behandelt worden ist oder dem ein solches Pflanzenschutzmittel anhaftet, darf nicht eingeführt oder in Verkehr gebracht werden.</P><P>(2) Abweichend von Absatz 1 darf Saatgut, das mit einem dort genannten Pflanzenschutzmittel behandelt worden ist oder dem ein solches Pflanzenschutzmittel anhaftet, an Händler oder Saatguterzeuger zur ordnungsgemäßen Entsorgung abgegeben werden.</P></Content></text></textdaten></norm>
<norm builddate="20250801215502" doknr="BJNR178200016BJNE000300000"><metadaten><jurabk>PflSchSaatgAnwendV</jurabk><enbez>§ 2</enbez><titel format="XML">Verbot der Aussaat</titel></metadaten><textdaten><text format="XML"><Content><P>Saatgut für Wintergetreide, das mit einem Pflanzenschutzmittel im Sinne des § 1 behandelt worden ist oder dem ein solches Pflanzenschutzmittel anhaftet, darf nicht ausgesät werden.</P></Content></text></textdaten></norm>
<norm builddate="20250801215502" doknr="BJNR178200016BJNE000400000"><metadaten><jurabk>PflSchSaatgAnwendV</jurabk><enbez>§ 3</enbez><titel format="XML">Ausnahmen</titel></metadaten><textdaten><text format="XML"><Content><P>Das Bundesamt für Verbraucherschutz und Lebensmittelsicherheit kann auf Antrag Ausnahmen von dem Verbot des § 1 oder des § 2 zu Versuchszwecken genehmigen. Die Genehmigung ist mit den Auflagen zu verbinden, die erforderlich sind, um schädliche Auswirkungen auf die Gesundheit von Mensch und Tier oder unvertretbare Auswirkungen auf den Naturhaushalt, insbesondere durch eine Abdrift des Abriebes des Pflanzenschutzmittels, zu verhindern.</P></Content></text></textdaten></norm>
<norm builddate="20250801215502" doknr="BJNR178200016BJNE000500000"><metadaten><jurabk>PflSchSaatgAnwendV</jurabk><enbez>§ 4</enbez><titel format="XML">Ordnungswidrigkeiten</titel></metadaten><textdaten><text format="XML"><Content><P>Ordnungswidrig im Sinne des § 68 Absatz 1 Nummer 3 Buchstabe a des Pflanzenschutzgesetzes handelt, wer vorsätzlich oder fahrlässig entgegen § 1 Absatz 1 Saatgut einführt oder in den Verkehr bringt.</P></Content></text></textdaten></norm>
<norm builddate="20250801215502" doknr="BJNR178200016BJNE000600000"><metadaten><jurabk>PflSchSaatgAnwendV</jurabk><enbez>§ 5</enbez><titel format="XML">Aufheben von Vorschriften</titel></metadaten><textdaten><text format="XML"><Content><P>Die Verordnung über das Inverkehrbringen und die Aussaat von mit bestimmten Pflanzenschutzmitteln behandeltem Saatgut für Wintergetreide vom 20. Juli 2015 (BAnz AT 20.07.2015 V1, BAnz AT 23.07.2015 V1) wird aufgehoben.</P></Content></text></textdaten></norm>
<norm builddate="20250801215502" doknr="BJNR178200016BJNE000700000"><metadaten><jurabk>PflSchSaatgAnwendV</jurabk><enbez>§ 6</enbez><titel format="XML">Inkrafttreten</titel></metadaten><textdaten><text format="XML"><Content><P>Diese Verordnung tritt am Tag nach der Verkündung in Kraft.</P></Content></text></textdaten></norm>
<norm builddate="20250801215502" doknr="BJNR178200016BJNE000800000"><metadaten><jurabk>PflSchSaatgAnwendV</jurabk><enbez>Schlussformel</enbez></metadaten><textdaten><text format="XML"><Content><P>Der Bundesrat hat zugestimmt.</P></Content></text></textdaten></norm>
</dokumente>