<?xml version="1.0" encoding="UTF-8" ?><!DOCTYPE dokumente SYSTEM "http://www.gesetze-im-internet.de/dtd/1.01/gii-norm.dtd">
<dokumente builddate="20130405125533" doknr="BJNR012160983"><norm builddate="20130405125533" doknr="BJNR012160983"><metadaten><jurabk>Münz5DMBek 1983-09</jurabk><ausfertigung-datum manuell="ja">1983-09-16</ausfertigung-datum><fundstelle typ="amtlich"><periodikum>BGBl I</periodikum><zitstelle>1983, 1216</zitstelle></fundstelle><langue>Bekanntmachung über die Ausprägung von Bundesmünzen im Nennwert von 5
Deutschen Mark (Gedenkmünze Martin Luther)</langue></metadaten><textdaten><text format="XML"><Content><P/></Content></text></textdaten></norm>
<norm builddate="20130405125533" doknr="BJNR012160983BJNE000100307"><metadaten><jurabk>Münz5DMBek 1983-09</jurabk><enbez>(XXXX)</enbez></metadaten><textdaten><text format="XML"><Content><P>(1) Auf Grund des § 6 des Gesetzes über die Ausprägung von Scheidemünzen in der im Bundesgesetzblatt Teil III, Gliederungsnummer 690-1, veröffentlichten bereinigten Fassung wird aus Anlaß der 500. Wiederkehr des Geburtstages von Martin Luther eine Bundesmünze (Gedenkmünze) im Nennwert von 5 Deutschen Mark geprägt. Die Auflage der Münze beträgt 8,35 Millionen Stück. Die Prägung erfolgt in der Staatlichen Münze Karlsruhe.</P><P>(2) Die Münze wird ab 10. November 1983 in den Verkehr gebracht.</P><P>(3) Die Münze besteht überwiegend aus einer Kupfer-Nickel-Legierung (75 Prozent Kupfer und 25 Prozent Nickel) und hat einen Reinnickelkern. Sie hat einen Durchmesser von 29 Millimetern und ein Gewicht von 10 Gramm.</P><P>(4) Das Gepräge auf beiden Seiten ist erhaben und wird von einem schützenden glatten Randstab umgeben.</P><P>(5) Die Bildseite zeigt ein Bildnis Martin Luthers als Prediger (von Lucas Cranach d. Ä. 1528), eingebettet in einem Hintergrund, der mit den Lettern aus Titeln dreier seiner Werke ausgefüllt ist. Die Umschrift lautet: <DL Font="normal" Type="arabic"><DT/><DD Font="normal"><LA Size="normal">&quot;MARTIN LUTHER</LA><LA Size="normal">1483 - 1546&quot;.</LA></DD></DL></P><P>(6) Die Wertseite trägt einen Adler, die Jahreszahl, das Münzzeichen und die Umschrift: <DL Font="normal" Type="arabic"><DT/><DD Font="normal"><LA Size="normal">&quot;BUNDESREPUBLIK DEUTSCHLAND</LA><LA Size="normal">5 Deutsche Mark 1983&quot;.</LA></DD></DL></P><P>(7) Die in &quot;19&quot; und &quot;83&quot; unterteilte Jahreszahl ist beiderseits der Wertziffer 5 angebracht. Das Münzzeichen &quot;G&quot; der Staatlichen Münze Karlsruhe befindet sich zwischen den Schwanzfedern und dem linken Fang des Adlers. Der glatte Münzrand enthält die vertiefte Inschrift: <DL Font="normal" Type="arabic"><DT/><DD Font="normal"><LA Size="normal">&quot;GOTTES WORT BLEIBT IN EWIGKEIT&quot;.</LA></DD></DL></P><P>(8) Zwischen Ende und Anfang der Randschrift ist eine Arabeske eingeprägt.</P><P>(9) Der Entwurf der Münze stammt von Carl Vezerfi-Clemm, München.</P><P>(10) Dies wird namens der Bundesregierung bekanntgemacht.<BR/><BR/><SP>Der Bundesminister der Finanzen</SP></P></Content></text></textdaten></norm>
<norm builddate="20130405125533" doknr="BJNR012160983BJNE000200307"><metadaten><jurabk>Münz5DMBek 1983-09</jurabk><enbez>(XXXX)</enbez><titel format="parat">Abbildung der Münze</titel></metadaten><textdaten><text format="XML"><Content><P><ABWFORMAT typ="E"/><noindex><kommentar typ="Fundstelle">(nicht darstellbare Abbildung) <BR/>Fundstelle: BGBl I 1983, 1217</kommentar></noindex></P></Content></text></textdaten></norm>
</dokumente>