<?xml version="1.0" encoding="UTF-8" ?><!DOCTYPE dokumente SYSTEM "http://www.gesetze-im-internet.de/dtd/1.01/gii-norm.dtd">
<dokumente builddate="20120625151120" doknr="BJNR020020980"><norm builddate="20120625151120" doknr="BJNR020020980"><metadaten><jurabk>UrkBefrBELV</jurabk><ausfertigung-datum manuell="ja">1980-10-15</ausfertigung-datum><fundstelle typ="amtlich"><periodikum>BGBl I</periodikum><zitstelle>1980, 2002</zitstelle></fundstelle><langue>Verordnung über die Bestimmung der Beglaubigungsbehörde nach dem deutsch-belgischen Abkommen vom 13. Mai 1975 über die Befreiung öffentlicher Urkunden von der Legalisation</langue></metadaten><textdaten><text format="XML"><Content><P/></Content></text><fussnoten><Content><P>(+++ Textnachweis ab: 25.10.1980 +++)</P></Content></fussnoten></textdaten></norm>
<norm builddate="20120625151120" doknr="BJNR020020980BJNE000100306"><metadaten><jurabk>UrkBefrBELV</jurabk><enbez>Eingangsformel</enbez></metadaten><textdaten><text format="XML"><Content><P>Auf Grund des Artikels 2 des Gesetzes vom 25. Juni 1980 zu dem Abkommen vom 13. Mai 1975 zwischen der Bundesrepublik Deutschland und dem Königreich Belgien über die Befreiung öffentlicher Urkunden von der Legalisation (BGBl. 1980 II S. 813) verordnet die Bundesregierung:</P></Content></text></textdaten></norm>
<norm builddate="20120625151120" doknr="BJNR020020980BJNE000200306"><metadaten><jurabk>UrkBefrBELV</jurabk><enbez>§ 1</enbez></metadaten><textdaten><text format="XML"><Content><P>Die Beglaubigung nach Artikel 3 des Abkommens vom 13. Mai 1975 zwischen der Bundesrepublik Deutschland und dem Königreich Belgien über die Befreiung öffentlicher Urkunden von der Legalisation erteilt das Bundesverwaltungsamt für Urkunden aus dem Geschäftsbereich der Behörden des Bundes sowie der bundesunmittelbaren Körperschaften, Anstalten und Stiftungen des öffentlichen Rechts.</P></Content></text></textdaten></norm>
<norm builddate="20120625151120" doknr="BJNR020020980BJNE000300306"><metadaten><jurabk>UrkBefrBELV</jurabk><enbez>§ 2</enbez></metadaten><textdaten><text format="XML"><Content><P>Diese Verordnung gilt nach § 14 des Dritten Überleitungsgesetzes in Verbindung mit Artikel 6 des eingangs genannten Gesetzes auch im Land Berlin.</P></Content></text></textdaten></norm>
<norm builddate="20120625151120" doknr="BJNR020020980BJNE000400306"><metadaten><jurabk>UrkBefrBELV</jurabk><enbez>§ 3</enbez></metadaten><textdaten><text format="XML"><Content><P>Diese Verordnung tritt am Tage nach der Verkündung in Kraft.</P></Content></text></textdaten></norm>
</dokumente>