<?xml version="1.0" encoding="UTF-8" ?><!DOCTYPE dokumente SYSTEM "http://www.gesetze-im-internet.de/dtd/1.01/gii-norm.dtd">
<dokumente builddate="20221020213545" doknr="BJNR201230961"><norm builddate="20221020213545" doknr="BJNR201230961"><metadaten><jurabk>SchSprAnerkÜbk</jurabk><ausfertigung-datum manuell="ja">1958-06-10</ausfertigung-datum><fundstelle typ="amtlich"><periodikum>BGBl II</periodikum><zitstelle>1961, 123</zitstelle></fundstelle><langue>Übereinkommen über die Anerkennung und Vollstreckung ausländischer
Schiedssprüche</langue></metadaten><textdaten><text format="decorated"/><fussnoten><Content><P>G v. 15.3.1961 II 121 <BR/>Inkraft gem. Bek. v. 23.3.1962 II 102 mWv 28.9.1961</P></Content></fussnoten></textdaten></norm>
</dokumente>