<?xml version="1.0" encoding="UTF-8" ?><!DOCTYPE dokumente SYSTEM "http://www.gesetze-im-internet.de/dtd/1.01/gii-norm.dtd">
<dokumente builddate="20160811220040" doknr="BJNR055200011"><norm builddate="20160811220040" doknr="BJNR055200011"><metadaten><jurabk>BKWid/VtrBRKGuaAnO</jurabk><ausfertigung-datum manuell="ja">2011-03-30</ausfertigung-datum><fundstelle typ="amtlich"><periodikum>BGBl I</periodikum><zitstelle>2011, 552</zitstelle></fundstelle><langue>Anordnung zur Übertragung von Zuständigkeiten für den Erlass von Widerspruchsbescheiden und die Vertretung des Bundes bei Klagen von Beschäftigten des Bundeskanzleramtes in Angelegenheiten nach dem Bundesreisekostengesetz und der Auslandsreisekostenverordnung einschließlich der hierzu ergangenen Verwaltungsvorschriften</langue></metadaten><textdaten><fussnoten><Content><P><BR/> <pre xml:space="preserve">(+++ Textnachweis ab: 1.4.2011 +++)<BR/><BR/></pre></P></Content></fussnoten></textdaten></norm>
<norm builddate="20160811220040" doknr="BJNR055200011BJNE000100000"><metadaten><jurabk>BKWid/VtrBRKGuaAnO</jurabk><enbez>I.</enbez></metadaten><textdaten><text format="XML"><Content><P>Nach § 126 Absatz 3 Satz 2 des Bundesbeamtengesetzes wird dem Bundesverwaltungsamt die Befugnis übertragen, über Widersprüche von Beschäftigten des Bundeskanzleramtes in Angelegenheiten nach dem Bundesreisekostengesetz und der Auslandsreisekostenverordnung einschließlich der hierzu ergangenen Verwaltungsvorschriften zu entscheiden, soweit das Bundesverwaltungsamt selbst den mit dem Widerspruch angefochtenen Verwaltungsakt erlassen hat. Das Bundeskanzleramt behält sich vor, im Einzelfall über Widersprüche selbst zu entscheiden.</P></Content></text></textdaten></norm>
<norm builddate="20160811220040" doknr="BJNR055200011BJNE000200000"><metadaten><jurabk>BKWid/VtrBRKGuaAnO</jurabk><enbez>II.</enbez></metadaten><textdaten><text format="XML"><Content><P>Nach § 127 Absatz 3 Satz 1 des Bundesbeamtengesetzes wird dem Bundesverwaltungsamt die Vertretung des Bundeskanzleramtes bei verwaltungsgerichtlichen Verfahren in Angelegenheiten nach der Nummer I dieser Anordnung übertragen. Das Bundeskanzleramt behält sich vor, im Einzelfall die Prozessvertretung selbst wahrzunehmen.</P></Content></text></textdaten></norm>
<norm builddate="20160811220040" doknr="BJNR055200011BJNE000300000"><metadaten><jurabk>BKWid/VtrBRKGuaAnO</jurabk><enbez>III.</enbez></metadaten><textdaten><text format="XML"><Content><P>Diese Anordnung ist mit Wirkung vom 1. April 2011 anzuwenden.</P></Content></text></textdaten></norm>
<norm builddate="20160811220040" doknr="BJNR055200011BJNE000400000"><metadaten><jurabk>BKWid/VtrBRKGuaAnO</jurabk><enbez>Schlussformel</enbez></metadaten><textdaten><text format="XML"><Content><P><SP>Der Chef des Bundeskanzleramtes</SP></P></Content></text></textdaten></norm>
</dokumente>