<?xml version="1.0" encoding="UTF-8" ?><!DOCTYPE dokumente SYSTEM "http://www.gesetze-im-internet.de/dtd/1.01/gii-norm.dtd">
<dokumente builddate="20170102221220" doknr="BJNR322410016"><norm builddate="20170102221220" doknr="BJNR322410016"><metadaten><jurabk>WaStrAbG</jurabk><amtabk>WaStrAbG</amtabk><ausfertigung-datum manuell="ja">2016-12-23</ausfertigung-datum><fundstelle typ="amtlich"><periodikum>BGBl I</periodikum><zitstelle>2016, 3224</zitstelle></fundstelle><langue>Bundeswasserstraßenausbaugesetz</langue></metadaten><textdaten><fussnoten><Content><P><BR/> <pre xml:space="preserve">(+++ Textnachweis ab: 29.12.2016 +++)<BR/><BR/></pre>Das G wurde als Artikel 1 des G v. 23.12.2016 I 3224 vom Bundestag beschlossen.  Es ist gem. Art. 3 dieses G am 29.12.2016 in Kraft getreten.</P></Content></fussnoten></textdaten></norm>
<norm builddate="20170102221220" doknr="BJNR322410016BJNE000100000"><metadaten><jurabk>WaStrAbG</jurabk><enbez>§ 1</enbez></metadaten><textdaten><text format="XML"><Content><P>(1) Das Netz der Bundeswasserstraßen wird nach dem Bedarfsplan für die Bundeswasserstraßen ausgebaut, der diesem Gesetz als Anlage beigefügt ist.</P><P>(2) Die Feststellung des Bedarfs ist für die Linienbestimmung nach § 13 Absatz 1 des Bundeswasserstraßengesetzes und für die Planfeststellung, einschließlich der vorläufigen Anordnung, nach § 14 des Bundeswasserstraßengesetzes verbindlich.</P></Content></text></textdaten></norm>
<norm builddate="20170102221220" doknr="BJNR322410016BJNE000200000"><metadaten><jurabk>WaStrAbG</jurabk><enbez>§ 2</enbez></metadaten><textdaten><text format="XML"><Content><P>(1) Der Ausbau erfolgt nach Stufen, die im Bedarfsplan vorgesehen sind, und nach Maßgabe der zur Verfügung stehenden Haushaltsmittel.</P><P>(2) Eine Baumaßnahme, die nicht in den Bedarfsplan aufgenommen ist, kann durchgeführt werden, wenn für sie im Einzelfall der Bedarf besonders nachgewiesen wird.</P></Content></text></textdaten></norm>
<norm builddate="20170102221220" doknr="BJNR322410016BJNE000300000"><metadaten><jurabk>WaStrAbG</jurabk><enbez>§ 3</enbez></metadaten><textdaten><text format="XML"><Content><P>Der Bedarfsplan für die Bundeswasserstraßen und die entsprechenden Pläne für andere Verkehrsträger sind im Rahmen der Bundesverkehrswegeplanung aufeinander abzustimmen.</P></Content></text></textdaten></norm>
<norm builddate="20170102221220" doknr="BJNR322410016BJNE000400000"><metadaten><jurabk>WaStrAbG</jurabk><enbez>§ 4</enbez></metadaten><textdaten><text format="XML"><Content><P>Nach Ablauf von jeweils fünf Jahren prüft das Bundesministerium für Verkehr und digitale Infrastruktur, ob der Bedarfsplan der zwischenzeitlich eingetretenen Wirtschafts- und Verkehrsentwicklung anzupassen ist. Die Anpassung erfolgt durch Gesetz.</P></Content></text></textdaten></norm>
<norm builddate="20170102221220" doknr="BJNR322410016BJNE000500000"><metadaten><jurabk>WaStrAbG</jurabk><enbez>§ 5</enbez></metadaten><textdaten><text format="XML"><Content><P>(1) Zur Verwirklichung des Ausbaus nach dem Bedarfsplan stellt das Bundesministerium für Verkehr und digitale Infrastruktur Fünfjahrespläne auf.</P><P>(2) Das Gesetz zur Förderung der Stabilität und des Wachstums der Wirtschaft vom 8. Juni 1967 (BGBl. I S. 582), das zuletzt durch Artikel 267 der Verordnung vom 31. August 2015 (BGBl. I S. 1474) geändert worden ist, bleibt unberührt.</P></Content></text></textdaten></norm>
<norm builddate="20170102221220" doknr="BJNR322410016BJNE000600000"><metadaten><jurabk>WaStrAbG</jurabk><enbez>§ 6</enbez></metadaten><textdaten><text format="XML"><Content><P>Das Bundesministerium für Verkehr und digitale Infrastruktur berichtet dem Deutschen Bundestag jährlich über den Fortgang des Ausbaus des Bundeswasserstraßennetzes nach dem Stand vom 31. Dezember des Vorjahres.</P></Content></text></textdaten></norm>
<norm builddate="20170102221220" doknr="BJNR322410016BJNE000700000"><metadaten><jurabk>WaStrAbG</jurabk><enbez>Anlage</enbez><titel format="XML">(zu § 1 Absatz 1)<BR/>Bedarfsplan für die Bundeswasserstraßen</titel></metadaten><textdaten><text format="XML"><Content><P><noindex><kommentar typ="Fundstelle">(Fundstelle: BGBl. I 2016, 3225)</kommentar></noindex></P><BR/><Title Align="left" Class="S3">Abschnitt 1</Title><Title Align="left" Class="S3">Laufende und fest disponierte<BR/>Vorhaben des Vordringlichen Bedarfs</Title><table frame="none" pgwide="0" tocentry="%yes;"><tgroup align="left" char="" charoff="50" cols="2"><colspec colname="col1" colwidth="8.77*"/><colspec align="justify" colname="col2" colwidth="71.23*"/><thead valign="bottom"><row rowsep="1"><entry VJ="1" colname="col1" colsep="0" rowsep="1">lfd. Nr.</entry><entry VJ="1" align="center" colname="col2" rowsep="1">Vorhaben</entry></row></thead><tbody valign="top"><row><entry VJ="1" colname="col1" colsep="0" rowsep="0"> 1</entry><entry VJ="1" colname="col2" rowsep="0">VDE 17 (Hannover – Magdeburg – Berlin)</entry></row><row><entry VJ="1" colname="col1" colsep="0" rowsep="0"> 2</entry><entry VJ="1" colname="col2" rowsep="0">Ausbau des Dortmund-Ems-Kanals (Südstrecke)</entry></row><row><entry VJ="1" colname="col1" colsep="0" rowsep="0"> 3</entry><entry VJ="1" colname="col2" rowsep="0">Anpassung der Mittelweser für das 2,50 m abgeladene GMS (Basisvariante)</entry></row><row><entry VJ="1" colname="col1" colsep="0" rowsep="0"> 4</entry><entry VJ="1" colname="col2" rowsep="0">Neubau Schleuse Minden</entry></row><row><entry VJ="1" colname="col1" colsep="0" rowsep="0"> 5</entry><entry VJ="1" colname="col2" rowsep="0">Ausbau des Datteln-Hamm-Kanals (Weststrecke)</entry></row><row><entry VJ="1" colname="col1" colsep="0" rowsep="0"> 6</entry><entry VJ="1" colname="col2" rowsep="0">Ausbau des Rhein-Herne-Kanals (Östlich Gelsenkirchen)</entry></row><row><entry VJ="1" colname="col1" colsep="0" rowsep="0"> 7</entry><entry VJ="1" colname="col2" rowsep="0">Bau der 2. Schleusenkammer Trier an der Mosel</entry></row><row><entry VJ="1" colname="col1" colsep="0" rowsep="0"> 8</entry><entry VJ="1" colname="col2" rowsep="0">Fahrrinnenvertiefung am Main zwischen Wipfeld und Limbach</entry></row><row><entry VJ="1" colname="col1" colsep="0" rowsep="0"> 9</entry><entry VJ="1" colname="col2" rowsep="0">Ersatzneubau des Schiffshebewerks Niederfinow an der Havel-Oder-Wasserstraße</entry></row><row><entry VJ="1" colname="col1" colsep="0" rowsep="0">10</entry><entry VJ="1" colname="col2" rowsep="0">Ausbau der Oststrecke des Nord-Ostsee-Kanals</entry></row><row><entry VJ="1" colname="col1" colsep="0">11</entry><entry VJ="1" colname="col2">Fahrrinnenanpassung der Unter- und Außenelbe</entry></row></tbody></tgroup></table><BR/><BR/><Title Align="left" Class="S3">Abschnitt 2</Title><Title Align="left" Class="S3">Neue Vorhaben des Vordringlichen Bedarfs<BR/> (<B>VB-E (in Fettdruck)</B> und VB)</Title><table frame="top" pgwide="0" tocentry="%yes;"><tgroup align="left" char="" charoff="50" cols="2"><colspec colname="col1" colwidth="9*"/><colspec align="justify" colname="col2" colwidth="71*"/><thead valign="bottom"><row rowsep="1"><entry VJ="1" colname="col1" colsep="0">lfd. Nr.</entry><entry VJ="1" align="center" colname="col2">Vorhaben</entry></row></thead><tbody valign="top"><row><entry VJ="1" colname="col1" colsep="0" rowsep="0"> <B>1</B></entry><entry VJ="1" colname="col2" rowsep="0"><B>Abladeoptimierung der Fahrrinnen am Mittelrhein</B></entry></row><row><entry VJ="1" colname="col1" colsep="0" rowsep="0"> <B>2</B></entry><entry VJ="1" colname="col2" rowsep="0"><B>Fahrrinnenvertiefung des Untermains bis Aschaffenburg</B></entry></row><row><entry VJ="1" colname="col1" colsep="0" rowsep="0"> <B>3</B></entry><entry VJ="1" colname="col2" rowsep="0"><B>Fahrrinnenanpassung der Außenweser</B></entry></row><row><entry VJ="1" colname="col1" colsep="0" rowsep="0"> <B>4</B></entry><entry VJ="1" colname="col2" rowsep="0"><B>Vertiefung des Nord-Ostsee-Kanals</B></entry></row><row><entry VJ="1" colname="col1" colsep="0" rowsep="0"> <B>5</B></entry><entry VJ="1" colname="col2" rowsep="0"><B>Fahrrinnenanpassung der Unterweser (Süd)</B></entry></row><row><entry VJ="1" colname="col1" colsep="0" rowsep="0"> <B>6</B></entry><entry VJ="1" colname="col2" rowsep="0"><B>Fahrrinnenanpassung der Unterweser (Nord)</B></entry></row><row><entry VJ="1" colname="col1" colsep="0" rowsep="0"> <B>7</B></entry><entry VJ="1" colname="col2" rowsep="0"><B>Ausbau des Wesel-Datteln-Kanals (WDK) bis Marl und Ersatzneubau der „Großen Schleusen“ sowie Brückenhebung bei Ersatzneubau</B></entry></row><row><entry VJ="1" colname="col1" colsep="0" rowsep="0"> 8</entry><entry VJ="1" colname="col2" rowsep="0">Vertiefung der Außenems</entry></row><row><entry VJ="1" colname="col1" colsep="0" rowsep="0"> 9</entry><entry VJ="1" colname="col2" rowsep="0">Ausbau des Datteln-Hamm-Kanals (Oststrecke)</entry></row><row><entry VJ="1" colname="col1" colsep="0" rowsep="0">10</entry><entry VJ="1" colname="col2" rowsep="0">Neutrassierung der Saatsee-Kurve am Nord-Ostsee-Kanal</entry></row><row><entry VJ="1" colname="col1" colsep="0" rowsep="0">11</entry><entry VJ="1" colname="col2" rowsep="0">Anpassung der seewärtigen Zufahrt zum Seehafen Rostock</entry></row><row><entry VJ="1" colname="col1" colsep="0" rowsep="0">12</entry><entry VJ="1" colname="col2" rowsep="0">Ausbau der Donau im Abschnitt Straubing-Vilshofen (Variante A)</entry></row><row><entry VJ="1" colname="col1" colsep="0" rowsep="0">13</entry><entry VJ="1" colname="col2" rowsep="0">Abladeverbesserung und Sohlenstabilisierung am Rhein zwischen Duisburg und Stürzelberg</entry></row><row><entry VJ="1" colname="col1" colsep="0" rowsep="0">14</entry><entry VJ="1" colname="col2" rowsep="0">Anpassung der seewärtigen Zufahrt zum Seehafen Wismar</entry></row><row><entry VJ="1" colname="col1" colsep="0" rowsep="0">15</entry><entry VJ="1" colname="col2" rowsep="0">Anpassung des Dortmund-Ems-Kanals (Nordstrecke)</entry></row><row><entry VJ="1" colname="col1" colsep="0" rowsep="0">16</entry><entry VJ="1" colname="col2" rowsep="0">Ausbau der Havel-Oder-Wasserstraße</entry></row><row><entry VJ="1" colname="col1" colsep="0" rowsep="0">17</entry><entry VJ="1" colname="col2" rowsep="0">Ausbau des Stichkanals Salzgitter einschließlich Ersatzneubau zweier Schleusen</entry></row><row><entry VJ="1" colname="col1" colsep="0" rowsep="0">18</entry><entry VJ="1" colname="col2" rowsep="0">Ausbau des Küstenkanals einschließlich Ersatzneubau zweier Schleusen</entry></row><row><entry VJ="1" colname="col1" colsep="0" rowsep="0">19</entry><entry VJ="1" colname="col2" rowsep="0">Vorgezogener Ersatzneubau einer Schleuse in Lüneburg-Scharnebeck am Elbe-Seitenkanal</entry></row><row><entry VJ="1" colname="col1" colsep="0" rowsep="0">20</entry><entry VJ="1" colname="col2" rowsep="0">Verlängerung der Neckarschleusen von Mannheim bis Plochingen</entry></row><row><entry VJ="1" colname="col1" colsep="0" rowsep="0">21</entry><entry VJ="1" colname="col2" rowsep="0">Bau von sieben 2. Schleusenkammern an der Mosel</entry></row><row><entry VJ="1" colname="col1" colsep="0" rowsep="0">22</entry><entry VJ="1" colname="col2" rowsep="0">Ausbau des Elbe-Lübeck-Kanals</entry></row><row><entry VJ="1" colname="col1" colsep="0" rowsep="0">23</entry><entry VJ="1" colname="col2" rowsep="0">Ausbau des Stichkanals Hildesheim</entry></row><row><entry VJ="1" colname="col1" colsep="0">24</entry><entry VJ="1" colname="col2">Schleuse Kleinmachnow am Teltowkanal (ausschließlich in Bezug auf ihren Erhalt)</entry></row></tbody></tgroup></table><P><U>Erläuterungen:</U></P><P>VDE = Verkehrsprojekt Deutsche Einheit</P><P>VB = Vordringlicher Bedarf</P><P><B>VB-E</B> = <B>Vordringlicher Bedarf – Engpassbeseitigung</B></P></Content></text></textdaten></norm>
</dokumente>