<?xml version="1.0" encoding="UTF-8" ?><!DOCTYPE dokumente SYSTEM "http://www.gesetze-im-internet.de/dtd/1.01/gii-norm.dtd">
<dokumente builddate="20200305213032" doknr="BJNR225000001"><norm builddate="20200305213032" doknr="BJNR225000001"><metadaten><jurabk>RechtsfachwPrV</jurabk><ausfertigung-datum manuell="ja">2001-08-23</ausfertigung-datum><fundstelle typ="amtlich"><periodikum>BGBl I</periodikum><zitstelle>2001, 2250</zitstelle></fundstelle><langue>Verordnung über die Prüfung zum anerkannten Abschluss Geprüfter Rechtsfachwirt/Geprüfte Rechtsfachwirtin</langue><standangabe checked="ja"><standtyp>Stand</standtyp><standkommentar>Zuletzt geändert durch Art. 19 V v. 9.12.2019 I 2153</standkommentar></standangabe></metadaten><textdaten><fussnoten><Content><P><BR/> <pre xml:space="preserve">(+++ Textnachweis ab: 1.9.2001 +++)<BR/><BR/></pre>(+++ Zur Anwendung vgl. §§ 1 u. 3 FortbVenÄndV6AnwV +++)</P></Content></fussnoten></textdaten></norm>
<norm builddate="20200305213032" doknr="BJNR225000001BJNE000000000"><metadaten><jurabk>RechtsfachwPrV</jurabk><enbez>Eingangsformel</enbez></metadaten><textdaten><text format="XML"><Content><P>Auf Grund des § 46 Abs. 2 und des § 21 Abs. 1 des Berufsbildungsgesetzes vom 14. August 1969 (BGBl. I S. 1112), die zuletzt durch Artikel 35 der Verordnung vom 21. September 1997 (BGBl. I S. 2390) geändert worden sind, in Verbindung mit Artikel 56 des Zuständigkeitsanpassungs-Gesetzes vom 18. März 1975 (BGBl. I S. 705) und dem Organisationserlass vom 27. Oktober 1998 (BGBl. I S. 3288), verordnet das Bundesministerium für Bildung und Forschung nach Anhörung des Ständigen Ausschusses des Bundesinstitutes für Berufsbildung und im Einvernehmen mit dem Bundesministerium der Justiz:</P></Content></text></textdaten></norm>
<norm builddate="20200305213032" doknr="BJNR225000001BJNE000101128"><metadaten><jurabk>RechtsfachwPrV</jurabk><enbez>§ 1</enbez><titel format="XML">Ziel der Prüfung und Bezeichnung des Abschlusses</titel></metadaten><textdaten><text format="XML"><Content><P>(1) Zum Nachweis von Kenntnissen, Fertigkeiten und Erfahrungen, die durch die berufliche Fortbildung zum Geprüften Rechtsfachwirt/zur Geprüften Rechtsfachwirtin erworben wurden, kann die zuständige Stelle Prüfungen nach den §§ 2 bis 8 durchführen.</P><P>(2) Durch die Prüfung ist festzustellen, ob die zu prüfende Person die notwendigen Qualifikationen besitzt, die sie zur Verwaltung, Organisation und Leitung der Kanzlei eines Rechtsanwaltsbüros befähigen. Dabei soll sie das nichtanwaltliche Aufgabenfeld eines Rechtsanwaltsbüros beherrschen und qualifizierte Sachbearbeitung im anwaltlichen Aufgabenfeld leisten können. Insbesondere kann sie folgende Aufgaben wahrnehmen: <DL Font="normal" Type="arabic"><DT>1.</DT><DD Font="normal"><LA Size="normal">Organisation des Büroablaufs, Überwachung der Kommunikationssysteme;</LA></DD><DT>2.</DT><DD Font="normal"><LA Size="normal">betriebswirtschaftliche Problemanalysen, Leitung des Rechnungswesens;</LA></DD><DT>3.</DT><DD Font="normal"><LA Size="normal">eigenverantwortlicher Personaleinsatz sowie Personalführung, Berufsausbildung, dienstleistungsorientierter Umgang mit Mandanten und Dritten;</LA></DD><DT>4.</DT><DD Font="normal"><LA Size="normal">Betreuung des gesamten Kostenwesens der Kanzlei, Vorbereitung von Rechtsmitteln und Rechtsbehelfen;</LA></DD><DT>5.</DT><DD Font="normal"><LA Size="normal">eigenverantwortliche Bearbeitung sämtlicher Vollstreckungsangelegenheiten unter Berücksichtigung des jeweiligen materiellen Rechts.</LA></DD></DL></P><P>(3) Die erfolgreich abgelegte Prüfung führt zum anerkannten Abschluss &quot;Geprüfter Rechtsfachwirt/Geprüfte Rechtsfachwirtin&quot;.</P></Content></text><fussnoten><Content><P>(+++ Zur Anwendung vgl. §§ 1 u. 3 FortbVenÄndV6AnwV +++)</P></Content></fussnoten></textdaten></norm>
<norm builddate="20200305213032" doknr="BJNR225000001BJNE000200000"><metadaten><jurabk>RechtsfachwPrV</jurabk><enbez>§ 2</enbez><titel format="parat">Zulassungsvoraussetzungen</titel></metadaten><textdaten><text format="XML"><Content><P>(1) Zur schriftlichen Prüfung gemäß § 3 Abs. 2 ist zuzulassen, wer <DL Font="normal" Type="arabic"><DT>1.</DT><DD Font="normal"><LA Size="normal">eine mit Erfolg abgelegte Abschlussprüfung als Rechtsanwaltsfachangestellter/Rechtsanwaltsfachangestellte oder Rechtsanwalts- und Notarfachangestellter/Rechtsanwalts- und Notarfachangestellte oder Notarfachangestellter/Notarfachangestellte oder Patentanwaltsfachangestellter/Patentanwaltsfachangestellte bestanden hat und danach eine mindestens zweijährige Berufspraxis oder</LA></DD> <DT>2.</DT><DD Font="normal"><LA Size="normal">eine mindestens sechsjährige Berufspraxis nachweist.</LA></DD> </DL>Die Berufspraxis im Sinne des Satzes 1 muss inhaltlich wesentliche Bezüge zu den in § 1 Abs. 2 genannten Aufgaben im Rechtsanwaltsbüro haben.</P><P>(2) Zur mündlichen Prüfung gemäß § 3 Abs. 3 ist zuzulassen, wer den erfolgreichen Abschluss des schriftlichen Prüfungsteils gemäß § 3 Abs. 2, der nicht länger als fünf Jahre zurückliegt, nachweist.</P><P>(3) Abweichend von § 1 kann zur schriftlichen Prüfung gemäß § 3 Abs. 2 auch zugelassen werden, wer durch Vorlage von Zeugnissen und anderer Weise glaubhaft macht, dass er Kenntnisse, Fertigkeiten und Erfahrungen erworben hat, die die Zulassung zur Prüfung rechtfertigen.</P></Content>  </text></textdaten></norm>
<norm builddate="20200305213032" doknr="BJNR225000001BJNE000301128"><metadaten><jurabk>RechtsfachwPrV</jurabk><enbez>§ 3</enbez><titel format="XML">Gliederung und Durchführung der Prüfung</titel></metadaten><textdaten><text format="XML"><Content><P>(1) Die Prüfung gliedert sich in die Handlungsbereiche: <DL Font="normal" Type="arabic"><DT>a)</DT><DD Font="normal"><LA Size="normal">Büroorganisation und -verwaltung,</LA></DD><DT>b)</DT><DD Font="normal"><LA Size="normal">Personalwirtschaft und Mandantenbetreuung,</LA></DD><DT>c)</DT><DD Font="normal"><LA Size="normal">Mandatsbetreuung im Kosten-, Gebühren- und Prozessrecht,</LA></DD><DT>d)</DT><DD Font="normal"><LA Size="normal">Mandatsbetreuung in der Zwangsvollstreckung und im materiellen Recht.</LA></DD></DL></P><P>(2) Die schriftliche Prüfung wird in den Handlungsbereichen gemäß § 4 Abs. 1 bis 4 aus unter Aufsicht zu bearbeitenden praxisorientierten Aufgaben durchgeführt und soll je Handlungsbereich mindestens zwei, höchstens vier Zeitstunden, jedoch insgesamt nicht länger als zwölf Stunden dauern. Sind in der schriftlichen Prüfung die Prüfungsleistungen in bis zu zwei Handlungsbereichen mit mangelhaft und die übrigen Handlungsbereiche mit mindestens ausreichend bewertet worden, so ist der zu prüfenden Person in den mit mangelhaft bewerteten Handlungsbereichen eine mündliche Ergänzungsprüfung anzubieten. Deren Dauer soll je Handlungsbereich 20 Minuten nicht überschreiten. Bei der Ermittlung der Note sind die Ergebnisse der schriftlichen Arbeit und der mündlichen Ergänzungsprüfung im Verhältnis 2:1 zu gewichten.</P><P>(3) Die mündliche Prüfung besteht aus einem praxisorientierten Situationsgespräch. Die zu prüfende Person soll dabei auf der Grundlage eines von zwei ihr zur Wahl gestellten übergreifenden praxisbezogenen Fällen nachweisen, dass sie in der Lage ist, <DL Font="normal" Type="arabic"><DT>-</DT><DD Font="normal"><LA Size="normal">Sachverhalte systematisch zu analysieren, zielorientiert zu bearbeiten und darzustellen sowie</LA></DD><DT>-</DT><DD Font="normal"><LA Size="normal">Gespräche situationsbezogen vorzubereiten und durchzuführen.</LA></DD></DL>Der Präsentation der Lösung der gestellten Aufgabe schließt sich ein Fachgespräch an. Die Gesamtdauer der mündlichen Prüfung beträgt 30 Minuten. Der zu prüfenden Person sind 20 Minuten Vorbereitungszeit zu gewähren.</P></Content></text><fussnoten><Content><P>(+++ Zur Anwendung vgl. §§ 1 u. 3 FortbVenÄndV6AnwV +++)</P></Content></fussnoten></textdaten></norm>
<norm builddate="20200305213032" doknr="BJNR225000001BJNE000404128"><metadaten><jurabk>RechtsfachwPrV</jurabk><enbez>§ 4</enbez><titel format="XML">Prüfungsinhalte</titel></metadaten><textdaten><text format="XML"><Content><P>(1) Im Handlungsbereich &quot;Büroorganisation und Verwaltung&quot; soll die zu prüfende Person nachweisen, dass sie in der Lage ist, ein Anwaltsbüro im nichtanwaltlichen Bereich eigenverantwortlich, systematisch und betriebswirtschaftlich orientiert zu führen. In diesem Rahmen können geprüft werden: <DL Font="normal" Type="arabic"><DT>1.</DT><DD Font="normal"><LA Size="normal">Organisationsmittel, Büroablauforganisation,</LA></DD><DT>2.</DT><DD Font="normal"><LA Size="normal">Bearbeitung und Kontrolle der Fristen und Termine,</LA></DD><DT>3.</DT><DD Font="normal"><LA Size="normal">Post- und Dokumentenmanagement,</LA></DD><DT>4.</DT><DD Font="normal"><LA Size="normal">Planung, Organisation und Einsatz der Datenverarbeitungs- und Telekommunikationssysteme,</LA></DD><DT>5.</DT><DD Font="normal"><LA Size="normal">Rechtsdatenbanken, Datenschutz,</LA></DD><DT>6.</DT><DD Font="normal"><LA Size="normal">betriebliches Rechnungswesen einschließlich Aufzeichnungspflichten, betriebliche Steuerung, Kosten-Nutzen-Analyse,</LA></DD><DT>7.</DT><DD Font="normal"><LA Size="normal">Materialverwaltung,</LA></DD><DT>8.</DT><DD Font="normal"><LA Size="normal">Verkehr mit Gerichten, Behörden und Dritten.</LA></DD></DL></P><P>(2) Im Handlungsbereich &quot;Personalwirtschaft und Mandantenbetreuung&quot; soll die zu prüfende Person nachweisen, dass sie Vorgänge auf der Basis betriebswirtschaftlicher und arbeitsrechtlicher Grundlagen interpretieren, analysieren und bearbeiten kann. Sie soll in der Lage sein, Praxisziele, Organisations- und Kooperationsformen im Zusammenspiel von Mitarbeitern, Mandanten und anderer Beteiligter einzuschätzen und zu berücksichtigen. In diesem Zusammenhang können geprüft werden: <DL Font="normal" Type="arabic"><DT>1.</DT><DD Font="normal"><LA Size="normal">Personalwirtschaft<DL Font="normal" Type="arabic"><DT>a)</DT><DD Font="normal"><LA Size="normal">Arbeitsvertragsgestaltung und versicherungstechnische Absicherung von Risiken unter Berücksichtigung internationaler Vorschriften,</LA></DD><DT>b)</DT><DD Font="normal"><LA Size="normal">Berufsbildungs- und Jugendschutzrecht,</LA></DD><DT>c)</DT><DD Font="normal"><LA Size="normal">Arbeitsschutzvorschriften,</LA></DD><DT>d)</DT><DD Font="normal"><LA Size="normal">praxisbezogene Schwerpunkte des Sozialversicherungsrechts,</LA></DD><DT>e)</DT><DD Font="normal"><LA Size="normal">Arbeitsrecht,</LA></DD><DT>f)</DT><DD Font="normal"><LA Size="normal">Personalführung und -entwicklung.</LA></DD></DL></LA></DD><DT>2.</DT><DD Font="normal"><LA Size="normal">Mandantenbetreuung<DL Font="normal" Type="arabic"><DT>a)</DT><DD Font="normal"><LA Size="normal">Sachstandsaufnahme, Kollisionskontrolle,</LA></DD><DT>b)</DT><DD Font="normal"><LA Size="normal">mündliche und schriftliche Terminsberichte,</LA></DD><DT>c)</DT><DD Font="normal"><LA Size="normal">Verkehr mit dem anwaltlich nicht vertretenen Beteiligten, insbesondere Schuldnern,</LA></DD><DT>d)</DT><DD Font="normal"><LA Size="normal">Schwerpunkte des Berufsrechts der Rechtsanwälte.</LA></DD></DL></LA></DD></DL></P><P>(3) Im Handlungsbereich &quot;Mandatsbetreuung im Kosten, Gebühren- und Prozessrecht&quot; soll die zu prüfende Person nachweisen, dass sie Vorgänge des Gebührenrechts, der Festsetzung und Erstattung der Gebühren bearbeiten kann sowie die dazugehörigen Regelungen des Prozessrechts interpretieren und anwenden kann. Dabei können geprüft werden: <DL Font="normal" Type="arabic"><DT>1.</DT><DD Font="normal"><LA Size="normal">Kosten und Gebührenrecht</LA><LA Size="normal">Das Recht<DL Font="normal" Type="arabic"><DT>a)</DT><DD Font="normal"><LA Size="normal">des Rechtsanwaltsvergütungsgesetzes,</LA></DD><DT>b)</DT><DD Font="normal"><LA Size="normal">des Gerichtskostengesetzes,</LA></DD><DT>c)</DT><DD Font="normal"><LA Size="normal">des Gesetzes über Gerichtskosten in Familiensachen,</LA></DD><DT>d)</DT><DD Font="normal"><LA Size="normal">des Gerichts- und Notarkostengesetzes,</LA></DD><DT>e)</DT><DD Font="normal"><LA Size="normal">der Verfahrensgesetze zur Berechnung der Vergütung, der Gebühren und der Auslagen sowie der Gegenstandswerte, für Anträge auf Festsetzung, Erstattung und Ausgleich, für die Leistung von Prozesskostensicherheiten und -vorschüssen, Beratungs- und Prozesskostenhilfe.</LA></DD></DL></LA></DD><DT>2.</DT><DD Font="normal"><LA Size="normal">Prozessrecht<DL Font="normal" Type="arabic"><DT>a)</DT><DD Font="normal"><LA Size="normal">Das gesamte gerichtliche Mahnverfahren und seine Überleitung in das Streitverfahren;</LA></DD><DT>b)</DT><DD Font="normal"><LA Size="normal">in praxisbezogenen Schwerpunkten die Regelungen<DL Font="normal" Type="arabic"><DT>aa)</DT><DD Font="normal"><LA Size="normal">der Zivilprozessordnung über die Zuständigkeit und die Vorbereitung der Klage, über Verfahrensanträge, Rechtsmittel und Rechtsbehelfe, über besondere Verfahrensarten und den vorläufigen Rechtsschutz und der entsprechenden Landesgesetze bezüglich der außergerichtlichen Streitbeilegung, Mediation,</LA></DD><DT>bb)</DT><DD Font="normal"><LA Size="normal">des Gerichtsverfassungsgesetzes;</LA></DD></DL></LA></DD><DT>c)</DT><DD Font="normal"><LA Size="normal">Grundzüge des Gesetzes über das Verfahren in Familiensachen und in den Angelegenheiten der freiwilligen Gerichtsbarkeit in Nachlass-, Kindschaftssachen;</LA></DD><DT>d)</DT><DD Font="normal"><LA Size="normal">Grundzüge des Gesetzes über das Wohnungseigentum und das Dauerwohnrecht (Wohnungseigentumsgesetz);</LA></DD><DT>e)</DT><DD Font="normal"><LA Size="normal">Grundzüge des Betreuungsrechts;</LA></DD><DT>f)</DT><DD Font="normal"><LA Size="normal">Besonderheiten der fachgerichtlichen Verfahren;</LA></DD><DT>g)</DT><DD Font="normal"><LA Size="normal">praxisbezogene Schwerpunkte der Regelungen der Strafprozessordnung und des Gesetzes über Ordnungswidrigkeiten über Verfahrensanträge, Rechtsmittel und Rechtsbehelfe, insbesondere über das Strafbefehlsverfahren.</LA></DD></DL></LA></DD></DL></P><P>(4) Im Handlungsbereich &quot;Mandatsbetreuung in der Zwangsvollstreckung und im materiellen Recht&quot; soll die zu prüfende Person nachweisen, dass sie in der Lage ist, titulierte Forderungen in jeglicher Hinsicht durchzusetzen, die entsprechenden Anträge zu stellen sowie die zugrunde liegenden Rechtsverhältnisse einzuordnen und dazugehörige einfache Rechtsfragen richtig beurteilen zu können. In diesem Rahmen können geprüft werden: <DL Font="normal" Type="arabic"><DT>1.</DT><DD Font="normal"><LA Size="normal">Zwangsvollstreckung<DL Font="normal" Type="arabic"><DT>a)</DT><DD Font="normal"><LA Size="normal">Das Recht der Zwangsvollstreckung wegen Geldforderungen in das bewegliche Vermögen, zur Erwirkung der Herausgabe von Sachen und zur Erwirkung von Handlungen oder Unterlassungen, einschließlich der Grundsätze und von Strategien sowie des Vollstreckungsschutzes und der Vollstreckungsabwehr aus der Sicht des Gläubigers, Schuldners, des Drittschuldners und Dritter zur Vorbereitung von Anträgen und Aufträgen;</LA></DD><DT>b)</DT><DD Font="normal"><LA Size="normal">das Recht der Sicherungsvollstreckung und der eidesstattlichen Versicherung und der Haft; die Vorbereitung von Anträgen, Aufträgen und Gesuchen;</LA></DD><DT>c)</DT><DD Font="normal"><LA Size="normal">das Recht der Zwangsvollstreckung in das unbewegliche Vermögen, insbesondere Zwangsversteigerung, praxisbezogene Schwerpunkte des Insolvenzverfahrens.</LA></DD></DL></LA></DD><DT>2.</DT><DD Font="normal"><LA Size="normal">Materielles Recht<DL Font="normal" Type="arabic"><DT>a)</DT><DD Font="normal"><LA Size="normal">Umfassender Überblick über die Systematik des öffentlichen und des privaten Rechts, über seine Fundstellen und deren Erreichbarkeit sowie über die Fundstellen von Rechtsprechung;</LA></DD><DT>b)</DT><DD Font="normal"><LA Size="normal">umfassende Kenntnisse des bürgerlichen Rechts über die Personen, die Rechtsgeschäfte, die Verjährung, die Schuldverhältnisse, insbesondere über Leistungsstörungen, über Besitz und Eigentum und über unerlaubte Handlungen;</LA></DD><DT>c)</DT><DD Font="normal"><LA Size="normal">praxisbezogene Schwerpunktkenntnisse des Sachen-, Familien- und Erbrechts, des Handels- und Gesellschaftsrechts, des Rechts an Grundstücken und grundstücksgleichen Rechten, des Strafrechts, des Straßenverkehrsrechts sowie der Verkehrsunfallregulierung.</LA></DD></DL></LA></DD></DL></P></Content></text><fussnoten><Content><P>(+++ Zur Anwendung vgl. §§ 1 u. 3 FortbVenÄndV6AnwV +++)</P></Content></fussnoten></textdaten></norm>
<norm builddate="20200305213032" doknr="BJNR225000001BJNE000501128"><metadaten><jurabk>RechtsfachwPrV</jurabk><enbez>§ 5</enbez><titel format="XML">Befreiung von einzelnen Prüfungsbestandteilen</titel></metadaten><textdaten><text format="XML"><Content><P>Wird die zu prüfende Person nach § 56 Absatz 2 des Berufsbildungsgesetzes von der Ablegung einzelner Prüfungsbestandteile befreit, bleiben diese Prüfungsbestandteile für die Anwendung der §§ 6 und 7 außer Betracht. Für die übrigen Prüfungsbestandteile erhöhen sich die Anteile nach § 7 Absatz 3 entsprechend ihrem Verhältnis zueinander. Allein diese Prüfungsbestandteile sind den Entscheidungen des Prüfungsausschusses zugrunde zu legen.</P></Content></text><fussnoten><Content><P>(+++ Zur Anwendung vgl. §§ 1 u. 3 FortbVenÄndV6AnwV +++)</P></Content></fussnoten></textdaten></norm>
<norm builddate="20200305213032" doknr="BJNR225000001BJNE000601128"><metadaten><jurabk>RechtsfachwPrV</jurabk><enbez>§ 6</enbez><titel format="XML">Bewerten der Prüfungsleistungen</titel></metadaten><textdaten><text format="XML"><Content><P>(1) Jede Prüfungsleistung ist nach Maßgabe der Anlage 1 mit Punkten zu bewerten.</P><P>(2) In der schriftlichen Prüfung nach § 3 Absatz 2 sind die Prüfungsleistungen einzeln zu bewerten.</P><P>(3) Als mündliche Prüfung ist das praxisorientierte Situationsgespräch nach § 3 Absatz 3 zu bewerten.</P></Content></text><fussnoten><Content><P>(+++ Zur Anwendung vgl. §§ 1 u. 3 FortbVenÄndV6AnwV +++)</P></Content></fussnoten></textdaten></norm>
<norm builddate="20200305213032" doknr="BJNR225000001BJNE001300128"><metadaten><jurabk>RechtsfachwPrV</jurabk><enbez>§ 7</enbez><titel format="XML">Bestehen der Prüfung, Gesamtnote</titel></metadaten><textdaten><text format="XML"><Content><P>(1) Die Prüfung ist bestanden, wenn ohne Rundung in den folgenden Prüfungsleistungen jeweils mindestens 50 Punkte erreicht worden sind: <DL Type="arabic"><DT>1.</DT><DD Font="normal"><LA>in allen Prüfungsleistungen der schriftlichen Prüfung nach § 3 Absatz 2 sowie</LA></DD><DT>2.</DT><DD Font="normal"><LA>in der mündlichen Prüfung nach § 3 Absatz 3.</LA></DD></DL></P><P>(2) Ist die Prüfung bestanden, ist die Bewertung in den Handlungsbereichen, in denen eine mündliche Ergänzungsprüfung nach § 3 Absatz 2 durchgeführt wurde, kaufmännisch auf eine ganze Zahl zu runden.</P><P>(3) Den Bewertungen für die Prüfungsleistungen in der schriftlichen Prüfung und der Bewertung für die mündliche Prüfung ist nach Anlage 1 die jeweilige Note als Dezimalzahl zuzuordnen.</P><P>(4) Für die Bildung einer Gesamtnote ist als Gesamtpunktzahl das arithmetische Mittel aus den Bewertungen der Prüfungsleistungen in der schriftlichen Prüfung und der Bewertung in der mündlichen Prüfung zu berechnen. Die Gesamtpunktzahl ist kaufmännisch auf eine ganze Zahl zu runden. Der gerundeten Gesamtpunktzahl wird nach Anlage 1 die Note als Dezimalzahl und die Note in Worten zugeordnet. Die zugeordnete Note ist die Gesamtnote.</P></Content></text><fussnoten><Content><P>(+++ Zur Anwendung vgl. §§ 1 u. 3 FortbVenÄndV6AnwV +++)</P></Content></fussnoten></textdaten></norm>
<norm builddate="20200305213032" doknr="BJNR225000001BJNE001400128"><metadaten><jurabk>RechtsfachwPrV</jurabk><enbez>§ 8</enbez><titel format="XML">Zeugnisse</titel></metadaten><textdaten><text format="XML"><Content><P>(1) Wer die Prüfung nach § 7 Absatz 1 bestanden hat, erhält von der zuständigen Stelle zwei Zeugnisse nach Maßgabe der Anlage 2 Teil A und B.</P><P>(2) Auf dem Zeugnis mit den Inhalten nach Anlage 2 Teil B sind die Noten als Dezimalzahlen mit einer Nachkommastelle und die Gesamtnote als Dezimalzahl mit einer Nachkommastelle und in Worten anzugeben. Jede Befreiung nach § 5 ist mit Ort, Datum und der Bezeichnung des Prüfungsgremiums der anderen vergleichbaren Prüfung anzugeben.</P><P>(3) Die Zeugnisse können zusätzliche nicht amtliche Bemerkungen zur Information (Bemerkungen) enthalten, insbesondere <DL Type="arabic"><DT>1.</DT><DD Font="normal"><LA>über den erworbenen Abschluss oder</LA></DD><DT>2.</DT><DD Font="normal"><LA>auf Antrag der geprüften Person über während oder anlässlich der Fortbildung erworbene besondere oder zusätzliche Fertigkeiten, Kenntnisse und Fähigkeiten.</LA></DD></DL></P></Content></text><fussnoten><Content><P>(+++ Zur Anwendung vgl. §§ 1 u. 3 FortbVenÄndV6AnwV +++)</P></Content></fussnoten></textdaten></norm>
<norm builddate="20200305213032" doknr="BJNR225000001BJNE000701128"><metadaten><jurabk>RechtsfachwPrV</jurabk><enbez>§ 9</enbez><titel format="XML">Wiederholung der Prüfung</titel></metadaten><textdaten><text format="XML"><Content><P>(1) Ist die Prüfung nicht bestanden, kann sie zweimal wiederholt werden.</P><P>(2) Mit dem Antrag auf Wiederholung der Prüfung wird die zu prüfende Person von einzelnen Prüfungsleistungen befreit, wenn sie darin mindestens ausreichende Leistungen erzielte und sie sich innerhalb von zwei Jahren, gerechnet vom Tage der Beendigung der nicht bestandenen Prüfung an, zur Wiederholungsprüfung angemeldet hat. Die zu prüfende Person kann beantragen, auch bestandene Prüfungsleistungen zu wiederholen. In diesem Fall ist das letzte Ergebnis für das Bestehen zu berücksichtigen.</P></Content></text><fussnoten><Content><P>(+++ Zur Anwendung vgl. §§ 1 u. 3 FortbVenÄndV6AnwV +++)</P></Content></fussnoten></textdaten></norm>
<norm builddate="20200305213032" doknr="BJNR225000001BJNE000801128"><metadaten><jurabk>RechtsfachwPrV</jurabk><enbez>§ 10</enbez><titel format="XML">Übergangsvorschriften</titel></metadaten><textdaten><text format="XML"><Content><P>(1) Die bei Inkrafttreten dieser Verordnung laufenden Prüfungsverfahren können nach den bisherigen Vorschriften zu Ende geführt werden.</P><P>(2) Die zuständige Stelle kann auf Antrag des Prüfungsteilnehmers eine Wiederholungsprüfung gemäß dieser Verordnung durchführen; § 7 Abs. 2 findet insoweit keine Anwendung.</P></Content></text><fussnoten><Content><P>(+++ Zur Anwendung vgl. §§ 1 u. 3 FortbVenÄndV6AnwV +++)</P></Content></fussnoten></textdaten></norm>
<norm builddate="20200305213032" doknr="BJNR225000001BJNE000901128"><metadaten><jurabk>RechtsfachwPrV</jurabk><enbez>§ 11</enbez><titel format="XML">Ausbildereignung</titel></metadaten><textdaten><text format="XML"><Content><P>Wer die Prüfung zum Geprüften Rechtsfachwirt/zur Geprüften Rechtsfachwirtin nach dieser Verordnung bestanden hat, ist vom schriftlichen Teil der Prüfung nach der aufgrund des Berufsbildungsgesetzes erlassenen Ausbilder-Eignungsverordnung befreit.</P></Content></text><fussnoten><Content><P>(+++ Zur Anwendung vgl. §§ 1 u. 3 FortbVenÄndV6AnwV +++)</P></Content></fussnoten></textdaten></norm>
<norm builddate="20200305213032" doknr="BJNR225000001BJNE001001128"><metadaten><jurabk>RechtsfachwPrV</jurabk><enbez>§ 12</enbez><titel format="XML">Inkrafttreten</titel></metadaten><textdaten><text format="XML"><Content><P>Diese Verordnung tritt am Tage nach der Verkündung in Kraft.</P></Content></text><fussnoten><Content><P>(+++ Zur Anwendung vgl. §§ 1 u. 3 FortbVenÄndV6AnwV +++)</P></Content></fussnoten></textdaten></norm>
<norm builddate="20200305213032" doknr="BJNR225000001BJNE001102128"><metadaten><jurabk>RechtsfachwPrV</jurabk><enbez>Anlage 1</enbez><titel format="XML">(zu den §§ 6 und 7)<BR/>Bewertungsmaßstab und -schlüssel</titel></metadaten><textdaten><text format="XML"><Content><P><noindex><kommentar typ="Fundstelle">(Fundstelle: BGBl. I 2019, 2221 - 2222)</kommentar></noindex></P><BR/><BR/><table colsep="1" frame="all" pgwide="1" rowsep="1" tabstyle="Bewertung" tocentry="%yes;"><tgroup align="left" char="" charoff="50" cols="4"><colspec align="center" colname="col1" colnum="1" colwidth="26*"/><colspec align="center" colname="col2" colnum="2" colwidth="26*"/><colspec align="center" colname="col3" colnum="3" colwidth="33*"/><colspec align="justify" colname="col4" colnum="4" colwidth="74*"/><thead valign="bottom"><row><entry VJ="1" colname="col1" valign="middle">Punkte</entry><entry VJ="1" colname="col2" valign="middle">Note<BR/>als Dezimalzahl</entry><entry VJ="1" colname="col3" valign="middle">Note<BR/> in Worten</entry><entry VJ="1" align="center" colname="col4" valign="middle">Definition</entry></row></thead><tbody valign="top"><row><entry VJ="1" colname="col1" valign="middle">100</entry><entry VJ="1" colname="col2" valign="middle">1,0</entry><entry VJ="1" colname="col3" morerows="4" valign="middle">sehr gut</entry><entry VJ="1" colname="col4" morerows="4" valign="middle">eine Leistung, die den Anforderungen in besonderem Maß entspricht</entry></row><row><entry VJ="1" colname="col1" valign="middle">98 und 99</entry><entry VJ="1" colname="col2" valign="middle">1,1</entry></row><row><entry VJ="1" colname="col1" valign="middle">96 und 97</entry><entry VJ="1" colname="col2" valign="middle">1,2</entry></row><row><entry VJ="1" colname="col1" valign="middle">94 und 95</entry><entry VJ="1" colname="col2" valign="middle">1,3</entry></row><row><entry VJ="1" colname="col1" valign="middle">92 und 93</entry><entry VJ="1" colname="col2" valign="middle">1,4</entry></row><row><entry VJ="1" colname="col1" valign="middle">91</entry><entry VJ="1" colname="col2" valign="middle">1,5</entry><entry VJ="1" colname="col3" morerows="9" valign="middle">gut</entry><entry VJ="1" colname="col4" morerows="9" valign="middle">eine Leistung, die den Anforderungen voll entspricht</entry></row><row><entry VJ="1" colname="col1" valign="middle">90</entry><entry VJ="1" colname="col2" valign="middle">1,6</entry></row><row><entry VJ="1" colname="col1" valign="middle">89</entry><entry VJ="1" colname="col2" valign="middle">1,7</entry></row><row><entry VJ="1" colname="col1" valign="middle">88</entry><entry VJ="1" colname="col2" valign="middle">1,8</entry></row><row><entry VJ="1" colname="col1" valign="middle">87</entry><entry VJ="1" colname="col2" valign="middle">1,9</entry></row><row><entry VJ="1" colname="col1" valign="middle">85 und 86</entry><entry VJ="1" colname="col2" valign="middle">2,0</entry></row><row><entry VJ="1" colname="col1" valign="middle">84</entry><entry VJ="1" colname="col2" valign="middle">2,1</entry></row><row><entry VJ="1" colname="col1" valign="middle">83</entry><entry VJ="1" colname="col2" valign="middle">2,2</entry></row><row><entry VJ="1" colname="col1" valign="middle">82</entry><entry VJ="1" colname="col2" valign="middle">2,3</entry></row><row><entry VJ="1" colname="col1" valign="middle">81</entry><entry VJ="1" colname="col2" valign="middle">2,4</entry></row><row><entry VJ="1" colname="col1" valign="middle">79 und 80</entry><entry VJ="1" colname="col2" valign="middle">2,5</entry><entry VJ="1" colname="col3" morerows="9" valign="middle">befriedigend</entry><entry VJ="1" colname="col4" morerows="9" valign="middle">eine Leistung, die den Anforderungen im Allgemeinen entspricht</entry></row><row><entry VJ="1" colname="col1" valign="middle">78</entry><entry VJ="1" colname="col2" valign="middle">2,6</entry></row><row><entry VJ="1" colname="col1" valign="middle">77</entry><entry VJ="1" colname="col2" valign="middle">2,7</entry></row><row><entry VJ="1" colname="col1" valign="middle">75 und 76</entry><entry VJ="1" colname="col2" valign="middle">2,8</entry></row><row><entry VJ="1" colname="col1" valign="middle">74</entry><entry VJ="1" colname="col2" valign="middle">2,9</entry></row><row><entry VJ="1" colname="col1" valign="middle">72 und 73</entry><entry VJ="1" colname="col2" valign="middle">3,0</entry></row><row><entry VJ="1" colname="col1" valign="middle">71</entry><entry VJ="1" colname="col2" valign="middle">3,1</entry></row><row><entry VJ="1" colname="col1" valign="middle">70</entry><entry VJ="1" colname="col2" valign="middle">3,2</entry></row><row><entry VJ="1" colname="col1" valign="middle">68 und 69</entry><entry VJ="1" colname="col2" valign="middle">3,3</entry></row><row><entry VJ="1" colname="col1" valign="middle">67</entry><entry VJ="1" colname="col2" valign="middle">3,4</entry></row><row><entry VJ="1" colname="col1" valign="middle">65 und 66</entry><entry VJ="1" colname="col2" valign="middle">3,5</entry><entry VJ="1" colname="col3" morerows="9" valign="middle">ausreichend</entry><entry VJ="1" colname="col4" morerows="9" valign="middle">eine Leistung, die zwar Mängel aufweist, aber im Ganzen den Anforderungen noch entspricht</entry></row><row><entry VJ="1" colname="col1" valign="middle">63 und 64</entry><entry VJ="1" colname="col2" valign="middle">3,6</entry></row><row><entry VJ="1" colname="col1" valign="middle">62</entry><entry VJ="1" colname="col2" valign="middle">3,7</entry></row><row><entry VJ="1" colname="col1" valign="middle">60 und 61</entry><entry VJ="1" colname="col2" valign="middle">3,8</entry></row><row><entry VJ="1" colname="col1" valign="middle">58 und 59</entry><entry VJ="1" colname="col2" valign="middle">3,9</entry></row><row><entry VJ="1" colname="col1" valign="middle">56 und 57</entry><entry VJ="1" colname="col2" valign="middle">4,0</entry></row><row><entry VJ="1" colname="col1" valign="middle">55</entry><entry VJ="1" colname="col2" valign="middle">4,1</entry></row><row><entry VJ="1" colname="col1" valign="middle">53 und 54</entry><entry VJ="1" colname="col2" valign="middle">4,2</entry></row><row><entry VJ="1" colname="col1" valign="middle">51 und 52</entry><entry VJ="1" colname="col2" valign="middle">4,3</entry></row><row><entry VJ="1" colname="col1" valign="middle">50</entry><entry VJ="1" colname="col2" valign="middle">4,4</entry></row><row><entry VJ="1" colname="col1" valign="middle">48 und 49</entry><entry VJ="1" colname="col2" valign="middle">4,5</entry><entry VJ="1" colname="col3" morerows="9" valign="middle">mangelhaft</entry><entry VJ="1" colname="col4" morerows="9" valign="middle">eine Leistung, die den Anforderungen nicht entspricht, jedoch erkennen lässt, dass gewisse Grundkenntnisse noch vorhanden sind</entry></row><row><entry VJ="1" colname="col1" valign="middle">46 und 47</entry><entry VJ="1" colname="col2" valign="middle">4,6</entry></row><row><entry VJ="1" colname="col1" valign="middle">44 und 45</entry><entry VJ="1" colname="col2" valign="middle">4,7</entry></row><row><entry VJ="1" colname="col1" valign="middle">42 und 43</entry><entry VJ="1" colname="col2" valign="middle">4,8</entry></row><row><entry VJ="1" colname="col1" valign="middle">40 und 41</entry><entry VJ="1" colname="col2" valign="middle">4,9</entry></row><row><entry VJ="1" colname="col1" valign="middle">38 und 39</entry><entry VJ="1" colname="col2" valign="middle">5,0</entry></row><row><entry VJ="1" colname="col1" valign="middle">36 und 37</entry><entry VJ="1" colname="col2" valign="middle">5,1</entry></row><row><entry VJ="1" colname="col1" valign="middle">34 und 35</entry><entry VJ="1" colname="col2" valign="middle">5,2</entry></row><row><entry VJ="1" colname="col1" valign="middle">32 und 33</entry><entry VJ="1" colname="col2" valign="middle">5,3</entry></row><row><entry VJ="1" colname="col1" valign="middle">30 und 31</entry><entry VJ="1" colname="col2" valign="middle">5,4</entry></row><row><entry VJ="1" colname="col1" valign="middle">25 bis 29</entry><entry VJ="1" colname="col2" valign="middle">5,5</entry><entry VJ="1" colname="col3" morerows="5" valign="middle">ungenügend</entry><entry VJ="1" colname="col4" morerows="5" valign="middle">eine Leistung, die den Anforderungen nicht entspricht und bei der selbst Grundkenntnisse fehlen</entry></row><row><entry VJ="1" colname="col1" valign="middle">20 bis 24</entry><entry VJ="1" colname="col2" valign="middle">5,6</entry></row><row><entry VJ="1" colname="col1" valign="middle">15 bis 19</entry><entry VJ="1" colname="col2" valign="middle">5,7</entry></row><row><entry VJ="1" colname="col1" valign="middle">10 bis 14</entry><entry VJ="1" colname="col2" valign="middle">5,8</entry></row><row><entry VJ="1" colname="col1" valign="middle">5 bis 9</entry><entry VJ="1" colname="col2" valign="middle">5,9</entry></row><row><entry VJ="1" colname="col1" valign="middle">0 bis 4</entry><entry VJ="1" colname="col2" valign="middle">6,0</entry></row></tbody></tgroup></table></Content></text><fussnoten><Content><P>(+++ Zur Anwendung vgl. §§ 1 u. 3 FortbVenÄndV6AnwV +++)</P></Content></fussnoten></textdaten></norm>
<norm builddate="20200305213032" doknr="BJNR225000001BJNE001202128"><metadaten><jurabk>RechtsfachwPrV</jurabk><enbez>Anlage 2</enbez><titel format="XML">(zu § 8)<BR/>Zeugnisinhalte</titel></metadaten><textdaten><text format="XML"><Content><P><noindex><kommentar typ="Fundstelle">(Fundstelle: BGBl. I 2019, 2222 - 2223)</kommentar></noindex></P><P><SP>Teil A – Zeugnis ohne Prüfungsergebnisse:</SP><DL Font="normal" Type="arabic"><DT>1.</DT><DD Font="normal"><LA Size="normal">Bezeichnung der ausstellenden Behörde,</LA></DD><DT>2.</DT><DD Font="normal"><LA Size="normal">Name und Geburtsdatum der geprüften Person,</LA></DD><DT>3.</DT><DD Font="normal"><LA Size="normal">Datum des Bestehens der Prüfung,</LA></DD><DT>4.</DT><DD Font="normal"><LA Size="normal">Bezeichnung des erworbenen Fortbildungsabschlusses nach § 1 Absatz 3,</LA></DD><DT>5.</DT><DD Font="normal"><LA Size="normal">Bezeichnung und Fundstelle dieser Fortbildungsordnung nach den Angaben im Bundesgesetzblatt unter Berücksichtigung erfolgter Änderungen dieser Verordnung,</LA></DD><DT>6.</DT><DD Font="normal"><LA Size="normal">Datum der Ausstellung des Zeugnisses samt Unterschrift der zuständigen Stelle.</LA></DD></DL></P><P><SP>Teil B – Zeugnis mit Prüfungsergebnissen:</SP></P><P>Alle Angaben des Teils A sowie zusätzlich: <DL Font="normal" Type="arabic"><DT>1.</DT><DD Font="normal"><LA Size="normal">Benennung der Handlungsbereiche der schriftlichen Prüfung und Bewertung als Note,</LA></DD><DT>2.</DT><DD Font="normal"><LA Size="normal">Benennung des praxisorientierten Situationsgesprächs und Bewertung als Note,</LA></DD><DT>3.</DT><DD Font="normal"><LA Size="normal">die errechnete Gesamtpunktzahl für die gesamte Prüfung,</LA></DD><DT>4.</DT><DD Font="normal"><LA Size="normal">die Gesamtnote als Dezimalzahl,</LA></DD><DT>5.</DT><DD Font="normal"><LA Size="normal">die Gesamtnote in Worten,</LA></DD><DT>6.</DT><DD Font="normal"><LA Size="normal">Befreiungen nach § 5,</LA></DD><DT>7.</DT><DD Font="normal"><LA Size="normal">Bescheinigung der Befreiung vom schriftlichen Teil der Prüfung nach der Ausbilder-Eignungsverordnung nach § 11.</LA></DD></DL></P></Content></text><fussnoten><Content><P>(+++ Zur Anwendung vgl. §§ 1 u. 3 FortbVenÄndV6AnwV +++)</P></Content></fussnoten></textdaten></norm>
</dokumente>