<?xml version="1.0" encoding="UTF-8" ?><!DOCTYPE dokumente SYSTEM "http://www.gesetze-im-internet.de/dtd/1.01/gii-norm.dtd">
<dokumente builddate="20130405131958" doknr="BJNR201120998"><norm builddate="20130405131958" doknr="BJNR201120998"><metadaten><jurabk>SozSichAbkBGRG</jurabk><ausfertigung-datum manuell="ja">1998-08-25</ausfertigung-datum><fundstelle typ="amtlich"><periodikum>BGBl II</periodikum><zitstelle>1998, 2011</zitstelle></fundstelle><langue>Gesetz zu dem Abkommen vom 17. Dezember 1997 zwischen der
Bundesrepublik Deutschland und der Republik Bulgarien
über Soziale Sicherheit</langue></metadaten><textdaten><text format="XML"><Content><P/></Content></text><fussnoten><Content><P>(+++ Textnachweis ab:  4. 9.1998 +++)</P></Content></fussnoten></textdaten></norm>
<norm builddate="20130405131958" doknr="BJNR201120998BJNE000100310"><metadaten><jurabk>SozSichAbkBGRG</jurabk><enbez>Eingangsformel</enbez></metadaten><textdaten><text format="XML"><Content><P>Der Bundestag hat mit Zustimmung des Bundesrates das folgende Gesetz beschlossen:</P></Content></text></textdaten></norm>
<norm builddate="20130405131958" doknr="BJNR201120998BJNE000200310"><metadaten><jurabk>SozSichAbkBGRG</jurabk><enbez>Art 1</enbez></metadaten><textdaten><text format="XML"><Content><P>Den folgenden, in Sofia am 17. Dezember 1997 unterzeichneten Übereinkünften wird zugestimmt: <DL Font="normal" Type="arabic"><DT>1.</DT><DD Font="normal"><LA Size="normal">Abkommen zwischen der Bundesrepublik Deutschland und der Republik Bulgarien über Soziale Sicherheit,</LA></DD> <DT>2.</DT><DD Font="normal"><LA Size="normal">Vereinbarung zur Durchführung des Abkommens zwischen der Bundesrepublik Deutschland und der Republik Bulgarien über Soziale Sicherheit.</LA></DD> </DL>Das Abkommen und die Durchführungsvereinbarung werden nachstehend veröffentlicht.</P></Content></text></textdaten></norm>
<norm builddate="20130405131958" doknr="BJNR201120998BJNE000300310"><metadaten><jurabk>SozSichAbkBGRG</jurabk><enbez>Art 2</enbez></metadaten><textdaten><text format="XML"><Content><P>Die Bundesregierung wird ermächtigt, durch Rechtsverordnung mit Zustimmung des Bundesrates Vereinbarungen zur Durchführung des Abkommens in Kraft zu setzen oder in Ermangelung solcher Vereinbarungen das Nähere zu regeln. Die Vereinbarungen können auch Änderungen der in Artikel 1 Nr. 2 genannten Durchführungsvereinbarung vorsehen. Dabei können zur Anwendung und Durchführung des Abkommens insbesondere über folgende Gegenstände Regelungen getroffen werden: <DL Font="normal" Type="arabic"><DT>1.</DT><DD Font="normal"><LA Size="normal">Aufklärungs-, Anzeige- und Mitteilungspflichten sowie das Bereitstellen von Beweismitteln zwischen den in Artikel 17 Abs. 1 des Abkommens genannten Stellen sowie zwischen diesen und den betroffenen Personen,</LA></DD> <DT>2.</DT><DD Font="normal"><LA Size="normal">das Ausstellen, die Vorlage und Übermittlung von Bescheinigungen sowie die Verwendung von Vordrucken,</LA></DD> <DT>3.</DT><DD Font="normal"><LA Size="normal">das Verfahren beim Erbringen von Geldleistungen,</LA></DD> <DT>4.</DT><DD Font="normal"><LA Size="normal">die Zuständigkeit der Versicherungsträger oder anderer in Artikel 17 Abs. 1 des Abkommens genannter Stellen,</LA></DD> <DT>5.</DT><DD Font="normal"><LA Size="normal">die gegenseitige Umrechnung von Versicherungszeiten nach den Rechtsvorschriften beider Vertragsstaaten.</LA></DD> </DL></P></Content></text></textdaten></norm>
<norm builddate="20130405131958" doknr="BJNR201120998BJNE000400310"><metadaten><jurabk>SozSichAbkBGRG</jurabk><enbez>Art 3</enbez></metadaten><textdaten><text format="XML"><Content><P>(1) Dieses Gesetzes tritt am Tage nach seiner Verkündung in Kraft.</P><P>(2) Die Tage, an denen das Abkommen nach seinem Artikel 30 Abs. 2 und die Vereinbarung zur Durchführung des Abkommens nach ihrem Artikel 8 in Kraft treten, sind im Bundesgesetzblatt bekanntzugeben.</P></Content> </text></textdaten></norm>
</dokumente>