<?xml version="1.0" encoding="UTF-8" ?><!DOCTYPE dokumente SYSTEM "http://www.gesetze-im-internet.de/dtd/1.01/gii-norm.dtd">
<dokumente builddate="20130405125622" doknr="BJNR013280979"><norm builddate="20130405125622" doknr="BJNR013280979"><metadaten><jurabk>BBiG§84AnO 10</jurabk><ausfertigung-datum manuell="ja">1979-07-26</ausfertigung-datum><fundstelle typ="amtlich"><periodikum>BGBl I</periodikum><zitstelle>1979, 1328</zitstelle></fundstelle><langue>Anordnung über die Bestimmung der zuständigen Stelle nach § 84 des
Berufsbildungsgesetzes</langue></metadaten><textdaten><text format="XML"><Content><P/></Content></text><fussnoten><Content><P>(+++ Textnachweis ab:  5. 8.1979 +++)</P></Content></fussnoten></textdaten></norm>
<norm builddate="20130405125622" doknr="BJNR013280979BJNE000100327"><metadaten><jurabk>BBiG§84AnO 10</jurabk><enbez>I.</enbez></metadaten><textdaten><text format="XML"><Content><P>Auf Grund des § 84 Abs. 1 des Berufsbildungsgesetzes vom 14. August 1969 (BGBl. I S. 1112), geändert durch Gesetz vom 12. März 1971 (BGBl. I S. 185), sowie des § 1 Abs. 3 des Gesetzes über die Errichtung des Bundesverwaltungsamtes in der im Bundesgesetzblatt Teil III, Gliederungsnummer 200-2, veröffentlichten bereinigten Fassung bestimme ich im Einvernehmen mit dem Bundesminister des Innern <DL Font="normal" Type="arabic"><DT/><DD Font="normal"><LA Size="normal"><DL Font="normal" Type="arabic"><DT/><DD Font="normal"><LA Size="normal">das Bundesverwaltungsamt</LA></DD> </DL></LA></DD></DL>zur zuständigen Stelle im Sinne des § 84 des Berufsbildungsgesetzes für meinen Geschäftsbereich.</P></Content></text></textdaten></norm>
<norm builddate="20130405125622" doknr="BJNR013280979BJNE000200327"><metadaten><jurabk>BBiG§84AnO 10</jurabk><enbez>II.</enbez></metadaten><textdaten><text format="XML"><Content><P>Diese Anordnung tritt am Tag nach der Bekanntmachung in Kraft.</P></Content></text></textdaten></norm>
<norm builddate="20130405125622" doknr="BJNR013280979BJNE000300327"><metadaten><jurabk>BBiG§84AnO 10</jurabk><enbez>Schlußformel</enbez></metadaten><textdaten><text format="XML"><Content><P><SP>Der Bundesminister für Raumordnung, Bauwesen und Städtebau</SP></P></Content></text></textdaten></norm>
</dokumente>