<?xml version="1.0" encoding="UTF-8" ?><!DOCTYPE dokumente SYSTEM "http://www.gesetze-im-internet.de/dtd/1.01/gii-norm.dtd">
<dokumente builddate="20120625155013" doknr="BJNR103860986"><norm builddate="20120625155013" doknr="BJNR103860986"><metadaten><jurabk>BPräsAmtsbezAnO 1986</jurabk><ausfertigung-datum manuell="ja">1986-03-24</ausfertigung-datum><fundstelle typ="amtlich"><periodikum>BGBl I</periodikum><zitstelle>1986, 386</zitstelle></fundstelle><langue>Anordnung des Bundespräsidenten über die Festsetzung einer
Amtsbezeichnung</langue></metadaten><textdaten><text format="XML"><Content><P/></Content></text><fussnoten><Content><P>(+++ Textnachweis ab: 15. 4.1986 +++)</P></Content></fussnoten></textdaten></norm>
<norm builddate="20120625155013" doknr="BJNR103860986BJNE000100304"><metadaten><jurabk>BPräsAmtsbezAnO 1986</jurabk><enbez>(XXXX)</enbez></metadaten><textdaten><text format="XML"><Content><P>Gemäß § 81 Abs. 1 des Bundesbeamtengesetzes setze ich folgende Amtsbezeichnung fest: <BR/>Direktor des Zentralamtes für Zulassungen im Fernmeldewesen</P></Content></text></textdaten></norm>
</dokumente>