<?xml version="1.0" encoding="UTF-8" ?><!DOCTYPE dokumente SYSTEM "http://www.gesetze-im-internet.de/dtd/1.01/gii-norm.dtd">
<dokumente builddate="20120625155044" doknr="BJNR015370969"><norm builddate="20120625155044" doknr="BJNR015370969"><metadaten><jurabk>BGruVerkOlympG</jurabk><ausfertigung-datum manuell="ja">1969-08-29</ausfertigung-datum><fundstelle typ="amtlich"><periodikum>BGBl I</periodikum><zitstelle>1969, 1537</zitstelle></fundstelle><langue>Gesetz über den Verkauf von bundeseigenem Gelände in München zur
Errichtung frei finanzierter Wohnungen, die während der Olympischen Spiele 1972
als Olympisches Dorf der Männer benutzt werden sollen</langue></metadaten><textdaten><text format="XML"><Content><P/></Content></text><fussnoten><Content><P>(+++ Textnachweis ab:  3. 9.1969 +++)</P></Content></fussnoten></textdaten></norm>
<norm builddate="20120625155044" doknr="BJNR015370969BJNE000100314"><metadaten><jurabk>BGruVerkOlympG</jurabk><enbez>§ 1</enbez></metadaten><textdaten><text format="XML"><Content><P>(1) Die Bundesregierung wird ermächtigt, eine Teilfläche des bundeseigenen Grundstücks Flur-Nr. 404/23 der Gemarkung München-Milbertshofen in der Größe von 116.169 qm abweichend von <I>§ 47 RHO</I> zum Kaufpreis von 13.319.300 DM zu verkaufen.</P><P>(2) Der Kaufpreis ist entsprechend dem im Absatz 1 festgelegten Wertverhältnis auszugleichen, wenn sich bei der Vermessung Veränderungen in der Größe des Grundstücks ergeben.</P><P>(3) Die Käufer sind vertraglich zu verpflichten, eine entsprechende Nachzahlung zu leisten, wenn die Geschoßflächenzahl von 0,64, die der baulichen Nutzbarkeit zugrunde gelegt ist, erhöht wird.</P></Content>  </text><fussnoten><Content><P>§ 1 Abs. 1 Kursivdruck: Als Bundesrecht außer Kraft gem. § 119 Abs. 2 Satz 1 Nr. 1 BHO mWv 1.1.1970. Vgl. jetzt BHO 63-1</P></Content></fussnoten></textdaten></norm>
<norm builddate="20120625155044" doknr="BJNR015370969BJNE000200314"><metadaten><jurabk>BGruVerkOlympG</jurabk><enbez>§ 2</enbez></metadaten><textdaten><text format="XML"><Content><P>Dieses Gesetz tritt mit dem Tag der Verkündung in Kraft.</P></Content></text></textdaten></norm>
</dokumente>