<?xml version="1.0" encoding="UTF-8" ?><!DOCTYPE dokumente SYSTEM "http://www.gesetze-im-internet.de/dtd/1.01/gii-norm.dtd">
<dokumente builddate="20131008093509" doknr="BJNR009130967"><norm builddate="20131008093509" doknr="BJNR009130967"><metadaten><jurabk>BPräsKldgPfBMVgAnO</jurabk><ausfertigung-datum manuell="ja">1967-08-02</ausfertigung-datum><fundstelle typ="amtlich"><periodikum>BGBl I</periodikum><zitstelle>1967, 913</zitstelle></fundstelle><langue>Anordnung des Bundespräsidenten über den Erlaß von Bestimmungen für die
Dienstkleidung der Beamten im Wach- und Pförtnerdienst im Geschäftsbereich des
Bundesministers der Verteidigung</langue></metadaten><textdaten><text format="XML"><Content><P/></Content></text><fussnoten><Content><P>(+++ Textnachweis ab: 23. 8.1967 +++)</P></Content></fussnoten></textdaten></norm>
<norm builddate="20131008093509" doknr="BJNR009130967BJNE000100303"><metadaten><jurabk>BPräsKldgPfBMVgAnO</jurabk><enbez>(XXXX)</enbez></metadaten><textdaten><text format="XML"><Content><P>Gemäß § 76 des Bundesbeamtengesetzes übertrage ich dem Bundesminister der Verteidigung die Ausübung der Befugnis, Bestimmungen über die Dienstkleidung der Beamten im Wach- und Pförtnerdienst seines Geschäftsbereichs zu erlassen.</P></Content></text></textdaten></norm>
</dokumente>