<?xml version="1.0" encoding="UTF-8" ?><!DOCTYPE dokumente SYSTEM "http://www.gesetze-im-internet.de/dtd/1.01/gii-norm.dtd">
<dokumente builddate="20120625154836" doknr="BJNR134020998"><norm builddate="20120625154836" doknr="BJNR134020998"><metadaten><jurabk>PfPTrStat</jurabk><ausfertigung-datum manuell="ja">1995-06-19</ausfertigung-datum><fundstelle typ="amtlich"><periodikum>BGBl II</periodikum><zitstelle>1998, 1340</zitstelle></fundstelle><langue>Übereinkommen vom 19. Juni 1995 zwischen den Vertragsstaaten des
Nordatlantikvertrags und den anderen an der Partnerschaft für den
Frieden teilnehmenden Staaten über die Rechtsstellung ihrer Truppen</langue></metadaten><textdaten><text format="decorated"/><fussnoten><Content><P>G v. 9.7.1998 I 1338 * In Kraft gem. Bek. v. 25.5.1999 II 465 mWv 24.10.1998</P></Content></fussnoten></textdaten></norm>
</dokumente>