<?xml version="1.0" encoding="UTF-8" ?><!DOCTYPE dokumente SYSTEM "http://www.gesetze-im-internet.de/dtd/1.01/gii-norm.dtd">
<dokumente builddate="20120625153017" doknr="BJNR147120997"><norm builddate="20120625153017" doknr="BJNR147120997"><metadaten><jurabk>CCDAfrikaÜbk</jurabk><ausfertigung-datum manuell="ja">1994-10-14</ausfertigung-datum><fundstelle typ="amtlich"><periodikum>BGBl II</periodikum><zitstelle>1997, 1471</zitstelle></fundstelle><langue>Übereinkommen der Vereinten Nationen zur Bekämpfung der Wüstenbildung in den von Dürre und/oder Wüstenbildung schwer betroffenen Ländern, insbesondere in Afrika</langue></metadaten><textdaten><text format="decorated"/><fussnoten><Content><P>In Kraft gem. Bek. v. 7.7.1997 II 1468 mWv 26.12.1996</P></Content></fussnoten></textdaten></norm>
</dokumente>