<?xml version="1.0" encoding="UTF-8" ?><!DOCTYPE dokumente SYSTEM "http://www.gesetze-im-internet.de/dtd/1.01/gii-norm.dtd">
<dokumente builddate="20231231214354" doknr="BJNR258900011"><norm builddate="20231231214354" doknr="BJNR258900011"><metadaten><jurabk>InsStatG</jurabk><amtabk>InsStatG</amtabk><ausfertigung-datum manuell="ja">2011-12-07</ausfertigung-datum><fundstelle typ="amtlich"><periodikum>BGBl I</periodikum><zitstelle>2011, 2582, 2589</zitstelle></fundstelle><kurzue>Insolvenzstatistikgesetz</kurzue><langue>Gesetz über die Insolvenz- und Restrukturierungsstatistik</langue><standangabe checked="ja"><standtyp>Stand</standtyp><standkommentar>Zuletzt geändert durch Art. 37 G v. 10.8.2021 I 3436</standkommentar></standangabe></metadaten><textdaten><fussnoten><Content><P><BR/> <pre xml:space="preserve">(+++ Textnachweis ab: 1.1.2013 +++)<BR/><BR/></pre>Das G wurde als Artikel 7 G v. 7.12.2011 I 2582 vom Bundestag beschlossen. Es tritt gem. Art. 10 Satz 2 dieses G am 1.1.2013 in Kraft. <BR/>Überschrift: IdF d. Art. 9 Nr. 1 G v. 22.12.2020 I 3256 mWv 1.1.2022</P></Content></fussnoten></textdaten></norm>
<norm builddate="20231231214354" doknr="BJNR258900011BJNE000101125"><metadaten><jurabk>InsStatG</jurabk><enbez>§ 1</enbez><titel format="XML">Insolvenz- und Restrukturierungsstatistik</titel></metadaten><textdaten><text format="XML"><Content><P>Für wirtschaftspolitische Planungsentscheidungen werden über Insolvenzverfahren und Restrukturierungssachen monatliche und jährliche Erhebungen als Bundesstatistik durchgeführt.</P></Content></text><fussnoten/></textdaten></norm>
<norm builddate="20231231214354" doknr="BJNR258900011BJNE000202125"><metadaten><jurabk>InsStatG</jurabk><enbez>§ 2</enbez><titel format="XML">Erhebungsmerkmale in Insolvenzverfahren</titel></metadaten><textdaten><text format="XML"><Content><P>Die Erhebungen erfassen folgende Erhebungsmerkmale: <DL Font="normal" Type="arabic"><DT>1.</DT><DD Font="normal"><LA Size="normal">bei Stellung des Antrags auf Eröffnung des Insolvenzverfahrens: <DL Font="normal" Type="alpha"><DT>a)</DT><DD Font="normal"><LA Size="normal">Datum der Antragstellung,</LA></DD><DT>b)</DT><DD Font="normal"><LA Size="normal">Antragsteller,</LA></DD><DT>c)</DT><DD Font="normal"><LA Size="normal">Schuldner, die in den letzten drei Jahren vor dem Antrag auf Eröffnung des Insolvenzverfahrens die Bestätigung eines Restrukturierungsplans in einer Restrukturierungssache erlangt haben;</LA></DD></DL></LA></DD><DT>2.</DT><DD Font="normal"><LA Size="normal">bei Eröffnung des Insolvenzverfahrens oder dessen Abweisung mangels Masse: <DL Font="normal" Type="alpha"><DT>a)</DT><DD Font="normal"><LA Size="normal">Art des Verfahrens und des internationalen Bezugs,</LA></DD><DT>b)</DT><DD Font="normal"><LA Size="normal">Art des Rechtsträgers oder der Vermögensmasse (Schuldner); bei Unternehmen zusätzlich Rechtsform, Geschäftszweig, Jahr der Gründung, Zahl der betroffenen Arbeitnehmer und die Eintragung in das Handels-, Genossenschafts-, Gesellschafts-, Partnerschafts- oder Vereinsregister,</LA></DD><DT>c)</DT><DD Font="normal"><LA Size="normal">Datum der Verfahrenseröffnung,</LA></DD><DT>d)</DT><DD Font="normal"><LA Size="normal">Eröffnungsgrund,</LA></DD><DT>e)</DT><DD Font="normal"><LA Size="normal">Anordnung oder Ablehnung der Eigenverwaltung,</LA></DD><DT>f)</DT><DD Font="normal"><LA Size="normal">voraussichtliche Summe der Forderungen;</LA></DD></DL></LA></DD><DT>3.</DT><DD Font="normal"><LA Size="normal">bei Annahme eines Schuldenbereinigungsplans, bei Eröffnung eines Verbraucherinsolvenzverfahrens oder bei der Abweisung des Antrags auf Eröffnung eines solchen Verfahrens mangels Masse: <DL Font="normal" Type="alpha"><DT>a)</DT><DD Font="normal"><LA Size="normal">Summe der Forderungen,</LA></DD><DT>b)</DT><DD Font="normal"><LA Size="normal">geschätzte Summe der zu erbringenden Leistungen;</LA></DD></DL></LA></DD><DT>4.</DT><DD Font="normal"><LA Size="normal">bei Einstellung oder Aufhebung des Insolvenzverfahrens: <DL Font="normal" Type="alpha"><DT>a)</DT><DD Font="normal"><LA Size="normal">Art der erfolgten Beendigung des Verfahrens,</LA></DD><DT>b)</DT><DD Font="normal"><LA Size="normal">Höhe der befriedigten Absonderungsrechte und die Höhe der nicht befriedigten Absonderungsrechte,</LA></DD><DT>c)</DT><DD Font="normal"><LA Size="normal">Höhe der quotenberechtigten Insolvenzforderungen und Höhe des zur Verteilung an die Insolvenzgläubiger verfügbaren Betrags, bei öffentlich-rechtlichen Insolvenzgläubigern zusätzlich deren jeweiliger Anteil,</LA></DD><DT>d)</DT><DD Font="normal"><LA Size="normal">Angaben zur Betriebsfortführung, zum Sanierungserfolg und zur Eigenverwaltung,</LA></DD><DT>e)</DT><DD Font="normal"><LA Size="normal">Angaben über die Vorfinanzierung von Arbeitsentgelt im Rahmen der Gewährung von Insolvenzgeld,</LA></DD><DT>f)</DT><DD Font="normal"><LA Size="normal">Datum der Einreichung des Schlussberichts bei Gericht,</LA></DD><DT>g)</DT><DD Font="normal"><LA Size="normal">Angaben über Abschlagsverteilungen,</LA></DD><DT>h)</DT><DD Font="normal"><LA Size="normal">Datum der Beendigung des Verfahrens;</LA></DD></DL></LA></DD><DT>5.</DT><DD Font="normal"><LA Size="normal">bei Restschuldbefreiung: <DL Font="normal" Type="alpha"><DT>a)</DT><DD Font="normal"><LA Size="normal">Ankündigung der Restschuldbefreiung,</LA></DD><DT>b)</DT><DD Font="normal"><LA Size="normal">Entscheidung über die Restschuldbefreiung und das Datum der Entscheidung,</LA></DD><DT>c)</DT><DD Font="normal"><LA Size="normal">bei Versagung der Restschuldbefreiung das Datum und die Gründe für die Versagung,</LA></DD><DT>d)</DT><DD Font="normal"><LA Size="normal">Widerruf der erteilten Restschuldbefreiung und das Datum des Widerrufs,</LA></DD><DT>e)</DT><DD Font="normal"><LA Size="normal">Sonstige Beendigung des Verfahrens und das Datum der sonstigen Beendigung,</LA></DD><DT>f)</DT><DD Font="normal"><LA Size="normal">Höhe des zur Verteilung an die Insolvenzgläubiger verfügbaren Betrages, bei öffentlich-rechtlichen Insolvenzgläubigern zusätzlich deren jeweiliger Anteil;</LA></DD></DL></LA></DD><DT>6.</DT><DD Font="normal"><LA Size="normal">bei Kostenfestsetzung: <DL Font="normal" Type="alpha"><DT>a)</DT><DD Font="normal"><LA Size="normal">festgesetzte Höhe der Gerichtskosten sowie der Vergütungen und Auslagen von Insolvenzverwalter, Sachwalter, Treuhänder und Mitgliedern des Gläubigerausschusses,</LA></DD><DT>b)</DT><DD Font="normal"><LA Size="normal">Datum der Festsetzung.</LA></DD></DL></LA></DD></DL></P></Content></text><fussnoten/></textdaten></norm>
<norm builddate="20231231214354" doknr="BJNR258900011BJNE000303125"><metadaten><jurabk>InsStatG</jurabk><enbez>§ 3</enbez><titel format="XML">Hilfsmerkmale in Insolvenzverfahren</titel></metadaten><textdaten><text format="XML"><Content><P>(1) Hilfsmerkmale der Erhebungen sind: <DL Font="normal" Type="arabic"><DT>1.</DT><DD Font="normal"><LA Size="normal">Datum der Verfahrenshandlungen nach § 2,</LA></DD><DT>2.</DT><DD Font="normal"><LA Size="normal">Name oder Firma und Anschrift oder Mittelpunkt der selbstständigen wirtschaftlichen Tätigkeit des Schuldners,</LA></DD><DT>3.</DT><DD Font="normal"><LA Size="normal">bei Unternehmen die Umsatzsteuernummer,</LA></DD><DT>4.</DT><DD Font="normal"><LA Size="normal">Name, Nummer und Aktenzeichen des Amtsgerichts,</LA></DD><DT>5.</DT><DD Font="normal"><LA Size="normal">Name und Anschrift des Insolvenzverwalters, Sachwalters oder des Treuhänders,</LA></DD><DT>6.</DT><DD Font="normal"><LA Size="normal">Name, Rufnummern und E-Mail-Adressen der für eventuelle Rückfragen zur Verfügung stehenden Personen,</LA></DD><DT>7.</DT><DD Font="normal"><LA Size="normal">bei Schuldnern, die im Handels-, Genossenschafts-, Gesellschafts-, Partnerschafts- oder Vereinsregister eingetragen sind, die Art und der Ort des Registers und die Nummer der Eintragung.</LA></DD></DL></P><P>(2) Hilfsmerkmale für die Vollzähligkeitsprüfung der nach § 4 Absatz 1 Nummer 2 zu übermittelnden Angaben sind: <DL Font="normal" Type="arabic"><DT>1.</DT><DD Font="normal"><LA Size="normal">Nummer und Name des Amtsgerichts,</LA></DD><DT>2.</DT><DD Font="normal"><LA Size="normal">Name oder Firma des Schuldners,</LA></DD><DT>3.</DT><DD Font="normal"><LA Size="normal">Art der vom Insolvenzverwalter, Sachwalter oder Treuhänder abzugebenden Meldung,</LA></DD><DT>4.</DT><DD Font="normal"><LA Size="normal">ursprüngliches Aktenzeichen,</LA></DD><DT>5.</DT><DD Font="normal"><LA Size="normal">Datum des Eröffnungsbeschlusses,</LA></DD><DT>6.</DT><DD Font="normal"><LA Size="normal">Verfahrens-Identifikationsnummer,</LA></DD><DT>7.</DT><DD Font="normal"><LA Size="normal">Kalenderjahr, für das die Meldung erfolgen musste,</LA></DD><DT>8.</DT><DD Font="normal"><LA Size="normal">Name, Anschrift, Rufnummer und E-Mail-Adresse des Insolvenzverwalters, Sachwalters oder Treuhänders,</LA></DD><DT>9.</DT><DD Font="normal"><LA Size="normal">Name, Rufnummer und E-Mail-Adresse einer Ansprechperson im Amtsgericht.</LA></DD></DL></P></Content></text><fussnoten/></textdaten></norm>
<norm builddate="20231231214354" doknr="BJNR258900011BJNE000402125"><metadaten><jurabk>InsStatG</jurabk><enbez>§ 4</enbez><titel format="XML">Auskunftspflicht und Erteilung der Auskunft in Insolvenzverfahren</titel></metadaten><textdaten><text format="XML"><Content><P>(1) Für die Erhebung besteht Auskunftspflicht. Die Angaben zu § 3 Absatz 1 Nummer 6 und Absatz 2 Nummer 9 sind freiwillig. Auskunftspflichtig sind <DL Font="normal" Type="arabic"><DT>1.</DT><DD Font="normal"><LA Size="normal">bezüglich der Angaben nach § 2 Nummer 1 bis 3 und 6 sowie nach § 3 Absatz 1 Nummer 1, 2, 4, 5 und 7 sowie Absatz 2 Nummer 1 bis 8: die zuständigen Amtsgerichte,</LA></DD><DT>2.</DT><DD Font="normal"><LA Size="normal">bezüglich der Angaben nach § 2 Nummer 4 und 5 sowie nach § 3 Absatz 1 Nummer 1 bis 5 und 7: die zuständigen Insolvenzverwalter, Sachwalter oder Treuhänder.</LA></DD></DL></P><P>(2) Die Angaben nach Absatz 1 werden den statistischen Ämtern von den Auskunftspflichtigen aus den vorhandenen Unterlagen übermittelt. Die Angaben nach Absatz 1 Satz 3 Nummer 1 mit Ausnahme der Angaben nach § 3 Absatz 2 Nummer 1 bis 8 werden von den statistischen Ämtern monatlich erfasst. Die Angaben nach Absatz 1 Satz 3 Nummer 2 und nach § 3 Absatz 2 Nummer 1 bis 8 werden von den statistischen Ämtern jährlich erfasst.</P><P>(3) Die Angaben sind innerhalb der folgenden Fristen zu übermitteln: <DL Font="normal" Type="arabic"><DT>1.</DT><DD Font="normal"><LA Size="normal">die Angaben der Amtsgerichte mit Ausnahme der Angaben zu § 3 Absatz 2 Nummer 1 bis 8: innerhalb von zwei Wochen nach Ablauf des Kalendermonats, in dem die jeweilige gerichtliche Entscheidung erlassen wurde; die Merkmale nach § 2 Nummer 1 sind zeitgleich mit den Angaben zu § 2 Nummer 2 zu übermitteln,</LA></DD><DT>2.</DT><DD Font="normal"><LA Size="normal">die Angaben der Amtsgerichte zu § 3 Absatz 2 Nummer 1 bis 8: bis zum 31. März für alle Verfahren, für die nach Absatz 1 Satz 3 Nummer 2 für das vorangegangene Kalenderjahr Angaben zu melden waren,</LA></DD><DT>3.</DT><DD Font="normal"><LA Size="normal">die Angaben der Insolvenzverwalter, Sachwalter oder Treuhänder mit Ausnahme der Angaben zu § 2 Nummer 5 Buchstabe b bis e: innerhalb von sechs Wochen nachdem das Insolvenzverfahren eingestellt oder aufgehoben wurde,</LA></DD><DT>4.</DT><DD Font="normal"><LA Size="normal">die Angaben der Insolvenzverwalter oder Treuhänder zu § 2 Nummer 5 Buchstabe b bis e: innerhalb von sechs Wochen nach Rechtskraft der Entscheidung.</LA></DD></DL></P><P>(4) Für die Übermittlung der Angaben der Insolvenzverwalter, Sachwalter und Treuhänder gilt § 11a Absatz 2 und 3 des Bundesstatistikgesetzes entsprechend. Die statistischen Ämter prüfen unter Mithilfe der zuständigen Amtsgerichte die Vollzähligkeit der durch die Insolvenzverwalter, Treuhänder und Sachwalter übermittelten Angaben.</P></Content></text><fussnoten/></textdaten></norm>
<norm builddate="20231231214354" doknr="BJNR258900011BJNE000801125"><metadaten><jurabk>InsStatG</jurabk><enbez>§ 4a</enbez><titel format="XML">Erhebungsmerkmale in Restrukturierungssachen</titel></metadaten><textdaten><text format="XML"><Content><P>Die Erhebungen erfassen folgende Erhebungsmerkmale: <DL Type="arabic"><DT>1.</DT><DD Font="normal"><LA>bei Anzeige des Restrukturierungsvorhabens: <DL Type="alpha"><DT>a)</DT><DD Font="normal"><LA>Datum der Anzeige,</LA></DD><DT>b)</DT><DD Font="normal"><LA>Art des Rechtsträgers oder der Vermögensmasse (Schuldner); zusätzlich Rechtsform, Geschäftszweig, Jahr der Gründung, Zahl der Arbeitnehmer und die Eintragung in das Handels-, Genossenschafts-, Gesellschafts-, Partnerschafts- oder Vereinsregister,</LA></DD><DT>c)</DT><DD Font="normal"><LA>ob der Schuldner in den letzten drei Jahren vor der Anzeige des Restrukturierungsvorhabens die Bestätigung eines Restrukturierungsplans in einer Restrukturierungssache erwirkt hat;</LA></DD></DL></LA></DD><DT>2.</DT><DD Font="normal"><LA>bei Verlust der Wirkung der Anzeige des Restrukturierungsvorhabens: <DL Type="alpha"><DT>a)</DT><DD Font="normal"><LA>Bestätigung oder Versagung der Bestätigung des Restrukturierungsplans und Datum der Rechtskraft der Bestätigung oder Versagung,</LA></DD><DT>b)</DT><DD Font="normal"><LA>Höhe der befriedigten Anwartschaften und die Höhe der nicht befriedigten Anwartschaften der Inhaber von Absonderungsanwartschaften gemäß dem rechtskräftig bestätigten Restrukturierungsplan,</LA></DD><DT>c)</DT><DD Font="normal"><LA>Summe der Forderungen von Restrukturierungsgläubigern und die Höhe des zur Verteilung verfügbaren Betrages gemäß dem rechtskräftig bestätigten Restrukturierungsplan,</LA></DD><DT>d)</DT><DD Font="normal"><LA>Rücknahme der Anzeige und Datum der Rücknahme,</LA></DD><DT>e)</DT><DD Font="normal"><LA>Aufhebung der Restrukturierungssache und Datum der Aufhebung,</LA></DD><DT>f)</DT><DD Font="normal"><LA>Datum, zu dem die Anzeige ihre Wirkung kraft Zeitablaufs verloren hat;</LA></DD></DL></LA></DD><DT>3.</DT><DD Font="normal"><LA>bei Kostenfestsetzung: <DL Type="alpha"><DT>a)</DT><DD Font="normal"><LA>festgesetzte Höhe der Gerichtskosten sowie der Vergütungen und Auslagen eines Restrukturierungsbeauftragten und Sanierungsmoderators,</LA></DD><DT>b)</DT><DD Font="normal"><LA>Datum der Festsetzung.</LA></DD></DL></LA></DD></DL></P></Content></text><fussnoten/></textdaten></norm>
<norm builddate="20231231214354" doknr="BJNR258900011BJNE000901125"><metadaten><jurabk>InsStatG</jurabk><enbez>§ 4b</enbez><titel format="XML">Hilfsmerkmale in Restrukturierungssachen</titel></metadaten><textdaten><text format="XML"><Content><P>Hilfsmerkmale der Erhebungen sind: <DL Type="arabic"><DT>1.</DT><DD Font="normal"><LA>Datum der Verfahrenshandlungen nach § 4a,</LA></DD><DT>2.</DT><DD Font="normal"><LA>Name oder Firma und Anschrift oder Mittelpunkt der selbständigen wirtschaftlichen Tätigkeit des Schuldners,</LA></DD><DT>3.</DT><DD Font="normal"><LA>Umsatzsteuernummer,</LA></DD><DT>4.</DT><DD Font="normal"><LA>Name, Nummer und Aktenzeichen des Amtsgerichts,</LA></DD><DT>5.</DT><DD Font="normal"><LA>Name und Kontaktdaten der für eventuelle Rückfragen zur Verfügung stehenden Personen,</LA></DD><DT>6.</DT><DD Font="normal"><LA>bei Schuldnern, die im Handels-, Genossenschafts-, Gesellschafts-, Partnerschafts- oder Vereinsregister eingetragen sind, die Art und der Ort des Registers und die Nummer der Eintragung.</LA></DD></DL></P></Content></text><fussnoten/></textdaten></norm>
<norm builddate="20231231214354" doknr="BJNR258900011BJNE001000125"><metadaten><jurabk>InsStatG</jurabk><enbez>§ 4c</enbez><titel format="XML">Auskunftspflicht und Erteilung der Auskunft in Restrukturierungssachen</titel></metadaten><textdaten><text format="XML"><Content><P>(1) Für die Erhebung besteht Auskunftspflicht. Die Angaben zu § 4b Nummer 5 sind freiwillig. Auskunftspflichtig sind bezüglich der Angaben nach den §§ 4a und 4b die zuständigen Amtsgerichte.</P><P>(2) Die Angaben nach Absatz 1 werden den statistischen Ämtern von den Auskunftspflichtigen aus den vorhandenen Unterlagen übermittelt. Die Angaben nach Absatz 1 werden von den statistischen Ämtern monatlich erfasst.</P><P>(3) Die Angaben der Amtsgerichte zu den §§ 4a und 4b sind innerhalb von zwei Wochen nach Ablauf des Kalendermonats, in dem die jeweilige gerichtliche Entscheidung erlassen oder die jeweilige Verfahrenshandlung vorgenommen wurde, zu übermitteln.</P></Content></text><fussnoten/></textdaten></norm>
<norm builddate="20231231214354" doknr="BJNR258900011BJNE000501125"><metadaten><jurabk>InsStatG</jurabk><enbez>§ 5</enbez><titel format="XML">Veröffentlichung und Übermittlung</titel></metadaten><textdaten><text format="XML"><Content><P>(1) Die statistischen Ämter dürfen Ergebnisse veröffentlichen, auch wenn Tabellenfelder nur einen einzigen Fall ausweisen, sofern diese Tabellenfelder keine Angaben zur Summe der Forderungen und zur Zahl der betroffenen Arbeitnehmer enthalten.</P><P>(2) Für die Verwendung gegenüber den gesetzgebenden Körperschaften und für Zwecke der Planung, jedoch nicht für die Regelung von Einzelfällen, dürfen Tabellen mit statistischen Ergebnissen, auch wenn Tabellenfelder nur einen einzigen Fall ausweisen, vom Statistischen Bundesamt und den statistischen Ämtern der Länder an die fachlich zuständigen obersten Bundes- und Landesbehörden übermittelt werden.</P><P>(3) Das Statistische Bundesamt übermittelt der Europäischen Kommission jährlich bis zum 31. Dezember des auf das Erhebungsjahr folgenden Kalenderjahres auf dem Übermittlungsformular nach Artikel 29 Absatz 7 der Richtlinie (EU) 2019/1023 des Europäischen Parlaments und des Rates vom 20. Juni 2019 über präventive Restrukturierungsrahmen, über Entschuldung und über Tätigkeitsverbote sowie über Maßnahmen zur Steigerung der Effizienz von Restrukturierungs-, Insolvenz- und Entschuldungsverfahren und zur Änderung der Richtlinie (EU) 2017/1132 (ABl. L 172 vom 26.6.2019, S. 18) die folgenden Daten über Insolvenz- und Restschuldbefreiungsverfahren sowie Restrukturierungssachen, aufgeschlüsselt nach jeder Verfahrensart: <DL Type="arabic"><DT>1.</DT><DD Font="normal"><LA>die Zahl der eröffneten, anhängigen und beendeten Insolvenz- und Restschuldbefreiungsverfahren,</LA></DD><DT>2.</DT><DD Font="normal"><LA>die durchschnittliche Dauer der Insolvenz- und Restschuldbefreiungsverfahren von der Verfahrenseröffnung bis zur Beendigung des Verfahrens,</LA></DD><DT>3.</DT><DD Font="normal"><LA>die durchschnittlichen Befriedigungsquoten der befriedigten Absonderungsrechte und der quotenberechtigten Insolvenzgläubiger in Insolvenz- und Restschuldbefreiungsverfahren,</LA></DD><DT>4.</DT><DD Font="normal"><LA>die durchschnittlichen Kosten in Insolvenz- und Restschuldbefreiungsverfahren,</LA></DD><DT>5.</DT><DD Font="normal"><LA>die Zahl der angezeigten und anhängigen Restrukturierungssachen sowie die Zahl der Restrukturierungssachen, in denen die Anzeige ihre Wirkung verloren hat,</LA></DD><DT>6.</DT><DD Font="normal"><LA>die durchschnittliche Dauer der Restrukturierungssachen von der Anzeige des Restrukturierungsvorhabens bis die Anzeige ihre Wirkung verloren hat,</LA></DD><DT>7.</DT><DD Font="normal"><LA>die durchschnittlichen Befriedigungsquoten der Inhaber von Absonderungsanwartschaften und Restrukturierungsforderungen in Restrukturierungssachen,</LA></DD><DT>8.</DT><DD Font="normal"><LA>die durchschnittlichen Kosten in Restrukturierungssachen,</LA></DD><DT>9.</DT><DD Font="normal"><LA>die Zahl der Restrukturierungssachen, in denen die Anzeige des Restrukturierungsvorhabens zurückgenommen, die Bestätigung des Restrukturierungsplans rechtskräftig versagt oder die Restrukturierungssache aufgehoben worden ist oder die Anzeige des Restrukturierungsvorhabens ihre Wirkung kraft Zeitablaufs verloren hat,</LA></DD><DT>10.</DT><DD Font="normal"><LA>die Zahl der Schuldner, die Gegenstand eines Insolvenzverfahrens oder einer Restrukturierungssache waren und in den letzten drei Jahren vor der Eröffnung des Insolvenzverfahrens oder vor Anzeige des Restrukturierungsvorhabens die Bestätigung eines Restrukturierungsplans in einer Restrukturierungssache erlangt haben.</LA></DD></DL></P><P>(4) Die nach Absatz 3 Nummer 1 bis 8 zu übermittelnden Daten sind ferner aufzuschlüsseln: <DL Type="arabic"><DT>1.</DT><DD Font="normal"><LA>nach Größe der Schuldner, die keine natürlichen Personen sind, gemäß der Zahl der Arbeitnehmer,</LA></DD><DT>2.</DT><DD Font="normal"><LA>danach, ob die Schuldner in Insolvenzverfahren oder Restrukturierungssachen natürliche oder juristische Personen sind,</LA></DD><DT>3.</DT><DD Font="normal"><LA>danach, ob das Restschuldbefreiungsverfahren nur Unternehmer oder sonstige natürliche Personen betrifft.</LA></DD></DL>Die Übermittlung nach Absatz 3 erfolgt erstmals für das Erhebungsjahr, das dem Tag der erstmaligen Anwendung des Durchführungsrechtsaktes nach Artikel 29 Absatz 7 der Richtlinie (EU) 2019/1023 folgt.</P></Content></text><fussnoten/></textdaten></norm>
<norm builddate="20231231214354" doknr="BJNR258900011BJNE000701125"><metadaten><jurabk>InsStatG</jurabk><enbez>§ 5a</enbez><titel format="XML">Nutzung der Insolvenzbekanntmachungen</titel></metadaten><textdaten><text format="XML"><Content><P>Der Betreiber des elektronischen Informations- und Kommunikationssystems für öffentliche Bekanntmachungen in Insolvenzverfahren im Internet nach § 9 Absatz 1 der Insolvenzordnung sowie der Betreiber des elektronischen Informations- und Kommunikationssystems für öffentliche Bekanntmachungen in Restrukturierungssachen im Internet nach § 86 Absatz 1 des Unternehmensstabilisierungs- und -restrukturierungsgesetzes dürfen im Rahmen der technischen Möglichkeiten den statistischen Ämtern jeweils für ihren Zuständigkeitsbereich Daten über die öffentlichen Bekanntmachungen übermitteln. Die Übermittlung kann auch in einem Abrufverfahren erfolgen. Die übermittelten Daten dürfen nur für Zwecke der Plausibilisierung der Insolvenz- und Restrukturierungsstatistiken sowie zur Erfüllung von anderen gesetzlich festgelegten Aufgaben der amtlichen Statistik verwendet werden. Personenbezogene Daten, die für die Erfüllung dieser Aufgaben nicht erforderlich sind, sind nach dem Empfang der Daten zu löschen.</P></Content></text><fussnoten/></textdaten></norm>
<norm builddate="20231231214354" doknr="BJNR258900011BJNE000601125"><metadaten><jurabk>InsStatG</jurabk><enbez>§ 6</enbez><titel format="XML">Übergangsregelung</titel></metadaten><textdaten><text format="XML"><Content><P>(1) Die Insolvenzverwalter, Sachwalter und Treuhänder sind nach § 4 Absatz 1 auskunftspflichtig bezüglich der Angaben, die sich auf Insolvenzverfahren beziehen, die nach dem 31. Dezember 2008 eröffnet wurden.</P><P>(2) Erfolgte die Einstellung oder Aufhebung des Insolvenzverfahrens oder die Ankündigung der Restschuldbefreiung nach dem 1. Januar 2009, aber vor dem Inkrafttreten dieses Gesetzes, sind die Angaben innerhalb von vier Monaten nach Inkrafttreten dieses Gesetzes zu übermitteln.</P><P>(3) Die Amtsgerichte sind nach § 4c Absatz 1 auskunftspflichtig bezüglich der Angaben, die sich auf Restrukturierungssachen beziehen, in denen nach dem 31. Dezember 2021 eine Anzeige des Restrukturierungsvorhabens vorgenommen wurde.</P></Content></text><fussnoten/></textdaten></norm>
</dokumente>