<?xml version="1.0" encoding="UTF-8" ?><!DOCTYPE dokumente SYSTEM "http://www.gesetze-im-internet.de/dtd/1.01/gii-norm.dtd">
<dokumente builddate="20141204221017" doknr="BJNR090620014"><norm builddate="20141204221017" doknr="BJNR090620014"><metadaten><jurabk>DBAÄndProtG NOR</jurabk><ausfertigung-datum manuell="ja">2014-11-20</ausfertigung-datum><fundstelle typ="amtlich"><periodikum>BGBl II</periodikum><zitstelle>2014, 906</zitstelle></fundstelle><langue>Gesetz zu dem Protokoll vom 24. Juni 2013 zur Änderung des Abkommens vom 4. Oktober 1991 zwischen der Bundesrepublik Deutschland und dem Königreich Norwegen zur Vermeidung der Doppelbesteuerung und über gegenseitige Amtshilfe auf dem Gebiet der Steuern vom Einkommen und vom Vermögen sowie des dazugehörigen Protokolls</langue></metadaten><textdaten><fussnoten><Content><P><BR/> <pre xml:space="preserve">(+++ Textnachweis ab: 27.11.2014 +++)<BR/><BR/></pre></P></Content></fussnoten></textdaten></norm>
<norm builddate="20141204221017" doknr="BJNR090620014BJNE000100000"><metadaten><jurabk>DBAÄndProtG NOR</jurabk><enbez>Eingangsformel</enbez></metadaten><textdaten><text format="XML"><Content><P>Der Bundestag hat mit Zustimmung des Bundesrates das folgende Gesetz beschlossen:</P></Content></text></textdaten></norm>
<norm builddate="20141204221017" doknr="BJNR090620014BJNE000200000"><metadaten><jurabk>DBAÄndProtG NOR</jurabk><enbez>Art 1</enbez></metadaten><textdaten><text format="XML"><Content><P>Dem in Berlin am 24. Juni 2013 unterzeichneten Protokoll zur Änderung des Abkommens vom 4. Oktober 1991 zwischen der Bundesrepublik Deutschland und dem Königreich Norwegen zur Vermeidung der Doppelbesteuerung und über gegenseitige Amtshilfe auf dem Gebiet der Steuern vom Einkommen und vom Vermögen sowie des dazugehörigen Protokolls (BGBl. 1993 II S. 970, 972) wird zugestimmt. Das Änderungsprotokoll wird nachstehend veröffentlicht.</P></Content></text></textdaten></norm>
<norm builddate="20141204221017" doknr="BJNR090620014BJNE000300000"><metadaten><jurabk>DBAÄndProtG NOR</jurabk><enbez>Art 2</enbez></metadaten><textdaten><text format="XML"><Content><P>Soweit das Änderungsprotokoll auf Grund seines Artikels XVII Absatz 2 Satz 2 für die Zeit vor seinem Inkrafttreten anzuwenden ist und sich bis zum Zeitpunkt des Inkrafttretens des Änderungsprotokolls unter Berücksichtigung der jeweiligen Besteuerung in der Bundesrepublik Deutschland und in dem Königreich Norwegen insgesamt eine höhere Belastung ergibt, als sie nach den Rechtsvorschriften vor dem Inkrafttreten des Änderungsprotokolls bestanden hätte, wird der Steuermehrbetrag nicht festgesetzt.</P></Content></text></textdaten></norm>
<norm builddate="20141204221017" doknr="BJNR090620014BJNE000400000"><metadaten><jurabk>DBAÄndProtG NOR</jurabk><enbez>Art 3</enbez></metadaten><textdaten><text format="XML"><Content><P>(1) Dieses Gesetz tritt am Tag nach der Verkündung in Kraft.</P><P>(2) Der Tag, an dem das Änderungsprotokoll nach seinem Artikel XVII Absatz 2 Satz 1 in Kraft tritt, ist im Bundesgesetzblatt bekannt zu geben.</P></Content></text></textdaten></norm>
</dokumente>