<?xml version="1.0" encoding="UTF-8" ?><!DOCTYPE dokumente SYSTEM "http://www.gesetze-im-internet.de/dtd/1.01/gii-norm.dtd">
<dokumente builddate="20120625154815" doknr="BJNR203960976"><norm builddate="20120625154815" doknr="BJNR203960976"><metadaten><jurabk>RV/UVAbk POL</jurabk><ausfertigung-datum manuell="ja">1975-10-09</ausfertigung-datum><fundstelle typ="amtlich"><periodikum>BGBl II</periodikum><zitstelle>1976, 396</zitstelle></fundstelle><langue>Abkommen zwischen der Bundesrepublik Deutschland und der Volksrepublik
Polen über Renten- und Unfallversicherung</langue></metadaten><textdaten><text format="decorated"/><fussnoten><Content><P>G v. 12.3.1976 II 393 <BR/>Inkraft gem. Bek. v. 31.3.1976 II 463 mWv 1.5.1976</P></Content></fussnoten></textdaten></norm>
</dokumente>