<?xml version="1.0" encoding="UTF-8" ?><!DOCTYPE dokumente SYSTEM "http://www.gesetze-im-internet.de/dtd/1.01/gii-norm.dtd">
<dokumente builddate="20120625154108" doknr="BJNR009260971"><norm builddate="20120625154108" doknr="BJNR009260971"><metadaten><jurabk>WeinV</jurabk><ausfertigung-datum manuell="ja">1971-07-15</ausfertigung-datum><fundstelle typ="amtlich"><periodikum>BGBl I</periodikum><zitstelle>1971, 926</zitstelle></fundstelle><langue>Verordnung zur vorläufigen Aufrechterhaltung weinrechtlicher Vorschriften</langue><standangabe checked="ja"><standtyp>Neuf</standtyp><standkommentar>Neugefasst durch Bek. v. 1.9.1993 I 1538, 1699 (1994, 1307);</standkommentar></standangabe><standangabe checked="ja"><standtyp>Stand</standtyp><standkommentar>zuletzt geändert durch Art. 5 Abs. 3 V v. 9.5.1995 I 630</standkommentar></standangabe></metadaten><textdaten><fussnoten><Content><P>(+++ Textnachweis ab: 1.1.1984 +++)</P><P><BR/> Die V wurde vom Bundesminister für Jugend, Familie u. Gesundheit erlassen. <BR/>Überschrift: IdF d. Art. 5 Abs. 3 Nr. 1 V v. 9.5.1995 I 630 mWv 1.9.1995</P></Content></fussnoten></textdaten></norm>
<norm builddate="20120625154108" doknr="BJNR009260971BJNE000102308"><metadaten><jurabk>WeinV</jurabk><enbez>(XXXX) §§ 1 bis 21</enbez><titel format="XML">(weggefallen)</titel></metadaten><textdaten><text format="XML"><Content><P>-</P></Content></text><fussnoten/></textdaten></norm>
<norm builddate="20120625154108" doknr="BJNR009260971BJNE002302314"><metadaten><jurabk>WeinV</jurabk><enbez>§ 22</enbez><titel format="XML">Mischgetränke
<BR/>
(zu § 53 Abs. 3 des Gesetzes)</titel></metadaten><textdaten><text format="XML"><Content><P>Durch Vermischen von Wein, Schaumwein und Schaumwein mit zugesetzter Kohlensäure, Perlwein oder Perlwein mit zugesetzter Kohlensäure mit alkoholfreien Getränken und alkoholhaltigen Getränken auf Fruchtbasis hergestellte Getränke dürfen in den Verkehr gebracht werden, wenn der Anteil der Erzeugnisse wenigstens 15 und höchstens 50 vom Hundert beträgt; er ist in Raumhundertteilen auf den Behältnissen, Getränkekarten und bei Preisangeboten unter Zusatz des Wortes &quot;Mischgetränk&quot; kenntlich zu machen.</P></Content></text></textdaten></norm>
<norm builddate="20120625154108" doknr="BJNR009260971BJNE002402308"><metadaten><jurabk>WeinV</jurabk><enbez>(XXXX) §§ 23 und 24</enbez><titel format="XML">(weggefallen)</titel></metadaten><textdaten><text format="XML"><Content><P>-</P></Content></text><fussnoten/></textdaten></norm>
<norm builddate="20120625154108" doknr="BJNR009260971BJNE002602314"><metadaten><jurabk>WeinV</jurabk><enbez>§ 25</enbez></metadaten><textdaten><text format="XML"><Content><P>(weggefallen)</P></Content></text></textdaten></norm>
<norm builddate="20120625154108" doknr="BJNR009260971BJNE002704308"><metadaten><jurabk>WeinV</jurabk><enbez>§ 26</enbez><titel format="parat">Straftaten</titel></metadaten><textdaten><text format="XML"><Content><P>Nach § 67 Abs. 2 bis 4 des Weingesetzes wird bestraft, wer vorsätzlich oder fahrlässig entgegen § 22 Mischgetränke ohne die vorgeschriebene Kenntlichmachung in den Verkehr bringt.</P></Content></text><fussnoten/></textdaten></norm>
<norm builddate="20120625154108" doknr="BJNR009260971BJNE002807308"><metadaten><jurabk>WeinV</jurabk><enbez>(XXXX) §§ 27 und 28</enbez><titel format="XML">(weggefallen)</titel></metadaten><textdaten><text format="XML"><Content><P>-</P></Content></text><fussnoten/></textdaten></norm>
</dokumente>