<?xml version="1.0" encoding="UTF-8" ?><!DOCTYPE dokumente SYSTEM "http://www.gesetze-im-internet.de/dtd/1.01/gii-norm.dtd">
<dokumente builddate="20120625151403" doknr="BJNR011240982"><norm builddate="20120625151403" doknr="BJNR011240982"><metadaten><jurabk>FStatAusnV</jurabk><amtabk>FStatAusnV</amtabk><ausfertigung-datum manuell="ja">1982-07-30</ausfertigung-datum><fundstelle typ="amtlich"><periodikum>BGBl I</periodikum><zitstelle>1982, 1124</zitstelle></fundstelle><langue>Verordnung über Ausnahmen bei filmstatistischen Erhebungen</langue></metadaten><textdaten><text format="XML"><Content><P/></Content></text><fussnoten><Content><P>(+++ Textnachweis ab:  1.10.1982 +++)</P></Content></fussnoten></textdaten></norm>
<norm builddate="20120625151403" doknr="BJNR011240982BJNE000100317"><metadaten><jurabk>FStatAusnV</jurabk><enbez>Eingangsformel</enbez></metadaten><textdaten><text format="XML"><Content><P>Auf Grund des § 72 Abs. 4 Nr. 2 des Filmförderungsgesetzes vom 25. Juni 1979 (BGBl. I S. 803) wird verordnet:</P></Content></text></textdaten></norm>
<norm builddate="20120625151403" doknr="BJNR011240982BJNE000200317"><metadaten><jurabk>FStatAusnV</jurabk><enbez>§ 1</enbez></metadaten><textdaten><text format="XML"><Content><P>Angaben nach § 72 Abs. 2 Nr. 3 und 6 des Filmförderungsgesetzes werden von Unternehmen, die Filme verleihen, vertreiben oder vorführen und deren Jahresumsatz unter DM 150.000 liegt, nicht erhoben. Angaben zu § 72 Abs. 2 Nr. 5 des Filmförderungsgesetzes werden von Unternehmen, die Filme vorführen und deren Jahresumsatz unter DM 150.000 liegt, nur hinsichtlich des Gesamtumsatzes und des Umsatzes aus dem Verkauf von Eintrittskarten erhoben.</P></Content></text></textdaten></norm>
<norm builddate="20120625151403" doknr="BJNR011240982BJNE000300317"><metadaten><jurabk>FStatAusnV</jurabk><enbez>§ 2</enbez></metadaten><textdaten><text format="XML"><Content><P>Diese Verordnung gilt nach § 14 des Dritten Überleitungsgesetzes in Verbindung mit § 76 des Filmförderungsgesetzes auch im Land Berlin.</P></Content></text></textdaten></norm>
<norm builddate="20120625151403" doknr="BJNR011240982BJNE000400317"><metadaten><jurabk>FStatAusnV</jurabk><enbez>§ 3</enbez></metadaten><textdaten><text format="XML"><Content><P>Diese Verordnung tritt am 1. Oktober 1982 in Kraft.</P></Content></text></textdaten></norm>
<norm builddate="20120625151403" doknr="BJNR011240982BJNE000500317"><metadaten><jurabk>FStatAusnV</jurabk><enbez>Schlußformel</enbez></metadaten><textdaten><text format="XML"><Content><P><SP>Der Bundesminister für Wirtschaft</SP></P></Content></text></textdaten></norm>
</dokumente>