<?xml version="1.0" encoding="UTF-8" ?><!DOCTYPE dokumente SYSTEM "http://www.gesetze-im-internet.de/dtd/1.01/gii-norm.dtd">
<dokumente builddate="20210615213136" doknr="BJNR083000015"><norm builddate="20210615213136" doknr="BJNR083000015"><metadaten><jurabk>WFAusbV</jurabk><amtabk>WFAusbV</amtabk><ausfertigung-datum manuell="ja">2015-05-22</ausfertigung-datum><fundstelle typ="amtlich"><periodikum>BGBl I</periodikum><zitstelle>2015, 830</zitstelle></fundstelle><kurzue>Werkfeuerwehrausbildungsverordnung</kurzue><langue>Verordnung über die Berufsausbildung zum Werkfeuerwehrmann und zur Werkfeuerwehrfrau<FnR ID="f789833_01_BJNR083000015"/></langue><standangabe checked="ja"><standtyp>Sonst</standtyp><standkommentar>Ersetzt V 806-22-2-8 v. 7.7.2009 I 1747 (WerkfeuerwErprobV)</standkommentar></standangabe></metadaten><textdaten><text format="XML"><Footnotes><Footnote FnZ="*" Group="column" ID="f789833_01_BJNR083000015" Pos="normal"><noindex>Diese Rechtsverordnung ist eine Ausbildungsordnung im Sinne des § 4 des Berufsbildungsgesetzes. Die Ausbildungsordnung und der damit abgestimmte, von der Ständigen Konferenz der Kultusminister der Länder in der Bundesrepublik Deutschland beschlossene Rahmenlehrplan für die Berufsschule werden demnächst im amtlichen Teil des Bundesanzeigers veröffentlicht.</noindex></Footnote></Footnotes></text><fussnoten><Content><P><BR/> <pre xml:space="preserve">(+++ Textnachweis ab: 1.8.2015 +++)<BR/><BR/></pre></P></Content></fussnoten></textdaten></norm>
<norm builddate="20210615213136" doknr="BJNR083000015BJNE000100000"><metadaten><jurabk>WFAusbV</jurabk><enbez>Eingangsformel</enbez></metadaten><textdaten><text format="XML"><Content><P>Auf Grund des § 4 Absatz 1 und des § 6 des Berufsbildungsgesetzes, die durch Artikel 232 Nummer 1 der Verordnung vom 31. Oktober 2006 (BGBl. I S. 2407) geändert worden sind, in Verbindung mit § 1 Absatz 2 des Zuständigkeitsanpassungsgesetzes vom 16. August 2002 (BGBl. I S. 3165) und dem Organisationserlass vom 17. Dezember 2013 (BGBl. I S. 4310) verordnet das Bundesministerium für Wirtschaft und Energie im Einvernehmen mit dem Bundesministerium für Bildung und Forschung:</P></Content></text></textdaten></norm>
<norm builddate="20210615213136" doknr="BJNR083000015BJNE000200000"><metadaten><jurabk>WFAusbV</jurabk><enbez>Inhaltsübersicht</enbez></metadaten><textdaten><text format="XML"><TOC><Ident Class="S2">Abschnitt 1</Ident><Title Align="auto" Class="S2">Gegenstand, Dauer und<BR/> Gliederung der Berufsausbildung</Title><P/><table colsep="0" frame="none" pgwide="1" rowsep="0" tocentry="%yes;"><tgroup align="left" char="" charoff="50" cols="2"><colspec colname="col1" colwidth="10.00*"/><colspec colname="col2" colwidth="90.00*"/><tbody valign="top"><row><entry VJ="1" colname="col1" colsep="0" rowsep="0">§  1</entry><entry VJ="1" colname="col2" rowsep="0">Staatliche Anerkennung des Ausbildungsberufes</entry></row><row><entry VJ="1" colname="col1" colsep="0" rowsep="0">§  2</entry><entry VJ="1" colname="col2" rowsep="0">Dauer der Berufsausbildung</entry></row><row><entry VJ="1" colname="col1" colsep="0" rowsep="0">§  3</entry><entry VJ="1" colname="col2" rowsep="0">Gegenstand der Berufsausbildung und Ausbildungsrahmenplan</entry></row><row><entry VJ="1" colname="col1" colsep="0" rowsep="0">§  4</entry><entry VJ="1" colname="col2" rowsep="0">Struktur der Berufsausbildung, Ausbildungsberufsbild</entry></row><row><entry VJ="1" colname="col1" colsep="0" rowsep="0">§  5</entry><entry VJ="1" colname="col2" rowsep="0">Ausbildungsplan</entry></row><row><entry VJ="1" colname="col1" colsep="0">§  6</entry><entry VJ="1" colname="col2">Schriftlicher Ausbildungsnachweis</entry></row></tbody></tgroup></table><P/><Ident Class="S2">Abschnitt 2</Ident><Title Align="auto" Class="S2">Abschlussprüfung</Title><P/><table colsep="0" frame="none" pgwide="1" rowsep="0" tocentry="%yes;"><tgroup align="left" char="" charoff="50" cols="2"><colspec colname="col1" colnum="1" colwidth="10*"/><colspec colname="col2" colnum="2" colwidth="90*"/><tbody valign="top"><row><entry VJ="1" colname="col1">§  7</entry><entry VJ="1" colname="col2">Ziel, Aufteilung in zwei Teile und Zeitpunkt</entry></row><row><entry VJ="1" colname="col1">§  8</entry><entry VJ="1" colname="col2">Inhalt von Teil 1</entry></row><row><entry VJ="1" colname="col1">§  9</entry><entry VJ="1" colname="col2">Prüfungsbereich von Teil 1</entry></row><row><entry VJ="1" colname="col1">§ 10</entry><entry VJ="1" colname="col2">Inhalt von Teil 2</entry></row><row><entry VJ="1" colname="col1">§ 11</entry><entry VJ="1" colname="col2">Prüfungsbereiche von Teil 2</entry></row><row><entry VJ="1" colname="col1">§ 12</entry><entry VJ="1" colname="col2">Prüfungsbereich Brandbekämpfung und Menschenrettung</entry></row><row><entry VJ="1" colname="col1">§ 13</entry><entry VJ="1" colname="col2">Prüfungsbereich Technische Hilfeleistung und ABC-Einsatz</entry></row><row><entry VJ="1" colname="col1">§ 14</entry><entry VJ="1" colname="col2">Prüfungsbereich Grundlagen und Techniken der Gefahrenabwehr</entry></row><row><entry VJ="1" colname="col1">§ 15</entry><entry VJ="1" colname="col2">Prüfungsbereich Wirtschafts- und Sozialkunde</entry></row><row><entry VJ="1" colname="col1">§ 16</entry><entry VJ="1" colname="col2">Gewichtung der Prüfungsbereiche und Anforderungen für das Bestehen der Abschlussprüfung</entry></row></tbody></tgroup></table><P/><Ident Class="S2">Abschnitt 3</Ident><Title Align="auto" Class="S2">Schlussvorschriften</Title><P/><table colsep="0" frame="none" pgwide="1" rowsep="0" tocentry="%yes;"><tgroup align="left" char="" charoff="50" cols="2"><colspec colname="col1" colwidth="10.00*"/><colspec colname="col2" colwidth="90.00*"/><tbody valign="top"><row><entry VJ="1" colname="col1" colsep="0" rowsep="0">§ 17</entry><entry VJ="1" colname="col2" rowsep="0">Übergangsregelung</entry></row><row><entry VJ="1" colname="col1" colsep="0">§ 18</entry><entry VJ="1" colname="col2">Inkrafttreten, Außerkrafttreten</entry></row></tbody></tgroup></table><P/><table colsep="0" frame="none" pgwide="1" rowsep="0" tocentry="%yes;"><tgroup align="left" char="" charoff="50" cols="2"><colspec colname="col1" colwidth="15.00*"/><colspec colname="col2" colwidth="85.00*"/><tbody valign="top"><row><entry VJ="1" colname="col1" colsep="0" rowsep="0">Anlage:</entry><entry VJ="1" colname="col2" rowsep="0">Ausbildungsrahmenplan für die Berufsausbildung zum Werkfeuerwehrmann und zur Werkfeuerwehrfrau</entry></row></tbody></tgroup></table></TOC></text></textdaten></norm>
<norm builddate="20210615213136" doknr="BJNR083000015BJNG000100000"><metadaten><jurabk>WFAusbV</jurabk><gliederungseinheit><gliederungskennzahl>010</gliederungskennzahl><gliederungsbez>Abschnitt 1</gliederungsbez><gliederungstitel>Gegenstand, Dauer und Gliederung der Berufsausbildung</gliederungstitel></gliederungseinheit></metadaten><textdaten/></norm>
<norm builddate="20210615213136" doknr="BJNR083000015BJNE000300000"><metadaten><jurabk>WFAusbV</jurabk><enbez>§ 1</enbez><titel format="XML">Staatliche Anerkennung des Ausbildungsberufes</titel></metadaten><textdaten><text format="XML"><Content><P>Der Ausbildungsberuf des Werkfeuerwehrmannes und der Werkfeuerwehrfrau wird nach § 4 Absatz 1 des Berufsbildungsgesetzes staatlich anerkannt.</P></Content></text></textdaten></norm>
<norm builddate="20210615213136" doknr="BJNR083000015BJNE000400000"><metadaten><jurabk>WFAusbV</jurabk><enbez>§ 2</enbez><titel format="XML">Dauer der Berufsausbildung</titel></metadaten><textdaten><text format="XML"><Content><P>Die Berufsausbildung dauert drei Jahre.</P></Content></text></textdaten></norm>
<norm builddate="20210615213136" doknr="BJNR083000015BJNE000500000"><metadaten><jurabk>WFAusbV</jurabk><enbez>§ 3</enbez><titel format="XML">Gegenstand der Berufsausbildung und Ausbildungsrahmenplan</titel></metadaten><textdaten><text format="XML"><Content><P>(1) Gegenstand der Berufsausbildung sind mindestens die im Ausbildungsrahmenplan (Anlage) genannten Fertigkeiten, Kenntnisse und Fähigkeiten. Von der Organisation der Berufsausbildung, wie sie im Ausbildungsrahmenplan vorgegeben ist, darf abgewichen werden, wenn und soweit betriebspraktische Besonderheiten oder Gründe, die in der Person des oder der Auszubildenden liegen, die Abweichung erfordern.</P><P>(2) Die im Ausbildungsrahmenplan genannten Fertigkeiten, Kenntnisse und Fähigkeiten sollen so vermittelt werden, dass die Auszubildenden die berufliche Handlungsfähigkeit nach § 1 Absatz 3 des Berufsbildungsgesetzes erlangen. Die berufliche Handlungsfähigkeit schließt insbesondere selbständiges Planen, Durchführen und Kontrollieren ein.</P></Content></text></textdaten></norm>
<norm builddate="20210615213136" doknr="BJNR083000015BJNE000600000"><metadaten><jurabk>WFAusbV</jurabk><enbez>§ 4</enbez><titel format="XML">Struktur der Berufsausbildung, Ausbildungsberufsbild</titel></metadaten><textdaten><text format="XML"><Content><P>(1) Die Berufsausbildung gliedert sich in: <DL Type="arabic"><DT>1.</DT><DD Font="normal"><LA>berufsprofilgebende Fertigkeiten, Kenntnisse und Fähigkeiten und</LA></DD><DT>2.</DT><DD Font="normal"><LA>integrativ zu vermittelnde Fertigkeiten, Kenntnisse und Fähigkeiten.</LA></DD></DL>Die Fertigkeiten, Kenntnisse und Fähigkeiten werden in Berufsbildpositionen als Teil des Ausbildungsberufsbildes gebündelt.</P><P>(2) Die Berufsbildpositionen der berufsprofilgebenden Fertigkeiten, Kenntnisse und Fähigkeiten sind: <DL Type="arabic"><DT>1.</DT><DD Font="normal"><LA>rechtliche Grundlagen des Feuerwehrdienstes sowie Anforderungen an den Beruf,</LA></DD><DT>2.</DT><DD Font="normal"><LA>Brandgeschehen, Löschmittel und Löschverfahren,</LA></DD><DT>3.</DT><DD Font="normal"><LA>Fahrzeuge und Geräte der Feuerwehr,</LA></DD><DT>4.</DT><DD Font="normal"><LA>Atemschutz,</LA></DD><DT>5.</DT><DD Font="normal"><LA>Einrichten, Sichern und Betreiben von Einsatzstellen,</LA></DD><DT>6.</DT><DD Font="normal"><LA>Sichern, Retten und Bergen,</LA></DD><DT>7.</DT><DD Font="normal"><LA>Brandbekämpfung,</LA></DD><DT>8.</DT><DD Font="normal"><LA>technische Hilfeleistung,</LA></DD><DT>9.</DT><DD Font="normal"><LA>Einsatz mit radioaktiven, biologischen und chemischen Gefahrstoffen (ABC-Einsatz),</LA></DD><DT>10.</DT><DD Font="normal"><LA>Rettungssanitäter-Einsatz und</LA></DD><DT>11.</DT><DD Font="normal"><LA>vorbeugender Brandschutz.</LA></DD></DL></P><P>(3) Die Berufsbildpositionen der integrativ zu vermittelnden Fertigkeiten, Kenntnisse und Fähigkeiten sind: <DL Type="arabic"><DT>1.</DT><DD Font="normal"><LA>Aufbau und Organisation des Ausbildungsbetriebes,</LA></DD><DT>2.</DT><DD Font="normal"><LA>Berufsbildung, Arbeits- und Tarifrecht,</LA></DD><DT>3.</DT><DD Font="normal"><LA>Sicherheit und Gesundheitsschutz bei der Arbeit,</LA></DD><DT>4.</DT><DD Font="normal"><LA>Umweltschutz,</LA></DD><DT>5.</DT><DD Font="normal"><LA>Information, Kommunikation und Teamarbeit,</LA></DD><DT>6.</DT><DD Font="normal"><LA>Erstellen und Anwenden technischer Unterlagen,</LA></DD><DT>7.</DT><DD Font="normal"><LA>Kommunikations- und Informationssysteme,</LA></DD><DT>8.</DT><DD Font="normal"><LA>Arbeitsorganisation,</LA></DD><DT>9.</DT><DD Font="normal"><LA>elektrotechnische Arbeiten für den Feuerwehreinsatz,</LA></DD><DT>10.</DT><DD Font="normal"><LA>metall-, sanitär-, heizungs- und klimatechnische Arbeiten für den Feuerwehreinsatz sowie</LA></DD><DT>11.</DT><DD Font="normal"><LA>Holzbauarbeiten für den Feuerwehreinsatz.</LA></DD></DL></P></Content></text></textdaten></norm>
<norm builddate="20210615213136" doknr="BJNR083000015BJNE000700000"><metadaten><jurabk>WFAusbV</jurabk><enbez>§ 5</enbez><titel format="XML">Ausbildungsplan</titel></metadaten><textdaten><text format="XML"><Content><P>Die Ausbildenden haben spätestens zu Beginn der Ausbildung auf der Grundlage des Ausbildungsrahmenplans für jeden Auszubildenden und für jede Auszubildende einen Ausbildungsplan zu erstellen.</P></Content></text></textdaten></norm>
<norm builddate="20210615213136" doknr="BJNR083000015BJNE000800000"><metadaten><jurabk>WFAusbV</jurabk><enbez>§ 6</enbez><titel format="XML">Schriftlicher Ausbildungsnachweis</titel></metadaten><textdaten><text format="XML"><Content><P>(1) Die Auszubildenden haben einen schriftlichen Ausbildungsnachweis zu führen. Dazu ist ihnen während der Ausbildungszeit Gelegenheit zu geben.</P><P>(2) Die Ausbildenden haben den Ausbildungsnachweis regelmäßig durchzusehen.</P></Content></text></textdaten></norm>
<norm builddate="20210615213136" doknr="BJNR083000015BJNG000200000"><metadaten><jurabk>WFAusbV</jurabk><gliederungseinheit><gliederungskennzahl>020</gliederungskennzahl><gliederungsbez>Abschnitt 2</gliederungsbez><gliederungstitel>Abschlussprüfung</gliederungstitel></gliederungseinheit></metadaten><textdaten/></norm>
<norm builddate="20210615213136" doknr="BJNR083000015BJNE000900000"><metadaten><jurabk>WFAusbV</jurabk><enbez>§ 7</enbez><titel format="XML">Ziel, Aufteilung in zwei Teile und Zeitpunkt</titel></metadaten><textdaten><text format="XML"><Content><P>(1) Durch die Abschlussprüfung ist festzustellen, ob der Prüfling die berufliche Handlungsfähigkeit erworben hat.</P><P>(2) Die Abschlussprüfung besteht aus den Teilen 1 und 2.</P><P>(3) Teil 1 soll in der Mitte des zweiten Ausbildungsjahres durchgeführt werden, Teil 2 am Ende der Berufsausbildung.</P></Content></text></textdaten></norm>
<norm builddate="20210615213136" doknr="BJNR083000015BJNE001000000"><metadaten><jurabk>WFAusbV</jurabk><enbez>§ 8</enbez><titel format="XML">Inhalt von Teil 1</titel></metadaten><textdaten><text format="XML"><Content><P>Teil 1 der Abschlussprüfung erstreckt sich auf <DL Type="arabic"><DT>1.</DT><DD Font="normal"><LA>die im Ausbildungsrahmenplan für die ersten drei Ausbildungshalbjahre genannten Fertigkeiten, Kenntnisse und Fähigkeiten sowie</LA></DD><DT>2.</DT><DD Font="normal"><LA>den im Berufsschulunterricht zu vermittelnden Lehrstoff, soweit er den im Ausbildungsrahmenplan genannten Fertigkeiten, Kenntnissen und Fähigkeiten entspricht.</LA></DD></DL></P></Content></text></textdaten></norm>
<norm builddate="20210615213136" doknr="BJNR083000015BJNE001100000"><metadaten><jurabk>WFAusbV</jurabk><enbez>§ 9</enbez><titel format="XML">Prüfungsbereich von Teil 1</titel></metadaten><textdaten><text format="XML"><Content><P>(1) Teil 1 der Abschlussprüfung findet im Prüfungsbereich Handwerkliche Arbeiten statt.</P><P>(2) Im Prüfungsbereich Handwerkliche Arbeiten soll der Prüfling nachweisen, dass er in der Lage ist, <DL Type="arabic"><DT>1.</DT><DD Font="normal"><LA>technische Unterlagen auszuwerten, technische Parameter zu bestimmen, Arbeitsabläufe zu planen und abzustimmen sowie Material und Werkzeug zu disponieren,</LA></DD><DT>2.</DT><DD Font="normal"><LA>Werkstücke herzustellen, Funktionen zu überprüfen, seine Vorgehensweise zu erläutern und durchgeführte Arbeiten zu dokumentieren,</LA></DD><DT>3.</DT><DD Font="normal"><LA>Sicherheitsregeln, Unfallverhütungsvorschriften und Umweltschutzbestimmungen einzuhalten und</LA></DD><DT>4.</DT><DD Font="normal"><LA>Gefährdungen zu erkennen sowie Maßnahmen zur Beseitigung zu ergreifen.</LA></DD></DL></P><P>(3) Für den Nachweis nach Absatz 2 sind folgende Gebiete zugrunde zu legen: <DL Type="arabic"><DT>1.</DT><DD Font="normal"><LA>elektrotechnische Arbeiten,</LA></DD><DT>2.</DT><DD Font="normal"><LA>metall-, sanitär-, heizungs- und klimatechnische Arbeiten sowie</LA></DD><DT>3.</DT><DD Font="normal"><LA>Holzbauarbeiten.</LA></DD></DL></P><P>(4) Der Prüfling soll eine Arbeitsaufgabe zu einem Gebiet nach Absatz 3 Nummer 1, 2 oder 3 durchführen. Dabei können ergänzende Tätigkeiten aus einem weiteren Gebiet nach Absatz 3 einfließen. Mit dem Prüfling wird über die Arbeitsaufgabe ein auftragsbezogenes Fachgespräch geführt. Weiterhin soll er Aufgaben zu den Gebieten nach Absatz 3 Nummer 1, 2 und 3 schriftlich bearbeiten.</P><P>(5) Die Prüfungszeit beträgt insgesamt 555 Minuten. Die Bearbeitungszeit für die Arbeitsaufgabe beträgt 420 Minuten; innerhalb dieser Zeit soll das auftragsbezogene Fachgespräch höchstens zehn Minuten dauern. Die Bearbeitungszeit für die schriftlichen Aufgaben beträgt 135 Minuten.</P></Content></text></textdaten></norm>
<norm builddate="20210615213136" doknr="BJNR083000015BJNE001200000"><metadaten><jurabk>WFAusbV</jurabk><enbez>§ 10</enbez><titel format="XML">Inhalt von Teil 2</titel></metadaten><textdaten><text format="XML"><Content><P>(1) Teil 2 der Abschlussprüfung erstreckt sich auf <DL Type="arabic"><DT>1.</DT><DD Font="normal"><LA>die im Ausbildungsrahmenplan genannten Fertigkeiten, Kenntnisse und Fähigkeiten sowie</LA></DD><DT>2.</DT><DD Font="normal"><LA>den im Berufsschulunterricht zu vermittelnden Lehrstoff, soweit er den im Ausbildungsrahmenplan genannten Fertigkeiten, Kenntnissen und Fähigkeiten entspricht.</LA></DD></DL></P><P>(2) In Teil 2 der Abschlussprüfung sollen Fertigkeiten, Kenntnisse und Fähigkeiten, die bereits Gegenstand von Teil 1 der Abschlussprüfung waren, nur insoweit einbezogen werden, als es für die Feststellung der beruflichen Handlungsfähigkeit erforderlich ist.</P></Content></text></textdaten></norm>
<norm builddate="20210615213136" doknr="BJNR083000015BJNE001300000"><metadaten><jurabk>WFAusbV</jurabk><enbez>§ 11</enbez><titel format="XML">Prüfungsbereiche von Teil 2</titel></metadaten><textdaten><text format="XML"><Content><P>Teil 2 der Abschlussprüfung findet in folgenden Prüfungsbereichen statt: <DL Type="arabic"><DT>1.</DT><DD Font="normal"><LA>Brandbekämpfung und Menschenrettung,</LA></DD><DT>2.</DT><DD Font="normal"><LA>Technische Hilfeleistung und ABC-Einsatz,</LA></DD><DT>3.</DT><DD Font="normal"><LA>Grundlagen und Techniken der Gefahrenabwehr sowie</LA></DD><DT>4.</DT><DD Font="normal"><LA>Wirtschafts- und Sozialkunde.</LA></DD></DL></P></Content></text></textdaten></norm>
<norm builddate="20210615213136" doknr="BJNR083000015BJNE001400000"><metadaten><jurabk>WFAusbV</jurabk><enbez>§ 12</enbez><titel format="XML">Prüfungsbereich Brandbekämpfung und Menschenrettung</titel></metadaten><textdaten><text format="XML"><Content><P>(1) Im Prüfungsbereich Brandbekämpfung und Menschenrettung soll der Prüfling nachweisen, dass er in der Lage ist, Funktionen und Aufgaben in taktischen Feuerwehreinheiten nach Feuerwehr-Dienstvorschriften wahrzunehmen und dabei <DL Type="arabic"><DT>1.</DT><DD Font="normal"><LA>Feuerwehrfahrzeuge der Klasse C sowie Fahrzeuge für die Notfallrettung auf öffentlichen Straßen zu führen und zu besetzen; zur Prüfung ist der Führerschein der Klasse C sowie ein Nachweis über die Ausbildung zum Rettungssanitäter oder zur Rettungssanitäterin vorzulegen,</LA></DD><DT>2.</DT><DD Font="normal"><LA>Einsatzmittel zu handhaben,</LA></DD><DT>3.</DT><DD Font="normal"><LA>Gefährdungspotentiale abzuschätzen,</LA></DD><DT>4.</DT><DD Font="normal"><LA>Eigensicherung durchzuführen und Unfallverhütungsvorschriften zu beachten sowie</LA></DD><DT>5.</DT><DD Font="normal"><LA>die Situationen vor Ort zu erkunden und Sachstände rückzumelden.</LA></DD></DL></P><P>(2) Für den Nachweis nach Absatz 1 sind folgende Gebiete zugrunde zu legen: <DL Type="arabic"><DT>1.</DT><DD Font="normal"><LA>Brände löschen und</LA></DD><DT>2.</DT><DD Font="normal"><LA>Menschen retten.</LA></DD></DL></P><P>(3) Der Prüfling soll je eine Arbeitsprobe zu Absatz 2 Nummer 1 und 2 durchführen. Mit ihm wird über jede der beiden Arbeitsproben ein auftragsbezogenes Fachgespräch geführt.</P><P>(4) Die Prüfungszeit beträgt insgesamt 90 Minuten. Innerhalb dieser Zeit sollen die auftragsbezogenen Fachgespräche zusammen höchstens zehn Minuten dauern.</P></Content></text></textdaten></norm>
<norm builddate="20210615213136" doknr="BJNR083000015BJNE001500000"><metadaten><jurabk>WFAusbV</jurabk><enbez>§ 13</enbez><titel format="XML">Prüfungsbereich Technische Hilfeleistung und ABC-Einsatz</titel></metadaten><textdaten><text format="XML"><Content><P>(1) Im Prüfungsbereich Technische Hilfeleistung und ABC-Einsatz soll der Prüfling nachweisen, dass er in der Lage ist, Funktionen und Aufgaben in taktischen Feuerwehreinheiten nach Feuerwehr-Dienstvorschriften wahrzunehmen und dabei <DL Type="arabic"><DT>1.</DT><DD Font="normal"><LA>Einsatzmittel zu handhaben,</LA></DD><DT>2.</DT><DD Font="normal"><LA>Gefährdungspotentiale abzuschätzen,</LA></DD><DT>3.</DT><DD Font="normal"><LA>Eigensicherung durchzuführen und Unfallverhütungsvorschriften zu beachten sowie</LA></DD><DT>4.</DT><DD Font="normal"><LA>die Situationen vor Ort zu erkunden und Sachstände rückzumelden.</LA></DD></DL></P><P>(2) Für den Nachweis nach Absatz 1 sind folgende Gebiete zugrunde zu legen: <DL Type="arabic"><DT>1.</DT><DD Font="normal"><LA>technische Hilfe leisten und</LA></DD><DT>2.</DT><DD Font="normal"><LA>einen ABC-Einsatz durchführen.</LA></DD></DL></P><P>(3) Der Prüfling soll je eine Arbeitsprobe zu Absatz 2 Nummer 1 und 2 durchführen. Mit ihm wird über jede der beiden Arbeitsproben ein auftragsbezogenes Fachgespräch geführt.</P><P>(4) Die Prüfungszeit beträgt insgesamt 90 Minuten. Innerhalb dieser Zeit sollen die auftragsbezogenen Fachgespräche zusammen höchstens zehn Minuten dauern.</P></Content></text></textdaten></norm>
<norm builddate="20210615213136" doknr="BJNR083000015BJNE001600000"><metadaten><jurabk>WFAusbV</jurabk><enbez>§ 14</enbez><titel format="XML">Prüfungsbereich Grundlagen und Techniken der Gefahrenabwehr</titel></metadaten><textdaten><text format="XML"><Content><P>(1) Im Prüfungsbereich Grundlagen und Techniken der Gefahrenabwehr soll der Prüfling nachweisen, dass er in der Lage ist, <DL Type="arabic"><DT>1.</DT><DD Font="normal"><LA>rechtliche Grundlagen des Feuerwehrwesens zu erläutern,</LA></DD><DT>2.</DT><DD Font="normal"><LA>Brandgeschehen zu beurteilen, Löschmittel und Löschverfahren auszuwählen und einzusetzen,</LA></DD><DT>3.</DT><DD Font="normal"><LA>Fahrzeuge und Geräte zu unterscheiden,</LA></DD><DT>4.</DT><DD Font="normal"><LA>Atemschutz anzuwenden,</LA></DD><DT>5.</DT><DD Font="normal"><LA>Einsatzlehre zu berücksichtigen und</LA></DD><DT>6.</DT><DD Font="normal"><LA>Kenntnisse des vorbeugenden Brandschutzes anzuwenden.</LA></DD></DL></P><P>(2) Der Prüfling soll die Aufgaben schriftlich bearbeiten.</P><P>(3) Die Prüfungszeit beträgt 195 Minuten.</P></Content></text></textdaten></norm>
<norm builddate="20210615213136" doknr="BJNR083000015BJNE001700000"><metadaten><jurabk>WFAusbV</jurabk><enbez>§ 15</enbez><titel format="XML">Prüfungsbereich Wirtschafts- und Sozialkunde</titel></metadaten><textdaten><text format="XML"><Content><P>(1) Im Prüfungsbereich Wirtschafts- und Sozialkunde soll der Prüfling nachweisen, dass er in der Lage ist, allgemeine wirtschaftliche und gesellschaftliche Zusammenhänge der Berufs- und Arbeitswelt darzustellen und zu beurteilen.</P><P>(2) Die Prüfungsaufgaben müssen praxisbezogen sein. Der Prüfling soll die Aufgaben schriftlich bearbeiten.</P><P>(3) Die Prüfungszeit beträgt 60 Minuten.</P></Content></text></textdaten></norm>
<norm builddate="20210615213136" doknr="BJNR083000015BJNE001800000"><metadaten><jurabk>WFAusbV</jurabk><enbez>§ 16</enbez><titel format="XML">Gewichtung der Prüfungsbereiche und Anforderungen für das Bestehen der Abschlussprüfung</titel></metadaten><textdaten><text format="XML"><Content><P>(1) Die Bewertungen der einzelnen Prüfungsbereiche sind wie folgt zu gewichten: <DL Type="arabic"><DT>1.</DT><DD Font="normal"><LA><!-- SPLIT UMBAU : [Text: Handwerkliche Arbeiten][Element: <Split/>



][Text: mit 30 Prozent,]--><table colsep="0" frame="none" pgwide="1" rowsep="0"><tgroup cols="2"><colspec align="left" colname="leftSplit"/><colspec align="right" colname="rightSplit"/><tbody Class="Split"><row><entry colname="leftSplit">Handwerkliche Arbeiten</entry><entry colname="rightSplit" valign="bottom">mit 30 Prozent,</entry></row></tbody></tgroup></table></LA></DD><DT>2.</DT><DD Font="normal"><LA><!-- SPLIT UMBAU : [Text: Brandbekämpfung und][Element: <BR/>



][Text:  Menschenrettung][Element: 



<Split/>



][Text: mit 20 Prozent,]--><table colsep="0" frame="none" pgwide="1" rowsep="0"><tgroup cols="2"><colspec align="left" colname="leftSplit"/><colspec align="right" colname="rightSplit"/><tbody Class="Split"><row><entry colname="leftSplit">Brandbekämpfung und<BR/> Menschenrettung</entry><entry colname="rightSplit" valign="bottom">mit 20 Prozent,</entry></row></tbody></tgroup></table></LA></DD><DT>3.</DT><DD Font="normal"><LA><!-- SPLIT UMBAU : [Text: Technische Hilfeleistung][Element: <BR/>



][Text:  und ABC-Einsatz][Element: 



<Split/>



][Text: mit 20 Prozent,]--><table colsep="0" frame="none" pgwide="1" rowsep="0"><tgroup cols="2"><colspec align="left" colname="leftSplit"/><colspec align="right" colname="rightSplit"/><tbody Class="Split"><row><entry colname="leftSplit">Technische Hilfeleistung<BR/> und ABC-Einsatz</entry><entry colname="rightSplit" valign="bottom">mit 20 Prozent,</entry></row></tbody></tgroup></table></LA></DD><DT>4.</DT><DD Font="normal"><LA><!-- SPLIT UMBAU : [Text: Grundlagen und Techniken][Element: <BR/>



][Text:  der Gefahrenabwehr][Element: 



<Split/>



][Text: mit 20 Prozent,]--><table colsep="0" frame="none" pgwide="1" rowsep="0"><tgroup cols="2"><colspec align="left" colname="leftSplit"/><colspec align="right" colname="rightSplit"/><tbody Class="Split"><row><entry colname="leftSplit">Grundlagen und Techniken<BR/> der Gefahrenabwehr</entry><entry colname="rightSplit" valign="bottom">mit 20 Prozent,</entry></row></tbody></tgroup></table></LA></DD><DT>5.</DT><DD Font="normal"><LA><!-- SPLIT UMBAU : [Text: Wirtschafts- und Sozialkunde][Element: <Split/>



][Text: mit 10 Prozent.]--><table colsep="0" frame="none" pgwide="1" rowsep="0"><tgroup cols="2"><colspec align="left" colname="leftSplit"/><colspec align="right" colname="rightSplit"/><tbody Class="Split"><row><entry colname="leftSplit">Wirtschafts- und Sozialkunde</entry><entry colname="rightSplit" valign="bottom">mit 10 Prozent.</entry></row></tbody></tgroup></table></LA></DD></DL></P><P>(2) Die Abschlussprüfung ist bestanden, wenn die Prüfungsleistungen wie folgt bewertet worden sind: <DL Type="arabic"><DT>1.</DT><DD Font="normal"><LA>im Gesamtergebnis von Teil 1 und Teil 2 mit mindestens „ausreichend“,</LA></DD><DT>2.</DT><DD Font="normal"><LA>im Ergebnis von Teil 2 mit mindestens „ausreichend“,</LA></DD><DT>3.</DT><DD Font="normal"><LA>in den Prüfungsbereichen „Brandbekämpfung und Menschenrettung“ sowie „Technische Hilfeleistung und ABC-Einsatz“ mit mindestens „ausreichend“,</LA></DD><DT>4.</DT><DD Font="normal"><LA>in mindestens einem der übrigen Prüfungsbereiche von Teil 2 der Abschlussprüfung mit mindestens „ausreichend“ und</LA></DD><DT>5.</DT><DD Font="normal"><LA>in keinem Prüfungsbereich von Teil 2 der Abschlussprüfung mit „ungenügend“.</LA></DD></DL></P><P>(3) Auf Antrag des Prüflings ist die Prüfung in einem der Prüfungsbereiche „Grundlagen und Techniken der Gefahrenabwehr“ oder „Wirtschafts- und Sozialkunde“ durch eine mündliche Prüfung von etwa 15 Minuten zu ergänzen, wenn <DL Type="arabic"><DT>1.</DT><DD Font="normal"><LA>der Prüfungsbereich schlechter als mit „ausreichend“ bewertet worden ist und</LA></DD><DT>2.</DT><DD Font="normal"><LA>die mündliche Ergänzungsprüfung für das Bestehen der Abschlussprüfung den Ausschlag geben kann.</LA></DD></DL>Bei der Ermittlung der Ergebnisse für diesen Prüfungsbereich sind das bisherige Ergebnis und das Ergebnis der mündlichen Ergänzungsprüfung im Verhältnis 2:1 zu gewichten.</P></Content></text></textdaten></norm>
<norm builddate="20210615213136" doknr="BJNR083000015BJNG000300000"><metadaten><jurabk>WFAusbV</jurabk><gliederungseinheit><gliederungskennzahl>030</gliederungskennzahl><gliederungsbez>Abschnitt 3</gliederungsbez><gliederungstitel>Schlussvorschriften</gliederungstitel></gliederungseinheit></metadaten><textdaten/></norm>
<norm builddate="20210615213136" doknr="BJNR083000015BJNE001900000"><metadaten><jurabk>WFAusbV</jurabk><enbez>§ 17</enbez><titel format="XML">Übergangsregelung</titel></metadaten><textdaten><text format="XML"><Content><P>Berufsausbildungsverhältnisse nach der Verordnung über die Entwicklung und Erprobung des Ausbildungsberufes Werkfeuerwehrmann/Werkfeuerwehrfrau vom 7. Juli 2009 (BGBl. I S. 1747), die vor Ablauf des 31. Juli 2015 begonnen worden sind, werden nach den bis dahin geltenden Vorschriften zu Ende geführt.</P></Content></text></textdaten></norm>
<norm builddate="20210615213136" doknr="BJNR083000015BJNE002000000"><metadaten><jurabk>WFAusbV</jurabk><enbez>§ 18</enbez><titel format="XML">Inkrafttreten, Außerkrafttreten</titel></metadaten><textdaten><text format="XML"><Content><P>Diese Verordnung tritt am 1. August 2015 in Kraft. Gleichzeitig tritt die Verordnung über die Entwicklung und Erprobung des Ausbildungsberufes Werkfeuerwehrmann/Werkfeuerwehrfrau vom 7. Juli 2009 (BGBl. I S. 1747) außer Kraft.</P></Content></text></textdaten></norm>
<norm builddate="20210615213136" doknr="BJNR083000015BJNE002100000"><metadaten><jurabk>WFAusbV</jurabk><enbez>Anlage</enbez><titel format="XML">(zu § 3 Absatz 1)<BR/>Ausbildungsrahmenplan für die Berufsausbildung zum Werkfeuerwehrmann und zur Werkfeuerwehrfrau</titel></metadaten><textdaten><text format="XML"><Content><P><noindex><kommentar typ="Fundstelle">(Fundstelle: BGBl. I 2015, 834 - 841)</kommentar></noindex></P><BR/><table frame="all" pgwide="1" tabstyle="Ausbildung" tocentry="%yes;"><Title Align="left" Class="S1">Abschnitt A: berufsprofilgebende Fertigkeiten, Kenntnisse und Fähigkeiten</Title><tgroup align="left" char="" charoff="50" cols="5" colsep="1" rowsep="1"><colspec colname="col1" colnum="1" colwidth="0.75*"/><colspec colname="col2" colnum="2" colwidth="4.47*"/><colspec colname="col3" colnum="3" colwidth="8.45*"/><colspec align="center" colname="col4" colnum="4" colwidth="1.49*"/><colspec align="center" colname="col5" colnum="5" colwidth="1.59*"/><thead valign="bottom"><row><entry VJ="1" align="center" colname="col1" morerows="1" valign="middle">Lfd.<BR/> Nr.</entry><entry VJ="1" align="center" colname="col2" morerows="1" valign="middle">Teil des<BR/> Ausbildungsberufsbildes</entry><entry VJ="1" align="center" colname="col3" morerows="1" valign="middle">Zu vermittelnde<BR/> Fertigkeiten, Kenntnisse und Fähigkeiten</entry><entry VJ="1" align="center" nameend="col5" namest="col4" valign="middle">Zeitliche Richtwerte<BR/> in Wochen im</entry></row><row><entry VJ="1" align="center" colname="col4" valign="middle">1. bis 18.<BR/> Monat</entry><entry VJ="1" align="center" colname="col5" valign="middle">19. bis 36.<BR/> Monat</entry></row><row><entry VJ="1" align="center" colname="col1" valign="middle">1</entry><entry VJ="1" align="center" colname="col2" valign="middle">2</entry><entry VJ="1" align="center" colname="col3" valign="middle">3</entry><entry VJ="1" align="center" nameend="col5" namest="col4" valign="middle">4</entry></row></thead><tbody valign="top"><row><entry VJ="1" align="center" colname="col1">1</entry><entry VJ="1" colname="col2">Rechtliche Grundlagen<BR/> des Feuerwehrdienstes sowie Anforderungen an den Beruf<BR/> (§ 4 Absatz 2 Nummer 1)</entry><entry VJ="1" align="justify" colname="col3"><DL Font="normal" Type="alpha"><DT>a)</DT><DD Font="normal"><LA Size="normal">Aufgaben, Struktur und rechtliche Grundlagen des Brandschutzes, Katastrophenschutzes, der technischen Hilfe und des Rettungsdienstes und seiner Einrichtungen in Grundzügen erläutern</LA></DD><DT>b)</DT><DD Font="normal"><LA Size="normal">Aufgaben und Befugnisse der öffentlichen sowie der Werk- und Betriebsfeuerwehren unterscheiden</LA></DD><DT>c)</DT><DD Font="normal"><LA Size="normal">Formen der Zusammenarbeit und deren rechtliche Grundlagen im Brandschutz, Katastrophenschutz, in der technischen Hilfe und im Rettungsdienst an Beispielen aus dem Ausbildungsbetrieb erklären</LA></DD><DT>d)</DT><DD Font="normal"><LA Size="normal">Garantenstellung des Berufs und ethische Anforderungen darstellen und angemessen handeln</LA></DD><DT>e)</DT><DD Font="normal"><LA Size="normal">Belastungssituationen im Beruf erkennen und bewältigen</LA></DD><DT>f)</DT><DD Font="normal"><LA Size="normal">körperliche Fitness kontinuierlich erhalten</LA></DD><DT>g)</DT><DD Font="normal"><LA Size="normal">sich mit psychischen Belastungen des Berufs auseinandersetzen und die psychische Stabilität erhalten</LA></DD><DT>h)</DT><DD Font="normal"><LA Size="normal">berufsbezogene rechtliche Vorschriften anwenden, insbesondere die einschlägigen Feuerwehr-Dienstvorschriften</LA></DD></DL></entry><entry VJ="1" colname="col4" valign="middle"/><entry VJ="1" colname="col5" valign="middle">2</entry></row><row><entry VJ="1" align="center" colname="col1">2</entry><entry VJ="1" colname="col2">Brandgeschehen, Löschmittel und Löschverfahren<BR/> (§ 4 Absatz 2 Nummer 2)</entry><entry VJ="1" align="justify" colname="col3"><DL Font="normal" Type="alpha"><DT>a)</DT><DD Font="normal"><LA Size="normal">Maßnahmen zur Unterbrechung der Verbrennung durchführen, insbesondere unter Berücksichtigung der stofflichen und energetischen Voraussetzungen der Verbrennung</LA></DD><DT>b)</DT><DD Font="normal"><LA Size="normal">Wärme- und Rauchentwicklung sowie Brandausbreitung abschätzen</LA></DD><DT>c)</DT><DD Font="normal"><LA Size="normal">Rauchdurchzündung, Rauchexplosion und Stichflamme einschätzen und entsprechende Maßnahmen ergreifen</LA></DD><DT>d)</DT><DD Font="normal"><LA Size="normal">die Löschmittel Wasser, Schaum, Pulver, Kohlendioxid und sonstige Löschmittel in Abhängigkeit von den Anwendungsmöglichkeiten und -grenzen auswählen und einsetzen</LA></DD><DT>e)</DT><DD Font="normal"><LA Size="normal">Löschverfahren situationsbezogen anwenden</LA></DD></DL></entry><entry VJ="1" colname="col4" valign="middle"/><entry VJ="1" colname="col5" valign="middle">4</entry></row><row rowsep="0"><entry VJ="1" align="center" colname="col1">3</entry><entry VJ="1" colname="col2">Fahrzeuge und Geräte<BR/> der Feuerwehr<BR/> (§ 4 Absatz 2 Nummer 3)</entry><entry VJ="1" align="justify" colname="col3"><DL Font="normal" Type="alpha"><DT>a)</DT><DD Font="normal"><LA Size="normal">Fahrzeuge, insbesondere Löschfahrzeuge, Rüst- und Gerätewagen, nach ihrem technischen und taktischen Einsatzwert auswählen sowie die Mindestausstattung der Fahrzeuge und die fakultative Zusatzausstattung überprüfen</LA></DD><DT>b)</DT><DD Font="normal"><LA Size="normal">Kraftfahrzeuge der Klasse C sowie Fahrzeuge für die Notfallrettung auf öffentlichen Straßen innerhalb und außerhalb geschlossener Ortschaften sicher und wirtschaftlich führen</LA></DD><DT>c)</DT><DD Font="normal"><LA Size="normal">Einsatzbereitschaft der Fahrzeuge herstellen und erhalten</LA></DD></DL></entry><entry VJ="1" colname="col4" valign="middle"/><entry VJ="1" colname="col5" valign="bottom">10</entry></row><row><entry VJ="1" align="center" colname="col1"/><entry VJ="1" colname="col2"/><entry VJ="1" align="justify" colname="col3"><DL Font="normal" Type="alpha"><DT>d)</DT><DD Font="normal"><LA Size="normal">Schutzkleidung und Schutzausrüstung unterscheiden, auswählen und anlegen, insbesondere Feuerwehrschutz-Bekleidung, persönliche Ausrüstung, persönliche Schutzausrüstung für ABC-Schadenslagen</LA></DD><DT>e)</DT><DD Font="normal"><LA Size="normal">Löschgeräte, Schläuche, Armaturen und Zubehör, Rettungsgeräte, Sanitäts- und Wiederbelebungsgeräte, Beleuchtungs- und Signalgeräte, Mess- und Nachweisgeräte, Arbeitsgeräte und Handwerkszeuge jeweils nach Art, Funktion und Verwendungszweck unterscheiden, anwenden, überprüfen und instand halten</LA></DD></DL></entry><entry VJ="1" colname="col4" valign="middle"/><entry VJ="1" colname="col5" valign="middle"/></row><row><entry VJ="1" align="center" colname="col1">4</entry><entry VJ="1" colname="col2">Atemschutz<BR/> (§ 4 Absatz 2 Nummer 4)</entry><entry VJ="1" align="justify" colname="col3"><DL Font="normal" Type="alpha"><DT>a)</DT><DD Font="normal"><LA Size="normal">Atemschutzgeräte nach Art, Funktion und Verwendungszweck auswählen und anwenden</LA></DD><DT>b)</DT><DD Font="normal"><LA Size="normal">Atemschutzgeräte anlegen sowie Sicht-, Dichtigkeits- und Funktionskontrolle durchführen</LA></DD><DT>c)</DT><DD Font="normal"><LA Size="normal">Atemschutzgeräte pflegen</LA></DD><DT>d)</DT><DD Font="normal"><LA Size="normal">Lösch-, Rettungs- und Bergungsarbeiten mit Atemschutz unter Berücksichtigung der Einsatzgrundsätze durchführen</LA></DD><DT>e)</DT><DD Font="normal"><LA Size="normal">Aufgaben innerhalb von Sicherheitstrupps wahrnehmen</LA></DD><DT>f)</DT><DD Font="normal"><LA Size="normal">Atemschutzüberwachung durchführen</LA></DD></DL></entry><entry VJ="1" colname="col4" valign="middle"/><entry VJ="1" colname="col5" valign="middle">5</entry></row><row><entry VJ="1" align="center" colname="col1">5</entry><entry VJ="1" colname="col2">Einrichten, Sichern und<BR/> Betreiben von Einsatzstellen<BR/> (§ 4 Absatz 2 Nummer 5)</entry><entry VJ="1" align="justify" colname="col3"><DL Font="normal" Type="alpha"><DT>a)</DT><DD Font="normal"><LA Size="normal">örtliche Gegebenheiten bewerten</LA></DD><DT>b)</DT><DD Font="normal"><LA Size="normal">vor Ort provisorische Arbeitsplätze einrichten</LA></DD><DT>c)</DT><DD Font="normal"><LA Size="normal">Einsatzstellen ausleuchten</LA></DD><DT>d)</DT><DD Font="normal"><LA Size="normal">Gerüste behelfsmäßig aufbauen und Betriebssicherheit vorhandener Gerüste beurteilen</LA></DD><DT>e)</DT><DD Font="normal"><LA Size="normal">Einsatzstellen räumen, insbesondere Baustoffe, Geräte und Maschinen für den Abtransport vorbereiten und verlasten</LA></DD><DT>f)</DT><DD Font="normal"><LA Size="normal">Baustoffe, Geräte und Maschinen entsprechend den örtlichen statischen Gegebenheiten und nach Herstellerangaben sicher lagern</LA></DD><DT>g)</DT><DD Font="normal"><LA Size="normal">Arbeitsgeräte reinigen, pflegen und warten</LA></DD></DL></entry><entry VJ="1" colname="col4" valign="middle"/><entry VJ="1" colname="col5" valign="middle">3</entry></row><row><entry VJ="1" align="center" colname="col1">6</entry><entry VJ="1" colname="col2">Sichern, Retten und Bergen<BR/> (§ 4 Absatz 2 Nummer 6)</entry><entry VJ="1" align="justify" colname="col3"><DL Font="normal" Type="alpha"><DT>a)</DT><DD Font="normal"><LA Size="normal">Organisation, Aufgaben, Ausrüstung und Einsatzgrundsätze von Feuerwehreinheiten im Sicherungs-, Rettungs- und Bergungseinsatz berücksichtigen</LA></DD><DT>b)</DT><DD Font="normal"><LA Size="normal">Gefahren der Einsatzstelle entsprechend der Gefahrenmatrix berücksichtigen, insbesondere bei Rettung von Menschen und Tieren bei Bränden, ABC-Einsätzen und technischen Notsituationen aus Gebäuden und Objekten besonderer Art und Nutzung sowie aus Wasser, Eis, Höhen und Tiefen</LA></DD><DT>c)</DT><DD Font="normal"><LA Size="normal">Eigensicherungsmaßnahmen in Gefahrensituationen anwenden, insbesondere persönliche Schutzausrüstungen</LA></DD><DT>d)</DT><DD Font="normal"><LA Size="normal">Sicherungs-, Rettungs- und Bergungsmaßnahmen unter Berücksichtigung betriebsspezifischer Besonderheiten, insbesondere zur Aufrechterhaltung der Betriebsabläufe und zur Werterhaltung, durchführen</LA></DD><DT>e)</DT><DD Font="normal"><LA Size="normal">Geräte zur Sicherung, Rettung und Bergung einsetzen</LA></DD></DL></entry><entry VJ="1" colname="col4" valign="middle"/><entry VJ="1" colname="col5" valign="middle">8</entry></row><row><entry VJ="1" align="center" colname="col1">7</entry><entry VJ="1" colname="col2">Brandbekämpfung<BR/> (§ 4 Absatz 2 Nummer 7)</entry><entry VJ="1" align="justify" colname="col3"><DL Font="normal" Type="alpha"><DT>a)</DT><DD Font="normal"><LA Size="normal">Organisation und Aufgaben von Feuerwehreinheiten im Löscheinsatz berücksichtigen</LA></DD><DT>b)</DT><DD Font="normal"><LA Size="normal">Gefahren der Einsatzstelle bei der Brandbekämpfung entsprechend der Gefahrenmatrix bewerten</LA></DD><DT>c)</DT><DD Font="normal"><LA Size="normal">Brandbekämpfung unter Berücksichtigung betriebsspezifischer Besonderheiten, insbesondere zur Aufrechterhaltung der Betriebsabläufe und zur Werterhaltung, durchführen</LA></DD><DT>d)</DT><DD Font="normal"><LA Size="normal">Brandbekämpfung in Betriebseinrichtungen mit erhöhter Brand- und Explosionsgefahr und anderen besonderen Gefahren durchführen</LA></DD><DT>e)</DT><DD Font="normal"><LA Size="normal">Brandbekämpfung durchführen, insbesondere in Gebäuden und Objekten besonderer Art und Nutzung</LA></DD></DL></entry><entry VJ="1" colname="col4" valign="middle"/><entry VJ="1" colname="col5" valign="middle">8</entry></row><row><entry VJ="1" align="center" colname="col1">8</entry><entry VJ="1" colname="col2">Technische Hilfeleistung<BR/> (§ 4 Absatz 2 Nummer 8)</entry><entry VJ="1" align="justify" colname="col3"><DL Font="normal" Type="alpha"><DT>a)</DT><DD Font="normal"><LA Size="normal">Organisation und Aufgaben von Feuerwehreinheiten in der technischen Hilfeleistung berücksichtigen</LA></DD><DT>b)</DT><DD Font="normal"><LA Size="normal">Gefahren der Einsatzstelle bei der technischen Hilfeleistung entsprechend der Gefahrenmatrix bewerten</LA></DD><DT>c)</DT><DD Font="normal"><LA Size="normal">technische Hilfeleistung unter Berücksichtigung betriebsspezifischer Besonderheiten, insbesondere zur Aufrechterhaltung der Betriebsabläufe und zur Werterhaltung, durchführen</LA></DD><DT>d)</DT><DD Font="normal"><LA Size="normal">technische Hilfeleistung durchführen, insbesondere in Gebäuden und Objekten besonderer Art und Nutzung</LA></DD><DT>e)</DT><DD Font="normal"><LA Size="normal">Geräte und Hilfsmittel zur technischen Hilfeleistung einsetzen, insbesondere bei Hoch- und Tiefbauunfällen, Verkehrsunfällen und Hochwasserabwehr</LA></DD></DL></entry><entry VJ="1" colname="col4" valign="middle"/><entry VJ="1" colname="col5" valign="middle">8</entry></row><row><entry VJ="1" align="center" colname="col1">9</entry><entry VJ="1" colname="col2">Einsatz mit radioaktiven,<BR/> biologischen und chemischen Gefahrstoffen (ABC-Einsatz)<BR/> (§ 4 Absatz 2 Nummer 9)</entry><entry VJ="1" align="justify" colname="col3"><DL Font="normal" Type="alpha"><DT>a)</DT><DD Font="normal"><LA Size="normal">Organisation und Aufgaben von Feuerwehreinheiten im ABC-Einsatz berücksichtigen</LA></DD><DT>b)</DT><DD Font="normal"><LA Size="normal">Gefahren der Einsatzstelle beim ABC-Einsatz entsprechend der Gefahrenmatrix bewerten und berücksichtigen</LA></DD><DT>c)</DT><DD Font="normal"><LA Size="normal">ABC-Einsatz unter Berücksichtigung betriebsspezifischer Besonderheiten, insbesondere zur Aufrechterhaltung der Betriebsabläufe und zur Werterhaltung, durchführen</LA></DD><DT>d)</DT><DD Font="normal"><LA Size="normal">ABC-Einsatz in Betriebseinrichtungen mit erhöhter Brand- und Explosionsgefahr und anderen besonderen Gefahren durchführen</LA></DD><DT>e)</DT><DD Font="normal"><LA Size="normal">ABC-Einsatz durchführen, insbesondere in Gebäuden und Objekten besonderer Art und Nutzung</LA></DD><DT>f)</DT><DD Font="normal"><LA Size="normal">Dekontaminationsstellen für Personen und Geräte aufbauen und betreiben</LA></DD></DL></entry><entry VJ="1" colname="col4" valign="middle"/><entry VJ="1" colname="col5" valign="middle">6</entry></row><row rowsep="0"><entry VJ="1" align="center" colname="col1">10</entry><entry VJ="1" colname="col2">Rettungssanitäter-Einsatz<BR/> (§ 4 Absatz 2 Nummer 10)</entry><entry VJ="1" align="justify" colname="col3"><DL Font="normal" Type="alpha"><DT>a)</DT><DD Font="normal"><LA Size="normal">Maßnahmen auswählen, durchführen und dokumentieren <DL Font="normal" Type="a-alpha"><DT>aa)</DT><DD Font="normal"><LA Size="normal">Einsatzbereitschaft von Rettungsmitteln herstellen</LA></DD><DT>bb)</DT><DD Font="normal"><LA Size="normal">Versorgungsbedarf bestimmen und geeignete Maßnahmen zur Erreichung des Versorgungsziels auswählen</LA></DD><DT>cc)</DT><DD Font="normal"><LA Size="normal">Einsatz dokumentieren</LA></DD></DL></LA></DD></DL></entry><entry VJ="1" colname="col4" valign="middle"/><entry VJ="1" colname="col5" valign="middle"/></row><row rowsep="0"><entry VJ="1" align="center" colname="col1"/><entry VJ="1" colname="col2"/><entry VJ="1" align="justify" colname="col3"><DL Font="normal" Type="alpha"><DT>b)</DT><DD Font="normal"><LA Size="normal">Notfallsituationen erkennen, erfassen und bewerten <DL Font="normal" Type="a-alpha"><DT>aa)</DT><DD Font="normal"><LA Size="normal">Vitalfunktionskontrolle, orientierende Ganzkörperuntersuchung sowie sonstige notfallrelevante Untersuchungen durchführen</LA></DD><DT>bb)</DT><DD Font="normal"><LA Size="normal">Versorgungsbedarf ermitteln</LA></DD><DT>cc)</DT><DD Font="normal"><LA Size="normal">Faktoren und Rahmenbedingungen in Schwere und Ausmaß auch unter zeitkritischen Bedingungen erfassen und bewerten</LA></DD><DT>dd)</DT><DD Font="normal"><LA Size="normal">Situationen, bei denen ein Massenanfall von Verletzten (MANV) oder ein Massenanfall von Erkrankten (MANE) vorliegt, erkennen</LA></DD><DT>ee)</DT><DD Font="normal"><LA Size="normal">Informationen der Rettungsleitstelle mitteilen</LA></DD></DL></LA></DD><DT>c)</DT><DD Font="normal"><LA Size="normal">in Notfallsituationen lebensrettende und lebenserhaltende Maßnahmen durchführen <DL Font="normal" Type="a-alpha"><DT>aa)</DT><DD Font="normal"><LA Size="normal">Situationen erkennen, die die Einleitung von lebensrettenden und lebenserhaltenden Basismaßnahmen erfordern</LA></DD><DT>bb)</DT><DD Font="normal"><LA Size="normal">lebensrettende und lebenserhaltende Basismaßnahmen selbständig durchführen und deren Wirksamkeit überprüfen</LA></DD><DT>cc)</DT><DD Font="normal"><LA Size="normal">durchgeführte Maßnahmen dokumentieren</LA></DD><DT>dd)</DT><DD Font="normal"><LA Size="normal">weitere Versorgung in Zusammenarbeit mit anderen Berufsgruppen, insbesondere Ärzten und Ärztinnen sowie Rettungskräften, durchführen</LA></DD></DL></LA></DD><DT>d)</DT><DD Font="normal"><LA Size="normal">bei Diagnostik und Therapie mitwirken <DL Font="normal" Type="a-alpha"><DT>aa)</DT><DD Font="normal"><LA Size="normal">erweiterte Maßnahmen der Diagnostik und Therapie in der Notfallmedizin kennen</LA></DD><DT>bb)</DT><DD Font="normal"><LA Size="normal">Vor- und Nachbereitungen treffen und bei der Durchführung mitwirken</LA></DD><DT>cc)</DT><DD Font="normal"><LA Size="normal">ärztlich veranlasste Maßnahmen unter Aufsicht durchführen</LA></DD><DT>dd)</DT><DD Font="normal"><LA Size="normal">die Auswirkungen auf Patienten und Patientinnen kontinuierlich beobachten</LA></DD><DT>ee)</DT><DD Font="normal"><LA Size="normal">Patienten und Patientinnen unterstützen</LA></DD></DL></LA></DD><DT>e)</DT><DD Font="normal"><LA Size="normal">betroffene Personen unterstützen <DL Font="normal" Type="a-alpha"><DT>aa)</DT><DD Font="normal"><LA Size="normal">individuelle psychosoziale Situation der Beteiligten anhand der Anamnese und Dokumentationen anderer an der Versorgung mitwirkender Personen erfassen</LA></DD><DT>bb)</DT><DD Font="normal"><LA Size="normal">Betroffene bei der psychosozialen Bewältigung vital und existenziell bedrohlicher Situationen unterstützen</LA></DD><DT>cc)</DT><DD Font="normal"><LA Size="normal">Erstberatung und Überleitung der Betroffenen in andere Einrichtungen oder Bereiche durchführen</LA></DD></DL></LA></DD><DT>f)</DT><DD Font="normal"><LA Size="normal">in Gruppen und Teams zusammenarbeiten <DL Font="normal" Type="a-alpha"><DT>aa)</DT><DD Font="normal"><LA Size="normal">in unterschiedlichen Gruppen oder Teams arbeiten</LA></DD><DT>bb)</DT><DD Font="normal"><LA Size="normal">eigene Position angemessen in den Team- und Gruppenprozess einbringen und diese Position sachgerecht vertreten</LA></DD><DT>cc)</DT><DD Font="normal"><LA Size="normal">Arbeit mit den anderen beteiligten Personen unterschiedlicher Organisationen und Einrichtungen abstimmen</LA></DD></DL></LA></DD></DL></entry><entry VJ="1" colname="col4" valign="middle"/><entry VJ="1" colname="col5" valign="middle">15</entry></row><row><entry VJ="1" align="center" colname="col1"/><entry VJ="1" colname="col2"/><entry VJ="1" align="justify" colname="col3"><DL Font="normal" Type="None"><DT/><DD Font="normal"><LA Size="normal"><DL Font="normal" Type="a-alpha"><DT>dd)</DT><DD Font="normal"><LA Size="normal">auf bestehende Konzepte zurückgreifen und eigene Handlungsalternativen erarbeiten</LA></DD><DT>ee)</DT><DD Font="normal"><LA Size="normal">Unterstützung anderer Experten zur Bewältigung einer konkreten Situation anfordern</LA></DD></DL></LA></DD></DL><DL Font="normal" Type="alpha"><DT>g)</DT><DD Font="normal"><LA Size="normal">Tätigkeit in Notfallrettung und in qualifiziertem Krankentransport reflektieren <DL Font="normal" Type="a-alpha"><DT>aa)</DT><DD Font="normal"><LA Size="normal">Anforderungen der Tätigkeit und eigenes Handeln kritisch reflektieren sowie ein angemessenes Rollenverständnis entwickeln</LA></DD><DT>bb)</DT><DD Font="normal"><LA Size="normal">mit Krisen- und Konfliktsituationen umgehen</LA></DD></DL></LA></DD><DT>h)</DT><DD Font="normal"><LA Size="normal">Qualitätsstandards im Rettungsdienst einhalten <DL Font="normal" Type="a-alpha"><DT>aa)</DT><DD Font="normal"><LA Size="normal">Sinn und Ziel eines Qualitätsmanagements im Rettungsdienst kennen und das eigene Handeln daran ausrichten</LA></DD><DT>bb)</DT><DD Font="normal"><LA Size="normal">bei der Umsetzung, Reflexion und Weiterentwicklung von Qualitätskonzepten in medizinischen Einrichtungen mitwirken</LA></DD></DL></LA></DD></DL></entry><entry VJ="1" colname="col4" valign="middle"/><entry VJ="1" colname="col5" valign="middle"/></row><row><entry VJ="1" align="center" colname="col1">11</entry><entry VJ="1" colname="col2">Vorbeugender Brandschutz<BR/> (§ 4 Absatz 2 Nummer 11)</entry><entry VJ="1" align="justify" colname="col3"><DL Font="normal" Type="alpha"><DT>a)</DT><DD Font="normal"><LA Size="normal">Auskunft geben über baulichen, technischen und organisatorischen Brandschutz, insbesondere über Gefahrenabwehr- und Alarmierungsplanung und Feuerwehreinsatzplanung</LA></DD><DT>b)</DT><DD Font="normal"><LA Size="normal">ortsfeste Brandschutzeinrichtungen bedienen und überprüfen, insbesondere Rauch- und Wärmeabzugseinrichtungen, Löschanlagen, Steigleitungen und Anschlusseinrichtungen</LA></DD><DT>c)</DT><DD Font="normal"><LA Size="normal">Brand- und Gefahrenmeldeanlagen bedienen und überprüfen</LA></DD><DT>d)</DT><DD Font="normal"><LA Size="normal">Brand- und Sicherheitswachen durchführen, insbesondere bei feuergefährlichen Arbeiten, Behälterbesteigung und -befahrung</LA></DD><DT>e)</DT><DD Font="normal"><LA Size="normal">Löschwasserversorgungssysteme bedienen und überprüfen</LA></DD></DL></entry><entry VJ="1" colname="col4" valign="middle"/><entry VJ="1" colname="col5" valign="middle">4</entry></row></tbody></tgroup></table><P/><table frame="all" pgwide="1" tabstyle="Ausbildung" tocentry="%yes;"><Title Align="left" Class="S1">Abschnitt B: integrativ zu vermittelnde Fertigkeiten, Kenntnisse und Fähigkeiten</Title><tgroup align="left" char="" charoff="50" cols="5" colsep="1" rowsep="1"><colspec colname="col1" colnum="1" colwidth=".75*"/><colspec colname="col2" colnum="2" colwidth="4.50*"/><colspec colname="col3" colnum="3" colwidth="8.49*"/><colspec colname="col4" colnum="4" colwidth="1.48*"/><colspec colname="col5" colnum="5" colwidth="1.53*"/><thead valign="bottom"><row><entry VJ="1" align="center" colname="col1" morerows="1" valign="middle">Lfd.<BR/> Nr.</entry><entry VJ="1" align="center" colname="col2" morerows="1" valign="middle">Teil des<BR/> Ausbildungsberufsbildes</entry><entry VJ="1" align="center" colname="col3" morerows="1" valign="middle">Zu vermittelnde<BR/> Fertigkeiten, Kenntnisse und Fähigkeiten</entry><entry VJ="1" align="center" nameend="col5" namest="col4" valign="middle">Zeitliche Richtwerte<BR/> in Wochen im</entry></row><row><entry VJ="1" align="center" colname="col4" valign="middle">1. bis 18.<BR/> Monat</entry><entry VJ="1" align="center" colname="col5" valign="middle">19. bis 36.<BR/> Monat</entry></row><row><entry VJ="1" align="center" colname="col1" valign="middle">1</entry><entry VJ="1" align="center" colname="col2" valign="middle">2</entry><entry VJ="1" align="center" colname="col3" valign="middle">3</entry><entry VJ="1" align="center" nameend="col5" namest="col4" valign="middle">4</entry></row></thead><tbody valign="top"><row><entry VJ="1" align="center" colname="col1">1</entry><entry VJ="1" colname="col2">Aufbau und Organisation<BR/> des Ausbildungsbetriebes<BR/> (§ 4 Absatz 3 Nummer 1)</entry><entry VJ="1" align="justify" colname="col3"><DL Font="normal" Type="alpha"><DT>a)</DT><DD Font="normal"><LA Size="normal">Aufbau und Aufgaben des Ausbildungsbetriebes erläutern</LA></DD><DT>b)</DT><DD Font="normal"><LA Size="normal">Grundfunktionen des Ausbildungsbetriebes wie Beschaffung, Vermarktung und Verwaltung erklären</LA></DD><DT>c)</DT><DD Font="normal"><LA Size="normal">Beziehungen des Ausbildungsbetriebes und seiner Beschäftigten zu Wirtschaftsorganisationen, Berufsvertretungen und Gewerkschaften nennen</LA></DD><DT>d)</DT><DD Font="normal"><LA Size="normal">Grundlagen, Aufgabe und Arbeitsweise der betriebsverfassungs- und personalvertretungsrechtlichen Organe des Ausbildungsbetriebes beschreiben</LA></DD></DL></entry><entry VJ="1" align="left" nameend="col5" namest="col4" rowsep="0" valign="bottom"/></row><row rowsep="0"><entry VJ="1" align="center" colname="col1">2</entry><entry VJ="1" colname="col2">Berufsbildung,<BR/> Arbeits- und Tarifrecht<BR/> (§ 4 Absatz 3 Nummer 2)</entry><entry VJ="1" align="justify" colname="col3"><DL Font="normal" Type="alpha"><DT>a)</DT><DD Font="normal"><LA Size="normal">Bedeutung des Ausbildungsvertrages, insbesondere Abschluss, Dauer und Beendigung, erklären</LA></DD><DT>b)</DT><DD Font="normal"><LA Size="normal">gegenseitige Rechte und Pflichten aus dem Ausbildungsvertrag nennen</LA></DD></DL></entry><entry VJ="1" nameend="col5" namest="col4"/></row><row><entry VJ="1" align="center" colname="col1"/><entry VJ="1" colname="col2"/><entry VJ="1" align="justify" colname="col3"><DL Font="normal" Type="alpha"><DT>c)</DT><DD Font="normal"><LA Size="normal">Möglichkeiten der beruflichen Fortbildung nennen</LA></DD><DT>d)</DT><DD Font="normal"><LA Size="normal">wesentliche Teile des Arbeitsvertrages nennen</LA></DD><DT>e)</DT><DD Font="normal"><LA Size="normal">wesentliche Bestimmungen der für den Ausbildungsbetrieb geltenden Tarifverträge nennen</LA></DD></DL></entry><entry VJ="1" nameend="col5" namest="col4" rowsep="0"/></row><row><entry VJ="1" align="center" colname="col1">3</entry><entry VJ="1" colname="col2">Sicherheit und Gesundheitsschutz bei der Arbeit<BR/> (§ 4 Absatz 3 Nummer 3)</entry><entry VJ="1" align="justify" colname="col3"><DL Font="normal" Type="alpha"><DT>a)</DT><DD Font="normal"><LA Size="normal">Gefährdung von Sicherheit und Gesundheit am Arbeitsplatz feststellen und Maßnahmen zur Vermeidung der Gefährdung ergreifen</LA></DD><DT>b)</DT><DD Font="normal"><LA Size="normal">berufsbezogene Arbeitsschutz- und Unfallverhütungsvorschriften anwenden</LA></DD><DT>c)</DT><DD Font="normal"><LA Size="normal">Verhaltensweisen bei Unfällen beschreiben sowie erste Maßnahmen einleiten</LA></DD><DT>d)</DT><DD Font="normal"><LA Size="normal">Vorschriften des vorbeugenden Brandschutzes anwenden sowie Verhaltensweisen bei Bränden beschreiben und Maßnahmen zur Brandbekämpfung ergreifen</LA></DD></DL></entry><entry VJ="1" nameend="col5" namest="col4" rowsep="0">während<BR/> der gesamten<BR/> Ausbildung</entry></row><row><entry VJ="1" align="center" colname="col1">4</entry><entry VJ="1" colname="col2">Umweltschutz<BR/> (§ 4 Absatz 3 Nummer 4)</entry><entry VJ="1" align="justify" colname="col3">Zur Vermeidung betriebsbedingter Umweltbelastungen im beruflichen Einwirkungsbereich beitragen, insbesondere <DL Font="normal" Type="alpha"><DT>a)</DT><DD Font="normal"><LA Size="normal">mögliche Umweltbelastungen durch den Ausbildungsbetrieb und seinen Beitrag zum Umweltschutz an Beispielen erklären</LA></DD><DT>b)</DT><DD Font="normal"><LA Size="normal">für den Ausbildungsbetrieb geltende Regelungen des Umweltschutzes anwenden</LA></DD><DT>c)</DT><DD Font="normal"><LA Size="normal">Möglichkeiten der wirtschaftlichen und umweltschonenden Energie- und Materialverwendung nutzen</LA></DD><DT>d)</DT><DD Font="normal"><LA Size="normal">Abfälle vermeiden und Stoffe und Materialien einer umweltschonenden Entsorgung zuführen</LA></DD></DL></entry><entry VJ="1" nameend="col5" namest="col4"/></row><row><entry VJ="1" align="center" colname="col1">5</entry><entry VJ="1" colname="col2">Information, Kommunikation und Teamarbeit<BR/> (§ 4 Absatz 3 Nummer 5)</entry><entry VJ="1" align="justify" colname="col3"><DL Font="normal" Type="alpha"><DT>a)</DT><DD Font="normal"><LA Size="normal">Informationen in deutscher und englischer Sprache beschaffen, auswerten und aufbereiten, insbesondere aus Dokumentationen, Handbüchern, Fachberichten, Firmenunterlagen und Datenbanken</LA></DD><DT>b)</DT><DD Font="normal"><LA Size="normal">schriftliche Kommunikation auch unter Verwendung englischer Fachbegriffe durchführen</LA></DD><DT>c)</DT><DD Font="normal"><LA Size="normal">Gespräche situationsgerecht und zielorientiert führen</LA></DD><DT>d)</DT><DD Font="normal"><LA Size="normal">Aufgaben und Entscheidungen im Team planen und abstimmen, dabei kulturelle Identitäten berücksichtigen</LA></DD><DT>e)</DT><DD Font="normal"><LA Size="normal">Übergabeprozesse abstimmen</LA></DD></DL></entry><entry VJ="1" align="center" colname="col4" valign="middle">4</entry><entry VJ="1" align="center" colname="col5" valign="middle"/></row><row><entry VJ="1" align="center" colname="col1">6</entry><entry VJ="1" colname="col2">Erstellen und Anwenden technischer Unterlagen<BR/> (§ 4 Absatz 3 Nummer 6)</entry><entry VJ="1" align="justify" colname="col3"><DL Font="normal" Type="alpha"><DT>a)</DT><DD Font="normal"><LA Size="normal">Betriebs- und Gebrauchsanleitungen, Montage- und Wartungspläne, technische Zeichnungen, Fließbilder und Schaltungsunterlagen in deutscher und englischer Sprache anwenden</LA></DD><DT>b)</DT><DD Font="normal"><LA Size="normal">Skizzen erstellen</LA></DD></DL></entry><entry VJ="1" align="center" colname="col4" valign="middle">4</entry><entry VJ="1" align="center" colname="col5" valign="middle"/></row><row><entry VJ="1" align="center" colname="col1">7</entry><entry VJ="1" colname="col2">Kommunikations-<BR/> und Informationssysteme<BR/> (§ 4 Absatz 3 Nummer 7)</entry><entry VJ="1" align="justify" colname="col3"><DL Font="normal" Type="alpha"><DT>a)</DT><DD Font="normal"><LA Size="normal">feuerwehr- und betriebsspezifische Kommunikations- und Informationssysteme einsetzen</LA></DD><DT>b)</DT><DD Font="normal"><LA Size="normal">Standardsoftware und arbeitsplatzspezifische Software anwenden</LA></DD><DT>c)</DT><DD Font="normal"><LA Size="normal">Regeln zum Datenschutz und zur Datensicherheit anwenden</LA></DD></DL></entry><entry VJ="1" align="center" colname="col4" valign="middle"/><entry VJ="1" align="center" colname="col5" valign="middle">5</entry></row><row><entry VJ="1" align="center" colname="col1">8</entry><entry VJ="1" colname="col2">Arbeitsorganisation<BR/> (§ 4 Absatz 3 Nummer 8)</entry><entry VJ="1" align="justify" colname="col3"><DL Font="normal" Type="alpha"><DT>a)</DT><DD Font="normal"><LA Size="normal">Auftragsunterlagen sowie technische Durchführbarkeit von Aufträgen prüfen und mit den betrieblichen Möglichkeiten abstimmen</LA></DD><DT>b)</DT><DD Font="normal"><LA Size="normal">Arbeitsabläufe planen, Arbeitsschritte festlegen und Abwicklungszeiten einschätzen</LA></DD><DT>c)</DT><DD Font="normal"><LA Size="normal">Materialien, Verschleißteile, Werkzeuge und Betriebsmittel für den Arbeitsablauf feststellen, auswählen und bereitstellen</LA></DD><DT>d)</DT><DD Font="normal"><LA Size="normal">Lösungsvarianten entwickeln und bewerten, Lösungen erproben und optimieren</LA></DD><DT>e)</DT><DD Font="normal"><LA Size="normal">Lösungen implementieren und organisatorisch absichern</LA></DD></DL></entry><entry VJ="1" align="center" colname="col4" valign="middle">6</entry><entry VJ="1" align="center" colname="col5" valign="middle"/></row><row><entry VJ="1" align="center" colname="col1">9</entry><entry VJ="1" colname="col2">Elektrotechnische Arbeiten<BR/> für den Feuerwehreinsatz<BR/> (§ 4 Absatz 3 Nummer 9)</entry><entry VJ="1" align="justify" colname="col3"><DL Font="normal" Type="alpha"><DT>a)</DT><DD Font="normal"><LA Size="normal">berufsfeldspezifische Sicherheitsregeln anwenden, Gefährdungen erkennen und Maßnahmen zur Beseitigung ergreifen</LA></DD><DT>b)</DT><DD Font="normal"><LA Size="normal">Leitungswege unter Beachtung der örtlichen Gegebenheiten und der technischen Regeln erkennen und Gefährdungen beurteilen</LA></DD><DT>c)</DT><DD Font="normal"><LA Size="normal">Leitungen für Gebäudeinstallationen unter Beachtung der mechanischen und elektrischen Belastung und des Verwendungszwecks auswählen</LA></DD><DT>d)</DT><DD Font="normal"><LA Size="normal">Leitungen verlegen sowie elektrische Verbindungen, insbesondere durch Löten, Schrauben, Stecken und Klemmen, herstellen</LA></DD><DT>e)</DT><DD Font="normal"><LA Size="normal">Schalter und Steckvorrichtungen für Gebäudeinstallationen auswählen und installieren sowie Funktionsfähigkeit und Sicherheit überprüfen</LA></DD><DT>f)</DT><DD Font="normal"><LA Size="normal">Betriebsmittel für Haupt- und Hilfsstromkreise nach technischen Regeln auswählen sowie in Betrieb und außer Betrieb nehmen</LA></DD><DT>g)</DT><DD Font="normal"><LA Size="normal">elektrische Energieversorgung in Bezug auf Funktion, Spannung, Widerstand, Stromstärke und Phasenfolge sowie Schutzmaßnahmen überprüfen</LA></DD><DT>h)</DT><DD Font="normal"><LA Size="normal">Fehler an elektrischen Antrieben, Baugruppen und Geräten erkennen und Maßnahmen zur Beseitigung ergreifen</LA></DD><DT>i)</DT><DD Font="normal"><LA Size="normal">Grundschaltungen von Dreh- und Wechselstrommotoren unterscheiden und Aggregate einsetzen</LA></DD><DT>j)</DT><DD Font="normal"><LA Size="normal">Leuchten und Lampen nach Funktionsart und Einsatzzweck auswählen und einsetzen</LA></DD><DT>k)</DT><DD Font="normal"><LA Size="normal">Lampenschaltungen unterscheiden und herstellen</LA></DD></DL></entry><entry VJ="1" align="center" colname="col4" valign="middle">16</entry><entry VJ="1" align="center" colname="col5" valign="middle"/></row><row rowsep="0"><entry VJ="1" align="center" colname="col1">10</entry><entry VJ="1" colname="col2">Metall-, sanitär-, heizungs- und klimatechnische Arbeiten für den Feuerwehreinsatz<BR/> (§ 4 Absatz 3 Nummer 10)</entry><entry VJ="1" align="justify" colname="col3"><DL Font="normal" Type="alpha"><DT>a)</DT><DD Font="normal"><LA Size="normal">berufsfeldspezifische Sicherheitsregeln anwenden, Gefährdungen erkennen und Maßnahmen zur Beseitigung der Gefährdung ergreifen</LA></DD><DT>b)</DT><DD Font="normal"><LA Size="normal">Maße erfassen, übertragen und anreißen</LA></DD><DT>c)</DT><DD Font="normal"><LA Size="normal">metrische Gewinde und Rohrgewinde herstellen</LA></DD><DT>d)</DT><DD Font="normal"><LA Size="normal">Metalle durch Biegen und Kanten umformen</LA></DD><DT>e)</DT><DD Font="normal"><LA Size="normal">Injektorbrenner handhaben und Flammeneinstellung vornehmen</LA></DD><DT>f)</DT><DD Font="normal"><LA Size="normal">Rohre trennen, umformen und verbinden</LA></DD><DT>g)</DT><DD Font="normal"><LA Size="normal">Löcher in Metalle, in Stein und in Beton bohren</LA></DD><DT>h)</DT><DD Font="normal"><LA Size="normal">Metalle thermisch und mechanisch trennen</LA></DD></DL></entry><entry VJ="1" align="center" colname="col4" valign="middle">18</entry><entry VJ="1" align="center" colname="col5" valign="middle"/></row><row><entry VJ="1" align="center" colname="col1" rowsep="0"/><entry VJ="1" colname="col2" rowsep="0"/><entry VJ="1" align="justify" colname="col3"><DL Font="normal" Indent="5" Type="alpha"><DT>i)</DT><DD Font="normal"><LA Size="normal">Metalle durch Schrauben, Nieten, Schweißen und Hart- und Weichlöten verbinden</LA></DD><DT>j)</DT><DD Font="normal"><LA Size="normal">hydraulische und pneumatische Geräte handhaben</LA></DD></DL></entry><entry VJ="1" align="center" colname="col4" valign="middle"/><entry VJ="1" align="center" colname="col5" valign="middle"/></row><row><entry VJ="1" colname="col1"/><entry VJ="1" colname="col2"/><entry VJ="1" align="justify" colname="col3"><DL Font="normal" Indent="5" Type="alpha"><DT>k)</DT><DD Font="normal"><LA Size="normal">Bauteile und Baugruppen von Wasserversorgungsanlagen und Wasserentsorgungsanlagen montieren und demontieren</LA></DD><DT>l)</DT><DD Font="normal"><LA Size="normal">Heizungs- und Lüftungsleitungen absperren und abdichten</LA></DD><DT>m)</DT><DD Font="normal"><LA Size="normal">Heizungs- und Lüftungsleitungen montieren und demontieren</LA></DD><DT>n)</DT><DD Font="normal"><LA Size="normal">Heizungs- und Klimaanlagen außer Betrieb nehmen</LA></DD><DT>o)</DT><DD Font="normal"><LA Size="normal">Feuerungsanlagen außer Betrieb nehmen</LA></DD><DT>p)</DT><DD Font="normal"><LA Size="normal">Ver- und Entsorgungsleitungen in Feuerungsanlagen absperren und abdichten</LA></DD><DT>q)</DT><DD Font="normal"><LA Size="normal">Anlagenteile und Behälter von Förder- und Transportsystemen abdichten und absperren</LA></DD><DT>r)</DT><DD Font="normal"><LA Size="normal">Anlagenteile montieren und demontieren</LA></DD></DL></entry><entry VJ="1" align="center" colname="col4" valign="middle">14</entry><entry VJ="1" align="center" colname="col5" valign="middle"/></row><row><entry VJ="1" align="center" colname="col1">11</entry><entry VJ="1" colname="col2">Holzbauarbeiten für<BR/> den Feuerwehreinsatz<BR/> (§ 4 Absatz 3 Nummer 11)</entry><entry VJ="1" align="justify" colname="col3"><DL Font="normal" Indent="5" Type="alpha"><DT>a)</DT><DD Font="normal"><LA Size="normal">berufsfeldspezifische Sicherheitsregeln anwenden, Gefährdungen erkennen und Maßnahmen zur Beseitigung ergreifen</LA></DD><DT>b)</DT><DD Font="normal"><LA Size="normal">Holz, insbesondere durch Sägen, Stemmen, Hobeln, Raspeln, Schleifen und Bohren, bearbeiten und Holzverbindungen herstellen</LA></DD><DT>c)</DT><DD Font="normal"><LA Size="normal">Baustoffe auswählen, überprüfen und lagern</LA></DD><DT>d)</DT><DD Font="normal"><LA Size="normal">Dach-, Wand- und Deckenkonstruktionen herstellen</LA></DD><DT>e)</DT><DD Font="normal"><LA Size="normal">Maßnahmen zur Stabilisierung durchführen und Holzbauteile einbauen</LA></DD><DT>f)</DT><DD Font="normal"><LA Size="normal">Dämmstoffe ein- und ausbauen</LA></DD></DL></entry><entry VJ="1" align="center" colname="col4" valign="middle">16</entry><entry VJ="1" align="center" colname="col5" valign="middle"/></row></tbody></tgroup></table></Content></text></textdaten></norm>
</dokumente>