<?xml version="1.0" encoding="UTF-8" ?><!DOCTYPE dokumente SYSTEM "http://www.gesetze-im-internet.de/dtd/1.01/gii-norm.dtd">
<dokumente builddate="20120625151453" doknr="BJNR213860964"><norm builddate="20120625151453" doknr="BJNR213860964"><metadaten><jurabk>EuRHiÜbk</jurabk><ausfertigung-datum manuell="ja">1959-04-20</ausfertigung-datum><fundstelle typ="amtlich"><periodikum>BGBl II</periodikum><zitstelle>1964, 1386</zitstelle></fundstelle><langue>Europäische Übereinkommen über die Rechtshilfe in Strafsachen</langue></metadaten><textdaten><text format="decorated"/><fussnoten><Content><P>G v. 3.11.1964 II 1369 <BR/>Inkraft gem. Bek. v. 8.11.1976 II 1799 mWv 1.1.1977</P></Content></fussnoten></textdaten></norm>
</dokumente>