<?xml version="1.0" encoding="UTF-8" ?><!DOCTYPE dokumente SYSTEM "http://www.gesetze-im-internet.de/dtd/1.01/gii-norm.dtd">
<dokumente builddate="20120625152751" doknr="BJNR130220008"><norm builddate="20120625152751" doknr="BJNR130220008"><metadaten><jurabk>AssoziierungsAbkEG/ALBG</jurabk><ausfertigung-datum manuell="ja">2008-11-26</ausfertigung-datum><fundstelle typ="amtlich"><periodikum>BGBl II</periodikum><zitstelle>2008, 1302</zitstelle></fundstelle><langue>Gesetz zu dem Stabilisierungs- und Assoziierungsabkommen zwischen den Europäischen Gemeinschaften und ihren Mitgliedstaaten einerseits und der Republik Albanien andererseits</langue></metadaten><textdaten><fussnoten><Content><P>Abkommen in Kraft gem. Bek. v. 22.4.2009 II 573 mWv 1.4.2009</P></Content></fussnoten></textdaten></norm>
</dokumente>