<?xml version="1.0" encoding="UTF-8" ?><!DOCTYPE dokumente SYSTEM "http://www.gesetze-im-internet.de/dtd/1.01/gii-norm.dtd">
<dokumente builddate="20140127141627" doknr="BJNR077000008"><norm builddate="20140127141627" doknr="BJNR077000008"><metadaten><jurabk>Münz10EuroBek 2008-04-24</jurabk><ausfertigung-datum manuell="ja">2008-04-24</ausfertigung-datum><fundstelle typ="amtlich"><periodikum>BGBl I</periodikum><zitstelle>2008, 770</zitstelle></fundstelle><langue>Bekanntmachung über die Ausprägung von deutschen Euro-Gedenkmünzen im Nennwert von 10 Euro (Gedenkmünze „125. Geburtstag Franz Kafka“)</langue></metadaten><textdaten><fussnoten><Content><P><BR/> <pre xml:space="preserve">(+++ Textnachweis ab: 30.4.2008 +++)<BR/><BR/></pre></P></Content></fussnoten></textdaten></norm>
<norm builddate="20140127141627" doknr="BJNR077000008BJNE000100000"><metadaten><jurabk>Münz10EuroBek 2008-04-24</jurabk><enbez>(XXXX)</enbez></metadaten><textdaten><text format="XML"><Content><P>Gemäß den §§ 2, 4 und 5 des Münzgesetzes vom 16. Dezember 1999 (BGBl. I S. 2402) hat die Bundesregierung beschlossen, aus Anlass des 125. Geburtstages von Franz Kafka eine deutsche Euro-Gedenkmünze im Nennwert von 10 Euro prägen zu lassen. Die Auflage der Münze beträgt 1.760.000 Stück, darunter maximal 260.000 Stück in Spiegelglanzausführung. Die Prägung erfolgt durch die Staatlichen Münzen Baden-Württemberg, Prägestätte Karlsruhe.</P><P>Die Münze wird ab dem 10. Juli 2008 in den Verkehr gebracht. Sie besteht aus einer Legierung von 925 Tausendteilen Silber und 75 Tausendteilen Kupfer, hat einen Durchmesser von 32,5 Millimetern und eine Masse von 18 Gramm. Das Gepräge auf beiden Seiten ist erhaben und wird von einem schützenden, glatten Randstab umgeben.</P><P>Die Bildseite ist senkrecht in zwei Teile aufgeteilt. Der rechte Teil zeigt das Porträt Kafkas in ein Textgeflecht eingesenkt. Zugleich ragen seine Gesichtszüge aus dem Text heraus und treten dem Betrachter entgegen. Diese Doppeldeutigkeit thematisiert in gelungener Form das gerade auch für Kafka wichtige, gespannte Verhältnis des Autors zu seinen Texten. Der linke Teil zeigt auf dem Münzgrund den Veitsdom, nicht nur als ein Kennzeichen Prags und als Schauplatz in Kafkas „Prozess“, sondern ebenso als Andeutung des historisch-kulturellen Hintergrunds der Lebensgeschichte von Kafka.</P><P>Die Wertseite zeigt einen Adler, den Schriftzug „BUNDESREPUBLIK DEUTSCHLAND“, die zwölf Europa-Sterne, die Wertziffer mit der Euro-Bezeichnung sowie die Jahreszahl 2008 und das Münzzeichen „G“ der Staatlichen Münzen Baden-Württemberg, Prägestätte Karlsruhe.</P><P>Der glatte Münzrand enthält in vertiefter Prägung die Inschrift:</P><P>„EIN KÄFIG GING EINEN VOGEL SUCHEN <F>•</F>“.</P><P>Dieser berühmte Satz Kafkas ist eine Anspielung auf die tschechische Bedeutung seines Namens (kavka = Dohle).</P><P>Der Entwurf der Münze stammt von Herrn Frantisek Chochola, Hamburg.</P></Content></text></textdaten></norm>
<norm builddate="20140127141627" doknr="BJNR077000008BJNE000200000"><metadaten><jurabk>Münz10EuroBek 2008-04-24</jurabk><enbez>Schlussformel</enbez></metadaten><textdaten><text format="XML"><Content><P><SP>Der Bundesminister der Finanzen</SP></P></Content></text></textdaten></norm>
<norm builddate="20140127141627" doknr="BJNR077000008BJNE000300000"><metadaten><jurabk>Münz10EuroBek 2008-04-24</jurabk><enbez>(XXXX)</enbez></metadaten><textdaten><text format="XML"><Content><kommentar typ="Fundstelle">( Fundstelle: BGBl. I 2008, 770 )</kommentar><BR/><table frame="none" tocentry="%yes;"><tgroup align="left" char="" charoff="50" cols="2"><colspec colname="col1" colnum="1" colwidth="1*"/><colspec colname="col2" colnum="2" colwidth="1*"/><tbody valign="top"><row><entry VJ="1" align="center" colname="col1" colsep="0" valign="top"><IMG Height="620" Pos="inline" SRC="bgbl1_2008_j0770-1_0010.jpg" Type="TIF" Units="200" alt=""/></entry><entry VJ="1" align="center" colname="col2" colsep="0" valign="top"><IMG Height="619" Pos="inline" SRC="bgbl1_2008_j0770-1_0020.jpg" Type="TIF" Units="200" alt=""/></entry></row></tbody></tgroup></table></Content></text></textdaten></norm>
</dokumente>