<?xml version="1.0" encoding="UTF-8" ?><!DOCTYPE dokumente SYSTEM "http://www.gesetze-im-internet.de/dtd/1.01/gii-norm.dtd">
<dokumente builddate="20240820214509" doknr="BJNR030500022"><norm builddate="20240820214509" doknr="BJNR030500022"><metadaten><jurabk>PMeriteSaÄndErl 2022</jurabk><ausfertigung-datum manuell="ja">2022-01-31</ausfertigung-datum><fundstelle typ="amtlich"><periodikum>BGBl I</periodikum><zitstelle>2022, 305</zitstelle></fundstelle><langue>Erlass über die Genehmigung von Änderungen der Satzung des Ordens Pour le mérite für Wissenschaften und Künste</langue></metadaten><textdaten><fussnoten><Content><P><BR/> <pre xml:space="preserve">(+++ Textnachweis ab: 8.3.2022 +++)<BR/><BR/></pre></P></Content></fussnoten></textdaten></norm>
<norm builddate="20240820214509" doknr="BJNR030500022BJNE000100000"><metadaten><jurabk>PMeriteSaÄndErl 2022</jurabk><enbez>(XXXX)</enbez></metadaten><textdaten><text format="XML"><Content><P>Das Ordenskapitel des Ordens Pour le mérite für Wissenschaften und Künste hat am 26. September 2021 folgende Änderungen der Satzung des Ordens beschlossen: <DL Font="normal" Type="Dash"><DT>–</DT><DD Font="normal"><LA Size="normal">§ 2 Absatz 3 wird um folgende Formulierung ergänzt:</LA><LA Size="normal">„Mitglieder, welche das 90. Lebensjahr vollendet haben, werden in die Zahl der Mitglieder nicht eingerechnet; sie behalten ihre vollen Rechte.“</LA></DD><DT>–</DT><DD Font="normal"><LA Size="normal">§ 4 Absatz 2 ist neu:</LA><LA Size="normal">„(2) Sitzungen sind in der Regel physische Zusammenkünfte. Die Teilnahme per elektronischer Kommunikation wie Telefon- oder Videokonferenzen ist zulässig.“</LA></DD><DT>–</DT><DD Font="normal"><LA Size="normal">§ 6 Absatz 4 wird neu gefasst:</LA><LA Size="normal">„ (4) Eine Wahl kann nur stattfinden, wenn sich mindestens die Hälfte der inländischen Mitglieder des Kapitels an ihr beteiligt.“</LA></DD></DL></P><P>Nach Artikel 6 Absatz 1 des Erlasses über die Genehmigung der Stiftung und Verleihung von Orden und Ehrenzeichen und über die Anerkennung als Ehrenzeichen vom 4. Juli 1958 (BGBl. I S. 422) genehmige ich die Satzungsänderungen.</P><P>Die Neufassung der Satzung wird vom Bundesministerium des Innern und für Heimat im Bundesanzeiger veröffentlicht.</P></Content></text></textdaten></norm>
<norm builddate="20240820214509" doknr="BJNR030500022BJNE000200000"><metadaten><jurabk>PMeriteSaÄndErl 2022</jurabk><enbez>Schlussformel</enbez></metadaten><textdaten><text format="XML"><Content><P><SP>Der Bundespräsident</SP></P></Content></text></textdaten></norm>
</dokumente>