<?xml version="1.0" encoding="UTF-8" ?><!DOCTYPE dokumente SYSTEM "http://www.gesetze-im-internet.de/dtd/1.01/gii-norm.dtd">
<dokumente builddate="20120625155035" doknr="BJNR068400002"><norm builddate="20120625155035" doknr="BJNR068400002"><metadaten><jurabk>AABG</jurabk><amtabk>AABG</amtabk><ausfertigung-datum manuell="ja">2002-02-15</ausfertigung-datum><fundstelle typ="amtlich"><periodikum>BGBl I</periodikum><zitstelle>2002, 684</zitstelle></fundstelle><kurzue>Arzneimittelausgaben-Begrenzungsgesetz</kurzue><langue>Gesetz zur Begrenzung der Arzneimittelausgaben der gesetzlichen
Krankenversicherung</langue></metadaten><textdaten><text format="XML"><Content><P/></Content></text><fussnoten><Content><P><BR/> <pre xml:space="preserve">(+++ Textnachweis ab: 23. 2.2002 +++)<BR/><BR/></pre></P></Content></fussnoten></textdaten></norm>
<norm builddate="20120625155035" doknr="BJNR068400002BJNE000100305"><metadaten><jurabk>AABG</jurabk><enbez>Art 1</enbez></metadaten><textdaten><text format="XML"><Content><P>-</P></Content></text><fussnoten/></textdaten></norm>
<norm builddate="20120625155035" doknr="BJNR068400002BJNE000200305"><metadaten><jurabk>AABG</jurabk><enbez>Art 2</enbez></metadaten><textdaten><text format="XML"><Content><P>Der Bundesverband der Betriebskrankenkassen verteilt den Betrag, den er von forschenden Arzneimittelherstellern für die Krankenkassen als Solidarbeitrag erhält, zuzüglich der Zinsen, entsprechend dem jeweiligen prozentualen Anteil an den Arzneimittelausgaben des Jahres 2001 nach den Rechnungsergebnissen der gesetzlichen Krankenversicherung (Vordruck KJ 1, Kontengruppe 43) unter den Spitzenverbänden der Krankenkassen. Die Spitzenverbände der Krankenkassen verteilen den jeweiligen Betrag entsprechend dem in Satz 1 genannten Anteil an die Krankenkassen ihrer Kassenart.</P></Content></text></textdaten></norm>
<norm builddate="20120625155035" doknr="BJNR068400002BJNE000300305"><metadaten><jurabk>AABG</jurabk><enbez>Art 3</enbez></metadaten><textdaten><text format="XML"><Content><P>-</P></Content></text><fussnoten/></textdaten></norm>
<norm builddate="20120625155035" doknr="BJNR068400002BJNE000400305"><metadaten><jurabk>AABG</jurabk><enbez>Art 4</enbez><titel format="parat">Inkrafttreten</titel></metadaten><textdaten><text format="XML"><Content><P>(1) Das Gesetz tritt am Tag nach der Verkündung in Kraft.</P><P>(2)</P></Content> </text><fussnoten/></textdaten></norm>
</dokumente>