<?xml version="1.0" encoding="UTF-8" ?><!DOCTYPE dokumente SYSTEM "http://www.gesetze-im-internet.de/dtd/1.01/gii-norm.dtd">
<dokumente builddate="20190904212002" doknr="BJNR112600019"><norm builddate="20190904212002" doknr="BJNR112600019"><metadaten><jurabk>GGArt91cÄndVtr1G</jurabk><ausfertigung-datum manuell="ja">2019-08-04</ausfertigung-datum><fundstelle typ="amtlich"><periodikum>BGBl I</periodikum><zitstelle>2019, 1126</zitstelle></fundstelle><langue>Gesetz zum Ersten IT-Änderungsstaatsvertrag</langue></metadaten><textdaten><fussnoten><Content><P><BR/> <pre xml:space="preserve">(+++ Textnachweis ab: 9.8.2019 +++)<BR/><BR/></pre></P></Content></fussnoten></textdaten></norm>
<norm builddate="20190904212002" doknr="BJNR112600019BJNE000100000"><metadaten><jurabk>GGArt91cÄndVtr1G</jurabk><enbez>Art 1</enbez></metadaten><textdaten><text format="XML"><Content><P>(1) Dem Ersten Staatsvertrag zur Änderung des Vertrags über die Errichtung des IT-Planungsrats und über die Grundlagen der Zusammenarbeit beim Einsatz der Informationstechnologie in den Verwaltungen von Bund und Ländern – Vertrag zur Ausführung von Artikel 91c GG (Erster IT-Änderungsstaatsvertrag) zwischen der Bundesrepublik Deutschland, dem Land Baden-Württemberg, dem Freistaat Bayern, dem Land Berlin, dem Land Brandenburg, der Freien Hansestadt Bremen, der Freien und Hansestadt Hamburg, dem Land Hessen, dem Land Mecklenburg-Vorpommern, dem Land Niedersachsen, dem Land Nordrhein-Westfalen, dem Land Rheinland-Pfalz, dem Saarland, dem Freistaat Sachsen, dem Land Sachsen-Anhalt, dem Land Schleswig-Holstein und dem Freistaat Thüringen wird zugestimmt.</P><P>(2) Der Erste IT-Änderungsstaatsvertrag wird nachstehend veröffentlicht.</P></Content></text></textdaten></norm>
<norm builddate="20190904212002" doknr="BJNR112600019BJNE000200000"><metadaten><jurabk>GGArt91cÄndVtr1G</jurabk><enbez>Art 2</enbez></metadaten><textdaten><text format="XML"><Content><P>(1) Dieses Gesetz tritt am Tag nach der Verkündung in Kraft.</P><P>(2) Das Bundesministerium des Innern, für Bau und Heimat gibt den Tag, an dem die Vorschriften des Ersten IT-Änderungsstaatsvertrags nach seinem Artikel 3 Absatz 1 Satz 1 in Kraft treten, im Bundesgesetzblatt bekannt. Gleiches gilt für den Fall, dass der Erste IT-Änderungsstaatsvertrag nach seinem Artikel 3 Absatz 1 Satz 2 gegenstandslos wird oder nach § 12 Absatz 2 des IT-Staatsvertrags außer Kraft tritt.</P></Content></text></textdaten></norm>
</dokumente>