<?xml version="1.0" encoding="UTF-8" ?><!DOCTYPE dokumente SYSTEM "http://www.gesetze-im-internet.de/dtd/1.01/gii-norm.dtd">
<dokumente builddate="20221020213512" doknr="BJNR010680990"><norm builddate="20221020213512" doknr="BJNR010680990"><metadaten><jurabk>AVorbASchrBek</jurabk><ausfertigung-datum manuell="ja">1990-06-12</ausfertigung-datum><fundstelle typ="amtlich"><periodikum>BGBl I</periodikum><zitstelle>1990, 1068</zitstelle></fundstelle><langue>Bekanntmachung des Schreibens der Drei Mächte vom 8. Juni 1990 zur
Aufhebung ihrer Vorbehalte insbesondere in dem Genehmigungsschreiben zum
Grundgesetz vom 12. Mai 1949 in bezug auf die Direktwahl der Berliner Vertreter
zum Bundestag und ihr volles Stimmrecht im Bundestag und im Bundesrat</langue></metadaten><textdaten><text format="XML"><Content><P/></Content></text><fussnoten><Content><P>(+++ Textnachweis ab: 20. 6.1990 +++)</P></Content></fussnoten></textdaten></norm>
<norm builddate="20221020213512" doknr="BJNR010680990BJNE000100328"><metadaten><jurabk>AVorbASchrBek</jurabk><enbez>(XXXX)</enbez></metadaten><textdaten><text format="XML"><Content><P>Die Botschafter der Französischen Republik, des Vereinigten Königreichs von Großbritannien und Nordirland und der Vereinigten Staaten von Amerika haben mit Schreiben vom 8. Juni 1990, das der Botschafter Frankreichs mit gleichem Datum dem Bundeskanzler übersandt hat, ihre Vorbehalte insbesondere in dem Genehmigungsschreiben zum Grundgesetz vom 12. Mai 1949 in bezug auf die Direktwahl der Berliner Vertreter zum Bundestag und ihr volles Stimmrecht im Bundestag und im Bundesrat aufgehoben.<BR/>Das Schreiben wird nachstehend veröffentlicht.<BR/><BR/><SP>Der Bundesminister des Innern</SP><BR/><BR/>(Übersetzung) <BR/>Bonn, den 8. Juni 1990 <BR/>Sehr geehrter Herr Bundeskanzler, <BR/>wir möchten Ihnen mitteilen, daß die Drei Westmächte im Lichte der jüngsten Entwicklungen in Deutschland und in der internationalen Lage bestimmte Aspekte ihrer Vorbehalte zum Grundgesetz einer erneuten Prüfung unterzogen haben.<BR/>Die Vorbehalte der Drei Westmächte in bezug auf die Direktwahl der Berliner Vertreter zum Bundestag und das volle Stimmrecht der Vertreter Berlins im Bundestag und im Bundesrat, die insbesondere im Genehmigungsschreiben vom 12. Mai 1949 zum Grundgesetz angesprochen sind, werden hiermit aufgehoben.<BR/>Die Haltung der Alliierten, &quot;daß die Bindungen zwischen den Westsektoren Berlins und der Bundesrepublik Deutschland aufrechterhalten und entwickelt werden, wobei sie berücksichtigen, daß diese Sektoren wie bisher kein Bestandteil (konstitutiver Teil) der Bundesrepublik Deutschland sind und auch weiterhin nicht von ihr regiert werden&quot;, bleibt unverändert.<BR/>Wir bitten Sie, Herr Bundeskanzler, die Versicherung unserer ausgezeichnetsten Hochachtung zu genehmigen.<BR/><DL Font="normal" Type="arabic"><DT/><DD Font="normal"><LA Size="normal"><DL Font="normal" Type="arabic"><DT/><DD Font="normal"><LA Size="normal">Für die Regierung der Französischen Republik<DL Font="normal" Type="arabic"><DT/><DD Font="normal"><LA Size="normal"><DL Font="normal" Type="arabic"><DT/><DD Font="normal"><LA Size="normal">Serge Boidevaix</LA></DD></DL></LA></DD></DL></LA><LA Size="normal">Für die Regierung des Vereinigten Königreichs<DL Font="normal" Type="arabic"><DT/><DD Font="normal"><LA Size="normal">von Großbritannien und Nordirland<DL Font="normal" Type="arabic"><DT/><DD Font="normal"><LA Size="normal">Sir Christopher Mallaby</LA></DD></DL></LA></DD></DL></LA></DD></DL></LA></DD></DL>Für die Regierung der Vereinigten Staaten von Amerika <DL Font="normal" Type="arabic"><DT/><DD Font="normal"><LA Size="normal"><DL Font="normal" Type="arabic"><DT/><DD Font="normal"><LA Size="normal"><DL Font="normal" Type="arabic"><DT/><DD Font="normal"><LA Size="normal"><DL Font="normal" Type="arabic"><DT/><DD Font="normal"><LA Size="normal">Vernon A. Walters</LA></DD></DL></LA></DD></DL></LA></DD></DL></LA></DD></DL>Seiner Exzellenz <BR/>Dr. Helmut Kohl <BR/>Bundeskanzler der Bundesrepublik Deutschland <BR/><BR/>Bonn, le 8 juin 1990 <BR/>Monsieur le Chancelier, <BR/>Nous souhaitons vous faire savoir que les trois Puissances occidentales ont reexamine certains aspects de leurs reserves a l'egard de la loi fondamentale, a la lumiere des recentes evolutions intervenues en Allemagne et dans la situation internationale.<BR/>Les reserves des trois Puissances occidentales, concernant les elections directes au Bundestag et le plein droit de vote des representants de Berlin au Bundestag et au Bundesrat, visees en particulier dans la lettre du 12 mai 1949 approuvant la loi fondamentale, sont desormais levees.<BR/>La position des Allies, selon laquelle &quot;les liens entre les secteurs occidentaux de Berlin et la Republique federale d'Allemagne seront maintenus et developpes, compte tenu de ce que ces secteurs continuent de ne pas etre un element constitutif de la Republique federale d'Allemagne et de n'etre pas gouvernes par elle&quot;, demeure inchangee.<BR/>Nous vous prions d'agreer, Monsieur le Chancelier, les assurances de notre tres haute consideration.<DL Font="normal" Type="arabic"><DT/><DD Font="normal"><LA Size="normal"><DL Font="normal" Type="arabic"><DT/><DD Font="normal"><LA Size="normal">Pur le gouvernement de la Republique Francaise:<DL Font="normal" Type="arabic"><DT/><DD Font="normal"><LA Size="normal"><DL Font="normal" Type="arabic"><DT/><DD Font="normal"><LA Size="normal">Serge Boidevaix</LA></DD></DL></LA></DD></DL></LA><LA Size="normal">Pour le gouvernement du Royaume Uni</LA><LA Size="normal">de Grande-Bretagne et d'Irlande du Nord:<DL Font="normal" Type="arabic"><DT/><DD Font="normal"><LA Size="normal"><DL Font="normal" Type="arabic"><DT/><DD Font="normal"><LA Size="normal">Sir Christopher Mallaby</LA></DD></DL></LA></DD></DL></LA></DD></DL></LA></DD></DL>Pour le gouvernement des Etats-Unis d'Amerique: <DL Font="normal" Type="arabic"><DT/><DD Font="normal"><LA Size="normal"><DL Font="normal" Type="arabic"><DT/><DD Font="normal"><LA Size="normal"><DL Font="normal" Type="arabic"><DT/><DD Font="normal"><LA Size="normal"><DL Font="normal" Type="arabic"><DT/><DD Font="normal"><LA Size="normal">Vernon A. Walters</LA></DD></DL></LA></DD></DL></LA></DD></DL></LA></DD></DL>Son Excellence <BR/>Dr. Helmut Kohl <BR/>Chancelier de la Republique federale d'Allemagne</P></Content></text></textdaten></norm>
</dokumente>