<?xml version="1.0" encoding="UTF-8" ?><!DOCTYPE dokumente SYSTEM "http://www.gesetze-im-internet.de/dtd/1.01/gii-norm.dtd">
<dokumente builddate="20150907220210" doknr="BJNR390800994"><norm builddate="20150907220210" doknr="BJNR390800994"><metadaten><jurabk>TreuhLÜV</jurabk><amtabk>TreuhLÜV</amtabk><ausfertigung-datum manuell="ja">1994-12-20</ausfertigung-datum><fundstelle typ="amtlich"><periodikum>BGBl I</periodikum><zitstelle>1994, 3908</zitstelle></fundstelle><kurzue>Treuhandliegenschaftsübertragungsverordnung</kurzue><langue>Verordnung zur Übertragung von liegenschaftsbezogenen Aufgaben und
Liegenschaftsgesellschaften der Treuhandanstalt</langue><standangabe checked="ja"><standtyp>Stand</standtyp><standkommentar>Zuletzt geändert durch Art. 591 V v. 31.8.2015 I 1474</standkommentar></standangabe></metadaten><textdaten><fussnoten><Content><P><BR/> <pre xml:space="preserve">(+++ Textnachweis ab: 29.12.1994 +++)<BR/><BR/></pre></P></Content></fussnoten></textdaten></norm>
<norm builddate="20150907220210" doknr="BJNR390800994BJNE000100000"><metadaten><jurabk>TreuhLÜV</jurabk><enbez>Eingangsformel</enbez></metadaten><textdaten><text format="XML"><Content><P>Auf Grund des § 23a Abs. 1 und 2 des Treuhandgesetzes, der durch Artikel 1 Nr. 9 des Gesetzes vom 9. August 1994 (BGBl. I S. 2062) eingefügt worden ist, verordnet die Bundesregierung:</P></Content></text></textdaten></norm>
<norm builddate="20150907220210" doknr="BJNR390800994BJNE000204377"><metadaten><jurabk>TreuhLÜV</jurabk><enbez>§ 1</enbez><titel format="XML">Übertragung von Aufgaben</titel></metadaten><textdaten><text format="XML"><Content><P>(1) Die der Treuhandanstalt auf Grund des Treuhandgesetzes und des Artikels 25 des Einigungsvertrages zugewiesenen liegenschaftsbezogenen Aufgaben werden mit Wirkung vom 31. Dezember 1994 auf das Bundesministerium der Finanzen übertragen, das sie im Einvernehmen mit dem Bundesministerium für Wirtschaft und Energie und dem jeweils zuständigen Bundesministerium wahrnimmt.</P><P>(2) Von der Aufgabenübertragung nach Absatz 1 ausgenommen sind <DL Font="normal" Type="arabic"><DT>1.</DT><DD Font="normal"><LA Size="normal">die Aufgaben in bezug auf das in der Dritten Durchführungsverordnung zum Treuhandgesetz vom 29. August 1990 (GBl. I Nr. 57 S. 1333) bestimmte Vermögen, soweit dieses nicht am 31. Dezember 1994 Gewerbe-, Wohn- oder anders als durch Kleingartenanlagen Erholungszwecken dient,</LA></DD><DT>2.</DT><DD Font="normal"><LA Size="normal">die Wahrnehmung der Rechte und Pflichten aus Verträgen über den Verkauf von Grundstücken, die zum Zeitpunkt der Aufgabenübertragung noch nicht vollständig abgewickelt sind, sowie</LA></DD><DT>3.</DT><DD Font="normal"><LA Size="normal">die Wahrnehmung der Rechte und Pflichten aus Verwaltungsvereinbarungen mit den in Artikel 1 Abs. 1 des Einigungsvertrages genannten Ländern oder dem Land Berlin zur Komplementärfinanzierung von Maßnahmen zur Beseitigung von ökologischen Altlasten und von Maßnahmen zur Verbesserung der Umwelt im Rahmen des § 249h des Arbeitsförderungsgesetzes.</LA></DD></DL></P></Content></text><fussnoten/></textdaten></norm>
<norm builddate="20150907220210" doknr="BJNR390800994BJNE000301307"><metadaten><jurabk>TreuhLÜV</jurabk><enbez>§ 2</enbez><titel format="parat">Übertragung von Unternehmensbeteiligungen</titel></metadaten><textdaten><text format="XML"><Content><P>(1) Die Geschäftsanteile der Treuhandanstalt an der im Handelsregister des Amtsgerichts Berlin-Charlottenburg unter HRB 36064 eingetragenen Liegenschaftsgesellschaft der Treuhandanstalt mbH mit Sitz in Berlin werden mit Wirkung vom 31. Dezember 1994 auf den Bund übertragen.</P><P>(2) Die Geschäftsanteile der Treuhandanstalt an den in der Anlage 1 bezeichneten Gesellschaften werden mit Wirkung vom 1. Januar 1995 auf die Liegenschaftsgesellschaft der Treuhandanstalt mbH übertragen.</P><P>(3) Die Aktien und Geschäftsanteile der Bundesanstalt für vereinigungsbedingte Sonderaufgaben an den in Anlage 2 bezeichneten Gesellschaften werden mit Wirkung vom 1. Juli 1996 auf die TLG Treuhand Liegenschaftsgesellschaft mbH übertragen.</P></Content>  </text><fussnoten/></textdaten></norm>
<norm builddate="20150907220210" doknr="BJNR390800994BJNE000400000"><metadaten><jurabk>TreuhLÜV</jurabk><enbez>§ 3</enbez><titel format="parat">Inkrafttreten</titel></metadaten><textdaten><text format="XML"><Content><P>Diese Verordnung tritt am Tage nach der Verkündung in Kraft.</P></Content></text></textdaten></norm>
<norm builddate="20150907220210" doknr="BJNR390800994BJNE000501307"><metadaten><jurabk>TreuhLÜV</jurabk><enbez>Anlage 1</enbez><titel format="parat">(zu § 2 Abs. 2)</titel></metadaten><textdaten><text format="XML"><Content><P><ABWFORMAT typ="A"/><kommentar typ="Fundstelle">Fundstelle des Originaltextes: BGBl. I 1994, 3909;<BR/>bzgl. der einzelnen Änderungen vgl. Fußnote</kommentar> <BR/> <BR/><table frame="topbot" tocentry="%yes;">
	<tgroup align="left" char="" charoff="50" cols="4" colsep="1" rowsep="1">
		<colspec colname="col1" colnum="1" colwidth="40*"/>
		<colspec colname="col2" colnum="2" colwidth="20*"/>
		<colspec colname="col3" colnum="3" colwidth="25*"/>
		<colspec colname="col4" colnum="4" colwidth="25*"/>
		<thead valign="bottom">
			<row>
				<entry VJ="1" align="left" colsep="0" valign="top">Firma</entry>
				<entry VJ="1" align="left" colsep="0" valign="top">Sitz</entry>
				<entry VJ="1" align="left" colsep="0" valign="top">Handelsregister-Nummer</entry>
				<entry VJ="1" align="left" colsep="0" valign="top">Amtsgericht</entry>
			</row>
		</thead>
		<tbody valign="top">
			<row>
				<entry VJ="1" align="left" colsep="0" valign="top">Gewerbepark Grimma Immobilien GmbH</entry>
				<entry VJ="1" align="left" colsep="0" valign="bottom">Grimma</entry>
				<entry VJ="1" align="left" colsep="0" valign="bottom">HRB 9889</entry>
				<entry VJ="1" align="left" colsep="0" valign="bottom">Leipzig</entry>
			</row>
			<row>
				<entry VJ="1" align="left" colsep="0" valign="top">Glasring Thüringen AG</entry>
				<entry VJ="1" align="left" colsep="0" valign="bottom">Ilmenau</entry>
				<entry VJ="1" align="left" colsep="0" valign="bottom">HRB  150</entry>
				<entry VJ="1" align="left" colsep="0" valign="bottom">Suhl</entry>
			</row>
			<row>
				<entry VJ="1" align="left" colsep="0" valign="top">Grundstücks- und Gebäudeverwertungsgesellschaft mbH</entry>
				<entry VJ="1" align="left" colsep="0" valign="bottom">Suhl</entry>
				<entry VJ="1" align="left" colsep="0" valign="bottom">HRB  473</entry>
				<entry VJ="1" align="left" colsep="0" valign="bottom">Meiningen</entry>
			</row>
			<row>
				<entry VJ="1" align="left" colsep="0" valign="top">Grundstücksverwaltungsgesellschaft Markendorf mbH</entry>
				<entry VJ="1" align="left" colsep="0" valign="bottom">Frankfurt/ Oder</entry>
				<entry VJ="1" align="left" colsep="0" valign="bottom">HRB 2619</entry>
				<entry VJ="1" align="left" colsep="0" valign="bottom">Frankfurt/Oder</entry>
			</row>
			<row>
				<entry VJ="1" align="left" colsep="0" valign="top">Immobiliengesellschaft Kiremun mbH</entry>
				<entry VJ="1" align="left" colsep="0" valign="bottom">Chemnitz</entry>
				<entry VJ="1" align="left" colsep="0" valign="bottom">HRB 1267</entry>
				<entry VJ="1" align="left" colsep="0" valign="bottom">Chemnitz</entry>
			</row>
			<row>
				<entry VJ="1" align="left" colsep="0" valign="top">JUS Immobilien GmbH</entry>
				<entry VJ="1" align="left" colsep="0" valign="bottom">Suhl</entry>
				<entry VJ="1" align="left" colsep="0" valign="bottom">HRB 2190</entry>
				<entry VJ="1" align="left" colsep="0" valign="bottom">Meiningen</entry>
			</row>
			<row>
				<entry VJ="1" align="left" colsep="0" valign="top">Lausitzer Braunkohle Wohnungsgesellschaft mbH</entry>
				<entry VJ="1" align="left" colsep="0" valign="bottom">Senftenberg</entry>
				<entry VJ="1" align="left" colsep="0" valign="bottom">HRB 1981</entry>
				<entry VJ="1" align="left" colsep="0" valign="bottom">Cottbus</entry>
			</row>
			<row>
				<entry VJ="1" align="left" colsep="0" valign="top">Markendorf Verwaltungsgesellschaft mbH</entry>
				<entry VJ="1" align="left" colsep="0" valign="bottom">Frankfurt/ Oder</entry>
				<entry VJ="1" align="left" colsep="0" valign="bottom">HRB  133</entry>
				<entry VJ="1" align="left" colsep="0" valign="bottom">Frankfurt/Oder</entry>
			</row>
			<row>
				<entry VJ="1" align="left" colsep="0" valign="top">Montan Wohnungsgesellschaft mbH</entry>
				<entry VJ="1" align="left" colsep="0" valign="bottom">Rötha</entry>
				<entry VJ="1" align="left" colsep="0" valign="bottom">HRB 5695</entry>
				<entry VJ="1" align="left" colsep="0" valign="bottom">Leipzig</entry>
			</row>
			<row>
				<entry VJ="1" align="left" colsep="0" valign="top">Service Berlin-Markgrafendamm GmbH</entry>
				<entry VJ="1" align="left" colsep="0" valign="bottom">Berlin</entry>
				<entry VJ="1" align="left" colsep="0" valign="bottom">HRB 37006</entry>
				<entry VJ="1" align="left" colsep="0" valign="bottom">Berlin-Charlottenburg</entry>
			</row>
		</tbody>
	</tgroup>
</table> </P></Content></text><fussnoten/></textdaten></norm>
<norm builddate="20150907220210" doknr="BJNR390800994BJNE000600307"><metadaten><jurabk>TreuhLÜV</jurabk><enbez>Anlage 2</enbez><titel format="parat">(zu § 2 Abs. 3)</titel></metadaten><textdaten><text format="XML"><Content><P><ABWFORMAT typ="A"/><kommentar typ="Fundstelle">Fundstelle des Originaltextes: BGBl. I 1996, 889</kommentar> <BR/> <BR/><table frame="topbot" tocentry="%yes;">
	<tgroup align="left" char="" charoff="50" cols="4" colsep="1" rowsep="1">
		<colspec colname="col1" colnum="1" colwidth="40*"/>
		<colspec colname="col2" colnum="2" colwidth="20*"/>
		<colspec colname="col3" colnum="3" colwidth="25*"/>
		<colspec colname="col4" colnum="4" colwidth="25*"/>
		<thead valign="bottom">
			<row>
				<entry VJ="1" align="left" colsep="0" valign="top">Firma</entry>
				<entry VJ="1" align="left" colsep="0" valign="top">Sitz</entry>
				<entry VJ="1" align="left" colsep="0" valign="top">Handelsregister Nummer</entry>
				<entry VJ="1" align="left" colsep="0" valign="top">Amtsgericht</entry>
			</row>
		</thead>
		<tbody valign="top">
			<row>
				<entry VJ="1" align="left" colsep="0" valign="top">Elektro-Physikalische Werke Aktiengesellschaft</entry>
				<entry VJ="1" align="left" colsep="0" valign="top">Neuruppin</entry>
				<entry VJ="1" align="left" colsep="0" valign="top">HRB 36</entry>
				<entry VJ="1" align="left" colsep="0" valign="top">Neuruppin</entry>
			</row>
			<row>
				<entry VJ="1" align="left" colsep="0" valign="top">Elektroinstallation Verwaltungsgesellschaft mbH</entry>
				<entry VJ="1" align="left" colsep="0" valign="top">Sondershausen</entry>
				<entry VJ="1" align="left" colsep="0" valign="top">HRB 114</entry>
				<entry VJ="1" align="left" colsep="0" valign="top">Mühlhausen</entry>
			</row>
			<row>
				<entry VJ="1" align="left" colsep="0" valign="top">Fryensteiner Chaussee Immobilienverwaltungsgesellschaft mbH</entry>
				<entry VJ="1" align="left" colsep="0" valign="top">Pritzwalk</entry>
				<entry VJ="1" align="left" colsep="0" valign="top">HRB 26</entry>
				<entry VJ="1" align="left" colsep="0" valign="top">Neuruppin</entry>
			</row>
			<row>
				<entry VJ="1" align="left" colsep="0" valign="top">GeoPark Verwaltungsgesellschaft m.b.H. Freiberg/Sa.</entry>
				<entry VJ="1" align="left" colsep="0" valign="top">Freiberg</entry>
				<entry VJ="1" align="left" colsep="0" valign="top">HRB 9032</entry>
				<entry VJ="1" align="left" colsep="0" valign="top">Chemnitz</entry>
			</row>
			<row>
				<entry VJ="1" align="left" colsep="0" valign="top">Gut Tierproduktion GmbH Satzkorn</entry>
				<entry VJ="1" align="left" colsep="0" valign="top">Satzkorn</entry>
				<entry VJ="1" align="left" colsep="0" valign="top">HRB 6543</entry>
				<entry VJ="1" align="left" colsep="0" valign="top">Potsdam</entry>
			</row>
			<row>
				<entry VJ="1" align="left" colsep="0" valign="top">Interim-Immobilien Verwertungsgesellschaft mbH</entry>
				<entry VJ="1" align="left" colsep="0" valign="top">Rostock</entry>
				<entry VJ="1" align="left" colsep="0" valign="top">HRB 4324</entry>
				<entry VJ="1" align="left" colsep="0" valign="top">Rostock</entry>
			</row>
			<row>
				<entry VJ="1" align="left" colsep="0" valign="top">&quot;LIPSIA&quot; Gesellschaft für Industrie- und Gewerbedienstleistungen mbH</entry>
				<entry VJ="1" align="left" colsep="0" valign="top">Köthen</entry>
				<entry VJ="1" align="left" colsep="0" valign="top">HRB 2154</entry>
				<entry VJ="1" align="left" colsep="0" valign="top">Dessau</entry>
			</row>
			<row>
				<entry VJ="1" align="left" colsep="0" valign="top">Norddeutsches Lederwerk GmbH Neustadt-Glewe</entry>
				<entry VJ="1" align="left" colsep="0" valign="top">Neustadt-Glewe</entry>
				<entry VJ="1" align="left" colsep="0" valign="top">HRB 193</entry>
				<entry VJ="1" align="left" colsep="0" valign="top">Schwerin</entry>
			</row>
			<row>
				<entry VJ="1" align="left" colsep="0" valign="top">Simson Fahrzeug GmbH</entry>
				<entry VJ="1" align="left" colsep="0" valign="top">Suhl</entry>
				<entry VJ="1" align="left" colsep="0" valign="top">HRB 172</entry>
				<entry VJ="1" align="left" colsep="0" valign="top">Meinigen</entry>
			</row>
			<row>
				<entry VJ="1" align="left" colsep="0" valign="top">Staßfurter Immobilienverwertungs- und  Produktionsgesellschaft mbH  </entry>
				<entry VJ="1" align="left" colsep="0" valign="top">Staßfurt</entry>
				<entry VJ="1" align="left" colsep="0" valign="top">HRB 7571</entry>
				<entry VJ="1" align="left" colsep="0" valign="top">Magdeburg</entry>
			</row>
			<row>
				<entry VJ="1" align="left" colsep="0" valign="top">Trabergestüte und Trabrennbahn GmbH</entry>
				<entry VJ="1" align="left" colsep="0" valign="top">Berlin</entry>
				<entry VJ="1" align="left" colsep="0" valign="top">HRB 37179</entry>
				<entry VJ="1" align="left" colsep="0" valign="top">Charlottenburg</entry>
			</row>
			<row>
				<entry VJ="1" align="left" colsep="0" valign="top">Universal-Handelsgesellschaft mbH Magdeburg</entry>
				<entry VJ="1" align="left" colsep="0" valign="top">Magdeburg</entry>
				<entry VJ="1" align="left" colsep="0" valign="top">HRB 440</entry>
				<entry VJ="1" align="left" colsep="0" valign="top">Magdeburg</entry>
			</row>
			<row>
				<entry VJ="1" align="left" colsep="0" valign="top">Vermögensverwaltung INGAN GmbH Ingenieurbetrieb für Industrieanlagen zu Berlin</entry>
				<entry VJ="1" align="left" colsep="0" valign="top">Berlin</entry>
				<entry VJ="1" align="left" colsep="0" valign="top">HRB 34331</entry>
				<entry VJ="1" align="left" colsep="0" valign="top">Charlottenburg</entry>
			</row>
			<row>
				<entry VJ="1" align="left" colsep="0" valign="top">Wirkbau-Textilmaschinen-GmbH</entry>
				<entry VJ="1" align="left" colsep="0" valign="top">Chemnitz</entry>
				<entry VJ="1" align="left" colsep="0" valign="top">HRB 1039</entry>
				<entry VJ="1" align="left" colsep="0" valign="top">Chemnitz</entry>
			</row>
		</tbody>
	</tgroup>
</table> </P></Content></text><fussnoten/></textdaten></norm>
</dokumente>