<?xml version="1.0" encoding="UTF-8" ?><!DOCTYPE dokumente SYSTEM "http://www.gesetze-im-internet.de/dtd/1.01/gii-norm.dtd">
<dokumente builddate="20240604215029" doknr="BJNR1600B0023"><norm builddate="20240604215029" doknr="BJNR1600B0023"><metadaten><jurabk>ZJDVtrÄndVtr 2023</jurabk><ausfertigung-datum manuell="ja">2023-04-25</ausfertigung-datum><fundstelle typ="amtlich"><periodikum>BGBl I</periodikum><zitstelle>2023, Nr. 352, 3</zitstelle></fundstelle><langue>Vertrag zwischen der Bundesrepublik Deutschland, vertreten durch den Bundesminister des Innern, für Bau und Heimat und dem Zentralrat der Juden in Deutschland – Körperschaft des öffentlichen Rechts –, vertreten durch den Präsidenten und die Vizepräsidenten, zur Änderung des Vertrages vom 27. Januar 2003, in der Fassung des Änderungsvertrages vom 30. November 2011 zwischen der Bundesrepublik Deutschland und dem Zentralrat der Juden in Deutschland – Körperschaft des öffentlichen Rechts –</langue></metadaten><textdaten><fussnoten><Content><P><BR/> <pre xml:space="preserve">(+++ Textnachweis ab: 14.12.2023 +++)<BR/> <BR/>G v. 8.12.2023 I Nr. 352<BR/> <BR/>Inkraft gem. Art. 2 Abs. 2 iVm Art. 2 G v. 8.12.2023 I Nr. 352 mWv 14.12.2023</pre></P></Content></fussnoten></textdaten></norm>
<norm builddate="20240604215029" doknr="BJNR1600B0023BJNE000100000"><metadaten><jurabk>ZJDVtrÄndVtr 2023</jurabk><enbez>Art 1</enbez><titel format="XML">Leistungsanpassung</titel></metadaten><textdaten><text format="XML"><Content><P>Artikel 2 Absatz 1 des Vertrages zwischen der Bundesrepublik Deutschland und dem Zentralrat der Juden in Deutschland – Körperschaft des öffentlichen Rechts – vom 27. Januar 2003 (BGBl. I S. 1597), zuletzt geändert durch den Vertrag vom 6. Juli 2018 (BGBl. I S. 2235), wird wie folgt gefasst:</P><P>„(1) Zu den in Artikel 1 genannten Zwecken zahlt die Bundesrepublik Deutschland an den Zentralrat der Juden in Deutschland jährlich einen Betrag von 22 000 000 Euro, beginnend mit dem Haushaltsjahr 2023. Sollte der Vertrag nicht im Jahr des Vertragsabschlusses in Kraft treten, erfolgt eine rückwirkende Zahlung.“</P></Content></text></textdaten></norm>
<norm builddate="20240604215029" doknr="BJNR1600B0023BJNE000200000"><metadaten><jurabk>ZJDVtrÄndVtr 2023</jurabk><enbez>Art 2</enbez><titel format="XML">Zustimmung des Deutschen Bundestages, Inkrafttreten</titel></metadaten><textdaten><text format="XML"><Content><P>(1) Der Vertrag bedarf der Zustimmung des Deutschen Bundestages durch ein Bundesgesetz.</P><P>(2) Er tritt am Tag des Inkrafttretens des Gesetzes, mit dem diesem Vertrag zugestimmt wird, in Kraft.</P></Content></text></textdaten></norm>
<norm builddate="20240604215029" doknr="BJNR1600B0023BJNE000300000"><metadaten><jurabk>ZJDVtrÄndVtr 2023</jurabk><enbez>Schlussformel</enbez></metadaten><textdaten><text format="XML"><Content><P><table frame="none" pgwide="1" tocentry="%yes;"><tgroup align="left" char="" charoff="50" cols="2"><colspec colname="col1" colnum="1" colwidth="0.97*"/><colspec colname="col2" colnum="2" colwidth="1.03*"/><tbody valign="top"><row><entry VJ="1" align="left" colname="col1" colsep="0" rowsep="0"/><entry VJ="1" align="center" colname="col2" rowsep="0"/></row><row><entry VJ="1" align="center" colname="col1" colsep="0">Für die Bundesrepublik Deutschland<BR/><SP>Nancy Faeser</SP><BR/> Bundesministerin<BR/>des Innern und für Heimat</entry><entry VJ="1" align="center" colname="col2">Für den Zentralrat der Juden in Deutschland K.d.ö.R.<BR/> Dr.   <SP>Josef Schuster</SP><BR/> Präsident<BR/><SP>Mark Dainow</SP><BR/> Vizepräsident</entry></row></tbody></tgroup></table></P></Content></text></textdaten></norm>
</dokumente>