<?xml version="1.0" encoding="UTF-8" ?><!DOCTYPE dokumente SYSTEM "http://www.gesetze-im-internet.de/dtd/1.01/gii-norm.dtd">
<dokumente builddate="20160921215509" doknr="BJNR604600006"><norm builddate="20160921215509" doknr="BJNR604600006"><metadaten><jurabk>BlauzungenSchV 2006</jurabk><ausfertigung-datum manuell="ja">2006-08-31</ausfertigung-datum><fundstelle typ="amtlich"><periodikum>eBAnz</periodikum><zitstelle>2006, AT46 V1</zitstelle></fundstelle><kurzue>EG-Blauzungenbekämpfung-Durchführungsverordnung</kurzue><langue>Verordnung zur Durchführung gemeinschaftsrechtlicher und unionsrechtlicher Vorschriften über Maßnahmen zur Bekämpfung, Überwachung und Beobachtung der Blauzungenkrankheit</langue><standangabe checked="ja"><standtyp>Neuf</standtyp><standkommentar>Neugefasst durch Bek. v. 30.6.2015 I 1098;</standkommentar></standangabe><standangabe checked="ja"><standtyp>Stand</standtyp><standkommentar>geändert durch Art. 5 V v. 3.5.2016 I 1057</standkommentar></standangabe><standangabe checked="ja"><standtyp>Sonst</standtyp><standkommentar>Die V tritt gem. § 7 Abs. 1 Satz 2 mit Ablauf des 22.2.2007 außer Kraft, soweit nicht mit Zustimmung des Bundesrates etwas anderes verordnet wird. § 7 (jetzt § 6) Abs. 1 Satz 2 aufgeh. durch Art. 1 Nr. 6 Buchst a DBuchst. bb V v. 20.12.2006 I 3383; dadurch ist die Geltung dieser V über den 22.2.2007 hinaus verlängert worden.</standkommentar></standangabe></metadaten><textdaten><fussnoten><Content><P><BR/> <pre xml:space="preserve">(+++ Textnachweis ab: 1.9.2005 +++)<BR/>(+++ Amtlicher Hinweis des Normgebers auf EG-Recht:<BR/>     Durchführung der<BR/>       EGV 1266/2007 (CELEX Nr: 32007R1266) +++)<BR/><BR/></pre>Überschrift: Bezeichnung idF d. Art. 2 Nr. 1 V v. 21.12.2007 I 3144 mWv 28.12.2007 u. d. Art. 14 V v. 13.12.2011 I 2720 mWv 22.12.2011; <BR/>Kurzbezeichnung eingef. durch Art. 2 Nr. 1 V v. 21.12.2007 I 3144 mWv 28.12.2007</P></Content></fussnoten></textdaten></norm>
<norm builddate="20160921215509" doknr="BJNR604600006BJNE000220360"><metadaten><jurabk>BlauzungenSchV 2006</jurabk><enbez>§ 1</enbez><titel format="XML">Verbringungsverbot zum Schutz gegen die Blauzungenkrankheit</titel></metadaten><textdaten><text format="XML"><Content><P>(1) Das Verbringen empfänglicher Tiere aus einer Sperrzone im Sinne des Artikels 2 Buchstabe d der Verordnung (EG) Nr. 1266/2007 der Kommission vom 26. Oktober 2007 mit Durchführungsvorschriften zur Richtlinie 2000/75/EG des Rates hinsichtlich der Bekämpfung, Überwachung und Beobachtung der Blauzungenkrankheit sowie der Beschränkungen, die für Verbringungen bestimmter Tiere von für die Blauzungenkrankheit empfänglichen Arten gelten (ABl. L 283 vom 27.10.2007, S. 37) in der jeweils geltenden Fassung ist verboten. Das Verbot des Satzes 1 gilt, unbeschadet der Befugnisse der zuständigen Behörden nach Artikel 7 Absatz 1, auch in Verbindung mit Absatz 4, der Verordnung (EG) Nr. 1266/2007 nicht, soweit die Voraussetzungen <DL Type="arabic"><DT>1.</DT><DD Font="normal"><LA>des Artikels 8 Absatz 1 oder 4, jeweils auch in Verbindung mit Absatz 6, oder</LA></DD><DT>2.</DT><DD Font="normal"><LA>des Artikels 9 Absatz 1, auch in Verbindung mit Absatz 2,</LA></DD></DL>der Verordnung (EG) Nr. 1266/2007 vorliegen. Das Verbot des Satzes 1 gilt ferner nicht, soweit empfängliche Tiere <DL Type="arabic"><DT>1.</DT><DD Font="normal"><LA>in <DL Type="alpha"><DT>a)</DT><DD Font="normal"><LA>eine Sperrzone im Sinne des Artikels 2 Buchstabe d der Verordnung (EG) Nr. 1266/2007,</LA></DD><DT>b)</DT><DD Font="normal"><LA>eine Kontrollzone im Sinne des Artikels 8 Absatz 2 Buchstabe b der Richtlinie 2000/75/EG des Rates vom 20. November 2000 mit besonderen Bestimmungen für Maßnahmen zur Bekämpfung und Tilgung der Blauzungenkrankheit (ABl. L 327 vom 22.12.2000, S. 74) in der jeweils geltenden Fassung oder</LA></DD><DT>c)</DT><DD Font="normal"><LA>ein vorläufig freies Gebiet im Sinne des Artikels 7 Absatz 2a Unterabsatz 1 der Verordnung (EG) Nr. 1266/2007</LA></DD></DL>eines anderen Mitgliedstaates verbracht werden und</LA></DD><DT>2.</DT><DD Font="normal"><LA>im Falle <DL Type="alpha"><DT>a)</DT><DD Font="normal"><LA>der Nummer 1 Buchstabe a die Anforderungen des Artikels 7 Absatz 1, auch in Verbindung mit Absatz 4, der Verordnung (EG) Nr. 1266/2007,</LA></DD><DT>b)</DT><DD Font="normal"><LA>der Nummer 1 Buchstabe b die Anforderungen des Artikels 7 Absatz 2, auch in Verbindung mit Absatz 4, der Verordnung (EG) Nr. 1266/2007 oder</LA></DD><DT>c)</DT><DD Font="normal"><LA>der Nummer 1 Buchstabe c die Anforderungen des Artikels 7 Absatz 2a Unterabsatz 4, auch in Verbindung mit Absatz 4, der Verordnung (EG) Nr. 1266/2007</LA></DD></DL>erfüllt sind.</LA></DD></DL></P><P>(2) Das Verbringen von Embryonen, Samen und Eizellen aus einer Sperrzone im Sinne des Artikels 2 Buchstabe d der Verordnung (EG) Nr. 1266/2007 ist verboten. Das Verbot des Satzes 1 gilt nicht, soweit die Voraussetzungen des Artikels 8 Absatz 1, jeweils auch in Verbindung mit Absatz 6, der Verordnung (EG) Nr. 1266/2007 vorliegen.</P></Content></text><fussnoten/></textdaten></norm>
<norm builddate="20160921215509" doknr="BJNR604600006BJNE000311360"><metadaten><jurabk>BlauzungenSchV 2006</jurabk><enbez>§ 2</enbez><titel format="XML">Überwachungsprogramme, Beobachtungsprogramme</titel></metadaten><textdaten><text format="XML"><Content><P>(1) Die Durchführung der Programme <DL Type="arabic"><DT>1.</DT><DD Font="normal"><LA>zur Überwachung und Beobachtung der Blauzungenkrankheit im Sinne des Artikels 4 der Verordnung (EG) Nr. 1266/2007 in Verbindung mit Anhang I Nummer 1 und 2, die auf die Feststellung möglicher Einschleppungen des Virus der Blauzungenkrankheit abzielen,</LA></DD><DT>2.</DT><DD Font="normal"><LA>zur Überwachung und Beobachtung der Blauzungenkrankheit im Sinne des Artikels 4 der Verordnung (EG) Nr. 1266/2007 in Verbindung mit Anhang I Nummer 1 und 3, die darauf ausgerichtet sind, das Fehlen bestimmter Serotypen des Virus der Blauzungenkrankheit nachzuweisen,</LA></DD></DL>obliegt der zuständigen Behörde.</P><P>(2) Die zuständige Behörde unterrichtet das Bundesministerium für Ernährung und Landwirtschaft auf Anforderung über die Ergebnisse der in Absatz 1 genannten Programme.</P></Content></text><fussnoten/></textdaten></norm>
<norm builddate="20160921215509" doknr="BJNR604600006BJNE000413360"><metadaten><jurabk>BlauzungenSchV 2006</jurabk><enbez>§ 3</enbez><titel format="XML">(weggefallen)</titel></metadaten><textdaten><text format="XML"><Content><P/></Content></text><fussnoten/></textdaten></norm>
<norm builddate="20160921215509" doknr="BJNR604600006BJNE000516118"><metadaten><jurabk>BlauzungenSchV 2006</jurabk><enbez>§ 4</enbez><titel format="XML">Impfungen</titel></metadaten><textdaten><text format="XML"><Content><P>(1) Empfängliche Tiere dürfen gegen die Blauzungenkrankheit nur mit Genehmigung der zuständigen Behörde und nur mit inaktivierten Impfstoffen geimpft werden. Die Genehmigung ist unter Berücksichtigung einer Risikobewertung des Friedrich-Loeffler-Institutes zu erteilen.</P><P>(2) Der Tierhalter hat der zuständigen Behörde oder einer von dieser beauftragten Stelle jede Impfung gegen die Blauzungenkrankheit innerhalb von sieben Tagen nach der Durchführung der Impfung unter Angabe <DL Type="arabic"><DT>1.</DT><DD Font="normal"><LA>der Registriernummer seines Betriebes,</LA></DD><DT>2.</DT><DD Font="normal"><LA>des Datums der Impfung und</LA></DD><DT>3.</DT><DD Font="normal"><LA>des verwendeten Impfstoffes</LA></DD></DL>mitzuteilen. Auf Anordnung der zuständigen Behörde hat er zusätzlich die Ohrmarkennummern der nach Satz 1 geimpften Tiere mitzuteilen.</P><P>(3) Die zuständige Behörde kann <DL Type="arabic"><DT>1.</DT><DD Font="normal"><LA>die Impfung empfänglicher Tiere eines Bestandes oder eines bestimmten Gebietes gegen die Blauzungenkrankheit mit einem inaktivierten Impfstoff und</LA></DD><DT>2.</DT><DD Font="normal"><LA>die Mitteilung über eine nach Nummer 1 durchgeführte Impfung und den dabei verwendeten Impfstoff</LA></DD></DL>anordnen, soweit dies aus Gründen der Tierseuchenbekämpfung erforderlich ist.</P></Content></text><fussnoten/></textdaten></norm>
<norm builddate="20160921215509" doknr="BJNR604600006BJNE002103360"><metadaten><jurabk>BlauzungenSchV 2006</jurabk><enbez>§ 4a</enbez><titel format="XML">Wildtieruntersuchung, weitergehende Maßnahmen</titel></metadaten><textdaten><text format="XML"><Content><P>(1) Die zuständige Behörde kann zur Erkennung der Blauzungenkrankheit bei empfänglichen Wildwiederkäuern Untersuchungen anordnen. Im Falle der Anordnung nach Satz 1 haben Jagdausübungsberechtigte <DL Type="arabic"><DT>1.</DT><DD Font="normal"><LA>nach näherer Anweisung der zuständigen Behörde Proben von erlegten Wildwiederkäuern zur Untersuchung auf Blauzungenkrankheit zu entnehmen und der von der zuständigen Behörde bestimmten Untersuchungseinrichtung zuzuleiten und</LA></DD><DT>2.</DT><DD Font="normal"><LA>der zuständigen Behörde das vermehrte Auftreten kranker oder verendeter Wildwiederkäuer unter Angabe des jeweiligen Fundortes mitzuteilen.</LA></DD></DL></P><P>(2) Die Befugnis der zuständigen Behörde, zur Bekämpfung der Blauzungenkrankheit weitergehende Maßnahmen nach § 38 Absatz 11 in Verbindung mit § 6 Absatz 1 Nummer 10 des Tiergesundheitsgesetzes anzuordnen, soweit diese zur Tierseuchenbekämpfung erforderlich sind, bleibt unberührt.</P></Content></text><fussnoten/></textdaten></norm>
<norm builddate="20160921215509" doknr="BJNR604600006BJNE000618118"><metadaten><jurabk>BlauzungenSchV 2006</jurabk><enbez>§ 5</enbez><titel format="XML">Ordnungswidrigkeiten</titel></metadaten><textdaten><text format="XML"><Content><P>Ordnungswidrig im Sinne des § 32 Absatz 2 Nummer 4 Buchstabe a des Tiergesundheitsgesetzes handelt, wer vorsätzlich oder fahrlässig <DL Type="arabic"><DT>1.</DT><DD Font="normal"><LA>entgegen § 1 Absatz 1 Satz 1 ein Tier verbringt,</LA></DD><DT>2.</DT><DD Font="normal"><LA>entgegen § 1 Absatz 2 Satz 1 einen Embryo, Samen oder eine Eizelle verbringt,</LA></DD><DT>3.</DT><DD Font="normal"><LA>entgegen § 4 Absatz 1 Satz 1 ein Tier impft,</LA></DD><DT>4.</DT><DD Font="normal"><LA>einer mit einer Genehmigung nach § 4 Absatz 1 Satz 1 verbundenen vollziehbaren Auflage zuwiderhandelt,</LA></DD><DT>5.</DT><DD Font="normal"><LA>entgegen § 4 Absatz 2 Satz 1 eine Mitteilung nicht, nicht richtig, nicht vollständig oder nicht rechtzeitig macht oder</LA></DD><DT>6.</DT><DD Font="normal"><LA>einer vollziehbaren Anordnung nach § 4 Absatz 2 Satz 2 oder Absatz 3 zuwiderhandelt.</LA></DD></DL></P></Content></text><fussnoten/></textdaten></norm>
<norm builddate="20160921215509" doknr="BJNR604600006BJNE001003360"><metadaten><jurabk>BlauzungenSchV 2006</jurabk><enbez>§ 6</enbez><titel format="XML">(Inkrafttreten, Außerkrafttreten)</titel></metadaten><textdaten><text format="XML"><Content><P/></Content></text><fussnoten/></textdaten></norm>
</dokumente>