<?xml version="1.0" encoding="UTF-8" ?><!DOCTYPE dokumente SYSTEM "http://www.gesetze-im-internet.de/dtd/1.01/gii-norm.dtd">
<dokumente builddate="20210301212503" doknr="BJNR605720021"><norm builddate="20210301212503" doknr="BJNR605720021"><metadaten><jurabk>StVOuaVsAusnV 4</jurabk><amtabk>SchauAusnV</amtabk><ausfertigung-datum manuell="ja">2021-02-19</ausfertigung-datum><fundstelle typ="amtlich"><periodikum>BAnz</periodikum><zitstelle>AT 26.02.2021 V2</zitstelle></fundstelle><kurzue>Schausteller-Ausnahmeverordnung</kurzue><langue>Vierte Verordnung über Ausnahmen von straßenverkehrsrechtlichen Vorschriften</langue></metadaten><textdaten><fussnoten><Content><P><BR/> <pre xml:space="preserve">(+++ Textnachweis ab: 27.2.2021 +++)<BR/><BR/></pre></P></Content></fussnoten></textdaten></norm>
<norm builddate="20210301212503" doknr="BJNR605720021BJNE000100000"><metadaten><jurabk>StVOuaVsAusnV 4</jurabk><jurabk>SchauAusnV</jurabk><enbez>Eingangsformel</enbez></metadaten><textdaten><text format="XML"><Content><P>Auf Grund des § 6 Absatz 1 Nummer 3 erster Halbsatz und Buchstabe d in Verbindung mit Absatz 2a und in Verbindung mit Absatz 3 des Straßenverkehrsgesetzes, von denen Absatz 1 im Satzteil vor Nummer 1 zuletzt durch Artikel 1 Nummer 6 Buchstabe a Doppelbuchstabe aa des Gesetzes vom 28. November 2014 (BGBl. I S. 1802) und Absatz 2a zuletzt durch Artikel 325 Nummer 2 der Verordnung vom 19. Juni 2020 (BGBl. I S. 1328) geändert worden sind, verordnen das Bundesministerium für Verkehr und digitale Infrastruktur und das Bundesministerium für Umwelt, Naturschutz und nukleare Sicherheit nach Anhörung der zuständigen obersten Landesbehörden:</P></Content></text></textdaten></norm>
<norm builddate="20210301212503" doknr="BJNR605720021BJNE000200000"><metadaten><jurabk>StVOuaVsAusnV 4</jurabk><jurabk>SchauAusnV</jurabk><enbez>§ 1</enbez></metadaten><textdaten><text format="XML"><Content><P>(1) Der Inhaber einer Reisegewerbekarte nach § 55 Absatz 1 Nummer 2 der Gewerbeordnung darf Lastkraftwagen mit einer zulässigen Gesamtmasse über 7,5 Tonnen sowie Lastkraftwagen mit Anhänger für die Zwecke seiner Tätigkeit als Schausteller oder nach Schaustellerart abweichend von <DL Type="arabic"><DT>1.</DT><DD Font="normal"><LA>§ 30 Absatz 3 Satz 1 der Straßenverkehrs-Ordnung an Sonntagen und Feiertagen sowie</LA></DD><DT>2.</DT><DD Font="normal"><LA>§ 1 Absatz 1 der Ferienreiseverordnung an Samstagen vom 1. Juli bis einschließlich 31. August eines Jahres auf den in § 1 Absatz 2 und 3 der Ferienreiseverordnung genannten Straßen</LA></DD></DL>führen oder in seinem Auftrag führen lassen.</P><P>(2) Führt der Inhaber einer Reisegewerbekarte nach § 55 Absatz 1 Nummer 2 der Gewerbeordnung ein in Absatz 1 genanntes Fahrzeug selbst, gilt § 60c Absatz 1 Satz 1 der Gewerbeordnung entsprechend. Die Tätigkeit als Schausteller oder nach Schaustellerart muss sich aus der Reisegewerbekarte ergeben.</P><P>(3) Lässt der Inhaber einer Reisegewerbekarte nach § 55 Absatz 1 Nummer 2 der Gewerbeordnung eine andere Person ein in Absatz 1 genanntes Fahrzeug in seinem Auftrag führen, gilt für diese Person Absatz 2 mit der Maßgabe, dass an die Stelle der Reisegewerbekarte eine Zweitschrift oder eine beglaubigte Kopie der Reisegewerbekarte tritt.</P></Content></text></textdaten></norm>
<norm builddate="20210301212503" doknr="BJNR605720021BJNE000300000"><metadaten><jurabk>StVOuaVsAusnV 4</jurabk><jurabk>SchauAusnV</jurabk><enbez>§ 2</enbez></metadaten><textdaten><text format="XML"><Content><P>Diese Verordnung tritt am Tag nach der Verkündung in Kraft.</P></Content></text></textdaten></norm>
</dokumente>