<?xml version="1.0" encoding="UTF-8" ?><!DOCTYPE dokumente SYSTEM "http://www.gesetze-im-internet.de/dtd/1.01/gii-norm.dtd">
<dokumente builddate="20130405132314" doknr="BJNR234610003"><norm builddate="20130405132314" doknr="BJNR234610003"><metadaten><jurabk>WoFlV</jurabk><amtabk>WoFlV</amtabk><ausfertigung-datum manuell="ja">2003-11-25</ausfertigung-datum><fundstelle typ="amtlich"><periodikum>BGBl I</periodikum><zitstelle>2003, 2346</zitstelle></fundstelle><kurzue>Wohnflächenverordnung</kurzue><langue>Verordnung zur Berechnung der Wohnfläche</langue></metadaten><textdaten><text format="XML"><Content><P/></Content></text><fussnoten><Content><P><BR/> <pre xml:space="preserve">(+++ Textnachweis ab:  1. 1.2004 +++)<BR/><BR/></pre>Die V wurde als Artikel 1 d. V v. 25.11.2003 I 2346 von der Bundesregierung und dem Bundesministerium für Familie, Senioren, Frauen und Jugend im Einvernehmen mit dem Bundesministerium für Wirtschaft und Arbeit, dem Bundesministerium für Verkehr, Bau- und Wohnungswesen und dem Bundesministerium für Gesundheit und Soziale Sicherung mit Zustimmung des Bundesrates verordnet. Sie ist gem. Art. 6 der V mWv 1.1.2004 in Kraft getreten.</P></Content></fussnoten></textdaten></norm>
<norm builddate="20130405132314" doknr="BJNR234610003BJNE000100000"><metadaten><jurabk>WoFlV</jurabk><enbez>§ 1</enbez><titel format="parat">Anwendungsbereich, Berechnung der Wohnfläche</titel></metadaten><textdaten><text format="XML"><Content><P>(1) Wird nach dem Wohnraumförderungsgesetz die Wohnfläche berechnet, sind die Vorschriften dieser Verordnung anzuwenden.</P><P>(2) Zur Berechnung der Wohnfläche sind die nach § 2 zur Wohnfläche gehörenden Grundflächen nach § 3 zu ermitteln und nach § 4 auf die Wohnfläche anzurechnen.</P></Content> </text></textdaten></norm>
<norm builddate="20130405132314" doknr="BJNR234610003BJNE000200000"><metadaten><jurabk>WoFlV</jurabk><enbez>§ 2</enbez><titel format="parat">Zur Wohnfläche gehörende Grundflächen</titel></metadaten><textdaten><text format="XML"><Content><P>(1) Die Wohnfläche einer Wohnung umfasst die Grundflächen der Räume, die ausschließlich zu dieser Wohnung gehören. Die Wohnfläche eines Wohnheims umfasst die Grundflächen der Räume, die zur alleinigen und gemeinschaftlichen Nutzung durch die Bewohner bestimmt sind.</P><P>(2) Zur Wohnfläche gehören auch die Grundflächen von <DL Font="normal" Type="arabic"><DT>1.</DT><DD Font="normal"><LA Size="normal">Wintergärten, Schwimmbädern und ähnlichen nach allen Seiten geschlossenen Räumen sowie</LA></DD> <DT>2.</DT><DD Font="normal"><LA Size="normal">Balkonen, Loggien, Dachgärten und Terrassen,</LA></DD> </DL>wenn sie ausschließlich zu der Wohnung oder dem Wohnheim gehören.</P><P>(3) Zur Wohnfläche gehören nicht die Grundflächen folgender Räume: <DL Font="normal" Type="arabic"><DT>1.</DT><DD Font="normal"><LA Size="normal">Zubehörräume, insbesondere:<DL Font="normal" Type="arabic"><DT>a)</DT><DD Font="normal"><LA Size="normal">Kellerräume,</LA></DD> <DT>b)</DT><DD Font="normal"><LA Size="normal">Abstellräume und Kellerersatzräume außerhalb der Wohnung,</LA></DD> <DT>c)</DT><DD Font="normal"><LA Size="normal">Waschküchen,</LA></DD> <DT>d)</DT><DD Font="normal"><LA Size="normal">Bodenräume,</LA></DD> <DT>e)</DT><DD Font="normal"><LA Size="normal">Trockenräume,</LA></DD> <DT>f)</DT><DD Font="normal"><LA Size="normal">Heizungsräume und</LA></DD> <DT>g)</DT><DD Font="normal"><LA Size="normal">Garagen,</LA></DD> </DL></LA></DD> <DT>2.</DT><DD Font="normal"><LA Size="normal">Räume, die nicht den an ihre Nutzung zu stellenden Anforderungen des Bauordnungsrechts der Länder genügen, sowie</LA></DD> <DT>3.</DT><DD Font="normal"><LA Size="normal">Geschäftsräume.</LA></DD> </DL></P></Content>  </text></textdaten></norm>
<norm builddate="20130405132314" doknr="BJNR234610003BJNE000300000"><metadaten><jurabk>WoFlV</jurabk><enbez>§ 3</enbez><titel format="parat">Ermittlung der Grundfläche</titel></metadaten><textdaten><text format="XML"><Content><P>(1) Die Grundfläche ist nach den lichten Maßen zwischen den Bauteilen zu ermitteln; dabei ist von der Vorderkante der Bekleidung der Bauteile auszugehen. Bei fehlenden begrenzenden Bauteilen ist der bauliche Abschluss zu Grunde zu legen.</P><P>(2) Bei der Ermittlung der Grundfläche sind namentlich einzubeziehen die Grundflächen von <DL Font="normal" Type="arabic"><DT>1.</DT><DD Font="normal"><LA Size="normal">Tür- und Fensterbekleidungen sowie Tür- und Fensterumrahmungen,</LA></DD> <DT>2.</DT><DD Font="normal"><LA Size="normal">Fuß-, Sockel- und Schrammleisten,</LA></DD> <DT>3.</DT><DD Font="normal"><LA Size="normal">fest eingebauten Gegenständen, wie z. B. Öfen, Heiz- und Klimageräten, Herden, Bade- oder Duschwannen,</LA></DD> <DT>4.</DT><DD Font="normal"><LA Size="normal">freiliegenden Installationen,</LA></DD> <DT>5.</DT><DD Font="normal"><LA Size="normal">Einbaumöbeln und</LA></DD> <DT>6.</DT><DD Font="normal"><LA Size="normal">nicht ortsgebundenen, versetzbaren Raumteilern.</LA></DD> </DL> </P><P>(3) Bei der Ermittlung der Grundflächen bleiben außer Betracht die Grundflächen von <DL Font="normal" Type="arabic"><DT>1.</DT><DD Font="normal"><LA Size="normal">Schornsteinen, Vormauerungen, Bekleidungen, freistehenden Pfeilern und Säulen, wenn sie eine Höhe von mehr als 1,50 Meter aufweisen und ihre Grundfläche mehr als 0,1 Quadratmeter beträgt,</LA></DD> <DT>2.</DT><DD Font="normal"><LA Size="normal">Treppen mit über drei Steigungen und deren Treppenabsätze,</LA></DD> <DT>3.</DT><DD Font="normal"><LA Size="normal">Türnischen und</LA></DD> <DT>4.</DT><DD Font="normal"><LA Size="normal">Fenster- und offenen Wandnischen, die nicht bis zum Fußboden herunterreichen oder bis zum Fußboden herunterreichen und 0,13 Meter oder weniger tief sind.</LA></DD> </DL> </P><P>(4) Die Grundfläche ist durch Ausmessung im fertig gestellten Wohnraum oder auf Grund einer Bauzeichnung zu ermitteln. Wird die Grundfläche auf Grund einer Bauzeichnung ermittelt, muss diese <DL Font="normal" Type="arabic"><DT>1.</DT><DD Font="normal"><LA Size="normal">für ein Genehmigungs-, Anzeige-, Genehmigungsfreistellungs- oder ähnliches Verfahren nach dem Bauordnungsrecht der Länder gefertigt oder, wenn ein bauordnungsrechtliches Verfahren nicht erforderlich ist, für ein solches geeignet sein und</LA></DD> <DT>2.</DT><DD Font="normal"><LA Size="normal">die Ermittlung der lichten Maße zwischen den Bauteilen im Sinne des Absatzes 1 ermöglichen.</LA></DD> </DL>Ist die Grundfläche nach einer Bauzeichnung ermittelt worden und ist abweichend von dieser Bauzeichnung gebaut worden, ist die Grundfläche durch Ausmessung im fertig gestellten Wohnraum oder auf Grund einer berichtigten Bauzeichnung neu zu ermitteln.</P></Content> </text></textdaten></norm>
<norm builddate="20130405132314" doknr="BJNR234610003BJNE000400000"><metadaten><jurabk>WoFlV</jurabk><enbez>§ 4</enbez><titel format="parat">Anrechnung der Grundflächen</titel></metadaten><textdaten><text format="XML"><Content><P>Die Grundflächen <DL Font="normal" Type="arabic"><DT>1.</DT><DD Font="normal"><LA Size="normal">von Räumen und Raumteilen mit einer lichten Höhe von mindestens zwei Metern sind vollständig,</LA></DD> <DT>2.</DT><DD Font="normal"><LA Size="normal">von Räumen und Raumteilen mit einer lichten Höhe von mindestens einem Meter und weniger als zwei Metern sind zur Hälfte,</LA></DD> <DT>3.</DT><DD Font="normal"><LA Size="normal">von unbeheizbaren Wintergärten, Schwimmbädern und ähnlichen nach allen Seiten geschlossenen Räumen sind zur Hälfte,</LA></DD> <DT>4.</DT><DD Font="normal"><LA Size="normal">von Balkonen, Loggien, Dachgärten und Terrassen sind in der Regel zu einem Viertel, höchstens jedoch zur Hälfte</LA></DD> </DL> </P><P>anzurechnen.</P></Content></text></textdaten></norm>
<norm builddate="20130405132314" doknr="BJNR234610003BJNE000500000"><metadaten><jurabk>WoFlV</jurabk><enbez>§ 5</enbez><titel format="parat">Überleitungsvorschrift</titel></metadaten><textdaten><text format="XML"><Content><P>Ist die Wohnfläche bis zum 31. Dezember 2003 nach der Zweiten Berechnungsverordnung in der Fassung der Bekanntmachung vom 12. Oktober 1990 (BGBl. I S. 2178), zuletzt geändert durch Artikel 3 der Verordnung vom 25. November 2003 (BGBl. I S. 2346), in der jeweils geltenden Fassung berechnet worden, bleibt es bei dieser Berechnung. Soweit in den in Satz 1 genannten Fällen nach dem 31. Dezember 2003 bauliche Änderungen an dem Wohnraum vorgenommen werden, die eine Neuberechnung der Wohnfläche erforderlich machen, sind die Vorschriften dieser Verordnung anzuwenden.</P></Content></text></textdaten></norm>
</dokumente>