<?xml version="1.0" encoding="UTF-8" ?><!DOCTYPE dokumente SYSTEM "http://www.gesetze-im-internet.de/dtd/1.01/gii-norm.dtd">
<dokumente builddate="20210615213153" doknr="BJNR114800015"><norm builddate="20210615213153" doknr="BJNR114800015"><metadaten><jurabk>LederGerbAusbV</jurabk><amtabk>LederGerbAusbV</amtabk><ausfertigung-datum manuell="ja">2015-07-02</ausfertigung-datum><fundstelle typ="amtlich"><periodikum>BGBl I</periodikum><zitstelle>2015, 1148</zitstelle></fundstelle><kurzue>Lederherstellungs- und Gerbereitechnikausbildungsverordnung</kurzue><langue>Verordnung über die Berufsausbildung zur Fachkraft für Lederherstellung und Gerbereitechnik<FnR ID="F790346_01_BJNR114800015"/></langue><standangabe checked="ja"><standtyp>Sonst</standtyp><standkommentar>Ersetzt V 806-21-1-94 v. 13.8.1981 I 838 (GerbAusbV)</standkommentar></standangabe></metadaten><textdaten><text format="XML"><Footnotes><Footnote FnZ="*" Group="column" ID="F790346_01_BJNR114800015" Pos="normal"><noindex>Diese Rechtsverordnung ist eine Ausbildungsordnung im Sinne des § 4 des Berufsbildungsgesetzes und des § 25 der Handwerksordnung. Die Ausbildungsordnung und der damit abgestimmte, von der Ständigen Konferenz der Kultusminister der Länder in der Bundesrepublik Deutschland beschlossene Rahmenlehrplan für die Berufsschule werden demnächst im amtlichen Teil des Bundesanzeigers veröffentlicht.</noindex></Footnote></Footnotes></text><fussnoten><Content><P><BR/> <pre xml:space="preserve">(+++ Textnachweis ab: 1.8.2015 +++)<BR/><BR/></pre></P></Content></fussnoten></textdaten></norm>
<norm builddate="20210615213153" doknr="BJNR114800015BJNE000100000"><metadaten><jurabk>LederGerbAusbV</jurabk><enbez>Eingangsformel</enbez></metadaten><textdaten><text format="XML"><Content><P>Auf Grund des § 4 Absatz 1 des Berufsbildungsgesetzes, der durch Artikel 232 Nummer 1 der Verordnung vom 31. Oktober 2006 (BGBl. I S. 2407) geändert worden ist, sowie auf Grund des § 25 Absatz 1 der Handwerksordnung, der zuletzt durch Artikel 146 der Verordnung vom 31. Oktober 2006 (BGBl. I S. 2407) geändert worden ist, jeweils in Verbindung mit § 1 Absatz 2 des Zuständigkeitsanpassungsgesetzes vom 16. August 2002 (BGBl. I S. 3165) und dem Organisationserlass vom 17. Dezember 2013 (BGBl. I S. 4310), verordnet das Bundesministerium für Wirtschaft und Energie im Einvernehmen mit dem Bundesministerium für Bildung und Forschung:</P></Content></text></textdaten></norm>
<norm builddate="20210615213153" doknr="BJNR114800015BJNE000200000"><metadaten><jurabk>LederGerbAusbV</jurabk><enbez>Inhaltsübersicht</enbez></metadaten><textdaten><text format="XML"><TOC><Title Align="auto" Class="S0">Abschnitt 1<BR/> Gegenstand, Dauer und<BR/> Gliederung der Berufsausbildung</Title><P/><table colsep="0" frame="none" pgwide="1" rowsep="0" tocentry="%yes;"><tgroup align="left" char="" charoff="50" cols="2"><colspec colname="col1" colwidth="12*"/><colspec align="justify" colname="col2" colwidth="68*"/><tbody valign="top"><row><entry VJ="1" colname="col1">§  1</entry><entry VJ="1" colname="col2">Staatliche Anerkennung des Ausbildungsberufes</entry></row><row><entry VJ="1" colname="col1">§  2</entry><entry VJ="1" colname="col2">Dauer der Berufsausbildung</entry></row><row><entry VJ="1" colname="col1">§  3</entry><entry VJ="1" colname="col2">Gegenstand der Berufsausbildung und Ausbildungsrahmenplan</entry></row><row><entry VJ="1" colname="col1">§  4</entry><entry VJ="1" colname="col2">Struktur der Berufsausbildung, Ausbildungsberufsbild</entry></row><row><entry VJ="1" colname="col1">§  5</entry><entry VJ="1" colname="col2">Ausbildungsplan</entry></row><row><entry VJ="1" colname="col1">§  6</entry><entry VJ="1" colname="col2">Schriftlicher Ausbildungsnachweis</entry></row></tbody></tgroup></table><P/><Title Align="auto" Class="S0">Abschnitt 2<BR/> Abschluss- und Gesellenprüfung</Title><P/><table colsep="0" frame="none" pgwide="1" rowsep="0" tocentry="%yes;"><tgroup align="left" char="" charoff="50" cols="2"><colspec colname="col1" colwidth="12*"/><colspec align="justify" colname="col2" colwidth="68*"/><tbody valign="top"><row><entry VJ="1" colname="col1">§  7</entry><entry VJ="1" colname="col2">Ziel, Aufteilung in zwei Teile und Zeitpunkt</entry></row><row><entry VJ="1" colname="col1">§  8</entry><entry VJ="1" colname="col2">Inhalt von Teil 1</entry></row><row><entry VJ="1" colname="col1">§  9</entry><entry VJ="1" colname="col2">Prüfungsbereiche von Teil 1</entry></row><row><entry VJ="1" colname="col1">§ 10</entry><entry VJ="1" colname="col2">Prüfungsbereich Blößenherstellung und Trocknung von Leder</entry></row><row><entry VJ="1" colname="col1">§ 11</entry><entry VJ="1" colname="col2">Prüfungsbereich Technologie der Blößenherstellung und der Gerbung</entry></row><row><entry VJ="1" colname="col1">§ 12</entry><entry VJ="1" colname="col2">Inhalt von Teil 2</entry></row><row><entry VJ="1" colname="col1">§ 13</entry><entry VJ="1" colname="col2">Prüfungsbereiche von Teil 2</entry></row><row><entry VJ="1" colname="col1">§ 14</entry><entry VJ="1" colname="col2">Prüfungsbereich Nasszurichtungs- und Zurichtungsprozesse</entry></row><row><entry VJ="1" colname="col1">§ 15</entry><entry VJ="1" colname="col2">Prüfungsbereich Technologie der Nasszurichtung und Zurichtung</entry></row><row><entry VJ="1" colname="col1">§ 16</entry><entry VJ="1" colname="col2">Prüfungsbereich Wirtschafts- und Sozialkunde</entry></row><row><entry VJ="1" colname="col1">§ 17</entry><entry VJ="1" colname="col2">Gewichtung der Prüfungsbereiche und Anforderungen für das Bestehen der Abschluss- und Gesellenprüfung</entry></row></tbody></tgroup></table><P/><Title Align="auto" Class="S0">Abschnitt 3<BR/> Schlussvorschriften</Title><P/><table colsep="0" frame="none" pgwide="1" rowsep="0" tocentry="%yes;"><tgroup align="left" char="" charoff="50" cols="2"><colspec colname="col1" colwidth="12*"/><colspec align="justify" colname="col2" colwidth="68*"/><tbody valign="top"><row><entry VJ="1" colname="col1">§ 18</entry><entry VJ="1" colname="col2">Bestehende Berufsausbildungsverhältnisse</entry></row><row><entry VJ="1" colname="col1">§ 19</entry><entry VJ="1" colname="col2">Inkrafttreten, Außerkrafttreten</entry></row><row><entry VJ="1" colname="col1">Anlage:</entry><entry VJ="1" colname="col2">Ausbildungsrahmenplan für die Berufsausbildung zur Fachkraft für Lederherstellung und Gerbereitechnik</entry></row></tbody></tgroup></table></TOC></text></textdaten></norm>
<norm builddate="20210615213153" doknr="BJNR114800015BJNG000100000"><metadaten><jurabk>LederGerbAusbV</jurabk><gliederungseinheit><gliederungskennzahl>010</gliederungskennzahl><gliederungsbez>Abschnitt 1</gliederungsbez><gliederungstitel>Gegenstand, Dauer und Gliederung der Berufsausbildung</gliederungstitel></gliederungseinheit></metadaten><textdaten/></norm>
<norm builddate="20210615213153" doknr="BJNR114800015BJNE000300000"><metadaten><jurabk>LederGerbAusbV</jurabk><enbez>§ 1</enbez><titel format="XML">Staatliche Anerkennung des Ausbildungsberufes</titel></metadaten><textdaten><text format="XML"><Content><P>Der Ausbildungsberuf der Fachkraft für Lederherstellung und Gerbereitechnik wird staatlich anerkannt nach <DL Type="arabic"><DT>1.</DT><DD Font="normal"><LA>§ 4 Absatz 1 des Berufsbildungsgesetzes und</LA></DD><DT>2.</DT><DD Font="normal"><LA>§ 25 der Handwerksordnung zur Ausbildung für das Gewerbe nach Anlage B Abschnitt 2 Nummer 40 Gerber der Handwerksordnung.</LA></DD></DL></P></Content></text></textdaten></norm>
<norm builddate="20210615213153" doknr="BJNR114800015BJNE000400000"><metadaten><jurabk>LederGerbAusbV</jurabk><enbez>§ 2</enbez><titel format="XML">Dauer der Berufsausbildung</titel></metadaten><textdaten><text format="XML"><Content><P>Die Berufsausbildung dauert drei Jahre.</P></Content></text></textdaten></norm>
<norm builddate="20210615213153" doknr="BJNR114800015BJNE000500000"><metadaten><jurabk>LederGerbAusbV</jurabk><enbez>§ 3</enbez><titel format="XML">Gegenstand der Berufsausbildung und Ausbildungsrahmenplan</titel></metadaten><textdaten><text format="XML"><Content><P>(1) Gegenstand der Berufsausbildung sind mindestens die im Ausbildungsrahmenplan (Anlage) genannten Fertigkeiten, Kenntnisse und Fähigkeiten. Von der Organisation der Berufsausbildung, wie sie im Ausbildungsrahmenplan vorgegeben ist, darf abgewichen werden, wenn und soweit betriebspraktische Besonderheiten oder Gründe, die in der Person des oder der Auszubildenden liegen, die Abweichung erfordern.</P><P>(2) Die im Ausbildungsrahmenplan genannten Fertigkeiten, Kenntnisse und Fähigkeiten sollen so vermittelt werden, dass die Auszubildenden die berufliche Handlungsfähigkeit nach § 1 Absatz 3 des Berufsbildungsgesetzes erlangen. Die berufliche Handlungsfähigkeit schließt insbesondere selbständiges Planen, Durchführen und Kontrollieren ein.</P></Content></text></textdaten></norm>
<norm builddate="20210615213153" doknr="BJNR114800015BJNE000600000"><metadaten><jurabk>LederGerbAusbV</jurabk><enbez>§ 4</enbez><titel format="XML">Struktur der Berufsausbildung, Ausbildungsberufsbild</titel></metadaten><textdaten><text format="XML"><Content><P>(1) Die Berufsausbildung gliedert sich in: <DL Type="arabic"><DT>1.</DT><DD Font="normal"><LA>berufsprofilgebende Fertigkeiten, Kenntnisse und Fähigkeiten sowie</LA></DD><DT>2.</DT><DD Font="normal"><LA>integrativ zu vermittelnde Fertigkeiten, Kenntnisse und Fähigkeiten.</LA></DD></DL>Die Fertigkeiten, Kenntnisse und Fähigkeiten werden in Berufsbildpositionen als Teil des Ausbildungsberufsbildes gebündelt.</P><P>(2) Die Berufsbildpositionen der berufsprofilgebenden Fertigkeiten, Kenntnisse und Fähigkeiten sind: <DL Type="arabic"><DT>1.</DT><DD Font="normal"><LA>Umgehen mit Rohware,</LA></DD><DT>2.</DT><DD Font="normal"><LA>Herstellen von Blößen und Umgehen mit kollagenen Nebenprodukten,</LA></DD><DT>3.</DT><DD Font="normal"><LA>Anwenden von Gerbverfahren,</LA></DD><DT>4.</DT><DD Font="normal"><LA>Durchführen von Prozessen der Nasszurichtung,</LA></DD><DT>5.</DT><DD Font="normal"><LA>Durchführen von Prozessen der Vorzurichtung,</LA></DD><DT>6.</DT><DD Font="normal"><LA>Durchführen von Prozessen der Zurichtung,</LA></DD><DT>7.</DT><DD Font="normal"><LA>Beurteilen von Fertigleder und</LA></DD><DT>8.</DT><DD Font="normal"><LA>Produkt- und Prozessökologie.</LA></DD></DL></P><P>(3) Die Berufsbildpositionen der integrativ zu vermittelnden Fertigkeiten, Kenntnisse und Fähigkeiten sind: <DL Type="arabic"><DT>1.</DT><DD Font="normal"><LA>Berufsbildung, Arbeits- und Tarifrecht,</LA></DD><DT>2.</DT><DD Font="normal"><LA>Aufbau und Organisation des Ausbildungsbetriebes,</LA></DD><DT>3.</DT><DD Font="normal"><LA>Sicherheit und Gesundheitsschutz bei der Arbeit,</LA></DD><DT>4.</DT><DD Font="normal"><LA>Umweltschutz,</LA></DD><DT>5.</DT><DD Font="normal"><LA>Planen, Vorbereiten und Optimieren von Arbeitsabläufen,</LA></DD><DT>6.</DT><DD Font="normal"><LA>betriebliche und technische Kommunikation, Teamarbeit,</LA></DD><DT>7.</DT><DD Font="normal"><LA>Einrichten, Bedienen und Warten von Arbeitsgeräten, Werkzeugen, Maschinen und Anlagen sowie</LA></DD><DT>8.</DT><DD Font="normal"><LA>Durchführen von qualitätssichernden Maßnahmen.</LA></DD></DL></P></Content></text></textdaten></norm>
<norm builddate="20210615213153" doknr="BJNR114800015BJNE000700000"><metadaten><jurabk>LederGerbAusbV</jurabk><enbez>§ 5</enbez><titel format="XML">Ausbildungsplan</titel></metadaten><textdaten><text format="XML"><Content><P>Die Ausbildenden haben spätestens zu Beginn der Ausbildung auf der Grundlage des Ausbildungsrahmenplans für jeden Auszubildenden und für jede Auszubildende einen Ausbildungsplan zu erstellen.</P></Content></text></textdaten></norm>
<norm builddate="20210615213153" doknr="BJNR114800015BJNE000800000"><metadaten><jurabk>LederGerbAusbV</jurabk><enbez>§ 6</enbez><titel format="XML">Schriftlicher Ausbildungsnachweis</titel></metadaten><textdaten><text format="XML"><Content><P>(1) Die Auszubildenden haben einen schriftlichen Ausbildungsnachweis zu führen. Dazu ist ihnen während der Ausbildungszeit Gelegenheit zu geben.</P><P>(2) Die Ausbildenden haben den Ausbildungsnachweis regelmäßig durchzusehen.</P></Content></text></textdaten></norm>
<norm builddate="20210615213153" doknr="BJNR114800015BJNG000200000"><metadaten><jurabk>LederGerbAusbV</jurabk><gliederungseinheit><gliederungskennzahl>020</gliederungskennzahl><gliederungsbez>Abschnitt 2</gliederungsbez><gliederungstitel>Abschluss- und Gesellenprüfung</gliederungstitel></gliederungseinheit></metadaten><textdaten/></norm>
<norm builddate="20210615213153" doknr="BJNR114800015BJNE000900000"><metadaten><jurabk>LederGerbAusbV</jurabk><enbez>§ 7</enbez><titel format="XML">Ziel, Aufteilung in zwei Teile und Zeitpunkt</titel></metadaten><textdaten><text format="XML"><Content><P>(1) Durch die Abschluss- und Gesellenprüfung ist festzustellen, ob der Prüfling die berufliche Handlungsfähigkeit erworben hat.</P><P>(2) Die Abschluss- und Gesellenprüfung besteht aus den Teilen 1 und 2.</P><P>(3) Teil 1 soll am Ende des zweiten Ausbildungsjahres durchgeführt werden, Teil 2 am Ende der Berufsausbildung.</P></Content></text></textdaten></norm>
<norm builddate="20210615213153" doknr="BJNR114800015BJNE001000000"><metadaten><jurabk>LederGerbAusbV</jurabk><enbez>§ 8</enbez><titel format="XML">Inhalt von Teil 1</titel></metadaten><textdaten><text format="XML"><Content><P>Teil 1 der Abschluss- und Gesellenprüfung erstreckt sich auf <DL Type="arabic"><DT>1.</DT><DD Font="normal"><LA>die im Ausbildungsrahmenplan für die ersten drei Ausbildungshalbjahre genannten Fertigkeiten, Kenntnisse und Fähigkeiten sowie</LA></DD><DT>2.</DT><DD Font="normal"><LA>den im Berufsschulunterricht zu vermittelnden Lehrstoff, soweit er den im Ausbildungsrahmenplan genannten Fertigkeiten, Kenntnissen und Fähigkeiten entspricht.</LA></DD></DL></P></Content></text></textdaten></norm>
<norm builddate="20210615213153" doknr="BJNR114800015BJNE001100000"><metadaten><jurabk>LederGerbAusbV</jurabk><enbez>§ 9</enbez><titel format="XML">Prüfungsbereiche von Teil 1</titel></metadaten><textdaten><text format="XML"><Content><P>Teil 1 der Abschluss- und Gesellenprüfung findet in den folgenden Prüfungsbereichen statt: <DL Type="arabic"><DT>1.</DT><DD Font="normal"><LA>Blößenherstellung und Trocknung von Leder sowie</LA></DD><DT>2.</DT><DD Font="normal"><LA>Technologie der Blößenherstellung und der Gerbung.</LA></DD></DL></P></Content></text></textdaten></norm>
<norm builddate="20210615213153" doknr="BJNR114800015BJNE001200000"><metadaten><jurabk>LederGerbAusbV</jurabk><enbez>§ 10</enbez><titel format="XML">Prüfungsbereich Blößenherstellung und Trocknung von Leder</titel></metadaten><textdaten><text format="XML"><Content><P>(1) Im Prüfungsbereich Blößenherstellung und Trocknung von Leder soll der Prüfling nachweisen, dass er in der Lage ist, <DL Type="arabic"><DT>1.</DT><DD Font="normal"><LA>Rohwaren, Rohwarenschäden und Konservierungsmethoden zu erkennen und zu bewerten,</LA></DD><DT>2.</DT><DD Font="normal"><LA>Blößen durch Entkälken, Beizen und Pickeln auf die Gerbung vorzubereiten sowie Prozesse zu kontrollieren und zu dokumentieren,</LA></DD><DT>3.</DT><DD Font="normal"><LA>Trocknungsverfahren zu unterscheiden und durchzuführen,</LA></DD><DT>4.</DT><DD Font="normal"><LA>Arbeitsschritte zu planen, festzulegen und zu dokumentieren,</LA></DD><DT>5.</DT><DD Font="normal"><LA>technische Unterlagen anzuwenden,</LA></DD><DT>6.</DT><DD Font="normal"><LA>Arbeitsgeräte, Werkzeuge, Maschinen und Anlagen auszuwählen und einzusetzen,</LA></DD><DT>7.</DT><DD Font="normal"><LA>Maßnahmen zur Arbeitsorganisation, zur Sicherheit und zum Gesundheitsschutz bei der Arbeit, zum Umweltschutz, zur Wirtschaftlichkeit und zur Qualitätssicherung anzuwenden und</LA></DD><DT>8.</DT><DD Font="normal"><LA>fachliche Hintergründe aufzuzeigen sowie seine Vorgehensweise bei der Durchführung der Arbeitsaufgabe zu begründen.</LA></DD></DL></P><P>(2) Der Prüfling soll eine Arbeitsaufgabe und zwei Arbeitsproben durchführen. Während der Arbeitsaufgabe wird mit ihm ein situatives Fachgespräch geführt.</P><P>(3) Die Prüfungszeit beträgt insgesamt 145 Minuten. Die Arbeitsaufgabe dauert 100 Minuten, das situative Fachgespräch innerhalb der Arbeitsaufgabe dauert höchstens 10 Minuten und die Arbeitsproben dauern insgesamt 45 Minuten.</P></Content></text></textdaten></norm>
<norm builddate="20210615213153" doknr="BJNR114800015BJNE001300000"><metadaten><jurabk>LederGerbAusbV</jurabk><enbez>§ 11</enbez><titel format="XML">Prüfungsbereich Technologie der Blößenherstellung und der Gerbung</titel></metadaten><textdaten><text format="XML"><Content><P>(1) Im Prüfungsbereich Technologie der Blößenherstellung und der Gerbung soll der Prüfling nachweisen, dass er in der Lage ist, <DL Type="arabic"><DT>1.</DT><DD Font="normal"><LA>den histologischen Aufbau und Eigenschaften von Rohwaren hinsichtlich ihrer Verwendung zu unterscheiden,</LA></DD><DT>2.</DT><DD Font="normal"><LA>Blößen herzustellen und auf die Gerbung vorzubereiten,</LA></DD><DT>3.</DT><DD Font="normal"><LA>Blößen mechanisch zu bearbeiten und mit kollagenen Nebenprodukten umzugehen,</LA></DD><DT>4.</DT><DD Font="normal"><LA>Gerbverfahren und Gerbmittel zu unterscheiden, Gerbverfahren durchzuführen und</LA></DD><DT>5.</DT><DD Font="normal"><LA>prozessbezogene Berechnungen durchzuführen.</LA></DD></DL></P><P>(2) Der Prüfling soll Aufgaben schriftlich bearbeiten.</P><P>(3) Die Prüfungszeit beträgt 105 Minuten.</P></Content></text></textdaten></norm>
<norm builddate="20210615213153" doknr="BJNR114800015BJNE001400000"><metadaten><jurabk>LederGerbAusbV</jurabk><enbez>§ 12</enbez><titel format="XML">Inhalt von Teil 2</titel></metadaten><textdaten><text format="XML"><Content><P>(1) Teil 2 der Abschluss- und Gesellenprüfung erstreckt sich auf <DL Type="arabic"><DT>1.</DT><DD Font="normal"><LA>die im Ausbildungsrahmenplan genannten Fertigkeiten, Kenntnisse und Fähigkeiten sowie</LA></DD><DT>2.</DT><DD Font="normal"><LA>den im Berufsschulunterricht zu vermittelnden Lehrstoff, soweit er den im Ausbildungsrahmenplan genannten Fertigkeiten, Kenntnissen und Fähigkeiten entspricht.</LA></DD></DL></P><P>(2) In Teil 2 der Abschluss- und Gesellenprüfung sollen Fertigkeiten, Kenntnisse und Fähigkeiten, die bereits Gegenstand von Teil 1 der Abschluss- und Gesellenprüfung waren, nur insoweit einbezogen werden, als es für die Feststellung der beruflichen Handlungsfähigkeit erforderlich ist.</P></Content></text></textdaten></norm>
<norm builddate="20210615213153" doknr="BJNR114800015BJNE001500000"><metadaten><jurabk>LederGerbAusbV</jurabk><enbez>§ 13</enbez><titel format="XML">Prüfungsbereiche von Teil 2</titel></metadaten><textdaten><text format="XML"><Content><P>Teil 2 der Abschluss- und Gesellenprüfung findet in folgenden Prüfungsbereichen statt: <DL Type="arabic"><DT>1.</DT><DD Font="normal"><LA>Nasszurichtungs- und Zurichtungsprozesse,</LA></DD><DT>2.</DT><DD Font="normal"><LA>Technologie der Nasszurichtung und Zurichtung sowie</LA></DD><DT>3.</DT><DD Font="normal"><LA>Wirtschafts- und Sozialkunde.</LA></DD></DL></P></Content></text></textdaten></norm>
<norm builddate="20210615213153" doknr="BJNR114800015BJNE001600000"><metadaten><jurabk>LederGerbAusbV</jurabk><enbez>§ 14</enbez><titel format="XML">Prüfungsbereich Nasszurichtungs- und Zurichtungsprozesse</titel></metadaten><textdaten><text format="XML"><Content><P>(1) Im Prüfungsbereich Nasszurichtungs- und Zurichtungsprozesse soll der Prüfling nachweisen, dass er in der Lage ist, <DL Type="arabic"><DT>1.</DT><DD Font="normal"><LA>Prozesse unter Beachtung wirtschaftlicher, technischer und qualitätssichernder Vorgaben umweltgerecht und nachhaltig zu planen, durchzuführen, zu überwachen und zu dokumentieren,</LA></DD><DT>2.</DT><DD Font="normal"><LA>Werkstoffe und Hilfsmittel unter Berücksichtigung gesundheitlicher und ökologischer Anforderungen einzusetzen,</LA></DD><DT>3.</DT><DD Font="normal"><LA>Leder abzuwelken und zu falzen,</LA></DD><DT>4.</DT><DD Font="normal"><LA>Nasszurichtungsprozesse zu unterscheiden, durchzuführen, zu kontrollieren und zu dokumentieren,</LA></DD><DT>5.</DT><DD Font="normal"><LA>Zurichtungsverfahren und Applikationstechniken zu unterscheiden, Maschinen und Anlagen auszuwählen, einzurichten und zu bedienen, Lederoberflächen zuzurichten,</LA></DD><DT>6.</DT><DD Font="normal"><LA>Lederoberflächen mechanisch zu bearbeiten,</LA></DD><DT>7.</DT><DD Font="normal"><LA>Leder haptisch und optisch zu prüfen und zu beurteilen sowie</LA></DD><DT>8.</DT><DD Font="normal"><LA>fachliche Hintergründe aufzuzeigen und seine Vorgehensweise bei der Durchführung der Arbeitsaufgabe zu begründen.</LA></DD></DL></P><P>(2) Der Prüfling soll eine Arbeitsaufgabe und drei Arbeitsproben durchführen. Während der Arbeitsaufgabe wird mit ihm ein situatives Fachgespräch geführt.</P><P>(3) Die Prüfungszeit beträgt insgesamt 290 Minuten. Die Arbeitsaufgabe dauert 200 Minuten, das situative Fachgespräch innerhalb der Arbeitsaufgabe dauert höchstens 15 Minuten und die drei Arbeitsproben dauern insgesamt 90 Minuten.</P></Content></text></textdaten></norm>
<norm builddate="20210615213153" doknr="BJNR114800015BJNE001700000"><metadaten><jurabk>LederGerbAusbV</jurabk><enbez>§ 15</enbez><titel format="XML">Prüfungsbereich Technologie der Nasszurichtung und Zurichtung</titel></metadaten><textdaten><text format="XML"><Content><P>(1) Im Prüfungsbereich Technologie der Nasszurichtung und Zurichtung soll der Prüfling nachweisen, dass er in der Lage ist, <DL Type="arabic"><DT>1.</DT><DD Font="normal"><LA>Maschinen und Anlagen einzusetzen,</LA></DD><DT>2.</DT><DD Font="normal"><LA>prozessbezogene Berechnungen durchzuführen,</LA></DD><DT>3.</DT><DD Font="normal"><LA>Nasszurichtungsprozesse unter Berücksichtigung der Ledereigenschaften durchzuführen,</LA></DD><DT>4.</DT><DD Font="normal"><LA>Zurichtungsverfahren und Applikationstechniken durchzuführen, Hilfsmittel einzusetzen,</LA></DD><DT>5.</DT><DD Font="normal"><LA>chemische Abläufe und Vernetzungsmöglichkeiten zu berücksichtigen,</LA></DD><DT>6.</DT><DD Font="normal"><LA>Lederarten hinsichtlich Eigenschaften und Verwendungsmöglichkeiten zu unterscheiden und</LA></DD><DT>7.</DT><DD Font="normal"><LA>Prozesse unter Beachtung wirtschaftlicher, technischer und qualitätssichernder Vorgaben umweltgerecht und nachhaltig durchzuführen.</LA></DD></DL></P><P>(2) Der Prüfling soll Aufgaben schriftlich bearbeiten.</P><P>(3) Die Prüfungszeit beträgt 135 Minuten.</P></Content></text></textdaten></norm>
<norm builddate="20210615213153" doknr="BJNR114800015BJNE001800000"><metadaten><jurabk>LederGerbAusbV</jurabk><enbez>§ 16</enbez><titel format="XML">Prüfungsbereich Wirtschafts- und Sozialkunde</titel></metadaten><textdaten><text format="XML"><Content><P>(1) Im Prüfungsbereich Wirtschafts- und Sozialkunde soll der Prüfling nachweisen, dass er in der Lage ist, allgemeine wirtschaftliche und gesellschaftliche Zusammenhänge der Berufs- und Arbeitswelt darzustellen und zu beurteilen.</P><P>(2) Die Prüfungsaufgaben müssen praxisbezogen sein. Der Prüfling soll die Aufgaben schriftlich bearbeiten.</P><P>(3) Die Prüfungszeit beträgt 60 Minuten.</P></Content></text></textdaten></norm>
<norm builddate="20210615213153" doknr="BJNR114800015BJNE001900000"><metadaten><jurabk>LederGerbAusbV</jurabk><enbez>§ 17</enbez><titel format="XML">Gewichtung der Prüfungsbereiche und Anforderungen für das Bestehen der Abschluss- und Gesellenprüfung</titel></metadaten><textdaten><text format="XML"><Content><P>(1) Die Bewertungen der einzelnen Prüfungsbereiche sind wie folgt zu gewichten: <table colsep="0" frame="none" pgwide="0" rowsep="0" tocentry="%yes;"><tgroup align="left" char="" charoff="50" cols="3"><colspec colname="col1" colwidth="4*"/><colspec align="justify" colname="col2" colwidth="52*"/><colspec align="right" colname="col3" colwidth="24*"/><tbody valign="top"><row><entry VJ="1" colname="col1">1.</entry><entry VJ="1" colname="col2">Blößenherstellung und Trocknung von Leder</entry><entry VJ="1" colname="col3"><BR/> mit 20 Prozent,</entry></row><row><entry VJ="1" colname="col1">2.</entry><entry VJ="1" colname="col2">Technologie der Blößenherstellung und der Gerbung</entry><entry VJ="1" colname="col3"><BR/> mit 15 Prozent,</entry></row><row><entry VJ="1" colname="col1">3.</entry><entry VJ="1" colname="col2">Nasszurichtungs- und Zurichtungsprozesse</entry><entry VJ="1" colname="col3"><BR/> mit 30 Prozent,</entry></row><row><entry VJ="1" colname="col1">4.</entry><entry VJ="1" colname="col2">Technologie der Nasszurichtung und Zurichtung</entry><entry VJ="1" colname="col3"><BR/> mit 25 Prozent,</entry></row><row><entry VJ="1" colname="col1">5.</entry><entry VJ="1" colname="col2">Wirtschafts- und Sozialkunde</entry><entry VJ="1" colname="col3">mit 10 Prozent.</entry></row></tbody></tgroup></table></P><P>(2) Die Abschluss- und Gesellenprüfung ist bestanden, wenn die Prüfungsleistungen wie folgt bewertet worden sind: <DL Type="arabic"><DT>1.</DT><DD Font="normal"><LA>im Gesamtergebnis von Teil 1 und Teil 2 mit mindestens „ausreichend“,</LA></DD><DT>2.</DT><DD Font="normal"><LA>im Ergebnis von Teil 2 mit mindestens „ausreichend“,</LA></DD><DT>3.</DT><DD Font="normal"><LA>in mindestens zwei Prüfungsbereichen von Teil 2 mit mindestens „ausreichend“ und</LA></DD><DT>4.</DT><DD Font="normal"><LA>in keinem Prüfungsbereich von Teil 2 mit „ungenügend“.</LA></DD></DL></P><P>(3) Auf Antrag des Prüflings ist die Prüfung in einem der Prüfungsbereiche „Technologie der Nasszurichtung und Zurichtung“ oder „Wirtschafts- und Sozialkunde“ durch eine mündliche Prüfung von etwa 15 Minuten zu ergänzen, wenn <DL Type="arabic"><DT>1.</DT><DD Font="normal"><LA>der Prüfungsbereich schlechter als mit „ausreichend“ bewertet worden ist und</LA></DD><DT>2.</DT><DD Font="normal"><LA>die mündliche Ergänzungsprüfung für das Bestehen der Abschluss- und Gesellenprüfung den Ausschlag geben kann.</LA></DD></DL>Bei der Ermittlung des Ergebnisses für diesen Prüfungsbereich sind das bisherige Ergebnis und das Ergebnis der mündlichen Ergänzungsprüfung im Verhältnis 2 : 1 zu gewichten.</P></Content></text></textdaten></norm>
<norm builddate="20210615213153" doknr="BJNR114800015BJNG000300000"><metadaten><jurabk>LederGerbAusbV</jurabk><gliederungseinheit><gliederungskennzahl>030</gliederungskennzahl><gliederungsbez>Abschnitt 3</gliederungsbez><gliederungstitel>Schlussvorschriften</gliederungstitel></gliederungseinheit></metadaten><textdaten/></norm>
<norm builddate="20210615213153" doknr="BJNR114800015BJNE002000000"><metadaten><jurabk>LederGerbAusbV</jurabk><enbez>§ 18</enbez><titel format="XML">Bestehende Berufsausbildungsverhältnisse</titel></metadaten><textdaten><text format="XML"><Content><P>Berufsausbildungsverhältnisse, die bei Inkrafttreten dieser Verordnung bereits bestehen, können nach den Vorschriften dieser Verordnung unter Anrechnung der bisher absolvierten Ausbildungszeit fortgesetzt werden, wenn die Vertragsparteien dies vereinbaren und der oder die Auszubildende noch nicht die Zwischenprüfung absolviert hat.</P></Content></text></textdaten></norm>
<norm builddate="20210615213153" doknr="BJNR114800015BJNE002100000"><metadaten><jurabk>LederGerbAusbV</jurabk><enbez>§ 19</enbez><titel format="XML">Inkrafttreten, Außerkrafttreten</titel></metadaten><textdaten><text format="XML"><Content><P>Diese Verordnung tritt am 1. August 2015 in Kraft. Gleichzeitig tritt die Gerber-Ausbildungsverordnung vom 13. August 1981 (BGBl. I S. 838) außer Kraft.</P></Content></text></textdaten></norm>
<norm builddate="20210615213153" doknr="BJNR114800015BJNE002200000"><metadaten><jurabk>LederGerbAusbV</jurabk><enbez>Anlage</enbez><titel format="XML">(zu § 3 Absatz 1)<BR/>Ausbildungsrahmenplan für die Berufsausbildung zur Fachkraft für Lederherstellung und Gerbereitechnik</titel></metadaten><textdaten><text format="XML"><Content><P><noindex><kommentar typ="Fundstelle">(Fundstelle: BGBl. I 2015, 1152 - 1156)</kommentar></noindex></P><BR/><table frame="all" pgwide="1" tabstyle="Ausbildung" tocentry="%yes;"><Title Align="left" Class="S1">Abschnitt A: berufsprofilgebende Fertigkeiten, Kenntnisse und Fähigkeiten</Title><tgroup align="left" char="" charoff="50" cols="5" colsep="1" rowsep="1"><colspec colname="col1" colnum="1" colwidth=".75*"/><colspec colname="col2" colnum="2" colwidth="4.5*"/><colspec colname="col3" colnum="3" colwidth="8.5*"/><colspec colname="col4" colnum="4" colwidth="1.5*"/><colspec colname="col5" colnum="5" colwidth="1.5*"/><thead valign="bottom"><row><entry VJ="1" align="center" colname="col1" morerows="1" valign="middle">Lfd.<BR/> Nr.</entry><entry VJ="1" align="center" colname="col2" morerows="1" valign="middle">Teil des<BR/> Ausbildungsberufsbildes</entry><entry VJ="1" align="center" colname="col3" morerows="1" valign="middle">Zu vermittelnde<BR/> Fertigkeiten, Kenntnisse und Fähigkeiten</entry><entry VJ="1" align="center" nameend="col5" namest="col4" valign="middle">Zeitliche Richtwerte<BR/> in Wochen im</entry></row><row><entry VJ="1" align="center" colname="col4" valign="middle">1. bis 18.<BR/> Monat</entry><entry VJ="1" align="center" colname="col5" valign="middle">19. bis 36.<BR/> Monat</entry></row><row><entry VJ="1" align="center" colname="col1" valign="middle">1</entry><entry VJ="1" align="center" colname="col2" valign="middle">2</entry><entry VJ="1" align="center" colname="col3" valign="middle">3</entry><entry VJ="1" align="center" nameend="col5" namest="col4" valign="middle">4</entry></row></thead><tbody valign="top"><row><entry VJ="1" align="center" colname="col1">1</entry><entry VJ="1" colname="col2">Umgehen mit Rohware<BR/> (§ 4 Absatz 2 Nummer 1)</entry><entry VJ="1" align="justify" colname="col3"><DL Font="normal" Type="alpha"><DT>a)</DT><DD Font="normal"><LA Size="normal">Eingangskontrolle durchführen, insbesondere Gewicht der Rohware feststellen</LA></DD><DT>b)</DT><DD Font="normal"><LA Size="normal">Rohware unterscheiden und bewerten</LA></DD><DT>c)</DT><DD Font="normal"><LA Size="normal">Konservierungsmethoden erkennen und beurteilen, Rohwarenschäden feststellen, dokumentieren und ihre Auswirkungen auf die Weiterverarbeitung berücksichtigen</LA></DD><DT>d)</DT><DD Font="normal"><LA Size="normal">Rohware lagern und nach Verwendungszweck bereitstellen</LA></DD></DL></entry><entry VJ="1" align="center" colname="col4" valign="middle">6</entry><entry VJ="1" colname="col5"/></row><row><entry VJ="1" align="center" colname="col1">2</entry><entry VJ="1" colname="col2">Herstellen von Blößen und Umgehen mit kollagenen<BR/> Nebenprodukten<BR/> (§ 4 Absatz 2 Nummer 2)</entry><entry VJ="1" align="justify" colname="col3"><DL Font="normal" Type="alpha"><DT>a)</DT><DD Font="normal"><LA Size="normal">Rohware durch Weichprozess reinigen und ursprünglichen Wassergehalt wiederherstellen</LA></DD><DT>b)</DT><DD Font="normal"><LA Size="normal">Wasserhärte bestimmen</LA></DD><DT>c)</DT><DD Font="normal"><LA Size="normal">Haare, Oberhaut und Naturfett im Äscherprozess entfernen</LA></DD><DT>d)</DT><DD Font="normal"><LA Size="normal">Haut durch Hautaufschluss entsprechend dem Verwendungszweck auf die Gerbung vorbereiten</LA></DD><DT>e)</DT><DD Font="normal"><LA Size="normal">Äscherprozess und Blößen kontrollieren</LA></DD><DT>f)</DT><DD Font="normal"><LA Size="normal">Unterhautbindegewebe mechanisch entfernen und Blößen kantieren, Reststoffe trennen und als Rohstoffe für die weitere Verwertung bereitstellen</LA></DD><DT>g)</DT><DD Font="normal"><LA Size="normal">Prozessparameter hinsichtlich des Verwendungszwecks unterscheiden und beurteilen</LA></DD><DT>h)</DT><DD Font="normal"><LA Size="normal">Blößen in Narben- und Fleischspalt spalten, Spaltstärke berücksichtigen</LA></DD><DT>i)</DT><DD Font="normal"><LA Size="normal">kollagene Nebenprodukte trennen und als Rohstoffe für die weitere Verwertung bereitstellen</LA></DD><DT>j)</DT><DD Font="normal"><LA Size="normal">betriebliche Vorgaben hinsichtlich hygienerechtlicher Anforderungen an Behältnisse und Lagerorte für tierische Nebenprodukte einhalten</LA></DD><DT>k)</DT><DD Font="normal"><LA Size="normal">Blößen durch Entkälken, Beizen und Pickeln auf die Gerbung vorbereiten, pH-Wert in Flotte und Blöße einstellen</LA></DD></DL></entry><entry VJ="1" align="center" colname="col4" valign="middle">20</entry><entry VJ="1" colname="col5"/></row><row><entry VJ="1" align="center" colname="col1" morerows="1">3</entry><entry VJ="1" colname="col2" morerows="1">Anwenden von Gerbverfahren<BR/> (§ 4 Absatz 2 Nummer 3)</entry><entry VJ="1" align="justify" colname="col3"><DL Font="normal" Type="alpha"><DT>a)</DT><DD Font="normal"><LA Size="normal">Gerbverfahren und -mittel hinsichtlich Qualität, Verwendungszweck, Eigenschaften und Aussehen des Leders unterscheiden</LA></DD><DT>b)</DT><DD Font="normal"><LA Size="normal">mineralische, pflanzliche oder synthetische Gerbung anwenden, Parameter des Gerbprozesses überwachen und dokumentieren, Leder in Qualitätsklassen einteilen</LA></DD></DL></entry><entry VJ="1" align="center" colname="col4" valign="middle">22</entry><entry VJ="1" colname="col5"/></row><row><entry VJ="1" align="justify" colname="col3"><DL Font="normal" Type="alpha"><DT>c)</DT><DD Font="normal"><LA Size="normal">Leder abwelken und falzen, Falzstärken berücksichtigen, Falzspäne trennen und für die weitere Verwertung bereitstellen</LA></DD></DL></entry><entry VJ="1" align="center" colname="col4" valign="middle"/><entry VJ="1" align="center" colname="col5" valign="middle">3</entry></row><row><entry VJ="1" align="center" colname="col1" morerows="1">4</entry><entry VJ="1" colname="col2" morerows="1">Durchführen von Prozessen der Nasszurichtung<BR/> (§ 4 Absatz 2 Nummer 4)</entry><entry VJ="1" align="justify" colname="col3"><DL Font="normal" Type="alpha"><DT>a)</DT><DD Font="normal"><LA Size="normal">Nasszurichtungsprozesse hinsichtlich ihrer Kombinationsmöglichkeiten sowie hinsichtlich des Verwendungszwecks, der Eigenschaften und des Aussehens des Fertigleders unterscheiden</LA></DD></DL></entry><entry VJ="1" align="center" colname="col4" valign="middle">6</entry><entry VJ="1" align="center" colname="col5" valign="middle"/></row><row><entry VJ="1" align="justify" colname="col3"><DL Font="normal" Type="alpha"><DT>b)</DT><DD Font="normal"><LA Size="normal">Neutralisations- und Nachgerbverfahren im Hinblick auf daraus resultierende Ledereigenschaften unterscheiden und durchführen, pH-Wert einstellen</LA></DD><DT>c)</DT><DD Font="normal"><LA Size="normal">Farbstoffgruppen und Färbereihilfsmittel unterscheiden, Leder nach unterschiedlichen Verfahren färben</LA></DD><DT>d)</DT><DD Font="normal"><LA Size="normal">Fettungsmittel unterscheiden und Leder fetten</LA></DD><DT>e)</DT><DD Font="normal"><LA Size="normal">Prozessparameter beurteilen und dokumentieren</LA></DD></DL></entry><entry VJ="1" colname="col4"/><entry VJ="1" align="center" colname="col5" valign="middle">19</entry></row><row><entry VJ="1" align="center" colname="col1" morerows="1">5</entry><entry VJ="1" colname="col2" morerows="1">Durchführen von Prozessen der Vorzurichtung<BR/> (§ 4 Absatz 2 Nummer 5)</entry><entry VJ="1" align="justify" colname="col3"><DL Font="normal" Type="alpha"><DT>a)</DT><DD Font="normal"><LA Size="normal">Trocknungsverfahren unterscheiden</LA></DD><DT>b)</DT><DD Font="normal"><LA Size="normal">Vakuum-, Spannrahmen- oder Hängetrocknung durchführen</LA></DD></DL></entry><entry VJ="1" align="center" colname="col4" valign="middle">6</entry><entry VJ="1" align="center" colname="col5" valign="middle"/></row><row><entry VJ="1" align="justify" colname="col3"><DL Font="normal" Type="alpha"><DT>c)</DT><DD Font="normal"><LA Size="normal">mechanische Verfahren zum Weichmachen und Verdichten von Leder unterscheiden und durchführen</LA></DD><DT>d)</DT><DD Font="normal"><LA Size="normal">Crustleder beurteilen, in Qualitätsklassen einteilen und für die Weiterverarbeitung bereitstellen</LA></DD><DT>e)</DT><DD Font="normal"><LA Size="normal">Leder schleifen und entstauben</LA></DD></DL></entry><entry VJ="1" align="center" colname="col4" valign="middle"/><entry VJ="1" align="center" colname="col5" valign="middle">8</entry></row><row><entry VJ="1" align="center" colname="col1">6</entry><entry VJ="1" colname="col2">Durchführen von Prozessen der Zurichtung<BR/> (§ 4 Absatz 2 Nummer 6)</entry><entry VJ="1" align="justify" colname="col3"><DL Font="normal" Type="alpha"><DT>a)</DT><DD Font="normal"><LA Size="normal">Zurichtungsverfahren unterscheiden</LA></DD><DT>b)</DT><DD Font="normal"><LA Size="normal">Optik, Haptik und Deckungsgrad von Lederoberflächen beurteilen und dokumentieren</LA></DD><DT>c)</DT><DD Font="normal"><LA Size="normal">Lederoberflächen nach Ledertyp und Verwendungszweck zurichten</LA></DD><DT>d)</DT><DD Font="normal"><LA Size="normal">Applikationstechniken und Hilfsmittel unterscheiden</LA></DD><DT>e)</DT><DD Font="normal"><LA Size="normal">Oberflächen mechanisch bearbeiten, insbesondere bügeln und prägen</LA></DD></DL></entry><entry VJ="1" align="center" colname="col4" valign="middle"/><entry VJ="1" align="center" colname="col5" valign="middle">20</entry></row><row><entry VJ="1" align="center" colname="col1">7</entry><entry VJ="1" colname="col2">Beurteilen von Fertigleder<BR/> (§ 4 Absatz 2 Nummer 7)</entry><entry VJ="1" align="justify" colname="col3"><DL Font="normal" Type="alpha"><DT>a)</DT><DD Font="normal"><LA Size="normal">Lederfehler feststellen und hinsichtlich der weiteren Verwendung des Leders beurteilen</LA></DD><DT>b)</DT><DD Font="normal"><LA Size="normal">haptische und visuelle Prüfungen durchführen, insbesondere in Bezug auf Griff, Stärke, Struktur und Farbe</LA></DD><DT>c)</DT><DD Font="normal"><LA Size="normal">Fertigleder hinsichtlich der Vorgaben prüfen</LA></DD><DT>d)</DT><DD Font="normal"><LA Size="normal">Ergebnisse dokumentieren</LA></DD><DT>e)</DT><DD Font="normal"><LA Size="normal">Leder messen, auszeichnen, verpacken und versandfertig machen</LA></DD><DT>f)</DT><DD Font="normal"><LA Size="normal">Kriterien für das Lagern einhalten, insbesondere in Bezug auf Temperatur, Luftfeuchtigkeit und Lichteinfall</LA></DD></DL></entry><entry VJ="1" align="center" colname="col4" valign="middle"/><entry VJ="1" align="center" colname="col5" valign="middle">6</entry></row><row><entry VJ="1" align="center" colname="col1">8</entry><entry VJ="1" colname="col2">Produkt- und Prozessökologie<BR/> (§ 4 Absatz 2 Nummer 8)</entry><entry VJ="1" align="justify" colname="col3"><DL Font="normal" Type="alpha"><DT>a)</DT><DD Font="normal"><LA Size="normal">Prozesse umweltgerecht durchführen</LA></DD><DT>b)</DT><DD Font="normal"><LA Size="normal">Werkstoffe, Betriebs- und Hilfsmittel nachhaltig und effizient einsetzen</LA></DD><DT>c)</DT><DD Font="normal"><LA Size="normal">Richtlinien zum Schutz von Gesundheit und Umwelt beachten, insbesondere beim Umgang mit Hilfsmitteln</LA></DD></DL></entry><entry VJ="1" align="center" colname="col4" valign="middle"/><entry VJ="1" align="center" colname="col5" valign="middle">5</entry></row></tbody></tgroup></table><P/><table frame="all" pgwide="1" tabstyle="Ausbildung" tocentry="%yes;"><Title Align="left" Class="S1">Abschnitt B: integrativ zu vermittelnde Fertigkeiten, Kenntnisse und Fähigkeiten</Title><tgroup align="left" char="" charoff="50" cols="5" colsep="1" rowsep="1"><colspec colname="col1" colnum="1" colwidth=".75*"/><colspec colname="col2" colnum="2" colwidth="4.5*"/><colspec colname="col3" colnum="3" colwidth="8.5*"/><colspec colname="col4" colnum="4" colwidth="1.5*"/><colspec colname="col5" colnum="5" colwidth="1.5*"/><thead valign="bottom"><row><entry VJ="1" align="center" colname="col1" morerows="1" valign="middle">Lfd.<BR/> Nr.</entry><entry VJ="1" align="center" colname="col2" morerows="1" valign="middle">Teil des<BR/> Ausbildungsberufsbildes</entry><entry VJ="1" align="center" colname="col3" morerows="1" valign="middle">Zu vermittelnde<BR/> Fertigkeiten, Kenntnisse und Fähigkeiten</entry><entry VJ="1" align="center" nameend="col5" namest="col4" valign="middle">Zeitliche Richtwerte<BR/> in Wochen im</entry></row><row><entry VJ="1" align="center" colname="col4" valign="middle">1. bis 18.<BR/> Monat</entry><entry VJ="1" align="center" colname="col5" valign="middle">19. bis 36.<BR/> Monat</entry></row><row><entry VJ="1" align="center" colname="col1" valign="middle">1</entry><entry VJ="1" align="center" colname="col2" valign="middle">2</entry><entry VJ="1" align="center" colname="col3" valign="middle">3</entry><entry VJ="1" align="center" nameend="col5" namest="col4" valign="middle">4</entry></row></thead><tbody valign="top"><row><entry VJ="1" align="center" colname="col1">1</entry><entry VJ="1" colname="col2">Berufsbildung, Arbeits- und Tarifrecht<BR/> (§ 4 Absatz 3 Nummer 1)</entry><entry VJ="1" align="justify" colname="col3"><DL Font="normal" Type="alpha"><DT>a)</DT><DD Font="normal"><LA Size="normal">Bedeutung des Ausbildungsvertrages erklären, insbesondere Abschluss, Dauer und Beendigung</LA></DD><DT>b)</DT><DD Font="normal"><LA Size="normal">gegenseitige Rechte und Pflichten aus dem Ausbildungsvertrag nennen</LA></DD><DT>c)</DT><DD Font="normal"><LA Size="normal">Möglichkeiten der beruflichen Fortbildung nennen</LA></DD><DT>d)</DT><DD Font="normal"><LA Size="normal">wesentliche Teile des Arbeitsvertrages nennen</LA></DD><DT>e)</DT><DD Font="normal"><LA Size="normal">wesentliche Bestimmungen der für den Ausbildungsbetrieb geltenden Tarifverträge nennen</LA></DD></DL></entry><entry VJ="1" align="left" morerows="3" nameend="col5" namest="col4" valign="middle">während<BR/> der gesamten<BR/> Ausbildung</entry></row><row><entry VJ="1" align="center" colname="col1">2</entry><entry VJ="1" colname="col2">Aufbau und Organisation des Ausbildungsbetriebes<BR/> (§ 4 Absatz 3 Nummer 2)</entry><entry VJ="1" align="justify" colname="col3"><DL Font="normal" Type="alpha"><DT>a)</DT><DD Font="normal"><LA Size="normal">Aufbau und Aufgaben des Ausbildungsbetriebes erläutern</LA></DD><DT>b)</DT><DD Font="normal"><LA Size="normal">Grundfunktionen des Ausbildungsbetriebes wie Beschaffung, Fertigung, Absatz und Verwaltung erklären</LA></DD><DT>c)</DT><DD Font="normal"><LA Size="normal">Beziehungen des Ausbildungsbetriebes und seiner Beschäftigten zu Wirtschaftsorganisationen, Berufsvertretungen und Gewerkschaften nennen</LA></DD><DT>d)</DT><DD Font="normal"><LA Size="normal">Grundlagen, Aufgaben und Arbeitsweise der betriebsverfassungs- oder personalvertretungsrechtlichen Organe des Ausbildungsbetriebes beschreiben</LA></DD></DL></entry></row><row><entry VJ="1" align="center" colname="col1">3</entry><entry VJ="1" colname="col2">Sicherheit und Gesundheits- <BR/>schutz bei der Arbeit<BR/> (§ 4 Absatz 3 Nummer 3)</entry><entry VJ="1" align="justify" colname="col3"><DL Font="normal" Type="alpha"><DT>a)</DT><DD Font="normal"><LA Size="normal">Gefährdung von Sicherheit und Gesundheit am Arbeitsplatz feststellen und Maßnahmen zur Vermeidung der Gefährdung ergreifen</LA></DD><DT>b)</DT><DD Font="normal"><LA Size="normal">berufsbezogene Arbeitsschutz- und Unfallverhütungsvorschriften anwenden</LA></DD><DT>c)</DT><DD Font="normal"><LA Size="normal">Verhaltensweisen bei Unfällen beschreiben sowie erste Maßnahmen einleiten</LA></DD><DT>d)</DT><DD Font="normal"><LA Size="normal">Vorschriften des vorbeugenden Brandschutzes anwenden sowie Verhaltensweisen bei Bränden beschreiben und Maßnahmen zur Brandbekämpfung ergreifen</LA></DD></DL></entry></row><row><entry VJ="1" align="center" colname="col1">4</entry><entry VJ="1" colname="col2">Umweltschutz<BR/> (§ 4 Absatz 3 Nummer 4)</entry><entry VJ="1" align="justify" colname="col3">Zur Vermeidung betriebsbedingter Umweltbelastungen im beruflichen Einwirkungsbereich beitragen, insbesondere <DL Font="normal" Type="alpha"><DT>a)</DT><DD Font="normal"><LA Size="normal">mögliche Umweltbelastungen durch den Ausbildungsbetrieb und seinen Beitrag zum Umweltschutz an Beispielen erklären</LA></DD><DT>b)</DT><DD Font="normal"><LA Size="normal">für den Ausbildungsbetrieb geltende Regelungen des Umweltschutzes anwenden</LA></DD><DT>c)</DT><DD Font="normal"><LA Size="normal">Möglichkeiten der wirtschaftlichen und umweltschonenden Energie- und Materialverwendung nutzen</LA></DD><DT>d)</DT><DD Font="normal"><LA Size="normal">Abfälle vermeiden sowie Stoffe und Materialien einer umweltschonenden Entsorgung zuführen</LA></DD></DL></entry></row><row><entry VJ="1" align="center" colname="col1">5</entry><entry VJ="1" colname="col2">Planen, Vorbereiten und Optimieren von Arbeitsabläufen<BR/> (§ 4 Absatz 3 Nummer 5)</entry><entry VJ="1" align="justify" colname="col3"><DL Font="normal" Type="alpha"><DT>a)</DT><DD Font="normal"><LA Size="normal">Arbeitsschritte unter Berücksichtigung betrieblicher Abläufe und Fertigungsunterlagen planen, festlegen und dokumentieren</LA></DD><DT>b)</DT><DD Font="normal"><LA Size="normal">Werk- und Betriebsstoffe sowie Hilfs- und Arbeitsmittel auswählen, den einzelnen Arbeitsschritten zuordnen, kennzeichnen und bereitstellen</LA></DD><DT>c)</DT><DD Font="normal"><LA Size="normal">Arbeitsplatz nach ergonomischen und sicherheitsrelevanten Gesichtspunkten einrichten</LA></DD></DL></entry><entry VJ="1" align="center" colname="col4" valign="middle">4</entry><entry VJ="1" align="center" colname="col5" valign="middle"/></row><row><entry VJ="1" colname="col1"/><entry VJ="1" colname="col2"/><entry VJ="1" align="justify" colname="col3"><DL Font="normal" Type="alpha"><DT>d)</DT><DD Font="normal"><LA Size="normal">Arbeitsauftrag und Arbeitsschritte auf Durchführbarkeit prüfen, Auftragsunterlagen bearbeiten</LA></DD><DT>e)</DT><DD Font="normal"><LA Size="normal">Materialbedarf ermitteln, Materialkosten und Zeitaufwand abschätzen</LA></DD><DT>f)</DT><DD Font="normal"><LA Size="normal">Arbeitsabläufe unter Beachtung wirtschaftlicher und terminlicher Vorgaben planen, mit vor- und nachgelagerten Bereichen abstimmen, optimieren, festlegen und dokumentieren</LA></DD><DT>g)</DT><DD Font="normal"><LA Size="normal">produktspezifische und berufsbezogene Vorschriften anwenden</LA></DD></DL></entry><entry VJ="1" align="center" colname="col4" valign="middle"/><entry VJ="1" align="center" colname="col5" valign="middle">4</entry></row><row><entry VJ="1" align="center" colname="col1" morerows="1">6</entry><entry VJ="1" colname="col2" morerows="1">Betriebliche und technische Kommunikation, Teamarbeit<BR/> (§ 4 Absatz 3 Nummer 6)</entry><entry VJ="1" align="justify" colname="col3"><DL Font="normal" Type="alpha"><DT>a)</DT><DD Font="normal"><LA Size="normal">Informationen beschaffen und aufbereiten</LA></DD><DT>b)</DT><DD Font="normal"><LA Size="normal">gesetzliche und betriebliche Regelungen des Datenschutzes beachten und einhalten</LA></DD><DT>c)</DT><DD Font="normal"><LA Size="normal">technische Unterlagen, insbesondere Betriebs- und Arbeitsanweisungen sowie Richtlinien, anwenden, Sicherheitsdatenblätter beachten</LA></DD><DT>d)</DT><DD Font="normal"><LA Size="normal">Gespräche mit Vorgesetzten, Mitarbeitern und Mitarbeiterinnen und im Team situationsgerecht führen, Sachverhalte darstellen, fremdsprachliche Fachbegriffe anwenden, bei der Kommunikation mit Kolleginnen und Kollegen kulturelle Unterschiede berücksichtigen</LA></DD><DT>e)</DT><DD Font="normal"><LA Size="normal">branchenspezifische Anwenderprogramme einsetzen</LA></DD></DL></entry><entry VJ="1" align="center" colname="col4" valign="middle">6</entry><entry VJ="1" align="center" colname="col5" valign="middle"/></row><row><entry VJ="1" align="justify" colname="col3"><DL Font="normal" Type="alpha"><DT>f)</DT><DD Font="normal"><LA Size="normal">auftragsbezogene Daten erfassen, auswerten und dokumentieren</LA></DD><DT>g)</DT><DD Font="normal"><LA Size="normal">Aufgaben im Team planen und umsetzen, Ergebnisse der Zusammenarbeit auswerten</LA></DD></DL></entry><entry VJ="1" align="center" colname="col4" valign="middle"/><entry VJ="1" align="center" colname="col5" valign="middle">2</entry></row><row><entry VJ="1" align="center" colname="col1" morerows="1">7</entry><entry VJ="1" colname="col2" morerows="1">Einrichten, Bedienen und Warten von Arbeitsgeräten, Werkzeugen, Maschinen und Anlagen<BR/> (§ 4 Absatz 3 Nummer 7)</entry><entry VJ="1" align="justify" colname="col3"><DL Font="normal" Type="alpha"><DT>a)</DT><DD Font="normal"><LA Size="normal">Arbeitsgeräte, Werkzeuge, Maschinen und Anlagen hinsichtlich Material, Funktion und Einsatz auswählen und unter Berücksichtigung der Sicherheitsbestimmungen einsetzen</LA></DD><DT>b)</DT><DD Font="normal"><LA Size="normal">Arbeitsgeräte, Werkzeuge, Maschinen und Anlagen reinigen und warten</LA></DD><DT>c)</DT><DD Font="normal"><LA Size="normal">Rezepturvorgaben auf Produktionsmengen umrechnen</LA></DD></DL></entry><entry VJ="1" align="center" colname="col4" valign="middle">4</entry><entry VJ="1" align="center" colname="col5" valign="middle"/></row><row><entry VJ="1" align="justify" colname="col3"><DL Font="normal" Type="alpha"><DT>d)</DT><DD Font="normal"><LA Size="normal">Maschinen und Anlagen unter Berücksichtigung der Sicherheitsbestimmungen einrichten, Prozessdaten einstellen, Prozesse überwachen, Verfahrensparameter korrigieren</LA></DD><DT>e)</DT><DD Font="normal"><LA Size="normal">Störungen feststellen und Maßnahmen zur Störungsbeseitigung ergreifen</LA></DD><DT>f)</DT><DD Font="normal"><LA Size="normal">prozessbezogene Berechnungen durchführen</LA></DD></DL></entry><entry VJ="1" align="center" colname="col4" valign="middle"/><entry VJ="1" align="center" colname="col5" valign="middle">6</entry></row><row><entry VJ="1" align="center" colname="col1" morerows="1">8</entry><entry VJ="1" colname="col2" morerows="1">Durchführen von qualitätssichernden Maßnahmen<BR/> (§ 4 Absatz 3 Nummer 8)</entry><entry VJ="1" align="justify" colname="col3"><DL Font="normal" Type="alpha"><DT>a)</DT><DD Font="normal"><LA Size="normal">Ziele, Aufgaben und betrieblichen Aufbau der Qualitätssicherung unterscheiden</LA></DD><DT>b)</DT><DD Font="normal"><LA Size="normal">Zwischenkontrollen durchführen</LA></DD></DL></entry><entry VJ="1" align="center" colname="col4" valign="middle">4</entry><entry VJ="1" align="center" colname="col5" valign="middle"/></row><row><entry VJ="1" align="justify" colname="col3"><DL Font="normal" Type="alpha"><DT>c)</DT><DD Font="normal"><LA Size="normal">Parameter im laufenden Produktionsprozess kontrollieren, mit Toleranzvorgaben abgleichen und dokumentieren</LA></DD><DT>d)</DT><DD Font="normal"><LA Size="normal">Maßnahmen zur Behebung von Toleranzabweichungen ergreifen und dokumentieren</LA></DD></DL></entry><entry VJ="1" align="center" colname="col4" valign="middle"/><entry VJ="1" align="center" colname="col5" valign="middle"/></row><row><entry VJ="1" colname="col1"/><entry VJ="1" colname="col2"/><entry VJ="1" align="justify" colname="col3"><DL Font="normal" Type="alpha"><DT>e)</DT><DD Font="normal"><LA Size="normal">Proben entnehmen, Prüfmittel, insbesondere Indikatoren sowie mess- und regeltechnische Geräte, auswählen, Prüfungen durchführen und Ergebnisse bewerten und dokumentieren</LA></DD><DT>f)</DT><DD Font="normal"><LA Size="normal">zur kontinuierlichen Verbesserung von Arbeitsabläufen beitragen</LA></DD></DL></entry><entry VJ="1" align="center" colname="col4" valign="middle"/><entry VJ="1" align="center" colname="col5">5</entry></row></tbody></tgroup></table></Content></text></textdaten></norm>
</dokumente>