<?xml version="1.0" encoding="UTF-8" ?><!DOCTYPE dokumente SYSTEM "http://www.gesetze-im-internet.de/dtd/1.01/gii-norm.dtd">
<dokumente builddate="20131202132826" doknr="BJNR311700005"><norm builddate="20131202132826" doknr="BJNR311700005"><metadaten><jurabk>MedaillenV</jurabk><amtabk>MedaillenV</amtabk><ausfertigung-datum manuell="ja">2005-10-31</ausfertigung-datum><fundstelle typ="amtlich"><periodikum>BGBl I</periodikum><zitstelle>2005, 3117</zitstelle></fundstelle><kurzue>Medaillenverordnung</kurzue><langue>Verordnung über die Herstellung und den Vertrieb von Medaillen und Münzstücken zum Schutz deutscher Euro-Gedenkmünzen</langue></metadaten><textdaten><text format="XML"><Content><P/></Content></text><fussnoten><Content><P><BR/> <pre xml:space="preserve">(+++ Textnachweis ab:  5.11.2005 +++)<BR/><BR/></pre></P></Content></fussnoten></textdaten></norm>
<norm builddate="20131202132826" doknr="BJNR311700005BJNE000100000"><metadaten><jurabk>MedaillenV</jurabk><enbez>Eingangsformel</enbez></metadaten><textdaten><text format="XML"><Content><P>Auf Grund des § 10 des Münzgesetzes, der durch Artikel 6 Nr. 2 des Gesetzes vom 14. September 2005 (BGBl. I S. 2746) neu gefasst worden ist, verordnet das Bundesministerium der Finanzen:</P></Content></text></textdaten></norm>
<norm builddate="20131202132826" doknr="BJNR311700005BJNE000200000"><metadaten><jurabk>MedaillenV</jurabk><enbez>§ 1</enbez><titel format="parat">Begriffsbestimmungen</titel></metadaten><textdaten><text format="XML"><Content><P>Im Sinne dieser Verordnung ist oder sind: <DL Font="normal" Type="arabic"><DT>1.</DT><DD Font="normal"><LA Size="normal">&quot;Euro-Zeichen&quot; das in der Anlage abgebildete und beschriebene Zeichen für den Euro,</LA></DD><DT>2.</DT><DD Font="normal"><LA Size="normal">&quot;Medaillen&quot; und &quot;Münzstücke&quot; Metallgegenstände, die das Aussehen oder die technischen Eigenschaften einer deutschen Euro-Gedenkmünze im Sinne des § 2 Abs. 1 Nr. 1 des Münzgesetzes haben, keine Münzrohlinge sind und nicht aufgrund des Münzgesetzes, der währungsrechtlichen Vorschriften anderer Staaten oder der von den Europäischen Gemeinschaften erlassenen Rechtsvorschriften ausgeprägt und in den Verkehr gebracht werden,</LA></DD><DT>3.</DT><DD Font="normal"><LA Size="normal">&quot;Silber&quot; eine silberhaltige Legierung mit mehr als 90 Prozent Silber,</LA></DD><DT>4.</DT><DD Font="normal"><LA Size="normal">&quot;Platin&quot; eine platinhaltige Legierung mit mehr als 20 Prozent Platin,</LA></DD><DT>5.</DT><DD Font="normal"><LA Size="normal">&quot;Referenzspanne&quot; ein Durchmesser von 26 Millimeter bis 35 Millimeter,</LA></DD><DT>6.</DT><DD Font="normal"><LA Size="normal">&quot;Münzzeichen&quot; der Kennbuchstabe für die Prägestätte.</LA></DD></DL></P></Content></text></textdaten></norm>
<norm builddate="20131202132826" doknr="BJNR311700005BJNE000300000"><metadaten><jurabk>MedaillenV</jurabk><enbez>§ 2</enbez><titel format="parat">Verbote</titel></metadaten><textdaten><text format="XML"><Content><P>Vorbehaltlich der §§ 3 und 4 dürfen Medaillen und Münzstücke nicht hergestellt, verkauft, eingeführt oder zum Verkauf oder zu anderen kommerziellen Zwecken verbreitet werden, wenn sie <DL Font="normal" Type="arabic"><DT>1.</DT><DD Font="normal"><LA Size="normal">die Aufschrift &quot;Euro&quot; oder &quot;Euro Cent&quot; oder eine ähnliche Aufschrift oder das Euro-Zeichen oder ein diesem ähnliches Zeichen tragen,</LA></DD><DT>2.</DT><DD Font="normal"><LA Size="normal">das Bundeswappen oder ein diesem zum Verwechseln ähnliches Wappen, den Bundesadler oder einen diesem zum Verwechseln ähnlichen Adler tragen,</LA></DD><DT>3.</DT><DD Font="normal"><LA Size="normal">ein Münzbild tragen, das einem Münzbild einer gültigen deutschen Euro-Gedenkmünze entspricht oder ähnelt,</LA></DD><DT>4.</DT><DD Font="normal"><LA Size="normal">eine Rändelung haben, die der einer deutschen Euro-Gedenkmünze entspricht oder ähnelt,</LA></DD><DT>5.</DT><DD Font="normal"><LA Size="normal">eine Randschrift tragen, die nicht nur Stempelzeichen ist und nicht nur den Namen oder die Firma des Herstellers oder den Namen des Preisträgers angibt,</LA></DD><DT>6.</DT><DD Font="normal"><LA Size="normal">mit einem Münzzeichen versehen sind oder</LA></DD><DT>7.</DT><DD Font="normal"><LA Size="normal">einen Durchmesser haben, der innerhalb der Referenzspanne liegt.</LA></DD></DL></P></Content></text></textdaten></norm>
<norm builddate="20131202132826" doknr="BJNR311700005BJNE000400000"><metadaten><jurabk>MedaillenV</jurabk><enbez>§ 3</enbez><titel format="parat">Ausnahmen</titel></metadaten><textdaten><text format="XML"><Content><P>(1) Medaillen und Münzstücke, die die Aufschrift &quot;Euro&quot; oder &quot;Euro Cent&quot; oder eine ähnliche Aufschrift oder das Euro-Zeichen oder ein diesem ähnliches Zeichen, aber keinen Nennwert tragen, sind von dem Verbot des § 2 Nr. 1 ausgenommen, wenn ihr Durchmesser 19 Millimeter unterschreitet oder 35 Millimeter überschreitet.</P><P>(2) Medaillen und Münzstücke, die ein auf einer deutschen Euro-Gedenkmünze befindliches Münzbild oder eine Randschrift tragen, sind von dem Verbot des § 2 Nr. 3 und 5 ausgenommen, wenn ihr Durchmesser 35 Millimeter überschreitet.</P><P>(3) Medaillen und Münzstücke, deren Durchmesser innerhalb der Referenzspanne liegt, sind von dem Verbot des § 2 Nr. 7 ausgenommen, wenn <DL Font="normal" Type="arabic"><DT>1.</DT><DD Font="normal"><LA Size="normal">sich in ihrer Mitte ein über 6 Millimeter großes Loch befindet,</LA></DD><DT>2.</DT><DD Font="normal"><LA Size="normal">sie von ovaler, elliptischer oder drei- bis sechseckiger geometrischer Form sind,</LA></DD><DT>3.</DT><DD Font="normal"><LA Size="normal">sie aus Silber oder Platin hergestellt sind oder</LA></DD><DT>4.</DT><DD Font="normal"><LA Size="normal">sie eine Stärke von weniger als 5 Prozent oder mehr als 12 Prozent ihres Durchmessers haben.</LA></DD></DL></P><P>(4) Medaillen und Münzstücke, die eine Randschrift tragen und deren Durchmesser innerhalb der Referenzspanne liegt, sind von dem Verbot des § 2 Nr. 5 und 7 ausgenommen, wenn sie für ein fremdes Währungsgebiet hergestellt und unmittelbar ausgeführt werden.</P></Content></text></textdaten></norm>
<norm builddate="20131202132826" doknr="BJNR311700005BJNE000500000"><metadaten><jurabk>MedaillenV</jurabk><enbez>§ 4</enbez><titel format="parat">Bereits hergestellte Medaillen und Münzstücke</titel></metadaten><textdaten><text format="XML"><Content><P>Medaillen und Münzstücke, die vor dem 5. November 2005 hergestellt worden sind, dürfen auch dann verkauft, eingeführt oder zum Verkauf oder anderen kommerziellen Zwecken verbreitet werden, wenn sie den Vorgaben der Verordnung über die Herstellung und den Vertrieb von Medaillen und Marken vom 13. Dezember 1974 (BGBl. I S. 3520), zuletzt geändert durch die Verordnung vom 27. August 2001 (BGBl. I S. 2286), entsprechen.</P></Content></text></textdaten></norm>
<norm builddate="20131202132826" doknr="BJNR311700005BJNE000600000"><metadaten><jurabk>MedaillenV</jurabk><enbez>§ 5</enbez><titel format="parat">Ordnungswidrigkeiten</titel></metadaten><textdaten><text format="XML"><Content><P>Ordnungswidrig im Sinne des § 12 Abs. 2 des Münzgesetzes handelt, wer entgegen § 2 eine Medaille oder ein Münzstück herstellt, verkauft, einführt oder zum Verkauf oder zu anderen kommerziellen Zwecken verbreitet.</P></Content></text></textdaten></norm>
<norm builddate="20131202132826" doknr="BJNR311700005BJNE000700000"><metadaten><jurabk>MedaillenV</jurabk><enbez>§ 6</enbez><titel format="parat">Inkrafttreten</titel></metadaten><textdaten><text format="XML"><Content><P>Diese Verordnung tritt am Tag nach der Verkündung in Kraft.</P></Content></text></textdaten></norm>
<norm builddate="20131202132826" doknr="BJNR311700005BJNE000800000"><metadaten><jurabk>MedaillenV</jurabk><enbez>Anlage</enbez><titel format="XML">(zu § 1 Nr. 1)<BR/>Erscheinungsbild des Euro-Zeichens</titel></metadaten><textdaten><text format="XML"><Content><P><BR/><BR/><IMG Align="center" Pos="block" SRC="bgbl1_2005_j3118_0010.jpg" alt=""/><BR/><BR/></P></Content></text></textdaten></norm>
</dokumente>