<?xml version="1.0" encoding="UTF-8" ?><!DOCTYPE dokumente SYSTEM "http://www.gesetze-im-internet.de/dtd/1.01/gii-norm.dtd">
<dokumente builddate="20120625153456" doknr="BJNR225210967"><norm builddate="20120625153456" doknr="BJNR225210967"><metadaten><jurabk>RheinMainDonSchStrG</jurabk><ausfertigung-datum manuell="ja">1967-11-29</ausfertigung-datum><fundstelle typ="amtlich"><periodikum>BGBl II</periodikum><zitstelle>1967, 2521</zitstelle></fundstelle><langue>Gesetz über den rechtlichen Status der Rhein-Main-Donau-Großschiffahrtsstraße zwischen dem Main und Nürnberg und über die damit zusammenhängenden Eigentumsverhältnisse</langue><standangabe checked="ja"><standtyp>Stand</standtyp><standkommentar>Geändert durch Art. 40 G v. 19.9.2006 I 2146</standkommentar></standangabe></metadaten><textdaten><fussnoten><Content><P>(+++ Textnachweis ab: 7.12.1967 +++)</P></Content></fussnoten></textdaten></norm>
<norm builddate="20120625153456" doknr="BJNR225210967BJNE000101308"><metadaten><jurabk>RheinMainDonSchStrG</jurabk><enbez>§ 1</enbez><titel format="parat">(weggefallen)</titel></metadaten><textdaten><text format="XML"><Content><P>-</P></Content></text><fussnoten/></textdaten></norm>
<norm builddate="20120625153456" doknr="BJNR225210967BJNE000201308"><metadaten><jurabk>RheinMainDonSchStrG</jurabk><enbez>§ 2</enbez><titel format="parat">(weggefallen)</titel></metadaten><textdaten><text format="XML"><Content><P>-</P></Content></text><fussnoten/></textdaten></norm>
<norm builddate="20120625153456" doknr="BJNR225210967BJNE000300326"><metadaten><jurabk>RheinMainDonSchStrG</jurabk><enbez>§ 3</enbez><titel format="parat">Durchleiten von Wasser</titel></metadaten><textdaten><text format="XML"><Content><P>Über ein etwaiges Durchleiten von Wasser für wasserwirtschaftliche oder landeskulturelle Zwecke durch die Bundeswasserstraße über den normalen Wasserabfluß hinaus und die damit zusammenhängenden Fragen bleibt eine Vereinbarung zwischen dem Bund und Bayern vorbehalten.</P></Content></text></textdaten></norm>
<norm builddate="20120625153456" doknr="BJNR225210967BJNE000400326"><metadaten><jurabk>RheinMainDonSchStrG</jurabk><enbez>§ 4</enbez><titel format="parat">Eigentumsverhältnisse</titel></metadaten><textdaten><text format="XML"><Content><P>(1) Das Eigentum an den in § 1 Abs. 1 und 2 bezeichneten Strecken steht dem Bund zu. Das gilt auch für die kanalisierte Regnitz von km 3,70 rechts bis 170 m oberhalb der Brückenachse des Wehres Bamberg.</P><P>(2) Das Eigentum an den in § 2 Nr. 1 bis 5 bezeichneten Strecken steht Bayern zu.</P><P>(3) Ein Wertausgleich findet nicht statt.</P><P>(4) Das Grundbuch wird auf Grund eines gemeinsamen Ersuchens des Bundes und Bayerns berichtigt. Ein Übergang des Eigentums und der anderen Rechte ist von Abgaben und Kosten befreit.</P></Content>   </text></textdaten></norm>
<norm builddate="20120625153456" doknr="BJNR225210967BJNE000500326"><metadaten><jurabk>RheinMainDonSchStrG</jurabk><enbez>§ 5</enbez><titel format="parat">Sperrtor bei Bug</titel></metadaten><textdaten><text format="XML"><Content><P>Das Sperrtor im linken Regnitzarm bei Bug gehört zur Bundeswasserstraße. Die Betriebsordnung wird im Einvernehmen zwischen dem Bund und Bayern aufgestellt.</P></Content></text></textdaten></norm>
<norm builddate="20120625153456" doknr="BJNR225210967BJNE000601308"><metadaten><jurabk>RheinMainDonSchStrG</jurabk><enbez>§ 6</enbez><titel format="parat">(weggefallen)</titel></metadaten><textdaten><text format="XML"><Content><P>-</P></Content></text><fussnoten/></textdaten></norm>
<norm builddate="20120625153456" doknr="BJNR225210967BJNE000700326"><metadaten><jurabk>RheinMainDonSchStrG</jurabk><enbez>§ 7</enbez><titel format="parat">Inkrafttreten</titel></metadaten><textdaten><text format="XML"><Content><P>Dieses Gesetz tritt am Tage nach seiner Verkündung in Kraft.</P></Content></text></textdaten></norm>
</dokumente>