<?xml version="1.0" encoding="UTF-8" ?><!DOCTYPE dokumente SYSTEM "http://www.gesetze-im-internet.de/dtd/1.01/gii-norm.dtd">
<dokumente builddate="20231127213502" doknr="BJNR041400008"><norm builddate="20231127213502" doknr="BJNR041400008"><metadaten><jurabk>BMJGerErnAnO</jurabk><ausfertigung-datum manuell="ja">2008-03-09</ausfertigung-datum><fundstelle typ="amtlich"><periodikum>BGBl I</periodikum><zitstelle>2008, 414</zitstelle></fundstelle><langue>Anordnung über die Ernennung und Entlassung der Bundesbeamtinnen und Bundesbeamten bei den obersten Gerichten des Bundes im Geschäftsbereich des Bundesministeriums der Justiz</langue></metadaten><textdaten><fussnoten><Content><P><BR/> <pre xml:space="preserve">(+++ Textnachweis ab: 1.4.2008 +++)<BR/> <BR/><BR/> <BR/>(+++ Zur Nichtanwendung vgl. III. (Abschn. III) Satz 2 AnO 2030-11-47-57 v. <BR/>30.10.2023 I Nr. 307 (BMJErnAnO 2023) +++)<BR/><BR/></pre></P></Content></fussnoten></textdaten></norm>
<norm builddate="20231127213502" doknr="BJNR041400008BJNE000100000"><metadaten><jurabk>BMJGerErnAnO</jurabk><enbez>I.</enbez></metadaten><textdaten><text format="XML"><Content><P>Auf Grund des Artikels 1 Abs. 1 der Anordnung des Bundespräsidenten über die Ernennung und Entlassung der Beamtinnen, Beamten, Richterinnen und Richter des Bundes vom 23. Juni 2004 (BGBl. I S. 1286) wird die Ausübung des Rechtes zur Ernennung und Entlassung der Bundesbeamtinnen und Bundesbeamten der Besoldungsgruppen A 13 (höherer Dienst) bis A 15 der Bundesbesoldungsordnung A (Anlage I des Bundesbesoldungsgesetzes) jeweils für ihren oder seinen Geschäftsbereich widerruflich übertragen auf: <DL Type="arabic"><DT>1.</DT><DD Font="normal"><LA>die Präsidentin oder den Präsidenten des Bundesgerichtshofs,</LA></DD><DT>2.</DT><DD Font="normal"><LA>die Präsidentin oder den Präsidenten des Bundesverwaltungsgerichts,</LA></DD><DT>3.</DT><DD Font="normal"><LA>die Präsidentin oder den Präsidenten des Bundesfinanzhofs.</LA></DD></DL></P></Content></text></textdaten></norm>
<norm builddate="20231127213502" doknr="BJNR041400008BJNE000200000"><metadaten><jurabk>BMJGerErnAnO</jurabk><enbez>II.</enbez></metadaten><textdaten><text format="XML"><Content><P>Diese Anordnung tritt am ersten Tag des ersten auf die Veröffentlichung im Bundesgesetzblatt folgenden Kalendermonats in Kraft.</P></Content></text></textdaten></norm>
<norm builddate="20231127213502" doknr="BJNR041400008BJNE000300000"><metadaten><jurabk>BMJGerErnAnO</jurabk><enbez>Schlussformel</enbez></metadaten><textdaten><text format="XML"><Content><P><SP>Die Bundesministerin der Justiz</SP></P></Content></text></textdaten></norm>
</dokumente>