<?xml version="1.0" encoding="UTF-8" ?><!DOCTYPE dokumente SYSTEM "http://www.gesetze-im-internet.de/dtd/1.01/gii-norm.dtd">
<dokumente builddate="20220308213014" doknr="BJNR214190973"><norm builddate="20220308213014" doknr="BJNR214190973"><metadaten><jurabk>BinSchEÜbk</jurabk><ausfertigung-datum manuell="ja">1966-02-15</ausfertigung-datum><fundstelle typ="amtlich"><periodikum>BGBl II</periodikum><zitstelle>1973, 1419</zitstelle></fundstelle><langue>Übereinkommen über die Eichung von Binnenschiffen</langue></metadaten><textdaten><text format="decorated"/><fussnoten><Content><P>G v. 11.9.1973 II 1417 <BR/>Inkraft gem. Bek. v. 28.8.1974 II 1233 mWv 19.4.1975 <BR/>Umsetzung durch V 9504-7 v. 30.6.1975 I 1785 idF d. Bek. v. 1.3.2022</P></Content></fussnoten></textdaten></norm>
</dokumente>