<?xml version="1.0" encoding="UTF-8" ?><!DOCTYPE dokumente SYSTEM "http://www.gesetze-im-internet.de/dtd/1.01/gii-norm.dtd">
<dokumente builddate="20120625154507" doknr="BJNR920110989"><norm builddate="20120625154507" doknr="BJNR920110989"><metadaten><jurabk>BKOrgErl 1989-10</jurabk><ausfertigung-datum manuell="ja">1989-10-25</ausfertigung-datum><fundstelle typ="amtlich"><periodikum>BGBl I</periodikum><zitstelle>1989, 2011</zitstelle></fundstelle><langue>Organisationserlaß des Bundeskanzlers</langue></metadaten><textdaten><text format="XML"><Content><P/></Content></text><fussnoten><Content><P>Bek. v. 25.10.1989 I 2011</P></Content></fussnoten></textdaten></norm>
<norm builddate="20120625154507" doknr="BJNR920110989BJNE000100333"><metadaten><jurabk>BKOrgErl 1989-10</jurabk><enbez>(XXXX)</enbez></metadaten><textdaten><text format="XML"><Content><P>Dem Bundesminister für Umwelt, Naturschutz und Reaktorsicherheit wird aus dem Geschäftsbereich des Bundesministers für Verkehr die Zuständigkeit für die Verhütung der Meeresverschmutzung durch das Einbringen von Abfällen und anderen Stoffen in das Meer übertragen. <BR/>Die Einzelheiten der Übertragung werden zwischen den beteiligten Bundesministern geregelt und dem Chef des Bundeskanzleramtes mitgeteilt.</P></Content></text></textdaten></norm>
</dokumente>