<?xml version="1.0" encoding="UTF-8" ?><!DOCTYPE dokumente SYSTEM "http://www.gesetze-im-internet.de/dtd/1.01/gii-norm.dtd">
<dokumente builddate="20171231215318" doknr="BJNR208600995"><norm builddate="20171231215318" doknr="BJNR208600995"><metadaten><jurabk>FVG1971§5Abs3DV</jurabk><ausfertigung-datum manuell="ja">1995-12-19</ausfertigung-datum><fundstelle typ="amtlich"><periodikum>BGBl I</periodikum><zitstelle>1995, 2086</zitstelle></fundstelle><langue>Verordnung zur Durchführung von § 5 Abs. 3 des Finanzverwaltungsgesetzes</langue><standangabe checked="ja"><standtyp>Stand</standtyp><standkommentar>Zuletzt geändert durch Art. 1 V v. 12.7.2017 I 2360</standkommentar></standangabe></metadaten><textdaten><fussnoten><Content><P><BR/> <pre xml:space="preserve">(+++ Textnachweis ab: 1.1.1996 +++)<BR/><BR/></pre></P></Content></fussnoten></textdaten></norm>
<norm builddate="20171231215318" doknr="BJNR208600995BJNE000100000"><metadaten><jurabk>FVG1971§5Abs3DV</jurabk><enbez>Eingangsformel</enbez></metadaten><textdaten><text format="XML"><Content><P>Auf Grund des § 5 Abs. 3 des Finanzverwaltungsgesetzes, der durch Artikel 3 des Gesetzes vom 11. Oktober 1995 (BGBl. I S. 1250) eingefügt worden ist, verordnet das Bundesministerium der Finanzen:</P></Content></text></textdaten></norm>
<norm builddate="20171231215318" doknr="BJNR208600995BJNE000201308"><metadaten><jurabk>FVG1971§5Abs3DV</jurabk><enbez>§ 1</enbez><titel format="parat">Abrechnung durch das Bundeszentralamt für Steuern</titel></metadaten><textdaten><text format="XML"><Content><P>Die Mitfinanzierungsanteile der Länder und Gemeinden an den von den Familienkassen bei der Durchführung des Familienleistungsausgleichs nach § 5 Abs. 1 Nr. 11 des Finanzverwaltungsgesetzes ausgezahlten Steuervergütungen im Sinne des § 31 des Einkommensteuergesetzes sind zwischen Bund und Ländern monatlich durch das Bundeszentralamt für Steuern abzurechnen.</P></Content></text><fussnoten/></textdaten></norm>
<norm builddate="20171231215318" doknr="BJNR208600995BJNE000303360"><metadaten><jurabk>FVG1971§5Abs3DV</jurabk><enbez>§ 2</enbez><titel format="XML">Länderweise Aufteilung der Länder- und Gemeindeanteile</titel></metadaten><textdaten><text format="XML"><Content><P>Grundlage für die länderweise Aufteilung der Länder- und Gemeindeanteile an den gewährten Steuervergütungen bilden die von der Bundesagentur für Arbeit sowie vom Bundesverwaltungsamt dem Bundeszentralamt für Steuern jeweils bis zum dritten Werktag nach Ablauf eines Kalendermonats übermittelten länderweisen Aufstellungen über die im Vormonat von den Familienkassen ausgezahlten Steuervergütungen. Dabei sind auch Rückflüsse von ausgezahlten Steuervergütungen für den Monat des Zahlungseingangs zu erfassen. Bei der Zuordnung nach Ländern ist auf den Wohnsitz des Gläubigers der Steuervergütung abzustellen. Das Bundeszentralamt für Steuern leitet den Obersten Finanzbehörden der Länder jeweils bis zum 10. des Monats eine monatliche Abrechnung über die Erstattungsbeträge der einzelnen Länder einschließlich ihrer Gemeinden zu.</P></Content></text><fussnoten/></textdaten></norm>
<norm builddate="20171231215318" doknr="BJNR208600995BJNE000401360"><metadaten><jurabk>FVG1971§5Abs3DV</jurabk><enbez>§ 3</enbez><titel format="XML">Erstattung durch die Länder</titel></metadaten><textdaten><text format="XML"><Content><P>Die nach § 2 festgestellten Erstattungsbeträge der einzelnen Länder einschließlich ihrer Gemeinden sind von den Ländern bis zum 15. des dem Zahlungsmonat folgenden Monats an die Bundeskasse Trier zugunsten des Lohnsteuertitels zu überweisen. Der Abschlag nach § 5 Abs. 3 Satz 4 des Finanzverwaltungsgesetzes für den Monat Dezember ist jeweils bis zum 15. Dezember auf demselben Zahlungsweg zu leisten.</P></Content></text><fussnoten/></textdaten></norm>
<norm builddate="20171231215318" doknr="BJNR208600995BJNE000500000"><metadaten><jurabk>FVG1971§5Abs3DV</jurabk><enbez>§ 4</enbez><titel format="parat">Inkrafttreten</titel></metadaten><textdaten><text format="XML"><Content><P>Diese Verordnung tritt am 1. Januar 1996 in Kraft.</P></Content></text></textdaten></norm>
<norm builddate="20171231215318" doknr="BJNR208600995BJNE000600000"><metadaten><jurabk>FVG1971§5Abs3DV</jurabk><enbez>Schlußformel</enbez></metadaten><textdaten><text format="XML"><Content><P>Der Bundesrat hat zugestimmt.</P></Content></text></textdaten></norm>
</dokumente>