<?xml version="1.0" encoding="UTF-8" ?><!DOCTYPE dokumente SYSTEM "http://www.gesetze-im-internet.de/dtd/1.01/gii-norm.dtd">
<dokumente builddate="20120625154548" doknr="BJNR204030956"><norm builddate="20120625154548" doknr="BJNR204030956"><metadaten><jurabk>LuftVerkUSAAbkG</jurabk><ausfertigung-datum manuell="ja">1956-04-04</ausfertigung-datum><fundstelle typ="amtlich"><periodikum>BGBl II</periodikum><zitstelle>1956, 403</zitstelle></fundstelle><langue>Gesetz zu dem Abkommen vom 7. Juli 1955 über den Luftverkehr zwischen der
Bundesrepublik Deutschland und den Vereinigten Staaten von Amerika</langue></metadaten><textdaten><text format="decorated"/><fussnoten><Content><P>Seit 1978 nur noch unter den völkerrechtlichen Vereinbarungen im Fundstellennachweis B nachgewiesen</P></Content></fussnoten></textdaten></norm>
</dokumente>