<?xml version="1.0" encoding="UTF-8" ?><!DOCTYPE dokumente SYSTEM "http://www.gesetze-im-internet.de/dtd/1.01/gii-norm.dtd">
<dokumente builddate="20131202132710" doknr="BJNR178500008"><norm builddate="20131202132710" doknr="BJNR178500008"><metadaten><jurabk>Münz10EuroBek 2008-08-25</jurabk><ausfertigung-datum manuell="ja">2008-08-25</ausfertigung-datum><fundstelle typ="amtlich"><periodikum>BGBl I</periodikum><zitstelle>2008, 1785</zitstelle></fundstelle><langue>Bekanntmachung über die Ausprägung von deutschen Euro-Gedenkmünzen im Nennwert von 10 Euro (Gedenkmünze „Himmelsscheibe von Nebra“)</langue></metadaten><textdaten><fussnoten><Content><P><BR/> <pre xml:space="preserve">(+++ Textnachweis ab: 5.9.2008 +++)<BR/><BR/></pre></P></Content></fussnoten></textdaten></norm>
<norm builddate="20131202132710" doknr="BJNR178500008BJNE000100000"><metadaten><jurabk>Münz10EuroBek 2008-08-25</jurabk><enbez>(XXXX)</enbez></metadaten><textdaten><text format="XML"><Content><P>Gemäß den §§ 2, 4 und 5 des Münzgesetzes vom 16. Dezember 1999 (BGBl. I S. 2402) hat die Bundesregierung beschlossen, aus Anlass der am 4. Juli 1999 im Ziegelrodauer Forst bei Nebra, Sachsen-Anhalt, gefundenen „Himmelsscheibe“, bei der es sich um einen Schlüsselfund für die europäische Vorgeschichte, die Astronomiegeschichte sowie die frühe Religionsgeschichte handelt, eine deutsche Euro-Gedenkmünze im Nennwert von 10 Euro prägen zu lassen. Die Auflage der Münze beträgt 1 760 000 Stück, darunter maximal 260 000 Stück in Spiegelglanzausführung. Die Prägung erfolgt durch die Staatliche Münze Berlin.</P><P>Die Münze wird ab dem 9. Oktober 2008 in den Verkehr gebracht. Sie besteht aus einer Legierung von 925 Tausendteilen Silber und 75 Tausendteilen Kupfer, hat einen Durchmesser von 32,5 Millimetern und eine Masse von 18 Gramm. Das Gepräge auf beiden Seiten ist erhaben und wird von einem schützenden, glatten Randstab umgeben.</P><P>Auf der Bildseite der Münze ist der astronomische Inhalt der Himmelsscheibe von Nebra sowohl realistisch als auch stilisiert dargestellt. Im unteren Teil der Bildseite werden vom Fundort aus gesehen die Sichtachsen der Horizontbögen in Bezug zur Landschaft abgebildet. Auf den seitlichen Feldern sind der Sichelmond mit Frühlingszweigen und der herbstliche Vollmond mit kahlen Zweigen wiedergegeben. Das wichtige Bildelement der Plejaden wird in seiner korrekten astronomischen Stellung in Form von Sternen aufgenommen, über die eine Korrespondenz zu den Europa-Sternen der Wertseite hergestellt wird.</P><P>Die Wertseite zeigt einen Adler, den Schriftzug „BUNDESREPUBLIK DEUTSCHLAND“, die zwölf Europa-Sterne, die Wertziffer mit der Euro-Bezeichnung sowie die Jahreszahl 2008 und das Münzzeichen „A“ der Staatlichen Münze Berlin.</P><P>Der glatte Münzrand enthält in vertiefter Prägung die Inschrift:</P><P>„DER GESCHMIEDETE HIMMEL IM HERZEN EUROPAS“.</P><P>Der Entwurf der Münze stammt von Herrn Bodo Broschat, Berlin.</P></Content></text></textdaten></norm>
<norm builddate="20131202132710" doknr="BJNR178500008BJNE000200000"><metadaten><jurabk>Münz10EuroBek 2008-08-25</jurabk><enbez>Schlussformel</enbez></metadaten><textdaten><text format="XML"><Content><P><SP>Der Bundesminister der Finanzen</SP></P></Content></text></textdaten></norm>
<norm builddate="20131202132710" doknr="BJNR178500008BJNE000300000"><metadaten><jurabk>Münz10EuroBek 2008-08-25</jurabk><enbez>(XXXX)</enbez></metadaten><textdaten><text format="XML"><Content><kommentar typ="Fundstelle">( Fundstelle: BGBl. I 2008, 1785 )</kommentar><BR/><table frame="none" tocentry="%yes;"><tgroup align="left" char="" charoff="50" cols="2" colsep="0" rowsep="0"><colspec colname="col1" colnum="1" colwidth="5*"/><colspec colname="col2" colnum="2" colwidth="5*"/><tbody valign="top"><row><entry VJ="1" align="left" colname="col1" colsep="0" valign="top"><IMG Height="835" Pos="inline" SRC="bgbl1_2008_j1785-1_0010.jpg" Type="TIF" Units="265.113006591797" alt=""/></entry><entry VJ="1" align="right" colname="col2" colsep="0" valign="top"><IMG Height="843" Pos="inline" SRC="bgbl1_2008_j1785-1_0020.jpg" Type="TIF" Units="267.653015136719" alt=""/></entry></row></tbody></tgroup></table></Content></text></textdaten></norm>
</dokumente>