<?xml version="1.0" encoding="UTF-8" ?><!DOCTYPE dokumente SYSTEM "http://www.gesetze-im-internet.de/dtd/1.01/gii-norm.dtd">
<dokumente builddate="20220201213017" doknr="BJNR067200003"><norm builddate="20220201213017" doknr="BJNR067200003"><metadaten><jurabk>GoldSilberschmiedMstrV</jurabk><amtabk>GoldSilberschmiedMstrV</amtabk><ausfertigung-datum manuell="ja">2003-05-08</ausfertigung-datum><fundstelle typ="amtlich"><periodikum>BGBl I</periodikum><zitstelle>2003, 672</zitstelle></fundstelle><kurzue>Gold- und Silberschmiedemeisterverordnung</kurzue><langue>Verordnung über das Meisterprüfungsberufsbild und über die
Prüfungsanforderungen in den Teilen I und II der Meisterprüfung im
Gold- und Silberschmiede-Handwerk</langue><standangabe checked="ja"><standtyp>Stand</standtyp><standkommentar>Zuletzt geändert durch Art. 2 Abs. 42 V v. 18.1.2022 I 39</standkommentar></standangabe></metadaten><textdaten><text format="XML"><Content><P/></Content></text><fussnoten><Content><P><BR/> <pre xml:space="preserve">(+++ Textnachweis ab: 1.8.2003 +++)<BR/>(+++ Zur Anwendung vgl. § 9 +++)<BR/><BR/></pre>Erläuterungen zu der Meisterprüfungsverordnung im Gold- und Silberschmiede-Handwerk werden im Bundesanzeiger veröffentlicht.</P></Content></fussnoten></textdaten></norm>
<norm builddate="20220201213017" doknr="BJNR067200003BJNE000100000"><metadaten><jurabk>GoldSilberschmiedMstrV</jurabk><enbez>Eingangsformel</enbez></metadaten><textdaten><text format="XML"><Content><P>Auf Grund des § 45 der Handwerksordnung in der Fassung der Bekanntmachung vom 24. September 1998 (BGBl. I S. 3074), der durch Artikel 135 Nr. 3 der Verordnung vom 29. Oktober 2001 (BGBl. I S. 2785) geändert worden ist, in Verbindung mit § 1 des Zuständigkeitsanpassungsgesetzes vom 16. August 2002 (BGBl. I S. 3165) und dem Organisationserlass vom 22. Oktober 2002 (BGBl. I S. 4206) verordnet das Bundesministerium für Wirtschaft und Arbeit im Einvernehmen mit dem Bundesministerium für Bildung und Forschung:</P></Content></text></textdaten></norm>
<norm builddate="20220201213017" doknr="BJNR067200003BJNE000200000"><metadaten><jurabk>GoldSilberschmiedMstrV</jurabk><enbez>§ 1</enbez><titel format="parat">Gliederung und Inhalt der Meisterprüfung</titel></metadaten><textdaten><text format="XML"><Content><P>Die Meisterprüfung im Gold- und Silberschmiede-Handwerk umfasst folgende selbständige Prüfungsteile: <DL Font="normal" Type="arabic"><DT>1.</DT><DD Font="normal"><LA Size="normal">die Prüfung der meisterhaften Verrichtung der gebräuchlichen Arbeiten (Teil I),</LA></DD> <DT>2.</DT><DD Font="normal"><LA Size="normal">die Prüfung der erforderlichen fachtheoretischen Kenntnisse (Teil II),</LA></DD> <DT>3.</DT><DD Font="normal"><LA Size="normal">die Prüfung der erforderlichen betriebswirtschaftlichen, kaufmännischen und rechtlichen Kenntnisse (Teil III) und</LA></DD> <DT>4.</DT><DD Font="normal"><LA Size="normal">die Prüfung der erforderlichen berufs- und arbeitspädagogischen Kenntnisse (Teil IV).</LA></DD> </DL></P></Content></text></textdaten></norm>
<norm builddate="20220201213017" doknr="BJNR067200003BJNE000300000"><metadaten><jurabk>GoldSilberschmiedMstrV</jurabk><enbez>§ 2</enbez><titel format="parat">Meisterprüfungsberufsbild</titel></metadaten><textdaten><text format="XML"><Content><P>(1) Durch die Meisterprüfung im Gold- und Silberschmiede-Handwerk wird festgestellt, dass der Prüfling befähigt ist, einen Handwerksbetrieb selbständig zu führen, Leitungsaufgaben in den Bereichen Technik, Betriebswirtschaft, Personalführung und -entwicklung wahrzunehmen, die Ausbildung durchzuführen und seine berufliche Handlungskompetenz selbständig umzusetzen und an neue Bedarfslagen in diesen Bereichen anzupassen.</P><P>(2) Dem Gold- und Silberschmiede-Handwerk werden zum Zwecke der Meisterprüfung folgende Tätigkeiten, Kenntnisse und Fertigkeiten als ganzheitliche Qualifikationen zugerechnet: <DL Font="normal" Type="arabic"><DT>1.</DT><DD Font="normal"><LA Size="normal">Kundenwünsche ermitteln, Kunden beraten, Auftragsverhandlungen führen und Auftragsziele festlegen, Leistungen kalkulieren und Angebote erstellen,</LA></DD> <DT>2.</DT><DD Font="normal"><LA Size="normal">Aufgaben der technischen und kaufmännischen Betriebsführung, der Betriebsorganisation, der Personalplanung und des Personaleinsatzes wahrnehmen, insbesondere unter Berücksichtigung der betrieblichen Aus- und Weiterbildung, des Qualitätsmanagements, der Haftung sowie des Arbeitsschutzes, der Arbeitssicherheit und des Umweltschutzes, einschließlich der Verwendung lösemittelarmer oder wasserbasierender, lösemittelfreier Produkte; Informationssysteme nutzen,</LA></DD> <DT>3.</DT><DD Font="normal"><LA Size="normal">Aufträge durchführen unter Berücksichtigung von Fertigungsverfahren, Instandhaltungsalternativen, berufsbezogenen Gesetzen, Normen, Regeln und Vorschriften sowie des Personalbedarfs und der Ausbildung; Auftragsbearbeitung und Auftragsabwicklung organisieren, planen und überwachen,</LA></DD> <DT>4.</DT><DD Font="normal"><LA Size="normal">technische Arbeitspläne, technische Zeichnungen, Skizzen, Entwürfe und Modelle unter Berücksichtigung kreativer Gestaltungsaspekte auch unter Einsatz von rechnergestützten Systemen erstellen,</LA></DD> <DT>5.</DT><DD Font="normal"><LA Size="normal">Gold- und Silberschmiedearbeiten planen, entwerfen, herstellen, montieren und instand halten, dabei insbesondere die Bedeutung der Stilkunde, der sakralen Symbolik, der Heraldik, der Kunstgeschichte sowie der historischen und zeitgemäßen Entwicklung der Gold- und Silberschmiedekunst berücksichtigen,</LA></DD> <DT>6.</DT><DD Font="normal"><LA Size="normal">Arten und Eigenschaften zu verarbeitender Werkstoffe, einschließlich der Verfahren zur Oberflächenbehandlung bei der Planung und Fertigung von Gold- und Silberschmiedearbeiten berücksichtigen,</LA></DD> <DT>7.</DT><DD Font="normal"><LA Size="normal">Edelsteine, Perlen, Natur- und Kunststoffe sowie deren Synthesen, Dubletten und Imitationen prüfen, unterscheiden und bewerten,</LA></DD> <DT>8.</DT><DD Font="normal"><LA Size="normal">mechanische, chemische und elektrochemische Be- und Verarbeitungsverfahren zur Fertigung von Gold- und Silberschmiedearbeiten beherrschen, insbesondere Spanen, Umformen und Fügen,</LA></DD> <DT>9.</DT><DD Font="normal"><LA Size="normal">Legieren, Schmelzen und Gießen von Edelmetallen beherrschen, Guss- und Formteile gestaltend bearbeiten,</LA></DD> <DT>10.</DT><DD Font="normal"><LA Size="normal">Oberflächen unter Berücksichtigung kreativer Gestaltungsaspekte bearbeiten und veredeln,</LA></DD> <DT>11.</DT><DD Font="normal"><LA Size="normal">Fehler und Schäden an Gold- und Silberschmiedearbeiten feststellen, Maßnahmen zur Beseitigung von Fehlern und Schäden beherrschen, Ergebnisse bewerten und dokumentieren,</LA></DD> <DT>12.</DT><DD Font="normal"><LA Size="normal">Leistungen abnehmen und protokollieren, Nachkalkulation durchführen.</LA></DD> </DL></P></Content> </text></textdaten></norm>
<norm builddate="20220201213017" doknr="BJNR067200003BJNE000400000"><metadaten><jurabk>GoldSilberschmiedMstrV</jurabk><enbez>§ 3</enbez><titel format="parat">Gliederung, Prüfungsdauer und Bestehen des Teils I</titel></metadaten><textdaten><text format="XML"><Content><P>(1) Der Teil I der Meisterprüfung umfasst folgende Prüfungsbereiche: <DL Font="normal" Type="arabic"><DT>1.</DT><DD Font="normal"><LA Size="normal">ein Meisterprüfungsprojekt und ein darauf bezogenes Fachgespräch,</LA></DD> <DT>2.</DT><DD Font="normal"><LA Size="normal">eine Situationsaufgabe.</LA></DD> </DL> </P><P>(2) Die Anfertigung des Meisterprüfungsprojekts soll nicht länger als 14 Arbeitstage und das Fachgespräch nicht länger als 30 Minuten dauern. Die Ausführung der Situationsaufgabe soll acht Stunden nicht überschreiten.</P><P>(3) Meisterprüfungsprojekt, Fachgespräch und Situationsaufgabe werden gesondert bewertet. Die Prüfungsleistungen im Meisterprüfungsprojekt und im Fachgespräch werden im Verhältnis 3:1 gewichtet. Hieraus wird eine Gesamtbewertung gebildet. Diese Gesamtbewertung wird zum Prüfungsergebnis der Situationsaufgabe im Verhältnis 2:1 gewichtet.</P><P>(4) Mindestvoraussetzung für das Bestehen des Teils I der Meisterprüfung ist eine insgesamt ausreichende Prüfungsleistung, wobei die Prüfung weder im Meisterprüfungsprojekt noch im Fachgespräch noch in der Situationsaufgabe mit weniger als 30 Punkten bewertet worden sein darf.</P></Content>  </text></textdaten></norm>
<norm builddate="20220201213017" doknr="BJNR067200003BJNE000500000"><metadaten><jurabk>GoldSilberschmiedMstrV</jurabk><enbez>§ 4</enbez><titel format="parat">Meisterprüfungsprojekt</titel></metadaten><textdaten><text format="XML"><Content><P>(1) Der Prüfling hat ein Meisterprüfungsprojekt durchzuführen, das einem Kundenauftrag entspricht. Der Prüfling wählt eine Aufgabe gemäß Absatz 2 und erarbeitet einen Vorschlag für das Meisterprüfungsprojekt. Vor der Durchführung des Meisterprüfungsprojekts hat der Prüfling den Entwurf, einschließlich einer Zeitplanung, dem Meisterprüfungsausschuss zur Genehmigung vorzulegen.</P><P>(2) Als Meisterprüfungsprojekt ist eine der nachfolgenden Gold- oder Silberschmiedearbeiten herzustellen: <DL Font="normal" Type="arabic"><DT>1.</DT><DD Font="normal"><LA Size="normal">ein mit Juwelen oder edlen Steinen auszufassendes Schmuckstück oder ein Schmuckstück ohne Steine,</LA></DD> <DT>2.</DT><DD Font="normal"><LA Size="normal">ein profanes oder sakrales Erzeugnis aus edlen Metallen.</LA></DD> </DL> </P><P>(3) Das Meisterprüfungsprojekt nach Absatz 2 besteht aus: <DL Font="normal" Type="arabic"><DT>1.</DT><DD Font="normal"><LA Size="normal">Entwurf, Werkstattzeichnung, Kalkulation und Arbeitsplan,</LA></DD> <DT>2.</DT><DD Font="normal"><LA Size="normal">Anfertigung der Gold- oder Silberschmiedearbeit.</LA></DD> </DL> </P><P>(4) Entwurf, Werkstattzeichnung, Kalkulation und Arbeitsplan werden zusammen mit 45 vom Hundert und die angefertigte Gold- oder Silberschmiedearbeit mit 55 vom Hundert gewichtet.</P></Content> </text></textdaten></norm>
<norm builddate="20220201213017" doknr="BJNR067200003BJNE000600000"><metadaten><jurabk>GoldSilberschmiedMstrV</jurabk><enbez>§ 5</enbez><titel format="parat">Fachgespräch</titel></metadaten><textdaten><text format="XML"><Content><P>Auf der Grundlage der Prüfungsleistungen im Meisterprüfungsprojekt wird ein Fachgespräch geführt. Dabei soll der Prüfling zeigen, dass er die fachlichen Zusammenhänge aufzeigen kann, die dem Meisterprüfungsprojekt zugrunde liegen, dass er den Ablauf des Meisterprüfungsprojekts begründen und mit dem Meisterprüfungsprojekt verbundene berufsbezogene Probleme sowie deren Lösung darstellen kann und dabei in der Lage ist, neue Entwicklungen zu berücksichtigen.</P></Content></text></textdaten></norm>
<norm builddate="20220201213017" doknr="BJNR067200003BJNE000700000"><metadaten><jurabk>GoldSilberschmiedMstrV</jurabk><enbez>§ 6</enbez><titel format="parat">Situationsaufgabe</titel></metadaten><textdaten><text format="XML"><Content><P>(1) Die Situationsaufgabe vervollständigt den Qualifikationsnachweis für das Gold- und Silberschmiede-Handwerk.</P><P>(2) Als Situationsaufgabe ist eine der nachstehend aufgeführten Aufgaben unter Berücksichtigung von kreativen Gestaltungsaspekten, Qualität, Zeit, Materialeinsatz und Arbeitsorganisation auszuführen und zu dokumentieren. Die konkrete Aufgabenstellung erfolgt durch den Meisterprüfungsausschuss: <DL Font="normal" Type="arabic"><DT>1.</DT><DD Font="normal"><LA Size="normal">ein Schmuckstück, ein Gerät oder ein Teil davon anfertigen oder instand setzen; dabei mehrere Fertigungstechniken anwenden,</LA></DD> <DT>2.</DT><DD Font="normal"><LA Size="normal">eine Platte mit edlen Steinen ausfassen; dabei Fassungsart sowie Form und Farbe der Steine berücksichtigen.</LA></DD> </DL></P></Content> </text></textdaten></norm>
<norm builddate="20220201213017" doknr="BJNR067200003BJNE000801360"><metadaten><jurabk>GoldSilberschmiedMstrV</jurabk><enbez>§ 7</enbez><titel format="XML">Gliederung, Prüfungsdauer und Bestehen des Teils II</titel></metadaten><textdaten><text format="XML"><Content><P>(1) Durch die Prüfung in Teil II soll der Prüfling durch Verknüpfung gestalterischer, konzeptioneller, technologischer, ablaufbezogener, verfahrenstechnischer, werkstofftechnischer und mathematischer Kenntnisse nachweisen, dass er Probleme analysieren und bewerten sowie geeignete Lösungswege aufzeigen und dokumentieren kann.</P><P>(2) Prüfungsfächer sind: <DL Font="normal" Type="arabic"><DT>1.</DT><DD Font="normal"><LA Size="normal">Gestaltung und Technik,</LA></DD><DT>2.</DT><DD Font="normal"><LA Size="normal">Auftragsabwicklung,</LA></DD><DT>3.</DT><DD Font="normal"><LA Size="normal">Betriebsführung und Betriebsorganisation.</LA></DD></DL></P><P>(3) In jedem der Prüfungsfächer ist mindestens eine Aufgaben zu bearbeiten, die fallorientiert sein muss: <DL Font="normal" Type="arabic"><DT>1.</DT><DD Font="normal"><LA Size="normal">Gestaltung und Technik</LA><LA Size="normal">Der Prüfling soll nachweisen, dass er in der Lage ist, gestalterische und fertigungstechnische Aufgaben und Probleme unter Beachtung wirtschaftlicher und ökologischer Aspekte in einem Gold- und Silberschmiedebetrieb zu bearbeiten. Er soll fachliche Sachverhalte beurteilen und beschreiben. Bei der Aufgabenstellung sollen jeweils mehrere der nachfolgend aufgeführten Qualifikationen verknüpft werden:<DL Font="normal" Type="arabic"><DT>a)</DT><DD Font="normal"><LA Size="normal">Gold- und Silberschmiedearbeiten berechnen, Entwürfe bewerten und korrigieren,</LA></DD><DT>b)</DT><DD Font="normal"><LA Size="normal">Informationen für den Fertigungsprozess beurteilen, insbesondere Kundenwünsche, Stilelemente und Verarbeitungsrichtlinien; Werkstoffe, Werkzeuge und Maschinen auswählen und den entsprechenden Fertigungsverfahren zuordnen,</LA></DD><DT>c)</DT><DD Font="normal"><LA Size="normal">Arten, Eigenschaften und Verhalten zu verarbeitender Metallwerkstoffe und deren Legierungen unterscheiden, prüfen und bewerten; Legierungen und Verschnitte berechnen und protokollieren,</LA></DD><DT>d)</DT><DD Font="normal"><LA Size="normal">Edelsteine, Perlen, Natur- und Kunststoffe sowie deren Synthesen, Dubletten und Imitationen unterscheiden, prüfen und bewerten,</LA></DD><DT>e)</DT><DD Font="normal"><LA Size="normal">mechanische, chemische, elektrochemische sowie lasergestützte Verfahren für die Fertigung und Gestaltung von Gold- und Silberschmiedearbeiten unterscheiden und Verwendungszwecken zuordnen,</LA></DD><DT>f)</DT><DD Font="normal"><LA Size="normal">Verfahren zur Oberflächenbehandlung, -veredlung und -beschichtung auch unter Berücksichtigung kreativer Gestaltungsaspekte prüfen und bewerten; Gold- und Silberauflagen berechnen und protokollieren,</LA></DD><DT>g)</DT><DD Font="normal"><LA Size="normal">die Bedeutung der Stilkunde, der sakralen Symbolik, der Heraldik und der Kunstgeschichte sowie der historischen und zeitgemäßen Entwicklung der Gold- und Silberschmiedekunst für die Anfertigung oder Instandhaltung von Gold- und Silberschmiedearbeiten darstellen,</LA></DD><DT>h)</DT><DD Font="normal"><LA Size="normal">Skizzieren, Freihandzeichnen, perspektivisches Zeichnen und Kolorieren von Entwürfen beherrschen und anwenden;</LA></DD></DL></LA></DD><DT>2.</DT><DD Font="normal"><LA Size="normal">Auftragsabwicklung</LA><LA Size="normal">Der Prüfling soll nachweisen, dass er in der Lage ist, bei der Auftragsabwicklung die ablaufbezogenen Maßnahmen, die für den technischen und wirtschaftlichen Erfolg in einem Gold- und Silberschmiedebetrieb notwendig sind, kundenorientiert einzuleiten und abzuschließen. Bei der Aufgabenstellung sollen jeweils mehrere der nachfolgend aufgeführten Qualifikationen verknüpft werden:<DL Font="normal" Type="arabic"><DT>a)</DT><DD Font="normal"><LA Size="normal">Auftragsabwicklungsprozesse planen,</LA></DD><DT>b)</DT><DD Font="normal"><LA Size="normal">unter Berücksichtigung der Fertigungstechnik, der Montage sowie des Einsatzes von Material, Geräten und Personal Methoden und Verfahren der Arbeitsplanung und -organisation bewerten; dabei qualitätssichernde Aspekte darstellen sowie die Vor- und Nachkalkulation durchführen,</LA></DD><DT>c)</DT><DD Font="normal"><LA Size="normal">technische Arbeitspläne, insbesondere Skizzen, Zeichnungen und Abwicklungen, auch unter Anwendung von elektronischen Datenverarbeitungssystemen, erarbeiten, bewerten und korrigieren,</LA></DD><DT>d)</DT><DD Font="normal"><LA Size="normal">Daten erfassen und bewerten sowie Prüfergebnisse dokumentieren;</LA></DD></DL></LA></DD><DT>3.</DT><DD Font="normal"><LA Size="normal">Betriebsführung und Betriebsorganisation</LA><LA Size="normal">Der Prüfling soll nachweisen, dass er in der Lage ist, Aufgaben der Betriebsführung und der Betriebsorganisation in einem Gold- und Silberschmiedebetrieb wahrzunehmen. Bei der Aufgabenstellung sollen jeweils mehrere der nachfolgend aufgeführten Qualifikationen verknüpft werden:<DL Font="normal" Type="arabic"><DT>a)</DT><DD Font="normal"><LA Size="normal">betriebliche Kosten ermitteln, dabei betriebswirtschaftliche Zusammenhänge berücksichtigen,</LA></DD><DT>b)</DT><DD Font="normal"><LA Size="normal">Informations- und Kommunikationssysteme in Bezug auf ihre betrieblichen Einsatzmöglichkeiten beurteilen,</LA></DD><DT>c)</DT><DD Font="normal"><LA Size="normal">betriebliches Qualitätsmanagement planen und darstellen,</LA></DD><DT>d)</DT><DD Font="normal"><LA Size="normal">berufsbezogene Gesetze, Normen, Regeln und Vorschriften anwenden, insbesondere für den Umgang mit Edelmetallen, Gold- und Silberwaren,</LA></DD><DT>e)</DT><DD Font="normal"><LA Size="normal">die Haftung bei der Herstellung, der Instandhaltung und bei Dienstleistungen beurteilen,</LA></DD><DT>f)</DT><DD Font="normal"><LA Size="normal">Erfordernisse der Arbeitssicherheit, des Gesundheitsschutzes und des Umweltschutzes darstellen; Gefährdung beurteilen und Maßnahmen zur Gefahrenabwehr festlegen,</LA></DD><DT>g)</DT><DD Font="normal"><LA Size="normal">Betriebs- und Lagerausstattung sowie Logistik planen und darstellen,</LA></DD><DT>h)</DT><DD Font="normal"><LA Size="normal">Marketingmaßnahmen zur Kundenpflege und zur Gewinnung neuer Kunden entwerfen.</LA></DD></DL></LA></DD></DL></P><P>(4) Die Prüfung im Teil II ist schriftlich durchzuführen. Sie soll insgesamt nicht länger als acht Stunden dauern. Eine Prüfungsdauer von sechs Stunden täglich darf nicht überschritten werden.</P><P>(5) Wurden in höchstens zwei der in Absatz 2 genannten Prüfungsfächer jeweils mindestens 30 und weniger als 50 Punkte erreicht, kann in einem dieser Prüfungsfächer eine mündliche Ergänzungsprüfung durchgeführt werden, wenn diese das Bestehen des Teils II der Meisterprüfung ermöglicht.</P><P>(6) Mindestvoraussetzung für das Bestehen des Teils II der Meisterprüfung ist eine insgesamt ausreichende Prüfungsleistung. Die Prüfung des Teils II ist nicht bestanden, wenn <DL Font="normal" Type="arabic"><DT>1.</DT><DD Font="normal"><LA Size="normal">ein Prüfungsfach mit weniger als 30 Punkten bewertet worden ist oder</LA></DD><DT>2.</DT><DD Font="normal"><LA Size="normal">nach durchgeführter Ergänzungsprüfung zwei Prüfungsfächer jeweils mit weniger als 50 Punkten bewertet worden sind.</LA></DD></DL></P></Content></text><fussnoten><Content><P>(+++ § 7 Abs. 5 u. 6: Zur Anwendung vgl. § 9 +++)</P></Content></fussnoten></textdaten></norm>
<norm builddate="20220201213017" doknr="BJNR067200003BJNE000902128"><metadaten><jurabk>GoldSilberschmiedMstrV</jurabk><enbez>§ 8</enbez><titel format="XML">Allgemeine Prüfungs- und Verfahrensregelungen, weitere Regelungen zur Meisterprüfung</titel></metadaten><textdaten><text format="XML"><Content><P>(1) Die Vorschriften der Meisterprüfungsverfahrensverordnung bleiben unberührt.</P><P>(2) Die Prüfung in den Teilen III und IV der Meisterprüfung bestimmt sich nach der Allgemeinen Meisterprüfungsverordnung vom 26. Oktober 2011 (BGBl. I S. 2149) in der jeweils geltenden Fassung.</P></Content></text><fussnoten/></textdaten></norm>
<norm builddate="20220201213017" doknr="BJNR067200003BJNE001001360"><metadaten><jurabk>GoldSilberschmiedMstrV</jurabk><enbez>§ 9</enbez><titel format="XML">Übergangsvorschrift</titel></metadaten><textdaten><text format="XML"><Content><P>Die Regelungen des § 7 Absatz 5 und 6 gelten nicht für die bis zum 31. Dezember 2011 begonnenen Prüfungsverfahren. Diese werden nach den bisherigen Vorschriften zu Ende geführt.</P></Content></text><fussnoten/></textdaten></norm>
<norm builddate="20220201213017" doknr="BJNR067200003BJNE001100000"><metadaten><jurabk>GoldSilberschmiedMstrV</jurabk><enbez>§ 10</enbez><titel format="parat">Inkrafttreten, Außerkrafttreten</titel></metadaten><textdaten><text format="XML"><Content><P>Diese Verordnung tritt am 1. August 2003 in Kraft.</P></Content></text><fussnoten/></textdaten></norm>
</dokumente>