<?xml version="1.0" encoding="UTF-8" ?><!DOCTYPE dokumente SYSTEM "http://www.gesetze-im-internet.de/dtd/1.01/gii-norm.dtd">
<dokumente builddate="20131008093616" doknr="BJNR031320998"><norm builddate="20131008093616" doknr="BJNR031320998"><metadaten><jurabk>SozSichAbk AUT 1995</jurabk><ausfertigung-datum manuell="ja">1995-10-04</ausfertigung-datum><fundstelle typ="amtlich"><periodikum>BGBl II</periodikum><zitstelle>1998, 313</zitstelle></fundstelle><langue>Abkommen zwischen der Bundesrepublik Deutschland
und der Republik Österreich über Soziale Sicherheit</langue></metadaten><textdaten><text format="decorated"/><fussnoten><Content><P>G v. 30.3.1998 II 312 <BR/>In Kraft gem. Bek. v. 31.7.1998 II 2544 mWv 1.10.1998</P></Content></fussnoten></textdaten></norm>
</dokumente>