<?xml version="1.0" encoding="UTF-8" ?><!DOCTYPE dokumente SYSTEM "http://www.gesetze-im-internet.de/dtd/1.01/gii-norm.dtd">
<dokumente builddate="20130405130101" doknr="BJNR022880987"><norm builddate="20130405130101" doknr="BJNR022880987"><metadaten><jurabk>Münz10DMBek 1987-10</jurabk><ausfertigung-datum manuell="ja">1987-10-09</ausfertigung-datum><fundstelle typ="amtlich"><periodikum>BGBl I</periodikum><zitstelle>1987, 2288</zitstelle></fundstelle><langue>Bekanntmachung über die Ausprägung von Bundesmünzen im Nennwert von 10
Deutschen Mark (Gedenkmünze 30 Jahre Römische Verträge)</langue></metadaten><textdaten><text format="XML"><Content><P/></Content></text><fussnoten><Content><P>(+++ Textnachweis ab: 21.10.1987 +++)</P></Content></fussnoten></textdaten></norm>
<norm builddate="20130405130101" doknr="BJNR022880987BJNE000100308"><metadaten><jurabk>Münz10DMBek 1987-10</jurabk><enbez>(XXXX)</enbez></metadaten><textdaten><text format="XML"><Content><P>(1) Auf Grund des § 6 des Gesetzes über die Ausprägung von Scheidemünzen in der im Bundesgesetzblatt Teil III, Gliederungsnummer 690-1, veröffentlichten bereinigten Fassung hat die Bundesregierung beschlossen, zum 30. Jahrestag der Unterzeichnung der Römischen Verträge im Jahre 1987 eine Bundesmünze (Gedenkmünze) im Nennwert von 10 Deutschen Mark prägen zu lassen. Die Auflage der Münze beträgt 8,35 Millionen Stück. Die Prägung erfolgt in der Staatlichen Münze Karlsruhe.</P><P>(2) Die Münze wird ab 25. November 1987 in den Verkehr gebracht.</P><P>(3) Die Münze besteht aus einer Legierung von 625 Tausendteilen Silber und 375 Tausendteilen Kupfer. Sie hat einen Durchmesser von 32,5 Millimetern und ein Gewicht von 15,5 Gramm.</P><P>(4) Das Gepräge auf beiden Seiten ist erhaben und wird von einem schützenden glatten Randstab umgeben.</P><P>(5) Die Bildseite zeigt in sinnbildlicher Darstellung der Europäischen Gemeinschaft und ihrer Mitgliedstaaten ein von zwölf galoppierenden Pferden gezogenes Gefährt mit der Inschrift &quot;30 Jahre EG&quot;. Die Umschrift lautet: <DL Font="normal" Type="arabic"><DT/><DD Font="normal"><LA Size="normal">&quot;RÖMISCHE VERTRÄGE</LA><LA Size="normal">EUROPÄISCHE GEMEINSCHAFT 1957 - 1987<ABWFORMAT typ="A"/>.&quot;.</LA></DD></DL></P><P>(6) Die Wertseite trägt einen Adler, die Jahreszahl <ABWFORMAT typ="A"/>.1987., das Münzzeichen &quot;G&quot; der Staatlichen Münze Karlsruhe und die Umschrift <DL Font="normal" Type="arabic"><DT/><DD Font="normal"><LA Size="normal">&quot;BUNDESREPUBLIK DEUTSCHLAND</LA><LA Size="normal">10 DEUTSCHE MARK&quot;.</LA></DD></DL>Die Jahreszahl 1987 befindet sich in der Umschrift rechts neben dem Wort &quot;DEUTSCHLAND&quot;. Das Münzzeichen &quot;G&quot; steht zwischen den Schwanzfedern und dem rechten Fang des Adlers.</P><P>(7) Der glatte Münzrand enthält in vertiefter Prägung die Namen der Politiker, die beim Zustandekommen der Römischen Verträge eine besondere Rolle gespielt haben: ADENAUER, BECH, DE GASPERI, LUNS, SCHUMAN und SPAAK.</P><P>(8) Die Namen sind voneinander durch kleine Sterne getrennt.</P><P>(9) Der Entwurf der Münze stammt von Reinhart Heinsdorff, Ottmaring.<BR/><BR/><SP>Der Bundesminister der Finanzen</SP></P></Content></text></textdaten></norm>
<norm builddate="20130405130101" doknr="BJNR022880987BJNE000200308"><metadaten><jurabk>Münz10DMBek 1987-10</jurabk><enbez>(XXXX)</enbez><titel format="parat">Abbildung der Münze</titel></metadaten><textdaten><text format="XML"><Content><P><ABWFORMAT typ="E"/><kommentar typ="Fundstelle">(Inhalt: nicht darstellbare Abbildung, <BR/>Fundstelle: BGBl. I 1987, 2288)</kommentar></P></Content></text></textdaten></norm>
</dokumente>