<?xml version="1.0" encoding="UTF-8" ?><!DOCTYPE dokumente SYSTEM "http://www.gesetze-im-internet.de/dtd/1.01/gii-norm.dtd">
<dokumente builddate="20120625151714" doknr="BJNR204110984"><norm builddate="20120625151714" doknr="BJNR204110984"><metadaten><jurabk>IntKakaoÜbk 1980</jurabk><ausfertigung-datum manuell="ja">1980-11-19</ausfertigung-datum><fundstelle typ="amtlich"><periodikum>BGBl II</periodikum><zitstelle>1984, 411</zitstelle></fundstelle><langue>Internationales Kakao-Übereinkommen von 1980</langue></metadaten><textdaten><text format="decorated"/><fussnoten><Content><P>G v. 3.5.1984 II 410 <BR/>Beschluß des Rates v. 30.6.1981 ABl EG 1981 Nr. L 313, 1 <BR/>Vorläufig in Kraft mWv 1.8.1981 <BR/>Dieses Übereinkommen wird ersetzt durch das Internationale Kakao-Übereinkommen von 1986 v. 1.8.1986, ABl EG 1987 Nr. L 69, 24</P></Content></fussnoten></textdaten></norm>
</dokumente>