<?xml version="1.0" encoding="UTF-8" ?><!DOCTYPE dokumente SYSTEM "http://www.gesetze-im-internet.de/dtd/1.01/gii-norm.dtd">
<dokumente builddate="20130405125103" doknr="BJNR006460985"><norm builddate="20130405125103" doknr="BJNR006460985"><metadaten><jurabk>BVetrDBAnO 1985</jurabk><ausfertigung-datum manuell="ja">1985-03-21</ausfertigung-datum><fundstelle typ="amtlich"><periodikum>BGBl I</periodikum><zitstelle>1985, 646</zitstelle></fundstelle><langue>Allgemeine Anordnung über die Vertretung bei Klagen aus dem
Beamtenverhältnis im Bereich der Deutschen Bundesbahn</langue></metadaten><textdaten><text format="XML"><Content><P/></Content></text><fussnoten><Content><P>(+++ Textnachweis ab:  1. 5.1985 +++)</P></Content></fussnoten></textdaten></norm>
<norm builddate="20130405125103" doknr="BJNR006460985BJNE000100319"><metadaten><jurabk>BVetrDBAnO 1985</jurabk><enbez>I.</enbez></metadaten><textdaten><text format="XML"><Content><P>Auf Grund des § 174 Abs. 3 des Bundesbeamtengesetzes in der Fassung der Bekanntmachung vom 27. Februar 1985 (BGBl. I S. 479) ordnen wir an: <DL Font="normal" Type="arabic"><DT>1.</DT><DD Font="normal"><LA Size="normal">Zur gerichtlichen Vertretung der Deutschen Bundesbahn sind je innerhalb ihres Geschäftskreises die Bundesbahndirektionen, die Zentralstellen Absatz, Produktion, Technik, Rechnungswesen und Datenverarbeitung, die Bundesbahn-Zentralämter und das Bundesbahn-Sozialamt berufen. Dies gilt nicht für die Fälle, in denen dem Vorstand oder der Hauptverwaltung der Deutschen Bundesbahn die erste Entscheidung zusteht.</LA></DD> <DT>2.</DT><DD Font="normal"><LA Size="normal">Für die Geschäftsbereiche Bahnbus obliegt die gerichtliche Vertretung der Deutschen Bundesbahn den Bundesbahndirektionen, in deren Bezirk die Geschäftsbereiche Bahnbus ihren Sitz haben.</LA></DD> </DL>Wir behalten uns im Einzelfall die gerichtliche Vertretung der Deutschen Bundesbahn in den Fällen der Nummer 1 Satz 1 und der Nummer 2 dieser Allgemeinen Anordnung vor.</P></Content></text></textdaten></norm>
<norm builddate="20130405125103" doknr="BJNR006460985BJNE000200319"><metadaten><jurabk>BVetrDBAnO 1985</jurabk><enbez>II.</enbez></metadaten><textdaten><text format="XML"><Content><P>Diese Anordnung tritt am 1. Mai 1985 in Kraft.</P></Content></text><fussnoten/></textdaten></norm>
<norm builddate="20130405125103" doknr="BJNR006460985BJNE000300319"><metadaten><jurabk>BVetrDBAnO 1985</jurabk><enbez>Schlußformel</enbez></metadaten><textdaten><text format="XML"><Content><P><SP>Deutsche Bundesbahn</SP></P></Content></text></textdaten></norm>
</dokumente>