<?xml version="1.0" encoding="UTF-8" ?><!DOCTYPE dokumente SYSTEM "http://www.gesetze-im-internet.de/dtd/1.01/gii-norm.dtd">
<dokumente builddate="20241031213631" doknr="BJNR1460A0024"><norm builddate="20241031213631" doknr="BJNR1460A0024"><metadaten><jurabk>GGArt91cÄndVtr2G</jurabk><ausfertigung-datum manuell="ja">2024-10-23</ausfertigung-datum><fundstelle typ="amtlich"><periodikum>BGBl. I</periodikum><zitstelle>2024, Nr. 326</zitstelle></fundstelle><langue>Gesetz zum Zweiten IT-Änderungsstaatsvertrag</langue></metadaten><textdaten><fussnoten><Content><P><BR/> <pre xml:space="preserve">(+++ Textnachweis ab: 31.10.2024 +++)<BR/><BR/></pre></P></Content></fussnoten></textdaten></norm>
<norm builddate="20241031213631" doknr="BJNR1460A0024BJNE000100000"><metadaten><jurabk>GGArt91cÄndVtr2G</jurabk><enbez>Art 1</enbez></metadaten><textdaten><text format="XML"><Content><P>(1) Dem Zweiten Staatsvertrag zur Änderung des IT-Staatsvertrags (Zweiter IT-Änderungsstaatsvertrag) zwischen der Bundesrepublik Deutschland, dem Land Baden-Württemberg, dem Freistaat Bayern, dem Land Berlin, dem Land Brandenburg, der Freien Hansestadt Bremen, der Freien und Hansestadt Hamburg, dem Land Hessen, dem Land Mecklenburg-Vorpommern, dem Land Niedersachsen, dem Land Nordrhein-Westfalen, dem Land Rheinland-Pfalz, dem Saarland, dem Freistaat Sachsen, dem Land Sachsen-Anhalt, dem Land Schleswig-Holstein und dem Freistaat Thüringen wird zugestimmt.</P><P>(2) Der Zweite IT-Änderungsstaatsvertrag wird nachstehend veröffentlicht.</P></Content></text></textdaten></norm>
<norm builddate="20241031213631" doknr="BJNR1460A0024BJNE000200000"><metadaten><jurabk>GGArt91cÄndVtr2G</jurabk><enbez>Art 2</enbez></metadaten><textdaten><text format="XML"><Content><P>(1) Dieses Gesetz tritt am Tag nach der Verkündung in Kraft.</P><P>(2) Das Bundesministerium des Innern und für Heimat gibt den Tag, an dem die Vorschriften des Zweiten <NB>IT-Änderungsstaatsvertrags</NB> nach seinem Artikel 3 Absatz 1 Satz 1 in Kraft treten, im Bundesgesetzblatt bekannt. Gleiches gilt für den Fall, dass der Zweite IT-Änderungsstaatsvertrag nach seinem Artikel 3 Absatz 1 Satz 2 gegenstandslos wird oder der IT-Staatsvertrag nach seinem § 12 Absatz 2 außer Kraft tritt.</P></Content></text></textdaten></norm>
</dokumente>