<?xml version="1.0" encoding="UTF-8" ?><!DOCTYPE dokumente SYSTEM "http://www.gesetze-im-internet.de/dtd/1.01/gii-norm.dtd">
<dokumente builddate="20131008093616" doknr="BJNR031350974"><norm builddate="20131008093616" doknr="BJNR031350974"><metadaten><jurabk>KonjAusglRFrV</jurabk><ausfertigung-datum manuell="ja">1974-11-13</ausfertigung-datum><fundstelle typ="amtlich"><periodikum>BGBl I</periodikum><zitstelle>1974, 3135</zitstelle></fundstelle><langue>Verordnung über die Freigabe von Mitteln aus den
Konjunkturausgleichsrücklagen der Haushaltsjahre 1969 und 1970</langue></metadaten><textdaten><text format="XML"><Content><P/></Content></text><fussnoten><Content><P>(+++ Textnachweis ab: 17.11.1974 +++)</P></Content></fussnoten></textdaten></norm>
<norm builddate="20131008093616" doknr="BJNR031350974BJNE000100317"><metadaten><jurabk>KonjAusglRFrV</jurabk><enbez>Eingangsformel</enbez></metadaten><textdaten><text format="XML"><Content><P>Auf Grund des § 15 Abs. 5 des Gesetzes zur Förderung der Stabilität und des Wachstums der Wirtschaft vom 8. Juni 1967 (Bundesgesetzbl. I S. 582), geändert durch Artikel 12 des Finanzanpassungsgesetzes vom 30. August 1971 (Bundesgesetzbl. I S. 1426), verordnet die Bundesregierung nach Anhörung des Konjunkturrates für die öffentliche Hand mit Zustimmung des Bundesrates:</P></Content></text></textdaten></norm>
<norm builddate="20131008093616" doknr="BJNR031350974BJNE000200317"><metadaten><jurabk>KonjAusglRFrV</jurabk><enbez>§ 1</enbez></metadaten><textdaten><text format="XML"><Content><P>Aus den gemäß der Verordnung über die Bildung von Konjunkturausgleichsrücklagen durch Bund und Länder im Haushaltsjahr 1969 vom 24. Juli 1969 (Bundesgesetzbl. I S. 940) sowie der Verordnung über die Bildung von Konjunkturausgleichsrücklagen durch Bund und Länder im Haushaltsjahr 1970 vom 21. April 1970 (Bundesgesetzbl. I S. 411) auf Sonderkonten bei der Deutschen Bundesbank angesammelten Konjunkturausgleichsrücklagen werden folgende Beträge zur Entnahme freigegeben: <BR/>Für die Länder <BR/><table frame="none" tocentry="%yes;">
	<tgroup align="left" char="" charoff="50" cols="2" colsep="0" rowsep="0">
		<colspec colname="col1" colnum="1" colwidth="70*"/>
		<colspec colname="col2" colnum="2" colwidth="40*"/>
		<tbody valign="top">
			<row>
				<entry VJ="1" align="left" colsep="0" valign="top">Bayern..........................................................................</entry>
				<entry VJ="1" align="right" colsep="0" valign="top">5,696 Millionen DM</entry>
			</row>
			<row>
				<entry VJ="1" align="left" colsep="0" valign="top">Niedersachsen...............................................................</entry>
				<entry VJ="1" align="right" colsep="0" valign="top">28,021 Millionen DM</entry>
			</row>
			<row>
				<entry VJ="1" align="left" colsep="0" valign="top">Nordrhein-Westfalen.....................................................</entry>
				<entry VJ="1" align="right" colsep="0" valign="top">4,723 Millionen DM</entry>
			</row>
			<row>
				<entry VJ="1" align="left" colsep="0" valign="top">Rhein-Pfalz....................................................................</entry>
				<entry VJ="1" align="right" colsep="0" valign="top">9,557 Millionen DM</entry>
			</row>
			<row>
				<entry VJ="1" align="left" colsep="0" valign="top">Saarland........................................................................</entry>
				<entry VJ="1" align="right" colsep="0" valign="top">16,069 Millionen DM</entry>
			</row>
			<row>
				<entry VJ="1" align="left" colsep="0" valign="top">Schleswig-Holstein........................................................</entry>
				<entry VJ="1" align="right" colsep="0" valign="top">21,969 Millionen DM.</entry>
			</row>
		</tbody>
	</tgroup>
</table> </P></Content></text></textdaten></norm>
<norm builddate="20131008093616" doknr="BJNR031350974BJNE000300317"><metadaten><jurabk>KonjAusglRFrV</jurabk><enbez>§ 2</enbez></metadaten><textdaten><text format="XML"><Content><P>Diese Verordnung gilt nach § 14 des Dritten Überleitungsgesetzes vom 4. Januar 1952 (Bundesgesetzblatt I S. 1) in Verbindung mit § 32 des Gesetzes zur Förderung der Stabilität und des Wachstums der Wirtschaft auch im Land Berlin.</P></Content></text></textdaten></norm>
<norm builddate="20131008093616" doknr="BJNR031350974BJNE000400317"><metadaten><jurabk>KonjAusglRFrV</jurabk><enbez>§ 3</enbez></metadaten><textdaten><text format="XML"><Content><P>Diese Verordnung tritt am Tage nach ihrer Verkündung in Kraft.</P></Content></text></textdaten></norm>
</dokumente>