<?xml version="1.0" encoding="UTF-8" ?><!DOCTYPE dokumente SYSTEM "http://www.gesetze-im-internet.de/dtd/1.01/gii-norm.dtd">
<dokumente builddate="20130405130906" doknr="BJNR097300003"><norm builddate="20130405130906" doknr="BJNR097300003"><metadaten><jurabk>TextLabAusbV 2003</jurabk><ausfertigung-datum manuell="ja">2003-06-24</ausfertigung-datum><fundstelle typ="amtlich"><periodikum>BGBl I</periodikum><zitstelle>2003, 973</zitstelle></fundstelle><langue>Verordnung über die Berufsausbildung zum Textillaborant/zur
Textillaborantin</langue></metadaten><textdaten><text format="XML"><Content><P/></Content></text><fussnoten><Content><P><BR/> <pre xml:space="preserve">(+++ Textnachweis ab:  1. 8.2003 +++)<BR/><BR/></pre>Diese Rechtsverordnung ist eine Ausbildungsordnung im Sinne des § 25 des Berufsbildungsgesetzes. Die Ausbildungsordnung und der damit abgestimmte, von der Ständigen Konferenz der Kultusminister der Länder in der Bundesrepublik Deutschland beschlossene Rahmenlehrplan für die Berufsschule werden demnächst als Beilage zum Bundesanzeiger veröffentlicht.</P></Content></fussnoten></textdaten></norm>
<norm builddate="20130405130906" doknr="BJNR097300003BJNE000100000"><metadaten><jurabk>TextLabAusbV 2003</jurabk><enbez>Eingangsformel</enbez></metadaten><textdaten><text format="XML"><Content><P>Auf Grund des § 25 Abs. 1 in Verbindung mit Abs. 2 Satz 1 des Berufsbildungsgesetzes vom 14. August 1969 (BGBl. I S. 1112), der zuletzt durch Artikel 212 Nr. 2 der Verordnung vom 29. Oktober 2001 (BGBl. I S. 2785) geändert worden ist, in Verbindung mit § 1 des Zuständigkeitsanpassungsgesetzes vom 16. August 2002 (BGBl. I S. 3165) und dem Organisationserlass vom 22. Oktober 2002 (BGBl. I S. 4206) verordnet das Bundesministerium für Wirtschaft und Arbeit im Einvernehmen mit dem Bundesministerium für Bildung und Forschung:</P></Content></text></textdaten></norm>
<norm builddate="20130405130906" doknr="BJNR097300003BJNE000200000"><metadaten><jurabk>TextLabAusbV 2003</jurabk><enbez>§ 1</enbez><titel format="parat">Staatliche Anerkennung des Ausbildungsberufes</titel></metadaten><textdaten><text format="XML"><Content><P>Der Ausbildungsberuf Textillaborant/Textillaborantin wird staatlich anerkannt.</P></Content></text></textdaten></norm>
<norm builddate="20130405130906" doknr="BJNR097300003BJNE000300000"><metadaten><jurabk>TextLabAusbV 2003</jurabk><enbez>§ 2</enbez><titel format="parat">Ausbildungsdauer</titel></metadaten><textdaten><text format="XML"><Content><P>Die Ausbildung dauert dreieinhalb Jahre.</P></Content></text></textdaten></norm>
<norm builddate="20130405130906" doknr="BJNR097300003BJNE000400000"><metadaten><jurabk>TextLabAusbV 2003</jurabk><enbez>§ 3</enbez><titel format="parat">Zielsetzung der Berufsausbildung</titel></metadaten><textdaten><text format="XML"><Content><P>Die in dieser Verordnung genannten Fertigkeiten und Kenntnisse (Qualifikationen) sollen bezogen auf Arbeits- und Geschäftsprozesse vermittelt werden. Diese Qualifikationen sollen so vermittelt werden, dass die Auszubildenden zur Ausübung einer qualifizierten beruflichen Tätigkeit im Sinne des § 1 Abs. 2 des Berufsbildungsgesetzes befähigt werden, die insbesondere selbständiges Planen, Durchführen und Kontrollieren sowie das Handeln im betrieblichen Gesamtzusammenhang einschließt. Die in Satz 2 beschriebene Befähigung ist auch in den Prüfungen nach den §§ 8 und 9 nachzuweisen.</P></Content></text></textdaten></norm>
<norm builddate="20130405130906" doknr="BJNR097300003BJNE000500000"><metadaten><jurabk>TextLabAusbV 2003</jurabk><enbez>§ 4</enbez><titel format="parat">Ausbildungsplan</titel></metadaten><textdaten><text format="XML"><Content><P>Die Ausbildenden haben unter Zugrundelegung des Ausbildungsrahmenplans für die Auszubildenden einen Ausbildungsplan zu erstellen.</P></Content></text></textdaten></norm>
<norm builddate="20130405130906" doknr="BJNR097300003BJNE000600000"><metadaten><jurabk>TextLabAusbV 2003</jurabk><enbez>§ 5</enbez><titel format="parat">Berichtsheft</titel></metadaten><textdaten><text format="XML"><Content><P>Die Auszubildenden haben ein Berichtsheft in Form eines Ausbildungsnachweises zu führen. Ihnen ist Gelegenheit zu geben, das Berichtsheft während der Ausbildungszeit zu führen. Die Ausbildenden haben das Berichtsheft regelmäßig durchzusehen.</P></Content></text></textdaten></norm>
<norm builddate="20130405130906" doknr="BJNR097300003BJNE000700000"><metadaten><jurabk>TextLabAusbV 2003</jurabk><enbez>§ 6</enbez><titel format="parat">Ausbildungsberufsbild</titel></metadaten><textdaten><text format="XML"><Content><P>Gegenstand der Berufsausbildung sind mindestens die folgenden Qualifikationen: <DL Font="normal" Type="arabic"><DT>1.</DT><DD Font="normal"><LA Size="normal">Berufsbildung, Arbeits- und Tarifrecht,</LA></DD> <DT>2.</DT><DD Font="normal"><LA Size="normal">Aufbau und Organisation des Ausbildungsbetriebes,</LA></DD> <DT>3.</DT><DD Font="normal"><LA Size="normal">Sicherheit und Gesundheitsschutz bei der Arbeit,</LA></DD> <DT>4.</DT><DD Font="normal"><LA Size="normal">Umweltschutz,</LA></DD> <DT>5.</DT><DD Font="normal"><LA Size="normal">Textile Rohstoffe und Produkte,</LA></DD> <DT>6.</DT><DD Font="normal"><LA Size="normal">Planen und Vorbereiten von Arbeitsabläufen,</LA></DD> <DT>7.</DT><DD Font="normal"><LA Size="normal">Anwenden von Informations- und Kommunikationssystemen,</LA></DD> <DT>8.</DT><DD Font="normal"><LA Size="normal">Durchführen von qualitätssichernden Maßnahmen,</LA></DD> <DT>9.</DT><DD Font="normal"><LA Size="normal">Anwenden und Anfertigen von technischen Dokumentationen,</LA></DD> <DT>10.</DT><DD Font="normal"><LA Size="normal">Identifizieren von Faserstoffen,</LA></DD> <DT>11.</DT><DD Font="normal"><LA Size="normal">Vorbereiten von Proben,</LA></DD> <DT>12.</DT><DD Font="normal"><LA Size="normal">Anwenden von Prüfverfahren,</LA></DD> <DT>13.</DT><DD Font="normal"><LA Size="normal">Auswerten von Messergebnissen,</LA></DD> <DT>14.</DT><DD Font="normal"><LA Size="normal">Bestimmen der Merkmale von Faserstoffen, textilen Längen- und Flächengebilden,</LA></DD> <DT>15.</DT><DD Font="normal"><LA Size="normal">Umgehen mit Arbeitsstoffen,</LA></DD> <DT>16.</DT><DD Font="normal"><LA Size="normal">Bestimmen der Merkmale von Werk- und Arbeitsstoffen.</LA></DD> </DL></P></Content></text></textdaten></norm>
<norm builddate="20130405130906" doknr="BJNR097300003BJNE000800000"><metadaten><jurabk>TextLabAusbV 2003</jurabk><enbez>§ 7</enbez><titel format="parat">Ausbildungsrahmenplan</titel></metadaten><textdaten><text format="XML"><Content><P>Die in § 6 genannten Qualifikationen (Ausbildungsberufsbild) sollen unter Berücksichtigung der Schwerpunkte Textiltechnik, Textilveredlung und Textilchemie nach der in der Anlage enthaltenen Anleitung zur sachlichen und zeitlichen Gliederung der Berufsausbildung (Ausbildungsrahmenplan) vermittelt werden. Eine von dem Ausbildungsrahmenplan abweichende sachliche und zeitliche Gliederung der Ausbildungsinhalte ist insbesondere zulässig, soweit betriebspraktische Besonderheiten die Abweichung erfordern.</P></Content></text></textdaten></norm>
<norm builddate="20130405130906" doknr="BJNR097300003BJNE000900000"><metadaten><jurabk>TextLabAusbV 2003</jurabk><enbez>§ 8</enbez><titel format="parat">Zwischenprüfung</titel></metadaten><textdaten><text format="XML"><Content><P>(1) Zur Ermittlung des Ausbildungsstandes ist eine Zwischenprüfung durchzuführen. Sie soll vor dem Ende des zweiten Ausbildungsjahres stattfinden.</P><P>(2) Die Zwischenprüfung erstreckt sich auf die in der Anlage für das erste Ausbildungsjahr und für das dritte Ausbildungshalbjahr aufgeführten Qualifikationen sowie auf den im Berufsschulunterricht entsprechend dem Rahmenlehrplan zu vermittelnden Lehrstoff, soweit er für die Berufsausbildung wesentlich ist.</P><P>(3) Der Prüfling soll zeigen, dass er <DL Font="normal" Type="arabic"><DT>1.</DT><DD Font="normal"><LA Size="normal">Arbeitsabläufe strukturieren sowie Werk- und Hilfsstoffe, Arbeitsmittel und -geräte handhaben, technische Unterlagen sowie Informations- und Kommunikationssysteme nutzen,</LA></DD> <DT>2.</DT><DD Font="normal"><LA Size="normal">Messmittel justieren, verifizieren und kalibrieren, Arbeitsgeräte und Laboreinrichtungen instand halten,</LA></DD> <DT>3.</DT><DD Font="normal"><LA Size="normal">Analysieren und Mikroskopieren von Materialien, mechanisch-technologische Eigenschaften und thermisches Verhalten ermitteln sowie Konstruktionsmerkmale an Faserstoffen und textilen Längen- und Flächengebilden bestimmen,</LA></DD> <DT>4.</DT><DD Font="normal"><LA Size="normal">Arbeitsstoffe ansetzen, handhaben und nachweisen,</LA></DD> <DT>5.</DT><DD Font="normal"><LA Size="normal">Proben vorbereiten, Prüfmittel und Prüfverfahren festlegen,</LA></DD> <DT>6.</DT><DD Font="normal"><LA Size="normal">Prüfparameter einstellen, Prüfungen durchführen sowie Prüfverfahren und Prozessabläufe überwachen und Arbeitsergebnisse auswerten und dokumentieren, Sicherheitsregeln, Unfallverhütungsvorschriften und Umweltschutzbestimmungen einhalten</LA></DD> </DL>kann. Diese Anforderungen sollen an einer Materialprüfung einschließlich einer qualitativen Analyse, Herstellen der dazu notwendigen Lösungen und Bestimmen der Konstruktionsmerkmale nachgewiesen werden.</P><P>(4) Die Prüfung besteht aus der Ausführung einer komplexen Arbeitsaufgabe, die situative Gesprächsphasen und schriftliche Aufgabenstellungen beinhaltet. Die Prüfung soll in insgesamt höchstens sieben Stunden durchgeführt werden, wobei die Gesprächsphasen insgesamt höchstens zehn Minuten umfassen sollen. Die Aufgabenstellungen sollen einen zeitlichen Umfang von höchstens 120 Minuten haben.</P></Content>   </text></textdaten></norm>
<norm builddate="20130405130906" doknr="BJNR097300003BJNE001000000"><metadaten><jurabk>TextLabAusbV 2003</jurabk><enbez>§ 9</enbez><titel format="parat">Abschlussprüfung</titel></metadaten><textdaten><text format="XML"><Content><P>(1) Die Abschlussprüfung erstreckt sich auf die in der Anlage aufgeführten Qualifikationen sowie auf den im Berufsschulunterricht vermittelten Lehrstoff, soweit er für die Berufsausbildung wesentlich ist.</P><P>(2) Die Abschlussprüfung besteht aus den Prüfungsbereichen <DL Font="normal" Type="arabic"><DT>1.</DT><DD Font="normal"><LA Size="normal">Arbeitsauftrag,</LA></DD> <DT>2.</DT><DD Font="normal"><LA Size="normal">Prüftechnologie,</LA></DD> <DT>3.</DT><DD Font="normal"><LA Size="normal">Textilchemie und Textilphysik sowie</LA></DD> <DT>4.</DT><DD Font="normal"><LA Size="normal">Wirtschafts- und Sozialkunde.</LA></DD> </DL>Dabei sind Berufsbildung, Arbeits- und Tarifrecht, Aufbau und Organisation des Ausbildungsbetriebes, Sicherheit und Gesundheitsschutz bei der Arbeit, Umweltschutz, Planen und Vorbereiten von Arbeitsabläufen, Anwenden von Informations- und Kommunikationssystemen, Durchführen von qualitätssichernden Maßnahmen und Bestimmen der Merkmale von Faserstoffen, textilen Längen- und Flächengebilden zu berücksichtigen.</P><P>(3) Der Prüfling soll im Prüfungsbereich Arbeitsauftrag zeigen, dass er <DL Font="normal" Type="arabic"><DT>1.</DT><DD Font="normal"><LA Size="normal">Arbeitsabläufe unter Beachtung wirtschaftlicher, technischer, organisatorischer und zeitlicher Vorgaben selbständig und kundenorientiert planen und abstimmen,</LA></DD> <DT>2.</DT><DD Font="normal"><LA Size="normal">Prüfverfahren festlegen und unter Einhaltung der Prüfnormen vorbereiten und durchführen sowie Prüfverfahren und Prozessabläufe überwachen und bei Störungen Korrekturen vornehmen,</LA></DD> <DT>3.</DT><DD Font="normal"><LA Size="normal">Kenndaten ermitteln, statistische Verfahren anwenden, Messergebnisse auswerten, darstellen und interpretieren sowie Arbeitsergebnisse kontrollieren und dokumentieren,</LA></DD> <DT>4.</DT><DD Font="normal"><LA Size="normal">fremdsprachliche Dokumentationen handhaben und technische Dokumentationen erstellen,</LA></DD> <DT>5.</DT><DD Font="normal"><LA Size="normal">mechanisch-technologische Eigenschaften an textilen Flächengebilden und Ungleichmäßigkeiten an textilen Längengebilden bestimmen,</LA></DD> <DT>6.</DT><DD Font="normal"><LA Size="normal">physikalische und chemische Zusammenhänge erkennen,</LA></DD> </DL>darüber hinaus im Schwerpunkt Textiltechnik <DL Font="normal" Type="arabic"><DT>1.</DT><DD Font="normal"><LA Size="normal">Verarbeitungskriterien und anwendungstechnisches Verhalten bestimmen,</LA></DD> <DT>2.</DT><DD Font="normal"><LA Size="normal">ökologische Anforderungen, Widerstandsfähigkeit gegenüber mechanischen, thermischen, chemischen, witterungsbedingten, biologischen, elektrischen und elektromagnetischen Einflüssen prüfen,</LA></DD> </DL>darüber hinaus im Schwerpunkt Textilveredlung <DL Font="normal" Type="arabic"><DT>1.</DT><DD Font="normal"><LA Size="normal">Wasseruntersuchungen durchführen, Behandlungsflotten oder -pasten sowie Prozesswasser quantitativ bestimmen,</LA></DD> <DT>2.</DT><DD Font="normal"><LA Size="normal">produktspezifische Eigenschaften von Textilhilfsmitteln bestimmen und ihre Wirkungsweise prüfen sowie Rezepturen erstellen und prüfen, optische Messungen durchführen,</LA></DD> <DT>3.</DT><DD Font="normal"><LA Size="normal">produktspezifische Eigenschaften von Farbmitteln bestimmen und ihre Wirksamkeit prüfen sowie Rezepturen erstellen und prüfen, Farbmessungen durchführen,</LA></DD> </DL>darüber hinaus im Schwerpunkt Textilchemie <DL Font="normal" Type="arabic"><DT>1.</DT><DD Font="normal"><LA Size="normal">Wasseruntersuchungen durchführen, Behandlungsflotten oder -pasten sowie Prozesswasser quantitativ bestimmen,</LA></DD> <DT>2.</DT><DD Font="normal"><LA Size="normal">Analyseverfahren anwenden, anwendungsspezifische Wirksamkeit prüfen und Synthesen durchführen,</LA></DD> <DT>3.</DT><DD Font="normal"><LA Size="normal">produktspezifische, anwendungsrelevante, sicherheitsrelevante Eigenschaften bestimmen, umweltbezogene Arbeitstechniken anwenden</LA></DD> </DL>kann. Zum Nachweis kommen insbesondere <DL Font="normal" Type="arabic"><DT>1.</DT><DD Font="normal"><LA Size="normal">im Schwerpunkt Textiltechnik:</LA><LA Size="normal">die Durchführung einer Materialprüfung an einem textilen Längen- und Flächengebilde einschließlich Materialanalyse, Bestimmen der mechanisch-technologischen Eigenschaften, der Konstruktionsmerkmale sowie der Widerstandsfähigkeit gegenüber physikalischen oder chemischen Einflüssen,</LA></DD>  <DT>2.</DT><DD Font="normal"><LA Size="normal">im Schwerpunkt Textilveredlung:</LA><LA Size="normal">die Durchführung einer Materialprüfung an einem textilen Längen- und Flächengebilde einschließlich Materialanalyse, Bestimmen der Konstruktionsmerkmale und Bestimmen der anwendungstechnischen Eigenschaften und Wirksamkeit von Textilhilfs- oder Farbmitteln sowie Analysieren von Wasser oder Lösungen,</LA></DD>  <DT>3.</DT><DD Font="normal"><LA Size="normal">im Schwerpunkt Textilchemie:</LA><LA Size="normal">die Durchführung einer Materialprüfung an einem textilen Längen- und Flächengebilde einschließlich Materialanalyse, Bestimmen der Konstruktionsmerkmale, Bestimmen der anwendungsspezifischen Wirksamkeit von Arbeitsstoffen und Bestimmen der Zusammensetzung oder der produktspezifischen Eigenschaften von Arbeitsstoffen oder Herstellen eines Arbeitsstoffes nach Rezeptur</LA></DD>  </DL>in Betracht.</P><P>(4) Der Prüfling soll zum Nachweis der Anforderungen im Prüfungsbereich Arbeitsauftrag <DL Font="normal" Type="arabic"><DT>1.</DT><DD Font="normal"><LA Size="normal">in höchstens 14 Stunden einen betrieblichen Auftrag durchführen und mit praxisbezogenen Unterlagen dokumentieren sowie darüber ein Fachgespräch von höchstens 30 Minuten führen. Das Fachgespräch wird auf der Grundlage der Dokumentation des durchgeführten betrieblichen Auftrags geführt, mit dem Ziel, die prozessrelevanten Kompetenzen in Bezug zur Auftragsdurchführung zu bewerten. Unter Berücksichtigung der praxisbezogenen Unterlagen sollen durch das Fachgespräch die prozessrelevanten Qualifikationen in Bezug zur Auftragsdurchführung bewertet werden. Dem Prüfungsausschuss ist vor der Durchführung des Auftrags die Aufgabenstellung einschließlich eines geplanten Bearbeitungszeitraums zur Genehmigung vorzulegen,</LA><LA Size="normal">oder</LA></DD>  <DT>2.</DT><DD Font="normal"><LA Size="normal">in höchstens acht Stunden eine praktische Aufgabe vorbereiten, durchführen, nachbereiten und mit aufgabenspezifischen Unterlagen dokumentieren sowie darüber ein begleitendes Fachgespräch von insgesamt höchstens 20 Minuten führen. Durch Beobachtungen der Durchführung der praktischen Aufgabe, die aufgabenspezifischen Unterlagen und das Fachgespräch sollen die prozessrelevanten Qualifikationen in Bezug zu der Durchführung der praktischen Aufgabe bewertet werden.</LA></DD> </DL> </P><P>(5) Der Ausbildungsbetrieb wählt die Prüfungsvariante nach Absatz 4 aus und teilt sie dem Prüfling und der zuständigen Stelle mit der Anmeldung zur Prüfung mit.</P><P>(6) Der Prüfling soll im Prüfungsbereich Prüftechnologie in höchstens 90 Minuten Qualifikationen aus dem Bereich mechanisch-technologische Eigenschaften und Verwendung von Faserstoffen, textilen Längen- und Flächengebilden, Prüfverfahren und Prüfmittel, Probeentnahme und -vorbereitung, Berechnen, Auswerten und Interpretieren von fachspezifischen Kenndaten nachweisen.</P><P>(7) Der Prüfling soll im Prüfungsbereich Textilchemie und Textilphysik in höchstens 150 Minuten Qualifikationen aus dem Bereich Analysieren von Faserstoffen, Eigenschaften von Natur- und Chemiefasern, Herstellen von Chemiefasern, Veredlungsverfahren, Textilhilfsmitteln, Textilchemikalien und Farbmittel, physikalischen Untersuchungsmethoden, Stöchiometrie, physikalische und chemische Berechnungen nachweisen.</P><P>(8) In den Prüfungsbereichen Prüftechnologie, Textilchemie und Textilphysik soll der Prüfling zeigen, dass er praxisbezogene Fälle mit verknüpften informationstechnischen, technologischen, physikalischen und chemischen Inhalten analysieren, bewerten und lösen kann. Dabei sollen die Sicherheit und der Gesundheitsschutz bei der Arbeit, der Umweltschutz, der Umgang mit Informations- und Kommunikationssystemen, kundenorientierte sowie qualitätssichernde Maßnahmen einbezogen werden.</P><P>(9) Der Prüfling soll im Prüfungsbereich Wirtschafts- und Sozialkunde in höchstens 60 Minuten praxisbezogene handlungsorientierte Aufgaben bearbeiten und dabei zeigen, dass er allgemeine wirtschaftliche und gesellschaftliche Zusammenhänge der Berufs- und Arbeitswelt darstellen und beurteilen kann.</P><P>(10) Die Abschlussprüfung ist bestanden, wenn <DL Font="normal" Type="arabic"><DT>1.</DT><DD Font="normal"><LA Size="normal">im Prüfungsbereich Arbeitsauftrag und</LA></DD> <DT>2.</DT><DD Font="normal"><LA Size="normal">im Gesamtergebnis der Prüfungsbereiche Prüftechnologie, Textilchemie und Textilphysik sowie Wirtschafts- und Sozialkunde</LA></DD> </DL>jeweils mindestens ausreichende Leistungen erbracht wurden. Dabei haben die Prüfungsbereiche Prüftechnologie sowie Textilchemie und Textilphysik jeweils das doppelte Gewicht gegenüber dem Prüfungsbereich Wirtschafts- und Sozialkunde. In zwei der Prüfungsbereiche nach Nummer 2 müssen mindestens ausreichende Leistungen, in dem dritten Prüfungsbereich nach Nummer 2 dürfen keine ungenügenden Leistungen erbracht worden sein.</P><P>(11) Die Prüfungsbereiche Prüftechnologie, Textilchemie und Textilphysik sowie Wirtschafts- und Sozialkunde sind auf Antrag des Prüflings oder nach Ermessen des Prüfungsausschusses in einzelnen Prüfungsbereichen durch eine mündliche Prüfung zu ergänzen, wenn diese für das Bestehen der Prüfung den Ausschlag geben kann. Bei der Ermittlung des Ergebnisses für die mündlich geprüften Prüfungsbereiche sind das bisherige Ergebnis und das Ergebnis der mündlichen Ergänzungsprüfung im Verhältnis 2:1 zu gewichten.</P></Content>         </text></textdaten></norm>
<norm builddate="20130405130906" doknr="BJNR097300003BJNE001100000"><metadaten><jurabk>TextLabAusbV 2003</jurabk><enbez>§ 10</enbez><titel format="parat">Übergangsregelung</titel></metadaten><textdaten><text format="XML"><Content><P>Auf Berufsausbildungsverhältnisse, die bei Inkrafttreten dieser Verordnung bestehen, sind die bisherigen Vorschriften weiter anzuwenden, es sei denn, die Vertragsparteien vereinbaren die Anwendung der Vorschriften dieser Verordnung.</P></Content></text></textdaten></norm>
<norm builddate="20130405130906" doknr="BJNR097300003BJNE001200000"><metadaten><jurabk>TextLabAusbV 2003</jurabk><enbez>§ 11</enbez><titel format="parat">Inkrafttreten, Außerkrafttreten</titel></metadaten><textdaten><text format="XML"><Content><P>Diese Verordnung tritt am 1. August 2003 in Kraft.</P></Content></text><fussnoten/></textdaten></norm>
<norm builddate="20130405130906" doknr="BJNR097300003BJNE001300000"><metadaten><jurabk>TextLabAusbV 2003</jurabk><enbez>Anlage</enbez><titel format="XML">(zu § 7)
<BR/>
Ausbildungsrahmenplan für die Berufsausbildung zum
Textillaborant/zur Textillaborantin</titel></metadaten><textdaten><text format="XML"><Content><P><table frame="bottom" tocentry="%yes;"><tgroup align="left" char="" charoff="50" cols="6" rowsep="0"><colspec colname="col1" colnum="1" colsep="1" colwidth="5*"/><colspec colname="col2" colnum="2" colsep="1" colwidth="20*"/><colspec colname="col3" colnum="3" colsep="0" colwidth="5*"/><colspec colname="col4" colnum="4" colsep="1" colwidth="50*"/><colspec colname="col5" colnum="5" colsep="1" colwidth="10*"/><colspec colname="col6" colnum="6" colsep="0" colwidth="10*"/><tbody valign="top"><row rowsep="1"><entry VJ="1" align="left" colsep="0" nameend="col6" namest="col1" valign="top"><noindex><kommentar typ="Fundstelle">(Fundstelle: BGBl. I 2003, 977 - 983)</kommentar></noindex></entry></row><row rowsep="1"><entry VJ="1" align="left" colsep="0" morerows="1" valign="middle">Lfd. Nr.</entry><entry VJ="1" align="center" colsep="0" morerows="1" valign="middle">Teil des Ausbildungsberufsbildes</entry><entry VJ="1" align="center" colsep="1" morerows="1" nameend="col4" namest="col3" valign="middle">Zu vermittelnde Fertigkeiten und Kenntnisse</entry><entry VJ="1" align="center" colsep="0" nameend="col6" namest="col5" valign="top">Zeitliche Richtwerte in Wochen im</entry></row><row rowsep="1"><entry VJ="1" align="center" colsep="0" valign="middle">1.-18. Monat</entry><entry VJ="1" align="center" colsep="0" valign="middle">19.-42. Monat</entry></row><row rowsep="1"><entry VJ="1" align="center" colsep="0" valign="middle">1</entry><entry VJ="1" align="center" colsep="0" valign="middle">2</entry><entry VJ="1" align="center" colsep="1" nameend="col4" namest="col3" valign="middle">3</entry><entry VJ="1" align="center" colsep="0" nameend="col6" namest="col5" valign="middle">4</entry></row><row><entry VJ="1" align="right" colsep="0" morerows="4" rowsep="1" valign="top">1</entry><entry VJ="1" align="left" colsep="0" morerows="4" rowsep="1" valign="top">Berufsbildung, Arbeits- und Tarifrecht (§ 6 Nr. 1)</entry><entry VJ="1" align="left" colsep="0" valign="top">a)</entry><entry VJ="1" align="left" colsep="0" valign="top">Bedeutung des Ausbildungsvertrages, insbesondere Abschluss, Dauer und Beendigung erklären</entry><entry VJ="1" align="left" colsep="0" morerows="23" nameend="col6" namest="col5" rowsep="1" valign="middle">während der gesamten Ausbildung zu vermitteln</entry></row><row><entry VJ="1" align="left" colsep="0" valign="top">b)</entry><entry VJ="1" align="left" colsep="0" valign="top">gegenseitige Rechte und Pflichten aus dem Ausbildungsvertrag nennen</entry></row><row><entry VJ="1" align="left" colsep="0" valign="top">c)</entry><entry VJ="1" align="left" colsep="0" valign="top">Möglichkeiten der beruflichen Fortbildung nennen</entry></row><row><entry VJ="1" align="left" colsep="0" valign="top">d)</entry><entry VJ="1" align="left" colsep="0" valign="top">wesentliche Teile des Arbeitsvertrages nennen</entry></row><row rowsep="1"><entry VJ="1" align="left" colsep="0" valign="top">e)</entry><entry VJ="1" align="left" colsep="0" valign="top">wesentliche Bestimmungen der für den ausbildenden Betrieb geltenden Tarifverträge nennen</entry></row><row><entry VJ="1" align="right" colsep="0" morerows="3" rowsep="1" valign="top">2</entry><entry VJ="1" align="left" colsep="0" morerows="3" rowsep="1" valign="top">Aufbau und Organisation des Ausbildungsbetriebes (§ 6 Nr. 2)</entry><entry VJ="1" align="left" colsep="0" valign="top">a)</entry><entry VJ="1" align="left" colsep="0" valign="top">Aufbau und Aufgaben des ausbildenden Betriebes erläutern</entry></row><row><entry VJ="1" align="left" colsep="0" valign="top">b)</entry><entry VJ="1" align="left" colsep="0" valign="top">Grundfunktionen des ausbildenden Betriebes wie Beschaffung, Fertigung, Absatz und Verwaltung, erklären</entry></row><row><entry VJ="1" align="left" colsep="0" valign="top">c)</entry><entry VJ="1" align="left" colsep="0" valign="top">Beziehungen des ausbildenden Betriebes und seiner Beschäftigten zu Wirtschaftsorganisationen, Berufsvertretungen und Gewerkschaften nennen</entry></row><row rowsep="1"><entry VJ="1" align="left" colsep="0" valign="top">d)</entry><entry VJ="1" align="left" colsep="0" valign="top">Grundlagen, Aufgaben und Arbeitsweisen der betriebsverfassungs- oder personalvertretungsrechtlichen Organe des ausbildenden Betriebes beschreiben</entry></row><row><entry VJ="1" align="right" colsep="0" morerows="9" rowsep="1" valign="top">3</entry><entry VJ="1" align="left" colsep="0" morerows="9" rowsep="1" valign="top">Sicherheit und Gesundheitsschutz bei der Arbeit (§ 6 Nr. 3)</entry><entry VJ="1" align="left" colsep="0" valign="top">a)</entry><entry VJ="1" align="left" colsep="0" valign="top">Gefährdung von Sicherheit und Gesundheit am Arbeitsplatz feststellen und Maßnahmen zu ihrer Vermeidung ergreifen</entry></row><row><entry VJ="1" align="left" colsep="0" valign="top">b)</entry><entry VJ="1" align="left" colsep="0" valign="top">berufsbezogene Arbeitsschutz- und Unfallverhütungsvorschriften anwenden</entry></row><row><entry VJ="1" align="left" colsep="0" valign="top">c)</entry><entry VJ="1" align="left" colsep="0" valign="top">Verhaltensweisen bei Unfällen beschreiben sowie erste Maßnahmen einleiten</entry></row><row><entry VJ="1" align="left" colsep="0" valign="top">d)</entry><entry VJ="1" align="left" colsep="0" valign="top">Vorschriften des vorbeugenden Brandschutzes anwenden; Verhaltensweisen bei Bränden beschreiben und Maßnahmen zur Brandbekämpfung ergreifen</entry></row><row><entry VJ="1" align="left" colsep="0" valign="top">e)</entry><entry VJ="1" align="left" colsep="0" valign="top">Aufgaben der zuständigen Berufsgenossenschaften und der Gewerbeaufsicht erläutern</entry></row><row><entry VJ="1" align="left" colsep="0" valign="top">f)</entry><entry VJ="1" align="left" colsep="0" valign="top">persönliche Schutzausrüstungen auswählen und handhaben</entry></row><row><entry VJ="1" align="left" colsep="0" valign="top">g)</entry><entry VJ="1" align="left" colsep="0" valign="top">Sicherheitseinrichtungen am Arbeitsplatz bedienen und ihre Funktionsfähigkeit erhalten</entry></row><row><entry VJ="1" align="left" colsep="0" valign="top">h)</entry><entry VJ="1" align="left" colsep="0" valign="top">Vorschriften zum Umgang mit Gefahrstoffen anwenden, insbesondere Gefahrensymbole und -bezeichnungen von Arbeitsstoffen erklären und beachten</entry></row><row><entry VJ="1" align="left" colsep="0" valign="top">i)</entry><entry VJ="1" align="left" colsep="0" valign="top">Arbeitsstoffe kennzeichnen</entry></row><row rowsep="1"><entry VJ="1" align="left" colsep="0" valign="top">k)</entry><entry VJ="1" align="left" colsep="0" valign="top">Regeln der Arbeitshygiene anwenden</entry></row><row><entry VJ="1" align="right" colsep="0" morerows="4" rowsep="1" valign="top">4</entry><entry VJ="1" align="left" colsep="0" morerows="4" rowsep="1" valign="top">Umweltschutz (§ 6 Nr. 4)</entry><entry VJ="1" align="left" colsep="1" nameend="col4" namest="col3" valign="top">Zur Vermeidung betriebsbedingter Umweltbelastungen im beruflichen Einwirkungsbereich beitragen, insbesondere</entry></row><row><entry VJ="1" align="left" colsep="0" valign="top">a)</entry><entry VJ="1" align="left" colsep="0" valign="top">mögliche Umweltbelastungen durch den Ausbildungsbetrieb und seinen Beitrag zum Umweltschutz an Beispielen erklären</entry></row><row><entry VJ="1" align="left" colsep="0" valign="top">b)</entry><entry VJ="1" align="left" colsep="0" valign="top">für den Ausbildungsbetrieb geltende Regelungen des Umweltschutzes anwenden</entry></row><row><entry VJ="1" align="left" colsep="0" valign="top">c)</entry><entry VJ="1" align="left" colsep="0" valign="top">Möglichkeiten der wirtschaftlichen und umweltschonenden Energie- und Materialverwendung nutzen</entry></row><row rowsep="1"><entry VJ="1" align="left" colsep="0" valign="top">d)</entry><entry VJ="1" align="left" colsep="0" valign="top">Abfälle vermeiden; Stoffe und Materialien einer umweltschonenden Entsorgung zuführen</entry></row><row><entry VJ="1" align="right" colsep="0" morerows="9" rowsep="1" valign="top">5</entry><entry VJ="1" align="left" colsep="0" morerows="9" rowsep="1" valign="top">Textile Rohstoffe und Produkte (§ 6 Nr. 5)</entry><entry VJ="1" align="left" colsep="0" valign="top">a)</entry><entry VJ="1" align="left" colsep="0" valign="top">textile Faserstoffe nach Aufbau und Eigenschaften unterscheiden</entry><entry VJ="1" align="center" colsep="0" morerows="6" rowsep="1" valign="middle">12*)</entry><entry VJ="1" align="left" colsep="0" morerows="6" rowsep="1" valign="top"> </entry></row><row><entry VJ="1" align="left" colsep="0" valign="top">b)</entry><entry VJ="1" align="left" colsep="0" valign="top">Faserstoffarten bestimmen</entry></row><row><entry VJ="1" align="left" colsep="0" valign="top">c)</entry><entry VJ="1" align="left" colsep="0" valign="top">Spinn- und Zwirnverfahren unterscheiden, textile Längengebilde sowie deren Eigenschaften bestimmen, Feinheitsbezeichnungen, insbesondere nach dem tex-System, anwenden</entry></row><row><entry VJ="1" align="left" colsep="0" valign="top">e)</entry><entry VJ="1" align="left" colsep="0" valign="top">Fertigungstechnologien textiler Flächengebilde unterscheiden, Eigenschaften und Konstruktionsmerkmale bestimmen</entry></row><row><entry VJ="1" align="left" colsep="0" valign="top">e)</entry><entry VJ="1" align="left" colsep="0" valign="top">Einfluss des Klimas auf die Verarbeitung und die technischen Kennwerte von Textilien beachten</entry></row><row><entry VJ="1" align="left" colsep="0" valign="top">f)</entry><entry VJ="1" align="left" colsep="0" valign="top">Feuchtegehalt feststellen und Handelsmasse ermitteln</entry></row><row rowsep="1"><entry VJ="1" align="left" colsep="0" valign="top">g)</entry><entry VJ="1" align="left" colsep="0" valign="top">Feinheitsbe- und -umrechnungen sowie textile Flächenberechnungen durchführen</entry></row><row><entry VJ="1" align="left" colsep="0" valign="top">h)</entry><entry VJ="1" align="left" colsep="0" valign="top">Einfluss der Fasereigenschaften und -mischungen auf den Herstellungsprozess und das Fertigprodukt berücksichtigen</entry><entry VJ="1" align="left" colsep="0" morerows="2" rowsep="1" valign="top"> </entry><entry VJ="1" align="center" colsep="0" morerows="2" rowsep="1" valign="middle">10*)</entry></row><row><entry VJ="1" align="left" colsep="0" valign="top">i)</entry><entry VJ="1" align="left" colsep="0" valign="top">Veredlungsprozesse hinsichtlich iher Art und Auswirkung unterscheiden</entry></row><row rowsep="1"><entry VJ="1" align="left" colsep="0" valign="top">k)</entry><entry VJ="1" align="left" colsep="0" valign="top">Gebrauchs- und Pflegeanforderungen von Textilien unterscheiden</entry></row><row><entry VJ="1" align="right" colsep="0" morerows="6" rowsep="1" valign="top">6</entry><entry VJ="1" align="left" colsep="0" morerows="6" rowsep="1" valign="top">Planen und Vorbereiten von Arbeitsabläufen (§ 6 Nr. 6)</entry><entry VJ="1" align="left" colsep="0" valign="top">a)</entry><entry VJ="1" align="left" colsep="0" valign="top">Auftragsunterlagen prüfen, Auftragsziele und Arbeitsschritte festlegen</entry><entry VJ="1" align="center" colsep="0" morerows="2" rowsep="1" valign="middle">4*)</entry><entry VJ="1" align="left" colsep="0" morerows="2" rowsep="1" valign="top"> </entry></row><row><entry VJ="1" align="left" colsep="0" valign="top">b)</entry><entry VJ="1" align="left" colsep="0" valign="top">Werk- und Hilfsstoffe, Arbeitsmittel und -geräte auswählen und bereitstellen</entry></row><row rowsep="1"><entry VJ="1" align="left" colsep="0" valign="top">c)</entry><entry VJ="1" align="left" colsep="0" valign="top">Arbeitsplatz nach ergonomischen Gesichtspunkten einrichten</entry></row><row><entry VJ="1" align="left" colsep="0" valign="top">d)</entry><entry VJ="1" align="left" colsep="0" valign="top">Prüfmethoden abstimmen, Terminvorgaben beachten</entry><entry VJ="1" align="left" colsep="0" morerows="3" rowsep="1" valign="top"> </entry><entry VJ="1" align="center" colsep="0" morerows="3" rowsep="1" valign="middle">4*)</entry></row><row><entry VJ="1" align="left" colsep="0" valign="top">e)</entry><entry VJ="1" align="left" colsep="0" valign="top">Aufgaben im Team planen und bearbeiten, Ergebnisse abstimmen und auswerten</entry></row><row><entry VJ="1" align="left" colsep="0" valign="top">f)</entry><entry VJ="1" align="left" colsep="0" valign="top">Kommunikationstechniken anwenden, Sachverhalte darstellen, deutsche und englische Fachbegriffe verwenden</entry></row><row rowsep="1"><entry VJ="1" align="left" colsep="0" valign="top">g)</entry><entry VJ="1" align="left" colsep="0" valign="top">Maßnahmen zur Verbesserung der Arbeitsorganisation und zur Arbeitsplatzgestaltung vorschlagen</entry></row><row><entry VJ="1" align="right" colsep="0" morerows="3" rowsep="1" valign="top">7</entry><entry VJ="1" align="left" colsep="0" morerows="3" rowsep="1" valign="top">Anwenden von Informations- und Kommunikationssystemen (§ 6 Nr. 7)</entry><entry VJ="1" align="left" colsep="0" valign="top">a)</entry><entry VJ="1" align="left" colsep="0" valign="top">Informationsstrukturen nutzen, insbesondere Datenorganisation und -verwaltung sowie externe Datenbanken</entry><entry VJ="1" align="center" colsep="0" morerows="2" rowsep="1" valign="middle">4</entry><entry VJ="1" align="left" colsep="0" morerows="2" rowsep="1" valign="top"> </entry></row><row><entry VJ="1" align="left" colsep="0" valign="top">b)</entry><entry VJ="1" align="left" colsep="0" valign="top">Informationen auswählen, bewerten und einordnen</entry></row><row rowsep="1"><entry VJ="1" align="left" colsep="0" valign="top">c)</entry><entry VJ="1" align="left" colsep="0" valign="top">Daten sichern und Vorschriften des Datenschutzes anwenden</entry></row><row rowsep="1"><entry VJ="1" align="left" colsep="0" valign="top">d)</entry><entry VJ="1" align="left" colsep="0" valign="top">Anwendungsprogramme unterscheiden und einsetzen</entry><entry VJ="1" align="left" colsep="0" valign="top"> </entry><entry VJ="1" align="center" colsep="0" valign="middle">2</entry></row><row><entry VJ="1" align="right" colsep="0" morerows="7" rowsep="1" valign="top">8</entry><entry VJ="1" align="left" colsep="0" morerows="7" rowsep="1" valign="top">Durchführen von qualitätssichernden Maßnahmen (§ 6 Nr. 8)</entry><entry VJ="1" align="left" colsep="0" valign="top">a)</entry><entry VJ="1" align="left" colsep="0" valign="top">Ziele, Aufgaben, Bedeutung und Aufbau des betrieblichen Qualitätsmanagementsystems beschreiben</entry><entry VJ="1" align="center" colsep="0" morerows="3" rowsep="1" valign="middle">4*)</entry><entry VJ="1" align="left" colsep="0" morerows="3" rowsep="1" valign="top"> </entry></row><row><entry VJ="1" align="left" colsep="0" valign="top">b)</entry><entry VJ="1" align="left" colsep="0" valign="top">Funktionstüchtigkeit der Prüfgeräte sicherstellen</entry></row><row><entry VJ="1" align="left" colsep="0" valign="top">c)</entry><entry VJ="1" align="left" colsep="0" valign="top">Messmittel justieren, verifizieren und kalibrieren, Korrekturmaßnahmen einleiten</entry></row><row rowsep="1"><entry VJ="1" align="left" colsep="0" valign="top">d)</entry><entry VJ="1" align="left" colsep="0" valign="top">Prüfverfahren und Prozessabläufe, fortwährend auf Einhaltung der Vorgaben kontrollieren, bei Abweichungen Systemeinstellungen korrigieren</entry></row><row><entry VJ="1" align="left" colsep="0" valign="top">e)</entry><entry VJ="1" align="left" colsep="0" valign="top">Ursachen von Fehlern systematisch ermitteln, Korrektur- und Vorbeugungsmaßnahmen umsetzen</entry><entry VJ="1" align="left" colsep="0" morerows="3" rowsep="1" valign="top"> </entry><entry VJ="1" align="center" colsep="0" morerows="3" rowsep="1" valign="middle">4*)</entry></row><row><entry VJ="1" align="left" colsep="0" valign="top">f)</entry><entry VJ="1" align="left" colsep="0" valign="top">Qualitätsmanagement-Dokumentationen erstellen und anwenden</entry></row><row><entry VJ="1" align="left" colsep="0" valign="top">g)</entry><entry VJ="1" align="left" colsep="0" valign="top">Kundenanforderungen bei der Aufgabenerledigung einhalten, kundenorientiert handeln</entry></row><row rowsep="1"><entry VJ="1" align="left" colsep="0" valign="top">h)</entry><entry VJ="1" align="left" colsep="0" valign="top">Methoden und Instrumente des Qualitätsmanagements zur kontinuierlichen Verbesserung im eigenen Arbeitsbereich anwenden</entry></row><row><entry VJ="1" align="right" colsep="0" morerows="4" rowsep="1" valign="top">9</entry><entry VJ="1" align="left" colsep="0" morerows="4" rowsep="1" valign="top">Anwenden und Anfertigen von technischen Dokumentationen (§ 6 Nr. 9)</entry><entry VJ="1" align="left" colsep="0" valign="top">a)</entry><entry VJ="1" align="left" colsep="0" valign="top">technische Unterlagen handhaben, insbesondere Bedienungsanleitungen, Prüfnormen, Prüfvorschriften, Merkblätter, Richtlinien und Arbeitsanweisungen</entry><entry VJ="1" align="center" colsep="0" morerows="1" rowsep="1" valign="middle">4</entry><entry VJ="1" align="left" colsep="0" morerows="1" rowsep="1" valign="top"> </entry></row><row rowsep="1"><entry VJ="1" align="left" colsep="0" valign="top">b)</entry><entry VJ="1" align="left" colsep="0" valign="top">Skizzen und Zeichnungen anfertigen, insbesondere Bindungen und Legungen zeichnen</entry></row><row><entry VJ="1" align="left" colsep="0" valign="top">c)</entry><entry VJ="1" align="left" colsep="0" valign="top">technische Dokumentationen erstellen, insbesondere Prüfprotokolle und Zertifikate</entry><entry VJ="1" align="left" colsep="0" morerows="2" rowsep="1" valign="top"> </entry><entry VJ="1" align="center" colsep="0" morerows="2" rowsep="1" valign="middle">10</entry></row><row><entry VJ="1" align="left" colsep="0" valign="top">d)</entry><entry VJ="1" align="left" colsep="0" valign="top">fremdsprachige Dokumentationen handhaben, insbesondere Bedienungsanleitungen und Arbeitsanweisungen</entry></row><row rowsep="1"><entry VJ="1" align="left" colsep="0" valign="top">e)</entry><entry VJ="1" align="left" colsep="0" valign="top">Arbeitsabläufe beurteilen, Arbeitsergebnisse dokumentieren und darstellen</entry></row><row><entry VJ="1" align="right" colsep="0" morerows="5" rowsep="1" valign="top">10</entry><entry VJ="1" align="left" colsep="0" morerows="5" rowsep="1" valign="top">Identifizieren von Faserstoffen (§ 6 Nr. 10)</entry><entry VJ="1" align="left" colsep="0" valign="top">a)</entry><entry VJ="1" align="left" colsep="0" valign="top">Faserstoffe nach Anfärbemethoden unterscheiden</entry><entry VJ="1" align="center" colsep="0" morerows="5" rowsep="1" valign="middle">8</entry><entry VJ="1" align="left" colsep="0" morerows="5" rowsep="1" valign="top"> </entry></row><row><entry VJ="1" align="left" colsep="0" valign="top">b)</entry><entry VJ="1" align="left" colsep="0" valign="top">Faserstoffe mikroskopisch erkennen und bildlich darstellen, insbesondere Faserstrukturen</entry></row><row><entry VJ="1" align="left" colsep="0" valign="top">c)</entry><entry VJ="1" align="left" colsep="0" valign="top">Faserstoffe mittels chemischer und thermischer Verfahren identifizieren</entry></row><row><entry VJ="1" align="left" colsep="0" valign="top">d)</entry><entry VJ="1" align="left" colsep="0" valign="top">Faserstoffmischungsanteile qualitativ und quantitativ bestimmen und bewerten</entry></row><row><entry VJ="1" align="left" colsep="0" valign="top">e)</entry><entry VJ="1" align="left" colsep="0" valign="top">pH-Wert von Fasermaterial bestimmen</entry></row><row rowsep="1"><entry VJ="1" align="left" colsep="0" valign="top">f)</entry><entry VJ="1" align="left" colsep="0" valign="top">Arten von Faserschädigungen erkennen und klassifizieren</entry></row><row><entry VJ="1" align="right" colsep="0" morerows="3" rowsep="1" valign="top">11</entry><entry VJ="1" align="left" colsep="0" morerows="3" rowsep="1" valign="top">Vorbereiten von Proben (§ 6 Nr. 11)</entry><entry VJ="1" align="left" colsep="0" valign="top">a)</entry><entry VJ="1" align="left" colsep="0" valign="top">Verfahren zur Probeentnahme und Probenvorbereitung unterscheiden</entry><entry VJ="1" align="center" colsep="0" morerows="3" rowsep="1" valign="middle">7</entry><entry VJ="1" align="left" colsep="0" morerows="3" rowsep="1" valign="top"> </entry></row><row><entry VJ="1" align="left" colsep="0" valign="top">b)</entry><entry VJ="1" align="left" colsep="0" valign="top">Proben entnehmen, insbesondere nach genormten Stichprobenplänen</entry></row><row><entry VJ="1" align="left" colsep="0" valign="top">c)</entry><entry VJ="1" align="left" colsep="0" valign="top">Proben kennzeichnen und vorbehandeln</entry></row><row rowsep="1"><entry VJ="1" align="left" colsep="0" valign="top">d)</entry><entry VJ="1" align="left" colsep="0" valign="top">physikalische und chemische Einwirkungen auf Proben berücksichtigen</entry></row><row><entry VJ="1" align="right" colsep="0" morerows="5" rowsep="1" valign="top">12</entry><entry VJ="1" align="left" colsep="0" morerows="5" rowsep="1" valign="top">Anwenden von Prüfverfahren (§ 6 Nr. 12)</entry><entry VJ="1" align="left" colsep="0" valign="top">a)</entry><entry VJ="1" align="left" colsep="0" valign="top">Prüfverfahren festlegen</entry><entry VJ="1" align="center" colsep="0" morerows="4" rowsep="1" valign="middle">12</entry><entry VJ="1" align="left" colsep="0" morerows="4" rowsep="1" valign="top"> </entry></row><row><entry VJ="1" align="left" colsep="0" valign="top">b)</entry><entry VJ="1" align="left" colsep="0" valign="top">Einrichtungen und Arbeitsgeräte zum Einsatz vorbereiten und auf Funktionstüchtigkeit prüfen</entry></row><row><entry VJ="1" align="left" colsep="0" valign="top">c)</entry><entry VJ="1" align="left" colsep="0" valign="top">Prüfparameter einstellen, Prüfungen nach Anweisung durchführen, Kenndaten ermitteln</entry></row><row><entry VJ="1" align="left" colsep="0" valign="top">d)</entry><entry VJ="1" align="left" colsep="0" valign="top">Einflussgrößen auf das Mess- und Prüfergebnis berücksichtigen, insbesondere Prüfumgebung und Klima</entry></row><row rowsep="1"><entry VJ="1" align="left" colsep="0" valign="top">e)</entry><entry VJ="1" align="left" colsep="0" valign="top">bei Störungen Maßnahmen zur Fehlerbeseitigung einleiten</entry></row><row rowsep="1"><entry VJ="1" align="left" colsep="0" valign="top">f)</entry><entry VJ="1" align="left" colsep="0" valign="top">Prüfungen unter Einhaltung der Prüfnormen durchführen, Kenndaten ermitteln</entry><entry VJ="1" align="left" colsep="0" valign="top"> </entry><entry VJ="1" align="center" colsep="0" valign="middle">14</entry></row><row><entry VJ="1" align="right" colsep="0" morerows="4" rowsep="1" valign="top">13</entry><entry VJ="1" align="left" colsep="0" morerows="4" rowsep="1" valign="top">Auswerten von Messergebnissen (§ 6 Nr. 13)</entry><entry VJ="1" align="left" colsep="0" valign="top">a)</entry><entry VJ="1" align="left" colsep="0" valign="top">arithmetisches Mittel von Mess- und Prüfreihen berechnen und auswerten</entry><entry VJ="1" align="center" colsep="0" morerows="1" rowsep="1" valign="middle">7</entry><entry VJ="1" align="left" colsep="0" morerows="1" rowsep="1" valign="top"> </entry></row><row rowsep="1"><entry VJ="1" align="left" colsep="0" valign="top">b)</entry><entry VJ="1" align="left" colsep="0" valign="top">Prüfberichte erstellen</entry></row><row><entry VJ="1" align="left" colsep="0" valign="top">c)</entry><entry VJ="1" align="left" colsep="0" valign="top">Mess- und Prüfreihen berechnen, statistische Verfahren anwenden</entry><entry VJ="1" align="left" colsep="0" morerows="2" rowsep="1" valign="top"> </entry><entry VJ="1" align="center" colsep="0" morerows="2" rowsep="1" valign="middle">12</entry></row><row><entry VJ="1" align="left" colsep="0" valign="top">d)</entry><entry VJ="1" align="left" colsep="0" valign="top">bei Abweichungen Maßnahmen einleiten</entry></row><row rowsep="1"><entry VJ="1" align="left" colsep="0" valign="top">e)</entry><entry VJ="1" align="left" colsep="0" valign="top">Prüfergebnisse auswerten und interpretieren</entry></row><row><entry VJ="1" align="right" colsep="0" morerows="6" rowsep="1" valign="top">14</entry><entry VJ="1" align="left" colsep="0" morerows="6" rowsep="1" valign="top">Bestimmen der Merkmale von Faserstoffen, textilen Längen- und Flächengebilden (§ 6 Nr. 14)</entry><entry VJ="1" align="left" colsep="0" valign="top">a)</entry><entry VJ="1" align="left" colsep="0" valign="top">histologische Eigenschaften an Faserstoffen feststellen, insbesondere Länge und Feinheit</entry><entry VJ="1" align="center" colsep="0" morerows="4" rowsep="1" valign="middle">8</entry><entry VJ="1" align="left" colsep="0" morerows="4" rowsep="1" valign="top"> </entry></row><row><entry VJ="1" align="left" colsep="0" valign="top">b)</entry><entry VJ="1" align="left" colsep="0" valign="top">mechanisch-technologische Eigenschaften an Faserstoffen und textilen Längengebilden ermitteln, insbesondere Gleichmäßigkeit, Festigkeit und Dehnung</entry></row><row><entry VJ="1" align="left" colsep="0" valign="top">c)</entry><entry VJ="1" align="left" colsep="0" valign="top">thermisches Verhalten ermitteln, insbesondere Brennverhalten, Schrumpf und Schmelzpunkt</entry></row><row><entry VJ="1" align="left" colsep="0" valign="top">d)</entry><entry VJ="1" align="left" colsep="0" valign="top">Anlagerungen und Faserbegleitstoffe feststellen</entry></row><row rowsep="1"><entry VJ="1" align="left" colsep="0" valign="top">e)</entry><entry VJ="1" align="left" colsep="0" valign="top">Konstruktionsmerkmale an textilen Längengebilden bestimmen, insbesondere längenbezogene Masse und Drehung</entry></row><row><entry VJ="1" align="left" colsep="0" valign="top">f)</entry><entry VJ="1" align="left" colsep="0" valign="top">mechanisch-technologische Eigenschaften an textilen Flächengebilden und Verbundstoffen ermitteln, insbesondere Festigkeit, Dehnung und Verschleiß</entry><entry VJ="1" align="left" colsep="0" morerows="1" rowsep="1" valign="top"> </entry><entry VJ="1" align="center" colsep="0" morerows="1" rowsep="1" valign="middle">8</entry></row><row rowsep="1"><entry VJ="1" align="left" colsep="0" valign="top">g)</entry><entry VJ="1" align="left" colsep="0" valign="top">Ungleichmäßigkeit von textilen Längengebilden bestimmen, Fehlarten analysieren und klassifizieren</entry></row><row><entry VJ="1" align="right" colsep="0" morerows="5" rowsep="1" valign="top">15</entry><entry VJ="1" align="left" colsep="0" morerows="5" rowsep="1" valign="top">Umgehen mit Arbeitsstoffen (§ 6 Nr. 15)</entry><entry VJ="1" align="left" colsep="0" valign="top">a)</entry><entry VJ="1" align="left" colsep="0" valign="top">Lösemittel einsetzen, Lösungen herstellen, aufbewahren und entsorgen</entry><entry VJ="1" align="center" colsep="0" morerows="5" rowsep="1" valign="middle">8</entry><entry VJ="1" align="left" colsep="0" morerows="5" rowsep="1" valign="top"> </entry></row><row><entry VJ="1" align="left" colsep="0" valign="top">b)</entry><entry VJ="1" align="left" colsep="0" valign="top">Arbeitsstoffe nachweisen</entry></row><row><entry VJ="1" align="left" colsep="0" valign="top">c)</entry><entry VJ="1" align="left" colsep="0" valign="top">Flüssigkeiten prüfen, insbesondere Dichte und pH-Wert</entry></row><row><entry VJ="1" align="left" colsep="0" valign="top">d)</entry><entry VJ="1" align="left" colsep="0" valign="top">textilrelevante Basen, Säuren und Salze handhaben</entry></row><row><entry VJ="1" align="left" colsep="0" valign="top">e)</entry><entry VJ="1" align="left" colsep="0" valign="top">Gemenge und Gemische herstellen, trennen, aufbewahren und entsorgen</entry></row><row rowsep="1"><entry VJ="1" align="left" colsep="0" valign="top">f)</entry><entry VJ="1" align="left" colsep="0" valign="top">Chemikalien nachweisen, insbesondere Oxidations- und Reduktionsmittel</entry></row><row rowsep="1"><entry VJ="1" align="left" colsep="0" nameend="col6" namest="col1" valign="top">A: Schwerpunkt Textiltechnik</entry></row><row rowsep="1"><entry VJ="1" align="left" colsep="0" morerows="1" valign="middle">Lfd. Nr.</entry><entry VJ="1" align="center" colsep="0" morerows="1" valign="middle">Teil des Ausbildungsberufsbildes</entry><entry VJ="1" align="center" colsep="1" morerows="1" nameend="col4" namest="col3" valign="middle">Zu vermittelnde Fertigkeiten und Kenntnisse</entry><entry VJ="1" align="center" colsep="0" nameend="col6" namest="col5" valign="top">Zeitliche Richtwerte in Wochen im</entry></row><row rowsep="1"><entry VJ="1" align="center" colsep="0" valign="middle">1.-18. Monat</entry><entry VJ="1" align="center" colsep="0" valign="middle">19.-42. Monat</entry></row><row rowsep="1"><entry VJ="1" align="center" colsep="0" valign="middle">1</entry><entry VJ="1" align="center" colsep="0" valign="middle">2</entry><entry VJ="1" align="center" colsep="1" nameend="col4" namest="col3" valign="middle">3</entry><entry VJ="1" align="center" colsep="0" nameend="col6" namest="col5" valign="middle">4</entry></row><row><entry VJ="1" align="right" colsep="0" morerows="7" rowsep="1" valign="top">16</entry><entry VJ="1" align="left" colsep="0" morerows="7" rowsep="1" valign="top">Bestimmen der Merkmale von Werk- und Arbeitsstoffen (§ 6 Nr. 16)</entry><entry VJ="1" align="left" colsep="0" valign="top">a)</entry><entry VJ="1" align="left" colsep="0" valign="top">Verarbeitungskriterien und anwendungstechnisches Verhalten ermitteln</entry><entry VJ="1" align="left" colsep="0" morerows="2" rowsep="1" valign="top"> </entry><entry VJ="1" align="center" colsep="0" morerows="2" rowsep="1" valign="middle">14</entry></row><row><entry VJ="1" align="left" colsep="0" valign="top">b)</entry><entry VJ="1" align="left" colsep="0" valign="top">Funktionalität prüfen</entry></row><row rowsep="1"><entry VJ="1" align="left" colsep="0" valign="top">c)</entry><entry VJ="1" align="left" colsep="0" valign="top">ökologische Anforderungen prüfen, insbesondere Humanverträglichkeit und Wiederverwertung</entry></row><row><entry VJ="1" align="left" colsep="0" valign="top">d)</entry><entry VJ="1" align="left" colsep="0" valign="top">Widerstandsfähigkeit gegenüber mechanischen Einflüssen prüfen, insbesondere Formveränderung, Durchlässigkeit gegenüber verschiedener Medien, Reibung sowie Knitter- oder Biegefestigkeit</entry><entry VJ="1" align="left" colsep="0" morerows="4" rowsep="1" valign="top"> </entry><entry VJ="1" align="center" colsep="0" morerows="4" rowsep="1" valign="middle">26</entry></row><row><entry VJ="1" align="left" colsep="0" valign="top">e)</entry><entry VJ="1" align="left" colsep="0" valign="top">Widerstandsfähigkeit gegenüber thermischen Einflüssen prüfen, insbesondere Brennverhalten</entry></row><row><entry VJ="1" align="left" colsep="0" valign="top">f)</entry><entry VJ="1" align="left" colsep="0" valign="top">Widerstandsfähigkeit gegenüber chemischen Einflüssen prüfen, insbesondere Echtheitsprüfungen oder Beständigkeit gegenüber Lösemitteln, Säuren und Basen, Reduktions- und Oxidationsmitteln</entry></row><row><entry VJ="1" align="left" colsep="0" valign="top">g)</entry><entry VJ="1" align="left" colsep="0" valign="top">Widerstandsfähigkeit gegenüber witterungsbedingten Einflüssen prüfen, insbesondere Licht und Nässe</entry></row><row rowsep="1"><entry VJ="1" align="left" colsep="0" valign="top">h)</entry><entry VJ="1" align="left" colsep="0" valign="top">Widerstandsfähigkeit gegenüber biologischen Einflüssen prüfen, insbesondere Wassereinwirkung und Mikroorganismen, oder Widerstandsfähigkeit gegenüber elektrischen und elektromagnetischen Einflüssen prüfen, insbesondere elektrostatisches Verhalten und Leitfähigkeit</entry></row><row rowsep="1"><entry VJ="1" align="left" colsep="0" nameend="col6" namest="col1" valign="top">B: Schwerpunkt Textilveredelung</entry></row><row rowsep="1"><entry VJ="1" align="left" colsep="0" morerows="1" valign="middle">Lfd. Nr.</entry><entry VJ="1" align="center" colsep="0" morerows="1" valign="middle">Teil des Ausbildungsberufsbildes</entry><entry VJ="1" align="center" colsep="1" morerows="1" nameend="col4" namest="col3" valign="middle">Zu vermittelnde Fertigkeiten und Kenntnisse</entry><entry VJ="1" align="center" colsep="0" nameend="col6" namest="col5" valign="top">Zeitliche Richtwerte in Wochen im</entry></row><row rowsep="1"><entry VJ="1" align="center" colsep="0" valign="middle">1.-18. Monat</entry><entry VJ="1" align="center" colsep="0" valign="middle">19.-42. Monat</entry></row><row rowsep="1"><entry VJ="1" align="center" colsep="0" valign="middle">1</entry><entry VJ="1" align="center" colsep="0" valign="middle">2</entry><entry VJ="1" align="center" colsep="1" nameend="col4" namest="col3" valign="middle">3</entry><entry VJ="1" align="center" colsep="0" nameend="col6" namest="col5" valign="middle">4</entry></row><row><entry VJ="1" align="right" colsep="0" morerows="12" rowsep="1" valign="top">16</entry><entry VJ="1" align="left" colsep="0" morerows="12" rowsep="1" valign="top">Bestimmen der Merkmale von Werk- und Arbeitsstoffen (§ 6 Nr. 16)</entry><entry VJ="1" align="left" colsep="0" valign="top">a)</entry><entry VJ="1" align="left" colsep="0" valign="top">Wasseruntersuchungen durchführen, insbesondere bei Abwasser</entry><entry VJ="1" align="left" colsep="0" morerows="2" rowsep="1" valign="top"> </entry><entry VJ="1" align="center" colsep="0" morerows="2" rowsep="1" valign="middle">4</entry></row><row><entry VJ="1" align="left" colsep="0" valign="top">b)</entry><entry VJ="1" align="left" colsep="0" valign="top">Behandlungsflotten oder -pasten sowie Prozesswasser quantitativ bestimmen, insbesondere durch Gravimetrie und Volumetrie</entry></row><row rowsep="1"><entry VJ="1" align="left" colsep="0" valign="top">c)</entry><entry VJ="1" align="left" colsep="0" valign="top">Humanverträglichkeit und Wiederverwertung prüfen</entry></row><row><entry VJ="1" align="left" colsep="0" valign="top">d)</entry><entry VJ="1" align="left" colsep="0" valign="top">produktspezifische Eigenschaften bestimmen, Textilhilfsmittel auswählen, Rezepturen erstellen und prüfen</entry><entry VJ="1" align="left" colsep="0" morerows="4" rowsep="1" valign="top"> </entry><entry VJ="1" align="center" colsep="0" morerows="4" rowsep="1" valign="middle">20</entry></row><row><entry VJ="1" align="left" colsep="0" valign="top">e)</entry><entry VJ="1" align="left" colsep="0" valign="top">Wirkungsweise von Textilhilfsmitteln prüfen, insbesondere Applikationseffekte</entry></row><row><entry VJ="1" align="left" colsep="0" valign="top">f)</entry><entry VJ="1" align="left" colsep="0" valign="top">Textilhilfsmittel prüfen, insbesondere auf Wassergehalt und Ionogenität</entry></row><row><entry VJ="1" align="left" colsep="0" valign="top">g)</entry><entry VJ="1" align="left" colsep="0" valign="top">Gebrauchsflotten oder -pasten auf anwendungsspezifische Wirksamkeit prüfen</entry></row><row rowsep="1"><entry VJ="1" align="left" colsep="0" valign="top">h)</entry><entry VJ="1" align="left" colsep="0" valign="top">optische Messungen durchführen</entry></row><row><entry VJ="1" align="left" colsep="0" valign="top">i)</entry><entry VJ="1" align="left" colsep="0" valign="top">produktspezifische Eigenschaften bestimmen, Farbmittel substratbezogen auswählen und ansetzen, Eichfärbungen erstellen und prüfen</entry><entry VJ="1" align="left" colsep="0" morerows="4" rowsep="1" valign="top"> </entry><entry VJ="1" align="center" colsep="0" morerows="4" rowsep="1" valign="middle">16</entry></row><row><entry VJ="1" align="left" colsep="0" valign="top">k)</entry><entry VJ="1" align="left" colsep="0" valign="top">Wirksamkeit von Farbmitteln prüfen, insbesondere Echtheiten und Aufziehverhalten</entry></row><row><entry VJ="1" align="left" colsep="0" valign="top">l)</entry><entry VJ="1" align="left" colsep="0" valign="top">Farbflotten oder -pasten auf anwendungsspezifische Wirksamkeit prüfen</entry></row><row><entry VJ="1" align="left" colsep="0" valign="top">m)</entry><entry VJ="1" align="left" colsep="0" valign="top">Rezepturen erstellen und prüfen</entry></row><row rowsep="1"><entry VJ="1" align="left" colsep="0" valign="top">n)</entry><entry VJ="1" align="left" colsep="0" valign="top">Farbmessungen durchführen, insbesondere Farbmesszahlen ermitteln, Farbdifferenz feststellen, Remissionskurven beurteilen</entry></row><row rowsep="1"><entry VJ="1" align="left" colsep="0" nameend="col6" namest="col1" valign="top">C: Schwerpunkt Textilchemie</entry></row><row rowsep="1"><entry VJ="1" align="left" colsep="0" morerows="1" valign="middle">Lfd. Nr.</entry><entry VJ="1" align="center" colsep="0" morerows="1" valign="middle">Teil des Ausbildungsberufsbildes</entry><entry VJ="1" align="center" colsep="1" morerows="1" nameend="col4" namest="col3" valign="middle">Zu vermittelnde Fertigkeiten und Kenntnisse</entry><entry VJ="1" align="center" colsep="0" nameend="col6" namest="col5" valign="top">Zeitliche Richtwerte in Wochen im</entry></row><row rowsep="1"><entry VJ="1" align="center" colsep="0" valign="middle">1.-18. Monat</entry><entry VJ="1" align="center" colsep="0" valign="middle">19.-42. Monat</entry></row><row rowsep="1"><entry VJ="1" align="center" colsep="0" valign="middle">1</entry><entry VJ="1" align="center" colsep="0" valign="middle">2</entry><entry VJ="1" align="center" colsep="1" nameend="col4" namest="col3" valign="middle">3</entry><entry VJ="1" align="center" colsep="0" nameend="col6" namest="col5" valign="middle">4</entry></row><row><entry VJ="1" align="right" colsep="0" morerows="12" valign="top">16</entry><entry VJ="1" align="left" colsep="0" morerows="12" valign="top">Bestimmen der Merkmale von Werk- und Arbeitsstoffen (§ 6 Nr. 16)</entry><entry VJ="1" align="left" colsep="0" valign="top">a)</entry><entry VJ="1" align="left" colsep="0" valign="top">Wasseruntersuchung durchführen, insbesondere bei Abwasser</entry><entry VJ="1" align="left" colsep="0" morerows="2" rowsep="1" valign="top"> </entry><entry VJ="1" align="center" colsep="0" morerows="2" rowsep="1" valign="middle">6</entry></row><row><entry VJ="1" align="left" colsep="0" valign="top">b)</entry><entry VJ="1" align="left" colsep="0" valign="top">Behandlungsflotten oder -pasten sowie Prozesswasser quantitativ bestimmen, insbesondere durch Gravimetrie und Volumetrie</entry></row><row rowsep="1"><entry VJ="1" align="left" colsep="0" valign="top">c)</entry><entry VJ="1" align="left" colsep="0" valign="top">physikalische Größen messen und Stoffkonstanten bestimmen</entry></row><row rowsep="1"><entry VJ="1" align="left" colsep="0" valign="top">d)</entry><entry VJ="1" align="left" colsep="0" valign="top">Analyseverfahren anwenden, insbesondere Chromatografie, Spektroskopie, Rheologie, thermische und elektrochemische Analysen</entry><entry VJ="1" align="left" colsep="0" valign="top"> </entry><entry VJ="1" align="center" colsep="0" valign="middle">12</entry></row><row><entry VJ="1" align="left" colsep="0" valign="top">e)</entry><entry VJ="1" align="left" colsep="0" valign="top">produktspezifische Eigenschaften ermitteln, Konzentrationen bestimmen</entry><entry VJ="1" align="left" colsep="0" morerows="8" valign="top"> </entry><entry VJ="1" align="center" colsep="0" morerows="8" valign="middle">22</entry></row><row><entry VJ="1" align="left" colsep="0" valign="top">f)</entry><entry VJ="1" align="left" colsep="0" valign="top">anwendungsrelevante Eigenschaften feststellen, insbesondere Dosierfähigkeit, Verdünnungs- und Mischungsverhalten</entry></row><row><entry VJ="1" align="left" colsep="0" valign="top">g)</entry><entry VJ="1" align="left" colsep="0" valign="top">sicherheitsrelevante Eigenschaften ermitteln, insbesondere Zustandsänderungen und gefahrbedingte Komponenten</entry></row><row><entry VJ="1" align="left" colsep="0" valign="top">h)</entry><entry VJ="1" align="left" colsep="0" valign="top">anwendungsspezifische Wirksamkeit prüfen, insbesondere Prozessstabilität und Typkonformität der Verfahrensergebnisse</entry></row><row><entry VJ="1" align="left" colsep="0" valign="top">i)</entry><entry VJ="1" align="left" colsep="0" valign="top">Humanverträglichkeit und Wiederverwertung prüfen</entry></row><row><entry VJ="1" align="left" colsep="0" valign="top">k)</entry><entry VJ="1" align="left" colsep="0" valign="top">echtheits- und farbmetrische Prüfungen durchführen</entry></row><row><entry VJ="1" align="left" colsep="0" valign="top">l)</entry><entry VJ="1" align="left" colsep="0" valign="top">Synthesen durchführen</entry></row><row><entry VJ="1" align="left" colsep="0" valign="top">m)</entry><entry VJ="1" align="left" colsep="0" valign="top">Applikationen und Beschichtungsstoffe nach Anforderungen prüfen</entry></row><row><entry VJ="1" align="left" colsep="0" valign="top">n)</entry><entry VJ="1" align="left" colsep="0" valign="top">umweltbezogene Arbeitstechniken anwenden, insbesondere Emissionen und Immissionen messen</entry></row></tbody></tgroup></table></P></Content></text></textdaten></norm>
</dokumente>