<?xml version="1.0" encoding="UTF-8" ?><!DOCTYPE dokumente SYSTEM "http://www.gesetze-im-internet.de/dtd/1.01/gii-norm.dtd">
<dokumente builddate="20251211215533" doknr="BJNR0FA0C0025"><norm builddate="20251211215533" doknr="BJNR0FA0C0025"><metadaten><jurabk>BTGO2025Anl 1</jurabk><ausfertigung-datum manuell="ja">2025-10-17</ausfertigung-datum><fundstelle typ="amtlich"><periodikum>BGBl. I</periodikum><zitstelle>2025, Nr. 250, 35</zitstelle></fundstelle><langue>Geheimschutzordnung des Deutschen Bundestages (Anlage 1 der Geschäftsordnung des Deutschen Bundestages, BGBl 2025 I Nr 250)</langue></metadaten><textdaten><fussnoten><Content><P><BR/> <pre xml:space="preserve">(+++ Textnachweis ab: 1.11.2025 +++)<BR/>(+++ Text der Geschäftsordnung siehe: BTGO 2025 +++)<BR/><BR/></pre></P></Content></fussnoten></textdaten></norm>
<norm builddate="20251211215533" doknr="BJNR0FA0C0025BJNE000100000"><metadaten><jurabk>BTGO2025Anl 1</jurabk><enbez>§ 1</enbez><titel format="XML">Anwendungsbereich</titel></metadaten><textdaten><text format="XML"><Content><P>(1) Diese Geheimschutzordnung gilt für Verschlusssachen (VS), die innerhalb des Bundestages entstehen oder dem Bundestag, seinen Ausschüssen oder Mitgliedern des Bundestages zugeleitet wurden. Die für die Ausschüsse geltenden Vorschriften finden Anwendung auf andere Gremien, die vom Bundestag bzw. den Ausschüssen eingesetzt sind oder auf gesetzlicher Grundlage beruhen.</P><P>(2) VS sind Angelegenheiten aller Art, die durch besondere Sicherheitsmaßnahmen gegen die Kenntnis durch Unbefugte geschützt werden müssen.</P><P>(3) VS können alle Formen der Darstellung von Kenntnissen und Erkenntnissen sein. Zwischenmaterial (z. B. Vorentwürfe, Aufzeichnungen auf Tonträger, Stenogramme, Kohlepapier, Schablonen, Fehldrucke, u. U. auch Löschpapier) ist wie eine VS zu behandeln.</P></Content></text></textdaten></norm>
<norm builddate="20251211215533" doknr="BJNR0FA0C0025BJNE000200000"><metadaten><jurabk>BTGO2025Anl 1</jurabk><enbez>§ 2</enbez><titel format="XML">Geheimhaltungsgrade</titel></metadaten><textdaten><text format="XML"><Content><P>(1) VS werden je nach dem Schutz, dessen sie bedürfen, in folgende Geheimhaltungsgrade eingestuft: <table frame="none" pgwide="1" tocentry="%yes;"><tgroup align="left" char="" charoff="50" cols="2"><colspec colname="col1" colwidth="65*"/><colspec colname="col2" colwidth="100*"/><tbody valign="top"><row><entry VJ="1" colname="col1">STRENG GEHEIM</entry><entry VJ="1" colname="col2">Abkürzung: str. geh.</entry></row><row><entry VJ="1" colname="col1">GEHEIM</entry><entry VJ="1" colname="col2">Abkürzung: geh.</entry></row><row><entry VJ="1" colname="col1">VS-VERTRAULICH</entry><entry VJ="1" colname="col2">Abkürzung: VS-Vertr.</entry></row><row><entry VJ="1" colname="col1">VS-NUR FÜR DEN DIENSTGEBRAUCH</entry><entry VJ="1" colname="col2">Abkürzung: VS-NfD.</entry></row></tbody></tgroup></table></P><P>(2) Als STRENG GEHEIM eingestuft werden VS, deren Kenntnis durch Unbefugte den Bestand der Bundesrepublik Deutschland oder eines ihrer Länder gefährden würde.</P><P>(3) Als GEHEIM eingestuft werden VS, deren Kenntnis durch Unbefugte die Sicherheit der Bundesrepublik Deutschland oder eines ihrer Länder gefährden, ihren Interessen oder ihrem Ansehen schweren Schaden zufügen oder für einen fremden Staat von großem Vorteil sein würde.</P><P>(4) Als VS-VERTRAULICH eingestuft werden VS, deren Kenntnis durch Unbefugte den Interessen oder dem Ansehen der Bundesrepublik Deutschland oder eines ihrer Länder abträglich oder für einen fremden Staat von Vorteil sein könnte.</P><P>(5) VS, die nicht unter die Geheimhaltungsgrade STRENG GEHEIM, GEHEIM oder VS-VERTRAULICH fallen, aber nicht für die Öffentlichkeit bestimmt sind, erhalten den Geheimhaltungsgrad VS-NUR FÜR DEN DIENSTGEBRAUCH. Protokolle über nichtöffentliche Sitzungen der Ausschüsse (vgl. § 69 Absatz 1 und 2 der Geschäftsordnung) sind grundsätzlich keine Verschlusssachen im Sinne dieser Geheimschutzordnung (§ 73 der Geschäftsordnung).</P><P>(6) Die Kennzeichnung von VS erfolgt unter entsprechender Anwendung der Verschlusssachenanweisung für die Bundesbehörden.</P></Content></text></textdaten></norm>
<norm builddate="20251211215533" doknr="BJNR0FA0C0025BJNE000300000"><metadaten><jurabk>BTGO2025Anl 1</jurabk><enbez>§ 2a</enbez><titel format="XML">Private Geheimnisse</titel></metadaten><textdaten><text format="XML"><Content><P>(1) Als GEHEIM können auch wichtige Geschäfts-, Betriebs-, Erfindungs-, Steuer- oder sonstige private Geheimnisse oder Umstände des persönlichen Lebensbereichs eingestuft werden, deren Kenntnis durch Unbefugte dem Berechtigten schweren Schaden zufügen würde.</P><P>(2) Als VS-VERTRAULICH können die in Absatz 1 bezeichneten Geheimnisse oder Umstände eingestuft werden, deren Kenntnis durch Unbefugte dem Interesse des Berechtigten abträglich sein könnte.</P></Content></text></textdaten></norm>
<norm builddate="20251211215533" doknr="BJNR0FA0C0025BJNE000400000"><metadaten><jurabk>BTGO2025Anl 1</jurabk><enbez>§ 3</enbez><titel format="XML">Wahl und Änderung der Geheimhaltungsgrade</titel></metadaten><textdaten><text format="XML"><Content><P>(1) Von Geheimeinstufungen ist nur der unbedingt notwendige Gebrauch zu machen. VS sind nicht höher einzustufen, als es ihr Inhalt erfordert.</P><P>(2) Den Geheimhaltungsgrad der VS bestimmt die herausgebende Stelle. Sie teilt die Änderung oder Aufhebung des Geheimhaltungsgrades einer VS dem Empfänger schriftlich mit.</P><P>(3) Herausgebende Stelle im Sinne des Absatzes 2 sind bei VS, die innerhalb des Bundestages entstehen, <DL Font="normal" Type="alpha"><DT>a)</DT><DD Font="normal"><LA Size="normal">der Präsident,</LA></DD><DT>b)</DT><DD Font="normal"><LA Size="normal">die Vorsitzenden der Ausschüsse,</LA></DD><DT>c)</DT><DD Font="normal"><LA Size="normal">weitere vom Präsidenten ermächtigte Stellen.</LA></DD></DL></P></Content></text></textdaten></norm>
<norm builddate="20251211215533" doknr="BJNR0FA0C0025BJNE000500000"><metadaten><jurabk>BTGO2025Anl 1</jurabk><enbez>§ 3a</enbez><titel format="XML">Einsichtnahme in VS</titel></metadaten><textdaten><text format="XML"><Content><P>VS der Geheimhaltungsgrade STRENG GEHEIM oder GEHEIM dürfen nur in den Räumen der Geheimregistratur eingesehen werden. Abweichend hiervon können VS Mitgliedern von Untersuchungsausschüssen sowie von Gremien, die aufgrund rechtlicher Grundlage regelmäßig geheim tagen, zur Einsichtnahme in ihren Büroräumen ausgegeben werden, sofern diese mit VS-Verwahrgelassen ausgestattet und die VS dem Bundestag zum Zwecke der Auftragserledigung dieses Gremiums zugeleitet worden sind. Satz 2 gilt für Personen entsprechend, die vom Präsidenten hierzu ermächtigt werden.</P></Content></text></textdaten></norm>
<norm builddate="20251211215533" doknr="BJNR0FA0C0025BJNE000600000"><metadaten><jurabk>BTGO2025Anl 1</jurabk><enbez>§ 4</enbez><titel format="XML">Kenntnis und Weitergabe einer VS</titel></metadaten><textdaten><text format="XML"><Content><P>(1) Über den Inhalt einer VS des Geheimhaltungsgrades VS-VERTRAULICH und höher darf nicht umfassender und früher unterrichtet werden, als dies aus Gründen der parlamentarischen Arbeit unerlässlich ist.</P><P>(2) Im Rahmen des Absatzes 1 darf ein Mitglied des Bundestages, dem eine VS des Geheimhaltungsgrades VS-VERTRAULICH und höher zugänglich gemacht worden ist, andere Mitglieder des Bundestages davon in Kenntnis setzen.</P><P>(3) Fraktionsangestellten und Mitarbeitern von Mitgliedern des Bundestages dürfen VS des Geheimhaltungsgrades VS-VERTRAULICH und höher in diesem Rahmen nur zugänglich gemacht werden, wenn sie vom Präsidenten zum Umgang mit VS ermächtigt und zur Geheimhaltung förmlich verpflichtet sind. Satz 1 gilt für einen Ermittlungsbeauftragten gemäß § 10 des Untersuchungsausschussgesetzes und seine Hilfskräfte entsprechend.</P><P>(4) Anderen Personen dürfen VS des Geheimhaltungsgrades VS-VERTRAULICH und höher nur mit Zustimmung der herausgebenden Stelle zugänglich gemacht werden, wenn sie zum Umgang mit VS ermächtigt und zur Geheimhaltung förmlich verpflichtet sind.</P></Content></text></textdaten></norm>
<norm builddate="20251211215533" doknr="BJNR0FA0C0025BJNE000700000"><metadaten><jurabk>BTGO2025Anl 1</jurabk><enbez>§ 5</enbez><titel format="XML">Ferngespräche über VS</titel></metadaten><textdaten><text format="XML"><Content><P>Über Angelegenheiten des Geheimhaltungsgrades VS-VERTRAULICH oder höher dürfen Ferngespräche nur in außergewöhnlichen und dringenden Fällen geführt werden. In diesen Fällen sind die Gespräche so vorsichtig zu führen, dass der Sachverhalt Dritten nicht verständlich wird. Ist der Gesprächspartner nicht mit Sicherheit festzustellen, so ist ein Kontrollanruf erforderlich.</P></Content></text></textdaten></norm>
<norm builddate="20251211215533" doknr="BJNR0FA0C0025BJNE000800000"><metadaten><jurabk>BTGO2025Anl 1</jurabk><enbez>§ 6</enbez><titel format="XML">Herstellung von Duplikaten</titel></metadaten><textdaten><text format="XML"><Content><P>Der Empfänger von VS der Geheimhaltungsgrade VS-VERTRAULICH und höher darf weitere Exemplare (Abschriften, Abdrucke, Ablichtungen und dergleichen) sowie Auszüge nur von der Geheimregistratur herstellen lassen; für VS des Geheimhaltungsgrades STRENG GEHEIM ist außerdem die Zustimmung der herausgebenden Stelle erforderlich. Sie sind wie die Original-VS zu behandeln.</P></Content></text></textdaten></norm>
<norm builddate="20251211215533" doknr="BJNR0FA0C0025BJNE000900000"><metadaten><jurabk>BTGO2025Anl 1</jurabk><enbez>§ 7</enbez><titel format="XML">Behandlung von VS in Ausschlüssen</titel></metadaten><textdaten><text format="XML"><Content><P>(1) Die Ausschüsse können für einen Beratungsgegenstand oder für Teile desselben einen Geheimhaltungsgrad beschließen (§ 69 Absatz 3 der Geschäftsordnung). Wird über VS der Geheimhaltungsgrade VS-VERTRAULICH und höher beraten, führt der Vorsitzende die entsprechende Beschlussfassung unverzüglich in derselben Sitzung herbei und stellt vor Beginn der Beratungen fest, dass sich keine unbefugten Personen im Sitzungssaal aufhalten.</P><P>(2) Bei Beratungen über STRENG GEHEIM- oder GEHEIM-Angelegenheiten dürfen nur die Beschlüsse protokolliert werden. Der Ausschuss kann beschließen, dass die Beratungen dem Inhalt nach festgehalten werden; in diesem Fall hat er über Auflage und Verteilung der Protokolle zu beschließen.</P><P>(3) Bei Beratungen über VS-VERTRAULICH-Angelegenheiten kann ein Protokoll angefertigt werden; Absatz 2 Satz 2 zweiter Halbsatz gilt entsprechend. Der Ausschuss kann jedoch beschließen, dass nur die Beschlüsse festgehalten werden.</P><P>(4) Werden VS des Geheimhaltungsgrades VS-VERTRAULICH oder höher einem Ausschuss zugeleitet, dürfen sie nur in der Sitzung und längstens für deren Dauer ausgegeben werden. Bei Unterbrechung der Sitzung kann die Rückgabe unterbleiben, wenn die Überwachung des Sitzungsraumes durch die Hausinspektion sichergestellt ist. Der Ausschussvorsitzende kann bestimmen, dass VS der Geheimhaltungsgrade GEHEIM und VS-VERTRAULICH an die Berichterstatter des Ausschusses und in besonderen Fällen anderen Mitgliedern des Ausschusses bis zum Abschluss der Ausschussberatungen über den Beratungsgegenstand, auf den sich die VS bezieht, ausgegeben und in den dafür zulässigen VS-Behältnissen aufbewahrt werden.</P><P>(5) Für VS des Geheimhaltungsgrades VS-VERTRAULICH kann der Ausschuss in Fällen des Absatzes 4 anders beschließen.</P><P>(6) VS des Geheimhaltungsgrades VS-VERTRAULICH und GEHEIM können, sofern sie im Ausschuss entstanden sind, mit Genehmigung des Ausschussvorsitzenden nach Registrierung in der Geheimregistratur in den dafür vorgesehenen VS-Behältnissen des Ausschusses zeitweilig aufbewahrt werden. Sie sind an die Geheimregistratur zurückzugeben, sobald sie im Ausschuss nicht mehr benötigt werden.</P><P>(7) Stellt sich erst im Laufe oder am Schluss der Beratungen heraus, dass die Beratungen als VS-VERTRAULICH oder höher zu bewerten sind, kann der Ausschuss die erforderlichen Sicherheitsmaßnahmen nachträglich beschließen.</P></Content></text></textdaten></norm>
<norm builddate="20251211215533" doknr="BJNR0FA0C0025BJNE001000000"><metadaten><jurabk>BTGO2025Anl 1</jurabk><enbez>§ 8</enbez><titel format="XML">Registrierung und Verwaltung von VS</titel></metadaten><textdaten><text format="XML"><Content><P>(1) Werden VS der Geheimhaltungsgrade VS-VERTRAULICH oder höher dem Bundestag, seinen Ausschüssen oder Mitgliedern des Bundestages zugeleitet, sind sie, soweit sie nicht über die Geheimregistratur geleitet worden sind, grundsätzlich dieser zur Registrierung und Verwaltung zuzuleiten.</P><P>(2) Im Bundestag entstehende VS der Geheimhaltungsgrade VS-VERTRAULICH und höher sind grundsätzlich ebenfalls der Geheimregistratur zur Registrierung und Verwaltung zuzuleiten.</P><P>(3) Der Empfang von VS des Geheimhaltungsgrades VS-VERTRAULICH oder höher ist schriftlich zu bestätigen.</P><P>(4) VS der Geheimhaltungsgrade VS-VERTRAULICH und höher sind in der Geheimregistratur oder den hierfür vom Präsidenten bestimmten Räumen aufzubewahren.</P><P>(5) VS des Geheimhaltungsgrades VS-NUR FÜR DEN DIENSTGEBRAUCH sind unter Verschluss aufzubewahren; dieses ist nicht notwendig, wenn sie in Räumen aufbewahrt werden, zu denen Außenstehende keinen Zugang haben.</P></Content></text></textdaten></norm>
<norm builddate="20251211215533" doknr="BJNR0FA0C0025BJNE001100000"><metadaten><jurabk>BTGO2025Anl 1</jurabk><enbez>§ 9</enbez><titel format="XML">Vernichtung von VS</titel></metadaten><textdaten><text format="XML"><Content><P>VS einschließlich des im Bundestag entstehenden Zwischenmaterials sind, wenn sie nicht mehr benötigt werden, der Geheimregistratur zuzuleiten. Soweit die VS nicht aufzubewahren sind, werden sie durch die Geheimregistratur vernichtet.</P></Content></text></textdaten></norm>
<norm builddate="20251211215533" doknr="BJNR0FA0C0025BJNE001200000"><metadaten><jurabk>BTGO2025Anl 1</jurabk><enbez>§ 10</enbez><titel format="XML">Weiterleitung von VS</titel></metadaten><textdaten><text format="XML"><Content><P>(1) VS der Geheimhaltungsgrade STRENG GEHEIM und GEHEIM sind bei Beförderung innerhalb des Hauses grundsätzlich über die Geheimregistratur zu leiten. Sie dürfen nur durch entsprechend ermächtigte Personen weitergeleitet werden. Ist aus dringendem Grund eine Von-Hand-zu-Hand-Übergabe erfolgt, ist die Geheimregistratur nachträglich in Kenntnis zu setzen.</P><P>(2) VS des Geheimhaltungsgrades VS-VERTRAULICH können unter Benachrichtigung der Geheimregistratur von Hand zu Hand an zum Empfang berechtigte Personen weitergegeben werden.</P><P>(3) Die Versendung von VS der Geheimhaltungsgrade VS-VERTRAULICH und höher wird von der Geheimregistratur nach den Bestimmungen der Verschlusssachenanweisung für die Bundesbehörden vorgenommen.</P></Content></text></textdaten></norm>
<norm builddate="20251211215533" doknr="BJNR0FA0C0025BJNE001300000"><metadaten><jurabk>BTGO2025Anl 1</jurabk><enbez>§ 11</enbez><titel format="XML">Mitnahme von VS</titel></metadaten><textdaten><text format="XML"><Content><P>(1) Die Mitnahme von VS der Geheimhaltungsgrade STRENG GEHEIM und GEHEIM aus den der Verwaltung des Bundestages unterstehenden Räumen ist unzulässig. Der Präsident kann die Mitnahme zulassen, wenn unabweisbare Gründe dies erfordern. Er legt gleichzeitig fest, wie die VS zu befördern sind.</P><P>(2) Bei der Mitnahme von VS der Geheimhaltungsgrade VS-VERTRAULICH oder höher ist für die ununterbrochene sichere Aufbewahrung zu sorgen. Steht für VS der Geheimhaltungsgrade STRENG GEHEIM oder GEHEIM kein Stahlschrank mit Kombinations- und Sicherheitsschloss zur Verfügung, muss der Inhaber die VS ständig bei sich führen. Die Zurücklassung in Kraftwagen, die Verwahrung in Hotelsafes oder auf Bahnhöfen und dergleichen ist unzulässig. Bei Aufenthalten im Ausland ist die VS nach Möglichkeit bei den deutschen Vertretungen aufzubewahren.</P><P>(3) In der Öffentlichkeit dürfen VS der Geheimhaltungsgrade VS-VERTRAULICH oder höher nicht gelesen und erörtert werden.</P></Content></text></textdaten></norm>
<norm builddate="20251211215533" doknr="BJNR0FA0C0025BJNE001400000"><metadaten><jurabk>BTGO2025Anl 1</jurabk><enbez>§ 12</enbez><titel format="XML">Mitteilungspflicht</titel></metadaten><textdaten><text format="XML"><Content><P>Jeder Verdacht, jede Wahrnehmung oder jeder Vorfall, der auf Anbahnungsversuche fremder Nachrichtendienste oder darauf schließen lässt, dass Unbefugte Kenntnis vom Inhalt von VS erhalten haben, sowie der Verlust von VS der Geheimhaltungsgrade VS-VERTRAULICH oder höher oder der Verlust von Sicherheitsschlüsseln ist unverzüglich dem Präsidenten oder dem Geheimschutzbeauftragten der Verwaltung des Deutschen Bundestages mitzuteilen.</P></Content></text></textdaten></norm>
<norm builddate="20251211215533" doknr="BJNR0FA0C0025BJNE001500000"><metadaten><jurabk>BTGO2025Anl 1</jurabk><enbez>§ 13</enbez><titel format="XML">Ausführungsbestimmungen</titel></metadaten><textdaten><text format="XML"><Content><P>Der Präsident ist ermächtigt, Ausführungsbestimmungen zu erlassen.</P></Content></text></textdaten></norm>
</dokumente>