<?xml version="1.0" encoding="UTF-8" ?><!DOCTYPE dokumente SYSTEM "http://www.gesetze-im-internet.de/dtd/1.01/gii-norm.dtd">
<dokumente builddate="20251205215507" doknr="BJNR066610011"><norm builddate="20251205215507" doknr="BJNR066610011"><metadaten><jurabk>De-Mail-G</jurabk><ausfertigung-datum manuell="ja">2011-04-28</ausfertigung-datum><fundstelle typ="amtlich"><periodikum>BGBl I</periodikum><zitstelle>2011, 666</zitstelle></fundstelle><langue>De-Mail-Gesetz</langue><standangabe checked="ja"><standtyp>Stand</standtyp><standkommentar>Zuletzt geändert durch Art. 10 G v. 2.12.2025 I Nr. 301</standkommentar></standangabe><standangabe checked="ja"><standtyp>Sonst</standtyp><standkommentar>Mittelbare Änderung durch Art. 154a Nr. 3 Buchst. a G v. 20.11.2019 I 1626 ist nicht ausführbar, da das geänderte G v. 21.6.2019 I 846 zum Zeitpunkt des Inkrafttretens des mittelbaren Änderungsgesetzes bereits zum 1.11.2019 in Kraft getreten war</standkommentar></standangabe></metadaten><textdaten><fussnoten><Content><P><BR/> <pre xml:space="preserve">(+++ Textnachweis ab: 3.5.2011 +++)<BR/><BR/></pre>Das G wurde als Artikel 1 des G v. 28.4.2011 I 666 vom Bundestag beschlossen. Es ist gem. Artikel 6 dieses G am 3.5.2011 in Kraft getreten.</P></Content></fussnoten></textdaten></norm>
<norm builddate="20251205215507" doknr="BJNR066610011BJNG000100000"><metadaten><jurabk>De-Mail-G</jurabk><gliederungseinheit><gliederungskennzahl>010</gliederungskennzahl><gliederungsbez>Abschnitt 1</gliederungsbez><gliederungstitel>Allgemeine Vorschriften</gliederungstitel></gliederungseinheit></metadaten><textdaten/></norm>
<norm builddate="20251205215507" doknr="BJNR066610011BJNE000100000"><metadaten><jurabk>De-Mail-G</jurabk><enbez>§ 1</enbez><titel format="XML">De-Mail-Dienste</titel></metadaten><textdaten><text format="XML"><Content><P>(1) De-Mail-Dienste sind Dienste auf einer elektronischen Kommunikationsplattform, die einen sicheren, vertraulichen und nachweisbaren Geschäftsverkehr für jedermann im Internet sicherstellen sollen.</P><P>(2) Ein De-Mail-Dienst muss eine sichere Anmeldung, die Nutzung eines Postfach- und Versanddienstes für sichere elektronische Post sowie die Nutzung eines Verzeichnisdienstes und kann zusätzlich auch Identitätsbestätigungs- und Dokumentenablagedienste ermöglichen. Ein De-Mail-Dienst wird von einem nach diesem Gesetz akkreditierten Diensteanbieter betrieben.</P><P>(3) Elektronische Kommunikationsinfrastrukturen und sonstige Anwendungen, die der sicheren Übermittlung von Nachrichten und Daten dienen, bleiben unberührt.</P></Content></text></textdaten></norm>
<norm builddate="20251205215507" doknr="BJNR066610011BJNE000201311"><metadaten><jurabk>De-Mail-G</jurabk><enbez>§ 2</enbez><titel format="XML">Zuständige Behörde</titel></metadaten><textdaten><text format="XML"><Content><P>Zuständige Behörde nach diesem Gesetz ist das Bundesamt für Sicherheit in der Informationstechnik.</P></Content></text><fussnoten/></textdaten></norm>
<norm builddate="20251205215507" doknr="BJNR066610011BJNG000200000"><metadaten><jurabk>De-Mail-G</jurabk><gliederungseinheit><gliederungskennzahl>020</gliederungskennzahl><gliederungsbez>Abschnitt 2</gliederungsbez><gliederungstitel>Pflichtangebote und optionale Angebote des Diensteanbieters</gliederungstitel></gliederungseinheit></metadaten><textdaten/></norm>
<norm builddate="20251205215507" doknr="BJNR066610011BJNE000306116"><metadaten><jurabk>De-Mail-G</jurabk><enbez>§ 3</enbez><titel format="XML">Eröffnung eines De-Mail-Kontos</titel></metadaten><textdaten><text format="XML"><Content><P>(1) Durch einen De-Mail-Konto-Vertrag verpflichtet sich ein akkreditierter Diensteanbieter, einem Nutzer ein De-Mail-Konto zur Verfügung zu stellen. Ein De-Mail-Konto ist ein Bereich in einem De-Mail-Dienst, der einem Nutzer so zugeordnet ist, dass er nur von ihm genutzt werden kann. Der akkreditierte Diensteanbieter hat durch technische Mittel sicherzustellen, dass nur der diesem De-Mail-Konto zugeordnete Nutzer Zugang zu dem ihm zugeordneten De-Mail-Konto erlangen kann.</P><P>(2) Der akkreditierte Diensteanbieter hat die Identität des Nutzers und bei juristischen Personen, rechtsfähigen Personengesellschaften oder öffentlichen Stellen zusätzlich die Identität ihrer gesetzlichen Vertreter oder Organmitglieder zuverlässig festzustellen. Dazu erhebt und speichert er folgende Angaben: <DL Font="normal" Type="arabic"><DT>1.</DT><DD Font="normal"><LA Size="normal">bei einer natürlichen Person Name, Geburtsort, Geburtsdatum und Anschrift;</LA></DD><DT>2.</DT><DD Font="normal"><LA Size="normal">bei einer juristischen Person oder rechtsfähigen Personengesellschaft oder öffentlichen Stelle Firma, Name oder Bezeichnung, Rechtsform, Registernummer, soweit vorhanden, Anschrift des Sitzes oder der Hauptniederlassung und Namen der Mitglieder des Vertretungsorgans oder der gesetzlichen Vertreter; ist ein Mitglied des Vertretungsorgans oder der gesetzliche Vertreter eine juristische Person, so wird deren Firma, Name oder Bezeichnung, Rechtsform, Registernummer, soweit vorhanden, und Anschrift des Sitzes oder der Hauptniederlassung erhoben.</LA></DD></DL></P><P>(3) Der akkreditierte Diensteanbieter hat die Angaben nach Absatz 2 vor Freischaltung des De-Mail-Kontos des Nutzers zu überprüfen: <DL Font="normal" Type="arabic"><DT>1.</DT><DD Font="normal"><LA Size="normal">bei natürlichen Personen <DL Font="normal" Type="alpha"><DT>a)</DT><DD Font="normal"><LA Size="normal">anhand eines gültigen amtlichen Ausweises, der ein Lichtbild des Inhabers enthält und mit dem die Pass- und Ausweispflicht im Inland erfüllt wird, insbesondere anhand eines inländischen oder nach ausländerrechtlichen Bestimmungen anerkannten oder zugelassenen Passes, Personalausweises oder Pass- oder Ausweisersatzes,</LA></DD><DT>b)</DT><DD Font="normal"><LA Size="normal">anhand von Dokumenten, die bezüglich ihrer Sicherheit einem Dokument nach Buchstabe a gleichwertig sind,</LA></DD><DT>c)</DT><DD Font="normal"><LA Size="normal">anhand eines elektronischen Identitätsnachweises nach § 18 des Personalausweisgesetzes, nach § 12 des eID-Karte-Gesetzes oder nach § 78 Absatz 5 des Aufenthaltsgesetzes,</LA></DD><DT>d)</DT><DD Font="normal"><LA Size="normal">anhand einer qualifizierten elektronischen Signatur oder</LA></DD><DT>e)</DT><DD Font="normal"><LA Size="normal">anhand sonstiger geeigneter technischer Verfahren mit gleichwertiger Sicherheit zu einer Identifizierung anhand der Dokumente nach Buchstabe a;</LA></DD></DL></LA></DD><DT>2.</DT><DD Font="normal"><LA Size="normal">bei juristischen Personen oder rechtsfähigen Personengesellschaften oder bei öffentlichen Stellen <DL Font="normal" Type="alpha"><DT>a)</DT><DD Font="normal"><LA Size="normal">anhand eines Auszugs aus dem Handels- oder Genossenschaftsregister oder aus einem vergleichbaren amtlichen Register oder Verzeichnis,</LA></DD><DT>b)</DT><DD Font="normal"><LA Size="normal">anhand der Gründungsdokumente,</LA></DD><DT>c)</DT><DD Font="normal"><LA Size="normal">anhand von Dokumenten, die bezüglich ihrer Beweiskraft den Dokumenten nach den Buchstaben a oder b gleichwertig sind, oder</LA></DD><DT>d)</DT><DD Font="normal"><LA Size="normal">durch Einsichtnahme in die Register- oder Verzeichnisdaten.</LA></DD></DL></LA></DD></DL>Soweit die Anschrift von natürlichen Personen nicht durch Verfahren nach Satz 1 Nummer 1 Buchstabe a bis e überprüft werden kann, ist sie anhand behördlicher Dokumente zu überprüfen, die zum Zweck der Anschriftsbescheinigung ausgestellt worden sind; sofern keine behördlichen Dokumente beigebracht werden können, ist die Anschrift anhand sonstiger geeigneter Verfahren zur Überprüfung der postalischen Erreichbarkeit zu überprüfen. Der akkreditierte Diensteanbieter kann von dem amtlichen Ausweis eine Kopie erstellen. Er hat die Kopie unverzüglich nach Feststellung der für die Identität erforderlichen Angaben des Teilnehmers zu vernichten. Der akkreditierte Diensteanbieter darf zur Identitätsfeststellung und -überprüfung mit Einwilligung des Nutzers auch personenbezogene Daten verarbeiten, die er zu einem früheren Zeitpunkt erhoben hat, sofern diese Daten die zuverlässige Identitätsfeststellung des Nutzers gewährleisten.</P><P>(4) Eine Nutzung der De-Mail-Dienste ist erst möglich, nachdem der akkreditierte Diensteanbieter das De-Mail-Konto des Nutzers freigeschaltet hat. Die Freischaltung erfolgt, sobald <DL Font="normal" Type="arabic"><DT>1.</DT><DD Font="normal"><LA Size="normal">der akkreditierte Diensteanbieter den Nutzer eindeutig identifiziert hat und die Identitätsdaten des Nutzers und bei Absatz 2 Nummer 2 auch dessen gesetzlichen Vertreters oder der Organmitglieder erhoben und erfolgreich überprüft worden sind,</LA></DD><DT>2.</DT><DD Font="normal"><LA Size="normal">der akkreditierte Diensteanbieter dem Nutzer dessen für die Erstanmeldung notwendigen Anmeldedaten auf geeignetem Wege übermittelt hat,</LA></DD><DT>3.</DT><DD Font="normal"><LA Size="normal">der Nutzer die Bestätigung nach § 9 Absatz 2 vorgenommen hat,</LA></DD><DT>4.</DT><DD Font="normal"><LA Size="normal">der Nutzer in die Prüfung seiner Nachrichten auf Schadsoftware durch den akkreditierten Diensteanbieter eingewilligt hat und</LA></DD><DT>5.</DT><DD Font="normal"><LA Size="normal">der Nutzer im Rahmen einer Erstanmeldung nachgewiesen hat, dass er die Anmeldedaten erfolgreich nutzen konnte.</LA></DD></DL></P><P>(5) Der akkreditierte Diensteanbieter hat nach der Freischaltung des De-Mail-Kontos eines Nutzers die Richtigkeit der zu dem Nutzer gespeicherten Identitätsdaten sicherzustellen. Er hat die gespeicherten Identitätsdaten in angemessenen zeitlichen Abständen auf ihre Richtigkeit zu prüfen und soweit erforderlich zu berichtigen.</P></Content></text><fussnoten><Content><P>(+++ Hinweis: Die Änderung d. Art. 6 Abs. 1 G v. 21.6.2019 I 846 durch Art. 154a Nr. 3 Buchst. a G v. 20.11.2019 I 1626 (Verschiebung d. Inkrafttretens zum 1.11.2020) ist nicht ausführbar, da Art. 5 d. G v. 21.6.2019  I 846 zum Zeitpunkt d. Inkrafttretens d. G v. 20.11.2019 I 1626 bereits mWv 1.11.2019 in Kraft getreten war +++)</P></Content></fussnoten></textdaten></norm>
<norm builddate="20251205215507" doknr="BJNR066610011BJNE000401116"><metadaten><jurabk>De-Mail-G</jurabk><enbez>§ 4</enbez><titel format="XML">Anmeldung zu einem De-Mail-Konto</titel></metadaten><textdaten><text format="XML"><Content><P>(1) Der akkreditierte Diensteanbieter muss dem Nutzer den Zugang zu seinem De-Mail-Konto und den einzelnen Diensten mit einer sicheren Anmeldung oder auf Verlangen des Nutzers auch ohne eine solche sichere Anmeldung ermöglichen. Für die sichere Anmeldung hat der akkreditierte Diensteanbieter sicherzustellen, dass zum Schutz gegen eine unberechtigte Nutzung der Zugang zum De-Mail-Konto nur möglich ist, wenn zwei geeignete und voneinander unabhängige Sicherungsmittel eingesetzt werden; soweit bei den Sicherungsmitteln Geheimnisse verwendet werden, ist deren Einmaligkeit und Geheimhaltung sicherzustellen. Der Zugang zum De-Mail-Konto erfolgt ohne eine sichere Anmeldung, wenn nur ein Sicherungsmittel, in der Regel Benutzername und Passwort, verwendet wird. Der Nutzer kann verlangen, dass der Zugang zu seinem De-Mail-Konto ausschließlich mit einer sicheren Anmeldung möglich sein soll.</P><P>(2) Der akkreditierte Diensteanbieter hat zu gewährleisten, dass der Nutzer zwischen mindestens zwei Verfahren zur sicheren Anmeldung nach Absatz 1 Satz 2 wählen kann. Als ein Verfahren zur sicheren Anmeldung muss durch den Nutzer, soweit er eine natürliche Person ist, der elektronische Identitätsnachweis nach § 18 des Personalausweisgesetzes, nach § 12 des eID-Karte-Gesetzes oder nach § 78 Absatz 5 des Aufenthaltsgesetzes genutzt werden können.</P><P>(3) Der akkreditierte Diensteanbieter hat sicherzustellen, dass die Kommunikationsverbindung zwischen dem Nutzer und seinem De-Mail-Konto verschlüsselt erfolgt.</P></Content></text><fussnoten><Content><P>(+++ Hinweis: Die Änderung d. Art. 6 Abs. 1 G v. 21.6.2019 I 846 durch Art. 154a Nr. 3 Buchst. a G v. 20.11.2019 I 1626 (Verschiebung d. Inkrafttretens zum 1.11.2020) ist nicht ausführbar, da Art. 5 d. G v. 21.6.2019  I 846 zum Zeitpunkt d. Inkrafttretens d. G v. 20.11.2019 I 1626 bereits mWv 1.11.2019 in Kraft getreten war +++)</P></Content></fussnoten></textdaten></norm>
<norm builddate="20251205215507" doknr="BJNR066610011BJNE000503116"><metadaten><jurabk>De-Mail-G</jurabk><enbez>§ 5</enbez><titel format="XML">Postfach- und Versanddienst</titel></metadaten><textdaten><text format="XML"><Content><P>(1) Die Bereitstellung eines De-Mail-Kontos umfasst die Nutzung eines sicheren elektronischen Postfach- und Versanddienstes für elektronische Nachrichten. Hierzu wird dem Nutzer eine De-Mail-Adresse für elektronische Post zugewiesen, welche folgende Angaben enthalten muss: <DL Font="normal" Type="arabic"><DT>1.</DT><DD Font="normal"><LA Size="normal">im Domänenteil der De-Mail-Adresse eine Kennzeichnung, die ausschließlich für De-Mail-Dienste genutzt werden darf;</LA></DD><DT>2.</DT><DD Font="normal"><LA Size="normal">bei natürlichen Personen im lokalen Teil deren Nachnamen und einen oder mehrere Vornamen oder einen Teil des oder der Vornamen (Hauptadresse);</LA></DD><DT>3.</DT><DD Font="normal"><LA Size="normal">bei juristischen Personen, rechtsfähigen Personengesellschaften oder öffentlichen Stellen im Domänenteil eine Bezeichnung, welche in direktem Bezug zu ihrer Firma, Namen oder sonstiger Bezeichnung steht.</LA></DD></DL></P><P>(2) Der akkreditierte Diensteanbieter kann Nutzern auf Verlangen auch pseudonyme De-Mail-Adressen zur Verfügung stellen, soweit es sich bei dem Nutzer um eine natürliche Person handelt. Die Inanspruchnahme eines Dienstes durch den Nutzer unter Pseudonym ist für Dritte erkennbar zu kennzeichnen.</P><P>(3) Der Postfach- und Versanddienst hat die Vertraulichkeit, die Integrität und die Authentizität der Nachrichten zu gewährleisten. Hierzu gewährleistet der akkreditierte Diensteanbieter, dass <DL Font="normal" Type="arabic"><DT>1.</DT><DD Font="normal"><LA Size="normal">die Kommunikation von einem akkreditierten Diensteanbieter zu jedem anderen akkreditierten Diensteanbieter über einen verschlüsselten gegenseitig authentisierten Kanal erfolgt (Transportverschlüsselung) und</LA></DD><DT>2.</DT><DD Font="normal"><LA Size="normal">der Inhalt einer De-Mail-Nachricht vom akkreditierten Diensteanbieter des Senders zum akkreditierten Diensteanbieter des Empfängers verschlüsselt übertragen wird.</LA></DD></DL>Der Einsatz einer durchgängigen Verschlüsselung zwischen Sender und Empfänger (Ende-zu-Ende-Verschlüsselung) bleibt hiervon unberührt.</P><P>(4) Der Sender kann eine sichere Anmeldung nach § 4 für den Abruf der Nachricht durch den Empfänger bestimmen.</P><P>(5) Der akkreditierte Diensteanbieter muss dem Nutzer ermöglichen, seine sichere Anmeldung im Sinne von § 4 in der Nachricht so bestätigen zu lassen, dass die Unverfälschtheit der Bestätigung jederzeit nachprüfbar ist. Um dieses dem Empfänger der Nachricht kenntlich zu machen, bestätigt der akkreditierte Diensteanbieter des Senders die Verwendung der sicheren Anmeldung nach § 4. Hierzu versieht er im Auftrag des Senders die Nachricht mit einer dauerhaft überprüfbaren qualifizierten elektronischen Signatur; sind der Nachricht eine oder mehrere Dateien beigefügt, bezieht sich die qualifizierte elektronische Signatur auch auf diese. Die Bestätigung enthält bei natürlichen Personen den Namen und die Vornamen, bei juristischen Personen, rechtsfähigen Personengesellschaften oder öffentlichen Stellen die Firma, den Namen oder die Bezeichnung des Senders in der Form, in der diese nach § 3 Absatz 2 hinterlegt sind. Die Tatsache, dass der Absender diese Versandart genutzt hat, muss sich aus der Nachricht in der Form, wie sie beim Empfänger ankommt, ergeben. Die Bestätigung nach Satz 1 ist nicht zulässig bei Verwendung einer pseudonymen De-Mail-Adresse nach Absatz 2.</P><P>(6) Der akkreditierte Diensteanbieter mit Ausnahme der Diensteanbieter nach § 19 ist verpflichtet, elektronische Nachrichten nach den Vorschriften der Prozessordnungen und der Gesetze, die die Verwaltungszustellung regeln, förmlich zuzustellen. Im Umfang dieser Verpflichtung ist der akkreditierte Diensteanbieter mit Hoheitsbefugnissen ausgestattet (beliehener Unternehmer).</P><P>(7) Der akkreditierte Diensteanbieter bestätigt auf Antrag des Senders den Versand einer Nachricht. Die Versandbestätigung muss folgende Angaben enthalten: <DL Font="normal" Type="arabic"><DT>1.</DT><DD Font="normal"><LA Size="normal">die De-Mail-Adresse des Absenders und des Empfängers;</LA></DD><DT>2.</DT><DD Font="normal"><LA Size="normal">das Datum und die Uhrzeit des Versands der Nachricht vom De-Mail-Postfach des Senders;</LA></DD><DT>3.</DT><DD Font="normal"><LA Size="normal">den Namen und Vornamen oder die Firma des akkreditierten Diensteanbieters, der die Versandbestätigung erzeugt und</LA></DD><DT>4.</DT><DD Font="normal"><LA Size="normal">die Prüfsumme der zu bestätigenden Nachricht.</LA></DD></DL>Der akkreditierte Diensteanbieter des Senders hat die Versandbestätigung mit einer qualifizierten elektronischen Signatur zu versehen.</P><P>(8) Auf Antrag des Senders wird der Eingang einer Nachricht im De-Mail-Postfach des Empfängers bestätigt. Hierbei wirken der akkreditierte Diensteanbieter des Senders und der akkreditierte Diensteanbieter des Empfängers zusammen. Der akkreditierte Diensteanbieter des Empfängers erstellt eine Eingangsbestätigung. Die Eingangsbestätigung enthält folgende Angaben: <DL Font="normal" Type="arabic"><DT>1.</DT><DD Font="normal"><LA Size="normal">die De-Mail-Adresse des Absenders und des Empfängers;</LA></DD><DT>2.</DT><DD Font="normal"><LA Size="normal">das Datum und die Uhrzeit des Eingangs der Nachricht im De-Mail-Postfach des Empfängers;</LA></DD><DT>3.</DT><DD Font="normal"><LA Size="normal">den Namen und Vornamen oder die Firma des akkreditierten Diensteanbieters, der die Eingangsbestätigung erzeugt und</LA></DD><DT>4.</DT><DD Font="normal"><LA Size="normal">die Prüfsumme der zu bestätigenden Nachricht.</LA></DD></DL>Der akkreditierte Diensteanbieter des Empfängers hat die Eingangsbestätigung mit einer qualifizierten elektronischen Signatur zu versehen. Der akkreditierte Diensteanbieter des Empfängers sendet diesem ebenfalls die Eingangsbestätigung zu.</P><P>(9) Eine öffentliche Stelle, welche zur förmlichen Zustellung nach den Vorschriften der Prozessordnungen und der Gesetze, die die Verwaltungszustellung regeln, berechtigt ist, kann eine Abholbestätigung verlangen. Aus der Abholbestätigung ergibt sich, dass sich der Empfänger nach dem Eingang der Nachricht im Postfach an seinem De-Mail-Konto sicher im Sinne des § 4 angemeldet hat. Hierbei wirken der akkreditierte Diensteanbieter der öffentlichen Stelle als Senderin und der akkreditierte Diensteanbieter des Empfängers zusammen. Der akkreditierte Diensteanbieter des Empfängers erzeugt die Abholbestätigung. Die Abholbestätigung muss folgende Angaben enthalten: <DL Font="normal" Type="arabic"><DT>1.</DT><DD Font="normal"><LA Size="normal">die De-Mail-Adresse des Absenders und des Empfängers;</LA></DD><DT>2.</DT><DD Font="normal"><LA Size="normal">das Datum und die Uhrzeit des Eingangs der Nachricht im De-Mail-Postfach des Empfängers;</LA></DD><DT>3.</DT><DD Font="normal"><LA Size="normal">das Datum und die Uhrzeit der sicheren Anmeldung des Empfängers an seinem De-Mail-Konto im Sinne des § 4;</LA></DD><DT>4.</DT><DD Font="normal"><LA Size="normal">den Namen und Vornamen oder die Firma des akkreditierten Diensteanbieters, der die Abholbestätigung erzeugt und</LA></DD><DT>5.</DT><DD Font="normal"><LA Size="normal">die Prüfsumme der zu bestätigenden Nachricht.</LA></DD></DL>Der akkreditierte Diensteanbieter des Empfängers hat die Abholbestätigung mit einer qualifizierten elektronischen Signatur zu versehen. Der akkreditierte Diensteanbieter des Empfängers sendet diesem ebenfalls die Abholbestätigung zu. Die in Satz 5 genannten Daten dürfen ausschließlich zum Nachweis der förmlichen Zustellung im Sinne von § 5 Absatz 6 verarbeitet und genutzt werden.</P><P>(10) Der akkreditierte Diensteanbieter stellt sicher, dass Nachrichten, für die eine Eingangsbestätigung nach Absatz 8 oder eine Abholbestätigung nach Absatz 9 erteilt worden ist, durch den Empfänger ohne eine sichere Anmeldung an seinem De-Mail-Konto erst 90 Tage nach ihrem Eingang gelöscht werden können.</P><P>(11) Nutzern, die natürliche Personen sind, bietet der akkreditierte Diensteanbieter an, von allen an ihre De-Mail-Adresse adressierten Nachrichten eine Kopie an eine zuvor vom Nutzer angegebene De-Mail-Adresse (Weiterleitungsadresse) weiterzuleiten, ohne dass der Nutzer an seinem De-Mail-Konto angemeldet sein muss (automatische Weiterleitung). Der Nutzer kann ausschließen, dass im Sinne des Absatzes 4 an ihn gesendete Nachrichten weitergeleitet werden. Der Nutzer kann den Dienst der automatischen Weiterleitung jederzeit zurücknehmen. Um den Dienst der automatischen Weiterleitung nutzen zu können, muss der Nutzer sicher an seinem De-Mail-Konto angemeldet sein.</P></Content></text><fussnoten/></textdaten></norm>
<norm builddate="20251205215507" doknr="BJNR066610011BJNE000602116"><metadaten><jurabk>De-Mail-G</jurabk><enbez>§ 6</enbez><titel format="XML">Identitätsbestätigungsdienst</titel></metadaten><textdaten><text format="XML"><Content><P>(1) Der akkreditierte Diensteanbieter kann einen Identitätsbestätigungsdienst anbieten. Ein solcher liegt vor, wenn sich der Nutzer der nach § 3 hinterlegten Identitätsdaten bedienen kann, um seine Identität gegenüber einem Dritten, der ebenfalls Nutzer eines De-Mail-Kontos ist, sicher elektronisch bestätigen zu lassen. Die Übermittlung der Identitätsdaten erfolgt mittels einer De-Mail-Nachricht, die der akkreditierte Diensteanbieter im Auftrag des Nutzers an den Dritten, welchem gegenüber er seine Identitätsdaten mitteilen möchte, sendet. Die De-Mail-Nachricht wird durch den akkreditierten Diensteanbieter mit einer qualifizierten elektronischen Signatur versehen.</P><P>(2) Der akkreditierte Diensteanbieter hat Vorkehrungen dafür zu treffen, dass Identitätsdaten nicht unbemerkt gefälscht oder verfälscht werden können.</P><P>(3) Die zuständige Behörde kann die Einschränkung der Verarbeitung eines Identitätsdatums anordnen, wenn Tatsachen die Annahme rechtfertigen, dass das Identitätsdatum auf Grund falscher Angaben ausgestellt wurde oder nicht ausreichend fälschungssicher ist.</P></Content></text><fussnoten/></textdaten></norm>
<norm builddate="20251205215507" doknr="BJNR066610011BJNE000704130"><metadaten><jurabk>De-Mail-G</jurabk><enbez>§ 7</enbez><titel format="XML">Verzeichnisdienst</titel></metadaten><textdaten><text format="XML"><Content><P>(1) Der akkreditierte Diensteanbieter hat auf ausdrückliches Verlangen des Nutzers die De-Mail-Adressen, die nach § 3 hinterlegten Identitätsdaten Name und Anschrift, die für die Verschlüsselung von Nachrichten an den Nutzer notwendigen Informationen und die Information über die Möglichkeit der sicheren Anmeldung nach § 4 des Nutzers in einem Verzeichnisdienst zu veröffentlichen. Der akkreditierte Diensteanbieter darf die Eröffnung eines De-Mail-Kontos für den Nutzer nicht von dem Verlangen des Nutzers nach Satz 1 abhängig machen.</P><P>(2) Der akkreditierte Diensteanbieter hat eine De-Mail-Adresse, ein Identitätsdatum oder die für die Verschlüsselung von Nachrichten an den Nutzer notwendigen Informationen unverzüglich aus dem Verzeichnisdienst zu löschen, wenn <DL Font="normal" Type="arabic"><DT>1.</DT><DD Font="normal"><LA Size="normal">der Nutzer dies verlangt,</LA></DD><DT>2.</DT><DD Font="normal"><LA Size="normal">die Daten aufgrund falscher Angaben ausgestellt wurden,</LA></DD><DT>3.</DT><DD Font="normal"><LA Size="normal">der Diensteanbieter seine Tätigkeit beendet und diese nicht von einem anderen akkreditierten Diensteanbieter fortgeführt wird oder</LA></DD><DT>4.</DT><DD Font="normal"><LA Size="normal">die zuständige Behörde die Löschung aus dem Verzeichnisdienst anordnet.</LA></DD></DL>Weitere Gründe für eine Löschung können vertraglich vereinbart werden.</P><P>(3) Die Veröffentlichung der De-Mail-Adresse im Verzeichnisdienst auf ein Verlangen des Nutzers als Verbraucher nach Absatz 1 allein gilt nicht als Eröffnung des Zugangs im Sinne von § 3a Absatz 1 des Verwaltungsverfahrensgesetzes, § 36a Absatz 1 des Ersten Buches Sozialgesetzbuch oder des § 87a Absatz 1 Satz 1 der Abgabenordnung. Auf Verlangen des Nutzers muss der akkreditierte Diensteanbieter durch einen geeigneten Zusatz die Erklärung des Nutzers im Verzeichnisdienst veröffentlichen, den Zugang im Sinne von § 3a des Verwaltungsverfahrensgesetzes, § 36a Absatz 1 des Ersten Buches Sozialgesetzbuch und des § 87a Absatz 1 Satz 1 der Abgabenordnung eröffnen zu wollen. Die Veröffentlichung der De-Mail-Adresse des Nutzers als Verbraucher mit diesem Zusatz im Verzeichnisdienst gilt als Zugangseröffnung. Satz 2 gilt entsprechend für die Entscheidung des Nutzers, die Zugangseröffnung zurückzunehmen.</P><P>(4) § 18 des Telekommunikation-Digitale-Dienste-Datenschutz-Gesetzes gilt entsprechend.</P></Content></text><fussnoten/></textdaten></norm>
<norm builddate="20251205215507" doknr="BJNR066610011BJNE000801116"><metadaten><jurabk>De-Mail-G</jurabk><enbez>§ 8</enbez><titel format="XML">Dokumentenablage</titel></metadaten><textdaten><text format="XML"><Content><P>Der akkreditierte Diensteanbieter kann dem Nutzer eine Dokumentenablage zur sicheren Ablage von Dokumenten anbieten. Bietet er die Dokumentenablage an, so hat er dafür Sorge zu tragen, dass die Dokumente sicher abgelegt werden; Vertraulichkeit, Integrität und ständige Verfügbarkeit der abgelegten Dokumente sind zu gewährleisten. Der akkreditierte Diensteanbieter ist verpflichtet, alle Dokumente verschlüsselt abzulegen. Der Nutzer kann für jede einzelne Datei eine für den Zugriff erforderliche sichere Anmeldung nach § 4 festlegen. Auf Verlangen des Nutzers hat der akkreditierte Diensteanbieter ein Protokoll über die Einstellung und Herausnahme von Dokumenten bereitzustellen, das mit einer qualifizierten elektronischen Signatur gesichert ist.</P></Content></text><fussnoten/></textdaten></norm>
<norm builddate="20251205215507" doknr="BJNR066610011BJNG000300000"><metadaten><jurabk>De-Mail-G</jurabk><gliederungseinheit><gliederungskennzahl>030</gliederungskennzahl><gliederungsbez>Abschnitt 3</gliederungsbez><gliederungstitel>De-Mail-Dienste-Nutzung</gliederungstitel></gliederungseinheit></metadaten><textdaten/></norm>
<norm builddate="20251205215507" doknr="BJNR066610011BJNE000901116"><metadaten><jurabk>De-Mail-G</jurabk><enbez>§ 9</enbez><titel format="XML">Aufklärungs- und Informationspflichten</titel></metadaten><textdaten><text format="XML"><Content><P>(1) Der akkreditierte Diensteanbieter hat den Nutzer vor der erstmaligen Nutzung des De-Mail-Kontos über die Rechtsfolgen und Kosten der Nutzung von De-Mail-Diensten, insbesondere der Nutzung des Postfach- und Versanddienstes nach § 5, des Verzeichnisdienstes nach § 7 und der Dokumentenablage nach § 8, über die Rechtsfolgen und Kosten der Sperrung und Auflösung des De-Mail-Kontos nach § 10, der Einstellung der Tätigkeit nach § 11 und der Vertragsbeendigung nach § 12 sowie über die Maßnahmen zu informieren, die notwendig sind, um einen unbefugten Zugang zum De-Mail-Konto zu verhindern. Dies umfasst insbesondere auch Informationen <DL Font="normal" Type="arabic"><DT>1.</DT><DD Font="normal"><LA Size="normal">über die Möglichkeit und Bedeutung einer sicheren Anmeldung nach § 4 Absatz 1 Satz 2 sowie einen Hinweis dazu, dass ein Zugang zum De-Mail-Konto ohne sichere Anmeldung nicht den gleichen Schutz bietet wie mit einer sicheren Anmeldung und</LA></DD><DT>2.</DT><DD Font="normal"><LA Size="normal">über den Inhalt und die Bedeutung der Transportverschlüsselung nach § 5 Absatz 3 Satz 2 sowie der Verschlüsselung nach § 4 Absatz 3 sowie über die Unterschiede dieser Verschlüsselungen zu einer Ende-zu-Ende-Verschlüsselung nach § 5 Absatz 3 Satz 3.</LA></DD></DL>Der akkreditierte Diensteanbieter muss den Nutzer außerdem darüber informieren, wie mit schadsoftwarebehafteten De-Mail-Nachrichten umgegangen wird.</P><P>(2) Der akkreditierte Diensteanbieter darf die erstmalige Nutzung des De-Mail-Kontos nur zulassen, wenn der Nutzer die erforderlichen Informationen in Textform erhalten und in Textform bestätigt hat, dass er die Informationen nach Absatz 1 erhalten und zur Kenntnis genommen hat.</P><P>(3) Informationspflichten nach anderen Gesetzen bleiben unberührt.</P></Content></text><fussnoten/></textdaten></norm>
<norm builddate="20251205215507" doknr="BJNR066610011BJNE001001116"><metadaten><jurabk>De-Mail-G</jurabk><enbez>§ 10</enbez><titel format="XML">Sperrung und Auflösung des De-Mail-Kontos</titel></metadaten><textdaten><text format="XML"><Content><P>(1) Der akkreditierte Diensteanbieter hat den Zugang zu einem De-Mail-Konto unverzüglich zu sperren, wenn <DL Font="normal" Type="arabic"><DT>1.</DT><DD Font="normal"><LA Size="normal">der Nutzer es verlangt,</LA></DD><DT>2.</DT><DD Font="normal"><LA Size="normal">Tatsachen die Annahme rechtfertigen, dass die zur eindeutigen Identifizierung des Nutzers beim akkreditierten Diensteanbieter gespeicherten Daten nicht ausreichend fälschungssicher sind oder dass die sichere Anmeldung gemäß § 4 Mängel aufweist, die eine unbemerkte Fälschung oder Kompromittierung des Anmeldevorgangs zulassen,</LA></DD><DT>3.</DT><DD Font="normal"><LA Size="normal">die zuständige Behörde die Sperrung gemäß Absatz 2 anordnet oder</LA></DD><DT>4.</DT><DD Font="normal"><LA Size="normal">die Voraussetzungen eines vertraglich zwischen dem akkreditierten Diensteanbieter und dem Nutzer vereinbarten Sperrgrundes vorliegen.</LA></DD></DL>Im Fall des Satzes 1 Nummer 4 hat der akkreditierte Diensteanbieter die Sperrung so vorzunehmen, dass der Abruf von Nachrichten möglich bleibt; dies gilt nicht, soweit der vertraglich vereinbarte Sperrgrund den Abruf von Nachrichten ausschließt. Der akkreditierte Diensteanbieter hat den zur Sperrung berechtigten Nutzern eine Rufnummer bekannt zu geben, unter der diese unverzüglich eine Sperrung des Zugangs veranlassen können.</P><P>(2) Die zuständige Behörde kann die Sperrung eines De-Mail-Kontos anordnen, wenn Tatsachen die Annahme rechtfertigen, dass das De-Mail-Konto auf Grund falscher Angaben eröffnet wurde oder die zur eindeutigen Identifizierung des Nutzers beim akkreditierten Diensteanbieter vorgehaltenen Daten nicht ausreichend fälschungssicher sind oder die sichere Anmeldung gemäß § 4 Absatz 1 Mängel aufweist, die eine unbemerkte Fälschung oder Kompromittierung des Anmeldevorgangs zulassen.</P><P>(3) Der akkreditierte Diensteanbieter hat dem Nutzer nach Wegfall des Sperrgrundes den Zugang zum De-Mail-Konto erneut zu gewähren.</P><P>(4) Der akkreditierte Diensteanbieter hat ein De-Mail-Konto unverzüglich aufzulösen, wenn <DL Font="normal" Type="arabic"><DT>1.</DT><DD Font="normal"><LA Size="normal">der Nutzer dies verlangt oder</LA></DD><DT>2.</DT><DD Font="normal"><LA Size="normal">die zuständige Behörde die Auflösung anordnet.</LA></DD></DL>Die zuständige Behörde kann die Auflösung anordnen, wenn die Voraussetzungen des Absatzes 2 vorliegen und eine Sperrung nicht ausreichend ist. Eine Vereinbarung über weitere Auflösungsgründe ist unwirksam.</P><P>(5) Der akkreditierte Diensteanbieter hat sich vor einer Sperrung nach Absatz 1 oder einer Auflösung nach Absatz 4 auf geeignete Weise von der Identität des zur Sperrung oder Auflösung berechtigten Nutzers zu überzeugen.</P><P>(6) Im Fall einer Sperrung nach Absatz 1 Satz 1 Nummer 1 bis 3 oder Absatz 1 Satz 1 Nummer 4 in Verbindung mit Absatz 1 Satz 2 zweiter Halbsatz sowie einer Auflösung nach Absatz 4 hat der akkreditierte Diensteanbieter den Eingang von Nachrichten in das Postfach eines gesperrten oder aufgelösten De-Mail-Kontos zu unterbinden und den Absender unverzüglich davon zu informieren.</P><P>(7) Sofern die Sperrung oder Auflösung des De-Mail-Kontos auf Veranlassung des akkreditierten Diensteanbieters oder der zuständigen Behörde erfolgt, ist der Nutzer über die Sperrung oder Auflösung zu informieren. In den Fällen des Absatzes 1 Satz 2 erster Halbsatz ist der akkreditierte Diensteanbieter verpflichtet, den Nutzer darüber zu informieren, dass er trotz Sperrung Nachrichten empfangen und abrufen kann.</P></Content></text><fussnoten/></textdaten></norm>
<norm builddate="20251205215507" doknr="BJNR066610011BJNE001100000"><metadaten><jurabk>De-Mail-G</jurabk><enbez>§ 11</enbez><titel format="XML">Einstellung der Tätigkeit</titel></metadaten><textdaten><text format="XML"><Content><P>(1) Der akkreditierte Diensteanbieter hat die Einstellung seiner Tätigkeit unverzüglich der zuständigen Behörde anzuzeigen. Er hat dafür zu sorgen, dass das De-Mail-Konto von einem anderen akkreditierten Diensteanbieter übernommen werden kann. Er hat die betroffenen Nutzer unverzüglich über die Einstellung seiner Tätigkeit zu benachrichtigen und deren Zustimmung zur Übernahme des De-Mail-Kontos durch einen anderen akkreditierten Diensteanbieter einzuholen.</P><P>(2) Übernimmt kein anderer akkreditierter Diensteanbieter das De-Mail-Konto, muss der akkreditierte Diensteanbieter sicherstellen, dass die im Postfach und in der Dokumentenablage gespeicherten Daten für wenigstens drei Monate ab dem Zeitpunkt der Benachrichtigung des Nutzers abrufbar bleiben.</P><P>(3) Der akkreditierte Diensteanbieter hat die Dokumentation nach § 13 an den akkreditierten Diensteanbieter, der das De-Mail-Konto nach Absatz 1 übernimmt, zu übergeben. Übernimmt kein anderer akkreditierter Diensteanbieter das De-Mail-Konto, übernimmt die zuständige Behörde die Dokumentation. In diesem Fall erteilt die zuständige Behörde bei Vorliegen eines berechtigten Interesses Auskunft daraus, soweit dies ohne unverhältnismäßigen Aufwand möglich ist.</P><P>(4) Der akkreditierte Diensteanbieter hat einen Antrag auf Eröffnung eines Insolvenzverfahrens der zuständigen Behörde unverzüglich anzuzeigen.</P></Content></text></textdaten></norm>
<norm builddate="20251205215507" doknr="BJNR066610011BJNE001200000"><metadaten><jurabk>De-Mail-G</jurabk><enbez>§ 12</enbez><titel format="XML">Vertragsbeendigung</titel></metadaten><textdaten><text format="XML"><Content><P>Der akkreditierte Diensteanbieter ist verpflichtet, dem Nutzer für einen Zeitraum von drei Monaten nach Vertragsende den Zugriff auf die im Postfach und in der Dokumentenablage abgelegten Daten zu ermöglichen und ihn auf ihre Löschung mindestens einen Monat vor dieser in Textform hinzuweisen.</P></Content></text></textdaten></norm>
<norm builddate="20251205215507" doknr="BJNR066610011BJNE001301116"><metadaten><jurabk>De-Mail-G</jurabk><enbez>§ 13</enbez><titel format="XML">Dokumentation</titel></metadaten><textdaten><text format="XML"><Content><P>(1) Der akkreditierte Diensteanbieter hat alle Maßnahmen zur Sicherstellung der Voraussetzungen der Akkreditierung und zur Erfüllung der in §§ 3 bis 12 genannten Pflichten so zu dokumentieren, dass die Daten und ihre Unverfälschtheit jederzeit nachprüfbar sind. Die Dokumentationspflicht umfasst den Vorgang der Eröffnung eines De-Mail-Kontos, jede Änderung von Daten, die hinsichtlich der Führung eines De-Mail-Kontos relevant sind, sowie jede Änderung hinsichtlich des Status eines De-Mail-Kontos. Für angefertigte Kopien von amtlichen Ausweisen gilt § 3 Absatz 3 Satz 3.</P><P>(2) Der akkreditierte Diensteanbieter hat die Dokumentation nach Absatz 1 während der Dauer des zwischen ihm und dem Nutzer bestehenden Vertragsverhältnisses sowie zehn weitere Jahre ab dem Schluss des Jahres aufzubewahren, in dem das Vertragsverhältnis endet.</P><P>(3) (weggefallen)</P></Content></text><fussnoten/></textdaten></norm>
<norm builddate="20251205215507" doknr="BJNR066610011BJNE001400000"><metadaten><jurabk>De-Mail-G</jurabk><enbez>§ 14</enbez><titel format="XML">Jugend- und Verbraucherschutz</titel></metadaten><textdaten><text format="XML"><Content><P>Der akkreditierte Diensteanbieter hat bei Gestaltung und Betrieb der De-Mail-Dienste die Belange des Jugendschutzes und des Verbraucherschutzes zu beachten.</P></Content></text></textdaten></norm>
<norm builddate="20251205215507" doknr="BJNR066610011BJNE001503130"><metadaten><jurabk>De-Mail-G</jurabk><enbez>§ 15</enbez><titel format="XML">Datenschutz</titel></metadaten><textdaten><text format="XML"><Content><P>Der akkreditierte Diensteanbieter darf personenbezogene Daten des Nutzers eines De-Mail-Kontos nur verarbeiten, soweit dies zur Bereitstellung der De-Mail-Dienste und deren Durchführung erforderlich ist; im Übrigen gelten die Regelungen des Digitale-Dienste-Gesetzes, des Telekommunikationsgesetzes, des Telekommunikation-Digitale-Dienste-Datenschutz-Gesetzes und des Bundesdatenschutzgesetzes. Die datenschutzrechtlichen Regelungen dieser Gesetze gelten ergänzend zu der Verordnung (EU) 2016/679 des Europäischen Parlaments und des Rates vom 27. April 2016 zum Schutz natürlicher Personen bei der Verarbeitung personenbezogener Daten, zum freien Datenverkehr und zur Aufhebung der Richtlinie 95/46/EG (Datenschutz-Grundverordnung) (ABl. L 119 vom 4.5.2016, S. 1; L 314 vom 22.11.2016, S. 72; L 127 vom 23.5.2018, S. 2) in der jeweils geltenden Fassung.</P></Content></text><fussnoten/></textdaten></norm>
<norm builddate="20251205215507" doknr="BJNR066610011BJNE001601116"><metadaten><jurabk>De-Mail-G</jurabk><enbez>§ 16</enbez><titel format="XML">Auskunftsanspruch</titel></metadaten><textdaten><text format="XML"><Content><P>(1) Ein akkreditierter Diensteanbieter erteilt Dritten Auskunft über Namen und Anschrift eines Nutzers, wenn <DL Font="normal" Type="arabic"><DT>1.</DT><DD Font="normal"><LA Size="normal">der Dritte glaubhaft macht, die Auskunft zur Verfolgung eines Rechtsanspruches gegen den Nutzer zu benötigen,</LA></DD><DT>2.</DT><DD Font="normal"><LA Size="normal">sich die Auskunft auf ein Rechtsverhältnis zwischen dem Dritten und dem Nutzer bezieht, das unter Nutzung von De-Mail zustande gekommen ist,</LA></DD><DT>3.</DT><DD Font="normal"><LA Size="normal">der Dritte die zur Feststellung seiner Identität notwendigen Angaben im Sinne von § 3 Absatz 2 macht,</LA></DD><DT>4.</DT><DD Font="normal"><LA Size="normal">der akkreditierte Diensteanbieter die Richtigkeit der Angaben nach § 3 Absatz 3 überprüft hat,</LA></DD><DT>5.</DT><DD Font="normal"><LA Size="normal">das Verlangen nicht rechtsmissbräuchlich ist, insbesondere nicht allein dem Zweck dient, ein Pseudonym aufzudecken, und</LA></DD><DT>6.</DT><DD Font="normal"><LA Size="normal">die schutzwürdigen Interessen des Nutzers im Einzelfall nicht überwiegen.</LA></DD></DL></P><P>(2) Der Dritte hat dem akkreditierten Diensteanbieter zur Glaubhaftmachung nach Absatz 1 Nummer 1 elektronische Nachrichten oder Schriftstücke zu übermitteln, aus denen sich das Rechtsverhältnis zum Nutzer ergibt, sofern diese angefallen sind. Der akkreditierte Diensteanbieter hat den Nutzer von dem Auskunftsersuchen unverzüglich und unter Benennung des Dritten zu informieren und ihm Gelegenheit zur Stellungnahme zum Auskunftsersuchen zu gewähren, soweit dies die Verfolgung des Rechtsanspruchs des Dritten nicht im Einzelfall gefährdet.</P><P>(3) Der akkreditierte Diensteanbieter kann den Ersatz der für die Auskunftserteilung erforderlichen Aufwendungen verlangen.</P><P>(4) Die durch die Auskunftserteilung erlangten Daten dürfen nur zu dem bei dem Ersuchen angegebenen Zweck verwendet werden.</P><P>(5) Der akkreditierte Diensteanbieter hat die Auskunftserteilung nach Absatz 1 zu dokumentieren und den Nutzer von der Erteilung der Auskunft zu informieren. Die Dokumentationspflicht nach Satz 1 umfasst den Antrag zur Auskunftserteilung samt Angabe des Dritten nach Absatz 1, die Entscheidung des akkreditierten Diensteanbieters, die Identifizierungsdaten des bearbeitenden Mitarbeiters des akkreditierten Diensteanbieters, die Mitteilung des Ergebnisses an den auskunftsersuchenden Dritten, die Mitteilung über die Auskunftserteilung an den Nutzer und die jeweilige gesetzliche Zeit bei einzelnen Prozessen innerhalb der Auskunftserteilung. Die Dokumentation ist drei Jahre aufzubewahren.</P><P>(6) Die §§ 13 und 13a des Gesetzes über Unterlassungsklagen bei Verbraucherrechts- und anderen Verstößen bleiben unberührt.</P><P>(7) Die nach anderen Rechtsvorschriften bestehenden Regelungen zu Auskünften gegenüber öffentlichen Stellen bleiben unberührt.</P></Content></text><fussnoten/></textdaten></norm>
<norm builddate="20251205215507" doknr="BJNR066610011BJNG000400000"><metadaten><jurabk>De-Mail-G</jurabk><gliederungseinheit><gliederungskennzahl>040</gliederungskennzahl><gliederungsbez>Abschnitt 4</gliederungsbez><gliederungstitel>Akkreditierung</gliederungstitel></gliederungseinheit></metadaten><textdaten/></norm>
<norm builddate="20251205215507" doknr="BJNR066610011BJNE001700000"><metadaten><jurabk>De-Mail-G</jurabk><enbez>§ 17</enbez><titel format="XML">Akkreditierung von Diensteanbietern</titel></metadaten><textdaten><text format="XML"><Content><P>(1) Diensteanbieter, die De-Mail-Dienste anbieten wollen, müssen sich auf schriftlichen Antrag von der zuständigen Behörde akkreditieren lassen. Die Akkreditierung ist zu erteilen, wenn der Diensteanbieter nachweist, dass er die Voraussetzungen nach § 18 erfüllt und wenn die Ausübung der Aufsicht über den Diensteanbieter durch die zuständige Behörde gewährleistet ist. Akkreditierte Diensteanbieter erhalten ein Gütezeichen der zuständigen Behörde. Das Gütezeichen dient als Nachweis für die umfassend geprüfte technische und administrative Sicherheit der De-Mail-Dienste. Sie dürfen sich als akkreditierte Diensteanbieter bezeichnen. Nur akkreditierte Diensteanbieter dürfen sich im Geschäftsverkehr auf die nachgewiesene Sicherheit berufen und das Gütezeichen führen. Weitere Kennzeichnungen können akkreditierten Diensteanbietern vorbehalten sein.</P><P>(2) Über den Antrag nach § 17 Absatz 1 Satz 1 ist innerhalb einer Frist von drei Monaten zu entscheiden; § 42a Absatz 2 Satz 2 bis 4 des Verwaltungsverfahrensgesetzes findet Anwendung.</P><P>(3) Die Akkreditierung ist nach wesentlichen Veränderungen, spätestens jedoch nach drei Jahren zu erneuern.</P></Content></text></textdaten></norm>
<norm builddate="20251205215507" doknr="BJNR066610011BJNE001803129"><metadaten><jurabk>De-Mail-G</jurabk><enbez>§ 18</enbez><titel format="XML">Voraussetzungen der Akkreditierung; Nachweis</titel></metadaten><textdaten><text format="XML"><Content><P>(1) Als Diensteanbieter kann nur akkreditiert werden, wer <DL Font="normal" Type="arabic"><DT>1.</DT><DD Font="normal"><LA Size="normal">die für den Betrieb von De-Mail-Diensten erforderliche Zuverlässigkeit und Fachkunde besitzt,</LA></DD><DT>2.</DT><DD Font="normal"><LA Size="normal">eine geeignete Deckungsvorsorge trifft, um seinen gesetzlichen Verpflichtungen zum Ersatz von Schäden nachzukommen,</LA></DD><DT>3.</DT><DD Font="normal"><LA Size="normal">die technischen und organisatorischen Anforderungen an die Pflichten nach den §§ 3 bis 13 sowie nach § 16 in der Weise erfüllt, dass er die Dienste zuverlässig und sicher erbringt, er mit den anderen akkreditierten Diensteanbietern zusammenwirkt und für die Erbringung der Dienste ausschließlich technische Geräte verwendet, die sich im Gebiet der Mitgliedstaaten der Europäischen Union oder eines anderen Vertragsstaates des Abkommens über den Europäischen Wirtschaftsraum befinden,</LA></DD><DT>4.</DT><DD Font="normal"><LA Size="normal">bei der Gestaltung und dem Betrieb der De-Mail-Dienste die datenschutzrechtlichen Anforderungen erfüllt.</LA></DD></DL></P><P>(2) Die Diensteanbieter haben die technischen und organisatorischen Anforderungen nach den §§ 3 bis 13 sowie nach § 16 nach dem Stand der Technik zu erfüllen. Die Einhaltung des Standes der Technik wird vermutet, wenn die Technische Richtlinie 01201 De-Mail des Bundesamtes für Sicherheit in der Informationstechnik vom 23. März 2011 (eBAnz AT40 2011 B1) in der jeweils im Bundesanzeiger veröffentlichten Fassung eingehalten wird. Bevor das Bundesamt für Sicherheit in der Informationstechnik wesentliche Änderungen an der Technischen Richtlinie vornimmt, hört es den Ausschuss De-Mail-Standardisierung im Sinne des § 22 an, und dem oder der Bundesbeauftragten für den Datenschutz und die Informationsfreiheit wird hierbei Gelegenheit zur Stellungnahme gegeben, sofern Fragen des Datenschutzes berührt sind.</P><P>(3) Die Voraussetzungen nach Absatz 1 werden wie folgt nachgewiesen: <DL Font="normal" Type="arabic"><DT>1.</DT><DD Font="normal"><LA Size="normal">die erforderliche Zuverlässigkeit und Fachkunde durch Nachweise über die persönlichen Eigenschaften, das Verhalten und die entsprechenden Fähigkeiten seiner oder der in seinem Betrieb tätigen Personen; als Nachweis der erforderlichen Fachkunde ist es in der Regel ausreichend, wenn für die jeweilige Aufgabe im Betrieb entsprechende Zeugnisse oder Nachweise über die dafür notwendigen Kenntnisse, Erfahrungen und Fertigkeiten vorgelegt werden;</LA></DD><DT>2.</DT><DD Font="normal"><LA Size="normal">eine ausreichende Deckungsvorsorge durch den Abschluss einer Versicherung oder die Freistellungs- oder Gewährleistungsverpflichtung eines Kreditunternehmens mit einer Mindestdeckungssumme von jeweils 250 000 Euro für einen verursachten Schaden. Die Deckungsvorsorge kann erbracht werden durch <DL Font="normal" Type="alpha"><DT>a)</DT><DD Font="normal"><LA Size="normal">eine Haftpflichtversicherung bei einem innerhalb der Mitgliedstaaten der Europäischen Union oder in einem anderen Vertragsstaat des Abkommens über den Europäischen Wirtschaftsraum zum Geschäftsbetrieb befugten Versicherungsunternehmen oder</LA></DD><DT>b)</DT><DD Font="normal"><LA Size="normal">eine Freistellungs- oder Gewährleistungsverpflichtung eines in einem der Mitgliedstaaten der Europäischen Union oder in einem anderen Vertragsstaat des Abkommens über den Europäischen Wirtschaftsraum zum Geschäftsbetrieb befugten Kreditinstituts, wenn gewährleistet ist, dass sie einer Haftpflichtversicherung vergleichbare Sicherheit bietet.</LA></DD></DL>Soweit die Deckungsvorsorge durch eine Versicherung erbracht wird, gilt Folgendes: <DL Font="normal" Type="alpha"><DT>a)</DT><DD Font="normal"><LA Size="normal">Auf diese Versicherung finden § 113 Absatz 2 und 3 und die §§ 114 bis 124 des Versicherungsvertragsgesetzes Anwendung.</LA></DD><DT>b)</DT><DD Font="normal"><LA Size="normal">Die Mindestversicherungssumme muss 2,5 Millionen Euro für den einzelnen Versicherungsfall betragen. Versicherungsfall ist jede Pflichtverletzung des Diensteanbieters, unabhängig von der Anzahl der dadurch ausgelösten Schadensfälle. Wird eine Jahreshöchstleistung für alle in einem Versicherungsjahr verursachten Schäden vereinbart, muss sie mindestens das Vierfache der Mindestversicherungssumme betragen.</LA></DD><DT>c)</DT><DD Font="normal"><LA Size="normal">Von der Versicherung kann die Leistung nur ausgeschlossen werden für Ersatzansprüche aus vorsätzlich begangener Pflichtverletzung des akkreditierten Diensteanbieters oder der Personen, für die er einzustehen hat.</LA></DD><DT>d)</DT><DD Font="normal"><LA Size="normal">Die Vereinbarung eines Selbstbehaltes bis zu 1 Prozent der Mindestversicherungssumme ist zulässig;</LA></DD></DL></LA></DD><DT>3.</DT><DD Font="normal"><LA Size="normal">die Erfüllung der technischen und organisatorischen Anforderungen an die Pflichten im Sinne des Absatzes 1 Nummer 3 durch vom Bundesamt für Sicherheit in der Informationstechnik nach § 52 Absatz 2 Satz 1 des BSI-Gesetzes zertifizierten IT-Sicherheitsdienstleistern erteilte Testate; das Zusammenwirken mit den anderen akkreditierten Diensteanbietern kann nur nach ausreichenden Prüfungen bestätigt werden; die Sicherheit der Dienste kann nur nach einer umfassenden im Rahmen der Vergabe der Testate stattfindenden Prüfung des Sicherheitskonzepts und der eingesetzten IT-Infrastrukturen bestätigt werden; zum Zeitpunkt des Inkrafttretens des Gesetzes erteilte Zertifikate können berücksichtigt werden;</LA></DD><DT>4.</DT><DD Font="normal"><LA Size="normal">die Erfüllung der datenschutzrechtlichen Anforderungen an das Datenschutzkonzept für die eingesetzten Verfahren und die eingesetzten informationstechnischen Einrichtungen durch Vorlage geeigneter Nachweise; der Nachweis wird dadurch geführt, dass der antragstellende Diensteanbieter ein Zertifikat des oder der Bundesbeauftragten für den Datenschutz und die Informationsfreiheit vorlegt; der oder die Bundesbeauftragte für den Datenschutz und die Informationsfreiheit erteilt auf schriftlichen Antrag des Diensteanbieters ein Zertifikat, wenn die datenschutzrechtlichen Kriterien erfüllt sind; die Erfüllung der datenschutzrechtlichen Kriterien wird nachgewiesen durch ein Gutachten, welches von einer vom Bund oder einem Land anerkannten oder öffentlich bestellten oder beliehenen sachverständigen Stelle für Datenschutz erstellt wurde; der oder die Bundesbeauftragte für den Datenschutz und die Informationsfreiheit kann ergänzende Angaben anfordern; die datenschutzrechtlichen Kriterien sind in einem Kriterienkatalog definiert, der in der Verantwortung des oder der Bundesbeauftragten für den Datenschutz und die Informationsfreiheit liegt und durch ihn oder sie im Bundesanzeiger und zusätzlich im Internet oder in sonstiger geeigneter Weise veröffentlicht wird; dem Bundesamt für Sicherheit in der Informationstechnik wird Gelegenheit zur Stellungnahme gegeben, sofern Fragen der IT-Sicherheit berührt sind.</LA></DD></DL></P><P>(4) Der Diensteanbieter kann, unter Einbeziehung in seine Konzepte zur Umsetzung der Anforderungen des Absatzes 1, zur Erfüllung von Pflichten nach diesem Gesetz Dritte beauftragen.</P></Content></text><fussnoten/></textdaten></norm>
<norm builddate="20251205215507" doknr="BJNR066610011BJNE001900000"><metadaten><jurabk>De-Mail-G</jurabk><enbez>§ 19</enbez><titel format="XML">Gleichstellung ausländischer Dienste</titel></metadaten><textdaten><text format="XML"><Content><P>(1) Vergleichbare Dienste aus einem anderen Mitgliedstaat der Europäischen Union oder aus einem anderen Vertragsstaat des Abkommens über den Europäischen Wirtschaftsraum sind den Diensten eines akkreditierten Diensteanbieters, mit Ausnahme solcher Dienste, die mit der Ausübung hoheitlicher Tätigkeit verbunden sind, gleichgestellt, wenn ihre Anbieter dem § 18 gleichwertige Voraussetzungen erfüllen, diese gegenüber einer zuständige Stelle nachgewiesen sind und das Fortbestehen der Erfüllung dieser Voraussetzungen durch eine in diesem Mitglied- oder Vertragsstaat bestehende Kontrolle gewährleistet wird.</P><P>(2) Die Prüfung der Gleichwertigkeit des ausländischen Diensteanbieters nach Absatz 1 obliegt der zuständigen Behörde. Die Gleichwertigkeit ausländischer Diensteanbieter ist gegeben, wenn die zuständige Behörde festgestellt hat, dass im Herkunftsland des jeweiligen Diensteanbieters <DL Type="arabic"><DT>1.</DT><DD Font="normal"><LA>die Sicherheitsanforderungen an Diensteanbieter,</LA></DD><DT>2.</DT><DD Font="normal"><LA>die Prüfungsmodalitäten für Diensteanbieter sowie die Anforderungen an die für die Prüfung der Dienste zuständigen Stellen und</LA></DD><DT>3.</DT><DD Font="normal"><LA>das Kontrollsystem</LA></DD></DL>eine gleichwertige Sicherheit bieten.</P></Content></text></textdaten></norm>
<norm builddate="20251205215507" doknr="BJNR066610011BJNG000500000"><metadaten><jurabk>De-Mail-G</jurabk><gliederungseinheit><gliederungskennzahl>050</gliederungskennzahl><gliederungsbez>Abschnitt 5</gliederungsbez><gliederungstitel>Aufsicht</gliederungstitel></gliederungseinheit></metadaten><textdaten/></norm>
<norm builddate="20251205215507" doknr="BJNR066610011BJNE002000000"><metadaten><jurabk>De-Mail-G</jurabk><enbez>§ 20</enbez><titel format="XML">Aufsichtsmaßnahmen</titel></metadaten><textdaten><text format="XML"><Content><P>(1) Die Aufsicht über die Einhaltung dieses Gesetzes obliegt der zuständigen Behörde. Mit der Akkreditierung unterliegen Diensteanbieter der Aufsicht der zuständigen Behörde.</P><P>(2) Die zuständige Behörde kann gegenüber Diensteanbietern Maßnahmen treffen, um die Einhaltung dieses Gesetzes sicherzustellen.</P><P>(3) Ungeachtet des Vorliegens von Testaten im Sinne des § 18 Absatz 3 Nummer 3 kann die zuständige Behörde einem akkreditierten Diensteanbieter den Betrieb vorübergehend ganz oder teilweise untersagen, wenn Tatsachen die Annahme rechtfertigen, dass <DL Type="arabic"><DT>1.</DT><DD Font="normal"><LA>eine Voraussetzung für die Akkreditierung nach § 17 Absatz 1 weggefallen ist,</LA></DD><DT>2.</DT><DD Font="normal"><LA>ungültige Einzelnachweise für das Angebot von De-Mail-Diensten verwendet oder bestätigt werden,</LA></DD><DT>3.</DT><DD Font="normal"><LA>nachhaltig, erheblich oder dauerhaft gegen Pflichten verstoßen wird oder</LA></DD><DT>4.</DT><DD Font="normal"><LA>sonstige Voraussetzungen für die Akkreditierung oder für die Anerkennung nach diesem Gesetz nicht erfüllt werden.</LA></DD></DL></P><P>(4) Die Gültigkeit der von einem akkreditierten Diensteanbieter im Rahmen des Postfach- und Versanddienstes ausgestellten Eingangsbestätigungen und Abholbestätigungen bleibt von der Untersagung des Betriebs, der Einstellung der Tätigkeit, der Rücknahme oder dem Widerruf einer Akkreditierung unberührt.</P><P>(5) Soweit es zur Erfüllung der der zuständigen Behörde als Aufsichtsbehörde übertragenen Aufgaben erforderlich ist, haben die akkreditierten Diensteanbieter und die für diese nach § 18 Absatz 4 tätigen Dritten der zuständigen Behörde und den in ihrem Auftrag handelnden Personen das Betreten der Geschäftsräume während der üblichen Betriebszeiten zu gestatten, auf Verlangen die in Betracht kommenden Bücher, Aufzeichnungen, Belege, Schriftstücke und sonstigen Unterlagen in geeigneter Weise zur Einsicht vorzulegen, auch soweit sie elektronisch geführt werden, Auskunft zu erteilen und die erforderliche Unterstützung zu gewähren. Ein Zugriff auf De-Mail-Nachrichten von Nutzern durch die zuständige Behörde als Aufsichtsbehörde findet nicht statt. Der zur Erteilung einer Auskunft Verpflichtete kann die Auskunft verweigern, wenn er sich damit selbst oder einen der in § 383 Absatz 1 Nummer 1 bis 3 der Zivilprozessordnung bezeichneten Angehörigen der Gefahr der Verfolgung wegen einer Straftat oder eines Verfahrens nach dem Gesetz über Ordnungswidrigkeiten aussetzen würde. Er ist auf dieses Recht hinzuweisen.</P></Content></text></textdaten></norm>
<norm builddate="20251205215507" doknr="BJNR066610011BJNE002100000"><metadaten><jurabk>De-Mail-G</jurabk><enbez>§ 21</enbez><titel format="XML">Informationspflicht</titel></metadaten><textdaten><text format="XML"><Content><P>Die zuständige Behörde hat die Namen der akkreditierten Diensteanbieter sowie der ausländischen Diensteanbieter nach § 19 jeweils unter Angabe der ausschließlich für die De-Mail-Dienste verwendeten Kennzeichnungen gemäß § 5 Absatz 1 Satz 2 Nummer 1 für jeden über öffentlich erreichbare Kommunikationsverbindungen abrufbar zu halten.</P></Content></text></textdaten></norm>
<norm builddate="20251205215507" doknr="BJNR066610011BJNG000600000"><metadaten><jurabk>De-Mail-G</jurabk><gliederungseinheit><gliederungskennzahl>060</gliederungskennzahl><gliederungsbez>Abschnitt 6</gliederungsbez><gliederungstitel>Schlussbestimmungen</gliederungstitel></gliederungseinheit></metadaten><textdaten/></norm>
<norm builddate="20251205215507" doknr="BJNR066610011BJNE002201116"><metadaten><jurabk>De-Mail-G</jurabk><enbez>§ 22</enbez><titel format="XML">Ausschuss De-Mail-Standardisierung</titel></metadaten><textdaten><text format="XML"><Content><P>Die technischen und organisatorischen Anforderungen an die Pflichten nach den §§ 3 bis 13 sowie nach § 16 werden unter Beteiligung der akkreditierten Diensteanbieter weiterentwickelt; dies gilt nicht für Anforderungen, die das Zusammenwirken zwischen den akkreditierten Diensteanbietern als solches oder die Sicherheit betreffen. Zu diesem Zweck wird ein Ausschuss De-Mail-Standardisierung gegründet, dem mindestens alle akkreditierten Diensteanbieter, je ein Vertreter von zwei auf Bundesebene bestehenden Gesamtverbänden, deren Belange berührt sind, das Bundesamt für Sicherheit in der Informationstechnik, der oder die Bundesbeauftragte für den Datenschutz und die Informationsfreiheit, ein vom IT-Planungsrat beauftragter Vertreter der Länder sowie ein Vertreter des Rates der IT-Beauftragten der Bundesregierung angehören. Die Entscheidung, welche beiden Verbände dem Ausschuss angehören sollen, liegt im Ermessen der zuständigen Behörde. Wird der Rat der IT-Beauftragten der Bundesregierung aufgelöst, tritt an dessen Stelle die von der Bundesregierung bestimmte Nachfolgeorganisation. Der Ausschuss tagt mindestens einmal im Jahr.</P></Content></text><fussnoten/></textdaten></norm>
<norm builddate="20251205215507" doknr="BJNR066610011BJNE002301116"><metadaten><jurabk>De-Mail-G</jurabk><enbez>§ 23</enbez><titel format="XML">Bußgeldvorschriften</titel></metadaten><textdaten><text format="XML"><Content><P>(1) Ordnungswidrig handelt, wer vorsätzlich oder fahrlässig <DL Font="normal" Type="arabic"><DT>1.</DT><DD Font="normal"><LA Size="normal">entgegen § 3 Absatz 1 Satz 3 nicht sicherstellt, dass nur der Nutzer Zugang erlangen kann,</LA></DD><DT>2.</DT><DD Font="normal"><LA Size="normal">entgegen § 3 Absatz 3 Satz 1 Nummer 1 erster Halbsatz oder Nummer 2 eine dort genannte Angabe nicht oder nicht rechtzeitig überprüft,</LA></DD><DT>3.</DT><DD Font="normal"><LA Size="normal">entgegen § 4 Absatz 1 Satz 2 nicht sicherstellt, dass eine sichere Anmeldung nur in den dort genannten Fällen erfolgt,</LA></DD><DT>4.</DT><DD Font="normal"><LA Size="normal">entgegen § 4 Absatz 3 nicht sicherstellt, dass eine Kommunikationsverbindung verschlüsselt erfolgt,</LA></DD><DT>5.</DT><DD Font="normal"><LA Size="normal">entgegen § 7 Absatz 2 Satz 1 Nummer 2 oder 4 dort genannte Daten nicht oder nicht rechtzeitig löscht,</LA></DD><DT>6.</DT><DD Font="normal"><LA Size="normal">entgegen § 10 Absatz 1 Satz 1 oder Absatz 4 Satz 1 Nummer 2 den Zugang zu einem De-Mail-Konto nicht oder nicht rechtzeitig sperrt oder das De-Mail-Konto nicht oder nicht rechtzeitig auflöst,</LA></DD><DT>7.</DT><DD Font="normal"><LA Size="normal">entgegen § 11 Absatz 1 Satz 1 eine Anzeige nicht, nicht richtig oder nicht rechtzeitig erstattet,</LA></DD><DT>8.</DT><DD Font="normal"><LA Size="normal">entgegen § 11 Absatz 1 Satz 3 einen Nutzer nicht, nicht richtig oder nicht rechtzeitig benachrichtigt,</LA></DD><DT>9.</DT><DD Font="normal"><LA Size="normal">entgegen § 11 Absatz 2 nicht sicherstellt, dass die dort genannten Daten abrufbar bleiben,</LA></DD><DT>10.</DT><DD Font="normal"><LA Size="normal">entgegen § 12 den Zugriff auf dort genannte Daten nicht ermöglicht oder einen Hinweis nicht, nicht richtig oder nicht rechtzeitig gibt,</LA></DD><DT>11.</DT><DD Font="normal"><LA Size="normal">entgegen § 13 Absatz 1 eine Dokumentation nicht oder nicht richtig erstellt,</LA></DD><DT>12.</DT><DD Font="normal"><LA Size="normal">entgegen § 13 Absatz 2 eine Dokumentation nicht oder nicht mindestens zehn Jahre aufbewahrt oder</LA></DD><DT>13.</DT><DD Font="normal"><LA Size="normal">entgegen § 17 Absatz 1 Satz 6 sich auf die nachgewiesene Sicherheit beruft oder das Gütezeichen führt.</LA></DD></DL></P><P>(2) Die Ordnungswidrigkeit kann in den Fällen des Absatzes 1 Nummer 5 und 6 mit einer Geldbuße bis zu dreihunderttausend Euro und in den übrigen Fällen mit einer Geldbuße bis zu fünfzigtausend Euro geahndet werden.</P><P>(3) Verwaltungsbehörde im Sinne des § 36 Absatz 1 Nummer 1 des Gesetzes über Ordnungswidrigkeiten ist das Bundesamt für Sicherheit in der Informationstechnik.</P></Content></text><fussnoten/></textdaten></norm>
<norm builddate="20251205215507" doknr="BJNR066610011BJNE002403116"><metadaten><jurabk>De-Mail-G</jurabk><enbez>§ 24</enbez><titel format="XML">(weggefallen)</titel></metadaten><textdaten><text format="XML"><Content><P/></Content></text><fussnoten/></textdaten></norm>
<norm builddate="20251205215507" doknr="BJNR066610011BJNE002500000"><metadaten><jurabk>De-Mail-G</jurabk><enbez>§ 25</enbez><titel format="XML">Verfahren über eine einheitliche Stelle</titel></metadaten><textdaten><text format="XML"><Content><P>Verwaltungsverfahren nach diesem Gesetz können über eine einheitliche Stelle abgewickelt werden.</P></Content></text></textdaten></norm>
</dokumente>