<?xml version="1.0" encoding="UTF-8" ?><!DOCTYPE dokumente SYSTEM "http://www.gesetze-im-internet.de/dtd/1.01/gii-norm.dtd">
<dokumente builddate="20120625151018" doknr="BJNR202820994"><norm builddate="20120625151018" doknr="BJNR202820994"><metadaten><jurabk>EUBeitrVtr</jurabk><ausfertigung-datum manuell="ja">1994-06-24</ausfertigung-datum><fundstelle typ="amtlich"><periodikum>BGBl II</periodikum><zitstelle>1994, 2028</zitstelle></fundstelle><langue>Vertrag zwischen dem Königreich Belgien, dem Königreich Dänemark, der Bundesrepublik Deutschland, der Griechischen Republik, dem Königreich Spanien, der Französischen Republik, Irland, der Italienischen Republik, dem Großherzogtum Luxemburg, dem Königreich der Niederlande, der Portugiesischen Republik, dem Vereinigten Königreich Großbritannien und Nordirland (Mitgliedstaaten der Europäischen Union) und dem Königreich Norwegen, der Republik Österreich, der Republik Finnland, dem Königreich Schweden über den Beitritt des Königreichs Norwegen, der Republik Österreich, der Republik Finnland und des Königreichs Schweden zur Europäischen Union</langue></metadaten><textdaten><fussnoten><Content><P>G v. 2.9.1994 II 2022</P><P><BR/> In Kraft gem. Bek. v. 30.8.1996 II 1486 mWv 1.1.1995</P></Content></fussnoten></textdaten></norm>
</dokumente>