<?xml version="1.0" encoding="UTF-8" ?><!DOCTYPE dokumente SYSTEM "http://www.gesetze-im-internet.de/dtd/1.01/gii-norm.dtd">
<dokumente builddate="20120625151318" doknr="BJNR021920007"><norm builddate="20120625151318" doknr="BJNR021920007"><metadaten><jurabk>UNHCRBüroAbk</jurabk><ausfertigung-datum manuell="ja">2005-07-01</ausfertigung-datum><fundstelle typ="amtlich"><periodikum>BGBl II</periodikum><zitstelle>2007, 219</zitstelle></fundstelle><langue>Abkommen zwischen der Regierung der Bundesrepublik Deutschland und dem 
Amt des Hohen Flüchtlingskommissars der Vereinten Nationen über das Büro des 
Hohen Flüchtlingskommissars der Vereinten Nationen in Deutschland</langue></metadaten><textdaten><fussnoten><Content><P>V v. 22.2.2007 II 218 <BR/>In Kraft gem. Bek. v. 25.6.2007 II 1057 mWv 12.6.2007</P></Content></fussnoten></textdaten></norm>
</dokumente>