<?xml version="1.0" encoding="UTF-8" ?><!DOCTYPE dokumente SYSTEM "http://www.gesetze-im-internet.de/dtd/1.01/gii-norm.dtd">
<dokumente builddate="20160307215503" doknr="BJNR009500016"><norm builddate="20160307215503" doknr="BJNR009500016"><metadaten><jurabk>BBesG§78Abs2Bek</jurabk><ausfertigung-datum manuell="ja">2016-01-12</ausfertigung-datum><fundstelle typ="amtlich"><periodikum>BGBl I</periodikum><zitstelle>2016, 95</zitstelle></fundstelle><langue>Bekanntmachung nach § 78 Absatz 2 des Bundesbesoldungsgesetzes</langue></metadaten><textdaten><fussnoten><Content><P><BR/> <pre xml:space="preserve">(+++ Textnachweis ab: 1.1.2016 +++)<BR/><BR/></pre></P></Content></fussnoten></textdaten></norm>
<norm builddate="20160307215503" doknr="BJNR009500016BJNE000100000"><metadaten><jurabk>BBesG§78Abs2Bek</jurabk><enbez>(XXXX)</enbez></metadaten><textdaten><text format="XML"><Content><P>Nach § 78 Absatz 2 des Bundesbesoldungsgesetzes in der Fassung der Bekanntmachung vom 19. Juni 2009 (BGBl. I S. 1434) werden die für Beamtinnen und Beamte bei den Postnachfolgeunternehmen ab 1. Januar 2016 geltenden Beträge des Familienzuschlages nach Anlage V sowie der Amts- und Stellenzulagen nach Anlage IX des Bundesbesoldungsgesetzes bekannt gemacht.</P></Content></text></textdaten></norm>
<norm builddate="20160307215503" doknr="BJNR009500016BJNE000200000"><metadaten><jurabk>BBesG§78Abs2Bek</jurabk><enbez>Schlussformel</enbez></metadaten><textdaten><text format="XML"><Content><P><SP>Der Bundesminister des Innern</SP></P></Content></text></textdaten></norm>
<norm builddate="20160307215503" doknr="BJNR009500016BJNE000300000"><metadaten><jurabk>BBesG§78Abs2Bek</jurabk><enbez>(XXXX)</enbez><titel format="XML">(Anlage V des BBesG)<BR/>Gültig ab 1. Januar 2016 für Postnachfolgeunternehmen</titel></metadaten><textdaten><text format="XML"><Content><P><noindex><kommentar typ="Fundstelle">(Fundstelle: BGBl. I 2016, 96)</kommentar></noindex></P><BR/><P><B>Familienzuschlag</B><BR/>(Monatsbeträge in Euro)</P><table colsep="1" frame="all" rowsep="1" tocentry="%yes;"><tgroup align="left" char="" charoff="50" cols="2"><colspec align="center" colname="col1" colwidth="21*"/><colspec align="center" colname="col2" colwidth="21*"/><thead valign="bottom"><row><entry VJ="1" colname="col1">Stufe 1<BR/> (§ 40 Absatz 1)</entry><entry VJ="1" colname="col2">Stufe 2<BR/> (§ 40 Absatz 2)</entry></row></thead><tbody valign="top"><row><entry VJ="1" colname="col1">126,72</entry><entry VJ="1" colname="col2">235,05</entry></row></tbody></tgroup></table><P>Bei mehr als einem Kind erhöht sich der Familienzuschlag für das zweite zu berücksichtigende Kind um 108,33 Euro, für das dritte und jedes weitere zu berücksichtigende Kind um 337,51 Euro.</P><P><B>Erhöhungsbeträge für die Besoldungsgruppen A 2 bis A 5</B></P><P>Der Familienzuschlag der Stufe 2 erhöht sich für das erste zu berücksichtigende Kind in den Besoldungsgruppen A 2 bis A 5 um 5,11 Euro, ab Stufe 3 für jedes weitere zu berücksichtigende Kind<BR/> – in den Besoldungsgruppen A 2 bis A 3 um 25,56 Euro,<BR/> – in der Besoldungsgruppe A 4 um 20,45 Euro und<BR/> – in der Besoldungsgruppe A 5 um 15,34 Euro.</P><P>Soweit dadurch im Einzelfall die Besoldung hinter derjenigen aus einer niedrigeren Besoldungsgruppe zurückbleibt, wird der Unterschiedsbetrag zusätzlich gewährt.</P><P><B>Anrechnungsbetrag nach § 39 Absatz 2 Satz 1</B><table colsep="0" frame="none" rowsep="0" tocentry="%yes;"><tgroup align="left" char="" charoff="50" cols="2"><colspec colname="col1" colwidth="61.5*"/><colspec align="right" colname="col2" colwidth="42*"/><tbody valign="top"><row><entry VJ="1" colname="col1">– Besoldungsgruppen A 2 bis A 8:</entry><entry VJ="1" colname="col2">112,10 Euro</entry></row><row><entry VJ="1" colname="col1">– Besoldungsgruppen A 9 bis A 12:</entry><entry VJ="1" colname="col2">119,00 Euro</entry></row></tbody></tgroup></table></P></Content></text></textdaten></norm>
<norm builddate="20160307215503" doknr="BJNR009500016BJNE000400000"><metadaten><jurabk>BBesG§78Abs2Bek</jurabk><enbez>(XXXX)</enbez><titel format="XML">(Anlage IX des BBesG)<BR/>Gültig ab 1. Januar 2016 für Postnachfolgeunternehmen</titel></metadaten><textdaten><text format="XML"><Content><P><noindex><kommentar typ="Fundstelle">(Fundstelle: BGBl. I 2016, 97 - 99)</kommentar></noindex></P><BR/><P><B>Amtszulagen, Stellenzulagen, andere Zulagen</B><BR/> – in der Reihenfolge der Gesetzesstellen –</P><table colsep="1" frame="all" pgwide="1" tabstyle="besoldung" tocentry="%yes;"><tgroup align="left" char="" charoff="50" cols="4"><colspec colname="col1" colwidth="18.5*"/><colspec colname="col2" colwidth="16.5*"/><colspec colname="col3" colwidth="102*"/><colspec align="right" colname="col4" colwidth="28*"/><thead valign="bottom"><row rowsep="1"><entry VJ="1" align="center" nameend="col2" namest="col1">Dem Grunde nach<BR/> geregelt in Anlage I</entry><entry VJ="1" align="center" colname="col3" valign="middle">Zulagenberechtigter Personenkreis, soweit nicht bereits in Anlage I geregelt</entry><entry VJ="1" align="center" colname="col4">Monatsbeträge in Euro/<BR/> Prozentsatz</entry></row></thead><tbody valign="top"><row rowsep="1"><entry VJ="1" align="center" nameend="col4" namest="col1"><SP>Stellenzulagen</SP></entry></row><row rowsep="1"><entry VJ="1" align="center" nameend="col2" namest="col1"><SP>Vorbemerkung</SP></entry><entry VJ="1"/><entry VJ="1"/></row><row rowsep="1"><entry VJ="1" nameend="col2" namest="col1">Nummer 3a</entry><entry VJ="1"/><entry VJ="1">127,83</entry></row><row rowsep="1"><entry VJ="1" nameend="col2" namest="col1">Nummer 4</entry><entry VJ="1"/><entry VJ="1">105,72</entry></row><row rowsep="1"><entry VJ="1" nameend="col2" namest="col1">Nummer 4a</entry><entry VJ="1"/><entry VJ="1">107,37</entry></row><row><entry VJ="1" nameend="col2" namest="col1">Nummer 5</entry><entry VJ="1" rowsep="1">Mannschaften, Unteroffiziere/Beamte der Besoldungsgruppen A 5 und A 6</entry><entry VJ="1" rowsep="1">35,78</entry></row><row><entry VJ="1" nameend="col2" namest="col1"/><entry VJ="1" rowsep="1">Unteroffiziere/Beamte der Besoldungsgruppen A 7 bis A 9</entry><entry VJ="1" rowsep="1">51,13</entry></row><row rowsep="1"><entry VJ="1" nameend="col2" namest="col1"/><entry VJ="1">Offiziere/Beamte des gehobenen und höheren Dienstes</entry><entry VJ="1">76,70</entry></row><row><entry VJ="1" nameend="col2" namest="col1">Nummer 5a</entry><entry VJ="1"/><entry VJ="1"/></row><row><entry VJ="1" nameend="col2" namest="col1"> Absatz 1</entry><entry VJ="1"/><entry VJ="1"/></row><row><entry VJ="1" nameend="col2" namest="col1">  Nummer 1</entry><entry VJ="1"/><entry VJ="1"/></row><row><entry VJ="1" nameend="col2" namest="col1">   Buchstabe a</entry><entry VJ="1" rowsep="1">Beamte des mittleren Dienstes und Unteroffiziere der Besoldungsgruppen A 5 bis A 9</entry><entry VJ="1" rowsep="1">292,70</entry></row><row><entry VJ="1" nameend="col2" namest="col1"/><entry VJ="1" rowsep="1">Beamte des gehobenen Dienstes, Offiziere der Besoldungsgruppen A 9 bis A 12 sowie Offiziere des militärfachlichen Dienstes der Besoldungsgruppe A 13</entry><entry VJ="1" rowsep="1"><BR/> 323,19</entry></row><row><entry VJ="1" nameend="col2" namest="col1">   Buchstabe b</entry><entry VJ="1" rowsep="1">Beamte des mittleren Dienstes und Unteroffiziere der Besoldungsgruppen A 5 bis A 9</entry><entry VJ="1" rowsep="1">250,01</entry></row><row><entry VJ="1" nameend="col2" namest="col1"/><entry VJ="1" rowsep="1">Beamte des gehobenen Dienstes, Offiziere der Besoldungsgruppen A 9 bis A 12 sowie Offiziere des militärfachlichen Dienstes der Besoldungsgruppe A 13</entry><entry VJ="1" rowsep="1"><BR/> 280,49</entry></row><row><entry VJ="1" nameend="col2" namest="col1">   Buchstabe c</entry><entry VJ="1" rowsep="1">Beamte des gehobenen und des höheren Dienstes, Offiziere der Besoldungsgruppen A 9 bis A 12, Offiziere des militärfachlichen Dienstes der Besoldungsgruppe A 13 und Offiziere des Truppendienstes der Besoldungsgruppe A 13 und höher</entry><entry VJ="1" rowsep="1"><BR/><BR/> 323,19</entry></row><row><entry VJ="1" nameend="col2" namest="col1">  Nummern 2 und 3</entry><entry VJ="1" rowsep="1">Beamte des mittleren Dienstes und Unteroffiziere der Besoldungsgruppen A 5 bis A 9</entry><entry VJ="1" rowsep="1">201,23</entry></row><row><entry VJ="1" nameend="col2" namest="col1"/><entry VJ="1" rowsep="1">Beamte des gehobenen Dienstes, Offiziere der Besoldungsgruppen A 9 bis A 12 sowie Offiziere des militärfachlichen Dienstes der Besoldungsgruppe A 13</entry><entry VJ="1" rowsep="1"><BR/> 225,61</entry></row><row><entry VJ="1" nameend="col2" namest="col1">  Nummer 4</entry><entry VJ="1"/><entry VJ="1"/></row><row><entry VJ="1" nameend="col2" namest="col1">   Buchstabe a</entry><entry VJ="1"/><entry VJ="1"/></row><row><entry VJ="1" nameend="col2" namest="col1">    Doppelbuchstabe aa</entry><entry VJ="1" rowsep="1"/><entry VJ="1" rowsep="1">323,19</entry></row><row><entry VJ="1" nameend="col2" namest="col1">    Doppelbuchstabe bb</entry><entry VJ="1" align="justify" rowsep="1">Beamte des mittleren und des gehobenen Dienstes, Unteroffiziere der Besoldungsgruppen A 5 bis A 9, Offiziere der Besoldungsgruppen A 9 bis A 12 sowie Offiziere des militärfachlichen Dienstes der Besoldungsgruppe A 13</entry><entry VJ="1" rowsep="1"><BR/><BR/> 250,01</entry></row><row><entry VJ="1" nameend="col2" namest="col1">   Buchstabe b</entry><entry VJ="1" align="justify" rowsep="1">Beamte des mittleren und des gehobenen Dienstes, Unteroffiziere der Besoldungsgruppen A 5 bis A 9, Offiziere der Besoldungsgruppen A 9 bis A 12 sowie Offiziere des militärfachlichen Dienstes der Besoldungsgruppe A 13</entry><entry VJ="1" rowsep="1"><BR/><BR/> 201,23</entry></row><row><entry VJ="1" nameend="col2" namest="col1">  Nummern 5 und 6</entry><entry VJ="1" rowsep="1">Beamte des mittleren Dienstes und Unteroffiziere der Besoldungsgruppen A 5 bis A 9</entry><entry VJ="1" rowsep="1">128,05</entry></row><row><entry VJ="1" nameend="col2" namest="col1"/><entry VJ="1" rowsep="1">Beamte des gehobenen Dienstes, Offiziere der Besoldungsgruppen A 9 bis A 12 sowie Offiziere des militärfachlichen Dienstes der Besoldungsgruppe A 13</entry><entry VJ="1" rowsep="1"><BR/> 201,23</entry></row><row><entry VJ="1" nameend="col2" namest="col1" rowsep="1"/><entry VJ="1" align="justify" rowsep="1">Beamte des höheren Dienstes und Offiziere des Truppendienstes der Besoldungsgruppe A 13 und höher</entry><entry VJ="1" rowsep="1"><BR/> 280,49</entry></row><row><entry VJ="1" nameend="col2" namest="col1">Nummer 6</entry><entry VJ="1"/><entry VJ="1"/></row><row><entry VJ="1" nameend="col2" namest="col1"> Absatz 1 Satz 1</entry><entry VJ="1"/><entry VJ="1"/></row><row rowsep="1"><entry VJ="1" nameend="col2" namest="col1">  Nummer 1</entry><entry VJ="1"/><entry VJ="1">460,17</entry></row><row rowsep="1"><entry VJ="1" nameend="col2" namest="col1">  Nummer 2</entry><entry VJ="1"/><entry VJ="1">368,14</entry></row><row rowsep="1"><entry VJ="1" nameend="col2" namest="col1">  Nummer 3</entry><entry VJ="1"/><entry VJ="1">321,96</entry></row><row rowsep="1"><entry VJ="1" nameend="col2" namest="col1">  Nummer 4</entry><entry VJ="1"/><entry VJ="1">294,51</entry></row><row rowsep="1"><entry VJ="1" nameend="col2" namest="col1"> Absatz 1 Satz 2</entry><entry VJ="1"/><entry VJ="1">585,38</entry></row><row rowsep="1"><entry VJ="1" nameend="col2" namest="col1">Nummer 6a</entry><entry VJ="1"/><entry VJ="1">102,27</entry></row><row><entry VJ="1" nameend="col2" namest="col1">Nummer 7</entry><entry VJ="1">Beamte und Soldaten der Besoldungsgruppe(n)</entry><entry VJ="1" align="left">12,5 Prozent des Endgrundgehalts oder, bei festen Gehältern, des Grundgehalts der Besoldungsgruppe<FnR ID="F792645_01_BJNR009500016BJNE000400000"/></entry></row><row><entry VJ="1" nameend="col2" namest="col1"/><entry VJ="1" rowsep="1">– A 2 bis A 5</entry><entry VJ="1" align="left" rowsep="1">A 5</entry></row><row><entry VJ="1" nameend="col2" namest="col1"/><entry VJ="1" rowsep="1">– A 6 bis A 9</entry><entry VJ="1" align="left" rowsep="1">A 9</entry></row><row><entry VJ="1" nameend="col2" namest="col1"/><entry VJ="1">– A 10 bis A 13</entry><entry VJ="1" align="left">A 13</entry></row><row><entry VJ="1" nameend="col2" namest="col1"/><entry VJ="1" rowsep="1">– A 14, A 15, B 1</entry><entry VJ="1" align="left" rowsep="1">A 15</entry></row><row><entry VJ="1" nameend="col2" namest="col1"/><entry VJ="1" rowsep="1">– A 16, B 2 bis B 4</entry><entry VJ="1" align="left" rowsep="1">B 3</entry></row><row><entry VJ="1" nameend="col2" namest="col1"/><entry VJ="1" rowsep="1">– B 5 bis B 7</entry><entry VJ="1" align="left" rowsep="1">B 6</entry></row><row><entry VJ="1" nameend="col2" namest="col1"/><entry VJ="1" rowsep="1">– B 8 bis B 10</entry><entry VJ="1" align="left" rowsep="1">B 9</entry></row><row><entry VJ="1" nameend="col2" namest="col1" rowsep="1"/><entry VJ="1" rowsep="1">– B 11</entry><entry VJ="1" align="left" rowsep="1">B 11</entry></row><row><entry VJ="1" nameend="col2" namest="col1">Nummer 8</entry><entry VJ="1">Beamte der Besoldungsgruppen</entry><entry VJ="1"/></row><row><entry VJ="1" nameend="col2" namest="col1"/><entry VJ="1" rowsep="1">– A 2 bis A 5</entry><entry VJ="1" rowsep="1">115,05</entry></row><row><entry VJ="1" nameend="col2" namest="col1"/><entry VJ="1" rowsep="1">– A 6 bis A 9</entry><entry VJ="1" rowsep="1">153,39</entry></row><row rowsep="1"><entry VJ="1" nameend="col2" namest="col1"/><entry VJ="1">– A 10 und höher</entry><entry VJ="1">191,74</entry></row><row><entry VJ="1" nameend="col2" namest="col1">Nummer 8a</entry><entry VJ="1">Beamte und Soldaten der Besoldungsgruppen</entry><entry VJ="1"/></row><row><entry VJ="1" nameend="col2" namest="col1"/><entry VJ="1" rowsep="1">– A 2 bis A 5</entry><entry VJ="1" rowsep="1">98,08</entry></row><row><entry VJ="1" nameend="col2" namest="col1"/><entry VJ="1" rowsep="1">– A 6 bis A 9</entry><entry VJ="1" rowsep="1">133,75</entry></row><row><entry VJ="1" nameend="col2" namest="col1"/><entry VJ="1" rowsep="1">– A 10 bis A 13</entry><entry VJ="1" rowsep="1">164,97</entry></row><row><entry VJ="1" nameend="col2" namest="col1"/><entry VJ="1" rowsep="1">– A 14 und höher</entry><entry VJ="1" rowsep="1">196,15</entry></row><row><entry VJ="1" nameend="col2" namest="col1"/><entry VJ="1">Anwärter der Laufbahngruppe</entry><entry VJ="1"/></row><row><entry VJ="1" nameend="col2" namest="col1"/><entry VJ="1" rowsep="1">– des mittleren Dienstes</entry><entry VJ="1" rowsep="1">71,33</entry></row><row><entry VJ="1" nameend="col2" namest="col1"/><entry VJ="1" rowsep="1">– des gehobenen Dienstes</entry><entry VJ="1" rowsep="1">93,61</entry></row><row rowsep="1"><entry VJ="1" nameend="col2" namest="col1"/><entry VJ="1">– des höheren Dienstes</entry><entry VJ="1">115,93</entry></row><row><entry VJ="1" nameend="col2" namest="col1">Nummer 8b</entry><entry VJ="1">Beamte der Besoldungsgruppen</entry><entry VJ="1"/></row><row><entry VJ="1" nameend="col2" namest="col1"/><entry VJ="1" rowsep="1">– A 2 bis A 5</entry><entry VJ="1" rowsep="1">92,03</entry></row><row><entry VJ="1" nameend="col2" namest="col1"/><entry VJ="1" rowsep="1">– A 6 bis A 9</entry><entry VJ="1" rowsep="1">122,72</entry></row><row><entry VJ="1" nameend="col2" namest="col1"/><entry VJ="1" rowsep="1">– A 10 bis A 13</entry><entry VJ="1" rowsep="1">153,39</entry></row><row rowsep="1"><entry VJ="1" nameend="col2" namest="col1"/><entry VJ="1">– A 14 und höher</entry><entry VJ="1">184,07</entry></row><row><entry VJ="1" nameend="col2" namest="col1">Nummer 8c</entry><entry VJ="1">Beamte und Soldaten der Besoldungsgruppen</entry><entry VJ="1"/></row><row><entry VJ="1" nameend="col2" namest="col1"/><entry VJ="1" rowsep="1">– A 2 bis A 5</entry><entry VJ="1" rowsep="1">80,95</entry></row><row><entry VJ="1" nameend="col2" namest="col1"/><entry VJ="1" rowsep="1">– A 6 bis A 9</entry><entry VJ="1" rowsep="1">104,76</entry></row><row><entry VJ="1" nameend="col2" namest="col1"/><entry VJ="1" rowsep="1">– A 10 bis A 13</entry><entry VJ="1" rowsep="1">119,05</entry></row><row><entry VJ="1" nameend="col2" namest="col1" rowsep="1"/><entry VJ="1" rowsep="1">– A 14 und höher</entry><entry VJ="1" rowsep="1">133,34</entry></row><row><entry VJ="1" nameend="col2" namest="col1">Nummer 9</entry><entry VJ="1">Beamte und Soldaten nach einer Dienstzeit von</entry><entry VJ="1"/></row><row><entry VJ="1" nameend="col2" namest="col1"/><entry VJ="1" rowsep="1">– einem Jahr</entry><entry VJ="1" rowsep="1">63,69</entry></row><row rowsep="1"><entry VJ="1" nameend="col2" namest="col1"/><entry VJ="1">– zwei Jahren</entry><entry VJ="1">127,38</entry></row><row><entry VJ="1" nameend="col2" namest="col1">Nummer 9a</entry><entry VJ="1"/><entry VJ="1"/></row><row><entry VJ="1" nameend="col2" namest="col1"> Absatz 1</entry><entry VJ="1"/><entry VJ="1"/></row><row rowsep="1"><entry VJ="1" nameend="col2" namest="col1">  Nummer 1</entry><entry VJ="1"/><entry VJ="1">102,27</entry></row><row rowsep="1"><entry VJ="1" nameend="col2" namest="col1">  Nummer 2</entry><entry VJ="1"/><entry VJ="1">204,52</entry></row><row rowsep="1"><entry VJ="1" nameend="col2" namest="col1">  Nummer 3</entry><entry VJ="1"/><entry VJ="1">153,39</entry></row><row><entry VJ="1" nameend="col2" namest="col1"> Absatz 2</entry><entry VJ="1"/><entry VJ="1"/></row><row rowsep="1"><entry VJ="1" nameend="col2" namest="col1">  Nummer 1</entry><entry VJ="1"/><entry VJ="1">40,90</entry></row><row rowsep="1"><entry VJ="1" nameend="col2" namest="col1">  Nummer 2</entry><entry VJ="1"/><entry VJ="1">51,13</entry></row><row><entry VJ="1" nameend="col2" namest="col1">Nummer 10</entry><entry VJ="1">Beamte und Soldaten nach einer Dienstzeit von</entry><entry VJ="1"/></row><row><entry VJ="1" nameend="col2" namest="col1"/><entry VJ="1" rowsep="1">– einem Jahr</entry><entry VJ="1" rowsep="1">89,16</entry></row><row rowsep="1"><entry VJ="1" nameend="col2" namest="col1"/><entry VJ="1">– zwei Jahren</entry><entry VJ="1">178,34</entry></row><row rowsep="1"><entry VJ="1" nameend="col2" namest="col1">Nummer 11</entry><entry VJ="1"/><entry VJ="1">585,38</entry></row><row rowsep="1"><entry VJ="1" nameend="col2" namest="col1">Nummer 12</entry><entry VJ="1"/><entry VJ="1">38,35</entry></row><row><entry VJ="1" nameend="col2" namest="col1">Nummer 13</entry><entry VJ="1" rowsep="1">Beamte des mittleren Dienstes</entry><entry VJ="1" rowsep="1">17,06</entry></row><row rowsep="1"><entry VJ="1" nameend="col2" namest="col1"/><entry VJ="1">Beamte des gehobenen Dienstes</entry><entry VJ="1">38,35</entry></row><row rowsep="1"><entry VJ="1" nameend="col2" namest="col1">Nummer 14</entry><entry VJ="1"/><entry VJ="1">23,02</entry></row><row rowsep="1"><entry VJ="1" align="center" nameend="col4" namest="col1"><SP>Andere Zulagen</SP></entry></row><row rowsep="1"><entry VJ="1" align="center" nameend="col2" namest="col1"><SP>Vorbemerkung</SP></entry><entry VJ="1" colname="col3"/><entry VJ="1" colname="col4"/></row><row><entry VJ="1" nameend="col2" namest="col1">Nummer 16</entry><entry VJ="1">Beamte der Besoldungsgruppen</entry><entry VJ="1"/></row><row><entry VJ="1" nameend="col2" namest="col1"/><entry VJ="1" rowsep="1">– A 2 bis A 7</entry><entry VJ="1" rowsep="1">46,02</entry></row><row><entry VJ="1" nameend="col2" namest="col1"/><entry VJ="1" rowsep="1">– A 8 bis A 11</entry><entry VJ="1" rowsep="1">61,36</entry></row><row><entry VJ="1" nameend="col2" namest="col1"/><entry VJ="1" rowsep="1">– A 12 bis A 15</entry><entry VJ="1" rowsep="1">71,58</entry></row><row rowsep="1"><entry VJ="1" nameend="col2" namest="col1"/><entry VJ="1">– A 16 und höher</entry><entry VJ="1">92,03</entry></row><row><entry VJ="1" nameend="col2" namest="col1">Nummer 17</entry><entry VJ="1">Beamte der Besoldungsgruppe(n)</entry><entry VJ="1"/></row><row><entry VJ="1" nameend="col2" namest="col1"/><entry VJ="1" rowsep="1">– A 2 und A 3</entry><entry VJ="1" rowsep="1">12,78</entry></row><row><entry VJ="1" nameend="col2" namest="col1"/><entry VJ="1">– A 4 bis A 6</entry><entry VJ="1">17,90</entry></row><row><entry VJ="1" nameend="col2" namest="col1"/><entry VJ="1" rowsep="1">– A 7 bis A 10</entry><entry VJ="1" rowsep="1">35,79</entry></row><row><entry VJ="1" nameend="col2" namest="col1"/><entry VJ="1" rowsep="1">– A 11</entry><entry VJ="1" rowsep="1">40,90</entry></row><row><entry VJ="1" nameend="col2" namest="col1"/><entry VJ="1" rowsep="1">– A 12 bis A 15</entry><entry VJ="1" rowsep="1">48,57</entry></row><row><entry VJ="1" nameend="col2" namest="col1"/><entry VJ="1" rowsep="1">– A 16 bis B 4</entry><entry VJ="1" rowsep="1">58,80</entry></row><row rowsep="1"><entry VJ="1" nameend="col2" namest="col1"/><entry VJ="1">– B 5 bis B 7</entry><entry VJ="1">71,58</entry></row><row rowsep="1"><entry VJ="1" align="center" nameend="col4" namest="col1"><SP>Amtszulagen</SP></entry></row><row rowsep="1"><entry VJ="1" align="center" colname="col1">Besoldungsgruppe</entry><entry VJ="1" align="center" colname="col2" valign="middle">Fußnote(n)</entry><entry VJ="1" colname="col3"/><entry VJ="1" colname="col4"/></row><row><entry VJ="1" colname="col1">A 2</entry><entry VJ="1" colname="col2" rowsep="1">1</entry><entry VJ="1" colname="col3" rowsep="1"/><entry VJ="1" colname="col4" rowsep="1">36,80</entry></row><row><entry VJ="1" colname="col1"/><entry VJ="1" colname="col2" rowsep="1">2</entry><entry VJ="1" colname="col3" rowsep="1"/><entry VJ="1" colname="col4" rowsep="1">67,89</entry></row><row><entry VJ="1" colname="col1">A 3</entry><entry VJ="1" colname="col2" rowsep="1">2</entry><entry VJ="1" colname="col3" rowsep="1"/><entry VJ="1" colname="col4" rowsep="1">36,80</entry></row><row><entry VJ="1" colname="col1"/><entry VJ="1" colname="col2" rowsep="1">4</entry><entry VJ="1" colname="col3" rowsep="1"/><entry VJ="1" colname="col4" rowsep="1">67,89</entry></row><row><entry VJ="1" colname="col1"/><entry VJ="1" colname="col2" rowsep="1">5</entry><entry VJ="1" colname="col3" rowsep="1"/><entry VJ="1" colname="col4" rowsep="1">34,28</entry></row><row><entry VJ="1" colname="col1">A 4</entry><entry VJ="1" colname="col2" rowsep="1">1</entry><entry VJ="1" colname="col3" rowsep="1"/><entry VJ="1" colname="col4" rowsep="1">36,80</entry></row><row><entry VJ="1" colname="col1"/><entry VJ="1" colname="col2" rowsep="1">2</entry><entry VJ="1" colname="col3" rowsep="1"/><entry VJ="1" colname="col4" rowsep="1">67,89</entry></row><row><entry VJ="1" colname="col1"/><entry VJ="1" colname="col2" rowsep="1">4</entry><entry VJ="1" colname="col3" rowsep="1"/><entry VJ="1" colname="col4" rowsep="1">7,40</entry></row><row><entry VJ="1" colname="col1">A 5</entry><entry VJ="1" colname="col2" rowsep="1">1</entry><entry VJ="1" colname="col3" rowsep="1"/><entry VJ="1" colname="col4" rowsep="1">36,80</entry></row><row><entry VJ="1" colname="col1"/><entry VJ="1" colname="col2" rowsep="1">3</entry><entry VJ="1" colname="col3" rowsep="1"/><entry VJ="1" colname="col4" rowsep="1">67,89</entry></row><row><entry VJ="1" colname="col1">A 6</entry><entry VJ="1" colname="col2" rowsep="1">2</entry><entry VJ="1" colname="col3" rowsep="1"/><entry VJ="1" colname="col4" rowsep="1">36,80</entry></row><row><entry VJ="1" colname="col1">A 7</entry><entry VJ="1" colname="col2" rowsep="1">5</entry><entry VJ="1" colname="col3" rowsep="1"/><entry VJ="1" colname="col4" rowsep="1">45,71</entry></row><row><entry VJ="1" colname="col1">A 8</entry><entry VJ="1" colname="col2" rowsep="1">1</entry><entry VJ="1" colname="col3" rowsep="1"/><entry VJ="1" colname="col4" rowsep="1">58,89</entry></row><row><entry VJ="1" colname="col1">A 9</entry><entry VJ="1" colname="col2" rowsep="1">1, 3</entry><entry VJ="1" colname="col3" rowsep="1"/><entry VJ="1" colname="col4" rowsep="1">273,98</entry></row><row><entry VJ="1" colname="col1">A 13</entry><entry VJ="1" colname="col2" rowsep="1">1, 11</entry><entry VJ="1" colname="col3" rowsep="1"/><entry VJ="1" colname="col4" rowsep="1">278,44</entry></row><row><entry VJ="1" colname="col1"/><entry VJ="1" colname="col2" rowsep="1">7</entry><entry VJ="1" colname="col3" rowsep="1"/><entry VJ="1" colname="col4" rowsep="1">127,27</entry></row><row><entry VJ="1" colname="col1">A 14</entry><entry VJ="1" colname="col2" rowsep="1">5</entry><entry VJ="1" colname="col3" rowsep="1"/><entry VJ="1" colname="col4" rowsep="1">190,90</entry></row><row><entry VJ="1" colname="col1">A 15</entry><entry VJ="1" colname="col2" rowsep="1">3</entry><entry VJ="1" colname="col3" rowsep="1"/><entry VJ="1" colname="col4" rowsep="1">254,50</entry></row><row><entry VJ="1" colname="col1"/><entry VJ="1" colname="col2" rowsep="1">8</entry><entry VJ="1" colname="col3" rowsep="1"/><entry VJ="1" colname="col4" rowsep="1">190,90</entry></row><row><entry VJ="1" colname="col1">A 16</entry><entry VJ="1" colname="col2" rowsep="1">10</entry><entry VJ="1" colname="col3" rowsep="1"/><entry VJ="1" colname="col4" rowsep="1">213,49</entry></row><row><entry VJ="1" colname="col1">B 10</entry><entry VJ="1" colname="col2">1</entry><entry VJ="1" colname="col3"/><entry VJ="1" colname="col4">441,14</entry></row></tbody></tgroup></table><table colsep="1" frame="all" tabstyle="besoldung" tocentry="%yes;"><tgroup align="left" char="" charoff="50" cols="4"><colspec colname="col1" colwidth="18.5*"/><colspec colname="col2" colwidth="16.5*"/><colspec colname="col3" colwidth="102*"/><colspec colname="col4" colwidth="28*"/><thead valign="bottom"><row rowsep="1"><entry VJ="1" align="center" nameend="col2" namest="col1">Dem Grunde nach<BR/> geregelt in Anlage III</entry><entry VJ="1" align="center" colname="col3" valign="middle">Zulagenberechtigter Personenkreis, soweit nicht bereits in Anlage III geregelt</entry><entry VJ="1" align="center" colname="col4">Monatsbeträge in Euro/<BR/> Prozentsatz</entry></row></thead><tbody valign="top"><row rowsep="1"><entry VJ="1" align="center" nameend="col4" namest="col1"><SP>Stellenzulage</SP></entry></row><row rowsep="1"><entry VJ="1" align="center" nameend="col2" namest="col1"><SP>Vorbemerkung</SP></entry><entry VJ="1" colname="col3"/><entry VJ="1" colname="col4"/></row><row><entry VJ="1" nameend="col2" namest="col1">Nummer 2</entry><entry VJ="1" colname="col3">bei Verwendung bei obersten Gerichtshöfen des Bundes für die Richter und Staatsanwälte der Besoldungsgruppe(n)</entry><entry VJ="1" align="left" colname="col4">12,5 Prozent des<BR/> Endgrundgehalts<BR/> oder, bei festen<BR/> Gehältern, des<BR/> Grundgehalts der<BR/> Besoldungsgruppe<FnR ID="F792645_02_BJNR009500016BJNE000400000"/></entry></row><row><entry VJ="1" nameend="col2" namest="col1"/><entry VJ="1" colname="col3" rowsep="1">– R 1</entry><entry VJ="1" colname="col4" rowsep="1">R 1</entry></row><row><entry VJ="1" nameend="col2" namest="col1"/><entry VJ="1" colname="col3" rowsep="1">– R 2 bis R 4</entry><entry VJ="1" colname="col4" rowsep="1">R 3</entry></row><row><entry VJ="1" nameend="col2" namest="col1"/><entry VJ="1" colname="col3" rowsep="1">– R 5 bis R 7</entry><entry VJ="1" colname="col4" rowsep="1">R 6</entry></row><row><entry VJ="1" nameend="col2" namest="col1"/><entry VJ="1" colname="col3" rowsep="1">– R 8 und höher</entry><entry VJ="1" colname="col4" rowsep="1">R 9</entry></row><row><entry VJ="1" nameend="col2" namest="col1"/><entry VJ="1" colname="col3">bei Verwendung bei obersten Bundesbehörden oder bei obersten Gerichtshöfen des Bundes, wenn ihnen kein Richteramt übertragen ist, für die Richter und Staatsanwälte der Besoldungsgruppe(n)</entry><entry VJ="1" align="left" colname="col4">12,5 Prozent des<BR/> Endgrundgehalts<BR/> oder, bei festen<BR/> Gehältern, des<BR/> Grundgehalts der<BR/> Besoldungsgruppe*</entry></row><row><entry VJ="1" nameend="col2" namest="col1"/><entry VJ="1" colname="col3" rowsep="1">– R 1</entry><entry VJ="1" colname="col4" rowsep="1">A 15</entry></row><row><entry VJ="1" nameend="col2" namest="col1"/><entry VJ="1" colname="col3" rowsep="1">– R 2 bis R 4</entry><entry VJ="1" colname="col4" rowsep="1">B 3</entry></row><row><entry VJ="1" nameend="col2" namest="col1"/><entry VJ="1" colname="col3" rowsep="1">– R 5 bis R 7</entry><entry VJ="1" colname="col4" rowsep="1">B 6</entry></row><row rowsep="1"><entry VJ="1" nameend="col2" namest="col1"/><entry VJ="1" colname="col3">– R 8 und höher</entry><entry VJ="1" colname="col4">B 9</entry></row><row rowsep="1"><entry VJ="1" align="center" nameend="col4" namest="col1"><SP>Amtszulagen</SP></entry></row><row rowsep="1"><entry VJ="1" align="center" colname="col1">Besoldungsgruppe</entry><entry VJ="1" align="center" colname="col2" valign="middle">Fußnote</entry><entry VJ="1" colname="col3"/><entry VJ="1" colname="col4"/></row><row><entry VJ="1" colname="col1">R 2</entry><entry VJ="1" colname="col2" rowsep="1">1</entry><entry VJ="1" colname="col3" rowsep="1"/><entry VJ="1" align="right" colname="col4" rowsep="1">211,06</entry></row><row><entry VJ="1" colname="col1">R 8</entry><entry VJ="1" colname="col2">1</entry><entry VJ="1" colname="col3"/><entry VJ="1" align="right" colname="col4">422,04</entry></row></tbody></tgroup></table></Content><Footnotes><Footnote FnZ="*" Group="page" ID="F792645_01_BJNR009500016BJNE000400000" Pos="normal">Nach Maßgabe des Artikels 1 § 5 des Haushaltsstrukturgesetzes vom 18. Dezember 1975 (BGBl. I S. 3091).</Footnote><Footnote FnZ="*" Group="page" ID="F792645_02_BJNR009500016BJNE000400000" Pos="normal">Nach Maßgabe des Artikels 1 § 5 des Haushaltsstrukturgesetzes vom 18. Dezember 1975 (BGBl. I S. 3091).</Footnote></Footnotes></text></textdaten></norm>
</dokumente>