<?xml version="1.0" encoding="UTF-8" ?><!DOCTYPE dokumente SYSTEM "http://www.gesetze-im-internet.de/dtd/1.01/gii-norm.dtd">
<dokumente builddate="20121231215908" doknr="BJNR005000011"><norm builddate="20121231215908" doknr="BJNR005000011"><metadaten><jurabk>FrHfHbgAufhG</jurabk><ausfertigung-datum manuell="ja">2011-01-24</ausfertigung-datum><fundstelle typ="amtlich"><periodikum>BGBl I</periodikum><zitstelle>2011, 50</zitstelle></fundstelle><langue>Gesetz zur Aufhebung des Freihafens Hamburg</langue></metadaten><textdaten><fussnoten><Content><P><BR/> <pre xml:space="preserve">(+++ Textnachweis ab: 1.1.2013 +++)<BR/><BR/></pre></P></Content></fussnoten></textdaten></norm>
<norm builddate="20121231215908" doknr="BJNR005000011BJNE000100000"><metadaten><jurabk>FrHfHbgAufhG</jurabk><enbez>§ 1</enbez></metadaten><textdaten><text format="XML"><Content><P>Der Freihafen Hamburg wird aufgehoben.</P></Content></text></textdaten></norm>
<norm builddate="20121231215908" doknr="BJNR005000011BJNE000200000"><metadaten><jurabk>FrHfHbgAufhG</jurabk><enbez>§ 2</enbez></metadaten><textdaten><text format="XML"><Content><P>Dieses Gesetz tritt am 1. Januar 2013 in Kraft. Gleichzeitig tritt die Verordnung über die Grenzen des Freihafens Hamburg vom 22. August 1997 (BGBl. I S. 2320), die zuletzt durch die Verordnung vom 4. Dezember 2008 (BGBl. I <NB>S. 2746)</NB> geändert worden ist, außer Kraft.</P></Content></text></textdaten></norm>
</dokumente>