<?xml version="1.0" encoding="UTF-8" ?><!DOCTYPE dokumente SYSTEM "http://www.gesetze-im-internet.de/dtd/1.01/gii-norm.dtd">
<dokumente builddate="20250819215502" doknr="BJNR0C20A0025"><norm builddate="20250819215502" doknr="BJNR0C20A0025"><metadaten><jurabk>BMASÜbErlBesLVVOV</jurabk><amtabk>BMASÜbErlBesLVVOV</amtabk><ausfertigung-datum manuell="ja">2025-08-14</ausfertigung-datum><fundstelle typ="amtlich"><periodikum>BGBl. I</periodikum><zitstelle>2025, Nr. 194</zitstelle></fundstelle><langue>Verordnung des Bundesministeriums für Arbeit und Soziales zur Übertragung der Befugnisse zum Erlass von besonderen Lehrverpflichtungsverordnungen an der Hochschule des Bundes für öffentliche Verwaltung</langue></metadaten><textdaten><fussnoten><Content><P><BR/> <pre xml:space="preserve">(+++ Textnachweis ab: 20.8.2025 +++)<BR/><BR/></pre></P></Content></fussnoten></textdaten></norm>
<norm builddate="20250819215502" doknr="BJNR0C20A0025BJNE000100000"><metadaten><jurabk>BMASÜbErlBesLVVOV</jurabk><enbez>Eingangsformel</enbez></metadaten><textdaten><text format="XML"><Content><P>Das Bundesministerium für Arbeit und Soziales verordnet aufgrund des § 132a Absatz 3 Satz 1, Absatz 4 und 5 Satz 1 des Bundesbeamtengesetzes vom 5. Februar 2009 (BGBl. I S. 160), das zuletzt durch Artikel 1 des Gesetzes vom 27. Februar 2025 (BGBl. 2025 I Nr. 72) geändert worden ist:</P></Content></text></textdaten></norm>
<norm builddate="20250819215502" doknr="BJNR0C20A0025BJNE000200000"><metadaten><jurabk>BMASÜbErlBesLVVOV</jurabk><enbez>§ 1</enbez><titel format="XML">Übertragung der Befugnisse</titel></metadaten><textdaten><text format="XML"><Content><P>Das Bundesministerium für Arbeit und Soziales überträgt seine Befugnisse zum Erlass einer besonderen Lehrverpflichtungsverordnung nach § 132a Absatz 3 und 4 des Bundesbeamtengesetzes für den jeweiligen Fachbereich der Hochschule des Bundes für öffentliche Verwaltung auf <DL Type="arabic"><DT>1.</DT><DD Font="normal"><LA>den Vorstand der Deutschen Rentenversicherung Bund,</LA></DD><DT>2.</DT><DD Font="normal"><LA>den Vorstand der Deutschen Rentenversicherung Knappschaft-Bahn-See,</LA></DD><DT>3.</DT><DD Font="normal"><LA>den Vorstand der Sozialversicherung für Landwirtschaft, Forsten und Gartenbau.</LA></DD></DL>Soweit für einen Fachbereich der Hochschule des Bundes für öffentliche Verwaltung eine gemeinsame Zuständigkeit mehrerer Vorstände besteht, sind diese Vorstände auch für den Erlass der besonderen Lehrverpflichtungsverordnung gemeinsam zuständig.</P></Content></text></textdaten></norm>
<norm builddate="20250819215502" doknr="BJNR0C20A0025BJNE000300000"><metadaten><jurabk>BMASÜbErlBesLVVOV</jurabk><enbez>§ 2</enbez><titel format="XML">Inkrafttreten</titel></metadaten><textdaten><text format="XML"><Content><P>Diese Verordnung tritt am Tag nach der Verkündung in Kraft.</P></Content></text></textdaten></norm>
</dokumente>