<?xml version="1.0" encoding="UTF-8" ?><!DOCTYPE dokumente SYSTEM "http://www.gesetze-im-internet.de/dtd/1.01/gii-norm.dtd">
<dokumente builddate="20130405131237" doknr="BJNR124100997"><norm builddate="20130405131237" doknr="BJNR124100997"><metadaten><jurabk>VergoldAusbV</jurabk><ausfertigung-datum manuell="ja">1997-05-26</ausfertigung-datum><fundstelle typ="amtlich"><periodikum>BGBl I</periodikum><zitstelle>1997, 1241</zitstelle></fundstelle><langue>Verordnung über die Berufsausbildung zum
Vergolder/zur Vergolderin</langue></metadaten><textdaten><text format="XML"><Content><P/></Content></text><fussnoten><Content><P>(+++ Textnachweis ab:  1. 8.1997 +++)</P><P><BR/> Diese Rechtsverordnung ist eine Ausbildungsordnung im Sinne des § 25 der Handwerksordnung. Die Ausbildungsordnung und der damit abgestimmte, von der Ständigen Konferenz der Kultusminister der Länder der Bundesrepublik Deutschland beschlossene Rahmenlehrplan für die Berufsschule werden als Beilage zum Bundesanzeiger veröffentlicht.</P></Content></fussnoten></textdaten></norm>
<norm builddate="20130405131237" doknr="BJNR124100997BJNE000100320"><metadaten><jurabk>VergoldAusbV</jurabk><enbez>Eingangsformel</enbez></metadaten><textdaten><text format="XML"><Content><P>Auf Grund des § 25 der Handwerksordnung in der Fassung der Bekanntmachung vom 28. Dezember 1965 (BGBl. 1966 I S. 1), der zuletzt durch Artikel 1 Nr. 63 des Gesetzes vom 20. Dezember 1993 (BGBl. I S. 2256) geändert worden ist, in Verbindung mit Artikel 56 des Zuständigkeitsanpassungs-Gesetzes vom 18. März 1975 (BGBl. I S. 705) und dem Organisationserlaß vom 17. November 1994 (BGBl. I S. 3667) verordnet das Bundesministerium für Wirtschaft im Einvernehmen mit dem Bundesministerium für Bildung, Wissenschaft, Forschung und Technologie:</P></Content></text></textdaten></norm>
<norm builddate="20130405131237" doknr="BJNR124100997BJNE000200320"><metadaten><jurabk>VergoldAusbV</jurabk><enbez>§ 1</enbez><titel format="parat">Anwendungsbereich</titel></metadaten><textdaten><text format="XML"><Content><P>Diese Verordnung gilt für die Berufsausbildung in dem Ausbildungsberuf Vergolder/Vergolderin nach der Handwerksordnung.</P></Content></text></textdaten></norm>
<norm builddate="20130405131237" doknr="BJNR124100997BJNE000300320"><metadaten><jurabk>VergoldAusbV</jurabk><enbez>§ 2</enbez><titel format="parat">Ausbildungsdauer</titel></metadaten><textdaten><text format="XML"><Content><P>Die Ausbildung dauert drei Jahre.</P></Content></text></textdaten></norm>
<norm builddate="20130405131237" doknr="BJNR124100997BJNE000400320"><metadaten><jurabk>VergoldAusbV</jurabk><enbez>§ 3</enbez><titel format="parat">Ausbildungsberufsbild</titel></metadaten><textdaten><text format="XML"><Content><P>Gegenstand der Berufsausbildung sind mindestens folgende Fertigkeiten und Kenntnisse: <DL Font="normal" Type="arabic"><DT>1.</DT><DD Font="normal"><LA Size="normal">Berufsbildung, Arbeits- und Tarifrecht,</LA></DD> <DT>2.</DT><DD Font="normal"><LA Size="normal">Aufbau und Organisation des Ausbildungsbetriebes,</LA></DD> <DT>3.</DT><DD Font="normal"><LA Size="normal">Sicherheit und Gesundheitsschutz bei der Arbeit,</LA></DD> <DT>4.</DT><DD Font="normal"><LA Size="normal">Umweltschutz,</LA></DD> <DT>5.</DT><DD Font="normal"><LA Size="normal">Planen und Vorbereiten von Arbeitsabläufen,</LA></DD> <DT>6.</DT><DD Font="normal"><LA Size="normal">Anfertigen von Skizzen und Zeichnungen,</LA></DD> <DT>7.</DT><DD Font="normal"><LA Size="normal">Auswählen, Handhaben, Pflegen und Instandhalten von Werkzeugen und Maschinen,</LA></DD> <DT>8.</DT><DD Font="normal"><LA Size="normal">Auswählen, Lagern und Entsorgen von Werk- und Hilfsstoffen,</LA></DD> <DT>9.</DT><DD Font="normal"><LA Size="normal">Vorbereiten von Untergründen,</LA></DD> <DT>10.</DT><DD Font="normal"><LA Size="normal">Ausführen von Verzierungen,</LA></DD> <DT>11.</DT><DD Font="normal"><LA Size="normal">Vergolden, Versilbern, Metallisieren,</LA></DD> <DT>12.</DT><DD Font="normal"><LA Size="normal">Herstellen und Gestalten von Rahmungen,</LA></DD> <DT>13.</DT><DD Font="normal"><LA Size="normal">Ausführen von Maltechniken,</LA></DD> <DT>14.</DT><DD Font="normal"><LA Size="normal">Ausführen von Erhaltungs- und Restaurierungsarbeiten,</LA></DD> <DT>15.</DT><DD Font="normal"><LA Size="normal">Qualitätssicherung.</LA></DD> </DL></P></Content></text></textdaten></norm>
<norm builddate="20130405131237" doknr="BJNR124100997BJNE000500320"><metadaten><jurabk>VergoldAusbV</jurabk><enbez>§ 4</enbez><titel format="parat">Ausbildungsrahmenplan</titel></metadaten><textdaten><text format="XML"><Content><P>(1) Die Fertigkeiten und Kenntnisse nach § 3 sollen nach der in der Anlage enthaltenen Anleitung zur sachlichen und zeitlichen Gliederung der Berufsausbildung (Ausbildungsrahmenplan) vermittelt werden. Eine von dem Ausbildungsrahmenplan abweichende sachliche und zeitliche Gliederung des Ausbildungsinhaltes ist insbesondere zulässig, soweit betriebspraktische Besonderheiten die Abweichung erfordern.</P><P>(2) Die in dieser Verordnung genannten Fertigkeiten und Kenntnisse sollen so vermittelt werden, daß der Auszubildende zur Ausübung einer qualifizierten beruflichen Tätigkeit im Sinne des § 1 Abs. 2 des Berufsbildungsgesetzes befähigt wird, die insbesondere selbständiges Planen, Durchführen und Kontrollieren einschließt. Die in Satz 1 beschriebene Befähigung ist auch in den Prüfungen nach den §§ 7 und 8 nachzuweisen.</P></Content> </text></textdaten></norm>
<norm builddate="20130405131237" doknr="BJNR124100997BJNE000600320"><metadaten><jurabk>VergoldAusbV</jurabk><enbez>§ 5</enbez><titel format="parat">Ausbildungsplan</titel></metadaten><textdaten><text format="XML"><Content><P>Der Ausbildende hat unter Zugrundelegung des Ausbildungsrahmenplanes für den Auszubildenden einen Ausbildungsplan zu erstellen.</P></Content></text></textdaten></norm>
<norm builddate="20130405131237" doknr="BJNR124100997BJNE000700320"><metadaten><jurabk>VergoldAusbV</jurabk><enbez>§ 6</enbez><titel format="parat">Berichtsheft</titel></metadaten><textdaten><text format="XML"><Content><P>Der Auszubildende hat ein Berichtsheft in Form eines Ausbildungsnachweises zu führen. Ihm ist Gelegenheit zu geben, das Berichtsheft während der Ausbildungszeit zu führen. Der Ausbildende hat das Berichtsheft regelmäßig durchzusehen.</P></Content></text></textdaten></norm>
<norm builddate="20130405131237" doknr="BJNR124100997BJNE000800320"><metadaten><jurabk>VergoldAusbV</jurabk><enbez>§ 7</enbez><titel format="parat">Zwischenprüfung</titel></metadaten><textdaten><text format="XML"><Content><P>(1) Zur Ermittlung des Ausbildungsstandes ist eine Zwischenprüfung durchzuführen. Sie soll vor dem Ende des zweiten Ausbildungsjahres stattfinden.</P><P>(2) Die Zwischenprüfung erstreckt sich auf die in der Anlage für das erste Ausbildungsjahr und das dritte Ausbildungshalbjahr aufgeführten Fertigkeiten und Kenntnisse sowie auf den im Berufsschulunterricht entsprechend den Rahmenlehrplänen zu vermittelnden Lehrstoff, soweit er für die Berufsausbildung wesentlich ist.</P><P>(3) Der Prüfling soll in der praktischen Prüfung in insgesamt höchstens sieben Stunden drei Arbeitsproben einschließlich eines Arbeitsablaufplanes durchführen. Hierfür kommen insbesondere in Betracht: <DL Font="normal" Type="arabic"><DT>1.</DT><DD Font="normal"><LA Size="normal">Anfertigen einer Gravur,</LA></DD> <DT>2.</DT><DD Font="normal"><LA Size="normal">Anfertigen einer Polimentvergoldung auf einer gravierten Platte und</LA></DD> <DT>3.</DT><DD Font="normal"><LA Size="normal">Anfertigen einer Ölvergoldung.</LA></DD> </DL> </P><P>(4) Der Prüfling soll in der schriftlichen Prüfung in insgesamt höchstens 180 Minuten Aufgaben, die sich auf praxisbezogene Fälle beziehen sollen, aus folgenden Gebieten lösen: <DL Font="normal" Type="arabic"><DT>1.</DT><DD Font="normal"><LA Size="normal">Sicherheit und Gesundheitsschutz bei der Arbeit, Umweltschutz,</LA></DD> <DT>2.</DT><DD Font="normal"><LA Size="normal">Arbeitsplanung,</LA></DD> <DT>3.</DT><DD Font="normal"><LA Size="normal">Fertigungsverfahren,</LA></DD> <DT>4.</DT><DD Font="normal"><LA Size="normal">Werkstoffkunde,</LA></DD> <DT>5.</DT><DD Font="normal"><LA Size="normal">berufsbezogene Berechnungen,</LA></DD> <DT>6.</DT><DD Font="normal"><LA Size="normal">Gestaltungstechniken,</LA></DD> <DT>7.</DT><DD Font="normal"><LA Size="normal">Farbe, Form und Stilkunde.</LA></DD> </DL> </P><P>(5) Die in Absatz 4 genannte Prüfungsdauer kann insbesondere unterschritten werden, soweit die schriftliche Prüfung in programmierter Form durchgeführt wird.</P></Content>  </text></textdaten></norm>
<norm builddate="20130405131237" doknr="BJNR124100997BJNE000900320"><metadaten><jurabk>VergoldAusbV</jurabk><enbez>§ 8</enbez><titel format="parat">Gesellenprüfung</titel></metadaten><textdaten><text format="XML"><Content><P>(1) Die Gesellenprüfung erstreckt sich auf die in der Anlage aufgeführten Fertigkeiten und Kenntnisse sowie auf den im Berufsschulunterricht vermittelten Lehrstoff, soweit er für die Berufsausbildung wesentlich ist.</P><P>(2) Der Prüfling soll in der praktischen Prüfung in insgesamt höchstens 14 Stunden drei Arbeitsproben einschließlich eines Arbeitsablaufplanes durchführen und in höchstens 60 Stunden ein Prüfungsstück anfertigen. Hierfür kommen insbesondere in Betracht: <DL Font="normal" Type="arabic"><DT>1.</DT><DD Font="normal"><LA Size="normal">als Arbeitsproben:<DL Font="normal" Type="arabic"><DT>a)</DT><DD Font="normal"><LA Size="normal">Ausführen einer Verziertechnik,</LA></DD> <DT>b)</DT><DD Font="normal"><LA Size="normal">farbiges Fassen eines Objektes und</LA></DD> <DT>c)</DT><DD Font="normal"><LA Size="normal">Ausführen einer Polimentvergoldung;</LA></DD> </DL></LA></DD> <DT>2.</DT><DD Font="normal"><LA Size="normal">als Prüfungsstück:</LA><LA Size="normal">Verzieren, farbiges Gestalten, Glanz- und Mattvergolden eines Objektes.</LA></DD>  </DL>Der Prüfling hat dem Prüfungsausschuß vor dem Anfertigen des Prüfungsstückes einen bemaßten Entwurf zur Genehmigung vorzulegen. Die Arbeitsproben insgesamt sowie das Prüfungsstück sollen jeweils mit 50 vom Hundert gewichtet werden.</P><P>(3) Der Prüfling soll in der schriftlichen Prüfung in den Prüfungsfächern Technologie, Arbeitsplanung, Gestaltung sowie Wirtschafts- und Sozialkunde geprüft werden. Es kommen Aufgaben, die sich auf praxisbezogene Fälle beziehen sollen, insbesondere aus folgenden Gebieten in Betracht: <DL Font="normal" Type="arabic"><DT>1.</DT><DD Font="normal"><LA Size="normal">im Prüfungsfach Technologie:<DL Font="normal" Type="arabic"><DT>a)</DT><DD Font="normal"><LA Size="normal">Sicherheit und Gesundheitsschutz bei der Arbeit, Umweltschutz,</LA></DD> <DT>b)</DT><DD Font="normal"><LA Size="normal">Handwerkzeuge, Geräte und Maschinen,</LA></DD> <DT>c)</DT><DD Font="normal"><LA Size="normal">Werk- und Hilfsstoffe,</LA></DD> <DT>d)</DT><DD Font="normal"><LA Size="normal">Untergrundvorbereitung,</LA></DD> <DT>e)</DT><DD Font="normal"><LA Size="normal">Oberflächentechnik,</LA></DD> <DT>f)</DT><DD Font="normal"><LA Size="normal">Instandhaltung, Restaurierung;</LA></DD> </DL></LA></DD> <DT>2.</DT><DD Font="normal"><LA Size="normal">im Prüfungsfach Arbeitsplanung:<DL Font="normal" Type="arabic"><DT>a)</DT><DD Font="normal"><LA Size="normal">Materialverbrauch und Fertigungskosten,</LA></DD> <DT>b)</DT><DD Font="normal"><LA Size="normal">Planen und Vorbereiten einer Arbeit,</LA></DD> <DT>c)</DT><DD Font="normal"><LA Size="normal">Qualitätssicherung;</LA></DD> </DL></LA></DD> <DT>3.</DT><DD Font="normal"><LA Size="normal">im Prüfungsfach Gestaltung:<DL Font="normal" Type="arabic"><DT>a)</DT><DD Font="normal"><LA Size="normal">Skizzen und Zeichnungen,</LA></DD> <DT>b)</DT><DD Font="normal"><LA Size="normal">Form und Farbe,</LA></DD> <DT>c)</DT><DD Font="normal"><LA Size="normal">Stilkunde;</LA></DD> </DL></LA></DD> <DT>4.</DT><DD Font="normal"><LA Size="normal">im Prüfungsfach Wirtschafts- und Sozialkunde:</LA><LA Size="normal">allgemeine wirtschaftliche und gesellschaftliche Zusammenhänge der Berufs- und Arbeitswelt.</LA></DD>  </DL> </P><P>(4) Für die schriftliche Prüfung ist von folgenden zeitlichen Höchstwerten auszugehen: <BR/><table frame="none" tocentry="%yes;">
	<tgroup align="left" char="" charoff="50" cols="3" colsep="0" rowsep="0">
		<colspec colname="col1" colnum="1" colwidth="5*"/>
		<colspec colname="col2" colnum="2" colwidth="40*"/>
		<colspec colname="col3" colnum="3" colwidth="25*"/>
		<tbody valign="top">
			<row>
				<entry VJ="1" align="left" colsep="0" valign="top">1.</entry>
				<entry VJ="1" align="left" colsep="0" valign="top">im Prüfungsfach Technologie</entry>
				<entry VJ="1" align="right" colsep="0" valign="bottom">120 Minuten,</entry>
			</row>
			<row>
				<entry VJ="1" align="left" colsep="0" valign="top">2.</entry>
				<entry VJ="1" align="left" colsep="0" valign="top">im Prüfungsfach Arbeitsplanung</entry>
				<entry VJ="1" align="right" colsep="0" valign="bottom">90 Minuten,</entry>
			</row>
			<row>
				<entry VJ="1" align="left" colsep="0" valign="top">3.</entry>
				<entry VJ="1" align="left" colsep="0" valign="top">im Prüfungsfach Gestaltung</entry>
				<entry VJ="1" align="right" colsep="0" valign="bottom">90 Minuten,</entry>
			</row>
			<row>
				<entry VJ="1" align="left" colsep="0" valign="top">4.</entry>
				<entry VJ="1" align="left" colsep="0" valign="top">im Prüfungsfach Wirtschafts- und Sozialkunde</entry>
				<entry VJ="1" align="right" colsep="0" valign="bottom">60 Minuten.</entry>
			</row>
		</tbody>
	</tgroup>
</table> </P><P>(5) Die in Absatz 4 genannte Prüfungsdauer kann insbesondere unterschritten werden, soweit die schriftliche Prüfung in programmierter Form durchgeführt wird.</P><P>(6) Die schriftliche Prüfung ist auf Antrag des Prüflings oder nach Ermessen des Prüfungsausschusses in einzelnen Fächern durch eine mündliche Prüfung zu ergänzen, wenn diese für das Bestehen der Prüfung den Ausschlag geben kann. Die schriftliche Prüfung hat gegenüber der mündlichen das doppelte Gewicht.</P><P>(7) Innerhalb der schriftlichen Prüfung hat das Prüfungsfach Technologie gegenüber jedem der übrigen Prüfungsfächer das doppelte Gewicht.</P><P>(8) Die Prüfung ist bestanden, wenn jeweils in der praktischen und schriftlichen Prüfung sowie innerhalb der praktischen Prüfung in den Arbeitsproben insgesamt und innerhalb der schriftlichen Prüfung im Prüfungsfach Technologie mindestens ausreichende Leistungen erbracht sind.</P></Content>      </text></textdaten></norm>
<norm builddate="20130405131237" doknr="BJNR124100997BJNE001000320"><metadaten><jurabk>VergoldAusbV</jurabk><enbez>§ 9</enbez><titel format="parat">Aufhebung der Vorschriften</titel></metadaten><textdaten><text format="XML"><Content><P>Die bisher festgelegten Berufsbilder, Berufsbildungspläne und Prüfungsanforderungen für den Ausbildungsberuf Vergolder/Vergolderin sind nicht mehr anzuwenden.</P></Content></text></textdaten></norm>
<norm builddate="20130405131237" doknr="BJNR124100997BJNE001100320"><metadaten><jurabk>VergoldAusbV</jurabk><enbez>§ 10</enbez><titel format="parat">Übergangsregelung</titel></metadaten><textdaten><text format="XML"><Content><P>Auf Ausbildungsverhältnisse, die bei Inkrafttreten dieser Verordnung bestehen, sind die bisherigen Vorschriften weiter anzuwenden, es sei denn, die Vertragsparteien vereinbaren die Anwendung der Vorschriften dieser Verordnung.</P></Content></text></textdaten></norm>
<norm builddate="20130405131237" doknr="BJNR124100997BJNE001200320"><metadaten><jurabk>VergoldAusbV</jurabk><enbez>§ 11</enbez><titel format="parat">Inkrafttreten</titel></metadaten><textdaten><text format="XML"><Content><P>Diese Verordnung tritt am 1. August 1997 in Kraft.</P></Content></text></textdaten></norm>
<norm builddate="20130405131237" doknr="BJNR124100997BJNE001300320"><metadaten><jurabk>VergoldAusbV</jurabk><enbez>Anlage</enbez><titel format="XML">(zu § 4)
<BR/>
Ausbildungsrahmenplan für die Berufsausbildung zum
Vergolder/zur Vergolderin</titel></metadaten><textdaten><text format="XML"><Content><P><ABWFORMAT typ="A"/><kommentar typ="Fundstelle">(Fundstelle : BGBl. I 1997, 1243 - 1246)</kommentar><BR/><table frame="topbot" tocentry="%yes;"><tgroup align="left" char="" charoff="50" cols="9" rowsep="0"><colspec colname="col1" colnum="1" colsep="1" colwidth="5*"/><colspec colname="col2" colnum="2" colsep="1" colwidth="25*"/><colspec colname="col3" colnum="3" colsep="0" colwidth="5*"/><colspec colname="col4" colnum="4" colsep="1" colwidth="5*"/><colspec colname="col5" colnum="5" colsep="1" colwidth="30*"/><colspec colname="col6" colnum="6" colsep="1" colwidth="10*"/><colspec colname="col7" colnum="7" colsep="1" colwidth="10*"/><colspec colname="col8" colnum="8" colsep="1" colwidth="10*"/><colspec colname="col9" colnum="9" colsep="1" colwidth="10*"/><thead valign="bottom"><row rowsep="1"><entry VJ="1" align="left" colsep="0" morerows="1" valign="top">Lfd. Nr.</entry><entry VJ="1" align="left" colsep="0" morerows="1" valign="top">Teil des Ausbildungsberufsbildes</entry><entry VJ="1" align="center" colsep="1" morerows="1" nameend="col5" namest="col3" valign="top">Zu vermittelnde Fertigkeiten und Kenntnisse</entry><entry VJ="1" align="center" colsep="0" nameend="col9" namest="col6" valign="top">Zeitliche Richtwerte in Wochen im Ausbildungsjahr</entry></row><row rowsep="1"><entry VJ="1" align="center" colsep="0" valign="top">1</entry><entry VJ="1" align="center" colsep="0" nameend="col8" namest="col7" valign="top">2</entry><entry VJ="1" align="center" colsep="0" valign="top">3</entry></row><row rowsep="1"><entry VJ="1" align="center" colsep="0" valign="top">1</entry><entry VJ="1" align="center" colsep="0" valign="top">2</entry><entry VJ="1" align="center" colsep="1" nameend="col5" namest="col3" valign="top">3</entry><entry VJ="1" align="center" colsep="0" nameend="col9" namest="col6" valign="top">4</entry></row></thead><tbody valign="top"><row rowsep="1"><entry VJ="1" align="right" colsep="0" morerows="4" valign="top">1</entry><entry VJ="1" align="left" colsep="0" morerows="4" valign="top">Berufsbildung, Arbeits- und Tarifrecht (§ 3 Nr. 1)</entry><entry VJ="1" align="left" colsep="0" rowsep="0" valign="top">a)</entry><entry VJ="1" align="left" colsep="0" nameend="col5" namest="col4" rowsep="0" valign="top">Bedeutung des Ausbildungsvertrages , insbesondere Abschluß, Dauer und Beendigung, erklären</entry><entry VJ="1" align="left" colsep="0" morerows="19" nameend="col9" namest="col6" valign="middle">während der gesamten Ausbildung zu vermitteln</entry></row><row><entry VJ="1" align="left" colsep="0" valign="top">b)</entry><entry VJ="1" align="left" colsep="0" nameend="col5" namest="col4" valign="top">gegenseitige Rechte und Pflichten aus dem Ausbildungsvertrag nennen</entry></row><row><entry VJ="1" align="left" colsep="0" valign="top">c)</entry><entry VJ="1" align="left" colsep="0" nameend="col5" namest="col4" valign="top">Möglichkeiten der beruflichen Fortbildung nennen</entry></row><row><entry VJ="1" align="left" colsep="0" valign="top">d)</entry><entry VJ="1" align="left" colsep="0" nameend="col5" namest="col4" valign="top">wesentliche Teile des Arbeitsvertrages nennen</entry></row><row rowsep="1"><entry VJ="1" align="left" colsep="0" valign="top">e)</entry><entry VJ="1" align="left" colsep="0" nameend="col5" namest="col4" valign="top">wesentliche Bestimmungen der für den ausbildenden Betrieb geltenden Tarifverträge nennen</entry></row><row><entry VJ="1" align="right" colsep="0" morerows="3" rowsep="1" valign="top">2</entry><entry VJ="1" align="left" colsep="0" morerows="3" rowsep="1" valign="top">Aufbau und Organisation des Ausbildungsbetriebes (§ 3 Nr. 2)</entry><entry VJ="1" align="left" colsep="0" valign="top">a)</entry><entry VJ="1" align="left" colsep="0" nameend="col5" namest="col4" valign="top">Aufbau und Aufgaben des ausbildenden Betriebes erläutern</entry></row><row><entry VJ="1" align="left" colsep="0" valign="top">b)</entry><entry VJ="1" align="left" colsep="0" nameend="col5" namest="col4" valign="top">Grundfunktionen des ausbildenden Betriebes, wie Beschaffung, Fertigung, Absatz und Verwaltung, erklären</entry></row><row><entry VJ="1" align="left" colsep="0" valign="top">c)</entry><entry VJ="1" align="left" colsep="0" nameend="col5" namest="col4" valign="top">Beziehungen des ausbildenden Betriebes und seiner Beschäftigten zu Wirtschaftsorganisationen, Berufsvertretungen und Gewerkschaften nennen</entry></row><row rowsep="1"><entry VJ="1" align="left" colsep="0" valign="top">d)</entry><entry VJ="1" align="left" colsep="0" nameend="col5" namest="col4" valign="top">Grundlagen, Aufgaben und Arbeitsweise der betriebsverfassungs- oder personalvertretungsrechtlichen Organe des ausbildenden Betriebes beschreiben</entry></row><row><entry VJ="1" align="right" colsep="0" morerows="3" rowsep="1" valign="top">3</entry><entry VJ="1" align="left" colsep="0" morerows="3" rowsep="1" valign="top">Sicherheit und Gesundheitsschutz bei der Arbeit (§ 3 Nr. 3)</entry><entry VJ="1" align="left" colsep="0" valign="top">a)</entry><entry VJ="1" align="left" colsep="0" nameend="col5" namest="col4" valign="top">Gefährdung von Sicherheit und Gesundheit am Arbeitsplatz feststellen und Maßnahmen zu ihrer Vermeidung ergreifen</entry></row><row><entry VJ="1" align="left" colsep="0" valign="top">b)</entry><entry VJ="1" align="left" colsep="0" nameend="col5" namest="col4" valign="top">berufsbezogene Arbeitsschutz- und Unfallverhütungsvorschriften anwenden</entry></row><row><entry VJ="1" align="left" colsep="0" valign="top">c)</entry><entry VJ="1" align="left" colsep="0" nameend="col5" namest="col4" valign="top">Verhaltensweisen bei Unfällen beschreiben sowie erste Maßnahmen einleiten</entry></row><row rowsep="1"><entry VJ="1" align="left" colsep="0" valign="top">d)</entry><entry VJ="1" align="left" colsep="0" nameend="col5" namest="col4" valign="top">Vorschriften des vorbeugenden Brandschutzes anwenden; Verhaltensweisen bei Bränden beschreiben und Maßnahmen zur Brandbekämpfung ergreifen</entry></row><row><entry VJ="1" align="right" colsep="0" morerows="6" rowsep="1" valign="top">4</entry><entry VJ="1" align="left" colsep="0" morerows="6" rowsep="1" valign="top">Umweltschutz (§ 3 Nr. 4)</entry><entry VJ="1" align="left" colsep="1" nameend="col5" namest="col3" valign="top">Zur Vermeidung betriebsbedingter Umweltbelastungen im beruflichen Einwirkungsbereich beitragen, insbesondere</entry></row><row><entry VJ="1" align="left" colsep="0" valign="top">a)</entry><entry VJ="1" align="left" colsep="0" nameend="col5" namest="col4" valign="top">mögliche Umweltbelastungen durch den Ausbildungsbetrieb und seinen Beitrag zum Umweltschutz an Beispielen erklären</entry></row><row><entry VJ="1" align="left" colsep="0" valign="top">b)</entry><entry VJ="1" align="left" colsep="0" nameend="col5" namest="col4" valign="top">für den Ausbildungsbetrieb geltende Regelungen des Umweltschutzes anwenden</entry></row><row><entry VJ="1" align="left" colsep="0" valign="top">c)</entry><entry VJ="1" align="left" colsep="0" nameend="col5" namest="col4" valign="top">Möglichkeiten der wirtschaftlichen und umweltschonenden Energie- und Materialverwendung nutzen</entry></row><row><entry VJ="1" align="left" colsep="0" valign="top">d)</entry><entry VJ="1" align="left" colsep="0" nameend="col5" namest="col4" valign="top">Abfälle vermeiden; Stoffe und Materialien einer umweltschonenden Entsorgung zuführen</entry></row><row><entry VJ="1" align="left" colsep="0" valign="top">e)</entry><entry VJ="1" align="left" colsep="0" nameend="col5" namest="col4" valign="top">zur Vermeidung von chemischen, thermischen und mechanischen Schädigungen beitragen</entry></row><row rowsep="1"><entry VJ="1" align="left" colsep="0" valign="top">f)</entry><entry VJ="1" align="left" colsep="0" nameend="col5" namest="col4" valign="top">Arbeitsmittel umweltgerecht einsetzen und entsorgen</entry></row><row rowsep="1"><entry VJ="1" align="right" colsep="0" morerows="3" valign="top">5</entry><entry VJ="1" align="left" colsep="0" morerows="3" valign="top">Planen und Vorbereiten von Arbeitsabläufen (§ 3 Nr. 5)</entry><entry VJ="1" align="left" colsep="0" rowsep="0" valign="top">a)</entry><entry VJ="1" align="left" colsep="0" nameend="col5" namest="col4" rowsep="0" valign="top">Zeitplan und Reihenfolge der Arbeitsschritte unter Beachtung mündlicher und schriftlicher Vorgaben abstimmen und festlegen</entry><entry VJ="1" align="center" colsep="0" morerows="1" valign="middle">4</entry><entry VJ="1" align="left" colsep="0" morerows="1" valign="top"> </entry><entry VJ="1" align="left" colsep="0" morerows="1" valign="top"> </entry><entry VJ="1" align="left" colsep="0" morerows="1" valign="top"> </entry></row><row rowsep="1"><entry VJ="1" align="left" colsep="0" valign="top">b)</entry><entry VJ="1" align="left" colsep="0" nameend="col5" namest="col4" valign="top">Verbrauchsmaterial und Arbeitsmittel bereitstellen</entry></row><row rowsep="1"><entry VJ="1" align="left" colsep="0" rowsep="0" valign="top">c)</entry><entry VJ="1" align="left" colsep="0" nameend="col5" namest="col4" rowsep="0" valign="top">Verbrauchsmaterial und Fertigungskosten ermitteln und berechnen</entry><entry VJ="1" align="left" colsep="0" morerows="1" valign="top"> </entry><entry VJ="1" align="center" colsep="0" morerows="1" valign="middle">5</entry><entry VJ="1" align="left" colsep="0" morerows="1" valign="top"> </entry><entry VJ="1" align="left" colsep="0" morerows="1" valign="top"> </entry></row><row rowsep="1"><entry VJ="1" align="left" colsep="0" valign="top">d)</entry><entry VJ="1" align="left" colsep="0" nameend="col5" namest="col4" valign="top">Pläne und Zeichnungen lesen und umsetzen sowie Handbücher anwenden</entry></row><row rowsep="1"><entry VJ="1" align="right" colsep="0" morerows="3" valign="top">6</entry><entry VJ="1" align="left" colsep="0" morerows="3" valign="top">Anfertigen von Skizzen und Zeichnungen (§ 3 Nr. 6)</entry><entry VJ="1" align="left" colsep="0" valign="top">a)</entry><entry VJ="1" align="left" colsep="0" nameend="col5" namest="col4" valign="top">Vorlagen, insbesondere durch Handzeichnen, vergrößern und verkleinern</entry><entry VJ="1" align="center" colsep="0" valign="middle">2</entry><entry VJ="1" align="left" colsep="0" valign="top"> </entry><entry VJ="1" align="left" colsep="0" valign="top"> </entry><entry VJ="1" align="left" colsep="0" valign="top"> </entry></row><row rowsep="1"><entry VJ="1" align="left" colsep="0" rowsep="0" valign="top">b)</entry><entry VJ="1" align="left" colsep="0" nameend="col5" namest="col4" rowsep="0" valign="top">Vorlagen nach gestalterischen Gesichtspunkten anpassen, verändern und entwerfen</entry><entry VJ="1" align="left" colsep="0" morerows="1" valign="top"> </entry><entry VJ="1" align="center" colsep="0" morerows="1" valign="middle">6</entry><entry VJ="1" align="left" colsep="0" morerows="1" valign="top"> </entry><entry VJ="1" align="left" colsep="0" morerows="1" valign="top"> </entry></row><row rowsep="1"><entry VJ="1" align="left" colsep="0" valign="top">c)</entry><entry VJ="1" align="left" colsep="0" nameend="col5" namest="col4" valign="top">Werkstücke zeichnen</entry></row><row rowsep="1"><entry VJ="1" align="left" colsep="0" valign="top">d)</entry><entry VJ="1" align="left" colsep="0" nameend="col5" namest="col4" valign="top">Ergänzungen, insbesondere nach stilistischen Merkmalen, zeichnerisch darstellen</entry><entry VJ="1" align="left" colsep="0" valign="top"> </entry><entry VJ="1" align="left" colsep="0" valign="top"> </entry><entry VJ="1" align="left" colsep="0" valign="top"> </entry><entry VJ="1" align="center" colsep="0" valign="middle">3</entry></row><row rowsep="1"><entry VJ="1" align="right" colsep="0" morerows="2" valign="top">7</entry><entry VJ="1" align="left" colsep="0" morerows="2" valign="top">Auswählen, Handhaben, Pflegen und Instandhalten von Werkzeugen und Maschinen (§ 3 Nr. 7)</entry><entry VJ="1" align="left" colsep="0" rowsep="0" valign="top">a)</entry><entry VJ="1" align="left" colsep="0" nameend="col5" namest="col4" rowsep="0" valign="top">Werkzeuge, Geräte und Maschinen prüfen, auswählen und handhaben</entry><entry VJ="1" align="center" colsep="0" morerows="2" valign="middle">6</entry><entry VJ="1" align="left" colsep="0" morerows="2" valign="top"> </entry><entry VJ="1" align="left" colsep="0" morerows="2" valign="top"> </entry><entry VJ="1" align="left" colsep="0" morerows="2" valign="top"> </entry></row><row><entry VJ="1" align="left" colsep="0" valign="top">b)</entry><entry VJ="1" align="left" colsep="0" nameend="col5" namest="col4" valign="top">Werkzeuge, Geräte und Maschinen pflegen, warten und instandhalten, insbesondere unter Beachtung des Umwelt- und Gesundheitsschutzes</entry></row><row rowsep="1"><entry VJ="1" align="left" colsep="0" valign="top">c)</entry><entry VJ="1" align="left" colsep="0" nameend="col5" namest="col4" valign="top">Störungen bei Maschinen feststellen und Maßnahmen zu ihrer Behebung ergreifen</entry></row><row rowsep="1"><entry VJ="1" align="right" colsep="0" morerows="1" valign="top">8</entry><entry VJ="1" align="left" colsep="0" morerows="1" valign="top">Auswählen, Lagern und Entsorgen von Werk- und Hilfsstoffen (§ 3 Nr. 8)</entry><entry VJ="1" align="left" colsep="0" rowsep="0" valign="top">a)</entry><entry VJ="1" align="left" colsep="0" nameend="col5" namest="col4" rowsep="0" valign="top">Werk- und Hilfsstoffe, insbesondere Blattmetalle, Metallpulver, Holzwerkstoffe, Farb-, Binde-, Grundierungs- und Lösemittel auswählen</entry><entry VJ="1" align="center" colsep="0" morerows="1" valign="middle">5</entry><entry VJ="1" align="left" colsep="0" morerows="1" valign="top"> </entry><entry VJ="1" align="left" colsep="0" morerows="1" valign="top"> </entry><entry VJ="1" align="left" colsep="0" morerows="1" valign="top"> </entry></row><row rowsep="1"><entry VJ="1" align="left" colsep="0" valign="top">b)</entry><entry VJ="1" align="left" colsep="0" nameend="col5" namest="col4" valign="top">Werk- und Hilfsstoffe unter Beachtung des Umweltschutzes lagern und entsorgen</entry></row><row rowsep="1"><entry VJ="1" align="right" colsep="0" morerows="6" valign="top">9</entry><entry VJ="1" align="left" colsep="0" morerows="6" valign="top">Vorbereiten von Untergründen (§ 3 Nr. 9)</entry><entry VJ="1" align="left" colsep="0" valign="top">a)</entry><entry VJ="1" align="left" colsep="0" nameend="col5" namest="col4" valign="top">Grundierungen, insbesondere für Vergolde- und Maltechniken, ansetzen, zubereiten und aufbringen</entry><entry VJ="1" align="center" colsep="0" valign="middle">12</entry><entry VJ="1" align="left" colsep="0" valign="top"> </entry><entry VJ="1" align="left" colsep="0" valign="top"> </entry><entry VJ="1" align="left" colsep="0" valign="top"> </entry></row><row rowsep="1"><entry VJ="1" align="left" colsep="0" valign="top">b)</entry><entry VJ="1" align="left" colsep="0" nameend="col5" namest="col4" valign="top">grundierte Objekte nacharbeiten und schleifen</entry><entry VJ="1" align="center" colsep="0" valign="middle">10</entry><entry VJ="1" align="left" colsep="0" valign="top"> </entry><entry VJ="1" align="left" colsep="0" valign="top"> </entry><entry VJ="1" align="left" colsep="0" valign="top"> </entry></row><row rowsep="1"><entry VJ="1" align="left" colsep="0" rowsep="0" valign="top">c)</entry><entry VJ="1" align="left" colsep="0" nameend="col5" namest="col4" rowsep="0" valign="top">Untergründe unter Beachtung des Umwelt- und Gesundheitsschutzes für Grundierungen vorbereiten, insbesondere</entry><entry VJ="1" align="center" colsep="0" morerows="2" valign="middle">6</entry><entry VJ="1" align="left" colsep="0" morerows="2" valign="top"> </entry><entry VJ="1" align="left" colsep="0" morerows="2" valign="top"> </entry><entry VJ="1" align="left" colsep="0" morerows="2" valign="top"> </entry></row><row><entry VJ="1" align="left" colsep="0" valign="top"> </entry><entry VJ="1" align="left" colsep="0" valign="top">aa)</entry><entry VJ="1" align="left" colsep="0" valign="top">Holzwerkstücke auf Schädlingsbefall prüfen, Holzfehler beseitigen sowie schleifen und verkitten</entry></row><row rowsep="1"><entry VJ="1" align="left" colsep="0" valign="top"> </entry><entry VJ="1" align="left" colsep="0" valign="top">bb)</entry><entry VJ="1" align="left" colsep="0" valign="top">Kunststoffe und Glas reinigen und entfetten</entry></row><row rowsep="1"><entry VJ="1" align="left" colsep="0" valign="top"> </entry><entry VJ="1" align="left" colsep="0" valign="top">cc)</entry><entry VJ="1" align="left" colsep="0" valign="top">Metalluntergründe entfetten, entrosten und vor Korrosion schützen</entry><entry VJ="1" align="left" colsep="0" valign="top"> </entry><entry VJ="1" align="left" colsep="0" valign="top"> </entry><entry VJ="1" align="center" colsep="0" valign="middle">2</entry><entry VJ="1" align="left" colsep="0" valign="top"> </entry></row><row rowsep="1"><entry VJ="1" align="left" colsep="0" valign="top"> </entry><entry VJ="1" align="left" colsep="0" valign="top">dd)</entry><entry VJ="1" align="left" colsep="0" valign="top">mineralische Untergründe auf Feuchtigkeit prüfen, schleifen, glätten und ausgleichen</entry><entry VJ="1" align="left" colsep="0" valign="top"> </entry><entry VJ="1" align="left" colsep="0" valign="top"> </entry><entry VJ="1" align="left" colsep="0" valign="top"> </entry><entry VJ="1" align="center" colsep="0" valign="middle">2</entry></row><row rowsep="1"><entry VJ="1" align="right" colsep="0" morerows="8" valign="top">10</entry><entry VJ="1" align="left" colsep="0" morerows="8" valign="top">Ausführen von Verzierungen (§ 3 Nr. 10)</entry><entry VJ="1" align="left" colsep="0" valign="top">a)</entry><entry VJ="1" align="left" colsep="0" nameend="col5" namest="col4" valign="top">Rahmen mit plastischen Ornamenten verzieren</entry><entry VJ="1" align="left" colsep="0" valign="top"> </entry><entry VJ="1" align="left" colsep="0" valign="top"> </entry><entry VJ="1" align="center" colsep="0" valign="middle">6</entry><entry VJ="1" align="left" colsep="0" valign="top"> </entry></row><row rowsep="1"><entry VJ="1" align="left" colsep="0" rowsep="0" valign="top">b)</entry><entry VJ="1" align="left" colsep="0" nameend="col5" namest="col4" rowsep="0" valign="top">Oberflächenverzierungen unter Beachtung von Gestaltungsprinzipien sowie historischen und zeitgenössischen Stilelementen auswählen und nach Vorgaben und freier Gestaltung ausführen, insbesondere</entry><entry VJ="1" align="left" colsep="0" morerows="1" valign="top"> </entry><entry VJ="1" align="center" colsep="0" morerows="1" valign="bottom">6</entry><entry VJ="1" align="left" colsep="0" morerows="1" valign="top"> </entry><entry VJ="1" align="left" colsep="0" morerows="1" valign="top"> </entry></row><row rowsep="1"><entry VJ="1" align="left" colsep="0" valign="top"> </entry><entry VJ="1" align="left" colsep="0" valign="top">aa)</entry><entry VJ="1" align="left" colsep="0" valign="top">gravieren</entry></row><row rowsep="1"><entry VJ="1" align="left" colsep="0" rowsep="0" valign="top"> </entry><entry VJ="1" align="left" colsep="0" rowsep="0" valign="top">bb)</entry><entry VJ="1" align="left" colsep="0" rowsep="0" valign="top">radieren</entry><entry VJ="1" align="left" colsep="0" morerows="1" valign="top"> </entry><entry VJ="1" align="left" colsep="0" morerows="1" valign="top"> </entry><entry VJ="1" align="center" colsep="0" morerows="1" valign="middle">8</entry><entry VJ="1" align="left" colsep="0" morerows="1" valign="top"> </entry></row><row rowsep="1"><entry VJ="1" align="left" colsep="0" valign="top"> </entry><entry VJ="1" align="left" colsep="0" valign="top">cc)</entry><entry VJ="1" align="left" colsep="0" valign="top">punzieren</entry></row><row rowsep="1"><entry VJ="1" align="left" colsep="0" rowsep="0" valign="top"> </entry><entry VJ="1" align="left" colsep="0" rowsep="0" valign="top">dd)</entry><entry VJ="1" align="left" colsep="0" rowsep="0" valign="top">strukturieren</entry><entry VJ="1" align="left" colsep="0" morerows="2" valign="top"> </entry><entry VJ="1" align="left" colsep="0" morerows="2" valign="top"> </entry><entry VJ="1" align="left" colsep="0" morerows="2" valign="top"> </entry><entry VJ="1" align="center" colsep="0" morerows="2" valign="middle">7</entry></row><row><entry VJ="1" align="left" colsep="0" valign="top"> </entry><entry VJ="1" align="left" colsep="0" valign="top">ee)</entry><entry VJ="1" align="left" colsep="0" valign="top">sandeln</entry></row><row rowsep="1"><entry VJ="1" align="left" colsep="0" valign="top"> </entry><entry VJ="1" align="left" colsep="0" valign="top">ff)</entry><entry VJ="1" align="left" colsep="0" valign="top">Aufsetzarbeiten ausführen</entry></row><row rowsep="1"><entry VJ="1" align="left" colsep="0" valign="top">c)</entry><entry VJ="1" align="left" colsep="0" nameend="col5" namest="col4" valign="top">Negativformen aus Abformmaterialien herstellen, insbesondere aus Silicon</entry><entry VJ="1" align="left" colsep="0" valign="top"> </entry><entry VJ="1" align="left" colsep="0" valign="top"> </entry><entry VJ="1" align="left" colsep="0" valign="top"> </entry><entry VJ="1" align="center" colsep="0" valign="middle">3</entry></row><row rowsep="1"><entry VJ="1" align="right" colsep="0" morerows="5" valign="top">11</entry><entry VJ="1" align="left" colsep="0" morerows="5" valign="top">Vergolden, Versilbern, Metallisieren (§ 3 Nr. 11)</entry><entry VJ="1" align="left" colsep="0" valign="top">a)</entry><entry VJ="1" align="left" colsep="0" nameend="col5" namest="col4" valign="top">Metallisierungen mit Schlagmetallen und Blattaluminium ausführen</entry><entry VJ="1" align="center" colsep="0" valign="middle">3</entry><entry VJ="1" align="left" colsep="0" valign="top"> </entry><entry VJ="1" align="left" colsep="0" valign="top"> </entry><entry VJ="1" align="left" colsep="0" valign="top"> </entry></row><row rowsep="1"><entry VJ="1" align="left" colsep="0" rowsep="0" valign="top">b)</entry><entry VJ="1" align="left" colsep="0" nameend="col5" namest="col4" rowsep="0" valign="top">Glanz- und Mattvergoldungen sowie Glanz- und Mattversilberungen auf Polimentgrund ausführen</entry><entry VJ="1" align="left" colsep="0" morerows="1" valign="top"> </entry><entry VJ="1" align="center" colsep="0" morerows="1" valign="middle">7</entry><entry VJ="1" align="left" colsep="0" morerows="1" valign="top"> </entry><entry VJ="1" align="left" colsep="0" morerows="1" valign="top"> </entry></row><row rowsep="1"><entry VJ="1" align="left" colsep="0" valign="top">c)</entry><entry VJ="1" align="left" colsep="0" nameend="col5" namest="col4" valign="top">Ölvergoldungen ausführen</entry></row><row rowsep="1"><entry VJ="1" align="left" colsep="0" valign="top">d)</entry><entry VJ="1" align="left" colsep="0" nameend="col5" namest="col4" valign="top">Metallpulver auf Untergründe auftragen</entry><entry VJ="1" align="left" colsep="0" valign="top"> </entry><entry VJ="1" align="left" colsep="0" valign="top"> </entry><entry VJ="1" align="center" colsep="0" valign="middle">2</entry><entry VJ="1" align="left" colsep="0" valign="top"> </entry></row><row rowsep="1"><entry VJ="1" align="left" colsep="0" rowsep="0" valign="top">e)</entry><entry VJ="1" align="left" colsep="0" nameend="col5" namest="col4" rowsep="0" valign="top">Mordentvergoldungen ausführen</entry><entry VJ="1" align="left" colsep="0" morerows="1" valign="top"> </entry><entry VJ="1" align="left" colsep="0" morerows="1" valign="top"> </entry><entry VJ="1" align="left" colsep="0" morerows="1" valign="top"> </entry><entry VJ="1" align="center" colsep="0" morerows="1" valign="middle">4</entry></row><row rowsep="1"><entry VJ="1" align="left" colsep="0" valign="top">f)</entry><entry VJ="1" align="left" colsep="0" nameend="col5" namest="col4" valign="top">Hinterglasvergoldungen und Hinterglasversilberungen in Glanz- und Mattechnik ausführen</entry></row><row rowsep="1"><entry VJ="1" align="right" colsep="0" morerows="4" valign="top">12</entry><entry VJ="1" align="left" colsep="0" morerows="4" valign="top">Herstellen und Gestalten von Rahmungen (§ 3 Nr. 12)</entry><entry VJ="1" align="left" colsep="0" rowsep="0" valign="top">a)</entry><entry VJ="1" align="left" colsep="0" nameend="col5" namest="col4" rowsep="0" valign="top">Rahmenleisten zuschneiden und verbinden</entry><entry VJ="1" align="center" colsep="0" morerows="1" valign="middle">4</entry><entry VJ="1" align="left" colsep="0" morerows="1" valign="top"> </entry><entry VJ="1" align="left" colsep="0" morerows="1" valign="top"> </entry><entry VJ="1" align="left" colsep="0" morerows="1" valign="top"> </entry></row><row rowsep="1"><entry VJ="1" align="left" colsep="0" valign="top">b)</entry><entry VJ="1" align="left" colsep="0" nameend="col5" namest="col4" valign="top">Flachglas objektbezogen auswählen und zuschneiden</entry></row><row rowsep="1"><entry VJ="1" align="left" colsep="0" rowsep="0" valign="top">c)</entry><entry VJ="1" align="left" colsep="0" nameend="col5" namest="col4" rowsep="0" valign="top">Passepartout objektbezogen auswählen und zuschneiden</entry><entry VJ="1" align="left" colsep="0" morerows="1" valign="top"> </entry><entry VJ="1" align="left" colsep="0" morerows="1" valign="top"> </entry><entry VJ="1" align="center" colsep="0" morerows="1" valign="middle">5</entry><entry VJ="1" align="left" colsep="0" morerows="1" valign="top"> </entry></row><row rowsep="1"><entry VJ="1" align="left" colsep="0" valign="top">d)</entry><entry VJ="1" align="left" colsep="0" nameend="col5" namest="col4" valign="top">Bilder und Objekte, insbesondere unter Beachtung konservatorischer Gesichtspunkte, einrahmen</entry></row><row rowsep="1"><entry VJ="1" align="left" colsep="0" valign="top">e)</entry><entry VJ="1" align="left" colsep="0" nameend="col5" namest="col4" valign="top">Rahmenleisten, insbesondere unter Beachtung von Kundenwünschen sowie gestalterischen und stilistischen Merkmalen, auswählen</entry><entry VJ="1" align="left" colsep="0" valign="top"> </entry><entry VJ="1" align="left" colsep="0" valign="top"> </entry><entry VJ="1" align="left" colsep="0" valign="top"> </entry><entry VJ="1" align="center" colsep="0" valign="middle">3</entry></row><row rowsep="1"><entry VJ="1" align="right" colsep="0" morerows="5" valign="top">13</entry><entry VJ="1" align="left" colsep="0" morerows="5" valign="top">Ausführen von Maltechniken (§ 3 Nr. 13)</entry><entry VJ="1" align="left" colsep="0" rowsep="0" valign="top">a)</entry><entry VJ="1" align="left" colsep="0" nameend="col5" namest="col4" rowsep="0" valign="top">Streich- und Malwerkzeuge auswählen und handhaben</entry><entry VJ="1" align="left" colsep="0" morerows="1" valign="top"> </entry><entry VJ="1" align="left" colsep="0" morerows="1" valign="top"> </entry><entry VJ="1" align="center" colsep="0" morerows="1" valign="middle">3</entry><entry VJ="1" align="left" colsep="0" morerows="1" valign="top"> </entry></row><row rowsep="1"><entry VJ="1" align="left" colsep="0" valign="top">b)</entry><entry VJ="1" align="left" colsep="0" nameend="col5" namest="col4" valign="top">Überzüge nach gestalterischen und maltechnischen Gesichtspunkten auswählen und auftragen</entry></row><row rowsep="1"><entry VJ="1" align="left" colsep="0" rowsep="0" valign="top">c)</entry><entry VJ="1" align="left" colsep="0" nameend="col5" namest="col4" rowsep="0" valign="top">Schriften malen</entry><entry VJ="1" align="left" colsep="0" morerows="1" valign="top"> </entry><entry VJ="1" align="left" colsep="0" morerows="1" valign="top"> </entry><entry VJ="1" align="left" colsep="0" morerows="1" valign="top"> </entry><entry VJ="1" align="center" colsep="0" morerows="1" valign="middle">5</entry></row><row rowsep="1"><entry VJ="1" align="left" colsep="0" valign="top">d)</entry><entry VJ="1" align="left" colsep="0" nameend="col5" namest="col4" valign="top">Farb- und Bindemittel ansetzen und mischen</entry></row><row rowsep="1"><entry VJ="1" align="left" colsep="0" valign="top">e)</entry><entry VJ="1" align="left" colsep="0" nameend="col5" namest="col4" valign="top">Objekte, insbesondere unter Beachtung stilistischer Merkmale, farbig gestalten und fassen</entry><entry VJ="1" align="left" colsep="0" valign="top"> </entry><entry VJ="1" align="left" colsep="0" valign="top"> </entry><entry VJ="1" align="left" colsep="0" valign="top"> </entry><entry VJ="1" align="center" colsep="0" valign="middle">10</entry></row><row rowsep="1"><entry VJ="1" align="left" colsep="0" valign="top">f)</entry><entry VJ="1" align="left" colsep="0" nameend="col5" namest="col4" valign="top">Imitationsmalereien ausführen</entry><entry VJ="1" align="left" colsep="0" valign="top"> </entry><entry VJ="1" align="left" colsep="0" valign="top"> </entry><entry VJ="1" align="left" colsep="0" valign="top"> </entry><entry VJ="1" align="center" colsep="0" valign="middle">10</entry></row><row rowsep="1"><entry VJ="1" align="right" colsep="0" morerows="1" valign="top">14</entry><entry VJ="1" align="left" colsep="0" morerows="1" valign="top">Ausführen von Erhaltungs- und Restaurierungsarbeiten (§ 3 Nr. 14)</entry><entry VJ="1" align="left" colsep="0" rowsep="0" valign="top">a)</entry><entry VJ="1" align="left" colsep="0" nameend="col5" namest="col4" rowsep="0" valign="top">Fehler und Schäden hinsichtlich ihrer Ursachen erkennen und beurteilen sowie Arbeitsumfang der Restaurierung abschätzen und dokumentieren</entry><entry VJ="1" align="left" colsep="0" morerows="1" valign="top"> </entry><entry VJ="1" align="left" colsep="0" morerows="1" valign="top"> </entry><entry VJ="1" align="left" colsep="0" morerows="1" valign="top"> </entry><entry VJ="1" align="center" colsep="0" morerows="1" valign="middle">5</entry></row><row rowsep="1"><entry VJ="1" align="left" colsep="0" valign="top">b)</entry><entry VJ="1" align="left" colsep="0" nameend="col5" namest="col4" valign="top">Objekte unter Beachtung kunsthistorischer Aspekte und denkmalpflegerischer Vorgaben reinigen und restaurieren</entry></row><row><entry VJ="1" align="right" colsep="0" morerows="3" valign="top">15</entry><entry VJ="1" align="left" colsep="0" morerows="3" valign="top">Qualitätssicherung (§ 3 Nr. 15)</entry><entry VJ="1" align="left" colsep="0" valign="top">a)</entry><entry VJ="1" align="left" colsep="0" nameend="col5" namest="col4" valign="top">Ziele, Aufgaben und Bedeutung der Qualitätssicherung beschreiben</entry><entry VJ="1" align="left" colsep="0" morerows="3" valign="top"> </entry><entry VJ="1" align="left" colsep="0" morerows="3" valign="top"> </entry><entry VJ="1" align="left" colsep="0" morerows="3" valign="top"> </entry><entry VJ="1" align="center" colsep="0" morerows="3" valign="middle">2</entry></row><row><entry VJ="1" align="left" colsep="0" valign="top">b)</entry><entry VJ="1" align="left" colsep="0" nameend="col5" namest="col4" valign="top">Arbeitsergebnisse kontrollieren</entry></row><row><entry VJ="1" align="left" colsep="0" valign="top">c)</entry><entry VJ="1" align="left" colsep="0" nameend="col5" namest="col4" valign="top">Qualitätsmängel feststellen und dokumentieren; Maßnahmen zur Mängelbeseitigung ergreifen</entry></row><row><entry VJ="1" align="left" colsep="0" valign="top">d)</entry><entry VJ="1" align="left" colsep="0" nameend="col5" namest="col4" valign="top">Pflege, Wartung und Instandhaltung der eingesetzten Geräte und Maschinen als qualitätssichernde Maßnahme erkennen</entry></row></tbody></tgroup></table></P></Content></text></textdaten></norm>
</dokumente>