<?xml version="1.0" encoding="UTF-8" ?><!DOCTYPE dokumente SYSTEM "http://www.gesetze-im-internet.de/dtd/1.01/gii-norm.dtd">
<dokumente builddate="20221020213519" doknr="BJNR025000014"><norm builddate="20221020213519" doknr="BJNR025000014"><metadaten><jurabk>Münz10EuroBek 2014-02-28/2</jurabk><ausfertigung-datum manuell="ja">2014-02-28</ausfertigung-datum><fundstelle typ="amtlich"><periodikum>BGBl I</periodikum><zitstelle>2014, 250</zitstelle></fundstelle><langue>Bekanntmachung über die Ausprägung von deutschen Euro-Gedenkmünzen im Nennwert von 10 Euro (Gedenkmünze „Hänsel und Gretel“)</langue></metadaten><textdaten><fussnoten><Content><P><BR/> <pre xml:space="preserve">(+++ Textnachweis ab: 14.3.2014 +++)<BR/><BR/></pre></P></Content></fussnoten></textdaten></norm>
<norm builddate="20221020213519" doknr="BJNR025000014BJNE000100000"><metadaten><jurabk>Münz10EuroBek 2014-02-28/2</jurabk><enbez>(XXXX)</enbez></metadaten><textdaten><text format="XML"><Content><P>Gemäß den §§ 2, 4 und 5 des Münzgesetzes vom 16. Dezember 1999 (BGBl. I S. 2402) hat die Bundesregierung beschlossen, zum Thema „Hänsel und Gretel“ eine deutsche Euro-Gedenkmünze im Nennwert von 10 Euro prägen zu lassen. Diese Münze ist die dritte von insgesamt sechs Ausgaben im Rahmen der in 2012 begonnenen Serie „200 Jahre Grimms Märchen“. Am 20. Dezember 1812 erschien der erste Band der Kinder- und Hausmärchen der Gebrüder Grimm.</P><P>Die Auflage der Münze beträgt ca. 1 400 000 Stück, davon ca. 200 000 Stück in Spiegelglanzqualität. Die Prägung erfolgt durch die Staatlichen Münzen Baden-Württemberg, Prägestätte Karlsruhe (Prägezeichen G).</P><P>Die Münze wird ab dem 6. Februar 2014 in den Verkehr gebracht. Die 10-Euro-Gedenkmünze in der Stempelglanzqualität besteht aus einer Kupfer-Nickel-Legierung (CuNi25), hat einen Durchmesser von 32,5 Millimetern und eine Masse von 14 Gramm. Die Spiegelglanzmünze besteht aus einer Legierung von 625 Tausendteilen Silber und 375 Tausendteilen Kupfer, hat einen Durchmesser von 32,5 Millimetern und ein Gewicht von 16 Gramm. Das Gepräge auf beiden Seiten ist erhaben und wird von einem schützenden, glatten Randstab umgeben.</P><P>Die Bildseite stellt die Schlüsselszene des Märchens dar, in der die Hexe die Kinder überrascht. Das Hexenhaus wird durch einen herabgefallenen und angebissenen Lebkuchenziegel angedeutet.</P><P>Die Wertseite zeigt einen Adler, den Schriftzug „BUNDESREPUBLIK DEUTSCHLAND“, Wertziffer und Wertbezeichnung, das Prägezeichen „G“ der Staatlichen Münzen Baden-Württemberg, Prägestätte Karlsruhe, die Jahreszahl 2014 sowie die zwölf Europasterne. Auf der Wertseite der Münze in Spiegelglanzqualität ist zusätzlich die Angabe „SILBER 625“ aufgeprägt.</P><P>Der glatte Münzrand enthält in vertiefter Prägung die Inschrift:</P><P>„KNUPER, KNUPER, KNEISCHEN …“.</P><P>Der Entwurf stammt von der Künstlerin Marianne Dietz aus Berlin.</P></Content></text></textdaten></norm>
<norm builddate="20221020213519" doknr="BJNR025000014BJNE000200000"><metadaten><jurabk>Münz10EuroBek 2014-02-28/2</jurabk><enbez>Schlussformel</enbez></metadaten><textdaten><text format="XML"><Content><P><SP>Der Bundesminister der Finanzen</SP></P></Content></text></textdaten></norm>
<norm builddate="20221020213519" doknr="BJNR025000014BJNE000300000"><metadaten><jurabk>Münz10EuroBek 2014-02-28/2</jurabk><enbez>(XXXX)</enbez></metadaten><textdaten><text format="XML"><Content><P><noindex><kommentar typ="Fundstelle">(Fundstelle: BGBl. I 2014, 250)</kommentar></noindex></P><BR/><BR/><table frame="none" tocentry="%yes;"><tgroup align="left" char="" charoff="50" cols="2"><colspec colname="col1" colwidth="50*"/><colspec colname="col2" colwidth="50*"/><tbody valign="top"><row><entry VJ="1" align="center" colname="col1" colsep="0" rowsep="0"><IMG Align="center" Height="924" Pos="inline" SRC="bgbl1_2014_j0250-1_0010.jpg" Type="TIF" Units="300" Width="945" alt=""/></entry><entry VJ="1" align="center" colname="col2" rowsep="0"><IMG Align="center" Height="709" Pos="inline" SRC="bgbl1_2014_j0250-1_0020.jpg" Type="TIF" Units="300" Width="709" alt=""/></entry></row><row><entry VJ="1" align="center" colname="col1" colsep="0"><IMG Align="center" Height="924" Pos="inline" SRC="bgbl1_2014_j0250-1_0030.jpg" Type="TIF" Units="300" Width="945" alt=""/></entry><entry VJ="1" align="center" colname="col2"><IMG Align="center" Height="927" Pos="inline" SRC="bgbl1_2014_j0250-1_0040.jpg" Type="TIF" Units="300" Width="945" alt=""/></entry></row></tbody></tgroup></table></Content></text></textdaten></norm>
</dokumente>