<?xml version="1.0" encoding="UTF-8" ?><!DOCTYPE dokumente SYSTEM "http://www.gesetze-im-internet.de/dtd/1.01/gii-norm.dtd">
<dokumente builddate="20120625152834" doknr="BJNR052200009"><norm builddate="20120625152834" doknr="BJNR052200009"><metadaten><jurabk>OrdenErl4ÄndErl 2009</jurabk><ausfertigung-datum manuell="ja">2009-03-11</ausfertigung-datum><fundstelle typ="amtlich"><periodikum>BGBl I</periodikum><zitstelle>2009, 522</zitstelle></fundstelle><langue>Erlass über die Genehmigung einer Änderung des Erlasses über die Stiftung und Verleihung der Goethe-Medaille</langue></metadaten><textdaten><fussnoten><Content><P><BR/> <pre xml:space="preserve">(+++ Textnachweis ab: 20.3.2009 +++)<BR/><BR/></pre></P></Content></fussnoten></textdaten></norm>
<norm builddate="20120625152834" doknr="BJNR052200009BJNE000100000"><metadaten><jurabk>OrdenErl4ÄndErl 2009</jurabk><enbez>(XXXX)</enbez></metadaten><textdaten><text format="XML"><Content><P>Das Präsidium des Goethe-Instituts e.V. hat am 17. November 2008 das Statut für die Verleihung der Goethe-Medaille des Goethe-Instituts e.V. in der Fassung vom 19. November 2003 geändert. Danach erfolgt die Verleihung der Goethe-Medaille jährlich zum 28. August, dem Geburtstag Goethes.<BR/><BR/> Nach Artikel 4 des Vierten Erlasses über die Genehmigung der Stiftung und Verleihung von Orden und Ehrenzeichen vom 27. Juni 1975 (BGBl. I S. 1857) genehmige ich diese Änderung.</P></Content></text></textdaten></norm>
<norm builddate="20120625152834" doknr="BJNR052200009BJNE000200000"><metadaten><jurabk>OrdenErl4ÄndErl 2009</jurabk><enbez>Schlussformel</enbez></metadaten><textdaten><text format="XML"><Content><P><SP>Der Bundespräsident</SP></P></Content></text></textdaten></norm>
</dokumente>