<?xml version="1.0" encoding="UTF-8" ?><!DOCTYPE dokumente SYSTEM "http://www.gesetze-im-internet.de/dtd/1.01/gii-norm.dtd">
<dokumente builddate="20180102214118" doknr="BJNR381500017"><norm builddate="20180102214118" doknr="BJNR381500017"><metadaten><jurabk>PflanzentechMeistPrV</jurabk><amtabk>PflanzentechMeistPrV</amtabk><ausfertigung-datum manuell="ja">2017-11-27</ausfertigung-datum><fundstelle typ="amtlich"><periodikum>BGBl I</periodikum><zitstelle>2017, 3815</zitstelle></fundstelle><kurzue>Pflanzentechnologie-Meisterprüfungsverordnung</kurzue><langue>Verordnung über die Meisterprüfung zum anerkannten Fortbildungsabschluss Pflanzentechnologiemeister und Pflanzentechnologiemeisterin</langue></metadaten><textdaten><fussnoten><Content><P><BR/> <pre xml:space="preserve">(+++ Textnachweis ab: 8.12.2017 +++)<BR/><BR/></pre></P></Content></fussnoten></textdaten></norm>
<norm builddate="20180102214118" doknr="BJNR381500017BJNE000100000"><metadaten><jurabk>PflanzentechMeistPrV</jurabk><enbez>Eingangsformel</enbez></metadaten><textdaten><text format="XML"><Content><P>Auf Grund des § 53 Absatz 3 in Verbindung mit Absatz 2 des Berufsbildungsgesetzes, dessen Absatz 3 zuletzt durch Artikel 436 Nummer 4 Buchstabe b der Verordnung vom 31. August 2015 (BGBl. I S. 1474) geändert worden ist, verordnet das Bundesministerium für Ernährung und Landwirtschaft im Einvernehmen mit dem Bundesministerium für Bildung und Forschung nach Anhörung des Hauptausschusses des Bundesinstituts für Berufsbildung:</P></Content></text></textdaten></norm>
<norm builddate="20180102214118" doknr="BJNR381500017BJNE000200000"><metadaten><jurabk>PflanzentechMeistPrV</jurabk><enbez>Inhaltsübersicht</enbez></metadaten><textdaten><text format="XML"><TOC><Ident Class="S0">Abschnitt 1</Ident><Title Align="auto" Class="S0">Allgemeines</Title><table colsep="0" frame="none" pgwide="1" rowsep="0" tocentry="%yes;"><tgroup align="left" char="" charoff="50" cols="2"><colspec colname="col1" colwidth="10*"/><colspec colname="col2" colwidth="70*"/><tbody valign="top"><row><entry VJ="1" colname="col1">§  1</entry><entry VJ="1" colname="col2">Ziel der Meisterprüfung und Bezeichnung des Fortbildungsabschlusses</entry></row><row><entry VJ="1" colname="col1">§  2</entry><entry VJ="1" colname="col2">Voraussetzungen für die Zulassung zur Prüfung</entry></row><row><entry VJ="1" colname="col1">§  3</entry><entry VJ="1" colname="col2">Gliederung der Meisterprüfung</entry></row></tbody></tgroup></table><Ident Class="S0">Abschnitt 2</Ident><Title Align="auto" Class="S0">Prüfungsteil<BR/> Pflanzenkultur, Verfahrenstechnik,<BR/> Untersuchungstechnik und Dienstleistung</Title><table colsep="0" frame="none" pgwide="1" rowsep="0" tocentry="%yes;"><tgroup align="left" char="" charoff="50" cols="2"><colspec colname="col1" colwidth="10*"/><colspec colname="col2" colwidth="70*"/><tbody valign="top"><row><entry VJ="1" colname="col1">§  4</entry><entry VJ="1" colname="col2">Anforderungen und Prüfungsinhalte</entry></row><row><entry VJ="1" colname="col1">§  5</entry><entry VJ="1" colname="col2">Struktur der Prüfung</entry></row><row><entry VJ="1" colname="col1">§  6</entry><entry VJ="1" colname="col2">Arbeitsprojekt</entry></row><row><entry VJ="1" colname="col1">§  7</entry><entry VJ="1" colname="col2">Schriftliche Prüfung</entry></row></tbody></tgroup></table><Ident Class="S0">Abschnitt 3</Ident><Title Align="auto" Class="S0">Prüfungsteil<BR/> Betriebs- und Unternehmensführung</Title><table colsep="0" frame="none" pgwide="1" rowsep="0" tocentry="%yes;"><tgroup align="left" char="" charoff="50" cols="2"><colspec colname="col1" colwidth="10*"/><colspec colname="col2" colwidth="70*"/><tbody valign="top"><row><entry VJ="1" colname="col1">§  8</entry><entry VJ="1" colname="col2">Anforderungen und Prüfungsinhalte</entry></row><row><entry VJ="1" colname="col1">§  9</entry><entry VJ="1" colname="col2">Struktur der Prüfung</entry></row><row><entry VJ="1" colname="col1">§ 10</entry><entry VJ="1" colname="col2">Arbeitsprojekt</entry></row><row><entry VJ="1" colname="col1">§ 11</entry><entry VJ="1" colname="col2">Schriftliche Prüfung</entry></row></tbody></tgroup></table><Ident Class="S0">Abschnitt 4</Ident><Title Align="auto" Class="S0">Prüfungsteil<BR/> Berufsausbildung und Mitarbeiterführung</Title><table colsep="0" frame="none" pgwide="1" rowsep="0" tocentry="%yes;"><tgroup align="left" char="" charoff="50" cols="2"><colspec colname="col1" colwidth="10*"/><colspec colname="col2" colwidth="70*"/><tbody valign="top"><row><entry VJ="1" colname="col1">§ 12</entry><entry VJ="1" colname="col2">Anforderungen und Handlungsfelder</entry></row><row><entry VJ="1" colname="col1">§ 13</entry><entry VJ="1" colname="col2">Struktur der Prüfung</entry></row><row><entry VJ="1" colname="col1">§ 14</entry><entry VJ="1" colname="col2">Praktischer Teil</entry></row><row><entry VJ="1" colname="col1">§ 15</entry><entry VJ="1" colname="col2">Schriftlicher Teil</entry></row><row><entry VJ="1" colname="col1">§ 16</entry><entry VJ="1" colname="col2">Fallstudie</entry></row></tbody></tgroup></table><Ident Class="S0">Abschnitt 5</Ident><Title Align="auto" Class="S0">Befreiung von<BR/> Prüfungsleistungen, Bewertungen<BR/> in den Prüfungen, Bestehens- und Zeugnisregelungen</Title><table colsep="0" frame="none" pgwide="1" rowsep="0" tocentry="%yes;"><tgroup align="left" char="" charoff="50" cols="2"><colspec colname="col1" colwidth="10*"/><colspec colname="col2" colwidth="70*"/><tbody valign="top"><row><entry VJ="1" colname="col1">§ 17</entry><entry VJ="1" colname="col2">Befreiung von Prüfungsleistungen</entry></row><row><entry VJ="1" colname="col1">§ 18</entry><entry VJ="1" colname="col2">Bewertungen in den Prüfungen</entry></row><row><entry VJ="1" colname="col1">§ 19</entry><entry VJ="1" colname="col2">Bestehen der Meisterprüfung</entry></row></tbody></tgroup></table><Ident Class="S0">Abschnitt 6</Ident><Title Align="auto" Class="S0">Ergänzungs- und Wiederholungsprüfung</Title><table colsep="0" frame="none" pgwide="1" rowsep="0" tocentry="%yes;"><tgroup align="left" char="" charoff="50" cols="2"><colspec colname="col1" colwidth="10*"/><colspec colname="col2" colwidth="70*"/><tbody valign="top"><row><entry VJ="1" colname="col1">§ 20</entry><entry VJ="1" colname="col2">Mündliche Ergänzungsprüfung</entry></row><row><entry VJ="1" colname="col1">§ 21</entry><entry VJ="1" colname="col2">Wiederholung der Meisterprüfung</entry></row></tbody></tgroup></table><Ident Class="S0">Abschnitt 7</Ident><Title Align="auto" Class="S0">Schlussvorschrift</Title><table colsep="0" frame="none" pgwide="1" rowsep="0" tocentry="%yes;"><tgroup align="left" char="" charoff="50" cols="2"><colspec colname="col1" colwidth="10*"/><colspec colname="col2" colwidth="70*"/><tbody valign="top"><row><entry VJ="1" colname="col1">§ 22</entry><entry VJ="1" colname="col2">Inkrafttreten</entry></row></tbody></tgroup></table></TOC></text></textdaten></norm>
<norm builddate="20180102214118" doknr="BJNR381500017BJNG000100000"><metadaten><jurabk>PflanzentechMeistPrV</jurabk><gliederungseinheit><gliederungskennzahl>010</gliederungskennzahl><gliederungsbez>Abschnitt 1</gliederungsbez><gliederungstitel>Allgemeines</gliederungstitel></gliederungseinheit></metadaten><textdaten/></norm>
<norm builddate="20180102214118" doknr="BJNR381500017BJNE000300000"><metadaten><jurabk>PflanzentechMeistPrV</jurabk><enbez>§ 1</enbez><titel format="XML">Ziel der Meisterprüfung und Bezeichnung des Fortbildungsabschlusses</titel></metadaten><textdaten><text format="XML"><Content><P>(1) Mit der Prüfung zum anerkannten Fortbildungsabschluss Pflanzentechnologiemeister und Pflanzentechnologiemeisterin soll die auf einen beruflichen Aufstieg abzielende Erweiterung der beruflichen Handlungsfähigkeit nachgewiesen werden.</P><P>(2) Die Prüfung wird von den nach § 71 Absatz 3 und 8 des Berufsbildungsgesetzes zuständigen Stellen durchgeführt.</P><P>(3) Durch die Erweiterung der beruflichen Handlungsfähigkeit soll der Pflanzentechnologiemeister oder die Pflanzentechnologiemeisterin in der Lage sein, die in den drei Bereichen (Satz 3 Nummer 1 bis 3) genannten Aufgaben in unterschiedlich strukturierten Unternehmen der Pflanzenzüchtung, des pflanzenbaulichen Untersuchungswesens, der Pflanzenkultur oder der Pflanzenuntersuchung wahrzunehmen. Der Pflanzentechnologiemeister oder die Pflanzentechnologiemeisterin soll dabei diese Unternehmen oder Teile von ihnen eigenverantwortlich führen und Leitungsaufgaben ausüben können sowie auf sich verändernde Anforderungen und Rahmenbedingungen reagieren können. Zur erweiterten beruflichen Handlungsfähigkeit gehören im Einzelnen folgende Bereiche und Aufgaben: <DL Type="arabic"><DT>1.</DT><DD Font="normal"><LA>Pflanzenkultur, Verfahrenstechnik, Untersuchungstechnik und Dienstleistung: <DL Type="alpha"><DT>a)</DT><DD Font="normal"><LA>Planen, Kalkulieren und Organisieren der Kultur von Pflanzen, ihrer Vermehrung, Untersuchung und züchterischen Bearbeitung sowie des Angebots von Dienstleistungen, des Personal- und Technikeinsatzes sowie der Qualitätssicherung, jeweils unter Beachtung der Betriebsverhältnisse und der Anforderungen des Marktes,</LA></DD><DT>b)</DT><DD Font="normal"><LA>Entwickeln und Umsetzen von betrieblichen Qualitäts- und Quantitätsvorgaben,</LA></DD><DT>c)</DT><DD Font="normal"><LA>Entscheiden über Art, Umfang, Zielsetzung und Zeitpunkt betrieblicher Maßnahmen und Abläufe,</LA></DD><DT>d)</DT><DD Font="normal"><LA>Kontrollieren und Bewerten der Maßnahmen und Arbeiten unter Beachtung der Anforderungen des Marktes, der Auftraggeber sowie der vor- und nachgelagerten Arbeitsschritte,</LA></DD><DT>e)</DT><DD Font="normal"><LA>Vermarkten von Produkten und Dienstleistungen,</LA></DD><DT>f)</DT><DD Font="normal"><LA>Vorbereiten und Durchführen der erforderlichen Maßnahmen des Arbeits- und Gesundheitsschutzes in Zusammenarbeit mit den mit der Arbeitssicherheit befassten Stellen;</LA></DD></DL></LA></DD><DT>2.</DT><DD Font="normal"><LA>Betriebs- und Unternehmensführung: <DL Type="alpha"><DT>a)</DT><DD Font="normal"><LA>Entwickeln von Konzepten und Maßnahmen für die Kultur, Vermehrung, Untersuchung und züchterische Bearbeitung von Pflanzen, für Dienstleistungen sowie für das Vermarkten von Produkten und Dienstleistungen, jeweils unter Beachtung der Betriebsverhältnisse und der Anforderungen des Marktes,</LA></DD><DT>b)</DT><DD Font="normal"><LA>Analysieren und Planen der betrieblichen Abläufe und der Betriebsorganisation nach wirtschaftlichen Gesichtspunkten unter Beachtung rechtlicher Erfordernisse sowie der Prinzipien der Nachhaltigkeit,</LA></DD><DT>c)</DT><DD Font="normal"><LA>kaufmännische Disposition beim Beschaffen von Betriebsmitteln und Dienstleistungen, beim Arbeits-, Material- und Maschineneinsatz sowie bei der Vermarktung von Produkten und Dienstleistungen,</LA></DD><DT>d)</DT><DD Font="normal"><LA>ökonomische Kontrolle der Betriebsteile und des Gesamtbetriebes,</LA></DD><DT>e)</DT><DD Font="normal"><LA>Planen, Kalkulieren und Beurteilen von Investitionen,</LA></DD><DT>f)</DT><DD Font="normal"><LA>Zusammenarbeiten mit Markt- und Kooperationspartnern,</LA></DD><DT>g)</DT><DD Font="normal"><LA>Nutzen der Möglichkeiten von Information, Beratung und Förderung;</LA></DD></DL></LA></DD><DT>3.</DT><DD Font="normal"><LA>Berufsausbildung und Mitarbeiterführung: <DL Type="alpha"><DT>a)</DT><DD Font="normal"><LA>Prüfen der betrieblichen und persönlichen Ausbildungsvoraussetzungen,</LA></DD><DT>b)</DT><DD Font="normal"><LA>Planen der Ausbildung unter inhaltlichen, methodischen und zeitlichen Aspekten entsprechend den Vorgaben der Ausbildungsordnung,</LA></DD><DT>c)</DT><DD Font="normal"><LA>Auswählen und Einstellen von Auszubildenden,</LA></DD><DT>d)</DT><DD Font="normal"><LA>Durchführen der Ausbildung unter Anwendung geeigneter Methoden bei der Vermittlung von Ausbildungsinhalten,</LA></DD><DT>e)</DT><DD Font="normal"><LA>Hinführen der Auszubildenden zu selbständigem Handeln,</LA></DD><DT>f)</DT><DD Font="normal"><LA>Vorbereiten auf Prüfungen,</LA></DD><DT>g)</DT><DD Font="normal"><LA>Informieren und Beraten über Fortbildungsmöglichkeiten,</LA></DD><DT>h)</DT><DD Font="normal"><LA>Auswählen und Einstellen von Mitarbeitern und Mitarbeiterinnen,</LA></DD><DT>i)</DT><DD Font="normal"><LA>Übertragen von Aufgaben auf Mitarbeiter und Mitarbeiterinnen entsprechend ihrer Leistungsfähigkeit, Qualifikation und Eignung,</LA></DD><DT>j)</DT><DD Font="normal"><LA>Anleiten und Kontrollieren von Mitarbeitern und Mitarbeiterinnen in Arbeitsprozessen,</LA></DD><DT>k)</DT><DD Font="normal"><LA>kooperatives Führen sowie Fördern und Motivieren von Mitarbeitern und Mitarbeiterinnen und</LA></DD><DT>l)</DT><DD Font="normal"><LA>Unterstützen der beruflichen Weiterbildung von Mitarbeitern und Mitarbeiterinnen.</LA></DD></DL></LA></DD></DL></P><P>(4) Die erfolgreich abgelegte Prüfung führt zum anerkannten Fortbildungsabschluss Pflanzentechnologiemeister oder Pflanzentechnologiemeisterin.</P></Content></text></textdaten></norm>
<norm builddate="20180102214118" doknr="BJNR381500017BJNE000400000"><metadaten><jurabk>PflanzentechMeistPrV</jurabk><enbez>§ 2</enbez><titel format="XML">Voraussetzungen für die Zulassung zur Prüfung</titel></metadaten><textdaten><text format="XML"><Content><P>(1) Zur Meisterprüfung ist zuzulassen, wer Folgendes nachweist: <DL Type="arabic"><DT>1.</DT><DD Font="normal"><LA>eine erfolgreich abgelegte Abschlussprüfung im anerkannten Ausbildungsberuf Pflanzentechnologe oder Pflanzentechnologin und eine auf die Berufsausbildung folgende, mindestens zweijährige Berufspraxis,</LA></DD><DT>2.</DT><DD Font="normal"><LA>eine erfolgreich abgelegte Abschlussprüfung in einem anderen anerkannten landwirtschaftlichen Ausbildungsberuf und eine auf die Berufsausbildung folgende, mindestens dreijährige Berufspraxis oder</LA></DD><DT>3.</DT><DD Font="normal"><LA>eine mindestens fünfjährige Berufspraxis.</LA></DD></DL></P><P>(2) Die Berufspraxis nach Absatz 1 muss in Unternehmen der Pflanzenzucht, des pflanzenbaulichen Untersuchungswesens, der Pflanzenkultur oder der Pflanzenuntersuchung nachgewiesen werden.</P><P>(3) Abweichend von den in den Absätzen 1 und 2 genannten Voraussetzungen ist zur Prüfung auch zuzulassen, wer durch Vorlage von Zeugnissen oder auf andere Weise glaubhaft macht, eine berufliche Handlungsfähigkeit erworben zu haben, die die Zulassung zur Prüfung rechtfertigt.</P></Content></text></textdaten></norm>
<norm builddate="20180102214118" doknr="BJNR381500017BJNE000500000"><metadaten><jurabk>PflanzentechMeistPrV</jurabk><enbez>§ 3</enbez><titel format="XML">Gliederung der Meisterprüfung</titel></metadaten><textdaten><text format="XML"><Content><P>Die Meisterprüfung umfasst die folgenden Prüfungsteile: <DL Type="arabic"><DT>1.</DT><DD Font="normal"><LA>Pflanzenkultur, Verfahrenstechnik, Untersuchungstechnik und Dienstleistung,</LA></DD><DT>2.</DT><DD Font="normal"><LA>Betriebs- und Unternehmensführung sowie</LA></DD><DT>3.</DT><DD Font="normal"><LA>Berufsausbildung und Mitarbeiterführung.</LA></DD></DL></P></Content></text></textdaten></norm>
<norm builddate="20180102214118" doknr="BJNR381500017BJNG000200000"><metadaten><jurabk>PflanzentechMeistPrV</jurabk><gliederungseinheit><gliederungskennzahl>020</gliederungskennzahl><gliederungsbez>Abschnitt 2</gliederungsbez><gliederungstitel>Prüfungsteil Pflanzenkultur, Verfahrenstechnik, Untersuchungstechnik und Dienstleistung</gliederungstitel></gliederungseinheit></metadaten><textdaten/></norm>
<norm builddate="20180102214118" doknr="BJNR381500017BJNE000600000"><metadaten><jurabk>PflanzentechMeistPrV</jurabk><enbez>§ 4</enbez><titel format="XML">Anforderungen und Prüfungsinhalte</titel></metadaten><textdaten><text format="XML"><Content><P>(1) Im Prüfungsteil Pflanzenkultur, Verfahrenstechnik, Untersuchungstechnik und Dienstleistung soll der Prüfling nachweisen, dass er Pflanzen kultivieren, vermehren, untersuchen sowie züchterisch bearbeiten und dabei den Einsatz von Arbeitskräften, Maschinen, Geräten, Betriebseinrichtungen und von Betriebs- und Arbeitsstoffen planen, organisieren, kontrollieren und beurteilen kann.</P><P>(2) Bei der Prüfung soll der Prüfling zeigen, dass er die entsprechenden Maßnahmen unter Beachtung von Wirtschaftlichkeit, der Anforderungen des Marktes, berufsbezogener Rechtsvorschriften, der Erfordernisse des Pflanzenschutzes, des Umwelt- und Naturschutzes, der Arbeitssicherheit, der Nachhaltigkeit sowie des Verbraucher- und Gesundheitsschutzes als Führungskraft durchführen kann.</P><P>(3) Die Prüfung erstreckt sich auf folgende Inhalte: <DL Type="arabic"><DT>1.</DT><DD Font="normal"><LA>Planen, Organisieren und Beurteilen der Pflanzenkultur, Verfahrenstechnik, Untersuchungstechnik und Dienstleistung sowie des Personal- und Technikeinsatzes, jeweils unter Beachtung der Betriebs- und Marktverhältnisse,</LA></DD><DT>2.</DT><DD Font="normal"><LA>Entscheiden über Art und Zeitpunkt von Maßnahmen und Arbeiten in der Pflanzenkultur, Verfahrenstechnik, Untersuchungstechnik und Dienstleistung, jeweils unter Berücksichtigung vor- und nachgelagerter Arbeiten und Prozesse,</LA></DD><DT>3.</DT><DD Font="normal"><LA>Durchführen, Kontrollieren und Bewerten von Maßnahmen und Arbeiten bei der Pflanzenkultur, Verfahrenstechnik, Untersuchungstechnik und bei Dienstleistungen, jeweils unter Beachtung von Nachhaltigkeitsaspekten, der Anforderungen des Marktes, der Belange des Arbeits- und Gesundheitsschutzes und der Unfallverhütung,</LA></DD><DT>4.</DT><DD Font="normal"><LA>Vermarkten von Produkten und Dienstleistungen,</LA></DD><DT>5.</DT><DD Font="normal"><LA>Entwickeln von Qualitäts- und Nachhaltigkeitsstandards,</LA></DD><DT>6.</DT><DD Font="normal"><LA>Durchführen von Maßnahmen zur Qualitätssicherung,</LA></DD><DT>7.</DT><DD Font="normal"><LA>Kontrollieren, Beurteilen und Optimieren von betrieblichen Abläufen,</LA></DD><DT>8.</DT><DD Font="normal"><LA>Sicherstellen des Arbeits- und Gesundheitsschutzes,</LA></DD><DT>9.</DT><DD Font="normal"><LA>Berücksichtigen der relevanten rechtlichen Bestimmungen sowie</LA></DD><DT>10.</DT><DD Font="normal"><LA>Sicherstellen der erforderlichen Dokumentation und Aufzeichnungen.</LA></DD></DL></P></Content></text></textdaten></norm>
<norm builddate="20180102214118" doknr="BJNR381500017BJNE000700000"><metadaten><jurabk>PflanzentechMeistPrV</jurabk><enbez>§ 5</enbez><titel format="XML">Struktur der Prüfung</titel></metadaten><textdaten><text format="XML"><Content><P>Die Prüfung besteht aus <DL Type="arabic"><DT>1.</DT><DD Font="normal"><LA>einem Arbeitsprojekt nach § 6 sowie</LA></DD><DT>2.</DT><DD Font="normal"><LA>einer schriftlichen Prüfung nach § 7.</LA></DD></DL></P></Content></text></textdaten></norm>
<norm builddate="20180102214118" doknr="BJNR381500017BJNE000800000"><metadaten><jurabk>PflanzentechMeistPrV</jurabk><enbez>§ 6</enbez><titel format="XML">Arbeitsprojekt</titel></metadaten><textdaten><text format="XML"><Content><P>(1) Mit der Durchführung des Arbeitsprojekts soll der Prüfling nachweisen, dass er in der Lage ist, ausgehend von konkreten betrieblichen Situationen die komplexen Zusammenhänge der Pflanzenkultur, Verfahrenstechnik, Untersuchungstechnik und Dienstleistung zu erfassen und zu analysieren sowie Lösungsvorschläge für betriebliche Probleme zu erstellen und umzusetzen.</P><P>(2) Die Aufgabe für das Arbeitsprojekt soll sich auf den laufenden Betrieb eines Unternehmens der Pflanzenzüchtung, des pflanzenbaulichen Untersuchungswesens, der Pflanzenkultur oder der Pflanzenuntersuchung beziehen und für dessen weitere Entwicklung von Bedeutung sein. Bei der Wahl der Aufgabe für das Projekt sollen Vorschläge des Prüflings berücksichtigt werden.</P><P>(3) Stellt der Prüfungsausschuss fest, dass das geplante Arbeitsprojekt in dem gewählten Unternehmen nicht durchgeführt werden kann, so hat er in Abstimmung mit dem Prüfling eine gleichwertige Aufgabe für ein Arbeitsprojekt in einem geeigneten Unternehmen zu stellen.</P><P>(4) Der Prüfling hat das Arbeitsprojekt schriftlich zu planen, den Verlauf der Bearbeitung sowie die Ergebnisse zu dokumentieren und in einem Fachgespräch zu erläutern. Das Fachgespräch erstreckt sich auf den Verlauf und die Ergebnisse des Arbeitsprojekts sowie auf die Prüfungsinhalte nach § 4 Absatz 3.</P><P>(5) Für die Durchführung des Arbeitsprojekts steht dem Prüfling ein Zeitraum von zwölf Monaten zur Verfügung. Das Fachgespräch soll nicht länger als 90 Minuten dauern.</P></Content></text></textdaten></norm>
<norm builddate="20180102214118" doknr="BJNR381500017BJNE000900000"><metadaten><jurabk>PflanzentechMeistPrV</jurabk><enbez>§ 7</enbez><titel format="XML">Schriftliche Prüfung</titel></metadaten><textdaten><text format="XML"><Content><P>(1) Die schriftliche Prüfung besteht aus einer unter Aufsicht anzufertigenden Arbeit mit komplexen praxisbezogenen Aufgaben aus den Prüfungsinhalten nach § 4 Absatz 3.</P><P>(2) Die Bearbeitungszeit für die schriftliche Prüfung beträgt 180 Minuten.</P></Content></text></textdaten></norm>
<norm builddate="20180102214118" doknr="BJNR381500017BJNG000300000"><metadaten><jurabk>PflanzentechMeistPrV</jurabk><gliederungseinheit><gliederungskennzahl>030</gliederungskennzahl><gliederungsbez>Abschnitt 3</gliederungsbez><gliederungstitel>Prüfungsteil Betriebs- und Unternehmensführung</gliederungstitel></gliederungseinheit></metadaten><textdaten/></norm>
<norm builddate="20180102214118" doknr="BJNR381500017BJNE001000000"><metadaten><jurabk>PflanzentechMeistPrV</jurabk><enbez>§ 8</enbez><titel format="XML">Anforderungen und Prüfungsinhalte</titel></metadaten><textdaten><text format="XML"><Content><P>(1) Im Prüfungsteil Betriebs- und Unternehmensführung soll der Prüfling nachweisen, dass er wirtschaftliche, rechtliche und soziale Zusammenhänge im Betrieb erkennen, analysieren und beurteilen sowie Entwicklungsmöglichkeiten aufzeigen kann.</P><P>(2) Die Prüfung erstreckt sich auf folgende Inhalte: <DL Type="arabic"><DT>1.</DT><DD Font="normal"><LA>Einordnen und Beurteilen der Rahmenbedingungen und der Struktur von Betrieben der Pflanzenzüchtung, des pflanzenbaulichen Untersuchungswesens, der Pflanzenkultur und der Pflanzenuntersuchung,</LA></DD><DT>2.</DT><DD Font="normal"><LA>Kontrollieren und Bewerten von Prozessen, Produkten und Dienstleistungen,</LA></DD><DT>3.</DT><DD Font="normal"><LA>Erfassen, Analysieren und Bewerten von Betriebsergebnissen,</LA></DD><DT>4.</DT><DD Font="normal"><LA>Planen der Betriebsentwicklung, insbesondere unter Beachtung von Investition und Finanzierung,</LA></DD><DT>5.</DT><DD Font="normal"><LA>Analysieren von Liquidität, Rentabilität und Stabilität,</LA></DD><DT>6.</DT><DD Font="normal"><LA>Bewerten von Betriebs- und Arbeitsorganisation,</LA></DD><DT>7.</DT><DD Font="normal"><LA>Beobachten und Bewerten von Märkten,</LA></DD><DT>8.</DT><DD Font="normal"><LA>Erarbeiten und Anwenden von Vermarktungskonzepten,</LA></DD><DT>9.</DT><DD Font="normal"><LA>Beurteilen und Anwenden von Maßnahmen der Kommunikation und der Öffentlichkeitsarbeit,</LA></DD><DT>10.</DT><DD Font="normal"><LA>Anwenden berufsbezogener Rechtsvorschriften sowie</LA></DD><DT>11.</DT><DD Font="normal"><LA>Anwenden der betriebswirtschaftlichen Buchführung und der steuerlichen Buchführung unter Beachtung von Steuerarten und -verfahren.</LA></DD></DL></P></Content></text></textdaten></norm>
<norm builddate="20180102214118" doknr="BJNR381500017BJNE001100000"><metadaten><jurabk>PflanzentechMeistPrV</jurabk><enbez>§ 9</enbez><titel format="XML">Struktur der Prüfung</titel></metadaten><textdaten><text format="XML"><Content><P>Die Prüfung besteht aus <DL Type="arabic"><DT>1.</DT><DD Font="normal"><LA>einem Arbeitsprojekt nach § 10 sowie</LA></DD><DT>2.</DT><DD Font="normal"><LA>einer schriftlichen Prüfung nach § 11.</LA></DD></DL></P></Content></text></textdaten></norm>
<norm builddate="20180102214118" doknr="BJNR381500017BJNE001200000"><metadaten><jurabk>PflanzentechMeistPrV</jurabk><enbez>§ 10</enbez><titel format="XML">Arbeitsprojekt</titel></metadaten><textdaten><text format="XML"><Content><P>(1) Im Arbeitsprojekt soll der Prüfling eine komplexe betriebswirtschaftliche Aufgabe in einem Betrieb der Pflanzenzüchtung, des pflanzenbaulichen Untersuchungswesens, der Pflanzenkultur und der Pflanzenuntersuchung bearbeiten. Das Projekt soll für die weitere Entwicklung des Gesamtbetriebes oder eines wesentlichen Teils des Betriebes von Bedeutung sein. Bei der Wahl der Aufgabe sollen Vorschläge des Prüflings berücksichtigt werden.</P><P>(2) Stellt der Prüfungsausschuss fest, dass das geplante Arbeitsprojekt in dem gewählten Betrieb nicht durchgeführt werden kann, so hat er in Abstimmung mit dem Prüfling eine gleichwertige Aufgabe für ein Arbeitsprojekt in einem geeigneten Betrieb zu stellen.</P><P>(3) Das Arbeitsprojekt soll auf betriebswirtschaftlichen Aufzeichnungen eines Betriebes aufbauen; diese sind nicht Gegenstand der Bewertung.</P><P>(4) Der Prüfling hat das Arbeitsprojekt schriftlich zu planen, die Bearbeitung des Projekts sowie die Ergebnisse zu dokumentieren und in einem Fachgespräch zu erläutern. Das Fachgespräch erstreckt sich auf den Verlauf und die Ergebnisse des Arbeitsprojekts sowie auf die Prüfungsinhalte nach § 8 Absatz 2.</P><P>(5) Für die Durchführung des Arbeitsprojekts steht dem Prüfling ein Zeitraum von sechs Monaten zur Verfügung. Das Fachgespräch soll nicht länger als 45 Minuten dauern.</P></Content></text></textdaten></norm>
<norm builddate="20180102214118" doknr="BJNR381500017BJNE001300000"><metadaten><jurabk>PflanzentechMeistPrV</jurabk><enbez>§ 11</enbez><titel format="XML">Schriftliche Prüfung</titel></metadaten><textdaten><text format="XML"><Content><P>(1) Die schriftliche Prüfung besteht aus einer unter Aufsicht anzufertigenden Arbeit mit komplexen praxisbezogenen Aufgaben aus den Prüfungsinhalten nach § 8 Absatz 2.</P><P>(2) Die Bearbeitungszeit für die schriftliche Prüfung beträgt 180 Minuten.</P></Content></text></textdaten></norm>
<norm builddate="20180102214118" doknr="BJNR381500017BJNG000400000"><metadaten><jurabk>PflanzentechMeistPrV</jurabk><gliederungseinheit><gliederungskennzahl>040</gliederungskennzahl><gliederungsbez>Abschnitt 4</gliederungsbez><gliederungstitel>Prüfungsteil Berufsausbildung und Mitarbeiterführung</gliederungstitel></gliederungseinheit></metadaten><textdaten/></norm>
<norm builddate="20180102214118" doknr="BJNR381500017BJNE001400000"><metadaten><jurabk>PflanzentechMeistPrV</jurabk><enbez>§ 12</enbez><titel format="XML">Anforderungen und Handlungsfelder</titel></metadaten><textdaten><text format="XML"><Content><P>(1) Im Prüfungsteil Berufsausbildung und Mitarbeiterführung soll der Prüfling nachweisen, dass er Zusammenhänge der Berufsbildung und Mitarbeiterführung erkennen, Auszubildende ausbilden und Mitarbeiter und Mitarbeiterinnen führen kann sowie dass er über entsprechende fachliche, methodische und didaktische Fähigkeiten verfügt.</P><P>(2) Der Nachweis der Qualifikation nach Absatz 1 ist in folgenden Handlungsfeldern zu führen: <DL Type="arabic"><DT>1.</DT><DD Font="normal"><LA>Ausbildungsvoraussetzungen prüfen und Ausbildung planen,</LA></DD><DT>2.</DT><DD Font="normal"><LA>Ausbildung vorbereiten und Auszubildende einstellen,</LA></DD><DT>3.</DT><DD Font="normal"><LA>Ausbildung durchführen,</LA></DD><DT>4.</DT><DD Font="normal"><LA>Ausbildung abschließen,</LA></DD><DT>5.</DT><DD Font="normal"><LA>Personalbedarf ermitteln, Mitarbeiter und Mitarbeiterinnen auswählen, einstellen und Aufgaben auf diese übertragen sowie</LA></DD><DT>6.</DT><DD Font="normal"><LA>Mitarbeiter und Mitarbeiterinnen anleiten, führen, fördern und motivieren sowie deren berufliche Weiterbildung unterstützen.</LA></DD></DL></P><P>(3) Das Handlungsfeld nach Absatz 2 Nummer 1 umfasst folgende Kompetenzen: <DL Type="arabic"><DT>1.</DT><DD Font="normal"><LA>die Vorteile und den Nutzen betrieblicher Ausbildung darstellen und begründen,</LA></DD><DT>2.</DT><DD Font="normal"><LA>Planungen hinsichtlich des betrieblichen Ausbildungsbedarfs auf der Grundlage der rechtlichen, tarifvertraglichen und betrieblichen Rahmenbedingungen durchführen und Entscheidungen treffen,</LA></DD><DT>3.</DT><DD Font="normal"><LA>die Strukturen des Berufsbildungssystems und seine Schnittstellen darstellen,</LA></DD><DT>4.</DT><DD Font="normal"><LA>Ausbildungsberufe für den Betrieb auswählen und die Auswahl begründen,</LA></DD><DT>5.</DT><DD Font="normal"><LA>die Eignung des Betriebes für die ausgewählten Ausbildungsberufe prüfen sowie prüfen, ob und inwieweit Ausbildungsinhalte durch Maßnahmen außerhalb der Ausbildungsstätte, insbesondere durch Ausbildung im Verbund sowie durch überbetriebliche und außerbetriebliche Ausbildung, vermittelt werden müssen,</LA></DD><DT>6.</DT><DD Font="normal"><LA>die Möglichkeiten des Einsatzes von auf die Berufsausbildung vorbereitenden Maßnahmen einschätzen sowie</LA></DD><DT>7.</DT><DD Font="normal"><LA>die Aufgaben der an der Ausbildung Mitwirkenden unter Berücksichtigung ihrer Funktionen und Qualifikationen im Betrieb abstimmen.</LA></DD></DL></P><P>(4) Das Handlungsfeld nach Absatz 2 Nummer 2 umfasst folgende Kompetenzen: <DL Type="arabic"><DT>1.</DT><DD Font="normal"><LA>auf der Grundlage einer Ausbildungsordnung einen betrieblichen Ausbildungsplan erstellen, der sich insbesondere an berufstypischen Arbeits- und Geschäftsprozessen orientiert,</LA></DD><DT>2.</DT><DD Font="normal"><LA>die Möglichkeiten der Mitwirkung und Mitbestimmung der betrieblichen Interessenvertretungen in der Berufsbildung berücksichtigen,</LA></DD><DT>3.</DT><DD Font="normal"><LA>den Kooperationsbedarf ermitteln und sich inhaltlich sowie organisatorisch mit den Kooperationspartnern, insbesondere mit der Berufsschule, abstimmen,</LA></DD><DT>4.</DT><DD Font="normal"><LA>Kriterien und Verfahren zur Auswahl von Auszubildenden, auch unter Berücksichtigung ihrer Verschiedenartigkeit, anwenden,</LA></DD><DT>5.</DT><DD Font="normal"><LA>den Berufsausbildungsvertrag vorbereiten und die Eintragung des Vertrags bei der zuständigen Stelle veranlassen sowie</LA></DD><DT>6.</DT><DD Font="normal"><LA>die Möglichkeit prüfen, ob Teile der Berufsausbildung im Ausland durchgeführt werden können.</LA></DD></DL></P><P>(5) Das Handlungsfeld nach Absatz 2 Nummer 3 umfasst folgende Kompetenzen: <DL Type="arabic"><DT>1.</DT><DD Font="normal"><LA>lernförderliche Bedingungen und eine motivierende Lernkultur schaffen, Rückmeldungen geben und empfangen,</LA></DD><DT>2.</DT><DD Font="normal"><LA>die Probezeit organisieren, gestalten und bewerten,</LA></DD><DT>3.</DT><DD Font="normal"><LA>aus dem betrieblichen Ausbildungsplan und den berufstypischen Arbeits- und Geschäftsprozessen betriebliche Lern- und Arbeitsaufgaben entwickeln und gestalten,</LA></DD><DT>4.</DT><DD Font="normal"><LA>Ausbildungsmethoden und -medien zielgruppengerecht auswählen und situationsspezifisch einsetzen,</LA></DD><DT>5.</DT><DD Font="normal"><LA>Auszubildende bei Lernschwierigkeiten durch individuelle Gestaltung der Ausbildung und Lernberatung unterstützen, bei Bedarf ausbildungsunterstützende Hilfen einsetzen und die Möglichkeit zur Verlängerung der Ausbildungszeit prüfen,</LA></DD><DT>6.</DT><DD Font="normal"><LA>Auszubildenden zusätzliche Ausbildungsangebote, insbesondere in Form von Zusatzqualifikationen, machen und die Möglichkeit der Verkürzung der Ausbildungsdauer und die der vorzeitigen Zulassung zur Abschlussprüfung prüfen,</LA></DD><DT>7.</DT><DD Font="normal"><LA>die soziale und persönliche Entwicklung von Auszubildenden fördern, Probleme und Konflikte rechtzeitig erkennen und gegebenenfalls auf Lösungen hinwirken,</LA></DD><DT>8.</DT><DD Font="normal"><LA>Leistungen feststellen und bewerten, Leistungsbeurteilungen Dritter und Prüfungsergebnisse auswerten, Beurteilungsgespräche führen, Rückschlüsse für den weiteren Ausbildungsverlauf ziehen sowie</LA></DD><DT>9.</DT><DD Font="normal"><LA>interkulturelle Kompetenzen fördern.</LA></DD></DL></P><P>(6) Das Handlungsfeld nach Absatz 2 Nummer 4 umfasst folgende Kompetenzen: <DL Type="arabic"><DT>1.</DT><DD Font="normal"><LA>Auszubildende auf die Abschlussprüfung unter Berücksichtigung der Prüfungstermine vorbereiten und die Ausbildung zu einem erfolgreichen Abschluss führen,</LA></DD><DT>2.</DT><DD Font="normal"><LA>für die Anmeldung der Auszubildenden zu Prüfungen bei der zuständigen Stelle sorgen und die zuständige Stelle auf Besonderheiten hinweisen, die für die Durchführung der Prüfung relevant sind,</LA></DD><DT>3.</DT><DD Font="normal"><LA>an der Erstellung eines schriftlichen Zeugnisses auf der Grundlage von Leistungsbeurteilungen mitwirken sowie</LA></DD><DT>4.</DT><DD Font="normal"><LA>Auszubildende über betriebliche Entwicklungswege und berufliche Weiterbildungsmöglichkeiten informieren und beraten.</LA></DD></DL></P><P>(7) Das Handlungsfeld nach Absatz 2 Nummer 5 umfasst folgende Kompetenzen: <DL Type="arabic"><DT>1.</DT><DD Font="normal"><LA>rechtliche Grundlagen des Arbeits-, Tarif- und Sozialrechts im Betrieb umsetzen,</LA></DD><DT>2.</DT><DD Font="normal"><LA>Konzepte der Personalplanung anwenden,</LA></DD><DT>3.</DT><DD Font="normal"><LA>Mitarbeiter und Mitarbeiterinnen auswählen, einstellen und einarbeiten,</LA></DD><DT>4.</DT><DD Font="normal"><LA>Leistungsfähigkeit, Qualifikation und Eignung von Mitarbeitern und Mitarbeiterinnen beurteilen und Aufgaben auf diese entsprechend der Beurteilung übertragen,</LA></DD><DT>5.</DT><DD Font="normal"><LA>zur Krankheitsprävention anleiten und Maßnahmen der Krankheitsprävention organisieren sowie</LA></DD><DT>6.</DT><DD Font="normal"><LA>die Beendigung von Arbeitsverhältnissen durchführen.</LA></DD></DL></P><P>(8) Das Handlungsfeld nach Absatz 2 Nummer 6 umfasst folgende Kompetenzen: <DL Type="arabic"><DT>1.</DT><DD Font="normal"><LA>Mitarbeiter und Mitarbeiterinnen anleiten, Leistungen und Verhalten gegebenenfalls unter Hinzuziehung von Leistungsbeurteilungen Dritter feststellen und bewerten,</LA></DD><DT>2.</DT><DD Font="normal"><LA>Mitarbeiter- und Beurteilungsgespräche führen und Entwicklungsmöglichkeiten aufzeigen,</LA></DD><DT>3.</DT><DD Font="normal"><LA>Mitarbeiter und Mitarbeiterinnen motivieren und fördern,</LA></DD><DT>4.</DT><DD Font="normal"><LA>Mitarbeiter und Mitarbeiterinnen qualifizieren und bei der Weiterbildung unterstützen,</LA></DD><DT>5.</DT><DD Font="normal"><LA>soziale Zusammenhänge und Konflikte erkennen,</LA></DD><DT>6.</DT><DD Font="normal"><LA>Maßnahmen zur Konfliktbewältigung anwenden, Teamarbeit organisieren und unterstützen sowie</LA></DD><DT>7.</DT><DD Font="normal"><LA>Führungsstile kennen und das eigene Führungsverhalten kritisch beurteilen.</LA></DD></DL></P></Content></text></textdaten></norm>
<norm builddate="20180102214118" doknr="BJNR381500017BJNE001500000"><metadaten><jurabk>PflanzentechMeistPrV</jurabk><enbez>§ 13</enbez><titel format="XML">Struktur der Prüfung</titel></metadaten><textdaten><text format="XML"><Content><P>(1) Der Prüfungsteil Berufsausbildung und Mitarbeiterführung gliedert sich in folgende Abschnitte: <DL Type="arabic"><DT>1.</DT><DD Font="normal"><LA>Berufsausbildung und</LA></DD><DT>2.</DT><DD Font="normal"><LA>Mitarbeiterführung.</LA></DD></DL></P><P>(2) Die Prüfung im Abschnitt Berufsausbildung beinhaltet <DL Type="arabic"><DT>1.</DT><DD Font="normal"><LA>einen praktischen Teil (§ 14) und</LA></DD><DT>2.</DT><DD Font="normal"><LA>einen schriftlichen Teil (§ 15).</LA></DD></DL></P><P>(3) Die Prüfung im Abschnitt Mitarbeiterführung besteht aus einer Fallstudie (§ 16).</P></Content></text></textdaten></norm>
<norm builddate="20180102214118" doknr="BJNR381500017BJNE001600000"><metadaten><jurabk>PflanzentechMeistPrV</jurabk><enbez>§ 14</enbez><titel format="XML">Praktischer Teil</titel></metadaten><textdaten><text format="XML"><Content><P>(1) Der praktische Teil besteht aus der Durchführung einer Ausbildungssituation und einem Fachgespräch.</P><P>(2) Die Ausbildungssituation ist vom Prüfling in Abstimmung mit dem Prüfungsausschuss zu wählen. Sie ist schriftlich zu planen und praktisch durchzuführen. Wahl, Gestaltung und Durchführung der Ausbildungssituation sind im Fachgespräch zu erläutern.</P><P>(3) Für die schriftliche Planung der Ausbildungssituation steht ein Zeitraum von sieben Tagen zur Verfügung. Für die praktische Durchführung der Ausbildungssituation stehen 60 Minuten zur Verfügung. Das Fachgespräch soll nicht länger als 30 Minuten dauern.</P></Content></text></textdaten></norm>
<norm builddate="20180102214118" doknr="BJNR381500017BJNE001700000"><metadaten><jurabk>PflanzentechMeistPrV</jurabk><enbez>§ 15</enbez><titel format="XML">Schriftlicher Teil</titel></metadaten><textdaten><text format="XML"><Content><P>(1) Im schriftlichen Teil soll der Prüfling fallbezogene Aufgaben unter Aufsicht bearbeiten. Die Aufgaben sollen sich auf die in § 12 Absatz 3 bis 6 beschriebenen Kompetenzen beziehen.</P><P>(2) Die Bearbeitungszeit für den schriftlichen Teil beträgt 150 Minuten.</P></Content></text></textdaten></norm>
<norm builddate="20180102214118" doknr="BJNR381500017BJNE001800000"><metadaten><jurabk>PflanzentechMeistPrV</jurabk><enbez>§ 16</enbez><titel format="XML">Fallstudie</titel></metadaten><textdaten><text format="XML"><Content><P>(1) In der Fallstudie soll der Prüfling eine Situation der Mitarbeiterführung bearbeiten. Die Situation wird vom Prüfungsausschuss vorgegeben und muss sich auf die in § 12 Absatz 7 und 8 beschriebenen Kompetenzen beziehen.</P><P>(2) Der Prüfling soll die vorgegebene Situation analysieren, Handlungsoptionen entwickeln, diese schriftlich darlegen und in einem Fachgespräch erläutern.</P><P>(3) Für die Bearbeitung der Fallstudie stehen 120 Minuten zur Verfügung. Das Fachgespräch soll nicht länger als 30 Minuten dauern.</P></Content></text></textdaten></norm>
<norm builddate="20180102214118" doknr="BJNR381500017BJNG000500000"><metadaten><jurabk>PflanzentechMeistPrV</jurabk><gliederungseinheit><gliederungskennzahl>050</gliederungskennzahl><gliederungsbez>Abschnitt 5</gliederungsbez><gliederungstitel>Befreiung von Prüfungsleistungen, Bewertungen in den Prüfungen, Bestehens- und Zeugnisregelungen</gliederungstitel></gliederungseinheit></metadaten><textdaten/></norm>
<norm builddate="20180102214118" doknr="BJNR381500017BJNE001900000"><metadaten><jurabk>PflanzentechMeistPrV</jurabk><enbez>§ 17</enbez><titel format="XML">Befreiung von Prüfungsleistungen</titel></metadaten><textdaten><text format="XML"><Content><P>Für die Befreiung von einzelnen Prüfungsteilen nach § 3 oder von Prüfungen nach den §§ 6 und 7, den §§ 10 und 11 sowie den §§ 14 bis 16 ist § 56 Absatz 2 des Berufsbildungsgesetzes entsprechend anzuwenden.</P></Content></text></textdaten></norm>
<norm builddate="20180102214118" doknr="BJNR381500017BJNE002000000"><metadaten><jurabk>PflanzentechMeistPrV</jurabk><enbez>§ 18</enbez><titel format="XML">Bewertungen in den Prüfungen</titel></metadaten><textdaten><text format="XML"><Content><P>(1) Die drei Prüfungsteile nach § 3 sind gesondert zu bewerten.</P><P>(2) Für die Bewertung des Prüfungsteils „Pflanzenkultur, Verfahrenstechnik, Untersuchungstechnik und Dienstleistung“ ist eine Note aus der Bewertung des Arbeitsprojekts (§ 6) und der Bewertung der schriftlichen Prüfung (§ 7) nach folgender Formel zu bilden: <BR/><BR/><table frame="none" pgwide="1" tocentry="%yes;"><tgroup align="left" char="" charoff="50" cols="2"><colspec align="center" colname="col1" colsep="0" colwidth="161.45*"/><colspec align="left" colname="col2" colwidth="3.55*"/><tbody valign="top"><row><entry VJ="1" colsep="1" nameend="col2" namest="col1"><IMG Align="center" Height="23" Pos="block" SRC="bgbl1_2017_j3815-1_0010.jpg" Type="jpg" Units="72" Width="353" alt=""/> .</entry></row></tbody></tgroup></table></P><P>(3) Für die Bewertung des Prüfungsteils „Betriebs- und Unternehmensführung“ ist eine Note aus der Bewertung des Arbeitsprojekts (§ 10) und der Bewertung der schriftlichen Prüfung (§ 11) nach folgender Formel zu bilden: <BR/><BR/><table frame="none" pgwide="1" tocentry="%yes;"><tgroup align="left" char="" charoff="50" cols="2"><colspec align="center" colname="col1" colsep="0" colwidth="160.53*"/><colspec align="left" colname="col2" colwidth="4.47*"/><tbody valign="top"><row><entry VJ="1" colsep="1" nameend="col2" namest="col1"><IMG Align="center" Height="23" Pos="block" SRC="bgbl1_2017_j3815-1_0020.jpg" Type="jpg" Units="72" Width="353" alt=""/> .</entry></row></tbody></tgroup></table></P><P>(4) Im Prüfungsteil „Berufsausbildung und Mitarbeiterführung“ ist zunächst eine Note für die Bewertung des Abschnitts „Berufsausbildung“ aus der Bewertung des praktischen Teils (§ 14) und der Bewertung des schriftlichen Teils (§ 15) nach folgender Formel zu bilden: <BR/><BR/><table frame="none" pgwide="1" tocentry="%yes;"><tgroup align="left" char="" charoff="50" cols="2"><colspec align="center" colname="col1" colsep="0" colwidth="161.50*"/><colspec align="left" colname="col2" colwidth="3.50*"/><tbody valign="top"><row><entry VJ="1" colsep="1" nameend="col2" namest="col1"><IMG Align="center" Height="23" Pos="block" SRC="bgbl1_2017_j3815-1_0030.jpg" Type="jpg" Units="72" Width="353" alt=""/> .</entry></row></tbody></tgroup></table>Anschließend ist für die Bewertung des Prüfungsteils „Berufsausbildung und Mitarbeiterführung“ eine Note aus der Bewertung der Leistung im Abschnitt „Berufsausbildung“ nach Satz 1 und der Bewertung der Fallstudie (§ 16) nach folgender Formel zu bilden: <BR/><BR/><table frame="none" pgwide="1" tocentry="%yes;"><tgroup align="left" char="" charoff="50" cols="2"><colspec align="center" colname="col1" colsep="0" colwidth="160.53*"/><colspec align="left" colname="col2" colwidth="3*"/><tbody valign="top"><row><entry VJ="1" colsep="1" nameend="col2" namest="col1"><IMG Align="center" Height="23" Pos="block" SRC="bgbl1_2017_j3815-1_0040.jpg" Type="jpg" Units="72" Width="353" alt=""/> .</entry></row></tbody></tgroup></table></P><P>(5) Über die Gesamtleistung in der Prüfung ist eine Note zu bilden; sie wird als arithmetisches Mittel aus den Noten für die einzelnen Prüfungsteile errechnet. Im Falle der Befreiung von einzelnen Prüfungsbestandteilen nach § 17 entfällt diese Verpflichtung.</P></Content></text></textdaten></norm>
<norm builddate="20180102214118" doknr="BJNR381500017BJNE002100000"><metadaten><jurabk>PflanzentechMeistPrV</jurabk><enbez>§ 19</enbez><titel format="XML">Bestehen der Meisterprüfung</titel></metadaten><textdaten><text format="XML"><Content><P>(1) Die Prüfung ist bestanden, wenn der Prüfling in jedem Prüfungsteil (§ 3) mindestens die Note „ausreichend“ erzielt hat.</P><P>(2) Die Prüfung ist nicht bestanden, wenn in der gesamten Prüfung mindestens <DL Type="arabic"><DT>1.</DT><DD Font="normal"><LA>eine der Leistungen in den Prüfungen nach den §§ 6 und 7, den §§ 10 und 11 sowie den §§ 14 bis 16 mit „ungenügend“ benotet worden ist oder</LA></DD><DT>2.</DT><DD Font="normal"><LA>mehr als eine dieser Leistungen mit „mangelhaft“ benotet worden ist.</LA></DD></DL></P><P>(3) Ist die Meisterprüfung bestanden, stellt die zuständige Stelle darüber ein Zeugnis aus.</P><P>(4) Im Fall des Bestehens stellt die zuständige Stelle für jeden Prüfling ein weiteres Zeugnis aus, in dem mindestens anzugeben sind: <DL Type="arabic"><DT>1.</DT><DD Font="normal"><LA>die Ergebnisse der Leistungen aus den einzelnen Prüfungen nach den §§ 6 und 7, den §§ 10 und 11 sowie den §§ 14 bis 16 und</LA></DD><DT>2.</DT><DD Font="normal"><LA>Befreiungen nach § 17, wobei jede Befreiung mit Ort, Datum und der Bezeichnung des Prüfungsgremiums der anderweitig abgelegten Prüfung anzugeben ist.</LA></DD></DL></P></Content></text></textdaten></norm>
<norm builddate="20180102214118" doknr="BJNR381500017BJNG000600000"><metadaten><jurabk>PflanzentechMeistPrV</jurabk><gliederungseinheit><gliederungskennzahl>060</gliederungskennzahl><gliederungsbez>Abschnitt 6</gliederungsbez><gliederungstitel>Ergänzungs- und Wiederholungsprüfung</gliederungstitel></gliederungseinheit></metadaten><textdaten/></norm>
<norm builddate="20180102214118" doknr="BJNR381500017BJNE002200000"><metadaten><jurabk>PflanzentechMeistPrV</jurabk><enbez>§ 20</enbez><titel format="XML">Mündliche Ergänzungsprüfung</titel></metadaten><textdaten><text format="XML"><Content><P>(1) Die Prüfungen nach den §§ 7, 11 und 15 sind jeweils durch eine mündliche Prüfung zu ergänzen, wenn diese für das Bestehen der Prüfung insgesamt ausschlaggebend sein kann.</P><P>(2) Die Ergänzungsprüfung soll jeweils nicht länger als 30 Minuten dauern.</P><P>(3) Für die Ermittlung des Ergebnisses sind jeweils die bisherige Note der Prüfung und die Note der mündlichen Ergänzungsprüfung im Verhältnis 2:1 zu gewichten.</P></Content></text></textdaten></norm>
<norm builddate="20180102214118" doknr="BJNR381500017BJNE002300000"><metadaten><jurabk>PflanzentechMeistPrV</jurabk><enbez>§ 21</enbez><titel format="XML">Wiederholung der Meisterprüfung</titel></metadaten><textdaten><text format="XML"><Content><P>(1) Eine Meisterprüfung, die nicht bestanden wurde, kann zweimal wiederholt werden.</P><P>(2) In der Wiederholungsprüfung ist der Prüfling auf Antrag von der Prüfung in einzelnen Prüfungsteilen nach § 3 und in einzelnen Prüfungen nach den §§ 6 und 7, den §§ 10 und 11 sowie den §§ 14 bis 16 zu befreien, wenn <DL Type="arabic"><DT>1.</DT><DD Font="normal"><LA>die entsprechenden Leistungen in einer vorangegangenen Prüfung mindestens mit „ausreichend“ bewertet worden sind und</LA></DD><DT>2.</DT><DD Font="normal"><LA>der Prüfling sich innerhalb von zwei Jahren, gerechnet vom Tag der Feststellung des Ergebnisses der nicht bestandenen Prüfung an, zur Wiederholungsprüfung anmeldet.</LA></DD></DL></P></Content></text></textdaten></norm>
<norm builddate="20180102214118" doknr="BJNR381500017BJNG000700000"><metadaten><jurabk>PflanzentechMeistPrV</jurabk><gliederungseinheit><gliederungskennzahl>070</gliederungskennzahl><gliederungsbez>Abschnitt 7</gliederungsbez><gliederungstitel>Schlussvorschrift</gliederungstitel></gliederungseinheit></metadaten><textdaten/></norm>
<norm builddate="20180102214118" doknr="BJNR381500017BJNE002400000"><metadaten><jurabk>PflanzentechMeistPrV</jurabk><enbez>§ 22</enbez><titel format="XML">Inkrafttreten</titel></metadaten><textdaten><text format="XML"><Content><P>Diese Verordnung tritt am Tag nach der Verkündung in Kraft.</P></Content></text></textdaten></norm>
</dokumente>