<?xml version="1.0" encoding="UTF-8" ?><!DOCTYPE dokumente SYSTEM "http://www.gesetze-im-internet.de/dtd/1.01/gii-norm.dtd">
<dokumente builddate="20120625152335" doknr="BJNR218380956"><norm builddate="20120625152335" doknr="BJNR218380956"><metadaten><jurabk>MoselVtr FRA/LUX</jurabk><ausfertigung-datum manuell="ja">1956-10-27</ausfertigung-datum><fundstelle typ="amtlich"><periodikum>BGBl II</periodikum><zitstelle>1956, 1838</zitstelle></fundstelle><langue>Vertrag zwischen der Bundesrepublik Deutschland, der Französischen
Republik und dem Großherzogtum Luxemburg über die Schiffbarmachung der Mosel</langue></metadaten><textdaten><text format="decorated"/><fussnoten><Content><P>G v. 22.12.1956 II 1837 <BR/>Inkraft gem. Bek. v. 8.1.1957 II 2 mWv 31.12.1956</P></Content></fussnoten></textdaten></norm>
</dokumente>