<?xml version="1.0" encoding="UTF-8" ?><!DOCTYPE dokumente SYSTEM "http://www.gesetze-im-internet.de/dtd/1.01/gii-norm.dtd">
<dokumente builddate="20220201213002" doknr="BJNR002700013"><norm builddate="20220201213002" doknr="BJNR002700013"><metadaten><jurabk>MbauMstrV 2013</jurabk><amtabk>MbauMstrV</amtabk><ausfertigung-datum manuell="ja">2012-12-27</ausfertigung-datum><fundstelle typ="amtlich"><periodikum>BGBl I</periodikum><zitstelle>2013, 27</zitstelle></fundstelle><kurzue>Modellbauermeisterverordnung</kurzue><langue>Verordnung über die Meisterprüfung in den Teilen I und II im Modellbauer-Handwerk</langue><standangabe checked="ja"><standtyp>Stand</standtyp><standkommentar>Geändert durch Art. 2 Abs. 77 V v. 18.1.2022 I 39</standkommentar></standangabe></metadaten><textdaten><fussnoten><Content><P><BR/> <pre xml:space="preserve">(+++ Textnachweis ab: 1.9.2013 +++)<BR/><BR/></pre></P></Content></fussnoten></textdaten></norm>
<norm builddate="20220201213002" doknr="BJNR002700013BJNE000100000"><metadaten><jurabk>MbauMstrV 2013</jurabk><jurabk>MbauMstrV</jurabk><enbez>Eingangsformel</enbez></metadaten><textdaten><text format="XML"><Content><P>Auf Grund des § 51a Absatz 2 der Handwerksordnung, der zuletzt durch Artikel 3 Nummer 3 Buchstabe a des Gesetzes vom 11. Juli 2011 (BGBl. I S. 1341) geändert worden ist, verordnet das Bundesministerium für Wirtschaft und Technologie im Einvernehmen mit dem Bundesministerium für Bildung und Forschung:</P></Content></text></textdaten></norm>
<norm builddate="20220201213002" doknr="BJNR002700013BJNE000200000"><metadaten><jurabk>MbauMstrV 2013</jurabk><jurabk>MbauMstrV</jurabk><enbez>§ 1</enbez><titel format="XML">Gegenstand</titel></metadaten><textdaten><text format="XML"><Content><P>Die Meisterprüfung besteht aus vier selbständigen Prüfungsteilen. Diese Verordnung regelt das Meisterprüfungsberufsbild sowie die Prüfung in den Teilen I und II der Meisterprüfung im Modellbauer-Handwerk.</P></Content></text></textdaten></norm>
<norm builddate="20220201213002" doknr="BJNR002700013BJNE000300000"><metadaten><jurabk>MbauMstrV 2013</jurabk><jurabk>MbauMstrV</jurabk><enbez>§ 2</enbez><titel format="XML">Meisterprüfungsberufsbild</titel></metadaten><textdaten><text format="XML"><Content><P>Im Modellbauer-Handwerk sind zum Zwecke der Meisterprüfung folgende Fertigkeiten und Kenntnisse zum Nachweis der beruflichen Handlungskompetenz zu berücksichtigen: <DL Type="arabic"><DT>1.</DT><DD Font="normal"><LA>auftragsbezogene Kundenanforderungen ermitteln, Kunden beraten, Serviceleistungen anbieten, Auftragsverhandlungen führen und Auftragsziele festlegen, Leistungen kalkulieren und Angebote erstellen, Verträge schließen,</LA></DD><DT>2.</DT><DD Font="normal"><LA>Aufgaben der technischen, kaufmännischen und personalwirtschaftlichen Betriebsführung wahrnehmen, insbesondere unter Berücksichtigung der Betriebsorganisation, der betrieblichen Aus- und Weiterbildung, des Qualitätsmanagements, des Arbeitsschutzrechtes, des Datenschutzes, des Umweltschutzes sowie von Informations- und Kommunikationssystemen,</LA></DD><DT>3.</DT><DD Font="normal"><LA>Auftragsabwicklungsprozesse planen, organisieren und überwachen, Unteraufträge vergeben und deren Durchführung kontrollieren,</LA></DD><DT>4.</DT><DD Font="normal"><LA>Aufträge ausführen, insbesondere unter Berücksichtigung von computergestützten Konstruktions- und Fertigungstechniken, Herstellungsverfahren und Gestaltungsaspekten, berufsbezogenen rechtlichen Vorschriften und technischen Normen sowie der allgemein anerkannten Regeln der Technik, Personal, Material, Maschinen und Geräten sowie von Möglichkeiten zum Einsatz von Auszubildenden,</LA></DD><DT>5.</DT><DD Font="normal"><LA>Bedingungen für den Einsatz der Produkte des Modellbaus in nachfolgenden Produktionsverfahren beim Kunden bewerten und berücksichtigen,</LA></DD><DT>6.</DT><DD Font="normal"><LA>Skizzen, Pläne, Konstruktionen und Zeichnungen, auch unter Einsatz von rechnergestützten Systemen, anfertigen, Datensätze erstellen,</LA></DD><DT>7.</DT><DD Font="normal"><LA>Arten und Eigenschaften zu be- und verarbeitender Werk- und Hilfsstoffe berücksichtigen; Maßnahmen zur Oberflächenbehandlung festlegen und bewerten,</LA></DD><DT>8.</DT><DD Font="normal"><LA>Modelle, Formen und Modelleinrichtungen planen, herstellen und die Herstellung dokumentieren,</LA></DD><DT>9.</DT><DD Font="normal"><LA>Muster, Prototypen und Fertigungseinrichtungen planen, herstellen und die Herstellung dokumentieren,</LA></DD><DT>10.</DT><DD Font="normal"><LA>Prototypen, Modelle, Modell- und Fertigungseinrichtungen bewerten, ändern und instand setzen,</LA></DD><DT>11.</DT><DD Font="normal"><LA>Lehren, Vorrichtungen und Schablonen planen, konstruieren und bewerten,</LA></DD><DT>12.</DT><DD Font="normal"><LA>Antriebs-, Steuerungs- und Regeltechniken Verwendungszwecken zuordnen und die Zuordnung begründen,</LA></DD><DT>13.</DT><DD Font="normal"><LA>Mess- und Prüfverfahren festlegen, technische Messungen und Prüfungen durchführen und Ergebnisse dokumentieren,</LA></DD><DT>14.</DT><DD Font="normal"><LA>Konzepte für Betriebsstätten einschließlich Betriebs- und Lagerausstattung sowie für logistische Prozesse entwickeln und umsetzen,</LA></DD><DT>15.</DT><DD Font="normal"><LA>Qualitätskontrollen durchführen, Fehler, Mängel und Störungen analysieren und beseitigen, Ergebnisse bewerten und dokumentieren,</LA></DD><DT>16.</DT><DD Font="normal"><LA>durchgeführte Leistungen abnehmen und dokumentieren sowie eine Nachkalkulation durchführen und die Auftragsabwicklung auswerten.</LA></DD></DL></P></Content></text></textdaten></norm>
<norm builddate="20220201213002" doknr="BJNR002700013BJNE000400000"><metadaten><jurabk>MbauMstrV 2013</jurabk><jurabk>MbauMstrV</jurabk><enbez>§ 3</enbez><titel format="XML">Ziel und Gliederung des Teils I</titel></metadaten><textdaten><text format="XML"><Content><P>(1) Durch die Prüfung in Teil I hat der Prüfling seine berufliche Handlungskompetenz dadurch nachzuweisen, dass er komplexe berufliche Aufgabenstellungen lösen und dabei Tätigkeiten des Modellbauer-Handwerks meisterhaft verrichten kann.</P><P>(2) Teil I der Meisterprüfung umfasst folgende Prüfungsbereiche: <DL Type="arabic"><DT>1.</DT><DD Font="normal"><LA>ein Meisterprüfungsprojekt und ein darauf bezogenes Fachgespräch,</LA></DD><DT>2.</DT><DD Font="normal"><LA>eine Situationsaufgabe.</LA></DD></DL></P></Content></text></textdaten></norm>
<norm builddate="20220201213002" doknr="BJNR002700013BJNE000500000"><metadaten><jurabk>MbauMstrV 2013</jurabk><jurabk>MbauMstrV</jurabk><enbez>§ 4</enbez><titel format="XML">Meisterprüfungsprojekt</titel></metadaten><textdaten><text format="XML"><Content><P>(1) Der Prüfling hat ein Meisterprüfungsprojekt durchzuführen, das einem Kundenauftrag entspricht. Die auftragsbezogenen Anforderungen werden vom Meisterprüfungsausschuss durch Produktunterlagen für den Gießerei-, Karosserie- und Produktions- sowie Anschauungsmodellbau festgelegt. Vorschläge des Prüflings sollen berücksichtigt werden, wenn sie den auftragsbezogenen Anforderungen entsprechen.</P><P>(2) Das Meisterprüfungsprojekt besteht aus Planungs-, Durchführungs-, Kontroll- und Dokumentationsarbeiten.</P><P>(3) Als Meisterprüfungsprojekt ist ein Modell, eine Form oder eine Modelleinrichtung zu planen. Die Planungsunterlagen bestehen aus Konstruktionen und Kalkulationen. Auf dieser Grundlage ist die Herstellung und Prüfung des Modells, der Form oder der Modelleinrichtung durchzuführen. Dabei sind Fertigungsdaten zu erzeugen und anzuwenden sowie Messprotokolle und Prüfberichte zu erstellen.</P><P>(4) Die Planungsunterlagen werden mit 40 Prozent, die durchgeführten Arbeiten mit 50 Prozent und die Kontroll- und Dokumentationsunterlagen, bestehend aus Messprotokollen und Prüfberichten, mit 10 Prozent gewichtet.</P></Content></text></textdaten></norm>
<norm builddate="20220201213002" doknr="BJNR002700013BJNE000600000"><metadaten><jurabk>MbauMstrV 2013</jurabk><jurabk>MbauMstrV</jurabk><enbez>§ 5</enbez><titel format="XML">Fachgespräch</titel></metadaten><textdaten><text format="XML"><Content><P>Über das abgeschlossene Meisterprüfungsprojekt hat der Prüfling in einem Fachgespräch nachzuweisen, dass er befähigt ist, <DL Type="arabic"><DT>1.</DT><DD Font="normal"><LA>die fachlichen Zusammenhänge aufzuzeigen, die dem Meisterprüfungsprojekt zugrunde liegen,</LA></DD><DT>2.</DT><DD Font="normal"><LA>den Ablauf des Meisterprüfungsprojekts zu begründen,</LA></DD><DT>3.</DT><DD Font="normal"><LA>mit dem Meisterprüfungsprojekt verbundene berufsbezogene Probleme sowie deren Lösungen darzustellen und dabei neue Entwicklungen zu berücksichtigen.</LA></DD></DL></P></Content></text></textdaten></norm>
<norm builddate="20220201213002" doknr="BJNR002700013BJNE000700000"><metadaten><jurabk>MbauMstrV 2013</jurabk><jurabk>MbauMstrV</jurabk><enbez>§ 6</enbez><titel format="XML">Situationsaufgabe</titel></metadaten><textdaten><text format="XML"><Content><P>(1) Die Situationsaufgabe ist auftragsorientiert und vervollständigt den Nachweis der beruflichen Handlungskompetenz für die Meisterprüfung im Modellbauer-Handwerk.</P><P>(2) Als Situationsaufgabe ist unter besonderer Berücksichtigung funktioneller, materialbezogener und fertigungstechnischer Anforderungen ein Produkt herzustellen oder zu ändern oder instand zu setzen und zu prüfen. Für die Aufgabenstellung sind Produkte zu wählen, die nicht Gegenstand des Meisterprüfungsprojekts waren.</P></Content></text></textdaten></norm>
<norm builddate="20220201213002" doknr="BJNR002700013BJNE000800000"><metadaten><jurabk>MbauMstrV 2013</jurabk><jurabk>MbauMstrV</jurabk><enbez>§ 7</enbez><titel format="XML">Prüfungsdauer und Bestehen des Teils I</titel></metadaten><textdaten><text format="XML"><Content><P>(1) Das Meisterprüfungsprojekt dauert 15 Arbeitstage. Das Fachgespräch soll höchstens 30 Minuten und die Situationsaufgabe höchstens acht Stunden dauern.</P><P>(2) Das Meisterprüfungsprojekt, das Fachgespräch und die Situationsaufgabe werden gesondert bewertet. Die Prüfungsleistungen im Meisterprüfungsprojekt und im Fachgespräch werden im Verhältnis 3:1 gewichtet. Hieraus wird eine Gesamtbewertung gebildet. Diese Gesamtbewertung wird zum Prüfungsergebnis der Situationsaufgabe im Verhältnis 2:1 gewichtet.</P><P>(3) Mindestvoraussetzung für das Bestehen des Teils I der Meisterprüfung ist eine insgesamt ausreichende Prüfungsleistung, wobei die Prüfung weder im Meisterprüfungsprojekt noch im Fachgespräch noch in der Situationsaufgabe mit weniger als 30 Punkten bewertet worden sein darf.</P></Content></text></textdaten></norm>
<norm builddate="20220201213002" doknr="BJNR002700013BJNE000900000"><metadaten><jurabk>MbauMstrV 2013</jurabk><jurabk>MbauMstrV</jurabk><enbez>§ 8</enbez><titel format="XML">Ziel, Gliederung und Inhalt des Teils II</titel></metadaten><textdaten><text format="XML"><Content><P>(1) Durch die Prüfung in Teil II hat der Prüfling in den in Absatz 2 Satz 2 Nummer 1 bis 3 genannten Handlungsfeldern seine berufliche Handlungskompetenz dadurch nachzuweisen, dass er besondere fachtheoretische Kenntnisse im Modellbauer-Handwerk zur Lösung komplexer beruflicher Aufgabenstellungen anwendet.</P><P>(2) In jedem der nachfolgend aufgeführten Handlungsfelder ist mindestens eine komplexe fallbezogene Aufgabe zu bearbeiten. Die fallbezogenen Aufgaben sind handwerksspezifisch, wobei die in den Handlungsfeldern nach den Nummern 1 bis 3 aufgeführten Qualifikationen auch handlungsfeldübergreifend verknüpft werden können.<DL Type="arabic"><DT>1.</DT><DD Font="normal"><LA>Konstruktion und Fertigung</LA><LA>Der Prüfling hat nachzuweisen, dass er in der Lage ist, konstruktions- und fertigungstechnische Aufgaben unter Berücksichtigung wirtschaftlicher und ökologischer Aspekte in einem Modellbau-Betrieb zu bearbeiten. Dabei soll er berufsbezogene Sachverhalte analysieren und bewerten. Bei der jeweiligen Aufgabenstellung sollen mehrere der unter den Buchstaben a bis i aufgeführten Qualifikationen verknüpft werden: <DL Type="alpha"><DT>a)</DT><DD Font="normal"><LA>Arten und Konstruktionen von Modellen, Modelleinrichtungen und Formen analysieren und bewerten,</LA></DD><DT>b)</DT><DD Font="normal"><LA>Konstruktions- und Fertigungszeichnungen anfertigen,</LA></DD><DT>c)</DT><DD Font="normal"><LA>technische Daten computergestützt erzeugen, bewerten, Verwendungszwecken zuordnen und Zuordnungen begründen,</LA></DD><DT>d)</DT><DD Font="normal"><LA>Arten und Eigenschaften sowie die Be- und Verarbeitung von Werkstoffen und Werkstoffverbindungen beurteilen; Verwendungszwecken zuordnen,</LA></DD><DT>e)</DT><DD Font="normal"><LA>Produkte des Gießerei-, Karosserie-, Produktions- oder Anschauungsmodellbaus sowie Änderungen planen und bewerten,</LA></DD><DT>f)</DT><DD Font="normal"><LA>Lehren, Vorrichtungen und Schablonen planen, konstruieren und bewerten,</LA></DD><DT>g)</DT><DD Font="normal"><LA>Antriebs-, Steuerungs- und Regeltechniken Verwendungszwecken zuordnen und Zuordnungen begründen,</LA></DD><DT>h)</DT><DD Font="normal"><LA>Mess- und Prüfverfahren anforderungsbezogen festlegen und bewerten,</LA></DD><DT>i)</DT><DD Font="normal"><LA>Maßnahmen zur Oberflächenbehandlung beschreiben und bewerten;</LA></DD></DL></LA></DD><DT>2.</DT><DD Font="normal"><LA>Auftragsabwicklung</LA><LA>Der Prüfling hat nachzuweisen, dass er in der Lage ist, Auftragsabwicklungsprozesse in einem Modellbau-Betrieb, auch unter Anwendung branchenüblicher Software, erfolgs-, kunden- und qualitätsorientiert zu planen, deren Durchführung zu kontrollieren und sie abzuschließen. Bei der jeweiligen Aufgabenstellung sollen mehrere der unter den Buchstaben a bis i aufgeführten Qualifikationen verknüpft werden: <DL Type="alpha"><DT>a)</DT><DD Font="normal"><LA>Möglichkeiten der Auftragsbeschaffung darstellen,</LA></DD><DT>b)</DT><DD Font="normal"><LA>Angebotsunterlagen erstellen und Angebote auswerten, eine Angebotskalkulation durchführen,</LA></DD><DT>c)</DT><DD Font="normal"><LA>Methoden und Verfahren der Arbeitsplanung und -organisation unter Berücksichtigung der Konstruktions- und Fertigungstechnik sowie der Herstellungsverfahren und Instandsetzungstechnik, gestalterischer Aspekte, des Einsatzes von Personal, Material und Geräten bewerten, dabei qualitätssichernde Aspekte darstellen sowie Schnittstellen zwischen Arbeitsbereichen berücksichtigen,</LA></DD><DT>d)</DT><DD Font="normal"><LA>berufsbezogene rechtliche Vorschriften und technische Normen sowie allgemein anerkannte Regeln der Technik anwenden, insbesondere die Haftung bei der Herstellung, der Instandhaltung und bei Dienstleistungen beurteilen,</LA></DD><DT>e)</DT><DD Font="normal"><LA>technische Arbeitspläne, Skizzen und Zeichnungen erarbeiten sowie vorgegebene Arbeitspläne, Skizzen und Zeichnungen bewerten und korrigieren; dabei auch Informations- und Kommunikationssysteme anwenden,</LA></DD><DT>f)</DT><DD Font="normal"><LA>den auftragsbezogenen Einsatz von Werkstoffen, Maschinen und Geräten bestimmen und begründen,</LA></DD><DT>g)</DT><DD Font="normal"><LA>Unteraufträge vergeben und kontrollieren,</LA></DD><DT>h)</DT><DD Font="normal"><LA>Schadensaufnahmen an Maschinen, Geräten und Modellbauprodukten darstellen, Instandsetzungsmethoden vorschlagen, Abwicklung festlegen und begründen,</LA></DD><DT>i)</DT><DD Font="normal"><LA>eine Nachkalkulation durchführen;</LA></DD></DL></LA></DD><DT>3.</DT><DD Font="normal"><LA>Betriebsführung und Betriebsorganisation</LA><LA>Der Prüfling hat nachzuweisen, dass er in der Lage ist, Aufgaben der Betriebsführung und Betriebsorganisation in einem Modellbau-Betrieb unter Berücksichtigung der rechtlichen Vorschriften, auch unter Anwendung von Informations- und Kommunikationssystemen, wahrzunehmen. Bei der jeweiligen Aufgabenstellung sollen mehrere der unter den Buchstaben a bis i aufgeführten Qualifikationen verknüpft werden: <DL Type="alpha"><DT>a)</DT><DD Font="normal"><LA>betriebliche Kosten ermitteln, dabei betriebswirtschaftliche Zusammenhänge berücksichtigen,</LA></DD><DT>b)</DT><DD Font="normal"><LA>betriebliche Kostenstrukturen überprüfen; betriebliche Kennzahlen ermitteln,</LA></DD><DT>c)</DT><DD Font="normal"><LA>Marketingmaßnahmen zur Kundenpflege und zur Gewinnung neuer Kunden vor dem Hintergrund technischer und wirtschaftlicher Entwicklungen erarbeiten,</LA></DD><DT>d)</DT><DD Font="normal"><LA>die Bedeutung des betrieblichen Qualitätsmanagements für den Unternehmenserfolg darstellen, Maßnahmen des Qualitätsmanagements festlegen, Dokumentationen bewerten,</LA></DD><DT>e)</DT><DD Font="normal"><LA>Aufgaben der Personalverwaltung wahrnehmen; die Notwendigkeit der Personalentwicklung, insbesondere in Abhängigkeit von Auftragslage und Auftragsabwicklung, begründen,</LA></DD><DT>f)</DT><DD Font="normal"><LA>betriebsspezifische Maßnahmen zur Einhaltung der arbeitsschutzrechtlichen Bestimmungen und des Umweltschutzes entwickeln; Gefahrenpotenziale beurteilen und Maßnahmen zur Gefahrenvermeidung und -beseitigung festlegen,</LA></DD><DT>g)</DT><DD Font="normal"><LA>die gewerkspezifische Betriebs- und Lagerausstattung sowie logistische Prozesse planen und darstellen,</LA></DD><DT>h)</DT><DD Font="normal"><LA>den Nutzen des Einsatzes von Informations- und Kommunikationssystemen, insbesondere für Kundenbindung und -pflege sowie Warenwirtschaft begründen,</LA></DD><DT>i)</DT><DD Font="normal"><LA>den Nutzen zwischenbetrieblicher Kooperationen auftragsbezogen prüfen, Konsequenzen, insbesondere für die betriebsinterne Organisation sowie das betriebliche Personalwesen, aufzeigen und bewerten.</LA></DD></DL></LA></DD></DL></P></Content></text></textdaten></norm>
<norm builddate="20220201213002" doknr="BJNR002700013BJNE001000000"><metadaten><jurabk>MbauMstrV 2013</jurabk><jurabk>MbauMstrV</jurabk><enbez>§ 9</enbez><titel format="XML">Prüfungsdauer und Bestehen des Teils II</titel></metadaten><textdaten><text format="XML"><Content><P>(1) Die Prüfung in Teil II ist schriftlich durchzuführen und dauert in jedem Handlungsfeld drei Stunden. Eine Prüfungsdauer von sechs Stunden täglich darf nicht überschritten werden.</P><P>(2) Die Gesamtbewertung des Teils II wird aus dem arithmetischen Mittel der Einzelbewertungen der Handlungsfelder nach § 8 Absatz 2 gebildet.</P><P>(3) Wurden in höchstens zwei der in § 8 Absatz 2 genannten Handlungsfelder jeweils mindestens 30 und weniger als 50 Punkte erreicht, kann in einem dieser Handlungsfelder eine mündliche Ergänzungsprüfung durchgeführt werden, wenn diese das Bestehen des Teils II der Meisterprüfung ermöglicht.</P><P>(4) Mindestvoraussetzung für das Bestehen des Teils II der Meisterprüfung ist eine insgesamt ausreichende Prüfungsleistung. Die Prüfung des Teils II ist nicht bestanden, wenn <DL Type="arabic"><DT>1.</DT><DD Font="normal"><LA>ein Handlungsfeld mit weniger als 30 Punkten bewertet worden ist oder</LA></DD><DT>2.</DT><DD Font="normal"><LA>nach durchgeführter Ergänzungsprüfung zwei Handlungsfelder jeweils mit weniger als 50 Punkten bewertet worden sind.</LA></DD></DL></P></Content></text></textdaten></norm>
<norm builddate="20220201213002" doknr="BJNR002700013BJNE001101128"><metadaten><jurabk>MbauMstrV 2013</jurabk><jurabk>MbauMstrV</jurabk><enbez>§ 10</enbez><titel format="XML">Allgemeine Prüfungs- und Verfahrensregelungen, weitere Regelungen zur Meisterprüfung</titel></metadaten><textdaten><text format="XML"><Content><P>(1) Die Vorschriften der Meisterprüfungsverfahrensverordnung bleiben unberührt.</P><P>(2) Die Prüfung in den Teilen III und IV der Meisterprüfung bestimmt sich nach der Allgemeinen Meisterprüfungsverordnung vom 26. Oktober 2011 (BGBl. I S. 2149) in der jeweils geltenden Fassung.</P></Content></text><fussnoten/></textdaten></norm>
<norm builddate="20220201213002" doknr="BJNR002700013BJNE001200000"><metadaten><jurabk>MbauMstrV 2013</jurabk><jurabk>MbauMstrV</jurabk><enbez>§ 11</enbez><titel format="XML">Übergangsvorschrift</titel></metadaten><textdaten><text format="XML"><Content><P>(1) Die bis zum 31. August 2013 begonnenen Prüfungsverfahren werden nach den bisherigen Vorschriften zu Ende geführt. Erfolgt die Anmeldung zur Prüfung bis zum Ablauf des 28. Februar 2014, sind auf Verlangen des Prüflings die bis zum 31. August 2013 geltenden Vorschriften weiter anzuwenden.</P><P>(2) Prüflinge, die die Prüfung nach den bis zum 31. August 2013 geltenden Vorschriften nicht bestanden haben und sich bis zum 31. August 2015 zu einer Wiederholungsprüfung anmelden, können auf Verlangen die Wiederholungsprüfung nach den bis zum 31. August 2013 geltenden Vorschriften ablegen.</P></Content></text></textdaten></norm>
<norm builddate="20220201213002" doknr="BJNR002700013BJNE001300000"><metadaten><jurabk>MbauMstrV 2013</jurabk><jurabk>MbauMstrV</jurabk><enbez>§ 12</enbez><titel format="XML">Inkrafttreten, Außerkrafttreten</titel></metadaten><textdaten><text format="XML"><Content><P>Diese Verordnung tritt am 1. September 2013 in Kraft. Gleichzeitig tritt die Modellbauermeisterverordnung vom 19. März 1998 (BGBl. I S. 521) außer Kraft.</P></Content></text></textdaten></norm>
</dokumente>