<?xml version="1.0" encoding="UTF-8" ?><!DOCTYPE dokumente SYSTEM "http://www.gesetze-im-internet.de/dtd/1.01/gii-norm.dtd">
<dokumente builddate="20210615213253" doknr="BJNR231510008"><norm builddate="20210615213253" doknr="BJNR231510008"><metadaten><jurabk>FischSeuchV 2008</jurabk><ausfertigung-datum manuell="ja">2008-11-24</ausfertigung-datum><fundstelle typ="amtlich"><periodikum>BGBl I</periodikum><zitstelle>2008, 2315</zitstelle></fundstelle><langue>Fischseuchenverordnung<FnR ID="F771564_01_BJNR231510008"/></langue><standangabe checked="ja"><standtyp>Stand</standtyp><standkommentar>Zuletzt geändert durch Art. 5 V v. 19.11.2019 I 1862</standkommentar></standangabe></metadaten><textdaten><text format="XML"><Footnotes><Footnote FnZ="*" Group="column" ID="F771564_01_BJNR231510008" Pos="normal" Postfix=")"><noindex>Diese Verordnung dient der Umsetzung der Richtlinie 2006/88/EG des Rates vom 24. Oktober 2006 mit Gesundheits- und Hygienevorschriften für Tiere in Aquakultur und Aquakulturerzeugnisse und zur Verhütung und Bekämpfung bestimmter Wassertierkrankheiten (ABl. EU Nr. L 328 S. 14, 2007 Nr. L 140 S. 59).</noindex></Footnote></Footnotes></text><fussnoten><Content><P><BR/> <pre xml:space="preserve">(+++ Textnachweis ab: 29.11.2008 +++)<BR/>(+++ Amtlicher Hinweis des Normgebers auf EG-Recht:<BR/>     Umsetzung der<BR/>       EGRL 88/2006   (CELEX Nr: 32006L0088)<BR/>     Umsetzung der<BR/>       EURL 31/2012   (CELEX Nr: 32012L0031) vgl. V v. 14.12.2012 I 2697<BR/>     Umsetzung der <BR/>       EURL 22/2014   (CELEX Nr: 32014L0022) vgl. V v. 24.9.2014 I 1558   +++)<BR/><BR/></pre>Die V wurde als Artikel 1 der V v. 24.11.2008 I 2315 vom Bundesministerium für Ernährung, Landwirtschaft und Verbraucherschutz mit Zustimmung des Bundesrates erlassen. Sie ist gem. Art. 3 Satz 1 dieser V am 29.11.2008 in Kraft getreten.</P></Content></fussnoten></textdaten></norm>
<norm builddate="20210615213253" doknr="BJNR231510008BJNE000100000"><metadaten><jurabk>FischSeuchV 2008</jurabk><enbez>Inhaltsübersicht</enbez></metadaten><textdaten><text format="XML"><TOC><Ident Class="S2">Abschnitt 1<BR/><BR/></Ident><Title Align="auto" Class="S2">Allgemeines<BR/><BR/></Title><table frame="none" pgwide="1" tabstyle="inhalt" tocentry="%yes;"><tgroup align="left" char="" charoff="50" cols="2" colsep="0" rowsep="0"><colspec colname="col1" colnum="1" colwidth="1.00*"/><colspec colname="col2" colnum="2" colwidth="10*"/><tbody valign="top"><row><entry VJ="1" align="left" colname="col1" valign="top">§  1</entry><entry VJ="1" align="left" colname="col2" valign="top">Anwendungsbereich</entry></row><row><entry VJ="1" align="left" colname="col1" valign="top">§  2</entry><entry VJ="1" align="left" colname="col2" valign="top">Begriffsbestimmungen</entry></row></tbody></tgroup></table><Ident Class="S2"><BR/><BR/>Abschnitt 2<BR/><BR/></Ident><Title Align="auto" Class="S2">Genehmigung und Registrierung<BR/><BR/></Title><table frame="none" pgwide="1" tabstyle="inhalt" tocentry="%yes;"><tgroup align="left" char="" charoff="50" cols="2" colsep="0" rowsep="0"><colspec colname="col1" colnum="1" colwidth="1.00*"/><colspec colname="col2" colnum="2" colwidth="10*"/><tbody valign="top"><row><entry VJ="1" align="left" colname="col1" valign="top">§  3</entry><entry VJ="1" align="left" colname="col2" valign="top">Genehmigungspflicht</entry></row><row><entry VJ="1" align="left" colname="col1" valign="top">§  4</entry><entry VJ="1" align="left" colname="col2" valign="top">Genehmigung</entry></row><row><entry VJ="1" align="left" colname="col1" valign="top">§  5</entry><entry VJ="1" align="left" colname="col2" valign="top">Genehmigungsantrag</entry></row><row><entry VJ="1" align="left" colname="col1" valign="top">§  6</entry><entry VJ="1" align="left" colname="col2" valign="top">Registrierung</entry></row></tbody></tgroup></table><Ident Class="S2"><BR/><BR/>Abschnitt 3<BR/><BR/></Ident><Title Align="auto" Class="S2">Pflichten des Betreibers<BR/> und anderer Verantwortlicher<BR/><BR/></Title><table frame="none" pgwide="1" tabstyle="inhalt" tocentry="%yes;"><tgroup align="left" char="" charoff="50" cols="2" colsep="0" rowsep="0"><colspec colname="col1" colnum="1" colwidth="1.00*"/><colspec colname="col2" colnum="2" colwidth="10*"/><tbody valign="top"><row><entry VJ="1" align="left" colname="col1" valign="top">§  7</entry><entry VJ="1" align="left" colname="col2" valign="top">Untersuchungen, Mitteilungspflicht</entry></row><row><entry VJ="1" align="left" colname="col1" valign="top">§  8</entry><entry VJ="1" align="left" colname="col2" valign="top">Buchführung</entry></row></tbody></tgroup></table><Ident Class="S2"><BR/><BR/>Abschnitt 4<BR/><BR/></Ident><Title Align="auto" Class="S2">Überwachung,<BR/> Schutzgebiet, Impfverbot<BR/><BR/></Title><table frame="none" pgwide="1" tabstyle="inhalt" tocentry="%yes;"><tgroup align="left" char="" charoff="50" cols="2" colsep="0" rowsep="0"><colspec colname="col1" colnum="1" colwidth="1.00*"/><colspec colname="col2" colnum="2" colwidth="10*"/><tbody valign="top"><row><entry VJ="1" align="left" colname="col1" valign="top">§  9</entry><entry VJ="1" align="left" colname="col2" valign="top">Überwachung</entry></row><row><entry VJ="1" align="left" colname="col1" valign="top">§ 10</entry><entry VJ="1" align="left" colname="col2" valign="top">Schutzgebiet</entry></row><row><entry VJ="1" align="left" colname="col1" valign="top">§ 11</entry><entry VJ="1" align="left" colname="col2" valign="top">Impfverbot</entry></row></tbody></tgroup></table><Ident Class="S2"><BR/><BR/>Abschnitt 5<BR/><BR/></Ident><Title Align="auto" Class="S2">Besondere Vorschriften<BR/> für das Inverkehrbringen<BR/> und den Transport von Fischen<BR/><BR/></Title><table frame="none" pgwide="1" tabstyle="inhalt" tocentry="%yes;"><tgroup align="left" char="" charoff="50" cols="2" colsep="0" rowsep="0"><colspec colname="col1" colnum="1" colwidth="1.00*"/><colspec colname="col2" colnum="2" colwidth="10*"/><tbody valign="top"><row><entry VJ="1" align="left" colname="col1" valign="top">§ 12</entry><entry VJ="1" align="left" colname="col2" valign="top">Inverkehrbringen</entry></row><row><entry VJ="1" align="left" colname="col1" valign="top">§ 13</entry><entry VJ="1" align="left" colname="col2" valign="top">Tiergesundheitsbescheinigung</entry></row><row><entry VJ="1" align="left" colname="col1" valign="top">§ 14</entry><entry VJ="1" align="left" colname="col2" valign="top">Inverkehrbringen für die weitere Haltung oder den Besatz</entry></row><row><entry VJ="1" align="left" colname="col1" valign="top">§ 15</entry><entry VJ="1" align="left" colname="col2" valign="top">Inverkehrbringen zur Weiterverarbeitung</entry></row><row><entry VJ="1" align="left" colname="col1" valign="top">§ 16</entry><entry VJ="1" align="left" colname="col2" valign="top">Inverkehrbringen wildlebender Fische</entry></row><row><entry VJ="1" align="left" colname="col1" valign="top">§ 17</entry><entry VJ="1" align="left" colname="col2" valign="top">Inverkehrbringen von Fischen zu Zierzwecken</entry></row><row><entry VJ="1" align="left" colname="col1" valign="top">§ 18</entry><entry VJ="1" align="left" colname="col2" valign="top">Transport</entry></row></tbody></tgroup></table><Ident Class="S2"><BR/><BR/>Abschnitt 6<BR/><BR/></Ident><Title Align="auto" Class="S2">Besondere Schutzmaßnahmen<BR/><BR/></Title><table frame="none" pgwide="1" tabstyle="inhalt" tocentry="%yes;"><tgroup align="left" char="" charoff="50" cols="2" colsep="0" rowsep="0"><colspec colname="col1" colnum="1" colwidth="1.00*"/><colspec colname="col2" colnum="2" colwidth="10*"/><tbody valign="top"><row><entry VJ="1" align="left" colname="col1" valign="top">§ 19</entry><entry VJ="1" align="left" colname="col2" valign="top">Schutzmaßregeln vor amtlicher Feststellung einer exotischen Seuche</entry></row><row><entry VJ="1" align="left" colname="col1" valign="top">§ 20</entry><entry VJ="1" align="left" colname="col2" valign="top">Schutzmaßregeln nach amtlicher Feststellung einer exotischen Seuche</entry></row><row><entry VJ="1" align="left" colname="col1" valign="top">§ 21</entry><entry VJ="1" align="left" colname="col2" valign="top">Sperrgebiet, Überwachungsgebiet nach amtlicher Feststellung einer exotischen Seuche</entry></row><row><entry VJ="1" align="left" colname="col1" valign="top">§ 22</entry><entry VJ="1" align="left" colname="col2" valign="top">Schutzmaßregeln nach amtlicher Feststellung des Ausbruchs oder Verdacht des Ausbruchs einer nicht exotischen Seuche in einem Aquakulturbetrieb</entry></row><row><entry VJ="1" align="left" colname="col1" valign="top">§ 23</entry><entry VJ="1" align="left" colname="col2" valign="top">Schutzmaßregeln bei Ansteckungsverdacht für eine nicht exotische Seuche</entry></row><row><entry VJ="1" align="left" colname="col1" valign="top">§ 24</entry><entry VJ="1" align="left" colname="col2" valign="top">Schutzmaßregeln nach amtlicher Feststellung des Verdachts des Ausbruchs einer nicht exotischen Seuche in einem Schutzgebiet</entry></row><row><entry VJ="1" align="left" colname="col1" valign="top">§ 25</entry><entry VJ="1" align="left" colname="col2" valign="top">Schutzmaßregeln nach amtlicher Feststellung des Ausbruchs einer nicht exotischen Seuche in einem Schutzgebiet</entry></row><row><entry VJ="1" align="left" colname="col1" valign="top">§ 26</entry><entry VJ="1" align="left" colname="col2" valign="top">Schutzmaßregeln bei Ansteckungsverdacht für eine nicht exotische Seuche ausgehend von einem Schutzgebiet</entry></row><row><entry VJ="1" align="left" colname="col1" valign="top">§ 27</entry><entry VJ="1" align="left" colname="col2" valign="top">Sperrgebiet, Überwachungsgebiet nach amtlicher Feststellung einer nicht exotischen Seuche</entry></row><row><entry VJ="1" align="left" colname="col1" valign="top">§ 28</entry><entry VJ="1" align="left" colname="col2" valign="top">Aufhebung der Schutzmaßregeln</entry></row></tbody></tgroup></table><Ident Class="S2"><BR/><BR/>Abschnitt 7<BR/><BR/></Ident><Title Align="auto" Class="S2">Ordnungswidrigkeiten,<BR/> Übergangsbestimmungen<BR/><BR/></Title><table frame="none" pgwide="1" tabstyle="inhalt" tocentry="%yes;"><tgroup align="left" char="" charoff="50" cols="2" colsep="0" rowsep="0"><colspec colname="col1" colnum="1" colwidth="1.00*"/><colspec colname="col2" colnum="2" colwidth="10*"/><tbody valign="top"><row><entry VJ="1" align="left" colname="col1" valign="top">§ 29</entry><entry VJ="1" align="left" colname="col2" valign="top">Ordnungswidrigkeiten</entry></row><row><entry VJ="1" align="left" colname="col1" valign="top">§ 30</entry><entry VJ="1" align="left" colname="col2" valign="top">Übergangsbestimmungen</entry></row></tbody></tgroup></table></TOC></text></textdaten></norm>
<norm builddate="20210615213253" doknr="BJNR231510008BJNG000100000"><metadaten><jurabk>FischSeuchV 2008</jurabk><gliederungseinheit><gliederungskennzahl>010</gliederungskennzahl><gliederungsbez>Abschnitt 1</gliederungsbez><gliederungstitel>Allgemeines</gliederungstitel></gliederungseinheit></metadaten><textdaten/></norm>
<norm builddate="20210615213253" doknr="BJNR231510008BJNE000200000"><metadaten><jurabk>FischSeuchV 2008</jurabk><enbez>§ 1</enbez><titel format="XML">Anwendungsbereich</titel></metadaten><textdaten><text format="XML"><Content><P>(1) Diese Verordnung dient der Bekämpfung von Seuchen, die bei Fischen auftreten.</P><P>(2) Diese Verordnung gilt nicht für <DL Type="arabic"><DT>1.</DT><DD Font="normal"><LA>Fische, die ausschließlich nicht gewerblich zu Zierzwecken in Aquarien gehalten werden,</LA></DD><DT>2.</DT><DD Font="normal"><LA>wildlebende Fische, die zur unmittelbaren Verwendung als Lebensmittel gefangen oder geerntet werden.</LA></DD></DL></P><P>(3) Auf Fische, die gewerblich zu Zierzwecken in Zoofachgeschäften, Betrieben des Einzelhandels oder des Großhandels oder gewerblich betriebenen Aquarien sowie zu Zierzwecken nicht gewerblich in Gartenteichen gehalten werden, finden die §§ 3 bis 10 und 13 bis 16 keine Anwendung, soweit <DL Type="arabic"><DT>1.</DT><DD Font="normal"><LA>keine direkte Verbindung des Wassers dieser Haltungen zu natürlichen Gewässern besteht oder</LA></DD><DT>2.</DT><DD Font="normal"><LA>eine eigene Abwasseraufbereitungsanlage vorhanden ist, die das Risiko der Übertragung von Seuchenerregern in natürliche Gewässer dem Stand der Technik entsprechend vermeidet.</LA></DD></DL></P></Content></text></textdaten></norm>
<norm builddate="20210615213253" doknr="BJNR231510008BJNE000303301"><metadaten><jurabk>FischSeuchV 2008</jurabk><enbez>§ 2</enbez><titel format="XML">Begriffsbestimmungen</titel></metadaten><textdaten><text format="XML"><Content><P>(1) Im Sinne dieser Verordnung sind <DL Font="normal" Type="arabic"><DT>1.</DT><DD Font="normal"><LA Size="normal">Fische aus Aquakultur:</LA><LA Size="normal">Fische in allen Lebensstadien, einschließlich der Eier und der Samen, die in einem Aquakulturbetrieb aufgezogen, gehalten oder gehältert werden,</LA></DD><DT>2.</DT><DD Font="normal"><LA Size="normal">Aquakulturbetrieb:</LA><LA Size="normal">jeder Betrieb, der einer Tätigkeit im Zusammenhang mit der Zucht, Haltung oder Hälterung von Fischen nachgeht,</LA></DD><DT>3.</DT><DD Font="normal"><LA Size="normal">Angelteich:</LA><LA Size="normal">Teich oder sonstige Anlage, in denen der Bestand ausschließlich für die Angelfischerei durch Besatz mit Fischen aus Aquakultur erhalten wird.</LA></DD></DL></P><P>(2) Im Sinne dieser Verordnung liegt vor: <DL Font="normal" Type="arabic"><DT>1.</DT><DD Font="normal"><LA Size="normal">Ausbruch einer der in Anlage 1 Spalte 1 genannten Seuchen, wenn diese durch eine der in Anlage 1 Spalte 2 jeweils bezeichnete Untersuchung bei einer der in Anlage 1 Spalte 3 jeweils bezeichneten empfänglichen Art festgestellt worden ist;</LA></DD><DT>2.</DT><DD Font="normal"><LA Size="normal">Verdacht des Ausbruchs, wenn bei Fischen aus Aquakultur das Ergebnis der <DL Font="normal" Type="alpha"><DT>a)</DT><DD Font="normal"><LA Size="normal">klinischen und pathologisch-anatomischen Untersuchung,</LA></DD><DT>b)</DT><DD Font="normal"><LA Size="normal">klinischen und epidemiologischen Untersuchung oder</LA></DD><DT>c)</DT><DD Font="normal"><LA Size="normal">pathologisch-anatomischen und epidemiologischen Untersuchung</LA></DD></DL>den Ausbruch einer der in Anlage 1 Spalte 1 genannten Seuchen befürchten lässt.</LA></DD></DL>Für die Untersuchung auf die in Anlage 1 Spalte 1 genannten Seuchen gelten die Verfahren, die die Europäische Kommission auf Grund des Artikels 57 Buchstabe b der Richtlinie 2006/88/EG des Rates vom 24. Oktober 2006 mit Gesundheits- und Hygienevorschriften für Tiere in Aquakultur und Aquakulturerzeugnisse und zur Verhütung und Bekämpfung bestimmter Wassertierkrankheiten (ABl. EU Nr. L 328 S. 14, 2007 Nr. L 140 S. 59) erlassen und die das Bundesministerium für Ernährung und Landwirtschaft (Bundesministerium) im Bundesanzeiger bekannt gemacht hat.</P></Content></text><fussnoten/></textdaten></norm>
<norm builddate="20210615213253" doknr="BJNR231510008BJNG000200000"><metadaten><jurabk>FischSeuchV 2008</jurabk><gliederungseinheit><gliederungskennzahl>020</gliederungskennzahl><gliederungsbez>Abschnitt 2</gliederungsbez><gliederungstitel>Genehmigung und Registrierung</gliederungstitel></gliederungseinheit></metadaten><textdaten/></norm>
<norm builddate="20210615213253" doknr="BJNR231510008BJNE000400000"><metadaten><jurabk>FischSeuchV 2008</jurabk><enbez>§ 3</enbez><titel format="XML">Genehmigungspflicht</titel></metadaten><textdaten><text format="XML"><Content><P>Wer in einem <DL Type="arabic"><DT>1.</DT><DD Font="normal"><LA>Aquakulturbetrieb,</LA></DD><DT>2.</DT><DD Font="normal"><LA>Verarbeitungsbetrieb, in dem Fische aus Aquakultur getötet werden, oder</LA></DD><DT>3.</DT><DD Font="normal"><LA>Weichtierzuchtgebiet gelegenen Versand- oder Reinigungszentrum</LA></DD></DL>Fische hält, verbringt oder abgibt oder tote Fische oder Teile davon verbringt, abgibt oder verwertet, bedarf der Genehmigung durch die zuständige Behörde. Satz 1 gilt nicht, soweit die Tätigkeit in einem Aquakulturbetrieb der Registrierung nach § 6 bedarf.</P></Content></text></textdaten></norm>
<norm builddate="20210615213253" doknr="BJNR231510008BJNE000500000"><metadaten><jurabk>FischSeuchV 2008</jurabk><enbez>§ 4</enbez><titel format="XML">Genehmigung</titel></metadaten><textdaten><text format="XML"><Content><P>(1) Die zuständige Behörde erteilt die Genehmigung auf Antrag, soweit <DL Type="arabic"><DT>1.</DT><DD Font="normal"><LA>sichergestellt ist, dass <DL Type="alpha"><DT>a)</DT><DD Font="normal"><LA>durch geeignete Maßnahmen keine Seuchenerreger übertragen werden können und</LA></DD><DT>b)</DT><DD Font="normal"><LA>die sonstigen Pflichten nach den §§ 7 und 8 erfüllt werden sowie</LA></DD></DL></LA></DD><DT>2.</DT><DD Font="normal"><LA>im Falle eines Betriebes im Sinne des § 3 Nr. 2 oder 3 dieser über eine eigene Abwasseraufbereitungsanlage verfügt, die die Abtötung von Seuchenerregern gewährleistet, oder die Abwässer einer anderen Behandlung unterzogen werden, die gewährleistet, dass keine Seuchenerreger übertragen werden.</LA></DD></DL></P><P>(2) Die Genehmigung wird unter Zuteilung einer zwölfstelligen Nummer erteilt, die sich aus der für die Sitzgemeinde des Betriebes vorgesehenen amtlichen Schlüsselnummer des vom Statistischen Bundesamt herausgegebenen Gemeindeschlüsselverzeichnisses sowie der vierstelligen Nummer für den Betrieb zusammensetzt. Die zuständige Behörde erfasst die genehmigten Betriebe mit Angabe dieser Nummer in einem Register.</P><P>(3) Die Genehmigung kann – auch nachträglich – mit Auflagen verbunden werden, soweit dies erforderlich ist, um das Einhalten oder das Fortbestehen der Genehmigungsvoraussetzungen sicherzustellen. Durch Auflagen können insbesondere bestimmte Verfahrensabläufe oder Sicherheitsvorkehrungen oder eine bestimmte Beschaffenheit oder Ausstattung des Betriebes angeordnet werden.</P><P>(4) Sind die Voraussetzungen für die Genehmigung des Betriebes nachträglich entfallen, so kann die zuständige Behörde an Stelle eines Widerrufes das Ruhen der Genehmigung anordnen, wenn zu erwarten ist, dass die Voraussetzungen für die Genehmigung alsbald wieder eingehalten werden. Diese Anordnung ist aufzuheben, wenn der Betreiber nachweist, dass die Voraussetzungen für die Genehmigung wieder vorliegen. Im Übrigen bleiben die Vorschriften der Verwaltungsverfahrensgesetze der Länder über Rücknahme und Widerruf unberührt.</P></Content></text></textdaten></norm>
<norm builddate="20210615213253" doknr="BJNR231510008BJNE000600000"><metadaten><jurabk>FischSeuchV 2008</jurabk><enbez>§ 5</enbez><titel format="XML">Genehmigungsantrag</titel></metadaten><textdaten><text format="XML"><Content><P>In dem Antrag auf Genehmigung sind die Angaben zu machen und ihm sind die Unterlagen beizufügen, aus denen hervorgeht, dass die Genehmigungsvoraussetzungen erfüllt sind. Insbesondere sind anzugeben Name und Anschrift des Betreibers, die Lage und Größe der Anlage, Teichzahl, Wasserversorgung, Zuflussmenge, die gehaltenen Tierarten und ihre Verwendung sowie die Darlegung, mit welchen Maßnahmen die Verschleppung von Seuchen verhindert wird. Im Falle eines Betriebes im Sinne des § 3 Nr. 2 oder 3 sind darüber hinaus Angaben zur Behandlung der Abwässer zu machen.</P></Content></text></textdaten></norm>
<norm builddate="20210615213253" doknr="BJNR231510008BJNE000700000"><metadaten><jurabk>FischSeuchV 2008</jurabk><enbez>§ 6</enbez><titel format="XML">Registrierung</titel></metadaten><textdaten><text format="XML"><Content><P>(1) Wer in <DL Type="arabic"><DT>1.</DT><DD Font="normal"><LA>anderen Anlagen als Aquakulturbetrieben, in denen Fische gehalten werden, die nicht in den Verkehr gebracht werden sollen,</LA></DD><DT>2.</DT><DD Font="normal"><LA>Angelteichen oder</LA></DD><DT>3.</DT><DD Font="normal"><LA>Aquakulturbetrieben, die Fische aus Aquakultur direkt in kleinen Mengen ausschließlich für den menschlichen Verzehr an den Endverbraucher oder an örtliche Einzelhandelsunternehmen, die die Erzeugnisse direkt an den Endverbraucher abgeben, in den Verkehr bringen,</LA></DD></DL>eine in § 3 genannte Tätigkeit ausübt, bedarf der Registrierung.</P><P>(2) Die Anzeige zur Registrierung nach Absatz 1 hat vor Aufnahme der Tätigkeit bei der zuständigen Behörde zu erfolgen. In der Anzeige sind die Angaben zu machen und ihr sind die Unterlagen beizufügen, die den Namen und die Anschrift des Betreibers, die Lage und Größe der Anlage, Teichzahl, Wasserversorgung, Zuflussmenge und die gehaltenen Fischarten und ihre Verwendung enthalten.</P><P>(3) Die zuständige Behörde erfasst die angezeigten Betriebe unter Erteilung einer Registriernummer in einem Register. Für die Zusammensetzung der Registriernummer gilt § 4 Abs. 2 Satz 1 entsprechend.</P></Content></text></textdaten></norm>
<norm builddate="20210615213253" doknr="BJNR231510008BJNG000300000"><metadaten><jurabk>FischSeuchV 2008</jurabk><gliederungseinheit><gliederungskennzahl>030</gliederungskennzahl><gliederungsbez>Abschnitt 3</gliederungsbez><gliederungstitel>Pflichten des Betreibers und anderer Verantwortlicher</gliederungstitel></gliederungseinheit></metadaten><textdaten/></norm>
<norm builddate="20210615213253" doknr="BJNR231510008BJNE000801360"><metadaten><jurabk>FischSeuchV 2008</jurabk><enbez>§ 7</enbez><titel format="XML">Untersuchungen, Mitteilungspflicht</titel></metadaten><textdaten><text format="XML"><Content><P>(1) Wer eine genehmigungspflichtige Tätigkeit nach § 3 ausübt, hat die in der Anlage 1 Spalte 3 bezeichneten Fische aus Aquakultur, die für die jeweils in Anlage 1 Spalte 1 genannten Seuchen empfänglich sind, nach Maßgabe des Anhangs III Teil B der Richtlinie 2006/88/EG in geeigneter Weise untersuchen zu lassen. Soweit eine Laboruntersuchung hierfür erforderlich ist, ist diese von einer von der zuständigen Behörde benannten Untersuchungseinrichtung durchzuführen.</P><P>(2) Die zuständige Behörde kann die Untersuchung nach Absatz 1 anordnen, wenn in einem Betrieb eine andere als in Absatz 1 genannte Tätigkeit ausgeübt wird und das Risiko einer Infektion mit einer Seuche in diesem Betrieb besteht oder von diesem ausgeht.</P><P>(3) Wird bei Fischen aus Aquakultur eine erhöhte Sterblichkeitsrate festgestellt, die nicht eindeutig auf Haltungsbedingungen oder Transportbedingungen zurückgeführt werden kann, ohne dass ein Ausbruch oder ein Verdacht im Sinne des § 2 Abs. 2 Nr. 1 oder 2 vorliegt, hat der Betreiber des Aquakulturbetriebes dies der zuständigen Behörde unverzüglich mitzuteilen. Diese Verpflichtung obliegt auch den für die Fische verantwortlichen Personen, die nicht Betreiber des Aquakulturbetriebes sind.</P><P>(4) Die Absätze 1 bis 3 lassen die Befugnis der Länder unberührt, unter Beachtung der Vorschriften der Richtlinie 2006/88/EG eigene Vorschriften zu erlassen, die das Nähere der Untersuchungen nach Absatz 1 einschließlich der Sachkunde derjenigen Personen, die die Untersuchungen durchführen, regeln.</P></Content></text><fussnoten/></textdaten></norm>
<norm builddate="20210615213253" doknr="BJNR231510008BJNE000900000"><metadaten><jurabk>FischSeuchV 2008</jurabk><enbez>§ 8</enbez><titel format="XML">Buchführung</titel></metadaten><textdaten><text format="XML"><Content><P>(1) Der Betreiber <DL Type="arabic"><DT>1.</DT><DD Font="normal"><LA>eines Aquakulturbetriebes hat über <DL Type="alpha"><DT>a)</DT><DD Font="normal"><LA>alle Zugänge unter Angabe der Daten der Anlieferung, der Fischart, des Durchschnittsgewichts der jeweiligen Fischart, deren Stückzahl oder des Gesamtgewichts, des Herkunftsbetriebes und des Transporteurs und</LA></DD><DT>b)</DT><DD Font="normal"><LA>alle Abgänge unter Angabe der Versanddaten, der Fischart, des Durchschnittsgewichts der jeweiligen Fischart, deren Stückzahl oder des Gesamtgewichts und des Empfängers von Fischen aus Aquakultur,</LA></DD><DT>c)</DT><DD Font="normal"><LA>die Ergebnisse der Untersuchungen nach § 7 und</LA></DD><DT>d)</DT><DD Font="normal"><LA>die erhöhte Sterblichkeit aufgeschlüsselt nach den einzelnen, in sich abgeschlossenen Teilen des Aquakulturbetriebes und nach der Produktionsrichtung,</LA></DD></DL></LA></DD><DT>2.</DT><DD Font="normal"><LA>eines Verarbeitungsbetriebes hat über das Verbringen von Fischen aus Aquakultur und ihren Erzeugnissen in und aus dem Betrieb,</LA></DD><DT>3.</DT><DD Font="normal"><LA>eines Transportbetriebes hat über <DL Type="alpha"><DT>a)</DT><DD Font="normal"><LA>Name und Anschrift des bisherigen Besitzers, Ort und Datum der Übernahme, Name und Anschrift des Erwerbers, Ort und Datum der Abgabe, Art, Durchschnittsgewicht der jeweiligen Fischart, deren Stückzahl oder des Gesamtgewichts,</LA></DD><DT>b)</DT><DD Font="normal"><LA>jeden Wasserwechsel während des Transportes, mit Angaben über die Herkunft des neuen und den Ort des Ablassens des verbrauchten Wassers,</LA></DD><DT>c)</DT><DD Font="normal"><LA>die Sterblichkeit während des Transportes, aufgeschlüsselt nach Transportarten und den transportierten Tierarten,</LA></DD></DL></LA></DD></DL> Buch zu führen.</P><P>(2) Als Buch nach Absatz 1 dürfen auch Loseblattdurchschreibesysteme oder andere dauerhaft zuverlässig nachprüfbare systematische Aufzeichnungen verwendet werden. Nach Ablauf eines Kalenderjahres sind die Aufzeichnungen des betroffenen Kalenderjahres mindestens drei Jahre lang aufzubewahren. Die Aufzeichnungen sind der zuständigen Behörde auf Verlangen zur Einsicht vorzulegen. Ohne Genehmigung der zuständigen Behörde dürfen sie aus dem Betrieb nicht entfernt werden.</P><P>(3) Die zuständige Behörde kann die Führung eines Buches nach Absatz 1 für andere als dort aufgeführte Betriebe anordnen, sofern das Risiko einer Infektion mit übertragbaren Seuchen in diesen Betrieben besteht oder von diesen ausgeht.</P></Content></text></textdaten></norm>
<norm builddate="20210615213253" doknr="BJNR231510008BJNG000400000"><metadaten><jurabk>FischSeuchV 2008</jurabk><gliederungseinheit><gliederungskennzahl>040</gliederungskennzahl><gliederungsbez>Abschnitt 4</gliederungsbez><gliederungstitel>Überwachung, Schutzgebiet, Impfverbot</gliederungstitel></gliederungseinheit></metadaten><textdaten/></norm>
<norm builddate="20210615213253" doknr="BJNR231510008BJNE001001119"><metadaten><jurabk>FischSeuchV 2008</jurabk><enbez>§ 9</enbez><titel format="XML">Überwachung</titel></metadaten><textdaten><text format="XML"><Content><P>(1) Die zuständige Behörde führt unter Beachtung der Artikel 9 und 10 der Verordnung (EU) 2017/625 des Europäischen Parlaments und des Rates vom 15. März 2017 über amtliche Kontrollen und andere amtliche Tätigkeiten zur Gewährleistung der Anwendung des Lebens- und Futtermittelrechts und der Vorschriften über Tiergesundheit und Tierschutz, Pflanzengesundheit und Pflanzenschutzmittel, zur Änderung der Verordnungen (EG) Nr. 999/2001, (EG) Nr. 396/2005, (EG) Nr. 1069/2009, (EG) Nr. 1107/2009, (EU) Nr. 1151/2012, (EU) Nr. 652/2014, (EU) 2016/429 und (EU) 2016/2031 des Europäischen Parlaments und des Rates, der Verordnungen (EG) Nr. 1/2005 und (EG) Nr. 1099/2009 des Rates sowie der Richtlinien 98/58/EG, 1999/74/EG, 2007/43/EG, 2008/119/EG und 2008/120/EG des Rates und zur Aufhebung der Verordnungen (EG) Nr. 854/2004 und (EG) Nr. 882/2004 des Europäischen Parlaments und des Rates, der Richtlinien 89/608/EWG, 89/662/EWG, 90/425/EWG, 91/496/EEG, 96/23/EG, 96/93/EG und 97/78/EG des Rates und des Beschlusses 92/438/EWG des Rates (Verordnung über amtliche Kontrollen) (ABl. L 95 vom 7.4.2017, S. 1; L 137 vom 24.5.2017, S. 40; L 48 vom 21.2.2018, S. 44; L 322 vom 18.12.2018, S. 85) in der jeweils geltenden Fassung in Betrieben, in denen eine genehmigungspflichtige Tätigkeit nach § 3 ausgeübt wird, Untersuchungen nach Maßgabe der in Anhang III Teil B Spalte 5 der Richtlinie 2006/88/EG genannten Häufigkeit auf die in Spalte 4 genannte Überwachungsart durch. Dabei ist nach Maßgabe des Anhangs III Teil B Spalte 3 der Richtlinie 2006/88/EG das von dem Betrieb ausgehende Risiko in Bezug auf die Einschleppung und die Übertragung von Seuchenerregern zu berücksichtigen.</P><P>(2) Die zuständige Behörde kann, soweit es aus Gründen der Seuchenbekämpfung erforderlich ist, für Fische aus Aquakultur bestimmter Betriebe eine amtstierärztliche Untersuchung einschließlich der Entnahme von Probenmaterial anordnen.</P></Content></text><fussnoten/></textdaten></norm>
<norm builddate="20210615213253" doknr="BJNR231510008BJNE001102360"><metadaten><jurabk>FischSeuchV 2008</jurabk><enbez>§ 10</enbez><titel format="XML">Schutzgebiet</titel></metadaten><textdaten><text format="XML"><Content><P>(1) Die zuständige Behörde kann unter den Voraussetzungen des Artikels 50 der Richtlinie 2006/88/EG ein Gebiet zum Schutzgebiet erklären, soweit dieses frei von einer oder mehreren der in Anlage 1 Spalte 1 Nr. 2 aufgeführten Seuchen ist. Sie teilt dem Bundesministerium die Schutzgebiete mit. Die Mitteilung enthält die in Anhang II der Richtlinie 2006/88/EG festgelegten Angaben entsprechend den Vorgaben der Entscheidung 2008/392/EG der Kommission vom 30. April 2008 zur Durchführung der Richtlinie 2006/88/EG des Rates hinsichtlich der Einrichtung einer Website für Informationen über Aquakulturbetriebe und genehmigte Verarbeitungsbetriebe (ABl. EU Nr. L 138 S. 12).</P><P>(2) Das Bundesministerium macht die Schutzgebiete im Bundesanzeiger bekannt.</P></Content></text><fussnoten/></textdaten></norm>
<norm builddate="20210615213253" doknr="BJNR231510008BJNE001202360"><metadaten><jurabk>FischSeuchV 2008</jurabk><enbez>§ 11</enbez><titel format="XML">Impfverbot</titel></metadaten><textdaten><text format="XML"><Content><P>(1) Impfungen gegen die in Anlage 1 Spalte 1 Nr. 1 aufgeführten Seuchen (exotische Seuchen) sind verboten. Dies gilt nicht, soweit die Europäische Kommission Impfungen nach Artikel 42 oder Artikel 47 der Richtlinie 2006/88/EG genehmigt und das Bundesministerium dies im Bundesanzeiger bekannt gemacht hat.</P><P>(2) Impfungen gegen die in Anlage 1 Spalte 1 Nr. 2 aufgeführten Seuchen (nicht exotische Seuchen) sind in einem von dieser nicht exotischen Seuche freien Schutzgebiet und in Betrieben, die einem Überwachungsprogramm nach Artikel 44 der Richtlinie 2006/88/EG unterliegen, verboten.</P><P>(3) Abweichend von Absatz 1 Satz 1 und Absatz 2 kann die zuständige Behörde Impfungen für wissenschaftliche Studien zum Zwecke der Entwicklung und Testung von Impfstoffen genehmigen.</P></Content></text><fussnoten/></textdaten></norm>
<norm builddate="20210615213253" doknr="BJNR231510008BJNG000500000"><metadaten><jurabk>FischSeuchV 2008</jurabk><gliederungseinheit><gliederungskennzahl>050</gliederungskennzahl><gliederungsbez>Abschnitt 5</gliederungsbez><gliederungstitel>Besondere Vorschriften für das Inverkehrbringen und den Transport von Fischen</gliederungstitel></gliederungseinheit></metadaten><textdaten/></norm>
<norm builddate="20210615213253" doknr="BJNR231510008BJNE001301360"><metadaten><jurabk>FischSeuchV 2008</jurabk><enbez>§ 12</enbez><titel format="XML">Inverkehrbringen</titel></metadaten><textdaten><text format="XML"><Content><P>(1) Fische aus Aquakultur oder ihre Erzeugnisse dürfen vorbehaltlich der §§ 13 bis 16 nur in den Verkehr gebracht werden, soweit sie die Fische am Bestimmungsort im Hinblick auf die in Anlage 1 Spalte 1 aufgeführten Seuchen nicht gefährden.</P><P>(2) Die zuständige Behörde kann das Inverkehrbringen von Fischen aus Aquakultur oder ihren Erzeugnissen, die die Anforderungen des Absatzes 1 nicht erfüllen, zu wissenschaftlichen Zwecken genehmigen.</P></Content></text><fussnoten/></textdaten></norm>
<norm builddate="20210615213253" doknr="BJNR231510008BJNE001401377"><metadaten><jurabk>FischSeuchV 2008</jurabk><enbez>§ 13</enbez><titel format="XML">Tiergesundheitsbescheinigung</titel></metadaten><textdaten><text format="XML"><Content><P>(1) Fische aus Aquakultur dürfen zum Zwecke der Zucht, Haltung und Hälterung, des Besatzes oder der weiteren Verarbeitung für den menschlichen Verzehr in <DL Type="arabic"><DT>1.</DT><DD Font="normal"><LA>ein Schutzgebiet oder</LA></DD><DT>2.</DT><DD Font="normal"><LA>ein Gebiet, für das ein von der Europäischen Kommission genehmigtes Überwachungs- oder Tilgungsprogramm nach Artikel 44 der Richtlinie 2006/88/EG besteht, das das Bundesministerium im Bundesanzeiger bekannt gemacht hat,</LA></DD></DL>nur verbracht werden, wenn sie von einer Tiergesundheitsbescheinigung nach dem Muster der Anlage 2 begleitet sind.</P><P>(2) Absatz 1 gilt nicht für <DL Type="arabic"><DT>1.</DT><DD Font="normal"><LA>Fische, die vor dem Versand getötet und ausgenommen worden sind, oder</LA></DD><DT>2.</DT><DD Font="normal"><LA>Weichtiere und Krebstiere, die zum Zwecke der weiteren Verarbeitung für den menschlichen Verzehr unverarbeitet oder als Verarbeitungserzeugnis verbracht werden.</LA></DD></DL></P></Content></text><fussnoten/></textdaten></norm>
<norm builddate="20210615213253" doknr="BJNR231510008BJNE001501360"><metadaten><jurabk>FischSeuchV 2008</jurabk><enbez>§ 14</enbez><titel format="XML">Inverkehrbringen für die weitere Haltung oder den Besatz</titel></metadaten><textdaten><text format="XML"><Content><P>(1) Fische aus Aquakultur dürfen zum Zwecke der weiteren Haltung oder des Besatzes nur in den Verkehr gebracht werden, soweit sie <DL Font="normal" Type="arabic"><DT>1.</DT><DD Font="normal"><LA Size="normal">klinisch gesund sind,</LA></DD><DT>2.</DT><DD Font="normal"><LA Size="normal">nicht aus einem Aquakulturbetrieb oder einem Weichtierzuchtgebiet stammen, in dem eine ungeklärte erhöhte Sterblichkeit besteht, und</LA></DD><DT>3.</DT><DD Font="normal"><LA Size="normal">nicht aus der Hälterung eines genehmigten Verarbeitungsbetriebes stammen.</LA></DD></DL></P><P>(2) Fische aus Aquakultur dürfen zum Zwecke des Besatzes in freie Gewässer oder in Angelteiche nur ausgesetzt werden, soweit die Fische die Voraussetzungen des Absatzes 1 erfüllen.</P><P>(3) Fische aus Aquakultur dürfen zum Zwecke der weiteren Haltung oder des Besatzes in Schutzgebiete nur verbracht werden, soweit sie aus Schutzgebieten stammen.</P><P>(4) Die zuständige Behörde kann anordnen, dass Fische aus Aquakultur in freie Gewässer oder in Angelteiche nur verbracht werden dürfen, soweit sie aus einem Schutzgebiet stammen, das frei von den in Anlage 1 Spalte 1 Nummer 2 aufgeführten Seuchen ist.</P></Content></text><fussnoten/></textdaten></norm>
<norm builddate="20210615213253" doknr="BJNR231510008BJNE001601360"><metadaten><jurabk>FischSeuchV 2008</jurabk><enbez>§ 15</enbez><titel format="XML">Inverkehrbringen zur Weiterverarbeitung</titel></metadaten><textdaten><text format="XML"><Content><P>Die in Anlage 1 Spalte 3 bezeichneten Fische aus Aquakultur, die für eine der in Anlage 1 Spalte 1 Nummer 2 jeweils aufgeführten Seuchen empfänglich sind, und ihre Erzeugnisse dürfen zur Weiterverarbeitung in Schutzgebiete, die frei von diesen Seuchen sind, nur in den Verkehr gebracht werden, soweit <DL Font="normal" Type="arabic"><DT>1.</DT><DD Font="normal"><LA Size="normal">sie aus Schutzgebieten stammen, die frei von diesen Seuchen sind,</LA></DD><DT>2.</DT><DD Font="normal"><LA Size="normal">sie in einem zugelassenen Verarbeitungsbetrieb unter Bedingungen gehältert und verarbeitet werden, die eine Übertragung von Seuchenerregern verhindern,</LA></DD><DT>3.</DT><DD Font="normal"><LA Size="normal">Fische vor dem Versand getötet und ausgenommen werden oder</LA></DD><DT>4.</DT><DD Font="normal"><LA Size="normal">Weichtiere oder Krebstiere unverarbeitet oder als Verarbeitungserzeugnisse versandt werden.</LA></DD></DL></P></Content></text><fussnoten/></textdaten></norm>
<norm builddate="20210615213253" doknr="BJNR231510008BJNE001701360"><metadaten><jurabk>FischSeuchV 2008</jurabk><enbez>§ 16</enbez><titel format="XML">Inverkehrbringen wildlebender Fische</titel></metadaten><textdaten><text format="XML"><Content><P>Die in Anlage 1 Spalte 3 bezeichneten empfänglichen Arten wildlebender Fische, die nicht aus einem Schutzgebiet stammen, das von einer in Anlage 1 Spalte 1 Nummer 2 jeweils aufgeführten Seuche frei ist, dürfen in Aquakulturbetriebe oder Weichtierzuchtgebiete in Schutzgebieten, die frei von dieser Seuche sind, nur in den Verkehr gebracht werden, soweit sie vor dem Inverkehrbringen in einer geeigneten Station unter Überwachung der zuständigen Behörde für einen ausreichend langen Zeitraum in Quarantäne gehalten worden sind.</P></Content></text><fussnoten/></textdaten></norm>
<norm builddate="20210615213253" doknr="BJNR231510008BJNE001800000"><metadaten><jurabk>FischSeuchV 2008</jurabk><enbez>§ 17</enbez><titel format="XML">Inverkehrbringen von Fischen zu Zierzwecken</titel></metadaten><textdaten><text format="XML"><Content><P>Fische zu Zierzwecken dürfen nur in den Verkehr gebracht werden, soweit sie andere Fische im Hinblick auf Seuchen nicht gefährden.</P></Content></text></textdaten></norm>
<norm builddate="20210615213253" doknr="BJNR231510008BJNE001900000"><metadaten><jurabk>FischSeuchV 2008</jurabk><enbez>§ 18</enbez><titel format="XML">Transport</titel></metadaten><textdaten><text format="XML"><Content><P>(1) Fische aus Aquakultur dürfen nur in Fahrzeugen oder Behältnissen transportiert werden, die <DL Type="arabic"><DT>1.</DT><DD Font="normal"><LA>wasserdicht und während des Transportes so verschlossen sind, dass Wasser nicht mehr als unvermeidlich auslaufen kann, und</LA></DD><DT>2.</DT><DD Font="normal"><LA>leicht zu reinigen und zu desinfizieren sind.</LA></DD></DL></P><P>(2) Wer das Wasser während des Transportes wechselt, hat sicherzustellen, dass durch den Wasserwechsel <DL Type="arabic"><DT>1.</DT><DD Font="normal"><LA>die beförderten Fische aus Aquakultur,</LA></DD><DT>2.</DT><DD Font="normal"><LA>die Fische am Ort des Wasserwechsels und</LA></DD><DT>3.</DT><DD Font="normal"><LA>die Fische am Bestimmungsort</LA></DD></DL>im Hinblick auf Seuchen nicht gefährdet werden. Er darf anfallende Flüssigkeiten nicht unmittelbar in Gewässer einleiten.</P><P>(3) Wer Fische aus Aquakultur transportiert, hat sicherzustellen, dass Fahrzeuge oder Behältnisse, in denen Fische aus Aquakultur transportiert worden sind, sowie Geräte, die zum Fang, Verladen, Entladen oder Umladen verwendet worden sind, mit Ausnahme großer Fanggeräte der Fluss- und Seenfischerei, vor erneuter Benutzung gereinigt und desinfiziert werden. Anfallende Flüssigkeiten dürfen nicht unmittelbar in Gewässer eingeleitet werden.</P></Content></text></textdaten></norm>
<norm builddate="20210615213253" doknr="BJNR231510008BJNG000600000"><metadaten><jurabk>FischSeuchV 2008</jurabk><gliederungseinheit><gliederungskennzahl>060</gliederungskennzahl><gliederungsbez>Abschnitt 6</gliederungsbez><gliederungstitel>Besondere Schutzmaßnahmen</gliederungstitel></gliederungseinheit></metadaten><textdaten/></norm>
<norm builddate="20210615213253" doknr="BJNR231510008BJNE002000000"><metadaten><jurabk>FischSeuchV 2008</jurabk><enbez>§ 19</enbez><titel format="XML">Schutzmaßregeln vor amtlicher Feststellung einer exotischen Seuche</titel></metadaten><textdaten><text format="XML"><Content><P>(1) Im Falle des Ausbruchs oder des Verdachts des Ausbruchs einer exotischen Seuche in einem Aquakulturbetrieb gilt vor der amtlichen Feststellung Folgendes: <DL Type="arabic"><DT>1.</DT><DD Font="normal"><LA>Die zuständige Behörde erfasst alle Fische aus Aquakultur sowie die geschätzte Anzahl seuchenkranker und verdächtiger Fische aus Aquakultur.</LA></DD><DT>2.</DT><DD Font="normal"><LA>Der Betreiber hat der zuständigen Behörde täglich den neuesten Stand der geschätzten Anzahl seuchenkranker und verdächtiger Fische aus Aquakultur mitzuteilen.</LA></DD><DT>3.</DT><DD Font="normal"><LA>Fische aus Aquakultur dürfen nur mit Genehmigung der zuständigen Behörde in oder aus dem Aquakulturbetrieb verbracht werden.</LA></DD><DT>4.</DT><DD Font="normal"><LA>Verendete Fische aus Aquakultur dürfen nur zur unschädlichen Beseitigung oder zu diagnostischen Zwecken aus dem Aquakulturbetrieb verbracht werden.</LA></DD><DT>5.</DT><DD Font="normal"><LA>Von Fischen aus Aquakultur stammende Teile, Rohstoffe, Erzeugnisse sowie Futtermittel und sonstige Gegenstände, die Träger des Seuchenerregers sein können, dürfen nur mit Genehmigung der zuständigen Behörde verbracht werden.</LA></DD><DT>6.</DT><DD Font="normal"><LA>Personen dürfen den Aquakulturbetrieb nur mit Genehmigung der zuständigen Behörde betreten und müssen vor jedem Verlassen der Anlage ihr Schuhwerk reinigen und desinfizieren.</LA></DD><DT>7.</DT><DD Font="normal"><LA>Transportmittel, mit denen Fische aus Aquakultur transportiert werden, müssen vor dem Verlassen des Aquakulturbetriebes gereinigt und desinfiziert werden.</LA></DD></DL></P><P>(2) Alle Aquakulturbetriebe eines Wassereinzugsgebietes, in dem der Verdacht des Ausbruchs einer exotischen Seuche besteht, unterliegen der amtlichen Beobachtung. Aus den amtlicher Beobachtung unterliegenden Anlagen dürfen Fische aus Aquakultur nur mit Genehmigung der zuständigen Behörde verbracht werden. Die zuständige Behörde kann die Maßnahmen nach Satz 1 auf einen Teil des Wassereinzugsgebietes um den betroffenen Aquakulturbetrieb beschränken, sofern Belange der Seuchenbekämpfung nicht entgegenstehen.</P><P>(3) Die zuständige Behörde führt epidemiologische Untersuchungen durch. Diese Nachforschungen erstrecken sich auf <DL Type="arabic"><DT>1.</DT><DD Font="normal"><LA>den Zeitraum, in dem der Seuchenerreger bereits im Aquakulturbetrieb gewesen sein kann, bevor der Verdacht angezeigt worden ist,</LA></DD><DT>2.</DT><DD Font="normal"><LA>die mögliche Eintragsquelle sowie</LA></DD><DT>3.</DT><DD Font="normal"><LA>die Ermittlung anderer Aquakulturbetriebe, aus denen Fische aus Aquakultur in den Aquakulturbetrieb, in dem der Verdacht besteht, oder in die Fische aus Aquakultur aus dem Aquakulturbetrieb, in dem der Verdacht besteht, verbracht worden sind.</LA></DD></DL></P><P>(4) Ergibt die epidemiologische Untersuchung nach Absatz 3, dass der Seuchenerreger in einen anderen Aquakulturbetrieb oder ein Weichtierzuchtgebiet oder fließende Gewässer eingeschleppt worden ist, gilt für diese Absatz 1 entsprechend.</P><P>(5) Die zuständige Behörde kann die Maßnahmen nach den Absätzen 1 bis 4 auch für die in § 6 Abs. 1 genannten Betriebe anordnen.</P></Content></text></textdaten></norm>
<norm builddate="20210615213253" doknr="BJNR231510008BJNE002101360"><metadaten><jurabk>FischSeuchV 2008</jurabk><enbez>§ 20</enbez><titel format="XML">Schutzmaßregeln nach amtlicher Feststellung einer exotischen Seuche</titel></metadaten><textdaten><text format="XML"><Content><P>(1) Ist der Ausbruch oder der Verdacht des Ausbruchs einer exotischen Seuche in einem Aquakulturbetrieb amtlich festgestellt, so unterliegt der Aquakulturbetrieb nach Maßgabe folgender Vorschriften der Sperre: <DL Font="normal" Type="arabic"><DT>1.</DT><DD Font="normal"><LA Size="normal">Der Betreiber des Aquakulturbetriebes hat verendete Fische aus Aquakultur unverzüglich unschädlich zu beseitigen oder beseitigen zu lassen.</LA></DD><DT>2.</DT><DD Font="normal"><LA Size="normal">Für die lebenden Fische aus Aquakultur ordnet die zuständige Behörde die sofortige Tötung und unschädliche Beseitigung an.</LA></DD><DT>3.</DT><DD Font="normal"><LA Size="normal">Die zuständige Behörde kann für ansteckungsverdächtige Fische aus Aquakultur von einer Anordnung nach Nummer 2 absehen, sofern sichergestellt ist, dass die Fische aus Aquakultur unverzüglich unter amtlicher Aufsicht geschlachtet und die Innereien unschädlich beseitigt werden.</LA></DD><DT>4.</DT><DD Font="normal"><LA Size="normal">Transportmittel, mit denen lebende und verendete Fische aus Aquakultur transportiert werden, müssen vor dem Verlassen des Aquakulturbetriebes gereinigt und desinfiziert werden.</LA></DD><DT>5.</DT><DD Font="normal"><LA Size="normal">Nach Entfernung der Fische aus Aquakultur sind der Aquakulturbetrieb sowie Gegenstände, die Träger des Seuchenerregers sein können, nach näherer Anweisung der zuständigen Behörde zu reinigen und zu desinfizieren.</LA></DD><DT>6.</DT><DD Font="normal"><LA Size="normal">Von Fischen aus Aquakultur stammende Teile, Rohstoffe, Erzeugnisse sowie Futtermittel und sonstige Gegenstände, die Träger des Seuchenerregers sein können, dürfen nur mit Genehmigung der zuständigen Behörde verbracht werden.</LA></DD><DT>7.</DT><DD Font="normal"><LA Size="normal">Personen dürfen den Aquakulturbetrieb nur mit Genehmigung der zuständigen Behörde betreten und müssen vor jedem Verlassen der Anlage ihr Schuhwerk reinigen und desinfizieren.</LA></DD></DL></P><P>(2) Alle der amtlichen Beobachtung nach § 19 Abs. 2 unterliegenden Aquakulturbetriebe sind nach näherer Anweisung der zuständigen Behörde auf die in Anlage 1 Spalte 1 Nummer 1 aufgeführte exotische Seuche zu untersuchen. Die zuständige Behörde kann die Maßnahmen nach Satz 1 auch für die in § 6 Abs. 1 genannten Betriebe anordnen.</P><P>(3) § 19 Abs. 3 gilt entsprechend.</P></Content></text><fussnoten/></textdaten></norm>
<norm builddate="20210615213253" doknr="BJNR231510008BJNE002200000"><metadaten><jurabk>FischSeuchV 2008</jurabk><enbez>§ 21</enbez><titel format="XML">Sperrgebiet, Überwachungsgebiet nach amtlicher Feststellung einer exotischen Seuche</titel></metadaten><textdaten><text format="XML"><Content><P>(1) Ist der Ausbruch einer exotischen Seuche in einem Aquakulturbetrieb amtlich festgestellt, so legt die zuständige Behörde in Abhängigkeit von der Übertragbarkeit der Seuche sowie der geographischen Gegebenheiten, insbesondere des Wassereinzugsgebietes, ein Gebiet, das für die Vermeidung der Verschleppung der exotischen Seuche angemessen groß ist, um den betroffenen Aquakulturbetrieb als Sperrgebiet fest. Die in dem Sperrgebiet gelegenen Betriebe <DL Type="arabic"><DT>1.</DT><DD Font="normal"><LA>sind nach näherer Anweisung der zuständigen Behörde auf die exotische Seuche zu untersuchen und</LA></DD><DT>2.</DT><DD Font="normal"><LA>unterliegen der behördlichen Beobachtung.</LA></DD></DL>Wer Fische aus Aquakultur aus einem in dem Sperrgebiet gelegenen Betrieb verbringen will, bedarf der Genehmigung der zuständigen Behörde.</P><P>(2) Die zuständige Behörde legt ferner ein Gebiet außerhalb des Sperrgebietes nach Absatz 1, das für die Vermeidung der Verschleppung der exotischen Seuche angemessen groß ist, als Überwachungsgebiet fest. Die zuständige Behörde kann in dem Überwachungsgebiet über die Untersuchungen nach § 7 Abs. 1 hinaus zusätzliche Untersuchungen durchführen.</P></Content></text></textdaten></norm>
<norm builddate="20210615213253" doknr="BJNR231510008BJNE002300000"><metadaten><jurabk>FischSeuchV 2008</jurabk><enbez>§ 22</enbez><titel format="XML">Schutzmaßregeln nach amtlicher Feststellung des Ausbruchs oder Verdacht des Ausbruchs einer nicht exotischen Seuche in einem Aquakulturbetrieb</titel></metadaten><textdaten><text format="XML"><Content><P>(1) Ist der Ausbruch oder der Verdacht des Ausbruchs einer nicht exotischen Seuche in einem Aquakulturbetrieb amtlich festgestellt, so gilt Folgendes: <DL Type="arabic"><DT>1.</DT><DD Font="normal"><LA>Der Betreiber des Aquakulturbetriebes hat seuchenkranke oder seuchenverdächtige Fische aus Aquakultur nach näherer Weisung der zuständigen Behörde unverzüglich zu töten oder töten zu lassen und unschädlich zu beseitigen oder beseitigen zu lassen.</LA></DD><DT>2.</DT><DD Font="normal"><LA>Nicht unter Nummer 1 fallende Fische aus Aquakultur dürfen nur mit Genehmigung der zuständigen Behörde und nur in einen anderen von der derselben nicht exotischen Seuche betroffenen Aquakulturbetrieb oder zu diagnostischen Zwecken verbracht oder zur unmittelbaren Schlachtung abgegeben werden.</LA></DD><DT>3.</DT><DD Font="normal"><LA>Bei der Schlachtung nach Nummer 2 anfallende Innereien sind unschädlich zu beseitigen.</LA></DD><DT>4.</DT><DD Font="normal"><LA>Der Betreiber eines Aquakulturbetriebes hat verendete Fische aus Aquakultur unverzüglich unschädlich zu beseitigen oder beseitigen zu lassen.</LA></DD></DL></P><P>(2) Die zuständige Behörde kann, sofern es aus Gründen der Seuchenbekämpfung erforderlich ist, anordnen, dass <DL Type="arabic"><DT>1.</DT><DD Font="normal"><LA>Personen den Aquakulturbetrieb nur mit Genehmigung der zuständigen Behörde betreten dürfen,</LA></DD><DT>2.</DT><DD Font="normal"><LA>Personen vor jedem Verlassen des Aquakulturbetriebes ihr Schuhwerk reinigen und desinfizieren müssen,</LA></DD><DT>3.</DT><DD Font="normal"><LA>Fahrzeuge, Behältnisse und Gerätschaften, die zum Verbringen von Fischen aus Aquakultur in den Betrieb oder aus dem Betrieb verwendet werden, unmittelbar nach dem Entladen gereinigt und desinfiziert werden müssen,</LA></DD><DT>4.</DT><DD Font="normal"><LA>Gerätschaften und sonstige Gegenstände, die Träger des Seuchenerregers sein können, nur nach Reinigung und Desinfektion aus dem Aquakulturbetrieb verbracht werden dürfen.</LA></DD></DL></P><P>(3) Die zuständige Behörde kann die Maßnahmen nach den Absätzen 1 und 2 auch für die in § 6 Abs. 1 genannten Betriebe anordnen.</P></Content></text></textdaten></norm>
<norm builddate="20210615213253" doknr="BJNR231510008BJNE002400000"><metadaten><jurabk>FischSeuchV 2008</jurabk><enbez>§ 23</enbez><titel format="XML">Schutzmaßregeln bei Ansteckungsverdacht für eine nicht exotische Seuche</titel></metadaten><textdaten><text format="XML"><Content><P>(1) Ist in einem Aquakulturbetrieb der Ausbruch oder der Verdacht des Ausbruchs einer nicht exotischen Seuche amtlich festgestellt, so stellt die zuständige Behörde epidemiologische Nachforschungen im Sinne des § 19 Abs. 3 an und ordnet für Aquakulturbetriebe, <DL Type="arabic"><DT>1.</DT><DD Font="normal"><LA>aus denen die nicht exotische Seuche eingeschleppt oder</LA></DD><DT>2.</DT><DD Font="normal"><LA>in welche die nicht exotische Seuche weiterverschleppt worden sein kann,</LA></DD></DL>die behördliche Beobachtung an. § 19 Abs. 2 Satz 2 gilt entsprechend. Die zuständige Behörde kann histologische, molekularbiologische, mykologische, parasitologische oder virologische Untersuchungen anordnen.</P><P>(2) Die zuständige Behörde kann die Maßnahmen nach Absatz 1 auch für die in § 6 Abs. 1 genannten Betriebe anordnen.</P></Content></text></textdaten></norm>
<norm builddate="20210615213253" doknr="BJNR231510008BJNE002500000"><metadaten><jurabk>FischSeuchV 2008</jurabk><enbez>§ 24</enbez><titel format="XML">Schutzmaßregeln nach amtlicher Feststellung des Verdachts des Ausbruchs einer nicht exotischen Seuche in einem Schutzgebiet</titel></metadaten><textdaten><text format="XML"><Content><P>(1) Ist der Verdacht des Ausbruchs einer nicht exotischen Seuche in einem Schutzgebiet amtlich festgestellt, so gilt Folgendes: <DL Type="arabic"><DT>1.</DT><DD Font="normal"><LA>Die zuständige Behörde setzt das Schutzgebiet aus und ordnet histologische, molekularbiologische, mykologische, parasitologische oder virologische Untersuchungen an.</LA></DD><DT>2.</DT><DD Font="normal"><LA>Bis zum Vorliegen der Ergebnisse dürfen Fische aus Aquakultur, die nicht seuchenkrank oder seuchenverdächtig sind, nur mit Genehmigung der zuständigen Behörde und nur in einen anderen von derselben nicht exotischen Seuche betroffenen Aquakulturbetrieb verbracht oder zur unmittelbaren Schlachtung abgegeben werden.</LA></DD><DT>3.</DT><DD Font="normal"><LA>Bei der Schlachtung nach Nummer 2 anfallende Innereien sind unschädlich zu beseitigen.</LA></DD><DT>4.</DT><DD Font="normal"><LA>Verendete oder getötete Tiere aus Aquakultur dürfen nur mit Genehmigung der zuständigen Behörde und nur zu diagnostischen Zwecken oder unschädlichen Beseitigung verbracht werden.</LA></DD></DL></P><P>(2) § 22 Abs. 2 gilt entsprechend.</P></Content></text></textdaten></norm>
<norm builddate="20210615213253" doknr="BJNR231510008BJNE002600000"><metadaten><jurabk>FischSeuchV 2008</jurabk><enbez>§ 25</enbez><titel format="XML">Schutzmaßregeln nach amtlicher Feststellung des Ausbruchs einer nicht exotischen Seuche in einem Schutzgebiet</titel></metadaten><textdaten><text format="XML"><Content><P>Ist eine nicht exotische Seuche in einem Schutzgebiet amtlich festgestellt, so unterliegt das Schutzgebiet nach Maßgabe folgender Vorschriften der Sperre: <DL Type="arabic"><DT>1.</DT><DD Font="normal"><LA>Die zuständige Behörde widerruft die Festlegung als Schutzgebiet.</LA></DD><DT>2.</DT><DD Font="normal"><LA>§ 22 ist entsprechend anzuwenden.</LA></DD></DL></P></Content></text></textdaten></norm>
<norm builddate="20210615213253" doknr="BJNR231510008BJNE002701118"><metadaten><jurabk>FischSeuchV 2008</jurabk><enbez>§ 26</enbez><titel format="XML">Schutzmaßregeln bei Ansteckungsverdacht für eine nicht exotische Seuche ausgehend von einem Schutzgebiet</titel></metadaten><textdaten><text format="XML"><Content><P>(1) Ist in einem Schutzgebiet der Verdacht des Ausbruchs oder der Ausbruch einer nicht exotischen Seuche amtlich festgestellt, so stellt die zuständige Behörde epidemiologische Nachforschungen gemäß § 19 Abs. 3 an und ordnet für Aquakulturbetriebe, <DL Type="arabic"><DT>1.</DT><DD Font="normal"><LA>aus denen die nicht exotische Seuche eingeschleppt oder</LA></DD><DT>2.</DT><DD Font="normal"><LA>in welche die nicht exotische Seuche bereits weiter verschleppt worden sein kann,</LA></DD></DL>die behördliche Beobachtung an; § 19 Abs. 2 gilt entsprechend. Die zuständige Behörde kann histologische, molekularbiologische, parasitologische oder virologische Untersuchungen anordnen.</P><P>(2) Die zuständige Behörde kann die Maßnahmen nach Absatz 1 auch für die in § 6 Abs. 1 genannten Betriebe anordnen.</P></Content></text><fussnoten/></textdaten></norm>
<norm builddate="20210615213253" doknr="BJNR231510008BJNE002800000"><metadaten><jurabk>FischSeuchV 2008</jurabk><enbez>§ 27</enbez><titel format="XML">Sperrgebiet, Überwachungsgebiet nach amtlicher Feststellung einer nicht exotischen Seuche</titel></metadaten><textdaten><text format="XML"><Content><P>Ist der Ausbruch einer nicht exotischen Seuche in einem Aquakulturbetrieb amtlich festgestellt, legt die zuständige Behörde in Abhängigkeit von der Übertragbarkeit der Seuche sowie den geographischen Gegebenheiten, insbesondere des Wassereinzugsgebietes, ein Gebiet, das für die Vermeidung der Verschleppung der nicht exotischen Seuche angemessen groß ist, um den betroffenen Aquakulturbetrieb als Sperrgebiet und außerhalb des Sperrgebietes als Überwachungsgebiet fest. Für das Sperrgebiet gilt § 21 Abs. 1 Satz 2 und 3, für das Überwachungsgebiet § 21 Abs. 2 Satz 2 entsprechend.</P></Content></text></textdaten></norm>
<norm builddate="20210615213253" doknr="BJNR231510008BJNE002901360"><metadaten><jurabk>FischSeuchV 2008</jurabk><enbez>§ 28</enbez><titel format="XML">Aufhebung der Schutzmaßregeln</titel></metadaten><textdaten><text format="XML"><Content><P>(1) Angeordnete Schutzmaßregeln nach den §§ 19 bis 27 sind aufzuheben, soweit die Seuche erloschen ist oder der Verdacht des Ausbruchs der Seuche beseitigt ist oder sich als unbegründet erwiesen hat.</P><P>(2) Die Seuche gilt als erloschen, soweit <DL Font="normal" Type="arabic"><DT>1.</DT><DD Font="normal"><LA Size="normal">alle Fische aus Aquakultur des Betriebes oder einzelner in sich abgeschlossener Teile des Aquakulturbetriebes verendet, getötet oder entfernt worden sind und</LA></DD><DT>2.</DT><DD Font="normal"><LA Size="normal">die Desinfektion des Betriebes oder einzelner in sich abgeschlossener Teile des Aquakulturbetriebes nach näherer Anweisung der zuständigen Behörde durchgeführt worden ist.</LA></DD></DL></P><P>(3) Die zuständige Behörde hebt die Festlegung als Sperrgebiet nach den §§ 21 und 27 auf, soweit die Untersuchungen in dem Sperrgebiet mit negativem Ergebnis abgeschlossen worden sind.</P><P>(4) Die zuständige Behörde hebt die Festlegung als Überwachungsgebiet nach den §§ 21 und 27 auf, soweit die Untersuchungen in dem Überwachungsgebiet mit negativem Ergebnis abgeschlossen worden sind.</P><P>(5) Nach Aufhebung der Schutzmaßregeln wegen einer in Anlage 1 Spalte 1 Nummer 1 aufgeführten exotischen Seuche kann die zuständige Behörde den Wiederbesatz eines Aquakulturbetriebes von dem Ergebnis der Untersuchung nach § 20 Abs. 2 Satz 1 abhängig machen.</P></Content></text><fussnoten/></textdaten></norm>
<norm builddate="20210615213253" doknr="BJNR231510008BJNG000700000"><metadaten><jurabk>FischSeuchV 2008</jurabk><gliederungseinheit><gliederungskennzahl>070</gliederungskennzahl><gliederungsbez>Abschnitt 7</gliederungsbez><gliederungstitel>Ordnungswidrigkeiten, Übergangsbestimmungen</gliederungstitel></gliederungseinheit></metadaten><textdaten/></norm>
<norm builddate="20210615213253" doknr="BJNR231510008BJNE003001301"><metadaten><jurabk>FischSeuchV 2008</jurabk><enbez>§ 29</enbez><titel format="XML">Ordnungswidrigkeiten</titel></metadaten><textdaten><text format="XML"><Content><P>Ordnungswidrig im Sinne des § 32 Absatz 2 Nummer 4 Buchstabe a des Tiergesundheitsgesetzes handelt, wer vorsätzlich oder fahrlässig <DL Font="normal" Type="arabic"><DT>1.</DT><DD Font="normal"><LA Size="normal">ohne Genehmigung nach § 3 Satz 1 einen Fisch hält, verbringt oder abgibt oder einen toten Fisch oder einen Teil davon verbringt, abgibt oder verwertet,</LA></DD><DT>2.</DT><DD Font="normal"><LA Size="normal">einer vollziehbaren Auflage nach § 4 Absatz 3 Satz 1 zuwiderhandelt,</LA></DD><DT>3.</DT><DD Font="normal"><LA Size="normal">ohne Registrierung nach § 6 Absatz 1 eine dort genannte Tätigkeit ausübt,</LA></DD><DT>4.</DT><DD Font="normal"><LA Size="normal">einer vollziehbaren Anordnung nach § 7 Absatz 2, § 8 Absatz 3, § 9 Absatz 2, § 20 Absatz 1 Nummer 2, § 21 Absatz 1 Satz 2 Nummer 1, auch in Verbindung mit § 27 Satz 2, nach § 22 Absatz 1 Nummer 1, auch in Verbindung mit § 25 Nummer 2, nach § 22 Absatz 2, auch in Verbindung mit § 24 Absatz 2 oder § 25 Nummer 2, nach § 23 Absatz 1 Satz 3 oder § 26 Absatz 1 Satz 2, auch in Verbindung mit § 26 Absatz 2, zuwiderhandelt,</LA></DD><DT>5.</DT><DD Font="normal"><LA Size="normal">entgegen § 7 Absatz 3 Satz 1, auch in Verbindung mit Satz 2, eine Mitteilung nicht, nicht richtig oder nicht rechtzeitig macht,</LA></DD><DT>6.</DT><DD Font="normal"><LA Size="normal">entgegen § 8 Absatz 1 ein Buch nicht, nicht richtig oder nicht vollständig führt,</LA></DD><DT>7.</DT><DD Font="normal"><LA Size="normal">entgegen § 8 Absatz 2 Satz 2 ein Buch nicht oder nicht mindestens drei Jahre aufbewahrt,</LA></DD><DT>8.</DT><DD Font="normal"><LA Size="normal">entgegen § 11 Absatz 1 Satz 1 oder Absatz 2 gegen eine dort genannte Seuche impft,</LA></DD><DT>9.</DT><DD Font="normal"><LA Size="normal">entgegen § 13 Absatz 1 oder § 19 Absatz 1 Nummer 4 einen Fisch verbringt,</LA></DD><DT>10.</DT><DD Font="normal"><LA Size="normal">entgegen § 18 Absatz 2 Satz 2 oder Absatz 3 Satz 2 Flüssigkeit einleitet,</LA></DD><DT>11.</DT><DD Font="normal"><LA Size="normal">ohne Genehmigung nach § 19 Absatz 1 Nummer 3 oder Nummer 5, § 20 Absatz 1 Nummer 6, § 21 Absatz 1 Satz 3, § 22 Absatz 1 Nummer 2 oder § 24 Absatz 1 Nummer 2 einen Fisch, ein Teil, einen Rohstoff, ein Erzeugnis, ein Futtermittel oder einen sonstigen Gegenstand verbringt oder abgibt,</LA></DD><DT>12.</DT><DD Font="normal"><LA Size="normal">einer mit einer Genehmigung nach § 19 Absatz 1 Nummer 3, 5 oder Nummer 6, § 20 Absatz 1 Nummer 6 oder Nummer 7, § 21 Absatz 1 Satz 3, § 22 Absatz 1 Nummer 2 oder § 24 Absatz 1 Nummer 2 verbundenen vollziehbaren Auflage zuwiderhandelt,</LA></DD><DT>13.</DT><DD Font="normal"><LA Size="normal">ohne Genehmigung nach § 19 Absatz 1 Nummer 6 oder § 20 Absatz 1 Nummer 7 einen Aquakulturbetrieb betritt,</LA></DD><DT>14.</DT><DD Font="normal"><LA Size="normal">entgegen § 19 Absatz 1 Nummer 7 oder § 20 Absatz 1 Nummer 4 ein Transportmittel nicht oder nicht rechtzeitig reinigt oder nicht oder nicht rechtzeitig desinfiziert oder</LA></DD><DT>15.</DT><DD Font="normal"><LA Size="normal">entgegen § 20 Absatz 1 Nummer 1 einen Fisch nicht, nicht richtig oder nicht rechtzeitig beseitigt und nicht, nicht richtig oder nicht rechtzeitig beseitigen lässt.</LA></DD></DL></P></Content></text><fussnoten/></textdaten></norm>
<norm builddate="20210615213253" doknr="BJNR231510008BJNE003100000"><metadaten><jurabk>FischSeuchV 2008</jurabk><enbez>§ 30</enbez><titel format="XML">Übergangsbestimmungen</titel></metadaten><textdaten><text format="XML"><Content><P>(1) Aquakulturbetriebe, die zum Zeitpunkt des Inkrafttretens dieser Verordnung nach § 2 Abs. 1 der Fischseuchenverordnung in der Fassung der Bekanntmachung vom 20. Dezember 2005 (BGBl. I S. 3563) angezeigt sind, gelten, <DL Type="arabic"><DT>1.</DT><DD Font="normal"><LA>soweit sie in den Anwendungsbereich des § 3 Abs. 1 fallen, als vorläufig genehmigt oder</LA></DD><DT>2.</DT><DD Font="normal"><LA>soweit sie in den Anwendungsbereich des § 6 Abs. 1 fallen, als vorläufig registriert.</LA></DD></DL>Die vorläufige Genehmigung erlischt, wenn nicht innerhalb von sechs Monaten nach dem 29. November 2008 die Genehmigung beantragt wird oder im Fall rechtzeitiger Antragstellung mit Eintritt der Unanfechtbarkeit der Entscheidung über den Antrag. Die vorläufige Registrierung erlischt, wenn die Anzeige nach § 6 Abs. 2 zur Registrierung nicht innerhalb von sechs Monaten nach dem 29. November 2008 erfolgt ist.</P><P>(2) Die nach § 13 oder § 14 der Fischseuchenverordnung in der Fassung der Bekanntmachung vom 20. Dezember 2005 (BGBl. I S. 3563) zugelassenen Gebiete oder Betriebe gelten als Schutzgebiete nach § 10.</P></Content></text></textdaten></norm>
<norm builddate="20210615213253" doknr="BJNR231510008BJNE003204360"><metadaten><jurabk>FischSeuchV 2008</jurabk><enbez>Anlage 1</enbez><titel format="XML">(zu den §§ 2, 7, 10, 11, 12, 14, 15, 16, 20, 28)<BR/>Liste der Seuchen</titel></metadaten><textdaten><text format="XML"><Content><P><noindex><kommentar typ="Fundstelle">(Fundstelle: BGBl. I 2014, 1559 - 1560)</kommentar></noindex></P><BR/><BR/><table frame="all" pgwide="1" rowsep="1" tocentry="%yes;"><tgroup align="left" char="" charoff="50" cols="8"><colspec colname="col1" colwidth="4**"/><colspec colname="col2" colwidth="20*"/><colspec colname="col3" colsep="1" colwidth="35*"/><colspec align="center" colname="col4" colsep="1" colwidth="13*"/><colspec align="center" colname="col5" colsep="1" colwidth="13*"/><colspec align="center" colname="col6" colsep="1" colwidth="13*"/><colspec align="center" colname="col7" colsep="1" colwidth="13*"/><colspec colname="col8" colsep="1" colwidth="65*"/><thead valign="bottom"><row><entry VJ="1" align="center" colsep="1" nameend="col3" namest="col1">1</entry><entry VJ="1" align="center" nameend="col7" namest="col4">2</entry><entry VJ="1" align="center" colname="col8">3</entry></row><row><entry VJ="1" align="center" colsep="1" nameend="col3" namest="col1">Seuchen</entry><entry VJ="1" align="center" nameend="col7" namest="col4">Untersuchungsmethoden</entry><entry VJ="1" align="center" colname="col8">Empfängliche Arten</entry></row><row><entry VJ="1" colname="col1" colsep="0"/><entry VJ="1" colsep="1" nameend="col3" namest="col2"/><entry VJ="1" align="center" colname="col4" valign="middle">histo-<BR/> logisch</entry><entry VJ="1" align="center" colname="col5" valign="middle">mole-<BR/> kular-<BR/> bio-<BR/> logisch</entry><entry VJ="1" align="center" colname="col6" valign="middle">para-<BR/> sito-<BR/> logisch</entry><entry VJ="1" align="center" colname="col7" valign="middle">viro-<BR/> logisch</entry><entry VJ="1" colname="col8"/></row></thead><tbody valign="top"><row><entry VJ="1" colname="col1" colsep="0">1.</entry><entry VJ="1" colsep="1" nameend="col3" namest="col2"><B>Exotische Seuchen</B></entry><entry VJ="1" colname="col4"/><entry VJ="1" colname="col5"/><entry VJ="1" colname="col6"/><entry VJ="1" colname="col7"/><entry VJ="1" colname="col8"/></row><row><entry VJ="1" colname="col1" colsep="0"/><entry VJ="1" colname="col2" colsep="0">Fische:</entry><entry VJ="1" colname="col3">Epizootische Hämatopoetische Nekrose</entry><entry VJ="1" colname="col4"/><entry VJ="1" colname="col5">X</entry><entry VJ="1" colname="col6"/><entry VJ="1" colname="col7">X</entry><entry VJ="1" colname="col8">Regenbogenforelle (Oncorhynchus mykiss), Europäischer Flussbarsch (Perca fluviatilis)</entry></row><row><entry VJ="1" colname="col1" colsep="0"/><entry VJ="1" colname="col2" colsep="0">Weichtiere:</entry><entry VJ="1" colname="col3">Infektion mit Bonamia exitiosa</entry><entry VJ="1" colname="col4">X</entry><entry VJ="1" colname="col5"/><entry VJ="1" colname="col6">X</entry><entry VJ="1" colname="col7"/><entry VJ="1" colname="col8">Australische Flachauster (Ostrea angasi), Chilenische Flachauster (Ostrea chilensis)</entry></row><row><entry VJ="1" colname="col1" colsep="0"/><entry VJ="1" colname="col2" colsep="0"/><entry VJ="1" colname="col3">Infektion mit Perkinsus marinus</entry><entry VJ="1" colname="col4">X</entry><entry VJ="1" colname="col5"/><entry VJ="1" colname="col6">X</entry><entry VJ="1" colname="col7"/><entry VJ="1" colname="col8">Pazifische Auster (Crassostrea gigas), Amerikanische Auster (Crassostrea virginica)</entry></row><row><entry VJ="1" colname="col1" colsep="0"/><entry VJ="1" colname="col2" colsep="0"/><entry VJ="1" colname="col3">Infektion mit Microcytos mackini</entry><entry VJ="1" colname="col4">X</entry><entry VJ="1" colname="col5"/><entry VJ="1" colname="col6">X</entry><entry VJ="1" colname="col7"/><entry VJ="1" colname="col8">Pazifische Auster (Crassostrea gigas), Amerikanische Auster (Crassostrea virginica), Westamerikanische Auster (Ostrea conchaphila), Europäische Auster (Ostrea edulis)</entry></row><row><entry VJ="1" colname="col1" colsep="0"/><entry VJ="1" colname="col2" colsep="0">Krebstiere:</entry><entry VJ="1" colname="col3">Taura-Syndrom</entry><entry VJ="1" colname="col4"/><entry VJ="1" colname="col5">X</entry><entry VJ="1" colname="col6"/><entry VJ="1" colname="col7"/><entry VJ="1" colname="col8">Atlantische Weiße Garnele (Penaeus setiferus), Pazifische Blaue Garnele<BR/>(Penaeus stylirostris), Pazifische Weiße Garnele (Penaeus vannamei)</entry></row><row><entry VJ="1" colname="col1" colsep="0"/><entry VJ="1" colname="col2" colsep="0"/><entry VJ="1" colname="col3">Yellowhead Disease</entry><entry VJ="1" colname="col4"/><entry VJ="1" colname="col5">X</entry><entry VJ="1" colname="col6"/><entry VJ="1" colname="col7"/><entry VJ="1" colname="col8">Atlantische Braune Garnele (Penaeus aztecus), Nördliche Rosa Garnele (Penaeus duorarum), Radgarnele (Penaeus japonicus), Schwarze Tigergarnele (Penaeus monodon), Atlantische Weiße Garnele (Penaeus setiferus), Pazifische Blaue Garnele (Penaeus stylirostris), Pazifische Weiße Garnele (Penaeus vannamei)</entry></row><row><entry VJ="1" colname="col1" colsep="0">2.</entry><entry VJ="1" colsep="1" nameend="col3" namest="col2"><B>Nicht exotische Seuchen</B></entry><entry VJ="1" colname="col4"/><entry VJ="1" colname="col5"/><entry VJ="1" colname="col6"/><entry VJ="1" colname="col7"/><entry VJ="1" colname="col8"/></row><row><entry VJ="1" colname="col1" colsep="0"/><entry VJ="1" colname="col2" colsep="0">Fische:</entry><entry VJ="1" colname="col3">Virale hämorrhagische Septikämie</entry><entry VJ="1" colname="col4"/><entry VJ="1" colname="col5">X</entry><entry VJ="1" colname="col6"/><entry VJ="1" colname="col7">X</entry><entry VJ="1" colname="col8">Hering (Clupea spp.), Felchen (Coregonus sp.), Hecht (Esox lucius), Schellfisch (Gadus aeglefinus), Pazifischer Kabeljau (Gadus macrocephalus), Dorsch (Gadus morhua), Pazifischer Lachs (Oncorhynchus spp.), Regenbogenforelle (Oncorhynchus mykiss), Seequappe (Onos mustelus), Forelle (Salmo trutta), Steinbutt (Scophthalmus maximus), Sprotte (Sprattus sprattus), Äsche (Thymallus thymallus), Japanische Flunder (Paralichthys olivaceus)</entry></row><row><entry VJ="1" colname="col1" colsep="0"/><entry VJ="1" colname="col2" colsep="0"/><entry VJ="1" colname="col3">Infektiöse hämatopoetische Nekrose</entry><entry VJ="1" colname="col4"/><entry VJ="1" colname="col5">X</entry><entry VJ="1" colname="col6"/><entry VJ="1" colname="col7">X</entry><entry VJ="1" colname="col8">Keta-Lachs (Oncorhynchus keta), Silberlachs (Oncorhynchus kisutch), Japan-Lachs (Oncorhynchus masou), Regenbogenforelle (Oncorhynchus mykiss), Rotlachs (Oncorhynchus nerka), Biwa-Forelle (Oncorhynchus rhodurus), Königslachs (Oncorhynchus tshawytscha), Atlantischer Lachs (Salmo salar)</entry></row><row><entry VJ="1" colname="col1" colsep="0"/><entry VJ="1" colname="col2" colsep="0"/><entry VJ="1" colname="col3">Koi-Herpes-Infektion</entry><entry VJ="1" colname="col4"/><entry VJ="1" colname="col5">X</entry><entry VJ="1" colname="col6"/><entry VJ="1" colname="col7">X</entry><entry VJ="1" colname="col8">Karpfen (Cyprinus carpio)</entry></row><row><entry VJ="1" colname="col1" colsep="0"/><entry VJ="1" colname="col2" colsep="0"/><entry VJ="1" colname="col3">Infektiöse Anämie der Lachse: Infektion mit Genotyp HPR-deletiert der Art Isavirus</entry><entry VJ="1" colname="col4"/><entry VJ="1" colname="col5">X</entry><entry VJ="1" colname="col6"/><entry VJ="1" colname="col7">X</entry><entry VJ="1" colname="col8">Regenbogenforelle (Oncorhynchus mykiss), Atlantischer Lachs (Salmo salar), Forelle (Salmo trutta)</entry></row><row><entry VJ="1" colname="col1" colsep="0"/><entry VJ="1" colname="col2" colsep="0">Weichtiere:</entry><entry VJ="1" colname="col3">Infektion mit Marteilia refringens</entry><entry VJ="1" colname="col4">X</entry><entry VJ="1" colname="col5"/><entry VJ="1" colname="col6">X</entry><entry VJ="1" colname="col7"/><entry VJ="1" colname="col8">Australische Flachauster (Ostrea angasi), Chilenische Flachauster (Ostrea chilensis), Europäische Auster (Ostrea edulis), Argentinische Auster (Ostrea puelchana), Miesmuschel (Mytilus edulis), Mittelmeermiesmuschel (Mytilus galloprovincialis)</entry></row><row><entry VJ="1" colname="col1" colsep="0"/><entry VJ="1" colname="col2" colsep="0"/><entry VJ="1" colname="col3">Infektion mit Bonamia ostreae</entry><entry VJ="1" colname="col4">X</entry><entry VJ="1" colname="col5"/><entry VJ="1" colname="col6">X</entry><entry VJ="1" colname="col7"/><entry VJ="1" colname="col8">Australische Flachauster (Ostrea angasi), Chilenische Flachauster (Ostrea chilensis), Westamerikanische Auster (Ostrea conchaphila), Asiatische Auster (Ostrea denselammellosa), Europäische Auster (Ostrea edulis), Argentinische Auster (Ostrea puelchana)</entry></row><row><entry VJ="1" colname="col1" colsep="0"/><entry VJ="1" colname="col2" colsep="0">Krebstiere:</entry><entry VJ="1" colname="col3">Weißpünktchenkrankheit</entry><entry VJ="1" colname="col4"/><entry VJ="1" colname="col5">X</entry><entry VJ="1" colname="col6"/><entry VJ="1" colname="col7"/><entry VJ="1" colname="col8">alle zehnfüßigen Krebstiere (Ordnung der Dekapoden)</entry></row></tbody></tgroup></table></Content></text><fussnoten/></textdaten></norm>
<norm builddate="20210615213253" doknr="BJNR231510008BJNE003300000"><metadaten><jurabk>FischSeuchV 2008</jurabk><enbez>Anlage 2</enbez><titel format="XML">(zu § 13)</titel></metadaten><textdaten><text format="XML"><Content><P><kommentar typ="Fundstelle">(Fundstelle: BGBl. I 2008, 2325)</kommentar><BR/><B>A. Tiergesundheitsbescheinigung für Tiere aus Aquakultur – Anlagenpass –</B></P><table frame="none" pgwide="1" tocentry="%yes;"><tgroup align="left" char="" charoff="50" cols="3"><colspec colname="col1" colnum="1" colwidth="1.50*"/><colspec colname="col2" colnum="2" colwidth="3.00*"/><colspec colname="col3" colnum="3" colwidth="3.00*"/><tbody valign="top"><row><entry VJ="1" align="left" colname="col1" colsep="0" rowsep="0" valign="top">Der Aquakulturbetrieb:</entry><entry VJ="1" align="left" colsep="0" nameend="col3" namest="col2" rowsep="0" valign="top">(Name) ....................</entry></row><row><entry VJ="1" align="left" colname="col1" colsep="0" rowsep="0" valign="top"/><entry VJ="1" align="left" colsep="0" nameend="col3" namest="col2" rowsep="0" valign="top">(Anschrift) ....................</entry></row><row><entry VJ="1" align="left" colname="col1" colsep="0" rowsep="0" valign="top"/><entry VJ="1" align="left" colsep="0" nameend="col3" namest="col2" rowsep="0" valign="top">(Anlagenbezeichnung) ....................</entry></row><row><entry VJ="1" align="left" colname="col1" colsep="0" rowsep="0" valign="top"/><entry VJ="1" align="left" colname="col2" colsep="0" rowsep="0" valign="top">(Kreis) ...................</entry><entry VJ="1" align="left" colname="col3" colsep="0" rowsep="0" valign="top">(Land) ....................</entry></row><row><entry VJ="1" align="left" colname="col1" colsep="0" rowsep="0" valign="top"/><entry VJ="1" align="left" colname="col2" colsep="0" rowsep="0" valign="top"><F>□</F> Zucht-<FnR ID="F771564_02_BJNR231510008BJNE003300000"/> und/oder Aufzuchtbetrieb<FnR ID="F771564_02_BJNR231510008BJNE003300000"/></entry><entry VJ="1" align="left" colname="col3" colsep="0" rowsep="0" valign="top"><F>□</F> Handelsbetrieb<FnR ID="F771564_02_BJNR231510008BJNE003300000"/></entry></row><row><entry VJ="1" align="left" nameend="col3" namest="col1" valign="top">ist auch Teil einer <F>□</F> Zone<FnR ID="F771564_02_BJNR231510008BJNE003300000"/> oder eines <F>□</F> Kompartiments<FnR ID="F771564_02_BJNR231510008BJNE003300000"/> und ist bzgl. nachstehender Seuchen folgenden Kategorien zugeordnet: ....................</entry></row></tbody></tgroup></table><FnArea Line="1" Size="normal"><FnR ID="F771564_02_BJNR231510008BJNE003300000"/></FnArea><table colsep="1" frame="all" pgwide="1" rowsep="1" tocentry="%yes;"><tgroup align="left" char="" charoff="50" cols="7"><colspec colname="col1" colnum="1"/><colspec colname="col2" colnum="2"/><colspec colname="col3" colnum="3" colwidth="1.00*"/><colspec colname="col4" colnum="4" colwidth="1.00*"/><colspec colname="col5" colnum="5" colwidth="1.00*"/><colspec colname="col6" colnum="6" colwidth="1.00*"/><colspec colname="col7" colnum="7" colwidth="1.00*"/><thead valign="bottom"><row><entry VJ="1" align="left" colname="col1" valign="top"><B>Seuche</B></entry><entry VJ="1" align="left" colname="col2" valign="top"><B>empfängliche</B><BR/><B>Arten im Betrieb</B></entry><entry VJ="1" align="center" colname="col3" valign="top"><B>Kategorie 1</B><BR/> (seuchenfrei)</entry><entry VJ="1" align="center" colname="col4" valign="top"><B>Kategorie 2</B><BR/> (Überwachungsprogramm)</entry><entry VJ="1" align="center" colname="col5" valign="top"><B>Kategorie 3</B><BR/> (unverdächtig)</entry><entry VJ="1" align="center" colname="col6" valign="top"><B>Kategorie 4</B><BR/> (Tilgungs-<BR/> programm)</entry><entry VJ="1" align="center" colname="col7" valign="top"><B>Kategorie 5</B><BR/> (infiziert)</entry></row></thead><tbody valign="top"><row><entry VJ="1" align="left" colname="col1" valign="top">VHS</entry><entry VJ="1" align="left" colname="col2" valign="top"/><entry VJ="1" align="left" colname="col3" valign="top"/><entry VJ="1" align="left" colname="col4" valign="top"/><entry VJ="1" align="left" colname="col5" valign="top"/><entry VJ="1" align="left" colname="col6" valign="top"/><entry VJ="1" align="left" colname="col7" valign="top"/></row><row><entry VJ="1" align="left" colname="col1" valign="top">IHN</entry><entry VJ="1" align="left" colname="col2" valign="top"/><entry VJ="1" align="left" colname="col3" valign="top"/><entry VJ="1" align="left" colname="col4" valign="top"/><entry VJ="1" align="left" colname="col5" valign="top"/><entry VJ="1" align="left" colname="col6" valign="top"/><entry VJ="1" align="left" colname="col7" valign="top"/></row><row><entry VJ="1" align="left" colname="col1" valign="top">KHV</entry><entry VJ="1" align="left" colname="col2" valign="top"/><entry VJ="1" align="left" colname="col3" valign="top"/><entry VJ="1" align="left" colname="col4" valign="top"/><entry VJ="1" align="left" colname="col5" valign="top"/><entry VJ="1" align="left" colname="col6" valign="top"/><entry VJ="1" align="left" colname="col7" valign="top"/></row><row><entry VJ="1" align="left" colname="col1" valign="top">ISA</entry><entry VJ="1" align="left" colname="col2" valign="top"/><entry VJ="1" align="left" colname="col3" valign="top"/><entry VJ="1" align="left" colname="col4" valign="top"/><entry VJ="1" align="left" colname="col5" valign="top"/><entry VJ="1" align="left" colname="col6" valign="top"/><entry VJ="1" align="left" colname="col7" valign="top"/></row></tbody></tgroup></table><P>Die letzte Kontrolle des Bestandes nach § 7 der Fischseuchenverordnung erfolgte am: ....................</P><P>Diese Bescheinigung verliert ihre Gültigkeit neun Monate nach der letzten Kontrolle, spätestens jedoch<BR/> am: ....................</P><P>Sie darf vor Ablauf dieser Frist nicht weiterverwendet werden, wenn die Tiere im Betrieb mit Tieren eines zumindest nicht gleichwertigen Gesundheitsstatus in Berührung gekommen sind.</P><BR/><BR/><table frame="none" tocentry="%yes;"><tgroup align="left" char="" charoff="50" cols="4"><colspec colname="col1" colnum="1" colwidth="2*"/><colspec colname="col2" colnum="2" colwidth="1.00*"/><colspec colname="col3" colnum="3" colwidth="2.16*"/><colspec colname="col4" colnum="4" colwidth="1.21*"/><tbody valign="top"><row><entry VJ="1" align="left" colname="col1" colsep="0" rowsep="0" valign="top"/><entry VJ="1" align="center" colname="col2" colsep="0" rowsep="0" valign="top">....................</entry><entry VJ="1" align="center" colname="col3" colsep="0" rowsep="0" valign="top">....................</entry><entry VJ="1" align="center" colname="col4" colsep="0" rowsep="0" valign="top">....................</entry></row><row><entry VJ="1" align="left" colname="col1" colsep="0" rowsep="0" valign="top">(Stempel der amtlichen Stelle)</entry><entry VJ="1" align="center" colname="col2" colsep="0" rowsep="0" valign="top">(Datum)</entry><entry VJ="1" align="center" colname="col3" colsep="0" rowsep="0" valign="top">(Name in Großbuchstaben)</entry><entry VJ="1" align="center" colname="col4" colsep="0" rowsep="0" valign="top">(Unterschrift)</entry></row></tbody></tgroup></table><P><B>B. Transportbescheinigung</B> (für eine Lieferung aus oben genanntem Betrieb; vom Transporteur bzw. Lieferanten selbst auszufüllen und zu unterschreiben)</P><table colsep="1" frame="all" pgwide="1" tocentry="%yes;"><tgroup align="left" char="" charoff="50" cols="3"><colspec colname="col1" colnum="1"/><colspec colname="col2" colnum="2"/><colspec colname="col3" colnum="3"/><thead valign="bottom"><row><entry VJ="1" align="center" colname="col1" colsep="1" rowsep="1" valign="top">Tiere oder Erzeugnisse</entry><entry VJ="1" align="center" colname="col2" colsep="1" rowsep="1" valign="top">lebende Tiere aus Aquakultur</entry><entry VJ="1" align="center" colname="col3" colsep="0" rowsep="1" valign="top">Eier/Sperma</entry></row></thead><tbody valign="top"><row><entry VJ="1" align="left" colname="col1" rowsep="0" valign="top">Gattung (allgemeine und wissenschaftliche Bezeichnung)</entry><entry VJ="1" align="left" colname="col2" rowsep="0" valign="top"/><entry VJ="1" align="left" colname="col3" rowsep="0" valign="top"/></row><row><entry VJ="1" align="left" colname="col1" rowsep="1" valign="top">Art (allgemeine und wissenschaftliche Bezeichnung)</entry><entry VJ="1" align="left" colname="col2" rowsep="1" valign="top"/><entry VJ="1" align="left" colname="col3" rowsep="1" valign="top"/></row><row><entry VJ="1" align="left" colname="col1" rowsep="0" valign="top">Menge/Anzahl</entry><entry VJ="1" align="left" colname="col2" rowsep="0" valign="top"/><entry VJ="1" align="left" colname="col3" rowsep="0" valign="top"/></row><row><entry VJ="1" align="left" colname="col1" rowsep="0" valign="top">Gesamtgewicht</entry><entry VJ="1" align="left" colname="col2" rowsep="0" valign="top"/><entry VJ="1" align="left" colname="col3" rowsep="0" valign="top"/></row><row><entry VJ="1" align="left" colname="col1" rowsep="0" valign="top">mittleres Gewicht</entry><entry VJ="1" align="left" colname="col2" rowsep="0" valign="top"/><entry VJ="1" align="left" colname="col3" rowsep="0" valign="top"/></row></tbody></tgroup></table><BR/><BR/><table frame="none" tocentry="%yes;"><tgroup align="left" char="" charoff="50" cols="3"><colspec colname="col1" colnum="1" colwidth="1*"/><colspec colname="col2" colnum="2" colwidth="4*"/><colspec colname="col3" colnum="3" colwidth="4*"/><tbody valign="top"><row><entry VJ="1" align="left" colname="col1" colsep="0" rowsep="0" valign="top">Empfänger:</entry><entry VJ="1" align="left" colsep="1" nameend="col3" namest="col2" rowsep="0" valign="top">(Name, Anschrift) ....................</entry></row><row><entry VJ="1" align="left" colname="col1" colsep="0" rowsep="0" valign="top"/><entry VJ="1" align="left" colname="col2" colsep="0" rowsep="0" valign="top">(Kreis) ....................</entry><entry VJ="1" align="left" colname="col3" colsep="0" rowsep="0" valign="top">(Land) ....................</entry></row><row><entry VJ="1" align="left" colname="col1" colsep="0" rowsep="0" valign="top"/><entry VJ="1" align="left" colsep="1" nameend="col3" namest="col2" rowsep="0" valign="top">Beförderungsmittel: (Art/Kennzeichen) ....................</entry></row><row><entry VJ="1" align="left" colname="col1" colsep="0" rowsep="0" valign="top"/><entry VJ="1" align="left" colsep="1" nameend="col3" namest="col2" rowsep="0" valign="top">Lieferdatum: ....................</entry></row></tbody></tgroup></table><P><B>Ich versichere, dass oben genannte Tiere/Erzeugnisse in der angegebenen Menge aus oben genannter Anlage stammen. Die Tiere sind klinisch gesund und im Betrieb tritt keine ungeklärte Sterblichkeit auf.</B></P><BR/><BR/><table frame="none" tocentry="%yes;"><tgroup align="left" char="" charoff="50" cols="3"><colspec colname="col1" colnum="1" colwidth="2*"/><colspec colname="col2" colnum="2" colwidth="2*"/><colspec colname="col3" colnum="3" colwidth="2*"/><tbody valign="top"><row><entry VJ="1" align="center" colname="col1" colsep="0" rowsep="0" valign="top">....................</entry><entry VJ="1" align="center" colname="col2" colsep="0" rowsep="0" valign="top">....................</entry><entry VJ="1" align="center" colname="col3" colsep="0" rowsep="0" valign="top">....................</entry></row><row><entry VJ="1" align="center" colname="col1" colsep="0" rowsep="0" valign="top">(Datum)</entry><entry VJ="1" align="center" colname="col2" colsep="0" rowsep="0" valign="top">(Name in Großbuchstaben)</entry><entry VJ="1" align="center" colname="col3" colsep="0" rowsep="0" valign="top">(Unterschrift)</entry></row></tbody></tgroup></table></Content><Footnotes><Footnote FnZ="*" Group="manuell" ID="F771564_02_BJNR231510008BJNE003300000" Pos="normal" Postfix=")">Zutreffendes bitte ankreuzen.</Footnote></Footnotes></text></textdaten></norm>
</dokumente>