<?xml version="1.0" encoding="UTF-8" ?><!DOCTYPE dokumente SYSTEM "http://www.gesetze-im-internet.de/dtd/1.01/gii-norm.dtd">
<dokumente builddate="20170816221102" doknr="BJNR212000010"><norm builddate="20170816221102" doknr="BJNR212000010"><metadaten><jurabk>BDBOSZertV</jurabk><amtabk>BDBOSZertV</amtabk><ausfertigung-datum manuell="ja">2010-12-17</ausfertigung-datum><fundstelle typ="amtlich"><periodikum>BGBl I</periodikum><zitstelle>2010, 2120</zitstelle></fundstelle><kurzue>BDBOS-Zertifizierungsverordnung</kurzue><langue>Verordnung über das Verfahren zur Erteilung eines Zertifikats für Endgeräte durch die Bundesanstalt für den Digitalfunk der Behörden und Organisationen mit Sicherheitsaufgaben</langue><standangabe checked="ja"><standtyp>Stand</standtyp><standkommentar>Geändert durch Art. 4 G v. 29.3.2017 I 626</standkommentar></standangabe></metadaten><textdaten><fussnoten><Content><P><BR/> <pre xml:space="preserve">(+++ Textnachweis ab: 23.12.2010 +++)<BR/><BR/></pre></P></Content></fussnoten></textdaten></norm>
<norm builddate="20170816221102" doknr="BJNR212000010BJNE000100000"><metadaten><jurabk>BDBOSZertV</jurabk><enbez>Eingangsformel</enbez></metadaten><textdaten><text format="XML"><Content><P>Auf Grund des § 15b Absatz 1 Satz 1 des BDBOS-Gesetzes, der durch Artikel 1 Nummer 3 des Gesetzes vom 29. Juli 2009 (BGBl. I S. 2251) eingefügt worden ist, verordnet das Bundesministerium des Innern:</P></Content></text></textdaten></norm>
<norm builddate="20170816221102" doknr="BJNR212000010BJNE000200000"><metadaten><jurabk>BDBOSZertV</jurabk><enbez>§ 1</enbez><titel format="XML">Gegenstand der Zertifizierung</titel></metadaten><textdaten><text format="XML"><Content><P>Gegenstand der Zertifizierung sind Endgeräte mit bestimmten, das Endgerät identifizierenden Hardware- und Software-Eigenschaften, die zur Verwendung im Digitalfunk BOS vorgesehen sind. Bei Funkleitstellen, die funktional direkt auf die Leitstellenschnittstelle wirken, werden nur die unmittelbar dazu verwendeten Hardware- und Software-Komponenten als Leitstellenbestandteil zertifiziert.</P></Content></text></textdaten></norm>
<norm builddate="20170816221102" doknr="BJNR212000010BJNE000301116"><metadaten><jurabk>BDBOSZertV</jurabk><enbez>§ 2</enbez><titel format="XML">Antrag</titel></metadaten><textdaten><text format="XML"><Content><P>(1) Die Erteilung eines Zertifikats durch die Bundesanstalt für den Digitalfunk der Behörden und Organisationen mit Sicherheitsaufgaben (Bundesanstalt) erfolgt auf schriftlichen oder elektronischen Antrag des Herstellers oder Lieferanten. Ein schriftlicher Antrag ist auch in einer elektronischen Fassung zu übermitteln. Für einen solchen Antrag sind ausschließlich die von der Bundesanstalt veröffentlichten Antragsformulare zu verwenden. Der Antrag muss Folgendes enthalten: <DL Font="normal" Type="arabic"><DT>1.</DT><DD Font="normal"><LA Size="normal">Name und Anschrift des Antragstellers,</LA></DD><DT>2.</DT><DD Font="normal"><LA Size="normal">Datum der Antragstellung,</LA></DD><DT>3.</DT><DD Font="normal"><LA Size="normal">Name und Anschrift eines Empfangsbevollmächtigten des Antragstellers in einem Mitgliedstaat der Europäischen Union oder in einem anderen Vertragsstaat des Abkommens über den Europäischen Wirtschaftsraum,</LA></DD><DT>4.</DT><DD Font="normal"><LA Size="normal">Name und Anschrift eines Ansprechpartners des Antragstellers, der über die erforderliche Sachkunde zur Erteilung von technischen Auskünften über das zu zertifizierende Endgerät verfügt,</LA></DD><DT>5.</DT><DD Font="normal"><LA Size="normal">genaue Bezeichnung des zu zertifizierenden Endgerätes, insbesondere <DL Font="normal" Type="alpha"><DT>a)</DT><DD Font="normal"><LA Size="normal">Endgerätetyp gemäß BOS-Interoperabilitätsrichtlinien (BOS-IOP-Richtlinien) nach § 5 Absatz 2,</LA></DD><DT>b)</DT><DD Font="normal"><LA Size="normal">Endgerätename gemäß Herstellerproduktbezeich-nung,</LA></DD><DT>c)</DT><DD Font="normal"><LA Size="normal">Name und Anschrift des Herstellers, sofern abweichend von Nummer 1,</LA></DD><DT>d)</DT><DD Font="normal"><LA Size="normal">Hardware-Versionsnummer,</LA></DD><DT>e)</DT><DD Font="normal"><LA Size="normal">Software-Versionsnummer,</LA></DD></DL></LA></DD><DT>6.</DT><DD Font="normal"><LA Size="normal">Angaben zu den gemäß BOS-IOP-Richtlinien optionalen Leistungsmerkmalen, die von dem Endgerät unterstützt werden,</LA></DD><DT>7.</DT><DD Font="normal"><LA Size="normal">Erklärung des Antragstellers, dass der Verwendung des zu zertifizierenden Endgerätes einschließlich aller Komponenten im Digitalfunk BOS keine Rechte Dritter entgegenstehen,</LA></DD><DT>8.</DT><DD Font="normal"><LA Size="normal">Angabe, ob es sich um eine vollständige Zertifizierung nach § 15a Absatz 2 des BDBOS-Gesetzes (Zertifizierung) oder eine nach § 15a Absatz 3 Satz 2 und 3 des BDBOS-Gesetzes beschränkte Zertifizierung (Änderungszertifizierung) handelt,</LA></DD><DT>9.</DT><DD Font="normal"><LA Size="normal">BOS-Prüfbericht nach § 7 Absatz 1 Satz 4 und sonstige Nachweise über die Einhaltung der Anforderungen gemäß § 15a Absatz 1 Satz 3 Nummer 1 und 2 des BDBOS-Gesetzes, die nach den BOS-IOP-Richtlinien vorzulegen sind, die der Überprüfung nach § 7 zugrunde gelegt wurden,</LA></DD><DT>10.</DT><DD Font="normal"><LA Size="normal">Nachweis der Sachkunde der Prüfstelle gemäß § 7 Absatz 1 Satz 1,</LA></DD><DT>11.</DT><DD Font="normal"><LA Size="normal">Angabe der dem BOS-Prüfbericht und den sonstigen Nachweisen zugrunde liegenden BOS-IOP-Richtlinien sowie</LA></DD><DT>12.</DT><DD Font="normal"><LA Size="normal">Erklärung des Antragstellers, dass die Verwendung des Endgerätes nach § 15a Absatz 1 Satz 3 Nummer 3 des BDBOS-Gesetzes nicht gegen andere öffentlich-rechtliche Vorschriften verstößt.</LA></DD></DL></P><P>(2) Handelt es sich bei dem Endgerät um einen Bestandteil einer Funkleitstelle im Sinne des § 1 Satz 2, so hat der Antragsteller anzugeben, woraus sich dieser Bestandteil zusammensetzt.</P><P>(3) Die Vorlage der in Absatz 1 Satz 4 Nummer 9 bis 11 genannten Unterlagen ist nicht erforderlich, wenn die Voraussetzungen des § 7 Absatz 3 vorliegen. Der Antragsteller hat in diesem Fall im Antrag das Vorliegen dieser Voraussetzungen darzulegen.</P><P>(4) Die Bundesanstalt soll die Anträge in der Reihenfolge ihres Eingangs bearbeiten.</P></Content></text><fussnoten/></textdaten></norm>
<norm builddate="20170816221102" doknr="BJNR212000010BJNE000401116"><metadaten><jurabk>BDBOSZertV</jurabk><enbez>§ 3</enbez><titel format="XML">Änderungszertifizierung</titel></metadaten><textdaten><text format="XML"><Content><P>(1) Eine Änderungszertifizierung kann nur erfolgen <DL Font="normal" Type="arabic"><DT>1.</DT><DD Font="normal"><LA Size="normal">beim Deaktivieren von Schnittstellen oder optionalen Leistungsmerkmalen,</LA></DD><DT>2.</DT><DD Font="normal"><LA Size="normal">bei der Aktivierung oder Umsetzung von optionalen Leistungsmerkmalen,</LA></DD><DT>3.</DT><DD Font="normal"><LA Size="normal">bei einer von der Bundesanstalt geforderten Anpassung, insbesondere zur Behebung von Sicherheitsmängeln, oder</LA></DD><DT>4.</DT><DD Font="normal"><LA Size="normal">bei einer Fehlerkorrektur</LA></DD></DL>und sofern gleichzeitig sichergestellt ist, dass das Endgerät auch weiterhin die Anforderungen nach § 15a Absatz 1 Satz 3 des BDBOS-Gesetzes erfüllt. Fehlerkorrektur ist das Herstellen eines Zustands des Endgerätes, der auf Grund der Kundendokumentation des Herstellers bereits zum Zeitpunkt der Zertifizierung vom Endgerät erwartet werden konnte.</P><P>(2) Neben den in § 2 genannten Angaben ist in einem Antrag auf Änderungszertifizierung zusätzlich die Angabe erforderlich, welcher Änderungstatbestand im Sinne des Absatzes 1 Satz 1 Nummer 1 bis 4 vorliegt, welche Änderung an dem Endgerät vorgenommen wurde und welche technischen Auswirkungen mit der Änderung verbunden sind. Der Antrag auf Änderungszertifizierung ist vor Durchführung der Überprüfung nach § 7 zu stellen. Es ist nicht erforderlich, dem Antrag die in § 2 Absatz 1 Satz 4 Nummer 9 bis 11 genannten Unterlagen beizufügen.</P><P>(3) Die Bundesanstalt teilt dem Antragsteller schriftlich mit, ob die Voraussetzungen für eine Änderungszertifizierung vorliegen und legt den Prüfungsumfang abschließend fest. Für die Durchführung der Überprüfung nach § 7 wird dem Antragsteller eine angemessene Frist eingeräumt.</P><P>(4) Nach vier aufeinanderfolgenden Änderungszertifizierungen ist eine weitere Änderungszertifizierung ausgeschlossen.</P></Content></text><fussnoten/></textdaten></norm>
<norm builddate="20170816221102" doknr="BJNR212000010BJNE000500000"><metadaten><jurabk>BDBOSZertV</jurabk><enbez>§ 4</enbez><titel format="XML">Anzeige unwesentlicher Änderungen nach § 15a Absatz 3 Satz 4 des BDBOS-Gesetzes</titel></metadaten><textdaten><text format="XML"><Content><P>(1) Anzeigen gemäß § 15a Absatz 3 Satz 4 des BDBOS-Gesetzes sind unverzüglich durch Hersteller oder Lieferanten vorzunehmen, spätestens jedoch unmittelbar nach Vornahme der Änderung. Die Bundesanstalt kann für die Gestaltung der Anzeige verbindliche Vorgaben machen.</P><P>(2) Eine Änderung ist unwesentlich, wenn sichergestellt ist, dass sie die Einhaltung der Anforderungen nach § 15a Absatz 1 Satz 3 des BDBOS-Gesetzes nicht beeinflusst. Eine unwesentliche Änderung liegt in der Regel vor, wenn ausschließlich Änderungen am Gehäuse des Endgerätes vorgenommen werden. Bei Leitstellenbestandteilen kann auch ein Austausch von Hardwarekomponenten eine unwesentliche Änderung darstellen.</P><P>(3) Die Bundesanstalt entscheidet nach Eingang der Anzeige, ob eine unwesentliche Änderung vorliegt. Die Änderung gilt als unwesentlich, wenn die Bundesanstalt nicht innerhalb einer Frist von drei Monaten eine abweichende Entscheidung trifft. Handelt es sich um eine wesentliche Änderung, teilt die Bundesanstalt dies dem Hersteller oder Lieferanten unter Hinweis auf § 15a Absatz 1 Satz 1 und Absatz 3 des BDBOS-Gesetzes schriftlich mit.</P></Content></text></textdaten></norm>
<norm builddate="20170816221102" doknr="BJNR212000010BJNE000600000"><metadaten><jurabk>BDBOSZertV</jurabk><enbez>§ 5</enbez><titel format="XML">Anforderungen und Prüfkriterien; BOS-IOP-Richtlinien</titel></metadaten><textdaten><text format="XML"><Content><P>(1) Soweit sich die Anforderungen an die Endgeräte nicht bereits aus anderen öffentlich-rechtlichen Vorschriften ergeben, werden sie von der Bundesanstalt festgelegt. Die Bundesanstalt legt außerdem die Prüfkriterien fest, anhand derer nachgewiesen wird, ob ein Endgerät die Anforderungen erfüllt. Die Bundesanstalt kann festlegen, welche technischen Regelwerke als allgemein anerkannte Regeln der Technik anzuwenden sind.</P><P>(2) Die Bundesanstalt macht in Form von BOS-IOP-Richtlinien insbesondere bekannt: <DL Type="arabic"><DT>1.</DT><DD Font="normal"><LA>die für die einzelnen Endgerätetypen festgelegten Leistungsmerkmale einschließlich der dazugehörigen Leistungsbeschreibungen, die sich auch auf die Bedienbarkeit beziehen können,</LA></DD><DT>2.</DT><DD Font="normal"><LA>die Einstufung einzelner Leistungsmerkmale als zwingend erforderlich oder optional,</LA></DD><DT>3.</DT><DD Font="normal"><LA>die weiteren Anforderungen nach § 15a Absatz 1 Satz 3 Nummer 2 des BDBOS-Gesetzes sowie</LA></DD><DT>4.</DT><DD Font="normal"><LA>die Prüfkriterien, anhand derer die Einhaltung der Anforderungen nach § 15a Absatz 1 Satz 3 Nummer 1 und 2 des BDBOS-Gesetzes nachgewiesen wird.</LA></DD></DL></P></Content></text></textdaten></norm>
<norm builddate="20170816221102" doknr="BJNR212000010BJNE000701116"><metadaten><jurabk>BDBOSZertV</jurabk><enbez>§ 6</enbez><titel format="XML">Veröffentlichung nicht allgemein zugänglicher Informationen</titel></metadaten><textdaten><text format="XML"><Content><P>(1) Die Bundesanstalt veröffentlicht folgende Informationen in einem geschützten Bereich auf ihrer Internetseite und stellt sie auf schriftliche Anfrage zur Verfügung: <DL Font="normal" Type="arabic"><DT>1.</DT><DD Font="normal"><LA Size="normal">verbindliche Vorgaben für die Gestaltung des BOS-Prüfberichts nach § 2 Absatz 1 Satz 4 Nummer 9,</LA></DD><DT>2.</DT><DD Font="normal"><LA Size="normal">verbindliche Vorgaben für die Anzeige unwesentlicher Änderungen nach § 4 Absatz 1 und</LA></DD><DT>3.</DT><DD Font="normal"><LA Size="normal">BOS-IOP-Richtlinien im Sinne des § 5 Absatz 2.</LA></DD></DL>Auf die erstmalige Veröffentlichung und jede Änderung der in Satz 1 aufgeführten Informationen weist die Bundesanstalt im Bundesanzeiger und auf ihrer Internetseite hin.</P><P>(2) Für die Behörden und Organisationen mit Sicherheitsaufgaben, die nach § 3 Absatz 2 der Bestimmungen für Frequenzzuteilungen zur Nutzung für das Betreiben von digitalen Funkanlagen der Behörden und Organisationen mit Sicherheitsaufgaben (BOS) im Frequenzbereich 380 – 385 MHz sowie 390 – 395 MHz (Funkrichtlinie Digitalfunk BOS) in Verbindung mit § 4 Absatz 1 der Bestimmungen für Frequenzzuteilungen zur Nutzung für das Betreiben von Funkanlagen der Behörden und Organisationen mit Sicherheitsaufgaben (BOS) (BOS-Funkrichtlinie) in der jeweils geltenden Fassung zur Nutzung des Digitalfunks BOS berechtigt sind, erfolgt der Zugang zu den in Absatz 1 genannten Informationen über zuvor benannte Ansprechstellen von Bund und Ländern. Der Bund und jedes der Länder können der Bundesanstalt hierfür jeweils bis zu drei Ansprechstellen benennen. Die Bundesanstalt kann die Benennung von weiteren Ansprechstellen zulassen, wenn dies auf Grund besonderer Umstände erforderlich ist. Hersteller, Lieferanten und sachverständige Prüfstellen erhalten Zugang zu den in Absatz 1 genannten Informationen, wenn sie ein berechtigtes Interesse und die Einhaltung der notwendigen Sicherheitsvorkehrungen, insbesondere die Berechtigung zur Einsicht in Verschlusssachen, nachweisen. Ein Zugang ist ausgeschlossen, wenn ihm überwiegende öffentliche Interessen, insbesondere sicherheitspolitische Belange der Bundesrepublik Deutschland, entgegenstehen.</P></Content></text><fussnoten/></textdaten></norm>
<norm builddate="20170816221102" doknr="BJNR212000010BJNE000801116"><metadaten><jurabk>BDBOSZertV</jurabk><enbez>§ 7</enbez><titel format="XML">Überprüfung der Endgeräte</titel></metadaten><textdaten><text format="XML"><Content><P>(1) Die Endgeräte werden in technischer Hinsicht durch eine sachverständige Prüfstelle geprüft (Überprüfung). Dabei sind die Prüfkriterien zugrunde zu legen, die in den zum Zeitpunkt des Antrags auf Durchführung der Überprüfung aktuellen BOS-IOP-Richtlinien oder deren unmittelbarer Vorversion festgelegt sind. Hinsichtlich des Umfangs der Anforderungen, die an die Endgeräte zu stellen sind, können auch ältere Versionen der BOS-IOP-Richtlinien zugrunde gelegt werden, sofern diese noch dem Stand der Technik entsprechen. Die Ergebnisse der Überprüfung sind in dem BOS-Prüfbericht nach § 2 Absatz 1 Satz 4 Nummer 9 festzuhalten.</P><P>(2) Die Bundesanstalt kann bei Zweifeln am Sachverstand der Prüfstelle oder an der Richtigkeit oder Vollständigkeit des von der Prüfstelle erstellten BOS-Prüfberichts die Vorlage zusätzlicher Unterlagen verlangen oder selbst eine ergänzende Überprüfung durchführen.</P><P>(3) Abweichend von Absatz 1 Satz 1 kann der Antragsteller mit seinem Antrag auf Zertifizierung die Überprüfung des Endgerätes durch die Bundesanstalt beantragen, wenn im Einzelfall keine geeignete Prüfstelle zur Verfügung steht, die die Einhaltung der Anforderungen gemäß § 15a Absatz 1 Satz 3 Nummer 1 und 2 des BDBOS-Gesetzes überprüfen kann.</P></Content></text><fussnoten/></textdaten></norm>
<norm builddate="20170816221102" doknr="BJNR212000010BJNE000900000"><metadaten><jurabk>BDBOSZertV</jurabk><enbez>§ 8</enbez><titel format="XML">Mitwirkungspflichten des Antragstellers</titel></metadaten><textdaten><text format="XML"><Content><P>(1) Der Antragsteller hat der Bundesanstalt spätestens mit dem Antrag auf Erteilung eines Zertifikats unentgeltlich zwei Einzelstücke des zu zertifizierenden Endgerätes mit Kundendokumentation sowie die für dessen Betrieb notwendigen Einrichtungen zu übergeben und die erforderlichen Nutzungsrechte einzuräumen. Satz 1 findet keine Anwendung, wenn es sich bei dem Endgerät um einen Bestandteil einer Funkleitstelle im Sinne des § 1 Satz 2 handelt.</P><P>(2) Der Antragsteller wirkt an der Zertifizierung im erforderlichen Umfang mit, insbesondere durch Auskünfte und das Bereitstellen von Unterlagen zur Überprüfung nach § 7. Er stellt die erforderliche Mitwirkung Dritter, insbesondere der von ihm beauftragten Prüfstelle, sicher.</P></Content></text></textdaten></norm>
<norm builddate="20170816221102" doknr="BJNR212000010BJNE001001116"><metadaten><jurabk>BDBOSZertV</jurabk><enbez>§ 9</enbez><titel format="XML">Zertifikat</titel></metadaten><textdaten><text format="XML"><Content><P>(1) Ein Endgerät wird zertifiziert, wenn es die in § 15a Absatz 1 Satz 3 des BDBOS-Gesetzes genannten Anforderungen erfüllt.</P><P>(2) Das Zertifikat umfasst mindestens folgende Angaben: <DL Font="normal" Type="arabic"><DT>1.</DT><DD Font="normal"><LA Size="normal">Bezeichnung des Endgerätes nach § 2 Absatz 1 Satz 4 Nummer 5 Buchstabe a bis e,</LA></DD><DT>2.</DT><DD Font="normal"><LA Size="normal">Leistungsmerkmale des Endgerätes, die Gegenstand der Zertifizierung sind,</LA></DD><DT>3.</DT><DD Font="normal"><LA Size="normal">Version der BOS-IOP-Richtlinien und der Systemtechnik, die der Zertifizierung zugrunde liegen.</LA></DD></DL></P><P>(3) Dem Zertifikat für einen Bestandteil einer Funkleitstelle im Sinne des § 1 Satz 2 wird eine Auflistung beigefügt, die die Hardware- und Software-Komponenten aufführt, aus denen sich der Bestandteil zusammensetzt.</P><P>(4) Bei einer Änderungszertifizierung kann sich das Zertifikat abweichend von Absatz 2 Nummer 2 auf das geänderte Leistungsmerkmal oder die sonstigen von der Änderung betroffenen Komponenten des Endgerätes beschränken. Die Änderungszertifizierung erfolgt in Form einer Ergänzung oder eines Nachtrags zum ursprünglichen Zertifikat.</P><P>(5) Das Zertifikat kann mit Nebenbestimmungen versehen werden, insbesondere zur erneuten Überprüfung einzelner Leistungsmerkmale und zur Deaktivierung optionaler Leistungsmerkmale, die einer Verwendung des Endgerätes im Digitalfunk BOS entgegenstehen.</P><P>(6) Die Erteilung des Zertifikats wird dem Antragsteller schriftlich bekannt gegeben. Die Erteilung des Zertifikats sowie die Angaben nach Absatz 2 Nummer 1 und 3 werden auf der Internetseite der Bundesanstalt veröffentlicht. Den Ansprechstellen, die der Bund und die Länder gegenüber der Bundesanstalt benannt haben, werden auch die übrigen in den Absätzen 2 bis 5 genannten Angaben zugänglich gemacht. Sachverständige Prüfstellen erhalten nur dann Zugang zu den in Satz 3 genannten Angaben, wenn sie ein berechtigtes Interesse nachweisen; zu einer Weitergabe dieser Angaben an Dritte sind sie nicht berechtigt. Ein Zugang ist ausgeschlossen, wenn ihm überwiegende öffentliche Interessen, insbesondere sicherheitspolitische Belange der Bundesrepublik Deutschland, entgegenstehen.</P></Content></text><fussnoten/></textdaten></norm>
<norm builddate="20170816221102" doknr="BJNR212000010BJNE001100000"><metadaten><jurabk>BDBOSZertV</jurabk><enbez>§ 10</enbez><titel format="XML">Rückgabe von Einzelstücken</titel></metadaten><textdaten><text format="XML"><Content><P>Im Fall der vollständigen Versagung des Zertifikats gibt die Bundesanstalt eines der nach § 8 Absatz 1 Satz 1 abgelieferten Einzelstücke an den Antragsteller zurück. Bei Rücknahme des Antrags gibt die Bundesanstalt beide Einzelstücke an den Antragsteller zurück. Die Rückgabe nach Satz 1 oder 2 erfolgt am Sitz der Bundesanstalt.</P></Content></text></textdaten></norm>
<norm builddate="20170816221102" doknr="BJNR212000010BJNE001200000"><metadaten><jurabk>BDBOSZertV</jurabk><enbez>§ 11</enbez><titel format="XML">Übergangsregelung</titel></metadaten><textdaten><text format="XML"><Content><P>Die Übergangsfrist gemäß § 15a Absatz 5 Satz 1 des BDBOS-Gesetzes endet am 31. Dezember 2011.</P></Content></text></textdaten></norm>
<norm builddate="20170816221102" doknr="BJNR212000010BJNE001300000"><metadaten><jurabk>BDBOSZertV</jurabk><enbez>§ 12</enbez><titel format="XML">Inkrafttreten</titel></metadaten><textdaten><text format="XML"><Content><P>Diese Verordnung tritt am Tag nach der Verkündung in Kraft.</P></Content></text></textdaten></norm>
</dokumente>