<?xml version="1.0" encoding="UTF-8" ?><!DOCTYPE dokumente SYSTEM "http://www.gesetze-im-internet.de/dtd/1.01/gii-norm.dtd">
<dokumente builddate="20120625155217" doknr="BJNR012880921"><norm builddate="20120625155217" doknr="BJNR012880921"><metadaten><jurabk>VersaillerVtrAbkBELGABest</jurabk><ausfertigung-datum manuell="ja">1921-10-07</ausfertigung-datum><fundstelle typ="amtlich"><periodikum>RGBl</periodikum><zitstelle>1921, 1288</zitstelle></fundstelle><langue>Ausführungsbestimmungen zum Gesetz betreffend das deutsch-belgische
Abkommen zu Artikel 312 des Friedensvertrags vom 20. Juli 1921
(Reichsgesetzbl. S. 1177)</langue></metadaten><textdaten><text format="XML"><Content><P/></Content></text><fussnoten><Content><P>(+++ Textnachweis Geltung ab:  1. 1.1964 +++)</P></Content></fussnoten></textdaten></norm>
<norm builddate="20120625155217" doknr="BJNR012880921BJNE000100314"><metadaten><jurabk>VersaillerVtrAbkBELGABest</jurabk><enbez>Eingangsformel</enbez></metadaten><textdaten><text format="XML"><Content><P>Auf Grund des Artikels 2 des Gesetzes betreffend das deutsch-belgische Abkommen zu Artikel 312 des Friedensvertrags vom 20. Juli 1921 (Reichsgesetzbl. S. 1177) wird folgendes bestimmt:</P></Content></text></textdaten></norm>
<norm builddate="20120625155217" doknr="BJNR012880921BJNE000200314"><metadaten><jurabk>VersaillerVtrAbkBELGABest</jurabk><enbez>(XXXX) §§ 1 und 2</enbez></metadaten><textdaten><text format="XML"><Content><P/></Content></text><fussnoten/></textdaten></norm>
<norm builddate="20120625155217" doknr="BJNR012880921BJNE000300314"><metadaten><jurabk>VersaillerVtrAbkBELGABest</jurabk><enbez>§ 3</enbez></metadaten><textdaten><text format="XML"><Content><P>Die Landesversicherungsanstalt Rheinprovinz ist zum Empfang der Rentenbeträge, die nach den Artikeln 11 bis 13 des Abkommens von belgischer Seite zu erstatten sind, berechtigt und in den Fällen des Artikels 12 zur Weiterzahlung der Renten verpflichtet, auch wenn ein anderer deutscher Träger der Invaliden- und Hinterbliebenenversicherung bis zum 31. Dezember 1919 zahlungspflichtig war. Soweit jedoch die Zahlungspflicht der Pensionskasse für die Arbeiter der preußisch-hessischen Eisenbahngemeinschaft oblag, tritt sie an die Stelle der Landesversicherungsanstalt Rheinprovinz.</P></Content></text><fussnoten/></textdaten></norm>
<norm builddate="20120625155217" doknr="BJNR012880921BJNE000400314"><metadaten><jurabk>VersaillerVtrAbkBELGABest</jurabk><enbez>§ 4</enbez></metadaten><textdaten><text format="XML"><Content><P>Die Höhe der nach Artikel 12 weiterzuzahlenden Renten bestimmt sich nach den bei Beginn des auf die Wohnsitzverlegung des Berechtigten folgenden Monats geltenden gesetzlichen Vorschriften.</P></Content></text><fussnoten/></textdaten></norm>
<norm builddate="20120625155217" doknr="BJNR012880921BJNE000500314"><metadaten><jurabk>VersaillerVtrAbkBELGABest</jurabk><enbez>§ 5</enbez></metadaten><textdaten><text format="XML"><Content><P>Die Landesversicherungsanstalt Rheinprovinz ist zum Empfang einer nach Artikel 16 des Abkommens von belgischer Seite zu leistenden Vergütung berechtigt; ist eine solche deutscherseits zu zahlen, so fällt sie der genannten Versicherungsanstalt zur Last. <BR/>Bei der in Artikel 17 Abs. 3 des Abkommens vorgesehenen Abrechnung tritt die Pensionskasse für die Arbeiter der preußisch-hessischen Eisenbahngemeinschaft an die Stelle der Landesversicherungsanstalt Rheinprovinz.</P></Content></text><fussnoten/></textdaten></norm>
</dokumente>