<?xml version="1.0" encoding="UTF-8" ?><!DOCTYPE dokumente SYSTEM "http://www.gesetze-im-internet.de/dtd/1.01/gii-norm.dtd">
<dokumente builddate="20120625153301" doknr="BJNR142400000"><norm builddate="20120625153301" doknr="BJNR142400000"><metadaten><jurabk>BMinBF/BIBBWidAnO</jurabk><ausfertigung-datum manuell="ja">2000-09-28</ausfertigung-datum><fundstelle typ="amtlich"><periodikum>BGBl I</periodikum><zitstelle>2000, 1424</zitstelle></fundstelle><langue>Anordnung zur Übertragung von Zuständigkeiten für den
Erlass von Widerspruchsbescheiden und die Vertretung des
Dienstherrn bei Klagen von Beschäftigten des Bundesministeriums
für Bildung und Forschung und des Bundesinstituts für
Berufsbildung in Angelegenheiten nach dem Bundesumzugskostengesetz
einschließlich der hierzu ergangenen Trennungsgeldverordnung in
Verbindung mit dem Dienstrechtlichen Begleitgesetz</langue></metadaten><textdaten><text format="XML"><Content><P/></Content></text><fussnoten><Content><P>(+++ Textnachweis ab:  1.10.2000 +++)</P></Content></fussnoten></textdaten></norm>
<norm builddate="20120625153301" doknr="BJNR142400000BJNE000100310"><metadaten><jurabk>BMinBF/BIBBWidAnO</jurabk><enbez>I.</enbez></metadaten><textdaten><text format="XML"><Content><P>Auf Grund des § 172 des Bundesbeamtengesetzes in der Fassung der Bekanntmachung vom 31. März 1999 (BGBl. I S. 675) in Verbindung mit § 126 Abs. 3 Nr. 2 des Beamtenrechtsrahmengesetzes in der Fassung der Bekanntmachung vom 31. März 1999 (BGBl. I S. 654) übertrage ich dem Bundesamt für Finanzen die Befugnis, über Widersprüche gegen den Erlass eines Verwaltungsaktes sowie die Ablehnung eines Anspruches in Angelegenheiten nach dem Bundesumzugskostengesetz in Verbindung mit § 2 des Dienstrechtlichen Begleitgesetzes vom 30. Juli 1996 (BGBl. I S. 1183) zu entscheiden, soweit diese Behörde für den Erlass des Verwaltungsaktes oder die Ablehnung des Anspruches zuständig war.</P></Content></text></textdaten></norm>
<norm builddate="20120625153301" doknr="BJNR142400000BJNE000200310"><metadaten><jurabk>BMinBF/BIBBWidAnO</jurabk><enbez>II.</enbez></metadaten><textdaten><text format="XML"><Content><P>Auf Grund des § 174 Abs. 3 des Bundesbeamtengesetzes in der Fassung der Bekanntmachung vom 31. März 1999 (BGBl. I S. 675) übertrage ich dem Bundesamt für Finanzen die Vertretung des Bundesministeriums für Bildung und Forschung bei Klagen, soweit es nach dieser Anordnung zur Entscheidung über Widersprüche zuständig ist.</P></Content></text></textdaten></norm>
<norm builddate="20120625153301" doknr="BJNR142400000BJNE000300310"><metadaten><jurabk>BMinBF/BIBBWidAnO</jurabk><enbez>III.</enbez></metadaten><textdaten><text format="XML"><Content><P>Diese Anordnung tritt mit Wirkung vom 1. Oktober 2000 in Kraft. Sie findet keine Anwendung auf Widersprüche, die vor ihrem Inkrafttreten eingelegt, oder auf Klagen, die vor ihrem Inkrafttreten erhoben worden sind.</P></Content></text></textdaten></norm>
<norm builddate="20120625153301" doknr="BJNR142400000BJNE000400310"><metadaten><jurabk>BMinBF/BIBBWidAnO</jurabk><enbez>Schlussformel</enbez></metadaten><textdaten><text format="XML"><Content><P>Die Bundesministerin für Bildung und Forschung</P></Content></text></textdaten></norm>
</dokumente>