<?xml version="1.0" encoding="UTF-8" ?><!DOCTYPE dokumente SYSTEM "http://www.gesetze-im-internet.de/dtd/1.01/gii-norm.dtd">
<dokumente builddate="20120625150012" doknr="BJNR056420998"><norm builddate="20120625150012" doknr="BJNR056420998"><metadaten><jurabk>DBAESTProt</jurabk><ausfertigung-datum manuell="ja">1996-11-29</ausfertigung-datum><fundstelle typ="amtlich"><periodikum>BGBl II</periodikum><zitstelle>1998, 564</zitstelle></fundstelle><langue>Protokoll zum Abkommen zwischen der Bundesrepublik Deutschland
und der Republik Estland zur Vermeidung der Doppelbesteuerung auf dem
Gebiet der Steuern vom Einkommen und vom Vermögen</langue></metadaten><textdaten><text format="decorated"/><fussnoten><Content><P>G v. 22.4.1998 II 547 <BR/>In Kraft gem. Bek. v. 14.1.1999 II 84 mWv 30.12.1998</P></Content></fussnoten></textdaten></norm>
</dokumente>