<?xml version="1.0" encoding="UTF-8" ?><!DOCTYPE dokumente SYSTEM "http://www.gesetze-im-internet.de/dtd/1.01/gii-norm.dtd">
<dokumente builddate="20120625151644" doknr="BJNR211590963"><norm builddate="20120625151644" doknr="BJNR211590963"><metadaten><jurabk>LuftRAbkZAbk</jurabk><ausfertigung-datum manuell="ja">1961-09-18</ausfertigung-datum><fundstelle typ="amtlich"><periodikum>BGBl II</periodikum><zitstelle>1963, 1160</zitstelle></fundstelle><langue>Zusatzabkommen zum Warschauer Abkommen zur Vereinheitlichung von Regeln
über die von einem anderen als dem vertraglichen Luftfrachtführer ausgeführte
Beförderung im internationalen Luftverkehr</langue></metadaten><textdaten><text format="decorated"/><fussnoten><Content><P>G v. 27.8.1963 II 1159 <BR/>Inkraft gem. Bek. v. 18.9.1964 II 1317 mWv 31.5.1964 <BR/>Das Warschauer Abkommen ist vom 12.10.1929</P></Content></fussnoten></textdaten></norm>
</dokumente>