<?xml version="1.0" encoding="UTF-8" ?><!DOCTYPE dokumente SYSTEM "http://www.gesetze-im-internet.de/dtd/1.01/gii-norm.dtd">
<dokumente builddate="20130405132258" doknr="BJNR230620002"><norm builddate="20130405132258" doknr="BJNR230620002"><metadaten><jurabk>SozSichAbkAUSG</jurabk><ausfertigung-datum manuell="ja">2002-08-28</ausfertigung-datum><fundstelle typ="amtlich"><periodikum>BGBl II</periodikum><zitstelle>2002, 2306</zitstelle></fundstelle><langue>Gesetz zu dem Abkommen vom 13. Dezember 2000 zwischen der
Bundesrepublik Deutschland und Australien
über Soziale Sicherheit</langue></metadaten><textdaten><text format="XML"><Content><P/></Content></text><fussnoten><Content><P><BR/> <pre xml:space="preserve">(+++ Textnachweis ab: 4.9.2002 +++)<BR/><BR/></pre></P></Content></fussnoten></textdaten></norm>
<norm builddate="20130405132258" doknr="BJNR230620002BJNE000100000"><metadaten><jurabk>SozSichAbkAUSG</jurabk><enbez>Eingangsformel</enbez></metadaten><textdaten><text format="XML"><Content><P>Der Bundestag hat mit Zustimmung des Bundesrates das folgende Gesetz beschlossen:</P></Content></text></textdaten></norm>
<norm builddate="20130405132258" doknr="BJNR230620002BJNE000200000"><metadaten><jurabk>SozSichAbkAUSG</jurabk><enbez>Art 1</enbez></metadaten><textdaten><text format="XML"><Content><P>Dem in Canberra am 13. Dezember 2000 unterzeichneten Abkommen zwischen der Bundesrepublik Deutschland und Australien über Soziale Sicherheit wird zugestimmt. Das Abkommen wird nachstehend veröffentlicht.</P></Content></text></textdaten></norm>
<norm builddate="20130405132258" doknr="BJNR230620002BJNE000300000"><metadaten><jurabk>SozSichAbkAUSG</jurabk><enbez>Art 2</enbez></metadaten><textdaten><text format="XML"><Content><P>Die Bundesregierung wird ermächtigt, durch Rechtsverordnung mit Zustimmung des Bundesrates Vereinbarungen zur Durchführung des Abkommens in Kraft zu setzen oder in Ermangelung solcher Vereinbarungen zur Anwendung und Durchführung des Abkommens Regelungen zu treffen über: <DL Font="normal" Type="arabic"><DT>1.</DT><DD Font="normal"><LA Size="normal">Aufklärungs-, Anzeige- und Mitteilungspflichten sowie das Bereitstellen von Beweismitteln zwischen den in Artikel 10 Abs. 1 des Abkommens genannten Stellen sowie zwischen diesen und den betroffenen Personen,</LA></DD> <DT>2.</DT><DD Font="normal"><LA Size="normal">das Ausstellen, die Vorlage und Übermittlung von Bescheinigungen sowie die Verwendung von Vordrucken,</LA></DD> <DT>3.</DT><DD Font="normal"><LA Size="normal">das Verfahren beim Erbringen von Geld- und Sachleistungen,</LA></DD> <DT>4.</DT><DD Font="normal"><LA Size="normal">die Zuständigkeit der Versicherungsträger oder anderer in Artikel 10 Abs. 1 des Abkommens genannter Stellen,</LA></DD> <DT>5.</DT><DD Font="normal"><LA Size="normal">die gegenseitige Umrechnung von Versicherungszeiten nach den Rechtsvorschriften beider Vertragsstaaten.</LA></DD> </DL></P></Content></text></textdaten></norm>
<norm builddate="20130405132258" doknr="BJNR230620002BJNE000400000"><metadaten><jurabk>SozSichAbkAUSG</jurabk><enbez>Art 3</enbez></metadaten><textdaten><text format="XML"><Content><P>(1) Dieses Gesetz tritt am Tage nach seiner Verkündung in Kraft.</P><P>(2) Der Tag, an dem das Abkommen nach seinem Artikel 21 Abs. 2 in Kraft tritt, ist im Bundesgesetzblatt bekannt zu geben.</P></Content> </text></textdaten></norm>
</dokumente>