<?xml version="1.0" encoding="UTF-8" ?><!DOCTYPE dokumente SYSTEM "http://www.gesetze-im-internet.de/dtd/1.01/gii-norm.dtd">
<dokumente builddate="20221122214002" doknr="BJNR027100022"><norm builddate="20221122214002" doknr="BJNR027100022"><metadaten><jurabk>BinSchKapAusbV</jurabk><amtabk>BinSchKapAusbV</amtabk><ausfertigung-datum manuell="ja">2022-03-02</ausfertigung-datum><fundstelle typ="amtlich"><periodikum>BGBl I</periodikum><zitstelle>2022, 271</zitstelle></fundstelle><kurzue>Binnenschifffahrtskapitänausbildungsverordnung</kurzue><langue>Verordnung über die Berufsausbildung zum Binnenschifffahrtskapitän und zur Binnenschifffahrtskapitänin<FnR ID="F820693_01_BJNR027100022"/></langue></metadaten><textdaten><text format="XML"><Footnotes><Footnote FnZ="*" Group="column" ID="F820693_01_BJNR027100022" Pos="exp"><noindex>Diese Rechtsverordnung ist eine Ausbildungsordnung im Sinne des § 4 des Berufsbildungsgesetzes. Die Ausbildungsordnung und der damit abgestimmte, von der Ständigen Konferenz der Kultusminister der Länder in der Bundesrepublik Deutschland beschlossene Rahmenlehrplan für die Berufsschule werden demnächst im amtlichen Teil des Bundesanzeigers veröffentlicht.</noindex></Footnote></Footnotes></text><fussnoten><Content><P><BR/> <pre xml:space="preserve">(+++ Textnachweis ab: 1.8.2022 +++)<BR/><BR/></pre></P></Content></fussnoten></textdaten></norm>
<norm builddate="20221122214002" doknr="BJNR027100022BJNE000100000"><metadaten><jurabk>BinSchKapAusbV</jurabk><enbez>Eingangsformel</enbez></metadaten><textdaten><text format="XML"><Content><P>Auf Grund des § 4 Absatz 1 des Berufsbildungsgesetzes in der Fassung der Bekanntmachung vom 4. Mai 2020 (BGBl. I S. 920) in Verbindung mit § 1 Absatz 2 des Zuständigkeitsanpassungsgesetzes vom 16. August 2002 (BGBl. I S. 3165) und dem Organisationserlass vom 8. Dezember 2021 (BGBl. I S. 5176) verordnet das Bundesministerium für Wirtschaft und Klimaschutz im Einvernehmen mit dem Bundesministerium für Bildung und Forschung:</P></Content></text></textdaten></norm>
<norm builddate="20221122214002" doknr="BJNR027100022BJNE000200000"><metadaten><jurabk>BinSchKapAusbV</jurabk><enbez>Inhaltsübersicht</enbez></metadaten><textdaten><text format="XML"><Content><TOC><Ident Class="S0">Abschnitt 1</Ident><P/><Title Align="auto" Class="S0">Gegenstand, Dauer und Gliederung der Berufsausbildung</Title><P/><table colsep="0" frame="none" pgwide="1" rowsep="0" tocentry="%yes;"><tgroup align="left" char="" charoff="50" cols="2"><colspec colname="col1" colwidth="8*"/><colspec colname="col2" colwidth="72*"/><tbody valign="top"><row><entry VJ="1" colname="col1">§  1</entry><entry VJ="1" colname="col2">Staatliche Anerkennung des Ausbildungsberufes</entry></row><row><entry VJ="1" colname="col1">§  2</entry><entry VJ="1" colname="col2">Dauer der Berufsausbildung</entry></row><row><entry VJ="1" colname="col1">§  3</entry><entry VJ="1" colname="col2">Gegenstand der Berufsausbildung und Ausbildungsrahmenplan</entry></row><row><entry VJ="1" colname="col1">§  4</entry><entry VJ="1" colname="col2">Struktur der Berufsausbildung und Ausbildungsberufsbild</entry></row><row><entry VJ="1" colname="col1">§  5</entry><entry VJ="1" colname="col2">Ausbildungsplan</entry></row></tbody></tgroup></table><P/><Ident Class="S0">Abschnitt 2</Ident><P/><Title Align="auto" Class="S0">Abschlussprüfung</Title><P/><table colsep="0" frame="none" pgwide="1" rowsep="0" tocentry="%yes;"><tgroup align="left" char="" charoff="50" cols="2"><colspec colname="col1" colwidth="8*"/><colspec colname="col2" colwidth="72*"/><tbody valign="top"><row><entry VJ="1" colname="col1">§  6</entry><entry VJ="1" colname="col2">Aufteilung in zwei Teile und Zeitpunkt</entry></row><row><entry VJ="1" colname="col1">§  7</entry><entry VJ="1" colname="col2">Inhalt des Teiles 1</entry></row><row><entry VJ="1" colname="col1">§  8</entry><entry VJ="1" colname="col2">Prüfungsbereich des Teiles 1</entry></row><row><entry VJ="1" colname="col1">§  9</entry><entry VJ="1" colname="col2">Inhalt des Teiles 2</entry></row><row><entry VJ="1" colname="col1">§ 10</entry><entry VJ="1" colname="col2">Prüfungsbereiche des Teiles 2</entry></row><row><entry VJ="1" colname="col1">§ 11</entry><entry VJ="1" colname="col2">Prüfungsbereich „Planen von Reisen“</entry></row><row><entry VJ="1" colname="col1">§ 12</entry><entry VJ="1" colname="col2">Prüfungsbereich „Durchführen von Reisen“</entry></row><row><entry VJ="1" colname="col1">§ 13</entry><entry VJ="1" colname="col2">Prüfungsbereich „Wirtschafts- und Sozialkunde“</entry></row><row><entry VJ="1" colname="col1">§ 14</entry><entry VJ="1" colname="col2">Gewichtung der Prüfungsbereiche und Anforderungen für das Bestehen der Abschlussprüfung</entry></row><row><entry VJ="1" colname="col1">§ 15</entry><entry VJ="1" colname="col2">Mündliche Ergänzungsprüfung</entry></row></tbody></tgroup></table><P/><Ident Class="S0">Abschnitt 3</Ident><P/><Title Align="auto" Class="S0">Schlussvorschriften</Title><P/><table colsep="0" frame="none" pgwide="1" rowsep="0" tocentry="%yes;"><tgroup align="left" char="" charoff="50" cols="2"><colspec colname="col1" colwidth="8*"/><colspec colname="col2" colwidth="72*"/><tbody valign="top"><row><entry VJ="1" colname="col1">§ 16</entry><entry VJ="1" colname="col2">Bestehende Berufsausbildungsverhältnisse</entry></row><row><entry VJ="1" colname="col1">§ 17</entry><entry VJ="1" colname="col2">Inkrafttreten</entry></row></tbody></tgroup></table><table colsep="0" frame="none" pgwide="1" rowsep="0" tocentry="%yes;"><tgroup align="left" char="" charoff="50" cols="2"><colspec colname="col1" colnum="1" colwidth="14*"/><colspec colname="col2" colnum="2" colwidth="66*"/><tbody valign="top"><row><entry VJ="1" colname="col1">Anlage 1</entry><entry VJ="1" colname="col2">Ausbildungsrahmenplan für die Berufsausbildung zum Binnenschifffahrtskapitän und zur Binnenschifffahrtskapitänin</entry></row><row><entry VJ="1" colname="col1">Anlage 2</entry><entry VJ="1" colname="col2">Inhalte des Prüfungsbereichs „Planen von Reisen“</entry></row><row><entry VJ="1" colname="col1">Anlage 3</entry><entry VJ="1" colname="col2">Inhalte des Prüfungsbereichs „Durchführen von Reisen“</entry></row></tbody></tgroup></table></TOC></Content></text></textdaten></norm>
<norm builddate="20221122214002" doknr="BJNR027100022BJNG000100000"><metadaten><jurabk>BinSchKapAusbV</jurabk><gliederungseinheit><gliederungskennzahl>010</gliederungskennzahl><gliederungsbez>Abschnitt 1</gliederungsbez><gliederungstitel>Gegenstand, Dauer und Gliederung der Berufsausbildung</gliederungstitel></gliederungseinheit></metadaten><textdaten/></norm>
<norm builddate="20221122214002" doknr="BJNR027100022BJNE000300000"><metadaten><jurabk>BinSchKapAusbV</jurabk><enbez>§ 1</enbez><titel format="XML">Staatliche Anerkennung des Ausbildungsberufes</titel></metadaten><textdaten><text format="XML"><Content><P>Der Ausbildungsberuf mit der Berufsbezeichnung des Binnenschifffahrtskapitäns und der Binnenschifffahrtskapitänin wird nach § 4 Absatz 1 des Berufsbildungsgesetzes staatlich anerkannt.</P></Content></text></textdaten></norm>
<norm builddate="20221122214002" doknr="BJNR027100022BJNE000400000"><metadaten><jurabk>BinSchKapAusbV</jurabk><enbez>§ 2</enbez><titel format="XML">Dauer der Berufsausbildung</titel></metadaten><textdaten><text format="XML"><Content><P>Die Berufsausbildung dauert dreieinhalb Jahre.</P></Content></text></textdaten></norm>
<norm builddate="20221122214002" doknr="BJNR027100022BJNE000500000"><metadaten><jurabk>BinSchKapAusbV</jurabk><enbez>§ 3</enbez><titel format="XML">Gegenstand der Berufsausbildung und Ausbildungsrahmenplan</titel></metadaten><textdaten><text format="XML"><Content><P>(1) Gegenstand der Berufsausbildung sind mindestens die im Ausbildungsrahmenplan (Anlage 1) genannten Fertigkeiten, Kenntnisse und Fähigkeiten.</P><P>(2) Von der Organisation der Berufsausbildung, wie sie im Ausbildungsrahmenplan vorgegeben ist, darf von den Ausbildenden abgewichen werden, wenn und soweit betriebspraktische Besonderheiten oder Gründe, die in der Person des oder der Auszubildenden liegen, die Abweichung erfordern.</P><P>(3) Die im Ausbildungsrahmenplan genannten Fertigkeiten, Kenntnisse und Fähigkeiten sollen so vermittelt werden, dass die Auszubildenden die berufliche Handlungsfähigkeit nach § 1 Absatz 3 des Berufsbildungsgesetzes erlangen. Die berufliche Handlungsfähigkeit schließt insbesondere selbständiges Planen, Durchführen und Kontrollieren bei der Ausübung der beruflichen Aufgaben ein.</P></Content></text></textdaten></norm>
<norm builddate="20221122214002" doknr="BJNR027100022BJNE000600000"><metadaten><jurabk>BinSchKapAusbV</jurabk><enbez>§ 4</enbez><titel format="XML">Struktur der Berufsausbildung und Ausbildungsberufsbild</titel></metadaten><textdaten><text format="XML"><Content><P>(1) Die Berufsausbildung gliedert sich in: <DL Type="arabic"><DT>1.</DT><DD Font="normal"><LA>berufsprofilgebende Fertigkeiten, Kenntnisse und Fähigkeiten sowie</LA></DD><DT>2.</DT><DD Font="normal"><LA>integrativ zu vermittelnde Fertigkeiten, Kenntnisse und Fähigkeiten.</LA></DD></DL>Die Fertigkeiten, Kenntnisse und Fähigkeiten sind in Berufsbildpositionen als Teil des Ausbildungsberufsbildes gebündelt.</P><P>(2) Die Berufsbildpositionen der berufsprofilgebenden Fertigkeiten, Kenntnisse und Fähigkeiten sind: <DL Type="arabic"><DT>1.</DT><DD Font="normal"><LA>Navigieren von Fahrzeugen und Planen von Reisen,</LA></DD><DT>2.</DT><DD Font="normal"><LA>Anwenden, Kontrollieren und Dokumentieren der Fahrzeugausrüstung,</LA></DD><DT>3.</DT><DD Font="normal"><LA>Planen und Überwachen des Be- und Entladens von Fahrzeugen,</LA></DD><DT>4.</DT><DD Font="normal"><LA>Instandhalten von Schiffskörpern und deren Anlagen,</LA></DD><DT>5.</DT><DD Font="normal"><LA>Instandhalten von mechanischen und technischen Anlagen sowie von Schiffsmotoren,</LA></DD><DT>6.</DT><DD Font="normal"><LA>Organisieren und Überwachen der Schiffsbetriebstechnik,</LA></DD><DT>7.</DT><DD Font="normal"><LA>Organisieren und Überwachen von Betriebsabläufen,</LA></DD><DT>8.</DT><DD Font="normal"><LA>Befördern von Personen,</LA></DD><DT>9.</DT><DD Font="normal"><LA>Transportieren von Gütern,</LA></DD><DT>10.</DT><DD Font="normal"><LA>Fördern der Sozialgemeinschaft an Bord,</LA></DD><DT>11.</DT><DD Font="normal"><LA>Durchführen qualitätssichernder Maßnahmen und</LA></DD><DT>12.</DT><DD Font="normal"><LA>Vorbereiten auf Notfallsituationen sowie Handeln und Führen in Notfallsituationen.</LA></DD></DL></P><P>(3) Die Berufsbildpositionen der integrativ zu vermittelnden Fertigkeiten, Kenntnisse und Fähigkeiten sind: <DL Type="arabic"><DT>1.</DT><DD Font="normal"><LA>Organisation des Ausbildungsbetriebes, Berufsbildung sowie Arbeits- und Tarifrecht,</LA></DD><DT>2.</DT><DD Font="normal"><LA>Sicherheit und Gesundheit bei der Arbeit,</LA></DD><DT>3.</DT><DD Font="normal"><LA>Umweltschutz und Nachhaltigkeit,</LA></DD><DT>4.</DT><DD Font="normal"><LA>digitalisierte Arbeitswelt und</LA></DD><DT>5.</DT><DD Font="normal"><LA>Informieren und Kommunizieren.</LA></DD></DL></P></Content></text></textdaten></norm>
<norm builddate="20221122214002" doknr="BJNR027100022BJNE000700000"><metadaten><jurabk>BinSchKapAusbV</jurabk><enbez>§ 5</enbez><titel format="XML">Ausbildungsplan</titel></metadaten><textdaten><text format="XML"><Content><P>Die Ausbildenden haben spätestens zu Beginn der Ausbildung auf der Grundlage des Ausbildungsrahmenplans für jeden Auszubildenden und für jede Auszubildende einen Ausbildungsplan zu erstellen.</P></Content></text></textdaten></norm>
<norm builddate="20221122214002" doknr="BJNR027100022BJNG000200000"><metadaten><jurabk>BinSchKapAusbV</jurabk><gliederungseinheit><gliederungskennzahl>020</gliederungskennzahl><gliederungsbez>Abschnitt 2</gliederungsbez><gliederungstitel>Abschlussprüfung</gliederungstitel></gliederungseinheit></metadaten><textdaten/></norm>
<norm builddate="20221122214002" doknr="BJNR027100022BJNE000800000"><metadaten><jurabk>BinSchKapAusbV</jurabk><enbez>§ 6</enbez><titel format="XML">Aufteilung in zwei Teile und Zeitpunkt</titel></metadaten><textdaten><text format="XML"><Content><P>(1) Die Abschlussprüfung besteht aus den Teilen 1 und 2.</P><P>(2) Teil 1 soll am Ende des vierten Ausbildungshalbjahres stattfinden.</P><P>(3) Teil 2 findet am Ende der Berufsausbildung statt.</P><P>(4) Wird die Ausbildungsdauer verkürzt, so soll Teil 1 der Abschlussprüfung spätestens drei Monate vor dem Zeitpunkt von Teil 2 der Abschlussprüfung stattfinden.</P><P>(5) Den jeweiligen Zeitpunkt legt die zuständige Stelle fest.</P></Content></text></textdaten></norm>
<norm builddate="20221122214002" doknr="BJNR027100022BJNE000900000"><metadaten><jurabk>BinSchKapAusbV</jurabk><enbez>§ 7</enbez><titel format="XML">Inhalt des Teiles 1</titel></metadaten><textdaten><text format="XML"><Content><P>Teil 1 der Abschlussprüfung erstreckt sich auf <DL Type="arabic"><DT>1.</DT><DD Font="normal"><LA>die im Ausbildungsrahmenplan für die ersten vier Ausbildungshalbjahre genannten Fertigkeiten, Kenntnisse und Fähigkeiten sowie</LA></DD><DT>2.</DT><DD Font="normal"><LA>den im Berufsschulunterricht zu vermittelnden Lehrstoff, soweit er den im Ausbildungsrahmenplan genannten Fertigkeiten, Kenntnissen und Fähigkeiten entspricht.</LA></DD></DL></P></Content></text></textdaten></norm>
<norm builddate="20221122214002" doknr="BJNR027100022BJNE001000000"><metadaten><jurabk>BinSchKapAusbV</jurabk><enbez>§ 8</enbez><titel format="XML">Prüfungsbereich des Teiles 1</titel></metadaten><textdaten><text format="XML"><Content><P>(1) Teil 1 der Abschlussprüfung findet im Prüfungsbereich „Betrieb von Binnenschiffen und Sicherheit auf Binnenschiffen“ statt.</P><P>(2) Im Prüfungsbereich „Betrieb von Binnenschiffen und Sicherheit auf Binnenschiffen“ hat der Prüfling nachzuweisen, dass er in der Lage ist, <DL Type="arabic"><DT>1.</DT><DD Font="normal"><LA>aufgabenbezogene Anforderungen zu analysieren und Arbeitsprozesse zu planen und zu strukturieren sowie Arbeitsmittel auszuwählen,</LA></DD><DT>2.</DT><DD Font="normal"><LA>von der Schiffsführung übertragene Aufgaben im Zusammenhang mit dem Manövrieren und Steuern eines Fahrzeuges umzusetzen,</LA></DD><DT>3.</DT><DD Font="normal"><LA>von der Schiffsführung übertragene Aufgaben im Zusammenhang mit der Überwachung des Fahrzeugbetriebs umzusetzen,</LA></DD><DT>4.</DT><DD Font="normal"><LA>die Ausrüstung eines Fahrzeuges einzusetzen,</LA></DD><DT>5.</DT><DD Font="normal"><LA>von der Schiffsführung übertragene Aufgaben im Zusammenhang mit dem Be- und Entladen eines Fahrzeuges umzusetzen,</LA></DD><DT>6.</DT><DD Font="normal"><LA>von der Schiffsführung übertragene Aufgaben in Bezug auf die Schiffsbetriebstechnik umzusetzen,</LA></DD><DT>7.</DT><DD Font="normal"><LA>von der Schiffsführung übertragene Aufgaben im Zusammenhang mit der Wartung eines Fahrzeuges, seiner Anlagen und seiner Ausrüstung umzusetzen,</LA></DD><DT>8.</DT><DD Font="normal"><LA>Wartungsarbeiten an der Ausrüstung eines Fahrzeuges im Bereich der Schiffsbetriebstechnik durchzuführen,</LA></DD><DT>9.</DT><DD Font="normal"><LA>von der Schiffsführung übertragene Aufgaben im Zusammenhang mit der Fürsorge für die an Bord befindlichen Personen umzusetzen,</LA></DD><DT>10.</DT><DD Font="normal"><LA>adressatengerecht zu kommunizieren,</LA></DD><DT>11.</DT><DD Font="normal"><LA>in Notfällen zu handeln sowie Maßnahmen zum Brandschutz und zur Brandbekämpfung zu ergreifen,</LA></DD><DT>12.</DT><DD Font="normal"><LA>Maßnahmen zur Qualitätssicherung, Wirtschaftlichkeit und Nachhaltigkeit sowie zur Sicherheit und zum Gesundheitsschutz bei der Arbeit umzusetzen und</LA></DD><DT>13.</DT><DD Font="normal"><LA>wesentliche fachliche Zusammenhänge aufzuzeigen und seine Vorgehensweise zu begründen.</LA></DD></DL></P><P>(3) Der Prüfling hat drei Arbeitsaufgaben durchzuführen. Nach der Durchführung jeder Arbeitsaufgabe wird mit ihm ein auftragsbezogenes Fachgespräch über die jeweilige Arbeitsaufgabe geführt.</P><P>(4) Der Prüfling hat Aufgaben schriftlich zu bearbeiten. Die Aufgaben müssen praxisbezogen sein.</P><P>(5) Die Prüfungszeit beträgt insgesamt 210 Minuten. Die Prüfungszeit für die Durchführung der Arbeitsaufgaben beträgt insgesamt 90 Minuten. Für die Durchführung der auftragsbezogenen Fachgespräche beträgt die Prüfungszeit für jedes auftragsbezogene Fachgespräch höchstens 10 Minuten. Für die schriftliche Bearbeitung der Aufgaben beträgt die Prüfungszeit 90 Minuten.</P></Content></text></textdaten></norm>
<norm builddate="20221122214002" doknr="BJNR027100022BJNE001100000"><metadaten><jurabk>BinSchKapAusbV</jurabk><enbez>§ 9</enbez><titel format="XML">Inhalt des Teiles 2</titel></metadaten><textdaten><text format="XML"><Content><P>(1) Teil 2 der Abschlussprüfung erstreckt sich auf <DL Type="arabic"><DT>1.</DT><DD Font="normal"><LA>die im Ausbildungsrahmenplan genannten Fertigkeiten, Kenntnisse und Fähigkeiten sowie</LA></DD><DT>2.</DT><DD Font="normal"><LA>den im Berufsschulunterricht zu vermittelnden Lehrstoff, soweit er den im Ausbildungsrahmenplan genannten Fertigkeiten, Kenntnissen und Fähigkeiten entspricht.</LA></DD></DL></P><P>(2) In Teil 2 der Abschlussprüfung sollen Fertigkeiten, Kenntnisse und Fähigkeiten, die bereits Gegenstand von Teil 1 der Abschlussprüfung waren, nur insoweit einbezogen werden, als es für die Feststellung der beruflichen Handlungsfähigkeit erforderlich ist.</P></Content></text></textdaten></norm>
<norm builddate="20221122214002" doknr="BJNR027100022BJNE001200000"><metadaten><jurabk>BinSchKapAusbV</jurabk><enbez>§ 10</enbez><titel format="XML">Prüfungsbereiche des Teiles 2</titel></metadaten><textdaten><text format="XML"><Content><P>Teil 2 der Abschlussprüfung findet in den folgenden Prüfungsbereichen statt: <DL Type="arabic"><DT>1.</DT><DD Font="normal"><LA>„Planen von Reisen“,</LA></DD><DT>2.</DT><DD Font="normal"><LA>„Durchführen von Reisen“ sowie</LA></DD><DT>3.</DT><DD Font="normal"><LA>„Wirtschafts- und Sozialkunde“.</LA></DD></DL></P></Content></text></textdaten></norm>
<norm builddate="20221122214002" doknr="BJNR027100022BJNE001300000"><metadaten><jurabk>BinSchKapAusbV</jurabk><enbez>§ 11</enbez><titel format="XML">Prüfungsbereich „Planen von Reisen“</titel></metadaten><textdaten><text format="XML"><Content><P>(1) Im Prüfungsbereich „Planen von Reisen“ hat der Prüfling nachzuweisen, dass er in der Lage ist, <DL Type="arabic"><DT>1.</DT><DD Font="normal"><LA>auftragsbezogene Anforderungen zu analysieren sowie Arbeitsprozesse zu planen und Arbeitsaufträge festzulegen,</LA></DD><DT>2.</DT><DD Font="normal"><LA>die Einhaltung rechtlicher Regelungen und von Besatzungsvorschriften zu überprüfen,</LA></DD><DT>3.</DT><DD Font="normal"><LA>Anforderungen an den Transport von Gütern und die Beförderung von Personen zu beachten sowie rechtliche Regelungen für den Transport von Gütern und die Beförderung von Personen einzuhalten,</LA></DD><DT>4.</DT><DD Font="normal"><LA>Reiserouten auf europäischen Binnenwasserstraßen unter Berücksichtigung der Konstruktion von Fahrzeugen und deren Verhaltens im Wasser sowie technischer Bauwerke und Profilen von Wasserstraßen zu planen,</LA></DD><DT>5.</DT><DD Font="normal"><LA>Staupläne zu erstellen und zu überprüfen,</LA></DD><DT>6.</DT><DD Font="normal"><LA>Beladung, Entladung und Stauung von Ladung unter Berücksichtigung von deren Eigenschaften während des Be- und Entladens und während des Transports, der Nutzung von Ballastsystemen und des Fahrzeuggewichtes sowie der Parameter der zu durchfahrenden Wasserstraßen zu planen und zu prüfen,</LA></DD><DT>7.</DT><DD Font="normal"><LA>Kontrollen von Fahrzeugen und deren Ausrüstung unter Berücksichtigung des Aufbaus und der Funktion von Bauteilen und Baugruppen sowie unter Berücksichtigung technischer und interner Dokumentationen durchzuführen,</LA></DD><DT>8.</DT><DD Font="normal"><LA>Maßnahmen zur Vermeidung von Schäden an Geräten, Systemen und Anlagen zu ergreifen,</LA></DD><DT>9.</DT><DD Font="normal"><LA>Schäden zu analysieren sowie Instandhaltungs- und Instandsetzungsmaßnahmen zu veranlassen,</LA></DD><DT>10.</DT><DD Font="normal"><LA>die Verwendung von Ausrüstung sowie von Rettungsmitteln und persönlicher Schutzausrüstung zu gewährleisten,</LA></DD><DT>11.</DT><DD Font="normal"><LA>für einen sicheren Zugang zum Fahrzeug zu sorgen,</LA></DD><DT>12.</DT><DD Font="normal"><LA>Gefährdungspotenziale an Bord zu identifizieren und zu beurteilen sowie Schutzmaßnahmen zu veranlassen,</LA></DD><DT>13.</DT><DD Font="normal"><LA>Rettungspläne vorzubereiten sowie Sicherheitsübungen unter Berücksichtigung betrieblicher und rechtlicher Vorgaben zu organisieren und zu überwachen,</LA></DD><DT>14.</DT><DD Font="normal"><LA>Maßnahmen zur Qualitätssicherung und Wirtschaftlichkeit, zum Umweltschutz und zur Nachhaltigkeit sowie zur Sicherheit und zum Gesundheitsschutz bei der Arbeit und an Bord darzustellen sowie</LA></DD><DT>15.</DT><DD Font="normal"><LA>wesentliche fachliche Zusammenhänge aufzuzeigen und seine Vorgehensweise zu begründen.</LA></DD></DL>Für den Nachweis nach Satz 1 sind jeweils zehn Prüfungselemente der Kategorien I und II nach Anlage 2 zugrunde zu legen.</P><P>(2) Die Aufgaben müssen praxisbezogen sein. Der Prüfling hat die Aufgaben schriftlich zu bearbeiten.</P><P>(3) Die Prüfungszeit beträgt 180 Minuten.</P></Content></text></textdaten></norm>
<norm builddate="20221122214002" doknr="BJNR027100022BJNE001400000"><metadaten><jurabk>BinSchKapAusbV</jurabk><enbez>§ 12</enbez><titel format="XML">Prüfungsbereich „Durchführen von Reisen“</titel></metadaten><textdaten><text format="XML"><Content><P>(1) Im Prüfungsbereich „Durchführen von Reisen“ hat der Prüfling nachzuweisen, dass er in der Lage ist, <DL Type="arabic"><DT>1.</DT><DD Font="normal"><LA>aufgabenbezogene Anforderungen zu analysieren sowie Arbeitsprozesse zu planen und Arbeitsaufträge festzulegen,</LA></DD><DT>2.</DT><DD Font="normal"><LA>einen sicheren Fahrbetrieb zu gewährleisten,</LA></DD><DT>3.</DT><DD Font="normal"><LA>Fahrtbereitschaft von Fahrzeugen und sichere Stauung von Ladung zu überprüfen,</LA></DD><DT>4.</DT><DD Font="normal"><LA>Navigations-, Kommunikations-, Lade- und Überwachungssysteme im Fahrstand in Betrieb zu nehmen, einzustellen und zu nutzen,</LA></DD><DT>5.</DT><DD Font="normal"><LA>mit Fahrzeugen an- und abzulegen,</LA></DD><DT>6.</DT><DD Font="normal"><LA>Fahrzeuge unter Berücksichtigung des Verkehrsrechts sowie ihrer Konstruktion und des Verhaltens im Wasser vorausschauend und ressourcenschonend zu führen,</LA></DD><DT>7.</DT><DD Font="normal"><LA>Störungen des Fahrbetriebes und Notsituationen zu analysieren und Maßnahmen zur Bewältigung und Schadensbegrenzung zu ergreifen sowie über Notfälle zu informieren,</LA></DD><DT>8.</DT><DD Font="normal"><LA>Instandhaltungs- und Instandsetzungsmaßnahmen zu veranlassen, zu überwachen und Ergebnisse zu kontrollieren,</LA></DD><DT>9.</DT><DD Font="normal"><LA>zielgerichtet und lösungsorientiert mit Personen an Bord und außerhalb von Fahrzeugen zu kommunizieren,</LA></DD><DT>10.</DT><DD Font="normal"><LA>Maßnahmen zur Qualitätssicherung und Wirtschaftlichkeit, zum Umweltschutz und zur Nachhaltigkeit sowie zur Sicherheit und zum Gesundheitsschutz bei der Arbeit umzusetzen sowie</LA></DD><DT>11.</DT><DD Font="normal"><LA>wesentliche fachliche Zusammenhänge aufzuzeigen und seine Vorgehensweise zu begründen.</LA></DD></DL>Für den Nachweis nach Satz 1 sind sämtliche Prüfungselemente nach Anlage 3 zugrunde zu legen.</P><P>(2) Die Prüfung kann an einem Simulator oder an Bord eines Fahrzeuges durchgeführt werden. Bei Einsatz eines Simulators ist dem Prüfling vor Beginn der Prüfung Gelegenheit zu geben, sich in den Simulator einzuarbeiten.</P><P>(3) Der Prüfling hat eine Arbeitsaufgabe durchzuführen. Nach der Durchführung wird mit ihm ein auftragsbezogenes Fachgespräch geführt.</P><P>(4) Die Prüfungszeit für die Durchführung der Arbeitsaufgabe beträgt 90 Minuten. Die Prüfungszeit für das auftragsbezogene Fachgespräch beträgt 15 Minuten.</P></Content></text></textdaten></norm>
<norm builddate="20221122214002" doknr="BJNR027100022BJNE001500000"><metadaten><jurabk>BinSchKapAusbV</jurabk><enbez>§ 13</enbez><titel format="XML">Prüfungsbereich „Wirtschafts- und Sozialkunde“</titel></metadaten><textdaten><text format="XML"><Content><P>(1) Im Prüfungsbereich „Wirtschafts- und Sozialkunde“ hat der Prüfling nachzuweisen, dass er in der Lage ist, allgemeine wirtschaftliche und gesellschaftliche Zusammenhänge der Berufs- und Arbeitswelt darzustellen und zu beurteilen.</P><P>(2) Die Aufgaben müssen praxisbezogen sein. Der Prüfling hat die Aufgaben schriftlich zu bearbeiten.</P><P>(3) Die Prüfungszeit beträgt 60 Minuten.</P></Content></text></textdaten></norm>
<norm builddate="20221122214002" doknr="BJNR027100022BJNE001600000"><metadaten><jurabk>BinSchKapAusbV</jurabk><enbez>§ 14</enbez><titel format="XML">Gewichtung der Prüfungsbereiche und Anforderungen für das Bestehen der Abschlussprüfung</titel></metadaten><textdaten><text format="XML"><Content><P>(1) Die Bewertungen der einzelnen Prüfungsbereiche sind wie folgt zu gewichten: <table frame="none" pgwide="1" tocentry="%yes;"><tgroup align="left" char="" charoff="50" cols="3"><colspec colname="col1" colwidth="3.5*"/><colspec colname="col2" colwidth="54*"/><colspec colname="col3" colwidth="22.5*"/><tbody valign="top"><row><entry VJ="1" colname="col1" colsep="0" rowsep="0">1.</entry><entry VJ="1" colname="col2" colsep="0" rowsep="0">„Betrieb von Binnenschiffen<BR/>und Sicherheit auf Binnen-<BR/>schiffen“</entry><entry VJ="1" colname="col3" rowsep="0"><BR/><BR/>mit 40 Prozent,</entry></row><row><entry VJ="1" colname="col1" colsep="0" rowsep="0">2.</entry><entry VJ="1" colname="col2" colsep="0" rowsep="0">„Planen von Reisen“</entry><entry VJ="1" colname="col3" rowsep="0">mit 25 Prozent,</entry></row><row><entry VJ="1" colname="col1" colsep="0" rowsep="0">3.</entry><entry VJ="1" colname="col2" colsep="0" rowsep="0">„Durchführen von Reisen“</entry><entry VJ="1" colname="col3" rowsep="0">mit 25 Prozent<BR/>sowie</entry></row><row><entry VJ="1" colname="col1" colsep="0">4.</entry><entry VJ="1" colname="col2" colsep="0">„Wirtschafts- und Sozialkunde“</entry><entry VJ="1" colname="col3">mit 10 Prozent.</entry></row></tbody></tgroup></table></P><P>(2) Die Abschlussprüfung ist bestanden, wenn die Prüfungsleistungen – auch unter Berücksichtigung einer mündlichen Ergänzungsprüfung nach § 15 – wie folgt bewertet worden sind: <DL Font="normal" Type="arabic"><DT>1.</DT><DD Font="normal"><LA Size="normal">im Gesamtergebnis von Teil 1 und Teil 2 mit mindestens „ausreichend“,</LA></DD><DT>2.</DT><DD Font="normal"><LA Size="normal">im Ergebnis von Teil 2 mit mindestens „ausreichend“,</LA></DD><DT>3.</DT><DD Font="normal"><LA Size="normal">im Prüfungsbereich „Planen von Reisen“ mit mindestens „ausreichend“,</LA></DD><DT>4.</DT><DD Font="normal"><LA Size="normal">im Prüfungsbereich „Durchführen von Reisen“ mit mindestens „ausreichend“,</LA></DD><DT>5.</DT><DD Font="normal"><LA Size="normal">in keinem Prüfungsbereich von Teil 2 mit „ungenügend“.</LA></DD></DL>Über das Bestehen ist ein Beschluss nach § 42 Absatz 1 Nummer 3 des Berufsbildungsgesetzes zu fassen.</P></Content></text></textdaten></norm>
<norm builddate="20221122214002" doknr="BJNR027100022BJNE001700000"><metadaten><jurabk>BinSchKapAusbV</jurabk><enbez>§ 15</enbez><titel format="XML">Mündliche Ergänzungsprüfung</titel></metadaten><textdaten><text format="XML"><Content><P>(1) Der Prüfling kann in einem Prüfungsbereich eine mündliche Ergänzungsprüfung beantragen.</P><P>(2) Dem Antrag ist stattzugeben, <DL Type="arabic"><DT>1.</DT><DD Font="normal"><LA>wenn er für einen der folgenden Prüfungsbereiche gestellt worden ist: <DL Type="alpha"><DT>a)</DT><DD Font="normal"><LA>„Planen von Reisen“ oder</LA></DD><DT>b)</DT><DD Font="normal"><LA>„Wirtschafts- und Sozialkunde“,</LA></DD></DL></LA></DD><DT>2.</DT><DD Font="normal"><LA>wenn der benannte Prüfungsbereich schlechter als mit „ausreichend“ bewertet worden ist und</LA></DD><DT>3.</DT><DD Font="normal"><LA>wenn die mündliche Ergänzungsprüfung für das Bestehen der Abschlussprüfung den Ausschlag geben kann.</LA></DD></DL>Die mündliche Ergänzungsprüfung darf nur in einem einzigen Prüfungsbereich durchgeführt werden.</P><P>(3) Die mündliche Ergänzungsprüfung soll 15 Minuten dauern.</P><P>(4) Bei der Ermittlung des Ergebnisses für den Prüfungsbereich sind das bisherige Ergebnis und das Ergebnis der mündlichen Ergänzungsprüfung im Verhältnis 2 : 1 zu gewichten.</P></Content></text></textdaten></norm>
<norm builddate="20221122214002" doknr="BJNR027100022BJNG000300000"><metadaten><jurabk>BinSchKapAusbV</jurabk><gliederungseinheit><gliederungskennzahl>030</gliederungskennzahl><gliederungsbez>Abschnitt 3</gliederungsbez><gliederungstitel>Schlussvorschriften</gliederungstitel></gliederungseinheit></metadaten><textdaten/></norm>
<norm builddate="20221122214002" doknr="BJNR027100022BJNE001800000"><metadaten><jurabk>BinSchKapAusbV</jurabk><enbez>§ 16</enbez><titel format="XML">Bestehende Berufsausbildungsverhältnisse</titel></metadaten><textdaten><text format="XML"><Content><P>Berufsausbildungsverhältnisse, die am 1. August 2022 bestehen, können nach den Vorschriften dieser Verordnung unter Anrechnung der bisher absolvierten Ausbildungszeit fortgesetzt werden, wenn <DL Type="arabic"><DT>1.</DT><DD Font="normal"><LA>die Vertragsparteien dies vereinbaren und</LA></DD><DT>2.</DT><DD Font="normal"><LA>der oder die Auszubildende noch nicht die Zwischenprüfung nach § 8 der Verordnung über die Berufsausbildung zum Binnenschiffer/zur Binnenschifferin vom 20. Januar 2005 (BGBl. I S. 121, 925) absolviert hat.</LA></DD></DL></P></Content></text></textdaten></norm>
<norm builddate="20221122214002" doknr="BJNR027100022BJNE001900000"><metadaten><jurabk>BinSchKapAusbV</jurabk><enbez>§ 17</enbez><titel format="XML">Inkrafttreten</titel></metadaten><textdaten><text format="XML"><Content><P>Diese Verordnung tritt am 1. August 2022 in Kraft.</P></Content></text></textdaten></norm>
<norm builddate="20221122214002" doknr="BJNR027100022BJNE002000000"><metadaten><jurabk>BinSchKapAusbV</jurabk><enbez>Anlage 1</enbez><titel format="XML">(zu § 3 Absatz 1)<BR/>Ausbildungsrahmenplan für die Berufsausbildung zum Binnenschifffahrtskapitän und zur Binnenschifffahrtskapitänin</titel></metadaten><textdaten><text format="XML"><Content><P><noindex><kommentar typ="Fundstelle">(Fundstelle: BGBl. I 2022, 276 - 287)</kommentar></noindex></P><table frame="all" pgwide="1" tabstyle="Ausbildung" tocentry="%yes;"><Title Align="left" Class="S1">Abschnitt A: berufsprofilgebende Fertigkeiten, Kenntnisse und Fähigkeiten</Title><tgroup align="left" char="" charoff="50" cols="5" colsep="1" rowsep="1"><colspec colname="col1" colnum="1" colwidth=".75*"/><colspec colname="col2" colnum="2" colwidth="4.5*"/><colspec colname="col3" colnum="3" colwidth="8.5*"/><colspec colname="col4" colnum="4" colwidth="1.5*"/><colspec colname="col5" colnum="5" colwidth="1.5*"/><thead valign="bottom"><row><entry VJ="1" align="center" colname="col1" morerows="1" valign="middle">Lfd.<BR/> Nr.</entry><entry VJ="1" align="center" colname="col2" morerows="1" valign="middle">Berufsbildpositionen</entry><entry VJ="1" align="center" colname="col3" morerows="1" valign="middle">Fertigkeiten, Kenntnisse und Fähigkeiten</entry><entry VJ="1" align="center" nameend="col5" namest="col4" valign="middle">Zeitliche Richtwerte<BR/> in Wochen im</entry></row><row><entry VJ="1" align="center" colname="col4" valign="middle">1. bis 24.<BR/> Monat</entry><entry VJ="1" align="center" colname="col5" valign="middle">25. bis 42.<BR/> Monat</entry></row><row><entry VJ="1" align="center" colname="col1" valign="middle">1</entry><entry VJ="1" align="center" colname="col2" valign="middle">2</entry><entry VJ="1" align="center" colname="col3" valign="middle">3</entry><entry VJ="1" align="center" nameend="col5" namest="col4" valign="middle">4</entry></row></thead><tbody valign="top"><row><entry VJ="1" align="center" colname="col1" rowsep="0">1</entry><entry VJ="1" colname="col2" rowsep="0">Navigieren von Fahrzeugen und Planen von Reisen<BR/> (§ 4 Absatz 2 Nummer 1)</entry><entry VJ="1" align="justify" colname="col3" rowsep="0"><DL Font="normal" Indent="5" Type="alpha"><DT>a)</DT><DD Font="normal"><LA Size="normal">zulassungsrelevante Dokumente für den nautischen und technischen Betrieb von Fahrzeugen, insbesondere Fahrtauglichkeitsbescheinigungen, zur Überprüfung ihrer Gültigkeit vorbereiten</LA></DD><DT>b)</DT><DD Font="normal"><LA Size="normal">rechtliche Regelungen zur technischen Zulassung und zur Navigation von Fahrzeugen beachten, insbesondere Verkehrsvorschriften für die Schifffahrt im jeweiligen nationalen und europäischen Geltungsbereich</LA></DD><DT>c)</DT><DD Font="normal"><LA Size="normal">Schifffahrtszeichen und Fahrregeln, insbesondere auf Binnen- und Seewasserstraßen, beachten sowie optische und akustische Signale einsetzen</LA></DD><DT>d)</DT><DD Font="normal"><LA Size="normal">Kennzeichnung von Fahrzeugen beachten und Fahrzeuge kennzeichnen</LA></DD><DT>e)</DT><DD Font="normal"><LA Size="normal">im Zusammenhang mit dem Kreuzen, Begegnen und Überholen die Navigation unter Berücksichtigung der Auswirkungen auf Fahrzeuge und Ufer an Eigenschaften von Binnen- und Seewasserstraßen, insbesondere an Strömung, Wellengang, Wind und Wasserstände, anpassen</LA></DD><DT>f)</DT><DD Font="normal"><LA Size="normal">von der Schiffsführung übertragene Aufgaben im Zusammenhang mit der Durchführung von Ankermanövern an Deck, insbesondere im Zusammenhang mit dem Bedienen von Ankereinrichtungen, erfassen und umsetzen</LA></DD><DT>g)</DT><DD Font="normal"><LA Size="normal">von der Schiffsführung übertragene Aufgaben im Zusammenhang mit der Gewährleistung eines sicheren Zugangs zu Fahrzeugen erfassen und umsetzen</LA></DD><DT>h)</DT><DD Font="normal"><LA Size="normal">von der Schiffsführung übertragene Aufgaben im Zusammenhang mit dem Vorbereiten, Inbetriebnehmen, Anlegen und Ablegen sowie Verholen von Fahrzeugen erfassen und umsetzen</LA></DD><DT>i)</DT><DD Font="normal"><LA Size="normal">Fahrzeuge unter Einsatz von Antriebs- und Ruderanlagen auf Binnen- und Seewasserstraßen, in Häfen und technischen Bauwerken steuern unter Berücksichtigung der Bauart und des Verhaltens im Wasser, insbesondere der Stabilität und Festigkeit</LA></DD><DT>j)</DT><DD Font="normal"><LA Size="normal">Fahrzeuge unter Berücksichtigung der Geschwindigkeit ressourcenschonend und unter Beachtung des Schutzes von Wasserwegen und Uferbereichen als Ökosystemen steuern</LA></DD><DT>k)</DT><DD Font="normal"><LA Size="normal">von der Schiffsführung übertragene Aufgaben im Zusammenhang mit der Nutzung von Navigationsmitteln und Verkehrsleitsystemen erfassen und umsetzen</LA></DD></DL></entry><entry VJ="1" align="center" colname="col4" rowsep="0" valign="middle"><BR/> 20</entry><entry VJ="1" colname="col5" rowsep="0"/></row><row><entry VJ="1" align="center" colname="col1" rowsep="0"/><entry VJ="1" colname="col2" rowsep="0"/><entry VJ="1" align="justify" colname="col3"><DL Font="normal" Indent="5" Type="alpha"><DT>l)</DT><DD Font="normal"><LA Size="normal">Wach- und Sicherheitsmaßnahmen zur Gewährleistung eines sicheren Schiffsverkehrs umsetzen sowie bei Auffälligkeiten Meldung machen</LA></DD><DT>m)</DT><DD Font="normal"><LA Size="normal">im Fall von Kommunikationsproblemen berufsspezifische Standardredewendungen der Binnenschifffahrt verwenden</LA></DD><DT>n)</DT><DD Font="normal"><LA Size="normal">von der Schiffsführung übertragene Aufgaben im Zusammenhang mit dem Zusammenstellen von Verbänden, insbesondere im Zusammenhang mit dem Wahrschauen beim Heranfahren und Vertäuen, erfassen und umsetzen</LA></DD><DT>o)</DT><DD Font="normal"><LA Size="normal">Verkehrsträger und ihre Einsatzmöglichkeiten im kombinierten Verkehr unterscheiden</LA></DD><DT>p)</DT><DD Font="normal"><LA Size="normal">europäisches Wasserstraßennetz und dessen Nutzungsmöglichkeiten erfassen</LA></DD></DL></entry><entry VJ="1" colname="col4"/><entry VJ="1" colname="col5"/></row><row><entry VJ="1" align="center" colname="col1" rowsep="1"/><entry VJ="1" colname="col2" rowsep="1"/><entry VJ="1" align="justify" colname="col3"><DL Font="normal" Indent="5" Type="alpha"><DT>q)</DT><DD Font="normal"><LA Size="normal">Gültigkeit von zulassungsrelevanten Dokumenten für den nautischen und technischen Betrieb von Fahrzeugen, insbesondere Fahrtauglichkeitsbescheinigungen, überprüfen</LA></DD><DT>r)</DT><DD Font="normal"><LA Size="normal">Beachtung von Schifffahrtszeichen und Fahrregeln, insbesondere auf Binnen- und Seewasserstraßen, sowie Einsatz von optischen und akustischen Signalen überwachen</LA></DD><DT>s)</DT><DD Font="normal"><LA Size="normal">Anweisungen erteilen</LA></DD><DT>t)</DT><DD Font="normal"><LA Size="normal">Ankermanöver, insbesondere Bedienen von Ankereinrichtungen, durchführen und überwachen</LA></DD><DT>u)</DT><DD Font="normal"><LA Size="normal">sicheren Zugang zu Fahrzeugen gewährleisten</LA></DD><DT>v)</DT><DD Font="normal"><LA Size="normal">Fahrzeuge vorbereiten, in Betrieb nehmen, mit Fahrzeugen anlegen, ablegen und Fahrzeuge verholen</LA></DD><DT>w)</DT><DD Font="normal"><LA Size="normal">Fahrzeuge unter Einsatz von Antriebs- und Ruderanlagen auf Binnen- und Seewasserstraßen, in Häfen und technischen Bauwerken navigieren und führen unter Berücksichtigung der Bauart und des Verhaltens im Wasser, insbesondere der Stabilität und Festigkeit des Fahrzeugs; dabei sicheren Schiffsbetrieb gewährleisten, insbesondere in Situationen mit hoher Verkehrsdichte</LA></DD><DT>x)</DT><DD Font="normal"><LA Size="normal">Navigationsmittel und Verkehrsleitsysteme nutzen</LA></DD><DT>y)</DT><DD Font="normal"><LA Size="normal">Verbände zusammenstellen</LA></DD><DT>z)</DT><DD Font="normal"><LA Size="normal">Fahrtrouten auf der Basis von Frachtverträgen und unter Berücksichtigung zeitlicher, logistischer, ökonomischer und ökologischer Aspekte planen</LA></DD></DL></entry><entry VJ="1" colname="col4"/><entry VJ="1" align="center" colname="col5" valign="middle">18</entry></row><row><entry VJ="1" align="center" colname="col1" rowsep="0">2</entry><entry VJ="1" colname="col2" rowsep="0">Anwenden, Kontrollieren und Dokumentieren der Fahrzeugausrüstung<BR/> (§ 4 Absatz 2 Nummer 2)</entry><entry VJ="1" align="justify" colname="col3" rowsep="0"><DL Font="normal" Indent="5" Type="alpha"><DT>a)</DT><DD Font="normal"><LA Size="normal">Geräte, Maschinen und Anlagen sowie Einsatzmöglichkeiten unterschiedlicher Arten von Fahrzeugen beim Transport von Gütern und Befördern von Personen unterscheiden und auswählen</LA></DD><DT>b)</DT><DD Font="normal"><LA Size="normal">Geräte, Maschinen und mechanische Anlagen, insbesondere Anker, Decksausrüstung und Hebegeräte, für den Betrieb vorbereiten, bedienen und während des Betriebes überwachen</LA></DD></DL></entry><entry VJ="1" colname="col4" rowsep="0"/><entry VJ="1" align="center" colname="col5" rowsep="0" valign="middle"/></row><row><entry VJ="1" align="center" colname="col1"/><entry VJ="1" colname="col2"/><entry VJ="1" align="justify" colname="col3"><DL Font="normal" Indent="5" Type="alpha"><DT>c)</DT><DD Font="normal"><LA Size="normal">elektrische und elektronische Anlagen sowie elektronische, pneumatische und hydraulische Mess-, Steuer- und Regeleinrichtungen für den Betrieb vorbereiten, bedienen und während des Betriebes überwachen</LA></DD><DT>d)</DT><DD Font="normal"><LA Size="normal">Einsatz von Drähten und Tauwerk gemäß Herstellervorgaben sicherstellen</LA></DD><DT>e)</DT><DD Font="normal"><LA Size="normal">Drähte, Tauwerk und Knoten kontrollieren sowie deren Einsatz überwachen</LA></DD><DT>f)</DT><DD Font="normal"><LA Size="normal">Drähte und Tauwerk spleißen und einsetzen sowie Knoten unter Berücksichtigung des Verwendungszweckes fertigen und einsetzen</LA></DD><DT>g)</DT><DD Font="normal"><LA Size="normal">Pumpen und Rohrleitungssysteme sowie Bilge- und Ballastsysteme für den Betrieb vorbereiten, bedienen und überwachen</LA></DD><DT>h)</DT><DD Font="normal"><LA Size="normal">Hauptantrieb, Hilfsantrieb und Motoren für den Schiffsbetrieb sowie Hilfseinrichtungen für den Schiffsbetrieb vorbereiten, bedienen und überwachen</LA></DD><DT>i)</DT><DD Font="normal"><LA Size="normal">Generatoren vor Inbetriebnahme kontrollieren, in Betrieb nehmen und überwachen sowie Betriebsbereitschaft gewährleisten</LA></DD><DT>j)</DT><DD Font="normal"><LA Size="normal">Verbindungen mit landseitigen technischen Einrichtungen planen, aufbauen und trennen sowie überprüfen</LA></DD><DT>k)</DT><DD Font="normal"><LA Size="normal">vorbeugende Instandhaltung planen und Maßnahmen zur Überprüfung der Fahrzeugausrüstung durchführen</LA></DD><DT>l)</DT><DD Font="normal"><LA Size="normal">Störungen von Geräten, Maschinen und Anlagen erkennen und bei Störungen Maßnahmen zur Beseitigung ergreifen</LA></DD><DT>m)</DT><DD Font="normal"><LA Size="normal">die nach rechtlichen Vorgaben und dem geltenden Schiffszeugnis vorgeschriebene Ausrüstung auf Vollständigkeit und Funktionsfähigkeit kontrollieren sowie bei Abweichungen Maßnahmen zur Behebung ergreifen</LA></DD><DT>n)</DT><DD Font="normal"><LA Size="normal">Kontrollen von Geräten, Maschinen und Anlagen nach rechtlichen und betrieblichen Vorgaben sowie ergriffene Maßnahmen dokumentieren</LA></DD><DT>o)</DT><DD Font="normal"><LA Size="normal">Anweisungen zur Vorbereitung und zum Einsatz von Geräten, Maschinen und Anlagen erteilen sowie sichere Verwendung und Bedienung der Fahrzeugausrüstung gewährleisten</LA></DD></DL></entry><entry VJ="1" align="center" colname="col4" valign="middle">12<BR/></entry><entry VJ="1" align="center" colname="col5" valign="middle"/></row><row><entry VJ="1" align="center" colname="col1" rowsep="0">3</entry><entry VJ="1" colname="col2" rowsep="0">Planen und Überwachen des Be- und Entladens von Fahrzeugen<BR/> (§ 4 Absatz 2 Nummer 3)</entry><entry VJ="1" align="justify" colname="col3" rowsep="0"><DL Font="normal" Indent="5" Type="alpha"><DT>a)</DT><DD Font="normal"><LA Size="normal">Ladungsarten unter Berücksichtigung ihrer Eigenschaften und ihres Verhaltens während des Be- und Entladens sowie während des Transports unterscheiden</LA></DD><DT>b)</DT><DD Font="normal"><LA Size="normal">Staupläne umsetzen</LA></DD><DT>c)</DT><DD Font="normal"><LA Size="normal">Ballastsysteme einsetzen und Ballastierung überwachen</LA></DD></DL></entry><entry VJ="1" colname="col4" rowsep="0"/><entry VJ="1" colname="col5" rowsep="0"/></row><row><entry VJ="1" align="center" colname="col1" rowsep="0"/><entry VJ="1" colname="col2" rowsep="0"/><entry VJ="1" align="justify" colname="col3"><DL Font="normal" Indent="5" Type="alpha"><DT>d)</DT><DD Font="normal"><LA Size="normal">von der Schiffsführung übertragene Aufgaben im Zusammenhang mit der Planung, Vor- und Nachbereitung des Ladungsumschlags sowie im Zusammenhang mit der Kontrolle der Ladungssicherung erfassen und umsetzen</LA></DD><DT>e)</DT><DD Font="normal"><LA Size="normal">Eichaufnahmen durchführen, Ladungsgewichte anhand von Schiffseichscheinen berechnen</LA></DD><DT>f)</DT><DD Font="normal"><LA Size="normal">Schiffsabfälle gemäß rechtlichen Regelungen und betrieblichen Vorgaben entsorgen</LA></DD></DL></entry><entry VJ="1" align="center" colname="col4">12</entry><entry VJ="1" colname="col5"/></row><row><entry VJ="1" align="center" colname="col1"/><entry VJ="1" colname="col2"/><entry VJ="1" align="justify" colname="col3"><DL Font="normal" Indent="5" Type="alpha"><DT>g)</DT><DD Font="normal"><LA Size="normal">Ladungsgewicht anhand des Schiffseichscheines planen und Abladetiefe festlegen sowie Eintauchung überwachen</LA></DD><DT>h)</DT><DD Font="normal"><LA Size="normal">Ladungsumschlag planen, vor- und nachbereiten sowie Ladungssicherung überwachen</LA></DD><DT>i)</DT><DD Font="normal"><LA Size="normal">Sicherheit beim Be- und Entladen sowie Ladungsfürsorge während einer Reise planen und gewährleisten</LA></DD><DT>j)</DT><DD Font="normal"><LA Size="normal">Stabilität und Festigkeit des Fahrzeugs gewährleisten</LA></DD></DL></entry><entry VJ="1" colname="col4"/><entry VJ="1" align="center" colname="col5" valign="middle">4</entry></row><row><entry VJ="1" align="center" colname="col1" rowsep="0">4</entry><entry VJ="1" colname="col2" rowsep="0">Instandhalten von Schiffskörpern und deren Anlagen<BR/> (§ 4 Absatz 2 Nummer 4)</entry><entry VJ="1" align="justify" colname="col3" rowsep="0"><DL Font="normal" Indent="5" Type="alpha"><DT>a)</DT><DD Font="normal"><LA Size="normal">Schiffskörper auf Wasserdichtigkeit überprüfen, Undichtigkeiten erkennen und Maßnahmen zu deren Beseitigung ergreifen</LA></DD><DT>b)</DT><DD Font="normal"><LA Size="normal">Maßnahmen zur Konservierung von Schiffskörpern, Aufbauten und Ausrüstung durchführen</LA></DD><DT>c)</DT><DD Font="normal"><LA Size="normal">Geräte, Maschinen und Anlagen zur Gewährleistung der allgemeinen technischen Sicherheit überprüfen, Störungen und deren Ursachen erkennen und bei Störungen Maßnahmen ergreifen</LA></DD><DT>d)</DT><DD Font="normal"><LA Size="normal">Betriebsbereitschaft von elektrischen und elektronischen Anlagen überprüfen und bei Störungen Maßnahmen zu deren Behebung ergreifen</LA></DD><DT>e)</DT><DD Font="normal"><LA Size="normal">Verfahren zur Reinigung und Wartung von Schiffskörpern, Geräten, Maschinen und Anlagen auswählen</LA></DD><DT>f)</DT><DD Font="normal"><LA Size="normal">Drähte, Tauwerk und Knoten pflegen</LA></DD><DT>g)</DT><DD Font="normal"><LA Size="normal">regelmäßige Reinigungs- und Wartungsarbeiten an Mess-, Steuer- und Regeleinrichtungen gemäß technischen Plänen und betrieblichen Vorgaben durchführen</LA></DD><DT>h)</DT><DD Font="normal"><LA Size="normal">regelmäßige Reinigungs- und Wartungsarbeiten an Pumpen, Rohrleitungs-, Bilge- und Ballastsystemen gemäß technischen Plänen, rechtlichen Regelungen und betrieblichen Vorgaben durchführen</LA></DD><DT>i)</DT><DD Font="normal"><LA Size="normal">regelmäßige Reinigungs- und Wartungsarbeiten an Schiffskörpern, Geräten, Maschinen, Anlagen und Werkzeugen gemäß technischen Plänen und betrieblichen Vorgaben durchführen</LA></DD><DT>j)</DT><DD Font="normal"><LA Size="normal">technische Pläne und Anleitungen unter Berücksichtigung von Bezeichnung und Funktion von Bauteilen nutzen, dabei rechtliche und betriebliche Vorgaben berücksichtigen</LA></DD></DL></entry><entry VJ="1" align="center" colname="col4" rowsep="0" valign="bottom">15<BR/></entry><entry VJ="1" colname="col5" rowsep="0"/></row><row><entry VJ="1" align="center" colname="col1"/><entry VJ="1" colname="col2"/><entry VJ="1" align="justify" colname="col3"><DL Font="normal" Indent="5" Type="alpha"><DT>k)</DT><DD Font="normal"><LA Size="normal">Werk- und Hilfsstoffe unter Berücksichtigung von Eigenschaften und Einsatzmöglichkeiten auswählen, bearbeiten und einsetzen</LA></DD><DT>l)</DT><DD Font="normal"><LA Size="normal">Werkzeuge auswählen, einsetzen und pflegen</LA></DD><DT>m)</DT><DD Font="normal"><LA Size="normal">durchgeführte Konservierungs-, Reinigungs- und Wartungsarbeiten dokumentieren</LA></DD><DT>n)</DT><DD Font="normal"><LA Size="normal">Gesundheits- und Umweltschutz sowie Nachhaltigkeit bei der Durchführung von Reinigungs- und Wartungsarbeiten sicherstellen</LA></DD><DT>o)</DT><DD Font="normal"><LA Size="normal">Verbrauchsdaten erheben, Bedarf an Betriebs- und Hilfsstoffen sowie an Gebrauchsgütern ermitteln und Bestellungen vorbereiten</LA></DD><DT>p)</DT><DD Font="normal"><LA Size="normal">Betriebs- und Hilfs-stoffe sowie Gebrauchsgüter annehmen und kontrollieren, Lieferbelege prüfen und Annahme dokumentieren</LA></DD><DT>q)</DT><DD Font="normal"><LA Size="normal">Betriebs- und Hilfs-stoffe sowie Gebrauchsgüter unter Berücksichtigung rechtlicher Regelungen und betrieblicher Vorgaben lagern sowie Lagerbedingungen kontrollieren und dokumentieren</LA></DD><DT>r)</DT><DD Font="normal"><LA Size="normal">Bunker- und Abgabevorgänge vorbereiten und durchführen</LA></DD><DT>s)</DT><DD Font="normal"><LA Size="normal">Betriebs- und Hilfsstoffe gemäß rechtlichen Regelungen und betrieblichen Vorgaben entsorgen</LA></DD></DL></entry><entry VJ="1" colname="col4"/><entry VJ="1" colname="col5"/></row><row><entry VJ="1" align="center" colname="col1">5</entry><entry VJ="1" colname="col2">Instandhalten von mechanischen und technischen Anlagen sowie von Schiffsmotoren<BR/> (§ 4 Absatz 2 Nummer 5)</entry><entry VJ="1" align="justify" colname="col3"><DL Font="normal" Indent="5" Type="alpha"><DT>a)</DT><DD Font="normal"><LA Size="normal">Verfahren und Werkzeuge zur Durchführung von Wartungs- und vorbeugenden Instandhaltungsmaßnahmen auswählen sowie Verfahren unter Berücksichtigung von Nachhaltigkeitsaspekten umsetzen und Werkzeuge handhaben</LA></DD><DT>b)</DT><DD Font="normal"><LA Size="normal">Bauteile und Baugruppen unter Berücksichtigung von Bezeichnung und Funktion nach technischen und betrieblichen Vorgaben durch Sichtprüfungen und Messungen auf Beschaffenheit, insbesondere auf Verschleiß, Beschädigungen und Weiterverwendbarkeit, inspizieren und beurteilen</LA></DD><DT>c)</DT><DD Font="normal"><LA Size="normal">Reinigungs- und Wartungs-arbeiten gemäß technischen Plänen und betrieblichen Vorgaben durchführen</LA></DD><DT>d)</DT><DD Font="normal"><LA Size="normal">Montage von Bauteilen und Baugruppen gemäß technischen Unterlagen vorbereiten und durchführen</LA></DD><DT>e)</DT><DD Font="normal"><LA Size="normal">Durchführung von Wartungs- und vorbeugenden Instandhaltungsmaßnahmen nach betrieblichen Vorgaben dokumentieren</LA></DD></DL></entry><entry VJ="1" align="center" colname="col4" valign="middle">10</entry><entry VJ="1" colname="col5"/></row><row><entry VJ="1" align="center" colname="col1" rowsep="0">6</entry><entry VJ="1" colname="col2" rowsep="0">Organisieren und Überwachen der Schiffsbetriebstechnik<BR/> (§ 4 Absatz 2 Nummer 6)</entry><entry VJ="1" align="justify" colname="col3" rowsep="0"><DL Font="normal" Indent="5" Type="alpha"><DT>a)</DT><DD Font="normal"><LA Size="normal">Schadenskontrollen planen, veranlassen und durchführen</LA></DD><DT>b)</DT><DD Font="normal"><LA Size="normal">Funktionsstörungen und häufige Fehler erkennen und Maßnahmen zur Schadensverhütung ergreifen</LA></DD><DT>c)</DT><DD Font="normal"><LA Size="normal">festgestellte Schäden unter Berücksichtigung des Aufbaus und der Funktion von Bauteilen, Baugruppen und Systemen beurteilen</LA></DD></DL></entry><entry VJ="1" colname="col4" rowsep="0"/><entry VJ="1" colname="col5" rowsep="0"/></row><row><entry VJ="1" align="center" colname="col1"/><entry VJ="1" colname="col2"/><entry VJ="1" align="justify" colname="col3"><DL Font="normal" Indent="5" Type="alpha"><DT>d)</DT><DD Font="normal"><LA Size="normal">technische Vorschriften berücksichtigen sowie technische und interne Dokumente auswerten</LA></DD><DT>e)</DT><DD Font="normal"><LA Size="normal">Maßnahmen zur Vermeidung von Schäden an elektrischen und elektronischen Geräten ergreifen</LA></DD><DT>f)</DT><DD Font="normal"><LA Size="normal">Antriebs- sowie Hilfsmaschinen und Hilfsausrüstung im Hinblick auf Funktionsfähigkeit und Leistung beurteilen sowie Maßnahmen zur Wartung und Instandsetzung planen, veranlassen und überwachen</LA></DD><DT>g)</DT><DD Font="normal"><LA Size="normal">Pumpen und Rohrleitungssysteme sowie Bilge- und Ballastsysteme im Hinblick auf Funktionsfähigkeit überprüfen sowie Maßnahmen zur Wartung und Instandsetzung planen, veranlassen und überwachen</LA></DD><DT>h)</DT><DD Font="normal"><LA Size="normal">Arbeiten mit Pumpen und Rohrleitungssystemen sowie mit Bilge- und Ballastsystemen planen und überwachen</LA></DD><DT>i)</DT><DD Font="normal"><LA Size="normal">Mess-, Steuer- und Regeleinrichtungen im Hinblick auf Funktionsfähigkeit überprüfen sowie Maßnahmen zur Wartung und Instandsetzung planen, veranlassen und überwachen</LA></DD><DT>j)</DT><DD Font="normal"><LA Size="normal">elektrotechnische, elektronische sowie leittechnische Anlagen und Einrichtungen im Hinblick auf Funktionsfähigkeit überprüfen sowie Maßnahmen zur Wartung und Instandsetzung planen, veranlassen und überwachen</LA></DD><DT>k)</DT><DD Font="normal"><LA Size="normal">Arbeitsaufträge zur Instandsetzung erteilen sowie Umsetzung von Maßnahmen überwachen</LA></DD><DT>l)</DT><DD Font="normal"><LA Size="normal">Besatzungsmitglieder bei Betrieb und Wartung von Geräten, Maschinen und Anlagen überwachen und beaufsichtigen</LA></DD><DT>m)</DT><DD Font="normal"><LA Size="normal">Gesundheits-, Umweltschutz und Nachhaltigkeit bei der Durchführung von Wartungs- und Instandsetzungsarbeiten sicherstellen</LA></DD><DT>n)</DT><DD Font="normal"><LA Size="normal">durchgeführte Maßnahmen dokumentieren</LA></DD><DT>o)</DT><DD Font="normal"><LA Size="normal">Eigenschaften von Materialien sowie Einsatzmöglichkeiten von Materialien und Verfahren zur Wartung und Instandsetzung beurteilen</LA></DD><DT>p)</DT><DD Font="normal"><LA Size="normal">Materialien und Werkzeuge unter Berücksichtigung des Gesundheits- und Umweltschutzes sowie der Herkunft, Herstellung und langfristiger Nutzbarkeit beschaffen sowie sachgemäße Verwendung sicherstellen</LA></DD><DT>q)</DT><DD Font="normal"><LA Size="normal">Bedarfe an Betriebs- und Hilfsstoffen feststellen, deren Beschaffung organisieren sowie Lieferungen annehmen und zur Rechnungsstellung prüfen</LA></DD><DT>r)</DT><DD Font="normal"><LA Size="normal">Lagerung von Betriebs- und Hilfsstoffen sowie von Gebrauchs- und Verbrauchsgütern unter Berücksichtigung rechtlicher Regelungen überwachen</LA></DD><DT>s)</DT><DD Font="normal"><LA Size="normal">Entsorgung von Rest- und Wertstoffen gewährleisten und dokumentieren</LA></DD></DL></entry><entry VJ="1" colname="col4"/><entry VJ="1" align="center" colname="col5"><BR/> 10</entry></row><row><entry VJ="1" align="center" colname="col1">7</entry><entry VJ="1" colname="col2">Organisieren und Überwachen von Betriebsabläufen<BR/> (§ 4 Absatz 2 Nummer 7)</entry><entry VJ="1" align="justify" colname="col3"><DL Font="normal" Indent="5" Type="alpha"><DT>a)</DT><DD Font="normal"><LA Size="normal">Besatzungsvorschriften, insbesondere in Bezug auf Ruhezeiten und Zusammensetzung der Besatzung, für den Betrieb von Fahrzeugen anwenden</LA></DD><DT>b)</DT><DD Font="normal"><LA Size="normal">Besatzung gemäß Besatzungsvorschriften zusammenstellen sowie Arbeitsaufgaben entsprechend Qualifikationen übertragen</LA></DD><DT>c)</DT><DD Font="normal"><LA Size="normal">Besatzung in Kommunikations- und Informationssysteme einweisen</LA></DD><DT>d)</DT><DD Font="normal"><LA Size="normal">Verwendung und Bedienung technischer Geräte und Anlagen organisieren</LA></DD><DT>e)</DT><DD Font="normal"><LA Size="normal">Arbeitsbedarfe ermitteln sowie Betriebsabläufe und Arbeitsprozesse unter Berücksichtigung von Betriebsstrukturen und Zeitmanagement planen</LA></DD><DT>f)</DT><DD Font="normal"><LA Size="normal">Arbeitsaufträge formulieren, Anweisungen erteilen und Ausführung von Aufgaben überwachen sowie Arbeitsabläufe steuern</LA></DD><DT>g)</DT><DD Font="normal"><LA Size="normal">Arbeitsergebnisse kontrollieren, bewerten und dokumentieren</LA></DD><DT>h)</DT><DD Font="normal"><LA Size="normal">Umsetzung rechtlicher Regelungen zur Arbeitssicherheit, zur Gesundheit und zum Umweltschutz gewährleisten und überwachen</LA></DD><DT>i)</DT><DD Font="normal"><LA Size="normal">Sicherheitsmaßnahmen für die Durchführung von Arbeitsaufträgen, insbesondere für die Reinigung geschlossener Räume, vorgeben, kontrollieren und überwachen</LA></DD><DT>j)</DT><DD Font="normal"><LA Size="normal">für den Schutz und die Sicherheit der an Bord befindlichen Personen sorgen</LA></DD><DT>k)</DT><DD Font="normal"><LA Size="normal">finanzielle Mittel verwalten sowie Einnahmen und Ausgaben dokumentieren</LA></DD></DL></entry><entry VJ="1" colname="col4"/><entry VJ="1" align="center" colname="col5" valign="middle">14</entry></row><row><entry VJ="1" align="center" colname="col1" rowsep="0">8</entry><entry VJ="1" colname="col2" rowsep="0">Befördern von Personen<BR/> (§ 4 Absatz 2 Nummer 8)</entry><entry VJ="1" align="justify" colname="col3"><DL Font="normal" Indent="5" Type="alpha"><DT>a)</DT><DD Font="normal"><LA Size="normal">betriebliche und rechtliche Regelungen zur Personenbeförderung einhalten</LA></DD><DT>b)</DT><DD Font="normal"><LA Size="normal">Personen, auch mit eingeschränkter Mobilität und insbesondere mit Behinderungen, beim sicheren Ein- und Ausstieg unterstützen</LA></DD><DT>c)</DT><DD Font="normal"><LA Size="normal">mit Personen, auch unter Verwendung von berufsspezifischen Standardredewendungen, situations- und adressatengerecht kommunizieren</LA></DD><DT>d)</DT><DD Font="normal"><LA Size="normal">bei der Aufsicht über Personen in Notsituationen Unterstützung leisten</LA></DD><DT>e)</DT><DD Font="normal"><LA Size="normal">in Notsituationen Rettungsmaßnahmen, insbesondere den Einsatz von Rettungsmitteln, gemäß Sicherheitsrolle durchführen</LA></DD></DL></entry><entry VJ="1" align="center" colname="col4" valign="middle">5</entry><entry VJ="1" colname="col5"/></row><row><entry VJ="1" align="center" colname="col1" rowsep="0"/><entry VJ="1" colname="col2" rowsep="0"/><entry VJ="1" align="justify" colname="col3" rowsep="0"><DL Font="normal" Indent="5" Type="alpha"><DT>f)</DT><DD Font="normal"><LA Size="normal">eine Analyse der Gefahren an Bord bezüglich der Beschränkungen des Zutritts für Personen festlegen und überwachen</LA></DD><DT>g)</DT><DD Font="normal"><LA Size="normal">Bordschutzkonzepte gegen unbefugten Zutritt erstellen sowie Bordwachen organisieren und dokumentieren</LA></DD><DT>h)</DT><DD Font="normal"><LA Size="normal">erforderliche Maßnahmen zum Schutz und zur Sicherheit von Personen im Allgemeinen sowie in Notfällen planen und gewährleisten</LA></DD></DL></entry><entry VJ="1" colname="col4" rowsep="0"/><entry VJ="1" colname="col5" rowsep="0"/></row><row><entry VJ="1" align="center" colname="col1"/><entry VJ="1" colname="col2"/><entry VJ="1" align="justify" colname="col3"><DL Font="normal" Indent="5" Type="alpha"><DT>i)</DT><DD Font="normal"><LA Size="normal">Anweisungen erteilen, damit Personen mit eingeschränkter Mobilität, insbesondere mit Behinderungen, sicher einschiffen, ausschiffen und mit dem Schiff reisen können, sowie die Ausführung erteilter Anweisungen überwachen</LA></DD><DT>j)</DT><DD Font="normal"><LA Size="normal">regelmäßige Sicherheitsübungen mit Sicherheitspersonal organisieren, durchführen und überwachen sowie dokumentieren</LA></DD><DT>k)</DT><DD Font="normal"><LA Size="normal">Rettungsverfahren und -maßnahmen für Personen auf der Grundlage von Rettungsplänen einleiten und Anweisungen erteilen sowie Rettungsmaßnahmen steuern und überwachen</LA></DD><DT>l)</DT><DD Font="normal"><LA Size="normal">mit Personen, insbesondere in Notfällen, situations- und adressatengerecht kommunizieren</LA></DD><DT>m)</DT><DD Font="normal"><LA Size="normal">Auswirkungen der Verteilung von Personen auf die Stabilität von Fahrgastschiffen beachten</LA></DD><DT>n)</DT><DD Font="normal"><LA Size="normal">Meldungen für die Beförderung von Personen gemäß Vorgaben vornehmen</LA></DD><DT>o)</DT><DD Font="normal"><LA Size="normal">Gefahrensituationen erkennen und Maßnahmen zur Behebung einleiten</LA></DD></DL></entry><entry VJ="1" colname="col4"/><entry VJ="1" align="center" colname="col5" valign="middle">5<BR/></entry></row><row><entry VJ="1" align="center" colname="col1">9</entry><entry VJ="1" colname="col2">Transportieren von Gütern<BR/> (§ 4 Absatz 2 Nummer 9)</entry><entry VJ="1" align="justify" colname="col3"><DL Font="normal" Indent="5" Type="alpha"><DT>a)</DT><DD Font="normal"><LA Size="normal">betriebliche Regelungen, nationale und internationale Vorschriften sowie Standards und Codes für den Transport von nicht gefährlichen Gütern einhalten</LA></DD><DT>b)</DT><DD Font="normal"><LA Size="normal">betriebliche Regelungen, nationale und internationale Vorschriften sowie Standards und Codes für den Transport von gefährlichen Gütern einhalten</LA></DD><DT>c)</DT><DD Font="normal"><LA Size="normal">Klassifizierung gefährlicher Güter gemäß rechtlicher Regelungen zur nationalen und internationalen Beförderung gefährlicher Güter auf Binnenwasserstraßen beachten und Fahrzeuge kennzeichnen</LA></DD><DT>d)</DT><DD Font="normal"><LA Size="normal">Frachtvertragsrecht für den Transport von Gütern berücksichtigen</LA></DD><DT>e)</DT><DD Font="normal"><LA Size="normal">Stabilitätspläne sowie Staupläne erstellen und Umsetzung während Ladevorgängen überprüfen</LA></DD><DT>f)</DT><DD Font="normal"><LA Size="normal">Meldungen gemäß Vorgaben beim Transport von Gütern vornehmen</LA></DD><DT>g)</DT><DD Font="normal"><LA Size="normal">Gefahrensituationen erkennen und Maßnahmen zur Behebung einleiten</LA></DD></DL></entry><entry VJ="1" colname="col4"/><entry VJ="1" align="center" colname="col5" valign="middle">14</entry></row><row><entry VJ="1" align="center" colname="col1" rowsep="0">10</entry><entry VJ="1" colname="col2" rowsep="0">Fördern der Sozialgemeinschaft an Bord<BR/> (§ 4 Absatz 2 Nummer 10)</entry><entry VJ="1" align="justify" colname="col3"><DL Font="normal" Indent="5" Type="alpha"><DT>a)</DT><DD Font="normal"><LA Size="normal">im Team wertschätzend arbeiten, auch unter Berücksichtigung kultureller Identitäten</LA></DD><DT>b)</DT><DD Font="normal"><LA Size="normal">Sachverhalte situationsgerecht darstellen und Gespräche situationsgerecht führen</LA></DD><DT>c)</DT><DD Font="normal"><LA Size="normal">Anweisungen erfassen und umsetzen</LA></DD><DT>d)</DT><DD Font="normal"><LA Size="normal">Fehlverhalten und Gefährdungen, einschließlich im Zusammenhang mit Suchtmitteln, erkennen, ansprechen und Maßnahmen ergreifen</LA></DD><DT>e)</DT><DD Font="normal"><LA Size="normal">Mahlzeiten, insbesondere unter Gesundheitsaspekten, planen sowie Nahrungsmittel beschaffen und zubereiten</LA></DD><DT>f)</DT><DD Font="normal"><LA Size="normal">Reinigungs- und Hygienemaßnahmen in Funktions-, Wohn- und Sozialräumen durchführen</LA></DD><DT>g)</DT><DD Font="normal"><LA Size="normal">Konflikte erkennen und zu deren Lösung beitragen</LA></DD></DL></entry><entry VJ="1" align="center" colname="col4" valign="middle">6</entry><entry VJ="1" colname="col5"/></row><row><entry VJ="1" align="center" colname="col1"/><entry VJ="1" colname="col2"/><entry VJ="1" align="justify" colname="col3"><DL Font="normal" Indent="5" Type="alpha"><DT>h)</DT><DD Font="normal"><LA Size="normal">gruppendynamische Prozesse unter Berücksichtigung individueller Besonderheiten und kultureller Identitäten beobachten und analysieren</LA></DD><DT>i)</DT><DD Font="normal"><LA Size="normal">teamorientiertes Betriebsklima, auch außerhalb von Arbeitszeiten, an Bord fördern und gestalten</LA></DD><DT>j)</DT><DD Font="normal"><LA Size="normal">Maßnahmen zur Suchtprävention ergreifen</LA></DD><DT>k)</DT><DD Font="normal"><LA Size="normal">betriebliche Vorgaben zur Vermeidung des Konsums von Suchtmitteln sowie bei Missbrauch von Suchtmitteln durchsetzen</LA></DD><DT>l)</DT><DD Font="normal"><LA Size="normal">Maßnahmen zur Verpflegung sowie zur Reinigung und Hygiene organisieren</LA></DD></DL></entry><entry VJ="1" colname="col4"/><entry VJ="1" align="center" colname="col5" valign="middle">5</entry></row><row><entry VJ="1" align="center" colname="col1">11</entry><entry VJ="1" colname="col2">Durchführen qualitätssichernder Maßnahmen<BR/> (§ 4 Absatz 2 Nummer 11)</entry><entry VJ="1" align="justify" colname="col3"><DL Font="normal" Indent="5" Type="alpha"><DT>a)</DT><DD Font="normal"><LA Size="normal">Arbeitsaufträge entgegennehmen und prüfen sowie Arbeitsabläufe und Arbeitsschritte, auch im Team, planen</LA></DD><DT>b)</DT><DD Font="normal"><LA Size="normal">Arbeitsergebnisse kontrollieren und bewerten</LA></DD><DT>c)</DT><DD Font="normal"><LA Size="normal">Arbeitsergebnisse dokumentieren</LA></DD><DT>d)</DT><DD Font="normal"><LA Size="normal">Bedeutung der Qualitätssicherung für die Planung, Durchführung und Verbesserung von Arbeitsprozessen erläutern</LA></DD><DT>e)</DT><DD Font="normal"><LA Size="normal">betriebliches Qualitätssicherungssystem anwenden, insbesondere qualitätssichernde Vorbeuge- und Korrekturmaßnahmen einleiten und durchführen</LA></DD><DT>f)</DT><DD Font="normal"><LA Size="normal">Qualität von durchgeführten Maßnahmen beurteilen und dokumentieren</LA></DD><DT>g)</DT><DD Font="normal"><LA Size="normal">Möglichkeiten zur Verbesserung von Arbeitsabläufen und -ergebnissen identifizieren und Arbeitsabläufe optimieren</LA></DD></DL></entry><entry VJ="1" align="center" colname="col4" valign="middle">9</entry><entry VJ="1" colname="col5"/></row><row><entry VJ="1" align="center" colname="col1" rowsep="0">12</entry><entry VJ="1" colname="col2" rowsep="0">Vorbereiten auf Notfallsituationen sowie Handeln und Führen in Notfallsituationen<BR/> (§ 4 Absatz 2 Nummer 12)</entry><entry VJ="1" align="justify" colname="col3"><DL Font="normal" Indent="5" Type="alpha"><DT>a)</DT><DD Font="normal"><LA Size="normal">Rettungsmittel und persönliche Schutzausrüstungen einsetzen und deren Funktionsfähigkeit sicherstellen</LA></DD><DT>b)</DT><DD Font="normal"><LA Size="normal">Fluchtwege freihalten und im Notfall benutzen</LA></DD><DT>c)</DT><DD Font="normal"><LA Size="normal">Kommunikations- und Alarmsysteme sowie berufsspezifische Standardredewendungen einsetzen und in Abhängigkeit vom Notfall anzuwendende Verfahren einhalten</LA></DD><DT>d)</DT><DD Font="normal"><LA Size="normal">Gefahrensituationen im Schiffsbetrieb erkennen, bewerten und melden sowie Maßnahmen zu deren Beseitigung ergreifen</LA></DD><DT>e)</DT><DD Font="normal"><LA Size="normal">sich bei Leckalarm, Havarien, Bränden und Notfällen situationsgerecht verhalten sowie Hilfs- und Sofortmaßnahmen ergreifen</LA></DD><DT>f)</DT><DD Font="normal"><LA Size="normal">in Abhängigkeit vom Notfall Maßnahmen zur Rettung verunglückter Personen, auch im Wasser, ergreifen und Maßnahmen zur ersten Hilfe durchführen</LA></DD><DT>g)</DT><DD Font="normal"><LA Size="normal">in Notfällen zum Schutz und zur Sicherheit der an Bord befindlichen Personen Anweisungen erteilen</LA></DD></DL></entry><entry VJ="1" align="center" colname="col4" valign="middle">9</entry><entry VJ="1" colname="col5"/></row><row><entry VJ="1" align="center" colname="col1" rowsep="0"/><entry VJ="1" colname="col2" rowsep="0"/><entry VJ="1" align="justify" colname="col3" rowsep="0"><DL Font="normal" Indent="5" Type="alpha"><DT>h)</DT><DD Font="normal"><LA Size="normal">Sicherheits- und Notfallpläne erstellen und prüfen</LA></DD><DT>i)</DT><DD Font="normal"><LA Size="normal">Unterweisungen durchführen</LA></DD><DT>j)</DT><DD Font="normal"><LA Size="normal">Krisenbewältigungsübungen organisieren</LA></DD><DT>k)</DT><DD Font="normal"><LA Size="normal">Kontrolle von Rettungsmitteln und persönlicher Schutzausrüstung organisieren, durchführen, überwachen und dokumentieren</LA></DD></DL></entry><entry VJ="1" colname="col4" rowsep="0"/><entry VJ="1" colname="col5" rowsep="0"/></row><row><entry VJ="1" align="center" colname="col1"/><entry VJ="1" colname="col2"/><entry VJ="1" align="justify" colname="col3"><DL Font="normal" Indent="5" Type="alpha"><DT>l)</DT><DD Font="normal"><LA Size="normal">Rettungsverfahren und -maßnahmen für Personal auf der Grundlage von Rettungsplänen einleiten und Anweisungen erteilen sowie Rettungsmaßnahmen steuern und überwachen</LA></DD><DT>m)</DT><DD Font="normal"><LA Size="normal">Störungen im Schiffsbetrieb erkennen, bewerten und Maßnahmen zu deren Beseitigung ergreifen</LA></DD><DT>n)</DT><DD Font="normal"><LA Size="normal">auf navigatorische Notfälle auf Binnen- und Seewasserstraßen reagieren</LA></DD><DT>o)</DT><DD Font="normal"><LA Size="normal">Beiboote handhaben und Einsatz von Beibooten überwachen</LA></DD></DL></entry><entry VJ="1" colname="col4"/><entry VJ="1" align="center" colname="col5">8</entry></row></tbody></tgroup></table><P/><table frame="all" pgwide="1" tabstyle="Ausbildung" tocentry="%yes;"><Title Align="left" Class="S1">Abschnitt B: integrativ zu vermittelnde Fertigkeiten, Kenntnisse und Fähigkeiten</Title><tgroup align="left" char="" charoff="50" cols="5" colsep="1" rowsep="1"><colspec colname="col1" colnum="1" colwidth=".75*"/><colspec colname="col2" colnum="2" colwidth="4.5*"/><colspec colname="col3" colnum="3" colwidth="8.5*"/><colspec colname="col4" colnum="4" colwidth="1.5*"/><colspec colname="col5" colnum="5" colwidth="1.5*"/><thead valign="bottom"><row><entry VJ="1" align="center" colname="col1" valign="middle">Lfd.<BR/> Nr.</entry><entry VJ="1" align="center" colname="col2" valign="middle">Berufsbildpositionen</entry><entry VJ="1" align="center" colname="col3" valign="middle">Fertigkeiten, Kenntnisse und Fähigkeiten</entry><entry VJ="1" align="center" nameend="col5" namest="col4" valign="middle">Zeitliche Zuordnung</entry></row><row><entry VJ="1" align="center" colname="col1" valign="middle">1</entry><entry VJ="1" align="center" colname="col2" valign="middle">2</entry><entry VJ="1" align="center" colname="col3" valign="middle">3</entry><entry VJ="1" align="center" nameend="col5" namest="col4" valign="middle">4</entry></row></thead><tbody valign="top"><row><entry VJ="1" align="center" colname="col1">1</entry><entry VJ="1" colname="col2">Organisation des Ausbildungsbetriebes, Berufsbildung sowie Arbeits- und Tarifrecht<BR/> (§ 4 Absatz 3 Nummer 1)</entry><entry VJ="1" align="justify" colname="col3"><DL Font="normal" Indent="5" Type="alpha"><DT>a)</DT><DD Font="normal"><LA Size="normal">den Aufbau und die grundlegenden Arbeits- und Geschäftsprozesse des Ausbildungsbetriebes erläutern</LA></DD><DT>b)</DT><DD Font="normal"><LA Size="normal">Rechte und Pflichten aus dem Ausbildungsvertrag sowie Dauer und Beendigung des Ausbildungsverhältnisses erläutern und Aufgaben der im System der dualen Berufsausbildung Beteiligten beschreiben</LA></DD><DT>c)</DT><DD Font="normal"><LA Size="normal">die Bedeutung, die Funktion und die Inhalte der Ausbildungsordnung und des betrieblichen Ausbildungsplans erläutern sowie zu deren Umsetzung beitragen</LA></DD><DT>d)</DT><DD Font="normal"><LA Size="normal">die für den Ausbildungsbetrieb geltenden arbeits-, sozial-, tarif- und mitbestimmungsrechtlichen Vorschriften erläutern</LA></DD><DT>e)</DT><DD Font="normal"><LA Size="normal">Grundlagen, Aufgaben und Arbeitsweise der betriebsverfassungs- oder personalvertretungsrechtlichen Organe des Ausbildungsbetriebes erläutern</LA></DD><DT>f)</DT><DD Font="normal"><LA Size="normal">Beziehungen des Ausbildungsbetriebes und seiner Beschäftigten zu Wirtschaftsorganisationen und Gewerkschaften erläutern</LA></DD><DT>g)</DT><DD Font="normal"><LA Size="normal">Positionen der eigenen Entgeltabrechnung erläutern</LA></DD><DT>h)</DT><DD Font="normal"><LA Size="normal">wesentliche Inhalte von Arbeitsverträgen erläutern</LA></DD><DT>i)</DT><DD Font="normal"><LA Size="normal">Möglichkeiten des beruflichen Aufstiegs und der beruflichen Weiterentwicklung erläutern</LA></DD></DL></entry><entry VJ="1" colname="col4" nameend="col5" namest="col4" rowsep="0" valign="middle"/></row><row><entry VJ="1" align="center" colname="col1" rowsep="0">2</entry><entry VJ="1" colname="col2" rowsep="0">Sicherheit und Gesundheit bei der Arbeit<BR/> (§ 4 Absatz 3 Nummer 2)</entry><entry VJ="1" align="justify" colname="col3" rowsep="0"><DL Font="normal" Type="alpha"><DT>a)</DT><DD Font="normal"><LA Size="normal">Rechte und Pflichten aus den berufsbezogenen Arbeitsschutz- und Unfallverhütungsvorschriften kennen und diese Vorschriften anwenden</LA></DD><DT>b)</DT><DD Font="normal"><LA Size="normal">Gefährdungen von Sicherheit und Gesundheit am Arbeitsplatz und auf dem Arbeitsweg prüfen und beurteilen</LA></DD><DT>c)</DT><DD Font="normal"><LA Size="normal">sicheres und gesundheitsgerechtes Arbeiten erläutern</LA></DD></DL></entry><entry VJ="1" colsep="0" nameend="col5" namest="col4" rowsep="0"/></row><row><entry VJ="1" align="center" colname="col1"/><entry VJ="1" colname="col2"/><entry VJ="1" align="justify" colname="col3"><DL Font="normal" Indent="5" Type="alpha"><DT>d)</DT><DD Font="normal"><LA Size="normal">technische und organisatorische Maßnahmen zur Vermeidung von Gefährdungen sowie von psychischen und physischen Belastungen für sich und andere, auch präventiv, ergreifen</LA></DD><DT>e)</DT><DD Font="normal"><LA Size="normal">ergonomische Arbeitsweisen beachten und anwenden</LA></DD><DT>f)</DT><DD Font="normal"><LA Size="normal">Verhaltensweisen bei Unfällen beschreiben und erste Maßnahmen bei Unfällen einleiten</LA></DD><DT>g)</DT><DD Font="normal"><LA Size="normal">betriebsbezogene Vorschriften des vorbeugenden Brandschutzes anwenden, Verhaltensweisen bei Bränden beschreiben und erste Maßnahmen zur Brandbekämpfung ergreifen</LA></DD></DL></entry><entry VJ="1" colname="col4" colsep="0" nameend="col5" namest="col4" rowsep="0"><BR/>während<BR/> der gesamten<BR/> Ausbildung</entry></row><row><entry VJ="1" align="center" colname="col1">3</entry><entry VJ="1" colname="col2">Umweltschutz und Nachhaltigkeit<BR/> (§ 4 Absatz 3 Nummer 3)</entry><entry VJ="1" align="justify" colname="col3"><DL Font="normal" Indent="5" Type="alpha"><DT>a)</DT><DD Font="normal"><LA Size="normal">Möglichkeiten zur Vermeidung betriebsbedingter Belastungen für Umwelt und Gesellschaft im eigenen Aufgabenbereich erkennen und zu deren Weiterentwicklung beitragen</LA></DD><DT>b)</DT><DD Font="normal"><LA Size="normal">bei Arbeitsprozessen und im Hinblick auf Produkte, Waren oder Dienstleistungen Materialien und Energie unter wirtschaftlichen, umweltverträglichen und sozialen Gesichtspunkten der Nachhaltigkeit nutzen</LA></DD><DT>c)</DT><DD Font="normal"><LA Size="normal">für den Ausbildungsbetrieb geltende Regelungen des Umweltschutzes einhalten</LA></DD><DT>d)</DT><DD Font="normal"><LA Size="normal">Abfälle vermeiden sowie Stoffe und Materialien einer umweltschonenden Wiederverwertung oder Entsorgung zuführen</LA></DD><DT>e)</DT><DD Font="normal"><LA Size="normal">Vorschläge für nachhaltiges Handeln für den eigenen Arbeitsbereich entwickeln</LA></DD><DT>f)</DT><DD Font="normal"><LA Size="normal">unter Einhaltung betrieblicher Regelungen im Sinne einer ökonomischen, ökologischen und sozial nachhaltigen Entwicklung zusammenarbeiten und adressatengerecht kommunizieren</LA></DD></DL></entry><entry VJ="1" colname="col4" colsep="0" nameend="col5" namest="col4" rowsep="0"/></row><row><entry VJ="1" align="center" colname="col1" rowsep="0">4</entry><entry VJ="1" colname="col2" rowsep="0">Digitalisierte Arbeitswelt<BR/> (§ 4 Absatz 3 Nummer 4)</entry><entry VJ="1" align="justify" colname="col3" rowsep="0"><DL Font="normal" Type="alpha"><DT>a)</DT><DD Font="normal"><LA Size="normal">mit eigenen und betriebsbezogenen Daten sowie mit Daten Dritter umgehen und dabei die Vorschriften zum Datenschutz und zur Datensicherheit einhalten</LA></DD><DT>b)</DT><DD Font="normal"><LA Size="normal">Risiken bei der Nutzung von digitalen Medien und informationstechnischen Systemen einschätzen und bei deren Nutzung betriebliche Regelungen einhalten</LA></DD><DT>c)</DT><DD Font="normal"><LA Size="normal">ressourcenschonend, adressatengerecht und effizient kommunizieren sowie Kommunikationsergebnisse dokumentieren</LA></DD><DT>d)</DT><DD Font="normal"><LA Size="normal">Störungen in Kommunikationsprozessen erkennen und zu ihrer Lösung beitragen</LA></DD><DT>e)</DT><DD Font="normal"><LA Size="normal">Informationen in digitalen Netzen recherchieren und aus digitalen Netzen beschaffen sowie Informationen, auch fremde, prüfen, bewerten und auswählen</LA></DD><DT>f)</DT><DD Font="normal"><LA Size="normal">Lern- und Arbeitstechniken sowie Methoden des selbstgesteuerten Lernens anwenden, digitale Lernmedien nutzen und Erfordernisse des lebensbegleitenden Lernens erkennen und ableiten</LA></DD></DL></entry><entry VJ="1" colname="col4" colsep="0" nameend="col5" namest="col4" rowsep="0"/></row><row><entry VJ="1" align="center" colname="col1"/><entry VJ="1" colname="col2"/><entry VJ="1" align="justify" colname="col3"><DL Font="normal" Indent="5" Type="alpha"><DT>g)</DT><DD Font="normal"><LA Size="normal">Aufgaben zusammen mit Beteiligten, einschließlich der Beteiligten anderer Arbeits- und Geschäftsbereiche, auch unter Nutzung digitaler Medien, planen, bearbeiten und gestalten</LA></DD><DT>h)</DT><DD Font="normal"><LA Size="normal">Wertschätzung anderer unter Berücksichtigung gesellschaftlicher Vielfalt praktizieren</LA></DD></DL></entry><entry VJ="1" align="center" colsep="0" nameend="col5" namest="col4" valign="middle"/></row><row><entry VJ="1" align="center" colname="col1" morerows="1" valign="middle"/><entry VJ="1" align="center" colname="col2" morerows="1" valign="middle"/><entry VJ="1" align="center" colname="col3" morerows="1" valign="middle"/><entry VJ="1" align="center" nameend="col5" namest="col4" valign="middle">Zeitliche Richtwerte<BR/> in Wochen im</entry></row><row><entry VJ="1" align="center" colname="col4" valign="middle">1. bis 24.<BR/> Monat</entry><entry VJ="1" align="center" colname="col5" valign="middle">25. bis 42.<BR/> Monat</entry></row><row><entry VJ="1" align="center" colname="col1">5</entry><entry VJ="1" colname="col2">Informieren und Kommunizieren<BR/> (§ 4 Absatz 3 Nummer 5)</entry><entry VJ="1" align="justify" colname="col3"><DL Font="normal" Indent="5" Type="alpha"><DT>a)</DT><DD Font="normal"><LA Size="normal">Informations- und Kommunikationsmöglichkeiten aufgabenbezogen auswählen und nutzen</LA></DD><DT>b)</DT><DD Font="normal"><LA Size="normal">nautische und technische Informationen zur Wahrung der Sicherheit des Schiffsverkehrs einholen, insbesondere über den Binnenschifffahrtsinformationsdienst</LA></DD><DT>c)</DT><DD Font="normal"><LA Size="normal">Funkverkehr aufgaben- und situationsorientiert einsetzen</LA></DD><DT>d)</DT><DD Font="normal"><LA Size="normal">fremdsprachliche Fachbegriffe anwenden</LA></DD></DL></entry><entry VJ="1" align="center" colname="col4" valign="middle">6</entry><entry VJ="1" align="center" colname="col5" valign="middle"/></row></tbody></tgroup></table></Content></text></textdaten></norm>
<norm builddate="20221122214002" doknr="BJNR027100022BJNE002100000"><metadaten><jurabk>BinSchKapAusbV</jurabk><enbez>Anlage 2</enbez><titel format="XML">(zu § 11 Absatz 1)<BR/>Inhalte des Prüfungsbereichs „Planen von Reisen“</titel></metadaten><textdaten><text format="XML"><Content><P><noindex><kommentar typ="Fundstelle">(Fundstelle: BGBl. I 2022, 288 - 289)</kommentar></noindex></P><P>Die folgenden Prüfungselemente entsprechen den Elementen nach Anhang II Abschnitt IV Anlage 1 der Delegierten Richtlinie (EU) 2020/12 der Kommission vom 2. August 2019 zur Ergänzung der Richtlinie (EU) 2017/2397 des Europäischen Parlaments und des Rates in Bezug auf die Standards für Befähigungen und entsprechende Kenntnisse und Fertigkeiten, für praktische Prüfungen, für die Zulassung von Simulatoren und für die medizinische Tauglichkeit (ABl. L 6 vom 10.1.2020, S. 15).<table colsep="1" frame="all" pgwide="1" rowsep="1" tocentry="%yes;"><tgroup align="left" char="" charoff="50" cols="3"><colspec align="center" colname="col1" colwidth="10*"/><colspec align="justify" colname="col2" colwidth="137*"/><colspec align="center" colname="col3" colwidth="17*"/><thead valign="bottom"><row><entry VJ="1" align="center" colname="col1">Lfd.<BR/> Nr.</entry><entry VJ="1" align="center" colname="col2" valign="middle">Prüfungselemente</entry><entry VJ="1" align="center" colname="col3">Kategorie<BR/> I-II</entry></row><row><entry VJ="1" align="center" colname="col1">1</entry><entry VJ="1" align="center" colname="col2">2</entry><entry VJ="1" align="center" colname="col3">3</entry></row></thead><tbody valign="top"><row><entry VJ="1" colname="col1"> 1</entry><entry VJ="1" colname="col2">auf europäischen Binnenwasserstraßen mit Schleusen und Schiffshebewerken gemäß den Frachtverträgen mit dem Spediteur navigieren</entry><entry VJ="1" colname="col3">I</entry></row><row><entry VJ="1" colname="col1"> 2</entry><entry VJ="1" colname="col2">die ökonomischen und ökologischen Aspekte des Fahrzeugbetriebs für eine effiziente und umweltfreundliche Nutzung des Fahrzeugs berücksichtigen</entry><entry VJ="1" colname="col3">II</entry></row><row><entry VJ="1" colname="col1"> 3</entry><entry VJ="1" colname="col2">den technischen Bauwerken und Profilen der Wasserstraßen Rechnung tragen und Vorsichtsmaßnahmen ergreifen</entry><entry VJ="1" colname="col3">I</entry></row><row><entry VJ="1" colname="col1"> 4</entry><entry VJ="1" colname="col2">eine sichere Besatzung des Fahrzeugs gemäß den anwendbaren Vorschriften sicherstellen</entry><entry VJ="1" colname="col3">I</entry></row><row><entry VJ="1" colname="col1"> 5</entry><entry VJ="1" colname="col2">für einen sicheren Zugang zum Fahrzeug sorgen</entry><entry VJ="1" colname="col3">II</entry></row><row><entry VJ="1" colname="col1"> 6</entry><entry VJ="1" colname="col2">die Grundsätze des Schiffsbaus in der Binnenschifffahrt beachten</entry><entry VJ="1" colname="col3">II</entry></row><row><entry VJ="1" colname="col1"> 7</entry><entry VJ="1" colname="col2">die Konstruktion von Fahrzeugen und ihr Verhalten im Wasser, insbesondere im Hinblick auf Stabilität und Festigkeit, unterscheiden</entry><entry VJ="1" colname="col3">II</entry></row><row><entry VJ="1" colname="col1"> 8</entry><entry VJ="1" colname="col2">die Bauteile des Fahrzeugs und die Schadenskontrolle und -analyse verstehen</entry><entry VJ="1" colname="col3">II</entry></row><row><entry VJ="1" colname="col1"> 9</entry><entry VJ="1" colname="col2">Maßnahmen zum Schutz der Wasserdichtigkeit des Fahrzeugs ergreifen</entry><entry VJ="1" colname="col3">I</entry></row><row><entry VJ="1" colname="col1">10</entry><entry VJ="1" colname="col2">die Funktionen der Fahrzeugausrüstung verstehen</entry><entry VJ="1" colname="col3">II</entry></row><row><entry VJ="1" colname="col1">11</entry><entry VJ="1" colname="col2">die speziellen Anforderungen bei der Beförderung von Ladung und Fahrgästen beachten</entry><entry VJ="1" colname="col3">I</entry></row><row><entry VJ="1" colname="col1">12</entry><entry VJ="1" colname="col2">die einschlägigen nationalen, europäischen und internationalen Vorschriften, Codes und Standards für die Beförderung von Ladung verstehen</entry><entry VJ="1" colname="col3">II</entry></row><row><entry VJ="1" colname="col1">13</entry><entry VJ="1" colname="col2">Staupläne unter Berücksichtigung von Kenntnissen über das Laden von Ladungen und Ballastsysteme erstellen, um die Belastung des Schiffskörpers in annehmbaren Grenzen zu halten</entry><entry VJ="1" colname="col3">I</entry></row><row><entry VJ="1" colname="col1">14</entry><entry VJ="1" colname="col2">die Be- und Entladevorgänge im Hinblick auf eine sichere Beförderung kontrollieren</entry><entry VJ="1" colname="col3">I</entry></row><row><entry VJ="1" colname="col1">15</entry><entry VJ="1" colname="col2">verschiedene Güter und deren Eigenschaften unterscheiden, um ein sicheres Laden der Güter nach dem Stauplan zu überwachen und zu gewährleisten</entry><entry VJ="1" colname="col3">II</entry></row><row><entry VJ="1" colname="col1">16</entry><entry VJ="1" colname="col2">die Auswirkungen von Ladung und Ladevorgängen auf Trimmlage und Stabilität beachten</entry><entry VJ="1" colname="col3">I</entry></row><row><entry VJ="1" colname="col1">17</entry><entry VJ="1" colname="col2">die effektive Tonnage des Fahrzeugs überprüfen, Stabilitäts- und Trimmdiagramme sowie Geräte zur Festigkeitsberechnung, einschließlich automatischer datenbasierter Ausrüstung (ADB-Ausrüstung), zur Überprüfung von Stauplänen verwenden</entry><entry VJ="1" colname="col3">I</entry></row><row><entry VJ="1" colname="col1">18</entry><entry VJ="1" colname="col2">die einschlägigen nationalen, europäischen und internationalen Vorschriften, Codes und Standards für die Beförderung von Fahrgästen verstehen</entry><entry VJ="1" colname="col3">II</entry></row><row><entry VJ="1" colname="col1">19</entry><entry VJ="1" colname="col2">Sicherheitsübungen gemäß der Sicherheitsrolle organisieren und überwachen, um ein sicheres Verhalten in möglichen Gefahrensituationen zu gewährleisten</entry><entry VJ="1" colname="col3">II</entry></row><row><entry VJ="1" colname="col1">20</entry><entry VJ="1" colname="col2">mit Fahrgästen in Notsituationen kommunizieren</entry><entry VJ="1" colname="col3">I</entry></row><row><entry VJ="1" colname="col1">21</entry><entry VJ="1" colname="col2">eine Analyse der Gefahren an Bord bezüglich der Beschränkung des Zugangs für Fahrgäste festlegen und überwachen sowie ein wirksames Bordschutzsystem erstellen, um unbefugten Zutritt zu verhindern</entry><entry VJ="1" colname="col3">II</entry></row><row><entry VJ="1" colname="col1">22</entry><entry VJ="1" colname="col2">Berichte von Fahrgästen (d. h. über unvorhergesehene Ereignisse, Beleidigungen, Vandalismus) analysieren, um angemessen zu reagieren</entry><entry VJ="1" colname="col3">II</entry></row><row><entry VJ="1" colname="col1">23</entry><entry VJ="1" colname="col2">mögliche Schäden an elektrischen und elektronischen Geräten an Bord verhüten</entry><entry VJ="1" colname="col3">II</entry></row><row><entry VJ="1" colname="col1">24</entry><entry VJ="1" colname="col2">technische und interne Dokumentation auswerten</entry><entry VJ="1" colname="col3">II</entry></row><row><entry VJ="1" colname="col1">25</entry><entry VJ="1" colname="col2">ein sicheres Verhalten der Besatzungsmitglieder in Bezug auf die Verwendung von Werk- und Zusatzstoffen gewährleisten</entry><entry VJ="1" colname="col3">II</entry></row><row><entry VJ="1" colname="col1">26</entry><entry VJ="1" colname="col2">Arbeitsaufträge so festlegen, überwachen und kontrollieren, dass die Besatzungsmitglieder in der Lage sind, Wartungs- und Instandsetzungsarbeiten eigenständig durchzuführen</entry><entry VJ="1" colname="col3">II</entry></row><row><entry VJ="1" colname="col1">27</entry><entry VJ="1" colname="col2">Materialien und Werkzeug unter Berücksichtigung des Gesundheits- und Umweltschutzes kaufen und prüfen</entry><entry VJ="1" colname="col3">II</entry></row><row><entry VJ="1" colname="col1">28</entry><entry VJ="1" colname="col2">sicherstellen, dass Drähte und Seile den Angaben des Herstellers und ihrem Verwendungszweck entsprechend eingesetzt werden</entry><entry VJ="1" colname="col3">II</entry></row><row><entry VJ="1" colname="col1">29</entry><entry VJ="1" colname="col2">die nationale, europäische und internationale Sozialgesetzgebung anwenden</entry><entry VJ="1" colname="col3">II</entry></row><row><entry VJ="1" colname="col1">30</entry><entry VJ="1" colname="col2">ein striktes Alkohol- und Drogenverbot durchsetzen und bei Verstößen angemessen reagieren, Verantwortung übernehmen und die Folgen von Fehlverhalten aufzeigen</entry><entry VJ="1" colname="col3">II</entry></row><row><entry VJ="1" colname="col1">31</entry><entry VJ="1" colname="col2">die Beschaffung und Zubereitung von Mahlzeiten an Bord organisieren</entry><entry VJ="1" colname="col3">II</entry></row><row><entry VJ="1" colname="col1">32</entry><entry VJ="1" colname="col2">nationale und internationale Rechtsvorschriften anwenden und geeignete Maßnahmen für Gesundheitsschutz und Unfallverhütung ergreifen</entry><entry VJ="1" colname="col3">II</entry></row><row><entry VJ="1" colname="col1">33</entry><entry VJ="1" colname="col2">die Gültigkeit des Zeugnisses des Fahrzeugs und anderer für das Fahrzeug und dessen Betrieb relevanter Dokumente kontrollieren und überwachen</entry><entry VJ="1" colname="col3">I</entry></row><row><entry VJ="1" colname="col1">34</entry><entry VJ="1" colname="col2">die Sicherheitsvorschriften bei allen Arbeitsabläufen durch entsprechende Sicherheitsmaßnahmen einhalten, um Unfälle zu vermeiden</entry><entry VJ="1" colname="col3">I</entry></row><row><entry VJ="1" colname="col1">35</entry><entry VJ="1" colname="col2">alle für die Reinigung geschlossener Räume erforderlichen Sicherheitsmaßnahmen vor dem Öffnen, Betreten und Reinigen dieser Räume durch andere Personen kontrollieren und überwachen</entry><entry VJ="1" colname="col3">II</entry></row><row><entry VJ="1" colname="col1">36</entry><entry VJ="1" colname="col2">Rettungsmittel und die korrekte Anwendung persönlicher Schutzausrüstung kontrollieren</entry><entry VJ="1" colname="col3">II</entry></row><row><entry VJ="1" colname="col1">37</entry><entry VJ="1" colname="col2">Vorbereitungen für Rettungspläne für verschiedene Arten von Notfällen einleiten</entry><entry VJ="1" colname="col3">II</entry></row><row><entry VJ="1" colname="col1">38</entry><entry VJ="1" colname="col2">Vorsichtsmaßnahmen gegen Umweltverschmutzung ergreifen und entsprechende Ausrüstung verwenden</entry><entry VJ="1" colname="col3">II</entry></row><row><entry VJ="1" colname="col1">39</entry><entry VJ="1" colname="col2">die Umweltschutzgesetze anwenden</entry><entry VJ="1" colname="col3">II</entry></row><row><entry VJ="1" colname="col1">40</entry><entry VJ="1" colname="col2">Geräte und Materialien wirtschaftlich und umweltfreundlich einsetzen</entry><entry VJ="1" colname="col3">II</entry></row></tbody></tgroup></table></P></Content></text></textdaten></norm>
<norm builddate="20221122214002" doknr="BJNR027100022BJNE002200000"><metadaten><jurabk>BinSchKapAusbV</jurabk><enbez>Anlage 3</enbez><titel format="XML">(zu § 12 Absatz 1)<BR/>Inhalte des Prüfungsbereichs „Durchführen von Reisen“</titel></metadaten><textdaten><text format="XML"><Content><P><noindex><kommentar typ="Fundstelle">(Fundstelle: BGBl. I 2022, 290)</kommentar></noindex></P><P>Die folgenden Prüfungselemente entsprechen den Elementen nach Anhang II Abschnitt IV Anlage 2 der Delegierten Richtlinie (EU) 2020/12 der Kommission vom 2. August 2019 zur Ergänzung der Richtlinie (EU) 2017/2397 des Europäischen Parlaments und des Rates in Bezug auf die Standards für Befähigungen und entsprechende Kenntnisse und Fertigkeiten, für praktische Prüfungen, für die Zulassung von Simulatoren und für die medizinische Tauglichkeit (ABl. L 6 vom 10.1.2020, S. 15).<table colsep="1" frame="all" pgwide="1" rowsep="1" tocentry="%yes;"><tgroup align="left" char="" charoff="50" cols="2"><colspec align="center" colname="col1" colwidth="10*"/><colspec align="justify" colname="col2" colwidth="154*"/><thead valign="bottom"><row><entry VJ="1" align="center" colname="col1">Lfd.<BR/> Nr.</entry><entry VJ="1" align="center" colname="col2" valign="middle">Prüfungselemente</entry></row><row><entry VJ="1" align="center" colname="col1">1</entry><entry VJ="1" align="center" colname="col2">2</entry></row></thead><tbody valign="top"><row><entry VJ="1" colname="col1"> 1</entry><entry VJ="1" colname="col2">das Fahrzeug situationsgerecht und entsprechend den gesetzlichen Vorgaben des Verkehrsrechts führen und manövrieren (in Abhängigkeit von Strömungsgeschwindigkeit und -richtung, Prüfung von Wasser- und Abladetiefe, Flottwasser, Verkehrsdichte, Interaktion mit anderen Fahrzeugen usw.)</entry></row><row><entry VJ="1" colname="col1"> 2</entry><entry VJ="1" colname="col2">das An- bzw. Ablegen des Fahrzeugs auf Binnenwasserstraßen sachgerecht und entsprechend den gesetzlichen Vorgaben bzw. Sicherheitsvorschriften durchführen</entry></row><row><entry VJ="1" colname="col1"> 3</entry><entry VJ="1" colname="col2">bei Bedarf Navigationssysteme nachjustieren oder neu einstellen</entry></row><row><entry VJ="1" colname="col1"> 4</entry><entry VJ="1" colname="col2">den Navigationssystemen alle für die Fahrt relevanten Informationen entnehmen und diese für eine angepasste Fahrweise nutzen</entry></row><row><entry VJ="1" colname="col1"> 5</entry><entry VJ="1" colname="col2">die notwendigen Geräte im Fahrstand (Navigationssysteme wie Inland AIS, Inland ECDIS) in Betrieb nehmen und einstellen</entry></row><row><entry VJ="1" colname="col1"> 6</entry><entry VJ="1" colname="col2">prüfen, ob das Fahrzeug den Vorschriften entsprechend für die Fahrt bereit ist und die Ladung und andere Gegenstände den Vorschriften entsprechend sicher gestaut sind</entry></row><row><entry VJ="1" colname="col1"> 7</entry><entry VJ="1" colname="col2">sachgerecht auf (ggf. zu simulierende) Störungen des Fahrbetriebs (z. B. Anstieg der Kühlwassertemperatur, Abfall des Maschinenöldrucks, Ausfall der Hauptmaschine(n), Ausfall des Steuerruders, Funkstörungen/Ausfall des Funkgeräts oder unklare Fahrtrichtung anderer Fahrzeuge) reagieren, über das weitere Vorgehen entscheiden und angemessene Instandhaltungsmaßnahmen veranlassen oder durchführen, um einen sicheren Fahrbetrieb zu gewährleisten</entry></row><row><entry VJ="1" colname="col1"> 8</entry><entry VJ="1" colname="col2">eine Fahrweise wählen, die es erlaubt, Unfallrisiken frühzeitig zu erkennen, und materialschonend ist; die zur Verfügung stehenden Indikatoren regelmäßig kontrollieren</entry></row><row><entry VJ="1" colname="col1"> 9</entry><entry VJ="1" colname="col2">zielgerichtet kommunizieren, sowohl mit den Besatzungsmitgliedern (On-Board-Kommunikation) in Bezug auf einzelne Manöver und im Rahmen von Personalgesprächen (z. B. Unterweisungen) als auch mit Personen, mit denen Absprachen getroffen werden müssen (unter Nutzung aller Funkverkehrsnetze)</entry></row><row><entry VJ="1" colname="col1">10</entry><entry VJ="1" colname="col2">während der jeweiligen Tätigkeiten mit den betreffenden Personen (an Bord) und mit anderen Akteuren (Revierzentrale, andere Fahrzeuge usw.) den Vorschriften entsprechend (Netze, Wasserstraßen entlang der Reiseroute) kommunizieren; Funk/Telefon nutzen</entry></row><row><entry VJ="1" colname="col1">11</entry><entry VJ="1" colname="col2">eine (ggf. zu simulierende) Notsituation (z. B. über Bord gegangene Person, Anlagenausfall, Brand an Bord, Austritt von Gefahrstoffen, Leckagen) durch schnelle und umsichtige Durchführung von Manövern oder Maßnahmen zur Rettung bzw. Schadensbegrenzung bewältigen; die in Notfällen relevanten Personen und zuständigen Behörden benachrichtigen bzw. informieren</entry></row><row><entry VJ="1" colname="col1">12</entry><entry VJ="1" colname="col2">bei Störungen mit den betreffenden Personen (an Bord) und mit anderen Akteuren (Nutzung von Funk, Telefon) kommunizieren, um Probleme zu lösen</entry></row></tbody></tgroup></table></P></Content></text></textdaten></norm>
</dokumente>