<?xml version="1.0" encoding="UTF-8" ?><!DOCTYPE dokumente SYSTEM "http://www.gesetze-im-internet.de/dtd/1.01/gii-norm.dtd">
<dokumente builddate="20210615213143" doknr="BJNR098800011"><norm builddate="20210615213143" doknr="BJNR098800011"><metadaten><jurabk>PackmAusbV</jurabk><amtabk>PackmAusbV</amtabk><ausfertigung-datum manuell="ja">2011-05-20</ausfertigung-datum><fundstelle typ="amtlich"><periodikum>BGBl I</periodikum><zitstelle>2011, 988</zitstelle></fundstelle><kurzue>Packmittel-Ausbildungsverordnung</kurzue><langue>Verordnung über die Berufsausbildung zum Packmitteltechnologen und zur Packmitteltechnologin<FnR ID="F775272_01_BJNR098800011"/></langue><standangabe checked="ja"><standtyp>Stand</standtyp><standkommentar>Geändert durch Art. 1 V v. 3.4.2018 I 429</standkommentar></standangabe></metadaten><textdaten><text format="XML"><Footnotes><Footnote FnZ="*" Group="column" ID="F775272_01_BJNR098800011" Pos="normal" Postfix=")"><noindex>Diese Rechtsverordnung ist eine Ausbildungsordnung im Sinne des § 4 des Berufsbildungsgesetzes. Die Ausbildungsordnung und der damit abgestimmte von der Ständigen Konferenz der Kultusminister der Länder in der Bundesrepublik Deutschland beschlossene Rahmenlehrplan für die Berufsschule werden demnächst als Beilage zum Bundesanzeiger veröffentlicht.</noindex></Footnote></Footnotes></text><fussnoten><Content><P><BR/> <pre xml:space="preserve">(+++ Textnachweis ab: 1.8.2011 +++)<BR/><BR/></pre></P></Content></fussnoten></textdaten></norm>
<norm builddate="20210615213143" doknr="BJNR098800011BJNE000100000"><metadaten><jurabk>PackmAusbV</jurabk><enbez>Eingangsformel</enbez></metadaten><textdaten><text format="XML"><Content><P>Auf Grund des § 4 Absatz 1 in Verbindung mit § 5 des Berufsbildungsgesetzes, von denen § 4 Absatz 1 durch Artikel 232 Nummer 1 der Verordnung vom 31. Oktober 2006 (BGBl. I S. 2407) geändert worden ist, verordnet das Bundesministerium für Wirtschaft und Technologie im Einvernehmen mit dem Bundesministerium für Bildung und Forschung:</P></Content></text></textdaten></norm>
<norm builddate="20210615213143" doknr="BJNR098800011BJNE000200000"><metadaten><jurabk>PackmAusbV</jurabk><enbez>§ 1</enbez><titel format="XML">Staatliche Anerkennung des Ausbildungsberufes</titel></metadaten><textdaten><text format="XML"><Content><P>Der Ausbildungsberuf des Packmitteltechnologen und der Packmitteltechnologin wird nach § 4 Absatz 1 des Berufsbildungsgesetzes staatlich anerkannt.</P></Content></text></textdaten></norm>
<norm builddate="20210615213143" doknr="BJNR098800011BJNE000300000"><metadaten><jurabk>PackmAusbV</jurabk><enbez>§ 2</enbez><titel format="XML">Dauer der Berufsausbildung</titel></metadaten><textdaten><text format="XML"><Content><P>Die Ausbildung dauert drei Jahre.</P></Content></text></textdaten></norm>
<norm builddate="20210615213143" doknr="BJNR098800011BJNE000400000"><metadaten><jurabk>PackmAusbV</jurabk><enbez>§ 3</enbez><titel format="XML">Struktur der Berufsausbildung</titel></metadaten><textdaten><text format="XML"><Content><P>Die Berufsausbildung gliedert sich in <DL Type="arabic"><DT>1.</DT><DD Font="normal"><LA>Pflichtqualifikationen nach § 4 Absatz 2 Abschnitt A und C,</LA></DD><DT>2.</DT><DD Font="normal"><LA>zwei im Ausbildungsvertrag festzulegende Wahlqualifikationen nach § 4 Absatz 2 Abschnitt B Nummer 1 sowie</LA></DD><DT>3.</DT><DD Font="normal"><LA>zwei im Ausbildungsvertrag festzulegende Wahlqualifikationen nach § 4 Absatz 2 Abschnitt B Nummer 2.</LA></DD></DL></P></Content></text></textdaten></norm>
<norm builddate="20210615213143" doknr="BJNR098800011BJNE000500000"><metadaten><jurabk>PackmAusbV</jurabk><enbez>§ 4</enbez><titel format="XML">Ausbildungsrahmenplan, Ausbildungsberufsbild</titel></metadaten><textdaten><text format="XML"><Content><P>(1) Gegenstand der Berufsausbildung sind mindestens die im Ausbildungsrahmenplan (Anlage) aufgeführten Fertigkeiten, Kenntnisse und Fähigkeiten (berufliche Handlungsfähigkeit). Eine von dem Ausbildungsrahmenplan abweichende Organisation der Ausbildung ist insbesondere zulässig, soweit betriebspraktische Besonderheiten die Abweichung erfordern.</P><P>(2) Die Berufsausbildung zum Packmitteltechnologen und zur Packmitteltechnologin gliedert sich wie folgt (Ausbildungsberufsbild):<BR/><BR/><SP>Abschnitt A</SP><BR/><BR/> Berufsprofilgebende Fertigkeiten, Kenntnisse und Fähigkeiten in den Pflichtqualifikationen nach § 3 Nummer 1: <DL Font="normal" Type="arabic"><DT>1.</DT><DD Font="normal"><LA Size="normal">Entwickeln von Packmitteln,</LA></DD><DT>2.</DT><DD Font="normal"><LA Size="normal">Vorbereiten und Planen von Produktionsprozessen,</LA></DD><DT>3.</DT><DD Font="normal"><LA Size="normal">Rüsten von Fertigungsanlagen,</LA></DD><DT>4.</DT><DD Font="normal"><LA Size="normal">Steuern und Überwachen von Produktionsprozessen,</LA></DD><DT>5.</DT><DD Font="normal"><LA Size="normal">Instandhaltung;</LA></DD></DL><SP>Abschnitt B</SP><BR/><BR/> Weitere berufsprofilgebende Fertigkeiten, Kenntnisse und Fähigkeiten aus den Auswahllisten I und II: <DL Font="normal" Type="arabic"><DT>1.</DT><DD Font="normal"><LA Size="normal">zwei Wahlqualifikationen nach § 3 Nummer 2 aus der Auswahlliste I: <DL Font="normal" Type="arabic"><DT>I.1</DT><DD Font="normal"><LA Size="normal">Metallbearbeitung,</LA></DD><DT>I.2</DT><DD Font="normal"><LA Size="normal">Steuerungstechnik,</LA></DD><DT>I.3</DT><DD Font="normal"><LA Size="normal">Spezielle Fertigungsverfahren,</LA></DD><DT>I.4</DT><DD Font="normal"><LA Size="normal">Computergestützte Mustererstellung;</LA></DD></DL></LA></DD><DT>2.</DT><DD Font="normal"><LA Size="normal">zwei Wahlqualifikationen nach § 3 Nummer 3 aus der Auswahlliste II: <DL Font="normal" Type="arabic"><DT>II.1</DT><DD Font="normal"><LA Size="normal">Stanzformenbau,</LA></DD><DT>II.2</DT><DD Font="normal"><LA Size="normal">Veredelungstechnik,</LA></DD><DT>II.3</DT><DD Font="normal"><LA Size="normal">Leitstandtechnik und Inlineproduktion,</LA></DD><DT>II.4</DT><DD Font="normal"><LA Size="normal">Labor,</LA></DD><DT>II.5</DT><DD Font="normal"><LA Size="normal">Mechanik und Steuerungstechnik,</LA></DD><DT>II.6</DT><DD Font="normal"><LA Size="normal">Computergestützte Packmittelentwicklung und Design;</LA></DD></DL></LA></DD></DL><SP>Abschnitt C</SP><BR/><BR/> Integrative Fertigkeiten, Kenntnisse und Fähigkeiten in den Pflichtqualifikationen nach § 3 Nummer 1: <DL Font="normal" Type="arabic"><DT>1.</DT><DD Font="normal"><LA Size="normal">Berufsbildung, Arbeits- und Tarifrecht,</LA></DD><DT>2.</DT><DD Font="normal"><LA Size="normal">Aufbau und Organisation des Ausbildungsbetriebes,</LA></DD><DT>3.</DT><DD Font="normal"><LA Size="normal">Sicherheit und Gesundheitsschutz bei der Arbeit,</LA></DD><DT>4.</DT><DD Font="normal"><LA Size="normal">Umweltschutz,</LA></DD><DT>5.</DT><DD Font="normal"><LA Size="normal">Betriebliche Kommunikation,</LA></DD><DT>6.</DT><DD Font="normal"><LA Size="normal">Betriebliche Managementsysteme.</LA></DD></DL></P></Content></text></textdaten></norm>
<norm builddate="20210615213143" doknr="BJNR098800011BJNE000601125"><metadaten><jurabk>PackmAusbV</jurabk><enbez>§ 5</enbez><titel format="XML">Durchführung der Berufsausbildung</titel></metadaten><textdaten><text format="XML"><Content><P>(1) Die in dieser Verordnung genannten Fertigkeiten, Kenntnisse und Fähigkeiten sollen so vermittelt werden, dass die Auszubildenden zur Ausübung einer qualifizierten beruflichen Tätigkeit im Sinne des § 1 Absatz 3 des Berufsbildungsgesetzes befähigt werden, die insbesondere selbstständiges Planen, Durchführen und Kontrollieren einschließt. Die in Satz 1 beschriebene Befähigung ist in den Prüfungen nach den §§ 6 und 7 nachzuweisen.</P><P>(2) Die Ausbildenden haben unter Zugrundelegung des Ausbildungsrahmenplans für die Auszubildenden einen Ausbildungsplan zu erstellen.</P><P>(3) (weggefallen)</P></Content></text><fussnoten/></textdaten></norm>
<norm builddate="20210615213143" doknr="BJNR098800011BJNE000700000"><metadaten><jurabk>PackmAusbV</jurabk><enbez>§ 6</enbez><titel format="XML">Zwischenprüfung</titel></metadaten><textdaten><text format="XML"><Content><P>(1) Zur Ermittlung des Ausbildungsstandes ist eine Zwischenprüfung durchzuführen. Sie soll vor dem Ende des zweiten Ausbildungsjahres stattfinden.</P><P>(2) Die Zwischenprüfung erstreckt sich auf die in der Anlage für die ersten drei Ausbildungshalbjahre aufgeführten Fertigkeiten, Kenntnisse und Fähigkeiten sowie auf den im Berufsschulunterricht zu vermittelnden Lehrstoff, soweit er für die Berufsausbildung wesentlich ist.</P><P>(3) Die Zwischenprüfung findet in den Prüfungsbereichen <DL Type="arabic"><DT>1.</DT><DD Font="normal"><LA>Produktionsvorbereitung,</LA></DD><DT>2.</DT><DD Font="normal"><LA>Erstellen eines Handmusters</LA></DD></DL>statt.</P><P>(4) Für den Prüfungsbereich Produktionsvorbereitung bestehen folgende Vorgaben: <DL Type="arabic"><DT>1.</DT><DD Font="normal"><LA>Der Prüfling soll nachweisen, dass er in der Lage ist, <DL Type="alpha"><DT>a)</DT><DD Font="normal"><LA>zur Umsetzung der Kundenanforderungen Arbeitsschritte zu planen, Arbeitsmittel festzulegen, Materialien auszuwählen, Anforderungen des Arbeits-, Gesundheits- und Umweltschutzes sowie der Wirtschaftlichkeit zu berücksichtigen,</LA></DD><DT>b)</DT><DD Font="normal"><LA>Auftragsdaten zum Rüsten und Steuern der Packmittelmaschine umzusetzen,</LA></DD><DT>c)</DT><DD Font="normal"><LA>die Auswahl von Materialien und Werkzeugen sowie Fertigungs- und Lagermöglichkeiten darzustellen und dabei qualitätssichernde Maßnahmen aufzuzeigen;</LA></DD></DL></LA></DD><DT>2.</DT><DD Font="normal"><LA>der Prüfling soll praxisbezogene Aufgaben schriftlich bearbeiten;</LA></DD><DT>3.</DT><DD Font="normal"><LA>die Prüfungszeit beträgt 120 Minuten.</LA></DD></DL></P><P>(5) Für den Prüfungsbereich Erstellen eines Handmusters bestehen folgende Vorgaben: <DL Type="arabic"><DT>1.</DT><DD Font="normal"><LA>Der Prüfling soll nachweisen, dass er in der Lage ist, <DL Type="alpha"><DT>a)</DT><DD Font="normal"><LA>Packmittel unter Beachtung technischer und organisatorischer Vorgaben zu entwerfen,</LA></DD><DT>b)</DT><DD Font="normal"><LA>technische Zeichnungen von Hand anzufertigen,</LA></DD><DT>c)</DT><DD Font="normal"><LA>Handmuster manuell herzustellen;</LA></DD></DL></LA></DD><DT>2.</DT><DD Font="normal"><LA>der Prüfling soll ein Prüfungsstück anfertigen;</LA></DD><DT>3.</DT><DD Font="normal"><LA>die Prüfungszeit beträgt drei Stunden.</LA></DD></DL></P></Content></text></textdaten></norm>
<norm builddate="20210615213143" doknr="BJNR098800011BJNE000801125"><metadaten><jurabk>PackmAusbV</jurabk><enbez>§ 7</enbez><titel format="XML">Abschlussprüfung</titel></metadaten><textdaten><text format="XML"><Content><P>(1) Durch die Abschlussprüfung ist festzustellen, ob der Prüfling die berufliche Handlungsfähigkeit erworben hat. In der Abschlussprüfung soll der Prüfling nachweisen, dass er die dafür erforderlichen beruflichen Fertigkeiten beherrscht, die notwendigen beruflichen Kenntnisse und Fähigkeiten besitzt und mit dem im Berufsschulunterricht zu vermittelnden, für die Berufsausbildung wesentlichen Lehrstoff vertraut ist. Die Ausbildungsordnung ist zugrunde zu legen.</P><P>(2) Die Abschlussprüfung erstreckt sich auf die in der Anlage aufgeführten Fertigkeiten, Kenntnisse und Fähigkeiten sowie auf den im Berufsschulunterricht zu vermittelnden Lehrstoff, soweit er für die Berufsausbildung wesentlich ist. Die Ausbildungsordnung ist zugrunde zu legen.</P><P>(3) Die Abschlussprüfung findet in folgenden Prüfungsbereichen statt: <DL Type="arabic"><DT>1.</DT><DD Font="normal"><LA>Packmittelproduktion,</LA></DD><DT>2.</DT><DD Font="normal"><LA>Auftragsplanung,</LA></DD><DT>3.</DT><DD Font="normal"><LA>Prozesstechnologie,</LA></DD><DT>4.</DT><DD Font="normal"><LA>Wirtschafts- und Sozialkunde.</LA></DD></DL></P><P>(4) Für den Prüfungsbereich Packmittelproduktion bestehen folgende Vorgaben: <DL Type="arabic"><DT>1.</DT><DD Font="normal"><LA>Der Prüfling soll nachweisen, dass er in der Lage ist, <DL Type="alpha"><DT>a)</DT><DD Font="normal"><LA>die für den Arbeitsauftrag benötigten Unterlagen und Materialien zum Einrichten von Packmittelmaschinen zu beschaffen,</LA></DD><DT>b)</DT><DD Font="normal"><LA>Arbeitsprozesse unter Beachtung wirtschaftlicher, ökologischer, technischer und organisatorischer Vorgaben kundenorientiert durchzuführen und zu dokumentieren,</LA></DD><DT>c)</DT><DD Font="normal"><LA>Maschinen und Anlagen zu rüsten,</LA></DD><DT>d)</DT><DD Font="normal"><LA>die Produktion anzufahren und zu steuern, das Produktionsergebnis zu prüfen, zu beurteilen und zu optimieren,</LA></DD><DT>e)</DT><DD Font="normal"><LA>das Packmittel in der vorgegebenen Qualität termingerecht und wirtschaftlich herzustellen sowie Maßnahmen zur Behebung von Störungen einzuleiten,</LA></DD><DT>f)</DT><DD Font="normal"><LA>Instandhaltungs- und Wartungsarbeiten durchzuführen sowie Sicherheitseinrichtungen auf ihre Wirksamkeit zu überprüfen,</LA></DD><DT>g)</DT><DD Font="normal"><LA>Prozessdaten und Produktionsbedingungen zu kommunizieren und zu dokumentieren;</LA></DD></DL></LA></DD><DT>2.</DT><DD Font="normal"><LA>dem Prüfungsbereich sind folgende Tätigkeiten zugrunde zu legen:</LA><LA>Einrichten und Fahren von Maschinen und Anlagen für zwei Fertigungsverfahren unter Berücksichtigung einer der im Ausbildungsvertrag festgelegten Wahlqualifikationen nach § 4 Absatz 2 Abschnitt B Nummer 1 sowie einer der im Ausbildungsvertrag festgelegten Wahlqualifikationen nach § 4 Absatz 2 Abschnitt B Nummer 2;</LA></DD><DT>3.</DT><DD Font="normal"><LA>der Prüfling soll eine Arbeitsaufgabe sowie ein situatives Fachgespräch durchführen;</LA></DD><DT>4.</DT><DD Font="normal"><LA>die Prüfungszeit beträgt sieben Stunden, innerhalb dieser Zeit soll das situative Fachgespräch höchstens zehn Minuten dauern.</LA></DD></DL></P><P>(5) Für den Prüfungsbereich Auftragsplanung bestehen folgende Vorgaben: <DL Type="arabic"><DT>1.</DT><DD Font="normal"><LA>Der Prüfling soll nachweisen, dass er in der Lage ist, <DL Type="alpha"><DT>a)</DT><DD Font="normal"><LA>Arbeitsprozesse unter Beachtung wirtschaftlicher, ökologischer, technischer und organisatorischer Vorgaben kundenorientiert zu planen und zu dokumentieren,</LA></DD><DT>b)</DT><DD Font="normal"><LA>Arbeitsschritte unter Einbeziehung von Informationen vor- und nachgelagerter Produktionsbereiche zu planen,</LA></DD><DT>c)</DT><DD Font="normal"><LA>Maschinendaten zu strukturieren, auszuwerten und für die Auftragsdokumentation zusammenzustellen und zu sichern,</LA></DD><DT>d)</DT><DD Font="normal"><LA>den Einsatz von Werkzeugen zu planen und vorzubereiten,</LA></DD><DT>e)</DT><DD Font="normal"><LA>Eigenschaften von Vorprodukten und Materialien sowie deren Wechselwirkungen untereinander und mit den eingesetzten Maschinen und Anlagen zu berücksichtigen,</LA></DD><DT>f)</DT><DD Font="normal"><LA>planungsrelevante Berechnungen durchzuführen;</LA></DD></DL></LA></DD><DT>2.</DT><DD Font="normal"><LA>der Prüfling soll praxisbezogene Aufgaben schriftlich bearbeiten;</LA></DD><DT>3.</DT><DD Font="normal"><LA>die Prüfungszeit beträgt 120 Minuten.</LA></DD></DL></P><P>(6) Für den Prüfungsbereich Prozesstechnologie bestehen folgende Vorgaben: <DL Type="arabic"><DT>1.</DT><DD Font="normal"><LA>Der Prüfling soll nachweisen, dass er in der Lage ist, <DL Type="alpha"><DT>a)</DT><DD Font="normal"><LA>Informationen zu Maschinen und Anlagen, zum Produktionsprozess sowie zu Materialien und Werkzeugen zu nutzen sowie Problemlösungen zu entwickeln,</LA></DD><DT>b)</DT><DD Font="normal"><LA>Instrumente und Vorschriften des Qualitäts- und Hygienemanagements sowie qualitätssichernde Maßnahmen für die Optimierung des Produktionsprozesses anzuwenden,</LA></DD><DT>c)</DT><DD Font="normal"><LA>steuerungstechnische und mechanische Baugruppen an Maschinen und Anlagen zu überwachen, den Materialfluss zu gewährleisten und Funktionsabläufe zu überprüfen,</LA></DD><DT>d)</DT><DD Font="normal"><LA>Maßnahmen zur Instandhaltung zu veranlassen sowie Problemlösungen bei Störungen zu entwickeln,</LA></DD><DT>e)</DT><DD Font="normal"><LA>Fertigungsanlagen zu überwachen und dabei produktspezifische Prozessdaten zu interpretieren und zu dokumentieren,</LA></DD><DT>f)</DT><DD Font="normal"><LA>Instrumente und Vorschriften zur Arbeitssicherheit und zum Gesundheitsschutz anzuwenden,</LA></DD><DT>g)</DT><DD Font="normal"><LA>prozessbezogene Berechnungen durchzuführen;</LA></DD></DL></LA></DD><DT>2.</DT><DD Font="normal"><LA>der Prüfling soll praxisbezogene Aufgaben schriftlich bearbeiten;</LA></DD><DT>3.</DT><DD Font="normal"><LA>die Prüfungszeit beträgt 120 Minuten.</LA></DD></DL></P><P>(7) Für den Prüfungsbereich Wirtschafts- und Sozialkunde bestehen folgende Vorgaben: <DL Type="arabic"><DT>1.</DT><DD Font="normal"><LA>Der Prüfling soll nachweisen, dass er in der Lage ist, allgemeine wirtschaftliche und gesellschaftliche Zusammenhänge der Berufs- und Arbeitswelt darzustellen und zu beurteilen;</LA></DD><DT>2.</DT><DD Font="normal"><LA>der Prüfling soll praxisorientierte Aufgaben schriftlich bearbeiten;</LA></DD><DT>3.</DT><DD Font="normal"><LA>die Prüfungszeit beträgt 60 Minuten.</LA></DD></DL></P></Content></text><fussnoten/></textdaten></norm>
<norm builddate="20210615213143" doknr="BJNR098800011BJNE000901125"><metadaten><jurabk>PackmAusbV</jurabk><enbez>§ 8</enbez><titel format="XML">Gewichtungs- und Bestehensregelung</titel></metadaten><textdaten><text format="XML"><Content><P>(1) Die einzelnen Prüfungsbereiche sind wie folgt zu gewichten: <DL Font="normal" Type="arabic"><DT>1.</DT><DD Font="normal"><LA Size="normal"><table colsep="0" frame="none" pgwide="1" rowsep="0" tocentry="%yes;"><tgroup align="left" char="" charoff="50" cols="2"><colspec align="left" colname="leftSplit"/><colspec align="right" colname="rightSplit"/><tbody Class="Split" valign="top"><row><entry VJ="1" colname="leftSplit">Prüfungsbereich<BR/>Packmittelproduktion</entry><entry VJ="1" colname="rightSplit" valign="bottom">mit 50 Prozent,</entry></row></tbody></tgroup></table></LA></DD><DT>2.</DT><DD Font="normal"><LA Size="normal"><table colsep="0" frame="none" pgwide="1" rowsep="0" tocentry="%yes;"><tgroup align="left" char="" charoff="50" cols="2"><colspec align="left" colname="leftSplit"/><colspec align="right" colname="rightSplit"/><tbody Class="Split" valign="top"><row><entry VJ="1" colname="leftSplit">Prüfungsbereich<BR/>Auftragsplanung</entry><entry VJ="1" colname="rightSplit" valign="bottom">mit 20 Prozent,</entry></row></tbody></tgroup></table></LA></DD><DT>3.</DT><DD Font="normal"><LA Size="normal"><table colsep="0" frame="none" pgwide="1" rowsep="0" tocentry="%yes;"><tgroup align="left" char="" charoff="50" cols="2"><colspec align="left" colname="leftSplit"/><colspec align="right" colname="rightSplit"/><tbody Class="Split" valign="top"><row><entry VJ="1" colname="leftSplit">Prüfungsbereich<BR/>Prozesstechnologie</entry><entry VJ="1" colname="rightSplit" valign="bottom">mit 20 Prozent,</entry></row></tbody></tgroup></table></LA></DD><DT>4.</DT><DD Font="normal"><LA Size="normal"><table colsep="0" frame="none" pgwide="1" rowsep="0" tocentry="%yes;"><tgroup align="left" char="" charoff="50" cols="2"><colspec align="left" colname="leftSplit"/><colspec align="right" colname="rightSplit"/><tbody Class="Split" valign="top"><row><entry VJ="1" colname="leftSplit">Prüfungsbereich<BR/>Wirtschafts- und Sozialkunde</entry><entry VJ="1" colname="rightSplit" valign="bottom">mit 10 Prozent.</entry></row></tbody></tgroup></table></LA></DD></DL></P><P>(2) Die Abschlussprüfung ist bestanden, wenn die Leistungen <DL Font="normal" Type="arabic"><DT>1.</DT><DD Font="normal"><LA Size="normal">im Gesamtergebnis mit mindestens „ausreichend“,</LA></DD><DT>2.</DT><DD Font="normal"><LA Size="normal">im Prüfungsbereich „Packmittelproduktion“ mit mindestens „ausreichend“,</LA></DD><DT>3.</DT><DD Font="normal"><LA Size="normal">in mindestens zwei weiteren Prüfungsbereichen mit mindestens „ausreichend“ und</LA></DD><DT>4.</DT><DD Font="normal"><LA Size="normal">in keinem Prüfungsbereich mit „ungenügend“</LA></DD></DL>bewertet worden sind.</P><P>(3) Auf Antrag des Prüflings ist die Prüfung in einem der schlechter als mit „ausreichend“ bewerteten Prüfungsbereiche „Auftragsplanung“, „Prozesstechnologie“ oder „Wirtschafts- und Sozialkunde“ durch eine mündliche Prüfung von etwa 15 Minuten zu ergänzen, wenn dies für das Bestehen der Prüfung den Ausschlag geben kann. Bei der Ermittlung des Ergebnisses für diesen Prüfungsbereich sind das bisherige Ergebnis und das Ergebnis der mündlichen Ergänzungsprüfung im Verhältnis von 2:1 zu gewichten.</P></Content></text><fussnoten/></textdaten></norm>
<norm builddate="20210615213143" doknr="BJNR098800011BJNE001000000"><metadaten><jurabk>PackmAusbV</jurabk><enbez>§ 9</enbez><titel format="XML">Anrechnungsregelung</titel></metadaten><textdaten><text format="XML"><Content><P>Nach erfolgreichem Abschluss der Berufsausbildung zum Maschinen- und Anlagenführer oder zur Maschinen- und Anlagenführerin im Schwerpunkt Druckweiter- und Papierverarbeitung kann die Ausbildungsdauer einer Berufsausbildung zum Packmitteltechnologen oder zur Packmitteltechnologin um zwei Jahre verkürzt werden.</P></Content></text></textdaten></norm>
<norm builddate="20210615213143" doknr="BJNR098800011BJNE001100000"><metadaten><jurabk>PackmAusbV</jurabk><enbez>§ 10</enbez><titel format="XML">Inkrafttreten, Außerkrafttreten</titel></metadaten><textdaten><text format="XML"><Content><P>Diese Verordnung tritt am 1. August 2011 in Kraft. Gleichzeitig tritt die Verordnung über die Berufsausbildung zum Verpackungsmittelmechaniker/zur Verpackungsmittelmechanikerin vom 5. April 2001 (BGBl. I S. 494) außer Kraft.</P></Content></text></textdaten></norm>
<norm builddate="20210615213143" doknr="BJNR098800011BJNE001200000"><metadaten><jurabk>PackmAusbV</jurabk><enbez>Anlage</enbez><titel format="XML">(zu § 4 Absatz 1 Satz 1)<BR/>Ausbildungsrahmenplan für die Berufsausbildung zum Packmitteltechnologen und zur Packmitteltechnologin</titel></metadaten><textdaten><text format="XML"><Content><P><noindex><kommentar typ="Fundstelle">(Fundstelle: BGBl. I 2011, 991 - 995)</kommentar></noindex></P><BR/><table frame="all" tabstyle="Ausbildung" tocentry="%yes;"><Title Align="auto" Class="S1"><SP><BR/>Abschnitt A: Berufsprofilgebende Fertigkeiten, Kenntnisse und Fähigkeiten<BR/><BR/></SP></Title><tgroup align="left" char="" charoff="50" cols="5" colsep="1" rowsep="1"><colspec align="center" colname="col1" colnum="1" colwidth="0.76*"/><colspec colname="col2" colnum="2" colwidth="4.49*"/><colspec colname="col3" colnum="3" colwidth="8.49*"/><colspec align="center" colname="col4" colnum="4" colwidth="1.50*"/><colspec align="center" colname="col5" colnum="5" colwidth="1.50*"/><thead valign="bottom"><row><entry VJ="1" colname="col1" morerows="1" valign="middle">Lfd.<BR/> Nr.</entry><entry VJ="1" align="center" colname="col2" morerows="1" valign="middle">Teil des<BR/> Ausbildungsberufsbildes</entry><entry VJ="1" align="center" colname="col3" morerows="1" valign="middle">Zu vermittelnde<BR/> Fertigkeiten, Kenntnisse und Fähigkeiten</entry><entry VJ="1" align="center" nameend="col5" namest="col4" valign="middle">Zeitliche Richtwerte<BR/> in Wochen im</entry></row><row><entry VJ="1" colname="col4" valign="middle">1. bis 18.<BR/> Monat</entry><entry VJ="1" colname="col5" valign="middle">19. bis 36.<BR/> Monat</entry></row><row><entry VJ="1" colname="col1" valign="top">1</entry><entry VJ="1" align="center" colname="col2" valign="middle">2</entry><entry VJ="1" align="center" colname="col3" valign="middle">3</entry><entry VJ="1" nameend="col5" namest="col4" valign="middle">4</entry></row></thead><tbody valign="top"><row><entry VJ="1" colname="col1">1</entry><entry VJ="1" colname="col2">Entwickeln von Packmitteln<BR/> (§ 4 Absatz 2 Abschnitt A<BR/> Nummer 1)</entry><entry VJ="1" align="justify" colname="col3"><DL Font="normal" Type="alpha"><DT>a)</DT><DD Font="normal"><LA Size="normal">fertigungstechnische Parameter erfassen und in Produktionsdaten umsetzen, dabei Kundenvorgaben und produktspezifische Besonderheiten sowie ökonomische und ökologische Gesichtspunkte berücksichtigen</LA></DD><DT>b)</DT><DD Font="normal"><LA Size="normal">Packmittel unter Berücksichtigung von Wirkung, Funktion und Normen gestalten</LA></DD><DT>c)</DT><DD Font="normal"><LA Size="normal">technische Zeichnungen manuell und computerunterstützt mit Standardsoftware erstellen</LA></DD><DT>d)</DT><DD Font="normal"><LA Size="normal">Handmuster manuell und maschinell herstellen sowie auf Funktion und Maßhaltigkeit prüfen</LA></DD></DL></entry><entry VJ="1" colname="col4" valign="middle">10</entry><entry VJ="1" colname="col5" valign="middle"/></row><row><entry VJ="1" colname="col1" morerows="1">2</entry><entry VJ="1" colname="col2" morerows="1">Vorbereiten und Planen von Produktionsprozessen<BR/> (§ 4 Absatz 2 Abschnitt A<BR/> Nummer 2)</entry><entry VJ="1" colname="col3"><DL Font="normal" Type="alpha"><DT>a)</DT><DD Font="normal"><LA Size="normal">Auftragsunterlagen auf Vollständigkeit prüfen und Realisierbarkeit der Produktionsvorgaben kontrollieren</LA></DD><DT>b)</DT><DD Font="normal"><LA Size="normal">vorgelagerte Prozesse bezüglich der Wechselwirkungen von verschiedenen Produktionsschritten oder Verfahren beurteilen</LA></DD><DT>c)</DT><DD Font="normal"><LA Size="normal">Produktionsabläufe hinsichtlich der zu erzielenden Qualität der Packmittel einschließlich Kosten- und Ressourcenschonung beurteilen</LA></DD><DT>d)</DT><DD Font="normal"><LA Size="normal">Produktionsprozess nach wirtschaftlichen und ökologischen Gesichtspunkten festlegen</LA></DD><DT>e)</DT><DD Font="normal"><LA Size="normal">Packstoffe und Packhilfsmittel hinsichtlich Verwendbarkeit, Lagerung, Verarbeitung sowie Gebrauchsnutzung des Endproduktes beurteilen und unter Berücksichtigung des Materialverhaltens einsetzen</LA></DD><DT>f)</DT><DD Font="normal"><LA Size="normal">Produkt- und Prozessdaten erstellen und bei der Planung von Aufträgen unter Berücksichtigung von weiteren Verarbeitungsschritten nutzen</LA></DD></DL></entry><entry VJ="1" colname="col4" valign="middle"/><entry VJ="1" colname="col5" valign="middle">12</entry></row><row><entry VJ="1" colname="col3"><DL Font="normal" Type="alpha"><DT>g)</DT><DD Font="normal"><LA Size="normal">Verpackung und Lagerung der gefertigten Produkte unter Berücksichtigung spezifischer Vorgaben sowie innerbetrieblicher und logistischer Prozesse festlegen</LA></DD><DT>h)</DT><DD Font="normal"><LA Size="normal">Qualitätssicherungs-Unterlagen und auftragsbezogene Datenblätter nach betrieblichen Vorgaben und Kundenwünschen erstellen</LA></DD><DT>i)</DT><DD Font="normal"><LA Size="normal">Materialien und Werkzeuge für die Produktion auswählen und beschaffen</LA></DD><DT>j)</DT><DD Font="normal"><LA Size="normal">Werkzeuge maschinen- und auftragsspezifisch zusammenstellen, anfertigen, vormontieren, einstellen, prüfen und instand setzen</LA></DD></DL></entry><entry VJ="1" colname="col4" valign="middle">8</entry><entry VJ="1" colname="col5" valign="middle"/></row><row><entry VJ="1" colname="col1">3</entry><entry VJ="1" colname="col2">Rüsten von Fertigungsanlagen<BR/> (§ 4 Absatz 2 Abschnitt A<BR/> Nummer 3)</entry><entry VJ="1" colname="col3"><DL Font="normal" Type="alpha"><DT>a)</DT><DD Font="normal"><LA Size="normal">Auftragsdaten für die Maschinensteuerung übernehmen, Maschinen produkt- und produktionsorientiert einrichten</LA></DD><DT>b)</DT><DD Font="normal"><LA Size="normal">Probeprodukt erstellen und Übereinstimmung mit den Anforderungen überprüfen, bei Abweichungen Parameter optimieren</LA></DD><DT>c)</DT><DD Font="normal"><LA Size="normal">Freigabe erteilen, dokumentieren und Produktion starten</LA></DD><DT>d)</DT><DD Font="normal"><LA Size="normal">Prozesskontrollsysteme einstellen</LA></DD><DT>e)</DT><DD Font="normal"><LA Size="normal">Fertigungsanlagen abrüsten, Werkzeuge nach Einsatz kontrollieren und Prüfergebnis dokumentieren</LA></DD><DT>f)</DT><DD Font="normal"><LA Size="normal">Werkzeuge instandhaltungsgerecht einlagern</LA></DD></DL></entry><entry VJ="1" colname="col4" valign="middle">20</entry><entry VJ="1" colname="col5" valign="middle"/></row><row><entry VJ="1" colname="col1" morerows="1">4</entry><entry VJ="1" colname="col2" morerows="1">Steuern und Überwachen von Produktionsprozessen<BR/> (§ 4 Absatz 2 Abschnitt A<BR/> Nummer 4)</entry><entry VJ="1" colname="col3"><DL Font="normal" Type="alpha"><DT>a)</DT><DD Font="normal"><LA Size="normal">Produktion unter Berücksichtigung von Leistung und Ausschussminimierung steuern</LA></DD><DT>b)</DT><DD Font="normal"><LA Size="normal">Prozesskontrolle durchführen, Fehler beheben</LA></DD></DL></entry><entry VJ="1" colname="col4" valign="middle"/><entry VJ="1" colname="col5" valign="middle">26</entry></row><row><entry VJ="1" colname="col3"><DL Font="normal" Type="alpha"><DT>c)</DT><DD Font="normal"><LA Size="normal">Materialfluss sicherstellen</LA></DD><DT>d)</DT><DD Font="normal"><LA Size="normal">qualitätssichernde Maßnahmen produktbezogen durchführen und dokumentieren</LA></DD><DT>e)</DT><DD Font="normal"><LA Size="normal">Produktionsdaten dokumentieren</LA></DD></DL></entry><entry VJ="1" colname="col4" valign="middle">10</entry><entry VJ="1" colname="col5" valign="middle"/></row><row><entry VJ="1" colname="col1" morerows="1">5</entry><entry VJ="1" colname="col2" morerows="1">Instandhaltung<BR/> (§ 4 Absatz 2 Abschnitt A<BR/> Nummer 5)</entry><entry VJ="1" colname="col3"><DL Font="normal" Type="alpha"><DT>a)</DT><DD Font="normal"><LA Size="normal">technische Zeichnungen lesen, Skizzen anfertigen</LA></DD><DT>b)</DT><DD Font="normal"><LA Size="normal">Werkstoffe, insbesondere durch Feilen, Trennen, Bohren und Kaltfügen, be- und verarbeiten</LA></DD><DT>c)</DT><DD Font="normal"><LA Size="normal">Werkstücke durch Messen und Lehren prüfen</LA></DD></DL></entry><entry VJ="1" colname="col4" valign="middle">6</entry><entry VJ="1" colname="col5" valign="middle"/></row><row><entry VJ="1" colname="col3"><DL Font="normal" Type="alpha"><DT>d)</DT><DD Font="normal"><LA Size="normal">Sicherheitseinrichtungen auf ihre Wirksamkeit überprüfen</LA></DD><DT>e)</DT><DD Font="normal"><LA Size="normal">mechanische, hydraulische, pneumatische und elektrisch betriebene Komponenten und Systeme unterscheiden, Wartung und Reinigung durchführen, Verschleißteile austauschen</LA></DD><DT>f)</DT><DD Font="normal"><LA Size="normal">Störungen an Maschinen und Einrichtungen feststellen, Ursachen beseitigen</LA></DD><DT>g)</DT><DD Font="normal"><LA Size="normal">Fehler beschreiben und Behebung veranlassen</LA></DD><DT>h)</DT><DD Font="normal"><LA Size="normal">Grundeinstellungen der Maschine überprüfen und Maschine nach Vorgaben justieren</LA></DD><DT>i)</DT><DD Font="normal"><LA Size="normal">Maschineneinstellungen und Austausch von Teilen sowie Prüfergebnisse dokumentieren</LA></DD></DL></entry><entry VJ="1" colname="col4" valign="middle"/><entry VJ="1" colname="col5" valign="middle">10</entry></row></tbody></tgroup></table><table frame="all" tabstyle="Ausbildung" tocentry="%yes;"><Title Align="auto" Class="S1"><SP><BR/>Abschnitt B: Weitere berufsprofilgebende Fertigkeiten, Kenntnisse und Fähigkeiten aus den Wahlqualifikationen</SP><BR/><BR/> 1. Auswahlliste I<BR/><BR/></Title><tgroup align="left" char="" charoff="50" cols="5" colsep="1" rowsep="1"><colspec colname="col1" colnum="1" colwidth=".75*"/><colspec colname="col2" colnum="2" colwidth="4.5*"/><colspec colname="col3" colnum="3" colwidth="8.5*"/><colspec colname="col4" colnum="4" colwidth="1.5*"/><colspec colname="col5" colnum="5" colwidth="1.5*"/><thead valign="bottom"><row><entry VJ="1" align="center" colname="col1" morerows="1" valign="middle">Lfd.<BR/> Nr.</entry><entry VJ="1" align="center" colname="col2" morerows="1" valign="middle">Teil des<BR/> Ausbildungsberufsbildes</entry><entry VJ="1" align="center" colname="col3" morerows="1" valign="middle">Zu vermittelnde<BR/> Fertigkeiten, Kenntnisse und Fähigkeiten</entry><entry VJ="1" align="center" nameend="col5" namest="col4" valign="middle">Zeitliche Richtwerte<BR/> in Wochen im</entry></row><row><entry VJ="1" align="center" colname="col4" valign="middle">1. bis 18.<BR/> Monat</entry><entry VJ="1" align="center" colname="col5" valign="middle">19. bis 36.<BR/> Monat</entry></row><row><entry VJ="1" align="center" colname="col1" valign="middle">1</entry><entry VJ="1" align="center" colname="col2" valign="middle">2</entry><entry VJ="1" align="center" colname="col3" valign="middle">3</entry><entry VJ="1" align="center" nameend="col5" namest="col4" valign="middle">4</entry></row></thead><tbody valign="top"><row><entry VJ="1" align="center" colname="col1" rowsep="0">I.1</entry><entry VJ="1" colname="col2" rowsep="0">Metallbearbeitung<BR/> (§ 4 Absatz 2 Abschnitt B<BR/> Nummer I.1)</entry><entry VJ="1" align="justify" colname="col3" rowsep="0"><DL Font="normal" Type="alpha"><DT>a)</DT><DD Font="normal"><LA Size="normal">technische Zeichnungen für Werkstücke anfertigen</LA></DD><DT>b)</DT><DD Font="normal"><LA Size="normal">Werkstoffe manuell und maschinell, insbesondere durch Schleifen, Reiben, Gewindeschneiden, Umformen, bearbeiten</LA></DD></DL></entry><entry VJ="1" align="center" colname="col4" rowsep="0" valign="bottom">8</entry><entry VJ="1" align="center" colname="col5" rowsep="0" valign="middle"/></row><row><entry VJ="1" align="center" colname="col1"/><entry VJ="1" colname="col2"/><entry VJ="1" align="justify" colname="col3"><DL Font="normal" Type="alpha"><DT>c)</DT><DD Font="normal"><LA Size="normal">Maß, Form und Lage von Bauteilen unter Berücksichtigung von Toleranzen beurteilen</LA></DD><DT>d)</DT><DD Font="normal"><LA Size="normal">Maschinenelemente und Bauteile einpassen, montieren und demontieren</LA></DD></DL></entry><entry VJ="1" align="center" colname="col4" valign="middle"/><entry VJ="1" align="center" colname="col5" valign="middle"/></row><row><entry VJ="1" align="center" colname="col1">I.2</entry><entry VJ="1" colname="col2">Steuerungstechnik<BR/> (§ 4 Absatz 2 Abschnitt B<BR/> Nummer I.2)</entry><entry VJ="1" align="justify" colname="col3"><DL Font="normal" Type="alpha"><DT>a)</DT><DD Font="normal"><LA Size="normal">Steuerungsarten und Signalverarbeitung unterscheiden</LA></DD><DT>b)</DT><DD Font="normal"><LA Size="normal">Schalt- und Funktionspläne pneumatischer Systeme lesen und skizzieren</LA></DD><DT>c)</DT><DD Font="normal"><LA Size="normal">Sensoren sowie mechanische, pneumatische und hydraulische Maschinenteile unter Beachtung von Sicherheitsvorgaben prüfen und warten</LA></DD><DT>d)</DT><DD Font="normal"><LA Size="normal">pneumatische Steuerungen nach Vorgaben montieren, anschließen und prüfen</LA></DD></DL></entry><entry VJ="1" align="center" colname="col4" valign="middle">8</entry><entry VJ="1" align="center" colname="col5" valign="middle"/></row><row><entry VJ="1" align="center" colname="col1">I.3</entry><entry VJ="1" colname="col2">Spezielle Fertigungsverfahren<BR/> (§ 4 Absatz 2 Abschnitt B<BR/> Nummer I.3)</entry><entry VJ="1" align="justify" colname="col3"><DL Font="normal" Type="alpha"><DT>a)</DT><DD Font="normal"><LA Size="normal">Fertigungsverfahren zum Kleben oder Kaschieren oder Beschichten oder Versiegeln oder Verschließen oder Kodieren oder Etikettieren steuern</LA></DD><DT>b)</DT><DD Font="normal"><LA Size="normal">Spezialmaschinen rüsten und warten</LA></DD></DL></entry><entry VJ="1" align="center" colname="col4" valign="middle">8</entry><entry VJ="1" align="center" colname="col5" valign="middle"/></row><row><entry VJ="1" align="center" colname="col1">I.4</entry><entry VJ="1" colname="col2">Computergestützte Mustererstellung<BR/> (§ 4 Absatz 2 Abschnitt B<BR/> Nummer I.4)</entry><entry VJ="1" align="justify" colname="col3"><DL Font="normal" Type="alpha"><DT>a)</DT><DD Font="normal"><LA Size="normal">Daten importieren, konvertieren und exportieren</LA></DD><DT>b)</DT><DD Font="normal"><LA Size="normal">Konstruktionsvarianten hinsichtlich ihrer Verwendbarkeit beurteilen</LA></DD><DT>c)</DT><DD Font="normal"><LA Size="normal">Muster nach Vorgabe mittels CAD konstruieren und ausplotten</LA></DD><DT>d)</DT><DD Font="normal"><LA Size="normal">erstellte Muster auf Funktion und Kundenanforderungen prüfen</LA></DD></DL></entry><entry VJ="1" align="center" colname="col4" valign="middle">8</entry><entry VJ="1" align="center" colname="col5" valign="middle"/></row></tbody></tgroup></table><table frame="all" tabstyle="Ausbildung" tocentry="%yes;"><Title Align="auto" Class="S1"><BR/>2. Auswahlliste II<BR/><BR/></Title><tgroup align="left" char="" charoff="50" cols="5" colsep="1" rowsep="1"><colspec colname="col1" colnum="1" colwidth=".75*"/><colspec colname="col2" colnum="2" colwidth="4.5*"/><colspec colname="col3" colnum="3" colwidth="8.5*"/><colspec colname="col4" colnum="4" colwidth="1.5*"/><colspec colname="col5" colnum="5" colwidth="1.5*"/><thead valign="bottom"><row><entry VJ="1" align="center" colname="col1" morerows="1" valign="middle">Lfd.<BR/> Nr.</entry><entry VJ="1" align="center" colname="col2" morerows="1" valign="middle">Teil des<BR/> Ausbildungsberufsbildes</entry><entry VJ="1" align="center" colname="col3" morerows="1" valign="middle">Zu vermittelnde<BR/> Fertigkeiten, Kenntnisse und Fähigkeiten</entry><entry VJ="1" align="center" nameend="col5" namest="col4" valign="middle">Zeitliche Richtwerte<BR/> in Wochen im</entry></row><row><entry VJ="1" align="center" colname="col4" valign="middle">1. bis 18.<BR/> Monat</entry><entry VJ="1" align="center" colname="col5" valign="middle">19. bis 36.<BR/> Monat</entry></row><row><entry VJ="1" align="center" colname="col1" valign="middle">1</entry><entry VJ="1" align="center" colname="col2" valign="middle">2</entry><entry VJ="1" align="center" colname="col3" valign="middle">3</entry><entry VJ="1" align="center" nameend="col5" namest="col4" valign="middle">4</entry></row></thead><tbody valign="top"><row><entry VJ="1" align="center" colname="col1">II.1</entry><entry VJ="1" colname="col2">Stanzformenbau<BR/> (§ 4 Absatz 2 Abschnitt B<BR/> Nummer II.1)</entry><entry VJ="1" align="justify" colname="col3"><DL Font="normal" Type="alpha"><DT>a)</DT><DD Font="normal"><LA Size="normal">Stanzformenträger vorbereiten</LA></DD><DT>b)</DT><DD Font="normal"><LA Size="normal">Schnitt- und Schliffwinkel sowie Rill- und Ritzlinienmaße festlegen</LA></DD><DT>c)</DT><DD Font="normal"><LA Size="normal">Rill-, Ritz-, Perforier- und Schneidlinien auswählen und einpassen</LA></DD><DT>d)</DT><DD Font="normal"><LA Size="normal">Haltepunkte einschleifen</LA></DD><DT>e)</DT><DD Font="normal"><LA Size="normal">Gummierung einpassen</LA></DD><DT>f)</DT><DD Font="normal"><LA Size="normal">Stanzformen prüfen und freigeben</LA></DD></DL></entry><entry VJ="1" align="center" colname="col4" valign="middle"/><entry VJ="1" align="center" colname="col5" valign="middle">10</entry></row><row><entry VJ="1" align="center" colname="col1">II.2</entry><entry VJ="1" colname="col2">Veredelungstechnik<BR/> (§ 4 Absatz 2 Abschnitt B<BR/> Nummer II.2)</entry><entry VJ="1" align="justify" colname="col3"><DL Font="normal" Type="alpha"><DT>a)</DT><DD Font="normal"><LA Size="normal">Veredelungsverfahren, insbesondere für Prägungen oder Druck und Lackierungen oder Kalandrierungen oder Perforierungen, steuern</LA></DD><DT>b)</DT><DD Font="normal"><LA Size="normal">Spezialmaschinen rüsten und warten</LA></DD></DL></entry><entry VJ="1" align="center" colname="col4" valign="middle"/><entry VJ="1" align="center" colname="col5" valign="middle">10</entry></row><row><entry VJ="1" align="center" colname="col1">II.3</entry><entry VJ="1" colname="col2">Leitstandtechnik und Inlineproduktion<BR/> (§ 4 Absatz 2 Abschnitt B<BR/> Nummer II.3)</entry><entry VJ="1" align="justify" colname="col3"><DL Font="normal" Type="alpha"><DT>a)</DT><DD Font="normal"><LA Size="normal">Auftragsdaten aus Arbeitskarten und EDV übernehmen, prüfen und eingeben</LA></DD><DT>b)</DT><DD Font="normal"><LA Size="normal">Zusammenwirken der Fertigungsaggregate steuern</LA></DD><DT>c)</DT><DD Font="normal"><LA Size="normal">Rüstfehler und Abweichungen im Produktionsprozess erkennen und beseitigen</LA></DD></DL></entry><entry VJ="1" align="center" colname="col4" valign="middle"/><entry VJ="1" align="center" colname="col5" valign="middle">10</entry></row><row><entry VJ="1" align="center" colname="col1">II.4</entry><entry VJ="1" colname="col2">Labor<BR/> (§ 4 Absatz 2 Abschnitt B<BR/> Nummer II.4)</entry><entry VJ="1" align="justify" colname="col3"><DL Font="normal" Type="alpha"><DT>a)</DT><DD Font="normal"><LA Size="normal">produktspezifische Prüfverfahren auswählen und anwenden</LA></DD><DT>b)</DT><DD Font="normal"><LA Size="normal">Packstoffe und Packstoffverbindungen bestimmen und auf Funktionen und Eigenschaften prüfen, Prüfergebnisse dokumentieren</LA></DD><DT>c)</DT><DD Font="normal"><LA Size="normal">Fehlerquellen feststellen, dokumentieren und Beseitigung veranlassen</LA></DD></DL></entry><entry VJ="1" align="center" colname="col4" valign="middle"/><entry VJ="1" align="center" colname="col5" valign="middle">10</entry></row><row><entry VJ="1" align="center" colname="col1">II.5</entry><entry VJ="1" colname="col2">Mechanik und Steuerungstechnik<BR/> (§ 4 Absatz 2 Abschnitt B<BR/> Nummer II.5)</entry><entry VJ="1" align="justify" colname="col3"><DL Font="normal" Type="alpha"><DT>a)</DT><DD Font="normal"><LA Size="normal">hydraulische, pneumatische und elektropneumatische Schaltpläne lesen</LA></DD><DT>b)</DT><DD Font="normal"><LA Size="normal">Störungen bei mechanischen, elektrischen, elektronischen, pneumatischen, hydraulischen und elektropneumatischen Maschinenelementen erkennen und Behebung veranlassen</LA></DD><DT>c)</DT><DD Font="normal"><LA Size="normal">pneumatische Schaltungen planen, skizzieren und aufbauen</LA></DD></DL></entry><entry VJ="1" align="center" colname="col4" valign="middle"/><entry VJ="1" align="center" colname="col5" valign="middle">10</entry></row><row><entry VJ="1" align="center" colname="col1">II.6</entry><entry VJ="1" colname="col2">Computergestützte Packmittelentwicklung und Design<BR/> (§ 4 Absatz 2 Abschnitt B<BR/> Nummer II.6)</entry><entry VJ="1" align="justify" colname="col3"><DL Font="normal" Type="alpha"><DT>a)</DT><DD Font="normal"><LA Size="normal">3D-Software bei der Gestaltung und Konstruktion von Packmitteln einsetzen</LA></DD><DT>b)</DT><DD Font="normal"><LA Size="normal">Produktmuster unter Berücksichtigung von Wirkung und Funktion grafisch gestalten</LA></DD><DT>c)</DT><DD Font="normal"><LA Size="normal">Besonderheiten von verpackungsspezifischen Druckverfahren bei der Gestaltung berücksichtigen</LA></DD><DT>d)</DT><DD Font="normal"><LA Size="normal">Nutzenanordnung erstellen</LA></DD></DL></entry><entry VJ="1" align="center" colname="col4" valign="middle"/><entry VJ="1" align="center" colname="col5" valign="middle">10</entry></row></tbody></tgroup></table><table frame="all" tabstyle="Ausbildung" tocentry="%yes;"><Title Align="auto" Class="S1"><SP><BR/><BR/>Abschnitt C: Integrative Fertigkeiten, Kenntnisse und Fähigkeiten<BR/><BR/></SP></Title><tgroup align="left" char="" charoff="50" cols="5" colsep="1" rowsep="1"><colspec colname="col1" colnum="1" colwidth=".75*"/><colspec colname="col2" colnum="2" colwidth="4.5*"/><colspec colname="col3" colnum="3" colwidth="8.5*"/><colspec colname="col4" colnum="4" colwidth="1.5*"/><colspec colname="col5" colnum="5" colwidth="1.5*"/><thead valign="bottom"><row><entry VJ="1" align="center" colname="col1" morerows="1" valign="middle">Lfd.<BR/> Nr.</entry><entry VJ="1" align="center" colname="col2" morerows="1" valign="middle">Teil des<BR/> Ausbildungsberufsbildes</entry><entry VJ="1" align="center" colname="col3" morerows="1" valign="middle">Zu vermittelnde<BR/> Fertigkeiten, Kenntnisse und Fähigkeiten</entry><entry VJ="1" align="center" nameend="col5" namest="col4" valign="middle">Zeitliche Richtwerte<BR/> in Wochen im</entry></row><row><entry VJ="1" align="center" colname="col4" valign="middle">1. bis 18.<BR/> Monat</entry><entry VJ="1" align="center" colname="col5" valign="middle">19. bis 36.<BR/> Monat</entry></row><row><entry VJ="1" align="center" colname="col1" valign="middle">1</entry><entry VJ="1" align="center" colname="col2" valign="middle">2</entry><entry VJ="1" align="center" colname="col3" valign="middle">3</entry><entry VJ="1" align="center" nameend="col5" namest="col4" valign="middle">4</entry></row></thead><tbody valign="top"><row><entry VJ="1" align="center" colname="col1">1</entry><entry VJ="1" colname="col2">Berufsbildung, Arbeits- und Tarifrecht<BR/> (§ 4 Absatz 2 Abschnitt C<BR/> Nummer 1)</entry><entry VJ="1" align="justify" colname="col3"><DL Font="normal" Type="alpha"><DT>a)</DT><DD Font="normal"><LA Size="normal">Bedeutung des Ausbildungsvertrages, insbesondere Abschluss, Dauer und Beendigung, erklären</LA></DD><DT>b)</DT><DD Font="normal"><LA Size="normal">gegenseitige Rechte und Pflichten aus dem Ausbildungsvertrag nennen</LA></DD><DT>c)</DT><DD Font="normal"><LA Size="normal">Möglichkeiten der beruflichen Fortbildung nennen</LA></DD><DT>d)</DT><DD Font="normal"><LA Size="normal">wesentliche Teile des Arbeitsvertrages nennen</LA></DD><DT>e)</DT><DD Font="normal"><LA Size="normal">wesentliche Bestimmungen der für den ausbildenden Betrieb geltenden Tarifverträge nennen</LA></DD></DL></entry><entry VJ="1" align="center" morerows="1" nameend="col5" namest="col4" rowsep="0" valign="middle"/></row><row><entry VJ="1" align="center" colname="col1">2</entry><entry VJ="1" colname="col2">Aufbau und Organisation des<BR/> Ausbildungsbetriebes<BR/> (§ 4 Absatz 2 Abschnitt C<BR/> Nummer 2)</entry><entry VJ="1" align="justify" colname="col3"><DL Font="normal" Type="alpha"><DT>a)</DT><DD Font="normal"><LA Size="normal">Aufbau und Aufgaben des ausbildenden Betriebes erläutern</LA></DD><DT>b)</DT><DD Font="normal"><LA Size="normal">Grundfunktionen des ausbildenden Betriebes wie Beschaffung, Fertigung, Absatz und Verwaltung, erklären</LA></DD><DT>c)</DT><DD Font="normal"><LA Size="normal">Beziehungen des ausbildenden Betriebes und seiner Beschäftigten zu Wirtschaftsorganisationen, Berufsvertretungen und Gewerkschaften nennen</LA></DD><DT>d)</DT><DD Font="normal"><LA Size="normal">Grundlagen, Aufgaben und Arbeitsweise der betriebsverfassungs- oder personalvertretungsrechtlichen Organe des ausbildenden Betriebes beschreiben</LA></DD></DL></entry></row><row><entry VJ="1" align="center" colname="col1">3</entry><entry VJ="1" colname="col2">Sicherheit und Gesundheitsschutz bei der Arbeit<BR/> (§ 4 Absatz 2 Abschnitt C<BR/> Nummer 3)</entry><entry VJ="1" align="justify" colname="col3"><DL Font="normal" Type="alpha"><DT>a)</DT><DD Font="normal"><LA Size="normal">Gefährdungen von Sicherheit und Gesundheit am Arbeitsplatz feststellen und Maßnahmen zu ihrer Vermeidung ergreifen</LA></DD><DT>b)</DT><DD Font="normal"><LA Size="normal">berufsbezogene Arbeitsschutz- und Unfallverhütungsvorschriften anwenden</LA></DD><DT>c)</DT><DD Font="normal"><LA Size="normal">Verhaltensweisen bei Unfällen beschreiben sowie erste Maßnahmen einleiten</LA></DD><DT>d)</DT><DD Font="normal"><LA Size="normal">Vorschriften des vorbeugenden Brandschutzes anwenden; Verhaltensweisen bei Bränden beschreiben und Maßnahmen der Brandbekämpfung ergreifen</LA></DD></DL></entry><entry VJ="1" align="left" morerows="1" nameend="col5" namest="col4">während<BR/> der gesamten<BR/> Ausbildung<BR/> zu vermitteln</entry></row><row><entry VJ="1" align="center" colname="col1">4</entry><entry VJ="1" colname="col2">Umweltschutz<BR/> (§ 4 Absatz 2 Abschnitt C<BR/> Nummer 4)</entry><entry VJ="1" align="justify" colname="col3">Zur Vermeidung betriebsbedingter Umweltbelastungen im beruflichen Einwirkungsbereich beitragen, insbesondere <DL Font="normal" Type="alpha"><DT>a)</DT><DD Font="normal"><LA Size="normal">mögliche Umweltbelastungen durch den Ausbildungsbetrieb und seinen Beitrag zum Umweltschutz an Beispielen erklären</LA></DD><DT>b)</DT><DD Font="normal"><LA Size="normal">für den Ausbildungsbetrieb geltende Regelungen des Umweltschutzes anwenden</LA></DD><DT>c)</DT><DD Font="normal"><LA Size="normal">Möglichkeiten der wirtschaftlichen und umweltschonenden Energie- und Materialverwendung nutzen</LA></DD><DT>d)</DT><DD Font="normal"><LA Size="normal">Abfälle vermeiden; Stoffe und Materialien einer umweltschonenden Entsorgung zuführen</LA></DD></DL></entry></row><row><entry VJ="1" align="center" colname="col1">5</entry><entry VJ="1" colname="col2">Betriebliche Kommunikation<BR/> (§ 4 Absatz 2 Abschnitt C<BR/> Nummer 5)</entry><entry VJ="1" align="justify" colname="col3"><DL Font="normal" Type="alpha"><DT>a)</DT><DD Font="normal"><LA Size="normal">Dokumentationen, Handbücher, Fachberichte und Firmenunterlagen, in deutscher und englischer Sprache nutzen</LA></DD><DT>b)</DT><DD Font="normal"><LA Size="normal">Informationen auswerten, bewerten und Sachverhalte darstellen</LA></DD><DT>c)</DT><DD Font="normal"><LA Size="normal">schriftliche betriebsübliche Kommunikation durchführen</LA></DD><DT>d)</DT><DD Font="normal"><LA Size="normal">IT-gestützte Kommunikationssysteme nutzen</LA></DD><DT>e)</DT><DD Font="normal"><LA Size="normal">Gespräche mit Vorgesetzten und im Team situationsgerecht und zielorientiert führen, kulturelle Identitäten berücksichtigen</LA></DD><DT>f)</DT><DD Font="normal"><LA Size="normal">im Team Aufgaben planen, abstimmen, Entscheidungen erarbeiten und Konflikte lösen</LA></DD><DT>g)</DT><DD Font="normal"><LA Size="normal">Sachverhalte und Lösungen visualisieren, Gesprächsergebnisse dokumentieren, deutsche und englische Fachbegriffe verwenden</LA></DD><DT>h)</DT><DD Font="normal"><LA Size="normal">mit vor- und nachgelagerten Bereichen und externen Partnern kommunizieren, Übergabeprozesse abstimmen, Reklamationen analysieren</LA></DD></DL></entry><entry VJ="1" align="center" colname="col4" valign="middle">8</entry><entry VJ="1" align="center" colname="col5" valign="middle"/></row><row><entry VJ="1" align="center" colname="col1">6</entry><entry VJ="1" colname="col2">Betriebliche Managementsysteme<BR/> (§ 4 Absatz 2 Abschnitt C<BR/> Nummer 6)</entry><entry VJ="1" align="justify" colname="col3"><DL Font="normal" Type="alpha"><DT>a)</DT><DD Font="normal"><LA Size="normal">Methoden und Instrumente des Qualitätsmanagements beurteilen und für den kontinuierlichen Verbesserungsprozess im eigenen Arbeitsbereich einsetzen</LA></DD><DT>b)</DT><DD Font="normal"><LA Size="normal">betriebliche Hygienevorschriften umsetzen</LA></DD></DL></entry><entry VJ="1" align="center" colname="col4" valign="middle"/><entry VJ="1" align="center" colname="col5" valign="middle">10</entry></row></tbody></tgroup></table></Content></text></textdaten></norm>
</dokumente>