<?xml version="1.0" encoding="UTF-8" ?><!DOCTYPE dokumente SYSTEM "http://www.gesetze-im-internet.de/dtd/1.01/gii-norm.dtd">
<dokumente builddate="20240627214045" doknr="BJNR0D8AA0024"><norm builddate="20240627214045" doknr="BJNR0D8AA0024"><metadaten><jurabk>EnWG2005§28r§28sAnwBek</jurabk><ausfertigung-datum manuell="ja">2024-06-26</ausfertigung-datum><fundstelle typ="amtlich"><periodikum>BGBl. I</periodikum><zitstelle>2024, Nr. 216a</zitstelle></fundstelle><langue>Bekanntmachung über die Erteilung einer beihilferechtlichen Genehmigung der Europäischen Kommission zur Anwendung von § 28r Absatz 1 bis 9 und § 28s Absatz 1 bis 5 des Energiewirtschaftsgesetzes</langue></metadaten><textdaten><fussnoten><Content><P><BR/> <pre xml:space="preserve">(+++ Textnachweis ab: 27.6.2024 +++)<BR/><BR/></pre></P></Content></fussnoten></textdaten></norm>
<norm builddate="20240627214045" doknr="BJNR0D8AA0024BJNE000100000"><metadaten><jurabk>EnWG2005§28r§28sAnwBek</jurabk><enbez>(XXXX)</enbez></metadaten><textdaten><text format="XML"><Content><P>Nach § 28r Absatz 10 und § 28s Absatz 6 des Energiewirtschaftsgesetzes, das zuletzt durch Artikel 1 des Gesetzes vom 14. Mai 2024 (BGBl. 2024 I Nr. 161) geändert worden ist, wird hiermit bekannt gemacht, dass die Europäische Kommission am 21. Juni 2024 die beihilferechtliche Genehmigung zur Anwendung von § 28r Absatz 1 bis 9 und § 28s Absatz 1 bis 5 des Energiewirtschaftsgesetzes erteilt hat und die genannten Vorschriften jeweils nach Ablauf des Tages der Veröffentlichung dieser Bekanntmachung nach Maßgabe dieser Genehmigung anzuwenden sind.</P></Content></text></textdaten></norm>
<norm builddate="20240627214045" doknr="BJNR0D8AA0024BJNE000200000"><metadaten><jurabk>EnWG2005§28r§28sAnwBek</jurabk><enbez>Schlussformel</enbez></metadaten><textdaten><text format="XML"><Content><P><SP>Bundesministerium für Wirtschaft und Klimaschutz</SP></P></Content></text></textdaten></norm>
</dokumente>