<?xml version="1.0" encoding="UTF-8" ?><!DOCTYPE dokumente SYSTEM "http://www.gesetze-im-internet.de/dtd/1.01/gii-norm.dtd">
<dokumente builddate="20130405131834" doknr="BJNR184600000"><norm builddate="20130405131834" doknr="BJNR184600000"><metadaten><jurabk>HeizkZG</jurabk><ausfertigung-datum manuell="ja">2000-12-20</ausfertigung-datum><fundstelle typ="amtlich"><periodikum>BGBl I</periodikum><zitstelle>2000, 1846</zitstelle></fundstelle><langue>Gesetz zur Gewährung eines einmaligen Heizkostenzuschusses</langue></metadaten><textdaten><text format="XML"><Content><P/></Content></text><fussnoten><Content><P>(+++ Textnachweis ab: 24.12.2000 +++)</P></Content></fussnoten></textdaten></norm>
<norm builddate="20130405131834" doknr="BJNR184600000BJNE000100305"><metadaten><jurabk>HeizkZG</jurabk><enbez>Eingangsformel</enbez></metadaten><textdaten><text format="XML"><Content><P>Der Bundestag hat mit Zustimmung des Bundesrates das folgende Gesetz beschlossen:</P></Content></text></textdaten></norm>
<norm builddate="20130405131834" doknr="BJNR184600000BJNE000200305"><metadaten><jurabk>HeizkZG</jurabk><enbez>§ 1</enbez><titel format="parat">Zweck des Gesetzes</titel></metadaten><textdaten><text format="XML"><Content><P>Zur Milderung von Härten, die durch den Anstieg der Energiepreise entstanden sind oder entstehen werden, wird für die Heizperiode 2000/2001 ein einmaliger Heizkostenzuschuss (Zuschuss) nach Maßgabe dieses Gesetzes gewährt.</P></Content></text></textdaten></norm>
<norm builddate="20130405131834" doknr="BJNR184600000BJNE000300305"><metadaten><jurabk>HeizkZG</jurabk><enbez>§ 2</enbez><titel format="parat">Anspruchsberechtigte, Einkommen</titel></metadaten><textdaten><text format="XML"><Content><P>(1) Anspruch auf einen Zuschuss haben allein stehende Personen und Haushaltsvorstände, <DL Font="normal" Type="arabic"><DT>1.</DT><DD Font="normal"><LA Size="normal">denen für die Zeit vom 1. Oktober 2000 bis zum 31. März 2001 für mindestens drei aufeinander folgende Kalendermonate Wohngeld nach dem Wohngeldgesetz bewilligt worden ist,</LA></DD> </DL>oder <DL Font="normal" Type="arabic"><DT>2.</DT><DD Font="normal"><LA Size="normal">bei denen das monatliche Einkommen der im Haushalt lebenden Personen während dreier aufeinander folgender Kalendermonate für den in Nummer 1 genannten Zeitraum im Monatsdurchschnitt den Betrag von 1.650 Deutsche Mark nicht übersteigt; dieser Betrag erhöht sich um 650 Deutsche Mark für die zweite und um 550 Deutsche Mark für jede weitere im Haushalt lebende Person.</LA></DD> </DL>Haushaltsvorstand ist im Sinne des Satzes 1 Nr. 1 der Wohngeldempfänger, im Sinne des Satzes 1 Nr. 2 diejenige Person, die im Zeitpunkt der Antragstellung (§ 4 Abs. 2) den größten Teil der Heizkosten für die im Haushalt lebenden Personen trägt. Bei mehreren Anspruchsberechtigten bestimmt die zuständige Stelle vorbehaltlich des Satzes 5 den Zahlungsempfänger nach pflichtgemäßem Ermessen. Jede Person kann für die Gewährung des Zuschusses nur einmal berücksichtigt werden. Bei nicht bei ihren Eltern wohnenden Empfängern von Ausbildungsförderung nach dem Bundesausbildungsförderungsgesetz oder Berufsausbildungsbeihilfe oder Ausbildungsgeld nach dem Dritten Buch Sozialgesetzbuch wird der sich nach § 3 Satz 2 in Verbindung mit § 3 Satz 1 ergebende Zuschuss jedem dieser Empfänger gewährt. Wohnen und wirtschaften mehrere der in Satz 5 genannten, nach Satz 1 Nr. 2 Anspruchsberechtigten zusammen in einem Haushalt und ist einer von ihnen zugleich nach Satz 1 Nr. 1 anspruchsberechtigt, wird nur der nach § 3 Satz 1 zu berechnende Zuschuss gewährt.</P><P>(2) Das Einkommen im Sinne des Absatzes 1 Satz 1 Nr. 2 bestimmt sich nach den §§ 76 bis 78 des Bundessozialhilfegesetzes. Leistungen der Kriegsopferfürsorge nach dem Bundesversorgungsgesetz oder nach einem Gesetz, das dieses für anwendbar erklärt, mit Ausnahme des Übergangsgeldes nach § 26a des Bundesversorgungsgesetzes, sind kein Einkommen im Sinne des Absatzes 1 Satz 1 Nr. 2.</P></Content> </text></textdaten></norm>
<norm builddate="20130405131834" doknr="BJNR184600000BJNE000400305"><metadaten><jurabk>HeizkZG</jurabk><enbez>§ 3</enbez><titel format="parat">Höhe des Zuschusses</titel></metadaten><textdaten><text format="XML"><Content><P>Der Zuschuss beträgt 5 Deutsche Mark je Quadratmeter Wohnfläche. Bei jedem Empfänger von Ausbildungsförderung nach dem Bundesausbildungsförderungsgesetz oder Berufsausbildungsbeihilfe oder Ausbildungsgeld nach dem Dritten Buch Sozialgesetzbuch und bei Bewohnern eines Heimes im Sinne des Heimgesetzes ist eine Wohnfläche von 20 Quadratmetern zu Grunde zu legen.</P></Content></text></textdaten></norm>
<norm builddate="20130405131834" doknr="BJNR184600000BJNE000500305"><metadaten><jurabk>HeizkZG</jurabk><enbez>§ 4</enbez><titel format="parat">Amtsgrundsatz, Antrag</titel></metadaten><textdaten><text format="XML"><Content><P>(1) Der Zuschuss wird vorbehaltlich des Absatzes 2 von Amts wegen durch die für die Bewilligung von Wohngeld zuständige Stelle gewährt.</P><P>(2) In den Fällen des § 2 Abs. 1 Satz 1 Nr. 2 wird der Zuschuss auf Antrag gewährt. Der Antrag ist bis zum 30. April 2001, im Falle der nicht bei ihren Eltern wohnenden Empfänger von Ausbildungsförderung nach dem Bundesausbildungsförderungsgesetz (§ 2 Abs. 1 Satz 5) an die hierfür zuständige, im Übrigen an die nach Landesrecht zuständige oder von der Landesregierung bestimmte Stelle zu richten. Die Antragsfrist gilt auch als gewahrt, wenn der Antrag bis zu dem genannten Zeitpunkt bei einer nicht zuständigen Stelle eingeht; in diesem Falle ist der Antrag unverzüglich an die zuständige Stelle weiterzuleiten.</P></Content> </text></textdaten></norm>
<norm builddate="20130405131834" doknr="BJNR184600000BJNE000600305"><metadaten><jurabk>HeizkZG</jurabk><enbez>§ 5</enbez><titel format="parat">Kostenerstattung des Bundes</titel></metadaten><textdaten><text format="XML"><Content><P>(1) Zuschüsse, die ein Land auf Grund dieses Gesetzes gewährt, werden ihm vom Bund erstattet.</P><P>(2) Auf die Erstattung nach Absatz 1 leistet der Bund im Jahr 2000 folgende Zahlungen: <BR/> <BR/><table frame="none" tocentry="%yes;">
		<tgroup align="left" char="" charoff="50" cols="2" colsep="0" rowsep="0">
			<colspec colname="col1" colnum="1" colwidth="40*"/>
			<colspec colname="col2" colnum="2" colwidth="30*"/>
			<tbody valign="top">
				<row>
					<entry VJ="1" align="left" colsep="0" valign="top">Baden-Württemberg</entry>
					<entry VJ="1" align="right" colsep="0" valign="top">80.000.000 DM,</entry>
				</row>
				<row>
					<entry VJ="1" align="left" colsep="0" valign="top">Bayern</entry>
					<entry VJ="1" align="right" colsep="0" valign="top">78.000.000 DM,</entry>
				</row>
				<row>
					<entry VJ="1" align="left" colsep="0" valign="top">Berlin</entry>
					<entry VJ="1" align="right" colsep="0" valign="top">80.000.000 DM,</entry>
				</row>
				<row>
					<entry VJ="1" align="left" colsep="0" valign="top">Brandenburg</entry>
					<entry VJ="1" align="right" colsep="0" valign="top">40.000.000 DM,</entry>
				</row>
				<row>
					<entry VJ="1" align="left" colsep="0" valign="top">Bremen</entry>
					<entry VJ="1" align="right" colsep="0" valign="top">20.000.000 DM,</entry>
				</row>
				<row>
					<entry VJ="1" align="left" colsep="0" valign="top">Hamburg</entry>
					<entry VJ="1" align="right" colsep="0" valign="top">38.000.000 DM,</entry>
				</row>
				<row>
					<entry VJ="1" align="left" colsep="0" valign="top">Hessen</entry>
					<entry VJ="1" align="right" colsep="0" valign="top">80.000.000 DM,</entry>
				</row>
				<row>
					<entry VJ="1" align="left" colsep="0" valign="top">Mecklenburg-Vorpommern</entry>
					<entry VJ="1" align="right" colsep="0" valign="top">36.000.000 DM,</entry>
				</row>
				<row>
					<entry VJ="1" align="left" colsep="0" valign="top">Niedersachsen</entry>
					<entry VJ="1" align="right" colsep="0" valign="top">112.000.000 DM,</entry>
				</row>
				<row>
					<entry VJ="1" align="left" colsep="0" valign="top">Nordrhein-Westfalen</entry>
					<entry VJ="1" align="right" colsep="0" valign="top">276.000.000 DM,</entry>
				</row>
				<row>
					<entry VJ="1" align="left" colsep="0" valign="top">Rheinland-Pfalz</entry>
					<entry VJ="1" align="right" colsep="0" valign="top">40.000.000 DM,</entry>
				</row>
				<row>
					<entry VJ="1" align="left" colsep="0" valign="top">Saarland</entry>
					<entry VJ="1" align="right" colsep="0" valign="top">14.000.000 DM,</entry>
				</row>
				<row>
					<entry VJ="1" align="left" colsep="0" valign="top">Sachsen</entry>
					<entry VJ="1" align="right" colsep="0" valign="top">78.000.000 DM,</entry>
				</row>
				<row>
					<entry VJ="1" align="left" colsep="0" valign="top">Sachsen-Anhalt</entry>
					<entry VJ="1" align="right" colsep="0" valign="top">44.000.000 DM,</entry>
				</row>
				<row>
					<entry VJ="1" align="left" colsep="0" valign="top">Schleswig-Holstein</entry>
					<entry VJ="1" align="right" colsep="0" valign="top">48.000.000 DM,</entry>
				</row>
				<row>
					<entry VJ="1" align="left" colsep="0" valign="top">Thüringen</entry>
					<entry VJ="1" align="right" colsep="0" valign="top">36.000.000 DM.</entry>
				</row>
			</tbody>
		</tgroup>
	</table> <BR/> <BR/>Die Zahlungen können von den Ländern nach Inkrafttreten dieses Gesetzes nach Maßgabe der haushaltsrechtlichen Vorschriften aus dem Bundeshaushalt abgerufen werden.</P></Content> </text></textdaten></norm>
<norm builddate="20130405131834" doknr="BJNR184600000BJNE000700305"><metadaten><jurabk>HeizkZG</jurabk><enbez>§ 6</enbez><titel format="parat">Entsprechend anzuwendende Vorschriften</titel></metadaten><textdaten><text format="XML"><Content><P>Die Vorschriften des Ersten und des Zehnten Buches Sozialgesetzbuch gelten entsprechend, soweit dieses Gesetz keine abweichende Regelung trifft.</P></Content></text></textdaten></norm>
<norm builddate="20130405131834" doknr="BJNR184600000BJNE000800305"><metadaten><jurabk>HeizkZG</jurabk><enbez>§ 7</enbez><titel format="parat">Inkrafttreten</titel></metadaten><textdaten><text format="XML"><Content><P>Dieses Gesetz tritt am Tag nach der Verkündung in Kraft.</P></Content></text></textdaten></norm>
</dokumente>