<?xml version="1.0" encoding="UTF-8" ?><!DOCTYPE dokumente SYSTEM "http://www.gesetze-im-internet.de/dtd/1.01/gii-norm.dtd">
<dokumente builddate="20171215221026" doknr="BJNR172310999"><norm builddate="20171215221026" doknr="BJNR172310999"><metadaten><jurabk>MarkenG§8Bek 99-07-20</jurabk><ausfertigung-datum manuell="ja">1999-07-20</ausfertigung-datum><fundstelle typ="amtlich"><periodikum>BGBl I</periodikum><zitstelle>1999, 1723</zitstelle></fundstelle><langue>Bekanntmachung zu § 8 des Markengesetzes</langue></metadaten><textdaten><text format="XML"><Content><P/></Content></text><fussnoten><Content><P>(+++ Textnachweis ab: 30. 7.1999 +++)</P></Content></fussnoten></textdaten></norm>
<norm builddate="20171215221026" doknr="BJNR172310999BJNE000100305"><metadaten><jurabk>MarkenG§8Bek 99-07-20</jurabk><enbez>(XXXX)</enbez></metadaten><textdaten><text format="XML"><Content><P>Auf Grund des § 8 Abs. 2 Nr. 7 des Markengesetzes vom 25. Oktober 1994 (BGBl. I S. 3082, 1995 I S. 156) wird bekanntgemacht, daß die folgenden Prüf- und Gewährzeichen von der Eintragung als Marke ausgeschlossen sind: <DL Font="normal" Type="arabic"><DT>1.</DT><DD Font="normal"><LA Size="normal">Prüf- und Gewährzeichen des Königreichs Marokko (Anlage 1)</LA></DD><DT>2.</DT><DD Font="normal"><LA Size="normal">Gewährzeichen der Republik Kuba für Rum (Anlage 2)</LA></DD></DL>Diese Bekanntmachung ergeht im Anschluß an die Bekanntmachung vom 14. April 1999 (BGBl. I S. 767).</P><P><SP>Bundesministerium der Justiz</SP></P></Content></text></textdaten></norm>
<norm builddate="20171215221026" doknr="BJNR172310999BJNE000200305"><metadaten><jurabk>MarkenG§8Bek 99-07-20</jurabk><enbez>Anlage 1</enbez></metadaten><textdaten><text format="XML"><Content><P><noindex><kommentar typ="Fundstelle">Fundstelle: BGBl. I 1999, 1724)</kommentar></noindex></P><Title Align="auto">Prüf- und Gewährzeichen des Königreichs Marokko</Title><P><IMG Align="center" Pos="block" SRC="bgbl1_1999_j1724_0010.jpg"/></P></Content></text></textdaten></norm>
<norm builddate="20171215221026" doknr="BJNR172310999BJNE000300305"><metadaten><jurabk>MarkenG§8Bek 99-07-20</jurabk><enbez>Anlage 2</enbez></metadaten><textdaten><text format="XML"><Content><P><noindex><kommentar typ="Fundstelle">Fundstelle: BGBl. I 1999, 1725)</kommentar></noindex></P><Title Align="auto">Gewährzeichen der Republik Kuba für Rum</Title><P><IMG Align="center" Pos="block" SRC="bgbl1_1999_j1725_0010.jpg"/></P></Content></text></textdaten></norm>
</dokumente>