<?xml version="1.0" encoding="UTF-8" ?><!DOCTYPE dokumente SYSTEM "http://www.gesetze-im-internet.de/dtd/1.01/gii-norm.dtd">
<dokumente builddate="20250225223003" doknr="BJNR002980957"><norm builddate="20250225223003" doknr="BJNR002980957"><metadaten><jurabk>WStrG</jurabk><amtabk>WStG</amtabk><ausfertigung-datum manuell="ja">1957-03-30</ausfertigung-datum><fundstelle typ="amtlich"><periodikum>BGBl I</periodikum><zitstelle>1957, 298</zitstelle></fundstelle><langue>Wehrstrafgesetz</langue><standangabe checked="ja"><standtyp>Neuf</standtyp><standkommentar>Neugefasst durch Bek. v. 24.5.1974 I 1213;</standkommentar></standangabe><standangabe checked="ja"><standtyp>Stand</standtyp><standkommentar>zuletzt geändert durch Art. 1 G v. 21.2.2025 I Nr. 55</standkommentar></standangabe></metadaten><textdaten><fussnoten><Content><P><BR/> <pre xml:space="preserve">(+++ Textnachweis Geltung ab: 1.1.1980 +++)<BR/><BR/></pre></P></Content></fussnoten></textdaten></norm>
<norm builddate="20250225223003" doknr="BJNR002980957BJNE000702130"><metadaten><jurabk>WStrG</jurabk><enbez>Inhaltsübersicht</enbez></metadaten><textdaten><text format="XML"><Content><P><table frame="none" pgwide="1" tocentry="%yes;"><tgroup align="left" char="" charoff="50" cols="4" colsep="0" rowsep="0"><colspec colname="col1" colnum="1" colwidth="5*"/><colspec colname="col2" colnum="2" colwidth="5*"/><colspec colname="col3" colnum="3" colwidth="70*"/><colspec colname="col4" colnum="4" colwidth="10*"/><tbody valign="top"><row><entry VJ="1" align="left" colsep="0" nameend="col4" namest="col1" valign="top"><B>Erster Teil</B></entry></row><row><entry VJ="1" align="left" colsep="0" nameend="col4" namest="col1" valign="top"><B>Allgemeine Bestimmungen</B></entry></row><row><entry VJ="1" align="left" colsep="0" valign="top"> </entry><entry VJ="1" align="left" colsep="0" valign="top"> </entry><entry VJ="1" align="left" colsep="0" valign="top">Geltungsbereich</entry><entry VJ="1" align="left" colsep="0" valign="top">§ 1</entry></row><row><entry VJ="1" align="left" colsep="0" valign="top"> </entry><entry VJ="1" align="left" colsep="0" valign="top"> </entry><entry VJ="1" align="left" colsep="0" valign="top">Auslandstaten</entry><entry VJ="1" align="left" colsep="0" valign="top">§ 1a</entry></row><row><entry VJ="1" align="left" colsep="0" valign="top"> </entry><entry VJ="1" align="left" colsep="0" valign="top"> </entry><entry VJ="1" align="left" colsep="0" valign="top">Begriffsbestimmungen</entry><entry VJ="1" align="left" colsep="0" valign="top">§ 2</entry></row><row><entry VJ="1" align="left" colsep="0" valign="top"> </entry><entry VJ="1" align="left" colsep="0" valign="top"> </entry><entry VJ="1" align="left" colsep="0" valign="top">Anwendung des allgemeinen Strafrechts</entry><entry VJ="1" align="left" colsep="0" valign="top">§ 3</entry></row><row><entry VJ="1" align="left" colsep="0" valign="top"> </entry><entry VJ="1" align="left" colsep="0" valign="top"> </entry><entry VJ="1" align="left" colsep="0" valign="top">Militärische Straftaten gegen verbündete Streitkräfte</entry><entry VJ="1" align="left" colsep="0" valign="top">§ 4</entry></row><row><entry VJ="1" align="left" colsep="0" valign="top"> </entry><entry VJ="1" align="left" colsep="0" valign="top"> </entry><entry VJ="1" align="left" colsep="0" valign="top">Handeln auf Befehl</entry><entry VJ="1" align="left" colsep="0" valign="top">§ 5</entry></row><row><entry VJ="1" align="left" colsep="0" valign="top"> </entry><entry VJ="1" align="left" colsep="0" valign="top"> </entry><entry VJ="1" align="left" colsep="0" valign="top">Furcht vor persönlicher Gefahr</entry><entry VJ="1" align="left" colsep="0" valign="top">§ 6</entry></row><row><entry VJ="1" align="left" colsep="0" valign="top"> </entry><entry VJ="1" align="left" colsep="0" valign="top"> </entry><entry VJ="1" align="left" colsep="0" valign="top">Selbstverschuldete Trunkenheit</entry><entry VJ="1" align="left" colsep="0" valign="top">§ 7</entry></row><row><entry VJ="1" align="left" colsep="0" valign="top"> </entry><entry VJ="1" align="left" colsep="0" valign="top"> </entry><entry VJ="1" align="left" colsep="0" valign="top">weggefallen</entry><entry VJ="1" align="left" colsep="0" valign="top">§ 8</entry></row><row><entry VJ="1" align="left" colsep="0" valign="top"> </entry><entry VJ="1" align="left" colsep="0" valign="top"> </entry><entry VJ="1" align="left" colsep="0" valign="top">Strafarrest</entry><entry VJ="1" align="left" colsep="0" valign="top">§ 9</entry></row><row><entry VJ="1" align="left" colsep="0" valign="top"> </entry><entry VJ="1" align="left" colsep="0" valign="top"> </entry><entry VJ="1" align="left" colsep="0" valign="top">Geldstrafe bei Straftaten von Soldaten</entry><entry VJ="1" align="left" colsep="0" valign="top">§ 10</entry></row><row><entry VJ="1" align="left" colsep="0" valign="top"> </entry><entry VJ="1" align="left" colsep="0" valign="top"> </entry><entry VJ="1" align="left" colsep="0" valign="top">Ersatzfreiheitsstrafe</entry><entry VJ="1" align="left" colsep="0" valign="top">§ 11</entry></row><row><entry VJ="1" align="left" colsep="0" valign="top"> </entry><entry VJ="1" align="left" colsep="0" valign="top"> </entry><entry VJ="1" align="left" colsep="0" valign="top">Strafarrest statt Freiheitsstrafe</entry><entry VJ="1" align="left" colsep="0" valign="top">§ 12</entry></row><row><entry VJ="1" align="left" colsep="0" valign="top"> </entry><entry VJ="1" align="left" colsep="0" valign="top"> </entry><entry VJ="1" align="left" colsep="0" valign="top">Zusammentreffen mehrerer Straftaten</entry><entry VJ="1" align="left" colsep="0" valign="top">§ 13</entry></row><row><entry VJ="1" align="left" colsep="0" valign="top"> </entry><entry VJ="1" align="left" colsep="0" valign="top"> </entry><entry VJ="1" align="left" colsep="0" valign="top">Strafaussetzung zur Bewährung bei Freiheitsstrafe</entry><entry VJ="1" align="left" colsep="0" valign="top">§ 14</entry></row><row><entry VJ="1" align="left" colsep="0" valign="top"> </entry><entry VJ="1" align="left" colsep="0" valign="top"> </entry><entry VJ="1" align="left" colsep="0" valign="top">Strafaussetzung zur Bewährung bei Strafarrest</entry><entry VJ="1" align="left" colsep="0" valign="top">§ 14a</entry></row><row><entry VJ="1" align="left" colsep="0" nameend="col4" namest="col1" valign="top"><B>Zweiter Teil</B></entry></row><row><entry VJ="1" align="left" colsep="0" nameend="col4" namest="col1" valign="top"><B>Militärische Straftaten</B></entry></row><row><entry VJ="1" align="left" colsep="0" valign="top"> </entry><entry VJ="1" align="left" colsep="0" nameend="col4" namest="col2" valign="top">Erster Abschnitt</entry></row><row><entry VJ="1" align="left" colsep="0" valign="top"> </entry><entry VJ="1" align="left" colsep="0" nameend="col4" namest="col2" valign="top">Straftaten gegen die Pflicht zur militärischen Dienstleistung</entry></row><row><entry VJ="1" align="left" colsep="0" valign="top"> </entry><entry VJ="1" align="left" colsep="0" valign="top"> </entry><entry VJ="1" align="left" colsep="0" valign="top">Eigenmächtige Abwesenheit</entry><entry VJ="1" align="left" colsep="0" valign="top">§ 15</entry></row><row><entry VJ="1" align="left" colsep="0" valign="top"> </entry><entry VJ="1" align="left" colsep="0" valign="top"> </entry><entry VJ="1" align="left" colsep="0" valign="top">Fahnenflucht</entry><entry VJ="1" align="left" colsep="0" valign="top">§ 16</entry></row><row><entry VJ="1" align="left" colsep="0" valign="top"> </entry><entry VJ="1" align="left" colsep="0" valign="top"> </entry><entry VJ="1" align="left" colsep="0" valign="top">Selbstverstümmelung</entry><entry VJ="1" align="left" colsep="0" valign="top">§ 17</entry></row><row><entry VJ="1" align="left" colsep="0" valign="top"> </entry><entry VJ="1" align="left" colsep="0" valign="top"> </entry><entry VJ="1" align="left" colsep="0" valign="top">Dienstentziehung durch Täuschung</entry><entry VJ="1" align="left" colsep="0" valign="top">§ 18</entry></row><row><entry VJ="1" align="left" colsep="0" valign="top"> </entry><entry VJ="1" align="left" colsep="0" nameend="col4" namest="col2" valign="top">Zweiter Abschnitt</entry></row><row><entry VJ="1" align="left" colsep="0" valign="top"> </entry><entry VJ="1" align="left" colsep="0" nameend="col4" namest="col2" valign="top">Straftaten gegen die Pflichten der Untergebenen</entry></row><row><entry VJ="1" align="left" colsep="0" valign="top"> </entry><entry VJ="1" align="left" colsep="0" valign="top"> </entry><entry VJ="1" align="left" colsep="0" valign="top">Ungehorsam</entry><entry VJ="1" align="left" colsep="0" valign="top">§ 19</entry></row><row><entry VJ="1" align="left" colsep="0" valign="top"> </entry><entry VJ="1" align="left" colsep="0" valign="top"> </entry><entry VJ="1" align="left" colsep="0" valign="top">Gehorsamsverweigerung</entry><entry VJ="1" align="left" colsep="0" valign="top">§ 20</entry></row><row><entry VJ="1" align="left" colsep="0" valign="top"> </entry><entry VJ="1" align="left" colsep="0" valign="top"> </entry><entry VJ="1" align="left" colsep="0" valign="top">Leichtfertiges Nichtbefolgen eines Befehls</entry><entry VJ="1" align="left" colsep="0" valign="top">§ 21</entry></row><row><entry VJ="1" align="left" colsep="0" valign="top"> </entry><entry VJ="1" align="left" colsep="0" valign="top"> </entry><entry VJ="1" align="left" colsep="0" valign="top">Verbindlichkeit des Befehls; Irrtum</entry><entry VJ="1" align="left" colsep="0" valign="top">§ 22</entry></row><row><entry VJ="1" align="left" colsep="0" valign="top"> </entry><entry VJ="1" align="left" colsep="0" valign="top"> </entry><entry VJ="1" align="left" colsep="0" valign="top">Bedrohung eines Vorgesetzten</entry><entry VJ="1" align="left" colsep="0" valign="top">§ 23</entry></row><row><entry VJ="1" align="left" colsep="0" valign="top"> </entry><entry VJ="1" align="left" colsep="0" valign="top"> </entry><entry VJ="1" align="left" colsep="0" valign="top">Nötigung eines Vorgesetzten</entry><entry VJ="1" align="left" colsep="0" valign="top">§ 24</entry></row><row><entry VJ="1" align="left" colsep="0" valign="top"> </entry><entry VJ="1" align="left" colsep="0" valign="top"> </entry><entry VJ="1" align="left" colsep="0" valign="top">Tätlicher Angriff gegen einen Vorgesetzten</entry><entry VJ="1" align="left" colsep="0" valign="top">§ 25</entry></row><row><entry VJ="1" align="left" colsep="0" valign="top"> </entry><entry VJ="1" align="left" colsep="0" valign="top"> </entry><entry VJ="1" align="left" colsep="0" valign="top">weggefallen</entry><entry VJ="1" align="left" colsep="0" valign="top">§ 26</entry></row><row><entry VJ="1" align="left" colsep="0" valign="top"> </entry><entry VJ="1" align="left" colsep="0" valign="top"> </entry><entry VJ="1" align="left" colsep="0" valign="top">Meuterei</entry><entry VJ="1" align="left" colsep="0" valign="top">§ 27</entry></row><row><entry VJ="1" align="left" colsep="0" valign="top"> </entry><entry VJ="1" align="left" colsep="0" valign="top"> </entry><entry VJ="1" align="left" colsep="0" valign="top">Verabredung zur Unbotmäßigkeit</entry><entry VJ="1" align="left" colsep="0" valign="top">§ 28</entry></row><row><entry VJ="1" align="left" colsep="0" valign="top"> </entry><entry VJ="1" align="left" colsep="0" valign="top"> </entry><entry VJ="1" align="left" colsep="0" valign="top">Taten gegen Soldaten mit höherem Dienstgrad</entry><entry VJ="1" align="left" colsep="0" valign="top">§ 29</entry></row><row><entry VJ="1" align="left" colsep="0" valign="top"> </entry><entry VJ="1" align="left" colsep="0" nameend="col4" namest="col2" valign="top">Dritter Abschnitt</entry></row><row><entry VJ="1" align="left" colsep="0" valign="top"> </entry><entry VJ="1" align="left" colsep="0" nameend="col4" namest="col2" valign="top">Straftaten gegen die Pflichten der Vorgesetzten</entry></row><row><entry VJ="1" align="left" colsep="0" valign="top"> </entry><entry VJ="1" align="left" colsep="0" valign="top"> </entry><entry VJ="1" align="left" colsep="0" valign="top">Mißhandlung</entry><entry VJ="1" align="left" colsep="0" valign="top">§ 30</entry></row><row><entry VJ="1" align="left" colsep="0" valign="top"> </entry><entry VJ="1" align="left" colsep="0" valign="top"> </entry><entry VJ="1" align="left" colsep="0" valign="top">Entwürdigende Behandlung</entry><entry VJ="1" align="left" colsep="0" valign="top">§ 31</entry></row><row><entry VJ="1" align="left" colsep="0" valign="top"> </entry><entry VJ="1" align="left" colsep="0" valign="top"> </entry><entry VJ="1" align="left" colsep="0" valign="top">Mißbrauch der Befehlsbefugnis zu unzulässigen Zwecken</entry><entry VJ="1" align="left" colsep="0" valign="top">§ 32</entry></row><row><entry VJ="1" align="left" colsep="0" valign="top"> </entry><entry VJ="1" align="left" colsep="0" valign="top"> </entry><entry VJ="1" align="left" colsep="0" valign="top">Verleiten zu einer rechtswidrigen Tat</entry><entry VJ="1" align="left" colsep="0" valign="top">§ 33</entry></row><row><entry VJ="1" align="left" colsep="0" valign="top"> </entry><entry VJ="1" align="left" colsep="0" valign="top"> </entry><entry VJ="1" align="left" colsep="0" valign="top">Erfolgloses Verleiten zu einer rechtswidrigen Tat</entry><entry VJ="1" align="left" colsep="0" valign="top">§ 34</entry></row><row><entry VJ="1" align="left" colsep="0" valign="top"> </entry><entry VJ="1" align="left" colsep="0" valign="top"> </entry><entry VJ="1" align="left" colsep="0" valign="top">Unterdrücken von Beschwerden</entry><entry VJ="1" align="left" colsep="0" valign="top">§ 35</entry></row><row><entry VJ="1" align="left" colsep="0" valign="top"> </entry><entry VJ="1" align="left" colsep="0" valign="top"> </entry><entry VJ="1" align="left" colsep="0" valign="top">Taten von Soldaten mit höherem Dienstgrad</entry><entry VJ="1" align="left" colsep="0" valign="top">§ 36</entry></row><row><entry VJ="1" align="left" colsep="0" valign="top"> </entry><entry VJ="1" align="left" colsep="0" valign="top"> </entry><entry VJ="1" align="left" colsep="0" valign="top">Beeinflussung der Rechtspflege</entry><entry VJ="1" align="left" colsep="0" valign="top">§ 37</entry></row><row><entry VJ="1" align="left" colsep="0" valign="top"> </entry><entry VJ="1" align="left" colsep="0" valign="top"> </entry><entry VJ="1" align="left" colsep="0" valign="top">Anmaßen von Befehlsbefugnissen</entry><entry VJ="1" align="left" colsep="0" valign="top">§ 38</entry></row><row><entry VJ="1" align="left" colsep="0" valign="top"> </entry><entry VJ="1" align="left" colsep="0" valign="top"> </entry><entry VJ="1" align="left" colsep="0" valign="top">Mißbrauch der Disziplinarbefugnis</entry><entry VJ="1" align="left" colsep="0" valign="top">§ 39</entry></row><row><entry VJ="1" align="left" colsep="0" valign="top"> </entry><entry VJ="1" align="left" colsep="0" valign="top"> </entry><entry VJ="1" align="left" colsep="0" valign="top">Unterlassene Mitwirkung bei Strafverfahren</entry><entry VJ="1" align="left" colsep="0" valign="top">§ 40</entry></row><row><entry VJ="1" align="left" colsep="0" valign="top"> </entry><entry VJ="1" align="left" colsep="0" valign="top"> </entry><entry VJ="1" align="left" colsep="0" valign="top">Mangelhafte Dienstaufsicht</entry><entry VJ="1" align="left" colsep="0" valign="top">§ 41</entry></row><row><entry VJ="1" align="left" colsep="0" valign="top"> </entry><entry VJ="1" align="left" colsep="0" nameend="col4" namest="col2" valign="top">Vierter Abschnitt</entry></row><row><entry VJ="1" align="left" colsep="0" valign="top"> </entry><entry VJ="1" align="left" colsep="0" nameend="col4" namest="col2" valign="top">Straftaten gegen andere militärische Pflichten</entry></row><row><entry VJ="1" align="left" colsep="0" valign="top"> </entry><entry VJ="1" align="left" colsep="0" valign="top"> </entry><entry VJ="1" align="left" colsep="0" valign="top">Unwahre dienstliche Meldung</entry><entry VJ="1" align="left" colsep="0" valign="top">§ 42</entry></row><row><entry VJ="1" align="left" colsep="0" valign="top"> </entry><entry VJ="1" align="left" colsep="0" valign="top"> </entry><entry VJ="1" align="left" colsep="0" valign="top">Unterlassene Meldung</entry><entry VJ="1" align="left" colsep="0" valign="top">§ 43</entry></row><row><entry VJ="1" align="left" colsep="0" valign="top"> </entry><entry VJ="1" align="left" colsep="0" valign="top"> </entry><entry VJ="1" align="left" colsep="0" valign="top">Wachverfehlung</entry><entry VJ="1" align="left" colsep="0" valign="top">§ 44</entry></row><row><entry VJ="1" align="left" colsep="0" valign="top"> </entry><entry VJ="1" align="left" colsep="0" valign="top"> </entry><entry VJ="1" align="left" colsep="0" valign="top">Pflichtverletzung bei Sonderaufträgen</entry><entry VJ="1" align="left" colsep="0" valign="top">§ 45</entry></row><row><entry VJ="1" align="left" colsep="0" valign="top"> </entry><entry VJ="1" align="left" colsep="0" valign="top"> </entry><entry VJ="1" align="left" colsep="0" valign="top">Rechtswidriger Waffengebrauch</entry><entry VJ="1" align="left" colsep="0" valign="top">§ 46</entry></row><row><entry VJ="1" align="left" colsep="0" valign="top"> </entry><entry VJ="1" align="left" colsep="0" valign="top"> </entry><entry VJ="1" align="left" colsep="0" valign="top">Tätigkeit für eine fremde Macht</entry><entry VJ="1" align="left" colsep="0" valign="top">§ 47</entry></row><row><entry VJ="1" align="left" colsep="0" valign="top"> </entry><entry VJ="1" align="left" colsep="0" valign="top"> </entry><entry VJ="1" align="left" colsep="0" valign="top">Verletzung anderer Dienstpflichten</entry><entry VJ="1" align="left" colsep="0" valign="top">§ 48</entry></row></tbody></tgroup></table></P></Content></text><fussnoten/></textdaten></norm>
<norm builddate="20250225223003" doknr="BJNR002980957BJNG000100315"><metadaten><jurabk>WStrG</jurabk><gliederungseinheit><gliederungskennzahl>010</gliederungskennzahl><gliederungsbez>Erster Teil</gliederungsbez><gliederungstitel>Allgemeine Bestimmungen</gliederungstitel></gliederungseinheit></metadaten><textdaten><text format="XML"><Content><P/></Content></text></textdaten></norm>
<norm builddate="20250225223003" doknr="BJNR002980957BJNE000803130"><metadaten><jurabk>WStrG</jurabk><enbez>§ 1</enbez><titel format="XML">Geltungsbereich</titel></metadaten><textdaten><text format="XML"><Content><P>(1) Dieses Gesetz gilt für Straftaten, die Soldaten der Bundeswehr begehen.</P><P>(2) Es gilt auch für Straftaten, durch die militärische Vorgesetzte, die nicht Soldaten sind, ihre Pflichten verletzen (§§ 30 bis 41).</P><P>(3) Wegen einer Tätigkeit für eine fremde Macht (§ 47) sind auch frühere Soldaten strafbar.</P><P>(4) Wegen Verletzung von Privatgeheimnissen (§ 203 Absatz 2, 5 und 6, §§ 204, 205 des Strafgesetzbuches), wegen Verletzung des Post- oder Fernmeldegeheimnisses (§ 206 Abs. 4 des Strafgesetzbuches) und wegen Verletzung des Dienstgeheimnisses (§ 353b Abs. 1 des Strafgesetzbuches) sind nach Maßgabe des § 48 auch frühere Soldaten strafbar, soweit ihnen diese Geheimnisse während des Wehrdienstes anvertraut worden oder sonst bekanntgeworden sind.</P><P>(5) Wegen Anstiftung und Beihilfe zu militärischen Straftaten sowie wegen Versuchs der Beteiligung an solchen Straftaten ist nach diesem Gesetz auch strafbar, wer nicht Soldat ist.</P></Content></text><fussnoten/></textdaten></norm>
<norm builddate="20250225223003" doknr="BJNR002980957BJNE000901130"><metadaten><jurabk>WStrG</jurabk><enbez>§ 1a</enbez><titel format="XML">Auslandstaten</titel></metadaten><textdaten><text format="XML"><Content><P>(1) Das deutsche Strafrecht gilt, unabhängig vom Recht des Tatorts, für Taten, die nach diesem Gesetz mit Strafe bedroht sind und im Ausland begangen werden, wenn der Täter <DL Font="normal" Type="arabic"><DT>1.</DT><DD Font="normal"><LA Size="normal">Soldat oder früherer Soldat ist oder zu den in § 1 Abs. 2 bezeichneten Personen gehört oder</LA></DD><DT>2.</DT><DD Font="normal"><LA Size="normal">Deutscher ist und seine Lebensgrundlage im räumlichen Geltungsbereich dieses Gesetzes hat.</LA></DD></DL></P><P>(2) Das deutsche Strafrecht gilt, unabhängig vom Recht des Tatorts, auch für Taten, die ein Soldat während eines dienstlichen Aufenthalts oder in Beziehung auf den Dienst im Ausland begeht.</P></Content></text><fussnoten/></textdaten></norm>
<norm builddate="20250225223003" doknr="BJNR002980957BJNE001002377"><metadaten><jurabk>WStrG</jurabk><enbez>§ 2</enbez><titel format="parat">Begriffsbestimmungen</titel></metadaten><textdaten><text format="XML"><Content><P>Im Sinne dieses Gesetzes ist <DL Font="normal" Type="arabic"><DT>1.</DT><DD Font="normal"><LA Size="normal">eine militärische Straftat eine Handlung, die der Zweite Teil dieses Gesetzes mit Strafe bedroht;</LA></DD> <DT>2.</DT><DD Font="normal"><LA Size="normal">ein Befehl eine Anweisung zu einem bestimmten Verhalten, die ein militärischer Vorgesetzter (§ 1 Abs. 3 des Soldatengesetzes) einem Untergebenen schriftlich, mündlich oder in anderer Weise, allgemein oder für den Einzelfall und mit dem Anspruch auf Gehorsam erteilt;</LA></DD> <DT>3.</DT><DD Font="normal"><LA Size="normal">eine schwerwiegende Folge eine Gefahr für die Sicherheit der Bundesrepublik Deutschland, die Schlagkraft der Truppe, Leib oder Leben eines Menschen oder Sachen von bedeutendem Wert, die dem Täter nicht gehören.</LA></DD> </DL></P></Content></text><fussnoten/></textdaten></norm>
<norm builddate="20250225223003" doknr="BJNR002980957BJNE001100315"><metadaten><jurabk>WStrG</jurabk><enbez>§ 3</enbez><titel format="parat">Anwendung des allgemeinen Strafrechts</titel></metadaten><textdaten><text format="XML"><Content><P>(1) Das allgemeine Strafrecht ist anzuwenden, soweit dieses Gesetz nichts anderes bestimmt.</P><P>(2) Für Straftaten von Soldaten, die Jugendliche oder Heranwachsende sind, gelten besondere Vorschriften des Jugendgerichtsgesetzes.</P></Content> </text></textdaten></norm>
<norm builddate="20250225223003" doknr="BJNR002980957BJNE001200315"><metadaten><jurabk>WStrG</jurabk><enbez>§ 4</enbez><titel format="parat">Militärische Straftaten gegen verbündete Streitkräfte</titel></metadaten><textdaten><text format="XML"><Content><P>(1) Die Vorschriften dieses Gesetzes sind auch dann anzuwenden, wenn ein Soldat der Bundeswehr eine militärische Straftat gegen Streitkräfte eines verbündeten Staates oder eines ihrer Mitglieder begeht.</P><P>(2) Das Gericht kann von Strafe absehen, wenn die Wahrung der Disziplin in der Bundeswehr eine Bestrafung nicht erfordert.</P></Content> </text></textdaten></norm>
<norm builddate="20250225223003" doknr="BJNR002980957BJNE001300315"><metadaten><jurabk>WStrG</jurabk><enbez>§ 5</enbez><titel format="parat">Handeln auf Befehl</titel></metadaten><textdaten><text format="XML"><Content><P>(1) Begeht ein Untergebener eine rechtswidrige Tat, die den Tatbestand eines Strafgesetzes verwirklicht, auf Befehl, so trifft ihn eine Schuld nur, wenn er erkennt, daß es sich um eine rechtswidrige Tat handelt oder dies nach den ihm bekannten Umständen offensichtlich ist.</P><P>(2) Ist die Schuld des Untergebenen mit Rücksicht auf die besondere Lage, in der er sich bei der Ausführung des Befehls befand, gering, so kann das Gericht die Strafe nach § 49 Abs. 1 des Strafgesetzbuches mildern, bei Vergehen auch von Strafe absehen.</P></Content> </text></textdaten></norm>
<norm builddate="20250225223003" doknr="BJNR002980957BJNE001400315"><metadaten><jurabk>WStrG</jurabk><enbez>§ 6</enbez><titel format="parat">Furcht vor persönlicher Gefahr</titel></metadaten><textdaten><text format="XML"><Content><P>Furcht vor persönlicher Gefahr entschuldigt eine Tat nicht, wenn die soldatische Pflicht verlangt, die Gefahr zu bestehen.</P></Content></text></textdaten></norm>
<norm builddate="20250225223003" doknr="BJNR002980957BJNE001500315"><metadaten><jurabk>WStrG</jurabk><enbez>§ 7</enbez><titel format="parat">Selbstverschuldete Trunkenheit</titel></metadaten><textdaten><text format="XML"><Content><P>(1) Selbstverschuldete Trunkenheit führt nicht zu einer Milderung der angedrohten Strafe, wenn die Tat eine militärische Straftat ist, gegen das Kriegsvölkerrecht verstößt oder in Ausübung des Dienstes begangen wird.</P><P>(2) Der Trunkenheit steht ein Rausch anderer Art gleich.</P></Content> </text></textdaten></norm>
<norm builddate="20250225223003" doknr="BJNR002980957BJNE001600315"><metadaten><jurabk>WStrG</jurabk><enbez>§ 8</enbez></metadaten><textdaten><text format="XML"><Content><P>(weggefallen)</P></Content></text></textdaten></norm>
<norm builddate="20250225223003" doknr="BJNR002980957BJNE001700315"><metadaten><jurabk>WStrG</jurabk><enbez>§ 9</enbez><titel format="parat">Strafarrest</titel></metadaten><textdaten><text format="XML"><Content><P>(1) Das Höchstmaß des Strafarrestes ist sechs Monate, das Mindestmaß zwei Wochen.</P><P>(2) Der Strafarrest besteht in Freiheitsentziehung. Im Vollzug soll der Soldat, soweit tunlich, in seiner Ausbildung gefördert werden.</P><P>(3) Die Vollstreckung des Strafarrestes verjährt in zwei Jahren.</P></Content>  </text></textdaten></norm>
<norm builddate="20250225223003" doknr="BJNR002980957BJNE001800315"><metadaten><jurabk>WStrG</jurabk><enbez>§ 10</enbez><titel format="XML">Geldstrafe bei Straftaten von Soldaten</titel></metadaten><textdaten><text format="XML"><Content><P>Bei Straftaten von Soldaten darf Geldstrafe nicht verhängt werden, wenn besondere Umstände, die in der Tat oder der Persönlichkeit des Täters liegen, die Verhängung von Freiheitsstrafe zur Wahrung der Disziplin gebieten.</P></Content></text></textdaten></norm>
<norm builddate="20250225223003" doknr="BJNR002980957BJNE001903125"><metadaten><jurabk>WStrG</jurabk><enbez>§ 11</enbez><titel format="XML">Ersatzfreiheitsstrafe</titel></metadaten><textdaten><text format="XML"><Content><P>Ist wegen einer Tat, die ein Soldat während der Ausübung des Dienstes oder in Beziehung auf den Dienst begangen hat, eine Geldstrafe bis zu einhundertachtzig Tagessätzen verhängt, so ist die Ersatzfreiheitsstrafe Strafarrest. Zwei Tagessätzen entspricht ein Tag Strafarrest.</P></Content></text><fussnoten/></textdaten></norm>
<norm builddate="20250225223003" doknr="BJNR002980957BJNE002000315"><metadaten><jurabk>WStrG</jurabk><enbez>§ 12</enbez><titel format="parat">Strafarrest statt Freiheitsstrafe</titel></metadaten><textdaten><text format="XML"><Content><P>Darf auf Geldstrafe nach § 10 nicht erkannt werden oder ist bei Straftaten von Soldaten die Verhängung einer Freiheitsstrafe, die nach § 47 des Strafgesetzbuches unerläßlich ist, auch zur Wahrung der Disziplin geboten, so ist, wenn eine Freiheitsstrafe von mehr als sechs Monaten nicht in Betracht kommt, auf Strafarrest zu erkennen.</P></Content></text></textdaten></norm>
<norm builddate="20250225223003" doknr="BJNR002980957BJNE002100315"><metadaten><jurabk>WStrG</jurabk><enbez>§ 13</enbez><titel format="parat">Zusammentreffen mehrerer Straftaten</titel></metadaten><textdaten><text format="XML"><Content><P>(1) Wäre nach den Vorschriften des Strafgesetzbuches eine Gesamtstrafe von mehr als sechs Monaten Strafarrest zu bilden, so wird statt auf Strafarrest auf Freiheitsstrafe erkannt. Die Gesamtstrafe darf zwei Jahre nicht übersteigen.</P><P>(2) Trifft zeitige Freiheitsstrafe mit Strafarrest zusammen, so ist die Gesamtstrafe durch Erhöhung der Freiheitsstrafe zu bilden. Jedoch ist auf Freiheitsstrafe und Strafarrest gesondert zu erkennen, wenn die Voraussetzungen für die Aussetzung der Vollstreckung des Strafarrestes nicht vorliegen, die Vollstreckung der Gesamtstrafe aber zur Bewährung ausgesetzt werden müßte. In diesem Fall sind beide Strafen so zu kürzen, daß ihre Summe die Dauer der sonst zu bildenden Gesamtstrafe nicht überschreitet.</P><P>(3) Die Absätze 1 und 2 sind auch anzuwenden, wenn nach den allgemeinen Vorschriften eine Gesamtstrafe nachträglich zu bilden ist.</P></Content>  </text></textdaten></norm>
<norm builddate="20250225223003" doknr="BJNR002980957BJNE002200315"><metadaten><jurabk>WStrG</jurabk><enbez>§ 14</enbez><titel format="parat">Strafaussetzung zur Bewährung bei Freiheitsstrafe</titel></metadaten><textdaten><text format="XML"><Content><P>(1) Bei der Verurteilung zu Freiheitsstrafe von mindestens sechs Monaten wird die Vollstreckung nicht ausgesetzt, wenn die Wahrung der Disziplin sie gebietet.</P><P>(2) Bewährungsauflagen und Weisungen (§§ 56b bis 56d des Strafgesetzbuches) sollen die Besonderheiten des Wehrdienstes berücksichtigen.</P><P>(3) Für die Dauer des Wehrdienstverhältnisses kann ein Soldat als ehrenamtlicher Bewährungshelfer (§ 56d des Strafgesetzbuches) bestellt werden. Er untersteht bei der Überwachung des Verurteilten nicht den Anweisungen des Gerichts.</P><P>(4) Von der Überwachung durch einen Bewährungshelfer, der nicht Soldat ist, sind für die Dauer des Wehrdienstverhältnisses Angelegenheiten ausgeschlossen, für welche die militärischen Vorgesetzten des Verurteilten zu sorgen haben. Maßnahmen des Disziplinarvorgesetzten haben den Vorrang.</P></Content>   </text></textdaten></norm>
<norm builddate="20250225223003" doknr="BJNR002980957BJNE002300315"><metadaten><jurabk>WStrG</jurabk><enbez>§ 14a</enbez><titel format="parat">Strafaussetzung zur Bewährung bei Strafarrest</titel></metadaten><textdaten><text format="XML"><Content><P>(1) Das Gericht setzt die Vollstreckung des Strafarrestes unter den Voraussetzungen des § 56 Abs. 1 Satz 1 des Strafgesetzbuches zur Bewährung aus, wenn nicht die Wahrung der Disziplin die Vollstreckung gebietet. § 56 Abs. 1 Satz 2, Abs. 4, die §§ 56a bis 56c, 56e bis 56g und 58 des Strafgesetzbuches gelten entsprechend.</P><P>(2) Das Gericht kann die Vollstreckung des Restes eines Strafarrestes unter den Voraussetzungen des § 57 Abs. 1 Satz 1 des Strafgesetzbuches zur Bewährung aussetzen. § 57 Abs. 1 Satz 2, Abs. 4 und die §§ 56a bis 56c, 56e bis 56g des Strafgesetzbuches gelten entsprechend.</P><P>(3) Bewährungsauflagen und Weisungen (§§ 56b und 56c des Strafgesetzbuches) sollen die Besonderheiten des Wehrdienstes berücksichtigen.</P></Content>  </text></textdaten></norm>
<norm builddate="20250225223003" doknr="BJNR002980957BJNG000200315"><metadaten><jurabk>WStrG</jurabk><gliederungseinheit><gliederungskennzahl>020</gliederungskennzahl><gliederungsbez>Zweiter Teil</gliederungsbez><gliederungstitel>Militärische Straftaten</gliederungstitel></gliederungseinheit></metadaten><textdaten><text format="XML"><Content><P/></Content></text></textdaten></norm>
<norm builddate="20250225223003" doknr="BJNR002980957BJNG000300315"><metadaten><jurabk>WStrG</jurabk><gliederungseinheit><gliederungskennzahl>020010</gliederungskennzahl><gliederungsbez>Erster Abschnitt</gliederungsbez><gliederungstitel>Straftaten gegen die Pflicht
zur militärischen Dienstleistung</gliederungstitel></gliederungseinheit></metadaten><textdaten><text format="XML"><Content><P/></Content></text></textdaten></norm>
<norm builddate="20250225223003" doknr="BJNR002980957BJNE002400315"><metadaten><jurabk>WStrG</jurabk><enbez>§ 15</enbez><titel format="parat">Eigenmächtige Abwesenheit</titel></metadaten><textdaten><text format="XML"><Content><P>(1) Wer eigenmächtig seine Truppe oder Dienststelle verläßt oder ihr fernbleibt und vorsätzlich oder fahrlässig länger als drei volle Kalendertage abwesend ist, wird mit Freiheitsstrafe bis zu drei Jahren bestraft.</P><P>(2) Ebenso wird bestraft, wer außerhalb des räumlichen Geltungsbereichs dieses Gesetzes von seiner Truppe oder Dienststelle abgekommen ist und es vorsätzlich oder fahrlässig unterläßt, sich bei ihr, einer anderen Truppe oder Dienststelle der Bundeswehr oder einer Behörde der Bundesrepublik Deutschland innerhalb von drei vollen Kalendertagen zu melden.</P></Content> </text></textdaten></norm>
<norm builddate="20250225223003" doknr="BJNR002980957BJNE002500315"><metadaten><jurabk>WStrG</jurabk><enbez>§ 16</enbez><titel format="parat">Fahnenflucht</titel></metadaten><textdaten><text format="XML"><Content><P>(1) Wer eigenmächtig seine Truppe oder Dienststelle verläßt oder ihr fernbleibt, um sich der Verpflichtung zum Wehrdienst dauernd oder für die Zeit eines bewaffneten Einsatzes zu entziehen oder die Beendigung des Wehrdienstverhältnisses zu erreichen, wird mit Freiheitsstrafe bis zu fünf Jahren bestraft.</P><P>(2) Der Versuch ist strafbar.</P><P>(3) Stellt sich der Täter innerhalb eines Monats und ist er bereit, der Verpflichtung zum Wehrdienst nachzukommen, so ist die Strafe Freiheitsstrafe bis zu drei Jahren.</P><P>(4) Die Vorschriften über den Versuch der Beteiligung nach § 30 Abs. 1 des Strafgesetzbuches gelten für Straftaten nach Absatz 1 entsprechend.</P></Content>   </text></textdaten></norm>
<norm builddate="20250225223003" doknr="BJNR002980957BJNE002600315"><metadaten><jurabk>WStrG</jurabk><enbez>§ 17</enbez><titel format="parat">Selbstverstümmelung</titel></metadaten><textdaten><text format="XML"><Content><P>(1) Wer sich oder einen anderen Soldaten mit dessen Einwilligung durch Verstümmelung oder auf andere Weise zum Wehrdienst untauglich macht oder machen läßt, wird mit Freiheitsstrafe bis zu fünf Jahren bestraft. Dies gilt auch dann, wenn der Täter die Untauglichkeit nur für eine gewisse Zeit oder teilweise herbeiführt.</P><P>(2) Der Versuch ist strafbar.</P></Content> </text></textdaten></norm>
<norm builddate="20250225223003" doknr="BJNR002980957BJNE002700315"><metadaten><jurabk>WStrG</jurabk><enbez>§ 18</enbez><titel format="parat">Dienstentziehung durch Täuschung</titel></metadaten><textdaten><text format="XML"><Content><P>(1) Wer sich oder einen anderen Soldaten durch arglistige, auf Täuschung berechnete Machenschaften dem Wehrdienst dauernd oder für eine gewisse Zeit, ganz oder teilweise entzieht, wird mit Freiheitsstrafe bis zu fünf Jahren bestraft.</P><P>(2) Der Versuch ist strafbar.</P></Content> </text></textdaten></norm>
<norm builddate="20250225223003" doknr="BJNR002980957BJNG000400315"><metadaten><jurabk>WStrG</jurabk><gliederungseinheit><gliederungskennzahl>020020</gliederungskennzahl><gliederungsbez>Zweiter Abschnitt</gliederungsbez><gliederungstitel>Straftaten gegen die
Pflichten der Untergebenen</gliederungstitel></gliederungseinheit></metadaten><textdaten><text format="XML"><Content><P/></Content></text></textdaten></norm>
<norm builddate="20250225223003" doknr="BJNR002980957BJNE002801307"><metadaten><jurabk>WStrG</jurabk><enbez>§ 19</enbez><titel format="parat">Ungehorsam</titel></metadaten><textdaten><text format="XML"><Content><P>(1) Wer einen Befehl nicht befolgt und dadurch wenigstens fahrlässig eine schwerwiegende Folge (§ 2 Nr. 3) verursacht, wird mit Freiheitsstrafe bis zu drei Jahren bestraft.</P><P>(2) Der Versuch ist strafbar.</P><P>(3) In besonders schweren Fällen ist die Strafe Freiheitsstrafe von sechs Monaten bis zu fünf Jahren. Ein besonders schwerer Fall liegt in der Regel vor, wenn der Täter durch die Tat <DL Font="normal" Type="arabic"><DT>1.</DT><DD Font="normal"><LA Size="normal">wenigstens fahrlässig die Gefahr eines schweren Nachteils für die Sicherheit der Bundesrepublik Deutschland oder die Schlagkraft der Truppe oder</LA></DD> <DT>2.</DT><DD Font="normal"><LA Size="normal">fahrlässig den Tod oder eine schwere Körperverletzung eines anderen (§ 226 des Strafgesetzbuches)</LA></DD> </DL>verursacht.</P><P>(4) Die Vorschriften über den Versuch der Beteiligung nach § 30 Abs. 1 des Strafgesetzbuches gelten für Straftaten nach Absatz 1 entsprechend.</P></Content>   </text><fussnoten/></textdaten></norm>
<norm builddate="20250225223003" doknr="BJNR002980957BJNE002900315"><metadaten><jurabk>WStrG</jurabk><enbez>§ 20</enbez><titel format="parat">Gehorsamsverweigerung</titel></metadaten><textdaten><text format="XML"><Content><P>(1) Mit Freiheitsstrafe bis zu drei Jahren wird bestraft, <DL Font="normal" Type="arabic"><DT>1.</DT><DD Font="normal"><LA Size="normal">wer die Befolgung eines Befehls dadurch verweigert, daß er sich mit Wort oder Tat gegen ihn auflehnt, oder</LA></DD> <DT>2.</DT><DD Font="normal"><LA Size="normal">wer darauf beharrt, einen Befehl nicht zu befolgen, nachdem dieser wiederholt worden ist.</LA></DD> </DL> </P><P>(2) Verweigert der Täter in den Fällen des Absatzes 1 Nr. 1 den Gehorsam gegenüber einem Befehl, der nicht sofort auszuführen ist, befolgt er ihn aber rechtzeitig und freiwillig, so kann das Gericht von Strafe absehen.</P></Content></text></textdaten></norm>
<norm builddate="20250225223003" doknr="BJNR002980957BJNE003000315"><metadaten><jurabk>WStrG</jurabk><enbez>§ 21</enbez><titel format="parat">Leichtfertiges Nichtbefolgen eines Befehls</titel></metadaten><textdaten><text format="XML"><Content><P>Wer leichtfertig einen Befehl nicht befolgt und dadurch wenigstens fahrlässig eine schwerwiegende Folge (§ 2 Nr. 3) verursacht, wird mit Freiheitsstrafe bis zu zwei Jahren bestraft.</P></Content></text></textdaten></norm>
<norm builddate="20250225223003" doknr="BJNR002980957BJNE003100315"><metadaten><jurabk>WStrG</jurabk><enbez>§ 22</enbez><titel format="parat">Verbindlichkeit des Befehls, Irrtum</titel></metadaten><textdaten><text format="XML"><Content><P>(1) In den Fällen der §§ 19 bis 21 handelt der Untergebene nicht rechtswidrig, wenn der Befehl nicht verbindlich ist, insbesondere wenn er nicht zu dienstlichen Zwecken erteilt ist oder die Menschenwürde verletzt oder wenn durch das Befolgen eine Straftat begangen würde. Dies gilt auch, wenn der Untergebene irrig annimmt, der Befehl sei verbindlich.</P><P>(2) Befolgt ein Untergebener einen Befehl nicht, weil er irrig annimmt, daß durch die Ausführung eine Straftat begangen würde, so ist er nach den §§ 19 bis 21 nicht strafbar, wenn er den Irrtum nicht vermeiden konnte.</P><P>(3) Nimmt ein Untergebener irrig an, daß ein Befehl aus anderen Gründen nicht verbindlich ist, und befolgt er ihn deshalb nicht, so ist er nach den §§ 19 bis 21 nicht strafbar, wenn er den Irrtum nicht vermeiden konnte und ihm nach den ihm bekannten Umständen auch nicht zuzumuten war, sich mit Rechtsbehelfen gegen den vermeintlich nicht verbindlichen Befehl zu wehren; war ihm dies zuzumuten, so kann das Gericht von einer Bestrafung nach den §§ 19 bis 21 absehen.</P></Content>  </text></textdaten></norm>
<norm builddate="20250225223003" doknr="BJNR002980957BJNE003200315"><metadaten><jurabk>WStrG</jurabk><enbez>§ 23</enbez><titel format="parat">Bedrohung eines Vorgesetzten</titel></metadaten><textdaten><text format="XML"><Content><P>Wer im Dienst oder in Beziehung auf eine Diensthandlung einen Vorgesetzten mit der Begehung einer Straftat bedroht, wird mit Freiheitsstrafe bis zu drei Jahren bestraft.</P></Content></text></textdaten></norm>
<norm builddate="20250225223003" doknr="BJNR002980957BJNE003300315"><metadaten><jurabk>WStrG</jurabk><enbez>§ 24</enbez><titel format="parat">Nötigung eines Vorgesetzten</titel></metadaten><textdaten><text format="XML"><Content><P>(1) Wer es unternimmt, durch Gewalt oder Drohung einen Vorgesetzten zu nötigen, eine Diensthandlung vorzunehmen oder zu unterlassen, wird mit Freiheitsstrafe von drei Monaten bis zu drei Jahren bestraft.</P><P>(2) Ebenso wird bestraft, wer die Tat gegen einen Soldaten begeht, der zur Unterstützung des Vorgesetzten zugezogen worden ist.</P><P>(3) In minder schweren Fällen ist die Strafe Freiheitsstrafe bis zu zwei Jahren.</P><P>(4) In besonders schweren Fällen ist die Strafe Freiheitsstrafe von sechs Monaten bis zu fünf Jahren. Ein besonders schwerer Fall liegt in der Regel vor, wenn der Täter durch die Tat eine schwerwiegende Folge (§ 2 Nr. 3) herbeiführt.</P></Content>   </text></textdaten></norm>
<norm builddate="20250225223003" doknr="BJNR002980957BJNE003400315"><metadaten><jurabk>WStrG</jurabk><enbez>§ 25</enbez><titel format="parat">Tätlicher Angriff gegen einen Vorgesetzten</titel></metadaten><textdaten><text format="XML"><Content><P>(1) Wer es unternimmt, gegen einen Vorgesetzten tätlich zu werden, wird mit Freiheitsstrafe von drei Monaten bis zu drei Jahren bestraft.</P><P>(2) In minder schweren Fällen ist die Strafe Freiheitsstrafe bis zu zwei Jahren.</P><P>(3) In besonders schweren Fällen ist die Strafe Freiheitsstrafe von sechs Monaten bis zu fünf Jahren. Ein besonders schwerer Fall liegt in der Regel vor, wenn der Täter durch die Tat eine schwerwiegende Folge (§ 2 Nr. 3) herbeiführt.</P></Content>  </text></textdaten></norm>
<norm builddate="20250225223003" doknr="BJNR002980957BJNE003500315"><metadaten><jurabk>WStrG</jurabk><enbez>§ 26</enbez></metadaten><textdaten><text format="XML"><Content><P>(weggefallen)</P></Content></text></textdaten></norm>
<norm builddate="20250225223003" doknr="BJNR002980957BJNE003600315"><metadaten><jurabk>WStrG</jurabk><enbez>§ 27</enbez><titel format="parat">Meuterei</titel></metadaten><textdaten><text format="XML"><Content><P>(1) Wenn Soldaten sich zusammenrotten und mit vereinten Kräften eine Gehorsamsverweigerung (§ 20), eine Bedrohung (§ 23), eine Nötigung (§ 24) oder einen tätlichen Angriff (§ 25) begehen, so wird jeder, der sich an der Zusammenrottung beteiligt, mit Freiheitsstrafe von sechs Monaten bis zu fünf Jahren bestraft.</P><P>(2) Der Versuch ist strafbar.</P><P>(3) In besonders schweren Fällen ist die Strafe Freiheitsstrafe von einem Jahr bis zu zehn Jahren. Ein besonders schwerer Fall liegt in der Regel vor, wenn der Täter Rädelsführer ist oder durch die Tat eine schwerwiegende Folge (§ 2 Nr. 3) herbeiführt.</P><P>(4) Wer sich nur an der Zusammenrottung beteiligt, jedoch freiwillig zur Ordnung zurückkehrt, bevor eine der in Absatz 1 bezeichneten Taten begangen wird, wird mit Freiheitsstrafe bis zu drei Jahren bestraft.</P></Content>   </text></textdaten></norm>
<norm builddate="20250225223003" doknr="BJNR002980957BJNE003700315"><metadaten><jurabk>WStrG</jurabk><enbez>§ 28</enbez><titel format="XML">Verabredung zur Unbotmäßigkeit</titel></metadaten><textdaten><text format="XML"><Content><P>(1) Verabreden Soldaten, gemeinschaftlich eine Gehorsamsverweigerung (§ 20), eine Bedrohung (§ 23), eine Nötigung (§ 24), einen tätlichen Angriff (§ 25) oder eine Meuterei (§ 27) zu begehen, so werden sie nach den Vorschriften bestraft, die für die Begehung der Tat gelten. In den Fällen des § 27 kann die Strafe nach § 49 Abs. 1 des Strafgesetzbuches gemildert werden.</P><P>(2) Nach Absatz 1 wird nicht bestraft, wer nach der Verabredung freiwillig die Tat verhindert. Unterbleibt sie ohne sein Zutun oder wird sie unabhängig von seinem früheren Verhalten begangen, so genügt zu seiner Straflosigkeit sein freiwilliges und ernsthaftes Bemühen, die Tat zu verhindern.</P></Content></text></textdaten></norm>
<norm builddate="20250225223003" doknr="BJNR002980957BJNE003800315"><metadaten><jurabk>WStrG</jurabk><enbez>§ 29</enbez><titel format="XML">Taten gegen Soldaten mit höherem Dienstgrad</titel></metadaten><textdaten><text format="XML"><Content><P>(1) Die §§ 23 bis 28 gelten entsprechend, wenn die Tat gegen einen Soldaten begangen wird, der zur Zeit der Tat nicht Vorgesetzter des Täters, aber <DL Font="normal" Type="arabic"><DT>1.</DT><DD Font="normal"><LA Size="normal">Offizier oder Unteroffizier ist und einen höheren Dienstgrad als der Täter hat oder</LA></DD><DT>2.</DT><DD Font="normal"><LA Size="normal">im Dienst dessen Vorgesetzter ist,</LA></DD></DL>und der Täter oder der andere zur Zeit der Tat im Dienst ist oder die Tat sich auf eine Diensthandlung bezieht.</P><P>(2) In den Fällen des Absatzes 1 Nr. 1 ist § 4 nicht anzuwenden.</P></Content></text></textdaten></norm>
<norm builddate="20250225223003" doknr="BJNR002980957BJNG000500315"><metadaten><jurabk>WStrG</jurabk><gliederungseinheit><gliederungskennzahl>020030</gliederungskennzahl><gliederungsbez>Dritter Abschnitt</gliederungsbez><gliederungstitel>Straftaten gegen die Pflichten
der Vorgesetzten</gliederungstitel></gliederungseinheit></metadaten><textdaten><text format="XML"><Content><P/></Content></text></textdaten></norm>
<norm builddate="20250225223003" doknr="BJNR002980957BJNE003900315"><metadaten><jurabk>WStrG</jurabk><enbez>§ 30</enbez><titel format="parat">Mißhandlung</titel></metadaten><textdaten><text format="XML"><Content><P>(1) Wer einen Untergebenen körperlich mißhandelt oder an der Gesundheit beschädigt, wird mit Freiheitsstrafe von drei Monaten bis zu fünf Jahren bestraft.</P><P>(2) Ebenso wird bestraft, wer es fördert oder pflichtwidrig duldet, daß ein Untergebener die Tat gegen einen anderen Soldaten begeht.</P><P>(3) In minder schweren Fällen ist die Strafe Freiheitsstrafe bis zu drei Jahren.</P><P>(4) In besonders schweren Fällen ist die Strafe Freiheitsstrafe von sechs Monaten bis zu fünf Jahren. Ein besonders schwerer Fall liegt in der Regel vor, wenn der Täter sein Verhalten beharrlich wiederholt.</P></Content>   </text></textdaten></norm>
<norm builddate="20250225223003" doknr="BJNR002980957BJNE004000315"><metadaten><jurabk>WStrG</jurabk><enbez>§ 31</enbez><titel format="parat">Entwürdigende Behandlung</titel></metadaten><textdaten><text format="XML"><Content><P>(1) Wer einen Untergebenen entwürdigend behandelt oder ihm böswillig den Dienst erschwert, wird mit Freiheitsstrafe bis zu fünf Jahren bestraft.</P><P>(2) Ebenso wird bestraft, wer es fördert oder pflichtwidrig duldet, daß ein Untergebener die Tat gegen einen anderen Soldaten begeht.</P><P>(3) In besonders schweren Fällen ist die Strafe Freiheitsstrafe von sechs Monaten bis zu fünf Jahren. Ein besonders schwerer Fall liegt in der Regel vor, wenn der Täter sein Verhalten beharrlich wiederholt.</P></Content>  </text></textdaten></norm>
<norm builddate="20250225223003" doknr="BJNR002980957BJNE004100315"><metadaten><jurabk>WStrG</jurabk><enbez>§ 32</enbez><titel format="parat">Mißbrauch der Befehlsbefugnis zu unzulässigen Zwecken</titel></metadaten><textdaten><text format="XML"><Content><P>Wer seine Befehlsbefugnis oder Dienststellung gegenüber einem Untergebenen zu Befehlen, Forderungen oder Zumutungen mißbraucht, die nicht in Beziehung zum Dienst stehen oder dienstlichen Zwecken zuwiderlaufen, wird mit Freiheitsstrafe bis zu zwei Jahren bestraft, wenn die Tat nicht in anderen Vorschriften mit schwererer Strafe bedroht ist.</P></Content></text></textdaten></norm>
<norm builddate="20250225223003" doknr="BJNR002980957BJNE004200315"><metadaten><jurabk>WStrG</jurabk><enbez>§ 33</enbez><titel format="parat">Verleiten zu einer rechtswidrigen Tat</titel></metadaten><textdaten><text format="XML"><Content><P>Wer durch Mißbrauch seiner Befehlsbefugnis oder Dienststellung einen Untergebenen zu einer von diesem begangenen rechtswidrigen Tat bestimmt hat, die den Tatbestand eines Strafgesetzes verwirklicht, wird nach den Vorschriften bestraft, die für die Begehung der Tat gelten. Die Strafe kann bis auf das Doppelte der sonst zulässigen Höchststrafe, jedoch nicht über das gesetzliche Höchstmaß der angedrohten Strafe hinaus erhöht werden.</P></Content></text></textdaten></norm>
<norm builddate="20250225223003" doknr="BJNR002980957BJNE004300315"><metadaten><jurabk>WStrG</jurabk><enbez>§ 34</enbez><titel format="parat">Erfolgloses Verleiten zu einer rechtswidrigen Tat</titel></metadaten><textdaten><text format="XML"><Content><P>(1) Wer durch Mißbrauch seiner Befehlsbefugnis oder Dienststellung einen Untergebenen zu bestimmen versucht, eine rechtswidrige Tat, die den Tatbestand eines Strafgesetzes verwirklicht, zu begehen oder zu ihr anzustiften, wird nach den für die Begehung der Tat geltenden Vorschriften bestraft. Jedoch kann die Strafe nach § 49 Abs. 1 des Strafgesetzbuches gemildert werden.</P><P>(2) Nach Absatz 1 wird nicht bestraft, wer freiwillig den Versuch aufgibt, den Untergebenen zu bestimmen, und eine etwa bestehende Gefahr, daß der Untergebene die Tat begeht, abwendet. Unterbleibt die Tat ohne Zutun des Zurücktretenden oder wird sie unabhängig von seinem früheren Verhalten begangen, so genügt zu seiner Straflosigkeit sein freiwilliges und ernsthaftes Bemühen, die Tat zu verhindern.</P></Content> </text></textdaten></norm>
<norm builddate="20250225223003" doknr="BJNR002980957BJNE004400315"><metadaten><jurabk>WStrG</jurabk><enbez>§ 35</enbez><titel format="parat">Unterdrücken von Beschwerden</titel></metadaten><textdaten><text format="XML"><Content><P>(1) Wer einen Untergebenen durch Befehle, Drohungen, Versprechungen, Geschenke oder sonst auf pflichtwidrige Weise davon abhält, Eingaben, Meldungen oder Beschwerden bei der Volksvertretung der Bundesrepublik Deutschland oder eines ihrer Länder, bei dem Wehrbeauftragten des Bundestages, bei einer Dienststelle oder bei einem Vorgesetzten anzubringen, Anzeige zu erstatten oder von einem Rechtsbehelf Gebrauch zu machen, wird mit Freiheitsstrafe bis zu drei Jahren bestraft.</P><P>(2) Ebenso wird bestraft, wer eine solche Erklärung, zu deren Prüfung oder Weitergabe er dienstlich verpflichtet ist, unterdrückt.</P><P>(3) Der Versuch ist strafbar.</P></Content>  </text></textdaten></norm>
<norm builddate="20250225223003" doknr="BJNR002980957BJNE004500315"><metadaten><jurabk>WStrG</jurabk><enbez>§ 36</enbez><titel format="parat">Taten von Soldaten mit höherem Dienstgrad</titel></metadaten><textdaten><text format="XML"><Content><P>(1) Die §§ 30 bis 35 gelten entsprechend für Taten eines Soldaten, der zur Zeit der Tat nicht Vorgesetzter des anderen, aber <DL Font="normal" Type="arabic"><DT>1.</DT><DD Font="normal"><LA Size="normal">Offizier oder Unteroffizier ist und einen höheren Dienstgrad als der andere hat oder</LA></DD> <DT>2.</DT><DD Font="normal"><LA Size="normal">im Dienst dessen Vorgesetzter ist</LA></DD> </DL>und der bei der Tat seine Dienststellung mißbraucht.</P><P>(2) In den Fällen des Absatzes 1 Nr. 1 ist § 4 nicht anzuwenden.</P></Content> </text></textdaten></norm>
<norm builddate="20250225223003" doknr="BJNR002980957BJNE004600315"><metadaten><jurabk>WStrG</jurabk><enbez>§ 37</enbez><titel format="parat">Beeinflussung der Rechtspflege</titel></metadaten><textdaten><text format="XML"><Content><P>Wer es unternimmt, durch Mißbrauch seiner Befehlsbefugnis oder Dienststellung unzulässigen Einfluß auf Soldaten zu nehmen, die als Organe der Rechtspflege tätig sind, wird mit Freiheitsstrafe bis zu fünf Jahren bestraft, wenn die Tat nicht in anderen Vorschriften mit schwererer Strafe bedroht ist.</P></Content></text></textdaten></norm>
<norm builddate="20250225223003" doknr="BJNR002980957BJNE004701377"><metadaten><jurabk>WStrG</jurabk><enbez>§ 38</enbez><titel format="parat">Anmaßen von Befehlsbefugnissen</titel></metadaten><textdaten><text format="XML"><Content><P>Wer sich Befehlsbefugnis oder Disziplinarbefugnis anmaßt oder seine Befehlsbefugnis oder Disziplinarbefugnis überschreitet, wird mit Freiheitsstrafe bis zu zwei Jahren bestraft, wenn die Tat nicht in § 39 mit Strafe bedroht ist.</P></Content></text><fussnoten/></textdaten></norm>
<norm builddate="20250225223003" doknr="BJNR002980957BJNE004801377"><metadaten><jurabk>WStrG</jurabk><enbez>§ 39</enbez><titel format="parat">Mißbrauch der Disziplinarbefugnis</titel></metadaten><textdaten><text format="XML"><Content><P>Ein Disziplinarvorgesetzter, der absichtlich oder wissentlich <DL Font="normal" Type="arabic"><DT>1.</DT><DD Font="normal"><LA Size="normal">einen Untergebenen, der nach dem Gesetz nicht disziplinarrechtlich verfolgt werden darf, disziplinarrechtlich verfolgt oder auf eine solche Verfolgung hinwirkt,</LA></DD> <DT>2.</DT><DD Font="normal"><LA Size="normal">zum Nachteil des Untergebenen eine Disziplinarmaßnahme verhängt, die nach Art oder Höhe im Gesetz nicht vorgesehen ist oder die er nicht verhängen darf, oder</LA></DD> <DT>3.</DT><DD Font="normal"><LA Size="normal">ein Dienstvergehen mit unerlaubten Maßnahmen ahndet,</LA></DD> </DL>wird mit Freiheitsstrafe bis zu fünf Jahren bestraft.</P></Content></text><fussnoten/></textdaten></norm>
<norm builddate="20250225223003" doknr="BJNR002980957BJNE004900315"><metadaten><jurabk>WStrG</jurabk><enbez>§ 40</enbez><titel format="parat">Unterlassene Mitwirkung bei Strafverfahren</titel></metadaten><textdaten><text format="XML"><Content><P>Wer es seiner Pflicht als Vorgesetzter zuwider unterläßt, <DL Font="normal" Type="arabic"><DT>1.</DT><DD Font="normal"><LA Size="normal">den Verdacht zu melden oder zu untersuchen, daß ein Untergebener eine rechtswidrige Tat begangen hat, die den Tatbestand eines Strafgesetzes verwirklicht, oder</LA></DD> <DT>2.</DT><DD Font="normal"><LA Size="normal">eine solche Sache an die Strafverfolgungsbehörde abzugeben,</LA></DD> </DL>um den Untergebenen der im Gesetz vorgesehenen Strafe oder Maßnahme (§ 11 Abs. 1 Nr. 8 des Strafgesetzbuches) zu entziehen, wird mit Freiheitsstrafe bis zu drei Jahren bestraft.</P></Content></text></textdaten></norm>
<norm builddate="20250225223003" doknr="BJNR002980957BJNE005000315"><metadaten><jurabk>WStrG</jurabk><enbez>§ 41</enbez><titel format="parat">Mangelhafte Dienstaufsicht</titel></metadaten><textdaten><text format="XML"><Content><P>(1) Wer es unterläßt, Untergebene pflichtgemäß zu beaufsichtigen oder beaufsichtigen zu lassen, und dadurch wenigstens fahrlässig eine schwerwiegende Folge (§ 2 Nr. 3) verursacht, wird mit Freiheitsstrafe bis zu drei Jahren bestraft.</P><P>(2) Der Versuch ist strafbar.</P><P>(3) Wer die Aufsichtspflicht leichtfertig verletzt und dadurch wenigstens fahrlässig eine schwerwiegende Folge verursacht, wird mit Freiheitsstrafe bis zu sechs Monaten bestraft.</P><P>(4) Die Absätze 1 bis 3 sind nicht anzuwenden, wenn die Tat in anderen Vorschriften mit schwererer Strafe bedroht ist.</P></Content>   </text></textdaten></norm>
<norm builddate="20250225223003" doknr="BJNR002980957BJNG000600315"><metadaten><jurabk>WStrG</jurabk><gliederungseinheit><gliederungskennzahl>020040</gliederungskennzahl><gliederungsbez>Vierter Abschnitt</gliederungsbez><gliederungstitel>Straftaten gegen andere
militärische Pflichten</gliederungstitel></gliederungseinheit></metadaten><textdaten><text format="XML"><Content><P/></Content></text></textdaten></norm>
<norm builddate="20250225223003" doknr="BJNR002980957BJNE005100315"><metadaten><jurabk>WStrG</jurabk><enbez>§ 42</enbez><titel format="parat">Unwahre dienstliche Meldung</titel></metadaten><textdaten><text format="XML"><Content><P>(1) Wer <DL Font="normal" Type="arabic"><DT>1.</DT><DD Font="normal"><LA Size="normal">in einer dienstlichen Meldung oder Erklärung unwahre Angaben über Tatsachen von dienstlicher Bedeutung macht,</LA></DD> <DT>2.</DT><DD Font="normal"><LA Size="normal">eine solche Meldung weitergibt, ohne sie pflichtgemäß zu berichtigen, oder</LA></DD> <DT>3.</DT><DD Font="normal"><LA Size="normal">eine dienstliche Meldung unrichtig übermittelt</LA></DD> </DL>und dadurch wenigstens fahrlässig eine schwerwiegende Folge (§ 2 Nr. 3) verursacht, wird mit Freiheitsstrafe bis zu drei Jahren bestraft.</P><P>(2) Der Versuch ist strafbar.</P><P>(3) Wer im Falle des Absatzes 1 leichtfertig handelt und die schwerwiegende Folge wenigstens fahrlässig verursacht, wird mit Freiheitsstrafe bis zu einem Jahr bestraft.</P></Content>  </text></textdaten></norm>
<norm builddate="20250225223003" doknr="BJNR002980957BJNE005200315"><metadaten><jurabk>WStrG</jurabk><enbez>§ 43</enbez><titel format="parat">Unterlassene Meldung</titel></metadaten><textdaten><text format="XML"><Content><P>(1) Wer von dem Vorhaben oder der Ausführung einer Meuterei (§ 27) oder einer Sabotage (§ 109e Abs. 1 des Strafgesetzbuches) zu einer Zeit, zu der die Ausführung oder der Erfolg noch abgewendet werden kann, glaubhaft erfährt und es unterläßt, unverzüglich Meldung zu machen, wird mit Freiheitsstrafe bis zu drei Jahren bestraft.</P><P>(2) § 139 des Strafgesetzbuches gilt entsprechend.</P></Content> </text></textdaten></norm>
<norm builddate="20250225223003" doknr="BJNR002980957BJNE005300315"><metadaten><jurabk>WStrG</jurabk><enbez>§ 44</enbez><titel format="parat">Wachverfehlung</titel></metadaten><textdaten><text format="XML"><Content><P>(1) Wer im Wachdienst <DL Font="normal" Type="arabic"><DT>1.</DT><DD Font="normal"><LA Size="normal">als Wachvorgesetzter es unterläßt, die Wache pflichtgemäß zu beaufsichtigen,</LA></DD> <DT>2.</DT><DD Font="normal"><LA Size="normal">pflichtwidrig seinen Postenbereich oder Streifenweg verläßt oder</LA></DD> <DT>3.</DT><DD Font="normal"><LA Size="normal">sich außerstande setzt, seinen Dienst zu versehen,</LA></DD> </DL>wird mit Freiheitsstrafe bis zu drei Jahren bestraft.</P><P>(2) Ebenso wird bestraft, wer im Wachdienst in anderen als den in Absatz 1 bezeichneten Fällen Befehle nicht befolgt, die für den Wachdienst gelten, und dadurch wenigstens fahrlässig eine schwerwiegende Folge (§ 2 Nr. 3) verursacht.</P><P>(3) Der Versuch ist strafbar.</P><P>(4) In besonders schweren Fällen ist die Strafe Freiheitsstrafe von sechs Monaten bis zu fünf Jahren. § 19 Abs. 3 Satz 2 gilt entsprechend.</P><P>(5) Wer in den Fällen der Absätze 1 oder 2 fahrlässig handelt und dadurch wenigstens fahrlässig eine schwerwiegende Folge verursacht (§ 2 Nr. 3), wird mit Freiheitsstrafe bis zu zwei Jahren bestraft.</P><P>(6) Wird ein Befehl nicht befolgt (Absatz 2), so gelten § 22 sowie die Vorschriften über den Versuch der Beteiligung nach § 30 Abs. 1 des Strafgesetzbuches entsprechend.</P></Content>     </text></textdaten></norm>
<norm builddate="20250225223003" doknr="BJNR002980957BJNE005400315"><metadaten><jurabk>WStrG</jurabk><enbez>§ 45</enbez><titel format="parat">Pflichtverletzung bei Sonderaufträgen</titel></metadaten><textdaten><text format="XML"><Content><P>Nach § 44 Abs. 1, 3 bis 6 wird auch bestraft, wer als Führer eines Kommandos oder einer Abteilung, der einen Sonderauftrag selbständig auszuführen hat und auf seine erhöhte Verantwortung hingewiesen worden ist, <DL Font="normal" Type="arabic"><DT>1.</DT><DD Font="normal"><LA Size="normal">sich außerstande setzt, den Auftrag pflichtgemäß zu erfüllen,</LA></DD> <DT>2.</DT><DD Font="normal"><LA Size="normal">seinen Posten verläßt oder</LA></DD> <DT>3.</DT><DD Font="normal"><LA Size="normal">Befehle nicht befolgt, die für die Ausführung des Auftrags gelten,</LA></DD> </DL>und dadurch wenigstens fahrlässig eine schwerwiegende Folge (§ 2 Nr. 3) verursacht.</P></Content></text></textdaten></norm>
<norm builddate="20250225223003" doknr="BJNR002980957BJNE005500315"><metadaten><jurabk>WStrG</jurabk><enbez>§ 46</enbez><titel format="parat">Rechtswidriger Waffengebrauch</titel></metadaten><textdaten><text format="XML"><Content><P>Wer von der Waffe einen rechtswidrigen Gebrauch macht, wird mit Freiheitsstrafe bis zu einem Jahr bestraft, wenn die Tat nicht in anderen Vorschriften mit schwererer Strafe bedroht ist.</P></Content></text></textdaten></norm>
<norm builddate="20250225223003" doknr="BJNR002980957BJNE005601130"><metadaten><jurabk>WStrG</jurabk><enbez>§ 47</enbez><titel format="XML">Tätigkeit für eine fremde Macht</titel></metadaten><textdaten><text format="XML"><Content><P>(1) Wer als Soldat oder früherer Soldat ohne die nach § 20 oder § 20a des Soldatengesetzes erforderliche Genehmigung eine Tätigkeit für eine fremde Macht oder einen ihrer Mittelsmänner ausübt, wird mit Freiheitsstrafe bis zu drei Jahren oder mit Geldstrafe bestraft.</P><P>(2) Wer in den Fällen des Absatzes 1 leichtfertig handelt, wird mit Freiheitsstrafe bis zu einem Jahr oder mit Geldstrafe bestraft.</P><P>(3) Die Tat ist nicht strafbar, wenn eine Gefahr für die Sicherheitsinteressen der Bundesrepublik Deutschland auf Grund der ausgeübten Tätigkeit offensichtlich ausgeschlossen werden kann.</P><P>(4) Die Tat wird nur mit Ermächtigung des Bundesministeriums der Verteidigung verfolgt.</P><P>(5) Das Gericht kann die Strafe nach seinem Ermessen mildern (§ 49 Absatz 2 des Strafgesetzbuches) oder von einer Bestrafung nach diesen Vorschriften absehen, wenn der Täter freiwillig sein Verhalten aufgibt und sein Wissen einer Dienststelle offenbart. Ist der Täter von der fremden Macht oder einem ihrer Mittelsmänner zu seinem Verhalten gedrängt worden, so wird er nach diesen Vorschriften nicht bestraft, wenn er freiwillig sein Verhalten aufgibt und sein Wissen unverzüglich einer Dienststelle offenbart.</P></Content></text><fussnoten/></textdaten></norm>
<norm builddate="20250225223003" doknr="BJNR002980957BJNE005704123"><metadaten><jurabk>WStrG</jurabk><enbez>§ 48</enbez><titel format="XML">Verletzung anderer Dienstpflichten</titel></metadaten><textdaten><text format="XML"><Content><P>(1) Für die Anwendung der Vorschriften des Strafgesetzbuches über <DL Font="normal" Type="arabic"><DT/><DD Font="normal"><LA Size="normal">Gefangenenbefreiung (§ 120 Abs. 2),</LA><LA Size="normal">Verletzung der Vertraulichkeit des Wortes (§ 201 Abs. 3),</LA><LA Size="normal">Verletzung von Privatgeheimnissen (§ 203 Absatz 2, 5 und 6, §§ 204, 205),</LA><LA Size="normal">Verletzung des Post- oder Fernmeldegeheimnisses (§ 206 Abs. 4),</LA><LA Size="normal">Vorteilsannahme und Bestechlichkeit (§§ 331, 332, 335 Abs. 1 Nr. 1 Buchstabe a, Abs. 2, § 336),</LA><LA Size="normal">Körperverletzung im Amt (§ 340),</LA><LA Size="normal">Aussageerpressung (§ 343),</LA><LA Size="normal">Vollstreckung gegen Unschuldige (§ 345),</LA><LA Size="normal">Falschbeurkundung im Amt (§ 348) und</LA><LA Size="normal">Verletzung des Dienstgeheimnisses (§ 353b Abs. 1)</LA></DD></DL>stehen Offiziere und Unteroffiziere den Amtsträgern und ihr Wehrdienst dem Amt gleich.</P><P>(2) Für die Anwendung der Vorschriften des Strafgesetzbuches über Gefangenenbefreiung (§ 120 Abs. 2), Vorteilsannahme und Bestechlichkeit (§§ 331, 332, 335 Absatz 1 Nummer 1 Buchstabe a, Absatz 2, § 336), Falschbeurkundung im Amt (§ 348) und Verletzung des Dienstgeheimnisses (§ 353b Abs. 1) stehen auch Mannschaften den Amtsträgern und ihr Wehrdienst dem Amt gleich.</P></Content></text><fussnoten/></textdaten></norm>
</dokumente>