<?xml version="1.0" encoding="UTF-8" ?><!DOCTYPE dokumente SYSTEM "http://www.gesetze-im-internet.de/dtd/1.01/gii-norm.dtd">
<dokumente builddate="20130405133139" doknr="DDNR000190966"><norm builddate="20130405133139" doknr="DDNR000190966"><metadaten><jurabk>LehrErzVDBest 1</jurabk><ausfertigung-datum manuell="ja">1966-01-05</ausfertigung-datum><fundstelle typ="amtlich"><periodikum>GBl DDR II</periodikum><zitstelle>1966, 19</zitstelle></fundstelle><fundstelle typ="amtlich"><periodikum>GBl DDR II</periodikum><zitstelle>1966, Nr 5, 19</zitstelle></fundstelle><kurzue>Fürsorge- und Aufsichtsordnung</kurzue><langue>Erste Durchführungsbestimmung zur Verordnung über die Pflichten und
Rechte der Lehrkräfte und Erzieher - Arbeitsordnung für pädagogische Kräfte der
Volksbildung -</langue></metadaten><textdaten><text format="XML"><Content><P/></Content></text><fussnoten><Content><P>Im beigetretenen Gebiet fortgeltendes Recht der ehem. Deutschen Demokratischen Republik gem. Anlage II Kap. X Sachg. B Abschn. I Nr. 2 nach Maßgabe d. Art. 9 EinigVtr v. 31.8.1990 iVm Art. 1 G v. 23.9.1990 II 885, 1219 mWv 3.10.1990. <BR/>(+++ Textnachweis Geltung ab:  3.10.1990 +++)</P></Content></fussnoten></textdaten></norm>
<norm builddate="20130405133139" doknr="DDNR000190966BJNE000400307"><metadaten><jurabk>LehrErzVDBest 1</jurabk><enbez>Eingangsformel</enbez></metadaten><textdaten><text format="XML"><Content><P>Auf Grund des § 21 der Verordnung vom 22. September 1962 über die Pflichten und Rechte der Lehrkräfte und Erzieher - Arbeitsordnung für pädagogische Kräfte der Volksbildung - (GBl. II S. 675) wird im Einvernehmen mit dem Vorsitzenden der Staatlichen Plankommission und dem Zentralvorstand der Gewerkschaft Unterricht und Erziehung zur Durchführung des § 2 Absätze 2 und 3 folgendes bestimmt:</P></Content></text></textdaten></norm>
<norm builddate="20130405133139" doknr="DDNR000190966BJNE000500307"><metadaten><jurabk>LehrErzVDBest 1</jurabk><enbez>§ 1</enbez><titel format="parat">Geltungsbereich</titel></metadaten><textdaten><text format="XML"><Content><P>Diese Durchführungsbestimmung gilt für den im § 1 der Verordnung über die Pflichten und Rechte der Lehrkräfte und Erzieher genannten Personenkreis.</P></Content></text></textdaten></norm>
<norm builddate="20130405133139" doknr="DDNR000190966BJNG000100307"><metadaten><jurabk>LehrErzVDBest 1</jurabk><gliederungseinheit><gliederungskennzahl>010</gliederungskennzahl><gliederungsbez>-</gliederungsbez><gliederungstitel>Inhalt und Umfang der Fürsorge und Aufsicht</gliederungstitel></gliederungseinheit></metadaten><textdaten><text format="XML"><Content><P/></Content></text></textdaten></norm>
<norm builddate="20130405133139" doknr="DDNR000190966BJNE000600307"><metadaten><jurabk>LehrErzVDBest 1</jurabk><enbez>§ 2</enbez></metadaten><textdaten><text format="XML"><Content><P>(1) Die Leiter, Lehrkräfte und Erzieher der Einrichtungen haben in Ausübung ihrer beruflichen Tätigkeit eine umfassende Fürsorge und Aufsicht der ihnen anvertrauten Kinder und Jugendlichen zu sichern.</P><P>(2) Ihnen obliegt insbesondere: <DL Font="normal" Type="arabic"><DT>a)</DT><DD Font="normal"><LA Size="normal">die ihnen anvertrauten Kinder und Jugendlichen zur Selbständigkeit und zum Verantwortungsbewußtsein für unsere sozialistische Gesellschaft zu erziehen,</LA></DD> <DT>b)</DT><DD Font="normal"><LA Size="normal">durch Bildung und Erziehung die Kinder und Jugendlichen zu befähigen, Gefahren zu erkennen,</LA></DD> <DT>c)</DT><DD Font="normal"><LA Size="normal">durch Erziehung der Kinder und Jugendlichen zu bewußter Disziplin zu sichern, daß richtiges Verhalten bei ihnen zur Gewohnheit wird,</LA></DD> <DT>d)</DT><DD Font="normal"><LA Size="normal">durch ihr Vorbild die Kinder und Jugendlichen zur Achtung des Volkseigentums zu erziehen, so daß sie es als ihre persönliche Verpflichtung und gesellschaftliche Notwendigkeit ansehen, Schäden und Unfälle zu vermeiden und selbst Vorschläge zu ihrer Verhütung machen,</LA></DD> <DT>e)</DT><DD Font="normal"><LA Size="normal">durch gute Vorbereitung, Gestaltung und Kontrolle der gesamten Bildungs- und Erziehungsarbeit Vorsorge zu treffen, daß die Kinder und Jugendlichen weder geistigen, sittlichen noch körperlichen oder materiellen Schaden erleiden, noch daß durch sie der sozialistischen Gesellschaft Schaden zugefügt wird.</LA></DD> </DL></P></Content> </text></textdaten></norm>
<norm builddate="20130405133139" doknr="DDNR000190966BJNE000700307"><metadaten><jurabk>LehrErzVDBest 1</jurabk><enbez>§ 3</enbez></metadaten><textdaten><text format="XML"><Content><P>(1) Die Fürsorge und Aufsicht erstreckt sich nach Maßgabe der §§ 5 bis 7 dieser Durchführungsbestimmung: <DL Font="normal" Type="arabic"><DT>a)</DT><DD Font="normal"><LA Size="normal">vom Betreten des Grundstücks der Einrichtung bis zu seinem Verlassen,</LA></DD> <DT>b)</DT><DD Font="normal"><LA Size="normal">bei obligatorischen und fakultativen Veranstaltungen außerhalb des Grundstücks der Einrichtung auf Zeit und Ort der gesamten Veranstaltung,</LA></DD> <DT>c)</DT><DD Font="normal"><LA Size="normal">auf die Unterrichtswege, d.h. auf die Wege zwischen dem Grundstück der Einrichtung und anderen Orten von Schulveranstaltungen (z.B. Schulgebäude - Sportplatz - Betriebsbesichtigung). Den Unterrichtswegen werden Wege während der Unterrichtszeit oder innerhalb der Ganztagserziehung gleichgestellt.</LA></DD> </DL> </P><P>(2) Der Schulweg, d.h. der Weg vom Elternhaus zur Einrichtung oder zum Ort der Schulveranstaltung und umgekehrt unterliegt nicht der Aufsicht durch die Einrichtung. Das gilt auch für die Wege vom Elternhaus zur außerunterrichtlichen Tätigkeit, zu Ferienveranstaltungen sowie für die Benutzung von öffentlichen oder privaten Verkehrsmitteln zur Einrichtung und den angeführten Veranstaltungen. Der Leiter soll jedoch im Zusammenwirken mit den Lehrern und Erziehern, der FDJ und Pionierorganisation, dem Elternbeirat und den Organen der Volkspolizei durch Aufklärung und Erziehung dafür Sorge tragen, daß die Sicherheit der Kinder auf dem Schulweg erhöht wird.</P></Content></text></textdaten></norm>
<norm builddate="20130405133139" doknr="DDNR000190966BJNE000800307"><metadaten><jurabk>LehrErzVDBest 1</jurabk><enbez>§ 4</enbez></metadaten><textdaten><text format="XML"><Content><P>Sind Leiter, Lehrkräfte und Erzieher an Veranstaltungen beteiligt, die außerhalb der Verantwortung der Schulen und Erziehungseinrichtungen liegen, richtet sich ihre Fürsorge und Aufsicht nach den für alle Bürger der Deutschen Demokratischen Republik geltenden gesetzlichen Bestimmungen.</P></Content></text></textdaten></norm>
<norm builddate="20130405133139" doknr="DDNR000190966BJNE000900307"><metadaten><jurabk>LehrErzVDBest 1</jurabk><enbez>§ 5</enbez><titel format="parat">Die Aufgaben des Leiters der Einrichtung</titel></metadaten><textdaten><text format="XML"><Content><P>(1) Der Leiter einer Einrichtung hat in Wahrnehmung der Aufgaben und Pflichten, die sich für ihn nach der Arbeitsschutzverordnung vom 22. September 1962 (GBl. II S. 703; Ber. S. 721) in der Fassung der Zweiten Arbeitsschutzverordnung vom 5. Dezember 1963 (GBl. II 1964 S. 15) ergeben, durch geeignete Anleitung und Kontrolle alle Voraussetzungen zu schaffen, daß die Lehrkräfte und Erzieher zur Aufsicht und Fürsorge gegenüber den ihnen anvertrauten Kindern und Jugendlichen befähigt werden.</P><P>(2) Er hat insbesondere regelmäßig die Lehrkräfte und Erzieher über Fürsorge- und Aufsichtsmaßnahmen zu belehren. Diese Belehrungen sind aktenkundig zu machen.</P><P>(3) Der Leiter hat darüber hinaus auch andere Personen (Eltern, Werktätige aus Betrieben usw.), die zur Betreuung der Schüler oder zur Unterstützung der Lehrkräfte und Erzieher bei schulischen oder außerschulischen Veranstaltungen gewonnen und von ihm bestätigt wurden, in die ihnen obliegenden Aufgaben der Fürsorge und Aufsicht einzuweisen.</P><P>(4) Der Leiter hat darauf zu dringen, daß hinsichtlich der Gebäude der Einrichtung und anderer Orte von Schulveranstaltungen (wie z.B. Sportplatz - Feriengestaltung - Badeplatz) die gesetzlichen Bestimmungen zur Beseitigung von Unfallquellen eingehalten werden. Vorhandene Schäden hat er unverzüglich zu melden und gegebenenfalls ihre Behebung von den zuständigen Stellen zu fordern. Er ist berechtigt und verpflichtet, notfalls die Benutzung der entsprechenden Räume und Orte zu untersagen.</P><P>(5) Werden für das jeweilige Unterrichtsfach nicht speziell ausgebildete Lehrer mit dem Unterricht beauftragt (z.B. beim Sport, Chemieunterricht usw.), hat der Leiter die besondere Verantwortung für Auswahl und eingehende Belehrung der betreffenden Lehrer.</P><P>(6) Der Leiter regelt in der Hausordnung, wie die in dieser Durchführungsbestimmung getroffenen Festlegungen unter den konkreten Bedingungen der jeweiligen Einrichtung durchzusetzen sind. Für die Planung und Organisation der Fürsorge und Aufsicht ist er voll verantwortlich.</P><P>(7) Der Leiter ist verpflichtet, Verletzungen dieser Durchführungsbestimmung mit allen Mitarbeitern in Zusammenarbeit mit der Abteilungsgewerkschaftsleitung bzw. Gewerkschaftsgruppe auszuwerten und die notwendigen Schlußfolgerungen zu ziehen. Schwere Verstöße hat er sofort seiner vorgesetzten Dienststelle zu melden.</P></Content>      </text></textdaten></norm>
<norm builddate="20130405133139" doknr="DDNR000190966BJNG000200307"><metadaten><jurabk>LehrErzVDBest 1</jurabk><gliederungseinheit><gliederungskennzahl>020</gliederungskennzahl><gliederungsbez>-</gliederungsbez><gliederungstitel>Pflichten und Rechte der Lehrkräfte und
Erzieher</gliederungstitel></gliederungseinheit></metadaten><textdaten><text format="XML"><Content><P/></Content></text></textdaten></norm>
<norm builddate="20130405133139" doknr="DDNR000190966BJNE001000307"><metadaten><jurabk>LehrErzVDBest 1</jurabk><enbez>§ 6</enbez></metadaten><textdaten><text format="XML"><Content><P>(1) Die Lehrkräfte und Erzieher sind für die Fürsorge und Aufsicht gegenüber den Kindern und Jugendlichen des ihnen anvertrauten Klassen- oder Gruppenverbandes verantwortlich.</P><P>(2) Sie haben insbesondere die Pflicht: <DL Font="normal" Type="arabic"><DT>-</DT><DD Font="normal"><LA Size="normal">die Umsicht und Gewandtheit der Kinder und Jugendlichen sowie die Hilfsbereitschaft der älteren Schüler gegenüber den jüngeren zu entwickeln und in ihnen Selbständigkeit, Selbstvertrauen und bewußtes Verhalten zu stärken;</LA></DD> <DT>-</DT><DD Font="normal"><LA Size="normal">zur Abwendung von Gefahren aufmerksam und umsichtig ihr ganzes fachliches Wissen und Können einzusetzen sowie stets mit vollem Einsatz ihrer Person und des persönlichen Mutes zu handeln;</LA></DD> <DT>-</DT><DD Font="normal"><LA Size="normal">regelmäßige Belehrungen über Gefahren- und Unfallquellen durchzuführen und sie im Klassenbuch einzutragen;</LA></DD> <DT>-</DT><DD Font="normal"><LA Size="normal">stets klare Weisungen zu erteilen, ihre Befolgung ständig zu überprüfen und notfalls zur Verhinderung von Unfällen und Schäden mit Nachdruck durchzusetzen.</LA></DD> </DL></P></Content> </text></textdaten></norm>
<norm builddate="20130405133139" doknr="DDNR000190966BJNE001100307"><metadaten><jurabk>LehrErzVDBest 1</jurabk><enbez>§ 7</enbez></metadaten><textdaten><text format="XML"><Content><P>(1) Soweit nicht Festlegungen in der Stundentafel entgegenstehen, dürfen Lehrer und Erzieher Schüler ab 7. Klasse sowie Lehrlinge in der Regel ohne persönliche Begleitung Unterrichtswege zurücklegen oder feststehende Warte- oder Pausenzeiten verbringen lassen, es sei denn, daß der Direktor oder Leiter aus besonderen Gründen eine andere Regelung trifft.</P><P>(2) Lehrkräfte und Erzieher haben das Recht, vom Direktor oder Leiter der Einrichtung eine Entscheidung darüber zu erwirken, ob und inwieweit auch Schüler bis zur 6. Klasse bei entsprechenden Voraussetzungen ohne persönliche Begleitung durch den Lehrer oder Erzieher Unterrichtswege zurücklegen oder bestimmte Warte- oder Pausenzeiten verbringen können. Als Voraussetzungen hierfür gelten gute, bewußte Disziplin der Klasse oder Gruppe sowie Wege und Orte ohne besondere Gefahrenquellen usw.</P><P>(3) In jedem Fall, in dem eine unmittelbare persönliche Begleitung nach vorstehender Regelung unterbleibt, sind die Schüler oder Lehrlinge vorher eingehend zu belehren. Besonders geeignete Schüler sind mit der Leitung der Klasse oder Gruppe zu beauftragen. Diese Beauftragung soll in geeigneten Fällen nach Absprache mit Vertretern der Jugend- und Kinderorganisation erfolgen.</P><P>(4) Lehrkräfte und Erzieher haben das Recht, im Rahmen der Erziehung der Jugend zur Selbständigkeit einzelnen Kindern oder Jugendlichen besondere Aufträge zu erteilen. Alter und Entwicklungsstand der Kinder und Jugendlichen sind dabei, vor allem im Hinblick auf die Art des Auftrages, sorgfältig zu berücksichtigen. Sollen Kinder oder Jugendliche in den Wartezeiten Aufträge der Eltern ausführen, kann der Lehrer und Erzieher, für Schüler bis zur 4. Klasse bei Vorliegen einer schriftlichen Erklärung der Eltern, die Genehmigung dazu erteilen. In jedem Fall sind diese Kinder und Jugendlichen umfassend zu unterweisen.</P><P>(5) Besonders geeignete Schüler können im Interesse des Bildungs- und Erziehungsprozesses mit der Leitung und Beaufsichtigung von schulischen Veranstaltungen beauftragt werden. Der verantwortliche Lehrer behält in diesem Fall die Oberaufsicht und hat folgende Pflichten: <DL Font="normal" Type="arabic"><DT>a)</DT><DD Font="normal"><LA Size="normal">sorgfältige Auswahl der Schüler (Mindestalter das vollendete 14. Lebensjahr),</LA></DD> <DT>b)</DT><DD Font="normal"><LA Size="normal">sorgfältige Einweisung und Belehrung,</LA></DD> <DT>c)</DT><DD Font="normal"><LA Size="normal">regelmäßige Anleitung und Kontrolle.</LA></DD> </DL></P></Content>    </text></textdaten></norm>
<norm builddate="20130405133139" doknr="DDNR000190966BJNE001200307"><metadaten><jurabk>LehrErzVDBest 1</jurabk><enbez>§ 8</enbez></metadaten><textdaten><text format="XML"><Content><P>Die besondere Verantwortung von Lehrkräften und Erziehern im naturwissenschaftlichen Unterricht, bei Sport und Schulwanderungen, Baden und bei Durchführung von schulischen Lehrveranstaltungen in Betrieben wird in hierfür geltenden Bestimmungen geregelt.</P></Content></text></textdaten></norm>
<norm builddate="20130405133139" doknr="DDNR000190966BJNE001300307"><metadaten><jurabk>LehrErzVDBest 1</jurabk><enbez>§ 9</enbez></metadaten><textdaten><text format="XML"><Content><P>(1) In Heimen der Jugendhilfe, in Sonderschulen und Einrichtungen des Sonderschulwesens sowie in Instituten für Lehrerbildung und Pädagogischen Schulen und in Einrichtungen der Volksbildung im Ausland ist diese Durchführungsbestimmung für die Fürsorge und Aufsicht gegenüber den Kindern und Jugendlichen unter Beachtung der konkreten Bedingungen, Erfordernisse und Umstände der jeweiligen Einrichtung anzuwenden.</P><P>(2) Nach Beratung mit der zuständigen Betriebsgewerkschaftsleitung ist der Leiter der Einrichtung berechtigt, besondere Festlegungen in seinem Verantwortungsbereich zu treffen.</P></Content> </text></textdaten></norm>
<norm builddate="20130405133139" doknr="DDNR000190966BJNG000300307"><metadaten><jurabk>LehrErzVDBest 1</jurabk><gliederungseinheit><gliederungskennzahl>030</gliederungskennzahl><gliederungsbez>-</gliederungsbez><gliederungstitel>Schlußbestimmungen</gliederungstitel></gliederungseinheit></metadaten><textdaten><text format="XML"><Content><P/></Content></text></textdaten></norm>
<norm builddate="20130405133139" doknr="DDNR000190966BJNE001400307"><metadaten><jurabk>LehrErzVDBest 1</jurabk><enbez>§ 10</enbez></metadaten><textdaten><text format="XML"><Content><P>(1) Die Abteilungen Volksbildung der Räte der Kreise und Städte und die wirtschaftsleitenden Organe sind verpflichtet, die Direktoren, Leiter, Lehrkräfte und Erzieher in der richtigen Anwendung der Fürsorge- und Aufsichtsordnung anzuleiten und zu kontrollieren.</P><P>(2) Der Sicherheitsbeauftragte der Abteilung Volksbildung des Rates des Kreises oder der Stadt sowie des wirtschaftsleitenden Organs kann zur Untersuchung von Verstößen gegen die Fürsorge- und Aufsichtsordnung zeitweilig erfahrene Pädagogen oder Sicherheitsinspektoren der Betriebe hinzuziehen.</P><P>(3) Stellt der Sicherheitsbeauftragte eine schuldhafte Verletzung der Fürsorge- und Aufsichtsordnung fest, unterbreitet er dem für ihn zuständigen Leiter entsprechende Vorschläge, wie z.B. <DL Font="normal" Type="arabic"><DT>-</DT><DD Font="normal"><LA Size="normal">Auswertung und Behandlung im Arbeitskollektiv;</LA></DD> <DT>-</DT><DD Font="normal"><LA Size="normal">Behandlung vor der Konfliktkommission;</LA></DD> <DT>-</DT><DD Font="normal"><LA Size="normal">Einleitung eines Disziplinarverfahrens;</LA></DD> <DT>-</DT><DD Font="normal"><LA Size="normal">Benachrichtigung der zuständigen Staatsorgane.</LA></DD> </DL></P></Content>  </text></textdaten></norm>
<norm builddate="20130405133139" doknr="DDNR000190966BJNE001500307"><metadaten><jurabk>LehrErzVDBest 1</jurabk><enbez>§ 11</enbez></metadaten><textdaten><text format="XML"><Content><P>Diese Durchführungsbestimmung tritt mit ihrer Verkündung in Kraft.</P></Content></text></textdaten></norm>
<norm builddate="20130405133139" doknr="DDNR000190966BJNE001600307"><metadaten><jurabk>LehrErzVDBest 1</jurabk><enbez>Schlußformel</enbez></metadaten><textdaten><text format="XML"><Content><P><B>Der Minister für Volksbildung</B></P></Content></text></textdaten></norm>
</dokumente>