<?xml version="1.0" encoding="UTF-8" ?><!DOCTYPE dokumente SYSTEM "http://www.gesetze-im-internet.de/dtd/1.01/gii-norm.dtd">
<dokumente builddate="20221208213013" doknr="BJNR107800022"><norm builddate="20221208213013" doknr="BJNR107800022"><metadaten><jurabk>BwBBG</jurabk><amtabk>BwBBG</amtabk><ausfertigung-datum manuell="ja">2022-07-11</ausfertigung-datum><fundstelle typ="amtlich"><periodikum>BGBl I</periodikum><zitstelle>2022, 1078</zitstelle></fundstelle><kurzue>Bundeswehrbeschaffungsbeschleunigungsgesetz</kurzue><langue>Gesetz zur Beschleunigung von Beschaffungsmaßnahmen für die Bundeswehr<FnR ID="F822683_01_BJNR107800022"/></langue><standangabe checked="ja"><standtyp>Aufh</standtyp><standkommentar>Das G tritt gem. § 9 Satz 2 dieses G mWv 1.1.2027 außer Kraft</standkommentar></standangabe></metadaten><textdaten><text format="XML"><Footnotes><Footnote FnZ="*" Group="column" ID="F822683_01_BJNR107800022" Pos="exp"><noindex>Dieses Gesetz dient auch der Umsetzung der Richtlinie 2009/81/EG des Europäischen Parlaments und des Rates vom 13. Juli 2009 über die Koordinierung der Verfahren zur Vergabe bestimmter Bau-, Liefer- und Dienstleistungsaufträge in den Bereichen Verteidigung und Sicherheit und zur Änderung der Richtlinien 2004/17/EG und 2004/18/EG (ABl. L 216 vom 20.8.2009, S. 76), zuletzt geändert durch Delegierte Verordnung (EU) 2021/1950 der Kommission vom 10. November 2021 zur Änderung der Richtlinie 2009/81/EG des Europäischen Parlaments und des Rates im Hinblick auf die Schwellenwerte für Liefer-, Dienstleistungs- und Bauaufträge (ABl. L 398 vom 11.11.2021, S. 19).</noindex></Footnote></Footnotes></text><fussnoten><Content><P><BR/> <pre xml:space="preserve">(+++ Textnachweis ab: 19.7.2022 +++)<BR/>(+++ Amtlicher Hinweis des Normgebers auf EG-Recht:<BR/>     Umsetzung der<BR/>       EGRL 81/2009            (CELEX Nr: 32009L0081) +++)<BR/><BR/></pre></P></Content></fussnoten></textdaten></norm>
<norm builddate="20221208213013" doknr="BJNR107800022BJNE000200000"><metadaten><jurabk>BwBBG</jurabk><enbez>§ 1</enbez><titel format="XML">Zweck</titel></metadaten><textdaten><text format="XML"><Content><P>(1) Dieses Gesetz dient dem zeitnahen Erreichen eines breiten, modernen und innovationsorientierten Fähigkeitsspektrums der Bundeswehr und damit der Stärkung der Bündnis- und Verteidigungsfähigkeit.</P><P>(2) Mit den Vorschriften dieses Gesetzes soll die Durchführung von Verfahren für die Vergabe öffentlicher Aufträge, die diesem Zweck dienen, beschleunigt werden. Zudem sollen Sicherheitsinteressen im Vergabeverfahren vereinfacht berücksichtigt werden können.</P></Content></text></textdaten></norm>
<norm builddate="20221208213013" doknr="BJNR107800022BJNE000300000"><metadaten><jurabk>BwBBG</jurabk><enbez>§ 2</enbez><titel format="XML">Anwendungsbereich</titel></metadaten><textdaten><text format="XML"><Content><P>Dieses Gesetz gilt für öffentliche Aufträge, deren geschätzter Auftrags- oder Vertragswert ohne Umsatzsteuer die Schwellenwerte gemäß § 106 Absatz 2 Nummer 3 des Gesetzes gegen Wettbewerbsbeschränkungen erreicht oder überschreitet und deren Auftragsgegenstand mindestens eine der folgenden Leistungen umfasst: <DL Type="arabic"><DT>1.</DT><DD Font="normal"><LA>die Lieferung von Militärausrüstung zur unmittelbaren Stärkung der Einsatzfähigkeit der Bundeswehr, einschließlich dazugehöriger Teile, Bauteile oder Bausätze im Sinne des § 104 Absatz 2 des Gesetzes gegen Wettbewerbsbeschränkungen, die durch das Bundesministerium der Verteidigung, die Behörden in seinem Geschäftsbereich oder die bundeseigenen Gesellschaften vergeben wird oder</LA></DD><DT>2.</DT><DD Font="normal"><LA>Bau- und Instandhaltungsleistungen in unmittelbarem Zusammenhang mit der in Nummer 1 genannten Ausrüstung, die vergeben werden durch <DL Type="alpha"><DT>a)</DT><DD Font="normal"><LA>das Bundesministerium der Verteidigung oder die Behörden in seinem Geschäftsbereich,</LA></DD><DT>b)</DT><DD Font="normal"><LA>die bundeseigenen Gesellschaften oder</LA></DD><DT>c)</DT><DD Font="normal"><LA>die Einrichtungen der Länder, denen nach § 5b des Finanzverwaltungsgesetzes die Erledigung von Bauaufgaben im Geschäftsbereich des Bundesministeriums der Verteidigung übertragen wurde.</LA></DD></DL></LA></DD></DL></P></Content></text></textdaten></norm>
<norm builddate="20221208213013" doknr="BJNR107800022BJNE000400000"><metadaten><jurabk>BwBBG</jurabk><enbez>§ 3</enbez><titel format="XML">Beschleunigte Vergabeverfahren</titel></metadaten><textdaten><text format="XML"><Content><P>(1) Abweichend von § 97 Absatz 4 Satz 3 des Gesetzes gegen Wettbewerbsbeschränkungen dürfen mehrere Teil- oder Fachlose zusammen vergeben werden, wenn wirtschaftliche, technische oder zeitliche Gründe dies rechtfertigen. § 97 Absatz 4 des Gesetzes gegen Wettbewerbsbeschränkungen ist mit der Maßgabe anzuwenden, dass das Unternehmen, das nicht öffentlicher Auftraggeber ist und mit der Wahrnehmung oder Durchführung einer öffentlichen Aufgabe betraut ist, bei der Vergabe von Unteraufträgen auch nach Satz 1 dieses Absatzes zu verfahren hat.</P><P>(2) § 10 Absatz 1 der Vergabeverordnung Verteidigung und Sicherheit vom 12. Juli 2012 (BGBl. I S. 1509), die zuletzt durch Artikel 5 des Gesetzes vom 12. November 2020 (BGBl. I S. 2392) geändert worden ist, ist mit der Maßgabe anzuwenden, dass mehrere Teil- oder Fachlose zusammen vergeben werden dürfen, wenn wirtschaftliche, technische oder zeitliche Gründe dies rechtfertigen, insbesondere weil die Leistungsbeschreibung die Systemfähigkeit der Leistung verlangt und dies durch den Auftragsgegenstand gerechtfertigt ist.</P><P>(3) Bei der Vergabe öffentlicher Bauaufträge dürfen mehrere Teil- oder Fachlose zusammen vergeben werden, wenn wirtschaftliche, technische oder zeitliche Gründe dies rechtfertigen. Wird ein Unternehmen, das nicht öffentlicher Auftraggeber ist, mit der Wahrnehmung oder Durchführung einer öffentlichen Aufgabe betraut, verpflichtet der Auftraggeber das Unternehmen, sofern es Unteraufträge öffentlicher Bauaufträge an Dritte vergibt, auch nach Absatz 1 Satz 1 zu verfahren.</P><P>(4) Abweichend von § 135 Absatz 1 des Gesetzes gegen Wettbewerbsbeschränkungen kann in einem Nachprüfungsverfahren bei Feststellung eines Verstoßes des Auftraggebers im Sinne des § 135 Absatz 1 des Gesetzes gegen Wettbewerbsbeschränkungen auf Antrag des Auftraggebers ein Vertrag nicht als unwirksam erachtet werden, wenn nach Prüfung aller maßgeblichen Gesichtspunkte unter Berücksichtigung des Zweckes im Sinne des § 1, der besonderen Verteidigungs- und Sicherheitsinteressen sowie der unmittelbaren Stärkung der Einsatzfähigkeit der Bundeswehr zwingende Gründe eines Allgemeininteresses es ausnahmsweise rechtfertigen, die Wirkung des Vertrages zu erhalten. In Fällen des Satzes 1 hat die Vergabekammer oder das Beschwerdegericht alternative Sanktionen zur Feststellung der Unwirksamkeit nach Maßgabe des Absatzes 5 zu erlassen. § 156 Absatz 3, § 179 Absatz 1 und § 181 des Gesetzes gegen Wettbewerbsbeschränkungen bleiben unberührt.</P><P>(5) Durch die Vergabekammer oder das Beschwerdegericht im Nachprüfungsverfahren zu erlassende alternative Sanktionen nach Absatz 4 Satz 2 müssen wirksam, verhältnismäßig und abschreckend sein. Sie umfassen die Verhängung einer Geldsanktion gegen den Auftraggeber oder die Verkürzung der Laufzeit des Vertrages. Eine Geldsanktion darf höchstens 15 Prozent des Auftragswertes betragen.</P><P>(6) Zwecke im Sinne des § 145 Nummer 7 Buchstabe c des Gesetzes gegen Wettbewerbsbeschränkungen umfassen die satzungsgemäßen Zwecke der internationalen Organisation.</P><P>(7) Zur Beschleunigung der Beschaffungsvorhaben sind grundsätzlich im Rahmen der Markterkundung am Markt verfügbare Leistungen und Produkte zur Erfüllung der Fähigkeitsanforderungen zu identifizieren. Wird eine nicht bereits am Markt verfügbare Leistung beschafft, soll die Wirtschaftlichkeitsuntersuchung auch umfassen, aus welchen Gründen eine nicht auf dem Markt verfügbare Leistung beschafft wird und inwieweit welcher zusätzliche Nutzen damit im Zusammenhang stehende Zusatzkosten rechtfertigt.</P></Content></text></textdaten></norm>
<norm builddate="20221208213013" doknr="BJNR107800022BJNE000500000"><metadaten><jurabk>BwBBG</jurabk><enbez>§ 4</enbez><titel format="XML">Gemeinsame europäische Beschaffung</titel></metadaten><textdaten><text format="XML"><Content><P>(1) Abweichend von § 97 Absatz 2 des Gesetzes gegen Wettbewerbsbeschränkungen dürfen Auftraggeber die Teilnahme an einem Vergabeverfahren auf Bewerber oder Bieter beschränken, die in einem Mitgliedstaat der Europäischen Union ansässig sind, wenn der öffentliche Auftrag im Rahmen eines Kooperationsprogramms vergeben wird, welches mit mindestens einem anderen Mitgliedstaat der Europäischen Union durchgeführt wird. Von der Beschränkung nach Satz 1 sind Bewerber und Bieter auszunehmen, die in einem Staat ansässig sind, der Vertragspartei des Abkommens über den Europäischen Wirtschaftsraum ist oder der dem Übereinkommen über das öffentliche Beschaffungswesen von 1994 (ABl. C 256 vom 3.9.1996, S. 1), geändert durch das Protokoll zur Änderung des Übereinkommens über das öffentliche Beschaffungswesen (ABl. L 68 vom 7.3.2014, S. 2) oder anderen, für die Europäische Union bindenden internationalen Übereinkommen beigetreten ist, wenn der öffentliche Auftrag in den Anwendungsbereich des jeweiligen Übereinkommens fällt. Die Beschränkung nach Satz 1 muss mit Hinweis auf diese Vorschrift in der Auftragsbekanntmachung und den Vergabeunterlagen aufgeführt werden.</P><P>(2) Wird ein öffentlicher Auftrag gemäß § 104 des Gesetzes gegen Wettbewerbsbeschränkungen im Rahmen eines Kooperationsprogramms, welches mit mindestens einem anderen Mitgliedstaat der Europäischen Union durchgeführt wird, oder auf andere Weise gemeinsam mit einem anderen Mitgliedstaat der Europäischen Union oder mit der Europäischen Union vergeben, und fällt dieser öffentliche Auftrag in den Anwendungsbereich des Teils 4 des Gesetzes gegen Wettbewerbsbeschränkungen, <DL Type="arabic"><DT>1.</DT><DD Font="normal"><LA>ist ferner § 97 Absatz 4 Satz 2 bis 4 des Gesetzes gegen Wettbewerbsbeschränkungen nicht anzuwenden;</LA></DD><DT>2.</DT><DD Font="normal"><LA>müssen Leistungen auch bei der Vergabe öffentlicher Bauaufträge nicht in der Menge aufgeteilt und nach Art oder Fachgebiet vergeben oder Auftragnehmer entsprechend für Unteraufträge verpflichtet werden;</LA></DD><DT>3.</DT><DD Font="normal"><LA>können wesentliche Sicherheitsinteressen der Bundesrepublik Deutschland im Sinne des § 107 Absatz 2 des Gesetzes gegen Wettbewerbsbeschränkungen insbesondere auch berührt sein, wenn die gemeinsame Durchführung des öffentlichen Auftrags wesentliche Sicherheitsinteressen eines anderen beteiligten Mitgliedstaates oder der Europäischen Union betrifft;</LA></DD><DT>4.</DT><DD Font="normal"><LA>ergänzend zu § 5 dieses Gesetzes und § 169 Absatz 2, § 173 Absatz 2 und § 176 Absatz 1 des Gesetzes gegen Wettbewerbsbeschränkungen überwiegen die besonderen Verteidigungs- und Sicherheitsinteressen in der Regel, sofern die gemeinsame Durchführung sonst von einem anderen teilnehmenden Mitgliedstaat abgebrochen würde;</LA></DD><DT>5.</DT><DD Font="normal"><LA>kann ein technisches Alleinstellungsmerkmal im Sinne des § 12 Absatz 1 Nummer 1 Buchstabe c der Vergabeverordnung Verteidigung und Sicherheit auch dann vorliegen, wenn die Beschaffung von Ausrüstung, die bereits bei einem Mitgliedstaat im Einsatz ist, die einzige ist, die die gemeinsame Durchführung des öffentlichen Auftrags ermöglicht.</LA></DD></DL>Die Verfahrenserleichterungen nach Satz 1 gelten auch für die gemeinsame Durchführung mit mindestens einer Vertragspartei des Abkommens über den Europäischen Wirtschaftsraum. Sie gelten ferner, wenn die gemeinsame Durchführung mit mindestens einem Drittstaat erfolgt, der dem Übereinkommen über das öffentliche Beschaffungswesen von 1994 (ABl. C 256 vom 3.9.1996, S. 1), geändert durch das Protokoll zur Änderung des Übereinkommens über das öffentliche Beschaffungswesen (ABl. L 68 vom 7.3.2014, S. 2) oder anderen für die Europäische Union bindenden internationalen Übereinkommen beigetreten ist, und der öffentliche Auftrag in den Anwendungsbereich des jeweiligen Übereinkommens fällt.</P></Content></text></textdaten></norm>
<norm builddate="20221208213013" doknr="BJNR107800022BJNE000600000"><metadaten><jurabk>BwBBG</jurabk><enbez>§ 5</enbez><titel format="XML">Beschleunigte Verfahren vor der Vergabekammer</titel></metadaten><textdaten><text format="XML"><Content><P>(1) Ergänzend zu § 166 Absatz 1 Satz 3 des Gesetzes gegen Wettbewerbsbeschränkungen kann auch nach Lage der Akten entschieden werden, soweit dies der Beschleunigung dient. Die mündliche Verhandlung kann im Wege der Bild- und Tonübertragung nach § 128a der Zivilprozessordnung durchgeführt werden.</P><P>(2) Bei der Auswahl der geeigneten Maßnahmen nach § 168 Absatz 1 Satz 1 des Gesetzes gegen Wettbewerbsbeschränkungen hat die Vergabekammer auch den Zweck nach § 1, die besonderen Verteidigungs- und Sicherheitsinteressen sowie die unmittelbare Stärkung der Einsatzfähigkeit der Bundeswehr zu berücksichtigen.</P><P>(3) Bei der Abwägung nach § 169 Absatz 2 Satz 1 des Gesetzes gegen Wettbewerbsbeschränkungen über die vorzeitige Gestattung des Zuschlags ist auch der Zweck des § 1 zu berücksichtigen. Die besonderen Verteidigungs- und Sicherheitsinteressen überwiegen in der Regel, wenn der öffentliche Auftrag im unmittelbaren Zusammenhang mit der unmittelbaren Stärkung der Einsatzfähigkeit der Bundeswehr steht. Bei Entscheidungen nach § 169 Absatz 2 Satz 6 und 7 und Absatz 3 des Gesetzes gegen Wettbewerbsbeschränkungen ist auch der Zweck des § 1 zu berücksichtigen. Die besonderen Verteidigungs- und Sicherheitsinteressen überwiegen in der Regel, wenn der öffentliche Auftrag im unmittelbaren Zusammenhang mit der unmittelbaren Stärkung der Einsatzfähigkeit der Bundeswehr steht.</P><P>(4) Stellt die Vergabekammer im Nachprüfungsverfahren einen Verstoß des Auftraggebers im Sinne des § 135 Absatz 1 Nummer 1 oder 2 des Gesetzes gegen Wettbewerbsbeschränkungen fest, hat sie § 3 Absatz 4 und 5 zu beachten.</P></Content></text></textdaten></norm>
<norm builddate="20221208213013" doknr="BJNR107800022BJNE000700000"><metadaten><jurabk>BwBBG</jurabk><enbez>§ 6</enbez><titel format="XML">Beschleunigte sofortige Beschwerde</titel></metadaten><textdaten><text format="XML"><Content><P>(1) Bei der Abwägung nach § 173 Absatz 2 Satz 1 des Gesetzes gegen Wettbewerbsbeschränkungen ist auch der Zweck des § 1 zu berücksichtigen. Die besonderen Verteidigungs- und Sicherheitsinteressen überwiegen in der Regel, wenn der öffentliche Auftrag im unmittelbaren Zusammenhang mit der unmittelbaren Stärkung der Einsatzfähigkeit der Bundeswehr steht.</P><P>(2) Ergänzend zu § 175 Absatz 2 in Verbindung mit § 166 Absatz 1 des Gesetzes gegen Wettbewerbsbeschränkungen kann das Gericht im Ausnahmefall nach Lage der Akten entscheiden, insbesondere, wenn dies der Beschleunigung dient und kein unmittelbarer Eindruck der Parteien oder direkter Austausch des tatsächlichen und rechtlichen Vortrags erforderlich ist. Die mündliche Verhandlung kann im Wege der Bild- und Tonübertragung nach § 128a der Zivilprozessordnung durchgeführt werden.</P><P>(3) Bei der Abwägung nach § 176 Absatz 1 Satz 1 des Gesetzes gegen Wettbewerbsbeschränkungen ist auch der Zweck des § 1 zu berücksichtigen. Die besonderen Verteidigungs- und Sicherheitsinteressen überwiegen in der Regel, wenn der öffentliche Auftrag im unmittelbaren Zusammenhang mit der unmittelbaren Stärkung der Einsatzfähigkeit der Bundeswehr steht.</P><P>(4) § 177 des Gesetzes gegen Wettbewerbsbeschränkungen ist nicht anzuwenden.</P><P>(5) § 178 des Gesetzes gegen Wettbewerbsbeschränkungen ist mit der Maßgabe anzuwenden, dass die Beschwerdeentscheidung innerhalb einer Frist von sechs Monaten ab Eingang der sofortigen Beschwerde zu treffen und zu begründen ist. Bei besonderen tatsächlichen oder rechtlichen Schwierigkeiten kann der Vorsitzende die Frist durch Mitteilung an die Beteiligten einmalig um den erforderlichen Zeitraum verlängern, wobei dieser Zeitraum vier Wochen nicht überschreiten soll. Abweichend von § 178 Satz 2 des Gesetzes gegen Wettbewerbsbeschränkungen entscheidet das Gericht stets in der Sache selbst.</P><P>(6) Für das Beschwerdegericht gilt § 5 Absatz 4 entsprechend.</P></Content></text></textdaten></norm>
<norm builddate="20221208213013" doknr="BJNR107800022BJNE000800000"><metadaten><jurabk>BwBBG</jurabk><enbez>§ 7</enbez><titel format="XML">Verstärkte Berücksichtigung von Sicherheitsinteressen im Vergabeverfahren</titel></metadaten><textdaten><text format="XML"><Content><P>(1) § 145 Nummer 1 des Gesetzes gegen Wettbewerbsbeschränkungen umfasst auch Aufträge, die den Zwecken der Tätigkeiten des militärischen Nachrichtenwesens dienen.</P><P>(2) Abweichend von § 97 Absatz 2 des Gesetzes gegen Wettbewerbsbeschränkungen dürfen Auftraggeber Bewerber oder Bieter von der Teilnahme an einem Vergabeverfahren ausschließen, wenn der Bewerber oder Bieter in einem Staat außerhalb der Europäischen Union ansässig ist, der nicht die notwendige Gewähr für die Wahrung der Sicherheitsinteressen der Bundesrepublik Deutschland bietet.</P><P>(3) § 9 Absatz 1 der Vergabeverordnung Verteidigung und Sicherheit ist mit der Maßgabe anzuwenden, dass Auftraggeber von Bietern verlangen können, in ihrem Angebot keine Unterauftragnehmer vorzusehen, die in einem Staat außerhalb der Europäischen Union ansässig sind, der nicht die notwendige Gewähr für die Wahrung der Sicherheitsinteressen der Bundesrepublik Deutschland bietet.</P><P>(4) § 9 Absatz 2 der Vergabeverordnung Verteidigung und Sicherheit ist mit der Maßgabe anzuwenden, dass Auftraggeber dem Auftragnehmer vorgeben können, keine Unterauftragnehmer zu beauftragen, die in einem Staat außerhalb der Europäischen Union ansässig sind, der nicht die notwendige Gewähr für die Wahrung der Sicherheitsinteressen der Bundesrepublik Deutschland bietet.</P><P>(5) Die Absätze 2 bis 4 gelten nicht in Bezug auf Auftragnehmer und Unterauftragnehmer, die in einem Staat ansässig sind, der Vertragspartei des Abkommens über den Europäischen Wirtschaftsraum ist. Sie gelten ferner nicht in Bezug auf Auftragnehmer und Unterauftragnehmer, die in einem Drittstaat ansässig sind, der dem Übereinkommen über das öffentliche Beschaffungswesen von 1994 (ABl. C 256 vom 3.9.1996, S. 1), geändert durch das Protokoll zur Änderung des Übereinkommens über das öffentliche Beschaffungswesen (ABl. L 68 vom 7.3.2014, S. 2) oder anderen, für die Europäische Union bindenden internationalen Übereinkommen beigetreten ist, wenn der öffentliche Auftrag in den Anwendungsbereich des jeweiligen Übereinkommens fällt.</P></Content></text></textdaten></norm>
<norm builddate="20221208213013" doknr="BJNR107800022BJNE000900000"><metadaten><jurabk>BwBBG</jurabk><enbez>§ 8</enbez><titel format="XML">Übergangsregelungen</titel></metadaten><textdaten><text format="XML"><Content><P>Die Regelungen dieses Gesetzes sind auf vor dem Inkrafttreten dieses Gesetzes begonnene, aber noch nicht abgeschlossene Vergabeverfahren anzuwenden, die die Vergabe öffentlicher Aufträge nach § 2 zum Gegenstand haben.</P></Content></text></textdaten></norm>
<norm builddate="20221208213013" doknr="BJNR107800022BJNE001000000"><metadaten><jurabk>BwBBG</jurabk><enbez>§ 9</enbez><titel format="XML">Inkrafttreten, Außerkrafttreten</titel></metadaten><textdaten><text format="XML"><Content><P>Dieses Gesetz tritt am Tag nach der Verkündung in Kraft. Es tritt mit Ablauf des 31. Dezember 2026 außer Kraft.</P></Content></text></textdaten></norm>
</dokumente>