<?xml version="1.0" encoding="UTF-8" ?><!DOCTYPE dokumente SYSTEM "http://www.gesetze-im-internet.de/dtd/1.01/gii-norm.dtd">
<dokumente builddate="20121214215001" doknr="BJNR001300960"><norm builddate="20121214215001" doknr="BJNR001300960"><metadaten><jurabk>BEGDV1/2/3ÄndV 2</jurabk><ausfertigung-datum manuell="ja">1960-02-25</ausfertigung-datum><fundstelle typ="amtlich"><periodikum>BGBl I</periodikum><zitstelle>1960, 130</zitstelle></fundstelle><langue>Zweite Verordnung zur Änderung der Ersten, Zweiten und Dritten Verordnung
zur Durchführung des Bundesentschädigungsgesetzes</langue></metadaten><textdaten><text format="XML"><Content><P/></Content></text><fussnoten><Content><P>(+++ Textnachweis Geltung ab:  1. 1.1964 +++)</P></Content></fussnoten></textdaten></norm>
<norm builddate="20121214215002" doknr="BJNR001300960BJNE000100328"><metadaten><jurabk>BEGDV1/2/3ÄndV 2</jurabk><enbez>Eingangsformel</enbez></metadaten><textdaten><text format="XML"><Content><P>Auf Grund der §§ 27, 42 und 126 des Bundesgesetzes zur Entschädigung für Opfer der nationalsozialistischen Verfolgung (Bundesentschädigungsgesetz - BEG) in der Fassung des Gesetzes vom 29. Juni 1956 (Bundesgesetzbl. I S. 559) verordnet die Bundesregierung mit Zustimmung des Bundesrates:</P></Content></text></textdaten></norm>
<norm builddate="20121214215002" doknr="BJNR001300960BJNE000200328"><metadaten><jurabk>BEGDV1/2/3ÄndV 2</jurabk><enbez>(XXXX) Art I bis Art III</enbez><titel format="XML">(weggefallen)</titel></metadaten><textdaten><text format="XML"><Content><P>-</P></Content></text><fussnoten/></textdaten></norm>
<norm builddate="20121214215002" doknr="BJNR001300960BJNE000300328"><metadaten><jurabk>BEGDV1/2/3ÄndV 2</jurabk><enbez>Art IV</enbez><titel format="parat">Übergangsvorschriften</titel></metadaten><textdaten><text format="XML"><Content><P>(1) Die Unanfechtbarkeit oder die Rechtskraft einer vor Verkündung dieser Verordnung ergangenen Entscheidung steht einer erneuten Entscheidung auf Grund dieser Verordnung nicht entgegen.</P><P>(2) Ein Rentenwahlrecht wegen Schadens im beruflichen Fortkommen wird im Rahmen des Absatzes 1 nur in den Fällen begründet, in denen erst die Anwendung des Artikels III die Voraussetzungen für eine Ausübung des Rentenwahlrechts begründet. Dabei ist auf den Zeitpunkt der Unanfechtbarkeit oder der Rechtskraft der vor Verkündung dieser Verordnung ergangenen Entscheidung abzustellen.</P><P>(3) Soweit vor Verkündung dieser Verordnung Ansprüche von Berechtigten durch Bescheid oder durch rechtskräftige gerichtliche Entscheidung vorbehaltlos festgesetzt worden sind, behält es hierbei zugunsten der Berechtigten sein Bewenden. Das gleiche gilt, soweit die Ansprüche vor Verkündung dieser Verordnung durch unanfechtbaren Vergleich geregelt worden sind.</P></Content>  </text></textdaten></norm>
<norm builddate="20121214215002" doknr="BJNR001300960BJNE000400328"><metadaten><jurabk>BEGDV1/2/3ÄndV 2</jurabk><enbez>Art V</enbez><titel format="parat">Anwendung in Berlin</titel></metadaten><textdaten><text format="XML"><Content><P>Diese Verordnung gilt nach § 14 des Dritten Überleitungsgesetzes vom 4. Januar 1952 (Bundesgesetzblatt I S. 1) in Verbindung mit § 240 BEG auch im Land Berlin.</P></Content></text></textdaten></norm>
<norm builddate="20121214215002" doknr="BJNR001300960BJNE000500328"><metadaten><jurabk>BEGDV1/2/3ÄndV 2</jurabk><enbez>Art VI</enbez><titel format="parat">Inkrafttreten</titel></metadaten><textdaten><text format="XML"><Content><P>Diese Verordnung tritt mit Ausnahme des Zweiten Abschnitts des Artikels III mit Wirkung vom 1. Oktober 1953 in Kraft. Der Zweite Abschnitt des Artikels III tritt mit Wirkung vom 1. April 1959 in Kraft.</P></Content></text><fussnoten/></textdaten></norm>
</dokumente>