<?xml version="1.0" encoding="UTF-8" ?><!DOCTYPE dokumente SYSTEM "http://www.gesetze-im-internet.de/dtd/1.01/gii-norm.dtd">
<dokumente builddate="20120625151114" doknr="BJNR208430965"><norm builddate="20120625151114" doknr="BJNR208430965"><metadaten><jurabk>ItalKultInstVorRV</jurabk><ausfertigung-datum manuell="ja">1965-05-28</ausfertigung-datum><fundstelle typ="amtlich"><periodikum>BGBl II</periodikum><zitstelle>1965, 843</zitstelle></fundstelle><langue>Verordnung über die Gewährung von Vorrechten und Befreiungen an die
italienischen Kulturinstitute</langue></metadaten><textdaten><text format="XML"><Content><P/></Content></text><fussnoten><Content><P>(+++ Textnachweis ab:  1. 6.1965 +++)</P></Content></fussnoten></textdaten></norm>
<norm builddate="20120625151114" doknr="BJNR208430965BJNE000100314"><metadaten><jurabk>ItalKultInstVorRV</jurabk><enbez>Eingangsformel</enbez></metadaten><textdaten><text format="XML"><Content><P>Auf Grund des Artikels 3 des Gesetzes vom 22. Juni 1954 über den Beitritt der Bundesrepublik Deutschland zum Abkommen über die Vorrechte und Befreiungen der Sonderorganisationen der Vereinten Nationen vom 21. November 1947 und über die Gewährung von Vorrechten und Befreiungen an andere zwischenstaatliche Organisationen (Bundesgesetzbl. II S. 639), zuletzt geändert durch das Gesetz vom 28. Februar 1964 (Bundesgesetzbl. II S. 187), verordnet die Bundesregierung mit Zustimmung des Bundesrates:</P></Content></text></textdaten></norm>
<norm builddate="20120625151114" doknr="BJNR208430965BJNE000200314"><metadaten><jurabk>ItalKultInstVorRV</jurabk><enbez>§ 1</enbez></metadaten><textdaten><text format="XML"><Content><P>Für die Gewährung von Vorrechten und Befreiungen an die italienischen Kulturinstitute gilt der deutsch-italienische Notenwechsel vom 12. Juli 1961. Der Notenwechsel wird nachstehend veröffentlicht.</P></Content></text><fussnoten/></textdaten></norm>
<norm builddate="20120625151114" doknr="BJNR208430965BJNE000300314"><metadaten><jurabk>ItalKultInstVorRV</jurabk><enbez>§ 2</enbez></metadaten><textdaten><text format="XML"><Content><P>Diese Verordnung gilt nach § 14 des Dritten Überleitungsgesetzes vom 4. Januar 1952 (Bundesgesetzblatt I S. 1) in Verbindung mit Artikel 4 des Gesetzes vom 22. Juni 1954 über den Beitritt der Bundesrepublik Deutschland zum Abkommen über die Vorrechte und Befreiungen der Sonderorganisationen der Vereinten Nationen vom 21. November 1947 und über die Gewährung von Vorrechten und Befreiungen an andere zwischenstaatliche Organisationen, zuletzt geändert durch das Gesetz vom 28. Februar 1964, auch im Land Berlin.</P></Content></text></textdaten></norm>
<norm builddate="20120625151114" doknr="BJNR208430965BJNE000400314"><metadaten><jurabk>ItalKultInstVorRV</jurabk><enbez>§ 3</enbez></metadaten><textdaten><text format="XML"><Content><P>(1) Diese Verordnung tritt an dem Tage in Kraft, an dem der Notenwechsel vom 12. Juli 1961 in Kraft tritt.</P><P>(2) Diese Verordnung tritt an dem Tage außer Kraft, an dem der Notenwechsel vom 12. Juli 1961 außer Kraft tritt.</P><P>(3) Der Tag des Inkrafttretens und Außerkrafttretens ist im Bundesgesetzblatt bekanntzugeben.</P></Content>  </text><fussnoten/></textdaten></norm>
</dokumente>