<?xml version="1.0" encoding="UTF-8" ?><!DOCTYPE dokumente SYSTEM "http://www.gesetze-im-internet.de/dtd/1.01/gii-norm.dtd">
<dokumente builddate="20120625152553" doknr="BJNR012210970"><norm builddate="20120625152553" doknr="BJNR012210970"><metadaten><jurabk>BPräsAmtsbezAnO 1970-08-05</jurabk><ausfertigung-datum manuell="ja">1970-08-05</ausfertigung-datum><fundstelle typ="amtlich"><periodikum>BGBl I</periodikum><zitstelle>1970, 1221</zitstelle></fundstelle><langue>Anordnung des Bundespräsidenten über die Festsetzung von
Amtsbezeichnungen</langue></metadaten><textdaten><text format="XML"><Content><P/></Content></text><fussnoten><Content><P>(+++ Textnachweis ab: 13. 8.1970 +++)</P></Content></fussnoten></textdaten></norm>
<norm builddate="20120625152553" doknr="BJNR012210970BJNE000100303"><metadaten><jurabk>BPräsAmtsbezAnO 1970-08-05</jurabk><enbez>(XXXX)</enbez></metadaten><textdaten><text format="XML"><Content><P>Gemäß § 81 Abs. 1 des Bundesbeamtengesetzes setze ich folgende Amtsbezeichnungen fest: <BR/>Präsident der Bundesakademie für öffentliche Verwaltung <BR/>Direktor bei der Bundesakademie für öffentliche Verwaltung <BR/>Direktor des Bundesinstituts für Sportwissenschaft (Geschäftsführender Direktor).</P></Content></text></textdaten></norm>
</dokumente>