<?xml version="1.0" encoding="UTF-8" ?><!DOCTYPE dokumente SYSTEM "http://www.gesetze-im-internet.de/dtd/1.01/gii-norm.dtd">
<dokumente builddate="20120625153842" doknr="BJNR101220011"><norm builddate="20120625153842" doknr="BJNR101220011"><metadaten><jurabk>IRENASitzAbk</jurabk><ausfertigung-datum manuell="ja">2011-04-05</ausfertigung-datum><fundstelle typ="amtlich"><periodikum>BGBl II</periodikum><zitstelle>2011, 1012</zitstelle></fundstelle><langue>Abkommen zwischen der Bundesrepublik Deutschland und der Internationalen Organisation für erneuerbare Energien über den Sitz des IRENA-Innovations- und Technologiezentrums</langue></metadaten><textdaten><fussnoten><Content><P>G v. 20.10.2011 II 1010 <BR/>In Kraft gem. Bek. v. 2.2.2012 II 191 mWv 22.12.2011</P></Content></fussnoten></textdaten></norm>
</dokumente>