<?xml version="1.0" encoding="UTF-8" ?><!DOCTYPE dokumente SYSTEM "http://www.gesetze-im-internet.de/dtd/1.01/gii-norm.dtd">
<dokumente builddate="20230425213003" doknr="BJNR0170A0023"><norm builddate="20230425213003" doknr="BJNR0170A0023"><metadaten><jurabk>VergMindV 2023</jurabk><amtabk>VergMindV 2023</amtabk><ausfertigung-datum manuell="ja">2023-01-24</ausfertigung-datum><fundstelle typ="amtlich"><periodikum>BGBl I</periodikum><zitstelle>2023, Nr. 23</zitstelle></fundstelle><kurzue>Vergabemindestentgeltverordnung 2023</kurzue><langue>Verordnung zur Festsetzung eines vergabespezifischen Mindestentgelts für Aus- und Weiterbildungsdienstleistungen nach dem Zweiten oder Dritten Buch Sozialgesetzbuch für die Kalenderjahre 2023 bis 2026</langue><standangabe checked="ja"><standtyp>Aufh</standtyp><standkommentar>Die V tritt gem. § 6 am 31.12.2026 außer Kraft</standkommentar></standangabe></metadaten><textdaten><fussnoten><Content><P><BR/> <pre xml:space="preserve">(+++ Textnachweis ab: 1.2.2023 +++)<BR/><BR/></pre></P></Content></fussnoten></textdaten></norm>
<norm builddate="20230425213003" doknr="BJNR0170A0023BJNE000100000"><metadaten><jurabk>VergMindV 2023</jurabk><enbez>Eingangsformel</enbez></metadaten><textdaten><text format="XML"><Content><P>Auf Grund des § 185 Absatz 2 in Verbindung mit Absatz 1 Satz 1 des Dritten Buches Sozialgesetzbuch, der durch Artikel 21 Nummer 2 des Gesetzes vom 17. Juli 2017 (BGBl. I S. 2541) neu gefasst worden ist, verordnet das Bundesministerium für Arbeit und Soziales:</P></Content></text></textdaten></norm>
<norm builddate="20230425213003" doknr="BJNR0170A0023BJNE000200000"><metadaten><jurabk>VergMindV 2023</jurabk><enbez>§ 1</enbez><titel format="XML">Regelungsgegenstand</titel></metadaten><textdaten><text format="XML"><Content><P>Träger nach § 21 des Dritten Buches Sozialgesetzbuch haben bei der Ausführung eines öffentlichen Auftrags über Aus- und Weiterbildungsdienstleistungen nach dem Zweiten oder Dritten Buch Sozialgesetzbuch ihren Arbeitnehmerinnen und Arbeitnehmern im pädagogischen Bereich in den Kalenderjahren 2023 bis 2026 mindestens das Entgelt nach § 4 zu zahlen. Setzt der Träger Leiharbeitnehmerinnen oder Leiharbeitnehmer ein, so hat der Verleiher mindestens das Entgelt nach § 4 zu zahlen.</P></Content></text></textdaten></norm>
<norm builddate="20230425213003" doknr="BJNR0170A0023BJNE000300000"><metadaten><jurabk>VergMindV 2023</jurabk><enbez>§ 2</enbez><titel format="XML">Begriffsbestimmung</titel></metadaten><textdaten><text format="XML"><Content><P>Arbeitnehmerinnen und Arbeitnehmer im pädagogischen Bereich sind solche, die mit der Aus- und Weiterbildung, mit der Vermittlung oder mit der Betreuung von Teilnehmerinnen oder Teilnehmern an Aus- und Weiterbildungsmaßnahmen nach dem Zweiten oder Dritten Buch Sozialgesetzbuch betraut sind.</P></Content></text></textdaten></norm>
<norm builddate="20230425213003" doknr="BJNR0170A0023BJNE000400000"><metadaten><jurabk>VergMindV 2023</jurabk><enbez>§ 3</enbez><titel format="XML">Ausnahmeregelungen</titel></metadaten><textdaten><text format="XML"><Content><P>(1) Diese Verordnung gilt nicht für Praktikantinnen und Praktikanten, unabhängig davon, ob sie sich im Anerkennungsjahr befinden.</P><P>(2) Diese Verordnung gilt nicht für öffentliche Aufträge über Aus- und Weiterbildungsdienstleistungen nach dem Zweiten oder Dritten Buch Sozialgesetzbuch, <DL Type="arabic"><DT>1.</DT><DD Font="normal"><LA>die vor dem 25. Juli 2017 bekannt gemacht wurden oder</LA></DD><DT>2.</DT><DD Font="normal"><LA>für die das Vergabeverfahren auf sonstige Weise vor dem 25. Juli 2017 eingeleitet wurde.</LA></DD></DL>Satz 1 gilt nicht für Vertragsverlängerungen zwischen dem Träger und dem öffentlichen Auftraggeber, die nach dem 24. Juli 2017 vereinbart wurden.</P></Content></text></textdaten></norm>
<norm builddate="20230425213003" doknr="BJNR0170A0023BJNE000500000"><metadaten><jurabk>VergMindV 2023</jurabk><enbez>§ 4</enbez><titel format="XML">Höhe des Mindestentgelts</titel></metadaten><textdaten><text format="XML"><Content><P>(1) Das Mindestentgelt beträgt ab dem <DL Type="arabic"><DT>1.</DT><DD Font="normal"><LA>1. Februar 2023 brutto 17,87 Euro,</LA></DD><DT>2.</DT><DD Font="normal"><LA>1. Januar 2024    brutto 18,58 Euro,</LA></DD><DT>3.</DT><DD Font="normal"><LA>1. Januar 2025    brutto 19,37 Euro,</LA></DD><DT>4.</DT><DD Font="normal"><LA>1. Januar 2026    brutto 20,24 Euro</LA></DD></DL>je Zeitstunde.</P><P>(2) Für Arbeitnehmerinnen und Arbeitnehmer im pädagogischen Bereich, die über eine der in der Anlage abschließend aufgeführten formalen Qualifikationen verfügen, beträgt das Mindestentgelt abweichend von Absatz 1 ab dem <DL Type="arabic"><DT>1.</DT><DD Font="normal"><LA>1. Februar 2023 brutto 18,41 Euro,</LA></DD><DT>2.</DT><DD Font="normal"><LA>1. Januar 2024    brutto 19,15 Euro,</LA></DD><DT>3.</DT><DD Font="normal"><LA>1. Januar 2025    brutto 19,96 Euro,</LA></DD><DT>4.</DT><DD Font="normal"><LA>1. Januar 2026    brutto 20,86 Euro</LA></DD></DL>je Zeitstunde. Der Anspruch auf das Mindestentgelt der Gruppe 2 besteht auch dann, wenn sich trotz des Erwerbs einer der maßgeblichen Qualifikationen die konkret auszuübende Tätigkeit nicht ändert. Der Anspruch besteht auch bei im Ausland erworbenen Abschlüssen, die im Inland als den in der Anlage aufgeführten Abschlüssen entsprechend anerkannt wurden.</P><P>(3) Auf die Verpflichtung zur Zahlung des Mindestentgelts als Bedingung für die Ausführung des Auftrags ist in der Auftragsbekanntmachung oder in den Vergabeunterlagen hinzuweisen.</P></Content></text></textdaten></norm>
<norm builddate="20230425213003" doknr="BJNR0170A0023BJNE000600000"><metadaten><jurabk>VergMindV 2023</jurabk><enbez>§ 5</enbez><titel format="XML">Fälligkeit des Mindestentgelts</titel></metadaten><textdaten><text format="XML"><Content><P>(1) Der Anspruch auf das Mindestentgelt wird spätestens am 15. des Kalendermonats fällig, der auf den Kalendermonat folgt, für den das Mindestentgelt zu zahlen ist.</P><P>(2) Bei Vereinbarung eines verstetigten Monatsentgelts, das sich nach der Formel Mindeststundenentgelt multipliziert mit vereinbarter regelmäßiger Wochenarbeitszeit multipliziert mit 4,348 berechnet, gilt Absatz 1 nicht für die Arbeitsstunden, die über die regelmäßige monatliche Arbeitszeit hinaus entstanden sind, wenn eine Regelung zur Arbeitszeitflexibilisierung mit einem Arbeitszeitkonto besteht. Das Arbeitszeitkonto darf höchstens 100 Plusstunden umfassen. Plusstunden auf dem Arbeitszeitkonto sind innerhalb von zwölf Monaten nach dem Kalendermonat ihrer Entstehung abzugelten oder durch bezahlte Arbeitsbefreiung auszugleichen. Plusstunden, die zum Zeitpunkt der Beendigung eines Arbeitsverhältnisses noch bestehen, sind abzugelten.</P></Content></text></textdaten></norm>
<norm builddate="20230425213003" doknr="BJNR0170A0023BJNE000700000"><metadaten><jurabk>VergMindV 2023</jurabk><enbez>§ 6</enbez><titel format="XML">Inkrafttreten, Außerkrafttreten</titel></metadaten><textdaten><text format="XML"><Content><P>Diese Verordnung tritt am 1. Februar 2023 in Kraft und am 31. Dezember 2026 außer Kraft.</P></Content></text></textdaten></norm>
<norm builddate="20230425213003" doknr="BJNR0170A0023BJNE000800000"><metadaten><jurabk>VergMindV 2023</jurabk><enbez>Anlage</enbez><titel format="XML">„Qualifikationen – Gruppe 2“ des Tarifvertrags Nr. 7 zur Regelung des Mindestlohns für pädagogisches Personal vom 27. Juli 2022</titel></metadaten><textdaten><text format="XML"><Content><P><noindex><kommentar typ="Fundstelle">(Fundstelle: BGBl. 2023 I Nr. 23, S. 4 - 5)</kommentar></noindex></P><P><DL Type="arabic"><DT>1.</DT><DD Font="normal"><LA>Die im Folgenden aufgeführten formalen Qualifikationen (Abschlüsse) auf Grundlage von Rechtsverordnungen zur Regelung der beruflichen Fortbildung nach § 53 Absatz 1 des Berufsbildungsgesetzes (BBiG) oder § 42 Absatz 1 der Handwerksordnung (HwO); außer Regelungen für die Meisterprüfungen.<DL Type="Dash"><DT>–</DT><DD Font="normal"><LA>Geprüfter Fachkaufmann oder geprüfte Fachkauffrau: <DL Type="Dash"><DT>–</DT><DD Font="normal"><LA>Geprüfter Bilanzbuchhalter oder geprüfte Bilanzbuchhalterin,</LA></DD><DT>–</DT><DD Font="normal"><LA>Geprüfter Controller oder geprüfte Controllerin,</LA></DD><DT>–</DT><DD Font="normal"><LA>Geprüfter Personalfachkaufmann oder geprüfte Personalfachkauffrau;</LA></DD></DL></LA></DD><DT>–</DT><DD Font="normal"><LA>Fachwirte aller Fachrichtungen oder Fachwirtinnen aller Fachrichtungen;</LA></DD><DT>–</DT><DD Font="normal"><LA>Operative Professional (Geprüfter oder Geprüfte): <DL Type="Dash"><DT>–</DT><DD Font="normal"><LA>Geprüfter IT-Berater oder geprüfte IT-Beraterin – (Certified IT Business Consultant),</LA></DD><DT>–</DT><DD Font="normal"><LA>Geprüfter IT-Entwickler oder geprüfte IT-Entwicklerin – (Certified IT Systems Manager),</LA></DD><DT>–</DT><DD Font="normal"><LA>Geprüfter IT-Ökonom oder geprüfte IT-Ökonomin – (Certified IT Marketing Manager),</LA></DD><DT>–</DT><DD Font="normal"><LA>Geprüfter IT-Projektleiter oder geprüfte IT-Projektleiterin – (Certified IT Business Manager),</LA></DD></DL></LA></DD><DT>–</DT><DD Font="normal"><LA>Geprüfter Aus- und Weiterbildungspädagoge oder geprüfte Aus- und Weiterbildungspädagogin,</LA></DD><DT>–</DT><DD Font="normal"><LA>Geprüfter Pharmareferent oder geprüfte Pharmareferentin,</LA></DD><DT>–</DT><DD Font="normal"><LA>Geprüfter Prozessmanager Elektrotechnik oder geprüfte Prozessmanagerin Elektrotechnik,</LA></DD><DT>–</DT><DD Font="normal"><LA>Geprüfter Prozessmanager Mikrotechnologie oder geprüfte Prozessmanagerin Mikrotechnologie,</LA></DD><DT>–</DT><DD Font="normal"><LA>Geprüfter Prozessmanager Produktionstechnologie oder geprüfte Prozessmanagerin Produktionstechnologie,</LA></DD><DT>–</DT><DD Font="normal"><LA>Verkaufsleiter im Lebensmittelhandwerk oder Verkaufsleiterin im Lebensmittelhandwerk,</LA></DD><DT>–</DT><DD Font="normal"><LA>Geprüfter Berufspädagoge oder geprüfte Berufspädagogin,</LA></DD><DT>–</DT><DD Font="normal"><LA>Geprüfter Betriebswirt oder geprüfte Betriebswirtin,</LA></DD><DT>–</DT><DD Font="normal"><LA>Geprüfter Betriebswirt nach der Handwerksordnung oder geprüfte Betriebswirtin nach der Handwerksordnung,</LA></DD><DT>–</DT><DD Font="normal"><LA>Geprüfter Technischer Betriebswirt oder geprüfte Technische Betriebswirtin,</LA></DD><DT>–</DT><DD Font="normal"><LA>Geprüfter Strategischer Professional oder geprüfte Strategische Professional: <DL Type="Dash"><DT>–</DT><DD Font="normal"><LA>Geprüfter Informatiker oder geprüfte Informatikerin – (Certified IT Technical Engineer),</LA></DD><DT>–</DT><DD Font="normal"><LA>Geprüfter Wirtschaftsinformatiker oder geprüfte Wirtschaftsinformatikerin – (Certified IT Business Engineer);</LA></DD></DL></LA></DD></DL></LA></DD><DT>2.</DT><DD Font="normal"><LA>Die im Folgenden aufgeführten formalen Qualifikationen (Abschlüsse) auf der Grundlage landesrechtlich geregelter Weiterbildung an Fachschulen (Rahmenvereinbarung über Fachschulen, Beschluss der Kultusministerkonferenz) <DL Type="Dash"><DT>–</DT><DD Font="normal"><LA>Staatlich geprüfter Agrarbetriebswirt oder staatlich geprüfte Agrarbetriebswirtin (in allen Fachrichtungen),</LA></DD><DT>–</DT><DD Font="normal"><LA>Staatlich geprüfter Wirtschafter oder staatlich geprüfte Wirtschafterin (in allen Fachrichtungen),</LA></DD><DT>–</DT><DD Font="normal"><LA>Staatlich geprüfter Gestalter oder staatlich geprüfte Gestalterin (in allen Fachrichtungen),</LA></DD><DT>–</DT><DD Font="normal"><LA>Staatlich geprüfter Techniker oder staatlich geprüfte Technikerin (in allen Fachrichtungen),</LA></DD><DT>–</DT><DD Font="normal"><LA>Staatlich geprüfter Betriebswirt oder staatlich geprüfte Betriebswirtin beziehungsweise staatlich geprüfter hauswirtschaftlicher Betriebsleiter oder staatlich geprüfte hauswirtschaftliche Betriebsleiterin (in allen Fachrichtungen),</LA></DD><DT>–</DT><DD Font="normal"><LA>Staatlich anerkannter Erzieher oder staatlich anerkannte Erzieherin beziehungsweise Staatlich anerkannter Heilerziehungspfleger oder staatlich anerkannte Heilerziehungspflegerin,</LA></DD><DT>–</DT><DD Font="normal"><LA>Staatlich anerkannter Heilpädagoge oder staatlich anerkannte Heilpädagogin;</LA></DD></DL></LA></DD><DT>3.</DT><DD Font="normal"><LA>Die im Folgenden aufgeführten formalen Qualifikationen (Abschlüsse) auf der Grundlage von Rechtsverordnungen nach § 45 Absatz 1 sowie § 51a Absatz 2 HwO über die Anforderungen in der Meisterprüfung in einem Gewerbe der Anlage A beziehungsweise B zur HwO <DL Type="Dash"><DT>–</DT><DD Font="normal"><LA>Meister aller Fachrichtungen oder Meisterinnen aller Fachrichtungen;</LA></DD></DL></LA></DD><DT>4.</DT><DD Font="normal"><LA>Die im Folgenden aufgeführten formalen Qualifikationen (Abschlüsse) auf der Grundlage der Fortgeltung bestehender Regelungen bei handwerklichen Meisterprüfungen nach § 122 HwO <DL Type="Dash"><DT>–</DT><DD Font="normal"><LA>Meister aller Fachrichtungen oder Meisterinnen aller Fachrichtungen;</LA></DD></DL></LA></DD><DT>5.</DT><DD Font="normal"><LA>Die im Folgenden aufgeführten formalen Qualifikationen (Abschlüsse) auf der Grundlage von Rechtsverordnungen über die Anforderungen in Meisterprüfungen nach § 53 BBiG beziehungsweise § 42 Absatz 1 HwO <DL Type="Dash"><DT>–</DT><DD Font="normal"><LA>Meister aller Fachrichtungen oder Meisterinnen aller Fachrichtungen;</LA></DD></DL></LA></DD><DT>6.</DT><DD Font="normal"><LA>Die im Folgenden aufgeführten beruflichen Fortbildungsqualifikationen aller zuständigen Stellen nach § 54 BBIG <DL Type="Dash"><DT>–</DT><DD Font="normal"><LA>Fachwirte, Meister und Techniker aller Fachrichtungen oder Fachwirtinnen, Meisterinnen und Technikerinnen aller Fachrichtungen, Geprüfte Berufsspezialisten aller Fachrichtungen oder Berufsspezialistinnen, Bachelor Professional in, Master Professional in</LA></DD></DL></LA></DD><DT>7.</DT><DD Font="normal"><LA>Staatlich anerkannte akademische Grade</LA><LA>Bachelor, Master, Magister, Diplom, Staatsexamen und denen Gleichgestellte, Doktoratsebene.</LA></DD></DL></P></Content></text></textdaten></norm>
</dokumente>