<?xml version="1.0" encoding="UTF-8" ?><!DOCTYPE dokumente SYSTEM "http://www.gesetze-im-internet.de/dtd/1.01/gii-norm.dtd">
<dokumente builddate="20120625151832" doknr="BJNR123720008"><norm builddate="20120625151832" doknr="BJNR123720008"><metadaten><jurabk>LSVAAbkBüsG</jurabk><ausfertigung-datum manuell="ja">2008-11-05</ausfertigung-datum><fundstelle typ="amtlich"><periodikum>BGBl II</periodikum><zitstelle>2008, 1237</zitstelle></fundstelle><langue>Gesetz zu dem Abkommen vom 7. Dezember 2004 zwischen der Regierung der Bundesrepublik Deutschland und dem Schweizerischen Bundesrat zum Vertrag vom 23. November 1964 über die Einbeziehung der Gemeinde Büsingen am Hochrhein in das schweizerische Zollgebiet über die Erhebung und die Ausrichtung eines Anteils der von der Schweiz in ihrem Staatsgebiet und im Gebiet der Gemeinde Büsingen am Hochrhein erhobenen leistungsabhängigen Schwerverkehrsabgabe (LSVA-Abkommen Büsingen)</langue></metadaten><textdaten/></norm>
</dokumente>