<?xml version="1.0" encoding="UTF-8" ?><!DOCTYPE dokumente SYSTEM "http://www.gesetze-im-internet.de/dtd/1.01/gii-norm.dtd">
<dokumente builddate="20230810213503" doknr="BJNR0D30A0023"><norm builddate="20230810213503" doknr="BJNR0D30A0023"><metadaten><jurabk>HEMBV</jurabk><amtabk>HEMBV</amtabk><ausfertigung-datum manuell="ja">2023-08-07</ausfertigung-datum><fundstelle typ="amtlich"><periodikum>BGBl I</periodikum><zitstelle>2023, Nr. 211</zitstelle></fundstelle><kurzue>Hinweisgeberschutzgesetz-Externe-Meldestelle-des-Bundes-Verordnung</kurzue><langue>Verordnung über die Organisation der nach dem Hinweisgeberschutzgesetz einzurichtenden externen Meldestelle des Bundes</langue></metadaten><textdaten><fussnoten><Content><P><BR/> <pre xml:space="preserve">(+++ Textnachweis ab: 11.8.2023 +++)<BR/><BR/></pre></P></Content></fussnoten></textdaten></norm>
<norm builddate="20230810213503" doknr="BJNR0D30A0023BJNE000100000"><metadaten><jurabk>HEMBV</jurabk><enbez>Eingangsformel</enbez></metadaten><textdaten><text format="XML"><Content><P>Auf Grund des § 41 des Hinweisgeberschutzgesetzes vom 31. Mai 2023 (BGBl. 2023 I Nr. 140) verordnet das Bundesministerium der Justiz im Einvernehmen mit dem Bundesministerium für Wirtschaft und Klimaschutz, dem Bundesministerium der Finanzen, dem Bundesministerium des Innern und für Heimat, dem Bundesministerium für Arbeit und Soziales, dem Bundesministerium der Verteidigung, dem Bundesministerium für Gesundheit und dem Bundesministerium für Umwelt, Naturschutz, nukleare Sicherheit und Verbraucherschutz:</P></Content></text></textdaten></norm>
<norm builddate="20230810213503" doknr="BJNR0D30A0023BJNE000200000"><metadaten><jurabk>HEMBV</jurabk><enbez>§ 1</enbez><titel format="XML">Rechtsaufsicht über die externe Meldestelle des Bundes</titel></metadaten><textdaten><text format="XML"><Content><P>Die externe Meldestelle des Bundes untersteht der Rechtsaufsicht des Bundesministeriums der Justiz.</P></Content></text></textdaten></norm>
<norm builddate="20230810213503" doknr="BJNR0D30A0023BJNE000300000"><metadaten><jurabk>HEMBV</jurabk><enbez>§ 2</enbez><titel format="XML">Meldekanäle</titel></metadaten><textdaten><text format="XML"><Content><P>(1) Das Bundesamt für Justiz richtet für die externe Meldestelle des Bundes die Meldekanäle nach § 27 des Hinweisgeberschutzgesetzes ein. Eingerichtet werden <DL Type="arabic"><DT>1.</DT><DD Font="normal"><LA>elektronische Meldekanäle,</LA></DD><DT>2.</DT><DD Font="normal"><LA>ein Meldeweg für postalische Meldungen und</LA></DD><DT>3.</DT><DD Font="normal"><LA>ein Meldeweg für telefonische Meldungen.</LA></DD></DL>Die Meldewege nach Satz 2 Nummer 1 bis 3 dienen auch der Kontaktaufnahme für Meldungen, die im Rahmen einer Zusammenkunft erstattet werden sollen.</P><P>(2) Das Bundesamt für Justiz kann sich bei der Ausgestaltung, der Einrichtung und dem Betrieb der Meldekanäle geeigneter externer Dienstleister bedienen.</P><P>(3) Informationen zu den Meldekanälen werden auf der Internetseite der externen Meldestelle des Bundes veröffentlicht.</P><P>(4) Meldungen, die im Bundesamt für Justiz auf anderen Wegen als über die nach Absatz 1 eingerichteten Meldekanäle eingehen, werden unverzüglich, unverändert und unmittelbar an die externe Meldestelle des Bundes weitergeleitet. Wird Mitarbeiterinnen oder Mitarbeitern des Bundesamts für Justiz, die nicht für die Bearbeitung der Meldungen an die externe Meldestelle des Bundes zuständig sind, der Inhalt eines Hinweises bekannt, so ist diesen Mitarbeiterinnen oder Mitarbeitern die Bekanntgabe des Inhalts des Hinweises oder der Identität der in § 8 Absatz 1 Satz 1 des Hinweisgeberschutzgesetzes genannten Personen untersagt. Dieses Verbot gilt nicht für die Weiterleitung nach Satz 1.</P></Content></text></textdaten></norm>
<norm builddate="20230810213503" doknr="BJNR0D30A0023BJNE000400000"><metadaten><jurabk>HEMBV</jurabk><enbez>§ 3</enbez><titel format="XML">Weitere vertrauliche Kommunikation</titel></metadaten><textdaten><text format="XML"><Content><P>(1) Die weitere vertrauliche Kommunikation zwischen der externen Meldestelle des Bundes und der hinweisgebenden Person erfolgt über die nach § 2 Absatz 1 eingerichteten Meldekanäle, es sei denn die hinweisgebende Person schlägt einen anderen Kommunikationsweg vor und seitens der externen Meldestelle des Bundes bestehen nach pflichtgemäßem Ermessen keine Einwände dagegen.</P><P>(2) Für die Kommunikation mit dem betroffenen Beschäftigungsgeber, Dritten, Gerichten und anderen Behörden im In- und Ausland richtet das Bundesamt für Justiz angemessene Verfahren für die Übermittlung personenbezogener Daten der in § 8 Absatz 1 des Hinweisgeberschutzgesetzes genannten Personen ein. Das Bundesamt für Justiz gibt die Übertragungswege auf seiner Internetseite bekannt.</P></Content></text></textdaten></norm>
<norm builddate="20230810213503" doknr="BJNR0D30A0023BJNE000500000"><metadaten><jurabk>HEMBV</jurabk><enbez>§ 4</enbez><titel format="XML">Umgang mit anonymen Meldungen</titel></metadaten><textdaten><text format="XML"><Content><P>(1) Die externe Meldestelle des Bundes nimmt auch anonym eingehende Meldungen über die nach § 2 Absatz 1 eingerichteten Meldekanäle entgegen und führt das Verfahren nach § 28 des Hinweisgeberschutzgesetzes.</P><P>(2) Die externe Meldestelle des Bundes ermöglicht ab dem 1. Juli 2024 die Erstattung von Meldungen in einer Weise, die die anonyme Kontaktaufnahme und die für die hinweisgebende Person anonyme Kommunikation zwischen hinweisgebender Person und externer Meldestelle zulässt.</P><P>(3) Gehen anonyme Meldungen ohne die Nutzung der nach Absatz 2 eröffneten Möglichkeit ein, sind § 11 Absatz 4, § 28 Absatz 1 und 4, § 29 Absatz 2 Nummer 2, § 31 Absatz 2 Satz 3, Absatz 5 Satz 1 und Absatz 6 Satz 1 des Hinweisgeberschutzgesetzes nur insoweit anzuwenden, als die hinweisgebende Person einen Kommunikationsweg eröffnet und seitens der externen Meldestelle des Bundes nach pflichtgemäßem Ermessen keine Einwände gegen die Nutzung des von der hinweisgebenden Person angebotenen Kommunikationswegs bestehen.</P></Content></text></textdaten></norm>
<norm builddate="20230810213503" doknr="BJNR0D30A0023BJNE000600000"><metadaten><jurabk>HEMBV</jurabk><enbez>§ 5</enbez><titel format="XML">Elektronische Aktenführung, Akteneinsicht und Digitalisierung von Dokumenten</titel></metadaten><textdaten><text format="XML"><Content><P>(1) Die externe Meldestelle des Bundes kann Akten ganz oder teilweise elektronisch führen.</P><P>(2) Die §§ 4 und 5 des Gesetzes über die Errichtung des Bundesamts für Justiz gelten für <DL Type="arabic"><DT>1.</DT><DD Font="normal"><LA>die elektronische Aktenführung,</LA></DD><DT>2.</DT><DD Font="normal"><LA>die Gewährung von Akteneinsicht und</LA></DD><DT>3.</DT><DD Font="normal"><LA>die Digitalisierung von Dokumenten.</LA></DD></DL></P></Content></text></textdaten></norm>
<norm builddate="20230810213503" doknr="BJNR0D30A0023BJNE000700000"><metadaten><jurabk>HEMBV</jurabk><enbez>§ 6</enbez><titel format="XML">Information und Beratung</titel></metadaten><textdaten><text format="XML"><Content><P>(1) Die externe Meldestelle des Bundes informiert und berät natürliche Personen, die in Erwägung ziehen, eine Meldung zu erstatten, insbesondere über <DL Type="arabic"><DT>1.</DT><DD Font="normal"><LA>die nach § 2 Absatz 1 eingerichteten Meldekanäle,</LA></DD><DT>2.</DT><DD Font="normal"><LA>die Möglichkeiten einer internen Meldung und deren Vorzüge,</LA></DD><DT>3.</DT><DD Font="normal"><LA>den persönlichen Anwendungsbereich nach § 1 des Hinweisgeberschutzgesetzes,</LA></DD><DT>4.</DT><DD Font="normal"><LA>den sachlichen Anwendungsbereich nach § 2 des Hinweisgeberschutzgesetzes, soweit die Zuständigkeit der externen Meldestelle des Bundes betroffen ist,</LA></DD><DT>5.</DT><DD Font="normal"><LA>mögliche Folgemaßnahmen nach § 29 des Hinweisgeberschutzgesetzes,</LA></DD><DT>6.</DT><DD Font="normal"><LA>die Voraussetzungen für den Schutz vor Repressalien und</LA></DD><DT>7.</DT><DD Font="normal"><LA>verfügbare Abhilfemöglichkeiten und Verfahren für den Schutz vor Repressalien.</LA></DD></DL></P><P>(2) Die §§ 8 und 9 des Hinweisgeberschutzgesetzes gelten für Informationen und Beratungen der externen Meldestelle des Bundes nach Absatz 1 entsprechend.</P><P>(3) Die Beratung umfasst keine rechtliche Prüfung des Einzelfalls.</P></Content></text></textdaten></norm>
<norm builddate="20230810213503" doknr="BJNR0D30A0023BJNE000800000"><metadaten><jurabk>HEMBV</jurabk><enbez>§ 7</enbez><titel format="XML">Weitere externe Meldestelle</titel></metadaten><textdaten><text format="XML"><Content><P>Für externe Meldungen über Verstöße innerhalb der externen Meldestelle des Bundes, die in die Zuständigkeit der externen Meldestelle des Bundes fallen, ist das Bundeskartellamt die weitere externe Meldestelle nach § 23 Absatz 1 des Hinweisgeberschutzgesetzes.</P></Content></text></textdaten></norm>
<norm builddate="20230810213503" doknr="BJNR0D30A0023BJNE000900000"><metadaten><jurabk>HEMBV</jurabk><enbez>§ 8</enbez><titel format="XML">Inkrafttreten</titel></metadaten><textdaten><text format="XML"><Content><P>Diese Verordnung tritt am Tag nach der Verkündung in Kraft.</P></Content></text></textdaten></norm>
</dokumente>