<?xml version="1.0" encoding="UTF-8" ?><!DOCTYPE dokumente SYSTEM "http://www.gesetze-im-internet.de/dtd/1.01/gii-norm.dtd">
<dokumente builddate="20190704212003" doknr="BJNR069200019"><norm builddate="20190704212003" doknr="BJNR069200019"><metadaten><jurabk>BewachV 2019</jurabk><amtabk>BewachV</amtabk><ausfertigung-datum manuell="ja">2019-05-03</ausfertigung-datum><fundstelle typ="amtlich"><periodikum>BGBl I</periodikum><zitstelle>2019, 692</zitstelle></fundstelle><kurzue>Bewachungsverordnung</kurzue><langue>Verordnung über das Bewachungsgewerbe</langue><standangabe checked="ja"><standtyp>Sonst</standtyp><standkommentar>Ersetzt V 7104-7 v. 7.12.1995 I 1602 (BewachV 1996)</standkommentar></standangabe><standangabe checked="ja"><standtyp>Stand</standtyp><standkommentar>Geändert durch Art. 2 V v. 24.6.2019 I 882</standkommentar></standangabe></metadaten><textdaten><fussnoten><Content><P><BR/> <pre xml:space="preserve">(+++ Textnachweis ab: 1.6.2019 +++)<BR/><BR/></pre></P></Content></fussnoten></textdaten></norm>
<norm builddate="20190704212003" doknr="BJNR069200019BJNE000100000"><metadaten><jurabk>BewachV 2019</jurabk><jurabk>BewachV</jurabk><enbez>Eingangsformel</enbez></metadaten><textdaten><text format="XML"><Content><P>Es verordnen auf Grund <DL Type="Dash"><DT>–</DT><DD Font="normal"><LA>des § 11b Absatz 9 Nummer 3 der Gewerbeordnung in der Fassung der Bekanntmachung vom 22. Februar 1999 (BGBl. I S. 202), der durch Artikel 1 Nummer 2 des Gesetzes vom 29. November 2018 (BGBl. I S. 2666) neu gefasst worden ist, das Bundesministerium für Wirtschaft und Energie im Einvernehmen mit dem Bundesministerium des Innern, für Bau und Heimat und dem Bundesministerium der Justiz und für Verbraucherschutz,</LA></DD><DT>–</DT><DD Font="normal"><LA>des § 34a Absatz 2 in Verbindung mit § 32 der Gewerbeordnung in der Fassung der Bekanntmachung vom 22. Februar 1999 (BGBl. I S. 202), von denen § 34a Absatz 2 zuletzt durch Artikel 1 Nummer 4 Buchstabe d des Gesetzes vom 29. November 2018 (BGBl. I S. 2666) geändert und § 32 durch Artikel 2 Nummer 4 des Gesetzes vom 11. Dezember 2018 (BGBl. I S. 2354) eingefügt worden sind, das Bundesministerium für Wirtschaft und Energie:</LA></DD></DL></P></Content></text></textdaten></norm>
<norm builddate="20190704212003" doknr="BJNR069200019BJNE000200000"><metadaten><jurabk>BewachV 2019</jurabk><jurabk>BewachV</jurabk><enbez>Inhaltsübersicht</enbez></metadaten><textdaten><text format="XML"><Content><TOC><Ident Class="S0">Abschnitt 1</Ident><Title Align="auto" Class="S0">Zuständigkeit,<BR/> Unterrichtung in<BR/> Strafsachen, Antragstellung</Title><P/><table colsep="0" frame="none" pgwide="1" rowsep="0" tocentry="%yes;"><tgroup align="left" char="" charoff="50" cols="2"><colspec colname="col1" colwidth="8*"/><colspec colname="col2" colwidth="72*"/><tbody valign="top"><row><entry VJ="1" colname="col1">§  1</entry><entry VJ="1" colname="col2">Örtliche Zuständigkeit</entry></row><row><entry VJ="1" colname="col1">§  2</entry><entry VJ="1" colname="col2">Unterrichtung in Strafsachen</entry></row><row><entry VJ="1" colname="col1">§  3</entry><entry VJ="1" colname="col2">Angaben bei der Antragstellung</entry></row></tbody></tgroup></table><P/><Ident Class="S0">Abschnitt 2</Ident><Title Align="auto" Class="S0">Unterrichtungsverfahren</Title><P/><table colsep="0" frame="none" pgwide="1" rowsep="0" tocentry="%yes;"><tgroup align="left" char="" charoff="50" cols="2"><colspec colname="col1" colwidth="8*"/><colspec colname="col2" colwidth="72*"/><tbody valign="top"><row><entry VJ="1" colname="col1">§  4</entry><entry VJ="1" colname="col2">Zweck</entry></row><row><entry VJ="1" colname="col1">§  5</entry><entry VJ="1" colname="col2">Zuständige Stelle</entry></row><row><entry VJ="1" colname="col1">§  6</entry><entry VJ="1" colname="col2">Verfahren</entry></row><row><entry VJ="1" colname="col1">§  7</entry><entry VJ="1" colname="col2">Inhalt der Unterrichtung</entry></row><row><entry VJ="1" colname="col1">§  8</entry><entry VJ="1" colname="col2">Anerkennung anderer Nachweise</entry></row></tbody></tgroup></table><P/><Ident Class="S0">Abschnitt 3</Ident><Title Align="auto" Class="S0">Sachkundeprüfung</Title><P/><table colsep="0" frame="none" pgwide="1" rowsep="0" tocentry="%yes;"><tgroup align="left" char="" charoff="50" cols="2"><colspec colname="col1" colwidth="8*"/><colspec colname="col2" colwidth="72*"/><tbody valign="top"><row><entry VJ="1" colname="col1">§  9</entry><entry VJ="1" colname="col2">Zweck und Gegenstand der Sachkundeprüfung</entry></row><row><entry VJ="1" colname="col1">§ 10</entry><entry VJ="1" colname="col2">Zuständige Stelle und Prüfungsausschuss</entry></row><row><entry VJ="1" colname="col1">§ 11</entry><entry VJ="1" colname="col2">Prüfung, Verfahren</entry></row><row><entry VJ="1" colname="col1">§ 12</entry><entry VJ="1" colname="col2">Anerkennung anderer Nachweise</entry></row></tbody></tgroup></table><P/><Ident Class="S0">Abschnitt 4</Ident><Title Align="auto" Class="S0">Anerkennung von<BR/> ausländischen Befähigungsnachweisen</Title><P/><table colsep="0" frame="none" pgwide="1" rowsep="0" tocentry="%yes;"><tgroup align="left" char="" charoff="50" cols="2"><colspec colname="col1" colwidth="8*"/><colspec colname="col2" colwidth="72*"/><tbody valign="top"><row><entry VJ="1" colname="col1">§ 13</entry><entry VJ="1" colname="col2">Gebrauch der Dienstleistungsfreiheit</entry></row></tbody></tgroup></table><P/><Ident Class="S0">Abschnitt 5</Ident><Title Align="auto" Class="S0">Anforderungen<BR/> an die Haftpflichtversicherung</Title><P/><table colsep="0" frame="none" pgwide="1" rowsep="0" tocentry="%yes;"><tgroup align="left" char="" charoff="50" cols="2"><colspec colname="col1" colwidth="8*"/><colspec colname="col2" colwidth="72*"/><tbody valign="top"><row><entry VJ="1" colname="col1" rowsep="0">§ 14</entry><entry VJ="1" colname="col2" rowsep="0">Umfang der Versicherung</entry></row><row><entry VJ="1" colname="col1">§ 15</entry><entry VJ="1" colname="col2">Versicherungsbestätigung, Anzeigepflicht des Versicherungsunternehmens</entry></row></tbody></tgroup></table><P/><Ident Class="S0">Abschnitt 6</Ident><Title Align="auto" Class="S0">Verpflichtungen<BR/> bei der Ausübung des Gewerbes</Title><P/><table colsep="0" frame="none" pgwide="1" rowsep="0" tocentry="%yes;"><tgroup align="left" char="" charoff="50" cols="2"><colspec colname="col1" colwidth="8*"/><colspec colname="col2" colwidth="72*"/><tbody valign="top"><row><entry VJ="1" colname="col1" rowsep="0">§ 16</entry><entry VJ="1" colname="col2" rowsep="0">Beschäftigte, An- und Abmeldung von Wach- und Leitungspersonal</entry></row><row><entry VJ="1" colname="col1" rowsep="0">§ 17</entry><entry VJ="1" colname="col2" rowsep="0">Dienstanweisung</entry></row><row><entry VJ="1" colname="col1" rowsep="0">§ 18</entry><entry VJ="1" colname="col2" rowsep="0">Ausweis, Kennzeichnung der Wachperson</entry></row><row><entry VJ="1" colname="col1" rowsep="0">§ 19</entry><entry VJ="1" colname="col2" rowsep="0">Dienstkleidung</entry></row><row><entry VJ="1" colname="col1" rowsep="0">§ 20</entry><entry VJ="1" colname="col2" rowsep="0">Behandlung der Waffen und Anzeigepflicht nach Waffengebrauch</entry></row><row><entry VJ="1" colname="col1">§ 21</entry><entry VJ="1" colname="col2">Buchführung und Aufbewahrung</entry></row></tbody></tgroup></table><P/><Ident Class="S0">Abschnitt 7</Ident><Title Align="auto" Class="S0">Ordnungswidrigkeiten</Title><P/><table colsep="0" frame="none" pgwide="1" rowsep="0" tocentry="%yes;"><tgroup align="left" char="" charoff="50" cols="2"><colspec colname="col1" colwidth="8*"/><colspec colname="col2" colwidth="72*"/><tbody valign="top"><row><entry VJ="1" colname="col1" rowsep="0">§ 22</entry><entry VJ="1" colname="col2" rowsep="0">Ordnungswidrigkeiten</entry></row></tbody></tgroup></table><P/><Ident Class="S0">Abschnitt 8</Ident><Title Align="auto" Class="S0">Schlussvorschriften</Title><P/><table colsep="0" frame="none" pgwide="1" rowsep="0" tocentry="%yes;"><tgroup align="left" char="" charoff="50" cols="2"><colspec colname="col1" colwidth="8*"/><colspec colname="col2" colwidth="72*"/><tbody valign="top"><row><entry VJ="1" colname="col1" rowsep="0">§ 23</entry><entry VJ="1" colname="col2" rowsep="0">Übergangsvorschriften</entry></row><row><entry VJ="1" colname="col1">§ 24</entry><entry VJ="1" colname="col2">Inkrafttreten, Außerkrafttreten</entry></row></tbody></tgroup></table></TOC></Content></text></textdaten></norm>
<norm builddate="20190704212003" doknr="BJNR069200019BJNG000100000"><metadaten><jurabk>BewachV 2019</jurabk><jurabk>BewachV</jurabk><gliederungseinheit><gliederungskennzahl>010</gliederungskennzahl><gliederungsbez>Abschnitt 1</gliederungsbez><gliederungstitel>Zuständigkeit, Unterrichtung in Strafsachen, Antragstellung</gliederungstitel></gliederungseinheit></metadaten><textdaten/></norm>
<norm builddate="20190704212003" doknr="BJNR069200019BJNE000300000"><metadaten><jurabk>BewachV 2019</jurabk><jurabk>BewachV</jurabk><enbez>§ 1</enbez><titel format="XML">Örtliche Zuständigkeit</titel></metadaten><textdaten><text format="XML"><Content><P>(1) § 34a der Gewerbeordnung wird für Gewerbetreibende sowie mit der Leitung des Betriebs oder einer Zweigniederlassung beauftragte Personen im Sinne des § 34a Absatz 1a Satz 3 der Gewerbeordnung durch die zuständige Behörde vollzogen, in deren Bezirk das Unternehmen oder im Falle von Niederlassungen die Hauptniederlassung betrieben wird oder werden soll.</P><P>(2) § 34a der Gewerbeordnung wird für Wachpersonen durch diejenige Behörde vollzogen, die am Hauptwohnsitz der natürlichen Person zuständig ist. Ist die Wachperson nach Satz 1 zugleich Gewerbetreibender oder eine mit der Leitung des Betriebs oder einer Zweigniederlassung beauftragte Person im Sinne des § 34a Absatz 1a Satz 3 der Gewerbeordnung, richtet sich die Zuständigkeit nach Absatz 1. Hat die Person nach Satz 1 keinen Hauptwohnsitz in der Bundesrepublik Deutschland, ist die Behörde am Betriebssitz desjenigen Gewerbetreibenden zuständig, welcher die natürliche Person als erster anmeldet.</P><P>(3) Die örtliche Zuständigkeit für die Untersagung der Beschäftigung einer Person nach § 34a Absatz 4 der Gewerbeordnung richtet sich nach Absatz 1.</P></Content></text></textdaten></norm>
<norm builddate="20190704212003" doknr="BJNR069200019BJNE000400000"><metadaten><jurabk>BewachV 2019</jurabk><jurabk>BewachV</jurabk><enbez>§ 2</enbez><titel format="XML">Unterrichtung in Strafsachen</titel></metadaten><textdaten><text format="XML"><Content><P>In Strafsachen gegen Gewerbetreibende im Sinne des § 34a Absatz 1 Satz 1 der Gewerbeordnung, gegen mit der Leitung des Betriebs oder einer Zweigniederlassung beauftragte Personen im Sinne des § 34a Absatz 1a Satz 3 der Gewerbeordnung und gegen Wachpersonen im Sinne des § 34a Absatz 1a Satz 1 der Gewerbeordnung übermitteln Staatsanwaltschaften und Gerichte folgende Informationen an die für den Vollzug des § 34a Gewerbeordnung zuständige Behörde, wenn der Tatvorwurf geeignet ist, Zweifel an der Zuverlässigkeit hervorzurufen: <DL Type="arabic"><DT>1.</DT><DD Font="normal"><LA>Erlass und Vollzug eines Haft- oder Unterbringungsbefehls,</LA></DD><DT>2.</DT><DD Font="normal"><LA>Anklageschrift oder an ihre Stelle tretende Antragsschrift,</LA></DD><DT>3.</DT><DD Font="normal"><LA>der Antrag auf Erlass eines Strafbefehls,</LA></DD><DT>4.</DT><DD Font="normal"><LA>die das Verfahren abschließende Entscheidung mit Begründung.</LA></DD></DL>Die Übermittlung von Informationen nach Satz 1 soll in einem elektronischen Verfahren erfolgen.</P></Content></text></textdaten></norm>
<norm builddate="20190704212003" doknr="BJNR069200019BJNE000500000"><metadaten><jurabk>BewachV 2019</jurabk><jurabk>BewachV</jurabk><enbez>§ 3</enbez><titel format="XML">Angaben bei der Antragstellung</titel></metadaten><textdaten><text format="XML"><Content><P>(1) Mit einem Antrag auf Erteilung einer Erlaubnis nach § 34a Absatz 1 der Gewerbeordnung hat die den Antrag stellende Person der zuständigen Behörde folgende Angaben zu übermitteln: <DL Type="arabic"><DT>1.</DT><DD Font="normal"><LA>Angaben zu natürlichen Personen; auch zu den mit der Leitung des Betriebs oder einer Zweigniederlassung zu beauftragenden Personen; bei Antragstellung für eine juristische Person Angaben zur Person jedes gesetzlichen Vertreters, bei Personengesellschaften Angaben zu jedem zur Geschäftsführung berufenen Gesellschafter: <DL Type="alpha"><DT>a)</DT><DD Font="normal"><LA>persönliche Daten: <DL Type="a-alpha"><DT>aa)</DT><DD Font="normal"><LA>Familienname, Geburtsname, frühere Namen, Vornamen,</LA></DD><DT>bb)</DT><DD Font="normal"><LA>Geschlecht,</LA></DD><DT>cc)</DT><DD Font="normal"><LA>Geburtsdatum, Geburtsort, Geburtsland, Staat,</LA></DD><DT>dd)</DT><DD Font="normal"><LA>Staatsangehörigkeiten,</LA></DD><DT>ee)</DT><DD Font="normal"><LA>Meldeanschrift bestehend aus Straße, Hausnummer, Postleitzahl, Ort, wenn vorhanden Zusatz, Land, Staat,</LA></DD><DT>ff)</DT><DD Font="normal"><LA>Telefonnummer, E-Mail-Adresse,</LA></DD></DL></LA></DD><DT>b)</DT><DD Font="normal"><LA>wenn vorhanden, Identifikationsnummer, die für die antragsstellende Person im Bewacherregister eingetragen ist (Bewacherregisteridentifikationsnummer),</LA></DD><DT>c)</DT><DD Font="normal"><LA>Art des Ausweisdokuments mit ausstellender Behörde, ausstellendem Staat, Datum der Ausstellung, Ausweisnummer, Ablaufdatum, maschinenlesbarem Namen sowie Inhalt der maschinenlesbaren Zone,</LA></DD><DT>d)</DT><DD Font="normal"><LA>Wohnorte in den letzten fünf Jahren unter Angabe des Zeitraums sowie Straße, Hausnummer, Postleitzahl, Ort, wenn vorhanden Zusatz, Land, Staat,</LA></DD><DT>e)</DT><DD Font="normal"><LA>Betriebsanschrift bestehend aus Straße, Hausnummer, Postleitzahl, Ort, wenn vorhanden Zusatz, Land, Staat, sowie Anschriften von Zweigniederlassungen und unselbstständigen Zweigstellen bestehend aus Straße, Hausnummer, Postleitzahl, Ort, wenn vorhanden Zusatz, Land, Staat,</LA></DD></DL></LA></DD><DT>2.</DT><DD Font="normal"><LA>Angaben zu juristischen Personen: <DL Type="alpha"><DT>a)</DT><DD Font="normal"><LA>Name des Unternehmens,</LA></DD><DT>b)</DT><DD Font="normal"><LA>nach Maßgabe der Nummer 1 die persönlichen Daten der zur Vertretung berufenen Person oder Personen,</LA></DD><DT>c)</DT><DD Font="normal"><LA>Rechtsform,</LA></DD><DT>d)</DT><DD Font="normal"><LA>Eintrag im Handels-, Genossenschafts- oder Vereinsregister, Registergericht sowie Nummer der Eintragung,</LA></DD><DT>e)</DT><DD Font="normal"><LA>Anschrift der Hauptniederlassung und sonstiger Betriebsstätten unter Angabe der Straße, Hausnummer, Postleitzahl, Ort, wenn vorhanden Zusatz, Land, Staat,</LA></DD><DT>f)</DT><DD Font="normal"><LA>Telefonnummer, E-Mail-Adresse.</LA></DD></DL></LA></DD></DL></P><P>(2) Mit dem Antrag auf Erteilung einer Erlaubnis hat die den Antrag stellende Person zudem folgende Unterlagen beizubringen: <DL Type="arabic"><DT>1.</DT><DD Font="normal"><LA>Bei Antragstellung für eine juristische Person den aktuellen Auszug aus dem Handels-, Genossenschafts- oder Vereinsregister,</LA></DD><DT>2.</DT><DD Font="normal"><LA>Bescheinigungen in Steuersachen des Finanzamtes und des Gemeindesteueramtes, bei juristischen Personen aller gesetzlicher Vertreter,</LA></DD><DT>3.</DT><DD Font="normal"><LA>Kopie des Personalausweises, des Reisepasses mit Meldebescheinigung, des Pass- oder Ausweisersatzes oder eines sonstigen amtlichen Ausweis- oder Identifizierungsdokuments, bei juristischen Personen aller gesetzlichen Vertreter,</LA></DD><DT>4.</DT><DD Font="normal"><LA>Nachweis über die erfolgreich abgelegte Sachkundeprüfung nach § 34a Absatz 1 Satz 3 Nummer 3 der Gewerbeordnung oder anerkennungsfähige andere Nachweise für die den Antrag stellende Person sowie die mit der Leitung des Betriebs oder einer Zweigniederlassung zu beauftragenden Personen; bei juristischen Personen für die gesetzlichen Vertreter, soweit sie selbst mit der Durchführung von Bewachungsaufgaben direkt befasst sind oder keine Person mit der Leitung des Betriebs oder einer Zweigniederlassung beauftragt haben, die einen Sachkundenachweis oder entsprechenden anderen Nachweis besitzt; auf Anforderung durch die zuständige Behörde sind die Nachweise im Original oder als beglaubigte Kopie beizubringen,</LA></DD><DT>5.</DT><DD Font="normal"><LA>Nachweis der Haftpflichtversicherung nach § 15,</LA></DD><DT>6.</DT><DD Font="normal"><LA>Auskunft aus dem Schuldnerverzeichnis.</LA></DD></DL></P><P>(3) Änderungen der Angaben nach Absatz 1, die nach Antragstellung eintreten, hat die den Antrag stellende Person der zuständigen Behörde unverzüglich mitzuteilen.</P></Content></text></textdaten></norm>
<norm builddate="20190704212003" doknr="BJNR069200019BJNG000200000"><metadaten><jurabk>BewachV 2019</jurabk><jurabk>BewachV</jurabk><gliederungseinheit><gliederungskennzahl>020</gliederungskennzahl><gliederungsbez>Abschnitt 2</gliederungsbez><gliederungstitel>Unterrichtungsverfahren</gliederungstitel></gliederungseinheit></metadaten><textdaten/></norm>
<norm builddate="20190704212003" doknr="BJNR069200019BJNE000600000"><metadaten><jurabk>BewachV 2019</jurabk><jurabk>BewachV</jurabk><enbez>§ 4</enbez><titel format="XML">Zweck</titel></metadaten><textdaten><text format="XML"><Content><P>Zweck der Unterrichtung nach § 34a Absatz 1a Satz 1 Nummer 2 der Gewerbeordnung ist es, Wachpersonen so zu befähigen, dass sie mit den für eine eigenverantwortliche Wahrnehmung von Bewachungsaufgaben erforderlichen Rechten und Pflichten sowie den damit verbundenen Befugnissen und deren praktischer Anwendung vertraut sind.</P></Content></text></textdaten></norm>
<norm builddate="20190704212003" doknr="BJNR069200019BJNE000700000"><metadaten><jurabk>BewachV 2019</jurabk><jurabk>BewachV</jurabk><enbez>§ 5</enbez><titel format="XML">Zuständige Stelle</titel></metadaten><textdaten><text format="XML"><Content><P>Die Unterrichtung kann bei jeder Industrie- und Handelskammer erfolgen, die diese anbietet.</P></Content></text></textdaten></norm>
<norm builddate="20190704212003" doknr="BJNR069200019BJNE000800000"><metadaten><jurabk>BewachV 2019</jurabk><jurabk>BewachV</jurabk><enbez>§ 6</enbez><titel format="XML">Verfahren</titel></metadaten><textdaten><text format="XML"><Content><P>(1) Die Unterrichtung erfolgt mündlich. Die zu unterrichtende Person muss über die zur Ausübung der Tätigkeit und zum Verständnis des Unterrichtungsverfahrens unverzichtbaren deutschen Sprachkenntnisse, mindestens auf dem Kompetenzniveau B1 des Gemeinsamen Europäischen Referenzrahmens verfügen. Die Unterrichtung hat mindestens 40 Unterrichtsstunden zu dauern. Eine Unterrichtsstunde beträgt 45 Minuten. Mehrere Personen können gleichzeitig unterrichtet werden, wobei die Zahl der Unterrichtsteilnehmer 20 nicht übersteigen soll.</P><P>(2) Die Industrie- und Handelskammer stellt eine Bescheinigung nach Anlage 1 aus, wenn die unterrichtete Person am Unterricht ohne Fehlzeiten teilgenommen hat und sich die Industrie- und Handelskammer durch geeignete Maßnahmen, insbesondere durch einen aktiven Dialog der unterrichtenden Person mit den Unterrichtsteilnehmern sowie durch mündliche und schriftliche Verständnisfragen nach jedem Sachgebiet, davon überzeugt hat, dass die Person mit den für eine eigenverantwortliche Wahrnehmung von Bewachungsaufgaben erforderlichen Rechten und Pflichten sowie den damit verbundenen Befugnissen und deren praktischer Anwendung nach Maßgabe des § 7 vertraut ist.</P></Content></text></textdaten></norm>
<norm builddate="20190704212003" doknr="BJNR069200019BJNE000900000"><metadaten><jurabk>BewachV 2019</jurabk><jurabk>BewachV</jurabk><enbez>§ 7</enbez><titel format="XML">Inhalt der Unterrichtung</titel></metadaten><textdaten><text format="XML"><Content><P>Die Unterrichtung umfasst nach näherer Bestimmung der Anlage 2 für alle Arten des Bewachungsgewerbes die fachspezifischen Rechte, Pflichten und Befugnisse folgender Sachgebiete: <DL Type="arabic"><DT>1.</DT><DD Font="normal"><LA>Recht der öffentlichen Sicherheit und Ordnung einschließlich Gewerberecht,</LA></DD><DT>2.</DT><DD Font="normal"><LA>Datenschutzrecht,</LA></DD><DT>3.</DT><DD Font="normal"><LA>Bürgerliches Gesetzbuch,</LA></DD><DT>4.</DT><DD Font="normal"><LA>Straf- und Strafverfahrensrecht, Umgang mit Waffen,</LA></DD><DT>5.</DT><DD Font="normal"><LA>Unfallverhütungsvorschrift Wach- und Sicherungsdienste,</LA></DD><DT>6.</DT><DD Font="normal"><LA>Umgang mit Menschen, insbesondere Verhalten in Gefahrensituationen, Deeskalationstechniken in Konfliktsituationen sowie interkulturelle Kompetenz unter besonderer Beachtung von Diversität und gesellschaftlicher Vielfalt und</LA></DD><DT>7.</DT><DD Font="normal"><LA>Grundzüge der Sicherheitstechnik.</LA></DD></DL></P></Content></text></textdaten></norm>
<norm builddate="20190704212003" doknr="BJNR069200019BJNE001001116"><metadaten><jurabk>BewachV 2019</jurabk><jurabk>BewachV</jurabk><enbez>§ 8</enbez><titel format="XML">Anerkennung anderer Nachweise</titel></metadaten><textdaten><text format="XML"><Content><P>Bei Vorliegen folgender Nachweise ist der Nachweis einer Unterrichtung nicht erforderlich: <DL Type="arabic"><DT>1.</DT><DD Font="normal"><LA>Nachweis einer mit Erfolg abgelegten Abschlussprüfung <DL Type="alpha"><DT>a)</DT><DD Font="normal"><LA>als geprüfte Werkschutzfachkraft,</LA></DD><DT>b)</DT><DD Font="normal"><LA>als geprüfte Schutz- und Sicherheitskraft,</LA></DD><DT>c)</DT><DD Font="normal"><LA>als Servicekraft für Schutz und Sicherheit,</LA></DD><DT>d)</DT><DD Font="normal"><LA>als Fachkraft für Schutz und Sicherheit,</LA></DD><DT>e)</DT><DD Font="normal"><LA>als geprüfter Meister für Schutz und Sicherheit oder als geprüfte Meisterin für Schutz und Sicherheit,</LA></DD><DT>f)</DT><DD Font="normal"><LA>als geprüfter Werkschutzmeister oder als geprüfte Werkschutzmeisterin,</LA></DD></DL></LA></DD><DT>2.</DT><DD Font="normal"><LA>Prüfungszeugnis über den erfolgreichen Abschluss im Rahmen einer Laufbahnprüfung mindestens für den mittleren Dienst im Bereich der Ausbildung für den Polizeivollzugsdienst eines Landes oder des Bundes, für den Justizvollzugsdienst, für den waffentragenden Bereich des Zolldienstes und für den Feldjägerdienst der Bundeswehr,</LA></DD><DT>3.</DT><DD Font="normal"><LA>Prüfungszeugnis über einen erfolgreichen Abschluss eines rechtswissenschaftlichen Studiums an einer Hochschule oder Akademie, die einen Abschluss verleiht, der einem Hochschulabschluss gleichgestellt ist, wenn zusätzlich ein Nachweis über eine Unterrichtung durch eine Industrie- und Handelskammer über die Sachgebiete nach § 7 Nummer 5 bis 7 vorliegt,</LA></DD><DT>4.</DT><DD Font="normal"><LA>Bescheinigung über eine erfolgreich abgelegte Sachkundeprüfung nach § 11 Absatz 7.</LA></DD></DL></P></Content></text><fussnoten/></textdaten></norm>
<norm builddate="20190704212003" doknr="BJNR069200019BJNG000300000"><metadaten><jurabk>BewachV 2019</jurabk><jurabk>BewachV</jurabk><gliederungseinheit><gliederungskennzahl>030</gliederungskennzahl><gliederungsbez>Abschnitt 3</gliederungsbez><gliederungstitel>Sachkundeprüfung</gliederungstitel></gliederungseinheit></metadaten><textdaten/></norm>
<norm builddate="20190704212003" doknr="BJNR069200019BJNE001100000"><metadaten><jurabk>BewachV 2019</jurabk><jurabk>BewachV</jurabk><enbez>§ 9</enbez><titel format="XML">Zweck und Gegenstand der Sachkundeprüfung</titel></metadaten><textdaten><text format="XML"><Content><P>(1) Zweck der Sachkundeprüfung nach § 34a Absatz 1 Satz 3 Nummer 3 und Absatz 1a Satz 2 der Gewerbeordnung ist es, den Nachweis zu erbringen, dass die dort genannten Personen die für die eigenverantwortliche Wahrnehmung der Bewachungsaufgaben erforderlichen Kenntnisse über die dafür notwendigen rechtlichen Vorschriften und fachbezogenen Pflichten und Befugnisse sowie deren praktische Anwendung erworben haben.</P><P>(2) Gegenstand der Sachkundeprüfung sind die in § 7 in Verbindung mit Anlage 2 aufgeführten Sachgebiete; die Prüfung soll sich auf jedes der dort aufgeführten Gebiete erstrecken.</P></Content></text></textdaten></norm>
<norm builddate="20190704212003" doknr="BJNR069200019BJNE001200000"><metadaten><jurabk>BewachV 2019</jurabk><jurabk>BewachV</jurabk><enbez>§ 10</enbez><titel format="XML">Zuständige Stelle und Prüfungsausschuss</titel></metadaten><textdaten><text format="XML"><Content><P>(1) Die Sachkundeprüfung kann bei jeder Industrie- und Handelskammer abgelegt werden, die diese anbietet.</P><P>(2) Für die Abnahme der Prüfung errichtet die Industrie- und Handelskammer mindestens einen Prüfungsausschuss. Sie beruft die Mitglieder des Ausschusses sowie den Vorsitzenden und seinen Stellvertreter. Die Mitglieder müssen für die Prüfungsgebiete sachkundig und für die Mitwirkung im Prüfungswesen geeignet sein.</P></Content></text></textdaten></norm>
<norm builddate="20190704212003" doknr="BJNR069200019BJNE001300000"><metadaten><jurabk>BewachV 2019</jurabk><jurabk>BewachV</jurabk><enbez>§ 11</enbez><titel format="XML">Prüfung, Verfahren</titel></metadaten><textdaten><text format="XML"><Content><P>(1) Die Sachkundeprüfung ist in einen mündlichen und einen schriftlichen Teil zu gliedern.</P><P>(2) Im mündlichen Prüfungsteil können gleichzeitig bis zu fünf Prüflinge geprüft werden; er soll für jeden Prüfling etwa 15 Minuten dauern. Im mündlichen Prüfungsteil ist ein Schwerpunkt auf die in § 7 Nummer 1 und 6 genannten Gebiete zu legen.</P><P>(3) Der schriftliche Teil der Prüfung kann mit Hilfe unterschiedlicher Medien durchgeführt werden.</P><P>(4) Die Leistung des Prüflings ist von dem Prüfungsausschuss mit bestanden oder nicht bestanden zu bewerten. Die Prüfung ist bestanden, wenn die Leistungen des Prüflings im schriftlichen Teil und im mündlichen Teil der Prüfung jeweils mindestens mit ausreichend bewertet wurden.</P><P>(5) Die Prüfung ist nicht öffentlich. Es können jedoch außer den Mitgliedern des Prüfungsausschusses und den zu prüfenden Personen folgende Personen anwesend sein: <DL Type="arabic"><DT>1.</DT><DD Font="normal"><LA>beauftragte Vertreter der Aufsichtsbehörden,</LA></DD><DT>2.</DT><DD Font="normal"><LA>Mitglieder eines anderen Prüfungsausschusses,</LA></DD><DT>3.</DT><DD Font="normal"><LA>Vertreter der Industrie- und Handelskammern,</LA></DD><DT>4.</DT><DD Font="normal"><LA>Personen, die beauftragt sind, die Qualität der Prüfungen zu kontrollieren, oder</LA></DD><DT>5.</DT><DD Font="normal"><LA>Personen, die dafür vorgesehen sind, in einen Prüfungsausschuss berufen zu werden.</LA></DD></DL>Diese Personen dürfen nicht in die laufende Prüfung eingreifen oder in die Beratung über das Prüfungsergebnis einbezogen werden.</P><P>(6) Die Prüfung darf wiederholt werden.</P><P>(7) Die Industrie- und Handelskammer stellt eine Bescheinigung nach Anlage 3 aus, wenn die geprüfte Person die Prüfung erfolgreich abgelegt hat.</P><P>(8) Die Einzelheiten des Prüfungsverfahrens regeln die Industrie- und Handelskammern nach Maßgabe des § 32 der Gewerbeordnung durch Satzung.</P></Content></text></textdaten></norm>
<norm builddate="20190704212003" doknr="BJNR069200019BJNE001400000"><metadaten><jurabk>BewachV 2019</jurabk><jurabk>BewachV</jurabk><enbez>§ 12</enbez><titel format="XML">Anerkennung anderer Nachweise</titel></metadaten><textdaten><text format="XML"><Content><P>Inhaber der in § 8 Nummer 1 bis 3 genannten Nachweise bedürfen nicht der Prüfung nach § 9.</P></Content></text></textdaten></norm>
<norm builddate="20190704212003" doknr="BJNR069200019BJNG000400000"><metadaten><jurabk>BewachV 2019</jurabk><jurabk>BewachV</jurabk><gliederungseinheit><gliederungskennzahl>040</gliederungskennzahl><gliederungsbez>Abschnitt 4</gliederungsbez><gliederungstitel>Anerkennung von ausländischen Befähigungsnachweisen</gliederungstitel></gliederungseinheit></metadaten><textdaten/></norm>
<norm builddate="20190704212003" doknr="BJNR069200019BJNE001500000"><metadaten><jurabk>BewachV 2019</jurabk><jurabk>BewachV</jurabk><enbez>§ 13</enbez><titel format="XML">Gebrauch der Dienstleistungsfreiheit</titel></metadaten><textdaten><text format="XML"><Content><P>(1) Wenn unter Berücksichtigung der konkret beabsichtigten Tätigkeit bei unzureichender Qualifikation eine schwere Gefahr für die Gesundheit oder Sicherheit der Dienstleistungsempfänger bestünde, hat die für den Vollzug des § 34a der Gewerbeordnung zuständige Behörde vor dem erstmaligen Erbringen einer nur vorübergehenden und gelegentlichen Bewachungsdienstleistung im Inland zu überprüfen, ob ein wesentlicher Unterschied zwischen der Qualifikation der nach § 13a der Gewerbeordnung Anzeige erstattenden Person und den geforderten Kenntnissen besteht.</P><P>(2) Im Fall des § 13a Absatz 3 der Gewerbeordnung unterrichtet die für den Vollzug des § 34a der Gewerbeordnung zuständige Behörde die Anzeige erstattende Person über ihr Wahlrecht nach § 13c Absatz 3 der Gewerbeordnung.</P></Content></text></textdaten></norm>
<norm builddate="20190704212003" doknr="BJNR069200019BJNG000500000"><metadaten><jurabk>BewachV 2019</jurabk><jurabk>BewachV</jurabk><gliederungseinheit><gliederungskennzahl>050</gliederungskennzahl><gliederungsbez>Abschnitt 5</gliederungsbez><gliederungstitel>Anforderungen an die Haftpflichtversicherung</gliederungstitel></gliederungseinheit></metadaten><textdaten/></norm>
<norm builddate="20190704212003" doknr="BJNR069200019BJNE001600000"><metadaten><jurabk>BewachV 2019</jurabk><jurabk>BewachV</jurabk><enbez>§ 14</enbez><titel format="XML">Umfang der Versicherung</titel></metadaten><textdaten><text format="XML"><Content><P>(1) Die Versicherung nach § 34a Absatz 1 Satz 3 Nummer 4 der Gewerbeordnung muss bei einem im Inland zum Geschäftsbetrieb zugelassenen Versicherungsunternehmen abgeschlossen werden.</P><P>(2) Die Mindestversicherungssumme beträgt je Schadensereignis <DL Type="arabic"><DT>1.</DT><DD Font="normal"><LA>für Personenschäden 1 000 000 Euro,</LA></DD><DT>2.</DT><DD Font="normal"><LA>für Sachschäden 250 000 Euro,</LA></DD><DT>3.</DT><DD Font="normal"><LA>für das Abhandenkommen bewachter Sachen 15 000 Euro,</LA></DD><DT>4.</DT><DD Font="normal"><LA>für reine Vermögensschäden 12 500 Euro.</LA></DD></DL>Die Leistungen des Versicherungsunternehmens für alle innerhalb eines Versicherungsjahres verursachten Schäden können auf den doppelten Betrag der Mindestversicherungssumme begrenzt werden. Die in Satz 1 Nummer 3 und 4 genannten Risiken sind von der Versicherungspflicht ausgenommen, soweit der Gewerbetreibende nur für Auftraggeber tätig wird, die sich mit dieser Einschränkung der Versicherungspflicht nachweislich einverstanden erklärt haben.</P><P>(3) Der Versicherungsvertrag muss Deckung für die sich aus der gewerblichen Tätigkeit nach § 34a Absatz 1 Satz 1 der Gewerbeordnung ergebenden Haftpflichtgefahren für Personen-, Sach- und Vermögensschäden gewähren. Der Versicherungsvertrag muss sich auch auf solche Schäden erstrecken, für die der Versicherungspflichtige nach § 278 oder § 831 des Bürgerlichen Gesetzbuchs einzustehen hat, soweit Erfüllungsgehilfen oder Verrichtungsgehilfen nicht selbst zum Abschluss einer solchen Berufshaftpflichtversicherung verpflichtet sind. Ist der Gewerbetreibende in einer oder mehreren Personenhandelsgesellschaften als geschäftsführender Gesellschafter tätig, so muss für die jeweilige Personenhandelsgesellschaft jeweils ein Versicherungsvertrag abgeschlossen werden; der Versicherungsvertrag kann auch die Tätigkeit des Gewerbetreibenden nach Satz 1 abdecken.</P></Content></text></textdaten></norm>
<norm builddate="20190704212003" doknr="BJNR069200019BJNE001700000"><metadaten><jurabk>BewachV 2019</jurabk><jurabk>BewachV</jurabk><enbez>§ 15</enbez><titel format="XML">Versicherungsbestätigung, Anzeigepflicht des Versicherungsunternehmens</titel></metadaten><textdaten><text format="XML"><Content><P>(1) Die vom Versicherungsunternehmen erteilte Versicherungsbestätigung nach § 113 Absatz 2 des Versicherungsvertragsgesetzes darf zum Zeitpunkt der Antragstellung bei der für die Erlaubniserteilung nach § 34a der Gewerbeordnung zuständigen Behörde nicht älter als drei Monate sein.</P><P>(2) Das Versicherungsunternehmen ist verpflichtet, der für die Erlaubniserteilung zuständigen Behörde unverzüglich Folgendes anzuzeigen: <DL Type="arabic"><DT>1.</DT><DD Font="normal"><LA>die Beendigung des Versicherungsvertrags, insbesondere infolge einer wirksamen Kündigung,</LA></DD><DT>2.</DT><DD Font="normal"><LA>das Ausscheiden eines Versicherungsnehmers aus einem Gruppenversicherungsvertrag sowie</LA></DD><DT>3.</DT><DD Font="normal"><LA>jede Änderung des Versicherungsvertrags, die den vorgeschriebenen Versicherungsschutz im Verhältnis zu Dritten beeinträchtigen kann.</LA></DD></DL></P><P>(3) Zuständige Stelle im Sinne des § 117 Absatz 2 des Versicherungsvertragsgesetzes ist die für die Erlaubniserteilung nach § 34a der Gewerbeordnung zuständige Behörde.</P></Content></text></textdaten></norm>
<norm builddate="20190704212003" doknr="BJNR069200019BJNG000600000"><metadaten><jurabk>BewachV 2019</jurabk><jurabk>BewachV</jurabk><gliederungseinheit><gliederungskennzahl>060</gliederungskennzahl><gliederungsbez>Abschnitt 6</gliederungsbez><gliederungstitel>Verpflichtungen bei der Ausübung des Gewerbes</gliederungstitel></gliederungseinheit></metadaten><textdaten/></norm>
<norm builddate="20190704212003" doknr="BJNR069200019BJNE001800000"><metadaten><jurabk>BewachV 2019</jurabk><jurabk>BewachV</jurabk><enbez>§ 16</enbez><titel format="XML">Beschäftigte, An- und Abmeldung von Wach- und Leitungspersonal</titel></metadaten><textdaten><text format="XML"><Content><P>(1) Der Gewerbetreibende darf mit Bewachungsaufgaben sowie mit der Leitung eines Betriebs oder einer Zweigniederlassung nur eine Person beschäftigen, wenn er das Verfahren nach den Absätzen 2 und 3 eingehalten hat, die Mitteilung nach Absatz 2 Satz 3 oder die Bestätigung nach Absatz 3 Satz 2 erhalten hat und die zu beschäftigende Person <DL Type="arabic"><DT>1.</DT><DD Font="normal"><LA>zuverlässig ist,</LA></DD><DT>2.</DT><DD Font="normal"><LA>das 18. Lebensjahr vollendet hat oder einen in § 8 bezeichneten Abschluss besitzt und</LA></DD><DT>3.</DT><DD Font="normal"><LA>die für ihre Tätigkeit notwendige Befähigung besitzt.</LA></DD></DL></P><P>(2) Der Gewerbetreibende hat eine Person, <DL Type="arabic"><DT>1.</DT><DD Font="normal"><LA>die er als Wachperson beschäftigen will, vor der Beschäftigung mit Bewachungsaufgaben oder</LA></DD><DT>2.</DT><DD Font="normal"><LA>die er mit der Leitung des Betriebs oder einer Zweigniederlassung beauftragen will, vor der Beauftragung mit der Leitung des Betriebs oder einer Zweigniederlassung</LA></DD></DL>über das Bewacherregister anzumelden. Der Gewerbetreibende hat mit der Anmeldung neben den durch das Hochladen der Ausweiskopie nach § 11b Absatz 2 Nummer 1 Buchstabe h und Nummer 3 Buchstabe g in Verbindung mit Absatz 5 der Gewerbeordnung gemeldeten Angaben folgende Angaben zur zu meldenden Person zu übermitteln: <DL Type="arabic"><DT>1.</DT><DD Font="normal"><LA>Familienname, Geburtsname, frühere Namen, Vornamen,</LA></DD><DT>2.</DT><DD Font="normal"><LA>Geschlecht,</LA></DD><DT>3.</DT><DD Font="normal"><LA>Geburtsdatum, Geburtsort, Geburtsland, Staat,</LA></DD><DT>4.</DT><DD Font="normal"><LA>Staatsangehörigkeiten,</LA></DD><DT>5.</DT><DD Font="normal"><LA>Meldeanschrift bestehend aus Straße, Hausnummer, Postleitzahl, Ort, wenn vorhanden Zusatz, Land, Staat,</LA></DD><DT>6.</DT><DD Font="normal"><LA>Wohnorte in den letzten fünf Jahren unter Angabe des Zeitraums sowie Straße, Hausnummer, Postleitzahl, Ort, wenn vorhanden Zusatz, Land, Staat,</LA></DD><DT>7.</DT><DD Font="normal"><LA>bei einer Wachperson die Angabe der beabsichtigten Tätigkeit der Wachperson nach § 34a Absatz 1a Satz 2 und Satz 5 der Gewerbeordnung,</LA></DD><DT>8.</DT><DD Font="normal"><LA>Daten zu Sachkunde- und Unterrichtungsnachweisen oder anderen anerkennungsfähigen Nachweisen bestehend aus Art der Qualifikation, Unterrichtungszeitraum oder Datum der Sachkundeprüfung, Ausstellungsdatum des Qualifikationsnachweises, wenn vorhanden Identifikationsnummer der Industrie- und Handelskammer, sowie eine Kopie des Nachweisdokuments oder Bescheinigungen des Gewerbetreibenden nach § 23.</LA></DD></DL>Die nach § 1 zuständige Behörde teilt dem Gewerbetreibenden das Ergebnis der Überprüfung der Qualifikation und der Zuverlässigkeit unter Angabe des Datums der letzten Zuverlässigkeitsüberprüfung und der Registeridentifikationsnummer der gemeldeten Person aus dem Bewacherregister sowie die zulässigen Einsatzmöglichkeiten mit. Der Gewerbetreibende hat die gemeldete Person über die Mitteilung nach Satz 3 zu unterrichten.</P><P>(3) Hat die anzumeldende Wachperson oder mit der Leitung des Betriebs oder einer Zweigniederlassung beauftragte Person eine gültige Bewacherregisteridentifikationsnummer, sind bei der Anmeldung durch den Gewerbetreibenden folgende Angaben über das Register zu übermitteln: <DL Type="arabic"><DT>1.</DT><DD Font="normal"><LA>Bewacherregisteridentifikationsnummer der anzumeldenden Person,</LA></DD><DT>2.</DT><DD Font="normal"><LA>Familienname, Vornamen,</LA></DD><DT>3.</DT><DD Font="normal"><LA>Geburtsdatum, Geburtsort, Staat,</LA></DD><DT>4.</DT><DD Font="normal"><LA>Meldeanschrift bestehend aus Straße, Hausnummer, Postleitzahl, Ort, wenn vorhanden Zusatz, Land, Staat,</LA></DD><DT>5.</DT><DD Font="normal"><LA>Nummer des Ausweisdokuments, bei Abweichungen gegenüber dem bisherigen Ausweisdokument ist eine Ausweiskopie gemäß § 11b Absatz 2 Nummer 1 Buchstabe h und Nummer 3 Buchstabe g in Verbindung mit Absatz 5 der Gewerbeordnung über das Bewacherregister hochzuladen,</LA></DD><DT>6.</DT><DD Font="normal"><LA>bei einer Wachperson die Angabe der beabsichtigten Tätigkeit der Wachperson gemäß § 34a Absatz 1a Satz 2 und Satz 5 der Gewerbeordnung,</LA></DD><DT>7.</DT><DD Font="normal"><LA>bei Vorliegen einer neuen Qualifikation oder, wenn die beabsichtigte Tätigkeit der Wachperson eine höhere Qualifikation erforderlich macht, Daten zu Sachkunde- und Unterrichtungsnachweisen oder anderen anerkennungsfähigen Nachweisen bestehend aus Art der Qualifikation, Unterrichtungszeitraum oder Datum der Sachkundeprüfung, Ausstellungsdatum des Qualifikationsnachweises, wenn vorhanden Identifikationsnummer der Industrie- und Handelskammer, sowie eine Kopie des Nachweisdokuments oder Bescheinigungen des Gewerbetreibenden nach § 23.</LA></DD></DL>Der Gewerbetreibende erhält vom Bewacherregister eine elektronische Bestätigung der Anmeldung sowie der zulässigen Einsatzmöglichkeiten, wenn die Angaben den im Bewacherregister hinterlegten Angaben entsprechen.</P><P>(4) Absatz 2 gilt entsprechend für die Regelüberprüfung der Zuverlässigkeit nach § 34a Absatz 1 Satz 10, auch in Verbindung mit Absatz 1a Satz 7 der Gewerbeordnung.</P><P>(5) Die Absätze 1 und 3 gelten entsprechend für Gewerbetreibende, die Wachpersonen oder mit der Leitung des Betriebs oder einer Zweigniederlassung beauftragte Personen entleihen und mit der Durchführung von Bewachungsaufgaben oder mit der Leitung des Betriebs oder einer Zweigniederlassung nach § 34a der Gewerbeordnung im Wege der Arbeitnehmerüberlassung beauftragen.</P><P>(6) Die Abmeldung von Wachpersonen und mit der Leitung des Betriebs oder einer Zweigniederlassung beauftragte Personen richtet sich nach § 11b Absatz 6 Satz 5 der Gewerbeordnung.</P></Content></text></textdaten></norm>
<norm builddate="20190704212003" doknr="BJNR069200019BJNE001900000"><metadaten><jurabk>BewachV 2019</jurabk><jurabk>BewachV</jurabk><enbez>§ 17</enbez><titel format="XML">Dienstanweisung</titel></metadaten><textdaten><text format="XML"><Content><P>(1) Der Gewerbetreibende hat den Wachdienst durch eine Dienstanweisung nach Maßgabe der Sätze 2 und 3 zu regeln. Die Dienstanweisung muss den Hinweis enthalten, dass die Wachperson nicht die Eigenschaft und die Befugnisse eines Polizeivollzugsbeamten, oder eines sonstigen Bediensteten einer Behörde besitzt. Die Dienstanweisung muss ferner bestimmen, dass die Wachperson während des Dienstes nur mit Zustimmung des Gewerbetreibenden eine Schusswaffe, Hieb- und Stoßwaffen sowie Reizstoffsprühgeräte führen darf und jeden Gebrauch dieser Waffen unverzüglich der zuständigen Polizeidienststelle und dem Gewerbetreibenden anzuzeigen hat.</P><P>(2) Der Gewerbetreibende hat der Wachperson vor der ersten Aufnahme der Bewachungstätigkeit einen Abdruck der Dienstanweisung gegen Empfangsbescheinigung auszuhändigen.</P><P>(3) Der Gewerbetreibende hat die in seinem Gewerbebetrieb beschäftigten Personen vor der ersten Aufnahme der Bewachungstätigkeit schriftlich zu verpflichten, auch nach ihrem Ausscheiden Geschäfts- und Betriebsgeheimnisse Dritter, die ihnen in Ausübung des Dienstes bekannt geworden sind, nicht unbefugt zu offenbaren.</P></Content></text></textdaten></norm>
<norm builddate="20190704212003" doknr="BJNR069200019BJNE002000000"><metadaten><jurabk>BewachV 2019</jurabk><jurabk>BewachV</jurabk><enbez>§ 18</enbez><titel format="XML">Ausweis, Kennzeichnung der Wachperson</titel></metadaten><textdaten><text format="XML"><Content><P>(1) Der Gewerbetreibende hat der Wachperson spätestens vor der ersten Aufnahme der Bewachungstätigkeit einen Ausweis nach Maßgabe der Sätze 2 und 3 auszustellen. Der Ausweis muss enthalten: <DL Type="arabic"><DT>1.</DT><DD Font="normal"><LA>Familienname und Vornamen der Wachperson,</LA></DD><DT>2.</DT><DD Font="normal"><LA>Namen und Anschrift des Gewerbetreibenden,</LA></DD><DT>3.</DT><DD Font="normal"><LA>Bezeichnung und Anschrift des Gewerbebetriebs, sofern diese abweichen von Namen oder Anschrift des Gewerbetreibenden nach Nummer 2,</LA></DD><DT>4.</DT><DD Font="normal"><LA>Unterschriften der Wachperson sowie des Gewerbetreibenden, seines Vertreters oder seines Bevollmächtigten,</LA></DD><DT>5.</DT><DD Font="normal"><LA>Bewacherregisteridentifikationsnummern der Wachperson und des Bewachungsunternehmens.</LA></DD></DL>Der Ausweis muss so beschaffen sein, dass er sich von amtlichen Ausweisen deutlich unterscheidet.</P><P>(2) Jede Wachperson ist verpflichtet, den Ausweis in Verbindung mit dem im Bewacherregister angegebenen Ausweis- oder Identifizierungsdokument während des Wachdienstes mitzuführen und auf Verlangen den Beauftragten der Vollzugsbehörden, insbesondere Ordnungsämter, Polizei- oder Zollbehörden, vorzuzeigen.</P><P>(3) Jede Wachperson, die Tätigkeiten nach § 34a Absatz 1a Satz 2 Nummer 1 und 3 bis 5 der Gewerbeordnung ausübt, hat während dieser Tätigkeiten sichtbar ein Schild mit ihrem Namen oder einer Kennnummer sowie der Bezeichnung des Gewerbebetriebs zu tragen. In den Fällen des § 34a Absatz 1a Satz 2 Nummer 4 und 5 der Gewerbeordnung gilt das auch für jede Wachperson in nicht leitender Funktion. Der Gewerbetreibende hat der Wachperson zu diesem Zweck spätestens vor der ersten Aufnahme der Bewachungstätigkeit ein entsprechendes Schild auszustellen.</P><P>(4) Die Absätze 1 bis 3 gelten entsprechend für Gewerbetreibende, die selbst als Wachperson tätig werden.</P></Content></text></textdaten></norm>
<norm builddate="20190704212003" doknr="BJNR069200019BJNE002100000"><metadaten><jurabk>BewachV 2019</jurabk><jurabk>BewachV</jurabk><enbez>§ 19</enbez><titel format="XML">Dienstkleidung</titel></metadaten><textdaten><text format="XML"><Content><P>(1) Bestimmt der Gewerbetreibende für seine Wachpersonen eine Dienstkleidung, so hat er dafür zu sorgen, dass sie sich von Uniformen der Angehörigen von Streitkräften oder behördlichen Vollzugsorganen deutlich unterscheiden und dass keine Abzeichen verwendet werden, die Amtsabzeichen zum Verwechseln ähnlich sind.</P><P>(2) Jede Wachperson, die befriedetes Besitztum in Ausübung ihres Dienstes betreten soll, muss eine Dienstkleidung tragen. Satz 1 gilt entsprechend für Gewerbetreibende, die selbst als Wachperson tätig werden.</P></Content></text></textdaten></norm>
<norm builddate="20190704212003" doknr="BJNR069200019BJNE002200000"><metadaten><jurabk>BewachV 2019</jurabk><jurabk>BewachV</jurabk><enbez>§ 20</enbez><titel format="XML">Behandlung der Waffen und Anzeigepflicht nach Waffengebrauch</titel></metadaten><textdaten><text format="XML"><Content><P>(1) Der Gewerbetreibende ist für die sichere Aufbewahrung der Waffen und der Munition verantwortlich. Er hat die ordnungsgemäße Rückgabe der Waffen und der Munition nach Beendigung des Wachdienstes sicherzustellen.</P><P>(2) Hat der Gewerbetreibende oder eine Wachperson im Wachdienst von Waffen Gebrauch gemacht, so hat der Gewerbetreibende dies unverzüglich der für den Vollzug des § 34a der Gewerbeordnung zuständigen Behörde und, soweit noch keine Anzeige nach § 17 Absatz 1 Satz 3 erfolgt ist, der zuständigen Polizeidienststelle anzuzeigen.</P></Content></text></textdaten></norm>
<norm builddate="20190704212003" doknr="BJNR069200019BJNE002300000"><metadaten><jurabk>BewachV 2019</jurabk><jurabk>BewachV</jurabk><enbez>§ 21</enbez><titel format="XML">Buchführung und Aufbewahrung</titel></metadaten><textdaten><text format="XML"><Content><P>(1) Der Gewerbetreibende hat nach Maßgabe des Satzes 2 und der Absätze 2 bis 4 die Pflicht, Aufzeichnungen zu machen sowie die dort genannten Belege an der Hauptniederlassung seines Gewerbebetriebs übersichtlich zu sammeln. Die Aufzeichnungen sind unverzüglich und in deutscher Sprache anzufertigen.</P><P>(2) Der Gewerbetreibende hat für jeden Bewachungsvertrag Namen und Anschrift des Auftraggebers, Inhalt und Art des Auftrages sowie Tag des Vertragsabschlusses aufzuzeichnen. Darüber hinaus hat er Aufzeichnungen anzufertigen über: <DL Type="arabic"><DT>1.</DT><DD Font="normal"><LA>die in § 16 Absatz 2 Satz 2 und Absatz 3 genannten Angaben über die Wachpersonen sowie den Tag der Einstellung und den Tag der Beendigung des Beschäftigungsverhältnisses von Wachpersonen,</LA></DD><DT>2.</DT><DD Font="normal"><LA>die Belehrung der Wachpersonen über die Pflicht zur Mitführung und zum Vorzeigen des Ausweises gemäß § 18 Absatz 2,</LA></DD><DT>3.</DT><DD Font="normal"><LA>die Belehrung der Wachpersonen über die Pflicht, ein Namensschild oder eine Kennnummer zu tragen gemäß § 18 Absatz 3,</LA></DD><DT>4.</DT><DD Font="normal"><LA>die Überlassung von Schusswaffen und Munition nach § 28 Absatz 3 Satz 2 des Waffengesetzes und über die Rückgabe nach § 20 Absatz 1 Satz 2.</LA></DD></DL></P><P>(3) Der Gewerbetreibende hat folgende Belege zu sammeln: <DL Type="arabic"><DT>1.</DT><DD Font="normal"><LA>den Versicherungsvertrag nach § 14 Absatz 1,</LA></DD><DT>2.</DT><DD Font="normal"><LA>Nachweise über die Zuverlässigkeit und Befähigung von Personen nach § 16 Absatz 1 Satz 1,</LA></DD><DT>3.</DT><DD Font="normal"><LA>die Dienstanweisung nach § 17 Absatz 1 Satz 1 und die Empfangsbescheinigung nach § 17 Absatz 2,</LA></DD><DT>4.</DT><DD Font="normal"><LA>die Verpflichtungserklärung nach § 17 Absatz 3,</LA></DD><DT>5.</DT><DD Font="normal"><LA>den Vordruck eines Ausweises nach § 18 Absatz 1 Satz 1 und 2,</LA></DD><DT>6.</DT><DD Font="normal"><LA>die Benennung nach § 28 Absatz 3 Satz 1 des Waffengesetzes und die behördliche Zustimmung nach § 28 Absatz 3 Satz 2 des Waffengesetzes,</LA></DD><DT>7.</DT><DD Font="normal"><LA>eine Anzeige über einen Waffengebrauch nach § 20 Absatz 2.</LA></DD></DL></P><P>(4) Die Aufzeichnungen und Belege sind bis zum Schluss des dritten auf den Zeitpunkt ihrer Entstehung folgenden Kalenderjahres in den Geschäftsräumen aufzubewahren. Die Aufbewahrungsfrist endet hiervon abweichend <DL Type="arabic"><DT>1.</DT><DD Font="normal"><LA>in den Fällen des Absatzes 2 Satz 1 und des Absatzes 3 Nummer 1 und aller sich hierauf beziehenden Schriftstücke drei Jahre nach dem Schluss des Kalenderjahres, in dem die Verträge endeten,</LA></DD><DT>2.</DT><DD Font="normal"><LA>in den Fällen des Absatzes 2 Satz 2 Nummer 1 und des Absatzes 3 Nummer 2 bis 5 drei Jahre nach dem Schluss des Kalenderjahres, in dem das Beschäftigungsverhältnis endete.</LA></DD></DL></P><P>(5) Die Verpflichtung, Aufzeichnungen über Bewachungsverträge zu machen, besteht nicht, soweit Landfahrzeuge bewacht werden.</P><P>(6) Eine nach anderen Vorschriften bestehende Pflicht zur Buchführung und zur Aufbewahrung von Büchern, Aufzeichnungen, Unterlagen und Belegen bleibt unberührt.</P></Content></text></textdaten></norm>
<norm builddate="20190704212003" doknr="BJNR069200019BJNG000700000"><metadaten><jurabk>BewachV 2019</jurabk><jurabk>BewachV</jurabk><gliederungseinheit><gliederungskennzahl>070</gliederungskennzahl><gliederungsbez>Abschnitt 7</gliederungsbez><gliederungstitel>Ordnungswidrigkeiten</gliederungstitel></gliederungseinheit></metadaten><textdaten/></norm>
<norm builddate="20190704212003" doknr="BJNR069200019BJNE002401116"><metadaten><jurabk>BewachV 2019</jurabk><jurabk>BewachV</jurabk><enbez>§ 22</enbez><titel format="XML">Ordnungswidrigkeiten</titel></metadaten><textdaten><text format="XML"><Content><P>(1) Ordnungswidrig im Sinne des § 144 Absatz 2 Nummer 1b der Gewerbeordnung handelt, wer vorsätzlich oder fahrlässig <DL Type="arabic"><DT>1.</DT><DD Font="normal"><LA>entgegen § 16 Absatz 1, auch in Verbindung mit Absatz 5, eine Person beschäftigt,</LA></DD><DT>2.</DT><DD Font="normal"><LA>entgegen § 17 Absatz 1 Satz 1 den Wachdienst nicht, nicht richtig oder nicht vollständig regelt,</LA></DD><DT>3.</DT><DD Font="normal"><LA>entgegen § 17 Absatz 3 eine dort genannte Person nicht, nicht richtig, nicht in der vorgeschriebenen Weise oder nicht rechtzeitig verpflichtet,</LA></DD><DT>4.</DT><DD Font="normal"><LA>entgegen § 18 Absatz 1 Satz 1, auch in Verbindung mit Absatz 4, einen Ausweis nicht, nicht richtig oder nicht rechtzeitig ausstellt,</LA></DD><DT>5.</DT><DD Font="normal"><LA>entgegen § 18 Absatz 2, auch in Verbindung mit Absatz 4, einen Ausweis nicht mitführt oder nicht oder nicht rechtzeitig vorzeigt,</LA></DD><DT>6.</DT><DD Font="normal"><LA>entgegen § 18 Absatz 3 Satz 1, auch in Verbindung mit Satz 2 oder Absatz 4, ein Schild nicht oder nicht in der vorgeschriebenen Weise trägt,</LA></DD><DT>7.</DT><DD Font="normal"><LA>entgegen § 18 Absatz 3 Satz 3 ein Schild nicht, nicht richtig oder nicht rechtzeitig ausstellt,</LA></DD><DT>8.</DT><DD Font="normal"><LA>entgegen § 20 Absatz 1 Satz 2 die Rückgabe der Waffen oder der Munition nicht sicherstellt,</LA></DD><DT>9.</DT><DD Font="normal"><LA>entgegen § 20 Absatz 2 eine Anzeige nicht, nicht richtig, nicht vollständig oder nicht rechtzeitig erstattet,</LA></DD><DT>10.</DT><DD Font="normal"><LA>entgegen § 21 Absatz 1 eine Aufzeichnung nicht, nicht richtig, nicht vollständig, nicht in der vorgeschriebenen Weise oder nicht rechtzeitig macht oder</LA></DD><DT>11.</DT><DD Font="normal"><LA>entgegen § 21 Absatz 4 eine Aufzeichnung oder einen Beleg nicht oder nicht für die vorgeschriebene Dauer aufbewahrt.</LA></DD></DL></P><P>(2) Ordnungswidrig im Sinne des § 145 Absatz 2 Nummer 8 der Gewerbeordnung handelt, wer vorsätzlich oder fahrlässig eine in Absatz 1 bezeichnete Handlung in Ausübung eines Reisegewerbes begeht.</P><P>(3) Ordnungswidrig im Sinne des § 146 Absatz 2 Nummer 11 der Gewerbeordnung handelt, wer vorsätzlich oder fahrlässig eine in Absatz 1 bezeichnete Handlung in Ausübung eines Messe-, Ausstellungs- oder Marktgewerbes begeht.</P></Content></text><fussnoten/></textdaten></norm>
<norm builddate="20190704212003" doknr="BJNR069200019BJNG000800000"><metadaten><jurabk>BewachV 2019</jurabk><jurabk>BewachV</jurabk><gliederungseinheit><gliederungskennzahl>080</gliederungskennzahl><gliederungsbez>Abschnitt 8</gliederungsbez><gliederungstitel>Schlussvorschriften</gliederungstitel></gliederungseinheit></metadaten><textdaten/></norm>
<norm builddate="20190704212003" doknr="BJNR069200019BJNE002500000"><metadaten><jurabk>BewachV 2019</jurabk><jurabk>BewachV</jurabk><enbez>§ 23</enbez><titel format="XML">Übergangsvorschriften</titel></metadaten><textdaten><text format="XML"><Content><P>(1) Personen im Sinne des § 34a Absatz 1a Satz 1 der Gewerbeordnung, die am 31. März 1996 in einem Bewachungsunternehmen beschäftigt waren, sind von der Pflicht zur Unterrichtung nach § 4 befreit. Der Gewerbetreibende bescheinigt diesen Personen, dass sie die Voraussetzungen des Satzes 1 erfüllen.</P><P>(2) Personen im Sinne des § 34a Absatz 1a Satz 2 der Gewerbeordnung, die am 1. Januar 2003 seit mindestens drei Jahren befugt und ohne Unterbrechung im Bewachungsgewerbe Tätigkeiten nach § 34a Absatz 1a der Gewerbeordnung durchgeführt haben, bedürfen nicht der Sachkundeprüfung nach § 9. Der Gewerbetreibende bescheinigt diesen Personen, dass sie die Voraussetzungen des Satzes 1 erfüllen.</P><P>(3) Gewerbetreibende, die eine Erlaubnis nach § 34a Absatz 1 Satz 1 der Gewerbeordnung besitzen, die vor dem 1. Dezember 2016 erteilt wurde, sind verpflichtet, die Haftpflichtversicherung nach § 6 Absatz 1 der Bewachungsverordnung in der bis zum 31. Mai 2019 geltenden Fassung während der Wirksamkeit der Erlaubnis aufrechtzuerhalten.</P><P>(4) Ordnungswidrig im Sinne des § 144 Absatz 2 Nummer 1b der Gewerbeordnung handelt, wer vorsätzlich oder fahrlässig entgegen Absatz 3 eine Haftpflichtversicherung nicht aufrechterhält.</P><P>(5) Der Zeitpunkt, bis zu dem die Regelüberprüfung der Zuverlässigkeit nach § 34a Absatz 1 Satz 10, auch in Verbindung mit § 34a Absatz 1a Satz 7, der Gewerbeordnung durchgeführt werden muss, ist anhand des Datums der letzten Zuverlässigkeitsüberprüfung zu berechnen. Liegt dieses Datum am 1. Juni 2019 mehr als fünf Jahre zurück, muss die nächste Überprüfung der Zuverlässigkeit bis nach der Vollendung des Vielfachen von fünf Jahren durchgeführt werden.</P></Content></text></textdaten></norm>
<norm builddate="20190704212003" doknr="BJNR069200019BJNE002600000"><metadaten><jurabk>BewachV 2019</jurabk><jurabk>BewachV</jurabk><enbez>§ 24</enbez><titel format="XML">Inkrafttreten, Außerkrafttreten</titel></metadaten><textdaten><text format="XML"><Content><P>Diese Verordnung tritt am 1. Juni 2019 in Kraft. Gleichzeitig tritt die Bewachungsverordnung in der Fassung der Bekanntmachung vom 10. Juli 2003 (BGBl. I S. 1378), die zuletzt durch Artikel 1 der Verordnung vom 1. Dezember 2016 (BGBl. I S. 2692) geändert worden ist, außer Kraft.</P></Content></text></textdaten></norm>
<norm builddate="20190704212003" doknr="BJNR069200019BJNE002700000"><metadaten><jurabk>BewachV 2019</jurabk><jurabk>BewachV</jurabk><enbez>Schlussformel</enbez></metadaten><textdaten><text format="XML"><Content><P>Der Bundesrat hat zugestimmt.</P></Content></text></textdaten></norm>
<norm builddate="20190704212003" doknr="BJNR069200019BJNE002800000"><metadaten><jurabk>BewachV 2019</jurabk><jurabk>BewachV</jurabk><enbez>Anlage 1</enbez><titel format="XML">(zu § 6 Absatz 2)<BR/>Bescheinigung<BR/>über die Unterrichtung nach § 34a Absatz 1a Satz 1 Nummer 2 der Gewerbeordnung</titel></metadaten><textdaten><text format="XML"><Content><P><noindex><kommentar typ="Fundstelle">(Fundstelle: BGBl. I 2019, 700)</kommentar></noindex></P><BR/><BR/><BR/><table frame="none" pgwide="1" tocentry="%yes;"><tgroup align="left" char="" charoff="50" cols="2"><colspec colname="col1" colwidth="81*"/><colspec colname="col3" colwidth="81*"/><tbody valign="top"><row><entry VJ="1" nameend="col3" namest="col1" rowsep="0"><Split Leader="1"/></entry></row><row><entry VJ="1" align="center" nameend="col3" namest="col1" rowsep="0">(Familienname und Vorname)</entry></row><row><entry VJ="1" colname="col1" colsep="0" rowsep="0">geboren am <Split Leader="1"/></entry><entry VJ="1" colname="col3" rowsep="0">in <Split Leader="1"/></entry></row><row><entry VJ="1" nameend="col3" namest="col1" rowsep="0">wohnhaft in <Split Leader="1"/></entry></row><row><entry VJ="1" colname="col1" colsep="0" rowsep="0">ist in der Zeit vom <Split Leader="1"/></entry><entry VJ="1" colname="col3" rowsep="0">bis <Split Leader="1"/></entry></row><row><entry VJ="1" nameend="col3" namest="col1">von der Industrie- und Handelskammer <Split Leader="1"/></entry></row></tbody></tgroup></table><BR/><BR/><P>über die für die Ausübung des Gewerbes notwendigen rechtlichen Vorschriften unterrichtet worden und ist mit ihnen vertraut.</P><P>Die Unterrichtung umfasste insbesondere die fachspezifischen Pflichten und Befugnisse folgender Sachgebiete: <DL Font="normal" Type="arabic"><DT>1.</DT><DD Font="normal"><LA Size="normal">Recht der öffentlichen Sicherheit und Ordnung einschließlich Gewerberecht,</LA></DD><DT>2.</DT><DD Font="normal"><LA Size="normal">Datenschutzrecht,</LA></DD><DT>3.</DT><DD Font="normal"><LA Size="normal">Bürgerliches Gesetzbuch,</LA></DD><DT>4.</DT><DD Font="normal"><LA Size="normal">Straf- und Strafverfahrensrecht, Umgang mit Waffen,</LA></DD><DT>5.</DT><DD Font="normal"><LA Size="normal">Unfallverhütungsvorschrift Wach- und Sicherungsdienste,</LA></DD><DT>6.</DT><DD Font="normal"><LA Size="normal">Umgang mit Menschen, insbesondere Verhalten in Gefahrensituationen und Deeskalationstechniken in Konfliktsituationen sowie interkulturelle Kompetenz unter besonderer Beachtung von Diversität und gesellschaftlicher Vielfalt,</LA></DD><DT>7.</DT><DD Font="normal"><LA Size="normal">Grundzüge der Sicherheitstechnik.</LA></DD></DL></P><BR/><BR/><BR/><BR/><BR/><P>(Stempel/Siegel) <BR/><BR/><BR/><BR/><table frame="none" pgwide="1" tocentry="%yes;"><tgroup align="left" char="" charoff="50" cols="2"><colspec colname="col1" colwidth="83.23*"/><colspec colname="col3" colwidth="82.64*"/><tbody valign="top"><row><entry VJ="1" colname="col1" colsep="0" rowsep="0"><Split Leader="1"/></entry><entry VJ="1" colname="col3" rowsep="0"><Split Leader="1"/></entry></row><row><entry VJ="1" align="center" colname="col1" colsep="0">(Ort und Datum)</entry><entry VJ="1" align="center" colname="col3">(Unterschrift)</entry></row></tbody></tgroup></table><BR/><BR/></P><P>Fußzeile: Identifikationsnummer und Validierungscode der Industrie- und Handelskammer</P></Content></text></textdaten></norm>
<norm builddate="20190704212003" doknr="BJNR069200019BJNE002900000"><metadaten><jurabk>BewachV 2019</jurabk><jurabk>BewachV</jurabk><enbez>Anlage 2</enbez><titel format="XML">(zu § 7)<BR/>Sachgebiete<BR/>für das Unterrichtungsverfahren im Bewachungsgewerbe<BR/>Bewachungspersonal (40 Unterrichtsstunden)</titel></metadaten><textdaten><text format="XML"><Content><P><noindex><kommentar typ="Fundstelle">(Fundstelle: BGBl. I 2019, 701)</kommentar></noindex></P><BR/><BR/><BR/><P><DL Font="normal" Type="arabic"><DT>1.</DT><DD Font="normal"><LA Size="normal">Recht der öffentlichen Sicherheit und Ordnung einschließlich Gewerberecht <DL Font="normal" Type="Dash"><DT>–</DT><DD Font="normal"><LA Size="normal">Aufgaben sowie Abgrenzung der Tätigkeit von Bewachungsunternehmen zu den Aufgaben der Polizei- und Ordnungsbehörden</LA></DD><DT>–</DT><DD Font="normal"><LA Size="normal">§ 34a Gewerbeordnung, Bewachungsverordnung</LA></DD></DL></LA></DD><DT>2.</DT><DD Font="normal"><LA Size="normal">Datenschutzrecht<BR/><BR/></LA><LA Size="normal">insgesamt zu Nummer 1 und 2 etwa 6 Unterrichtsstunden</LA></DD><DT>3.</DT><DD Font="normal"><LA Size="normal">Bürgerliches Gesetzbuch <DL Font="normal" Type="Dash"><DT>–</DT><DD Font="normal"><LA Size="normal">Notwehr (§ 227 BGB), Notstand (§§ 228, 904 BGB), Selbsthilfe (§§ 229, 859 BGB), verbotene Eigenmacht (§ 858 BGB), Haftungs- und Deliktsrecht (§§ 823 ff. BGB), Eigentum und Besitz (§§ 903, 854 BGB), Schikaneverbot (§ 226 BGB), wobei Abgrenzungsfragen zu den einschlägigen Vorschriften des StGB (§§ 32 bis 35) aufgezeigt werden</LA></DD></DL></LA><LA Size="normal">insgesamt etwa 6 Unterrichtsstunden</LA></DD><DT>4.</DT><DD Font="normal"><LA Size="normal">Straf- und Verfahrensrecht, Umgang mit Waffen <DL Font="normal" Type="Dash"><DT>–</DT><DD Font="normal"><LA Size="normal">einzelne Straftatbestände (z. B. § 123, §§ 185 ff., §§ 223 ff., § 239, § 240, §§ 244 ff. StGB)</LA></DD><DT>–</DT><DD Font="normal"><LA Size="normal">vorläufige Festnahme (§ 127 StPO)</LA></DD><DT>–</DT><DD Font="normal"><LA Size="normal">Grundzüge der Aufgaben von Staatsanwaltschaft und Polizei (§§ 152, 163 StPO)</LA></DD><DT>–</DT><DD Font="normal"><LA Size="normal">Umgang mit Waffen (Schlagstöcke, Reizstoffsprühgeräte usw.)</LA></DD></DL></LA><LA Size="normal">insgesamt etwa 6 Unterrichtsstunden</LA></DD><DT>5.</DT><DD Font="normal"><LA Size="normal">Unfallverhütung<BR/><BR/></LA><LA Size="normal">insgesamt etwa 6 Unterrichtsstunden</LA></DD><DT>6.</DT><DD Font="normal"><LA Size="normal">Umgang mit Menschen, insbesondere Verhalten in Gefahrensituationen und Deeskalationstechniken in Konfliktsituationen sowie interkulturelle Kompetenz unter besonderer Beachtung von Diversität und gesellschaftlicher Vielfalt <DL Font="normal" Type="Dash"><DT>–</DT><DD Font="normal"><LA Size="normal">Selbstwertgefühl (Voraussetzungen für richtigen Umgang mit sich selbst und seinen Mitmenschen)</LA></DD><DT>–</DT><DD Font="normal"><LA Size="normal">Übersteigerte Selbstwert-/Minderwertigkeitsgefühle (Ursachen und Maßstabsverlust)</LA></DD><DT>–</DT><DD Font="normal"><LA Size="normal">Konflikt/Stress (Entstehung, Konfliktebenen, schwierige Situationen, Lösungshilfen)</LA></DD><DT>–</DT><DD Font="normal"><LA Size="normal">richtiges Ansprechen und Führung im Gespräch (Grundregeln für richtiges/falsches Verhalten)</LA></DD><DT>–</DT><DD Font="normal"><LA Size="normal">interkulturelle Kompetenz unter besonderer Beachtung der Diversität</LA></DD><DT>–</DT><DD Font="normal"><LA Size="normal">Umgang mit und Schutz von besonders schutzbedürftigen Geflüchteten (wie beispielsweise allein reisende Frauen, Homosexuelle, transgeschlechtliche Personen, Menschen mit Behinderung, Opfer schwerer Gewalt)</LA></DD></DL></LA><LA Size="normal">insgesamt etwa 11 Unterrichtsstunden</LA></DD><DT>7.</DT><DD Font="normal"><LA Size="normal">Grundzüge der Sicherheitstechnik <DL Font="normal" Type="Dash"><DT>–</DT><DD Font="normal"><LA Size="normal">Mechanische Sicherungstechnik</LA></DD><DT>–</DT><DD Font="normal"><LA Size="normal">Gefahrenmeldeanlagen; Alarmverfolgung</LA></DD><DT>–</DT><DD Font="normal"><LA Size="normal">Brandschutz</LA></DD></DL></LA><LA Size="normal">insgesamt etwa 5 Unterrichtsstunden</LA></DD></DL></P></Content></text></textdaten></norm>
<norm builddate="20190704212003" doknr="BJNR069200019BJNE003000000"><metadaten><jurabk>BewachV 2019</jurabk><jurabk>BewachV</jurabk><enbez>Anlage 3</enbez><titel format="XML">(zu § 11 Absatz 7)<BR/>Bescheinigung über die erfolgreiche Ablegung einer Sachkundeprüfung<BR/>nach § 34a Absatz 1 Satz 3 Nummer 3 und Absatz 1a Satz 2 der Gewerbeordnung</titel></metadaten><textdaten><text format="XML"><Content><P><noindex><kommentar typ="Fundstelle">(Fundstelle: BGBl. I 2019, 702)</kommentar></noindex></P><BR/><BR/><BR/><BR/><table frame="none" pgwide="1" tocentry="%yes;"><tgroup align="left" char="" charoff="50" cols="2"><colspec colname="col1" colwidth="81*"/><colspec colname="col3" colwidth="81*"/><tbody valign="top"><row><entry VJ="1" nameend="col3" namest="col1" rowsep="0"><Split Leader="1"/></entry></row><row><entry VJ="1" align="center" nameend="col3" namest="col1" rowsep="0">(Familienname und Vorname)</entry></row><row><entry VJ="1" colname="col1" colsep="0" rowsep="0">geboren am <Split Leader="1"/></entry><entry VJ="1" colname="col3" rowsep="0">in <Split Leader="1"/></entry></row><row><entry VJ="1" nameend="col3" namest="col1" rowsep="0">wohnhaft in <Split Leader="1"/></entry></row><row><entry VJ="1" colname="col1" nameend="col3" namest="col1" rowsep="0">hat am <Split Leader="1"/></entry></row><row><entry VJ="1" nameend="col3" namest="col1">vor der Industrie- und Handelskammer <Split Leader="1"/></entry></row></tbody></tgroup></table><BR/><BR/><BR/><BR/><P>die Sachkundeprüfung für die Ausübung des Wach- und Sicherheitsgewerbes erfolgreich abgelegt.</P><P>Die Prüfung erstreckte sich insbesondere auf die fachspezifischen Pflichten und Befugnisse folgender Sachgebiete: <DL Font="normal" Type="arabic"><DT>1.</DT><DD Font="normal"><LA Size="normal">Recht der öffentlichen Sicherheit und Ordnung einschließlich Gewerberecht,</LA></DD><DT>2.</DT><DD Font="normal"><LA Size="normal">Datenschutzrecht,</LA></DD><DT>3.</DT><DD Font="normal"><LA Size="normal">Bürgerliches Gesetzbuch,</LA></DD><DT>4.</DT><DD Font="normal"><LA Size="normal">Straf- und Strafverfahrensrecht, Umgang mit Waffen,</LA></DD><DT>5.</DT><DD Font="normal"><LA Size="normal">Unfallverhütungsvorschrift Wach- und Sicherungsdienste,</LA></DD><DT>6.</DT><DD Font="normal"><LA Size="normal">Umgang mit Menschen, insbesondere Verhalten in Gefahrensituationen und Deeskalationstechniken in Konfliktsituationen sowie interkulturelle Kompetenz unter besonderer Beachtung von Diversität und gesellschaftlicher Vielfalt,</LA></DD><DT>7.</DT><DD Font="normal"><LA Size="normal">Grundzüge der Sicherheitstechnik.</LA></DD></DL></P><BR/><BR/><BR/><BR/><BR/><P>(Stempel/Siegel) <BR/><BR/><BR/><BR/><BR/><BR/><table frame="none" pgwide="1" tocentry="%yes;"><tgroup align="left" char="" charoff="50" cols="2"><colspec colname="col1" colwidth="83*"/><colspec colname="col3" colwidth="83*"/><tbody valign="top"><row><entry VJ="1" colname="col1" colsep="0" rowsep="0"><Split Leader="1"/></entry><entry VJ="1" colname="col3" rowsep="0"><Split Leader="1"/></entry></row><row><entry VJ="1" align="center" colname="col1" colsep="0">(Ort und Datum)</entry><entry VJ="1" align="center" colname="col3">(Unterschrift)</entry></row></tbody></tgroup></table><BR/><BR/><BR/><BR/></P><P>Fußzeile: Identifikationsnummer und Validierungscode der Industrie- und Handelskammer</P></Content></text></textdaten></norm>
</dokumente>