<?xml version="1.0" encoding="UTF-8" ?><!DOCTYPE dokumente SYSTEM "http://www.gesetze-im-internet.de/dtd/1.01/gii-norm.dtd">
<dokumente builddate="20130405125314" doknr="BJNR008870972"><norm builddate="20130405125314" doknr="BJNR008870972"><metadaten><jurabk>OlympiaMünz1Bek</jurabk><ausfertigung-datum manuell="ja">1972-06-14</ausfertigung-datum><fundstelle typ="amtlich"><periodikum>BGBl I</periodikum><zitstelle>1972, 887</zitstelle></fundstelle><langue>Bekanntmachung über die Ausprägung von Bundesmünzen im Nennwert von 10
Deutschen Mark (Olympiamünze - 1. Motiv/Aufstockung)</langue></metadaten><textdaten><text format="XML"><Content><P/></Content></text></textdaten></norm>
<norm builddate="20130405125315" doknr="BJNR008870972BJNE000100313"><metadaten><jurabk>OlympiaMünz1Bek</jurabk><enbez>(XXXX)</enbez></metadaten><textdaten><text format="XML"><Content><P>(1) Die Olympiamünze zu 10 Deutschen Mark mit dem 1. Motiv (Strahlenspirale), deren Ausprägung im Bundesgesetzblatt vom 14. Januar 1970 (Teil I S. 35) und im Bundesanzeiger Nr. 8 vom 14. Januar 1970 bekanntgemacht worden ist, wird um 10 Millionen Stück aufgestockt. Hiervon prägt jedes der vier Münzämter der Bundesrepublik 2,5 Millionen Stück. Die Münzen tragen auf der Bildseite die Umschrift: <DL Font="normal" Type="arabic"><DT/><DD Font="normal"><LA Size="normal">SPIELE DER XX <ABWFORMAT typ="A"/>. OLYMPIADE 1972 . IN MÜNCHEN .</LA></DD></DL>Sie stimmen im übrigen mit den 1970 ausgegebenen Olympiamünzen (1. Motiv) überein.</P><P>(2) Tag der ersten Ausgabe: 5. Juli 1972.</P><P>(3) Dies wird namens der Bundesregierung bekanntgemacht.</P></Content></text></textdaten></norm>
<norm builddate="20130405125315" doknr="BJNR008870972BJNE000900313"><metadaten><jurabk>OlympiaMünz1Bek</jurabk><enbez>Schlussformel</enbez></metadaten><textdaten><text format="XML"><Content><P>Der Bundesminister für Wirtschaft und Finanzen</P></Content></text></textdaten></norm>
<norm builddate="20130405125315" doknr="BJNR008870972BJNE000200313"><metadaten><jurabk>OlympiaMünz1Bek</jurabk><enbez>(XXXX)</enbez><titel format="parat">Abbildung der Münze</titel></metadaten><textdaten><text format="XML"><Content><P><ABWFORMAT typ="E"/><kommentar typ="Fundstelle">(Inhalt: nicht darstellbare Abbildung, <BR/>Fundstelle: BGBl. I 1972, 887)</kommentar></P></Content></text></textdaten></norm>
</dokumente>