<?xml version="1.0" encoding="UTF-8" ?><!DOCTYPE dokumente SYSTEM "http://www.gesetze-im-internet.de/dtd/1.01/gii-norm.dtd">
<dokumente builddate="20160617215526" doknr="BJNR228800997"><norm builddate="20160617215526" doknr="BJNR228800997"><metadaten><jurabk>ZOVersDTAG</jurabk><amtabk>ZOVersDTAG</amtabk><ausfertigung-datum manuell="ja">1997-07-25</ausfertigung-datum><fundstelle typ="amtlich"><periodikum>BGBl I</periodikum><zitstelle>1997, 2288</zitstelle></fundstelle><langue>Anordnung über die Übertragung von Zuständigkeiten auf
dem Gebiet der beamtenrechtlichen Versorgung im
Geschäftsbereich der Deutschen Telekom AG</langue><standangabe checked="ja"><standtyp>Stand</standtyp><standkommentar>Geändert durch Abschn. III Satz 2 AnO v. 2.12.1997; 1998 I 523</standkommentar></standangabe></metadaten><textdaten><fussnoten><Content><P>(+++ Textnachweis ab: 1.1.1997 +++)</P></Content></fussnoten></textdaten></norm>
<norm builddate="20160617215526" doknr="BJNR228800997BJNE000100311"><metadaten><jurabk>ZOVersDTAG</jurabk><enbez>I.</enbez><titel format="parat">Pensionsfestsetzungs- und -regelungsbehörden</titel></metadaten><textdaten><text format="XML"><Content><P>(1) Auf Grund des § 49 Abs. 1 Satz 2 des Gesetzes über die Versorgung der Beamten und Richter in Bund und Ländern in der Fassung der Bekanntmachung vom 16. Dezember 1994 (BGBl. I S. 3858), zuletzt geändert durch Artikel 4 des Gesetzes zur Reform des öffentlichen Dienstrechts (Reformgesetz) vom 24. Februar 1997 (BGBl. I S. 322), in Verbindung mit § 14 Abs. 1 Satz 1 des Gesetzes zum Personalrecht der Beschäftigten der früheren Deutschen Bundespost vom 14. September 1994 (BGBl. I S. 2325, 2353) übertragen wir im Einvernehmen mit dem Bundesministerium für Post und Telekommunikation und dem Bundesministerium des Innern die uns als oberster Dienstbehörde im Sinne des Beamtenversorgungsrechts für die Versorgungsberechtigten der Deutschen Telekom AG zustehenden Befugnisse auf die nachstehend genannten Organisationseinheiten (Pensionsfestsetzungs- und -regelungsbehörden) für ihren jeweiligen Zuständigkeitsbereich. Die sachliche Zuständigkeit der Pensionsfestsetzungs- und -regelungsbehörden umfaßt versorgungsrechtliche Entscheidungen aller Art, soweit nicht gesetzlich oder in dieser Anordnung etwas anderes bestimmt ist.</P><P>(2) Örtlich zuständig sind: <BR/>für alle vor und nach Eintritt eines Versorgungsfalles notwendigen Entscheidungen und Maßnahmen zur Festsetzung, Regelung und Zahlbarmachung von Versorgungsbezügen die Niederlassungen der Deutschen Telekom AG mit Ressort Versorgungsservice, in deren Zuständigkeitsbereich der Sitz der Organisationseinheit liegt, der der Versorgungsberechtigte angehört beziehungsweise vor Eintritt des Versorgungsfalles angehört hat. Ein Zuständigkeitswechsel infolge Wohnsitzänderung eines Versorgungsempfängers erfolgt nicht. Die bei der Zurruhesetzung beziehungsweise beim Tod eines aktiven Beamten gegebene Zuständigkeit bleibt auch für die Hinterbliebenen erhalten. <BR/>Die Niederlassung mit Ressort Versorgungsservice nimmt die Aufgaben einer Pensionsfestsetzungs- und -regelungsbehörde für alle Organisationseinheiten wahr, deren Sitz sich innerhalb des sich aus der Anlage ergebenden Arbeitsbezirks der jeweiligen Niederlassung mit Ressort Versorgungsservice befindet. Eine Aufstellung der Organisationseinheiten, die sich im jeweiligen Zuständigkeitsbereich einer Niederlassung mit Ressort Versorgungsservice befinden, wird mit besonderer Anweisung bekanntgegeben. <BR/>Die Zuständigkeit für vorhandene Versorgungsfälle, die bis zum 31. Dezember 1996 von Organisationseinheiten der Deutschen Post AG wahrgenommen wurde, wird ab dem 1. Januar 1997 von folgenden Organisationseinheiten der Deutschen Telekom AG wahrgenommen: <BR/><table frame="all" tocentry="%yes;">
	<tgroup align="left" char="" charoff="50" cols="2" colsep="1" rowsep="0">
		<colspec colname="col1" colnum="1" colwidth="50*"/>
		<colspec colname="col2" colnum="2" colwidth="50*"/>
		<thead valign="bottom">
			<row rowsep="1">
				<entry VJ="1" align="left" colsep="0" valign="top">Organisationseinheiten der Deutschen Post AG bis zum 31. Dezember 1996</entry>
				<entry VJ="1" align="left" colsep="0" valign="top">Organisationseinheiten der Deutschen Telekom AG ab 1. Januar 1997</entry>
			</row>
		</thead>
		<tbody valign="top">
			<row>
				<entry VJ="1" align="left" colsep="0" valign="top">Versorgungszentrum Hamburg</entry>
				<entry VJ="1" align="left" colsep="0" valign="top">Deutsche Telekom AG</entry>
			</row>
			<row>
				<entry VJ="1" align="left" colsep="0" valign="top"> </entry>
				<entry VJ="1" align="left" colsep="0" valign="top">Niederlassung 2 Bremen</entry>
			</row>
			<row>
				<entry VJ="1" align="left" colsep="0" valign="top">Versorgungszentrum Hamburg</entry>
				<entry VJ="1" align="left" colsep="0" valign="top">Deutsche Telekom AG</entry>
			</row>
			<row>
				<entry VJ="1" align="left" colsep="0" valign="top">Außenstelle Kiel</entry>
				<entry VJ="1" align="left" colsep="0" valign="top">Niederlassung 2 Bremen</entry>
			</row>
			<row>
				<entry VJ="1" align="left" colsep="0" valign="top">Versorgungszentrum Hamburg</entry>
				<entry VJ="1" align="left" colsep="0" valign="top">Deutsche Telekom AG</entry>
			</row>
			<row rowsep="1">
				<entry VJ="1" align="left" colsep="0" valign="top">Außenstelle Bremen</entry>
				<entry VJ="1" align="left" colsep="0" valign="top">Niederlassung 2 Bremen</entry>
			</row>
			<row>
				<entry VJ="1" align="left" colsep="0" valign="top">Versorgungszentrum Hannover</entry>
				<entry VJ="1" align="left" colsep="0" valign="top">Deutsche Telekom AG</entry>
			</row>
			<row>
				<entry VJ="1" align="left" colsep="0" valign="top"> </entry>
				<entry VJ="1" align="left" colsep="0" valign="top">Niederlassung 3 Düsseldorf</entry>
			</row>
			<row>
				<entry VJ="1" align="left" colsep="0" valign="top">Versorgungszentrum Hannover</entry>
				<entry VJ="1" align="left" colsep="0" valign="top">Deutsche Telekom AG</entry>
			</row>
			<row>
				<entry VJ="1" align="left" colsep="0" valign="top">Außenstelle Berlin</entry>
				<entry VJ="1" align="left" colsep="0" valign="top">Niederlassung 3 Düsseldorf</entry>
			</row>
			<row>
				<entry VJ="1" align="left" colsep="0" valign="top">Versorgungszentrum Münster</entry>
				<entry VJ="1" align="left" colsep="0" valign="top">Deutsche Telekom AG</entry>
			</row>
			<row>
				<entry VJ="1" align="left" colsep="0" valign="top"> </entry>
				<entry VJ="1" align="left" colsep="0" valign="top">Niederlassung 3 Düsseldorf</entry>
			</row>
			<row>
				<entry VJ="1" align="left" colsep="0" valign="top">Versorgungszentrum Köln</entry>
				<entry VJ="1" align="left" colsep="0" valign="top">Deutsche Telekom AG</entry>
			</row>
			<row rowsep="1">
				<entry VJ="1" align="left" colsep="0" valign="top">Außenstelle Düsseldorf</entry>
				<entry VJ="1" align="left" colsep="0" valign="top">Niederlassung 3 Düsseldorf</entry>
			</row>
			<row>
				<entry VJ="1" align="left" colsep="0" valign="top">Versorgungszentrum Frankfurt</entry>
				<entry VJ="1" align="left" colsep="0" valign="top">Deutsche Telekom AG</entry>
			</row>
			<row>
				<entry VJ="1" align="left" colsep="0" valign="top">Außenstelle Saarbrücken</entry>
				<entry VJ="1" align="left" colsep="0" valign="top">Niederlassung Trier</entry>
			</row>
			<row>
				<entry VJ="1" align="left" colsep="0" valign="top">Versorgungszentrum Köln</entry>
				<entry VJ="1" align="left" colsep="0" valign="top">Deutsche Telekom AG</entry>
			</row>
			<row>
				<entry VJ="1" align="left" colsep="0" valign="top"> </entry>
				<entry VJ="1" align="left" colsep="0" valign="top">Niederlassung Trier</entry>
			</row>
			<row>
				<entry VJ="1" align="left" colsep="0" valign="top">Versorgungszentrum Frankfurt</entry>
				<entry VJ="1" align="left" colsep="0" valign="top">Deutsche Telekom AG</entry>
			</row>
			<row rowsep="1">
				<entry VJ="1" align="left" colsep="0" valign="top">Außenstelle Trier</entry>
				<entry VJ="1" align="left" colsep="0" valign="top">Niederlassung Trier</entry>
			</row>
			<row>
				<entry VJ="1" align="left" colsep="0" valign="top">Versorgungszentrum Stuttgart</entry>
				<entry VJ="1" align="left" colsep="0" valign="top">Deutsche Telekom AG</entry>
			</row>
			<row>
				<entry VJ="1" align="left" colsep="0" valign="top">Außenstelle Karlsruhe</entry>
				<entry VJ="1" align="left" colsep="0" valign="top">Niederlassung Freiburg</entry>
			</row>
			<row>
				<entry VJ="1" align="left" colsep="0" valign="top">Versorgungszentrum Stuttgart</entry>
				<entry VJ="1" align="left" colsep="0" valign="top">Deutsche Telekom AG</entry>
			</row>
			<row>
				<entry VJ="1" align="left" colsep="0" valign="top"> </entry>
				<entry VJ="1" align="left" colsep="0" valign="top">Niederlassung Freiburg</entry>
			</row>
			<row>
				<entry VJ="1" align="left" colsep="0" valign="top">Versorgungszentrum Stuttgart</entry>
				<entry VJ="1" align="left" colsep="0" valign="top">Deutsche Telekom AG</entry>
			</row>
			<row rowsep="1">
				<entry VJ="1" align="left" colsep="0" valign="top">Außenstelle Freiburg</entry>
				<entry VJ="1" align="left" colsep="0" valign="top">Niederlassung Freiburg</entry>
			</row>
			<row>
				<entry VJ="1" align="left" colsep="0" valign="top">Versorgungszentrum Münster</entry>
				<entry VJ="1" align="left" colsep="0" valign="top">Deutsche Telekom AG</entry>
			</row>
			<row>
				<entry VJ="1" align="left" colsep="0" valign="top">Außenstelle Dortmund</entry>
				<entry VJ="1" align="left" colsep="0" valign="top">Niederlassung 1 Nürnberg</entry>
			</row>
			<row>
				<entry VJ="1" align="left" colsep="0" valign="top">Versorgungszentrum Frankfurt am Main</entry>
				<entry VJ="1" align="left" colsep="0" valign="top">Deutsche Telekom AG</entry>
			</row>
			<row>
				<entry VJ="1" align="left" colsep="0" valign="top"> </entry>
				<entry VJ="1" align="left" colsep="0" valign="top">Niederlassung 1 Nürnberg</entry>
			</row>
			<row>
				<entry VJ="1" align="left" colsep="0" valign="top">Versorgungszentrum München</entry>
				<entry VJ="1" align="left" colsep="0" valign="top">Deutsche Telekom AG</entry>
			</row>
			<row rowsep="1">
				<entry VJ="1" align="left" colsep="0" valign="top">Außenstelle Nürnberg</entry>
				<entry VJ="1" align="left" colsep="0" valign="top">Niederlassung 1 Nürnberg</entry>
			</row>
			<row>
				<entry VJ="1" align="left" colsep="0" valign="top">Versorgungszentrum München</entry>
				<entry VJ="1" align="left" colsep="0" valign="top">Deutsche Telekom AG</entry>
			</row>
			<row>
				<entry VJ="1" align="left" colsep="0" valign="top"> </entry>
				<entry VJ="1" align="left" colsep="0" valign="top">Niederlassung Regensburg</entry>
			</row>
			<row>
				<entry VJ="1" align="left" colsep="0" valign="top">Versorgungszentrum München</entry>
				<entry VJ="1" align="left" colsep="0" valign="top">Deutsche Telekom AG</entry>
			</row>
			<row rowsep="1">
				<entry VJ="1" align="left" colsep="0" valign="top">Außenstelle Regensburg</entry>
				<entry VJ="1" align="left" colsep="0" valign="top">Niederlassung Regensburg</entry>
			</row>
		</tbody>
	</tgroup>
</table> </P><P>(3) Abweichend von der Übertragung nach Absatz 2 werden folgende Zuständigkeiten der Niederlassung Trier übertragen: <DL Font="normal" Type="arabic"><DT>1.</DT><DD Font="normal"><LA Size="normal">die vor und nach Eintritt des Versorgungsfalles zu treffenden Entscheidungen und Maßnahmen zur Festsetzung und Regelung der Versorgungsbezüge für die der obersten Organisationseinheit der Deutschen Telekom AG angehörenden Versorgungsberechtigten,</LA></DD> <DT>2.</DT><DD Font="normal"><LA Size="normal">die vor und nach Eintritt des Versorgungsfalles zu treffenden Entscheidungen und Maßnahmen zur erstmaligen Festsetzung von Versorgungsbezügen der von § 14 des Gesetzes über die Unternehmensverfassung der Deutschen Bundespost (PostVerfG) erfaßten Personen mit Ausnahme der vertraglichen Versorgungsansprüche nach § 12 Abs. 5 des Gesetzes über die Unternehmensverfassung der Deutschen Bundespost (PostVerfG), soweit der Versorgungsanspruch bei der Deutschen Telekom AG besteht,</LA></DD> <DT>3.</DT><DD Font="normal"><LA Size="normal">die vor und nach Eintritt des Versorgungsfalles zu treffenden Entscheidungen und Maßnahmen zur erstmaligen Festsetzung von Versorgungsbezügen im Rahmen des Beamtenversorgungsrechts des von § 47 Abs. 1 und 2 des Gesetzes über die Unternehmensverfassung der Deutschen Bundespost (PostVerfG) erfaßten Personenkreises aus Vertrag nach § 12 Abs. 5 des Gesetzes über die Unternehmensverfassung der Deutschen Bundespost (PostVerfG) sowie nach dem Beamtenversorgungsgesetz, soweit der Versorgungsanspruch bei der Deutschen Telekom AG besteht.</LA></DD> </DL> </P><P>(4) Für die Gewährung von Übergangsgeld nach § 47 des Beamtenversorgungsgesetzes ist das Dienstleistungszentrum Personal in Münster zuständig.</P><P>(5) Ausgenommen von der Übertragung der Zuständigkeiten nach den Absätzen 2, 3 und 4 und damit dem Vorstand der Deutschen Telekom AG - gegebenenfalls über das zuständige Fachministerium im Einvernehmen mit dem Bundesministerium des Innern (vgl. § 49 Abs. 3 BeamtVG, § 5 Abs. 3 Satz 2 BeamtVG) - vorbehalten sind: <DL Font="normal" Type="arabic"><DT>1.</DT><DD Font="normal"><LA Size="normal">Herbeiführung versorgungsrechtlicher Entscheidungen, die eine grundsätzliche über den Einzelfall hinausgehende Bedeutung haben,</LA></DD> <DT>2.</DT><DD Font="normal"><LA Size="normal">Entscheidungen, die nach dem Gesetz oder in Verwaltungsvorschriften der obersten Dienstbehörde vorbehalten sind, zum Beispiel nach § 5 Abs. 3 Satz 2, § 6 Abs. 2 Satz 2, §§ 60, 64 des Beamtenversorgungsgesetzes,</LA></DD> <DT>3.</DT><DD Font="normal"><LA Size="normal">Entscheidungen über das Absehen von der Rückforderung zuviel gezahlter Versorgungsbezüge aus Billigkeitsgründen nach § 52 Abs. 2 Satz 3 des Beamtenversorgungsgesetzes, wenn der vom Vorstand der Deutschen Telekom AG durch besondere Anweisung festgesetzte Höchstbetrag überschritten wird oder die Überzahlung im Prüfungsbericht des Bundesrechnungshofes erörtert worden ist.</LA></DD> </DL></P></Content>   </text></textdaten></norm>
<norm builddate="20160617215526" doknr="BJNR228800997BJNE000201310"><metadaten><jurabk>ZOVersDTAG</jurabk><enbez>II.</enbez></metadaten><textdaten><text format="XML"><Content><P>(weggefallen)</P></Content></text><fussnoten/></textdaten></norm>
<norm builddate="20160617215526" doknr="BJNR228800997BJNE000300311"><metadaten><jurabk>ZOVersDTAG</jurabk><enbez>III.</enbez><titel format="parat">Inkrafttreten</titel></metadaten><textdaten><text format="XML"><Content><P>Diese Anordnung tritt am 1. Januar 1997 in Kraft.</P></Content></text></textdaten></norm>
<norm builddate="20160617215526" doknr="BJNR228800997BJNE000400311"><metadaten><jurabk>ZOVersDTAG</jurabk><enbez>Anlage</enbez><titel format="XML">(zu Abschnitt I Abs. 2)
<BR/>
Standorte der Ressorts Versorgungsservice (Rs VeS)
der Deutschen Telekom AG mit Arbeitsbezirken</titel></metadaten><textdaten><text format="XML"><Content><P><noindex><kommentar typ="Fundstelle">(Fundstelle: BGBl. I 1997, 2291)</kommentar></noindex><IMG Align="center" Pos="block" SRC="bgbl1_1997_j2291_0010.jpg"/></P></Content></text></textdaten></norm>
</dokumente>