<?xml version="1.0" encoding="UTF-8" ?><!DOCTYPE dokumente SYSTEM "http://www.gesetze-im-internet.de/dtd/1.01/gii-norm.dtd">
<dokumente builddate="20240402214019" doknr="BJNR06A0A0024"><norm builddate="20240402214019" doknr="BJNR06A0A0024"><metadaten><jurabk>FinAusglG2024DV 1</jurabk><ausfertigung-datum manuell="ja">2024-03-22</ausfertigung-datum><fundstelle typ="amtlich"><periodikum>BGBl I</periodikum><zitstelle>2024, Nr. 106</zitstelle></fundstelle><langue>Erste Verordnung zur Durchführung des Finanzausgleichsgesetzes im Ausgleichsjahr 2024</langue></metadaten><textdaten><fussnoten><Content><P><BR/> <pre xml:space="preserve">(+++ Textnachweis ab: 1.1.2024 +++)<BR/><BR/></pre></P></Content></fussnoten></textdaten></norm>
<norm builddate="20240402214019" doknr="BJNR06A0A0024BJNE000100000"><metadaten><jurabk>FinAusglG2024DV 1</jurabk><enbez>Eingangsformel</enbez></metadaten><textdaten><text format="XML"><Content><P>Auf Grund der §§ 14 und 17 des Finanzausgleichsgesetzes, von denen § 14 zuletzt durch Artikel 2 Nummer 15 und § 17 zuletzt durch Artikel 2 Nummer 18 des Gesetzes vom 14. August 2017 (BGBl. I S. 3122) geändert worden ist, verordnet das Bundesministerium der Finanzen:</P></Content></text></textdaten></norm>
<norm builddate="20240402214019" doknr="BJNR06A0A0024BJNE000200000"><metadaten><jurabk>FinAusglG2024DV 1</jurabk><enbez>§ 1</enbez><titel format="XML">Vollzug der Umsatzsteuerverteilung und des Finanzkraftausgleichs im Ausgleichsjahr 2024</titel></metadaten><textdaten><text format="XML"><Content><P>(1) Zum vorläufigen Vollzug der Umsatzsteuerverteilung und des Finanzkraftausgleichs im Ausgleichsjahr 2024 wird der Zahlungsverkehr nach § 14 Absatz 1 des Finanzausgleichsgesetzes in der Weise durchgeführt, dass die Ablieferung des in § 1 Absatz 1 des Finanzausgleichsgesetzes festgelegten Bundesanteils an der durch die Landesfinanzbehörden verwalteten Umsatzsteuer auf die folgenden Prozentsätze festgelegt wird: <table frame="none" pgwide="1" tocentry="%yes;"><tgroup align="left" char="" charoff="50" cols="2"><colspec colname="col1" colwidth="62*"/><colspec colname="col2" colwidth="98*"/><tbody valign="top"><row><entry VJ="1" colname="col1" colsep="0" rowsep="0">Baden-Württemberg</entry><entry VJ="1" colname="col2" rowsep="0">52,7 %</entry></row><row><entry VJ="1" colname="col1" colsep="0" rowsep="0">Bayern</entry><entry VJ="1" colname="col2" rowsep="0">78,6 %</entry></row><row><entry VJ="1" colname="col1" colsep="0" rowsep="0">Berlin</entry><entry VJ="1" colname="col2" rowsep="0">21,6 %</entry></row><row><entry VJ="1" colname="col1" colsep="0" rowsep="0">Brandenburg</entry><entry VJ="1" colname="col2" rowsep="0">–</entry></row><row><entry VJ="1" colname="col1" colsep="0" rowsep="0">Bremen</entry><entry VJ="1" colname="col2" rowsep="0">25,1 %</entry></row><row><entry VJ="1" colname="col1" colsep="0" rowsep="0">Hamburg</entry><entry VJ="1" colname="col2" rowsep="0">89,2 %</entry></row><row><entry VJ="1" colname="col1" colsep="0" rowsep="0">Hessen</entry><entry VJ="1" colname="col2" rowsep="0">78,2 %</entry></row><row><entry VJ="1" colname="col1" colsep="0" rowsep="0">Mecklenburg-Vorpommern</entry><entry VJ="1" colname="col2" rowsep="0">–</entry></row><row><entry VJ="1" colname="col1" colsep="0" rowsep="0">Niedersachsen</entry><entry VJ="1" colname="col2" rowsep="0">8,7 %</entry></row><row><entry VJ="1" colname="col1" colsep="0" rowsep="0">Nordrhein-Westfalen</entry><entry VJ="1" colname="col2" rowsep="0">59,3 %</entry></row><row><entry VJ="1" colname="col1" colsep="0" rowsep="0">Rheinland-Pfalz</entry><entry VJ="1" colname="col2" rowsep="0">19,6 %</entry></row><row><entry VJ="1" colname="col1" colsep="0" rowsep="0">Saarland</entry><entry VJ="1" colname="col2" rowsep="0">65,4 %</entry></row><row><entry VJ="1" colname="col1" colsep="0" rowsep="0">Sachsen</entry><entry VJ="1" colname="col2" rowsep="0">–</entry></row><row><entry VJ="1" colname="col1" colsep="0" rowsep="0">Sachsen-Anhalt</entry><entry VJ="1" colname="col2" rowsep="0">–</entry></row><row><entry VJ="1" colname="col1" colsep="0" rowsep="0">Schleswig-Holstein</entry><entry VJ="1" colname="col2" rowsep="0">45,4 %</entry></row><row><entry VJ="1" colname="col1" colsep="0">Thüringen</entry><entry VJ="1" colname="col2">– .</entry></row></tbody></tgroup></table></P><P>(2) Die zuständigen Landeskassen überweisen die vorläufigen Einnahmen des Bundes nach Absatz 1 telegrafisch an die zuständigen Bundeskassen spätestens einen Arbeitstag nach dem Zugang der Steuerzahlungen. Soweit aus zwingenden Gründen eine solche Ablieferung nach dem tatsächlichen Aufkommen nicht möglich ist, sind die Bundesanteile täglich nach Schätzwerten abzuliefern, wobei auch die in Verwahrung gebuchten Steuereinnahmen zu berücksichtigen sind; der Ausgleich mit dem tatsächlichen Aufkommen ist unverzüglich durchzuführen.</P><P>(3) Brandenburg, Mecklenburg-Vorpommern, Sachsen, Sachsen-Anhalt und Thüringen leisten im Zahlungsverkehr nach den Absätzen 1 und 2 keine Zahlungen auf den Bundesanteil nach § 1 Absatz 1 des Finanzausgleichsgesetzes an der durch die Landesfinanzbehörden verwalteten Umsatzsteuer. Auf den durch diesen Bundesanteil nicht gedeckten Teil ihrer Ansprüche aus der vorläufigen Umsatzsteuerverteilung und dem Finanzkraftausgleich überweist das Bundesministerium der Finanzen an monatlichen Vorauszahlungen an Brandenburg 51 168 000 Euro, an Mecklenburg-Vorpommern 139 982 000 Euro, an Sachsen 86 197 000 Euro, an Sachsen-Anhalt 121 897 000 Euro und an Thüringen 141 735 000 Euro. Die Zahlungen werden am 15. eines jeden Monats fällig.</P><P>(4) Auf den Länderanteil nach § 1 Absatz 1 Finanzausgleichsgesetz an der durch Bundesfinanzbehörden verwalteten Einfuhrumsatzsteuer entrichtet das Bundesministerium der Finanzen am 15. eines jeden Monats eine Abschlagszahlung in Höhe eines Zwölftel des Länderanteils des auf 86 300 000 000 Euro geschätzten Jahresaufkommens der Einfuhrumsatzsteuer. Im jeweils darauffolgenden Monat werden die Beträge verrechnet, die mit der Abschlagszahlung des Vormonats zu viel oder zu wenig gezahlt worden sind. Zusammen mit dem Länderanteil an der Einfuhrumsatzsteuer werden auch die anteiligen Beträge der Länder und Gemeinden, die sich nach § 1 Absatz 2, 2a und 5 des Finanzausgleichsgesetzes ergeben, überwiesen. Der nach § 1 Absatz 1 des Finanzausgleichsgesetzes ermittelte Gemeindeanteil an der durch die Bundesfinanzbehörden verwalteten Einfuhrumsatzsteuer wird nach Maßgabe von § 17 Absatz 1 des Finanzausgleichsgesetzes den Ländern zusammen mit dem Länderanteil an der Einfuhrumsatzsteuer in monatlichen Teilbeträgen jeweils zum 15. des Folgemonats überwiesen.</P></Content></text></textdaten></norm>
<norm builddate="20240402214019" doknr="BJNR06A0A0024BJNE000300000"><metadaten><jurabk>FinAusglG2024DV 1</jurabk><enbez>§ 2</enbez><titel format="XML">Inkrafttreten</titel></metadaten><textdaten><text format="XML"><Content><P>Diese Verordnung tritt mit Wirkung vom 1. Januar 2024 in Kraft.</P></Content></text></textdaten></norm>
<norm builddate="20240402214019" doknr="BJNR06A0A0024BJNE000400000"><metadaten><jurabk>FinAusglG2024DV 1</jurabk><enbez>Schlussformel</enbez></metadaten><textdaten><text format="XML"><Content><P>Der Bundesrat hat zugestimmt.</P></Content></text></textdaten></norm>
</dokumente>