<?xml version="1.0" encoding="UTF-8" ?><!DOCTYPE dokumente SYSTEM "http://www.gesetze-im-internet.de/dtd/1.01/gii-norm.dtd">
<dokumente builddate="20130405132835" doknr="BJNR321900997"><norm builddate="20130405132835" doknr="BJNR321900997"><metadaten><jurabk>BSV 1998</jurabk><amtabk>BSV 1998</amtabk><ausfertigung-datum manuell="ja">1997-12-19</ausfertigung-datum><fundstelle typ="amtlich"><periodikum>BGBl I</periodikum><zitstelle>1997, 3219</zitstelle></fundstelle><kurzue>Beitragssatzverordnung 1998</kurzue><langue>Verordnung zur Bestimmung der Beitragssätze
in der gesetzlichen Rentenversicherung für 1998
und zur Bestimmung weiterer Rechengrößen der
Sozialversicherung für 1998</langue></metadaten><textdaten><text format="XML"><Content><P/></Content></text><fussnoten><Content><P>(+++ Textnachweis ab:  1. 1.1998 +++)</P></Content></fussnoten></textdaten></norm>
<norm builddate="20130405132835" doknr="BJNR321900997BJNE000100305"><metadaten><jurabk>BSV 1998</jurabk><enbez>Eingangsformel</enbez></metadaten><textdaten><text format="XML"><Content><P>Auf Grund <DL Font="normal" Type="arabic"><DT>-</DT><DD Font="normal"><LA Size="normal">des § 160 des Sechsten Buches Sozialgesetzbuch - Gesetzliche Rentenversicherung - (Artikel 1 des Gesetzes vom 18. Dezember 1989, BGBl. I S. 2261; 1990 I S. 1337),</LA></DD> <DT>-</DT><DD Font="normal"><LA Size="normal">des § 35 Abs. 1 und der §§ 69 und 120 des Gesetzes über die Alterssicherung der Landwirte vom 29. Juli 1994 (BGBl. I S. 1890, 1891)</LA></DD> </DL>verordnet die Bundesregierung und auf Grund <DL Font="normal" Type="arabic"><DT>-</DT><DD Font="normal"><LA Size="normal">des § 188 des Sechsten Buches Sozialgesetzbuch, der durch Artikel 1 des Gesetzes vom 15. Dezember 1995 (BGBl. I S. 1824) geändert worden ist, und</LA></DD> <DT>-</DT><DD Font="normal"><LA Size="normal">des § 281b Abs. 1 Satz 1 Nr. 1 des Sechsten Buches Sozialgesetzbuch, der zuletzt durch Artikel 1 des Gesetzes vom 15. Dezember 1995 (BGBl. I S. 1824) geändert worden ist,</LA></DD> </DL>verordnet das Bundesministerium für Arbeit und Sozialordnung:</P></Content></text></textdaten></norm>
<norm builddate="20130405132835" doknr="BJNR321900997BJNE000200305"><metadaten><jurabk>BSV 1998</jurabk><enbez>§ 1</enbez><titel format="parat">Beitragssätze in der Rentenversicherung</titel></metadaten><textdaten><text format="XML"><Content><P>Der Beitragssatz für das Jahr 1998 beträgt in der Rentenversicherung der Arbeiter und der Angestellten 20,3 vom Hundert und in der knappschaftlichen Rentenversicherung 26,9 vom Hundert.</P></Content></text></textdaten></norm>
<norm builddate="20130405132835" doknr="BJNR321900997BJNE000300305"><metadaten><jurabk>BSV 1998</jurabk><enbez>§ 2</enbez><titel format="parat">Beitrag in der Alterssicherung der
Landwirte</titel></metadaten><textdaten><text format="XML"><Content><P>(1) Der Beitrag in der Alterssicherung der Landwirte beträgt für das Kalenderjahr 1998 monatlich 335 Deutsche Mark.</P><P>(2) Der Beitrag in der Alterssicherung der Landwirte beträgt für das Beitrittsgebiet für das Kalenderjahr 1998 monatlich 280 Deutsche Mark.</P></Content> </text></textdaten></norm>
<norm builddate="20130405132835" doknr="BJNR321900997BJNE000400305"><metadaten><jurabk>BSV 1998</jurabk><enbez>§ 3</enbez><titel format="parat">Beitragszuschuß in der Alterssicherung
der Landwirte</titel></metadaten><textdaten><text format="XML"><Content><P>(1) In Anlage 1 des Gesetzes über die Alterssicherung der Landwirte wird der monatliche Zuschußbetrag für das Kalenderjahr 1998 wie folgt festgesetzt: <BR/><table frame="none" tocentry="%yes;">
		<tgroup align="left" char="" charoff="50" cols="2" colsep="0" rowsep="0">
			<colspec colname="col1" colnum="1" colwidth="40*"/>
			<colspec colname="col2" colnum="2" colwidth="20*"/>
			<thead valign="bottom">
				<row>
					<entry VJ="1" align="left" colsep="0" valign="top">Einkommensklasse</entry>
					<entry VJ="1" align="center" colsep="0" valign="top">monatlicher Zuschußbetrag</entry>
				</row>
			</thead>
			<tbody valign="top">
				<row>
					<entry VJ="1" align="left" colsep="0" valign="top">bis 16.000 DM</entry>
					<entry VJ="1" align="center" colsep="0" valign="top">268 DM</entry>
				</row>
				<row>
					<entry VJ="1" align="left" colsep="0" valign="top">16.001 - 17.000 DM</entry>
					<entry VJ="1" align="center" colsep="0" valign="top">257 DM</entry>
				</row>
				<row>
					<entry VJ="1" align="left" colsep="0" valign="top">17.001 - 18.000 DM</entry>
					<entry VJ="1" align="center" colsep="0" valign="top">247 DM</entry>
				</row>
				<row>
					<entry VJ="1" align="left" colsep="0" valign="top">18.001 - 19.000 DM</entry>
					<entry VJ="1" align="center" colsep="0" valign="top">236 DM</entry>
				</row>
				<row>
					<entry VJ="1" align="left" colsep="0" valign="top">19.001 - 20.000 DM</entry>
					<entry VJ="1" align="center" colsep="0" valign="top">225 DM</entry>
				</row>
				<row>
					<entry VJ="1" align="left" colsep="0" valign="top">20.001 - 21.000 DM</entry>
					<entry VJ="1" align="center" colsep="0" valign="top">214 DM</entry>
				</row>
				<row>
					<entry VJ="1" align="left" colsep="0" valign="top">21.001 - 22.000 DM</entry>
					<entry VJ="1" align="center" colsep="0" valign="top">204 DM</entry>
				</row>
				<row>
					<entry VJ="1" align="left" colsep="0" valign="top">22.001 - 23.000 DM</entry>
					<entry VJ="1" align="center" colsep="0" valign="top">193 DM</entry>
				</row>
				<row>
					<entry VJ="1" align="left" colsep="0" valign="top">23.001 - 24.000 DM</entry>
					<entry VJ="1" align="center" colsep="0" valign="top">182 DM</entry>
				</row>
				<row>
					<entry VJ="1" align="left" colsep="0" valign="top">24.001 - 25.000 DM</entry>
					<entry VJ="1" align="center" colsep="0" valign="top">172 DM</entry>
				</row>
				<row>
					<entry VJ="1" align="left" colsep="0" valign="top">25.001 - 26.000 DM</entry>
					<entry VJ="1" align="center" colsep="0" valign="top">161 DM</entry>
				</row>
				<row>
					<entry VJ="1" align="left" colsep="0" valign="top">26.001 - 27.000 DM</entry>
					<entry VJ="1" align="center" colsep="0" valign="top">150 DM</entry>
				</row>
				<row>
					<entry VJ="1" align="left" colsep="0" valign="top">27.001 - 28.000 DM</entry>
					<entry VJ="1" align="center" colsep="0" valign="top">139 DM</entry>
				</row>
				<row>
					<entry VJ="1" align="left" colsep="0" valign="top">28.001 - 29.000 DM</entry>
					<entry VJ="1" align="center" colsep="0" valign="top">129 DM</entry>
				</row>
				<row>
					<entry VJ="1" align="left" colsep="0" valign="top">29.001 - 30.000 DM</entry>
					<entry VJ="1" align="center" colsep="0" valign="top">118 DM</entry>
				</row>
				<row>
					<entry VJ="1" align="left" colsep="0" valign="top">30.001 - 31.000 DM</entry>
					<entry VJ="1" align="center" colsep="0" valign="top">107 DM</entry>
				</row>
				<row>
					<entry VJ="1" align="left" colsep="0" valign="top">31.001 - 32.000 DM</entry>
					<entry VJ="1" align="center" colsep="0" valign="top">96 DM</entry>
				</row>
				<row>
					<entry VJ="1" align="left" colsep="0" valign="top">32.001 - 33.000 DM</entry>
					<entry VJ="1" align="center" colsep="0" valign="top">86 DM</entry>
				</row>
				<row>
					<entry VJ="1" align="left" colsep="0" valign="top">33.001 - 34.000 DM</entry>
					<entry VJ="1" align="center" colsep="0" valign="top">75 DM</entry>
				</row>
				<row>
					<entry VJ="1" align="left" colsep="0" valign="top">34.001 - 35.000 DM</entry>
					<entry VJ="1" align="center" colsep="0" valign="top">64 DM</entry>
				</row>
				<row>
					<entry VJ="1" align="left" colsep="0" valign="top">35.001 - 36.000 DM</entry>
					<entry VJ="1" align="center" colsep="0" valign="top">54 DM</entry>
				</row>
				<row>
					<entry VJ="1" align="left" colsep="0" valign="top">36.001 - 37.000 DM</entry>
					<entry VJ="1" align="center" colsep="0" valign="top">43 DM</entry>
				</row>
				<row>
					<entry VJ="1" align="left" colsep="0" valign="top">37.001 - 38.000 DM</entry>
					<entry VJ="1" align="center" colsep="0" valign="top">32 DM</entry>
				</row>
				<row>
					<entry VJ="1" align="left" colsep="0" valign="top">38.001 - 39.000 DM</entry>
					<entry VJ="1" align="center" colsep="0" valign="top">21 DM</entry>
				</row>
				<row>
					<entry VJ="1" align="left" colsep="0" valign="top">39.001 - 40.000 DM</entry>
					<entry VJ="1" align="center" colsep="0" valign="top">11 DM.</entry>
				</row>
			</tbody>
		</tgroup>
	</table> </P><P>(2) In Anlage 1 des Gesetzes über die Alterssicherung der Landwirte wird der monatliche Zuschußbetrag für das Beitrittsgebiet für das Kalenderjahr 1998 wie folgt festgesetzt: <BR/><table frame="none" tocentry="%yes;">
	<tgroup align="left" char="" charoff="50" cols="2" colsep="0" rowsep="0">
		<colspec colname="col1" colnum="1" colwidth="40*"/>
		<colspec colname="col2" colnum="2" colwidth="20*"/>
		<thead valign="bottom">
			<row>
				<entry VJ="1" align="left" colsep="0" valign="top">Einkommensklasse</entry>
				<entry VJ="1" align="center" colsep="0" valign="top">monatlicher Zuschußbetrag (Ost)</entry>
			</row>
		</thead>
		<tbody valign="top">
			<row>
				<entry VJ="1" align="left" colsep="0" valign="top">bis 16.000 DM</entry>
				<entry VJ="1" align="center" colsep="0" valign="top">224 DM</entry>
			</row>
			<row>
				<entry VJ="1" align="left" colsep="0" valign="top">16.001 - 17.000 DM</entry>
				<entry VJ="1" align="center" colsep="0" valign="top">215 DM</entry>
			</row>
			<row>
				<entry VJ="1" align="left" colsep="0" valign="top">17.001 - 18.000 DM</entry>
				<entry VJ="1" align="center" colsep="0" valign="top">206 DM</entry>
			</row>
			<row>
				<entry VJ="1" align="left" colsep="0" valign="top">18.001 - 19.000 DM</entry>
				<entry VJ="1" align="center" colsep="0" valign="top">197 DM</entry>
			</row>
			<row>
				<entry VJ="1" align="left" colsep="0" valign="top">19.001 - 20.000 DM</entry>
				<entry VJ="1" align="center" colsep="0" valign="top">188 DM</entry>
			</row>
			<row>
				<entry VJ="1" align="left" colsep="0" valign="top">20.001 - 21.000 DM</entry>
				<entry VJ="1" align="center" colsep="0" valign="top">179 DM</entry>
			</row>
			<row>
				<entry VJ="1" align="left" colsep="0" valign="top">21.001 - 22.000 DM</entry>
				<entry VJ="1" align="center" colsep="0" valign="top">170 DM</entry>
			</row>
			<row>
				<entry VJ="1" align="left" colsep="0" valign="top">22.001 - 23.000 DM</entry>
				<entry VJ="1" align="center" colsep="0" valign="top">161 DM</entry>
			</row>
			<row>
				<entry VJ="1" align="left" colsep="0" valign="top">23.001 - 24.000 DM</entry>
				<entry VJ="1" align="center" colsep="0" valign="top">152 DM</entry>
			</row>
			<row>
				<entry VJ="1" align="left" colsep="0" valign="top">24.001 - 25.000 DM</entry>
				<entry VJ="1" align="center" colsep="0" valign="top">143 DM</entry>
			</row>
			<row>
				<entry VJ="1" align="left" colsep="0" valign="top">25.001 - 26.000 DM</entry>
				<entry VJ="1" align="center" colsep="0" valign="top">134 DM</entry>
			</row>
			<row>
				<entry VJ="1" align="left" colsep="0" valign="top">26.001 - 27.000 DM</entry>
				<entry VJ="1" align="center" colsep="0" valign="top">125 DM</entry>
			</row>
			<row>
				<entry VJ="1" align="left" colsep="0" valign="top">27.001 - 28.000 DM</entry>
				<entry VJ="1" align="center" colsep="0" valign="top">116 DM</entry>
			</row>
			<row>
				<entry VJ="1" align="left" colsep="0" valign="top">28.001 - 29.000 DM</entry>
				<entry VJ="1" align="center" colsep="0" valign="top">108 DM</entry>
			</row>
			<row>
				<entry VJ="1" align="left" colsep="0" valign="top">29.001 - 30.000 DM</entry>
				<entry VJ="1" align="center" colsep="0" valign="top">99 DM</entry>
			</row>
			<row>
				<entry VJ="1" align="left" colsep="0" valign="top">30.001 - 31.000 DM</entry>
				<entry VJ="1" align="center" colsep="0" valign="top">90 DM</entry>
			</row>
			<row>
				<entry VJ="1" align="left" colsep="0" valign="top">31.001 - 32.000 DM</entry>
				<entry VJ="1" align="center" colsep="0" valign="top">81 DM</entry>
			</row>
			<row>
				<entry VJ="1" align="left" colsep="0" valign="top">32.001 - 33.000 DM</entry>
				<entry VJ="1" align="center" colsep="0" valign="top">72 DM</entry>
			</row>
			<row>
				<entry VJ="1" align="left" colsep="0" valign="top">33.001 - 34.000 DM</entry>
				<entry VJ="1" align="center" colsep="0" valign="top">63 DM</entry>
			</row>
			<row>
				<entry VJ="1" align="left" colsep="0" valign="top">34.001 - 35.000 DM</entry>
				<entry VJ="1" align="center" colsep="0" valign="top">54 DM</entry>
			</row>
			<row>
				<entry VJ="1" align="left" colsep="0" valign="top">35.001 - 36.000 DM</entry>
				<entry VJ="1" align="center" colsep="0" valign="top">45 DM</entry>
			</row>
			<row>
				<entry VJ="1" align="left" colsep="0" valign="top">36.001 - 37.000 DM</entry>
				<entry VJ="1" align="center" colsep="0" valign="top">36 DM</entry>
			</row>
			<row>
				<entry VJ="1" align="left" colsep="0" valign="top">37.001 - 38.000 DM</entry>
				<entry VJ="1" align="center" colsep="0" valign="top">27 DM</entry>
			</row>
			<row>
				<entry VJ="1" align="left" colsep="0" valign="top">38.001 - 39.000 DM</entry>
				<entry VJ="1" align="center" colsep="0" valign="top">18 DM</entry>
			</row>
			<row>
				<entry VJ="1" align="left" colsep="0" valign="top">39.001 - 40.000 DM</entry>
				<entry VJ="1" align="center" colsep="0" valign="top">9 DM.</entry>
			</row>
		</tbody>
	</tgroup>
</table> </P></Content> </text></textdaten></norm>
<norm builddate="20130405132835" doknr="BJNR321900997BJNE000500305"><metadaten><jurabk>BSV 1998</jurabk><enbez>§ 4</enbez><titel format="parat">Umrechnungsfaktoren für den Versorgungsausgleich
in der Rentenversicherung</titel></metadaten><textdaten><text format="XML"><Content><P>(1) Die auf Grund des vorläufigen Durchschnittsentgelts und des Beitragssatzes für das Jahr 1998 berechneten Faktoren betragen im Jahre 1998 <BR/> <BR/><table frame="none" tocentry="%yes;">
		<tgroup align="left" char="" charoff="50" cols="4" colsep="0" rowsep="0">
			<colspec colname="col1" colnum="1" colwidth="5*"/>
			<colspec colname="col2" colnum="2" colwidth="5*"/>
			<colspec colname="col3" colnum="3" colwidth="45*"/>
			<colspec colname="col4" colnum="4" colwidth="20*"/>
			<tbody valign="top">
				<row>
					<entry VJ="1" align="left" colsep="0" valign="top">1.</entry>
					<entry VJ="1" align="left" colsep="0" nameend="col4" namest="col2" valign="top">in der Rentenversicherung der Arbeiter und der Angestellten für die Umrechnung</entry>
				</row>
				<row>
					<entry VJ="1" align="left" colsep="0" valign="top"> </entry>
					<entry VJ="1" align="left" colsep="0" valign="top">a)</entry>
					<entry VJ="1" align="left" colsep="0" valign="top">von Entgeltpunkten in Beiträge</entry>
					<entry VJ="1" align="right" colsep="0" valign="top">10.910,2350,</entry>
				</row>
				<row>
					<entry VJ="1" align="left" colsep="0" valign="top"> </entry>
					<entry VJ="1" align="left" colsep="0" valign="top"> </entry>
					<entry VJ="1" align="left" colsep="0" valign="top">von Entgeltpunkten (Ost) in Beiträge</entry>
					<entry VJ="1" align="right" colsep="0" valign="top">9.091,1049,</entry>
				</row>
				<row>
					<entry VJ="1" align="left" colsep="0" valign="top"> </entry>
					<entry VJ="1" align="left" colsep="0" valign="top">b)</entry>
					<entry VJ="1" align="left" colsep="0" valign="top">von Beiträgen, Barwerten, Deckungskapitalien und vergleichbaren Deckungsrücklagen in Entgeltpunkte</entry>
					<entry VJ="1" align="right" colsep="0" valign="top">0,0000916571,</entry>
				</row>
				<row>
					<entry VJ="1" align="left" colsep="0" valign="top"> </entry>
					<entry VJ="1" align="left" colsep="0" valign="top"> </entry>
					<entry VJ="1" align="left" colsep="0" valign="top">von Beiträgen in Entgeltpunkte (Ost)</entry>
					<entry VJ="1" align="right" colsep="0" valign="top">0,0001099976,</entry>
				</row>
				<row>
					<entry VJ="1" align="left" colsep="0" valign="top"> </entry>
					<entry VJ="1" align="left" colsep="0" valign="top"> </entry>
					<entry VJ="1" align="left" colsep="0" valign="top">von Entgeltpunkten (Ost) in Beiträge</entry>
					<entry VJ="1" align="right" colsep="0" valign="top">9.091,1049,</entry>
				</row>
				<row>
					<entry VJ="1" align="left" colsep="0" valign="top">2.</entry>
					<entry VJ="1" align="left" colsep="0" nameend="col4" namest="col2" valign="top">in der knappschaftlichen Rentenversicherung für die Umrechnung</entry>
				</row>
				<row>
					<entry VJ="1" align="left" colsep="0" valign="top"> </entry>
					<entry VJ="1" align="left" colsep="0" valign="top">a)</entry>
					<entry VJ="1" align="left" colsep="0" valign="top">von Entgeltpunkten in Beiträge</entry>
					<entry VJ="1" align="right" colsep="0" valign="top">14.457,4050,</entry>
				</row>
				<row>
					<entry VJ="1" align="left" colsep="0" valign="top"> </entry>
					<entry VJ="1" align="left" colsep="0" valign="top"> </entry>
					<entry VJ="1" align="left" colsep="0" valign="top">von Entgeltpunkten (Ost) in Beiträge</entry>
					<entry VJ="1" align="right" colsep="0" valign="top">12.046,8336,</entry>
				</row>
				<row>
					<entry VJ="1" align="left" colsep="0" valign="top"> </entry>
					<entry VJ="1" align="left" colsep="0" valign="top">b)</entry>
					<entry VJ="1" align="left" colsep="0" valign="top">von Beiträgen in Entgeltpunkte</entry>
					<entry VJ="1" align="right" colsep="0" valign="top">0,0000691687,</entry>
				</row>
				<row>
					<entry VJ="1" align="left" colsep="0" valign="top"> </entry>
					<entry VJ="1" align="left" colsep="0" valign="top"> </entry>
					<entry VJ="1" align="left" colsep="0" valign="top">von Beiträgen in Entgeltpunkte (Ost)</entry>
					<entry VJ="1" align="right" colsep="0" valign="top">0,0000830094.</entry>
				</row>
			</tbody>
		</tgroup>
	</table> </P><P>(2) Entgeltpunkte werden in Beiträge umgerechnet, indem sie mit dem im Zeitpunkt der Beitragsentrichtung maßgebenden Umrechnungsfaktor vervielfältigt werden.</P><P>(3) Beiträge werden in Entgeltpunkte umgerechnet, indem sie mit dem im Zeitpunkt der Beitragsentrichtung maßgebenden Umrechnungsfaktor vervielfältigt werden. Die Umrechnung kann auch durch eine Division der Beiträge durch den Wert des Faktors erfolgen, der für die Umrechnung von Entgeltpunkten in Beiträge maßgebend wäre.</P><P>(4) Barwerte, Deckungskapitalien und vergleichbare Deckungsrücklagen werden in Entgeltpunkte umgerechnet, indem sie mit dem Umrechnungsfaktor vervielfältigt werden, der für den Zeitpunkt maßgebend ist, in dem der Versicherungsfall als eingetreten gilt. Die Umrechnung kann auch durch eine Division der Barwerte, Deckungskapitalien und vergleichbaren Deckungsrücklagen durch den Wert des Faktors erfolgen, der für die Umrechnung von Entgeltpunkten in Beiträge maßgebend wäre.</P></Content>   </text></textdaten></norm>
<norm builddate="20130405132835" doknr="BJNR321900997BJNE000600305"><metadaten><jurabk>BSV 1998</jurabk><enbez>§ 5</enbez><titel format="parat">Inkrafttreten</titel></metadaten><textdaten><text format="XML"><Content><P>Diese Verordnung tritt am 1. Januar 1998 in Kraft.</P></Content></text></textdaten></norm>
<norm builddate="20130405132835" doknr="BJNR321900997BJNE000700305"><metadaten><jurabk>BSV 1998</jurabk><enbez>Schlußformel</enbez></metadaten><textdaten><text format="XML"><Content><P>Der Bundesrat hat zugestimmt.</P></Content></text></textdaten></norm>
</dokumente>