<?xml version="1.0" encoding="UTF-8" ?><!DOCTYPE dokumente SYSTEM "http://www.gesetze-im-internet.de/dtd/1.01/gii-norm.dtd">
<dokumente builddate="20120625145855" doknr="BJNR206450962"><norm builddate="20120625145855" doknr="BJNR206450962"><metadaten><jurabk>ERPWiPlanG 1962</jurabk><ausfertigung-datum manuell="ja">1962-06-01</ausfertigung-datum><fundstelle typ="amtlich"><periodikum>BGBl II</periodikum><zitstelle>1962, 645</zitstelle></fundstelle><kurzue>ERP-Wirtschaftsplangesetz 1962</kurzue><langue>Gesetz über die Feststellung des Wirtschaftsplans des ERP-Sondervermögens
für das Rechnungsjahr 1962</langue></metadaten><textdaten><text format="decorated"/></textdaten></norm>
</dokumente>