<?xml version="1.0" encoding="UTF-8" ?><!DOCTYPE dokumente SYSTEM "http://www.gesetze-im-internet.de/dtd/1.01/gii-norm.dtd">
<dokumente builddate="20170725221520" doknr="BJNR024140990"><norm builddate="20170725221520" doknr="BJNR024140990"><metadaten><jurabk>HStatG 1990</jurabk><amtabk>HStatG</amtabk><ausfertigung-datum manuell="ja">1990-11-02</ausfertigung-datum><fundstelle typ="amtlich"><periodikum>BGBl I</periodikum><zitstelle>1990, 2414</zitstelle></fundstelle><kurzue>Hochschulstatistikgesetz</kurzue><langue>Gesetz über die Statistik für das Hochschulwesen sowie für die Berufsakademien</langue><standangabe checked="ja"><standtyp>Stand</standtyp><standkommentar>Zuletzt geändert durch Art. 3 G v. 7.12.2016 I 2826</standkommentar></standangabe></metadaten><textdaten><fussnoten><Content><P><BR/> <pre xml:space="preserve">(+++ Textnachweis ab: 1.6.1992 +++)<BR/><BR/></pre>Überschrift: IdF d. Art. 1 Nr. 1 G v. 2.3.2016 I 342 mWv 1.3.2016</P></Content></fussnoten></textdaten></norm>
<norm builddate="20170725221520" doknr="BJNR024140990BJNE000100308"><metadaten><jurabk>HStatG 1990</jurabk><enbez>Eingangsformel</enbez></metadaten><textdaten><text format="XML"><Content><P>Der Bundestag hat mit Zustimmung des Bundesrates das folgende Gesetz beschlossen:</P></Content></text></textdaten></norm>
<norm builddate="20170725221520" doknr="BJNR024140990BJNE000201301"><metadaten><jurabk>HStatG 1990</jurabk><enbez>§ 1</enbez><titel format="XML">Zweck</titel></metadaten><textdaten><text format="XML"><Content><P>(1) Für Zwecke der Gesetzgebung und Planung im Hochschulbereich und bei den Berufsakademien sowie zur Erfüllung der Datenlieferverpflichtungen nach der Verordnung (EU) Nr. 912/2013 der Kommission vom 23. September 2013 zur Durchführung der Verordnung (EG) Nr. 452/2008 des Europäischen Parlaments und des Rates über die Erstellung und die Entwicklung von Statistiken über Bildung und lebenslanges Lernen im Hinblick auf Statistiken über die Systeme der allgemeinen und beruflichen Bildung (ABl. L 252 vom 24.9.2013, S. 5) und der Durchführungsverordnung (EU) Nr. 995/2012 der Kommission vom 26. Oktober 2012 mit Durchführungsvorschriften zur Entscheidung Nr. 1608/2003/EG des Europäischen Parlaments und des Rates zur Erstellung und Entwicklung von Gemeinschaftsstatistiken über Wissenschaft und Technologie (ABl. L 299 vom 27.10.2012, S. 18) wird eine Bundesstatistik, teilweise als Studienverlaufsstatistik, durchgeführt. Sie liefert Entscheidungsgrundlagen für eine evidenzbasierte Forschungs- und Wissenschaftspolitik und dient der Kapazitäts- und Finanzplanung im Hochschulbereich, der Qualitätssicherung der Hochschulbildung, der Planung von Maßnahmen zur Förderung des wissenschaftlichen Nachwuchses sowie der Mobilität im Hochschulbereich und der Sicherung der Chancengleichheit von Frauen in Führungspositionen.</P><P>(2) Das Erhebungs- und Aufbereitungsprogramm ist so zu gestalten, daß die Ergebnisse für Zwecke der Gesetzgebung sowie der Planung in Bund, Ländern, Hochschulen und Berufsakademien im Rahmen der jeweiligen Zuständigkeiten Verwendung finden können.</P></Content></text><fussnoten/></textdaten></norm>
<norm builddate="20170725221520" doknr="BJNR024140990BJNE000303301"><metadaten><jurabk>HStatG 1990</jurabk><enbez>§ 2</enbez><titel format="XML">Erhebungsbereich</titel></metadaten><textdaten><text format="XML"><Content><P>Die Erhebungen erstrecken sich auf: <DL Font="normal" Type="arabic"><DT>1.</DT><DD Font="normal"><LA Size="normal">Hochschulen einschließlich der Hochschulkliniken und sonstiger der Ausbildung von Studenten dienenden Krankenanstalten,</LA></DD><DT>2.</DT><DD Font="normal"><LA Size="normal">staatliche und kirchliche Prüfungsämter, soweit sie Prüfungen abnehmen, die ein Studium an den in Nummer 1 genannten Einrichtungen abschließen, und</LA></DD><DT>3.</DT><DD Font="normal"><LA Size="normal">Berufsakademien.</LA></DD></DL></P></Content></text><fussnoten/></textdaten></norm>
<norm builddate="20170725221520" doknr="BJNR024140990BJNE000404301"><metadaten><jurabk>HStatG 1990</jurabk><enbez>§ 3</enbez><titel format="XML">Erhebungsmerkmale bei Einrichtungen nach § 2 Nummer 1 (Hochschulen und Hochschulkliniken)</titel></metadaten><textdaten><text format="XML"><Content><P>(1) Bei den in § 2 Nummer 1 genannten Einrichtungen werden für die Studierenden, die Prüfungsteilnehmenden sowie die Exmatrikulierten semesterweise, jeweils nach Ablauf der Immatrikulationsfrist oder nach bestandener oder endgültig nicht bestandener Abschlussprüfung folgende Erhebungsmerkmale erfasst: <DL Font="normal" Type="arabic"><DT>1.</DT><DD Font="normal"><LA Size="normal">Geschlecht;</LA></DD><DT>2.</DT><DD Font="normal"><LA Size="normal">Geburtsmonat und -jahr;</LA></DD><DT>3.</DT><DD Font="normal"><LA Size="normal">Staatsangehörigkeit; weitere Staatsangehörigkeit;</LA></DD><DT>4.</DT><DD Font="normal"><LA Size="normal">Land und Kreis des Heimat- sowie des Semesterwohnsitzes;</LA></DD><DT>5.</DT><DD Font="normal"><LA Size="normal">Land, Kreis und Jahr des Erwerbs sowie Art der Hochschulzugangsberechtigung; bei Erwerb der Hochschulzugangsberechtigung außerhalb der Bundesrepublik Deutschland der Staat des Erwerbs;</LA></DD><DT>6.</DT><DD Font="normal"><LA Size="normal">berufspraktische Tätigkeit vor Aufnahme des Studiums;</LA></DD><DT>7.</DT><DD Font="normal"><LA Size="normal">Praxissemester und Semester an Studienkollegs;</LA></DD><DT>8.</DT><DD Font="normal"><LA Size="normal">Bezeichnung der Hochschule; Bezeichnung des Standorts der Hochschule, sofern an diesem Standort regelmäßig und dauerhaft Lehrveranstaltungen von mehr als 100 Semesterwochenstunden angeboten werden; verschiedene Hochschulstandorte innerhalb desselben Landkreises oder derselben kreisfreien Stadt sind nicht gesondert auszuweisen; für Stadtstaaten gilt die gleiche Regel wie für kreisfreie Städte;</LA></DD><DT>9.</DT><DD Font="normal"><LA Size="normal">Bezeichnung der gleichzeitig besuchten weiteren Hochschule; bei einer Hochschule außerhalb der Bundesrepublik Deutschland der Staat der gleichzeitig besuchten Hochschule;</LA></DD><DT>10.</DT><DD Font="normal"><LA Size="normal">Bezeichnung der Hochschule sowie Semester und Jahr der Ersteinschreibung; Bezeichnung der im vorangegangenen Semester besuchten Hochschulen; bei Ersteinschreibung an einer Hochschule außerhalb der Bundesrepublik Deutschland oder bei Besuch einer solchen Hochschule im vorangegangenen Semester der Staat der Hochschule;</LA></DD><DT>11.</DT><DD Font="normal"><LA Size="normal">Studiengänge einschließlich Studiengänge im vorangegangenen Semester sowie an der gleichzeitig besuchten weiteren Hochschule;</LA></DD><DT>12.</DT><DD Font="normal"><LA Size="normal">Ort der angestrebten Abschlussprüfung; bei einem Ort außerhalb der Bundesrepublik Deutschland der Staat der angestrebten Abschlussprüfung;</LA></DD><DT>13.</DT><DD Font="normal"><LA Size="normal">Regelstudienzeit des Studiengangs;</LA></DD><DT>14.</DT><DD Font="normal"><LA Size="normal">Art, Fach, Semester, Monat und Jahr des Prüfungsabschlusses;</LA></DD><DT>15.</DT><DD Font="normal"><LA Size="normal">Prüfungserfolg und Gesamtnote abgelegter Prüfungen;</LA></DD><DT>16.</DT><DD Font="normal"><LA Size="normal">Hochschule, an der der vorherige Abschluss erworben wurde; bei Erwerb des vorherigen Abschlusses außerhalb der Bundesrepublik Deutschland der Staat, in dem der vorherige Abschluss erworben wurde;</LA></DD><DT>17.</DT><DD Font="normal"><LA Size="normal">Art und Dauer der Studienunterbrechungen;</LA></DD><DT>18.</DT><DD Font="normal"><LA Size="normal">Grund, Semester und Jahr bei Beurlaubung und Exmatrikulation;</LA></DD><DT>19.</DT><DD Font="normal"><LA Size="normal">Hörerstatus;</LA></DD><DT>20.</DT><DD Font="normal"><LA Size="normal">Fach- und Hochschulsemester;</LA></DD><DT>21.</DT><DD Font="normal"><LA Size="normal">Art des Studiums.</LA></DD></DL></P><P>(2) Bei den in § 2 Nummer 1 genannten Einrichtungen werden jeweils im Wintersemester für jeden Gasthörer folgende Erhebungsmerkmale erfasst: <DL Font="normal" Type="arabic"><DT>1.</DT><DD Font="normal"><LA Size="normal">Bezeichnung der Hochschule;</LA></DD><DT>2.</DT><DD Font="normal"><LA Size="normal">Geschlecht;</LA></DD><DT>3.</DT><DD Font="normal"><LA Size="normal">Geburtsmonat und -jahr;</LA></DD><DT>4.</DT><DD Font="normal"><LA Size="normal">Staatsangehörigkeit;</LA></DD><DT>5.</DT><DD Font="normal"><LA Size="normal">Fachrichtung.</LA></DD></DL></P><P>(3) Bei den in § 2 Nummer 1 genannten Einrichtungen werden für die im Kalenderjahr Habilitierten zum Zeitpunkt ihrer Habilitation folgende Erhebungsmerkmale erfasst: <DL Font="normal" Type="arabic"><DT>1.</DT><DD Font="normal"><LA Size="normal">Bezeichnung der Hochschule;</LA></DD><DT>2.</DT><DD Font="normal"><LA Size="normal">Geschlecht;</LA></DD><DT>3.</DT><DD Font="normal"><LA Size="normal">Geburtsmonat und -jahr;</LA></DD><DT>4.</DT><DD Font="normal"><LA Size="normal">Staatsangehörigkeit;</LA></DD><DT>5.</DT><DD Font="normal"><LA Size="normal">Monat und Fach der Habilitation;</LA></DD><DT>6.</DT><DD Font="normal"><LA Size="normal">Art des Dienst- oder Beschäftigungsverhältnisses;</LA></DD><DT>7.</DT><DD Font="normal"><LA Size="normal">fachliche und organisatorische Zugehörigkeit.</LA></DD></DL></P><P>(4) Bei den in § 2 Nummer 1 genannten Einrichtungen werden jährlich zum 1. Dezember für das Personal, auch soweit kein Anstellungsverhältnis zum Land oder zur Hochschule besteht, folgende Erhebungsmerkmale erfasst: <DL Font="normal" Type="arabic"><DT>1.</DT><DD Font="normal"><LA Size="normal">Bezeichnung der Hochschule;</LA></DD><DT>2.</DT><DD Font="normal"><LA Size="normal">fachliche und organisatorische Zugehörigkeit;</LA></DD><DT>3.</DT><DD Font="normal"><LA Size="normal">Geschlecht;</LA></DD><DT>4.</DT><DD Font="normal"><LA Size="normal">Dienst- oder Beschäftigungsverhältnis zur Hochschule oder zu einem Mitglied der Hochschule;</LA></DD><DT>5.</DT><DD Font="normal"><LA Size="normal">tarifliche Einstufung;</LA></DD><DT>6.</DT><DD Font="normal"><LA Size="normal">Art der Finanzierung.</LA></DD></DL></P><P>(5) Bei den in § 2 Nummer 1 genannten Einrichtungen werden für das wissenschaftliche und künstlerische Personal in allen Laufbahngruppen und für das Verwaltungs-, technische und sonstige Personal im höheren Dienst sowie in vergleichbaren Laufbahngruppen jährlich zum 1. Dezember zusätzlich zu den Merkmalen nach Absatz 4 folgende Merkmale erfasst: <DL Font="normal" Type="arabic"><DT>1.</DT><DD Font="normal"><LA Size="normal">Staatsangehörigkeit;</LA></DD><DT>2.</DT><DD Font="normal"><LA Size="normal">Geburtsmonat und -jahr;</LA></DD><DT>3.</DT><DD Font="normal"><LA Size="normal">höchster Hochschulabschluss; Jahr des Erwerbs des höchsten Hochschulabschlusses; Studienfach, in dem der höchste Hochschulabschluss erworben wurde; Hochschule, an der der höchste Hochschulabschluss erworben wurde; bei Erwerb des höchsten Hochschulabschlusses außerhalb der Bundesrepublik Deutschland der Staat, in dem der höchste Hochschulabschluss erworben wurde;</LA></DD><DT>4.</DT><DD Font="normal"><LA Size="normal">Art der Qualifizierungsposition;</LA></DD><DT>5.</DT><DD Font="normal"><LA Size="normal">Vorqualifikation bei Erstberufung zur Professur; Jahr der Erstberufung zur Professur;</LA></DD><DT>6.</DT><DD Font="normal"><LA Size="normal">die Tatsache, ob sich die Person in einem Promotions- oder Habilitationsverfahren befindet;</LA></DD><DT>7.</DT><DD Font="normal"><LA Size="normal">Position in der Hochschulleitung;</LA></DD><DT>8.</DT><DD Font="normal"><LA Size="normal">für Habilitierte zusätzlich zu den Merkmalen nach den Nummern 1 bis 7 die Merkmale Jahr, Fachgebiet und Hochschule der Habilitation; bei Habilitation außerhalb der Bundesrepublik Deutschland der Staat, in dem die Habilitation erworben wurde.</LA></DD></DL></P><P>(6) Bei den in § 2 Nummer 1 genannten Einrichtungen wird jährlich zum 1. Dezember die Anzahl der Mitglieder von Hochschulräten nach Geschlecht erfasst.</P><P>(7) Bei den in § 2 Nummer 1 genannten Einrichtungen mit kameralistischem Rechnungswesen werden die Ausgaben und Einnahmen erfasst. Bei Einrichtungen mit kaufmännischem Rechnungswesen werden die Aufwendungen, Erträge und Investitionsausgaben erfasst. Des Weiteren wird die Bezeichnung der Hochschule erfasst. Die Erfassung nach den Sätzen 1 und 2 erfolgt jeweils einschließlich der auf Verwahrkonten bewirtschafteten Drittmittel und der internen Leistungsverrechnungen: <DL Font="normal" Type="arabic"><DT>1.</DT><DD Font="normal"><LA Size="normal">jährlich: <DL Font="normal" Type="alpha"><DT>a)</DT><DD Font="normal"><LA Size="normal">nach Arten;</LA></DD><DT>b)</DT><DD Font="normal"><LA Size="normal">in fachlicher und organisatorischer Gliederung;</LA></DD></DL></LA></DD><DT>2.</DT><DD Font="normal"><LA Size="normal">vierteljährlich: nach Arten.</LA></DD></DL>Die Erfassung der Drittmittel erfolgt zusätzlich nach Mittelgebern und Zweckbestimmung.</P></Content></text><fussnoten/></textdaten></norm>
<norm builddate="20170725221520" doknr="BJNR024140990BJNE001100301"><metadaten><jurabk>HStatG 1990</jurabk><enbez>§ 4</enbez><titel format="XML">Erhebungsmerkmale bei Einrichtungen nach § 2 Nummer 1 und 2 (Hochschulen, Hochschulkliniken sowie staatliche und kirchliche Prüfungsämter)</titel></metadaten><textdaten><text format="XML"><Content><P>Bei den in § 2 Nummer 1 und 2 genannten Einrichtungen werden für die Prüfungsteilnehmenden, soweit die Merkmale nicht bereits nach § 3 Absatz 1 erhoben werden, folgende Erhebungsmerkmale semesterweise nach Abschluss des Prüfungsverfahrens erfasst: <DL Font="normal" Type="arabic"><DT>1.</DT><DD Font="normal"><LA Size="normal">Bezeichnung der Hochschule;</LA></DD><DT>2.</DT><DD Font="normal"><LA Size="normal">Geschlecht;</LA></DD><DT>3.</DT><DD Font="normal"><LA Size="normal">Geburtsmonat und -jahr;</LA></DD><DT>4.</DT><DD Font="normal"><LA Size="normal">Staatsangehörigkeit;</LA></DD><DT>5.</DT><DD Font="normal"><LA Size="normal">Art und Fachrichtung der abgeschlossenen Prüfung;</LA></DD><DT>6.</DT><DD Font="normal"><LA Size="normal">Monat und Jahr des Prüfungsabschlusses;</LA></DD><DT>7.</DT><DD Font="normal"><LA Size="normal">Fachsemesterzahl beim Prüfungsabschluss;</LA></DD><DT>8.</DT><DD Font="normal"><LA Size="normal">Prüfungserfolg und Gesamtnote;</LA></DD><DT>9.</DT><DD Font="normal"><LA Size="normal">bei Promotionsabsolventinnen und Promotionsabsolventen zusätzlich die Art der Promotion;</LA></DD><DT>10.</DT><DD Font="normal"><LA Size="normal">Anzahl der für den Studiengang anerkannten ECTS-Punkte (ECTS: Europäisches System zur Übertragung und Akkumulierung von Studienleistungen);</LA></DD><DT>11.</DT><DD Font="normal"><LA Size="normal">Anzahl der für den Studiengang anerkannten ECTS-Punkte auf Grund außerhalb der Hochschule erworbener beruflicher Qualifikationen;</LA></DD><DT>12.</DT><DD Font="normal"><LA Size="normal">Anzahl der im Ausland erworbenen ECTS-Punkte, die an der jeweiligen Hochschule in Deutschland für den Studiengang anerkannt werden;</LA></DD><DT>13.</DT><DD Font="normal"><LA Size="normal">für studienbezogene Auslandsaufenthalte jeweils Art des Aufenthalts; Dauer des Aufenthalts in Monaten; Staat des Aufenthalts sowie Art des Mobilitätsprogramms.</LA></DD></DL></P></Content></text><fussnoten/></textdaten></norm>
<norm builddate="20170725221520" doknr="BJNR024140990BJNE001200301"><metadaten><jurabk>HStatG 1990</jurabk><enbez>§ 5</enbez><titel format="XML">Erhebungsmerkmale für Promovierende bei Einrichtungen nach § 2 Nummer 1 (Hochschulen und Hochschulkliniken)</titel></metadaten><textdaten><text format="XML"><Content><P>(1) Als Promovierende gelten Personen, die von einer zur Promotion berechtigten Einrichtung eine schriftliche Bestätigung über die Annahme als Doktorandin oder Doktorand in dieser Einrichtung erhalten haben. Der Zeitpunkt der Bestätigung gilt als Promotionsbeginn.</P><P>(2) Bei den in § 2 Nummer 1 genannten Einrichtungen werden für die Promovierenden jährlich zum 1. Dezember folgende Erhebungsmerkmale erfasst: <DL Font="normal" Type="arabic"><DT>1.</DT><DD Font="normal"><LA Size="normal">Geschlecht;</LA></DD><DT>2.</DT><DD Font="normal"><LA Size="normal">Geburtsmonat und -jahr;</LA></DD><DT>3.</DT><DD Font="normal"><LA Size="normal">Staatsangehörigkeit, weitere Staatsangehörigkeit;</LA></DD><DT>4.</DT><DD Font="normal"><LA Size="normal">Land, Kreis und Jahr des Erwerbs sowie Art der Hochschulzugangsberechtigung; bei Erwerb der Hochschulzugangsberechtigung außerhalb der Bundesrepublik Deutschland der Staat des Erwerbs;</LA></DD><DT>5.</DT><DD Font="normal"><LA Size="normal">Bezeichnung der Hochschule sowie Semester und Jahr der Ersteinschreibung für ein Studium; bei Ersteinschreibung an einer Hochschule außerhalb der Bundesrepublik Deutschland der Staat der Hochschule;</LA></DD><DT>6.</DT><DD Font="normal"><LA Size="normal">Art, Fach, Semester, Monat und Jahr des bereits abgelegten Prüfungsabschlusses sowie Prüfungserfolg und Gesamtnote abgelegter Prüfungen;</LA></DD><DT>7.</DT><DD Font="normal"><LA Size="normal">Hochschule, an der der vorherige Abschluss erworben wurde; bei Erwerb des vorherigen Abschlusses außerhalb der Bundesrepublik Deutschland der Staat, in dem der vorherige Abschluss erworben wurde;</LA></DD><DT>8.</DT><DD Font="normal"><LA Size="normal">Bezeichnung der Hochschule, an der promoviert wird;</LA></DD><DT>9.</DT><DD Font="normal"><LA Size="normal">Art der Promotion;</LA></DD><DT>10.</DT><DD Font="normal"><LA Size="normal">Promotionsfach;</LA></DD><DT>11.</DT><DD Font="normal"><LA Size="normal">Art der Registrierung als Promovierender;</LA></DD><DT>12.</DT><DD Font="normal"><LA Size="normal">Immatrikulation als Promotionsstudierende oder Promotionsstudierender;</LA></DD><DT>13.</DT><DD Font="normal"><LA Size="normal">Monat und Jahr des Promotionsbeginns und der Beendigung des Promotionsverfahrens;</LA></DD><DT>14.</DT><DD Font="normal"><LA Size="normal">Teilnahme an einem strukturierten Promotionsprogramm;</LA></DD><DT>15.</DT><DD Font="normal"><LA Size="normal">Beschäftigungsverhältnis an der Hochschule;</LA></DD><DT>16.</DT><DD Font="normal"><LA Size="normal">Art der Dissertation.</LA></DD></DL></P></Content></text><fussnoten/></textdaten></norm>
<norm builddate="20170725221520" doknr="BJNR024140990BJNE001300301"><metadaten><jurabk>HStatG 1990</jurabk><enbez>§ 6</enbez><titel format="XML">Erhebungsmerkmale bei Einrichtungen nach § 2 Nummer 3 (Berufsakademien)</titel></metadaten><textdaten><text format="XML"><Content><P>(1) Bei den in § 2 Nummer 3 genannten Einrichtungen werden für alle Studierenden und Prüfungsteilnehmenden jährlich jeweils nach Ablauf der Immatrikulationsfrist oder nach bestandener oder endgültig nicht bestandener Abschlussprüfung folgende Erhebungsmerkmale erfasst: <DL Font="normal" Type="arabic"><DT>1.</DT><DD Font="normal"><LA Size="normal">Geschlecht;</LA></DD><DT>2.</DT><DD Font="normal"><LA Size="normal">Geburtsmonat und -jahr;</LA></DD><DT>3.</DT><DD Font="normal"><LA Size="normal">Staatsangehörigkeit;</LA></DD><DT>4.</DT><DD Font="normal"><LA Size="normal">Studiengang;</LA></DD><DT>5.</DT><DD Font="normal"><LA Size="normal">Land des Erwerbs und Art der Berufsakademiezugangsberechtigung;</LA></DD><DT>6.</DT><DD Font="normal"><LA Size="normal">Bezeichnung der Berufsakademie.</LA></DD></DL></P><P>(2) Bei den in § 2 Nummer 3 genannten Einrichtungen werden für Prüfungsteilnehmende nach bestandener oder endgültig nicht bestandener Abschlussprüfung zusätzlich folgende Merkmale erfasst: <DL Font="normal" Type="arabic"><DT>1.</DT><DD Font="normal"><LA Size="normal">Art der Prüfung;</LA></DD><DT>2.</DT><DD Font="normal"><LA Size="normal">Fach;</LA></DD><DT>3.</DT><DD Font="normal"><LA Size="normal">Prüfungserfolg, Gesamtnote abgelegter Prüfungen;</LA></DD><DT>4.</DT><DD Font="normal"><LA Size="normal">Auslandsaufenthalte nach Art des Aufenthalts; Dauer des Aufenthalts in Monaten; Staat des Aufenthalts; Art des Mobilitätsprogramms.</LA></DD></DL></P><P>(3) Bei den in § 2 Nummer 3 genannten Einrichtungen werden für das Personal jährlich zum 1. Dezember folgende Merkmale erfasst: <DL Font="normal" Type="arabic"><DT>1.</DT><DD Font="normal"><LA Size="normal">fachliche und organisatorische Zugehörigkeit;</LA></DD><DT>2.</DT><DD Font="normal"><LA Size="normal">Geschlecht;</LA></DD><DT>3.</DT><DD Font="normal"><LA Size="normal">Dienst- oder Beschäftigungsverhältnis;</LA></DD><DT>4.</DT><DD Font="normal"><LA Size="normal">Bezeichnung der Berufsakademie.</LA></DD></DL></P><P>(4) Bei den in § 2 Nummer 3 genannten Einrichtungen werden für das wissenschaftliche und künstlerische Personal jährlich zum 1. Dezember zusätzlich zu den Merkmalen nach Absatz 3 die Merkmale Geburtsmonat und -jahr erfasst.</P><P>(5) Bei den in § 2 Nummer 3 genannten Einrichtungen mit kameralistischem Rechnungswesen werden die Ausgaben und Einnahmen erfasst. Bei Einrichtungen mit kaufmännischem Rechnungswesen werden die Aufwendungen, Erträge und Investitionsausgaben erfasst. Des Weiteren wird die Bezeichnung der Berufsakademie erfasst: <DL Font="normal" Type="arabic"><DT>1.</DT><DD Font="normal"><LA Size="normal">jährlich: <DL Font="normal" Type="alpha"><DT>a)</DT><DD Font="normal"><LA Size="normal">nach Arten;</LA></DD><DT>b)</DT><DD Font="normal"><LA Size="normal">in fachlicher und organisatorischer Gliederung;</LA></DD></DL></LA></DD><DT>2.</DT><DD Font="normal"><LA Size="normal">vierteljährlich: nach Arten.</LA></DD></DL></P></Content></text><fussnoten/></textdaten></norm>
<norm builddate="20170725221520" doknr="BJNR024140990BJNE001400301"><metadaten><jurabk>HStatG 1990</jurabk><enbez>§ 7</enbez><titel format="XML">Studienverlaufsstatistik</titel></metadaten><textdaten><text format="XML"><Content><P>(1) Das Statistische Bundesamt und die statistischen Ämter der Länder führen eine Studienverlaufsstatistik mit den folgenden nach § 3 Absatz 1 sowie den §§ 4 und 5 vorliegenden Angaben durch: <DL Font="normal" Type="arabic"><DT>1.</DT><DD Font="normal"><LA Size="normal">für Studierende und Prüfungsteilnehmende: <DL Font="normal" Type="alpha"><DT>a)</DT><DD Font="normal"><LA Size="normal">Geschlecht;</LA></DD><DT>b)</DT><DD Font="normal"><LA Size="normal">Geburtsmonat und -jahr;</LA></DD><DT>c)</DT><DD Font="normal"><LA Size="normal">Staatsangehörigkeit nach Ländergruppen zusammengefasst;</LA></DD><DT>d)</DT><DD Font="normal"><LA Size="normal">Land, Jahr des Erwerbs und Art der Hochschulzugangsberechtigung; bei Erwerb der Hochschulzugangsberechtigung außerhalb der Bundesrepublik Deutschland der Staat des Erwerbs;</LA></DD><DT>e)</DT><DD Font="normal"><LA Size="normal">berufspraktische Tätigkeit vor Aufnahme des Studiums;</LA></DD><DT>f)</DT><DD Font="normal"><LA Size="normal">Bezeichnung der Hochschule;</LA></DD><DT>g)</DT><DD Font="normal"><LA Size="normal">Bezeichnung der Hochschule der Ersteinschreibung; bei Ersteinschreibung außerhalb der Bundesrepublik Deutschland der Staat der Ersteinschreibung;</LA></DD><DT>h)</DT><DD Font="normal"><LA Size="normal">erster Studiengang;</LA></DD><DT>i)</DT><DD Font="normal"><LA Size="normal">Art der Studienunterbrechung;</LA></DD><DT>j)</DT><DD Font="normal"><LA Size="normal">Staat, in dem der vorherige Hochschulabschluss erworben wurde;</LA></DD><DT>k)</DT><DD Font="normal"><LA Size="normal">Art, Fach, Monat und Jahr des Prüfungsabschlusses; Semester und Jahr der Exmatrikulation;</LA></DD><DT>l)</DT><DD Font="normal"><LA Size="normal">Prüfungserfolg und Gesamtnote abgelegter Prüfungen;</LA></DD><DT>m)</DT><DD Font="normal"><LA Size="normal">Hochschulsemester;</LA></DD><DT>n)</DT><DD Font="normal"><LA Size="normal">bei studienbezogenen Aufenthalten im Ausland: Art des Aufenthalts; Dauer des Aufenthalts in Monaten; Staat des Aufenthalts; Art des Mobilitätsprogramms;</LA></DD></DL></LA></DD><DT>2.</DT><DD Font="normal"><LA Size="normal">für Promovierende: <DL Font="normal" Type="alpha"><DT>a)</DT><DD Font="normal"><LA Size="normal">Geschlecht;</LA></DD><DT>b)</DT><DD Font="normal"><LA Size="normal">Geburtsmonat und -jahr;</LA></DD><DT>c)</DT><DD Font="normal"><LA Size="normal">Staatsangehörigkeit nach Ländergruppen zusammengefasst;</LA></DD><DT>d)</DT><DD Font="normal"><LA Size="normal">Staat, in dem der vorherige Hochschulabschluss erworben wurde;</LA></DD><DT>e)</DT><DD Font="normal"><LA Size="normal">Bezeichnung der Hochschule, an der promoviert wird;</LA></DD><DT>f)</DT><DD Font="normal"><LA Size="normal">Art der Promotion;</LA></DD><DT>g)</DT><DD Font="normal"><LA Size="normal">Promotionsfach;</LA></DD><DT>h)</DT><DD Font="normal"><LA Size="normal">Art der Registrierung als Promovierender;</LA></DD><DT>i)</DT><DD Font="normal"><LA Size="normal">Monat und Jahr des Promotionsbeginns und der Beendigung des Promotionsverfahrens;</LA></DD><DT>j)</DT><DD Font="normal"><LA Size="normal">Immatrikulation als Promotionsstudierender.</LA></DD></DL></LA></DD></DL></P><P>(2) Das jeweils zuständige statistische Landesamt bildet für jede Studierende und jeden Studierenden, jede Prüfungsteilnehmende und jeden Prüfungsteilnehmenden sowie jede Promovierende und jeden Promovierenden ein eindeutiges verschlüsseltes und nicht rückverfolgbares Pseudonym nach dem jeweiligen Stand der Technik aus den Hilfsmerkmalen nach § 9 Absatz 1 Nummer 3 sowie den Angaben zu folgenden Erhebungsmerkmalen: <DL Font="normal" Type="arabic"><DT>1.</DT><DD Font="normal"><LA Size="normal">Geschlecht;</LA></DD><DT>2.</DT><DD Font="normal"><LA Size="normal">Geburtsmonat und -jahr;</LA></DD><DT>3.</DT><DD Font="normal"><LA Size="normal">Kreis und Jahr des Erwerbs sowie Art der Hochschulzugangsberechtigung; bei Erwerb der Hochschulzugangsberechtigung außerhalb der Bundesrepublik Deutschland der Staat des Erwerbs;</LA></DD><DT>4.</DT><DD Font="normal"><LA Size="normal">Bezeichnung der Hochschule sowie Jahr und Semester der Ersteinschreibung; bei Ersteinschreibung an einer Hochschule außerhalb der Bundesrepublik Deutschland der Staat der Hochschule.</LA></DD></DL></P><P>(3) Das Pseudonym wird spätestens nach Abschluss der statistischen Aufbereitung erstellt. Daran anschließend werden die Hilfsmerkmale gelöscht. Die Einzelangaben nach § 7 Absatz 1 werden mit den Pseudonymen auf einem sicheren Kommunikationsweg nach dem jeweiligen Stand der Technik an eine zentrale Datenbank des Statistischen Bundesamtes übermittelt und dort gespeichert. Eine Rückübermittlung der Pseudonyme an die Hochschulen ist nicht zulässig.</P><P>(4) Mit Hilfe der Pseudonyme dürfen die Einzelangaben nach § 7 Absatz 1 mit den entsprechenden Einzelangaben zurückliegender Semester von den statistischen Ämtern des Bundes und der Länder für den jeweiligen Zuständigkeitsbereich zusammengeführt werden, um Analysen über Studienverläufe durchzuführen.</P><P>(5) Die Pseudonyme sowie die in Absatz 4 dargestellten Zusammenführungen werden achtzehn Jahre nach dem letzten Hochschulabschluss, der Exmatrikulation und vier Jahre nach Beendigung des Promotionsverfahrens gelöscht.</P></Content></text><fussnoten/></textdaten></norm>
<norm builddate="20170725221520" doknr="BJNR024140990BJNE001500301"><metadaten><jurabk>HStatG 1990</jurabk><enbez>§ 8</enbez><titel format="XML">Auswertungsdatenbank Hochschulstatistik</titel></metadaten><textdaten><text format="XML"><Content><P>Die Einzelangaben nach § 3 Absatz 1, 3 bis 5 und 7, den §§ 4 und 5 dieses Gesetzes sowie nach § 3 Absatz 1 Nummer 1 Buchstabe d und Nummer 2 Buchstabe c des Finanz- und Personalstatistikgesetzes in der jeweils geltenden Fassung dürfen zur Erstellung von Standard- und Sonderauswertungen im Rahmen der Hochschulplanung und -steuerung sowie der Bildungs- und Forschungsberichterstattung in einer zentralen Auswertungsdatenbank des Statistischen Bundesamtes gespeichert werden. Das Statistische Bundesamt und die statistischen Ämter der Länder dürfen die Datenbank für Auswertungen in ihrem jeweiligen Zuständigkeitsbereich nutzen.</P></Content></text><fussnoten/></textdaten></norm>
<norm builddate="20170725221520" doknr="BJNR024140990BJNE000504116"><metadaten><jurabk>HStatG 1990</jurabk><enbez>§ 9</enbez><titel format="XML">Hilfsmerkmale</titel></metadaten><textdaten><text format="XML"><Content><P>(1) Hilfsmerkmale sind: <DL Font="normal" Type="arabic"><DT>1.</DT><DD Font="normal"><LA Size="normal">für die Erhebungen nach den §§ 3 bis 6: die Vor- und Familiennamen sowie Kontaktdaten der für Rückfragen zur Verfügung stehenden Personen,</LA></DD><DT>2.</DT><DD Font="normal"><LA Size="normal">für die Erhebung nach § 3 Absatz 1 und 2 sowie § 4 zusätzlich: die Matrikelnummer,</LA></DD><DT>3.</DT><DD Font="normal"><LA Size="normal">für die Studienverlaufsstatistik nach § 7: Geburtsdatum und die ersten vier Buchstaben des Vornamens der Studierenden, Prüfungsteilnehmenden und Promovierenden.</LA></DD></DL></P><P>(2) § 12 Absatz 2 des Bundesstatistikgesetzes findet auf die Hilfsmerkmale nach Absatz 1 Nummer 2 keine Anwendung.</P></Content></text><fussnoten/></textdaten></norm>
<norm builddate="20170725221520" doknr="BJNR024140990BJNE000603301"><metadaten><jurabk>HStatG 1990</jurabk><enbez>§ 10</enbez><titel format="XML">Auskunftserteilung</titel></metadaten><textdaten><text format="XML"><Content><P>(1) Für die Erhebungen nach den §§ 3 bis 6 besteht Auskunftspflicht.</P><P>(2) Auskunftspflichtig sind: <DL Font="normal" Type="arabic"><DT>1.</DT><DD Font="normal"><LA Size="normal">für die Erhebungen nach den §§ 3 und 5 die Leitungen der in § 2 Nr. 1 genannten Einrichtungen,</LA></DD><DT>2.</DT><DD Font="normal"><LA Size="normal">für die Erhebungen nach § 4 die Leitungen der in § 2 Nr. 1 und 2 genannten Einrichtungen,</LA></DD><DT>3.</DT><DD Font="normal"><LA Size="normal">für die Erhebungen nach § 6 die Leitungen der in § 2 Nummer 3 genannten Einrichtungen,</LA></DD><DT>4.</DT><DD Font="normal"><LA Size="normal">für die Hilfsmerkmale nach § 9 Absatz 1 Nummer 3 die Leitungen der in § 2 Nummer 1 genannten Einrichtungen.</LA></DD></DL></P><P>(3) Die Angaben zu § 9 Absatz 1 Nummer 1 sind freiwillig.</P><P>(4) Die Auskünfte nach Absatz 2 Nummer 1 bis 4 sind aus den Unterlagen der in § 2 Nummer 1 bis 3 genannten Einrichtungen zu erteilen.</P><P>(5) (weggefallen)</P></Content></text><fussnoten/></textdaten></norm>
<norm builddate="20170725221520" doknr="BJNR024140990BJNE000702301"><metadaten><jurabk>HStatG 1990</jurabk><enbez>§ 11</enbez><titel format="XML">Veröffentlichung und Übermittlung von Tabellen</titel></metadaten><textdaten><text format="XML"><Content><P>(1) Ergebnisse der Hochschulstatistik dürfen auf die einzelne Hochschule und einzelne Hochschulstandorte bezogen veröffentlicht werden.</P><P>(2) An die für Wissenschaft und Forschung zuständigen obersten Landes- und Bundesbehörden dürfen für die Verwendung gegenüber den gesetzgebenden Körperschaften und für Zwecke der Planung, jedoch nicht für die Regelung von Einzelfällen, vom Statistischen Bundesamt und den statistischen Ämtern der Länder Tabellen mit statistischen Ergebnissen übermittelt werden, auch soweit Tabellenfelder nur einen einzigen Fall ausweisen.</P></Content></text><fussnoten/></textdaten></norm>
<norm builddate="20170725221520" doknr="BJNR024140990BJNE000804301"><metadaten><jurabk>HStatG 1990</jurabk><enbez>§ 12</enbez><titel format="XML">Ausschuß für die Hochschulstatistik</titel></metadaten><textdaten><text format="XML"><Content><P>(1) Beim Statistischen Bundesamt wird ein Ausschuß für die Hochschulstatistik gebildet.</P><P>(2) Der Ausschuß berät das Statistische Bundesamt bei der Erfüllung seiner ihm nach diesem Gesetz obliegenden Aufgaben, insbesondere bei der Erstellung des Erhebungs- und Aufbereitungsprogramms und dessen jährlicher Anpassung an die Bedürfnisse der Hochschulplanung. Das Statistische Bundesamt hat die Vorschläge des Ausschusses in statistisch-methodischer Hinsicht zu prüfen und im Rahmen der rechtlichen und finanziellen Möglichkeiten zu berücksichtigen. Der Ausschuß hat über seine Arbeit in der Regel alle vier Jahre einen schriftlichen Bericht vorzulegen, der den gesetzgebenden Körperschaften zuzuleiten ist.</P><P>(3) Der Ausschuß setzt sich zusammen aus: <DL Font="normal" Type="arabic"><DT>1.</DT><DD Font="normal"><LA Size="normal">dem Präsidenten des Statistischen Bundesamtes oder seinem Vertreter,</LA></DD><DT>2.</DT><DD Font="normal"><LA Size="normal">fünf Vertretern der Bundesministerien, mit zusammen sechzehn Stimmen, die einheitlich abzugeben sind,</LA></DD><DT>3.</DT><DD Font="normal"><LA Size="normal">je einem Vertreter der für die Hochschulen zuständigen obersten Landesbehörden,</LA></DD><DT>4.</DT><DD Font="normal"><LA Size="normal">einem Vertreter des Wissenschaftsrates,</LA></DD><DT>5.</DT><DD Font="normal"><LA Size="normal">sieben die Hochschulen vertretenden Personen, darunter eine die privaten Hochschulen vertretende Person; von den in Satz 1 genannten Personen muss mindestens eine vertretende Person der Hochschulverwaltung angehören,</LA></DD><DT>6.</DT><DD Font="normal"><LA Size="normal">drei Vertretern von wissenschaftlichen Einrichtungen, die mit Fragen der Hochschulplanung oder dem Aufbau und Betrieb eines Informationssystems im Hochschulbereich befaßt sind.</LA></DD></DL></P><P>(4) Vertreter der für die Durchführung von Bundesstatistiken zuständigen Landesbehörden nehmen an den Sitzungen des Ausschusses mit beratender Stimme teil. Der Vorsitzende kann weitere Sachverständige zu den Sitzungen einladen.</P><P>(5) Die Vertreter nach Absatz 3 Nr. 5 werden von der zentralen Repräsentanz der Hochschulen (Hochschulrektorenkonferenz bzw. Verband der Privaten Hochschulen) bestimmt.</P><P>(6) Die Vertreter nach Absatz 3 Nr. 6 werden durch den Vorsitzenden auf Vorschlag der in Frage kommenden Einrichtungen berufen; das Bundesministerium für Bildung und Forschung bestimmt die vorschlagsberechtigten Einrichtungen.</P></Content></text><fussnoten/></textdaten></norm>
<norm builddate="20170725221520" doknr="BJNR024140990BJNE000902301"><metadaten><jurabk>HStatG 1990</jurabk><enbez>§ 13</enbez><titel format="XML">Übergangsvorschrift</titel></metadaten><textdaten><text format="XML"><Content><P>(1) Die Erhebungen zu Studierenden und Prüfungen nach § 3 Absatz 1 sowie § 4 werden erstmals im Sommersemester 2017 durchgeführt. Die Erhebung zum Personal nach § 3 Absatz 4 und 5 erfolgt erstmals für das Berichtsjahr 2016. Bis dahin werden die Erhebungen zu Studierenden, Prüfungen und Personal nach § 3 in der bis zum 29. Februar 2016 geltenden Fassung des Gesetzes durchgeführt.</P><P>(2) Die Erhebungen zu den Hochschulräten nach § 3 Absatz 6, zu den Promovierenden nach § 5 und zu den Berufsakademien nach § 6 werden erstmals für das Berichtsjahr 2017 durchgeführt.</P></Content></text><fussnoten/></textdaten></norm>
</dokumente>