<?xml version="1.0" encoding="UTF-8" ?><!DOCTYPE dokumente SYSTEM "http://www.gesetze-im-internet.de/dtd/1.01/gii-norm.dtd">
<dokumente builddate="20130405125437" doknr="BJNR010560979"><norm builddate="20130405125437" doknr="BJNR010560979"><metadaten><jurabk>BBiG§84AnO 1979</jurabk><ausfertigung-datum manuell="ja">1979-07-16</ausfertigung-datum><fundstelle typ="amtlich"><periodikum>BGBl I</periodikum><zitstelle>1979, 1056</zitstelle></fundstelle><langue>Anordnung über die Bestimmung der zuständigen Stelle nach § 84 des
Berufsbildungsgesetzes</langue></metadaten><textdaten><text format="XML"><Content><P/></Content></text><fussnoten><Content><P>(+++ Textnachweis ab: 22. 7.1979 +++)</P></Content></fussnoten></textdaten></norm>
<norm builddate="20130405125437" doknr="BJNR010560979BJNE000100327"><metadaten><jurabk>BBiG§84AnO 1979</jurabk><enbez>I.</enbez></metadaten><textdaten><text format="XML"><Content><P>Auf Grund des § 84 Abs. 1 des Berufsbildungsgesetzes vom 14. August 1969 (BGBl. I S. 1112), der durch Artikel 1 Nr. 1 des Gesetzes vom 12. März 1971 (BGBl. I S. 185) geändert worden ist, sowie des § 1 Abs. 3 des Gesetzes über die Errichtung des Bundesverwaltungsamtes vom 28. Dezember 1959 (BGBl. I S. 829) in der im Bundesgesetzblatt Teil III, Gliederungsnummer 200-2, veröffentlichten bereinigten Fassung bestimme ich im Einvernehmen mit dem Bundesminister des Innern <DL Font="normal" Type="arabic"><DT/><DD Font="normal"><LA Size="normal"><DL Font="normal" Type="arabic"><DT/><DD Font="normal"><LA Size="normal">das Bundesverwaltungsamt</LA></DD> </DL></LA></DD></DL>zur zuständigen Stelle für meinen Geschäftsbereich.</P></Content></text></textdaten></norm>
<norm builddate="20130405125437" doknr="BJNR010560979BJNE000200327"><metadaten><jurabk>BBiG§84AnO 1979</jurabk><enbez>II.</enbez></metadaten><textdaten><text format="XML"><Content><P>Diese Anordnung tritt am Tag nach der Bekanntmachung in Kraft.</P></Content></text><fussnoten/></textdaten></norm>
<norm builddate="20130405125437" doknr="BJNR010560979BJNE000300327"><metadaten><jurabk>BBiG§84AnO 1979</jurabk><enbez>Schlußformel</enbez></metadaten><textdaten><text format="XML"><Content><P><SP>Der Bundesminister für Wirtschaft</SP></P></Content></text></textdaten></norm>
</dokumente>