<?xml version="1.0" encoding="UTF-8" ?><!DOCTYPE dokumente SYSTEM "http://www.gesetze-im-internet.de/dtd/1.01/gii-norm.dtd">
<dokumente builddate="20131008093800" doknr="BJNR154900011"><norm builddate="20131008093800" doknr="BJNR154900011"><metadaten><jurabk>GrÄndStVtrHE/NDBek</jurabk><ausfertigung-datum manuell="ja">2011-07-22</ausfertigung-datum><fundstelle typ="amtlich"><periodikum>BGBl I</periodikum><zitstelle>2011, 1549</zitstelle></fundstelle><langue>Bekanntmachung über den Abschluss und das Inkrafttreten des Staatsvertrages zwischen dem Land Hessen und dem Land Niedersachsen über die Änderung der gemeinsamen Landesgrenze</langue></metadaten><textdaten><fussnoten><Content><P><BR/> <pre xml:space="preserve">(+++ Textnachweis ab: 1.8.2011 +++)<BR/><BR/></pre></P></Content></fussnoten></textdaten></norm>
<norm builddate="20131008093800" doknr="BJNR154900011BJNE000100000"><metadaten><jurabk>GrÄndStVtrHE/NDBek</jurabk><enbez>(XXXX)</enbez></metadaten><textdaten><text format="XML"><Content><P>Zwischen dem Land Hessen und dem Land Niedersachsen wurde am <NB>27. Oktober</NB> 2010/10. November 2010 ein Staatsvertrag über die Änderung der gemeinsamen Landesgrenze abgeschlossen. Diesem Vertrag haben der Hessische Landtag mit Gesetz vom 9. März 2011 (Gesetz- und Verordnungsblatt für das Land Hessen, Teil I S. 146) und der Niedersächsische Landtag mit Gesetz vom 13. April 2011 (Niedersächsisches Gesetz- und Verordnungsblatt, S. 100) zugestimmt.</P><P>Der Staatsvertrag ist nach seinem Artikel 5 Absatz 2 am 1. Juni 2011 in Kraft getreten (Bekanntmachung der Hessischen Staatskanzlei vom 8. Juni 2011, Gesetz- und Verordnungsblatt für das Land Hessen, Teil I S. 320; Bekanntmachung der Niedersächsischen Staatskanzlei vom 17. Mai 2011, Niedersächsisches Gesetz- und Verordnungsblatt, S. 127).</P><P>Die in Artikel 1 Absatz 1 des Staatsvertrages genannten Kartenblätter und Flurstücklisten wurden zusammen mit dem Staatsvertrag in den oben genannten Verkündungsblättern des Landes Hessen und des Landes Niedersachsen veröffentlicht.</P><P>Gemäß § 2 Absatz 3 des Gesetzes über das Verfahren bei sonstigen Änderungen des Gebietsbestandes der Länder nach Artikel 29 Absatz 7 des Grundgesetzes vom 30. Juli 1979 (BGBl. I S. 1325) wird der Staatsvertrag nachstehend bekannt gemacht.</P></Content></text></textdaten></norm>
<norm builddate="20131008093800" doknr="BJNR154900011BJNE000200000"><metadaten><jurabk>GrÄndStVtrHE/NDBek</jurabk><enbez>Schlussformel</enbez></metadaten><textdaten><text format="XML"><Content><P><SP>Bundesministerium des Innern</SP></P></Content></text></textdaten></norm>
</dokumente>