<?xml version="1.0" encoding="UTF-8" ?><!DOCTYPE dokumente SYSTEM "http://www.gesetze-im-internet.de/dtd/1.01/gii-norm.dtd">
<dokumente builddate="20201204213522" doknr="BJNR204100020"><norm builddate="20201204213522" doknr="BJNR204100020"><metadaten><jurabk>Münz20EuroBek 2020-08-20/2</jurabk><ausfertigung-datum manuell="ja">2020-08-20</ausfertigung-datum><fundstelle typ="amtlich"><periodikum>BGBl I</periodikum><zitstelle>2020, 2041</zitstelle></fundstelle><langue>Bekanntmachung über die Ausprägung von deutschen Euro-Gedenkmünzen im Nennwert von 20 Euro (Gedenkmünze „900 Jahre Freiburg“)</langue></metadaten><textdaten><fussnoten><Content><P><BR/> <pre xml:space="preserve">(+++ Textnachweis ab: 30.9.2020 +++)<BR/><BR/></pre></P></Content></fussnoten></textdaten></norm>
<norm builddate="20201204213522" doknr="BJNR204100020BJNE000100000"><metadaten><jurabk>Münz20EuroBek 2020-08-20/2</jurabk><enbez>(XXXX)</enbez></metadaten><textdaten><text format="XML"><Content><P>Gemäß den §§ 2, 4 und 5 des Münzgesetzes vom 16. Dezember 1999 (BGBl. I S. 2402) hat die Bundesregierung beschlossen, zum Thema „900 Jahre Freiburg“ eine deutsche Euro-Gedenkmünze im Nennwert von 20 Euro prägen zu lassen. Die Münze würdigt das 900. Stadtjubiläum von Freiburg. Im Jahre 1120 wurde Freiburg mit dem Marktrecht ausgestattet und zur Stadt erhoben.</P><P>Die Auflage der Münze beträgt ca. 1,0 Millionen Stück, davon ca. 0,1 Millionen Stück in Spiegelglanzqualität. Die Prägung erfolgt durch die Staatlichen Münzen Baden-Württemberg, Prägestätte Karlsruhe (Prägezeichen G).</P><P>Die Münze wird ab dem 9. Juli 2020 in den Verkehr gebracht. Sie besteht aus einer Legierung von 925 Tausendteilen Silber und 75 Tausendteilen Kupfer, hat einen Durchmesser von 32,5 Millimetern und eine Masse von 18 Gramm. Das Gepräge auf beiden Seiten ist erhaben und wird von einem schützenden, glatten Randstab umgeben.</P><P>Die Bildseite stellt die Bürgerschaft Freiburgs vor dem Stadtwappen in den Mittelpunkt. Auf der rechten Seite werden die markanten historischen Gebäude und auf der linken Seite die naturverbundenen Elemente der ökologischen Stadt gezeigt. Der Blick öffnet sich nach oben zum Schlossbergturm und thematisiert unten die Freiburger Bächle.</P><P>Die Wertseite zeigt einen Adler, den Schriftzug „BUNDESREPUBLIK DEUTSCHLAND“, Wertziffer und Wertbezeichnung, das Prägezeichen „G“ der Staatlichen Münzen Baden-Württemberg, Prägestätte Karlsruhe, die Jahreszahl 2020 sowie die zwölf Europasterne. Zusätzlich ist die Angabe „SILBER 925“ aufgeprägt.</P><P>Der glatte Münzrand enthält in vertiefter Prägung die Inschrift:</P><P>„DER BUERGER WOHL SEI OBERSTES GESETZ +“.</P><P>Der Entwurf der Münze stammt von dem Künstler Bastian Prillwitz aus Berlin.</P></Content></text></textdaten></norm>
<norm builddate="20201204213522" doknr="BJNR204100020BJNE000200000"><metadaten><jurabk>Münz20EuroBek 2020-08-20/2</jurabk><enbez>Schlussformel</enbez></metadaten><textdaten><text format="XML"><Content><P>Der Bundesminister der Finanzen</P></Content></text></textdaten></norm>
<norm builddate="20201204213522" doknr="BJNR204100020BJNE000300000"><metadaten><jurabk>Münz20EuroBek 2020-08-20/2</jurabk><enbez>Anlage</enbez></metadaten><textdaten><text format="XML"><Content><P><noindex><kommentar typ="Fundstelle">(Fundstelle: BGBl. I 2020, 2041)</kommentar></noindex></P><P/><table frame="none" pgwide="1" tocentry="%yes;"><tgroup align="left" char="" charoff="50" cols="2"><colspec align="left" colname="col1" colwidth="82.5*"/><colspec align="right" colname="col2" colwidth="82.5*"/><tbody valign="top"><row><entry VJ="1" colname="col1" colsep="0"><IMG Align="center" Height="209" Pos="inline" SRC="bgbl1_2020_j2041-1_0010.jpg" Type="jpg" Units="72" Width="213" alt=""/></entry><entry VJ="1" colname="col2"><IMG Align="center" Height="208" Pos="inline" SRC="bgbl1_2020_j2041-1_0020.jpg" Type="jpg" Units="72" Width="213" alt=""/></entry></row></tbody></tgroup></table></Content></text></textdaten></norm>
</dokumente>