<?xml version="1.0" encoding="UTF-8" ?><!DOCTYPE dokumente SYSTEM "http://www.gesetze-im-internet.de/dtd/1.01/gii-norm.dtd">
<dokumente builddate="20230630213617" doknr="BJNR0890A0023"><norm builddate="20230630213617" doknr="BJNR0890A0023"><metadaten><jurabk>BMVgVFAPrV</jurabk><amtabk>BMVgVFAPrV</amtabk><ausfertigung-datum manuell="ja">2023-05-22</ausfertigung-datum><fundstelle typ="amtlich"><periodikum>BGBl I</periodikum><zitstelle>2023, Nr. 137</zitstelle></fundstelle><kurzue>BMVg-Verwaltungsfachangestelltenprüfungsverordnung</kurzue><langue>Verordnung für die Durchführung der Abschlussprüfung im staatlich anerkannten Ausbildungsberuf Verwaltungsfachangestellte und Verwaltungsfachangestellter – Fachrichtung Bundesverwaltung – im Geschäftsbereich des Bundesministeriums der Verteidigung</langue></metadaten><textdaten><fussnoten><Content><P><BR/> <pre xml:space="preserve">(+++ Textnachweis ab: 1.7.2023 +++)<BR/><BR/></pre></P></Content></fussnoten></textdaten></norm>
<norm builddate="20230630213617" doknr="BJNR0890A0023BJNE000100000"><metadaten><jurabk>BMVgVFAPrV</jurabk><enbez>Eingangsformel</enbez></metadaten><textdaten><text format="XML"><Content><P>Auf Grund des § 47 Absatz 3 Satz 1 in Verbindung mit § 47 Absatz 1 Satz 1 und Absatz 2 des Berufsbildungsgesetzes in der Fassung der Bekanntmachung vom 4. Mai 2020 (BGBl. I S. 920) verordnet das Bundesministerium der Verteidigung:</P></Content></text></textdaten></norm>
<norm builddate="20230630213617" doknr="BJNR0890A0023BJNE000200000"><metadaten><jurabk>BMVgVFAPrV</jurabk><enbez>Inhaltsübersicht</enbez></metadaten><textdaten><text format="XML"><Content><TOC><Ident Class="S5">Abschnitt 1</Ident><P/><Title Align="auto" Class="S5">Prüfungsausschüsse</Title><P/><table colsep="0" frame="none" pgwide="1" rowsep="0" tocentry="%yes;"><tgroup align="left" char="" charoff="50" cols="2"><colspec colname="col1" colnum="1" colwidth="10*"/><colspec colname="col2" colnum="2" colwidth="155*"/><tbody valign="top"><row><entry VJ="1" colname="col1">§ 1</entry><entry VJ="1" colname="col2">Errichtung</entry></row><row><entry VJ="1" colname="col1">§ 2</entry><entry VJ="1" colname="col2">Zusammensetzung, Berufung, Beschlussfähigkeit und Entschädigung</entry></row><row><entry VJ="1" colname="col1">§ 3</entry><entry VJ="1" colname="col2">Ausschluss von der Mitwirkung und ordnungsgemäße Besetzung</entry></row><row><entry VJ="1" colname="col1">§ 4</entry><entry VJ="1" colname="col2">Geschäftsführung</entry></row><row><entry VJ="1" colname="col1">§ 5</entry><entry VJ="1" colname="col2">Verschwiegenheit</entry></row></tbody></tgroup></table><P/><Ident Class="S5">Abschnitt 2</Ident><P/><Title Align="auto" Class="S5">Vorbereitung der Prüfung</Title><P/><table colsep="0" frame="none" pgwide="1" rowsep="0" tocentry="%yes;"><tgroup align="left" char="" charoff="50" cols="2"><colspec colname="col1" colnum="1" colwidth="10*"/><colspec colname="col2" colnum="2" colwidth="155*"/><tbody valign="top"><row><entry VJ="1" colname="col1">§ 6</entry><entry VJ="1" colname="col2">Prüfungstermine und Prüfungsort</entry></row><row><entry VJ="1" colname="col1">§ 7</entry><entry VJ="1" colname="col2">Antrag auf Zulassung</entry></row><row><entry VJ="1" colname="col1">§ 8</entry><entry VJ="1" colname="col2">Entscheidung über die Zulassung</entry></row></tbody></tgroup></table><P/><Ident Class="S5">Abschnitt 3</Ident><P/><Title Align="auto" Class="S5">Durchführung der Abschlussprüfung</Title><P/><table colsep="0" frame="none" pgwide="1" rowsep="0" tocentry="%yes;"><tgroup align="left" char="" charoff="50" cols="2"><colspec colname="col1" colnum="1" colwidth="10*"/><colspec colname="col2" colnum="2" colwidth="155*"/><tbody valign="top"><row><entry VJ="1" colname="col1">§ 9</entry><entry VJ="1" colname="col2">Gliederung der Abschlussprüfung</entry></row><row><entry VJ="1" colname="col1">§ 10</entry><entry VJ="1" colname="col2">Nachteilsausgleich für behinderte Prüflinge</entry></row><row><entry VJ="1" colname="col1">§ 11</entry><entry VJ="1" colname="col2">Sonstiger Nachteilsausgleich</entry></row><row><entry VJ="1" colname="col1">§ 12</entry><entry VJ="1" colname="col2">Prüfungsaufgaben und Aufgabenerstellungsausschuss</entry></row><row><entry VJ="1" colname="col1">§ 13</entry><entry VJ="1" colname="col2">Nichtöffentlichkeit</entry></row><row><entry VJ="1" colname="col1">§ 14</entry><entry VJ="1" colname="col2">Leitung, Fernprüfung, Aufsicht, Protokoll und Verwendung von Kennziffern</entry></row><row><entry VJ="1" colname="col1">§ 15</entry><entry VJ="1" colname="col2">Ausweispflicht und Belehrung</entry></row><row><entry VJ="1" colname="col1">§ 16</entry><entry VJ="1" colname="col2">Täuschungshandlungen und Ordnungsverstöße</entry></row><row><entry VJ="1" colname="col1">§ 17</entry><entry VJ="1" colname="col2">Rücktritt und Nichtteilnahme</entry></row></tbody></tgroup></table><P/><Ident Class="S5">Abschnitt 4</Ident><P/><Title Align="auto" Class="S5">Bewertung, Feststellung und Beurkundung des Prüfungsergebnisses</Title><P/><table colsep="0" frame="none" pgwide="1" rowsep="0" tocentry="%yes;"><tgroup align="left" char="" charoff="50" cols="2"><colspec colname="col1" colnum="1" colwidth="10*"/><colspec colname="col2" colnum="2" colwidth="155*"/><tbody valign="top"><row><entry VJ="1" colname="col1">§ 18</entry><entry VJ="1" colname="col2">Bewertung</entry></row><row><entry VJ="1" colname="col1">§ 19</entry><entry VJ="1" colname="col2">Feststellung des Ergebnisses der Abschlussprüfung</entry></row><row><entry VJ="1" colname="col1">§ 20</entry><entry VJ="1" colname="col2">Ergebnisprotokoll, Mitteilung über Bestehen oder Nichtbestehen der Abschlussprüfung</entry></row><row><entry VJ="1" colname="col1">§ 21</entry><entry VJ="1" colname="col2">Prüfungszeugnis</entry></row><row><entry VJ="1" colname="col1">§ 22</entry><entry VJ="1" colname="col2">Bescheid über nicht bestandene Abschlussprüfung</entry></row></tbody></tgroup></table><P/><Ident Class="S5">Abschnitt 5</Ident><P/><Title Align="auto" Class="S5">Wiederholung der Abschlussprüfung</Title><P/><table colsep="0" frame="none" pgwide="1" rowsep="0" tocentry="%yes;"><tgroup align="left" char="" charoff="50" cols="2"><colspec colname="col1" colnum="1" colwidth="10*"/><colspec colname="col2" colnum="2" colwidth="155*"/><tbody valign="top"><row><entry VJ="1" colname="col1">§ 23</entry><entry VJ="1" colname="col2">Wiederholung der Abschlussprüfung</entry></row></tbody></tgroup></table><P/><Ident Class="S5">Abschnitt 6</Ident><P/><Title Align="auto" Class="S5">Schlussbestimmungen</Title><P/><table colsep="0" frame="none" pgwide="1" rowsep="0" tocentry="%yes;"><tgroup align="left" char="" charoff="50" cols="2"><colspec colname="col1" colnum="1" colwidth="10*"/><colspec colname="col2" colnum="2" colwidth="155*"/><tbody valign="top"><row><entry VJ="1" colname="col1">§ 24</entry><entry VJ="1" colname="col2">Rechtsbehelfsbelehrung</entry></row><row><entry VJ="1" colname="col1">§ 25</entry><entry VJ="1" colname="col2">Prüfungsunterlagen</entry></row><row><entry VJ="1" colname="col1">§ 26</entry><entry VJ="1" colname="col2">Übergangsregelung</entry></row><row><entry VJ="1" colname="col1">§ 27</entry><entry VJ="1" colname="col2">Inkrafttreten</entry></row></tbody></tgroup></table></TOC></Content></text></textdaten></norm>
<norm builddate="20230630213617" doknr="BJNR0890A0023BJNG000100000"><metadaten><jurabk>BMVgVFAPrV</jurabk><gliederungseinheit><gliederungskennzahl>010</gliederungskennzahl><gliederungsbez>Abschnitt 1</gliederungsbez><gliederungstitel>Prüfungsausschüsse</gliederungstitel></gliederungseinheit></metadaten><textdaten/></norm>
<norm builddate="20230630213617" doknr="BJNR0890A0023BJNE000300000"><metadaten><jurabk>BMVgVFAPrV</jurabk><enbez>§ 1</enbez><titel format="XML">Errichtung</titel></metadaten><textdaten><text format="XML"><Content><P>Für die Durchführung der Abschlussprüfung in der Fachrichtung Bundesverwaltung nach der Verordnung über die Berufsausbildung zum Verwaltungsfachangestellten/zur Verwaltungsfachangestellten vom 19. Mai 1999 (BGBl. I S. 1029) in der jeweils geltenden Fassung errichtet das Bundesamt für das Personalmanagement der Bundeswehr als zuständige Stelle Prüfungsausschüsse.</P></Content></text></textdaten></norm>
<norm builddate="20230630213617" doknr="BJNR0890A0023BJNE000400000"><metadaten><jurabk>BMVgVFAPrV</jurabk><enbez>§ 2</enbez><titel format="XML">Zusammensetzung, Berufung, Beschlussfähigkeit und Entschädigung</titel></metadaten><textdaten><text format="XML"><Content><P>(1) Jeder Prüfungsausschuss besteht aus sechs Mitgliedern. Zusammensetzung und Berufung richten sich nach § 40 des Berufsbildungsgesetzes, die Beschlussfähigkeit richtet sich nach § 41 des Berufsbildungsgesetzes.</P><P>(2) Ist auf Grund der Tätigkeit im Prüfungsausschuss eine Entschädigung nach § 40 Absatz 6 Satz 2 des Berufsbildungsgesetzes zu zahlen, so bedarf die Festsetzung der Höhe durch die zuständige Stelle der Genehmigung durch das Bundesministerium der Verteidigung.</P></Content></text></textdaten></norm>
<norm builddate="20230630213617" doknr="BJNR0890A0023BJNE000500000"><metadaten><jurabk>BMVgVFAPrV</jurabk><enbez>§ 3</enbez><titel format="XML">Ausschluss von der Mitwirkung und ordnungsgemäße Besetzung</titel></metadaten><textdaten><text format="XML"><Content><P>(1) Bei der Entscheidung über die Zulassung zur Abschlussprüfung und bei der Abschlussprüfung selbst dürfen Personen, bei denen die in § 20 Absatz 1 des Verwaltungsverfahrensgesetzes genannten Ausschlussgründe vorliegen oder die Besorgnis der Befangenheit besteht, weder anwesend sein noch mitwirken.</P><P>(2) Hält sich ein Prüfungsausschussmitglied nach Absatz 1 für ausgeschlossen oder bestehen Zweifel, ob die Voraussetzungen des Absatzes 1 gegeben sind, so ist dies vor der Prüfung der zuständigen Stelle und während der Prüfung dem Prüfungsausschuss mitzuteilen. Die Entscheidung über den Ausschluss von der Mitwirkung trifft vor der Prüfung die zuständige Stelle und während der Prüfung der Prüfungsausschuss. Das betroffene Mitglied darf bei dieser Entscheidung nicht mitwirken.</P><P>(3) Wird einem Prüfungsausschussmitglied bekannt, dass bei ihr oder ihm die Besorgnis der Befangenheit besteht, so ist dies von dem betroffenen Mitglied vor der Prüfung der zuständigen Stelle und während der Prüfung dem Prüfungsausschuss mitzuteilen. Absatz 2 Satz 2 und 3 gilt entsprechend.</P><P>(4) Ausbilderinnen und Ausbilder des Prüflings sollen bei der Prüfung nicht mitwirken, sofern nicht besondere Umstände eine Mitwirkung bei der Prüfung zulassen oder erfordern.</P><P>(5) Wenn in den Fällen der Absätze 1 bis 3 eine ordnungsgemäße Besetzung des Prüfungsausschusses nicht möglich ist, kann die zuständige Stelle die Durchführung der Prüfung einem anderen Prüfungsausschuss übertragen. Das Gleiche gilt, wenn eine Durchführung der Prüfung aus anderen Gründen nicht gewährleistet erscheint.</P></Content></text></textdaten></norm>
<norm builddate="20230630213617" doknr="BJNR0890A0023BJNE000600000"><metadaten><jurabk>BMVgVFAPrV</jurabk><enbez>§ 4</enbez><titel format="XML">Geschäftsführung</titel></metadaten><textdaten><text format="XML"><Content><P>(1) Die zuständige Stelle regelt im Einvernehmen mit dem Prüfungsausschuss dessen Geschäftsführung, insbesondere die Einladungen, die Vor- und Nachbereitung sowie die Durchführung der Sitzungen, die Protokollführung und die Durchführung der Beschlüsse.</P><P>(2) Zu den Sitzungen des Prüfungsausschusses sind die ordentlichen Mitglieder rechtzeitig einzuladen. Bei Ausfall von ordentlichen Mitgliedern werden stellvertretende Mitglieder in geeigneter Weise über den Sitzungstermin unterrichtet. Kann ein Mitglied an einer Sitzung nicht teilnehmen, so hat es dies unverzüglich der zuständigen Stelle mitzuteilen. Für ein verhindertes Mitglied ist ein stellvertretendes Mitglied einzuladen, welches derselben Gruppe angehören soll.</P><P>(3) Die Sitzungsprotokolle sind von der protokollführenden Person und dem Vorsitz zu unterzeichnen.</P></Content></text></textdaten></norm>
<norm builddate="20230630213617" doknr="BJNR0890A0023BJNE000700000"><metadaten><jurabk>BMVgVFAPrV</jurabk><enbez>§ 5</enbez><titel format="XML">Verschwiegenheit</titel></metadaten><textdaten><text format="XML"><Content><P>Unbeschadet bestehender Informationspflichten haben die Mitglieder des Prüfungsausschusses und sonstige mit der Prüfung befasste Personen über alle Prüfungsvorgänge Verschwiegenheit gegenüber Dritten zu wahren.</P></Content></text></textdaten></norm>
<norm builddate="20230630213617" doknr="BJNR0890A0023BJNG000200000"><metadaten><jurabk>BMVgVFAPrV</jurabk><gliederungseinheit><gliederungskennzahl>020</gliederungskennzahl><gliederungsbez>Abschnitt 2</gliederungsbez><gliederungstitel>Vorbereitung der Prüfung</gliederungstitel></gliederungseinheit></metadaten><textdaten/></norm>
<norm builddate="20230630213617" doknr="BJNR0890A0023BJNE000800000"><metadaten><jurabk>BMVgVFAPrV</jurabk><enbez>§ 6</enbez><titel format="XML">Prüfungstermine und Prüfungsort</titel></metadaten><textdaten><text format="XML"><Content><P>(1) Die zuständige Stelle gibt einheitliche überregionale Prüfungsaufgaben für die schriftliche Prüfung vor. Sie bestimmt überregional abgestimmte Zeiträume für die Durchführung der Abschlussprüfung. Diese Zeiträume sollen auf den Ablauf der Berufsausbildung und des Schuljahres abgestimmt sein.</P><P>(2) Die zuständige Stelle gibt den Ausbildenden die Prüfungstermine, den Prüfungsort und die Anmeldefristen mindestens einen Monat vor Ablauf der Anmeldefrist in geeigneter Weise bekannt. Die Ausbildenden haben die Auszubildenden unverzüglich zu unterrichten.</P><P>(3) Die zuständige Stelle hat der zuständigen zivilen Gleichstellungsbeauftragten, der Personal- und der Schwerbehindertenvertretung die Prüfungstermine und den Prüfungsort bekannt zu geben.</P></Content></text></textdaten></norm>
<norm builddate="20230630213617" doknr="BJNR0890A0023BJNE000900000"><metadaten><jurabk>BMVgVFAPrV</jurabk><enbez>§ 7</enbez><titel format="XML">Antrag auf Zulassung</titel></metadaten><textdaten><text format="XML"><Content><P>(1) Die Ausbildenden stellen für die Auszubildenden fristgerecht mit dem dafür vorgesehenen Formular einen Antrag auf Zulassung zur Abschlussprüfung bei der zuständigen Stelle. Wird die Anmeldefrist überschritten, kann die zuständige Stelle die Annahme des Antrags ablehnen.</P><P>(2) Der Prüfling muss selbst einen Antrag auf Zulassung zur Abschlussprüfung einreichen, wenn § 43 Absatz 2 oder § 45 Absatz 2 oder 3 des Berufsbildungsgesetzes für ihn gilt oder wenn bei Wiederholung der Prüfung kein Ausbildungsverhältnis mehr besteht.</P><P>(3) Dem Antrag auf Zulassung sind beizufügen: <DL Type="arabic"><DT>1.</DT><DD Font="normal"><LA>in den Fällen des § 43 Absatz 1 des Berufsbildungsgesetzes <DL Type="alpha"><DT>a)</DT><DD Font="normal"><LA>die Zustimmungserklärung der oder des Auszubildenden,</LA></DD><DT>b)</DT><DD Font="normal"><LA>die Bescheinigung über die Teilnahme an der vorgeschriebenen Zwischenprüfung, es sei denn, der Prüfling hat unverschuldet an der Zwischenprüfung nicht teilnehmen können und</LA></DD><DT>c)</DT><DD Font="normal"><LA>den vorgeschriebenen schriftlichen oder elektronischen Ausbildungsnachweis,</LA></DD></DL></LA></DD><DT>2.</DT><DD Font="normal"><LA>in den Fällen des § 43 Absatz 2 des Berufsbildungsgesetzes <DL Type="alpha"><DT>a)</DT><DD Font="normal"><LA>die Bescheinigung über die Teilnahme an dem schulischen oder sonstigen Bildungsgang und</LA></DD><DT>b)</DT><DD Font="normal"><LA>eine Bescheinigung über die Teilnahme an der fachpraktischen Ausbildung im Rahmen des schulischen oder sonstigen Bildungsgangs,</LA></DD></DL></LA></DD><DT>3.</DT><DD Font="normal"><LA>im Fall des § 45 Absatz 1 des Berufsbildungsgesetzes zusätzlich zu den Unterlagen nach Nummer 1 <DL Type="alpha"><DT>a)</DT><DD Font="normal"><LA>das letzte Zeugnis oder</LA></DD><DT>b)</DT><DD Font="normal"><LA>eine aktuelle Leistungsbeurteilung der zuletzt besuchten berufsbildenden Schule,</LA></DD></DL></LA></DD><DT>4.</DT><DD Font="normal"><LA>in den Fällen des § 45 Absatz 2 Satz 1 und 2 des Berufsbildungsgesetzes <DL Type="alpha"><DT>a)</DT><DD Font="normal"><LA>der Tätigkeitsnachweis,</LA></DD><DT>b)</DT><DD Font="normal"><LA>gegebenenfalls der Nachweis der Dauer der Berufsausbildung in dem oder in einem anderen einschlägigen Ausbildungsberuf und</LA></DD><DT>c)</DT><DD Font="normal"><LA>gegebenenfalls die glaubhafte Darlegung über den Erwerb der beruflichen Handlungsfähigkeit,</LA></DD></DL></LA></DD><DT>5.</DT><DD Font="normal"><LA>in den Fällen des § 45 Absatz 2 Satz 3 und Absatz 3 des Berufsbildungsgesetzes <DL Type="alpha"><DT>a)</DT><DD Font="normal"><LA>die glaubhafte Darlegung des Erwerbs der beruflichen Handlungsfähigkeit oder</LA></DD><DT>b)</DT><DD Font="normal"><LA>die Bescheinigung über den Erwerb der beruflichen Fertigkeiten, Kenntnisse und Fähigkeiten,</LA></DD></DL></LA></DD><DT>6.</DT><DD Font="normal"><LA>im Fall des § 65 Absatz 2 Satz 2 des Berufsbildungsgesetzes eine Bescheinigung über Art und Umfang der Behinderung.</LA></DD></DL></P><P>(4) Für eine Wiederholung der Abschlussprüfung genügt die form- und fristgerechte Anmeldung zur Prüfung. Auf die Anmeldung zur Wiederholung der Abschlussprüfung ist Absatz 3 nicht anzuwenden.</P></Content></text></textdaten></norm>
<norm builddate="20230630213617" doknr="BJNR0890A0023BJNE001000000"><metadaten><jurabk>BMVgVFAPrV</jurabk><enbez>§ 8</enbez><titel format="XML">Entscheidung über die Zulassung</titel></metadaten><textdaten><text format="XML"><Content><P>(1) Die Voraussetzungen der Zulassung zur Abschlussprüfung bestimmen sich nach den Regelungen des Berufsbildungsgesetzes.</P><P>(2) Die Entscheidung über die Zulassung zur Abschlussprüfung nach § 46 des Berufsbildungsgesetzes ist dem Prüfling rechtzeitig, spätestens einen Monat vor dem Prüfungsbeginn, schriftlich oder in elektronischer Form mitzuteilen. In der Mitteilung über die Zulassung ist anzugeben: <DL Type="arabic"><DT>1.</DT><DD Font="normal"><LA>der Prüfungstag und -ort und</LA></DD><DT>2.</DT><DD Font="normal"><LA>die erlaubten Arbeits- und Hilfsmittel, soweit diese nicht bereitgestellt werden.</LA></DD></DL></P><P>(3) Die Entscheidung über die Nichtzulassung zur Abschlussprüfung ist dem Prüfling schriftlich oder in elektronischer Form mit Begründung bekannt zu geben.</P><P>(4) Die Zulassung kann von der zuständigen Stelle im Einvernehmen mit dem Prüfungsausschuss bis zur Bekanntgabe des Prüfungsergebnisses zurückgenommen werden, wenn Gründe im Sinne des § 48 Absatz 2 Satz 3 des Verwaltungsverfahrensgesetzes vorliegen, die dazu führen, dass der Prüfling sich nicht auf Vertrauen in den Bestand der Zulassung berufen kann. Die Entscheidung über die Rücknahme der Zulassung ist dem Prüfling schriftlich oder in elektronischer Form mitzuteilen.</P></Content></text></textdaten></norm>
<norm builddate="20230630213617" doknr="BJNR0890A0023BJNG000300000"><metadaten><jurabk>BMVgVFAPrV</jurabk><gliederungseinheit><gliederungskennzahl>030</gliederungskennzahl><gliederungsbez>Abschnitt 3</gliederungsbez><gliederungstitel>Durchführung der Abschlussprüfung</gliederungstitel></gliederungseinheit></metadaten><textdaten/></norm>
<norm builddate="20230630213617" doknr="BJNR0890A0023BJNE001100000"><metadaten><jurabk>BMVgVFAPrV</jurabk><enbez>§ 9</enbez><titel format="XML">Gliederung der Abschlussprüfung</titel></metadaten><textdaten><text format="XML"><Content><P>(1) Die Gliederung der Abschlussprüfung richtet sich nach § 8 der Verordnung über die Berufsausbildung zum Verwaltungsfachangestellten/zur Verwaltungsfachangestellten.</P><P>(2) Die Abschlussprüfung wird schriftlich in folgenden Prüfungsbereichen durchgeführt: <DL Type="arabic"><DT>1.</DT><DD Font="normal"><LA>„Verwaltungsbetriebswirtschaft“ mit 135 Minuten Prüfungszeit,</LA></DD><DT>2.</DT><DD Font="normal"><LA>„Personalwesen“ mit 120 Minuten Prüfungszeit,</LA></DD><DT>3.</DT><DD Font="normal"><LA>„Verwaltungsrecht und Verwaltungsverfahren“ mit 120 Minuten Prüfungszeit und</LA></DD><DT>4.</DT><DD Font="normal"><LA>„Wirtschafts- und Sozialkunde“ mit 90 Minuten Prüfungszeit.</LA></DD></DL></P><P>(3) Nach dem schriftlichen Teil der Abschlussprüfung wird der praktische Teil im Prüfungsbereich „Fallbezogene Rechtsanwendung“ mit 45 Minuten Prüfungszeit durchgeführt. Hiervon entfallen bei jedem Prüfling 25 Minuten auf die Bearbeitung der praktischen Aufgabe und 20 Minuten auf das Prüfungsgespräch.</P><P>(4) Mündliche Ergänzungsprüfungen bei mangelhaften schriftlichen Prüfungsleistungen richten sich nach § 8 Absatz 4 Satz 1 und 2 der Verordnung über die Berufsausbildung zum Verwaltungsfachangestellten/zur Verwaltungsfachangestellten.</P></Content></text></textdaten></norm>
<norm builddate="20230630213617" doknr="BJNR0890A0023BJNE001200000"><metadaten><jurabk>BMVgVFAPrV</jurabk><enbez>§ 10</enbez><titel format="XML">Nachteilsausgleich für behinderte Prüflinge</titel></metadaten><textdaten><text format="XML"><Content><P>(1) Einem Prüfling mit Behinderung wird auf Antrag ein angemessener Nachteilsausgleich im Prüfungsverfahren gewährt, insbesondere im Hinblick auf <DL Type="arabic"><DT>1.</DT><DD Font="normal"><LA>die Dauer der Prüfung,</LA></DD><DT>2.</DT><DD Font="normal"><LA>die Zulassung von Hilfsmitteln und</LA></DD><DT>3.</DT><DD Font="normal"><LA>die Inanspruchnahme von Hilfeleistungen Dritter wie Gebärdensprachdolmetscherinnen oder Gebärdensprachdolmetscher für hörbehinderte Menschen.</LA></DD></DL></P><P>(2) Art und Umfang der Behinderung sind mit dem Antrag auf Zulassung zur Prüfung nach § 7 nachzuweisen.</P><P>(3) Art und Umfang des Nachteilsausgleichs sind rechtzeitig mit dem Prüfling zu erörtern. Die Schwerbehindertenvertretung ist zu beteiligen, es sei denn, der behinderte Mensch ist damit nicht einverstanden. Der Nachteilsausgleich darf nicht zur qualitativen Änderung der Prüfungsanforderungen führen.</P><P>(4) Über die Gewährung des Nachteilsausgleichs entscheidet die zuständige Stelle.</P></Content></text></textdaten></norm>
<norm builddate="20230630213617" doknr="BJNR0890A0023BJNE001300000"><metadaten><jurabk>BMVgVFAPrV</jurabk><enbez>§ 11</enbez><titel format="XML">Sonstiger Nachteilsausgleich</titel></metadaten><textdaten><text format="XML"><Content><P>(1) Einem Prüfling mit vorübergehenden körperlichen Beeinträchtigungen, die die Umsetzung der nachzuweisenden Kenntnisse oder Fähigkeiten einschränken, wird auf Antrag ein angemessener Nachteilsausgleich im Prüfungsverfahren gewährt. Hierauf hat die zuständige Stelle den Betroffenen rechtzeitig hinzuweisen.</P><P>(2) Art und Umfang des Nachteilsausgleichs sind rechtzeitig mit dem Prüfling zu erörtern. Der Nachteilsausgleich darf nicht zur qualitativen Änderung der Prüfungsanforderungen führen.</P><P>(3) Über die Gewährung des Nachteilsausgleichs entscheidet die zuständige Stelle.</P></Content></text></textdaten></norm>
<norm builddate="20230630213617" doknr="BJNR0890A0023BJNE001400000"><metadaten><jurabk>BMVgVFAPrV</jurabk><enbez>§ 12</enbez><titel format="XML">Prüfungsaufgaben und Aufgabenerstellungsausschuss</titel></metadaten><textdaten><text format="XML"><Content><P>(1) Der Prüfungsausschuss beschließt die Prüfungsaufgaben einschließlich der jeweils zulässigen Arbeits- und Hilfsmittel sowie der Lösungsskizzen mit Bewertungshinweisen auf der Grundlage der Verordnung über die Berufsausbildung zum Verwaltungsfachangestellten/zur Verwaltungsfachangestellten. Er kann Vorschläge von den an der Berufsausbildung Beteiligten berücksichtigen.</P><P>(2) Überregional von einem Aufgabenerstellungsausschuss bei der zuständigen Stelle erstellte oder ausgewählte Prüfungsaufgaben für die schriftliche Prüfung einschließlich der jeweils zulässigen Arbeits- und Hilfsmittel sowie der Lösungsskizzen mit Bewertungshinweisen sind vom Prüfungsausschuss ohne Einsichtnahme und Beschlussfassung zu übernehmen, sofern der Aufgabenerstellungsausschuss entsprechend § 40 Absatz 2 des Berufsbildungsgesetzes zusammengesetzt ist.</P><P>(3) Der Aufgabenerstellungsausschuss besteht aus sechs Mitgliedern sowie Stellvertreterinnen und Stellvertretern, die gleichzeitig Mitglieder oder stellvertretende Mitglieder der gemäß § 2 gebildeten Prüfungsausschüsse sind. Er setzt sich entsprechend § 40 Absatz 2 des Berufsbildungsgesetzes zusammen und wird von der zuständigen Stelle für fünf Jahre berufen.</P></Content></text></textdaten></norm>
<norm builddate="20230630213617" doknr="BJNR0890A0023BJNE001500000"><metadaten><jurabk>BMVgVFAPrV</jurabk><enbez>§ 13</enbez><titel format="XML">Nichtöffentlichkeit</titel></metadaten><textdaten><text format="XML"><Content><P>(1) Die Prüfungen sind nicht öffentlich.</P><P>(2) Vertreter und Vertreterinnen des fachlich zuständigen Referats des Bundesministeriums der Verteidigung, der zuständigen Stelle sowie die Mitglieder und stellvertretenden Mitglieder des Berufsbildungsausschusses der zuständigen Stelle können bei der Prüfung anwesend sein.</P><P>(3) Die Vorschriften des Bundespersonalvertretungsgesetzes, des Bundesgleichstellungsgesetzes und des Neunten Buches Sozialgesetzbuch bleiben unberührt.</P><P>(4) Nimmt ein Prüfling mit Behinderung an der Prüfung teil, so hat die Schwerbehindertenvertretung das Recht, an dieser Prüfung teilzunehmen. Über dieses Teilnahmerecht der Schwerbehindertenvertretung ist der Prüfling mit Behinderung durch die zuständige Stelle oder den Prüfungsausschuss zu informieren. Der Prüfling kann die Teilnahme der Schwerbehindertenvertretung ausdrücklich ablehnen.</P><P>(5) Der Prüfungsausschuss kann im Einvernehmen mit der zuständigen Stelle andere Personen als Gäste bei dem Prüfungsgespräch im Prüfungsbereich „Fallbezogene Rechtsanwendung“ zulassen, sofern der Prüfling nicht widerspricht. An der Beratung über die Prüfungsleistungen dürfen nur die Mitglieder des Prüfungsausschusses beteiligt sein.</P></Content></text></textdaten></norm>
<norm builddate="20230630213617" doknr="BJNR0890A0023BJNE001600000"><metadaten><jurabk>BMVgVFAPrV</jurabk><enbez>§ 14</enbez><titel format="XML">Leitung, Fernprüfung, Aufsicht, Protokoll und Verwendung von Kennziffern</titel></metadaten><textdaten><text format="XML"><Content><P>(1) Die Prüfung wird unter Leitung des Vorsitzes vom gesamten Prüfungsausschuss durchgeführt. § 42 Absatz 5 des Berufsbildungsgesetzes bleibt unberührt.</P><P>(2) Die zuständige Stelle kann bestimmen, dass das Prüfungsgespräch im Prüfungsbereich „Fallbezogene Rechtsanwendung“ und mündliche Ergänzungsprüfungen unter folgenden Maßgaben als Fernprüfungen mit Übertragung von Bild und Ton (Videokonferenz) durchgeführt werden: <DL Type="arabic"><DT>1.</DT><DD Font="normal"><LA>den Prüflingen eines Prüfungsausschusses ist die Durchführung als Fernprüfung spätestens eine Woche vor dem jeweiligen Prüfungstermin bekanntzugeben,</LA></DD><DT>2.</DT><DD Font="normal"><LA>die Prüflinge befinden sich an durch die zuständige Stelle festgelegten Orten in Dienststellen unter Aufsicht,</LA></DD><DT>3.</DT><DD Font="normal"><LA>die Mitglieder des Prüfungsausschusses befinden sich an durch die zuständige Stelle festgelegten Orten in Dienststellen,</LA></DD><DT>4.</DT><DD Font="normal"><LA>an den festgelegten Orten ist die Videokonferenztechnik der Dienststellen zu nutzen und deren Funktionsfähigkeit sicherzustellen,</LA></DD><DT>5.</DT><DD Font="normal"><LA>den Prüflingen und den Mitgliedern des Prüfungsausschusses ist vor der Prüfung ausreichend Gelegenheit zu geben, sich mit der Videokonferenztechnik vertraut zu machen,</LA></DD><DT>6.</DT><DD Font="normal"><LA>während der Abnahme der Prüfungsleistung hat an den festgelegten Orten eine für die Videokonferenztechnik technisch sachkundige Person zur Verfügung zu stehen,</LA></DD><DT>7.</DT><DD Font="normal"><LA>bei nicht durch den Prüfling zu vertretenden technischen Störungen ist der damit verbundene Zeitverlust durch entsprechenden Zeitverlängerung auszugleichen und</LA></DD><DT>8.</DT><DD Font="normal"><LA>die gesetzlichen Bestimmungen zum Schutz personenbezogener Daten sind einzuhalten.</LA></DD></DL></P><P>(3) Die zuständige Stelle regelt im Einvernehmen mit dem Prüfungsausschuss die Aufsichtsführung während der Bearbeitung der schriftlichen Prüfungsarbeiten und der Bearbeitung der Aufgabe des Prüfungsbereichs „Fallbezogene Rechtsanwendung&quot;. Die Aufsichtsführung hat sicherzustellen, dass die Prüfungsleistungen selbständig und nur mit erlaubten Arbeits- und Hilfsmitteln durchgeführt werden.</P><P>(4) Über den Ablauf der Prüfung fertigt der Prüfungsausschuss ein Protokoll an.</P><P>(5) Die Prüflinge müssen ihre schriftlichen Prüfungsarbeiten an Stelle des Namens mit einer Kennziffer versehen, die zuvor nach dem Zufallsprinzip vergeben wurde.</P></Content></text></textdaten></norm>
<norm builddate="20230630213617" doknr="BJNR0890A0023BJNE001700000"><metadaten><jurabk>BMVgVFAPrV</jurabk><enbez>§ 15</enbez><titel format="XML">Ausweispflicht und Belehrung</titel></metadaten><textdaten><text format="XML"><Content><P>(1) Der Prüfling hat sich hinsichtlich seiner Person auszuweisen.</P><P>(2) Der Prüfling ist vor der Prüfung über Folgendes zu belehren: <DL Type="arabic"><DT>1.</DT><DD Font="normal"><LA>den Prüfungsablauf,</LA></DD><DT>2.</DT><DD Font="normal"><LA>die für die Prüfung zur Verfügung stehende Zeit,</LA></DD><DT>3.</DT><DD Font="normal"><LA>die für die Prüfung zugelassenen Arbeits- und Hilfsmittel,</LA></DD><DT>4.</DT><DD Font="normal"><LA>die Folgen von Täuschungshandlungen bei der Prüfung,</LA></DD><DT>5.</DT><DD Font="normal"><LA>die Folgen von Ordnungsverstößen während der Prüfung,</LA></DD><DT>6.</DT><DD Font="normal"><LA>die Folgen eines Rücktritts von der Prüfung und</LA></DD><DT>7.</DT><DD Font="normal"><LA>die Folgen einer Nichtteilnahme an der Prüfung.</LA></DD></DL></P></Content></text></textdaten></norm>
<norm builddate="20230630213617" doknr="BJNR0890A0023BJNE001800000"><metadaten><jurabk>BMVgVFAPrV</jurabk><enbez>§ 16</enbez><titel format="XML">Täuschungshandlungen und Ordnungsverstöße</titel></metadaten><textdaten><text format="XML"><Content><P>(1) Unternimmt es ein Prüfling, das Prüfungsergebnis durch Täuschung oder Benutzung nicht zugelassener Arbeits- oder Hilfsmittel zu beeinflussen, oder leistet er Beihilfe zu einer Täuschung oder einem Täuschungsversuch, liegt eine Täuschungshandlung vor.</P><P>(2) Wird während der Prüfung festgestellt, dass ein Prüfling eine Täuschungshandlung begeht oder einen entsprechenden Verdacht hervorruft, ist der Sachverhalt von der Aufsichtsführung festzustellen, zu protokollieren und dem oder der Vorsitzenden des Prüfungsausschusses im Anschluss an die Prüfung über die zuständige Stelle mitzuteilen. Der Prüfling setzt die Prüfung unter dem Vorbehalt der späteren Entscheidung des Prüfungsausschusses über die Täuschungshandlung fort.</P><P>(3) Über die Folgen einer Täuschungshandlung entscheidet der Prüfungsausschuss. Liegt eine Täuschungshandlung vor, wird der von der Täuschungshandlung betroffene Prüfungsbereich mit null Leistungspunkten als „ungenügend“ bewertet. In schweren Fällen, insbesondere bei vorbereiteten Täuschungshandlungen, kann der Prüfungsausschuss die gesamte Prüfung mit null Leistungspunkten als „ungenügend“ bewerten.</P><P>(4) Wird eine Täuschungshandlung erst nach Abschluss der Prüfung bekannt oder kann sie erst dann nachgewiesen werden, kann der Prüfungsausschuss die Prüfung innerhalb von fünf Jahren nach dem Tag, an dem der Prüfling die Prüfungsleistung erbracht hat, für nicht bestanden erklären.</P><P>(5) Behindert ein Prüfling durch sein Verhalten die Prüfung so, dass die Prüfung nicht ordnungsgemäß durchgeführt werden kann, ist er von der Teilnahme auszuschließen. Die Entscheidung wird von der Aufsichtsführung getroffen. Die endgültige Entscheidung über die Folgen für den Prüfling hat der Prüfungsausschuss unverzüglich zu treffen.</P><P>(6) Vor einer endgültigen Entscheidung des Prüfungsausschusses nach den Absätzen 3 bis 5 ist der Prüfling zu hören.</P></Content></text></textdaten></norm>
<norm builddate="20230630213617" doknr="BJNR0890A0023BJNE001900000"><metadaten><jurabk>BMVgVFAPrV</jurabk><enbez>§ 17</enbez><titel format="XML">Rücktritt und Nichtteilnahme</titel></metadaten><textdaten><text format="XML"><Content><P>(1) Tritt der Prüfling nach erfolgter Anmeldung vor der Abschlussprüfung durch schriftliche oder elektronische Erklärung zurück, gilt die Abschlussprüfung als nicht abgelegt. Nimmt der Prüfling ohne vorherige schriftliche oder elektronische Erklärung nicht an der Abschlussprüfung teil, gilt die Abschlussprüfung als nicht bestanden, es sei denn, der Prüfling war aus einem wichtigen Grund an der Teilnahme oder an der rechtzeitigen Abgabe der Erklärung gehindert.</P><P>(2) Bricht der Prüfling aus wichtigem Grund die Abschlussprüfung ab, gilt die Abschlussprüfung als nicht begonnen. In sich abgeschlossene Prüfungsleistungen können anerkannt werden. In sich abgeschlossene Prüfungsleistungen sind solche, die thematisch klar abgrenzbar und nicht auf eine andere Prüfungsleistung bezogen sind sowie eigenständig bewertet werden.</P><P>(3) Liegt kein wichtiger Grund für den Abbruch der Abschlussprüfung vor, gilt die Abschlussprüfung als nicht bestanden.</P><P>(4) Nimmt der Prüfling an einzelnen Prüfungsleistungen oder an der mündlichen Ergänzungsprüfung aus wichtigem Grund nicht teil, bestimmt der Prüfungsausschuss, in welcher Weise die Prüfungsleistungen nachgeholt werden. Liegt kein wichtiger Grund vor, wird die versäumte Prüfungsleistung oder die mündliche Ergänzungsprüfung mit null Leistungspunkten als „ungenügend“ bewertet.</P><P>(5) Der wichtige Grund ist gegenüber der zuständigen Stelle unverzüglich geltend zu machen und nachzuweisen. Im Krankheitsfall ist die Vorlage eines ärztlichen Attestes erforderlich. Auf Verlangen ist ein amtsärztliches Attest vorzulegen. Die Entscheidung über das Vorliegen eines wichtigen Grundes, über den Umfang der anzuerkennenden Prüfungsleistungen und darüber, in welcher Weise versäumte Prüfungsleistungen nachzuholen sind, trifft der Prüfungsausschuss nach Anhörung des Prüflings.</P></Content></text></textdaten></norm>
<norm builddate="20230630213617" doknr="BJNR0890A0023BJNG000400000"><metadaten><jurabk>BMVgVFAPrV</jurabk><gliederungseinheit><gliederungskennzahl>040</gliederungskennzahl><gliederungsbez>Abschnitt 4</gliederungsbez><gliederungstitel>Bewertung, Feststellung und Beurkundung des Prüfungsergebnisses</gliederungstitel></gliederungseinheit></metadaten><textdaten/></norm>
<norm builddate="20230630213617" doknr="BJNR0890A0023BJNE002000000"><metadaten><jurabk>BMVgVFAPrV</jurabk><enbez>§ 18</enbez><titel format="XML">Bewertung</titel></metadaten><textdaten><text format="XML"><Content><P>(1) Die Prüfungsleistungen sind wie folgt zu bewerten: <table colsep="1" frame="all" pgwide="1" rowsep="1" tocentry="%yes;"><tgroup align="left" char="" charoff="50" cols="4"><colspec align="center" colname="col1" colwidth="30*"/><colspec align="center" colname="col2" colwidth="34*"/><colspec align="center" colname="col3" colwidth="18*"/><colspec align="justify" colname="col4" colwidth="78*"/><thead valign="bottom"><row><entry VJ="1" align="center" colname="col1" valign="middle">Prozentualer Anteil <BR/>der erreichten <BR/>Leistungspunkte <BR/>an den erreichbaren <BR/>Leistungspunkten</entry><entry VJ="1" align="center" colname="col2" valign="middle">Note <BR/>in Worten</entry><entry VJ="1" align="center" colname="col3" valign="middle">Note <BR/>als Zahl</entry><entry VJ="1" align="center" colname="col4" valign="middle">Notendefinition</entry></row></thead><tbody valign="top"><row><entry VJ="1" colname="col1">92,00 bis 100,00</entry><entry VJ="1" colname="col2">sehr gut</entry><entry VJ="1" colname="col3">1</entry><entry VJ="1" colname="col4">eine Leistung, die den Anforderungen in besonderem Maße entspricht</entry></row><row><entry VJ="1" colname="col1">81,00 bis 91,99</entry><entry VJ="1" colname="col2">gut</entry><entry VJ="1" colname="col3">2</entry><entry VJ="1" colname="col4">eine Leistung, die den Anforderungen voll entspricht</entry></row><row><entry VJ="1" colname="col1">67,00 bis 80,99</entry><entry VJ="1" colname="col2">befriedigend</entry><entry VJ="1" colname="col3">3</entry><entry VJ="1" colname="col4">eine Leistung, die den Anforderungen im Allgemeinen entspricht</entry></row><row><entry VJ="1" colname="col1">50,00 bis 66,99</entry><entry VJ="1" colname="col2">ausreichend</entry><entry VJ="1" colname="col3">4</entry><entry VJ="1" colname="col4">eine Leistung, die zwar Mängel aufweist, aber im Ganzen den Anforderungen noch entspricht</entry></row><row><entry VJ="1" colname="col1">30,00 bis 49,99</entry><entry VJ="1" colname="col2">mangelhaft</entry><entry VJ="1" colname="col3">5</entry><entry VJ="1" colname="col4">eine Leistung, die den Anforderungen nicht entspricht, jedoch erkennen lässt, dass gewisse Grundkenntnisse vorhanden sind</entry></row><row><entry VJ="1" colname="col1">0,00 bis 29,99</entry><entry VJ="1" colname="col2">ungenügend</entry><entry VJ="1" colname="col3">6</entry><entry VJ="1" colname="col4">eine Leistung, die den Anforderungen nicht entspricht und bei der selbst Grundkenntnisse fehlen</entry></row></tbody></tgroup></table></P><P>(2) Die Prüfungsleistungen in den Prüfungsbereichen werden mit Leistungspunkten bewertet. Bei der Bewertung schriftlicher Prüfungsleistungen werden neben der fachlichen Leistung die Gliederung und die Klarheit der Darstellung sowie das Ausdrucksvermögen berücksichtigt; hierfür dürfen nicht mehr als 8 Prozent der erreichbaren Leistungspunktzahl je Prüfungsbereich angesetzt werden.</P><P>(3) Die zuständige Stelle kann bestimmen, dass bei der Bewertung von Prüfungsleistungen die Kommunikation zwischen den Mitgliedern des Prüfungsausschusses mit Informationstechnologie unterstützt erfolgen kann. Die gesetzlichen Bestimmungen zum Schutz personenbezogener Daten sind einzuhalten.</P><P>(4) Die Bewertungen der schriftlichen Prüfungsleistungen sind dem Prüfling vor Beginn der Prüfung im Prüfungsbereich „Fallbezogene Rechtsanwendung“ bekannt zu geben. Ist auf Grund der Bewertungen der schriftlichen Prüfungsleistungen ein Bestehen der Abschlussprüfung ausgeschlossen, ist der Prüfling auf seinen Antrag hin von der Prüfung im Prüfungsbereich „Fallbezogene Rechtsanwendung“ zu befreien.</P><P>(5) Die Leistungen im Prüfungsbereich „Fallbezogene Rechtsanwendung“ oder in einer mündlichen Ergänzungsprüfung sind von allen Mitgliedern des Prüfungsausschusses zu beurteilen und zu bewerten.</P><P>(6) Über die Feststellung der einzelnen Prüfungsergebnisse ist für jeden Prüfling ein Protokoll zu fertigen. Das Protokoll ist von den Mitgliedern des Prüfungsausschusses zu unterzeichnen und der zuständigen Stelle vorzulegen.</P></Content></text></textdaten></norm>
<norm builddate="20230630213617" doknr="BJNR0890A0023BJNE002100000"><metadaten><jurabk>BMVgVFAPrV</jurabk><enbez>§ 19</enbez><titel format="XML">Feststellung des Ergebnisses der Abschlussprüfung</titel></metadaten><textdaten><text format="XML"><Content><P>(1) Der Prüfungsausschuss stellt im Anschluss an die letzte Prüfungsleistung das Gesamtergebnis der Abschlussprüfung als arithmetisches Mittel der einzelnen Prüfungsbereiche fest und bezeichnet es mit einer Note nach § 18 Absatz 1. Für den Beschluss über das Gesamtergebnis der Abschlussprüfung erhält der Prüfungsausschuss die Protokolle nach § 18 Absatz 6. Der Prüfungsausschuss stellt ferner fest, ob die Abschlussprüfung bestanden ist und welcher Tag als Tag des Bestehens der Prüfung gilt. Als Tag des Bestehens der Abschlussprüfung gilt in der Regel der Tag der Prüfung im Prüfungsbereich „Fallbezogene Rechtsanwendung“.</P><P>(2) Ergibt sich bei der Ermittlung des Gesamtergebnisses eine Dezimalstelle unter fünf, ist diese auf halbe Leistungspunkte aufzurunden. Eine Dezimalstelle über fünf ist auf volle Leistungspunkte aufzurunden.</P></Content></text></textdaten></norm>
<norm builddate="20230630213617" doknr="BJNR0890A0023BJNE002200000"><metadaten><jurabk>BMVgVFAPrV</jurabk><enbez>§ 20</enbez><titel format="XML">Ergebnisprotokoll, Mitteilung über Bestehen oder Nichtbestehen der Abschlussprüfung</titel></metadaten><textdaten><text format="XML"><Content><P>(1) Über die Feststellung des Gesamtergebnisses der Abschlussprüfung ist ein Protokoll zu fertigen. Dieses ist von den Mitgliedern des Prüfungsausschusses zu unterzeichnen und der zuständigen Stelle unverzüglich vorzulegen.</P><P>(2) Dem Prüfling soll unmittelbar nach Feststellung des Gesamtergebnisses der Abschlussprüfung mitgeteilt werden, ob und mit welcher Note er die Abschlussprüfung „bestanden“ oder „nicht bestanden“ hat. Sofern das Prüfungszeugnis nach § 21 oder der Bescheid nach § 22 nicht am selben Tag ausgehändigt werden kann, erhält er eine vom Vorsitz des Prüfungsausschusses zu unterzeichnende Bescheinigung über die Feststellung des Bestehens oder Nichtbestehens unter Angabe des maßgeblichen Tages.</P></Content></text></textdaten></norm>
<norm builddate="20230630213617" doknr="BJNR0890A0023BJNE002300000"><metadaten><jurabk>BMVgVFAPrV</jurabk><enbez>§ 21</enbez><titel format="XML">Prüfungszeugnis</titel></metadaten><textdaten><text format="XML"><Content><P>(1) Für die Ausstellung des Prüfungszeugnisses nach § 37 Absatz 2 Satz 1 des Berufsbildungsgesetzes ist der von der zuständigen Stelle vorgeschriebene Vordruck zu verwenden.</P><P>(2) Das Prüfungszeugnis enthält: <DL Type="arabic"><DT>1.</DT><DD Font="normal"><LA>die Bezeichnung „Prüfungszeugnis nach § 37 Berufsbildungsgesetz“,</LA></DD><DT>2.</DT><DD Font="normal"><LA>den Namen und die Vornamen des Prüflings,</LA></DD><DT>3.</DT><DD Font="normal"><LA>das Geburtsdatum des Prüflings,</LA></DD><DT>4.</DT><DD Font="normal"><LA>die Bezeichnung des Ausbildungsberufs mit Fachrichtung,</LA></DD><DT>5.</DT><DD Font="normal"><LA>die Ergebnisse der Prüfungsbereiche und das Gesamtergebnis der Abschlussprüfung,</LA></DD><DT>6.</DT><DD Font="normal"><LA>das Datum des Bestehens der Abschlussprüfung,</LA></DD><DT>7.</DT><DD Font="normal"><LA>die Unterschriften des Vorsitzes des Prüfungsausschusses und einer beauftragten Person der zuständigen Stelle und</LA></DD><DT>8.</DT><DD Font="normal"><LA>den Dienstsiegelabdruck der zuständigen Stelle.</LA></DD></DL></P><P>(3) Die Prüfungszeugnisse können zusätzliche nicht amtliche Bemerkungen zur Information (Bemerkungen) enthalten, insbesondere <DL Type="arabic"><DT>1.</DT><DD Font="normal"><LA>über den erworbenen Abschluss oder</LA></DD><DT>2.</DT><DD Font="normal"><LA>auf Antrag des Prüflings über während der Ausbildung erworbene oder zusätzliche Fertigkeiten, Kenntnisse und Fähigkeiten.</LA></DD></DL></P><P>(4) Als Anlage zum Prüfungszeugnis soll eine Berufsbeschreibung mit Ausbildungsprofil in deutscher, englischer und französischer Sprache ausgehändigt werden.</P></Content></text></textdaten></norm>
<norm builddate="20230630213617" doknr="BJNR0890A0023BJNE002400000"><metadaten><jurabk>BMVgVFAPrV</jurabk><enbez>§ 22</enbez><titel format="XML">Bescheid über nicht bestandene Abschlussprüfung</titel></metadaten><textdaten><text format="XML"><Content><P>(1) Bei nicht bestandener Abschlussprüfung erhalten der Prüfling oder seine gesetzliche Vertretung sowie der oder die Ausbildende von der zuständigen Stelle einen schriftlichen Bescheid. In diesem Bescheid ist anzugeben, welche Prüfungsleistungen in einer Wiederholung der Abschlussprüfung gemäß § 23 Absatz 2 auf Antrag nicht mehr wiederholt werden müssen und wann die Prüfung gemäß § 23 Absatz 3 frühestens wiederholt werden kann. Die von der zuständigen Stelle vorgeschriebenen Formulare sind zu verwenden.</P><P>(2) Auf die besonderen Bedingungen bei der Wiederholung der Abschlussprüfung gemäß § 23 ist hinzuweisen.</P></Content></text></textdaten></norm>
<norm builddate="20230630213617" doknr="BJNR0890A0023BJNG000500000"><metadaten><jurabk>BMVgVFAPrV</jurabk><gliederungseinheit><gliederungskennzahl>050</gliederungskennzahl><gliederungsbez>Abschnitt 5</gliederungsbez><gliederungstitel>Wiederholung der Abschlussprüfung</gliederungstitel></gliederungseinheit></metadaten><textdaten/></norm>
<norm builddate="20230630213617" doknr="BJNR0890A0023BJNE002500000"><metadaten><jurabk>BMVgVFAPrV</jurabk><enbez>§ 23</enbez><titel format="XML">Wiederholung der Abschlussprüfung</titel></metadaten><textdaten><text format="XML"><Content><P>(1) Eine nicht bestandene Abschlussprüfung kann nach § 37 Absatz 1 Satz 2 des Berufsbildungsgesetzes zweimal wiederholt werden. Es gelten die bei der Wiederholung der Abschlussprüfung erzielten Ergebnisse.</P><P>(2) Hat der Prüfling bei nicht bestandener Abschlussprüfung in einer in sich abgeschlossenen Prüfungsleistung nach § 17 Absatz 2 Satz 3 mindestens ausreichende Leistungen erbracht, so ist diese Prüfungsleistung auf Antrag des Prüflings nicht zu wiederholen, sofern er sich innerhalb von zwei Jahren, gerechnet vom Tag der Feststellung des Ergebnisses der nicht bestandenen Abschlussprüfung an, zur Wiederholung der Abschlussprüfung anmeldet. Die Bewertung in einer in sich abgeschlossenen Prüfungsleistung ist im Rahmen der Wiederholung der Abschlussprüfung zu übernehmen.</P><P>(3) Die Abschlussprüfung kann frühestens zum nächsten Termin der Abschlussprüfung nach § 6 wiederholt werden.</P></Content></text></textdaten></norm>
<norm builddate="20230630213617" doknr="BJNR0890A0023BJNG000600000"><metadaten><jurabk>BMVgVFAPrV</jurabk><gliederungseinheit><gliederungskennzahl>060</gliederungskennzahl><gliederungsbez>Abschnitt 6</gliederungsbez><gliederungstitel>Schlussbestimmungen</gliederungstitel></gliederungseinheit></metadaten><textdaten/></norm>
<norm builddate="20230630213617" doknr="BJNR0890A0023BJNE002600000"><metadaten><jurabk>BMVgVFAPrV</jurabk><enbez>§ 24</enbez><titel format="XML">Rechtsbehelfsbelehrung</titel></metadaten><textdaten><text format="XML"><Content><P>Maßnahmen und Entscheidungen der Prüfungsausschüsse sowie der zuständigen Stelle sind bei ihrer schriftlichen Bekanntgabe an den Prüfling mit einer Rechtsbehelfsbelehrung nach § 58 Absatz 1 in Verbindung mit § 70 Absatz 2 der Verwaltungsgerichtsordnung zu versehen.</P></Content></text></textdaten></norm>
<norm builddate="20230630213617" doknr="BJNR0890A0023BJNE002700000"><metadaten><jurabk>BMVgVFAPrV</jurabk><enbez>§ 25</enbez><titel format="XML">Prüfungsunterlagen</titel></metadaten><textdaten><text format="XML"><Content><P>Auf Antrag ist dem Prüfling binnen der gesetzlichen Frist zur Einlegung eines Rechtsbehelfs Einsicht in seine Prüfungsunterlagen zu gewähren. Die schriftlichen Prüfungsarbeiten sind ein Jahr, die Protokolle gemäß § 14 Absatz 3, § 18 Absatz 6 und § 20 Absatz 1 zehn Jahre aufzubewahren. Ferner sind die Ergebnisse der Abschlussprüfung elektronisch zu erfassen und 50 Jahre aufzubewahren. Die Aufbewahrungsfrist beginnt mit dem Zugang des Prüfungszeugnisses nach § 21 Absatz 1 oder des Bescheids nach § 22 Absatz 1. Der Ablauf der Aufbewahrungsfrist wird durch das Einlegen eines Rechtsbehelfs gehemmt.</P></Content></text></textdaten></norm>
<norm builddate="20230630213617" doknr="BJNR0890A0023BJNE002800000"><metadaten><jurabk>BMVgVFAPrV</jurabk><enbez>§ 26</enbez><titel format="XML">Übergangsregelung</titel></metadaten><textdaten><text format="XML"><Content><P>Für Abschlussprüfungen, die von Auszubildenden abgelegt werden, deren Berufsausbildungsvertrag bereits vor dem 1. Oktober 2022 abgeschlossen wurde, ist diese Verordnung nicht anzuwenden.</P></Content></text></textdaten></norm>
<norm builddate="20230630213617" doknr="BJNR0890A0023BJNE002900000"><metadaten><jurabk>BMVgVFAPrV</jurabk><enbez>§ 27</enbez><titel format="XML">Inkrafttreten</titel></metadaten><textdaten><text format="XML"><Content><P>Diese Verordnung tritt am 1. Juli 2023 in Kraft.</P></Content></text></textdaten></norm>
</dokumente>