<?xml version="1.0" encoding="UTF-8" ?><!DOCTYPE dokumente SYSTEM "http://www.gesetze-im-internet.de/dtd/1.01/gii-norm.dtd">
<dokumente builddate="20141201220513" doknr="BJNR161900014"><norm builddate="20141201220513" doknr="BJNR161900014"><metadaten><jurabk>EhrZAnerkErl</jurabk><ausfertigung-datum manuell="ja">2014-10-10</ausfertigung-datum><fundstelle typ="amtlich"><periodikum>BGBl I</periodikum><zitstelle>2014, 1619</zitstelle></fundstelle><langue>Erlass über die Anerkennung als Ehrenzeichen</langue></metadaten><textdaten><fussnoten><Content><P><BR/> <pre xml:space="preserve">(+++ Textnachweis ab: 17.10.2014 +++)<BR/><BR/></pre></P></Content></fussnoten></textdaten></norm>
<norm builddate="20141201220513" doknr="BJNR161900014BJNE000100000"><metadaten><jurabk>EhrZAnerkErl</jurabk><enbez>Art 1</enbez></metadaten><textdaten><text format="XML"><Content><P>Auf Grund des § 3 Absatz 2 des Gesetzes über Titel, Orden und Ehrenzeichen in der im Bundesgesetzblatt Teil III, Gliederungsnummer 1132-1, veröffentlichten bereinigten Fassung, das zuletzt durch Artikel 10 des Gesetzes vom 19. Februar 2006 (BGBl. I S. 334) geändert worden ist, erkenne ich <BR/><table frame="none" pgwide="1" tocentry="%yes;"><tgroup align="left" char="" charoff="50" cols="1"><colspec align="center" colname="col1"/><tbody valign="top"><row rowsep="0"><entry VJ="1" colname="col1">das Deutsche Rettungsschwimmabzeichen<BR/> des Arbeiter-Samariter-Bundes – Silber</entry></row><row rowsep="0"><entry VJ="1" align="left" colname="col1">und</entry></row><row><entry VJ="1" colname="col1">das Deutsche Rettungsschwimmabzeichen<BR/> des Arbeiter-Samariter-Bundes – Gold</entry></row></tbody></tgroup></table><BR/>als Ehrenzeichen an.</P></Content></text></textdaten></norm>
<norm builddate="20141201220513" doknr="BJNR161900014BJNE000200000"><metadaten><jurabk>EhrZAnerkErl</jurabk><enbez>Art 2</enbez></metadaten><textdaten><text format="XML"><Content><P>Die Verleihungsbedingungen sowie die Abbildungen und Beschreibungen der nach Artikel 1 anerkannten Ehrenzeichen werden vom Bundesministerium des Innern im Bundesanzeiger bekannt gemacht.</P></Content></text></textdaten></norm>
<norm builddate="20141201220513" doknr="BJNR161900014BJNE000300000"><metadaten><jurabk>EhrZAnerkErl</jurabk><enbez>Art 3</enbez></metadaten><textdaten><text format="XML"><Content><P>Jede Änderung der Verleihungsbedingungen und jede Änderung der Form oder Benennung der hiermit anerkannten Ehrenzeichen ist mir vor dem Inkraftsetzen anzuzeigen.</P></Content></text></textdaten></norm>
<norm builddate="20141201220513" doknr="BJNR161900014BJNE000400000"><metadaten><jurabk>EhrZAnerkErl</jurabk><enbez>Schlussformel</enbez></metadaten><textdaten><text format="XML"><Content><P><SP>Der Bundespräsident</SP><BR/><SP>Der Bundesminister des Innern</SP></P></Content></text></textdaten></norm>
</dokumente>