<?xml version="1.0" encoding="UTF-8" ?><!DOCTYPE dokumente SYSTEM "http://www.gesetze-im-internet.de/dtd/1.01/gii-norm.dtd">
<dokumente builddate="20190924212504" doknr="BJNR138000019"><norm builddate="20190924212504" doknr="BJNR138000019"><metadaten><jurabk>Münz10EuroBek 2019-08-07</jurabk><ausfertigung-datum manuell="ja">2019-08-07</ausfertigung-datum><fundstelle typ="amtlich"><periodikum>BGBl I</periodikum><zitstelle>2019, 1380</zitstelle></fundstelle><langue>Bekanntmachung über die Ausprägung von deutschen Euro-Gedenkmünzen im Nennwert von 10 Euro (Gedenkmünze „In der Luft“)</langue></metadaten><textdaten><fussnoten><Content><P><BR/> <pre xml:space="preserve">(+++ Textnachweis ab: 16.9.2019 +++)<BR/><BR/></pre></P></Content></fussnoten></textdaten></norm>
<norm builddate="20190924212504" doknr="BJNR138000019BJNE000100000"><metadaten><jurabk>Münz10EuroBek 2019-08-07</jurabk><enbez>(XXXX)</enbez></metadaten><textdaten><text format="XML"><Content><P>Gemäß den §§ 2, 4 und 5 des Münzgesetzes vom 16. Dezember 1999 (BGBl. I S. 2402) hat die Bundesregierung beschlossen, eine 10-Euro-Sammlermünze „In der Luft“ mit einem farblosen Kunststoffring prägen zu lassen. Die Münze bildet den Auftakt einer dreiteiligen Serie „Luft bewegt“, in der von 2019 bis 2021 jeweils eine Ausgabe pro Jahr erscheint.</P><P>Die Auflage der Münze beträgt 1 750 000 Stück, davon 250 000 Stück in Spiegelglanzqualität. Die Münze wird zu gleichen Teilen in den Münzstätten Berlin, München, Stuttgart, Karlsruhe und Hamburg geprägt. Sie besteht aus drei Komponenten: Einem äußeren Ring und einem inneren Kern (Pille) aus Metall (CuNi25/CuNi19) sowie einem prägbaren, zwischen Ring und Pille eingefügten, Polymerring. Die Münze hat einen Durchmesser von 28,75 Millimetern und eine Masse von 9,8 Gramm. Das Gepräge auf beiden Seiten ist erhaben und wird von einem schützenden, glatten Randstab umgeben.</P><P>Die Münze wird ab dem 4. April 2019 in den Verkehr gebracht.</P><P>Die Bildseite zeigt einen Gleitschirm, der im Zentrum der Darstellung in einer Gebirgslandschaft platziert ist.</P><P>Die Wertseite zeigt einen Adler, den Schriftzug „BUNDESREPUBLIK DEUTSCHLAND“, Wertziffer und Wertbezeichnung, die Jahreszahl 2019, die zwölf Europasterne sowie – je nach Prägestätte – das Münzzeichen „A“ (Berlin), „D“ (München), „F“ (Stuttgart), „G“ (Karlsruhe) oder „J“ (Hamburg).</P><P>Der glatte Münzrand enthält in vertiefter Prägung die Inschrift:</P><P>„LUFT BEWEGT <F>•</F>“.</P><P>Der Entwurf der Bildseite stammt von der Künstlerin Natalie Tekampe aus Müncheberg. Die Wertseite, die für alle Münzen der Serie verwendet wird, wurde von dem Künstler Andre Witting aus Berlin gestaltet.</P></Content></text></textdaten></norm>
<norm builddate="20190924212504" doknr="BJNR138000019BJNE000200000"><metadaten><jurabk>Münz10EuroBek 2019-08-07</jurabk><enbez>Schlussformel</enbez></metadaten><textdaten><text format="XML"><Content><P><SP>Der Bundesminister der Finanzen</SP></P></Content></text></textdaten></norm>
<norm builddate="20190924212504" doknr="BJNR138000019BJNE000300000"><metadaten><jurabk>Münz10EuroBek 2019-08-07</jurabk><enbez>(XXXX)</enbez></metadaten><textdaten><text format="XML"><Content><P><noindex><kommentar typ="Fundstelle">(Fundstelle: BGBl. I 2019, 1380)</kommentar></noindex></P><BR/><table frame="none" pgwide="1" tocentry="%yes;"><tgroup align="left" char="" charoff="50" cols="2"><colspec colname="col1" colsep="0"/><colspec colname="col2"/><tbody valign="top"><row rowsep="0"><entry VJ="1" align="center" colname="col1"><IMG Align="center" Height="208" Pos="inline" SRC="bgbl1_2019_j1380-1_0010.jpg" Type="jpg" Units="72" Width="213" alt=""/></entry><entry VJ="1" align="center" colname="col2"><IMG Align="center" Height="208" Pos="inline" SRC="bgbl1_2019_j1380-1_0020.jpg" Type="jpg" Units="72" Width="213" alt=""/></entry></row><row><entry VJ="1" colname="col1"/><entry VJ="1" colname="col2"/></row></tbody></tgroup></table></Content></text></textdaten></norm>
</dokumente>