<?xml version="1.0" encoding="UTF-8" ?><!DOCTYPE dokumente SYSTEM "http://www.gesetze-im-internet.de/dtd/1.01/gii-norm.dtd">
<dokumente builddate="20130827220045" doknr="BJNR014100992"><norm builddate="20130827220045" doknr="BJNR014100992"><metadaten><jurabk>BienSchV 1992</jurabk><ausfertigung-datum manuell="ja">1992-07-22</ausfertigung-datum><fundstelle typ="amtlich"><periodikum>BGBl I</periodikum><zitstelle>1992, 1410</zitstelle></fundstelle><kurzue>Bienenschutzverordnung</kurzue><langue>Verordnung über die Anwendung bienengefährlicher Pflanzenschutzmittel</langue><standangabe checked="ja"><standtyp>Stand</standtyp><standkommentar>Zuletzt geändert durch Art. 6 V v. 27.6.2013 I 1953</standkommentar></standangabe></metadaten><textdaten><fussnoten><Content><P>(+++ Textnachweis ab: 5.8.1992 +++)</P><P><BR/> Diese V ersetzt die V 7823-3-2-7 v. 19.12.1972 I 2515 (BienSchV)</P></Content></fussnoten></textdaten></norm>
<norm builddate="20130827220045" doknr="BJNR014100992BJNE000100314"><metadaten><jurabk>BienSchV 1992</jurabk><enbez>Eingangsformel</enbez></metadaten><textdaten><text format="XML"><Content><P>Der Bundesminister für Ernährung, Landwirtschaft und Forsten verordnet auf Grund des § 3 Abs. 1 Nr. 1 des Pflanzenschutzgesetzes vom 15. September 1986 (BGBl. I S. 1505) sowie auf Grund des § 3 Abs. 1 Nr. 16 in Verbindung mit Abs. 2 des Pflanzenschutzgesetzes sowie in Verbindung mit Artikel 56 des Zuständigkeitsanpassungs-Gesetzes vom 18. März 1975 (BGBl. I S. 705) und dem Organisationserlaß vom 23. Januar 1991 (BGBl. I S. 530) im Einvernehmen mit den Bundesministern für Gesundheit und für Umwelt, Naturschutz und Reaktorsicherheit:</P></Content></text></textdaten></norm>
<norm builddate="20130827220045" doknr="BJNR014100992BJNE000201377"><metadaten><jurabk>BienSchV 1992</jurabk><enbez>§ 1</enbez><titel format="parat">Begriffsbestimmungen</titel></metadaten><textdaten><text format="XML"><Content><P>Im Sinne dieser Verordnung sind <DL Font="normal" Type="arabic"><DT>1.</DT><DD Font="normal"><LA Size="normal">bienengefährliche Pflanzenschutzmittel:<DL Font="normal" Type="arabic"><DT>a)</DT><DD Font="normal"><LA Size="normal">Pflanzenschutzmittel, die das Bundesamt für Verbraucherschutz und Lebensmittelsicherheit mit der Auflage zugelassen hat, sie als &quot;bienengefährlich&quot; zu kennzeichnen,</LA></DD> <DT>b)</DT><DD Font="normal"><LA Size="normal">andere zugelassene Pflanzenschutzmittel in einer höheren als der höchsten in der Gebrauchsanleitung vorgesehenen<DL Font="normal" Type="arabic"><DT>aa)</DT><DD Font="normal"><LA Size="normal">Aufwandmenge oder</LA></DD> <DT>bb)</DT><DD Font="normal"><LA Size="normal">Konzentration, falls eine Aufwandmenge nicht vorgesehen ist;</LA></DD> </DL></LA></DD> </DL></LA></DD> <DT>2.</DT><DD Font="normal"><LA Size="normal">blühende Pflanzen:</LA><LA Size="normal">Pflanzen, an denen sich geöffnete Blüten befinden, außer Hopfen und Kartoffeln.</LA></DD>  </DL></P></Content></text><fussnoten/></textdaten></norm>
<norm builddate="20130827220045" doknr="BJNR014100992BJNE000301377"><metadaten><jurabk>BienSchV 1992</jurabk><enbez>§ 2</enbez><titel format="parat">Anwendung</titel></metadaten><textdaten><text format="XML"><Content><P>(1) Bienengefährliche Pflanzenschutzmittel dürfen nicht an <DL Font="normal" Type="arabic"><DT>1.</DT><DD Font="normal"><LA Size="normal">blühenden Pflanzen,</LA></DD> <DT>2.</DT><DD Font="normal"><LA Size="normal">anderen Pflanzen, wenn sie von Bienen beflogen werden,</LA></DD> </DL>angewandt werden.</P><P>(2) Bienengefährliche Pflanzenschutzmittel dürfen nicht so angewandt werden, daß Pflanzen nach Absatz 1 mitgetroffen werden.</P><P>(3) Innerhalb eines Umkreises von 60 Metern um einen Bienenstand dürfen bienengefährliche Pflanzenschutzmittel innerhalb der Zeit des täglichen Bienenflugs nur mit Zustimmung des Imkers angewandt werden.</P><P>(4) Bienengefährliche Pflanzenschutzmittel dürfen nicht so gehandhabt, aufbewahrt oder beseitigt werden, daß Bienen mit ihnen in Berührung kommen können.</P><P>(5) Die Absätze 1 bis 4 gelten nicht für die Anwendung, Handhabung und Aufbewahrung bienengefährlicher Pflanzenschutzmittel in bienensicher umschlossenen Räumen.</P><P>(6) Ist ein bienengefährliches Pflanzenschutzmittel entsprechend einer von dem Bundesamt für Verbraucherschutz und Lebensmittelsicherheit erteilten Auflage mit der Angabe &quot;bienengefährlich, außer bei Anwendung nach dem Ende des täglichen Bienenfluges bis 23.00 Uhr (auch unter Zusatz der Worte &quot;mitteleuropäischer Zeit&quot; oder der Abkürzung &quot;MEZ&quot;) in dem zu behandelnden Bestand&quot; versehen, so gelten die Absätze 1 und 2 nicht für die Anwendung dieses Pflanzenschutzmittels während der angegebenen Tageszeit.</P></Content>     </text><fussnoten/></textdaten></norm>
<norm builddate="20130827220045" doknr="BJNR014100992BJNE000400314"><metadaten><jurabk>BienSchV 1992</jurabk><enbez>§ 3</enbez><titel format="parat">Ausnahmen</titel></metadaten><textdaten><text format="XML"><Content><P>Die zuständige Behörde kann Ausnahmen zulassen <DL Font="normal" Type="arabic"><DT>1.</DT><DD Font="normal"><LA Size="normal">von § 2 Abs. 1 für Forschungs-, Untersuchungs- und Versuchszwecke,</LA></DD> <DT>2.</DT><DD Font="normal"><LA Size="normal">von § 2 Abs. 1 bis 3, soweit es zur Verhütung schwerer Schäden oder Verluste an Pflanzen durch Schadorganismen erforderlich ist.</LA></DD> </DL>Sie hat die Ausnahmegenehmigung mit den erforderlichen Auflagen zu verbinden, um sicherzustellen, daß die Imker, deren Bienenstände sich im Umkreis von 3 Kilometern befinden, spätestens 48 Stunden vor Beginn der Anwendung des Pflanzenschutzmittels unterrichtet werden. Sie kann die Ausnahmegenehmigung mit Auflagen zur Sicherstellung der Belange des Naturschutzes und der Landschaftspflege versehen.</P></Content></text></textdaten></norm>
<norm builddate="20130827220045" doknr="BJNR014100992BJNE000502360"><metadaten><jurabk>BienSchV 1992</jurabk><enbez>§ 4</enbez><titel format="XML">Ordnungswidrigkeiten</titel></metadaten><textdaten><text format="XML"><Content><P>Ordnungswidrig im Sinne des § 68 Absatz 1 Nummer 3 Buchstabe a des Pflanzenschutzgesetzes handelt, wer vorsätzlich oder fahrlässig <DL Font="normal" Type="arabic"><DT>1.</DT><DD Font="normal"><LA Size="normal">entgegen § 2 Absatz 1, 2 oder Absatz 3 ein bienengefährliches Pflanzenschutzmittel anwendet oder</LA></DD><DT>2.</DT><DD Font="normal"><LA Size="normal">entgegen § 2 Absatz 4 ein bienengefährliches Pflanzenschutzmittel handhabt, aufbewahrt oder beseitigt.</LA></DD></DL></P></Content></text><fussnoten/></textdaten></norm>
<norm builddate="20130827220045" doknr="BJNR014100992BJNE000600314"><metadaten><jurabk>BienSchV 1992</jurabk><enbez>§ 5</enbez><titel format="parat">Inkrafttreten, abgelöste Vorschrift</titel></metadaten><textdaten><text format="XML"><Content><P>(1) Diese Verordnung tritt am Tage nach der Verkündung in Kraft.</P><P>(2)</P></Content> </text><fussnoten/></textdaten></norm>
<norm builddate="20130827220045" doknr="BJNR014100992BJNE000700314"><metadaten><jurabk>BienSchV 1992</jurabk><enbez>Schlußformel</enbez></metadaten><textdaten><text format="XML"><Content><P>Der Bundesrat hat zugestimmt.</P></Content></text></textdaten></norm>
</dokumente>