<?xml version="1.0" encoding="UTF-8" ?><!DOCTYPE dokumente SYSTEM "http://www.gesetze-im-internet.de/dtd/1.01/gii-norm.dtd">
<dokumente builddate="20130405130000" doknr="BJNR020540976"><norm builddate="20130405130000" doknr="BJNR020540976"><metadaten><jurabk>BGSResErnAnO</jurabk><ausfertigung-datum manuell="ja">1976-07-15</ausfertigung-datum><fundstelle typ="amtlich"><periodikum>BGBl I</periodikum><zitstelle>1976, 2054</zitstelle></fundstelle><langue>Anordnung über die Ernennung und Entlassung der Angehörigen der
Grenzschutzreserve</langue></metadaten><textdaten><text format="XML"><Content><P/></Content></text><fussnoten><Content><P>(+++ Textnachweis ab:  8. 8.1976 +++)</P></Content></fussnoten></textdaten></norm>
<norm builddate="20130405130000" doknr="BJNR020540976BJNE000100314"><metadaten><jurabk>BGSResErnAnO</jurabk><enbez>I.</enbez></metadaten><textdaten><text format="XML"><Content><P>Auf Grund des § 55 Abs. 1 des Gesetzes über den Bundesgrenzschutz vom 18. August 1972 (Bundesgesetzbl. I S. 1834) und des Artikels 1 Abs. 2 der Anordnung des Bundespräsidenten über die Ernennung und Entlassung der Grenzschutzoffiziere der Reserve vom 27. September 1973 (Bundesgesetzbl. I S. 1465) übertrage ich widerruflich die Ausübung des Rechts zur Ernennung und Entlassung von Dienstleistenden im Bundesgrenzschutz, die <DL Font="normal" Type="arabic"><DT>1.</DT><DD Font="normal"><LA Size="normal">Dienstbezeichnungen von Polizeivollzugsbeamten der Laufbahn des mittleren Polizeivollzugsdienstes,</LA></DD> <DT>2.</DT><DD Font="normal"><LA Size="normal">Dienstbezeichnungen von Polizeivollzugsbeamten der Laufbahn des gehobenen Polizeivollzugsdienstes bis zur Dienstbezeichnung eines Polizeioberkommissars im BGS der Reserve</LA></DD> </DL>führen, <BR/>den Kommandeuren der Grenzschutzkommandos, <BR/>dem Kommandeur der Grenzschutzschule, <BR/>jeweils für ihren Geschäftsbereich.</P></Content></text></textdaten></norm>
<norm builddate="20130405130000" doknr="BJNR020540976BJNE000200314"><metadaten><jurabk>BGSResErnAnO</jurabk><enbez>II.</enbez></metadaten><textdaten><text format="XML"><Content><P>Für besondere Fälle behalte ich mir die Ernennung und Entlassung der in Abschnitt I Genannten vor. <BR/>Diese Anordnung tritt am Tage nach ihrer Verkündung in Kraft.</P></Content></text><fussnoten/></textdaten></norm>
<norm builddate="20130405130000" doknr="BJNR020540976BJNE000300314"><metadaten><jurabk>BGSResErnAnO</jurabk><enbez>Schlußformel</enbez></metadaten><textdaten><text format="XML"><Content><P><SP>Der Bundesminister des Innern</SP></P></Content></text></textdaten></norm>
</dokumente>