<?xml version="1.0" encoding="UTF-8" ?><!DOCTYPE dokumente SYSTEM "http://www.gesetze-im-internet.de/dtd/1.01/gii-norm.dtd">
<dokumente builddate="20240131215528" doknr="BJNR00E0A0024"><norm builddate="20240131215528" doknr="BJNR00E0A0024"><metadaten><jurabk>MauerV 2024</jurabk><amtabk>MauerV</amtabk><ausfertigung-datum manuell="ja">2024-01-16</ausfertigung-datum><fundstelle typ="amtlich"><periodikum>BGBl I</periodikum><zitstelle>2024, Nr. 14</zitstelle></fundstelle><kurzue>Mauergrundstücksverordnung</kurzue><langue>Verordnung nach § 6 des Mauergrundstücksgesetzes</langue><standangabe checked="ja"><standtyp>Sonst</standtyp><standkommentar>Ersetzt V 105-27-1 v. 2.8.2001 I 2128 (MauerV)</standkommentar></standangabe></metadaten><textdaten><fussnoten><Content><P><BR/> <pre xml:space="preserve">(+++ Textnachweis ab: 1.2.2024 +++)<BR/><BR/></pre></P></Content></fussnoten></textdaten></norm>
<norm builddate="20240131215528" doknr="BJNR00E0A0024BJNE000100000"><metadaten><jurabk>MauerV 2024</jurabk><jurabk>MauerV</jurabk><enbez>Eingangsformel</enbez></metadaten><textdaten><text format="XML"><Content><P>Auf Grund des § 6 des Mauergrundstücksgesetzes, der durch Artikel 2 Nummer 2 des Gesetzes vom 13. November 2023 (BGBl. 2023 I Nr. 310) neu gefasst worden ist, verordnet das Bundesministerium der Finanzen:</P></Content></text></textdaten></norm>
<norm builddate="20240131215528" doknr="BJNR00E0A0024BJNE000200000"><metadaten><jurabk>MauerV 2024</jurabk><jurabk>MauerV</jurabk><enbez>§ 1</enbez><titel format="XML">Mittelverwendung nach § 5 des Mauergrundstücksgesetzes</titel></metadaten><textdaten><text format="XML"><Content><P>(1) Die Einnahmen aus der Veräußerung der Mauer- und Grenzgrundstücke abzüglich der Leistungen an Berechtigte nach § 3 Absatz 1 und 2 des Mauergrundstücksgesetzes und der Nebenkosten nach § 2 Absatz 2 des Mauergrundstücksgesetzes sind zur Förderung von wirtschaftlichen, sozialen und kulturellen Zwecken in dem in Artikel 3 des Einigungsvertrags genannten Gebiet zu verwenden.</P><P>(2) Die Einnahmen werden im Bundeshaushalt vereinnahmt. Sie sind zunächst für folgende Ausgaben zu verwenden: <DL Type="arabic"><DT>1.</DT><DD Font="normal"><LA>für vom Bund zu tragende Nebenkosten der Veräußerung wie zum Beispiel Kosten einer Vermessung, einer Abschätzung des Kaufpreises oder einer Herrichtung des Grundstücks nach § 2 Absatz 2 Satz 1 des Mauergrundstücksgesetzes,</LA></DD><DT>2.</DT><DD Font="normal"><LA>für Erstattungen von zu viel gezahlten Beträgen nach § 2 Absatz 2 Satz 2 des Mauergrundstücksgesetzes,</LA></DD><DT>3.</DT><DD Font="normal"><LA>für Ansprüche von Berechtigten auf Zahlung von 75 Prozent des Verkehrswertes des Grundstücks zum Zeitpunkt des Erlasses des Ablehnungsbescheides wegen der Verwendung des Grundstücks für dringende eigene öffentliche Zwecke des Bundes oder wegen der Veräußerung im öffentlichen Interesse an Dritte nach § 3 Absatz 1 Satz 3 des Mauergrundstücksgesetzes,</LA></DD><DT>4.</DT><DD Font="normal"><LA>für Ansprüche von Berechtigten auf Zahlung von 75 Prozent der für das Grundstück erhaltenen Gegenleistung, wenn das Grundstück nach dem 15. Februar 1992 und vor dem 19. Juli 1996 im Sinne des § 3 Absatz 1 Satz 4 des Mauergrundstücksgesetzes an Dritte veräußert worden ist oder im Sinne des § 3 Absatz 2 des Mauergrundstücksgesetzes auf Dritte übergegangen ist und</LA></DD><DT>5.</DT><DD Font="normal"><LA>für Ansprüche von Berechtigten nach § 3 Absatz 1 Satz 5 des Mauergrundstücksgesetzes.</LA></DD></DL>Hinsichtlich der Zahlungsmodalitäten nach § 3 des Mauergrundstücksgesetzes ist im Einzelnen weiterhin nach den Richtlinien des Bundesministeriums der Finanzen vom 31. Juli 1996 (BAnz. S. 9205) zu verfahren.</P></Content></text></textdaten></norm>
<norm builddate="20240131215528" doknr="BJNR00E0A0024BJNE000300000"><metadaten><jurabk>MauerV 2024</jurabk><jurabk>MauerV</jurabk><enbez>§ 2</enbez><titel format="XML">Zweckbestimmung und Verteilung der verbleibenden Mittel</titel></metadaten><textdaten><text format="XML"><Content><P>(1) Die nach Abzug der Ausgaben nach § 1 Absatz 2 Satz 2 verbleibenden Mittel werden über den Bundeshaushalt für Projekte bereitgestellt, die wirtschaftlichen, sozialen und kulturellen Zwecken in dem in Artikel 3 des Einigungsvertrages genannten Gebiet (Beitrittsgebiet) dienen. Die Mittel dürfen nicht für die Erfüllung von rechtlichen Verpflichtungen eingesetzt werden.</P><P>(2) Die in Artikel 1 des Einigungsvertrages genannten Länder und das Land Berlin erstellen jeweils eine Prioritätenliste der länderübergreifenden oder auf das jeweilige Land bezogenen Projekte, die aus den verbleibenden Mitteln gefördert werden sollen und übersenden diese dem Bundesministerium der Finanzen. Das Bundesministerium der Finanzen schlägt im Einvernehmen mit den Finanzministerien der in Artikel 1 des Einigungsvertrages genannten Länder sowie der Senatsverwaltung für Finanzen des Landes Berlin dem Haushaltsausschuss des Deutschen Bundestages die Förderung der prioritären Projekte im Beitrittsgebiet vor.</P><P>(3) Für die Verteilung der Mittel auf einzelne Projekte gilt, sofern kein länderübergreifendes Projekt festgelegt wird, der nachfolgende Schlüssel: <DL Type="alpha"><DT>a)</DT><DD Font="normal"><LA><!-- SPLIT UMBAU : [Text: Land Berlin ][Element: <Split/>






][Text: 8,11 Prozent;]--><table colsep="0" frame="none" pgwide="1" rowsep="0"><tgroup cols="2"><colspec align="left" colname="leftSplit"/><colspec align="right" colname="rightSplit"/><tbody Class="Split"><row><entry colname="leftSplit">Land Berlin</entry><entry colname="rightSplit" valign="bottom">8,11 Prozent;</entry></row></tbody></tgroup></table></LA></DD><DT>b)</DT><DD Font="normal"><LA><!-- SPLIT UMBAU : [Text: Land Brandenburg ][Element: <Split/>






][Text: 16,10 Prozent;]--><table colsep="0" frame="none" pgwide="1" rowsep="0"><tgroup cols="2"><colspec align="left" colname="leftSplit"/><colspec align="right" colname="rightSplit"/><tbody Class="Split"><row><entry colname="leftSplit">Land Brandenburg</entry><entry colname="rightSplit" valign="bottom">16,10 Prozent;</entry></row></tbody></tgroup></table></LA></DD><DT>c)</DT><DD Font="normal"><LA><!-- SPLIT UMBAU : [Text: Land Mecklenburg-Vorpommern ][Element: <Split/>






][Text: 11,98 Prozent;]--><table colsep="0" frame="none" pgwide="1" rowsep="0"><tgroup cols="2"><colspec align="left" colname="leftSplit"/><colspec align="right" colname="rightSplit"/><tbody Class="Split"><row><entry colname="leftSplit">Land Mecklenburg-Vorpommern</entry><entry colname="rightSplit" valign="bottom">11,98 Prozent;</entry></row></tbody></tgroup></table></LA></DD><DT>d)</DT><DD Font="normal"><LA><!-- SPLIT UMBAU : [Text: Freistaat Sachsen ][Element: <Split/>






][Text: 29,63 Prozent;]--><table colsep="0" frame="none" pgwide="1" rowsep="0"><tgroup cols="2"><colspec align="left" colname="leftSplit"/><colspec align="right" colname="rightSplit"/><tbody Class="Split"><row><entry colname="leftSplit">Freistaat Sachsen</entry><entry colname="rightSplit" valign="bottom">29,63 Prozent;</entry></row></tbody></tgroup></table></LA></DD><DT>e)</DT><DD Font="normal"><LA><!-- SPLIT UMBAU : [Text: Land Sachsen-Anhalt ][Element: <Split/>






][Text: 17,88 Prozent;]--><table colsep="0" frame="none" pgwide="1" rowsep="0"><tgroup cols="2"><colspec align="left" colname="leftSplit"/><colspec align="right" colname="rightSplit"/><tbody Class="Split"><row><entry colname="leftSplit">Land Sachsen-Anhalt</entry><entry colname="rightSplit" valign="bottom">17,88 Prozent;</entry></row></tbody></tgroup></table></LA></DD><DT>f)</DT><DD Font="normal"><LA><!-- SPLIT UMBAU : [Text: Freistaat Thüringen ][Element: <Split/>






][Text: 16,30 Prozent.]--><table colsep="0" frame="none" pgwide="1" rowsep="0"><tgroup cols="2"><colspec align="left" colname="leftSplit"/><colspec align="right" colname="rightSplit"/><tbody Class="Split"><row><entry colname="leftSplit">Freistaat Thüringen</entry><entry colname="rightSplit" valign="bottom">16,30 Prozent.</entry></row></tbody></tgroup></table></LA></DD></DL></P><P>(4) Das Bundesministerium der Finanzen unterbreitet dem Haushaltsausschuss des Deutschen Bundestages seinen Vorschlag über die Verteilung der Mittel, sobald ein Betrag von mindestens 1,5 Millionen Euro erreicht ist, mindestens jedoch alle vier Jahre. In Ausnahmefällen kann das Bundesministerium der Finanzen von diesen Vorgaben abweichen.</P><P>(5) Die Finanzministerien der in Artikel 1 des Einigungsvertrages genannten Länder und die Senatsverwaltung für Finanzen des Landes Berlin weisen dem Bundesministerium der Finanzen bis spätestens zum 31. Dezember des dem Abschluss eines Haushaltsjahres folgenden Jahres listenförmig die zweckentsprechende Verwendung der Mittel nach.</P><P>(6) Ergänzungen zu den Verfahrensbestimmungen dieser Rechtsverordnung können durch Verwaltungsvereinbarung geregelt werden.</P></Content></text></textdaten></norm>
<norm builddate="20240131215528" doknr="BJNR00E0A0024BJNE000400000"><metadaten><jurabk>MauerV 2024</jurabk><jurabk>MauerV</jurabk><enbez>§ 3</enbez><titel format="XML">Inkrafttreten, Außerkrafttreten</titel></metadaten><textdaten><text format="XML"><Content><P>Diese Verordnung tritt am 1. Februar 2024 in Kraft. Gleichzeitig tritt die Mauergrundstücksverordnung vom 2. August 2001 (BGBl. I S. 2128) außer Kraft.</P></Content></text></textdaten></norm>
</dokumente>