<?xml version="1.0" encoding="UTF-8" ?><!DOCTYPE dokumente SYSTEM "http://www.gesetze-im-internet.de/dtd/1.01/gii-norm.dtd">
<dokumente builddate="20131008093521" doknr="BJNR010530988"><norm builddate="20131008093521" doknr="BJNR010530988"><metadaten><jurabk>AgrStruktGÄndG</jurabk><ausfertigung-datum manuell="ja">1988-07-21</ausfertigung-datum><fundstelle typ="amtlich"><periodikum>BGBl I</periodikum><zitstelle>1988, 1053</zitstelle></fundstelle><langue>Gesetz zur Änderung des Gesetzes über die Gemeinschaftsaufgabe
&quot;Verbesserung der Agrarstruktur und des Küstenschutzes&quot;</langue></metadaten><textdaten><text format="XML"><Content><P/></Content></text><fussnoten><Content><P>(+++ Textnachweis ab: 1.7.1988 +++)</P></Content></fussnoten></textdaten></norm>
<norm builddate="20131008093521" doknr="BJNR010530988BJNE000100328"><metadaten><jurabk>AgrStruktGÄndG</jurabk><enbez>Eingangsformel</enbez></metadaten><textdaten><text format="XML"><Content><P>Der Bundestag hat mit Zustimmung des Bundesrates das folgende Gesetz beschlossen:</P></Content></text></textdaten></norm>
<norm builddate="20131008093521" doknr="BJNR010530988BJNE000200328"><metadaten><jurabk>AgrStruktGÄndG</jurabk><enbez>Art 1</enbez></metadaten><textdaten><text format="XML"><Content><P>-</P></Content></text><fussnoten/></textdaten></norm>
<norm builddate="20131008093521" doknr="BJNR010530988BJNE000300328"><metadaten><jurabk>AgrStruktGÄndG</jurabk><enbez>Art 2</enbez></metadaten><textdaten><text format="XML"><Content><P>-</P></Content></text><fussnoten/></textdaten></norm>
<norm builddate="20131008093521" doknr="BJNR010530988BJNE000400328"><metadaten><jurabk>AgrStruktGÄndG</jurabk><enbez>Art 3</enbez></metadaten><textdaten><text format="XML"><Content><P>-</P></Content></text><fussnoten/></textdaten></norm>
<norm builddate="20131008093521" doknr="BJNR010530988BJNE000500328"><metadaten><jurabk>AgrStruktGÄndG</jurabk><enbez>Art 4</enbez></metadaten><textdaten><text format="XML"><Content><P>-</P></Content></text><fussnoten/></textdaten></norm>
<norm builddate="20131008093521" doknr="BJNR010530988BJNE000600328"><metadaten><jurabk>AgrStruktGÄndG</jurabk><enbez>Art 5</enbez><titel format="parat">Rechtliche Behandlung stillgelegter Flächen</titel></metadaten><textdaten><text format="XML"><Content><P>Flächen, die nach Maßgabe der Verordnung (EWG) Nr. 1094/88 des Rates vom 25. April 1988 zur Änderung der Verordnungen (EWG) Nr. 797/85 und Nr. 1760/87 hinsichtlich der Stillegung von Ackerflächen und der Extensivierung und Umstellung der Erzeugung (ABl. EG Nr. L 106 S. 28) stillgelegt worden sind, gelten weiterhin als landwirtschaftlich genutzte Flächen; die für die Landwirtschaft in anderen Rechtsgebieten geltenden Rechtsvorschriften, insbesondere im Bereich des Bürgerlichen Rechts, des Grundstückverkehrsrechts, des Landpachtverkehrsrechts, des Baurechts, des Naturschutzrechts und der Statistik finden auf diese Flächen weiterhin Anwendung. Das Recht, diese Flächen nach Beendigung der Stillegungsperiode in derselben Art und in demselben Umfang wie zum Zeitpunkt der Antragstellung nutzen zu können, bleibt bestehen. Satz 1 erster Halbsatz gilt nicht für das Recht der Sozialversicherung. Ferner gelten die Sätze 1 und 2 nicht, wenn die Flächen aufgeforstet oder so umgestaltet worden sind, daß sie später nur mit unverhältnismäßig großem Aufwand land- oder forstwirtschaftlich genutzt werden können.</P></Content></text></textdaten></norm>
<norm builddate="20131008093521" doknr="BJNR010530988BJNE000700328"><metadaten><jurabk>AgrStruktGÄndG</jurabk><enbez>Art 6</enbez></metadaten><textdaten><text format="XML"><Content><P>Der Bundesminister für Ernährung, Landwirtschaft und Forsten kann den Wortlaut des Gesetzes über die Gemeinschaftsaufgabe &quot;Verbesserung der Agrarstruktur und des Küstenschutzes&quot; in der vom 1. Juli 1988 an geltenden Fassung im Bundesgesetzblatt bekanntmachen.</P></Content></text><fussnoten/></textdaten></norm>
<norm builddate="20131008093521" doknr="BJNR010530988BJNE000800328"><metadaten><jurabk>AgrStruktGÄndG</jurabk><enbez>Art 7</enbez><titel format="parat">Berlin-Klausel</titel></metadaten><textdaten><text format="XML"><Content><P>Dieses Gesetz gilt nach Maßgabe des § 13 Abs. 1 des Dritten Überleitungsgesetzes auch im Land Berlin.</P></Content></text></textdaten></norm>
<norm builddate="20131008093521" doknr="BJNR010530988BJNE000900328"><metadaten><jurabk>AgrStruktGÄndG</jurabk><enbez>Art 8</enbez><titel format="parat">Inkrafttreten</titel></metadaten><textdaten><text format="XML"><Content><P>(1) Dieses Gesetz tritt mit Wirkung vom 1. Juli 1988 in Kraft.</P><P>(2)</P></Content> </text><fussnoten/></textdaten></norm>
</dokumente>