<?xml version="1.0" encoding="UTF-8" ?><!DOCTYPE dokumente SYSTEM "http://www.gesetze-im-internet.de/dtd/1.01/gii-norm.dtd">
<dokumente builddate="20240710215003" doknr="BJNR0E40A0024"><norm builddate="20240710215003" doknr="BJNR0E40A0024"><metadaten><jurabk>BBFestV 2024</jurabk><amtabk>BBFestV 2024</amtabk><ausfertigung-datum manuell="ja">2024-07-08</ausfertigung-datum><fundstelle typ="amtlich"><periodikum>BGBl. I</periodikum><zitstelle>2024, Nr. 228</zitstelle></fundstelle><kurzue>Bundesbeteiligungs-Festlegungsverordnung 2024</kurzue><langue>Verordnung zur Festlegung und Anpassung der Bundesbeteiligung an den Leistungen für Unterkunft und Heizung für das Jahr 2024</langue></metadaten><textdaten><fussnoten><Content><P><BR/> <pre xml:space="preserve">(+++ Textnachweis ab: 11.7.2024 +++)</pre></P></Content></fussnoten></textdaten></norm>
<norm builddate="20240710215003" doknr="BJNR0E40A0024BJNE000100000"><metadaten><jurabk>BBFestV 2024</jurabk><enbez>Eingangsformel</enbez></metadaten><textdaten><text format="XML"><Content><P>Auf Grund des § 46 Absatz 10 Satz 1 des Zweiten Buches Sozialgesetzbuch, der durch Artikel 3 Nummer 3 Buchstabe a des Gesetzes vom 9. Dezember 2019 (BGBl. I S. 2051) neu gefasst worden ist, verordnet das Bundesministerium für Arbeit und Soziales:</P></Content></text></textdaten></norm>
<norm builddate="20240710215003" doknr="BJNR0E40A0024BJNE000200000"><metadaten><jurabk>BBFestV 2024</jurabk><enbez>§ 1</enbez><titel format="XML">Festlegung und Anpassung der Werte nach § 46 Absatz 8 Satz 1 des Zweiten Buches Sozialgesetzbuch</titel></metadaten><textdaten><text format="XML"><Content><P>Der landesspezifische Wert nach § 46 Absatz 8 Satz 1 des Zweiten Buches Sozialgesetzbuch, der für das Jahr 2024 rückwirkend angepasst und für das Jahr 2025 festgelegt wird, beträgt <DL Type="arabic"><DT>1.</DT><DD Font="normal"><LA>5,3 Prozentpunkte für Baden-Württemberg,</LA></DD><DT>2.</DT><DD Font="normal"><LA>6,7 Prozentpunkte für den Freistaat Bayern,</LA></DD><DT>3.</DT><DD Font="normal"><LA>4,2 Prozentpunkte für Berlin,</LA></DD><DT>4.</DT><DD Font="normal"><LA>6,3 Prozentpunkte für Brandenburg,</LA></DD><DT>5.</DT><DD Font="normal"><LA>7,4 Prozentpunkte für die Hansestadt Bremen,</LA></DD><DT>6.</DT><DD Font="normal"><LA>9,6 Prozentpunkte für die Freie und Hansestadt Hamburg,</LA></DD><DT>7.</DT><DD Font="normal"><LA>5,9 Prozentpunkte für Hessen,</LA></DD><DT>8.</DT><DD Font="normal"><LA>8,7 Prozentpunkte für Mecklenburg-Vorpommern,</LA></DD><DT>9.</DT><DD Font="normal"><LA>10,0 Prozentpunkte für Niedersachsen,</LA></DD><DT>10.</DT><DD Font="normal"><LA>8,5 Prozentpunkte für Nordrhein-Westfalen,</LA></DD><DT>11.</DT><DD Font="normal"><LA>5,9 Prozentpunkte für Rheinland-Pfalz,</LA></DD><DT>12.</DT><DD Font="normal"><LA>7,4 Prozentpunkte für das Saarland,</LA></DD><DT>13.</DT><DD Font="normal"><LA>9,6 Prozentpunkte für den Freistaat Sachsen,</LA></DD><DT>14.</DT><DD Font="normal"><LA>7,0 Prozentpunkte für Sachsen-Anhalt,</LA></DD><DT>15.</DT><DD Font="normal"><LA>7,8 Prozentpunkte für Schleswig-Holstein und</LA></DD><DT>16.</DT><DD Font="normal"><LA>9,4 Prozentpunkte für den Freistaat Thüringen.</LA></DD></DL></P></Content></text></textdaten></norm>
<norm builddate="20240710215003" doknr="BJNR0E40A0024BJNE000300000"><metadaten><jurabk>BBFestV 2024</jurabk><enbez>§ 2</enbez><titel format="XML">Anpassung der Werte nach § 46 Absatz 5 Satz 3 des Zweiten Buches Sozialgesetzbuch</titel></metadaten><textdaten><text format="XML"><Content><P>(1) Die Beteiligung des Bundes an den Ausgaben für die Leistungen nach § 22 Absatz 1 des Zweiten Buches Sozialgesetzbuch beträgt im Jahr 2024 <DL Type="arabic"><DT>1.</DT><DD Font="normal"><LA>72,1 Prozent für Baden-Württemberg,</LA></DD><DT>2.</DT><DD Font="normal"><LA>69,5 Prozent für den Freistaat Bayern,</LA></DD><DT>3.</DT><DD Font="normal"><LA>67,0 Prozent für Berlin,</LA></DD><DT>4.</DT><DD Font="normal"><LA>69,1 Prozent für Brandenburg,</LA></DD><DT>5.</DT><DD Font="normal"><LA>70,2 Prozent für die Hansestadt Bremen,</LA></DD><DT>6.</DT><DD Font="normal"><LA>72,4 Prozent für die Freie und Hansestadt Hamburg,</LA></DD><DT>7.</DT><DD Font="normal"><LA>68,7 Prozent für Hessen,</LA></DD><DT>8.</DT><DD Font="normal"><LA>71,5 Prozent für Mecklenburg-Vorpommern,</LA></DD><DT>9.</DT><DD Font="normal"><LA>72,8 Prozent für Niedersachsen,</LA></DD><DT>10.</DT><DD Font="normal"><LA>71,3 Prozent für Nordrhein-Westfalen,</LA></DD><DT>11.</DT><DD Font="normal"><LA>78,7 Prozent für Rheinland-Pfalz,</LA></DD><DT>12.</DT><DD Font="normal"><LA>70,2 Prozent für das Saarland,</LA></DD><DT>13.</DT><DD Font="normal"><LA>72,4 Prozent für den Freistaat Sachsen,</LA></DD><DT>14.</DT><DD Font="normal"><LA>69,8 Prozent für Sachsen-Anhalt,</LA></DD><DT>15.</DT><DD Font="normal"><LA>70,6 Prozent für Schleswig-Holstein und</LA></DD><DT>16.</DT><DD Font="normal"><LA>72,2 Prozent für den Freistaat Thüringen.</LA></DD></DL></P><P>(2) Die Beteiligung des Bundes an den Ausgaben für die Leistungen nach § 22 Absatz 1 des Zweiten Buches Sozialgesetzbuch beträgt im Jahr 2025 <DL Type="arabic"><DT>1.</DT><DD Font="normal"><LA>72,1 Prozent für Baden-Württemberg,</LA></DD><DT>2.</DT><DD Font="normal"><LA>69,5 Prozent für den Freistaat Bayern,</LA></DD><DT>3.</DT><DD Font="normal"><LA>67,0 Prozent für Berlin,</LA></DD><DT>4.</DT><DD Font="normal"><LA>69,1 Prozent für Brandenburg,</LA></DD><DT>5.</DT><DD Font="normal"><LA>70,2 Prozent für die Hansestadt Bremen,</LA></DD><DT>6.</DT><DD Font="normal"><LA>72,4 Prozent für die Freie und Hansestadt Hamburg,</LA></DD><DT>7.</DT><DD Font="normal"><LA>68,7 Prozent für Hessen,</LA></DD><DT>8.</DT><DD Font="normal"><LA>71,5 Prozent für Mecklenburg-Vorpommern,</LA></DD><DT>9.</DT><DD Font="normal"><LA>72,8 Prozent für Niedersachsen,</LA></DD><DT>10.</DT><DD Font="normal"><LA>71,3 Prozent für Nordrhein-Westfalen,</LA></DD><DT>11.</DT><DD Font="normal"><LA>78,7 Prozent für Rheinland-Pfalz,</LA></DD><DT>12.</DT><DD Font="normal"><LA>70,2 Prozent für das Saarland,</LA></DD><DT>13.</DT><DD Font="normal"><LA>72,4 Prozent für den Freistaat Sachsen,</LA></DD><DT>14.</DT><DD Font="normal"><LA>69,8 Prozent für Sachsen-Anhalt,</LA></DD><DT>15.</DT><DD Font="normal"><LA>70,6 Prozent für Schleswig-Holstein und</LA></DD><DT>16.</DT><DD Font="normal"><LA>72,2 Prozent für den Freistaat Thüringen.</LA></DD></DL></P></Content></text></textdaten></norm>
<norm builddate="20240710215003" doknr="BJNR0E40A0024BJNE000400000"><metadaten><jurabk>BBFestV 2024</jurabk><enbez>§ 3</enbez><titel format="XML">Inkrafttreten</titel></metadaten><textdaten><text format="XML"><Content><P>Diese Verordnung tritt am Tag nach der Verkündung in Kraft.</P></Content></text></textdaten></norm>
<norm builddate="20240710215003" doknr="BJNR0E40A0024BJNE000500000"><metadaten><jurabk>BBFestV 2024</jurabk><enbez>Schlussformel</enbez></metadaten><textdaten><text format="XML"><Content><P>Der Bundesrat hat zugestimmt.</P></Content></text></textdaten></norm>
</dokumente>