<?xml version="1.0" encoding="UTF-8" ?><!DOCTYPE dokumente SYSTEM "http://www.gesetze-im-internet.de/dtd/1.01/gii-norm.dtd">
<dokumente builddate="20120625152322" doknr="BJNR210120961"><norm builddate="20120625152322" doknr="BJNR210120961"><metadaten><jurabk>UhÜbkG</jurabk><ausfertigung-datum manuell="ja">1961-07-18</ausfertigung-datum><fundstelle typ="amtlich"><periodikum>BGBl II</periodikum><zitstelle>1961, 1012</zitstelle></fundstelle><langue>Gesetz zu dem Übereinkommen vom 24. Oktober 1956 über das auf
Unterhaltsverpflichtungen gegenüber Kindern anzuwendende Recht</langue><standangabe checked="ja"><standtyp>Stand</standtyp><standkommentar>Geändert durch Art. 1 G v. 2.6.1972 II 589</standkommentar></standangabe></metadaten><textdaten><fussnoten><Content><P>(+++ Textnachweis Geltung ab: 8.6.1972 +++)</P></Content></fussnoten></textdaten></norm>
<norm builddate="20120625152322" doknr="BJNR210120961BJNE000100306"><metadaten><jurabk>UhÜbkG</jurabk><enbez>Art 1</enbez></metadaten><textdaten><text format="XML"><Content><P>Dem in Den Haag am 26. August 1959 von der Bundesrepublik Deutschland unterzeichneten Übereinkommen vom 24. Oktober 1956 über das auf Unterhaltsverpflichtungen gegenüber Kindern anzuwendende Recht wird zugestimmt. Das Übereinkommen wird nachstehend veröffentlicht.</P></Content></text><fussnoten/></textdaten></norm>
<norm builddate="20120625152322" doknr="BJNR210120961BJNE000200306"><metadaten><jurabk>UhÜbkG</jurabk><enbez>Art 1a</enbez></metadaten><textdaten><text format="XML"><Content><P>Auf Unterhaltsansprüche deutscher Kinder findet deutsches Recht Anwendung, wenn die Voraussetzungen des Artikels 2 des Übereinkommens vorliegen.</P></Content></text><fussnoten/></textdaten></norm>
<norm builddate="20120625152322" doknr="BJNR210120961BJNE000300306"><metadaten><jurabk>UhÜbkG</jurabk><enbez>Art 2</enbez></metadaten><textdaten><text format="XML"><Content><P>Dieses Gesetz gilt auch im Land Berlin, sofern das Land Berlin die Anwendung dieses Gesetzes feststellt.</P></Content></text></textdaten></norm>
<norm builddate="20120625152322" doknr="BJNR210120961BJNE000400306"><metadaten><jurabk>UhÜbkG</jurabk><enbez>Art 3</enbez></metadaten><textdaten><text format="XML"><Content><P>(1) Dieses Gesetz tritt am Tage nach seiner Verkündung in Kraft.</P><P>(2) Der Tag, an dem das Übereinkommen nach seinem Artikel 8 für die Bundesrepublik Deutschland in Kraft tritt, ist im Bundesgesetzblatt bekanntzugeben.</P></Content> </text></textdaten></norm>
</dokumente>