<?xml version="1.0" encoding="UTF-8" ?><!DOCTYPE dokumente SYSTEM "http://www.gesetze-im-internet.de/dtd/1.01/gii-norm.dtd">
<dokumente builddate="20171109221547" doknr="BJNR362800017"><norm builddate="20171109221547" doknr="BJNR362800017"><metadaten><jurabk>Münz20EuroBek 2017-10-23/1</jurabk><ausfertigung-datum manuell="ja">2017-10-23</ausfertigung-datum><fundstelle typ="amtlich"><periodikum>BGBl I</periodikum><zitstelle>2017, 3628</zitstelle></fundstelle><langue>Bekanntmachung über die Ausprägung von deutschen Euro-Gedenkmünzen im Nennwert von 20 Euro (Goldmünze „Pirol“ der Serie „Heimische Vögel“)</langue></metadaten><textdaten><fussnoten><Content><P><BR/> <pre xml:space="preserve">(+++ Textnachweis ab: 8.11.2017 +++)<BR/><BR/></pre></P></Content></fussnoten></textdaten></norm>
<norm builddate="20171109221547" doknr="BJNR362800017BJNE000100000"><metadaten><jurabk>Münz20EuroBek 2017-10-23/1</jurabk><enbez>(XXXX)</enbez></metadaten><textdaten><text format="XML"><Content><P>Gemäß den §§ 2, 4 und 5 des Münzgesetzes vom 16. Dezember 1999 (BGBl. I S. 2402) hat die Bundesregierung beschlossen, in den Jahren 2016 bis 2021 eine Serie von Goldmünzen im Nennwert von 20 Euro zum Thema „Heimische Vögel“ prägen zu lassen. Im Jahr 2017 wird die Ausgabe mit der Münze „Pirol“ fortgesetzt. Die Münze wird ab dem 22. Juni 2017 in den Verkehr gebracht.</P><P>Die limitierte Auflage der 20-Euro-Goldmünze „Pirol“ beträgt maximal 200 000 Stück. Die Münze wird zu gleichen Teilen in den Münzstätten Berlin (Münzzeichen „A“), München (Münzzeichen „D“), Stuttgart (Münzzeichen „F“), Karlsruhe (Münzzeichen „G“) und Hamburg (Münzzeichen „J“) in Stempelglanzausführung geprägt.</P><P>Sie besteht aus Gold mit einem Feingehalt von 999,9 Tausendteilen (Feingold), hat einen Durchmesser von 17,5 Millimetern und eine Masse von 3,89 Gramm. Der Münzrand ist geriffelt.</P><P>Die Bildseite zeigt einen Pirol. Der Entwurf stammt von dem Künstler Frantisek Chochola aus Hamburg.</P><P>Die Wertseite wurde von der Künstlerin Adelheid Fuss aus Schwielowsee/Geltow entworfen. Sie zeigt einen Adler, den Schriftzug „BUNDESREPUBLIK DEUTSCHLAND“, die zwölf Europasterne, die Wertziffer mit der Euro-Bezeichnung sowie die Jahreszahl „2017“ und – je nach Münzstätte – das Münzzeichen „A“, „D“, „F“, „G“ oder „J“.</P></Content></text></textdaten></norm>
<norm builddate="20171109221547" doknr="BJNR362800017BJNE000200000"><metadaten><jurabk>Münz20EuroBek 2017-10-23/1</jurabk><enbez>Schlussformel</enbez></metadaten><textdaten><text format="XML"><Content><P><SP>Der Bundesminister der Finanzen</SP></P></Content></text></textdaten></norm>
<norm builddate="20171109221547" doknr="BJNR362800017BJNE000300000"><metadaten><jurabk>Münz20EuroBek 2017-10-23/1</jurabk><enbez>(XXXX)</enbez></metadaten><textdaten><text format="XML"><Content><table frame="none" pgwide="1" tocentry="%yes;"><tgroup align="left" char="" charoff="50" cols="2"><colspec colname="col1" colwidth="85*"/><colspec colname="col2" colwidth="85*"/><tbody valign="top"><row><entry VJ="1" align="center" colname="col1" colsep="0" rowsep="0"><IMG Align="center" Height="213" Pos="inline" SRC="bgbl1_2017_j3628-1_0010.jpg" Type="jpg" Units="72" Width="219" alt=""/></entry><entry VJ="1" align="center" colname="col2" rowsep="0"><IMG Align="center" Height="213" Pos="inline" SRC="bgbl1_2017_j3628-1_0020.jpg" Type="jpg" Units="72" Width="219" alt=""/></entry></row><row><entry VJ="1" colname="col1" colsep="0"/><entry VJ="1" colname="col2"/></row></tbody></tgroup></table></Content></text></textdaten></norm>
</dokumente>