<?xml version="1.0" encoding="UTF-8" ?><!DOCTYPE dokumente SYSTEM "http://www.gesetze-im-internet.de/dtd/1.01/gii-norm.dtd">
<dokumente builddate="20150401224007" doknr="BJNR030210015"><norm builddate="20150401224007" doknr="BJNR030210015"><metadaten><jurabk>ATDTeilnV</jurabk><ausfertigung-datum manuell="ja">2015-03-11</ausfertigung-datum><fundstelle typ="amtlich"><periodikum>BGBl I</periodikum><zitstelle>2015, 302</zitstelle></fundstelle><langue>Verordnung über die Benennung weiterer zur Teilnahme an der Antiterrordatei berechtigter Polizeivollzugsbehörden</langue></metadaten><textdaten><fussnoten><Content><P><BR/> <pre xml:space="preserve">(+++ Textnachweis ab: 24.3.2015 +++)<BR/><BR/></pre>Die V wurde als Artikel 1 der V v. 11.3.2015 I 302 vom Bundesministerium des Innern mit Zustimmung des Bundesrates und auf Ersuchen der Länder Bayern, Brandenburg, Rheinland-Pfalz, Sachsen und Sachsen-Anhalt beschlossen. Sie ist gem. Art. 3 dieser V am 24.3.2015 in Kraft getreten.</P></Content></fussnoten></textdaten></norm>
<norm builddate="20150401224007" doknr="BJNR030210015BJNE000100000"><metadaten><jurabk>ATDTeilnV</jurabk><enbez>§ 1</enbez><titel format="XML">Weitere Polizeivollzugsbehörden des Landes Bayern</titel></metadaten><textdaten><text format="XML"><Content><P>Als weitere Polizeivollzugsbehörden des Landes Bayern sind zum Zugriff auf die Antiterrordatei berechtigt: <DL Type="arabic"><DT>1.</DT><DD Font="normal"><LA>Kriminalfachdezernat 1 Nürnberg<BR/> K 14<BR/> Jakobsplatz 5<BR/> 90402 Nürnberg</LA></DD><DT>2.</DT><DD Font="normal"><LA>Kriminalfachdezernat 4 München<BR/> K 42<BR/> Ettstraße 2<BR/> 80333 München</LA></DD><DT>3.</DT><DD Font="normal"><LA>KPI/Z Niederbayern<BR/> Operativer Staatsschutz<BR/> Rudolf-Guby-Straße 4<BR/> 94032 Passau</LA></DD><DT>4.</DT><DD Font="normal"><LA>KPI/Z Oberpfalz<BR/> Operativer Staatsschutz<BR/> Bajuwarenstraße 2<BR/> 93053 Regensburg</LA></DD><DT>5.</DT><DD Font="normal"><LA>KPI/Z Oberbayern Nord<BR/> Operativer Staatsschutz<BR/> Nordallee 6<BR/> 85328 München</LA></DD><DT>6.</DT><DD Font="normal"><LA>KPI/Z Oberbayern Süd<BR/> Operativer Staatsschutz<BR/> Eugen-Rosner-Straße 2<BR/> 83278 Traunstein</LA></DD><DT>7.</DT><DD Font="normal"><LA>KPI/Z Oberfranken<BR/> Operativer Staatsschutz<BR/> Ludwig-Thoma-Straße 4<BR/> 95447 Bayreuth</LA></DD><DT>8.</DT><DD Font="normal"><LA>KPI/Z Schwaben Nord<BR/> Operativer Staatsschutz<BR/> Gögginger Straße 43<BR/> 86159 Augsburg</LA></DD><DT>9.</DT><DD Font="normal"><LA>KPI/Z Schwaben Süd/West<BR/> Operativer Staatsschutz<BR/> Reuttier Straße 64<BR/> 89231 Neu-Ulm</LA></DD><DT>10.</DT><DD Font="normal"><LA>KPI/Z Unterfranken<BR/> Operativer Staatsschutz<BR/> Frankfurter Straße 79<BR/> 97082 Würzburg</LA></DD></DL></P></Content></text></textdaten></norm>
<norm builddate="20150401224007" doknr="BJNR030210015BJNE000200000"><metadaten><jurabk>ATDTeilnV</jurabk><enbez>§ 2</enbez><titel format="XML">Weitere Polizeivollzugsbehörde des Landes Brandenburg</titel></metadaten><textdaten><text format="XML"><Content><P>Als weitere Polizeivollzugsbehörde des Landes Brandenburg ist zum Zugriff auf die Antiterrordatei berechtigt:<BR/><BR/> Polizeipräsidium Land Brandenburg<BR/> Behördenstab, Stabsbereich Einsatz- und Lagezentrum<BR/> Kaiser-Friedrich-Straße 143<BR/> 14469 Potsdam</P></Content></text></textdaten></norm>
<norm builddate="20150401224007" doknr="BJNR030210015BJNE000300000"><metadaten><jurabk>ATDTeilnV</jurabk><enbez>§ 3</enbez><titel format="XML">Weitere Polizeivollzugsbehörden des Landes Rheinland-Pfalz</titel></metadaten><textdaten><text format="XML"><Content><P>Als weitere Polizeivollzugsbehörden des Landes Rheinland-Pfalz sind zum Zugriff auf die Antiterrordatei berechtigt: <DL Type="arabic"><DT>1.</DT><DD Font="normal"><LA>Polizeipräsidium Mainz<BR/> Valenciaplatz 2<BR/> 55118 Mainz</LA></DD><DT>2.</DT><DD Font="normal"><LA>Polizeipräsidium Koblenz<BR/> Moselring 10 – 12<BR/> 56068 Koblenz</LA></DD><DT>3.</DT><DD Font="normal"><LA>Polizeipräsidium Trier<BR/> Salvianstraße 9<BR/> 54290 Trier</LA></DD><DT>4.</DT><DD Font="normal"><LA>Polizeipräsidium Westpfalz (Kaiserslautern)<BR/> Logenstraße 5<BR/> 67655 Kaiserslautern</LA></DD><DT>5.</DT><DD Font="normal"><LA>Polizeipräsidium Rheinpfalz (Ludwigshafen)<BR/> Wittelsbachstraße 3<BR/> 67061 Ludwigshafen</LA></DD></DL></P></Content></text></textdaten></norm>
</dokumente>