<?xml version="1.0" encoding="UTF-8" ?><!DOCTYPE dokumente SYSTEM "http://www.gesetze-im-internet.de/dtd/1.01/gii-norm.dtd">
<dokumente builddate="20120625152627" doknr="BJNR205620998"><norm builddate="20120625152627" doknr="BJNR205620998"><metadaten><jurabk>SozSichAbkHRVDVVbg</jurabk><ausfertigung-datum manuell="ja">1997-11-24</ausfertigung-datum><fundstelle typ="amtlich"><periodikum>BGBl II</periodikum><zitstelle>1998, 2056</zitstelle></fundstelle><langue>Vereinbarung zur Durchführung des Abkommens vom 24. November 1997
zwischen der Bundesrepublik Deutschland und der
Republik Kroatien über Soziale Sicherheit</langue></metadaten><textdaten><text format="decorated"/><fussnoten><Content><P>G v. 25.8.1998 II 2032 <BR/>In Kraft gem. Bek. v.  3. 2.1999 II 138 mWv 13.1.1999</P></Content></fussnoten></textdaten></norm>
</dokumente>