<?xml version="1.0" encoding="UTF-8" ?><!DOCTYPE dokumente SYSTEM "http://www.gesetze-im-internet.de/dtd/1.01/gii-norm.dtd">
<dokumente builddate="20250731220002" doknr="BJNR01D0A0025"><norm builddate="20250731220002" doknr="BJNR01D0A0025"><metadaten><jurabk>FotoAusbV 2025</jurabk><amtabk>FotoAusbV</amtabk><ausfertigung-datum manuell="ja">2025-01-31</ausfertigung-datum><fundstelle typ="amtlich"><periodikum>BGBl. I</periodikum><zitstelle>2025, Nr. 29</zitstelle></fundstelle><kurzue>Fotografen-Ausbildungsverordnung</kurzue><langue>Verordnung über die Berufsausbildung zum Fotografen und zur Fotografin<FnR ID="F832522_01_BJNR01D0A0025"/></langue><standangabe checked="ja"><standtyp>Sonst</standtyp><standkommentar>Ersetzt V 7110-6-103 v. 12.5.2009 I 1051 (FotoAusbV 2009)</standkommentar></standangabe></metadaten><textdaten><text format="XML"><Footnotes><Footnote FnZ="*" Group="column" ID="F832522_01_BJNR01D0A0025" Pos="normal"><noindex>Diese Rechtsverordnung ist eine Ausbildungsordnung im Sinne des § 25 der Handwerksordnung. Die Ausbildungsordnung und der damit abgestimmte, von der Ständigen Konferenz der Kultusminister der Länder in der Bundesrepublik Deutschland beschlossene Rahmenlehrplan für die Berufsschule werden demnächst im amtlichen Teil des Bundesanzeigers veröffentlicht.</noindex></Footnote></Footnotes></text><fussnoten><Content><P><BR/> <pre xml:space="preserve">(+++ Textnachweis ab: 1.8.2025 +++)<BR/> <BR/>(+++ Zur Anwendung vgl. § 16 +++)<BR/><BR/></pre></P></Content></fussnoten></textdaten></norm>
<norm builddate="20250731220002" doknr="BJNR01D0A0025BJNE000100000"><metadaten><jurabk>FotoAusbV 2025</jurabk><jurabk>FotoAusbV</jurabk><enbez>Eingangsformel</enbez></metadaten><textdaten><text format="XML"><Content><P>Auf Grund des § 25 Absatz 1 Satz 1 der Handwerksordnung in der Fassung der Bekanntmachung vom 24. September 1998 (BGBl. I S. 3074; 2006 I S. 2095), der zuletzt durch Artikel 2 Nummer 1 des Gesetzes vom 9. November 2022 (BGBl. I S. 2009) geändert worden ist, verordnet das Bundesministerium für Wirtschaft und Klimaschutz im Einvernehmen mit dem Bundesministerium für Bildung und Forschung:</P></Content></text></textdaten></norm>
<norm builddate="20250731220002" doknr="BJNR01D0A0025BJNE000200000"><metadaten><jurabk>FotoAusbV 2025</jurabk><jurabk>FotoAusbV</jurabk><enbez>Inhaltsübersicht</enbez></metadaten><textdaten><text format="XML"><Content><TOC><Ident Class="S5">Abschnitt 1</Ident><P/><Title Align="auto" Class="S5">Gegenstand, Dauer und Gliederung der Berufsausbildung</Title><P/><table colsep="0" frame="none" pgwide="1" rowsep="0" tocentry="%yes;"><tgroup align="left" char="" charoff="50" cols="2"><colspec colname="col1" colwidth="10*"/><colspec colname="col2" colwidth="155*"/><tbody valign="top"><row><entry VJ="1" colname="col1">§ 1</entry><entry VJ="1" colname="col2">Staatliche Anerkennung des Ausbildungsberufes</entry></row><row><entry VJ="1" colname="col1">§ 2</entry><entry VJ="1" colname="col2">Dauer der Berufsausbildung</entry></row><row><entry VJ="1" colname="col1">§ 3</entry><entry VJ="1" colname="col2">Gegenstand der Berufsausbildung und Ausbildungsrahmenplan</entry></row><row><entry VJ="1" colname="col1">§ 4</entry><entry VJ="1" colname="col2">Struktur der Berufsausbildung, Ausbildungsberufsbild</entry></row><row><entry VJ="1" colname="col1">§ 5</entry><entry VJ="1" colname="col2">Ausbildungsplan</entry></row></tbody></tgroup></table><P/><Ident Class="S5">Abschnitt 2</Ident><P/><Title Align="auto" Class="S5">Zwischenprüfung</Title><P/><table colsep="0" frame="none" pgwide="1" rowsep="0" tocentry="%yes;"><tgroup align="left" char="" charoff="50" cols="2"><colspec colname="col1" colwidth="10*"/><colspec colname="col2" colwidth="155*"/><tbody valign="top"><row><entry VJ="1" colname="col1">§ 6</entry><entry VJ="1" colname="col2">Zeitpunkt</entry></row><row><entry VJ="1" colname="col1">§ 7</entry><entry VJ="1" colname="col2">Inhalt</entry></row><row><entry VJ="1" colname="col1">§ 8</entry><entry VJ="1" colname="col2">Prüfungsbereiche</entry></row><row><entry VJ="1" colname="col1">§ 9</entry><entry VJ="1" colname="col2">Prüfungsbereich „Gestaltungsgrundlagen anwenden, Fotoproduktionen planen und organisieren“</entry></row><row><entry VJ="1" colname="col1">§ 10</entry><entry VJ="1" colname="col2">Prüfungsbereich „Fotografien erstellen und optimieren“</entry></row></tbody></tgroup></table><P/><Ident Class="S5">Abschnitt 3</Ident><P/><Title Align="auto" Class="S5">Gesellenprüfung</Title><P/><table colsep="0" frame="none" pgwide="1" rowsep="0" tocentry="%yes;"><tgroup align="left" char="" charoff="50" cols="2"><colspec colname="col1" colwidth="10*"/><colspec colname="col2" colwidth="155*"/><tbody valign="top"><row><entry VJ="1" colname="col1">§ 11</entry><entry VJ="1" colname="col2">Zeitpunkt</entry></row><row><entry VJ="1" colname="col1">§ 12</entry><entry VJ="1" colname="col2">Inhalt</entry></row><row><entry VJ="1" colname="col1">§ 13</entry><entry VJ="1" colname="col2">Prüfungsbereiche</entry></row><row><entry VJ="1" colname="col1">§ 14</entry><entry VJ="1" colname="col2">Prüfungsbereich „Aufnahmen erstellen und optimieren“</entry></row><row><entry VJ="1" colname="col1">§ 15</entry><entry VJ="1" colname="col2">Prüfungsbereich „Personenaufnahmen sowie Sachaufnahmen erstellen“</entry></row><row><entry VJ="1" colname="col1">§ 16</entry><entry VJ="1" colname="col2">Prüfungsbereich „Wahlqualifikation“</entry></row><row><entry VJ="1" colname="col1">§ 17</entry><entry VJ="1" colname="col2">Prüfungsbereich „Fotografische Prozesse darstellen und analysieren“</entry></row><row><entry VJ="1" colname="col1">§ 18</entry><entry VJ="1" colname="col2">Prüfungsbereich „Wirtschafts- und Sozialkunde“</entry></row><row><entry VJ="1" colname="col1">§ 19</entry><entry VJ="1" colname="col2">Gewichtung der Prüfungsbereiche und Anforderungen für das Bestehen der Gesellenprüfung</entry></row><row><entry VJ="1" colname="col1">§ 20</entry><entry VJ="1" colname="col2">Mündliche Ergänzungsprüfung</entry></row></tbody></tgroup></table><P/><Ident Class="S5">Abschnitt 4</Ident><P/><Title Align="auto" Class="S5">Zusatzqualifikation</Title><P/><table colsep="0" frame="none" pgwide="1" rowsep="0" tocentry="%yes;"><tgroup align="left" char="" charoff="50" cols="2"><colspec colname="col1" colwidth="10*"/><colspec colname="col2" colwidth="155*"/><tbody valign="top"><row><entry VJ="1" colname="col1">§ 21</entry><entry VJ="1" colname="col2">Inhalt der Zusatzqualifikation</entry></row><row><entry VJ="1" colname="col1">§ 22</entry><entry VJ="1" colname="col2">Prüfung der Zusatzqualifikation</entry></row></tbody></tgroup></table><P/><Ident Class="S5">Abschnitt 5</Ident><P/><Title Align="auto" Class="S5">Schlussvorschrift</Title><P/><table colsep="0" frame="none" pgwide="1" rowsep="0" tocentry="%yes;"><tgroup align="left" char="" charoff="50" cols="2"><colspec colname="col1" colwidth="10*"/><colspec colname="col2" colwidth="155*"/><tbody valign="top"><row><entry VJ="1" colname="col1">§ 23</entry><entry VJ="1" colname="col2">Inkrafttreten, Außerkrafttreten</entry></row></tbody></tgroup></table><P/><table colsep="0" frame="none" pgwide="1" rowsep="0" tocentry="%yes;"><tgroup align="left" char="" charoff="50" cols="2"><colspec colname="col1" colwidth="12*"/><colspec colname="col2" colwidth="152*"/><tbody valign="top"><row><entry VJ="1" colname="col1">Anlage</entry><entry VJ="1" colname="col2">Ausbildungsrahmenplan für die Berufsausbildung zum Fotografen und zur Fotografin</entry></row></tbody></tgroup></table></TOC></Content></text></textdaten></norm>
<norm builddate="20250731220002" doknr="BJNR01D0A0025BJNG000100000"><metadaten><jurabk>FotoAusbV 2025</jurabk><jurabk>FotoAusbV</jurabk><gliederungseinheit><gliederungskennzahl>010</gliederungskennzahl><gliederungsbez>Abschnitt 1</gliederungsbez><gliederungstitel>Gegenstand, Dauer und Gliederung der Berufsausbildung</gliederungstitel></gliederungseinheit></metadaten><textdaten/></norm>
<norm builddate="20250731220002" doknr="BJNR01D0A0025BJNE000300000"><metadaten><jurabk>FotoAusbV 2025</jurabk><jurabk>FotoAusbV</jurabk><enbez>§ 1</enbez><titel format="XML">Staatliche Anerkennung des Ausbildungsberufes</titel></metadaten><textdaten><text format="XML"><Content><P>Der Ausbildungsberuf mit der Berufsbezeichnung des Fotografen und der Fotografin wird nach § 25 der Handwerksordnung zur Ausbildung für das Gewerbe nach Anlage B Abschnitt 1 Nummer 38 Fotograf der Handwerksordnung staatlich anerkannt.</P></Content></text></textdaten></norm>
<norm builddate="20250731220002" doknr="BJNR01D0A0025BJNE000400000"><metadaten><jurabk>FotoAusbV 2025</jurabk><jurabk>FotoAusbV</jurabk><enbez>§ 2</enbez><titel format="XML">Dauer der Berufsausbildung</titel></metadaten><textdaten><text format="XML"><Content><P>Die Berufsausbildung dauert drei Jahre.</P></Content></text></textdaten></norm>
<norm builddate="20250731220002" doknr="BJNR01D0A0025BJNE000500000"><metadaten><jurabk>FotoAusbV 2025</jurabk><jurabk>FotoAusbV</jurabk><enbez>§ 3</enbez><titel format="XML">Gegenstand der Berufsausbildung und Ausbildungsrahmenplan</titel></metadaten><textdaten><text format="XML"><Content><P>(1) Gegenstand der Berufsausbildung sind mindestens die im Ausbildungsrahmenplan (Anlage) genannten Fertigkeiten, Kenntnisse und Fähigkeiten.</P><P>(2) Von der Organisation der Berufsausbildung, wie sie im Ausbildungsrahmenplan vorgegeben ist, darf von den Ausbildenden abgewichen werden, wenn und soweit betriebspraktische Besonderheiten oder Gründe, die in der Person des oder der Auszubildenden liegen, die Abweichung erfordern.</P><P>(3) Die im Ausbildungsrahmenplan genannten Fertigkeiten, Kenntnisse und Fähigkeiten sollen von den Ausbildenden so vermittelt werden, dass die Auszubildenden die berufliche Handlungsfähigkeit nach § 1 Absatz 3 des Berufsbildungsgesetzes erlangen. Die berufliche Handlungsfähigkeit schließt insbesondere selbstständiges Planen, Durchführen und Kontrollieren bei der Ausübung der beruflichen Aufgaben ein.</P></Content></text></textdaten></norm>
<norm builddate="20250731220002" doknr="BJNR01D0A0025BJNE000600000"><metadaten><jurabk>FotoAusbV 2025</jurabk><jurabk>FotoAusbV</jurabk><enbez>§ 4</enbez><titel format="XML">Struktur der Berufsausbildung, Ausbildungsberufsbild</titel></metadaten><textdaten><text format="XML"><Content><P>(1) Die Berufsausbildung gliedert sich in: <DL Type="arabic"><DT>1.</DT><DD Font="normal"><LA>wahlqualifikationsübergreifende berufsprofilgebende Fertigkeiten, Kenntnisse und Fähigkeiten,</LA></DD><DT>2.</DT><DD Font="normal"><LA>berufsprofilgebende Fertigkeiten, Kenntnisse und Fähigkeiten in den Wahlqualifikationen der Auswahlliste mit einem zeitlichen Richtwert von 18 Wochen sowie</LA></DD><DT>3.</DT><DD Font="normal"><LA>wahlqualifikationsübergreifende, integrativ zu vermittelnde Fertigkeiten, Kenntnisse und Fähigkeiten.</LA></DD></DL>Die Fertigkeiten, Kenntnisse und Fähigkeiten sind in Berufsbildpositionen und Wahlqualifikationen als Teil des Ausbildungsberufsbildes gebündelt.</P><P>(2) Die Berufsbildpositionen der wahlqualifikationsübergreifenden berufsprofilgebenden Fertigkeiten, Kenntnisse und Fähigkeiten sind: <DL Type="arabic"><DT>1.</DT><DD Font="normal"><LA>Analysieren von Kundenbedarfen und Beraten von Kundinnen und Kunden,</LA></DD><DT>2.</DT><DD Font="normal"><LA>Erstellen von Bildkonzeptionen und Entwickeln von erzählenden Bildserien,</LA></DD><DT>3.</DT><DD Font="normal"><LA>Planen und Organisieren von Arbeitsprozessen und Projekten,</LA></DD><DT>4.</DT><DD Font="normal"><LA>Handhaben von Aufnahmegeräten,</LA></DD><DT>5.</DT><DD Font="normal"><LA>Einsetzen von Beleuchtung,</LA></DD><DT>6.</DT><DD Font="normal"><LA>kamerabasiertes Umsetzen von Bildkonzeptionen,</LA></DD><DT>7.</DT><DD Font="normal"><LA>softwaregestütztes Umsetzen von Bildkonzeptionen,</LA></DD><DT>8.</DT><DD Font="normal"><LA>Beurteilen von Bilddaten sowie Bearbeiten von Bilddaten,</LA></DD><DT>9.</DT><DD Font="normal"><LA>Ausgeben und Archivieren von Standbilddaten und Bewegtbilddaten und</LA></DD><DT>10.</DT><DD Font="normal"><LA>Anwenden von Instrumenten der kaufmännischen Steuerung.</LA></DD></DL></P><P>(3) Es ist eine der folgenden Wahlqualifikationen auszuwählen: <DL Type="arabic"><DT>1.</DT><DD Font="normal"><LA>Peoplefotografie,</LA></DD><DT>2.</DT><DD Font="normal"><LA>Produktfotografie,</LA></DD><DT>3.</DT><DD Font="normal"><LA>Architekturfotografie sowie Industriefotografie,</LA></DD><DT>4.</DT><DD Font="normal"><LA>Editorialfotografie sowie Bildredaktion,</LA></DD><DT>5.</DT><DD Font="normal"><LA>softwaregestützte Bildgenerierung oder</LA></DD><DT>6.</DT><DD Font="normal"><LA>analoge Fotografie.</LA></DD></DL>Bei Auswahl der Nummer 5 oder der Nummer 6 können Objekte nach den Nummern 1 bis 4 zugrunde gelegt werden.</P><P>(4) Die Berufsbildpositionen der wahlqualifikationsübergreifenden, integrativ zu vermittelnden Fertigkeiten, Kenntnisse und Fähigkeiten sind: <DL Type="arabic"><DT>1.</DT><DD Font="normal"><LA>Organisation des Ausbildungsbetriebes, Berufsbildung sowie Arbeits- und Tarifrecht,</LA></DD><DT>2.</DT><DD Font="normal"><LA>Sicherheit und Gesundheit bei der Arbeit,</LA></DD><DT>3.</DT><DD Font="normal"><LA>Umweltschutz und Nachhaltigkeit,</LA></DD><DT>4.</DT><DD Font="normal"><LA>digitalisierte Arbeitswelt,</LA></DD><DT>5.</DT><DD Font="normal"><LA>Fördern von Kommunikation und Kooperation und</LA></DD><DT>6.</DT><DD Font="normal"><LA>Einhalten rechtlicher Regelungen.</LA></DD></DL></P></Content></text></textdaten></norm>
<norm builddate="20250731220002" doknr="BJNR01D0A0025BJNE000700000"><metadaten><jurabk>FotoAusbV 2025</jurabk><jurabk>FotoAusbV</jurabk><enbez>§ 5</enbez><titel format="XML">Ausbildungsplan</titel></metadaten><textdaten><text format="XML"><Content><P>Die Ausbildenden haben spätestens zu Beginn der Ausbildung auf der Grundlage des Ausbildungsrahmenplans für jeden Auszubildenden und für jede Auszubildende einen Ausbildungsplan zu erstellen.</P></Content></text></textdaten></norm>
<norm builddate="20250731220002" doknr="BJNR01D0A0025BJNG000200000"><metadaten><jurabk>FotoAusbV 2025</jurabk><jurabk>FotoAusbV</jurabk><gliederungseinheit><gliederungskennzahl>020</gliederungskennzahl><gliederungsbez>Abschnitt 2</gliederungsbez><gliederungstitel>Zwischenprüfung</gliederungstitel></gliederungseinheit></metadaten><textdaten/></norm>
<norm builddate="20250731220002" doknr="BJNR01D0A0025BJNE000800000"><metadaten><jurabk>FotoAusbV 2025</jurabk><jurabk>FotoAusbV</jurabk><enbez>§ 6</enbez><titel format="XML">Zeitpunkt</titel></metadaten><textdaten><text format="XML"><Content><P>(1) Die Zwischenprüfung soll im vierten Ausbildungshalbjahr stattfinden.</P><P>(2) Den jeweiligen Zeitpunkt legt die zuständige Stelle fest.</P></Content></text></textdaten></norm>
<norm builddate="20250731220002" doknr="BJNR01D0A0025BJNE000900000"><metadaten><jurabk>FotoAusbV 2025</jurabk><jurabk>FotoAusbV</jurabk><enbez>§ 7</enbez><titel format="XML">Inhalt</titel></metadaten><textdaten><text format="XML"><Content><P>Die Zwischenprüfung erstreckt sich auf <DL Type="arabic"><DT>1.</DT><DD Font="normal"><LA>die im Ausbildungsrahmenplan für die ersten 18 Monate genannten Fertigkeiten, Kenntnisse und Fähigkeiten sowie</LA></DD><DT>2.</DT><DD Font="normal"><LA>den im Berufsschulunterricht zu vermittelnden Lehrstoff, soweit er den im Ausbildungsrahmenplan genannten Fertigkeiten, Kenntnissen und Fähigkeiten entspricht.</LA></DD></DL></P></Content></text></textdaten></norm>
<norm builddate="20250731220002" doknr="BJNR01D0A0025BJNE001000000"><metadaten><jurabk>FotoAusbV 2025</jurabk><jurabk>FotoAusbV</jurabk><enbez>§ 8</enbez><titel format="XML">Prüfungsbereiche</titel></metadaten><textdaten><text format="XML"><Content><P>Die Zwischenprüfung findet in den folgenden Prüfungsbereichen statt: <DL Type="arabic"><DT>1.</DT><DD Font="normal"><LA>„Gestaltungsgrundlagen anwenden, Fotoproduktionen planen und organisieren“ und</LA></DD><DT>2.</DT><DD Font="normal"><LA>„Fotografien erstellen und optimieren“.</LA></DD></DL></P></Content></text></textdaten></norm>
<norm builddate="20250731220002" doknr="BJNR01D0A0025BJNE001100000"><metadaten><jurabk>FotoAusbV 2025</jurabk><jurabk>FotoAusbV</jurabk><enbez>§ 9</enbez><titel format="XML">Prüfungsbereich „Gestaltungsgrundlagen anwenden, Fotoproduktionen planen und organisieren“</titel></metadaten><textdaten><text format="XML"><Content><P>(1) Im Prüfungsbereich „Gestaltungsgrundlagen anwenden, Fotoproduktionen planen und organisieren“ hat der Prüfling nachzuweisen, dass er in der Lage ist, <DL Type="arabic"><DT>1.</DT><DD Font="normal"><LA>Arbeitsprozesse zu organisieren und dabei Arbeitsschritte zu planen und die Auswahl der Arbeitsmittel zu begründen,</LA></DD><DT>2.</DT><DD Font="normal"><LA>Bilder und deren Wirkung sowie deren Aussage zu analysieren sowie den Einsatz von Gestaltungsmitteln zu begründen,</LA></DD><DT>3.</DT><DD Font="normal"><LA>gestalterische Grundlagen anzuwenden, um einen Aufnahmeentwurf zu beurteilen,</LA></DD><DT>4.</DT><DD Font="normal"><LA>den Einsatz von Kameratechnik sowie den Einsatz von Lichttechnik in Bezug auf ihre jeweilige Wirkung zu begründen,</LA></DD><DT>5.</DT><DD Font="normal"><LA>Bilddaten zu beurteilen,</LA></DD><DT>6.</DT><DD Font="normal"><LA>die auftragsbezogene Aufbereitung von Bilddaten zu beschreiben und</LA></DD><DT>7.</DT><DD Font="normal"><LA>Aspekte der Wirtschaftlichkeit, Aspekte der Nachhaltigkeit und Aspekte der Digitalisierung sowie die Sicherheit und den Gesundheitsschutz bei der Arbeit zu berücksichtigen.</LA></DD></DL></P><P>(2) Die Aufgaben müssen praxisbezogen sein. Der Prüfling hat die Aufgaben schriftlich zu bearbeiten.</P><P>(3) Die Prüfungszeit beträgt 120 Minuten.</P></Content></text></textdaten></norm>
<norm builddate="20250731220002" doknr="BJNR01D0A0025BJNE001200000"><metadaten><jurabk>FotoAusbV 2025</jurabk><jurabk>FotoAusbV</jurabk><enbez>§ 10</enbez><titel format="XML">Prüfungsbereich „Fotografien erstellen und optimieren“</titel></metadaten><textdaten><text format="XML"><Content><P>(1) Im Prüfungsbereich „Fotografien erstellen und optimieren“ hat der Prüfling nachzuweisen, dass er in der Lage ist, <DL Type="arabic"><DT>1.</DT><DD Font="normal"><LA>einen Fotoauftrag entsprechend eines Aufnahmeentwurfs kamerabasiert unter Verwendung von Beleuchtung umzusetzen,</LA></DD><DT>2.</DT><DD Font="normal"><LA>Gestaltungsmittel entsprechend dem vorgegebenen Kommunikationsziel einzusetzen sowie</LA></DD><DT>3.</DT><DD Font="normal"><LA>Bilddaten zu optimieren und zu retuschieren.</LA></DD></DL></P><P>(2) Der Prüfling hat eine Arbeitsaufgabe durchzuführen. Diese besteht aus einem schriftlichen Aufnahmeentwurf mit Planung der einzelnen Arbeitsschritte sowie der Realisierung eines Fotoauftrags und einem auftragsbezogenen Fachgespräch. Für den Aufnahmeentwurf erhält er vom Prüfungsausschuss eine thematische Vorgabe. Nach der Realisierung des Fotoauftrags wird mit ihm ein auftragsbezogenes Fachgespräch über die Arbeitsaufgabe geführt.</P><P>(3) Die Prüfungszeit beträgt insgesamt 170 Minuten. Für die Erstellung des schriftlichen Aufnahmeentwurfs mit Planung der einzelnen Arbeitsschritte hat der Prüfling 90 Minuten Zeit. Der Ausbildende hat zu bestätigen, dass der schriftliche Aufnahmeentwurf mit Planung der einzelnen Arbeitsschritte eigenständig im Betrieb durchgeführt worden ist. Der Prüfling hat dem Prüfungsausschuss den schriftlichen Aufnahmeentwurf mit Planung der einzelnen Arbeitsschritte spätestens fünf Arbeitstage nach Aushändigung der Aufgabenstellung vorzulegen. Für die Realisierung eines Fotoauftrags und das auftragsbezogene Fachgespräch hat der Prüfling 80 Minuten Zeit. Davon entfallen höchstens 20 Minuten auf das auftragsbezogene Fachgespräch.</P></Content></text></textdaten></norm>
<norm builddate="20250731220002" doknr="BJNR01D0A0025BJNG000300000"><metadaten><jurabk>FotoAusbV 2025</jurabk><jurabk>FotoAusbV</jurabk><gliederungseinheit><gliederungskennzahl>030</gliederungskennzahl><gliederungsbez>Abschnitt 3</gliederungsbez><gliederungstitel>Gesellenprüfung</gliederungstitel></gliederungseinheit></metadaten><textdaten/></norm>
<norm builddate="20250731220002" doknr="BJNR01D0A0025BJNE001300000"><metadaten><jurabk>FotoAusbV 2025</jurabk><jurabk>FotoAusbV</jurabk><enbez>§ 11</enbez><titel format="XML">Zeitpunkt</titel></metadaten><textdaten><text format="XML"><Content><P>(1) Die Gesellenprüfung findet am Ende der Berufsausbildung statt.</P><P>(2) Den Zeitpunkt legt die zuständige Stelle fest.</P></Content></text></textdaten></norm>
<norm builddate="20250731220002" doknr="BJNR01D0A0025BJNE001400000"><metadaten><jurabk>FotoAusbV 2025</jurabk><jurabk>FotoAusbV</jurabk><enbez>§ 12</enbez><titel format="XML">Inhalt</titel></metadaten><textdaten><text format="XML"><Content><P>Die Gesellenprüfung erstreckt sich auf <DL Type="arabic"><DT>1.</DT><DD Font="normal"><LA>die im Ausbildungsrahmenplan in der Anlage genannten Fertigkeiten, Kenntnisse und Fähigkeiten sowie</LA></DD><DT>2.</DT><DD Font="normal"><LA>den im Berufsschulunterricht zu vermittelnden Lehrstoff, soweit er den im Ausbildungsrahmenplan genannten Fertigkeiten, Kenntnissen und Fähigkeiten entspricht.</LA></DD></DL></P></Content></text></textdaten></norm>
<norm builddate="20250731220002" doknr="BJNR01D0A0025BJNE001500000"><metadaten><jurabk>FotoAusbV 2025</jurabk><jurabk>FotoAusbV</jurabk><enbez>§ 13</enbez><titel format="XML">Prüfungsbereiche</titel></metadaten><textdaten><text format="XML"><Content><P>Die Gesellenprüfung findet in den folgenden Prüfungsbereichen statt: <DL Type="arabic"><DT>1.</DT><DD Font="normal"><LA>„Aufnahmen erstellen und optimieren“,</LA></DD><DT>2.</DT><DD Font="normal"><LA>„Personenaufnahmen und Sachaufnahmen erstellen“,</LA></DD><DT>3.</DT><DD Font="normal"><LA>„Wahlqualifikation“,</LA></DD><DT>4.</DT><DD Font="normal"><LA>„Fotografische Prozesse darstellen und analysieren“ sowie</LA></DD><DT>5.</DT><DD Font="normal"><LA>„Wirtschafts- und Sozialkunde“.</LA></DD></DL></P></Content></text></textdaten></norm>
<norm builddate="20250731220002" doknr="BJNR01D0A0025BJNE001600000"><metadaten><jurabk>FotoAusbV 2025</jurabk><jurabk>FotoAusbV</jurabk><enbez>§ 14</enbez><titel format="XML">Prüfungsbereich „Aufnahmen erstellen und optimieren“</titel></metadaten><textdaten><text format="XML"><Content><P>(1) Im Prüfungsbereich „Aufnahmen erstellen und optimieren“ hat der Prüfling nachzuweisen, dass er in der Lage ist, <DL Type="arabic"><DT>1.</DT><DD Font="normal"><LA>einen Kundenauftrag hinsichtlich der Zielgruppe und des Kommunikationsziels zu analysieren,</LA></DD><DT>2.</DT><DD Font="normal"><LA>auf Grundlage der Analyse des Kundenauftrags Aufnahmen unter Verwendung von Beleuchtung und der Beachtung zielgruppenorientierter Gestaltung wie folgt zu erstellen: <DL Type="alpha"><DT>a)</DT><DD Font="normal"><LA>kamerabasiert,</LA></DD><DT>b)</DT><DD Font="normal"><LA>softwaregestützt oder</LA></DD><DT>c)</DT><DD Font="normal"><LA>kamerabasiert und softwaregestützt.</LA></DD></DL></LA></DD><DT>3.</DT><DD Font="normal"><LA>Gestaltungsmittel entsprechend der Zielgruppe und des Kommunikationsziels einzusetzen, die erstellten Bilddaten zu optimieren und zu bearbeiten.</LA></DD></DL></P><P>(2) Der Prüfling hat eine Arbeitsaufgabe durchzuführen. Diese besteht aus der Realisierung von Aufnahmen. Für die Arbeitsaufgabe erhält er vom Prüfungsausschuss eine thematische Vorgabe.</P><P>(3) Die Prüfungszeit beträgt insgesamt 110 Minuten. Für die Analyse des Kundenauftrags steht dem Prüfling eine Vorbereitungszeit von 20 Minuten zur Verfügung. Für die Realisierung von Aufnahmen hat der Prüfling 90 Minuten Zeit.</P></Content></text></textdaten></norm>
<norm builddate="20250731220002" doknr="BJNR01D0A0025BJNE001700000"><metadaten><jurabk>FotoAusbV 2025</jurabk><jurabk>FotoAusbV</jurabk><enbez>§ 15</enbez><titel format="XML">Prüfungsbereich „Personenaufnahmen sowie Sachaufnahmen erstellen“</titel></metadaten><textdaten><text format="XML"><Content><P>(1) Im Prüfungsbereich „Personenaufnahmen sowie Sachaufnahmen erstellen“ hat der Prüfling nachzuweisen, dass er in der Lage ist, <DL Type="arabic"><DT>1.</DT><DD Font="normal"><LA>einen Kundenauftrag gemäß eines Briefings bestehend aus Personendarstellungen und Sachdarstellungen zielgruppenorientiert zu analysieren, zu planen und zu kalkulieren,</LA></DD><DT>2.</DT><DD Font="normal"><LA>den Auftrag unter Einsatz von Kamera, Beleuchtung und gestalterischen Aspekten wie folgt umzusetzen: <DL Type="alpha"><DT>a)</DT><DD Font="normal"><LA>als Standbild,</LA></DD><DT>b)</DT><DD Font="normal"><LA>als Bewegtbild oder</LA></DD><DT>c)</DT><DD Font="normal"><LA>als Standbild sowie als Bewegtbild,</LA></DD></DL></LA></DD><DT>3.</DT><DD Font="normal"><LA>die Bildergebnisse zu optimieren und zu bearbeiten und diese auftragsbezogen auszugeben.</LA></DD></DL></P><P>(2) Der Prüfling hat ein Prüfungsstück zu erstellen. Das Prüfungsstück besteht aus der Erstellung von Personenaufnahmen sowie von Sachaufnahmen, der Ausgabe der Aufnahmen sowie der darauf bezogenen Kalkulation eines Kundenangebots.</P><P>(3) Die Prüfungszeit beträgt insgesamt 8 Stunden. Dabei entfallen 30 Minuten auf das Erstellen der Kalkulation und 7,5 Stunden auf das Umsetzen, Bearbeiten und Ausgeben des Auftrags.</P></Content></text></textdaten></norm>
<norm builddate="20250731220002" doknr="BJNR01D0A0025BJNE001800000"><metadaten><jurabk>FotoAusbV 2025</jurabk><jurabk>FotoAusbV</jurabk><enbez>§ 16</enbez><titel format="XML">Prüfungsbereich „Wahlqualifikation“</titel></metadaten><textdaten><text format="XML"><Content><P>(1) Im Prüfungsbereich „Wahlqualifikation“ hat der Prüfling nachzuweisen, dass er in der Lage ist, <DL Type="arabic"><DT>1.</DT><DD Font="normal"><LA>ein Konzept für eine Aufnahmeserie für einen Kundenauftrag zu erstellen,</LA></DD><DT>2.</DT><DD Font="normal"><LA>auf der Grundlage des Konzepts eine Aufnahmeserie unter Verwendung der Kameratechnik, Beleuchtung und Software umzusetzen,</LA></DD><DT>3.</DT><DD Font="normal"><LA>die an den Aufnahmen Beteiligten zu koordinieren,</LA></DD><DT>4.</DT><DD Font="normal"><LA>die Aufnahmeergebnisse zu optimieren und zu bearbeiten und</LA></DD><DT>5.</DT><DD Font="normal"><LA>die Aufnahmeergebnisse hinsichtlich ihrer Bildwirkung und ihrer Bildaussage zu begründen.</LA></DD></DL></P><P>(2) Unbeschadet des § 4 Absatz 3 Satz 2 hat der Prüfling ein Prüfungsstück in der gewählten Wahlqualifikation zu erstellen. Das Prüfungsstück besteht aus einer Bildkonzeption, der Erstellung der Aufnahmeserie sowie einer Präsentation der Aufnahmeserie und einem auftragsbezogenen Fachgespräch. Der Prüfling hat dem Prüfungsausschuss spätestens zehn Arbeitstage vor der Erstellung der Aufnahmeserie die Bildkonzeption für eine Aufnahmeserie zur Billigung vorzulegen. Die Bildkonzeption besteht aus: <DL Type="arabic"><DT>1.</DT><DD Font="normal"><LA>einer Analyse des Auftrags hinsichtlich des Auftraggebenden, der Zielgruppe und des Kommunikationsziels,</LA></DD><DT>2.</DT><DD Font="normal"><LA>einer daraus abgeleiteten Beschreibung der Bildidee,</LA></DD><DT>3.</DT><DD Font="normal"><LA>der Beschreibung der Bildgestaltung,</LA></DD><DT>4.</DT><DD Font="normal"><LA>der Planung der Umsetzung,</LA></DD><DT>5.</DT><DD Font="normal"><LA>der Erläuterung der technischen Realisierung und</LA></DD><DT>6.</DT><DD Font="normal"><LA>Scribbles und Lichtskizzen.</LA></DD></DL></P><P>(3) Die Prüfungszeit beträgt insgesamt 10 Stunden. Für die Erstellung der Bildkonzeption hat der Prüfling 90 Minuten Zeit. Für die Aufnahmeserie hat der Prüfling 8 Stunden Zeit. Der Ausbildende hat zu bestätigen, dass die Bildkonzeption und die Erstellung der Aufnahmeserie eigenständig durchgeführt worden sind. Für die Präsentation und das auftragsbezogene Fachgespräch hat der Prüfling 30 Minuten Zeit. Davon entfallen höchstens 15 Minuten auf das auftragsbezogene Fachgespräch.</P><P>(4) Die Bildkonzeption und das Ergebnis der Erstellung der Aufnahmeserie ist mit 75 Prozent und die Präsentation einschließlich des auftragsbezogenen Fachgesprächs mit 25 Prozent zu gewichten.</P></Content></text><fussnoten><Content><P>(+++ § 16: Zur Anwendung vgl. § 22 Abs. 2 +++)</P></Content></fussnoten></textdaten></norm>
<norm builddate="20250731220002" doknr="BJNR01D0A0025BJNE001900000"><metadaten><jurabk>FotoAusbV 2025</jurabk><jurabk>FotoAusbV</jurabk><enbez>§ 17</enbez><titel format="XML">Prüfungsbereich „Fotografische Prozesse darstellen und analysieren“</titel></metadaten><textdaten><text format="XML"><Content><P>(1) Im Prüfungsbereich „Fotografische Prozesse darstellen und analysieren“ hat der Prüfling nachzuweisen, dass er in der Lage ist, <DL Type="arabic"><DT>1.</DT><DD Font="normal"><LA>Kundengespräche auftragsbezogen vorzubereiten und auszuwerten, auch in englischer Sprache,</LA></DD><DT>2.</DT><DD Font="normal"><LA>Anwendung der Kommunikationsformen sowie Kommunikationsregeln zu beschreiben,</LA></DD><DT>3.</DT><DD Font="normal"><LA>Bildkonzepte kundenorientiert, auftragsorientiert, zielgruppenspezifisch sowie medienspezifisch zu planen sowie die Bildkonzepte und deren Planung zu begründen,</LA></DD><DT>4.</DT><DD Font="normal"><LA>Prinzipien der Gestaltung und der Wahrnehmung zu erläutern,</LA></DD><DT>5.</DT><DD Font="normal"><LA>medienrechtliche Vorschriften einzuhalten,</LA></DD><DT>6.</DT><DD Font="normal"><LA>Kamerasysteme, Aufnahmesysteme sowie Lichtsysteme zu beschreiben und ihre jeweiligen Einsatzmöglichkeiten zu begründen,</LA></DD><DT>7.</DT><DD Font="normal"><LA>Bilder unter Berücksichtigung der Ausgabekanäle sowohl gestalterisch als auch technisch zu beurteilen und Möglichkeiten der Optimierung zu beschreiben,</LA></DD><DT>8.</DT><DD Font="normal"><LA>Bildbearbeitungsprozesse, Bildausgabeprozesse und Bildarchivierung zu planen und</LA></DD><DT>9.</DT><DD Font="normal"><LA>Aspekte der Wirtschaftlichkeit, Aspekte der Nachhaltigkeit und Aspekte der Digitalisierung sowie die Sicherheit und den Gesundheitsschutz bei der Arbeit zu berücksichtigen.</LA></DD></DL></P><P>(2) Die Aufgaben müssen praxisbezogen sein. Der Prüfling hat die Aufgaben schriftlich zu bearbeiten.</P><P>(3) Die Prüfungszeit beträgt 240 Minuten.</P></Content></text></textdaten></norm>
<norm builddate="20250731220002" doknr="BJNR01D0A0025BJNE002000000"><metadaten><jurabk>FotoAusbV 2025</jurabk><jurabk>FotoAusbV</jurabk><enbez>§ 18</enbez><titel format="XML">Prüfungsbereich „Wirtschafts- und Sozialkunde“</titel></metadaten><textdaten><text format="XML"><Content><P>(1) Im Prüfungsbereich „Wirtschafts- und Sozialkunde“ hat der Prüfling nachzuweisen, dass er in der Lage ist, allgemeine wirtschaftliche und gesellschaftliche Zusammenhänge der Berufs- und Arbeitswelt darzustellen und zu beurteilen.</P><P>(2) Die Aufgaben müssen praxisbezogen sein. Der Prüfling hat die Aufgaben schriftlich zu bearbeiten.</P><P>(3) Die Prüfungszeit beträgt 60 Minuten.</P></Content></text></textdaten></norm>
<norm builddate="20250731220002" doknr="BJNR01D0A0025BJNE002100000"><metadaten><jurabk>FotoAusbV 2025</jurabk><jurabk>FotoAusbV</jurabk><enbez>§ 19</enbez><titel format="XML">Gewichtung der Prüfungsbereiche und Anforderungen für das Bestehen der Gesellenprüfung</titel></metadaten><textdaten><text format="XML"><Content><P>(1) Die Bewertungen der einzelnen Prüfungsbereiche sind wie folgt zu gewichten: <DL Type="arabic"><DT>1.</DT><DD Font="normal"><LA><!-- SPLIT UMBAU : [Text: „Aufnahmen erstellen und optimieren“][Element: <Split/>




][Text: mit 15 Prozent,]--><table colsep="0" frame="none" pgwide="1" rowsep="0"><tgroup cols="2"><colspec align="left" colname="leftSplit"/><colspec align="right" colname="rightSplit"/><tbody Class="Split"><row><entry colname="leftSplit">„Aufnahmen erstellen und optimieren“</entry><entry colname="rightSplit" valign="bottom">mit 15 Prozent,</entry></row></tbody></tgroup></table></LA></DD><DT>2.</DT><DD Font="normal"><LA><!-- SPLIT UMBAU : [Text: „Personenaufnahmen und Sachaufnahmen erstellen“][Element: <Split/>




][Text: mit 15 Prozent,]--><table colsep="0" frame="none" pgwide="1" rowsep="0"><tgroup cols="2"><colspec align="left" colname="leftSplit"/><colspec align="right" colname="rightSplit"/><tbody Class="Split"><row><entry colname="leftSplit">„Personenaufnahmen und Sachaufnahmen erstellen“</entry><entry colname="rightSplit" valign="bottom">mit 15 Prozent,</entry></row></tbody></tgroup></table></LA></DD><DT>3.</DT><DD Font="normal"><LA><!-- SPLIT UMBAU : [Text: „Wahlqualifikation“][Element: <Split/>




][Text: mit 30 Prozent,]--><table colsep="0" frame="none" pgwide="1" rowsep="0"><tgroup cols="2"><colspec align="left" colname="leftSplit"/><colspec align="right" colname="rightSplit"/><tbody Class="Split"><row><entry colname="leftSplit">„Wahlqualifikation“</entry><entry colname="rightSplit" valign="bottom">mit 30 Prozent,</entry></row></tbody></tgroup></table></LA></DD><DT>4.</DT><DD Font="normal"><LA><!-- SPLIT UMBAU : [Text: „Fotografische Prozesse darstellen und analysieren“][Element: <Split/>




][Text: mit 30 Prozent]--><table colsep="0" frame="none" pgwide="1" rowsep="0"><tgroup cols="2"><colspec align="left" colname="leftSplit"/><colspec align="right" colname="rightSplit"/><tbody Class="Split"><row><entry colname="leftSplit">„Fotografische Prozesse darstellen und analysieren“</entry><entry colname="rightSplit" valign="bottom">mit 30 Prozent</entry></row></tbody></tgroup></table></LA><LA>sowie</LA></DD><DT>5.</DT><DD Font="normal"><LA><!-- SPLIT UMBAU : [Text: „Wirtschafts- und Sozialkunde“][Element: <Split/>




][Text: mit 10 Prozent.]--><table colsep="0" frame="none" pgwide="1" rowsep="0"><tgroup cols="2"><colspec align="left" colname="leftSplit"/><colspec align="right" colname="rightSplit"/><tbody Class="Split"><row><entry colname="leftSplit">„Wirtschafts- und Sozialkunde“</entry><entry colname="rightSplit" valign="bottom">mit 10 Prozent.</entry></row></tbody></tgroup></table></LA></DD></DL></P><P>(2) Die Gesellenprüfung ist bestanden, wenn die Prüfungsleistungen – auch unter Berücksichtigung einer mündlichen Ergänzungsprüfung nach § 20 – wie folgt bewertet worden sind: <DL Type="arabic"><DT>1.</DT><DD Font="normal"><LA>im Gesamtergebnis mit mindestens „ausreichend“,</LA></DD><DT>2.</DT><DD Font="normal"><LA>in mindestens vier Prüfungsbereichen mit mindestens „ausreichend“ und</LA></DD><DT>3.</DT><DD Font="normal"><LA>in keinem Prüfungsbereich mit „ungenügend“.</LA></DD></DL>Über das Bestehen ist ein Beschluss nach § 35a Absatz 1 Nummer 3 der Handwerksordnung zu fassen.</P></Content></text></textdaten></norm>
<norm builddate="20250731220002" doknr="BJNR01D0A0025BJNE002200000"><metadaten><jurabk>FotoAusbV 2025</jurabk><jurabk>FotoAusbV</jurabk><enbez>§ 20</enbez><titel format="XML">Mündliche Ergänzungsprüfung</titel></metadaten><textdaten><text format="XML"><Content><P>(1) Der Prüfling kann in einem Prüfungsbereich eine mündliche Ergänzungsprüfung beantragen.</P><P>(2) Dem Antrag ist stattzugeben, <DL Type="arabic"><DT>1.</DT><DD Font="normal"><LA>wenn er für einen der folgenden Prüfungsbereiche gestellt worden ist: <DL Type="alpha"><DT>a)</DT><DD Font="normal"><LA>„Fotografische Prozesse darstellen und analysieren“ oder</LA></DD><DT>b)</DT><DD Font="normal"><LA>„Wirtschafts- und Sozialkunde“,</LA></DD></DL></LA></DD><DT>2.</DT><DD Font="normal"><LA>wenn der benannte Prüfungsbereich nach Nummer 1 Buchstabe a oder Buchstabe b schlechter als mit „ausreichend“ bewertet worden ist und</LA></DD><DT>3.</DT><DD Font="normal"><LA>wenn die mündliche Ergänzungsprüfung für das Bestehen der Gesellenprüfung den Ausschlag geben kann.</LA></DD></DL>Die mündliche Ergänzungsprüfung darf nur in dem Prüfungsbereich nach Satz 1 Nummer 1 Buchstabe a oder Buchstabe b durchgeführt werden.</P><P>(3) Die mündliche Ergänzungsprüfung soll 15 Minuten dauern.</P><P>(4) Bei der Ermittlung des Ergebnisses für den Prüfungsbereich sind das bisherige Ergebnis und das Ergebnis der mündlichen Ergänzungsprüfung im Verhältnis 2 : 1 zu gewichten.</P></Content></text></textdaten></norm>
<norm builddate="20250731220002" doknr="BJNR01D0A0025BJNG000400000"><metadaten><jurabk>FotoAusbV 2025</jurabk><jurabk>FotoAusbV</jurabk><gliederungseinheit><gliederungskennzahl>040</gliederungskennzahl><gliederungsbez>Abschnitt 4</gliederungsbez><gliederungstitel>Zusatzqualifikation</gliederungstitel></gliederungseinheit></metadaten><textdaten/></norm>
<norm builddate="20250731220002" doknr="BJNR01D0A0025BJNE002300000"><metadaten><jurabk>FotoAusbV 2025</jurabk><jurabk>FotoAusbV</jurabk><enbez>§ 21</enbez><titel format="XML">Inhalt der Zusatzqualifikation</titel></metadaten><textdaten><text format="XML"><Content><P>(1) Als Zusatzqualifikation kann die Ausbildung in einer weiteren Wahlqualifikation nach § 4 Absatz 3 vereinbart werden, die nicht im Rahmen der Berufsausbildung gewählt worden ist.</P><P>(2) Für die Vermittlung der Zusatzqualifikation ist die sachliche Gliederung der Anlage entsprechend anzuwenden.</P></Content></text></textdaten></norm>
<norm builddate="20250731220002" doknr="BJNR01D0A0025BJNE002400000"><metadaten><jurabk>FotoAusbV 2025</jurabk><jurabk>FotoAusbV</jurabk><enbez>§ 22</enbez><titel format="XML">Prüfung der Zusatzqualifikation</titel></metadaten><textdaten><text format="XML"><Content><P>(1) Die Zusatzqualifikation wird auf Antrag des Auszubildenden oder der Auszubildenden geprüft, wenn der Auszubildende oder die Auszubildende glaubhaft macht, dass ihm oder ihr die erforderlichen Fertigkeiten, Kenntnisse und Fähigkeiten vermittelt worden sind. Die Prüfung findet im zeitlichen Zusammenhang der Gesellenprüfung als gesonderte Prüfung statt.</P><P>(2) Für die Prüfung der Zusatzqualifikation ist § 16 entsprechend anzuwenden.</P><P>(3) Die Prüfung der Zusatzqualifikation ist bestanden, wenn die Prüfungsleistung mit mindestens „ausreichend“ bewertet worden ist.</P></Content></text></textdaten></norm>
<norm builddate="20250731220002" doknr="BJNR01D0A0025BJNG000500000"><metadaten><jurabk>FotoAusbV 2025</jurabk><jurabk>FotoAusbV</jurabk><gliederungseinheit><gliederungskennzahl>050</gliederungskennzahl><gliederungsbez>Abschnitt 5</gliederungsbez><gliederungstitel>Schlussvorschrift</gliederungstitel></gliederungseinheit></metadaten><textdaten/></norm>
<norm builddate="20250731220002" doknr="BJNR01D0A0025BJNE002500000"><metadaten><jurabk>FotoAusbV 2025</jurabk><jurabk>FotoAusbV</jurabk><enbez>§ 23</enbez><titel format="XML">Inkrafttreten, Außerkrafttreten</titel></metadaten><textdaten><text format="XML"><Content><P>Diese Verordnung tritt am 1. August 2025 in Kraft. Gleichzeitig tritt die Fotografiergewerbe-Ausbildungsverordnung vom 12. Mai 2009 (BGBl. I S. 1051) außer Kraft.</P></Content></text></textdaten></norm>
<norm builddate="20250731220002" doknr="BJNR01D0A0025BJNE002600000"><metadaten><jurabk>FotoAusbV 2025</jurabk><jurabk>FotoAusbV</jurabk><enbez>Anlage</enbez><titel format="XML">(zu § 3 Absatz 1)<BR/>Ausbildungsrahmenplan für die Berufsausbildung zum Fotografen und zur Fotografin</titel></metadaten><textdaten><text format="XML"><Content><P><noindex><kommentar typ="Fundstelle">(Fundstelle: BGBl. 2025 I Nr. 29, S. 9 - 16)</kommentar></noindex></P><P/><table frame="all" tocentry="%yes;"><Title Align="left" Class="S1"><B>Abschnitt A: wahlqualifikationsübergreifende berufsprofilgebende Fertigkeiten, Kenntnisse und Fähigkeiten</B></Title><tgroup align="left" char="" charoff="50" cols="5" colsep="1" rowsep="1"><colspec align="center" colname="col1" colnum="1" colwidth=".75*"/><colspec colname="col2" colnum="2" colwidth="4.3*"/><colspec colname="col3" colnum="3" colwidth="8.5*"/><colspec colname="col4" colnum="4" colwidth="1.5*"/><colspec colname="col5" colnum="5" colwidth="1.5*"/><thead valign="bottom"><row><entry VJ="1" align="center" colname="col1" morerows="1" valign="middle">Lfd.<BR/> Nr.</entry><entry VJ="1" align="center" colname="col2" morerows="1" valign="middle">Berufsbildpositionen</entry><entry VJ="1" align="center" colname="col3" morerows="1" valign="middle">Fertigkeiten, Kenntnisse und Fähigkeiten</entry><entry VJ="1" align="center" nameend="col5" namest="col4" valign="middle">Zeitliche Richtwerte<BR/> in Wochen im</entry></row><row><entry VJ="1" align="center" colname="col4" valign="middle">1. bis 18.<BR/> Monat</entry><entry VJ="1" align="center" colname="col5" valign="middle">19. bis 36.<BR/> Monat</entry></row><row><entry VJ="1" align="center" colname="col1" valign="middle">1</entry><entry VJ="1" align="center" colname="col2" valign="middle">2</entry><entry VJ="1" align="center" colname="col3" valign="middle">3</entry><entry VJ="1" align="center" nameend="col5" namest="col4" valign="middle">4</entry></row></thead><tbody valign="top"><row><entry VJ="1" colname="col1">1</entry><entry VJ="1" colname="col2">Analysieren von Kundenbedarfen und Beraten von Kundinnen und Kunden<BR/> (§ 4 Absatz 2 Nummer 1)</entry><entry VJ="1" colname="col3"><DL Font="normal" Indent="5.5" Type="alpha"><DT>a)</DT><DD Font="normal"><LA Size="normal">Kundengespräche unter Beachtung der gegebenen Rahmenbedingungen und interessenspezifischen Anforderungen der Kundinnen und Kunden vorbereiten</LA></DD><DT>b)</DT><DD Font="normal"><LA Size="normal">Kommunikationsziele des Auftrags, insbesondere Corporate Identity, Zielgruppen und jeweilige Botschaft, ermitteln und analysieren</LA></DD><DT>c)</DT><DD Font="normal"><LA Size="normal">Entwürfe erstellen, visualisieren und präsentieren</LA></DD><DT>d)</DT><DD Font="normal"><LA Size="normal">kundengerechte Lösungen anbieten, erläutern und Alternativen aufzeigen, dabei jeweils rechtliche Regelungen erläutern</LA></DD><DT>e)</DT><DD Font="normal"><LA Size="normal">Ergebnisse der Kundengespräche internen und externen Beteiligten rückmelden und dokumentieren</LA></DD></DL></entry><entry VJ="1" align="center" colname="col4" valign="middle"/><entry VJ="1" align="center" colname="col5" valign="middle">8</entry></row><row><entry VJ="1" colname="col1" rowsep="0">2</entry><entry VJ="1" colname="col2" rowsep="0">Erstellen von Bildkonzeptionen und Entwickeln von erzählenden Bildserien<BR/> (§ 4 Absatz 2 Nummer 2)</entry><entry VJ="1" colname="col3"><DL Font="normal" Indent="5.5" Type="alpha"><DT>a)</DT><DD Font="normal"><LA Size="normal">Standbildmaterial sowie Bewegtbildmaterial und deren Wirkung sowie deren Aussage analysieren, dabei Bildquellen berücksichtigen und bewerten</LA></DD><DT>b)</DT><DD Font="normal"><LA Size="normal">Gestaltungsmittel, insbesondere Figur-Grund-Beziehungen, grafische Elemente, Bildformate, Beleuchtung, Farbe, Schärfe, Perspektive, Räumlichkeit und Kontraste, auswählen und einsetzen</LA></DD><DT>c)</DT><DD Font="normal"><LA Size="normal">Gestaltungsmittel entsprechend der Kommunikationsziele anpassen und in eine Bildsprache umsetzen, dabei die Grundlagen der Wahrnehmung und der Bildkommunikation berücksichtigen</LA></DD><DT>d)</DT><DD Font="normal"><LA Size="normal">Zielgruppen und Rahmenbedingungen unter Berücksichtigung der Kommunikationsziele recherchieren</LA></DD><DT>e)</DT><DD Font="normal"><LA Size="normal">Kreativitätstechniken zur Ideenfindung anwenden</LA></DD><DT>f)</DT><DD Font="normal"><LA Size="normal">wirtschaftliche Rahmenbedingungen prüfen</LA></DD><DT>g)</DT><DD Font="normal"><LA Size="normal">Bildmaterial auswählen und einsetzen, dabei Besonderheiten der Ausgabekanäle und ihre spezifischen Eigenschaften berücksichtigen</LA></DD><DT>h)</DT><DD Font="normal"><LA Size="normal">Bildkonzepte, einschließlich Scribbles, Lichtskizzen und Moodboards, erstellen, präsentieren und dokumentieren</LA></DD></DL></entry><entry VJ="1" align="center" colname="col4" valign="middle">18</entry><entry VJ="1" align="center" colname="col5" valign="middle"/></row><row><entry VJ="1" colname="col1"/><entry VJ="1" colname="col2"/><entry VJ="1" colname="col3"><DL Font="normal" Indent="5.5" Type="alpha"><DT>i)</DT><DD Font="normal"><LA Size="normal">individuelle Methoden des Storytelling entwickeln, dabei erzählend Botschaften medienübergreifend kommunizieren, mit visuellen und audiovisuellen Methoden Emotionen wecken, Bildserien editieren und präsentieren</LA></DD></DL></entry><entry VJ="1" colname="col4"/><entry VJ="1" align="center" colname="col5" valign="middle">6</entry></row><row rowsep="0"><entry VJ="1" colname="col1">3</entry><entry VJ="1" colname="col2">Planen und Organisieren von Arbeitsprozessen und von Projekten<BR/> (§ 4 Absatz 2 Nummer 3)</entry><entry VJ="1" colname="col3"><DL Font="normal" Indent="5.5" Type="alpha"><DT>a)</DT><DD Font="normal"><LA Size="normal">Auftragsunterlagen entsprechend der Auftragsbeschreibung auf Vollständigkeit prüfen</LA></DD><DT>b)</DT><DD Font="normal"><LA Size="normal">medienspezifische Besonderheiten in Planungs- und Organisationsprozessen berücksichtigen</LA></DD><DT>c)</DT><DD Font="normal"><LA Size="normal">Umsetzbarkeit des Auftrags prüfen sowie bei Bedarf Lösungsschritte vorschlagen und einleiten</LA></DD></DL></entry><entry VJ="1" align="center" colname="col4" valign="middle"/><entry VJ="1" align="center" colname="col5" valign="middle"/></row><row><entry VJ="1" colname="col1" rowsep="0"/><entry VJ="1" colname="col2" rowsep="0"/><entry VJ="1" colname="col3"><DL Font="normal" Indent="5.5" Type="alpha"><DT>d)</DT><DD Font="normal"><LA Size="normal">erforderliche Genehmigungen für Aufnahmeorte, Aufnahmesituationen und abzubildende Personen einholen</LA></DD><DT>e)</DT><DD Font="normal"><LA Size="normal">Teilaufgaben für den Arbeitsprozess definieren und deren Umsetzung überprüfen sowie mit internen und externen Beteiligten koordinieren</LA></DD><DT>f)</DT><DD Font="normal"><LA Size="normal">Aufgaben im Team und mit Dienstleistenden planen, abstimmen und bearbeiten</LA></DD><DT>g)</DT><DD Font="normal"><LA Size="normal">Termine strukturieren, planen und kontrollieren</LA></DD><DT>h)</DT><DD Font="normal"><LA Size="normal">Arbeitsanweisungen erstellen und Arbeitsabläufe dokumentieren</LA></DD><DT>i)</DT><DD Font="normal"><LA Size="normal">Auftragsmanagement während des gesamten Arbeitsprozesses berücksichtigen</LA></DD><DT>j)</DT><DD Font="normal"><LA Size="normal">Datenorganisation planen und Daten auftragsspezifisch strukturieren</LA></DD><DT>k)</DT><DD Font="normal"><LA Size="normal">Ergebnisse von Arbeitsprozessen überprüfen und bei Bedarf Maßnahmen zur Korrektur einleiten</LA></DD><DT>l)</DT><DD Font="normal"><LA Size="normal">Materiallisten erstellen sowie Geräte, Requisiten und Hilfsmittel vorbereiten und für externe Aufnahmeorte verpacken</LA></DD></DL></entry><entry VJ="1" align="center" colname="col4" valign="middle">4<BR/></entry><entry VJ="1" align="center" colname="col5" valign="middle"/></row><row><entry VJ="1" colname="col1"/><entry VJ="1" colname="col2"/><entry VJ="1" colname="col3"><DL Font="normal" Indent="5.5" Type="alpha"><DT>m)</DT><DD Font="normal"><LA Size="normal">Projekte organisieren, durchführen und dokumentieren</LA></DD></DL></entry><entry VJ="1" align="center" colname="col4" valign="middle"/><entry VJ="1" align="center" colname="col5" valign="middle">4</entry></row><row><entry VJ="1" colname="col1" rowsep="0">4</entry><entry VJ="1" colname="col2" rowsep="0">Handhaben von Aufnahmegeräten<BR/> (§ 4 Absatz 2 Nummer 4)</entry><entry VJ="1" colname="col3"><DL Font="normal" Indent="5.5" Type="alpha"><DT>a)</DT><DD Font="normal"><LA Size="normal">Kamerasysteme und Bilderfassungssysteme sowie Objektive für Standbild und Bewegtbild auftragsbezogen auswählen und einsetzen</LA></DD><DT>b)</DT><DD Font="normal"><LA Size="normal">Kamerazubehör und technische Hilfsmittel jeweils auswählen und einsetzen</LA></DD><DT>c)</DT><DD Font="normal"><LA Size="normal">fotografische Reproduktionen durchführen</LA></DD></DL></entry><entry VJ="1" align="center" colname="col4" valign="middle">8</entry><entry VJ="1" align="center" colname="col5" valign="middle"/></row><row><entry VJ="1" colname="col1"/><entry VJ="1" colname="col2"/><entry VJ="1" colname="col3"><DL Font="normal" Indent="5.5" Type="alpha"><DT>d)</DT><DD Font="normal"><LA Size="normal">in Ebenen verstellbare Kamerasysteme und Objektivsysteme anwenden</LA></DD></DL></entry><entry VJ="1" align="center" colname="col4" valign="middle"/><entry VJ="1" align="center" colname="col5" valign="middle">4</entry></row><row><entry VJ="1" colname="col1" rowsep="0">5</entry><entry VJ="1" colname="col2" rowsep="0">Einsetzen von Beleuchtung<BR/> (§ 4 Absatz 2 Nummer 5)</entry><entry VJ="1" colname="col3"><DL Font="normal" Indent="5.5" Type="alpha"><DT>a)</DT><DD Font="normal"><LA Size="normal">unterschiedliche Beleuchtungsarten, insbesondere Dauerlicht, natürliches Licht, Blitzanlagen, Lichtformer und Zusatzgeräte, auswählen und einsetzen</LA></DD><DT>b)</DT><DD Font="normal"><LA Size="normal">Messinstrumente zur Bestimmung von lichtphysikalischen Eigenschaften, insbesondere Intensität, Motivkontrast und Lichtspektrum, verwenden und Ergebnisse aus den Messungen bewerten</LA></DD><DT>c)</DT><DD Font="normal"><LA Size="normal">Geräte zur Beleuchtung prüfen und pflegen</LA></DD><DT>d)</DT><DD Font="normal"><LA Size="normal">Steuerung und Synchronisierung von Beleuchtungseinrichtungen auftragsbezogen einsetzen</LA></DD></DL></entry><entry VJ="1" align="center" colname="col4" valign="middle">10</entry><entry VJ="1" align="center" colname="col5" valign="middle"/></row><row><entry VJ="1" colname="col1"/><entry VJ="1" colname="col2"/><entry VJ="1" colname="col3"><DL Font="normal" Indent="5.5" Type="alpha"><DT>e)</DT><DD Font="normal"><LA Size="normal">Lichtführung, insbesondere zur Darstellung von Emotionen, Form, Farbe, Kontrast, Oberflächen- und Materialwiedergabe, auftragsbezogen einsetzen</LA></DD><DT>f)</DT><DD Font="normal"><LA Size="normal">Lichtsituationen analysieren und übertragen, Mischlichtsituationen bestimmen und bei Bedarf ausgleichen</LA></DD></DL></entry><entry VJ="1" align="center" colname="col4" valign="middle"/><entry VJ="1" align="center" colname="col5" valign="middle">4</entry></row><row><entry VJ="1" colname="col1" rowsep="0">6</entry><entry VJ="1" colname="col2" rowsep="0">kamerabasiertes Umsetzen von Bildkonzeptionen<BR/> (§ 4 Absatz 2 Nummer 6)</entry><entry VJ="1" colname="col3"><DL Font="normal" Indent="5.5" Type="alpha"><DT>a)</DT><DD Font="normal"><LA Size="normal">Aufnahmeverfahren, insbesondere Standbild und Bewegtbild, auswählen</LA></DD><DT>b)</DT><DD Font="normal"><LA Size="normal">Hilfsmittel, insbesondere Hintergründe, Untergründe und Requisiten, beschaffen</LA></DD><DT>c)</DT><DD Font="normal"><LA Size="normal">Aufnahmesets, insbesondere Kamera und Beleuchtungstechnik, einrichten sowie Personen und Objekte positionieren und Aufnahmestandpunkte festlegen</LA></DD></DL></entry><entry VJ="1" align="center" colname="col4" valign="middle">12</entry><entry VJ="1" align="center" colname="col5" valign="middle"/></row><row><entry VJ="1" colname="col1"/><entry VJ="1" colname="col2"/><entry VJ="1" colname="col3"><DL Font="normal" Indent="5.5" Type="alpha"><DT>d)</DT><DD Font="normal"><LA Size="normal">Bildregie übernehmen</LA></DD><DT>e)</DT><DD Font="normal"><LA Size="normal">Aufnahmeprozesse für Standbildaufnahmen, für Bewegtbildaufnahmen und für Tonaufnahmen durchführen, dabei spezifische Merkmale, insbesondere von Portrait-, People-, Editorial-, Reportage-,<NB>Werbe-,</NB> Produkt-, Architektur- und Industrieaufnahmen, beachten</LA></DD><DT>f)</DT><DD Font="normal"><LA Size="normal">Ergebnisse der Aufnahmeprozesse, insbesondere in Bezug auf Schärfe, Kontrastumfang, Farbton und Farbsättigung, beurteilen und optimieren</LA></DD></DL></entry><entry VJ="1" align="center" colname="col4" valign="middle"/><entry VJ="1" align="center" colname="col5" valign="middle">8</entry></row><row><entry VJ="1" colname="col1" morerows="1">7</entry><entry VJ="1" colname="col2" morerows="1">softwaregestütztes Umsetzen von Bildkonzeptionen<BR/> (§ 4 Absatz 2 Nummer 7)</entry><entry VJ="1" colname="col3"><DL Font="normal" Indent="5.5" Type="alpha"><DT>a)</DT><DD Font="normal"><LA Size="normal">generative Möglichkeiten der Bilderstellung beurteilen und nutzen</LA></DD></DL></entry><entry VJ="1" align="center" colname="col4" valign="middle">10</entry><entry VJ="1" align="center" colname="col5" valign="middle"/></row><row><entry VJ="1" colname="col3"><DL Font="normal" Indent="5.5" Type="alpha"><DT>b)</DT><DD Font="normal"><LA Size="normal">softwaregestützt Standbilder und Bewegtbilder erzeugen und zur Weiterverarbeitung vorbereiten, dabei jeweils insbesondere 3D-Daten übernehmen, grundlegende Modellierungen vornehmen, Texturen erstellen und anwenden, Beleuchtung und Kamera einsetzen, Parameter für das Rendering festlegen und Rendering durchführen</LA></DD><DT>c)</DT><DD Font="normal"><LA Size="normal">Objekte dreidimensional erfassen und für die Visualisierung verarbeiten</LA></DD><DT>d)</DT><DD Font="normal"><LA Size="normal">Ergebnisse der erzeugten Standbilder und Bewegtbilder beurteilen und optimieren</LA></DD></DL></entry><entry VJ="1" align="center" colname="col4" valign="middle"/><entry VJ="1" align="center" colname="col5" valign="middle">8</entry></row><row><entry VJ="1" colname="col1" rowsep="0">8</entry><entry VJ="1" colname="col2" rowsep="0">Beurteilen von Bilddaten sowie Bearbeiten von Bilddaten<BR/> (§ 4 Absatz 2 Nummer 8)</entry><entry VJ="1" colname="col3"><DL Font="normal" Indent="5.5" Type="alpha"><DT>a)</DT><DD Font="normal"><LA Size="normal">Bilddaten in auftragsbezogene Dateiformate übertragen</LA></DD><DT>b)</DT><DD Font="normal"><LA Size="normal">automatisierte Bearbeitung festlegen, ausführen und dokumentieren</LA></DD><DT>c)</DT><DD Font="normal"><LA Size="normal">Bildoptimierungen vornehmen und Retuschen durchführen</LA></DD></DL></entry><entry VJ="1" align="center" colname="col4" valign="middle">6</entry><entry VJ="1" align="center" colname="col5" valign="middle"/></row><row rowsep="0"><entry VJ="1" colname="col1"/><entry VJ="1" colname="col2"/><entry VJ="1" colname="col3"><DL Font="normal" Indent="5.5" Type="alpha"><DT>d)</DT><DD Font="normal"><LA Size="normal">Bilddaten entsprechend der Bildkonzeption inhaltlich, gestalterisch und technisch prüfen</LA></DD><DT>e)</DT><DD Font="normal"><LA Size="normal">Farbmanagement anwenden</LA></DD><DT>f)</DT><DD Font="normal"><LA Size="normal">Bildauswahl und Bildbearbeitung in Abstimmung mit Mitarbeitenden und Dienstleistenden für den weiteren Workflow nach wirtschaftlichen und gestalterischen Aspekten festlegen</LA></DD><DT>g)</DT><DD Font="normal"><LA Size="normal">Zwischenergebnisse mit Kundinnen und Kunden abstimmen sowie Korrekturen mit internen und externen Beteiligten kommunizieren</LA></DD><DT>h)</DT><DD Font="normal"><LA Size="normal">Möglichkeiten der generativen Technologien berücksichtigen und auftragsbezogen einsetzen</LA></DD><DT>i)</DT><DD Font="normal"><LA Size="normal">Bildcomposing durchführen, dabei Bildteile unter Berücksichtigung von Licht, Farbe, Perspektive, Form und gestalterischen Gesichtspunkten zusammenfügen, arrangieren und optimieren</LA></DD></DL></entry><entry VJ="1" align="center" colname="col4" valign="middle"/><entry VJ="1" align="center" colname="col5" valign="middle"><BR/> 4</entry></row><row><entry VJ="1" colname="col1"/><entry VJ="1" colname="col2"/><entry VJ="1" colname="col3"><DL Font="normal" Indent="5.5" Type="alpha"><DT>j)</DT><DD Font="normal"><LA Size="normal">audiovisuelles Bildmaterial nach Verwendungszweck unter Berücksichtigung technischer und farbgestalterischer Kriterien übernehmen, bearbeiten und schneiden</LA></DD><DT>k)</DT><DD Font="normal"><LA Size="normal">Bilddaten nach Grundsätzen des Qualitätsmanagements prüfen und übergeben</LA></DD></DL></entry><entry VJ="1" align="center" colname="col4" valign="middle"/><entry VJ="1" align="center" colname="col5" valign="middle"/></row><row><entry VJ="1" colname="col1" morerows="1">9</entry><entry VJ="1" colname="col2" morerows="1">Ausgeben und Archivieren von Standbilddaten und Bewegtbilddaten<BR/> (§ 4 Absatz 2 Nummer 9)</entry><entry VJ="1" colname="col3"><DL Font="normal" Indent="5.5" Type="alpha"><DT>a)</DT><DD Font="normal"><LA Size="normal">Systeme zur Archivierung und Dateibenennung nutzen</LA></DD></DL></entry><entry VJ="1" align="center" colname="col4" valign="middle">4</entry><entry VJ="1" align="center" colname="col5" valign="middle"/></row><row><entry VJ="1" colname="col3"><DL Font="normal" Indent="5.5" Type="alpha"><DT>b)</DT><DD Font="normal"><LA Size="normal">Systematik zur Dateibenennung entwickeln und dokumentieren</LA></DD><DT>c)</DT><DD Font="normal"><LA Size="normal">Archivierungskonzepte unter Berücksichtigung von Redundanz, Datensicherheit, Metadaten und Langzeithaltbarkeit erstellen</LA></DD><DT>d)</DT><DD Font="normal"><LA Size="normal">Bild- und Tonmaterial für verschiedene Ausgabekanäle entsprechend der auftragsbezogenen Spezifikationen exportieren</LA></DD></DL></entry><entry VJ="1" align="center" colname="col4" valign="middle"/><entry VJ="1" align="center" colname="col5" valign="middle">4</entry></row><row><entry VJ="1" colname="col1">10</entry><entry VJ="1" colname="col2">Anwenden von Instrumenten der kaufmännischen Steuerung<BR/> (§ 4 Absatz 2 Nummer 10)</entry><entry VJ="1" colname="col3"><DL Font="normal" Indent="5.5" Type="alpha"><DT>a)</DT><DD Font="normal"><LA Size="normal">Angebotskalkulationen anhand von Stundensätzen und Honoraren für Nutzungsrechte erstellen</LA></DD><DT>b)</DT><DD Font="normal"><LA Size="normal">Rechnungen auf Basis von Leistungsdaten vorbereiten</LA></DD><DT>c)</DT><DD Font="normal"><LA Size="normal">Vorschläge zur Optimierung von Betriebsprozessen unterbreiten</LA></DD><DT>d)</DT><DD Font="normal"><LA Size="normal">Kundenmanagementsysteme nutzen</LA></DD></DL></entry><entry VJ="1" align="center" colname="col4" valign="middle"/><entry VJ="1" align="center" colname="col5" valign="middle">4</entry></row></tbody></tgroup></table><P/><table frame="all" tocentry="%yes;"><Title Align="left" Class="S1"><B>Abschnitt B: berufsprofilgebende Fertigkeiten, Kenntnisse und Fähigkeiten in den Wahlqualifikationen</B></Title><tgroup align="left" char="" charoff="50" cols="5" colsep="1" rowsep="1"><colspec align="center" colname="col1" colnum="1" colwidth=".75*"/><colspec colname="col2" colnum="2" colwidth="4.3*"/><colspec colname="col3" colnum="3" colwidth="8.5*"/><colspec colname="col4" colnum="4" colwidth="1.5*"/><colspec colname="col5" colnum="5" colwidth="1.5*"/><thead valign="bottom"><row><entry VJ="1" align="center" colname="col1" morerows="1" valign="middle">Lfd.<BR/> Nr.</entry><entry VJ="1" align="center" colname="col2" morerows="1" valign="middle">Wahlqualifikationen</entry><entry VJ="1" align="center" colname="col3" morerows="1" valign="middle">Fertigkeiten, Kenntnisse und Fähigkeiten</entry><entry VJ="1" align="center" nameend="col5" namest="col4" valign="middle">Zeitliche Richtwerte<BR/> in Wochen im</entry></row><row><entry VJ="1" align="center" colname="col4" valign="middle">1. bis 18.<BR/> Monat</entry><entry VJ="1" align="center" colname="col5" valign="middle">19. bis 36.<BR/> Monat</entry></row><row><entry VJ="1" align="center" colname="col1" valign="middle">1</entry><entry VJ="1" align="center" colname="col2" valign="middle">2</entry><entry VJ="1" align="center" colname="col3" valign="middle">3</entry><entry VJ="1" align="center" nameend="col5" namest="col4" valign="middle">4</entry></row></thead><tbody valign="top"><row><entry VJ="1" colname="col1">1</entry><entry VJ="1" colname="col2">Peoplefotografie<BR/> (§ 4 Absatz 3 Nummer 1)</entry><entry VJ="1" colname="col3"><DL Font="normal" Indent="5.5" Type="alpha"><DT>a)</DT><DD Font="normal"><LA Size="normal">Briefing, insbesondere Abstimmung des Zeitplans und der Motivliste, mit den Kundinnen und Kunden erarbeiten</LA></DD><DT>b)</DT><DD Font="normal"><LA Size="normal">zu fotografierende Personen unter Berücksichtigung ihrer Gesamterscheinung, ästhetischer Aspekte sowie modischer Trends beraten</LA></DD><DT>c)</DT><DD Font="normal"><LA Size="normal">zu fotografierende Personen und Bereiche sowie Aufnahmesituationen vorbereiten sowie interne und externe Beteiligte koordinieren</LA></DD><DT>d)</DT><DD Font="normal"><LA Size="normal">Aufnahmestandpunkte entsprechend der Lichtsituation, der beabsichtigten Bildstimmung und Bildaussage festlegen</LA></DD><DT>e)</DT><DD Font="normal"><LA Size="normal">Kamera und Beleuchtung einrichten, dabei Kombination mit vorhandenem Licht und Bildwirkung berücksichtigen</LA></DD><DT>f)</DT><DD Font="normal"><LA Size="normal">zu fotografierende Personen unter Berücksichtigung der geplanten Bildwirkung anleiten</LA></DD><DT>g)</DT><DD Font="normal"><LA Size="normal">Bildergebnisse mit den Vorgaben aus dem Briefing abgleichen und bei Bedarf optimieren</LA></DD></DL></entry><entry VJ="1" align="center" colname="col4" valign="middle"/><entry VJ="1" align="center" colname="col5" valign="middle">18</entry></row><row><entry VJ="1" colname="col1">2</entry><entry VJ="1" colname="col2">Produktfotografie<BR/> (§ 4 Absatz 3 Nummer 2)</entry><entry VJ="1" colname="col3"><DL Font="normal" Indent="5.5" Type="alpha"><DT>a)</DT><DD Font="normal"><LA Size="normal">Briefing, insbesondere Abstimmung des Zeitplans und der Motivliste, mit den Kundinnen und Kunden erarbeiten</LA></DD><DT>b)</DT><DD Font="normal"><LA Size="normal">Produkteigenschaften beurteilen und Aufnahmeparameter gemäß Briefing festlegen</LA></DD><DT>c)</DT><DD Font="normal"><LA Size="normal">Aufnahmesituationen gemäß Briefing aufbauen, dabei Kamerastandpunkt festlegen sowie Produkte und Umfeld vorbereiten und gestalten</LA></DD><DT>d)</DT><DD Font="normal"><LA Size="normal">Kamera und Beleuchtung einrichten, dabei Kombination mit vorhandenem Licht und Bildwirkung berücksichtigen</LA></DD><DT>e)</DT><DD Font="normal"><LA Size="normal">in Ebenen verstellbare Kamerasysteme sowie Objektivsysteme einsetzen, dabei Perspektiven und Schärfebereiche entsprechend des Briefings anpassen und softwarebasierte Techniken anwenden</LA></DD><DT>f)</DT><DD Font="normal"><LA Size="normal">Bildergebnisse mit Vorgaben aus dem Briefing abgleichen und bei Bedarf optimieren</LA></DD></DL></entry><entry VJ="1" colname="col4"/><entry VJ="1" align="center" colname="col5" valign="middle">18</entry></row><row><entry VJ="1" colname="col1">3</entry><entry VJ="1" colname="col2">Architekturfotografie sowie Industriefotografie<BR/> (§ 4 Absatz 3 Nummer 3)</entry><entry VJ="1" colname="col3"><DL Font="normal" Indent="5.5" Type="alpha"><DT>a)</DT><DD Font="normal"><LA Size="normal">Briefing, insbesondere Abstimmung des Zeitplans, der Motivliste und der vorgegebenen Sicherheitsbestimmungen, mit den Kundinnen und Kunden erarbeiten, dabei insbesondere Merkmale der Architektur, Sonnenstand, Wetter und Vegetation berücksichtigen</LA></DD><DT>b)</DT><DD Font="normal"><LA Size="normal">zu fotografierende Objekte sowie Bereiche vorbereiten</LA></DD><DT>c)</DT><DD Font="normal"><LA Size="normal">Aufnahmestandpunkt festlegen, Beleuchtung einrichten sowie Sonnenstand berücksichtigen</LA></DD><DT>d)</DT><DD Font="normal"><LA Size="normal">in Ebenen verstellbare stationäre Objektiv- und Kamerasysteme einsetzen dabei Perspektiven entsprechend des Briefings anpassen und softwarebasierte Techniken anwenden</LA></DD><DT>e)</DT><DD Font="normal"><LA Size="normal">Drohnen für Standbild und Bewegtbild einsetzen</LA></DD><DT>f)</DT><DD Font="normal"><LA Size="normal">Bildergebnisse mit Vorgaben aus dem Briefing abgleichen und bei Bedarf optimieren</LA></DD></DL></entry><entry VJ="1" align="center" colname="col4" valign="middle"/><entry VJ="1" align="center" colname="col5" valign="middle">18</entry></row><row><entry VJ="1" colname="col1">4</entry><entry VJ="1" colname="col2">Editorialfotografie sowie Bildredaktion<BR/> (§ 4 Absatz 3 Nummer 4)</entry><entry VJ="1" colname="col3"><DL Font="normal" Indent="5.5" Type="alpha"><DT>a)</DT><DD Font="normal"><LA Size="normal">Briefing mit den Kundinnen und Kunden erarbeiten, dabei Besonderheiten von journalistischer Fotografie und Unternehmenskommunikation hinsichtlich besonderer Aspekte des Persönlichkeitsrechts kommunizieren und dokumentieren</LA></DD><DT>b)</DT><DD Font="normal"><LA Size="normal">Bildsprache entwickeln, Storyboard und Drehbuch erstellen, dabei Absprachen mit Medienautorinnen und Medienautoren führen</LA></DD><DT>c)</DT><DD Font="normal"><LA Size="normal">Recherchen zu Inhalten, insbesondere zu Protagonisten, Produkten und Prozessen, durchführen</LA></DD><DT>d)</DT><DD Font="normal"><LA Size="normal">Quellen von Fremdmaterial recherchieren, Lizenzen klären, beachten und dokumentieren</LA></DD><DT>e)</DT><DD Font="normal"><LA Size="normal">Bildmaterial nach inhaltlichen und gestalterischen Gesichtspunkten erstellen, einordnen und gemäß Storyboard und Drehbuch editieren</LA></DD><DT>f)</DT><DD Font="normal"><LA Size="normal">Bildmaterial in Bilddatenbanken einpflegen und verwalten, dabei Metadaten-Vorlagen erstellen und darin Nutzungsrechte einschließen und dokumentieren</LA></DD><DT>g)</DT><DD Font="normal"><LA Size="normal">Bildergebnisse mit Vorgaben aus dem Briefing abgleichen und bei Bedarf optimieren</LA></DD></DL></entry><entry VJ="1" colname="col4"/><entry VJ="1" align="center" colname="col5" valign="middle">18</entry></row><row><entry VJ="1" colname="col1">5</entry><entry VJ="1" colname="col2">softwaregestützte Bildgenerierung<BR/> (§ 4 Absatz 3 Nummer 5)</entry><entry VJ="1" colname="col3"><DL Font="normal" Indent="5.5" Type="alpha"><DT>a)</DT><DD Font="normal"><LA Size="normal">Briefing, insbesondere Abstimmung des Zeitplans, der Motivliste und der Bereitstellung vorhandener Daten, mit den Kundinnen und Kunden erarbeiten</LA></DD><DT>b)</DT><DD Font="normal"><LA Size="normal">Entwürfe erstellen und Umsetzung vorbereiten, dabei geometrische und mathematische Grundlagen und Beleuchtungstechniken berücksichtigen</LA></DD><DT>c)</DT><DD Font="normal"><LA Size="normal">Modellierung und Gestaltung von 3D-Objekten frei und anhand von technischen Daten durchführen</LA></DD><DT>d)</DT><DD Font="normal"><LA Size="normal">statische und bewegte reale Objekte mit verschiedenen Techniken erfassen</LA></DD><DT>e)</DT><DD Font="normal"><LA Size="normal">Polygon-Objekte erstellen und Splines anwenden</LA></DD><DT>f)</DT><DD Font="normal"><LA Size="normal">3D-Animationen erstellen</LA></DD><DT>g)</DT><DD Font="normal"><LA Size="normal">Oberflächentexturen erzeugen und Beleuchtung von Szenen auftragsbezogen umsetzen, dabei insbesondere Materialbeschaffenheit, Farbe und Proportionen berücksichtigen</LA></DD><DT>h)</DT><DD Font="normal"><LA Size="normal">intern und extern erstelltes Bildmaterial für Composings aufbereiten und verarbeiten</LA></DD><DT>i)</DT><DD Font="normal"><LA Size="normal">Rendereinstellungen ergebnisorientiert beurteilen und anwenden sowie Bildergebnisse mit Vorgaben aus dem Briefing abgleichen und bei Bedarf optimieren</LA></DD></DL></entry><entry VJ="1" colname="col4"/><entry VJ="1" align="center" colname="col5" valign="middle">18</entry></row><row><entry VJ="1" colname="col1">6</entry><entry VJ="1" colname="col2">analoge Fotografie<BR/> (§ 4 Absatz 3 Nummer 6)</entry><entry VJ="1" colname="col3"><DL Font="normal" Indent="5.5" Type="alpha"><DT>a)</DT><DD Font="normal"><LA Size="normal">Konzept für ein freies Projekt mit Einsatz analoger Fotografie erarbeiten</LA></DD><DT>b)</DT><DD Font="normal"><LA Size="normal">zu fotografierende Motive und Bereiche sowie Aufnahmesituation vorbereiten</LA></DD><DT>c)</DT><DD Font="normal"><LA Size="normal">Aufnahmeformat, Kamera, Filmmaterial und Beleuchtung einrichten; dabei beabsichtigte Licht- und Bildwirkung berücksichtigen</LA></DD><DT>d)</DT><DD Font="normal"><LA Size="normal">zu fotografierende Motive und Bereiche hinsichtlich der geplanten Bildwirkung aufnehmen</LA></DD><DT>e)</DT><DD Font="normal"><LA Size="normal">Filmmaterial entwickeln, Bildergebnisse mit den Vorgaben aus dem Konzept abgleichen und bei Bedarf optimieren</LA></DD></DL></entry><entry VJ="1" colname="col4"/><entry VJ="1" align="center" colname="col5" valign="middle">18</entry></row></tbody></tgroup></table><P/><table frame="all" tocentry="%yes;"><Title Align="justify" Class="S1"><B>Abschnitt C: wahlqualifikationsübergreifende integrativ zu vermittelnde Fertigkeiten, Kenntnisse und Fähigkeiten</B></Title><tgroup align="left" char="" charoff="50" cols="5" colsep="1" rowsep="1"><colspec align="center" colname="col1" colnum="1" colwidth=".75*"/><colspec colname="col2" colnum="2" colwidth="4.3*"/><colspec colname="col3" colnum="3" colwidth="8.5*"/><colspec colname="col4" colnum="4" colwidth="1.5*"/><colspec colname="col5" colnum="5" colwidth="1.5*"/><thead valign="bottom"><row><entry VJ="1" align="center" colname="col1" valign="middle">Lfd.<BR/> Nr.</entry><entry VJ="1" align="center" colname="col2" valign="middle">Berufsbildpositionen</entry><entry VJ="1" align="center" colname="col3" valign="middle">Fertigkeiten, Kenntnisse und Fähigkeiten</entry><entry VJ="1" align="center" nameend="col5" namest="col4" valign="middle">Zeitliche Zuordnung</entry></row><row><entry VJ="1" align="center" colname="col1" valign="middle">1</entry><entry VJ="1" align="center" colname="col2" valign="middle">2</entry><entry VJ="1" align="center" colname="col3" valign="middle">3</entry><entry VJ="1" align="center" nameend="col5" namest="col4" valign="middle">4</entry></row></thead><tbody valign="top"><row rowsep="0"><entry VJ="1" colname="col1">1</entry><entry VJ="1" colname="col2">Organisation des Ausbildungsbetriebes, Berufsbildung sowie Arbeits- und Tarifrecht<BR/> (§ 4 Absatz 4 Nummer 1)</entry><entry VJ="1" colname="col3"><DL Font="normal" Indent="5.5" Type="alpha"><DT>a)</DT><DD Font="normal"><LA Size="normal">den Aufbau und die grundlegenden Arbeits- und Geschäftsprozesse des Ausbildungsbetriebes erläutern</LA></DD><DT>b)</DT><DD Font="normal"><LA Size="normal">Rechte und Pflichten aus dem Ausbildungsvertrag sowie Dauer und Beendigung des Ausbildungsverhältnisses erläutern und Aufgaben der im System der dualen Berufsausbildung Beteiligten beschreiben</LA></DD><DT>c)</DT><DD Font="normal"><LA Size="normal">die Bedeutung, die Funktion und die Inhalte der Ausbildungsordnung und des betrieblichen Ausbildungsplans erläutern sowie zu deren Umsetzung beitragen</LA></DD></DL></entry><entry VJ="1" align="center" nameend="col5" namest="col4" valign="middle"/></row><row><entry VJ="1" colname="col1"/><entry VJ="1" colname="col2"/><entry VJ="1" colname="col3"><DL Font="normal" Indent="5.5" Type="alpha"><DT>d)</DT><DD Font="normal"><LA Size="normal">die für den Ausbildungsbetrieb geltenden arbeits-, sozial-, tarif- und mitbestimmungsrechtlichen Vorschriften erläutern</LA></DD><DT>e)</DT><DD Font="normal"><LA Size="normal">Grundlagen, Aufgaben und Arbeitsweise der betriebsverfassungs- oder personalvertretungsrechtlichen Organe des Ausbildungsbetriebes erläutern</LA></DD><DT>f)</DT><DD Font="normal"><LA Size="normal">Beziehungen des Ausbildungsbetriebes und seiner Beschäftigten zu Wirtschaftsorganisationen und Gewerkschaften erläutern</LA></DD><DT>g)</DT><DD Font="normal"><LA Size="normal">Positionen der eigenen Entgeltabrechnung erläutern</LA></DD><DT>h)</DT><DD Font="normal"><LA Size="normal">wesentliche Inhalte von Arbeitsverträgen erläutern</LA></DD><DT>i)</DT><DD Font="normal"><LA Size="normal">Möglichkeiten des beruflichen Aufstiegs und der beruflichen Weiterentwicklung erläutern</LA></DD></DL></entry><entry VJ="1" nameend="col5" namest="col4" rowsep="0"/></row><row><entry VJ="1" colname="col1">2</entry><entry VJ="1" colname="col2">Sicherheit und Gesundheit bei der Arbeit<BR/> (§ 4 Absatz 4 Nummer 2)</entry><entry VJ="1" colname="col3"><DL Font="normal" Indent="5.5" Type="alpha"><DT>a)</DT><DD Font="normal"><LA Size="normal">Rechte und Pflichten aus den berufsbezogenen Arbeitsschutz- und Unfallverhütungsvorschriften kennen und diese Vorschriften anwenden</LA></DD><DT>b)</DT><DD Font="normal"><LA Size="normal">Gefährdungen von Sicherheit und Gesundheit am Arbeitsplatz und auf dem Arbeitsweg prüfen und beurteilen</LA></DD><DT>c)</DT><DD Font="normal"><LA Size="normal">sicheres und gesundheitsgerechtes Arbeiten erläutern</LA></DD><DT>d)</DT><DD Font="normal"><LA Size="normal">technische und organisatorische Maßnahmen zur Vermeidung von Gefährdungen sowie von psychischen und physischen Belastungen für sich und andere, auch präventiv, ergreifen</LA></DD><DT>e)</DT><DD Font="normal"><LA Size="normal">ergonomische Arbeitsweisen beachten und anwenden</LA></DD><DT>f)</DT><DD Font="normal"><LA Size="normal">Verhaltensweisen bei Unfällen beschreiben und erste Maßnahmen bei Unfällen einleiten</LA></DD><DT>g)</DT><DD Font="normal"><LA Size="normal">betriebsbezogene Vorschriften des vorbeugenden Brandschutzes anwenden, Verhaltensweisen bei Bränden beschreiben und erste Maßnahmen zur Brandbekämpfung ergreifen</LA></DD></DL></entry><entry VJ="1" align="left" nameend="col5" namest="col4" rowsep="0" valign="bottom">während<BR/> der gesamten<BR/> Ausbildung</entry></row><row><entry VJ="1" colname="col1">3</entry><entry VJ="1" colname="col2">Umweltschutz und Nachhaltigkeit<BR/> (§ 4 Absatz 4 Nummer 3)</entry><entry VJ="1" colname="col3"><DL Font="normal" Indent="5.5" Type="alpha"><DT>a)</DT><DD Font="normal"><LA Size="normal">Möglichkeiten zur Vermeidung betriebsbedingter Belastungen für Umwelt und Gesellschaft im eigenen Aufgabenbereich erkennen und zu deren Weiterentwicklung beitragen</LA></DD><DT>b)</DT><DD Font="normal"><LA Size="normal">bei Arbeitsprozessen und im Hinblick auf Produkte, Waren oder Dienstleistungen Materialien und Energie unter wirtschaftlichen, umweltverträglichen und sozialen Gesichtspunkten der Nachhaltigkeit nutzen</LA></DD><DT>c)</DT><DD Font="normal"><LA Size="normal">für den Ausbildungsbetrieb geltende Regelungen des Umweltschutzes einhalten</LA></DD><DT>d)</DT><DD Font="normal"><LA Size="normal">Abfälle vermeiden sowie Stoffe und Materialien einer umweltschonenden Wiederverwertung oder Entsorgung zuführen</LA></DD><DT>e)</DT><DD Font="normal"><LA Size="normal">Vorschläge für nachhaltiges Handeln für den eigenen Arbeitsbereich entwickeln</LA></DD><DT>f)</DT><DD Font="normal"><LA Size="normal">unter Einhaltung betrieblicher Regelungen im Sinne einer ökonomischen, ökologischen und sozial nachhaltigen Entwicklung zusammenarbeiten und adressatengerecht kommunizieren</LA></DD></DL></entry><entry VJ="1" nameend="col5" namest="col4" rowsep="0"/></row><row><entry VJ="1" colname="col1">4</entry><entry VJ="1" colname="col2">digitalisierte Arbeitswelt<BR/> (§ 4 Absatz 4 Nummer 4)</entry><entry VJ="1" colname="col3"><DL Font="normal" Indent="5.5" Type="alpha"><DT>a)</DT><DD Font="normal"><LA Size="normal">mit eigenen und betriebsbezogenen Daten sowie mit Daten Dritter umgehen und dabei die Vorschriften zum Datenschutz und zur Datensicherheit einhalten</LA></DD><DT>b)</DT><DD Font="normal"><LA Size="normal">Risiken bei der Nutzung von digitalen Medien und informationstechnischen Systemen einschätzen und bei deren Nutzung betriebliche Regelungen einhalten</LA></DD><DT>c)</DT><DD Font="normal"><LA Size="normal">ressourcenschonend, adressatengerecht und effizient kommunizieren sowie Kommunikationsergebnisse dokumentieren</LA></DD><DT>d)</DT><DD Font="normal"><LA Size="normal">Störungen in Kommunikationsprozessen erkennen und zu ihrer Lösung beitragen</LA></DD><DT>e)</DT><DD Font="normal"><LA Size="normal">Informationen in digitalen Netzen recherchieren und aus digitalen Netzen beschaffen sowie Informationen, auch fremde, prüfen, bewerten und auswählen</LA></DD><DT>f)</DT><DD Font="normal"><LA Size="normal">Lern- und Arbeitstechniken sowie Methoden des selbstgesteuerten Lernens anwenden, digitale Lernmedien nutzen und Erfordernisse des lebensbegleitenden Lernens erkennen und ableiten</LA></DD><DT>g)</DT><DD Font="normal"><LA Size="normal">Aufgaben zusammen mit Beteiligten, einschließlich der Beteiligten anderer Arbeits- und Geschäftsbereiche, auch unter Nutzung digitaler Medien, planen, bearbeiten und gestalten</LA></DD><DT>h)</DT><DD Font="normal"><LA Size="normal">Wertschätzung anderer unter Berücksichtigung gesellschaftlicher Vielfalt praktizieren</LA></DD></DL></entry><entry VJ="1" nameend="col5" namest="col4"/></row></tbody></tgroup></table><table frame="all" tocentry="%yes;"><tgroup align="left" char="" charoff="50" cols="5" colsep="1" rowsep="1"><colspec align="center" colname="col1" colnum="1" colwidth=".75*"/><colspec colname="col2" colnum="2" colwidth="4.3*"/><colspec colname="col3" colnum="3" colwidth="8.5*"/><colspec colname="col4" colnum="4" colwidth="1.5*"/><colspec colname="col5" colnum="5" colwidth="1.5*"/><thead valign="bottom"><row><entry VJ="1" align="center" colname="col1" morerows="1" valign="middle">Lfd.<BR/> Nr.</entry><entry VJ="1" align="center" colname="col2" morerows="1" valign="middle">Berufsbildpositionen</entry><entry VJ="1" align="center" colname="col3" morerows="1" valign="middle">Fertigkeiten, Kenntnisse und Fähigkeiten</entry><entry VJ="1" align="center" nameend="col5" namest="col4" valign="middle">Zeitliche Richtwerte<BR/> in Wochen im</entry></row><row><entry VJ="1" align="center" colname="col4" valign="middle">1. bis 18.<BR/> Monat</entry><entry VJ="1" align="center" colname="col5" valign="middle">19. bis 36.<BR/> Monat</entry></row><row><entry VJ="1" align="center" colname="col1" valign="middle">1</entry><entry VJ="1" align="center" colname="col2" valign="middle">2</entry><entry VJ="1" align="center" colname="col3" valign="middle">3</entry><entry VJ="1" align="center" nameend="col5" namest="col4" valign="middle">4</entry></row></thead><tbody valign="top"><row><entry VJ="1" colname="col1">5</entry><entry VJ="1" colname="col2">Fördern von Kommunikation und Kooperation<BR/> (§ 4 Absatz 4 Nummer 5)</entry><entry VJ="1" colname="col3"><DL Font="normal" Indent="5.5" Type="alpha"><DT>a)</DT><DD Font="normal"><LA Size="normal">Gespräche situationsgerecht und adressatengerecht führen und dabei mit Konflikten umgehen sowie Ergebnisse aus den Gesprächen dokumentieren</LA></DD><DT>b)</DT><DD Font="normal"><LA Size="normal">Respekt und Vertrauen als Grundlage kundenorientierten Verhaltens und der Zusammenarbeit praktizieren sowie kulturelle Identitäten berücksichtigen</LA></DD><DT>c)</DT><DD Font="normal"><LA Size="normal">Beschwerden und Reklamationen annehmen und Lösungen vorschlagen</LA></DD><DT>d)</DT><DD Font="normal"><LA Size="normal">Arbeitsweise reflektieren und bewerten, daraus Verbesserungsvorschläge ableiten und diese dokumentieren</LA></DD><DT>e)</DT><DD Font="normal"><LA Size="normal">eigenen Qualifikationsbedarf feststellen, Qualifizierungsmöglichkeiten nutzen und unterschiedliche Lerntechniken anwenden</LA></DD><DT>f)</DT><DD Font="normal"><LA Size="normal">Fachliteratur nutzen, Fachinformationen einholen und Auskünfte erteilen, jeweils auch in englischer Sprache</LA></DD></DL></entry><entry VJ="1" align="center" colname="col4" valign="middle">6</entry><entry VJ="1" colname="col5"/></row><row><entry VJ="1" colname="col1">6</entry><entry VJ="1" colname="col2">Einhalten rechtlicher Regelungen<BR/> (§ 4 Absatz 4 Nummer 6)</entry><entry VJ="1" colname="col3"><DL Font="normal" Indent="5.5" Type="alpha"><DT>a)</DT><DD Font="normal"><LA Size="normal">rechtliche Vorschriften im gesamten Herstellungsprozess einhalten, insbesondere <DL Font="normal" Type="a-alpha"><DT>aa)</DT><DD Font="normal"><LA Size="normal">Urheberrechte und verwandte Schutzrechte</LA></DD><DT>bb)</DT><DD Font="normal"><LA Size="normal">Nutzungs- und Verwertungsrechte</LA></DD><DT>cc)</DT><DD Font="normal"><LA Size="normal">Persönlichkeitsrechte</LA></DD><DT>dd)</DT><DD Font="normal"><LA Size="normal">Datenschutz und Datensicherheit</LA></DD></DL></LA></DD><DT>b)</DT><DD Font="normal"><LA Size="normal">barrierefreie Gestaltung von Medien beachten</LA></DD></DL></entry><entry VJ="1" colname="col4"/><entry VJ="1" align="center" colname="col5" valign="middle">6</entry></row></tbody></tgroup></table></Content></text></textdaten></norm>
</dokumente>