<?xml version="1.0" encoding="UTF-8" ?><!DOCTYPE dokumente SYSTEM "http://www.gesetze-im-internet.de/dtd/1.01/gii-norm.dtd">
<dokumente builddate="20130405130304" doknr="BJNR029850975"><norm builddate="20130405130304" doknr="BJNR029850975"><metadaten><jurabk>FStrKrV</jurabk><amtabk>FStrKrV</amtabk><ausfertigung-datum manuell="ja">1975-12-02</ausfertigung-datum><fundstelle typ="amtlich"><periodikum>BGBl I</periodikum><zitstelle>1975, 2984, 2985</zitstelle></fundstelle><kurzue>Bundesfernstraßenkreuzungsverordnung</kurzue><langue>Verordnung über Kreuzungsanlagen im Zuge von Bundesfernstraßen</langue></metadaten><textdaten><text format="XML"><Content><P/></Content></text><fussnoten><Content><P>(+++ Textnachweis ab:  1. 1.1976 +++)</P></Content></fussnoten></textdaten></norm>
<norm builddate="20130405130304" doknr="BJNR029850975BJNE000100314"><metadaten><jurabk>FStrKrV</jurabk><enbez>§ 1</enbez><titel format="parat">Höhengleiche Kreuzungen</titel></metadaten><textdaten><text format="XML"><Content><P>(1) Zur Kreuzungsanlage im Sinne des § 13 Abs. 1 FStrG, die der Baulastträger der Bundesfernstraße zu unterhalten hat, gehören <DL Font="normal" Type="arabic"><DT>1.</DT><DD Font="normal"><LA Size="normal">von der die Bundesfernstraße kreuzenden Straße vom Anfang ihrer Eckausrundungen an<DL Font="normal" Type="arabic"><DT>-</DT><DD Font="normal"><LA Size="normal">die befestigten Fahrstreifen einschließlich Trenn-, Seiten- und Randstreifen,</LA></DD> <DT>-</DT><DD Font="normal"><LA Size="normal">die Verkehrszeichen und -einrichtungen sowie Verkehrsanlagen aller Art, insbesondere Verkehrsinseln,</LA></DD> <DT>-</DT><DD Font="normal"><LA Size="normal">die Gehwege außerhalb der Ortsdurchfahrten und die Radwege, soweit diese Wege mit der kreuzenden Straße in Zusammenhang stehen und mit dieser gleichlaufen,</LA></DD> <DT>-</DT><DD Font="normal"><LA Size="normal">die Durchlässe, Dämme, Gräben, Böschungen und Stützmauern,</LA></DD> </DL></LA></DD> <DT>2.</DT><DD Font="normal"><LA Size="normal">die durch die Kreuzung bedingten Lichtzeichenanlagen.</LA></DD> </DL> </P><P>(2) Eine Eckausrundung beginnt an der Stelle, an der der erste Radius die Ecken der Straßenränder von der Bundesfernstraße und der kreuzenden Straße abzurunden beginnt.</P><P>(3) Sichtfelder gehören zur kreuzenden Straße.</P></Content> </text></textdaten></norm>
<norm builddate="20130405130304" doknr="BJNR029850975BJNE000200314"><metadaten><jurabk>FStrKrV</jurabk><enbez>§ 2</enbez><titel format="parat">Über- und Unterführungen</titel></metadaten><textdaten><text format="XML"><Content><P>(1) Zum Kreuzungsbauwerk im Sinne des § 13 Abs. 2 des Bundesfernstraßengesetzes gehören <DL Font="normal" Type="arabic"><DT>1.</DT><DD Font="normal"><LA Size="normal">die Widerlager mit Flügelmauern,</LA></DD> <DT>2.</DT><DD Font="normal"><LA Size="normal">die Pfeiler,</LA></DD> <DT>3.</DT><DD Font="normal"><LA Size="normal">der Überbau mit Geländern, Brüstungen und Auffangvorrichtungen, jedoch mit Ausnahme der Straßendecke, der Entwässerungsrinnen und Einläufe und, soweit sie nicht durch die Konstruktion der Brücke bedingt sind, der Verkehrszeichen und -einrichtungen sowie Verkehrsanlagen aller Art.</LA></DD> </DL> </P><P>(2) Die nicht zum Kreuzungsbauwerk rechnenden Teile des Überbaus (Abs. 1 Nr. 3) gehören zu der Straße, in deren Verlauf sie liegen.</P><P>(3) Verbindungsarme zwischen der Bundesfernstraße und der kreuzenden Straße gehören zur Bundesfernstraße. Die Verbindungsarme enden am äußeren Fahrbahnrand der kreuzenden Straße. Sind Abbiege- oder Einfädelstreifen auf der kreuzenden Straße vorhanden, so enden die Verbindungsarme am Anfang der Eckausrundungen der kreuzenden Straße. Bei höhenungleichen Einmündungen beginnen die Verbindungsarme an der ersten Aufweitung der einmündenden Straße. Lichtzeichenanlagen und Verkehrsinseln an der Einmündung des Verbindungsarms gehören zur Bundesfernstraße.</P></Content> </text></textdaten></norm>
<norm builddate="20130405130304" doknr="BJNR029850975BJNE000300314"><metadaten><jurabk>FStrKrV</jurabk><enbez>§ 3</enbez><titel format="parat">Sonstige Teile der Kreuzungsanlage</titel></metadaten><textdaten><text format="XML"><Content><P>Die in den §§ 1 und 2 nicht erfaßten Teile der Bundesfernstraße und der kreuzenden Straße gehören zu der Straße, der sie unmittelbar dienen.</P></Content></text></textdaten></norm>
<norm builddate="20130405130304" doknr="BJNR029850975BJNE000400314"><metadaten><jurabk>FStrKrV</jurabk><enbez>§ 4</enbez><titel format="parat">Kreuzungen zwischen Bundesfernstraßen</titel></metadaten><textdaten><text format="XML"><Content><P>Auf Kreuzungen zwischen Bundesfernstraßen, von denen die eine vom Bund, die andere von einem Dritten unterhalten wird, ist diese Verordnung mit der Maßgabe anzuwenden, daß die vom Dritten unterhaltene Bundesfernstraße als kreuzende Straße gilt.</P></Content></text></textdaten></norm>
<norm builddate="20130405130304" doknr="BJNR029850975BJNE000500314"><metadaten><jurabk>FStrKrV</jurabk><enbez>§ 5</enbez><titel format="parat">Einmündungen</titel></metadaten><textdaten><text format="XML"><Content><P>Die vorstehenden Vorschriften gelten auch für Einmündungen öffentlicher Straßen in Bundesfernstraßen.</P></Content></text></textdaten></norm>
<norm builddate="20130405130304" doknr="BJNR029850975BJNE000600314"><metadaten><jurabk>FStrKrV</jurabk><enbez>§ 6</enbez><titel format="parat">Berlin-Klausel</titel></metadaten><textdaten><text format="XML"><Content><P>Diese Verordnung gilt nach § 14 des Dritten Überleitungsgesetzes vom 4. Januar 1952 (Bundesgesetzblatt I S. 1) in Verbindung mit § 26 des Bundesfernstraßengesetzes auch im Land Berlin.</P></Content></text></textdaten></norm>
</dokumente>