<?xml version="1.0" encoding="UTF-8" ?><!DOCTYPE dokumente SYSTEM "http://www.gesetze-im-internet.de/dtd/1.01/gii-norm.dtd">
<dokumente builddate="20120625154133" doknr="BJNR007810963"><norm builddate="20120625154133" doknr="BJNR007810963"><metadaten><jurabk>WZG§4UNBek</jurabk><ausfertigung-datum manuell="ja">1963-09-12</ausfertigung-datum><fundstelle typ="amtlich"><periodikum>BGBl I</periodikum><zitstelle>1963, 781</zitstelle></fundstelle><langue>Bekanntmachung zu § 4 des Warenzeichengesetzes</langue><standangabe checked="ja"><standtyp>Stand</standtyp><standkommentar>Zuletzt geändert durch Bek. v. 20.7.1977 I 1345</standkommentar></standangabe></metadaten><textdaten><fussnoten><Content><P><BR/> <pre xml:space="preserve">(+++ Textnachweis Geltung ab: 26.7.1977 +++)<BR/><BR/></pre></P></Content></fussnoten></textdaten></norm>
<norm builddate="20120625154133" doknr="BJNR007810963BJNE000100303"><metadaten><jurabk>WZG§4UNBek</jurabk><enbez>(XXXX)</enbez></metadaten><textdaten><text format="XML"><Content><P>Auf Grund des § 4 Abs. 2 Nr. 3a des Warenzeichengesetzes in der Fassung vom 9. Mai 1961 (Bundesgesetzbl. I S. 549, 574) wird bekanntgemacht, daß die in der Anlage wiedergegebenen Bezeichnungen der Vereinten Nationen, ihre nachgeordneten Stellen und Sonderorganisationen sowie der Organisationen unter der Schirmherrschaft der Vereinten Nationen von der Eintragung als Warenzeichen ausgeschlossen sind.</P></Content></text></textdaten></norm>
<norm builddate="20120625154133" doknr="BJNR007810963BJNE000900303"><metadaten><jurabk>WZG§4UNBek</jurabk><enbez>Schlussformel</enbez></metadaten><textdaten><text format="XML"><Content><P>Der Bundesminister der Justiz</P></Content></text></textdaten></norm>
<norm builddate="20120625154133" doknr="BJNR007810963BJNE000200303"><metadaten><jurabk>WZG§4UNBek</jurabk><enbez>Anlage</enbez></metadaten><textdaten><text format="XML"><Content><P><noindex><kommentar typ="Fundstelle">(Fundstelle: BGBl. I 1963, 781, <BR/>bzgl. der einzelnen Änderungen vgl. Fußnote)</kommentar></noindex><BR/><BR/><noindex><kommentar typ="Hinweis">(Inhalt: nicht darstellbare Bezeichnungen der Vereinten Nationen und ihrer Organisationen)</kommentar></noindex></P></Content></text><fussnoten/></textdaten></norm>
</dokumente>