<?xml version="1.0" encoding="UTF-8" ?><!DOCTYPE dokumente SYSTEM "http://www.gesetze-im-internet.de/dtd/1.01/gii-norm.dtd">
<dokumente builddate="20240424214515" doknr="BJNR505110007"><norm builddate="20240424214515" doknr="BJNR505110007"><metadaten><jurabk>LuftVODV 232</jurabk><ausfertigung-datum manuell="ja">2007-03-05</ausfertigung-datum><fundstelle typ="amtlich"><periodikum>BAnz</periodikum><zitstelle>2007, Nr 051, 2666 (3542)</zitstelle></fundstelle><fundstelle typ="amtlich"><periodikum>BAnz</periodikum><zitstelle>2007, 2666 (3542)</zitstelle></fundstelle><langue>Zweihundertzweiunddreißigste Durchführungsverordnung zur Luftverkehrs-Ordnung (Festlegung von Flugverfahren für An- und Abflüge nach Instrumentenflugregeln zum und vom Hubschrauberlandeplatz Donauwörth)</langue></metadaten><textdaten><fussnoten><Content><P>Wegen nicht darstellbarer Zeichen nur mit der Überschrift aufgenommen.</P></Content></fussnoten></textdaten></norm>
</dokumente>