<?xml version="1.0" encoding="UTF-8" ?><!DOCTYPE dokumente SYSTEM "http://www.gesetze-im-internet.de/dtd/1.01/gii-norm.dtd">
<dokumente builddate="20131008093526" doknr="BJNR012219961"><norm builddate="20131008093526" doknr="BJNR012219961"><metadaten><jurabk>FamRÄndG</jurabk><ausfertigung-datum manuell="ja">1961-08-11</ausfertigung-datum><fundstelle typ="amtlich"><periodikum>BGBl I</periodikum><zitstelle>1961, 1221</zitstelle></fundstelle><kurzue>Familienrechtsänderungsgesetz</kurzue><langue>Gesetz zur Vereinheitlichung und Änderung familienrechtlicher
Vorschriften</langue><standangabe checked="ja"><standtyp>Stand</standtyp><standkommentar>Zuletzt geändert durch Art. 51 G v. 17.12.2008 I 2586</standkommentar></standangabe></metadaten><textdaten><fussnoten><Content><P><BR/> <pre xml:space="preserve">(+++ Textnachweis Geltung ab: 1.7.1977 +++)<BR/><BR/></pre></P></Content></fussnoten></textdaten></norm>
<norm builddate="20131008093526" doknr="BJNR012219961BJNE001101140"><metadaten><jurabk>FamRÄndG</jurabk><gliederungseinheit><gliederungskennzahl>000</gliederungskennzahl><gliederungsbez>-</gliederungsbez><gliederungstitel/></gliederungseinheit><enbez>Inhaltsübersicht</enbez></metadaten><textdaten><text format="XML"><Content><P><DL Font="normal" Type="arabic"><DT>Artikel 1:</DT><DD Font="normal"><LA Size="normal"><I>Änderung des Bürgerlichen Gesetzbuchs</I></LA></DD><DT>Artikel 2:</DT><DD Font="normal"><LA Size="normal"><I>Eherechtliche Bestimmungen</I></LA></DD><DT>Artikel 3:</DT><DD Font="normal"><LA Size="normal"><I>Änderung der Zivilprozeßordnung</I></LA></DD><DT>Artikel 4:</DT><DD Font="normal"><LA Size="normal"><I>Änderung des Gesetzes über die Angelegenheiten der freiwilligen Gerichtsbarkeit</I></LA></DD><DT>Artikel 5:</DT><DD Font="normal"><LA Size="normal"><I>Änderung der Verordnung über die Behandlung der Ehewohnung und des Hausrats nach der Scheidung</I></LA></DD><DT>Artikel 6:</DT><DD Font="normal"><LA Size="normal"><I>Änderung der Kostenordnung</I></LA></DD><DT>Artikel 7:</DT><DD Font="normal"><LA Size="normal">(weggefallen)</LA></DD><DT>Artikel 8:</DT><DD Font="normal"><LA Size="normal"><I>Änderung des Rechtspflegergesetzes</I></LA></DD><DT>Artikel 9:</DT><DD Font="normal"><LA Size="normal">Schlußvorschriften</LA></DD></DL></P></Content></text><fussnoten/></textdaten></norm>
<norm builddate="20131008093526" doknr="BJNR012219961BJNE001200305"><metadaten><jurabk>FamRÄndG</jurabk><gliederungseinheit><gliederungskennzahl>000</gliederungskennzahl><gliederungsbez>-</gliederungsbez><gliederungstitel/></gliederungseinheit><enbez>Eingangsformel</enbez></metadaten><textdaten><text format="XML"><Content><P>Der Bundestag hat mit Zustimmung des Bundesrates das folgende Gesetz beschlossen:</P></Content></text></textdaten></norm>
<norm builddate="20131008093526" doknr="BJNR012219961BJNG000100305"><metadaten><jurabk>FamRÄndG</jurabk><gliederungseinheit><gliederungskennzahl>010</gliederungskennzahl><gliederungsbez>Art 1 bis 6</gliederungsbez><gliederungstitel/></gliederungseinheit></metadaten><textdaten><text format="XML"><Content><P/></Content></text><fussnoten/></textdaten></norm>
<norm builddate="20131008093526" doknr="BJNR012219961BJNG000801140"><metadaten><jurabk>FamRÄndG</jurabk><gliederungseinheit><gliederungskennzahl>070</gliederungskennzahl><gliederungsbez>Art 7</gliederungsbez><gliederungstitel>(weggefallen)</gliederungstitel></gliederungseinheit></metadaten><textdaten><text format="XML"><Content><P/></Content></text><fussnoten/></textdaten></norm>
<norm builddate="20131008093526" doknr="BJNR012219961BJNE001305140"><metadaten><jurabk>FamRÄndG</jurabk><gliederungseinheit><gliederungskennzahl>070</gliederungskennzahl><gliederungsbez>Art 7</gliederungsbez><gliederungstitel/></gliederungseinheit><enbez>(XXXX) §§ 1 und 2</enbez><titel format="XML">(weggefallen)</titel></metadaten><textdaten><text format="XML"><Content><P/></Content></text><fussnoten/></textdaten></norm>
<norm builddate="20131008093526" doknr="BJNR012219961BJNG000900305"><metadaten><jurabk>FamRÄndG</jurabk><gliederungseinheit><gliederungskennzahl>080</gliederungskennzahl><gliederungsbez>Art 8</gliederungsbez><gliederungstitel/></gliederungseinheit></metadaten><textdaten><text format="XML"><Content><P/></Content></text><fussnoten/></textdaten></norm>
<norm builddate="20131008093526" doknr="BJNR012219961BJNG001000305"><metadaten><jurabk>FamRÄndG</jurabk><gliederungseinheit><gliederungskennzahl>090</gliederungskennzahl><gliederungsbez>Art 9</gliederungsbez><gliederungstitel>Schlußvorschriften</gliederungstitel></gliederungseinheit></metadaten><textdaten><text format="XML"><Content><P/></Content></text></textdaten></norm>
<norm builddate="20131008093526" doknr="BJNR012219961BJNE001500305"><metadaten><jurabk>FamRÄndG</jurabk><gliederungseinheit><gliederungskennzahl>090</gliederungskennzahl><gliederungsbez>Art 9</gliederungsbez><gliederungstitel/></gliederungseinheit><enbez>I.</enbez><titel format="parat">Aufhebung von Vorschriften</titel></metadaten><textdaten><text format="XML"><Content><P>-</P></Content></text></textdaten></norm>
<norm builddate="20131008093526" doknr="BJNR012219961BJNE001602140"><metadaten><jurabk>FamRÄndG</jurabk><gliederungseinheit><gliederungskennzahl>090</gliederungskennzahl><gliederungsbez>Art 9</gliederungsbez><gliederungstitel/></gliederungseinheit><enbez>II.</enbez><titel format="XML">Übergangsvorschriften</titel></metadaten><textdaten><text format="XML"><Content><P><DL Font="normal" Type="arabic"><DT>1.</DT><DD Font="normal"><LA Size="normal">bis 4 (weggefallen)</LA></DD></DL></P><P><DL Font="normal" Type="arabic"><DT>5.</DT><DD Font="normal"><LA Size="normal">Soweit im deutschen bürgerlichen Recht oder im deutschen Verfahrensrecht die Staatsangehörigkeit einer Person maßgebend ist, stehen den deutschen Staatsangehörigen die Personen gleich, die, ohne die deutsche Staatsangehörigkeit zu besitzen, Deutsche im Sinne des Artikels 116 Abs. 1 des Grundgesetzes sind. Rechtskräftige gerichtliche Entscheidungen bleiben unberührt.</LA></DD><DT>6.</DT><DD Font="normal"><LA Size="normal">(weggefallen)</LA></DD></DL></P></Content></text><fussnoten/></textdaten></norm>
<norm builddate="20131008093526" doknr="BJNR012219961BJNE001701377"><metadaten><jurabk>FamRÄndG</jurabk><gliederungseinheit><gliederungskennzahl>090</gliederungskennzahl><gliederungsbez>Art 9</gliederungsbez><gliederungstitel/></gliederungseinheit><enbez>III.</enbez><titel format="parat">(weggefallen)</titel></metadaten><textdaten><text format="XML"><Content><P>-</P></Content></text><fussnoten/></textdaten></norm>
<norm builddate="20131008093526" doknr="BJNR012219961BJNE001800305"><metadaten><jurabk>FamRÄndG</jurabk><gliederungseinheit><gliederungskennzahl>090</gliederungskennzahl><gliederungsbez>Art 9</gliederungsbez><gliederungstitel/></gliederungseinheit><enbez>IV.</enbez><titel format="parat">Inkrafttreten</titel></metadaten><textdaten><text format="XML"><Content><P>Dieses Gesetz tritt am 1. Januar 1962 in Kraft; Artikel 9 II. Nr. 6 tritt jedoch am Tage nach der Verkündung in Kraft.</P></Content></text></textdaten></norm>
</dokumente>