<?xml version="1.0" encoding="UTF-8" ?><!DOCTYPE dokumente SYSTEM "http://www.gesetze-im-internet.de/dtd/1.01/gii-norm.dtd">
<dokumente builddate="20240307214003" doknr="BJNR1910A0023"><norm builddate="20240307214003" doknr="BJNR1910A0023"><metadaten><jurabk>Münz25EuroBek 2023-12-11</jurabk><ausfertigung-datum manuell="ja">2023-12-11</ausfertigung-datum><fundstelle typ="amtlich"><periodikum>BGBl I</periodikum><zitstelle>2023, Nr. 401</zitstelle></fundstelle><langue>Bekanntmachung über die Ausprägung von deutschen Euro-Gedenkmünzen im Nennwert von 25 Euro (Gedenkmünze „Erzgebirgischer Schwibbogen“)</langue></metadaten><textdaten><fussnoten><Content><P><BR/> <pre xml:space="preserve">(+++ Textnachweis ab: 27.12.2023 +++)<BR/><BR/></pre></P></Content></fussnoten></textdaten></norm>
<norm builddate="20240307214003" doknr="BJNR1910A0023BJNE000100000"><metadaten><jurabk>Münz25EuroBek 2023-12-11</jurabk><enbez>(XXXX)</enbez></metadaten><textdaten><text format="XML"><Content><P>Gemäß den §§ 2, 4 und 5 des Münzgesetzes vom 16. Dezember 1999 (BGBl. I S. 2402) hat die Bundesregierung beschlossen, zum Thema „Erzgebirgischer Schwibbogen“ eine deutsche Euro-Gedenkmünze im Nennwert von 25 Euro prägen zu lassen. Die Münze ist die dritte Ausgabe im Rahmen der 2021 begonnenen Serie „Weihnachten“ (2021 bis 2025, eine Ausgabe pro Jahr). Die Münze wird ab dem 23. November 2023 in den Verkehr gebracht.</P><P>Die Auflage der Münze beträgt circa 900 000 Stück, davon maximal 75 000 Stück in Spiegelglanzqualität. Die Prägung erfolgt durch die Staatlichen Münzen Baden-Württemberg, Prägestätte Karlsruhe (Prägezeichen G).</P><P>Die Münze besteht aus Feinsilber (Ag 999), hat einen Durchmesser von 30 Millimetern und eine Masse von 22 Gramm. Die Münze wird als Tellerprägung (hier: konkave Wölbung der Bildseite) hergestellt.</P><P>Der Entwurf der Münze stammt von dem Künstler Reinhard Eiber aus Feucht.</P><P>Die Bildseite zeigt als Hauptelement einen hölzernen Schwibbogen aus dem Jahr 1925, der Motive der heimatlichen Stube mit Vorbereitungen zum Heiligen Abend abbildet. Das Emblem der beiden Bergmänner mit den sächsischen Kurschwertern und Schlägel sowie Eisen verweist auf die Verwendung des Schwibbogens im bergmännischen Kontext. Der Entwurf besticht durch ein sehr ausgewogenes Gesamtbild, bestehend aus den charakteristischen Merkmalen eines Schwibbogens, eingefasst durch die serifenlos umlaufende Schrift, die im unteren Zentrum das Bergbauemblem einfasst.</P><P>Die Wertseite zeigt einen Adler, den Schriftzug „BUNDESREPUBLIK DEUTSCHLAND“, Wertziffer und Wertbezeichnung, die Jahreszahl „2023“, die zwölf Europasterne sowie das Prägezeichen „G“.</P><P>Der Münzrand wird glatt und ohne Struktur ausgeführt.</P></Content></text></textdaten></norm>
<norm builddate="20240307214003" doknr="BJNR1910A0023BJNE000200000"><metadaten><jurabk>Münz25EuroBek 2023-12-11</jurabk><enbez>Schlussformel</enbez></metadaten><textdaten><text format="XML"><Content><P><SP>Der Bundesminister der Finanzen</SP></P></Content></text></textdaten></norm>
<norm builddate="20240307214003" doknr="BJNR1910A0023BJNE000300000"><metadaten><jurabk>Münz25EuroBek 2023-12-11</jurabk><enbez>Anlage</enbez></metadaten><textdaten><text format="XML"><Content><P><noindex><kommentar typ="Fundstelle">(Fundstelle: BGBl. 2023 I Nr. 401, S. 2)</kommentar></noindex></P><P/><table frame="none" pgwide="1" tocentry="%yes;"><tgroup align="left" char="" charoff="50" cols="2"><colspec colname="col1"/><colspec colname="col2"/><tbody valign="top"><row><entry VJ="1" align="center" colname="col1" colsep="0"><IMG Align="center" Height="1686" Pos="inline" SRC="bgbl1_2023_j04010_0010.jpg" Type="jpg" Units="" Width="1739" alt="Die Bildseite zeigt als Hauptelement einen hölzernen Schwibbogen aus dem Jahr 1925, der Motive der heimatlichen Stube mit Vorbereitungen zum Heiligen Abend abbildet. Das Emblem der beiden Bergmänner mit den sächsischen Kurschwertern und Schlägel sowie Eisen ist im unteren Bereich der Münze abgebildet. Der Schriftzug „Erzgebirgischer Schwibbogen“ wird entlang des Münzrunds gesetzt."/></entry><entry VJ="1" align="center" colname="col2"><IMG Align="center" Height="1685" Pos="inline" SRC="bgbl1_2023_j04010_0020.jpg" Type="jpg" Units="" Width="1739" alt="Die Wertseite zeigt einen Adler mit den oben umlaufenden zwölf Europasternen. Unter dem Adler befinden sich der Schriftzug „Bundesrepublik Deutschland“, die Jahreszahl „2023“, die Wertziffer „25“, die Wertbezeichnung „Euro“ sowie das Prägezeichen „G“."/></entry></row></tbody></tgroup></table></Content></text></textdaten></norm>
</dokumente>