<?xml version="1.0" encoding="UTF-8" ?><!DOCTYPE dokumente SYSTEM "http://www.gesetze-im-internet.de/dtd/1.01/gii-norm.dtd">
<dokumente builddate="20260106215553" doknr="BJNR1780A0025"><norm builddate="20260106215553" doknr="BJNR1780A0025"><metadaten><jurabk>BMWiEBVerfPAktV</jurabk><ausfertigung-datum manuell="ja">2025-12-18</ausfertigung-datum><fundstelle typ="amtlich"><periodikum>BGBl. I</periodikum><zitstelle>2025, Nr. 376</zitstelle></fundstelle><langue>Verordnung zur Weiterführung papiergebundener Akten in Bußgeldverfahren im Geschäftsbereich des Bundesministeriums für Wirtschaft und Energie</langue><standangabe checked="ja"><standtyp>Aufh</standtyp><standkommentar>V aufgeh. durch § 2 dieser V mit Ablauf d. 31.12.2026</standkommentar></standangabe></metadaten><textdaten><fussnoten><Content><P><BR/> <pre xml:space="preserve">(+++ Textnachweis ab: 30.12.2025 +++)<BR/><BR/></pre></P></Content></fussnoten></textdaten></norm>
<norm builddate="20260106215553" doknr="BJNR1780A0025BJNE000100000"><metadaten><jurabk>BMWiEBVerfPAktV</jurabk><enbez>Eingangsformel</enbez></metadaten><textdaten><text format="XML"><Content><P>Das Bundesministerium für Wirtschaft und Energie verordnet aufgrund der OWiG-Papierakte-Übertragungsverordnung vom 12. Dezember 2025 (BGBl. 2025 I Nr. 324):</P></Content></text></textdaten></norm>
<norm builddate="20260106215553" doknr="BJNR1780A0025BJNE000200000"><metadaten><jurabk>BMWiEBVerfPAktV</jurabk><enbez>§ 1</enbez><titel format="XML">Anlegung, Führung und Weiterführung von papiergebundenen Akten in Bußgeldverfahren des Bundeskartellamtes, der Bundesanstalt für Materialforschung und -prüfung und des Bundesamtes für Wirtschaft und Ausfuhrkontrolle</titel></metadaten><textdaten><text format="XML"><Content><P>Das Bundeskartellamt, die Bundesanstalt für Materialforschung und -prüfung und das Bundesamt für Wirtschaft und Ausfuhrkontrolle können abweichend von § 110a Absatz 1 Satz 1 und 2 des Gesetzes über Ordnungswidrigkeiten in der ab 1. Januar 2026 geltenden Fassung in Bußgeldverfahren Akten bis einschließlich 31. Dezember 2026 in Papierform anlegen sowie von anderer Stelle bis einschließlich 31. Dezember 2026 übermittelte elektronische Akten in Papierform führen oder weiterführen.</P></Content></text></textdaten></norm>
<norm builddate="20260106215553" doknr="BJNR1780A0025BJNE000300000"><metadaten><jurabk>BMWiEBVerfPAktV</jurabk><enbez>§ 2</enbez><titel format="XML">Außerkrafttreten</titel></metadaten><textdaten><text format="XML"><Content><P>Diese Verordnung tritt mit Ablauf des 31. Dezember 2026 außer Kraft.</P></Content></text></textdaten></norm>
<norm builddate="20260106215553" doknr="BJNR1780A0025BJNE000400000"><metadaten><jurabk>BMWiEBVerfPAktV</jurabk><enbez>§ 3</enbez><titel format="XML">Inkrafttreten</titel></metadaten><textdaten><text format="XML"><Content><P>Diese Verordnung tritt am Tag nach der Verkündung in Kraft.</P></Content></text></textdaten></norm>
</dokumente>