<?xml version="1.0" encoding="UTF-8" ?><!DOCTYPE dokumente SYSTEM "http://www.gesetze-im-internet.de/dtd/1.01/gii-norm.dtd">
<dokumente builddate="20210615213152" doknr="BJNR113900008"><norm builddate="20210615213152" doknr="BJNR113900008"><metadaten><jurabk>ChemKlimaschutzV</jurabk><amtabk>ChemKlimaschutzV</amtabk><ausfertigung-datum manuell="ja">2008-07-02</ausfertigung-datum><fundstelle typ="amtlich"><periodikum>BGBl I</periodikum><zitstelle>2008, 1139</zitstelle></fundstelle><kurzue>Chemikalien-Klimaschutzverordnung</kurzue><langue>Verordnung zum Schutz des Klimas vor Veränderungen durch den Eintrag bestimmter fluorierter Treibhausgase <FnR ID="F771263.1_BJNR113900008"/></langue><standangabe checked="ja"><standtyp>Stand</standtyp><standkommentar>Zuletzt geändert durch Art. 299 V v. 19.6.2020 I 1328</standkommentar></standangabe></metadaten><textdaten><text format="XML"><Footnotes><Footnote FnZ="*" Group="column" ID="F771263.1_BJNR113900008" Pos="normal" Postfix=")"><noindex>Die Verpflichtungen aus der Richtlinie 98/34/EG des Europäischen Parlaments und des Rates vom 22. Juni 1998 über ein Informationsverfahren auf dem Gebiet der Normen und technischen Vorschriften und der Vorschriften für die Dienste der Informationsgesellschaft (ABl. EG Nr. L 204 S. 37), zuletzt geändert durch die Richtlinie 2006/96/EG des Rates vom 20. November 2006 (ABl. EU Nr. L 363 S. 81), sind beachtet worden. § 3 Abs. 3 dient der Umsetzung von Artikel 6 Abs. 3 der Richtlinie 2006/40/EG des Europäischen Parlaments und des Rates vom 17. Mai 2006 über Emissionen aus Klimaanlagen in Kraftfahrzeugen und zur Änderung der Richtlinie 70/156/EWG des Rates (ABl. EU Nr. L 161 S. 12).</noindex></Footnote></Footnotes></text><fussnoten><Content><P><BR/> <pre xml:space="preserve">(+++ Textnachweis ab: 1.8.2008 +++)<BR/>(+++ Amtlicher Hinweis des Normgebers auf EG-Recht:<BR/>     Umsetzung der<BR/>       EGRL 40/2006            (CELEX Nr: 306L0040)<BR/>     Beachtung der<BR/>       EGRL 34/98              (CELEX Nr: 398L0034) +++)<BR/><BR/></pre></P></Content></fussnoten></textdaten></norm>
<norm builddate="20210615213152" doknr="BJNR113900008BJNE000100000"><metadaten><jurabk>ChemKlimaschutzV</jurabk><enbez>Eingangsformel</enbez></metadaten><textdaten><text format="XML"><Content><P>Es verordnet die Bundesregierung <DL Type="Dash"><DT>–</DT><DD Font="normal"><LA>auf Grund des § 14 Abs. 1 Nr. 3 Buchstabe a und b des Chemikaliengesetzes in der Fassung der Bekanntmachung vom 20. Juni 2002 (BGBl. I S. 2090),</LA></DD><DT>–</DT><DD Font="normal"><LA>auf Grund des § 17 Abs. 1 Nr. 1 Buchstabe b und Nr. 2 Buchstabe b, c und d in Verbindung mit Abs. 5 des Chemikaliengesetzes in der Fassung der Bekanntmachung vom 20. Juni 2002 (BGBl. I S. 2090), dessen Absatz 1 durch Artikel 1 Nr. 10 des Gesetzes vom 20. Mai 2008 (BGBl. I S. 922) geändert worden ist, nach Anhörung der beteiligten Kreise,</LA></DD><DT>–</DT><DD Font="normal"><LA>auf Grund des § 57 Satz 1 in Verbindung mit § 59 des Kreislaufwirtschafts- und Abfallgesetzes vom 27. September 1994 (BGBl. I S. 2705) unter Wahrung der Rechte des Bundestages sowie</LA></DD><DT>–</DT><DD Font="normal"><LA>auf Grund des § 24 Abs. 1 Nr. 2 und 4 in Verbindung mit den §§ 59 und 60 des Kreislaufwirtschafts- und Abfallgesetzes vom 27. September 1994 (BGBl. I S. 2705) nach Anhörung der beteiligten Kreise und unter Wahrung der Rechte des Bundestages:</LA></DD></DL></P></Content></text></textdaten></norm>
<norm builddate="20210615213152" doknr="BJNR113900008BJNE000202119"><metadaten><jurabk>ChemKlimaschutzV</jurabk><enbez>§ 1</enbez><titel format="XML">Anwendungsbereich</titel></metadaten><textdaten><text format="XML"><Content><P>(1) Diese Verordnung gilt ergänzend zu der Verordnung (EU) Nr. 517/2014 des Europäischen Parlaments und des Rates vom 16. April 2014 über fluorierte Treibhausgase und zur Aufhebung der Verordnung (EG) Nr. 842/2006 (ABl. L 150 vom 20.5.2014, S. 195).</P><P>(2) § 3 Absatz 2 und § 5 Absatz 2 Nummer 5 gelten nicht <DL Font="normal" Type="arabic"><DT>1.</DT><DD Font="normal"><LA Size="normal">auf Seeschiffen unter fremder Flagge oder auf Seeschiffen, für die das Bundesministerium für Verkehr und digitale Infrastruktur nach § 10 des Flaggenrechtsgesetzes in der Fassung der Bekanntmachung vom 26. Oktober 1994 (BGBl. I S. 3140), das zuletzt durch Artikel 561 der Verordnung vom 31. August 2015 (BGBl. I S. 1474) geändert worden ist, die Befugnis zur Führung der Bundesflagge zur ersten Überführungsreise in einen anderen Hafen verliehen hat,</LA></DD><DT>2.</DT><DD Font="normal"><LA Size="normal">an Bord von Wasserfahrzeugen, sofern der Heimatort dieser Fahrzeuge nicht im Geltungsbereich dieser Verordnung liegt, sowie</LA></DD><DT>3.</DT><DD Font="normal"><LA Size="normal">in Luftfahrzeugen, die nicht im Geltungsbereich dieser Verordnung eingetragen und zugelassen sind.</LA></DD></DL></P></Content></text><fussnoten/></textdaten></norm>
<norm builddate="20210615213152" doknr="BJNR113900008BJNE000301119"><metadaten><jurabk>ChemKlimaschutzV</jurabk><enbez>§ 2</enbez><titel format="XML">Begriffsbestimmungen</titel></metadaten><textdaten><text format="XML"><Content><P>Im Sinne dieser Verordnung bedeutet <DL Font="normal" Type="arabic"><DT>1.</DT><DD Font="normal"><LA Size="normal">Kältesatz</LA><LA Size="normal"><BR/>fabrikmäßig komplett hergestellte Kälteanlage, in der alle Kältemittel führenden Teile durch Flansche, Schraubverbindungen oder andere, mindestens gleichwertige Verbindungen dicht zusammengebaut sind;</LA></DD><DT>2.</DT><DD Font="normal"><LA Size="normal">spezifischer Kältemittelverlust</LA><LA Size="normal"><BR/>Kältemittelverlust einer Anwendung in Prozent pro Jahr, der mittels geeigneter Methoden entweder aus den Parametern gesamter Kältemittelverlust pro Jahr und Kältemittel-Füllmenge bei erstmaliger Inbetriebnahme oder aus den Parametern Kältemittel-Füllmenge bei erstmaliger Inbetriebnahme, Zeit und Summe der Nachfüllmengen an Kältemittel bestimmt wurde;</LA></DD><DT>3.</DT><DD Font="normal"><LA Size="normal">Normalbetrieb</LA><LA Size="normal">Betriebszustand einer stationären Anlage, deren Funktionstüchtigkeit nicht auf Grund einer Leckage beeinträchtigt oder ausgeschlossen ist, die auf ein plötzlich eingetretenes, außergewöhnliches Ereignis zurückzuführen ist.</LA></DD></DL>Im Übrigen gelten die Begriffsbestimmungen des Artikels 2 der Verordnung (EU) Nr. 517/2014.</P></Content></text><fussnoten/></textdaten></norm>
<norm builddate="20210615213152" doknr="BJNR113900008BJNE000401119"><metadaten><jurabk>ChemKlimaschutzV</jurabk><enbez>§ 3</enbez><titel format="XML">Verhinderung des Austrittes von fluorierten Treibhausgasen in die Atmosphäre</titel></metadaten><textdaten><text format="XML"><Content><P>(1) Wer ortsfeste Einrichtungen im Sinne des Artikels 4 Absatz 2 Buchstabe a bis d der Verordnung (EU) Nr. 517/2014 betreibt, hat sicherzustellen, dass zusätzlich zu den Anforderungen des Artikels 3 Absatz 1 und 2 der Verordnung (EU) Nr. 517/2014 der spezifische Kältemittelverlust der Einrichtung während des Normalbetriebs die folgenden Grenzwerte nicht überschreitet: <BR/><BR/><table frame="none" pgwide="1" tocentry="%yes;"><tgroup align="left" char="" charoff="50" cols="4"><colspec colname="col1" colwidth="0.20*"/><colspec colname="col2" colwidth="0.18*"/><colspec colname="col3" colwidth="1.82*"/><colspec colname="col4" colwidth="1.81*"/><tbody valign="top"><row><entry VJ="1" align="left" colsep="0" rowsep="0" valign="top">1.</entry><entry VJ="1" align="left" colsep="0" rowsep="0" valign="top"/><entry VJ="1" align="left" colsep="0" rowsep="0" valign="top">im Falle von Kältesätzen mit einer Kältemittel-Füllmenge von mindestens 3 Kilogramm</entry><entry VJ="1" align="left" colsep="0" rowsep="0" valign="top">1 Prozent</entry></row><row><entry VJ="1" align="left" colsep="0" rowsep="0" valign="top">2.</entry><entry VJ="1" align="left" colsep="0" rowsep="0" valign="top"/><entry VJ="1" align="left" colsep="0" rowsep="0" valign="top">im Falle von nach dem 30. Juni 2008 am Aufstellungsort errichteten Anwendungen</entry><entry VJ="1" align="left" colsep="0" rowsep="0" valign="top"/></row><row><entry VJ="1" align="left" colsep="0" rowsep="0" valign="top"/><entry VJ="1" align="left" colsep="0" rowsep="0" valign="top">a)</entry><entry VJ="1" align="left" colsep="0" rowsep="0" valign="top">mit einer Kältemittel-Füllmenge unter 10 Kilogramm</entry><entry VJ="1" align="left" colsep="0" rowsep="0" valign="top">3 Prozent</entry></row><row><entry VJ="1" align="left" colsep="0" rowsep="0" valign="top"/><entry VJ="1" align="left" colsep="0" rowsep="0" valign="top">b)</entry><entry VJ="1" align="left" colsep="0" rowsep="0" valign="top">mit einer Kältemittel-Füllmenge von 10 bis 100 Kilogramm</entry><entry VJ="1" align="left" colsep="0" rowsep="0" valign="top">2 Prozent</entry></row><row><entry VJ="1" align="left" colsep="0" rowsep="0" valign="top"/><entry VJ="1" align="left" colsep="0" rowsep="0" valign="top">c)</entry><entry VJ="1" align="left" colsep="0" rowsep="0" valign="top">mit einer Kältemittel-Füllmenge über 100 Kilogramm</entry><entry VJ="1" align="left" colsep="0" rowsep="0" valign="top">1 Prozent</entry></row><row><entry VJ="1" align="left" colsep="0" rowsep="0" valign="top">3.</entry><entry VJ="1" align="left" colsep="0" rowsep="0" valign="top"/><entry VJ="1" align="left" colsep="0" rowsep="0" valign="top">im Falle von nach dem 30. Juni 2005 und bis zum 30. Juni 2008 am Aufstellungsort errichteten Anwendungen</entry><entry VJ="1" align="left" colsep="0" rowsep="0" valign="top"/></row><row><entry VJ="1" align="left" colsep="0" rowsep="0" valign="top"/><entry VJ="1" align="left" colsep="0" rowsep="0" valign="top">a)</entry><entry VJ="1" align="left" colsep="0" rowsep="0" valign="top">mit einer Kältemittel-Füllmenge unter 10 Kilogramm</entry><entry VJ="1" align="left" colsep="0" rowsep="0" valign="top">6 Prozent</entry></row><row><entry VJ="1" align="left" colsep="0" rowsep="0" valign="top"/><entry VJ="1" align="left" colsep="0" rowsep="0" valign="top">b)</entry><entry VJ="1" align="left" colsep="0" rowsep="0" valign="top">mit einer Kältemittel-Füllmenge von 10 bis 100 Kilogramm</entry><entry VJ="1" align="left" colsep="0" rowsep="0" valign="top">4 Prozent</entry></row><row><entry VJ="1" align="left" colsep="0" rowsep="0" valign="top"/><entry VJ="1" align="left" colsep="0" rowsep="0" valign="top">c)</entry><entry VJ="1" align="left" colsep="0" rowsep="0" valign="top">mit einer Kältemittel-Füllmenge über 100 Kilogramm</entry><entry VJ="1" align="left" colsep="0" rowsep="0" valign="top">2 Prozent</entry></row><row><entry VJ="1" align="left" colsep="0" rowsep="0" valign="top">4.</entry><entry VJ="1" align="left" colsep="0" rowsep="0" valign="top"/><entry VJ="1" align="left" colsep="0" rowsep="0" valign="top">im Falle von bis zum 30. Juni 2005 am Aufstellungsort errichteten Anwendungen</entry><entry VJ="1" align="left" colsep="0" rowsep="0" valign="top"/></row><row><entry VJ="1" align="left" colsep="0" rowsep="0" valign="top"/><entry VJ="1" align="left" colsep="0" rowsep="0" valign="top">a)</entry><entry VJ="1" align="left" colsep="0" rowsep="0" valign="top">mit einer Kältemittel-Füllmenge unter 10 Kilogramm</entry><entry VJ="1" align="left" colsep="0" rowsep="0" valign="top">8 Prozent</entry></row><row><entry VJ="1" align="left" colsep="0" rowsep="0" valign="top"/><entry VJ="1" align="left" colsep="0" rowsep="0" valign="top">b)</entry><entry VJ="1" align="left" colsep="0" rowsep="0" valign="top">mit einer Kältemittel-Füllmenge von 10 bis 100 Kilogramm</entry><entry VJ="1" align="left" colsep="0" rowsep="0" valign="top">6 Prozent</entry></row><row><entry VJ="1" align="left" colsep="0" rowsep="1" valign="top"/><entry VJ="1" align="left" colsep="0" rowsep="1" valign="top">c)</entry><entry VJ="1" align="left" colsep="0" rowsep="1" valign="top">mit einer Kältemittel-Füllmenge über 100 Kilogramm</entry><entry VJ="1" align="left" colsep="0" rowsep="1" valign="top">4 Prozent.</entry></row></tbody></tgroup></table><BR/>Die Betreiber von Einrichtungen nach Satz 1 haben den Zugang zu allen lösbaren Verbindungsstellen sicherzustellen, sofern dies technisch möglich und zumutbar ist. Die Sätze 1 und 2 gelten nicht für <DL Font="normal" Type="arabic"><DT>1.</DT><DD Font="normal"><LA Size="normal">Einrichtungen mit hermetisch geschlossenen Systemen, die als solche gekennzeichnet sind und weniger als sechs Kilogramm fluorierte Treibhausgase enthalten,</LA></DD><DT>2.</DT><DD Font="normal"><LA Size="normal">Einrichtungen im Steinkohlentiefbergbau und vergleichbare Einrichtungen unter Tage.</LA></DD></DL></P><P>(2) Wer mobile Einrichtungen betreibt, die der Kühlung von Gütern beim Transport dienen und mindestens drei Kilogramm fluorierte Treibhausgase als Kältemittel enthalten, hat die Einrichtungen mindestens einmal alle zwölf Monate mittels geeigneten Geräts auf Dichtheit zu überprüfen. Satz 1 gilt nicht für <DL Font="normal" Type="arabic"><DT>1.</DT><DD Font="normal"><LA Size="normal">Kälteanlagen auf Kühllastkraftwagen und -anhängern, die Kontrollen nach Artikel 4 Absatz 1 der Verordnung (EU) Nr. 517/2014 unterliegen,</LA></DD><DT>2.</DT><DD Font="normal"><LA Size="normal">Kraftfahrzeuge, deren regelmäßiger Standort außerhalb des Geltungsbereichs dieser Verordnung liegt,</LA></DD><DT>3.</DT><DD Font="normal"><LA Size="normal">Kühlcontainer.</LA></DD></DL>Über die Dichtheitsprüfungen nach Satz 1 hat der Betreiber Aufzeichnungen zu führen, wobei mindestens Art und Menge nachgefüllter oder rückgewonnener fluorierter Treibhausgase zu dokumentieren sind. Der Betreiber hat die Aufzeichnungen nach Satz 3 nach ihrer Erstellung mindestens fünf Jahre aufzubewahren und der zuständigen Behörde auf Verlangen vorzulegen.</P><P>(3) Wer Dienste zur Wartung oder Reparatur von Klimaanlagen in Fahrzeugen im Sinne des Artikels 3 Nr. 1 und 3 der Richtlinie 2006/40/EG des Europäischen Parlaments und des Rates vom 17. Mai 2006 über Emissionen aus Klimaanlagen in Kraftfahrzeugen und zur Änderung der Richtlinie 70/156/EWG des Rates (ABl. EU Nr. L 161 S. 12) anbietet, darf solche Klimaanlagen, aus denen eine über das gewöhnliche Maß hinausgehende Menge des Kältemittels entwichen ist, nur mit fluorierten Treibhausgasen befüllen, wenn die Undichtigkeit zuvor beseitigt wurde.</P><P>(4) (weggefallen)</P></Content></text><fussnoten/></textdaten></norm>
<norm builddate="20210615213152" doknr="BJNR113900008BJNE000505124"><metadaten><jurabk>ChemKlimaschutzV</jurabk><enbez>§ 4</enbez><titel format="XML">Rückgewinnung und Rücknahme verwendeter Stoffe</titel></metadaten><textdaten><text format="XML"><Content><P>(1) Betreiber, die für die Rückgewinnung fluorierter Treibhausgase aus Einrichtungen nach Artikel 8 Absatz 1 der Verordnung (EU) Nr. 517/2014 verantwortlich sind, oder Unternehmen, die für die Rückgewinnung von Gasresten aus Behältern nach Artikel 8 Absatz 2 der Verordnung (EU) Nr. 517/2014 verantwortlich sind, können die Erfüllung ihrer Pflichten auf Dritte übertragen.</P><P>(2) Die Hersteller und Vertreiber von fluorierten Treibhausgasen sind verpflichtet, diese nach Gebrauch zurückzunehmen oder die Rücknahme durch einen von ihnen bestimmten Dritten sicherzustellen. Satz 1 gilt nicht, soweit die Vorschriften der Verordnung über die Entsorgung gebrauchter halogenierter Lösemittel vom 23. Oktober 1989 (BGBl. I S. 1918), die durch Artikel 7b der Verordnung vom 20. Oktober 2006 (BGBl. I S. 2298, 2007 I S. 2316) geändert worden ist, anzuwenden sind.</P><P>(3) Wer <DL Font="normal" Type="arabic"><DT>1.</DT><DD Font="normal"><LA Size="normal">nach Absatz 2 fluorierte Treibhausgase zurücknimmt oder</LA></DD><DT>2.</DT><DD Font="normal"><LA Size="normal">als Betreiber einer Entsorgungsanlage fluorierte Treibhausgase entsorgt,</LA></DD></DL>hat über Art und Menge der zurückgenommenen oder entsorgten Stoffe und Zubereitungen sowie über deren Verbleib Aufzeichnungen zu führen. Die Aufzeichnungen sind nach ihrer Erstellung mindestens fünf Jahre lang aufzubewahren und der zuständigen Behörde auf Verlangen vorzulegen. Soweit der Betreiber einer Entsorgungsanlage nach § 49 des Kreislaufwirtschaftsgesetzes in Verbindung mit Teil 3 der Nachweisverordnung vom 20. Oktober 2006 (BGBl. I S. 2298, 2007 I S. 2316), die zuletzt durch Artikel 97 der Verordnung vom 31. August 2015 (BGBl. I S. 1474) geändert worden ist, über die Entsorgung fluorierter Treibhausgase Register zu führen hat, werden die erforderlichen Aufzeichnungen durch die Register nach der Nachweisverordnung ersetzt. In diesem Fall ist bei der Führung des Registers nach § 24 Abs. 2 der Nachweisverordnung in den in das Register einzustellenden Begleitdokumenten zusätzlich im Feld „Frei für Vermerke“ und bei Führung der Register nach § 24 Abs. 4 und 5 der Nachweisverordnung zusätzlich zur Angabe des Abfallschlüssels und der Abfallart jeweils der entsorgte Stoff oder die entsprechende Stoffgruppe nach Anhang I der Verordnung (EU) Nr. 517/2014 zu nennen und anzugeben, ob eine Verwertung oder Beseitigung erfolgte. Die Bestimmungen zur elektronischen Nachweis- und Registerführung nach den §§ 17 bis 22 der Nachweisverordnung finden entsprechende Anwendung mit der Maßgabe, dass die für die zusätzlichen Angaben nach Satz 4 erforderlichen Schnittstellen nach § 18 Abs. 1 Satz 2 der Nachweisverordnung vom Bundesministerium für Umwelt, Naturschutz und nukleare Sicherheit bekannt gegeben werden.</P></Content></text><fussnoten/></textdaten></norm>
<norm builddate="20210615213152" doknr="BJNR113900008BJNE000605119"><metadaten><jurabk>ChemKlimaschutzV</jurabk><enbez>§ 5</enbez><titel format="XML">Persönliche Voraussetzungen für bestimmte Tätigkeiten</titel></metadaten><textdaten><text format="XML"><Content><P>(1) Eine in Artikel 10 Absatz 1 Buchstabe a bis c der Verordnung (EU) Nr. 517/2014 aufgeführte Tätigkeit sowie die Rückgewinnung aus Klimaanlagen in Kraftfahrzeugen, die nicht in Artikel 8 Absatz 1 der Verordnung (EU) Nr. 517/2014 aufgeführt sind, oder die Rückgewinnung aus anderen mobilen Kälte- und Klimaanlagen darf nur von Personen durchgeführt werden, die <DL Font="normal" Type="arabic"><DT>1.</DT><DD Font="normal"><LA Size="normal">eine die betreffende Tätigkeit abdeckende Sachkundebescheinigung nach Absatz 2 Satz 1 oder 4 oder ein entsprechendes in einem anderen Mitgliedstaat der Europäischen Gemeinschaft oder in einem Vertragsstaat des Abkommens über den Europäischen Wirtschaftsraum erworbenes Zertifikat nach Artikel 10 Absatz 1 oder Absatz 7 der Verordnung (EU) Nr. 517/2014 vorweisen können,</LA></DD><DT>2.</DT><DD Font="normal"><LA Size="normal">über die zu der Tätigkeit erforderliche technische Ausstattung verfügen,</LA></DD><DT>3.</DT><DD Font="normal"><LA Size="normal">zuverlässig sind und</LA></DD><DT>4.</DT><DD Font="normal"><LA Size="normal">im Falle der Dichtheitskontrolle nach Artikel 4 Absatz 1, 2 Unterabsatz 1 oder 2 oder Absatz 3 der Verordnung (EU) Nr. 517/2014 hinsichtlich dieser Tätigkeit keinen Weisungen unterliegen.</LA></DD></DL>Satz 1 Nummer 1 gilt nicht für Personen, die <DL Font="normal" Type="arabic"><DT>1.</DT><DD Font="normal"><LA Size="normal">an einem Ausbildungskurs zum Erwerb einer Sachkundebescheinigung teilnehmen, nach Maßgabe der für die betreffende Tätigkeit anwendbaren Vorschriften des <DL Font="normal" Type="alpha"><DT>a)</DT><DD Font="normal"><LA Size="normal">Artikels 3 Absatz 4 der Durchführungsverordnung (EU) 2015/2067 der Kommission vom 17. November 2015 zur Festlegung – gemäß der Verordnung (EU) Nr. 517/2014 des Europäischen Parlaments und des Rates – der Mindestanforderungen und der Bedingungen für die gegenseitige Anerkennung im Hinblick auf die Zertifizierung von natürlichen Personen in Bezug auf fluorierte Treibhausgase enthaltende ortsfeste Kälteanlagen, Klimaanlagen und Wärmepumpen sowie Kühlaggregate in Kühlkraftfahrzeugen und -anhängern und auf die Zertifizierung von Unternehmen in Bezug auf fluorierte Treibhausgase enthaltende ortsfeste Kälteanlagen, Klimaanlagen und Wärmepumpen (ABl. L 301 vom 18.11.2015, S. 28),</LA></DD><DT>b)</DT><DD Font="normal"><LA Size="normal">Artikels 4 Abs. 2 der Verordnung (EG) Nr. 304/2008 der Kommission vom 2. April 2008 zur Festlegung – gemäß der Verordnung (EG) Nr. 842/2006 des Europäischen Parlaments und des Rates – der Mindestanforderungen für die Zertifizierung von Unternehmen und Personal in Bezug auf bestimmte fluorierte Treibhausgase enthaltende ortsfeste Brandschutzsysteme und Feuerlöscher sowie der Bedingungen für die gegenseitige Anerkennung der diesbezüglichen Zertifikate (ABl. EU Nr. L 92 S. 12),</LA></DD><DT>c)</DT><DD Font="normal"><LA Size="normal">Artikels 2 Absatz 2 Buchstabe a der Durchführungsverordnung (EU) 2015/2066 der Kommission vom 17. November 2015 zur Festlegung – gemäß der Verordnung (EU) Nr. 517/2014 des Europäischen Parlaments und des Rates – der Mindestanforderungen und der Bedingungen für die gegenseitige Anerkennung im Hinblick auf die Zertifizierung von natürlichen Personen, die fluorierte Treibhausgase enthaltende elektrische Schaltanlagen installieren, warten, instand halten, reparieren oder stilllegen oder fluorierte Treibhausgase aus ortsfesten elektrischen Schaltanlagen zurückgewinnen (ABl. L 301 vom 18.11.2015, S. 22),</LA></DD><DT>d)</DT><DD Font="normal"><LA Size="normal">Artikels 2 Abs. 2 der Verordnung (EG) Nr. 306/2008 der Kommission vom 2. April 2008 zur Festlegung – gemäß der Verordnung (EG) Nr. 842/2006 des Europäischen Parlaments und des Rates – der Mindestanforderungen für die Zertifizierung von Personal, das bestimmte fluorierte Treibhausgase enthaltende Lösungsmittel aus Ausrüstungen rückgewinnt, sowie der Bedingungen für die gegenseitige Anerkennung der diesbezüglichen Zertifikate (ABl. EU Nr. L 92 S. 21) oder</LA></DD><DT>e)</DT><DD Font="normal"><LA Size="normal">Artikels 2 Abs. 2 der Verordnung (EG) Nr. 307/2008 der Kommission vom 2. April 2008 zur Festlegung – gemäß der Verordnung (EG) Nr. 842/2006 des Europäischen Parlaments und des Rates – der Mindestanforderungen für Ausbildungsprogramme sowie der Bedingungen für die gegenseitige Anerkennung von Ausbildungsbescheinigungen für Personal in Bezug auf bestimmte fluorierte Treibhausgase enthaltende Klimaanlagen in bestimmten Kraftfahrzeugen (ABl. EU Nr. L 92 S. 25),</LA></DD></DL></LA></DD><DT>2.</DT><DD Font="normal"><LA Size="normal">im Rahmen einer Tätigkeit im Sinne des Artikels 2 Abs. 1 der Durchführungsverordnung (EU) 2015/2067 Teile eines Systems oder einer Einrichtung hartlöten, weichlöten oder schweißen, nach Maßgabe des Artikels 3 Absatz 3 Buchstabe a der Durchführungsverordnung (EU) 2015/2067 oder</LA></DD><DT>3.</DT><DD Font="normal"><LA Size="normal">in Betrieben, die über ein Überwachungszertifikat im Sinne des § 14 der Entsorgungsfachbetriebeverordnung vom 10. September 1996 (BGBl. I S. 1421), die zuletzt durch Artikel 2 der Verordnung vom 5. Dezember 2013 (BGBl. I S. 4043) geändert worden ist, verfügen, fluorierte Treibhausgase aus Geräten nach Anhang I des Elektro- und Elektronikgerätegesetzes mit einer Füllmenge von weniger als 3 Kilogramm und weniger als 5 Tonnen CO<SUB>2</SUB>-Äquivalenten fluorierten Treibhausgasen rückgewinnen, nach Maßgabe des Artikels 3 Absatz 3 Buchstabe b der Durchführungsverordnung (EU) 2015/2067.</LA></DD></DL></P><P>(2) Eine Sachkundebescheinigung über die Befähigung für die jeweilige Tätigkeit wird Personen ausgestellt, die <DL Font="normal" Type="arabic"><DT>1.</DT><DD Font="normal"><LA Size="normal">im Falle von Tätigkeiten an ortsfesten Kälte- und Klimaanlagen, Wärmepumpen oder Kälteanlagen in Kühllastkraftwagen oder -anhängern eine zu der jeweiligen Tätigkeit befähigende technische oder handwerkliche Ausbildung erfolgreich absolviert haben oder gemäß Satz 5 oder § 5 Absatz 4 der Chemikalien-Ozonschichtverordnung in der Fassung der Bekanntmachung vom 15. Februar 2012 (BGBl. I S. 409), die zuletzt durch Artikel 5 Absatz 5 des Gesetzes vom 20. Oktober 2015 (BGBl. I S. 1739) geändert worden ist, von dem Erfordernis einer technischen oder handwerklichen Ausbildung befreit sind und jeweils eine theoretische und praktische Prüfung nach Artikel 5 Absatz 1 der Verordnung (EG) Nr. 303/2008 der Kommission vom 2. April 2008 zur Festlegung – gemäß der Verordnung (EG) Nr. 842/2006 des Europäischen Parlaments und des Rates – der Mindestanforderungen für die Zertifizierung von Unternehmen und Personal in Bezug auf bestimmte fluorierte Treibhausgase enthaltende ortsfeste Kälteanlagen, Klimaanlagen und Wärmepumpen sowie der Bedingungen für die gegenseitige Anerkennung der diesbezüglichen Zertifikate (ABl. L 92 vom 3.4.2008, S. 3) oder Artikel 4 Absatz 1 der Durchführungsverordnung (EU) 2015/2067 bestanden haben,</LA></DD><DT>2.</DT><DD Font="normal"><LA Size="normal">im Falle von Tätigkeiten an Einrichtungen, die fluorierte Treibhausgase als Lösungsmittel enthalten, eine zu der jeweiligen Tätigkeit befähigende technische oder handwerkliche Ausbildung erfolgreich absolviert haben oder gemäß Satz 5 von dem Erfordernis einer technischen oder handwerklichen Ausbildung befreit sind und jeweils eine theoretische und praktische Prüfung nach Artikel 3 Abs. 1 der Verordnung (EG) Nr. 306/2008 bestanden haben,</LA></DD><DT>3.</DT><DD Font="normal"><LA Size="normal">im Falle von Tätigkeiten an ortsfesten Brandschutzeinrichtungen eine theoretische und praktische Prüfung nach Artikel 5 Abs. 1 der Verordnung (EG) Nr. 304/2008 bestanden haben,</LA></DD><DT>4.</DT><DD Font="normal"><LA Size="normal">im Falle von Tätigkeiten an elektrischen Schaltanlagen <DL Font="normal" Type="alpha"><DT>a)</DT><DD Font="normal"><LA Size="normal">nach Artikel 10 Absatz 1 Buchstabe a in Verbindung mit Artikel 4 Absatz 2 Buchstabe f der Verordnung (EU) Nr. 517/2014 eine zu der jeweiligen Tätigkeit befähigende technische oder handwerkliche Ausbildung erfolgreich absolviert haben oder gemäß Satz 5 von dem Erfordernis einer technischen oder handwerklichen Ausbildung befreit sind und eine theoretische und praktische Prüfung nach Artikel 3 Absatz 1 der Durchführungsverordnung (EU) 2015/2066 bestanden haben oder</LA></DD><DT>b)</DT><DD Font="normal"><LA Size="normal">nach Artikel 10 Absatz 1 Buchstabe c in Verbindung mit Artikel 8 Absatz 1 Buchstabe e der Verordnung (EU) Nr. 517/2014 eine theoretische und praktische Prüfung nach Artikel 3 Absatz 1 der Durchführungsverordnung (EU) 2015/2066 oder in Bezug auf Hochspannungsschaltanlagen nach Artikel 4 Absatz 1 der Verordnung (EG) Nr. 305/2008 der Kommission vom 2. April 2008 zur Festlegung – gemäß der Verordnung (EG) Nr. 842/2006 des Europäischen Parlaments und des Rates – der Mindestanforderungen für die Zertifizierung von Personal, das Tätigkeiten im Zusammenhang mit der Rückgewinnung bestimmter fluorierter Treibhausgase aus Hochspannungsschaltanlagen ausübt, sowie der Bedingungen für die gegenseitige Anerkennung der diesbezüglichen Zertifikate (ABl. L 92 vom 3.4.2008, S. 17) bestanden haben oder</LA></DD></DL></LA></DD><DT>5.</DT><DD Font="normal"><LA Size="normal">im Falle von Tätigkeiten an Klimaanlagen in Kraftfahrzeugen oder anderen mobilen Kälte- und Klimaanlagen, die nicht von Nummer 1 erfasst sind, erfolgreich an einem Trainingsprogramm nach Artikel 3 Absatz 2 der Verordnung (EG) Nr. 307/2008 teilgenommen haben oder die Voraussetzungen nach Nummer 1 erfüllen.</LA></DD></DL>Im Falle der Rückgewinnung von fluorierten Treibhausgasen aus Geräten nach den Anlagen 1 und 7 des Elektro- und Elektronikgerätegesetzes mit einer Füllmenge von mindestens drei Kilogramm fluorierten Treibhausgasen und mehr als 5 Tonnen CO<SUB>2</SUB>-Äquivalenten in Betrieben, die über ein Überwachungszertifikat im Sinne des § 14 der Entsorgungsfachbetriebeverordnung verfügen, ist eine zu dieser Tätigkeit befähigende technische oder handwerkliche Ausbildung nicht erforderlich. Zur Abnahme von Prüfungen nach Satz 1 Nr. 1 bis 4 und zur Erteilung von Sachkundebescheinigungen berechtigt sind die Handwerkskammern und Industrie- und Handelskammern als zuständige Stellen nach § 71 Abs. 1 und 2 des Berufsbildungsgesetzes vom 23. März 2005 (BGBl. I S. 931), das zuletzt durch Artikel 9b des Gesetzes vom 7. September 2007 (BGBl. I S. 2246) geändert worden ist, die Handwerksinnungen, soweit sie nach § 33 Abs. 1 Satz 3 der Handwerksordnung in der Fassung der Bekanntmachung vom 24. September 1998 (BGBl. I S. 3074, 2006 I S. 2095), die zuletzt durch Artikel 9a des Gesetzes vom 7. September 2007 (BGBl. I S. 2246) geändert worden ist, von der zuständigen Handwerkskammer zur Abnahme von Prüfungen ermächtigt wurden, sowie die von der zuständigen Behörde nach Absatz 3 anerkannten Stellen. Die zuständigen Handwerkskammern, Industrie- und Handelskammern und Handwerksinnungen erteilen Sachkundebescheinigungen über die Befähigung für die jeweilige Tätigkeit auf Antrag auch Personen, die <DL Font="normal" Type="arabic"><DT>1.</DT><DD Font="normal"><LA Size="normal">ein Abschlusszeugnis eines Ausbildungsganges, der den in Satz 1 genannten Anforderungen entspricht, vorweisen oder</LA></DD><DT>2.</DT><DD Font="normal"><LA Size="normal">im Falle des Satzes 1 Nr. 1 bis 4 ein Abschlusszeugnis nach Nummer 1 vorweisen, das die in Satz 1 genannten Anforderungen teilweise abdeckt und eine Zusatzprüfung über die darüber hinausgehenden theoretischen und praktischen Anforderungen bestanden haben.</LA></DD></DL>Die nach Satz 3 zuständigen Handwerkskammern und Industrie- und Handelskammern können im Einzelfall auf Antrag Personen von dem Erfordernis einer technischen oder handwerklichen Ausbildung nach Satz 1 Nummer 1, 2 und 4 Buchstabe a befreien, wenn die Personen die Voraussetzungen zur Eintragung in die Handwerksrolle in einem einschlägigen Handwerk erfüllen oder anderweitig nachweisen, dass sie für technische oder handwerkliche Tätigkeiten vergleichbar qualifiziert sind. Die zuständige Handwerkskammer oder Industrie- und Handelskammer kann vor einer Entscheidung eine Stellungnahme der fachlich zuständigen Innung oder Berufsvereinigung einholen.</P><P>(3) Die zuständige Behörde kann nach Maßgabe der Artikel 4 und 5 der Durchführungsverordnung (EU) 2015/2066, der Artikel 7 und 8 der Durchführungsverordnung (EU) 2015/2067, der Artikel 10 und 11 der Verordnung (EG) Nr. 304/2008 oder der Artikel 4 und 5 der Verordnung (EG) Nr. 306/2008 eine Aus- oder Fortbildungseinrichtung oder ein Unternehmen auf Antrag durch Erteilung einer entsprechenden Bescheinigung als zur Abnahme von Prüfungen nach Absatz 2 Satz 1 Nummer 1 bis 4 und zur Erteilung von Sachkundebescheinigungen nach Absatz 2 Satz 1 berechtigt anerkennen, wenn und soweit die dort durchgeführten Aus- und Fortbildungen sowie die entsprechenden Prüfungen den in Artikel 3 der Durchführungsverordnung (EU) 2015/2066, Artikel 4 der Durchführungsverordnung (EU) 2015/2067, Artikel 5 der Verordnung (EG) Nr. 304/2008, Artikel 3 der Verordnung (EG) Nr. 306/2008 oder in Artikel 3 der Verordnung (EG) Nr. 307/2008 aufgeführten Anforderungen entsprechen und die Einrichtung in den Fällen des Absatzes 2 Satz 1 Nummer 1, 2 und 4 Buchstabe a in der Lage ist, die Geeignetheit einer technischen oder handwerklichen Ausbildung zu beurteilen.</P></Content></text><fussnoten/></textdaten></norm>
<norm builddate="20210615213152" doknr="BJNR113900008BJNE000701119"><metadaten><jurabk>ChemKlimaschutzV</jurabk><enbez>§ 6</enbez><titel format="XML">Zertifizierung von Unternehmen</titel></metadaten><textdaten><text format="XML"><Content><P>(1) Unternehmen dürfen Tätigkeiten nach Artikel 3 Absatz 4 Unterabsatz 2 der Verordnung (EU) Nr. 517/2014 nur durchführen, wenn sie eines der nachstehenden Dokumente vorweisen können: <DL Font="normal" Type="arabic"><DT>1.</DT><DD Font="normal"><LA Size="normal">ein nach Absatz 2 ausgestelltes Unternehmenszertifikat,</LA></DD><DT>2.</DT><DD Font="normal"><LA Size="normal">ein nach Artikel 6 der Durchführungsverordnung (EU) 2015/2067, nach Artikel 8 der Verordnung (EU) Nr. 304/2008 oder nach Artikel 10 Absatz 7 der Verordnung (EU) Nr. 517/2014 in einem anderen Mitgliedstaat der Europäischen Union oder in einem Vertragsstaat des Abkommens über den Europäischen Wirtschaftsraum ausgestelltes Unternehmenszertifikat oder</LA></DD><DT>3.</DT><DD Font="normal"><LA Size="normal">eine nach § 6 Absatz 1 in der bis zum 17. Februar 2017 geltenden Fassung ausgestellte Bescheinigung.</LA></DD></DL>Dies gilt auch für Unternehmensteile, die diese Tätigkeiten im eigenen Unternehmen unabhängig ausführen.</P><P>(2) Die zuständige Behörde erteilt Unternehmen, die Tätigkeiten nach Absatz 1 durchführen, auf Antrag ein Unternehmenszertifikat nach Maßgabe von Artikel 6 Absatz 1 der Durchführungsverordnung (EU) 2015/2067 oder Artikel 8 der Verordnung (EG) Nr. 304/2008. In das Unternehmenszertifikat sind zusätzlich zu den in Artikel 8 Absatz 2 der Verordnung (EU) Nr. 304/2008 oder in Artikel 6 Absatz 2 der Durchführungsverordnung (EU) 2015/2067 aufgeführten Angaben mindestens folgende Angaben aufzunehmen: <DL Font="normal" Type="arabic"><DT>1.</DT><DD Font="normal"><LA Size="normal">Sitz des Unternehmens,</LA></DD><DT>2.</DT><DD Font="normal"><LA Size="normal">Bezeichnung des Standortes sowie der bescheinigten Tätigkeiten bezogen auf den Standort und seine Anlagen.</LA></DD></DL></P><P>(3) Ein Unternehmen, das ein eingetragener EMAS-Standort nach Artikel 6 der Verordnung (EG) Nr. 761/2001 des Europäischen Parlaments und des Rates vom 19. März 2001 über die freiwillige Beteiligung von Organisationen an einem Gemeinschaftssystem für das Umweltmanagement und die Umweltbetriebsprüfung (EMAS) (ABl. EG Nr. L 114 S. 1), die zuletzt durch die Verordnung (EG) Nr. 196/2006 der Kommission vom 3. Februar 2006 (ABl. EU Nr. L 32 S. 4) geändert wurde, in der jeweiligen Fassung ist und Tätigkeiten nach Absatz 1 ausübt, erhält das in Absatz 2 genannte Unternehmenszertifikat, sofern aus der Umwelterklärung oder dem Bericht über die Umweltbetriebsprüfung hervorgeht, dass die Voraussetzungen in § 6 Absatz 2 eingehalten sind und die nach Artikel 6 Absatz 2 der Durchführungsverordnung (EU) 2015/2067 oder Artikel 8 Absatz 2 der Verordnung (EG) Nr. 304/2008 und nach Absatz 2 Satz 2 erforderlichen Angaben ersichtlich sind.</P></Content></text><fussnoten/></textdaten></norm>
<norm builddate="20210615213152" doknr="BJNR113900008BJNE000801119"><metadaten><jurabk>ChemKlimaschutzV</jurabk><enbez>§ 7</enbez><titel format="XML">Kennzeichnung</titel></metadaten><textdaten><text format="XML"><Content><P>(1) Wer nach Artikel 12 der Verordnung (EU) Nr. 517/2014 in Verbindung mit Artikel 2 der Durchführungsverordnung (EU) 2015/2068 der Kommission vom 17. November 2015 zur Festlegung – gemäß der Verordnung (EU) Nr. 517/2014 des Europäischen Parlaments und des Rates – der Form der Kennzeichnung von Erzeugnissen und Einrichtungen, die fluorierte Treibhausgase enthalten (ABl. L 301 vom 18.11.2015, S. 39) kennzeichnungspflichtige Erzeugnisse oder Einrichtungen für den Einsatz in Deutschland in Verkehr bringt, hat sicherzustellen, dass in Bedienungsanleitungen und in zu Werbezwecken genutzten Beschreibungen die nach Artikel 12 Absatz 3 und 5 Satz 1 und 2 der Verordnung (EU) Nr. 517/2014 genannten Informationen in deutscher Sprache enthalten sind.</P><P>(2) Wer aufgearbeitete oder recycelte fluorierte Treibhausgase abfüllt oder abgibt, hat sicherzustellen, dass die Behälter, in denen die Treibhausgase abgegeben werden, gemäß Satz 2 gekennzeichnet sind. Die Kennzeichnung muss die Angaben nach Artikel 12 Absatz 6 der Verordnung (EU) Nr. 517/2014 in Verbindung mit Artikel 2 Absatz 7 Buchstabe a der Durchführungsverordnung (EU) 2015/2068 enthalten.</P></Content></text><fussnoten/></textdaten></norm>
<norm builddate="20210615213152" doknr="BJNR113900008BJNE001600119"><metadaten><jurabk>ChemKlimaschutzV</jurabk><enbez>§ 8</enbez><titel format="XML">Sonstige Betreiberpflichten</titel></metadaten><textdaten><text format="XML"><Content><P>(1) Der Betreiber einer stationären Einrichtung nach Artikel 4 Absatz 2 Buchstabe a bis d der Verordnung (EU) Nr. 517/2014 darf ein anderes Unternehmen mit der Durchführung von in Artikel 10 Absatz 1 Satz 2 der Verordnung (EU) Nr. 517/2014 genannten Tätigkeiten nur beauftragen, wenn das beauftragte Unternehmen die für die Ausführung der betreffenden Tätigkeit erforderliche Bescheinigung oder das erforderliche Unternehmenszertifikat nach § 6 Absatz 1 vorweisen kann. Beauftragt der Betreiber kein anderes Unternehmen, hat er sicherzustellen, dass diese Tätigkeiten durch natürliche Personen durchgeführt werden, die eine Sachkundebescheinigung nach § 5 Absatz 1 Satz 1 Nummer 1 vorweisen können.</P><P>(2) Der Betreiber von Kälteanlagen in Kühllastkraftfahrzeugen oder -anhängern nach Artikel 4 Absatz 2 Buchstabe e der Verordnung (EU) Nr. 517/2014 hat sicherzustellen, dass Tätigkeiten nach Artikel 10 Absatz 1 Satz 2 der Verordnung (EU) Nr. 517/2014 von natürlichen Personen durchgeführt werden, die eine zu der jeweiligen Tätigkeit befähigende Sachkundebescheinigung nach § 5 Absatz 1 Satz 1 Nummer 1 vorweisen können.</P><P>(3) Der Betreiber von Klimaanlagen in Kraftfahrzeugen oder anderen mobilen Kälte- und Klimaanlagen, die nicht von Absatz 2 erfasst sind, hat sicherzustellen, dass die Rückgewinnung fluorierter Treibhausgase aus solchen Anlagen von natürlichen Personen durchgeführt wird, die eine zu der jeweiligen Tätigkeit befähigende Sachkundebescheinigung nach § 5 Absatz 1 Satz 1 Nummer 1 vorweisen können.</P><P>(4) Der Betreiber von elektrischen Schaltanlagen nach Artikel 4 Absatz 2 Buchstabe f der Verordnung (EU) Nr. 517/2014 hat sicherzustellen, dass Tätigkeiten nach Artikel 10 Absatz 1 Satz 2 Buchstabe a und c von natürlichen Personen durchgeführt werden, die eine zu der jeweiligen Tätigkeit befähigende Sachkundebescheinigung nach § 5 Absatz 1 Satz 1 Nummer 1 vorweisen können.</P></Content></text><fussnoten/></textdaten></norm>
<norm builddate="20210615213152" doknr="BJNR113900008BJNE001701119"><metadaten><jurabk>ChemKlimaschutzV</jurabk><enbez>§ 9</enbez><titel format="XML">Inverkehrbringen, Verkauf und Kauf fluorierter Treibhausgase</titel></metadaten><textdaten><text format="XML"><Content><P>(1) Wer teilfluorierte Kohlenwasserstoffe in Verkehr bringt, bedarf der vorherigen Zuteilung einer Quote nach Artikel 16 Absatz 5 Satz 1 der Verordnung (EU) Nr. 517/2014 durch die Europäische Kommission oder der Übertragung einer solchen Quote nach Artikel 18 Absatz 1 der Verordnung (EU) Nr. 517/2014. Dies gilt nicht für die in Artikel 15 Absatz 2 Satz 2 genannten Arten von teilfluorierten Treibhausgasen sowie Mengen teilfluorierter Treibhausgase, für die die Kommission nach Artikel 15 Absatz 4 der Verordnung (EU) Nr. 517/2014 eine Ausnahme von der Quotenregelung genehmigt hat.</P><P>(2) Fluorierte Treibhausgase dürfen für die in Artikel 11 Absatz 4 Satz 1 der Verordnung (EU) Nr. 517/2014 genannten Zwecke nur an Unternehmen verkauft und von Unternehmen gekauft werden, die eine in § 6 Absatz 1 genannte Bescheinigung oder ein dort genanntes Unternehmenszertifikat vorweisen können oder, sofern eine Bescheinigung oder ein solches Zertifikat nicht vorgeschrieben ist, Personen beschäftigen, die eine Sachkundebescheinigung nach § 5 Absatz 1 Satz 1 Nummer 1 vorweisen können.</P><P>(3) Einrichtungen gemäß Artikel 11 Absatz 5 der Verordnung (EU) Nr. 517/2014 dürfen nur an Endverbraucher verkauft werden, die dem Verkäufer schriftlich nachweisen, dass die Installation der Einrichtung durch ein Unternehmen erfolgt, das ein Unternehmenszertifikat nach § 6 Absatz 1 vorweisen kann.</P><P>(4) Absatz 2 gilt bis zum 1. Juli 2017 nicht für den Verkauf an Unternehmen und den Kauf durch Unternehmen, die die in Artikel 9 der Durchführungsverordnung (EU) 2015/2066 aufgeführten Tätigkeiten durchführen.</P></Content></text><fussnoten/></textdaten></norm>
<norm builddate="20210615213152" doknr="BJNR113900008BJNE000902119"><metadaten><jurabk>ChemKlimaschutzV</jurabk><enbez>§ 10</enbez><titel format="XML">Ordnungswidrigkeiten</titel></metadaten><textdaten><text format="XML"><Content><P>(1) Ordnungswidrig im Sinne des § 26 Absatz 1 Nummer 5 Buchstabe c des Chemikaliengesetzes handelt, wer vorsätzlich oder fahrlässig <DL Font="normal" Type="arabic"><DT>1.</DT><DD Font="normal"><LA Size="normal">entgegen § 7 Absatz 1 nicht sicherstellt, dass eine dort genannte Information enthalten ist, oder</LA></DD><DT>2.</DT><DD Font="normal"><LA Size="normal">entgegen § 7 Absatz 2 Satz 1 nicht sicherstellt, dass ein dort genannter Behälter gekennzeichnet ist.</LA></DD></DL></P><P>(2) Ordnungswidrig im Sinne des § 26 Abs. 1 Nr. 7 Buchstabe a des Chemikaliengesetzes handelt, wer vorsätzlich oder fahrlässig <DL Font="normal" Type="arabic"><DT>1.</DT><DD Font="normal"><LA Size="normal">entgegen § 3 Abs. 1 Satz 1 nicht sicherstellt, dass der Kältemittelverlust einen dort genannten Grenzwert nicht überschreitet,</LA></DD><DT>2.</DT><DD Font="normal"><LA Size="normal">entgegen § 3 Absatz 1 Satz 2 den Zugang zu einer Verbindungsstelle nicht sicherstellt,</LA></DD><DT>3.</DT><DD Font="normal"><LA Size="normal">entgegen § 3 Abs. 2 Satz 1 eine Einrichtung nicht oder nicht rechtzeitig überprüft,</LA></DD><DT>4.</DT><DD Font="normal"><LA Size="normal">entgegen § 3 Abs. 3 eine Klimaanlage befüllt,</LA></DD><DT>5.</DT><DD Font="normal"><LA Size="normal">entgegen § 5 Abs. 1 Satz 1 oder § 6 Absatz 1 Satz 1, auch in Verbindung mit Satz 2, eine dort genannte Tätigkeit durchführt,</LA></DD><DT>6.</DT><DD Font="normal"><LA Size="normal">entgegen § 8 Absatz 1 Satz 1 ein dort genanntes Unternehmen beauftragt,</LA></DD><DT>7.</DT><DD Font="normal"><LA Size="normal">entgegen § 8 Absatz 1 Satz 2, Absatz 2, Absatz 3 oder Absatz 4 nicht sicherstellt, dass eine dort genannte Tätigkeit durch dort genannte Personen durchgeführt wird,</LA></DD><DT>8.</DT><DD Font="normal"><LA Size="normal">entgegen § 9 Absatz 2 fluorierte Treibhausgase verkauft oder kauft oder</LA></DD><DT>9.</DT><DD Font="normal"><LA Size="normal">entgegen § 9 Absatz 3 eine dort genannte Einrichtung verkauft.</LA></DD></DL></P><P>(3) Ordnungswidrig im Sinne des § 26 Absatz 1 Nummer 7 Buchstabe c des Chemikaliengesetzes handelt, wer vorsätzlich oder fahrlässig <DL Font="normal" Type="arabic"><DT>1.</DT><DD Font="normal"><LA Size="normal">entgegen § 3 Absatz 2 Satz 3 eine dort genannte Aufzeichnung nicht, nicht richtig oder nicht vollständig führt oder</LA></DD><DT>2.</DT><DD Font="normal"><LA Size="normal">entgegen § 3 Absatz 2 Satz 4 eine dort genannte Aufzeichnung nicht oder nicht mindestens fünf Jahre aufbewahrt oder nicht oder nicht rechtzeitig vorlegt.</LA></DD></DL></P><P>(4) Ordnungswidrig im Sinne des § 69 Absatz 1 Nummer 8 des Kreislaufwirtschaftsgesetzes handelt, wer vorsätzlich oder fahrlässig entgegen § 4 Absatz 2 Satz 1 fluorierte Treibhausgase nicht zurücknimmt oder die Rücknahme durch einen Dritten nicht sicherstellt.</P><P>(5) Ordnungswidrig im Sinne des § 69 Absatz 2 Nummer 15 des Kreislaufwirtschaftsgesetzes handelt, wer vorsätzlich oder fahrlässig entgegen § 4 Absatz 3 Satz 1 oder Satz 2 eine dort genannte Aufzeichnung nicht, nicht richtig oder nicht vollständig führt, nicht oder nicht mindestens fünf Jahre aufbewahrt oder nicht oder nicht rechtzeitig vorlegt.</P></Content></text><fussnoten/></textdaten></norm>
<norm builddate="20210615213152" doknr="BJNR113900008BJNE001800119"><metadaten><jurabk>ChemKlimaschutzV</jurabk><enbez>§ 11</enbez><titel format="XML">Straftaten</titel></metadaten><textdaten><text format="XML"><Content><P>Nach § 27 Absatz 1 Nummer 1, Absatz 2 bis 4 des Chemikaliengesetzes wird bestraft, wer ohne Zuteilung oder Übertragung nach § 9 Absatz 1 Satz 1 teilfluorierte Kohlenwasserstoffe in Verkehr bringt.</P></Content></text><fussnoten/></textdaten></norm>
<norm builddate="20210615213152" doknr="BJNR113900008BJNE001301119"><metadaten><jurabk>ChemKlimaschutzV</jurabk><enbez>§ 12</enbez><titel format="XML">Verfahrensvorschriften</titel></metadaten><textdaten><text format="XML"><Content><P>(1) Über einen Antrag auf <DL Font="normal" Type="arabic"><DT>1.</DT><DD Font="normal"><LA Size="normal">Erteilung einer Sachkundebescheinigung nach § 5 Absatz 2 Satz 1 oder Satz 4,</LA></DD><DT>2.</DT><DD Font="normal"><LA Size="normal">Befreiung nach § 5 Absatz 2 Satz 5 oder</LA></DD><DT>3.</DT><DD Font="normal"><LA Size="normal">Erteilung einer Bescheinigung nach § 5 Absatz 3 oder § 6 Absatz 1</LA></DD><DT>4.</DT><DD Font="normal"><LA Size="normal">(weggefallen)</LA></DD></DL>ist jeweils innerhalb einer Frist von drei Monaten zu entscheiden; § 42a Absatz 2 Satz 2 bis 4 des Verwaltungsverfahrensgesetzes findet Anwendung. Die Verfahren zur Erteilung der Bescheinigungen und einer Befreiung können jeweils über eine einheitliche Stelle abgewickelt werden. Die Bescheinigungen und Befreiungen nach Satz 1 gelten jeweils im gesamten Bundesgebiet.</P><P>(2) Für die Zwecke dieser Verordnung stehen Nachweise über die Erfüllung von Anforderungen an die Ausbildung nach § 5 Absatz 2 Satz 1 Nummer 1, 2 oder 4, die in einem anderen Mitgliedstaat der Europäischen Union oder in einem anderen Vertragsstaat des Abkommens über den Europäischen Wirtschaftsraum ausgestellt worden sind, inländischen Nachweisen gleich, soweit sie gleichwertig sind.</P><P>(3) Bei der Prüfung eines Antrags auf Erteilung einer Befreiung nach § 5 Absatz 2 Satz 5 oder eines Antrags auf Erteilung einer Bescheinigung nach § 5 Absatz 3 stehen Nachweise aus einem anderen Mitgliedstaat der Europäischen Union oder einem anderen Vertragsstaat des Abkommens über den Europäischen Wirtschaftsraum inländischen Nachweisen gleich, wenn aus ihnen hervorgeht, dass der Antragsteller die betreffenden Anforderungen für die Erteilung einer Befreiung nach § 5 Absatz 2 Satz 5 oder für die Erteilung einer Bescheinigung nach § 5 Absatz 3 oder die auf Grund ihrer Zielsetzung im Wesentlichen vergleichbaren Anforderungen des Ausstellungsstaats erfüllt.</P><P>(4) Nachweise im Sinne der Absätze 2 und 3 sind der zuständigen Behörde bei Antragstellung im Original oder in Kopie vorzulegen. Eine Beglaubigung der Kopie sowie eine beglaubigte deutsche Übersetzung können verlangt werden.</P></Content></text><fussnoten/></textdaten></norm>
<norm builddate="20210615213152" doknr="BJNR113900008BJNE001200000"><metadaten><jurabk>ChemKlimaschutzV</jurabk><enbez>Schlussformel</enbez></metadaten><textdaten><text format="XML"><Content><P>Der Bundesrat hat zugestimmt.</P></Content></text></textdaten></norm>
</dokumente>