<?xml version="1.0" encoding="UTF-8" ?><!DOCTYPE dokumente SYSTEM "http://www.gesetze-im-internet.de/dtd/1.01/gii-norm.dtd">
<dokumente builddate="20120625152847" doknr="BJNR011530967"><norm builddate="20120625152847" doknr="BJNR011530967"><metadaten><jurabk>BPräsKldgJWAnO</jurabk><ausfertigung-datum manuell="ja">1967-11-09</ausfertigung-datum><fundstelle typ="amtlich"><periodikum>BGBl I</periodikum><zitstelle>1967, 1153</zitstelle></fundstelle><langue>Anordnung des Bundespräsidenten über den Erlaß von Bestimmungen für die
Dienstkleidung der Justizwachtmeister im Bundesdienst</langue></metadaten><textdaten><text format="XML"><Content><P/></Content></text><fussnoten><Content><P>(+++ Textnachweis ab: 25.11.1967 +++)</P></Content></fussnoten></textdaten></norm>
<norm builddate="20120625152847" doknr="BJNR011530967BJNE000100303"><metadaten><jurabk>BPräsKldgJWAnO</jurabk><enbez>(XXXX)</enbez></metadaten><textdaten><text format="XML"><Content><P>Nach § 76 des Bundesbeamtengesetzes übertrage ich dem Bundesminister des Innern die Befugnis, Bestimmungen über die Dienstkleidung der Justizwachtmeister im Bundesdienst zu erlassen.</P></Content></text></textdaten></norm>
</dokumente>