<?xml version="1.0" encoding="UTF-8" ?><!DOCTYPE dokumente SYSTEM "http://www.gesetze-im-internet.de/dtd/1.01/gii-norm.dtd">
<dokumente builddate="20131008093838" doknr="BJNR207420979"><norm builddate="20131008093838" doknr="BJNR207420979"><metadaten><jurabk>RHiErsDPAZustV</jurabk><ausfertigung-datum manuell="ja">1979-06-22</ausfertigung-datum><fundstelle typ="amtlich"><periodikum>BGBl II</periodikum><zitstelle>1979, 742</zitstelle></fundstelle><langue>Verordnung über die Zuständigkeit des Deutschen Patentamts für die
Übermittlung von Rechtshilfeersuchen des Europäischen Patentamts</langue></metadaten><textdaten><text format="XML"><Content><P/></Content></text><fussnoten><Content><P>(+++ Textnachweis ab:  5. 7.1979 +++)</P></Content></fussnoten></textdaten></norm>
<norm builddate="20131008093838" doknr="BJNR207420979BJNE000100314"><metadaten><jurabk>RHiErsDPAZustV</jurabk><enbez>Eingangsformel</enbez></metadaten><textdaten><text format="XML"><Content><P>Auf Grund des Artikels II § 11 des Gesetzes über internationale Patentübereinkommen vom 21. Juni 1976 (BGBl. II S. 649) wird verordnet:</P></Content></text></textdaten></norm>
<norm builddate="20131008093838" doknr="BJNR207420979BJNE000200314"><metadaten><jurabk>RHiErsDPAZustV</jurabk><enbez>§ 1</enbez></metadaten><textdaten><text format="XML"><Content><P>Das Deutsche Patentamt in München wird als zentrale Behörde für die Entgegennahme und Weiterleitung der vom Europäischen Patentamt ausgehenden Rechtshilfeersuchen bestimmt.</P></Content></text></textdaten></norm>
<norm builddate="20131008093838" doknr="BJNR207420979BJNE000300314"><metadaten><jurabk>RHiErsDPAZustV</jurabk><enbez>§ 2</enbez></metadaten><textdaten><text format="XML"><Content><P>Diese Verordnung gilt nach § 14 des Dritten Überleitungsgesetzes in Verbindung mit Artikel XI § 2 des Gesetzes über internationale Patentübereinkommen auch im Land Berlin.</P></Content></text></textdaten></norm>
<norm builddate="20131008093838" doknr="BJNR207420979BJNE000400314"><metadaten><jurabk>RHiErsDPAZustV</jurabk><enbez>§ 3</enbez></metadaten><textdaten><text format="XML"><Content><P>Diese Verordnung tritt am Tage nach der Verkündung in Kraft.</P></Content></text></textdaten></norm>
<norm builddate="20131008093838" doknr="BJNR207420979BJNE000500314"><metadaten><jurabk>RHiErsDPAZustV</jurabk><enbez>Schlußformel</enbez></metadaten><textdaten><text format="XML"><Content><P><SP>Der Bundesminister der Justiz</SP></P></Content></text></textdaten></norm>
</dokumente>