<?xml version="1.0" encoding="UTF-8" ?><!DOCTYPE dokumente SYSTEM "http://www.gesetze-im-internet.de/dtd/1.01/gii-norm.dtd">
<dokumente builddate="20200305213025" doknr="BJNR157000995"><norm builddate="20200305213025" doknr="BJNR157000995"><metadaten><jurabk>LeasFachwirtPrV</jurabk><ausfertigung-datum manuell="ja">1995-11-30</ausfertigung-datum><fundstelle typ="amtlich"><periodikum>BGBl I</periodikum><zitstelle>1995, 1570</zitstelle></fundstelle><langue>Verordnung über die Prüfung zum anerkannten Abschluß Geprüfter
Leasingfachwirt/Geprüfte Leasingfachwirtin</langue><standangabe checked="ja"><standtyp>Stand</standtyp><standkommentar>Zuletzt geändert durch Art. 12 V v. 9.12.2019 I 2153</standkommentar></standangabe></metadaten><textdaten><text format="XML"><Content><P/></Content></text><fussnoten><Content><P><BR/> <pre xml:space="preserve">(+++ Textnachweis ab: 10.12.1995 +++)<BR/><BR/></pre>(+++ Zur Anwendung vgl. §§ 1 u. 3 FortbVenÄndV6AnwV +++)</P></Content></fussnoten></textdaten></norm>
<norm builddate="20200305213025" doknr="BJNR157000995BJNE000100310"><metadaten><jurabk>LeasFachwirtPrV</jurabk><enbez>Eingangsformel</enbez></metadaten><textdaten><text format="XML"><Content><P>Auf Grund des § 46 Abs. 2 des Berufsbildungsgesetzes vom 14. August 1969 (BGBl. I S. 1112), der zuletzt durch Artikel 5 Nr. 1 des Gesetzes vom 20. Dezember 1993 (BGBl. I S. 2256) geändert worden ist, in Verbindung mit Artikel 56 des Zuständigkeitsanpassungs-Gesetzes vom 18. März 1975 (BGBl. I S. 705) und dem Organisationserlaß vom 17. November 1994 (BGBl. I S. 3667) verordnet das Bundesministerium für Bildung, Wissenschaft, Forschung und Technologie nach Anhörung des Ständigen Ausschusses des Bundesinstituts für Berufsbildung und im Einvernehmen mit dem Bundesministerium für Wirtschaft:</P></Content></text></textdaten></norm>
<norm builddate="20200305213025" doknr="BJNR157000995BJNE000201128"><metadaten><jurabk>LeasFachwirtPrV</jurabk><enbez>§ 1</enbez><titel format="XML">Ziel der Prüfung und Bezeichnung des Abschlusses</titel></metadaten><textdaten><text format="XML"><Content><P>(1) Zum Nachweis von Kenntnissen, Fertigkeiten und Erfahrungen, die durch die berufliche Fortbildung zum Leasingfachwirt/zur Leasingfachwirtin erworben worden sind, kann die zuständige Stelle Prüfungen nach den §§ 2 bis 9 durchführen.</P><P>(2) Durch die Prüfung ist festzustellen, ob die zu prüfende Person die notwendigen Kenntnisse, Fertigkeiten und Erfahrungen hat, die folgenden Aufgaben eines Leasingfachwirtes wahrzunehmen: <DL Font="normal" Type="arabic"><DT>1.</DT><DD Font="normal"><LA Size="normal">selbständige Vorbereitung, Beurteilung und Abwicklung von Geschäftsvorgängen unter Berücksichtigung der Strukturen des Leasingmarktes und der Vertriebsformen, Vertragsmodelle und Refinanzierungsarten einschließlich des Immobilienleasing sowie der dafür zutreffenden Rechts- und Steuervorschriften; ebenso des betrieblichen Finanzwesens und der Finanzierungsformen und Handhabung der Methoden der Investitionsrechnung, soweit sie für das Leasing von Bedeutung sind;</LA></DD><DT>2.</DT><DD Font="normal"><LA Size="normal">Wahrnehmen qualifizierter Aufgaben bei der Vorbereitung von Investitionsentscheidungen, insbesondere Bonitäts- und Objektprüfung, ferner bei der Vertragsgestaltung und -abwicklung einschließlich Risikovorsorge und Vertragsstörungen;</LA></DD><DT>3.</DT><DD Font="normal"><LA Size="normal">Wahrnehmen von betrieblichen Leitungsaufgaben unter Beachtung von wirtschaftlichen, rechtlichen und sozialen Zusammenhängen.</LA></DD></DL></P><P>(3) Die erfolgreich abgelegte Prüfung führt zum anerkannten Abschluß Geprüfter Leasingfachwirt/Geprüfte Leasingfachwirtin.</P></Content></text><fussnoten><Content><P>(+++ Zur Anwendung vgl. §§ 1 u. 3 FortbVenÄndV6AnwV +++)</P></Content></fussnoten></textdaten></norm>
<norm builddate="20200305213025" doknr="BJNR157000995BJNE000300310"><metadaten><jurabk>LeasFachwirtPrV</jurabk><enbez>§ 2</enbez><titel format="parat">Zulassungsvoraussetzungen</titel></metadaten><textdaten><text format="XML"><Content><P>(1) Zur Prüfung ist zuzulassen, wer <DL Font="normal" Type="arabic"><DT>1.</DT><DD Font="normal"><LA Size="normal">eine mit Erfolg abgelegte Abschlußprüfung in einem anerkannten kaufmännischen oder verwaltenden Ausbildungsberuf und dabei erworbene Erfahrungen im Leasinggeschäft sowie danach eine mindestens zweijährige Berufspraxis oder</LA></DD> <DT>2.</DT><DD Font="normal"><LA Size="normal">eine mit Erfolg abgelegte Abschlußprüfung in einem anerkannten kaufmännischen oder verwaltenden Ausbildungsberuf und danach eine mindestens dreijährige Berufspraxis oder</LA></DD> <DT>3.</DT><DD Font="normal"><LA Size="normal">eine mindestens sechsjährige Berufspraxis</LA></DD> </DL>nachweist. Die Berufspraxis im Sinne des Satzes 1 muß in Tätigkeiten abgeleistet sein, die inhaltlich wesentliche Bezüge zum Leasinggeschäft haben.</P><P>(2) Abweichend von Absatz 1 kann zur Prüfung auch zugelassen werden, wer durch Vorlage von Zeugnissen oder auf andere Weise glaubhaft macht, daß er Kenntnisse, Fertigkeiten und Erfahrungen erworben hat, die die Zulassung zur Prüfung rechtfertigen.</P></Content> </text></textdaten></norm>
<norm builddate="20200305213025" doknr="BJNR157000995BJNE000400310"><metadaten><jurabk>LeasFachwirtPrV</jurabk><enbez>§ 3</enbez><titel format="parat">Gliederung und Inhalt der Prüfung</titel></metadaten><textdaten><text format="XML"><Content><P>(1) Die Prüfung gliedert sich in <DL Font="normal" Type="arabic"><DT>1.</DT><DD Font="normal"><LA Size="normal">einen wirtschaftszweigübergreifenden Teil,</LA></DD> <DT>2.</DT><DD Font="normal"><LA Size="normal">einen wirtschaftszweigspezifischen Teil.</LA></DD> </DL> </P><P>(2) Die Prüfung ist unbeschadet des § 6 schriftlich und mündlich nach Maßgabe der §§ 4 und 5 durchzuführen.</P><P>(3) Die einzelnen Prüfungsteile können in beliebiger Reihenfolge an verschiedenen Prüfungsterminen geprüft werden; dabei ist mit dem letzten Prüfungsteil spätestens zwei Jahre nach dem ersten Prüfungstag des als ersten abgelegten Prüfungsteils zu beginnen.</P></Content> </text></textdaten></norm>
<norm builddate="20200305213025" doknr="BJNR157000995BJNE000501128"><metadaten><jurabk>LeasFachwirtPrV</jurabk><enbez>§ 4</enbez><titel format="XML">Wirtschaftszweigübergreifender Teil</titel></metadaten><textdaten><text format="XML"><Content><P>(1) Im wirtschaftszweigübergreifenden Teil ist in folgenden Fächern zu prüfen: <DL Font="normal" Type="arabic"><DT>1.</DT><DD Font="normal"><LA Size="normal">Volks- und betriebswirtschaftliche Grundlagen,</LA></DD><DT>2.</DT><DD Font="normal"><LA Size="normal">Unternehmensführung, Personalwirtschaft und Betriebsorganisation,</LA></DD><DT>3.</DT><DD Font="normal"><LA Size="normal">Recht mit besonderem Bezug zum Leasing.</LA></DD></DL></P><P>(2) Im Prüfungsfach &quot;Volks- und betriebswirtschaftliche Grundlagen&quot; soll die zu prüfende Person nachweisen, daß sie volkswirtschaftliche Zusammenhänge erkennen und Auswirkungen wirtschaftspolitischer Maßnahmen auf unternehmerische Entscheidungen beurteilen kann. Ebenso soll sie nachweisen, daß sie die Aufgaben und Ziele von Leasingunternehmen und das Zusammenwirken der betrieblichen Funktionen darstellen kann. In diesem Rahmen können geprüft werden: <DL Font="normal" Type="arabic"><DT>1.</DT><DD Font="normal"><LA Size="normal">Grundbegriffe,</LA></DD><DT>2.</DT><DD Font="normal"><LA Size="normal">Wirtschaftssysteme - Wirtschaftsordnung,</LA></DD><DT>3.</DT><DD Font="normal"><LA Size="normal">Wirtschaftskreislauf,</LA></DD><DT>4.</DT><DD Font="normal"><LA Size="normal">Märkte und Preisbildung,</LA></DD><DT>5.</DT><DD Font="normal"><LA Size="normal">Geld und Kredit,</LA></DD><DT>6.</DT><DD Font="normal"><LA Size="normal">Konjunktur und Wirtschaftswachstum,</LA></DD><DT>7.</DT><DD Font="normal"><LA Size="normal">Abgrenzung:</LA><LA Size="normal">Betriebswirtschaftslehre - Volkswirtschaftslehre,</LA></DD><DT>8.</DT><DD Font="normal"><LA Size="normal">Verhältnis Ökonomie - Ökologie,</LA></DD><DT>9.</DT><DD Font="normal"><LA Size="normal">Produktionsfaktoren,</LA></DD><DT>10.</DT><DD Font="normal"><LA Size="normal">Faktoren der Standortwahl,</LA></DD><DT>11.</DT><DD Font="normal"><LA Size="normal">betriebliche Funktionen,</LA></DD><DT>12.</DT><DD Font="normal"><LA Size="normal">betriebswirtschaftliche Kennzahlen.</LA></DD></DL></P><P>(3) Im Prüfungsfach &quot;Unternehmensführung, Personalwirtschaft und Betriebsorganisation&quot; soll die zu prüfende Person nachweisen, daß sie Aufgaben und Ziele der betrieblichen Organisation kennt und als Grundlage für die Unternehmensführung einzuordnen versteht. Sie soll ferner nachweisen, daß sie die Instrumente der Unternehmens- und Mitarbeiterführung kennt und zur Lösung betrieblicher Aufgaben einsetzen kann. In diesem Rahmen können geprüft werden: <DL Font="normal" Type="arabic"><DT>1.</DT><DD Font="normal"><LA Size="normal">Unternehmensführung:<DL Font="normal" Type="arabic"><DT>a)</DT><DD Font="normal"><LA Size="normal">Grundlagen,</LA></DD><DT>b)</DT><DD Font="normal"><LA Size="normal">Ziele, Planung und Planungstechniken,</LA></DD><DT>c)</DT><DD Font="normal"><LA Size="normal">Mitarbeiterführung;</LA></DD></DL></LA></DD><DT>2.</DT><DD Font="normal"><LA Size="normal">Personalwirtschaft:<DL Font="normal" Type="arabic"><DT>a)</DT><DD Font="normal"><LA Size="normal">Personalplanung,</LA></DD><DT>b)</DT><DD Font="normal"><LA Size="normal">Aufgaben und Organisation der betrieblichen Personalwirtschaft,</LA></DD><DT>c)</DT><DD Font="normal"><LA Size="normal">Personalbeurteilung und -entwicklung,</LA></DD><DT>d)</DT><DD Font="normal"><LA Size="normal">Entgeltformen,</LA></DD><DT>e)</DT><DD Font="normal"><LA Size="normal">Führungsverhalten im Betrieb,</LA></DD><DT>f)</DT><DD Font="normal"><LA Size="normal">betriebliches Bildungswesen,</LA></DD><DT>g)</DT><DD Font="normal"><LA Size="normal">betriebliches Sozialwesen,</LA></DD><DT>h)</DT><DD Font="normal"><LA Size="normal">betriebliche Mitbestimmung,</LA></DD><DT>i)</DT><DD Font="normal"><LA Size="normal">Arbeits- und Sozialrecht;</LA></DD></DL></LA></DD><DT>3.</DT><DD Font="normal"><LA Size="normal">Betriebsorganisation:<DL Font="normal" Type="arabic"><DT>a)</DT><DD Font="normal"><LA Size="normal">Grundlagen,</LA></DD><DT>b)</DT><DD Font="normal"><LA Size="normal">Aufbauorganisation,</LA></DD><DT>c)</DT><DD Font="normal"><LA Size="normal">Ablauforganisation,</LA></DD><DT>d)</DT><DD Font="normal"><LA Size="normal">Phasen und Methoden des Organisierens,</LA></DD><DT>e)</DT><DD Font="normal"><LA Size="normal">Informations- und Kommunikationstechniken.</LA></DD></DL></LA></DD></DL></P><P>(4) Im Prüfungsfach &quot;Recht mit besonderem Bezug zum Leasing&quot; soll die zu prüfende Person nachweisen, daß sie mit den Grundsätzen des Zivilrechts, des Handels- und Gesellschaftsrechts und des Verfahrensrechts vertraut ist und sie bei der Abwicklung von Leasinggeschäften anwenden kann. In diesem Rahmen können praxisbezogene Rechtsfragen aus folgenden Gebieten geprüft werden: <DL Font="normal" Type="arabic"><DT>1.</DT><DD Font="normal"><LA Size="normal">Zivilrecht:<DL Font="normal" Type="arabic"><DT>a)</DT><DD Font="normal"><LA Size="normal">Rechtsquellen,</LA></DD><DT>b)</DT><DD Font="normal"><LA Size="normal">Grundlagen des Vertragsrechts,</LA></DD><DT>c)</DT><DD Font="normal"><LA Size="normal">Eigentum und Besitz,</LA></DD><DT>d)</DT><DD Font="normal"><LA Size="normal">Grundstücksrecht,</LA></DD><DT>e)</DT><DD Font="normal"><LA Size="normal">Allgemeine Geschäftsbedingungen,</LA></DD><DT>f)</DT><DD Font="normal"><LA Size="normal">Sicherungsrechte;</LA></DD></DL></LA></DD><DT>2.</DT><DD Font="normal"><LA Size="normal">Handels- und Gesellschaftsrecht:<DL Font="normal" Type="arabic"><DT>a)</DT><DD Font="normal"><LA Size="normal">Kaufmann, Handelsregister und Firma,</LA></DD><DT>b)</DT><DD Font="normal"><LA Size="normal">Rechtsformen der Unternehmen,</LA></DD><DT>c)</DT><DD Font="normal"><LA Size="normal">Gesellschaftsrecht;</LA></DD></DL></LA></DD><DT>3.</DT><DD Font="normal"><LA Size="normal">Gerichtliche Verfahren:<DL Font="normal" Type="arabic"><DT>a)</DT><DD Font="normal"><LA Size="normal">Erkenntnisverfahren (Mahnverfahren, Klage),</LA></DD><DT>b)</DT><DD Font="normal"><LA Size="normal">Zwangsvollstreckungsverfahren.</LA></DD></DL></LA></DD></DL></P><P>(5) Die Prüfung in dem in Absatz 1 Nr. 1 genannten Prüfungsfach ist mündlich, in den in Absatz 1 Nr. 2 und 3 genannten Prüfungsfächern schriftlich durchzuführen.</P><P>(6) Die mündliche Prüfung wird in Form eines Prüfungsgesprächs durchgeführt. Es soll je zu prüfender Person nicht länger als 30 Minuten dauern.</P><P>(7) Die schriftliche Prüfung besteht je Prüfungsfach aus einer unter Aufsicht anzufertigenden Arbeit und soll insgesamt nicht länger als vier Stunden dauern. Die Mindestzeit je Prüfungsfach beträgt 1,5 Stunden.</P><P>(8) Die schriftliche Prüfung ist auf Antrag der zu prüfenden Person oder nach Ermessen des Prüfungsausschusses durch eine mündliche Prüfung zu ergänzen, wenn sie für das Bestehen der Prüfung oder für die eindeutige Beurteilung der Prüfungsleistung von wesentlicher Bedeutung ist. Die Ergänzungsprüfung soll je Prüfungsfach und je zu prüfender Person nicht länger als 10 Minuten dauern.</P></Content></text><fussnoten><Content><P>(+++ Zur Anwendung vgl. §§ 1 u. 3 FortbVenÄndV6AnwV +++)</P></Content></fussnoten></textdaten></norm>
<norm builddate="20200305213025" doknr="BJNR157000995BJNE000601128"><metadaten><jurabk>LeasFachwirtPrV</jurabk><enbez>§ 5</enbez><titel format="XML">Wirtschaftszweigspezifischer Teil</titel></metadaten><textdaten><text format="XML"><Content><P>(1) Im wirtschaftszweigspezifischen Teil ist in folgenden Fächern zu prüfen: <DL Font="normal" Type="arabic"><DT>1.</DT><DD Font="normal"><LA Size="normal">Allgemeine Leasinglehre,</LA></DD><DT>2.</DT><DD Font="normal"><LA Size="normal">Immobilien-Leasing,</LA></DD><DT>3.</DT><DD Font="normal"><LA Size="normal">Bilanzierung, Finanzierung und Kalkulation,</LA></DD><DT>4.</DT><DD Font="normal"><LA Size="normal">Situationsbezogenes Fachgespräch.</LA></DD></DL></P><P>(2) Im Prüfungsfach &quot;Allgemeine Leasinglehre&quot; soll die zu prüfende Person nachweisen, daß sie den Leasingmarkt und die Grundlagen des Leasinggeschäfts kennt und mit den Leasingvertragsmodellen sowie deren Vorbereitung und Abwicklung vertraut ist. In diesem Rahmen können geprüft werden: <DL Font="normal" Type="arabic"><DT>1.</DT><DD Font="normal"><LA Size="normal">Grundlagen des Leasing:<DL Font="normal" Type="arabic"><DT>a)</DT><DD Font="normal"><LA Size="normal">Grundbegriffe,</LA></DD><DT>b)</DT><DD Font="normal"><LA Size="normal">der Leasingmarkt (Anbieter, Nachfrager, Objekte),</LA></DD><DT>c)</DT><DD Font="normal"><LA Size="normal">betriebs- und finanzwirtschaftliche Wirkungen des Leasing;</LA></DD></DL></LA></DD><DT>2.</DT><DD Font="normal"><LA Size="normal">Leasingvertrag:<DL Font="normal" Type="arabic"><DT>a)</DT><DD Font="normal"><LA Size="normal">zivil-, handels- und steuerrechtliche Rahmenbedingungen,</LA></DD><DT>b)</DT><DD Font="normal"><LA Size="normal">Einflußfaktoren auf die Vertragsgestaltung,</LA></DD><DT>c)</DT><DD Font="normal"><LA Size="normal">Vertragsmodelle;</LA></DD></DL></LA></DD><DT>3.</DT><DD Font="normal"><LA Size="normal">Antragsbearbeitung und Engagementabwicklung:<DL Font="normal" Type="arabic"><DT>a)</DT><DD Font="normal"><LA Size="normal">Prüfung des Leasingantrages,</LA></DD><DT>b)</DT><DD Font="normal"><LA Size="normal">Bonitätsprüfung,</LA></DD><DT>c)</DT><DD Font="normal"><LA Size="normal">Voraussetzungen für den Vertragsanlauf,</LA></DD><DT>d)</DT><DD Font="normal"><LA Size="normal">Verwaltung und laufende Engagementbetreuung,</LA></DD><DT>e)</DT><DD Font="normal"><LA Size="normal">Überwachung und Bearbeitung kritischer Engagements.</LA></DD></DL></LA></DD></DL></P><P>(3) Im Prüfungsfach &quot;Immobilien-Leasing&quot; soll die zu prüfende Person nachweisen, daß sie den Immobilien-Leasingmarkt kennt und mit den Grundlagen des Immobilien-Leasinggeschäfts sowie mit den dafür in Frage kommenden Vertragsmodellen und deren Abwicklung vertraut ist. In diesem Rahmen können geprüft werden: <DL Font="normal" Type="arabic"><DT>1.</DT><DD Font="normal"><LA Size="normal">die Immobilien-Leasinggesellschaft:<DL Font="normal" Type="arabic"><DT>a)</DT><DD Font="normal"><LA Size="normal">Rechtsformen,</LA></DD><DT>b)</DT><DD Font="normal"><LA Size="normal">Gestaltungsmöglichkeiten;</LA></DD></DL></LA></DD><DT>2.</DT><DD Font="normal"><LA Size="normal">der Immobilien-Leasingvertrag:<DL Font="normal" Type="arabic"><DT>a)</DT><DD Font="normal"><LA Size="normal">zivil- und steuerrechtliche Aspekte,</LA></DD><DT>b)</DT><DD Font="normal"><LA Size="normal">Vertragsgestaltung;</LA></DD></DL></LA></DD><DT>3.</DT><DD Font="normal"><LA Size="normal">Antragsbearbeitung und Engagementabwicklung:<DL Font="normal" Type="arabic"><DT>a)</DT><DD Font="normal"><LA Size="normal">Standort- und Objektanalyse,</LA></DD><DT>b)</DT><DD Font="normal"><LA Size="normal">Investitionskosten,</LA></DD><DT>c)</DT><DD Font="normal"><LA Size="normal">Bewertungsfragen,</LA></DD><DT>d)</DT><DD Font="normal"><LA Size="normal">Objektbegleitung während der Bauphase und Bauendabrechnung,</LA></DD><DT>e)</DT><DD Font="normal"><LA Size="normal">Versicherungen,</LA></DD><DT>f)</DT><DD Font="normal"><LA Size="normal">Objektmanagement,</LA></DD><DT>g)</DT><DD Font="normal"><LA Size="normal">Objektverwertung.</LA></DD></DL></LA></DD></DL></P><P>(4) Im Prüfungsfach &quot;Bilanzierung, Finanzierung und Kalkulation&quot; soll die zu prüfende Person nachweisen, daß sie die für Leasinggesellschaften geltenden Bilanzierungs- und Bewertungsgrundsätze einschließlich der Besonderheiten im Immobilien-Leasing kennt. Sie soll zeigen, daß sie die Finanzierungsregeln sowie die Vor- und Nachteile der verschiedenen Finanzierungsarten darstellen kann. Sie soll ferner die Grundlagen der Preiskalkulation und die anzuwendenden Kalkulationsverfahren beherrschen. In diesem Rahmen können geprüft werden: <DL Font="normal" Type="arabic"><DT>1.</DT><DD Font="normal"><LA Size="normal">Jahresabschluß der Leasinggesellschaften:<DL Font="normal" Type="arabic"><DT>a)</DT><DD Font="normal"><LA Size="normal">Bilanz,</LA></DD><DT>b)</DT><DD Font="normal"><LA Size="normal">Gewinn- und Verlustrechnung,</LA></DD><DT>c)</DT><DD Font="normal"><LA Size="normal">Lagebericht,</LA></DD><DT>d)</DT><DD Font="normal"><LA Size="normal">Bilanzpolitik;</LA></DD></DL></LA></DD><DT>2.</DT><DD Font="normal"><LA Size="normal">Finanzierung von Leasingverträgen:<DL Font="normal" Type="arabic"><DT>a)</DT><DD Font="normal"><LA Size="normal">Bedarfsermittlung,</LA></DD><DT>b)</DT><DD Font="normal"><LA Size="normal">Bedarfsdeckung,</LA></DD><DT>c)</DT><DD Font="normal"><LA Size="normal">Grundsätze der Finanzierung,</LA></DD><DT>d)</DT><DD Font="normal"><LA Size="normal">Finanzierungsarten;</LA></DD></DL></LA></DD><DT>3.</DT><DD Font="normal"><LA Size="normal">Grundlagen der Preiskalkulation:<DL Font="normal" Type="arabic"><DT>a)</DT><DD Font="normal"><LA Size="normal">Kostenbegriffe und Komponenten der Kalkulation,</LA></DD><DT>b)</DT><DD Font="normal"><LA Size="normal">Kalkulationsverfahren und ihre Voraussetzungen;</LA></DD></DL></LA></DD><DT>4.</DT><DD Font="normal"><LA Size="normal">Besonderheiten im Immobilien-Leasing:<DL Font="normal" Type="arabic"><DT>a)</DT><DD Font="normal"><LA Size="normal">Bilanzierung,</LA></DD><DT>b)</DT><DD Font="normal"><LA Size="normal">objektbezogene Einzelfinanzierung,</LA></DD><DT>c)</DT><DD Font="normal"><LA Size="normal">Mietpreiskalkulation.</LA></DD></DL></LA></DD></DL></P><P>(5) Im Prüfungsfach &quot;Situationsbezogenes Fachgespräch&quot; soll die zu prüfende Person nachweisen, daß sie in der Lage ist, ihr Berufswissen in unternehmenstypischen Situationen anzuwenden und sachgerechte Lösungen vorzuschlagen. Dabei ist von einer praxisbezogenen Situationsaufgabe auszugehen.</P><P>(6) In den in Absatz 1 Nr. 1 bis 3 genannten Prüfungsfächern ist schriftlich zu prüfen. Die Prüfung besteht je Prüfungsfach aus einer unter Aufsicht anzufertigenden Arbeit und soll insgesamt nicht länger als sechs Stunden dauern. Die Mindestzeit je Prüfungsfach beträgt 1,5 Stunden.</P><P>(7) Die Prüfung in dem in Absatz 1 Nr. 4 genannten Prüfungsfach wird in Form eines Prüfungsgespräches durchgeführt. Es soll je zu prüfender Person nicht länger als 30 Minuten dauern.</P><P>(8) Die schriftliche Prüfung ist auf Antrag der zu prüfenden Person oder nach Ermessen des Prüfungsausschusses durch eine mündliche Prüfung zu ergänzen, wenn sie für das Bestehen der Prüfung oder für die eindeutige Beurteilung der Prüfungsleistung von wesentlicher Bedeutung ist. Die Ergänzungsprüfung soll je Prüfungsfach und zu prüfender Person nicht länger als zehn Minuten dauern.</P></Content></text><fussnoten><Content><P>(+++ Zur Anwendung vgl. §§ 1 u. 3 FortbVenÄndV6AnwV +++)</P></Content></fussnoten></textdaten></norm>
<norm builddate="20200305213025" doknr="BJNR157000995BJNE000701128"><metadaten><jurabk>LeasFachwirtPrV</jurabk><enbez>§ 6</enbez><titel format="XML">Befreiung von einzelnen Prüfungsbestandteilen</titel></metadaten><textdaten><text format="XML"><Content><P>Wird die zu prüfende Person nach § 56 Absatz 2 des Berufsbildungsgesetzes von der Ablegung einzelner Prüfungsbestandteile befreit, bleiben diese Prüfungsbestandteile für die Anwendung der §§ 7 und 8 außer Betracht. Für die übrigen Prüfungsbestandteile erhöhen sich die Anteile nach § 7 Absatz 2 Satz 2 oder Absatz 3 Satz 2 entsprechend ihrem Verhältnis zueinander. Allein diese Prüfungsbestandteile sind den Entscheidungen des Prüfungsausschusses zugrunde zu legen.</P></Content></text><fussnoten><Content><P>(+++ Zur Anwendung vgl. §§ 1 u. 3 FortbVenÄndV6AnwV +++)</P></Content></fussnoten></textdaten></norm>
<norm builddate="20200305213025" doknr="BJNR157000995BJNE000801128"><metadaten><jurabk>LeasFachwirtPrV</jurabk><enbez>§ 7</enbez><titel format="XML">Bewerten der Prüfungsleistungen</titel></metadaten><textdaten><text format="XML"><Content><P>(1) Jede Prüfungsleistung ist nach Maßgabe der Anlage 1 mit Punkten zu bewerten.</P><P>(2) Die Prüfungsleistungen in den Fächern des wirtschaftszweigübergreifenden Prüfungsteils nach § 4 sind einzeln zu bewerten. Aus den einzelnen Bewertungen ist das arithmetische Mittel zu berechnen.</P><P>(3) Die Prüfungsleistungen in den Fächern des wirtschaftszweigspezifischen Prüfungsteils nach § 5 sind einzeln zu bewerten. Aus den einzelnen Bewertungen ist das arithmetische Mittel zu berechnen.</P></Content></text><fussnoten><Content><P>(+++ Zur Anwendung vgl. §§ 1 u. 3 FortbVenÄndV6AnwV +++)</P></Content></fussnoten></textdaten></norm>
<norm builddate="20200305213025" doknr="BJNR157000995BJNE001300128"><metadaten><jurabk>LeasFachwirtPrV</jurabk><enbez>§ 8</enbez><titel format="XML">Bestehen der Prüfung, Gesamtnote</titel></metadaten><textdaten><text format="XML"><Content><P>(1) Die Prüfung ist bestanden, wenn ohne Rundung in den folgenden Prüfungsleistungen jeweils mindestens 50 Punkte erreicht worden sind: <DL Type="arabic"><DT>1.</DT><DD Font="normal"><LA>in allen Fächern des wirtschaftszweigübergreifenden Prüfungsteils nach § 4,</LA></DD><DT>2.</DT><DD Font="normal"><LA>in allen Fächern des wirtschaftszweigspezifischen Prüfungsteils nach § 5.</LA></DD></DL></P><P>(2) Ist die Prüfung bestanden, wird das arithmetische Mittel der Bewertung des wirtschaftszweigübergreifenden Prüfungsteils und der Bewertung des wirtschaftszweigspezifischen Prüfungsteils kaufmännisch auf eine ganze Zahl gerundet.</P><P>(3) Den Bewertungen für die Prüfungsteile und die Prüfungsleistungen in den Fächern des wirtschaftszweigübergreifenden Prüfungsteils und des wirtschaftszweigspezifischen Prüfungsteils ist nach Anlage 1 die jeweilige Note als Dezimalzahl zuzuordnen.</P><P>(4) Für die Bildung einer Gesamtnote ist als Gesamtpunktzahl das arithmetische Mittel aus den Bewertungen der beiden Prüfungsteile zu berechnen. Die Gesamtpunktzahl ist kaufmännisch auf eine ganze Zahl zu runden. Der gerundeten Gesamtpunktzahl wird nach Anlage 1 die Note als Dezimalzahl und die Note in Worten zugeordnet. Die zugeordnete Note ist die Gesamtnote.</P></Content></text><fussnoten><Content><P>(+++ Zur Anwendung vgl. §§ 1 u. 3 FortbVenÄndV6AnwV +++)</P></Content></fussnoten></textdaten></norm>
<norm builddate="20200305213025" doknr="BJNR157000995BJNE001400128"><metadaten><jurabk>LeasFachwirtPrV</jurabk><enbez>§ 9</enbez><titel format="XML">Zeugnisse</titel></metadaten><textdaten><text format="XML"><Content><P>(1) Wer die Prüfung nach § 8 Absatz 1 bestanden hat, erhält von der zuständigen Stelle zwei Zeugnisse nach Maßgabe der Anlage 2 Teil A und B.</P><P>(2) Auf dem Zeugnis mit den Inhalten nach Anlage 2 Teil B sind die Noten als Dezimalzahlen mit einer Nachkommastelle und die Gesamtnote als Dezimalzahl mit einer Nachkommastelle und in Worten anzugeben. Jede Befreiung nach § 6 ist mit Ort, Datum und der Bezeichnung des Prüfungsgremiums der anderen vergleichbaren Prüfung anzugeben.</P><P>(3) Die Zeugnisse können zusätzliche nicht amtliche Bemerkungen zur Information (Bemerkungen) enthalten, insbesondere <DL Type="arabic"><DT>1.</DT><DD Font="normal"><LA>über den erworbenen Abschluss oder</LA></DD><DT>2.</DT><DD Font="normal"><LA>auf Antrag der geprüften Person über während oder anlässlich der Fortbildung erworbene besondere oder zusätzliche Fertigkeiten, Kenntnisse und Fähigkeiten.</LA></DD></DL></P></Content></text><fussnoten><Content><P>(+++ Zur Anwendung vgl. §§ 1 u. 3 FortbVenÄndV6AnwV +++)</P></Content></fussnoten></textdaten></norm>
<norm builddate="20200305213025" doknr="BJNR157000995BJNE000901128"><metadaten><jurabk>LeasFachwirtPrV</jurabk><enbez>§ 10</enbez><titel format="XML">Wiederholung der Prüfung</titel></metadaten><textdaten><text format="XML"><Content><P>(1) Ist die Prüfung nicht bestanden, kann sie zweimal wiederholt werden.</P><P>(2) In der Wiederholungsprüfung ist die zu prüfende Person auf Antrag von der Prüfung in einzelnen Prüfungsteilen und Prüfungsfächern zu befreien, wenn ihre Leistungen darin in einer vorangegangenen Prüfung ausgereicht haben und sie sich innerhalb von zwei Jahren, gerechnet vom Tage der Beendigung der nicht bestandenen Prüfung an, zur Wiederholungsprüfung anmeldet.</P></Content></text><fussnoten><Content><P>(+++ Zur Anwendung vgl. §§ 1 u. 3 FortbVenÄndV6AnwV +++)</P></Content></fussnoten></textdaten></norm>
<norm builddate="20200305213025" doknr="BJNR157000995BJNE001001128"><metadaten><jurabk>LeasFachwirtPrV</jurabk><enbez>§ 11</enbez><titel format="XML">Übergangsvorschriften</titel></metadaten><textdaten><text format="XML"><Content><P>(1) Die bei Inkrafttreten dieser Verordnung laufenden Prüfungsverfahren können nach den bisherigen Vorschriften zu Ende geführt werden.</P><P>(2) Prüfungsteilnehmer, die die Leasingfachwirtprüfung nach den bisherigen Vorschriften nicht bestanden haben und sich innerhalb von zwei Jahren nach Inkrafttreten dieser Verordnung zu einer Wiederholungsprüfung anmelden, können die Wiederholungsprüfung nach den bisherigen Vorschriften ablegen. Die zuständige Stelle kann auf Antrag des Prüfungsteilnehmers die Wiederholungsprüfung gemäß dieser Verordnung durchführen; § 8 Abs. 2 findet in diesem Fall keine Anwendung.</P></Content></text><fussnoten><Content><P>(+++ Zur Anwendung vgl. §§ 1 u. 3 FortbVenÄndV6AnwV +++)</P></Content></fussnoten></textdaten></norm>
<norm builddate="20200305213025" doknr="BJNR157000995BJNE001101128"><metadaten><jurabk>LeasFachwirtPrV</jurabk><enbez>§ 12</enbez><titel format="XML">Inkrafttreten</titel></metadaten><textdaten><text format="XML"><Content><P>Diese Verordnung tritt am Tage nach der Verkündung in Kraft.</P></Content></text><fussnoten><Content><P>(+++ Zur Anwendung vgl. §§ 1 u. 3 FortbVenÄndV6AnwV +++)</P></Content></fussnoten></textdaten></norm>
<norm builddate="20200305213025" doknr="BJNR157000995BJNE001202128"><metadaten><jurabk>LeasFachwirtPrV</jurabk><enbez>Anlage 1</enbez><titel format="XML">(zu den §§ 7 und 8)<BR/>Bewertungsmaßstab und -schlüssel</titel></metadaten><textdaten><text format="XML"><Content><P><noindex><kommentar typ="Fundstelle">Fundstelle: BGBl. I 2019, 2195 - 2196)</kommentar></noindex></P><BR/><BR/><table colsep="1" frame="all" pgwide="1" rowsep="1" tabstyle="Bewertung" tocentry="%yes;"><tgroup align="left" char="" charoff="50" cols="4"><colspec align="center" colname="col1" colnum="1" colwidth="26*"/><colspec align="center" colname="col2" colnum="2" colwidth="26*"/><colspec align="center" colname="col3" colnum="3" colwidth="33*"/><colspec align="justify" colname="col4" colnum="4" colwidth="74*"/><thead valign="bottom"><row><entry VJ="1" colname="col1" valign="middle">Punkte</entry><entry VJ="1" colname="col2" valign="middle">Note<BR/>als Dezimalzahl</entry><entry VJ="1" colname="col3" valign="middle">Note<BR/> in Worten</entry><entry VJ="1" align="center" colname="col4" valign="middle">Definition</entry></row></thead><tbody valign="top"><row><entry VJ="1" colname="col1" valign="middle">100</entry><entry VJ="1" colname="col2" valign="middle">1,0</entry><entry VJ="1" colname="col3" morerows="4" valign="middle">sehr gut</entry><entry VJ="1" colname="col4" morerows="4" valign="middle">eine Leistung, die den Anforderungen in besonderem Maß entspricht</entry></row><row><entry VJ="1" colname="col1" valign="middle">98 und 99</entry><entry VJ="1" colname="col2" valign="middle">1,1</entry></row><row><entry VJ="1" colname="col1" valign="middle">96 und 97</entry><entry VJ="1" colname="col2" valign="middle">1,2</entry></row><row><entry VJ="1" colname="col1" valign="middle">94 und 95</entry><entry VJ="1" colname="col2" valign="middle">1,3</entry></row><row><entry VJ="1" colname="col1" valign="middle">92 und 93</entry><entry VJ="1" colname="col2" valign="middle">1,4</entry></row><row><entry VJ="1" colname="col1" valign="middle">91</entry><entry VJ="1" colname="col2" valign="middle">1,5</entry><entry VJ="1" colname="col3" morerows="9" valign="middle">gut</entry><entry VJ="1" colname="col4" morerows="9" valign="middle">eine Leistung, die den Anforderungen voll entspricht</entry></row><row><entry VJ="1" colname="col1" valign="middle">90</entry><entry VJ="1" colname="col2" valign="middle">1,6</entry></row><row><entry VJ="1" colname="col1" valign="middle">89</entry><entry VJ="1" colname="col2" valign="middle">1,7</entry></row><row><entry VJ="1" colname="col1" valign="middle">88</entry><entry VJ="1" colname="col2" valign="middle">1,8</entry></row><row><entry VJ="1" colname="col1" valign="middle">87</entry><entry VJ="1" colname="col2" valign="middle">1,9</entry></row><row><entry VJ="1" colname="col1" valign="middle">85 und 86</entry><entry VJ="1" colname="col2" valign="middle">2,0</entry></row><row><entry VJ="1" colname="col1" valign="middle">84</entry><entry VJ="1" colname="col2" valign="middle">2,1</entry></row><row><entry VJ="1" colname="col1" valign="middle">83</entry><entry VJ="1" colname="col2" valign="middle">2,2</entry></row><row><entry VJ="1" colname="col1" valign="middle">82</entry><entry VJ="1" colname="col2" valign="middle">2,3</entry></row><row><entry VJ="1" colname="col1" valign="middle">81</entry><entry VJ="1" colname="col2" valign="middle">2,4</entry></row><row><entry VJ="1" colname="col1" valign="middle">79 und 80</entry><entry VJ="1" colname="col2" valign="middle">2,5</entry><entry VJ="1" colname="col3" morerows="9" valign="middle">befriedigend</entry><entry VJ="1" colname="col4" morerows="9" valign="middle">eine Leistung, die den Anforderungen im Allgemeinen entspricht</entry></row><row><entry VJ="1" colname="col1" valign="middle">78</entry><entry VJ="1" colname="col2" valign="middle">2,6</entry></row><row><entry VJ="1" colname="col1" valign="middle">77</entry><entry VJ="1" colname="col2" valign="middle">2,7</entry></row><row><entry VJ="1" colname="col1" valign="middle">75 und 76</entry><entry VJ="1" colname="col2" valign="middle">2,8</entry></row><row><entry VJ="1" colname="col1" valign="middle">74</entry><entry VJ="1" colname="col2" valign="middle">2,9</entry></row><row><entry VJ="1" colname="col1" valign="middle">72 und 73</entry><entry VJ="1" colname="col2" valign="middle">3,0</entry></row><row><entry VJ="1" colname="col1" valign="middle">71</entry><entry VJ="1" colname="col2" valign="middle">3,1</entry></row><row><entry VJ="1" colname="col1" valign="middle">70</entry><entry VJ="1" colname="col2" valign="middle">3,2</entry></row><row><entry VJ="1" colname="col1" valign="middle">68 und 69</entry><entry VJ="1" colname="col2" valign="middle">3,3</entry></row><row><entry VJ="1" colname="col1" valign="middle">67</entry><entry VJ="1" colname="col2" valign="middle">3,4</entry></row><row><entry VJ="1" colname="col1" valign="middle">65 und 66</entry><entry VJ="1" colname="col2" valign="middle">3,5</entry><entry VJ="1" colname="col3" morerows="9" valign="middle">ausreichend</entry><entry VJ="1" colname="col4" morerows="9" valign="middle">eine Leistung, die zwar Mängel aufweist, aber im Ganzen den Anforderungen noch entspricht</entry></row><row><entry VJ="1" colname="col1" valign="middle">63 und 64</entry><entry VJ="1" colname="col2" valign="middle">3,6</entry></row><row><entry VJ="1" colname="col1" valign="middle">62</entry><entry VJ="1" colname="col2" valign="middle">3,7</entry></row><row><entry VJ="1" colname="col1" valign="middle">60 und 61</entry><entry VJ="1" colname="col2" valign="middle">3,8</entry></row><row><entry VJ="1" colname="col1" valign="middle">58 und 59</entry><entry VJ="1" colname="col2" valign="middle">3,9</entry></row><row><entry VJ="1" colname="col1" valign="middle">56 und 57</entry><entry VJ="1" colname="col2" valign="middle">4,0</entry></row><row><entry VJ="1" colname="col1" valign="middle">55</entry><entry VJ="1" colname="col2" valign="middle">4,1</entry></row><row><entry VJ="1" colname="col1" valign="middle">53 und 54</entry><entry VJ="1" colname="col2" valign="middle">4,2</entry></row><row><entry VJ="1" colname="col1" valign="middle">51 und 52</entry><entry VJ="1" colname="col2" valign="middle">4,3</entry></row><row><entry VJ="1" colname="col1" valign="middle">50</entry><entry VJ="1" colname="col2" valign="middle">4,4</entry></row><row><entry VJ="1" colname="col1" valign="middle">48 und 49</entry><entry VJ="1" colname="col2" valign="middle">4,5</entry><entry VJ="1" colname="col3" morerows="9" valign="middle">mangelhaft</entry><entry VJ="1" colname="col4" morerows="9" valign="middle">eine Leistung, die den Anforderungen nicht entspricht, jedoch erkennen lässt, dass gewisse Grundkenntnisse noch vorhanden sind</entry></row><row><entry VJ="1" colname="col1" valign="middle">46 und 47</entry><entry VJ="1" colname="col2" valign="middle">4,6</entry></row><row><entry VJ="1" colname="col1" valign="middle">44 und 45</entry><entry VJ="1" colname="col2" valign="middle">4,7</entry></row><row><entry VJ="1" colname="col1" valign="middle">42 und 43</entry><entry VJ="1" colname="col2" valign="middle">4,8</entry></row><row><entry VJ="1" colname="col1" valign="middle">40 und 41</entry><entry VJ="1" colname="col2" valign="middle">4,9</entry></row><row><entry VJ="1" colname="col1" valign="middle">38 und 39</entry><entry VJ="1" colname="col2" valign="middle">5,0</entry></row><row><entry VJ="1" colname="col1" valign="middle">36 und 37</entry><entry VJ="1" colname="col2" valign="middle">5,1</entry></row><row><entry VJ="1" colname="col1" valign="middle">34 und 35</entry><entry VJ="1" colname="col2" valign="middle">5,2</entry></row><row><entry VJ="1" colname="col1" valign="middle">32 und 33</entry><entry VJ="1" colname="col2" valign="middle">5,3</entry></row><row><entry VJ="1" colname="col1" valign="middle">30 und 31</entry><entry VJ="1" colname="col2" valign="middle">5,4</entry></row><row><entry VJ="1" colname="col1" valign="middle">25 bis 29</entry><entry VJ="1" colname="col2" valign="middle">5,5</entry><entry VJ="1" colname="col3" morerows="5" valign="middle">ungenügend</entry><entry VJ="1" colname="col4" morerows="5" valign="middle">eine Leistung, die den Anforderungen nicht entspricht und bei der selbst Grundkenntnisse fehlen</entry></row><row><entry VJ="1" colname="col1" valign="middle">20 bis 24</entry><entry VJ="1" colname="col2" valign="middle">5,6</entry></row><row><entry VJ="1" colname="col1" valign="middle">15 bis 19</entry><entry VJ="1" colname="col2" valign="middle">5,7</entry></row><row><entry VJ="1" colname="col1" valign="middle">10 bis 14</entry><entry VJ="1" colname="col2" valign="middle">5,8</entry></row><row><entry VJ="1" colname="col1" valign="middle">5 bis 9</entry><entry VJ="1" colname="col2" valign="middle">5,9</entry></row><row><entry VJ="1" colname="col1" valign="middle">0 bis 4</entry><entry VJ="1" colname="col2" valign="middle">6,0</entry></row></tbody></tgroup></table></Content></text><fussnoten><Content><P>(+++ Zur Anwendung vgl. §§ 1 u. 3 FortbVenÄndV6AnwV +++)</P></Content></fussnoten></textdaten></norm>
<norm builddate="20200305213025" doknr="BJNR157000995BJNE001500128"><metadaten><jurabk>LeasFachwirtPrV</jurabk><enbez>Anlage 2</enbez><titel format="XML">(zu § 9)<BR/>Zeugnisinhalte</titel></metadaten><textdaten><text format="XML"><Content><P><noindex><kommentar typ="Fundstelle">(Fundstelle: BGBl. I 2019, 2196)</kommentar></noindex></P><BR/><BR/><P><SP>Teil A – Zeugnis ohne Prüfungsergebnisse:</SP><DL Font="normal" Type="arabic"><DT>1.</DT><DD Font="normal"><LA Size="normal">Bezeichnung der ausstellenden Behörde,</LA></DD><DT>2.</DT><DD Font="normal"><LA Size="normal">Name und Geburtsdatum der geprüften Person,</LA></DD><DT>3.</DT><DD Font="normal"><LA Size="normal">Datum des Bestehens der Prüfung,</LA></DD><DT>4.</DT><DD Font="normal"><LA Size="normal">Bezeichnung des erworbenen Fortbildungsabschlusses nach § 1 Absatz 3,</LA></DD><DT>5.</DT><DD Font="normal"><LA Size="normal">Bezeichnung und Fundstelle dieser Fortbildungsordnung nach den Angaben im Bundesgesetzblatt unter Berücksichtigung erfolgter Änderungen dieser Verordnung,</LA></DD><DT>6.</DT><DD Font="normal"><LA Size="normal">Datum der Ausstellung des Zeugnisses samt Unterschrift der zuständigen Stelle.</LA></DD></DL></P><P><SP>Teil B – Zeugnis mit Prüfungsergebnissen:</SP></P><P>Alle Angaben des Teils A sowie zusätzlich: <DL Font="normal" Type="arabic"><DT>1.</DT><DD Font="normal"><LA Size="normal">Benennung und Bewertung des wirtschaftszweigübergreifenden Teils nach § 4 mit Note,</LA></DD><DT>2.</DT><DD Font="normal"><LA Size="normal">Benennung und Bewertung der Fächer des wirtschaftszweigübergreifenden Teils mit Note,</LA></DD><DT>3.</DT><DD Font="normal"><LA Size="normal">Benennung und Bewertung des wirtschaftszweigspezifischen Teils nach § 5 mit Note sowie</LA></DD><DT>4.</DT><DD Font="normal"><LA Size="normal">Benennung und Bewertung der Fächer des wirtschaftszweigspezifischen Teils mit Note,</LA></DD><DT>5.</DT><DD Font="normal"><LA Size="normal">die errechnete Gesamtpunktzahl,</LA></DD><DT>6.</DT><DD Font="normal"><LA Size="normal">die Gesamtnote als Dezimalzahl,</LA></DD><DT>7.</DT><DD Font="normal"><LA Size="normal">die Gesamtnote in Worten,</LA></DD><DT>8.</DT><DD Font="normal"><LA Size="normal">Befreiungen nach § 6.</LA></DD></DL></P></Content></text><fussnoten><Content><P>(+++ Zur Anwendung vgl. §§ 1 u. 3 FortbVenÄndV6AnwV +++)</P></Content></fussnoten></textdaten></norm>
</dokumente>