<?xml version="1.0" encoding="UTF-8" ?><!DOCTYPE dokumente SYSTEM "http://www.gesetze-im-internet.de/dtd/1.01/gii-norm.dtd">
<dokumente builddate="20120625152555" doknr="BJNR206740959"><norm builddate="20120625152555" doknr="BJNR206740959"><metadaten><jurabk>IntMeßwOrgÜbk</jurabk><ausfertigung-datum manuell="ja">1955-10-12</ausfertigung-datum><fundstelle typ="amtlich"><periodikum>BGBl II</periodikum><zitstelle>1959, 674</zitstelle></fundstelle><langue>Übereinkommen zur Errichtung einer internationalen Organisation für das
gesetzliche Meßwesen</langue></metadaten><textdaten><text format="decorated"/><fussnoten><Content><P>V v. 1.6.1959 II 673 <BR/>Inkraft gem. Bek. v. 12.5.1961 II 567 mWv 7.1.1960</P></Content></fussnoten></textdaten></norm>
</dokumente>