<?xml version="1.0" encoding="UTF-8" ?><!DOCTYPE dokumente SYSTEM "http://www.gesetze-im-internet.de/dtd/1.01/gii-norm.dtd">
<dokumente builddate="20120625150224" doknr="BJNR009300009"><norm builddate="20120625150224" doknr="BJNR009300009"><metadaten><jurabk>AusbBerAufhV 3</jurabk><ausfertigung-datum manuell="ja">2009-01-22</ausfertigung-datum><fundstelle typ="amtlich"><periodikum>BGBl I</periodikum><zitstelle>2009, 93</zitstelle></fundstelle><langue>Dritte Verordnung über die Aufhebung der Anerkennung von Ausbildungsberufen</langue></metadaten><textdaten><fussnoten><Content><P><BR/> <pre xml:space="preserve">(+++ Textnachweis ab: 31.1.2009 +++)<BR/><BR/></pre></P></Content></fussnoten></textdaten></norm>
<norm builddate="20120625150224" doknr="BJNR009300009BJNE000100000"><metadaten><jurabk>AusbBerAufhV 3</jurabk><enbez>Eingangsformel</enbez></metadaten><textdaten><text format="XML"><Content><P>Auf Grund des § 4 Absatz 1 in Verbindung mit § 104 des Berufsbildungsgesetzes vom 23. März 2005 (BGBl. I S. 931), von denen § 4 Absatz 1 durch Artikel 232 Nummer 1 der Verordnung vom 31. Oktober 2006 (BGBl. I S. 2407) geändert worden ist, verordnet das Bundesministerium für Wirtschaft und Technologie im Einvernehmen mit dem Bundesministerium für Bildung und Forschung:</P></Content></text></textdaten></norm>
<norm builddate="20120625150224" doknr="BJNR009300009BJNE000200000"><metadaten><jurabk>AusbBerAufhV 3</jurabk><enbez>§ 1</enbez><titel format="XML">Aufhebung der Anerkennung des Ausbildungsberufes Schiffszimmerer/Schiffszimmerin</titel></metadaten><textdaten><text format="XML"><Content><P>Die Anerkennung des Ausbildungsberufes Schiffszimmerer/Schiffszimmerin wird aufgehoben.</P></Content></text></textdaten></norm>
<norm builddate="20120625150224" doknr="BJNR009300009BJNE000300000"><metadaten><jurabk>AusbBerAufhV 3</jurabk><enbez>§ 2</enbez><titel format="XML">Besitzstandswahrung</titel></metadaten><textdaten><text format="XML"><Content><P>Personen, die vor Inkrafttreten dieser Verordnung in dem in § 1 genannten Ausbildungsberuf ausgebildet worden sind oder im Zeitpunkt des Inkrafttretens dieser Verordnung darin ausgebildet werden und diese Berufsausbildung nach § 4 Absatz 4 des Berufsbildungsgesetzes fortsetzen, bleiben in ihrem Ausbildungsstatus unberührt.</P></Content></text></textdaten></norm>
<norm builddate="20120625150224" doknr="BJNR009300009BJNE000400000"><metadaten><jurabk>AusbBerAufhV 3</jurabk><enbez>§ 3</enbez><titel format="XML">Inkrafttreten</titel></metadaten><textdaten><text format="XML"><Content><P>Diese Verordnung tritt am Tag nach der Verkündung in Kraft.</P></Content></text></textdaten></norm>
</dokumente>