<?xml version="1.0" encoding="UTF-8" ?><!DOCTYPE dokumente SYSTEM "http://www.gesetze-im-internet.de/dtd/1.01/gii-norm.dtd">
<dokumente builddate="20241007213503" doknr="BJNR1160A0024"><norm builddate="20241007213503" doknr="BJNR1160A0024"><metadaten><jurabk>RSVProphylaxeV</jurabk><ausfertigung-datum manuell="ja">2024-09-10</ausfertigung-datum><fundstelle typ="amtlich"><periodikum>BGBl I</periodikum><zitstelle>2024, Nr. 278</zitstelle></fundstelle><kurzue>RSV-Prophylaxeverordnung</kurzue><langue>Verordnung zum Anspruch auf Maßnahmen der spezifischen Prophylaxe gegen Respiratorische Synzytial Viren</langue></metadaten><textdaten><fussnoten><Content><P><BR/> <pre xml:space="preserve">(+++ Textnachweis ab: 14.9.2024 +++)<BR/><BR/></pre></P></Content></fussnoten></textdaten></norm>
<norm builddate="20241007213503" doknr="BJNR1160A0024BJNE000100000"><metadaten><jurabk>RSVProphylaxeV</jurabk><enbez>Eingangsformel</enbez></metadaten><textdaten><text format="XML"><Content><P>Auf Grund des § 20i Absatz 3 Satz 1 des Fünften Buches Sozialgesetzbuch, der durch Artikel 4 Nummer 4 Buchstabe b des Gesetzes vom 19. Mai 2020 (BGBl. I S. 1018) neu gefasst worden ist, verordnet das Bundesministerium für Gesundheit nach Anhörung der Ständigen Impfkommission und des Spitzenverbandes Bund der Krankenkassen:</P></Content></text></textdaten></norm>
<norm builddate="20241007213503" doknr="BJNR1160A0024BJNE000200000"><metadaten><jurabk>RSVProphylaxeV</jurabk><enbez>§ 1</enbez><titel format="XML">Prophylaxe gegen Respiratorische Synzytial Viren</titel></metadaten><textdaten><text format="XML"><Content><P>(1) Versicherte, die das erste Lebensjahr noch nicht vollendet haben, haben Anspruch auf eine einmalige Versorgung mit Arzneimitteln, die den monoklonalen Antikörper Nirsevimab enthalten, zur Prophylaxe gegen Respiratorische Synzytial Viren.</P><P>(2) Der Anspruch nach Absatz 1 umfasst nur die Versorgung mit Arzneimitteln, die durch die zuständige Bundesoberbehörde zugelassen sind oder für die von der Europäischen Union eine Genehmigung für das Inverkehrbringen nach Artikel 3 Absatz 1 oder Absatz 2 der Verordnung (EG) Nr. 726/2004 des Europäischen Parlaments und des Rates vom 31. März 2004 zur Festlegung der Verfahren der Union für die Genehmigung und Überwachung von Humanarzneimitteln und zur Errichtung einer Europäischen Arzneimittel-Agentur (ABl. L 136 vom 30.4.2004, S. 1), die zuletzt durch die Verordnung (EU) 2019/5 (ABl. L 4 vom 7.1.2019, S. 24) geändert worden ist, erteilt wurde.</P></Content></text></textdaten></norm>
<norm builddate="20241007213503" doknr="BJNR1160A0024BJNE000300000"><metadaten><jurabk>RSVProphylaxeV</jurabk><enbez>§ 2</enbez><titel format="XML">Inkrafttreten</titel></metadaten><textdaten><text format="XML"><Content><P>Diese Verordnung tritt am Tag nach der Verkündung in Kraft.</P></Content></text></textdaten></norm>
</dokumente>