<?xml version="1.0" encoding="UTF-8" ?><!DOCTYPE dokumente SYSTEM "http://www.gesetze-im-internet.de/dtd/1.01/gii-norm.dtd">
<dokumente builddate="20120625151559" doknr="BJNR201080937"><norm builddate="20120625151559" doknr="BJNR201080937"><metadaten><jurabk>WZG§35GBRBek</jurabk><ausfertigung-datum manuell="ja">1937-03-06</ausfertigung-datum><fundstelle typ="amtlich"><periodikum>RGBl II</periodikum><zitstelle>1937, 108</zitstelle></fundstelle><langue>Bekanntmachung zu § 35 des Warenzeichengesetzes</langue></metadaten><textdaten><text format="XML"><Content><P/></Content></text><fussnoten><Content><P>(+++ Textnachweis Geltung ab:  1. 1.1964 +++)</P></Content></fussnoten></textdaten></norm>
<norm builddate="20120625151559" doknr="BJNR201080937BJNE000100306"><metadaten><jurabk>WZG§35GBRBek</jurabk><enbez>(XXXX)</enbez></metadaten><textdaten><text format="XML"><Content><P>Auf Grund des § 35 Abs. 3 Satz 2 des Warenzeichengesetzes vom 5. Mai 1936 (Reichsgesetzbl. II S. 134) wird gemäß einer Mitteilung der Königlich Britischen Regierung bekanntgemacht:</P><P>Deutsche Staatsangehörige, die ein Warenzeichen in dem Vereinigten Königreich von Großbritannien und Nordirland anmelden, brauchen nicht den Nachweis zu erbringen, daß sie für das Zeichen in dem Staat, in dem sich ihre Niederlassung befindet, den Markenschutz nachgesucht und erhalten haben.</P></Content></text></textdaten></norm>
</dokumente>