<?xml version="1.0" encoding="UTF-8" ?><!DOCTYPE dokumente SYSTEM "http://www.gesetze-im-internet.de/dtd/1.01/gii-norm.dtd">
<dokumente builddate="20131202132503" doknr="BJNR008050964"><norm builddate="20131202132503" doknr="BJNR008050964"><metadaten><jurabk>ZGÄndG 4 1964</jurabk><ausfertigung-datum manuell="ja">1964-09-09</ausfertigung-datum><fundstelle typ="amtlich"><periodikum>BGBl I</periodikum><zitstelle>1964, 805</zitstelle></fundstelle><langue>Viertes Gesetz zur Änderung des Zollgesetzes</langue></metadaten><textdaten><text format="XML"><Content><P/></Content></text><fussnoten><Content><P>(+++ Textnachweis ab: 20. 9.1964 +++)</P></Content></fussnoten></textdaten></norm>
<norm builddate="20131202132503" doknr="BJNR008050964BJNG000100314"><metadaten><jurabk>ZGÄndG 4 1964</jurabk><gliederungseinheit><gliederungskennzahl>010</gliederungskennzahl><gliederungsbez>Art 1</gliederungsbez></gliederungseinheit></metadaten><textdaten><text format="XML"><Content><P/></Content></text><fussnoten/></textdaten></norm>
<norm builddate="20131202132503" doknr="BJNR008050964BJNG000200314"><metadaten><jurabk>ZGÄndG 4 1964</jurabk><gliederungseinheit><gliederungskennzahl>020</gliederungskennzahl><gliederungsbez>Art 2</gliederungsbez></gliederungseinheit></metadaten><textdaten><text format="XML"><Content><P/></Content></text></textdaten></norm>
<norm builddate="20131202132503" doknr="BJNR008050964BJNE000500314"><metadaten><jurabk>ZGÄndG 4 1964</jurabk><enbez>§ 1</enbez></metadaten><textdaten><text format="XML"><Content><P>Der in der Anlage rot schraffierte Gebietsteil des Freihafens Hamburg - Freihafenteil Waltershof - wird in das Zollgebiet einbezogen.</P></Content></text></textdaten></norm>
<norm builddate="20131202132503" doknr="BJNR008050964BJNE000600314"><metadaten><jurabk>ZGÄndG 4 1964</jurabk><enbez>§ 2</enbez></metadaten><textdaten><text format="XML"><Content><P>Der Bundesminister der Finanzen wird ermächtigt, durch Rechtsverordnung das in der Anlage grün schraffierte Gebiet aus dem Zollgebiet auszuschließen und in den Freihafen Hamburg - Freihafenteil Waltershof - einzubeziehen, soweit es die wirtschaftliche Entwicklung erfordert.</P></Content></text></textdaten></norm>
<norm builddate="20131202132503" doknr="BJNR008050964BJNG000300314"><metadaten><jurabk>ZGÄndG 4 1964</jurabk><gliederungseinheit><gliederungskennzahl>030</gliederungskennzahl><gliederungsbez>Art 3</gliederungsbez></gliederungseinheit></metadaten><textdaten><text format="XML"><Content><P>Dieses Gesetz gilt nach § 12 Abs. 1 des Dritten Überleitungsgesetzes vom 4. Januar 1952 (Bundesgesetzbl. I S. 1) auch im Land Berlin. Rechtsverordnungen, die auf Grund dieses Gesetzes erlassen werden, gelten im Land Berlin nach § 14 des Dritten Überleitungsgesetzes.</P></Content></text></textdaten></norm>
<norm builddate="20131202132503" doknr="BJNR008050964BJNG000400314"><metadaten><jurabk>ZGÄndG 4 1964</jurabk><gliederungseinheit><gliederungskennzahl>040</gliederungskennzahl><gliederungsbez>Art 4</gliederungsbez></gliederungseinheit></metadaten><textdaten><text format="XML"><Content><P>Artikel 2 dieses Gesetzes tritt am 1. Juni 1965 in Kraft. Im übrigen tritt dieses Gesetz am Tage nach seiner Verkündung in Kraft.</P></Content></text></textdaten></norm>
<norm builddate="20131202132503" doknr="BJNR008050964BJNE000700314"><metadaten><jurabk>ZGÄndG 4 1964</jurabk><enbez>Anlage</enbez><titel format="parat">zum Vierten Gesetz zur Änderung des Zollgesetzes vom 9. September 1964</titel></metadaten><textdaten><text format="XML"><Content><P><noindex><BR/><kommentar typ="Fundstelle">(Fundstelle: BGBl. I 1964, 806)</kommentar></noindex></P><P><IMG Align="center" Pos="block" SRC="bgbl1_1964_j0806_0010.jpg" alt=""/></P></Content></text></textdaten></norm>
</dokumente>