<?xml version="1.0" encoding="UTF-8" ?><!DOCTYPE dokumente SYSTEM "http://www.gesetze-im-internet.de/dtd/1.01/gii-norm.dtd">
<dokumente builddate="20131008093436" doknr="BJNR002780944"><norm builddate="20131008093436" doknr="BJNR002780944"><metadaten><jurabk>WasKwV</jurabk><ausfertigung-datum manuell="ja">1944-10-26</ausfertigung-datum><fundstelle typ="amtlich"><periodikum>RGBl I</periodikum><zitstelle>1944, 278</zitstelle></fundstelle><langue>Verordnung über die steuerliche Begünstigung von Wasserkraftwerken</langue><standangabe checked="ja"><standtyp>Stand</standtyp><standkommentar>Zuletzt geändert durch Art. 61 G v. 8.12.2010 I 1864</standkommentar></standangabe></metadaten><textdaten><fussnoten><Content><P><BR/> <pre xml:space="preserve">(+++ Textnachweis Geltung ab: 21.8.1977 +++)<BR/><BR/></pre></P></Content></fussnoten></textdaten></norm>
<norm builddate="20131008093436" doknr="BJNR002780944BJNE000100303"><metadaten><jurabk>WasKwV</jurabk><enbez>Eingangsformel</enbez></metadaten><textdaten><text format="XML"><Content><P>Auf Grund des § 12 der Reichsabgabenordnung wird im Einvernehmen mit dem Reichsminister des Innern und dem Generalinspektor für Wasser und Energie verordnet:</P></Content></text></textdaten></norm>
<norm builddate="20131008093436" doknr="BJNR002780944BJNE000200303"><metadaten><jurabk>WasKwV</jurabk><enbez>§ 1</enbez><titel format="parat">Steuerbegünstigte Unternehmen</titel></metadaten><textdaten><text format="XML"><Content><P>Unternehmen, die elektrische Arbeit durch Wasserkräfte erzeugen, werden nach Maßgabe dieser Verordnung steuerlich begünstigt.</P></Content></text></textdaten></norm>
<norm builddate="20131008093436" doknr="BJNR002780944BJNE000300303"><metadaten><jurabk>WasKwV</jurabk><enbez>§ 2</enbez><titel format="parat">Steuerbegünstigte Anlagen</titel></metadaten><textdaten><text format="XML"><Content><P>(1) Die steuerliche Begünstigung erstreckt sich nur auf die Anlagen zur Erzeugung elektrischer Arbeit durch Wasserkräfte (Wasserkraftwerke). Zu den Wasserkraftwerken gehören auch die Anlagen zur Fortleitung der erzeugten elektrischen Arbeit bis zu den Abspannketten der Fernleitungen.</P><P>(2) Die steuerliche Begünstigung kann auf Antrag auch für die Anlagen zur Fortleitung des Stroms aus steuerbegünstigten Wasserkraftwerken gewährt werden.</P></Content> </text></textdaten></norm>
<norm builddate="20131008093436" doknr="BJNR002780944BJNE000401309"><metadaten><jurabk>WasKwV</jurabk><enbez>§ 3</enbez><titel format="parat">Voraussetzungen der steuerlichen Begünstigung</titel></metadaten><textdaten><text format="XML"><Content><P>Die steuerliche Begünstigung tritt nur ein, wenn der Baubeginn der Anlagen in die Zeit vom 1. Januar 1938 bis zum 31. Dezember 1990 fällt.</P></Content></text><fussnoten/></textdaten></norm>
<norm builddate="20131008093436" doknr="BJNR002780944BJNE000500303"><metadaten><jurabk>WasKwV</jurabk><enbez>§ 4</enbez><titel format="parat">Einkommensteuer und Körperschaftsteuer</titel></metadaten><textdaten><text format="XML"><Content><P>(1) Die Einkommensteuer oder die Körperschaftsteuer, die auf den Gewinn aus den steuerbegünstigten Anlagen entfällt, ermäßigt sich ab dem Betriebsbeginn für die Dauer von zwanzig Jahren auf die Hälfte der gesetzlichen Beträge.</P><P>(2) Die Bundesregierung wird ermächtigt, mit Zustimmung des Bundesrates durch Rechtsverordnung Vorschriften über die Ermittlung des steuerbegünstigten Gewinns für den Fall zu erlassen, daß ein Unternehmen steuerbegünstigte und nicht steuerbegünstigte Anlagen unterhält.</P></Content> </text><fussnoten/></textdaten></norm>
<norm builddate="20131008093436" doknr="BJNR002780944BJNE000600303"><metadaten><jurabk>WasKwV</jurabk><enbez>§ 5</enbez><titel format="parat">Vermögensteuer und Aufbringungsumlage</titel></metadaten><textdaten><text format="XML"><Content><P>Die Vermögensteuer <I>und die Aufbringungsumlage,</I> die auf die steuerbegünstigten Anlagen entfallen, sind während der Bauzeit nicht zu entrichten. Sie ermäßigen sich ab dem Betriebsbeginn für die Dauer von zwanzig Jahren auf die Hälfte der gesetzlichen Beträge.</P></Content></text><fussnoten/></textdaten></norm>
<norm builddate="20131008093436" doknr="BJNR002780944BJNE000701140"><metadaten><jurabk>WasKwV</jurabk><enbez>§ 6</enbez><titel format="XML">Gewerbesteuer</titel></metadaten><textdaten><text format="XML"><Content><P>(1) Die einheitlichen Gewerbesteuermeßbeträge, die auf die steuerbegünstigten Anlagen entfallen, ermäßigen sich ab dem Betriebsbeginn für die Dauer von zwanzig Jahren auf die Hälfte der gesetzlichen Beträge.</P><P>(2) (weggefallen)</P></Content></text><fussnoten/></textdaten></norm>
<norm builddate="20131008093436" doknr="BJNR002780944BJNE000800303"><metadaten><jurabk>WasKwV</jurabk><enbez>§ 7</enbez><titel format="parat">Absetzung für Abnutzung</titel></metadaten><textdaten><text format="XML"><Content><P>(1) Die Summe der Absetzungen für Abnutzung auf die Wirtschaftsgüter, die zu den steuerbegünstigten Anlagen gehören, muß für die gesamte Dauer der Steuerbegünstigung bei den Wasserkraftwerken mindestens 25 vom Hundert, bei den Fortleitungsanlagen (§ 2 Abs. 2) mindestens 40 vom Hundert der Anschaffungs- oder Herstellungskosten betragen.</P><P>(2) Die Bundesregierung wird ermächtigt, mit Zustimmung des Bundesrates durch Rechtsverordnung zu bestimmen, wie der Gesamtbetrag der Absetzung für Abnutzung auf die einzelnen Jahre zu verteilen ist. Bleibt die Summe der Absetzungen für Abnutzung eines Jahres hinter dem danach maßgebenden Betrag zurück, so tritt die steuerliche Begünstigung für dieses Jahr nicht ein.</P></Content> </text><fussnoten/></textdaten></norm>
<norm builddate="20131008093436" doknr="BJNR002780944BJNE000901309"><metadaten><jurabk>WasKwV</jurabk><enbez>§ 8</enbez></metadaten><textdaten><text format="XML"><Content><P>-</P></Content></text><fussnoten/></textdaten></norm>
<norm builddate="20131008093436" doknr="BJNR002780944BJNE001000303"><metadaten><jurabk>WasKwV</jurabk><enbez>§ 9</enbez><titel format="parat">Weitergewährung bisheriger steuerlicher Begünstigungen</titel></metadaten><textdaten><text format="XML"><Content><P>-</P></Content></text><fussnoten/></textdaten></norm>
<norm builddate="20131008093436" doknr="BJNR002780944BJNE001101309"><metadaten><jurabk>WasKwV</jurabk><enbez>§ 10</enbez><titel format="parat">Anwendungsvorschriften</titel></metadaten><textdaten><text format="XML"><Content><P>(1) Die Bestimmungen dieser Verordnung sind erstmalig anzuwenden: <DL Font="normal" Type="arabic"><DT>a)</DT><DD Font="normal"><LA Size="normal">bei der Veranlagung zur Einkommensteuer und zur Körperschaftsteuer für das Kalenderjahr 1943;</LA></DD> <DT>b)</DT><DD Font="normal"><LA Size="normal">bei der Veranlagung zur Vermögensteuer und zur Aufbringungsumlage für das Rechnungsjahr 1943;</LA></DD> <DT>c)</DT><DD Font="normal"><LA Size="normal">bei der Festsetzung der einheitlichen Gewerbesteuermeßbeträge für das Kalenderjahr 1943.</LA></DD> </DL> </P><P>(2) ...</P><P>(3) § 8 in der im Bundesgesetzblatt Teil III, Gliederungsnummer 610-6-2, veröffentlichten bereinigten Fassung ist letztmals für Wirtschaftsjahre anzuwenden, die vor dem 1. Januar 1984 enden.</P></Content> </text><fussnoten/></textdaten></norm>
<norm builddate="20131008093436" doknr="BJNR002780944BJNE001200303"><metadaten><jurabk>WasKwV</jurabk><enbez>Schlußformel</enbez></metadaten><textdaten><text format="XML"><Content><P><SP>Der Reichsminister der Finanzen</SP></P></Content></text></textdaten></norm>
</dokumente>