<?xml version="1.0" encoding="UTF-8" ?><!DOCTYPE dokumente SYSTEM "http://www.gesetze-im-internet.de/dtd/1.01/gii-norm.dtd">
<dokumente builddate="20130702220145" doknr="BJNR168000013"><norm builddate="20130702220145" doknr="BJNR168000013"><metadaten><jurabk>FVG1971§5Abs7S4StVV</jurabk><ausfertigung-datum manuell="ja">2013-06-24</ausfertigung-datum><fundstelle typ="amtlich"><periodikum>BGBl I</periodikum><zitstelle>2013, 1679, 1680</zitstelle></fundstelle><langue>Verordnung zur Verteilung des Steueraufkommens aus dem Steuerabzugs- und Veranlagungsverfahren nach § 5 Absatz 7 Satz 4 des Finanzverwaltungsgesetzes</langue></metadaten><textdaten><fussnoten><Content><P><BR/> <pre xml:space="preserve">(+++ Textnachweis ab: 29.6.2013 +++)<BR/><BR/></pre>Die V wurde als Artikel 3 der V v. 24.6.2013 I 1679, 1680 von der Bundesregierung und dem Bundesministerium der Finanzen mit Zustimmung des Bundesrates beschlossen. Sie ist gem. Art. 4 dieser V am 29.6.2013 in Kraft getreten.</P></Content></fussnoten></textdaten></norm>
<norm builddate="20130702220145" doknr="BJNR168000013BJNE000100000"><metadaten><jurabk>FVG1971§5Abs7S4StVV</jurabk><enbez>§ 1</enbez><titel format="XML">Grundregel</titel></metadaten><textdaten><text format="XML"><Content><P>(1) Das auf die Länder einschließlich ihrer Gemeinden entfallende Aufkommen des Bundeszentralamts für Steuern aus der Ausübung der Aufgabe nach § 5 Absatz 1 Nummer 12 des Finanzverwaltungsgesetzes gebührt dem Land, dessen Finanzbehörde für die Besteuerung vom Einkommen des Vergütungsschuldners örtlich zuständig ist. Ist der Vergütungsschuldner keine Körperschaft und stimmen Betriebs- und Wohnsitzfinanzamt nicht überein, ist das Betriebsfinanzamt maßgebend.</P><P>(2) Sofern eine Veranlagung nach § 50 Absatz 2 Satz 2 Nummer 5 des Einkommensteuergesetzes beantragt wird und der hierauf anzurechnende Steuerabzug nach § 50a des Einkommensteuergesetzes von Vergütungsschuldnern vorgenommen wurde, für deren Besteuerung vom Einkommen Finanzbehörden verschiedener Länder örtlich zuständig sind, steht der auf die Länder einschließlich ihrer Gemeinden entfallende Anteil am Zahl- oder Erstattungsbetrag dem Land zu, dessen Finanzbehörde nach Maßgabe der Abgabenordnung für die Veranlagung zuständig gewesen wäre.</P></Content></text></textdaten></norm>
<norm builddate="20130702220145" doknr="BJNR168000013BJNE000200000"><metadaten><jurabk>FVG1971§5Abs7S4StVV</jurabk><enbez>§ 2</enbez><titel format="XML">Verteilung bei gebietsfremden Vergütungsschuldnern</titel></metadaten><textdaten><text format="XML"><Content><P>Ist keine Zuordnung der Einnahmen zu einem Land nach § 1 möglich, sind die Einnahmen nach dem Verhältnis der für diesen Feststellungszeitraum nach § 1 auf die Länder festgestellten Anteile auszuzahlen.</P></Content></text></textdaten></norm>
<norm builddate="20130702220145" doknr="BJNR168000013BJNE000300000"><metadaten><jurabk>FVG1971§5Abs7S4StVV</jurabk><enbez>§ 3</enbez><titel format="XML">Verfahren zur Verteilung des Steueraufkommens</titel></metadaten><textdaten><text format="XML"><Content><P>Nach Ablauf eines jeden Monats stellt das Bundeszentralamt für Steuern die Anteile der einzelnen Länder getrennt nach Steuerarten oder Steuererhebungsarten fest.</P></Content></text></textdaten></norm>
</dokumente>