<?xml version="1.0" encoding="UTF-8" ?><!DOCTYPE dokumente SYSTEM "http://www.gesetze-im-internet.de/dtd/1.01/gii-norm.dtd">
<dokumente builddate="20120625151834" doknr="BJNR202820965"><norm builddate="20120625151834" doknr="BJNR202820965"><metadaten><jurabk>KfzHPflÜbk Straßburg</jurabk><ausfertigung-datum manuell="ja">1959-04-20</ausfertigung-datum><fundstelle typ="amtlich"><periodikum>BGBl II</periodikum><zitstelle>1965, 282</zitstelle></fundstelle><langue>Europäisches Übereinkommen über die obligatorische
Haftpflichtversicherung für Kraftfahrzeuge</langue></metadaten><textdaten><text format="decorated"/><fussnoten><Content><P>G v. 1.4.1965 II 281 <BR/>Inkraft gem. Bek. v. 26.9.1969 II 1993 mWv 22.9.1969</P></Content></fussnoten></textdaten></norm>
</dokumente>