<?xml version="1.0" encoding="UTF-8" ?><!DOCTYPE dokumente SYSTEM "http://www.gesetze-im-internet.de/dtd/1.01/gii-norm.dtd">
<dokumente builddate="20180703213001" doknr="BJNR211100993"><norm builddate="20180703213001" doknr="BJNR211100993"><metadaten><jurabk>BeauftrV</jurabk><amtabk>BeauftrV</amtabk><ausfertigung-datum manuell="ja">1993-12-16</ausfertigung-datum><fundstelle typ="amtlich"><periodikum>BGBl I</periodikum><zitstelle>1993, 2111</zitstelle></fundstelle><langue>Verordnung zur Beauftragung von Luftsportverbänden</langue><standangabe checked="ja"><standtyp>Stand</standtyp><standkommentar>Zuletzt geändert durch Art. 5 V v. 12.12.2016 I 2864</standkommentar></standangabe></metadaten><textdaten><fussnoten><Content><P><BR/> <pre xml:space="preserve">(+++ Textnachweis ab: 23.12.1993 +++)<BR/><BR/></pre></P></Content></fussnoten></textdaten></norm>
<norm builddate="20180703213001" doknr="BJNR211100993BJNE000100307"><metadaten><jurabk>BeauftrV</jurabk><enbez>Eingangsformel</enbez></metadaten><textdaten><text format="XML"><Content><P>Auf Grund des § 31c und des § 31d Abs. 2 Satz 3 des Luftverkehrsgesetzes in der Fassung der Bekanntmachung vom 14. Januar 1981 (BGBl. I S. 61), die durch Artikel 1 Nr. 15 des Gesetzes vom 23. Juli 1992 (BGBl. I S. 1370) eingefügt worden sind, verordnet das Bundesministerium für Verkehr:</P></Content></text></textdaten></norm>
<norm builddate="20180703213001" doknr="BJNR211100993BJNE000204116"><metadaten><jurabk>BeauftrV</jurabk><enbez>§ 1</enbez></metadaten><textdaten><text format="XML"><Content><P>Der im Vereinsregister des Amtsgerichts Braunschweig unter der Nummer 200069 eingetragene Deutsche Aero Club e.V. wird beauftragt, die folgenden öffentlichen Aufgaben im Zusammenhang mit der Benutzung des Luftraums durch Luftsportgeräte wahrzunehmen: <DL Font="normal" Type="arabic"><DT>1.</DT><DD Font="normal"><LA Size="normal">Erteilung der Muster- und Verkehrszulassung von Ultraleichtflugzeugen und Ultraleichthubschraubern,</LA></DD><DT>2.</DT><DD Font="normal"><LA Size="normal">Erteilung der Erlaubnisse und Berechtigungen für das Luftfahrtpersonal dieser Luftsportgeräte,</LA></DD><DT>3.</DT><DD Font="normal"><LA Size="normal">Erteilung der Erlaubnisse für die Ausbildung dieses Luftfahrtpersonals,</LA></DD><DT>4.</DT><DD Font="normal"><LA Size="normal">Aufsicht über den Betrieb von Luftsportgeräten auf Flugplätzen und Geländen, wenn beide ausschließlich dem Betrieb von Luftsportgeräten dienen und soweit nicht ein anderer Beauftragter die Aufsicht führt, und</LA></DD><DT>5.</DT><DD Font="normal"><LA Size="normal">Erhebung von Kosten nach der Kostenverordnung der Luftfahrtverwaltung in der jeweils gültigen Fassung,</LA></DD><DT>6.</DT><DD Font="normal"><LA Size="normal">die Aufgaben entsprechend den Nummern 2 bis 5 für motorisierte Luftsportgeräte nach § 1 Absatz 4 Nummer 1 der Luftverkehrs-Zulassungs-Ordnung.</LA></DD></DL></P></Content></text><fussnoten/></textdaten></norm>
<norm builddate="20180703213001" doknr="BJNR211100993BJNE000303116"><metadaten><jurabk>BeauftrV</jurabk><enbez>§ 2</enbez></metadaten><textdaten><text format="XML"><Content><P>Der im Vereinsregister des Amtsgerichts München unter der Nummer 10635 eingetragene Deutsche Ultraleichtflugverband e.V. wird beauftragt, die folgenden öffentlichen Aufgaben im Zusammenhang mit der Benutzung des Luftraums durch Luftsportgeräte wahrzunehmen: <DL Font="normal" Type="arabic"><DT>1.</DT><DD Font="normal"><LA Size="normal">Erteilung der Muster- und Verkehrszulassung von Ultraleichtflugzeugen und Ultraleichthubschraubern,</LA></DD><DT>2.</DT><DD Font="normal"><LA Size="normal">Erteilung der Erlaubnisse und Berechtigungen für das Luftfahrtpersonal dieser Luftsportgeräte,</LA></DD><DT>3.</DT><DD Font="normal"><LA Size="normal">Erteilung der Erlaubnisse für die Ausbildung dieses Luftfahrtpersonals,</LA></DD><DT>4.</DT><DD Font="normal"><LA Size="normal">Aufsicht über den Betrieb von Luftsportgeräten auf Flugplätzen und Geländen, wenn beide ausschließlich dem Betrieb von Luftsportgeräten dienen und soweit nicht ein anderer Beauftragter die Aufsicht führt, und</LA></DD><DT>5.</DT><DD Font="normal"><LA Size="normal">Erhebung von Kosten nach der Kostenverordnung der Luftfahrtverwaltung in der jeweils gültigen Fassung,</LA></DD><DT>6.</DT><DD Font="normal"><LA Size="normal">die Aufgaben entsprechend den Nummern 2 bis 5 für motorisierte Luftsportgeräte nach § 1 Absatz 4 Nummer 1 der Luftverkehrs-Zulassungs-Ordnung.</LA></DD></DL></P></Content></text><fussnoten/></textdaten></norm>
<norm builddate="20180703213001" doknr="BJNR211100993BJNE000401308"><metadaten><jurabk>BeauftrV</jurabk><enbez>§ 3</enbez></metadaten><textdaten><text format="XML"><Content><P>Der im Vereinsregister des Amtsgerichts München unter der Nummer 9767 eingetragene Deutsche Hängegleiterverband e.V. wird beauftragt, die folgenden öffentlichen Aufgaben im Zusammenhang mit der Benutzung des Luftraums durch Hängegleiter und Gleitsegel (§ 1 Abs. 4 Luftverkehrs-Zulassungs-Ordnung) wahrzunehmen: <DL Font="normal" Type="arabic"><DT>1.</DT><DD Font="normal"><LA Size="normal">Erteilung der Erlaubnisse und Berechtigungen für das Luftfahrtpersonal dieser Luftsportgeräte,</LA></DD> <DT>2.</DT><DD Font="normal"><LA Size="normal">Erteilung der Erlaubnisse für die Ausbildung dieses Luftfahrtpersonals,</LA></DD> <DT>3.</DT><DD Font="normal"><LA Size="normal">Erteilung der Erlaubnisse zum Starten und Landen mit diesen Luftsportgeräten außerhalb der genehmigten Flugplätze (§ 25 Luftverkehrsgesetz),</LA></DD> <DT>4.</DT><DD Font="normal"><LA Size="normal">Aufsicht über den Betrieb von Luftsportgeräten auf Flugplätzen und Geländen, wenn beide ausschließlich dem Betrieb von Luftsportgeräten dienen und soweit nicht ein anderer Beauftragter die Aufsicht führt, und</LA></DD> <DT>5.</DT><DD Font="normal"><LA Size="normal">Erhebung von Kosten nach der Kostenverordnung der Luftfahrtverwaltung in der jeweils gültigen Fassung.</LA></DD> </DL></P></Content></text><fussnoten/></textdaten></norm>
<norm builddate="20180703213001" doknr="BJNR211100993BJNE000901311"><metadaten><jurabk>BeauftrV</jurabk><enbez>§ 3a</enbez></metadaten><textdaten><text format="XML"><Content><P>Die in den §§ 1 und 3 genannten Vereine werden beauftragt, die folgenden öffentlichen Aufgaben im Zusammenhang mit der Benutzung des Luftraums durch nicht motorisierte, aerodynamisch gesteuerte Luftsportgeräte mit einer höchstzulässigen Leermasse bis 120 Kilogramm wahrzunehmen: <DL Font="normal" Type="arabic"><DT>1.</DT><DD Font="normal"><LA Size="normal">Erteilung der Erlaubnisse und Berechtigungen für das Luftfahrtpersonal dieser Luftsportgeräte,</LA></DD><DT>2.</DT><DD Font="normal"><LA Size="normal">Erteilung der Erlaubnisse für die Ausbildung dieses Luftfahrtpersonals,</LA></DD><DT>3.</DT><DD Font="normal"><LA Size="normal">Erteilung der Erlaubnisse zum Starten und Landen mit diesen Luftsportgeräten außerhalb der genehmigten Flugplätze (§ 25 Luftverkehrsgesetz),</LA></DD><DT>4.</DT><DD Font="normal"><LA Size="normal">Aufsicht über den Betrieb dieser Luftsportgeräte auf Flugplätzen und Geländen, wenn beide ausschließlich dem Betrieb von Luftsportgeräten dienen und soweit nicht ein anderer Beauftragter die Aufsicht führt, und</LA></DD><DT>5.</DT><DD Font="normal"><LA Size="normal">Erhebung von Kosten nach der Kostenverordnung der Luftfahrtverwaltung in der jeweils gültigen Fassung.</LA></DD></DL></P></Content></text><fussnoten/></textdaten></norm>
<norm builddate="20180703213001" doknr="BJNR211100993BJNE000501308"><metadaten><jurabk>BeauftrV</jurabk><enbez>§ 4</enbez></metadaten><textdaten><text format="XML"><Content><P>Der in § 1 genannte Verein und der im Vereinsregister des Amtsgerichts Weilheim, Zweigstelle Schongau, unter der Nummer 180 eingetragene Deutsche Fallschirmsportverband e.V. werden beauftragt, die folgenden öffentlichen Aufgaben im Zusammenhang mit der Benutzung des Luftraums durch Sprungfallschirme (§ 1 Abs. 4 Luftverkehrs-Zulassungs-Ordnung) wahrzunehmen: <DL Font="normal" Type="arabic"><DT>1.</DT><DD Font="normal"><LA Size="normal">Erteilung der Erlaubnisse und Berechtigungen für das Luftfahrtpersonal dieser Luftsportgeräte,</LA></DD> <DT>2.</DT><DD Font="normal"><LA Size="normal">Erteilung der Erlaubnisse für die Ausbildung dieses Luftfahrtpersonals,</LA></DD> <DT>3.</DT><DD Font="normal"><LA Size="normal">Erteilung der Erlaubnisse zum Landen mit diesen Luftsportgeräten außerhalb der genehmigten Flugplätze (§ 25 Luftverkehrsgesetz),</LA></DD> <DT>4.</DT><DD Font="normal"><LA Size="normal">Aufsicht über den Betrieb von Luftsportgeräten auf Flugplätzen und Geländen, wenn beide ausschließlich dem Betrieb von Luftsportgeräten dienen und soweit nicht ein anderer Beauftragter die Aufsicht führt, und</LA></DD> <DT>5.</DT><DD Font="normal"><LA Size="normal">Erhebung von Kosten nach der Kostenverordnung der Luftfahrtverwaltung in der jeweils gültigen Fassung.</LA></DD> </DL></P></Content></text><fussnoten/></textdaten></norm>
<norm builddate="20180703213001" doknr="BJNR211100993BJNE001000308"><metadaten><jurabk>BeauftrV</jurabk><enbez>§ 4a</enbez></metadaten><textdaten><text format="XML"><Content><P>Der in § 1 genannte Verein und der im Vereinsregister des Amtsgerichts Bonn unter der Nummer 4321 eingetragene Deutsche Modellflieger Verband e. V. werden beauftragt, die folgenden öffentlichen Aufgaben im Zusammenhang mit der Benutzung des Luftraums durch Flugmodelle (§ 1 Abs. 1 Nr. 8 Luftverkehrs-Zulassungs-Ordnung) wahrzunehmen: <DL Font="normal" Type="arabic"><DT>1.</DT><DD Font="normal"><LA Size="normal">Erteilung der Musterzulassung von Flugmodellen mit einer höchstzulässigen Startmasse von mehr als 25 Kilogramm und bis zu 150 Kilogramm,</LA></DD> <DT>2.</DT><DD Font="normal"><LA Size="normal">Erteilung der Erlaubnisse für Steuerer dieser Flugmodelle,</LA></DD> <DT>3.</DT><DD Font="normal"><LA Size="normal">Erteilung der Erlaubnis für die Ausbildung der Steuerer dieser Modelle,</LA></DD> <DT>4.</DT><DD Font="normal"><LA Size="normal">Erhebung von Kosten nach der Kostenverordnung der Luftfahrtverwaltung in der jeweils gültigen Fassung.</LA></DD> </DL></P></Content></text><fussnoten/></textdaten></norm>
<norm builddate="20180703213001" doknr="BJNR211100993BJNE000601308"><metadaten><jurabk>BeauftrV</jurabk><enbez>§ 5</enbez></metadaten><textdaten><text format="XML"><Content><P>(1) Die Beauftragten sind verpflichtet, ihre Aufgaben neutral und unabhängig von der Mitgliedschaft in einem der genannten oder in anderen Verbänden oder Vereinen wahrzunehmen.</P><P>(2) Der Beauftragte ist nicht berechtigt, einen Antragsteller an einen anderen Beauftragten zu verweisen oder einen von einem anderen Beauftragten erlassenen Verwaltungsakt zu verlängern, zu ergänzen, nachträglich mit Nebenbestimmungen zu versehen, zurückzunehmen oder zu widerrufen. Derselbe Einzelfall, der bereits Gegenstand eines Verwaltungsverfahrens bei einem  Beauftragten gewesen ist, darf ohne dessen Einwilligung weder gleichzeitig noch nacheinander zum Gegenstand eines Verwaltungsverfahrens bei einem anderen Beauftragten gemacht werden.</P><P>(3) Die mit der Durchführung derselben Aufgabe beauftragten Verbände sind verpflichtet, zur Gewährleistung eines einheitlichen Sicherheitsstandards und Anforderungsprofils ihre Verwaltungsverfahren und -grundsätze aufeinander abzustimmen und in einer Vereinbarung festzulegen. Sie treffen sich mindestens zweimal im Jahr zu Koordinierungssitzungen.</P></Content>  </text><fussnoten/></textdaten></norm>
<norm builddate="20180703213001" doknr="BJNR211100993BJNE000704305"><metadaten><jurabk>BeauftrV</jurabk><enbez>§ 6</enbez></metadaten><textdaten><text format="XML"><Content><P>Die Rechts- und Fachaufsicht über die in den §§ 1 bis 4a beauftragten Luftsportverbände wird auf das Luftfahrt-Bundesamt übertragen. Soweit Einzelfragen der Luftsportgeräteverwaltung durch einen Beauftragten grundsätzlicher Klärung bedürfen, werden diese vom Luftfahrt-Bundesamt dem Bundesministerium für Verkehr und digitale Infrastruktur zur Entscheidung vorgelegt.</P></Content></text><fussnoten/></textdaten></norm>
<norm builddate="20180703213001" doknr="BJNR211100993BJNE000804305"><metadaten><jurabk>BeauftrV</jurabk><enbez>§ 7</enbez></metadaten><textdaten><text format="XML"><Content><P>(1) Mit dem Inkrafttreten dieser Verordnung werden alle bisher vom Bundesministerium für Verkehr und digitale Infrastruktur erteilten Anerkennungen und Beauftragungen mit gleichem oder ähnlichem Inhalt in bezug auf Luftsportgeräte gegenstandslos.</P><P>(2) Diese Verordnung tritt am Tage nach der Verkündung in Kraft.</P></Content></text><fussnoten/></textdaten></norm>
</dokumente>