<?xml version="1.0" encoding="UTF-8" ?><!DOCTYPE dokumente SYSTEM "http://www.gesetze-im-internet.de/dtd/1.01/gii-norm.dtd">
<dokumente builddate="20160623215509" doknr="BJNR104480980"><norm builddate="20160623215509" doknr="BJNR104480980"><metadaten><jurabk>WZG§4EG/EGKomBek</jurabk><ausfertigung-datum manuell="ja">1980-04-16</ausfertigung-datum><fundstelle typ="amtlich"><periodikum>BGBl I</periodikum><zitstelle>1980, 448</zitstelle></fundstelle><langue>Bekanntmachung zu § 4 des Warenzeichengesetzes</langue></metadaten><textdaten><text format="XML"><Content><P/></Content></text><fussnoten><Content><P>(+++ Textnachweis ab: 24. 4.1980 +++)</P></Content></fussnoten></textdaten></norm>
<norm builddate="20160623215509" doknr="BJNR104480980BJNE000100303"><metadaten><jurabk>WZG§4EG/EGKomBek</jurabk><enbez>(XXXX)</enbez></metadaten><textdaten><text format="XML"><Content><P>(1) Auf Grund des § 4 Abs. 2 Nr. 3a des Warenzeichengesetzes in der Fassung der Bekanntmachung vom 2. Januar 1968 (BGBl. I S. 1, 29) wird bekanntgemacht, daß die Bezeichnungen und Abkürzungen der Europäischen Gemeinschaften (Anlage 1) und das von der Kommission der Europäischen Gemeinschaften verwandte Kennzeichen (Anlage 2) von der Eintragung als Warenzeichen ausgeschlossen sind.</P><P>(2) Diese Bekanntmachung ergeht im Anschluß an die Bekanntmachung vom 11. Februar 1980 (BGBl. I S. 148).</P></Content></text></textdaten></norm>
<norm builddate="20160623215509" doknr="BJNR104480980BJNE000900303"><metadaten><jurabk>WZG§4EG/EGKomBek</jurabk><enbez>Schlussformel</enbez></metadaten><textdaten><text format="XML"><Content><P>Der Bundesminister der Justiz</P></Content></text></textdaten></norm>
<norm builddate="20160623215509" doknr="BJNR104480980BJNE000200303"><metadaten><jurabk>WZG§4EG/EGKomBek</jurabk><enbez>Anlage 1</enbez></metadaten><textdaten><text format="XML"><Content><P><BR/><noindex><kommentar typ="Fundstelle">Fundstelle: BGBl. I 1980, 449)</kommentar></noindex><IMG Align="center" Pos="block" SRC="bgbl1_1980_j0449_0010.jpg"/></P></Content></text></textdaten></norm>
<norm builddate="20160623215509" doknr="BJNR104480980BJNE000300303"><metadaten><jurabk>WZG§4EG/EGKomBek</jurabk><enbez>Anlage 2</enbez><titel format="XML">Kennzeichen der Kommission der Europäischen Gemeinschaften</titel></metadaten><textdaten><text format="XML"><Content><P><noindex><kommentar typ="Fundstelle">Fundstelle: BGBl. I 1980, 450)</kommentar></noindex><BR/><BR/><IMG Align="center" Pos="block" SRC="bgbl1_1980_j0450_0010.jpg"/></P></Content></text></textdaten></norm>
</dokumente>