<?xml version="1.0" encoding="UTF-8" ?><!DOCTYPE dokumente SYSTEM "http://www.gesetze-im-internet.de/dtd/1.01/gii-norm.dtd">
<dokumente builddate="20120625154950" doknr="BJNR001700996"><norm builddate="20120625154950" doknr="BJNR001700996"><metadaten><jurabk>NSOpferBPräsProk</jurabk><ausfertigung-datum manuell="ja">1996-01-03</ausfertigung-datum><fundstelle typ="amtlich"><periodikum>BGBl I</periodikum><zitstelle>1996, 17</zitstelle></fundstelle><langue>Proklamation des Bundespräsidenten</langue></metadaten><textdaten><text format="XML"><Content><P/></Content></text><fussnoten><Content><P>(+++ Textnachweis ab: 16.1.1996 +++)</P></Content></fussnoten></textdaten></norm>
<norm builddate="20120625154950" doknr="BJNR001700996BJNE000100310"><metadaten><jurabk>NSOpferBPräsProk</jurabk><enbez>(XXXX)</enbez></metadaten><textdaten><text format="XML"><Content><P>1995 jährte sich zum 50. Mal das Ende des Zweiten Weltkrieges und der nationalsozialistischen Gewaltherrschaft. In diesem Jahr haben wir uns in besonderer Weise der Opfer des nationalsozialistischen Rassenwahns und Völkermordes erinnert und der Millionen Menschen gedacht, die durch das nationalsozialistische Regime entrechtet, verfolgt, gequält oder ermordet wurden. Symbolhaft für diesen Terror steht das Konzentrationslager Auschwitz, das am 27. Januar 1945 befreit wurde und in dem vor allem solche Menschen litten, die der Nationalsozialismus planmäßig ermordete oder noch vernichten wollte.<BR/>Die Erinnerung darf nicht enden; sie muß auch künftige Generationen zur Wachsamkeit mahnen.<BR/>Es ist deshalb wichtig, nun eine Form des Erinnerns zu finden, die in die Zukunft wirkt. Sie soll Trauer über Leid und Verlust ausdrücken, dem Gedenken an die Opfer gewidmet sein und jeder Gefahr der Wiederholung entgegenwirken.<BR/>Ich erkläre den 27. Januar zum Tag des Gedenkens an die Opfer des Nationalsozialismus.</P><P><SP>Der Bundespräsident</SP></P></Content></text></textdaten></norm>
</dokumente>