<?xml version="1.0" encoding="UTF-8" ?><!DOCTYPE dokumente SYSTEM "http://www.gesetze-im-internet.de/dtd/1.01/gii-norm.dtd">
<dokumente builddate="20220420213006" doknr="BJNR080800006"><norm builddate="20220420213006" doknr="BJNR080800006"><metadaten><jurabk>MarketKfmAusbV</jurabk><ausfertigung-datum manuell="ja">2006-03-31</ausfertigung-datum><fundstelle typ="amtlich"><periodikum>BGBl I</periodikum><zitstelle>2006, 808</zitstelle></fundstelle><langue>Verordnung über die Berufsausbildung zum Kaufmann für Marketingkommunikation/zur Kauffrau für Marketingkommunikation</langue></metadaten><textdaten><text format="XML"><Content><P><noindex>Diese Rechtsverordnung ist eine Ausbildungsordnung im Sinne des § 4 des Berufsbildungsgesetzes. Die Ausbildungsordnung und der damit abgestimmte, von der Ständigen Konferenz der Kultusminister der Länder in der Bundesrepublik Deutschland beschlossene Rahmenlehrplan für die Berufsschule werden demnächst als Beilage zum Bundesanzeiger veröffentlicht.</noindex></P></Content></text><fussnoten><Content><P><BR/> <pre xml:space="preserve">(+++ Textnachweis ab: 1.8.2006 +++)<BR/><BR/></pre></P></Content></fussnoten></textdaten></norm>
<norm builddate="20220420213006" doknr="BJNR080800006BJNE000100000"><metadaten><jurabk>MarketKfmAusbV</jurabk><enbez>Eingangsformel</enbez></metadaten><textdaten><text format="XML"><Content><P>Auf Grund des § 4 Abs. 1 in Verbindung mit § 5 des Berufsbildungsgesetzes vom 23. März 2005 (BGBl. I S. 931) und mit § 1 des Zuständigkeitsanpassungsgesetzes vom 16. August 2002 (BGBl. I S. 3165) sowie dem Organisationserlass vom 22. November 2005 (BGBl. I S. 3197) verordnet das Bundesministerium für Wirtschaft und Technologie im Einvernehmen mit dem Bundesministerium für Bildung und Forschung:</P></Content></text></textdaten></norm>
<norm builddate="20220420213006" doknr="BJNR080800006BJNE000200000"><metadaten><jurabk>MarketKfmAusbV</jurabk><enbez>§ 1</enbez><titel format="parat">Staatliche Anerkennung des Ausbildungsberufes</titel></metadaten><textdaten><text format="XML"><Content><P>Der Ausbildungsberuf Kaufmann für Marketingkommunikation/Kauffrau für Marketingkommunikation wird staatlich anerkannt.</P></Content></text></textdaten></norm>
<norm builddate="20220420213006" doknr="BJNR080800006BJNE000300000"><metadaten><jurabk>MarketKfmAusbV</jurabk><enbez>§ 2</enbez><titel format="parat">Ausbildungsdauer</titel></metadaten><textdaten><text format="XML"><Content><P>Die Ausbildung dauert drei Jahre.</P></Content></text></textdaten></norm>
<norm builddate="20220420213006" doknr="BJNR080800006BJNE000400000"><metadaten><jurabk>MarketKfmAusbV</jurabk><enbez>§ 3</enbez><titel format="parat">Zielsetzung der Berufsausbildung</titel></metadaten><textdaten><text format="XML"><Content><P>Die in dieser Verordnung genannten Fertigkeiten, Kenntnisse und Fähigkeiten sollen so vermittelt werden, dass die Auszubildenden zur Ausübung einer qualifizierten beruflichen Tätigkeit im Sinne des § 1 Abs. 3 des Berufsbildungsgesetzes befähigt werden, die insbesondere selbstständiges Planen, Durchführen und Kontrollieren einschließt. Diese Befähigung ist auch in den Prüfungen nach den §§ 8 und 9 nachzuweisen.</P></Content></text></textdaten></norm>
<norm builddate="20220420213006" doknr="BJNR080800006BJNE000500000"><metadaten><jurabk>MarketKfmAusbV</jurabk><enbez>§ 4</enbez><titel format="parat">Ausbildungsberufsbild</titel></metadaten><textdaten><text format="XML"><Content><P>Gegenstand der Berufsausbildung sind mindestens die folgenden Fertigkeiten, Kenntnisse und Fähigkeiten: <DL Font="normal" Type="arabic"><DT>1.</DT><DD Font="normal"><LA Size="normal">Der Ausbildungsbetrieb:</LA></DD> <DT>1.1</DT><DD Font="normal"><LA Size="normal">Stellung, Rechtsform und Struktur,</LA></DD> <DT>1.2</DT><DD Font="normal"><LA Size="normal">Gesamt- und einzelwirtschaftliche Funktion der Marketing- und Kommunikationswirtschaft,</LA></DD> <DT>1.3</DT><DD Font="normal"><LA Size="normal">Berufsbildung, arbeits- und sozialrechtliche Grundlagen,</LA></DD> <DT>1.4</DT><DD Font="normal"><LA Size="normal">Sicherheit und Gesundheitsschutz bei der Arbeit,</LA></DD> <DT>1.5</DT><DD Font="normal"><LA Size="normal">Umweltschutz;</LA></DD> <DT>2.</DT><DD Font="normal"><LA Size="normal">Arbeitsorganisation, Informations- und Kommunikationssysteme:</LA></DD> <DT>2.1</DT><DD Font="normal"><LA Size="normal">Arbeitsorganisation,</LA></DD> <DT>2.2</DT><DD Font="normal"><LA Size="normal">Projektorganisation,</LA></DD> <DT>2.3</DT><DD Font="normal"><LA Size="normal">Qualitätssichernde Maßnahmen,</LA></DD> <DT>2.4</DT><DD Font="normal"><LA Size="normal">Informations- und Kommunikationssysteme;</LA></DD> <DT>3.</DT><DD Font="normal"><LA Size="normal">Kommunikation und Kooperation:</LA></DD> <DT>3.1</DT><DD Font="normal"><LA Size="normal">Kommunikation,</LA></DD> <DT>3.2</DT><DD Font="normal"><LA Size="normal">Teamarbeit und Kooperation,</LA></DD> <DT>3.3</DT><DD Font="normal"><LA Size="normal">Kundenbeziehungen,</LA></DD> <DT>3.4</DT><DD Font="normal"><LA Size="normal">Anwenden einer Fremdsprache bei Fachaufgaben;</LA></DD> <DT>4.</DT><DD Font="normal"><LA Size="normal">Marketing- und Kommunikationsstrategien:</LA></DD> <DT>4.1</DT><DD Font="normal"><LA Size="normal">Marktbeobachtung und -analyse,</LA></DD> <DT>4.2</DT><DD Font="normal"><LA Size="normal">Zielgruppen,</LA></DD> <DT>4.3</DT><DD Font="normal"><LA Size="normal">Markenführung,</LA></DD> <DT>4.4</DT><DD Font="normal"><LA Size="normal">Budgetplanung;</LA></DD> <DT>5.</DT><DD Font="normal"><LA Size="normal">Vorbereitung und Planung von Marketing- und Kommunikationsmaßnahmen:</LA></DD> <DT>5.1</DT><DD Font="normal"><LA Size="normal">Briefing,</LA></DD> <DT>5.2</DT><DD Font="normal"><LA Size="normal">Konzeptionierung,</LA></DD> <DT>5.3</DT><DD Font="normal"><LA Size="normal">Steuerung der kreativen Umsetzung,</LA></DD> <DT>5.4</DT><DD Font="normal"><LA Size="normal">Feinplanung des Medieneinsatzes,</LA></DD> <DT>5.5</DT><DD Font="normal"><LA Size="normal">Rechte und Lizenzen;</LA></DD> <DT>6.</DT><DD Font="normal"><LA Size="normal">Durchführung und Kontrolle von Marketing- und Kommunikationsmaßnahmen:</LA></DD> <DT>6.1</DT><DD Font="normal"><LA Size="normal">Auswahl und Beauftragung von Dienstleistern,</LA></DD> <DT>6.2</DT><DD Font="normal"><LA Size="normal">Organisation interner und externer Herstellungsprozesse,</LA></DD> <DT>6.3</DT><DD Font="normal"><LA Size="normal">Medieneinsatz,</LA></DD> <DT>6.4</DT><DD Font="normal"><LA Size="normal">Kontrolle und Abschluss der Maßnahme;</LA></DD> <DT>7.</DT><DD Font="normal"><LA Size="normal">Kaufmännische Steuerung und Kontrolle:</LA></DD> <DT>7.1</DT><DD Font="normal"><LA Size="normal">Rechnungs- und Finanzwesen,</LA></DD> <DT>7.2</DT><DD Font="normal"><LA Size="normal">Controlling.</LA></DD> </DL></P></Content></text></textdaten></norm>
<norm builddate="20220420213006" doknr="BJNR080800006BJNE000600000"><metadaten><jurabk>MarketKfmAusbV</jurabk><enbez>§ 5</enbez><titel format="XML">Ausbildungsrahmenplan</titel></metadaten><textdaten><text format="XML"><Content><P>Die Fertigkeiten, Kenntnisse und Fähigkeiten nach § 4 sollen nach den in den Anlagen 1 und 2 enthaltenen Anleitungen zur sachlichen und zeitlichen Gliederung der Berufsausbildung (Ausbildungsrahmenplan) vermittelt werden. Eine von dem Ausbildungsrahmenplan abweichende sachliche und zeitliche Gliederung des Ausbildungsinhaltes ist insbesondere zulässig, soweit betriebspraktische Besonderheiten die Abweichung erfordern.</P></Content></text></textdaten></norm>
<norm builddate="20220420213006" doknr="BJNR080800006BJNE000700000"><metadaten><jurabk>MarketKfmAusbV</jurabk><enbez>§ 6</enbez><titel format="XML">Ausbildungsplan</titel></metadaten><textdaten><text format="XML"><Content><P>Die Ausbildenden haben unter Zugrundelegung des Ausbildungsrahmenplans für die Auszubildenden einen Ausbildungsplan zu erstellen.</P></Content></text></textdaten></norm>
<norm builddate="20220420213006" doknr="BJNR080800006BJNE000800000"><metadaten><jurabk>MarketKfmAusbV</jurabk><enbez>§ 7</enbez><titel format="parat">Schriftlicher Ausbildungsnachweis</titel></metadaten><textdaten><text format="XML"><Content><P>Die Auszubildenden haben einen schriftlichen Ausbildungsnachweis zu führen. Ihnen ist Gelegenheit zu geben, den schriftlichen Ausbildungsnachweis während der Ausbildungszeit zu führen. Die Ausbildenden haben den schriftlichen Ausbildungsnachweis regelmäßig durchzusehen.</P></Content></text></textdaten></norm>
<norm builddate="20220420213006" doknr="BJNR080800006BJNE000900000"><metadaten><jurabk>MarketKfmAusbV</jurabk><enbez>§ 8</enbez><titel format="parat">Zwischenprüfung</titel></metadaten><textdaten><text format="XML"><Content><P>(1) Zur Ermittlung des Ausbildungsstandes ist eine Zwischenprüfung durchzuführen. Sie soll in der Mitte des zweiten Ausbildungsjahres stattfinden.</P><P>(2) Die Zwischenprüfung erstreckt sich auf die in den Anlagen 1 und 2 für das erste Ausbildungsjahr aufgeführten Fertigkeiten, Kenntnisse und Fähigkeiten sowie auf den im Berufsschulunterricht zu vermittelnden Lehrstoff, soweit er für die Berufsausbildung wesentlich ist.</P><P>(3) Die Zwischenprüfung ist schriftlich anhand praxisbezogener Aufgaben oder Fälle in höchstens 120 Minuten in folgenden Gebieten durchzuführen: <DL Font="normal" Type="arabic"><DT>1.</DT><DD Font="normal"><LA Size="normal">Arbeitsgestaltung und Informationsverarbeitung,</LA></DD> <DT>2.</DT><DD Font="normal"><LA Size="normal">Planung von Marketing- und Kommunikationsmaßnahmen,</LA></DD> <DT>3.</DT><DD Font="normal"><LA Size="normal">Kaufmännische Geschäftsprozesse,</LA></DD> <DT>4.</DT><DD Font="normal"><LA Size="normal">Wirtschafts- und Sozialkunde.</LA></DD> </DL></P></Content>  </text></textdaten></norm>
<norm builddate="20220420213006" doknr="BJNR080800006BJNE001000000"><metadaten><jurabk>MarketKfmAusbV</jurabk><enbez>§ 9</enbez><titel format="parat">Abschlussprüfung</titel></metadaten><textdaten><text format="XML"><Content><P>(1) Die Abschlussprüfung erstreckt sich auf die in der Anlage 1 aufgeführten Fertigkeiten, Kenntnisse und Fähigkeiten sowie auf den im Berufsschulunterricht zu vermittelnden Lehrstoff, soweit er für die Berufsausbildung wesentlich ist.</P><P>(2) Die Abschlussprüfung besteht aus vier Prüfungsbereichen: <DL Font="normal" Type="arabic"><DT>1.</DT><DD Font="normal"><LA Size="normal">Entwicklung von Marketing- und Kommunikationskonzepten,</LA></DD><DT>2.</DT><DD Font="normal"><LA Size="normal">Umsetzung und Steuerung von Marketing- und Kommunikationsmaßnahmen,</LA></DD><DT>3.</DT><DD Font="normal"><LA Size="normal">Wirtschafts- und Sozialkunde,</LA></DD><DT>4.</DT><DD Font="normal"><LA Size="normal">Fallbezogenes Fachgespräch.</LA></DD></DL>Die Prüfung ist in den Prüfungsbereichen nach den Nummern 1 bis 3 schriftlich und im Prüfungsbereich Fallbezogenes Fachgespräch mündlich durchzuführen.</P><P>(3) Die Anforderungen in den Prüfungsbereichen sind: <DL Font="normal" Type="arabic"><DT>1.</DT><DD Font="normal"><LA Size="normal">im Prüfungsbereich Entwicklung von Marketing- und Kommunikationskonzepten:</LA><LA Size="normal">In höchstens 150 Minuten soll der Prüfling praxisbezogene Aufgaben oder Fälle insbesondere aus den folgenden Gebieten:<DL Font="normal" Type="arabic"><DT>a)</DT><DD Font="normal"><LA Size="normal">Marktanalyse und Zielgruppenbestimmung,</LA></DD><DT>b)</DT><DD Font="normal"><LA Size="normal">Marketing- und Kommunikationsplanung,</LA></DD><DT>c)</DT><DD Font="normal"><LA Size="normal">Maßnahmenkonzeption und Feinplanung des Medieneinsatzes,</LA></DD><DT>d)</DT><DD Font="normal"><LA Size="normal">Budgetplanung und Kalkulation</LA></DD></DL></LA><LA Size="normal">bearbeiten und dabei zeigen, dass er Sachverhalte und Zusammenhänge analysieren sowie Marketing- und Kommunikationskonzepte ergebnis- und kundenorientiert entwickeln kann;</LA></DD><DT>2.</DT><DD Font="normal"><LA Size="normal">im Prüfungsbereich Umsetzung und Steuerung von Marketing- und Kommunikationsmaßnahmen:</LA><LA Size="normal">In höchstens 90 Minuten soll der Prüfling praxisbezogene Aufgaben oder Fälle insbesondere aus den folgenden Gebieten:<DL Font="normal" Type="arabic"><DT>a)</DT><DD Font="normal"><LA Size="normal">Beauftragung von Dienstleistern,</LA></DD><DT>b)</DT><DD Font="normal"><LA Size="normal">Herstellung und Medieneinsatz,</LA></DD><DT>c)</DT><DD Font="normal"><LA Size="normal">Maßnahmencontrolling</LA></DD></DL></LA><LA Size="normal">bearbeiten und dabei zeigen, dass er Arbeitsabläufe organisieren und steuern, Ergebnisse kontrollieren und daraus kaufmännische Schlussfolgerungen ableiten kann. Ferner soll er zeigen, dass er rechtliche Vorschriften beachten und Aspekte der Wirtschaftlichkeit berücksichtigen kann;</LA></DD><DT>3.</DT><DD Font="normal"><LA Size="normal">im Prüfungsbereich Wirtschafts- und Sozialkunde:</LA><LA Size="normal">In höchstens 60 Minuten soll der Prüfling praxisbezogene Aufgaben oder Fälle bearbeiten und dabei zeigen, dass er wirtschaftliche und gesellschaftliche Zusammenhänge der Berufs- und Arbeitswelt darstellen kann;</LA></DD><DT>4.</DT><DD Font="normal"><LA Size="normal">im Prüfungsbereich Fallbezogenes Fachgespräch:</LA><LA Size="normal">Der Prüfling soll im Rahmen eines Fachgesprächs anhand einer von zwei ihm zur Wahl gestellten praxisbezogenen Aufgaben zeigen, dass er Aufgabenstellungen analysieren, Lösungsvorschläge erarbeiten und präsentieren sowie kundenorientiert kommunizieren kann. Bei der Aufgabenstellung ist der betriebliche Bereich, in dem der Auszubildende überwiegend ausgebildet wurde, zu berücksichtigen. Dem Prüfling ist nach Wahl der Aufgabe eine Vorbereitungszeit von höchstens 20 Minuten einzuräumen. Das Fachgespräch soll eine Dauer von 20 Minuten nicht überschreiten.</LA></DD></DL></P><P>(4) Sind die Prüfungsleistungen in bis zu zwei schriftlichen Prüfungsbereichen mit &quot;mangelhaft&quot; und in den übrigen schriftlichen Prüfungsbereichen mit mindestens &quot;ausreichend&quot; bewertet worden, so ist auf Antrag des Prüflings oder nach Ermessen des Prüfungsausschusses in einem der mit &quot;mangelhaft&quot; bewerteten Prüfungsbereiche die schriftliche Prüfung durch eine mündliche Prüfung von etwa 15 Minuten zu ergänzen, wenn diese für das Bestehen der Prüfung den Ausschlag geben kann. Der Prüfungsbereich ist vom Prüfling zu bestimmen. Bei der Ermittlung des Ergebnisses für diesen Prüfungsbereich sind die Ergebnisse der schriftlichen Arbeit und der mündlichen Ergänzungsprüfung im Verhältnis 2 : 1 zu gewichten.</P><P>(5) Bei der Ermittlung des Gesamtergebnisses haben die einzelnen Prüfungsbereiche folgendes Gewicht: <BR/><BR/><table frame="none" tocentry="%yes;"><tgroup align="left" char="" charoff="50" cols="3" colsep="0" rowsep="0"><colspec colname="col1" colnum="1" colwidth="0.1*"/><colspec colname="col2" colnum="2" colwidth="1*"/><colspec align="right" colname="col3" colnum="3" colwidth="1*"/><tbody valign="top"><row><entry VJ="1" valign="top">1.</entry><entry VJ="1">Entwicklung von<BR/>Marketing- und Kommunikationskonzepten</entry><entry VJ="1" valign="bottom">30 Prozent,</entry></row><row><entry VJ="1" valign="top">2.</entry><entry VJ="1">Umsetzung und Steuerung von<BR/>Marketing- und Kommunikationsmaßnahmen</entry><entry VJ="1" valign="bottom">30 Prozent,</entry></row><row><entry VJ="1" valign="top">3.</entry><entry VJ="1">Wirtschafts- und Sozialkunde</entry><entry VJ="1" valign="bottom">10 Prozent,</entry></row><row><entry VJ="1" valign="top">4.</entry><entry VJ="1">Fallbezogenes Fachgespräch</entry><entry VJ="1" valign="bottom">30 Prozent.</entry></row></tbody></tgroup></table><BR/>Zum Bestehen der Abschlussprüfung müssen im Gesamtergebnis und in mindestens zwei der in Absatz 2 Nr. 1 bis 3 genannten Prüfungsbereiche sowie im Prüfungsbereich Fallbezogenes Fachgespräch mindestens ausreichende Prüfungsleistungen erbracht werden. Werden die Prüfungsleistungen in einem Prüfungsbereich mit &quot;ungenügend&quot; bewertet, so ist die Prüfung nicht bestanden.</P></Content></text></textdaten></norm>
<norm builddate="20220420213006" doknr="BJNR080800006BJNE001100000"><metadaten><jurabk>MarketKfmAusbV</jurabk><enbez>§ 10</enbez><titel format="XML">Bestehende Berufsausbildungsverhältnisse</titel></metadaten><textdaten><text format="XML"><Content><P>Berufsausbildungsverhältnisse, die bei Inkrafttreten dieser Verordnung bestehen, können unter Anrechnung der bisher zurückgelegten Ausbildungszeit nach den Vorschriften dieser Verordnung fortgesetzt werden, wenn die Vertragsparteien dies vereinbaren.</P></Content></text></textdaten></norm>
<norm builddate="20220420213006" doknr="BJNR080800006BJNE001200000"><metadaten><jurabk>MarketKfmAusbV</jurabk><enbez>§ 11</enbez><titel format="parat">Inkrafttreten, Außerkrafttreten</titel></metadaten><textdaten><text format="XML"><Content><P>Diese Verordnung tritt am 1. August 2006 in Kraft.</P></Content></text><fussnoten/></textdaten></norm>
<norm builddate="20220420213006" doknr="BJNR080800006BJNE001300000"><metadaten><jurabk>MarketKfmAusbV</jurabk><enbez>Anlage 1</enbez><titel format="XML">(zu § 5)<BR/>Ausbildungsrahmenplan für die Berufsausbildung zum Kaufmann für Marketingkommunikation/zur Kauffrau für Marketingkommunikation<BR/>- Sachliche Gliederung -</titel></metadaten><textdaten><text format="XML"><Content><P><ABWFORMAT typ="A"/><kommentar typ="Fundstelle">(Fundstelle: BGBl. I 2006, 811 - 815)</kommentar><BR/><table frame="all"><tgroup cols="3" colsep="1" rowsep="1"><colspec align="center" colname="col1" colnum="1" colwidth="50"/><colspec colname="col2" colnum="2" colwidth="150"/><colspec colname="col3" colnum="3" colwidth="350"/><tbody valign="top"><row><entry align="left">Lfd. Nr.</entry><entry align="center">Teil des Ausbildungsberufsbildes</entry><entry align="center">Zu vermittelnde Fertigkeiten, Kenntnisse und Fähigkeiten</entry></row><row><entry>1</entry><entry align="center">2</entry><entry align="center">3</entry></row><row><entry>1</entry><entry>Der Ausbildungsbetrieb<BR/>(§ 4 Nr. 1)</entry><entry> </entry></row><row><entry>1.1</entry><entry>Stellung, Rechtsform und Struktur<BR/>(§ 4 Nr. 1.1)</entry><entry><DL><DT>a)</DT><DD><LA>Branchenstruktur der Marketing- und Kommunikationswirtschaft beschreiben, anzutreffende Betriebsformen, Branchensegmente und Tätigkeitsfelder darstellen</LA></DD><DT>b)</DT><DD><LA>Ausbildungsbetrieb in die Branchenstruktur einordnen</LA></DD><DT>c)</DT><DD><LA>Rechtsform des Ausbildungsbetriebes erläutern</LA></DD><DT>d)</DT><DD><LA>Aufbau, Struktur und Leitbild des Ausbildungsbetriebes erläutern</LA></DD><DT>e)</DT><DD><LA>Zusammenarbeit des Ausbildungsbetriebes mit Wirtschaftsorganisationen, Behörden, Verbänden, Gewerkschaften und Berufsvertretungen beschreiben</LA></DD></DL></entry></row><row><entry>1.2</entry><entry>Gesamt- und einzelwirtschaftliche Funktion der Marketing- und Kommunikationswirtschaft<BR/>(§ 4 Nr. 1.2)</entry><entry><DL><DT>a)</DT><DD><LA>Aufgabe und Bedeutung von Marketing und Kommunikation im Rahmen der Gesamtwirtschaft und der Gesellschaft darstellen</LA></DD><DT>b)</DT><DD><LA>Funktion und Bedeutung von Marketing und Kommunikation für Unternehmen, Verbände und Institutionen beschreiben</LA></DD><DT>c)</DT><DD><LA>Zielsetzung, Aufgaben und Stellung des Ausbildungsbetriebes im gesamtwirtschaftlichen Zusammenhang beschreiben</LA></DD><DT>d)</DT><DD><LA>Bereiche und Strukturen der Teilbranchen in der Marketing- und Kommunikationswirtschaft erläutern</LA></DD><DT>e)</DT><DD><LA>Arten von Marketingkommunikation unterscheiden, Bereiche voneinander abgrenzen und deren Beziehungen zueinander darstellen</LA></DD><DT>f)</DT><DD><LA>Stellung des Ausbildungsbetriebes im Vergleich zu Mitbewerbern ermitteln</LA></DD><DT>g)</DT><DD><LA>Geschäftsfelder des Ausbildungsbetriebes darstellen</LA></DD></DL></entry></row><row><entry>1.3</entry><entry>Berufsbildung, arbeits- und sozialrechtliche Grundlagen<BR/>(§ 4 Nr. 1.3)</entry><entry><DL><DT>a)</DT><DD><LA>Rechte und Pflichten aus dem Ausbildungsvertrag darstellen und die Aufgaben der Beteiligten im dualen System beschreiben</LA></DD><DT>b)</DT><DD><LA>betrieblichen Ausbildungsplan mit der Ausbildungsordnung vergleichen und unter Nutzung von Arbeits- und Lerntechniken zu seiner Umsetzung beitragen</LA></DD><DT>c)</DT><DD><LA>lebensbegleitendes Lernen als Voraussetzung für berufliche und persönliche Entwicklung begründen; branchenbezogene Fortbildungsmöglichkeiten ermitteln</LA></DD><DT>d)</DT><DD><LA>Fachinformationen nutzen</LA></DD><DT>e)</DT><DD><LA>wesentliche Inhalte eines Arbeitsvertrages erklären</LA></DD><DT>f)</DT><DD><LA>arbeits-, sozial- und mitbestimmungsrechtliche Vorschriften sowie die für den Ausbildungsbetrieb geltenden tariflichen Regelungen beachten</LA></DD></DL></entry></row><row><entry>1.4</entry><entry>Sicherheit und Gesundheitsschutz bei der Arbeit<BR/>(§ 4 Nr. 1.4)</entry><entry><DL><DT>a)</DT><DD><LA>Gefährdungen von Sicherheit und Gesundheit am Arbeitsplatz feststellen und Maßnahmen zu ihrer Vermeidung ergreifen</LA></DD><DT>b)</DT><DD><LA>berufsbezogene Arbeitsschutz- und Unfallverhütungsvorschriften anwenden</LA></DD><DT>c)</DT><DD><LA>Verhaltensweisen bei Unfällen beschreiben sowie erste Maßnahmen einleiten</LA></DD><DT>d)</DT><DD><LA>Vorschriften des vorbeugenden Brandschutzes anwenden; Verhaltensweisen bei Bränden beschreiben und Maßnahmen zur Brandbekämpfung ergreifen</LA></DD></DL></entry></row><row><entry>1.5</entry><entry>Umweltschutz<BR/>(§ 4 Nr. 1.5)</entry><entry>Zur Vermeidung betriebsbedingter Umweltbelastungen im beruflichen Einwirkungsbereich beitragen, insbesondere<DL><DT>a)</DT><DD><LA>mögliche Umweltbelastungen durch den Ausbildungsbetrieb und seinen Beitrag zum Umweltschutz an Beispielen erklären</LA></DD><DT>b)</DT><DD><LA>für den Ausbildungsbetrieb geltende Regelungen des Umweltschutzes anwenden</LA></DD><DT>c)</DT><DD><LA>Möglichkeiten der wirtschaftlichen und umweltschonenden Energie- und Materialverwendung nutzen</LA></DD><DT>d)</DT><DD><LA>Abfälle vermeiden; Stoffe und Materialien einer umweltschonenden Entsorgung zuführen</LA></DD></DL></entry></row><row><entry>2</entry><entry>Arbeitsorganisation, Informations- und Kommunikationssysteme<BR/>(§ 4 Nr. 2)</entry><entry> </entry></row><row><entry>2.1</entry><entry>Arbeitsorganisation<BR/>(§ 4 Nr. 2.1)</entry><entry><DL><DT>a)</DT><DD><LA>Aufbau, Aufgaben und Zuständigkeiten der Funktionsbereiche des Ausbildungsbetriebes erläutern</LA></DD><DT>b)</DT><DD><LA>Arbeitsabläufe im eigenen Funktionsbereich und Schnittstellen zu anderen Funktionsbereichen berücksichtigen</LA></DD><DT>c)</DT><DD><LA>Arbeits- und Organisationsmittel sowie Informations- und Kommunikationsmittel einsetzen</LA></DD><DT>d)</DT><DD><LA>eigene Arbeit systematisch, qualitätsbewusst und unter Berücksichtigung organisatorischer, technischer und wirtschaftlicher Notwendigkeiten planen, durchführen und kontrollieren</LA></DD><DT>e)</DT><DD><LA>Lern- und Arbeitstechniken einsetzen, Zusammenarbeit aktiv gestalten und Aufgaben teamorientiert bearbeiten</LA></DD></DL></entry></row><row><entry>2.2</entry><entry>Projektorganisation<BR/>(§ 4 Nr. 2.2)</entry><entry><DL><DT>a)</DT><DD><LA>Inhaltliche, organisatorische, zeitliche, personelle und finanzielle Aspekte bei der Projektarbeit berücksichtigen</LA></DD><DT>b)</DT><DD><LA>Instrumente des Projektmanagements anwenden</LA></DD></DL></entry></row><row><entry>2.3</entry><entry>Qualitätssichernde Maßnahmen<BR/>(§ 4 Nr. 2.3)</entry><entry><DL><DT>a)</DT><DD><LA>Qualitätssicherungsmaßnahmen im eigenen Arbeitsbereich anwenden</LA></DD><DT>b)</DT><DD><LA>Service-, Kundendienst- und Gewährleistungen als Teil der Qualitätssicherung situationsgerecht anwenden</LA></DD></DL></entry></row><row><entry>2.4</entry><entry>Informations- und Kommunikationssysteme<BR/>(§ 4 Nr. 2.4)</entry><entry><DL><DT>a)</DT><DD><LA>Informations- und Kommunikationssysteme aufgabenorientiert einsetzen</LA></DD><DT>b)</DT><DD><LA>interne und externe Dienste und Netze nutzen</LA></DD><DT>c)</DT><DD><LA>Leistungsmerkmale und Kompatibilität von Hardware- und Softwarekomponenten beachten</LA></DD><DT>d)</DT><DD><LA>Maßnahmen des Datenschutzes, der Datensicherheit und der Datensicherung aufgabenorientiert anwenden</LA></DD></DL></entry></row><row><entry>3</entry><entry>Kommunikation und Kooperation<BR/>(§ 4 Nr. 3)</entry><entry> </entry></row><row><entry>3.1</entry><entry>Kommunikation<BR/>(§ 4 Nr. 3.1)</entry><entry><DL><DT>a)</DT><DD><LA>Kommunikationsregeln berücksichtigen und zielgruppen- und mediengerecht anwenden</LA></DD><DT>b)</DT><DD><LA>Informationen zielgruppengerecht aufbereiten und bedarfsgerecht nutzen</LA></DD><DT>c)</DT><DD><LA>situationsgerecht kommunizieren</LA></DD><DT>d)</DT><DD><LA>Moderationstechniken anwenden</LA></DD><DT>e)</DT><DD><LA>Arbeitsergebnisse situationsgerecht präsentieren und begründen</LA></DD></DL></entry></row><row><entry>3.2</entry><entry>Teamarbeit und Kooperation<BR/>(§ 4 Nr. 3.2)</entry><entry><DL><DT>a)</DT><DD><LA>Rückmeldungen über Arbeitsergebnisse geben, mit Kritik konstruktiv umgehen</LA></DD><DT>b)</DT><DD><LA>Strategien zur Konfliktlösung nutzen</LA></DD><DT>c)</DT><DD><LA>Aufgaben im Team planen und unter Beachtung individueller Fähigkeiten verteilen und bearbeiten</LA></DD></DL></entry></row><row><entry>3.3</entry><entry>Kundenbeziehungen<BR/>(§ 4 Nr. 3.3)</entry><entry><DL><DT>a)</DT><DD><LA>Wertschätzung, Respekt und Vertrauen als Grundlage kundenorientierten Verhaltens und erfolgreicher Zusammenarbeit berücksichtigen</LA></DD><DT>b)</DT><DD><LA>Maßnahmen der Kundenbetreuung und -bindung umsetzen</LA></DD><DT>c)</DT><DD><LA>Beschwerden entgegennehmen und betriebsübliche Maßnahmen umsetzen</LA></DD><DT>d)</DT><DD><LA>kulturelle Besonderheiten bei geschäftlichen Kontakten berücksichtigen</LA></DD></DL></entry></row><row><entry>3.4</entry><entry>Anwenden einer Fremdsprache bei Fachaufgaben<BR/>(§ 4 Nr. 3.4)</entry><entry><DL><DT>a)</DT><DD><LA>fremdsprachige Fachbegriffe anwenden</LA></DD><DT>b)</DT><DD><LA>im Ausbildungsbetrieb übliche fremdsprachige Informationen auswerten</LA></DD><DT>c)</DT><DD><LA>Auskünfte erteilen und einholen, auch in einer Fremdsprache</LA></DD></DL></entry></row><row><entry>4</entry><entry>Marketing- und Kommunikationsstrategien<BR/>(§ 4 Nr. 4)</entry><entry> </entry></row><row><entry>4.1</entry><entry>Marktbeobachtung und -analyse<BR/>(§ 4 Nr. 4.1)</entry><entry><DL><DT>a)</DT><DD><LA>Märkte beschreiben und eingrenzen</LA></DD><DT>b)</DT><DD><LA>Informationen über Mitbewerber und Marktentwicklungen beschaffen und auswerten</LA></DD><DT>c)</DT><DD><LA>Instrumente der Marktbeobachtung und der Marktanalyse auswählen</LA></DD><DT>d)</DT><DD><LA>Absatzpotenziale ermitteln</LA></DD></DL></entry></row><row><entry>4.2</entry><entry>Zielgruppen<BR/>(§ 4 Nr. 4.2)</entry><entry><DL><DT>a)</DT><DD><LA>Informationsquellen für die Erschließung von Zielgruppen und Märkten nutzen</LA></DD><DT>b)</DT><DD><LA>Konsumentenverhalten erfassen und analysieren</LA></DD><DT>c)</DT><DD><LA>Zielgruppen analysieren, definieren und segmentieren, dabei kulturelle und gesellschaftliche Verhaltensweisen, Werte und Normen berücksichtigen</LA></DD></DL></entry></row><row><entry>4.3</entry><entry>Markenführung<BR/>(§ 4 Nr. 4.3)</entry><entry><DL><DT>a)</DT><DD><LA>Merkmale einer Marke darstellen</LA></DD><DT>b)</DT><DD><LA>Instrumente der Markenführung beschreiben</LA></DD><DT>c)</DT><DD><LA>Markenwert aufzeigen</LA></DD><DT>d)</DT><DD><LA>Markenessenz feststellen</LA></DD></DL></entry></row><row><entry>4.4</entry><entry>Budgetplanung<BR/>(§ 4 Nr. 4.4)</entry><entry><DL><DT>a)</DT><DD><LA>Budgetplanungsarten unterscheiden</LA></DD><DT>b)</DT><DD><LA>Eckwerte von Marketingplänen berücksichtigen</LA></DD><DT>c)</DT><DD><LA>Budgets nach Zeit, Aktionen und Instrumenten des Marketingmix aufteilen</LA></DD><DT>d)</DT><DD><LA>Kapazitäten planen und mit der Produkt-, Marketing- und Vertriebsplanung abgleichen</LA></DD><DT>e)</DT><DD><LA>Kommunikationsplanung, Produktplanung und Vertrieb aufeinander abstimmen</LA></DD></DL></entry></row><row><entry>5</entry><entry>Vorbereitung und Planung von Marketing- und Kommunikationsmaßnahmen<BR/>(§ 4 Nr. 5)</entry><entry> </entry></row><row><entry>5.1</entry><entry>Briefing<BR/>(§ 4 Nr. 5.1)</entry><entry><DL><DT>a)</DT><DD><LA>Briefingbestandteile recherchieren und verifizieren</LA></DD><DT>b)</DT><DD><LA>Briefing anhand eines Musterbriefings formulieren</LA></DD><DT>c)</DT><DD><LA>Briefing auf Vollständigkeit überprüfen</LA></DD><DT>d)</DT><DD><LA>Fragenkatalog für das Re-Briefing erstellen und bearbeiten</LA></DD></DL></entry></row><row><entry>5.2</entry><entry>Konzeptionierung<BR/>(§ 4 Nr. 5.2)</entry><entry><DL><DT>a)</DT><DD><LA>an der Entwicklung von Strategien für Marketing- und Kommunikationsmaßnahmen mitwirken</LA></DD><DT>b)</DT><DD><LA>Konzepte hinsichtlich der Aufgabenstellung und Ziele bewerten</LA></DD><DT>c)</DT><DD><LA>Kommunikationsmix und Kommunikationsmittel bestimmen</LA></DD><DT>d)</DT><DD><LA>Produktion und Ressourcen planen</LA></DD><DT>e)</DT><DD><LA>Projektbudget kalkulieren und vorschlagen</LA></DD></DL></entry></row><row><entry>5.3</entry><entry>Steuerung der kreativen Umsetzung<BR/>(§ 4 Nr. 5.3)</entry><entry><DL><DT>a)</DT><DD><LA>kreative Umsetzungen mit Briefing abgleichen</LA></DD><DT>b)</DT><DD><LA>Vorgaben für die Kreation formulieren</LA></DD><DT>c)</DT><DD><LA>Kreativitätstechniken nutzen</LA></DD></DL></entry></row><row><entry>5.4</entry><entry>Feinplanung des Medieneinsatzes<BR/>(§ 4 Nr. 5.4)</entry><entry><DL><DT>a)</DT><DD><LA>Mediaziele festlegen und Medienmix vorschlagen</LA></DD><DT>b)</DT><DD><LA>Einsatzplan entwickeln</LA></DD><DT>c)</DT><DD><LA>Optimierungsmöglichkeiten prüfen</LA></DD></DL></entry></row><row><entry>5.5</entry><entry>Rechte und Lizenzen<BR/>(§ 4 Nr. 5.5)</entry><entry><DL><DT>a)</DT><DD><LA>berufsspezifische Rechtsquellen, Normen und Regeln erschließen und anwenden</LA></DD><DT>b)</DT><DD><LA>rechtliche Vorschriften, insbesondere zum Wettbewerbs-, Urheber-, Verwertungs-, Marken- und Persönlichkeitsrecht anwenden</LA></DD><DT>c)</DT><DD><LA>bei der Vertragsgestaltung sowie an der Beschaffung von Rechten und Lizenzen mitwirken</LA></DD><DT>d)</DT><DD><LA>zur Sicherung von Rechten und zur Vermeidung von Missbrauch beitragen</LA></DD></DL></entry></row><row><entry>6</entry><entry>Durchführung und Kontrolle von Marketing- und Kommunikationsmaßnahmen<BR/>(§ 4 Nr. 6)</entry><entry> </entry></row><row><entry>6.1</entry><entry>Auswahl und Beauftragung von Dienstleistern<BR/>(§ 4 Nr. 6.1)</entry><entry><DL><DT>a)</DT><DD><LA>Bedingungen für Ausschreibungen und Wettbewerbspräsentationen feststellen</LA></DD><DT>b)</DT><DD><LA>Ausschreibung formulieren</LA></DD><DT>c)</DT><DD><LA>Konzeptionen, Angebote und Präsentationen bewerten und auswählen</LA></DD><DT>d)</DT><DD><LA>Vereinbarung mit Dienstleistern formulieren</LA></DD></DL></entry></row><row><entry>6.2</entry><entry>Organisation interner und externer Herstellungsprozesse<BR/>(§ 4 Nr. 6.2)</entry><entry><DL><DT>a)</DT><DD><LA>Herstellungsprozesse und Aktivitäten planen</LA></DD><DT>b)</DT><DD><LA>Herstellungsprozesse und Aktivitäten überwachen, insbesondere hinsichtlich Zeit, Kosten und Qualität</LA></DD><DT>c)</DT><DD><LA>Abnahme von Einzelleistungen durchführen</LA></DD></DL></entry></row><row><entry>6.3</entry><entry>Medieneinsatz<BR/>(§ 4 Nr. 6.3)</entry><entry><DL><DT>a)</DT><DD><LA>Medieneinsatz steuern und überprüfen</LA></DD><DT>b)</DT><DD><LA>Resonanz erfassen und dokumentieren</LA></DD><DT>c)</DT><DD><LA>Medieneinsatz optimieren</LA></DD></DL></entry></row><row><entry>6.4</entry><entry>Kontrolle und Abschluss der Maßnahme<BR/>(§ 4 Nr. 6.4)</entry><entry><DL><DT>a)</DT><DD><LA>Ergebnisse der Marketing- und Kommunikationsmaßnahme dokumentieren</LA></DD><DT>b)</DT><DD><LA>Budgetkontrolle durchführen, bei Abweichungen Nachkalkulation vornehmen</LA></DD><DT>c)</DT><DD><LA>Rentabilität ermitteln</LA></DD><DT>d)</DT><DD><LA>Folgerungen für künftige Maßnahmen ableiten</LA></DD></DL></entry></row><row><entry>7</entry><entry>Kaufmännische Steuerung und Kontrolle<BR/>(§ 4 Nr. 7)</entry><entry> </entry></row><row><entry>7.1</entry><entry>Rechnungs- und Finanzwesen<BR/>(§ 4 Nr. 7.1)</entry><entry><DL><DT>a)</DT><DD><LA>Rechnungswesen als Instrument kaufmännischer Steuerung und Kontrolle beschreiben</LA></DD><DT>b)</DT><DD><LA>Organisation des Rechnungs- und Finanzwesens im Ausbildungsbetrieb darstellen</LA></DD><DT>c)</DT><DD><LA>Verfahren der Kosten- und Leistungsrechnung des Ausbildungsbetriebes anwenden</LA></DD></DL></entry></row><row><entry>7.2</entry><entry>Controlling<BR/>(§ 4 Nr. 7.2)</entry><entry><DL><DT>a)</DT><DD><LA>betriebliche Controllingsysteme und -instrumente anwenden</LA></DD><DT>b)</DT><DD><LA>betriebliche Leistungskennzahlen beschaffen und anwenden</LA></DD><DT>c)</DT><DD><LA>Ergebnisse des Rechnungswesens für das Controlling nutzen</LA></DD><DT>d)</DT><DD><LA>Wirtschaftlichkeit der vertraglichen Vereinbarungen prüfen</LA></DD></DL></entry></row></tbody></tgroup></table></P></Content></text></textdaten></norm>
<norm builddate="20220420213006" doknr="BJNR080800006BJNE001400000"><metadaten><jurabk>MarketKfmAusbV</jurabk><enbez>Anlage 2</enbez><titel format="XML">(zu § 5)
<BR/>
Ausbildungsrahmenplan für die Berufsausbildung zum Kaufmann für
Marketingkommunikation/zur Kauffrau für Marketingkommunikation
<BR/>
- Zeitliche Gliederung -</titel></metadaten><textdaten><text format="XML"><Content><P><ABWFORMAT typ="A"/><kommentar typ="Fundstelle">(Fundstelle: BGBl. I 2006, 816 - 817)</kommentar></P><P><DL Font="normal" Type="arabic"><DT/><DD Font="normal"><LA Size="normal"><DL Font="normal" Type="arabic"><DT/><DD Font="normal"><LA Size="normal"><DL Font="normal" Type="arabic"><DT/><DD Font="normal"><LA Size="normal"><DL Font="normal" Type="arabic"><DT/><DD Font="normal"><LA Size="normal"><DL Font="normal" Type="arabic"><DT/><DD Font="normal"><LA Size="normal"><B>Erstes Ausbildungsjahr</B></LA></DD></DL></LA></DD></DL></LA></DD></DL></LA></DD></DL></LA></DD></DL>(1) In einem Zeitraum von insgesamt drei bis fünf Monaten sind schwerpunktmäßig die Fertigkeiten, Kenntnisse und Fähigkeiten der Berufsbildpositionen <DL Font="normal" Type="arabic"><DT>1.1</DT><DD Font="normal"><LA Size="normal">Stellung, Rechtsform und Struktur,</LA></DD><DT>1.2</DT><DD Font="normal"><LA Size="normal">Gesamt- und einzelwirtschaftliche Funktion der Marketing- und Kommunikationswirtschaft,</LA></DD><DT>2.1</DT><DD Font="normal"><LA Size="normal">Arbeitsorganisation, Lernziele a bis c,</LA></DD><DT>2.3</DT><DD Font="normal"><LA Size="normal">Qualitätssichernde Maßnahmen, Lernziel a,</LA></DD><DT>2.4</DT><DD Font="normal"><LA Size="normal">Informations- und Kommunikationssysteme, Lernziele a und b,</LA></DD><DT>3.4</DT><DD Font="normal"><LA Size="normal">Anwenden einer Fremdsprache bei Fachaufgaben, Lernziel a,</LA></DD></DL>zu vermitteln.</P><P>(2) In einem Zeitraum von vier bis sechs Monaten sind schwerpunktmäßig die Fertigkeiten, Kenntnisse und Fähigkeiten der Berufsbildpositionen <DL Font="normal" Type="arabic"><DT>3.1</DT><DD Font="normal"><LA Size="normal">Kommunikation, Lernziele a bis c,</LA></DD><DT>3.2</DT><DD Font="normal"><LA Size="normal">Teamarbeit und Kooperation, Lernziel a,</LA></DD><DT>3.3</DT><DD Font="normal"><LA Size="normal">Kundenbeziehungen, Lernziel a,</LA></DD><DT>4.3</DT><DD Font="normal"><LA Size="normal">Markenführung, Lernziel a,</LA></DD><DT>5.1</DT><DD Font="normal"><LA Size="normal">Briefing, Lernziele a und b,</LA></DD><DT>6.1</DT><DD Font="normal"><LA Size="normal">Auswahl und Beauftragung von Dienstleistern, Lernziel a,</LA></DD></DL>zu vermitteln.</P><P>(3) In einem Zeitraum von zwei bis vier Monaten sind schwerpunktmäßig die Fertigkeiten, Kenntnisse und Fähigkeiten der Berufsbildpositionen <DL Font="normal" Type="arabic"><DT>1.3</DT><DD Font="normal"><LA Size="normal">Berufsbildung, arbeits- und sozialrechtliche Grundlagen,</LA></DD><DT>1.4</DT><DD Font="normal"><LA Size="normal">Sicherheit und Gesundheitsschutz bei der Arbeit,</LA></DD><DT>1.5</DT><DD Font="normal"><LA Size="normal">Umweltschutz,</LA></DD><DT>7.1</DT><DD Font="normal"><LA Size="normal">Rechnungs- und Finanzwesen, Lernziele a und b,</LA></DD><DT>7.2</DT><DD Font="normal"><LA Size="normal">Controlling, Lernziel a,</LA></DD></DL>zu vermitteln.</P><P><DL Font="normal" Type="arabic"><DT/><DD Font="normal"><LA Size="normal"><DL Font="normal" Type="arabic"><DT/><DD Font="normal"><LA Size="normal"><DL Font="normal" Type="arabic"><DT/><DD Font="normal"><LA Size="normal"><DL Font="normal" Type="arabic"><DT/><DD Font="normal"><LA Size="normal"><DL Font="normal" Type="arabic"><DT/><DD Font="normal"><LA Size="normal"><B>Zweites Ausbildungsjahr</B></LA></DD></DL></LA></DD></DL></LA></DD></DL></LA></DD></DL></LA></DD></DL>(1) In einem Zeitraum von insgesamt vier bis sechs Monaten sind schwerpunktmäßig die Fertigkeiten, Kenntnisse und Fähigkeiten der Berufsbildpositionen <DL Font="normal" Type="arabic"><DT>2.1</DT><DD Font="normal"><LA Size="normal">Arbeitsorganisation, Lernziele d und e,</LA></DD><DT>2.4</DT><DD Font="normal"><LA Size="normal">Informations- und Kommunikationssysteme, Lernziele c und d,</LA></DD><DT>3.4</DT><DD Font="normal"><LA Size="normal">Anwenden einer Fremdsprache bei Fachaufgaben, Lernziel b,</LA></DD><DT>4.1</DT><DD Font="normal"><LA Size="normal">Marktbeobachtung und -analyse, Lernziele a und b,</LA></DD><DT>4.2</DT><DD Font="normal"><LA Size="normal">Zielgruppen, Lernziele a und b,</LA></DD><DT>4.3</DT><DD Font="normal"><LA Size="normal">Markenführung, Lernziel b,</LA></DD></DL>zu vermitteln.</P><P>(2) In einem Zeitraum von insgesamt drei bis fünf Monaten sind schwerpunktmäßig die Fertigkeiten, Kenntnisse und Fähigkeiten der Berufsbildpositionen <DL Font="normal" Type="arabic"><DT>2.2</DT><DD Font="normal"><LA Size="normal">Projektorganisation, Lernziel a,</LA></DD><DT>2.3</DT><DD Font="normal"><LA Size="normal">Qualitätssichernde Maßnahmen, Lernziel b,</LA></DD><DT>3.2</DT><DD Font="normal"><LA Size="normal">Teamarbeit und Kooperation, Lernziel b,</LA></DD><DT>5.1</DT><DD Font="normal"><LA Size="normal">Briefing, Lernziele c und d,</LA></DD><DT>5.2</DT><DD Font="normal"><LA Size="normal">Konzeptionierung, Lernziel a,</LA></DD><DT>5.3</DT><DD Font="normal"><LA Size="normal">Steuerung der kreativen Umsetzung, Lernziel a,</LA></DD><DT>5.5</DT><DD Font="normal"><LA Size="normal">Rechte und Lizenzen</LA></DD></DL>zu vermitteln.</P><P>(3) In einem Zeitraum von insgesamt zwei bis vier Monaten sind schwerpunktmäßig die Fertigkeiten, Kenntnisse und Fähigkeiten der Berufsbildpositionen <DL Font="normal" Type="arabic"><DT>3.3</DT><DD Font="normal"><LA Size="normal">Kundenbeziehungen, Lernziel b,</LA></DD><DT>6.1</DT><DD Font="normal"><LA Size="normal">Auswahl und Beauftragung von Dienstleistern, Lernziele b und c,</LA></DD><DT>6.2</DT><DD Font="normal"><LA Size="normal">Organisation interner und externer Herstellungsprozesse,</LA></DD><DT>6.3</DT><DD Font="normal"><LA Size="normal">Medieneinsatz, Lernziele a und b,</LA></DD><DT>6.4</DT><DD Font="normal"><LA Size="normal">Kontrolle und Abschluss der Maßnahme, Lernziel a,</LA></DD><DT>7.1</DT><DD Font="normal"><LA Size="normal">Rechnungs- und Finanzwesen, Lernziel c,</LA></DD><DT>7.2</DT><DD Font="normal"><LA Size="normal">Controlling, Lernziel b,</LA></DD></DL>zu vermitteln.</P><P><DL Font="normal" Type="arabic"><DT/><DD Font="normal"><LA Size="normal"><DL Font="normal" Type="arabic"><DT/><DD Font="normal"><LA Size="normal"><DL Font="normal" Type="arabic"><DT/><DD Font="normal"><LA Size="normal"><DL Font="normal" Type="arabic"><DT/><DD Font="normal"><LA Size="normal"><DL Font="normal" Type="arabic"><DT/><DD Font="normal"><LA Size="normal"><B>Drittes Ausbildungsjahr</B></LA></DD></DL></LA></DD></DL></LA></DD></DL></LA></DD></DL></LA></DD></DL>(1) In einem Zeitraum von insgesamt zwei bis vier Monaten sind schwerpunktmäßig die Fertigkeiten, Kenntnisse und Fähigkeiten der Berufsbildpositionen <DL Font="normal" Type="arabic"><DT>3.4</DT><DD Font="normal"><LA Size="normal">Anwenden einer Fremdsprache bei Fachaufgaben, Lernziel c,</LA></DD><DT>4.1</DT><DD Font="normal"><LA Size="normal">Marktbeobachtung und -analyse, Lernziele c und d,</LA></DD><DT>4.2</DT><DD Font="normal"><LA Size="normal">Zielgruppen, Lernziel c,</LA></DD><DT>4.3</DT><DD Font="normal"><LA Size="normal">Markenführung, Lernziele c und d,</LA></DD><DT>4.4</DT><DD Font="normal"><LA Size="normal">Budgetplanung</LA></DD></DL>zu vermitteln.</P><P>(2) In einem Zeitraum von insgesamt vier bis sechs Monaten sind schwerpunktmäßig die Fertigkeiten, Kenntnisse und Fähigkeiten der Berufsbildpositionen <DL Font="normal" Type="arabic"><DT>2.2</DT><DD Font="normal"><LA Size="normal">Projektorganisation, Lernziel b,</LA></DD><DT>3.1</DT><DD Font="normal"><LA Size="normal">Kommunikation, Lernziele d und e,</LA></DD><DT>3.2</DT><DD Font="normal"><LA Size="normal">Teamarbeit und Kooperation, Lernziel c,</LA></DD><DT>3.3</DT><DD Font="normal"><LA Size="normal">Kundenbeziehungen, Lernziele c und d,</LA></DD><DT>5.2</DT><DD Font="normal"><LA Size="normal">Konzeptionierung, Lernziele b bis e,</LA></DD><DT>5.3</DT><DD Font="normal"><LA Size="normal">Steuerung der kreativen Umsetzung, Lernziele b und c,</LA></DD><DT>5.4</DT><DD Font="normal"><LA Size="normal">Feinplanung des Medieneinsatzes</LA></DD></DL>zu vermitteln.</P><P>(3) In einem Zeitraum von insgesamt drei bis fünf Monaten sind schwerpunktmäßig die Fertigkeiten, Kenntnisse und Fähigkeiten der Berufsbildpositionen <DL Font="normal" Type="arabic"><DT>6.1</DT><DD Font="normal"><LA Size="normal">Auswahl und Beauftragung von Dienstleistern, Lernziel d,</LA></DD><DT>6.3</DT><DD Font="normal"><LA Size="normal">Medieneinsatz, Lernziel c,</LA></DD><DT>6.4</DT><DD Font="normal"><LA Size="normal">Kontrolle und Abschluss der Maßnahme, Lernziele b bis d,</LA></DD><DT>7.2</DT><DD Font="normal"><LA Size="normal">Controlling, Lernziele c und d,</LA></DD></DL>zu vermitteln.</P></Content></text></textdaten></norm>
</dokumente>