<?xml version="1.0" encoding="UTF-8" ?><!DOCTYPE dokumente SYSTEM "http://www.gesetze-im-internet.de/dtd/1.01/gii-norm.dtd">
<dokumente builddate="20200722212511" doknr="BJNR013579976"><norm builddate="20200722212511" doknr="BJNR013579976"><metadaten><jurabk>BGSPersG</jurabk><amtabk>BGSPersG</amtabk><ausfertigung-datum manuell="ja">1976-06-03</ausfertigung-datum><fundstelle typ="amtlich"><periodikum>BGBl I</periodikum><zitstelle>1976, 1357</zitstelle></fundstelle><langue>Gesetz über die Personalstruktur des Bundesgrenzschutzes</langue><standangabe checked="ja"><standtyp>Stand</standtyp><standkommentar>Zuletzt geändert durch Art. 25 V v. 19.6.2020 I 1328</standkommentar></standangabe></metadaten><textdaten><text format="XML"><Content><P/></Content></text><fussnoten><Content><P>(+++ Textnachweis ab:  1. 7.1976 +++)</P><P><BR/> Art. 1: BPolBG 2030-6</P></Content></fussnoten></textdaten></norm>
<norm builddate="20200722212511" doknr="BJNR013579976BJNG000100323"><metadaten><jurabk>BGSPersG</jurabk><gliederungseinheit><gliederungskennzahl>010</gliederungskennzahl><gliederungsbez>Art 1</gliederungsbez><gliederungstitel/></gliederungseinheit></metadaten><textdaten><text format="XML"><Content><P/></Content></text><fussnoten/></textdaten></norm>
<norm builddate="20200722212511" doknr="BJNR013579976BJNG000200323"><metadaten><jurabk>BGSPersG</jurabk><gliederungseinheit><gliederungskennzahl>020</gliederungskennzahl><gliederungsbez>Art 2</gliederungsbez><gliederungstitel>Besoldungsrechtliche Vorschriften</gliederungstitel></gliederungseinheit></metadaten><textdaten><text format="XML"><Content><P/></Content></text></textdaten></norm>
<norm builddate="20200722212511" doknr="BJNR013579976BJNE000600323"><metadaten><jurabk>BGSPersG</jurabk><gliederungseinheit><gliederungskennzahl>020</gliederungskennzahl><gliederungsbez>Art 2</gliederungsbez><gliederungstitel/></gliederungseinheit><enbez>§ 1</enbez></metadaten><textdaten><text format="XML"><Content><P>-</P></Content></text><fussnoten/></textdaten></norm>
<norm builddate="20200722212511" doknr="BJNR013579976BJNE000700323"><metadaten><jurabk>BGSPersG</jurabk><gliederungseinheit><gliederungskennzahl>020</gliederungskennzahl><gliederungsbez>Art 2</gliederungsbez><gliederungstitel/></gliederungseinheit><enbez>§ 2</enbez><titel format="parat">Überleitungsregelung</titel></metadaten><textdaten><text format="XML"><Content><P>(1) Soweit durch dieses Gesetz Einstufungen von Ämtern, Amtszulagen und Amtsbezeichnungen geändert werden, sind die hiervon betroffenen Ämter in der Anlage aufgeführt.</P><P>(2) Die Ämter &quot;Stabsmeister im Bundesgrenzschutz&quot; und &quot;Oberstabsmeister im Bundesgrenzschutz&quot; werden als künftig wegfallende Ämter in die Anlage zur Rechtsverordnung nach Artikel IX § 4 Abs. 5 des Zweiten Gesetzes zur Vereinheitlichung und Neuregelung des Besoldungsrechts in Bund und Ländern vom 1. Oktober 1975 (Bundesgesetzbl. I S. 2608) eingefügt.</P><P>(3) Die durch dieses Gesetz in das Amt &quot;Polizeiobermeister im Bundesgrenzschutz&quot; übergeleiteten &quot;Oberfähnriche im Bundesgrenzschutz&quot; und &quot;Oberfähnriche zur See im Bundesgrenzschutz&quot; erhalten in diesem Amt eine Überleitungszulage nach Artikel IX § 11 des Zweiten Gesetzes zur Vereinheitlichung und Neuregelung des Besoldungsrechts in Bund und Ländern.</P></Content>  </text></textdaten></norm>
<norm builddate="20200722212511" doknr="BJNR013579976BJNE000801160"><metadaten><jurabk>BGSPersG</jurabk><gliederungseinheit><gliederungskennzahl>020</gliederungskennzahl><gliederungsbez>Art 2</gliederungsbez><gliederungstitel/></gliederungseinheit><enbez>§ 3</enbez><titel format="XML">Übergangsvorschriften</titel></metadaten><textdaten><text format="XML"><Content><P>(1) Ein Anspruch auf eine Dienstzeitprämie, der nach § 77 Abs. 3 Satz 1 des Bundesbesoldungsgesetzes in der bis zum 30. Juni 1976 geltenden Fassung erst nach diesem Zeitpunkt entsteht, wird durch § 1 Nr. 2 nicht berührt.</P><P>(2) Eine nach § 77 des Bundesbesoldungsgesetzes in der bis zum 30. Juni 1976 geltenden Fassung gewährte Dienstzeitprämie ist zurückzuzahlen, wenn das Dienstverhältnis vor Ablauf des ihrer Berechnung zugrunde gelegten Zeitraumes nach den §§ 2 und 9 des Bundespolizeibeamtengesetzes in Verbindung mit § 13 Abs. 1, § 14 Abs. 1 und 2, §§ 31, 32 Abs. 2, §§ 33, 34 Abs. 1 Nr. 1 oder 2, § 40 Abs. 2 oder § 41 Abs. 1 des Bundesbeamtengesetzes oder durch Entlassung wegen Polizeidienstunfähigkeit (§ 4 Abs. 1 des Bundespolizeibeamtengesetzes) endet, die der Beamte absichtlich herbeigeführt hat. Hat der Beamte bereits eine Dienstzeit zurückgelegt, die nach § 77 Abs. 2 des Bundesbesoldungsgesetzes in der bis zum 30. Juni 1976 geltenden Fassung einen Anspruch auf eine niedrigere Dienstzeitprämie begründet hätte, so ist ihm der Betrag zu belassen, der ihm als Dienstzeitprämie gewährt worden wäre, wenn er nach § 8 des Bundespolizeibeamtengesetzes erklärt hätte, die für die niedrigere Dienstzeitprämie maßgebende Dienstzeit ableisten zu wollen. In dem sich aus den Sätzen 1 und 2 ergebenden Umfang erlischt der Anspruch auf die Dienstzeitprämie, die noch nicht gezahlt ist.</P><P>(3) Wird vor Zahlung der Dienstzeitprämie ein Verfahren eingeleitet, das voraussichtlich zur Beendigung des Dienstverhältnisses aus einem der in Absatz 2 Satz 1 aufgeführten Gründe führen wird, so wird die Zahlung bis zum Abschluß dieses Verfahrens ausgesetzt.</P><P>(4) Soweit in den vorhergehenden Absätzen auf Vorschriften des Bundespolizeibeamtengesetzes Bezug genommen wird, ist die bis zum 30. Juni 1976 geltende Fassung maßgebend.</P></Content></text><fussnoten/></textdaten></norm>
<norm builddate="20200722212511" doknr="BJNR013579976BJNG000300323"><metadaten><jurabk>BGSPersG</jurabk><gliederungseinheit><gliederungskennzahl>030</gliederungskennzahl><gliederungsbez>Art 3</gliederungsbez><gliederungstitel/></gliederungseinheit></metadaten><textdaten><text format="XML"><Content><P/></Content></text><fussnoten/></textdaten></norm>
<norm builddate="20200722212511" doknr="BJNR013579976BJNG000400323"><metadaten><jurabk>BGSPersG</jurabk><gliederungseinheit><gliederungskennzahl>040</gliederungskennzahl><gliederungsbez>Art 4</gliederungsbez><gliederungstitel/></gliederungseinheit></metadaten><textdaten><text format="XML"><Content><P/></Content></text><fussnoten/></textdaten></norm>
<norm builddate="20200722212511" doknr="BJNR013579976BJNG000500323"><metadaten><jurabk>BGSPersG</jurabk><gliederungseinheit><gliederungskennzahl>050</gliederungskennzahl><gliederungsbez>Art 5</gliederungsbez><gliederungstitel>Inkrafttreten</gliederungstitel></gliederungseinheit></metadaten><textdaten><text format="XML"><Content><P>Dieses Gesetz tritt am 1. Juli 1976 in Kraft.</P></Content></text></textdaten></norm>
<norm builddate="20200722212511" doknr="BJNR013579976BJNE000901311"><metadaten><jurabk>BGSPersG</jurabk><gliederungseinheit><gliederungskennzahl>060</gliederungskennzahl><gliederungsbez>-</gliederungsbez><gliederungstitel/></gliederungseinheit><enbez>Anlage</enbez><titel format="XML">zu Artikel 2 § 2 Abs. 1<BR/>*Fe Überleitungsübersicht */</titel></metadaten><textdaten><text format="XML"><Content><P><ABWFORMAT typ="A"/><kommentar typ="Fundstelle">Fundstelle des Originaltextes: BGBl. I 1976, 1363 - 1365</kommentar><BR/><BR/><table frame="topbot" tocentry="%yes;"><tgroup align="left" char="" charoff="50" cols="6" colsep="0" rowsep="0"><colspec colname="col1" colnum="1" colwidth="5.00*"/><colspec colname="col2" colnum="2" colwidth="40*"/><colspec colname="col3" colnum="3" colwidth="10.00*"/><colspec colname="col4" colnum="4" colwidth="5.00*"/><colspec colname="col5" colnum="5" colwidth="40*"/><colspec colname="col6" colnum="6" colwidth="10.00*"/><thead valign="bottom"><row rowsep="1"><entry VJ="1" align="right" colsep="0" valign="top">Lfd. Nr.</entry><entry VJ="1" align="left" colsep="0" valign="top">Bisherige Amtsbezeichnung und Funktionsbezeichnung</entry><entry VJ="1" align="center" colsep="0" valign="top">Bisherige BesGr/Amtszulage</entry><entry VJ="1" align="left" colsep="0" nameend="col5" namest="col4" valign="top">Neue Amtsbezeichnung/*1) Grundamtsbezeichnung und Funktionsbezeichnung</entry><entry VJ="1" align="center" colsep="0" valign="top">Neue BesGr/Amtszulage</entry></row></thead><tbody valign="top"><row><entry VJ="1" align="right" colsep="0" valign="top">1</entry><entry VJ="1" align="left" colsep="0" valign="top">Grenzjäger</entry><entry VJ="1" align="center" colsep="0" valign="top">A 1</entry><entry VJ="1" align="left" colsep="0" nameend="col5" namest="col4" valign="top">Polizeioberwachtmeister im Bundesgrenzschutz*2)</entry><entry VJ="1" align="center" colsep="0" valign="top">A 5</entry></row><row><entry VJ="1" align="right" colsep="0" valign="top">2</entry><entry VJ="1" align="left" colsep="0" valign="top">Matrose im Bundesgrenzschutz</entry><entry VJ="1" align="center" colsep="0" valign="top">A 1</entry><entry VJ="1" align="left" colsep="0" nameend="col5" namest="col4" valign="top">Polizeioberwachtmeister im Bundesgrenzschutz*2)</entry><entry VJ="1" align="center" colsep="0" valign="top">A 5</entry></row><row><entry VJ="1" align="right" colsep="0" valign="top">3</entry><entry VJ="1" align="left" colsep="0" valign="top">Grenztruppjäger</entry><entry VJ="1" align="center" colsep="0" valign="top">A 2</entry><entry VJ="1" align="left" colsep="0" nameend="col5" namest="col4" valign="top">Polizeioberwachtmeister im Bundesgrenzschutz*2)</entry><entry VJ="1" align="center" colsep="0" valign="top">A 5</entry></row><row><entry VJ="1" align="right" colsep="0" valign="top">4</entry><entry VJ="1" align="left" colsep="0" valign="top">Vormatrose im Bundesgrenzschutz</entry><entry VJ="1" align="center" colsep="0" valign="top">A 2</entry><entry VJ="1" align="left" colsep="0" nameend="col5" namest="col4" valign="top">Polizeioberwachtmeister im Bundesgrenzschutz*2)</entry><entry VJ="1" align="center" colsep="0" valign="top">A5</entry></row><row><entry VJ="1" align="right" colsep="0" valign="top">5</entry><entry VJ="1" align="left" colsep="0" valign="top">Grenzoberjäger</entry><entry VJ="1" align="center" colsep="0" valign="top">A 3</entry><entry VJ="1" align="left" colsep="0" nameend="col5" namest="col4" valign="top">Polizeioberwachtmeister im Bundesgrenzschutz*2)</entry><entry VJ="1" align="center" colsep="0" valign="top">A 5</entry></row><row><entry VJ="1" align="right" colsep="0" valign="top">6</entry><entry VJ="1" align="left" colsep="0" valign="top">Obermatrose im Bundesgrenzschutz</entry><entry VJ="1" align="center" colsep="0" valign="top">A 3</entry><entry VJ="1" align="left" colsep="0" nameend="col5" namest="col4" valign="top">Polizeioberwachtmeister im Bundesgrenzschutz*2)</entry><entry VJ="1" align="center" colsep="0" valign="top">A 5</entry></row><row><entry VJ="1" align="right" colsep="0" valign="top">7</entry><entry VJ="1" align="left" colsep="0" valign="top">Grenzhauptjäger</entry><entry VJ="1" align="center" colsep="0" valign="top">A 4</entry><entry VJ="1" align="left" colsep="0" nameend="col5" namest="col4" valign="top">Polizeioberwachtmeister im Bundesgrenzschutz*2)</entry><entry VJ="1" align="center" colsep="0" valign="top">A 5</entry></row><row><entry VJ="1" align="right" colsep="0" valign="top">8</entry><entry VJ="1" align="left" colsep="0" valign="top">Hauptmatrose im Bundesgrenzschutz</entry><entry VJ="1" align="center" colsep="0" valign="top">A 4</entry><entry VJ="1" align="left" colsep="0" nameend="col5" namest="col4" valign="top">Polizeioberwachtmeister im Bundesgrenzschutz*2)</entry><entry VJ="1" align="center" colsep="0" valign="top">A 5</entry></row><row><entry VJ="1" align="right" colsep="0" valign="top">9</entry><entry VJ="1" align="left" colsep="0" valign="top">Oberwachtmeister im Bundesgrenzschutz</entry><entry VJ="1" align="center" colsep="0" valign="top">A 5</entry><entry VJ="1" align="left" colsep="0" nameend="col5" namest="col4" valign="top">Polizeioberwachtmeister im Bundesgrenzschutz</entry><entry VJ="1" align="center" colsep="0" valign="top">-</entry></row><row><entry VJ="1" align="right" colsep="0" valign="top">10</entry><entry VJ="1" align="left" colsep="0" valign="top">Maat im Bundesgrenzschutz</entry><entry VJ="1" align="center" colsep="0" valign="top">A 5</entry><entry VJ="1" align="left" colsep="0" nameend="col5" namest="col4" valign="top">Polizeioberwachtmeister im Bundesgrenzschutz</entry><entry VJ="1" align="center" colsep="0" valign="top">-</entry></row><row><entry VJ="1" align="right" colsep="0" valign="top">11</entry><entry VJ="1" align="left" colsep="0" valign="top">Fahnenjunker im Bundesgrenzschutz</entry><entry VJ="1" align="center" colsep="0" valign="top">A 5</entry><entry VJ="1" align="left" colsep="0" nameend="col5" namest="col4" valign="top">Polizeioberwachtmeister im Bundesgrenzschutz</entry><entry VJ="1" align="center" colsep="0" valign="top">-</entry></row><row><entry VJ="1" align="right" colsep="0" valign="top">12</entry><entry VJ="1" align="left" colsep="0" valign="top">Seekadett im Bundesgrenzschutz</entry><entry VJ="1" align="center" colsep="0" valign="top">A 5</entry><entry VJ="1" align="left" colsep="0" nameend="col5" namest="col4" valign="top">Polizeioberwachtmeister im Bundesgrenzschutz</entry><entry VJ="1" align="center" colsep="0" valign="top">-</entry></row><row><entry VJ="1" align="right" colsep="0" valign="top">13</entry><entry VJ="1" align="left" colsep="0" valign="top">Hauptwachtmeister im Bundesgrenzschutz</entry><entry VJ="1" align="center" colsep="0" valign="top">A 6</entry><entry VJ="1" align="left" colsep="0" nameend="col5" namest="col4" valign="top">Polizeihauptwachtmeister im Bundesgrenzschutz</entry><entry VJ="1" align="center" colsep="0" valign="top">-</entry></row><row><entry VJ="1" align="right" colsep="0" valign="top">14</entry><entry VJ="1" align="left" colsep="0" valign="top">Obermaat im Bundesgrenzschutz</entry><entry VJ="1" align="center" colsep="0" valign="top">A 6</entry><entry VJ="1" align="left" colsep="0" nameend="col5" namest="col4" valign="top">Polizeihauptwachtmeister im Bundesgrenzschutz</entry><entry VJ="1" align="center" colsep="0" valign="top">-</entry></row><row><entry VJ="1" align="right" colsep="0" valign="top">15</entry><entry VJ="1" align="left" colsep="0" valign="top">Meister im Bundesgrenzschutz</entry><entry VJ="1" align="center" colsep="0" valign="top">A 7</entry><entry VJ="1" align="left" colsep="0" nameend="col5" namest="col4" valign="top">Polizeimeister im Bundesgrenzschutz</entry><entry VJ="1" align="center" colsep="0" valign="top">-</entry></row><row><entry VJ="1" align="right" colsep="0" valign="top">16</entry><entry VJ="1" align="left" colsep="0" valign="top">Bootsmann im Bundesgrenzschutz</entry><entry VJ="1" align="center" colsep="0" valign="top">A 7</entry><entry VJ="1" align="left" colsep="0" nameend="col5" namest="col4" valign="top">Polizeimeister im Bundesgrenzschutz</entry><entry VJ="1" align="center" colsep="0" valign="top">-</entry></row><row><entry VJ="1" align="right" colsep="0" valign="top">17</entry><entry VJ="1" align="left" colsep="0" valign="top">Fähnrich im Bundesgrenzschutz</entry><entry VJ="1" align="center" colsep="0" valign="top">A 7</entry><entry VJ="1" align="left" colsep="0" nameend="col5" namest="col4" valign="top">Polizeimeister im Bundesgrenzschutz</entry><entry VJ="1" align="center" colsep="0" valign="top">-</entry></row><row><entry VJ="1" align="right" colsep="0" valign="top">18</entry><entry VJ="1" align="left" colsep="0" valign="top">Fähnrich zur See im Bundesgrenzschutz</entry><entry VJ="1" align="center" colsep="0" valign="top">A 7</entry><entry VJ="1" align="left" colsep="0" nameend="col5" namest="col4" valign="top">Polizeimeister im Bundesgrenzschutz</entry><entry VJ="1" align="center" colsep="0" valign="top">-</entry></row><row><entry VJ="1" align="right" colsep="0" valign="top">19</entry><entry VJ="1" align="left" colsep="0" valign="top">Obermeister im Bundesgrenzschutz</entry><entry VJ="1" align="center" colsep="0" valign="top">A 7 + 35,85</entry><entry VJ="1" align="left" colsep="0" nameend="col5" namest="col4" valign="top">Polizeiobermeister im Bundesgrenzschutz</entry><entry VJ="1" align="center" colsep="0" valign="top">A 8</entry></row><row><entry VJ="1" align="right" colsep="0" valign="top">20</entry><entry VJ="1" align="left" colsep="0" valign="top">Oberbootsmann im Bundesgrenzschutz</entry><entry VJ="1" align="center" colsep="0" valign="top">A 7 + 35,85</entry><entry VJ="1" align="left" colsep="0" nameend="col5" namest="col4" valign="top">Polizeiobermeister im Bundesgrenzschutz</entry><entry VJ="1" align="center" colsep="0" valign="top">A 8</entry></row><row><entry VJ="1" align="right" colsep="0" valign="top">21</entry><entry VJ="1" align="left" colsep="0" valign="top">Hauptmeister im Bundesgrenzschutz</entry><entry VJ="1" align="center" colsep="0" valign="top">A 8 + 46,23</entry><entry VJ="1" align="left" colsep="0" nameend="col5" namest="col4" valign="top">Polizeihauptmeister im Bundesgrenzschutz</entry><entry VJ="1" align="center" colsep="0" valign="top">A 9</entry></row><row><entry VJ="1" align="right" colsep="0" valign="top">22</entry><entry VJ="1" align="left" colsep="0" valign="top">Hauptbootsmann im Bundesgrenzschutz</entry><entry VJ="1" align="center" colsep="0" valign="top">A 8 + 46,23</entry><entry VJ="1" align="left" colsep="0" nameend="col5" namest="col4" valign="top">Polizeihauptmeister im Bundesgrenzschutz</entry><entry VJ="1" align="center" colsep="0" valign="top">A 9</entry></row><row><entry VJ="1" align="right" colsep="0" valign="top">23</entry><entry VJ="1" align="left" colsep="0" valign="top">Oberfähnrich im Bundesgrenzschutz</entry><entry VJ="1" align="center" colsep="0" valign="top">A 8 + 46,23</entry><entry VJ="1" align="left" colsep="0" nameend="col5" namest="col4" valign="top">Polizeiobermeister im Bundesgrenzschutz</entry><entry VJ="1" align="center" colsep="0" valign="top">A 8</entry></row><row><entry VJ="1" align="right" colsep="0" valign="top">24</entry><entry VJ="1" align="left" colsep="0" valign="top">Oberfähnrich zur See im Bundesgrenzschutz</entry><entry VJ="1" align="center" colsep="0" valign="top">A 8 + 46,23</entry><entry VJ="1" align="left" colsep="0" nameend="col5" namest="col4" valign="top">Polizeiobermeister im Bundesgrenzschutz</entry><entry VJ="1" align="center" colsep="0" valign="top">A 8</entry></row><row><entry VJ="1" align="right" colsep="0" valign="top">25</entry><entry VJ="1" align="left" colsep="0" valign="top">Hauptmeister im Bundesgrenzschutz</entry><entry VJ="1" align="center" colsep="0" valign="top">A 9</entry><entry VJ="1" align="left" colsep="0" nameend="col5" namest="col4" valign="top">Polizeihauptmeister im Bundesgrenzschutz</entry><entry VJ="1" align="center" colsep="0" valign="top">-</entry></row><row><entry VJ="1" align="right" colsep="0" valign="top">26</entry><entry VJ="1" align="left" colsep="0" valign="top">Hauptbootsmann im Bundesgrenzschutz</entry><entry VJ="1" align="center" colsep="0" valign="top">A 9</entry><entry VJ="1" align="left" colsep="0" nameend="col5" namest="col4" valign="top">Polizeihauptmeister im Bundesgrenzschutz</entry><entry VJ="1" align="center" colsep="0" valign="top">-</entry></row><row><entry VJ="1" align="right" colsep="0" valign="top">27</entry><entry VJ="1" align="left" colsep="0" valign="top">Stabsmeister im Bundesgrenzschutz</entry><entry VJ="1" align="center" colsep="0" valign="top">A 9</entry><entry VJ="1" align="left" colsep="0" nameend="col5" namest="col4" valign="top">-</entry><entry VJ="1" align="center" colsep="0" valign="top">A 9 k.w.</entry></row><row><entry VJ="1" align="right" colsep="0" valign="top">28</entry><entry VJ="1" align="left" colsep="0" valign="top">Stabsbootsmann im Bundesgrenzschutz</entry><entry VJ="1" align="center" colsep="0" valign="top">A 9</entry><entry VJ="1" align="left" colsep="0" nameend="col5" namest="col4" valign="top">Stabsmeister im Bundesgrenzschutz</entry><entry VJ="1" align="center" colsep="0" valign="top">A 9 k.w.</entry></row><row><entry VJ="1" align="right" colsep="0" valign="top">29</entry><entry VJ="1" align="left" colsep="0" valign="top">Leutnant im Bundesgrenzschutz</entry><entry VJ="1" align="center" colsep="0" valign="top">A 9</entry><entry VJ="1" align="left" colsep="0" nameend="col5" namest="col4" valign="top">Polizeikommissar im Bundesgrenzschutz</entry><entry VJ="1" align="center" colsep="0" valign="top">-</entry></row><row><entry VJ="1" align="right" colsep="0" valign="top">30</entry><entry VJ="1" align="left" colsep="0" valign="top">Leutnant zur See im Bundesgrenzschutz</entry><entry VJ="1" align="center" colsep="0" valign="top">A 9</entry><entry VJ="1" align="left" colsep="0" nameend="col5" namest="col4" valign="top">Polizeikommissar im Bundesgrenzschutz</entry><entry VJ="1" align="center" colsep="0" valign="top">-</entry></row><row><entry VJ="1" align="right" colsep="0" valign="top">31</entry><entry VJ="1" align="left" colsep="0" valign="top">Oberstabsmeister im Bundesgrenzschutz</entry><entry VJ="1" align="center" colsep="0" valign="top">A 10</entry><entry VJ="1" align="left" colsep="0" nameend="col5" namest="col4" valign="top">-</entry><entry VJ="1" align="center" colsep="0" valign="top">A 10 k.w.</entry></row><row><entry VJ="1" align="right" colsep="0" valign="top">32</entry><entry VJ="1" align="left" colsep="0" valign="top">Oberstabsbootsmann im Bundesgrenzschutz</entry><entry VJ="1" align="center" colsep="0" valign="top">A 10</entry><entry VJ="1" align="left" colsep="0" nameend="col5" namest="col4" valign="top">Oberstabsmeister im Bundesgrenzschutz</entry><entry VJ="1" align="center" colsep="0" valign="top">A 10 k.w.</entry></row><row><entry VJ="1" align="right" colsep="0" valign="top">33</entry><entry VJ="1" align="left" colsep="0" valign="top">Oberleutnant im Bundesgrenzschutz</entry><entry VJ="1" align="center" colsep="0" valign="top">A 10</entry><entry VJ="1" align="left" colsep="0" nameend="col5" namest="col4" valign="top">Polizeioberkommissar im Bundesgrenzschutz</entry><entry VJ="1" align="center" colsep="0" valign="top">-</entry></row><row><entry VJ="1" align="right" colsep="0" valign="top">34</entry><entry VJ="1" align="left" colsep="0" valign="top">Oberleutnant zur See im Bundesgrenzschutz</entry><entry VJ="1" align="center" colsep="0" valign="top">A 10</entry><entry VJ="1" align="left" colsep="0" nameend="col5" namest="col4" valign="top">Polizeioberkommissar im Bundesgrenzschutz</entry><entry VJ="1" align="center" colsep="0" valign="top">-</entry></row><row><entry VJ="1" align="right" colsep="0" valign="top">35</entry><entry VJ="1" align="left" colsep="0" valign="top">Hauptmann im Bundesgrenzschutz</entry><entry VJ="1" align="center" colsep="0" valign="top">A 11</entry><entry VJ="1" align="left" colsep="0" nameend="col5" namest="col4" valign="top">Polizeihauptkommissar im Bundesgrenzschutz</entry><entry VJ="1" align="center" colsep="0" valign="top">-</entry></row><row><entry VJ="1" align="right" colsep="0" valign="top">36</entry><entry VJ="1" align="left" colsep="0" valign="top">Kapitänleutnant im Bundesgrenzschutz</entry><entry VJ="1" align="center" colsep="0" valign="top">A 11</entry><entry VJ="1" align="left" colsep="0" nameend="col5" namest="col4" valign="top">Polizeihauptkommissar im Bundesgrenzschutz</entry><entry VJ="1" align="center" colsep="0" valign="top">-</entry></row><row><entry VJ="1" align="right" colsep="0" valign="top">37</entry><entry VJ="1" align="left" colsep="0" valign="top">Hauptmann im Bundesgrenzschutz</entry><entry VJ="1" align="center" colsep="0" valign="top">A 12</entry><entry VJ="1" align="left" colsep="0" nameend="col5" namest="col4" valign="top">Polizeihauptkommissar im Bundesgrenzschutz</entry><entry VJ="1" align="center" colsep="0" valign="top">-</entry></row><row><entry VJ="1" align="right" colsep="0" valign="top">38</entry><entry VJ="1" align="left" colsep="0" valign="top">Kapitänleutnant im Bundesgrenzschutz</entry><entry VJ="1" align="center" colsep="0" valign="top">A 12</entry><entry VJ="1" align="left" colsep="0" nameend="col5" namest="col4" valign="top">Polizeihauptkommissar im Bundesgrenzschutz</entry><entry VJ="1" align="center" colsep="0" valign="top">-</entry></row><row><entry VJ="1" align="right" colsep="0" valign="top">39</entry><entry VJ="1" align="left" colsep="0" valign="top">Major im Bundesgrenzschutz</entry><entry VJ="1" align="center" colsep="0" valign="top">A 13</entry><entry VJ="1" align="left" colsep="0" nameend="col5" namest="col4" valign="top">Rat</entry><entry VJ="1" align="center" colsep="0" valign="top">-</entry></row><row><entry VJ="1" align="right" colsep="0" valign="top">40</entry><entry VJ="1" align="left" colsep="0" valign="top">Korvettenkapitän im Bundesgrenzschutz</entry><entry VJ="1" align="center" colsep="0" valign="top">A 13</entry><entry VJ="1" align="left" colsep="0" nameend="col5" namest="col4" valign="top">Rat</entry><entry VJ="1" align="center" colsep="0" valign="top">-</entry></row><row><entry VJ="1" align="right" colsep="0" valign="top">41</entry><entry VJ="1" align="left" colsep="0" valign="top">Stabsarzt im Bundesgrenzschutz</entry><entry VJ="1" align="center" colsep="0" valign="top">A 13</entry><entry VJ="1" align="left" colsep="0" nameend="col5" namest="col4" valign="top">Rat</entry><entry VJ="1" align="center" colsep="0" valign="top">-</entry></row><row><entry VJ="1" align="right" colsep="0" valign="top">42</entry><entry VJ="1" align="left" colsep="0" valign="top">Oberstleutnant im Bundesgrenzschutz</entry><entry VJ="1" align="center" colsep="0" valign="top">A 14</entry><entry VJ="1" align="left" colsep="0" nameend="col5" namest="col4" valign="top">Oberrat</entry><entry VJ="1" align="center" colsep="0" valign="top">-</entry></row><row><entry VJ="1" align="right" colsep="0" valign="top">43</entry><entry VJ="1" align="left" colsep="0" valign="top">Fregattenkapitän im Bundesgrenzschutz</entry><entry VJ="1" align="center" colsep="0" valign="top">A 14</entry><entry VJ="1" align="left" colsep="0" nameend="col5" namest="col4" valign="top">Oberrat</entry><entry VJ="1" align="center" colsep="0" valign="top">-</entry></row><row><entry VJ="1" align="right" colsep="0" valign="top">44</entry><entry VJ="1" align="left" colsep="0" valign="top">Oberstabsarzt im Bundesgrenzschutz</entry><entry VJ="1" align="center" colsep="0" valign="top">A 14</entry><entry VJ="1" align="left" colsep="0" nameend="col5" namest="col4" valign="top">Oberrat</entry><entry VJ="1" align="center" colsep="0" valign="top">-</entry></row><row><entry VJ="1" align="right" colsep="0" valign="top">45</entry><entry VJ="1" align="left" colsep="0" valign="top">Oberstleutnant im Bundesgrenzschutz</entry><entry VJ="1" align="center" colsep="0" valign="top">A 15</entry><entry VJ="1" align="left" colsep="0" nameend="col5" namest="col4" valign="top">Direktor</entry><entry VJ="1" align="center" colsep="0" valign="top">-</entry></row><row><entry VJ="1" align="right" colsep="0" valign="top">46</entry><entry VJ="1" align="left" colsep="0" valign="top">Fregattenkapitän im Bundesgrenzschutz</entry><entry VJ="1" align="center" colsep="0" valign="top">A 15</entry><entry VJ="1" align="left" colsep="0" nameend="col5" namest="col4" valign="top">Direktor</entry><entry VJ="1" align="center" colsep="0" valign="top">-</entry></row><row><entry VJ="1" align="right" colsep="0" valign="top">47</entry><entry VJ="1" align="left" colsep="0" valign="top">Oberfeldarzt im Bundesgrenzschutz</entry><entry VJ="1" align="center" colsep="0" valign="top">A 15</entry><entry VJ="1" align="left" colsep="0" nameend="col5" namest="col4" valign="top">Direktor</entry><entry VJ="1" align="center" colsep="0" valign="top">-</entry></row><row><entry VJ="1" align="right" colsep="0" valign="top">48</entry><entry VJ="1" align="left" colsep="0" valign="top">Oberst im Bundesgrenzschutz</entry><entry VJ="1" align="center" colsep="0" valign="top">A 16</entry><entry VJ="1" align="left" colsep="0" nameend="col5" namest="col4" valign="top">Leitender</entry><entry VJ="1" align="center" colsep="0" valign="top">Direktor</entry></row><row><entry VJ="1" align="right" colsep="0" valign="top">49</entry><entry VJ="1" align="left" colsep="0" valign="top">Oberstarzt im Bundesgrenzschutz</entry><entry VJ="1" align="center" colsep="0" valign="top">A 16</entry><entry VJ="1" align="left" colsep="0" nameend="col5" namest="col4" valign="top">Leitender</entry><entry VJ="1" align="center" colsep="0" valign="top">Direktor</entry></row><row><entry VJ="1" align="right" colsep="0" morerows="2" valign="top">50</entry><entry VJ="1" align="left" colsep="0" morerows="2" valign="top">Oberst im Bundesgrenzschutz</entry><entry VJ="1" align="center" colsep="0" morerows="2" valign="top">B 3</entry><entry VJ="1" align="left" colsep="0" valign="top">a)</entry><entry VJ="1" align="left" colsep="0" valign="top">Direktor im Bundesgrenzschutz - im Bundesministerium des Innern, für Bau und Heimat -</entry><entry VJ="1" align="center" colsep="0" morerows="2" valign="top">-</entry></row><row><entry VJ="1" align="left" colsep="0" valign="top">b)</entry><entry VJ="1" align="left" colsep="0" valign="top">Direktor im Bundesgrenzschutz - als der ständige Vertreter des Kommandeurs eines Grenzschutzkommandos -</entry></row><row><entry VJ="1" align="left" colsep="0" valign="top">c)</entry><entry VJ="1" align="left" colsep="0" valign="top">Direktor im Bundesgrenzschutz - als Kommandeur der Grenzschutzschule -</entry></row><row><entry VJ="1" align="right" colsep="0" valign="top">51</entry><entry VJ="1" align="left" colsep="0" valign="top">Oberstarzt im Bundesgrenzschutz</entry><entry VJ="1" align="center" colsep="0" valign="top">B 3</entry><entry VJ="1" align="left" colsep="0" nameend="col5" namest="col4" valign="top">Direktor im Bundesgrenzschutz - im Bundesministerium des Innern, für Bau und Heimat -</entry><entry VJ="1" align="center" colsep="0" valign="top">-</entry></row><row><entry VJ="1" align="right" colsep="0" valign="top">52</entry><entry VJ="1" align="left" colsep="0" valign="top">Brigadegeneral im Bundesgrenzschutz</entry><entry VJ="1" align="center" colsep="0" valign="top">B 6</entry><entry VJ="1" align="left" colsep="0" nameend="col5" namest="col4" valign="top">Kommandeur im Bundesgrenzschutz - als Kommandeur eines Grenzschutzkommandos -</entry><entry VJ="1" align="center" colsep="0" valign="top">-</entry></row><row><entry VJ="1" align="right" colsep="0" valign="top">53</entry><entry VJ="1" align="left" colsep="0" valign="top">Generalmajor im Bundesgrenzschutz - als Inspekteur des Bundesgrenzschutzes -</entry><entry VJ="1" align="center" colsep="0" valign="top">B 7</entry><entry VJ="1" align="left" colsep="0" nameend="col5" namest="col4" valign="top">Inspekteur des Bundesgrenzschutzes</entry><entry VJ="1" align="center" colsep="0" valign="top">-</entry></row></tbody></tgroup></table></P></Content></text><fussnoten/></textdaten></norm>
</dokumente>