<?xml version="1.0" encoding="UTF-8" ?><!DOCTYPE dokumente SYSTEM "http://www.gesetze-im-internet.de/dtd/1.01/gii-norm.dtd">
<dokumente builddate="20120625152355" doknr="BJNR187700001"><norm builddate="20120625152355" doknr="BJNR187700001"><metadaten><jurabk>BMinUBhVZustAnO</jurabk><ausfertigung-datum manuell="ja">2001-07-12</ausfertigung-datum><fundstelle typ="amtlich"><periodikum>BGBl I</periodikum><zitstelle>2001, 1877</zitstelle></fundstelle><langue>Anordnung zur Übertragung von Zuständigkeiten für die Bearbeitung,
für den Erlass von Widerspruchsbescheiden und die Vertretung des
Dienstherrn bei Klagen aus dem Beamtenverhältnis im Geschäftsbereich
des Bundesministeriums für Umwelt, Naturschutz und Reaktorsicherheit
in Angelegenheiten der Allgemeinen Verwaltungsvorschrift für Beihilfen
in Krankheits-, Pflege-, Geburts- und Todesfällen
(Beihilfevorschriften - BhV)</langue></metadaten><textdaten><text format="XML"><Content><P/></Content></text><fussnoten><Content><P><BR/> <pre xml:space="preserve">(+++ Textnachweis ab:  1. 3.2001 +++)<BR/><BR/></pre></P></Content></fussnoten></textdaten></norm>
<norm builddate="20120625152355" doknr="BJNR187700001BJNE000100305"><metadaten><jurabk>BMinUBhVZustAnO</jurabk><enbez>I.</enbez></metadaten><textdaten><text format="XML"><Content><P>Auf Grund des § 17 Abs. 5 Satz 2 der Allgemeinen Verwaltungsvorschrift für Beihilfen in Krankheits-, Pflege-, Geburts- und Todesfällen (Beihilfevorschriften - BhV) in der Fassung vom 10. Juli 1995 (GMBl S. 470) übertrage ich dem Bundesamt für Finanzen die Bearbeitung der Beihilfeangelegenheiten des Bundesministeriums für Umwelt, Naturschutz und Reaktorsicherheit (BMU), des Bundesamtes für Naturschutz (BfN), des Bundesamtes für Strahlenschutz (BfS) sowie des Umweltbundesamtes (UBA) sowie das Geltendmachen von Schadenersatzansprüchen nach § 87a des Bundesbeamtengesetzes.</P></Content></text></textdaten></norm>
<norm builddate="20120625152355" doknr="BJNR187700001BJNE000200305"><metadaten><jurabk>BMinUBhVZustAnO</jurabk><enbez>II.</enbez></metadaten><textdaten><text format="XML"><Content><P>Auf Grund des § 172 des Bundesbeamtengesetzes in der Fassung der Bekanntmachung vom 31. März 1999 (BGBl. I S. 675) in Verbindung mit § 126 Abs. 3 Nr. 2 Satz 2 des Beamtenrechtsrahmengesetzes in der Fassung der Bekanntmachung vom 31. März 1999 (BGBl. I S. 654) übertrage ich dem Bundesamt für Finanzen die Befugnis, über Widersprüche gegen den Erlass eines Verwaltungsaktes sowie die Ablehnung eines Anspruchs in Angelegenheiten nach den Beihilfevorschriften zu entscheiden, soweit es zum Erlass des Verwaltungsaktes oder zur Ablehnung des Anspruchs zuständig war.</P></Content></text></textdaten></norm>
<norm builddate="20120625152355" doknr="BJNR187700001BJNE000300305"><metadaten><jurabk>BMinUBhVZustAnO</jurabk><enbez>III.</enbez></metadaten><textdaten><text format="XML"><Content><P>Auf Grund des § 174 Abs. 3 des Bundesbeamtengesetzes in der Fassung der Bekanntmachung vom 31. März 1999 (BGBl. I S. 675) übertrage ich dem Bundesamt für Finanzen die Vertretung des Bundesministeriums für Umwelt, Naturschutz und Reaktorsicherheit bei Klagen, soweit es nach dieser Anordnung zur Entscheidung über Widersprüche zuständig ist.</P></Content></text></textdaten></norm>
<norm builddate="20120625152355" doknr="BJNR187700001BJNE000400305"><metadaten><jurabk>BMinUBhVZustAnO</jurabk><enbez>IV.</enbez></metadaten><textdaten><text format="XML"><Content><P>Diese Anordnung tritt mit Wirkung vom 1. März 2001 in Kraft. Sie findet keine Anwendung auf Widersprüche, die vor ihrem Inkrafttreten eingelegt, oder auf Klagen, die vor ihrem Inkrafttreten erhoben worden sind.</P></Content></text></textdaten></norm>
<norm builddate="20120625152355" doknr="BJNR187700001BJNE000500305"><metadaten><jurabk>BMinUBhVZustAnO</jurabk><enbez>Schlussformel</enbez></metadaten><textdaten><text format="XML"><Content><P>Der Bundesminister für Umwelt, Naturschutz und Reaktorsicherheit</P></Content></text></textdaten></norm>
</dokumente>