<?xml version="1.0" encoding="UTF-8" ?><!DOCTYPE dokumente SYSTEM "http://www.gesetze-im-internet.de/dtd/1.01/gii-norm.dtd">
<dokumente builddate="20240308214007" doknr="BJNR05A0A0024"><norm builddate="20240308214007" doknr="BJNR05A0A0024"><metadaten><jurabk>Münz11EuroBek 2024-02-20</jurabk><ausfertigung-datum manuell="ja">2024-02-20</ausfertigung-datum><fundstelle typ="amtlich"><periodikum>BGBl I</periodikum><zitstelle>2024, Nr. 90</zitstelle></fundstelle><langue>Bekanntmachung über die Ausprägung von deutschen Euro-Gedenkmünzen im Nennwert von 11 Euro (Gedenkmünze &quot;UEFA Fußball-Europameisterschaft 2024&quot;)</langue></metadaten><textdaten><fussnoten><Content><P><BR/> <pre xml:space="preserve">(+++ Textnachweis ab: 8.3.2024 +++)<BR/><BR/></pre></P></Content></fussnoten></textdaten></norm>
<norm builddate="20240308214007" doknr="BJNR05A0A0024BJNE000100000"><metadaten><jurabk>Münz11EuroBek 2024-02-20</jurabk><enbez>(XXXX)</enbez></metadaten><textdaten><text format="XML"><Content><P>Gemäß den §§ 2, 4 und 5 des Münzgesetzes vom 16. Dezember 1999 (BGBl. I S. 2402) hat die Bundesregierung beschlossen, eine 11-Euro-Sammlermünze „UEFA Fußball-Europameisterschaft 2024“ prägen zu lassen. Die Münze thematisiert eines der international populärsten sportlichen Großereignisse, die Fußball-Europameisterschaft, die im Jahr 2024 – erstmalig nach der Wiedervereinigung – in der Bundesrepublik Deutschland ausgetragen wird.</P><P>Die Münze wird von der Staatlichen Münze Berlin geprägt (Prägezeichen A). Sie besteht aus Silber (Ag 500) mit einer Masse von 14 Gramm und einem Durchmesser von 30 Millimetern.</P><P>Der Entwurf der Bildseite stammt von dem Künstler Detlef Behr aus Köln. Sie greift die ikonische Dacharchitektur des Berliner Olympiastadions auf, in dem das Endspiel stattfinden wird. Im Zentrum steht der Fußball, umrahmt von einem stilisierten Spielfeld inklusive der Eckfahnen. Die Verwendung der Farben Schwarz, Rot, Gold verweist auf das Gastgeberland. Die im Entwurf gezeigte „Eins“ und „Null“ können symbolisch für ein Spielergebnis oder für die zehn Austragungsorte stehen.</P><P>Die Wertseite wurde von dem Künstler Lorenz Crössmann aus Berlin gestaltet. Sie enthält einen Adler, den Schriftzug „BUNDESREPUBLIK DEUTSCHLAND“, Wertziffer und Wertbezeichnung, die Jahreszahl 2024, die zwölf Europasterne, das Münzzeichen „A“ sowie die Angabe „SILBER 500“.</P><P>Der glatte Münzrand enthält in vertiefter Prägung die Inschrift:</P><P>„VEREINT IM HERZEN EUROPAS <F>○</F>“.</P></Content></text></textdaten></norm>
<norm builddate="20240308214007" doknr="BJNR05A0A0024BJNE000200000"><metadaten><jurabk>Münz11EuroBek 2024-02-20</jurabk><enbez>Schlussformel</enbez></metadaten><textdaten><text format="XML"><Content><P><SP>Der Bundesminister der Finanzen</SP></P></Content></text></textdaten></norm>
<norm builddate="20240308214007" doknr="BJNR05A0A0024BJNE000300000"><metadaten><jurabk>Münz11EuroBek 2024-02-20</jurabk><enbez>(XXXX)</enbez></metadaten><textdaten><text format="XML"><Content><P><noindex><kommentar typ="Fundstelle">(Fundstelle: BGBl. 2024 I Nr. 90, S. 2)</kommentar></noindex></P><P/><table frame="none" pgwide="1" tocentry="%yes;"><tgroup align="left" char="" charoff="50" cols="2"><colspec colname="col1"/><colspec colname="col2"/><tbody valign="top"><row><entry VJ="1" align="center" colname="col1" colsep="0"><IMG Align="center" Height="885" Pos="inline" SRC="bgbl1_2024_j00900_0010.jpg" Type="jpg" Units="" Width="886" alt="Die Bildseite zeigt die ikonische Dacharchitektur des Berliner Olympiastadions, in dem das Endspiel stattfinden wird. Im Zentrum steht der Fußball, umrahmt von einem stilisierten Spielfeld inklusive der Eckfahnen. Die Verwendung der Farben Schwarz, Rot, Gold verweist auf das Gastgeberland. Die im Entwurf gezeigte „Eins“ und „Null“ können symbolisch für ein Spielergebnis oder für die zehn Austragungsorte stehen."/></entry><entry VJ="1" align="center" colname="col2"><IMG Align="center" Height="886" Pos="inline" SRC="bgbl1_2024_j00900_0020.jpg" Type="jpg" Units="" Width="886" alt="Die Wertseite zeigt einen Adler, den Schriftzug „BUNDESREPUBLIK DEUTSCHLAND“, Wertziffer und Wertbezeichnung, die Jahreszahl 2024, die zwölf Europasterne, das Münzzeichen „A“ sowie die Angabe „SILBER 500“."/></entry></row></tbody></tgroup></table></Content></text></textdaten></norm>
</dokumente>