<?xml version="1.0" encoding="UTF-8" ?><!DOCTYPE dokumente SYSTEM "http://www.gesetze-im-internet.de/dtd/1.01/gii-norm.dtd">
<dokumente builddate="20200403212522" doknr="BJNR050900014"><norm builddate="20200403212522" doknr="BJNR050900014"><metadaten><jurabk>EzHdlFachwPrV</jurabk><ausfertigung-datum manuell="ja">2014-05-13</ausfertigung-datum><fundstelle typ="amtlich"><periodikum>BGBl I</periodikum><zitstelle>2014, 509</zitstelle></fundstelle><langue>Verordnung über die Prüfung zum anerkannten Fortbildungsabschluss Geprüfter Fachwirt für Vertrieb im Einzelhandel und Geprüfte Fachwirtin für Vertrieb im Einzelhandel</langue><standangabe checked="ja"><standtyp>Stand</standtyp><standkommentar>Geändert durch Art. 70 V v. 9.12.2019 I 2153</standkommentar></standangabe><standangabe checked="ja"><standtyp>Sonst</standtyp><standkommentar>Ersetzt V 806-22-6-9 v. 12.7.2006 I 1688 (HdlAssPrV 2006)</standkommentar></standangabe></metadaten><textdaten><fussnoten><Content><P><BR/> <pre xml:space="preserve">(+++ Textnachweis ab: 1.1.2015 +++)<BR/><BR/></pre>(+++ Zur Anwendung vgl. §§ 1 u. 3 FortbVenÄndV6AnwV +++)</P></Content></fussnoten></textdaten></norm>
<norm builddate="20200403212522" doknr="BJNR050900014BJNE000100000"><metadaten><jurabk>EzHdlFachwPrV</jurabk><enbez>Eingangsformel</enbez></metadaten><textdaten><text format="XML"><Content><P>Auf Grund des § 53 Absatz 1 in Verbindung mit Absatz 2 und des § 30 Absatz 5 des Berufsbildungsgesetzes, von denen § 53 Absatz 1 durch Artikel 232 Nummer 3 Buchstabe a der Verordnung vom 31. Oktober 2006 (BGBl. I S. 2407) geändert worden ist, jeweils in Verbindung mit § 1 Absatz 2 des Zuständigkeitsanpassungsgesetzes vom 16. August 2002 (BGBl. I S. 3165) und dem Organisationserlass vom 17. Dezember 2013 (BGBl. I S. 4310) verordnet das Bundesministerium für Bildung und Forschung nach Anhörung des Hauptausschusses des Bundesinstituts für Berufsbildung im Einvernehmen mit dem Bundesministerium für Wirtschaft und Energie:</P></Content></text></textdaten></norm>
<norm builddate="20200403212522" doknr="BJNR050900014BJNE000200000"><metadaten><jurabk>EzHdlFachwPrV</jurabk><enbez>§ 1</enbez><titel format="XML">Ziel der Prüfung und Bezeichnung des Abschlusses</titel></metadaten><textdaten><text format="XML"><Content><P>(1) Die zuständige Stelle kann berufliche Fortbildungsprüfungen zum Geprüften Fachwirt für Vertrieb im Einzelhandel und zur Geprüften Fachwirtin für Vertrieb im Einzelhandel nach den §§ 2 bis 8 durchführen, in denen die auf einen beruflichen Aufstieg abzielende Erweiterung der beruflichen Handlungsfähigkeit nachzuweisen ist.</P><P>(2) Durch die Prüfung ist festzustellen, ob die notwendigen Kompetenzen vorhanden sind, um in unterschiedlichen Betriebsformen des Einzelhandels eigenständig und verantwortlich Fach-, Organisations- und Führungsaufgaben im Vertrieb wahrzunehmen und ob betriebswirtschaftliche und personalwirtschaftliche Managementinstrumente eingesetzt werden können. Dabei sollen gesellschaftliche, volkswirtschaftliche und rechtliche Rahmenbedingungen berücksichtigt werden. Dazu zählen insbesondere: <DL Type="arabic"><DT>1.</DT><DD Font="normal"><LA>Umsetzen und Fördern von Kunden- und Dienstleistungsorientierung im Vertrieb,</LA></DD><DT>2.</DT><DD Font="normal"><LA>Analysieren und Beurteilen der Auswirkungen einzelhandelsrelevanter Marktentwicklungen auf den Vertrieb,</LA></DD><DT>3.</DT><DD Font="normal"><LA>Erarbeiten und Umsetzen kundenorientierter und wirtschaftlicher Vertriebskonzepte und -lösungen,</LA></DD><DT>4.</DT><DD Font="normal"><LA>Konzipieren, Umsetzen und Auswerten von Marketingkonzepten für unterschiedliche Betriebstypen des Einzelhandels,</LA></DD><DT>5.</DT><DD Font="normal"><LA>Beurteilen, Auswählen und Einsetzen von Instrumenten des visuellen Marketings (Visual Merchandising),</LA></DD><DT>6.</DT><DD Font="normal"><LA>Steuern des Vertriebs mittels Kennzahlen,</LA></DD><DT>7.</DT><DD Font="normal"><LA>Steuern der Bestandsführung und Pflegen des Sortiments,</LA></DD><DT>8.</DT><DD Font="normal"><LA>Kooperieren mit Geschäftspartnern und internen Unternehmensbereichen, Kommunikation kunden- und dienstleistungsorientiert gestalten,</LA></DD><DT>9.</DT><DD Font="normal"><LA>Umsetzen serviceorientierter Konzepte,</LA></DD><DT>10.</DT><DD Font="normal"><LA>Führen von Mitarbeiterinnen und Mitarbeitern und Fördern ihrer beruflichen Entwicklung,</LA></DD><DT>11.</DT><DD Font="normal"><LA>Organisieren und Durchführen der Berufsausbildung,</LA></DD><DT>12.</DT><DD Font="normal"><LA>Umsetzen arbeitsorganisatorischer Veränderungen,</LA></DD><DT>13.</DT><DD Font="normal"><LA>Umsetzen des Qualitätsmanagements im Vertrieb und Fördern von Nachhaltigkeit.</LA></DD></DL></P><P>(3) Die erfolgreich abgelegte Prüfung führt zum anerkannten Fortbildungsabschluss „Geprüfter Fachwirt für Vertrieb im Einzelhandel“ oder „Geprüfte Fachwirtin für Vertrieb im Einzelhandel“.</P></Content></text></textdaten></norm>
<norm builddate="20200403212522" doknr="BJNR050900014BJNE000300000"><metadaten><jurabk>EzHdlFachwPrV</jurabk><enbez>§ 2</enbez><titel format="XML">Zulassungsvoraussetzungen</titel></metadaten><textdaten><text format="XML"><Content><P>(1) Zur ersten schriftlichen Teilprüfung nach § 3 Absatz 2 und 3 ist zuzulassen, wer <DL Type="arabic"><DT>1.</DT><DD Font="normal"><LA>eine mit Erfolg abgelegte Abschlussprüfung in einem anerkannten dreijährigen kaufmännischen Ausbildungsberuf im Einzelhandel und danach eine mindestens einjährige Berufspraxis oder</LA></DD><DT>2.</DT><DD Font="normal"><LA>eine mit Erfolg abgelegte Abschlussprüfung zum Verkäufer oder zur Verkäuferin oder in einem anerkannten dreijährigen kaufmännisch-verwaltenden Ausbildungsberuf und danach eine mindestens zweijährige Berufspraxis oder</LA></DD><DT>3.</DT><DD Font="normal"><LA>den Erwerb von mindestens 90 ECTS-Punkten in einem betriebswirtschaftlichen Studium und eine mindestens zweijährige Berufspraxis oder</LA></DD><DT>4.</DT><DD Font="normal"><LA>eine mindestens fünfjährige Berufspraxis</LA></DD></DL>nachweist.</P><P>(2) Die Berufspraxis nach Absatz 1 muss in Verkaufstätigkeiten oder anderen kaufmännischen Tätigkeiten im institutionellen oder funktionellen Handel erworben sein und inhaltlich wesentliche Bezüge zu den in § 1 Absatz 2 genannten Aufgaben haben.</P><P>(3) Zur zweiten schriftlichen Teilprüfung nach § 3 Absatz 2 und 4 ist zuzulassen, wer die erste schriftliche Teilprüfung abgelegt hat, die nicht länger als zwei Jahre zurückliegt.</P><P>(4) Abweichend von Absatz 1 ist zur Prüfung auch zuzulassen, wer durch Vorlage von Zeugnissen oder auf andere Weise glaubhaft macht, Fertigkeiten, Kenntnisse und Fähigkeiten (berufliche Handlungsfähigkeit) erworben zu haben, die die Zulassung zur Prüfung rechtfertigen.</P></Content></text></textdaten></norm>
<norm builddate="20200403212522" doknr="BJNR050900014BJNE000401128"><metadaten><jurabk>EzHdlFachwPrV</jurabk><enbez>§ 3</enbez><titel format="XML">Gliederung und Durchführung der Prüfung</titel></metadaten><textdaten><text format="XML"><Content><P>(1) Die Prüfung ist schriftlich und mündlich durchzuführen.</P><P>(2) Die Gesamtprüfung beinhaltet zwei schriftlich durchzuführende Teilprüfungen und eine mündliche Teilprüfung.</P><P>(3) Die erste schriftliche Teilprüfung gliedert sich in die Handlungsbereiche: <DL Font="normal" Type="arabic"><DT>1.</DT><DD Font="normal"><LA Size="normal">Kundenorientierung,</LA></DD><DT>2.</DT><DD Font="normal"><LA Size="normal">Personalmanagement,</LA></DD><DT>3.</DT><DD Font="normal"><LA Size="normal">Führung und Kommunikation.</LA></DD></DL></P><P>(4) Die zweite schriftliche Teilprüfung gliedert sich in die Handlungsbereiche: <DL Font="normal" Type="arabic"><DT>1.</DT><DD Font="normal"><LA Size="normal">Marketing im Einzelhandel,</LA></DD><DT>2.</DT><DD Font="normal"><LA Size="normal">Vertriebssteuerung.</LA></DD></DL></P><P>(5) Die mündliche Teilprüfung gliedert sich in Präsentation und situationsbezogenes Fachgespräch.</P><P>(6) Die beiden schriftlich durchzuführenden Teilprüfungen werden auf der Grundlage jeweils einer betrieblichen Situationsbeschreibung mit daraus abgeleiteten Aufgabenstellungen durchgeführt, wobei die jeweiligen Handlungsbereiche thematisiert werden. Die Bearbeitungszeit soll für die erste und zweite schriftliche Teilprüfung jeweils 300 Minuten betragen.</P><P>(7) Nach Ablegen der schriftlichen Teilprüfungen wird innerhalb eines Jahres die mündliche Teilprüfung durchgeführt.</P><P>(8) Anhand der Präsentation nach Absatz 5 soll nachgewiesen werden, dass eine komplexe Problemstellung aus der Vertriebspraxis des Einzelhandels erfasst, angemessen dargestellt, beurteilt und gelöst werden kann. Die Themenstellung muss sich auf jeweils einen Handlungsbereich nach den Absätzen 3 und 4 beziehen. Dabei soll die Dauer der Präsentation 15 Minuten nicht überschreiten.</P><P>(9) Das Thema der Präsentation wird von der zu prüfenden Person gewählt und mit einer Kurzbeschreibung dem Prüfungsausschuss am Tag der zweiten schriftlichen Teilprüfung eingereicht.</P><P>(10) Im situationsbezogenen Fachgespräch nach Absatz 5 soll ausgehend von der Präsentation die Fähigkeit nachgewiesen werden, betriebspraktische Probleme zu analysieren und Lösungsmöglichkeiten unter Beachtung der maßgebenden Einflussfaktoren zu entwickeln, zu bewerten und zu vertreten. Dabei soll auch die Fähigkeit nachgewiesen werden, angemessen zu kommunizieren und sachgerecht zu argumentieren. Das Fachgespräch soll nicht länger als 20 Minuten dauern.</P></Content></text><fussnoten><Content><P>(+++ Zur Anwendung vgl. §§ 1 u. 3 FortbVenÄndV6AnwV +++)</P></Content></fussnoten></textdaten></norm>
<norm builddate="20200403212522" doknr="BJNR050900014BJNE000500000"><metadaten><jurabk>EzHdlFachwPrV</jurabk><enbez>§ 4</enbez><titel format="XML">Inhalt der Prüfung</titel></metadaten><textdaten><text format="XML"><Content><P>(1) Im Handlungsbereich „Kundenorientierung“ soll die Fähigkeit nachgewiesen werden, dass Verkaufsprozesse kunden- und erfolgsorientiert gestaltet werden können. In diesem Rahmen kann Folgendes geprüft werden: <DL Type="arabic"><DT>1.</DT><DD Font="normal"><LA>Gestalten des Beratungsprozesses und Unterstützen der Mitarbeiter bei der Durchführung von Kundengesprächen,</LA></DD><DT>2.</DT><DD Font="normal"><LA>Durchführen und Auswerten von Kundengesprächen, -befragungen und -foren zur Sicherstellung und Optimierung von Qualitätsstandards,</LA></DD><DT>3.</DT><DD Font="normal"><LA>Entwickeln und Umsetzen von Maßnahmen der Kundenbindung und -gewinnung,</LA></DD><DT>4.</DT><DD Font="normal"><LA>Umsetzen serviceorientierter Konzepte,</LA></DD><DT>5.</DT><DD Font="normal"><LA>Umsetzen des Beschwerdemanagements und Durchführen eines effizienten Qualitätsmanagements.</LA></DD></DL></P><P>(2) Im Handlungsbereich „Personalmanagement“ soll die Fähigkeit nachgewiesen werden, dass personalwirtschaftliche Aufgaben im Vertrieb systematisch und entscheidungsorientiert geplant, umgesetzt und analysiert werden können. Dabei sollen unternehmenspolitische Vorgaben und rechtliche Bestimmungen berücksichtigt werden. In diesem Rahmen kann Folgendes geprüft werden: <DL Type="arabic"><DT>1.</DT><DD Font="normal"><LA>Durchführen der Personalbedarfs- und Personalkostenplanung,</LA></DD><DT>2.</DT><DD Font="normal"><LA>Anwenden von Konzepten des Personalmarketings, Mitwirken bei der Auswahl und Einstellung von Mitarbeitern und Auszubildenden,</LA></DD><DT>3.</DT><DD Font="normal"><LA>Planen und Durchführen der Berufsausbildung,</LA></DD><DT>4.</DT><DD Font="normal"><LA>Steuern des Personaleinsatzes,</LA></DD><DT>5.</DT><DD Font="normal"><LA>Bewerten und Einsetzen von Maßnahmen der Personalentwicklung und Personalbindung,</LA></DD><DT>6.</DT><DD Font="normal"><LA>Auswerten von Personalkennziffern.</LA></DD></DL></P><P>(3) Im Handlungsbereich „Führung und Kommunikation“ soll die Fähigkeit nachgewiesen werden, dass zielorientiert kommuniziert und Mitarbeiter und Mitarbeiterinnen sowie Projektgruppen geführt werden können. Weiter soll in Verhandlungen und in Konfliktfällen lösungsorientiert agiert werden. Dabei sollen situationsangemessene Methoden der Präsentation, Kommunikation und Motivationsförderung unter Berücksichtigung der betrieblichen Rahmenbedingungen eingesetzt werden. In diesem Rahmen kann Folgendes geprüft werden: <DL Type="arabic"><DT>1.</DT><DD Font="normal"><LA>Anwenden von Methoden des Zeit- und des Selbstmanagements,</LA></DD><DT>2.</DT><DD Font="normal"><LA>Einsetzen von Führungsinstrumenten und -methoden,</LA></DD><DT>3.</DT><DD Font="normal"><LA>Fördern der beruflichen Entwicklung und Weiterbildung von Mitarbeitern und Mitarbeiterinnen,</LA></DD><DT>4.</DT><DD Font="normal"><LA>Beurteilen von Mitarbeiterentwicklungspotenzialen sowie Vereinbaren von individuellen Entwicklungszielen und -maßnahmen,</LA></DD><DT>5.</DT><DD Font="normal"><LA>Unterstützen und Beurteilen von Lernprozessen der Mitarbeiter und Mitarbeiterinnen,</LA></DD><DT>6.</DT><DD Font="normal"><LA>Fördern der Teamentwicklung,</LA></DD><DT>7.</DT><DD Font="normal"><LA>Planen und Steuern von Arbeits- und Projektgruppen,</LA></DD><DT>8.</DT><DD Font="normal"><LA>Optimieren der Zusammenarbeit mit internen und externen Partnern,</LA></DD><DT>9.</DT><DD Font="normal"><LA>Einsetzen von Instrumenten zur Konfliktlösung,</LA></DD><DT>10.</DT><DD Font="normal"><LA>Nutzen von Moderations- und Präsentationstechniken.</LA></DD></DL></P><P>(4) Im Handlungsbereich „Marketing im Einzelhandel“ soll die Fähigkeit nachgewiesen werden, dass Entwicklungen am Standort des Einzelhandelsbetriebes analysiert und Marketingkonzepte gesteuert und organisiert werden können. Zudem soll die Fähigkeit nachgewiesen werden, dass unter Einsatz von Instrumenten des visuellen Marketings Waren präsentiert und Geschäftsräume gestaltet werden können. Die Maßnahmen sollen nachbereitet und bewertet sowie notwendige Veränderungsprozesse eingeleitet werden. In diesem Rahmen kann Folgendes geprüft werden: <DL Type="arabic"><DT>1.</DT><DD Font="normal"><LA>Analysieren und Bewerten der Entwicklung von Märkten und Zielgruppen sowie des Wettbewerbs und der Nachfrage,</LA></DD><DT>2.</DT><DD Font="normal"><LA>Ableiten von Marktstrategien unter Berücksichtigung von Kooperationsformen und Zusammenwirken der Marketinginstrumente,</LA></DD><DT>3.</DT><DD Font="normal"><LA>Entwickeln und Umsetzen von Maßnahmen des Standortmarketings,</LA></DD><DT>4.</DT><DD Font="normal"><LA>Optimieren und Pflegen des Sortiments,</LA></DD><DT>5.</DT><DD Font="normal"><LA>Analysieren und Steuern von Verkaufskonzepten, Umsetzen der Preispolitik,</LA></DD><DT>6.</DT><DD Font="normal"><LA>Planen, Umsetzen und Kontrollieren von Werbekonzepten,</LA></DD><DT>7.</DT><DD Font="normal"><LA>Entwickeln und Umsetzen von Konzepten der Verkaufsförderung unter Berücksichtigung von Visual Merchandising,</LA></DD><DT>8.</DT><DD Font="normal"><LA>Kooperieren und Kommunizieren mit internen und externen Partnern des Marketings,</LA></DD><DT>9.</DT><DD Font="normal"><LA>Umsetzen von E-Commerce-Konzepten und Kundenbindungsprogrammen,</LA></DD><DT>10.</DT><DD Font="normal"><LA>Umsetzen standortbezogener Öffentlichkeitsarbeit.</LA></DD></DL></P><P>(5) Im Handlungsbereich „Vertriebssteuerung“ soll gezeigt werden, dass Geschäftsprozesse gesteuert und optimiert sowie aus vertriebsbezogenen Statistiken und Kennziffern Schlussfolgerungen für die Weiterentwicklung der Verkaufsprozesse gezogen werden können. Dabei sollen insbesondere wettbewerbsrechtliche Bestimmungen und Auswirkungen volkswirtschaftlicher Entwicklungen sowie des regionalen Strukturwandels beachtet werden. Es sollen Maßnahmen zur Sicherung der Wettbewerbsfähigkeit entwickelt werden. In diesem Rahmen kann Folgendes geprüft werden: <DL Type="arabic"><DT>1.</DT><DD Font="normal"><LA>Planen von Umsatz, Erträgen und Kosten unter Berücksichtigung von Markt- und Preisentwicklungen, Vertriebskennziffern und Veränderungen im Kaufverhalten von Kunden sowie in der Kundenstruktur,</LA></DD><DT>2.</DT><DD Font="normal"><LA>Analysieren der warenwirtschaftlichen Daten und der Sortimentsentwicklung, Steuern der Bestände und Ableiten von Maßnahmen,</LA></DD><DT>3.</DT><DD Font="normal"><LA>Steuern und Organisieren der Warenlogistik und betrieblichen Lagerwirtschaft,</LA></DD><DT>4.</DT><DD Font="normal"><LA>Auswerten der Kosten- und Leistungsrechnung und Entwickeln von Verbesserungsvorschlägen,</LA></DD><DT>5.</DT><DD Font="normal"><LA>Einsetzen von betrieblichen Steuerungsinstrumenten zur Qualitätssicherung.</LA></DD></DL></P></Content></text></textdaten></norm>
<norm builddate="20200403212522" doknr="BJNR050900014BJNE000601128"><metadaten><jurabk>EzHdlFachwPrV</jurabk><enbez>§ 5</enbez><titel format="XML">Befreiung von einzelnen Prüfungsbestandteilen</titel></metadaten><textdaten><text format="XML"><Content><P>Wird die zu prüfende Person nach § 56 Absatz 2 des Berufsbildungsgesetzes von der Ablegung einzelner Prüfungsbestandteile befreit, bleiben diese Prüfungsbestandteile für die Anwendung der §§ 6 und 7 außer Betracht. Für die übrigen Prüfungsbestandteile erhöhen sich die Anteile nach § 6 Absatz 2 Satz 2 oder Absatz 3 Satz 2 und § 7 Absatz 4 Satz 1 entsprechend ihrem Verhältnis zueinander. Allein diese Prüfungsbestandteile sind den Entscheidungen des Prüfungsausschusses zugrunde zu legen.</P></Content></text><fussnoten><Content><P>(+++ Zur Anwendung vgl. §§ 1 u. 3 FortbVenÄndV6AnwV +++)</P></Content></fussnoten></textdaten></norm>
<norm builddate="20200403212522" doknr="BJNR050900014BJNE000701128"><metadaten><jurabk>EzHdlFachwPrV</jurabk><enbez>§ 6</enbez><titel format="XML">Bewerten der Prüfungsleistungen</titel></metadaten><textdaten><text format="XML"><Content><P>(1) Jede Prüfungsleistung ist nach Maßgabe der Anlage 1 mit Punkten zu bewerten.</P><P>(2) Im schriftlichen Prüfungsteil sind die beiden betrieblichen Situationsbeschreibungen nach § 3 Absatz 3 und 4 jeweils einzeln zu bewerten. Aus den beiden Teilleistungen wird als zusammengefasste Bewertung der schriftlichen Prüfung das arithmetische Mittel berechnet.</P><P>(3) Im mündlichen Prüfungsteil sind als Prüfungsleistungen jeweils einzeln zu bewerten: <DL Font="normal" Type="arabic"><DT>1.</DT><DD Font="normal"><LA Size="normal">die Präsentation nach § 3 Absatz 5, 8 und 9,</LA></DD><DT>2.</DT><DD Font="normal"><LA Size="normal">das Fachgespräch nach § 3 Absatz 5 und 10.</LA></DD></DL>Aus den einzelnen Bewertungen des situationsbezogenen Fachgesprächs und der Präsentation wird als zusammengefasste Bewertung der mündlichen Prüfung das gewichtete arithmetische Mittel berechnet. Dabei sind die Bewertungen wie folgt zu gewichten: <DL Font="normal" Type="arabic"><DT>1.</DT><DD Font="normal"><LA Size="normal">die Bewertung des Fachgesprächs mit zwei Dritteln und</LA></DD><DT>2.</DT><DD Font="normal"><LA Size="normal">die Bewertung der Präsentation mit einem Drittel.</LA></DD></DL></P></Content></text><fussnoten><Content><P>(+++ Zur Anwendung vgl. §§ 1 u. 3 FortbVenÄndV6AnwV +++)</P></Content></fussnoten></textdaten></norm>
<norm builddate="20200403212522" doknr="BJNR050900014BJNE001400128"><metadaten><jurabk>EzHdlFachwPrV</jurabk><enbez>§ 7</enbez><titel format="XML">Bestehen der Prüfung, Gesamtnote</titel></metadaten><textdaten><text format="XML"><Content><P>(1) Die Prüfung ist bestanden, wenn ohne Rundung in der schriftlichen und der mündlichen Teilprüfung jeweils mindestens 50 Punkte erreicht worden sind.</P><P>(2) Ist die Prüfung bestanden, sind die folgenden Punktebewertungen jeweils kaufmännisch auf eine ganze Zahl zu runden: <DL Font="normal" Type="arabic"><DT>1.</DT><DD Font="normal"><LA Size="normal">die zusammengefasste Bewertung der schriftlichen Prüfung,</LA></DD><DT>2.</DT><DD Font="normal"><LA Size="normal">die zusammengefasste Bewertung der mündlichen Prüfung.</LA></DD></DL></P><P>(3) Den Bewertungen für die Prüfungsteile „schriftliche Prüfung“ und „mündliche Prüfung“ ist nach Anlage 1 die jeweilige Note als Dezimalzahl zuzuordnen.</P><P>(4) Für die Bildung einer Gesamtnote ist als Gesamtpunktzahl das arithmetische Mittel der beiden Prüfungsteile zu berechnen. Die Gesamtpunktzahl ist kaufmännisch auf eine ganze Zahl zu runden. Der gerundeten Gesamtpunktzahl ist nach Anlage 1 die Note als Dezimalzahl und die Note in Worten zuzuordnen. Die zugeordnete Note ist die Gesamtnote.</P></Content></text><fussnoten><Content><P>(+++ Zur Anwendung vgl. §§ 1 u. 3 FortbVenÄndV6AnwV +++)</P></Content></fussnoten></textdaten></norm>
<norm builddate="20200403212522" doknr="BJNR050900014BJNE001500128"><metadaten><jurabk>EzHdlFachwPrV</jurabk><enbez>§ 8</enbez><titel format="XML">Zeugnisse</titel></metadaten><textdaten><text format="XML"><Content><P>(1) Wer die Prüfung nach § 7 Absatz 1 bestanden hat, erhält von der zuständigen Stelle zwei Zeugnisse nach Maßgabe der Anlage 2 Teil A und B.</P><P>(2) Auf dem Zeugnis mit den Inhalten nach Anlage 2 Teil B sind die Noten als Dezimalzahlen mit einer Nachkommastelle und die Gesamtnote als Dezimalzahl mit einer Nachkommastelle und in Worten anzugeben. Jede Befreiung nach § 5 ist mit Ort, Datum und der Bezeichnung des Prüfungsgremiums der anderen vergleichbaren Prüfung anzugeben.</P><P>(3) Die Zeugnisse können zusätzliche nicht amtliche Bemerkungen zur Information (Bemerkungen) enthalten, insbesondere <DL Font="normal" Type="arabic"><DT>1.</DT><DD Font="normal"><LA Size="normal">über den erworbenen Abschluss oder</LA></DD><DT>2.</DT><DD Font="normal"><LA Size="normal">auf Antrag der geprüften Person über während oder anlässlich der Fortbildung erworbene besondere oder zusätzliche Fertigkeiten, Kenntnisse und Fähigkeiten.</LA></DD></DL></P></Content></text><fussnoten><Content><P>(+++ Zur Anwendung vgl. §§ 1 u. 3 FortbVenÄndV6AnwV +++)</P></Content></fussnoten></textdaten></norm>
<norm builddate="20200403212522" doknr="BJNR050900014BJNE000801128"><metadaten><jurabk>EzHdlFachwPrV</jurabk><enbez>§ 9</enbez><titel format="XML">Wiederholung der Prüfung</titel></metadaten><textdaten><text format="XML"><Content><P>(1) Jede Teilprüfung, die nicht bestanden ist, kann zweimal wiederholt werden.</P><P>(2) Die Anmeldung zur Wiederholung einer Teilprüfung muss spätestens zwei Jahre nach dem Tag der nicht bestandenen Teilprüfung erfolgen. Die Anmeldung kann sich auch darauf richten, dabei bestandene Teilprüfungen zwei Jahre nach dem Tag der bestandenen Teilprüfung einmal zu wiederholen. Werden bestandene Prüfungsleistungen erneut geprüft, gilt in diesem Fall das Ergebnis der letzten Teilprüfung.</P></Content></text><fussnoten><Content><P>(+++ Zur Anwendung vgl. §§ 1 u. 3 FortbVenÄndV6AnwV +++)</P></Content></fussnoten></textdaten></norm>
<norm builddate="20200403212522" doknr="BJNR050900014BJNE000901128"><metadaten><jurabk>EzHdlFachwPrV</jurabk><enbez>§ 10</enbez><titel format="XML">Ausbildereignung</titel></metadaten><textdaten><text format="XML"><Content><P>Wer die Prüfung nach dieser Verordnung bestanden hat, ist vom schriftlichen Teil der Prüfung der nach dem Berufsbildungsgesetz erlassenen Ausbilder-Eignungsverordnung befreit.</P></Content></text><fussnoten><Content><P>(+++ Zur Anwendung vgl. §§ 1 u. 3 FortbVenÄndV6AnwV +++)</P></Content></fussnoten></textdaten></norm>
<norm builddate="20200403212522" doknr="BJNR050900014BJNE001001128"><metadaten><jurabk>EzHdlFachwPrV</jurabk><enbez>§ 11</enbez><titel format="XML">Übergangsvorschriften</titel></metadaten><textdaten><text format="XML"><Content><P>Begonnene Prüfungsverfahren zum Geprüften Handelsassistenten – Einzelhandel/zur Geprüften Handelsassistentin – Einzelhandel können bis zum 31. Juli 2018 nach den bisherigen Vorschriften zu Ende geführt werden. Die zuständige Stelle kann auf Antrag des Prüfungsteilnehmers oder der Prüfungsteilnehmerin die Wiederholungsprüfung nach dieser Verordnung durchführen; § 7 Absatz 2 findet in diesem Fall keine Anwendung. Im Übrigen kann bei der Anmeldung zur Prüfung bis zum Ablauf des 31. Januar 2017 die Anwendung der bisherigen Vorschriften beantragt werden.</P></Content></text><fussnoten><Content><P>(+++ Zur Anwendung vgl. §§ 1 u. 3 FortbVenÄndV6AnwV +++)</P></Content></fussnoten></textdaten></norm>
<norm builddate="20200403212522" doknr="BJNR050900014BJNE001101128"><metadaten><jurabk>EzHdlFachwPrV</jurabk><enbez>§ 12</enbez><titel format="XML">Inkrafttreten, Außerkrafttreten</titel></metadaten><textdaten><text format="XML"><Content><P>Diese Verordnung tritt am 1. Januar 2015 in Kraft. Gleichzeitig tritt die Verordnung über die Prüfung zum anerkannten Abschluss Geprüfter Handelsassistent – Einzelhandel/Geprüfte Handelsassistentin – Einzelhandel vom 12. Juli 2006 (BGBl. I S. 1688), die durch Artikel 65 der Verordnung vom 26. März 2014 (BGBl. I S. 274) geändert worden ist, außer Kraft.</P></Content></text><fussnoten><Content><P>(+++ Zur Anwendung vgl. §§ 1 u. 3 FortbVenÄndV6AnwV +++)</P></Content></fussnoten></textdaten></norm>
<norm builddate="20200403212522" doknr="BJNR050900014BJNE001201128"><metadaten><jurabk>EzHdlFachwPrV</jurabk><enbez>Anlage 1</enbez><titel format="XML">(zu den §§ 6 und 7)<BR/>Bewertungsmaßstab und -schlüssel</titel></metadaten><textdaten><text format="XML"><Content><P><noindex><kommentar typ="Fundstelle">(Fundstelle: BGBl. I 2019, 2394 – 2395)</kommentar></noindex><BR/><BR/></P><table colsep="1" frame="all" pgwide="1" rowsep="1" tabstyle="Bewertung" tocentry="%yes;"><tgroup align="left" char="" charoff="50" cols="4"><colspec align="center" colname="col1" colnum="1" colwidth="26*"/><colspec align="center" colname="col2" colnum="2" colwidth="26*"/><colspec align="center" colname="col3" colnum="3" colwidth="33*"/><colspec align="justify" colname="col4" colnum="4" colwidth="74*"/><thead valign="bottom"><row><entry VJ="1" colname="col1" valign="middle">Punkte</entry><entry VJ="1" colname="col2" valign="middle">Note<BR/>als Dezimalzahl</entry><entry VJ="1" colname="col3" valign="middle">Note<BR/> in Worten</entry><entry VJ="1" align="center" colname="col4" valign="middle">Definition</entry></row></thead><tbody valign="top"><row><entry VJ="1" colname="col1" valign="middle">100</entry><entry VJ="1" colname="col2" valign="middle">1,0</entry><entry VJ="1" colname="col3" morerows="4" valign="middle">sehr gut</entry><entry VJ="1" colname="col4" morerows="4" valign="middle">eine Leistung, die den Anforderungen in besonderem Maß entspricht</entry></row><row><entry VJ="1" colname="col1" valign="middle">98 und 99</entry><entry VJ="1" colname="col2" valign="middle">1,1</entry></row><row><entry VJ="1" colname="col1" valign="middle">96 und 97</entry><entry VJ="1" colname="col2" valign="middle">1,2</entry></row><row><entry VJ="1" colname="col1" valign="middle">94 und 95</entry><entry VJ="1" colname="col2" valign="middle">1,3</entry></row><row><entry VJ="1" colname="col1" valign="middle">92 und 93</entry><entry VJ="1" colname="col2" valign="middle">1,4</entry></row><row><entry VJ="1" colname="col1" valign="middle">91</entry><entry VJ="1" colname="col2" valign="middle">1,5</entry><entry VJ="1" colname="col3" morerows="9" valign="middle">gut</entry><entry VJ="1" colname="col4" morerows="9" valign="middle">eine Leistung, die den Anforderungen voll entspricht</entry></row><row><entry VJ="1" colname="col1" valign="middle">90</entry><entry VJ="1" colname="col2" valign="middle">1,6</entry></row><row><entry VJ="1" colname="col1" valign="middle">89</entry><entry VJ="1" colname="col2" valign="middle">1,7</entry></row><row><entry VJ="1" colname="col1" valign="middle">88</entry><entry VJ="1" colname="col2" valign="middle">1,8</entry></row><row><entry VJ="1" colname="col1" valign="middle">87</entry><entry VJ="1" colname="col2" valign="middle">1,9</entry></row><row><entry VJ="1" colname="col1" valign="middle">85 und 86</entry><entry VJ="1" colname="col2" valign="middle">2,0</entry></row><row><entry VJ="1" colname="col1" valign="middle">84</entry><entry VJ="1" colname="col2" valign="middle">2,1</entry></row><row><entry VJ="1" colname="col1" valign="middle">83</entry><entry VJ="1" colname="col2" valign="middle">2,2</entry></row><row><entry VJ="1" colname="col1" valign="middle">82</entry><entry VJ="1" colname="col2" valign="middle">2,3</entry></row><row><entry VJ="1" colname="col1" valign="middle">81</entry><entry VJ="1" colname="col2" valign="middle">2,4</entry></row><row><entry VJ="1" colname="col1" valign="middle">79 und 80</entry><entry VJ="1" colname="col2" valign="middle">2,5</entry><entry VJ="1" colname="col3" morerows="9" valign="middle">befriedigend</entry><entry VJ="1" colname="col4" morerows="9" valign="middle">eine Leistung, die den Anforderungen im Allgemeinen entspricht</entry></row><row><entry VJ="1" colname="col1" valign="middle">78</entry><entry VJ="1" colname="col2" valign="middle">2,6</entry></row><row><entry VJ="1" colname="col1" valign="middle">77</entry><entry VJ="1" colname="col2" valign="middle">2,7</entry></row><row><entry VJ="1" colname="col1" valign="middle">75 und 76</entry><entry VJ="1" colname="col2" valign="middle">2,8</entry></row><row><entry VJ="1" colname="col1" valign="middle">74</entry><entry VJ="1" colname="col2" valign="middle">2,9</entry></row><row><entry VJ="1" colname="col1" valign="middle">72 und 73</entry><entry VJ="1" colname="col2" valign="middle">3,0</entry></row><row><entry VJ="1" colname="col1" valign="middle">71</entry><entry VJ="1" colname="col2" valign="middle">3,1</entry></row><row><entry VJ="1" colname="col1" valign="middle">70</entry><entry VJ="1" colname="col2" valign="middle">3,2</entry></row><row><entry VJ="1" colname="col1" valign="middle">68 und 69</entry><entry VJ="1" colname="col2" valign="middle">3,3</entry></row><row><entry VJ="1" colname="col1" valign="middle">67</entry><entry VJ="1" colname="col2" valign="middle">3,4</entry></row><row><entry VJ="1" colname="col1" valign="middle">65 und 66</entry><entry VJ="1" colname="col2" valign="middle">3,5</entry><entry VJ="1" colname="col3" morerows="9" valign="middle">ausreichend</entry><entry VJ="1" colname="col4" morerows="9" valign="middle">eine Leistung, die zwar Mängel aufweist, aber im Ganzen den Anforderungen noch entspricht</entry></row><row><entry VJ="1" colname="col1" valign="middle">63 und 64</entry><entry VJ="1" colname="col2" valign="middle">3,6</entry></row><row><entry VJ="1" colname="col1" valign="middle">62</entry><entry VJ="1" colname="col2" valign="middle">3,7</entry></row><row><entry VJ="1" colname="col1" valign="middle">60 und 61</entry><entry VJ="1" colname="col2" valign="middle">3,8</entry></row><row><entry VJ="1" colname="col1" valign="middle">58 und 59</entry><entry VJ="1" colname="col2" valign="middle">3,9</entry></row><row><entry VJ="1" colname="col1" valign="middle">56 und 57</entry><entry VJ="1" colname="col2" valign="middle">4,0</entry></row><row><entry VJ="1" colname="col1" valign="middle">55</entry><entry VJ="1" colname="col2" valign="middle">4,1</entry></row><row><entry VJ="1" colname="col1" valign="middle">53 und 54</entry><entry VJ="1" colname="col2" valign="middle">4,2</entry></row><row><entry VJ="1" colname="col1" valign="middle">51 und 52</entry><entry VJ="1" colname="col2" valign="middle">4,3</entry></row><row><entry VJ="1" colname="col1" valign="middle">50</entry><entry VJ="1" colname="col2" valign="middle">4,4</entry></row><row><entry VJ="1" colname="col1" valign="middle">48 und 49</entry><entry VJ="1" colname="col2" valign="middle">4,5</entry><entry VJ="1" colname="col3" morerows="9" valign="middle">mangelhaft</entry><entry VJ="1" colname="col4" morerows="9" valign="middle">eine Leistung, die den Anforderungen nicht entspricht, jedoch erkennen lässt, dass gewisse Grundkenntnisse noch vorhanden sind</entry></row><row><entry VJ="1" colname="col1" valign="middle">46 und 47</entry><entry VJ="1" colname="col2" valign="middle">4,6</entry></row><row><entry VJ="1" colname="col1" valign="middle">44 und 45</entry><entry VJ="1" colname="col2" valign="middle">4,7</entry></row><row><entry VJ="1" colname="col1" valign="middle">42 und 43</entry><entry VJ="1" colname="col2" valign="middle">4,8</entry></row><row><entry VJ="1" colname="col1" valign="middle">40 und 41</entry><entry VJ="1" colname="col2" valign="middle">4,9</entry></row><row><entry VJ="1" colname="col1" valign="middle">38 und 39</entry><entry VJ="1" colname="col2" valign="middle">5,0</entry></row><row><entry VJ="1" colname="col1" valign="middle">36 und 37</entry><entry VJ="1" colname="col2" valign="middle">5,1</entry></row><row><entry VJ="1" colname="col1" valign="middle">34 und 35</entry><entry VJ="1" colname="col2" valign="middle">5,2</entry></row><row><entry VJ="1" colname="col1" valign="middle">32 und 33</entry><entry VJ="1" colname="col2" valign="middle">5,3</entry></row><row><entry VJ="1" colname="col1" valign="middle">30 und 31</entry><entry VJ="1" colname="col2" valign="middle">5,4</entry></row><row><entry VJ="1" colname="col1" valign="middle">25 bis 29</entry><entry VJ="1" colname="col2" valign="middle">5,5</entry><entry VJ="1" colname="col3" morerows="5" valign="middle">ungenügend</entry><entry VJ="1" colname="col4" morerows="5" valign="middle">eine Leistung, die den Anforderungen nicht entspricht und bei der selbst Grundkenntnisse fehlen</entry></row><row><entry VJ="1" colname="col1" valign="middle">20 bis 24</entry><entry VJ="1" colname="col2" valign="middle">5,6</entry></row><row><entry VJ="1" colname="col1" valign="middle">15 bis 19</entry><entry VJ="1" colname="col2" valign="middle">5,7</entry></row><row><entry VJ="1" colname="col1" valign="middle">10 bis 14</entry><entry VJ="1" colname="col2" valign="middle">5,8</entry></row><row><entry VJ="1" colname="col1" valign="middle">5 bis 9</entry><entry VJ="1" colname="col2" valign="middle">5,9</entry></row><row><entry VJ="1" colname="col1" valign="middle">0 bis 4</entry><entry VJ="1" colname="col2" valign="middle">6,0</entry></row></tbody></tgroup></table></Content></text><fussnoten><Content><P>(+++ Zur Anwendung vgl. §§ 1 u. 3 FortbVenÄndV6AnwV +++)</P></Content></fussnoten></textdaten></norm>
<norm builddate="20200403212522" doknr="BJNR050900014BJNE001301128"><metadaten><jurabk>EzHdlFachwPrV</jurabk><enbez>Anlage 2</enbez><titel format="XML">(zu § 8)<BR/>Zeugnisinhalte</titel></metadaten><textdaten><text format="XML"><Content><P><noindex><kommentar typ="Fundstelle">(Fundstelle: BGBl. I 2019, 2395 – 2396)</kommentar></noindex><BR/><BR/></P><P><SP>Teil A – Zeugnis ohne Prüfungsergebnisse:</SP><DL Font="normal" Type="arabic"><DT>1.</DT><DD Font="normal"><LA Size="normal">Bezeichnung der ausstellenden Behörde,</LA></DD><DT>2.</DT><DD Font="normal"><LA Size="normal">Name und Geburtsdatum der geprüften Person,</LA></DD><DT>3.</DT><DD Font="normal"><LA Size="normal">Datum des Bestehens der Prüfung,</LA></DD><DT>4.</DT><DD Font="normal"><LA Size="normal">Bezeichnung des erworbenen Fortbildungsabschlusses nach § 1 Absatz 3,</LA></DD><DT>5.</DT><DD Font="normal"><LA Size="normal">Bezeichnung und Fundstelle dieser Fortbildungsordnung nach den Angaben im Bundesgesetzblatt unter Berücksichtigung erfolgter Änderungen dieser Verordnung,</LA></DD><DT>6.</DT><DD Font="normal"><LA Size="normal">Datum der Ausstellung des Zeugnisses samt Unterschrift der zuständigen Stelle.</LA></DD></DL></P><P><SP>Teil B – Zeugnis mit Prüfungsergebnissen:</SP></P><P>Alle Angaben des Teils A sowie zusätzlich: <DL Font="normal" Type="arabic"><DT>1.</DT><DD Font="normal"><LA Size="normal">zum Prüfungsteil „schriftliche Prüfung“ <DL Font="normal" Type="alpha"><DT>a)</DT><DD Font="normal"><LA Size="normal">Benennung der Handlungsbereiche in der ersten und zweiten Teilprüfung,</LA></DD><DT>b)</DT><DD Font="normal"><LA Size="normal">die zusammengefasste Bewertung dieses Prüfungsteils mit Punkten und Note,</LA></DD><DT>c)</DT><DD Font="normal"><LA Size="normal">Bewertung der beiden betrieblichen Situationsaufgaben jeweils mit Punkten,</LA></DD></DL></LA></DD><DT>2.</DT><DD Font="normal"><LA Size="normal">zum Prüfungsteil „mündliche Prüfung“ die zusammengefasste Bewertung dieses Prüfungsteils mit Punkten und Note,</LA></DD><DT>3.</DT><DD Font="normal"><LA Size="normal">die errechnete Gesamtpunktzahl für die gesamte Prüfung,</LA></DD><DT>4.</DT><DD Font="normal"><LA Size="normal">die Gesamtnote als Dezimalzahl,</LA></DD><DT>5.</DT><DD Font="normal"><LA Size="normal">die Gesamtnote in Worten,</LA></DD><DT>6.</DT><DD Font="normal"><LA Size="normal">Befreiungen nach § 5,</LA></DD><DT>7.</DT><DD Font="normal"><LA Size="normal">Bescheinigung der Befreiung vom schriftlichen Teil der Prüfung nach der Ausbilder-Eignungsverordnung nach § 10.</LA></DD></DL></P></Content></text><fussnoten><Content><P>(+++ Zur Anwendung vgl. §§ 1 u. 3 FortbVenÄndV6AnwV +++)</P></Content></fussnoten></textdaten></norm>
</dokumente>