<?xml version="1.0" encoding="UTF-8" ?><!DOCTYPE dokumente SYSTEM "http://www.gesetze-im-internet.de/dtd/1.01/gii-norm.dtd">
<dokumente builddate="20120808043346" doknr="BJNR009469969"><norm builddate="20120808043346" doknr="BJNR009469969"><metadaten><jurabk>LFZ/KVRÄndG</jurabk><ausfertigung-datum manuell="ja">1969-07-27</ausfertigung-datum><fundstelle typ="amtlich"><periodikum>BGBl I</periodikum><zitstelle>1969, 946</zitstelle></fundstelle><langue>Gesetz über die Fortzahlung des Arbeitsentgelts im Krankheitsfall und
über Änderungen des Rechts der gesetzlichen Krankenversicherung</langue><standangabe checked="ja"><standtyp>Stand</standtyp><standkommentar>Geändert durch Art. 22 Nr. 6 G v. 22.12.1983 I 1532</standkommentar></standangabe></metadaten><textdaten><fussnoten><Content><P>(+++ Textnachweis ab: 1.1.1970 +++)</P><P><BR/> Art. 1: LFZG 800-19-2</P></Content></fussnoten></textdaten></norm>
<norm builddate="20120808043346" doknr="BJNR009469969BJNE000500311"><metadaten><jurabk>LFZ/KVRÄndG</jurabk><gliederungseinheit><gliederungskennzahl>000</gliederungskennzahl><gliederungsbez>-</gliederungsbez></gliederungseinheit><enbez>Eingangsformel</enbez></metadaten><textdaten><text format="XML"><Content><P>Der Bundestag hat mit Zustimmung des Bundesrates das folgende Gesetz beschlossen:</P></Content></text></textdaten></norm>
<norm builddate="20120808043346" doknr="BJNR009469969BJNG000100311"><metadaten><jurabk>LFZ/KVRÄndG</jurabk><gliederungseinheit><gliederungskennzahl>010</gliederungskennzahl><gliederungsbez>Art 1</gliederungsbez></gliederungseinheit></metadaten><textdaten><text format="XML"><Content><P/></Content></text><fussnoten/></textdaten></norm>
<norm builddate="20120808043346" doknr="BJNR009469969BJNG000200311"><metadaten><jurabk>LFZ/KVRÄndG</jurabk><gliederungseinheit><gliederungskennzahl>020</gliederungskennzahl><gliederungsbez>Art 2</gliederungsbez></gliederungseinheit></metadaten><textdaten><text format="XML"><Content><P/></Content></text><fussnoten/></textdaten></norm>
<norm builddate="20120808043346" doknr="BJNR009469969BJNG000300311"><metadaten><jurabk>LFZ/KVRÄndG</jurabk><gliederungseinheit><gliederungskennzahl>030</gliederungskennzahl><gliederungsbez>Art 3</gliederungsbez></gliederungseinheit></metadaten><textdaten><text format="XML"><Content><P/></Content></text><fussnoten/></textdaten></norm>
<norm builddate="20120808043346" doknr="BJNR009469969BJNG000400311"><metadaten><jurabk>LFZ/KVRÄndG</jurabk><gliederungseinheit><gliederungskennzahl>040</gliederungskennzahl><gliederungsbez>Art 4</gliederungsbez><gliederungstitel>Übergangs- und Schlußvorschriften</gliederungstitel></gliederungseinheit></metadaten><textdaten><text format="XML"><Content><P/></Content></text></textdaten></norm>
<norm builddate="20120808043346" doknr="BJNR009469969BJNE000600311"><metadaten><jurabk>LFZ/KVRÄndG</jurabk><gliederungseinheit><gliederungskennzahl>040</gliederungskennzahl><gliederungsbez>Art 4</gliederungsbez></gliederungseinheit><enbez>§ 1</enbez></metadaten><textdaten><text format="XML"><Content><P>-</P></Content></text><fussnoten/></textdaten></norm>
<norm builddate="20120808043346" doknr="BJNR009469969BJNE000700311"><metadaten><jurabk>LFZ/KVRÄndG</jurabk><gliederungseinheit><gliederungskennzahl>040</gliederungskennzahl><gliederungsbez>Art 4</gliederungsbez></gliederungseinheit><enbez>§ 2</enbez><titel format="parat">Abweichende Vereinbarungen</titel></metadaten><textdaten><text format="XML"><Content><P>Im Zeitpunkt des Inkrafttretens dieses Gesetzes bestehende, von seinen Vorschriften abweichende Vereinbarungen bleiben unberührt, soweit sie nach § 2 Abs. 3 und § 9 des Lohnfortzahlungsgesetzes zulässig sind.</P></Content></text><fussnoten/></textdaten></norm>
<norm builddate="20120808043346" doknr="BJNR009469969BJNE000800311"><metadaten><jurabk>LFZ/KVRÄndG</jurabk><gliederungseinheit><gliederungskennzahl>040</gliederungskennzahl><gliederungsbez>Art 4</gliederungsbez></gliederungseinheit><enbez>§ 3</enbez></metadaten><textdaten><text format="XML"><Content><P>-</P></Content></text><fussnoten/></textdaten></norm>
<norm builddate="20120808043346" doknr="BJNR009469969BJNE000900311"><metadaten><jurabk>LFZ/KVRÄndG</jurabk><gliederungseinheit><gliederungskennzahl>040</gliederungskennzahl><gliederungsbez>Art 4</gliederungsbez></gliederungseinheit><enbez>§ 4</enbez></metadaten><textdaten><text format="XML"><Content><P>-</P></Content></text><fussnoten/></textdaten></norm>
<norm builddate="20120808043346" doknr="BJNR009469969BJNE001000311"><metadaten><jurabk>LFZ/KVRÄndG</jurabk><gliederungseinheit><gliederungskennzahl>040</gliederungskennzahl><gliederungsbez>Art 4</gliederungsbez></gliederungseinheit><enbez>§ 5</enbez></metadaten><textdaten><text format="XML"><Content><P>-</P></Content></text><fussnoten/></textdaten></norm>
<norm builddate="20120808043346" doknr="BJNR009469969BJNE001101306"><metadaten><jurabk>LFZ/KVRÄndG</jurabk><gliederungseinheit><gliederungskennzahl>040</gliederungskennzahl><gliederungsbez>Art 4</gliederungsbez></gliederungseinheit><enbez>§ 6</enbez></metadaten><textdaten><text format="XML"><Content><P>-</P></Content></text><fussnoten/></textdaten></norm>
<norm builddate="20120808043346" doknr="BJNR009469969BJNE001200311"><metadaten><jurabk>LFZ/KVRÄndG</jurabk><gliederungseinheit><gliederungskennzahl>040</gliederungskennzahl><gliederungsbez>Art 4</gliederungsbez></gliederungseinheit><enbez>§ 7</enbez><titel format="parat">Verweisungen</titel></metadaten><textdaten><text format="XML"><Content><P><I>Soweit in anderen Bestimmungen auf Vorschriften verwiesen wird oder Bezeichnungen verwendet werden, die durch dieses Gesetz aufgehoben oder geändert werden, treten an ihre Stelle die entsprechenden Vorschriften oder Bezeichnungen dieses Gesetzes.</I></P></Content></text><fussnoten/></textdaten></norm>
<norm builddate="20120808043346" doknr="BJNR009469969BJNE001300311"><metadaten><jurabk>LFZ/KVRÄndG</jurabk><gliederungseinheit><gliederungskennzahl>040</gliederungskennzahl><gliederungsbez>Art 4</gliederungsbez></gliederungseinheit><enbez>§ 8</enbez><titel format="parat">Berlin-Klausel</titel></metadaten><textdaten><text format="XML"><Content><P>Dieses Gesetz gilt mit Ausnahme des Artikels 3 § 5 nach Maßgabe des § 13 Abs. 1 des Dritten Überleitungsgesetzes vom 4. Januar 1952 (Bundesgesetzblatt I S. 1) auch im Land Berlin. Rechtsverordnungen, die auf Grund dieses Gesetzes erlassen werden, gelten im Land Berlin nach § 14 des dritten Überleitungsgesetzes.</P></Content></text></textdaten></norm>
<norm builddate="20120808043346" doknr="BJNR009469969BJNE001400311"><metadaten><jurabk>LFZ/KVRÄndG</jurabk><gliederungseinheit><gliederungskennzahl>040</gliederungskennzahl><gliederungsbez>Art 4</gliederungsbez></gliederungseinheit><enbez>§ 9</enbez><titel format="parat">Inkrafttreten</titel></metadaten><textdaten><text format="XML"><Content><P>(1) Dieses Gesetz tritt am 1. Januar 1970 in Kraft. Artikel 2 Nr. 2, 3, 5, 6 Buchstaben b und c, Nr. 12, 13 und 16 treten am 1. August 1969 in Kraft.</P><P>(2)</P></Content> </text><fussnoten/></textdaten></norm>
</dokumente>