<?xml version="1.0" encoding="UTF-8" ?><!DOCTYPE dokumente SYSTEM "http://www.gesetze-im-internet.de/dtd/1.01/gii-norm.dtd">
<dokumente builddate="20140128221514" doknr="BJNR295320002"><norm builddate="20140128221514" doknr="BJNR295320002"><metadaten><jurabk>OstseeschutzÄndV 1</jurabk><ausfertigung-datum manuell="ja">2002-12-19</ausfertigung-datum><fundstelle typ="amtlich"><periodikum>BGBl II</periodikum><zitstelle>2002, 2953</zitstelle></fundstelle><kurzue>1. Ostseeschutz-Änderungsverordnung</kurzue><langue>Erste Verordnung zu Änderungen der Anlagen III und IV zum Übereinkommen
von 1992 über den Schutz der Meeresumwelt des Ostseegebiets</langue><standangabe checked="ja"><standtyp>Stand</standtyp><standkommentar>Zuletzt geändert durch Art. 6 V v. 23.1.2014 I 78</standkommentar></standangabe></metadaten><textdaten><fussnoten><Content><P>(+++ Textnachweis ab: 28.12.2002 +++)</P></Content></fussnoten></textdaten></norm>
<norm builddate="20140128221514" doknr="BJNR295320002BJNE000100308"><metadaten><jurabk>OstseeschutzÄndV 1</jurabk><enbez>Eingangsformel</enbez></metadaten><textdaten><text format="XML"><Content><P>Es verordnen <BR/>auf Grund des Artikels 2 Nr. 1 Buchstabe b des Gesetzes vom 23. August 1994 zu internationalen Übereinkommen über den Schutz der Meeresumwelt des Ostseegebiets und des Nordostatlantiks (BGBl. 1994 II S. 1355), der durch Artikel 56 der Verordnung vom 29. Oktober 2001 (BGBl. I S. 2785) geändert worden ist, in Verbindung mit § 1 des Zuständigkeitsanpassungsgesetzes vom 16. August 2002 (BGBl. I S. 3165) und dem Organisationserlass vom 22. Oktober 2002 (BGBl. I S. 4206) das Bundesministerium für Umwelt, Naturschutz und Reaktorsicherheit im Einvernehmen mit dem Bundesministerium für Verkehr, Bau- und Wohnungswesen und dem Bundesministerium für Wirtschaft und Arbeit <BR/>sowie <BR/>auf Grund des § 9 Abs. 1 Satz 1 Nr. 2 und 4, Abs. 2 Satz 1 Nr. 1 des Seeaufgabengesetzes in der Fassung der Bekanntmachung vom 26. Juli 2002 (BGBl. I S. 2876) und auf Grund des § 36 Abs. 3 des Gesetzes über Ordnungswidrigkeiten in der Fassung der Bekanntmachung vom 19. Februar 1987 (BGBl. I S. 602), der zuletzt durch Artikel 1 des Gesetzes vom 26. Januar 1998 (BGBl. I S. 156) geändert worden ist, das Bundesministerium für Verkehr, Bau- und Wohnungswesen:</P></Content></text></textdaten></norm>
<norm builddate="20140128221514" doknr="BJNR295320002BJNE000200308"><metadaten><jurabk>OstseeschutzÄndV 1</jurabk><enbez>Art 1</enbez></metadaten><textdaten><text format="XML"><Content><P>-</P></Content></text><fussnoten/></textdaten></norm>
<norm builddate="20140128221514" doknr="BJNR295320002BJNE000301310"><metadaten><jurabk>OstseeschutzÄndV 1</jurabk><enbez>Art 2</enbez></metadaten><textdaten><text format="XML"><Content><P>(weggefallen)</P></Content></text><fussnoten/></textdaten></norm>
<norm builddate="20140128221514" doknr="BJNR295320002BJNE000401116"><metadaten><jurabk>OstseeschutzÄndV 1</jurabk><enbez>Art 3</enbez><titel format="XML">(weggefallen)</titel></metadaten><textdaten><text format="XML"><Content><P/></Content></text><fussnoten/></textdaten></norm>
<norm builddate="20140128221514" doknr="BJNR295320002BJNE000501116"><metadaten><jurabk>OstseeschutzÄndV 1</jurabk><enbez>Art 4</enbez><titel format="XML">(weggefallen)</titel></metadaten><textdaten><text format="XML"><Content><P/></Content></text><fussnoten/></textdaten></norm>
<norm builddate="20140128221514" doknr="BJNR295320002BJNE000601310"><metadaten><jurabk>OstseeschutzÄndV 1</jurabk><enbez>Art 5</enbez></metadaten><textdaten><text format="XML"><Content><P>(weggefallen)</P></Content></text><fussnoten/></textdaten></norm>
<norm builddate="20140128221514" doknr="BJNR295320002BJNE000700308"><metadaten><jurabk>OstseeschutzÄndV 1</jurabk><enbez>Art 6</enbez><titel format="parat">Entsorgung von Schiffsabfällen</titel></metadaten><textdaten><text format="XML"><Content><P>Alle Schiffe sind verpflichtet, vor dem Verlassen eines Hafens alle Schiffsabfälle, im Ostseegebiet nicht ins Meer beseitigt werden dürfen, in Übereinstimmung mit dem Internationalen Übereinkommen von 1973 zur Verhütung der Meeresverschmutzung durch Schiffe in der Fassung des Protokolls von 1978 (MARPOL 73/78) nach der amtlichen deutschen Übersetzung vom 12. März 1996 (BGBl. 1996 II S. 399), zuletzt geändert durch die Sechste Inkraftsetzungsverordnung Umweltschutz-See vom 19. Dezember 2002 (BGBl. 2002 II S. 2942) und dem Übereinkommen von 1992 über den Schutz der Meeresumwelt des Ostseegebiets (BGBl. 1994 II S. 1355, 1397) in eine Hafenauffanganlage zu entsorgen. Dies gilt entsprechen für alle Ladungsrückstände. Die Länder können Ausnahmen im Rahmen ihrer Kompetenzen bestimmen.</P></Content></text></textdaten></norm>
<norm builddate="20140128221514" doknr="BJNR295320002BJNE000901116"><metadaten><jurabk>OstseeschutzÄndV 1</jurabk><enbez>Art 7</enbez><titel format="XML">(weggefallen)</titel></metadaten><textdaten><text format="XML"><Content><P/></Content></text><fussnoten/></textdaten></norm>
<norm builddate="20140128221514" doknr="BJNR295320002BJNE001000308"><metadaten><jurabk>OstseeschutzÄndV 1</jurabk><enbez>Art 8</enbez></metadaten><textdaten><text format="XML"><Content><P>-</P></Content></text><fussnoten/></textdaten></norm>
<norm builddate="20140128221514" doknr="BJNR295320002BJNE001100308"><metadaten><jurabk>OstseeschutzÄndV 1</jurabk><enbez>Art 9</enbez><titel format="parat">Inkrafttreten</titel></metadaten><textdaten><text format="XML"><Content><P>(1) Diese Verordnung tritt vorbehaltlich der Absätze 2 und 3 am Tag nach der Verkündung in Kraft. Die in Artikel 1 bezeichneten Änderungen sind für die Bundesrepublik Deutschland in Kraft getreten und werden innerstaatlich nach Maßgabe dieser Verordnung angewendet.</P><P>(2) Artikel 2 Satz 2 und Artikel 5 Abs. 1 und 2 Satz 1 treten <DL Font="normal" Type="arabic"><DT>1.</DT><DD Font="normal"><LA Size="normal">für Schiffe, die vor dem 1. Januar 2003 gebaut sind, am 1. Januar 2005,</LA></DD> <DT>2.</DT><DD Font="normal"><LA Size="normal">für Schiffe, die vom 1. Januar 2003 an gebaut werden, am 1. Januar 2003 in Kraft.</LA></DD> </DL> </P><P>(3) Die Artikel 6 und 7 Abs. 1 Nr. 3 treten am 1. Januar 2003 in Kraft.</P></Content> </text></textdaten></norm>
<norm builddate="20140128221514" doknr="BJNR295320002BJNE001200308"><metadaten><jurabk>OstseeschutzÄndV 1</jurabk><enbez>Schlussformel</enbez></metadaten><textdaten><text format="XML"><Content><P>Der Bundesrat hat zugestimmt.</P></Content></text></textdaten></norm>
</dokumente>