<?xml version="1.0" encoding="UTF-8" ?><!DOCTYPE dokumente SYSTEM "http://www.gesetze-im-internet.de/dtd/1.01/gii-norm.dtd">
<dokumente builddate="20120625150208" doknr="BJNR260000007"><norm builddate="20120625150208" doknr="BJNR260000007"><metadaten><jurabk>PrfgZFortbAUTV</jurabk><ausfertigung-datum manuell="ja">2007-11-13</ausfertigung-datum><fundstelle typ="amtlich"><periodikum>BGBl I</periodikum><zitstelle>2007, 2600</zitstelle></fundstelle><langue>Verordnung über die Gleichstellung österreichischer Prüfungszeugnisse mit Zeugnissen über anerkannte Fortbildungsabschlüsse</langue></metadaten><textdaten><fussnoten><Content><P><BR/> <pre xml:space="preserve">(+++ Textnachweis ab: 29.11.2007 +++)<BR/><BR/></pre></P></Content></fussnoten></textdaten></norm>
<norm builddate="20120625150208" doknr="BJNR260000007BJNE000100000"><metadaten><jurabk>PrfgZFortbAUTV</jurabk><enbez>Eingangsformel</enbez></metadaten><textdaten><text format="XML"><Content><P>Auf Grund des § 57 des Berufsbildungsgesetzes vom 23. März 2005 (BGBl. I S. 931), der durch Artikel 232 Nr. 1 der Verordnung vom 31. Oktober 2006 (BGBl. I S. 2407, 2007 I S. 2149) geändert worden ist, und auf Grund des § 42d der Handwerksordnung in der Fassung der Bekanntmachung vom 24. September 1998 (BGBl. I S. 3074, 2006 I S. 2095), der durch Artikel 2 Nr. 17 des Gesetzes vom 23. März 2005 (BGBl. I S. 931) neu gefasst und durch Artikel 146 der Verordnung vom 31. Oktober 2006 (BGBl. I S. 2407, 2007 I S. 2149) geändert worden ist, verordnen das Bundesministerium für Wirtschaft und Technologie und das Bundesministerium für Bildung und Forschung nach Anhörung des Hauptausschusses des Bundesinstituts für Berufsbildung:</P></Content></text></textdaten></norm>
<norm builddate="20120625150208" doknr="BJNR260000007BJNE000200000"><metadaten><jurabk>PrfgZFortbAUTV</jurabk><enbez>§ 1</enbez><titel format="XML">Zweck der Verordnung</titel></metadaten><textdaten><text format="XML"><Content><P>Diese Verordnung dient der Umsetzung des Abkommens zwischen der Regierung der Bundesrepublik Deutschland und der Regierung der Republik Österreich über die Zusammenarbeit in der beruflichen Bildung und über die gegenseitige Anerkennung der Gleichwertigkeit von beruflichen Prüfungszeugnissen vom 27. November 1989 (BGBl. II 1991 S. 712).</P></Content></text></textdaten></norm>
<norm builddate="20120625150208" doknr="BJNR260000007BJNE000300000"><metadaten><jurabk>PrfgZFortbAUTV</jurabk><enbez>§ 2</enbez><titel format="XML">Gleichstellung von Prüfungszeugnissen</titel></metadaten><textdaten><text format="XML"><Content><P>Österreichische Zeugnisse über das Bestehen der Abschlussprüfung werden den deutschen Zeugnissen über anerkannte Fortbildungsabschlüsse nach Maßgabe der in der Anlage enthaltenen Aufstellung gleichgestellt.</P></Content></text></textdaten></norm>
<norm builddate="20120625150208" doknr="BJNR260000007BJNE000400000"><metadaten><jurabk>PrfgZFortbAUTV</jurabk><enbez>§ 3</enbez><titel format="XML">Inkrafttreten</titel></metadaten><textdaten><text format="XML"><Content><P>Diese Verordnung tritt am Tag nach der Verkündung in Kraft.</P></Content></text></textdaten></norm>
<norm builddate="20120625150208" doknr="BJNR260000007BJNE000500000"><metadaten><jurabk>PrfgZFortbAUTV</jurabk><enbez>Schlussformel</enbez></metadaten><textdaten><text format="XML"><Content><P>Der Bundesrat hat zugestimmt.</P></Content></text></textdaten></norm>
<norm builddate="20120625150208" doknr="BJNR260000007BJNE000600000"><metadaten><jurabk>PrfgZFortbAUTV</jurabk><enbez>Anlage</enbez><titel format="XML">(zu § 2)</titel></metadaten><textdaten><text format="XML"><Content><kommentar typ="Fundstelle">( Fundstelle: BGBl. I 2007, 2601 )</kommentar><BR/><BR/><table frame="all" tocentry="%yes;"><tgroup align="left" char="" charoff="50" cols="3"><colspec colname="col1" colnum="1" colwidth="1*"/><colspec colname="col2" colnum="2" colwidth="12*"/><colspec colname="col3" colnum="3" colwidth="12*"/><thead valign="bottom"><row><entry VJ="1" align="center" colsep="0" nameend="col2" namest="col1" rowsep="1" valign="top">Bezeichnung des<BR/> österreichischen Zeugnisses</entry><entry VJ="1" align="center" colname="col3" colsep="0" rowsep="1" valign="top">Bezeichnung des<BR/> deutschen Prüfungszeugnisses</entry></row></thead><tbody valign="top"><row><entry VJ="1" align="left" colsep="0" nameend="col2" namest="col1" rowsep="1" valign="top">Jahres- und Abschlusszeugnis oder Abschlussprüfungszeugnis über das Bestehen der Werkmeisterschulen für Berufstätige für</entry><entry VJ="1" align="left" colname="col3" colsep="0" rowsep="1" valign="top">Zeugnis über das Bestehen der Prüfung zum anerkannten Abschluss</entry></row><row><entry VJ="1" align="left" colname="col1" colsep="0" rowsep="1" valign="top">1.</entry><entry VJ="1" align="left" colname="col2" colsep="0" rowsep="1" valign="top">Bauwesen</entry><entry VJ="1" align="left" colname="col3" colsep="0" rowsep="1" valign="top">Geprüfter Polier</entry></row><row><entry VJ="1" align="left" colname="col1" colsep="0" rowsep="1" valign="top">2.</entry><entry VJ="1" align="left" colname="col2" colsep="0" rowsep="1" valign="top">Elektrotechnik</entry><entry VJ="1" align="left" colname="col3" colsep="0" rowsep="1" valign="top">Geprüfter Industriemeister/<BR/>Geprüfte Industriemeisterin<BR/>Fachrichtung Elektrotechnik</entry></row><row><entry VJ="1" align="left" colname="col1" colsep="0" rowsep="1" valign="top">3.</entry><entry VJ="1" align="left" colname="col2" colsep="0" rowsep="1" valign="top">Kunststofftechnik</entry><entry VJ="1" align="left" colname="col3" colsep="0" rowsep="1" valign="top">Geprüfter Industriemeister/<BR/>Geprüfte Industriemeisterin<BR/>Fachrichtung Kunststoff und<BR/>Kautschuk</entry></row><row><entry VJ="1" align="left" colname="col1" colsep="0" rowsep="1" valign="top">4.</entry><entry VJ="1" align="left" colname="col2" colsep="0" rowsep="1" valign="top">Papierindustrie</entry><entry VJ="1" align="left" colname="col3" colsep="0" rowsep="1" valign="top">Geprüfter Industriemeister/<BR/>Geprüfte Industriemeisterin<BR/>Fachrichtung Papiererzeugung</entry></row><row><entry VJ="1" align="left" colname="col1" colsep="0" valign="top">5.</entry><entry VJ="1" align="left" colname="col2" colsep="0" valign="top">Technische Chemie und<BR/> Umwelttechnik</entry><entry VJ="1" align="left" colname="col3" colsep="0" valign="top">Geprüfter Industriemeister/<BR/>Geprüfte Industriemeisterin<BR/>Fachrichtung Chemie</entry></row></tbody></tgroup></table></Content></text></textdaten></norm>
</dokumente>