<?xml version="1.0" encoding="UTF-8" ?><!DOCTYPE dokumente SYSTEM "http://www.gesetze-im-internet.de/dtd/1.01/gii-norm.dtd">
<dokumente builddate="20131119220011" doknr="BJNR223300013"><norm builddate="20131119220011" doknr="BJNR223300013"><metadaten><jurabk>FluthilfeMedErl 2013</jurabk><ausfertigung-datum manuell="ja">2013-07-02</ausfertigung-datum><fundstelle typ="amtlich"><periodikum>BGBl I</periodikum><zitstelle>2013, 2233</zitstelle></fundstelle><langue>Gemeinsamer Erlass des Bundesministers des Innern und des Bundesministers der Verteidigung über die Stiftung der Einsatzmedaille „Fluthilfe 2013“</langue></metadaten><textdaten><fussnoten><Content><P><BR/> <pre xml:space="preserve">(+++ Textnachweis ab: 13.7.2013 +++)<BR/>(+++ Text der Verordnung siehe: OrdenErl 2013 +++)<BR/><BR/></pre></P></Content></fussnoten></textdaten></norm>
<norm builddate="20131119220011" doknr="BJNR223300013BJNE000100000"><metadaten><jurabk>FluthilfeMedErl 2013</jurabk><enbez>Art 1</enbez><titel format="XML">Stiftung</titel></metadaten><textdaten><text format="XML"><Content><P>Als Dank und in Anerkennung für besonders aufopferungsvolle Hilfe bei der Abwehr von Gefahren und der Beseitigung von Schäden anlässlich der Flutkatastrophe Ende Mai und im Juni 2013 in der Bundesrepublik Deutschland stiften der Bundesminister des Innern und der Bundesminister der Verteidigung für haupt- und ehrenamtliche Einsatzkräfte des Technischen Hilfswerkes, Angehörige der Bundespolizei und der Bundeswehr sowie für Dritte aufgrund ihrer besonderen Verdienste in der Zusammenarbeit mit dem Technischen Hilfswerk, der Bundespolizei und der Bundeswehr gemeinsam die</P><P>Einsatzmedaille „Fluthilfe 2013“.</P></Content></text></textdaten></norm>
<norm builddate="20131119220011" doknr="BJNR223300013BJNE000200000"><metadaten><jurabk>FluthilfeMedErl 2013</jurabk><enbez>Art 2</enbez><titel format="XML">Gestaltung</titel></metadaten><textdaten><text format="XML"><Content><P>(1) Das Ehrenzeichen hat die Form einer runden, silberfarbenen Medaille. Auf der Vorderseite ist eine stilisierte Flutwelle an halb versunkenen Häusern dargestellt. Der untere Teil der Medaille trägt die Angabe „Fluthilfe 2013“. Die Rückseite trägt in der Mitte den Bundesadler und im unteren Teil die Worte „Dank und Anerkennung“. Der dunkelblaue Mittelteil des Medaillenbandes ist beidseitig von den Bundesfarben schwarz-rot-gold eingefasst.</P><P>(2) Die verkleinerte Form und der Bandsteg tragen die Farben des Medaillenbandes mit aufgesetzter verkleinerter Vorderseite der Medaille.</P></Content></text></textdaten></norm>
<norm builddate="20131119220011" doknr="BJNR223300013BJNE000300000"><metadaten><jurabk>FluthilfeMedErl 2013</jurabk><enbez>Art 3</enbez><titel format="XML">Verleihung und Trageweise</titel></metadaten><textdaten><text format="XML"><Content><P>(1) Das Ehrenzeichen verleiht <DL Type="Dash"><DT>–</DT><DD Font="normal"><LA>der Bundesminister des Innern an haupt- und ehrenamtliche Einsatzkräfte des Technischen Hilfswerkes und an Angehörige der Bundespolizei sowie an Dritte, die mit dem Technischen Hilfswerk und der Bundespolizei zusammengearbeitet haben,</LA></DD><DT>–</DT><DD Font="normal"><LA>der Bundesminister der Verteidigung an Angehörige der Bundeswehr, an Angehörige ausländischer Streitkräfte sowie an Dritte, die mit der Bundeswehr und den ausländischen Streitkräften zusammengearbeitet haben.</LA></DD></DL></P><P>(2) Das Ehrenzeichen wird für mindestens einen ganztägigen Einsatz vor Ort, beginnend mit dem 30. Mai 2013, im Hochwasser- und Flutkatastrophengebiet an Donau und Elbe sowie ihren Nebenflüssen verliehen. In begründeten Ausnahmefällen sind Abweichungen zulässig.</P><P>(3) Als sichtbares Zeichen der allgemeinen Anerkennung kann das Ehrenzeichen, die Verkleinerung oder der Bandsteg an der linken Brustseite getragen werden.</P><P>(4) Die Ausgezeichneten erhalten neben dem Ehrenzeichen eine Verleihungsurkunde mit der Unterschrift des Bundesministers des Innern oder des Bundesministers der Verteidigung und dem kleinen Dienstsiegel. Für die Verleihungsurkunde gilt das Muster der Anlage.</P><P>(5) Die Ehrenzeichen gehen in das Eigentum der Ausgezeichneten über.</P></Content></text></textdaten></norm>
<norm builddate="20131119220011" doknr="BJNR223300013BJNE000400000"><metadaten><jurabk>FluthilfeMedErl 2013</jurabk><enbez>Art 4</enbez><titel format="XML">Vorschlagsberechtigung</titel></metadaten><textdaten><text format="XML"><Content><P>(1) Für die Angehörigen der Bundespolizei sind die Präsidenten der dem Bundespolizeipräsidium nachgeordneten Bundespolizeibehörden und der Präsident des Bundespolizeipräsidiums, für die haupt- und ehrenamtlichen Einsatzkräfte des Technischen Hilfswerkes die Landesbeauftragten der Bundesanstalt Technisches Hilfswerk über den Präsidenten oder die Präsidentin der Bundesanstalt Technisches Hilfswerk vorschlagsberechtigt. Vorschläge für Dritte stimmen die Vorschlagsberechtigten untereinander ab.</P><P>(2) Für die Angehörigen der Bundeswehr sind für den Auszeichnungsvorschlag von Soldatinnen und Soldaten die nächsten Disziplinarvorgesetzten, von zivilen Mitarbeiterinnen und Mitarbeitern die vergleichbaren Vorgesetzten vorschlagsberechtigt. Anregungen auf Verleihung des Ehrenzeichens an Angehörige ausländischer Streitkräfte sowie an Dritte sind auf dem Dienstweg dem Bundesministerium der Verteidigung vorzulegen (Ausländer: BMVg Leitungsstab Protokoll; Inländer: BMVg P I 2).</P><P>(3) Die Vorschlagsberechtigten prüfen selbst, ob die Verleihungsvoraussetzungen erfüllt sind. In Zweifelsfällen kann wohlwollend verfahren werden.</P></Content></text></textdaten></norm>
<norm builddate="20131119220011" doknr="BJNR223300013BJNE000500000"><metadaten><jurabk>FluthilfeMedErl 2013</jurabk><enbez>Art 5</enbez><titel format="XML">Verfahren</titel></metadaten><textdaten><text format="XML"><Content><P>(1) Die Verleihungsvorschläge sind dem Bundesministerium des Innern oder dem Bundesministerium der Verteidigung mit folgenden personenbezogenen Angaben <DL Type="arabic"><DT>1.</DT><DD Font="normal"><LA>Amtsbezeichnung/Dienstgrad</LA></DD><DT>2.</DT><DD Font="normal"><LA>Name/Vorname (gegebenenfalls akademischer Grad/Titel mit Fachrichtung)</LA></DD><DT>3.</DT><DD Font="normal"><LA>Geburtsdatum/Personenkennziffer</LA></DD><DT>4.</DT><DD Font="normal"><LA>Dienststelle/Einheit (gegebenenfalls Wohnanschrift)</LA></DD></DL>in Listenform bis spätestens 30. Juni 2015 zuzuleiten. Alle Vorgänge zur Verleihung des Ehrenzeichens sind vertraulich.</P><P>(2) Die Verleihung wird nach Maßgabe der Listen gemäß Absatz 1 durch jeweiligen Erlass des Bundesministers des Innern oder des Bundesministers der Verteidigung vollzogen.</P><P>(3) Die Namen der Ausgezeichneten werden den Vorschlagsberechtigten unter Beifügung der Ehrenzeichen und der Verleihungsurkunden mitgeteilt. Diese veranlassen die Aushändigung der Auszeichnung in würdiger Form.</P></Content></text></textdaten></norm>
<norm builddate="20131119220011" doknr="BJNR223300013BJNE000600000"><metadaten><jurabk>FluthilfeMedErl 2013</jurabk><enbez>Schlussformel</enbez></metadaten><textdaten><text format="XML"><Content><P><SP>Der Bundesminister des Innern</SP><BR/><BR/><SP>Der Bundesminister der Verteidigung</SP></P></Content></text></textdaten></norm>
<norm builddate="20131119220011" doknr="BJNR223300013BJNE000700000"><metadaten><jurabk>FluthilfeMedErl 2013</jurabk><enbez>(XXXX)</enbez></metadaten><textdaten><text format="XML"><Content><P><noindex><kommentar typ="Fundstelle">(Fundstelle: BGBl. I 2013, 2235)</kommentar></noindex></P><BR/><table frame="none" tocentry="%yes;"><tgroup align="left" char="" charoff="50" cols="2"><colspec colname="col1" colwidth="1.00*"/><colspec colname="col2" colwidth="1.00*"/><tbody valign="top"><row><entry VJ="1" align="center" colsep="0" nameend="col2" namest="col1" rowsep="0">Im Namen der</entry></row><row><entry VJ="1" align="center" colsep="0" nameend="col2" namest="col1" rowsep="0">Bundesrepublik Deutschland</entry></row><row><entry VJ="1" align="center" colsep="0" nameend="col2" namest="col1" rowsep="1">verleihe ich<BR/><BR/><BR/><BR/><P/></entry></row><row><entry VJ="1" align="center" colsep="0" nameend="col2" namest="col1" rowsep="0">als Dank und in Anerkennung für besonders aufopferungsvolle<BR/> Hilfe bei der Abwehr von Gefahren und der Beseitigung von<BR/> Schäden anlässlich der Flutkatastrophe</entry></row><row><entry VJ="1" align="center" colsep="0" nameend="col2" namest="col1" rowsep="0">Ende Mai und im Juni 2013</entry></row><row><entry VJ="1" align="center" colsep="0" nameend="col2" namest="col1" rowsep="0">die</entry></row><row><entry VJ="1" align="center" colsep="0" nameend="col2" namest="col1" rowsep="0">Einsatzmedaille „Fluthilfe 2013“</entry></row><row><entry VJ="1" colname="col1" colsep="0" rowsep="0">Berlin, den</entry><entry VJ="1" colname="col2" rowsep="0"/></row><row><entry VJ="1" colname="col1" colsep="0" rowsep="0">Bonn, den</entry><entry VJ="1" colname="col2" rowsep="0"/></row><row><entry VJ="1" align="center" colsep="0" nameend="col2" namest="col1" rowsep="0">Bundesminister des Innern/der Verteidigung</entry></row><row><entry VJ="1" colname="col1" colsep="0">Prägesiegel<BR/> (Kleines Dienstsiegel)</entry><entry VJ="1" align="right" colname="col2"><BR/> Faksimile (Unterschrift)</entry></row></tbody></tgroup></table></Content></text></textdaten></norm>
</dokumente>