<?xml version="1.0" encoding="UTF-8" ?><!DOCTYPE dokumente SYSTEM "http://www.gesetze-im-internet.de/dtd/1.01/gii-norm.dtd">
<dokumente builddate="20120625150003" doknr="BJNR200020956"><norm builddate="20120625150003" doknr="BJNR200020956"><metadaten><jurabk>SVAbk ITA</jurabk><ausfertigung-datum manuell="ja">1953-05-05</ausfertigung-datum><fundstelle typ="amtlich"><periodikum>BGBl II</periodikum><zitstelle>1956, 2</zitstelle></fundstelle><langue>Abkommen zwischen der Bundesrepublik Deutschland und der Italienischen
Republik über Sozialversicherung</langue></metadaten><textdaten><text format="decorated"/><fussnoten><Content><P>G v. 19.1.1956 II 1 <BR/>In Kraft gem. Bek. v. 20.6.1956 II 763 mWv 1.4.1956</P></Content></fussnoten></textdaten></norm>
</dokumente>