<?xml version="1.0" encoding="UTF-8" ?><!DOCTYPE dokumente SYSTEM "http://www.gesetze-im-internet.de/dtd/1.01/gii-norm.dtd">
<dokumente builddate="20200722212531" doknr="BJNR202220994"><norm builddate="20200722212531" doknr="BJNR202220994"><metadaten><jurabk>EUBeitrVtrG</jurabk><ausfertigung-datum manuell="ja">1994-09-02</ausfertigung-datum><fundstelle typ="amtlich"><periodikum>BGBl II</periodikum><zitstelle>1994, 2022</zitstelle></fundstelle><langue>Gesetz zu dem Vertrag vom 24. Juni 1994 über den Beitritt des Königreichs Norwegen, der Republik Österreich, der Republik Finnland und des Königreichs Schweden zur Europäischen Union</langue><standangabe checked="ja"><standtyp>Stand</standtyp><standkommentar>Geändert durch Art. 29 V v. 19.6.2020 I 1328</standkommentar></standangabe><standangabe checked="ja"><standtyp>Sonst</standtyp><standkommentar>Vertrag in Kraft gem. Bek. v. 30.8.1996 II 1486 mWv 1.1.1995</standkommentar></standangabe></metadaten><textdaten><fussnoten><Content><P><BR/> <pre xml:space="preserve">(+++ Textnachweis ab: 17.9.1994 +++)<BR/><BR/></pre></P></Content></fussnoten></textdaten></norm>
<norm builddate="20200722212531" doknr="BJNR202220994BJNE000100320"><metadaten><jurabk>EUBeitrVtrG</jurabk><enbez>Eingangsformel</enbez></metadaten><textdaten><text format="XML"><Content><P>Der Bundestag hat mit Zustimmung des Bundesrates das folgende Gesetz beschlossen:</P></Content></text></textdaten></norm>
<norm builddate="20200722212531" doknr="BJNR202220994BJNE000200320"><metadaten><jurabk>EUBeitrVtrG</jurabk><enbez>Art 1</enbez></metadaten><textdaten><text format="XML"><Content><P>Dem auf der Insel Korfu am 24. Juni 1994 von der Bundesrepublik Deutschland unterzeichneten Vertrag über den Beitritt des Königreichs Norwegen, der Republik Österreich, der Republik Finnland und des Königreichs Schweden zur Europäischen Union einschließlich der in der Schlußakte vom selben Tage aufgeführten Erklärungen wird zugestimmt. Der Vertrag und die Schlußakte werden nachstehend veröffentlicht.</P></Content></text></textdaten></norm>
<norm builddate="20200722212531" doknr="BJNR202220994BJNE000301311"><metadaten><jurabk>EUBeitrVtrG</jurabk><enbez>Art 2</enbez></metadaten><textdaten><text format="XML"><Content><P>Das Bundesministerium des Innern, für Bau und Heimat wird ermächtigt, durch Rechtsverordnung, die nicht der Zustimmung des Bundesrates bedarf, Vorschriften zur Durchführung des in Artikel 1 genannten Vertrages betreffend den Ausschluß der mehrfachen Wahlteilnahme und der mehrfachen Wahlbewerbung in einem Beitrittsstaat und in der Bundesrepublik Deutschland bei den Wahlen zum Europäischen Parlament zu erlassen.</P></Content></text><fussnoten/></textdaten></norm>
<norm builddate="20200722212531" doknr="BJNR202220994BJNE000400320"><metadaten><jurabk>EUBeitrVtrG</jurabk><enbez>Art 3</enbez></metadaten><textdaten><text format="XML"><Content><P>(1) Dieses Gesetz tritt am Tage nach seiner Verkündung in Kraft.</P><P>(2) Der Tag, an dem der Vertrag nach seinem Artikel 2 Abs. 2 für die Bundesrepublik Deutschland in Kraft tritt, ist im Bundesgesetzblatt bekanntzugeben.</P></Content> </text></textdaten></norm>
</dokumente>