<?xml version="1.0" encoding="UTF-8" ?><!DOCTYPE dokumente SYSTEM "http://www.gesetze-im-internet.de/dtd/1.01/gii-norm.dtd">
<dokumente builddate="20200403212539" doknr="BJNR360800013"><norm builddate="20200403212539" doknr="BJNR360800013"><metadaten><jurabk>GlasIndMstrFortbV</jurabk><ausfertigung-datum manuell="ja">2013-09-18</ausfertigung-datum><fundstelle typ="amtlich"><periodikum>BGBl I</periodikum><zitstelle>2013, 3608</zitstelle></fundstelle><langue>Verordnung über die Prüfung zum anerkannten Fortbildungsabschluss Geprüfter Industriemeister – Fachrichtung Glas und Geprüfte Industriemeisterin – Fachrichtung Glas</langue><standangabe checked="ja"><standtyp>Stand</standtyp><standkommentar>Zuletzt geändert durch Art. 69 V v. 9.12.2019 I 2153</standkommentar></standangabe></metadaten><textdaten><fussnoten><Content><P><BR/> <pre xml:space="preserve">(+++ Textnachweis ab: 1.12.2013 +++)<BR/><BR/></pre>(+++ Zur Anwendung vgl. §§ 1 u. 3 FortbVenÄndV6AnwV +++)</P></Content></fussnoten></textdaten></norm>
<norm builddate="20200403212539" doknr="BJNR360800013BJNE000100000"><metadaten><jurabk>GlasIndMstrFortbV</jurabk><enbez>Eingangsformel</enbez></metadaten><textdaten><text format="XML"><Content><P>Auf Grund des § 53 Absatz 1 in Verbindung mit Absatz 2 des Berufsbildungsgesetzes, dessen Absatz 1 durch Artikel 232 Nummer 3 Buchstabe a der Verordnung vom 31. Oktober 2006 (BGBl. I S. 2407) geändert worden ist, verordnet das Bundesministerium für Bildung und Forschung nach Anhörung des Hauptausschusses des Bundesinstituts für Berufsbildung im Einvernehmen mit dem Bundesministerium für Wirtschaft und Technologie:</P></Content></text></textdaten></norm>
<norm builddate="20200403212539" doknr="BJNR360800013BJNE000200000"><metadaten><jurabk>GlasIndMstrFortbV</jurabk><enbez>§ 1</enbez><titel format="XML">Ziel der Prüfung und Bezeichnung des Fortbildungsabschlusses</titel></metadaten><textdaten><text format="XML"><Content><P>(1) Zum Nachweis von Kenntnissen, Fertigkeiten und Erfahrungen, die durch die berufliche Fortbildung zum „Geprüften Industriemeister – Fachrichtung Glas“ und zur „Geprüften Industriemeisterin – Fachrichtung Glas“ erworben worden sind, kann die zuständige Stelle Prüfungen nach den §§ 2 bis 9 durchführen, in denen die auf einen beruflichen Aufstieg abzielende Erweiterung der beruflichen Handlungsfähigkeit nachzuweisen ist.</P><P>(2) Ziel der Prüfung ist der Nachweis der Qualifikation zum „Geprüften Industriemeister – Fachrichtung Glas“ oder zur „Geprüften Industriemeisterin – Fachrichtung Glas“ und damit die Befähigung, <DL Type="arabic"><DT>1.</DT><DD Font="normal"><LA>in Betrieben unterschiedlicher Größe der Glasindustrie in verschiedenen Bereichen und Tätigkeitsfeldern Sach-, Organisations- und Führungsaufgaben wahrzunehmen und</LA></DD><DT>2.</DT><DD Font="normal"><LA>sich auf Veränderungen von Methoden und Systemen in der Produktion, auf neue Strukturen der Arbeitsorganisation und auf neue Methoden der Organisationsentwicklung, der Personalführung und -entwicklung einzustellen sowie den technisch-organisatorischen Wandel im Betrieb mitzugestalten.</LA></DD></DL></P><P>(3) Durch die Prüfung ist festzustellen, ob die Qualifikation vorhanden ist, folgende im Zusammenhang stehende Aufgaben eines „Geprüften Industriemeisters – Fachrichtung Glas“ oder einer „Geprüften Industriemeisterin – Fachrichtung Glas“ wahrnehmen zu können: <DL Type="arabic"><DT>1.</DT><DD Font="normal"><LA>Produktionsprozesse überwachen; den Einsatz von Betriebs- und Produktionsmitteln koordinieren und deren Erhaltung und Betriebsbereitschaft sowie deren Werterhalt bei Transport und Lagerung sicherstellen; für die Einhaltung von Qualitäts- und Quantitätsvorgaben sorgen; Maßnahmen zur Vermeidung und Behebung von Betriebsstörungen einleiten; bei der Einrichtung von Arbeitsstätten und der Gestaltung von Arbeitsplätzen unter Beachtung ergonomischer Gesichtspunkte und entsprechender Vorschriften mitwirken; an der Umsetzung technologischer Weiterentwicklungen im Unternehmen mitwirken; die In- und Außerbetriebnahme von Produktionsanlagen organisieren und überwachen; den Werterhalt von Materialien und Produkten bei Transport und Lagerung sicherstellen; bei der Entwicklung von Vorschlägen für neue technische Konzepte mitarbeiten und den kontinuierlichen Verbesserungsprozess mitgestalten;</LA></DD><DT>2.</DT><DD Font="normal"><LA>Arbeitsabläufe einschließlich des Einsatzes von Werk-, Hilfs- und Betriebsstoffen planen und überwachen sowie sich an der Planung und Umsetzung neuer Produktionsprozesse beteiligen; die Kontrollen der ein- und ausgehenden Erzeugnisse sicherstellen; Kostenpläne aufstellen sowie die Kostenentwicklung überwachen und auf einen wirtschaftlichen Ablauf achten; bei der Auswahl und Beschaffung von Maschinen, Anlagen und Einrichtungen mitwirken; Qualitäts- und Quantitätsvorgaben planen und für deren Einhaltung sorgen; die Instandhaltung in Abstimmung mit den zuständigen Mitarbeitern und Mitarbeiterinnen sowie den beteiligten betrieblichen Bereichen koordinieren und überwachen; die Einhaltung der Arbeitssicherheits-, Umwelt-, Gesundheits- und Hygienevorschriften sicherstellen;</LA></DD><DT>3.</DT><DD Font="normal"><LA>Mitarbeiter und Mitarbeiterinnen im Sinne der Unternehmensziele führen und ihnen Aufgaben unter Berücksichtigung betrieblicher Vorgaben, nach betriebswirtschaftlichen Gesichtspunkten und unter Berücksichtigung ihrer individuellen Eignung, Kompetenz und Interessen zuordnen; sie zu selbstständigem, verantwortlichem Handeln anleiten, ihre Motivation fördern und an Entscheidungsprozessen beteiligen; bei der Planung des Personalbedarfs und bei Stellenbesetzungen mitwirken; Teams betreuen und moderieren; die zielorientierte Kooperation und Kommunikation zwischen und mit den Mitarbeitern und Mitarbeiterinnen, mit den Führungskräften sowie mit dem Betriebsrat fördern; die Beurteilung Einzelner und von Teams durchführen und entsprechende Personalentwicklungsmaßnahmen sowie Unterweisungen veranlassen; die Innovationsbereitschaft der Mitarbeiter und Mitarbeiterinnen fördern; neue Mitarbeiter und Mitarbeiterinnen in ihre Arbeitsbereiche einführen; die Ausbildung der zugeteilten Auszubildenden verantworten; Qualitätsmanagementziele kontinuierlich umsetzen sowie Qualitätsbewusstsein und Kundenorientierung der Mitarbeiter und Mitarbeiterinnen fördern.</LA></DD></DL></P><P>(4) Die erfolgreich abgelegte Prüfung führt zum anerkannten Fortbildungsabschluss „Geprüfter Industriemeister – Fachrichtung Glas“ oder „Geprüfte Industriemeisterin – Fachrichtung Glas“.</P></Content></text></textdaten></norm>
<norm builddate="20200403212539" doknr="BJNR360800013BJNE000300000"><metadaten><jurabk>GlasIndMstrFortbV</jurabk><enbez>§ 2</enbez><titel format="XML">Umfang der Industriemeisterqualifikation und Gliederung der Prüfung</titel></metadaten><textdaten><text format="XML"><Content><P>(1) Die Qualifikation zum „Geprüften Industriemeister – Fachrichtung Glas“ und zur „Geprüften Industriemeisterin – Fachrichtung Glas“ umfasst: <DL Type="arabic"><DT>1.</DT><DD Font="normal"><LA>Berufs- und arbeitspädagogische Qualifikationen,</LA></DD><DT>2.</DT><DD Font="normal"><LA>Fachrichtungsübergreifende Basisqualifikationen,</LA></DD><DT>3.</DT><DD Font="normal"><LA>Handlungsspezifische Qualifikationen.</LA></DD></DL></P><P>(2) Der Erwerb der berufs- und arbeitspädagogischen Eignung ist durch eine erfolgreich abgelegte Prüfung nach § 4 der nach dem Berufsbildungsgesetz erlassenen Ausbilder-Eignungsverordnung oder durch eine andere erfolgreich abgelegte vergleichbare Prüfung vor einer öffentlichen oder staatlich anerkannten Bildungseinrichtung oder vor einem staatlichen Prüfungsausschuss nachzuweisen. Der Prüfungsnachweis ist vor Beginn der letzten Prüfungsleistung vorzulegen.</P><P>(3) Die Prüfung zum „Geprüften Industriemeister – Fachrichtung Glas“ und zur „Geprüften Industriemeisterin – Fachrichtung Glas“ gliedert sich in die Prüfungsteile: <DL Type="arabic"><DT>1.</DT><DD Font="normal"><LA>Fachrichtungsübergreifende Basisqualifikationen,</LA></DD><DT>2.</DT><DD Font="normal"><LA>Handlungsspezifische Qualifikationen.</LA></DD></DL></P><P>(4) Im Prüfungsteil nach Absatz 3 Nummer 1 ist schriftlich in Form von anwendungsbezogenen Aufgabenstellungen nach § 4 zu prüfen. Im Prüfungsteil nach Absatz 3 Nummer 2 ist schriftlich in Form von die Handlungsbereiche integrierenden Situationsaufgaben und mündlich in Form eines situationsbezogenen Fachgesprächs nach § 5 zu prüfen.</P></Content></text></textdaten></norm>
<norm builddate="20200403212539" doknr="BJNR360800013BJNE000400000"><metadaten><jurabk>GlasIndMstrFortbV</jurabk><enbez>§ 3</enbez><titel format="XML">Zulassungsvoraussetzungen</titel></metadaten><textdaten><text format="XML"><Content><P>(1) Zur Prüfung im Prüfungsteil „Fachrichtungsübergreifende Basisqualifikationen“ ist zuzulassen, wer Folgendes nachweist: <DL Type="arabic"><DT>1.</DT><DD Font="normal"><LA>eine mit Erfolg abgelegte Abschlussprüfung in einem anerkannten Ausbildungsberuf, der den Glasberufen zugeordnet werden kann, oder</LA></DD><DT>2.</DT><DD Font="normal"><LA>eine mit Erfolg abgelegte Abschlussprüfung in einem sonstigen anerkannten Ausbildungsberuf und danach eine mindestens einjährige Berufspraxis oder</LA></DD><DT>3.</DT><DD Font="normal"><LA>eine mindestens vierjährige Berufspraxis.</LA></DD></DL></P><P>(2) Zur Prüfung im Prüfungsteil „Handlungsspezifische Qualifikationen“ ist zuzulassen, wer Folgendes nachweist: <DL Type="arabic"><DT>1.</DT><DD Font="normal"><LA>das Ablegen des Prüfungsteils „Fachrichtungsübergreifende Basisqualifikationen“, das nicht länger als fünf Jahre zurückliegt, und</LA></DD><DT>2.</DT><DD Font="normal"><LA>über die in Absatz 1 Nummer 1 bis 3 genannten Voraussetzungen hinaus mindestens ein weiteres Jahr Berufspraxis.</LA></DD></DL></P><P>(3) Die Berufspraxis nach den Absätzen 1 und 2 soll wesentliche Bezüge zu den Aufgaben eines „Geprüften Industriemeisters – Fachrichtung Glas“ und einer „Geprüften Industriemeisterin – Fachrichtung Glas“ nach § 1 Absatz 3 aufweisen.</P><P>(4) Abweichend von den in den Absätzen 1 und 2 genannten Voraussetzungen ist zur Prüfung auch zuzulassen, wer durch Vorlage von Zeugnissen oder auf andere Weise glaubhaft macht, Fertigkeiten, Kenntnisse und Fähigkeiten (berufliche Handlungsfähigkeit) erworben zu haben, die die Zulassung zur Prüfung rechtfertigen.</P></Content></text></textdaten></norm>
<norm builddate="20200403212539" doknr="BJNR360800013BJNE000501128"><metadaten><jurabk>GlasIndMstrFortbV</jurabk><enbez>§ 4</enbez><titel format="XML">Fachrichtungsübergreifende Basisqualifikationen</titel></metadaten><textdaten><text format="XML"><Content><P>(1) Im Prüfungsteil „Fachrichtungsübergreifende Basisqualifikationen“ ist in folgenden Prüfungsbereichen zu prüfen: <DL Font="normal" Type="arabic"><DT>1.</DT><DD Font="normal"><LA Size="normal">Rechtsbewusstes Handeln,</LA></DD><DT>2.</DT><DD Font="normal"><LA Size="normal">Betriebswirtschaftliches Handeln,</LA></DD><DT>3.</DT><DD Font="normal"><LA Size="normal">Anwenden von Methoden der Information, Kommunikation und Planung,</LA></DD><DT>4.</DT><DD Font="normal"><LA Size="normal">Zusammenarbeit im Betrieb,</LA></DD><DT>5.</DT><DD Font="normal"><LA Size="normal">Berücksichtigung naturwissenschaftlicher und technischer Gesetzmäßigkeiten.</LA></DD></DL></P><P>(2) Im Prüfungsbereich „Rechtsbewusstes Handeln“ soll die Fähigkeit nachgewiesen werden, einschlägige Rechtsvorschriften berücksichtigen zu können. Dazu gehört, die Arbeitsbedingungen der Mitarbeiter und Mitarbeiterinnen unter arbeitsrechtlichen Aspekten zu gestalten sowie die Arbeitssicherheit, den Gesundheitsschutz und den Umweltschutz nach rechtlichen Grundlagen zu gewährleisten und die Zusammenarbeit mit den entsprechenden Institutionen sicherzustellen. In diesem Rahmen können folgende Qualifikationsinhalte geprüft werden: <DL Font="normal" Type="arabic"><DT>1.</DT><DD Font="normal"><LA Size="normal">Berücksichtigen arbeitsrechtlicher Vorschriften und Bestimmungen bei der Gestaltung individueller Arbeitsverhältnisse und bei Fehlverhalten von Mitarbeitern und Mitarbeiterinnen, insbesondere unter Berücksichtigung des Arbeitsvertragsrechts, des Tarifvertragsrechts und betrieblicher Vereinbarungen,</LA></DD><DT>2.</DT><DD Font="normal"><LA Size="normal">Berücksichtigen der Vorschriften des Betriebsverfassungsgesetzes, insbesondere der Beteiligungsrechte betriebsverfassungsrechtlicher Organe,</LA></DD><DT>3.</DT><DD Font="normal"><LA Size="normal">Berücksichtigen rechtlicher Bestimmungen hinsichtlich der Sozialversicherung, der Entgeltfindung sowie der Arbeitsförderung,</LA></DD><DT>4.</DT><DD Font="normal"><LA Size="normal">Berücksichtigen arbeitsschutz- und arbeitssicherheitsrechtlicher Vorschriften und Bestimmungen in Abstimmung mit betrieblichen und außerbetrieblichen Institutionen,</LA></DD><DT>5.</DT><DD Font="normal"><LA Size="normal">Berücksichtigen der Vorschriften des Umweltrechts, insbesondere hinsichtlich des Gewässer- und Bodenschutzes, der Kreislaufwirtschaft, der Luftreinhaltung, der Lärmvermeidung und des Lärmschutzes, des Strahlenschutzes und des Schutzes vor gefährlichen Stoffen,</LA></DD><DT>6.</DT><DD Font="normal"><LA Size="normal">Berücksichtigen einschlägiger wirtschaftsrechtlicher Vorschriften und Bestimmungen, insbesondere hinsichtlich der Produktverantwortung, der Produkthaftung sowie des Datenschutzes.</LA></DD></DL></P><P>(3) Im Prüfungsbereich „Betriebswirtschaftliches Handeln“ soll die Fähigkeit nachgewiesen werden, betriebswirtschaftliche Gesichtspunkte im Rahmen praxisbezogener Handlungen berücksichtigen und volkswirtschaftliche Zusammenhänge aufzeigen sowie Unternehmensformen darstellen zu können. Weiterhin soll die Fähigkeit nachgewiesen werden, betriebliche Abläufe nach wirtschaftlichen Gesichtspunkten planen, beurteilen und beeinflussen zu können. In diesem Rahmen können folgende Qualifikationsinhalte geprüft werden: <DL Font="normal" Type="arabic"><DT>1.</DT><DD Font="normal"><LA Size="normal">Berücksichtigen der ökonomischen Handlungsprinzipien von Unternehmen unter Einbeziehung volkswirtschaftlicher Zusammenhänge und sozialer Wirkungen,</LA></DD><DT>2.</DT><DD Font="normal"><LA Size="normal">Berücksichtigen der Grundsätze betrieblicher Aufbau- und Ablauforganisation,</LA></DD><DT>3.</DT><DD Font="normal"><LA Size="normal">Anwenden von Methoden der Organisationsentwicklung,</LA></DD><DT>4.</DT><DD Font="normal"><LA Size="normal">Berücksichtigen von Methoden der Entgeltfindung und der kontinuierlichen betrieblichen Verbesserung,</LA></DD><DT>5.</DT><DD Font="normal"><LA Size="normal">Unterscheiden von Kostenarten-, Kostenstellen- und Kostenträgerrechnung sowie Durchführen von Kalkulationsverfahren.</LA></DD></DL></P><P>(4) Im Prüfungsbereich „Anwendung von Methoden der Information, Kommunikation und Planung“ soll die Fähigkeit nachgewiesen werden, Projekte und Prozesse analysieren, planen und transparent machen zu können. Dazu gehört, Daten aufbereiten, technische Unterlagen erstellen sowie entsprechende Planungstechniken einsetzen zu können. Es soll ferner die Fähigkeit nachgewiesen werden, angemessene Präsentationstechniken anwenden zu können. In diesem Rahmen können folgende Qualifikationsinhalte geprüft werden: <DL Font="normal" Type="arabic"><DT>1.</DT><DD Font="normal"><LA Size="normal">Erfassen, Analysieren und Aufbereiten von Prozess- und Produktionsdaten mittels EDV-Systemen und Bewerten visualisierter Daten,</LA></DD><DT>2.</DT><DD Font="normal"><LA Size="normal">Bewerten von Planungstechniken und Analysemethoden sowie deren Anwendungsmöglichkeiten,</LA></DD><DT>3.</DT><DD Font="normal"><LA Size="normal">Anwenden von Präsentationstechniken,</LA></DD><DT>4.</DT><DD Font="normal"><LA Size="normal">Erstellen von technischen Unterlagen, Entwürfen, Statistiken, Tabellen und Diagrammen,</LA></DD><DT>5.</DT><DD Font="normal"><LA Size="normal">Anwenden von Projektmanagementmethoden,</LA></DD><DT>6.</DT><DD Font="normal"><LA Size="normal">Auswählen und Anwenden von Informations- sowie Kommunikationsformen und -mitteln.</LA></DD></DL></P><P>(5) Im Prüfungsbereich „Zusammenarbeit im Betrieb“ soll die Fähigkeit nachgewiesen werden, Zusammenhänge des Sozialverhaltens erkennen, ihre Auswirkungen auf die Zusammenarbeit beurteilen und durch angemessene Maßnahmen auf eine zielorientierte, effiziente und vertrauensvolle Zusammenarbeit hinwirken zu können. Dazu gehört, die Leistungsbereitschaft der Mitarbeiter und Mitarbeiterinnen fördern sowie betriebliche Probleme und soziale Konflikte lösen zu können. Es soll ferner die Fähigkeit nachgewiesen werden, Führungsgrundsätze berücksichtigen und angemessene Führungstechniken anwenden zu können. In diesem Rahmen können folgende Qualifikationsinhalte geprüft werden: <DL Font="normal" Type="arabic"><DT>1.</DT><DD Font="normal"><LA Size="normal">Beurteilen und Fördern der beruflichen Entwicklung des Einzelnen unter Beachtung des bisherigen Berufsweges und unter Berücksichtigung persönlicher und sozialer Gegebenheiten,</LA></DD><DT>2.</DT><DD Font="normal"><LA Size="normal">Beurteilen und Berücksichtigen des Einflusses der Arbeitsorganisation und des Arbeitsplatzes auf das Sozialverhalten des Einzelnen und das Betriebsklima sowie Ergreifen von Maßnahmen zur Verbesserung,</LA></DD><DT>3.</DT><DD Font="normal"><LA Size="normal">Beurteilen von Einflüssen der Gruppenstruktur auf das Gruppenverhalten und die Zusammenarbeit sowie Entwickeln und Umsetzen von Alternativen,</LA></DD><DT>4.</DT><DD Font="normal"><LA Size="normal">Auseinandersetzen mit eigenem und fremdem Führungsverhalten, Umsetzen von Führungsgrundsätzen,</LA></DD><DT>5.</DT><DD Font="normal"><LA Size="normal">Anwenden von Führungsmethoden und -techniken einschließlich Vereinbarungen entsprechender Handlungsspielräume, um Leistungsbereitschaft und Zusammenarbeit der Mitarbeiter und Mitarbeiterinnen zu fördern,</LA></DD><DT>6.</DT><DD Font="normal"><LA Size="normal">Fördern der Kommunikation und Kooperation durch Anwenden von Methoden zur Lösung betrieblicher Probleme und sozialer Konflikte.</LA></DD></DL></P><P>(6) Im Prüfungsbereich „Berücksichtigung naturwissenschaftlicher und technischer Gesetzmäßigkeiten“ soll die Fähigkeit nachgewiesen werden, einschlägige naturwissenschaftliche und technische Gesetzmäßigkeiten zur Lösung technischer Probleme einbeziehen zu können. Dazu gehört, mathematische, physikalische, chemische und technische Kenntnisse und Fertigkeiten zur Lösung von Aufgaben aus der betrieblichen Praxis anwenden zu können. In diesem Rahmen können folgende Qualifikationsinhalte geprüft werden: <DL Font="normal" Type="arabic"><DT>1.</DT><DD Font="normal"><LA Size="normal">Berücksichtigen der Auswirkungen naturwissenschaftlicher und technischer Gesetzmäßigkeiten auf Materialien, Maschinen und Prozesse sowie auf Mensch und Umwelt,</LA></DD><DT>2.</DT><DD Font="normal"><LA Size="normal">Verwenden unterschiedlicher Energieformen im Betrieb sowie Beachten der damit zusammenhängenden Auswirkungen auf Mensch und Umwelt,</LA></DD><DT>3.</DT><DD Font="normal"><LA Size="normal">Berechnen betriebs- und fertigungstechnischer Größen bei Belastungen und Bewegungen,</LA></DD><DT>4.</DT><DD Font="normal"><LA Size="normal">Anwenden von statistischen Verfahren und Durchführen von einfachen statistischen Berechnungen sowie ihre graphische Darstellung.</LA></DD></DL></P><P>(7) Die Bearbeitungsdauer für die schriftlichen Aufgaben in den in Absatz 1 Nummer 1 bis 5 genannten Prüfungsbereichen soll insgesamt höchstens acht Stunden betragen, je Prüfungsbereich nach Absatz 1 Nummer 1 bis 5 mindestens 90 Minuten.</P><P>(8) Wurden in nicht mehr als zwei der in Absatz 1 Nummer 1 bis 5 genannten Prüfungsbereiche mangelhafte Prüfungsleistungen erbracht, ist darin eine mündliche Ergänzungsprüfung anzubieten. Bei einer oder mehreren ungenügenden Prüfungsleistungen besteht diese Möglichkeit nicht. Die Ergänzungsprüfung soll anwendungsbezogen durchgeführt werden und je Prüfungsbereich und für die zu prüfende Person in der Regel nicht länger als 20 Minuten dauern. Die Bewertung der schriftlichen Prüfungsleistung und die der mündlichen Ergänzungsprüfung werden zu einer Prüfungsleistung zusammengefasst. Dabei wird die Bewertung der schriftlichen Prüfungsleistung doppelt gewichtet.</P></Content></text><fussnoten><Content><P>(+++ Zur Anwendung vgl. §§ 1 u. 3 FortbVenÄndV6AnwV +++)</P></Content></fussnoten></textdaten></norm>
<norm builddate="20200403212539" doknr="BJNR360800013BJNE000601128"><metadaten><jurabk>GlasIndMstrFortbV</jurabk><enbez>§ 5</enbez><titel format="XML">Handlungsspezifische Qualifikationen</titel></metadaten><textdaten><text format="XML"><Content><P>(1) Der Prüfungsteil „Handlungsspezifische Qualifikationen“ umfasst die Handlungsbereiche „Technik“, „Organisation“ sowie „Führung und Personal“ mit folgenden Qualifikationsschwerpunkten: <DL Font="normal" Type="arabic"><DT>1.</DT><DD Font="normal"><LA Size="normal">Der Handlungsbereich „Technik“ enthält die Qualifikationsschwerpunkte: <DL Font="normal" Type="alpha"><DT>a)</DT><DD Font="normal"><LA Size="normal">Glastechnologie,</LA></DD><DT>b)</DT><DD Font="normal"><LA Size="normal">Produktionsprozesse;</LA></DD></DL></LA></DD><DT>2.</DT><DD Font="normal"><LA Size="normal">der Handlungsbereich „Organisation“ enthält die Qualifikationsschwerpunkte: <DL Font="normal" Type="alpha"><DT>a)</DT><DD Font="normal"><LA Size="normal">Information und Kommunikation,</LA></DD><DT>b)</DT><DD Font="normal"><LA Size="normal">Arbeits-, Umwelt- und Gesundheitsschutz,</LA></DD><DT>c)</DT><DD Font="normal"><LA Size="normal">Betriebliches Kostenwesen;</LA></DD></DL></LA></DD><DT>3.</DT><DD Font="normal"><LA Size="normal">der Handlungsbereich „Führung und Personal“ enthält die Qualifikationsschwerpunkte: <DL Font="normal" Type="alpha"><DT>a)</DT><DD Font="normal"><LA Size="normal">Personalführung und -entwicklung,</LA></DD><DT>b)</DT><DD Font="normal"><LA Size="normal">Qualitätsmanagement.</LA></DD></DL></LA></DD></DL></P><P>(2) Es werden drei die Handlungsbereiche integrierende Situationsaufgaben nach den Absätzen 3 bis 5 unter Berücksichtigung der fachrichtungsübergreifenden Basisqualifikationen gestellt. Zwei der Situationsaufgaben sind schriftlich zu lösen, eine Situationsaufgabe ist Gegenstand des situationsbezogenen Fachgesprächs nach Absatz 6. Die Situationsaufgaben sind so zu gestalten, dass alle Qualifikationsschwerpunkte der Handlungsbereiche mindestens einmal thematisiert werden. Die Prüfungsdauer der schriftlichen Situationsaufgaben beträgt jeweils mindestens vier Stunden, insgesamt jedoch nicht mehr als zehn Stunden. Das situationsbezogene Fachgespräch soll für die zu prüfende Person mindestens 30 Minuten und höchstens 45 Minuten dauern. Es sind höchstens 45 Minuten Vorbereitungszeit einzuräumen.</P><P>(3) In der Situationsaufgabe aus dem Handlungsbereich „Technik“ soll einer seiner Qualifikationsschwerpunkte den Kern bilden, wobei die Qualifikationsinhalte etwa zur Hälfte aus dem bestimmten Qualifikationsschwerpunkt entnommen werden sollen. Die Situationsaufgabe soll darüber hinaus Qualifikationsinhalte aus den Qualifikationsschwerpunkten der Handlungsbereiche „Organisation“ sowie „Führung und Personal“ integrativ mitberücksichtigen. Im Einzelnen kann die Situationsaufgabe Qualifikationsinhalte aus dem Handlungsbereich „Technik“ mit den Qualifikationsschwerpunkten nach den folgenden Nummern 1 und 2 umfassen: <DL Font="normal" Type="arabic"><DT>1.</DT><DD Font="normal"><LA Size="normal">Im Qualifikationsschwerpunkt „Glastechnologie“ soll die Fähigkeit nachgewiesen werden, Kenntnisse über Struktur und Eigenschaften des Werkstoffes Glas in der Herstellung, Verarbeitung und Veredelung anwenden zu können; dazu gehört, Kenntnisse über den Einfluss der Zusammensetzung auf chemische und physikalische Eigenschaften von Gläsern sowie auf Herstellungs-, Formgebungs-, Verarbeitungs- und Veredelungsverfahren umsetzen zu können; in diesem Rahmen können folgende Qualifikationsinhalte geprüft werden: <DL Font="normal" Type="alpha"><DT>a)</DT><DD Font="normal"><LA Size="normal">Auswählen der geeigneten Rohstoffe für Gläser mit spezifizierten Eigenschaften,</LA></DD><DT>b)</DT><DD Font="normal"><LA Size="normal">Berechnen der Rezeptur und Überwachen der Gemengeherstellung,</LA></DD><DT>c)</DT><DD Font="normal"><LA Size="normal">Beurteilen der Schmelz- und Läuterprozesse während der Glasbildung,</LA></DD><DT>d)</DT><DD Font="normal"><LA Size="normal">Festlegen und Sicherstellen der Parameter von Verarbeitungs- und Kühlprozessen, abhängig von der Glaszusammensetzung,</LA></DD><DT>e)</DT><DD Font="normal"><LA Size="normal">Beurteilen von chemischen und physikalischen Materialeigenschaften entlang der Prozesskette;</LA></DD></DL></LA></DD><DT>2.</DT><DD Font="normal"><LA Size="normal">im Qualifikationsschwerpunkt „Produktionsprozesse“ soll die Fähigkeit nachgewiesen werden, verfahrenstechnische Prozesse der Glasherstellung, Glasverarbeitung und Glasveredelung planen, steuern und überwachen zu können; dazu gehört, Zusammenhänge sowie Optimierungsmöglichkeiten der Prozesse zu erkennen und im Störungsfall Maßnahmen einzuleiten; weiterhin soll die Fähigkeit nachgewiesen werden, bei Änderungen von Maschinen und Produktionsanlagen sowie bei Veränderungen von Einflussgrößen die Prozessparameter anpassen zu können; in diesem Rahmen können folgende Qualifikationsinhalte geprüft werden: <DL Font="normal" Type="alpha"><DT>a)</DT><DD Font="normal"><LA Size="normal">Beurteilen von Aufbau, Funktionsprinzip und Einsatzmöglichkeiten von Maschinen, Produktionsanlagen und technischen Hilfseinrichtungen, insbesondere Mess-, Steuer- und Regelungseinrichtungen,</LA></DD><DT>b)</DT><DD Font="normal"><LA Size="normal">Mitwirken bei der Auswahl von Maschinen, Produktionsanlagen, technischen Hilfseinrichtungen, insbesondere Mess-, Steuerungs- und Regelungseinrichtungen, Energien sowie Hilfs- und Betriebsstoffen unter Beachtung von technischen und wirtschaftlichen Gegebenheiten,</LA></DD><DT>c)</DT><DD Font="normal"><LA Size="normal">Mitwirken beim Aufstellen und in Betrieb nehmen von Anlagen und Einrichtungen unter Beachtung sicherheitstechnischer und anlagenspezifischer Vorschriften,</LA></DD><DT>d)</DT><DD Font="normal"><LA Size="normal">Koordinieren und Optimieren des Anlagenbetriebs,</LA></DD><DT>e)</DT><DD Font="normal"><LA Size="normal">Erfassen und Beurteilen von Produktionsdaten mit Hilfe von Prozessleitsystemen, Festlegen der Prozessparameter zur Sicherstellung der Prozessstabilität,</LA></DD><DT>f)</DT><DD Font="normal"><LA Size="normal">Koordinieren und Überwachen der Lagerung und des innerbetrieblichen Transports von Roh- und Einsatzstoffen, Hilfs- und Betriebsstoffen, Halbzeugen und Produkten,</LA></DD><DT>g)</DT><DD Font="normal"><LA Size="normal">Organisieren und Veranlassen von Maßnahmen zur Behebung von Störungen,</LA></DD><DT>h)</DT><DD Font="normal"><LA Size="normal">Erfassen, Auswerten und Bewerten von Mengen- und Energiebilanzen sowie Prozessparametern zur Steuerung und Optimierung der Produktionsschritte,</LA></DD><DT>i)</DT><DD Font="normal"><LA Size="normal">Koordinieren und Optimieren von Rüstvorgängen,</LA></DD><DT>j)</DT><DD Font="normal"><LA Size="normal">Überwachen der Einhaltung von Quantitäts- und Qualitätsvorgaben; Durchführen statistischer Prozesskontrollen,</LA></DD><DT>k)</DT><DD Font="normal"><LA Size="normal">Umsetzen von Instandhaltungsvorgaben unter Berücksichtigung der Anlagenverfügbarkeit,</LA></DD><DT>l)</DT><DD Font="normal"><LA Size="normal">Erfassen und Bewerten von Schwachstellen, Schäden und Funktionsstörungen sowie Abschätzen und Begründen von Auswirkungen geplanter Eingriffe.</LA></DD></DL></LA></DD></DL></P><P>(4) In der Situationsaufgabe aus dem Handlungsbereich „Organisation“ sollen mindestens zwei seiner Qualifikationsschwerpunkte den Kern bilden, wobei die Qualifikationsinhalte etwa zur Hälfte aus den bestimmten Qualifikationsschwerpunkten entnommen werden sollen. Die Situationsaufgabe soll darüber hinaus Qualifikationsinhalte aus den Qualifikationsschwerpunkten der Handlungsbereiche „Technik“ sowie „Führung und Personal“ integrativ mitberücksichtigen. Im Einzelnen kann die Situationsaufgabe Qualifikationsinhalte aus dem Handlungsbereich „Organisation“ mit den Qualifikationsschwerpunkten nach den folgenden Nummern 1 bis 3 umfassen: <DL Font="normal" Type="arabic"><DT>1.</DT><DD Font="normal"><LA Size="normal">Im Qualifikationsschwerpunkt „Information und Kommunikation“ soll die Fähigkeit nachgewiesen werden, Methoden und Systeme der Information und Kommunikation im Betrieb anwenden zu können; in diesem Rahmen können folgende Qualifikationsinhalte geprüft werden: <DL Font="normal" Type="alpha"><DT>a)</DT><DD Font="normal"><LA Size="normal">Einsetzen von Planungs- und Steuerungssystemen zur Produktions-, Mengen-, Kapazitäts- und Terminplanung,</LA></DD><DT>b)</DT><DD Font="normal"><LA Size="normal">Vermitteln von Informationen und Anweisungen der Betriebsleitung,</LA></DD><DT>c)</DT><DD Font="normal"><LA Size="normal">Durchführen von Unterweisungen und Qualifizierungsmaßnahmen,</LA></DD><DT>d)</DT><DD Font="normal"><LA Size="normal">Kommunizieren mit Kunden,</LA></DD><DT>e)</DT><DD Font="normal"><LA Size="normal">Schaffen und Sicherstellen von Rahmenbedingungen für eine effiziente Kommunikation in der Gruppe;</LA></DD></DL></LA></DD><DT>2.</DT><DD Font="normal"><LA Size="normal">im Qualifikationsschwerpunkt „Arbeits-, Umwelt- und Gesundheitsschutz“ soll die Fähigkeit nachgewiesen werden, im Rahmen gesetzlicher Vorschriften und betrieblicher Vorgaben verantwortlich handeln zu können; dazu gehört, arbeits-, umwelt- und gesundheitsschutzbewusstes Handeln und Verhalten von Mitarbeitern und Mitarbeiterinnen im Betrieb sicherstellen sowie Gefahren vorbeugen, Störungen erkennen und analysieren sowie Maßnahmen zu ihrer Vermeidung oder Beseitigung einleiten zu können; ferner soll die Fähigkeit nachgewiesen werden, die Vernetzung ökonomischer, ökologischer und sozialer Faktoren berücksichtigen und damit zu einer nachhaltigen Entwicklung beitragen zu können; in diesem Rahmen können folgende Qualifikationsinhalte in den Situationsaufgaben geprüft werden: <DL Font="normal" Type="alpha"><DT>a)</DT><DD Font="normal"><LA Size="normal">Überprüfen und Gewährleisten der Arbeits- und Anlagensicherheit, des Gesundheits- sowie des Umweltschutzes,</LA></DD><DT>b)</DT><DD Font="normal"><LA Size="normal">Überwachen der Lagerung von und des Umgangs mit umweltbelastenden und gesundheitsgefährdenden Stoffen,</LA></DD><DT>c)</DT><DD Font="normal"><LA Size="normal">Erkennen von Schwachstellen im Bereich Arbeits- und Anlagensicherheit, Gesundheits- und Umweltschutz sowie Einleiten vorbeugender Maßnahmen,</LA></DD><DT>d)</DT><DD Font="normal"><LA Size="normal">Durchführen von Gefährdungsbeurteilungen zur Reduzierung und Vermeidung von Unfällen und von Umwelt- und Gesundheitsbelastungen,</LA></DD><DT>e)</DT><DD Font="normal"><LA Size="normal">Planen und Durchführen von Unterweisungen zur Arbeits- und Anlagensicherheit sowie zum Gesundheits- und Umweltschutz,</LA></DD><DT>f)</DT><DD Font="normal"><LA Size="normal">Fördern des verantwortlichen Handelns von Mitarbeitern und Mitarbeiterinnen im Betrieb,</LA></DD><DT>g)</DT><DD Font="normal"><LA Size="normal">Gewährleisten des Informationsaustausches über sicherheits- und umweltrelevante Vorgänge;</LA></DD></DL></LA></DD><DT>3.</DT><DD Font="normal"><LA Size="normal">im Qualifikationsschwerpunkt „Betriebliches Kostenwesen“ soll die Fähigkeit nachgewiesen werden, Kostenverantwortung übernehmen zu können; dazu gehört, kostenrelevante Einflussfaktoren hinsichtlich der Entstehung der Kosten, der Entwicklung von Kostenstrukturen, der Kalkulation von Kosten sowie der Kostenplanung beurteilen zu können; in diesem Rahmen können folgende Qualifikationsinhalte geprüft werden: <DL Font="normal" Type="alpha"><DT>a)</DT><DD Font="normal"><LA Size="normal">Erkennen und Beurteilen von Zusammenhängen des betrieblichen Rechnungswesens, insbesondere Kostenarten-, Kostenstellen-, Kostenträger- und Prozesskostenrechnung sowie Kalkulationsverfahren,</LA></DD><DT>b)</DT><DD Font="normal"><LA Size="normal">Ermitteln von Zielgrößen, insbesondere Betriebsergebnis, Deckungsbeitrag und Kennzahlen,</LA></DD><DT>c)</DT><DD Font="normal"><LA Size="normal">Durchführen von Kostenkontrollen,</LA></DD><DT>d)</DT><DD Font="normal"><LA Size="normal">Einleiten von Maßnahmen zur Kostenbeeinflussung,</LA></DD><DT>e)</DT><DD Font="normal"><LA Size="normal">Überwachen und Einhalten des zugeteilten Budgets.</LA></DD></DL></LA></DD></DL></P><P>(5) In der Situationsaufgabe aus dem Handlungsbereich „Führung und Personal“ soll mindestens einer seiner Qualifikationsschwerpunkte den Kern der Situationsaufgabe bilden, wobei die Qualifikationsinhalte etwa zur Hälfte aus dem bestimmten Qualifikationsschwerpunkt entnommen werden sollen. Die Situationsaufgabe soll darüber hinaus Qualifikationsinhalte aus den Qualifikationsschwerpunkten der Handlungsbereiche „Technik“ sowie „Organisation“ integrativ mitberücksichtigen. Im Einzelnen kann die Situationsaufgabe Qualifikationsinhalte aus dem Handlungsbereich „Führung und Personal“ mit den Qualifikationsschwerpunkten nach den folgenden Nummern 1 und 2 umfassen: <DL Font="normal" Type="arabic"><DT>1.</DT><DD Font="normal"><LA Size="normal">Im Qualifikationsschwerpunkt „Personalführung und -entwicklung“ soll die Fähigkeit nachgewiesen werden, Personal einsetzen, führen und beurteilen zu können; dazu gehört, unter Beachtung der Qualifikationsanforderungen des Betriebes geeignete Maßnahmen zur weiteren beruflichen Entwicklung vorschlagen zu können; in diesem Rahmen können folgende Qualifikationsinhalte geprüft werden: <DL Font="normal" Type="alpha"><DT>a)</DT><DD Font="normal"><LA Size="normal">Ermitteln des qualitativen und quantitativen Personalbedarfs,</LA></DD><DT>b)</DT><DD Font="normal"><LA Size="normal">Auswählen und Einsetzen von Mitarbeitern und Mitarbeiterinnen,</LA></DD><DT>c)</DT><DD Font="normal"><LA Size="normal">Führen von Mitarbeitern und Mitarbeiterinnen,</LA></DD><DT>d)</DT><DD Font="normal"><LA Size="normal">Beurteilen von Mitarbeitern und Mitarbeiterinnen nach vorgegebenen Beurteilungssystemen,</LA></DD><DT>e)</DT><DD Font="normal"><LA Size="normal">Durchführen von Mitarbeitergesprächen und Festlegen von Zielvereinbarungen,</LA></DD><DT>f)</DT><DD Font="normal"><LA Size="normal">Anfertigen von Stellenbeschreibungen,</LA></DD><DT>g)</DT><DD Font="normal"><LA Size="normal">Ergreifen von Maßnahmen zur Qualifizierung der Mitarbeiter und Mitarbeiterinnen;</LA></DD></DL></LA></DD><DT>2.</DT><DD Font="normal"><LA Size="normal">im Qualifikationsschwerpunkt „Qualitätsmanagement“ soll die Fähigkeit nachgewiesen werden, Methoden und Techniken anzuwenden, um qualitätsbewusst handeln und das Qualitätsmanagement weiter entwickeln zu können; dazu gehört, das Qualitätsbewusstsein der Mitarbeiter und Mitarbeiterinnen zu sichern; in diesem Rahmen können folgende Qualifikationsinhalte geprüft werden: <DL Font="normal" Type="alpha"><DT>a)</DT><DD Font="normal"><LA Size="normal">Berücksichtigen des Einflusses des Qualitätsmanagementsystems auf das Unternehmen und die Funktionsfelder,</LA></DD><DT>b)</DT><DD Font="normal"><LA Size="normal">Fördern des Qualitätsbewusstseins der Mitarbeiter und Mitarbeiterinnen,</LA></DD><DT>c)</DT><DD Font="normal"><LA Size="normal">Anwenden von Methoden zur Sicherung und Verbesserung der Qualität, insbesondere der Produktqualität und Kundenzufriedenheit,</LA></DD><DT>d)</DT><DD Font="normal"><LA Size="normal">kontinuierliches Umsetzen der Qualitätsmanagementziele durch Planen, Sichern und Lenken von qualitätswirksamen Maßnahmen.</LA></DD></DL></LA></DD></DL></P><P>(6) Im situationsbezogenen Fachgespräch soll die Fähigkeit nachgewiesen werden, betriebliche Aufgabenstellungen analysieren, strukturieren und einer begründeten Lösung zuführen zu können. Dazu gehört, Lösungsvorschläge unter Einbeziehung von Präsentationstechniken erläutern und erörtern zu können. Das situationsbezogene Fachgespräch hat die gleiche Struktur wie eine schriftliche Situationsaufgabe. Es stellt den Handlungsbereich in den Mittelpunkt, der nicht Kern einer schriftlichen Situationsaufgabe ist und integriert insbesondere die Qualifikationsschwerpunkte, die nicht schriftlich geprüft werden.</P><P>(7) Wurde in nicht mehr als einer schriftlichen Situationsaufgabe eine mangelhafte Leistung erbracht, ist in dieser Situationsaufgabe eine mündliche Ergänzungsprüfung anzubieten. Bei einer oder mehreren ungenügenden Prüfungsleistungen besteht diese Möglichkeit nicht. Die Ergänzungsprüfung soll situationsbezogen durchgeführt werden und für die zu prüfende Person in der Regel nicht länger als 20 Minuten dauern. Die Bewertung der schriftlichen Prüfungsleistung und die der mündlichen Ergänzungsprüfung werden zu einer Bewertung der Prüfungsleistung zusammengefasst. Dabei wird die Bewertung der schriftlichen Prüfungsleistung doppelt gewichtet.</P></Content></text><fussnoten><Content><P>(+++ Zur Anwendung vgl. §§ 1 u. 3 FortbVenÄndV6AnwV +++)</P></Content></fussnoten></textdaten></norm>
<norm builddate="20200403212539" doknr="BJNR360800013BJNE000701128"><metadaten><jurabk>GlasIndMstrFortbV</jurabk><enbez>§ 6</enbez><titel format="XML">Befreiung von einzelnen Prüfungsbestandteilen</titel></metadaten><textdaten><text format="XML"><Content><P>Wird die zu prüfende Person nach § 56 Absatz 2 des Berufsbildungsgesetzes von der Ablegung einzelner Prüfungsbestandteile befreit, bleiben diese Prüfungsbestandteile für die Anwendung der §§ 7 und 8 außer Betracht. Für die übrigen Prüfungsbestandteile erhöhen sich die Anteile nach § 7 Absatz 2 Satz 2 oder § 8 Absatz 4 Satz 1 entsprechend ihrem Verhältnis zueinander. Allein diese Prüfungsbestandteile sind den Entscheidungen des Prüfungsausschusses zugrunde zu legen.</P></Content></text><fussnoten><Content><P>(+++ Zur Anwendung vgl. §§ 1 u. 3 FortbVenÄndV6AnwV +++)</P></Content></fussnoten></textdaten></norm>
<norm builddate="20200403212539" doknr="BJNR360800013BJNE000801128"><metadaten><jurabk>GlasIndMstrFortbV</jurabk><enbez>§ 7</enbez><titel format="XML">Bewerten der Prüfungsleistungen</titel></metadaten><textdaten><text format="XML"><Content><P>(1) Jede Prüfungsleistung ist nach Maßgabe der Anlage 1 mit Punkten zu bewerten.</P><P>(2) Im Prüfungsteil „Fachrichtungsübergreifende Basisqualifikationen“ sind die Prüfungsleistungen für jeden Prüfungsbereich einzeln zu bewerten. Aus den einzelnen Bewertungen ist als Bewertung für den Prüfungsteil das arithmetische Mittel zu berechnen.</P><P>(3) Im Prüfungsteil „Handlungsspezifische Qualifikationen“ sind als Prüfungsleistungen die beiden schriftlichen Situationsaufgaben und das situationsbezogene Fachgespräch einzeln zu bewerten.</P></Content></text><fussnoten><Content><P>(+++ Zur Anwendung vgl. §§ 1 u. 3 FortbVenÄndV6AnwV +++)</P></Content></fussnoten></textdaten></norm>
<norm builddate="20200403212539" doknr="BJNR360800013BJNE001400128"><metadaten><jurabk>GlasIndMstrFortbV</jurabk><enbez>§ 8</enbez><titel format="XML">Bestehen der Prüfung, Gesamtnote</titel></metadaten><textdaten><text format="XML"><Content><P>(1) Die Prüfung ist bestanden, wenn ohne Rundung in den folgenden Prüfungsleistungen jeweils 50 Punkte erreicht worden sind: <DL Font="normal" Type="arabic"><DT>1.</DT><DD Font="normal"><LA Size="normal">Im Prüfungsteil „Fachrichtungsübergreifende Basisqualifikationen“ in allen Prüfungsbereichen,</LA></DD><DT>2.</DT><DD Font="normal"><LA Size="normal">Im Prüfungsteil „Handlungsspezifische Qualifikationen“ in den beiden schriftlichen Situationsaufgaben und im situationsbezogenen Fachgespräch.</LA></DD></DL></P><P>(2) Ist die Prüfung bestanden, so werden die zusammengefasste Bewertung für den Prüfungsteil „Fachrichtungsübergreifende Basisqualifikationen“ und die Bewertung der Situationsaufgabe, in der eine mündliche Ergänzungsprüfung durchgeführt wurde, kaufmännisch auf eine ganze Zahl gerundet.</P><P>(3) Den Bewertungen für den Prüfungsteil „Fachrichtungsübergreifende Basisqualifikationen“, für die beiden Situationsaufgaben sowie für das situationsbezogene Fachgespräch ist nach der Anlage 1 die jeweilige Note als Dezimalzahl zuzuordnen.</P><P>(4) Für die Bildung einer Gesamtnote ist als Gesamtpunktzahl das arithmetische Mittel aus der zusammengefassten Bewertung des Prüfungsteils „Fachrichtungsübergreifende Basisqualifikationen“ und den einzelnen Bewertungen des Prüfungsteils „Handlungsspezifische Qualifikationen“ zu berechnen. Die Gesamtpunktzahl ist kaufmännisch auf eine ganze Zahl zu runden. Der gerundeten Gesamtpunktzahl wird nach der Anlage 1 eine Note als Dezimalzahl und die Note in Worten zugeordnet. Die zugeordnete Note ist die Gesamtnote.</P></Content></text><fussnoten><Content><P>(+++ Zur Anwendung vgl. §§ 1 u. 3 FortbVenÄndV6AnwV +++)</P></Content></fussnoten></textdaten></norm>
<norm builddate="20200403212539" doknr="BJNR360800013BJNE001500128"><metadaten><jurabk>GlasIndMstrFortbV</jurabk><enbez>§ 9</enbez><titel format="XML">Zeugnisse</titel></metadaten><textdaten><text format="XML"><Content><P>(1) Wer die Prüfung nach § 8 Absatz 1 bestanden hat, erhält von der zuständigen Stelle zwei Zeugnisse nach der Anlage 2 Teil A und B.</P><P>(2) Auf dem Zeugnis mit den Inhalten nach der Anlage 2 Teil B sind die Noten als Dezimalzahlen mit einer Nachkommastelle und die Gesamtnote als Dezimalzahl mit einer Nachkommastelle und in Worten anzugeben. Jede Befreiung nach § 6 ist mit Ort, Datum und Bezeichnung des Prüfungsgremiums der anderen vergleichbaren Prüfung anzugeben.</P><P>(3) Die Zeugnisse können zusätzliche nicht amtliche Bemerkungen zur Information (Bemerkungen) enthalten, insbesondere <DL Font="normal" Type="arabic"><DT>1.</DT><DD Font="normal"><LA Size="normal">über den erworbenen Abschluss oder</LA></DD><DT>2.</DT><DD Font="normal"><LA Size="normal">auf Antrag der geprüften Person über während oder anlässlich der Fortbildung erworbene besondere oder zusätzliche Fertigkeiten, Kenntnisse und Fähigkeiten.</LA></DD></DL></P></Content></text><fussnoten><Content><P>(+++ Zur Anwendung vgl. §§ 1 u. 3 FortbVenÄndV6AnwV +++)</P></Content></fussnoten></textdaten></norm>
<norm builddate="20200403212539" doknr="BJNR360800013BJNE000901128"><metadaten><jurabk>GlasIndMstrFortbV</jurabk><enbez>§ 10</enbez><titel format="XML">Wiederholung der Prüfung</titel></metadaten><textdaten><text format="XML"><Content><P>(1) Jeder nicht bestandene Prüfungsteil kann zweimal wiederholt werden.</P><P>(2) Mit dem Antrag auf Wiederholung der Prüfung wird die zu prüfende Person von einzelnen Prüfungsleistungen befreit, wenn die darin erbrachten Leistungen mindestens ausreichend sind und die zu prüfende Person sich innerhalb von zwei Jahren, gerechnet vom Tage der Beendigung der nicht bestandenen Prüfung an, zur Wiederholungsprüfung angemeldet hat. Bestandene Prüfungsleistungen können auf Antrag einmal wiederholt werden. In diesem Fall gilt das Ergebnis der letzten Prüfung.</P></Content></text><fussnoten><Content><P>(+++ Zur Anwendung vgl. §§ 1 u. 3 FortbVenÄndV6AnwV +++)</P></Content></fussnoten></textdaten></norm>
<norm builddate="20200403212539" doknr="BJNR360800013BJNE001001128"><metadaten><jurabk>GlasIndMstrFortbV</jurabk><enbez>§ 11</enbez><titel format="XML">Übergangsvorschrift</titel></metadaten><textdaten><text format="XML"><Content><P>Begonnene Prüfungsverfahren können bis zum 31. Dezember 2016 nach den bisherigen Vorschriften zu Ende geführt werden. Auf Antrag kann die zuständige Stelle die Wiederholungsprüfung auch nach dieser Verordnung durchführen; § 8 Absatz 2 findet in diesem Fall keine Anwendung.</P></Content></text><fussnoten><Content><P>(+++ Zur Anwendung vgl. §§ 1 u. 3 FortbVenÄndV6AnwV +++)</P></Content></fussnoten></textdaten></norm>
<norm builddate="20200403212539" doknr="BJNR360800013BJNE001101128"><metadaten><jurabk>GlasIndMstrFortbV</jurabk><enbez>§ 12</enbez><titel format="XML">Inkrafttreten, Außerkrafttreten</titel></metadaten><textdaten><text format="XML"><Content><P>Diese Verordnung tritt am 1. Dezember 2013 in Kraft. Gleichzeitig tritt die Verordnung über die Prüfung zum anerkannten Abschluss Geprüfter Industriemeister – Fachrichtung Glas vom 9. April 1980 (BGBl. I S. 432), die zuletzt durch Artikel 12 der Verordnung vom 23. Juli 2010 (BGBl. I S. 1010) geändert worden ist, außer Kraft.</P></Content></text><fussnoten><Content><P>(+++ Zur Anwendung vgl. §§ 1 u. 3 FortbVenÄndV6AnwV +++)</P></Content></fussnoten></textdaten></norm>
<norm builddate="20200403212539" doknr="BJNR360800013BJNE001202128"><metadaten><jurabk>GlasIndMstrFortbV</jurabk><enbez>Anlage 1</enbez><titel format="XML">(zu den §§ 7 und 8)<BR/>Bewertungsmaßstab und -schlüssel</titel></metadaten><textdaten><text format="XML"><Content><P><noindex><kommentar typ="Fundstelle">(Fundstelle: BGBl. I 2019, 2391 – 2392)</kommentar></noindex><BR/><BR/></P><table colsep="1" frame="all" pgwide="1" rowsep="1" tabstyle="Bewertung" tocentry="%yes;"><tgroup align="left" char="" charoff="50" cols="4"><colspec align="center" colname="col1" colnum="1" colwidth="26*"/><colspec align="center" colname="col2" colnum="2" colwidth="26*"/><colspec align="center" colname="col3" colnum="3" colwidth="33*"/><colspec align="justify" colname="col4" colnum="4" colwidth="74*"/><thead valign="bottom"><row><entry VJ="1" colname="col1" valign="middle">Punkte</entry><entry VJ="1" colname="col2" valign="middle">Note<BR/>als Dezimalzahl</entry><entry VJ="1" colname="col3" valign="middle">Note<BR/> in Worten</entry><entry VJ="1" align="center" colname="col4" valign="middle">Definition</entry></row></thead><tbody valign="top"><row><entry VJ="1" colname="col1" valign="middle">100</entry><entry VJ="1" colname="col2" valign="middle">1,0</entry><entry VJ="1" colname="col3" morerows="4" valign="middle">sehr gut</entry><entry VJ="1" colname="col4" morerows="4" valign="middle">eine Leistung, die den Anforderungen in besonderem Maß entspricht</entry></row><row><entry VJ="1" colname="col1" valign="middle">98 und 99</entry><entry VJ="1" colname="col2" valign="middle">1,1</entry></row><row><entry VJ="1" colname="col1" valign="middle">96 und 97</entry><entry VJ="1" colname="col2" valign="middle">1,2</entry></row><row><entry VJ="1" colname="col1" valign="middle">94 und 95</entry><entry VJ="1" colname="col2" valign="middle">1,3</entry></row><row><entry VJ="1" colname="col1" valign="middle">92 und 93</entry><entry VJ="1" colname="col2" valign="middle">1,4</entry></row><row><entry VJ="1" colname="col1" valign="middle">91</entry><entry VJ="1" colname="col2" valign="middle">1,5</entry><entry VJ="1" colname="col3" morerows="9" valign="middle">gut</entry><entry VJ="1" colname="col4" morerows="9" valign="middle">eine Leistung, die den Anforderungen voll entspricht</entry></row><row><entry VJ="1" colname="col1" valign="middle">90</entry><entry VJ="1" colname="col2" valign="middle">1,6</entry></row><row><entry VJ="1" colname="col1" valign="middle">89</entry><entry VJ="1" colname="col2" valign="middle">1,7</entry></row><row><entry VJ="1" colname="col1" valign="middle">88</entry><entry VJ="1" colname="col2" valign="middle">1,8</entry></row><row><entry VJ="1" colname="col1" valign="middle">87</entry><entry VJ="1" colname="col2" valign="middle">1,9</entry></row><row><entry VJ="1" colname="col1" valign="middle">85 und 86</entry><entry VJ="1" colname="col2" valign="middle">2,0</entry></row><row><entry VJ="1" colname="col1" valign="middle">84</entry><entry VJ="1" colname="col2" valign="middle">2,1</entry></row><row><entry VJ="1" colname="col1" valign="middle">83</entry><entry VJ="1" colname="col2" valign="middle">2,2</entry></row><row><entry VJ="1" colname="col1" valign="middle">82</entry><entry VJ="1" colname="col2" valign="middle">2,3</entry></row><row><entry VJ="1" colname="col1" valign="middle">81</entry><entry VJ="1" colname="col2" valign="middle">2,4</entry></row><row><entry VJ="1" colname="col1" valign="middle">79 und 80</entry><entry VJ="1" colname="col2" valign="middle">2,5</entry><entry VJ="1" colname="col3" morerows="9" valign="middle">befriedigend</entry><entry VJ="1" colname="col4" morerows="9" valign="middle">eine Leistung, die den Anforderungen im Allgemeinen entspricht</entry></row><row><entry VJ="1" colname="col1" valign="middle">78</entry><entry VJ="1" colname="col2" valign="middle">2,6</entry></row><row><entry VJ="1" colname="col1" valign="middle">77</entry><entry VJ="1" colname="col2" valign="middle">2,7</entry></row><row><entry VJ="1" colname="col1" valign="middle">75 und 76</entry><entry VJ="1" colname="col2" valign="middle">2,8</entry></row><row><entry VJ="1" colname="col1" valign="middle">74</entry><entry VJ="1" colname="col2" valign="middle">2,9</entry></row><row><entry VJ="1" colname="col1" valign="middle">72 und 73</entry><entry VJ="1" colname="col2" valign="middle">3,0</entry></row><row><entry VJ="1" colname="col1" valign="middle">71</entry><entry VJ="1" colname="col2" valign="middle">3,1</entry></row><row><entry VJ="1" colname="col1" valign="middle">70</entry><entry VJ="1" colname="col2" valign="middle">3,2</entry></row><row><entry VJ="1" colname="col1" valign="middle">68 und 69</entry><entry VJ="1" colname="col2" valign="middle">3,3</entry></row><row><entry VJ="1" colname="col1" valign="middle">67</entry><entry VJ="1" colname="col2" valign="middle">3,4</entry></row><row><entry VJ="1" colname="col1" valign="middle">65 und 66</entry><entry VJ="1" colname="col2" valign="middle">3,5</entry><entry VJ="1" colname="col3" morerows="9" valign="middle">ausreichend</entry><entry VJ="1" colname="col4" morerows="9" valign="middle">eine Leistung, die zwar Mängel aufweist, aber im Ganzen den Anforderungen noch entspricht</entry></row><row><entry VJ="1" colname="col1" valign="middle">63 und 64</entry><entry VJ="1" colname="col2" valign="middle">3,6</entry></row><row><entry VJ="1" colname="col1" valign="middle">62</entry><entry VJ="1" colname="col2" valign="middle">3,7</entry></row><row><entry VJ="1" colname="col1" valign="middle">60 und 61</entry><entry VJ="1" colname="col2" valign="middle">3,8</entry></row><row><entry VJ="1" colname="col1" valign="middle">58 und 59</entry><entry VJ="1" colname="col2" valign="middle">3,9</entry></row><row><entry VJ="1" colname="col1" valign="middle">56 und 57</entry><entry VJ="1" colname="col2" valign="middle">4,0</entry></row><row><entry VJ="1" colname="col1" valign="middle">55</entry><entry VJ="1" colname="col2" valign="middle">4,1</entry></row><row><entry VJ="1" colname="col1" valign="middle">53 und 54</entry><entry VJ="1" colname="col2" valign="middle">4,2</entry></row><row><entry VJ="1" colname="col1" valign="middle">51 und 52</entry><entry VJ="1" colname="col2" valign="middle">4,3</entry></row><row><entry VJ="1" colname="col1" valign="middle">50</entry><entry VJ="1" colname="col2" valign="middle">4,4</entry></row><row><entry VJ="1" colname="col1" valign="middle">48 und 49</entry><entry VJ="1" colname="col2" valign="middle">4,5</entry><entry VJ="1" colname="col3" morerows="9" valign="middle">mangelhaft</entry><entry VJ="1" colname="col4" morerows="9" valign="middle">eine Leistung, die den Anforderungen nicht entspricht, jedoch erkennen lässt, dass gewisse Grundkenntnisse noch vorhanden sind</entry></row><row><entry VJ="1" colname="col1" valign="middle">46 und 47</entry><entry VJ="1" colname="col2" valign="middle">4,6</entry></row><row><entry VJ="1" colname="col1" valign="middle">44 und 45</entry><entry VJ="1" colname="col2" valign="middle">4,7</entry></row><row><entry VJ="1" colname="col1" valign="middle">42 und 43</entry><entry VJ="1" colname="col2" valign="middle">4,8</entry></row><row><entry VJ="1" colname="col1" valign="middle">40 und 41</entry><entry VJ="1" colname="col2" valign="middle">4,9</entry></row><row><entry VJ="1" colname="col1" valign="middle">38 und 39</entry><entry VJ="1" colname="col2" valign="middle">5,0</entry></row><row><entry VJ="1" colname="col1" valign="middle">36 und 37</entry><entry VJ="1" colname="col2" valign="middle">5,1</entry></row><row><entry VJ="1" colname="col1" valign="middle">34 und 35</entry><entry VJ="1" colname="col2" valign="middle">5,2</entry></row><row><entry VJ="1" colname="col1" valign="middle">32 und 33</entry><entry VJ="1" colname="col2" valign="middle">5,3</entry></row><row><entry VJ="1" colname="col1" valign="middle">30 und 31</entry><entry VJ="1" colname="col2" valign="middle">5,4</entry></row><row><entry VJ="1" colname="col1" valign="middle">25 bis 29</entry><entry VJ="1" colname="col2" valign="middle">5,5</entry><entry VJ="1" colname="col3" morerows="5" valign="middle">ungenügend</entry><entry VJ="1" colname="col4" morerows="5" valign="middle">eine Leistung, die den Anforderungen nicht entspricht und bei der selbst Grundkenntnisse fehlen</entry></row><row><entry VJ="1" colname="col1" valign="middle">20 bis 24</entry><entry VJ="1" colname="col2" valign="middle">5,6</entry></row><row><entry VJ="1" colname="col1" valign="middle">15 bis 19</entry><entry VJ="1" colname="col2" valign="middle">5,7</entry></row><row><entry VJ="1" colname="col1" valign="middle">10 bis 14</entry><entry VJ="1" colname="col2" valign="middle">5,8</entry></row><row><entry VJ="1" colname="col1" valign="middle">5 bis 9</entry><entry VJ="1" colname="col2" valign="middle">5,9</entry></row><row><entry VJ="1" colname="col1" valign="middle">0 bis 4</entry><entry VJ="1" colname="col2" valign="middle">6,0</entry></row></tbody></tgroup></table></Content></text><fussnoten><Content><P>(+++ Zur Anwendung vgl. §§ 1 u. 3 FortbVenÄndV6AnwV +++)</P></Content></fussnoten></textdaten></norm>
<norm builddate="20200403212539" doknr="BJNR360800013BJNE001302128"><metadaten><jurabk>GlasIndMstrFortbV</jurabk><enbez>Anlage 2</enbez><titel format="XML">(zu § 9)<BR/>Zeugnisinhalte</titel></metadaten><textdaten><text format="XML"><Content><P><noindex><kommentar typ="Fundstelle">(Fundstelle: BGBl. I 2019, 2392 – 2393)</kommentar></noindex><BR/><BR/></P><P><SP>Teil A – Zeugnis ohne Prüfungsergebnisse:</SP><DL Font="normal" Type="arabic"><DT>1.</DT><DD Font="normal"><LA Size="normal">Bezeichnung der ausstellenden Behörde,</LA></DD><DT>2.</DT><DD Font="normal"><LA Size="normal">Name und Geburtsdatum der zu prüfenden Person,</LA></DD><DT>3.</DT><DD Font="normal"><LA Size="normal">Datum des Bestehens der Prüfung,</LA></DD><DT>4.</DT><DD Font="normal"><LA Size="normal">Bezeichnung des erworbenen Fortbildungsabschlusses nach § 1 Absatz 4,</LA></DD><DT>5.</DT><DD Font="normal"><LA Size="normal">Bezeichnung und Fundstelle dieser Fortbildungsordnung nach den Angaben im Bundesgesetzblatt unter Berücksichtigung erfolgter Änderungen dieser Verordnung,</LA></DD><DT>6.</DT><DD Font="normal"><LA Size="normal">Datum der Ausstellung des Zeugnisses samt Unterschrift der zuständigen Stelle.</LA></DD></DL></P><P><SP>Teil B – Zeugnis mit Prüfungsergebnissen:</SP></P><P>Alle Angaben des Teils A sowie zusätzlich: <DL Font="normal" Type="arabic"><DT>1.</DT><DD Font="normal"><LA Size="normal">zum Prüfungsteil „Fachrichtungsübergreifende Basisqualifikationen“ <DL Font="normal" Type="alpha"><DT>a)</DT><DD Font="normal"><LA Size="normal">Benennung dieses Prüfungsteils und Bewertung mit Note sowie</LA></DD><DT>b)</DT><DD Font="normal"><LA Size="normal">Benennung der fünf Prüfungsbereiche und Bewertung mit Punkten,</LA></DD></DL></LA></DD><DT>2.</DT><DD Font="normal"><LA Size="normal">zum Prüfungsteil „Handlungsspezifische Qualifikationen“ <DL Font="normal" Type="alpha"><DT>a)</DT><DD Font="normal"><LA Size="normal">Benennung dieses Prüfungsteils sowie</LA></DD><DT>b)</DT><DD Font="normal"><LA Size="normal">Benennung der beiden schriftlichen Situationsaufgaben und des situationsbezogenen Fachgesprächs sowie Bewertung mit Punkten und mit Noten,</LA></DD></DL></LA></DD><DT>3.</DT><DD Font="normal"><LA Size="normal">die errechnete Gesamtpunktzahl für die gesamte Prüfung,</LA></DD><DT>4.</DT><DD Font="normal"><LA Size="normal">die Gesamtnote als Dezimalzahl,</LA></DD><DT>5.</DT><DD Font="normal"><LA Size="normal">die Gesamtnote in Worten,</LA></DD><DT>6.</DT><DD Font="normal"><LA Size="normal">Befreiungen nach § 6,</LA></DD><DT>7.</DT><DD Font="normal"><LA Size="normal">Vorliegen des Nachweises über den Erwerb der berufs- und arbeitspädagogischen Qualifikationen nach § 2 Absatz 2.</LA></DD></DL></P></Content></text><fussnoten><Content><P>(+++ Zur Anwendung vgl. §§ 1 u. 3 FortbVenÄndV6AnwV +++)</P></Content></fussnoten></textdaten></norm>
</dokumente>