<?xml version="1.0" encoding="UTF-8" ?><!DOCTYPE dokumente SYSTEM "http://www.gesetze-im-internet.de/dtd/1.01/gii-norm.dtd">
<dokumente builddate="20130405125142" doknr="BJNR007330982"><norm builddate="20130405125142" doknr="BJNR007330982"><metadaten><jurabk>SeeSchAÜV</jurabk><ausfertigung-datum manuell="ja">1982-06-23</ausfertigung-datum><fundstelle typ="amtlich"><periodikum>BGBl I</periodikum><zitstelle>1982, 733</zitstelle></fundstelle><kurzue>Seeschiffahrtsaufgaben-Übertragungsverordnung</kurzue><langue>Verordnung zur Übertragung von Aufgaben auf dem Gebiet der Seeschiffahrt
zur Ausübung auf die Bundespolizei und die Zollverwaltung</langue><standangabe checked="ja"><standtyp>Stand</standtyp><standkommentar>Zuletzt geändert durch Art. 120 G v. 21.6.2005 I 1818</standkommentar></standangabe></metadaten><textdaten><fussnoten><Content><P>(+++ Textnachweis ab: 1.7.1982 +++)</P><P><BR/> Überschrift: IdF d. Art. 120 Nr. 1 G v. 21.6.2005 I 1818 mWv 1.7.2005</P></Content></fussnoten></textdaten></norm>
<norm builddate="20130405125142" doknr="BJNR007330982BJNE000100326"><metadaten><jurabk>SeeSchAÜV</jurabk><enbez>Eingangsformel</enbez></metadaten><textdaten><text format="XML"><Content><P>Auf Grund des § 3 Abs. 2 des Gesetzes über die Aufgaben des Bundes auf dem Gebiet der Seeschiffahrt in der Fassung der Bekanntmachung vom 30. Juni 1977 (BGBl. I S. 1314), der durch Artikel 3 Nr. 2 des Gesetzes vom 23. Dezember 1981 (BGBl. 1982 II S. 2) geändert worden ist, wird im Einvernehmen mit dem Bundesminister des Innern und dem Bundesminister der Finanzen verordnet:</P></Content></text></textdaten></norm>
<norm builddate="20130405125142" doknr="BJNR007330982BJNE000202308"><metadaten><jurabk>SeeSchAÜV</jurabk><enbez>§ 1</enbez></metadaten><textdaten><text format="XML"><Content><P>(1) Seewärts der Begrenzung des deutschen Küstenmeeres werden der Bundespolizei und der Zollverwaltung folgende Aufgaben nach § 1 Nr. 3 Buchstabe a, b und d Doppelbuchstabe aa des Seeaufgabengesetzes zur Ausübung übertragen: <DL Font="normal" Type="arabic"><DT>1.</DT><DD Font="normal"><LA Size="normal">die Einhaltung der Vorschriften über<DL Font="normal" Type="arabic"><DT>a)</DT><DD Font="normal"><LA Size="normal">die Sicherheit und Leichtigkeit des Verkehrs, die Abwehr von Gefahren für das Wasser und die Verhütung der von der Seeschiffahrt ausgehenden Gefahren und schädlichen Umwelteinwirkungen,</LA></DD> <DT>b)</DT><DD Font="normal"><LA Size="normal">die Schiffssicherheit einschließlich des Freibords,</LA></DD> <DT>c)</DT><DD Font="normal"><LA Size="normal">die Besetzung und Bemannung von Schiffen,</LA></DD> <DT>d)</DT><DD Font="normal"><LA Size="normal">die Eignung und Befähigung des Kapitäns und der Besatzungsmitglieder von Schiffen und</LA></DD> <DT>e)</DT><DD Font="normal"><LA Size="normal">die Sicherheit und Gesundheit der Seeleute,</LA></DD> </DL></LA><LA Size="normal">soweit das Völkerrecht dies zuläßt oder erfordert, zu überwachen,</LA></DD>  <DT>2.</DT><DD Font="normal"><LA Size="normal">die unaufschiebbaren Maßnahmen zur<DL Font="normal" Type="arabic"><DT>a)</DT><DD Font="normal"><LA Size="normal">Abwehr von Gefahren für den Schiffsverkehr oder für das Wasser, die von Schiffen unter der Bundesflagge ausgehen, nach pflichtgemäßem Ermessen,</LA></DD> <DT>b)</DT><DD Font="normal"><LA Size="normal">Erfüllung völkerrechtlicher oder zwischenstaatlicher Verpflichtungen oder zur Wahrnehmung völkerrechtlicher oder zwischenstaatlicher Befugnisse der Bundesrepublik Deutschland</LA></DD> </DL></LA><LA Size="normal">zu treffen,</LA></DD>  <DT>3.</DT><DD Font="normal"><LA Size="normal">die Vollzugs- und Ermittlungsmaßnahmen auf den in Nummer 1 genannten Gebieten auf Ersuchen der zuständigen Behörden durchzuführen.</LA></DD> </DL> </P><P>(2) Auf den Seeschiffahrtstraßen und im übrigen deutschen Küstenmeer werden der Bundespolizei und der Zollverwaltung folgende Aufgaben des Bundes auf dem Gebiet der Seeschiffahrt zur Ausübung übertragen: <DL Font="normal" Type="arabic"><DT>1.</DT><DD Font="normal"><LA Size="normal">die zur Beseitigung einer bereits eingetretenen Störung der Sicherheit oder Leichtigkeit des Schiffsverkehrs und</LA></DD> <DT>2.</DT><DD Font="normal"><LA Size="normal">die zur Abwehr einer unmittelbar bevorstehenden Gefahr</LA></DD> </DL>notwendigen Vollzugsmaßnahmen zu treffen, soweit sie nicht nach Maßgabe der Vereinbarungen zwischen dem Bund und den Küstenländern über die Ausübung der schiffahrtpolizeilichen Vollzugsaufgaben von der Wasserschutzpolizei der Länder ausgeübt werden oder diese nicht erreichbar ist.</P></Content></text><fussnoten/></textdaten></norm>
<norm builddate="20130405125142" doknr="BJNR007330982BJNE000301308"><metadaten><jurabk>SeeSchAÜV</jurabk><enbez>§ 2</enbez></metadaten><textdaten><text format="XML"><Content><P>Die Bundespolizei und die Zollverwaltung nehmen die Aufgaben nach den von den zuständigen Behörden erteilten fachlichen Weisungen wahr.</P></Content></text><fussnoten/></textdaten></norm>
<norm builddate="20130405125142" doknr="BJNR007330982BJNE000400326"><metadaten><jurabk>SeeSchAÜV</jurabk><enbez>§ 3</enbez></metadaten><textdaten><text format="XML"><Content><P>Diese Verordnung tritt am ersten Tage des auf die Verkündung folgenden Kalendermonats in Kraft.</P></Content></text></textdaten></norm>
<norm builddate="20130405125142" doknr="BJNR007330982BJNE000500326"><metadaten><jurabk>SeeSchAÜV</jurabk><enbez>Schlußformel</enbez></metadaten><textdaten><text format="XML"><Content><P><SP>Der Bundesminister für Verkehr</SP></P></Content></text></textdaten></norm>
</dokumente>