<?xml version="1.0" encoding="UTF-8" ?><!DOCTYPE dokumente SYSTEM "http://www.gesetze-im-internet.de/dtd/1.01/gii-norm.dtd">
<dokumente builddate="20130405125842" doknr="BJNR017190965"><norm builddate="20130405125842" doknr="BJNR017190965"><metadaten><jurabk>BRiNV</jurabk><ausfertigung-datum manuell="ja">1965-10-15</ausfertigung-datum><fundstelle typ="amtlich"><periodikum>BGBl I</periodikum><zitstelle>1965, 1719</zitstelle></fundstelle><langue>Verordnung über die Nebentätigkeit der Richter im Bundesdienst</langue><standangabe checked="ja"><standtyp>Stand</standtyp><standkommentar>Zuletzt geändert durch Art. 209 Abs. 3 G v. 19.4.2006 I 866</standkommentar></standangabe></metadaten><textdaten><fussnoten><Content><P><BR/> <pre xml:space="preserve">(+++ Textnachweis Geltung ab: 1.1.1974 +++)<BR/><BR/></pre></P></Content></fussnoten></textdaten></norm>
<norm builddate="20130405125842" doknr="BJNR017190965BJNE000100666"><metadaten><jurabk>BRiNV</jurabk><enbez>Eingangsformel</enbez></metadaten><textdaten><text format="XML"><Content><P>Auf Grund des § 46 des Deutschen Richtergesetzes vom 8. September 1961 (Bundesgesetzbl. I S. 1665) in Verbindung mit § 69 des Bundesbeamtengesetzes in der Fassung der Bekanntmachung vom 1. Oktober 1961 (Bundesgesetzbl. I S. 1801) verordnet die Bundesregierung:</P></Content></text></textdaten></norm>
<norm builddate="20130405125842" doknr="BJNR017190965BJNE000200666"><metadaten><jurabk>BRiNV</jurabk><enbez>§ 1</enbez><titel format="parat">Grundsatz</titel></metadaten><textdaten><text format="XML"><Content><P>Der Richter darf eine Nebentätigkeit nur ausüben, wenn dadurch das Vertrauen in seine Unabhängigkeit, Unparteilichkeit oder Unbefangenheit nicht gefährdet wird.</P></Content></text></textdaten></norm>
<norm builddate="20130405125842" doknr="BJNR017190965BJNE000300666"><metadaten><jurabk>BRiNV</jurabk><enbez>§ 2</enbez><titel format="parat">Heranziehung zu einer Nebentätigkeit</titel></metadaten><textdaten><text format="XML"><Content><P>(1) Der Richter darf nur herangezogen werden zu <DL Font="normal" Type="arabic"><DT>1.</DT><DD Font="normal"><LA Size="normal">einer richterlichen Nebentätigkeit,</LA></DD> <DT>2.</DT><DD Font="normal"><LA Size="normal">einer Nebentätigkeit in der Gerichtsverwaltung und,</LA></DD> <DT>3.</DT><DD Font="normal"><LA Size="normal">soweit § 4 des Deutschen Richtergesetzes nicht entgegensteht, einer Nebentätigkeit in der übrigen Rechtspflege.</LA></DD> </DL> </P><P>(2) Vor der Heranziehung soll der Richter gehört werden.</P></Content></text></textdaten></norm>
<norm builddate="20130405125842" doknr="BJNR017190965BJNE000400666"><metadaten><jurabk>BRiNV</jurabk><enbez>§ 3</enbez><titel format="parat">Nebentätigkeit im öffentlichen Dienst</titel></metadaten><textdaten><text format="XML"><Content><P>(1) Im öffentlichen Dienst darf der Richter nur eine richterliche oder eine nach § 4 des Deutschen Richtergesetzes mit dem Richteramt vereinbare Nebentätigkeit wahrnehmen. Entsprechendes gilt für eine Tätigkeit, die der Nebentätigkeit im öffentlichen Dienst gleichsteht.</P><P>(2) Welche Tätigkeiten als öffentlicher Dienst anzusehen sind oder ihm gleichstehen, bestimmt sich nach den für Bundesbeamte geltenden Vorschriften.</P></Content> </text></textdaten></norm>
<norm builddate="20130405125842" doknr="BJNR017190965BJNE000501310"><metadaten><jurabk>BRiNV</jurabk><enbez>§ 4</enbez><titel format="parat">Allgemeine Genehmigung von Nebenbeschäftigungen</titel></metadaten><textdaten><text format="XML"><Content><P>(1) Die Genehmigung für eine oder mehrere Nebenbeschäftigungen gegen Vergütung außerhalb des öffentlichen Dienstes gilt allgemein als erteilt, wenn die Nebenbeschäftigungen insgesamt geringen Umfang haben und kein gesetzlicher Versagungsgrund vorliegt. Der Umfang einer oder mehrerer Nebenbeschäftigungen ist als gering anzusehen, wenn die Vergütung hierfür insgesamt 100 Euro im Monat nicht übersteigt. Die Nebenbeschäftigung ist der nach § 7 Abs. 1 für die Genehmigung einer Nebentätigkeit zuständigen Stelle anzuzeigen, es sei denn, daß es sich um eine einmalige, gelegentliche Nebenbeschäftigung handelt.</P><P>(2) Eine als genehmigt geltende Nebenbeschäftigung ist zu untersagen, wenn Umstände eintreten oder bekannt werden, die nach § 5 die Versagung einer Genehmigung rechtfertigen würden.</P></Content> </text><fussnoten/></textdaten></norm>
<norm builddate="20130405125842" doknr="BJNR017190965BJNE000600666"><metadaten><jurabk>BRiNV</jurabk><enbez>§ 5</enbez><titel format="parat">Versagung der Genehmigung</titel></metadaten><textdaten><text format="XML"><Content><P>Die Genehmigung für eine Nebentätigkeit ist zu versagen, wenn der Richter sie nach den §§ 4, 39, 40 oder 41 des Deutschen Richtergesetzes nicht wahrnehmen darf oder ein sonstiger gesetzlicher Versagungsgrund vorliegt. Dies gilt insbesondere, wenn zu besorgen ist, daß die Nebentätigkeit <DL Font="normal" Type="arabic"><DT>1.</DT><DD Font="normal"><LA Size="normal">das Vertrauen in die Unabhängigkeit, Unparteilichkeit oder Unbefangenheit des Richters gefährdet oder sonst mit dem Ansehen des Richterstandes oder mit dem Wohle der Allgemeinheit unvereinbar ist,</LA></DD> <DT>2.</DT><DD Font="normal"><LA Size="normal">die Arbeitskraft des Richters so stark in Anspruch nimmt, daß die ordnungsgemäße Erfüllung seiner richterlichen Pflichten beeinflußt wird, oder</LA></DD> <DT>3.</DT><DD Font="normal"><LA Size="normal">die Rechtspflege in anderer Weise beeinträchtigt.</LA></DD> </DL></P></Content></text></textdaten></norm>
<norm builddate="20130405125842" doknr="BJNR017190965BJNE000700666"><metadaten><jurabk>BRiNV</jurabk><enbez>§ 6</enbez><titel format="parat">Abgeordnete Richter</titel></metadaten><textdaten><text format="XML"><Content><P>(1) Für Richter, die an eine Verwaltungsbehörde oder zur Wahrnehmung einer nichtrichterlichen Tätigkeit an ein Gericht abgeordnet sind, gelten für die Dauer der Abordnung die Vorschriften über die Nebentätigkeit der Beamten. Jedoch darf dem Richter während der Abordnung eine Tätigkeit als Schiedsrichter, Schiedsgutachter oder Schlichter, die Erstattung von Rechtsgutachten oder die Erteilung von Rechtsauskünften nur nach Maßgabe der §§ 40 und 41 des Deutschen Richtergesetzes genehmigt werden.</P><P>(2) Nebentätigkeiten, zu denen der Richter während der Abordnung herangezogen worden ist, dürfen nach Beendigung der Abordnung nicht mehr ausgeübt werden, wenn sie nach § 4 des Deutschen Richtergesetzes mit dem Richteramt unvereinbar sind. Genehmigungen für die Ausübung solcher Nebentätigkeiten sind zu widerrufen, die Ausübung der als genehmigt geltenden Nebentätigkeiten ist zu untersagen.</P></Content> </text></textdaten></norm>
<norm builddate="20130405125842" doknr="BJNR017190965BJNE000800666"><metadaten><jurabk>BRiNV</jurabk><enbez>§ 7</enbez><titel format="parat">Verfahren</titel></metadaten><textdaten><text format="XML"><Content><P>(1) Über den Antrag auf Genehmigung einer Nebentätigkeit, über den Widerruf der Genehmigung und über die Untersagung einer als genehmigt geltenden Nebentätigkeit entscheidet die oberste Dienstbehörde. Sie kann ihre Befugnisse außer in den Fällen des § 41 Abs. 2 des Deutschen Richtergesetzes allgemein oder für den Einzelfall auf den Präsidenten eines Gerichts in ihrem Geschäftsbereich übertragen.</P><P>(2) Wird die Genehmigung widerrufen oder die Ausübung der Nebentätigkeit untersagt, so soll dem Richter eine nach den Umständen angemessene Frist zur Abwicklung der Nebentätigkeit eingeräumt werden, soweit die dienstlichen Interessen dies gestatten.</P></Content> </text></textdaten></norm>
<norm builddate="20130405125842" doknr="BJNR017190965BJNE000901309"><metadaten><jurabk>BRiNV</jurabk><enbez>§ 8</enbez><titel format="parat">Vergütungen</titel></metadaten><textdaten><text format="XML"><Content><P>(1) Die für Bundesbeamte geltenden Vorschriften über die Vergütung für eine Nebentätigkeit und über die Abrechnung und Ablieferung der Vergütung sowie über die Genehmigungspflicht für die Inanspruchnahme von Einrichtungen, Personal oder Material des Dienstherrn bei Ausübung einer Nebentätigkeit und die Entrichtung eines Entgelts sind entsprechend anzuwenden.</P><P>(2) Für eine richterliche Nebentätigkeit bei einem Gericht des Bundes darf eine Vergütung nur auf Grund eines Gesetzes gewährt werden.</P></Content> </text><fussnoten/></textdaten></norm>
<norm builddate="20130405125842" doknr="BJNR017190965BJNE001000666"><metadaten><jurabk>BRiNV</jurabk><enbez>§ 9</enbez><titel format="parat">Richter des Bundesverfassungsgerichts</titel></metadaten><textdaten><text format="XML"><Content><P>Diese Verordnung gilt nicht für die Richter des Bundesverfassungsgerichts.</P></Content></text></textdaten></norm>
<norm builddate="20130405125842" doknr="BJNR017190965BJNE001101301"><metadaten><jurabk>BRiNV</jurabk><enbez>§ 10</enbez></metadaten><textdaten><text format="XML"><Content><P>(weggefallen)</P></Content></text><fussnoten/></textdaten></norm>
<norm builddate="20130405125842" doknr="BJNR017190965BJNE001200666"><metadaten><jurabk>BRiNV</jurabk><enbez>§ 11</enbez><titel format="parat">Inkrafttreten</titel></metadaten><textdaten><text format="XML"><Content><P>Diese Verordnung tritt am ersten Tage des auf die Verkündung folgenden Kalendermonats in Kraft.</P></Content></text></textdaten></norm>
</dokumente>