<?xml version="1.0" encoding="UTF-8" ?><!DOCTYPE dokumente SYSTEM "http://www.gesetze-im-internet.de/dtd/1.01/gii-norm.dtd">
<dokumente builddate="20240424214514" doknr="BJNR505070001"><norm builddate="20240424214514" doknr="BJNR505070001"><metadaten><jurabk>LuftVODV 203</jurabk><ausfertigung-datum manuell="ja">2001-02-23</ausfertigung-datum><fundstelle typ="amtlich"><periodikum>BAnz</periodikum><zitstelle>2001, Nr 50, 3831</zitstelle></fundstelle><fundstelle typ="amtlich"><periodikum>BAnz</periodikum><zitstelle>2001, 3831</zitstelle></fundstelle><langue>Zweihundertdritte Durchführungsverordnung zur Luftverkehrs-Ordnung (Festlegung von Flugverfahren für An- und Abflüge nach Sichtflugregeln zum und vom Verkehrslandeplatz Augsburg)</langue></metadaten><textdaten><text format="decorated"/><fussnoten><Content><P>Wegen nicht darstellbarer Zeichen nur mit der Überschrift aufgenommen.</P></Content></fussnoten></textdaten></norm>
</dokumente>