<?xml version="1.0" encoding="UTF-8" ?><!DOCTYPE dokumente SYSTEM "http://www.gesetze-im-internet.de/dtd/1.01/gii-norm.dtd">
<dokumente builddate="20131008093526" doknr="BJNR013130973"><norm builddate="20131008093526" doknr="BJNR013130973"><metadaten><jurabk>WasSV 2</jurabk><amtabk>2. WasSV</amtabk><ausfertigung-datum manuell="ja">1973-09-11</ausfertigung-datum><fundstelle typ="amtlich"><periodikum>BGBl I</periodikum><zitstelle>1973, 1313</zitstelle></fundstelle><langue>Zweite Wassersicherstellungsverordnung</langue><standangabe checked="ja"><standtyp>Stand</standtyp><standkommentar>Geändert durch Art. 1 V v. 25.4.1978 I 583</standkommentar></standangabe></metadaten><textdaten><fussnoten><Content><P><BR/> <pre xml:space="preserve">(+++ Textnachweis Geltung ab: 1.4.1978 +++)<BR/><BR/></pre></P></Content></fussnoten></textdaten></norm>
<norm builddate="20131008093526" doknr="BJNR013130973BJNE000100304"><metadaten><jurabk>WasSV 2</jurabk><enbez>Eingangsformel</enbez></metadaten><textdaten><text format="XML"><Content><P>Auf Grund des § 3 Nr. 3 des Wassersicherstellungsgesetzes vom 24. August 1965 (Bundesgesetzblatt I S. 1225), geändert durch das Einführungsgesetz zum Gesetz über Ordnungswidrigkeiten vom 24. Mai 1968 (Bundesgesetzbl. I S. 503), verordnet die Bundesregierung mit Zustimmung des Bundesrates:</P></Content></text></textdaten></norm>
<norm builddate="20131008093526" doknr="BJNR013130973BJNE000200304"><metadaten><jurabk>WasSV 2</jurabk><enbez>§ 1</enbez><titel format="parat">Anwendungsbereich</titel></metadaten><textdaten><text format="XML"><Content><P>Die Bestimmungen dieser Verordnung gelten für Brunnen und Quellfassungen, die als selbständig zu betreibende Einzelanlagen zur <DL Font="normal" Type="arabic"><DT>1.</DT><DD Font="normal"><LA Size="normal">Deckung des lebensnotwendigen Bedarfs an Trinkwasser,</LA></DD> <DT>2.</DT><DD Font="normal"><LA Size="normal">Versorgung mit Betriebswasser im unentbehrlichen Umfang,</LA></DD> <DT>3.</DT><DD Font="normal"><LA Size="normal">Deckung des Bedarfs an Löschwasser</LA></DD> </DL>nach dem Wassersicherstellungsgesetz gebaut oder umgebaut werden. Sie gelten nicht für Brunnen und Quellfassungen der zentralen Wasserversorgung.</P></Content></text></textdaten></norm>
<norm builddate="20131008093526" doknr="BJNR013130973BJNE000300304"><metadaten><jurabk>WasSV 2</jurabk><enbez>§ 2</enbez><titel format="parat">Allgemeine Anforderungen</titel></metadaten><textdaten><text format="XML"><Content><P>Brunnen und Quellfassungen sind nach den allgemein anerkannten Regeln der Technik zu bauen oder umzubauen, soweit diese Verordnung nichts anderes bestimmt.</P></Content></text></textdaten></norm>
<norm builddate="20131008093526" doknr="BJNR013130973BJNE000400304"><metadaten><jurabk>WasSV 2</jurabk><enbez>§ 3</enbez><titel format="parat">Bauweise, Baustoffe und Bestandteile von Brunnen</titel></metadaten><textdaten><text format="XML"><Content><P>(1) Bauweise und Baustoffe von Brunnen müssen so beschaffen sein, daß sie elektrolytischen und chemischen Einwirkungen für eine möglichst lange Zeit widerstehen. Die Bauweise der Brunnen muß den hydrogeologischen Verhältnissen entsprechen.</P><P>(2) Brunnenschacht und Brunnenkopf müssen so hergestellt werden, daß das Wasser für seine vorgesehene Verwendung nicht durch Einwirkung von außen, insbesondere durch radioaktive Niederschläge oder biologische oder chemische Kampfmittel, beeinträchtigt werden kann.</P><P>(3) Art und Ausbildung der Förderanlage werden bestimmt durch die hydrogeologischen Verhältnisse und die Wasserbereitstellung. Bei ausreichendem Grundwasserstand und einer Wasserbereitstellung bis <ABWFORMAT typ="A"/>3 cbm/h sind weitgehend Handpumpen einzusetzen. In allen anderen Fällen soll die Förderanlage aus Pumpe und Motor bestehen; Abweichungen dürfen in begründeten Fällen vorgesehen werden. Entsprechend der Konstruktion kann ein Hydrant mit Schlüssel und Standrohr zur Förderanlage gehören. Für Pumpen mit Elektromotor ist außer dem Netzanschluß der Anschluß für ein Notstromaggregat oder eine gleichwertige Einrichtung vorzusehen.</P><P>(4) Die unmittelbare Umgebung von Brunnen ist so zu befestigen, daß sie jederzeit befahrbar ist und das anfallende Niederschlagswasser oberirdisch abfließen kann. Werden Pumpen mit Verbrennungsmotoren eingesetzt, muß der Standplatz so gewählt oder hergerichtet werden, daß Mineralöl weder versickern noch in das abzugebende Wasser gelangen kann.</P></Content>   </text></textdaten></norm>
<norm builddate="20131008093526" doknr="BJNR013130973BJNE000500304"><metadaten><jurabk>WasSV 2</jurabk><enbez>§ 4</enbez><titel format="parat">Besondere Anforderungen für Trinkwasser-Notbrunnen</titel></metadaten><textdaten><text format="XML"><Content><P>(1) Neu zu bauende Brunnen, die zur Versorgung mit Trinkwasser bestimmt sind, müssen in der Regel als Bohrbrunnen gebaut werden. Sie müssen aus folgenden Teilen bestehen: <DL Font="normal" Type="arabic"><DT/><DD Font="normal"><LA Size="normal">Sumpfrohr mit Boden, Filterrohr, Aufsatzrohr, Brunnenkopf, Förderleitung und Brunnenschacht mit tagwasserdichter Schachtabdeckung.</LA></DD> </DL>Abweichungen dürfen nur in begründeten Ausnahmefällen vorgesehen werden. Es sind Förderanlagen nach § 3 Abs. 3 vorzusehen.</P><P>(2) Umzubauende Brunnen, die zur Versorgung mit Trinkwasser bestimmt sind, müssen mindestens eine tagwasserdichte Abdeckung sowie eine Förderanlage nach § 3 Abs. 3 haben.</P></Content> </text></textdaten></norm>
<norm builddate="20131008093526" doknr="BJNR013130973BJNE000600304"><metadaten><jurabk>WasSV 2</jurabk><enbez>§ 5</enbez><titel format="parat">Festigkeitsnachweis</titel></metadaten><textdaten><text format="XML"><Content><P>Die Bauteile eines Brunnens müssen folgenden Anforderungen genügen: <DL Font="normal" Type="arabic"><DT>1.</DT><DD Font="normal"><LA Size="normal">Brunnenschacht<DL Font="normal" Type="arabic"><DT>a)</DT><DD Font="normal"><LA Size="normal">Es ist ein kreisförmiger Querschnitt mit möglichst kleinem Durchmesser zu wählen.</LA></DD><DT>b)</DT><DD Font="normal"><LA Size="normal">Nacheinander sind folgende Lastfälle anzusetzen:<DL Font="normal" Type="arabic"><DT>aa)</DT><DD Font="normal"><LA Size="normal">eine gleichmäßig verteilte senkrechte Gebrauchslast in Geländehöhe von <ABWFORMAT typ="A"/>200 kN/qm,</LA></DD><DT>bb)</DT><DD Font="normal"><LA Size="normal">ein gleichmäßig verteilter Außendruck (Kreisringdruck) von <ABWFORMAT typ="A"/>150 kN/qm.</LA></DD></DL></LA></DD><DT>c)</DT><DD Font="normal"><LA Size="normal">Der Kreisringquerschnitt muß unter einem horizontal in einer Richtung wirkenden Bodendruck <ABWFORMAT typ="A"/>&quot;p&quot; (kN/qm)</LA><LA Size="normal">entweder<DL Font="normal" Type="arabic"><DT>aa)</DT><DD Font="normal"><LA Size="normal">eine Verformung von 1% seines Durchmessers ohne Überschreitung der zulässigen Spannungen aufnehmen</LA><LA Size="normal">oder</LA></DD><DT>bb)</DT><DD Font="normal"><LA Size="normal">für ein Biegemoment</LA></DD></DL></LA></DD></DL></LA></DD></DL><BR/><pre xml:space="preserve">                         a(tief)a(hoch)2<BR/>            <ABWFORMAT typ="A"/>M = p(tief)o --------------- (kN x m)<BR/>                               2</pre><DL Font="normal" Type="arabic"><DT/><DD Font="normal"><LA Size="normal"><DL Font="normal" Type="arabic"><DT/><DD Font="normal"><LA Size="normal"><DL Font="normal" Type="arabic"><DT/><DD Font="normal"><LA Size="normal">bemessen werden</LA><LA Size="normal">oder</LA></DD><DT>cc)</DT><DD Font="normal"><LA Size="normal">eine Scheiteldrucklast von</LA></DD></DL></LA></DD></DL></LA></DD></DL><BR/><pre xml:space="preserve">                                 a(tief)a(hoch)2 x Pi<BR/>            <ABWFORMAT typ="A"/>P = 1,7 x p(tief)o x --------------------- (kN/m)<BR/>                                     2 x a(tief)i</pre><DL Font="normal" Type="arabic"><DT/><DD Font="normal"><LA Size="normal"><DL Font="normal" Type="arabic"><DT/><DD Font="normal"><LA Size="normal"><DL Font="normal" Type="arabic"><DT/><DD Font="normal"><LA Size="normal">aufnehmen.</LA></DD></DL></LA><LA Size="normal">Hierbei bedeuten:</LA><LA Size="normal"><ABWFORMAT typ="A"/>P(tief)o = 50 (kN/qm)</LA><LA Size="normal"><ABWFORMAT typ="A"/>a(tief)a = Außenradius (m)</LA><LA Size="normal"><ABWFORMAT typ="A"/>a(tief)i = Innenradius (m).</LA></DD></DL></LA></DD><DT>2.</DT><DD Font="normal"><LA Size="normal">Brunnenrohre und Brunnenkopf</LA><LA Size="normal">Die als Brunnenelemente verwendeten Rohre sind nacheinander für folgende Lastfälle zu bemessen:<DL Font="normal" Type="arabic"><DT>a)</DT><DD Font="normal"><LA Size="normal">einen gleichmäßig verteilten Außendruck (Kreisringdruck) von <ABWFORMAT typ="A"/>200 kN/qm</LA></DD><DT>b)</DT><DD Font="normal"><LA Size="normal">unter einem horizontal in einer Richtung wirkenden Bodendruck <ABWFORMAT typ="A"/>&quot;p&quot; (kN/qm) muß eine Verformung von 1% des Durchmessers ohne Überschreitung der zulässigen Spannungen aufgenommen werden können.</LA></DD></DL></LA></DD></DL></P></Content></text><fussnoten/></textdaten></norm>
<norm builddate="20131008093526" doknr="BJNR013130973BJNE000700304"><metadaten><jurabk>WasSV 2</jurabk><enbez>§ 6</enbez><titel format="parat">Bauweise, Baustoffe und Bestandteile von
Quellfassungen</titel></metadaten><textdaten><text format="XML"><Content><P>(1) Quellfassungen dürfen nur dann gebaut oder umgebaut werden, wenn eine ausreichende Quellschüttung gewährleistet ist.</P><P>(2) Bauweise und Baustoffe von Quellfassungen müssen sich nach Art der Quelle und nach den örtlichen Verhältnissen richten. Die Quellfassungen müssen so beschaffen sein, daß sie elektrolytischen und chemischen Einwirkungen für eine möglichst lange Zeit widerstehen.</P><P>(3) Quellfassungen müssen die Bauteile enthalten, die zur Wasserfassung und Wasserabgabe erforderlich sind. Die Quellfassungen und der Sammelschacht sind entsprechend der vorgesehenen Verwendung des Wassers gegen unter- und oberirdische Verunreinigung abzudichten. Über der Sickerleitung soll eine Deckschicht von mindestens 3 m liegen. Überschüssiges Quellwasser muß ungehindert und ohne Schaden für die Umgebung abfließen können.</P><P>(4) Eine Pumpanlage ist nur vorzuhalten, wenn sie zur Wasserförderung für einen notwendigen Druck des Wassers an der Verteilerstelle erforderlich ist. Die Art der Pumpanlage richtet sich nach der Quellschüttung und nach dem Fördervermögen der Zuleitung bis zur Verteilerstelle. Bei Quellen mit einer Schüttung bis zu <ABWFORMAT typ="A"/>3 cbm/h sind weitgehend Handpumpen, in allen anderen Fällen Motorpumpen zu verwenden. Für Pumpen mit Elektromotor ist außer dem Netzanschluß der Anschluß für ein Notstromaggregat vorzusehen.</P><P>(5) Die unmittelbare Umgebung der Wasserentnahmestelle ist so zu befestigen, daß sie begehbar ist. Bei Pumpen mit Verbrennungsmotor muß der Standplatz so hergerichtet werden, daß Mineralöl weder versickern noch in das abzugebende Wasser gelangen kann.</P></Content>    </text></textdaten></norm>
<norm builddate="20131008093526" doknr="BJNR013130973BJNE000800304"><metadaten><jurabk>WasSV 2</jurabk><enbez>§ 7</enbez><titel format="parat">Inkrafttreten</titel></metadaten><textdaten><text format="XML"><Content><P>Diese Verordnung tritt am Tage nach ihrer Verkündung in Kraft.</P></Content></text></textdaten></norm>
</dokumente>