<?xml version="1.0" encoding="UTF-8" ?><!DOCTYPE dokumente SYSTEM "http://www.gesetze-im-internet.de/dtd/1.01/gii-norm.dtd">
<dokumente builddate="20250731220003" doknr="BJNR0510A0025"><norm builddate="20250731220003" doknr="BJNR0510A0025"><metadaten><jurabk>JFAngAusbV 2025</jurabk><amtabk>JFAngAusbV</amtabk><ausfertigung-datum manuell="ja">2025-02-26</ausfertigung-datum><fundstelle typ="amtlich"><periodikum>BGBl. I</periodikum><zitstelle>2025, Nr. 81</zitstelle></fundstelle><kurzue>Justizfachangestellten-Ausbildungsverordnung</kurzue><langue>Verordnung über die Berufsausbildung zum Justizfachangestellten und zur Justizfachangestellten<FnR ID="F832773_01_BJNR0510A0025"/></langue><standangabe checked="ja"><standtyp>Sonst</standtyp><standkommentar>Ersetzt V 806-21-1-249 v. 26.1.1998 I 195 (JFAngAusbV)</standkommentar></standangabe></metadaten><textdaten><text format="XML"><Footnotes><Footnote FnZ="*" Group="column" ID="F832773_01_BJNR0510A0025" Pos="exp"><noindex>Diese Rechtsverordnung ist eine Ausbildungsordnung im Sinne des § 4 des Berufsbildungsgesetzes. Die Ausbildungsordnung und der damit abgestimmte, von der Ständigen Konferenz der Kultusminister der Länder in der Bundesrepublik Deutschland beschlossene Rahmenlehrplan für die Berufsschule werden demnächst im amtlichen Teil des Bundesanzeigers veröffentlicht.</noindex></Footnote></Footnotes></text><fussnoten><Content><P><BR/> <pre xml:space="preserve">(+++ Textnachweis ab: 1.8.2025 +++)<BR/><BR/></pre></P></Content></fussnoten></textdaten></norm>
<norm builddate="20250731220003" doknr="BJNR0510A0025BJNE000100000"><metadaten><jurabk>JFAngAusbV 2025</jurabk><jurabk>JFAngAusbV</jurabk><enbez>Eingangsformel</enbez></metadaten><textdaten><text format="XML"><Content><P>Auf Grund des § 4 Absatz 1 des Berufsbildungsgesetzes, der durch Artikel 1 Nummer 4 Buchstabe a des Gesetzes vom 19. Juli 2024 (BGBl. 2024 I Nr. 246) geändert worden ist, verordnet das Bundesministerium der Justiz im Einvernehmen mit dem Bundesministerium für Bildung und Forschung:</P></Content></text></textdaten></norm>
<norm builddate="20250731220003" doknr="BJNR0510A0025BJNE000200000"><metadaten><jurabk>JFAngAusbV 2025</jurabk><jurabk>JFAngAusbV</jurabk><enbez>Inhaltsübersicht</enbez></metadaten><textdaten><text format="XML"><Content><TOC><Ident Class="S5">Abschnitt 1</Ident><Title Align="auto" Class="S5">Gegenstand, Dauer und Gliederung der Berufsausbildung</Title><P/><table colsep="0" frame="none" pgwide="1" rowsep="0" tocentry="%yes;"><tgroup align="left" char="" charoff="50" cols="2"><colspec colname="col1" colwidth="10*"/><colspec colname="col2" colwidth="155*"/><tbody valign="top"><row><entry VJ="1" colname="col1">§ 1</entry><entry VJ="1" colname="col2">Staatliche Anerkennung des Ausbildungsberufes</entry></row><row><entry VJ="1" colname="col1">§ 2</entry><entry VJ="1" colname="col2">Dauer der Berufsausbildung</entry></row><row><entry VJ="1" colname="col1">§ 3</entry><entry VJ="1" colname="col2">Gegenstand der Berufsausbildung und Ausbildungsrahmenplan</entry></row><row><entry VJ="1" colname="col1">§ 4</entry><entry VJ="1" colname="col2">Struktur der Berufsausbildung und Ausbildungsberufsbild</entry></row><row><entry VJ="1" colname="col1">§ 5</entry><entry VJ="1" colname="col2">Ausbildungsplan</entry></row></tbody></tgroup></table><P/><Ident Class="S5">Abschnitt 2</Ident><Title Align="auto" Class="S5">Abschlussprüfung</Title><P/><table colsep="0" frame="none" pgwide="1" rowsep="0" tocentry="%yes;"><tgroup align="left" char="" charoff="50" cols="2"><colspec colname="col1" colwidth="10*"/><colspec colname="col2" colwidth="155*"/><tbody valign="top"><row><entry VJ="1" colname="col1">§ 6</entry><entry VJ="1" colname="col2">Aufteilung in zwei Teile und Zeitpunkt</entry></row><row><entry VJ="1" colname="col1">§ 7</entry><entry VJ="1" colname="col2">Inhalt des Teiles 1</entry></row><row><entry VJ="1" colname="col1">§ 8</entry><entry VJ="1" colname="col2">Prüfungsbereiche des Teiles 1</entry></row><row><entry VJ="1" colname="col1">§ 9</entry><entry VJ="1" colname="col2">Prüfungsbereich „Arbeitsabläufe in Straf- und Ordnungswidrigkeitenverfahren planen und umsetzen“</entry></row><row><entry VJ="1" colname="col1">§ 10</entry><entry VJ="1" colname="col2">Prüfungsbereich „Gerichtliche Entscheidungen in Zivilprozessverfahren und in Zwangsvollstreckungsverfahren in das bewegliche Vermögen vorbereiten und deren Umsetzung unterstützen“</entry></row><row><entry VJ="1" colname="col1">§ 11</entry><entry VJ="1" colname="col2">Inhalt des Teiles 2</entry></row><row><entry VJ="1" colname="col1">§ 12</entry><entry VJ="1" colname="col2">Prüfungsbereiche des Teiles 2</entry></row><row><entry VJ="1" colname="col1">§ 13</entry><entry VJ="1" colname="col2">Prüfungsbereich „Fachliche Sachbearbeitung“</entry></row><row><entry VJ="1" colname="col1">§ 14</entry><entry VJ="1" colname="col2">Prüfungsbereich „Auskünfte in Nachlasssachen und betreuungsgerichtlichen Angelegenheiten erteilen“</entry></row><row><entry VJ="1" colname="col1">§ 15</entry><entry VJ="1" colname="col2">Prüfungsbereich „Wirtschafts- und Sozialkunde“</entry></row><row><entry VJ="1" colname="col1">§ 16</entry><entry VJ="1" colname="col2">Gewichtung der Prüfungsbereiche und Anforderungen für das Bestehen der Abschlussprüfung</entry></row><row><entry VJ="1" colname="col1">§ 17</entry><entry VJ="1" colname="col2">Mündliche Ergänzungsprüfung</entry></row></tbody></tgroup></table><P/><Ident Class="S5">Abschnitt 3</Ident><Title Align="auto" Class="S5">Schlussvorschriften</Title><P/><table colsep="0" frame="none" pgwide="1" rowsep="0" tocentry="%yes;"><tgroup align="left" char="" charoff="50" cols="2"><colspec colname="col1" colwidth="10*"/><colspec colname="col2" colwidth="155*"/><tbody valign="top"><row><entry VJ="1" colname="col1">§ 18</entry><entry VJ="1" colname="col2">Bestehende Berufsausbildungsverhältnisse</entry></row><row><entry VJ="1" colname="col1">§ 19</entry><entry VJ="1" colname="col2">Inkrafttreten, Außerkrafttreten</entry></row></tbody></tgroup></table><P/><table colsep="0" frame="none" pgwide="1" rowsep="0" tocentry="%yes;"><tgroup align="left" char="" charoff="50" cols="2"><colspec colname="col1" colnum="1" colwidth="15*"/><colspec colname="col2" colnum="2" colwidth="150*"/><tbody valign="top"><row><entry VJ="1" colname="col1">Anlage</entry><entry VJ="1" colname="col2">Ausbildungsrahmenplan für die Berufsausbildung zum Justizfachangestellten und zur Justizfachangestellten</entry></row></tbody></tgroup></table><P/></TOC></Content></text></textdaten></norm>
<norm builddate="20250731220003" doknr="BJNR0510A0025BJNG000100000"><metadaten><jurabk>JFAngAusbV 2025</jurabk><jurabk>JFAngAusbV</jurabk><gliederungseinheit><gliederungskennzahl>010</gliederungskennzahl><gliederungsbez>Abschnitt 1</gliederungsbez><gliederungstitel>Gegenstand, Dauer und Gliederung der Berufsausbildung</gliederungstitel></gliederungseinheit></metadaten><textdaten/></norm>
<norm builddate="20250731220003" doknr="BJNR0510A0025BJNE000300000"><metadaten><jurabk>JFAngAusbV 2025</jurabk><jurabk>JFAngAusbV</jurabk><enbez>§ 1</enbez><titel format="XML">Staatliche Anerkennung des Ausbildungsberufes</titel></metadaten><textdaten><text format="XML"><Content><P>Der Ausbildungsberuf mit der Berufsbezeichnung des Justizfachangestellten und der Justizfachangestellten wird nach § 4 Absatz 1 des Berufsbildungsgesetzes staatlich anerkannt.</P></Content></text></textdaten></norm>
<norm builddate="20250731220003" doknr="BJNR0510A0025BJNE000400000"><metadaten><jurabk>JFAngAusbV 2025</jurabk><jurabk>JFAngAusbV</jurabk><enbez>§ 2</enbez><titel format="XML">Dauer der Berufsausbildung</titel></metadaten><textdaten><text format="XML"><Content><P>Die Berufsausbildung dauert drei Jahre.</P></Content></text></textdaten></norm>
<norm builddate="20250731220003" doknr="BJNR0510A0025BJNE000500000"><metadaten><jurabk>JFAngAusbV 2025</jurabk><jurabk>JFAngAusbV</jurabk><enbez>§ 3</enbez><titel format="XML">Gegenstand der Berufsausbildung und Ausbildungsrahmenplan</titel></metadaten><textdaten><text format="XML"><Content><P>(1) Gegenstand der Berufsausbildung sind mindestens die im Ausbildungsrahmenplan (Anlage) genannten Fertigkeiten, Kenntnisse und Fähigkeiten.</P><P>(2) Von der Organisation der Berufsausbildung, wie sie im Ausbildungsrahmenplan vorgegeben ist, darf von den Ausbildenden abgewichen werden, wenn und soweit betriebspraktische Besonderheiten oder Gründe, die in der Person des oder der Auszubildenden liegen, die Abweichung erfordern.</P><P>(3) Die im Ausbildungsrahmenplan genannten Fertigkeiten, Kenntnisse und Fähigkeiten sollen von den Ausbildenden so vermittelt werden, dass die Auszubildenden die berufliche Handlungsfähigkeit nach § 1 Absatz 3 des Berufsbildungsgesetzes erlangen. Die berufliche Handlungsfähigkeit schließt insbesondere selbständiges Planen, Durchführen und Kontrollieren bei der Ausübung der beruflichen Aufgaben ein.</P></Content></text></textdaten></norm>
<norm builddate="20250731220003" doknr="BJNR0510A0025BJNE000600000"><metadaten><jurabk>JFAngAusbV 2025</jurabk><jurabk>JFAngAusbV</jurabk><enbez>§ 4</enbez><titel format="XML">Struktur der Berufsausbildung und Ausbildungsberufsbild</titel></metadaten><textdaten><text format="XML"><Content><P>(1) Die Berufsausbildung gliedert sich in: <DL Type="arabic"><DT>1.</DT><DD Font="normal"><LA>berufsprofilgebende Fertigkeiten, Kenntnisse und Fähigkeiten sowie</LA></DD><DT>2.</DT><DD Font="normal"><LA>integrativ zu vermittelnde Fertigkeiten, Kenntnisse und Fähigkeiten.</LA></DD></DL>Die Fertigkeiten, Kenntnisse und Fähigkeiten sind in Berufsbildpositionen gebündelt.</P><P>(2) Die Berufsbildpositionen der berufsprofilgebenden Fertigkeiten, Kenntnisse und Fähigkeiten sind: <DL Type="arabic"><DT>1.</DT><DD Font="normal"><LA>Straf- und Ordnungswidrigkeitenverfahren organisieren,</LA></DD><DT>2.</DT><DD Font="normal"><LA>Zivilprozessverfahren begleiten,</LA></DD><DT>3.</DT><DD Font="normal"><LA>Zwangsvollstreckung in das bewegliche Vermögen organisieren,</LA></DD><DT>4.</DT><DD Font="normal"><LA>Zwangsvollstreckung in das unbewegliche Vermögen ausführen,</LA></DD><DT>5.</DT><DD Font="normal"><LA>Insolvenzverfahren umsetzen,</LA></DD><DT>6.</DT><DD Font="normal"><LA>Familiensachen bearbeiten,</LA></DD><DT>7.</DT><DD Font="normal"><LA>Nachlasssachen bearbeiten,</LA></DD><DT>8.</DT><DD Font="normal"><LA>betreuungsgerichtliche Angelegenheiten bearbeiten,</LA></DD><DT>9.</DT><DD Font="normal"><LA>Angelegenheiten beim Führen von öffentlichen Registern übernehmen und</LA></DD><DT>10.</DT><DD Font="normal"><LA>Angelegenheiten in Grundbuchsachen wahrnehmen.</LA></DD></DL></P><P>(3) Die Berufsbildpositionen der integrativ zu vermittelnden Fertigkeiten, Kenntnisse und Fähigkeiten sind: <DL Type="arabic"><DT>1.</DT><DD Font="normal"><LA>Organisation des Ausbildungsbetriebes, Berufsbildung sowie Arbeits- und Tarifrecht,</LA></DD><DT>2.</DT><DD Font="normal"><LA>Sicherheit und Gesundheit bei der Arbeit,</LA></DD><DT>3.</DT><DD Font="normal"><LA>Umweltschutz und Nachhaltigkeit,</LA></DD><DT>4.</DT><DD Font="normal"><LA>digitalisierte Arbeitswelt,</LA></DD><DT>5.</DT><DD Font="normal"><LA>Arbeitsprozesse organisieren,</LA></DD><DT>6.</DT><DD Font="normal"><LA>digitale Geschäftsprozesse umsetzen,</LA></DD><DT>7.</DT><DD Font="normal"><LA>Kommunikation und Zusammenarbeit gestalten sowie</LA></DD><DT>8.</DT><DD Font="normal"><LA>Kosten und Entschädigungen bearbeiten und berechnen.</LA></DD></DL></P></Content></text></textdaten></norm>
<norm builddate="20250731220003" doknr="BJNR0510A0025BJNE000700000"><metadaten><jurabk>JFAngAusbV 2025</jurabk><jurabk>JFAngAusbV</jurabk><enbez>§ 5</enbez><titel format="XML">Ausbildungsplan</titel></metadaten><textdaten><text format="XML"><Content><P>Die Ausbildenden haben spätestens zu Beginn der Ausbildung auf der Grundlage des Ausbildungsrahmenplans für jeden Auszubildenden und für jede Auszubildende einen Ausbildungsplan zu erstellen.</P></Content></text></textdaten></norm>
<norm builddate="20250731220003" doknr="BJNR0510A0025BJNG000200000"><metadaten><jurabk>JFAngAusbV 2025</jurabk><jurabk>JFAngAusbV</jurabk><gliederungseinheit><gliederungskennzahl>020</gliederungskennzahl><gliederungsbez>Abschnitt 2</gliederungsbez><gliederungstitel>Abschlussprüfung</gliederungstitel></gliederungseinheit></metadaten><textdaten/></norm>
<norm builddate="20250731220003" doknr="BJNR0510A0025BJNE000800000"><metadaten><jurabk>JFAngAusbV 2025</jurabk><jurabk>JFAngAusbV</jurabk><enbez>§ 6</enbez><titel format="XML">Aufteilung in zwei Teile und Zeitpunkt</titel></metadaten><textdaten><text format="XML"><Content><P>(1) Die Abschlussprüfung besteht aus den Teilen 1 und 2.</P><P>(2) Teil 1 soll im vierten Ausbildungshalbjahr stattfinden.</P><P>(3) Teil 2 findet am Ende der Berufsausbildung statt.</P><P>(4) Den jeweiligen Zeitpunkt der Teile 1 und 2 legt die zuständige Stelle fest.</P></Content></text></textdaten></norm>
<norm builddate="20250731220003" doknr="BJNR0510A0025BJNE000900000"><metadaten><jurabk>JFAngAusbV 2025</jurabk><jurabk>JFAngAusbV</jurabk><enbez>§ 7</enbez><titel format="XML">Inhalt des Teiles 1</titel></metadaten><textdaten><text format="XML"><Content><P>Teil 1 der Abschlussprüfung erstreckt sich auf <DL Type="arabic"><DT>1.</DT><DD Font="normal"><LA>die im Ausbildungsrahmenplan für die ersten 15 Monate genannten Fertigkeiten, Kenntnisse und Fähigkeiten sowie</LA></DD><DT>2.</DT><DD Font="normal"><LA>den im Berufsschulunterricht zu vermittelnden Lehrstoff, soweit er den im Ausbildungsrahmenplan genannten Fertigkeiten, Kenntnissen und Fähigkeiten entspricht.</LA></DD></DL></P></Content></text></textdaten></norm>
<norm builddate="20250731220003" doknr="BJNR0510A0025BJNE001000000"><metadaten><jurabk>JFAngAusbV 2025</jurabk><jurabk>JFAngAusbV</jurabk><enbez>§ 8</enbez><titel format="XML">Prüfungsbereiche des Teiles 1</titel></metadaten><textdaten><text format="XML"><Content><P>Teil 1 der Abschlussprüfung findet in den folgenden Prüfungsbereichen statt: <DL Type="arabic"><DT>1.</DT><DD Font="normal"><LA>„Arbeitsabläufe in Straf- und Ordnungswidrigkeitenverfahren planen und umsetzen“ und</LA></DD><DT>2.</DT><DD Font="normal"><LA>„Gerichtliche Entscheidungen in Zivilprozessverfahren und in Zwangsvollstreckungsverfahren in das bewegliche Vermögen vorbereiten und deren Umsetzung unterstützen“.</LA></DD></DL></P></Content></text></textdaten></norm>
<norm builddate="20250731220003" doknr="BJNR0510A0025BJNE001100000"><metadaten><jurabk>JFAngAusbV 2025</jurabk><jurabk>JFAngAusbV</jurabk><enbez>§ 9</enbez><titel format="XML">Prüfungsbereich „Arbeitsabläufe in Straf- und Ordnungswidrigkeitenverfahren planen und umsetzen“</titel></metadaten><textdaten><text format="XML"><Content><P>(1) Im Prüfungsbereich „Arbeitsabläufe in Straf- und Ordnungswidrigkeitenverfahren planen und umsetzen“ hat der Prüfling nachzuweisen, dass er in der Lage ist, <DL Type="arabic"><DT>1.</DT><DD Font="normal"><LA>Sachverhalte rechtlich einzuordnen,</LA></DD><DT>2.</DT><DD Font="normal"><LA>materiellrechtliche und verfahrensrechtliche Regelungen anzuwenden,</LA></DD><DT>3.</DT><DD Font="normal"><LA>Arbeitsaufgaben zu planen und durchzuführen,</LA></DD><DT>4.</DT><DD Font="normal"><LA>Vorgänge unter Berücksichtigung von Zeichnungs- und Vertretungsregelungen sowie unter Berücksichtigung von Weisungsbefugnissen zu bearbeiten,</LA></DD><DT>5.</DT><DD Font="normal"><LA>Anträge, Erklärungen, Rechtsmittel und Rechtsbehelfe zu Protokoll der Geschäftsstelle aufzunehmen sowie</LA></DD><DT>6.</DT><DD Font="normal"><LA>Arbeitsprozesse zu reflektieren und Maßnahmen zu deren Verbesserung vorzuschlagen.</LA></DD></DL></P><P>(2) Der Prüfling hat die Aufgaben schriftlich zu bearbeiten. Die Aufgaben müssen praxisbezogen sein.</P><P>(3) Die Prüfungszeit beträgt 60 Minuten.</P></Content></text></textdaten></norm>
<norm builddate="20250731220003" doknr="BJNR0510A0025BJNE001200000"><metadaten><jurabk>JFAngAusbV 2025</jurabk><jurabk>JFAngAusbV</jurabk><enbez>§ 10</enbez><titel format="XML">Prüfungsbereich „Gerichtliche Entscheidungen in Zivilprozessverfahren und in Zwangsvollstreckungsverfahren in das bewegliche Vermögen vorbereiten und deren Umsetzung unterstützen“</titel></metadaten><textdaten><text format="XML"><Content><P>(1) Im Prüfungsbereich „Gerichtliche Entscheidungen in Zivilprozessverfahren und in Zwangsvollstreckungsverfahren in das bewegliche Vermögen vorbereiten und deren Umsetzung unterstützen“ hat der Prüfling nachzuweisen, dass er in der Lage ist, <DL Type="arabic"><DT>1.</DT><DD Font="normal"><LA>Sachverhalte rechtlich zu beurteilen,</LA></DD><DT>2.</DT><DD Font="normal"><LA>materiellrechtliche und verfahrensrechtliche Regelungen anzuwenden,</LA></DD><DT>3.</DT><DD Font="normal"><LA>Zustellungen zu veranlassen,</LA></DD><DT>4.</DT><DD Font="normal"><LA>Fristen zu berechnen und zu überwachen sowie</LA></DD><DT>5.</DT><DD Font="normal"><LA>gerichtliche Entscheidungen entweder <DL Type="alpha"><DT>a)</DT><DD Font="normal"><LA>vorzubereiten,</LA></DD><DT>b)</DT><DD Font="normal"><LA>zu verarbeiten oder</LA></DD><DT>c)</DT><DD Font="normal"><LA>vorzubereiten und zu verarbeiten.</LA></DD></DL></LA></DD></DL></P><P>(2) Für den Nachweis nach Absatz 1 sind folgende Gebiete zugrunde zu legen: <DL Type="arabic"><DT>1.</DT><DD Font="normal"><LA>Zivilprozessverfahren und</LA></DD><DT>2.</DT><DD Font="normal"><LA>Zwangsvollstreckungsverfahren in das bewegliche Vermögen.</LA></DD></DL></P><P>(3) Der Prüfling hat die Aufgaben schriftlich zu bearbeiten. Die Aufgaben müssen praxisbezogen sein.</P><P>(4) Die Prüfungszeit beträgt 60 Minuten.</P></Content></text></textdaten></norm>
<norm builddate="20250731220003" doknr="BJNR0510A0025BJNE001300000"><metadaten><jurabk>JFAngAusbV 2025</jurabk><jurabk>JFAngAusbV</jurabk><enbez>§ 11</enbez><titel format="XML">Inhalt des Teiles 2</titel></metadaten><textdaten><text format="XML"><Content><P>(1) Teil 2 der Abschlussprüfung erstreckt sich auf <DL Type="arabic"><DT>1.</DT><DD Font="normal"><LA>die im Ausbildungsrahmenplan genannten Fertigkeiten, Kenntnisse und Fähigkeiten sowie</LA></DD><DT>2.</DT><DD Font="normal"><LA>den im Berufsschulunterricht zu vermittelnden Lehrstoff, soweit er den im Ausbildungsrahmenplan genannten Fertigkeiten, Kenntnissen und Fähigkeiten entspricht.</LA></DD></DL></P><P>(2) In Teil 2 der Abschlussprüfung sollen Fertigkeiten, Kenntnisse und Fähigkeiten, die bereits Gegenstand von Teil 1 der Abschlussprüfung waren, nur insoweit einbezogen werden, als es für die Feststellung der beruflichen Handlungsfähigkeit erforderlich ist.</P></Content></text></textdaten></norm>
<norm builddate="20250731220003" doknr="BJNR0510A0025BJNE001400000"><metadaten><jurabk>JFAngAusbV 2025</jurabk><jurabk>JFAngAusbV</jurabk><enbez>§ 12</enbez><titel format="XML">Prüfungsbereiche des Teiles 2</titel></metadaten><textdaten><text format="XML"><Content><P>Teil 2 der Abschlussprüfung findet in den folgenden Prüfungsbereichen statt: <DL Type="arabic"><DT>1.</DT><DD Font="normal"><LA>„Fachliche Sachbearbeitung“,</LA></DD><DT>2.</DT><DD Font="normal"><LA>„Auskünfte in Nachlasssachen und betreuungsgerichtlichen Angelegenheiten erteilen“ sowie</LA></DD><DT>3.</DT><DD Font="normal"><LA>„Wirtschafts- und Sozialkunde“.</LA></DD></DL></P></Content></text></textdaten></norm>
<norm builddate="20250731220003" doknr="BJNR0510A0025BJNE001500000"><metadaten><jurabk>JFAngAusbV 2025</jurabk><jurabk>JFAngAusbV</jurabk><enbez>§ 13</enbez><titel format="XML">Prüfungsbereich „Fachliche Sachbearbeitung“</titel></metadaten><textdaten><text format="XML"><Content><P>(1) Im Prüfungsbereich „Fachliche Sachbearbeitung“ hat der Prüfling nachzuweisen, dass er in der Lage ist, <DL Type="arabic"><DT>1.</DT><DD Font="normal"><LA>Anträge von Verfahrensbeteiligten rechtlich einzuordnen,</LA></DD><DT>2.</DT><DD Font="normal"><LA>materiellrechtliche und verfahrensrechtliche Regelungen anzuwenden,</LA></DD><DT>3.</DT><DD Font="normal"><LA>Kosten, Vergütungen und Entschädigungen darzustellen, zu erläutern und zu berechnen sowie</LA></DD><DT>4.</DT><DD Font="normal"><LA>Bekanntmachungen zu veranlassen.</LA></DD></DL></P><P>(2) Für den Nachweis nach Absatz 1 sind zwei der folgenden Gebiete zugrunde zu legen: <DL Type="arabic"><DT>1.</DT><DD Font="normal"><LA>Grundbuch,</LA></DD><DT>2.</DT><DD Font="normal"><LA>öffentliche Register,</LA></DD><DT>3.</DT><DD Font="normal"><LA>Insolvenzrecht,</LA></DD><DT>4.</DT><DD Font="normal"><LA>Zwangsvollstreckung in das unbewegliche Vermögen,</LA></DD><DT>5.</DT><DD Font="normal"><LA>Familiensachen.</LA></DD></DL>Der Prüfungsausschuss legt fest, welche Gebiete zugrunde gelegt werden.</P><P>(3) Der Prüfling hat die Aufgaben schriftlich zu bearbeiten. Die Aufgaben müssen praxisbezogen sein.</P><P>(4) Die Prüfungszeit beträgt 120 Minuten.</P></Content></text></textdaten></norm>
<norm builddate="20250731220003" doknr="BJNR0510A0025BJNE001600000"><metadaten><jurabk>JFAngAusbV 2025</jurabk><jurabk>JFAngAusbV</jurabk><enbez>§ 14</enbez><titel format="XML">Prüfungsbereich „Auskünfte in Nachlasssachen und betreuungsgerichtlichen Angelegenheiten erteilen“</titel></metadaten><textdaten><text format="XML"><Content><P>(1) Im Prüfungsbereich „Auskünfte in Nachlasssachen und betreuungsgerichtlichen Angelegenheiten erteilen“ hat der Prüfling nachzuweisen, dass er in der Lage ist, <DL Type="arabic"><DT>1.</DT><DD Font="normal"><LA>Anliegen von Bürgerinnen und Bürgern zu erfassen,</LA></DD><DT>2.</DT><DD Font="normal"><LA>Gespräche systematisch, zielorientiert und adressatengerecht zu führen,</LA></DD><DT>3.</DT><DD Font="normal"><LA>Bürgerinnen und Bürger über materiellrechtliche und verfahrensrechtliche Regelungen zu informieren,</LA></DD><DT>4.</DT><DD Font="normal"><LA>Probleme und Vorgehensweisen zu erörtern,</LA></DD><DT>5.</DT><DD Font="normal"><LA>einen Lösungsweg, auch unter Berücksichtigung digitaler Geschäftsprozesse, zu entwickeln,</LA></DD><DT>6.</DT><DD Font="normal"><LA>über das Anliegen von Bürgerinnen und Bürgern hinausgehende Bedarfe zu erkennen und anzusprechen sowie</LA></DD><DT>7.</DT><DD Font="normal"><LA>Gespräche situationsgerecht abzuschließen.</LA></DD></DL></P><P>(2) Für den Nachweis nach Absatz 1 ist eines der folgenden Gebiete zugrunde zu legen: <DL Type="arabic"><DT>1.</DT><DD Font="normal"><LA>Nachlasssachen oder</LA></DD><DT>2.</DT><DD Font="normal"><LA>betreuungsgerichtliche Angelegenheiten.</LA></DD></DL>Der Prüfungsausschuss legt fest, welches Gebiet zugrunde gelegt wird.</P><P>(3) Mit dem Prüfling wird eine Gesprächssimulation durchgeführt.</P><P>(4) Für die Gesprächssimulation stellt der Prüfungsausschuss dem Prüfling eine Aufgabe aus einem der Gebiete nach Absatz 2. Die Aufgabe muss praxisbezogen sein.</P><P>(5) Für die Vorbereitung auf die Gesprächssimulation stehen dem Prüfling 20 Minuten zur Verfügung. Die Dauer der Gesprächssimulation soll 25 Minuten betragen.</P></Content></text></textdaten></norm>
<norm builddate="20250731220003" doknr="BJNR0510A0025BJNE001700000"><metadaten><jurabk>JFAngAusbV 2025</jurabk><jurabk>JFAngAusbV</jurabk><enbez>§ 15</enbez><titel format="XML">Prüfungsbereich „Wirtschafts- und Sozialkunde“</titel></metadaten><textdaten><text format="XML"><Content><P>(1) Im Prüfungsbereich „Wirtschafts- und Sozialkunde“ hat der Prüfling nachzuweisen, dass er in der Lage ist, allgemeine wirtschaftliche und gesellschaftliche Zusammenhänge der Berufs- und Arbeitswelt darzustellen und zu beurteilen.</P><P>(2) Die Aufgaben müssen praxisbezogen sein. Der Prüfling hat die Aufgaben schriftlich zu bearbeiten.</P><P>(3) Die Prüfungszeit beträgt 60 Minuten.</P></Content></text></textdaten></norm>
<norm builddate="20250731220003" doknr="BJNR0510A0025BJNE001800000"><metadaten><jurabk>JFAngAusbV 2025</jurabk><jurabk>JFAngAusbV</jurabk><enbez>§ 16</enbez><titel format="XML">Gewichtung der Prüfungsbereiche und Anforderungen für das Bestehen der Abschlussprüfung</titel></metadaten><textdaten><text format="XML"><Content><P>(1) Die Bewertungen der einzelnen Prüfungsbereiche sind wie folgt zu gewichten: <DL Type="arabic"><DT>1.</DT><DD Font="normal"><LA><!-- SPLIT UMBAU : [Text: „Arbeitsabläufe in Straf- und Ordnungswidrigkeitenverfahren planen und umsetzen“][Element: <Split/>






][Text: mit 15 Prozent,]--><table colsep="0" frame="none" pgwide="1" rowsep="0"><tgroup cols="2"><colspec align="left" colname="leftSplit"/><colspec align="right" colname="rightSplit"/><tbody Class="Split"><row><entry colname="leftSplit">„Arbeitsabläufe in Straf- und Ordnungswidrigkeitenverfahren planen und umsetzen“</entry><entry colname="rightSplit" valign="bottom">mit 15 Prozent,</entry></row></tbody></tgroup></table></LA></DD><DT>2.</DT><DD Font="normal"><LA><!-- SPLIT UMBAU : [Text: „Gerichtliche Entscheidungen in Zivilprozessverfahren und in Zwangsvollstreckungsverfahren][Element: <BR/>






][Text:  in das bewegliche Vermögen vorbereiten und deren Umsetzung 
unterstützen“][Element: 






<Split/>






][Text: mit 15 Prozent,]--><table colsep="0" frame="none" pgwide="1" rowsep="0"><tgroup cols="2"><colspec align="left" colname="leftSplit"/><colspec align="right" colname="rightSplit"/><tbody Class="Split"><row><entry colname="leftSplit">„Gerichtliche Entscheidungen in Zivilprozessverfahren und in Zwangsvollstreckungsverfahren<BR/> in das bewegliche Vermögen vorbereiten und deren Umsetzung unterstützen“</entry><entry colname="rightSplit" valign="bottom">mit 15 Prozent,</entry></row></tbody></tgroup></table></LA></DD><DT>3.</DT><DD Font="normal"><LA><!-- SPLIT UMBAU : [Text: „Fachliche Sachbearbeitung“][Element: <Split/>






][Text: mit 30 Prozent,]--><table colsep="0" frame="none" pgwide="1" rowsep="0"><tgroup cols="2"><colspec align="left" colname="leftSplit"/><colspec align="right" colname="rightSplit"/><tbody Class="Split"><row><entry colname="leftSplit">„Fachliche Sachbearbeitung“</entry><entry colname="rightSplit" valign="bottom">mit 30 Prozent,</entry></row></tbody></tgroup></table></LA></DD><DT>4.</DT><DD Font="normal"><LA><!-- SPLIT UMBAU : [Text: „Auskünfte in Nachlasssachen und betreuungsgerichtlichen Angelegenheiten erteilen“][Element: <Split/>






][Text: mit 30 Prozent]--><table colsep="0" frame="none" pgwide="1" rowsep="0"><tgroup cols="2"><colspec align="left" colname="leftSplit"/><colspec align="right" colname="rightSplit"/><tbody Class="Split"><row><entry colname="leftSplit">„Auskünfte in Nachlasssachen und betreuungsgerichtlichen Angelegenheiten erteilen“</entry><entry colname="rightSplit" valign="bottom">mit 30 Prozent</entry></row></tbody></tgroup></table></LA><LA>sowie</LA></DD><DT>5.</DT><DD Font="normal"><LA><!-- SPLIT UMBAU : [Text: „Wirtschafts- und Sozialkunde“][Element: <Split/>






][Text: mit 10 Prozent.]--><table colsep="0" frame="none" pgwide="1" rowsep="0"><tgroup cols="2"><colspec align="left" colname="leftSplit"/><colspec align="right" colname="rightSplit"/><tbody Class="Split"><row><entry colname="leftSplit">„Wirtschafts- und Sozialkunde“</entry><entry colname="rightSplit" valign="bottom">mit 10 Prozent.</entry></row></tbody></tgroup></table></LA></DD></DL></P><P>(2) Die Abschlussprüfung ist bestanden, wenn die Prüfungsleistungen – auch unter Berücksichtigung einer mündlichen Ergänzungsprüfung nach § 17 – wie folgt bewertet worden sind: <DL Type="arabic"><DT>1.</DT><DD Font="normal"><LA>im Gesamtergebnis von Teil 1 und Teil 2 mit mindestens „ausreichend“,</LA></DD><DT>2.</DT><DD Font="normal"><LA>im Ergebnis von Teil 2 mit mindestens „ausreichend“,</LA></DD><DT>3.</DT><DD Font="normal"><LA>in mindestens zwei Prüfungsbereichen von Teil 2 mit mindestens „ausreichend“ und</LA></DD><DT>4.</DT><DD Font="normal"><LA>in keinem Prüfungsbereich von Teil 2 mit „ungenügend“.</LA></DD></DL>Über das Bestehen ist ein Beschluss nach § 42 Absatz 1 Nummer 3 des Berufsbildungsgesetzes zu fassen.</P></Content></text></textdaten></norm>
<norm builddate="20250731220003" doknr="BJNR0510A0025BJNE001900000"><metadaten><jurabk>JFAngAusbV 2025</jurabk><jurabk>JFAngAusbV</jurabk><enbez>§ 17</enbez><titel format="XML">Mündliche Ergänzungsprüfung</titel></metadaten><textdaten><text format="XML"><Content><P>(1) Der Prüfling kann in einem Prüfungsbereich eine mündliche Ergänzungsprüfung beantragen.</P><P>(2) Dem Antrag ist stattzugeben, <DL Type="arabic"><DT>1.</DT><DD Font="normal"><LA>wenn er für einen der folgenden Prüfungsbereiche gestellt worden ist: <DL Type="alpha"><DT>a)</DT><DD Font="normal"><LA>„Fachliche Sachbearbeitung“ oder</LA></DD><DT>b)</DT><DD Font="normal"><LA>„Wirtschafts- und Sozialkunde“,</LA></DD></DL></LA></DD><DT>2.</DT><DD Font="normal"><LA>wenn der benannte Prüfungsbereich schlechter als mit „ausreichend“ bewertet worden ist und</LA></DD><DT>3.</DT><DD Font="normal"><LA>wenn die mündliche Ergänzungsprüfung für das Bestehen der Abschlussprüfung den Ausschlag geben kann.</LA></DD></DL>Die mündliche Ergänzungsprüfung darf nur in einem einzigen Prüfungsbereich durchgeführt werden.</P><P>(3) Die mündliche Ergänzungsprüfung soll 15 Minuten dauern.</P><P>(4) Bei der Ermittlung des Ergebnisses für den Prüfungsbereich sind das bisherige Ergebnis und das Ergebnis der mündlichen Ergänzungsprüfung im Verhältnis 2 : 1 zu gewichten.</P></Content></text></textdaten></norm>
<norm builddate="20250731220003" doknr="BJNR0510A0025BJNG000300000"><metadaten><jurabk>JFAngAusbV 2025</jurabk><jurabk>JFAngAusbV</jurabk><gliederungseinheit><gliederungskennzahl>030</gliederungskennzahl><gliederungsbez>Abschnitt 3</gliederungsbez><gliederungstitel>Schlussvorschriften</gliederungstitel></gliederungseinheit></metadaten><textdaten/></norm>
<norm builddate="20250731220003" doknr="BJNR0510A0025BJNE002000000"><metadaten><jurabk>JFAngAusbV 2025</jurabk><jurabk>JFAngAusbV</jurabk><enbez>§ 18</enbez><titel format="XML">Bestehende Berufsausbildungsverhältnisse</titel></metadaten><textdaten><text format="XML"><Content><P>Berufsausbildungsverhältnisse, die am 1. August 2025 bestehen, können nach den Vorschriften dieser Verordnung unter Anrechnung der bisher absolvierten Ausbildungszeit fortgesetzt werden, wenn <DL Type="arabic"><DT>1.</DT><DD Font="normal"><LA>die Vertragsparteien dies vereinbaren und</LA></DD><DT>2.</DT><DD Font="normal"><LA>der oder die Auszubildende noch nicht die Zwischenprüfung absolviert hat.</LA></DD></DL></P></Content></text></textdaten></norm>
<norm builddate="20250731220003" doknr="BJNR0510A0025BJNE002100000"><metadaten><jurabk>JFAngAusbV 2025</jurabk><jurabk>JFAngAusbV</jurabk><enbez>§ 19</enbez><titel format="XML">Inkrafttreten, Außerkrafttreten</titel></metadaten><textdaten><text format="XML"><Content><P>Diese Verordnung tritt am 1. August 2025 in Kraft. Gleichzeitig tritt die Verordnung über die Berufsausbildung zum Justizfachangestellten/zur Justizfachangestellten vom 26. Januar 1998 (BGBl. I S. 195), die durch Artikel 9 des Gesetzes vom 24. Juni 2022 (BGBl. I S. 959) geändert worden ist, außer Kraft.</P></Content></text></textdaten></norm>
<norm builddate="20250731220003" doknr="BJNR0510A0025BJNE002200000"><metadaten><jurabk>JFAngAusbV 2025</jurabk><jurabk>JFAngAusbV</jurabk><enbez>Anlage</enbez><titel format="XML">(zu § 3 Absatz 1)<BR/>Ausbildungsrahmenplan für die Berufsausbildung zum Justizfachangestellten und zur Justizfachangestellten</titel></metadaten><textdaten><text format="XML"><Content><P><noindex><kommentar typ="Fundstelle">(Fundstelle: BGBl. 2025 I Nr. 81, S. 8 - 14)</kommentar></noindex></P><P><B>Abschnitt A: berufsprofilgebende Fertigkeiten, Kenntnisse und Fähigkeiten</B></P><P><table frame="all" pgwide="1" tocentry="%yes;"><tgroup align="left" char="" charoff="50" cols="5" colsep="1" rowsep="1"><colspec align="center" colname="col1" colnum="1" colwidth=".75*"/><colspec colname="col2" colnum="2" colwidth="4.3*"/><colspec colname="col3" colnum="3" colwidth="8.5*"/><colspec colname="col4" colnum="4" colwidth="1.5*"/><colspec colname="col5" colnum="5" colwidth="1.5*"/><thead valign="bottom"><row><entry VJ="1" align="center" colname="col1" morerows="1" valign="middle">Lfd.<BR/> Nr.</entry><entry VJ="1" align="center" colname="col2" morerows="1" valign="middle">Berufsbildpositionen</entry><entry VJ="1" align="center" colname="col3" morerows="1" valign="middle">Fertigkeiten, Kenntnisse und Fähigkeiten</entry><entry VJ="1" align="center" nameend="col5" namest="col4" valign="middle">Zeitliche Richtwerte<BR/> in Wochen im</entry></row><row><entry VJ="1" align="center" colname="col4" valign="middle">1. bis 15.<BR/> Monat</entry><entry VJ="1" align="center" colname="col5" valign="middle">16. bis 36.<BR/> Monat</entry></row><row><entry VJ="1" align="center" colname="col1" valign="middle">1</entry><entry VJ="1" align="center" colname="col2" valign="middle">2</entry><entry VJ="1" align="center" colname="col3" valign="middle">3</entry><entry VJ="1" align="center" nameend="col5" namest="col4" valign="middle">4</entry></row></thead><tbody valign="top"><row><entry VJ="1" colname="col1">1</entry><entry VJ="1" colname="col2">Straf- und Ordnungswidrigkeitenverfahren organisieren<BR/> (§ 4 Absatz 2 Nummer 1)</entry><entry VJ="1" colname="col3"><DL Font="normal" Indent="5" Type="alpha"><DT>a)</DT><DD Font="normal"><LA Size="normal">materiell- und formellrechtliche Vorschriften anwenden</LA></DD><DT>b)</DT><DD Font="normal"><LA Size="normal">Haftliste führen, Einhaltung der Haftprüfungstermine überwachen und Maßnahmen einleiten</LA></DD><DT>c)</DT><DD Font="normal"><LA Size="normal">Ladungen, Ersuchen, Zustellungen und Bekanntmachungen veranlassen und überwachen</LA></DD><DT>d)</DT><DD Font="normal"><LA Size="normal">Urteile, Beschlüsse, Strafbefehle und andere Entscheidungen ausfertigen, beglaubigen und signieren</LA></DD><DT>e)</DT><DD Font="normal"><LA Size="normal">Bewährungsverfahren einleiten, insbesondere Bewährungsauflagen und -weisungen erfassen und überwachen</LA></DD><DT>f)</DT><DD Font="normal"><LA Size="normal">Protokolle führen, insbesondere in Hauptverhandlungen, Anhörungen, Haftprüfungen und im ermittlungsrichterlichen Verfahren</LA></DD><DT>g)</DT><DD Font="normal"><LA Size="normal">Asservate registrieren, geeignet verwahren, Vernichtung oder Rückgabe veranlassen</LA></DD><DT>h)</DT><DD Font="normal"><LA Size="normal">Fristen nach ihrer Rechtsnatur unterscheiden, berechnen, erfassen und überwachen</LA></DD><DT>i)</DT><DD Font="normal"><LA Size="normal">Rechtskraftbescheinigungen erstellen</LA></DD><DT>j)</DT><DD Font="normal"><LA Size="normal">Anträge, Rechtsmittel, Rechtsbehelfe und Erklärungen zu Protokoll der Geschäftsstelle aufnehmen</LA></DD></DL></entry><entry VJ="1" align="center" colname="col4" valign="middle">20</entry><entry VJ="1" colname="col5"/></row><row><entry VJ="1" colname="col1">2</entry><entry VJ="1" colname="col2">Zivilprozessverfahren begleiten<BR/> (§ 4 Absatz 2 Nummer 2)</entry><entry VJ="1" colname="col3"><DL Font="normal" Indent="5" Type="alpha"><DT>a)</DT><DD Font="normal"><LA Size="normal">materiell- und formellrechtliche Vorschriften anwenden</LA></DD><DT>b)</DT><DD Font="normal"><LA Size="normal">Mahnverfahren übernehmen</LA></DD><DT>c)</DT><DD Font="normal"><LA Size="normal">Ladungen vornehmen</LA></DD><DT>d)</DT><DD Font="normal"><LA Size="normal">Entwürfe für Anerkenntnis- und Versäumnisurteile sowie für Beschlüsse und Verfügungen einfacher Art erstellen</LA></DD><DT>e)</DT><DD Font="normal"><LA Size="normal">im Prozesskostenhilfe-Verfahren mitwirken, Ratenzahlung veranlassen und überwachen</LA></DD><DT>f)</DT><DD Font="normal"><LA Size="normal">Fristen nach ihrer Rechtsnatur unterscheiden, berechnen, erfassen und überwachen</LA></DD><DT>g)</DT><DD Font="normal"><LA Size="normal">Zustellungen und Bekanntmachungen veranlassen sowie deren Ausführung überwachen</LA></DD><DT>h)</DT><DD Font="normal"><LA Size="normal">Rechtskraftbescheinigungen und Vollstreckungsklauseln erstellen und erteilen</LA></DD><DT>i)</DT><DD Font="normal"><LA Size="normal">Anträge, Rechtsmittel, Rechtsbehelfe und Erklärungen zu Protokoll der Geschäftsstelle aufnehmen</LA></DD><DT>j)</DT><DD Font="normal"><LA Size="normal">Protokolle fertigen und auf Vollständigkeit und Richtigkeit prüfen</LA></DD></DL></entry><entry VJ="1" align="center" colname="col4" valign="middle">20</entry><entry VJ="1" align="center" colname="col5" valign="middle"/></row><row><entry VJ="1" colname="col1">3</entry><entry VJ="1" colname="col2">Zwangsvollstreckung in das bewegliche Vermögen organisieren<BR/> (§ 4 Absatz 2 Nummer 3)</entry><entry VJ="1" colname="col3"><DL Font="normal" Indent="5" Type="alpha"><DT>a)</DT><DD Font="normal"><LA Size="normal">verfahrensrechtliche Vorschriften der Zwangsvollstreckung in das bewegliche Vermögen anwenden</LA></DD><DT>b)</DT><DD Font="normal"><LA Size="normal">Haftbefehle vorbereiten</LA></DD><DT>c)</DT><DD Font="normal"><LA Size="normal">Pfändungs- und Überweisungsbeschlüsse ausfertigen sowie die Vermittlung der Zustellung veranlassen</LA></DD><DT>d)</DT><DD Font="normal"><LA Size="normal">über die zur Entscheidung über einen Vollstreckungsschutzantrag, insbesondere einen Räumungsschutzantrag, erforderlichen Unterlagen informieren und auf Vollständigkeit der Unterlagen hinwirken</LA></DD><DT>e)</DT><DD Font="normal"><LA Size="normal">Fristen nach ihrer Rechtsnatur unterscheiden, berechnen, erfassen und überwachen</LA></DD><DT>f)</DT><DD Font="normal"><LA Size="normal">Zustellungen und Bekanntmachungen veranlassen sowie deren Ausführung überwachen</LA></DD><DT>g)</DT><DD Font="normal"><LA Size="normal">Anträge, Rechtsmittel, Rechtsbehelfe und Erklärungen zu Protokoll der Geschäftsstelle aufnehmen</LA></DD></DL></entry><entry VJ="1" align="center" colname="col4" valign="middle">4</entry><entry VJ="1" colname="col5"/></row><row><entry VJ="1" colname="col1">4</entry><entry VJ="1" colname="col2">Zwangsvollstreckung in das unbewegliche Vermögen ausführen<BR/> (§ 4 Absatz 2 Nummer 4)</entry><entry VJ="1" colname="col3"><DL Font="normal" Indent="5" Type="alpha"><DT>a)</DT><DD Font="normal"><LA Size="normal">verfahrensrechtliche Vorschriften der Zwangsvollstreckung in das unbewegliche Vermögen anwenden</LA></DD><DT>b)</DT><DD Font="normal"><LA Size="normal">Terminsbestimmung ausführen</LA></DD><DT>c)</DT><DD Font="normal"><LA Size="normal">Beteiligtenliste und Vorblatt führen</LA></DD><DT>d)</DT><DD Font="normal"><LA Size="normal">Beschlüsse ausfertigen, beglaubigen und signieren</LA></DD><DT>e)</DT><DD Font="normal"><LA Size="normal">Verfügungen und Anordnungen umsetzen</LA></DD><DT>f)</DT><DD Font="normal"><LA Size="normal">Eintragungsersuchen siegeln oder signieren und mit Grundakte an das Grundbuchamt versenden</LA></DD><DT>g)</DT><DD Font="normal"><LA Size="normal">Bietinteressenten über den Ablauf des Versteigerungstermins informieren</LA></DD><DT>h)</DT><DD Font="normal"><LA Size="normal">Fristen nach ihrer Rechtsnatur unterscheiden, berechnen, erfassen und überwachen</LA></DD><DT>i)</DT><DD Font="normal"><LA Size="normal">Zustellungen und Bekanntmachungen veranlassen sowie deren Ausführung überwachen</LA></DD><DT>j)</DT><DD Font="normal"><LA Size="normal">Rechtskraftbescheinigungen und Vollstreckungsklauseln erstellen und erteilen</LA></DD><DT>k)</DT><DD Font="normal"><LA Size="normal">Anträge, Rechtsmittel, Rechtsbehelfe und Erklärungen zu Protokoll der Geschäftsstelle aufnehmen</LA></DD></DL></entry><entry VJ="1" colname="col4"/><entry VJ="1" align="center" colname="col5" valign="middle">6</entry></row><row><entry VJ="1" colname="col1">5</entry><entry VJ="1" colname="col2">Insolvenzverfahren umsetzen<BR/> (§ 4 Absatz 2 Nummer 5)</entry><entry VJ="1" colname="col3"><DL Font="normal" Indent="5" Type="alpha"><DT>a)</DT><DD Font="normal"><LA Size="normal">Insolvenz- und restrukturierungsrechtliche Vorschriften anwenden</LA></DD><DT>b)</DT><DD Font="normal"><LA Size="normal">auf die zur Prüfung eines Insolvenzantrages erforderlichen Unterlagen im Hinblick auf die Kostendeckung hinwirken</LA></DD><DT>c)</DT><DD Font="normal"><LA Size="normal">Beschlüsse, Verfügungen und Auszüge aus der Insolvenztabelle ausfertigen, beglaubigen oder signieren</LA></DD><DT>d)</DT><DD Font="normal"><LA Size="normal">Veröffentlichungen, Zustellungen und Bekanntmachungen veranlassen und überwachen</LA></DD><DT>e)</DT><DD Font="normal"><LA Size="normal">vollstreckbare Ausfertigungen aus der Insolvenztabelle erteilen</LA></DD><DT>f)</DT><DD Font="normal"><LA Size="normal">Berichtigungen in der Insolvenztabelle vorbereiten und vornehmen</LA></DD><DT>g)</DT><DD Font="normal"><LA Size="normal">Fristen nach ihrer Rechtsnatur unterscheiden, berechnen, erfassen und überwachen</LA></DD><DT>h)</DT><DD Font="normal"><LA Size="normal">Anträge, Rechtsmittel, Rechtsbehelfe und Erklärungen zu Protokoll der Geschäftsstelle aufnehmen</LA></DD></DL></entry><entry VJ="1" align="center" colname="col4" valign="middle"/><entry VJ="1" align="center" colname="col5" valign="middle">10</entry></row><row><entry VJ="1" colname="col1">6</entry><entry VJ="1" colname="col2">Familiensachen bearbeiten<BR/> (§ 4 Absatz 2 Nummer 6)</entry><entry VJ="1" colname="col3"><DL Font="normal" Type="alpha"><DT>a)</DT><DD Font="normal"><LA Size="normal">materiell- und formellrechtliche Vorschriften anwenden</LA></DD><DT>b)</DT><DD Font="normal"><LA Size="normal">Ladungen vornehmen</LA></DD><DT>c)</DT><DD Font="normal"><LA Size="normal">Entwürfe für Beschlüsse und Verfügungen einfacher Art erstellen</LA></DD><DT>d)</DT><DD Font="normal"><LA Size="normal">Aktenvermerke anfertigen und Maßnahmen einleiten</LA></DD><DT>e)</DT><DD Font="normal"><LA Size="normal">im Verfahrenskostenhilfe-Verfahren mitwirken sowie Ratenzahlungen veranlassen und überwachen</LA></DD><DT>f)</DT><DD Font="normal"><LA Size="normal">Fristen nach ihrer Rechtsnatur unterscheiden, berechnen, erfassen und überwachen</LA></DD><DT>g)</DT><DD Font="normal"><LA Size="normal">Zustellungen und Bekanntmachungen veranlassen sowie deren Ausführung überwachen</LA></DD><DT>h)</DT><DD Font="normal"><LA Size="normal">Rechtskraftbescheinigungen und Vollstreckungsklauseln erstellen und erteilen</LA></DD><DT>i)</DT><DD Font="normal"><LA Size="normal">Anträge, Rechtsmittel, Rechtsbehelfe und Erklärungen zu Protokoll der Geschäftsstelle aufnehmen</LA></DD><DT>j)</DT><DD Font="normal"><LA Size="normal">Protokolle fertigen und auf Vollständigkeit und Richtigkeit prüfen</LA></DD></DL></entry><entry VJ="1" colname="col4"/><entry VJ="1" align="center" colname="col5" valign="middle">16</entry></row><row><entry VJ="1" colname="col1">7</entry><entry VJ="1" colname="col2">Nachlasssachen bearbeiten<BR/> (§ 4 Absatz 2 Nummer 7)</entry><entry VJ="1" colname="col3"><DL Font="normal" Type="alpha"><DT>a)</DT><DD Font="normal"><LA Size="normal">materiell- und formellrechtliche Vorschriften anwenden</LA></DD><DT>b)</DT><DD Font="normal"><LA Size="normal">Verfügungen von Todes wegen amtlich verwahren, insbesondere Verwahrnummer erteilen, Daten an das Zentrale Testamentsregister übermitteln</LA></DD><DT>c)</DT><DD Font="normal"><LA Size="normal">Eröffnungen von Verfügungen von Todes wegen vorbereiten, insbesondere Anträge aufnehmen und prüfen</LA></DD><DT>d)</DT><DD Font="normal"><LA Size="normal">die zur Erteilung eines Erbscheins erforderlichen Unterlagen ermitteln und auf Vollständigkeit hinwirken</LA></DD><DT>e)</DT><DD Font="normal"><LA Size="normal">Protokoll für eine Erbschaftsausschlagung vorbereiten</LA></DD><DT>f)</DT><DD Font="normal"><LA Size="normal">Beschlüsse, Erbscheine, Zeugnisse und weitere Urkunden in Nachlasssachen ausfertigen, beglaubigen oder signieren</LA></DD><DT>g)</DT><DD Font="normal"><LA Size="normal">Fristen nach ihrer Rechtsnatur unterscheiden, berechnen, erfassen und überwachen</LA></DD><DT>h)</DT><DD Font="normal"><LA Size="normal">Zustellungen und Bekanntmachungen veranlassen und deren Ausführung überwachen</LA></DD><DT>i)</DT><DD Font="normal"><LA Size="normal">Anträge, Rechtsmittel, Rechtsbehelfe und Erklärungen zu Protokoll der Geschäftsstelle aufnehmen</LA></DD></DL></entry><entry VJ="1" colname="col4"/><entry VJ="1" align="center" colname="col5" valign="middle">10</entry></row><row rowsep="0"><entry VJ="1" colname="col1">8</entry><entry VJ="1" colname="col2">betreuungsgerichtliche Angelegenheiten bearbeiten<BR/> (§ 4 Absatz 2 Nummer 8)</entry><entry VJ="1" colname="col3"><DL Font="normal" Type="alpha"><DT>a)</DT><DD Font="normal"><LA Size="normal">materiell- und formellrechtliche Vorschriften anwenden</LA></DD><DT>b)</DT><DD Font="normal"><LA Size="normal">Betreuungsanregungen zu Protokoll aufnehmen</LA></DD><DT>c)</DT><DD Font="normal"><LA Size="normal">Informationen über Vorsorgevollmachten, Betreuungs- und Patientenverfügungen aus dem Zentralen Vorsorgeregister ermitteln</LA></DD><DT>d)</DT><DD Font="normal"><LA Size="normal">Unterbringungen und unterbringungsähnliche Maßnahmen registrieren</LA></DD><DT>e)</DT><DD Font="normal"><LA Size="normal">Erlassvermerke anbringen</LA></DD><DT>f)</DT><DD Font="normal"><LA Size="normal">Fristen nach ihrer Rechtsnatur unterscheiden, berechnen, erfassen und überwachen</LA></DD><DT>g)</DT><DD Font="normal"><LA Size="normal">Zustellungen und Bekanntmachungen veranlassen und deren Ausführung überwachen</LA></DD><DT>h)</DT><DD Font="normal"><LA Size="normal">Rechtskraftbescheinigungen und Vollstreckungsklauseln erstellen und erteilen</LA></DD></DL></entry><entry VJ="1" colname="col4"/><entry VJ="1" align="center" colname="col5" valign="middle"><BR/>8</entry></row><row><entry VJ="1" colname="col1"/><entry VJ="1" colname="col2"/><entry VJ="1" colname="col3"><DL Font="normal" Type="alpha"><DT>i)</DT><DD Font="normal"><LA Size="normal">Anträge, Rechtsmittel, Rechtsbehelfe und Erklärungen zu Protokoll der Geschäftsstelle aufnehmen</LA></DD><DT>j)</DT><DD Font="normal"><LA Size="normal">Protokolle fertigen</LA></DD></DL></entry><entry VJ="1" colname="col4"/><entry VJ="1" align="center" colname="col5" valign="middle"/></row><row><entry VJ="1" colname="col1">9</entry><entry VJ="1" colname="col2">Angelegenheiten beim Führen von öffentlichen Registern übernehmen<BR/> (§ 4 Absatz 2 Nummer 9)</entry><entry VJ="1" colname="col3"><DL Font="normal" Type="alpha"><DT>a)</DT><DD Font="normal"><LA Size="normal">materiell- und formellrechtliche Vorschriften anwenden</LA></DD><DT>b)</DT><DD Font="normal"><LA Size="normal">Anmeldungen in Akten aufnehmen, Beteiligte erfassen und Eintragungstext vorbereiten</LA></DD><DT>c)</DT><DD Font="normal"><LA Size="normal">Eintragungen, insbesondere Insolvenzvermerke, vornehmen</LA></DD><DT>d)</DT><DD Font="normal"><LA Size="normal">Listen zur Beauskunftung veröffentlichen</LA></DD><DT>e)</DT><DD Font="normal"><LA Size="normal">Eintragungsverfügungen einschließlich der öffentlichen Bekanntmachung ausführen</LA></DD><DT>f)</DT><DD Font="normal"><LA Size="normal">Registerausdrucke sowie Abschriften der zum Register eingereichten Dokumente erteilen</LA></DD><DT>g)</DT><DD Font="normal"><LA Size="normal">Einsicht in Register gewähren</LA></DD><DT>h)</DT><DD Font="normal"><LA Size="normal">Fristen nach ihrer Rechtsnatur unterscheiden, berechnen, erfassen und überwachen</LA></DD><DT>i)</DT><DD Font="normal"><LA Size="normal">Zustellungen und Bekanntmachungen veranlassen und deren Ausführung überwachen</LA></DD></DL></entry><entry VJ="1" colname="col4"/><entry VJ="1" align="center" colname="col5" valign="middle">10</entry></row><row><entry VJ="1" colname="col1">10</entry><entry VJ="1" colname="col2">Angelegenheiten in Grundbuchsachen wahrnehmen<BR/> (§ 4 Absatz 2 Nummer 10)</entry><entry VJ="1" colname="col3"><DL Font="normal" Type="alpha"><DT>a)</DT><DD Font="normal"><LA Size="normal">materiell- und formellrechtliche Vorschriften anwenden</LA></DD><DT>b)</DT><DD Font="normal"><LA Size="normal">Eingänge präsentieren und weiterverarbeiten</LA></DD><DT>c)</DT><DD Font="normal"><LA Size="normal">Eintragungen im Grundbuch vorbereiten und vollziehen</LA></DD><DT>d)</DT><DD Font="normal"><LA Size="normal">Grundbuchausdrucke erteilen</LA></DD><DT>e)</DT><DD Font="normal"><LA Size="normal">Grundpfandrechtsbriefe behandeln</LA></DD><DT>f)</DT><DD Font="normal"><LA Size="normal">berechtigtes Interesse prüfen und Einsicht in das Grundbuch gewähren</LA></DD><DT>g)</DT><DD Font="normal"><LA Size="normal">Fristen nach ihrer Rechtsnatur unterscheiden, berechnen, erfassen und überwachen</LA></DD><DT>h)</DT><DD Font="normal"><LA Size="normal">Zustellungen und Bekanntmachungen veranlassen und deren Ausführung überwachen</LA></DD><DT>i)</DT><DD Font="normal"><LA Size="normal">Anträge, Rechtsbehelfe und Erklärungen zu Protokoll der Geschäftsstelle aufnehmen</LA></DD></DL></entry><entry VJ="1" colname="col4"/><entry VJ="1" align="center" colname="col5" valign="middle">12</entry></row></tbody></tgroup></table></P><P><B>Abschnitt B: integrativ zu vermittelnde Fertigkeiten, Kenntnisse und Fähigkeiten</B></P><P><table frame="all" pgwide="1" tocentry="%yes;"><tgroup align="left" char="" charoff="50" cols="4" colsep="1" rowsep="1"><colspec align="center" colname="col1" colnum="1" colwidth=".75*"/><colspec colname="col2" colnum="2" colwidth="4.3*"/><colspec colname="col3" colnum="3" colwidth="8.5*"/><colspec colname="col4" colnum="4" colwidth="3*"/><thead valign="bottom"><row><entry VJ="1" align="center" colname="col1" valign="middle">Lfd.<BR/> Nr.</entry><entry VJ="1" align="center" colname="col2" valign="middle">Berufsbildpositionen</entry><entry VJ="1" align="center" colname="col3" valign="middle">Fertigkeiten, Kenntnisse und Fähigkeiten</entry><entry VJ="1" align="center" colname="col4" valign="middle">Zeitliche Zuordnung</entry></row><row><entry VJ="1" align="center" colname="col1" valign="middle">1</entry><entry VJ="1" align="center" colname="col2" valign="middle">2</entry><entry VJ="1" align="center" colname="col3" valign="middle">3</entry><entry VJ="1" align="center" colname="col4" valign="middle">4</entry></row></thead><tbody valign="top"><row rowsep="0"><entry VJ="1" colname="col1">1</entry><entry VJ="1" colname="col2">Organisation des Ausbildungsbetriebes, Berufsbildung sowie Arbeits- und Tarifrecht<BR/> (§ 4 Absatz 3 Nummer 1)</entry><entry VJ="1" colname="col3"><DL Font="normal" Type="alpha"><DT>a)</DT><DD Font="normal"><LA Size="normal">den Aufbau und die grundlegenden Arbeits- und Geschäftsprozesse des Ausbildungsbetriebes erläutern</LA></DD><DT>b)</DT><DD Font="normal"><LA Size="normal">Rechte und Pflichten aus dem Ausbildungsvertrag sowie Dauer und Beendigung des Ausbildungsverhältnisses erläutern und Aufgaben der im System der dualen Berufsausbildung Beteiligten beschreiben</LA></DD><DT>c)</DT><DD Font="normal"><LA Size="normal">die Bedeutung, die Funktion und die Inhalte der Ausbildungsordnung und des betrieblichen Ausbildungsplans erläutern sowie zu deren Umsetzung beitragen</LA></DD></DL></entry><entry VJ="1" colname="col4"/></row><row><entry VJ="1" colname="col1"/><entry VJ="1" colname="col2"/><entry VJ="1" colname="col3"><DL Font="normal" Type="alpha"><DT>d)</DT><DD Font="normal"><LA Size="normal">die für den Ausbildungsbetrieb geltenden arbeits-, sozial-, tarif- und mitbestimmungsrechtlichen Vorschriften erläutern</LA></DD><DT>e)</DT><DD Font="normal"><LA Size="normal">Grundlagen, Aufgaben und Arbeitsweise der betriebsverfassungs- oder personalvertretungsrechtlichen Organe des Ausbildungsbetriebes erläutern</LA></DD><DT>f)</DT><DD Font="normal"><LA Size="normal">Beziehungen des Ausbildungsbetriebes und seiner Beschäftigten zu Wirtschaftsorganisationen und Gewerkschaften erläutern</LA></DD><DT>g)</DT><DD Font="normal"><LA Size="normal">Positionen der eigenen Entgeltabrechnung erläutern</LA></DD><DT>h)</DT><DD Font="normal"><LA Size="normal">wesentliche Inhalte von Arbeitsverträgen erläutern</LA></DD><DT>i)</DT><DD Font="normal"><LA Size="normal">Möglichkeiten des beruflichen Aufstiegs und der beruflichen Weiterentwicklung erläutern</LA></DD></DL></entry><entry VJ="1" colname="col4" rowsep="0"/></row><row><entry VJ="1" colname="col1">2</entry><entry VJ="1" colname="col2">Sicherheit und Gesundheit bei der Arbeit<BR/> (§ 4 Absatz 3 Nummer 2)</entry><entry VJ="1" colname="col3"><DL Font="normal" Type="alpha"><DT>a)</DT><DD Font="normal"><LA Size="normal">Rechte und Pflichten aus den berufsbezogenen Arbeitsschutz- und Unfallverhütungsvorschriften kennen und diese Vorschriften anwenden</LA></DD><DT>b)</DT><DD Font="normal"><LA Size="normal">Gefährdungen von Sicherheit und Gesundheit am Arbeitsplatz und auf dem Arbeitsweg prüfen und beurteilen</LA></DD><DT>c)</DT><DD Font="normal"><LA Size="normal">sicheres und gesundheitsgerechtes Arbeiten erläutern</LA></DD><DT>d)</DT><DD Font="normal"><LA Size="normal">technische und organisatorische Maßnahmen zur Vermeidung von Gefährdungen sowie von psychischen und physischen Belastungen für sich und andere, auch präventiv, ergreifen</LA></DD><DT>e)</DT><DD Font="normal"><LA Size="normal">ergonomische Arbeitsweisen beachten und anwenden</LA></DD><DT>f)</DT><DD Font="normal"><LA Size="normal">Verhaltensweisen bei Unfällen beschreiben und erste Maßnahmen bei Unfällen einleiten</LA></DD><DT>g)</DT><DD Font="normal"><LA Size="normal">betriebsbezogene Vorschriften des vorbeugenden Brandschutzes anwenden, Verhaltensweisen bei Bränden beschreiben und erste Maßnahmen zur Brandbekämpfung ergreifen</LA></DD></DL></entry><entry VJ="1" colname="col4" rowsep="0" valign="bottom">während der gesamten Ausbildung<BR/></entry></row><row><entry VJ="1" colname="col1">3</entry><entry VJ="1" colname="col2">Umweltschutz und Nachhaltigkeit<BR/> (§ 4 Absatz 3 Nummer 3)</entry><entry VJ="1" colname="col3"><DL Font="normal" Type="alpha"><DT>a)</DT><DD Font="normal"><LA Size="normal">Möglichkeiten zur Vermeidung betriebsbedingter Belastungen für Umwelt und Gesellschaft im eigenen Aufgabenbereich erkennen und zu deren Weiterentwicklung beitragen</LA></DD><DT>b)</DT><DD Font="normal"><LA Size="normal">bei Arbeitsprozessen und im Hinblick auf Produkte, Waren oder Dienstleistungen Materialien und Energie unter wirtschaftlichen, umweltverträglichen und sozialen Gesichtspunkten der Nachhaltigkeit nutzen</LA></DD><DT>c)</DT><DD Font="normal"><LA Size="normal">für den Ausbildungsbetrieb geltende Regelungen des Umweltschutzes einhalten</LA></DD><DT>d)</DT><DD Font="normal"><LA Size="normal">Abfälle vermeiden sowie Stoffe und Materialien einer umweltschonenden Wiederverwertung oder Entsorgung zuführen</LA></DD><DT>e)</DT><DD Font="normal"><LA Size="normal">Vorschläge für nachhaltiges Handeln für den eigenen Arbeitsbereich entwickeln</LA></DD><DT>f)</DT><DD Font="normal"><LA Size="normal">unter Einhaltung betrieblicher Regelungen im Sinne einer ökonomischen, ökologischen und sozial nachhaltigen Entwicklung zusammenarbeiten und adressatengerecht kommunizieren</LA></DD></DL></entry><entry VJ="1" colname="col4" rowsep="0"/></row><row><entry VJ="1" colname="col1">4</entry><entry VJ="1" colname="col2">digitalisierte Arbeitswelt<BR/> (§ 4 Absatz 3 Nummer 4)</entry><entry VJ="1" colname="col3"><DL Font="normal" Type="alpha"><DT>a)</DT><DD Font="normal"><LA Size="normal">mit eigenen und betriebsbezogenen Daten sowie mit Daten Dritter umgehen und dabei die Vorschriften zum Datenschutz und zur Datensicherheit einhalten</LA></DD><DT>b)</DT><DD Font="normal"><LA Size="normal">Risiken bei der Nutzung von digitalen Medien und informationstechnischen Systemen einschätzen und bei deren Nutzung betriebliche Regelungen einhalten</LA></DD><DT>c)</DT><DD Font="normal"><LA Size="normal">ressourcenschonend, adressatengerecht und effizient kommunizieren sowie Kommunikationsergebnisse dokumentieren</LA></DD><DT>d)</DT><DD Font="normal"><LA Size="normal">Störungen in Kommunikationsprozessen erkennen und zu ihrer Lösung beitragen</LA></DD><DT>e)</DT><DD Font="normal"><LA Size="normal">Informationen in digitalen Netzen recherchieren und aus digitalen Netzen beschaffen sowie Informationen, auch fremde, prüfen, bewerten und auswählen</LA></DD><DT>f)</DT><DD Font="normal"><LA Size="normal">Lern- und Arbeitstechniken sowie Methoden des selbstgesteuerten Lernens anwenden, digitale Lernmedien nutzen und Erfordernisse des lebensbegleitenden Lernens erkennen und ableiten</LA></DD><DT>g)</DT><DD Font="normal"><LA Size="normal">Aufgaben zusammen mit Beteiligten, einschließlich der Beteiligten anderer Arbeits- und Geschäftsbereiche, auch unter Nutzung digitaler Medien, planen, bearbeiten und gestalten</LA></DD><DT>h)</DT><DD Font="normal"><LA Size="normal">Wertschätzung anderer unter Berücksichtigung gesellschaftlicher Vielfalt praktizieren</LA></DD></DL></entry><entry VJ="1" colname="col4" rowsep="0"/></row></tbody></tgroup></table></P><P><table frame="all" pgwide="1" tocentry="%yes;"><tgroup align="left" char="" charoff="50" cols="5" colsep="1" rowsep="1"><colspec align="center" colname="col1" colnum="1" colwidth=".75*"/><colspec colname="col2" colnum="2" colwidth="4.3*"/><colspec colname="col3" colnum="3" colwidth="8.5*"/><colspec colname="col4" colnum="4" colwidth="1.5*"/><colspec colname="col5" colnum="5" colwidth="1.5*"/><thead valign="bottom"><row><entry VJ="1" align="center" colname="col1" morerows="1" valign="middle">Lfd.<BR/> Nr.</entry><entry VJ="1" align="center" colname="col2" morerows="1" valign="middle">Berufsbildpositionen</entry><entry VJ="1" align="center" colname="col3" morerows="1" valign="middle">Fertigkeiten, Kenntnisse und Fähigkeiten</entry><entry VJ="1" align="center" nameend="col5" namest="col4" valign="middle">Zeitliche Richtwerte<BR/> in Wochen im</entry></row><row><entry VJ="1" align="center" colname="col4" valign="middle">1. bis 15.<BR/> Monat</entry><entry VJ="1" align="center" colname="col5" valign="middle">16. bis 36.<BR/> Monat</entry></row><row><entry VJ="1" align="center" colname="col1" valign="middle">1</entry><entry VJ="1" align="center" colname="col2" valign="middle">2</entry><entry VJ="1" align="center" colname="col3" valign="middle">3</entry><entry VJ="1" align="center" nameend="col5" namest="col4" valign="middle">4</entry></row></thead><tbody valign="top"><row><entry VJ="1" colname="col1">5</entry><entry VJ="1" colname="col2">Arbeitsprozesse organisieren<BR/> (§ 4 Absatz 3 Nummer 5)</entry><entry VJ="1" colname="col3"><DL Font="normal" Type="alpha"><DT>a)</DT><DD Font="normal"><LA Size="normal">Aufgaben im eigenen Arbeitsbereich selbstverantwortlich und ergebnisorientiert planen, steuern und durchführen</LA></DD><DT>b)</DT><DD Font="normal"><LA Size="normal">funktionelle Zuständigkeiten, insbesondere Zeichnungs- und Vertretungsregelungen, sowie Weisungsbefugnisse beachten</LA></DD><DT>c)</DT><DD Font="normal"><LA Size="normal">behördliche Dokumentenablagesysteme nutzen, elektronische Akten anlegen und führen sowie Aufbewahrungsbestimmungen umsetzen</LA></DD><DT>d)</DT><DD Font="normal"><LA Size="normal">Posteingang und -ausgang prüfen und bearbeiten</LA></DD><DT>e)</DT><DD Font="normal"><LA Size="normal">Schriftstücke adressatengerecht fertigen und bearbeiten</LA></DD><DT>f)</DT><DD Font="normal"><LA Size="normal">berufsspezifische Informationen aufgabenbezogen in Fachdatenbanken recherchieren, aufbereiten und nutzen, Fachbegriffe anwenden</LA></DD><DT>g)</DT><DD Font="normal"><LA Size="normal">Einhaltung der Arbeits- und Verfahrensanweisungen nach behördlichen Vorgaben zu qualitätssichernden Maßnahmen sicherstellen</LA></DD><DT>h)</DT><DD Font="normal"><LA Size="normal">Daten für die Erstellung von Statistiken erheben, auswerten und weiterleiten</LA></DD><DT>i)</DT><DD Font="normal"><LA Size="normal">abteilungs- und behördenübergreifenden Informationspflichten nachkommen</LA></DD><DT>j)</DT><DD Font="normal"><LA Size="normal">über Akteneinsicht entscheiden und Maßnahmen veranlassen</LA></DD><DT>k)</DT><DD Font="normal"><LA Size="normal">Arbeitsprozesse reflektieren und bewerten sowie Maßnahmen zu deren Verbesserung vorschlagen</LA></DD></DL></entry><entry VJ="1" align="center" colname="col4" valign="middle">10</entry><entry VJ="1" colname="col5"/></row><row><entry VJ="1" colname="col1">6</entry><entry VJ="1" colname="col2">digitale Geschäftsprozesse umsetzen<BR/> (§ 4 Absatz 3 Nummer 6)</entry><entry VJ="1" colname="col3"><DL Font="normal" Type="alpha"><DT>a)</DT><DD Font="normal"><LA Size="normal">technische Entwicklungen verfolgen und Auswirkungen auf die digitalen Geschäftsabläufe ableiten</LA></DD><DT>b)</DT><DD Font="normal"><LA Size="normal">Datenflüsse und Schnittstellen der digitalen Geschäftsabläufe beachten und Datenübertragung prüfen</LA></DD><DT>c)</DT><DD Font="normal"><LA Size="normal">technische Störungen erkennen und Maßnahmen zur Behebung einleiten</LA></DD><DT>d)</DT><DD Font="normal"><LA Size="normal">die in den Fachanwendungen hinterlegten Standards hinterfragen und auf die individuellen Bedürfnisse am Arbeitsplatz anpassen</LA></DD><DT>e)</DT><DD Font="normal"><LA Size="normal">an der Optimierung von digitalen Geschäftsabläufen mitwirken sowie Maßnahmen zur Verbesserung vorschlagen</LA></DD><DT>f)</DT><DD Font="normal"><LA Size="normal">rechtliche und technische Möglichkeiten und Grenzen der mündlichen Verhandlung mittels Videoübertragung kennen und entsprechende Systeme bedienen sowie Besonderheiten der Protokollierung in Videoverhandlungen beachten</LA></DD></DL></entry><entry VJ="1" align="center" colname="col4" valign="middle">10</entry><entry VJ="1" align="center" colname="col5" valign="middle"/></row><row><entry VJ="1" colname="col1">7</entry><entry VJ="1" colname="col2">Kommunikation und Zusammenarbeit gestalten<BR/> (§ 4 Absatz 3 Nummer 7)</entry><entry VJ="1" colname="col3"><DL Font="normal" Type="alpha"><DT>a)</DT><DD Font="normal"><LA Size="normal">Zusammenarbeit mit internen und externen Ansprechpartnern durch wertschätzende, vertrauensvolle, transparente und lösungsorientierte Kommunikation gestalten sowie dabei kulturelle Identitäten berücksichtigen</LA></DD><DT>b)</DT><DD Font="normal"><LA Size="normal">mündliche und schriftliche Kommunikation unter Anwendung unterschiedlicher Kommunikationsformen und -techniken situations- und adressatengerecht gestalten sowie Ergebnisse dokumentieren</LA></DD><DT>c)</DT><DD Font="normal"><LA Size="normal">aktiv an einer positiven Behörden-, Kommunikations- und Fehlerkultur mitwirken sowie zur Konfliktlösung und Teamentwicklung im eigenen Arbeitsumfeld beitragen</LA></DD><DT>d)</DT><DD Font="normal"><LA Size="normal">Arbeitsdurchführung im Team reflektieren und bewerten sowie Verbesserungsvorschläge kommunizieren</LA></DD><DT>e)</DT><DD Font="normal"><LA Size="normal">Auskünfte erteilen</LA></DD><DT>f)</DT><DD Font="normal"><LA Size="normal">mit kritischen Rückmeldungen aus dem Publikumsverkehr umgehen und Lösungsmöglichkeiten anbieten</LA></DD><DT>g)</DT><DD Font="normal"><LA Size="normal">Arbeitsergebnisse adressatengerecht präsentieren</LA></DD><DT>h)</DT><DD Font="normal"><LA Size="normal">in einer Fremdsprache kommunizieren</LA></DD></DL></entry><entry VJ="1" align="center" colname="col4" valign="middle"/><entry VJ="1" align="center" colname="col5" valign="middle">10</entry></row><row><entry VJ="1" colname="col1">8</entry><entry VJ="1" colname="col2">Kosten und Entschädigungen bearbeiten und berechnen<BR/>(§ 4 Absatz 3 Nummer 8)</entry><entry VJ="1" colname="col3"><DL Font="normal" Type="alpha"><DT>a)</DT><DD Font="normal"><LA Size="normal">kostenrechtliche Vorschriften anwenden</LA></DD><DT>b)</DT><DD Font="normal"><LA Size="normal">Kosten rechtzeitig ansetzen</LA></DD><DT>c)</DT><DD Font="normal"><LA Size="normal">Betroffene, Zeuginnen und Zeugen, Schöffinnen und Schöffen entschädigen, sowie Dolmetscherinnen und Dolmetscher, Übersetzerinnen und Übersetzer und Sachverständige vergüten</LA></DD><DT>d)</DT><DD Font="normal"><LA Size="normal">vorläufigen Verfahrens- oder Streitwert ermitteln, Vorschüsse anfordern, Kosten berechnen, Zahlungseingänge überwachen sowie Ratenzahlungen veranlassen und überwachen</LA></DD></DL></entry><entry VJ="1" colname="col4"/><entry VJ="1" align="center" colname="col5" valign="middle">10</entry></row></tbody></tgroup></table></P></Content></text></textdaten></norm>
</dokumente>