<?xml version="1.0" encoding="UTF-8" ?><!DOCTYPE dokumente SYSTEM "http://www.gesetze-im-internet.de/dtd/1.01/gii-norm.dtd">
<dokumente builddate="20120625153351" doknr="BJNR097120998"><norm builddate="20120625153351" doknr="BJNR097120998"><metadaten><jurabk>KGAbkÄndAbk NLD</jurabk><ausfertigung-datum manuell="ja">1996-10-31</ausfertigung-datum><fundstelle typ="amtlich"><periodikum>BGBl II</periodikum><zitstelle>1998, 971</zitstelle></fundstelle><langue>Abkommen zur Änderung des Abkommens vom 8. April 1960 zwischen der
Bundesrepublik Deutschland und dem Königreich der Niederlande
über niederländische Kriegsgräber in der Bundesrepublik Deutschland
(Kriegsgräberabkommen)</langue></metadaten><textdaten><text format="decorated"/><fussnoten><Content><P>G v. 19.5.1998 II 970 <BR/>In Kraft gem. Bek. v. 22.9.1998 II 2760 mWv 1.9.1998</P></Content></fussnoten></textdaten></norm>
</dokumente>