<?xml version="1.0" encoding="UTF-8" ?><!DOCTYPE dokumente SYSTEM "http://www.gesetze-im-internet.de/dtd/1.01/gii-norm.dtd">
<dokumente builddate="20210615213126" doknr="BJNR064100013"><norm builddate="20210615213126" doknr="BJNR064100013"><metadaten><jurabk>Stanz/UmfMechAusbV</jurabk><ausfertigung-datum manuell="ja">2013-04-02</ausfertigung-datum><fundstelle typ="amtlich"><periodikum>BGBl I</periodikum><zitstelle>2013, 641</zitstelle></fundstelle><langue>Verordnung über die Berufsausbildung zum Stanz- und Umformmechaniker und zur Stanz- und Umformmechanikerin<FnR ID="F780457_01_BJNR064100013"/></langue></metadaten><textdaten><text format="XML"><Footnotes><Footnote FnZ="*" Group="column" ID="F780457_01_BJNR064100013" Pos="normal"><noindex>Diese Rechtsverordnung ist eine Ausbildungsordnung im Sinne des § 4 des Berufsbildungsgesetzes. Die Ausbildungsordnung und der damit abgestimmte von der Ständigen Konferenz der Kultusminister der Länder in der Bundesrepublik Deutschland beschlossene Rahmenlehrplan für die Berufsschule werden demnächst im amtlichen Teil des Bundesanzeigers veröffentlicht.</noindex></Footnote></Footnotes></text><fussnoten><Content><P><BR/> <pre xml:space="preserve">(+++ Textnachweis ab: 1.8.2013 +++)<BR/><BR/></pre></P></Content></fussnoten></textdaten></norm>
<norm builddate="20210615213126" doknr="BJNR064100013BJNE000100000"><metadaten><jurabk>Stanz/UmfMechAusbV</jurabk><enbez>Eingangsformel</enbez></metadaten><textdaten><text format="XML"><Content><P>Auf Grund des § 4 Absatz 1 in Verbindung mit Absatz 4 und § 5 des Berufsbildungsgesetzes, von denen § 4 Absatz 1 durch Artikel 232 Nummer 1 der Verordnung vom 31. Oktober 2006 (BGBl. I S. 2407) geändert worden ist, verordnet das Bundesministerium für Wirtschaft und Technologie im Einvernehmen mit dem Bundesministerium für Bildung und Forschung:</P></Content></text></textdaten></norm>
<norm builddate="20210615213126" doknr="BJNR064100013BJNE000200000"><metadaten><jurabk>Stanz/UmfMechAusbV</jurabk><enbez>§ 1</enbez><titel format="XML">Staatliche Anerkennung des Ausbildungsberufes</titel></metadaten><textdaten><text format="XML"><Content><P>Der Ausbildungsberuf Stanz- und Umformmechaniker und Stanz- und Umformmechanikerin wird nach § 4 Absatz 1 des Berufsbildungsgesetzes staatlich anerkannt.</P></Content></text></textdaten></norm>
<norm builddate="20210615213126" doknr="BJNR064100013BJNE000300000"><metadaten><jurabk>Stanz/UmfMechAusbV</jurabk><enbez>§ 2</enbez><titel format="XML">Dauer der Berufsausbildung</titel></metadaten><textdaten><text format="XML"><Content><P>Die Ausbildung dauert drei Jahre.</P></Content></text></textdaten></norm>
<norm builddate="20210615213126" doknr="BJNR064100013BJNE000400000"><metadaten><jurabk>Stanz/UmfMechAusbV</jurabk><enbez>§ 3</enbez><titel format="XML">Ausbildungsrahmenplan, Ausbildungsberufsbild</titel></metadaten><textdaten><text format="XML"><Content><P>(1) Gegenstand der Berufsausbildung sind mindestens die im Ausbildungsrahmenplan (Anlage) aufgeführten Fertigkeiten, Kenntnisse und Fähigkeiten (berufliche Handlungsfähigkeit). Eine von dem Ausbildungsrahmenplan abweichende Organisation der Ausbildung ist insbesondere zulässig, soweit betriebspraktische Besonderheiten die Abweichung erfordern.</P><P>(2) Die Berufsausbildung zum Stanz- und Umformmechaniker und zur Stanz- und Umformmechanikerin gliedert sich wie folgt (Ausbildungsberufsbild):<BR/><BR/><SP>Abschnitt A</SP><BR/> Berufsprofilgebende Fertigkeiten, Kenntnisse und Fähigkeiten: <DL Font="normal" Type="arabic"><DT>1.</DT><DD Font="normal"><LA Size="normal">Herstellen von Bauteilen; Montieren und Demontieren von Baugruppen,</LA></DD><DT>2.</DT><DD Font="normal"><LA Size="normal">Vorbereiten der Produktion,</LA></DD><DT>3.</DT><DD Font="normal"><LA Size="normal">Einrichten und Inbetriebnehmen von Stanz- und Umformmaschinen und -anlagen,</LA></DD><DT>4.</DT><DD Font="normal"><LA Size="normal">Überwachen, Steuern und Optimieren von Produktionsprozessen,</LA></DD><DT>5.</DT><DD Font="normal"><LA Size="normal">Anschlagen, Sichern und Transportieren;</LA></DD></DL><BR/><SP>Abschnitt B</SP><BR/> Integrative Fertigkeiten, Kenntnisse und Fähigkeiten: <DL Font="normal" Type="arabic"><DT>1.</DT><DD Font="normal"><LA Size="normal">Berufsbildung, Arbeits- und Tarifrecht,</LA></DD><DT>2.</DT><DD Font="normal"><LA Size="normal">Aufbau und Organisation des Ausbildungsbetriebes,</LA></DD><DT>3.</DT><DD Font="normal"><LA Size="normal">Sicherheit und Gesundheitsschutz bei der Arbeit,</LA></DD><DT>4.</DT><DD Font="normal"><LA Size="normal">Umweltschutz,</LA></DD><DT>5.</DT><DD Font="normal"><LA Size="normal">Betriebliche und technische Kommunikation,</LA></DD><DT>6.</DT><DD Font="normal"><LA Size="normal">Planen und Organisieren der Arbeit,</LA></DD><DT>7.</DT><DD Font="normal"><LA Size="normal">Durchführen von qualitätssichernden Maßnahmen.</LA></DD></DL></P></Content></text></textdaten></norm>
<norm builddate="20210615213126" doknr="BJNR064100013BJNE000500000"><metadaten><jurabk>Stanz/UmfMechAusbV</jurabk><enbez>§ 4</enbez><titel format="XML">Durchführung der Berufsausbildung</titel></metadaten><textdaten><text format="XML"><Content><P>(1) Die in dieser Verordnung genannten Fertigkeiten, Kenntnisse und Fähigkeiten sollen so vermittelt werden, dass die Auszubildenden zur Ausübung einer qualifizierten beruflichen Tätigkeit im Sinne von § 1 Absatz 3 des Berufsbildungsgesetzes befähigt werden, die insbesondere selbstständiges Planen, Durchführen und Kontrollieren einschließt. Diese Befähigung ist auch in den Prüfungen nach den §§ 5 bis 7 nachzuweisen.</P><P>(2) Die Ausbildenden haben unter Zugrundelegung des Ausbildungsrahmenplans für die Auszubildenden einen Ausbildungsplan zu erstellen.</P><P>(3) Die Auszubildenden haben einen schriftlichen Ausbildungsnachweis zu führen. Ihnen ist Gelegenheit zu geben, den schriftlichen Ausbildungsnachweis während der Ausbildungszeit zu führen. Die Ausbildenden haben den schriftlichen Ausbildungsnachweis regelmäßig durchzusehen.</P></Content></text></textdaten></norm>
<norm builddate="20210615213126" doknr="BJNR064100013BJNE000600000"><metadaten><jurabk>Stanz/UmfMechAusbV</jurabk><enbez>§ 5</enbez><titel format="XML">Abschlussprüfung</titel></metadaten><textdaten><text format="XML"><Content><P>Die Abschlussprüfung besteht aus den beiden zeitlich auseinanderfallenden Teilen 1 und 2. Durch die Abschlussprüfung ist festzustellen, ob der Prüfling die berufliche Handlungsfähigkeit erworben hat. In der Abschlussprüfung soll der Prüfling nachweisen, dass er die dafür erforderlichen beruflichen Fertigkeiten beherrscht, die notwendigen beruflichen Kenntnisse und Fähigkeiten besitzt und mit dem im Berufsschulunterricht zu vermittelnden, für die Berufsausbildung wesentlichen Lehrstoff vertraut ist. Die Ausbildungsordnung ist zugrunde zu legen. Dabei sollen Fertigkeiten, Kenntnisse und Fähigkeiten, die bereits Gegenstand von Teil 1 der Abschlussprüfung waren, in Teil 2 der Abschlussprüfung nur insoweit einbezogen werden, als es für die Feststellung der Berufsbefähigung erforderlich ist.</P></Content></text></textdaten></norm>
<norm builddate="20210615213126" doknr="BJNR064100013BJNE000700000"><metadaten><jurabk>Stanz/UmfMechAusbV</jurabk><enbez>§ 6</enbez><titel format="XML">Teil 1 der Abschlussprüfung</titel></metadaten><textdaten><text format="XML"><Content><P>(1) Teil 1 der Abschlussprüfung soll vor dem Ende des zweiten Ausbildungsjahres stattfinden.</P><P>(2) Teil 1 der Abschlussprüfung erstreckt sich auf die in der Anlage für die ersten drei Ausbildungshalbjahre aufgeführten Fertigkeiten, Kenntnisse und Fähigkeiten sowie auf den im Berufsschulunterricht zu vermittelnden Lehrstoff, soweit er für die Berufsausbildung wesentlich ist.</P><P>(3) Teil 1 der Abschlussprüfung findet in dem Prüfungsbereich Herstellen einer Werkzeuganbaukomponente statt.</P><P>(4) Für den Prüfungsbereich Herstellen einer Werkzeuganbaukomponente bestehen folgende Vorgaben: <DL Type="arabic"><DT>1.</DT><DD Font="normal"><LA>Der Prüfling soll nachweisen, dass er in der Lage ist, <DL Type="alpha"><DT>a)</DT><DD Font="normal"><LA>Arbeitsschritte zu planen, Arbeitsmittel und technische Unterlagen anzuwenden, technologische Kennwerte zu ermitteln, erforderliche Berechnungen durchzuführen,</LA></DD><DT>b)</DT><DD Font="normal"><LA>Sicherheit und Gesundheitsschutz bei der Arbeit und den Umweltschutz zu berücksichtigen,</LA></DD><DT>c)</DT><DD Font="normal"><LA>Bauteile manuell und maschinell zu bearbeiten, umzuformen und zu einer funktionierenden Werkzeuganbaukomponente zu fügen,</LA></DD><DT>d)</DT><DD Font="normal"><LA>Prüfmittel anzuwenden;</LA></DD></DL></LA></DD><DT>2.</DT><DD Font="normal"><LA>der Prüfling soll ein Prüfungsstück fertigen und darauf bezogene Aufgaben schriftlich bearbeiten;</LA></DD><DT>3.</DT><DD Font="normal"><LA>die Prüfungszeit beträgt für das Prüfungsstück sechs Stunden und für die schriftlich zu bearbeitenden Aufgaben 60 Minuten.</LA></DD></DL></P></Content></text></textdaten></norm>
<norm builddate="20210615213126" doknr="BJNR064100013BJNE000800000"><metadaten><jurabk>Stanz/UmfMechAusbV</jurabk><enbez>§ 7</enbez><titel format="XML">Teil 2 der Abschlussprüfung</titel></metadaten><textdaten><text format="XML"><Content><P>(1) Teil 2 der Abschlussprüfung erstreckt sich auf die in der Anlage aufgeführten Fertigkeiten, Kenntnisse und Fähigkeiten sowie auf den im Berufsschulunterricht zu vermittelnden Lehrstoff, soweit er für die Berufsausbildung wesentlich ist.</P><P>(2) Teil 2 der Abschlussprüfung besteht aus den Prüfungsbereichen: <DL Type="arabic"><DT>1.</DT><DD Font="normal"><LA>Rüsten, Anfahren und Überwachen einer Produktionsanlage,</LA></DD><DT>2.</DT><DD Font="normal"><LA>Produktionstechnik,</LA></DD><DT>3.</DT><DD Font="normal"><LA>Produktionssysteme,</LA></DD><DT>4.</DT><DD Font="normal"><LA>Wirtschafts- und Sozialkunde.</LA></DD></DL></P><P>(3) Für den Prüfungsbereich Rüsten, Anfahren und Überwachen einer Produktionsanlage bestehen folgende Vorgaben: <DL Type="arabic"><DT>1.</DT><DD Font="normal"><LA>Der Prüfling soll nachweisen, dass er in der Lage ist, <DL Type="alpha"><DT>a)</DT><DD Font="normal"><LA>Arbeitsaufträge zu analysieren, Informationen zu beschaffen, technische und organisatorische Schnittstellen zu klären,</LA></DD><DT>b)</DT><DD Font="normal"><LA>Produktionsanlagen unter Berücksichtigung der Sicherheit, des Gesundheits- und Umweltschutzes, einzurichten und zu betreiben,</LA></DD><DT>c)</DT><DD Font="normal"><LA>Produktionsergebnisse zu bewerten, Maßnahmen zur Prozessoptimierung zu ergreifen, Änderungsdaten einzupflegen,</LA></DD><DT>d)</DT><DD Font="normal"><LA>Normen und auftragsspezifische Anforderungen zur Produktqualität und Prozesssicherheit zu beachten,</LA></DD><DT>e)</DT><DD Font="normal"><LA>die Technologie- und Prozessdaten zu dokumentieren;</LA></DD></DL></LA></DD><DT>2.</DT><DD Font="normal"><LA>der Prüfling soll einen betrieblichen Auftrag durchführen und mit praxisbezogenen Unterlagen dokumentieren sowie darüber ein auftragsbezogenes Fachgespräch führen;</LA></DD><DT>3.</DT><DD Font="normal"><LA>dem Prüfungsausschuss ist vor der Durchführung des betrieblichen Auftrags die Aufgabenstellung einschließlich des geplanten Bearbeitungszeitraums zur Genehmigung vorzulegen;</LA></DD><DT>4.</DT><DD Font="normal"><LA>die Prüfungszeit für die Durchführung des betrieblichen Auftrags einschließlich der Dokumentation beträgt 14 Stunden und für das auftragsbezogene Fachgespräch höchstens 30 Minuten.</LA></DD></DL></P><P>(4) Für den Prüfungsbereich Produktionstechnik bestehen folgende Vorgaben: <DL Type="arabic"><DT>1.</DT><DD Font="normal"><LA>Der Prüfling soll nachweisen, dass er in der Lage ist, <DL Type="alpha"><DT>a)</DT><DD Font="normal"><LA>technische Unterlagen zu ergänzen, auszuwerten und anzuwenden,</LA></DD><DT>b)</DT><DD Font="normal"><LA>Werkstoffeigenschaften und -zustände zu beurteilen,</LA></DD><DT>c)</DT><DD Font="normal"><LA>Fertigungstechniken zum Stanzen und Umformen zuzuordnen,</LA></DD><DT>d)</DT><DD Font="normal"><LA>Werkzeuge und Werkzeugkomponenten zu analysieren,</LA></DD><DT>e)</DT><DD Font="normal"><LA>Funktion von Maschinen und Anlagen zu erläutern,</LA></DD><DT>f)</DT><DD Font="normal"><LA>Handhabungs- und Materialflusssysteme zuzuordnen,</LA></DD><DT>g)</DT><DD Font="normal"><LA>Prüfverfahren und Prüfmittel auszuwählen und zu beurteilen;</LA></DD></DL></LA></DD><DT>2.</DT><DD Font="normal"><LA>der Prüfling soll Aufgaben schriftlich bearbeiten;</LA></DD><DT>3.</DT><DD Font="normal"><LA>die Prüfungszeit beträgt 120 Minuten.</LA></DD></DL></P><P>(5) Für den Prüfungsbereich Produktionssysteme bestehen folgende Vorgaben: <DL Type="arabic"><DT>1.</DT><DD Font="normal"><LA>Der Prüfling soll nachweisen, dass er in der Lage ist, <DL Type="alpha"><DT>a)</DT><DD Font="normal"><LA>Produktionsparameter zu ermitteln,</LA></DD><DT>b)</DT><DD Font="normal"><LA>Werkzeug- und Prozessüberwachungssysteme zu analysieren,</LA></DD><DT>c)</DT><DD Font="normal"><LA>die Funktionsfähigkeit von Stanz- und Umformanlagen durch Steuern und Regeln zu organisieren,</LA></DD><DT>d)</DT><DD Font="normal"><LA>Störungs- und Fehlerursachen zu beurteilen und Wartungsmaßnahmen zu erkennen,</LA></DD><DT>e)</DT><DD Font="normal"><LA>den Produktionsablauf für die Serienfertigung zu optimieren,</LA></DD><DT>f)</DT><DD Font="normal"><LA>Qualitätsmerkmale auszuwerten und Ursachen für Qualitätsabweichungen feststellen zu können;</LA></DD></DL></LA></DD><DT>2.</DT><DD Font="normal"><LA>der Prüfling soll Aufgaben schriftlich bearbeiten;</LA></DD><DT>3.</DT><DD Font="normal"><LA>die Prüfungszeit beträgt 120 Minuten.</LA></DD></DL></P><P>(6) Für den Prüfungsbereich Wirtschafts- und Sozialkunde bestehen folgende Vorgaben: <DL Type="arabic"><DT>1.</DT><DD Font="normal"><LA>Der Prüfling soll nachweisen, dass er in der Lage ist, allgemeine wirtschaftliche und gesellschaftliche Zusammenhänge der Berufs- und Arbeitswelt darzustellen und zu beurteilen;</LA></DD><DT>2.</DT><DD Font="normal"><LA>der Prüfling soll praxisbezogene Aufgaben schriftlich bearbeiten;</LA></DD><DT>3.</DT><DD Font="normal"><LA>die Prüfungszeit beträgt 60 Minuten.</LA></DD></DL></P></Content></text></textdaten></norm>
<norm builddate="20210615213127" doknr="BJNR064100013BJNE000900000"><metadaten><jurabk>Stanz/UmfMechAusbV</jurabk><enbez>§ 8</enbez><titel format="XML">Gewichtungs- und Bestehensregelungen</titel></metadaten><textdaten><text format="XML"><Content><P>(1) Die Prüfungsbereiche sind wie folgt zu gewichten: <DL Font="normal" Type="arabic"><DT>1.</DT><DD Font="normal"><LA Size="normal"><table colsep="0" frame="none" pgwide="1" rowsep="0" tocentry="%yes;"><tgroup align="left" char="" charoff="50" cols="2"><colspec align="left" colname="leftSplit"/><colspec align="right" colname="rightSplit"/><tbody Class="Split" valign="top"><row><entry VJ="1" colname="leftSplit">Herstellen einer Werkzeuganbaukomponente</entry><entry VJ="1" colname="rightSplit">40 Prozent,</entry></row></tbody></tgroup></table></LA></DD><DT>2.</DT><DD Font="normal"><LA Size="normal"><table colsep="0" frame="none" pgwide="1" rowsep="0" tocentry="%yes;"><tgroup align="left" char="" charoff="50" cols="2"><colspec align="left" colname="leftSplit"/><colspec align="right" colname="rightSplit"/><tbody Class="Split" valign="top"><row><entry VJ="1" colname="leftSplit">Rüsten, Anfahren und Überwachen einer Produktionsanlage</entry><entry VJ="1" colname="rightSplit" valign="bottom">30 Prozent,</entry></row></tbody></tgroup></table></LA></DD><DT>3.</DT><DD Font="normal"><LA Size="normal"><table colsep="0" frame="none" pgwide="1" rowsep="0" tocentry="%yes;"><tgroup align="left" char="" charoff="50" cols="2"><colspec align="left" colname="leftSplit"/><colspec align="right" colname="rightSplit"/><tbody Class="Split" valign="top"><row><entry VJ="1" colname="leftSplit">Produktionstechnik</entry><entry VJ="1" colname="rightSplit" valign="bottom">10 Prozent,</entry></row></tbody></tgroup></table></LA></DD><DT>4.</DT><DD Font="normal"><LA Size="normal"><table colsep="0" frame="none" pgwide="1" rowsep="0" tocentry="%yes;"><tgroup align="left" char="" charoff="50" cols="2"><colspec align="left" colname="leftSplit"/><colspec align="right" colname="rightSplit"/><tbody Class="Split" valign="top"><row><entry VJ="1" colname="leftSplit">Produktionssysteme</entry><entry VJ="1" colname="rightSplit" valign="bottom">10 Prozent,</entry></row></tbody></tgroup></table></LA></DD><DT>5.</DT><DD Font="normal"><LA Size="normal"><table colsep="0" frame="none" pgwide="1" rowsep="0" tocentry="%yes;"><tgroup align="left" char="" charoff="50" cols="2"><colspec align="left" colname="leftSplit"/><colspec align="right" colname="rightSplit"/><tbody Class="Split" valign="top"><row><entry VJ="1" colname="leftSplit">Wirtschafts- und Sozialkunde</entry><entry VJ="1" colname="rightSplit" valign="bottom">10 Prozent.</entry></row></tbody></tgroup></table></LA></DD></DL></P><P>(2) Die Abschlussprüfung ist bestanden, wenn die Leistungen <DL Font="normal" Type="arabic"><DT>1.</DT><DD Font="normal"><LA Size="normal">im Gesamtergebnis von Teil 1 und Teil 2 der Abschlussprüfung mit mindestens „ausreichend“,</LA></DD><DT>2.</DT><DD Font="normal"><LA Size="normal">im Prüfungsbereich Rüsten, Anfahren und Überwachen einer Produktionsanlage mit mindestens „ausreichend“,</LA></DD><DT>3.</DT><DD Font="normal"><LA Size="normal">im Ergebnis von Teil 2 der Abschlussprüfung mit mindestens „ausreichend“,</LA></DD><DT>4.</DT><DD Font="normal"><LA Size="normal">in mindestens zwei der übrigen Prüfungsbereiche von Teil 2 der Abschlussprüfung mit mindestens „ausreichend“ und</LA></DD><DT>5.</DT><DD Font="normal"><LA Size="normal">in keinem Prüfungsbereich von Teil 2 der Abschlussprüfung mit „ungenügend“</LA></DD></DL>bewertet worden sind.</P><P>(3) Auf Antrag des Prüflings ist die Prüfung in einem der in Teil 2 der Abschlussprüfung mit schlechter als „ausreichend“ bewerteten Prüfungsbereiche Produktionstechnik, Produktionssysteme oder Wirtschafts- und Sozialkunde durch eine mündliche Prüfung von etwa 15 Minuten zu ergänzen, wenn dies für das Bestehen der Prüfung den Ausschlag geben kann. Bei der Ermittlung des Ergebnisses für diesen Prüfungsbereich sind das bisherige Ergebnis und das Ergebnis der mündlichen Ergänzungsprüfung im Verhältnis von 2:1 zu gewichten.</P></Content></text></textdaten></norm>
<norm builddate="20210615213127" doknr="BJNR064100013BJNE001000000"><metadaten><jurabk>Stanz/UmfMechAusbV</jurabk><enbez>§ 9</enbez><titel format="XML">Anrechnungsregelung</titel></metadaten><textdaten><text format="XML"><Content><P>Die erfolgreich abgeschlossene Berufsausbildung zur Fachkraft für Metalltechnik in der Fachrichtung Umform- und Drahttechnik kann unter Berücksichtigung der hierbei erworbenen Fertigkeiten, Kenntnisse und Fähigkeiten im Umfang von zwei Jahren auf die Dauer einer Berufsausbildung nach dieser Verordnung angerechnet werden.</P></Content></text></textdaten></norm>
<norm builddate="20210615213127" doknr="BJNR064100013BJNE001100000"><metadaten><jurabk>Stanz/UmfMechAusbV</jurabk><enbez>§ 10</enbez><titel format="XML">Inkrafttreten</titel></metadaten><textdaten><text format="XML"><Content><P>Diese Verordnung tritt am 1. August 2013 in Kraft.</P></Content></text></textdaten></norm>
<norm builddate="20210615213127" doknr="BJNR064100013BJNE001200000"><metadaten><jurabk>Stanz/UmfMechAusbV</jurabk><enbez>Anlage</enbez><titel format="XML">(zu § 3 Absatz 1 Satz 1)<BR/>Ausbildungsrahmenplan für die Berufsausbildung zum Stanz- und Umformmechaniker und zur Stanz- und Umformmechanikerin</titel></metadaten><textdaten><text format="XML"><Content><P><noindex><kommentar typ="Fundstelle">(Fundstelle: BGBl. I 2013, 644 - 647)</kommentar></noindex></P><BR/><BR/><table frame="all" tabstyle="Ausbildung" tocentry="%yes;"><Title Align="left" Class="S1"><B>Abschnitt A: Berufsprofilgebende Fertigkeiten, Kenntnisse und Fähigkeiten</B></Title><tgroup align="left" char="" charoff="50" cols="5" colsep="1" rowsep="1"><colspec colname="col1" colnum="1" colwidth=".75*"/><colspec colname="col2" colnum="2" colwidth="4.5*"/><colspec colname="col3" colnum="3" colwidth="8.5*"/><colspec colname="col4" colnum="4" colwidth="1.5*"/><colspec colname="col5" colnum="5" colwidth="1.5*"/><thead valign="bottom"><row><entry VJ="1" align="center" colname="col1" morerows="1" valign="middle">Lfd.<BR/> Nr.</entry><entry VJ="1" align="center" colname="col2" morerows="1" valign="middle">Teil des<BR/> Ausbildungsberufsbildes</entry><entry VJ="1" align="center" colname="col3" morerows="1" valign="middle">Zu vermittelnde<BR/> Fertigkeiten, Kenntnisse und Fähigkeiten</entry><entry VJ="1" align="center" nameend="col5" namest="col4" valign="middle">Zeitliche Richtwerte<BR/> in Wochen im</entry></row><row><entry VJ="1" align="center" colname="col4" valign="middle">1. bis 18.<BR/> Monat</entry><entry VJ="1" align="center" colname="col5" valign="middle">19. bis 36.<BR/> Monat</entry></row><row><entry VJ="1" align="center" colname="col1" valign="middle">1</entry><entry VJ="1" align="center" colname="col2" valign="middle">2</entry><entry VJ="1" align="center" colname="col3" valign="middle">3</entry><entry VJ="1" align="center" nameend="col5" namest="col4" valign="middle">4</entry></row></thead><tbody valign="top"><row><entry VJ="1" align="center" colname="col1" morerows="1">1</entry><entry VJ="1" colname="col2" morerows="1">Herstellen von Bauteilen; Montieren und Demontieren von Baugruppen<BR/> (§ 3 Absatz 2 Abschnitt A Nummer 1)</entry><entry VJ="1" align="justify" colname="col3"><DL Font="normal" Type="alpha"><DT>a)</DT><DD Font="normal"><LA Size="normal">Materialien hinsichtlich ihrer Eigenschaften und Verwendung auswählen</LA></DD><DT>b)</DT><DD Font="normal"><LA Size="normal">Werkzeuge und Spannzeuge auswählen, Werkstücke ausrichten und spannen</LA></DD><DT>c)</DT><DD Font="normal"><LA Size="normal">Werkstücke aus unterschiedlichen Werkstoffen durch manuelle und maschinelle Fertigungsverfahren herstellen</LA></DD><DT>d)</DT><DD Font="normal"><LA Size="normal">Bauteile, auch aus unterschiedlichen Werkstoffen, zu Baugruppen fügen</LA></DD><DT>e)</DT><DD Font="normal"><LA Size="normal">Montage- und Demontagepläne anwenden</LA></DD><DT>f)</DT><DD Font="normal"><LA Size="normal">Bauteile und Baugruppen lage- und funktionsgerecht montieren</LA></DD><DT>g)</DT><DD Font="normal"><LA Size="normal">Baugruppen demontieren und kennzeichnen</LA></DD></DL></entry><entry VJ="1" align="center" colname="col4" valign="middle">24</entry><entry VJ="1" align="center" colname="col5" valign="middle"/></row><row><entry VJ="1" align="justify" colname="col3"><DL Font="normal" Type="alpha"><DT>h)</DT><DD Font="normal"><LA Size="normal">Eigenschaften von Werkstoffen, insbesondere für Werkzeuge, und deren Veränderungen beurteilen</LA></DD></DL></entry><entry VJ="1" align="center" colname="col4" valign="middle"/><entry VJ="1" align="center" colname="col5" valign="middle">4</entry></row><row><entry VJ="1" align="center" colname="col1">2</entry><entry VJ="1" colname="col2">Vorbereiten der Produktion<BR/> (§ 3 Absatz 2 Abschnitt A Nummer 2)</entry><entry VJ="1" align="justify" colname="col3"><DL Font="normal" Type="alpha"><DT>a)</DT><DD Font="normal"><LA Size="normal">Material auf Vollständigkeit und Qualität prüfen</LA></DD><DT>b)</DT><DD Font="normal"><LA Size="normal">Handhabungs- und Materialflusssysteme einrichten</LA></DD><DT>c)</DT><DD Font="normal"><LA Size="normal">Hilfs- und Betriebsstoffe ihrer Verwendung nach zuordnen und einsetzen</LA></DD><DT>d)</DT><DD Font="normal"><LA Size="normal">Material zur Zuführeinheit transportieren und ausrichten</LA></DD><DT>e)</DT><DD Font="normal"><LA Size="normal">Richt- und Vorschubsysteme vorbereiten und einstellen, Steuerung aktivieren</LA></DD></DL></entry><entry VJ="1" align="center" colname="col4" valign="middle">6</entry><entry VJ="1" colname="col5"/></row><row><entry VJ="1" align="center" colname="col1" morerows="1">3<BR/></entry><entry VJ="1" colname="col2" morerows="1">Einrichten und Inbetrieb-<BR/>nehmen von Stanz- und Umformmaschinen und -anlagen<BR/> (§ 3 Absatz 2 Abschnitt A Nummer 3)<BR/></entry><entry VJ="1" align="justify" colname="col3"><DL Font="normal" Type="alpha"><DT>a)</DT><DD Font="normal"><LA Size="normal">Bestimmungen und Sicherheitsregeln beim Arbeiten an elektrischen Anlagen, Geräten und Betriebsmitteln beachten</LA></DD><DT>b)</DT><DD Font="normal"><LA Size="normal">Materialzuführ- und Abführeinrichtungen anbringen und einstellen, Material zuführen</LA></DD><DT>c)</DT><DD Font="normal"><LA Size="normal">Stanz- und Umformwerkzeuge zum Einbau vorbereiten</LA></DD><DT>d)</DT><DD Font="normal"><LA Size="normal">Werkzeugeinbauraum und Werkzeuge reinigen</LA></DD><DT>e)</DT><DD Font="normal"><LA Size="normal">Werkzeuge, insbesondere auf Verschleiß und Beschädigung, sichtprüfen</LA></DD><DT>f)</DT><DD Font="normal"><LA Size="normal">Werkzeuge und Werkzeugkomponenten einbauen, ausrichten, justieren und befestigen</LA></DD></DL></entry><entry VJ="1" align="center" colname="col4" valign="middle">18</entry><entry VJ="1" colname="col5"/></row><row><entry VJ="1" align="justify" colname="col3"><DL Font="normal" Type="alpha"><DT>g)</DT><DD Font="normal"><LA Size="normal">Sicherheitseinrichtungen, Zusatzaggregate und Komponenten zur Prozessüberwachung montieren, justieren und erproben</LA></DD><DT>h)</DT><DD Font="normal"><LA Size="normal">Fertigungsdaten von Maschinen und Anlagen ermitteln, Produktionsparameter einstellen, Programmdaten eingeben</LA></DD><DT>i)</DT><DD Font="normal"><LA Size="normal">Werkzeug- und Prozessüberwachungssysteme aktivieren</LA></DD><DT>j)</DT><DD Font="normal"><LA Size="normal">Produktion anfahren; Probelauf durchführen, Musterteile prüfen</LA></DD><DT>k)</DT><DD Font="normal"><LA Size="normal">Produktionsablauf für Serienfertigung optimieren</LA></DD></DL></entry><entry VJ="1" colname="col4"/><entry VJ="1" align="center" colname="col5" valign="middle">18</entry></row><row><entry VJ="1" align="center" colname="col1" morerows="1">4<BR/></entry><entry VJ="1" colname="col2" morerows="1">Überwachen, Steuern und <BR/>Optimieren von Produktionsprozessen<BR/> (§ 3 Absatz 2 Abschnitt A<BR/>Nummer 4)</entry><entry VJ="1" align="justify" colname="col3"><DL Font="normal" Type="alpha"><DT>a)</DT><DD Font="normal"><LA Size="normal">Materialfluss sicherstellen</LA></DD><DT>b)</DT><DD Font="normal"><LA Size="normal">Regelungs- und Steuerungssysteme in ihren Funktionen unterscheiden</LA></DD></DL></entry><entry VJ="1" align="center" colname="col4" valign="middle">6</entry><entry VJ="1" colname="col5"><BR/></entry></row><row><entry VJ="1" align="justify" colname="col3"><DL Font="normal" Type="alpha"><DT>c)</DT><DD Font="normal"><LA Size="normal">Funktionsfähigkeit von Stanz- und Umformmaschinen und -anlagen durch Steuern, Regeln und Überwachen der Arbeitsbewegungen und deren Zusatzfunktionen sicherstellen</LA></DD><DT>d)</DT><DD Font="normal"><LA Size="normal">Fertigungsparameter optimieren</LA></DD><DT>e)</DT><DD Font="normal"><LA Size="normal">Störungs- und Fehlerursachen feststellen, die Möglichkeit ihrer Beseitigung beurteilen und die Instandsetzung durchführen oder veranlassen</LA></DD></DL></entry><entry VJ="1" colname="col4"/><entry VJ="1" align="center" colname="col5" valign="middle">16</entry></row><row><entry VJ="1" align="center" colname="col1" morerows="1">5</entry><entry VJ="1" colname="col2" morerows="1">Anschlagen, Sichern und<BR/>Transportieren<BR/> (§ 3 Absatz 2 Abschnitt A<BR/>Nummer 5)</entry><entry VJ="1" align="justify" colname="col3"><DL Font="normal" Type="alpha"><DT>a)</DT><DD Font="normal"><LA Size="normal">Transportgüter anschlagen und sichern</LA></DD><DT>b)</DT><DD Font="normal"><LA Size="normal">Schrottabführungen platzieren</LA></DD><DT>c)</DT><DD Font="normal"><LA Size="normal">Abführungen für Fertigteile platzieren</LA></DD><DT>d)</DT><DD Font="normal"><LA Size="normal">Trägersysteme für Produkte am Band platzieren</LA></DD><DT>e)</DT><DD Font="normal"><LA Size="normal">Produkte entnehmen, reinigen und zur Weiterbearbeitung vorbereiten</LA></DD></DL></entry><entry VJ="1" align="center" colname="col4" valign="middle">6</entry><entry VJ="1" colname="col5"><BR/></entry></row><row><entry VJ="1" align="justify" colname="col3"><DL Font="normal" Type="alpha"><DT>f)</DT><DD Font="normal"><LA Size="normal">Nachbehandlung veranlassen</LA></DD><DT>g)</DT><DD Font="normal"><LA Size="normal">Qualitätssicherung und Nachverfolgbarkeit sicherstellen</LA></DD><DT>h)</DT><DD Font="normal"><LA Size="normal">Produkte für den Versand kennzeichnen und vorbereiten</LA></DD></DL></entry><entry VJ="1" colname="col4"/><entry VJ="1" align="center" colname="col5" valign="middle">6</entry></row></tbody></tgroup></table><BR/><BR/><table frame="all" tabstyle="Ausbildung" tocentry="%yes;"><Title Align="left" Class="S1"><B>Abschnitt B: Integrative Fertigkeiten, Kenntnisse und Fähigkeiten</B></Title><tgroup align="left" char="" charoff="50" cols="5" colsep="1" rowsep="1"><colspec colname="col1" colnum="1" colwidth=".75*"/><colspec colname="col2" colnum="2" colwidth="4.5*"/><colspec colname="col3" colnum="3" colwidth="8.5*"/><colspec colname="col4" colnum="4" colwidth="1.5*"/><colspec colname="col5" colnum="5" colwidth="1.5*"/><thead valign="bottom"><row><entry VJ="1" align="center" colname="col1" morerows="1" valign="middle">Lfd.<BR/> Nr.</entry><entry VJ="1" align="center" colname="col2" morerows="1" valign="middle">Teil des<BR/> Ausbildungsberufsbildes</entry><entry VJ="1" align="center" colname="col3" morerows="1" valign="middle">Zu vermittelnde<BR/> Fertigkeiten, Kenntnisse und Fähigkeiten</entry><entry VJ="1" align="center" nameend="col5" namest="col4" valign="middle">Zeitliche Richtwerte<BR/> in Wochen im</entry></row><row><entry VJ="1" align="center" colname="col4" valign="middle">1. bis 18.<BR/> Monat</entry><entry VJ="1" align="center" colname="col5" valign="middle">19. bis 36.<BR/> Monat</entry></row><row><entry VJ="1" align="center" colname="col1" valign="middle">1</entry><entry VJ="1" align="center" colname="col2" valign="middle">2</entry><entry VJ="1" align="center" colname="col3" valign="middle">3</entry><entry VJ="1" align="center" nameend="col5" namest="col4" valign="middle">4</entry></row></thead><tbody valign="top"><row><entry VJ="1" align="center" colname="col1">1</entry><entry VJ="1" colname="col2">Berufsbildung, Arbeits- und Tarifrecht<BR/> (§ 3 Absatz 2 Abschnitt B Nummer 1)</entry><entry VJ="1" align="justify" colname="col3"><DL Font="normal" Type="alpha"><DT>a)</DT><DD Font="normal"><LA Size="normal">Bedeutung des Ausbildungsvertrages, insbesondere Abschluss, Dauer und Beendigung, erklären</LA></DD><DT>b)</DT><DD Font="normal"><LA Size="normal">gegenseitige Rechte und Pflichten aus dem Ausbildungsvertrag nennen</LA></DD><DT>c)</DT><DD Font="normal"><LA Size="normal">Möglichkeiten der beruflichen Fortbildung nennen</LA></DD><DT>d)</DT><DD Font="normal"><LA Size="normal">wesentliche Teile des Arbeitsvertrages nennen</LA></DD><DT>e)</DT><DD Font="normal"><LA Size="normal">wesentliche Bestimmungen der für den ausbildenden Betrieb geltenden Tarifverträge nennen</LA></DD></DL></entry><entry VJ="1" colsep="0" rowsep="0"/><entry VJ="1" rowsep="0"/></row><row><entry VJ="1" align="center" colname="col1">2</entry><entry VJ="1" colname="col2">Aufbau und Organisation<BR/>des Ausbildungsbetriebes<BR/> (§ 3 Absatz 2 Abschnitt B Nummer 2)</entry><entry VJ="1" align="justify" colname="col3"><DL Font="normal" Type="alpha"><DT>a)</DT><DD Font="normal"><LA Size="normal">Aufbau und Aufgaben des ausbildenden Betriebes erläutern</LA></DD><DT>b)</DT><DD Font="normal"><LA Size="normal">Grundfunktionen des ausbildenden Betriebes wie Beschaffung, Fertigung, Absatz und Verwaltung erklären</LA></DD><DT>c)</DT><DD Font="normal"><LA Size="normal">Beziehungen des ausbildenden Betriebes und seiner Belegschaft zu Wirtschaftsorganisationen, Berufsvertretungen und Gewerkschaften nennen</LA></DD><DT>d)</DT><DD Font="normal"><LA Size="normal">Grundlagen, Aufgaben und Arbeitsweise der betriebsverfassungs- oder personalvertretungsrechtlichen Organe des ausbildenden Betriebes beschreiben</LA></DD></DL></entry><entry VJ="1" align="left" morerows="2" nameend="col5" namest="col4" valign="middle">während<BR/> der gesamten<BR/> Ausbildung<BR/> zu vermitteln<BR/><BR/><BR/><BR/><BR/><BR/><BR/><BR/><BR/><BR/><BR/><BR/></entry></row><row><entry VJ="1" align="center" colname="col1">3</entry><entry VJ="1" colname="col2">Sicherheit und Gesundheitsschutz bei der Arbeit<BR/> (§ 3 Absatz 2 Abschnitt B Nummer 3)</entry><entry VJ="1" align="justify" colname="col3"><DL Font="normal" Type="alpha"><DT>a)</DT><DD Font="normal"><LA Size="normal">Gefährdung von Sicherheit und Gesundheit am Arbeitsplatz feststellen und Maßnahmen zu ihrer Vermeidung ergreifen</LA></DD><DT>b)</DT><DD Font="normal"><LA Size="normal">berufsbezogene Arbeitsschutz- und Unfallverhütungsvorschriften anwenden</LA></DD><DT>c)</DT><DD Font="normal"><LA Size="normal">Verhaltensweisen bei Unfällen beschreiben sowie erste Maßnahmen einleiten</LA></DD><DT>d)</DT><DD Font="normal"><LA Size="normal">Vorschriften des vorbeugenden Brandschutzes anwenden; Verhaltensweisen bei Bränden beschreiben und Maßnahmen zur Brandbekämpfung ergreifen</LA></DD></DL></entry></row><row><entry VJ="1" align="center" colname="col1">4</entry><entry VJ="1" colname="col2">Umweltschutz<BR/> (§ 3 Absatz 2 Abschnitt B Nummer 4)</entry><entry VJ="1" align="justify" colname="col3">Zur Vermeidung betriebsbedingter Umweltbelastungen im beruflichen Einwirkungsbereich beitragen, insbesondere <DL Font="normal" Type="alpha"><DT>a)</DT><DD Font="normal"><LA Size="normal">mögliche Umweltbelastungen durch den Ausbildungsbetrieb und seinen Beitrag zum Umweltschutz an Beispielen erklären</LA></DD><DT>b)</DT><DD Font="normal"><LA Size="normal">für den Ausbildungsbetrieb geltende Regelungen des Umweltschutzes anwenden</LA></DD><DT>c)</DT><DD Font="normal"><LA Size="normal">Möglichkeiten der wirtschaftlichen und umweltschonenden Energie- und Materialverwendung nutzen</LA></DD><DT>d)</DT><DD Font="normal"><LA Size="normal">Abfälle vermeiden; Stoffe und Materialien einer umweltschonenden Entsorgung zuführen</LA></DD></DL></entry></row><row><entry VJ="1" align="center" colname="col1" morerows="1">5</entry><entry VJ="1" colname="col2" morerows="1">Betriebliche und technische<BR/> Kommunikation<BR/> (§ 3 Absatz 2 Abschnitt B Nummer 5)</entry><entry VJ="1" align="justify" colname="col3"><DL Font="normal" Type="alpha"><DT>a)</DT><DD Font="normal"><LA Size="normal">Informationsquellen auswählen, Informationen beschaffen und bewerten</LA></DD><DT>b)</DT><DD Font="normal"><LA Size="normal">technische Zeichnungen und Stücklisten auswerten und anwenden sowie Skizzen anfertigen</LA></DD><DT>c)</DT><DD Font="normal"><LA Size="normal">Dokumente sowie technische Unterlagen und berufsbezogene Vorschriften zusammenstellen, ergänzen, auswerten und anwenden</LA></DD></DL></entry><entry VJ="1" align="center" colname="col4" valign="middle">8</entry><entry VJ="1" colname="col5"/></row><row><entry VJ="1" align="justify" colname="col3"><DL Font="normal" Type="alpha"><DT>d)</DT><DD Font="normal"><LA Size="normal">Betriebsdaten-Informations-Systeme handhaben, Daten und Dokumente unter Berücksichtigung des Datenschutzes pflegen, sichern und archivieren</LA></DD><DT>e)</DT><DD Font="normal"><LA Size="normal">Gespräche mit Kunden und Vorgesetzten situationsgerecht und zielorientiert führen</LA></DD><DT>f)</DT><DD Font="normal"><LA Size="normal">Sachverhalte darstellen, Protokolle anfertigen, englische Fachbegriffe in der Kommunikation anwenden</LA></DD><DT>g)</DT><DD Font="normal"><LA Size="normal">Informationen auch aus englischsprachigen technischen Unterlagen und Dateien entnehmen und verwenden</LA></DD><DT>h)</DT><DD Font="normal"><LA Size="normal">Teambesprechungen durchführen, Ergebnisse dokumentieren und präsentieren, kulturelle Identitäten berücksichtigen</LA></DD><DT>i)</DT><DD Font="normal"><LA Size="normal">Konflikte erkennen, zur Konfliktlösung beitragen</LA></DD></DL></entry><entry VJ="1" colname="col4"/><entry VJ="1" align="center" colname="col5" valign="middle"><BR/><BR/>14</entry></row><row><entry VJ="1" align="center" colname="col1" morerows="1">6</entry><entry VJ="1" colname="col2" morerows="1">Planen und Organisieren<BR/>der Arbeit<BR/> (§ 3 Absatz 2 Abschnitt B Nummer 6)</entry><entry VJ="1" align="justify" colname="col3"><DL Font="normal" Type="alpha"><DT>a)</DT><DD Font="normal"><LA Size="normal">Arbeitsplatz unter Berücksichtigung betrieblicher Vorgaben einrichten</LA></DD><DT>b)</DT><DD Font="normal"><LA Size="normal">Werkzeuge und Materialien termingerecht anfordern, prüfen, transportieren und bereitstellen</LA></DD><DT>c)</DT><DD Font="normal"><LA Size="normal">Arbeitsabläufe und Teilaufgaben unter Beachtung technologischer, wirtschaftlicher und terminlicher Vorgaben planen</LA></DD><DT>d)</DT><DD Font="normal"><LA Size="normal">Instrumente zur Auftragsabwicklung sowie der Terminverfolgung anwenden</LA></DD><DT>e)</DT><DD Font="normal"><LA Size="normal">unterschiedliche Lerntechniken anwenden</LA></DD><DT>f)</DT><DD Font="normal"><LA Size="normal">Prüfverfahren und Prüfmittel auswählen und anwenden, Einsatzfähigkeit von Prüfmitteln feststellen</LA></DD></DL></entry><entry VJ="1" align="center" colname="col4" valign="middle">10</entry><entry VJ="1" colname="col5"/></row><row><entry VJ="1" align="justify" colname="col3"><DL Font="normal" Type="alpha"><DT>g)</DT><DD Font="normal"><LA Size="normal">Aufgaben im Team planen</LA></DD><DT>h)</DT><DD Font="normal"><LA Size="normal">betriebswirtschaftlich relevante Daten erfassen und bewerten</LA></DD><DT>i)</DT><DD Font="normal"><LA Size="normal">Lösungsvarianten prüfen, darstellen und deren Wirtschaftlichkeit vergleichen</LA></DD><DT>j)</DT><DD Font="normal"><LA Size="normal">eigene Qualifikationsdefizite feststellen, Qualifizierungsmöglichkeiten nutzen</LA></DD></DL></entry><entry VJ="1" colname="col4"/><entry VJ="1" align="center" colname="col5" valign="middle">8</entry></row><row><entry VJ="1" align="center" colname="col1">7</entry><entry VJ="1" colname="col2">Durchführen von qualitäts-<BR/>sichernden Maßnahmen<BR/> (§ 3 Absatz 2 Abschnitt B Nummer 7)</entry><entry VJ="1" align="justify" colname="col3"><DL Font="normal" Type="alpha"><DT>a)</DT><DD Font="normal"><LA Size="normal">Maschinendaten in betriebliche Datensysteme einpflegen und auswerten</LA></DD><DT>b)</DT><DD Font="normal"><LA Size="normal">Ursachen von Qualitätsabweichungen feststellen</LA></DD><DT>c)</DT><DD Font="normal"><LA Size="normal">zur kontinuierlichen Verbesserung von Arbeitsvorgängen im eigenen Arbeitsbereich beitragen</LA></DD><DT>d)</DT><DD Font="normal"><LA Size="normal">produktionsrelevante Daten erfassen, beurteilen und dokumentieren</LA></DD><DT>e)</DT><DD Font="normal"><LA Size="normal">Wartungsintervalle beachten, Inspektion und Wartung durchführen oder veranlassen</LA></DD><DT>f)</DT><DD Font="normal"><LA Size="normal">betriebliches Qualitätssicherungssystem anwenden</LA></DD></DL></entry><entry VJ="1" colname="col4"><BR/></entry><entry VJ="1" align="center" colname="col5" valign="middle">12</entry></row></tbody></tgroup></table></Content></text></textdaten></norm>
</dokumente>