<?xml version="1.0" encoding="UTF-8" ?><!DOCTYPE dokumente SYSTEM "http://www.gesetze-im-internet.de/dtd/1.01/gii-norm.dtd">
<dokumente builddate="20131202132630" doknr="BJNR124300010"><norm builddate="20131202132630" doknr="BJNR124300010"><metadaten><jurabk>Münz100EuroBek 2010</jurabk><ausfertigung-datum manuell="ja">2010-08-23</ausfertigung-datum><fundstelle typ="amtlich"><periodikum>BGBl I</periodikum><zitstelle>2010, 1243</zitstelle></fundstelle><langue>Bekanntmachung über die Ausprägung von deutschen Euro-Gedenkmünzen im Nennwert von 100 Euro (Goldmünze „UNESCO Welterbe Würzburger Residenz und Hofgarten“)</langue></metadaten><textdaten><fussnoten><Content><P><BR/> <pre xml:space="preserve">(+++ Textnachweis ab: 31.8.2010 +++)<BR/><BR/></pre></P></Content></fussnoten></textdaten></norm>
<norm builddate="20131202132630" doknr="BJNR124300010BJNE000100000"><metadaten><jurabk>Münz100EuroBek 2010</jurabk><enbez>(XXXX)</enbez></metadaten><textdaten><text format="XML"><Content><P>Gemäß den §§ 2, 4 und 5 des Münzgesetzes vom 16. Dezember 1999 (BGBl. I S. 2402) hat die Bundesregierung beschlossen, in Würdigung des UNESCO Welterbes der Würzburger Residenz und Hofgarten eine Gedenkmünze zu 100 Euro aus Gold prägen zu lassen.</P><P>Die Auflage der Münze beträgt 320 000 Stück. Die Münze wird zu gleichen Teilen in den Münzstätten Berlin (Münzzeichen „A“), München (Münzzeichen „D“), Stuttgart (Münzzeichen „F“), Karlsruhe (Münzzeichen „G“) und Hamburg (Münzzeichen „J“) in Stempelglanzausführung geprägt.</P><P>Die Münze wird ab dem 1. Oktober 2010 in den Verkehr gebracht. Sie besteht aus Gold mit einem Feingehalt von 999,9 Tausendteilen (Feingold). Sie hat einen Durchmesser von 28 Millimeter und eine Masse (Gewicht) von 15,55 Gramm.</P><P>Der Entwurf stammt von dem Künstler Dietrich Dorfstecher aus Berlin.</P><P>Die Münze besticht durch die realistische Darstellung des gesamten UNESCO-Welterbes „Würzburger Residenz und Hofgarten“. Die barocken Elemente Residenz und Hofgarten sind mustergültig künstlerisch wiedergeben und auch der Residenzplatz mit dem 1894 errichteten Brunnen der Frankonia, der Schutzheiligen Frankens, findet sich in einer ausgewogenen Wertigkeit auf der Bildseite der Münze wieder. In der Umsetzung als Goldmünze ergibt sich dabei ein klar strukturiertes, in der Perspektive stimmiges Gesamtbild.</P><P>Auch die Wertseite spricht durch ihre klare Gestaltung an, die mit der Bildseite in Einklang steht. Die würdige Darstellung des Bundesadlers ist besonders hervorzuheben. Insgesamt stellt die Arbeit ein künstlerisch anspruchsvolles Werk dar.</P><P>Die Wertseite zeigt einen Adler, den Schriftzug „BUNDESREPUBLIK DEUTSCHLAND“, die zwölf Europasterne, die Wertziffer mit der Euro-Bezeichnung sowie die Jahreszahl „2010“ und – je nach Münzstätte – das Münzzeichen „A“, „D“, „F“, „G“ oder „J“.</P><P>Der Münzrand wird geriffelt ausgeführt.</P></Content></text></textdaten></norm>
<norm builddate="20131202132630" doknr="BJNR124300010BJNE000200000"><metadaten><jurabk>Münz100EuroBek 2010</jurabk><enbez>Schlussformel</enbez></metadaten><textdaten><text format="XML"><Content><P><SP>Der Bundesminister der Finanzen</SP></P></Content></text></textdaten></norm>
<norm builddate="20131202132630" doknr="BJNR124300010BJNE000300000"><metadaten><jurabk>Münz100EuroBek 2010</jurabk><enbez>(XXXX)</enbez></metadaten><textdaten><text format="XML"><Content><P><kommentar typ="Fundstelle">(Fundstelle: BGBl. I 2010, 1243)</kommentar></P><BR/><table frame="none" tocentry="%yes;"><tgroup align="left" char="" charoff="50" cols="2"><colspec colname="col1" colwidth="3*"/><colspec colname="col2" colwidth="3*"/><tbody valign="top"><row><entry VJ="1" colname="col1"><IMG Height="945" Pos="inline" SRC="bgbl1_2010_j1243-1_0010.jpg" Type="TIF" Units="300" alt=""/></entry><entry VJ="1" colname="col2"><IMG Height="945" Pos="inline" SRC="bgbl1_2010_j1243-1_0020.jpg" Type="TIF" Units="300" alt=""/></entry></row></tbody></tgroup></table></Content></text></textdaten></norm>
</dokumente>