<?xml version="1.0" encoding="UTF-8" ?><!DOCTYPE dokumente SYSTEM "http://www.gesetze-im-internet.de/dtd/1.01/gii-norm.dtd">
<dokumente builddate="20120625153530" doknr="BJNR073220005"><norm builddate="20120625153530" doknr="BJNR073220005"><metadaten><jurabk>GII050732</jurabk><ausfertigung-datum manuell="ja">2005-08-03</ausfertigung-datum><fundstelle typ="amtlich"><periodikum>BGBl II</periodikum><zitstelle>2005, 732</zitstelle></fundstelle><langue>Gesetz zu dem Abkommen vom 1. Dezember 2003 zwischen der
Bundesrepublik Deutschland und der Volksrepublik China über die
Förderung und den gegenseitigen Schutz von Kapitalanlagen</langue></metadaten><textdaten><text format="decorated"/><fussnoten><Content><P>Abkommen in Kraft mWv 11.11.2005 gem. Bek. v. 9.1.2006 II 119</P></Content></fussnoten></textdaten></norm>
</dokumente>