<?xml version="1.0" encoding="UTF-8" ?><!DOCTYPE dokumente SYSTEM "http://www.gesetze-im-internet.de/dtd/1.01/gii-norm.dtd">
<dokumente builddate="20130405125721" doknr="BJNR015170982"><norm builddate="20130405125721" doknr="BJNR015170982"><metadaten><jurabk>Münz5DMBek 1982-11</jurabk><ausfertigung-datum manuell="ja">1982-11-05</ausfertigung-datum><fundstelle typ="amtlich"><periodikum>BGBl I</periodikum><zitstelle>1982, 1517</zitstelle></fundstelle><langue>Bekanntmachung über die Ausprägung von Bundesmünzen im Nennwert von 5
Deutschen Mark (Gedenkmünze Johann Wolfgang von Goethe)</langue></metadaten><textdaten><text format="XML"><Content><P/></Content></text></textdaten></norm>
<norm builddate="20130405125721" doknr="BJNR015170982BJNE000100307"><metadaten><jurabk>Münz5DMBek 1982-11</jurabk><enbez>(XXXX)</enbez></metadaten><textdaten><text format="XML"><Content><P>(1) Auf Grund des § 6 des Gesetzes über die Ausprägung von Scheidemünzen in der im Bundesgesetzblatt Teil III, Gliederungsnummer 690-1, veröffentlichten bereinigten Fassung wird aus Anlaß der 150. Wiederkehr des Todestages von Johann Wolfgang von Goethe eine Bundesmünze (Gedenkmünze) im Nennwert von 5 Deutschen Mark geprägt. Die Auflage der Münze beträgt 8,35 Millionen Stück. Die Prägung erfolgt im Bayerischen Hauptmünzamt München.</P><P>(2) Die Münze wird ab 7. Dezember 1982 in den Verkehr gebracht.</P><P>(3) Die Münze besteht überwiegend aus einer Kupfer-Nickel-Legierung (75 Prozent Kupfer und 25 Prozent Nickel) und hat einen Reinnickelkern. Sie hat einen Durchmesser von 29 Millimetern und ein Gewicht von 10 Gramm.</P><P>(4) Das Gepräge auf beiden Seiten ist erhaben und wird von einem schützenden glatten Randstab umgeben.</P><P>(5) Die Bildseite zeigt das Porträt des Dichters und die Umschrift: <DL Font="normal" Type="arabic"><DT/><DD Font="normal"><LA Size="normal">&quot;JOHANN WOLFGANG VON GOETHE</LA><LA Size="normal">. 1749 - 1832 .&quot;.</LA></DD></DL></P><P>(6) Die Wertseite trägt einen Adler und die Umschrift: <DL Font="normal" Type="arabic"><DT/><DD Font="normal"><LA Size="normal">&quot;. BUNDESREPUBLIK DEUTSCHLAND .</LA><LA Size="normal">5 DEUTSCHE MARK 1982&quot;.</LA></DD></DL></P><P>(7) Das Münzzeichen &quot;D&quot; des Bayerischen Hauptmünzamtes München befindet sich auf dem linken Flügel des Adlers.</P><P>(8) Der glatte Münzrand enthält die vertiefte Inschrift: <DL Font="normal" Type="arabic"><DT/><DD Font="normal"><LA Size="normal">&quot;ZWISCHEN UNS SEI WAHRHEIT&quot;.</LA></DD></DL></P><P>(9) Zwischen Ende und Anfang der Randschrift ist ein Punkt eingeprägt.</P><P>(10) Der Entwurf der Münze stammt von Herrn Hubert Klinkel, Zell über Würzburg.</P><P>(11) Dies wird namens der Bundesregierung bekanntgemacht.</P></Content></text></textdaten></norm>
<norm builddate="20130405125721" doknr="BJNR015170982BJNE000200307"><metadaten><jurabk>Münz5DMBek 1982-11</jurabk><enbez>Schlußformel</enbez></metadaten><textdaten><text format="XML"><Content><P><SP>Der Bundesminister der Finanzen</SP></P></Content></text></textdaten></norm>
<norm builddate="20130405125721" doknr="BJNR015170982BJNE000300307"><metadaten><jurabk>Münz5DMBek 1982-11</jurabk><enbez>(XXXX)</enbez><titel format="parat">Abbildung der Münze</titel></metadaten><textdaten><text format="XML"><Content><P><ABWFORMAT typ="E"/>(Inhalt: nicht darstellbare Abbildung) <BR/><kommentar typ="Fundstelle">Fundstelle: BGBl I 1982, 1517</kommentar></P></Content></text></textdaten></norm>
</dokumente>