<?xml version="1.0" encoding="UTF-8" ?><!DOCTYPE dokumente SYSTEM "http://www.gesetze-im-internet.de/dtd/1.01/gii-norm.dtd">
<dokumente builddate="20241227221542" doknr="BJNR1B20A0024"><norm builddate="20241227221542" doknr="BJNR1B20A0024"><metadaten><jurabk>BTAuflAnO 2024</jurabk><ausfertigung-datum manuell="ja">2024-12-27</ausfertigung-datum><fundstelle typ="amtlich"><periodikum>BGBl. I</periodikum><zitstelle>2024, Nr. 434</zitstelle></fundstelle><langue>Anordnung über die Auflösung des 20. Deutschen Bundestages</langue></metadaten><textdaten><text format="XML"><Content><P/></Content></text><fussnoten><Content><P><BR/> <pre xml:space="preserve">(+++ Textnachweis ab: 27.12.2024 +++)<BR/><BR/></pre></P></Content></fussnoten></textdaten></norm>
<norm builddate="20241227221542" doknr="BJNR1B20A0024BJNE000100000"><metadaten><jurabk>BTAuflAnO 2024</jurabk><enbez>(XXXX)</enbez></metadaten><textdaten><text format="XML"><Content><P>Gemäß Artikel 68 des Grundgesetzes für die Bundesrepublik Deutschland löse ich hiermit auf Vorschlag des Bundeskanzlers den 20. Deutschen Bundestag auf.</P></Content></text></textdaten></norm>
<norm builddate="20241227221542" doknr="BJNR1B20A0024BJNE000200000"><metadaten><jurabk>BTAuflAnO 2024</jurabk><enbez>Schlussformel</enbez></metadaten><textdaten><text format="XML"><Content><P><SP>Der Bundespräsident</SP><BR/><SP>Der Bundeskanzler</SP></P></Content></text></textdaten></norm>
</dokumente>