<?xml version="1.0" encoding="UTF-8" ?><!DOCTYPE dokumente SYSTEM "http://www.gesetze-im-internet.de/dtd/1.01/gii-norm.dtd">
<dokumente builddate="20120625145847" doknr="BJNR200890974"><norm builddate="20120625145847" doknr="BJNR200890974"><metadaten><jurabk>KaffeeRatVorRV</jurabk><ausfertigung-datum manuell="ja">1974-02-06</ausfertigung-datum><fundstelle typ="amtlich"><periodikum>BGBl II</periodikum><zitstelle>1974, 89</zitstelle></fundstelle><langue>Verordnung über die Gewährung von Vorrechten und Befreiungen an die Internationale Kaffee-Organisation nach der Entschließung Nr. 264 des Internationalen Kaffee-Rates vom 14. April 1973 zur Verlängerung des Internationalen Kaffee-Übereinkommens 1968</langue></metadaten><textdaten><text format="XML"><Content><P/></Content></text><fussnoten><Content><P>Inkraft gem. Bek. v. 3.7.1974 II 1054 mWv 1.10.1973 <BR/> <BR/>(+++ Textnachweis ab:  1.10.1973 +++)</P></Content></fussnoten></textdaten></norm>
<norm builddate="20120625145847" doknr="BJNR200890974BJNE000100314"><metadaten><jurabk>KaffeeRatVorRV</jurabk><enbez>Eingangsformel</enbez></metadaten><textdaten><text format="XML"><Content><P>Auf Grund des Artikels 3 des Gesetzes vom 22. Juni 1954 über den Beitritt der Bundesrepublik Deutschland zum Abkommen über die Vorrechte und Befreiungen der Sonderorganisationen der Vereinten Nationen vom 21. November 1947 und über die Gewährung von Vorrechten und Befreiungen an andere zwischenstaatliche Organisationen (Bundesgesetzbl. 1954 II S. 639), zuletzt geändert durch das Gesetz vom 28. Februar 1964 (Bundesgesetzbl. II S. 187), verordnet die Bundesregierung mit Zustimmung des Bundesrates:</P></Content></text></textdaten></norm>
<norm builddate="20120625145847" doknr="BJNR200890974BJNE000200314"><metadaten><jurabk>KaffeeRatVorRV</jurabk><enbez>§ 1</enbez></metadaten><textdaten><text format="XML"><Content><P>Für die Gewährung von Vorrechten und Befreiungen an die Internationale Kaffe-Organisation gilt das Internationale Kaffee-Übereinkommen 1968 (Bundesgesetzbl. 1968 II S. 665) in der Fassung der Entschließung Nr. 264 des Internationalen Kaffee-Rates vom 14. April 1973 zur Verlängerung des Internationalen Kaffee-Übereinkommens 1968. Die Entschließung wird nachstehend veröffentlicht.</P></Content></text><fussnoten/></textdaten></norm>
<norm builddate="20120625145847" doknr="BJNR200890974BJNE000300314"><metadaten><jurabk>KaffeeRatVorRV</jurabk><enbez>§ 2</enbez></metadaten><textdaten><text format="XML"><Content><P>Diese Verordnung gilt nach § 14 des Dritten Überleitungsgesetzes vom 4. Januar 1952 (Bundesgesetzblatt I S. 1) in Verbindung mit Artikel 4 des Gesetzes vom 22. Juni 1954 über den Beitritt der Bundesrepublik Deutschland zum Abkommen über die Vorrechte und Befreiungen der Sonderorganisationen der Vereinten Nationen vom 21. November 1947 und über die Gewährung von Vorrechten und Befreiungen an andere zwischenstaatliche Organisationen, zuletzt geändert durch das Gesetz vom 28. Februar 1964, auch im Land Berlin.</P></Content></text></textdaten></norm>
<norm builddate="20120625145847" doknr="BJNR200890974BJNE000400314"><metadaten><jurabk>KaffeeRatVorRV</jurabk><enbez>§ 3</enbez></metadaten><textdaten><text format="XML"><Content><P>(1) Diese Verordnung tritt an dem Tage in Kraft, an dem das Internationale Kaffee-Übereinkommen 1968 in der Fassung der Verlängerung der in § 1 bezeichneten Entschließung des Internationalen Kaffee-Rates für die Bundesrepublik Deutschland in Kraft tritt.</P><P>(2) Diese Verordnung tritt an dem Tage außer Kraft, an dem das Internationale Kaffee-Übereinkommen in der Fassung der in § 1 bezeichneten Entschließung des Internationalen Kaffee-Rates für die Bundesrepublik Deutschland außer Kraft tritt.</P><P>(3) Der Tag des Inkrafttretens und des Außerkrafttretens ist im Bundesgesetzblatt bekanntzugeben.</P></Content>  </text><fussnoten/></textdaten></norm>
</dokumente>