<?xml version="1.0" encoding="UTF-8" ?><!DOCTYPE dokumente SYSTEM "http://www.gesetze-im-internet.de/dtd/1.01/gii-norm.dtd">
<dokumente builddate="20120625153859" doknr="BJNR370400009"><norm builddate="20120625153859" doknr="BJNR370400009"><metadaten><jurabk>BKOrgErl 2009-10</jurabk><ausfertigung-datum manuell="ja">2009-10-28</ausfertigung-datum><fundstelle typ="amtlich"><periodikum>BGBl I</periodikum><zitstelle>2009, 3704</zitstelle></fundstelle><langue>Organisationserlass der Bundeskanzlerin</langue></metadaten><textdaten><fussnoten><Content><P><BR/> <pre xml:space="preserve">(+++ Textnachweis ab: 28.10.2009 +++)<BR/><BR/></pre></P></Content></fussnoten></textdaten></norm>
<norm builddate="20120625153859" doknr="BJNR370400009BJNE000100000"><metadaten><jurabk>BKOrgErl 2009-10</jurabk><enbez>Eingangsformel</enbez></metadaten><textdaten><text format="XML"><Content><P>Gemäß § 9 der Geschäftsordnung der Bundesregierung ordne ich mit sofortiger Wirkung an:</P></Content></text></textdaten></norm>
<norm builddate="20120625153859" doknr="BJNR370400009BJNE000200000"><metadaten><jurabk>BKOrgErl 2009-10</jurabk><enbez>I.</enbez></metadaten><textdaten><text format="XML"><Content><P>Dem Bundesministerium des Innern wird unter Abänderung des Organisationserlasses des Bundeskanzlers vom 22. Oktober 2002 (BGBl. I S. 4206), Ziff. V, aus dem Geschäftsbereich des Bundesministeriums für Verkehr, Bau und Stadtentwicklung die Zuständigkeit des Beauftragten der Bundesregierung für die neuen Bundesländer übertragen.</P></Content></text></textdaten></norm>
<norm builddate="20120625153859" doknr="BJNR370400009BJNE000300000"><metadaten><jurabk>BKOrgErl 2009-10</jurabk><enbez>II.</enbez></metadaten><textdaten><text format="XML"><Content><P>Die Einzelheiten des Übergangs werden zwischen den beteiligten Mitgliedern der Bundesregierung geregelt und dem Chef des Bundeskanzleramtes mitgeteilt.</P></Content></text></textdaten></norm>
<norm builddate="20120625153859" doknr="BJNR370400009BJNE000400000"><metadaten><jurabk>BKOrgErl 2009-10</jurabk><enbez>Schlussformel</enbez></metadaten><textdaten><text format="XML"><Content><P><SP>Die Bundeskanzlerin</SP></P></Content></text></textdaten></norm>
</dokumente>