<?xml version="1.0" encoding="UTF-8" ?><!DOCTYPE dokumente SYSTEM "http://www.gesetze-im-internet.de/dtd/1.01/gii-norm.dtd">
<dokumente builddate="20210419212502" doknr="BJNR072710021"><norm builddate="20210419212502" doknr="BJNR072710021"><metadaten><jurabk>HBPolVDAufstV</jurabk><amtabk>HBPolVDAufstV</amtabk><ausfertigung-datum manuell="ja">2021-03-31</ausfertigung-datum><fundstelle typ="amtlich"><periodikum>BGBl I</periodikum><zitstelle>2021, 727</zitstelle></fundstelle><langue>Verordnung über die Ausbildung und Prüfung für den verkürzten Aufstieg in den höheren Polizeivollzugsdienst in der Bundespolizei</langue></metadaten><textdaten><fussnoten><Content><P><BR/> <pre xml:space="preserve">(+++ Textnachweis ab: 1.7.2020 +++)<BR/><BR/></pre>Die V wurde als Artikel 1 der V v. 31.3.2021 I 727 vom Bundesministerium des Innern, für Bau und Heimat beschlossen. Sie ist gem. Art. 3 dieser V am 1.7.2020 in Kraft getreten. <BR/></P></Content></fussnoten></textdaten></norm>
<norm builddate="20210419212502" doknr="BJNR072710021BJNE000100000"><metadaten><jurabk>HBPolVDAufstV</jurabk><enbez>Inhaltsübersicht</enbez></metadaten><textdaten><text format="XML"><TOC><Ident Class="S0">Abschnitt 1</Ident><P/><Title Align="auto" Class="S0">Allgemeines</Title><P/><table colsep="0" frame="none" pgwide="1" rowsep="0" tocentry="%yes;"><tgroup align="left" char="" charoff="50" cols="2"><colspec colname="col1" colnum="1" colwidth="10*"/><colspec colname="col2" colnum="2" colwidth="70*"/><tbody valign="top"><row><entry VJ="1" colname="col1">§  1</entry><entry VJ="1" colname="col2">Geltungsbereich</entry></row><row><entry VJ="1" colname="col1">§  2</entry><entry VJ="1" colname="col2">Ziele der Ausbildung</entry></row><row><entry VJ="1" colname="col1">§  3</entry><entry VJ="1" colname="col2">Bewertung der Leistungen in der Ausbildung und in der Abschlussprüfung</entry></row><row><entry VJ="1" colname="col1">§  4</entry><entry VJ="1" colname="col2">Erholungsurlaub</entry></row></tbody></tgroup></table><P/><Ident Class="S0">Abschnitt 2</Ident><P/><Title Align="auto" Class="S0">Auswahlverfahren</Title><P/><table colsep="0" frame="none" pgwide="1" rowsep="0" tocentry="%yes;"><tgroup align="left" char="" charoff="50" cols="2"><colspec colname="col1" colnum="1" colwidth="10*"/><colspec colname="col2" colnum="2" colwidth="70*"/><tbody valign="top"><row><entry VJ="1" colname="col1">§  5</entry><entry VJ="1" colname="col2">Durchführende Behörde</entry></row><row><entry VJ="1" colname="col1">§  6</entry><entry VJ="1" colname="col2">Zweck des Auswahlverfahrens</entry></row><row><entry VJ="1" colname="col1">§  7</entry><entry VJ="1" colname="col2">Zulassung zum Auswahlverfahren</entry></row><row><entry VJ="1" colname="col1">§  8</entry><entry VJ="1" colname="col2">Auswahlkommission</entry></row><row><entry VJ="1" colname="col1">§  9</entry><entry VJ="1" colname="col2">Bestandteile des Auswahlverfahrens</entry></row><row><entry VJ="1" colname="col1">§ 10</entry><entry VJ="1" colname="col2">Verwaltungsvorschriften zum Auswahlverfahren</entry></row><row><entry VJ="1" colname="col1">§ 11</entry><entry VJ="1" colname="col2">Bestehen des Auswahlverfahrens</entry></row><row><entry VJ="1" colname="col1">§ 12</entry><entry VJ="1" colname="col2">Gesamtergebnis und Rangfolge</entry></row></tbody></tgroup></table><P/><Ident Class="S0">Abschnitt 3</Ident><P/><Title Align="auto" Class="S0">Ausbildung</Title><P/><table colsep="0" frame="none" pgwide="1" rowsep="0" tocentry="%yes;"><tgroup align="left" char="" charoff="50" cols="2"><colspec colname="col1" colnum="1" colwidth="10*"/><colspec colname="col2" colnum="2" colwidth="70*"/><tbody valign="top"><row><entry VJ="1" colname="col1">§ 13</entry><entry VJ="1" colname="col2">Dienstaufsicht</entry></row><row><entry VJ="1" colname="col1">§ 14</entry><entry VJ="1" colname="col2">Gliederung der Ausbildung</entry></row><row><entry VJ="1" colname="col1">§ 15</entry><entry VJ="1" colname="col2">Ausbildungsplan</entry></row><row><entry VJ="1" colname="col1">§ 16</entry><entry VJ="1" colname="col2">Fächer der theoretischen Ausbildung</entry></row><row><entry VJ="1" colname="col1">§ 17</entry><entry VJ="1" colname="col2">Klausuren in der theoretischen Ausbildung</entry></row><row><entry VJ="1" colname="col1">§ 18</entry><entry VJ="1" colname="col2">Bestehen der Klausuren</entry></row><row><entry VJ="1" colname="col1">§ 19</entry><entry VJ="1" colname="col2">Wiederholung von Klausuren</entry></row><row><entry VJ="1" colname="col1">§ 20</entry><entry VJ="1" colname="col2">Seminararbeit</entry></row><row><entry VJ="1" colname="col1">§ 21</entry><entry VJ="1" colname="col2">Bestehen der Seminararbeit</entry></row><row><entry VJ="1" colname="col1">§ 22</entry><entry VJ="1" colname="col2">Wiederholung der Seminararbeit</entry></row><row><entry VJ="1" colname="col1">§ 23</entry><entry VJ="1" colname="col2">Praktische Ausbildung</entry></row><row><entry VJ="1" colname="col1">§ 24</entry><entry VJ="1" colname="col2">Repetitorium</entry></row></tbody></tgroup></table><P/><Ident Class="S0">Abschnitt 4</Ident><P/><Title Align="auto" Class="S0">Abschlussprüfung</Title><P/><table colsep="0" frame="none" pgwide="1" rowsep="0" tocentry="%yes;"><tgroup align="left" char="" charoff="50" cols="2"><colspec colname="col1" colnum="1" colwidth="10*"/><colspec colname="col2" colnum="2" colwidth="70*"/><tbody valign="top"><row><entry VJ="1" colname="col1">§ 25</entry><entry VJ="1" colname="col2">Prüfungskommission</entry></row><row><entry VJ="1" colname="col1">§ 26</entry><entry VJ="1" colname="col2">Zulassung zur Abschlussprüfung</entry></row><row><entry VJ="1" colname="col1">§ 27</entry><entry VJ="1" colname="col2">Zeitpunkt der Abschlussprüfung</entry></row><row><entry VJ="1" colname="col1">§ 28</entry><entry VJ="1" colname="col2">Zweck und Gegenstand der Abschlussprüfung</entry></row><row><entry VJ="1" colname="col1">§ 29</entry><entry VJ="1" colname="col2">Durchführung und Dauer der Abschlussprüfung</entry></row><row><entry VJ="1" colname="col1">§ 30</entry><entry VJ="1" colname="col2">Bewertung der Abschlussprüfung</entry></row><row><entry VJ="1" colname="col1">§ 31</entry><entry VJ="1" colname="col2">Prüfungsprotokoll</entry></row><row><entry VJ="1" colname="col1">§ 32</entry><entry VJ="1" colname="col2">Nichtöffentlichkeit der Abschlussprüfung</entry></row><row><entry VJ="1" colname="col1">§ 33</entry><entry VJ="1" colname="col2">Bestehen der Abschlussprüfung</entry></row><row><entry VJ="1" colname="col1">§ 34</entry><entry VJ="1" colname="col2">Wiederholung der Abschlussprüfung</entry></row><row><entry VJ="1" colname="col1">§ 35</entry><entry VJ="1" colname="col2">Rangpunktzahl der Ausbildung und Gesamtnote</entry></row><row><entry VJ="1" colname="col1">§ 36</entry><entry VJ="1" colname="col2">Abschlusszeugnis</entry></row><row><entry VJ="1" colname="col1">§ 37</entry><entry VJ="1" colname="col2">Bescheid über die nicht bestandene Abschlussprüfung</entry></row><row><entry VJ="1" colname="col1">§ 38</entry><entry VJ="1" colname="col2">Verhinderung</entry></row><row><entry VJ="1" colname="col1">§ 39</entry><entry VJ="1" colname="col2">Ordnungsverstoß</entry></row><row><entry VJ="1" colname="col1">§ 40</entry><entry VJ="1" colname="col2">Prüfungsakten und Einsichtnahme</entry></row><row><entry VJ="1" colname="col1">§ 41</entry><entry VJ="1" colname="col2">Zuständigkeit für die Entscheidung über Widersprüche</entry></row></tbody></tgroup></table></TOC></text></textdaten></norm>
<norm builddate="20210419212502" doknr="BJNR072710021BJNG000100000"><metadaten><jurabk>HBPolVDAufstV</jurabk><gliederungseinheit><gliederungskennzahl>010</gliederungskennzahl><gliederungsbez>Abschnitt 1</gliederungsbez><gliederungstitel>Allgemeines</gliederungstitel></gliederungseinheit></metadaten><textdaten/></norm>
<norm builddate="20210419212502" doknr="BJNR072710021BJNE000200000"><metadaten><jurabk>HBPolVDAufstV</jurabk><enbez>§ 1</enbez><titel format="XML">Geltungsbereich</titel></metadaten><textdaten><text format="XML"><Content><P>Diese Verordnung gilt für Polizeivollzugsbeamtinnen und Polizeivollzugsbeamte des gehobenen Polizeivollzugsdienstes, die sich für den verkürzten Aufstieg in den höheren Polizeivollzugsdienst in der Bundespolizei nach § 17 der Bundespolizei-Laufbahnverordnung beworben haben.</P></Content></text></textdaten></norm>
<norm builddate="20210419212502" doknr="BJNR072710021BJNE000300000"><metadaten><jurabk>HBPolVDAufstV</jurabk><enbez>§ 2</enbez><titel format="XML">Ziele der Ausbildung</titel></metadaten><textdaten><text format="XML"><Content><P>Die Ausbildung hat folgende Ziele: <DL Type="arabic"><DT>1.</DT><DD Font="normal"><LA>den Polizeivollzugsbeamtinnen und Polizeivollzugsbeamten das Fach- und Methodenwissen zu vermitteln, das sie befähigt, Aufgaben des höheren Polizeivollzugsdienstes bis zur Besoldungsgruppe A 14 wahrzunehmen,</LA></DD><DT>2.</DT><DD Font="normal"><LA>die berufsbezogenen Kenntnisse und Fertigkeiten der Polizeivollzugsbeamtinnen und Polizeivollzugsbeamten zu ergänzen und zu vertiefen und</LA></DD><DT>3.</DT><DD Font="normal"><LA>die persönliche und soziale Kompetenz der Polizeivollzugsbeamtinnen und Polizeivollzugsbeamten auszubauen.</LA></DD></DL></P></Content></text></textdaten></norm>
<norm builddate="20210419212502" doknr="BJNR072710021BJNE000400000"><metadaten><jurabk>HBPolVDAufstV</jurabk><enbez>§ 3</enbez><titel format="XML">Bewertung der Leistungen in der Ausbildung und in der Abschlussprüfung</titel></metadaten><textdaten><text format="XML"><Content><P>(1) Die Leistungen der Polizeivollzugsbeamtinnen und Polizeivollzugsbeamten in der Ausbildung und in der Abschlussprüfung werden wie folgt bewertet: <table colsep="1" frame="all" pgwide="1" rowsep="1" tocentry="%yes;"><tgroup align="left" char="" charoff="50" cols="5"><colspec align="center" colname="col1" colwidth="9*"/><colspec align="center" colname="col2" colwidth="30*"/><colspec align="center" colname="col3" colwidth="22*"/><colspec align="center" colname="col4" colwidth="25*"/><colspec align="justify" colname="col5" colwidth="78*"/><thead valign="bottom"><row><entry VJ="1" align="center" colname="col1"/><entry VJ="1" align="center" colname="col2" valign="middle">Prozentualer Anteil der <BR/>erreichten Punktzahl <BR/>an der erreichbaren <BR/>Punktzahl</entry><entry VJ="1" align="center" colname="col3" valign="middle">Rangpunkte oder <BR/>Rangpunktzahl</entry><entry VJ="1" align="center" colname="col4" valign="middle">Note</entry><entry VJ="1" align="center" colname="col5" valign="middle">Notendefinition</entry></row><row><entry VJ="1" align="center" colname="col1"/><entry VJ="1" align="center" colname="col2">1</entry><entry VJ="1" align="center" colname="col3">2</entry><entry VJ="1" align="center" colname="col4">3</entry><entry VJ="1" align="center" colname="col5">4</entry></row></thead><tbody valign="top"><row><entry VJ="1" colname="col1"> 1</entry><entry VJ="1" colname="col2">100,00 bis 93,70</entry><entry VJ="1" colname="col3">15</entry><entry VJ="1" colname="col4" morerows="1" valign="middle">sehr gut</entry><entry VJ="1" colname="col5" morerows="1">eine Leistung, die den Anforderungen in besonderem Maß entspricht</entry></row><row><entry VJ="1" colname="col1"> 2</entry><entry VJ="1" colname="col2"> 93,69 bis 87,50</entry><entry VJ="1" colname="col3">14</entry></row><row><entry VJ="1" colname="col1"> 3</entry><entry VJ="1" colname="col2"> 87,49 bis 83,40</entry><entry VJ="1" colname="col3">13</entry><entry VJ="1" colname="col4" morerows="2" valign="middle">gut</entry><entry VJ="1" colname="col5" morerows="2">eine Leistung, die den Anforderungen voll entspricht</entry></row><row><entry VJ="1" colname="col1"> 4</entry><entry VJ="1" colname="col2"> 83,39 bis 79,20</entry><entry VJ="1" colname="col3">12</entry></row><row><entry VJ="1" colname="col1"> 5</entry><entry VJ="1" colname="col2"> 79,19 bis 75,00</entry><entry VJ="1" colname="col3">11</entry></row><row><entry VJ="1" colname="col1"> 6</entry><entry VJ="1" colname="col2"> 74,99 bis 70,90</entry><entry VJ="1" colname="col3">10</entry><entry VJ="1" colname="col4" morerows="2" valign="middle">befriedigend</entry><entry VJ="1" colname="col5" morerows="2">eine Leistung, die im Allgemeinen den Anforderungen entspricht</entry></row><row><entry VJ="1" colname="col1"> 7</entry><entry VJ="1" colname="col2"> 70,89 bis 66,70</entry><entry VJ="1" colname="col3"> 9</entry></row><row><entry VJ="1" colname="col1"> 8</entry><entry VJ="1" colname="col2"> 66,69 bis 62,50</entry><entry VJ="1" colname="col3"> 8</entry></row><row><entry VJ="1" colname="col1"> 9</entry><entry VJ="1" colname="col2"> 62,49 bis 58,40</entry><entry VJ="1" colname="col3"> 7</entry><entry VJ="1" colname="col4" morerows="2" valign="middle">ausreichend</entry><entry VJ="1" colname="col5" morerows="2">eine Leistung, die zwar Mängel aufweist, aber im Ganzen den Anforderungen noch entspricht</entry></row><row><entry VJ="1" colname="col1">10</entry><entry VJ="1" colname="col2"> 58,39 bis 54,20</entry><entry VJ="1" colname="col3"> 6</entry></row><row><entry VJ="1" colname="col1">11</entry><entry VJ="1" colname="col2"> 54,19 bis 50,00</entry><entry VJ="1" colname="col3"> 5</entry></row><row><entry VJ="1" colname="col1">12</entry><entry VJ="1" colname="col2"> 49,99 bis 41,70</entry><entry VJ="1" colname="col3"> 4</entry><entry VJ="1" colname="col4" morerows="2" valign="middle">mangelhaft</entry><entry VJ="1" colname="col5" morerows="2">eine Leistung, die den Anforderungen nicht entspricht, jedoch erkennen lässt, dass die notwendigen Grundkenntnisse vorhanden sind und die Mängel in absehbarer Zeit behoben werden können</entry></row><row><entry VJ="1" colname="col1">13</entry><entry VJ="1" colname="col2"> 41,69 bis 33,40</entry><entry VJ="1" colname="col3"> 3</entry></row><row><entry VJ="1" colname="col1">14</entry><entry VJ="1" colname="col2"> 33,39 bis 25,00</entry><entry VJ="1" colname="col3"> 2</entry></row><row><entry VJ="1" colname="col1">15</entry><entry VJ="1" colname="col2"> 24,99 bis 12,50</entry><entry VJ="1" colname="col3"> 1</entry><entry VJ="1" colname="col4" morerows="1" valign="middle">ungenügend</entry><entry VJ="1" colname="col5" morerows="1">eine Leistung, die den Anforderungen nicht entspricht und bei der selbst die Grundkenntnisse so lückenhaft sind, dass die Mängel in absehbarer Zeit nicht behoben werden können</entry></row><row><entry VJ="1" colname="col1">16</entry><entry VJ="1" colname="col2"> 12,49 bis  0,00</entry><entry VJ="1" colname="col3"> 0</entry></row></tbody></tgroup></table></P><P>(2) Bei der Bewertung sind neben der fachlichen Leistung auch die Gliederung und Klarheit der Darstellung zu berücksichtigen.</P><P>(3) Wenn eine Leistung von mehr als einer oder einem Prüfenden bewertet wird oder wenn die Bewertungen mehrerer Leistungen zu einer Bewertung zusammengefasst werden, wird als Bewertung eine Rangpunktzahl berechnet.</P><P>(4) Rangpunktzahlen werden auf zwei Nachkommastellen ohne Rundung berechnet.</P></Content></text></textdaten></norm>
<norm builddate="20210419212502" doknr="BJNR072710021BJNE000500000"><metadaten><jurabk>HBPolVDAufstV</jurabk><enbez>§ 4</enbez><titel format="XML">Erholungsurlaub</titel></metadaten><textdaten><text format="XML"><Content><P>Die Zeiten des Erholungsurlaubs werden von der Bundespolizeiakademie bestimmt.</P></Content></text></textdaten></norm>
<norm builddate="20210419212502" doknr="BJNR072710021BJNG000200000"><metadaten><jurabk>HBPolVDAufstV</jurabk><gliederungseinheit><gliederungskennzahl>020</gliederungskennzahl><gliederungsbez>Abschnitt 2</gliederungsbez><gliederungstitel>Auswahlverfahren</gliederungstitel></gliederungseinheit></metadaten><textdaten/></norm>
<norm builddate="20210419212502" doknr="BJNR072710021BJNE000600000"><metadaten><jurabk>HBPolVDAufstV</jurabk><enbez>§ 5</enbez><titel format="XML">Durchführende Behörde</titel></metadaten><textdaten><text format="XML"><Content><P>Das Auswahlverfahren wird von der Bundespolizeiakademie im Auftrag des Bundespolizeipräsidiums durchgeführt.</P></Content></text></textdaten></norm>
<norm builddate="20210419212502" doknr="BJNR072710021BJNE000700000"><metadaten><jurabk>HBPolVDAufstV</jurabk><enbez>§ 6</enbez><titel format="XML">Zweck des Auswahlverfahrens</titel></metadaten><textdaten><text format="XML"><Content><P>Im Auswahlverfahren wird festgestellt, ob die Bewerberinnen und Bewerber für die Aufstiegsausbildung geeignet und befähigt sind.</P></Content></text></textdaten></norm>
<norm builddate="20210419212502" doknr="BJNR072710021BJNE000800000"><metadaten><jurabk>HBPolVDAufstV</jurabk><enbez>§ 7</enbez><titel format="XML">Zulassung zum Auswahlverfahren</titel></metadaten><textdaten><text format="XML"><Content><P>(1) Zum Auswahlverfahren wird zugelassen, wer neben den in § 17 Absatz 1 der Bundespolizei-Laufbahnverordnung genannten Voraussetzungen die in der Ausschreibung bestimmten Voraussetzungen erfüllt.</P><P>(2) Übersteigt die Zahl der geeigneten Bewerberinnen und Bewerber das Dreifache der Zahl der angebotenen Aufstiegsmöglichkeiten, so kann die Zahl der am Auswahlverfahren Teilnehmenden beschränkt werden. Es sind jedoch mindestens dreimal so viele Bewerberinnen und Bewerber zuzulassen, wie Aufstiegsmöglichkeiten angeboten werden. In diesem Fall erfolgt die Zulassung auf Grundlage der letzten dienstlichen Beurteilung.</P><P>(3) Wer zum Auswahlverfahren nicht zugelassen worden ist, erhält einen schriftlichen oder elektronischen Bescheid.</P></Content></text></textdaten></norm>
<norm builddate="20210419212502" doknr="BJNR072710021BJNE000900000"><metadaten><jurabk>HBPolVDAufstV</jurabk><enbez>§ 8</enbez><titel format="XML">Auswahlkommission</titel></metadaten><textdaten><text format="XML"><Content><P>(1) Für die Durchführung des Auswahlverfahrens richtet abweichend von § 36 Absatz 3 Satz 1 der Bundeslaufbahnverordnung das Bundespolizeipräsidium eine Auswahlkommission bei der Bundespolizeiakademie ein. Bei Bedarf können mehrere Auswahlkommissionen eingerichtet werden. In diesem Fall ist sicherzustellen, dass alle Auswahlkommissionen den gleichen Bewertungsmaßstab anlegen.</P><P>(2) Die Auswahlkommission besteht aus <DL Type="arabic"><DT>1.</DT><DD Font="normal"><LA>einer Beamtin oder einem Beamten des höheren Dienstes, die oder der ein Amt der Besoldungsgruppe B innehat, als Vorsitzender oder Vorsitzendem,</LA></DD><DT>2.</DT><DD Font="normal"><LA>zwei Beamtinnen oder Beamten des höheren Dienstes, die mindestens ein Amt der Besoldungsgruppe A 15 innehaben und denen laufbahnrechtlich ein Amt der Besoldungsgruppe A 16 verliehen werden kann, sowie</LA></DD><DT>3.</DT><DD Font="normal"><LA>einer Beamtin oder einem Beamten des höheren Dienstes der Bundespolizei.</LA></DD></DL>Mindestens zwei Mitglieder sollen dem Polizeivollzugsdienst in der Bundespolizei angehören.</P><P>(3) Die Mitglieder der Auswahlkommission werden vom Bundespolizeipräsidium auf Vorschlag der Bundespolizeiakademie für vier Jahre bestellt.</P><P>(4) Die Auswahlkommission ist beschlussfähig, wenn die oder der Vorsitzende und mindestens zwei weitere Mitglieder anwesend sind. Die Auswahlkommission entscheidet mit Stimmenmehrheit. Stimmenthaltung ist nicht zulässig. Bei Stimmengleichheit gibt die Stimme der oder des Vorsitzenden den Ausschlag.</P></Content></text></textdaten></norm>
<norm builddate="20210419212502" doknr="BJNR072710021BJNE001000000"><metadaten><jurabk>HBPolVDAufstV</jurabk><enbez>§ 9</enbez><titel format="XML">Bestandteile des Auswahlverfahrens</titel></metadaten><textdaten><text format="XML"><Content><P>Das Auswahlverfahren besteht aus <DL Type="arabic"><DT>1.</DT><DD Font="normal"><LA>einem schriftlichen Teil und</LA></DD><DT>2.</DT><DD Font="normal"><LA>einem mündlichen Teil.</LA></DD></DL></P></Content></text></textdaten></norm>
<norm builddate="20210419212502" doknr="BJNR072710021BJNE001100000"><metadaten><jurabk>HBPolVDAufstV</jurabk><enbez>§ 10</enbez><titel format="XML">Verwaltungsvorschriften zum Auswahlverfahren</titel></metadaten><textdaten><text format="XML"><Content><P>Das Bundespolizeipräsidium regelt durch Verwaltungsvorschrift: <DL Type="arabic"><DT>1.</DT><DD Font="normal"><LA>den Ablauf des Auswahlverfahrens,</LA></DD><DT>2.</DT><DD Font="normal"><LA>die Dauer der Teile des Auswahlverfahrens,</LA></DD><DT>3.</DT><DD Font="normal"><LA>die im jeweiligen Teil zu bearbeitenden Aufgaben,</LA></DD><DT>4.</DT><DD Font="normal"><LA>die Bewertungs- und Gewichtungssystematik sowie</LA></DD><DT>5.</DT><DD Font="normal"><LA>die Mindestpunktzahl, die für das Bestehen erforderlich ist.</LA></DD></DL></P></Content></text></textdaten></norm>
<norm builddate="20210419212502" doknr="BJNR072710021BJNE001200000"><metadaten><jurabk>HBPolVDAufstV</jurabk><enbez>§ 11</enbez><titel format="XML">Bestehen des Auswahlverfahrens</titel></metadaten><textdaten><text format="XML"><Content><P>Wer mindestens die Mindestpunktzahl, die für das Bestehen erforderlich ist, erreicht hat, hat das Auswahlverfahren bestanden. Die Mindestpunktzahl ist die Hälfte der insgesamt vergebenen Punkte.</P></Content></text></textdaten></norm>
<norm builddate="20210419212502" doknr="BJNR072710021BJNE001300000"><metadaten><jurabk>HBPolVDAufstV</jurabk><enbez>§ 12</enbez><titel format="XML">Gesamtergebnis und Rangfolge</titel></metadaten><textdaten><text format="XML"><Content><P>(1) Für jede Bewerberin und jeden Bewerber, die oder der am Auswahlverfahren teilgenommen hat, ermittelt die Auswahlkommission das Gesamtergebnis des Auswahlverfahrens.</P><P>(2) Nach § 36 Absatz 4 Satz 6 der Bundeslaufbahnverordnung legt die Auswahlkommission anhand der ermittelten Gesamtergebnisse eine Rangfolge der erfolgreichen Bewerberinnen und Bewerber fest. Sind mehrere Auswahlkommissionen eingerichtet worden, wird eine Rangfolge aller erfolgreichen Bewerberinnen und Bewerber festgelegt.</P><P>(3) Die festgelegte Rangfolge ist für die Entscheidung über die Zulassung zum Aufstieg maßgeblich.</P><P>(4) Wer erfolglos am Auswahlverfahren teilgenommen hat, erhält einen schriftlichen oder elektronischen Bescheid.</P></Content></text></textdaten></norm>
<norm builddate="20210419212502" doknr="BJNR072710021BJNG000300000"><metadaten><jurabk>HBPolVDAufstV</jurabk><gliederungseinheit><gliederungskennzahl>030</gliederungskennzahl><gliederungsbez>Abschnitt 3</gliederungsbez><gliederungstitel>Ausbildung</gliederungstitel></gliederungseinheit></metadaten><textdaten/></norm>
<norm builddate="20210419212502" doknr="BJNR072710021BJNE001400000"><metadaten><jurabk>HBPolVDAufstV</jurabk><enbez>§ 13</enbez><titel format="XML">Dienstaufsicht</titel></metadaten><textdaten><text format="XML"><Content><P>Während der Ausbildung führt die Bundespolizeiakademie die Dienstaufsicht über die Polizeivollzugsbeamtinnen und Polizeivollzugsbeamten, die an der Ausbildung teilnehmen.</P></Content></text></textdaten></norm>
<norm builddate="20210419212502" doknr="BJNR072710021BJNE001500000"><metadaten><jurabk>HBPolVDAufstV</jurabk><enbez>§ 14</enbez><titel format="XML">Gliederung der Ausbildung</titel></metadaten><textdaten><text format="XML"><Content><P>Die Ausbildung gliedert sich in <DL Type="arabic"><DT>1.</DT><DD Font="normal"><LA>den ersten Teil der theoretischen Ausbildung,</LA></DD><DT>2.</DT><DD Font="normal"><LA>die Anfertigung einer Seminararbeit,</LA></DD><DT>3.</DT><DD Font="normal"><LA>die praktische Ausbildung und</LA></DD><DT>4.</DT><DD Font="normal"><LA>den zweiten Teil der theoretischen Ausbildung (Repetitorium).</LA></DD></DL></P></Content></text></textdaten></norm>
<norm builddate="20210419212502" doknr="BJNR072710021BJNE001600000"><metadaten><jurabk>HBPolVDAufstV</jurabk><enbez>§ 15</enbez><titel format="XML">Ausbildungsplan</titel></metadaten><textdaten><text format="XML"><Content><P>(1) Für die Ausbildung erstellt die Bundespolizeiakademie im Einvernehmen mit dem Bundespolizeipräsidium einen Ausbildungsplan.</P><P>(2) In dem Ausbildungsplan sind Einzelheiten zu regeln <DL Type="arabic"><DT>1.</DT><DD Font="normal"><LA>zu den Inhalten der Ausbildung,</LA></DD><DT>2.</DT><DD Font="normal"><LA>zur Organisation und Durchführung der Ausbildung,</LA></DD><DT>3.</DT><DD Font="normal"><LA>zu den Klausuren und ihrer Bewertung sowie</LA></DD><DT>4.</DT><DD Font="normal"><LA>zur Seminararbeit und zu ihrer Bewertung.</LA></DD></DL></P></Content></text></textdaten></norm>
<norm builddate="20210419212502" doknr="BJNR072710021BJNE001700000"><metadaten><jurabk>HBPolVDAufstV</jurabk><enbez>§ 16</enbez><titel format="XML">Fächer der theoretischen Ausbildung</titel></metadaten><textdaten><text format="XML"><Content><P>(1) Die Ausbildung erfolgt in den Fächern <DL Type="arabic"><DT>1.</DT><DD Font="normal"><LA>Einsatzlehre und Kriminalistik,</LA></DD><DT>2.</DT><DD Font="normal"><LA>Einsatzrecht,</LA></DD><DT>3.</DT><DD Font="normal"><LA>Führungslehre,</LA></DD><DT>4.</DT><DD Font="normal"><LA>Recht des öffentlichen Dienstes sowie</LA></DD><DT>5.</DT><DD Font="normal"><LA>Staats- und Verfassungsrecht.</LA></DD></DL></P><P>(2) Die theoretische Ausbildung erfolgt an der Bundespolizeiakademie.</P></Content></text></textdaten></norm>
<norm builddate="20210419212502" doknr="BJNR072710021BJNE001800000"><metadaten><jurabk>HBPolVDAufstV</jurabk><enbez>§ 17</enbez><titel format="XML">Klausuren in der theoretischen Ausbildung</titel></metadaten><textdaten><text format="XML"><Content><P>(1) In der theoretischen Ausbildung schreibt jede Polizeivollzugsbeamtin und jeder Polizeivollzugsbeamte zwei Klausuren, und zwar je eine <DL Type="arabic"><DT>1.</DT><DD Font="normal"><LA>im Fach Einsatzlehre und Kriminalistik und</LA></DD><DT>2.</DT><DD Font="normal"><LA>im Fach Einsatzrecht.</LA></DD></DL></P><P>(2) Bewertet werden die Klausuren von Angehörigen der Bundespolizeiakademie. Die Bundespolizeiakademie kann mit der Bewertung andere Personen beauftragen.</P><P>(3) Näheres regelt der Ausbildungsplan.</P><P>(4) Über die Ergebnisse der Klausuren stellt die Bundespolizeiakademie der Polizeivollzugsbeamtin oder dem Polizeivollzugsbeamten eine schriftliche oder elektronische Bescheinigung aus.</P></Content></text></textdaten></norm>
<norm builddate="20210419212502" doknr="BJNR072710021BJNE001900000"><metadaten><jurabk>HBPolVDAufstV</jurabk><enbez>§ 18</enbez><titel format="XML">Bestehen der Klausuren</titel></metadaten><textdaten><text format="XML"><Content><P>Eine Klausur hat bestanden, wer in der Klausur mindestens fünf Rangpunkte erreicht hat.</P></Content></text></textdaten></norm>
<norm builddate="20210419212502" doknr="BJNR072710021BJNE002000000"><metadaten><jurabk>HBPolVDAufstV</jurabk><enbez>§ 19</enbez><titel format="XML">Wiederholung von Klausuren</titel></metadaten><textdaten><text format="XML"><Content><P>(1) Wer eine Klausur nicht bestanden hat, kann sie wiederholen.</P><P>(2) Jede der beiden Klausuren darf einmal wiederholt werden.</P><P>(3) Die Bundespolizeiakademie bestimmt, wann die Klausur wiederholt werden kann. Die Wiederholung soll frühestens einen Monat nach Bekanntgabe des Ergebnisses erfolgen.</P><P>(4) Die bei der Wiederholung erreichten Rangpunkte ersetzen die zuvor erreichten.</P></Content></text></textdaten></norm>
<norm builddate="20210419212502" doknr="BJNR072710021BJNE002100000"><metadaten><jurabk>HBPolVDAufstV</jurabk><enbez>§ 20</enbez><titel format="XML">Seminararbeit</titel></metadaten><textdaten><text format="XML"><Content><P>(1) Während der Ausbildung fertigt jede Polizeivollzugsbeamtin und jeder Polizeivollzugsbeamte eine Seminararbeit an.</P><P>(2) Die Bearbeitungszeit für die Seminararbeit beträgt vier Wochen. Während dieser Zeit wird die Polizeivollzugsbeamtin oder der Polizeivollzugsbeamte vom Dienst freigestellt.</P><P>(3) Bewertet wird die Seminararbeit von Angehörigen der Bundespolizeiakademie. Die Bundespolizeiakademie kann mit der Bewertung andere Personen beauftragen.</P><P>(4) Näheres regelt der Ausbildungsplan.</P><P>(5) Über das Ergebnis der Seminararbeit stellt die Bundespolizeiakademie der Polizeivollzugsbeamtin oder dem Polizeivollzugsbeamten eine schriftliche oder elektronische Bescheinigung aus.</P></Content></text></textdaten></norm>
<norm builddate="20210419212502" doknr="BJNR072710021BJNE002200000"><metadaten><jurabk>HBPolVDAufstV</jurabk><enbez>§ 21</enbez><titel format="XML">Bestehen der Seminararbeit</titel></metadaten><textdaten><text format="XML"><Content><P>Die Seminararbeit hat bestanden, wer in der Seminararbeit mindestens fünf Rangpunkte erreicht hat.</P></Content></text></textdaten></norm>
<norm builddate="20210419212502" doknr="BJNR072710021BJNE002300000"><metadaten><jurabk>HBPolVDAufstV</jurabk><enbez>§ 22</enbez><titel format="XML">Wiederholung der Seminararbeit</titel></metadaten><textdaten><text format="XML"><Content><P>(1) Wer die Seminararbeit nicht bestanden hat, kann sie einmal wiederholen.</P><P>(2) Die Bundespolizeiakademie bestimmt, wann die Seminararbeit wiederholt werden kann. Die Bearbeitungszeit für die zu wiederholende Seminararbeit soll frühestens einen Monat nach Bekanntgabe des Ergebnisses beginnen.</P><P>(3) Die bei der Wiederholung erreichten Rangpunkte ersetzen die zuvor erreichten.</P></Content></text></textdaten></norm>
<norm builddate="20210419212502" doknr="BJNR072710021BJNE002400000"><metadaten><jurabk>HBPolVDAufstV</jurabk><enbez>§ 23</enbez><titel format="XML">Praktische Ausbildung</titel></metadaten><textdaten><text format="XML"><Content><P>(1) Die praktische Ausbildung dauert in der Regel 30 Wochen.</P><P>(2) Sie wird in den Dienststellen der Bundespolizei durchgeführt.</P><P>(3) Näheres regelt der Ausbildungsplan.</P></Content></text></textdaten></norm>
<norm builddate="20210419212502" doknr="BJNR072710021BJNE002500000"><metadaten><jurabk>HBPolVDAufstV</jurabk><enbez>§ 24</enbez><titel format="XML">Repetitorium</titel></metadaten><textdaten><text format="XML"><Content><P>(1) Das Repetitorium dauert zwei Wochen.</P><P>(2) Das Repetitorium erfolgt an der Bundespolizeiakademie.</P></Content></text></textdaten></norm>
<norm builddate="20210419212502" doknr="BJNR072710021BJNG000400000"><metadaten><jurabk>HBPolVDAufstV</jurabk><gliederungseinheit><gliederungskennzahl>040</gliederungskennzahl><gliederungsbez>Abschnitt 4</gliederungsbez><gliederungstitel>Abschlussprüfung</gliederungstitel></gliederungseinheit></metadaten><textdaten/></norm>
<norm builddate="20210419212502" doknr="BJNR072710021BJNE002600000"><metadaten><jurabk>HBPolVDAufstV</jurabk><enbez>§ 25</enbez><titel format="XML">Prüfungskommission</titel></metadaten><textdaten><text format="XML"><Content><P>(1) Für die Durchführung der Abschlussprüfung richtet das Prüfungsamt der Bundespolizeiakademie eine Prüfungskommission ein. Bei Bedarf können mehrere Prüfungskommissionen eingerichtet werden. In diesem Fall stellt das Prüfungsamt sicher, dass alle Prüfungskommissionen den gleichen Bewertungsmaßstab anlegen.</P><P>(2) Eine Prüfungskommission besteht aus <DL Type="arabic"><DT>1.</DT><DD Font="normal"><LA>einer Beamtin oder einem Beamten des höheren Dienstes, die oder der mindestens ein Amt der Besoldungsgruppe B 3 innehat, als Vorsitzender oder Vorsitzendem und</LA></DD><DT>2.</DT><DD Font="normal"><LA>zwei Beamtinnen oder Beamten des höheren Dienstes, die mindestens ein Amt der Besoldungsgruppe A 15 innehaben und denen laufbahnrechtlich ein Amt der Besoldungsgruppe A 16 verliehen werden kann, als weiteren Mitgliedern.</LA></DD></DL>Als Mitglieder der Prüfungskommission können auch vergleichbare Angestellte bestellt werden. Mindestens ein Mitglied der Prüfungskommission soll Lehrende oder Lehrender an der Bundespolizeiakademie sein. Mindestens zwei Mitglieder sollen dem Polizeivollzugsdienst in der Bundespolizei angehören.</P><P>(3) Die Mitglieder der Prüfungskommission werden vom Prüfungsamt bestellt.</P><P>(4) Die Mitglieder der Prüfungskommission sind bei ihren Entscheidungen unabhängig und nicht weisungsgebunden.</P><P>(5) Die Prüfungskommission ist beschlussfähig, wenn alle Mitglieder anwesend sind. Sie entscheidet mit Stimmenmehrheit. Stimmenthaltung ist nicht zulässig.</P></Content></text></textdaten></norm>
<norm builddate="20210419212502" doknr="BJNR072710021BJNE002700000"><metadaten><jurabk>HBPolVDAufstV</jurabk><enbez>§ 26</enbez><titel format="XML">Zulassung zur Abschlussprüfung</titel></metadaten><textdaten><text format="XML"><Content><P>Zur Abschlussprüfung wird zugelassen, wer <DL Type="arabic"><DT>1.</DT><DD Font="normal"><LA>jede der beiden Klausuren der theoretischen Ausbildung bestanden hat und</LA></DD><DT>2.</DT><DD Font="normal"><LA>die Seminararbeit bestanden hat.</LA></DD></DL></P></Content></text></textdaten></norm>
<norm builddate="20210419212502" doknr="BJNR072710021BJNE002800000"><metadaten><jurabk>HBPolVDAufstV</jurabk><enbez>§ 27</enbez><titel format="XML">Zeitpunkt der Abschlussprüfung</titel></metadaten><textdaten><text format="XML"><Content><P>Die Abschlussprüfung findet in der zweiten Woche des Repetitoriums statt.</P></Content></text></textdaten></norm>
<norm builddate="20210419212502" doknr="BJNR072710021BJNE002900000"><metadaten><jurabk>HBPolVDAufstV</jurabk><enbez>§ 28</enbez><titel format="XML">Zweck und Gegenstand der Abschlussprüfung</titel></metadaten><textdaten><text format="XML"><Content><P>(1) In der Abschlussprüfung wird festgestellt, <DL Type="arabic"><DT>1.</DT><DD Font="normal"><LA>ob der Prüfling in der Lage ist, die Inhalte der Ausbildung zueinander in Beziehung zu setzen, und</LA></DD><DT>2.</DT><DD Font="normal"><LA>ob seine Kenntnisse und Fähigkeiten den Anforderungen an den höheren Polizeivollzugsdienst mit begrenzter Ämterreichweite genügen.</LA></DD></DL></P><P>(2) Gegenstand der Prüfung sind die fünf Fächer der theoretischen Ausbildung.</P></Content></text></textdaten></norm>
<norm builddate="20210419212502" doknr="BJNR072710021BJNE003000000"><metadaten><jurabk>HBPolVDAufstV</jurabk><enbez>§ 29</enbez><titel format="XML">Durchführung und Dauer der Abschlussprüfung</titel></metadaten><textdaten><text format="XML"><Content><P>(1) Die Abschlussprüfung wird in Form eines fächerübergreifenden Prüfungsgesprächs durchgeführt.</P><P>(2) Das Prüfungsgespräch wird in der Regel als Gruppenprüfung durchgeführt. Eine Gruppe darf aus höchstens vier Prüflingen bestehen.</P><P>(3) Das Prüfungsgespräch soll je Prüfling 30 bis 45 Minuten dauern.</P></Content></text></textdaten></norm>
<norm builddate="20210419212502" doknr="BJNR072710021BJNE003100000"><metadaten><jurabk>HBPolVDAufstV</jurabk><enbez>§ 30</enbez><titel format="XML">Bewertung der Abschlussprüfung</titel></metadaten><textdaten><text format="XML"><Content><P>(1) Die vom Prüfling in der Abschlussprüfung erbrachten Leistungen werden als Ganzes bewertet.</P><P>(2) Die Mitglieder der Prüfungskommission bewerten die im Prüfungsgespräch erbrachte Gesamtleistung gemäß § 25 Absatz 5 Satz 2.</P><P>(3) Nach Abschluss der Beratung über das Ergebnis der Abschlussprüfung teilt die oder der Vorsitzende dem Prüfling die erreichten Rangpunkte mit und erläutert das Ergebnis der Abschlussprüfung mündlich.</P></Content></text></textdaten></norm>
<norm builddate="20210419212502" doknr="BJNR072710021BJNE003200000"><metadaten><jurabk>HBPolVDAufstV</jurabk><enbez>§ 31</enbez><titel format="XML">Prüfungsprotokoll</titel></metadaten><textdaten><text format="XML"><Content><P>(1) Über die Abschlussprüfung wird ein Prüfungsprotokoll angefertigt.</P><P>(2) Die Person, die das Prüfungsprotokoll anfertigt, wird vom Prüfungsamt bestimmt.</P><P>(3) Aus dem Prüfungsprotokoll müssen für jeden Prüfling Gegenstand, Verlauf und Ergebnis der Abschlussprüfung hervorgehen.</P><P>(4) Das Prüfungsprotokoll ist von allen Mitgliedern der Prüfungskommission zu unterschreiben.</P></Content></text></textdaten></norm>
<norm builddate="20210419212502" doknr="BJNR072710021BJNE003300000"><metadaten><jurabk>HBPolVDAufstV</jurabk><enbez>§ 32</enbez><titel format="XML">Nichtöffentlichkeit der Abschlussprüfung</titel></metadaten><textdaten><text format="XML"><Content><P>(1) Die Abschlussprüfung ist nicht öffentlich.</P><P>(2) Bei der Abschlussprüfung können jedoch anwesend sein: <DL Type="arabic"><DT>1.</DT><DD Font="normal"><LA>eine Vertreterin oder ein Vertreter des Bundesministeriums des Innern, für Bau und Heimat,</LA></DD><DT>2.</DT><DD Font="normal"><LA>eine Vertreterin oder ein Vertreter des Bundespolizeipräsidiums,</LA></DD><DT>3.</DT><DD Font="normal"><LA>die Leiterin oder der Leiter der Bundespolizeiakademie,</LA></DD><DT>4.</DT><DD Font="normal"><LA>Angehörige des Prüfungsamts.</LA></DD></DL></P><P>(3) Weiteren Personen kann das Prüfungsamt die Anwesenheit bei der Abschlussprüfung allgemein oder im Einzelfall gestatten. Sie dürfen während der Abschlussprüfung keinerlei Aufzeichnungen anfertigen.</P><P>(4) Bei den Beratungen der Prüfungskommission dürfen außer den Mitgliedern der Prüfungskommission nur Angehörige des Prüfungsamts und die Person, die das Prüfungsprotokoll anfertigt, anwesend sein.</P></Content></text></textdaten></norm>
<norm builddate="20210419212502" doknr="BJNR072710021BJNE003400000"><metadaten><jurabk>HBPolVDAufstV</jurabk><enbez>§ 33</enbez><titel format="XML">Bestehen der Abschlussprüfung</titel></metadaten><textdaten><text format="XML"><Content><P>Die Abschlussprüfung hat bestanden, wer in der Abschlussprüfung mindestens fünf Rangpunkte erreicht hat.</P></Content></text></textdaten></norm>
<norm builddate="20210419212502" doknr="BJNR072710021BJNE003500000"><metadaten><jurabk>HBPolVDAufstV</jurabk><enbez>§ 34</enbez><titel format="XML">Wiederholung der Abschlussprüfung</titel></metadaten><textdaten><text format="XML"><Content><P>(1) Wer die Abschlussprüfung nicht bestanden hat, kann sie einmal wiederholen. In Ausnahmefällen kann das Bundespolizeipräsidium im Einvernehmen mit dem Bundesministerium des Innern, für Bau und Heimat auf Antrag eine zweite Wiederholung zulassen.</P><P>(2) Die Bundespolizeiakademie bestimmt, wann die Abschlussprüfung wiederholt werden kann. Die Wiederholung soll frühestens einen Monat nach der nicht bestandenen Abschlussprüfung erfolgen.</P><P>(3) Die bei der Wiederholung erreichten Rangpunkte ersetzen die zuvor erreichten.</P><P>(4) Ist die Wiederholung nicht bestanden worden und eine weitere Wiederholung nicht mehr möglich, so ist die Abschlussprüfung endgültig nicht bestanden.</P></Content></text></textdaten></norm>
<norm builddate="20210419212502" doknr="BJNR072710021BJNE003600000"><metadaten><jurabk>HBPolVDAufstV</jurabk><enbez>§ 35</enbez><titel format="XML">Rangpunktzahl der Ausbildung und Gesamtnote</titel></metadaten><textdaten><text format="XML"><Content><P>(1) Für jede Person, die die Abschlussprüfung bestanden hat, berechnet das Prüfungsamt die Rangpunktzahl der Ausbildung.</P><P>(2) In die Berechnung der Rangpunktzahl der Ausbildung gehen ein: <DL Type="arabic"><DT>1.</DT><DD Font="normal"><LA>die Rangpunkte jeder der beiden Klausuren der theoretischen Ausbildung mit je 10 Prozent,</LA></DD><DT>2.</DT><DD Font="normal"><LA>die Rangpunkte der Seminararbeit mit 20 Prozent und</LA></DD><DT>3.</DT><DD Font="normal"><LA>die Rangpunkte der Abschlussprüfung mit 60 Prozent.</LA></DD></DL>Die berechnete Rangpunktzahl wird kaufmännisch auf eine ganze Zahl gerundet. Die gerundete Rangpunktzahl ist die Rangpunktzahl der Ausbildung.</P><P>(3) Der Rangpunktzahl der Ausbildung wird die entsprechende Note als Gesamtnote zugeordnet.</P></Content></text></textdaten></norm>
<norm builddate="20210419212502" doknr="BJNR072710021BJNE003700000"><metadaten><jurabk>HBPolVDAufstV</jurabk><enbez>§ 36</enbez><titel format="XML">Abschlusszeugnis</titel></metadaten><textdaten><text format="XML"><Content><P>(1) Jeder Person, die die Abschlussprüfung bestanden hat, stellt das Prüfungsamt ein Abschlusszeugnis aus.</P><P>(2) Im Abschlusszeugnis sind mindestens anzugeben: <DL Type="arabic"><DT>1.</DT><DD Font="normal"><LA>die Rangpunktzahl der Ausbildung und</LA></DD><DT>2.</DT><DD Font="normal"><LA>die Gesamtnote.</LA></DD></DL></P><P>(3) Sind auf dem Abschlusszeugnis Schreibfehler, Rechenfehler oder ähnliche Unrichtigkeiten enthalten, so werden sie vom Prüfungsamt berichtigt. Anschließend stellt das Prüfungsamt ein neues Abschlusszeugnis aus. Das fehlerhaft ausgestellte Abschlusszeugnis ist zurückzugeben.</P><P>(4) Wird die Abschlussprüfung nachträglich für nicht bestanden erklärt, so ist das Abschlusszeugnis zurückzugeben.</P></Content></text></textdaten></norm>
<norm builddate="20210419212502" doknr="BJNR072710021BJNE003800000"><metadaten><jurabk>HBPolVDAufstV</jurabk><enbez>§ 37</enbez><titel format="XML">Bescheid über die nicht bestandene Abschlussprüfung</titel></metadaten><textdaten><text format="XML"><Content><P>Wer die Abschlussprüfung nicht bestanden hat, erhält einen schriftlichen oder elektronischen Bescheid über die nicht bestandene Abschlussprüfung.</P></Content></text></textdaten></norm>
<norm builddate="20210419212502" doknr="BJNR072710021BJNE003900000"><metadaten><jurabk>HBPolVDAufstV</jurabk><enbez>§ 38</enbez><titel format="XML">Verhinderung</titel></metadaten><textdaten><text format="XML"><Content><P>(1) Bei ungenehmigtem Fernbleiben oder Rücktritt von der Abschlussprüfung gilt sie als nicht bestanden.</P><P>(2) Bei genehmigtem Fernbleiben oder Rücktritt gilt die Abschlussprüfung als nicht begonnen.</P><P>(3) Über die Genehmigung entscheidet das Prüfungsamt.</P><P>(4) Die Genehmigung darf nur erteilt werden, wenn ein wichtiger Grund vorliegt. Bei Erkrankung soll die Genehmigung nur erteilt werden, wenn unverzüglich ein ärztliches Attest vorgelegt wird.</P></Content></text></textdaten></norm>
<norm builddate="20210419212502" doknr="BJNR072710021BJNE004000000"><metadaten><jurabk>HBPolVDAufstV</jurabk><enbez>§ 39</enbez><titel format="XML">Ordnungsverstoß</titel></metadaten><textdaten><text format="XML"><Content><P>(1) Wenn ein Prüfling bei der Abschlussprüfung täuscht, eine Täuschung versucht oder an einer Täuschung oder einem Täuschungsversuch mitwirkt oder einen anderen Ordnungsverstoß begeht, soll ihm zunächst die Fortsetzung der Abschlussprüfung gestattet werden. Ist der Ordnungsverstoß erheblich, so kann er jedoch sofort von der weiteren Teilnahme an der Abschlussprüfung ausgeschlossen werden.</P><P>(2) Über das Vorliegen und die Folgen eines Ordnungsverstoßes entscheidet das Prüfungsamt auf Vorschlag der Prüfungskommission.</P><P>(3) Je nach Schwere des Ordnungsverstoßes kann das Prüfungsamt <DL Type="arabic"><DT>1.</DT><DD Font="normal"><LA>die Wiederholung der Abschlussprüfung anordnen oder</LA></DD><DT>2.</DT><DD Font="normal"><LA>die Abschlussprüfung für endgültig nicht bestanden erklären.</LA></DD></DL></P><P>(4) Wird eine Täuschung erst nach Abschluss der Abschlussprüfung bekannt oder kann sie erst dann nachgewiesen werden und sind ab dem Tag der Abschlussprüfung noch nicht fünf Jahre vergangen, so gilt Absatz 3 entsprechend. Die Entscheidung bedarf der Zustimmung des Bundespolizeipräsidiums.</P><P>(5) Die oder der Betroffene ist vor einer Entscheidung nach Absatz 3 anzuhören.</P></Content></text></textdaten></norm>
<norm builddate="20210419212502" doknr="BJNR072710021BJNE004100000"><metadaten><jurabk>HBPolVDAufstV</jurabk><enbez>§ 40</enbez><titel format="XML">Prüfungsakten und Einsichtnahme</titel></metadaten><textdaten><text format="XML"><Content><P>(1) Zu jedem Prüfling führt die Bundespolizeiakademie eine Prüfungsakte.</P><P>(2) In die Prüfungsakten aufzunehmen sind: <DL Type="arabic"><DT>1.</DT><DD Font="normal"><LA>die Klausuren der theoretischen Ausbildung,</LA></DD><DT>2.</DT><DD Font="normal"><LA>die Seminararbeit,</LA></DD><DT>3.</DT><DD Font="normal"><LA>das Prüfungsprotokoll und</LA></DD><DT>4.</DT><DD Font="normal"><LA>eine Ausfertigung des Abschlusszeugnisses, eine Ausfertigung des Bescheides über die nicht bestandene Abschlussprüfung oder eine Ausfertigung des Bescheides über die endgültig nicht bestandene Abschlussprüfung.</LA></DD></DL></P><P>(3) Die Prüfungsakten werden bei der Bundespolizeiakademie mindestens fünf und höchstens zehn Jahre aufbewahrt. Sie können elektronisch aufbewahrt werden.</P><P>(4) Auf Antrag können die Polizeivollzugsbeamtinnen und Polizeivollzugsbeamten nach Beendigung der Abschlussprüfung beim Prüfungsamt der Bundespolizeiakademie Einsicht in ihre Prüfungsakte nehmen. Die Einsichtnahme wird in den Prüfungsakten vermerkt.</P></Content></text></textdaten></norm>
<norm builddate="20210419212502" doknr="BJNR072710021BJNE004200000"><metadaten><jurabk>HBPolVDAufstV</jurabk><enbez>§ 41</enbez><titel format="XML">Zuständigkeit für die Entscheidung über Widersprüche</titel></metadaten><textdaten><text format="XML"><Content><P>Über Widersprüche gegen Entscheidungen im Prüfungsverfahren, die auf Grund dieser Verordnung getroffen werden, entscheidet das Prüfungsamt der Bundespolizeiakademie.</P></Content></text></textdaten></norm>
</dokumente>