<?xml version="1.0" encoding="UTF-8" ?><!DOCTYPE dokumente SYSTEM "http://www.gesetze-im-internet.de/dtd/1.01/gii-norm.dtd">
<dokumente builddate="20260128215504" doknr="BJNR102220968"><norm builddate="20260128215504" doknr="BJNR102220968"><metadaten><jurabk>ProMusPlRL</jurabk><ausfertigung-datum manuell="ja">1968-03-07</ausfertigung-datum><fundstelle typ="amtlich"><periodikum>BGBl I</periodikum><zitstelle>1968, 222</zitstelle></fundstelle><langue>Richtlinien für die Verleihung der PRO MUSICA-Plakette</langue><standangabe checked="ja"><standtyp>Stand</standtyp><standkommentar>Zuletzt geändert durch Erlass v. 11.1.2026 I Nr. 17</standkommentar></standangabe></metadaten><textdaten><text format="XML"><Content><P/></Content></text><fussnoten><Content><P><BR/> <pre xml:space="preserve">(+++ Textnachweis ab: 22.3.1968 +++)<BR/>(+++ Hinweis: Erlaß über die Stiftung der PRO MUSICA-Plakette vgl. BGBl I 1968,<BR/> 222 (ProMusPlErl 1134-8) +++)<BR/><BR/></pre></P></Content></fussnoten></textdaten></norm>
<norm builddate="20260128215504" doknr="BJNR102220968BJNE000102125"><metadaten><jurabk>ProMusPlRL</jurabk><enbez>(XXXX)</enbez><titel format="XML">Richtlinie für die Verleihung der Pro-Musica-Plakette</titel></metadaten><textdaten><text format="XML"><Content><P><DL Font="normal" Type="arabic"><DT>1.</DT><DD Font="normal"><LA Size="normal">Die Pro-Musica-Plakette ist als Auszeichnung für Musikvereinigungen aus dem Bereich der Amateurmusik bestimmt, die sich in langjährigem Wirken besondere Verdienste um die Pflege des instrumentalen Musizierens und damit um die Förderung des kulturellen Lebens erworben haben.</LA><LA Size="normal">Die Auszeichnung besteht aus einer Urkunde und einer Plakette, die auf der Vorderseite eine Musizierende mit Lyra und die Umschrift „FÜR VERDIENSTE UM INSTRUMENTALES MUSIZIEREN – PRO MUSICA“ und auf der Rückseite den Bundesadler zeigt. Form und Größe der Plakette sind auf einer Mustertafel festgelegt.</LA></DD><DT>2.</DT><DD Font="normal"><LA Size="normal">Die Pro-Musica-Plakette wird durch die Bundespräsidentin/den Bundespräsidenten aus Anlass des mindestens einhundertjährigen Bestehens der Musikvereinigung auf deren Antrag verliehen.</LA><LA Size="normal">Voraussetzung für die Verleihung ist der Nachweis, dass sich die Musikvereinigung über einen Zeitraum von mindestens einhundert Jahren in ernster und erfolgreicher musikalischer Arbeit der Pflege der instrumentalen Musik gewidmet und im Rahmen der örtlich gegebenen Verhältnisse künstlerische Verdienste oder Verdienste um die musikalische Bildung erworben hat.</LA></DD><DT>3.</DT><DD Font="normal"><LA Size="normal">Der Antrag auf Verleihung der Pro-Musica-Plakette kann frühestens im Vorjahr des Jubiläumsjahres gestellt werden.</LA><LA Size="normal">Musikvereinigungen richten ihren Antrag digital bis zum 30. Juni des Jahres der Antragstellung an den Bundesmusikverband Chor &amp; Orchester e. V., der dazu ein entsprechendes Online-Portal zur Verfügung stellt.</LA><LA Size="normal">Dem Antrag sind folgende Unterlagen – grundsätzlich in digitaler Form – beizufügen: <DL Font="normal" Type="alpha"><DT>a)</DT><DD Font="normal"><LA Size="normal">ein geschichtlicher Abriss der Musikvereinigung mit Daten in Zeitabständen von 5 bis 10 Jahren unter Hinweis auf die hierfür beigefügten Belege,</LA></DD><DT>b)</DT><DD Font="normal"><LA Size="normal">eine Auflistung aller Ensembleleitenden und gegebenenfalls Vorsitzenden mit genauer Angabe der Jahreszahlen ihrer Tätigkeit,</LA></DD><DT>c)</DT><DD Font="normal"><LA Size="normal">ein Nachweis über die Gründungszeit (Gründungsprotokoll, Satzung oder authentische Belege, die auf die Gründungszeit hinweisen),</LA></DD><DT>d)</DT><DD Font="normal"><LA Size="normal">ein Tätigkeitsbericht der Musikvereinigung über die musikalischen Aktivitäten der letzten fünf Jahre (Konzertprogramme und einschlägige, mit Datum versehene Presseberichte), ferner Konzertprogramme und Festbücher von Jubiläumsfeiern sowie Unterlagen über besondere Leistungen in früherer Zeit, die zur Begründung des Antrags wesentlich erscheinen,</LA></DD><DT>e)</DT><DD Font="normal"><LA Size="normal">eine Bescheinigung der Stadt oder der Gemeinde über die kulturelle Betätigung der Musikvereinigung und ihrer Verdienste um das instrumentale Musizieren und</LA></DD><DT>f)</DT><DD Font="normal"><LA Size="normal">bei eingetragenen Vereinen: ein aktueller Auszug aus dem Vereinsregister.</LA></DD></DL>Lediglich nach entsprechender Aufforderung sind die Unterlagen im Original bzw. in beglaubigter Form nachzureichen.</LA><LA Size="normal">Dem Antrag ist eine tabellarische Belegübersicht beizufügen.</LA></DD><DT>4.</DT><DD Font="normal"><LA Size="normal">Der Bundesmusikverband Chor &amp; Orchester prüft den Antrag formal. Er bescheinigt seine Vollständigkeit und die Plausibilität der gemachten Angaben.</LA><LA Size="normal">Bei Musikvereinigungen, die durch einen Musikverband vertreten werden, erhält der betreffende Musikverband bis zum 30. September des Jahres der Antragstellung Gelegenheit zu einer Stellungnahme zur Plausibilität der in dem Antrag gemachten Angaben.</LA><LA Size="normal">Bei Musikvereinigungen, die nicht durch einen Musikverband vertreten werden, erhält das jeweils zuständige Landesministerium für Angelegenheiten der Kultur bis zum 30. September des Jahres der Antragstellung Gelegenheit zu einer Stellungnahme zur Plausibilität der in dem Antrag gemachten Angaben.</LA><LA Size="normal">Bei Musikvereinigungen mit Sitz im Ausland erhält das Auswärtige Amt bis zum 30. September des Jahres der Antragstellung Gelegenheit zu einer Stellungnahme zur Plausibilität der in dem Antrag gemachten Angaben.</LA></DD><DT>5.</DT><DD Font="normal"><LA Size="normal">Der Bundesmusikverband Chor &amp; Orchester verantwortet die organisatorische und inhaltliche Vorbereitung der Sitzung des Empfehlungsausschusses.</LA></DD><DT>6.</DT><DD Font="normal"><LA Size="normal">Der Empfehlungsausschuss tagt jährlich.</LA><LA Size="normal">Der Empfehlungssauschuss besteht aus vier institutionellen Mitgliedern.</LA><LA Size="normal">Dazu zählen eine Vertreterin/ein Vertreter der für Kultur und Medien zuständigen obersten Bundesbehörde, eine Vertreterin/ein Vertreter der Ständigen Konferenz der Kultusminister der Länder und zwei Vertreterinnen/Vertreter des Bundesmusikverbands Chor &amp; Orchester.</LA><LA Size="normal">Liegt dem Empfehlungsausschuss ein Antrag einer Musikvereinigung mit Sitz im Ausland zur Entscheidung vor, so nimmt eine Vertreterin/ein Vertreter des Auswärtigen Amtes an der Sitzung des Empfehlungsausschusses teil.</LA><LA Size="normal">Die Beschlussfassung des Empfehlungsausschusses ist zu dokumentieren.</LA><LA Size="normal">Die Beschlüsse sind in Textform festzuhalten und den Mitgliedern des Empfehlungsausschusses zugänglich zu machen.</LA></DD><DT>7.</DT><DD Font="normal"><LA Size="normal">Der Empfehlungsausschuss prüft die durch den Bundesmusikverband Chor &amp; Orchester vorbereiteten Anträge und empfiehlt dem jeweils zuständigen Landesministerium für Angelegenheiten der Kultur, der Bundespräsidentin/dem Bundespräsidenten die betreffenden Musikvereinigungen zur Verleihung der Pro-Musica-Plakette vorzuschlagen.</LA><LA Size="normal">Der Vorschlag wird der Bundespräsidentin/dem Bundespräsidenten durch das jeweilige Landesministerium für Angelegenheiten der Kultur vorgelegt.</LA><LA Size="normal">Bei Anträgen von Musikvereinigungen mit Sitz im Ausland prüft der Empfehlungsausschuss die durch den Bundesmusikverband Chor &amp; Orchester vorbereiteten Anträge und empfiehlt dem Auswärtigen Amt, der Bundespräsidentin/dem Bundespräsidenten die betreffenden Musikvereinigungen zur Verleihung der Pro-Musica-Plakette vorzuschlagen.</LA><LA Size="normal">Der Vorschlag wird der Bundespräsidentin/dem Bundespräsidenten durch das Auswärtige Amt vorgelegt.</LA></DD><DT>8.</DT><DD Font="normal"><LA Size="normal">Die Urkunden über die Verleihung der Pro-Musica-Plaketten werden von der Bundespräsidentin/vom Bundespräsidenten unterzeichnet.</LA></DD><DT>9.</DT><DD Font="normal"><LA Size="normal">Urkunden und Plaketten werden den Musikvereinigungen nach der regelmäßig am Sonntag Laetare durch den Bundesmusikverband Chor &amp; Orchester durchgeführten bundeszentralen Verleihungsveranstaltung in nachgeordneten, durch die einzelnen Länder organisierten Verfahren ausgehändigt.</LA><LA Size="normal">Bei Musikvereinigungen mit Sitz im Ausland erfolgt die Aushändigung von Urkunden und Plaketten durch die diplomatische oder konsularische Vertretung der Bundesrepublik Deutschland in dem betreffenden Land.</LA></DD><DT>10.</DT><DD Font="normal"><LA Size="normal">Musikvereinigungen im Sinne dieser Richtlinie sind Klangkörper wie Orchester, Ensembles und Musikvereine, die sich der Instrumentalmusik widmen.</LA></DD></DL><table colsep="0" frame="none" pgwide="1" rowsep="0" tocentry="%yes;"><tgroup align="left" char="" charoff="50" cols="2"><colspec align="center" colname="col1"/><colspec align="center" colname="col2"/><tbody valign="top"><row><entry VJ="1" colname="col1">Vorderseite</entry><entry VJ="1" colname="col2">Rückseite</entry></row><row><entry VJ="1" colname="col1"><IMG Align="center" Height="202" Pos="inline" SRC="bgbl1_2026_j00170_0010.jpg" Type="jpg" Units="" Width="200" alt="Abbildung 1: Vorderseite der Pro-Musica-Plakette"/></entry><entry VJ="1" colname="col2"><IMG Align="center" Height="201" Pos="inline" SRC="bgbl1_2026_j00170_0020.jpg" Type="jpg" Units="" Width="201" alt="Abbildung 2: Rückseite der Pro-Musica-Plakette"/></entry></row><row><entry VJ="1" align="center" nameend="col2" namest="col1">Plakette: rund, Bronze</entry></row><row><entry VJ="1" align="center" nameend="col2" namest="col1">Originalgröße: 16 cm</entry></row></tbody></tgroup></table></P></Content></text><fussnoten/></textdaten></norm>
<norm builddate="20260128215504" doknr="BJNR102220968BJNE000200315"><metadaten><jurabk>ProMusPlRL</jurabk><enbez>Schlußformel</enbez></metadaten><textdaten><text format="XML"><Content><P><SP>Der Bundespräsident</SP> <BR/><SP>Der Bundeskanzler</SP> <BR/><SP>Der Bundesminister des Innern</SP></P></Content></text></textdaten></norm>
</dokumente>