<?xml version="1.0" encoding="UTF-8" ?><!DOCTYPE dokumente SYSTEM "http://www.gesetze-im-internet.de/dtd/1.01/gii-norm.dtd">
<dokumente builddate="20120808043356" doknr="BJNR022150976"><norm builddate="20120808043356" doknr="BJNR022150976"><metadaten><jurabk>PresseratG</jurabk><ausfertigung-datum manuell="ja">1976-08-18</ausfertigung-datum><fundstelle typ="amtlich"><periodikum>BGBl I</periodikum><zitstelle>1976, 2215</zitstelle></fundstelle><langue>Gesetz zur Gewährleistung der Unabhängigkeit des vom Deutschen Presserat
eingesetzten Beschwerdeausschusses</langue></metadaten><textdaten><text format="XML"><Content><P/></Content></text><fussnoten><Content><P>(+++ Textnachweis Geltung ab: 25. 8.1976 +++)</P></Content></fussnoten></textdaten></norm>
<norm builddate="20120808043356" doknr="BJNR022150976BJNE000100303"><metadaten><jurabk>PresseratG</jurabk><enbez>§ 1</enbez></metadaten><textdaten><text format="XML"><Content><P>(1) Der Deutsche Presserat erhält zur Gewährleistung seiner Unabhängigkeit bei der Wahrnehmung seiner satzungsgemäßen Aufgabe zur Feststellung und Beseitigung von Mißständen im Pressewesen alljährlich einen Zuschuß des Bundes. Der Zuschuß ist zweckgebunden für die Tätigkeit des Beschwerdeausschusses des Deutschen Presserates zu verwenden.</P><P>(2) Der Zuschuß wird zum 1. April eines jeden Jahres gezahlt, erstmals am 1. April 1976. Er beträgt 80.000 DM.</P></Content> </text></textdaten></norm>
<norm builddate="20120808043356" doknr="BJNR022150976BJNE000200303"><metadaten><jurabk>PresseratG</jurabk><enbez>§ 2</enbez></metadaten><textdaten><text format="XML"><Content><P>Das Prüfungsrecht des Bundesrechnungshofs bestimmt sich nach § 104 der Bundeshaushaltsordnung.</P></Content></text></textdaten></norm>
<norm builddate="20120808043356" doknr="BJNR022150976BJNE000300303"><metadaten><jurabk>PresseratG</jurabk><enbez>§ 3</enbez></metadaten><textdaten><text format="XML"><Content><P>Der in § 1 Abs. 2 Satz 2 festgesetzte Betrag ist im Haushaltsplan veränderten allgemeinen wirtschaftlichen Verhältnissen anzupassen. Dieser Betrag tritt an die Stelle des in § 1 Abs. 2 Satz 2 genannten Betrages.</P></Content></text></textdaten></norm>
<norm builddate="20120808043356" doknr="BJNR022150976BJNE000400303"><metadaten><jurabk>PresseratG</jurabk><enbez>§ 4</enbez></metadaten><textdaten><text format="XML"><Content><P>Dieses Gesetz gilt nach Maßgabe des § 13 Abs. 1 des Dritten Überleitungsgesetzes vom 4. Januar 1952 (Bundesgesetzbl. I S. 1) auch im Land Berlin.</P></Content></text></textdaten></norm>
<norm builddate="20120808043356" doknr="BJNR022150976BJNE000500303"><metadaten><jurabk>PresseratG</jurabk><enbez>§ 5</enbez></metadaten><textdaten><text format="XML"><Content><P>Dieses Gesetz tritt am Tage nach der Verkündung in Kraft.</P></Content></text></textdaten></norm>
</dokumente>