<?xml version="1.0" encoding="UTF-8" ?><!DOCTYPE dokumente SYSTEM "http://www.gesetze-im-internet.de/dtd/1.01/gii-norm.dtd">
<dokumente builddate="20221231214428" doknr="BJNR206200022"><norm builddate="20221231214428" doknr="BJNR206200022"><metadaten><jurabk>LuftVStAbsenkV 2023</jurabk><amtabk>LuftVStAbsenkV 2023</amtabk><ausfertigung-datum manuell="ja">2022-11-14</ausfertigung-datum><fundstelle typ="amtlich"><periodikum>BGBl I</periodikum><zitstelle>2022, 2062</zitstelle></fundstelle><kurzue>Luftverkehrsteuer-Absenkungsverordnung 2023</kurzue><langue>Verordnung zur Absenkung der Steuersätze im Jahr 2023 nach § 11 Absatz 2 des Luftverkehrsteuergesetzes</langue></metadaten><textdaten><fussnoten><Content><P><BR/> <pre xml:space="preserve">(+++ Textnachweis ab: 1.1.2023 +++)<BR/><BR/></pre></P></Content></fussnoten></textdaten></norm>
<norm builddate="20221231214428" doknr="BJNR206200022BJNE000100000"><metadaten><jurabk>LuftVStAbsenkV 2023</jurabk><enbez>Eingangsformel</enbez></metadaten><textdaten><text format="XML"><Content><P>Auf Grund des § 11 Absatz 2 des Luftverkehrsteuergesetzes, der zuletzt durch Artikel 198 Nummer 1 der Verordnung vom 19. Juni 2020 (BGBl. I S. 1328) geändert worden ist, verordnet das Bundesministerium der Finanzen im Einvernehmen mit dem Bundesministerium für Umwelt, Naturschutz, nukleare Sicherheit und Verbraucherschutz, dem Bundesministerium für Digitales und Verkehr und dem Bundesministerium für Wirtschaft und Klimaschutz in Verbindung mit § 1 Absatz 1 des Zuständigkeitsanpassungsgesetzes vom 16. August 2002 (BGBl. I S. 3165) und dem Organisationserlass vom 8. Dezember 2021 (BGBl. I S. 5176):</P></Content></text></textdaten></norm>
<norm builddate="20221231214428" doknr="BJNR206200022BJNE000200000"><metadaten><jurabk>LuftVStAbsenkV 2023</jurabk><enbez>§ 1</enbez><titel format="XML">Steuersätze 2023</titel></metadaten><textdaten><text format="XML"><Content><P>Unter Einbeziehung des Luftverkehrs in den Handel mit Treibhausgasemissionszertifikaten werden die Steuersätze des § 11 Absatz 1 Nummer 1 bis 3 des Gesetzes für das Jahr 2023 abgesenkt. Die Steuer beträgt je Fluggast für Flüge mit einem Zielort <DL Type="arabic"><DT>1.</DT><DD Font="normal"><LA><!-- SPLIT UMBAU : [Text: in einem Land der Anlage 1 zu dem Gesetz:][Element: <Split/>



][Text: 12,73 Euro,]--><table colsep="0" frame="none" pgwide="1" rowsep="0"><tgroup cols="2"><colspec align="left" colname="leftSplit"/><colspec align="right" colname="rightSplit"/><tbody Class="Split"><row><entry colname="leftSplit">in einem Land der Anlage 1 zu dem Gesetz:</entry><entry colname="rightSplit" valign="bottom">12,73 Euro,</entry></row></tbody></tgroup></table></LA></DD><DT>2.</DT><DD Font="normal"><LA><!-- SPLIT UMBAU : [Text: in einem Land der Anlage 2 zu dem Gesetz:][Element: <Split/>



][Text: 32,25 Euro,]--><table colsep="0" frame="none" pgwide="1" rowsep="0"><tgroup cols="2"><colspec align="left" colname="leftSplit"/><colspec align="right" colname="rightSplit"/><tbody Class="Split"><row><entry colname="leftSplit">in einem Land der Anlage 2 zu dem Gesetz:</entry><entry colname="rightSplit" valign="bottom">32,25 Euro,</entry></row></tbody></tgroup></table></LA></DD><DT>3.</DT><DD Font="normal"><LA><!-- SPLIT UMBAU : [Text: in anderen Ländern:][Element: <Split/>



][Text: 58,06 Euro.]--><table colsep="0" frame="none" pgwide="1" rowsep="0"><tgroup cols="2"><colspec align="left" colname="leftSplit"/><colspec align="right" colname="rightSplit"/><tbody Class="Split"><row><entry colname="leftSplit">in anderen Ländern:</entry><entry colname="rightSplit" valign="bottom">58,06 Euro.</entry></row></tbody></tgroup></table></LA></DD></DL></P></Content></text></textdaten></norm>
<norm builddate="20221231214428" doknr="BJNR206200022BJNE000300000"><metadaten><jurabk>LuftVStAbsenkV 2023</jurabk><enbez>§ 2</enbez><titel format="XML">Inkrafttreten</titel></metadaten><textdaten><text format="XML"><Content><P>Diese Verordnung tritt am 1. Januar 2023 in Kraft.</P></Content></text></textdaten></norm>
</dokumente>