<?xml version="1.0" encoding="UTF-8" ?><!DOCTYPE dokumente SYSTEM "http://www.gesetze-im-internet.de/dtd/1.01/gii-norm.dtd">
<dokumente builddate="20221020213534" doknr="BJNR155100011"><norm builddate="20221020213534" doknr="BJNR155100011"><metadaten><jurabk>Münz20EuroBek 2011</jurabk><ausfertigung-datum manuell="ja">2011-07-27</ausfertigung-datum><fundstelle typ="amtlich"><periodikum>BGBl I</periodikum><zitstelle>2011, 1551</zitstelle></fundstelle><langue>Bekanntmachung über die Ausprägung von deutschen Euro-Gedenkmünzen im Nennwert von 20 Euro (Goldmünze „Buche“ der Serie „Deutscher Wald“)</langue></metadaten><textdaten><fussnoten><Content><P><BR/> <pre xml:space="preserve">(+++ Textnachweis ab: 1.8.2011 +++)<BR/><BR/></pre></P></Content></fussnoten></textdaten></norm>
<norm builddate="20221020213534" doknr="BJNR155100011BJNE000100000"><metadaten><jurabk>Münz20EuroBek 2011</jurabk><enbez>(XXXX)</enbez></metadaten><textdaten><text format="XML"><Content><P>Gemäß den §§ 2, 4 und 5 des Münzgesetzes vom 16. Dezember 1999 (BGBl. I S. 2402) hat die Bundesregierung am 27. Januar 2010 beschlossen, in den Jahren 2010 bis 2015 eine Serie von Kleinen Goldmünzen im Nominalwert von 20 Euro prägen zu lassen, die dem deutschen Wald gewidmet sind und die sich im Kontext mit dem Internationalen Jahr der Wälder 2011 (UN-Resolution 61/193 vom 20. Dezember 2006) befindet. Die Serie begann 2010 mit der Münze „Eiche“ und wurde mit Herausgabe der Münze „Buche“ im Jahr 2011 fortgesetzt. Diese Münze wurde am 23. Juni 2011 in den Verkehr gebracht.</P><P>Die limitierte Auflage der 20-Euro-Goldmünze <NB>„Buche“</NB> beträgt 200 000 Stück. Die Münze wurde zu gleichen Teilen in den Münzstätten Berlin (Münzzeichen „A“), München (Münzzeichen „D“), Stuttgart (Münzzeichen „F“), Karlsruhe (Münzzeichen „G“) und Hamburg (Münzzeichen „J“) in Stempelglanzausführung geprägt.</P><P>Sie besteht aus Gold mit einem Feingehalt von 999,9 Tausendteilen (Feingold). Sie hat einen Durchmesser von 17,5 Millimeter und eine Masse (Gewicht) von 3,89 Gramm beziehungsweise 1/8 Unze. Der Münzrand ist geriffelt.</P><P>Der Entwurf der Bild- und der Wertseite der Münze „Buche“ stammt von dem Künstler Frantisek Chochola aus Hamburg.</P><P>Die Wertseite zeigt einen Adler, den Schriftzug „BUNDESREPUBLIK DEUTSCHLAND“, die zwölf Europasterne, die Wertziffer mit der Euro-Bezeichnung sowie die Jahreszahl „2011“ und – je nach Münzstätte – das Münzzeichen „A“, „D“, „F“, „G“ oder „J“.</P></Content></text></textdaten></norm>
<norm builddate="20221020213534" doknr="BJNR155100011BJNE000200000"><metadaten><jurabk>Münz20EuroBek 2011</jurabk><enbez>Schlussformel</enbez></metadaten><textdaten><text format="XML"><Content><P><SP>Der Bundesminister der Finanzen</SP></P></Content></text></textdaten></norm>
<norm builddate="20221020213534" doknr="BJNR155100011BJNE000300000"><metadaten><jurabk>Münz20EuroBek 2011</jurabk><enbez>(XXXX)</enbez></metadaten><textdaten><text format="XML"><Content><P><noindex><kommentar typ="Fundstelle">(Fundstelle: BGBl. I 2011, 1551)</kommentar></noindex></P><BR/><table frame="none" tocentry="%yes;"><tgroup align="left" char="" charoff="50" cols="2"><colspec colname="col1" colsep="0" colwidth="10*"/><colspec colname="col2" colwidth="10*"/><tbody valign="top"><row><entry VJ="1" colname="col1"><IMG Align="center" Height="945" Pos="inline" SRC="bgbl1_2011_j1551-1_0010.jpg" Type="TIF" Units="300" alt=""/></entry><entry VJ="1" colname="col2"><IMG Align="center" Height="945" Pos="inline" SRC="bgbl1_2011_j1551-1_0020.jpg" Type="TIF" Units="300" alt=""/></entry></row></tbody></tgroup></table></Content></text></textdaten></norm>
</dokumente>