<?xml version="1.0" encoding="UTF-8" ?><!DOCTYPE dokumente SYSTEM "http://www.gesetze-im-internet.de/dtd/1.01/gii-norm.dtd">
<dokumente builddate="20130326215508" doknr="BJNR207500986"><norm builddate="20130326215508" doknr="BJNR207500986"><metadaten><jurabk>IAmInvGesÜbkUSA/uaG</jurabk><ausfertigung-datum manuell="ja">1986-07-10</ausfertigung-datum><fundstelle typ="amtlich"><periodikum>BGBl II</periodikum><zitstelle>1986, 750</zitstelle></fundstelle><langue>Gesetz zu dem Übereinkommen vom 19. November 1984 zur Errichtung der
Interamerikanischen Investitionsgesellschaft</langue></metadaten><textdaten><text format="decorated"/></textdaten></norm>
</dokumente>