<?xml version="1.0" encoding="UTF-8" ?><!DOCTYPE dokumente SYSTEM "http://www.gesetze-im-internet.de/dtd/1.01/gii-norm.dtd">
<dokumente builddate="20120625153408" doknr="BJNR062100010"><norm builddate="20120625153408" doknr="BJNR062100010"><metadaten><jurabk>GrÄndStVtrHE/NWBek</jurabk><ausfertigung-datum manuell="ja">2010-05-18</ausfertigung-datum><fundstelle typ="amtlich"><periodikum>BGBl I</periodikum><zitstelle>2010, 621</zitstelle></fundstelle><langue>Bekanntmachung über den Abschluss und das Inkrafttreten des Staatsvertrages zwischen dem Land Hessen und dem Land Nordrhein-Westfalen über Änderungen der gemeinsamen Landesgrenze</langue></metadaten><textdaten><fussnoten><Content><P><BR/> <pre xml:space="preserve">(+++ Textnachweis ab: 20.5.2010 +++)<BR/><BR/></pre></P></Content></fussnoten></textdaten></norm>
<norm builddate="20120625153408" doknr="BJNR062100010BJNE000100000"><metadaten><jurabk>GrÄndStVtrHE/NWBek</jurabk><enbez>(XXXX)</enbez></metadaten><textdaten><text format="XML"><Content><P>Zwischen dem Land Hessen und dem Land Nordrhein-Westfalen wurde am 27. April 2009/28. Mai 2009 ein Staatsvertrag über Änderungen der gemeinsamen Landesgrenze abgeschlossen. Diesem Vertrag haben der Landtag des Landes Hessen mit Gesetz vom 14. Juli 2009 (Gesetz- und Verordnungsblatt für das Land Hessen, Teil I S. 242) und der Landtag des Landes Nordrhein-Westfalen mit Gesetz vom 15. September 2009 (Gesetz- und Verordnungsblatt für das Land Nordrhein-Westfalen, S. 492) zugestimmt.</P><P>Der Staatsvertrag ist nach seinem Artikel 5 Absatz 2 am 1. November 2009 in Kraft getreten (Bekanntmachung des Hessischen Ministerpräsidenten vom 2. November 2009 – Gesetz- und Verordnungsblatt für das Land Hessen, Teil I S. 416; Bekanntmachung des Ministerpräsidenten des Landes Nordrhein-Westfalen vom 27. Oktober 2009 – Gesetz- und Verordnungsblatt für das Land Nordrhein-Westfalen, S. 527).</P><P>Die in Artikel 1 Absatz 1 des Staatsvertrages genannten Kartenblätter wurden in den oben genannten Verkündungsblättern des Landes Hessen und des Landes Nordrhein-Westfalen veröffentlicht und liegen in Nordrhein-Westfalen bei der Bezirksregierung Arnsberg sowie – in dem den Grenzabschnitt betreffenden Umfang – bei der örtlich zuständigen Vermessungs- und Katasterbehörde und in Hessen bei dem Amt für Bodenmanagement Korbach zur Einsicht bereit.</P><P>Gemäß § 2 Absatz 3 des Gesetzes über das Verfahren bei sonstigen Änderungen des Gebietsbestandes der Länder nach Artikel 29 Absatz 7 des Grundgesetzes vom 30. Juli 1979 (BGBl. I S. 1325) wird der Staatsvertrag nachstehend bekannt gemacht.</P></Content></text></textdaten></norm>
<norm builddate="20120625153408" doknr="BJNR062100010BJNE000200000"><metadaten><jurabk>GrÄndStVtrHE/NWBek</jurabk><enbez>Schlussformel</enbez></metadaten><textdaten><text format="XML"><Content><P><SP>Bundesministerium des Innern</SP></P></Content></text></textdaten></norm>
</dokumente>