<?xml version="1.0" encoding="UTF-8" ?><!DOCTYPE dokumente SYSTEM "http://www.gesetze-im-internet.de/dtd/1.01/gii-norm.dtd">
<dokumente builddate="20131202132455" doknr="BJNR002120968"><norm builddate="20131202132455" doknr="BJNR002120968"><metadaten><jurabk>WZG§4UTRECHTBek</jurabk><ausfertigung-datum manuell="ja">1968-03-01</ausfertigung-datum><fundstelle typ="amtlich"><periodikum>BGBl I</periodikum><zitstelle>1968, 212</zitstelle></fundstelle><langue>Bekanntmachung zu § 4 des Warenzeichengesetzes</langue></metadaten><textdaten><text format="XML"><Content><P/></Content></text><fussnoten><Content><P>(+++ Textnachweis ab: 14. 3.1968 +++)</P></Content></fussnoten></textdaten></norm>
<norm builddate="20131202132455" doknr="BJNR002120968BJNE000100303"><metadaten><jurabk>WZG§4UTRECHTBek</jurabk><enbez>(XXXX)</enbez></metadaten><textdaten><text format="XML"><Content><P>(1) Auf Grund des § 4 Abs. 2 Nr. 3 des Warenzeichengesetzes in der Fassung vom 2. Januar 1968 (Bundesgesetzbl. I S. 1, 29) wird in der Anlage ein amtliches Prüf- und Gewährzeichen bekanntgemacht, das in der Reichsmünze Utrecht des Königreichs der Niederlande eingeführt ist.</P><P>(2) Diese Bekanntmachung ergeht im Anschluß an die Bekanntmachung vom 30. Oktober 1967 (Bundesgesetzbl. I S. 1122).</P></Content></text></textdaten></norm>
<norm builddate="20131202132455" doknr="BJNR002120968BJNE000900303"><metadaten><jurabk>WZG§4UTRECHTBek</jurabk><enbez>Schlussformel</enbez></metadaten><textdaten><text format="XML"><Content><P>Der Bundesminister der Justiz</P></Content></text></textdaten></norm>
<norm builddate="20131202132455" doknr="BJNR002120968BJNE000200303"><metadaten><jurabk>WZG§4UTRECHTBek</jurabk><enbez>Anlage</enbez></metadaten><textdaten><text format="XML"><Content><P><noindex><kommentar typ="Fundstelle"><BR/>(Fundstelle: BGBl. I 1968, 212)</kommentar></noindex><BR/><BR/>Auf Grund des § 4 Abs. 2 Nr. 3 des Warenzeichengesetzes in der Fassung vom 2. Januar 1968 (Bundesgesetzbl. I S. 1, 29) wird in der Anlage ein amtliches Prüf- und Gewährzeichen bekanntgemacht, das in der Reichsmünze Utrecht des Königreichs der Niederlande eingeführt ist.<BR/><BR/>Diese Bekanntmachung ergeht im Anschluß an die Bekanntmachung vom 30. Oktober 1967 (Bundesgesetzbl. I S. 1122).<BR/><BR/>Bonn, den 1. März 1968<BR/><BR/><table frame="none" pgwide="1" tocentry="%yes;"><tgroup align="left" char="" charoff="50" cols="1"><colspec colname="col1"/><tbody valign="top"><row rowsep="0"><entry VJ="1" align="center" colname="col1"><SP>Der Bundesminister der Justiz</SP></entry></row><row rowsep="0"><entry VJ="1" align="center" colname="col1"><SP>Dr. Heinemann</SP></entry></row></tbody></tgroup></table><BR/><BR/><IMG Align="center" Pos="block" SRC="bgbl1_1968_j0212_0010.jpg" alt=""/><BR/><BR/></P></Content></text></textdaten></norm>
</dokumente>