<?xml version="1.0" encoding="UTF-8" ?><!DOCTYPE dokumente SYSTEM "http://www.gesetze-im-internet.de/dtd/1.01/gii-norm.dtd">
<dokumente builddate="20220201213001" doknr="BJNR001700015"><norm builddate="20220201213001" doknr="BJNR001700015"><metadaten><jurabk>KosmetikerMstrV</jurabk><amtabk>KosmetikerMstrV</amtabk><ausfertigung-datum manuell="ja">2015-01-16</ausfertigung-datum><fundstelle typ="amtlich"><periodikum>BGBl I</periodikum><zitstelle>2015, 17</zitstelle></fundstelle><kurzue>Kosmetikermeisterverordnung</kurzue><langue>Verordnung über die Meisterprüfung in den Teilen I und II im Kosmetiker-Gewerbe</langue><standangabe checked="ja"><standtyp>Stand</standtyp><standkommentar>Geändert durch Art. 2 Abs. 83 V v. 18.1.2022 I 39</standkommentar></standangabe></metadaten><textdaten><fussnoten><Content><P><BR/> <pre xml:space="preserve">(+++ Textnachweis ab: 1.7.2015 +++)<BR/><BR/></pre></P></Content></fussnoten></textdaten></norm>
<norm builddate="20220201213001" doknr="BJNR001700015BJNE000100000"><metadaten><jurabk>KosmetikerMstrV</jurabk><enbez>Eingangsformel</enbez></metadaten><textdaten><text format="XML"><Content><P>Auf Grund des § 51a Absatz 2 der Handwerksordnung, der zuletzt durch Artikel 3 Nummer 3 Buchstabe a des Gesetzes vom 11. Juli 2011 (BGBl. I S. 1341) geändert worden ist, in Verbindung mit § 1 Absatz 1 des Zuständigkeitsanpassungsgesetzes vom 16. August 2002 (BGBl. I S. 3165) und dem Organisationserlass vom 17. Dezember 2013 (BGBl. I S. 4310) verordnet das Bundesministerium für Wirtschaft und Energie im Einvernehmen mit dem Bundesministerium für Bildung und Forschung:</P></Content></text></textdaten></norm>
<norm builddate="20220201213001" doknr="BJNR001700015BJNE000200000"><metadaten><jurabk>KosmetikerMstrV</jurabk><enbez>§ 1</enbez><titel format="XML">Gegenstand</titel></metadaten><textdaten><text format="XML"><Content><P>Diese Verordnung regelt das Meisterprüfungsberufsbild sowie die Prüfung in den Teilen I und II der Meisterprüfung im Kosmetiker-Gewerbe. Die Meisterprüfung besteht aus vier selbständigen Prüfungsteilen.</P></Content></text></textdaten></norm>
<norm builddate="20220201213001" doknr="BJNR001700015BJNE000300000"><metadaten><jurabk>KosmetikerMstrV</jurabk><enbez>§ 2</enbez><titel format="XML">Meisterprüfungsberufsbild</titel></metadaten><textdaten><text format="XML"><Content><P>Im Kosmetiker-Gewerbe sind zum Zwecke der Meisterprüfung folgende Fertigkeiten und Kenntnisse zum Nachweis der beruflichen Handlungskompetenz zu berücksichtigen: <DL Type="arabic"><DT>1.</DT><DD Font="normal"><LA>auftragsbezogene Kundenanforderungen und -bedarfe ermitteln, Kunden beraten, Serviceleistungen anbieten, Auftragsverhandlungen führen und Auftragsziele festlegen, Leistungen kalkulieren und Angebote erstellen, Verträge schließen,</LA></DD><DT>2.</DT><DD Font="normal"><LA>Aufgaben der technischen, kaufmännischen und personalwirtschaftlichen Betriebsführung wahrnehmen, insbesondere unter Berücksichtigung der Betriebsorganisation, der betrieblichen Aus- und Weiterbildung, des Qualitäts- und Hygienemanagements, des Arbeitsschutzrechtes, des Datenschutzes und des Umweltschutzes sowie unter Anwendung von Informations- und Kommunikationssystemen,</LA></DD><DT>3.</DT><DD Font="normal"><LA>Auftragsabwicklungsprozesse planen, organisieren und überwachen,</LA></DD><DT>4.</DT><DD Font="normal"><LA>Aufträge ausführen, insbesondere unter Berücksichtigung von Modetrends, Behandlungstechniken, kosmetischen Produkten, berufs- und produktbezogenen rechtlichen Vorschriften und technischen Normen, der Arbeitshygiene, des Einsatzes von Personal und Auszubildenden sowie von Material, Apparaten und Geräten, auch hinsichtlich energieeffizienter Aspekte,</LA></DD><DT>5.</DT><DD Font="normal"><LA>Konzepte für Behandlungs- und Verkaufsräume sowie für Betriebs- und Lagerausstattung eines Kosmetikinstituts unter Berücksichtigung von hygienischen Bedingungen und Marketingaspekten entwickeln und umsetzen,</LA></DD><DT>6.</DT><DD Font="normal"><LA>kosmetische Produkte nach Inhaltsstoffen sowie Wirkungsweisen unterscheiden, nach Hauttyp und Hautzustand auswählen und Auswahl begründen, Kontrolle der Produktqualität sicherstellen,</LA></DD><DT>7.</DT><DD Font="normal"><LA>kosmetische Apparate und Geräte nach Wirkungsweisen unterscheiden, nach Hauttyp und Hautzustand auswählen und Auswahl begründen, dazu Kunden beraten; Möglichkeiten, Grenzen und Risiken der apparativen Kosmetik berücksichtigen,</LA></DD><DT>8.</DT><DD Font="normal"><LA>kosmetische Dienstleistungs- und Verkaufsangebote konzipieren, umsetzen, kontrollieren und bewerten, kosmetische Dienstleistungen und Produkte präsentieren,</LA></DD><DT>9.</DT><DD Font="normal"><LA>Typen und Hauttypen ganzheitlich beurteilen, individuelle Behandlungs- und Pflegekonzepte, insbesondere unter Berücksichtigung von Hautbeschaffenheit und -empfindlichkeit sowie bestehender Hautanomalien und -allergien, erstellen, dabei Grenzen der kosmetischen Behandlung aufzeigen,</LA></DD><DT>10.</DT><DD Font="normal"><LA>auf den Hautzustand abgestimmte kosmetische Behandlungen, insbesondere Intensiv- und Ausreinigung der Haut sowie pflegende Behandlungsmaßnahmen, durchführen und kontrollieren, Masken und Modellagen anfertigen und auftragen,</LA></DD><DT>11.</DT><DD Font="normal"><LA>nicht-medizinische Massagen unter Anwendung unterschiedlicher Massagegriffe durchführen,</LA></DD><DT>12.</DT><DD Font="normal"><LA>Methoden der Depilation und Epilation unter Berücksichtigung von Körperzone, Hautzustand und Haarstruktur auswählen und anwenden,</LA></DD><DT>13.</DT><DD Font="normal"><LA>dekorative und kreative Gestaltungskonzepte, auch bei optischen Anomalien, insbesondere für Gesicht und Nägel, unter Berücksichtigung der Farb-, Stil- und Typenlehre entwickeln, umsetzen und dokumentieren,</LA></DD><DT>14.</DT><DD Font="normal"><LA>Möglichkeiten der Gesichts- und Körperkonturierung sowie des Permanent Make-ups, insbesondere zur Gestaltung von Augenbrauen, Lidrändern und Lippen, aufzeigen und durchführen,</LA></DD><DT>15.</DT><DD Font="normal"><LA>pflegerische Maßnahmen an Händen und Füßen durchführen, dabei Grenzen der kosmetischen Behandlung aufzeigen,</LA></DD><DT>16.</DT><DD Font="normal"><LA>Konzepte zur Gesundheitsförderung unter Berücksichtigung von Ernährung, Bewegung und Lebensweise erstellen und hierzu beraten,</LA></DD><DT>17.</DT><DD Font="normal"><LA>erbrachte Leistungen kontrollieren und dokumentieren sowie Nachkalkulationen durchführen und Auftragsabwicklungen auswerten.</LA></DD></DL></P></Content></text></textdaten></norm>
<norm builddate="20220201213001" doknr="BJNR001700015BJNE000400000"><metadaten><jurabk>KosmetikerMstrV</jurabk><enbez>§ 3</enbez><titel format="XML">Ziel und Gliederung des Teils I</titel></metadaten><textdaten><text format="XML"><Content><P>(1) In der Prüfung in Teil I hat der Prüfling seine berufliche Handlungskompetenz dadurch nachzuweisen, dass er komplexe berufliche Aufgabenstellungen lösen und dabei Tätigkeiten des Kosmetiker-Gewerbes meisterhaft verrichten kann.</P><P>(2) Teil I der Meisterprüfung gliedert sich in folgende Prüfungsbereiche: <DL Type="arabic"><DT>1.</DT><DD Font="normal"><LA>Durchführung eines Meisterprüfungsprojekts und ein darauf bezogenes Fachgespräch sowie</LA></DD><DT>2.</DT><DD Font="normal"><LA>Durchführung einer Situationsaufgabe.</LA></DD></DL></P></Content></text></textdaten></norm>
<norm builddate="20220201213001" doknr="BJNR001700015BJNE000500000"><metadaten><jurabk>KosmetikerMstrV</jurabk><enbez>§ 4</enbez><titel format="XML">Meisterprüfungsprojekt</titel></metadaten><textdaten><text format="XML"><Content><P>(1) Der Prüfling hat ein Meisterprüfungsprojekt durchzuführen, das einem Kundenauftrag entspricht. Die auftragsbezogenen Anforderungen an das Meisterprüfungsprojekt werden vom Meisterprüfungsausschuss festgelegt. Hierzu sollen Vorschläge des Prüflings berücksichtigt werden. Auf dieser Grundlage erarbeitet der Prüfling ein Umsetzungskonzept einschließlich einer Zeit- und Materialbedarfsplanung. Das Konzept hat er vor der Durchführung des Meisterprüfungsprojekts dem Meisterprüfungsausschuss zur Genehmigung vorzulegen. Der Meisterprüfungsausschuss prüft, ob das Umsetzungskonzept den auftragsbezogenen Anforderungen entspricht.</P><P>(2) Das Meisterprüfungsprojekt besteht aus Planungs-, Durchführungs-, Kontroll- und Dokumentationsarbeiten.</P><P>(3) Als Meisterprüfungsprojekt ist ein themen- oder hautbezogenes kosmetisches Behandlungskonzept sowie die Auswahl einer Systempflege und einer Gerätebehandlung an einem Modell zu planen, durchzuführen, zu kontrollieren und zu dokumentieren. Die Planungsarbeiten bestehen aus der Erstellung eines kundenbezogenen Gesamtkonzepts mit Behandlungs- und Gestaltungsplan auf der Grundlage der Beurteilung von Typ, Hauttyp und Hautzustand sowie einer Angebotskalkulation. Die Durchführung umfasst die Umsetzung des Behandlungskonzepts einschließlich einer Intensivreinigung, einer Gestaltung von Wimpern und Augenbrauen, einer fachgerechten Entfernung von Hautunreinheiten, einer hautspezifischen Pflegemaske sowie einer Gesichts-, Hals- und Dekolletémassage. Die durchgeführten Arbeiten sind vom Prüfling zu kontrollieren und in einer Kundenkartei zu dokumentieren.</P><P>(4) Die Bewertung des Meisterprüfungsprojekts wird wie folgt gewichtet: <DL Type="arabic"><DT>1.</DT><DD Font="normal"><LA>die Planungsarbeiten mit 40 Prozent,</LA></DD><DT>2.</DT><DD Font="normal"><LA>die Durchführungsarbeiten mit 50 Prozent und</LA></DD><DT>3.</DT><DD Font="normal"><LA>die Erstellung der Dokumentationsunterlagen mit 10 Prozent.</LA></DD></DL></P></Content></text></textdaten></norm>
<norm builddate="20220201213001" doknr="BJNR001700015BJNE000600000"><metadaten><jurabk>KosmetikerMstrV</jurabk><enbez>§ 5</enbez><titel format="XML">Fachgespräch</titel></metadaten><textdaten><text format="XML"><Content><P>In dem Fachgespräch hat der Prüfling nachzuweisen, dass er befähigt ist, <DL Type="arabic"><DT>1.</DT><DD Font="normal"><LA>die fachlichen Zusammenhänge aufzuzeigen, die dem Meisterprüfungsprojekt zugrunde liegen,</LA></DD><DT>2.</DT><DD Font="normal"><LA>den Kunden zu beraten, insbesondere unter Berücksichtigung des individuellen Kundenwunsches; dabei sind wirtschaftliche Überlegungen sowie rechtliche und technische Anforderungen in das Beratungsgespräch einzubeziehen,</LA></DD><DT>3.</DT><DD Font="normal"><LA>das Vorgehen bei der Planung und bei der Durchführung des Meisterprüfungsprojekts zu begründen und</LA></DD><DT>4.</DT><DD Font="normal"><LA>mit dem Meisterprüfungsprojekt verbundene berufsbezogene Probleme sowie deren Lösungen darzustellen und dabei neue Entwicklungen im Kosmetiker-Gewerbe zu berücksichtigen.</LA></DD></DL></P></Content></text></textdaten></norm>
<norm builddate="20220201213001" doknr="BJNR001700015BJNE000700000"><metadaten><jurabk>KosmetikerMstrV</jurabk><enbez>§ 6</enbez><titel format="XML">Situationsaufgabe</titel></metadaten><textdaten><text format="XML"><Content><P>(1) Die Situationsaufgabe ist auftragsorientiert und vervollständigt den Nachweis der beruflichen Handlungskompetenz für die Meisterprüfung im Kosmetiker-Gewerbe. Die Aufgabenstellung wird vom Meisterprüfungsausschuss festgelegt.</P><P>(2) Als Situationsaufgabe sind vier der nachstehend aufgeführten Arbeiten auszuführen, darunter in jedem Fall die Arbeit nach Nummer 1, die an einem dem Prüfling unbekannten Modell auszuführen ist: <DL Type="arabic"><DT>1.</DT><DD Font="normal"><LA>Hautbeschaffenheit sowie Hautempfindlichkeit beurteilen und dokumentieren, spezifische Pflegeempfehlung erstellen,</LA></DD><DT>2.</DT><DD Font="normal"><LA>eine Behandlung zur temporären Haarentfernung durchführen,</LA></DD><DT>3.</DT><DD Font="normal"><LA>eine geräteunterstützte oder manuelle Problemzonenbehandlung, insbesondere von Cellulite oder Rückenbehandlung, durchführen,</LA></DD><DT>4.</DT><DD Font="normal"><LA>eine nicht-medizinische Ganzkörpermassage unter Auswahl geeigneter Massagetechniken sowie des dafür geeigneten Massagemittels durchführen,</LA></DD><DT>5.</DT><DD Font="normal"><LA>eine Gesichts- oder Körperkonturierung oder ein Permanent Make-up an den Augenbrauen, am oberen und unteren Lidrand oder an den Lippen planen, vorzeichnen und durchführen,</LA></DD><DT>6.</DT><DD Font="normal"><LA>eine kosmetische Hand- und Fußpflege durchführen und dokumentieren.</LA></DD></DL></P><P>(3) Die Gesamtbewertung der Situationsaufgabe ist die Summe der Einzelbewertungen für die vier ausgeführten Arbeiten nach Absatz 2, für die das arithmetische Mittel gebildet wird.</P></Content></text></textdaten></norm>
<norm builddate="20220201213001" doknr="BJNR001700015BJNE000800000"><metadaten><jurabk>KosmetikerMstrV</jurabk><enbez>§ 7</enbez><titel format="XML">Prüfungsdauer und Bestehen des Teils I</titel></metadaten><textdaten><text format="XML"><Content><P>(1) Das Meisterprüfungsprojekt soll zwei Arbeitstage, das Fachgespräch höchstens 30 Minuten und die Situationsaufgabe höchstens sechs Stunden dauern.</P><P>(2) Das Meisterprüfungsprojekt, das Fachgespräch und die Situationsaufgabe werden gesondert bewertet. Die Prüfungsleistungen im Meisterprüfungsprojekt und im Fachgespräch werden im Verhältnis 3:1 gewichtet. Das hieraus resultierende Ergebnis wird zum Prüfungsergebnis der Situationsaufgabe im Verhältnis 2:1 gewichtet.</P><P>(3) Voraussetzung für das Bestehen des Teils I der Meisterprüfung ist eine insgesamt mindestens ausreichende Prüfungsleistung, wobei das Meisterprüfungsprojekt, das Fachgespräch und die Situationsaufgabe jeweils mit mindestens 30 Punkten bewertet worden sein müssen.</P></Content></text></textdaten></norm>
<norm builddate="20220201213001" doknr="BJNR001700015BJNE000900000"><metadaten><jurabk>KosmetikerMstrV</jurabk><enbez>§ 8</enbez><titel format="XML">Ziel, Gliederung und Inhalt des Teils II</titel></metadaten><textdaten><text format="XML"><Content><P>(1) In der Prüfung in Teil II hat der Prüfling in den in Absatz 2 Satz 2 Nummer 1 und 2 genannten Handlungsfeldern seine berufliche Handlungskompetenz dadurch nachzuweisen, dass er besondere fachtheoretische Kenntnisse im Kosmetiker-Gewerbe zur Lösung komplexer fallbezogener Aufgaben anwendet.</P><P>(2) In beiden nachfolgend aufgeführten Handlungsfeldern ist mindestens eine komplexe fallbezogene Aufgabe zu bearbeiten. Bei der Aufgabenstellung können die in den Handlungsfeldern nach den Nummern 1 und 2 aufgeführten Qualifikationen auch handlungsfeldübergreifend verknüpft werden: <DL Type="arabic"><DT>1.</DT><DD Font="normal"><LA>Kosmetische Dienstleistungen</LA><LA>Der Prüfling hat nachzuweisen, dass er in der Lage ist, Aufgaben unter Berücksichtigung wirtschaftlicher, hygienischer und ökologischer Aspekte in einem Kosmetikinstitut zu bearbeiten; dabei soll er berufsbezogene Sachverhalte analysieren und bewerten; bei der jeweiligen Aufgabenstellung können mehrere der unter den Buchstaben a bis j aufgeführten Qualifikationen verknüpft werden: <DL Type="alpha"><DT>a)</DT><DD Font="normal"><LA>eine Typenberatung dokumentieren sowie eine spezifische Pflegeempfehlung erstellen und begründen, dabei allgemeine physiognomische, typologische und dermatologische Merkmale berücksichtigen,</LA></DD><DT>b)</DT><DD Font="normal"><LA>Behandlungstechniken für unterschiedliche Hauttypen, insbesondere unter Berücksichtigung von Anomalien, Allergien und Hautveränderungen darstellen und auswählen sowie Grenzen kosmetischer Behandlungen aufzeigen,</LA></DD><DT>c)</DT><DD Font="normal"><LA>Inhaltsstoffe von kosmetischen Produkten und deren Wirkungsweisen, Verträglichkeit, Anwendungsbereiche sowie mögliche Kontraindikationen beschreiben, Produkte hauttypenspezifisch auswählen und Auswahl begründen,</LA></DD><DT>d)</DT><DD Font="normal"><LA>Make-up entwerfen, dabei Farben- und Formenlehre sowie kundenindividuelle, gesellschaftliche, kulturelle und modische Einflüsse berücksichtigen,</LA></DD><DT>e)</DT><DD Font="normal"><LA>Massagetechniken und -mittel auswählen und Auswahl begründen,</LA></DD><DT>f)</DT><DD Font="normal"><LA>Methoden der kosmetischen Hand- und Fußpflege und deren Grenzen aufzeigen, Möglichkeiten der dekorativen Nagelbehandlung beschreiben sowie individuelles Nageldesign entwerfen,</LA></DD><DT>g)</DT><DD Font="normal"><LA>Methoden zur Problemzonenbehandlung auswählen und beschreiben, Auswahl begründen,</LA></DD><DT>h)</DT><DD Font="normal"><LA>Möglichkeiten für eine Gesichts- oder Körperkonturierung oder für ein Permanent Make-up darstellen,</LA></DD><DT>i)</DT><DD Font="normal"><LA>Verfahren der Depilation und Epilation sowie deren Wirkungsweisen und Anwendungsbereiche beschreiben,</LA></DD><DT>j)</DT><DD Font="normal"><LA>Konzepte zur Gesundheitsförderung unter Berücksichtigung von Ernährung, Bewegung und Lebensweise erstellen und begründen;</LA></DD></DL></LA></DD><DT>2.</DT><DD Font="normal"><LA>Management eines Kosmetikinstituts</LA><LA>Der Prüfling hat nachzuweisen, dass er in der Lage ist, Auftragsabwicklungsprozesse sowie Aufgaben der Betriebsführung und Betriebsorganisation in einem Kosmetikinstitut wahrzunehmen und Maßnahmen kunden-, erfolgs- und qualitätsorientiert zu planen, ihre Durchführung zu kontrollieren und sie abzuschließen; bei der jeweiligen Aufgabenstellung können mehrere der unter den Buchstaben a bis m aufgeführten Qualifikationen verknüpft werden: <DL Type="alpha"><DT>a)</DT><DD Font="normal"><LA>institutsspezifische Maßnahmen entwickeln, insbesondere zur Einhaltung des Arbeits-, Gesundheits- und Umweltschutzes sowie des Hygienemanagements,</LA></DD><DT>b)</DT><DD Font="normal"><LA>Haftung bei unsachgemäßer Erbringung von Dienstleistungen und fehlerhafter Anwendung von Produkten, Apparaten und Geräten beurteilen,</LA></DD><DT>c)</DT><DD Font="normal"><LA>ein Institutskonzept für Kundenberatung und -betreuung entwickeln, Möglichkeiten einer individuellen Kundenberatung aufzeigen,</LA></DD><DT>d)</DT><DD Font="normal"><LA>betriebliche Kosten ermitteln, dabei betriebswirtschaftliche Zusammenhänge berücksichtigen,</LA></DD><DT>e)</DT><DD Font="normal"><LA>Preise für Dienstleistungen und Produkte unter Berücksichtigung von Kosten, Auslastung und Marktsituation kalkulieren und festlegen,</LA></DD><DT>f)</DT><DD Font="normal"><LA>Betriebsabläufe unter Berücksichtigung von Nachfrage, Personalsituation und Arbeitszeitmodellen planen und steuern,</LA></DD><DT>g)</DT><DD Font="normal"><LA>auftragsbezogenen Einsatz von Material, Apparaten und Geräten bestimmen und begründen,</LA></DD><DT>h)</DT><DD Font="normal"><LA>eine Nachkalkulation durchführen und betriebliche Kostenstrukturen überprüfen,</LA></DD><DT>i)</DT><DD Font="normal"><LA>Aufgaben der Personalverwaltung wahrnehmen, Notwendigkeit der Personalentwicklung, insbesondere in Abhängigkeit von Auftragslage und Auftragsabwicklung, begründen,</LA></DD><DT>j)</DT><DD Font="normal"><LA>Marketingmaßnahmen zur Kundenpflege und zur Gewinnung neuer Kunden vor dem Hintergrund technischer und wirtschaftlicher Entwicklungen erarbeiten,</LA></DD><DT>k)</DT><DD Font="normal"><LA>Bedeutung des betrieblichen Qualitätsmanagements für den Unternehmenserfolg darstellen, Maßnahmen des Qualitätsmanagements festlegen und begründen,</LA></DD><DT>l)</DT><DD Font="normal"><LA>produktgerechte Lagerung von Kosmetika sowie Auswirkungen auf die Qualität beschreiben,</LA></DD><DT>m)</DT><DD Font="normal"><LA>den Nutzen des Einsatzes von Informations- und Kommunikationssystemen begründen, insbesondere für die Kundenbindung und -pflege sowie für die Warenwirtschaft.</LA></DD></DL></LA></DD></DL></P></Content></text></textdaten></norm>
<norm builddate="20220201213001" doknr="BJNR001700015BJNE001000000"><metadaten><jurabk>KosmetikerMstrV</jurabk><enbez>§ 9</enbez><titel format="XML">Prüfungsdauer und Bestehen des Teils II</titel></metadaten><textdaten><text format="XML"><Content><P>(1) Die Prüfung in Teil II ist schriftlich durchzuführen. Sie dauert in jedem Handlungsfeld drei Stunden.</P><P>(2) Die Gesamtbewertung des Teils II ist die Summe der Einzelbewertungen der Handlungsfelder nach § 8 Absatz 2, für die das arithmetische Mittel gebildet wird.</P><P>(3) Wurde in einem der beiden Handlungsfelder mindestens 30 und weniger als 50 Punkte erreicht, kann in diesem Handlungsfeld eine mündliche Ergänzungsprüfung durchgeführt werden, wenn diese das Bestehen des Teils II der Meisterprüfung ermöglicht. Wurden in beiden Handlungsfeldern jeweils mindestens 30 und weniger als 50 Punkte erreicht, kann in einem dieser Handlungsfelder eine mündliche Ergänzungsprüfung durchgeführt werden, wenn diese das Bestehen des Teils II der Meisterprüfung ermöglicht.</P><P>(4) Voraussetzung für das Bestehen des Teils II der Meisterprüfung ist eine insgesamt mindestens ausreichende Prüfungsleistung. Die Prüfung des Teils II ist nicht bestanden, wenn ein Handlungsfeld mit weniger als 30 Punkten bewertet worden ist.</P></Content></text></textdaten></norm>
<norm builddate="20220201213001" doknr="BJNR001700015BJNE001101128"><metadaten><jurabk>KosmetikerMstrV</jurabk><enbez>§ 10</enbez><titel format="XML">Allgemeine Prüfungs- und Verfahrensregelungen, weitere Regelungen zur Meisterprüfung</titel></metadaten><textdaten><text format="XML"><Content><P>(1) Die Vorschriften der Meisterprüfungsverfahrensverordnung bleiben unberührt.</P><P>(2) Die Prüfung in den Teilen III und IV der Meisterprüfung bestimmt sich nach der Allgemeinen Meisterprüfungsverordnung vom 26. Oktober 2011 (BGBl. I S. 2149) in der jeweils geltenden Fassung.</P></Content></text><fussnoten/></textdaten></norm>
<norm builddate="20220201213001" doknr="BJNR001700015BJNE001200000"><metadaten><jurabk>KosmetikerMstrV</jurabk><enbez>§ 11</enbez><titel format="XML">Inkrafttreten</titel></metadaten><textdaten><text format="XML"><Content><P>Diese Verordnung tritt am 1. Juli 2015 in Kraft.</P></Content></text></textdaten></norm>
</dokumente>