<?xml version="1.0" encoding="UTF-8" ?><!DOCTYPE dokumente SYSTEM "http://www.gesetze-im-internet.de/dtd/1.01/gii-norm.dtd">
<dokumente builddate="20241205223054" doknr="BJNR1850A0024"><norm builddate="20241205223054" doknr="BJNR1850A0024"><metadaten><jurabk>GAPKondG§27Abs4S2Bek</jurabk><ausfertigung-datum manuell="ja">2024-12-02</ausfertigung-datum><fundstelle typ="amtlich"><periodikum>BGBl. I</periodikum><zitstelle>2024, Nr. 389</zitstelle></fundstelle><langue>Bekanntmachung nach § 27 Absatz 4 Satz 2 des GAP-Konditionalitäten-Gesetzes</langue></metadaten><textdaten><fussnoten><Content><P><BR/> <pre xml:space="preserve">(+++ Textnachweis ab: 5.12.2024 +++)<BR/><BR/></pre></P></Content></fussnoten></textdaten></norm>
<norm builddate="20241205223054" doknr="BJNR1850A0024BJNE000100000"><metadaten><jurabk>GAPKondG§27Abs4S2Bek</jurabk><enbez>(XXXX)</enbez></metadaten><textdaten><text format="XML"><Content><P>Nach § 27 Absatz 4 Satz 2 des GAP-Konditionalitäten-Gesetzes vom 16. Juli 2021 (BGBl. I S. 2996; 2022 I S. 2262), das zuletzt durch Artikel 1 des Gesetzes vom 18. November 2024 (BGBl. 2024 I Nr. 356) geändert worden ist, gibt das Bundesministerium für Ernährung und Landwirtschaft hierdurch bekannt, dass die Europäische Kommission der Bundesrepublik Deutschland den Durchführungsbeschluss mit der Genehmigung der Änderung des am 21. November 2022 genehmigten, durch den Europäischen Garantiefonds für die Landwirtschaft und den Europäischen Landwirtschaftsfonds für die Entwicklung des ländlichen Raumes zu finanzierenden Strategieplans für Deutschland am 22. Oktober 2024 bekanntgegeben hat.</P></Content></text></textdaten></norm>
</dokumente>