<?xml version="1.0" encoding="UTF-8" ?><!DOCTYPE dokumente SYSTEM "http://www.gesetze-im-internet.de/dtd/1.01/gii-norm.dtd">
<dokumente builddate="20221208213011" doknr="BJNR075400016"><norm builddate="20221208213011" doknr="BJNR075400016"><metadaten><jurabk>Münz5EuroBek 2016-04-04</jurabk><ausfertigung-datum manuell="ja">2016-04-04</ausfertigung-datum><fundstelle typ="amtlich"><periodikum>BGBl I</periodikum><zitstelle>2016, 754</zitstelle></fundstelle><langue>Bekanntmachung über die Ausprägung von deutschen Euro-Gedenkmünzen im Nennwert von 5 Euro (Gedenkmünze „Planet Erde“)</langue></metadaten><textdaten><fussnoten><Content><P><BR/> <pre xml:space="preserve">(+++ Textnachweis ab: 18.4.2016 +++)<BR/><BR/></pre></P></Content></fussnoten></textdaten></norm>
<norm builddate="20221208213011" doknr="BJNR075400016BJNE000100000"><metadaten><jurabk>Münz5EuroBek 2016-04-04</jurabk><enbez>(XXXX)</enbez></metadaten><textdaten><text format="XML"><Content><P>Gemäß den §§ 2, 4 und 5 des Münzgesetzes vom 16. Dezember 1999 (BGBl. I S. 2402) hat die Bundesregierung beschlossen, zum Thema „Planet Erde“ eine innovative deutsche Gedenkmünze im Nennwert von 5 Euro prägen zu lassen.</P><P>Die Auflage der Münze beträgt 2 250 000 Stück, davon 250 000 Stück in Spiegelglanzqualität. Die Münze wird zu gleichen Teilen in den Münzstätten Berlin, München, Stuttgart, Karlsruhe und Hamburg geprägt.</P><P>Die Münze wird ab dem 14. April 2016 in den Verkehr gebracht. Sie besteht aus drei Komponenten: Einem äußeren Ring und einem inneren Kern (Pille) aus Metall (CuNi25/CuNi19) sowie einem prägbaren, zwischen Ring und Pille eingefügten, Polymerring. Diese Kombination stellt eine prägetechnische Weltneuheit im Münzbereich dar. Die Münze hat einen Durchmesser von 27,25 Millimetern und eine Masse von 9 Gramm. Das Gepräge auf beiden Seiten ist erhaben und wird von einem schützenden, glatten Randstab umgeben.</P><P>Im inneren Bereich der Bildseite ist der Planet Erde dargestellt. Dessen Kontinente werden durch eine Verdichtung von Punkten abstrahiert. Den umlaufenden blauen Ring assoziiert der Betrachter unwillkürlich mit der Atmosphäre der Erde. Die unterschiedlich großen Himmelskörper, die im äußeren Ring dargestellt sind, reflektieren die Vielfalt astronomischer Objekte.</P><P>Die Wertseite zeigt einen Adler, den Schriftzug „BUNDESREPUBLIK DEUTSCHLAND“, Wertziffer und Wertbezeichnung, die Jahreszahl 2016, die zwölf Europasterne sowie – je nach Prägestätte – das Münzzeichen „A“ (Berlin), „D“ (München), „F“ (Stuttgart), „G“ (Karlsruhe) oder „J“ (Hamburg).</P><P>Der glatte Münzrand enthält in vertiefter Prägung die Inschrift:</P><P>„BLAUER PLANET ERDE • BLAUER PLANET ERDE •“.</P><P>Der Entwurf stammt von dem Künstler Stefan Klein aus Iserlohn. Der Adlerentwurf basiert auf einer Vorlage der Künstlerin Alina Hoyer aus Berlin.</P></Content></text></textdaten></norm>
<norm builddate="20221208213011" doknr="BJNR075400016BJNE000200000"><metadaten><jurabk>Münz5EuroBek 2016-04-04</jurabk><enbez>Schlussformel</enbez></metadaten><textdaten><text format="XML"><Content><P><SP>Der Bundesminister der Finanzen</SP></P></Content></text></textdaten></norm>
<norm builddate="20221208213011" doknr="BJNR075400016BJNE000300000"><metadaten><jurabk>Münz5EuroBek 2016-04-04</jurabk><enbez>(XXXX)</enbez></metadaten><textdaten><text format="XML"><Content><P><noindex><kommentar typ="Fundstelle">(Fundstelle: BGBl. I 2016, 754)</kommentar></noindex></P><BR/><BR/><table colsep="0" frame="none" pgwide="1" rowsep="0" tocentry="%yes;"><tgroup align="left" char="" charoff="50" cols="2"><colspec align="left" colname="col1" colwidth="82.5*"/><colspec align="right" colname="col2" colwidth="82.5*"/><tbody valign="top"><row><entry VJ="1" colname="col1"><IMG Align="center" Height="865" Pos="inline" SRC="bgbl1_2016_j0754-1_0010.jpg" Type="TIF" Units="300" Width="886" alt=""/></entry><entry VJ="1" colname="col2"><IMG Align="center" Height="864" Pos="inline" SRC="bgbl1_2016_j0754-1_0020.jpg" Type="TIF" Units="300" Width="886" alt=""/></entry></row></tbody></tgroup></table></Content></text></textdaten></norm>
</dokumente>