<?xml version="1.0" encoding="UTF-8" ?><!DOCTYPE dokumente SYSTEM "http://www.gesetze-im-internet.de/dtd/1.01/gii-norm.dtd">
<dokumente builddate="20160624220008" doknr="BJNR119260991"><norm builddate="20160624220008" doknr="BJNR119260991"><metadaten><jurabk>WZG§4UpaepBek</jurabk><ausfertigung-datum manuell="ja">1991-08-22</ausfertigung-datum><fundstelle typ="amtlich"><periodikum>BGBl I</periodikum><zitstelle>1991, 1926</zitstelle></fundstelle><langue>Bekanntmachung zu § 4 des Warenzeichengesetzes</langue></metadaten><textdaten><text format="XML"><Content><P/></Content></text><fussnoten><Content><P>(+++ Textnachweis ab: 28. 9.1991 +++)</P></Content></fussnoten></textdaten></norm>
<norm builddate="20160624220008" doknr="BJNR119260991BJNE000100308"><metadaten><jurabk>WZG§4UpaepBek</jurabk><enbez>(XXXX)</enbez></metadaten><textdaten><text format="XML"><Content><P>Auf Grund des § 4 Abs. 2 Nr. 3a des Warenzeichengesetzes in der Fassung der Bekanntmachung vom 2. Januar 1968 (BGBl. I S. 1, 29) wird bekanntgemacht, daß die Bezeichnungen, die Flagge und die Kennzeichen der <DL Font="normal" Type="arabic"><DT/><DD Font="normal"><LA Size="normal">Postunion für den Amerikanischen Kontinent, Spanien und Portugal</LA><LA Size="normal">(Anlage)</LA></DD></DL>von der Eintragung als Warenzeichen ausgeschlossen sind. <BR/>Diese Bekanntmachung ergeht im Anschluß an die Bekanntmachung vom 22. Mai 1990 (BGBl. I S. 1006).</P></Content></text></textdaten></norm>
<norm builddate="20160624220008" doknr="BJNR119260991BJNE000900308"><metadaten><jurabk>WZG§4UpaepBek</jurabk><enbez>Schlussformel</enbez></metadaten><textdaten><text format="XML"><Content><P>Der Bundesminister der Justiz</P></Content></text></textdaten></norm>
<norm builddate="20160624220008" doknr="BJNR119260991BJNE000200308"><metadaten><jurabk>WZG§4UpaepBek</jurabk><enbez>Anlage</enbez></metadaten><textdaten><text format="XML"><Content><P><BR/><noindex><kommentar typ="Fundstelle">Fundstelle: BGBl. I 1991, 1927)</kommentar></noindex><BR/><IMG Align="center" Pos="block" SRC="bgbl1_1991_j1927_0010.jpg"/></P></Content></text></textdaten></norm>
</dokumente>