<?xml version="1.0" encoding="UTF-8" ?><!DOCTYPE dokumente SYSTEM "http://www.gesetze-im-internet.de/dtd/1.01/gii-norm.dtd">
<dokumente builddate="20221020213545" doknr="BJNR201430937"><norm builddate="20221020213545" doknr="BJNR201430937"><metadaten><jurabk>VollstrAbkITAAV</jurabk><ausfertigung-datum manuell="ja">1937-05-18</ausfertigung-datum><fundstelle typ="amtlich"><periodikum>RGBl II</periodikum><zitstelle>1937, 143</zitstelle></fundstelle><langue>Verordnung zur Ausführung des deutsch-italienischen Abkommens über die
Anerkennung und Vollstreckung gerichtlicher Entscheidungen in Zivil- und
Handelssachen</langue><standangabe checked="ja"><standtyp>Stand</standtyp><standkommentar>Zuletzt geändert durch Art. 19 G v. 27.7.2001 I 1887</standkommentar></standangabe></metadaten><textdaten><fussnoten><Content><P>(+++ Textnachweis Geltung ab: 1.1.1964 +++)</P></Content></fussnoten></textdaten></norm>
<norm builddate="20221020213545" doknr="BJNR201430937BJNE000400306"><metadaten><jurabk>VollstrAbkITAAV</jurabk><enbez>Eingangsformel</enbez></metadaten><textdaten><text format="XML"><Content><P>Auf Grund des Artikels 4 Satz 2 des Gesetzes zur Behebung der Not von Volk und Reich vom 24. März 1933 (Reichsgesetzbl. I S. 141) wird zur Ausführung des deutsch-italienischen Abkommens über die Anerkennung und Vollstreckung gerichtlicher Entscheidungen in Zivil- und Handelssachen vom 9. März 1936 (Reichsgesetzbl. 1937 II S. 145) folgendes verordnet:</P></Content></text></textdaten></norm>
<norm builddate="20221020213545" doknr="BJNR201430937BJNG000100306"><metadaten><jurabk>VollstrAbkITAAV</jurabk><gliederungseinheit><gliederungskennzahl>010</gliederungskennzahl><gliederungsbez>I.</gliederungsbez><gliederungstitel>Entscheidungen und Vergleiche</gliederungstitel></gliederungseinheit></metadaten><textdaten><text format="XML"><Content><P/></Content></text></textdaten></norm>
<norm builddate="20221020213545" doknr="BJNR201430937BJNE000500306"><metadaten><jurabk>VollstrAbkITAAV</jurabk><enbez>Art 1</enbez></metadaten><textdaten><text format="XML"><Content><P>Für die Vollstreckbarerklärung der in Artikel 1 des deutsch-italienischen Vollstreckungsabkommens bezeichneten gerichtlichen Entscheidungen sowie der in Artikel 9 daselbst bezeichneten Vergleiche ist das Amtsgericht zuständig, bei dem der Verpflichtete seinen allgemeinen Gerichtsstand hat, und in Ermangelung eines solchen das Amtsgericht, in dessen Bezirk sich Vermögen des Verpflichteten befindet oder die Vollstreckungshandlung vorzunehmen ist.</P></Content></text><fussnoten/></textdaten></norm>
<norm builddate="20221020213545" doknr="BJNR201430937BJNE000602310"><metadaten><jurabk>VollstrAbkITAAV</jurabk><enbez>Art 2</enbez></metadaten><textdaten><text format="XML"><Content><P>(1) Auf das Verfahren sind § 1063 Abs. 1, § 1064 Abs. 2 sowie § 794 Abs. 1 Nr. 4a der Zivilprozeßordnung entsprechend anzuwenden.</P><P>(2) Dem Antrag soll die für die Zustellung erforderliche Zahl von Abschriften beigefügt werden.</P><P>(3) Wird die mündliche Verhandlung angeordnet, so ist der Termin den Parteien von Amts wegen bekanntzumachen.</P><P>(4) Der Beschluss unterliegt der Beschwerde. nach den §§ 567 bis 577 der Zivilprozessordnung. Die §§ 707, 717, 1065 der Zivilprozessordnung sind entsprechend anzuwenden.</P><P>(5) (weggefallen)</P></Content>    </text><fussnoten/></textdaten></norm>
<norm builddate="20221020213545" doknr="BJNR201430937BJNE000700306"><metadaten><jurabk>VollstrAbkITAAV</jurabk><enbez>Art 3</enbez></metadaten><textdaten><text format="XML"><Content><P>Hängt die Vollstreckung der Entscheidung oder des Vergleichs nach deren Inhalt von dem Ablauf einer Frist oder von dem Eintritt einer anderen Tatsache ab oder wird die Vollstreckbarerklärung zugunsten eines anderen als des in der Entscheidung oder dem Vergleich bezeichneten Gläubigers oder gegen einen anderen als den dort bezeichneten Verpflichteten nachgesucht, so bestimmt sich die Frage, inwieweit die Vollstreckbarerklärung von dem Nachweis besonderer Voraussetzungen abhängig ist oder ob die Entscheidung für oder gegen den anderen vollstreckbar ist, nach italienischem Recht. Die danach erforderlichen Nachweise sind, sofern nicht die nachzuweisenden Tatsachen bei dem über den Antrag entscheidenden Gericht offenkundig sind, durch öffentliche oder öffentlich beglaubigte Urkunden zu führen. Kann ein solcher Nachweis nicht erbracht werden, so ist mündliche Verhandlung anzuordnen.</P></Content></text></textdaten></norm>
<norm builddate="20221020213545" doknr="BJNR201430937BJNE000801307"><metadaten><jurabk>VollstrAbkITAAV</jurabk><enbez>Art 4</enbez></metadaten><textdaten><text format="XML"><Content><P>Im Wege der Beschwerde kann der Verpflichtete auch Einwendungen gegen den Anspruch geltend machen, soweit diese nach italienischem Recht gegenüber der Entscheidung oder dem Vergleich zulässig sind. Ebenso können Einwendungen gegen die Zulässigkeit der Vollstreckungsklausel im Wege der Beschwerde geltend gemacht werden. Der Verpflichtete ist hierdurch nicht gehindert, solche Einwendungen in dem in den §§ 767, 732, 768 der Zivilprozeßordnung vorgesehenen Verfahren geltend zu machen.</P></Content></text><fussnoten/></textdaten></norm>
<norm builddate="20221020213545" doknr="BJNR201430937BJNE000900306"><metadaten><jurabk>VollstrAbkITAAV</jurabk><enbez>Art 5</enbez></metadaten><textdaten><text format="XML"><Content><P>-</P></Content></text><fussnoten/></textdaten></norm>
<norm builddate="20221020213545" doknr="BJNR201430937BJNE001000306"><metadaten><jurabk>VollstrAbkITAAV</jurabk><enbez>Art 6</enbez></metadaten><textdaten><text format="XML"><Content><P>-</P></Content></text><fussnoten/></textdaten></norm>
<norm builddate="20221020213545" doknr="BJNR201430937BJNG000200306"><metadaten><jurabk>VollstrAbkITAAV</jurabk><gliederungseinheit><gliederungskennzahl>020</gliederungskennzahl><gliederungsbez>II.</gliederungsbez><gliederungstitel>Schiedssprüche</gliederungstitel></gliederungseinheit></metadaten><textdaten><text format="XML"><Content><P/></Content></text></textdaten></norm>
<norm builddate="20221020213545" doknr="BJNR201430937BJNE001101307"><metadaten><jurabk>VollstrAbkITAAV</jurabk><enbez>Art 7</enbez></metadaten><textdaten><text format="XML"><Content><P>Die in Artikel 8 Abs. 2 des Abkommens bezeichneten Bescheinigungen erteilt die Geschäftsstelle des Gerichts, das für die Entscheidung über Anträge betreffend die Vollstreckbarerklärung des Schiedsspruchs zuständig ist.</P></Content></text><fussnoten/></textdaten></norm>
<norm builddate="20221020213545" doknr="BJNR201430937BJNG000300306"><metadaten><jurabk>VollstrAbkITAAV</jurabk><gliederungseinheit><gliederungskennzahl>030</gliederungskennzahl><gliederungsbez>III.</gliederungsbez><gliederungstitel>Inkrafttreten</gliederungstitel></gliederungseinheit></metadaten><textdaten><text format="XML"><Content><P/></Content></text></textdaten></norm>
<norm builddate="20221020213545" doknr="BJNR201430937BJNE001200306"><metadaten><jurabk>VollstrAbkITAAV</jurabk><enbez>Art 8</enbez></metadaten><textdaten><text format="XML"><Content><P>Die Verordnung tritt gleichzeitig mit dem deutsch-italienischen Abkommen über die Anerkennung und Vollstreckung gerichtlicher Entscheidungen in Zivil- und Handelssachen in Kraft.</P></Content></text><fussnoten/></textdaten></norm>
<norm builddate="20221020213545" doknr="BJNR201430937BJNE001300306"><metadaten><jurabk>VollstrAbkITAAV</jurabk><enbez>Schlußformel</enbez></metadaten><textdaten><text format="XML"><Content><P><SP>Der Reichsminister der Justiz</SP> <BR/><SP>Der Reichsminister des Auswärtigen</SP></P></Content></text></textdaten></norm>
</dokumente>