<?xml version="1.0" encoding="UTF-8" ?><!DOCTYPE dokumente SYSTEM "http://www.gesetze-im-internet.de/dtd/1.01/gii-norm.dtd">
<dokumente builddate="20221028213007" doknr="BJNR183200022"><norm builddate="20221028213007" doknr="BJNR183200022"><metadaten><jurabk>BfAAWidVertrAnO</jurabk><amtabk>BfAAWidVertrAnO</amtabk><ausfertigung-datum manuell="ja">2022-09-27</ausfertigung-datum><fundstelle typ="amtlich"><periodikum>BGBl I</periodikum><zitstelle>2022, 1832</zitstelle></fundstelle><langue>Anordnung zur Übertragung von Zuständigkeiten für den Erlass von Widerspruchsbescheiden und die Vertretung des Dienstherrn bei Klagen von Beschäftigten des Bundesamts für Auswärtige Angelegenheiten in Beihilfe-, Reisekosten- und Umzugskostenangelegenheiten sowie für die Beihilfefestsetzung</langue></metadaten><textdaten><fussnoten><Content><P><BR/> <pre xml:space="preserve">(+++ Textnachweis ab: 1.1.2021 +++)<BR/><BR/></pre></P></Content></fussnoten></textdaten></norm>
<norm builddate="20221028213007" doknr="BJNR183200022BJNE000100000"><metadaten><jurabk>BfAAWidVertrAnO</jurabk><enbez>Eingangsformel</enbez></metadaten><textdaten><text format="XML"><Content><P>Nach § 126 Absatz 3 Satz 2 und § 127 Absatz 3 Satz 1 des Bundesbeamtengesetzes vom 5. Februar 2009 (BGBl. I S. 160) sowie § 56 Absatz 2 Satz 1 der Bundesbeihilfeverordnung vom 13. Februar 2009 (BGBl. I S. 326) in Verbindung mit § 1 Absatz 2 des Zuständigkeitsanpassungsgesetzes vom 16. August 2002 (BGBl. I S. 3165) und dem Organisationserlass vom 8. Dezember 2021 (BGBl. I S. 5176) ordnet das Auswärtige Amt im Einvernehmen mit dem Bundesministerium des Innern und für Heimat an:</P></Content></text></textdaten></norm>
<norm builddate="20221028213007" doknr="BJNR183200022BJNE000200000"><metadaten><jurabk>BfAAWidVertrAnO</jurabk><enbez>§ 1</enbez><titel format="XML">Zuständigkeiten für das Widerspruchsverfahren</titel></metadaten><textdaten><text format="XML"><Content><P>Dem Bundesverwaltungsamt wird die Zuständigkeit für den Erlass von Widerspruchsbescheiden übertragen, soweit es sich um Widersprüche von Beschäftigten des Bundesamts für Auswärtige Angelegenheiten in Beihilfe-, Reisekosten- und Umzugskostenangelegenheiten handelt und das Bundesverwaltungsamt die Maßnahme getroffen hat.</P></Content></text></textdaten></norm>
<norm builddate="20221028213007" doknr="BJNR183200022BJNE000300000"><metadaten><jurabk>BfAAWidVertrAnO</jurabk><enbez>§ 2</enbez><titel format="XML">Vertretung bei Klagen</titel></metadaten><textdaten><text format="XML"><Content><P>Der Präsidentin oder dem Präsidenten des Bundesverwaltungsamts wird die Vertretung der Bundesrepublik Deutschland in verwaltungsgerichtlichen Verfahren der Beschäftigten des Bundesamts für Auswärtige Angelegenheiten in Beihilfe-, Reisekosten- und Umzugskostenangelegenheiten übertragen, soweit das Bundesverwaltungsamt für den Erlass des Widerspruchsbescheids zuständig war. Die Bundesministerin oder der Bundesminister des Auswärtigen behält sich vor, im Einzelfall die Vertretung abweichend zu regeln oder selbst wahrzunehmen.</P></Content></text></textdaten></norm>
<norm builddate="20221028213007" doknr="BJNR183200022BJNE000400000"><metadaten><jurabk>BfAAWidVertrAnO</jurabk><enbez>§ 3</enbez><titel format="XML">Beihilfefestsetzung</titel></metadaten><textdaten><text format="XML"><Content><P>Dem Bundesverwaltungsamt wird die Zuständigkeit für die Beihilfefestsetzung für Beihilfeanträge der Beamtinnen und Beamten des Bundesamts für Auswärtige Angelegenheiten übertragen. Das Bundesverwaltungsamt entscheidet als Festsetzungsstelle. Die Festsetzungsstelle ist nicht zu Entscheidungen befugt, die nach den Vorschriften der obersten Dienstbehörde vorbehalten sind.</P></Content></text></textdaten></norm>
<norm builddate="20221028213007" doknr="BJNR183200022BJNE000500000"><metadaten><jurabk>BfAAWidVertrAnO</jurabk><enbez>§ 4</enbez><titel format="XML">Inkrafttreten</titel></metadaten><textdaten><text format="XML"><Content><P>Diese Anordnung tritt mit Wirkung vom 1. Januar 2021 in Kraft.</P></Content></text></textdaten></norm>
</dokumente>