<?xml version="1.0" encoding="UTF-8" ?><!DOCTYPE dokumente SYSTEM "http://www.gesetze-im-internet.de/dtd/1.01/gii-norm.dtd">
<dokumente builddate="20130405131042" doknr="BJNR108640986"><norm builddate="20130405131042" doknr="BJNR108640986"><metadaten><jurabk>BKOrgErl 1986</jurabk><ausfertigung-datum manuell="ja">1986-06-05</ausfertigung-datum><fundstelle typ="amtlich"><periodikum>BGBl I</periodikum><zitstelle>1986, 864</zitstelle></fundstelle><langue>Organisationserlaß des Bundeskanzlers</langue></metadaten><textdaten><text format="XML"><Content><P/></Content></text><fussnoten><Content><P>Bek. v. 5.6.1986 I 864</P></Content></fussnoten></textdaten></norm>
<norm builddate="20130405131042" doknr="BJNR108640986BJNE000100333"><metadaten><jurabk>BKOrgErl 1986</jurabk><enbez>I.</enbez></metadaten><textdaten><text format="XML"><Content><P><DL Font="normal" Type="arabic"><DT/><DD Font="normal"><LA Size="normal">Es wird ein Bundesministerium für Umwelt, Naturschutz und Reaktorsicherheit gebildet.</LA></DD> </DL></P></Content></text></textdaten></norm>
<norm builddate="20130405131042" doknr="BJNR108640986BJNE000200333"><metadaten><jurabk>BKOrgErl 1986</jurabk><enbez>II.</enbez></metadaten><textdaten><text format="XML"><Content><P><DL Font="normal" Type="arabic"><DT/><DD Font="normal"><LA Size="normal">Dem Bundesminister für Umwelt, Naturschutz und Reaktorsicherheit werden übertragen:<DL Font="normal" Type="arabic"><DT>1.</DT><DD Font="normal"><LA Size="normal">aus dem Geschäftsbereich des Bundesministers des Innern die Zuständigkeiten für<DL Font="normal" Type="arabic"><DT>a)</DT><DD Font="normal"><LA Size="normal">Umweltschutz,</LA></DD> <DT>b)</DT><DD Font="normal"><LA Size="normal">Sicherheit kerntechnischer Anlagen, Strahlenschutz,</LA></DD> </DL></LA></DD> <DT>2.</DT><DD Font="normal"><LA Size="normal">aus dem Geschäftsbereich des Bundesministers für Ernährung, Landwirtschaft und Forsten die Zuständigkeit für Umwelt, Naturschutz,</LA></DD> <DT>3.</DT><DD Font="normal"><LA Size="normal">aus dem Geschäftsbereich des Bundesministers für Jugend, Familie und Gesundheit die Zuständigkeiten für gesundheitliche Belange des Umweltschutzes, Strahlenhygiene, Rückstände von Schadstoffen in Lebensmitteln, Chemikalien.</LA></DD> </DL></LA></DD> </DL></P></Content></text></textdaten></norm>
<norm builddate="20130405131042" doknr="BJNR108640986BJNE000300333"><metadaten><jurabk>BKOrgErl 1986</jurabk><enbez>III.</enbez></metadaten><textdaten><text format="XML"><Content><P><DL Font="normal" Type="arabic"><DT/><DD Font="normal"><LA Size="normal">Das Bundesministerium für Jugend, Familie und Gesundheit wird zum Bundesministerium für Jugend, Familie, Frauen und Gesundheit umgebildet. Es erhält die Federführung für Frauenfragen einschließlich Gesetzgebungskompetenz. In einem ersten Schritt wird dazu aus dem Geschäftsbereich des Bundesministers für Arbeit und Sozialordnung die Zuständigkeit für Frau und Beruf auf den Bundesminister für Jugend, Familie, Frauen und Gesundheit übertragen.</LA></DD> </DL></P></Content></text></textdaten></norm>
<norm builddate="20130405131042" doknr="BJNR108640986BJNE000400333"><metadaten><jurabk>BKOrgErl 1986</jurabk><enbez>(XXXX)</enbez></metadaten><textdaten><text format="XML"><Content><P>Die Einzelheiten des Übergangs werden zwischen den beteiligten Bundesministern geregelt und dem Chef des Bundeskanzleramtes mitgeteilt.</P></Content></text></textdaten></norm>
</dokumente>