<?xml version="1.0" encoding="UTF-8" ?><!DOCTYPE dokumente SYSTEM "http://www.gesetze-im-internet.de/dtd/1.01/gii-norm.dtd">
<dokumente builddate="20260115215521" doknr="BJNR0070C0026"><norm builddate="20260115215521" doknr="BJNR0070C0026"><metadaten><jurabk>BwSchutzG</jurabk><amtabk>BwSchutzG</amtabk><ausfertigung-datum manuell="ja">2026-01-09</ausfertigung-datum><fundstelle typ="amtlich"><periodikum>BGBl. I</periodikum><zitstelle>2026, Nr. 7, 28</zitstelle></fundstelle><kurzue>Bundeswehr-Schutz-Gesetz</kurzue><langue>Gesetz zur Stärkung des personellen Schutzes in der Bundeswehr</langue></metadaten><textdaten><fussnoten><Content><P><BR/> <pre xml:space="preserve">(+++ Nachgewiesener Text noch nicht dokumentarisch bearbeitet +++)<BR/><BR/></pre>Das G wurde als Artikel 2 des G v. 9.1.2026 I Nr. 7 vom Bundestag beschlossen.  Es tritt gem. Art. 17 Abs. 1 dieses G am 16.1.2026 in Kraft. Abweichend hiervon tritt Abschn. 1 Unterabschn. 1 Titel 1 gem. Art. 17 Abs. 2 am 1.7.2026 in Kraft.</P></Content></fussnoten></textdaten></norm>
<norm builddate="20260115215521" doknr="BJNR0070C0026BJNG000100000"><metadaten><jurabk>BwSchutzG</jurabk><gliederungseinheit><gliederungskennzahl>010</gliederungskennzahl><gliederungsbez>Abschnitt 1</gliederungsbez><gliederungstitel>(zukünftig in Kraft)</gliederungstitel></gliederungseinheit></metadaten><textdaten><fussnoten><Content><P>(+++ Abschnitt 1 (vor § 1): Tritt gem. Art. 17 Abs. 2 G v. 09.01.2026 I Nr. 7 am 01.07.2026 in Kraft +++)</P></Content></fussnoten></textdaten></norm>
<norm builddate="20260115215521" doknr="BJNR0070C0026BJNG000200000"><metadaten><jurabk>BwSchutzG</jurabk><gliederungseinheit><gliederungskennzahl>010010</gliederungskennzahl><gliederungsbez>Unterabschnitt 1</gliederungsbez><gliederungstitel>(zukünftig in Kraft)</gliederungstitel></gliederungseinheit></metadaten><textdaten><fussnoten><Content><P>(+++ Unterabschnitt 1 (vor § 1): Tritt gem. Art. 17 Abs. 2 G v. 09.01.2026 I Nr. 7 am 01.07.2026 in Kraft +++)</P></Content></fussnoten></textdaten></norm>
<norm builddate="20260115215521" doknr="BJNR0070C0026BJNG000300000"><metadaten><jurabk>BwSchutzG</jurabk><gliederungseinheit><gliederungskennzahl>010010010</gliederungskennzahl><gliederungsbez>Titel 1</gliederungsbez><gliederungstitel>(zukünftig in Kraft)</gliederungstitel></gliederungseinheit></metadaten><textdaten><fussnoten><Content><P>(+++ Titel 1 (vor § 1): Tritt gem. Art. 17 Abs. 2 G v. 09.01.2026 I Nr. 7 am 01.07.2026 in Kraft +++)</P></Content></fussnoten></textdaten></norm>
<norm builddate="20260115215521" doknr="BJNR0070C0026BJNE000100000"><metadaten><jurabk>BwSchutzG</jurabk><enbez>§ 1</enbez><titel format="XML">Personenkreis</titel></metadaten><textdaten><text format="XML"><Content><P>(1) Für Personen, die aufgrund freiwilliger Verpflichtung erstmalig in ein Wehrdienstverhältnis berufen werden sollen, ist vor dem Beginn des Wehrdienstverhältnisses eine unterstützte Verfassungstreueprüfung durchzuführen.</P><P>(2) Für Personen, die erneut in ein Wehrdienstverhältnis berufen werden sollen, ist eine unterstützte Verfassungstreueprüfung durchzuführen, sofern zwischen dem letzten aktiven Wehrdienstverhältnis und dem vorgesehenen erneuten Dienstantritt mehr als fünf Jahre liegen.</P><P>(3) Die unterstützte Verfassungstreueprüfung kann unterbleiben, wenn <DL Type="arabic"><DT>1.</DT><DD Font="normal"><LA>hierfür ein dienstliches Bedürfnis besteht oder</LA></DD><DT>2.</DT><DD Font="normal"><LA>für die Person nach den Absätzen 1 oder 2 (betroffene Person) bereits vor weniger als fünf Jahren vor dem vorgesehenen Dienstantritt eine Sicherheitsüberprüfung abgeschlossen wurde, ohne dass ein Sicherheitsrisiko festgestellt worden ist.</LA></DD></DL></P></Content></text></textdaten></norm>
<norm builddate="20260115215521" doknr="BJNR0070C0026BJNE000200000"><metadaten><jurabk>BwSchutzG</jurabk><enbez>§ 2</enbez><titel format="XML">Inhalt der unterstützten Verfassungstreueprüfung</titel></metadaten><textdaten><text format="XML"><Content><P>Im Rahmen der unterstützten Verfassungstreueprüfung werden Informationen zur Bewertung herangezogen, ob die betroffene Person Gewähr dafür bietet, jederzeit für die freiheitliche demokratische Grundordnung im Sinne des Grundgesetzes einzutreten.</P></Content></text></textdaten></norm>
<norm builddate="20260115215521" doknr="BJNR0070C0026BJNE000300000"><metadaten><jurabk>BwSchutzG</jurabk><enbez>§ 3</enbez><titel format="XML">Zuständigkeiten</titel></metadaten><textdaten><text format="XML"><Content><P>(1) Zuständig für Sammlung und Auswertung der Informationen ist der Militärische Abschirmdienst.</P><P>(2) Zuständig für die Bewertung nach § 2 ist die für die Ernennung oder Heranziehung zuständige Stelle.</P></Content></text></textdaten></norm>
<norm builddate="20260115215521" doknr="BJNR0070C0026BJNE000400000"><metadaten><jurabk>BwSchutzG</jurabk><enbez>§ 4</enbez><titel format="XML">Durchführung</titel></metadaten><textdaten><text format="XML"><Content><P>(1) Die betroffene Person hat <DL Type="arabic"><DT>1.</DT><DD Font="normal"><LA>ihre Beziehungen zu verfassungsfeindlichen Organisationen zu erklären,</LA></DD><DT>2.</DT><DD Font="normal"><LA>die Adressen sämtlicher eigener Internetseiten sowie die Mitgliedschaften in sozialen Netzwerken im Internet einschließlich der verwendeten Benutzernamen mitzuteilen sowie</LA></DD><DT>3.</DT><DD Font="normal"><LA>eine Ablichtung eines amtlichen Identitätsdokuments zu überlassen.</LA></DD></DL></P><P>(2) Die für die Ernennung oder Heranziehung zuständige Stelle übermittelt dem Militärischen Abschirmdienst die folgenden Angaben und Dokumente zu der betroffenen Person: <DL Type="arabic"><DT>1.</DT><DD Font="normal"><LA>den oder die Namen, auch frühere,</LA></DD><DT>2.</DT><DD Font="normal"><LA>den oder die Vornamen, auch frühere,</LA></DD><DT>3.</DT><DD Font="normal"><LA>den oder die Geburtsnamen,</LA></DD><DT>4.</DT><DD Font="normal"><LA>das Geburtsdatum,</LA></DD><DT>5.</DT><DD Font="normal"><LA>den Geburtsort,</LA></DD><DT>6.</DT><DD Font="normal"><LA>den Geschlechtseintrag,</LA></DD><DT>7.</DT><DD Font="normal"><LA>die Staatsangehörigkeiten, auch frühere,</LA></DD><DT>8.</DT><DD Font="normal"><LA>den Wohnsitz,</LA></DD><DT>9.</DT><DD Font="normal"><LA>die Adressen eigener Internetseiten und die Mitgliedschaften in sozialen Netzwerken im Internet, einschließlich der verwendeten Benutzernamen,</LA></DD><DT>10.</DT><DD Font="normal"><LA>eine Ablichtung eines amtlichen Identitätsdokuments.</LA></DD></DL></P><P>(3) Der Militärische Abschirmdienst darf zur Unterstützung der für die Ernennung und Heranziehung zuständigen Stelle: <DL Type="arabic"><DT>1.</DT><DD Font="normal"><LA>Auskünfte bei den Verfassungsschutzbehörden des Bundes und der Länder und dem Bundesnachrichtendienst einholen,</LA></DD><DT>2.</DT><DD Font="normal"><LA>eine unbeschränkte Auskunft aus dem Bundeszentralregister einholen sowie</LA></DD><DT>3.</DT><DD Font="normal"><LA>personenbezogene Daten aus öffentlich zugänglichen Quellen systematisch erheben oder zusammenführen und dazu auch auf allen öffentlich zugänglichen Internetplattformen und in allen öffentlich zugänglichen sozialen Netzwerken in erforderlichem Maße recherchieren.</LA></DD></DL>Das nach Absatz 1 Nummer 3 durch die Ablichtung eines amtlichen Identitätsdokumentes überlassene Lichtbild darf bei der Auskunft nach Satz 1 Nummer 1 und der systematischen Erhebung oder Zusammenführung nach Satz 1 Nummer 3 für einen automatisierten Abgleich mit Datenbanken genutzt werden.</P><P>(4) Der Militärische Abschirmdienst wertet die nach Absatz 3 erlangten Informationen aus und übermittelt der für die Ernennung oder Heranziehung zuständigen Stelle zur Bewertung nach § 2 ausgewertete entscheidungserhebliche Erkenntnisse.</P><P>(5) Der Militärische Abschirmdienst darf die ihm nach Absatz 2 übermittelten Angaben und Dokumente nur für die Sammlung und Auswertung von Informationen nach § 2 verarbeiten. Die für die Ernennung oder Heranziehung zuständige Stelle darf die vom Militärischen Abschirmdienst übermittelten ausgewerteten entscheidungserheblichen Informationen und Erkenntnisse nur für das Verfahren zur Begründung eines Wehrdienstverhältnisses oder zur Heranziehung verarbeiten. Alle übermittelten Informationen und Erkenntnisse sind nach Begründung des Wehrdienstverhältnisses oder nach Heranziehung oder nach unanfechtbarer Ablehnung der Begründung des Wehrdienstverhältnisses oder der Heranziehung unverzüglich zu löschen.</P><P>(6) Die für die Ernennung oder Heranziehung zuständige Stelle unterrichtet die betroffene Person vor Durchführung der unterstützten Verfassungstreueprüfung über die beabsichtigte Datenverarbeitung nach Absatz 5 sowie über den Umfang und die Dauer der anschließenden Datenverarbeitung.</P></Content></text></textdaten></norm>
<norm builddate="20260115215521" doknr="BJNR0070C0026BJNG000400000"><metadaten><jurabk>BwSchutzG</jurabk><gliederungseinheit><gliederungskennzahl>010010020</gliederungskennzahl><gliederungsbez>Titel 2</gliederungsbez><gliederungstitel>Intensivierte erweiterte Sicherheitsüberprüfung mit Sicherheitsermittlungen</gliederungstitel></gliederungseinheit></metadaten><textdaten/></norm>
<norm builddate="20260115215521" doknr="BJNR0070C0026BJNE000500000"><metadaten><jurabk>BwSchutzG</jurabk><enbez>(XXXX) §§ 5 und 6</enbez><titel format="XML">(zukünftig in Kraft)</titel></metadaten><textdaten><text format="XML"><Content/></text><fussnoten><Content><P>(+++ §§ 5 und 6: Treten gem. Art. 17 Abs. 2 G v. 09.01.2026 I Nr. 7 am 01.07.2026 in Kraft +++)</P></Content></fussnoten></textdaten></norm>
<norm builddate="20260115215521" doknr="BJNR0070C0026BJNG000500000"><metadaten><jurabk>BwSchutzG</jurabk><gliederungseinheit><gliederungskennzahl>010020</gliederungskennzahl><gliederungsbez>Unterabschnitt 2</gliederungsbez><gliederungstitel>Reisebeschränkungen</gliederungstitel></gliederungseinheit></metadaten><textdaten/></norm>
<norm builddate="20260115215521" doknr="BJNR0070C0026BJNE000700000"><metadaten><jurabk>BwSchutzG</jurabk><enbez>§ 7</enbez><titel format="XML">(zukünftig in Kraft)</titel></metadaten><textdaten><text format="XML"><Content/></text><fussnoten><Content><P>(+++ § 7: Tritt gem. Art. 17 Abs. 2 G v. 09.01.2026 I Nr. 7 am 01.07.2026 in Kraft +++)</P></Content></fussnoten></textdaten></norm>
<norm builddate="20260115215521" doknr="BJNR0070C0026BJNE000800000"><metadaten><jurabk>BwSchutzG</jurabk><enbez>§ 8</enbez><titel format="XML">Reiseanzeigen, Zustimmungsvorbehalt, Reiseverbot</titel></metadaten><textdaten><text format="XML"><Content><P>(1) Beschäftigte des Bundesministeriums der Verteidigung können verpflichtet werden, Privatreisen in und durch Regionen oder Staaten, für die eine Gefährdungslage besteht, rechtzeitig vorher anzuzeigen.</P><P>(2) Privatreisen in und durch Regionen oder Staaten, für die eine erhebliche Gefährdungslage besteht, können unter einen Zustimmungsvorbehalt gestellt werden.</P><P>(3) Privatreisen in und durch Regionen oder Staaten, für die eine besonders erhebliche Gefährdungslage besteht, können verboten werden.</P></Content></text></textdaten></norm>
<norm builddate="20260115215521" doknr="BJNR0070C0026BJNE000900000"><metadaten><jurabk>BwSchutzG</jurabk><enbez>§ 9</enbez><titel format="XML">Anzeige eines Vorkommnisses</titel></metadaten><textdaten><text format="XML"><Content><P>Ergeben sich für Personen nach § 7 im Zusammenhang mit einer Reise in oder durch Regionen oder Staaten, für die mindestens eine Gefährdungslage nach § 8 Absatz 1 besteht, Anhaltspunkte, die auf einen Anbahnungs- oder Werbungsversuch ausländischer Nachrichtendienste hindeuten können, so hat die Person dies unverzüglich, spätestens nach ihrer Rückkehr, anzuzeigen.</P></Content></text></textdaten></norm>
<norm builddate="20260115215521" doknr="BJNR0070C0026BJNE001000000"><metadaten><jurabk>BwSchutzG</jurabk><enbez>§ 10</enbez><titel format="XML">Verordnungsermächtigung</titel></metadaten><textdaten><text format="XML"><Content><P>Das Bundesministerium der Verteidigung wird ermächtigt, im Einvernehmen mit dem Bundeskanzleramt durch Rechtsverordnung ohne Zustimmung des Bundesrates das Nähere zu Reisebeschränkungen nach § 8 zu bestimmen. In der Rechtsverordnung nach Satz 1 ist insbesondere festzulegen <DL Type="arabic"><DT>1.</DT><DD Font="normal"><LA>für welche Regionen oder Staaten Gefährdungslagen, erhebliche Gefährdungslagen und besonders erhebliche Gefährdungslagen bestehen,</LA></DD><DT>2.</DT><DD Font="normal"><LA>für welche Regionen oder Staaten eine Anzeigepflicht, ein grundsätzlicher Zustimmungsvorbehalt oder ein grundsätzliches Reiseverbot besteht,</LA></DD><DT>3.</DT><DD Font="normal"><LA>welcher Stelle die Reise nach § 8 Absatz 1 anzuzeigen ist,</LA></DD><DT>4.</DT><DD Font="normal"><LA>welche Stelle für die Zustimmung nach § 8 Absatz 2 zuständig ist,</LA></DD><DT>5.</DT><DD Font="normal"><LA>unter welchen Voraussetzungen aufgrund einer besonderen Härte im Einzelfall eine Ausnahme des Reiseverbots nach § 8 Absatz 3 zuzulassen ist und welche Stelle für die Entscheidung über das Vorliegen eines Härtefalls zuständig ist,</LA></DD><DT>6.</DT><DD Font="normal"><LA>ob und welche Einschränkungen des betroffenen Personenkreises vorzunehmen sind und</LA></DD><DT>7.</DT><DD Font="normal"><LA>welcher Stelle ein Vorkommnis nach § 9 anzugeigen ist.</LA></DD></DL></P></Content></text></textdaten></norm>
<norm builddate="20260115215521" doknr="BJNR0070C0026BJNG000600000"><metadaten><jurabk>BwSchutzG</jurabk><gliederungseinheit><gliederungskennzahl>020</gliederungskennzahl><gliederungsbez>Abschnitt 2</gliederungsbez><gliederungstitel>Schlussbestimmungen</gliederungstitel></gliederungseinheit></metadaten><textdaten/></norm>
<norm builddate="20260115215521" doknr="BJNR0070C0026BJNE001100000"><metadaten><jurabk>BwSchutzG</jurabk><enbez>§ 11</enbez><titel format="XML">Übergangsvorschriften</titel></metadaten><textdaten><text format="XML"><Content><P>Vor dem 1. Juli 2026 nach § 37 Absatz 3 des Soldatengesetzes in der bis zum 30. Juni 2026 geltenden Fassung eingeleitete einfache Sicherheitsüberprüfungen nach dem Sicherheitsüberprüfungsgesetz sind noch nach dem bis zum 30. Juni 2026 geltenden Recht abzuschließen. § 1 Absatz 1 ist in diesen Fällen nicht anzuwenden.</P></Content></text></textdaten></norm>
</dokumente>