<?xml version="1.0" encoding="UTF-8" ?><!DOCTYPE dokumente SYSTEM "http://www.gesetze-im-internet.de/dtd/1.01/gii-norm.dtd">
<dokumente builddate="20251127215003" doknr="BJNR005380942"><norm builddate="20251127215003" doknr="BJNR005380942"><metadaten><jurabk>LMvitV</jurabk><ausfertigung-datum manuell="ja">1942-09-01</ausfertigung-datum><fundstelle typ="amtlich"><periodikum>RGBl I</periodikum><zitstelle>1942, 538</zitstelle></fundstelle><langue>Verordnung über vitaminisierte Lebensmittel</langue><standangabe checked="ja"><standtyp>Stand</standtyp><standkommentar>Zuletzt geändert durch Art. 24 V v. 5.7.2017 I 2272</standkommentar></standangabe><standangabe checked="ja"><standtyp>Hinweis</standtyp><standkommentar>Änderung durch Art. 9 Abs. 5 V v. 24.11.2025 I Nr. 280 textlich nachgewiesen, dokumentarisch noch nicht abschließend bearbeitet</standkommentar></standangabe></metadaten><textdaten><fussnoten><Content><P><BR/> <pre xml:space="preserve">(+++ Textnachweis Geltung ab: 31.12.1981 +++)<BR/>(+++ Maßgaben aufgrund EinigVtr nicht mehr anzuwenden gem. Art. 109 Nr. 4 <BR/>     Buchst. d G v. 8.12.2010 I 1864 mWv 15.12.2010 +++)<BR/><BR/></pre></P></Content></fussnoten></textdaten></norm>
<norm builddate="20251127215003" doknr="BJNR005380942BJNE000100319"><metadaten><jurabk>LMvitV</jurabk><enbez>Eingangsformel</enbez></metadaten><textdaten><text format="XML"><Content><P>Auf Grund des § 5 Nr. 2, 4, 5 und des § 20 des Lebensmittelgesetzes in der Fassung vom 17. Januar 1936 (Reichsgesetzbl. I S. 17) wird verordnet:</P></Content></text></textdaten></norm>
<norm builddate="20251127215003" doknr="BJNR005380942BJNE000201306"><metadaten><jurabk>LMvitV</jurabk><enbez>§ 1</enbez></metadaten><textdaten><text format="XML"><Content><P>-</P></Content></text><fussnoten/></textdaten></norm>
<norm builddate="20251127215003" doknr="BJNR005380942BJNE000303116"><metadaten><jurabk>LMvitV</jurabk><enbez>§ 1a</enbez></metadaten><textdaten><text format="XML"><Content><P>(1) Die nachstehenden Lebensmittelzusatzstoffe werden zur Vitaminisierung von Lebensmitteln allgemein zugelassen: <BR/>Natrium-L-ascorbat (E 301), Kalium-L-ascorbat <BR/>und Calcium-L-ascorbat (E 302); <BR/>6-Palmitoyl-L-ascorbinsäure (E 304); <BR/>Thiamin-chlorid-hydrochlorid; <BR/>Thiamin-nitrat; <BR/>Riboflavin-5-phosphat-Natrium; <BR/>Pyridoxin-hydrochlorid; <BR/>Natrium- und Calcium-D-pantothenat; <BR/>alpha- und beta-Tocopherylacetat; <BR/>alpha- und beta-Tocopherylsuccinat; <BR/>Nicotinsäure; <BR/>Nicotinsäureamid.</P><P>(2) Die Vorschriften der Verordnung über Nahrungsergänzungsmittel bleiben unberührt.</P><P>(3) Unberührt bleiben Rechtsvorschriften, die den Zusatz von in Absatz 1 genannten Lebensmittelzusatzstoffen zu bestimmten Lebensmitteln verbieten oder einschränken.</P></Content></text><fussnoten/></textdaten></norm>
<norm builddate="20251127215003" doknr="BJNR005380942BJNE000405116"><metadaten><jurabk>LMvitV</jurabk><enbez>§ 1b</enbez></metadaten><textdaten><text format="XML"><Content><P>(1) Mit nachstehenden Beschränkungen werden zur Vitaminisierung zugelassen: <DL Font="normal" Type="arabic"><DT>1.</DT><DD Font="normal"><LA Size="normal">Vitamin A-acetat und Vitamin A-palmitat für<DL Font="normal" Type="arabic"><DT>a)</DT><DD Font="normal"><LA Size="normal">Margarine- und Mischfetterzeugnisse bis zu insgesamt 10 Milligramm auf ein Kilogramm,</LA><LA Size="normal">b) (weggefallen)</LA></DD><DT>c)</DT><DD Font="normal"><LA Size="normal">Lebensmittel, die zur Verwendung als Mahlzeit oder anstelle einer Mahlzeit bestimmt sind, bis zu insgesamt 0,9 Milligramm pro Mahlzeit,</LA></DD></DL></LA><LA Size="normal">berechnet als Retinol (Vitamin A-Alkohol);</LA></DD><DT>2.</DT><DD Font="normal"><LA Size="normal">Ergocalciferol, Cholecalciferol und Cholecalciferol-Cholesterin für<DL Font="normal" Type="arabic"><DT>a)</DT><DD Font="normal"><LA Size="normal">Margarine- und Mischfetterzeugnisse bis zu insgesamt 25 Mikrogramm auf ein Kilogramm,</LA><LA Size="normal">b) (weggefallen)</LA></DD><DT>c)</DT><DD Font="normal"><LA Size="normal">Lebensmittel, die zur Verwendung als Mahlzeit oder anstelle einer Mahlzeit bestimmt sind, bis zu insgesamt 1,6 Mikrogramm pro Mahlzeit,</LA></DD></DL></LA><LA Size="normal">berechnet als Calciferol.</LA></DD></DL></P><P>(2) Die Vorschriften der Verordnung über Nahrungsergänzungsmittel bleiben unberührt.</P></Content></text><fussnoten/></textdaten></norm>
<norm builddate="20251127215003" doknr="BJNR005380942BJNE000504116"><metadaten><jurabk>LMvitV</jurabk><enbez>§ 2</enbez></metadaten><textdaten><text format="XML"><Content><P>Vitaminisierte Lebensmittel dürfen mit einem Hinweis auf ihren Vitamingehalt nur in Verpackungen in den Verkehr gebracht werden.</P></Content></text><fussnoten/></textdaten></norm>
<norm builddate="20251127215003" doknr="BJNR005380942BJNE000605116"><metadaten><jurabk>LMvitV</jurabk><enbez>§ 2a</enbez></metadaten><textdaten><text format="XML"><Content><P>(1) (weggefallen)</P><P>(2) Nach § 59 Absatz 1 Nummer 21 Buchstabe a des Lebensmittel- und Futtermittelgesetzbuches wird bestraft, wer bei dem Herstellen von vitaminisierten Lebensmitteln, die dazu bestimmt sind, in den Verkehr gebracht zu werden, Lebensmittelzusatzstoffe über die in § 1b Abs. 1 festgesetzten Höchstmengen hinaus verwendet.</P><P>(3) (weggefallen)</P><P>(4) Wer eine in Absatz 2 bezeichnete Handlung fahrlässig begeht, handelt nach § 60 Absatz 1 Nummer 2 des Lebensmittel- und Futtermittelgesetzbuches ordnungswidrig.</P><P>(5) Ordnungswidrig im Sinne des § 60 Absatz 2 Nummer 26 Buchstabe b des Lebensmittel- und Futtermittelgesetzbuches handelt, wer vorsätzlich oder fahrlässig entgegen § 2 ein vitaminisiertes Lebensmittel in den Verkehr bringt.</P></Content></text><fussnoten/></textdaten></norm>
<norm builddate="20251127215003" doknr="BJNR005380942BJNE000701320"><metadaten><jurabk>LMvitV</jurabk><enbez>§ 3</enbez></metadaten><textdaten><text format="XML"><Content><P>(1) Diese Verordnung tritt am 1. Oktober 1942 in Kraft.</P><P>(2) Lebensmittel, die den Vorschriften dieser Verordnung in der vom 30. Oktober 1999 an geltenden Fassung nicht entsprechen, dürfen noch bis zum 31. Dezember 2000 nach den bis zum 29. Oktober 1999 geltenden Vorschriften gekennzeichnet und auch nach dem 31. Dezember 2000 noch bis zum Aufbrauchen der Bestände in den Verkehr gebracht werden.</P></Content> </text><fussnoten/></textdaten></norm>
<norm builddate="20251127215003" doknr="BJNR005380942BJNE000702130"><metadaten><jurabk>LMvitV</jurabk><enbez>§ 4</enbez><titel format="XML">Außerkrafttreten</titel></metadaten><textdaten><text format="XML"><Content><P>Diese Verordnung tritt am 14. Juli 2026 außer Kraft.</P></Content></text></textdaten></norm>
<norm builddate="20251127215003" doknr="BJNR005380942BJNE000801130"><metadaten><jurabk>LMvitV</jurabk><enbez>Schlußformel</enbez></metadaten><textdaten><text format="XML"><Content><P><SP>Der Reichsminister des Innern</SP><BR/><SP>Der Reichsminister für Ernährung und Landwirtschaft</SP></P></Content></text></textdaten></norm>
</dokumente>