<?xml version="1.0" encoding="UTF-8" ?><!DOCTYPE dokumente SYSTEM "http://www.gesetze-im-internet.de/dtd/1.01/gii-norm.dtd">
<dokumente builddate="20250127224021" doknr="BJNR184110996"><norm builddate="20250127224021" doknr="BJNR184110996"><metadaten><jurabk>PSA-BV</jurabk><amtabk>PSA-BV</amtabk><ausfertigung-datum manuell="ja">1996-12-04</ausfertigung-datum><fundstelle typ="amtlich"><periodikum>BGBl I</periodikum><zitstelle>1996, 1841</zitstelle></fundstelle><kurzue>PSA-Benutzungsverordnung</kurzue><langue>Verordnung über Sicherheit und Gesundheitsschutz bei der Benutzung persönlicher Schutzausrüstungen bei der Arbeit</langue><standangabe checked="ja"><standtyp>Stand</standtyp><standkommentar>Geändert durch Art. 2 V v. 2.12.2024 I Nr. 384</standkommentar></standangabe></metadaten><textdaten><text format="XML"><Content><P/></Content></text><fussnoten><Content><P><BR/> <pre xml:space="preserve">(+++ Textnachweis ab: 20.12.1996 +++)<BR/>(+++ Amtlicher Hinweis des Normgebers auf EG-Recht:<BR/>     Umsetzung der<BR/>       EWGRL 656/89 (CELEX Nr: 389L0656) +++<BR/><BR/></pre>Die V wurde als Artikel 1 der V v. 4.12.1996 I 1841 (ArbSchEGRLUmsV) von der Bundesregierung mit Zustimmung des Bundesrates erlassen. Sie ist gem. Art. 5 dieser V mWv 20.12.1996 in Kraft getreten. <BR/>Diese Verordnung dient in Verbindung mit dem Arbeitsschutzgesetz der Umsetzung folgender Richtlinie: <BR/>Richtlinie 89/656/EWG des Rates vom 30. November 1989 über Mindestvorschriften für Sicherheit und Gesundheitsschutz bei Benutzung persönlicher Schutzausrüstungen durch Arbeitnehmer bei der Arbeit (ABl. EG Nr. L 393 S. 18).</P></Content></fussnoten></textdaten></norm>
<norm builddate="20250127224021" doknr="BJNR184110996BJNE000300000"><metadaten><jurabk>PSA-BV</jurabk><enbez>§ 1</enbez><titel format="parat">Anwendungsbereich</titel></metadaten><textdaten><text format="XML"><Content><P>(1) Diese Verordnung gilt für die Bereitstellung persönlicher Schutzausrüstungen durch Arbeitgeber sowie für die Benutzung persönlicher Schutzausrüstungen durch Beschäftigte bei der Arbeit.</P><P>(2) Persönliche Schutzausrüstung im Sinne dieser Verordnung ist jede Ausrüstung, die dazu bestimmt ist, von den Beschäftigten benutzt oder getragen zu werden, um sich gegen eine Gefährdung für ihre Sicherheit und Gesundheit zu schützen, sowie jede mit demselben Ziel verwendete und mit der persönlichen Schutzausrüstung verbundene Zusatzausrüstung.</P><P>(3) Als persönliche Schutzausrüstungen im Sinne des Absatzes 2 gelten nicht: <DL Font="normal" Type="arabic"><DT>1.</DT><DD Font="normal"><LA Size="normal">Arbeitskleidung und Uniformen, die nicht speziell der Sicherheit und dem Gesundheitsschutz der Beschäftigten dienen,</LA></DD> <DT>2.</DT><DD Font="normal"><LA Size="normal">Ausrüstungen für Not- und Rettungsdienste,</LA></DD> <DT>3.</DT><DD Font="normal"><LA Size="normal">persönliche Schutzausrüstungen für die Bundeswehr, den Zivil- und Katastrophenschutz, die Polizeien des Bundes und der Länder sowie sonstige Einrichtungen, die der öffentlichen Sicherheit oder der öffentlichen Ordnung dienen,</LA></DD> <DT>4.</DT><DD Font="normal"><LA Size="normal">persönliche Schutzausrüstungen für den Straßenverkehr, soweit sie verkehrsrechtlichen Vorschriften unterliegen,</LA></DD> <DT>5.</DT><DD Font="normal"><LA Size="normal">Sportausrüstungen,</LA></DD> <DT>6.</DT><DD Font="normal"><LA Size="normal">Selbstverteidigungs- und Abschreckungsmittel,</LA></DD> <DT>7.</DT><DD Font="normal"><LA Size="normal">tragbare Geräte zur Feststellung und Signalisierung von Gefahren und Gefahrstoffen.</LA></DD> </DL> </P><P>(4) Die Verordnung gilt nicht in Betrieben, die dem Bundesberggesetz unterliegen.</P></Content>  </text></textdaten></norm>
<norm builddate="20250127224021" doknr="BJNR184110996BJNE000401126"><metadaten><jurabk>PSA-BV</jurabk><enbez>§ 2</enbez><titel format="XML">Bereitstellung und Benutzung</titel></metadaten><textdaten><text format="XML"><Content><P>(1) Unbeschadet seiner Pflichten nach den §§ 3, 4 und 5 des Arbeitsschutzgesetzes darf der Arbeitgeber nur persönliche Schutzausrüstungen auswählen und den Beschäftigten bereitstellen, die <DL Font="normal" Type="arabic"><DT>1.</DT><DD Font="normal"><LA Size="normal">den Anforderungen der Verordnung (EU) 2016/425 des Europäischen Parlaments und des Rates vom 9. März 2016 über persönliche Schutzausrüstungen und zur Aufhebung der Richtlinie 89/686/EWG des Rates (ABl. L 81 vom 31.3.2016, S. 51) in der jeweils geltenden Fassung entsprechen,</LA></DD><DT>2.</DT><DD Font="normal"><LA Size="normal">Schutz gegenüber der zu verhütenden Gefährdung bieten, ohne selbst eine größere Gefährdung mit sich zu bringen,</LA></DD><DT>3.</DT><DD Font="normal"><LA Size="normal">für die am Arbeitsplatz gegebenen Bedingungen geeignet sind und</LA></DD><DT>4.</DT><DD Font="normal"><LA Size="normal">den ergonomischen Anforderungen und den gesundheitlichen Erfordernissen der Beschäftigten entsprechen.</LA></DD></DL></P><P>(2) Persönliche Schutzausrüstungen müssen den Beschäftigten individuell passen. Sie sind grundsätzlich für den Gebrauch durch eine Person bestimmt. Erfordern die Umstände eine Benutzung durch verschiedene Beschäftigte, hat der Arbeitgeber dafür zu sorgen, daß Gesundheitsgefahren oder hygienische Probleme nicht auftreten.</P><P>(3) Werden mehrere persönliche Schutzausrüstungen gleichzeitig von einer oder einem Beschäftigten benutzt, muß der Arbeitgeber diese Schutzausrüstungen so aufeinander abstimmen, daß die Schutzwirkung der einzelnen Ausrüstungen nicht beeinträchtigt wird.</P><P>(4) Durch Wartungs-, Reparatur- und Ersatzmaßnahmen sowie durch ordnungsgemäße Lagerung trägt der Arbeitgeber dafür Sorge, daß die persönlichen Schutzausrüstungen während der gesamten Benutzungsdauer gut funktionieren und sich in einem hygienisch einwandfreien Zustand befinden.</P></Content></text><fussnoten/></textdaten></norm>
<norm builddate="20250127224021" doknr="BJNR184110996BJNE000500000"><metadaten><jurabk>PSA-BV</jurabk><enbez>§ 3</enbez><titel format="parat">Unterweisung</titel></metadaten><textdaten><text format="XML"><Content><P>(1) Bei der Unterweisung nach § 12 des Arbeitsschutzgesetzes hat der Arbeitgeber die Beschäftigten darin zu unterweisen, wie die persönlichen Schutzausrüstungen sicherheitsgerecht benutzt werden. Soweit erforderlich, führt er eine Schulung in der Benutzung durch.</P><P>(2) Für jede bereitgestellte persönliche Schutzausrüstung hat der Arbeitgeber erforderliche Informationen für die Benutzung in für die Beschäftigten verständlicher Form und Sprache bereitzuhalten.</P></Content> </text></textdaten></norm>
</dokumente>