<?xml version="1.0" encoding="UTF-8" ?><!DOCTYPE dokumente SYSTEM "http://www.gesetze-im-internet.de/dtd/1.01/gii-norm.dtd">
<dokumente builddate="20120625152013" doknr="BJNR031149977"><norm builddate="20120625152013" doknr="BJNR031149977"><metadaten><jurabk>SGÄndG 12</jurabk><ausfertigung-datum manuell="ja">1977-12-23</ausfertigung-datum><fundstelle typ="amtlich"><periodikum>BGBl I</periodikum><zitstelle>1977, 3114</zitstelle></fundstelle><langue>Zwölftes Gesetz zur Änderung des Soldatengesetzes</langue></metadaten><textdaten><text format="XML"><Content><P/></Content></text><fussnoten><Content><P>(+++ Textnachweis ab:  1. 1.1978 +++)</P></Content></fussnoten></textdaten></norm>
<norm builddate="20120625152013" doknr="BJNR031149977BJNG000100315"><metadaten><jurabk>SGÄndG 12</jurabk><gliederungseinheit><gliederungskennzahl>010</gliederungskennzahl><gliederungsbez>Art 1 und 2</gliederungsbez><gliederungstitel/></gliederungseinheit></metadaten><textdaten><text format="XML"><Content><P/></Content></text><fussnoten/></textdaten></norm>
<norm builddate="20120625152013" doknr="BJNR031149977BJNG000200315"><metadaten><jurabk>SGÄndG 12</jurabk><gliederungseinheit><gliederungskennzahl>030</gliederungskennzahl><gliederungsbez>Art 3</gliederungsbez><gliederungstitel>Schlußvorschriften</gliederungstitel></gliederungseinheit></metadaten><textdaten><text format="XML"><Content><P/></Content></text></textdaten></norm>
<norm builddate="20120625152013" doknr="BJNR031149977BJNE000300315"><metadaten><jurabk>SGÄndG 12</jurabk><gliederungseinheit><gliederungskennzahl>030</gliederungskennzahl><gliederungsbez>Art 3</gliederungsbez></gliederungseinheit><enbez>§ 1</enbez></metadaten><textdaten><text format="XML"><Content><P>Auf Soldaten, die vor Inkrafttreten dieses Gesetzes zum Berufssoldaten ernannt worden sind und die ein Studium oder eine Fachausbildung bis zum 31. März 1978 abgeschlossen haben werden, sind die bisherigen Vorschriften anzuwenden.</P></Content></text></textdaten></norm>
<norm builddate="20120625152013" doknr="BJNR031149977BJNE000400315"><metadaten><jurabk>SGÄndG 12</jurabk><gliederungseinheit><gliederungskennzahl>030</gliederungskennzahl><gliederungsbez>Art 3</gliederungsbez></gliederungseinheit><enbez>§ 2</enbez></metadaten><textdaten><text format="XML"><Content><P>Dieses Gesetz tritt am ersten Tage des auf die Verkündung folgenden Kalendermonats in Kraft.</P></Content></text></textdaten></norm>
</dokumente>