<?xml version="1.0" encoding="UTF-8" ?><!DOCTYPE dokumente SYSTEM "http://www.gesetze-im-internet.de/dtd/1.01/gii-norm.dtd">
<dokumente builddate="20221006213003" doknr="BJNR007560957"><norm builddate="20221006213003" doknr="BJNR007560957"><metadaten><jurabk>ArbnErfG</jurabk><ausfertigung-datum manuell="ja">1957-07-25</ausfertigung-datum><fundstelle typ="amtlich"><periodikum>BGBl I</periodikum><zitstelle>1957, 756</zitstelle></fundstelle><langue>Gesetz über Arbeitnehmererfindungen</langue><standangabe checked="ja"><standtyp>Stand</standtyp><standkommentar>Zuletzt geändert durch Art. 25 G v. 7.7.2021 I 2363</standkommentar></standangabe></metadaten><textdaten><fussnoten><Content><P><BR/> <pre xml:space="preserve">(+++ Textnachweis Geltung ab: 1.10.1968 +++)<BR/>(+++ Zur Anwendung vgl. § 43 +++)</pre></P></Content></fussnoten></textdaten></norm>
<norm builddate="20221006213003" doknr="BJNR007560957BJNE001105140"><metadaten><jurabk>ArbnErfG</jurabk><enbez>Inhaltsübersicht</enbez></metadaten><textdaten><text format="XML"><Content><P><table frame="none" pgwide="1" tocentry="%yes;"><tgroup align="left" char="" charoff="50" cols="5" colsep="0" rowsep="0"><colspec colname="col1" colnum="1" colwidth="5*"/><colspec colname="col2" colnum="2" colwidth="5*"/><colspec colname="col3" colnum="3" colwidth="5.00*"/><colspec colname="col4" colnum="4" colwidth="50*"/><colspec colname="col5" colnum="5" colwidth="10*"/><tbody valign="top"><row><entry VJ="1" align="left" colsep="0" nameend="col4" namest="col1" valign="top">ERSTER ABSCHNITT</entry><entry VJ="1" align="left" colsep="0" valign="top"/></row><row><entry VJ="1" align="left" colsep="0" valign="top"> </entry><entry VJ="1" align="left" colsep="0" nameend="col4" namest="col2" valign="top">Anwendungsbereich und Begriffsbestimmungen</entry><entry VJ="1" align="left" colsep="0" valign="top"> </entry></row><row><entry VJ="1" align="left" colsep="0" valign="top"> </entry><entry VJ="1" align="left" colsep="0" valign="top"> </entry><entry VJ="1" align="left" colsep="0" valign="top"> </entry><entry VJ="1" align="left" colsep="0" valign="top">Anwendungsbereich</entry><entry VJ="1" align="left" colsep="0" valign="bottom">§ 1</entry></row><row><entry VJ="1" align="left" colsep="0" valign="top"> </entry><entry VJ="1" align="left" colsep="0" valign="top"> </entry><entry VJ="1" align="left" colsep="0" valign="top"> </entry><entry VJ="1" align="left" colsep="0" valign="top">Erfindungen</entry><entry VJ="1" align="left" colsep="0" valign="bottom">§ 2</entry></row><row><entry VJ="1" align="left" colsep="0" valign="top"> </entry><entry VJ="1" align="left" colsep="0" valign="top"> </entry><entry VJ="1" align="left" colsep="0" valign="top"> </entry><entry VJ="1" align="left" colsep="0" valign="top">Technische Verbesserungsvorschläge</entry><entry VJ="1" align="left" colsep="0" valign="bottom">§ 3</entry></row><row><entry VJ="1" align="left" colsep="0" valign="top"> </entry><entry VJ="1" align="left" colsep="0" valign="top"> </entry><entry VJ="1" align="left" colsep="0" valign="top"> </entry><entry VJ="1" align="left" colsep="0" valign="top">Diensterfindungen und freie Erfindungen</entry><entry VJ="1" align="left" colsep="0" valign="bottom">§ 4</entry></row><row><entry VJ="1" align="left" colsep="0" nameend="col4" namest="col1" valign="top">ZWEITER ABSCHNITT</entry><entry VJ="1" align="left" colsep="0" valign="top"/></row><row><entry VJ="1" align="left" colsep="0" valign="top"> </entry><entry VJ="1" align="left" colsep="0" nameend="col4" namest="col2" valign="top">Erfindungen und technische Verbesserungsvorschläge von Arbeitnehmern im privaten Dienst</entry><entry VJ="1" align="left" colsep="0" valign="top"> </entry></row><row><entry VJ="1" align="left" colsep="0" valign="top"> </entry><entry VJ="1" align="left" colsep="0" valign="top"> </entry><entry VJ="1" align="left" colsep="0" valign="top">1.</entry><entry VJ="1" align="left" colsep="0" valign="top">Diensterfindungen</entry><entry VJ="1" align="left" colsep="0" valign="top"> </entry></row><row><entry VJ="1" align="left" colsep="0" valign="top"> </entry><entry VJ="1" align="left" colsep="0" valign="top"> </entry><entry VJ="1" align="left" colsep="0" valign="top"> </entry><entry VJ="1" align="left" colsep="0" valign="top">Meldepflicht</entry><entry VJ="1" align="left" colsep="0" valign="bottom">§ 5</entry></row><row><entry VJ="1" align="left" colsep="0" valign="top"> </entry><entry VJ="1" align="left" colsep="0" valign="top"> </entry><entry VJ="1" align="left" colsep="0" valign="top"> </entry><entry VJ="1" align="left" colsep="0" valign="top">Inanspruchnahme</entry><entry VJ="1" align="left" colsep="0" valign="bottom">§ 6</entry></row><row><entry VJ="1" align="left" colsep="0" valign="top"> </entry><entry VJ="1" align="left" colsep="0" valign="top"> </entry><entry VJ="1" align="left" colsep="0" valign="top"> </entry><entry VJ="1" align="left" colsep="0" valign="top">Wirkung der Inanspruchnahme</entry><entry VJ="1" align="left" colsep="0" valign="bottom">§ 7</entry></row><row><entry VJ="1" align="left" colsep="0" valign="top"> </entry><entry VJ="1" align="left" colsep="0" valign="top"> </entry><entry VJ="1" align="left" colsep="0" valign="top"> </entry><entry VJ="1" align="left" colsep="0" valign="top">Frei gewordene Diensterfindungen</entry><entry VJ="1" align="left" colsep="0" valign="bottom">§ 8</entry></row><row><entry VJ="1" align="left" colsep="0" valign="top"> </entry><entry VJ="1" align="left" colsep="0" valign="top"> </entry><entry VJ="1" align="left" colsep="0" valign="top"> </entry><entry VJ="1" align="left" colsep="0" valign="top">Vergütung bei Inanspruchnahme</entry><entry VJ="1" align="left" colsep="0" valign="bottom">§ 9</entry></row><row><entry VJ="1" align="left" colsep="0" valign="top"> </entry><entry VJ="1" align="left" colsep="0" valign="top"> </entry><entry VJ="1" align="left" colsep="0" valign="top"> </entry><entry VJ="1" align="left" colsep="0" valign="top">(weggefallen)</entry><entry VJ="1" align="left" colsep="0" valign="bottom">§ 10</entry></row><row><entry VJ="1" align="left" colsep="0" valign="top"> </entry><entry VJ="1" align="left" colsep="0" valign="top"> </entry><entry VJ="1" align="left" colsep="0" valign="top"> </entry><entry VJ="1" align="left" colsep="0" valign="top">Vergütungsrichtlinien</entry><entry VJ="1" align="left" colsep="0" valign="bottom">§ 11</entry></row><row><entry VJ="1" align="left" colsep="0" valign="top"> </entry><entry VJ="1" align="left" colsep="0" valign="top"> </entry><entry VJ="1" align="left" colsep="0" valign="top"> </entry><entry VJ="1" align="left" colsep="0" valign="top">Feststellung oder Festsetzung der Vergütung</entry><entry VJ="1" align="left" colsep="0" valign="bottom">§ 12</entry></row><row><entry VJ="1" align="left" colsep="0" valign="top"> </entry><entry VJ="1" align="left" colsep="0" valign="top"> </entry><entry VJ="1" align="left" colsep="0" valign="top"> </entry><entry VJ="1" align="left" colsep="0" valign="top">Schutzrechtsanmeldung im Inland</entry><entry VJ="1" align="left" colsep="0" valign="bottom">§ 13</entry></row><row><entry VJ="1" align="left" colsep="0" valign="top"> </entry><entry VJ="1" align="left" colsep="0" valign="top"> </entry><entry VJ="1" align="left" colsep="0" valign="top"> </entry><entry VJ="1" align="left" colsep="0" valign="top">Schutzrechtsanmeldung im Ausland</entry><entry VJ="1" align="left" colsep="0" valign="bottom">§ 14</entry></row><row><entry VJ="1" align="left" colsep="0" valign="top"> </entry><entry VJ="1" align="left" colsep="0" valign="top"> </entry><entry VJ="1" align="left" colsep="0" valign="top"> </entry><entry VJ="1" align="left" colsep="0" valign="top">Gegenseitige Rechte und Pflichten beim Erwerb von Schutzrechten</entry><entry VJ="1" align="left" colsep="0" valign="bottom">§ 15</entry></row><row><entry VJ="1" align="left" colsep="0" valign="top"> </entry><entry VJ="1" align="left" colsep="0" valign="top"> </entry><entry VJ="1" align="left" colsep="0" valign="top"> </entry><entry VJ="1" align="left" colsep="0" valign="top">Aufgabe der Schutzrechtsanmeldung oder des Schutzrechts</entry><entry VJ="1" align="left" colsep="0" valign="bottom">§ 16</entry></row><row><entry VJ="1" align="left" colsep="0" valign="top"> </entry><entry VJ="1" align="left" colsep="0" valign="top"> </entry><entry VJ="1" align="left" colsep="0" valign="top"> </entry><entry VJ="1" align="left" colsep="0" valign="top">Betriebsgeheimnisse</entry><entry VJ="1" align="left" colsep="0" valign="bottom">§ 17</entry></row><row><entry VJ="1" align="left" colsep="0" valign="top"> </entry><entry VJ="1" align="left" colsep="0" valign="top"> </entry><entry VJ="1" align="left" colsep="0" valign="top"><SP>2</SP>.</entry><entry VJ="1" align="left" colsep="0" valign="top"><SP>Freie Erfindungen</SP></entry><entry VJ="1" align="left" colsep="0" valign="top"> </entry></row><row><entry VJ="1" align="left" colsep="0" valign="top"> </entry><entry VJ="1" align="left" colsep="0" valign="top"> </entry><entry VJ="1" align="left" colsep="0" valign="top"> </entry><entry VJ="1" align="left" colsep="0" valign="top">Mitteilungspflicht</entry><entry VJ="1" align="left" colsep="0" valign="bottom">§ 18</entry></row><row><entry VJ="1" align="left" colsep="0" valign="top"> </entry><entry VJ="1" align="left" colsep="0" valign="top"> </entry><entry VJ="1" align="left" colsep="0" valign="top"> </entry><entry VJ="1" align="left" colsep="0" valign="top">Anbietungspflicht</entry><entry VJ="1" align="left" colsep="0" valign="bottom">§ 19</entry></row><row><entry VJ="1" align="left" colsep="0" valign="top"> </entry><entry VJ="1" align="left" colsep="0" valign="top"> </entry><entry VJ="1" align="left" colsep="0" valign="top"><SP>3.</SP></entry><entry VJ="1" align="left" colsep="0" valign="top"><SP>Technische Verbesserungsvorschläge</SP></entry><entry VJ="1" align="left" colsep="0" valign="bottom">§ 20</entry></row><row><entry VJ="1" align="left" colsep="0" valign="top"> </entry><entry VJ="1" align="left" colsep="0" valign="top"> </entry><entry VJ="1" align="left" colsep="0" valign="top"><SP>4.</SP></entry><entry VJ="1" align="left" colsep="0" valign="top"><SP>Gemeinsame Bestimmungen</SP></entry><entry VJ="1" align="left" colsep="0" valign="top"> </entry></row><row><entry VJ="1" align="left" colsep="0" valign="top"> </entry><entry VJ="1" align="left" colsep="0" valign="top"> </entry><entry VJ="1" align="left" colsep="0" valign="top"> </entry><entry VJ="1" align="left" colsep="0" valign="top">(weggefallen)</entry><entry VJ="1" align="left" colsep="0" valign="bottom">§ 21</entry></row><row><entry VJ="1" align="left" colsep="0" valign="top"> </entry><entry VJ="1" align="left" colsep="0" valign="top"> </entry><entry VJ="1" align="left" colsep="0" valign="top"> </entry><entry VJ="1" align="left" colsep="0" valign="top">Unabdingbarkeit</entry><entry VJ="1" align="left" colsep="0" valign="bottom">§ 22</entry></row><row><entry VJ="1" align="left" colsep="0" valign="top"> </entry><entry VJ="1" align="left" colsep="0" valign="top"> </entry><entry VJ="1" align="left" colsep="0" valign="top"> </entry><entry VJ="1" align="left" colsep="0" valign="top">Unbilligkeit</entry><entry VJ="1" align="left" colsep="0" valign="bottom">§ 23</entry></row><row><entry VJ="1" align="left" colsep="0" valign="top"> </entry><entry VJ="1" align="left" colsep="0" valign="top"> </entry><entry VJ="1" align="left" colsep="0" valign="top"> </entry><entry VJ="1" align="left" colsep="0" valign="top">Geheimhaltungspflicht</entry><entry VJ="1" align="left" colsep="0" valign="bottom">§ 24</entry></row><row><entry VJ="1" align="left" colsep="0" valign="top"> </entry><entry VJ="1" align="left" colsep="0" valign="top"> </entry><entry VJ="1" align="left" colsep="0" valign="top"> </entry><entry VJ="1" align="left" colsep="0" valign="top">Verpflichtungen aus dem Arbeitsverhältnis</entry><entry VJ="1" align="left" colsep="0" valign="bottom">§ 25</entry></row><row><entry VJ="1" align="left" colsep="0" valign="top"> </entry><entry VJ="1" align="left" colsep="0" valign="top"> </entry><entry VJ="1" align="left" colsep="0" valign="top"> </entry><entry VJ="1" align="left" colsep="0" valign="top">Auflösung des Arbeitsverhältnisses</entry><entry VJ="1" align="left" colsep="0" valign="bottom">§ 26</entry></row><row><entry VJ="1" align="left" colsep="0" valign="top"> </entry><entry VJ="1" align="left" colsep="0" valign="top"> </entry><entry VJ="1" align="left" colsep="0" valign="top"> </entry><entry VJ="1" align="left" colsep="0" valign="top">Insolvenzverfahren</entry><entry VJ="1" align="left" colsep="0" valign="bottom">§ 27</entry></row><row><entry VJ="1" align="left" colsep="0" valign="top"> </entry><entry VJ="1" align="left" colsep="0" valign="top"> </entry><entry VJ="1" align="left" colsep="0" valign="top"><SP>5.</SP></entry><entry VJ="1" align="left" colsep="0" valign="top"><SP>Schiedsverfahren</SP></entry><entry VJ="1" align="left" colsep="0" valign="top"> </entry></row><row><entry VJ="1" align="left" colsep="0" valign="top"> </entry><entry VJ="1" align="left" colsep="0" valign="top"> </entry><entry VJ="1" align="left" colsep="0" valign="top"> </entry><entry VJ="1" align="left" colsep="0" valign="top">Gütliche Einigung</entry><entry VJ="1" align="left" colsep="0" valign="bottom">§ 28</entry></row><row><entry VJ="1" align="left" colsep="0" valign="top"> </entry><entry VJ="1" align="left" colsep="0" valign="top"> </entry><entry VJ="1" align="left" colsep="0" valign="top"> </entry><entry VJ="1" align="left" colsep="0" valign="top">Errichtung der Schiedsstelle</entry><entry VJ="1" align="left" colsep="0" valign="bottom">§ 29</entry></row><row><entry VJ="1" align="left" colsep="0" valign="top"> </entry><entry VJ="1" align="left" colsep="0" valign="top"> </entry><entry VJ="1" align="left" colsep="0" valign="top"> </entry><entry VJ="1" align="left" colsep="0" valign="top">Besetzung der Schiedsstelle</entry><entry VJ="1" align="left" colsep="0" valign="bottom">§ 30</entry></row><row><entry VJ="1" align="left" colsep="0" valign="top"> </entry><entry VJ="1" align="left" colsep="0" valign="top"> </entry><entry VJ="1" align="left" colsep="0" valign="top"> </entry><entry VJ="1" align="left" colsep="0" valign="top">Anrufung der Schiedsstelle</entry><entry VJ="1" align="left" colsep="0" valign="bottom">§ 31</entry></row><row><entry VJ="1" align="left" colsep="0" valign="top"> </entry><entry VJ="1" align="left" colsep="0" valign="top"> </entry><entry VJ="1" align="left" colsep="0" valign="top"> </entry><entry VJ="1" align="left" colsep="0" valign="top">Antrag auf Erweiterung der Schiedsstelle</entry><entry VJ="1" align="left" colsep="0" valign="bottom">§ 32</entry></row><row><entry VJ="1" align="left" colsep="0" valign="top"> </entry><entry VJ="1" align="left" colsep="0" valign="top"> </entry><entry VJ="1" align="left" colsep="0" valign="top"> </entry><entry VJ="1" align="left" colsep="0" valign="top">Verfahren vor der Schiedsstelle</entry><entry VJ="1" align="left" colsep="0" valign="bottom">§ 33</entry></row><row><entry VJ="1" align="left" colsep="0" valign="top"> </entry><entry VJ="1" align="left" colsep="0" valign="top"> </entry><entry VJ="1" align="left" colsep="0" valign="top"> </entry><entry VJ="1" align="left" colsep="0" valign="top">Einigungsvorschlag der Schiedsstelle</entry><entry VJ="1" align="left" colsep="0" valign="bottom">§ 34</entry></row><row><entry VJ="1" align="left" colsep="0" valign="top"> </entry><entry VJ="1" align="left" colsep="0" valign="top"> </entry><entry VJ="1" align="left" colsep="0" valign="top"> </entry><entry VJ="1" align="left" colsep="0" valign="top">Erfolglose Beendigung des Schiedsverfahrens</entry><entry VJ="1" align="left" colsep="0" valign="bottom">§ 35</entry></row><row><entry VJ="1" align="left" colsep="0" valign="top"> </entry><entry VJ="1" align="left" colsep="0" valign="top"> </entry><entry VJ="1" align="left" colsep="0" valign="top"> </entry><entry VJ="1" align="left" colsep="0" valign="top">Kosten des Schiedsverfahrens</entry><entry VJ="1" align="left" colsep="0" valign="bottom">§ 36</entry></row><row><entry VJ="1" align="left" colsep="0" valign="top"> </entry><entry VJ="1" align="left" colsep="0" valign="top"> </entry><entry VJ="1" align="left" colsep="0" valign="top"><SP>6.</SP></entry><entry VJ="1" align="left" colsep="0" valign="top"><SP>Gerichtliche Verfahren</SP></entry><entry VJ="1" align="left" colsep="0" valign="top"> </entry></row><row><entry VJ="1" align="left" colsep="0" valign="top"> </entry><entry VJ="1" align="left" colsep="0" valign="top"> </entry><entry VJ="1" align="left" colsep="0" valign="top"> </entry><entry VJ="1" align="left" colsep="0" valign="top">Voraussetzungen für die Erhebung der Klage</entry><entry VJ="1" align="left" colsep="0" valign="bottom">§ 37</entry></row><row><entry VJ="1" align="left" colsep="0" valign="top"> </entry><entry VJ="1" align="left" colsep="0" valign="top"> </entry><entry VJ="1" align="left" colsep="0" valign="top"> </entry><entry VJ="1" align="left" colsep="0" valign="top">Klage auf angemessene Vergütung</entry><entry VJ="1" align="left" colsep="0" valign="bottom">§ 38</entry></row><row><entry VJ="1" align="left" colsep="0" valign="top"> </entry><entry VJ="1" align="left" colsep="0" valign="top"> </entry><entry VJ="1" align="left" colsep="0" valign="top"> </entry><entry VJ="1" align="left" colsep="0" valign="top">Zuständigkeit</entry><entry VJ="1" align="left" colsep="0" valign="bottom">§ 39</entry></row><row><entry VJ="1" align="left" colsep="0" nameend="col4" namest="col1" valign="top">DRITTER ABSCHNITT</entry><entry VJ="1" align="left" colsep="0" valign="top"/></row><row><entry VJ="1" align="left" colsep="0" valign="top"> </entry><entry VJ="1" align="left" colsep="0" nameend="col4" namest="col2" valign="top">Erfindungen und technische Verbesserungsvorschläge von Arbeitnehmern im öffentlichen Dienst, von Beamten und Soldaten</entry><entry VJ="1" align="left" colsep="0" valign="top"> </entry></row><row><entry VJ="1" align="left" colsep="0" valign="top"> </entry><entry VJ="1" align="left" colsep="0" valign="top"> </entry><entry VJ="1" align="left" colsep="0" valign="top"> </entry><entry VJ="1" align="left" colsep="0" valign="top">Arbeitnehmer im öffentlichen Dienst</entry><entry VJ="1" align="left" colsep="0" valign="bottom">§ 40</entry></row><row><entry VJ="1" align="left" colsep="0" valign="top"> </entry><entry VJ="1" align="left" colsep="0" valign="top"> </entry><entry VJ="1" align="left" colsep="0" valign="top"> </entry><entry VJ="1" align="left" colsep="0" valign="top">Beamte, Soldaten</entry><entry VJ="1" align="left" colsep="0" valign="bottom">§ 41</entry></row><row><entry VJ="1" align="left" colsep="0" valign="top"> </entry><entry VJ="1" align="left" colsep="0" valign="top"> </entry><entry VJ="1" align="left" colsep="0" valign="top"> </entry><entry VJ="1" align="left" colsep="0" valign="top">Besondere Bestimmungen für Erfindungen an Hochschulen</entry><entry VJ="1" align="left" colsep="0" valign="bottom">§ 42</entry></row><row><entry VJ="1" align="left" colsep="0" nameend="col4" namest="col1" valign="top">VIERTER ABSCHNITT</entry><entry VJ="1" align="left" colsep="0" valign="top"/></row><row><entry VJ="1" align="left" colsep="0" valign="top"> </entry><entry VJ="1" align="left" colsep="0" nameend="col4" namest="col2" valign="top">Übergangs- und Schlußbestimmungen</entry><entry VJ="1" align="left" colsep="0" valign="top"> </entry></row><row><entry VJ="1" align="left" colsep="0" valign="top"> </entry><entry VJ="1" align="left" colsep="0" valign="top"> </entry><entry VJ="1" align="left" colsep="0" valign="top"> </entry><entry VJ="1" align="left" colsep="0" valign="top">Übergangsvorschrift</entry><entry VJ="1" align="left" colsep="0" valign="bottom">§ 43</entry></row><row><entry VJ="1" align="left" colsep="0" valign="top"> </entry><entry VJ="1" align="left" colsep="0" valign="top"> </entry><entry VJ="1" align="left" colsep="0" valign="top"> </entry><entry VJ="1" align="left" colsep="0" valign="top">(weggefallen)</entry><entry VJ="1" align="left" colsep="0" valign="bottom">§ 44</entry></row><row><entry VJ="1" align="left" colsep="0" valign="top"> </entry><entry VJ="1" align="left" colsep="0" valign="top"> </entry><entry VJ="1" align="left" colsep="0" valign="top"> </entry><entry VJ="1" align="left" colsep="0" valign="top">Durchführungsbestimmungen</entry><entry VJ="1" align="left" colsep="0" valign="bottom">§ 45</entry></row><row><entry VJ="1" align="left" colsep="0" valign="top"> </entry><entry VJ="1" align="left" colsep="0" valign="top"> </entry><entry VJ="1" align="left" colsep="0" valign="top"> </entry><entry VJ="1" align="left" colsep="0" valign="top">Außerkrafttreten von Vorschriften</entry><entry VJ="1" align="left" colsep="0" valign="bottom">§ 46</entry></row><row><entry VJ="1" align="left" colsep="0" valign="top"> </entry><entry VJ="1" align="left" colsep="0" valign="top"> </entry><entry VJ="1" align="left" colsep="0" valign="top"> </entry><entry VJ="1" align="left" colsep="0" valign="top">(weggefallen)</entry><entry VJ="1" align="left" colsep="0" valign="bottom">§ 47</entry></row><row><entry VJ="1" align="left" colsep="0" valign="top"> </entry><entry VJ="1" align="left" colsep="0" valign="top"> </entry><entry VJ="1" align="left" colsep="0" valign="top"> </entry><entry VJ="1" align="left" colsep="0" valign="top">(weggefallen)</entry><entry VJ="1" align="left" colsep="0" valign="bottom">§ 48</entry></row><row><entry VJ="1" align="left" colsep="0" valign="top"> </entry><entry VJ="1" align="left" colsep="0" valign="top"> </entry><entry VJ="1" align="left" colsep="0" valign="top"> </entry><entry VJ="1" align="left" colsep="0" valign="top">Inkrafttreten</entry><entry VJ="1" align="left" colsep="0" valign="bottom">§ 49</entry></row></tbody></tgroup></table></P></Content></text><fussnoten/></textdaten></norm>
<norm builddate="20221006213003" doknr="BJNR007560957BJNG000100306"><metadaten><jurabk>ArbnErfG</jurabk><gliederungseinheit><gliederungskennzahl>010</gliederungskennzahl><gliederungsbez>Erster Abschnitt</gliederungsbez><gliederungstitel>Anwendungsbereich und Begriffsbestimmungen</gliederungstitel></gliederungseinheit></metadaten><textdaten><text format="XML"><Content><P/></Content></text></textdaten></norm>
<norm builddate="20221006213003" doknr="BJNR007560957BJNE001200306"><metadaten><jurabk>ArbnErfG</jurabk><enbez>§ 1</enbez><titel format="parat">Anwendungsbereich</titel></metadaten><textdaten><text format="XML"><Content><P>Diesem Gesetz unterliegen die Erfindungen und technischen Verbesserungsvorschläge von Arbeitnehmern im privaten und im öffentlichen Dienst, von Beamten und Soldaten.</P></Content></text></textdaten></norm>
<norm builddate="20221006213003" doknr="BJNR007560957BJNE001300306"><metadaten><jurabk>ArbnErfG</jurabk><enbez>§ 2</enbez><titel format="parat">Erfindungen</titel></metadaten><textdaten><text format="XML"><Content><P>Erfindungen im Sinne dieses Gesetzes sind nur Erfindungen, die patent- oder gebrauchsmusterfähig sind.</P></Content></text></textdaten></norm>
<norm builddate="20221006213003" doknr="BJNR007560957BJNE001400306"><metadaten><jurabk>ArbnErfG</jurabk><enbez>§ 3</enbez><titel format="parat">Technische Verbesserungsvorschläge</titel></metadaten><textdaten><text format="XML"><Content><P>Technische Verbesserungsvorschläge im Sinne dieses Gesetzes sind Vorschläge für sonstige technische Neuerungen, die nicht patent- oder gebrauchsmusterfähig sind.</P></Content></text></textdaten></norm>
<norm builddate="20221006213003" doknr="BJNR007560957BJNE001500306"><metadaten><jurabk>ArbnErfG</jurabk><enbez>§ 4</enbez><titel format="parat">Diensterfindungen und freie Erfindungen</titel></metadaten><textdaten><text format="XML"><Content><P>(1) Erfindungen von Arbeitnehmern im Sinne dieses Gesetzes können gebundene oder freie Erfindungen sein.</P><P>(2) Gebundene Erfindungen (Diensterfindungen) sind während der Dauer des Arbeitsverhältnisses gemachte Erfindungen, die entweder <DL Font="normal" Type="arabic"><DT>1.</DT><DD Font="normal"><LA Size="normal">aus der dem Arbeitnehmer im Betrieb oder in der öffentlichen Verwaltung obliegenden Tätigkeit entstanden sind oder</LA></DD> <DT>2.</DT><DD Font="normal"><LA Size="normal">maßgeblich auf Erfahrungen oder Arbeiten des Betriebes oder der öffentlichen Verwaltung beruhen.</LA></DD> </DL> </P><P>(3) Sonstige Erfindungen von Arbeitnehmern sind freie Erfindungen. Sie unterliegen jedoch den Beschränkungen der §§ 18 und 19.</P><P>(4) Die Absätze 1 bis 3 gelten entsprechend für Erfindungen von Beamten und Soldaten.</P></Content>  </text></textdaten></norm>
<norm builddate="20221006213003" doknr="BJNR007560957BJNG000200306"><metadaten><jurabk>ArbnErfG</jurabk><gliederungseinheit><gliederungskennzahl>020</gliederungskennzahl><gliederungsbez>Zweiter Abschnitt</gliederungsbez><gliederungstitel>Erfindungen und technische
Verbesserungsvorschläge von Arbeitnehmern im privaten Dienst</gliederungstitel></gliederungseinheit></metadaten><textdaten><text format="XML"><Content><P/></Content></text></textdaten></norm>
<norm builddate="20221006213003" doknr="BJNR007560957BJNG000300306"><metadaten><jurabk>ArbnErfG</jurabk><gliederungseinheit><gliederungskennzahl>020010</gliederungskennzahl><gliederungsbez>1.</gliederungsbez><gliederungstitel>Diensterfindungen</gliederungstitel></gliederungseinheit></metadaten><textdaten><text format="XML"><Content><P/></Content></text></textdaten></norm>
<norm builddate="20221006213003" doknr="BJNR007560957BJNE001601140"><metadaten><jurabk>ArbnErfG</jurabk><enbez>§ 5</enbez><titel format="XML">Meldepflicht</titel></metadaten><textdaten><text format="XML"><Content><P>(1) Der Arbeitnehmer, der eine Diensterfindung gemacht hat, ist verpflichtet, sie unverzüglich dem Arbeitgeber gesondert in Textform zu melden und hierbei kenntlich zu machen, daß es sich um die Meldung einer Erfindung handelt. Sind mehrere Arbeitnehmer an dem Zustandekommen der Erfindung beteiligt, so können sie die Meldung gemeinsam abgeben. Der Arbeitgeber hat den Zeitpunkt des Eingangs der Meldung dem Arbeitnehmer unverzüglich in Textform zu bestätigen.</P><P>(2) In der Meldung hat der Arbeitnehmer die technische Aufgabe, ihre Lösung und das Zustandekommen der Diensterfindung zu beschreiben. Vorhandene Aufzeichnungen sollen beigefügt werden, soweit sie zum Verständnis der Erfindung erforderlich sind. Die Meldung soll dem Arbeitnehmer dienstlich erteilte Weisungen oder Richtlinien, die benutzten Erfahrungen oder Arbeiten des Betriebes, die Mitarbeiter sowie Art und Umfang ihrer Mitarbeit angeben und soll hervorheben, was der meldende Arbeitnehmer als seinen eigenen Anteil ansieht.</P><P>(3) Eine Meldung, die den Anforderungen des Absatzes 2 nicht entspricht, gilt als ordnungsgemäß, wenn der Arbeitgeber nicht innerhalb von zwei Monaten erklärt, daß und in welcher Hinsicht die Meldung einer Ergänzung bedarf. Er hat den Arbeitnehmer, soweit erforderlich, bei der Ergänzung der Meldung zu unterstützen.</P></Content></text><fussnoten/></textdaten></norm>
<norm builddate="20221006213003" doknr="BJNR007560957BJNE001701140"><metadaten><jurabk>ArbnErfG</jurabk><enbez>§ 6</enbez><titel format="XML">Inanspruchnahme</titel></metadaten><textdaten><text format="XML"><Content><P>(1) Der Arbeitgeber kann eine Diensterfindung durch Erklärung gegenüber dem Arbeitnehmer in Anspruch nehmen.</P><P>(2) Die Inanspruchnahme gilt als erklärt, wenn der Arbeitgeber die Diensterfindung nicht bis zum Ablauf von vier Monaten nach Eingang der ordnungsgemäßen Meldung (§ 5 Abs. 2 Satz 1 und 3) gegenüber dem Arbeitnehmer durch Erklärung in Textform freigibt.</P></Content></text><fussnoten/></textdaten></norm>
<norm builddate="20221006213003" doknr="BJNR007560957BJNE001801140"><metadaten><jurabk>ArbnErfG</jurabk><enbez>§ 7</enbez><titel format="XML">Wirkung der Inanspruchnahme</titel></metadaten><textdaten><text format="XML"><Content><P>(1) Mit der Inanspruchnahme gehen alle vermögenswerten Rechte an der Diensterfindung auf den Arbeitgeber über.</P><P>(2) Verfügungen, die der Arbeitnehmer über eine Diensterfindung vor der Inanspruchnahme getroffen hat, sind dem Arbeitgeber gegenüber unwirksam, soweit seine Rechte beeinträchtigt werden.</P></Content></text><fussnoten/></textdaten></norm>
<norm builddate="20221006213003" doknr="BJNR007560957BJNE001901140"><metadaten><jurabk>ArbnErfG</jurabk><enbez>§ 8</enbez><titel format="XML">Frei gewordene Diensterfindungen</titel></metadaten><textdaten><text format="XML"><Content><P>Eine Diensterfindung wird frei, wenn der Arbeitgeber sie durch Erklärung in Textform freigibt. Über eine frei gewordene Diensterfindung kann der Arbeitnehmer ohne die Beschränkungen der §§ 18 und 19 verfügen.</P></Content></text><fussnoten/></textdaten></norm>
<norm builddate="20221006213003" doknr="BJNR007560957BJNE002001140"><metadaten><jurabk>ArbnErfG</jurabk><enbez>§ 9</enbez><titel format="XML">Vergütung bei Inanspruchnahme</titel></metadaten><textdaten><text format="XML"><Content><P>(1) Der Arbeitnehmer hat gegen den Arbeitgeber einen Anspruch auf angemessene Vergütung, sobald der Arbeitgeber die Diensterfindung in Anspruch genommen hat.</P><P>(2) Für die Bemessung der Vergütung sind insbesondere die wirtschaftliche Verwertbarkeit der Diensterfindung, die Aufgaben und die Stellung des Arbeitnehmers im Betrieb sowie der Anteil des Betriebes an dem Zustandekommen der Diensterfindung maßgebend.</P></Content></text><fussnoten/></textdaten></norm>
<norm builddate="20221006213003" doknr="BJNR007560957BJNE002101140"><metadaten><jurabk>ArbnErfG</jurabk><enbez>§ 10</enbez><titel format="XML">(weggefallen)</titel></metadaten><textdaten><text format="XML"><Content><P>-</P></Content></text><fussnoten/></textdaten></norm>
<norm builddate="20221006213003" doknr="BJNR007560957BJNE002202360"><metadaten><jurabk>ArbnErfG</jurabk><enbez>§ 11</enbez><titel format="XML">Vergütungsrichtlinien</titel></metadaten><textdaten><text format="XML"><Content><P>Das Bundesministerium für Arbeit und Soziales erläßt nach Anhörung der Spitzenorganisationen der Arbeitgeber und der Arbeitnehmer (§ 12 des Tarifvertragsgesetzes) Richtlinien über die Bemessung der Vergütung.</P></Content></text><fussnoten/></textdaten></norm>
<norm builddate="20221006213003" doknr="BJNR007560957BJNE002301140"><metadaten><jurabk>ArbnErfG</jurabk><enbez>§ 12</enbez><titel format="XML">Feststellung oder Festsetzung der Vergütung</titel></metadaten><textdaten><text format="XML"><Content><P>(1) Die Art und Höhe der Vergütung soll in angemessener Frist nach Inanspruchnahme der Diensterfindung durch Vereinbarung zwischen dem Arbeitgeber und dem Arbeitnehmer festgestellt werden.</P><P>(2) Wenn mehrere Arbeitnehmer an der Diensterfindung beteiligt sind, ist die Vergütung für jeden gesondert festzustellen. Die Gesamthöhe der Vergütung und die Anteile der einzelnen Erfinder an der Diensterfindung hat der Arbeitgeber den Beteiligten bekanntzugeben.</P><P>(3) Kommt eine Vereinbarung über die Vergütung in angemessener Frist nach Inanspruchnahme der Diensterfindung nicht zustande, so hat der Arbeitgeber die Vergütung durch eine begründete Erklärung in Textform an den Arbeitnehmer festzusetzen und entsprechend der Festsetzung zu zahlen. Die Vergütung ist spätestens bis zum Ablauf von drei Monaten nach Erteilung des Schutzrechts festzusetzen.</P><P>(4) Der Arbeitnehmer kann der Festsetzung innerhalb von zwei Monaten durch Erklärung in Textform widersprechen, wenn er mit der Festsetzung nicht einverstanden ist. Widerspricht er nicht, so wird die Festsetzung für beide Teile verbindlich.</P><P>(5) Sind mehrere Arbeitnehmer an der Diensterfindung beteiligt, so wird die Festsetzung für alle Beteiligten nicht verbindlich, wenn einer von ihnen der Festsetzung mit der Begründung widerspricht, daß sein Anteil an der Diensterfindung unrichtig festgesetzt sei. Der Arbeitgeber ist in diesem Falle berechtigt, die Vergütung für alle Beteiligten neu festzusetzen.</P><P>(6) Arbeitgeber und Arbeitnehmer können voneinander die Einwilligung in eine andere Regelung der Vergütung verlangen, wenn sich Umstände wesentlich ändern, die für die Feststellung oder Festsetzung der Vergütung maßgebend waren. Rückzahlung einer bereits geleisteten Vergütung kann nicht verlangt werden. Die Absätze 1 bis 5 sind nicht anzuwenden.</P></Content></text><fussnoten/></textdaten></norm>
<norm builddate="20221006213003" doknr="BJNR007560957BJNE002401140"><metadaten><jurabk>ArbnErfG</jurabk><enbez>§ 13</enbez><titel format="XML">Schutzrechtsanmeldung im Inland</titel></metadaten><textdaten><text format="XML"><Content><P>(1) Der Arbeitgeber ist verpflichtet und allein berechtigt, eine gemeldete Diensterfindung im Inland zur Erteilung eines Schutzrechts anzumelden. Eine patentfähige Diensterfindung hat er zur Erteilung eines Patents anzumelden, sofern nicht bei verständiger Würdigung der Verwertbarkeit der Erfindung der Gebrauchsmusterschutz zweckdienlicher erscheint. Die Anmeldung hat unverzüglich zu geschehen.</P><P>(2) Die Verpflichtung des Arbeitgebers zur Anmeldung entfällt, <DL Font="normal" Type="arabic"><DT>1.</DT><DD Font="normal"><LA Size="normal">wenn die Diensterfindung frei geworden ist (§ 8);</LA></DD><DT>2.</DT><DD Font="normal"><LA Size="normal">wenn der Arbeitnehmer der Nichtanmeldung zustimmt;</LA></DD><DT>3.</DT><DD Font="normal"><LA Size="normal">wenn die Voraussetzungen des § 17 vorliegen.</LA></DD></DL></P><P>(3) Genügt der Arbeitgeber nach Inanspruchnahme der Diensterfindung seiner Anmeldepflicht nicht und bewirkt er die Anmeldung auch nicht innerhalb einer ihm vom Arbeitnehmer gesetzten angemessenen Nachfrist, so kann der Arbeitnehmer die Anmeldung der Diensterfindung für den Arbeitgeber auf dessen Namen und Kosten bewirken.</P><P>(4) Ist die Diensterfindung frei geworden, so ist nur der Arbeitnehmer berechtigt, sie zur Erteilung eines Schutzrechts anzumelden. Hatte der Arbeitgeber die Diensterfindung bereits zur Erteilung eines Schutzrechts angemeldet, so gehen die Rechte aus der Anmeldung auf den Arbeitnehmer über.</P></Content></text><fussnoten/></textdaten></norm>
<norm builddate="20221006213003" doknr="BJNR007560957BJNE002501140"><metadaten><jurabk>ArbnErfG</jurabk><enbez>§ 14</enbez><titel format="XML">Schutzrechtsanmeldung im Ausland</titel></metadaten><textdaten><text format="XML"><Content><P>(1) Nach Inanspruchnahme der Diensterfindung ist der Arbeitgeber berechtigt, diese auch im Ausland zur Erteilung von Schutzrechten anzumelden.</P><P>(2) Für ausländische Staaten, in denen der Arbeitgeber Schutzrechte nicht erwerben will, hat er dem Arbeitnehmer die Diensterfindung freizugeben und ihm auf Verlangen den Erwerb von Auslandsschutzrechten zu ermöglichen. Die Freigabe soll so rechtzeitig vorgenommen werden, daß der Arbeitnehmer die Prioritätsfristen der zwischenstaatlichen Verträge auf dem Gebiet des gewerblichen Rechtsschutzes ausnutzen kann.</P><P>(3) Der Arbeitgeber kann sich gleichzeitig mit der Freigabe nach Absatz 2 ein nichtausschließliches Recht zur Benutzung der Diensterfindung in den betreffenden ausländischen Staaten gegen angemessene Vergütung vorbehalten und verlangen, daß der Arbeitnehmer bei der Verwertung der freigegebenen Erfindung in den betreffenden ausländischen Staaten die Verpflichtungen des Arbeitgebers aus den im Zeitpunkt der Freigabe bestehenden Verträgen über die Diensterfindung gegen angemessene Vergütung berücksichtigt.</P></Content></text><fussnoten/></textdaten></norm>
<norm builddate="20221006213003" doknr="BJNR007560957BJNE002600306"><metadaten><jurabk>ArbnErfG</jurabk><enbez>§ 15</enbez><titel format="parat">Gegenseitige Rechte und Pflichten beim Erwerb von Schutzrechten</titel></metadaten><textdaten><text format="XML"><Content><P>(1) Der Arbeitgeber hat dem Arbeitnehmer zugleich mit der Anmeldung der Diensterfindung zur Erteilung eines Schutzrechts Abschriften der Anmeldeunterlagen zu geben. Er hat ihn von dem Fortgang des Verfahrens zu unterrichten und ihm auf Verlangen Einsicht in den Schriftwechsel zu gewähren.</P><P>(2) Der Arbeitnehmer hat den Arbeitgeber auf Verlangen beim Erwerb von Schutzrechten zu unterstützen und die erforderlichen Erklärungen abzugeben.</P></Content> </text></textdaten></norm>
<norm builddate="20221006213003" doknr="BJNR007560957BJNE002700306"><metadaten><jurabk>ArbnErfG</jurabk><enbez>§ 16</enbez><titel format="parat">Aufgabe der Schutzrechtsanmeldung oder des Schutzrechts</titel></metadaten><textdaten><text format="XML"><Content><P>(1) Wenn der Arbeitgeber vor Erfüllung des Anspruchs des Arbeitnehmers auf angemessene Vergütung die Anmeldung der Diensterfindung zur Erteilung eines Schutzrechts nicht weiterverfolgen oder das auf die Diensterfindung erteilte Schutzrecht nicht aufrechterhalten will, hat er dies dem Arbeitnehmer mitzuteilen und ihm auf dessen Verlangen und Kosten das Recht zu übertragen sowie die zur Wahrung des Rechts erforderlichen Unterlagen auszuhändigen.</P><P>(2) Der Arbeitgeber ist berechtigt, das Recht aufzugeben, sofern der Arbeitnehmer nicht innerhalb von drei Monaten nach Zugang der Mitteilung die Übertragung des Rechts verlangt.</P><P>(3) Gleichzeitig mit der Mitteilung nach Absatz 1 kann sich der Arbeitgeber ein nichtausschließliches Recht zur Benutzung der Diensterfindung gegen angemessene Vergütung vorbehalten.</P></Content>  </text></textdaten></norm>
<norm builddate="20221006213003" doknr="BJNR007560957BJNE002800306"><metadaten><jurabk>ArbnErfG</jurabk><enbez>§ 17</enbez><titel format="parat">Betriebsgeheimnisse</titel></metadaten><textdaten><text format="XML"><Content><P>(1) Wenn berechtigte Belange des Betriebes es erfordern, eine gemeldete Diensterfindung nicht bekanntwerden zu lassen, kann der Arbeitgeber von der Erwirkung eines Schutzrechts absehen, sofern er die Schutzfähigkeit der Diensterfindung gegenüber dem Arbeitnehmer anerkennt.</P><P>(2) Erkennt der Arbeitgeber die Schutzfähigkeit der Diensterfindung nicht an, so kann er von der Erwirkung eines Schutzrechts absehen, wenn er zur Herbeiführung einer Einigung über die Schutzfähigkeit der Diensterfindung die Schiedsstelle (§ 29) anruft.</P><P>(3) Bei der Bemessung der Vergütung für eine Erfindung nach Absatz 1 sind auch die wirtschaftlichen Nachteile zu berücksichtigen, die sich für den Arbeitnehmer daraus ergeben, daß auf die Diensterfindung kein Schutzrecht erteilt worden ist.</P></Content>  </text><fussnoten/></textdaten></norm>
<norm builddate="20221006213003" doknr="BJNR007560957BJNG000400306"><metadaten><jurabk>ArbnErfG</jurabk><gliederungseinheit><gliederungskennzahl>020020</gliederungskennzahl><gliederungsbez>2.</gliederungsbez><gliederungstitel>Freie Erfindungen</gliederungstitel></gliederungseinheit></metadaten><textdaten><text format="XML"><Content><P/></Content></text></textdaten></norm>
<norm builddate="20221006213003" doknr="BJNR007560957BJNE002901140"><metadaten><jurabk>ArbnErfG</jurabk><enbez>§ 18</enbez><titel format="XML">Mitteilungspflicht</titel></metadaten><textdaten><text format="XML"><Content><P>(1) Der Arbeitnehmer, der während der Dauer des Arbeitsverhältnisses eine freie Erfindung gemacht hat, hat dies dem Arbeitgeber unverzüglich durch Erklärung in Textform mitzuteilen. Dabei muß über die Erfindung und, wenn dies erforderlich ist, auch über ihre Entstehung so viel mitgeteilt werden, daß der Arbeitgeber beurteilen kann, ob die Erfindung frei ist.</P><P>(2) Bestreitet der Arbeitgeber nicht innerhalb von drei Monaten nach Zugang der Mitteilung durch Erklärung in Textform an den Arbeitnehmer, daß die ihm mitgeteilte Erfindung frei sei, so kann die Erfindung nicht mehr als Diensterfindung in Anspruch genommen werden (§ 6).</P><P>(3) Eine Verpflichtung zur Mitteilung freier Erfindungen besteht nicht, wenn die Erfindung offensichtlich im Arbeitsbereich des Betriebes des Arbeitgebers nicht verwendbar ist.</P></Content></text><fussnoten/></textdaten></norm>
<norm builddate="20221006213003" doknr="BJNR007560957BJNE003000306"><metadaten><jurabk>ArbnErfG</jurabk><enbez>§ 19</enbez><titel format="parat">Anbietungspflicht</titel></metadaten><textdaten><text format="XML"><Content><P>(1) Bevor der Arbeitnehmer eine freie Erfindung während der Dauer des Arbeitsverhältnisses anderweitig verwertet, hat er zunächst dem Arbeitgeber mindestens ein nichtausschließliches Recht zur Benutzung der Erfindung zu angemessenen Bedingungen anzubieten, wenn die Erfindung im Zeitpunkt des Angebots in den vorhandenen oder vorbereiteten Arbeitsbereich des Betriebes des Arbeitgebers fällt. Das Angebot kann gleichzeitig mit der Mitteilung nach § 18 abgegeben werden.</P><P>(2) Nimmt der Arbeitgeber das Angebot innerhalb von drei Monaten nicht an, so erlischt das Vorrecht.</P><P>(3) Erklärt sich der Arbeitgeber innerhalb der Frist des Absatzes 2 zum Erwerb des ihm angebotenen Rechts bereit, macht er jedoch geltend, daß die Bedingungen des Angebots nicht angemessen seien, so setzt das Gericht auf Antrag des Arbeitgebers oder des Arbeitnehmers die Bedingungen fest.</P><P>(4) Der Arbeitgeber oder der Arbeitnehmer kann eine andere Festsetzung der Bedingungen beantragen, wenn sich Umstände wesentlich ändern, die für die vereinbarten oder festgesetzten Bedingungen maßgebend waren.</P></Content>   </text></textdaten></norm>
<norm builddate="20221006213003" doknr="BJNR007560957BJNG000500306"><metadaten><jurabk>ArbnErfG</jurabk><gliederungseinheit><gliederungskennzahl>020030</gliederungskennzahl><gliederungsbez>3.</gliederungsbez><gliederungstitel>Technische Verbesserungsvorschläge</gliederungstitel></gliederungseinheit></metadaten><textdaten><text format="XML"><Content><P/></Content></text></textdaten></norm>
<norm builddate="20221006213003" doknr="BJNR007560957BJNE003100306"><metadaten><jurabk>ArbnErfG</jurabk><enbez>§ 20</enbez></metadaten><textdaten><text format="XML"><Content><P>(1) Für technische Verbesserungsvorschläge, die dem Arbeitgeber eine ähnliche Vorzugsstellung gewähren wie ein gewerbliches Schutzrecht, hat der Arbeitnehmer gegen den Arbeitgeber einen Anspruch auf angemessene Vergütung, sobald dieser sie verwertet. Die Bestimmungen der §§ 9 und 12 sind sinngemäß anzuwenden.</P><P>(2) Im übrigen bleibt die Behandlung technischer Verbesserungsvorschläge der Regelung durch Tarifvertrag oder Betriebsvereinbarung überlassen.</P></Content> </text></textdaten></norm>
<norm builddate="20221006213003" doknr="BJNR007560957BJNG000600306"><metadaten><jurabk>ArbnErfG</jurabk><gliederungseinheit><gliederungskennzahl>020040</gliederungskennzahl><gliederungsbez>4.</gliederungsbez><gliederungstitel>Gemeinsame Bestimmungen</gliederungstitel></gliederungseinheit></metadaten><textdaten><text format="XML"><Content><P/></Content></text></textdaten></norm>
<norm builddate="20221006213003" doknr="BJNR007560957BJNE003201140"><metadaten><jurabk>ArbnErfG</jurabk><enbez>§ 21</enbez><titel format="XML">(weggefallen)</titel></metadaten><textdaten><text format="XML"><Content><P>-</P></Content></text><fussnoten/></textdaten></norm>
<norm builddate="20221006213003" doknr="BJNR007560957BJNE003300306"><metadaten><jurabk>ArbnErfG</jurabk><enbez>§ 22</enbez><titel format="parat">Unabdingbarkeit</titel></metadaten><textdaten><text format="XML"><Content><P>Die Vorschriften dieses Gesetzes können zuungunsten des Arbeitnehmers nicht abgedungen werden. Zulässig sind jedoch Vereinbarungen über Diensterfindungen nach ihrer Meldung, über freie Erfindungen und technische Verbesserungsvorschläge (§ 20 Abs. 1) nach ihrer Mitteilung.</P></Content></text></textdaten></norm>
<norm builddate="20221006213003" doknr="BJNR007560957BJNE003401140"><metadaten><jurabk>ArbnErfG</jurabk><enbez>§ 23</enbez><titel format="XML">Unbilligkeit</titel></metadaten><textdaten><text format="XML"><Content><P>(1) Vereinbarungen über Diensterfindungen, freie Erfindungen oder technische Verbesserungsvorschläge (§ 20 Abs. 1), die nach diesem Gesetz zulässig sind, sind unwirksam, soweit sie in erheblichem Maße unbillig sind. Das gleiche gilt für die Festsetzung der Vergütung (§ 12 Abs. 4).</P><P>(2) Auf die Unbilligkeit einer Vereinbarung oder einer Festsetzung der Vergütung können sich Arbeitgeber und Arbeitnehmer nur berufen, wenn sie die Unbilligkeit spätestens bis zum Ablauf von sechs Monaten nach Beendigung des Arbeitsverhältnisses durch Erklärung in Textform gegenüber dem anderen Teil geltend machen.</P></Content></text><fussnoten/></textdaten></norm>
<norm builddate="20221006213003" doknr="BJNR007560957BJNE003501140"><metadaten><jurabk>ArbnErfG</jurabk><enbez>§ 24</enbez><titel format="XML">Geheimhaltungspflicht</titel></metadaten><textdaten><text format="XML"><Content><P>(1) Der Arbeitgeber hat die ihm gemeldete oder mitgeteilte Erfindung eines Arbeitnehmers so lange geheimzuhalten, als dessen berechtigte Belange dies erfordern.</P><P>(2) Der Arbeitnehmer hat eine Diensterfindung so lange geheimzuhalten, als sie nicht frei geworden ist (§ 8).</P><P>(3) Sonstige Personen, die auf Grund dieses Gesetzes von einer Erfindung Kenntnis erlangt haben, dürfen ihre Kenntnis weder auswerten noch bekanntgeben.</P></Content></text><fussnoten/></textdaten></norm>
<norm builddate="20221006213003" doknr="BJNR007560957BJNE003601140"><metadaten><jurabk>ArbnErfG</jurabk><enbez>§ 25</enbez><titel format="XML">Verpflichtungen aus dem Arbeitsverhältnis</titel></metadaten><textdaten><text format="XML"><Content><P>Sonstige Verpflichtungen, die sich für den Arbeitgeber und den Arbeitnehmer aus dem Arbeitsverhältnis ergeben, werden durch die Vorschriften dieses Gesetzes nicht berührt, soweit sich nicht daraus, daß die Erfindung frei geworden ist (§ 8), etwas anderes ergibt.</P></Content></text><fussnoten/></textdaten></norm>
<norm builddate="20221006213003" doknr="BJNR007560957BJNE003700306"><metadaten><jurabk>ArbnErfG</jurabk><enbez>§ 26</enbez><titel format="parat">Auflösung des Arbeitsverhältnisses</titel></metadaten><textdaten><text format="XML"><Content><P>Die Rechte und Pflichten aus diesem Gesetz werden durch die Auflösung des Arbeitsverhältnisses nicht berührt.</P></Content></text></textdaten></norm>
<norm builddate="20221006213003" doknr="BJNR007560957BJNE003802140"><metadaten><jurabk>ArbnErfG</jurabk><enbez>§ 27</enbez><titel format="XML">Insolvenzverfahren</titel></metadaten><textdaten><text format="XML"><Content><P>Wird nach Inanspruchnahme der Diensterfindung das Insolvenzverfahren über das Vermögen des Arbeitgebers eröffnet, so gilt folgendes: <DL Type="arabic"><DT>1.</DT><DD Font="normal"><LA>Veräußert der Insolvenzverwalter die Diensterfindung mit dem Geschäftsbetrieb, so tritt der Erwerber für die Zeit von der Eröffnung des Insolvenzverfahrens an in die Vergütungspflicht des Arbeitgebers ein.</LA></DD><DT>2.</DT><DD Font="normal"><LA>Verwertet der Insolvenzverwalter die Diensterfindung im Unternehmen des Schuldners, so hat er dem Arbeitnehmer eine angemessene Vergütung für die Verwertung aus der Insolvenzmasse zu zahlen.</LA></DD><DT>3.</DT><DD Font="normal"><LA>In allen anderen Fällen hat der Insolvenzverwalter dem Arbeitnehmer die Diensterfindung sowie darauf bezogene Schutzrechtspositionen spätestens nach Ablauf eines Jahres nach Eröffnung des Insolvenzverfahrens anzubieten; im Übrigen gilt § 16 entsprechend. Nimmt der Arbeitnehmer das Angebot innerhalb von zwei Monaten nach dessen Zugang nicht an, kann der Insolvenzverwalter die Erfindung ohne Geschäftsbetrieb veräußern oder das Recht aufgeben. Im Fall der Veräußerung kann der Insolvenzverwalter mit dem Erwerber vereinbaren, dass sich dieser verpflichtet, dem Arbeitnehmer die Vergütung nach § 9 zu zahlen. Wird eine solche Vereinbarung nicht getroffen, hat der Insolvenzverwalter dem Arbeitnehmer die Vergütung aus dem Veräußerungserlös zu zahlen.</LA></DD><DT>4.</DT><DD Font="normal"><LA>Im Übrigen kann der Arbeitnehmer seine Vergütungsansprüche nach den §§ 9 bis 12 nur als Insolvenzgläubiger geltend machen.</LA></DD></DL></P></Content></text><fussnoten/></textdaten></norm>
<norm builddate="20221006213003" doknr="BJNR007560957BJNG000700306"><metadaten><jurabk>ArbnErfG</jurabk><gliederungseinheit><gliederungskennzahl>020050</gliederungskennzahl><gliederungsbez>5.</gliederungsbez><gliederungstitel>Schiedsverfahren</gliederungstitel></gliederungseinheit></metadaten><textdaten><text format="XML"><Content><P/></Content></text></textdaten></norm>
<norm builddate="20221006213003" doknr="BJNR007560957BJNE003900306"><metadaten><jurabk>ArbnErfG</jurabk><enbez>§ 28</enbez><titel format="parat">Gütliche Einigung</titel></metadaten><textdaten><text format="XML"><Content><P>In allen Streitfällen zwischen Arbeitgeber und Arbeitnehmer auf Grund dieses Gesetzes kann jederzeit die Schiedsstelle angerufen werden. Die Schiedsstelle hat zu versuchen, eine gütliche Einigung herbeizuführen.</P></Content></text></textdaten></norm>
<norm builddate="20221006213003" doknr="BJNR007560957BJNE004001360"><metadaten><jurabk>ArbnErfG</jurabk><enbez>§ 29</enbez><titel format="XML">Errichtung der Schiedsstelle</titel></metadaten><textdaten><text format="XML"><Content><P>(1) Die Schiedsstelle wird beim Deutschen Patent- und Markenamt errichtet.</P><P>(2) Die Schiedsstelle kann außerhalb ihres Sitzes zusammentreten.</P></Content></text><fussnoten/></textdaten></norm>
<norm builddate="20221006213003" doknr="BJNR007560957BJNE004102360"><metadaten><jurabk>ArbnErfG</jurabk><enbez>§ 30</enbez><titel format="XML">Besetzung der Schiedsstelle</titel></metadaten><textdaten><text format="XML"><Content><P>(1) Die Schiedsstelle besteht aus einem Vorsitzenden oder seinem Vertreter und zwei Beisitzern.</P><P>(2) Der Vorsitzende und sein Vertreter sollen die Befähigung zum Richteramt nach dem Deutschen Richtergesetz besitzen. Sie werden vom Bundesministerium der Justiz und für Verbraucherschutz für die Dauer von vier Jahren berufen. Eine Wiederberufung ist zulässig.</P><P>(3) Die Beisitzer sollen auf dem Gebiet der Technik, auf das sich die Erfindung oder der technische Verbesserungsvorschlag bezieht, besondere Erfahrung besitzen. Sie werden vom Präsidenten des Deutschen Patent- und Markenamts aus den Mitgliedern oder Hilfsmitgliedern des Patentamts für den einzelnen Streitfall berufen.</P><P>(4) Auf Antrag eines Beteiligten ist die Besetzung der Schiedsstelle um je einen Beisitzer aus Kreisen der Arbeitgeber und der Arbeitnehmer zu erweitern. Diese Beisitzer werden vom Präsidenten des Deutschen Patent- und Markenamts aus Vorschlagslisten ausgewählt und für den einzelnen Streitfall bestellt. Zur Einreichung von Vorschlagslisten sind berechtigt die in § 11 genannten Spitzenorganisationen, ferner die Gewerkschaften und die selbständigen Vereinigungen von Arbeitnehmern mit sozial- oder berufspolitischer Zwecksetzung, die keiner dieser Spitzenorganisationen angeschlossen sind, wenn ihnen eine erhebliche Zahl von Arbeitnehmern angehört, von denen nach der ihnen im Betrieb obliegenden Tätigkeit erfinderische Leistungen erwartet werden.</P><P>(5) Der Präsident des Deutschen Patent- und Markenamts soll den Beisitzer nach Absatz 4 aus der Vorschlagsliste derjenigen Organisation auswählen, welcher der Beteiligte angehört, wenn der Beteiligte seine Zugehörigkeit zu einer Organisation vor der Auswahl der Schiedsstelle mitgeteilt hat.</P><P>(6) Die Dienstaufsicht über die Schiedsstelle führt der Vorsitzende, die Dienstaufsicht über den Vorsitzenden der Präsident des Deutschen Patent- und Markenamts. Die Mitglieder der Schiedsstelle sind an Weisungen nicht gebunden.</P></Content></text><fussnoten/></textdaten></norm>
<norm builddate="20221006213003" doknr="BJNR007560957BJNE004200306"><metadaten><jurabk>ArbnErfG</jurabk><enbez>§ 31</enbez><titel format="parat">Anrufung der Schiedsstelle</titel></metadaten><textdaten><text format="XML"><Content><P>(1) Die Anrufung der Schiedsstelle erfolgt durch schriftlichen Antrag. Der Antrag soll in zwei Stücken eingereicht werden. Er soll eine kurze Darstellung des Sachverhalts sowie Namen und Anschrift des anderen Beteiligten enthalten.</P><P>(2) Der Antrag wird vom Vorsitzenden der Schiedsstelle dem anderen Beteiligten mit der Aufforderung zugestellt, sich innerhalb einer bestimmten Frist zu dem Antrag schriftlich zu äußern.</P></Content> </text></textdaten></norm>
<norm builddate="20221006213003" doknr="BJNR007560957BJNE004300306"><metadaten><jurabk>ArbnErfG</jurabk><enbez>§ 32</enbez><titel format="parat">Antrag auf Erweiterung der Schiedsstelle</titel></metadaten><textdaten><text format="XML"><Content><P>Der Antrag auf Erweiterung der Besetzung der Schiedsstelle ist von demjenigen, der die Schiedsstelle anruft, zugleich mit der Anrufung (§ 31 Abs. 1), von dem anderen Beteiligten innerhalb von zwei Wochen nach Zustellung des die Anrufung enthaltenden Antrags (§ 31 Abs. 2) zu stellen.</P></Content></text></textdaten></norm>
<norm builddate="20221006213003" doknr="BJNR007560957BJNE004401307"><metadaten><jurabk>ArbnErfG</jurabk><enbez>§ 33</enbez><titel format="parat">Verfahren vor der Schiedsstelle</titel></metadaten><textdaten><text format="XML"><Content><P>(1) Auf das Verfahren vor der Schiedsstelle sind §§ 41 bis 48, 1042 Abs. 1 und § 1050 der Zivilprozeßordnung sinngemäß anzuwenden. § 1042 Abs. 2 der Zivilprozeßordnung ist mit der Maßgabe sinngemäß anzuwenden, daß auch Patentanwälte und Erlaubnisscheininhaber <I>(Artikel 3 des Zweiten Gesetzes zur Änderung und Überleitung von Vorschriften auf dem Gebiet des gewerblichen Rechtsschutzes vom 2. Juli 1949 - WiGBl. S. 179)</I> sowie Verbandsvertreter im Sinne des § 11 des Arbeitsgerichtsgesetzes von der Schiedsstelle nicht zurückgewiesen werden dürfen.</P><P>(2) Im übrigen bestimmt die Schiedsstelle das Verfahren selbst.</P></Content> </text><fussnoten><Content><P>§ 33 Abs. 1 Kursivdruck: Aufgeh. durch § 188 Nr. 2 G v. 7.9.1966 I 557 mWv 1.1.1967. Wegen der Fortgeltung von Erlaubnisscheinen vgl. § 177 G v. 7.9.1966 424-5-1</P></Content></fussnoten></textdaten></norm>
<norm builddate="20221006213003" doknr="BJNR007560957BJNE004500306"><metadaten><jurabk>ArbnErfG</jurabk><enbez>§ 34</enbez><titel format="parat">Einigungsvorschlag der Schiedsstelle</titel></metadaten><textdaten><text format="XML"><Content><P>(1) Die Schiedsstelle faßt ihre Beschlüsse mit Stimmenmehrheit, § 196 Abs. 2 des Gerichtsverfassungsgesetzes ist anzuwenden.</P><P>(2) Die Schiedsstelle hat den Beteiligten einen Einigungsvorschlag zu machen. Der Einigungsvorschlag ist zu begründen und von sämtlichen Mitgliedern der Schiedsstelle zu unterschreiben. Auf die Möglichkeit des Widerspruchs und die Folgen bei Versäumung der Widerspruchsfrist ist in dem Einigungsvorschlag hinzuweisen. Der Einigungsvorschlag ist den Beteiligten zuzustellen.</P><P>(3) Der Einigungsvorschlag gilt als angenommen und eine dem Inhalt des Vorschlags entsprechende Vereinbarung als zustande gekommen, wenn nicht innerhalb eines Monats nach Zustellung des Vorschlages ein schriftlicher Widerspruch eines der Beteiligten bei der Schiedsstelle eingeht.</P><P>(4) Ist einer der Beteiligten durch unabwendbaren Zufall verhindert worden, den Widerspruch rechtzeitig einzulegen, so ist er auf Antrag wieder in den vorigen Stand einzusetzen. Der Antrag muß innerhalb eines Monats nach Wegfall des Hindernisses schriftlich bei der Schiedsstelle eingereicht werden. Innerhalb dieser Frist ist der Widerspruch nachzuholen. Der Antrag muß die Tatsachen, auf die er gestützt wird, und die Mittel angeben, mit denen diese Tatsachen glaubhaft gemacht werden. Ein Jahr nach Zustellung des Einigungsvorschlages kann die Wiedereinsetzung nicht mehr beantragt und der Widerspruch nicht mehr nachgeholt werden.</P><P>(5) Über den Wiedereinsetzungsantrag entscheidet die Schiedsstelle. Gegen die Entscheidung der Schiedsstelle findet die sofortige Beschwerde nach den Vorschriften der Zivilprozeßordnung an das für den Sitz des Antragstellers zuständige Landgericht statt.</P></Content>    </text></textdaten></norm>
<norm builddate="20221006213003" doknr="BJNR007560957BJNE004600306"><metadaten><jurabk>ArbnErfG</jurabk><enbez>§ 35</enbez><titel format="parat">Erfolglose Beendigung des Schiedsverfahrens</titel></metadaten><textdaten><text format="XML"><Content><P>(1) Das Verfahren vor der Schiedsstelle ist erfolglos beendet, <DL Font="normal" Type="arabic"><DT>1.</DT><DD Font="normal"><LA Size="normal">wenn sich der andere Beteiligte innerhalb der ihm nach § 31 Abs. 2 gesetzten Frist nicht geäußert hat;</LA></DD> <DT>2.</DT><DD Font="normal"><LA Size="normal">wenn er es abgelehnt hat, sich auf das Verfahren vor der Schiedsstelle einzulassen;</LA></DD> <DT>3.</DT><DD Font="normal"><LA Size="normal">wenn innerhalb der Frist des § 34 Abs. 3 ein schriftlicher Widerspruch eines der Beteiligten bei der Schiedsstelle eingegangen ist.</LA></DD> </DL> </P><P>(2) Der Vorsitzende der Schiedsstelle teilt die erfolglose Beendigung des Schiedsverfahrens den Beteiligten mit.</P></Content></text></textdaten></norm>
<norm builddate="20221006213003" doknr="BJNR007560957BJNE004700306"><metadaten><jurabk>ArbnErfG</jurabk><enbez>§ 36</enbez><titel format="parat">Kosten des Schiedsverfahrens</titel></metadaten><textdaten><text format="XML"><Content><P>Im Verfahren vor der Schiedsstelle werden keine Gebühren oder Auslagen erhoben.</P></Content></text></textdaten></norm>
<norm builddate="20221006213003" doknr="BJNR007560957BJNG000800306"><metadaten><jurabk>ArbnErfG</jurabk><gliederungseinheit><gliederungskennzahl>020060</gliederungskennzahl><gliederungsbez>6.</gliederungsbez><gliederungstitel>Gerichtliches Verfahren</gliederungstitel></gliederungseinheit></metadaten><textdaten><text format="XML"><Content><P/></Content></text></textdaten></norm>
<norm builddate="20221006213003" doknr="BJNR007560957BJNE004800306"><metadaten><jurabk>ArbnErfG</jurabk><enbez>§ 37</enbez><titel format="parat">Voraussetzungen für die Erhebung der Klage</titel></metadaten><textdaten><text format="XML"><Content><P>(1) Rechte oder Rechtsverhältnisse, die in diesem Gesetz geregelt sind, können im Wege der Klage erst geltend gemacht werden, nachdem ein Verfahren vor der Schiedsstelle vorausgegangen ist.</P><P>(2) Dies gilt nicht, <DL Font="normal" Type="arabic"><DT>1.</DT><DD Font="normal"><LA Size="normal">wenn mit der Klage Rechte aus einer Vereinbarung (§§ 12, 19, 22, 34) geltend gemacht werden oder die Klage darauf gestützt wird, daß die Vereinbarung nicht rechtswirksam sei;</LA></DD> <DT>2.</DT><DD Font="normal"><LA Size="normal">wenn seit der Anrufung der Schiedsstelle sechs Monate verstrichen sind;</LA></DD> <DT>3.</DT><DD Font="normal"><LA Size="normal">wenn der Arbeitnehmer aus dem Betrieb des Arbeitgebers ausgeschieden ist;</LA></DD> <DT>4.</DT><DD Font="normal"><LA Size="normal">wenn die Parteien vereinbart haben, von der Anrufung der Schiedsstelle abzusehen. Diese Vereinbarung kann erst getroffen werden, nachdem der Streitfall (§ 28) eingetreten ist. Sie bedarf der Schriftform.</LA></DD> </DL> </P><P>(3) Einer Vereinbarung nach Absatz 2 Nr. 4 steht es gleich, wenn beide Parteien zur Hauptsache mündlich verhandelt haben, ohne geltend zu machen, daß die Schiedsstelle nicht angerufen worden ist.</P><P>(4) Der vorherigen Anrufung der Schiedsstelle bedarf es ferner nicht für Anträge auf Anordnung eines Arrestes oder einer einstweiligen Verfügung.</P><P>(5) Die Klage ist nach Erlaß eines Arrestes oder einer einstweiligen Verfügung ohne die Beschränkung des Absatzes 1 zulässig, wenn der Partei nach den §§ 926, 936 der Zivilprozeßordnung eine Frist zur Erhebung der Klage bestimmt worden ist.</P></Content>   </text></textdaten></norm>
<norm builddate="20221006213003" doknr="BJNR007560957BJNE004900306"><metadaten><jurabk>ArbnErfG</jurabk><enbez>§ 38</enbez><titel format="parat">Klage auf angemessene Vergütung</titel></metadaten><textdaten><text format="XML"><Content><P>Besteht Streit über die Höhe der Vergütung, so kann die Klage auch auf Zahlung eines vom Gericht zu bestimmenden angemessenen Betrages gerichtet werden.</P></Content></text></textdaten></norm>
<norm builddate="20221006213003" doknr="BJNR007560957BJNE005002307"><metadaten><jurabk>ArbnErfG</jurabk><enbez>§ 39</enbez><titel format="parat">Zuständigkeit</titel></metadaten><textdaten><text format="XML"><Content><P>(1) Für alle Rechtsstreitigkeiten über Erfindungen eines Arbeitnehmers sind die für Patentstreitsachen zuständigen Gerichte (§ 143 des Patentgesetzes) ohne Rücksicht auf den Streitwert ausschließlich zuständig. Die Vorschriften über das Verfahren in Patentstreitsachen sind anzuwenden.</P><P>(2) Ausgenommen von der Regelung des Absatzes 1 sind Rechtsstreitigkeiten, die ausschließlich Ansprüche auf Leistung einer festgestellten oder festgesetzten Vergütung für eine Erfindung zum Gegenstand haben.</P></Content> </text><fussnoten/></textdaten></norm>
<norm builddate="20221006213003" doknr="BJNR007560957BJNG000900306"><metadaten><jurabk>ArbnErfG</jurabk><gliederungseinheit><gliederungskennzahl>030</gliederungskennzahl><gliederungsbez>Dritter Abschnitt</gliederungsbez><gliederungstitel>Erfindungen und technische
Verbesserungsvorschläge von Arbeitnehmern im öffentlichen Dienst,
von Beamten und Soldaten</gliederungstitel></gliederungseinheit></metadaten><textdaten><text format="XML"><Content><P/></Content></text></textdaten></norm>
<norm builddate="20221006213003" doknr="BJNR007560957BJNE005100306"><metadaten><jurabk>ArbnErfG</jurabk><enbez>§ 40</enbez><titel format="parat">Arbeitnehmer im öffentlichen Dienst</titel></metadaten><textdaten><text format="XML"><Content><P>Auf Erfindungen und technische Verbesserungsvorschläge von Arbeitnehmern, die in Betrieben und Verwaltungen des Bundes, der Länder, der Gemeinden und sonstigen Körperschaften, Anstalten und Stiftungen des öffentlichen Rechts beschäftigt sind, sind die Vorschriften für Arbeitnehmer im privaten Dienst mit folgender Maßgabe anzuwenden: <DL Font="normal" Type="arabic"><DT>1.</DT><DD Font="normal"><LA Size="normal">An Stelle der Inanspruchnahme der Diensterfindung kann der Arbeitgeber eine angemessene Beteiligung an dem Ertrag der Diensterfindung in Anspruch nehmen, wenn dies vorher vereinbart worden ist. Über die Höhe der Beteiligung können im voraus bindende Abmachungen getroffen werden. Kommt eine Vereinbarung über die Höhe der Beteiligung nicht zustande, so hat der Arbeitgeber sie festzusetzen. § 12 Abs. 3 bis 6 ist entsprechend anzuwenden.</LA></DD> <DT>2.</DT><DD Font="normal"><LA Size="normal">Die Behandlung von technischen Verbesserungsvorschlägen nach § 20 Abs. 2 kann auch durch Dienstvereinbarung geregelt werden; Vorschriften, nach denen die Einigung über die Dienstvereinbarung durch die Entscheidung einer höheren Dienststelle oder einer dritten Stelle ersetzt werden kann, finden keine Anwendung.</LA></DD> <DT>3.</DT><DD Font="normal"><LA Size="normal">Dem Arbeitnehmer können im öffentlichen Interesse durch allgemeine Anordnung der zuständigen obersten Dienstbehörde Beschränkungen hinsichtlich der Art der Verwertung der Diensterfindung auferlegt werden.</LA></DD> <DT>4.</DT><DD Font="normal"><LA Size="normal">Zur Einreichung von Vorschlagslisten für Arbeitgeberbeisitzer (§ 30 Abs. 4) sind auch die Bundesregierung und die Landesregierungen berechtigt.</LA></DD> <DT>5.</DT><DD Font="normal"><LA Size="normal">Soweit öffentliche Verwaltungen eigene Schiedsstellen zur Beilegung von Streitigkeiten auf Grund dieses Gesetzes errichtet haben, finden die Vorschriften der §§ 29 bis 32 keine Anwendung.</LA></DD> </DL></P></Content></text></textdaten></norm>
<norm builddate="20221006213003" doknr="BJNR007560957BJNE005200306"><metadaten><jurabk>ArbnErfG</jurabk><enbez>§ 41</enbez><titel format="parat">Beamte, Soldaten</titel></metadaten><textdaten><text format="XML"><Content><P>Auf Erfindungen und technische Verbesserungsvorschläge von Beamten und Soldaten sind die Vorschriften für Arbeitnehmer im öffentlichen Dienst entsprechend anzuwenden.</P></Content></text></textdaten></norm>
<norm builddate="20221006213003" doknr="BJNR007560957BJNE005301377"><metadaten><jurabk>ArbnErfG</jurabk><enbez>§ 42</enbez><titel format="parat">Besondere Bestimmungen für Erfindungen an Hochschulen</titel></metadaten><textdaten><text format="XML"><Content><P>Für Erfindungen der an einer Hochschule Beschäftigten gelten folgende besonderen Bestimmungen: <DL Font="normal" Type="arabic"><DT>1.</DT><DD Font="normal"><LA Size="normal">Der Erfinder ist berechtigt, die Diensterfindung im Rahmen seiner Lehr- und Forschungstätigkeit zu offenbaren, wenn er dies dem Dienstherrn rechtzeitig, in der Regel zwei Monate zuvor, angezeigt hat. § 24 Abs. 2 findet insoweit keine Anwendung.</LA></DD> <DT>2.</DT><DD Font="normal"><LA Size="normal">Lehnt ein Erfinder aufgrund seiner Lehr- und Forschungsfreiheit die Offenbarung seiner Diensterfindung ab, so ist er nicht verpflichtet, die Erfindung dem Dienstherrn zu melden. Will der Erfinder seine Erfindung zu einem späteren Zeitpunkt offenbaren, so hat er dem Dienstherrn die Erfindung unverzüglich zu melden.</LA></DD> <DT>3.</DT><DD Font="normal"><LA Size="normal">Dem Erfinder bleibt im Fall der Inanspruchnahme der Diensterfindung ein nichtausschließliches Recht zur Benutzung der Diensterfindung im Rahmen seiner Lehr- und Forschungstätigkeit.</LA></DD> <DT>4.</DT><DD Font="normal"><LA Size="normal">Verwertet der Dienstherr die Erfindung, beträgt die Höhe der Vergütung 30 vom Hundert der durch die Verwertung erzielten Einnahmen.</LA></DD> <DT>5.</DT><DD Font="normal"><LA Size="normal">§ 40 Nr. 1 findet keine Anwendung.</LA></DD> </DL></P></Content></text><fussnoten/></textdaten></norm>
<norm builddate="20221006213003" doknr="BJNR007560957BJNG001000306"><metadaten><jurabk>ArbnErfG</jurabk><gliederungseinheit><gliederungskennzahl>040</gliederungskennzahl><gliederungsbez>Vierter Abschnitt</gliederungsbez><gliederungstitel>Übergangs- und Schlußbestimmungen</gliederungstitel></gliederungseinheit></metadaten><textdaten><text format="XML"><Content><P/></Content></text></textdaten></norm>
<norm builddate="20221006213003" doknr="BJNR007560957BJNE005402140"><metadaten><jurabk>ArbnErfG</jurabk><enbez>§ 43</enbez><titel format="XML">Übergangsvorschrift</titel></metadaten><textdaten><text format="XML"><Content><P>(1) § 42 in der am 7. Februar 2002 (BGBl. I S. 414) geltenden Fassung dieses Gesetzes findet nur Anwendung auf Erfindungen, die nach dem 6. Februar 2002 gemacht worden sind. Abweichend von Satz 1 ist in den Fällen, in denen sich Professoren, Dozenten oder wissenschaftliche Assistenten an einer wissenschaftlichen Hochschule zur Übertragung der Rechte an einer Erfindung gegenüber einem Dritten vor dem 18. Juli 2001 vertraglich verpflichtet haben, § 42 des Gesetzes über Arbeitnehmererfindungen in der bis zum 6. Februar 2002 geltenden Fassung bis zum 7. Februar 2003 weiter anzuwenden.</P><P>(2) Für die vor dem 7. Februar 2002 von den an einer Hochschule Beschäftigten gemachten Erfindungen sind die Vorschriften des Gesetzes über Arbeitnehmererfindungen in der bis zum 6. Februar 2002 geltenden Fassung anzuwenden. Das Recht der Professoren, Dozenten und wissenschaftlichen Assistenten an einer wissenschaftlichen Hochschule, dem Dienstherrn ihre vor dem 6. Februar 2002 gemachten Erfindungen anzubieten, bleibt unberührt.</P><P>(3) Auf Erfindungen, die vor dem 1. Oktober 2009 gemeldet wurden, sind die Vorschriften dieses Gesetzes in der bis zum 30. September 2009 geltenden Fassung weiter anzuwenden. Für technische Verbesserungsvorschläge gilt Satz 1 entsprechend.</P></Content></text><fussnoten/></textdaten></norm>
<norm builddate="20221006213003" doknr="BJNR007560957BJNE005501377"><metadaten><jurabk>ArbnErfG</jurabk><enbez>§ 44</enbez><titel format="XML">(weggefallen)</titel></metadaten><textdaten><text format="XML"><Content><P/></Content></text><fussnoten/></textdaten></norm>
<norm builddate="20221006213003" doknr="BJNR007560957BJNE005601360"><metadaten><jurabk>ArbnErfG</jurabk><enbez>§ 45</enbez><titel format="XML">Durchführungsbestimmungen</titel></metadaten><textdaten><text format="XML"><Content><P>Das Bundesministerium der Justiz und für Verbraucherschutz wird ermächtigt, im Einvernehmen mit dem Bundesministerium für Arbeit und Soziales die für die Erweiterung der Besetzung der Schiedsstelle (§ 30 Abs. 4 und 5) erforderlichen Durchführungsbestimmungen zu erlassen. Insbesondere kann es bestimmen, <DL Font="normal" Type="arabic"><DT>1.</DT><DD Font="normal"><LA Size="normal">welche persönlichen Voraussetzungen Personen erfüllen müssen, die als Beisitzer aus Kreisen der Arbeitgeber oder der Arbeitnehmer vorgeschlagen werden;</LA></DD><DT>2.</DT><DD Font="normal"><LA Size="normal">wie die auf Grund der Vorschlagslisten ausgewählten Beisitzer für ihre Tätigkeit zu entschädigen sind.</LA></DD></DL></P></Content></text><fussnoten/></textdaten></norm>
<norm builddate="20221006213003" doknr="BJNR007560957BJNE005700306"><metadaten><jurabk>ArbnErfG</jurabk><enbez>§ 46</enbez><titel format="parat">Außerkrafttreten von Vorschriften</titel></metadaten><textdaten><text format="XML"><Content><P><I>Mit dem Inkrafttreten dieses Gesetzes werden folgende Vorschriften aufgehoben, soweit sie nicht bereits außer Kraft getreten sind:</I> <DL Font="normal" Type="arabic"><DT><I>1.</I></DT><DD Font="normal"><LA Size="normal"><I>die Verordnung über die Behandlung von Erfindungen von Gefolgschaftsmitgliedern vom 12. Juli 1942 (Reichsgesetzbl. I S. 466);</I></LA></DD> <DT><I>2.</I></DT><DD Font="normal"><LA Size="normal"><I>die Durchführungsverordnung zur Verordnung über die Behandlung von Erfindungen von Gefolgschaftsmitgliedern vom 20. März 1943 (Reichsgesetzbl. I S. 257).</I></LA></DD> </DL></P></Content></text><fussnoten/></textdaten></norm>
<norm builddate="20221006213003" doknr="BJNR007560957BJNE005801307"><metadaten><jurabk>ArbnErfG</jurabk><enbez>§ 47</enbez><titel format="XML">(weggefallen)</titel></metadaten><textdaten><text format="XML"><Content><P/></Content></text><fussnoten/></textdaten></norm>
<norm builddate="20221006213003" doknr="BJNR007560957BJNE005901140"><metadaten><jurabk>ArbnErfG</jurabk><enbez>§ 48</enbez><titel format="XML">(weggefallen)</titel></metadaten><textdaten><text format="XML"><Content><P>-</P></Content></text><fussnoten/></textdaten></norm>
<norm builddate="20221006213003" doknr="BJNR007560957BJNE006000306"><metadaten><jurabk>ArbnErfG</jurabk><enbez>§ 49</enbez><titel format="parat">Inkrafttreten</titel></metadaten><textdaten><text format="XML"><Content><P>Dieses Gesetz tritt am 1. Oktober 1957 in Kraft.</P></Content></text></textdaten></norm>
</dokumente>