<?xml version="1.0" encoding="UTF-8" ?><!DOCTYPE dokumente SYSTEM "http://www.gesetze-im-internet.de/dtd/1.01/gii-norm.dtd">
<dokumente builddate="20130405124654" doknr="BJNR002810957"><norm builddate="20130405124654" doknr="BJNR002810957"><metadaten><jurabk>BEGDV 4</jurabk><amtabk>4. DV-BEG</amtabk><ausfertigung-datum manuell="ja">1957-03-15</ausfertigung-datum><fundstelle typ="amtlich"><periodikum>BGBl I</periodikum><zitstelle>1957, 281</zitstelle></fundstelle><langue>Vierte Verordnung zur Durchführung des Bundesentschädigungsgesetzes</langue></metadaten><textdaten><text format="XML"><Content><P/></Content></text><fussnoten><Content><P>Überschrift: Im Saarland eingeführt durch G Nr. 658 ABl. des Saarlandes 1959 S. 759 <BR/> <BR/>(+++ Textnachweis Geltung ab:  1. 1.1964 +++)</P></Content></fussnoten></textdaten></norm>
<norm builddate="20130405124654" doknr="BJNR002810957BJNE000100325"><metadaten><jurabk>BEGDV 4</jurabk><enbez>Eingangsformel</enbez></metadaten><textdaten><text format="XML"><Content><P>Auf Grund des § 182 Abs. 3 des Bundesgesetzes zur Entschädigung für Opfer der nationalsozialistischen Verfolgung (Bundesentschädigungsgesetz) in der Fassung des Gesetzes vom 29. Juni 1956 (Bundesgesetzbl. I S. 559) wird mit Zustimmung des Bundesrates verordnet:</P></Content></text></textdaten></norm>
<norm builddate="20130405124654" doknr="BJNR002810957BJNE000200325"><metadaten><jurabk>BEGDV 4</jurabk><enbez>§ 1</enbez></metadaten><textdaten><text format="XML"><Content><P>(1) Kosten, die den Versicherungseinrichtungen für ihre Mitwirkung nach § 182 Abs. 1 des Bundesentschädigungsgesetzes entstehen, sind ihnen nach folgenden Pauschsätzen zu erstatten: <DL Font="normal" Type="arabic"><DT>1.</DT><DD Font="normal"><LA Size="normal">bei Auskünften auf Grund einfacher Ermittlungen<DL Font="normal" Type="arabic"><DT/><DD Font="normal"><LA Size="normal">3 Deutsche Mark je Versicherungsschein;</LA></DD> </DL></LA></DD> <DT>2.</DT><DD Font="normal"><LA Size="normal">bei Auskünften auf Grund umfangreicher Ermittlungen oder mit versicherungstechnischen Berechnungen<DL Font="normal" Type="arabic"><DT/><DD Font="normal"><LA Size="normal">6 Deutsche Mark je Versicherungsschein;</LA></DD> </DL></LA></DD> <DT>3.</DT><DD Font="normal"><LA Size="normal">bei Auskünften mit versicherungstechnischen Berechnungen in besonders schwierigen Fällen mit nachweislich erhöhtem Kostenaufwand<DL Font="normal" Type="arabic"><DT/><DD Font="normal"><LA Size="normal">9 Deutsche Mark je Versicherungsschein.</LA></DD> </DL> </LA></DD> </DL></P><P>(2) Bei Auskünften über die für den Berechtigten günstigere Entschädigung gemäß § 128 Abs. 3 und § 129 Abs. 3 des Bundesentschädigungsgesetzes erhöhen sich die Pauschsätze nach Absatz 1 Nr. 2 und 3 jeweils um 3 Deutsche Mark.</P></Content></text></textdaten></norm>
<norm builddate="20130405124654" doknr="BJNR002810957BJNE000300325"><metadaten><jurabk>BEGDV 4</jurabk><enbez>§ 2</enbez></metadaten><textdaten><text format="XML"><Content><P>Diese Verordnung gilt nach § 14 des Dritten Überleitungsgesetzes vom 4. Januar 1952 (Bundesgesetzbl. I S. 1) in Verbindung mit § 240 des Bundesentschädigungsgesetzes auch im Land Berlin; <I>sie gilt nicht im Saarland.</I></P></Content></text><fussnoten><Content><P>§ 2 Kursivdruck: Überholt durch Einführung der V. im Saarland durch G Nr. 658 ABl. des Saarlandes 1959 S. 759</P></Content></fussnoten></textdaten></norm>
<norm builddate="20130405124654" doknr="BJNR002810957BJNE000400325"><metadaten><jurabk>BEGDV 4</jurabk><enbez>§ 3</enbez></metadaten><textdaten><text format="XML"><Content><P>(1) Diese Verordnung tritt mit Wirkung vom 1. April 1956 in Kraft.</P><P>(2) Soweit vor der Verkündung dieser Verordnung Kosten nach der Bekanntmachung des Präsidenten des Bundesaufsichtsamtes für das Versicherungs- und Bausparwesen vom 19. Februar 1954 (Bundesanzeiger Nr. 37 vom 23. Februar 1954) erstattet worden sind, behält es hierbei sein Bewenden.</P></Content> </text></textdaten></norm>
<norm builddate="20130405124654" doknr="BJNR002810957BJNE000500325"><metadaten><jurabk>BEGDV 4</jurabk><enbez>Schlußformel</enbez></metadaten><textdaten><text format="XML"><Content><P><SP>Der Bundesminister für Wirtschaft</SP></P></Content></text></textdaten></norm>
</dokumente>