<?xml version="1.0" encoding="UTF-8" ?><!DOCTYPE dokumente SYSTEM "http://www.gesetze-im-internet.de/dtd/1.01/gii-norm.dtd">
<dokumente builddate="20120625154431" doknr="BJNR003490933"><norm builddate="20120625154431" doknr="BJNR003490933"><metadaten><jurabk>AuslVerbindlG</jurabk><ausfertigung-datum manuell="ja">1933-06-09</ausfertigung-datum><fundstelle typ="amtlich"><periodikum>RGBl I</periodikum><zitstelle>1933, 349</zitstelle></fundstelle><langue>Gesetz über Zahlungsverbindlichkeiten gegenüber dem Ausland</langue><standangabe checked="ja"><standtyp>Stand</standtyp><standkommentar>Geändert durch Art. 4 G v. 18.3.1975 I 705</standkommentar></standangabe></metadaten><textdaten><fussnoten><Content><P>(+++ Textnachweis Geltung ab: 21.3.1975 +++)</P></Content></fussnoten></textdaten></norm>
<norm builddate="20120625154431" doknr="BJNR003490933BJNE000100326"><metadaten><jurabk>AuslVerbindlG</jurabk><enbez>Eingangsformel</enbez></metadaten><textdaten><text format="XML"><Content><P>Die Reichsregierung hat das folgende Gesetz beschlossen, das hiermit verkündet wird:</P></Content></text></textdaten></norm>
<norm builddate="20120625154431" doknr="BJNR003490933BJNE000200326"><metadaten><jurabk>AuslVerbindlG</jurabk><enbez>§ 1</enbez></metadaten><textdaten><text format="XML"><Content><P>-</P></Content></text><fussnoten/></textdaten></norm>
<norm builddate="20120625154431" doknr="BJNR003490933BJNE000300326"><metadaten><jurabk>AuslVerbindlG</jurabk><enbez>§ 2</enbez></metadaten><textdaten><text format="XML"><Content><P>(1) Es wird eine Konversionskasse für deutsche Auslandsschulden errichtet. Die Konversionskasse ist eine Körperschaft des öffentlichen Rechts; sie steht unter Aufsicht des Bundesministers der Finanzen ... . Der Bundesminister der Finanzen bestellt die verantwortlichen Organe.</P><P>(2) Die übrigen Rechtsverhältnisse der Konversionskasse regelt die Satzung, die der Bundesminister der Finanzen feststellt.</P><P>(3) Von den Steuern, die das <I>Reich,</I> die Länder und die Gemeinden (Gemeindeverbände) vom Einkommen, vom Vermögen sowie vom Gewerbebetrieb erheben, ist die Konversionskasse befreit.</P></Content>  </text><fussnoten/></textdaten></norm>
<norm builddate="20120625154431" doknr="BJNR003490933BJNE000400326"><metadaten><jurabk>AuslVerbindlG</jurabk><enbez>§ 3</enbez></metadaten><textdaten><text format="XML"><Content><P>Die eingezahlten Beträge ... werden den ausländischen Gläubigern gutgeschrieben. Die Ansprüche der Gläubiger aus der Gutschrift bestimmen sich nach Grundsätzen, die in der Satzung der Konversionskasse festgelegt werden. ...</P></Content></text><fussnoten/></textdaten></norm>
<norm builddate="20120625154431" doknr="BJNR003490933BJNE000500326"><metadaten><jurabk>AuslVerbindlG</jurabk><enbez>(XXXX) §§ 4 bis 6</enbez></metadaten><textdaten><text format="XML"><Content><P/></Content></text><fussnoten/></textdaten></norm>
<norm builddate="20120625154431" doknr="BJNR003490933BJNE000600326"><metadaten><jurabk>AuslVerbindlG</jurabk><enbez>§ 7</enbez></metadaten><textdaten><text format="XML"><Content><P>(1) Die <I>Reichsregierung</I> erläßt die zur Durchführung dieses Gesetzes erforderlichen Rechtsverordnungen und Verwaltungsvorschriften. ...</P><P>(2)</P></Content> </text><fussnoten/></textdaten></norm>
<norm builddate="20120625154431" doknr="BJNR003490933BJNE000700326"><metadaten><jurabk>AuslVerbindlG</jurabk><enbez>§ 8</enbez></metadaten><textdaten><text format="XML"><Content><P>Das Gesetz tritt am 1. Juli 1933 in Kraft; ... .</P></Content></text><fussnoten/></textdaten></norm>
</dokumente>