<?xml version="1.0" encoding="UTF-8" ?><!DOCTYPE dokumente SYSTEM "http://www.gesetze-im-internet.de/dtd/1.01/gii-norm.dtd">
<dokumente builddate="20120625155204" doknr="BJNR205990988"><norm builddate="20120625155204" doknr="BJNR205990988"><metadaten><jurabk>AtHaftAbk CHE</jurabk><ausfertigung-datum manuell="ja">1986-10-22</ausfertigung-datum><fundstelle typ="amtlich"><periodikum>BGBl II</periodikum><zitstelle>1986, 599</zitstelle></fundstelle><langue>Abkommen zwischen der Bundesrepublik Deutschland und der Schweizerischen
Eidgenossenschaft über die Haftung gegenüber Dritten auf dem Gebiet der
Kernenergie</langue></metadaten><textdaten><text format="decorated"/><fussnoten><Content><P>G v. 28.6.1988 II 598 <BR/>Inkraft gem. Bek. v. 30.9.1988 II 955 mWv 21.9.1988</P></Content></fussnoten></textdaten></norm>
</dokumente>