<?xml version="1.0" encoding="UTF-8" ?><!DOCTYPE dokumente SYSTEM "http://www.gesetze-im-internet.de/dtd/1.01/gii-norm.dtd">
<dokumente builddate="20220420213002" doknr="BJNR005810980"><norm builddate="20220420213002" doknr="BJNR005810980"><metadaten><jurabk>SGÄndG 13</jurabk><ausfertigung-datum manuell="ja">1980-05-22</ausfertigung-datum><fundstelle typ="amtlich"><periodikum>BGBl I</periodikum><zitstelle>1980, 581</zitstelle></fundstelle><langue>Dreizehntes Gesetz zur Änderung des Soldatengesetzes</langue></metadaten><textdaten><text format="XML"><Content><P/></Content></text><fussnoten><Content><P><BR/> <pre xml:space="preserve">(+++ Textnachweis ab: 1.6.1980 +++)<BR/><BR/></pre></P></Content></fussnoten></textdaten></norm>
<norm builddate="20220420213002" doknr="BJNR005810980BJNE000100314"><metadaten><jurabk>SGÄndG 13</jurabk><enbez>(XXXX) Art 1 bis Art 5</enbez><titel format="XML">(weggefallen)</titel></metadaten><textdaten><text format="XML"><Content><P>-</P></Content></text><fussnoten/></textdaten></norm>
<norm builddate="20220420213002" doknr="BJNR005810980BJNE000200314"><metadaten><jurabk>SGÄndG 13</jurabk><enbez>Art 6</enbez><titel format="parat">Übergangsvorschrift</titel></metadaten><textdaten><text format="XML"><Content><P>(1) § 44 Abs. 2 in Verbindung mit § 45 Abs. 2 Nr. 3 des Soldatengesetzes in der Fassung des Artikels 1 ist auf Offiziere in Verwendungen als Kampfbeobachter in strahlgetriebenen Kampfflugzeugen, die vor dem Inkrafttreten dieses Gesetzes zu Berufssoldaten ernannt worden sind, nur dann anzuwenden, wenn diese sich damit unwiderruflich einverstanden erklärt haben. Das Einverständnis ist bis 31. Dezember 1984 oder bis zur Vollendung des siebenunddreißigsten Lebensjahrs, falls dieser Zeitpunkt später liegt, schriftlich zu erklären.</P><P>(2) Ein Berufssoldat, der wegen Annahme der Wahl zum Bundestag oder zu einem Landtag in den Ruhestand getreten ist und der auf Grund des § 36 des Abgeordnetengesetzes vom 18. Februar 1977 (BGBl. I S. 297) oder entsprechender Rechtsvorschriften als wieder in das Dienstverhältnis eines Berufssoldaten berufen gilt, kann jeweils mit Ablauf des 31. März oder des 30. September in den Ruhestand versetzt werden, wenn er die in § 45 Abs. 2 Nr. 2 des Soldatengesetzes in der Fassung der Bekanntmachung vom 19. August 1975 (BGBl. I S. 2273), zuletzt geändert durch <I>Artikel 6 des Gesetzes vom 30. Juli 1979 (BGBl. I S. 1301),</I> festgesetzte besondere Altersgrenze des Dienstgrads überschritten hat, der ihm bei Eintritt in den Ruhestand verliehen war; versorgungsrechtlich gilt er in diesem Fall als wegen Überschreitens der für diesen Dienstgrad festgesetzten besonderen Altersgrenze in den Ruhestand versetzt.</P></Content> </text></textdaten></norm>
<norm builddate="20220420213002" doknr="BJNR005810980BJNE000300314"><metadaten><jurabk>SGÄndG 13</jurabk><enbez>Art 7</enbez><titel format="parat">Schlußvorschrift</titel></metadaten><textdaten><text format="XML"><Content><P>Dieses Gesetz tritt mit Ausnahme des Artikels 3 am ersten Tage des auf die Verkündung folgenden Kalendermonats in Kraft. Artikel 3 tritt mit Wirkung vom 1. Januar 1980 in Kraft.</P></Content></text></textdaten></norm>
</dokumente>