<?xml version="1.0" encoding="UTF-8" ?><!DOCTYPE dokumente SYSTEM "http://www.gesetze-im-internet.de/dtd/1.01/gii-norm.dtd">
<dokumente builddate="20131008093836" doknr="BJNR207030964"><norm builddate="20131008093836" doknr="BJNR207030964"><metadaten><jurabk>FamBhVbg FRA</jurabk><ausfertigung-datum manuell="ja">1963-12-20</ausfertigung-datum><fundstelle typ="amtlich"><periodikum>BGBl II</periodikum><zitstelle>1964, 703</zitstelle></fundstelle><langue>Vereinbarung zwischen der Bundesrepublik Deutschland und Frankreich über
die Familienbeihilfen für Grenzgänger</langue></metadaten><textdaten><text format="decorated"/><fussnoten><Content><P>Inkraft gem. Bek. v. 30.5.1964 II 702 mWv 1.2.1964</P></Content></fussnoten></textdaten></norm>
</dokumente>