<?xml version="1.0" encoding="UTF-8" ?><!DOCTYPE dokumente SYSTEM "http://www.gesetze-im-internet.de/dtd/1.01/gii-norm.dtd">
<dokumente builddate="20120625151434" doknr="BJNR003720933"><norm builddate="20120625151434" doknr="BJNR003720933"><metadaten><jurabk>BauSparVetrAbwV</jurabk><ausfertigung-datum manuell="ja">1933-06-09</ausfertigung-datum><fundstelle typ="amtlich"><periodikum>RGBl I</periodikum><zitstelle>1933, 372</zitstelle></fundstelle><langue>Durchführungs- und Ergänzungsverordnung über die vereinfachte Abwicklung von Bausparverträgen</langue></metadaten><textdaten><text format="XML"><Content><P/></Content></text><fussnoten><Content><P><BR/> <pre xml:space="preserve">(+++ Textnachweis Geltung ab: 1.1.1964 +++)<BR/>(+++ Diese V ist gem. § 20 Abs. 6 G v. 16.11.1972 I 2097<BR/>     nicht anzuwenden auf nach dem 1.1.1973<BR/>     abgeschlossene Bausparverträge +++)<BR/><BR/></pre></P></Content></fussnoten></textdaten></norm>
<norm builddate="20120625151434" doknr="BJNR003720933BJNE000100328"><metadaten><jurabk>BauSparVetrAbwV</jurabk><enbez>Eingangsformel</enbez></metadaten><textdaten><text format="XML"><Content><P>Auf Grund des § 7 des - nachstehend Notverordnung genannten - Kapitels V des Ersten Teils der Verordnung des Reichspräsidenten über Maßnahmen auf dem Gebiet der Rechtspflege und Verwaltung vom 14. Juni 1932 (Reichsgesetzbl. I S. 285, 288) wird im Einvernehmen mit dem Reichsarbeitsminister verordnet:</P></Content></text></textdaten></norm>
<norm builddate="20120625151434" doknr="BJNR003720933BJNE000200328"><metadaten><jurabk>BauSparVetrAbwV</jurabk><enbez>Art 1</enbez></metadaten><textdaten><text format="XML"><Content><P>-</P></Content></text><fussnoten/></textdaten></norm>
<norm builddate="20120625151434" doknr="BJNR003720933BJNE000300328"><metadaten><jurabk>BauSparVetrAbwV</jurabk><enbez>Art 2</enbez></metadaten><textdaten><text format="XML"><Content><P>Von der Zahlung weiterer Beiträge befreit (§ 1 Abs. 2 Satz 1 der Notverordnung) sind die Bausparer auch, soweit Sparbeiträge bei Anordnung der vereinfachten Abwicklung rückständig sind. Entsprechendes gilt für Verwaltungskostenbeiträge; jedoch haben die Bausparkassen Bausparguthaben, die bei ihnen bestehen, um rückständige Verwaltungskostenbeiträge zu kürzen, soweit diese auf einen Zeitraum entfallen, der vor der Anordnung der vereinfachten Abwicklung liegt.</P></Content></text></textdaten></norm>
<norm builddate="20120625151434" doknr="BJNR003720933BJNE000400328"><metadaten><jurabk>BauSparVetrAbwV</jurabk><enbez>Art 3</enbez></metadaten><textdaten><text format="XML"><Content><P>Bei der vorranglosen Befriedigung aller Bausparer (§ 1 Abs. 2 Satz 4 der Notverordnung) bewendet es auch, wenn ein Bausparvertrag anfechtbar oder nichtig ist. Einen anderen Anspruch gegen die Bausparkasse, als daß ihm sein Bausparguthaben so, wie es jeweils die flüssigen Mittel zulassen, zurückgezahlt werde (§ 1 Abs. 2 Satz 3 der Notverordnung), hat ein Bausparer nicht; mit diesem Anspruch kann er nicht aufrechnen.</P></Content></text></textdaten></norm>
<norm builddate="20120625151434" doknr="BJNR003720933BJNE000500328"><metadaten><jurabk>BauSparVetrAbwV</jurabk><enbez>Art 4</enbez></metadaten><textdaten><text format="XML"><Content><P>Rechte, die ein Bausparer zur Sicherung der aus dem Bausparvertrag sich ergebenden Leistungs-, Schadenersatz- oder Bereicherungsansprüche erworben hat, erlöschen mit der Anordnung der vereinfachten Abwicklung.</P></Content></text></textdaten></norm>
<norm builddate="20120625151434" doknr="BJNR003720933BJNE000600328"><metadaten><jurabk>BauSparVetrAbwV</jurabk><enbez>Art 5</enbez></metadaten><textdaten><text format="XML"><Content><P>Ordnet das <I>Reichsaufsichtsamt</I> die vereinfachte Abwicklung an, nachdem eine Bausparkasse den Geschäftsbetrieb freiwillig eingestellt hat, so kann es bestimmen, daß seine Anordnung wie ein Auflösungsbeschluß wirkt.</P></Content></text><fussnoten><Content><P>Art. 5 Kursivdruck: Jetzt Bundesaufsichtsamt für das Versicherungswesen gem. § 8 Nr. 7 BAG 7630-1</P></Content></fussnoten></textdaten></norm>
<norm builddate="20120625151434" doknr="BJNR003720933BJNE000700328"><metadaten><jurabk>BauSparVetrAbwV</jurabk><enbez>Art 6</enbez></metadaten><textdaten><text format="XML"><Content><P>Diese Verordnung tritt mit Wirkung vom 16. Juni 1932 in Kraft. Unberührt bleiben Anerkenntnisse, Vergleiche und rechtskräftige Urteile. Rückständig gewesene Spar- und Verwaltungskostenbeiträge, die entgegen der Regelung des Artikels 2 nachgezahlt worden sind, können nicht zurückverlangt werden. Eine Kürzung von Bausparguthaben nach Artikel 2 Satz 2 Halbsatz 2 unterbleibt, wenn bei Verkündung dieser Verordnung ein die Rechte der Bausparer für die vereinfachte Abwicklung festlegender Plan aufgestellt ist, der eine solche Kürzung nicht vorsieht, und eine Änderung des Plans eine offenbar unverhältnismäßige Mühewaltung verursachen würde.</P></Content></text></textdaten></norm>
<norm builddate="20120625151434" doknr="BJNR003720933BJNE000800328"><metadaten><jurabk>BauSparVetrAbwV</jurabk><enbez>Schlußformel</enbez></metadaten><textdaten><text format="XML"><Content><P><SP>Der Reichswirtschaftsminister</SP></P></Content></text></textdaten></norm>
</dokumente>