<?xml version="1.0" encoding="UTF-8" ?><!DOCTYPE dokumente SYSTEM "http://www.gesetze-im-internet.de/dtd/1.01/gii-norm.dtd">
<dokumente builddate="20180306214004" doknr="BJNR200170927"><norm builddate="20180306214004" doknr="BJNR200170927"><metadaten><jurabk>WZHTIBek</jurabk><ausfertigung-datum manuell="ja">1927-01-22</ausfertigung-datum><fundstelle typ="amtlich"><periodikum>RGBl II</periodikum><zitstelle>1927, 17</zitstelle></fundstelle><langue>Bekanntmachung über den Schutz deutscher Warenbezeichnungen in Haiti</langue></metadaten><textdaten><text format="XML"><Content><P/></Content></text><fussnoten><Content><P>(+++ Textnachweis Geltung ab:  1. 1.1964 +++)</P></Content></fussnoten></textdaten></norm>
<norm builddate="20180306214004" doknr="BJNR200170927BJNE000100306"><metadaten><jurabk>WZHTIBek</jurabk><enbez>(XXXX)</enbez></metadaten><textdaten><text format="XML"><Content><P>Unter Bezugnahme auf § 23 des Gesetzes zum Schutz der Warenbezeichnungen vom 12. Mai 1894 (Reichsgesetzbl. 1923 II S. 445) wird hierdurch bekanntgemacht, daß in Haiti deutsche Warenbezeichnungen in gleichem Umfang wie inländische Warenbezeichnungen zum gesetzlichen Schutze zugelassen werden.<BR/><BR/><SP>Der Reichsminister der Justiz</SP></P></Content></text></textdaten></norm>
</dokumente>