<?xml version="1.0" encoding="UTF-8" ?><!DOCTYPE dokumente SYSTEM "http://www.gesetze-im-internet.de/dtd/1.01/gii-norm.dtd">
<dokumente builddate="20120625152158" doknr="BJNR208380954"><norm builddate="20120625152158" doknr="BJNR208380954"><metadaten><jurabk>KgfAbk Genf</jurabk><ausfertigung-datum manuell="ja">1949-08-12</ausfertigung-datum><fundstelle typ="amtlich"><periodikum>BGBl II</periodikum><zitstelle>1954, 838</zitstelle></fundstelle><langue>III. Genfer Abkommen vom 12. August 1949 über die Behandlung der
Kriegsgefangen</langue></metadaten><textdaten><text format="decorated"/><fussnoten><Content><P>G v. 21.8.1954 II 781 <BR/>Inkraft gem. Bek. v. 4.11.1954 II 1133 mWv 3.3.1955</P></Content></fussnoten></textdaten></norm>
</dokumente>