<?xml version="1.0" encoding="UTF-8" ?><!DOCTYPE dokumente SYSTEM "http://www.gesetze-im-internet.de/dtd/1.01/gii-norm.dtd">
<dokumente builddate="20131008093713" doknr="BJNR105860980"><norm builddate="20131008093713" doknr="BJNR105860980"><metadaten><jurabk>WZG§4ESARIPOBek</jurabk><ausfertigung-datum manuell="ja">1980-05-19</ausfertigung-datum><fundstelle typ="amtlich"><periodikum>BGBl I</periodikum><zitstelle>1980, 586</zitstelle></fundstelle><langue>Bekanntmachung zu § 4 des Warenzeichengesetzes</langue></metadaten><textdaten><text format="XML"><Content><P/></Content></text><fussnoten><Content><P>(+++ Textnachweis ab: 29. 5.1980 +++)</P></Content></fussnoten></textdaten></norm>
<norm builddate="20131008093713" doknr="BJNR105860980BJNE000100303"><metadaten><jurabk>WZG§4ESARIPOBek</jurabk><enbez>(XXXX)</enbez></metadaten><textdaten><text format="XML"><Content><P>(1) Auf Grund des § 4 Abs. 2 Nr. 3a des Warenzeichengesetzes in der Fassung der Bekanntmachung vom 2. Januar 1968 (BGBl. I S. 1, 29) wird bekanntgemacht, daß die Abkürzung der Organisation für gewerbliches Eigentum für das englisch-sprechende Afrika <DL Font="normal" Type="arabic"><DT/><DD Font="normal"><LA Size="normal">&quot;ESARIPO&quot;</LA></DD></DL>von der Eintragung als Warenzeichen ausgeschlossen ist.</P><P>(2) Diese Bekanntmachung ergeht im Anschluß an die Bekanntmachung vom 16. April 1980 (BGBl. I S. 448).</P></Content></text></textdaten></norm>
<norm builddate="20131008093713" doknr="BJNR105860980BJNE000200303"><metadaten><jurabk>WZG§4ESARIPOBek</jurabk><enbez>Schlussformel</enbez></metadaten><textdaten><text format="XML"><Content><P>Der Bundesminister der Justiz</P></Content></text></textdaten></norm>
</dokumente>