<?xml version="1.0" encoding="UTF-8" ?><!DOCTYPE dokumente SYSTEM "http://www.gesetze-im-internet.de/dtd/1.01/gii-norm.dtd">
<dokumente builddate="20240604215009" doknr="BJNR03E0D0024"><norm builddate="20240604215009" doknr="BJNR03E0D0024"><metadaten><jurabk>ElektroTechMstrV 2024</jurabk><amtabk>ElektroTechMstrV</amtabk><ausfertigung-datum manuell="ja">2024-02-21</ausfertigung-datum><fundstelle typ="amtlich"><periodikum>BGBl I</periodikum><zitstelle>2024, Nr. 62, 16</zitstelle></fundstelle><kurzue>Elektrotechnikermeisterverordnung</kurzue><langue>Verordnung über die Meisterprüfung in den Teilen I und II im Elektrotechniker-Handwerk</langue><standangabe checked="ja"><standtyp>Sonst</standtyp><standkommentar>ersetzt V 7110-3-151 v. 17.6.2002 I 2331 (ElektroTechMstrV)</standkommentar></standangabe></metadaten><textdaten><fussnoten><Content><P><BR/> <pre xml:space="preserve">(+++ Textnachweis ab: 1.3.2024 +++)<BR/><BR/></pre>Die V wurde als Artikel 3 der V v. 21.2.2024 I Nr. 62 vom Bundesministerium für  Wirtschaft und Klimaschutz im Einvernehmen mit dem Bundesministerium für Bildung und Forschung erlassen. Sie tritt gem. Art. 4 Satz 1 dieser V am 1.3.2024 in Kraft.</P></Content></fussnoten></textdaten></norm>
<norm builddate="20240604215009" doknr="BJNR03E0D0024BJNE000100000"><metadaten><jurabk>ElektroTechMstrV 2024</jurabk><jurabk>ElektroTechMstrV</jurabk><enbez>§ 1</enbez><titel format="XML">Gegenstand</titel></metadaten><textdaten><text format="XML"><Content><P>Diese Verordnung regelt das Meisterprüfungsberufsbild, die in der Prüfung in den Teilen I und II der Meisterprüfung zu stellenden Anforderungen sowie die Bestimmungen zur Durchführung der Meisterprüfung im Elektrotechniker-Handwerk in folgenden Schwerpunkten: <DL Type="arabic"><DT>1.</DT><DD Font="normal"><LA>Energie- und Gebäudetechnik,</LA></DD><DT>2.</DT><DD Font="normal"><LA>Automatisierungs- und Systemtechnik sowie</LA></DD><DT>3.</DT><DD Font="normal"><LA>Gebäudesystemintegration.</LA></DD></DL></P></Content></text></textdaten></norm>
<norm builddate="20240604215009" doknr="BJNR03E0D0024BJNE000200000"><metadaten><jurabk>ElektroTechMstrV 2024</jurabk><jurabk>ElektroTechMstrV</jurabk><enbez>§ 2</enbez><titel format="XML">Meisterprüfungsberufsbild</titel></metadaten><textdaten><text format="XML"><Content><P>In den Teilen I und II der Meisterprüfung im Elektrotechniker-Handwerk hat der Prüfling die beruflichen Handlungskompetenzen nachzuweisen, die sich auf wesentliche Tätigkeiten seines Gewerbes und die erforderlichen fachtheoretischen Kenntnisse beziehen. Grundlage dafür sind folgende Fertigkeiten und Kenntnisse: <DL Type="arabic"><DT>1.</DT><DD Font="normal"><LA>einen Betrieb im Elektrotechniker-Handwerk führen und organisieren und dabei technische, kaufmännische und personalwirtschaftliche Entscheidungen treffen und begründen, insbesondere unter Berücksichtigung <DL Type="alpha"><DT>a)</DT><DD Font="normal"><LA>der Kostenstrukturen,</LA></DD><DT>b)</DT><DD Font="normal"><LA>der Wettbewerbssituation,</LA></DD><DT>c)</DT><DD Font="normal"><LA>der für den Betrieb wesentlichen Ausbildung, Fort- und Weiterbildung des Personals,</LA></DD><DT>d)</DT><DD Font="normal"><LA>der Betriebsorganisation,</LA></DD><DT>e)</DT><DD Font="normal"><LA>des Qualitätsmanagements,</LA></DD><DT>f)</DT><DD Font="normal"><LA>des Arbeitsschutzrechtes,</LA></DD><DT>g)</DT><DD Font="normal"><LA>des Datenschutzes, der Datensicherheit und der Datenverarbeitung,</LA></DD><DT>h)</DT><DD Font="normal"><LA>der ökologischen, ökonomischen sowie der sozialen Nachhaltigkeit sowie</LA></DD><DT>i)</DT><DD Font="normal"><LA>technologischer Entwicklungen sowie gesellschaftlicher Entwicklungen, insbesondere digitaler Technologien,</LA></DD></DL></LA></DD><DT>2.</DT><DD Font="normal"><LA>Konzepte für Betriebsausstattung sowie Lagerausstattung und für logistische Geschäfts- und Arbeitsprozesse entwickeln und umsetzen,</LA></DD><DT>3.</DT><DD Font="normal"><LA>Kundenwünsche und jeweilige Rahmenbedingungen ermitteln, Anforderungen ableiten, Kundinnen und Kunden beraten sowie über Fördermöglichkeiten informieren, Serviceleistungen anbieten, Lösungen entwickeln, Verhandlungen führen und Ziele festlegen, Leistungen kalkulieren und Angebote erstellen sowie Verträge schließen,</LA></DD><DT>4.</DT><DD Font="normal"><LA>Messverfahren sowie Analyseverfahren zur Feststellung der Rahmenbedingungen an Systemen der Elektrotechnik auswählen, anwenden und bewerten,</LA></DD><DT>5.</DT><DD Font="normal"><LA>auftragsbezogene Unterlagen und Bestimmungen, insbesondere des Baurechts sowie des Datenschutzes, auswerten und beim Planen, Durchführen und Kontrollieren der Aufträge berücksichtigen,</LA></DD><DT>6.</DT><DD Font="normal"><LA>Konzepte, Pläne und technische Dokumentationen für Systeme der Elektrotechnik, auch unter Einsatz von Informations- und Kommunikationstechnologien, erarbeiten, bewerten und anpassen,</LA></DD><DT>7.</DT><DD Font="normal"><LA>Geschäfts- und Arbeitsprozesse zur Leistungserbringung planen, organisieren und überwachen,</LA></DD><DT>8.</DT><DD Font="normal"><LA>Leistungen im Elektrotechniker-Handwerk in den folgenden Schwerpunkten erbringen: <DL Type="alpha"><DT>a)</DT><DD Font="normal"><LA>im Schwerpunkt Energie- und Gebäudetechnik <DL Type="a-alpha"><DT>aa)</DT><DD Font="normal"><LA>Systeme der Energie- und Gebäudetechnik, insbesondere zur energieeffizienten Erzeugung, energieeffizienten Fortleitung, energieeffizienten Umwandlung, energieeffizienten Speicherung sowie energieeffizienten Abgabe der elektrischen Energie, planen, errichten sowie instand halten,</LA></DD><DT>bb)</DT><DD Font="normal"><LA>Überspannungsschutzanlagen sowie Antennenanlagen, Beleuchtungsanlagen, Wärmeanlagen, Kälteanlagen und Klimaanlagen, Gebäudeautomatisierung, Bustechnologie, Informations- und Kommunikationstechnologie sowie deren elektrische Betriebsmittel sowie deren elektronische Betriebsmittel planen, berechnen, errichten, programmieren, parametrieren, prüfen, in Betrieb nehmen und instand halten,</LA></DD><DT>cc)</DT><DD Font="normal"><LA>Erdungsanlagen sowie Blitzschutzanlagen planen, berechnen, errichten, prüfen, in Betrieb nehmen und instand halten,</LA></DD></DL></LA></DD><DT>b)</DT><DD Font="normal"><LA>im Schwerpunkt Automatisierungs- und Systemtechnik energieeffiziente Anlagen und Anlagenkomponenten der Automatisierungstechnik und der Systemtechnik, insbesondere der Messtechnik, der Steuerungstechnik, der Regelungstechnik sowie der Antriebstechnik, der Prüftechnik sowie der Zähltechnik entwickeln, planen, berechnen, errichten, programmieren, parametrieren, prüfen, in Betrieb nehmen und instand halten,</LA></DD><DT>c)</DT><DD Font="normal"><LA>im Schwerpunkt Gebäudesystemintegration gebäudetechnische Systeme, insbesondere Anlagen der elektrischen Wärmeerzeugung und elektrischen Speicherung, Kälte- und Klimaanlagen, Anlagen der Messtechnik, der Steuerungstechnik, der Regelungstechnik sowie der Antriebstechnik, Anlagen mit Lastenmanagement sowie Gebäudeleittechnik, gewerkeübergreifend analysieren, planen und in eine vernetzte Gebäudetechnik zusammenführen sowie energetisch optimieren, gewerkeübergreifende Zusammenarbeit planen und koordinierend begleiten,</LA></DD></DL></LA></DD><DT>9.</DT><DD Font="normal"><LA>technische Gesichtspunkte, organisatorische Gesichtspunkte sowie rechtliche Gesichtspunkte bei der Leistungserbringung berücksichtigen, insbesondere <DL Type="alpha"><DT>a)</DT><DD Font="normal"><LA>baurechtliche Vorschriften sowie datenschutzrechtliche Vorschriften und damit verbundene Anforderungen,</LA></DD><DT>b)</DT><DD Font="normal"><LA>Sicherheitsrisiken, Gesundheitsrisiken, Umweltrisiken sowie Haftungsrisiken und damit verbundene Hinweispflichten,</LA></DD><DT>c)</DT><DD Font="normal"><LA>der effiziente Einsatz von elektrischer Energie und sonstigen Ressourcen,</LA></DD><DT>d)</DT><DD Font="normal"><LA>die berufsbezogenen Rechtsvorschriften und technischen Normen,</LA></DD><DT>e)</DT><DD Font="normal"><LA>die allgemein anerkannten Regeln der Technik,</LA></DD><DT>f)</DT><DD Font="normal"><LA>das einzusetzende Personal sowie die Materialien, Arbeitsmittel sowie Betriebsmittel sowie</LA></DD><DT>g)</DT><DD Font="normal"><LA>die Möglichkeiten zum Einsatz von Auszubildenden,</LA></DD></DL></LA></DD><DT>10.</DT><DD Font="normal"><LA>Arten und Eigenschaften von zu bearbeitenden und zu verwendenden Materialien berücksichtigen,</LA></DD><DT>11.</DT><DD Font="normal"><LA>Unteraufträge kriterienorientiert, insbesondere unter Berücksichtigung von Qualität der Leistungen und Rechtsvorschriften, vergeben und deren Ausführung kontrollieren,</LA></DD><DT>12.</DT><DD Font="normal"><LA>fortlaufende Qualitätskontrollen durchführen, Störungen analysieren und beseitigen, Ergebnisse daraus bewerten und dokumentieren sowie</LA></DD><DT>13.</DT><DD Font="normal"><LA>erbrachte Leistungen kontrollieren, Mängel beseitigen, Leistungen dokumentieren und übergeben, Abnahmeprotokolle erstellen sowie Nachkalkulationen durchführen, Auftragsabwicklung auswerten.</LA></DD></DL>Die Tätigkeiten nach Satz 2 Nummer 8 Buchstabe a und c erfolgen im Zusammenhang mit den Tätigkeiten im Elektrotechniker-Handwerk.</P></Content></text></textdaten></norm>
<norm builddate="20240604215009" doknr="BJNR03E0D0024BJNE000300000"><metadaten><jurabk>ElektroTechMstrV 2024</jurabk><jurabk>ElektroTechMstrV</jurabk><enbez>§ 3</enbez><titel format="XML">Ziel und Gliederung der Prüfung in Teil I</titel></metadaten><textdaten><text format="XML"><Content><P>(1) In der Prüfung in Teil I hat der Prüfling umfängliche und zusammenhängende berufliche Aufgaben zu lösen und dabei nachzuweisen, dass er wesentliche Tätigkeiten des Elektrotechniker-Handwerks meisterhaft verrichtet.</P><P>(2) Die Prüfung in Teil I gliedert sich in folgende Prüfungsbereiche: <DL Type="arabic"><DT>1.</DT><DD Font="normal"><LA>ein Meisterprüfungsprojekt nach § 4 und ein darauf bezogenes Fachgespräch nach § 5 sowie</LA></DD><DT>2.</DT><DD Font="normal"><LA>eine Situationsaufgabe nach § 6.</LA></DD></DL></P></Content></text></textdaten></norm>
<norm builddate="20240604215009" doknr="BJNR03E0D0024BJNE000400000"><metadaten><jurabk>ElektroTechMstrV 2024</jurabk><jurabk>ElektroTechMstrV</jurabk><enbez>§ 4</enbez><titel format="XML">Meisterprüfungsprojekt</titel></metadaten><textdaten><text format="XML"><Content><P>(1) Der Prüfling hat ein Meisterprüfungsprojekt durchzuführen, das einem Kundenauftrag entspricht und wählt dafür einen Schwerpunkt nach § 1 Nummer 1 bis 3 aus. Das Meisterprüfungsprojekt besteht aus Planungs-, Durchführungs-, Kontroll- und Dokumentationsarbeiten.</P><P>(2) Als Meisterprüfungsprojekt ist in dem gewählten Schwerpunkt eine der folgenden Arbeiten unter Einsatz von Informations- und Kommunikationstechnologien durchzuführen: <DL Type="arabic"><DT>1.</DT><DD Font="normal"><LA>im Schwerpunkt Energie- und Gebäudetechnik ein Projekt der Energie- und Gebäudetechnik, einschließlich deren Einbindung in bestehende oder neue Anlagen der technischen Gebäudeausstattung, planen, dabei <DL Type="alpha"><DT>a)</DT><DD Font="normal"><LA>im Rahmen der Planungsarbeiten einen Entwurf, technische Berechnungen, Zeichnungen und eine Kalkulation anfertigen,</LA></DD><DT>b)</DT><DD Font="normal"><LA>auf Grundlage der Tätigkeiten nach Buchstabe a Installationsarbeiten, Parametrierungsarbeiten sowie Programmierarbeiten durchführen, dabei Anlagen überprüfen und in Betrieb nehmen sowie</LA></DD><DT>c)</DT><DD Font="normal"><LA>im Rahmen der Kontroll- und Dokumentationsarbeiten notwendige Messungen durchführen und Messprotokolle sowie Prüfberichte erstellen,</LA></DD></DL></LA></DD><DT>2.</DT><DD Font="normal"><LA>im Schwerpunkt Automatisierungs- und Systemtechnik ein Projekt der Automatisierungs- und Systemtechnik, einschließlich deren Einbindung in bestehende oder neue Anlagen und Geräte, planen, dabei <DL Type="alpha"><DT>a)</DT><DD Font="normal"><LA>im Rahmen der Planungen einen Entwurf, technische Berechnungen, Zeichnungen und eine Kalkulation anfertigen,</LA></DD><DT>b)</DT><DD Font="normal"><LA>auf Grundlage der Tätigkeiten nach Buchstabe a Installationsarbeiten, Parametrierungsarbeiten sowie Programmierarbeiten durchführen, dabei Anlagen überprüfen und in Betrieb nehmen sowie</LA></DD><DT>c)</DT><DD Font="normal"><LA>im Rahmen der Kontroll- und Dokumentationsarbeiten notwendige Messungen durchführen und Messprotokolle sowie Prüfberichte erstellen oder</LA></DD></DL></LA></DD><DT>3.</DT><DD Font="normal"><LA>im Schwerpunkt Gebäudesystemintegration ein Projekt der Gebäudesystemintegration gewerkeübergreifend planen, dabei <DL Type="alpha"><DT>a)</DT><DD Font="normal"><LA>im Rahmen der Planungsarbeiten Kundenanforderungen an gebäudetechnische Anlagen und Systeme analysieren, einen Entwurf, technische Berechnungen, Zeichnungen und eine Kalkulation anfertigen,</LA></DD><DT>b)</DT><DD Font="normal"><LA>auf Grundlage der Tätigkeiten nach Buchstabe a Installationsarbeiten, Parametrierungsarbeiten, Integrationsarbeiten sowie Programmierarbeiten durchführen, dabei Anlagen überprüfen und in Betrieb nehmen sowie</LA></DD><DT>c)</DT><DD Font="normal"><LA>im Rahmen der Kontroll- und Dokumentationsarbeiten notwendige Messungen durchführen und Messprotokolle sowie Prüfberichte erstellen.</LA></DD></DL></LA></DD></DL></P><P>(3) Die Anforderungen an das jeweilige Meisterprüfungsprojekt werden nach Maßgabe der Vorschriften der Meisterprüfungsverfahrensverordnung festgelegt. Die Auswahl der Durchführungsarbeiten nach Absatz 2 Nummer 1 bis 3 erfolgt durch den Meisterprüfungsausschuss unter Berücksichtigung des vom Prüfling gewählten Schwerpunktes nach Absatz 2 Nummer 1 bis 3.</P><P>(4) Für die Bearbeitung des Meisterprüfungsprojekts stehen dem Prüfling 4 Arbeitstage zur Verfügung.</P><P>(5) Für die Bewertung des Meisterprüfungsprojekts werden die einzelnen Bestandteile wie folgt gewichtet: <DL Type="arabic"><DT>1.</DT><DD Font="normal"><LA>die Planungsarbeiten anhand der Planungsunterlagen, bestehend aus einem Entwurf, technischen Berechnungen, Zeichnungen und einer Kalkulation, mit 45 Prozent,</LA></DD><DT>2.</DT><DD Font="normal"><LA>die Durchführungsarbeiten mit 45 Prozent sowie</LA></DD><DT>3.</DT><DD Font="normal"><LA>die Kontroll- und die Dokumentationsarbeiten anhand der Dokumentationsunterlagen, bestehend aus Messprotokollen, Prüfberichten und notwendigen Dokumentationen mit 10 Prozent.</LA></DD></DL></P></Content></text></textdaten></norm>
<norm builddate="20240604215009" doknr="BJNR03E0D0024BJNE000500000"><metadaten><jurabk>ElektroTechMstrV 2024</jurabk><jurabk>ElektroTechMstrV</jurabk><enbez>§ 5</enbez><titel format="XML">Fachgespräch</titel></metadaten><textdaten><text format="XML"><Content><P>(1) Im Fachgespräch hat der Prüfling nachzuweisen, dass er in der Lage ist, <DL Type="arabic"><DT>1.</DT><DD Font="normal"><LA>die fachlichen Zusammenhänge aufzuzeigen, die dem Meisterprüfungsprojekt zugrunde liegen,</LA></DD><DT>2.</DT><DD Font="normal"><LA>Kundinnen und Kunden zu beraten und dabei den jeweiligen Kundenwunsch und wirtschaftliche Gesichtspunkte, rechtliche Gesichtspunkte sowie technische Gesichtspunkte in das Beratungsgespräch einzubeziehen,</LA></DD><DT>3.</DT><DD Font="normal"><LA>sein Vorgehen bei der Planung und Durchführung des Meisterprüfungsprojekts zu begründen sowie</LA></DD><DT>4.</DT><DD Font="normal"><LA>mit dem Meisterprüfungsprojekt verbundene berufsbezogene Probleme sowie deren Lösungen darzustellen und dabei aktuelle Entwicklungen im Elektrotechniker-Handwerk zu berücksichtigen.</LA></DD></DL></P><P>(2) Das Fachgespräch soll höchstens 30 Minuten dauern.</P></Content></text></textdaten></norm>
<norm builddate="20240604215009" doknr="BJNR03E0D0024BJNE000600000"><metadaten><jurabk>ElektroTechMstrV 2024</jurabk><jurabk>ElektroTechMstrV</jurabk><enbez>§ 6</enbez><titel format="XML">Situationsaufgabe</titel></metadaten><textdaten><text format="XML"><Content><P>(1) Die Situationsaufgabe orientiert sich an einem Kundenauftrag und vervollständigt für die Meisterprüfung den Nachweis der beruflichen Handlungskompetenz im Elektrotechniker-Handwerk.</P><P>(2) Die Situationsaufgabe wird nach Maßgabe der Vorschriften der Meisterprüfungsverfahrensverordnung unter Berücksichtigung des vom Prüfling im Rahmen des Meisterprüfungsprojektes gewählten Schwerpunktes festgelegt. Als Bestandteil der Situationsaufgabe hat der Prüfling jeweils eine Aufgabe aus den beiden nicht gewählten Schwerpunkten zu bearbeiten und dabei an Anlagen oder Anlagenkomponenten Fehler und Störungen einzugrenzen, zu bestimmen und zu beheben, messtechnische Prüfungen zu protokollieren sowie Ergebnisse zu dokumentieren.</P><P>(3) Für die Bearbeitung der Situationsaufgabe stehen dem Prüfling insgesamt 4 Stunden zur Verfügung.</P><P>(4) Jede Aufgabe nach Absatz 2 Satz 2 wird gesondert bewertet. Die Gesamtbewertung der Situationsaufgabe entspricht dem arithmetischen Mittel der Aufgaben nach Absatz 2 Satz 2.</P></Content></text></textdaten></norm>
<norm builddate="20240604215009" doknr="BJNR03E0D0024BJNE000700000"><metadaten><jurabk>ElektroTechMstrV 2024</jurabk><jurabk>ElektroTechMstrV</jurabk><enbez>§ 7</enbez><titel format="XML">Gewichtung, Bestehen der Prüfung in Teil I</titel></metadaten><textdaten><text format="XML"><Content><P>(1) Das Meisterprüfungsprojekt, das Fachgespräch und die Situationsaufgabe werden gesondert bewertet. Bei Berechnung des Gesamtergebnisses der Prüfung in Teil I der Meisterprüfung nach Maßgabe der Vorschriften der Meisterprüfungsverfahrensverordnung werden zunächst die Bewertung des Meisterprüfungsprojekts und die Bewertung des Fachgesprächs im Verhältnis 3:1 gewichtet. Anschließend wird das hieraus folgende Ergebnis mit der Bewertung der Situationsaufgabe im Verhältnis 2:1 gewichtet.</P><P>(2) Der Prüfling hat den Teil I der Meisterprüfung bestanden, wenn <DL Type="arabic"><DT>1.</DT><DD Font="normal"><LA>das Meisterprüfungsprojekt, das Fachgespräch und die Situationsaufgabe jeweils mit mindestens 30 Punkten bewertet worden ist und</LA></DD><DT>2.</DT><DD Font="normal"><LA>das Gesamtergebnis der Prüfung mindestens „ausreichend“ ist.</LA></DD></DL></P></Content></text></textdaten></norm>
<norm builddate="20240604215009" doknr="BJNR03E0D0024BJNE000800000"><metadaten><jurabk>ElektroTechMstrV 2024</jurabk><jurabk>ElektroTechMstrV</jurabk><enbez>§ 8</enbez><titel format="XML">Ziel und Gliederung der Prüfung in Teil II</titel></metadaten><textdaten><text format="XML"><Content><P>(1) In Teil II der Meisterprüfung hat der Prüfling umfängliche und zusammenhängende berufliche Aufgaben zu lösen und dabei nachzuweisen, dass er die erforderlichen fachtheoretischen Kenntnisse im Elektrotechniker-Handwerk anwenden kann. Grundlage für den Nachweis bilden die Qualifikationen in den folgenden Handlungsfeldern: <DL Type="arabic"><DT>1.</DT><DD Font="normal"><LA>nach Maßgabe des § 9 „Anforderungen von Kundinnen und Kunden eines Betriebs im Elektrotechniker-Handwerk analysieren, Lösungen erarbeiten und anbieten“,</LA></DD><DT>2.</DT><DD Font="normal"><LA>nach Maßgabe des § 10 „Leistungen eines Betriebs im Elektrotechniker-Handwerk erbringen, kontrollieren und übergeben“ und</LA></DD><DT>3.</DT><DD Font="normal"><LA>nach Maßgabe des § 11 „Einen Betrieb im Elektrotechniker-Handwerk führen und organisieren“.</LA></DD></DL></P><P>(2) Der Prüfling hat in jedem der drei Handlungsfelder eine fallbezogene Aufgabe zu bearbeiten, die den Anforderungen des Absatzes 1 entspricht. Bei jeder Aufgabenstellung können die Qualifikationen der drei Handlungsfelder handlungsfeldübergreifend verknüpft werden.</P><P>(3) Die Aufgaben sind schriftlich zu bearbeiten.</P><P>(4) Für die Bearbeitung der Aufgaben stehen dem Prüfling in jedem Handlungsfeld 3 Stunden zur Verfügung. Eine Prüfungsdauer von 6 Stunden an einem Tag darf nicht überschritten werden.</P></Content></text></textdaten></norm>
<norm builddate="20240604215009" doknr="BJNR03E0D0024BJNE000900000"><metadaten><jurabk>ElektroTechMstrV 2024</jurabk><jurabk>ElektroTechMstrV</jurabk><enbez>§ 9</enbez><titel format="XML">Handlungsfeld „Anforderungen von Kundinnen und Kunden eines Betriebs im Elektrotechniker-Handwerk analysieren, Lösungen erarbeiten und anbieten“</titel></metadaten><textdaten><text format="XML"><Content><P>(1) Im Handlungsfeld „Anforderungen von Kundinnen und Kunden eines Betriebs im Elektrotechniker-Handwerk analysieren, Lösungen erarbeiten und anbieten“ hat der Prüfling nachzuweisen, dass er in der Lage ist, in einem Betrieb im Elektrotechniker-Handwerk Anforderungen erfolgsorientiert, kundenorientiert sowie qualitätsorientiert, auch unter Anwendung von Informations- und Kommunikationstechnologien, zu analysieren, Lösungen zu planen und anzubieten. Dabei hat er baurechtliche Gesichtspunkte, datenschutzrechtliche Gesichtspunkte, ökologische Gesichtspunkte, ökonomische Gesichtspunkte sowie soziale Gesichtspunkte und die allgemein anerkannten Regeln der Technik zu berücksichtigen. Die jeweilige Aufgabenstellung soll mehrere der in Absatz 2 genannten Qualifikationen verknüpfen.</P><P>(2) Das Handlungsfeld „Anforderungen von Kundinnen und Kunden eines Betriebs im Elektrotechniker-Handwerk analysieren, Lösungen erarbeiten und anbieten“ besteht aus folgenden Qualifikationen: <DL Type="arabic"><DT>1.</DT><DD Font="normal"><LA>Kundenwünsche und die Rahmenbedingungen zu deren Erfüllung analysieren, dokumentieren sowie bewerten und daraus Anforderungen ableiten, hierzu zählen insbesondere: <DL Type="alpha"><DT>a)</DT><DD Font="normal"><LA>Vorgehensweise zur strukturierten Ermittlung der Kundenwünsche und der jeweiligen Rahmenbedingungen erläutern und bewerten,</LA></DD><DT>b)</DT><DD Font="normal"><LA>Ausschreibungen sowie Angebotsanfragen öffentlicher Auftraggeber, gewerblicher Auftraggeber oder privater Auftraggeber analysieren und bewerten,</LA></DD><DT>c)</DT><DD Font="normal"><LA>Messverfahren sowie Analyseverfahren, einschließlich notwendiger Berechnungen zur Feststellung der Rahmenbedingungen an Systemen der Elektrotechnik, erläutern und bewerten, Messergebnisse erläutern und bewerten, auftragsrelevante Vorleistungen beurteilen,</LA></DD><DT>d)</DT><DD Font="normal"><LA>Unterlagen, insbesondere zu baurechtlichen Bestimmungen sowie datenschutzrechtlichen Bestimmungen, lesen und im Hinblick auf Vollständigkeit und Konsequenzen für die Auftragsplanung beurteilen,</LA></DD><DT>e)</DT><DD Font="normal"><LA>Kundinnen und Kunden über Fördermöglichkeiten informieren und diese bei der Planung berücksichtigen sowie</LA></DD><DT>f)</DT><DD Font="normal"><LA>Ergebnisse der vorstehenden Handlungsschritte dokumentieren und bewerten, daraus Anforderungen für die Umsetzung ableiten,</LA></DD></DL></LA></DD><DT>2.</DT><DD Font="normal"><LA>Lösungsmöglichkeiten entwickeln, erläutern und begründen, auch unter Berücksichtigung der berufsbezogenen Rechtsvorschriften und technischen Normen sowie der allgemein anerkannten Regeln der Technik, hierzu zählen insbesondere: <DL Type="alpha"><DT>a)</DT><DD Font="normal"><LA>Möglichkeiten und Notwendigkeiten des Einsatzes von Materialien, Bauteilen, Maschinen, Werkzeugen, Geräten, Personal, auch unter Berücksichtigung einzusetzender Verfahren, darstellen, erläutern und begründen,</LA></DD><DT>b)</DT><DD Font="normal"><LA>Sicherheitsrisiken, Gesundheitsrisiken, Umweltrisiken sowie Haftungsrisiken bewerten und Konsequenzen ableiten,</LA></DD><DT>c)</DT><DD Font="normal"><LA>Konzepte, Pläne sowie technische Informationen für vernetzte Systeme der Elektrotechnik, auch unter Einsatz von Informations- und Kommunikationstechnologien, erarbeiten, bewerten und korrigieren,</LA></DD><DT>d)</DT><DD Font="normal"><LA>in bestehenden Anlagen Möglichkeiten der Energieeinsparung und Energieeffizienz aufzeigen,</LA></DD><DT>e)</DT><DD Font="normal"><LA>gewerkeübergreifende technische Schnittstellen definieren und bestehende Systeme zusammenführen,</LA></DD><DT>f)</DT><DD Font="normal"><LA>Kriterien für die Vergabe von Unteraufträgen festlegen, insbesondere unter Berücksichtigung von Qualität und Rechtsvorschriften, darauf aufbauend Ausschreibungen oder Angebotsanfragen erstellen und hierauf eingehende Angebote bewerten sowie</LA></DD><DT>g)</DT><DD Font="normal"><LA>Vor- und Nachteile verschiedener Lösungsmöglichkeiten im Hinblick auf Anforderungen, Kostengesichtspunkte rechtliche und sicherheitstechnische Gesichtspunkte erläutern und abwägen sowie daraus eine Lösung auswählen und diese Auswahl begründen sowie</LA></DD></DL></LA></DD><DT>3.</DT><DD Font="normal"><LA>Angebote kalkulieren, erstellen und erläutern sowie Leistungen vereinbaren, hierzu zählen insbesondere: <DL Type="alpha"><DT>a)</DT><DD Font="normal"><LA>Personalkosten, Materialkosten sowie Gerätekosten auf der Grundlage der Planungen kalkulieren,</LA></DD><DT>b)</DT><DD Font="normal"><LA>auf der Grundlage entwickelter Lösungsmöglichkeiten Angebotspositionen bestimmen und zu Angebotspaketen zusammenfassen sowie Preise kalkulieren,</LA></DD><DT>c)</DT><DD Font="normal"><LA>Vertragsbedingungen unter Berücksichtigung von Haftungsbestimmungen formulieren und beurteilen,</LA></DD><DT>d)</DT><DD Font="normal"><LA>Angebotsunterlagen vorbereiten, Angebote erstellen sowie</LA></DD><DT>e)</DT><DD Font="normal"><LA>Angebotspositionen und Vertragsbedingungen gegenüber Kundinnen und Kunden erläutern und begründen sowie Leistungen vereinbaren.</LA></DD></DL></LA></DD></DL></P></Content></text></textdaten></norm>
<norm builddate="20240604215009" doknr="BJNR03E0D0024BJNE001000000"><metadaten><jurabk>ElektroTechMstrV 2024</jurabk><jurabk>ElektroTechMstrV</jurabk><enbez>§ 10</enbez><titel format="XML">Handlungsfeld „Leistungen eines Betriebs im Elektrotechniker-Handwerk erbringen, kontrollieren und übergeben“</titel></metadaten><textdaten><text format="XML"><Content><P>(1) Im Handlungsfeld „Leistungen eines Betriebs im Elektrotechniker-Handwerk erbringen, kontrollieren und übergeben“ hat der Prüfling nachzuweisen, dass er in der Lage ist, Leistungen eines Betriebs im Elektrotechniker-Handwerk erfolgsorientiert, kundenorientiert sowie qualitätsorientiert, auch unter Anwendung von Informations- und Kommunikationstechnologien, zu erbringen, zu kontrollieren und zu übergeben. Dabei hat er baurechtliche Gesichtspunkte, datenschutzrechtliche Gesichtspunkte, ökologische Gesichtspunkte, ökonomische Gesichtspunkte sowie soziale Gesichtspunkte sowie die allgemein anerkannten Regeln der Technik zu berücksichtigen. Die jeweilige Aufgabenstellung soll mehrere der in Absatz 2 genannten Qualifikationen verknüpfen.</P><P>(2) Das Handlungsfeld „Leistungen eines Betriebs im Elektrotechniker-Handwerk erbringen, kontrollieren und übergeben“ besteht aus folgenden Qualifikationen: <DL Type="arabic"><DT>1.</DT><DD Font="normal"><LA>die Erbringung der Leistungen vorbereiten, hierzu zählen insbesondere: <DL Type="alpha"><DT>a)</DT><DD Font="normal"><LA>Methoden der Arbeitsplanung sowie der Arbeitsorganisation sowie des Projektmanagements erläutern, auswählen und die Auswahl begründen sowie unter Berücksichtigung einzusetzender Herstellungsverfahren sowie einzusetzender Instandhaltungsverfahren den Einsatz von Personal, Material sowie Geräten, Maschinen oder Werkzeugen planen,</LA></DD><DT>b)</DT><DD Font="normal"><LA>mögliche Störungen und Risiken bei der Leistungserbringung, auch in der Zusammenarbeit mit anderen an der Leistungserbringung Beteiligten, vorhersehen und Auswirkungen bewerten sowie Lösungen zu deren Vermeidung oder Behebung entwickeln sowie</LA></DD><DT>c)</DT><DD Font="normal"><LA>technische Ausführungsplanung und Zeichnungen erarbeiten, bewerten und korrigieren,</LA></DD></DL></LA></DD><DT>2.</DT><DD Font="normal"><LA>die Leistungen erbringen, hierzu zählen insbesondere: <DL Type="alpha"><DT>a)</DT><DD Font="normal"><LA>berufsbezogene Rechtsvorschriften und technische Normen sowie die allgemein anerkannten Regeln der Technik anwenden,</LA></DD><DT>b)</DT><DD Font="normal"><LA>Maßnahmen zur Gefahrenvermeidung sowie zur Gefahrenbeseitigung erläutern sowie Folgen ableiten,</LA></DD><DT>c)</DT><DD Font="normal"><LA>Analysieren von Systemen der Elektrotechnik,</LA></DD><DT>d)</DT><DD Font="normal"><LA>Fehler und Mängel in der Erbringung der Leistungen erläutern sowie Maßnahmen zu deren Beseitigung ableiten,</LA></DD><DT>e)</DT><DD Font="normal"><LA>Vorgehensweise zur Erbringung von Leistungen unter Berücksichtigung von Herstellungsverfahren sowie von Instandhaltungsverfahren, baurechtlichen Vorschriften sowie datenschutzrechtlichen Vorschriften erläutern und begründen,</LA></DD><DT>f)</DT><DD Font="normal"><LA>Konzepte für vernetzte Systeme der Elektrotechnik, insbesondere durch Installieren, Parametrieren, Programmieren und Inbetriebnehmen, umsetzen</LA></DD><DT>g)</DT><DD Font="normal"><LA>Instandhalten von Systemen der Elektrotechnik sowie</LA></DD><DT>h)</DT><DD Font="normal"><LA>technische Systeme sowie gewerkeübergreifende Systeme erkennen und in eine vernetzte Gebäudetechnik zusammenführen sowie</LA></DD></DL></LA></DD><DT>3.</DT><DD Font="normal"><LA>die Leistungen kontrollieren, dokumentieren, übergeben und abrechnen, hierzu zählen insbesondere: <DL Type="alpha"><DT>a)</DT><DD Font="normal"><LA>Kriterien zur Feststellung der Qualität der erbrachten Leistungen erläutern,</LA></DD><DT>b)</DT><DD Font="normal"><LA>Leistungen dokumentieren,</LA></DD><DT>c)</DT><DD Font="normal"><LA>Prüfergebnisse, insbesondere sicherheitsrelevante Messungen gemäß Normen und rechtlicher Vorgaben, dokumentieren, bewerten sowie erläutern,</LA></DD><DT>d)</DT><DD Font="normal"><LA>Vorgehensweise bei Übergabe der Leistungen und Information der Kundinnen und Kunden über Handhabung und Wartung erläutern, dabei Überprüfungspflichten, Wartungspflichten sowie Wartungsnotwendigkeiten darstellen,</LA></DD><DT>e)</DT><DD Font="normal"><LA>Leistungen abrechnen,</LA></DD><DT>f)</DT><DD Font="normal"><LA>auftragsbezogene Nachkalkulationen durchführen und Konsequenzen ableiten,</LA></DD><DT>g)</DT><DD Font="normal"><LA>Möglichkeiten der Herstellung von Kundenzufriedenheit und der Kundenbindung erläutern und beurteilen sowie</LA></DD><DT>h)</DT><DD Font="normal"><LA>Serviceleistungen anlässlich der Übergabe, insbesondere mit Blick auf Überprüfungspflichten sowie Wartungspflichten, erläutern und bewerten.</LA></DD></DL></LA></DD></DL></P></Content></text></textdaten></norm>
<norm builddate="20240604215009" doknr="BJNR03E0D0024BJNE001100000"><metadaten><jurabk>ElektroTechMstrV 2024</jurabk><jurabk>ElektroTechMstrV</jurabk><enbez>§ 11</enbez><titel format="XML">Handlungsfeld „Einen Betrieb im Elektrotechniker-Handwerk führen und organisieren“</titel></metadaten><textdaten><text format="XML"><Content><P>(1) Im Handlungsfeld „Einen Betrieb im Elektrotechniker-Handwerk führen und organisieren“ hat der Prüfling nachzuweisen, dass er in der Lage ist, Aufgaben der Betriebsführung und der Betriebsorganisation in einem Betrieb im Elektrotechniker-Handwerk unter Berücksichtigung der Rechtsvorschriften, auch unter Anwendung von Informations- und Kommunikationstechnologien, wahrzunehmen. Dabei hat er den Nutzen zwischenbetrieblicher Kooperationen, insbesondere gewerbeübergreifender Zusammenarbeit, zu prüfen und zu bewerten. Die jeweilige Aufgabenstellung soll mehrere der in Absatz 2 genannten Qualifikationen verknüpfen.</P><P>(2) Das Handlungsfeld „Einen Betrieb im Elektrotechniker-Handwerk führen und organisieren“ besteht aus folgenden Qualifikationen: <DL Type="arabic"><DT>1.</DT><DD Font="normal"><LA>betriebliche Kosten analysieren und für die Preisgestaltung und Effizienzsteigerung nutzen, hierzu zählen insbesondere: <DL Type="alpha"><DT>a)</DT><DD Font="normal"><LA>betriebliche Kosten ermitteln, dabei betriebswirtschaftliche Zusammenhänge berücksichtigen,</LA></DD><DT>b)</DT><DD Font="normal"><LA>betriebliche Kostenstrukturen überprüfen,</LA></DD><DT>c)</DT><DD Font="normal"><LA>betriebliche Kennzahlen ermitteln und vergleichen,</LA></DD><DT>d)</DT><DD Font="normal"><LA>Maßnahmen zur Effizienzsteigerung ableiten sowie</LA></DD><DT>e)</DT><DD Font="normal"><LA>Stundenverrechnungssätze anhand vorgegebener Kostenstrukturen berechnen,</LA></DD></DL></LA></DD><DT>2.</DT><DD Font="normal"><LA>Marketingmaßnahmen zur Kundengewinnung und Kundenpflege erarbeiten, hierzu zählen insbesondere: <DL Type="alpha"><DT>a)</DT><DD Font="normal"><LA>Auswirkungen technologischer Entwicklungen, wirtschaftlicher Entwicklungen, rechtlicher Entwicklungen sowie gesellschaftlicher Entwicklungen sowie veränderter Kundenanforderungen auf das Leistungsangebot darstellen und begründen,</LA></DD><DT>b)</DT><DD Font="normal"><LA>Möglichkeiten der Auftragsbeschaffung darstellen und Marketingmaßnahmen zur Kundengewinnung und Kundenpflege entwickeln,</LA></DD><DT>c)</DT><DD Font="normal"><LA>Informationen über Produkte und über das Leistungsspektrum des Betriebs erstellen sowie</LA></DD><DT>d)</DT><DD Font="normal"><LA>Vertriebswege ermitteln und bewerten,</LA></DD></DL></LA></DD><DT>3.</DT><DD Font="normal"><LA>betriebliches Qualitätsmanagement entwickeln, hierzu zählen insbesondere: <DL Type="alpha"><DT>a)</DT><DD Font="normal"><LA>Bedeutung des betrieblichen Qualitätsmanagements darstellen und beurteilen,</LA></DD><DT>b)</DT><DD Font="normal"><LA>Qualitätsmanagementsysteme unterscheiden und beurteilen,</LA></DD><DT>c)</DT><DD Font="normal"><LA>Maßnahmen zur Kontrolle und Dokumentation der Leistungen erläutern, begründen und bewerten, insbesondere unter Berücksichtigung von Qualitätsstandards, Rechtsvorschriften und technischen Normen und</LA></DD><DT>d)</DT><DD Font="normal"><LA>Maßnahmen zur kontinuierlichen Verbesserung von Geschäfts- und Arbeitsprozessen festlegen und bewerten sowie</LA></DD><DT>e)</DT><DD Font="normal"><LA>Maßnahmen zur Rückverfolgbarkeit der verwendeten Produkte und Materialien, insbesondere zum Nachweis der Nachhaltigkeit, der Schadstofffreiheit sowie der ökologischen Verantwortung sowie der sozialen Verantwortung, festlegen,</LA></DD></DL></LA></DD><DT>4.</DT><DD Font="normal"><LA>Personal unter Berücksichtigung gewerbespezifischer Bedingungen planen und anleiten, Personalentwicklung planen, hierzu zählen insbesondere: <DL Type="alpha"><DT>a)</DT><DD Font="normal"><LA>Einsatz von Personal disponieren,</LA></DD><DT>b)</DT><DD Font="normal"><LA>Einsatz von Auszubildenden auf Grundlage des betrieblichen Ausbildungsplans disponieren,</LA></DD><DT>c)</DT><DD Font="normal"><LA>Methoden zur Anleitung von Personal erläutern,</LA></DD><DT>d)</DT><DD Font="normal"><LA>Qualifikationsbedarfe ermitteln sowie</LA></DD><DT>e)</DT><DD Font="normal"><LA>Maßnahmen zur fortlaufenden Qualifizierung, insbesondere unter Berücksichtigung der Weiterentwicklungsmöglichkeiten im Elektrotechniker-Handwerk, planen sowie</LA></DD></DL></LA></DD><DT>5.</DT><DD Font="normal"><LA>Betriebsausstattung sowie Lagerausstattung und Abläufe planen, hierzu zählen insbesondere: <DL Type="alpha"><DT>a)</DT><DD Font="normal"><LA>Durchführung der rechtlich vorgeschriebenen Gefährdungsbeurteilung erläutern, Folgen aus dem Ergebnis ableiten,</LA></DD><DT>b)</DT><DD Font="normal"><LA>Ausstattung des Betriebes, insbesondere unter Berücksichtigung der betrieblichen Bedarfe des Gewerbes, des Arbeitsschutzes, der Gefahrstoffhandhabung und ökologischer Gesichtspunkte, ökonomischer Gesichtspunkte, sozialer Gesichtspunkte sowie logistischer Gesichtspunkte, planen und begründen,</LA></DD><DT>c)</DT><DD Font="normal"><LA>Maßnahmen zur Unfallverhütung, zum Arbeitsschutz, zur Gefahrstofflagerung, insbesondere unter Berücksichtigung ökologischer Gesichtspunkte, ökonomischer Gesichtspunkte sowie sozialer Gesichtspunkte, planen und begründen,</LA></DD><DT>d)</DT><DD Font="normal"><LA>Instandhaltung von Werkzeugen, Geräten, Maschinen oder Fahrzeugen planen,</LA></DD><DT>e)</DT><DD Font="normal"><LA>Betriebsabläufe planen und verbessern, unter Berücksichtigung der Nachfrage, der betrieblichen Auslastung, des Einsatzes von Personal, Material und Werkzeugen, Geräten, Maschinen oder Fahrzeugen sowie</LA></DD><DT>f)</DT><DD Font="normal"><LA>Möglichkeiten zur Gewinnung, Nutzung oder Einsparung von Energie darstellen.</LA></DD></DL></LA></DD></DL></P></Content></text></textdaten></norm>
<norm builddate="20240604215009" doknr="BJNR03E0D0024BJNE001200000"><metadaten><jurabk>ElektroTechMstrV 2024</jurabk><jurabk>ElektroTechMstrV</jurabk><enbez>§ 12</enbez><titel format="XML">Gewichtung, Bestehen der Prüfung in Teil II</titel></metadaten><textdaten><text format="XML"><Content><P>(1) Bei der Berechnung des Gesamtergebnisses der Prüfung in Teil II der Meisterprüfung nach Maßgabe der Vorschriften der Meisterprüfungsverfahrensverordnung werden die Bewertungen der Handlungsfelder nach den §§ 9 bis 11 gleich gewichtet.</P><P>(2) Wurden in höchstens zwei der drei Handlungsfelder jeweils mindestens 30 und weniger als 50 Punkte erreicht, so kann in einem dieser Handlungsfelder eine mündliche Ergänzungsprüfung durchgeführt werden, wenn diese für das Bestehen der Prüfung in Teil II der Meisterprüfung ausschlaggebend ist.</P><P>(3) Der Prüfling hat den Teil II der Meisterprüfung bestanden, wenn <DL Type="arabic"><DT>1.</DT><DD Font="normal"><LA>jedes der drei Handlungsfelder mit mindestens 30 Punkten bewertet worden ist,</LA></DD><DT>2.</DT><DD Font="normal"><LA>nach durchgeführter Ergänzungsprüfung nach Absatz 2 höchstens ein Handlungsfeld mit weniger als 50 Punkten bewertet worden ist und</LA></DD><DT>3.</DT><DD Font="normal"><LA>das Gesamtergebnis der Prüfung mindestens „ausreichend“ ist.</LA></DD></DL></P><P>(4) Der Meisterprüfungsausschuss stellt dem Prüfling eine Bescheinigung aus, wenn die folgenden Prüfungsleistungen mit jeweils mindestens 50 Prozent der möglichen Punktzahl bewertet worden sind: <DL Type="arabic"><DT>1.</DT><DD Font="normal"><LA>im Meisterprüfungsprojekt der Bestandteil „Kontroll- und Dokumentationsarbeiten anhand der Dokumentationsunterlagen“ nach § 4 Absatz 5 Nummer 3,</LA></DD><DT>2.</DT><DD Font="normal"><LA>im Fachgespräch nach § 5,</LA></DD><DT>3.</DT><DD Font="normal"><LA>im Handlungsfeld „Anforderungen von Kunden eines Betriebes im Elektrotechniker-Handwerk analysieren, Lösungen erarbeiten und anbieten“ nach § 9 sowie</LA></DD><DT>4.</DT><DD Font="normal"><LA>im Handlungsfeld „Leistungen eines Betriebs im Elektrotechniker-Handwerk erbringen, kontrollieren und übergeben“ nach § 10.</LA></DD></DL></P></Content></text></textdaten></norm>
<norm builddate="20240604215009" doknr="BJNR03E0D0024BJNE001300000"><metadaten><jurabk>ElektroTechMstrV 2024</jurabk><jurabk>ElektroTechMstrV</jurabk><enbez>§ 13</enbez><titel format="XML">Allgemeine Prüfungs- und Verfahrensregelungen, weitere Regelungen zur Meisterprüfung</titel></metadaten><textdaten><text format="XML"><Content><P>(1) Die Vorschriften der Meisterprüfungsverfahrensverordnung bleiben unberührt.</P><P>(2) Die Prüfung in den Teilen III und IV der Meisterprüfung bestimmt sich nach der Allgemeinen Meisterprüfungsverordnung.</P></Content></text></textdaten></norm>
<norm builddate="20240604215009" doknr="BJNR03E0D0024BJNE001400000"><metadaten><jurabk>ElektroTechMstrV 2024</jurabk><jurabk>ElektroTechMstrV</jurabk><enbez>§ 14</enbez><titel format="XML">Übergangsvorschrift</titel></metadaten><textdaten><text format="XML"><Content><P>(1) Die bis zum Ablauf des 29. Februar 2024 begonnenen Prüfungsverfahren werden nach den Vorschriften für der Elektrotechnikermeisterverordnung vom 17. Juni 2002 (BGBl. I S. 2331), die zuletzt durch Artikel 2 Absatz 40 der Verordnung vom 18. Januar 2022 (BGBl. I S. 39) geändert worden ist, zu Ende geführt. Erfolgt die Anmeldung zur Prüfung bis zum Ablauf des 31. August 2024, so sind auf Verlangen des Prüflings die bis zum Ablauf des 29. Februar 2024 geltenden Vorschriften weiter anzuwenden.</P><P>(2) Prüflinge, die die Prüfung nach den bis zum Ablauf des 29. Februar 2024 geltenden Vorschriften nicht bestanden haben und sich bis zum Ablauf des 28. Februar 2026 zu einer Wiederholungsprüfung anmelden, können auf Verlangen die Wiederholungsprüfung nach den bis zum Ablauf des 29. Februar 2024 geltenden Vorschriften ablegen.</P></Content></text></textdaten></norm>
</dokumente>