<?xml version="1.0" encoding="UTF-8" ?><!DOCTYPE dokumente SYSTEM "http://www.gesetze-im-internet.de/dtd/1.01/gii-norm.dtd">
<dokumente builddate="20120625154341" doknr="BJNR108320007"><norm builddate="20120625154341" doknr="BJNR108320007"><metadaten><jurabk>EuPatÜbkRevA</jurabk><ausfertigung-datum manuell="ja">2000-11-29</ausfertigung-datum><fundstelle typ="amtlich"><periodikum>BGBl II</periodikum><zitstelle>2007, 1083</zitstelle></fundstelle><langue>Akte zur Revision des Übereinkommens über die Erteilung europäischer Patente (Europäisches Patentübereinkommen) vom 5. Oktober 1973, zuletzt revidiert am 17. Dezember 1991</langue></metadaten><textdaten><fussnoten><Content><P>G v. 24.8.2007 II 1082 <BR/>In Kraft gem. Bek. v. 19.2.2008 II 179 mWv 13.12.2007</P></Content></fussnoten></textdaten></norm>
</dokumente>