<?xml version="1.0" encoding="UTF-8" ?><!DOCTYPE dokumente SYSTEM "http://www.gesetze-im-internet.de/dtd/1.01/gii-norm.dtd">
<dokumente builddate="20220201213021" doknr="BJNR113800993"><norm builddate="20220201213021" doknr="BJNR113800993"><metadaten><jurabk>SegelmMstrV</jurabk><amtabk>SegelmMstrV</amtabk><ausfertigung-datum manuell="ja">1993-07-05</ausfertigung-datum><fundstelle typ="amtlich"><periodikum>BGBl I</periodikum><zitstelle>1993, 1138</zitstelle></fundstelle><kurzue>Segelmachermeisterverordnung</kurzue><langue>Verordnung über das Berufsbild und über die Prüfungsanforderungen im
praktischen und im fachtheoretischen Teil der Meisterprüfung für das
Segelmacher-Handwerk</langue><standangabe checked="ja"><standtyp>Stand</standtyp><standkommentar>Geändert durch Art. 2 Abs. 11 V v. 18.1.2022 I 39</standkommentar></standangabe></metadaten><textdaten><text format="XML"><Content><P/></Content></text><fussnoten><Content><P>(+++ Textnachweis ab:  1. 9.1993 +++)</P></Content></fussnoten></textdaten></norm>
<norm builddate="20220201213021" doknr="BJNR113800993BJNE000400307"><metadaten><jurabk>SegelmMstrV</jurabk><enbez>Eingangsformel</enbez></metadaten><textdaten><text format="XML"><Content><P>Auf Grund des § 45 der Handwerksordnung in der Fassung der Bekanntmachung vom 28. Dezember 1965 (BGBl. 1966 I S. 1), der zuletzt durch Artikel 24 Nr. 1 des Gesetzes vom 18. März 1975 (BGBl. I S. 705) geändert worden ist, verordnet das Bundesministerium für Wirtschaft im Einvernehmen mit dem Bundesministerium für Bildung und Wissenschaft:</P></Content></text></textdaten></norm>
<norm builddate="20220201213021" doknr="BJNR113800993BJNG000100307"><metadaten><jurabk>SegelmMstrV</jurabk><gliederungseinheit><gliederungskennzahl>010</gliederungskennzahl><gliederungsbez>1. Abschnitt</gliederungsbez><gliederungstitel>Berufsbild</gliederungstitel></gliederungseinheit></metadaten><textdaten><text format="XML"><Content><P/></Content></text></textdaten></norm>
<norm builddate="20220201213021" doknr="BJNR113800993BJNE000500307"><metadaten><jurabk>SegelmMstrV</jurabk><enbez>§ 1</enbez><titel format="parat">Berufsbild</titel></metadaten><textdaten><text format="XML"><Content><P>(1) Dem Segelmacher-Handwerk sind folgende Tätigkeiten zuzurechnen: <DL Font="normal" Type="arabic"><DT>1.</DT><DD Font="normal"><LA Size="normal">Planung, Entwurf, Fertigung, Montage, Instandsetzung und Änderung von Segeln, Bezügen, Zelten, Planen, Markisen, Verdecken sowie der dazugehörigen Gestänge,</LA></DD> <DT>2.</DT><DD Font="normal"><LA Size="normal">Be- und Verarbeitung von Tauwerk, Drahtseilen und Seilen aus Verbundwerkstoffen einschließlich der Zubehörteile, Aufriggen von Masten,</LA></DD> <DT>3.</DT><DD Font="normal"><LA Size="normal">Montage von Vor- und Großsegel-Reffanlagen, Herstellung und Umrüstung von Großbäumen und Masten.</LA></DD> </DL> </P><P>(2) Dem Segelmacher-Handwerk sind folgende Kenntnisse und Fertigkeiten zuzurechnen: <DL Font="normal" Type="arabic"><DT>1.</DT><DD Font="normal"><LA Size="normal">Kenntnisse der Segel-, Takelungs- und Zeltarten,</LA></DD> <DT>2.</DT><DD Font="normal"><LA Size="normal">Kenntnisse der Schneide-, Näh-, Schweiß- und Klebeverfahren,</LA></DD> <DT>3.</DT><DD Font="normal"><LA Size="normal">Kenntnisse der verschiedenen Natur- und Chemiefasern,</LA></DD> <DT>4.</DT><DD Font="normal"><LA Size="normal">Kenntnisse der Veredelungsverfahren von Geweben,</LA></DD> <DT>5.</DT><DD Font="normal"><LA Size="normal">Kenntnisse der Gütebestimmungen,</LA></DD> <DT>6.</DT><DD Font="normal"><LA Size="normal">Kenntnisse der berufsbezogenen Werk- und Hilfsstoffe,</LA></DD> <DT>7.</DT><DD Font="normal"><LA Size="normal">Kenntnisse der Funktionsweise von mechanischen, hydraulischen, pneumatischen und elektrischen Antriebsmaschinen und -geräten einschließlich elektronischer Steuerungen,</LA></DD> <DT>8.</DT><DD Font="normal"><LA Size="normal">Kenntnisse der Planung und der Herstellungstechniken der Einzel- und Serienfertigung einschließlich des Einsatzes von rechnergestützten Geräten,</LA></DD> <DT>9.</DT><DD Font="normal"><LA Size="normal">Kenntnisse der berufsbezogenen Vorschriften der Arbeitssicherheit und des Arbeitsschutzes,</LA></DD> <DT>10.</DT><DD Font="normal"><LA Size="normal">Kenntnisse der berufsbezogenen Vorschriften und Normen,</LA></DD> <DT>11.</DT><DD Font="normal"><LA Size="normal">Kenntnisse der Arbeitsweise, des Einsatzes, der Einstellung und Instandhaltung der berufsbezogenen Werkzeuge, Geräte und Maschinen,</LA></DD> <DT>12.</DT><DD Font="normal"><LA Size="normal">Bestimmen der Gewebekonstruktionen nach Bindung, Fadendichte und Garnnummern,</LA></DD> <DT>13.</DT><DD Font="normal"><LA Size="normal">Lesen und Anfertigen von Entwurfsskizzen und Werkzeichnungen,</LA></DD> <DT>14.</DT><DD Font="normal"><LA Size="normal">Anfertigen von Aufrissen zu Spezialsegeln, zu Treibankern und zu Groß- und Vorsegeln in verschiedenen Schnittformen,</LA></DD> <DT>15.</DT><DD Font="normal"><LA Size="normal">Anschlagen von Segeln,</LA></DD> <DT>16.</DT><DD Font="normal"><LA Size="normal">Messen, Einteilen und Bereitstellen der Werk- und Hilfsstoffe,</LA></DD> <DT>17.</DT><DD Font="normal"><LA Size="normal">Schneiden von Hand und mit Maschine,</LA></DD> <DT>18.</DT><DD Font="normal"><LA Size="normal">Nähen von Hand und mit Maschine,</LA></DD> <DT>19.</DT><DD Font="normal"><LA Size="normal">Bearbeiten von Textilien, Kunst- und sonstigen Werkstoffen, insbesondere durch Stanzen, Bohren und Lochen,</LA></DD> <DT>20.</DT><DD Font="normal"><LA Size="normal">Anfertigen von Reffs in Segeln für Schiffe älterer oder historischer Bauart einschließlich Setzen von Klodjes,</LA></DD> <DT>21.</DT><DD Font="normal"><LA Size="normal">Ausführen von Instandhaltungsarbeiten an Segeln, Zelten und Planen,</LA></DD> <DT>22.</DT><DD Font="normal"><LA Size="normal">Knoten, Spleißen und Takeln von Tauwerk und Drahtseilen sowie Montieren von Beschlägen,</LA></DD> <DT>23.</DT><DD Font="normal"><LA Size="normal">Anbringen von Markisen und Planen,</LA></DD> <DT>24.</DT><DD Font="normal"><LA Size="normal">Aufbauen von Zelten,</LA></DD> <DT>25.</DT><DD Font="normal"><LA Size="normal">Instandhalten der berufsbezogenen Maschinen, Geräte und Werkzeuge, insbesondere Einstellen von Nähmaschinen.</LA></DD> </DL></P></Content></text></textdaten></norm>
<norm builddate="20220201213021" doknr="BJNR113800993BJNG000200307"><metadaten><jurabk>SegelmMstrV</jurabk><gliederungseinheit><gliederungskennzahl>020</gliederungskennzahl><gliederungsbez>2. Abschnitt</gliederungsbez><gliederungstitel>Prüfungsanforderungen in den Teilen
I und II der Meisterprüfung</gliederungstitel></gliederungseinheit></metadaten><textdaten><text format="XML"><Content><P/></Content></text></textdaten></norm>
<norm builddate="20220201213021" doknr="BJNR113800993BJNE000600307"><metadaten><jurabk>SegelmMstrV</jurabk><enbez>§ 2</enbez><titel format="parat">Gliederung, Dauer und Bestehen der praktischen Prüfung
(Teil I)</titel></metadaten><textdaten><text format="XML"><Content><P>(1) In Teil I sind eine Meisterprüfungsarbeit anzufertigen und eine Arbeitsprobe auszuführen. Bei der Bestimmung der Meisterprüfungsarbeit sollen die Vorschläge des Prüflings nach Möglichkeit berücksichtigt werden.</P><P>(2) Die Anfertigung der Meisterprüfungsarbeit soll nicht länger als zehn Arbeitstage, die Ausführung der Arbeitsprobe nicht länger als 16 Stunden dauern.</P><P>(3) Mindestvoraussetzung für das Bestehen des Teils I sind jeweils ausreichende Leistungen in der Meisterprüfungsarbeit und in der Arbeitsprobe.</P></Content>  </text></textdaten></norm>
<norm builddate="20220201213021" doknr="BJNR113800993BJNE000700307"><metadaten><jurabk>SegelmMstrV</jurabk><enbez>§ 3</enbez><titel format="parat">Meisterprüfungsarbeit</titel></metadaten><textdaten><text format="XML"><Content><P>(1) Als Meisterprüfungsarbeit ist eine der nachstehend genannten Arbeiten anzufertigen: <DL Font="normal" Type="arabic"><DT>1.</DT><DD Font="normal"><LA Size="normal">ein Jachtsegel sowie ein Segel für Schiffe älterer oder historischer Bauart in umfangreicher Handarbeit, fertig zum Anschlagen,</LA></DD> <DT>2.</DT><DD Font="normal"><LA Size="normal">eine Bootsplane für Seekreuzer, fertig zum Auflegen,</LA></DD> <DT>3.</DT><DD Font="normal"><LA Size="normal">ein Sprayhood, fertig zum Montieren,</LA></DD> <DT>4.</DT><DD Font="normal"><LA Size="normal">ein Lagerzelt mit Satteldach einschließlich Spannseilen,</LA></DD> <DT>5.</DT><DD Font="normal"><LA Size="normal">eine Plane für Lastkraftwagen nach Zollvorschriften,</LA></DD> <DT>6.</DT><DD Font="normal"><LA Size="normal">ein Caravan-Vorzelt, fertig zum Aufbauen.</LA></DD> </DL> </P><P>(2) Der Prüfling hat dem Meisterprüfungsausschuß vor Anfertigung der Meisterprüfungsarbeit eine Werkzeichnung und ein Angebot einschließlich der Vorkalkulation zur Genehmigung vorzulegen.</P><P>(3) Die Werkzeichnung sowie die Vor- und Nachkalkulation sind bei der Bewertung der Meisterprüfungsarbeit zu berücksichtigen.</P></Content> </text></textdaten></norm>
<norm builddate="20220201213021" doknr="BJNR113800993BJNE000800307"><metadaten><jurabk>SegelmMstrV</jurabk><enbez>§ 4</enbez><titel format="parat">Arbeitsprobe</titel></metadaten><textdaten><text format="XML"><Content><P>(1) Als Arbeitsprobe sind drei der nachstehend genannten Arbeiten auszuführen: <DL Font="normal" Type="arabic"><DT>1.</DT><DD Font="normal"><LA Size="normal">Anfertigen eines Bezuges nach vorgegebenen Maßen, genäht oder geschweißt,</LA></DD> <DT>2.</DT><DD Font="normal"><LA Size="normal">Anfertigen einer Schotecke mit Laegelstecken und Einsetzen der Laegelkausch,</LA></DD> <DT>3.</DT><DD Font="normal"><LA Size="normal">Anfertigen einer Ecke mit Halsenspleiß,</LA></DD> <DT>4.</DT><DD Font="normal"><LA Size="normal">Anfertigen einer Kopfecke mit Drahtspleiß, Einnähen des Auges und Einsetzen der Spitzkausch,</LA></DD> <DT>5.</DT><DD Font="normal"><LA Size="normal">Anfertigen eines Reffs im Segel eines Schiffes älterer oder historischer Bauart einschließlich Setzen von Klodjes,</LA></DD> <DT>6.</DT><DD Font="normal"><LA Size="normal">Aufreißen eines Head- oder Triradial-Spinnakers,</LA></DD> <DT>7.</DT><DD Font="normal"><LA Size="normal">Anfertigen eines Treibankeraufrisses,</LA></DD> <DT>8.</DT><DD Font="normal"><LA Size="normal">Anfertigen eines Aufrisses eines Groß- und Vorsegels in verschiedenen Schnittformen,</LA></DD> <DT>9.</DT><DD Font="normal"><LA Size="normal">Anfertigen von Draht- und Tauspleißen.</LA></DD> </DL> </P><P>(2) In der Arbeitsprobe sind die wichtigsten Fertigkeiten und Kenntnisse zu prüfen, die in der Meisterprüfungsarbeit nicht oder nur unzureichend nachgewiesen werden konnten.</P></Content></text></textdaten></norm>
<norm builddate="20220201213021" doknr="BJNR113800993BJNE000900307"><metadaten><jurabk>SegelmMstrV</jurabk><enbez>§ 5</enbez><titel format="parat">Prüfung der fachtheoretischen Kenntnisse (Teil II)</titel></metadaten><textdaten><text format="XML"><Content><P>(1) In Teil II sind Kenntnisse in den folgenden vier Prüfungsfächern nachzuweisen: <DL Font="normal" Type="arabic"><DT>1.</DT><DD Font="normal"><LA Size="normal">Technische Mathematik und Technisches Zeichnen:<DL Font="normal" Type="arabic"><DT>a)</DT><DD Font="normal"><LA Size="normal">Berechnen der Mengen und Maße der Werk- und Hilfsstoffe,</LA></DD> <DT>b)</DT><DD Font="normal"><LA Size="normal">Anfertigen von Werkzeichnungen;</LA></DD> </DL></LA></DD> <DT>2.</DT><DD Font="normal"><LA Size="normal">Fachtechnologie:<DL Font="normal" Type="arabic"><DT>a)</DT><DD Font="normal"><LA Size="normal">segeltechnische Gegebenheiten,</LA></DD> <DT>b)</DT><DD Font="normal"><LA Size="normal">Zuordnung der Segel zu Bootsklassen,</LA></DD> <DT>c)</DT><DD Font="normal"><LA Size="normal">Funktionsweise von mechanischen, hydraulischen, pneumatischen und elektrischen Antriebsmaschinen und Geräten einschließlich elektronischer Steuerungen,</LA></DD> <DT>d)</DT><DD Font="normal"><LA Size="normal">Schneide-, Näh-, Schweiß- und Klebeverfahren,</LA></DD> <DT>e)</DT><DD Font="normal"><LA Size="normal">Herstellungstechniken in der Einzel- und Serienfertigung einschließlich des Einsatzes von rechnergestützten Geräten,</LA></DD> <DT>f)</DT><DD Font="normal"><LA Size="normal">Entwicklung von Fertigungsabläufen,</LA></DD> <DT>g)</DT><DD Font="normal"><LA Size="normal">Gütebestimmungen,</LA></DD> <DT>h)</DT><DD Font="normal"><LA Size="normal">berufsbezogene Vorschriften der Arbeitssicherheit und des Arbeitsschutzes;</LA></DD> </DL></LA></DD> <DT>3.</DT><DD Font="normal"><LA Size="normal">Werkstoffkunde:</LA><LA Size="normal">Arten, Herstellung, Eigenschaften, Lagerung, Verwendung und Verarbeitung der Werk- und Hilfsstoffe und ihre Entsorgung;</LA></DD>  <DT>4.</DT><DD Font="normal"><LA Size="normal">Kalkulation:</LA><LA Size="normal">Kostenermittlung unter Einbeziehung aller für die Preisbildung wesentlichen Faktoren einschließlich der Berechnungen für die Angebots- und Nachkalkulation.</LA></DD>  </DL> </P><P>(2) Die Prüfung ist schriftlich und mündlich durchzuführen.</P><P>(3) Die schriftliche Prüfung soll insgesamt nicht länger als zehn Stunden, die mündliche je Prüfling nicht länger als eine halbe Stunde dauern. In der schriftlichen Prüfung soll an einem Tag nicht länger als sechs Stunden geprüft werden.</P><P>(4) Der Prüfling ist von der mündlichen Prüfung auf Antrag zu befreien, wenn er im Durchschnitt mindestens gute schriftliche Leistungen erbracht hat.</P><P>(5) Mindestvoraussetzung für das Bestehen des Teils II sind jeweils ausreichende Leistungen in jedem der Prüfungsfächer nach Absatz 1 Nr. 2 und 3.</P></Content>   </text></textdaten></norm>
<norm builddate="20220201213021" doknr="BJNR113800993BJNG000300307"><metadaten><jurabk>SegelmMstrV</jurabk><gliederungseinheit><gliederungskennzahl>030</gliederungskennzahl><gliederungsbez>3. Abschnitt</gliederungsbez><gliederungstitel>Übergangs- und Schlußvorschriften</gliederungstitel></gliederungseinheit></metadaten><textdaten><text format="XML"><Content><P/></Content></text></textdaten></norm>
<norm builddate="20220201213021" doknr="BJNR113800993BJNE001000307"><metadaten><jurabk>SegelmMstrV</jurabk><enbez>§ 6</enbez><titel format="parat">Übergangsvorschrift</titel></metadaten><textdaten><text format="XML"><Content><P>Die bei Inkrafttreten dieser Verordnung laufenden Prüfungsverfahren werden nach den bisherigen Vorschriften zu Ende geführt.</P></Content></text></textdaten></norm>
<norm builddate="20220201213021" doknr="BJNR113800993BJNE001101128"><metadaten><jurabk>SegelmMstrV</jurabk><enbez>§ 7</enbez><titel format="XML">Weitere Anforderungen</titel></metadaten><textdaten><text format="XML"><Content><P>(1) Die Vorschriften der Meisterprüfungsverfahrensverordnung bleiben unberührt.</P><P>(2) Die Prüfung in den Teilen III und IV der Meisterprüfung bestimmt sich nach der Allgemeinen Meisterprüfungsverordnung.</P></Content></text><fussnoten/></textdaten></norm>
<norm builddate="20220201213021" doknr="BJNR113800993BJNE001200307"><metadaten><jurabk>SegelmMstrV</jurabk><enbez>§ 8</enbez><titel format="parat">Inkrafttreten</titel></metadaten><textdaten><text format="XML"><Content><P>(1) Diese Verordnung tritt am 1. September 1993 in Kraft.</P><P>(2) Die auf Grund des § 122 der Handwerksordnung weiter anzuwendenden Vorschriften sind, soweit sie Gegenstände dieser Verordnung regeln, nicht mehr anzuwenden.</P></Content> </text></textdaten></norm>
</dokumente>