<?xml version="1.0" encoding="UTF-8" ?><!DOCTYPE dokumente SYSTEM "http://www.gesetze-im-internet.de/dtd/1.01/gii-norm.dtd">
<dokumente builddate="20131008093658" doknr="BJNR095820998"><norm builddate="20131008093658" doknr="BJNR095820998"><metadaten><jurabk>StBefrAbkLETV</jurabk><ausfertigung-datum manuell="ja">1998-05-11</ausfertigung-datum><fundstelle typ="amtlich"><periodikum>BGBl II</periodikum><zitstelle>1998, 958</zitstelle></fundstelle><langue>Verordnung zu dem Abkommen vom 21. Februar 1997
zwischen der Regierung der Bundesrepublik Deutschland
und der Regierung der Republik Lettland über die
gegenseitige Steuerbefreiung von Straßenfahrzeugen im
internationalen Verkehr</langue></metadaten><textdaten><text format="decorated"/><fussnoten><Content><P>Die V tritt gem. Art. 2 Abs. 1 an dem Tage in Kraft, an dem das Abkommen nach seinem Art. 4 Abs. 1 Satz 2 in Kraft tritt. <BR/>Das Abkommen ist gem. Bek. v. 19.10.1998 II 2947 mWv 22.10.1998 in Kraft getreten. <BR/>V nachgewiesen im Fundstellennachweis B</P></Content></fussnoten></textdaten></norm>
</dokumente>