<?xml version="1.0" encoding="UTF-8" ?><!DOCTYPE dokumente SYSTEM "http://www.gesetze-im-internet.de/dtd/1.01/gii-norm.dtd">
<dokumente builddate="20210506212505" doknr="BJNR270300004"><norm builddate="20210506212505" doknr="BJNR270300004"><metadaten><jurabk>ELV 2004</jurabk><amtabk>ELV</amtabk><ausfertigung-datum manuell="ja">2004-10-28</ausfertigung-datum><fundstelle typ="amtlich"><periodikum>BGBl I</periodikum><zitstelle>2004, 2703</zitstelle></fundstelle><kurzue>Eisenbahn-Laufbahnverordnung</kurzue><langue>Verordnung über die Laufbahnen der Beamtinnen und Beamten beim Bundeseisenbahnvermögen</langue><standangabe checked="ja"><standtyp>Stand</standtyp><standkommentar>Zuletzt geändert durch Art. 333 V v. 19.6.2020 I 1328</standkommentar></standangabe></metadaten><textdaten><fussnoten><Content><P><BR/> <pre xml:space="preserve">(+++ Textnachweis ab: 10.11.2004 +++)<BR/><BR/></pre></P></Content></fussnoten></textdaten></norm>
<norm builddate="20210506212505" doknr="BJNR270300004BJNE000100000"><metadaten><jurabk>ELV 2004</jurabk><enbez>Eingangsformel</enbez></metadaten><textdaten><text format="XML"><Content><P>Auf Grund des § 7 Abs. 4 Nr. 1 und Abs. 5 des Bundeseisenbahnneugliederungsgesetzes vom 27. Dezember 1993 (BGBl. I S. 2378, 1994 I S. 2439), von denen Absatz 4 Nr. 1 durch Artikel 19 Abs. 2 Nr. 1 des Gesetzes vom 29. Juni 1998 (BGBl. I S. 1666) und Absatz 5 durch Artikel 263 Nr. 2 der Verordnung vom 29. Oktober 2001 (BGBl. I S. 2785) geändert worden sind, verordnet das Bundesministerium für Verkehr, Bau- und Wohnungswesen im Einvernehmen mit dem Bundesministerium des Innern und dem Bundesministerium der Finanzen:</P></Content></text></textdaten></norm>
<norm builddate="20210506212505" doknr="BJNR270300004BJNE000200000"><metadaten><jurabk>ELV 2004</jurabk><enbez>Inhaltsübersicht</enbez></metadaten><textdaten><text format="XML"><Content><P><table frame="none" pgwide="1" tocentry="%yes;"><tgroup align="left" char="" charoff="50" cols="2" colsep="0" rowsep="0"><colspec colname="col1" colnum="1" colwidth="10*"/><colspec colname="col2" colnum="2" colwidth="100*"/><tbody valign="top"><row><entry VJ="1" align="left" colsep="0" valign="top">§ 1</entry><entry VJ="1" align="left" colsep="0" valign="top">Geltungsbereich</entry></row><row><entry VJ="1" align="left" colsep="0" valign="top">§ 2</entry><entry VJ="1" align="left" colsep="0" valign="top">Zuständigkeiten</entry></row><row><entry VJ="1" align="left" colsep="0" valign="top">§ 3</entry><entry VJ="1" align="left" colsep="0" valign="top">Leistungsgrundsatz, Förderung der Leistungsfähigkeit</entry></row><row><entry VJ="1" align="left" colsep="0" valign="top">§ 4</entry><entry VJ="1" align="left" colsep="0" valign="top">Laufbahnen, Ämter</entry></row><row><entry VJ="1" align="left" colsep="0" valign="top">§ 5</entry><entry VJ="1" align="left" colsep="0" valign="top">Laufbahn des höheren allgemeinen Verwaltungsdienstes und Laufbahn des höheren bautechnischen Verwaltungsdienstes</entry></row><row><entry VJ="1" align="left" colsep="0" valign="top">§ 6</entry><entry VJ="1" align="left" colsep="0" valign="top">Laufbahn der Bundesbahninspektorinnen und Bundesbahninspektoren</entry></row><row><entry VJ="1" align="left" colsep="0" valign="top">§ 7</entry><entry VJ="1" align="left" colsep="0" valign="top">Laufbahn der technischen Bundesbahninspektorinnen und technischen Bundesbahninspektoren</entry></row><row><entry VJ="1" align="left" colsep="0" valign="top">§ 8</entry><entry VJ="1" align="left" colsep="0" valign="top">Laufbahn der Bundesbahnsekretärinnen und Bundesbahnsekretäre</entry></row><row><entry VJ="1" align="left" colsep="0" valign="top">§ 9</entry><entry VJ="1" align="left" colsep="0" valign="top">Laufbahn der technischen Bundesbahnsekretärinnen und technischen Bundesbahnsekretäre</entry></row><row><entry VJ="1" align="left" colsep="0" valign="top">§ 10</entry><entry VJ="1" align="left" colsep="0" valign="top">Laufbahn der Lokomotivführerinnen und Lokomotivführer</entry></row><row><entry VJ="1" align="left" colsep="0" valign="top">§ 11</entry><entry VJ="1" align="left" colsep="0" valign="top">Laufbahn der Werkmeisterinnen und Werkmeister</entry></row><row><entry VJ="1" align="left" colsep="0" valign="top">§ 12</entry><entry VJ="1" align="left" colsep="0" valign="top">Laufbahn der Betriebsaufseherinnen und Betriebsaufseher</entry></row><row><entry VJ="1" align="left" colsep="0" valign="top">§ 13</entry><entry VJ="1" align="left" colsep="0" valign="top">Stellenausschreibung</entry></row><row><entry VJ="1" align="left" colsep="0" valign="top">§ 14</entry><entry VJ="1" align="left" colsep="0" valign="top">Laufbahnwechsel</entry></row><row><entry VJ="1" align="left" colsep="0" valign="top">§ 15</entry><entry VJ="1" align="left" colsep="0" valign="top">Probezeit</entry></row><row><entry VJ="1" align="left" colsep="0" valign="top">§ 16</entry><entry VJ="1" align="left" colsep="0" valign="top">Übertragung von höher bewerteten Dienstposten, Erprobung</entry></row><row><entry VJ="1" align="left" colsep="0" valign="top">§ 17</entry><entry VJ="1" align="left" colsep="0" valign="top">Beförderung</entry></row><row><entry VJ="1" align="left" colsep="0" valign="top">§ 18</entry><entry VJ="1" align="left" colsep="0" valign="top">Aufstieg</entry></row><row><entry VJ="1" align="left" colsep="0" valign="top">§ 19</entry><entry VJ="1" align="left" colsep="0" valign="top">Praxisaufstieg</entry></row><row><entry VJ="1" align="left" colsep="0" valign="top">§ 20</entry><entry VJ="1" align="left" colsep="0" valign="top">Andere Bewerberinnen und Bewerber</entry></row><row><entry VJ="1" align="left" colsep="0" valign="top">§ 21</entry><entry VJ="1" align="left" colsep="0" valign="top">Dienstliche Beurteilung</entry></row><row><entry VJ="1" align="left" colsep="0" valign="top">§ 22</entry><entry VJ="1" align="left" colsep="0" valign="top">Fortbildung</entry></row><row><entry VJ="1" align="left" colsep="0" valign="top">§ 23</entry><entry VJ="1" align="left" colsep="0" valign="top">Inkrafttreten, Außerkrafttreten</entry></row></tbody></tgroup></table></P></Content></text></textdaten></norm>
<norm builddate="20210506212505" doknr="BJNR270300004BJNE000300000"><metadaten><jurabk>ELV 2004</jurabk><enbez>§ 1</enbez><titel format="parat">Geltungsbereich</titel></metadaten><textdaten><text format="XML"><Content><P>Für die Beamtinnen und Beamten des Bundeseisenbahnvermögens, die nach § 12 Abs. 1 bis 3 des Deutsche Bahn Gründungsgesetzes vom 27. Dezember 1993 (BGBl. I S. 2378, 2386, 1994 I S. 2439), das zuletzt durch Artikel 264 der Verordnung vom 29. Oktober 2001 (BGBl. I S. 2785) geändert worden ist, beurlaubt oder einer Gesellschaft (Deutsche Bahn Aktiengesellschaft oder eine unter § 23 des Deutsche Bahn Gründungsgesetzes fallende Gesellschaft) zugewiesen sind, gelten die Vorschriften der Bundeslaufbahnverordnung in ihrer jeweils geltenden Fassung, soweit sich aus dieser Verordnung nichts anderes ergibt.</P></Content></text></textdaten></norm>
<norm builddate="20210506212505" doknr="BJNR270300004BJNE000403124"><metadaten><jurabk>ELV 2004</jurabk><enbez>§ 2</enbez><titel format="XML">Zuständigkeiten</titel></metadaten><textdaten><text format="XML"><Content><P>Soweit die Bundeslaufbahnverordnung dem Bundesministerium des Innern, für Bau und Heimat Zuständigkeiten zuweist, werden sie im Geltungsbereich dieser Verordnung vom Bundesministerium für Verkehr und digitale Infrastruktur wahrgenommen.</P></Content></text><fussnoten/></textdaten></norm>
<norm builddate="20210506212505" doknr="BJNR270300004BJNE000500000"><metadaten><jurabk>ELV 2004</jurabk><enbez>§ 3</enbez><titel format="parat">Leistungsgrundsatz, Förderung der Leistungsfähigkeit</titel></metadaten><textdaten><text format="XML"><Content><P>(1) Der Leistungsgrundsatz der Bundeslaufbahnverordnung gilt mit der Maßgabe, dass Eignung, Befähigung und fachliche Leistung an den Anforderungen der Gesellschaft gemessen werden.</P><P>(2) Personalführungs- und Personalentwicklungsmaßnahmen zur Förderung der Leistungsfähigkeit und die Ausgestaltung von Personalentwicklungskonzepten obliegen der Gesellschaft.</P></Content> </text></textdaten></norm>
<norm builddate="20210506212505" doknr="BJNR270300004BJNE000600000"><metadaten><jurabk>ELV 2004</jurabk><enbez>§ 4</enbez><titel format="parat">Laufbahnen, Ämter</titel></metadaten><textdaten><text format="XML"><Content><P>(1) Die Laufbahnen beim Bundeseisenbahnvermögen für die Beamtinnen und Beamten im Geltungsbereich dieser Verordnung sind nach den Inhalten der bei der Gesellschaft auszuübenden Funktionen gestaltet. Die besonderen Vorschriften für die einzelnen Laufbahnen enthalten die §§ 5 bis 12. Die Laufbahnen derselben Laufbahngruppe gelten als gleichwertig.</P><P>(2) Den Beamtinnen und Beamten stehen nach Eignung, Befähigung und fachlicher Leistung alle Ämter im Geltungsbereich und nach Maßgabe dieser Verordnung offen.</P><P>(3) Die Ämter einer Laufbahn sind regelmäßig zu durchlaufen.</P></Content>  </text></textdaten></norm>
<norm builddate="20210506212505" doknr="BJNR270300004BJNE000700000"><metadaten><jurabk>ELV 2004</jurabk><enbez>§ 5</enbez><titel format="XML">Laufbahn des höheren allgemeinen Verwaltungsdienstes und Laufbahn des höheren bautechnischen Verwaltungsdienstes</titel></metadaten><textdaten><text format="XML"><Content><P>(1) Die Laufbahnen gehören zur Laufbahngruppe des höheren Dienstes und umfassen alle Ämter dieser Laufbahnen bis einschließlich Besoldungsgruppe B 3 der Bundesbesoldungsordnung B. Ausgenommen ist die Besoldungsgruppe B 1 der Bundesbesoldungsordnung B.</P><P>(2) Die Beamtinnen und Beamten führen in den Laufbahnen folgende Dienst- und Amtsbezeichnungen: <BR/><table frame="none" tocentry="%yes;"><tgroup align="left" char="" charoff="50" cols="4" colsep="0" rowsep="0"><colspec colname="col1" colnum="1" colwidth="10*"/><colspec colname="col2" colnum="2" colwidth="5*"/><colspec colname="col3" colnum="3" colwidth="40*"/><colspec colname="col4" colnum="4" colwidth="40*"/><tbody valign="top"><row><entry VJ="1" align="left" colsep="0" valign="top">1.</entry><entry VJ="1" align="left" colsep="0" nameend="col3" namest="col2" valign="top">im Eingangsamt (Besoldungsgruppe A 13)</entry><entry VJ="1" align="left" colsep="0" valign="top">Bundesbahnrätin/Bundesbahnrat,</entry></row><row><entry VJ="1" align="left" colsep="0" valign="top">2.</entry><entry VJ="1" align="left" colsep="0" nameend="col3" namest="col2" valign="top">in den Beförderungsämtern der</entry><entry VJ="1" align="left" colsep="0" valign="top"> </entry></row><row><entry VJ="1" align="left" colsep="0" morerows="5" valign="top"> </entry><entry VJ="1" align="left" colsep="0" valign="top">a)</entry><entry VJ="1" align="left" colsep="0" valign="top">Besoldungsgruppe A 14</entry><entry VJ="1" align="left" colsep="0" valign="top">Bundesbahnoberrätin/Bundesbahnoberrat,</entry></row><row><entry VJ="1" align="left" colsep="0" valign="top">b)</entry><entry VJ="1" align="left" colsep="0" valign="top">Besoldungsgruppe A 15</entry><entry VJ="1" align="left" colsep="0" valign="top">Bundesbahndirektorin/Bundesbahndirektor,</entry></row><row><entry VJ="1" align="left" colsep="0" valign="top">c)</entry><entry VJ="1" align="left" colsep="0" valign="top">Besoldungsgruppe A 16</entry><entry VJ="1" align="left" colsep="0" valign="top">Leitende Bundesbahndirektorin/Leitender Bundesbahndirektor,</entry></row><row><entry VJ="1" align="left" colsep="0" valign="top">d)</entry><entry VJ="1" align="left" colsep="0" valign="top">Besoldungsgruppen A 16 und B 2</entry><entry VJ="1" align="left" colsep="0" valign="top">Abteilungspräsidentin/Abteilungspräsident,</entry></row><row><entry VJ="1" align="left" colsep="0" valign="top">e)</entry><entry VJ="1" align="left" colsep="0" valign="top">Besoldungsgruppen A 16 und B 3</entry><entry VJ="1" align="left" colsep="0" valign="top">Ministerialrätin/Ministerialrat,</entry></row><row><entry VJ="1" align="left" colsep="0" valign="top">f)</entry><entry VJ="1" align="left" colsep="0" valign="top">Besoldungsgruppe B 3</entry><entry VJ="1" align="left" colsep="0" valign="top">Vizepräsidentin/Vizepräsident.</entry></row></tbody></tgroup></table></P><P>(3) Die Ämter Abteilungspräsidentin (A 16), Abteilungspräsident (A 16), Ministerialrätin, Ministerialrat, Vizepräsidentin und Vizepräsident werden nicht mehr verliehen.</P><P>(4) Die Beamtinnen und Beamten dieser Laufbahnen üben in der Regel folgende Aufgaben und Funktionen aus: <DL Font="normal" Type="arabic"><DT>1.</DT><DD Font="normal"><LA Size="normal">Leiten und Führen von Organisationseinheiten und</LA></DD><DT>2.</DT><DD Font="normal"><LA Size="normal">Sonder-, Stabs- und Spezialistenfunktionen.</LA></DD></DL>Nach entsprechender Verwendungsfortbildung können auch andere Funktionen übertragen werden, soweit diese im Funktionszusammenhang stehen oder sonst dem höheren Dienst zugeordnet werden können.</P><P>(5) Die Übernahme in eine Laufbahn des höheren Dienstes erfolgt durch einen Laufbahnwechsel nach § 14, durch Aufstieg von Beamtinnen und Beamten der Laufbahn der Bundesbahninspektorinnen und Bundesbahninspektoren in die Laufbahn des höheren allgemeinen Verwaltungsdienstes oder von Beamtinnen und Beamten der Laufbahn der technischen Bundesbahninspektorinnen und technischen Bundesbahninspektoren in die Laufbahn des höheren bautechnischen Verwaltungsdienstes nach den §§ 18 und 19 oder durch Übernahme nach § 20.</P></Content></text></textdaten></norm>
<norm builddate="20210506212505" doknr="BJNR270300004BJNE000800000"><metadaten><jurabk>ELV 2004</jurabk><enbez>§ 6</enbez><titel format="parat">Laufbahn der Bundesbahninspektorinnen und Bundesbahninspektoren</titel></metadaten><textdaten><text format="XML"><Content><P>(1) Die Laufbahn gehört zur Laufbahngruppe des gehobenen Dienstes und umfasst alle Ämter dieser Laufbahn.</P><P>(2) Die Beamtinnen und Beamten führen in der Laufbahn folgende Dienst- und Amtsbezeichnungen: <BR/><table frame="none" tocentry="%yes;">
	<tgroup align="left" char="" charoff="50" cols="4" colsep="0" rowsep="0">
		<colspec colname="col1" colnum="1" colwidth="5*"/>
		<colspec colname="col2" colnum="2" colwidth="5*"/>
		<colspec colname="col3" colnum="3" colwidth="50*"/>
		<colspec colname="col4" colnum="4" colwidth="50"/>
		<tbody valign="top">
			<row>
				<entry VJ="1" align="left" colsep="0" valign="top">1.</entry>
				<entry VJ="1" align="left" colsep="0" nameend="col3" namest="col2" valign="top">im Eingangsamt (Besoldungsgruppe A 9)</entry>
				<entry VJ="1" align="left" colsep="0" valign="top">Bundesbahninspektorin/Bundesbahninspektor,</entry>
			</row>
			<row>
				<entry VJ="1" align="left" colsep="0" valign="top">2.</entry>
				<entry VJ="1" align="left" colsep="0" nameend="col3" namest="col2" valign="top">in den Beförderungsämtern der</entry>
				<entry VJ="1" align="left" colsep="0" valign="top"> </entry>
			</row>
			<row>
				<entry VJ="1" align="left" colsep="0" morerows="3" valign="top"> </entry>
				<entry VJ="1" align="left" colsep="0" valign="top">a)</entry>
				<entry VJ="1" align="left" colsep="0" valign="top">Besoldungsgruppe A 10</entry>
				<entry VJ="1" align="left" colsep="0" valign="top">Bundesbahnoberinspektorin/Bundesbahnoberinspektor,</entry>
			</row>
			<row>
				<entry VJ="1" align="left" colsep="0" valign="top">b)</entry>
				<entry VJ="1" align="left" colsep="0" valign="top">Besoldungsgruppe A 11</entry>
				<entry VJ="1" align="left" colsep="0" valign="top">Bundesbahnamtfrau/Bundesbahnamtmann</entry>
			</row>
			<row>
				<entry VJ="1" align="left" colsep="0" valign="top">c)</entry>
				<entry VJ="1" align="left" colsep="0" valign="top">Besoldungsgruppe A 12</entry>
				<entry VJ="1" align="left" colsep="0" valign="top">Bundesbahnamtsrätin/Bundesbahnamtsrat</entry>
			</row>
			<row>
				<entry VJ="1" align="left" colsep="0" valign="top">b)</entry>
				<entry VJ="1" align="left" colsep="0" valign="top">Besoldungsgruppe A 13</entry>
				<entry VJ="1" align="left" colsep="0" valign="top">Bundesbahnoberamtsrätin/Bundesbahnoberamtsrat.</entry>
			</row>
		</tbody>
	</tgroup>
</table> </P><P>(3) Die Beamtinnen und Beamten dieser Laufbahn nehmen in der Regel folgende Aufgaben und Funktionen wahr: <DL Font="normal" Type="arabic"><DT>1.</DT><DD Font="normal"><LA Size="normal">Führungs- und Leitungsaufgaben und</LA></DD> <DT>2.</DT><DD Font="normal"><LA Size="normal">Sonder- und Stabsfunktionen im nachgeordneten Bereich sowie Sachbearbeitung.</LA></DD> </DL>Nach entsprechender Verwendungsfortbildung können auch andere Funktionen übertragen werden, soweit diese im Funktionszusammenhang stehen oder sonst dem gehobenen Dienst zugeordnet werden können.</P><P>(4) Die Übernahme in die Laufbahn der Bundesbahninspektorinnen und Bundesbahninspektoren erfolgt ausschließlich durch einen Laufbahnwechsel nach § 14, durch Aufstieg von Beamtinnen und Beamten der Laufbahn der Bundesbahnsekretärinnen und Bundesbahnsekretäre nach den §§ 18 und 19 oder durch Übernahme nach § 20.</P></Content>   </text></textdaten></norm>
<norm builddate="20210506212505" doknr="BJNR270300004BJNE000900000"><metadaten><jurabk>ELV 2004</jurabk><enbez>§ 7</enbez><titel format="parat">Laufbahn der technischen Bundesbahninspektorinnen und technischen
Bundesbahninspektoren</titel></metadaten><textdaten><text format="XML"><Content><P>(1) Die Laufbahn gehört zur Laufbahngruppe des gehobenen Dienstes und umfasst alle Ämter dieser Laufbahn.</P><P>(2) Die Beamtinnen und Beamten führen in der Laufbahn folgende Dienst- und Amtsbezeichnungen: <BR/><table frame="none" tocentry="%yes;">
	<tgroup align="left" char="" charoff="50" cols="4" colsep="0" rowsep="0">
		<colspec colname="col1" colnum="1" colwidth="10*"/>
		<colspec colname="col2" colnum="2" colwidth="5*"/>
		<colspec colname="col3" colnum="3" colwidth="40*"/>
		<colspec colname="col4" colnum="4" colwidth="40*"/>
		<tbody valign="top">
			<row>
				<entry VJ="1" align="left" colsep="0" valign="top">1.</entry>
				<entry VJ="1" align="left" colsep="0" nameend="col3" namest="col2" valign="top">im Eingangsamt (Besoldungsgruppe A 9)</entry>
				<entry VJ="1" align="left" colsep="0" valign="top">Technische Bundesbahninspektorin/Technischer Bundesbahninspektor,</entry>
			</row>
			<row>
				<entry VJ="1" align="left" colsep="0" valign="top">2.</entry>
				<entry VJ="1" align="left" colsep="0" nameend="col3" namest="col2" valign="top">in den Beförderungsämtern der</entry>
				<entry VJ="1" align="left" colsep="0" valign="top"> </entry>
			</row>
			<row>
				<entry VJ="1" align="left" colsep="0" morerows="3" valign="top"> </entry>
				<entry VJ="1" align="left" colsep="0" valign="top">a)</entry>
				<entry VJ="1" align="left" colsep="0" valign="top">Besoldungsgruppe A 10</entry>
				<entry VJ="1" align="left" colsep="0" valign="top">Technische Bundesbahnoberinspektorin/Technischer Bundesbahnoberinspektor,</entry>
			</row>
			<row>
				<entry VJ="1" align="left" colsep="0" valign="top">b)</entry>
				<entry VJ="1" align="left" colsep="0" valign="top">Besoldungsgruppe A 11</entry>
				<entry VJ="1" align="left" colsep="0" valign="top">Technische Bundesbahnamtfrau/Technischer Bundesbahnamtmann,</entry>
			</row>
			<row>
				<entry VJ="1" align="left" colsep="0" valign="top">c)</entry>
				<entry VJ="1" align="left" colsep="0" valign="top">Besoldungsgruppe A 12</entry>
				<entry VJ="1" align="left" colsep="0" valign="top">Technische Bundesbahnamtsrätin/Technischer Bundesbahnamtsrat,</entry>
			</row>
			<row>
				<entry VJ="1" align="left" colsep="0" valign="top">d)</entry>
				<entry VJ="1" align="left" colsep="0" valign="top">Besoldungsgruppe A 13</entry>
				<entry VJ="1" align="left" colsep="0" valign="top">Technische Bundesbahnoberamtsrätin/Technischer Bundesbahnoberamtsrat.</entry>
			</row>
		</tbody>
	</tgroup>
</table> </P><P>(3) Die Beamtinnen und Beamten dieser Laufbahn nehmen in der Regel folgende Aufgaben und Funktionen wahr: <DL Font="normal" Type="arabic"><DT>1.</DT><DD Font="normal"><LA Size="normal">Führungs- und Leitungsaufgaben,</LA></DD> <DT>2.</DT><DD Font="normal"><LA Size="normal">Baubezirksleitung, Bauleitung, Einkauf, Konstruktion, Ingenieurtätigkeit und</LA></DD> <DT>3.</DT><DD Font="normal"><LA Size="normal">Sonder- und Stabsfunktionen im nachgeordneten Bereich sowie Sachbearbeitung.</LA></DD> </DL>Nach entsprechender Verwendungsfortbildung können auch andere Funktionen übertragen werden, soweit diese im Funktionszusammenhang stehen oder sonst dem gehobenen Dienst zugeordnet werden können.</P><P>(4) Die Übernahme in die Laufbahn der technischen Bundesbahninspektorinnen und technischen Bundesbahninspektoren erfolgt ausschließlich durch einen Laufbahnwechsel nach § 14, durch Aufstieg von Beamtinnen und Beamten der Laufbahnen der technischen Bundesbahnsekretärinnen und technischen Bundesbahnsekretäre, der Lokomotivführerinnen und Lokomotivführer und der Werkmeisterinnen und Werkmeister nach den §§ 18 und 19 oder durch Übernahme nach § 20.</P></Content>   </text></textdaten></norm>
<norm builddate="20210506212505" doknr="BJNR270300004BJNE001000000"><metadaten><jurabk>ELV 2004</jurabk><enbez>§ 8</enbez><titel format="parat">Laufbahn der Bundesbahnsekretärinnen und Bundesbahnsekretäre</titel></metadaten><textdaten><text format="XML"><Content><P>(1) Die Laufbahn gehört zur Laufbahngruppe des mittleren Dienstes und umfasst alle Ämter dieser Laufbahn.</P><P>(2) Die Beamtinnen und Beamten führen in der Laufbahn folgende Dienst- und Amtsbezeichnungen: <BR/><table frame="none" tocentry="%yes;">
	<tgroup align="left" char="" charoff="50" cols="4" colsep="0" rowsep="0">
		<colspec colname="col1" colnum="1" colwidth="5*"/>
		<colspec colname="col2" colnum="2" colwidth="5*"/>
		<colspec colname="col3" colnum="3" colwidth="50*"/>
		<colspec colname="col4" colnum="4" colwidth="50*"/>
		<tbody valign="top">
			<row>
				<entry VJ="1" align="left" colsep="0" valign="top">1.</entry>
				<entry VJ="1" align="left" colsep="0" nameend="col3" namest="col2" valign="top">im Eingangsamt (Besoldungsgruppe A 6)</entry>
				<entry VJ="1" align="left" colsep="0" valign="top">Bundesbahnsekretärin/Bundesbahnsekretär,</entry>
			</row>
			<row>
				<entry VJ="1" align="left" colsep="0" valign="top">2.</entry>
				<entry VJ="1" align="left" colsep="0" nameend="col3" namest="col2" valign="top">in den Beförderungsämtern der</entry>
				<entry VJ="1" align="left" colsep="0" valign="top"> </entry>
			</row>
			<row>
				<entry VJ="1" align="left" colsep="0" morerows="2" valign="top"> </entry>
				<entry VJ="1" align="left" colsep="0" valign="top">a)</entry>
				<entry VJ="1" align="left" colsep="0" valign="top">Besoldungsgruppe A 7</entry>
				<entry VJ="1" align="left" colsep="0" valign="top">Bundesbahnobersekretärin/Bundesbahnobersekretär,</entry>
			</row>
			<row>
				<entry VJ="1" align="left" colsep="0" valign="top">b)</entry>
				<entry VJ="1" align="left" colsep="0" valign="top">Besoldungsgruppe A 8</entry>
				<entry VJ="1" align="left" colsep="0" valign="top">Bundesbahnhauptsekretärin/Bundesbahnhauptsekretär,</entry>
			</row>
			<row>
				<entry VJ="1" align="left" colsep="0" valign="top">c)</entry>
				<entry VJ="1" align="left" colsep="0" valign="top">Besoldungsgruppe A 9</entry>
				<entry VJ="1" align="left" colsep="0" valign="top">Bundesbahnbetriebsinspektorin/Bundesbahnbetriebsinspektor.</entry>
			</row>
		</tbody>
	</tgroup>
</table> </P><P>(3) Die Beamtinnen und Beamten dieser Laufbahn nehmen in der Regel folgende Aufgaben und Funktionen wahr: <DL Font="normal" Type="arabic"><DT>1.</DT><DD Font="normal"><LA Size="normal">Aufsicht in Bahnhöfen und an Bahnsteigen, Ladeaufsicht, Zugvorbereitung und Zugabfertigung, Fahrdienst- und Rangierdienstleitung, Lokrangierdienst,</LA></DD> <DT>2.</DT><DD Font="normal"><LA Size="normal">Serviceleistungen eines Verkehrsunternehmens in Bahnhöfen, Reisezentren und in Zügen und</LA></DD> <DT>3.</DT><DD Font="normal"><LA Size="normal">Sachbearbeitung, insbesondere Einkauf, Verkauf, Disposition, Verwaltung.</LA></DD> </DL>Nach entsprechender Verwendungsfortbildung können auch andere Funktionen übertragen werden, soweit diese im Funktionszusammenhang stehen oder sonst dem mittleren Dienst zugeordnet werden können.</P><P>(4) Die Übernahme in die Laufbahn der Bundesbahnsekretärinnen und Bundesbahnsekretäre erfolgt ausschließlich durch einen Laufbahnwechsel nach § 14, durch Aufstieg von Beamtinnen und Beamten der Laufbahn der Betriebsaufseherinnen und Betriebsaufseher nach den §§ 18 und 19 oder durch Übernahme nach § 20.</P></Content>   </text></textdaten></norm>
<norm builddate="20210506212505" doknr="BJNR270300004BJNE001100000"><metadaten><jurabk>ELV 2004</jurabk><enbez>§ 9</enbez><titel format="parat">Laufbahn der technischen Bundesbahnsekretärinnen und technischen
Bundesbahnsekretäre</titel></metadaten><textdaten><text format="XML"><Content><P>(1) Die Laufbahn gehört zur Laufbahngruppe des mittleren Dienstes und umfasst alle Ämter dieser Laufbahn.</P><P>(2) Die Beamtinnen und Beamten führen in der Laufbahn folgende Dienst- und Amtsbezeichnungen: <BR/><table frame="none" tocentry="%yes;">
	<tgroup align="left" char="" charoff="50" cols="4" colsep="0" rowsep="0">
		<colspec colname="col1" colnum="1" colwidth="5*"/>
		<colspec colname="col2" colnum="2" colwidth="5*"/>
		<colspec colname="col3" colnum="3" colwidth="40*"/>
		<colspec colname="col4" colnum="4" colwidth="40*"/>
		<tbody valign="top">
			<row>
				<entry VJ="1" align="left" colsep="0" valign="top">1.</entry>
				<entry VJ="1" align="left" colsep="0" nameend="col3" namest="col2" valign="top">im Eingangsamt (Besoldungsgruppe A 6)</entry>
				<entry VJ="1" align="left" colsep="0" valign="top">Technische Bundesbahnsekretärin/ Technischer Bundesbahnsekretär,</entry>
			</row>
			<row>
				<entry VJ="1" align="left" colsep="0" valign="top">2.</entry>
				<entry VJ="1" align="left" colsep="0" nameend="col3" namest="col2" valign="top">in den Beförderungsämtern der</entry>
				<entry VJ="1" align="left" colsep="0" valign="top"> </entry>
			</row>
			<row>
				<entry VJ="1" align="left" colsep="0" morerows="2" valign="top"> </entry>
				<entry VJ="1" align="left" colsep="0" valign="top">a)</entry>
				<entry VJ="1" align="left" colsep="0" valign="top">Besoldungsgruppe A 7</entry>
				<entry VJ="1" align="left" colsep="0" valign="top">Technische Bundesbahnobersekretärin/ Technischer Bundesbahnobersekretär,</entry>
			</row>
			<row>
				<entry VJ="1" align="left" colsep="0" valign="top">b)</entry>
				<entry VJ="1" align="left" colsep="0" valign="top">Besoldungsgruppe A 8</entry>
				<entry VJ="1" align="left" colsep="0" valign="top">Technische Bundesbahnhauptsekretärin/ Technischer Bundesbahnhauptsekretär,</entry>
			</row>
			<row>
				<entry VJ="1" align="left" colsep="0" valign="top">c)</entry>
				<entry VJ="1" align="left" colsep="0" valign="top">Besoldungsgruppe A 9</entry>
				<entry VJ="1" align="left" colsep="0" valign="top">Technische Bundesbahnbetriebsinspektorin/ Technischer Bundesbahnbetriebsinspektor.</entry>
			</row>
		</tbody>
	</tgroup>
</table> </P><P>(3) Die Beamtinnen und Beamten dieser Laufbahn nehmen in der Regel folgende Aufgaben und Funktionen wahr: <DL Font="normal" Type="arabic"><DT>1.</DT><DD Font="normal"><LA Size="normal">Detailkonstruktion, Qualitätsprüfung, Labor- und Vermessungstätigkeiten, Erstellung und Archivierung von Plänen,</LA></DD> <DT>2.</DT><DD Font="normal"><LA Size="normal">Beschaffung und Bewirtschaftung insbesondere von Geräten, Werkzeugen und Material und</LA></DD> <DT>3.</DT><DD Font="normal"><LA Size="normal">Sachbearbeitung im technischen Verwaltungsbereich.</LA></DD> </DL>Nach entsprechender Verwendungsfortbildung können auch andere Funktionen übertragen werden, soweit diese im Funktionszusammenhang stehen oder sonst dem mittleren Dienst zugeordnet werden können.</P><P>(4) Die Übernahme in die Laufbahn der technischen Bundesbahnsekretärinnen und technischen Bundesbahnsekretäre erfolgt durch einen Laufbahnwechsel nach § 14.</P></Content>   </text></textdaten></norm>
<norm builddate="20210506212505" doknr="BJNR270300004BJNE001200000"><metadaten><jurabk>ELV 2004</jurabk><enbez>§ 10</enbez><titel format="parat">Laufbahn der Lokomotivführerinnen und Lokomotivführer</titel></metadaten><textdaten><text format="XML"><Content><P>(1) Die Laufbahn gehört zur Laufbahngruppe des mittleren Dienstes und umfasst alle Ämter dieser Laufbahn.</P><P>(2) Die Beamtinnen und Beamten führen in der Laufbahn folgende Dienst- und Amtsbezeichnungen: <BR/><table frame="none" tocentry="%yes;">
		<tgroup align="left" char="" charoff="50" cols="4" colsep="0" rowsep="0">
			<colspec colname="col1" colnum="1" colwidth="5*"/>
			<colspec colname="col2" colnum="2" colwidth="5*"/>
			<colspec colname="col3" colnum="3" colwidth="40*"/>
			<colspec colname="col4" colnum="4" colwidth="40*"/>
			<tbody valign="top">
				<row>
					<entry VJ="1" align="left" colsep="0" valign="top">1.</entry>
					<entry VJ="1" align="left" colsep="0" nameend="col3" namest="col2" valign="top">im Eingangsamt (Besoldungsgruppe A 7)</entry>
					<entry VJ="1" align="left" colsep="0" valign="top">Oberlokomotivführerin/ Oberlokomotivführer,</entry>
				</row>
				<row>
					<entry VJ="1" align="left" colsep="0" valign="top">2.</entry>
					<entry VJ="1" align="left" colsep="0" nameend="col3" namest="col2" valign="top">in den Beförderungsämtern der</entry>
					<entry VJ="1" align="left" colsep="0" valign="top"> </entry>
				</row>
				<row>
					<entry VJ="1" align="left" colsep="0" morerows="1" valign="top"> </entry>
					<entry VJ="1" align="left" colsep="0" valign="top">a)</entry>
					<entry VJ="1" align="left" colsep="0" valign="top">Besoldungsgruppe A 8</entry>
					<entry VJ="1" align="left" colsep="0" valign="top">Hauptlokomotivführerin/ Hauptlokomotivführer,</entry>
				</row>
				<row>
					<entry VJ="1" align="left" colsep="0" valign="top">b)</entry>
					<entry VJ="1" align="left" colsep="0" valign="top">Besoldungsgruppe A 9</entry>
					<entry VJ="1" align="left" colsep="0" valign="top">Lokomotivbetriebsinspektorin/ Lokomotivbetriebsinspektor.</entry>
				</row>
			</tbody>
		</tgroup>
	</table> </P><P>(3) Die Beamtinnen und Beamten dieser Laufbahn nehmen in der Regel folgende Aufgaben und Funktionen wahr: <DL Font="normal" Type="arabic"><DT>1.</DT><DD Font="normal"><LA Size="normal">Führen von Triebfahrzeugen im Zugfahr- und Rangierdienst, Lokrangierdienst,</LA></DD> <DT>2.</DT><DD Font="normal"><LA Size="normal">Steuerung des Einsatzes der Triebfahrzeuge und des Lokpersonals und</LA></DD> <DT>3.</DT><DD Font="normal"><LA Size="normal">Abnahme-, Versuchs- und Ausbildungsdienst.</LA></DD> </DL>Nach entsprechender Verwendungsfortbildung können auch andere Funktionen übertragen werden, soweit diese im Funktionszusammenhang stehen oder sonst dem mittleren Dienst zugeordnet werden können.</P><P>(4) Die Übernahme in die Laufbahn der Lokomotivführerinnen und Lokomotivführer erfolgt durch einen Laufbahnwechsel nach § 14.</P></Content>   </text></textdaten></norm>
<norm builddate="20210506212505" doknr="BJNR270300004BJNE001300000"><metadaten><jurabk>ELV 2004</jurabk><enbez>§ 11</enbez><titel format="parat">Laufbahn der Werkmeisterinnen und Werkmeister</titel></metadaten><textdaten><text format="XML"><Content><P>(1) Die Laufbahn gehört zur Laufbahngruppe des mittleren Dienstes und umfasst alle Ämter dieser Laufbahn.</P><P>(2) Die Beamtinnen und Beamten führen in der Laufbahn folgende Dienst- und Amtsbezeichnungen: <BR/><table frame="none" tocentry="%yes;">
	<tgroup align="left" char="" charoff="50" cols="4" colsep="0" rowsep="0">
		<colspec colname="col1" colnum="1" colwidth="5*"/>
		<colspec colname="col2" colnum="2" colwidth="5*"/>
		<colspec colname="col3" colnum="3" colwidth="40*"/>
		<colspec colname="col4" colnum="4" colwidth="40*"/>
		<tbody valign="top">
			<row>
				<entry VJ="1" align="left" colsep="0" valign="top">1.</entry>
				<entry VJ="1" align="left" colsep="0" nameend="col3" namest="col2" valign="top">im Eingangsamt (Besoldungsgruppe A 7)</entry>
				<entry VJ="1" align="left" colsep="0" valign="top">Oberwerkmeisterin/ Oberwerkmeister,</entry>
			</row>
			<row>
				<entry VJ="1" align="left" colsep="0" valign="top">2.</entry>
				<entry VJ="1" align="left" colsep="0" nameend="col3" namest="col2" valign="top">in den Beförderungsämtern der</entry>
				<entry VJ="1" align="left" colsep="0" valign="top"> </entry>
			</row>
			<row>
				<entry VJ="1" align="left" colsep="0" morerows="1" valign="top"> </entry>
				<entry VJ="1" align="left" colsep="0" valign="top">a)</entry>
				<entry VJ="1" align="left" colsep="0" valign="top">Besoldungsgruppe A 8</entry>
				<entry VJ="1" align="left" colsep="0" valign="top">Hauptwerkmeisterin/ Hauptwerkmeister,</entry>
			</row>
			<row>
				<entry VJ="1" align="left" colsep="0" valign="top">b)</entry>
				<entry VJ="1" align="left" colsep="0" valign="top">Besoldungsgruppe A 9</entry>
				<entry VJ="1" align="left" colsep="0" valign="top">Technische Bundesbahnbetriebsinspektorin/ Technischer Bundesbahnbetriebsinspektor.</entry>
			</row>
		</tbody>
	</tgroup>
</table> </P><P>(3) Die Beamtinnen und Beamten dieser Laufbahn nehmen in der Regel folgende Aufgaben und Funktionen wahr: <DL Font="normal" Type="arabic"><DT>1.</DT><DD Font="normal"><LA Size="normal">Instandhaltung, Umbau und Neubau von technischen oder bautechnischen Anlagen und Fahrzeugen,</LA></DD> <DT>2.</DT><DD Font="normal"><LA Size="normal">Bauaufsicht, Schweißaufsicht, Bedienung von Gleisbau- und Hochleistungsmaschinen, Schaltdienstleitung, Bordtechnikerin und Bordtechniker,</LA></DD> <DT>3.</DT><DD Font="normal"><LA Size="normal">Führung von Gruppen und Teams und</LA></DD> <DT>4.</DT><DD Font="normal"><LA Size="normal">Sachbearbeitung im technischen Verwaltungsbereich.</LA></DD> </DL>Nach entsprechender Verwendungsfortbildung können auch andere Funktionen übertragen werden, soweit diese im Funktionszusammenhang stehen oder sonst dem mittleren Dienst zugeordnet werden können.</P><P>(4) Die Übernahme in die Laufbahn der Werkmeisterinnen und Werkmeister erfolgt durch einen Laufbahnwechsel nach § 14.</P></Content>   </text></textdaten></norm>
<norm builddate="20210506212505" doknr="BJNR270300004BJNE001400000"><metadaten><jurabk>ELV 2004</jurabk><enbez>§ 12</enbez><titel format="parat">Laufbahn der Betriebsaufseherinnen und Betriebsaufseher</titel></metadaten><textdaten><text format="XML"><Content><P>(1) Die Laufbahn gehört zur Laufbahngruppe des einfachen Dienstes und umfasst alle Ämter dieser Laufbahn.</P><P>(2) Die Beamtinnen und Beamten führen in der Laufbahn folgende Dienst- und Amtsbezeichnungen: <BR/><table frame="none" tocentry="%yes;">
	<tgroup align="left" char="" charoff="50" cols="4" colsep="0" rowsep="0">
		<colspec colname="col1" colnum="1" colwidth="5*"/>
		<colspec colname="col2" colnum="2" colwidth="5*"/>
		<colspec colname="col3" colnum="3" colwidth="40*"/>
		<colspec colname="col4" colnum="4" colwidth="40*"/>
		<tbody valign="top">
			<row>
				<entry VJ="1" align="left" colsep="0" valign="top">1.</entry>
				<entry VJ="1" align="left" colsep="0" nameend="col3" namest="col2" valign="top">im Eingangsamt (Besoldungsgruppe A 3)</entry>
				<entry VJ="1" align="left" colsep="0" valign="top">Betriebsoberaufseherin/ Betriebsoberaufseher,</entry>
			</row>
			<row>
				<entry VJ="1" align="left" colsep="0" valign="top">2.</entry>
				<entry VJ="1" align="left" colsep="0" nameend="col3" namest="col2" valign="top">in den Beförderungsämtern der</entry>
				<entry VJ="1" align="left" colsep="0" valign="top"> </entry>
			</row>
			<row>
				<entry VJ="1" align="left" colsep="0" morerows="1" valign="top"> </entry>
				<entry VJ="1" align="left" colsep="0" valign="top">a)</entry>
				<entry VJ="1" align="left" colsep="0" valign="top">Besoldungsgruppe A 4</entry>
				<entry VJ="1" align="left" colsep="0" valign="top">Betriebshauptaufseherin/ Betriebshauptaufseher,</entry>
			</row>
			<row>
				<entry VJ="1" align="left" colsep="0" valign="top">b)</entry>
				<entry VJ="1" align="left" colsep="0" valign="top">Besoldungsgruppen A 5 und A 6</entry>
				<entry VJ="1" align="left" colsep="0" valign="top">Bundesbahnbetriebsassistentin/ Bundesbahnbetriebsassistent.</entry>
			</row>
		</tbody>
	</tgroup>
</table> </P><P>(3) Die Beamtinnen und Beamten dieser Laufbahn nehmen in der Regel folgende Aufgaben und Funktionen wahr: <DL Font="normal" Type="arabic"><DT>1.</DT><DD Font="normal"><LA Size="normal">Blockwärter-, Weichenwärter-, Schrankenwärter- und Rangierdienst und</LA></DD> <DT>2.</DT><DD Font="normal"><LA Size="normal">Servicedienste im Bahnhof wie z. B. Auskunftserteilung.</LA></DD> </DL>Nach entsprechender Verwendungsfortbildung können auch andere Funktionen übertragen werden, soweit diese im Funktionszusammenhang stehen oder sonst dem einfachen Dienst zugeordnet werden können.</P></Content>  </text></textdaten></norm>
<norm builddate="20210506212505" doknr="BJNR270300004BJNE001500000"><metadaten><jurabk>ELV 2004</jurabk><enbez>§ 13</enbez><titel format="parat">Stellenausschreibung</titel></metadaten><textdaten><text format="XML"><Content><P>(1) Arbeitsplätze, die bei der Gesellschaft besetzt werden sollen, sind grundsätzlich auch für die in § 1 genannten Beamtinnen und Beamten auszuschreiben.</P><P>(2) Zur Ausübung der ihr durch Rechtsvorschrift übertragenen Entscheidungen und Maßnahmen regelt die Gesellschaft Art und Umfang der Ausschreibung sowie das Stellenbesetzungsverfahren unter Wahrung der beamtenrechtlichen Grundsätze im Einvernehmen mit der obersten Dienstbehörde. § 93 des Betriebsverfassungsgesetzes bleibt unberührt.</P></Content> </text></textdaten></norm>
<norm builddate="20210506212505" doknr="BJNR270300004BJNE001601308"><metadaten><jurabk>ELV 2004</jurabk><enbez>§ 14</enbez><titel format="XML">Laufbahnwechsel</titel></metadaten><textdaten><text format="XML"><Content><P>(1) Beim Wechsel in eine gleichwertige Laufbahn nach § 4 Abs. 1 Satz 3 wird die Befähigung auf Grund der bisherigen Laufbahnbefähigung und Tätigkeit durch Unterweisung erworben. Die Dauer der Unterweisung ist nach dem Grad der Verwandtschaft der Laufbahnen festzulegen. Für die Unterweisung und die Feststellung, ob die Unterweisung abgeschlossen ist, kann die oberste Dienstbehörde im Einvernehmen mit der Gesellschaft Regelungen treffen. Die Entscheidung über die Anerkennung der Befähigung trifft die oberste Dienstbehörde. Sie kann die Befugnisse nach den Sätzen 2 und 3 auf nachgeordnete Behörden übertragen.</P><P>(2) Ist ein Laufbahnwechsel nach Absatz 1 nicht sinnvoll, kann ein eingeschränkter horizontaler Wechsel des Funktionsbereichs innerhalb der Laufbahn vorgenommen werden. Zu diesem Zweck können den Beamtinnen und Beamten auch einzelne Funktionsbereiche anderer Laufbahnen übertragen werden. Absatz 1 ist entsprechend anzuwenden.</P><P>(3) Die Anerkennung der Befähigung für die übrigen Verwaltungen richtet sich nach § 6 Abs. 2 bis 4 der Bundeslaufbahnverordnung in der Fassung der Bekanntmachung vom 2. Juli 2002 (BGBl. I S. 2459, 2671), die zuletzt durch Artikel 15 Absatz 28 des Gesetzes vom 5. Februar 2009 (BGBl. I S. 160) geändert worden ist.</P></Content></text><fussnoten/></textdaten></norm>
<norm builddate="20210506212505" doknr="BJNR270300004BJNE001700000"><metadaten><jurabk>ELV 2004</jurabk><enbez>§ 15</enbez><titel format="parat">Probezeit</titel></metadaten><textdaten><text format="XML"><Content><P>Dienstzeiten der in § 1 genannten Beamtinnen und Beamten bei der Gesellschaft gelten als Probezeit, wenn eine den Laufbahnanforderungen gleichwertige Tätigkeit ausgeübt wird. Die Feststellung über die Bewährung in der Probezeit trifft die oberste Dienstbehörde oder die von ihr bestimmte Stelle im Einvernehmen mit der Gesellschaft.</P></Content></text></textdaten></norm>
<norm builddate="20210506212505" doknr="BJNR270300004BJNE001801308"><metadaten><jurabk>ELV 2004</jurabk><enbez>§ 16</enbez><titel format="XML">Übertragung von höher bewerteten Dienstposten, Erprobung</titel></metadaten><textdaten><text format="XML"><Content><P>(1) Die oberste Dienstbehörde legt fest, welcher Arbeitsplatz bei der Gesellschaft als höher bewerteter Dienstposten im Sinne von § 11 der Bundeslaufbahnverordnung in der Fassung der Bekanntmachung vom 2. Juli 2002 (BGBl. I S. 2459, 2671), die zuletzt durch Artikel 15 Absatz 28 des Gesetzes vom 5. Februar 2009 (BGBl. I S. 160) geändert worden ist, gilt.</P><P>(2) Die Auslese für die Übertragung höher bewerteter Dienstposten trifft die Gesellschaft nach Maßgabe des Leistungsgrundsatzes.</P><P>(3) Dienstzeiten der in § 1 genannten Beamtinnen und Beamten bei der Gesellschaft gelten als Erprobungszeit, wenn die ausgeübte Tätigkeit nach Art und Schwierigkeit mindestens den Anforderungen des höher bewerteten Dienstpostens entsprochen hat.</P><P>(4) Die Feststellung über das erfolgreiche Ableisten der Erprobungszeit trifft die Gesellschaft.</P><P>(5) Für Beamtinnen und Beamte, die im Rahmen ihrer bisherigen Verwendung oder einer Verwendung auf einem Arbeitsplatz der Gesellschaft eine überdurchschnittliche Qualifikation nachgewiesen haben, kann die oberste Dienstbehörde im Einvernehmen mit der Gesellschaft Ausnahmen vom Erfordernis und von der Dauer der Erprobungszeit auf höher bewerteten Dienstposten zulassen.</P></Content></text><fussnoten/></textdaten></norm>
<norm builddate="20210506212505" doknr="BJNR270300004BJNE001901308"><metadaten><jurabk>ELV 2004</jurabk><enbez>§ 17</enbez><titel format="XML">Beförderung</titel></metadaten><textdaten><text format="XML"><Content><P>(1) Beurlaubung und Zuweisung stehen einer Beförderung im Rahmen einer regelmäßigen Laufbahnentwicklung nicht entgegen.</P><P>(2) § 12 der Bundeslaufbahnverordnung in der Fassung der Bekanntmachung vom 2. Juli 2002 (BGBl. I S. 2459, 2671), die zuletzt durch Artikel 15 Absatz 28 des Gesetzes vom 5. Februar 2009 (BGBl. I S. 160) geändert worden ist, gilt mit der Maßgabe, dass Zeiten einer Beurlaubung und Zuweisung zu einer Gesellschaft als Dienstzeiten gelten.</P></Content></text><fussnoten/></textdaten></norm>
<norm builddate="20210506212505" doknr="BJNR270300004BJNE002000000"><metadaten><jurabk>ELV 2004</jurabk><enbez>§ 18</enbez><titel format="parat">Aufstieg</titel></metadaten><textdaten><text format="XML"><Content><P>(1) Der Aufstieg in die nächsthöhere Laufbahn nach § 19 dient der Leistungsmotivation und der optimalen Nutzung beruflicher Erfahrungen; er ist ohne Erfüllung der Eingangsvoraussetzungen möglich.</P><P>(2) Beamtinnen und Beamte können vom Bundeseisenbahnvermögen oder von der Gesellschaft für die Zulassung zum Aufstieg vorgeschlagen werden oder sich bewerben.</P><P>(3) In einem gesellschaftsübergreifenden Auswahlverfahren wird, gemessen an den Anforderungen der künftigen Aufgaben, die Eignung der Beamtinnen und Beamten durch eine zentrale Auswahlkommission überprüft. Sie bewertet die Ergebnisse und legt eine Rangfolge der erfolgreichen Bewerberinnen und Bewerber fest. Die Gestaltung des Auswahlverfahrens regelt die Gesellschaft im Einvernehmen mit der obersten Dienstbehörde oder der von ihr bestimmten Stelle. Die Durchführung des Auswahlverfahrens obliegt der Gesellschaft. Die Gesellschaften können auf der Grundlage der dienstlichen Beurteilungen und sonstiger Anforderungen eine Vorauswahl für die Teilnahme am gesellschaftsübergreifenden Auswahlverfahren treffen.</P><P>(4) Die von der obersten Dienstbehörde im Einvernehmen mit der Gesellschaft zu bestimmende unabhängige und an Weisungen nicht gebundene Auswahlkommission besteht aus mindestens vier Mitgliedern, davon sollen mindestens drei Mitglieder bei einer Gesellschaft beschäftigt sein. Sie soll zu gleichen Teilen mit Frauen und Männern besetzt sein.</P><P>(5) Über die Zulassung zum Aufstieg entscheidet die oberste Dienstbehörde oder die von ihr bestimmte Stelle im Einvernehmen mit der Gesellschaft unter Berücksichtigung der Vorschläge der Auswahlkommission. Die Entscheidung über die Zulassung kann auch erfolgreiche Bewerberinnen und Bewerber eines früheren Auswahlverfahrens, das nicht länger als vier Jahre zurückliegt, berücksichtigen, wenn dessen Bewertungen nach Absatz 3 Satz 2 für die Rangfolge vergleichbar gestaltet sind.</P><P>(6) Die Teilnahme am Auswahlverfahren kann einmal wiederholt werden. Wer am Auswahlverfahren zweimal erfolglos teilgenommen hat, kann nicht mehr zum Aufstieg zugelassen werden. Als erfolglos ist die Teilnahme anzusehen, wenn sie nicht mit ausreichendem Ergebnis abgeschlossen wurde.</P><P>(7) Nach Erwerb der Befähigung für die höhere Laufbahn wird den Beamtinnen und Beamten im Rahmen der besetzbaren Planstellen ein Amt der neuen Laufbahn verliehen. Das erste Beförderungsamt darf frühestens nach Ablauf einer Dienstzeit von einem Jahr seit der ersten Verleihung eines Amtes der höheren Laufbahngruppe verliehen werden.</P></Content>      </text></textdaten></norm>
<norm builddate="20210506212505" doknr="BJNR270300004BJNE002100000"><metadaten><jurabk>ELV 2004</jurabk><enbez>§ 19</enbez><titel format="parat">Praxisaufstieg</titel></metadaten><textdaten><text format="XML"><Content><P>(1) Zum Praxisaufstieg kann zugelassen werden, wer zu Beginn der Einführung <DL Font="normal" Type="arabic"><DT>1.</DT><DD Font="normal"><LA Size="normal">das 40. Lebensjahr vollendet und</LA></DD> <DT>2.</DT><DD Font="normal"><LA Size="normal">das 58. Lebensjahr noch nicht vollendet hat.</LA></DD> </DL> </P><P>(2) Die Beamtinnen und Beamten werden in die höhere Laufbahn eingeführt, indem sie Aufgaben dieser Laufbahn wahrnehmen. Die Einführungszeit dauert <DL Font="normal" Type="arabic"><DT>1.</DT><DD Font="normal"><LA Size="normal">im mittleren Dienst ein Jahr und sechs Monate,</LA></DD> <DT>2.</DT><DD Font="normal"><LA Size="normal">im gehobenen Dienst zwei Jahre und</LA></DD> <DT>3.</DT><DD Font="normal"><LA Size="normal">im höheren Dienst zwei Jahre und sechs Monate.</LA></DD> </DL>Die Gesellschaft gestaltet die Einführung im Einvernehmen mit der obersten Dienstbehörde. Die Einführung soll für den mittleren Dienst Lehrgänge von mindestens sechs, für den gehobenen Dienst von mindestens acht und für den höheren Dienst von mindestens zehn Wochen Dauer umfassen. Die Lehrgänge zum Aufstieg werden von geeigneten Einrichtungen durchgeführt.</P><P>(3) Soweit die Beamtin oder der Beamte nach Vollendung des 35. Lebensjahres <DL Font="normal" Type="arabic"><DT>1.</DT><DD Font="normal"><LA Size="normal">Tätigkeiten ausübt, die nach Art und Schwierigkeit mindestens den Anforderungen der höheren Laufbahn entsprechen, und</LA></DD> <DT>2.</DT><DD Font="normal"><LA Size="normal">dabei überdurchschnittliche Leistungen erbracht hat,</LA></DD> </DL>kann die Einführungszeit um höchstens sechs Monate gekürzt werden.</P><P>(4) Den erfolgreichen Abschluss der Einführung stellt ein von der obersten Dienstbehörde im Einvernehmen mit der Gesellschaft zu bestimmender unabhängiger Ausschuss nach einer Vorstellung der Beamtin oder des Beamten fest. Die oberste Dienstbehörde regelt das Feststellungsverfahren nach Anhörung der Gesellschaft. Das Feststellungsverfahren kann einmal wiederholt werden.</P></Content>  </text></textdaten></norm>
<norm builddate="20210506212505" doknr="BJNR270300004BJNE002204305"><metadaten><jurabk>ELV 2004</jurabk><enbez>§ 20</enbez><titel format="XML">Andere Bewerberinnen und Bewerber</titel></metadaten><textdaten><text format="XML"><Content><P>Beamtinnen und Beamte können in die nächsthöhere Laufbahn auch übernommen werden, wenn sie auf Grund eines von der obersten Dienstbehörde im Einvernehmen mit der Gesellschaft anerkannten Bildungsnachweises oder auf Grund ihrer Lebens- und Berufserfahrung befähigt sind, die Aufgaben dieser Laufbahn wahrzunehmen. Die dazu erforderlichen ergänzenden Feststellungen trifft ein von der obersten Dienstbehörde im Einvernehmen mit der Gesellschaft zu bestimmender unabhängiger Ausschuss. Das Verfahren zur Feststellung der Befähigung und die Prüfungsanforderungen regelt die oberste Dienstbehörde nach Anhörung der Gesellschaft im Einvernehmen mit dem Bundesministerium für Verkehr und digitale Infrastruktur. Die Regelung orientiert sich an der Verfahrensordnung des Bundespersonalausschusses zu § 19 des Bundesbeamtengesetzes. § 4 Abs. 2 bis 4 der Bundeslaufbahnverordnung in der Fassung der Bekanntmachung vom 2. Juli 2002 (BGBl. I S. 2459, 2671), die zuletzt durch Artikel 15 Absatz 28 des Gesetzes vom 5. Februar 2009 (BGBl. I S. 160) geändert worden ist, bleibt unberührt.</P></Content></text><fussnoten/></textdaten></norm>
<norm builddate="20210506212505" doknr="BJNR270300004BJNE002300000"><metadaten><jurabk>ELV 2004</jurabk><enbez>§ 21</enbez><titel format="parat">Dienstliche Beurteilung</titel></metadaten><textdaten><text format="XML"><Content><P>(1) Die Gesellschaft beurteilt die Beamtinnen und Beamten.</P><P>(2) Die Grundsätze der dienstlichen Beurteilung werden zwischen der Gesellschaft und dem zuständigen Betriebsrat im Einvernehmen mit der obersten Dienstbehörde abgestimmt.</P></Content> </text></textdaten></norm>
<norm builddate="20210506212505" doknr="BJNR270300004BJNE002400000"><metadaten><jurabk>ELV 2004</jurabk><enbez>§ 22</enbez><titel format="parat">Fortbildung</titel></metadaten><textdaten><text format="XML"><Content><P>(1) Die dienstliche Fortbildung wird durch die Gesellschaft geregelt.</P><P>(2) Die Beamtinnen und Beamten sind verpflichtet, an Fortbildungsmaßnahmen teilzunehmen, die der Erhaltung und Verbesserung der Befähigung für Tätigkeiten bei der Gesellschaft dienen. Im Übrigen sind die Beamtinnen und Beamten verpflichtet sich auch durch eigene Fortbildung über die Anforderungen bei der Gesellschaft im Rahmen ihrer Laufbahnaufgaben und -funktionen zu unterrichten, soweit dies der Anpassung der Kenntnisse und Fertigkeiten an erhöhte und veränderte Anforderungen dient.</P><P>(3) Den Beamtinnen und Beamten soll ihrer Eignung entsprechend Gelegenheit gegeben werden, an Maßnahmen der dienstlichen Fortbildung teilzunehmen, die zum Ziel haben, die Befähigung für höher bewertete Tätigkeiten zu fördern. Die Beamtinnen und Beamten können hierfür von der Gesellschaft vorgeschlagen werden oder sich bewerben. Bei der Auswahl der Beamtinnen und Beamten sollen die Erfordernisse der Personalsteuerung besonders berücksichtigt werden.</P><P>(4) Beamtinnen und Beamte, die durch Fortbildung ihre Fähigkeiten und fachlichen Kenntnisse nachweislich wesentlich gesteigert haben, sind von der Gesellschaft zu fördern. Vor allem ist ihnen nach Möglichkeit Gelegenheit zu geben, ihre Fähigkeiten und Fachkenntnisse in höher bewerteten Dienstgeschäften anzuwenden und hierbei ihre besondere fachliche Eignung nachzuweisen.</P></Content>   </text></textdaten></norm>
<norm builddate="20210506212505" doknr="BJNR270300004BJNE002500000"><metadaten><jurabk>ELV 2004</jurabk><enbez>§ 23</enbez><titel format="parat">Inkrafttreten, Außerkrafttreten</titel></metadaten><textdaten><text format="XML"><Content><P>(1) Diese Verordnung tritt am Tag nach der Verkündung in Kraft.</P></Content></text><fussnoten/></textdaten></norm>
</dokumente>