<?xml version="1.0" encoding="UTF-8" ?><!DOCTYPE dokumente SYSTEM "http://www.gesetze-im-internet.de/dtd/1.01/gii-norm.dtd">
<dokumente builddate="20200305213031" doknr="BJNR198000015"><norm builddate="20200305213031" doknr="BJNR198000015"><metadaten><jurabk>LmhFortbPrüfV</jurabk><amtabk>LmhFortbPrüfV</amtabk><ausfertigung-datum manuell="ja">2015-11-10</ausfertigung-datum><fundstelle typ="amtlich"><periodikum>BGBl I</periodikum><zitstelle>2015, 1980</zitstelle></fundstelle><kurzue>Lebensmittelhandwerkfortbildungsprüfungsverordnung</kurzue><langue>Verordnung über die Prüfung zum anerkannten Fortbildungsabschluss Geprüfter Verkaufsleiter im Lebensmittelhandwerk und Geprüfte Verkaufsleiterin im Lebensmittelhandwerk</langue><standangabe checked="ja"><standtyp>Stand</standtyp><standkommentar>Geändert durch Art. 7 V v. 9.12.2019 I 2153</standkommentar></standangabe></metadaten><textdaten><fussnoten><Content><P><BR/> <pre xml:space="preserve">(+++ Textnachweis ab: 1.1.2016 +++)<BR/>(+++ Zur Nichtanwendung vgl. § 26 Abs. 3 Satz 2 +++)<BR/><BR/></pre>(+++ Zur Anwendung vgl. §§ 1 u. 3 FortbVenÄndV6AnwV +++)</P></Content></fussnoten></textdaten></norm>
<norm builddate="20200305213031" doknr="BJNR198000015BJNE000100000"><metadaten><jurabk>LmhFortbPrüfV</jurabk><enbez>Eingangsformel</enbez></metadaten><textdaten><text format="XML"><Content><P>Auf Grund des § 42 Absatz 1 in Verbindung mit Absatz 2 der Handwerksordnung, von denen Absatz 1 durch Artikel 283 der Verordnung vom 31. August 2015 (BGBl. I S. 1474) geändert worden ist, verordnet das Bundesministerium für Bildung und Forschung nach Anhörung des Hauptausschusses des Bundesinstituts für Berufsbildung im Einvernehmen mit dem Bundesministerium für Wirtschaft und Energie:</P></Content></text></textdaten></norm>
<norm builddate="20200305213031" doknr="BJNR198000015BJNE000200000"><metadaten><jurabk>LmhFortbPrüfV</jurabk><enbez>§ 1</enbez><titel format="XML">Ziel der Prüfung und Bezeichnung des Fortbildungsabschlusses</titel></metadaten><textdaten><text format="XML"><Content><P>(1) Mit der Prüfung zum anerkannten Fortbildungsabschluss Geprüfter Verkaufsleiter im Lebensmittelhandwerk und Geprüfte Verkaufsleiterin im Lebensmittelhandwerk soll die auf einen beruflichen Aufstieg abzielende Erweiterung der beruflichen Handlungsfähigkeit nachgewiesen werden.</P><P>(2) Der Fortbildungsabschluss wird in einem der Schwerpunkte Bäckerei, Konditorei oder Fleischerei erworben.</P><P>(3) Die Prüfung wird von der zuständigen Stelle durchgeführt.</P><P>(4) Durch die Erweiterung der beruflichen Handlungsfähigkeit sollen der Geprüfte Verkaufsleiter im Lebensmittelhandwerk und die Geprüfte Verkaufsleiterin im Lebensmittelhandwerk in der Lage sein, den Verkauf im Lebensmittelhandwerk eigenständig und verantwortlich zu planen, zu koordinieren und zu organisieren sowie Verkaufsstellen zu führen. Zudem sollen der Geprüfte Verkaufsleiter im Lebensmittelhandwerk und die Geprüfte Verkaufsleiterin im Lebensmittelhandwerk verkaufsfördernde und personalwirtschaftliche Leitungsaufgaben wahrnehmen können, die Ausbildung durchführen können sowie eigenverantwortlich Maßnahmen an neue Bedarfslagen im Bereich des Lebensmittelhandwerks anpassen können. Die erweiterte berufliche Handlungsfähigkeit umfasst auch die Fähigkeiten, als Führungskraft betriebswirtschaftliche, kaufmännische und rechtliche Probleme analysieren und bewerten zu können sowie unter Berücksichtigung aktueller Entwicklungen Lösungswege aufzeigen und dokumentieren zu können.</P><P>(5) Zur erweiterten beruflichen Handlungsfähigkeit gehören im Einzelnen folgende Aufgaben: <DL Type="arabic"><DT>1.</DT><DD Font="normal"><LA>vorhandene Märkte analysieren und neue Märkte erschließen,</LA></DD><DT>2.</DT><DD Font="normal"><LA>kurz-, mittel- und langfristige Vertriebskonzepte und Verkaufsaktivitäten entwickeln, umsetzen und auswerten,</LA></DD><DT>3.</DT><DD Font="normal"><LA>Personal führen und anleiten sowie dessen Einsatz planen,</LA></DD><DT>4.</DT><DD Font="normal"><LA>mit Geschäftspartnern, insbesondere mit Lieferanten sowie mit internen und externen Kunden, kommunizieren und kooperieren,</LA></DD><DT>5.</DT><DD Font="normal"><LA>Verkauf organisieren und steuern,</LA></DD><DT>6.</DT><DD Font="normal"><LA>Gastronomiekonzepte entwickeln und umsetzen,</LA></DD><DT>7.</DT><DD Font="normal"><LA>Warenpräsentationskonzepte entwickeln, planen, vermitteln und die Umsetzung der Konzepte kontrollieren,</LA></DD><DT>8.</DT><DD Font="normal"><LA>betriebliche Kennzahlen ermitteln, auswerten und zur betrieblichen Steuerung nutzen,</LA></DD><DT>9.</DT><DD Font="normal"><LA>Qualitätsmanagement betrieblich gestalten und steuern,</LA></DD><DT>10.</DT><DD Font="normal"><LA>Wettbewerbsfähigkeit von Unternehmen beurteilen,</LA></DD><DT>11.</DT><DD Font="normal"><LA>Gründungs- und Übernahmeaktivitäten vorbereiten, durchführen und bewerten,</LA></DD><DT>12.</DT><DD Font="normal"><LA>Unternehmensführungsstrategien entwickeln sowie</LA></DD><DT>13.</DT><DD Font="normal"><LA>Ausbildung vorbereiten, organisieren, durchführen und abschließen.</LA></DD></DL></P><P>(6) Die erbrachten Nachweise nach § 3 Absatz 1 Nummer 1 und 2 führen zusammen mit der erfolgreich abgelegten Prüfung nach § 3 Absatz 1 Nummer 3 zum anerkannten Fortbildungsabschluss „Geprüfter Verkaufsleiter im Lebensmittelhandwerk“ oder „Geprüfte Verkaufsleiterin im Lebensmittelhandwerk“.</P></Content></text></textdaten></norm>
<norm builddate="20200305213031" doknr="BJNR198000015BJNE000300000"><metadaten><jurabk>LmhFortbPrüfV</jurabk><enbez>§ 2</enbez><titel format="XML">Voraussetzung für die Zulassung zur Prüfung</titel></metadaten><textdaten><text format="XML"><Content><P>(1) Zur Prüfung ist zuzulassen, wer Folgendes nachweist: <DL Type="arabic"><DT>1.</DT><DD Font="normal"><LA>eine erfolgreich abgelegte <DL Type="alpha"><DT>a)</DT><DD Font="normal"><LA>Abschlussprüfung in dem anerkannten Ausbildungsberuf „Fachverkäuferin im Lebensmittelhandwerk/Fachverkäufer im Lebensmittelhandwerk“ und eine einjährige Berufspraxis,</LA></DD><DT>b)</DT><DD Font="normal"><LA>Abschlussprüfung oder Gesellenprüfung oder Abschluss- oder Gesellenprüfung in einem anerkannten Ausbildungsberuf in der Lebensmittelherstellung oder in der Lebensmittelverarbeitung und eine einjährige Berufspraxis oder</LA></DD><DT>c)</DT><DD Font="normal"><LA>Abschlussprüfung Kaufmann im Einzelhandel oder Kauffrau im Einzelhandel mit einer Bedienpraxis, die überwiegend im Lebensmittelhandel erworben wurde, und eine einjährige Berufspraxis oder</LA></DD></DL></LA></DD><DT>2.</DT><DD Font="normal"><LA>eine erfolgreich abgelegte Abschlussprüfung oder Gesellenprüfung oder Abschluss- oder Gesellenprüfung in einem anderen anerkannten Ausbildungsberuf und eine zweijährige Berufspraxis oder</LA></DD><DT>3.</DT><DD Font="normal"><LA>eine mindestens fünfjährige Berufspraxis.</LA></DD></DL>Die Berufspraxis muss jeweils inhaltlich wesentliche Bezüge zu den in § 1 Absatz 4 und 5 genannten Aufgaben haben.</P><P>(2) Abweichend von Absatz 1 ist zur Prüfung auch zuzulassen, wer durch Vorlage von Zeugnissen oder auf andere Weise glaubhaft macht, Fertigkeiten, Kenntnisse und Fähigkeiten erworben zu haben, die der beruflichen Handlungsfähigkeit vergleichbar sind und die Zulassung zur Prüfung rechtfertigen.</P></Content></text></textdaten></norm>
<norm builddate="20200305213031" doknr="BJNR198000015BJNE000400000"><metadaten><jurabk>LmhFortbPrüfV</jurabk><enbez>§ 3</enbez><titel format="XML">Teile des Fortbildungsabschlusses</titel></metadaten><textdaten><text format="XML"><Content><P>(1) Für den Fortbildungsabschluss zum Geprüften Verkaufsleiter im Lebensmittelhandwerk und zur Geprüften Verkaufsleiterin im Lebensmittelhandwerk ist Folgendes erforderlich: <DL Type="arabic"><DT>1.</DT><DD Font="normal"><LA>der Nachweis des Erwerbs der betriebswirtschaftlichen, kaufmännischen und rechtlichen Qualifikationen nach § 4,</LA></DD><DT>2.</DT><DD Font="normal"><LA>der Nachweis des Erwerbs der erworbenen berufs- und arbeitspädagogischen Qualifikationen nach § 5 und</LA></DD><DT>3.</DT><DD Font="normal"><LA>die im Rahmen dieser Verordnung geregelte Prüfung der schwerpunktspezifischen Verkaufsleitungsqualifikationen nach den §§ 6 bis 24.</LA></DD></DL></P><P>(2) Die Prüfung der schwerpunktspezifischen Verkaufsleitungsqualifikationen ist innerhalb von zwei Jahren ab der ersten abgelegten Prüfungsleistung in dieser Prüfung abzuschließen.</P></Content></text></textdaten></norm>
<norm builddate="20200305213031" doknr="BJNR198000015BJNE000501119"><metadaten><jurabk>LmhFortbPrüfV</jurabk><enbez>§ 4</enbez><titel format="XML">Nachweis des Erwerbs der betriebswirtschaftlichen, kaufmännischen und rechtlichen Qualifikationen</titel></metadaten><textdaten><text format="XML"><Content><P>(1) Den Erwerb der betriebswirtschaftlichen, kaufmännischen und rechtlichen Qualifikationen hat die zu prüfende Person nachzuweisen durch eine erfolgreich abgelegte Prüfung nach § 2 der Allgemeinen Meisterprüfungsverordnung vom 26. Oktober 2011 (BGBl. I S. 2149) in der jeweils geltenden Fassung.</P><P>(2) Die Prüfung darf nicht länger als fünf Jahre vor der ersten abgelegten Prüfungsleistung in der Prüfung „Schwerpunktspezifische Verkaufsleitungsqualifikationen“ abgelegt worden sein.</P></Content></text><fussnoten><Content><P>(+++ Zur Anwendung vgl. §§ 1 u. 3 FortbVenÄndV6AnwV +++)</P></Content></fussnoten></textdaten></norm>
<norm builddate="20200305213031" doknr="BJNR198000015BJNE000601119"><metadaten><jurabk>LmhFortbPrüfV</jurabk><enbez>§ 5</enbez><titel format="XML">Nachweis des Erwerbs der berufs- und arbeitspädagogischen Qualifikationen</titel></metadaten><textdaten><text format="XML"><Content><P>Den Erwerb der berufs- und arbeitspädagogischen Qualifikationen hat die zu prüfende Person nachzuweisen durch <DL Type="arabic"><DT>1.</DT><DD Font="normal"><LA>eine erfolgreich abgelegte Prüfung nach den §§ 4 und 5 der Allgemeinen Meisterprüfungsverordnung in der jeweils geltenden Fassung,</LA></DD><DT>2.</DT><DD Font="normal"><LA>eine erfolgreich abgelegte Prüfung nach § 4 der Ausbilder-Eignungsverordnung vom 21. Januar 2009 (BGBl. I S. 88) in der jeweils geltenden Fassung oder</LA></DD><DT>3.</DT><DD Font="normal"><LA>eine andere erfolgreich abgelegte vergleichbare Prüfung vor einer öffentlichen oder staatlich anerkannten Bildungseinrichtung oder vor einem staatlichen Prüfungsausschuss.</LA></DD></DL></P></Content></text><fussnoten><Content><P>(+++ Zur Anwendung vgl. §§ 1 u. 3 FortbVenÄndV6AnwV +++)</P></Content></fussnoten></textdaten></norm>
<norm builddate="20200305213031" doknr="BJNR198000015BJNE000701119"><metadaten><jurabk>LmhFortbPrüfV</jurabk><enbez>§ 6</enbez><titel format="XML">Inhalte der Prüfung „Schwerpunktspezifische Verkaufsleitungsqualifikationen“</titel></metadaten><textdaten><text format="XML"><Content><P>(1) In der Prüfung „Schwerpunktspezifische Verkaufsleitungsqualifikationen“ wählt die zu prüfende Person einen der Schwerpunkte Bäckerei, Fleischerei oder Konditorei.</P><P>(2) In der Prüfung „Schwerpunktspezifische Verkaufsleitungsqualifikationen“ werden folgende Handlungsbereiche geprüft: <DL Type="arabic"><DT>1.</DT><DD Font="normal"><LA>Informationen zu Rohstoffen und Herstellungsweisen aufbereiten und weitergeben,</LA></DD><DT>2.</DT><DD Font="normal"><LA>Vertriebskonzepte entwickeln,</LA></DD><DT>3.</DT><DD Font="normal"><LA>Warenströme und Retourenmanagement organisieren,</LA></DD><DT>4.</DT><DD Font="normal"><LA>Qualitätsmanagement gestalten, Maßstäbe für die Lebensmittelqualität bestimmen und die Einhaltung von Qualitätsvorgaben systematisch überwachen,</LA></DD><DT>5.</DT><DD Font="normal"><LA>Betriebswirtschaftliche Kennzahlen ermitteln und für die Verkaufsleitung nutzen,</LA></DD><DT>6.</DT><DD Font="normal"><LA>Marketing- und Präsentationskonzepte planen, umsetzen und optimieren,</LA></DD><DT>7.</DT><DD Font="normal"><LA>Gastronomiekonzepte für Imbiss, Café und Außer-Haus-Service ausgestalten und realisieren,</LA></DD><DT>8.</DT><DD Font="normal"><LA>Verkaufs-, Verhandlungs- und Beratungsgespräche fachlich vorbereiten, führen und auswerten sowie</LA></DD><DT>9.</DT><DD Font="normal"><LA>Mitarbeiter und Mitarbeiterinnen führen, fördern und schulen.</LA></DD></DL></P></Content></text><fussnoten><Content><P>(+++ Zur Anwendung vgl. §§ 1 u. 3 FortbVenÄndV6AnwV +++)</P></Content></fussnoten></textdaten></norm>
<norm builddate="20200305213031" doknr="BJNR198000015BJNE000801119"><metadaten><jurabk>LmhFortbPrüfV</jurabk><enbez>§ 7</enbez><titel format="XML">Handlungsbereich „Informationen zu Rohstoffen und Herstellungsweisen aufbereiten und weitergeben“</titel></metadaten><textdaten><text format="XML"><Content><P>(1) Im Handlungsbereich „Informationen zu Rohstoffen und Herstellungsweisen aufbereiten und weitergeben“ soll die zu prüfende Person nachweisen, dass sie in der Lage ist, das Deklarieren der Waren entsprechend rechtlichen Erfordernissen zu steuern sowie Informationen zu Lebensmitteln, insbesondere zu Allergenen, kundengerecht aufzubereiten und Kunden sowie Mitarbeitern und Mitarbeiterinnen zur Verfügung zu stellen.</P><P>(2) In diesem Rahmen kann Folgendes geprüft werden: <DL Type="arabic"><DT>1.</DT><DD Font="normal"><LA>Erstellen und Gestalten von Produktinformationen anhand eines vorgegebenen Produktes mit Zutatenliste, insbesondere Erstellen und Gestalten von Zutatenlisten, von Angaben zu Allergenen, von Nährwertberechnungen und von Verzehrempfehlungen, und</LA></DD><DT>2.</DT><DD Font="normal"><LA>Entwickeln und Gestalten von Materialien für die Beratung von Kunden.</LA></DD></DL></P></Content></text><fussnoten><Content><P>(+++ Zur Anwendung vgl. §§ 1 u. 3 FortbVenÄndV6AnwV +++)</P></Content></fussnoten></textdaten></norm>
<norm builddate="20200305213031" doknr="BJNR198000015BJNE000901119"><metadaten><jurabk>LmhFortbPrüfV</jurabk><enbez>§ 8</enbez><titel format="XML">Handlungsbereich „Vertriebskonzepte entwickeln“</titel></metadaten><textdaten><text format="XML"><Content><P>(1) Im Handlungsbereich „Vertriebskonzepte entwickeln“ soll die zu prüfende Person nachweisen, dass sie in der Lage ist, den Markt systematisch zu beobachten und aus der Beobachtung Maßnahmen abzuleiten, auf Veränderungen des Absatzmarktes zu reagieren und Handlungsstrategien zu entwickeln sowie neue Märkte zu erschließen und neue Vertriebswege aufzuzeigen. Dabei soll die zu prüfende Person Sortimente gestalten und Marketinginstrumente anwenden.</P><P>(2) In diesem Rahmen kann Folgendes geprüft werden: <DL Type="arabic"><DT>1.</DT><DD Font="normal"><LA>Ableiten von Konsequenzen aus Markt- und Unternehmensanalysen für die Vertriebsstruktur, für Vertriebswege, für die Filialgröße und den Standort,</LA></DD><DT>2.</DT><DD Font="normal"><LA>Festlegen der Ausrichtung von Verkaufsstätten und Produktpaletten,</LA></DD><DT>3.</DT><DD Font="normal"><LA>Auswählen, Einführen und Bewerben neuer Produkte,</LA></DD><DT>4.</DT><DD Font="normal"><LA>Festlegen von Wegen der Kunden- und Lieferantenansprache,</LA></DD><DT>5.</DT><DD Font="normal"><LA>Entwickeln von Vorgaben für Betriebsabläufe,</LA></DD><DT>6.</DT><DD Font="normal"><LA>Erarbeiten von Vorschlägen zu Ladeneinrichtung, Raumaufteilung und Ausstattung in Filialen sowie zur praktischen Umsetzung dieser Vorschläge unter Berücksichtigung der Ausrichtung und</LA></DD><DT>7.</DT><DD Font="normal"><LA>Entwickeln eines Konzeptes für den Vertrieb über das Internet.</LA></DD></DL></P></Content></text><fussnoten><Content><P>(+++ Zur Anwendung vgl. §§ 1 u. 3 FortbVenÄndV6AnwV +++)</P></Content></fussnoten></textdaten></norm>
<norm builddate="20200305213031" doknr="BJNR198000015BJNE001001119"><metadaten><jurabk>LmhFortbPrüfV</jurabk><enbez>§ 9</enbez><titel format="XML">Handlungsbereich „Warenströme und Retourenmanagement organisieren“</titel></metadaten><textdaten><text format="XML"><Content><P>(1) Im Handlungsbereich „Warenströme und Retourenmanagement organisieren“ soll die zu prüfende Person nachweisen, dass sie in der Lage ist, auch unter Einsatz moderner Kommunikationstechnologien bei der Bestellung von Waren den Lagerbestand, die Haltbarkeit verderblicher Waren und saisonale Aspekte zu berücksichtigen sowie Lagerhaltung und Lagerführung zu gestalten und zu überwachen. Dabei sollen Daten rechnergestützter Kassensysteme ausgewertet, Konzepte für Logistik und Lagerwirtschaft entwickelt, diese Konzepte umgesetzt, die Umsetzung überwacht und die Konzepte verbessert sowie Retouren organisiert werden.</P><P>(2) In diesem Rahmen kann Folgendes geprüft werden: <DL Type="arabic"><DT>1.</DT><DD Font="normal"><LA>Organisieren und Überwachen des Wareneingangs,</LA></DD><DT>2.</DT><DD Font="normal"><LA>Organisieren und Überwachen der Lagerung von Produkten,</LA></DD><DT>3.</DT><DD Font="normal"><LA>Disponieren von Warenbeständen,</LA></DD><DT>4.</DT><DD Font="normal"><LA>Programmieren und Auswerten von Daten aus rechnergestützten Kassensystemen sowie Ableiten von Konsequenzen für den Verkauf,</LA></DD><DT>5.</DT><DD Font="normal"><LA>Organisieren von Transporten zum Bestimmungsort und</LA></DD><DT>6.</DT><DD Font="normal"><LA>Einrichten und Optimieren eines Retourenmanagements.</LA></DD></DL></P></Content></text><fussnoten><Content><P>(+++ Zur Anwendung vgl. §§ 1 u. 3 FortbVenÄndV6AnwV +++)</P></Content></fussnoten></textdaten></norm>
<norm builddate="20200305213031" doknr="BJNR198000015BJNE001101119"><metadaten><jurabk>LmhFortbPrüfV</jurabk><enbez>§ 10</enbez><titel format="XML">Handlungsbereich „Qualitätsmanagement gestalten, Maßstäbe für die Lebensmittelqualität bestimmen und die Einhaltung von Qualitätsvorgaben systematisch überwachen“</titel></metadaten><textdaten><text format="XML"><Content><P>(1) Im Handlungsbereich „Qualitätsmanagement gestalten, Maßstäbe für die Lebensmittelqualität bestimmen und die Einhaltung von Qualitätsvorgaben systematisch überwachen“ soll die zu prüfende Person nachweisen, dass sie in der Lage ist, Maßnahmen zur Sicherstellung von Qualitätskriterien festzulegen und zu steuern sowie Vorschriften zu Lebensmittelrecht, Hygiene, Arbeits- und Gesundheitsschutz zu vermitteln und deren Einhaltung sicherzustellen.</P><P>(2) In diesem Rahmen kann Folgendes geprüft werden: <DL Type="arabic"><DT>1.</DT><DD Font="normal"><LA>Unterscheiden von Qualitätsmanagementsystemen,</LA></DD><DT>2.</DT><DD Font="normal"><LA>Sicherstellen der Qualitätskontrolle von Produkten und Prozessen, Dokumentation der Ergebnisse der Qualitätskontrolle und Ableiten von Konsequenzen,</LA></DD><DT>3.</DT><DD Font="normal"><LA>Dokumentieren und Auswerten von Temperaturen bei der Herstellung, der Lagerung und dem Transport von Lebensmitteln, Ableiten von Konsequenzen zur Prozessoptimierung,</LA></DD><DT>4.</DT><DD Font="normal"><LA>Gewährleisten der Rückverfolgbarkeit von Produkten und</LA></DD><DT>5.</DT><DD Font="normal"><LA>Anleiten der Mitarbeiter und Mitarbeiterinnen zur Qualitätssicherung.</LA></DD></DL></P></Content></text><fussnoten><Content><P>(+++ Zur Anwendung vgl. §§ 1 u. 3 FortbVenÄndV6AnwV +++)</P></Content></fussnoten></textdaten></norm>
<norm builddate="20200305213031" doknr="BJNR198000015BJNE001201119"><metadaten><jurabk>LmhFortbPrüfV</jurabk><enbez>§ 11</enbez><titel format="XML">Handlungsbereich „Betriebswirtschaftliche Kennzahlen ermitteln und für die Verkaufsleitung nutzen“</titel></metadaten><textdaten><text format="XML"><Content><P>(1) Im Handlungsbereich „Betriebswirtschaftliche Kennzahlen ermitteln und für die Verkaufsleitung nutzen“ soll die zu prüfende Person nachweisen, dass sie in der Lage ist, betriebliche Abläufe zu erfassen und zu bewerten, auch unter Einsatz moderner Kommunikationstechnologien.</P><P>(2) In diesem Rahmen kann Folgendes geprüft werden: <DL Type="arabic"><DT>1.</DT><DD Font="normal"><LA>Ermitteln und Auswerten betriebswirtschaftlicher Kennzahlen zum Ableiten von Konsequenzen für Geschäfts- und Vertriebskonzepte,</LA></DD><DT>2.</DT><DD Font="normal"><LA>Festlegen von Preisschienen,</LA></DD><DT>3.</DT><DD Font="normal"><LA>Durchführen von Nachkalkulationen,</LA></DD><DT>4.</DT><DD Font="normal"><LA>Entwickeln betrieblicher Vorgaben zur Angebotserstellung und</LA></DD><DT>5.</DT><DD Font="normal"><LA>Entwickeln eines Anreizsystems für Mitarbeiter und Mitarbeiterinnen auf der Basis betriebswirtschaftlicher Kennzahlen.</LA></DD></DL></P></Content></text><fussnoten><Content><P>(+++ Zur Anwendung vgl. §§ 1 u. 3 FortbVenÄndV6AnwV +++)</P></Content></fussnoten></textdaten></norm>
<norm builddate="20200305213031" doknr="BJNR198000015BJNE001301119"><metadaten><jurabk>LmhFortbPrüfV</jurabk><enbez>§ 12</enbez><titel format="XML">Handlungsbereich „Marketing- und Präsentationskonzepte planen, umsetzen und optimieren“</titel></metadaten><textdaten><text format="XML"><Content><P>(1) Im Handlungsbereich „Marketing- und Präsentationskonzepte planen, umsetzen und optimieren“ soll die zu prüfende Person nachweisen, dass sie in der Lage ist, auch unter Einsatz moderner Kommunikationstechnologien Verkaufsaktionen von handwerklich hergestellten Produkten zu planen, durchzuführen und auch unter kalkulatorischen und gestalterischen Gesichtspunkten auszuwerten. Dabei soll die zu prüfende Person die Warenpräsentation in Theken und Regalen unter Berücksichtigung von Vorschriften zum Lebensmittelrecht und zur Hygiene veranlassen und optimieren, neue Produkte in bestehende Sortimente integrieren sowie Markenprodukte und Handelsware etablieren. In diesem Rahmen hat die zu prüfende Person zu zeigen, dass sie in der Lage ist, Verkaufsräume, insbesondere Läden und Marktstände, sowie Schauflächen unter Berücksichtigung von saisonalen und regionalen Besonderheiten zu gestalten.</P><P>(2) In diesem Rahmen kann unter Berücksichtigung von Vorschriften zum Lebensmittelrecht und zur Hygiene Folgendes geprüft werden: <DL Type="arabic"><DT>1.</DT><DD Font="normal"><LA>Planen einer Verkaufsaktion unter Betonung der handwerklichen Herstellung,</LA></DD><DT>2.</DT><DD Font="normal"><LA>Gestalten eines Schaufensters, eines Präsentationstisches oder einer Filiale,</LA></DD><DT>3.</DT><DD Font="normal"><LA>Anpassen der Warenpräsentationen an den Tageszyklus und</LA></DD><DT>4.</DT><DD Font="normal"><LA>Integrieren neuer Produkte und Dienstleistungen in das Angebot.</LA></DD></DL></P></Content></text><fussnoten><Content><P>(+++ Zur Anwendung vgl. §§ 1 u. 3 FortbVenÄndV6AnwV +++)</P></Content></fussnoten></textdaten></norm>
<norm builddate="20200305213031" doknr="BJNR198000015BJNE001401119"><metadaten><jurabk>LmhFortbPrüfV</jurabk><enbez>§ 13</enbez><titel format="XML">Handlungsbereich „Gastronomiekonzepte für Imbiss, Café und Außer-Haus-Service ausgestalten und realisieren“</titel></metadaten><textdaten><text format="XML"><Content><P>(1) Im Handlungsbereich „Gastronomiekonzepte für Imbiss, Café und Außer-Haus-Service ausgestalten und realisieren“ soll die zu prüfende Person nachweisen, dass sie in der Lage ist, Produkte zu entwickeln und zu vermarkten, Herstellungsprozesse zu planen und zu überwachen sowie Gastronomiekonzepte zu entwickeln und zu integrieren und dabei die schwerpunktspezifischen Kompetenzen zu nutzen.</P><P>(2) In diesem Rahmen kann Folgendes geprüft werden: <DL Type="arabic"><DT>1.</DT><DD Font="normal"><LA>Erstellen eines Planes zur Organisation eines Gastronomiebetriebes,</LA></DD><DT>2.</DT><DD Font="normal"><LA>Festlegen von Angebotspaletten,</LA></DD><DT>3.</DT><DD Font="normal"><LA>Herstellen, Anrichten und Erläutern eines anlass- oder themenbezogenen Snackarrangements nach von der zu prüfenden Person festgelegter Angebotspalette,</LA></DD><DT>4.</DT><DD Font="normal"><LA>Erstellen eines Personaleinsatzplanes und</LA></DD><DT>5.</DT><DD Font="normal"><LA>Unterweisen in der Herstellung, im Servieren und im Erläutern von Getränken.</LA></DD></DL></P></Content></text><fussnoten><Content><P>(+++ Zur Anwendung vgl. §§ 1 u. 3 FortbVenÄndV6AnwV +++)</P></Content></fussnoten></textdaten></norm>
<norm builddate="20200305213031" doknr="BJNR198000015BJNE001501119"><metadaten><jurabk>LmhFortbPrüfV</jurabk><enbez>§ 14</enbez><titel format="XML">Handlungsbereich „Verkaufs-, Verhandlungs- und Beratungsgespräche fachlich vorbereiten, führen und auswerten“</titel></metadaten><textdaten><text format="XML"><Content><P>(1) Im Handlungsbereich „Verkaufs-, Verhandlungs- und Beratungsgespräche fachlich vorbereiten, führen und auswerten“ soll die zu prüfende Person nachweisen, dass sie in der Lage ist, durch Gesprächsführung Kunden zu gewinnen und zu binden, Anfrage-, Auftrags- und Reklamationsgespräche mit gewerblichen Kunden eigenverantwortlich zu führen und auszuwerten, Betriebsabläufe umfassend gegenüber Aufsichtsbehörden, Institutionen und Geschäftspartnern fachlich fundiert darzustellen und argumentativ zu vertreten sowie Verhandlungsgespräche insbesondere im Einkauf, Absatz und Vertrieb vorzubereiten und zu führen. Dabei soll die zu prüfende Person Instrumente zur Konfliktlösung anwenden und vermitteln.</P><P>(2) In diesem Rahmen kann Folgendes geprüft werden: <DL Type="arabic"><DT>1.</DT><DD Font="normal"><LA>Ermitteln der Anforderungen und Bedürfnisse von gewerblichen Kunden und Geschäftspartnern,</LA></DD><DT>2.</DT><DD Font="normal"><LA>Unterbreiten und Erläutern komplexer Angebote,</LA></DD><DT>3.</DT><DD Font="normal"><LA>service- und erfolgsorientiertes Führen von Verkaufsgesprächen,</LA></DD><DT>4.</DT><DD Font="normal"><LA>Auswerten von Reklamationen und Beschwerden mit Mitarbeitern und Mitarbeiterinnen mit dem Ziel der Qualitätsoptimierung,</LA></DD><DT>5.</DT><DD Font="normal"><LA>erfolgsorientiertes Führen eines Verhandlungsgesprächs mit Geschäftspartnern und</LA></DD><DT>6.</DT><DD Font="normal"><LA>Kommunizieren und Kooperieren mit der amtlichen Lebensmittelüberwachung oder anderen Kontrollinstanzen bei Überprüfungen.</LA></DD></DL></P></Content></text><fussnoten><Content><P>(+++ Zur Anwendung vgl. §§ 1 u. 3 FortbVenÄndV6AnwV +++)</P></Content></fussnoten></textdaten></norm>
<norm builddate="20200305213031" doknr="BJNR198000015BJNE001601119"><metadaten><jurabk>LmhFortbPrüfV</jurabk><enbez>§ 15</enbez><titel format="XML">Handlungsbereich „Mitarbeiter und Mitarbeiterinnen führen, fördern und schulen“</titel></metadaten><textdaten><text format="XML"><Content><P>(1) Im Handlungsbereich „Mitarbeiter und Mitarbeiterinnen führen, fördern und schulen“ soll die zu prüfende Person nachweisen, dass sie in der Lage ist, unter Beachtung der gesetzlichen Vorschriften Mitarbeiter und Mitarbeiterinnen verantwortlich zu führen und zu motivieren, Personal zu gewinnen, Teams zusammenzustellen und deren Zusammenarbeit zu entwickeln, Mitarbeiter und Mitarbeiterinnen und deren Leistungen zu beurteilen, die berufliche Entwicklung der Mitarbeiter und Mitarbeiterinnen entsprechend den individuellen und den Unternehmensinteressen zu gestalten sowie Mitarbeiter und Mitarbeiterinnen in der service- und verkaufsorientierten Kommunikation anzuleiten. Dabei soll die zu prüfende Person Instrumente zur Konfliktbewältigung im Team einsetzen.</P><P>(2) In diesem Rahmen kann Folgendes geprüft werden: <DL Type="arabic"><DT>1.</DT><DD Font="normal"><LA>Durchführen eines lösungsorientierten Konfliktgesprächs,</LA></DD><DT>2.</DT><DD Font="normal"><LA>Durchführen eines Kritik- und Beurteilungsgesprächs,</LA></DD><DT>3.</DT><DD Font="normal"><LA>Führen, Dokumentieren und Auswerten eines Zielvereinbarungsgesprächs unter Berücksichtigung der Mitarbeitermotivation,</LA></DD><DT>4.</DT><DD Font="normal"><LA>Durchführen einer Unterweisung für Mitarbeiter und Mitarbeiterinnen,</LA></DD><DT>5.</DT><DD Font="normal"><LA>Durchführen eines Vorstellungsgesprächs und</LA></DD><DT>6.</DT><DD Font="normal"><LA>Erläutern der Vorgehensweise bei der Personalgewinnung unter Berücksichtigung der rechtlichen Rahmenbedingungen und der betrieblichen Anforderungen.</LA></DD></DL></P></Content></text><fussnoten><Content><P>(+++ Zur Anwendung vgl. §§ 1 u. 3 FortbVenÄndV6AnwV +++)</P></Content></fussnoten></textdaten></norm>
<norm builddate="20200305213031" doknr="BJNR198000015BJNE001700000"><metadaten><jurabk>LmhFortbPrüfV</jurabk><enbez>§ 16</enbez><titel format="XML">Gliederung der Prüfung „Schwerpunktspezifische Verkaufsleitungsqualifikationen“</titel></metadaten><textdaten><text format="XML"><Content><P>Die Prüfung gliedert sich in <DL Type="arabic"><DT>1.</DT><DD Font="normal"><LA>eine schriftliche Prüfung und</LA></DD><DT>2.</DT><DD Font="normal"><LA>eine praktische Prüfung.</LA></DD></DL></P></Content></text></textdaten></norm>
<norm builddate="20200305213031" doknr="BJNR198000015BJNE001800000"><metadaten><jurabk>LmhFortbPrüfV</jurabk><enbez>§ 17</enbez><titel format="XML">Schriftliche Prüfung</titel></metadaten><textdaten><text format="XML"><Content><P>(1) Die schriftliche Prüfung umfasst alle Handlungsbereiche der §§ 7 bis 11.</P><P>(2) Die Aufgaben für die schriftliche Prüfung werden aus der Beschreibung einer betrieblichen Situation abgeleitet. Die Aufgaben werden handlungsbereichsübergreifend gestellt.</P><P>(3) Die Bearbeitungszeit beträgt 300 Minuten.</P></Content></text></textdaten></norm>
<norm builddate="20200305213031" doknr="BJNR198000015BJNE001901119"><metadaten><jurabk>LmhFortbPrüfV</jurabk><enbez>§ 18</enbez><titel format="XML">Praktische Prüfung</titel></metadaten><textdaten><text format="XML"><Content><P>(1) Die praktische Prüfung umfasst <DL Type="arabic"><DT>1.</DT><DD Font="normal"><LA>eine Projektarbeit auf der Grundlage von § 12 oder § 13,</LA></DD><DT>2.</DT><DD Font="normal"><LA>eine Arbeitsaufgabe auf der Grundlage von § 12 oder § 13, jeweils in Kombination mit § 15, sowie</LA></DD><DT>3.</DT><DD Font="normal"><LA>eine Gesprächssimulation auf der Grundlage von § 14 oder § 15.</LA></DD></DL></P><P>(2) Das Projekt für die Projektarbeit wird vom Prüfungsausschuss vorgegeben; Vorschläge der zu prüfenden Person können berücksichtigt werden.</P></Content></text><fussnoten><Content><P>(+++ Zur Anwendung vgl. §§ 1 u. 3 FortbVenÄndV6AnwV +++)</P></Content></fussnoten></textdaten></norm>
<norm builddate="20200305213031" doknr="BJNR198000015BJNE002001119"><metadaten><jurabk>LmhFortbPrüfV</jurabk><enbez>§ 19</enbez><titel format="XML">Projektarbeit</titel></metadaten><textdaten><text format="XML"><Content><P>(1) Die Projektarbeit besteht aus <DL Type="arabic"><DT>1.</DT><DD Font="normal"><LA>einer Projektmappe,</LA></DD><DT>2.</DT><DD Font="normal"><LA>einer Präsentation des Konzeptes der Projektmappe und</LA></DD><DT>3.</DT><DD Font="normal"><LA>einem Fachgespräch, das sich auf die Projektmappe und auf die Präsentation bezieht.</LA></DD></DL></P><P>(2) Für die Projektmappe erstellt die zu prüfende Person ein Marketing- und Präsentationskonzept oder ein Gastronomiekonzept. Das Konzept soll Angaben zum Marketing, zur Kalkulation und zur organisatorischen Durchführung des Projektes beinhalten.</P><P>(3) Der Prüfungsausschuss soll den Umfang der Projektmappe eingrenzen. Die Projektmappe ist schriftlich anzufertigen. Die Bearbeitungszeit beträgt fünf Kalendertage.</P><P>(4) In der Präsentation und in dem Fachgespräch soll die zu prüfende Person nachweisen, dass sie in der Lage ist, <DL Type="arabic"><DT>1.</DT><DD Font="normal"><LA>die fachlichen Zusammenhänge, die dem Projekt zugrunde liegen, aufzuzeigen,</LA></DD><DT>2.</DT><DD Font="normal"><LA>das Konzept verkaufsfördernd darzustellen,</LA></DD><DT>3.</DT><DD Font="normal"><LA>den Ablauf des Projektes zu begründen und</LA></DD><DT>4.</DT><DD Font="normal"><LA>mit dem Projekt verbundene berufsbezogene Probleme sowie deren Lösungen darzustellen und dabei aktuelle branchenbezogene Entwicklungen zu berücksichtigen.</LA></DD></DL></P><P>(5) Die Präsentation soll nicht länger als 20 Minuten dauern.</P><P>(6) Das Fachgespräch soll nicht länger als 10 Minuten dauern.</P></Content></text><fussnoten><Content><P>(+++ Zur Anwendung vgl. §§ 1 u. 3 FortbVenÄndV6AnwV +++)</P></Content></fussnoten></textdaten></norm>
<norm builddate="20200305213031" doknr="BJNR198000015BJNE002101119"><metadaten><jurabk>LmhFortbPrüfV</jurabk><enbez>§ 20</enbez><titel format="XML">Arbeitsaufgabe</titel></metadaten><textdaten><text format="XML"><Content><P>(1) Im Rahmen der Arbeitsaufgabe soll die zu prüfende Person <DL Type="arabic"><DT>1.</DT><DD Font="normal"><LA>einen Teil des von ihr erstellten Marketing- und Präsentationskonzeptes oder des Gastronomiekonzeptes praktisch umsetzen und</LA></DD><DT>2.</DT><DD Font="normal"><LA>eine Schulungssimulation durchführen.</LA></DD></DL></P><P>(2) Bei Abgabe der Projektmappe reicht die zu prüfende Person einen Vorschlag für die Arbeitsaufgabe beim Prüfungsausschuss ein und gibt die geplante Dauer der Schulungssimulation an. Die Schulungssimulation soll mindestens 30 und höchstens 60 Minuten dauern.</P><P>(3) Der Prüfungsausschuss legt die Arbeitsaufgabe und die Dauer der Schulungssimulation fest; dabei soll der Vorschlag der zu prüfenden Person berücksichtigt werden.</P><P>(4) In der Schulungssimulation soll die zu prüfende Person Mitarbeiter und Mitarbeiterinnen in der praktischen Umsetzung des Konzeptes anleiten und neue Betriebsabläufe vermitteln; dabei soll sie die einzelnen Handlungsschritte vorführen und die Abläufe erläutern.</P><P>(5) Für die Bearbeitung der Arbeitsaufgabe und für die Durchführung der Schulungssimulation stehen der zu prüfenden Person einschließlich Vor- und Nachbereitung 300 Minuten zur Verfügung.</P></Content></text><fussnoten><Content><P>(+++ Zur Anwendung vgl. §§ 1 u. 3 FortbVenÄndV6AnwV +++)</P></Content></fussnoten></textdaten></norm>
<norm builddate="20200305213031" doknr="BJNR198000015BJNE002201119"><metadaten><jurabk>LmhFortbPrüfV</jurabk><enbez>§ 21</enbez><titel format="XML">Gesprächssimulation</titel></metadaten><textdaten><text format="XML"><Content><P>(1) Im Rahmen der Gesprächssimulation führt die zu prüfende Person ein Verkaufs-, Verhandlungs-, Beratungs- oder Mitarbeitergespräch mit Bezug zu dem von ihr entwickelten Marketing- und Präsentationskonzept oder zu dem von ihr entwickelten Gastronomiekonzept.</P><P>(2) Die Gesprächssimulation soll nicht länger als 15 Minuten dauern.</P></Content></text><fussnoten><Content><P>(+++ Zur Anwendung vgl. §§ 1 u. 3 FortbVenÄndV6AnwV +++)</P></Content></fussnoten></textdaten></norm>
<norm builddate="20200305213031" doknr="BJNR198000015BJNE002301119"><metadaten><jurabk>LmhFortbPrüfV</jurabk><enbez>§ 22</enbez><titel format="XML">Befreiung von einzelnen Prüfungsbestandteilen</titel></metadaten><textdaten><text format="XML"><Content><P>Wird die zu prüfende Person nach § 42c Absatz 2 der Handwerksordnung von der Ablegung einzelner Prüfungsbestandteile befreit, bleiben diese Prüfungsbestandteile für die Anwendung der §§ 23 und 24 außer Betracht. Für die übrigen Prüfungsbestandteile erhöhen sich die Anteile nach § 23 Absatz 3 Satz 1 oder § 24 Absatz 4 entsprechend ihrem Verhältnis zueinander. Allein diese Prüfungsbestandteile sind den Entscheidungen des Prüfungsausschusses zugrunde zu legen.</P></Content></text><fussnoten><Content><P>(+++ Zur Anwendung vgl. §§ 1 u. 3 FortbVenÄndV6AnwV +++)</P></Content></fussnoten></textdaten></norm>
<norm builddate="20200305213031" doknr="BJNR198000015BJNE002401119"><metadaten><jurabk>LmhFortbPrüfV</jurabk><enbez>§ 23</enbez><titel format="XML">Bewerten der Prüfungsleistungen</titel></metadaten><textdaten><text format="XML"><Content><P>(1) Jede Prüfungsleistung ist nach Maßgabe der Anlage 1 mit Punkten zu bewerten.</P><P>(2) Als Prüfungsleistungen sind einzeln zu bewerten: <DL Type="arabic"><DT>1.</DT><DD Font="normal"><LA>die schriftliche Prüfung nach § 17 und</LA></DD><DT>2.</DT><DD Font="normal"><LA>in der praktischen Prüfung <DL Type="alpha"><DT>a)</DT><DD Font="normal"><LA>die Projektmappe nach § 19 Absatz 2 und 3,</LA></DD><DT>b)</DT><DD Font="normal"><LA>die Präsentation des Konzepts der Projektmappe nach § 19 Absatz 4 und 5,</LA></DD><DT>c)</DT><DD Font="normal"><LA>das Fachgespräch nach § 19 Absatz 4 und 6,</LA></DD><DT>d)</DT><DD Font="normal"><LA>die Arbeitsaufgabe nach § 20 und</LA></DD><DT>e)</DT><DD Font="normal"><LA>die Gesprächssimulation nach § 21.</LA></DD></DL></LA></DD></DL></P><P>(3) Aus den einzelnen Bewertungen nach Absatz 2 Nummer 2 Buchstabe a bis e wird als Bewertung für die praktische Prüfung das gewichtete arithmetische Mittel berechnet. Dabei sind die Bewertungen wie folgt zu gewichten: <DL Type="arabic"><DT>1.</DT><DD Font="normal"><LA>die Bewertung der Projektmappe mit 20 Prozent,</LA></DD><DT>2.</DT><DD Font="normal"><LA>die Bewertung der Präsentation des Konzepts der Projektmappe mit 20 Prozent,</LA></DD><DT>3.</DT><DD Font="normal"><LA>die Bewertung des Fachgesprächs mit 10 Prozent,</LA></DD><DT>4.</DT><DD Font="normal"><LA>die Bewertung der Arbeitsaufgabe mit 30 Prozent und</LA></DD><DT>5.</DT><DD Font="normal"><LA>die Bewertung der Gesprächssimulation mit 20 Prozent.</LA></DD></DL></P></Content></text><fussnoten><Content><P>(+++ Zur Anwendung vgl. §§ 1 u. 3 FortbVenÄndV6AnwV +++)</P></Content></fussnoten></textdaten></norm>
<norm builddate="20200305213031" doknr="BJNR198000015BJNE002900119"><metadaten><jurabk>LmhFortbPrüfV</jurabk><enbez>§ 24</enbez><titel format="XML">Bestehen der Prüfung, Gesamtnote</titel></metadaten><textdaten><text format="XML"><Content><P>(1) Die Prüfung ist bestanden, wenn ohne Rundung in folgenden Prüfungsleistungen jeweils mindestens 50 Punkte erreicht worden sind: <DL Type="arabic"><DT>1.</DT><DD Font="normal"><LA>in der schriftlichen Prüfung und</LA></DD><DT>2.</DT><DD Font="normal"><LA>in der praktischen Prüfung.</LA></DD></DL></P><P>(2) Ist die Prüfung bestanden, ist die Bewertung für die praktische Prüfung kaufmännisch auf eine ganze Zahl zu runden.</P><P>(3) Den Bewertungen für die Prüfungsleistungen ist nach der Anlage 1 die jeweilige Note als Dezimalzahl zuzuordnen.</P><P>(4) Für die Bildung einer Gesamtnote ist als Gesamtpunktzahl das gewichtete arithmetische Mittel zu berechnen. Dabei werden die Bewertungen wie folgt gewichtet: <DL Type="arabic"><DT>1.</DT><DD Font="normal"><LA>für die schriftliche Prüfung mit 40 Prozent und</LA></DD><DT>2.</DT><DD Font="normal"><LA>für die praktische Prüfung mit 60 Prozent.</LA></DD></DL></P><P>(5) Die Gesamtpunktzahl ist kaufmännisch auf eine ganze Zahl zu runden. Der gerundeten Gesamtpunktzahl wird nach Anlage 1 die Note als Dezimalzahl und die Note in Worten zugeordnet. Die zugeordnete Note ist die Gesamtnote.</P></Content></text><fussnoten><Content><P>(+++ Zur Anwendung vgl. §§ 1 u. 3 FortbVenÄndV6AnwV +++)</P></Content></fussnoten></textdaten></norm>
<norm builddate="20200305213031" doknr="BJNR198000015BJNE002601119"><metadaten><jurabk>LmhFortbPrüfV</jurabk><enbez>§ 25</enbez><titel format="XML">Zeugnisse</titel></metadaten><textdaten><text format="XML"><Content><P>(1) Wer die Prüfung nach § 24 Absatz 1 bestanden hat, erhält von der zuständigen Stelle zwei Zeugnisse nach Maßgabe der Anlage 2 Teil A und B.</P><P>(2) Auf dem Zeugnis mit den Inhalten nach der <I>Anlage 2 Teil B</I> sind die Noten als Dezimalzahl mit einer Nachkommastelle und die Gesamtnote mit einer Nachkommastelle und in Worten anzugeben. Jede Befreiung nach § 22 ist mit Ort, Datum und der Bezeichnung des Prüfungsgremiums der anderen vergleichbaren Prüfung anzugeben.</P><P>(3) Die Zeugnisse können zusätzliche nicht amtliche Bemerkungen zur Information (Bemerkungen) enthalten, insbesondere <DL Font="normal" Type="arabic"><DT>1.</DT><DD Font="normal"><LA Size="normal">über den erworbenen Abschluss oder</LA></DD><DT>2.</DT><DD Font="normal"><LA Size="normal">auf Antrag der zu prüfenden Person über während oder anlässlich der Fortbildung erworbene besondere oder zusätzliche Fertigkeiten, Kenntnisse und Fähigkeiten.</LA></DD></DL></P></Content></text><fussnoten><Content><P>(+++ Zur Anwendung vgl. §§ 1 u. 3 FortbVenÄndV6AnwV +++) <BR/>§ 25 Abs. 2 Satz 1 Kursivdruck: Wegen offensichtlicher Unrichtigkeit der Änderungsanweisung in Art. 7 Nr. 20 V v. 9.12.2019 I 2153 wurde die Angabe &quot;Anlage 2 B&quot; durch die Angabe &quot;Anlage 2 Teil B&quot; ersetzt</P></Content></fussnoten></textdaten></norm>
<norm builddate="20200305213031" doknr="BJNR198000015BJNE002700000"><metadaten><jurabk>LmhFortbPrüfV</jurabk><enbez>§ 26</enbez><titel format="XML">Übergangsvorschriften</titel></metadaten><textdaten><text format="XML"><Content><P>(1) Diesem Fortbildungsabschluss entsprechende Prüfungen nach den nach der Handwerksordnung in Kraft gesetzten Regelungen der Handwerkskammern, die vor Ablauf des 31. Dezember 2015 angemeldet wurden, werden bis zum 31. Dezember 2017 nach den bisherigen Vorschriften zu Ende geführt; insbesondere: <DL Type="arabic"><DT>1.</DT><DD Font="normal"><LA>die Prüfung zum Verkaufsleiter/Verkaufsleiterin im Lebensmittelhandwerk (Bäckerei/Konditorei),</LA></DD><DT>2.</DT><DD Font="normal"><LA>die Prüfung zum Verkaufsleiter/zur Verkaufsleiterin im Lebensmittelhandwerk,</LA></DD><DT>3.</DT><DD Font="normal"><LA>die Prüfung zum Verkaufsleiter/zur Verkaufsleiterin im Lebensmittelhandwerk (HWK),</LA></DD><DT>4.</DT><DD Font="normal"><LA>die Prüfung zum/zur Verkaufsleiter/Verkaufsleiterin im Lebensmittelhandwerk (Bäckerei),</LA></DD><DT>5.</DT><DD Font="normal"><LA>die Prüfung zum/zur Verkaufsleiter/in im Nahrungsmittelhandwerk,</LA></DD><DT>6.</DT><DD Font="normal"><LA>die Prüfung zum oder zur Verkaufsleiter/in im Nahrungsmittelhandwerk (HWK), zum/zur „Verkaufsleiter/in im Nahrungsmittelhandwerk“,</LA></DD><DT>7.</DT><DD Font="normal"><LA>die Prüfung zum/zur „Verkaufsleiter/in im Nahrungsmittelhandwerk (HWK)“,</LA></DD><DT>8.</DT><DD Font="normal"><LA>die Prüfung zum anerkannten Abschluss „Verkaufsleiter im Nahrungsmittelhandwerk (HWK)/Verkaufsleiterin im Nahrungsmittelhandwerk (HWK)“.</LA></DD></DL></P><P>(2) Bei Prüfungen, die bis zum Ablauf des 30. September 2016 angemeldet werden, kann der Prüfling die Anwendung der bisherigen Vorschriften beantragen; die Prüfung ist in dem Fall bis zum 31. Dezember 2017 zu Ende zu führen.</P><P>(3) Die Wiederholungsprüfung kann auf Antrag des Prüflings auch nach dieser Verordnung durchgeführt werden; die Wiederholungsprüfung ist bis zum 31. Dezember 2017 zu Ende zu führen. § 24 Absatz 3 ist in diesem Fall nicht anzuwenden.</P></Content></text></textdaten></norm>
<norm builddate="20200305213031" doknr="BJNR198000015BJNE002501119"><metadaten><jurabk>LmhFortbPrüfV</jurabk><enbez>§ 26</enbez><titel format="XML">Wiederholung der Prüfung „Schwerpunktspezifische Verkaufsleitungsqualifikationen“</titel></metadaten><textdaten><text format="XML"><Content><P>(1) Ist die schriftliche oder die praktische Prüfung nicht bestanden, kann sie jeweils zweimal wiederholt werden.</P><P>(2) Die zu prüfende Person muss die Wiederholungsprüfung bei der zuständigen Stelle beantragen.</P><P>(3) Wer die praktische Prüfung nicht bestanden hat und innerhalb von zwei Jahren nach dem Tag des Nichtbestehens dieser Prüfung die Wiederholungsprüfung beantragt, ist von der schriftlichen Prüfung zu befreien, wenn diese in der vorangegangenen Prüfung mit mindestens „ausreichend“ bewertet worden ist.</P><P>(4) Auf Antrag kann im Fall der Wiederholung einer nicht bestandenen Prüfung auch eine bereits bestandene Prüfung wiederholt werden. In diesem Fall gilt nur das Ergebnis der letzten Prüfung.</P></Content></text><fussnoten><Content><P>(+++ Zur Anwendung vgl. §§ 1 u. 3 FortbVenÄndV6AnwV +++)</P></Content></fussnoten></textdaten></norm>
<norm builddate="20200305213031" doknr="BJNR198000015BJNE002800000"><metadaten><jurabk>LmhFortbPrüfV</jurabk><enbez>§ 27</enbez><titel format="XML">Inkrafttreten</titel></metadaten><textdaten><text format="XML"><Content><P>Diese Verordnung tritt am 1. Januar 2016 in Kraft.</P></Content></text></textdaten></norm>
<norm builddate="20200305213031" doknr="BJNR198000015BJNE003000119"><metadaten><jurabk>LmhFortbPrüfV</jurabk><enbez>Anlage 1</enbez><titel format="XML">(zu den §§ 23 und 24)<BR/>Bewertungsmaßstab und -schlüssel</titel></metadaten><textdaten><text format="XML"><Content><P><noindex><kommentar typ="Fundstelle">(Fundstelle: BGBl. I 2019, 2176 - 2177)</kommentar></noindex></P><BR/><BR/><table colsep="1" frame="all" pgwide="1" rowsep="1" tabstyle="Bewertung" tocentry="%yes;"><tgroup align="left" char="" charoff="50" cols="4"><colspec align="center" colname="col1" colnum="1" colwidth="26*"/><colspec align="center" colname="col2" colnum="2" colwidth="26*"/><colspec align="center" colname="col3" colnum="3" colwidth="33*"/><colspec align="justify" colname="col4" colnum="4" colwidth="74*"/><thead valign="bottom"><row><entry VJ="1" colname="col1" valign="middle">Punkte</entry><entry VJ="1" colname="col2" valign="middle">Note<BR/>als Dezimalzahl</entry><entry VJ="1" colname="col3" valign="middle">Note<BR/> in Worten</entry><entry VJ="1" align="center" colname="col4" valign="middle">Definition</entry></row></thead><tbody valign="top"><row><entry VJ="1" colname="col1" valign="middle">100</entry><entry VJ="1" colname="col2" valign="middle">1,0</entry><entry VJ="1" colname="col3" morerows="4" valign="middle">sehr gut</entry><entry VJ="1" colname="col4" morerows="4" valign="middle">eine Leistung, die den Anforderungen in besonderem Maß entspricht</entry></row><row><entry VJ="1" colname="col1" valign="middle">98 und 99</entry><entry VJ="1" colname="col2" valign="middle">1,1</entry></row><row><entry VJ="1" colname="col1" valign="middle">96 und 97</entry><entry VJ="1" colname="col2" valign="middle">1,2</entry></row><row><entry VJ="1" colname="col1" valign="middle">94 und 95</entry><entry VJ="1" colname="col2" valign="middle">1,3</entry></row><row><entry VJ="1" colname="col1" valign="middle">92 und 93</entry><entry VJ="1" colname="col2" valign="middle">1,4</entry></row><row><entry VJ="1" colname="col1" valign="middle">91</entry><entry VJ="1" colname="col2" valign="middle">1,5</entry><entry VJ="1" colname="col3" morerows="9" valign="middle">gut</entry><entry VJ="1" colname="col4" morerows="9" valign="middle">eine Leistung, die den Anforderungen voll entspricht</entry></row><row><entry VJ="1" colname="col1" valign="middle">90</entry><entry VJ="1" colname="col2" valign="middle">1,6</entry></row><row><entry VJ="1" colname="col1" valign="middle">89</entry><entry VJ="1" colname="col2" valign="middle">1,7</entry></row><row><entry VJ="1" colname="col1" valign="middle">88</entry><entry VJ="1" colname="col2" valign="middle">1,8</entry></row><row><entry VJ="1" colname="col1" valign="middle">87</entry><entry VJ="1" colname="col2" valign="middle">1,9</entry></row><row><entry VJ="1" colname="col1" valign="middle">85 und 86</entry><entry VJ="1" colname="col2" valign="middle">2,0</entry></row><row><entry VJ="1" colname="col1" valign="middle">84</entry><entry VJ="1" colname="col2" valign="middle">2,1</entry></row><row><entry VJ="1" colname="col1" valign="middle">83</entry><entry VJ="1" colname="col2" valign="middle">2,2</entry></row><row><entry VJ="1" colname="col1" valign="middle">82</entry><entry VJ="1" colname="col2" valign="middle">2,3</entry></row><row><entry VJ="1" colname="col1" valign="middle">81</entry><entry VJ="1" colname="col2" valign="middle">2,4</entry></row><row><entry VJ="1" colname="col1" valign="middle">79 und 80</entry><entry VJ="1" colname="col2" valign="middle">2,5</entry><entry VJ="1" colname="col3" morerows="9" valign="middle">befriedigend</entry><entry VJ="1" colname="col4" morerows="9" valign="middle">eine Leistung, die den Anforderungen im Allgemeinen entspricht</entry></row><row><entry VJ="1" colname="col1" valign="middle">78</entry><entry VJ="1" colname="col2" valign="middle">2,6</entry></row><row><entry VJ="1" colname="col1" valign="middle">77</entry><entry VJ="1" colname="col2" valign="middle">2,7</entry></row><row><entry VJ="1" colname="col1" valign="middle">75 und 76</entry><entry VJ="1" colname="col2" valign="middle">2,8</entry></row><row><entry VJ="1" colname="col1" valign="middle">74</entry><entry VJ="1" colname="col2" valign="middle">2,9</entry></row><row><entry VJ="1" colname="col1" valign="middle">72 und 73</entry><entry VJ="1" colname="col2" valign="middle">3,0</entry></row><row><entry VJ="1" colname="col1" valign="middle">71</entry><entry VJ="1" colname="col2" valign="middle">3,1</entry></row><row><entry VJ="1" colname="col1" valign="middle">70</entry><entry VJ="1" colname="col2" valign="middle">3,2</entry></row><row><entry VJ="1" colname="col1" valign="middle">68 und 69</entry><entry VJ="1" colname="col2" valign="middle">3,3</entry></row><row><entry VJ="1" colname="col1" valign="middle">67</entry><entry VJ="1" colname="col2" valign="middle">3,4</entry></row><row><entry VJ="1" colname="col1" valign="middle">65 und 66</entry><entry VJ="1" colname="col2" valign="middle">3,5</entry><entry VJ="1" colname="col3" morerows="9" valign="middle">ausreichend</entry><entry VJ="1" colname="col4" morerows="9" valign="middle">eine Leistung, die zwar Mängel aufweist, aber im Ganzen den Anforderungen noch entspricht</entry></row><row><entry VJ="1" colname="col1" valign="middle">63 und 64</entry><entry VJ="1" colname="col2" valign="middle">3,6</entry></row><row><entry VJ="1" colname="col1" valign="middle">62</entry><entry VJ="1" colname="col2" valign="middle">3,7</entry></row><row><entry VJ="1" colname="col1" valign="middle">60 und 61</entry><entry VJ="1" colname="col2" valign="middle">3,8</entry></row><row><entry VJ="1" colname="col1" valign="middle">58 und 59</entry><entry VJ="1" colname="col2" valign="middle">3,9</entry></row><row><entry VJ="1" colname="col1" valign="middle">56 und 57</entry><entry VJ="1" colname="col2" valign="middle">4,0</entry></row><row><entry VJ="1" colname="col1" valign="middle">55</entry><entry VJ="1" colname="col2" valign="middle">4,1</entry></row><row><entry VJ="1" colname="col1" valign="middle">53 und 54</entry><entry VJ="1" colname="col2" valign="middle">4,2</entry></row><row><entry VJ="1" colname="col1" valign="middle">51 und 52</entry><entry VJ="1" colname="col2" valign="middle">4,3</entry></row><row><entry VJ="1" colname="col1" valign="middle">50</entry><entry VJ="1" colname="col2" valign="middle">4,4</entry></row><row><entry VJ="1" colname="col1" valign="middle">48 und 49</entry><entry VJ="1" colname="col2" valign="middle">4,5</entry><entry VJ="1" colname="col3" morerows="9" valign="middle">mangelhaft</entry><entry VJ="1" colname="col4" morerows="9" valign="middle">eine Leistung, die den Anforderungen nicht entspricht, jedoch erkennen lässt, dass gewisse Grundkenntnisse noch vorhanden sind</entry></row><row><entry VJ="1" colname="col1" valign="middle">46 und 47</entry><entry VJ="1" colname="col2" valign="middle">4,6</entry></row><row><entry VJ="1" colname="col1" valign="middle">44 und 45</entry><entry VJ="1" colname="col2" valign="middle">4,7</entry></row><row><entry VJ="1" colname="col1" valign="middle">42 und 43</entry><entry VJ="1" colname="col2" valign="middle">4,8</entry></row><row><entry VJ="1" colname="col1" valign="middle">40 und 41</entry><entry VJ="1" colname="col2" valign="middle">4,9</entry></row><row><entry VJ="1" colname="col1" valign="middle">38 und 39</entry><entry VJ="1" colname="col2" valign="middle">5,0</entry></row><row><entry VJ="1" colname="col1" valign="middle">36 und 37</entry><entry VJ="1" colname="col2" valign="middle">5,1</entry></row><row><entry VJ="1" colname="col1" valign="middle">34 und 35</entry><entry VJ="1" colname="col2" valign="middle">5,2</entry></row><row><entry VJ="1" colname="col1" valign="middle">32 und 33</entry><entry VJ="1" colname="col2" valign="middle">5,3</entry></row><row><entry VJ="1" colname="col1" valign="middle">30 und 31</entry><entry VJ="1" colname="col2" valign="middle">5,4</entry></row><row><entry VJ="1" colname="col1" valign="middle">25 bis 29</entry><entry VJ="1" colname="col2" valign="middle">5,5</entry><entry VJ="1" colname="col3" morerows="5" valign="middle">ungenügend</entry><entry VJ="1" colname="col4" morerows="5" valign="middle">eine Leistung, die den Anforderungen nicht entspricht und bei der selbst Grundkenntnisse fehlen</entry></row><row><entry VJ="1" colname="col1" valign="middle">20 bis 24</entry><entry VJ="1" colname="col2" valign="middle">5,6</entry></row><row><entry VJ="1" colname="col1" valign="middle">15 bis 19</entry><entry VJ="1" colname="col2" valign="middle">5,7</entry></row><row><entry VJ="1" colname="col1" valign="middle">10 bis 14</entry><entry VJ="1" colname="col2" valign="middle">5,8</entry></row><row><entry VJ="1" colname="col1" valign="middle">5 bis 9</entry><entry VJ="1" colname="col2" valign="middle">5,9</entry></row><row><entry VJ="1" colname="col1" valign="middle">0 bis 4</entry><entry VJ="1" colname="col2" valign="middle">6,0</entry></row></tbody></tgroup></table></Content></text><fussnoten><Content><P>(+++ Zur Anwendung vgl. §§ 1 u. 3 FortbVenÄndV6AnwV +++)</P></Content></fussnoten></textdaten></norm>
<norm builddate="20200305213031" doknr="BJNR198000015BJNE003100119"><metadaten><jurabk>LmhFortbPrüfV</jurabk><enbez>Anlage 2</enbez><titel format="XML">(zu § 25)<BR/>Zeugnisinhalte</titel></metadaten><textdaten><text format="XML"><Content><P><noindex><kommentar typ="Fundstelle">(Fundstelle: BGBl. I 2019, 2177 - 2178)</kommentar></noindex></P><BR/><BR/><P><SP>Teil A – Zeugnis ohne Prüfungsergebnisse:</SP><DL Font="normal" Type="arabic"><DT>1.</DT><DD Font="normal"><LA Size="normal">Bezeichnung der ausstellenden Behörde,</LA></DD><DT>2.</DT><DD Font="normal"><LA Size="normal">Name und Geburtsdatum der geprüften Person,</LA></DD><DT>3.</DT><DD Font="normal"><LA Size="normal">Datum des Bestehens der Prüfung,</LA></DD><DT>4.</DT><DD Font="normal"><LA Size="normal">Bezeichnung des erworbenen Fortbildungsabschlusses nach § 1 Absatz 6,</LA></DD><DT>5.</DT><DD Font="normal"><LA Size="normal">Bezeichnung und Fundstelle dieser Fortbildungsordnung nach den Angaben im Bundesgesetzblatt unter Berücksichtigung erfolgter Änderungen dieser Verordnung,</LA></DD><DT>6.</DT><DD Font="normal"><LA Size="normal">Datum der Ausstellung des Zeugnisses samt Unterschrift der zuständigen Stelle.</LA></DD></DL></P><P><SP>Teil B – Zeugnis mit Prüfungsergebnissen:</SP></P><P>Alle Angaben des Teils A sowie zusätzlich: <DL Font="normal" Type="arabic"><DT>1.</DT><DD Font="normal"><LA Size="normal">Benennung der geprüften Handlungsbereiche der schriftlichen Prüfung nach den §§ 7 bis 11 und Bewertung mit Punkten und als Note,</LA></DD><DT>2.</DT><DD Font="normal"><LA Size="normal">Benennung der geprüften Handlungsbereiche der praktischen Prüfung nach den §§ 12 bis 15 und Bewertung mit Punkten und als Note,</LA></DD><DT>3.</DT><DD Font="normal"><LA Size="normal">Benennung des gewählten Schwerpunktes nach § 1 Absatz 2,</LA></DD><DT>4.</DT><DD Font="normal"><LA Size="normal">die errechnete Gesamtpunktzahl für die gesamte Prüfung,</LA></DD><DT>5.</DT><DD Font="normal"><LA Size="normal">die Gesamtnote als Dezimalzahl,</LA></DD><DT>6.</DT><DD Font="normal"><LA Size="normal">die Gesamtnote in Worten,</LA></DD><DT>7.</DT><DD Font="normal"><LA Size="normal">Befreiungen nach § 22,</LA></DD><DT>8.</DT><DD Font="normal"><LA Size="normal">Vorliegen des Nachweises des Erwerbs der betriebswirtschaftlichen, kaufmännischen und rechtlichen Qualifikationen nach § 4,</LA></DD><DT>9.</DT><DD Font="normal"><LA Size="normal">Vorliegen des Nachweises des Erwerbs der berufs- und arbeitspädagogischen Qualifikationen nach § 5.</LA></DD></DL></P></Content></text><fussnoten><Content><P>(+++ Zur Anwendung vgl. §§ 1 u. 3 FortbVenÄndV6AnwV +++)</P></Content></fussnoten></textdaten></norm>
</dokumente>