<?xml version="1.0" encoding="UTF-8" ?><!DOCTYPE dokumente SYSTEM "http://www.gesetze-im-internet.de/dtd/1.01/gii-norm.dtd">
<dokumente builddate="20131008093532" doknr="BJNR014990974"><norm builddate="20131008093532" doknr="BJNR014990974"><metadaten><jurabk>PersVEntV</jurabk><ausfertigung-datum manuell="ja">1974-07-18</ausfertigung-datum><fundstelle typ="amtlich"><periodikum>BGBl I</periodikum><zitstelle>1974, 1499</zitstelle></fundstelle><langue>Verordnung über die Höhe der Aufwandsentschädigung für vom Dienst
freigestellte Personalvertretungsmitglieder</langue><standangabe checked="ja"><standtyp>Stand</standtyp><standkommentar>Geändert durch Art. 7 G v. 3.12.2001 I 3306</standkommentar></standangabe></metadaten><textdaten><fussnoten><Content><P><BR/> <pre xml:space="preserve">(+++ Textnachweis ab: 1.4.1974 +++)<BR/><BR/></pre></P></Content></fussnoten></textdaten></norm>
<norm builddate="20131008093532" doknr="BJNR014990974BJNE000100311"><metadaten><jurabk>PersVEntV</jurabk><enbez>Eingangsformel</enbez></metadaten><textdaten><text format="XML"><Content><P>Auf Grund des § 46 Abs. 5 Satz 3 in Verbindung mit § 54 Abs. 1, § 56 des Bundespersonalvertretungsgesetzes vom 15. März 1974 (Bundesgesetzbl. I S. 693), geändert durch Artikel 287 des Einführungsgesetzes zum Strafgesetzbuch vom 2. März 1974 (Bundesgesetzbl. I S. 469, 631), verordnet die Bundesregierung:</P></Content></text></textdaten></norm>
<norm builddate="20131008093532" doknr="BJNR014990974BJNE000201320"><metadaten><jurabk>PersVEntV</jurabk><enbez>§ 1</enbez></metadaten><textdaten><text format="XML"><Content><P>Die Aufwandsentschädigung beträgt für ganz von ihrer dienstlichen Tätigkeit freigestellte Mitglieder von Personalräten, Gesamtpersonalräten, Bezirkspersonalräten und Hauptpersonalräten 26 Euro monatlich.</P></Content></text><fussnoten/></textdaten></norm>
<norm builddate="20131008093532" doknr="BJNR014990974BJNE000300311"><metadaten><jurabk>PersVEntV</jurabk><enbez>§ 2</enbez></metadaten><textdaten><text format="XML"><Content><P>Diese Verordnung gilt nach § 14 des Dritten Überleitungsgesetzes vom 4. Januar 1952 (Bundesgesetzblatt I S. 1) in Verbindung mit § 118 des Bundespersonalvertretungsgesetzes auch im Land Berlin.</P></Content></text></textdaten></norm>
<norm builddate="20131008093532" doknr="BJNR014990974BJNE000400311"><metadaten><jurabk>PersVEntV</jurabk><enbez>§ 3</enbez></metadaten><textdaten><text format="XML"><Content><P>Diese Verordnung tritt mit Wirkung vom 1. April 1974 in Kraft.</P></Content></text></textdaten></norm>
</dokumente>