<?xml version="1.0" encoding="UTF-8" ?><!DOCTYPE dokumente SYSTEM "http://www.gesetze-im-internet.de/dtd/1.01/gii-norm.dtd">
<dokumente builddate="20210615213141" doknr="BJNR094000008"><norm builddate="20210615213141" doknr="BJNR094000008"><metadaten><jurabk>SchSiServAusbV</jurabk><ausfertigung-datum manuell="ja">2008-05-21</ausfertigung-datum><fundstelle typ="amtlich"><periodikum>BGBl I</periodikum><zitstelle>2008, 940</zitstelle></fundstelle><langue>Verordnung über die Berufsausbildung zur Servicekraft für Schutz und Sicherheit <FnR ID="f771113_01_BJNR094000008"/></langue></metadaten><textdaten><text format="XML"><Footnotes><Footnote FnZ="*" Group="column" ID="f771113_01_BJNR094000008" Pos="normal" Postfix=")"><noindex>Diese Rechtsverordnung ist eine Ausbildungsordnung im Sinne des § 4 des Berufsbildungsgesetzes. Die Ausbildungsordnung und der damit abgestimmte, von der Ständigen Konferenz der Kultusminister der Länder in der Bundesrepublik Deutschland beschlossene Rahmenlehrplan für die Berufsschule werden demnächst als Beilage zum Bundesanzeiger veröffentlicht.</noindex></Footnote></Footnotes></text><fussnoten><Content><P><BR/> <pre xml:space="preserve">(+++ Textnachweis ab: 1.8.2008 +++)<BR/><BR/></pre></P></Content></fussnoten></textdaten></norm>
<norm builddate="20210615213141" doknr="BJNR094000008BJNE000100000"><metadaten><jurabk>SchSiServAusbV</jurabk><enbez>Eingangsformel</enbez></metadaten><textdaten><text format="XML"><Content><P>Auf Grund des § 4 Abs. 1 in Verbindung mit § 5 des Berufsbildungsgesetzes vom 23. März 2005 (BGBl. I S. 931), von denen § 4 Abs. 1 durch Artikel 232 Nr. 1 der Verordnung vom 31. Oktober 2006 (BGBl. I S. 2407) geändert worden ist, verordnet das Bundesministerium für Wirtschaft und Technologie im Einvernehmen mit dem Bundesministerium für Bildung und Forschung:</P></Content></text></textdaten></norm>
<norm builddate="20210615213141" doknr="BJNR094000008BJNE000200000"><metadaten><jurabk>SchSiServAusbV</jurabk><enbez>§ 1</enbez><titel format="XML">Staatliche Anerkennung des Ausbildungsberufes</titel></metadaten><textdaten><text format="XML"><Content><P>Der Ausbildungsberuf Servicekraft für Schutz und Sicherheit wird nach § 4 Abs. 1 des Berufsbildungsgesetzes staatlich anerkannt.</P></Content></text></textdaten></norm>
<norm builddate="20210615213141" doknr="BJNR094000008BJNE000300000"><metadaten><jurabk>SchSiServAusbV</jurabk><enbez>§ 2</enbez><titel format="XML">Dauer der Berufsausbildung</titel></metadaten><textdaten><text format="XML"><Content><P>Die Ausbildung dauert zwei Jahre.</P></Content></text></textdaten></norm>
<norm builddate="20210615213141" doknr="BJNR094000008BJNE000400000"><metadaten><jurabk>SchSiServAusbV</jurabk><enbez>§ 3</enbez><titel format="XML">Ausbildungsrahmenplan, Ausbildungsberufsbild</titel></metadaten><textdaten><text format="XML"><Content><P>(1) Gegenstand der Berufsausbildung sind mindestens die im Ausbildungsrahmenplan (Anlage) aufgeführten Fertigkeiten, Kenntnisse und Fähigkeiten (berufliche Handlungsfähigkeit). Eine von dem Ausbildungsrahmenplan abweichende Organisation der Ausbildung ist insbesondere zulässig, soweit betriebspraktische Besonderheiten die Abweichung erfordern.</P><P>(2) Die Berufsausbildung zur Servicekraft für Schutz und Sicherheit gliedert sich wie folgt (Ausbildungsberufsbild):<BR/><BR/><SP>Abschnitt A</SP><BR/><BR/> Berufsprofilgebende Fertigkeiten, Kenntnisse und Fähigkeiten: <DL Type="arabic"><DT>1.</DT><DD Font="normal"><LA>Rechtsgrundlagen für Sicherheitsdienste;</LA></DD><DT>2.</DT><DD Font="normal"><LA>Sicherheitsdienste: <DL Font="normal"><DT>2.1</DT><DD><LA>Sicherheitsbereiche,</LA></DD><DT>2.2</DT><DD><LA>Arbeitsorganisation; Informations- und Kommunikationstechnik,</LA></DD><DT>2.3</DT><DD><LA>Qualitätssichernde Maßnahmen;</LA></DD></DL></LA></DD><DT>3.</DT><DD Font="normal"><LA>Kommunikation und Kooperation: <DL Font="normal"><DT>3.1</DT><DD><LA>Teamarbeit und Kooperation,</LA></DD><DT>3.2</DT><DD><LA>Kundenorientierte Kommunikation;</LA></DD></DL></LA></DD><DT>4.</DT><DD Font="normal"><LA>Schutz und Sicherheit;</LA></DD><DT>5.</DT><DD Font="normal"><LA>Verhalten und Handeln bei Schutz- und Sicherheitsmaßnahmen;</LA></DD><DT>6.</DT><DD Font="normal"><LA>Sicherheitstechnische Einrichtungen und Hilfsmittel;</LA></DD></DL><SP>Abschnitt B</SP><BR/><BR/> Integrative Fertigkeiten, Kenntnisse und Fähigkeiten: <DL Type="arabic"><DT>1.</DT><DD Font="normal"><LA>Berufsbildung, Arbeits- und Tarifrecht;</LA></DD><DT>2.</DT><DD Font="normal"><LA>Aufbau und Organisation des Ausbildungsbetriebes;</LA></DD><DT>3.</DT><DD Font="normal"><LA>Sicherheit und Gesundheitsschutz bei der Arbeit;</LA></DD><DT>4.</DT><DD Font="normal"><LA>Umweltschutz.</LA></DD></DL></P></Content></text></textdaten></norm>
<norm builddate="20210615213141" doknr="BJNR094000008BJNE000500000"><metadaten><jurabk>SchSiServAusbV</jurabk><enbez>§ 4</enbez><titel format="XML">Durchführung der Berufsausbildung</titel></metadaten><textdaten><text format="XML"><Content><P>(1) Die in dieser Verordnung genannten Fertigkeiten, Kenntnisse und Fähigkeiten sollen so vermittelt werden, dass die Auszubildenden zur Ausübung einer qualifizierten beruflichen Tätigkeit im Sinne von § 1 Abs. 3 des Berufsbildungsgesetzes befähigt werden, die insbesondere selbstständiges Planen, Durchführen und Kontrollieren einschließt. Diese Befähigung ist auch in den Prüfungen nach den §§ 5 und 6 nachzuweisen.</P><P>(2) Die Ausbildenden haben unter Zugrundelegung des Ausbildungsrahmenplanes für die Auszubildenden einen Ausbildungsplan zu erstellen.</P><P>(3) Die Auszubildenden haben einen schriftlichen Ausbildungsnachweis zu führen. Ihnen ist Gelegenheit zu geben, den schriftlichen Ausbildungsnachweis während der Ausbildungszeit zu führen. Die Ausbildenden haben den schriftlichen Ausbildungsnachweis regelmäßig durchzusehen.</P></Content></text></textdaten></norm>
<norm builddate="20210615213141" doknr="BJNR094000008BJNE000600000"><metadaten><jurabk>SchSiServAusbV</jurabk><enbez>§ 5</enbez><titel format="XML">Zwischenprüfung</titel></metadaten><textdaten><text format="XML"><Content><P>(1) Zur Ermittlung des Ausbildungsstandes ist eine Zwischenprüfung durchzuführen. Sie soll zum Anfang des zweiten Ausbildungsjahres stattfinden.</P><P>(2) Die Zwischenprüfung erstreckt sich auf die in der Anlage für das erste Ausbildungsjahr aufgeführten Fertigkeiten, Kenntnisse und Fähigkeiten sowie auf den im Berufsschulunterricht zu vermittelnden Lehrstoff, soweit er für die Berufsausbildung wesentlich ist.</P><P>(3) Die Zwischenprüfung findet im Prüfungsbereich Schutz und Sicherheit nach Absatz 4 statt.</P><P>(4) Für den Prüfungsbereich Schutz und Sicherheit bestehen folgende Vorgaben: <DL Type="arabic"><DT>1.</DT><DD Font="normal"><LA>Der Prüfling soll nachweisen, dass er <DL Type="alpha"><DT>a)</DT><DD Font="normal"><LA>Gefährdungspotenziale erkennen,</LA></DD><DT>b)</DT><DD Font="normal"><LA>Maßnahmen der Sicherung durchführen und dokumentieren,</LA></DD><DT>c)</DT><DD Font="normal"><LA>sein Verhalten an sicherheitsrelevante Situationen anpassen sowie</LA></DD><DT>d)</DT><DD Font="normal"><LA>den rechtlichen Handlungsrahmen beachten</LA></DD></DL>kann;</LA></DD><DT>2.</DT><DD Font="normal"><LA>der Prüfling soll berufstypische Aufgaben schriftlich bearbeiten;</LA></DD><DT>3.</DT><DD Font="normal"><LA>die Prüfungszeit beträgt 90 Minuten.</LA></DD></DL></P></Content></text></textdaten></norm>
<norm builddate="20210615213141" doknr="BJNR094000008BJNE000700000"><metadaten><jurabk>SchSiServAusbV</jurabk><enbez>§ 6</enbez><titel format="XML">Abschlussprüfung</titel></metadaten><textdaten><text format="XML"><Content><P>(1) Durch die Abschlussprüfung ist festzustellen, ob der Prüfling die berufliche Handlungsfähigkeit erworben hat. In der Abschlussprüfung soll der Prüfling nachweisen, dass er die dafür erforderlichen beruflichen Fertigkeiten beherrscht, die notwendigen beruflichen Kenntnisse und Fähigkeiten besitzt und mit dem im Berufsschulunterricht zu vermittelnden, für die Berufsausbildung wesentlichen Lehrstoff vertraut ist. Die Ausbildungsordnung ist zugrunde zu legen.</P><P>(2) Die Abschlussprüfung erstreckt sich auf die in der Anlage aufgeführten Fertigkeiten, Kenntnisse und Fähigkeiten sowie auf den im Berufsschulunterricht zu vermittelnden Lehrstoff, soweit er für die Berufsausbildung wesentlich ist.</P><P>(3) Die Abschlussprüfung besteht aus den Prüfungsbereichen: <DL Font="normal" Type="arabic"><DT>1.</DT><DD Font="normal"><LA Size="normal">Situationsgerechtes Verhalten und Handeln,</LA></DD><DT>2.</DT><DD Font="normal"><LA Size="normal">Anwendung von Rechtsgrundlagen für Sicherheitsdienste,</LA></DD><DT>3.</DT><DD Font="normal"><LA Size="normal">Wirtschafts- und Sozialkunde,</LA></DD><DT>4.</DT><DD Font="normal"><LA Size="normal">Durchführung von Schutz- und Sicherheitsmaßnahmen.</LA></DD></DL></P><P>(4) Für den Prüfungsbereich Situationsgerechtes Verhalten und Handeln bestehen folgende Vorgaben: <DL Font="normal" Type="arabic"><DT>1.</DT><DD Font="normal"><LA Size="normal">Der Prüfling soll nachweisen, dass er <DL Font="normal" Type="alpha"><DT>a)</DT><DD Font="normal"><LA Size="normal">Gefährdungs- und Konfliktpotenziale feststellen und bewerten sowie sein Verhalten und Handeln entsprechend anpassen,</LA></DD><DT>b)</DT><DD Font="normal"><LA Size="normal">Möglichkeiten der Teamarbeit und Kommunikation nutzen,</LA></DD><DT>c)</DT><DD Font="normal"><LA Size="normal">Tätermotive und -verhalten beurteilen,</LA></DD><DT>d)</DT><DD Font="normal"><LA Size="normal">Maßnahmen zum Eigenschutz ergreifen und Methoden der Deeskalation anwenden sowie</LA></DD><DT>e)</DT><DD Font="normal"><LA Size="normal">bei Unfällen und Zwischenfällen erforderliche Hilfsmaßnahmen einleiten</LA></DD></DL>kann;</LA></DD><DT>2.</DT><DD Font="normal"><LA Size="normal">der Prüfling soll berufstypische Aufgaben schriftlich bearbeiten;</LA></DD><DT>3.</DT><DD Font="normal"><LA Size="normal">die Prüfungszeit beträgt 60 Minuten.</LA></DD></DL></P><P>(5) Für den Prüfungsbereich Anwendung von Rechtsgrundlagen für Sicherheitsdienste bestehen folgende Vorgaben: <DL Font="normal" Type="arabic"><DT>1.</DT><DD Font="normal"><LA Size="normal">Der Prüfling soll nachweisen, dass er <DL Font="normal" Type="alpha"><DT>a)</DT><DD Font="normal"><LA Size="normal">Gefährdungssituationen und Rechtsverstöße erkennen und rechtlich bewerten sowie</LA></DD><DT>b)</DT><DD Font="normal"><LA Size="normal">Handlungsmöglichkeiten unter Berücksichtigung der Rechte von Personen und Institutionen darstellen</LA></DD></DL>kann;</LA></DD><DT>2.</DT><DD Font="normal"><LA Size="normal">der Prüfling soll berufstypische Aufgaben schriftlich bearbeiten;</LA></DD><DT>3.</DT><DD Font="normal"><LA Size="normal">die Prüfungszeit beträgt 90 Minuten.</LA></DD></DL></P><P>(6) Für den Prüfungsbereich Wirtschafts- und Sozialkunde bestehen folgende Vorgaben: <DL Font="normal" Type="arabic"><DT>1.</DT><DD Font="normal"><LA Size="normal">Der Prüfling soll nachweisen, dass er allgemeine wirtschaftliche und gesellschaftliche Zusammenhänge der Berufs- und Arbeitswelt darstellen und beurteilen kann;</LA></DD><DT>2.</DT><DD Font="normal"><LA Size="normal">der Prüfling soll Aufgaben schriftlich bearbeiten;</LA></DD><DT>3.</DT><DD Font="normal"><LA Size="normal">die Prüfungszeit beträgt 45 Minuten.</LA></DD></DL></P><P>(7) Für den Prüfungsbereich Durchführung von Schutz- und Sicherheitsmaßnahmen bestehen folgende Vorgaben: <DL Font="normal" Type="arabic"><DT>1.</DT><DD Font="normal"><LA Size="normal">Der Prüfling soll nachweisen, dass er <DL Font="normal" Type="alpha"><DT>a)</DT><DD Font="normal"><LA Size="normal">Gefährdungspotenziale im operativen Einsatz beurteilen,</LA></DD><DT>b)</DT><DD Font="normal"><LA Size="normal">die Funktionsweise von sicherheitstechnischen Einrichtungen darstellen,</LA></DD><DT>c)</DT><DD Font="normal"><LA Size="normal">Sicherheitsbestimmungen berücksichtigen sowie</LA></DD><DT>d)</DT><DD Font="normal"><LA Size="normal">die Einhaltung von Arbeits-, Brand- und Umweltschutz sowie Vorschriften des Daten- und Informationsschutzes feststellen und bei Mängeln Maßnahmen einleiten</LA></DD></DL>kann;</LA></DD><DT>2.</DT><DD Font="normal"><LA Size="normal">der Prüfling soll berufstypische Aufgaben schriftlich bearbeiten;</LA></DD><DT>3.</DT><DD Font="normal"><LA Size="normal">die Prüfungszeit beträgt 45 Minuten;</LA></DD><DT>4.</DT><DD Font="normal"><LA Size="normal">der Prüfling soll ferner nachweisen, dass er <DL Font="normal" Type="alpha"><DT>a)</DT><DD Font="normal"><LA Size="normal">Maßnahmen der Sicherung und präventiven Gefahrenabwehr durchführen einschließlich melden und berichten,</LA></DD><DT>b)</DT><DD Font="normal"><LA Size="normal">kunden- und serviceorientiert handeln und kommunizieren sowie</LA></DD><DT>c)</DT><DD Font="normal"><LA Size="normal">qualitätssichernde Maßnahmen umsetzen</LA></DD></DL>kann;</LA></DD><DT>5.</DT><DD Font="normal"><LA Size="normal">der Prüfling soll ein fallbezogenes Fachgespräch führen; Grundlage des Fachgesprächs ist eine von zwei von ihm durchgeführten und dokumentierten betrieblichen Aufgaben aus seinem Einsatzbereich; die Dokumentationen sollen eine Beschreibung der Aufgabenstellung, der Vorgehensweise bei der Ausführung sowie eine Bewertung des Ergebnisses beinhalten; jede Dokumentation soll drei Seiten nicht überschreiten; betriebsübliche Unterlagen sind beizufügen; die Dokumentationen sind dem Prüfungsausschuss vor der Durchführung der Prüfung zuzuleiten; hieraus wählt der Prüfungsausschuss eine aus; der Ausbildende hat zu bestätigen, dass die Aufgaben von dem Prüfling im Betrieb selbstständig durchgeführt worden sind; die Dokumentation wird nicht bewertet;</LA></DD><DT>6.</DT><DD Font="normal"><LA Size="normal">die Prüfungszeit für das fallbezogene Fachgespräch beträgt höchstens 20 Minuten;</LA></DD><DT>7.</DT><DD Font="normal"><LA Size="normal">das Ergebnis der schriftlichen Aufgabenbearbeitung ist mit 30 Prozent, das fallbezogene Fachgespräch mit 70 Prozent zu gewichten.</LA></DD></DL></P><P>(8) Die einzelnen Prüfungsbereiche sind wie folgt zu gewichten: <BR/><BR/><table frame="none" pgwide="1" tocentry="%yes;"><tgroup align="left" char="" charoff="50" cols="4"><colspec colname="col1" colwidth="1.36cm"/><colspec colname="col2" colwidth="8.60cm"/><colspec colname="col3" colwidth="2.18cm"/><colspec colname="col4" colwidth="15.08cm"/><tbody valign="top"><row><entry VJ="1" align="left" colsep="0" rowsep="0" valign="top">1.</entry><entry VJ="1" align="left" colsep="0" rowsep="0" valign="top">Prüfungsbereich Situationsgerechtes<BR/> Verhalten und Handeln</entry><entry VJ="1" align="left" colsep="0" rowsep="0" valign="top"/><entry VJ="1" align="left" colsep="0" rowsep="0" valign="top">20 Prozent,</entry></row><row><entry VJ="1" align="left" colsep="0" rowsep="0" valign="top">2.</entry><entry VJ="1" align="left" colsep="0" rowsep="0" valign="top">Prüfungsbereich Anwendung von Rechtsgrundlagen für<BR/> Sicherheitsdienste</entry><entry VJ="1" align="left" colsep="0" rowsep="0" valign="top"/><entry VJ="1" align="left" colsep="0" rowsep="0" valign="top">30 Prozent,</entry></row><row><entry VJ="1" align="left" colsep="0" rowsep="0" valign="top">3.</entry><entry VJ="1" align="left" colsep="0" rowsep="0" valign="top">Prüfungsbereich Wirtschafts- und Sozialkunde</entry><entry VJ="1" align="left" colsep="0" rowsep="0" valign="top"/><entry VJ="1" align="left" colsep="0" rowsep="0" valign="top">10 Prozent,</entry></row><row><entry VJ="1" align="left" colsep="0" rowsep="0" valign="top">4.</entry><entry VJ="1" align="left" colsep="0" rowsep="0" valign="top">Prüfungsbereich Durchführung von<BR/> Schutz- und Sicherheitsmaßnahmen</entry><entry VJ="1" align="left" colsep="0" rowsep="0" valign="top"/><entry VJ="1" align="left" colsep="0" rowsep="0" valign="top">40 Prozent.<BR/></entry></row></tbody></tgroup></table></P><P>(9) Die Abschlussprüfung ist bestanden, wenn die Leistungen <DL Font="normal" Type="arabic"><DT>1.</DT><DD Font="normal"><LA Size="normal">im Gesamtergebnis mit mindestens „ausreichend“,</LA></DD><DT>2.</DT><DD Font="normal"><LA Size="normal">in dem Prüfungsbereich Anwendung von Rechtsgrundlagen für Sicherheitsdienste mit mindestens „ausreichend“,</LA></DD><DT>3.</DT><DD Font="normal"><LA Size="normal">in mindestens zwei der übrigen Prüfungsbereiche mit mindestens „ausreichend“ und</LA></DD><DT>4.</DT><DD Font="normal"><LA Size="normal">in keinem Prüfungsbereich mit „ungenügend“</LA></DD></DL>bewertet worden sind.</P><P>(10) Auf Antrag des Prüflings ist die Prüfung in einem der mit schlechter als „ausreichend“ bewerteten Prüfungsbereiche, in denen Prüfungsleistungen mit eigener Anforderung und Gewichtung schriftlich zu erbringen sind, durch eine mündliche Prüfung von etwa 15 Minuten zu ergänzen, wenn dies für das Bestehen der Prüfung den Ausschlag geben kann. Bei der Ermittlung des Ergebnisses für diesen Prüfungsbereich sind das bisherige Ergebnis und das Ergebnis der mündlichen Ergänzungsprüfung im Verhältnis von 2 : 1 zu gewichten.</P></Content></text></textdaten></norm>
<norm builddate="20210615213141" doknr="BJNR094000008BJNE000800000"><metadaten><jurabk>SchSiServAusbV</jurabk><enbez>§ 7</enbez><titel format="XML">Fortsetzung der Berufsausbildung</titel></metadaten><textdaten><text format="XML"><Content><P>Die erfolgreich abgeschlossene Berufsausbildung im Ausbildungsberuf „Servicekraft für Schutz und Sicherheit“ kann im Ausbildungsberuf „Fachkraft für Schutz und Sicherheit“ nach den Vorschriften für das dritte Ausbildungsjahr fortgesetzt werden.</P></Content></text></textdaten></norm>
<norm builddate="20210615213141" doknr="BJNR094000008BJNE000900000"><metadaten><jurabk>SchSiServAusbV</jurabk><enbez>§ 8</enbez><titel format="XML">Inkrafttreten</titel></metadaten><textdaten><text format="XML"><Content><P>Diese Verordnung tritt am 1. August 2008 in Kraft.</P></Content></text></textdaten></norm>
<norm builddate="20210615213141" doknr="BJNR094000008BJNE001100000"><metadaten><jurabk>SchSiServAusbV</jurabk><enbez>Anlage</enbez><titel format="XML">(zu § 3)<BR/>Ausbildungsrahmenplan für die Berufsausbildung zur Servicekraft für Schutz und Sicherheit</titel></metadaten><textdaten><text format="XML"><Content><kommentar typ="Fundstelle">(Fundstelle: BGBl. I 2008, 943 - 946)</kommentar><BR/><table frame="topbot" tabstyle="Ausbildung" tocentry="%yes;"><Title Align="auto" Class="S1">Abschnitt A: Berufsprofilgebende Fertigkeiten, Kenntnisse und Fähigkeiten</Title><tgroup align="left" char="" charoff="50" cols="5" colsep="1" rowsep="1"><colspec colname="col1" colnum="1" colwidth=".75*"/><colspec colname="col2" colnum="2" colwidth="4.5*"/><colspec colname="col3" colnum="3" colwidth="8.5*"/><colspec align="center" colname="col4" colnum="4" colsep="1" colwidth="1.5*"/><colspec align="center" colname="col5" colnum="5" colwidth="1.5*"/><thead valign="bottom"><row><entry VJ="1" align="center" colname="col1" colsep="1" morerows="1" rowsep="1" valign="middle">Lfd.<BR/> Nr.</entry><entry VJ="1" align="center" colname="col2" colsep="1" morerows="1" rowsep="1" valign="middle">Teil des<BR/> Ausbildungsberufsbildes</entry><entry VJ="1" align="center" colname="col3" colsep="1" morerows="1" rowsep="1" valign="middle">Zu vermittelnde<BR/> Fertigkeiten, Kenntnisse und Fähigkeiten</entry><entry VJ="1" align="center" colsep="1" nameend="col5" namest="col4" rowsep="1" valign="middle">Zeitliche Richtwerte<BR/> in Wochen<BR/> im Ausbildungsjahr</entry></row><row><entry VJ="1" align="center" colname="col4" colsep="1" rowsep="1" valign="middle">1</entry><entry VJ="1" align="center" colname="col5" colsep="1" rowsep="1" valign="middle">2</entry></row><row><entry VJ="1" align="center" colname="col1" colsep="1" rowsep="1" valign="middle">1</entry><entry VJ="1" align="center" colname="col2" colsep="1" rowsep="1" valign="middle">2</entry><entry VJ="1" align="center" colname="col3" colsep="1" rowsep="1" valign="middle">3</entry><entry VJ="1" align="center" colsep="1" nameend="col5" namest="col4" rowsep="1" valign="middle">4</entry></row></thead><tbody valign="top"><row><entry VJ="1" align="center" colname="col1" colsep="1" morerows="1" rowsep="1" valign="top">1</entry><entry VJ="1" align="left" colname="col2" colsep="1" morerows="1" rowsep="1" valign="top">Rechtsgrundlagen<BR/> für Sicherheitsdienste<BR/> (§ 3 Abs. 2 Abschnitt A Nr. 1)</entry><entry VJ="1" align="justify" colname="col3" colsep="1" rowsep="1" valign="top"><DL Font="normal" Type="alpha"><DT>a)</DT><DD Font="normal"><LA Size="normal">Rechtsgrundlagen des Handlungsrahmens für Sicherheitsdienste beachten und anwenden</LA></DD></DL></entry><entry VJ="1" align="center" colname="col4" colsep="1" rowsep="1" valign="middle">8</entry><entry VJ="1" align="center" colname="col5" colsep="1" rowsep="1" valign="middle"/></row><row><entry VJ="1" align="justify" colname="col3" colsep="1" rowsep="1" valign="top"><DL Font="normal" Type="alpha"><DT>b)</DT><DD Font="normal"><LA Size="normal">Rechte von Personen und Institutionen beachten</LA></DD><DT>c)</DT><DD Font="normal"><LA Size="normal">Gefährdungssituationen rechtlich bewerten</LA></DD><DT>d)</DT><DD Font="normal"><LA Size="normal">Rechtsverstöße erkennen und beurteilen</LA></DD></DL></entry><entry VJ="1" align="center" colname="col4" colsep="1" rowsep="1" valign="middle"/><entry VJ="1" align="center" colname="col5" colsep="1" rowsep="1" valign="middle">10</entry></row><row><entry VJ="1" align="center" colname="col1" colsep="1" rowsep="1" valign="top">2</entry><entry VJ="1" align="left" colname="col2" colsep="1" rowsep="1" valign="top">Sicherheitsdienste<BR/> (§ 3 Abs. 2 Abschnitt A Nr. 2)</entry><entry VJ="1" align="justify" colname="col3" colsep="1" rowsep="1" valign="top"/><entry VJ="1" align="center" colname="col4" colsep="1" rowsep="1" valign="middle"/><entry VJ="1" align="center" colname="col5" colsep="1" rowsep="1" valign="middle"/></row><row><entry VJ="1" align="center" colname="col1" colsep="1" rowsep="1" valign="top">2.1</entry><entry VJ="1" align="left" colname="col2" colsep="1" rowsep="1" valign="top">Sicherheitsbereiche<BR/> (§ 3 Abs. 2 Abschnitt A Nr. 2.1)</entry><entry VJ="1" align="justify" colname="col3" colsep="1" rowsep="1" valign="top"><DL Font="normal" Type="alpha"><DT>a)</DT><DD Font="normal"><LA Size="normal">Sicherheitsdienste in den gesamtwirtschaftlichen Zusammenhang einordnen</LA></DD><DT>b)</DT><DD Font="normal"><LA Size="normal">Aufgaben, Organisation und Leistungen der unterschiedlichen Sicherheitsbereiche beschreiben und Schnittstellen darstellen</LA></DD><DT>c)</DT><DD Font="normal"><LA Size="normal">Stellung des Ausbildungsbetriebes innerhalb der Sicherheitsdienste bewerten</LA></DD></DL></entry><entry VJ="1" align="center" colname="col4" colsep="1" rowsep="1" valign="middle">4</entry><entry VJ="1" align="center" colname="col5" colsep="1" rowsep="1" valign="middle"/></row><row><entry VJ="1" align="center" colname="col1" colsep="1" rowsep="1" valign="top">2.2</entry><entry VJ="1" align="left" colname="col2" colsep="1" rowsep="1" valign="top">Arbeitsorganisation;<BR/> Informations- und<BR/> Kommunikationstechnik<BR/> (§ 3 Abs. 2 Abschnitt A Nr. 2.2)</entry><entry VJ="1" align="justify" colname="col3" colsep="1" rowsep="1" valign="top"><DL Font="normal" Type="alpha"><DT>a)</DT><DD Font="normal"><LA Size="normal">Kommunikations- und Informationstechnik aufgabenbezogen nutzen</LA></DD><DT>b)</DT><DD Font="normal"><LA Size="normal">Arbeits- und Organisationsmittel sowie Lern- und Arbeitstechniken einsetzen</LA></DD><DT>c)</DT><DD Font="normal"><LA Size="normal">Standardsoftware und betriebsspezifische Software anwenden</LA></DD><DT>d)</DT><DD Font="normal"><LA Size="normal">Daten sichern und pflegen</LA></DD><DT>e)</DT><DD Font="normal"><LA Size="normal">Regelungen zum Datenschutz anwenden</LA></DD><DT>f)</DT><DD Font="normal"><LA Size="normal">Dienst- und Arbeitsanweisungen beachten</LA></DD><DT>g)</DT><DD Font="normal"><LA Size="normal">Dokumentationen anfertigen, beim Melde- und Berichtswesen mitwirken</LA></DD></DL></entry><entry VJ="1" align="center" colname="col4" colsep="1" rowsep="1" valign="middle">5</entry><entry VJ="1" align="center" colname="col5" colsep="1" rowsep="1" valign="middle"/></row><row><entry VJ="1" align="center" colname="col1" colsep="1" rowsep="1" valign="top">2.3</entry><entry VJ="1" align="left" colname="col2" colsep="1" rowsep="1" valign="top">Qualitätssichernde<BR/> Maßnahmen<BR/> (§ 3 Abs. 2 Abschnitt A Nr. 2.3)</entry><entry VJ="1" align="justify" colname="col3" colsep="1" rowsep="1" valign="top"><DL Font="normal" Type="alpha"><DT>a)</DT><DD Font="normal"><LA Size="normal">Ziele, Aufgaben und Methoden des betrieblichen Qualitätsmanagements berücksichtigen</LA></DD><DT>b)</DT><DD Font="normal"><LA Size="normal">qualitätssichernde Maßnahmen im eigenen Arbeitsbereich anwenden, dabei zur kontinuierlichen Verbesserung von Arbeitsprozessen beitragen</LA></DD><DT>c)</DT><DD Font="normal"><LA Size="normal">den Zusammenhang zwischen Qualität und Kundenzufriedenheit beachten und die Auswirkungen auf das Betriebsergebnis berücksichtigen</LA></DD></DL></entry><entry VJ="1" align="center" colname="col4" colsep="1" rowsep="1" valign="middle"/><entry VJ="1" align="center" colname="col5" colsep="1" rowsep="1" valign="middle">2</entry></row><row><entry VJ="1" align="center" colname="col1" colsep="1" rowsep="1" valign="top">3</entry><entry VJ="1" align="left" colname="col2" colsep="1" rowsep="1" valign="top">Kommunikation<BR/> und Kooperation<BR/> (§ 3 Abs. 2 Abschnitt A Nr. 3)</entry><entry VJ="1" align="justify" colname="col3" colsep="1" rowsep="1" valign="top"/><entry VJ="1" align="center" colname="col4" colsep="1" rowsep="1" valign="middle"/><entry VJ="1" align="center" colname="col5" colsep="1" rowsep="1" valign="middle"/></row><row><entry VJ="1" align="center" colname="col1" colsep="1" morerows="1" rowsep="1" valign="top">3.1</entry><entry VJ="1" align="left" colname="col2" colsep="1" morerows="1" rowsep="1" valign="top">Teamarbeit und Kooperation<BR/> (§ 3 Abs. 2 Abschnitt A Nr. 3.1)</entry><entry VJ="1" align="justify" colname="col3" colsep="1" rowsep="1" valign="top"><DL Font="normal" Type="alpha"><DT>a)</DT><DD Font="normal"><LA Size="normal">Möglichkeiten der Teamarbeit nutzen und gegenseitige Informationen gewährleisten</LA></DD><DT>b)</DT><DD Font="normal"><LA Size="normal">Kommunikationsregeln anwenden; bei Kommunikationsstörungen Lösungsmöglichkeiten aufzeigen</LA></DD><DT>c)</DT><DD Font="normal"><LA Size="normal">interne und externe Kooperationsprozesse beachten, Kommunikationswege nutzen</LA></DD></DL></entry><entry VJ="1" align="center" colname="col4" colsep="1" rowsep="1" valign="middle">2</entry><entry VJ="1" align="center" colname="col5" colsep="1" rowsep="1" valign="middle"/></row><row><entry VJ="1" align="justify" colname="col3" colsep="1" rowsep="1" valign="top"><DL Font="normal" Type="alpha"><DT>d)</DT><DD Font="normal"><LA Size="normal">Selbst- und Zeitmanagement in der Teamarbeit beachten</LA></DD><DT>e)</DT><DD Font="normal"><LA Size="normal">Auswirkungen von Information und Kommunikation auf Betriebsklima und Arbeitsleistung beachten</LA></DD></DL></entry><entry VJ="1" align="center" colname="col4" colsep="1" rowsep="1" valign="middle"/><entry VJ="1" align="center" colname="col5" colsep="1" rowsep="1" valign="middle">2</entry></row><row><entry VJ="1" align="center" colname="col1" colsep="1" morerows="1" rowsep="1" valign="top">3.2</entry><entry VJ="1" align="left" colname="col2" colsep="1" morerows="1" rowsep="1" valign="top">Kundenorientierte<BR/> Kommunikation<BR/> (§ 3 Abs. 2 Abschnitt A Nr. 3.2)</entry><entry VJ="1" align="justify" colname="col3" colsep="1" rowsep="1" valign="top"><DL Font="normal" Type="alpha"><DT>a)</DT><DD Font="normal"><LA Size="normal">über Sicherheitsbestimmungen und Sicherheitsdienstleistungen informieren</LA></DD><DT>b)</DT><DD Font="normal"><LA Size="normal">Auskünfte auch in einer Fremdsprache erteilen</LA></DD></DL></entry><entry VJ="1" align="center" colname="col4" colsep="1" rowsep="1" valign="middle">3</entry><entry VJ="1" align="center" colname="col5" colsep="1" rowsep="1" valign="middle"/></row><row><entry VJ="1" align="justify" colname="col3" colsep="1" rowsep="1" valign="top"><DL Font="normal" Type="alpha"><DT>c)</DT><DD Font="normal"><LA Size="normal">Auswirkungen von Information und Kommunikation mit dem Kunden auf den Geschäftserfolg berücksichtigen</LA></DD><DT>d)</DT><DD Font="normal"><LA Size="normal">Kundenkontakte herstellen, nutzen und pflegen</LA></DD><DT>e)</DT><DD Font="normal"><LA Size="normal">Kommunikationsmittel und -regeln im Umgang mit dem Kunden situationsgerecht anwenden</LA></DD><DT>f)</DT><DD Font="normal"><LA Size="normal">Zufriedenheit von Kunden überprüfen; Beschwerden weiterleiten</LA></DD></DL></entry><entry VJ="1" align="center" colname="col4" colsep="1" rowsep="1" valign="middle"/><entry VJ="1" align="center" colname="col5" colsep="1" rowsep="1" valign="middle">4</entry></row><row><entry VJ="1" align="left" colname="col1" colsep="1" morerows="1" rowsep="1" valign="top">4</entry><entry VJ="1" align="left" colname="col2" colsep="1" morerows="1" rowsep="1" valign="top">Schutz und Sicherheit<BR/> (§ 3 Abs. 2 Abschnitt A Nr. 4)</entry><entry VJ="1" align="left" colname="col3" colsep="1" rowsep="1" valign="top"><DL Font="normal" Type="alpha"><DT>a)</DT><DD Font="normal"><LA Size="normal">Maßnahmen zur präventiven Gefahrenabwehr durchführen</LA></DD><DT>b)</DT><DD Font="normal"><LA Size="normal">Gefährdungspotenziale im operativen Einsatz beurteilen und Sicherungsmaßnahmen einleiten</LA></DD><DT>c)</DT><DD Font="normal"><LA Size="normal">Sicherheitsbestimmungen anwenden</LA></DD><DT>d)</DT><DD Font="normal"><LA Size="normal">Wirkungsweise und Gefährdungspotenzial von Waffen, gefährlichen Gegenständen und Stoffen identifizieren</LA></DD></DL></entry><entry VJ="1" align="center" colname="col4" colsep="1" rowsep="1" valign="middle">10</entry><entry VJ="1" align="left" colname="col5" colsep="1" rowsep="1" valign="top"/></row><row><entry VJ="1" align="left" colname="col3" colsep="1" rowsep="1" valign="top"><DL Font="normal" Type="alpha"><DT>e)</DT><DD Font="normal"><LA Size="normal">Einhaltung objektbezogener Arbeitsschutzvorschriften überprüfen, Arbeitsschutzeinrichtungen überwachen und bei Mängeln Maßnahmen einleiten</LA></DD><DT>f)</DT><DD Font="normal"><LA Size="normal">Einhaltung von Brandschutzvorschriften überprüfen, Brandschutzeinrichtungen überwachen und bei Mängeln Maßnahmen einleiten</LA></DD><DT>g)</DT><DD Font="normal"><LA Size="normal">Einhaltung objektbezogener Umweltschutzvorschriften überprüfen, Umweltschutzeinrichtungen überwachen und bei Mängeln Maßnahmen einleiten</LA></DD><DT>h)</DT><DD Font="normal"><LA Size="normal">Vorschriften zum Datenschutz und zur Datensicherheit beachten; Schutz betriebsinterner Daten überwachen</LA></DD><DT>i)</DT><DD Font="normal"><LA Size="normal">Großschadensereignisse erkennen und situationsbezogene Maßnahmen berücksichtigen</LA></DD></DL></entry><entry VJ="1" align="left" colname="col4" colsep="1" rowsep="1" valign="middle"/><entry VJ="1" align="left" colname="col5" colsep="1" rowsep="1" valign="middle">19</entry></row><row><entry VJ="1" align="left" colname="col1" colsep="1" morerows="1" rowsep="1" valign="top">5</entry><entry VJ="1" align="left" colname="col2" colsep="1" morerows="1" rowsep="1" valign="top">Verhalten und Handeln<BR/> bei Schutz- und<BR/> Sicherheitsmaßnahmen<BR/> (§ 3 Abs. 2 Abschnitt A Nr. 5)</entry><entry VJ="1" align="left" colname="col3" colsep="1" rowsep="1" valign="top"><DL Font="normal" Type="alpha"><DT>a)</DT><DD Font="normal"><LA Size="normal">Wirkung des eigenen Verhaltens auf Betroffene und die Öffentlichkeit berücksichtigen</LA></DD><DT>b)</DT><DD Font="normal"><LA Size="normal">Konfliktpotenziale feststellen und bewerten, Verhalten anpassen und Maßnahmen zur Konfliktvermeidung oder -bewältigung ergreifen</LA></DD><DT>c)</DT><DD Font="normal"><LA Size="normal">Methoden der Deeskalation anwenden</LA></DD><DT>d)</DT><DD Font="normal"><LA Size="normal">ordnende Anweisungen erteilen, auch in englischer Sprache</LA></DD><DT>e)</DT><DD Font="normal"><LA Size="normal">Maßnahmen zum Eigenschutz ergreifen</LA></DD><DT>f)</DT><DD Font="normal"><LA Size="normal">Hilfsmaßnahmen einleiten und Erstmaßnahmen durchführen</LA></DD><DT>g)</DT><DD Font="normal"><LA Size="normal">Unfälle und Zwischenfälle melden, insbesondere Angaben zu Verletzten, Schäden und Gefahren</LA></DD></DL></entry><entry VJ="1" align="left" colname="col4" colsep="1" rowsep="1" valign="middle">17</entry><entry VJ="1" align="left" colname="col5" colsep="1" rowsep="1" valign="middle"/></row><row><entry VJ="1" align="left" colname="col3" colsep="1" rowsep="1" valign="top"><DL Font="normal" Type="alpha"><DT>h)</DT><DD Font="normal"><LA Size="normal">Verhaltensnormen und -muster von Personen und Gruppen situationsabhängig berücksichtigen</LA></DD><DT>i)</DT><DD Font="normal"><LA Size="normal">Tätermotive und -verhalten beurteilen; Besonderheiten von Tätergruppen berücksichtigen</LA></DD></DL></entry><entry VJ="1" align="left" colname="col4" colsep="1" rowsep="1" valign="middle"/><entry VJ="1" align="left" colname="col5" colsep="1" rowsep="1" valign="middle">3</entry></row><row><entry VJ="1" align="left" colname="col1" colsep="1" morerows="1" rowsep="1" valign="top">6</entry><entry VJ="1" align="left" colname="col2" colsep="1" morerows="1" rowsep="1" valign="top">Sicherheitstechnische<BR/> Einrichtungen und<BR/> Hilfsmittel<BR/> (§ 3 Abs. 2 Abschnitt A Nr. 6)</entry><entry VJ="1" align="left" colname="col3" colsep="1" rowsep="1" valign="top"><DL Font="normal" Type="alpha"><DT>a)</DT><DD Font="normal"><LA Size="normal">technische Hilfsmittel auswählen, handhaben, pflegen und deren Funktionsfähigkeit prüfen</LA></DD></DL></entry><entry VJ="1" align="left" colname="col4" colsep="1" rowsep="1" valign="middle">3</entry><entry VJ="1" align="left" colname="col5" colsep="1" rowsep="1" valign="middle"/></row><row><entry VJ="1" align="left" colname="col3" colsep="1" rowsep="1" valign="top"><DL Font="normal" Type="alpha"><DT>b)</DT><DD Font="normal"><LA Size="normal">Funktionsweise von sicherheitstechnischen Einrichtungen darstellen</LA></DD><DT>c)</DT><DD Font="normal"><LA Size="normal">Bedienelemente sowie Leitstellen- und Kommunikationstechnik handhaben, Kontrollinstrumente ablesen, Informationen auswerten und Maßnahmen ergreifen</LA></DD></DL></entry><entry VJ="1" align="left" colname="col4" colsep="1" rowsep="1" valign="middle"/><entry VJ="1" align="left" colname="col5" colsep="1" rowsep="1" valign="middle">12</entry></row></tbody></tgroup></table><table frame="topbot" tabstyle="Ausbildung1" tocentry="%yes;"><Title Align="auto" Class="S1">Abschnitt B: Integrative Fertigkeiten, Kenntnisse und Fähigkeiten</Title><tgroup align="left" char="" charoff="50" cols="5" colsep="1" rowsep="1"><colspec colname="col1" colnum="1" colwidth=".75*"/><colspec colname="col2" colnum="2" colwidth="4.5*"/><colspec colname="col3" colnum="3" colwidth="8.5*"/><colspec align="center" colname="col4" colnum="4" colsep="1" colwidth="1.5*"/><colspec align="center" colname="col5" colnum="5" colwidth="1.5*"/><thead valign="bottom"><row><entry VJ="1" align="center" colname="col1" colsep="1" morerows="1" rowsep="1" valign="middle">Lfd.<BR/> Nr.</entry><entry VJ="1" align="center" colname="col2" colsep="1" morerows="1" rowsep="1" valign="middle">Teil des<BR/> Ausbildungsberufsbildes</entry><entry VJ="1" align="center" colname="col3" colsep="1" morerows="1" rowsep="1" valign="middle">Zu vermittelnde<BR/> Fertigkeiten, Kenntnisse und Fähigkeiten</entry><entry VJ="1" align="center" colsep="1" nameend="col5" namest="col4" rowsep="1" valign="middle">Zeitliche Richtwerte<BR/> in Wochen<BR/> im Ausbildungsjahr</entry></row><row><entry VJ="1" align="center" colname="col4" colsep="1" rowsep="1" valign="middle">1</entry><entry VJ="1" align="center" colname="col5" colsep="0" valign="middle">2</entry></row><row><entry VJ="1" align="center" colname="col1" colsep="1" rowsep="1" valign="middle">1</entry><entry VJ="1" align="center" colname="col2" colsep="1" rowsep="1" valign="middle">2</entry><entry VJ="1" align="center" colname="col3" colsep="1" rowsep="1" valign="middle">3</entry><entry VJ="1" align="center" colsep="1" nameend="col5" namest="col4" rowsep="1" valign="middle">4</entry></row></thead><tbody valign="top"><row><entry VJ="1" align="left" colname="col1" colsep="1" rowsep="1" valign="top">1</entry><entry VJ="1" align="left" colname="col2" colsep="1" rowsep="1" valign="top">Berufsbildung,<BR/> Arbeits- und Tarifrecht<BR/> (§ 3 Abs. 2 Abschnitt B Nr. 1)</entry><entry VJ="1" align="left" colname="col3" colsep="1" rowsep="1" valign="top"><DL Font="normal" Type="alpha"><DT>a)</DT><DD Font="normal"><LA Size="normal">Bedeutung des Ausbildungsvertrages, insbesondere Abschluss, Dauer und Beendigung, erklären</LA></DD><DT>b)</DT><DD Font="normal"><LA Size="normal">gegenseitige Rechte und Pflichten aus dem Ausbildungsvertrag nennen</LA></DD><DT>c)</DT><DD Font="normal"><LA Size="normal">Möglichkeiten der beruflichen Fortbildung nennen</LA></DD><DT>d)</DT><DD Font="normal"><LA Size="normal">wesentliche Teile des Arbeitsvertrages nennen</LA></DD><DT>e)</DT><DD Font="normal"><LA Size="normal">wesentliche Bestimmungen der für den ausbildenden Betrieb geltenden Tarifverträge nennen</LA></DD></DL></entry><entry VJ="1" align="left" colname="col4" colsep="1" nameend="col5" namest="col4" rowsep="1" valign="bottom"/></row><row><entry VJ="1" align="left" colname="col1" colsep="1" morerows="1" rowsep="1" valign="top">2</entry><entry VJ="1" align="left" colname="col2" colsep="1" morerows="1" rowsep="1" valign="top">Aufbau und Organisation<BR/> des Ausbildungsbetriebes<BR/> (§ 3 Abs. 2 Abschnitt B Nr. 2)</entry><entry VJ="1" align="left" colname="col3" colsep="1" rowsep="1" valign="top"><DL Font="normal" Type="alpha"><DT>a)</DT><DD Font="normal"><LA Size="normal">Aufbau und Aufgaben des ausbildenden Betriebes erläutern</LA></DD><DT>b)</DT><DD Font="normal"><LA Size="normal">Grundfunktionen des ausbildenden Betriebes wie Angebot, Beschaffung, Absatz und Verwaltung erklären</LA></DD></DL></entry><entry VJ="1" align="left" colname="col4" colsep="1" nameend="col5" namest="col4" rowsep="1" valign="bottom"/></row><row><entry VJ="1" align="left" colname="col3" colsep="1" rowsep="1" valign="top"><DL Font="normal" Type="alpha"><DT>c)</DT><DD Font="normal"><LA Size="normal">Beziehungen des ausbildenden Betriebes und seiner Beschäftigten zu Wirtschaftsorganisationen, Berufsvertretungen und Gewerkschaften darstellen</LA></DD><DT>d)</DT><DD Font="normal"><LA Size="normal">Grundlagen, Aufgaben und Arbeitsweise der betriebsverfassungs- oder personalvertretungsrechtlichen Organe des ausbildenden Betriebes beschreiben</LA></DD></DL></entry><entry VJ="1" align="left" colname="col4" colsep="1" nameend="col5" namest="col4" rowsep="1" valign="bottom"/></row><row><entry VJ="1" align="left" colname="col1" colsep="1" rowsep="1" valign="top">3</entry><entry VJ="1" align="left" colname="col2" colsep="1" rowsep="1" valign="top">Sicherheit und<BR/> Gesundheitsschutz<BR/> bei der Arbeit<BR/> (§ 3 Abs. 2 Abschnitt B Nr. 3)</entry><entry VJ="1" align="left" colname="col3" colsep="1" rowsep="1" valign="top"><DL Font="normal" Type="alpha"><DT>a)</DT><DD Font="normal"><LA Size="normal">Gefährdung von Sicherheit und Gesundheit am Arbeitsplatz feststellen und Maßnahmen zu ihrer Vermeidung ergreifen</LA></DD><DT>b)</DT><DD Font="normal"><LA Size="normal">berufsbezogene Arbeitsschutz- und Unfallverhütungsvorschriften anwenden</LA></DD><DT>c)</DT><DD Font="normal"><LA Size="normal">Verhaltensweisen bei Unfällen beschreiben sowie erste Maßnahmen einleiten</LA></DD><DT>d)</DT><DD Font="normal"><LA Size="normal">Vorschriften des vorbeugenden Brandschutzes anwenden; Verhaltensweisen bei Bränden beschreiben und Maßnahmen zur Brandbekämpfung ergreifen</LA></DD></DL></entry><entry VJ="1" align="left" colname="col4" colsep="1" nameend="col5" namest="col4" rowsep="1" valign="top">während<BR/> der gesamten<BR/> Ausbildungszeit<BR/> zu vermitteln</entry></row><row><entry VJ="1" align="left" colname="col1" colsep="1" rowsep="1" valign="top">4</entry><entry VJ="1" align="left" colname="col2" colsep="1" rowsep="1" valign="top">Umweltschutz<BR/> (§ 3 Abs. 2 Abschnitt B Nr. 4)</entry><entry VJ="1" align="left" colname="col3" colsep="1" rowsep="1" valign="top">Zur Vermeidung betriebsbedingter Umweltbelastungen im beruflichen Einwirkungsbereich beitragen, insbesondere <DL Font="normal" Type="alpha"><DT>a)</DT><DD Font="normal"><LA Size="normal">mögliche Umweltbelastungen durch den Ausbildungsbetrieb und seinen Beitrag zum Umweltschutz an Beispielen erklären</LA></DD><DT>b)</DT><DD Font="normal"><LA Size="normal">für den Ausbildungsbetrieb geltende Regelungen des Umweltschutzes anwenden</LA></DD><DT>c)</DT><DD Font="normal"><LA Size="normal">Möglichkeiten der wirtschaftlichen und umweltschonenden Energie- und Materialverwendung nutzen</LA></DD><DT>d)</DT><DD Font="normal"><LA Size="normal">Abfälle vermeiden; Stoffe und Materialien einer umweltschonenden Entsorgung zuführen</LA></DD></DL></entry><entry VJ="1" align="left" colname="col4" colsep="1" nameend="col5" namest="col4" rowsep="1" valign="middle"/></row></tbody></tgroup></table></Content></text></textdaten></norm>
</dokumente>