<?xml version="1.0" encoding="UTF-8" ?><!DOCTYPE dokumente SYSTEM "http://www.gesetze-im-internet.de/dtd/1.01/gii-norm.dtd">
<dokumente builddate="20120625155255" doknr="BJNR293700007"><norm builddate="20120625155255" doknr="BJNR293700007"><metadaten><jurabk>WeißzuckerBhV</jurabk><ausfertigung-datum manuell="ja">2007-12-11</ausfertigung-datum><fundstelle typ="amtlich"><periodikum>BGBl I</periodikum><zitstelle>2007, 2937</zitstelle></fundstelle><langue>Verordnung über die Gewährung von Beihilfen für die private Lagerhaltung von Weißzucker</langue><standangabe checked="ja"><standtyp>Stand</standtyp><standkommentar>Zuletzt geändert durch Art. 2 Abs. 97 G v. 22.12.2011 I 3044</standkommentar></standangabe></metadaten><textdaten><fussnoten><Content><P><BR/> <pre xml:space="preserve">(+++ Textnachweis ab: 21.12.2007 +++)<BR/><BR/></pre></P></Content></fussnoten></textdaten></norm>
<norm builddate="20120625155255" doknr="BJNR293700007BJNE000100000"><metadaten><jurabk>WeißzuckerBhV</jurabk><enbez>Eingangsformel</enbez></metadaten><textdaten><text format="XML"><Content><P>Auf Grund des § 6 Abs. 1 Nr. 1 Buchstabe l, der §§ 15, 16 und 17 Abs. 2 Satz 3 und 4 sowie des § 31 Abs. 2 Satz 1 Nr. 2 des Gesetzes zur Durchführung der Gemeinsamen Marktorganisationen und der Direktzahlungen in der Fassung der Bekanntmachung vom 24. Juni 2005 (BGBl. I S. 1847), von denen § 31 Abs. 2 durch Artikel 34 des Gesetzes vom 13. April 2006 (BGBl. I S. 855) geändert worden ist, in Verbindung mit § 1 Abs. 2 des Zuständigkeitsanpassungsgesetzes vom 16. August 2002 (BGBl. I S. 3165) und dem Organisationserlass vom 22. November 2005 (BGBl. I S. 3197) verordnet das Bundesministerium für Ernährung, Landwirtschaft und Verbraucherschutz im Einvernehmen mit den Bundesministerien der Finanzen und für Wirtschaft und Technologie:</P></Content></text></textdaten></norm>
<norm builddate="20120625155255" doknr="BJNR293700007BJNE000201377"><metadaten><jurabk>WeißzuckerBhV</jurabk><enbez>§ 1</enbez><titel format="XML">Anwendungsbereich</titel></metadaten><textdaten><text format="XML"><Content><P>Diese Verordnung gilt für die Durchführung der Rechtsakte der Europäischen Gemeinschaft oder der Europäischen Union hinsichtlich der Gewährung von Beihilfen für die private Lagerhaltung von Weißzucker.</P></Content></text><fussnoten/></textdaten></norm>
<norm builddate="20120625155255" doknr="BJNR293700007BJNE000300000"><metadaten><jurabk>WeißzuckerBhV</jurabk><enbez>§ 2</enbez><titel format="XML">Zuständige Stelle</titel></metadaten><textdaten><text format="XML"><Content><P>Zuständige Stelle für die Durchführung dieser Verordnung und der in § 1 genannten Rechtsakte ist die Bundesanstalt für Landwirtschaft und Ernährung (Bundesanstalt).</P></Content></text></textdaten></norm>
<norm builddate="20120625155255" doknr="BJNR293700007BJNE000401377"><metadaten><jurabk>WeißzuckerBhV</jurabk><enbez>§ 3</enbez><titel format="XML">Form der Verträge</titel></metadaten><textdaten><text format="XML"><Content><P>Die nach den in § 1 genannten Rechtsakten abzuschließenden Lagerverträge haben dem von der Bundesanstalt im Bundesanzeiger bekannt gemachten Muster zu entsprechen.</P></Content></text><fussnoten/></textdaten></norm>
<norm builddate="20120625155255" doknr="BJNR293700007BJNE000501377"><metadaten><jurabk>WeißzuckerBhV</jurabk><enbez>§ 4</enbez><titel format="XML">Gewährung der Beihilfe</titel></metadaten><textdaten><text format="XML"><Content><P>(1) Die Anträge auf Gewährung einer Beihilfe für die private Lagerhaltung von Weißzucker sind nach dem von der Bundesanstalt im Bundesanzeiger bekannt gemachten Muster einzureichen.</P><P>(2) Die Bundesanstalt setzt die Beihilfe durch Bescheid fest.</P></Content></text><fussnoten/></textdaten></norm>
<norm builddate="20120625155255" doknr="BJNR293700007BJNE000600000"><metadaten><jurabk>WeißzuckerBhV</jurabk><enbez>§ 5</enbez><titel format="XML">Aufzeichnungs- und Aufbewahrungspflichten</titel></metadaten><textdaten><text format="XML"><Content><P>(1) Der Antragsteller ist verpflichtet, gesondert für jeden Vertrag über private Lagerhaltung die zur Überwachung der Einhaltung der eingegangenen Verpflichtungen notwendigen Belege zu führen und Aufzeichnungen über die eingelagerten Erzeugnisse zu machen.</P><P>(2) Der Antragsteller ist verpflichtet, die in Absatz 1 genannten Unterlagen und die sich darauf beziehenden geschäftlichen Belege ab dem Zeitpunkt ihres Entstehens aufzubewahren. Die Frist für die Aufbewahrung dauert bis zum Ablauf des vierten Jahres, das dem Kalenderjahr der Gewährung der jeweiligen Beihilfe, auf die sich die Unterlagen beziehen, folgt. Vorschriften, nach denen eine längere Aufbewahrungspflicht besteht, bleiben unberührt.</P></Content></text></textdaten></norm>
<norm builddate="20120625155255" doknr="BJNR293700007BJNE000700000"><metadaten><jurabk>WeißzuckerBhV</jurabk><enbez>§ 6</enbez><titel format="XML">Duldungs- und Mitwirkungspflichten</titel></metadaten><textdaten><text format="XML"><Content><P>Der Antragsteller hat während der Geschäfts- und Betriebszeit den Beauftragten der Bundesanstalt das Betreten der im Zusammenhang mit der Lagerhaltung stehenden Geschäfts-, Betriebs- und Lagerräume, die Aufnahme der Bestände an Weißzucker, für deren Einlagerung eine Beihilfe gewährt wird, zu gestatten und die erforderliche Unterstützung zu gewähren sowie bei automatischer Buchführung auf seine Kosten Listen mit den erforderlichen Angaben auszudrucken, soweit dies die Beauftragten der Bundesanstalt verlangen.</P></Content></text></textdaten></norm>
<norm builddate="20120625155255" doknr="BJNR293700007BJNE000800000"><metadaten><jurabk>WeißzuckerBhV</jurabk><enbez>§ 7</enbez><titel format="XML">Inkrafttreten</titel></metadaten><textdaten><text format="XML"><Content><P>Diese Verordnung tritt am Tage nach der Verkündung in Kraft.</P></Content></text></textdaten></norm>
</dokumente>