<?xml version="1.0" encoding="UTF-8" ?><!DOCTYPE dokumente SYSTEM "http://www.gesetze-im-internet.de/dtd/1.01/gii-norm.dtd">
<dokumente builddate="20201214213101" doknr="BJNR276500020"><norm builddate="20201214213101" doknr="BJNR276500020"><metadaten><jurabk>ALBeitrBek 2021</jurabk><ausfertigung-datum manuell="ja">2020-12-09</ausfertigung-datum><fundstelle typ="amtlich"><periodikum>BGBl I</periodikum><zitstelle>2020, 2765</zitstelle></fundstelle><langue>Bekanntmachung der Beiträge und der Beitragszuschüsse in der Alterssicherung der Landwirte für das Jahr 2021</langue></metadaten><textdaten><fussnoten><Content><P><BR/> <pre xml:space="preserve">(+++ Textnachweis ab: 11.12.2020 +++)<BR/><BR/></pre></P></Content></fussnoten></textdaten></norm>
<norm builddate="20201214213101" doknr="BJNR276500020BJNE000100000"><metadaten><jurabk>ALBeitrBek 2021</jurabk><enbez>(XXXX)</enbez></metadaten><textdaten><text format="XML"><Content><P>Auf Grund des § 33 Absatz 1 und der §§ 68, 114 und 120 des Gesetzes über die Alterssicherung der Landwirte, von denen § 33 Absatz 1 und § 68 zuletzt durch Artikel 17 Nummer 13 Buchstabe b und Nummer 23 Buchstabe b geändert und § 120 durch Artikel 17 Nummer 38 des Gesetzes vom 20. April 2007 (BGBl. I S. 554) neu gefasst worden sind, sowie § 114 zuletzt durch Artikel 13 Nummer 9 des Gesetzes vom 12. Juni 2020 (BGBl. I S. 1248) geändert worden ist, wird bekannt gemacht: <DL Font="normal" Type="arabic"><DT>1.</DT><DD Font="normal"><LA Size="normal">Der Beitrag in der Alterssicherung der Landwirte beträgt für das Kalenderjahr 2021 monatlich 258 Euro.</LA></DD><DT>2.</DT><DD Font="normal"><LA Size="normal">Der Beitrag in der Alterssicherung der Landwirte beträgt für das Beitrittsgebiet für das Kalenderjahr 2021 monatlich 245 Euro.</LA></DD><DT>3.</DT><DD Font="normal"><LA Size="normal">Der monatliche Zuschussbetrag für das Kalenderjahr 2021 wird wie folgt festgesetzt: <table frame="top" pgwide="1" tocentry="%yes;"><tgroup align="left" char="" charoff="50" cols="3"><colspec colname="col1" colnum="1" colwidth="9*"/><colspec align="center" colname="col2" colnum="2" colwidth="38*"/><colspec align="center" colname="col3" colnum="3" colwidth="28*"/><thead valign="bottom"><row rowsep="1"><entry VJ="1" align="center" colsep="1" nameend="col2" namest="col1" valign="middle">Einkommensklasse</entry><entry VJ="1" align="center" colname="col3" valign="middle">monatlicher<BR/> Zuschussbetrag</entry></row></thead><tbody valign="top"><row><entry VJ="1" align="right" colname="col1">bis</entry><entry VJ="1" align="right" colname="col2">8 220 Euro</entry><entry VJ="1" colname="col3">155 Euro,</entry></row><row><entry VJ="1" colname="col1"/><entry VJ="1" colname="col2"> 8 221 bis  8 740 Euro</entry><entry VJ="1" colname="col3">144 Euro,</entry></row><row><entry VJ="1" colname="col1"/><entry VJ="1" colname="col2"> 8 741 bis  9 260 Euro</entry><entry VJ="1" colname="col3">134 Euro,</entry></row><row><entry VJ="1" colname="col1"/><entry VJ="1" colname="col2"> 9 261 bis  9 780 Euro</entry><entry VJ="1" colname="col3">124 Euro,</entry></row><row><entry VJ="1" colname="col1"/><entry VJ="1" colname="col2"> 9 781 bis 10 300 Euro</entry><entry VJ="1" colname="col3">114 Euro,</entry></row><row><entry VJ="1" colname="col1"/><entry VJ="1" colname="col2">10 301 bis 10 820 Euro</entry><entry VJ="1" colname="col3">103 Euro,</entry></row><row><entry VJ="1" colname="col1"/><entry VJ="1" colname="col2">10 821 bis 11 340 Euro</entry><entry VJ="1" colname="col3"> 93 Euro,</entry></row><row><entry VJ="1" colname="col1"/><entry VJ="1" colname="col2">11 341 bis 11 860 Euro</entry><entry VJ="1" colname="col3"> 83 Euro,</entry></row><row><entry VJ="1" colname="col1"/><entry VJ="1" colname="col2">11 861 bis 12 380 Euro</entry><entry VJ="1" colname="col3"> 72 Euro,</entry></row><row><entry VJ="1" colname="col1"/><entry VJ="1" colname="col2">12 381 bis 12 900 Euro</entry><entry VJ="1" colname="col3"> 62 Euro,</entry></row><row><entry VJ="1" colname="col1"/><entry VJ="1" colname="col2">12 901 bis 13 420 Euro</entry><entry VJ="1" colname="col3"> 52 Euro,</entry></row><row><entry VJ="1" colname="col1"/><entry VJ="1" colname="col2">13 421 bis 13 940 Euro</entry><entry VJ="1" colname="col3"> 41 Euro,</entry></row><row><entry VJ="1" colname="col1"/><entry VJ="1" colname="col2">13 941 bis 14 460 Euro</entry><entry VJ="1" colname="col3"> 31 Euro,</entry></row><row><entry VJ="1" colname="col1"/><entry VJ="1" colname="col2">14 461 bis 14 980 Euro</entry><entry VJ="1" colname="col3"> 21 Euro,</entry></row><row><entry VJ="1" colname="col1"/><entry VJ="1" colname="col2">14 981 bis 15 500 Euro</entry><entry VJ="1" colname="col3"> 10 Euro.</entry></row></tbody></tgroup></table></LA></DD><DT>4.</DT><DD Font="normal"><LA Size="normal">Der monatliche Zuschussbetrag für das Beitrittsgebiet für das Kalenderjahr 2021 wird wie folgt festgesetzt: <table frame="top" pgwide="1" tocentry="%yes;"><tgroup align="left" char="" charoff="50" cols="3"><colspec colname="col1" colnum="1" colwidth="9*"/><colspec align="center" colname="col2" colnum="2" colwidth="38*"/><colspec align="center" colname="col3" colnum="3" colwidth="28*"/><thead valign="bottom"><row rowsep="1"><entry VJ="1" align="center" colsep="1" nameend="col2" namest="col1" valign="middle">Einkommensklasse</entry><entry VJ="1" align="center" colname="col3" valign="middle">monatlicher<BR/> Zuschussbetrag (Ost)</entry></row></thead><tbody valign="top"><row><entry VJ="1" align="right" colname="col1">bis</entry><entry VJ="1" align="right" colname="col2">8 220 Euro</entry><entry VJ="1" colname="col3">147 Euro,</entry></row><row><entry VJ="1" colname="col1"/><entry VJ="1" colname="col2"> 8 221 bis  8 740 Euro</entry><entry VJ="1" colname="col3">137 Euro,</entry></row><row><entry VJ="1" colname="col1"/><entry VJ="1" colname="col2"> 8 741 bis  9 260 Euro</entry><entry VJ="1" colname="col3">127 Euro,</entry></row><row><entry VJ="1" colname="col1"/><entry VJ="1" colname="col2"> 9 261 bis  9 780 Euro</entry><entry VJ="1" colname="col3">118 Euro,</entry></row><row><entry VJ="1" colname="col1"/><entry VJ="1" colname="col2"> 9 781 bis 10 300 Euro</entry><entry VJ="1" colname="col3">108 Euro,</entry></row><row><entry VJ="1" colname="col1"/><entry VJ="1" colname="col2">10 301 bis 10 820 Euro</entry><entry VJ="1" colname="col3"> 98 Euro,</entry></row><row><entry VJ="1" colname="col1"/><entry VJ="1" colname="col2">10 821 bis 11 340 Euro</entry><entry VJ="1" colname="col3"> 88 Euro,</entry></row><row><entry VJ="1" colname="col1"/><entry VJ="1" colname="col2">11 341 bis 11 860 Euro</entry><entry VJ="1" colname="col3"> 78 Euro,</entry></row><row><entry VJ="1" colname="col1"/><entry VJ="1" colname="col2">11 861 bis 12 380 Euro</entry><entry VJ="1" colname="col3"> 69 Euro,</entry></row><row><entry VJ="1" colname="col1"/><entry VJ="1" colname="col2">12 381 bis 12 900 Euro</entry><entry VJ="1" colname="col3"> 59 Euro,</entry></row><row><entry VJ="1" colname="col1"/><entry VJ="1" colname="col2">12 901 bis 13 420 Euro</entry><entry VJ="1" colname="col3"> 49 Euro,</entry></row><row><entry VJ="1" colname="col1"/><entry VJ="1" colname="col2">13 421 bis 13 940 Euro</entry><entry VJ="1" colname="col3"> 39 Euro,</entry></row><row><entry VJ="1" colname="col1"/><entry VJ="1" colname="col2">13 941 bis 14 460 Euro</entry><entry VJ="1" colname="col3"> 29 Euro,</entry></row><row><entry VJ="1" colname="col1"/><entry VJ="1" colname="col2">14 461 bis 14 980 Euro</entry><entry VJ="1" colname="col3"> 20 Euro,</entry></row><row><entry VJ="1" colname="col1"/><entry VJ="1" colname="col2">14 981 bis 15 500 Euro</entry><entry VJ="1" colname="col3"> 10 Euro.</entry></row></tbody></tgroup></table></LA></DD></DL></P></Content></text></textdaten></norm>
<norm builddate="20201214213101" doknr="BJNR276500020BJNE000200000"><metadaten><jurabk>ALBeitrBek 2021</jurabk><enbez>Schlussformel</enbez></metadaten><textdaten><text format="XML"><Content><P><SP>Bundesministerium für Arbeit und Soziales</SP></P></Content></text></textdaten></norm>
</dokumente>