<?xml version="1.0" encoding="UTF-8" ?><!DOCTYPE dokumente SYSTEM "http://www.gesetze-im-internet.de/dtd/1.01/gii-norm.dtd">
<dokumente builddate="20221121214007" doknr="BJNR205800022"><norm builddate="20221121214007" doknr="BJNR205800022"><metadaten><jurabk>RVBeitrSBek 2023</jurabk><ausfertigung-datum manuell="ja">2022-11-15</ausfertigung-datum><fundstelle typ="amtlich"><periodikum>BGBl I</periodikum><zitstelle>2022, 2058</zitstelle></fundstelle><langue>Bekanntmachung der Beitragssätze in der allgemeinen Rentenversicherung und der knappschaftlichen Rentenversicherung für das Jahr 2023</langue></metadaten><textdaten><fussnoten><Content><P><BR/> <pre xml:space="preserve">(+++ Textnachweis ab: 18.11.2022 +++)<BR/><BR/></pre></P></Content></fussnoten></textdaten></norm>
<norm builddate="20221121214007" doknr="BJNR205800022BJNE000100000"><metadaten><jurabk>RVBeitrSBek 2023</jurabk><enbez>(XXXX)</enbez></metadaten><textdaten><text format="XML"><Content><P>Auf Grund des § 158 Absatz 4 des Sechsten Buches Sozialgesetzbuch – Gesetzliche Rentenversicherung –, der zuletzt durch Artikel 259 Nummer 1 der Verordnung vom 31. Oktober 2006 (BGBl. I S. 2407) geändert worden ist, wird bekannt gemacht:</P><P>Der Beitragssatz für das Jahr 2023 beträgt weiterhin in der allgemeinen Rentenversicherung 18,6 Prozent und in der knappschaftlichen Rentenversicherung 24,7 Prozent.</P></Content></text></textdaten></norm>
<norm builddate="20221121214007" doknr="BJNR205800022BJNE000200000"><metadaten><jurabk>RVBeitrSBek 2023</jurabk><enbez>Schlussformel</enbez></metadaten><textdaten><text format="XML"><Content><P><SP>Bundesministerium für Arbeit und Soziales</SP></P></Content></text></textdaten></norm>
</dokumente>