<?xml version="1.0" encoding="UTF-8" ?><!DOCTYPE dokumente SYSTEM "http://www.gesetze-im-internet.de/dtd/1.01/gii-norm.dtd">
<dokumente builddate="20120625153907" doknr="BJNR207220977"><norm builddate="20120625153907" doknr="BJNR207220977"><metadaten><jurabk>SozSichAbk2ErgAbk ESP</jurabk><ausfertigung-datum manuell="ja">1975-12-17</ausfertigung-datum><fundstelle typ="amtlich"><periodikum>BGBl II</periodikum><zitstelle>1977, 722</zitstelle></fundstelle><langue>Abkommen zur Ergänzung des Abkommens vom 4. Dezember 1973 zwischen der
Bundesrepublik Deutschland und dem Spanischen Staat über Soziale Sicherheit</langue></metadaten><textdaten><text format="decorated"/><fussnoten><Content><P>G v. 29.7.1977 II 685 <BR/>Inkraft gem. Bek. v. 21.10.1977 II 1198 mWv 1.11.1977</P></Content></fussnoten></textdaten></norm>
</dokumente>