<?xml version="1.0" encoding="UTF-8" ?><!DOCTYPE dokumente SYSTEM "http://www.gesetze-im-internet.de/dtd/1.01/gii-norm.dtd">
<dokumente builddate="20120625152859" doknr="BJNR205350981"><norm builddate="20120625152859" doknr="BJNR205350981"><metadaten><jurabk>EuAuslVwZÜbk</jurabk><ausfertigung-datum manuell="ja">1977-11-24</ausfertigung-datum><fundstelle typ="amtlich"><periodikum>BGBl II</periodikum><zitstelle>1981, 535</zitstelle></fundstelle><fundstelle typ="amtlich"><periodikum>GVBl BY</periodikum><zitstelle>1979, 154</zitstelle></fundstelle><langue>Europäisches Übereinkommen über die Zustellung von Schriftstücken in
Verwaltungssachen im Ausland</langue></metadaten><textdaten><text format="decorated"/><fussnoten><Content><P>G v. 20.7.1981 II 533 <BR/>Inkraft gem. Bek. v. 6.12.1982 II 1057 mWv 1.1.1983</P></Content></fussnoten></textdaten></norm>
</dokumente>