<?xml version="1.0" encoding="UTF-8" ?><!DOCTYPE dokumente SYSTEM "http://www.gesetze-im-internet.de/dtd/1.01/gii-norm.dtd">
<dokumente builddate="20221020213522" doknr="BJNR049100012"><norm builddate="20221020213522" doknr="BJNR049100012"><metadaten><jurabk>Münz10EuroBek 2012-03-08</jurabk><ausfertigung-datum manuell="ja">2012-03-08</ausfertigung-datum><fundstelle typ="amtlich"><periodikum>BGBl I</periodikum><zitstelle>2012, 491</zitstelle></fundstelle><langue>Bekanntmachung über die Ausprägung von deutschen Euro-Gedenkmünzen im Nennwert von 10 Euro (Gedenkmünze „200 Jahre Grimms Märchen“)</langue></metadaten><textdaten><fussnoten><Content><P><BR/> <pre xml:space="preserve">(+++ Textnachweis ab: 21.3.2012 +++)<BR/><BR/></pre></P></Content></fussnoten></textdaten></norm>
<norm builddate="20221020213522" doknr="BJNR049100012BJNE000100000"><metadaten><jurabk>Münz10EuroBek 2012-03-08</jurabk><enbez>(XXXX)</enbez></metadaten><textdaten><text format="XML"><Content><P>Gemäß den §§ 2, 4 und 5 des Münzgesetzes vom 16. Dezember 1999 (BGBl. I S. 2402) hat die Bundesregierung beschlossen, zum Thema „200 Jahre Grimms Märchen“ eine deutsche Euro-Gedenkmünze im Nennwert von 10 Euro prägen zu lassen.</P><P>Die Auflage der Münze beträgt ca. 2 000 000 Stück, davon ca. 240 000 Stück in der Spiegelglanzqualität. Die Prägung erfolgt durch die Staatlichen Münzen Baden-Württemberg, Prägestätte Stuttgart (F).</P><P>Die Münze wird ab dem 14. Juni 2012 in den Verkehr gebracht. Die 10-Euro-Gedenkmünze in der Stempelglanzqualität besteht aus einer Kupfer-Nickel-Legierung (CuNi25), hat einen Durchmesser von 32,5 Millimetern und eine Masse von 14 Gramm. Die Spiegelglanzmünze besteht aus einer Legierung von 625 Tausendteilen Silber und 375 Tausendteilen Kupfer, hat einen Durchmesser von 32,5 Millimetern und ein Gewicht von 16 Gramm. Das Gepräge auf beiden Seiten ist erhaben und wird von einem schützenden, glatten Randstab umgeben.</P><P>Die Bildseite zeigt das Doppelporträt der Brüder Jakob und Wilhelm Grimm, das mit einer Umschrift anlässlich des Jubiläums umrahmt ist.</P><P>Die Wertseite der Münze zeigt einen Adler, die Umschrift „BUNDESREPUBLIK DEUTSCHLAND 2012“ mit den zwölf Europasternen und der Wertbezeichnung „10 Euro“ sowie dem Münzzeichen „F“ der Staatlichen Münzen Baden-Württemberg in Stuttgart. Auf der Wertseite der Münze in Spiegelglanzqualität ist zusätzlich die Angabe „SILBER 625“ aufgeprägt.</P><P>Der glatte Münzrand enthält in vertiefter Prägung die Inschrift:</P><P>„*UND WENN SIE NICHT GESTORBEN SIND …*“.</P><P>Der Entwurf der Münze stammt von dem Künstler Prof. Christian Höpfner aus Berlin.</P></Content></text></textdaten></norm>
<norm builddate="20221020213522" doknr="BJNR049100012BJNE000200000"><metadaten><jurabk>Münz10EuroBek 2012-03-08</jurabk><enbez>Schlussformel</enbez></metadaten><textdaten><text format="XML"><Content><P><SP>Der Bundesminister der Finanzen</SP></P></Content></text></textdaten></norm>
<norm builddate="20221020213522" doknr="BJNR049100012BJNE000300000"><metadaten><jurabk>Münz10EuroBek 2012-03-08</jurabk><enbez>(XXXX)</enbez></metadaten><textdaten><text format="XML"><Content><P><noindex><kommentar typ="Fundstelle">(Fundstelle: BGBl. I 2012, 491)</kommentar></noindex></P><BR/><BR/><table frame="none" pgwide="1" tocentry="%yes;"><tgroup align="left" char="" charoff="50" cols="2"><colspec align="center" colname="col1"/><colspec align="center" colname="col2"/><tbody valign="top"><row><entry VJ="1" colname="col1" colsep="0" rowsep="0"><IMG Align="center" Height="692" Pos="inline" SRC="bgbl1_2012_j0491-1_0010.jpg" Type="TIF" Units="300" alt=""/></entry><entry VJ="1" colname="col2" rowsep="0"><IMG Align="center" Height="693" Pos="inline" SRC="bgbl1_2012_j0491-1_0020.jpg" Type="TIF" Units="300" alt=""/></entry></row><row><entry VJ="1" colname="col1" colsep="0"><IMG Align="center" Height="692" Pos="inline" SRC="bgbl1_2012_j0491-1_0030.jpg" Type="TIF" Units="300" alt=""/></entry><entry VJ="1" colname="col2"><IMG Align="center" Height="692" Pos="inline" SRC="bgbl1_2012_j0491-1_0040.jpg" Type="TIF" Units="300" alt=""/></entry></row></tbody></tgroup></table></Content></text></textdaten></norm>
</dokumente>