<?xml version="1.0" encoding="UTF-8" ?><!DOCTYPE dokumente SYSTEM "http://www.gesetze-im-internet.de/dtd/1.01/gii-norm.dtd">
<dokumente builddate="20120625154519" doknr="BJNR205640956"><norm builddate="20120625154519" doknr="BJNR205640956"><metadaten><jurabk>EuFürsAbk</jurabk><ausfertigung-datum manuell="ja">1953-12-11</ausfertigung-datum><fundstelle typ="amtlich"><periodikum>BGBl II</periodikum><zitstelle>1956, 564</zitstelle></fundstelle><langue>Europäisches Fürsorgeabkommen</langue></metadaten><textdaten><text format="decorated"/><fussnoten><Content><P>G v. 15.5.1956 II 563 <BR/>Inkraft gem. Bek. v. 8.1.1958 II 18 mWv 1.9.1956</P></Content></fussnoten></textdaten></norm>
</dokumente>