<?xml version="1.0" encoding="UTF-8" ?><!DOCTYPE dokumente SYSTEM "http://www.gesetze-im-internet.de/dtd/1.01/gii-norm.dtd">
<dokumente builddate="20240424214511" doknr="BJNR502410002"><norm builddate="20240424214511" doknr="BJNR502410002"><metadaten><jurabk>LuftVODV 206</jurabk><ausfertigung-datum manuell="ja">2002-01-17</ausfertigung-datum><fundstelle typ="amtlich"><periodikum>BAnz</periodikum><zitstelle>2002, Nr 24, 2049</zitstelle></fundstelle><fundstelle typ="amtlich"><periodikum>BAnz</periodikum><zitstelle>2002, 2049</zitstelle></fundstelle><langue>Zweihundertsechste Durchführungsverordnung zur Luftverkehrs-Ordnung (Festlegung von Flugverfahren für An- und Abflüge nach Instrumentenflugregeln zum und vom Verkehrslandeplatz Emden)</langue></metadaten><textdaten><text format="decorated"/><fussnoten><Content><P>Wegen nicht darstellbarer Zeichen nur mit Überschrift aufgenommen.</P></Content></fussnoten></textdaten></norm>
</dokumente>