<?xml version="1.0" encoding="UTF-8" ?><!DOCTYPE dokumente SYSTEM "http://www.gesetze-im-internet.de/dtd/1.01/gii-norm.dtd">
<dokumente builddate="20130405125114" doknr="BJNR006640980"><norm builddate="20130405125114" doknr="BJNR006640980"><metadaten><jurabk>PHöchstMengV</jurabk><amtabk>PHöchstMengV</amtabk><ausfertigung-datum manuell="ja">1980-06-04</ausfertigung-datum><fundstelle typ="amtlich"><periodikum>BGBl I</periodikum><zitstelle>1980, 664</zitstelle></fundstelle><kurzue>Phosphathöchstmengenverordnung</kurzue><langue>Verordnung über Höchstmengen für Phosphate in Wasch- und Reinigungsmitteln</langue></metadaten><textdaten><text format="XML"><Content><P/></Content></text><fussnoten><Content><P>(+++ Textnachweis ab: 14. 6.1980 +++) <BR/>(+++ Maßgaben aufgrund EinigVtr Anlage I Kap. XII C III Nr. 4 nicht mehr      anzuwenden gem. Art. 109 Nr. 6 Buchst. b DBuchst. dd      G v. 8.12.2010 I 1864 +++)</P></Content></fussnoten></textdaten></norm>
<norm builddate="20130405125114" doknr="BJNR006640980BJNE000100328"><metadaten><jurabk>PHöchstMengV</jurabk><enbez>Eingangsformel</enbez></metadaten><textdaten><text format="XML"><Content><P>Auf Grund des § 4 Abs. 2 und 3 des Waschmittelgesetzes vom 20. August 1975 (BGBl. I S. 2255) wird nach Anhörung der beteiligten Kreise <DL Font="normal" Type="arabic"><DT>-</DT><DD Font="normal"><LA Size="normal">zu § 4 Abs. 2 im Einvernehmen mit dem Bundesminister für Wirtschaft</LA></DD> <DT>-</DT><DD Font="normal"><LA Size="normal">zu § 4 Abs. 3 im Einvernehmen mit den Bundesministern für Wirtschaft und für Jugend, Familie und Gesundheit</LA></DD> </DL>mit Zustimmung des Bundesrates verordnet:</P></Content></text></textdaten></norm>
<norm builddate="20130405125114" doknr="BJNR006640980BJNE000200328"><metadaten><jurabk>PHöchstMengV</jurabk><enbez>§ 1</enbez><titel format="parat">Anwendungsbereich</titel></metadaten><textdaten><text format="XML"><Content><P>Diese Verordnung wird angewandt auf Wasch- und Reinigungsmittel, die zur Reinigung von Textilien im Haushalt oder in Wäschereien bestimmt sind und für die wegen ihres Phosphatgehaltes Dosierungsempfehlungen anzugeben sind. Sie wird nicht angewandt auf Wasch- und Reinigungsmittel, die zur Lieferung in Gebiete außerhalb des Geltungsbereiches dieser Verordnung bestimmt sind.</P></Content></text></textdaten></norm>
<norm builddate="20130405125114" doknr="BJNR006640980BJNE000300328"><metadaten><jurabk>PHöchstMengV</jurabk><enbez>§ 2</enbez><titel format="parat">Wasch- und Reinigungsmittel zur Verwendung im
Haushalt</titel></metadaten><textdaten><text format="XML"><Content><P>(1) Es ist Herstellern, Einführern und Vertriebsunternehmen untersagt, Wasch- und Reinigungsmittel zur Verwendung im Haushalt in den Verkehr zu bringen, die einen Phosphatgehalt aufweisen, der bei bestimmungsgemäßem Gebrauch die in den Absätzen 2 und 3 festgesetzten Obergrenzen (Phosphathöchstmengen) überschreitet. Bei Wasch- und Reinigungsmitteln, die nach ihren Dosierungsempfehlungen gleichzeitig mit anderen Wasch- und Reinigungsmitteln zu verwenden sind, darf der Phosphatgehalt insgesamt nicht die Obergrenzen der Absätze 2 und 3 überschreiten.</P><P>(2) Für Wasch- und Reinigungsmittel zur Verwendung im Haushalt gelten ab 1. Oktober 1981 bei einem Waschlaugenvolumen von 20 Litern und bei Beachtung der Dosierungsempfehlungen, bezogen auf das Fassungsvermögen einer Waschmaschine von 4 bis 5 Kilogramm Trockenwäsche, folgende Obergrenzen für den Phosphatgehalt in der Waschlauge, ermittelt als Gramm an elementarem Phosphor je Liter Waschlauge (g/lP): <BR/><table frame="none" tocentry="%yes;">

	<tgroup align="left" char="" charoff="50" cols="5" colsep="0" rowsep="0">
		<colspec colname="col1" colnum="1" colwidth="10*"/>
		<colspec colname="col2" colnum="2" colwidth="25*"/>
		<colspec colname="col3" colnum="3" colwidth="25*"/>
		<colspec colname="col4" colnum="4" colwidth="25*"/>
		<colspec colname="col5" colnum="5" colwidth="20*"/>
		<tbody valign="top">
			<row>
				<entry VJ="1" align="center" colsep="0" nameend="col5" namest="col1" valign="top">Phosphatgehalt in der Waschlauge in g/lP bei Verwendung von</entry>
			</row>
			<row>
				<entry VJ="1" align="left" colsep="0" valign="top">Wasserhärtebereich</entry>
				<entry VJ="1" align="left" colsep="0" valign="top">Wasch- und Reinigungsmitteln für alle Waschtemperaturen</entry>
				<entry VJ="1" align="left" colsep="0" valign="top">Wasch- und Reinigungsmitteln für Waschtemperaturen bis 60 Grad C</entry>
				<entry VJ="1" align="left" colsep="0" valign="top">Spezial-/Feinwaschmitteln</entry>
				<entry VJ="1" align="left" colsep="0" valign="top">Vorwaschmitteln</entry>
			</row>
			<row>
				<entry VJ="1" align="left" colsep="0" valign="top"> </entry>
				<entry VJ="1" align="center" colsep="0" nameend="col4" namest="col2" valign="top">im gesamten Waschvorgang:</entry>
				<entry VJ="1" align="left" colsep="0" valign="top">in der Vorwäsche:</entry>
			</row>
			<row>
				<entry VJ="1" align="left" colsep="0" valign="top">1</entry>
				<entry VJ="1" align="left" colsep="0" valign="top">0,70</entry>
				<entry VJ="1" align="left" colsep="0" valign="top">0,85</entry>
				<entry VJ="1" align="left" colsep="0" valign="top">0,45</entry>
				<entry VJ="1" align="left" colsep="0" valign="top">0,55</entry>
			</row>
			<row>
				<entry VJ="1" align="left" colsep="0" valign="top">2</entry>
				<entry VJ="1" align="left" colsep="0" valign="top">0,85</entry>
				<entry VJ="1" align="left" colsep="0" valign="top">1,00</entry>
				<entry VJ="1" align="left" colsep="0" valign="top">0,55</entry>
				<entry VJ="1" align="left" colsep="0" valign="top">0,65</entry>
			</row>
			<row>
				<entry VJ="1" align="left" colsep="0" valign="top">3</entry>
				<entry VJ="1" align="left" colsep="0" valign="top">1,00</entry>
				<entry VJ="1" align="left" colsep="0" valign="top">1,20</entry>
				<entry VJ="1" align="left" colsep="0" valign="top">0,65</entry>
				<entry VJ="1" align="left" colsep="0" valign="top">0,80</entry>
			</row>
			<row>
				<entry VJ="1" align="left" colsep="0" valign="top">4</entry>
				<entry VJ="1" align="left" colsep="0" valign="top">1,25</entry>
				<entry VJ="1" align="left" colsep="0" valign="top">1,40</entry>
				<entry VJ="1" align="left" colsep="0" valign="top">0,75</entry>
				<entry VJ="1" align="left" colsep="0" valign="top">0,90</entry>
			</row>
		</tbody>
	</tgroup>
</table> </P><P>(3) Die Obergrenzen des Absatzes 2 werden ab 1. Januar 1984 durch folgende Werte ersetzt: <BR/><table frame="none" tocentry="%yes;">
	<tgroup align="left" char="" charoff="50" cols="5" colsep="0" rowsep="0">
		<colspec colname="col1" colnum="1" colwidth="10*"/>
		<colspec colname="col2" colnum="2" colwidth="25*"/>
		<colspec colname="col3" colnum="3" colwidth="25*"/>
		<colspec colname="col4" colnum="4" colwidth="25*"/>
		<colspec colname="col5" colnum="5" colwidth="20*"/>
		<tbody valign="top">
			<row>
				<entry VJ="1" align="center" colsep="0" nameend="col5" namest="col1" valign="top">Phosphatgehalt in der Waschlauge in g/lP bei Verwendung von</entry>
			</row>
			<row>
				<entry VJ="1" align="left" colsep="0" valign="top">Wasserhärtebereich</entry>
				<entry VJ="1" align="left" colsep="0" valign="top">Wasch- und Reinigungsmitteln für alle Waschtemperaturen</entry>
				<entry VJ="1" align="left" colsep="0" valign="top">Wasch- und Reinigungsmitteln für Waschtemperaturen bis 60 Grad C</entry>
				<entry VJ="1" align="left" colsep="0" valign="top">Spezial-/Feinwaschmitteln</entry>
				<entry VJ="1" align="left" colsep="0" valign="top">Vorwaschmitteln</entry>
			</row>
			<row>
				<entry VJ="1" align="left" colsep="0" valign="top"> </entry>
				<entry VJ="1" align="center" colsep="0" nameend="col4" namest="col2" valign="top">im gesamten Waschvorgang:</entry>
				<entry VJ="1" align="left" colsep="0" valign="top">in der Vorwäsche:</entry>
			</row>
			<row>
				<entry VJ="1" align="left" colsep="0" valign="top">1</entry>
				<entry VJ="1" align="left" colsep="0" valign="top">0,50</entry>
				<entry VJ="1" align="left" colsep="0" valign="top">0,75</entry>
				<entry VJ="1" align="left" colsep="0" valign="top">0,40</entry>
				<entry VJ="1" align="left" colsep="0" valign="top">0,50</entry>
			</row>
			<row>
				<entry VJ="1" align="left" colsep="0" valign="top">2</entry>
				<entry VJ="1" align="left" colsep="0" valign="top">0,65</entry>
				<entry VJ="1" align="left" colsep="0" valign="top">0,85</entry>
				<entry VJ="1" align="left" colsep="0" valign="top">0,45</entry>
				<entry VJ="1" align="left" colsep="0" valign="top">0,60</entry>
			</row>
			<row>
				<entry VJ="1" align="left" colsep="0" valign="top">3</entry>
				<entry VJ="1" align="left" colsep="0" valign="top">0,80</entry>
				<entry VJ="1" align="left" colsep="0" valign="top">1,05</entry>
				<entry VJ="1" align="left" colsep="0" valign="top">0,55</entry>
				<entry VJ="1" align="left" colsep="0" valign="top">0,70</entry>
			</row>
			<row>
				<entry VJ="1" align="left" colsep="0" valign="top">4</entry>
				<entry VJ="1" align="left" colsep="0" valign="top">1,00</entry>
				<entry VJ="1" align="left" colsep="0" valign="top">1,25</entry>
				<entry VJ="1" align="left" colsep="0" valign="top">0,65</entry>
				<entry VJ="1" align="left" colsep="0" valign="top">0,80</entry>
			</row>
		</tbody>
	</tgroup>
</table> </P></Content>  </text></textdaten></norm>
<norm builddate="20130405125114" doknr="BJNR006640980BJNE000400328"><metadaten><jurabk>PHöchstMengV</jurabk><enbez>§ 3</enbez><titel format="parat">Wasch- und Reinigungsmittel zur Verwendung in
Wäschereien</titel></metadaten><textdaten><text format="XML"><Content><P>(1) Der höchstzulässige Phosphatgehalt von Wasch- und Reinigungsmitteln zur Verwendung in Wäschereien bemißt sich ab 1. Oktober 1981 bei Beachtung der Dosierungsempfehlungen und auf der Grundlage eines Verhältnisses von 1 Kilogramm Trockenwäsche zu 5 Litern Waschlauge nach folgenden Obergrenzen für den Phosphatgehalt in der Waschlauge, ermittelt als Gramm an elementarem Phosphor je Liter Waschlauge (g/lP; Phosphathöchstmengen): <BR/><table frame="none" tocentry="%yes;">
	<tgroup align="left" char="" charoff="50" cols="4" colsep="0" rowsep="0">
		<colspec colname="col1" colnum="1" colwidth="20*"/>
		<colspec colname="col2" colnum="2" colwidth="30*"/>
		<colspec colname="col3" colnum="3" colwidth="30*"/>
		<colspec colname="col4" colnum="4" colwidth="30*"/>
		<tbody valign="top">
			<row>
				<entry VJ="1" align="center" colsep="0" nameend="col4" namest="col1" valign="top">Phosphatgehalt in der Waschlauge in g/lP bei Verwendung von</entry>
			</row>
			<row>
				<entry VJ="1" align="left" colsep="0" valign="top">Wasserhärtebereich</entry>
				<entry VJ="1" align="left" colsep="0" valign="top">Vollwaschmitteln, Alleinwaschmitteln</entry>
				<entry VJ="1" align="left" colsep="0" valign="top">Spezialwaschmitteln, Bunt- und Feinwaschmitteln</entry>
				<entry VJ="1" align="left" colsep="0" valign="top">Vorwaschmitteln</entry>
			</row>
			<row>
				<entry VJ="1" align="left" colsep="0" valign="top"> </entry>
				<entry VJ="1" align="left" colsep="0" nameend="col3" namest="col2" valign="top">im gesamten Waschvorgang:</entry>
				<entry VJ="1" align="left" colsep="0" valign="top">in der Vorwäsche:</entry>
			</row>
			<row>
				<entry VJ="1" align="left" colsep="0" valign="top">1</entry>
				<entry VJ="1" align="left" colsep="0" valign="top">0,45</entry>
				<entry VJ="1" align="left" colsep="0" valign="top">0,70</entry>
				<entry VJ="1" align="left" colsep="0" valign="top">0,30</entry>
			</row>
			<row>
				<entry VJ="1" align="left" colsep="0" valign="top">2</entry>
				<entry VJ="1" align="left" colsep="0" valign="top">0,60</entry>
				<entry VJ="1" align="left" colsep="0" valign="top">0,85</entry>
				<entry VJ="1" align="left" colsep="0" valign="top">0,40</entry>
			</row>
			<row>
				<entry VJ="1" align="left" colsep="0" valign="top">3</entry>
				<entry VJ="1" align="left" colsep="0" valign="top">0,80</entry>
				<entry VJ="1" align="left" colsep="0" valign="top">1,00</entry>
				<entry VJ="1" align="left" colsep="0" valign="top">0,55</entry>
			</row>
			<row>
				<entry VJ="1" align="left" colsep="0" valign="top">4</entry>
				<entry VJ="1" align="left" colsep="0" valign="top">1,00</entry>
				<entry VJ="1" align="left" colsep="0" valign="top">1,20</entry>
				<entry VJ="1" align="left" colsep="0" valign="top">0,65</entry>
			</row>
		</tbody>
	</tgroup>
</table> <BR/>Für Wasch- und Reinigungsmittel, die aufeinander abgestimmt sind und nach ihren Dosierungsempfehlungen nacheinander zu verwenden sind, gelten für den sich insgesamt ergebenden Phosphatgehalt in der Waschlauge die für Vollwaschmittel festgelegten Obergrenzen.</P><P>(2) Bei Wasch- und Reinigungsmitteln, die nach ihren Dosierungsempfehlungen gleichzeitig mit anderen Wasch- und Reinigungsmitteln zu verwenden sind, darf der Phosphatgehalt insgesamt nicht die Obergrenzen des Absatzes 1 Satz 1 überschreiten.</P></Content> </text></textdaten></norm>
<norm builddate="20130405125114" doknr="BJNR006640980BJNE000500328"><metadaten><jurabk>PHöchstMengV</jurabk><enbez>§ 4</enbez><titel format="parat">Verfahren</titel></metadaten><textdaten><text format="XML"><Content><P>Der Phosphatgehalt der Wasch- und Reinigungsmittel ist nach dem in der Anlage zu dieser Verordnung beschriebenen Verfahren oder nach einem Verfahren zu bestimmen, das gleichwertige Ergebnisse erbringt.</P></Content></text></textdaten></norm>
<norm builddate="20130405125114" doknr="BJNR006640980BJNE000600328"><metadaten><jurabk>PHöchstMengV</jurabk><enbez>§ 5</enbez><titel format="parat">Ordnungswidrigkeiten</titel></metadaten><textdaten><text format="XML"><Content><P>(1) Ordnungswidrig im Sinne des § 11 Abs. 1 Nr. 6 des Waschmittelgesetzes handelt, wer entgegen § 2 Abs. 1 vorsätzlich oder fahrlässig ein zur Verwendung im Haushalt bestimmtes Wasch- oder Reinigungsmittel in den Verkehr bringt, dessen Phosphatgehalt die in § 2 Abs. 2 oder 3 festgesetzten Höchstmengen überschreitet.</P><P>(2) Eine Ordnungswidrigkeit nach § 11 Abs. 1 Nr. 2 des Waschmittelgesetzes begeht, wer vorsätzlich oder fahrlässig ein zur Verwendung in Wäschereien bestimmtes Wasch- oder Reinigungsmittel in den Verkehr bringt, dessen Phosphatgehalt die in § 3 festgesetzten Höchstmengen überschreitet.</P></Content> </text></textdaten></norm>
<norm builddate="20130405125114" doknr="BJNR006640980BJNE000700328"><metadaten><jurabk>PHöchstMengV</jurabk><enbez>§ 6</enbez><titel format="parat">Übergangsbestimmung</titel></metadaten><textdaten><text format="XML"><Content><P>Wasch- und Reinigungsmittel, die vor dem 1. Oktober 1981 (§ 2 Abs. 2, § 3 Abs. 1) hergestellt worden sind, dürfen auch danach in den Verkehr gebracht werden. Dies gilt entsprechend für Wasch- und Reinigungsmittel, die vor dem 1. Januar 1984 (§ 2 Abs. 3) hergestellt worden sind.</P></Content></text></textdaten></norm>
<norm builddate="20130405125114" doknr="BJNR006640980BJNE000800328"><metadaten><jurabk>PHöchstMengV</jurabk><enbez>§ 7</enbez><titel format="parat">Berlin-Klausel</titel></metadaten><textdaten><text format="XML"><Content><P>Diese Verordnung gilt nach § 14 des Dritten Überleitungsgesetzes in Verbindung mit § 13 des Waschmittelgesetzes auch im Land Berlin.</P></Content></text></textdaten></norm>
<norm builddate="20130405125114" doknr="BJNR006640980BJNE000900328"><metadaten><jurabk>PHöchstMengV</jurabk><enbez>§ 8</enbez><titel format="parat">Inkrafttreten</titel></metadaten><textdaten><text format="XML"><Content><P>Diese Verordnung tritt am Tage nach der Verkündung in Kraft.</P></Content></text></textdaten></norm>
<norm builddate="20130405125114" doknr="BJNR006640980BJNE001000328"><metadaten><jurabk>PHöchstMengV</jurabk><enbez>Schlußformel</enbez></metadaten><textdaten><text format="XML"><Content><P><SP>Der Bundesminister des Innern</SP></P></Content></text></textdaten></norm>
<norm builddate="20130405125114" doknr="BJNR006640980BJNE001100328"><metadaten><jurabk>PHöchstMengV</jurabk><enbez>Anlage</enbez><titel format="XML">(zu § 4)
<BR/>
Verfahren zur Bestimmung des Phosphatgehaltes
in Wasch- und Reinigungsmitteln</titel></metadaten><textdaten><text format="XML"><Content><P><ABWFORMAT typ="A"/><kommentar typ="Fundstelle"> Fundstelle des Originaltextes: BGBl. I 1980, 666 </kommentar> <BR/> <BR/>Der Phosphatgehalt in Wasch- und Reinigungsmitteln ist wie folgt zu bestimmen: <DL Font="normal" Type="arabic"><DT>1.</DT><DD Font="normal"><LA Size="normal">Gebindeauswahl und Probenahme</LA><LA Size="normal">Es sind mindestens 10 volle Gebinde mit einer Gesamtmenge von mindestens 10 Litern bei pulverförmigen und von mindestens 5 Kilogramm bei flüssigen Wasch- und Reinigungsmitteln auszuwählen. Vorhandene Betriebstagebücher sind in angemessener Weise mit zu berücksichtigen. Soweit möglich, sind die Gebinde von unterschiedlichen Tagen und Abfülleinrichtungen auszuwählen.</LA><LA Size="normal">Den Gebinden sind 10 Einzelproben zu entnehmen, und zwar bei pulverförmigen Wasch- und Reinigungsmitteln je Gebinde ca. 1 Liter, bei flüssigen Wasch- und Reinigungsmitteln je Gebinde ca. 100 Gramm; soweit erforderlich, sind mehrere kleine Gebinde zu vereinigen.</LA></DD>   <DT>2.</DT><DD Font="normal"><LA Size="normal">Ermittlung der Anwendungsmenge</LA><LA Size="normal">Bei pulverförmigen Wasch- und Reinigungsmitteln zur Verwendung im Haushalt ist die Anwendungsmenge in Gramm durch Bestimmung der mittleren Schüttdichte der 10 Einzelproben in Gramm je Milliliter, durch die Bestimmung des mittleren Dosiervolumens der den Gebinden beigefügten Dosiergefäße in Millilitern und durch Feststellung der Anzahl von Dosiergefäßfüllungen zu ermitteln, die für die Wasserhärtebereiche 1 bis 4 für Waschmaschinen mit einem Fassungsvermögen von 4 bis 5 Kilogramm für durchschnittlich verschmutzte Wäsche empfohlen wird.</LA><LA Size="normal">Bei flüssigen Wasch- und Reinigungsmitteln zur Verwendung im Haushalt ist die Anwendungsmenge entsprechend in Gramm aus der Bestimmung der mittleren Füllmenge der den Gebinden beigefügten Dosierungsgefäße und durch Feststellung der vom Hersteller empfohlenen Anzahl von Dosiergefäßfüllungen zu ermitteln.</LA><LA Size="normal">Die Anwendungsmenge ist in beiden vorgenannten Fällen beim Hersteller, Einführer oder Vertriebsunternehmen zu bestimmen.</LA><LA Size="normal">Bei Wasch- und Reinigungsmitteln für Wäschereien ist die jeweilige Anwendungsmenge unmittelbar aus den Dosierungsempfehlungen in Gramm je Liter zu ermitteln, wobei ein Verhältnis von 1 Kilogramm Trockenwäsche zu 5 Litern Waschlauge zugrunde zu legen ist.</LA></DD>     <DT>3.</DT><DD Font="normal"><LA Size="normal">Ermittlung des Phosphatgehaltes der Wasch- und Reinigungsmittel</LA><LA Size="normal">Aus den 10 Einzelproben ist eine repräsentative Mischprobe bereits beim Hersteller, Einführer oder Vertriebsunternehmen herzustellen. Auf dessen Verlangen ist ein Teil der Mischprobe amtlich verschlossen oder versiegelt bei ihm zurückzulassen (§ 10 Abs. 2 Satz 2 des Waschmittelgesetzes). Von der Mischprobe ist der Phosphatgehalt des Wasch- und Reinigungsmittels in Prozentanteilen an elementarem Phosphor (P) nach Aufschluß der Phosphate photometrisch zu bestimmen. Es sind vier Parallelanalysen von der Mischprobe durchzuführen. Ein deutlich von den übrigen drei Werten abweichender Wert bleibt unberücksichtigt. Maßgebend ist der Mittelwert der verbleibenden Einzelwerte.</LA></DD>  <DT>4.</DT><DD Font="normal"><LA Size="normal">Berechnung des Phosphatgehaltes in der Waschlauge</LA><LA Size="normal">Aus der Anwendungsmenge des Wasch- und Reinigungsmittels in Gramm bzw. in Gramm je Liter und aus dem Phosphatgehalt des Wasch- und Reinigungsmittels in Prozentanteilen an elementarem Phosphor (P) ist für den Vergleich der in den §§ 2 und 3 festgelegten Phosphatobergrenzen der Phosphatgehalt in der Waschlauge in Gramm an elementarem Phosphor je Liter (g/lP) zu berechnen; bei Wasch- und Reinigungsmitteln zur Verwendung im Haushalt ist hierbei ein Waschlaugenvolumen von 20 Litern für den jeweiligen Waschvorgang zugrunde zu legen.</LA><LA Size="normal">Sind in einem Wasch- und Reinigungsmittel andere Phosphorverbindungen als Phosphate enthalten, so ist deren Anteil in Abzug zu bringen.</LA></DD>   </DL></P></Content></text></textdaten></norm>
</dokumente>