<?xml version="1.0" encoding="UTF-8" ?><!DOCTYPE dokumente SYSTEM "http://www.gesetze-im-internet.de/dtd/1.01/gii-norm.dtd">
<dokumente builddate="20130405130936" doknr="BJNR101570991"><norm builddate="20130405130936" doknr="BJNR101570991"><metadaten><jurabk>BKOrgErl 1991</jurabk><ausfertigung-datum manuell="ja">1991-01-18</ausfertigung-datum><fundstelle typ="amtlich"><periodikum>BGBl I</periodikum><zitstelle>1991, 157</zitstelle></fundstelle><langue>Organisationserlaß des Bundeskanzlers</langue></metadaten><textdaten><text format="XML"><Content><P/></Content></text><fussnoten><Content><P>Bek. v. 18.1.1991 I 157</P></Content></fussnoten></textdaten></norm>
<norm builddate="20130405130936" doknr="BJNR101570991BJNE000100333"><metadaten><jurabk>BKOrgErl 1991</jurabk><enbez>I.</enbez></metadaten><textdaten><text format="XML"><Content><P>Es wird ein Bundesministerium für Gesundheit errichtet.</P></Content></text></textdaten></norm>
<norm builddate="20130405130936" doknr="BJNR101570991BJNE000200333"><metadaten><jurabk>BKOrgErl 1991</jurabk><enbez>II.</enbez></metadaten><textdaten><text format="XML"><Content><P>Es wird ein Bundesministerium für Familie und Senioren errichtet.</P></Content></text></textdaten></norm>
<norm builddate="20130405130936" doknr="BJNR101570991BJNE000300333"><metadaten><jurabk>BKOrgErl 1991</jurabk><enbez>III.</enbez></metadaten><textdaten><text format="XML"><Content><P>Das Bundesministerium für Jugend, Familie, Frauen und Gesundheit führt künftig die Bezeichnung Bundesministerium für Frauen und Jugend.</P></Content></text></textdaten></norm>
<norm builddate="20130405130936" doknr="BJNR101570991BJNE000400333"><metadaten><jurabk>BKOrgErl 1991</jurabk><enbez>IV.</enbez></metadaten><textdaten><text format="XML"><Content><P>Das Bundesministerium für innerdeutsche Beziehungen wird aufgelöst. <BR/>Die personellen und sachlichen Mittel des Ministeriums werden wie folgt übertragen: <DL Font="normal" Type="arabic"><DT>-</DT><DD Font="normal"><LA Size="normal">auf das Bundesministerium für Familie und Senioren die Unterabteilung Z A;</LA></DD> <DT>-</DT><DD Font="normal"><LA Size="normal">auf das Bundesministerium des Innern alle übrigen personellen und materiellen Mittel.</LA></DD></DL></P></Content></text></textdaten></norm>
<norm builddate="20130405130936" doknr="BJNR101570991BJNE000500333"><metadaten><jurabk>BKOrgErl 1991</jurabk><enbez>V.</enbez></metadaten><textdaten><text format="XML"><Content><P>Über die Übertragung der Zuständigkeiten ergeht gesonderter Erlaß.</P></Content></text></textdaten></norm>
</dokumente>