<?xml version="1.0" encoding="UTF-8" ?><!DOCTYPE dokumente SYSTEM "http://www.gesetze-im-internet.de/dtd/1.01/gii-norm.dtd">
<dokumente builddate="20231027213506" doknr="BJNR260100022"><norm builddate="20231027213506" doknr="BJNR260100022"><metadaten><jurabk>AsylbLG§3aAbs4Bek 2023</jurabk><ausfertigung-datum manuell="ja">2022-12-21</ausfertigung-datum><fundstelle typ="amtlich"><periodikum>BGBl I</periodikum><zitstelle>2022, 2601</zitstelle></fundstelle><langue>Bekanntmachung über die Höhe der Leistungssätze nach § 3a Absatz 4 des Asylbewerberleistungsgesetzes für die Zeit ab 1. Januar 2023</langue></metadaten><textdaten><fussnoten><Content><P><BR/> <pre xml:space="preserve">(+++ Textnachweis ab: 23.12.2022 +++)<BR/><BR/></pre></P></Content></fussnoten></textdaten></norm>
<norm builddate="20231027213506" doknr="BJNR260100022BJNE000100000"><metadaten><jurabk>AsylbLG§3aAbs4Bek 2023</jurabk><enbez>(XXXX)</enbez></metadaten><textdaten><text format="XML"><Content><P>Nach § 3a Absatz 4 des Asylbewerberleistungsgesetzes, der durch Artikel 1 Nummer 5 des Gesetzes vom 13. August 2019 (BGBl. I S. 1290) eingefügt worden ist, wird hiermit Folgendes bekannt gemacht: <DL Font="normal" Type="arabic"><DT>1.</DT><DD Font="normal"><LA Size="normal">Als monatliche Beträge nach § 3a Absatz 1 des Asylbewerberleistungsgesetzes werden für die Zeit ab 1. Januar 2023 als Geldbetrag für alle notwendigen persönlichen Bedarfe anerkannt <DL Font="normal" Type="alpha"><DT>a)</DT><DD Font="normal"><LA Size="normal">für erwachsene Leistungsberechtigte, die in einer Wohnung im Sinne von § 8 des <I>Regelbedarfs-Ermittlungsgesetzes</I> leben und für die nicht Nummer 2 Buchstabe a oder Nummer 3 Buchstabe a gelten, sowie für jugendliche Leistungsberechtigte, die nicht mit mindestens einem Elternteil in einer Wohnung leben, je 182 Euro (§ 3a Absatz 1 Nummer 1),</LA></DD><DT>b)</DT><DD Font="normal"><LA Size="normal">für erwachsene Leistungsberechtigte je 164 Euro, wenn sie <DL Font="normal" Type="a-alpha"><DT>aa)</DT><DD Font="normal"><LA Size="normal">in einer Wohnung im Sinne von § 8 des <I>Regelbedarfs-Ermittlungsgesetzes</I> mit einem Ehegatten oder Lebenspartner oder in eheähnlicher oder lebenspartnerschaftsähnlicher Gemeinschaft mit einem Partner zusammenleben (§ 3a Absatz 1 Nummer 2 Buchstabe a),</LA></DD><DT>bb)</DT><DD Font="normal"><LA Size="normal">nicht in einer Wohnung leben, weil sie in einer Aufnahmeeinrichtung im Sinne von § 44 Absatz 1 des Asylgesetzes oder in einer Gemeinschaftsunterkunft im Sinne von § 53 Absatz 1 des Asylgesetzes oder nicht nur kurzfristig in einer vergleichbaren sonstigen Unterkunft untergebracht sind (§ 3a Absatz 1 Nummer 2 Buchstabe b),</LA></DD></DL></LA></DD><DT>c)</DT><DD Font="normal"><LA Size="normal">für erwachsene Leistungsberechtigte je 146 Euro, wenn sie <DL Font="normal" Type="a-alpha"><DT>aa)</DT><DD Font="normal"><LA Size="normal">das 25. Lebensjahr noch nicht vollendet haben, unverheiratet sind und mit mindestens einem Elternteil in einer Wohnung im Sinne von § 8 des <I>Regelbedarfs-Ermittlungsgesetzes</I> zusammenleben (§ 3a Absatz 1 Nummer 3 Buchstabe a),</LA></DD><DT>bb)</DT><DD Font="normal"><LA Size="normal">in einer stationären Einrichtung untergebracht sind (§ 3a Absatz 1 Nummer 3 Buchstabe b),</LA></DD></DL></LA></DD><DT>d)</DT><DD Font="normal"><LA Size="normal">für jugendliche Leistungsberechtigte vom Beginn des 15. bis zur Vollendung des 18. Lebensjahres 124 Euro (§ 3a Absatz 1 Nummer 4),</LA></DD><DT>e)</DT><DD Font="normal"><LA Size="normal">für leistungsberechtigte Kinder vom Beginn des siebten bis zur Vollendung des 14. Lebensjahres 122 Euro (§ 3a Absatz 1 Nummer 5),</LA></DD><DT>f)</DT><DD Font="normal"><LA Size="normal">für leistungsberechtigte Kinder bis zur Vollendung des sechsten Lebensjahres 117 Euro (§ 3a Absatz 1 Nummer 6);</LA></DD></DL></LA></DD><DT>2.</DT><DD Font="normal"><LA Size="normal">als monatliche Beträge nach § 3a Absatz 2 des Asylbewerberleistungsgesetzes werden für die Zeit ab 1. Januar 2023 als notwendiger Bedarf anerkannt <DL Font="normal" Type="alpha"><DT>a)</DT><DD Font="normal"><LA Size="normal">für erwachsene Leistungsberechtigte, die in einer Wohnung im Sinne von § 8 des <I>Regelbedarfs-Ermittlungsgesetzes</I> leben und für die nicht Nummer 2 Buchstabe a oder Nummer 3 Buchstabe a gelten, sowie für jugendliche Leistungsberechtigte, die nicht mit mindestens einem Elternteil in einer Wohnung leben, je 228 Euro (§ 3a Absatz 2 Nummer 1),</LA></DD><DT>b)</DT><DD Font="normal"><LA Size="normal">für erwachsene Leistungsberechtigte je 205 Euro, wenn sie <DL Font="normal" Type="a-alpha"><DT>aa)</DT><DD Font="normal"><LA Size="normal">in einer Wohnung im Sinne von § 8 des <I>Regelbedarfs-Ermittlungsgesetzes</I> mit einem Ehegatten oder Lebenspartner oder in eheähnlicher oder lebenspartnerschaftsähnlicher Gemeinschaft mit einem Partner zusammenleben (§ 3a Absatz 2 Nummer 2 Buchstabe a),</LA></DD><DT>bb)</DT><DD Font="normal"><LA Size="normal">nicht in einer Wohnung leben, weil sie in einer Aufnahmeeinrichtung im Sinne von § 44 Absatz 1 des Asylgesetzes oder in einer Gemeinschaftsunterkunft im Sinne von § 53 Absatz 1 des Asylgesetzes oder nicht nur kurzfristig in einer vergleichbaren sonstigen Unterkunft untergebracht sind (§ 3a Absatz 2 Nummer 2 Buchstabe b),</LA></DD></DL></LA></DD><DT>c)</DT><DD Font="normal"><LA Size="normal">für erwachsene Leistungsberechtigte je 182 Euro, wenn sie <DL Font="normal" Type="a-alpha"><DT>aa)</DT><DD Font="normal"><LA Size="normal">das 25. Lebensjahr noch nicht vollendet haben, unverheiratet sind und mit mindestens einem Elternteil in einer Wohnung im Sinne von § 8 des <I>Regelbedarfs-Ermittlungsgesetzes</I> zusammenleben (§ 3a Absatz 2 Nummer 3 Buchstabe a),</LA></DD><DT>bb)</DT><DD Font="normal"><LA Size="normal">in einer stationären Einrichtung untergebracht sind (§ 3a Absatz 2 Nummer 3 Buchstabe b),</LA></DD></DL></LA></DD><DT>d)</DT><DD Font="normal"><LA Size="normal">für jugendliche Leistungsberechtigte vom Beginn des 15. bis zur Vollendung des 18. Lebensjahres 240 Euro (§ 3a Absatz 2 Nummer 4),</LA></DD><DT>e)</DT><DD Font="normal"><LA Size="normal">für leistungsberechtigte Kinder vom Beginn des siebten bis zur Vollendung des 14. Lebensjahres 182 Euro (§ 3a Absatz 2 Nummer 5),</LA></DD><DT>f)</DT><DD Font="normal"><LA Size="normal">für leistungsberechtigte Kinder bis zur Vollendung des sechsten Lebensjahres 161 Euro (§ 3a Absatz 2 Nummer 6).</LA></DD></DL></LA></DD></DL></P></Content></text><fussnoten><Content><P>Nummer 1 und 2 Kursivdruck: Wegen offensichtlicher Unrichtigkeit wird die  Bezeichnung &quot;Regelbedarfsermittlungsgesetzes&quot; durch die amtliche Kurzbezeichnung &quot;Regelbedarfs-Ermittlungsgesetzes&quot; ersetzt</P></Content></fussnoten></textdaten></norm>
<norm builddate="20231027213506" doknr="BJNR260100022BJNE000200000"><metadaten><jurabk>AsylbLG§3aAbs4Bek 2023</jurabk><enbez>Schlussformel</enbez></metadaten><textdaten><text format="XML"><Content><P><SP>Bundesministerium für Arbeit und Soziales</SP></P></Content></text></textdaten></norm>
</dokumente>