<?xml version="1.0" encoding="UTF-8" ?><!DOCTYPE dokumente SYSTEM "http://www.gesetze-im-internet.de/dtd/1.01/gii-norm.dtd">
<dokumente builddate="20251118220008" doknr="BJNR217210018"><norm builddate="20251118220008" doknr="BJNR217210018"><metadaten><jurabk>AtEV</jurabk><amtabk>AtEV</amtabk><ausfertigung-datum manuell="ja">2018-11-29</ausfertigung-datum><fundstelle typ="amtlich"><periodikum>BGBl I</periodikum><zitstelle>2018, 2034, 2172 (2021 I 5261)</zitstelle></fundstelle><kurzue>Atomrechtliche Entsorgungsverordnung</kurzue><langue>Verordnung über Anforderungen und Verfahren zur Entsorgung radioaktiver Abfälle</langue></metadaten><textdaten><text format="XML"><Content><P>Diese Verordnung dient der Umsetzung der Richtlinie 2013/59/Euratom des Rates vom 5. Dezember 2013 zur Festlegung grundlegender Sicherheitsnormen für den Schutz vor den Gefahren einer Exposition gegenüber ionisierender Strahlung und zur Aufhebung der Richtlinien 89/618/Euratom, 90/641/Euratom, 96/29/Euratom, 97/43/Euratom und 2003/122/Euratom (ABl. L 13 vom 17.1.2014, S. 1).</P></Content></text><fussnoten><Content><P><BR/> <pre xml:space="preserve">(+++ Textnachweis ab: 31.12.2018 +++)<BR/>(+++ Zur Anwendung vgl. § 2 Abs. 4, § 3 Abs. 2 Satz 3, § 3 Abs. 3 Satz 2 und<BR/>     § 4 Abs. 5 +++)<BR/>(+++ Amtlicher Hinweis des Normgebers auf EG-Recht:<BR/>     Umsetzung der<BR/>       EARL 59/2013            (CELEX Nr: 32013L0059) +++)<BR/><BR/></pre>Die V wurde als Artikel 3 der V v. 29.11.2018 I 2034; 2021 I 5261 von der Bundesregierung, dem Bundesministerium für Umwelt, Naturschutz und nukleare Sicherheit, dem Bundesministerium für Wirtschaft und Energie, dem Bundesministerium für Gesundheit, dem Bundesministerium für Ernährung und Landwirtschaft und dem Bundesministerium für Verkehr und digitale Infrastruktur nach Anhörung der beteiligten Kreise im Einvernehmen mit dem Bundesministerium für Umwelt, Naturschutz und nukleare Sicherheit, mit dem Bundesministerum für Verkehr und digitale Infrastruktur, mit dem Bundesministerium für Wirtschaft und Energie, mit dem Bundesministerium des Innern, für Bau und Heimat und mit dem Bundesministerium für Gesundheit im Benehmen mit dem Bundesministerium für Bildung und Forschung mit Zustimmung des Bundesrates beschlossen. Sie ist gem.  Art. 20 Abs. 1 Satz 1 dieser V am 31.12.2018 in Kraft getreten.</P></Content></fussnoten></textdaten></norm>
<norm builddate="20251118220008" doknr="BJNR217210018BJNE000100000"><metadaten><jurabk>AtEV</jurabk><enbez>§ 1</enbez><titel format="XML">Anfall und Verbleib</titel></metadaten><textdaten><text format="XML"><Content><P>(1) Wer eine Tätigkeit nach § 5, § 6, § 7, § 9 oder § 9b des Atomgesetzes oder nach § 12 Absatz 1 Nummer 1, Nummer 2 oder Nummer 3 des Strahlenschutzgesetzes plant oder ausübt, ist verpflichtet, <DL Type="arabic"><DT>1.</DT><DD Font="normal"><LA>vor Beginn der Tätigkeit den erwarteten jährlichen Anfall von radioaktiven Abfällen für die Dauer des gesamten Tätigkeitszeitraumes abzuschätzen und diesen der zuständigen Behörde unter Angabe des geplanten Verbleibs der radioaktiven Abfälle mitzuteilen und</LA></DD><DT>2.</DT><DD Font="normal"><LA>nach Beginn der Tätigkeit den Verbleib der radioaktiven Abfälle nachzuweisen und hierzu <DL Type="alpha"><DT>a)</DT><DD Font="normal"><LA>den erwarteten Anfall an radioaktiven Abfällen für das laufende Kalenderjahr ab Beginn der Tätigkeit und danach für jedes nächste Kalenderjahr abzuschätzen und dabei Angaben über den Verbleib zu machen und</LA></DD><DT>b)</DT><DD Font="normal"><LA>den Anfall radioaktiver Abfälle seit dem letzten Stichtag und den Bestand zum Stichtag anzugeben.</LA></DD></DL></LA></DD></DL></P><P>(2) Die Angaben nach Absatz 1 Nummer 2 sind jeweils zum Stichtag 31. Dezember fortzuschreiben und bis zum darauf folgenden 31. März der zuständigen Behörde vorzulegen und durch diese an den Dritten nach § 9a Absatz 3 Satz 2 zweiter Halbsatz des Atomgesetzes zu übermitteln. Sie sind unverzüglich fortzuschreiben und der zuständigen Behörde vorzulegen und durch diese an den Dritten nach § 9a Absatz 3 Satz 2 zweiter Halbsatz des Atomgesetzes zu übermitteln, falls sich wesentliche Änderungen ergeben.</P><P>(3) Die Absätze 1 und 2 gelten nicht für bestrahlte Brennelemente und solche radioaktiven Abfälle aus der Wiederaufarbeitung, die nach Anlage Teil D erfasst werden; § 9a Absatz 1a bis 1e des Atomgesetzes bleibt unberührt. Die Absätze 1 und 2 gelten ferner nicht für radioaktive Abfälle, die nach § 5 Absatz 4 an Landessammelstellen abzuliefern sind, sofern die radioaktiven Abfälle unbehandelt sind. Abweichend von Satz 2 gelten die Absätze 1 und 2 entsprechend für denjenigen, der radioaktive Abfälle im Sinne des Satzes 2 von Abfallverursachern übernimmt und hierdurch selbst ablieferungspflichtig wird.</P></Content></text><fussnoten><Content><P>(+++ § 1 Abs. 3 Satz 2 und 3: Zur Anwendung vgl. § 2 Abs. 4 +++) <BR/>(+++ § 1 Abs. 3: Zur Anwendung vgl. § 3 Abs. 2 Satz 3, § 3 Abs. 3 Satz 2 u. § 4 Abs. 5 +++)</P></Content></fussnoten></textdaten></norm>
<norm builddate="20251118220008" doknr="BJNR217210018BJNE000200000"><metadaten><jurabk>AtEV</jurabk><enbez>§ 2</enbez><titel format="XML">Pflicht zur Erfassung</titel></metadaten><textdaten><text format="XML"><Content><P>(1) Wer eine Tätigkeit nach § 5, § 6, § 7, § 9 oder § 9b des Atomgesetzes oder nach § 12 Absatz 1 Nummer 1, Nummer 2 oder Nummer 3 des Strahlenschutzgesetzes ausübt, ist verpflichtet, <DL Type="arabic"><DT>1.</DT><DD Font="normal"><LA>die radioaktiven Abfälle nach Anlage Teil A und Teil B zu erfassen sowie</LA></DD><DT>2.</DT><DD Font="normal"><LA>bestrahlte Brennelemente und radioaktive Abfälle aus der Wiederaufarbeitung nach Teil D zu erfassen.</LA></DD></DL>Bei Änderungen sind die erfassten Angaben zu aktualisieren. Besitzt ein anderer als der nach § 9a Absatz 1 des Atomgesetzes zur Entsorgung Verpflichtete die Abfälle, so hat dieser Besitzer bei Änderungen der erfassten Angaben die Änderungen nach den in Satz 1 genannten Vorgaben zu erfassen und die erfassten Angaben dem nach § 9a Absatz 1 des Atomgesetzes, auch in Verbindung mit § 2 Absatz 2 des Entsorgungsübergangsgesetzes, zur Entsorgung Verpflichteten zur Verfügung zu stellen.</P><P>(2) Die erfassten Angaben sind in elektronischen Buchführungssystemen so aufzuzeichnen, dass sie der zuständigen Behörde auf Anfrage unverzüglich zur Verfügung gestellt werden können. Die Buchführungssysteme sind von dem nach § 9a Absatz 1 des Atomgesetzes Verpflichteten einzurichten und bedürfen der Zustimmung der zuständigen Behörde.</P><P>(3) Die Angaben in den elektronischen Buchführungssystemen sind nach der Ablieferung der radioaktiven Abfälle an die Landessammelstelle oder an eine Anlage des Bundes zur Sicherstellung und zur Endlagerung radioaktiver Abfälle mindestens ein Jahr lang bereitzuhalten.</P><P>(4) § 1 Absatz 3 Satz 2 und 3 gilt entsprechend.</P></Content></text></textdaten></norm>
<norm builddate="20251118220008" doknr="BJNR217210018BJNE000300000"><metadaten><jurabk>AtEV</jurabk><enbez>§ 3</enbez><titel format="XML">Behandlung und Verpackung</titel></metadaten><textdaten><text format="XML"><Content><P>(1) Die zuständige Behörde oder eine von ihr bestimmte Stelle kann die Art der Behandlung und Verpackung radioaktiver Abfälle vor deren Ablieferung entsprechend den jeweiligen Anforderungen der Einrichtung, an die abzuliefern ist, anordnen und einen Nachweis über die Einhaltung dieser Anordnung verlangen. Der Dritte nach § 9a Absatz 3 Satz 2 zweiter Halbsatz des Atomgesetzes legt alle sicherheitstechnischen Anforderungen an Abfallgebinde, die für die Endlagerung bestimmt sind, sowie die Vorgaben für die Behandlung der darin enthaltenen Abfälle fest und stellt die Endlagerfähigkeit der nach diesen Anforderungen und Vorgaben hergestellten Abfallgebinde fest.</P><P>(2) Bei der Behandlung und Verpackung radioaktiver Abfälle zur Herstellung endlagerfähiger Abfallgebinde sind Verfahren anzuwenden, deren Anwendung der Dritte nach § 9a Absatz 3 Satz 2 zweiter Halbsatz des Atomgesetzes zugestimmt hat. Für radioaktive Abfälle, die nach § 5 Absatz 4 an Landessammelstellen abgeliefert worden sind und die nach Absatz 1 Satz 2 behandelt und verpackt wurden, trägt der Bund die Kosten, die sich aus einer nachträglichen Änderung der Anforderungen und Vorgaben ergeben. § 1 Absatz 3 gilt entsprechend.</P><P>(3) Behälter oder sonstige Einheiten zur Verpackung radioaktiver Abfälle sind mit einer Kennzeichnung nach Anlage Teil B zu versehen. § 1 Absatz 3 gilt entsprechend.</P><P>(4) Anforderungen auf der Grundlage des Gefahrgutbeförderungsgesetzes bleiben unberührt.</P></Content></text></textdaten></norm>
<norm builddate="20251118220008" doknr="BJNR217210018BJNE000400000"><metadaten><jurabk>AtEV</jurabk><enbez>§ 4</enbez><titel format="XML">Pflichten bei Abgabe und Empfang</titel></metadaten><textdaten><text format="XML"><Content><P>(1) Wer radioaktive Abfälle abgibt, ist verpflichtet, vorher eine schriftliche Erklärung des Empfängers über dessen Annahmebereitschaft einzuholen. Er hat dem Empfänger dabei die erfassten Angaben nach § 2 Absatz 1 zu überlassen, sofern entsprechend vorhanden, in elektronischer Form nach § 2 Absatz 2 Satz 1.</P><P>(2) Wer radioaktive Abfälle zur Beförderung abgibt, ist verpflichtet, dies der für ihn zuständigen Behörde mindestens fünf Arbeitstage vor Beginn der Beförderung mitzuteilen. Die Mitteilung erfolgt in Form einer Transportmeldung nach Anlage Teil C. Ein Abdruck der Transportmeldung ist gleichzeitig dem Empfänger zuzusenden. Kann das Datum der Beförderung in der Transportmeldung noch nicht verbindlich genannt werden, ist dieses mindestens zwei Arbeitstage vor dem Beginn der Beförderung, abgesehen von der kürzeren Vorlauffrist, entsprechend den Sätzen 1 und 2 nachzumelden und dem Empfänger mitzuteilen. Die Sätze 1 und 2 gelten bezogen auf den erhaltenen Abdruck der Transportmeldung entsprechend auch für den Empfänger der radioaktiven Abfälle, falls für ihn eine andere Behörde zuständig ist als für den Abgebenden. Ein nach Satz 4 nachgemeldetes Datum hat der Empfänger nach Erhalt der für ihn zuständigen Behörde mitzuteilen, falls für ihn eine andere Behörde zuständig ist als für den Abgebenden.</P><P>(3) Der Empfänger ist verpflichtet, <DL Type="arabic"><DT>1.</DT><DD Font="normal"><LA>unverzüglich die erhaltenen radioaktiven Abfälle mit den Angaben der Transportmeldung abzugleichen und festgestellte Unstimmigkeiten der für ihn zuständigen Behörde mitzuteilen,</LA></DD><DT>2.</DT><DD Font="normal"><LA>den Abgebenden unverzüglich schriftlich über die Annahme der radioaktiven Abfälle zu unterrichten und</LA></DD><DT>3.</DT><DD Font="normal"><LA>die Angaben nach § 2 Absatz 1 in sein Buchführungssystem zu übernehmen.</LA></DD></DL></P><P>(4) Absatz 2 und Absatz 3 Nummer 1 gelten nicht für Verbringungen nach § 5 Absatz 2 der Atomrechtlichen Abfallverbringungsverordnung.</P><P>(5) § 1 Absatz 3 gilt entsprechend.</P></Content></text></textdaten></norm>
<norm builddate="20251118220008" doknr="BJNR217210018BJNE000500000"><metadaten><jurabk>AtEV</jurabk><enbez>§ 5</enbez><titel format="XML">Ablieferungspflicht</titel></metadaten><textdaten><text format="XML"><Content><P>(1) Radioaktive Abfälle sind an eine Anlage des Bundes zur Sicherstellung und zur Endlagerung radioaktiver Abfälle abzuliefern, wenn sie entstanden sind <DL Type="arabic"><DT>1.</DT><DD Font="normal"><LA>bei der staatlichen Verwahrung von Kernbrennstoffen nach § 5 Absatz 3 und 4 des Atomgesetzes,</LA></DD><DT>2.</DT><DD Font="normal"><LA>bei der Aufbewahrung nach § 6 des Atomgesetzes,</LA></DD><DT>3.</DT><DD Font="normal"><LA>in den nach § 7 des Atomgesetzes genehmigungsbedürftigen Anlagen,</LA></DD><DT>4.</DT><DD Font="normal"><LA>bei Tätigkeiten nach § 9 des Atomgesetzes oder</LA></DD><DT>5.</DT><DD Font="normal"><LA>bei Tätigkeiten, die nur auf Grund von § 2 Absatz 3 des Atomgesetzes als Umgang mit sonstigen radioaktiven Stoffen gelten und daher nicht der Genehmigungspflicht für den Umgang mit Kernbrennstoffen nach § 9 des Atomgesetzes unterfallen.</LA></DD></DL></P><P>(2) Absatz 1 ist auch anzuwenden auf radioaktive Abfälle aus einem Umgang nach § 12 Absatz 1 Nummer 3 des Strahlenschutzgesetzes, wenn <DL Type="arabic"><DT>1.</DT><DD Font="normal"><LA>dieser Umgang im Zusammenhang mit einer der Tätigkeiten nach Absatz 1 erfolgt oder</LA></DD><DT>2.</DT><DD Font="normal"><LA>wenn sich eine nach dem Atomgesetz erteilte Genehmigung gemäß § 10a Absatz 2 des Atomgesetzes auf einen Umgang nach § 12 Absatz 1 Nummer 3 des Strahlenschutzgesetzes erstreckt.</LA></DD></DL></P><P>(3) Andere radioaktive Abfälle dürfen nur dann an eine Anlage des Bundes zur Sicherstellung und zur Endlagerung radioaktiver Abfälle abgeliefert werden, wenn die für den Abfallerzeuger zuständige Landesbehörde dies zugelassen hat. Im Falle der Zulassung entfällt die Pflicht zur Ablieferung an eine Landessammelstelle nach Absatz 4.</P><P>(4) Radioaktive Abfälle sind an die zuständige Landessammelstelle abzuliefern, wenn sie entstanden sind <DL Type="arabic"><DT>1.</DT><DD Font="normal"><LA>bei einem Umgang nach § 12 Absatz 1 Nummer 3 des Strahlenschutzgesetzes oder</LA></DD><DT>2.</DT><DD Font="normal"><LA>bei einem genehmigungsbedürftigen Betrieb von Anlagen zur Erzeugung ionisierender Strahlen nach § 12 Absatz 1 Nummer 1 des Strahlenschutzgesetzes,</LA></DD></DL>es sei denn, diese Abfälle sind nach Absatz 1 Nummer 5 an eine Anlage des Bundes zur Sicherstellung und zur Endlagerung radioaktiver Abfälle abzuliefern.</P><P>(5) Die in den Absätzen 1 und 2 genannten radioaktiven Abfälle dürfen an eine Landessammelstelle nur dann abgeliefert werden, wenn die für den Abfallerzeuger zuständige Landesbehörde dies zugelassen hat. Im Falle der Zulassung entfällt die Ablieferungspflicht an eine Anlage des Bundes nach Absatz 1 oder 2.</P><P>(6) Die Landessammelstelle führt die bei ihr zwischengelagerten radioaktiven Abfälle grundsätzlich an eine Anlage des Bundes zur Sicherstellung und zur Endlagerung radioaktiver Abfälle ab.</P></Content></text></textdaten></norm>
<norm builddate="20251118220008" doknr="BJNR217210018BJNE000600000"><metadaten><jurabk>AtEV</jurabk><enbez>§ 6</enbez><titel format="XML">Ausnahmen von der Ablieferungspflicht</titel></metadaten><textdaten><text format="XML"><Content><P>(1) Die Ablieferungspflicht nach § 5 bezieht sich nicht auf radioaktive Abfälle, deren anderweitige Beseitigung oder Abgabe im Einzelfall oder für einzelne Abfallarten im Einvernehmen mit der für den Empfänger der radioaktiven Abfälle zuständigen Behörde angeordnet oder genehmigt worden ist. Die Ablieferungspflicht nach § 5 ruht, solange <DL Type="arabic"><DT>1.</DT><DD Font="normal"><LA>über einen Antrag auf Freigabe nach § 32 der Strahlenschutzverordnung noch nicht entschieden worden ist oder</LA></DD><DT>2.</DT><DD Font="normal"><LA>eine anderweitige Zwischenlagerung der radioaktiven Abfälle angeordnet oder genehmigt ist.</LA></DD></DL></P><P>(2) Die Genehmigungsvoraussetzungen nach § 13 Absatz 1 bis 3 des Strahlenschutzgesetzes gelten für eine Genehmigung <DL Type="arabic"><DT>1.</DT><DD Font="normal"><LA>nach § 12 Absatz 1 Nummer 3 des Strahlenschutzgesetzes in Verbindung mit Absatz 1 Satz 1 zweiter Halbsatz für die anderweitige Beseitigung oder</LA></DD><DT>2.</DT><DD Font="normal"><LA>nach § 12 Absatz 1 Nummer 3 des Strahlenschutzgesetzes in Verbindung mit Absatz 1 Satz 2 Nummer 2 für die anderweitige Zwischenlagerung radioaktiver Abfälle.</LA></DD></DL>In den Fällen des § 5 Absatz 3 und 4 darf diese Genehmigung nur erteilt werden, wenn ein Bedürfnis für die anderweitige Beseitigung oder Zwischenlagerung besteht.</P></Content></text></textdaten></norm>
<norm builddate="20251118220008" doknr="BJNR217210018BJNE000700000"><metadaten><jurabk>AtEV</jurabk><enbez>§ 7</enbez><titel format="XML">Zwischenlagerung</titel></metadaten><textdaten><text format="XML"><Content><P>(1) Bis zur Inbetriebnahme von Anlagen des Bundes zur Sicherstellung und zur Endlagerung radioaktiver Abfälle sind die nach § 5 Absatz 1 oder 2 abzuliefernden radioaktiven Abfälle vom Ablieferungspflichtigen zwischenzulagern. Die Zwischenlagerung kann auch von mehreren Ablieferungspflichtigen gemeinsam oder durch Dritte erfolgen. § 2 des Entsorgungsübergangsgesetzes bleibt unberührt.</P><P>(2) Nach Inbetriebnahme von Anlagen des Bundes zur Sicherstellung und zur Endlagerung radioaktiver Abfälle werden die zwischengelagerten radioaktiven Abfälle von dem Dritten nach § 9a Absatz 3 Satz 2 zweiter Halbsatz des Atomgesetzes abgerufen.</P></Content></text></textdaten></norm>
<norm builddate="20251118220008" doknr="BJNR217210018BJNE000800000"><metadaten><jurabk>AtEV</jurabk><enbez>§ 8</enbez><titel format="XML">Umgehungsverbot</titel></metadaten><textdaten><text format="XML"><Content><P>Niemand darf sich den Pflichten dieser Verordnung dadurch entziehen, dass er radioaktive Abfälle aus zulassungsbedürftigen Tätigkeiten ohne Zulassung unter Inanspruchnahme der Regelung des § 5 Absatz 1 der Strahlenschutzverordnung durch Verdünnung oder Aufteilung in Freigrenzenmengen beseitigt, beseitigen lässt oder die Beseitigung dieser radioaktiven Abfälle ermöglicht. § 34 der Strahlenschutzverordnung bleibt unberührt.</P></Content></text></textdaten></norm>
<norm builddate="20251118220008" doknr="BJNR217210018BJNE000900000"><metadaten><jurabk>AtEV</jurabk><enbez>§ 9</enbez><titel format="XML">Strahlenschutzvorschriften</titel></metadaten><textdaten><text format="XML"><Content><P>Der Strahlenschutzverantwortliche hat dafür zu sorgen, dass die in § 1 Absatz 1 und 2 Satz 2, § 2 Absatz 1 und 2 Satz 1, Absatz 3 und 4, § 3 Absatz 2 und 3, § 4 Absatz 1 bis 3, § 5 Absatz 1 bis 5, § 7 Absatz 1 Satz 1 sowie § 8 Satz 1 vorgesehenen Schutzvorschriften eingehalten werden. Für den Strahlenschutzbeauftragten gilt Satz 1 entsprechend. Die §§ 69 bis 75 des Strahlenschutzgesetzes bleiben unberührt.</P></Content></text></textdaten></norm>
<norm builddate="20251118220008" doknr="BJNR217210018BJNE001000000"><metadaten><jurabk>AtEV</jurabk><enbez>§ 10</enbez><titel format="XML">Ordnungswidrigkeiten</titel></metadaten><textdaten><text format="XML"><Content><P>Ordnungswidrig im Sinne des § 46 Absatz 1 Nummer 4 des Atomgesetzes handelt, wer vorsätzlich oder fahrlässig entgegen § 9 Satz 1, auch in Verbindung mit Satz 2, nicht dafür sorgt, dass eine dort genannte Vorschrift eingehalten wird.</P></Content></text></textdaten></norm>
<norm builddate="20251118220008" doknr="BJNR217210018BJNE001100000"><metadaten><jurabk>AtEV</jurabk><enbez>§ 11</enbez><titel format="XML">Übergangsvorschriften</titel></metadaten><textdaten><text format="XML"><Content><P>(1) Verwaltungsakte, die auf Grund der §§ 72 bis 79 einschließlich der Anlage X der Strahlenschutzverordnung in der bis zum 31. Dezember 2018 geltenden Fassung erlassen wurden, gelten als solche nach dieser Verordnung fort.</P><P>(2) Soweit nach § 2 zu erfassende Angaben zum Zeitpunkt des Inkrafttretens dieser Verordnung nicht elektronisch vorliegen, sind sie bis zum 31. Dezember 2026 in elektronische Buchführungssysteme zu überführen.</P></Content></text></textdaten></norm>
<norm builddate="20251118220008" doknr="BJNR217210018BJNE001200000"><metadaten><jurabk>AtEV</jurabk><enbez>Anlage</enbez><titel format="XML"><BR/>Kategorisierung, Buchführung und Transportmeldung radioaktiver Abfälle mit vernachlässigbarer Wärmeentwicklung sowie bereitzustellende Daten über bestrahlte Brennelemente und radioaktive Abfälle aus der Wiederaufarbeitung</titel></metadaten><textdaten><text format="XML"><Content><P><noindex><kommentar typ="Fundstelle">(Fundstelle: BGBl. I 2018, 2176 - 2186)</kommentar></noindex></P><BR/><Title Align="left" Class="S1">Teil A: Kategorisierung radioaktiver Abfälle mit vernachlässigbarer Wärmeentwicklung</Title><P>Radioaktive Abfälle <B>mit vernachlässigbarer Wärmeentwicklung</B> werden nach ihrem Verarbeitungszustand in die folgenden Kategorien eingeteilt:</P><P><B>Tabelle 1<BR/> Kategorien</B></P><table colsep="1" frame="none" rowsep="0" tabstyle="Artikel2_Tab1" tocentry="%yes;"><tgroup align="left" char="" charoff="50" cols="2"><colspec colname="col1" colwidth="10*"/><colspec align="justify" colname="col2" colwidth="90*"/><thead valign="bottom"><row><entry VJ="1" colname="col1" rowsep="1">Code</entry><entry VJ="1" align="left" colname="col2" rowsep="1">Verarbeitungszustand</entry></row></thead><tbody valign="top"><row><entry VJ="1" colname="col1">RA</entry><entry VJ="1" colname="col2">Rohabfall:</entry></row><row><entry VJ="1" colname="col1"/><entry VJ="1" colname="col2">Unverarbeitete, teilweise vorsortierte, radioaktive Abfälle in ihrer Entstehungsform.</entry></row><row><entry VJ="1" colname="col1">VA</entry><entry VJ="1" colname="col2">Vorbehandelter Abfall:</entry></row><row><entry VJ="1" colname="col1"/><entry VJ="1" colname="col2">Vorbehandelte radioaktive Rohabfälle, für die weitere Behandlungsschritte vorgesehen sind.</entry></row><row><entry VJ="1" colname="col1">P1</entry><entry VJ="1" colname="col2">Abfallprodukte in Innenbehältern:</entry></row><row><entry VJ="1" colname="col1"/><entry VJ="1" colname="col2">In Innenbehältern verpackte Abfallprodukte, die in standardisierte, zur Endlagerung vorgesehene Behältergrundtypen (Endlagerbehälter) eingebracht werden sollen. Die Abfallprodukte werden in der Regel nach qualifizierten Verfahren hergestellt, sind jedoch noch nicht abschließend für das Endlager Konrad produktkontrolliert. Ihre Verarbeitung ist abgeschlossen und unterliegt bis auf eine ggf. erforderliche Nachtrocknung voraussichtlich keiner physikalischen oder chemischen Veränderung durch Behandlungsschritte mehr.</entry></row><row><entry VJ="1" colname="col1">P2</entry><entry VJ="1" colname="col2">Produktkontrollierte Abfallprodukte:</entry></row><row><entry VJ="1" colname="col1"/><entry VJ="1" colname="col2">In Innenbehältern verpackte Abfallprodukte, die für das Einbringen in standardisierte Endlagerbehälter vorgesehen sind und die ein qualifiziertes, durch die Produktkontrolle begleitetes und testiertes Konditionierungsverfahren für das Endlager Konrad durchlaufen haben. Die Dokumentation ist erstellt, eingereicht, von einem Gutachter und dem Dritten nach § 9a Absatz 3 Satz 2 zweiter Halbsatz des Atomgesetzes geprüft und positiv bewertet.</entry></row><row><entry VJ="1" colname="col1"/><entry VJ="1" colname="col2">Hinweis: Die Einstufung in Kategorie P2 ist auch dann vorzunehmen, wenn die radiologische Produktkontrolle bereits abgeschlossen, die stoffliche Produktkontrolle jedoch noch nicht durchgeführt bzw. abgeschlossen wurde.</entry></row><row><entry VJ="1" colname="col1">G1</entry><entry VJ="1" colname="col2">Abfallgebinde bzw. in Endlagerbehälter verpackte Abfallprodukte:</entry></row><row><entry VJ="1" colname="col1"/><entry VJ="1" colname="col2">In standardisierten Endlagerbehältern verpackte Abfallprodukte mit oder ohne Innenbehälter. Die Abfallprodukte werden in der Regel nach qualifizierten Verfahren hergestellt, sind jedoch noch nicht abschließend für das Endlager Konrad produktkontrolliert.</entry></row><row><entry VJ="1" colname="col1">G2</entry><entry VJ="1" colname="col2">Produktkontrollierte Abfallgebinde:</entry></row><row><entry VJ="1" colname="col1"/><entry VJ="1" colname="col2">Abfallgebinde, die entsprechend den Erfordernissen der Endlagerungsbedingungen für das Endlager Konrad produktkontrolliert und dokumentiert sind und deren Endlagerfähigkeit durch den Dritten nach § 9a Absatz 3 Satz 2 zweiter Halbsatz des Atomgesetzes bestätigt wurde, wobei auch die stoffliche Produktkontrolle abgeschlossen sein muss.</entry></row></tbody></tgroup></table><P/><Title Align="left" Class="S1">Teil B: Buchführung über radioaktive Abfälle mit vernachlässigbarer Wärmeentwicklung</Title><P><DL Font="normal" Type="arabic"><DT>1.</DT><DD Font="normal"><LA Size="normal">Kennung für elektronische Buchführungssysteme</LA><LA Size="normal"><BR/>Jeder angefallene radioaktive Abfall, der als deklarierbare Einheit gekennzeichnet werden kann und keiner betrieblichen Änderung mehr unterzogen wird, ist zu erfassen und in der Dokumentation mit einer eindeutigen Kennung je Behälter oder Einheit zu versehen. Die Kennung hat aus einer Buchstaben- und Zahlenkombination zu bestehen, aufgeteilt wie folgt:<BR/></LA><LA Size="normal"><BR/><BR/><table colsep="0" pgwide="1" rowsep="0" tocentry="%yes;"><tgroup align="left" char="" charoff="50" cols="1"><colspec align="center" colname="col1"/><tbody valign="top"><row><entry VJ="1">AABBBCCCCDEEEEEE</entry></row></tbody></tgroup></table></LA><LA Size="normal"><BR/><BR/>Dabei gilt folgende Codierung: <BR/><BR/><table colsep="1" frame="none" rowsep="0" tabstyle="Artikel2_Tab1a" tocentry="%yes;"><tgroup align="left" char="" charoff="50" cols="2"><colspec colname="col1" colwidth="10*"/><colspec align="justify" colname="col2" colwidth="90*"/><tbody valign="top"><row><entry VJ="1" colname="col1">AA</entry><entry VJ="1" colname="col2">Die beiden ersten Stellen (AA) bezeichnen in codierter Form den Erfasser der Daten.</entry></row><row><entry VJ="1" colname="col1"/><entry VJ="1" colname="col2">Für die Erfassung durch den Verursacher ist der Code „_E“ zu verwenden. Codes für andere Erfasser werden auf Anfrage vom Dritten nach § 9a Absatz 3 Satz 2 zweiter Halbsatz des Atomgesetzes festgelegt, bei Bedarf aktualisiert und an zentraler Stelle zur Verfügung gestellt.</entry></row><row><entry VJ="1" colname="col1">BBB</entry><entry VJ="1" colname="col2">Die Stellen drei bis fünf (BBB) stehen für den Ablieferungspflichtigen/Abführungspflichtigen des Abfalls (Verursacherkürzel).</entry></row><row><entry VJ="1" colname="col1"/><entry VJ="1" colname="col2">Das Verursacherkürzel wird vom Dritten nach § 9a Absatz 3 Satz 2 zweiter Halbsatz des Atomgesetzes in einer Kürzelliste festgelegt, bei Bedarf aktualisiert und an zentraler Stelle zur Verfügung gestellt.</entry></row><row><entry VJ="1" colname="col1">CCCC</entry><entry VJ="1" colname="col2">Die Stellen sechs bis neun (CCCC) sind Ziffern und bezeichnen das Jahr, in dem der Abfall erfasst wird.</entry></row><row><entry VJ="1" colname="col1">D</entry><entry VJ="1" colname="col2">Die zehnte Stelle (D) bezeichnet den Verarbeitungszustand wie folgt:<BR/><BR/> R Rohabfall (Kategorie gemäß Teil A: RA)<BR/> Z Zwischenprodukt (Kategorie gemäß Teil A: VA)<BR/> K Konditionierter Abfall (Kategorie gemäß Teil A: P1, P2, G1, G2)<BR/></entry></row><row><entry VJ="1" colname="col1"/><entry VJ="1" colname="col2">Hinweis: Die o. g. Zuordnung des Verarbeitungszustandes zur Kategorie gemäß Teil A kann für in der Vergangenheit erfasste Datensätze abweichen.</entry></row><row><entry VJ="1" colname="col1">EEEEEE</entry><entry VJ="1" colname="col2">Die Stellen elf bis sechszehn (EEEEEE) stehen für eine eindeutige Nummer bezogen auf die vorangegangene Kombination AABBBCCCCD.</entry></row></tbody></tgroup></table><BR/><BR/></LA><LA Size="normal">Beispiel 1: _E<FnR ID="f804921_09_BJNR217210018BJNE001200000"/>KWG<FnR ID="f804921_10_BJNR217210018BJNE001200000"/>2016<FnR ID="f804921_11_BJNR217210018BJNE001200000"/>R<FnR ID="f804921_12_BJNR217210018BJNE001200000"/>000001<FnR ID="f804921_13_BJNR217210018BJNE001200000"/></LA></DD><DT>2.</DT><DD Font="normal"><LA Size="normal">Kennzeichnung von Abfallgebinden<BR/><BR/></LA><LA Size="normal">Die Kennzeichnung der Abfallgebinde, die an eine Anlage des Bundes zur Sicherstellung und zur Endlagerung radioaktiver Abfälle abzuliefern sind, erfolgt nach folgender einheitlicher Kombination (Abfallgebindenummer):</LA><LA Size="normal"><BR/><BR/><table colsep="0" pgwide="1" rowsep="0" tocentry="%yes;"><tgroup align="left" char="" charoff="50" cols="1"><colspec align="center" colname="col1"/><tbody valign="top"><row><entry VJ="1">BBBFFFFFFF</entry></row></tbody></tgroup></table><BR/><BR/></LA><LA Size="normal">Dabei gilt folgende Codierung:<BR/><BR/><table colsep="1" frame="none" rowsep="0" tabstyle="Artikel2_Tab1b" tocentry="%yes;"><tgroup align="left" char="" charoff="50" cols="2"><colspec colname="col1" colwidth="10*"/><colspec align="justify" colname="col2" colwidth="90*"/><tbody valign="top"><row><entry VJ="1" colname="col1">BBB</entry><entry VJ="1" colname="col2">Das Verursacherkürzel wird vom Dritten nach § 9a Absatz 3 Satz 2 zweiter Halbsatz des Atomgesetzes in einer Kürzelliste festgelegt, bei Bedarf aktualisiert und an zentraler Stelle zur Verfügung gestellt.</entry></row><row><entry VJ="1" colname="col1">FFFFFFF</entry><entry VJ="1" colname="col2">Die Stellen vier bis zehn (FFFFFFF) stehen für eine eindeutige siebenstellige Nummer bezogen auf das Verursacherkürzel.</entry></row></tbody></tgroup></table><BR/><BR/></LA><LA Size="normal">Im Falle der Neufestlegung eines Verursacherkürzels dürfen bereits bestehende Verursacherkürzel weiterverwendet werden, solange sie in der Kürzelliste weiter aufgeführt sind. Auch bereits von den Ablieferungs- oder Abführungspflichtigen verwendete sechsstellige fortlaufende Nummern können, solange eine eindeutige Zuordnung des Gebindes möglich ist, weiterverwendet werden.</LA><LA Size="normal"><BR/><BR/>Beispiel 2: KWG<FnR ID="f804921_14_BJNR217210018BJNE001200000"/>0000002<FnR ID="f804921_15_BJNR217210018BJNE001200000"/><BR/><BR/><BR/><BR/>____________<FnArea Line="1" Size="normal"><FnR ID="f804921_09_BJNR217210018BJNE001200000"/><FnR ID="f804921_10_BJNR217210018BJNE001200000"/><FnR ID="f804921_11_BJNR217210018BJNE001200000"/><FnR ID="f804921_12_BJNR217210018BJNE001200000"/><FnR ID="f804921_13_BJNR217210018BJNE001200000"/><FnR ID="f804921_14_BJNR217210018BJNE001200000"/><FnR ID="f804921_15_BJNR217210018BJNE001200000"/></FnArea><BR/><BR/></LA></DD><DT>3.</DT><DD Font="normal"><LA Size="normal">Kennzeichnung von Behältern (Behälternummer)<BR/><BR/></LA><LA Size="normal">Behälter, in denen radioaktive Abfälle zur Sammlung, Verarbeitung oder zum Transport verpackt werden, sind mit einer innerhalb der Anlage unverwechselbaren und dauerhaften Identnummer, zum Beispiel der Herstellernummer oder einer individuell festgelegten Nummer, zu versehen. Endlagerbehälter sind spätestens vor Abgabe an das Endlager mit der Abfallgebindenummer und der Prüfzeugnisnummer des Endlagerbehälters zu kennzeichnen.<BR/><BR/></LA></DD><DT>4.</DT><DD Font="normal"><LA Size="normal">Datenerfassung<BR/><BR/></LA><LA Size="normal">Ist in der nachfolgenden Tabelle ein Kreuz eingetragen, so ist die Angabe für die jeweils vorliegende Abfallart, sofern zutreffend, zu erfassen.<BR/><BR/><table colsep="1" frame="all" pgwide="1" rowsep="1" tabstyle="Artikel2_Tab2" tocentry="%yes;"><Title Align="auto" Class="S1"><B>Tabelle 2<BR/> Vorgaben zur systematischen Datenerfassung</B><BR/><BR/></Title><tgroup align="left" char="" charoff="50" cols="6"><colspec colname="col1" colnum="1" colwidth="15*"/><colspec colname="col2" colnum="2" colwidth="40*"/><colspec colname="col3" colnum="3" colwidth="25*"/><colspec align="center" colname="col4" colnum="4" colwidth="15*"/><colspec align="center" colname="col5" colnum="5" colwidth="15*"/><colspec align="center" colname="col6" colnum="6" colwidth="15*"/><thead valign="bottom"><row valign="middle"><entry VJ="1" colname="col1">Nummer</entry><entry VJ="1" colname="col2" nameend="col3" namest="col2">Angabe je Behälter oder Einheit</entry><entry VJ="1" colname="col4" nameend="col6" namest="col4">Verarbeitungszustand des<BR/> Abfalls nach Teil B, Ziffer 1, Buchstabe D</entry></row><row valign="middle"><entry VJ="1" colname="col1"/><entry VJ="1" colname="col2" nameend="col3" namest="col2"/><entry VJ="1" colname="col4">R</entry><entry VJ="1" colname="col5">Z</entry><entry VJ="1" colname="col6">K</entry></row></thead><tbody valign="top"><row><entry VJ="1" colname="col1"> 1</entry><entry VJ="1" colname="col2" nameend="col3" namest="col2">Kennung (Teil B Ziffer 1)</entry><entry VJ="1" colname="col4">X</entry><entry VJ="1" colname="col5">X</entry><entry VJ="1" colname="col6">X</entry></row><row><entry VJ="1" colname="col1"> 2</entry><entry VJ="1" colname="col2" nameend="col3" namest="col2">Abfallgebindenummer (Teil B Ziffer 2)</entry><entry VJ="1" colname="col4"/><entry VJ="1" colname="col5"/><entry VJ="1" colname="col6">X</entry></row><row><entry VJ="1" colname="col1"> 3</entry><entry VJ="1" colname="col2" nameend="col3" namest="col2">Kategorie (Teil A)</entry><entry VJ="1" colname="col4">X</entry><entry VJ="1" colname="col5">X</entry><entry VJ="1" colname="col6">X</entry></row><row><entry VJ="1" colname="col1"> 4</entry><entry VJ="1" colname="col2" nameend="col3" namest="col2">Abfallart (Teil B Tabelle 3)</entry><entry VJ="1" colname="col4">X</entry><entry VJ="1" colname="col5">X</entry><entry VJ="1" colname="col6">X</entry></row><row><entry VJ="1" colname="col1"> 5</entry><entry VJ="1" colname="col2" nameend="col3" namest="col2">Beschreibung des Abfallproduktes</entry><entry VJ="1" colname="col4"/><entry VJ="1" colname="col5"/><entry VJ="1" colname="col6">X</entry></row><row><entry VJ="1" colname="col1"> 6</entry><entry VJ="1" colname="col2" nameend="col3" namest="col2">Herkunft (Anlage/Betriebsteil/System/Sonstiges)</entry><entry VJ="1" colname="col4">X</entry><entry VJ="1" colname="col5"/><entry VJ="1" colname="col6"/></row><row><entry VJ="1" colname="col1"> 7</entry><entry VJ="1" colname="col2" nameend="col3" namest="col2">Datum des Anfalls</entry><entry VJ="1" colname="col4">X</entry><entry VJ="1" colname="col5">X</entry><entry VJ="1" colname="col6">X</entry></row><row><entry VJ="1" colname="col1"> 8</entry><entry VJ="1" colname="col2" nameend="col3" namest="col2">Abfallmasse in kg</entry><entry VJ="1" colname="col4">X</entry><entry VJ="1" colname="col5">X</entry><entry VJ="1" colname="col6">X</entry></row><row><entry VJ="1" colname="col1"> 9</entry><entry VJ="1" colname="col2" nameend="col3" namest="col2">Gebindemasse in kg</entry><entry VJ="1" colname="col4"/><entry VJ="1" colname="col5">X</entry><entry VJ="1" colname="col6">X</entry></row><row><entry VJ="1" colname="col1">10</entry><entry VJ="1" colname="col2" nameend="col3" namest="col2">Gebindevolumen in m<SUP>3</SUP></entry><entry VJ="1" colname="col4"/><entry VJ="1" colname="col5">X</entry><entry VJ="1" colname="col6">X</entry></row><row><entry VJ="1" colname="col1">11</entry><entry VJ="1" colname="col2" nameend="col3" namest="col2">Behältertyp</entry><entry VJ="1" colname="col4"/><entry VJ="1" colname="col5">X</entry><entry VJ="1" colname="col6">X</entry></row><row><entry VJ="1" colname="col1">12</entry><entry VJ="1" colname="col2" nameend="col3" namest="col2">Behälternummer (Teil B Ziffer 3)</entry><entry VJ="1" colname="col4">X<FnR ID="f804921_16_BJNR217210018BJNE001200000"/></entry><entry VJ="1" colname="col5">X</entry><entry VJ="1" colname="col6">X</entry></row><row><entry VJ="1" colname="col1">13</entry><entry VJ="1" colname="col2" morerows="1" valign="middle">Ortsdosisleistung in mSv/h</entry><entry VJ="1" colname="col3">Oberfläche</entry><entry VJ="1" colname="col4">X</entry><entry VJ="1" colname="col5">X</entry><entry VJ="1" colname="col6">X</entry></row><row><entry VJ="1" colname="col1">14</entry><entry VJ="1" colname="col3">1 m Abstand</entry><entry VJ="1" colname="col4">X</entry><entry VJ="1" colname="col5">X</entry><entry VJ="1" colname="col6">X</entry></row><row><entry VJ="1" colname="col1">15</entry><entry VJ="1" colname="col2" nameend="col3" namest="col2">Datum der Messung der Ortsdosisleistung</entry><entry VJ="1" colname="col4">X</entry><entry VJ="1" colname="col5">X</entry><entry VJ="1" colname="col6">X</entry></row><row><entry VJ="1" colname="col1">16</entry><entry VJ="1" colname="col2" morerows="1" valign="middle">Gesamtaktivität in Bq</entry><entry VJ="1" colname="col3"><F>β/γ</F>-Strahler</entry><entry VJ="1" colname="col4">X</entry><entry VJ="1" colname="col5">X</entry><entry VJ="1" colname="col6">X</entry></row><row><entry VJ="1" colname="col1">17</entry><entry VJ="1" colname="col3"><F>α</F>-Strahler</entry><entry VJ="1" colname="col4">X</entry><entry VJ="1" colname="col5">X</entry><entry VJ="1" colname="col6">X</entry></row><row><entry VJ="1" colname="col1">18</entry><entry VJ="1" colname="col2" nameend="col3" namest="col2">Kernbrennstoff gemäß § 2 des Atomgesetzes in g</entry><entry VJ="1" colname="col4">X</entry><entry VJ="1" colname="col5">X</entry><entry VJ="1" colname="col6">X</entry></row><row><entry VJ="1" colname="col1">19.1</entry><entry VJ="1" colname="col2" morerows="2" valign="middle">Aktivität zu berücksichtigender Radionuklide in Bq<FnR ID="f804921_17_BJNR217210018BJNE001200000"/></entry><entry VJ="1" colname="col3">Nr. 1</entry><entry VJ="1" colname="col4">X</entry><entry VJ="1" colname="col5">X</entry><entry VJ="1" colname="col6">X</entry></row><row><entry VJ="1" colname="col1">19.2</entry><entry VJ="1" colname="col3">Nr. 2</entry><entry VJ="1" colname="col4">X</entry><entry VJ="1" colname="col5">X</entry><entry VJ="1" colname="col6">X</entry></row><row><entry VJ="1" colname="col1">19.n</entry><entry VJ="1" colname="col3">Nr. n</entry><entry VJ="1" colname="col4">X</entry><entry VJ="1" colname="col5">X</entry><entry VJ="1" colname="col6">X</entry></row><row><entry VJ="1" colname="col1">20</entry><entry VJ="1" colname="col2" nameend="col3" namest="col2">Bezugsdatum der Aktivitätsangabe</entry><entry VJ="1" colname="col4">X</entry><entry VJ="1" colname="col5">X</entry><entry VJ="1" colname="col6">X</entry></row><row><entry VJ="1" colname="col1">21</entry><entry VJ="1" colname="col2" nameend="col3" namest="col2">Art der Aktivitätsbestimmung<FnR ID="f804921_18_BJNR217210018BJNE001200000"/></entry><entry VJ="1" colname="col4">X</entry><entry VJ="1" colname="col5">X</entry><entry VJ="1" colname="col6">X</entry></row><row><entry VJ="1" colname="col1">22</entry><entry VJ="1" colname="col2" nameend="col3" namest="col2">Rückstellprobe Nr.<FnR ID="f804921_19_BJNR217210018BJNE001200000"/></entry><entry VJ="1" colname="col4">X</entry><entry VJ="1" colname="col5">X</entry><entry VJ="1" colname="col6">X</entry></row><row><entry VJ="1" colname="col1">23</entry><entry VJ="1" colname="col2" nameend="col3" namest="col2">Datum der Ausbuchung</entry><entry VJ="1" colname="col4">X</entry><entry VJ="1" colname="col5">X</entry><entry VJ="1" colname="col6">X</entry></row><row><entry VJ="1" colname="col1">24</entry><entry VJ="1" colname="col2" nameend="col3" namest="col2">Referenz der Ausbuchung</entry><entry VJ="1" colname="col4">X</entry><entry VJ="1" colname="col5">X</entry><entry VJ="1" colname="col6">X</entry></row><row><entry VJ="1" colname="col1">25.1</entry><entry VJ="1" colname="col2" morerows="2" valign="middle">Stoffliche Zusammensetzung in kg</entry><entry VJ="1" colname="col3">Nr. 1</entry><entry VJ="1" colname="col4"/><entry VJ="1" colname="col5"/><entry VJ="1" colname="col6">X</entry></row><row><entry VJ="1" colname="col1">25.2</entry><entry VJ="1" colname="col3">Nr. 2</entry><entry VJ="1" colname="col4"/><entry VJ="1" colname="col5"/><entry VJ="1" colname="col6">X</entry></row><row><entry VJ="1" colname="col1">25.n</entry><entry VJ="1" colname="col3">Nr. n</entry><entry VJ="1" colname="col4"/><entry VJ="1" colname="col5"/><entry VJ="1" colname="col6">X</entry></row><row><entry VJ="1" colname="col1">26.1</entry><entry VJ="1" colname="col2" morerows="2" valign="middle">Kennung des verarbeiteten Rohabfalls oder Zwischenprodukts<FnR ID="f804921_20_BJNR217210018BJNE001200000"/><SUP>, </SUP><FnR ID="f804921_21_BJNR217210018BJNE001200000"/> (Teil B Tabelle 3)</entry><entry VJ="1" colname="col3">Nr. 1</entry><entry VJ="1" colname="col4"/><entry VJ="1" colname="col5">X</entry><entry VJ="1" colname="col6">X</entry></row><row><entry VJ="1" colname="col1">26.2</entry><entry VJ="1" colname="col3">Nr. 2</entry><entry VJ="1" colname="col4"/><entry VJ="1" colname="col5">X</entry><entry VJ="1" colname="col6">X</entry></row><row><entry VJ="1" colname="col1">26.n</entry><entry VJ="1" colname="col3">Nr. n</entry><entry VJ="1" colname="col4"/><entry VJ="1" colname="col5">X</entry><entry VJ="1" colname="col6">X</entry></row><row><entry VJ="1" colname="col1">27</entry><entry VJ="1" colname="col2" nameend="col3" namest="col2">Abfallbehälterklasse<FnR ID="f804921_22_BJNR217210018BJNE001200000"/></entry><entry VJ="1" colname="col4"/><entry VJ="1" colname="col5"/><entry VJ="1" colname="col6">X</entry></row><row><entry VJ="1" colname="col1">28</entry><entry VJ="1" colname="col2" nameend="col3" namest="col2">Dichtheit der Verpackung<FnR ID="f804921_23_BJNR217210018BJNE001200000"/></entry><entry VJ="1" colname="col4"/><entry VJ="1" colname="col5"/><entry VJ="1" colname="col6">X</entry></row><row><entry VJ="1" colname="col1">29</entry><entry VJ="1" colname="col2" nameend="col3" namest="col2">Ausgeführtes Behandlungsverfahren (Teil B Tabelle 4)</entry><entry VJ="1" colname="col4"/><entry VJ="1" colname="col5">X</entry><entry VJ="1" colname="col6">X</entry></row><row><entry VJ="1" colname="col1">30</entry><entry VJ="1" colname="col2" nameend="col3" namest="col2">Datum des ausgeführten Behandlungsverfahrens</entry><entry VJ="1" colname="col4"/><entry VJ="1" colname="col5">X</entry><entry VJ="1" colname="col6">X</entry></row><row><entry VJ="1" colname="col1">31</entry><entry VJ="1" colname="col2" nameend="col3" namest="col2">Ort des ausgeführten Behandlungsverfahrens</entry><entry VJ="1" colname="col4"/><entry VJ="1" colname="col5">X</entry><entry VJ="1" colname="col6">X</entry></row><row><entry VJ="1" colname="col1">32</entry><entry VJ="1" colname="col2" nameend="col3" namest="col2">Ausführender des Behandlungsverfahrens</entry><entry VJ="1" colname="col4"/><entry VJ="1" colname="col5">X</entry><entry VJ="1" colname="col6">X</entry></row><row><entry VJ="1" colname="col1" morerows="1">33</entry><entry VJ="1" colname="col2" morerows="1">Stellungnahme der zuständigen Aufsichtsbehörde über die Zwischenlagerfähigkeit<FnR ID="f804921_24_BJNR217210018BJNE001200000"/></entry><entry VJ="1" colname="col3">Datum der Kontrolle</entry><entry VJ="1" colname="col4"/><entry VJ="1" colname="col5"/><entry VJ="1" colname="col6">X</entry></row><row><entry VJ="1" colname="col3">Referenz</entry><entry VJ="1" colname="col4"/><entry VJ="1" colname="col5"/><entry VJ="1" colname="col6">X</entry></row><row><entry VJ="1" colname="col1" morerows="1">34</entry><entry VJ="1" colname="col2" morerows="1" valign="middle">Produktkontrolle für die Endlagerung</entry><entry VJ="1" colname="col3">Datum der Kontrolle</entry><entry VJ="1" colname="col4"/><entry VJ="1" colname="col5"/><entry VJ="1" colname="col6">X</entry></row><row><entry VJ="1" colname="col3">Referenz</entry><entry VJ="1" colname="col4"/><entry VJ="1" colname="col5"/><entry VJ="1" colname="col6">X</entry></row><row><entry VJ="1" colname="col1">35</entry><entry VJ="1" colname="col2" nameend="col3" namest="col2">Lagerort</entry><entry VJ="1" colname="col4">X</entry><entry VJ="1" colname="col5">X</entry><entry VJ="1" colname="col6">X</entry></row><row><entry VJ="1" colname="col1">36</entry><entry VJ="1" colname="col2" nameend="col3" namest="col2">Datum der Einlagerung am Lagerort</entry><entry VJ="1" colname="col4">X</entry><entry VJ="1" colname="col5">X</entry><entry VJ="1" colname="col6">X</entry></row></tbody></tgroup></table><BR/><BR/>____________<FnArea Line="1" Size="normal"><FnR ID="f804921_16_BJNR217210018BJNE001200000"/><FnR ID="f804921_17_BJNR217210018BJNE001200000"/><FnR ID="f804921_18_BJNR217210018BJNE001200000"/><FnR ID="f804921_19_BJNR217210018BJNE001200000"/><FnR ID="f804921_20_BJNR217210018BJNE001200000"/><FnR ID="f804921_21_BJNR217210018BJNE001200000"/><FnR ID="f804921_22_BJNR217210018BJNE001200000"/><FnR ID="f804921_23_BJNR217210018BJNE001200000"/><FnR ID="f804921_24_BJNR217210018BJNE001200000"/></FnArea></LA><LA Size="normal"><BR/><BR/><table colsep="0" frame="all" rowsep="0" tabstyle="Artikel2_Tab3" tocentry="%yes;"><Title Align="center" Class="S1"><B>Tabelle 3<BR/> Abfallart</B><BR/><BR/></Title><tgroup align="left" char="" charoff="50" cols="8"><colspec colname="col1" colnum="1" colwidth="6*"/><colspec colname="col2" colnum="2" colwidth="19*"/><colspec colname="col3" colnum="3" colwidth="6*"/><colspec colname="col4" colnum="4" colwidth="19*"/><colspec colname="col5" colnum="5" colwidth="6*"/><colspec colname="col6" colnum="6" colwidth="19*"/><colspec colname="col7" colnum="7" colwidth="6*"/><colspec colname="col8" colnum="8" colwidth="19*"/><thead valign="bottom"><row rowsep="1"><entry VJ="1" colname="col1">Code</entry><entry VJ="1" colname="col2">Bezeichnung</entry><entry VJ="1" colname="col3">Code</entry><entry VJ="1" colname="col4">Bezeichnung</entry><entry VJ="1" colname="col5">Code</entry><entry VJ="1" colname="col6">Bezeichnung</entry><entry VJ="1" colname="col7">Code</entry><entry VJ="1" colname="col8">Bezeichnung</entry></row></thead><tbody valign="top"><row><entry VJ="1" colname="col1">A<BR/><BR/><BR/> AA<BR/> AAA<BR/> AAB<BR/><BR/> AAC<BR/> AAD<BR/> AAE<BR/> AAF<BR/> AAG<BR/><BR/> AAH<BR/><BR/><BR/> AB<BR/> ABA<BR/> ABB<BR/> ABC<BR/> ABD<BR/> ABE<BR/> ABF<BR/> ABG<BR/> ABH<BR/> ABI<BR/> ABJ<BR/><BR/> ABK<BR/><BR/> AC<BR/> ACA<BR/> ACB<BR/> ACC<BR/> ACD<BR/><BR/> AD<BR/> ADA<BR/> ADB<BR/> ADC<BR/> ADD<BR/><BR/> AE<BR/> AEA</entry><entry VJ="1" colname="col2">Feste Abfälle<BR/> anorganisch<BR/><BR/> Metalle<BR/> FerritischeMetalle<BR/> Austenitische<BR/> Metalle<BR/> Buntmetalle<BR/> Schwermetalle<BR/> Leichtmetalle<BR/> Stahl verzinkt<BR/> kontaminierte<BR/> Anlagenteile<BR/> Hülsen und<BR/>Strukturteile<BR/><BR/> Nichtmetalle<BR/> Bauschutt<BR/> Kies, Sand<BR/> Erdreich<BR/> Glas<BR/> Keramik<BR/> Isolationsmaterial<BR/> Kabel<BR/> Glaswolle<BR/> Graphit<BR/> Asbest,<BR/> Asbestzement<BR/> Chemikalien<BR/><BR/> Filter<BR/> Laborfilter<BR/> Luftfilterelemente<BR/> Boxenfilter<BR/> Filterkerzen<BR/><BR/> Filterhilfsmittel<BR/> Ionenaustauscher<BR/> Kieselgur<BR/> Silikagel<BR/> Molekularsieb<BR/><BR/> Sonstige<BR/> Asche</entry><entry VJ="1" colname="col3">B<BR/><BR/><BR/> BA<BR/><BR/> BAA<BR/> BAB<BR/> BAC<BR/> BAD<BR/> BAE<BR/> BAF<BR/> BAG<BR/><BR/> BB<BR/><BR/> BBA<BR/><BR/> BBB<BR/> BBC<BR/> BBD<BR/> BBE<BR/><BR/> BBF<BR/> BBG<BR/> BBH<BR/><BR/> BC<BR/> BCA<BR/> BCB<BR/> BCC<BR/><BR/> BD<BR/> BDA<BR/> BDB<BR/><BR/><BR/> BZ</entry><entry VJ="1" colname="col4">Feste Abfälle<BR/> organisch<BR/><BR/> Leicht brennbare<BR/> Stoffe<BR/> Papier<BR/> Textilien<BR/> Holz<BR/> Putzwolle<BR/> Zellstoff<BR/> Folie<BR/> Polyethylen<BR/><BR/> Schwer brennbare<BR/> Stoffe<BR/> Kunststoffe<BR/> (ohne PVC)<BR/> PVC<BR/> Gummi<BR/> Aktivkohle<BR/> Ionenaustauscher-<BR/> harze<BR/> Lacke, Farben<BR/> Chemikalien<BR/> Kehricht<BR/><BR/> Filter<BR/> Laborfilter<BR/> Luftfilterelemente<BR/> Boxenfilter<BR/><BR/> Biologische Abfälle<BR/> Kadaver<BR/> Medizinische<BR/> Abfälle<BR/><BR/> Unsortierter Abfall</entry><entry VJ="1" colname="col5">C<BR/><BR/><BR/> CA<BR/> CAA<BR/> CAB<BR/> CAC<BR/><BR/> CAD<BR/> CAE<BR/><BR/> CAF<BR/><BR/> CAG<BR/> CAH<BR/><BR/> CB<BR/><BR/> CBA<BR/> CBB<BR/><BR/> CBC<BR/> CBD<BR/> CBE<BR/><BR/> CC<BR/><BR/> CCA<BR/><BR/> CCB<BR/> CCC</entry><entry VJ="1" colname="col6">Flüssige Abfälle<BR/> anorganisch<BR/><BR/> Chemieabwässer<BR/> Betriebsabwässer<BR/> Prozessabwässer<BR/> Dekontaminations-<BR/>abwässer<BR/> Laborabwässer<BR/> Verdampfer-<BR/> konzentrat<BR/> Schweres Wasser<BR/> (D2O)<BR/> Säure<BR/> Lauge<BR/><BR/> Schlämme/<BR/> Suspensionen<BR/> Abschlämmungen<BR/> Ionenaustauscher-/<BR/> -harz-Suspension<BR/> Fällschlämme<BR/> Sumpfschlämme<BR/> Dekanterrückstand<BR/><BR/> Biologische<BR/> Abwässer<BR/> Medizinische<BR/> Abwässer<BR/> Pharma-Abwässer<BR/> Fäkal-Abwässer</entry><entry VJ="1" colname="col7">D<BR/><BR/><BR/> DA<BR/> DAA<BR/> DAB<BR/> DAC<BR/><BR/> DB<BR/> DBA<BR/> DBB<BR/> DBC<BR/> DBD<BR/><BR/> DBE<BR/> DBF<BR/> DBG<BR/><BR/> DBH<BR/><BR/><BR/> DC<BR/><BR/> E<BR/><BR/> F<BR/><BR/> FA<BR/><BR/><BR/><BR/> FB<BR/><BR/><BR/><BR/><BR/> FC<BR/><BR/><BR/><BR/> G<BR/><BR/> GA<BR/><BR/> GB<BR/></entry><entry VJ="1" colname="col8">Flüssige Abfälle<BR/> organisch<BR/><BR/> Öle<BR/> Schmieröle<BR/> Hydrauliköle<BR/> Transformatoröle<BR/><BR/> Lösungsmittel<BR/> Alkane<BR/> TBP<BR/> Szintillationslösung<BR/> Markierte<BR/> Flüssigkeiten<BR/> Kerosin<BR/> Alkohole<BR/> Aromatische<BR/>Kohlenwasserstoffe<BR/> Halogenierte<BR/>Kohlenwasserstoffe<BR/><BR/> Emulsionen<BR/><BR/> Gasförmige Abfälle<BR/><BR/> Mischabfälle (A-D)<BR/><BR/> Ionenaustauscher/<BR/> Filterhilfsmittel,<BR/> Salze<BR/><BR/> Feste Abfälle,<BR/> Ionenaustauscher/<BR/> Filterhilfsmittel,<BR/> Salze<BR/><BR/> Zementierte<BR/> Verdampfer-<BR/> konzentrate<BR/><BR/> Strahlenquellen<BR/><BR/> Neutronenquellen<BR/><BR/> Gammastrahlen-<BR/>quellen</entry></row><row><entry VJ="1" colname="col1">AEB<BR/> AEC<BR/><BR/> AED<BR/><BR/> AF<BR/> AFA<BR/><BR/> AFB<BR/><BR/><BR/> AZ</entry><entry VJ="1" colname="col2">Schlacke<BR/> Filterstaub,<BR/> Flugasche<BR/> Salze<BR/><BR/> Kernbrennstoffe<BR/> Kernbrennstoffe<BR/> unbestrahlt<BR/> Kernbrennstoffe<BR/> bestrahlt<BR/><BR/> Unsortierter Abfall</entry><entry VJ="1" colname="col3"/><entry VJ="1" colname="col4"/><entry VJ="1" colname="col5"/><entry VJ="1" colname="col6"/><entry VJ="1" colname="col7">GC<BR/><BR/>GD<BR/><BR/><BR/> GE</entry><entry VJ="1" colname="col8">Prüfstrahler<BR/><BR/> Diverse<BR/> Strahlenquellen<BR/><BR/> Alpha-Strahlen-<BR/> quellen</entry></row></tbody></tgroup></table></LA><LA Size="normal"><BR/><BR/><table colsep="0" frame="none" rowsep="0" tocentry="%yes;"><tgroup align="left" char="" charoff="50" cols="1"><colspec colname="col1" colwidth="100*"/><tbody valign="top"><row><entry VJ="1" align="center" colname="col1"><B>Tabelle 4<BR/> Behandlungsverfahren</B><BR/><BR/></entry></row><row><entry VJ="1" align="justify" colname="col1">Ein Abfall liegt entweder als unbehandelter Abfall (Rohabfall) oder als Zwischen- oder Endprodukt einer vorausgegangenen verfahrenstechnischen Behandlung vor.<BR/><BR/></entry></row></tbody></tgroup></table><table colsep="1" frame="all" pgwide="1" rowsep="1" tabstyle="Artikel2_Tab4" tocentry="%yes;"><tgroup align="left" char="" charoff="50" cols="2"><colspec colname="col1" colwidth="10*"/><colspec colname="col2" colwidth="90*"/><thead valign="bottom"><row><entry VJ="1" colname="col1">Code</entry><entry VJ="1" colname="col2">Behandlung</entry></row></thead><tbody valign="top"><row><entry VJ="1" colname="col1">000</entry><entry VJ="1" colname="col2">Unbehandelt</entry></row><row><entry VJ="1" colname="col1">001</entry><entry VJ="1" colname="col2">Sortieren</entry></row><row><entry VJ="1" colname="col1">002</entry><entry VJ="1" colname="col2">Dekontaminieren</entry></row><row><entry VJ="1" colname="col1">003</entry><entry VJ="1" colname="col2">Zerkleinern</entry></row><row><entry VJ="1" colname="col1">004</entry><entry VJ="1" colname="col2">Vorpressen</entry></row><row><entry VJ="1" colname="col1">005</entry><entry VJ="1" colname="col2">Verbrennen</entry></row><row><entry VJ="1" colname="col1">006</entry><entry VJ="1" colname="col2">Pyrolysieren</entry></row><row><entry VJ="1" colname="col1">007</entry><entry VJ="1" colname="col2">Verdampfen/Destillieren/Rektifizieren</entry></row><row><entry VJ="1" colname="col1">008</entry><entry VJ="1" colname="col2">Dekantieren</entry></row><row><entry VJ="1" colname="col1">009</entry><entry VJ="1" colname="col2">Filtrieren</entry></row><row><entry VJ="1" colname="col1">010</entry><entry VJ="1" colname="col2">Schmelzen</entry></row><row><entry VJ="1" colname="col1">011</entry><entry VJ="1" colname="col2">Formstabil kompaktieren</entry></row><row><entry VJ="1" colname="col1">012</entry><entry VJ="1" colname="col2">Zementieren</entry></row><row><entry VJ="1" colname="col1">013</entry><entry VJ="1" colname="col2">Bituminieren</entry></row><row><entry VJ="1" colname="col1">014</entry><entry VJ="1" colname="col2">Verglasen</entry></row><row><entry VJ="1" colname="col1">015</entry><entry VJ="1" colname="col2">Trocknen</entry></row><row><entry VJ="1" colname="col1">016</entry><entry VJ="1" colname="col2">Kompaktieren und Zementieren</entry></row><row><entry VJ="1" colname="col1">017</entry><entry VJ="1" colname="col2">Kompaktieren und Trocknen</entry></row><row><entry VJ="1" colname="col1">018</entry><entry VJ="1" colname="col2">Verbrennen und Kompaktieren</entry></row><row><entry VJ="1" colname="col1">019</entry><entry VJ="1" colname="col2">Verbrennen und Kompaktieren und Zementieren</entry></row><row><entry VJ="1" colname="col1">020</entry><entry VJ="1" colname="col2">Entwässern</entry></row><row><entry VJ="1" colname="col1">021</entry><entry VJ="1" colname="col2">Verfahren ohne physikalische oder chemische Veränderung</entry></row><row><entry VJ="1" colname="col1">022</entry><entry VJ="1" colname="col2">Sonstiges</entry></row><row><entry VJ="1" colname="col1">023</entry><entry VJ="1" colname="col2">Einbringen in Endlagerbehälter</entry></row><row><entry VJ="1" colname="col1">024</entry><entry VJ="1" colname="col2">Einbringen und Verfüllen von Endlagerbehältern</entry></row><row><entry VJ="1" colname="col1">025</entry><entry VJ="1" colname="col2">Einbringen und Vergießen von Endlagerbehältern</entry></row></tbody></tgroup></table><BR/><BR/></LA><LA Size="normal">Anzugeben ist das für den physikalischen oder chemischen Zustand des zu benennenden Abfalls relevante Verfahren oder die Kombination von Verfahren, sofern dies nicht schon bei dem bereits erfassten Vorgänger angegeben worden ist.<BR/><BR/></LA></DD></DL></P><Title Align="left" Class="S1">Teil C: Transportmeldung an die atomrechtliche Aufsichtsbehörde vor der Beförderung radioaktiver Abfälle mit vernachlässigbarer Wärmeentwicklung</Title><P>Die Transportmeldung nach § 4 Absatz 2 hat folgende Angaben zu enthalten: <DL Font="normal" Type="arabic"><DT>1.</DT><DD Font="normal"><LA Size="normal">Datum, Ausgangsort und Zielort des Transportes,</LA></DD><DT>2.</DT><DD Font="normal"><LA Size="normal">Eigentümer der zu transportierenden Abfälle,</LA></DD><DT>3.</DT><DD Font="normal"><LA Size="normal">Abgebender der zu transportierenden Abfälle gemäß § 85 Absatz 4 der Strahlenschutzverordnung,</LA></DD><DT>4.</DT><DD Font="normal"><LA Size="normal">Absender der zu transportierenden Abfälle nach den Vorschriften für die Beförderung gefährlicher Güter,</LA></DD><DT>5.</DT><DD Font="normal"><LA Size="normal">Beförderer oder Frachtführer sowie Nummer und Ausstellungsdatum der Beförderungsgenehmigung,</LA></DD><DT>6.</DT><DD Font="normal"><LA Size="normal">Empfänger der Abfälle sowie Nummer und Ausstellungsdatum der Genehmigungen nach § 6, § 7 oder § 9 des Atomgesetzes oder nach § 12 Absatz 1 Nummer 1, Nummer 2 oder Nummer 3 des Strahlenschutzgesetzes,</LA></DD><DT>7.</DT><DD Font="normal"><LA Size="normal">Annahmezusage des Empfängers,</LA></DD><DT>8.</DT><DD Font="normal"><LA Size="normal">Art und Anzahl der zu transportierenden Behälter oder Verpackungen,</LA></DD><DT>9.</DT><DD Font="normal"><LA Size="normal">Art, Masse oder Volumen und Gesamtaktivität der in den zu transportierenden Abfällen enthaltenen sonstigen radioaktiven Stoffe sowie Gesamtmasse der in ihnen enthaltenen Kernbrennstoffe nach § 2 Absatz 1 Satz 2 des Atomgesetzes.</LA></DD></DL></P><Title Align="left" Class="S1">Teil D: Für bestrahlte Brennelemente und radioaktive Abfälle aus der Wiederaufarbeitung in Kokillen zu erfassende Daten</Title><P>Ist in der nachfolgenden Tabelle ein Kreuz eingetragen, so ist die Angabe für die jeweils vorliegende Abfallart, sofern zutreffend, zu erfassen. Die Angaben für bestrahlte Brennelemente sind zu erfassen, sobald sich die bestrahlten Brennelemente in der trockenen Zwischenlagerung befinden.</P><P><B>Tabelle 5<BR/> Zu erfassende Daten für bestrahlte Brennelemente und<BR/> radioaktive Abfälle aus der Wiederaufarbeitung in Kokillen</B><BR/><BR/><table colsep="1" frame="all" pgwide="1" rowsep="0" tabstyle="Artikel2_Tab5" tocentry="%yes;"><tgroup align="left" char="" charoff="50" cols="5"><colspec colname="col1" colnum="1" colwidth="6*"/><colspec colname="col2" colnum="2" colwidth="43*"/><colspec align="center" colname="col3" colnum="3" colwidth="18*"/><colspec align="center" colname="col4" colnum="4" colwidth="18*"/><colspec align="center" colname="col5" colnum="5" colwidth="18*"/><thead valign="bottom"><row rowsep="1" valign="middle"><entry VJ="1" colname="col1"/><entry VJ="1" colname="col2">Charakteristika</entry><entry VJ="1" align="center" colname="col3">Einheit,<BR/> bzw. x kennzeichnet,<BR/> wenn erforderlich<BR/> für den <B>Behälter</B></entry><entry VJ="1" align="center" colname="col4">Einheit,<BR/> bzw. x kennzeichnet,<BR/> wenn erforderlich für <B>bestrahlte Brenn-<BR/> elemente</B> bzw. im Falle von Kugelbrennelementen für<BR/> Brennelementkannen</entry><entry VJ="1" align="center" colname="col5">Einheit,<BR/> bzw. x kennzeichnet,<BR/> wenn erforderlich für<BR/><B>radioaktive Abfälle<BR/> aus der Wieder-<BR/> aufarbeitung in<BR/> Kokillen</B></entry></row></thead><tbody valign="top"><row rowsep="1"><entry VJ="1" colname="col1"> 1</entry><entry VJ="1" colname="col2">Identifizierungsnummer/Behälterseriennummer</entry><entry VJ="1" colname="col3">X</entry><entry VJ="1" colname="col4">X</entry><entry VJ="1" colname="col5">X</entry></row><row rowsep="1"><entry VJ="1" colname="col1"> 2</entry><entry VJ="1" colname="col2">Bauart des Behälters</entry><entry VJ="1" colname="col3">X</entry><entry VJ="1" colname="col4"/><entry VJ="1" colname="col5"/></row><row><entry VJ="1" colname="col1"> 3</entry><entry VJ="1" colname="col2">Eigenschaften des Behälters</entry><entry VJ="1" colname="col3">X</entry><entry VJ="1" colname="col4"/><entry VJ="1" colname="col5"/></row><row><entry VJ="1" colname="col1"/><entry VJ="1" colname="col2">– Höhe (Zeichnungsmaß)</entry><entry VJ="1" colname="col3">[mm]</entry><entry VJ="1" colname="col4"/><entry VJ="1" colname="col5"/></row><row><entry VJ="1" colname="col1"/><entry VJ="1" colname="col2">– Durchmesser (Zeichnungsmaß)</entry><entry VJ="1" colname="col3">[mm]</entry><entry VJ="1" colname="col4"/><entry VJ="1" colname="col5"/></row><row><entry VJ="1" colname="col1"/><entry VJ="1" colname="col2">– Wandstärke (Zeichnungsmaß)</entry><entry VJ="1" colname="col3">[mm]</entry><entry VJ="1" colname="col4"/><entry VJ="1" colname="col5"/></row><row><entry VJ="1" colname="col1"/><entry VJ="1" colname="col2">– Neutronenmoderator (Material)</entry><entry VJ="1" colname="col3">X</entry><entry VJ="1" colname="col4"/><entry VJ="1" colname="col5"/></row><row><entry VJ="1" colname="col1"/><entry VJ="1" colname="col2">– Masse</entry><entry VJ="1" colname="col3"/><entry VJ="1" colname="col4"/><entry VJ="1" colname="col5"/></row><row><entry VJ="1" colname="col1"/><entry VJ="1" colname="col2"> – Leer (nominal)</entry><entry VJ="1" colname="col3">[Mg]</entry><entry VJ="1" colname="col4"/><entry VJ="1" colname="col5"/></row><row rowsep="1"><entry VJ="1" colname="col1"/><entry VJ="1" colname="col2"> – Beladen (berechnet)</entry><entry VJ="1" colname="col3">[Mg]</entry><entry VJ="1" colname="col4"/><entry VJ="1" colname="col5"/></row><row rowsep="1"><entry VJ="1" colname="col1"> 4</entry><entry VJ="1" colname="col2">Gemessene Leckagerate zwischen Verschlussplatte, Tragzapfen Behälterkörper und Deckel am Leerbehälter ermittelt mit<BR/> – Heliumdichtheitsprüfung<BR/> – Druckanstiegsmethode</entry><entry VJ="1" colname="col3">[(Pa m<SUP>3</SUP>)/s]</entry><entry VJ="1" colname="col4"/><entry VJ="1" colname="col5"/></row><row rowsep="1"><entry VJ="1" colname="col1"> 5</entry><entry VJ="1" colname="col2">Werkstoffspezifikation</entry><entry VJ="1" colname="col3">X</entry><entry VJ="1" colname="col4"/><entry VJ="1" colname="col5"/></row><row rowsep="1"><entry VJ="1" colname="col1"> 6</entry><entry VJ="1" colname="col2">Sonstiges Inventar (Köcher (z. B. mit Sonderbrennstäben oder anderem) und Brennelemente-Dummies)</entry><entry VJ="1" colname="col3">X</entry><entry VJ="1" colname="col4"/><entry VJ="1" colname="col5"/></row><row rowsep="1"><entry VJ="1" colname="col1"> 7</entry><entry VJ="1" colname="col2">Maximale Restfeuchte im Behälterinnenraum: Druckanstiegsraten im Behälterinnenraum</entry><entry VJ="1" colname="col3">X</entry><entry VJ="1" colname="col4"/><entry VJ="1" colname="col5"/></row><row rowsep="0"><entry VJ="1" colname="col1"> 8</entry><entry VJ="1" colname="col2">Freies Volumen, berechnet</entry><entry VJ="1" colname="col3">X</entry><entry VJ="1" colname="col4"/><entry VJ="1" colname="col5"/></row><row rowsep="1"><entry VJ="1" colname="col1"> 9</entry><entry VJ="1" colname="col2">Helium-Befüllmenge</entry><entry VJ="1" colname="col3">[mol]</entry><entry VJ="1" colname="col4"/><entry VJ="1" colname="col5"/></row><row><entry VJ="1" colname="col1">10</entry><entry VJ="1" colname="col2">Gemessene Dosisleistung am Behälter</entry><entry VJ="1" colname="col3"/><entry VJ="1" colname="col4"/><entry VJ="1" colname="col5"/></row><row><entry VJ="1" colname="col1"/><entry VJ="1" colname="col2">– Messdatum</entry><entry VJ="1" colname="col3">X</entry><entry VJ="1" colname="col4"/><entry VJ="1" colname="col5"/></row><row><entry VJ="1" colname="col1"/><entry VJ="1" colname="col2">– <F>γ</F> (Mittelwert der Oberflächendosisleistung<BR/> an der Behältermantelfläche)</entry><entry VJ="1" colname="col3">[mSv/h]</entry><entry VJ="1" colname="col4"/><entry VJ="1" colname="col5"/></row><row rowsep="1"><entry VJ="1" colname="col1"/><entry VJ="1" colname="col2">– Neutronen (Mittelwert der Oberflächendosisleistung an der Behältermantelfläche)</entry><entry VJ="1" colname="col3">[mSv/h]</entry><entry VJ="1" colname="col4"/><entry VJ="1" colname="col5"/></row><row><entry VJ="1" colname="col1">11</entry><entry VJ="1" colname="col2">Nicht festhaftende Kontamination am<BR/> beladenen Behälter<FnR ID="f804921_25_BJNR217210018BJNE001200000"/></entry><entry VJ="1" colname="col3"/><entry VJ="1" colname="col4"/><entry VJ="1" colname="col5"/></row><row><entry VJ="1" colname="col1"/><entry VJ="1" colname="col2">– Messdatum</entry><entry VJ="1" colname="col3">X</entry><entry VJ="1" colname="col4"/><entry VJ="1" colname="col5"/></row><row><entry VJ="1" colname="col1"/><entry VJ="1" colname="col2">– <F>α</F>-Kontamination</entry><entry VJ="1" colname="col3">[Bq/cm<SUP>2</SUP>]</entry><entry VJ="1" colname="col4"/><entry VJ="1" colname="col5"/></row><row rowsep="1"><entry VJ="1" colname="col1"/><entry VJ="1" colname="col2">– <F>β/γ</F>-Kontamination</entry><entry VJ="1" colname="col3">[Bq/cm<SUP>2</SUP>]</entry><entry VJ="1" colname="col4"/><entry VJ="1" colname="col5"/></row><row rowsep="1"><entry VJ="1" colname="col1">12</entry><entry VJ="1" colname="col2">Eigentümer</entry><entry VJ="1" colname="col3">X</entry><entry VJ="1" colname="col4"/><entry VJ="1" colname="col5">X</entry></row><row rowsep="1"><entry VJ="1" colname="col1">13</entry><entry VJ="1" colname="col2">Lagerort</entry><entry VJ="1" colname="col3">X</entry><entry VJ="1" colname="col4"/><entry VJ="1" colname="col5"/></row><row rowsep="1"><entry VJ="1" colname="col1">14</entry><entry VJ="1" colname="col2">Beladedatum</entry><entry VJ="1" colname="col3">X</entry><entry VJ="1" colname="col4"/><entry VJ="1" colname="col5"/></row><row rowsep="1"><entry VJ="1" colname="col1">15</entry><entry VJ="1" colname="col2">Abgebende Anlage</entry><entry VJ="1" colname="col3">X</entry><entry VJ="1" colname="col4"/><entry VJ="1" colname="col5"/></row><row rowsep="1"><entry VJ="1" colname="col1">16</entry><entry VJ="1" colname="col2">Datum der Einlagerung am Lagerort</entry><entry VJ="1" colname="col3">X</entry><entry VJ="1" colname="col4"/><entry VJ="1" colname="col5"/></row><row rowsep="1"><entry VJ="1" colname="col1">17</entry><entry VJ="1" colname="col2">Masse Schwermetall (U, Pu, Th) nominal</entry><entry VJ="1" colname="col3">[MgSM]</entry><entry VJ="1" colname="col4">[MgSM]</entry><entry VJ="1" colname="col5"/></row><row rowsep="1"><entry VJ="1" colname="col1">18</entry><entry VJ="1" colname="col2">Masse Uran (U-233, U-235)</entry><entry VJ="1" colname="col3">[g/Behälter]</entry><entry VJ="1" colname="col4">[g/Brennelement] bzw. [g/Brenn-<BR/> elementkanne]</entry><entry VJ="1" colname="col5">[g/Kokille]</entry></row><row rowsep="1"><entry VJ="1" colname="col1">19</entry><entry VJ="1" colname="col2">Masse Plutonium (Pu-239, Pu-241)</entry><entry VJ="1" colname="col3">[g/Behälter]</entry><entry VJ="1" colname="col4">[g/Brennelement] bzw. [g/Brenn-<BR/> elementkanne]</entry><entry VJ="1" colname="col5">[g/Kokille]</entry></row><row rowsep="1"><entry VJ="1" colname="col1">20</entry><entry VJ="1" colname="col2">Masse Thorium (Th-232)</entry><entry VJ="1" colname="col3">[g/Behälter]</entry><entry VJ="1" colname="col4">[g/Brennelement] bzw. [g/Brenn-<BR/> elementkanne]</entry><entry VJ="1" colname="col5"/></row><row><entry VJ="1" colname="col1">21</entry><entry VJ="1" colname="col2">Gesamtaktivität, abdeckend</entry><entry VJ="1" colname="col3"/><entry VJ="1" colname="col4"/><entry VJ="1" colname="col5"/></row><row><entry VJ="1" colname="col1"/><entry VJ="1" colname="col2">Referenzdatum der Aktivitätsangabe</entry><entry VJ="1" colname="col3">X</entry><entry VJ="1" colname="col4">X</entry><entry VJ="1" colname="col5">X</entry></row><row><entry VJ="1" colname="col1"/><entry VJ="1" colname="col2">– <F>α</F>-Aktivität</entry><entry VJ="1" colname="col3">[Bq/Behälter]</entry><entry VJ="1" colname="col4">[Bq/Brennelement] bzw. [g/Brenn-<BR/> elementkanne]</entry><entry VJ="1" colname="col5">[Bq/Kokille]</entry></row><row><entry VJ="1" colname="col1"/><entry VJ="1" colname="col2">– <F>β/γ</F>-Aktivität</entry><entry VJ="1" colname="col3">[Bq/Behälter]</entry><entry VJ="1" colname="col4">[Bq/Brennelement] bzw. [g/Brenn-<BR/> elementkanne]</entry><entry VJ="1" colname="col5">[Bq/Kokille]</entry></row><row><entry VJ="1" colname="col1"/><entry VJ="1" colname="col2">– Neutronenquellstärke</entry><entry VJ="1" colname="col3">X</entry><entry VJ="1" colname="col4">X</entry><entry VJ="1" colname="col5"/></row><row rowsep="1"><entry VJ="1" colname="col1"/><entry VJ="1" colname="col2">– Gammaquellstärke</entry><entry VJ="1" colname="col3">X</entry><entry VJ="1" colname="col4">X</entry><entry VJ="1" colname="col5"/></row><row rowsep="0"><entry VJ="1" colname="col1">22</entry><entry VJ="1" colname="col2">Aktivitäten relevanter Radionuklide</entry><entry VJ="1" colname="col3"/><entry VJ="1" colname="col4"/><entry VJ="1" colname="col5"/></row><row><entry VJ="1" colname="col1"/><entry VJ="1" colname="col2">Referenzdatum der Aktivitätsangabe</entry><entry VJ="1" colname="col3">X</entry><entry VJ="1" colname="col4">X</entry><entry VJ="1" colname="col5">X</entry></row><row><entry VJ="1" colname="col1"/><entry VJ="1" colname="col2">– Aktivierungsprodukte (Co-60, Cl-36, etc.)</entry><entry VJ="1" colname="col3">[Bq]</entry><entry VJ="1" colname="col4">[Bq]</entry><entry VJ="1" colname="col5">[Bq]</entry></row><row><entry VJ="1" colname="col1"/><entry VJ="1" colname="col2">– Flüchtige Nuklide (H-3, Kr-85, C-14, J-129, Rn-222 (als Ra-226) etc.)</entry><entry VJ="1" colname="col3">[Bq]</entry><entry VJ="1" colname="col4">[Bq]</entry><entry VJ="1" colname="col5">[Bq]</entry></row><row><entry VJ="1" colname="col1"/><entry VJ="1" colname="col2">– Spaltprodukte (Cs-137, Sr-90 etc.)</entry><entry VJ="1" colname="col3">[Bq]</entry><entry VJ="1" colname="col4">[Bq]</entry><entry VJ="1" colname="col5">[Bq]</entry></row><row rowsep="0"><entry VJ="1" colname="col1"/><entry VJ="1" colname="col2">– Aktinide (Np-237, Am-24, Cm-244, U- und Pu-Isotope etc.)</entry><entry VJ="1" colname="col3">[Bq]</entry><entry VJ="1" colname="col4">[Bq]</entry><entry VJ="1" colname="col5">[Bq]</entry></row><row><entry VJ="1" colname="col1">23</entry><entry VJ="1" colname="col2">Thermische Eigenschaften</entry><entry VJ="1" colname="col3"/><entry VJ="1" colname="col4"/><entry VJ="1" colname="col5"/></row><row><entry VJ="1" colname="col1"/><entry VJ="1" colname="col2">Bezugsdaten der Angabe</entry><entry VJ="1" colname="col3">X</entry><entry VJ="1" colname="col4">X</entry><entry VJ="1" colname="col5">X</entry></row><row><entry VJ="1" colname="col1"/><entry VJ="1" colname="col2">– Nachzerfallsleistung</entry><entry VJ="1" colname="col3">[kW]</entry><entry VJ="1" colname="col4">[kW]</entry><entry VJ="1" colname="col5">[kW]<FnR ID="f804921_26_BJNR217210018BJNE001200000"/></entry></row><row><entry VJ="1" colname="col1"/><entry VJ="1" colname="col2">– Wärmeleitfähigkeit (50 <F>&lt;</F> T <F>&lt;</F> 450 °C)</entry><entry VJ="1" colname="col3"/><entry VJ="1" colname="col4"/><entry VJ="1" colname="col5">[W/(m*K)]<FnR ID="f804921_27_BJNR217210018BJNE001200000"/></entry></row><row rowsep="1"><entry VJ="1" colname="col1"/><entry VJ="1" colname="col2">– Einhaltung der maximalen Zentraltemperatur</entry><entry VJ="1" colname="col3"/><entry VJ="1" colname="col4"/><entry VJ="1" colname="col5">ja/nein</entry></row><row><entry VJ="1" colname="col1">24</entry><entry VJ="1" colname="col2">Beschreibung des Brennelements</entry><entry VJ="1" colname="col3"/><entry VJ="1" colname="col4"/><entry VJ="1" colname="col5"/></row><row><entry VJ="1" colname="col1"/><entry VJ="1" colname="col2">– Position jedes Brennelements/Köchers im Behälter</entry><entry VJ="1" colname="col3">X</entry><entry VJ="1" colname="col4"/><entry VJ="1" colname="col5"/></row><row><entry VJ="1" colname="col1">24.1</entry><entry VJ="1" colname="col2">Kaltdaten</entry><entry VJ="1" colname="col3"/><entry VJ="1" colname="col4"/><entry VJ="1" colname="col5"/></row><row><entry VJ="1" colname="col1"/><entry VJ="1" colname="col2">– Brennelementzeichnung</entry><entry VJ="1" colname="col3"/><entry VJ="1" colname="col4">X</entry><entry VJ="1" colname="col5"/></row><row><entry VJ="1" colname="col1"/><entry VJ="1" colname="col2">– Brennelementtyp, Art (z. B. DWR, SWR, MOX), Brennelementdesign</entry><entry VJ="1" colname="col3"/><entry VJ="1" colname="col4">X</entry><entry VJ="1" colname="col5"/></row><row><entry VJ="1" colname="col1"/><entry VJ="1" colname="col2">– Gittertyp</entry><entry VJ="1" colname="col3"/><entry VJ="1" colname="col4">X</entry><entry VJ="1" colname="col5"/></row><row><entry VJ="1" colname="col1"/><entry VJ="1" colname="col2">– Gitterabstand</entry><entry VJ="1" colname="col3"/><entry VJ="1" colname="col4">X</entry><entry VJ="1" colname="col5"/></row><row><entry VJ="1" colname="col1"/><entry VJ="1" colname="col2">– Brennstabanzahl (im Beladezustand)</entry><entry VJ="1" colname="col3"/><entry VJ="1" colname="col4">X</entry><entry VJ="1" colname="col5"/></row><row><entry VJ="1" colname="col1"/><entry VJ="1" colname="col2">– Nominale Brennelementlänge, abdeckend</entry><entry VJ="1" colname="col3"/><entry VJ="1" colname="col4">X</entry><entry VJ="1" colname="col5"/></row><row><entry VJ="1" colname="col1"/><entry VJ="1" colname="col2">– Brennelementquerschnitt, abdeckend<FnR ID="f804921_28_BJNR217210018BJNE001200000"/></entry><entry VJ="1" colname="col3"/><entry VJ="1" colname="col4">X</entry><entry VJ="1" colname="col5"/></row><row><entry VJ="1" colname="col1"/><entry VJ="1" colname="col2">– Nominale Brennelementmasse, abdeckend<FnR ID="f804921_29_BJNR217210018BJNE001200000"/></entry><entry VJ="1" colname="col3"/><entry VJ="1" colname="col4">X</entry><entry VJ="1" colname="col5"/></row><row><entry VJ="1" colname="col1"/><entry VJ="1" colname="col2">– Maximaler U-235-Anreicherungsgrad</entry><entry VJ="1" colname="col3"/><entry VJ="1" colname="col4">X</entry><entry VJ="1" colname="col5"/></row><row><entry VJ="1" colname="col1"/><entry VJ="1" colname="col2">– Nominale Länge der aktiven Zone</entry><entry VJ="1" colname="col3"/><entry VJ="1" colname="col4">X</entry><entry VJ="1" colname="col5"/></row><row><entry VJ="1" colname="col1"/><entry VJ="1" colname="col2">– Pu- und U-Vektor (WAU) bei<BR/> MOX-Brennelementen</entry><entry VJ="1" colname="col3"/><entry VJ="1" colname="col4">X</entry><entry VJ="1" colname="col5"/></row><row><entry VJ="1" colname="col1"/><entry VJ="1" colname="col2">– Gadoliniumgehalt</entry><entry VJ="1" colname="col3"/><entry VJ="1" colname="col4">X</entry><entry VJ="1" colname="col5"/></row><row><entry VJ="1" colname="col1"/><entry VJ="1" colname="col2">– Chemische Zusammensetzung(en),<BR/> U-Faktoren(en) und Anreicherungen(en) für jeden Brennstab</entry><entry VJ="1" colname="col3"/><entry VJ="1" colname="col4">X</entry><entry VJ="1" colname="col5"/></row><row><entry VJ="1" colname="col1"/><entry VJ="1" colname="col2">– Abstandhalteranzahl</entry><entry VJ="1" colname="col3"/><entry VJ="1" colname="col4">X</entry><entry VJ="1" colname="col5"/></row><row><entry VJ="1" colname="col1"/><entry VJ="1" colname="col2">– Masse von Abstandhaltern, Endstücken<BR/> und anderen Strukturteilen</entry><entry VJ="1" colname="col3"/><entry VJ="1" colname="col4">X</entry><entry VJ="1" colname="col5"/></row><row><entry VJ="1" colname="col1"/><entry VJ="1" colname="col2">– Abstandhaltervolumen in der aktiven Zone</entry><entry VJ="1" colname="col3"/><entry VJ="1" colname="col4">X</entry><entry VJ="1" colname="col5"/></row><row><entry VJ="1" colname="col1"/><entry VJ="1" colname="col2">– Länge der Brennstäbe</entry><entry VJ="1" colname="col3"/><entry VJ="1" colname="col4">X</entry><entry VJ="1" colname="col5"/></row><row><entry VJ="1" colname="col1"/><entry VJ="1" colname="col2">– Werkstoff und Dichte des Hüllrohrmaterials</entry><entry VJ="1" colname="col3"/><entry VJ="1" colname="col4">X</entry><entry VJ="1" colname="col5"/></row><row><entry VJ="1" colname="col1"/><entry VJ="1" colname="col2">– Nominaler Hüllrohraußendurchmesser</entry><entry VJ="1" colname="col3"/><entry VJ="1" colname="col4">X</entry><entry VJ="1" colname="col5"/></row><row><entry VJ="1" colname="col1"/><entry VJ="1" colname="col2">– Nominaler Hüllrohrinnendurchmesser</entry><entry VJ="1" colname="col3"/><entry VJ="1" colname="col4">X</entry><entry VJ="1" colname="col5"/></row><row><entry VJ="1" colname="col1"/><entry VJ="1" colname="col2">– Nominaler Pelletdurchmesser</entry><entry VJ="1" colname="col3"/><entry VJ="1" colname="col4">X</entry><entry VJ="1" colname="col5"/></row><row><entry VJ="1" colname="col1"/><entry VJ="1" colname="col2">– Nominale Pellethöhe</entry><entry VJ="1" colname="col3"/><entry VJ="1" colname="col4">X</entry><entry VJ="1" colname="col5"/></row><row><entry VJ="1" colname="col1"/><entry VJ="1" colname="col2">– Nominale Brennstoffdichte des Pellets</entry><entry VJ="1" colname="col3"/><entry VJ="1" colname="col4">X</entry><entry VJ="1" colname="col5"/></row><row><entry VJ="1" colname="col1"/><entry VJ="1" colname="col2">– Volumenanteil Dishing und Chamfering für ein Pellet, nominal</entry><entry VJ="1" colname="col3"/><entry VJ="1" colname="col4">X</entry><entry VJ="1" colname="col5"/></row><row rowsep="0"><entry VJ="1" colname="col1"/><entry VJ="1" colname="col2">– Vorinnendruck im Brennstab Füllgas (He), nominal</entry><entry VJ="1" colname="col3"/><entry VJ="1" colname="col4">X</entry><entry VJ="1" colname="col5"/></row><row><entry VJ="1" colname="col1"/><entry VJ="1" colname="col2">– Freies Volumen im Brennstabplenum<FnR ID="f804921_30_BJNR217210018BJNE001200000"/></entry><entry VJ="1" colname="col3"/><entry VJ="1" colname="col4">X</entry><entry VJ="1" colname="col5"/></row><row><entry VJ="1" colname="col1"/><entry VJ="1" colname="col2">– Köcher</entry><entry VJ="1" colname="col3"/><entry VJ="1" colname="col4"/><entry VJ="1" colname="col5"/></row><row><entry VJ="1" colname="col1"/><entry VJ="1" colname="col2"> – Identifizierungsnummer</entry><entry VJ="1" colname="col3"/><entry VJ="1" colname="col4">X</entry><entry VJ="1" colname="col5"/></row><row><entry VJ="1" colname="col1"/><entry VJ="1" colname="col2"> – Anzahl der Brennstäbe</entry><entry VJ="1" colname="col3"/><entry VJ="1" colname="col4">X</entry><entry VJ="1" colname="col5"/></row><row><entry VJ="1" colname="col1"/><entry VJ="1" colname="col2"> – Masse an Schwermetall (Pu, U) vor<BR/> der Bestrahlung</entry><entry VJ="1" colname="col3"/><entry VJ="1" colname="col4">X</entry><entry VJ="1" colname="col5"/></row><row><entry VJ="1" colname="col1"/><entry VJ="1" colname="col2"> – Masse Uran (U-233, U-235) vor der Bestrahlung</entry><entry VJ="1" colname="col3"/><entry VJ="1" colname="col4">X</entry><entry VJ="1" colname="col5"/></row><row><entry VJ="1" colname="col1"/><entry VJ="1" colname="col2"> – Maximale Restfeuchte</entry><entry VJ="1" colname="col3"/><entry VJ="1" colname="col4">X</entry><entry VJ="1" colname="col5"/></row><row><entry VJ="1" colname="col1"/><entry VJ="1" colname="col2"> – Füllgasdruck (He)</entry><entry VJ="1" colname="col3"/><entry VJ="1" colname="col4">X</entry><entry VJ="1" colname="col5"/></row><row><entry VJ="1" colname="col1"/><entry VJ="1" colname="col2">– Für jeden Brennstab in jedem Köcher</entry><entry VJ="1" colname="col3"/><entry VJ="1" colname="col4">X</entry><entry VJ="1" colname="col5"/></row><row><entry VJ="1" colname="col1"/><entry VJ="1" colname="col2"> – Identifizierungsnummer<FnR ID="f804921_31_BJNR217210018BJNE001200000"/></entry><entry VJ="1" colname="col3"/><entry VJ="1" colname="col4">X</entry><entry VJ="1" colname="col5"/></row><row><entry VJ="1" colname="col1"/><entry VJ="1" colname="col2"> – Identifizierungsnummer und Typ des<BR/> Köchers</entry><entry VJ="1" colname="col3"/><entry VJ="1" colname="col4">X</entry><entry VJ="1" colname="col5"/></row><row><entry VJ="1" colname="col1"/><entry VJ="1" colname="col2"> – Masse Schwermetall (U, Pu), abdeckend</entry><entry VJ="1" colname="col3"/><entry VJ="1" colname="col4">X</entry><entry VJ="1" colname="col5"/></row><row><entry VJ="1" colname="col1"/><entry VJ="1" colname="col2"> – Masse Uran (U-233, U-235) vor der<BR/> Bestrahlung, abdeckend</entry><entry VJ="1" colname="col3"/><entry VJ="1" colname="col4">X</entry><entry VJ="1" colname="col5"/></row><row><entry VJ="1" colname="col1"/><entry VJ="1" colname="col2"> – Mittlerer Abbrand</entry><entry VJ="1" colname="col3"/><entry VJ="1" colname="col4">X</entry><entry VJ="1" colname="col5"/></row><row><entry VJ="1" colname="col1"/><entry VJ="1" colname="col2"> – Datum der Entladung aus dem Reaktor</entry><entry VJ="1" colname="col3"/><entry VJ="1" colname="col4">X</entry><entry VJ="1" colname="col5"/></row><row><entry VJ="1" colname="col1">24.2</entry><entry VJ="1" colname="col2">Heißdaten (Bestrahlungsdaten)</entry><entry VJ="1" colname="col3"/><entry VJ="1" colname="col4"/><entry VJ="1" colname="col5"/></row><row><entry VJ="1" colname="col1"/><entry VJ="1" colname="col2">– Standzeit<FnR ID="f804921_32_BJNR217210018BJNE001200000"/></entry><entry VJ="1" colname="col3"/><entry VJ="1" colname="col4">X</entry><entry VJ="1" colname="col5"/></row><row><entry VJ="1" colname="col1"/><entry VJ="1" colname="col2">– Entladedatum</entry><entry VJ="1" colname="col3"/><entry VJ="1" colname="col4">X</entry><entry VJ="1" colname="col5"/></row><row><entry VJ="1" colname="col1"/><entry VJ="1" colname="col2">– Mittlerer Entladeabbrand</entry><entry VJ="1" colname="col3"/><entry VJ="1" colname="col4">X</entry><entry VJ="1" colname="col5"/></row><row><entry VJ="1" colname="col1"/><entry VJ="1" colname="col2">– Anzahl der unterzogenen Reaktorzyklen</entry><entry VJ="1" colname="col3"/><entry VJ="1" colname="col4">X</entry><entry VJ="1" colname="col5"/></row><row><entry VJ="1" colname="col1"/><entry VJ="1" colname="col2">– Abbrandzuwachs je Zyklus</entry><entry VJ="1" colname="col3"/><entry VJ="1" colname="col4">X</entry><entry VJ="1" colname="col5"/></row><row><entry VJ="1" colname="col1"/><entry VJ="1" colname="col2">– Mittlere Brennelementleistung</entry><entry VJ="1" colname="col3"/><entry VJ="1" colname="col4">X</entry><entry VJ="1" colname="col5"/></row><row><entry VJ="1" colname="col1"/><entry VJ="1" colname="col2">– Peaking-Faktor</entry><entry VJ="1" colname="col3"/><entry VJ="1" colname="col4">X</entry><entry VJ="1" colname="col5"/></row><row><entry VJ="1" colname="col1"/><entry VJ="1" colname="col2">– Oxidschichtdicke am Brennstab,<BR/> Auslegungswert, axial und umfangs-<BR/> gemittelt<FnR ID="f804921_33_BJNR217210018BJNE001200000"/></entry><entry VJ="1" colname="col3"/><entry VJ="1" colname="col4">X</entry><entry VJ="1" colname="col5"/></row><row rowsep="1"><entry VJ="1" colname="col1"/><entry VJ="1" colname="col2">– Isotopenzusammensetzung des U und Pu zum Zeitpunkt der Entladung aus dem Reaktor</entry><entry VJ="1" colname="col3"/><entry VJ="1" colname="col4">X</entry><entry VJ="1" colname="col5"/></row><row><entry VJ="1" colname="col1">25</entry><entry VJ="1" colname="col2">Kugelbrennelemente</entry><entry VJ="1" colname="col3"/><entry VJ="1" colname="col4"/><entry VJ="1" colname="col5"/></row><row><entry VJ="1" colname="col1"/><entry VJ="1" colname="col2">– Anzahl der Brennelementkannen pro Behälter</entry><entry VJ="1" colname="col3"/><entry VJ="1" colname="col4">X</entry><entry VJ="1" colname="col5"/></row><row><entry VJ="1" colname="col1"/><entry VJ="1" colname="col2">– Identifikationsnummer der Brennelementkanne</entry><entry VJ="1" colname="col3"/><entry VJ="1" colname="col4">X</entry><entry VJ="1" colname="col5"/></row><row><entry VJ="1" colname="col1"/><entry VJ="1" colname="col2">– Leermasse der Brennelementkanne</entry><entry VJ="1" colname="col3"/><entry VJ="1" colname="col4">X</entry><entry VJ="1" colname="col5"/></row><row><entry VJ="1" colname="col1"/><entry VJ="1" colname="col2">– Position der Brennelementkanne im Behälter</entry><entry VJ="1" colname="col3"/><entry VJ="1" colname="col4">X</entry><entry VJ="1" colname="col5"/></row><row><entry VJ="1" colname="col1"/><entry VJ="1" colname="col2">– Anzahl Kugeln pro Brennelementkanne</entry><entry VJ="1" colname="col3"/><entry VJ="1" colname="col4">X</entry><entry VJ="1" colname="col5"/></row><row><entry VJ="1" colname="col1"/><entry VJ="1" colname="col2">– Material der Brennelementkanne</entry><entry VJ="1" colname="col3"/><entry VJ="1" colname="col4">X</entry><entry VJ="1" colname="col5"/></row><row><entry VJ="1" colname="col1"/><entry VJ="1" colname="col2">– Gesamtmasse der Brennelementkanne</entry><entry VJ="1" colname="col3"/><entry VJ="1" colname="col4">X</entry><entry VJ="1" colname="col5"/></row><row><entry VJ="1" colname="col1"/><entry VJ="1" colname="col2">– Mittlerer Abbrand der Kugelbrennelemente<BR/> in einer Brennelementkanne</entry><entry VJ="1" colname="col3"/><entry VJ="1" colname="col4">X</entry><entry VJ="1" colname="col5"/></row><row><entry VJ="1" colname="col1"/><entry VJ="1" colname="col2">– Höchster Abbrand einer Brennelementkugel in einer Kanne</entry><entry VJ="1" colname="col3"/><entry VJ="1" colname="col4">X</entry><entry VJ="1" colname="col5"/></row><row><entry VJ="1" colname="col1"/><entry VJ="1" colname="col2">– Abbrand-Verteilung der Kugeln in einer Brennelementkanne</entry><entry VJ="1" colname="col3"/><entry VJ="1" colname="col4">X</entry><entry VJ="1" colname="col5"/></row><row><entry VJ="1" colname="col1"/><entry VJ="1" colname="col2">– Anzahl der Kugeln nach Typ (HEU/LEU/<BR/> Moderator/Absorber)</entry><entry VJ="1" colname="col3"/><entry VJ="1" colname="col4">X</entry><entry VJ="1" colname="col5"/></row><row rowsep="1"><entry VJ="1" colname="col1"/><entry VJ="1" colname="col2">– Maximales Kernbrennstoffinventar eines Kugelbrennelements (U-233, U-235, Pu-239, Pu-241, Th-232)</entry><entry VJ="1" colname="col3"/><entry VJ="1" colname="col4">X</entry><entry VJ="1" colname="col5"/></row><row><entry VJ="1" colname="col1">26</entry><entry VJ="1" colname="col2">Beschreibung von verglasten radioaktiven Abfällen aus der Wiederaufarbeitung</entry><entry VJ="1" colname="col3"/><entry VJ="1" colname="col4"/><entry VJ="1" colname="col5"/></row><row><entry VJ="1" colname="col1"/><entry VJ="1" colname="col2">– Position der Kokille im Behälter</entry><entry VJ="1" colname="col3"/><entry VJ="1" colname="col4"/><entry VJ="1" colname="col5">X</entry></row><row><entry VJ="1" colname="col1"/><entry VJ="1" colname="col2">– Kokillenmaterial</entry><entry VJ="1" colname="col3"/><entry VJ="1" colname="col4"/><entry VJ="1" colname="col5">X</entry></row><row><entry VJ="1" colname="col1"/><entry VJ="1" colname="col2">– Maximale Spaltstoffkonzentration</entry><entry VJ="1" colname="col3"/><entry VJ="1" colname="col4"/><entry VJ="1" colname="col5">X</entry></row><row><entry VJ="1" colname="col1"/><entry VJ="1" colname="col2">– Qualität des Fixierungsmittels<BR/> (Fixierung in Glas mit optimierter<BR/> chemischer Zusammensetzung)</entry><entry VJ="1" colname="col3"/><entry VJ="1" colname="col4"/><entry VJ="1" colname="col5">X</entry></row><row><entry VJ="1" colname="col1"/><entry VJ="1" colname="col2">– Zusammensetzung der Glasmatrix</entry><entry VJ="1" colname="col3"/><entry VJ="1" colname="col4"/><entry VJ="1" colname="col5">X</entry></row><row><entry VJ="1" colname="col1"/><entry VJ="1" colname="col2"> – Mengenverhältnis<BR/> Abfall : Fritte : Zuschlagstoffe</entry><entry VJ="1" colname="col3"/><entry VJ="1" colname="col4"/><entry VJ="1" colname="col5">X</entry></row><row><entry VJ="1" colname="col1"/><entry VJ="1" colname="col2"> – Anteil der Abfalloxide (Ist-Beladung)</entry><entry VJ="1" colname="col3"/><entry VJ="1" colname="col4"/><entry VJ="1" colname="col5">X</entry></row><row><entry VJ="1" colname="col1"/><entry VJ="1" colname="col2"> – Chemische Zusammensetzung der<BR/> Glasfritte</entry><entry VJ="1" colname="col3"/><entry VJ="1" colname="col4"/><entry VJ="1" colname="col5">X</entry></row><row><entry VJ="1" colname="col1"/><entry VJ="1" colname="col2">– Durchmischung</entry><entry VJ="1" colname="col3"/><entry VJ="1" colname="col4"/><entry VJ="1" colname="col5"/></row><row><entry VJ="1" colname="col1"/><entry VJ="1" colname="col2"> – Verglasung/Einbindung des Abfalls</entry><entry VJ="1" colname="col3"/><entry VJ="1" colname="col4"/><entry VJ="1" colname="col5">ja/nein</entry></row><row><entry VJ="1" colname="col1"/><entry VJ="1" colname="col2"> – Homogene Aktivitätsverteilung</entry><entry VJ="1" colname="col3"/><entry VJ="1" colname="col4"/><entry VJ="1" colname="col5">ja/nein</entry></row><row><entry VJ="1" colname="col1"/><entry VJ="1" colname="col2">– Volumen Kokille</entry><entry VJ="1" colname="col3"/><entry VJ="1" colname="col4"/><entry VJ="1" colname="col5">X</entry></row><row><entry VJ="1" colname="col1"/><entry VJ="1" colname="col2">– Masse Glaskörper</entry><entry VJ="1" colname="col3"/><entry VJ="1" colname="col4"/><entry VJ="1" colname="col5">X</entry></row><row><entry VJ="1" colname="col1"/><entry VJ="1" colname="col2">– Glasproduktzustand</entry><entry VJ="1" colname="col3"/><entry VJ="1" colname="col4"/><entry VJ="1" colname="col5"/></row><row><entry VJ="1" colname="col1"/><entry VJ="1" colname="col2"> – Dichte</entry><entry VJ="1" colname="col3"/><entry VJ="1" colname="col4"/><entry VJ="1" colname="col5">[g/cm<SUP>3</SUP>]</entry></row><row><entry VJ="1" colname="col1"/><entry VJ="1" colname="col2"> – Transformationstemperatur</entry><entry VJ="1" colname="col3"/><entry VJ="1" colname="col4"/><entry VJ="1" colname="col5">[°C]</entry></row><row rowsep="1"><entry VJ="1" colname="col1"/><entry VJ="1" colname="col2"> – Lagerung unterhalb der Transformationstemperatur</entry><entry VJ="1" colname="col3"/><entry VJ="1" colname="col4"/><entry VJ="1" colname="col5">ja/nein</entry></row><row><entry VJ="1" colname="col1">27</entry><entry VJ="1" colname="col2">Beschreibung von kompaktierten radioaktiven Abfällen aus der Wiederaufarbeitung</entry><entry VJ="1" colname="col3"/><entry VJ="1" colname="col4"/><entry VJ="1" colname="col5"/></row><row><entry VJ="1" colname="col1"/><entry VJ="1" colname="col2">– Position der Kokille im Behälter</entry><entry VJ="1" colname="col3"/><entry VJ="1" colname="col4"/><entry VJ="1" colname="col5">X</entry></row><row><entry VJ="1" colname="col1"/><entry VJ="1" colname="col2">– Kokillenmaterial</entry><entry VJ="1" colname="col3"/><entry VJ="1" colname="col4"/><entry VJ="1" colname="col5">X</entry></row><row><entry VJ="1" colname="col1"/><entry VJ="1" colname="col2">– Spezifizierter Pressdruck</entry><entry VJ="1" colname="col3"/><entry VJ="1" colname="col4"/><entry VJ="1" colname="col5">X</entry></row><row><entry VJ="1" colname="col1"/><entry VJ="1" colname="col2">– Gewicht des Presslings</entry><entry VJ="1" colname="col3"/><entry VJ="1" colname="col4"/><entry VJ="1" colname="col5">X</entry></row><row><entry VJ="1" colname="col1"/><entry VJ="1" colname="col2">– Durchmesser des Presslings</entry><entry VJ="1" colname="col3"/><entry VJ="1" colname="col4"/><entry VJ="1" colname="col5">X</entry></row><row><entry VJ="1" colname="col1"/><entry VJ="1" colname="col2">– Höhe des Presslings</entry><entry VJ="1" colname="col3"/><entry VJ="1" colname="col4"/><entry VJ="1" colname="col5">X</entry></row><row><entry VJ="1" colname="col1"/><entry VJ="1" colname="col2">– Wurden Hülsen und Strukturteile gemeinsam mit Technologieabfall verpresst</entry><entry VJ="1" colname="col3"/><entry VJ="1" colname="col4"/><entry VJ="1" colname="col5">ja/nein</entry></row><row><entry VJ="1" colname="col1"/><entry VJ="1" colname="col2">– Material der Kartusche</entry><entry VJ="1" colname="col3"/><entry VJ="1" colname="col4"/><entry VJ="1" colname="col5">X</entry></row><row><entry VJ="1" colname="col1"/><entry VJ="1" colname="col2">– Gewicht der leeren Kartusche</entry><entry VJ="1" colname="col3"/><entry VJ="1" colname="col4"/><entry VJ="1" colname="col5">X</entry></row><row><entry VJ="1" colname="col1"/><entry VJ="1" colname="col2">– Anzahl der Presslinge</entry><entry VJ="1" colname="col3"/><entry VJ="1" colname="col4"/><entry VJ="1" colname="col5">X</entry></row><row><entry VJ="1" colname="col1"/><entry VJ="1" colname="col2">– Leervolumen des Gebindes</entry><entry VJ="1" colname="col3"/><entry VJ="1" colname="col4"/><entry VJ="1" colname="col5">X</entry></row></tbody></tgroup></table></P><P>_________<FnArea Line="1" Size="normal"><FnR ID="f804921_25_BJNR217210018BJNE001200000"/><FnR ID="f804921_26_BJNR217210018BJNE001200000"/><FnR ID="f804921_27_BJNR217210018BJNE001200000"/><FnR ID="f804921_28_BJNR217210018BJNE001200000"/><FnR ID="f804921_29_BJNR217210018BJNE001200000"/><FnR ID="f804921_30_BJNR217210018BJNE001200000"/><FnR ID="f804921_31_BJNR217210018BJNE001200000"/><FnR ID="f804921_32_BJNR217210018BJNE001200000"/><FnR ID="f804921_33_BJNR217210018BJNE001200000"/></FnArea></P></Content><Footnotes><Footnote FnZ="1" Group="page" ID="f804921_09_BJNR217210018BJNE001200000" Pos="exp">Amtl. Anm.: _E steht für die Erfassung durch den Verursacher.</Footnote><Footnote FnZ="2" Group="page" ID="f804921_10_BJNR217210018BJNE001200000" Pos="exp">Amtl. Anm.: KWG steht für das Verursacherkürzel.</Footnote><Footnote FnZ="3" Group="page" ID="f804921_11_BJNR217210018BJNE001200000" Pos="exp">Amtl. Anm.: 2016 steht für das Jahr der Erfassung.</Footnote><Footnote FnZ="4" Group="page" ID="f804921_12_BJNR217210018BJNE001200000" Pos="exp">Amtl. Anm.: R steht für den Verarbeitungszustand.</Footnote><Footnote FnZ="5" Group="page" ID="f804921_13_BJNR217210018BJNE001200000" Pos="exp">Amtl. Anm.: 000001 steht für die eindeutige Nummer bezogen auf _EKWG2016R.</Footnote><Footnote FnZ="6" Group="page" ID="f804921_14_BJNR217210018BJNE001200000" Pos="exp">Amtl. Anm.: KWG steht für das Verursacherkürzel.</Footnote><Footnote FnZ="7" Group="page" ID="f804921_15_BJNR217210018BJNE001200000" Pos="exp">Amtl. Anm.: 000002 steht für die eindeutige Nummer bezogen auf KWG.</Footnote><Footnote FnZ=" 8" Group="manuell" ID="f804921_16_BJNR217210018BJNE001200000" Pos="exp">Amtl. Anm.: Sofern vorhanden.</Footnote><Footnote FnZ=" 9" Group="manuell" ID="f804921_17_BJNR217210018BJNE001200000" Pos="exp">Amtl. Anm.: Nach Spezifikation der jeweils annehmenden Anlage (Konditionierungsstätte, Zwischenlager, Landessammelstelle, Endlager).</Footnote><Footnote FnZ="10" Group="manuell" ID="f804921_18_BJNR217210018BJNE001200000" Pos="exp">Amtl. Anm.: M = Messung, B = Berechnung, A = Abschätzung. Sofern die Art der Aktivitätsbestimmung nicht unter Nr. 19.1 bis 19.n nuklidbezogen angegeben ist.</Footnote><Footnote FnZ="11" Group="manuell" ID="f804921_19_BJNR217210018BJNE001200000" Pos="exp">Amtl. Anm.: Sofern vorhanden.</Footnote><Footnote FnZ="12" Group="manuell" ID="f804921_20_BJNR217210018BJNE001200000" Pos="exp">Amtl. Anm.: Endlagergerechte Bezeichnung oder Klassifizierung gemäß Festlegung durch den Dritten nach § 9a Absatz 3 Satz 2 zweiter Halbsatz des Atomgesetzes.</Footnote><Footnote FnZ="13" Group="manuell" ID="f804921_21_BJNR217210018BJNE001200000" Pos="exp">Amtl. Anm.: Anzugeben sind die Kennungen der zum Zwischenprodukt verarbeiteten Rohabfälle bzw. die Kennungen der zum Abfallprodukt verarbeiteten Zwischenprodukte.</Footnote><Footnote FnZ="14" Group="manuell" ID="f804921_22_BJNR217210018BJNE001200000" Pos="exp">Amtl. Anm.: Endlagergerechte Bezeichnung oder Klassifizierung gemäß Festlegung durch den Dritten nach § 9a Absatz 3 Satz 2 zweiter Halbsatz des Atomgesetzes.</Footnote><Footnote FnZ="15" Group="manuell" ID="f804921_23_BJNR217210018BJNE001200000" Pos="exp">Amtl. Anm.: Endlagergerechte Bezeichnung oder Klassifizierung gemäß Festlegung durch den Dritten nach § 9a Absatz 3 Satz 2 zweiter Halbsatz des Atomgesetzes.</Footnote><Footnote FnZ="16" Group="manuell" ID="f804921_24_BJNR217210018BJNE001200000" Pos="exp">Amtl. Anm.: Im Falle der Zwischenlagerung nur anzugeben, wenn durch die Annahmebedingungen des Zwischenlagers gefordert.</Footnote><Footnote FnZ="17" Group="manuell" ID="f804921_25_BJNR217210018BJNE001200000" Pos="exp">Amtl. Anm.: Die Parameter wurden für die in der verkehrsrechtlichen Zulassung und lagerrechtlichen Genehmigung festgelegten Randbedingungen ausgelegt und bewertet.</Footnote><Footnote FnZ="18" Group="manuell" ID="f804921_26_BJNR217210018BJNE001200000" Pos="exp">Amtl. Anm.: Nur für verglaste radioaktive Abfälle.</Footnote><Footnote FnZ="19" Group="manuell" ID="f804921_27_BJNR217210018BJNE001200000" Pos="exp">Amtl. Anm.: Nur für verglaste radioaktive Abfälle.</Footnote><Footnote FnZ="20" Group="manuell" ID="f804921_28_BJNR217210018BJNE001200000" Pos="exp">Amtl. Anm.: Bei Brennelementen aus Siedewasserreaktoren ggf. mit Brennelementkasten.</Footnote><Footnote FnZ="21" Group="manuell" ID="f804921_29_BJNR217210018BJNE001200000" Pos="exp">Amtl. Anm.: Bei Brennelementen aus Siedewasserreaktoren ggf. mit Brennelementkasten.</Footnote><Footnote FnZ="22" Group="manuell" ID="f804921_30_BJNR217210018BJNE001200000" Pos="exp">Amtl. Anm.: Angabe von abdeckenden Werten.</Footnote><Footnote FnZ="23" Group="manuell" ID="f804921_31_BJNR217210018BJNE001200000" Pos="exp">Amtl. Anm.: Identifikationsnummer des Brennelements, aus dem der Brennstab entnommen wurde, sowie Position des Brennstabs.</Footnote><Footnote FnZ="24" Group="manuell" ID="f804921_32_BJNR217210018BJNE001200000" Pos="exp">Amtl. Anm.: Die Standzeit der Brennelemente im Reaktor lässt sich über den Abbrand und die Anzahl der unterzogenen Reaktorzyklen ableiten.</Footnote><Footnote FnZ="25" Group="manuell" ID="f804921_33_BJNR217210018BJNE001200000" Pos="exp">Amtl. Anm.: Sofern gemessene Werte vorhanden.</Footnote></Footnotes></text></textdaten></norm>
</dokumente>