<?xml version="1.0" encoding="UTF-8" ?><!DOCTYPE dokumente SYSTEM "http://www.gesetze-im-internet.de/dtd/1.01/gii-norm.dtd">
<dokumente builddate="20130405125027" doknr="BJNR005969961"><norm builddate="20130405125027" doknr="BJNR005969961"><metadaten><jurabk>BPräsPatGerKldgAnO</jurabk><ausfertigung-datum manuell="ja">1961-05-05</ausfertigung-datum><fundstelle typ="amtlich"><periodikum>BGBl I</periodikum><zitstelle>1961, 596</zitstelle></fundstelle><langue>Anordnung des Bundespräsidenten über die Amtstracht bei dem
Bundespatentgericht</langue></metadaten><textdaten><text format="XML"><Content><P/></Content></text><fussnoten><Content><P>(+++ Textnachweis Geltung ab:  1. 1.1964 +++)</P></Content></fussnoten></textdaten></norm>
<norm builddate="20130405125027" doknr="BJNR005969961BJNG000100306"><metadaten><jurabk>BPräsPatGerKldgAnO</jurabk><gliederungseinheit><gliederungskennzahl>010</gliederungskennzahl><gliederungsbez>Art 1</gliederungsbez></gliederungseinheit></metadaten><textdaten><text format="XML"><Content><P>Auf Grund des § 76 in Verbindung mit § 189 Abs. 1 des Bundesbeamtengesetzes ordne ich an:</P></Content></text></textdaten></norm>
<norm builddate="20130405125027" doknr="BJNR005969961BJNE000600306"><metadaten><jurabk>BPräsPatGerKldgAnO</jurabk><gliederungseinheit><gliederungskennzahl>010</gliederungskennzahl><gliederungsbez>Art 1</gliederungsbez></gliederungseinheit><enbez>I.</enbez></metadaten><textdaten><text format="XML"><Content><P>Die Amtstracht der Richter des Bundespatentgerichts und der Urkundsbeamten besteht aus einer Amtsrobe und einem Barett. Zur Amtsrobe tragen die Richter eine breite weiße Halsbinde mit herabhängenden Enden, die Urkundsbeamten eine einfache weiße Halsbinde.</P></Content></text></textdaten></norm>
<norm builddate="20130405125027" doknr="BJNR005969961BJNE000700306"><metadaten><jurabk>BPräsPatGerKldgAnO</jurabk><gliederungseinheit><gliederungskennzahl>010</gliederungskennzahl><gliederungsbez>Art 1</gliederungsbez></gliederungseinheit><enbez>II.</enbez></metadaten><textdaten><text format="XML"><Content><P>Die Farbe der Amtstracht ist schwarz. Der Besatz an der Amtsrobe und am Barett besteht für die Richter aus stahlblauem Samt, für die Urkundsbeamten aus stahlblauem Wollstoff.</P></Content></text></textdaten></norm>
<norm builddate="20130405125027" doknr="BJNR005969961BJNE000800306"><metadaten><jurabk>BPräsPatGerKldgAnO</jurabk><gliederungseinheit><gliederungskennzahl>010</gliederungskennzahl><gliederungsbez>Art 1</gliederungsbez></gliederungseinheit><enbez>III.</enbez></metadaten><textdaten><text format="XML"><Content><P>Am Barett tragen <DL Font="normal" Type="arabic"><DT>a)</DT><DD Font="normal"><LA Size="normal">der Präsident des Bundespatentgerichts zwei Schnüre in Gold,</LA></DD> <DT>b)</DT><DD Font="normal"><LA Size="normal">der Vizepräsident und die Senatspräsidenten eine Schnur in Gold.</LA></DD> </DL></P></Content></text></textdaten></norm>
<norm builddate="20130405125027" doknr="BJNR005969961BJNE000900306"><metadaten><jurabk>BPräsPatGerKldgAnO</jurabk><gliederungseinheit><gliederungskennzahl>010</gliederungskennzahl><gliederungsbez>Art 1</gliederungsbez></gliederungseinheit><enbez>IV.</enbez></metadaten><textdaten><text format="XML"><Content><P>Abgeordnete Richter tragen die für die Richter des Bundespatentgerichts vorgeschriebene Amtstracht.</P></Content></text></textdaten></norm>
<norm builddate="20130405125027" doknr="BJNR005969961BJNG000200306"><metadaten><jurabk>BPräsPatGerKldgAnO</jurabk><gliederungseinheit><gliederungskennzahl>020</gliederungskennzahl><gliederungsbez>Art 2</gliederungsbez></gliederungseinheit></metadaten><textdaten><text format="XML"><Content><P>(1) Patentanwälte dürfen als Bevollmächtigte der Parteien eine Amtstracht tragen, die aus einer Amtsrobe und einem Barett mit stahlblauem Besatz aus stumpfer Seide besteht.</P><P>(2) Rechtsanwälte dürfen als Bevollmächtigte der Parteien die für Patentanwälte oder die für sie bei den anderen ordentlichen Gerichten vorgeschriebene Amtstracht tragen.</P></Content> </text></textdaten></norm>
<norm builddate="20130405125027" doknr="BJNR005969961BJNG000300306"><metadaten><jurabk>BPräsPatGerKldgAnO</jurabk><gliederungseinheit><gliederungskennzahl>030</gliederungskennzahl><gliederungsbez>Art 3</gliederungsbez></gliederungseinheit></metadaten><textdaten><text format="XML"><Content><P>Der Bundesminister der Justiz wird ermächtigt, Ausführungsbestimmungen zu dieser Anordnung zu erlassen.</P></Content></text></textdaten></norm>
<norm builddate="20130405125027" doknr="BJNR005969961BJNG000400306"><metadaten><jurabk>BPräsPatGerKldgAnO</jurabk><gliederungseinheit><gliederungskennzahl>040</gliederungskennzahl><gliederungsbez>Art 4</gliederungsbez><gliederungstitel/></gliederungseinheit></metadaten><textdaten><text format="XML"><Content><P/></Content></text><fussnoten/></textdaten></norm>
<norm builddate="20130405125027" doknr="BJNR005969961BJNG000500306"><metadaten><jurabk>BPräsPatGerKldgAnO</jurabk><gliederungseinheit><gliederungskennzahl>050</gliederungskennzahl><gliederungsbez>Art 5</gliederungsbez></gliederungseinheit></metadaten><textdaten><text format="XML"><Content><P>Diese Anordnung tritt am 1. Juli 1961 in Kraft.</P></Content></text></textdaten></norm>
</dokumente>