<?xml version="1.0" encoding="UTF-8" ?><!DOCTYPE dokumente SYSTEM "http://www.gesetze-im-internet.de/dtd/1.01/gii-norm.dtd">
<dokumente builddate="20141027221015" doknr="BJNR159500014"><norm builddate="20141027221015" doknr="BJNR159500014"><metadaten><jurabk>AELV 2015</jurabk><amtabk>AELV 2015</amtabk><ausfertigung-datum manuell="ja">2014-10-09</ausfertigung-datum><fundstelle typ="amtlich"><periodikum>BGBl I</periodikum><zitstelle>2014, 1595</zitstelle></fundstelle><kurzue>Arbeitseinkommenverordnung Landwirtschaft 2015</kurzue><langue>Verordnung zur Ermittlung des Arbeitseinkommens aus der Land- und Forstwirtschaft für das Jahr 2015</langue></metadaten><textdaten><fussnoten><Content><P><BR/> <pre xml:space="preserve">(+++ Textnachweis ab: 15.10.2014 +++)<BR/><BR/></pre></P></Content></fussnoten></textdaten></norm>
<norm builddate="20141027221015" doknr="BJNR159500014BJNE000100000"><metadaten><jurabk>AELV 2015</jurabk><enbez>Eingangsformel</enbez></metadaten><textdaten><text format="XML"><Content><P>Auf Grund des § 35 des Gesetzes über die Alterssicherung der Landwirte, der zuletzt durch Artikel 17 Nummer 14 des Gesetzes vom 20. April 2007 (BGBl. I S. 554) geändert worden ist, in Verbindung mit § 1 Absatz 2 des Zuständigkeitsanpassungsgesetzes vom 16. August 2002 (BGBl. I S. 3165) und dem Organisationserlass vom 17. Dezember 2013 (BGBl. I S. 4310) verordnet das Bundesministerium für Arbeit und Soziales im Einvernehmen mit dem Bundesministerium für Ernährung und Landwirtschaft:</P></Content></text></textdaten></norm>
<norm builddate="20141027221015" doknr="BJNR159500014BJNE000200000"><metadaten><jurabk>AELV 2015</jurabk><enbez>§ 1</enbez><titel format="XML">Ermittlung des Arbeitseinkommens</titel></metadaten><textdaten><text format="XML"><Content><P>(1) Das für die Gewährung von Beitragszuschüssen für das Jahr 2015 maßgebende Arbeitseinkommen aus Land- und Forstwirtschaft wird auf der Grundlage von Beziehungswerten ermittelt, die sich aus <DL Type="arabic"><DT>1.</DT><DD Font="normal"><LA>dem Wirtschaftswert und dem fünfjährigen Durchschnitt der Gewinne der für den Agrarbericht der Bundesregierung ausgewerteten landwirtschaftlichen Testbetriebe und</LA></DD><DT>2.</DT><DD Font="normal"><LA>dem Umrechnungskurs nach Artikel 1 der Verordnung (EG) Nummer 2866/98 des Rates vom 31. Dezember 1998 über die Umrechnungskurse zwischen dem Euro und den Währungen der Mitgliedstaaten, die den Euro einführen (ABl. L 359 vom 31. Dezember 1998, S. 1),</LA></DD></DL>ergeben.</P><P>(2) Das Arbeitseinkommen aus Land- und Forstwirtschaft ergibt sich, indem der nach § 32 Absatz 6 Satz 5 des Gesetzes über die Alterssicherung der Landwirte zugrunde zu legende Wirtschaftswert des Unternehmens <DL Type="arabic"><DT>1.</DT><DD Font="normal"><LA>bei Betrieben, die der Gruppe 1 nach § 32 Absatz 6 Satz 1 Nummer 2 des Gesetzes über die Alterssicherung der Landwirte zuzuordnen sind, mit dem sich aus der Anlage 1 ergebenden Beziehungswert vervielfältigt wird,</LA></DD><DT>2.</DT><DD Font="normal"><LA>bei Betrieben, die der Gruppe 2 nach § 32 Absatz 6 Satz 1 Nummer 2 des Gesetzes über die Alterssicherung der Landwirte zuzuordnen sind, mit dem sich aus der Anlage 2 ergebenden Beziehungswert vervielfältigt wird.</LA></DD></DL>Für Unternehmen mit einem Wirtschaftswert bis zu <NB>25 000</NB> Deutsche Mark gilt der für diesen Wirtschaftswert ermittelte Beziehungswert. Der Beziehungswert für einen in den Anlagen 1 und 2 nicht aufgeführten und nicht unter Absatz 3 fallenden Wirtschaftswert ist zu ermitteln, indem <DL Type="arabic"><DT>1.</DT><DD Font="normal"><LA>der Differenzbetrag aus diesem Wirtschaftswert und dem nächstniedrigeren Wirtschaftswert der Anlage durch den Wert 1 000 dividiert wird,</LA></DD><DT>2.</DT><DD Font="normal"><LA>dieser Wert mit dem Differenzbetrag zwischen dem Beziehungswert der nächstniedrigeren Stufe und dem Beziehungswert der nächsthöheren Stufe vervielfältigt wird und</LA></DD><DT>3.</DT><DD Font="normal"><LA>dieses Produkt vom Beziehungswert des nächstniedrigeren Wirtschaftswerts der Anlage abgezogen wird.</LA></DD></DL>Der sich ergebende Beziehungswert ist nicht zu runden.</P><P>(3) Bei Betrieben mit einem zugrunde zu legenden Wirtschaftswert von mehr als 38 000 Deutsche Mark ergibt sich das Arbeitseinkommen aus Land- und Forstwirtschaft, indem der Wirtschaftswert des Unternehmens <DL Type="arabic"><DT>1.</DT><DD Font="normal"><LA>bei Betrieben, die der Gruppe 1 nach § 32 Absatz 6 Satz 1 Nummer 2 des Gesetzes über die Alterssicherung der Landwirte zuzuordnen sind, mit dem sich aus der Anlage 3 ergebenden Beziehungswert vervielfältigt wird,</LA></DD><DT>2.</DT><DD Font="normal"><LA>bei Betrieben, die der Gruppe 2 nach § 32 Absatz 6 Satz 1 Nummer 2 des Gesetzes über die Alterssicherung der Landwirte zuzuordnen sind, mit dem sich aus der Anlage 4 ergebenden Beziehungswert vervielfältigt wird.</LA></DD></DL>Für Betriebe der Gruppen 1 und 2 mit einem Wirtschaftswert über 38 000 Deutsche Mark und unter <NB>500 000 Deutsche Mark,</NB> deren Wirtschaftswert in den Anlagen 3 und 4 nicht aufgeführt ist, wird das Arbeitseinkommen ermittelt, indem <DL Type="arabic"><DT>1.</DT><DD Font="normal"><LA>der Differenzbetrag zwischen diesem Wirtschaftswert und dem nächstniedrigeren Wirtschaftswert der Anlage durch den Differenzbetrag zwischen dem nächsthöheren Wirtschaftswert und dem nächstniedrigeren Wirtschaftswert der Anlage dividiert wird,</LA></DD><DT>2.</DT><DD Font="normal"><LA>dieser Wert mit dem Differenzbetrag aus dem nach Satz 1 ermittelten Arbeitseinkommen, das dem nächsthöheren Wirtschaftswert der Anlage entspricht, und dem nach Satz 1 ermittelten Arbeitseinkommen, das dem nächstniedrigeren Wirtschaftswert der Anlage entspricht, vervielfältigt wird und</LA></DD><DT>3.</DT><DD Font="normal"><LA>dieses Produkt zum nach Satz 1 ermittelten Arbeitseinkommen, das dem nächstniedrigeren Wirtschaftswert der Anlage entspricht, addiert wird.</LA></DD></DL>Für Unternehmen der Gruppe 1 mit einem Wirtschaftswert über 500 000 Deutsche Mark beträgt das Arbeitseinkommen das 0,1987fache des Wirtschaftswerts. Für Unternehmen der Gruppe 2 mit einem Wirtschaftswert über 500 000 Deutsche Mark beträgt das Arbeitseinkommen das 0,1933fache des Wirtschaftswerts.</P><P>(4) Bei Betrieben, die der Gruppe 3 nach § 32 Absatz 6 Satz 1 Nummer 2 des Gesetzes über die Alterssicherung der Landwirte zuzuordnen sind, wird das Arbeitseinkommen ermittelt, indem <DL Type="arabic"><DT>1.</DT><DD Font="normal"><LA>zunächst die Arbeitseinkommen nach den Absätzen 2 und 3 ermittelt werden, die sich bei Zuordnung des Betriebs zur Gruppe 1 (Arbeitseinkommen 1) und bei Zuordnung des Betriebs zur Gruppe 2 (Arbeitseinkommen 2) ergeben würden,</LA></DD><DT>2.</DT><DD Font="normal"><LA>dann der Differenzbetrag zwischen dem außerbetrieblichen Erwerbs- und Erwerbsersatzeinkommen des Unternehmers und einem Sechstel der Bezugsgröße des Jahres, für das dieses Einkommen zu ermitteln ist, durch zwei Drittel der Bezugsgröße dieses Jahres dividiert wird,</LA></DD><DT>3.</DT><DD Font="normal"><LA>dieser Wert mit dem Differenzbetrag aus dem Arbeitseinkommen 1 und dem Arbeitseinkommen 2 vervielfältigt wird und</LA></DD><DT>4.</DT><DD Font="normal"><LA>dieses Produkt vom Arbeitseinkommen 1 abgezogen wird.</LA></DD></DL></P><P>(5) Das Arbeitseinkommen aus der Land- und Forstwirtschaft wird auf volle Euro abgerundet.</P></Content></text></textdaten></norm>
<norm builddate="20141027221015" doknr="BJNR159500014BJNE000300000"><metadaten><jurabk>AELV 2015</jurabk><enbez>§ 2</enbez><titel format="XML">Inkrafttreten</titel></metadaten><textdaten><text format="XML"><Content><P>Diese Verordnung tritt am Tag nach der Verkündung in Kraft.</P></Content></text></textdaten></norm>
<norm builddate="20141027221015" doknr="BJNR159500014BJNE000400000"><metadaten><jurabk>AELV 2015</jurabk><enbez>Schlussformel</enbez></metadaten><textdaten><text format="XML"><Content><P>Der Bundesrat hat zugestimmt.</P></Content></text></textdaten></norm>
<norm builddate="20141027221015" doknr="BJNR159500014BJNE000500000"><metadaten><jurabk>AELV 2015</jurabk><enbez>Anlage 1</enbez><titel format="XML">(zu § 1 Absatz 2 Satz 1 Nummer 1)</titel></metadaten><textdaten><text format="XML"><Content><P><noindex><kommentar typ="Fundstelle">(Fundstelle: BGBl. I 2014, 1597)</kommentar></noindex></P><BR/><table colsep="0" frame="none" pgwide="1" rowsep="0" tocentry="%yes;"><tgroup align="left" char="" charoff="50" cols="2"><colspec align="center" colname="col1" colnum="1" colwidth="50*"/><colspec align="center" colname="col2" colnum="2" colwidth="50*"/><thead valign="bottom"><row rowsep="1" valign="middle"><entry VJ="1" align="center" colname="col1">Wirtschaftswert<BR/> in DM</entry><entry VJ="1" align="center" colname="col2">Beziehungswert<BR/></entry></row></thead><tbody valign="top"><row><entry VJ="1" colname="col1">  bis 25 000</entry><entry VJ="1" align="center">1,1166</entry></row><row><entry VJ="1" align="center">26 000</entry><entry VJ="1" align="center">1,1097</entry></row><row><entry VJ="1" align="center">27 000</entry><entry VJ="1" align="center">1,1019</entry></row><row><entry VJ="1" align="center">28 000</entry><entry VJ="1" align="center">1,0936</entry></row><row><entry VJ="1" align="center">29 000</entry><entry VJ="1" align="center">1,0847</entry></row><row><entry VJ="1" align="center">30 000</entry><entry VJ="1" align="center">1,0755</entry></row><row><entry VJ="1" align="center">31 000</entry><entry VJ="1" align="center">1,0660</entry></row><row><entry VJ="1" align="center">32 000</entry><entry VJ="1" align="center">1,0564</entry></row><row><entry VJ="1" align="center">33 000</entry><entry VJ="1" align="center">1,0466</entry></row><row><entry VJ="1" align="center">34 000</entry><entry VJ="1" align="center">1,0368</entry></row><row><entry VJ="1" align="center">35 000</entry><entry VJ="1" align="center">1,0269</entry></row><row><entry VJ="1" align="center">36 000</entry><entry VJ="1" align="center">1,0171</entry></row><row><entry VJ="1" align="center">37 000</entry><entry VJ="1" align="center">1,0072</entry></row><row><entry VJ="1" align="center">38 000</entry><entry VJ="1" align="center">0,9975</entry></row></tbody></tgroup></table></Content></text></textdaten></norm>
<norm builddate="20141027221015" doknr="BJNR159500014BJNE000600000"><metadaten><jurabk>AELV 2015</jurabk><enbez>Anlage 2</enbez><titel format="XML">(zu § 1 Absatz 2 Satz 1 Nummer 2)</titel></metadaten><textdaten><text format="XML"><Content><P><noindex><kommentar typ="Fundstelle">(Fundstelle: BGBl. I 2014, 1597)</kommentar></noindex></P><BR/><table colsep="0" frame="none" pgwide="1" rowsep="0" tocentry="%yes;"><tgroup align="left" char="" charoff="50" cols="2"><colspec align="center" colname="col1" colnum="1" colwidth="50*"/><colspec align="center" colname="col2" colnum="2" colwidth="50*"/><thead valign="bottom"><row rowsep="1" valign="middle"><entry VJ="1" colname="col1">Wirtschaftswert<BR/> in DM</entry><entry VJ="1" colname="col2">Beziehungswert<BR/></entry></row></thead><tbody valign="top"><row><entry VJ="1" colname="col1">  bis 25 000</entry><entry VJ="1" colname="col2">0,6272</entry></row><row><entry VJ="1" align="center">26 000</entry><entry VJ="1" align="center">0,6438</entry></row><row><entry VJ="1" align="center">27 000</entry><entry VJ="1" align="center">0,6577</entry></row><row><entry VJ="1" align="center">28 000</entry><entry VJ="1" align="center">0,6693</entry></row><row><entry VJ="1" align="center">29 000</entry><entry VJ="1" align="center">0,6789</entry></row><row><entry VJ="1" align="center">30 000</entry><entry VJ="1" align="center">0,6868</entry></row><row><entry VJ="1" align="center">31 000</entry><entry VJ="1" align="center">0,6933</entry></row><row><entry VJ="1" align="center">32 000</entry><entry VJ="1" align="center">0,6984</entry></row><row><entry VJ="1" align="center">33 000</entry><entry VJ="1" align="center">0,7025</entry></row><row><entry VJ="1" align="center">34 000</entry><entry VJ="1" align="center">0,7055</entry></row><row><entry VJ="1" align="center">35 000</entry><entry VJ="1" align="center">0,7077</entry></row><row><entry VJ="1" align="center">36 000</entry><entry VJ="1" align="center">0,7092</entry></row><row><entry VJ="1" align="center">37 000</entry><entry VJ="1" align="center">0,7101</entry></row><row><entry VJ="1" align="center">38 000</entry><entry VJ="1" align="center">0,7103</entry></row></tbody></tgroup></table></Content></text></textdaten></norm>
<norm builddate="20141027221015" doknr="BJNR159500014BJNE000700000"><metadaten><jurabk>AELV 2015</jurabk><enbez>Anlage 3</enbez><titel format="XML">(zu § 1 Absatz 3 Satz 1 Nummer 1)</titel></metadaten><textdaten><text format="XML"><Content><P><noindex><kommentar typ="Fundstelle">(Fundstelle: BGBl. I 2014, 1598)</kommentar></noindex></P><BR/><table colsep="0" frame="none" pgwide="1" rowsep="0" tocentry="%yes;"><tgroup align="left" char="" charoff="50" cols="2"><colspec align="center" colname="col1" colnum="1" colwidth="50*"/><colspec align="center" colname="col2" colnum="2" colwidth="50*"/><thead valign="bottom"><row rowsep="1" valign="middle"><entry VJ="1" colname="col1">Wirtschaftswert<BR/> in DM</entry><entry VJ="1" colname="col2">Beziehungswert<BR/></entry></row></thead><tbody valign="top"><row><entry VJ="1" colname="col1"> 38 000</entry><entry VJ="1" colname="col2">0,9975</entry></row><row><entry VJ="1" colname="col1">100 000</entry><entry VJ="1" colname="col2">0,6099</entry></row><row><entry VJ="1" colname="col1">150 000</entry><entry VJ="1" colname="col2">0,4711</entry></row><row><entry VJ="1" colname="col1">200 000</entry><entry VJ="1" colname="col2">0,3876</entry></row><row><entry VJ="1" colname="col1">250 000</entry><entry VJ="1" colname="col2">0,3314</entry></row><row><entry VJ="1" colname="col1">300 000</entry><entry VJ="1" colname="col2">0,2907</entry></row><row><entry VJ="1" colname="col1">350 000</entry><entry VJ="1" colname="col2">0,2596</entry></row><row><entry VJ="1" colname="col1">400 000</entry><entry VJ="1" colname="col2">0,2351</entry></row><row><entry VJ="1" colname="col1">450 000</entry><entry VJ="1" colname="col2">0,2153</entry></row><row><entry VJ="1" colname="col1">500 000</entry><entry VJ="1" colname="col2">0,1987</entry></row></tbody></tgroup></table></Content></text></textdaten></norm>
<norm builddate="20141027221015" doknr="BJNR159500014BJNE000800000"><metadaten><jurabk>AELV 2015</jurabk><enbez>Anlage 4</enbez><titel format="XML">(zu § 1 Absatz 3 Satz 1 Nummer 2)</titel></metadaten><textdaten><text format="XML"><Content><P><noindex><kommentar typ="Fundstelle">(Fundstelle: BGBl. I 2014, 1598)</kommentar></noindex></P><BR/><table colsep="0" frame="none" pgwide="1" rowsep="0" tocentry="%yes;"><tgroup align="left" char="" charoff="50" cols="2"><colspec align="center" colname="col1" colnum="1" colwidth="50*"/><colspec align="center" colname="col2" colnum="2" colwidth="50*"/><thead valign="bottom"><row rowsep="1" valign="middle"><entry VJ="1" colname="col1">Wirtschaftswert<BR/> in DM</entry><entry VJ="1" colname="col2">Beziehungswert<BR/></entry></row></thead><tbody valign="top"><row><entry VJ="1" colname="col1">  38 000</entry><entry VJ="1" colname="col2">0,7103</entry></row><row><entry VJ="1" colname="col1">100 000</entry><entry VJ="1" colname="col2">0,5314</entry></row><row><entry VJ="1" colname="col1">150 000</entry><entry VJ="1" colname="col2">0,4273</entry></row><row><entry VJ="1" colname="col1">200 000</entry><entry VJ="1" colname="col2">0,3593</entry></row><row><entry VJ="1" colname="col1">250 000</entry><entry VJ="1" colname="col2">0,3116</entry></row><row><entry VJ="1" colname="col1">300 000</entry><entry VJ="1" colname="col2">0,2761</entry></row><row><entry VJ="1" colname="col1">350 000</entry><entry VJ="1" colname="col2">0,2485</entry></row><row><entry VJ="1" colname="col1">400 000</entry><entry VJ="1" colname="col2">0,2265</entry></row><row><entry VJ="1" colname="col1">450 000</entry><entry VJ="1" colname="col2">0,2084</entry></row><row><entry VJ="1" colname="col1">500 000</entry><entry VJ="1" colname="col2">0,1933</entry></row></tbody></tgroup></table></Content></text></textdaten></norm>
</dokumente>