<?xml version="1.0" encoding="UTF-8" ?><!DOCTYPE dokumente SYSTEM "http://www.gesetze-im-internet.de/dtd/1.01/gii-norm.dtd">
<dokumente builddate="20130405132100" doknr="BJNR209100992"><norm builddate="20130405132100" doknr="BJNR209100992"><metadaten><jurabk>RIASKomVorRV</jurabk><ausfertigung-datum manuell="ja">1992-09-01</ausfertigung-datum><fundstelle typ="amtlich"><periodikum>BGBl II</periodikum><zitstelle>1992, 910</zitstelle></fundstelle><langue>Verordnung über die Gewährung von Vorrechten und Befreiungen an die RIAS
BERLIN-Kommission</langue></metadaten><textdaten><text format="XML"><Content><P/></Content></text><fussnoten><Content><P>(+++ Textnachweis ab: 13. 9.1992 +++)</P></Content></fussnoten></textdaten></norm>
<norm builddate="20130405132100" doknr="BJNR209100992BJNE000100314"><metadaten><jurabk>RIASKomVorRV</jurabk><enbez>Eingangsformel</enbez></metadaten><textdaten><text format="XML"><Content><P>Auf Grund des Artikels 3 des Gesetzes vom 22. Juni 1954 über den Beitritt der Bundesrepublik Deutschland zum Abkommen über die Vorrechte und Befreiungen der Sonderorganisationen der Vereinten Nationen vom 21. November 1947 und über die Gewährung von Vorrechten und Befreiungen an andere zwischenstaatliche Organisationen (BGBl. 1954 II S. 639), der durch das Gesetz vom 16. August 1980 (BGBl. 1980 II S. 941) neu gefaßt wurde, verordnet die Bundesregierung:</P></Content></text></textdaten></norm>
<norm builddate="20130405132100" doknr="BJNR209100992BJNE000200314"><metadaten><jurabk>RIASKomVorRV</jurabk><enbez>Art 1</enbez></metadaten><textdaten><text format="XML"><Content><P>Die Bestimmungen der Artikel II § 3 und Artikel III § 4, soweit nicht die Arbeitsgerichtsbarkeit für die Beschäftigten der Kommission in der Bundesrepublik Deutschland berührt wird, § 7 Buchstabe a und § 9 Buchstabe a des Abkommens über die Vorrechte und Befreiungen der Sonderorganisationen der Vereinten Nationen vom 21. November 1947 (BGBl. 1954 II S. 639) finden sinngemäß auf die RIAS BERLIN-Kommission Anwendung.</P></Content></text></textdaten></norm>
<norm builddate="20130405132100" doknr="BJNR209100992BJNE000300314"><metadaten><jurabk>RIASKomVorRV</jurabk><enbez>Art 2</enbez></metadaten><textdaten><text format="XML"><Content><P>Die Bundesrepublik Deutschland gewährt im Rahmen ihrer jeweils geltenden Gesetze und der Rechtsvorschriften der Europäischen Gemeinschaften der Kommission Befreiung von Zöllen und Abgaben auf <DL Font="normal" Type="arabic"><DT>a)</DT><DD Font="normal"><LA Size="normal">einzuführende Ausstattungsgegenstände und Arbeitsmittel einschließlich Kraftfahrzeuge für die Tätigkeit der Kommission und</LA></DD> <DT>b)</DT><DD Font="normal"><LA Size="normal">einzuführendes persönliches Umzugsgut einschließlich Kraftfahrzeuge von amerikanischen Staatsbürgern, die anläßlich ihrer Ernennung zu Mitgliedern oder ihrer Berufung gemäß Artikel 5 Buchstabe b des Regierungsabkommens zu Mitarbeitern der Kommission ihren Wohnsitz in die Bundesrepublik Deutschland verlegen, sowie deren im Haushalt lebenden Familienangehörigen.</LA></DD> </DL></P></Content></text></textdaten></norm>
<norm builddate="20130405132100" doknr="BJNR209100992BJNE000400314"><metadaten><jurabk>RIASKomVorRV</jurabk><enbez>Art 3</enbez></metadaten><textdaten><text format="XML"><Content><P>Diese Verordnung tritt am Tage nach ihrer Verkündung in Kraft.</P></Content></text></textdaten></norm>
<norm builddate="20130405132100" doknr="BJNR209100992BJNE000500314"><metadaten><jurabk>RIASKomVorRV</jurabk><enbez>Schlußformel</enbez></metadaten><textdaten><text format="XML"><Content><P>Der Bundesrat hat zugestimmt.</P></Content></text></textdaten></norm>
</dokumente>